fetched_at,place_name,AREA_NM,AREA_CD,_key_used,STAT_NM,STAT_ID,STAT_ADDR,STAT_X,STAT_Y,STAT_USETIME,STAT_PARKPAY,STAT_LIMITYN,STAT_LIMITDETAIL,STAT_KINDDETAIL
2026-06-26T01:57:24.205462+09:00,광화문·덕수궁,광화문·덕수궁,POI009,KEY_2,경복궁주차장,CV002874,서울특별시 종로구 사직로 161,126.97872741,37.577568439,06:00 ~ 23:00,N,N,,관광지
2026-06-26T01:57:24.205462+09:00,광화문·덕수궁,광화문·덕수궁,POI009,KEY_2,서울도시기반시설본부,CV000259,서울특별시 중구 청계천로 8,126.978292,37.5688401,07:00~19:00,N,N,,공공기관
2026-06-26T01:57:24.205462+09:00,광화문·덕수궁,광화문·덕수궁,POI009,KEY_2,서울신문사 급속충전소,EP210068,서울특별시 중구 세종대로 124,126.9778737,37.5674199,24시간 이용가능,Y,N,시설 상황에 따라 이용이 제한될 수 있음,사업장(사옥)
2026-06-26T01:57:24.205462+09:00,광화문·덕수궁,광화문·덕수궁,POI009,KEY_2,서울종로 세종로공영주차장1,EV003446,서울특별시 종로구 세종대로 지하189,126.9759148,37.5733741,24시간 이용가능,N,N,,공영주차장
2026-06-26T01:57:24.205462+09:00,광화문·덕수궁,광화문·덕수궁,POI009,KEY_2,서울종로 세종로공영주차장2,EV011538,서울특별시 종로구 세종대로 지하189,126.9759604,37.5734304,24시간 이용가능,Y,N,,공영주차장
2026-06-26T01:57:24.205462+09:00,광화문·덕수궁,광화문·덕수궁,POI009,KEY_2,서울종로 세종로공영주차장3,EV011521,서울특별시 종로구 세종대로 지하189,126.9763862,37.5738605,24시간 이용가능,Y,N,,공영주차장
2026-06-26T01:57:24.205462+09:00,광화문·덕수궁,광화문·덕수궁,POI009,KEY_2,서울종로 세종로공영주차장4,EV011522,서울특별시 종로구 세종대로 지하189,126.976307,37.5737276,24시간 이용가능,Y,N,,공영주차장
2026-06-26T01:57:24.205462+09:00,광화문·덕수궁,광화문·덕수궁,POI009,KEY_2,서울종로 세종로공영주차장5,EV011523,서울특별시 종로구 세종대로 지하189,126.9763099,37.5734911,24시간 이용가능,Y,N,,공영주차장
2026-06-26T01:57:24.205462+09:00,광화문·덕수궁,광화문·덕수궁,POI009,KEY_2,서울종로 세종로공영주차장6,EV011524,서울특별시 종로구 세종대로 지하189,126.9762505,37.5733447,24시간 이용가능,Y,N,,공영주차장
2026-06-26T01:57:24.205462+09:00,광화문·덕수궁,광화문·덕수궁,POI009,KEY_2,워터 서울 광화문,BE111108,서울특별시 종로구 종로1길 50,126.978913,37.574641,24시간 이용가능,N,N,,기타
2026-06-26T01:57:24.205462+09:00,광화문·덕수궁,광화문·덕수궁,POI009,KEY_2,종로 동아일보미디어센터,EP240036,서울특별시 종로구 청계천로 1,126.9780203,37.5695464,24시간 이용가능,Y,N,시설 상황에 따라 이용이 제한될 수 있음,기타
2026-06-26T01:57:24.205462+09:00,광화문·덕수궁,광화문·덕수궁,POI009,KEY_2,한국무역보험공사 종로,BNAB0301,서울특별시 종로구 종로 14,126.978871,37.569774,19:00~22:00,N,N,시설 상황에 따라 이용이 제한될 수 있음,기타
2026-06-26T01:57:24.205462+09:00,광화문·덕수궁,광화문·덕수궁,POI009,KEY_2,한국프레스센터,EC110009,서울특별시 중구 세종대로 124,126.9778737,37.5674199,24시간 이용가능,Y,N,,공공기관
2026-06-26T01:57:24.205462+09:00,창덕궁·종묘,창덕궁·종묘,POI012,KEY_1,서울시 종묘공영주차장(급속),EV003444,서울특별시 종로구 종로 157,126.9948635,37.5731335,24시간 이용가능,N,N,,공영주차장
2026-06-26T01:57:24.205462+09:00,창덕궁·종묘,창덕궁·종묘,POI012,KEY_1,서울종로 인의빌딩,EV008451,서울특별시 종로구 창경궁로 112-7,126.9980775,37.5725688,24시간 이용가능,Y,N,외부인 출입불가,아파트
2026-06-26T01:57:24.205462+09:00,창덕궁·종묘,창덕궁·종묘,POI012,KEY_1,서울하나손해보험빌딩,AM900049,서울특별시 종로구 창경궁로 117,126.9970973,37.57280393,24시간 이용가능,N,N,,일반주차장
2026-06-26T01:57:24.205462+09:00,창덕궁·종묘,창덕궁·종묘,POI012,KEY_1,종묘공영주차장,CV001050,서울특별시 종로구 종로 157,126.995828,37.5709841,24시간 이용가능,N,N,,공영주차장
2026-06-26T01:57:24.205462+09:00,동대문 관광특구,동대문 관광특구,POI002,KEY_3,서울시 동대문공영주차장(급속),EV003445,서울특별시 중구 마장로 22,127.01211146,37.567265557,24시간 이용가능,N,N,,공영주차장
2026-06-26T01:57:24.205462+09:00,동대문 관광특구,동대문 관광특구,POI002,KEY_3,중구 중구구민회관 부설주차장,BNBN0270,"서울특별시 중구 을지로39길 40 (을지로6가, 구민회관)",127.0060501,37.5684795,0000~0000,N,N,시설 상황에 따라 이용이 제한될 수 있음,사업장(사옥)
2026-06-26T01:57:24.205462+09:00,명동 관광특구,명동 관광특구,POI003,KEY_4,SK텔레콤 T-타워B3,EV003214,서울특별시 중구 을지로 65,126.98546919,37.566627019,24시간 이용가능/소유주제한에따름,N,N,외부인 사용불가,사업장(사옥)
2026-06-26T01:57:24.205462+09:00,명동 관광특구,명동 관광특구,POI003,KEY_4,SK텔레콤 T-타워B4,EV003215,서울특별시 중구 을지로 65,126.98544659,37.566473847,24시간 이용가능/소유주제한에따름,N,N,외부인 사용불가,사업장(사옥)
2026-06-26T01:57:24.205462+09:00,명동 관광특구,명동 관광특구,POI003,KEY_4,SK텔레콤 T-타워B5,EV003216,서울특별시 중구 을지로 65,126.98543530,37.566325181,24시간 이용가능/소유주제한에따름,N,N,외부인 사용불가,사업장(사옥)
2026-06-26T01:57:24.205462+09:00,명동 관광특구,명동 관광특구,POI003,KEY_4,SK텔레콤 T-타워B5,EV003216,서울특별시 중구 을지로 65,126.98543530,37.566325181,24시간 이용가능/소유주제한에따름,N,Y,외부인 사용불가,사업장(사옥)
2026-06-26T01:57:24.205462+09:00,명동 관광특구,명동 관광특구,POI003,KEY_4,삼익패션타운,EC004819,서울특별시 중구 남대문시장8길 7,126.9788327,37.5601443,24시간 이용가능,Y,N,,사업장(사옥)
2026-06-26T01:57:24.205462+09:00,명동 관광특구,명동 관광특구,POI003,KEY_4,서울도시기반시설본부,CV000259,서울특별시 중구 청계천로 8,126.978292,37.5688401,07:00~19:00,N,N,,공공기관
2026-06-26T01:57:24.205462+09:00,명동 관광특구,명동 관광특구,POI003,KEY_4,서울신문사 급속충전소,EP210068,서울특별시 중구 세종대로 124,126.9778737,37.5674199,24시간 이용가능,Y,N,시설 상황에 따라 이용이 제한될 수 있음,사업장(사옥)
2026-06-26T01:57:24.205462+09:00,명동 관광특구,명동 관광특구,POI003,KEY_4,서울중앙우체국청사,EC004965,서울특별시 중구 소공로 70,126.982169,37.5615987,24시간 이용가능,Y,N,,공공기관
2026-06-26T01:57:24.205462+09:00,명동 관광특구,명동 관광특구,POI003,KEY_4,페럼타워,CV003940,서울특별시 중구 을지로5길 19,126.984149,37.566935,05:00 ~ 24:00,N,N,,사업장(사옥)
2026-06-26T01:57:24.205462+09:00,명동 관광특구,명동 관광특구,POI003,KEY_4,포르쉐 HPC 데스티네이션 서울 웨스틴 조선 호텔 지상1층,CV000888,서울특별시 중구 소공로 106,126.980205,37.564463,09:00~18:00,Y,N,,숙박시설
2026-06-26T01:57:24.205462+09:00,명동 관광특구,명동 관광특구,POI003,KEY_4,포르쉐 HPC 데스티네이션 서울 웨스틴 조선 호텔 지하4층,CV002057,서울특별시 중구 소공로 106,126.980135,37.5648873,09:00~18:00,Y,N,,서비스센터
2026-06-26T01:57:24.205462+09:00,명동 관광특구,명동 관광특구,POI003,KEY_4,하나은행 명동사옥 (급속),EP210350,서울특별시 중구 을지로 66,126.9850107,37.5651546,24시간 이용가능,N,N,시설 상황에 따라 이용이 제한될 수 있음,금융기관
2026-06-26T01:57:24.205462+09:00,명동 관광특구,명동 관광특구,POI003,KEY_4,하나은행 을지로본점 급속충전소,EP230196,"서울 중구 을지로 35 (을지로1가, (주)하나은행 본점)",126.9818658,37.5664918,24시간 이용가능,N,N,시설 상황에 따라 이용이 제한될 수 있음,금융기관
2026-06-26T01:57:24.205462+09:00,명동 관광특구,명동 관광특구,POI003,KEY_4,한국프레스센터,EC110009,서울특별시 중구 세종대로 124,126.9778737,37.5674199,24시간 이용가능,Y,N,,공공기관
2026-06-26T01:57:24.205462+09:00,잠실 관광특구,잠실 관광특구,POI005,KEY_2,서울송파 신동아로쟌뷰,EV005690,서울특별시 송파구 석촌호수로 188,127.0980153,37.50623,24시간 이용가능,N,N,"외부인 사용불가, 주차비유료",아파트
2026-06-26T01:57:24.205462+09:00,잠실 관광특구,잠실 관광특구,POI005,KEY_2,서울송파 한성백제박물관(급속),EV008986,서울특별시 송파구 위례성대로 71,127.1208007,37.5154287,09:00~22:00만 이용가능,N,N,09:00~22:00만 이용가능,박물관
2026-06-26T01:57:24.205462+09:00,잠실 관광특구,잠실 관광특구,POI005,KEY_2,서울송파 한성백제박물관(완속),EV008987,서울특별시 송파구 위례성대로 71,127.1199196,37.5155051,09:00~22:00만 이용가능,N,N,09:00~22:00만 이용가능,박물관
2026-06-26T01:57:24.205462+09:00,잠실 관광특구,잠실 관광특구,POI005,KEY_2,서울시 잠실역공영주차장(급속),EV003440,서울특별시 송파구 올림픽로 지하 265,127.1018579,37.5138593,24시간 이용가능,N,N,,공영주차장
2026-06-26T01:57:24.205462+09:00,잠실 관광특구,잠실 관광특구,POI005,KEY_2,서울올림픽공원 남2문주차장,ME19X403,서울특별시 송파구 올림픽로,127.123837,37.514973,24시간 이용가능,Y,N,,공원
2026-06-26T01:57:24.205462+09:00,잠실 관광특구,잠실 관광특구,POI005,KEY_2,석촌호수효성해링턴타워,DL000014,서울특별시 송파구 석촌호수로 210,127.1003,37.50656,24시간 이용가능,N,N,,오피스텔
2026-06-26T01:57:24.205462+09:00,잠실 관광특구,잠실 관광특구,POI005,KEY_2,올림픽공원,ME19A152,서울특별시 송파구 올림픽로 424,127.115847,37.5171577,24시간 이용가능,N,N,,공원
2026-06-26T01:57:24.205462+09:00,잠실 관광특구,잠실 관광특구,POI005,KEY_2,잠실엘퍼스트오피스텔,CA000106,서울특별시 송파구 백제고분로51길 7,127.11466980,37.515822625,24시간 이용가능,N,Y,거주자 외 출입제한,오피스텔
2026-06-26T01:57:24.205462+09:00,잠실 관광특구,잠실 관광특구,POI005,KEY_2,효성올림픽카운티,DL000052,서울특별시 송파구 백제고분로 497,127.1146,37.5149,24시간 이용가능,Y,N,,아파트
2026-06-26T01:57:24.205462+09:00,종로·청계 관광특구,종로·청계 관광특구,POI006,KEY_3,종로 동아일보미디어센터,EP240036,서울특별시 종로구 청계천로 1,126.9780203,37.5695464,24시간 이용가능,Y,N,시설 상황에 따라 이용이 제한될 수 있음,기타
2026-06-26T01:57:24.205462+09:00,종로·청계 관광특구,종로·청계 관광특구,POI006,KEY_3,한국무역보험공사 종로,BNAB0301,서울특별시 종로구 종로 14,126.978871,37.569774,19:00~22:00,N,N,시설 상황에 따라 이용이 제한될 수 있음,기타
2026-06-26T01:57:24.205462+09:00,홍대 관광특구,홍대 관광특구,POI007,KEY_4,마포 동양한강트레벨오피스텔(B3F),CGA00022,서울특별시 마포구 양화로 56,126.9150619,37.5497514,24시간 이용가능,Y,Y,거주자외 출입제한,오피스텔
2026-06-26T01:57:24.205462+09:00,홍대 관광특구,홍대 관광특구,POI007,KEY_4,마포 메세나폴리스아파트,EV000122,서울특별시 마포구 양화로 45,126.913952,37.5515013,"24시간 이용가능,입주민만 사용가능 거주자외출입제한",Y,N,,아파트
2026-06-26T01:57:24.205462+09:00,홍대 관광특구,홍대 관광특구,POI007,KEY_4,서울마포 LC타워,EV006436,서울특별시 마포구 양화로 186,126.9258931,37.5576685,24시간 이용가능,N,N,외부인 사용불가,아파트
2026-06-26T01:57:24.205462+09:00,홍대 관광특구,홍대 관광특구,POI007,KEY_4,세아타워 지하4층 주차장-1,EC003240,서울특별시 마포구 양화로 45,126.91357,37.5501103,24시간 이용가능,N,N,,마트(쇼핑몰)
2026-06-26T01:57:24.205462+09:00,홍대 관광특구,홍대 관광특구,POI007,KEY_4,세아타워 지하4층 주차장-2,EC003241,서울특별시 마포구 양화로 45,126.9135587,37.5500697,24시간 이용가능,N,N,,마트(쇼핑몰)
2026-06-26T01:57:24.205462+09:00,홍대 관광특구,홍대 관광특구,POI007,KEY_4,영화진흥위원회,EP210306,서울특별시 마포구 와우산로 143,126.9289464,37.5542498,24시간 이용가능,Y,N,,사업장(사옥)
2026-06-26T01:57:24.205462+09:00,홍대 관광특구,홍대 관광특구,POI007,KEY_4,채비스테이 홍대,CV004090,서울특별시 마포구 양화로 85,126.917072,37.552269,24시간 이용가능,Y,N,,카페
2026-06-26T01:57:24.205462+09:00,광화문광장,광화문광장,POI088,KEY_4,서울종로 세종로공영주차장1,EV003446,서울특별시 종로구 세종대로 지하189,126.9759148,37.5733741,24시간 이용가능,N,N,,공영주차장
2026-06-26T01:57:24.205462+09:00,광화문광장,광화문광장,POI088,KEY_4,서울종로 세종로공영주차장2,EV011538,서울특별시 종로구 세종대로 지하189,126.9759604,37.5734304,24시간 이용가능,Y,N,,공영주차장
2026-06-26T01:57:24.205462+09:00,광화문광장,광화문광장,POI088,KEY_4,서울종로 세종로공영주차장3,EV011521,서울특별시 종로구 세종대로 지하189,126.9763862,37.5738605,24시간 이용가능,Y,N,,공영주차장
2026-06-26T01:57:24.205462+09:00,광화문광장,광화문광장,POI088,KEY_4,서울종로 세종로공영주차장4,EV011522,서울특별시 종로구 세종대로 지하189,126.976307,37.5737276,24시간 이용가능,Y,N,,공영주차장
2026-06-26T01:57:24.205462+09:00,광화문광장,광화문광장,POI088,KEY_4,서울종로 세종로공영주차장5,EV011523,서울특별시 종로구 세종대로 지하189,126.9763099,37.5734911,24시간 이용가능,Y,N,,공영주차장
2026-06-26T01:57:24.205462+09:00,광화문광장,광화문광장,POI088,KEY_4,서울종로 세종로공영주차장6,EV011524,서울특별시 종로구 세종대로 지하189,126.9762505,37.5733447,24시간 이용가능,Y,N,,공영주차장
2026-06-26T01:57:24.205462+09:00,남산공원,남산공원,POI091,KEY_3,국립극장,DO000048,서울특별시 중구 장충단로 59,127.000269,37.553619,24시간 이용가능,Y,N,,공연장
2026-06-26T01:57:24.205462+09:00,남산공원,남산공원,POI091,KEY_3,국립중앙극장-1,ME22D402,서울특별시 중구 장충단로59,127.0001305,37.5528698,부분개방(07:00~23:00),N,N,,공연장
2026-06-26T01:57:24.205462+09:00,남산공원,남산공원,POI091,KEY_3,국립중앙극장-2,ME22D134,서울특별시 중구 장충단로59,127.0001305,37.5528698,부분개방(07:00~23:00),N,N,,공연장
2026-06-26T01:57:24.205462+09:00,남산공원,남산공원,POI091,KEY_3,반얀트리클럽앤스파,CV001949,서울특별시 중구 장충단로 60,127.0006792,37.5503802,24시간 이용가능,N,Y,시설 사용자 외 이용이 제한될 수 있음,숙박시설
2026-06-26T01:57:24.205462+09:00,남산공원,남산공원,POI091,KEY_3,서울시 민생사법경찰단,EV011233,서울특별시 중구 삼일대로 231,126.9922176,37.5556326,24시간 이용가능,Y,N,외부인 사용불가,아파트
2026-06-26T01:57:24.205462+09:00,남산공원,남산공원,POI091,KEY_3,서울시 민생사법경찰단,EV011233,서울특별시 중구 삼일대로 231,126.9922176,37.5556326,24시간 이용가능,Y,Y,외부인 사용불가,아파트
2026-06-26T01:57:24.205462+09:00,남산공원,남산공원,POI091,KEY_3,서울중구 장충체육관,EV008991,서울특별시 중구 동호로 241,127.0066775,37.5586407,24시간 이용가능,N,N,외부인 사용불가,기타
2026-06-26T01:57:24.205462+09:00,북서울꿈의숲,북서울꿈의숲,POI096,KEY_1,서울강북 꿈의숲롯데캐슬1,EV008508,서울특별시 강북구 오현로 56,127.0364759,37.6184116,24시간 이용가능,Y,N,외부인 출입불가,아파트
2026-06-26T01:57:24.205462+09:00,북서울꿈의숲,북서울꿈의숲,POI096,KEY_1,서울강북 꿈의숲롯데캐슬1,EV008508,서울특별시 강북구 오현로 56,127.0364759,37.6184116,24시간 이용가능,Y,Y,외부인 출입불가,아파트
2026-06-26T01:57:24.205462+09:00,북서울꿈의숲,북서울꿈의숲,POI096,KEY_1,서울강북 북서울꿈의숲 동문 및 서문주차장(콘센트),EV010675,서울특별시 강북구 월계로 173,127.0443247,37.6202545,24시간 이용가능,N,N,외부인 사용불가,아파트
2026-06-26T01:57:24.205462+09:00,북서울꿈의숲,북서울꿈의숲,POI096,KEY_1,서울강북 북서울꿈의숲 동문 및 서문주차장(콘센트),EV010675,서울특별시 강북구 월계로 173,127.0443247,37.6202545,24시간 이용가능,N,N,"주차비 유료,외부인 사용불가",아파트
2026-06-26T01:57:24.205462+09:00,여의서로,여의서로,POI126,KEY_4,국회의사당,BT200001,서울특별시 영등포구 의사당대로 1,126.91641,37.53292,24시간 이용가능,Y,N,,기타
2026-06-26T01:57:24.205462+09:00,여의서로,여의서로,POI126,KEY_4,국회의사당 6문,ME22C802,서울특별시 영등포구 의사당대로 1,126.9174606,37.5326039,24시간 이용가능,Y,N,,공공기관
2026-06-26T01:57:24.205462+09:00,올림픽공원,올림픽공원,POI127,KEY_1,서울송파 한성백제박물관(급속),EV008986,서울특별시 송파구 위례성대로 71,127.1208007,37.5154287,09:00~22:00만 이용가능,N,N,09:00~22:00만 이용가능,박물관
2026-06-26T01:57:24.205462+09:00,올림픽공원,올림픽공원,POI127,KEY_1,서울송파 한성백제박물관(완속),EV008987,서울특별시 송파구 위례성대로 71,127.1199196,37.5155051,09:00~22:00만 이용가능,N,N,09:00~22:00만 이용가능,박물관
2026-06-26T01:57:24.205462+09:00,올림픽공원,올림픽공원,POI127,KEY_1,서울올림픽공원 남2문주차장,ME19X403,서울특별시 송파구 올림픽로,127.123837,37.514973,24시간 이용가능,Y,N,,공원
2026-06-26T01:57:24.205462+09:00,올림픽공원,올림픽공원,POI127,KEY_1,올림픽공원,ME19A152,서울특별시 송파구 올림픽로 424,127.115847,37.5171577,24시간 이용가능,N,N,,공원
2026-06-26T01:57:24.205462+09:00,월드컵공원,월드컵공원,POI106,KEY_2,서울마포 월드컵공원 난지삼거리주차장,EV010081,서울특별시 마포구 월드컵로 365,126.8873915,37.5711561,24시간 이용가능,Y,N,,공원주차장
2026-06-26T01:57:24.205462+09:00,월드컵공원,월드컵공원,POI106,KEY_2,서울마포 월드컵공원 난지중앙로,EV010080,서울특별시 마포구 월드컵로 243-60,126.8800727,37.5696851,24시간 이용가능,Y,N,,공영주차장
2026-06-26T01:57:24.205462+09:00,월드컵공원,월드컵공원,POI106,KEY_2,월드컵공원 주차장,CV004156,서울특별시 마포구 월드컵로 243-60,126.8987163,37.5635472,24시간 이용가능,N,N,,공원
2026-06-26T01:57:24.205462+09:00,응봉산,응봉산,POI107,KEY_3,서울성동 대림1차아파트 1,EV010331,서울특별시 성동구 독서당로62길 43,127.0335265,37.551901,24시간 이용가능,Y,N,,아파트
2026-06-26T01:57:24.205462+09:00,응봉산,응봉산,POI107,KEY_3,서울성동 대림1차아파트 2,EV010332,"서울특별시 성동구 독서당로62길 43(응봉동, 대림아파트)",127.0335265,37.5519010,24시간 이용가능,N,Y,외부인 사용불가,아파트
2026-06-26T01:57:24.205462+09:00,가락시장,가락시장,POI058,KEY_2,가락시장,ME19Y601,서울특별시 송파구 양재대로 932,127.113843,37.494161,24시간 이용가능,N,N,,마트(쇼핑몰)
2026-06-26T01:57:24.205462+09:00,가락시장,가락시장,POI058,KEY_2,롯데마트 송파점,ME174029,서울특별시 송파구 중대로 80,127.1178931,37.4918392,24시간 이용가능,N,N,,마트(쇼핑몰)
2026-06-26T01:57:24.205462+09:00,가로수길,가로수길,POI059,KEY_3,JB미소빌딩,CI0I0003,서울특별시 강남구 논현로 841,127.0277620,37.5240297,24시간 이용가능,Y,N,,기타
2026-06-26T01:57:24.205462+09:00,가로수길,가로수길,POI059,KEY_3,서울 광림교회,EP190075,서울특별시 강남구 논현로163길 33,127.0255799,37.5238944,24시간 이용가능/시설 상황에 따라 이용이 제한될 수 있습니다,Y,Y,시설 상황에 따라 이용이 제한될 수 있음,종교시설
2026-06-26T01:57:24.205462+09:00,가로수길,가로수길,POI059,KEY_3,신구초등학교 공영주차장,BT000131,서울특별시 강남구 압구정로18길 28,127.0241859,37.52311907,24시간 이용가능,N,N,,공영주차장
2026-06-26T01:57:24.205462+09:00,가로수길,가로수길,POI059,KEY_3,포르쉐 HPC데스티네이션 신사스퀘어,CV001669,서울특별시 강남구 강남대로 652,127.019063,37.519607,24시간 이용가능,N,N,,기타
2026-06-26T01:57:24.205462+09:00,김포공항,김포공항,POI061,KEY_1,김포공항 국내선 제1주차장,ME25A401,서울특별시 강서구 하늘길 111,126.8053109,37.5602639,24시간 이용가능,N,N,,공공기관
2026-06-26T01:57:24.205462+09:00,김포공항,김포공항,POI061,KEY_1,김포공항 국제선 주차빌딩,ME25A102,서울특별시 강서구 하늘길 지하77,126.8029563,37.5668056,24시간 이용가능,N,N,,공공기관
2026-06-26T01:57:24.205462+09:00,김포공항,김포공항,POI061,KEY_1,김포공항 항공지원센터,ME25A405,서울특별시 강서구 하늘길 70,126.7981126,37.5623941,24시간 이용가능,N,N,,공공기관
2026-06-26T01:57:24.205462+09:00,김포공항,김포공항,POI061,KEY_1,김포공항 항공지원센터 2,ME25A406,서울특별시 강서구 하늘길 70,126.7986383,37.5623039,24시간 이용가능,N,N,,공공기관
2026-06-26T01:57:24.205462+09:00,서촌,서촌,POI067,KEY_3,옥인공영주차장,CV004618,서울특별시 종로구 필운대로 83,126.967095,37.583155,24시간 이용가능,N,N,,공영주차장
2026-06-26T01:57:24.205462+09:00,서촌,서촌,POI067,KEY_3,인왕교통 버스차고지,CR000260,서울특별시 종로구 옥인동 181-10,126.963851,37.582101,24시간 이용가능,Y,N,버스전용,기타
2026-06-26T01:57:24.205462+09:00,서촌,서촌,POI067,KEY_3,종로구보건소,CV002634,"서울특별시 종로구 옥인동 45-30 종로구보건소, 청운효자동자치회관",126.9692391,37.581712,24시간 이용가능,Y,N,,보건소
2026-06-26T01:57:24.205462+09:00,성수카페거리,성수카페거리,POI068,KEY_4,성수 금호2차아파트,DL000036,서울특별시 성동구 연무장길 31-1,127.05314,37.543748,24시간 이용가능,Y,N,,아파트
2026-06-26T01:57:24.205462+09:00,성수카페거리,성수카페거리,POI068,KEY_4,성수드림빌드지식산업센터,AM900065,서울특별시 성동구 아차산로 132,127.0583489,37.54359489,24시간 이용가능,N,N,,일반주차장
2026-06-26T01:57:24.205462+09:00,송리단길·호수단길,송리단길·호수단길,POI121,KEY_1,서울송파 신동아로쟌뷰,EV005690,서울특별시 송파구 석촌호수로 188,127.0980153,37.50623,24시간 이용가능,N,N,"외부인 사용불가, 주차비유료",아파트
2026-06-26T01:57:24.205462+09:00,송리단길·호수단길,송리단길·호수단길,POI121,KEY_1,석촌호수효성해링턴타워,DL000014,서울특별시 송파구 석촌호수로 210,127.1003,37.50656,24시간 이용가능,N,N,,오피스텔
2026-06-26T01:57:24.205462+09:00,압구정로데오거리,압구정로데오거리,POI071,KEY_3,서울강남 대원칸타빌아파트 1,EV000923,"서울특별시 강남구 압구정로48길 15 (신사동, 압구정대원칸타빌아파트)",127.0370362,37.5273611,24시간 이용가능,Y,N,,아파트
2026-06-26T01:57:24.205462+09:00,압구정로데오거리,압구정로데오거리,POI071,KEY_3,서울강남 대원칸타빌아파트1(B1),EV005483,서울특별시 강남구 압구정로48길 15,127.037245,37.527529,24시간 이용가능,Y,N,외부인 사용불가,아파트
2026-06-26T01:57:24.205462+09:00,압구정로데오거리,압구정로데오거리,POI071,KEY_3,서울강남 대원칸타빌아파트1(B2),EV005484,서울특별시 강남구 압구정로48길 15,127.03727112,37.527656081,24시간 이용가능,Y,N,외부인 사용불가,아파트
2026-06-26T01:57:24.205462+09:00,압구정로데오거리,압구정로데오거리,POI071,KEY_3,한양조씨병참공파종회,EC003206,서울특별시 강남구 선릉로 823,127.0393426,37.5256356,24시간 이용가능,N,N,,기타
2026-06-26T01:57:24.205462+09:00,여의도,여의도,POI072,KEY_4,국회의사당 6문,ME22C802,서울특별시 영등포구 의사당대로 1,126.9174606,37.5326039,24시간 이용가능,Y,N,,공공기관
2026-06-26T01:57:24.205462+09:00,여의도,여의도,POI072,KEY_4,EV충전소 SK여의도주유소 (ev Most),EM000001,서울특별시 영등포구 의사당대로 154,126.927370,37.517737,07:00-22:00,Y,N,,주유소
2026-06-26T01:57:24.205462+09:00,여의도,여의도,POI072,KEY_4,교보증권 본사,CV004456,서울특별시 영등포구 의사당대로 97,126.924533,37.522753,09:00~18:00,N,Y,외부인 출입불가,사업장(사옥)
2026-06-26T01:57:24.205462+09:00,여의도,여의도,POI072,KEY_4,국회 서편 주차장,ME20A410,서울특별시 영등포구 여의도동 1,126.9127433,37.5318027,24시간 이용가능,Y,N,,공공기관
2026-06-26T01:57:24.205462+09:00,여의도,여의도,POI072,KEY_4,국회 헌정기념관 주차장,ME20A411,서울특별시 영등포구 여의도동 1,126.919483,37.53175,24시간 이용가능,Y,N,,공공기관
2026-06-26T01:57:24.205462+09:00,여의도,여의도,POI072,KEY_4,국회도서관,ME183103,"서울특별시 영등포구 의사당대로1, 국회도서관 앞",126.91764312,37.530302464,24시간 이용가능,Y,N,,공공기관
2026-06-26T01:57:24.205462+09:00,여의도,여의도,POI072,KEY_4,국회의사당,BT200001,서울특별시 영등포구 의사당대로 1,126.91641,37.53292,24시간 이용가능,Y,N,,기타
2026-06-26T01:57:24.205462+09:00,여의도,여의도,POI072,KEY_4,국회의원회관,ME183219,"서울특별시 영등포구 의사당대로1, 국회의원회관 주차장 우측",126.914480,37.528194,09:00 ~ 18:00,Y,N,,공공기관
2026-06-26T01:57:24.205462+09:00,여의도,여의도,POI072,KEY_4,드림리버오피스텔,EC110022,서울특별시 영등포구 은행로 54,126.9245374,37.5297624,24시간 이용가능,Y,Y,거주자외 출입제한,빌라
2026-06-26T01:57:24.205462+09:00,여의도,여의도,POI072,KEY_4,민주당사,CI0I0019,서울특별시 영등포구 국회대로68길 7,126.9195086,37.5294792,24시간 이용가능,Y,N,,기타
2026-06-26T01:57:24.205462+09:00,여의도,여의도,POI072,KEY_4,백상빌딩,CI0I000C,서울특별시 영등포구 국제금융로6길 30,126.9266154,37.5217254,24시간 이용가능,Y,N,,기타
2026-06-26T01:57:24.205462+09:00,여의도,여의도,POI072,KEY_4,삼천리 여의도 본사,EASCLYP1,서울특별시 영등포구 국제금융로6길 42,126.9255739,37.5209431,24시간 이용가능,N,N,시설 상황에 따라 이용이 제한될 수 있음,사업장(사옥)
2026-06-26T01:57:24.205462+09:00,여의도,여의도,POI072,KEY_4,서린빌딩(샬레코리아),CV000262,서울특별시 영등포구 여의대방로65길 17,126.929253,37.519683,24시간 이용가능,N,N,,사업장(사옥)
2026-06-26T01:57:24.205462+09:00,여의도,여의도,POI072,KEY_4,서울 영등포구 KBS 별관,BNBN0037,서울특별시 영등포구 여의대방로 359,126.929118,37.518669,부분 비개방,N,N,시설 상황에 따란 이용이 제한될 수 있음,기타
2026-06-26T01:57:24.205462+09:00,여의도,여의도,POI072,KEY_4,서울 영등포구 KBS 연구동,BNBN0543,서울특별시 영등포구 국회대로62길 4,126.91495,37.526994,비개방,N,N,시설 상황에 따라 이용이 제한될 수 있음,공공기관
2026-06-26T01:57:24.205462+09:00,여의도,여의도,POI072,KEY_4,서울영등포 여의도국민일보,EV005357,서울특별시 영등포구 여의공원로 101,126.9248927,37.529272,24시간 이용가능,Y,N,외부인 사용불가,사업장(사옥)
2026-06-26T01:57:24.205462+09:00,여의도,여의도,POI072,KEY_4,서울영등포 여의도금호리첸시아오피스텔,EV011608,서울특별시 영등포구 여의동로 213,126.9396296,37.5185953,24시간 이용가능,Y,N,,오피스텔
2026-06-26T01:57:24.205462+09:00,여의도,여의도,POI072,KEY_4,세우빌딩,BPA00006,서울특별시 영등포구 여의공원로 115,126.92,37.53,05:00~00:00,N,Y,시설 상황에 따라 이용이 제한될 수 있음,기타
2026-06-26T01:57:24.205462+09:00,여의도,여의도,POI072,KEY_4,여의도 화랑아파트(야외주차장),CGA00026,서울특별시 영등포구 국제금융로7가길 21,126.9355606,37.5221532,24시간 이용가능,Y,Y,거주자외 출입제한,아파트
2026-06-26T01:57:24.205462+09:00,여의도,여의도,POI072,KEY_4,여의도SK증권빌딩,CV004354,서울특별시 영등포구 국제금융로8길 31,126.9281192,37.5194777,24시간 이용가능,N,N,,금융기관
2026-06-26T01:57:24.205462+09:00,여의도,여의도,POI072,KEY_4,여의도사학연금서울회관,CV002274,서울특별시 영등포구 의사당대로 96,126.92287700,37.521523000,24시간 이용가능,N,N,,사업장(사옥)
2026-06-26T01:57:24.205462+09:00,여의도,여의도,POI072,KEY_4,여의도순복음교회,CSCS1006,서울특별시 영등포구 은행로 55,126.914169,37.53049,24시간 이용가능,Y,N,,종교시설
2026-06-26T01:57:24.205462+09:00,여의도,여의도,POI072,KEY_4,이룸센터,ME25A109,서울특별시 영등포구 의사당대로 22 (여의도동),126.917833,37.5270608,24시간 이용가능,N,N,,공공기관
2026-06-26T01:57:24.205462+09:00,여의도,여의도,POI072,KEY_4,익스콘벤처타워,EC110040,서울특별시 영등포구 은행로 3,126.9196651,37.5275095,24시간 이용가능,Y,N,,사업장(사옥)
2026-06-26T01:57:24.205462+09:00,여의도,여의도,POI072,KEY_4,장미아파트,CV001272,서울특별시 영등포구 국제금융로7길 32,126.934486,37.523403,24시간 이용가능(입주민 외 이용제한 있을 수 있음),Y,Y,입주민 외 이용제한 있을 수 있음,아파트
2026-06-26T01:57:24.205462+09:00,여의도,여의도,POI072,KEY_4,한국수출입은행,CSCS1051,서울특별시 영등포구 은행로 38,126.923399,37.528637,24시간 이용가능,Y,N,.,오피스텔
2026-06-26T01:57:24.205462+09:00,여의도,여의도,POI072,KEY_4,한국증권금융 본사,CV004487,서울특별시 영등포구 국제금융로8길 10,126.929336,37.52165,외부인 이용불가,Y,Y,외부인이 전기차 충전목적만으로 출입할 수 없습니다,금융기관
2026-06-26T01:57:24.205462+09:00,여의도,여의도,POI072,KEY_4,행진빌딩,CI0I0005,서울특별시 영등포구 국제금융로 106,126.9333119,37.5190524,24시간 이용가능,Y,N,,기타
2026-06-26T01:57:24.205462+09:00,영등포 타임스퀘어,영등포 타임스퀘어,POI074,KEY_2,영등포 점프밀라노(B4F),CGA00094,서울특별시 영등포구 영중로 28,126.9058681,37.5188593,24시간 이용가능,N,N,,오피스텔
2026-06-26T01:57:24.205462+09:00,영등포 타임스퀘어,영등포 타임스퀘어,POI074,KEY_2,영등포 제3공영주차장,DO000015,서울특별시 영등포구 문래로 196,126.902438,37.517949,24시간 이용가능,N,N,,공영주차장
2026-06-26T01:57:24.205462+09:00,영등포 타임스퀘어,영등포 타임스퀘어,POI074,KEY_2,영등포구 영등포제3공영주차장,BNBN0328,"서울특별시 영등포구 문래로 196 (영등포동4가, 영등포구 관광정보센터)",126.9041419,37.5170070,0000~0000,N,N,시설 상황에 따라 이용이 제한될 수 있음,사업장(사옥)
2026-06-26T01:57:24.205462+09:00,인사동,인사동,POI078,KEY_2,서울종로 운현궁SK허브,EV008539,서울특별시 종로구 삼일대로 461,126.985829,37.5755955,24시간 이용가능,N,N,외부인 사용불가,아파트
2026-06-26T01:57:24.205462+09:00,인사동,인사동,POI078,KEY_2,태화빌딩,ME174039,서울특별시 종로구 인사동5길 29,126.9850443,37.5718148,24시간 이용가능,N,N,,사업장(사옥)
2026-06-26T01:57:24.205462+09:00,잠실롯데타워·석촌호수,잠실롯데타워·석촌호수,POI120,KEY_3,서울송파 신동아로쟌뷰,EV005690,서울특별시 송파구 석촌호수로 188,127.0980153,37.50623,24시간 이용가능,N,N,"외부인 사용불가, 주차비유료",아파트
2026-06-26T01:57:24.205462+09:00,잠실롯데타워·석촌호수,잠실롯데타워·석촌호수,POI120,KEY_3,서울시 잠실역공영주차장(급속),EV003440,서울특별시 송파구 올림픽로 지하 265,127.1018579,37.5138593,24시간 이용가능,N,N,,공영주차장
2026-06-26T01:57:24.205462+09:00,잠실롯데타워·석촌호수,잠실롯데타워·석촌호수,POI120,KEY_3,석촌호수효성해링턴타워,DL000014,서울특별시 송파구 석촌호수로 210,127.1003,37.50656,24시간 이용가능,N,N,,오피스텔
2026-06-26T01:57:24.205462+09:00,잠실롯데타워·석촌호수,잠실롯데타워·석촌호수,POI120,KEY_3,올림픽공원,ME19A152,서울특별시 송파구 올림픽로 424,127.115847,37.5171577,24시간 이용가능,N,N,,공원
2026-06-26T01:57:24.205462+09:00,잠실롯데타워·석촌호수,잠실롯데타워·석촌호수,POI120,KEY_3,잠실엘퍼스트오피스텔,CA000106,서울특별시 송파구 백제고분로51길 7,127.11466980,37.515822625,24시간 이용가능,N,Y,거주자 외 출입제한,오피스텔
2026-06-26T01:57:24.205462+09:00,잠실롯데타워·석촌호수,잠실롯데타워·석촌호수,POI120,KEY_3,효성올림픽카운티,DL000052,서울특별시 송파구 백제고분로 497,127.1146,37.5149,24시간 이용가능,Y,N,,아파트
2026-06-26T01:57:24.205462+09:00,창동 신경제 중심지,창동 신경제 중심지,POI079,KEY_4,(주)농협유통창동농산물종합,EP190009,서울특별시 도봉구 마들로11길 20,127.0518028,37.6550378,24시간 이용가능,Y,Y,시설 상황에 따라 이용이 제한될 수 있음,마트(쇼핑몰)
2026-06-26T01:57:24.205462+09:00,창동 신경제 중심지,창동 신경제 중심지,POI079,KEY_4,도봉어르신문화센터,CV001170,서울특별시 도봉구 마들로 536,127.0508762,37.6600934,24시간 이용가능,Y,N,,지자체시설
2026-06-26T01:57:24.205462+09:00,창동 신경제 중심지,창동 신경제 중심지,POI079,KEY_4,서울교통공사 창동차량기지,CGA00082,서울특별시 노원구 노원로 573,127.05400285,37.660291354,24시간 이용가능,Y,Y,임직원 외 출입제한,공공기관
2026-06-26T01:57:24.205462+09:00,창동 신경제 중심지,창동 신경제 중심지,POI079,KEY_4,서울도봉 창동문화체육센터,EV008827,서울특별시 도봉구 노해로69길 132,127.0507053,37.6581174,24시간 이용가능,Y,N,외부인 출입불가,기타
2026-06-26T01:57:24.205462+09:00,창동 신경제 중심지,창동 신경제 중심지,POI079,KEY_4,서울도봉 창동씨드큐브,EV011669,서울특별시 도봉구 창동 1-28,127.0505214,37.6590213,24시간 이용가능,Y,N,,아파트
2026-06-26T01:57:24.205462+09:00,창동 신경제 중심지,창동 신경제 중심지,POI079,KEY_4,서울도봉 창동씨드큐브,EV011669,서울특별시 도봉구 창동 1-28,127.0505214,37.6590213,24시간 이용가능,Y,Y,외부인 사용불가,아파트
2026-06-26T01:57:24.205462+09:00,창동 신경제 중심지,창동 신경제 중심지,POI079,KEY_4,서울도봉 창동역공영주차장,EV008830,서울특별시 도봉구 노해로65길 17-6,127.0458688,37.6522498,24시간 이용가능,Y,N,,공영주차장
2026-06-26T01:57:24.205462+09:00,창동 신경제 중심지,창동 신경제 중심지,POI079,KEY_4,서울도봉 창동역동측주차장,EV008835,서울특별시 도봉구 마들로11길 74,127.0487373,37.6540776,24시간 이용가능,Y,N,,공영주차장
2026-06-26T01:57:24.205462+09:00,창동 신경제 중심지,창동 신경제 중심지,POI079,KEY_4,서울사진미술관,EP021000,서울특별시 도봉구 마들로13길 68,127.04894781,37.655515022,24시간 이용가능,Y,N,,전시관
2026-06-26T01:57:24.205462+09:00,창동 신경제 중심지,창동 신경제 중심지,POI079,KEY_4,서울시 창동문화체육센터(급속),EV003435,서울특별시 도봉구 노해로69길 132,127.0504457,37.658277,24시간 이용가능,N,N,,지자체시설
2026-06-26T01:57:24.205462+09:00,창동 신경제 중심지,창동 신경제 중심지,POI079,KEY_4,서울시 창동역서주차장(급속),EV003436,서울특별시 도봉구 노해로65길 17-6,127.0458688,37.6522498,24시간 이용가능,N,Y,시설 상황에 따라 이용이 제한될 수 있음,공영주차장
2026-06-26T01:57:24.205462+09:00,창동 신경제 중심지,창동 신경제 중심지,POI079,KEY_4,와우쇼핑,EBWOWSNW,서울특별시 노원구 노해로 507,127.0640219,37.6553322,09:00~20:00,Y,N,,마트(쇼핑몰)
2026-06-26T01:57:24.205462+09:00,창동 신경제 중심지,창동 신경제 중심지,POI079,KEY_4,용화여고,CU200035,서울특별시 노원구 동일로 1461,127.058376,37.6587686,24시간 이용가능,Y,N,,학교
2026-06-26T01:57:24.205462+09:00,창동 신경제 중심지,창동 신경제 중심지,POI079,KEY_4,한국전기안전공사 서울북부지사,CV000240,서울특별시 도봉구 노해로67길 14,127.0494501,37.652269,24시간 이용가능(시설이용자 외 이용제한 있을 수 있음),Y,N,,공공기관
2026-06-26T01:57:24.205462+09:00,창동 신경제 중심지,창동 신경제 중심지,POI079,KEY_4,화랑빌딩,CPCT0023,서울특별시 노원구 상계로 64,127.062278,37.655792,24시간 이용가능,Y,N,,기타
2026-06-26T01:57:24.205462+09:00,청량리 제기동 일대 전통시장,청량리 제기동 일대 전통시장,POI081,KEY_2,디자이너스호텔,CPCP1064,서울특별시 동대문구 왕산로 226,127.0477,37.5817,24시간 이용가능,Y,N,,기타
2026-06-26T01:57:24.205462+09:00,청량리 제기동 일대 전통시장,청량리 제기동 일대 전통시장,POI081,KEY_2,서울약령시 공영주차장,ME18B284,서울특별시 동대문구 약령중앙로 26,127.03715,37.58051,24시간 이용가능,N,N,,공영주차장
2026-06-26T01:57:24.205462+09:00,DMC(디지털미디어시티),DMC(디지털미디어시티),POI084,KEY_1,Park M (주차복합빌딩),ME19A246,서울특별시 마포구 매봉산로 80,126.8941079,37.5783444,24시간 이용가능,N,N,,일반주차장
2026-06-26T01:57:24.205462+09:00,DMC(디지털미디어시티),DMC(디지털미디어시티),POI084,KEY_1,마포 누리꿈스퀘어빌딩 급속충전소(스타코프),EP021300,"서울특별시 마포구 월드컵북로 396 (상암동, 누리꿈스퀘어)",126.8897829,37.579428342,24시간 이용가능,Y,N,,기타
2026-06-26T01:57:24.205462+09:00,DMC(디지털미디어시티),DMC(디지털미디어시티),POI084,KEY_1,마포 우리금융상암센터(B3F),CGA00059,서울특별시 마포구 월드컵북로60길 17,126.8859923,37.5833854,24시간 이용가능,Y,Y,임직원 외 출입제한,사업장(사옥)
2026-06-26T01:57:24.205462+09:00,DMC(디지털미디어시티),DMC(디지털미디어시티),POI084,KEY_1,마포구 상암1공영주차장,BNBN0843,서울특별시 마포구 성암로 197,126.8971993,37.5771432,~,N,N,시설 상황에 따라 이용이 제한될 수 있음,공영주차장
2026-06-26T01:57:24.205462+09:00,DMC(디지털미디어시티),DMC(디지털미디어시티),POI084,KEY_1,상암1 공영주차장,ME19A245,서울특별시 마포구 성암로 197,126.8973596,37.577011200000,24시간 이용가능,N,N,,공영주차장
2026-06-26T01:57:24.205462+09:00,DMC(디지털미디어시티),DMC(디지털미디어시티),POI084,KEY_1,서울 한샘상암사옥 충전소,AM900012,서울특별시 마포구 성암로 179,126.8987638,37.5761509,24시간 이용가능,N,N,시설 상황에 따라 이용이 제한될 수 있음,기타
2026-06-26T01:57:24.205462+09:00,DMC(디지털미디어시티),DMC(디지털미디어시티),POI084,KEY_1,서울 한샘상암사옥 충전소,EP220314,서울특별시 마포구 성암로 179,126.8987638,37.5761509,24시간 이용가능,Y,N,시설 상황에 따라 이용이 제한될 수 있음,기타
2026-06-26T01:57:24.205462+09:00,DMC(디지털미디어시티),DMC(디지털미디어시티),POI084,KEY_1,서울 한샘상암사옥 충전소,EP220314,서울특별시 마포구 성암로 179,126.8987638,37.5761509,24시간 이용가능,Y,Y,시설 상황에 따라 이용이 제한될 수 있음,기타
2026-06-26T01:57:24.205462+09:00,DMC(디지털미디어시티),DMC(디지털미디어시티),POI084,KEY_1,서울경제진흥원,CV004480,서울특별시 마포구 월드컵북로 400,126.889538,37.580315,24시간 이용가능,N,N,,공공기관
2026-06-26T01:57:24.205462+09:00,DMC(디지털미디어시티),DMC(디지털미디어시티),POI084,KEY_1,서울마포 상암휴먼시아2단지,EV006824,서울특별시 마포구 월드컵북로42가길 11,126.8975858,37.5747375,24시간 이용가능,Y,N,외부인 사용불가,아파트
2026-06-26T01:57:24.205462+09:00,DMC(디지털미디어시티),DMC(디지털미디어시티),POI084,KEY_1,서울마포 상암휴먼시아2단지,EV006824,서울특별시 마포구 월드컵북로42가길 11,126.8975858,37.5747375,24시간 이용가능,Y,Y,외부인 사용불가,아파트
2026-06-26T01:57:24.205462+09:00,DMC(디지털미디어시티),DMC(디지털미디어시티),POI084,KEY_1,서울산업진흥원,EV000411,서울특별시 마포구 월드컵북로 400,126.8896371,37.5805219,평일 09시~18시 이용가능,Y,N,,사업장(사옥)
2026-06-26T01:57:24.205462+09:00,DMC(디지털미디어시티),DMC(디지털미디어시티),POI084,KEY_1,스탠포드호텔코리아,ME183009,"서울특별시 마포구 상암동 월드컵북로 58길 15, 지하4층 18",126.886648,37.5823581,24시간 이용가능,Y,N,,숙박시설
2026-06-26T01:57:24.205462+09:00,DMC(디지털미디어시티),DMC(디지털미디어시티),POI084,KEY_1,파크엠빌딩,AMAM0003,서울특별시 마포구 매봉산로 80,126.894285,37.57853,24시간 이용가능,N,N,,일반주차장
2026-06-26T01:57:24.205462+09:00,DMC(디지털미디어시티),DMC(디지털미디어시티),POI084,KEY_1,한국콘텐츠진흥원 DMS방송제작센터,CV001934,서울특별시 마포구 월드컵북로54길 12,126.8892508,37.5807286,24시간 이용가능,N,N,,기타
2026-06-26T01:57:24.205462+09:00,가산디지털단지역,가산디지털단지역,POI013,KEY_2,LG가산디지털센터,EV001760,서울특별시 금천구 가산디지털1로 189,126.8797058,37.4821518,24시간 이용가능,Y,N,외부인 사용불가,사업장(사옥)
2026-06-26T01:57:24.205462+09:00,가산디지털단지역,가산디지털단지역,POI013,KEY_2,금천 대륭포스트타워6차,CGA00216,서울특별시 금천구 벚꽃로 298,126.8838717,37.4814402,24시간 이용가능,Y,N,,기타
2026-06-26T01:57:24.205462+09:00,가산디지털단지역,가산디지털단지역,POI013,KEY_2,금천 벽산/경인 디지털밸리_주차장입구1,CGA00146,서울특별시 금천구 가산디지털2로 184,126.8780843,37.4842494,24시간 이용가능,Y,N,,기타
2026-06-26T01:57:24.205462+09:00,가산디지털단지역,가산디지털단지역,POI013,KEY_2,금천 벽산/경인 디지털밸리_주차장입구2,CGA00193,서울특별시 금천구 가산디지털2로 184,126.8780843,37.4842494,24시간 이용가능,Y,N,,기타
2026-06-26T01:57:24.205462+09:00,가산디지털단지역,가산디지털단지역,POI013,KEY_2,대륭테크노타운6차,EP210180,서울특별시 금천구 서부샛길 648,126.8761807,37.4812045,24시간 이용가능,N,N,,오피스텔
2026-06-26T01:57:24.205462+09:00,가산디지털단지역,가산디지털단지역,POI013,KEY_2,대륭테크노타운6차,EP210180,서울특별시 금천구 서부샛길 648,126.8761807,37.4812045,24시간 이용가능,N,Y,SM3전용,오피스텔
2026-06-26T01:57:24.205462+09:00,가산디지털단지역,가산디지털단지역,POI013,KEY_2,대륭포스트타워5차,EC110008,서울특별시 금천구 디지털로9길 68,126.8864218,37.481076,24시간 이용가능,Y,N,,사업장(사옥)
2026-06-26T01:57:24.205462+09:00,가산디지털단지역,가산디지털단지역,POI013,KEY_2,대륭포스트타워5차 (급),EC110112,서울특별시 금천구 디지털로9길 68,126.8862972,37.4811672,24시간 이용가능,Y,N,,사업장(사옥)
2026-06-26T01:57:24.205462+09:00,가산디지털단지역,가산디지털단지역,POI013,KEY_2,서울 금천구 가산동 가산디지털 서측노외,BNBN0325,서울특별시 금천구 가산디지털1로 230,126.880392,37.485481,24시간 이용가능,N,N,시설 상황에 따란 이용이 제한될 수 있음,기타
2026-06-26T01:57:24.205462+09:00,가산디지털단지역,가산디지털단지역,POI013,KEY_2,서울 금천구 견인차량보관소,BNBN0582,서울 금천구 가산디지털2로 169-34 (가산동),126.8758006,37.4831701,24시간 이용가능,N,N,시설 상황에 따라 이용이 제한될 수 있음,기타
2026-06-26T01:57:24.205462+09:00,가산디지털단지역,가산디지털단지역,POI013,KEY_2,서울 코오롱테크노밸리,EP230205,서울특별시 금천구 디지털로9길 56,126.88687232,37.480402595,24시간 이용가능,Y,N,,기타
2026-06-26T01:57:24.205462+09:00,가산디지털단지역,가산디지털단지역,POI013,KEY_2,서울금천 월드메르디앙벤처센터,EV006695,서울특별시 금천구 벚꽃로 254,126.8854927,37.477763,24시간 이용가능,N,N,외부인 사용불가,사업장(사옥)
2026-06-26T01:57:24.205462+09:00,가산디지털단지역,가산디지털단지역,POI013,KEY_2,서울금천_에이스비즈포레,EV003719,서울특별시 금천구 가산디지털2로 173,126.8770673,37.4831681,24시간 이용가능,Y,N,외부인 사용불가,사업장(사옥)
2026-06-26T01:57:24.205462+09:00,가산디지털단지역,가산디지털단지역,POI013,KEY_2,에이스테크노타워10차,EP210287,서울특별시 금천구 가산디지털1로 196,126.8812848,37.4829649,24시간 이용가능,N,N,,오피스텔
2026-06-26T01:57:24.205462+09:00,가산디지털단지역,가산디지털단지역,POI013,KEY_2,에이스테크노타워10차,EP210287,서울특별시 금천구 가산디지털1로 196,126.8812848,37.4829649,24시간 이용가능,N,N,시설 상황에 따라 이용이 제한될 수 있음,오피스텔
2026-06-26T01:57:24.205462+09:00,가산디지털단지역,가산디지털단지역,POI013,KEY_2,코오롱테크노밸리,EP210295,서울특별시 금천구 디지털로9길 56,126.8868723,37.4804026,24시간 이용가능,N,N,,오피스텔
2026-06-26T01:57:24.205462+09:00,강남역,강남역,POI014,KEY_3,강남 GT타워이스트,CGA00294,서울특별시 서초구 서초대로 411,127.0259226,37.4981083,24시간 이용가능,N,N,입주민 전용,사업장(사옥)
2026-06-26T01:57:24.205462+09:00,강남역,강남역,POI014,KEY_3,강남 대우디오빌플러스,CGA00129,서울특별시 강남구 강남대로84길 33,127.03109342,37.497546130,24시간 이용가능,Y,Y,거주자외 출입제한,아파트
2026-06-26T01:57:24.205462+09:00,강남역,강남역,POI014,KEY_3,강남 대우디오빌플러스_2차,CGA00249,서울특별시 강남구 강남대로84길 33,127.0312229,37.4973278,24시간 이용가능,Y,N,,오피스텔
2026-06-26T01:57:24.205462+09:00,강남역,강남역,POI014,KEY_3,서울_강남센트럴푸르지오시티1,EV003466,서울특별시 강남구 테헤란로4길 6,127.0292863,37.4976674,24시간 이용가능 / 입주민만 사용가능,Y,N,,아파트
2026-06-26T01:57:24.205462+09:00,강남역,강남역,POI014,KEY_3,서울_강남센트럴푸르지오시티1,EV003466,서울특별시 강남구 테헤란로4길 6,127.0292863,37.4976674,24시간 이용가능 / 입주민만 사용가능,Y,N,외부인 사용불가,아파트
2026-06-26T01:57:24.205462+09:00,강남역,강남역,POI014,KEY_3,서울_강남센트럴푸르지오시티2,EV003467,서울특별시 강남구 테헤란로4길 6,127.02916487,37.497576085,"24시간 이용가능,입주민만 사용가능 거주자외출입제한",Y,N,외부인 사용불가,아파트
2026-06-26T01:57:24.205462+09:00,강남역,강남역,POI014,KEY_3,서울_강남센트럴푸르지오시티3,EV003458,서울특별시 강남구 테헤란로4길 6,127.02941929,37.497524214,"24시간 이용가능,입주민만 사용가능 거주자외출입제한",Y,N,외부인 사용불가,아파트
2026-06-26T01:57:24.205462+09:00,강남역,강남역,POI014,KEY_3,서울강남 강남역효성헤링턴타워,EV006829,서울특별시 강남구 강남대로84길 15,127.0298357,37.4970034,24시간 이용가능,Y,N,외부인 사용불가,아파트
2026-06-26T01:57:24.205462+09:00,강남역,강남역,POI014,KEY_3,서울강남 강남역효성헤링턴타워,EV006829,서울특별시 강남구 강남대로84길 15,127.0298357,37.4970034,24시간 이용가능,Y,Y,외부인 사용불가,아파트
2026-06-26T01:57:24.205462+09:00,강남역,강남역,POI014,KEY_3,역삼문화공원 지하3층주차장,CV001458,서울특별시 강남구 테헤란로7길 21,127.029673,37.500888,24시간 이용가능,N,N,,공영주차장
2026-06-26T01:57:24.205462+09:00,강남역,강남역,POI014,KEY_3,역삼문화공원 지하4층주차장,CV002017,서울특별시 강남구 테헤란로7길 21,127.0302568,37.50050350,24시간 이용가능,N,N,,공영주차장
2026-06-26T01:57:24.205462+09:00,건대입구역,건대입구역,POI015,KEY_4,광진구 자양4동 공영주차장,BNBN0833,서울특별시 광진구 자양동 5-5,127.0681886,37.5386773,~,N,N,시설 상황에 따라 이용이 제한될 수 있음,공영주차장
2026-06-26T01:57:24.205462+09:00,건대입구역,건대입구역,POI015,KEY_4,광진문화예술회관,ME20A278,서울특별시 광진구 능동로 76,127.0705319,37.5375337,24시간 이용가능,N,N,,지자체시설
2026-06-26T01:57:24.205462+09:00,건대입구역,건대입구역,POI015,KEY_4,서울광진 더라움펜트하우스1(B3),EV006056,서울특별시 광진구 능동로 81,127.06916132,37.538250998,24시간 이용가능,Y,N,외부인 사용불가,아파트
2026-06-26T01:57:24.205462+09:00,건대입구역,건대입구역,POI015,KEY_4,서울광진 더라움펜트하우스1(B3),EV006056,서울특별시 광진구 능동로 81,127.06916132,37.538250998,24시간 이용가능,Y,Y,외부인 사용불가,아파트
2026-06-26T01:57:24.205462+09:00,건대입구역,건대입구역,POI015,KEY_4,서울광진 더라움펜트하우스2(B5),EV006057,서울특별시 광진구 능동로 81,127.06918404,37.538354599,24시간 이용가능,Y,N,외부인 사용불가,아파트
2026-06-26T01:57:24.205462+09:00,건대입구역,건대입구역,POI015,KEY_4,서울광진 더라움펜트하우스2(B5),EV006057,서울특별시 광진구 능동로 81,127.06918404,37.538354599,24시간 이용가능,Y,Y,외부인 사용불가,아파트
2026-06-26T01:57:24.205462+09:00,건대입구역,건대입구역,POI015,KEY_4,서울광진 더라움펜트하우스3(B6),EV006058,서울특별시 광진구 능동로 81,127.0693126,37.5383612,24시간 이용가능,Y,N,외부인 사용불가,아파트
2026-06-26T01:57:24.205462+09:00,건대입구역,건대입구역,POI015,KEY_4,서울광진 더라움펜트하우스3(B6),EV006058,서울특별시 광진구 능동로 81,127.0693126,37.5383612,24시간 이용가능,Y,Y,외부인 사용불가,아파트
2026-06-26T01:57:24.205462+09:00,건대입구역,건대입구역,POI015,KEY_4,자양동노상주차장,CV004505,서울특별시 광진구 자양동 23-9,127.0645572,37.5414901,24시간 이용가능,Y,N,,공영주차장
2026-06-26T01:57:24.205462+09:00,고덕역,고덕역,POI016,KEY_1,서울강동 고덕삼환아파트,EV004025,서울특별시 강동구 고덕로62길 29,127.1542273,37.5543173,24시간 이용가능,Y,N,,아파트
2026-06-26T01:57:24.205462+09:00,고덕역,고덕역,POI016,KEY_1,서울강동 한화오벨리스크스위트오피스텔,EV005768,서울특별시 강동구 동남로 877,127.155802,37.5520152,24시간 이용가능,Y,N,외부인 사용불가,아파트
2026-06-26T01:57:24.205462+09:00,구로디지털단지역,구로디지털단지역,POI019,KEY_4,구로 에이스테크노타워2차,CGA00110,서울특별시 구로구 디지털로31길 19,126.89376717,37.484876015,24시간 이용가능,N,N,,사업장(사옥)
2026-06-26T01:57:24.205462+09:00,구로디지털단지역,구로디지털단지역,POI019,KEY_4,구로구 구로3동 주차장,BNBN0820,서울특별시 구로구 구로동 212-14,126.8925044,37.4830246,~,N,N,시설 상황에 따라 이용이 제한될 수 있음,일반주차장
2026-06-26T01:57:24.205462+09:00,구로디지털단지역,구로디지털단지역,POI019,KEY_4,구로디지털단지역환승주차장,EC001010,서울특별시 구로구 도림천로 477,126.9016095,37.4854141,24시간 이용가능,N,N,,환승주차장
2026-06-26T01:57:24.205462+09:00,구로디지털단지역,구로디지털단지역,POI019,KEY_4,서울 아남전자1 충전소,EP220556,서울특별시 구로구 디지털로27가길 27,126.89251265,37.484676568,24시간 이용가능,Y,N,시설 상황에 따라 이용이 제한될 수 있음,기타
2026-06-26T01:57:24.205462+09:00,구로디지털단지역,구로디지털단지역,POI019,KEY_4,서울 아남전자2 충전소,EP220557,서울특별시 구로구 디지털로27가길 27,126.89251265,37.484676568,24시간 이용가능,Y,N,시설 상황에 따라 이용이 제한될 수 있음,기타
2026-06-26T01:57:24.205462+09:00,구로디지털단지역,구로디지털단지역,POI019,KEY_4,서울구로구 이앤씨벤처드림타워2차,EV004692,서울특별시 구로구 디지털로33길 55,126.8930445,37.4867586,24시간 이용가능,Y,N,외부인 사용불가,사업장(사옥)
2026-06-26T01:57:24.205462+09:00,구로디지털단지역,구로디지털단지역,POI019,KEY_4,서울시 구로디지털단지역공영주차장(급속),EV005670,서울특별시 구로구 도림천로 477,126.9014944,37.4853149,24시간 이용가능,Y,N,,아파트
2026-06-26T01:57:24.205462+09:00,구로디지털단지역,구로디지털단지역,POI019,KEY_4,에이스하이엔드타워1차,CV004538,서울특별시 구로구 디지털로26길 5,126.894102,37.4818142,24시간 이용가능,N,N,,오피스텔
2026-06-26T01:57:24.205462+09:00,구로디지털단지역,구로디지털단지역,POI019,KEY_4,이앤씨6차,BNAG3302,서울특별시 구로구 디지털로31길 41,126.892720,37.485169,24시간 이용가능,Y,N,상황에 따라 변동,기타
2026-06-26T01:57:24.205462+09:00,구로디지털단지역,구로디지털단지역,POI019,KEY_4,코오롱사이언스밸리2차,CPCT0053,서울특별시 구로구 디지털로34길 55,126.899282,37.484286,24시간 이용가능,Y,N,시설 상황에 따라 이용이 제한 될 수 있음,기타
2026-06-26T01:57:24.205462+09:00,구로디지털단지역,구로디지털단지역,POI019,KEY_4,코오롱사이언스밸리2차,CPCT0053,서울특별시 구로구 디지털로34길 55,126.899282,37.484286,24시간 이용가능,Y,Y,시설 상황에 따라 이용이 제한 될 수 있음,기타
2026-06-26T01:57:24.205462+09:00,구로디지털단지역,구로디지털단지역,POI019,KEY_4,쿨사인 입주빌딩,EP220032,서울특별시 구로구 디지털로27가길 27,126.8925127,37.4846766,24시간 이용가능,Y,Y,시설 상황에 따라 이용이 제한될 수 있음,사업장(사옥)
2026-06-26T01:57:24.205462+09:00,구로디지털단지역,구로디지털단지역,POI019,KEY_4,쿨사인 지하주차장,CI0I0002,서울특별시 구로구 디지털로27가길 27,126.8925052,37.4847055,24시간 이용가능,Y,N,,기타
2026-06-26T01:57:24.205462+09:00,구로디지털단지역,구로디지털단지역,POI019,KEY_4,파트너스타워2차,CV001794,서울특별시 구로구 디지털로32가길 16,126.898574,37.482944,09:00~18:00,N,N,,기타
2026-06-26T01:57:24.205462+09:00,대림역,대림역,POI023,KEY_3,대림노외공영주차장,EC001015,서울특별시 구로구 도림천로 352,126.89405009,37.49290640,24시간 이용가능,N,N,,공영주차장
2026-06-26T01:57:24.205462+09:00,대림역,대림역,POI023,KEY_3,서울교통공사 대림별관(B1F),CGA00039,서울특별시 구로구 도림천로 352,126.8942424,37.4934337,24시간 이용가능,Y,Y,임직원외 출입제한,공공기관
2026-06-26T01:57:24.205462+09:00,대림역,대림역,POI023,KEY_3,서울구로 대림역경남아너스빌,EV002542,서울특별시 구로구 구로중앙로8길 41-23,126.8929945,37.4936794,"24시간 이용가능,입주민만 사용가능 거주자외출입제한",Y,N,외부인 사용불가,아파트
2026-06-26T01:57:24.205462+09:00,뚝섬역,뚝섬역,POI025,KEY_1,서울성동 성수쌍용아파트3,EV008023,서울특별시 성동구 상원길 63,127.047109,37.5501345,24시간 이용가능,Y,Y,외부인 사용불가,아파트
2026-06-26T01:57:24.205462+09:00,뚝섬역,뚝섬역,POI025,KEY_1,서울성동 뚝섬리버빌아파트,EV005769,서울특별시 성동구 성수일로11길 15,127.0498269,37.5494959,24시간 이용가능,Y,N,외부인 사용불가,아파트
2026-06-26T01:57:24.205462+09:00,뚝섬역,뚝섬역,POI025,KEY_1,서울성동 뚝섬중앙하이츠빌101동,EV006312,서울특별시 성동구 상원길 47,127.0481899,37.5477242,24시간 이용가능,Y,N,외부인 사용불가,아파트
2026-06-26T01:57:24.205462+09:00,뚝섬역,뚝섬역,POI025,KEY_1,서울성동 뚝섬중앙하이츠빌102동,EV006313,서울특별시 성동구 상원길 47,127.0479978,37.5480914,24시간 이용가능,Y,N,외부인 사용불가,아파트
2026-06-26T01:57:24.205462+09:00,뚝섬역,뚝섬역,POI025,KEY_1,서울성동 뚝섬중앙하이츠빌103동,EV006314,서울특별시 성동구 상원길 47,127.0471433,37.5478958,24시간 이용가능,Y,N,외부인 사용불가,아파트
2026-06-26T01:57:24.205462+09:00,뚝섬역,뚝섬역,POI025,KEY_1,서울성동 성수쌍용아파트1,EV008021,서울특별시 성동구 상원길 63,127.047109,37.5501345,24시간 이용가능,Y,N,외부인 사용불가,아파트
2026-06-26T01:57:24.205462+09:00,뚝섬역,뚝섬역,POI025,KEY_1,서울성동 성수쌍용아파트1,EV008021,서울특별시 성동구 상원길 63,127.047109,37.5501345,24시간 이용가능,Y,Y,외부인 사용불가,아파트
2026-06-26T01:57:24.205462+09:00,뚝섬역,뚝섬역,POI025,KEY_1,서울성동 성수쌍용아파트2,EV008022,서울특별시 성동구 상원길 63,127.047109,37.5501345,24시간 이용가능,Y,N,외부인 사용불가,아파트
2026-06-26T01:57:24.205462+09:00,뚝섬역,뚝섬역,POI025,KEY_1,서울성동 성수쌍용아파트2,EV008022,서울특별시 성동구 상원길 63,127.047109,37.5501345,24시간 이용가능,Y,Y,외부인 사용불가,아파트
2026-06-26T01:57:24.205462+09:00,뚝섬역,뚝섬역,POI025,KEY_1,서울성동 성수쌍용아파트3,EV008023,서울특별시 성동구 상원길 63,127.047109,37.5501345,24시간 이용가능,Y,N,외부인 사용불가,아파트
2026-06-26T01:57:24.205462+09:00,뚝섬역,뚝섬역,POI025,KEY_1,서울성동 성수쌍용아파트4,EV008024,서울특별시 성동구 상원길 63,127.047109,37.5501345,24시간 이용가능,Y,N,외부인 사용불가,아파트
2026-06-26T01:57:24.205462+09:00,뚝섬역,뚝섬역,POI025,KEY_1,서울성동 성수쌍용아파트4,EV008024,서울특별시 성동구 상원길 63,127.047109,37.5501345,24시간 이용가능,Y,Y,외부인 사용불가,아파트
2026-06-26T01:57:24.205462+09:00,뚝섬역,뚝섬역,POI025,KEY_1,서울성동 성수쌍용아파트5,EV008025,서울특별시 성동구 상원길 63,127.047109,37.5501345,24시간 이용가능,Y,N,외부인 사용불가,아파트
2026-06-26T01:57:24.205462+09:00,뚝섬역,뚝섬역,POI025,KEY_1,서울성동 성수쌍용아파트5,EV008025,서울특별시 성동구 상원길 63,127.047109,37.5501345,24시간 이용가능,Y,Y,외부인 사용불가,아파트
2026-06-26T01:57:24.205462+09:00,뚝섬역,뚝섬역,POI025,KEY_1,서울성동 성수쌍용아파트6,EV008026,서울특별시 성동구 상원길 63,127.047109,37.5501345,24시간 이용가능,Y,N,외부인 사용불가,아파트
2026-06-26T01:57:24.205462+09:00,뚝섬역,뚝섬역,POI025,KEY_1,서울성동 성수쌍용아파트6,EV008026,서울특별시 성동구 상원길 63,127.047109,37.5501345,24시간 이용가능,Y,Y,외부인 사용불가,아파트
2026-06-26T01:57:24.205462+09:00,발산역,발산역,POI027,KEY_3,강서 발산파크프라자(B3F),CGA00086,서울특별시 강서구 공항대로 261,126.836521,37.5591532,24시간 이용가능,Y,N,,마트(쇼핑몰)
2026-06-26T01:57:24.205462+09:00,발산역,발산역,POI027,KEY_3,강서 등촌주공3단지아파트,CGA00217,서울특별시 강서구 강서로56나길 37,126.8408743,37.5626644,24시간 이용가능,Y,Y,입주민 전용,아파트
2026-06-26T01:57:24.205462+09:00,발산역,발산역,POI027,KEY_3,강서 마곡아이파크,CGA00261,서울특별시 강서구 마곡중앙8로 90,126.8375933,37.5605730,24시간 이용가능,N,Y,입주민 전용,아파트
2026-06-26T01:57:24.205462+09:00,발산역,발산역,POI027,KEY_3,강서블리스주차타워,DL000045,서울특별시 강서구 강서로52길 34,126.8398,37.5575,24시간 이용가능,Y,N,,기타
2026-06-26T01:57:24.205462+09:00,발산역,발산역,POI027,KEY_3,건와빌딩,EP200471,서울특별시 강서구 마곡동로 56,126.8338034,37.5599779,24시간 이용가능,N,Y,시설 상황에 따라 이용이 제한될 수 있음,사업장(사옥)
2026-06-26T01:57:24.205462+09:00,발산역,발산역,POI027,KEY_3,엠펠리체호텔,EC110021,서울특별시 강서구 마곡동로4길 15,126.83524805,37.559818459,24시간 이용가능,Y,N,,숙박시설
2026-06-26T01:57:24.205462+09:00,사당역,사당역,POI029,KEY_4,남현소공원 공영주차장,CV001539,서울특별시 관악구 남현1길 28,126.97952742,37.475850042,24시간 이용가능,N,N,,공영주차장
2026-06-26T01:57:24.205462+09:00,사당역,사당역,POI029,KEY_4,서울교통공사 사당별관(임직원 전용),CGA00064,서울특별시 서초구 효령로 5,126.9847726,37.4765547,24시간 이용가능,Y,Y,임직원 외 출입제한,공공기관
2026-06-26T01:57:24.205462+09:00,서울대입구역,서울대입구역,POI031,KEY_2,관악 대우디오슈페리움 1단지(B6F),CGA00042,서울특별시 관악구 관악로 164,126.9528507,37.4796468,24시간 이용가능,Y,Y,입주민 전용,아파트
2026-06-26T01:57:24.205462+09:00,서울대입구역,서울대입구역,POI031,KEY_2,관악위버폴리스,EP190003,서울특별시 관악구 관악로 195,126.9530968,37.4825641,24시간 이용가능,Y,Y,시설 상황에 따라 이용이 제한될 수 있음,아파트
2026-06-26T01:57:24.205462+09:00,서울대입구역,서울대입구역,POI031,KEY_2,관악위버폴리스관리단 A동,EC002636,서울특별시 관악구 관악로 195,126.9532554,37.4826445,24시간 이용가능,Y,N,,아파트
2026-06-26T01:57:24.205462+09:00,서울대입구역,서울대입구역,POI031,KEY_2,신원메트로빌 B4,EC003273,서울특별시 관악구 남부순환로 1811,126.9514766,37.481685,24시간 이용가능,Y,N,,아파트
2026-06-26T01:57:24.205462+09:00,서울역,서울역,POI033,KEY_4,단암타워,AM900061,서울특별시 중구 소월로 10,126.9754111,37.55854116,24시간 이용가능,N,N,,일반주차장
2026-06-26T01:57:24.205462+09:00,서울역,서울역,POI033,KEY_4,서울중구 남산트라팰리스,EV002939,서울특별시 중구 소월로2길 30,126.9756138,37.5539952,"24시간 이용가능,입주민만 사용가능 거주자외출입제한",Y,N,외부인 사용불가,아파트
2026-06-26T01:57:24.205462+09:00,서울역,서울역,POI033,KEY_4,서울중구 남산트라팰리스2,EV005035,서울특별시 중구 소월로2길 30,126.9756127,37.5539947,24시간 이용가능,Y,N,외부인 사용불가,아파트
2026-06-26T01:57:24.205462+09:00,서울역,서울역,POI033,KEY_4,서울중구 연세대학교 봉래빌딩,EV005715,서울특별시 중구 칠패로 36,126.9728876,37.5593963,24시간 이용가능,N,N,외부인 사용불가,학교
2026-06-26T01:57:24.205462+09:00,선릉역,선릉역,POI034,KEY_1,강남 대치타워(B5F),CGA00025,서울특별시 강남구 테헤란로 424,127.0534636,37.5054685,24시간 이용가능,N,N,시설 상황에 따라 이용이 제한될 수 있음,사업장(사옥)
2026-06-26T01:57:24.205462+09:00,선릉역,선릉역,POI034,KEY_1,강남일옥빌딩(신한강남L타워),AM900055,서울특별시 강남구 테헤란로 318,127.0460709,37.50317135,24시간 이용가능,N,N,,일반주차장
2026-06-26T01:57:24.205462+09:00,선릉역,선릉역,POI034,KEY_1,서울강남 가리온빌딩,EV011039,서울특별시 강남구 삼성로85길 39,127.0542807,37.504237,24시간 이용가능,Y,N,,아파트
2026-06-26T01:57:24.205462+09:00,선릉역,선릉역,POI034,KEY_1,선릉이스타빌,CCA00003,서울특별시 강남구 테헤란로52길 15,127.04793664,37.503171784,24시간 이용가능,Y,Y,거주자외 출입제한,오피스텔
2026-06-26T01:57:24.205462+09:00,선릉역,선릉역,POI034,KEY_1,아남타워,CU200032,서울특별시 강남구 테헤란로 311,127.044811,37.5038134,24시간 이용가능,N,N,,기타
2026-06-26T01:57:24.205462+09:00,수유역,수유역,POI036,KEY_3,강북구청,CU200019,서울특별시 강북구 도봉로89길 13,127.025425,37.6391656,24시간 이용가능,N,N,,관공서
2026-06-26T01:57:24.205462+09:00,수유역,수유역,POI036,KEY_3,수유경남아너스빌,AMAM0014,서울특별시 강북구 노해로8길 22,127.024170,37.638176,24시간 이용가능,N,N,,아파트
2026-06-26T01:57:24.205462+09:00,숭례문,숭례문,POI131,KEY_4,단암타워,AM900061,서울특별시 중구 소월로 10,126.9754111,37.55854116,24시간 이용가능,N,N,,일반주차장
2026-06-26T01:57:24.205462+09:00,숭례문,숭례문,POI131,KEY_4,삼성본관빌딩,CV003877,서울특별시 중구 세종대로 67,126.975566,37.562379,06:30 ~ 23:00,N,N,,사업장(사옥)
2026-06-26T01:57:24.205462+09:00,시의회 앞,시의회 앞,POI130,KEY_1,서울도시기반시설본부,CV000259,서울특별시 중구 청계천로 8,126.978292,37.5688401,07:00~19:00,N,N,,공공기관
2026-06-26T01:57:24.205462+09:00,시의회 앞,시의회 앞,POI130,KEY_1,서울신문사 급속충전소,EP210068,서울특별시 중구 세종대로 124,126.9778737,37.5674199,24시간 이용가능,Y,N,시설 상황에 따라 이용이 제한될 수 있음,사업장(사옥)
2026-06-26T01:57:24.205462+09:00,시의회 앞,시의회 앞,POI130,KEY_1,종로 동아일보미디어센터,EP240036,서울특별시 종로구 청계천로 1,126.9780203,37.5695464,24시간 이용가능,Y,N,시설 상황에 따라 이용이 제한될 수 있음,기타
2026-06-26T01:57:24.205462+09:00,시의회 앞,시의회 앞,POI130,KEY_1,한국프레스센터,EC110009,서울특별시 중구 세종대로 124,126.9778737,37.5674199,24시간 이용가능,Y,N,,공공기관
2026-06-26T01:57:24.205462+09:00,신논현역·논현역,신논현역·논현역,POI037,KEY_2,더채플논현빌딩,AM900044,서울특별시 강남구 논현로 549,127.02599437,37.505084699,24시간 이용가능,N,N,,음식점
2026-06-26T01:57:24.205462+09:00,신논현역·논현역,신논현역·논현역,POI037,KEY_2,호텔더디자이너스리즈강남프리미어,EP020102,서울특별시 강남구 봉은사로 113,127.02587864,37.505266665,24시간 이용가능,Y,N,,기타
2026-06-26T01:57:24.205462+09:00,신논현역·논현역,신논현역·논현역,POI037,KEY_2,호텔더디자이너스리즈강남프리미어(ino),EK221028,서울특별시 강남구 봉은사로 113,127.0258786,37.5052667,24시간 이용가능,Y,N,,숙박시설
2026-06-26T01:57:24.205462+09:00,신촌·이대역,신촌·이대역,POI040,KEY_2,마포 맹그로브신촌(AMANO),EP021319,서울특별시 마포구 서강로 121,126.934014,37.55394632,24시간 이용가능,Y,N,,기타
2026-06-26T01:57:24.205462+09:00,신촌·이대역,신촌·이대역,POI040,KEY_2,서울서대문 더이음오피스텔,EV010282,서울특별시 서대문구 신촌로 63,126.9337562,37.5566118,24시간 이용가능,Y,N,외부인 사용불가,아파트
2026-06-26T01:57:24.205462+09:00,신촌·이대역,신촌·이대역,POI040,KEY_2,서울서대문 더이음오피스텔,EV010282,서울특별시 서대문구 신촌로 63,126.9337562,37.5566118,24시간 이용가능,Y,Y,외부인 사용불가,아파트
2026-06-26T01:57:24.205462+09:00,신촌·이대역,신촌·이대역,POI040,KEY_2,창천공영주차장,ME183004,"서울특별시 마포구 노고산동 33-1, B3 28",126.9389738,37.55493,24시간 이용가능,N,N,,공영주차장
2026-06-26T01:57:24.205462+09:00,신촌·이대역,신촌·이대역,POI040,KEY_2,현대백화점 신촌점(본관),EV001940,서울특별시 서대문구 신촌로 83,126.9358437,37.556081,24시간 이용가능,N,N,,백화점
2026-06-26T01:57:24.205462+09:00,신촌·이대역,신촌·이대역,POI040,KEY_2,현대백화점유플렉스 신촌점,EV001941,서울특별시 서대문구 연세로 13,126.9365584,37.556737,08:00~24:00,N,N,,백화점
2026-06-26T01:57:24.205462+09:00,쌍문역,쌍문역,POI070,KEY_3,도봉구 쌍문1동 제1공영주차장,BNBN0840,서울특별시 도봉구 우이천로38길 94 (쌍문동),127.0331174,37.6486904,~,N,N,시설 상황에 따라 이용이 제한될 수 있음,공영주차장
2026-06-26T01:57:24.205462+09:00,쌍문역,쌍문역,POI070,KEY_3,창1동 1공영주차장,BT000172,서울특별시 도봉구 도봉로112길 43,127.0371817,37.6471281,24시간 이용가능,N,N,,공영주차장
2026-06-26T01:57:24.205462+09:00,쌍문역,쌍문역,POI070,KEY_3,창동현대타운 101동 B3,EC002299,서울특별시 도봉구 도봉로114길 22-8,127.0352696,37.6471182,24시간 이용가능,Y,N,,아파트
2026-06-26T01:57:24.205462+09:00,역삼역,역삼역,POI042,KEY_1,더원역삼아파트,CU200029,서울특별시 강남구 논현로 423,127.037921,37.4978331,24시간 이용가능,Y,N,,아파트
2026-06-26T01:57:24.205462+09:00,역삼역,역삼역,POI042,KEY_1,서울 도미노피자본사,EP240020,서울특별시 강남구 역삼로25길 35,127.0388572,37.4983709,05:00~23:00,Y,N,,기타
2026-06-26T01:57:24.205462+09:00,역삼역,역삼역,POI042,KEY_1,아세아타워빌딩1,CV001284,서울특별시 강남구 논현로 430,127.038455,37.499563,24시간 이용가능,N,N,,사업장(사옥)
2026-06-26T01:57:24.205462+09:00,역삼역,역삼역,POI042,KEY_1,아세아타워빌딩2,CV000605,서울특별시 강남구 논현로 430,127.038455,37.499563,24시간 이용가능,N,N,,사업장(사옥)
2026-06-26T01:57:24.205462+09:00,역삼역,역삼역,POI042,KEY_1,아주빌딩,CV000289,서울특별시 강남구 테헤란로 201,127.0371562,37.501254,00:00~24:00,N,N,,사업장(사옥)
2026-06-26T01:57:24.205462+09:00,역삼역,역삼역,POI042,KEY_1,역삼경남아너스빌아파트,EV001933,"서울특별시 강남구 언주로85길 13 (역삼동, 경남아파트)",127.0423817,37.500567,"24시간 이용가능,입주민만 사용가능 거주자 외 출입제한",Y,N,,아파트
2026-06-26T01:57:24.205462+09:00,오목교역·목동운동장,오목교역·목동운동장,POI044,KEY_3,HK타워,CSSGI027,서울특별시 양천구 신목로 88,126.8750,37.5224,24시간 이용가능,Y,N,,골프장(CC)
2026-06-26T01:57:24.205462+09:00,오목교역·목동운동장,오목교역·목동운동장,POI044,KEY_3,HK타워,CSSGI027,서울특별시 양천구 신목로 88,126.8750,37.5224,24시간 이용가능,Y,Y,.,골프장(CC)
2026-06-26T01:57:24.205462+09:00,오목교역·목동운동장,오목교역·목동운동장,POI044,KEY_3,목1동주민센터,EV000514,서울특별시 양천구 목동서로 192,126.8711885,37.5303645,평일 09시~18시 이용가능,Y,N,,주민센터
2026-06-26T01:57:24.205462+09:00,오목교역·목동운동장,오목교역·목동운동장,POI044,KEY_3,목5동주민센터,EV000515,서울특별시 양천구 목동서로 41,126.8817174,37.5371835,평일 09시~18시 이용가능,Y,N,,주민센터
2026-06-26T01:57:24.205462+09:00,오목교역·목동운동장,오목교역·목동운동장,POI044,KEY_3,목동SBS,CV003473,서울특별시 양천구 목동서로 161,126.873548,37.52916,24시간 이용가능,Y,N,,기타
2026-06-26T01:57:24.205462+09:00,오목교역·목동운동장,오목교역·목동운동장,POI044,KEY_3,목동SBS,CV004034,서울특별시 양천구 목동서로 161,126.873548,37.52916,24시간 이용가능,Y,Y,시설 사용자 외 이용제한 있을 수 있음,기타
2026-06-26T01:57:24.205462+09:00,오목교역·목동운동장,오목교역·목동운동장,POI044,KEY_3,목동체비지주차장,EC001012,서울특별시 양천구 목동서로 45,126.8810188,37.5371662,24시간 이용가능,N,N,,공영주차장
2026-06-26T01:57:24.205462+09:00,오목교역·목동운동장,오목교역·목동운동장,POI044,KEY_3,목동현대파크빌1(지하2_3층,EP190061,서울특별시 양천구 목동동로 391,126.8802712,37.5358738,24시간 이용가능/외부인 출입제한,Y,Y,거주자외 출입제한,아파트
2026-06-26T01:57:24.205462+09:00,오목교역·목동운동장,오목교역·목동운동장,POI044,KEY_3,목동현대파크빌1(지하2_3층,EP190061,서울특별시 양천구 목동동로 391,126.8802712,37.5358738,24시간 이용가능/외부인 출입제한,Y,Y,시설 상황에 따라 이용이 제한될 수 있음,아파트
2026-06-26T01:57:24.205462+09:00,오목교역·목동운동장,오목교역·목동운동장,POI044,KEY_3,목운중학교,CU201003,서울특별시 양천구 목동동로 235,126.8724588,37.5272338,24시간 이용가능,N,Y,학교 교직원으로 제한,학교
2026-06-26T01:57:24.205462+09:00,오목교역·목동운동장,오목교역·목동운동장,POI044,KEY_3,부영그린타운1차1(지하5층),EP190101,서울특별시 양천구 목동동로 393,126.8800535,37.5361835,24시간 이용가능(거주자외 출입제한),Y,Y,거주자외 출입제한,아파트
2026-06-26T01:57:24.205462+09:00,오목교역·목동운동장,오목교역·목동운동장,POI044,KEY_3,서울양천 목동트라팰리스1,EV008906,서울특별시 양천구 오목로 299,126.87017893,37.526040889,24시간 이용가능,Y,N,외부인 출입불가,아파트
2026-06-26T01:57:24.205462+09:00,오목교역·목동운동장,오목교역·목동운동장,POI044,KEY_3,서울양천 목동트라팰리스1,EV008906,서울특별시 양천구 오목로 299,126.87017893,37.526040889,24시간 이용가능,Y,Y,외부인 출입불가,아파트
2026-06-26T01:57:24.205462+09:00,오목교역·목동운동장,오목교역·목동운동장,POI044,KEY_3,서울양천 목동트라팰리스2,EV008907,서울특별시 양천구 오목로 299,126.8703553,37.5260837,24시간 이용가능,Y,N,외부인 출입불가,아파트
2026-06-26T01:57:24.205462+09:00,오목교역·목동운동장,오목교역·목동운동장,POI044,KEY_3,서울양천 목동트라팰리스2,EV008907,서울특별시 양천구 오목로 299,126.8703553,37.5260837,24시간 이용가능,Y,Y,외부인 출입불가,아파트
2026-06-26T01:57:24.205462+09:00,오목교역·목동운동장,오목교역·목동운동장,POI044,KEY_3,서울양천 목동파라곤오피스텔,EV010981,서울특별시 양천구 목동서로 155,126.875072,37.5299956,24시간 이용가능,Y,N,,아파트
2026-06-26T01:57:24.205462+09:00,오목교역·목동운동장,오목교역·목동운동장,POI044,KEY_3,서울양천 목동현대월드타워 1,EV001279,서울특별시 양천구 목동서로 77,126.8780399,37.5359869,24시간 이용가능/입주민만 사용가능,Y,N,,아파트
2026-06-26T01:57:24.205462+09:00,오목교역·목동운동장,오목교역·목동운동장,POI044,KEY_3,서울양천 현대하이페리온2,EV006148,서울특별시 양천구 오목로 300,126.8700225,37.5248304,24시간 이용가능,N,N,외부인 사용불가,아파트
2026-06-26T01:57:24.205462+09:00,오목교역·목동운동장,오목교역·목동운동장,POI044,KEY_3,양천구 목동종합운동장,CV002165,서울특별시 양천구 안양천로 939,126.8800785,37.5292903,24시간 이용가능,N,N,,경기장
2026-06-26T01:57:24.205462+09:00,오목교역·목동운동장,오목교역·목동운동장,POI044,KEY_3,양천구 목동종합운동장 다목적경기장,CV001834,서울특별시 양천구 안양천로 939,126.882193,37.529438,24시간 이용가능,N,N,,경기장
2026-06-26T01:57:24.205462+09:00,오목교역·목동운동장,오목교역·목동운동장,POI044,KEY_3,양천파리공원,CU201005,서울특별시 양천구 목동동로 363,126.8761365,37.5338904,24시간 이용가능,N,Y,시설 상황에 따라 이용이 제한될 수 있음,공영주차장
2026-06-26T01:57:24.205462+09:00,오목교역·목동운동장,오목교역·목동운동장,POI044,KEY_3,한국방송회관,EC001045,서울특별시 양천구 목동동로 233,126.8714529,37.5269343,24시간 이용가능,N,N,,지자체시설
2026-06-26T01:57:24.205462+09:00,오목교역·목동운동장,오목교역·목동운동장,POI044,KEY_3,현대1차아파트,ER000458,서울 양천구 목동동로 240,126.8727860,37.5261442,24시간 이용가능,Y,Y,거주자 외 출입이 제한될 수 있음,아파트
2026-06-26T01:57:24.205462+09:00,오목교역·목동운동장,오목교역·목동운동장,POI044,KEY_3,현대백화점 목동점,ME20A301,서울특별시 양천구 목동동로 257,126.875324,37.526755,10:30~22:00,N,N,,백화점
2026-06-26T01:57:24.205462+09:00,용산역,용산역,POI046,KEY_1,BYD 용산 전시장,EABYDYS0,서울특별시 용산구 청파로 74,126.95955853,37.53278885,24시간 이용가능,Y,N,,기타
2026-06-26T01:57:24.205462+09:00,용산역,용산역,POI046,KEY_1,나진전자월드상가,CV003226,서울특별시 용산구 청파로 109,126.96337299,37.533687999,24시간 이용가능,N,N,,기타
2026-06-26T01:57:24.205462+09:00,용산역,용산역,POI046,KEY_1,농협은행 용산별관,EV011124,서울특별시 용산구 청파로 122,126.96473300,37.533174610,24시간 이용가능,Y,N,,아파트
2026-06-26T01:57:24.205462+09:00,용산역,용산역,POI046,KEY_1,래미안용산더센트럴 지하8층,EC100001,서울특별시 용산구 한강대로 95,126.9671051,37.5290233,24시간 이용가능,Y,N,,아파트
2026-06-26T01:57:24.205462+09:00,용산역,용산역,POI046,KEY_1,용산 서울 드래곤시티(B3F),CG000017,서울특별시 용산구 청파로20길 95,126.9627641,37.5318165,24시간 이용가능,N,N,,숙박시설
2026-06-26T01:57:24.205462+09:00,용산역,용산역,POI046,KEY_1,용산드래곤시티,CI0I000D,서울특별시 용산구 청파로20길 95,126.9608486,37.5321767,24시간 이용가능,Y,N,,기타
2026-06-26T01:57:24.205462+09:00,용산역,용산역,POI046,KEY_1,용산주차빌딩,CV001043,서울특별시 용산구 새창로49길 42,126.965343,37.534336,24시간 이용가능,N,N,,공영주차장
2026-06-26T01:57:24.205462+09:00,용산역,용산역,POI046,KEY_1,용산푸르지오 써밋,CV004691,서울특별시 용산구 한강대로 69,126.96435,37.529713,24시간 이용가능,N,N,,아파트
2026-06-26T01:57:24.205462+09:00,용산역,용산역,POI046,KEY_1,전자상가제1공영주차장,BT000153,서울특별시 용산구 새창로 170-4,126.9632615,37.5324193,24시간 이용가능,N,N,,공영주차장
2026-06-26T01:57:24.205462+09:00,용산역,용산역,POI046,KEY_1,전자상가제2공영주차장,BT000152,서울특별시 용산구 새창로 170-4,126.9632615,37.5324193,24시간 이용가능,N,N,,공영주차장
2026-06-26T01:57:24.205462+09:00,용산역,용산역,POI046,KEY_1,전자상가제3공영주차장,BT000151,서울특별시 용산구 청파로 74,126.9595585,37.53278886,24시간 이용가능,N,N,,공영주차장
2026-06-26T01:57:24.205462+09:00,용산역,용산역,POI046,KEY_1,전자상가제5공영주차장,BT000134,서울특별시 용산구 청파로 101,126.9623218,37.53334641,24시간 이용가능,N,N,,공영주차장
2026-06-26T01:57:24.205462+09:00,장지역,장지역,POI048,KEY_1,서울송파 가든파이브웍스1(B3)(급속),EV004799,서울특별시 송파구 충민로 52,127.122746,37.4777176,24시간 이용가능,Y,N,,마트(쇼핑몰)
2026-06-26T01:57:24.205462+09:00,장지역,장지역,POI048,KEY_1,아우디_송파대로 전시장(코오롱아우토),CV000762,서울특별시 송파구 충민로2길 8,127.126311,37.479341,09:00~18:00,Y,N,,서비스센터
2026-06-26T01:57:24.205462+09:00,장한평역,장한평역,POI049,KEY_2,NH농협은행 장안평금융센터,CV004337,서울특별시 동대문구 장한로 6,127.065433,37.561828,24시간 이용가능,Y,N,,금융기관
2026-06-26T01:57:24.205462+09:00,장한평역,장한평역,POI049,KEY_2,북한연구소주차장,CV004593,서울특별시 동대문구 장한로 21,127.0657727,37.563625,24시간 이용가능,N,N,,일반주차장
2026-06-26T01:57:24.205462+09:00,장한평역,장한평역,POI049,KEY_2,서울 아마노 장안스피존 주차장,AH000094,서울특별시 동대문구 장한로2길 33,127.0672183,37.5622935,24시간 이용가능,N,N,,일반주차장
2026-06-26T01:57:24.205462+09:00,장한평역,장한평역,POI049,KEY_2,서울성동_신창비바패밀리오피스텔,EV003510,서울특별시 성동구 천호대로 400,127.0633215,37.5612965,"24시간 이용가능, 아파트 입주민만 사용가능",Y,N,외부인 사용불가,아파트
2026-06-26T01:57:24.205462+09:00,장한평역,장한평역,POI049,KEY_2,아우디_동대문 전시장&서비스센터(고진모터스),CV002464,서울특별시 동대문구 천호대로 445,127.068352,37.561267,09:00~18:00,Y,N,,서비스센터
2026-06-26T01:57:24.205462+09:00,장한평역,장한평역,POI049,KEY_2,카서울닷컴,EC110042,서울특별시 성동구 자동차시장1길 96,127.0684152,37.5598669,24시간 이용가능,N,N,,기타
2026-06-26T01:57:24.205462+09:00,장한평역,장한평역,POI049,KEY_2,포르쉐 센터 세영모빌리티 성수서비스센터,CV004395,서울 성동구 가람길 283(용답동),127.0689470,37.5592970,09:00~18:00,N,Y,외부인 출입불가,서비스센터
2026-06-26T01:57:24.205462+09:00,장한평역,장한평역,POI049,KEY_2,포르쉐 센터 세영모빌리티 성수스튜디오,CV004394,"서울 성동구 천호대로 454(용답동, 포르쉐)",127.0692880,37.5604982,09:00~18:00,N,Y,외부인 출입불가,기타
2026-06-26T01:57:24.205462+09:00,천호역,천호역,POI050,KEY_3,천호 브라운스톤(1F/B6F),CGA00061,서울특별시 강동구 천호대로 1006,127.123789,37.5380514,24시간 이용가능,Y,Y,입주자외 출입제한,오피스텔
2026-06-26T01:57:24.205462+09:00,천호역,천호역,POI050,KEY_3,강동비오르,CPCT0036,서울특별시 강동구 구천면로 183,127.1254,37.5412,24시간 이용가능,Y,N,시설 상황에 따라 이용이 제한될 수 있음,기타
2026-06-26T01:57:24.205462+09:00,천호역,천호역,POI050,KEY_3,뉴코아팩토리아울렛 천호점,EC110109,서울특별시 강동구 구천면로 189,127.12587933,37.541008488,24시간 이용가능,N,N,,백화점
2026-06-26T01:57:24.205462+09:00,천호역,천호역,POI050,KEY_3,서울강동 대우한강베네시티,EV006692,서울특별시 강동구 올림픽로 664,127.1249758,37.5405554,24시간 이용가능,Y,N,외부인 사용불가,아파트
2026-06-26T01:57:24.205462+09:00,천호역,천호역,POI050,KEY_3,서울시 천호역공영주차장(급속),EV003437,서울특별시 강동구 천호대로 지하 997,127.1237424,37.538579,24시간 이용가능,N,N,,공영주차장
2026-06-26T01:57:24.205462+09:00,천호역,천호역,POI050,KEY_3,천호 두산위브센티움(B5F),CGA00037,서울특별시 강동구 올림픽로70길 61,127.1269895,37.5394018,24시간 이용가능,Y,N,,아파트
2026-06-26T01:57:24.205462+09:00,천호역,천호역,POI050,KEY_3,천호역공영주차장,CV002673,서울특별시 강동구 천호대로 997,127.125109,37.538494,24시간 이용가능,N,N,,공영주차장
2026-06-26T02:55:15.898981+09:00,광화문·덕수궁,광화문·덕수궁,POI009,KEY_2,경복궁주차장,CV002874,서울특별시 종로구 사직로 161,126.97872741,37.577568439,06:00 ~ 23:00,N,N,,관광지
2026-06-26T02:55:15.898981+09:00,광화문·덕수궁,광화문·덕수궁,POI009,KEY_2,서울도시기반시설본부,CV000259,서울특별시 중구 청계천로 8,126.978292,37.5688401,07:00~19:00,N,N,,공공기관
2026-06-26T02:55:15.898981+09:00,광화문·덕수궁,광화문·덕수궁,POI009,KEY_2,서울신문사 급속충전소,EP210068,서울특별시 중구 세종대로 124,126.9778737,37.5674199,24시간 이용가능,Y,N,시설 상황에 따라 이용이 제한될 수 있음,사업장(사옥)
2026-06-26T02:55:15.898981+09:00,광화문·덕수궁,광화문·덕수궁,POI009,KEY_2,서울종로 세종로공영주차장1,EV003446,서울특별시 종로구 세종대로 지하189,126.9759148,37.5733741,24시간 이용가능,N,N,,공영주차장
2026-06-26T02:55:15.898981+09:00,광화문·덕수궁,광화문·덕수궁,POI009,KEY_2,서울종로 세종로공영주차장2,EV011538,서울특별시 종로구 세종대로 지하189,126.9759604,37.5734304,24시간 이용가능,Y,N,,공영주차장
2026-06-26T02:55:15.898981+09:00,광화문·덕수궁,광화문·덕수궁,POI009,KEY_2,서울종로 세종로공영주차장3,EV011521,서울특별시 종로구 세종대로 지하189,126.9763862,37.5738605,24시간 이용가능,Y,N,,공영주차장
2026-06-26T02:55:15.898981+09:00,광화문·덕수궁,광화문·덕수궁,POI009,KEY_2,서울종로 세종로공영주차장4,EV011522,서울특별시 종로구 세종대로 지하189,126.976307,37.5737276,24시간 이용가능,Y,N,,공영주차장
2026-06-26T02:55:15.898981+09:00,광화문·덕수궁,광화문·덕수궁,POI009,KEY_2,서울종로 세종로공영주차장5,EV011523,서울특별시 종로구 세종대로 지하189,126.9763099,37.5734911,24시간 이용가능,Y,N,,공영주차장
2026-06-26T02:55:15.898981+09:00,광화문·덕수궁,광화문·덕수궁,POI009,KEY_2,서울종로 세종로공영주차장6,EV011524,서울특별시 종로구 세종대로 지하189,126.9762505,37.5733447,24시간 이용가능,Y,N,,공영주차장
2026-06-26T02:55:15.898981+09:00,광화문·덕수궁,광화문·덕수궁,POI009,KEY_2,워터 서울 광화문,BE111108,서울특별시 종로구 종로1길 50,126.978913,37.574641,24시간 이용가능,N,N,,기타
2026-06-26T02:55:15.898981+09:00,광화문·덕수궁,광화문·덕수궁,POI009,KEY_2,종로 동아일보미디어센터,EP240036,서울특별시 종로구 청계천로 1,126.9780203,37.5695464,24시간 이용가능,Y,N,시설 상황에 따라 이용이 제한될 수 있음,기타
2026-06-26T02:55:15.898981+09:00,광화문·덕수궁,광화문·덕수궁,POI009,KEY_2,한국무역보험공사 종로,BNAB0301,서울특별시 종로구 종로 14,126.978871,37.569774,19:00~22:00,N,N,시설 상황에 따라 이용이 제한될 수 있음,기타
2026-06-26T02:55:15.898981+09:00,광화문·덕수궁,광화문·덕수궁,POI009,KEY_2,한국프레스센터,EC110009,서울특별시 중구 세종대로 124,126.9778737,37.5674199,24시간 이용가능,Y,N,,공공기관
2026-06-26T02:55:15.898981+09:00,창덕궁·종묘,창덕궁·종묘,POI012,KEY_1,서울시 종묘공영주차장(급속),EV003444,서울특별시 종로구 종로 157,126.9948635,37.5731335,24시간 이용가능,N,N,,공영주차장
2026-06-26T02:55:15.898981+09:00,창덕궁·종묘,창덕궁·종묘,POI012,KEY_1,서울종로 인의빌딩,EV008451,서울특별시 종로구 창경궁로 112-7,126.9980775,37.5725688,24시간 이용가능,Y,N,외부인 출입불가,아파트
2026-06-26T02:55:15.898981+09:00,창덕궁·종묘,창덕궁·종묘,POI012,KEY_1,서울하나손해보험빌딩,AM900049,서울특별시 종로구 창경궁로 117,126.9970973,37.57280393,24시간 이용가능,N,N,,일반주차장
2026-06-26T02:55:15.898981+09:00,창덕궁·종묘,창덕궁·종묘,POI012,KEY_1,종묘공영주차장,CV001050,서울특별시 종로구 종로 157,126.995828,37.5709841,24시간 이용가능,N,N,,공영주차장
2026-06-26T02:55:15.898981+09:00,동대문 관광특구,동대문 관광특구,POI002,KEY_3,서울시 동대문공영주차장(급속),EV003445,서울특별시 중구 마장로 22,127.01211146,37.567265557,24시간 이용가능,N,N,,공영주차장
2026-06-26T02:55:15.898981+09:00,동대문 관광특구,동대문 관광특구,POI002,KEY_3,중구 중구구민회관 부설주차장,BNBN0270,"서울특별시 중구 을지로39길 40 (을지로6가, 구민회관)",127.0060501,37.5684795,0000~0000,N,N,시설 상황에 따라 이용이 제한될 수 있음,사업장(사옥)
2026-06-26T02:55:15.898981+09:00,명동 관광특구,명동 관광특구,POI003,KEY_4,SK텔레콤 T-타워B3,EV003214,서울특별시 중구 을지로 65,126.98546919,37.566627019,24시간 이용가능/소유주제한에따름,N,N,외부인 사용불가,사업장(사옥)
2026-06-26T02:55:15.898981+09:00,명동 관광특구,명동 관광특구,POI003,KEY_4,SK텔레콤 T-타워B4,EV003215,서울특별시 중구 을지로 65,126.98544659,37.566473847,24시간 이용가능/소유주제한에따름,N,N,외부인 사용불가,사업장(사옥)
2026-06-26T02:55:15.898981+09:00,명동 관광특구,명동 관광특구,POI003,KEY_4,SK텔레콤 T-타워B5,EV003216,서울특별시 중구 을지로 65,126.98543530,37.566325181,24시간 이용가능/소유주제한에따름,N,N,외부인 사용불가,사업장(사옥)
2026-06-26T02:55:15.898981+09:00,명동 관광특구,명동 관광특구,POI003,KEY_4,SK텔레콤 T-타워B5,EV003216,서울특별시 중구 을지로 65,126.98543530,37.566325181,24시간 이용가능/소유주제한에따름,N,Y,외부인 사용불가,사업장(사옥)
2026-06-26T02:55:15.898981+09:00,명동 관광특구,명동 관광특구,POI003,KEY_4,삼익패션타운,EC004819,서울특별시 중구 남대문시장8길 7,126.9788327,37.5601443,24시간 이용가능,Y,N,,사업장(사옥)
2026-06-26T02:55:15.898981+09:00,명동 관광특구,명동 관광특구,POI003,KEY_4,서울도시기반시설본부,CV000259,서울특별시 중구 청계천로 8,126.978292,37.5688401,07:00~19:00,N,N,,공공기관
2026-06-26T02:55:15.898981+09:00,명동 관광특구,명동 관광특구,POI003,KEY_4,서울신문사 급속충전소,EP210068,서울특별시 중구 세종대로 124,126.9778737,37.5674199,24시간 이용가능,Y,N,시설 상황에 따라 이용이 제한될 수 있음,사업장(사옥)
2026-06-26T02:55:15.898981+09:00,명동 관광특구,명동 관광특구,POI003,KEY_4,서울중앙우체국청사,EC004965,서울특별시 중구 소공로 70,126.982169,37.5615987,24시간 이용가능,Y,N,,공공기관
2026-06-26T02:55:15.898981+09:00,명동 관광특구,명동 관광특구,POI003,KEY_4,페럼타워,CV003940,서울특별시 중구 을지로5길 19,126.984149,37.566935,05:00 ~ 24:00,N,N,,사업장(사옥)
2026-06-26T02:55:15.898981+09:00,명동 관광특구,명동 관광특구,POI003,KEY_4,포르쉐 HPC 데스티네이션 서울 웨스틴 조선 호텔 지상1층,CV000888,서울특별시 중구 소공로 106,126.980205,37.564463,09:00~18:00,Y,N,,숙박시설
2026-06-26T02:55:15.898981+09:00,명동 관광특구,명동 관광특구,POI003,KEY_4,포르쉐 HPC 데스티네이션 서울 웨스틴 조선 호텔 지하4층,CV002057,서울특별시 중구 소공로 106,126.980135,37.5648873,09:00~18:00,Y,N,,서비스센터
2026-06-26T02:55:15.898981+09:00,명동 관광특구,명동 관광특구,POI003,KEY_4,하나은행 명동사옥 (급속),EP210350,서울특별시 중구 을지로 66,126.9850107,37.5651546,24시간 이용가능,N,N,시설 상황에 따라 이용이 제한될 수 있음,금융기관
2026-06-26T02:55:15.898981+09:00,명동 관광특구,명동 관광특구,POI003,KEY_4,하나은행 을지로본점 급속충전소,EP230196,"서울 중구 을지로 35 (을지로1가, (주)하나은행 본점)",126.9818658,37.5664918,24시간 이용가능,N,N,시설 상황에 따라 이용이 제한될 수 있음,금융기관
2026-06-26T02:55:15.898981+09:00,명동 관광특구,명동 관광특구,POI003,KEY_4,한국프레스센터,EC110009,서울특별시 중구 세종대로 124,126.9778737,37.5674199,24시간 이용가능,Y,N,,공공기관
2026-06-26T02:55:15.898981+09:00,잠실 관광특구,잠실 관광특구,POI005,KEY_2,서울송파 신동아로쟌뷰,EV005690,서울특별시 송파구 석촌호수로 188,127.0980153,37.50623,24시간 이용가능,N,N,"외부인 사용불가, 주차비유료",아파트
2026-06-26T02:55:15.898981+09:00,잠실 관광특구,잠실 관광특구,POI005,KEY_2,서울송파 한성백제박물관(급속),EV008986,서울특별시 송파구 위례성대로 71,127.1208007,37.5154287,09:00~22:00만 이용가능,N,N,09:00~22:00만 이용가능,박물관
2026-06-26T02:55:15.898981+09:00,잠실 관광특구,잠실 관광특구,POI005,KEY_2,서울송파 한성백제박물관(완속),EV008987,서울특별시 송파구 위례성대로 71,127.1199196,37.5155051,09:00~22:00만 이용가능,N,N,09:00~22:00만 이용가능,박물관
2026-06-26T02:55:15.898981+09:00,잠실 관광특구,잠실 관광특구,POI005,KEY_2,서울시 잠실역공영주차장(급속),EV003440,서울특별시 송파구 올림픽로 지하 265,127.1018579,37.5138593,24시간 이용가능,N,N,,공영주차장
2026-06-26T02:55:15.898981+09:00,잠실 관광특구,잠실 관광특구,POI005,KEY_2,서울올림픽공원 남2문주차장,ME19X403,서울특별시 송파구 올림픽로,127.123837,37.514973,24시간 이용가능,Y,N,,공원
2026-06-26T02:55:15.898981+09:00,잠실 관광특구,잠실 관광특구,POI005,KEY_2,석촌호수효성해링턴타워,DL000014,서울특별시 송파구 석촌호수로 210,127.1003,37.50656,24시간 이용가능,N,N,,오피스텔
2026-06-26T02:55:15.898981+09:00,잠실 관광특구,잠실 관광특구,POI005,KEY_2,올림픽공원,ME19A152,서울특별시 송파구 올림픽로 424,127.115847,37.5171577,24시간 이용가능,N,N,,공원
2026-06-26T02:55:15.898981+09:00,잠실 관광특구,잠실 관광특구,POI005,KEY_2,잠실엘퍼스트오피스텔,CA000106,서울특별시 송파구 백제고분로51길 7,127.11466980,37.515822625,24시간 이용가능,N,Y,거주자 외 출입제한,오피스텔
2026-06-26T02:55:15.898981+09:00,잠실 관광특구,잠실 관광특구,POI005,KEY_2,효성올림픽카운티,DL000052,서울특별시 송파구 백제고분로 497,127.1146,37.5149,24시간 이용가능,Y,N,,아파트
2026-06-26T02:55:15.898981+09:00,종로·청계 관광특구,종로·청계 관광특구,POI006,KEY_3,종로 동아일보미디어센터,EP240036,서울특별시 종로구 청계천로 1,126.9780203,37.5695464,24시간 이용가능,Y,N,시설 상황에 따라 이용이 제한될 수 있음,기타
2026-06-26T02:55:15.898981+09:00,종로·청계 관광특구,종로·청계 관광특구,POI006,KEY_3,한국무역보험공사 종로,BNAB0301,서울특별시 종로구 종로 14,126.978871,37.569774,19:00~22:00,N,N,시설 상황에 따라 이용이 제한될 수 있음,기타
2026-06-26T02:55:15.898981+09:00,홍대 관광특구,홍대 관광특구,POI007,KEY_4,마포 동양한강트레벨오피스텔(B3F),CGA00022,서울특별시 마포구 양화로 56,126.9150619,37.5497514,24시간 이용가능,Y,Y,거주자외 출입제한,오피스텔
2026-06-26T02:55:15.898981+09:00,홍대 관광특구,홍대 관광특구,POI007,KEY_4,마포 메세나폴리스아파트,EV000122,서울특별시 마포구 양화로 45,126.913952,37.5515013,"24시간 이용가능,입주민만 사용가능 거주자외출입제한",Y,N,,아파트
2026-06-26T02:55:15.898981+09:00,홍대 관광특구,홍대 관광특구,POI007,KEY_4,서울마포 LC타워,EV006436,서울특별시 마포구 양화로 186,126.9258931,37.5576685,24시간 이용가능,N,N,외부인 사용불가,아파트
2026-06-26T02:55:15.898981+09:00,홍대 관광특구,홍대 관광특구,POI007,KEY_4,세아타워 지하4층 주차장-1,EC003240,서울특별시 마포구 양화로 45,126.91357,37.5501103,24시간 이용가능,N,N,,마트(쇼핑몰)
2026-06-26T02:55:15.898981+09:00,홍대 관광특구,홍대 관광특구,POI007,KEY_4,세아타워 지하4층 주차장-2,EC003241,서울특별시 마포구 양화로 45,126.9135587,37.5500697,24시간 이용가능,N,N,,마트(쇼핑몰)
2026-06-26T02:55:15.898981+09:00,홍대 관광특구,홍대 관광특구,POI007,KEY_4,영화진흥위원회,EP210306,서울특별시 마포구 와우산로 143,126.9289464,37.5542498,24시간 이용가능,Y,N,,사업장(사옥)
2026-06-26T02:55:15.898981+09:00,홍대 관광특구,홍대 관광특구,POI007,KEY_4,채비스테이 홍대,CV004090,서울특별시 마포구 양화로 85,126.917072,37.552269,24시간 이용가능,Y,N,,카페
2026-06-26T02:55:15.898981+09:00,광화문광장,광화문광장,POI088,KEY_4,서울종로 세종로공영주차장1,EV003446,서울특별시 종로구 세종대로 지하189,126.9759148,37.5733741,24시간 이용가능,N,N,,공영주차장
2026-06-26T02:55:15.898981+09:00,광화문광장,광화문광장,POI088,KEY_4,서울종로 세종로공영주차장2,EV011538,서울특별시 종로구 세종대로 지하189,126.9759604,37.5734304,24시간 이용가능,Y,N,,공영주차장
2026-06-26T02:55:15.898981+09:00,광화문광장,광화문광장,POI088,KEY_4,서울종로 세종로공영주차장3,EV011521,서울특별시 종로구 세종대로 지하189,126.9763862,37.5738605,24시간 이용가능,Y,N,,공영주차장
2026-06-26T02:55:15.898981+09:00,광화문광장,광화문광장,POI088,KEY_4,서울종로 세종로공영주차장4,EV011522,서울특별시 종로구 세종대로 지하189,126.976307,37.5737276,24시간 이용가능,Y,N,,공영주차장
2026-06-26T02:55:15.898981+09:00,광화문광장,광화문광장,POI088,KEY_4,서울종로 세종로공영주차장5,EV011523,서울특별시 종로구 세종대로 지하189,126.9763099,37.5734911,24시간 이용가능,Y,N,,공영주차장
2026-06-26T02:55:15.898981+09:00,광화문광장,광화문광장,POI088,KEY_4,서울종로 세종로공영주차장6,EV011524,서울특별시 종로구 세종대로 지하189,126.9762505,37.5733447,24시간 이용가능,Y,N,,공영주차장
2026-06-26T02:55:15.898981+09:00,남산공원,남산공원,POI091,KEY_3,국립극장,DO000048,서울특별시 중구 장충단로 59,127.000269,37.553619,24시간 이용가능,Y,N,,공연장
2026-06-26T02:55:15.898981+09:00,남산공원,남산공원,POI091,KEY_3,국립중앙극장-1,ME22D402,서울특별시 중구 장충단로59,127.0001305,37.5528698,부분개방(07:00~23:00),N,N,,공연장
2026-06-26T02:55:15.898981+09:00,남산공원,남산공원,POI091,KEY_3,국립중앙극장-2,ME22D134,서울특별시 중구 장충단로59,127.0001305,37.5528698,부분개방(07:00~23:00),N,N,,공연장
2026-06-26T02:55:15.898981+09:00,남산공원,남산공원,POI091,KEY_3,반얀트리클럽앤스파,CV001949,서울특별시 중구 장충단로 60,127.0006792,37.5503802,24시간 이용가능,N,Y,시설 사용자 외 이용이 제한될 수 있음,숙박시설
2026-06-26T02:55:15.898981+09:00,남산공원,남산공원,POI091,KEY_3,서울시 민생사법경찰단,EV011233,서울특별시 중구 삼일대로 231,126.9922176,37.5556326,24시간 이용가능,Y,N,외부인 사용불가,아파트
2026-06-26T02:55:15.898981+09:00,남산공원,남산공원,POI091,KEY_3,서울시 민생사법경찰단,EV011233,서울특별시 중구 삼일대로 231,126.9922176,37.5556326,24시간 이용가능,Y,Y,외부인 사용불가,아파트
2026-06-26T02:55:15.898981+09:00,남산공원,남산공원,POI091,KEY_3,서울중구 장충체육관,EV008991,서울특별시 중구 동호로 241,127.0066775,37.5586407,24시간 이용가능,N,N,외부인 사용불가,기타
2026-06-26T02:55:15.898981+09:00,북서울꿈의숲,북서울꿈의숲,POI096,KEY_1,서울강북 꿈의숲롯데캐슬1,EV008508,서울특별시 강북구 오현로 56,127.0364759,37.6184116,24시간 이용가능,Y,N,외부인 출입불가,아파트
2026-06-26T02:55:15.898981+09:00,북서울꿈의숲,북서울꿈의숲,POI096,KEY_1,서울강북 꿈의숲롯데캐슬1,EV008508,서울특별시 강북구 오현로 56,127.0364759,37.6184116,24시간 이용가능,Y,Y,외부인 출입불가,아파트
2026-06-26T02:55:15.898981+09:00,북서울꿈의숲,북서울꿈의숲,POI096,KEY_1,서울강북 북서울꿈의숲 동문 및 서문주차장(콘센트),EV010675,서울특별시 강북구 월계로 173,127.0443247,37.6202545,24시간 이용가능,N,N,외부인 사용불가,아파트
2026-06-26T02:55:15.898981+09:00,북서울꿈의숲,북서울꿈의숲,POI096,KEY_1,서울강북 북서울꿈의숲 동문 및 서문주차장(콘센트),EV010675,서울특별시 강북구 월계로 173,127.0443247,37.6202545,24시간 이용가능,N,N,"주차비 유료,외부인 사용불가",아파트
2026-06-26T02:55:15.898981+09:00,여의서로,여의서로,POI126,KEY_4,국회의사당,BT200001,서울특별시 영등포구 의사당대로 1,126.91641,37.53292,24시간 이용가능,Y,N,,기타
2026-06-26T02:55:15.898981+09:00,여의서로,여의서로,POI126,KEY_4,국회의사당 6문,ME22C802,서울특별시 영등포구 의사당대로 1,126.9174606,37.5326039,24시간 이용가능,Y,N,,공공기관
2026-06-26T02:55:15.898981+09:00,올림픽공원,올림픽공원,POI127,KEY_1,서울송파 한성백제박물관(급속),EV008986,서울특별시 송파구 위례성대로 71,127.1208007,37.5154287,09:00~22:00만 이용가능,N,N,09:00~22:00만 이용가능,박물관
2026-06-26T02:55:15.898981+09:00,올림픽공원,올림픽공원,POI127,KEY_1,서울송파 한성백제박물관(완속),EV008987,서울특별시 송파구 위례성대로 71,127.1199196,37.5155051,09:00~22:00만 이용가능,N,N,09:00~22:00만 이용가능,박물관
2026-06-26T02:55:15.898981+09:00,올림픽공원,올림픽공원,POI127,KEY_1,서울올림픽공원 남2문주차장,ME19X403,서울특별시 송파구 올림픽로,127.123837,37.514973,24시간 이용가능,Y,N,,공원
2026-06-26T02:55:15.898981+09:00,올림픽공원,올림픽공원,POI127,KEY_1,올림픽공원,ME19A152,서울특별시 송파구 올림픽로 424,127.115847,37.5171577,24시간 이용가능,N,N,,공원
2026-06-26T02:55:15.898981+09:00,월드컵공원,월드컵공원,POI106,KEY_2,서울마포 월드컵공원 난지삼거리주차장,EV010081,서울특별시 마포구 월드컵로 365,126.8873915,37.5711561,24시간 이용가능,Y,N,,공원주차장
2026-06-26T02:55:15.898981+09:00,월드컵공원,월드컵공원,POI106,KEY_2,서울마포 월드컵공원 난지중앙로,EV010080,서울특별시 마포구 월드컵로 243-60,126.8800727,37.5696851,24시간 이용가능,Y,N,,공영주차장
2026-06-26T02:55:15.898981+09:00,월드컵공원,월드컵공원,POI106,KEY_2,월드컵공원 주차장,CV004156,서울특별시 마포구 월드컵로 243-60,126.8987163,37.5635472,24시간 이용가능,N,N,,공원
2026-06-26T02:55:15.898981+09:00,응봉산,응봉산,POI107,KEY_3,서울성동 대림1차아파트 1,EV010331,서울특별시 성동구 독서당로62길 43,127.0335265,37.551901,24시간 이용가능,Y,N,,아파트
2026-06-26T02:55:15.898981+09:00,응봉산,응봉산,POI107,KEY_3,서울성동 대림1차아파트 2,EV010332,"서울특별시 성동구 독서당로62길 43(응봉동, 대림아파트)",127.0335265,37.5519010,24시간 이용가능,N,Y,외부인 사용불가,아파트
2026-06-26T02:55:15.898981+09:00,가락시장,가락시장,POI058,KEY_2,가락시장,ME19Y601,서울특별시 송파구 양재대로 932,127.113843,37.494161,24시간 이용가능,N,N,,마트(쇼핑몰)
2026-06-26T02:55:15.898981+09:00,가락시장,가락시장,POI058,KEY_2,롯데마트 송파점,ME174029,서울특별시 송파구 중대로 80,127.1178931,37.4918392,24시간 이용가능,N,N,,마트(쇼핑몰)
2026-06-26T02:55:15.898981+09:00,가로수길,가로수길,POI059,KEY_3,JB미소빌딩,CI0I0003,서울특별시 강남구 논현로 841,127.0277620,37.5240297,24시간 이용가능,Y,N,,기타
2026-06-26T02:55:15.898981+09:00,가로수길,가로수길,POI059,KEY_3,서울 광림교회,EP190075,서울특별시 강남구 논현로163길 33,127.0255799,37.5238944,24시간 이용가능/시설 상황에 따라 이용이 제한될 수 있습니다,Y,Y,시설 상황에 따라 이용이 제한될 수 있음,종교시설
2026-06-26T02:55:15.898981+09:00,가로수길,가로수길,POI059,KEY_3,신구초등학교 공영주차장,BT000131,서울특별시 강남구 압구정로18길 28,127.0241859,37.52311907,24시간 이용가능,N,N,,공영주차장
2026-06-26T02:55:15.898981+09:00,가로수길,가로수길,POI059,KEY_3,포르쉐 HPC데스티네이션 신사스퀘어,CV001669,서울특별시 강남구 강남대로 652,127.019063,37.519607,24시간 이용가능,N,N,,기타
2026-06-26T02:55:15.898981+09:00,김포공항,김포공항,POI061,KEY_1,김포공항 국내선 제1주차장,ME25A401,서울특별시 강서구 하늘길 111,126.8053109,37.5602639,24시간 이용가능,N,N,,공공기관
2026-06-26T02:55:15.898981+09:00,김포공항,김포공항,POI061,KEY_1,김포공항 국제선 주차빌딩,ME25A102,서울특별시 강서구 하늘길 지하77,126.8029563,37.5668056,24시간 이용가능,N,N,,공공기관
2026-06-26T02:55:15.898981+09:00,김포공항,김포공항,POI061,KEY_1,김포공항 항공지원센터,ME25A405,서울특별시 강서구 하늘길 70,126.7981126,37.5623941,24시간 이용가능,N,N,,공공기관
2026-06-26T02:55:15.898981+09:00,김포공항,김포공항,POI061,KEY_1,김포공항 항공지원센터 2,ME25A406,서울특별시 강서구 하늘길 70,126.7986383,37.5623039,24시간 이용가능,N,N,,공공기관
2026-06-26T02:55:15.898981+09:00,서촌,서촌,POI067,KEY_3,옥인공영주차장,CV004618,서울특별시 종로구 필운대로 83,126.967095,37.583155,24시간 이용가능,N,N,,공영주차장
2026-06-26T02:55:15.898981+09:00,서촌,서촌,POI067,KEY_3,인왕교통 버스차고지,CR000260,서울특별시 종로구 옥인동 181-10,126.963851,37.582101,24시간 이용가능,Y,N,버스전용,기타
2026-06-26T02:55:15.898981+09:00,서촌,서촌,POI067,KEY_3,종로구보건소,CV002634,"서울특별시 종로구 옥인동 45-30 종로구보건소, 청운효자동자치회관",126.9692391,37.581712,24시간 이용가능,Y,N,,보건소
2026-06-26T02:55:15.898981+09:00,성수카페거리,성수카페거리,POI068,KEY_4,성수 금호2차아파트,DL000036,서울특별시 성동구 연무장길 31-1,127.05314,37.543748,24시간 이용가능,Y,N,,아파트
2026-06-26T02:55:15.898981+09:00,성수카페거리,성수카페거리,POI068,KEY_4,성수드림빌드지식산업센터,AM900065,서울특별시 성동구 아차산로 132,127.0583489,37.54359489,24시간 이용가능,N,N,,일반주차장
2026-06-26T02:55:15.898981+09:00,송리단길·호수단길,송리단길·호수단길,POI121,KEY_1,서울송파 신동아로쟌뷰,EV005690,서울특별시 송파구 석촌호수로 188,127.0980153,37.50623,24시간 이용가능,N,N,"외부인 사용불가, 주차비유료",아파트
2026-06-26T02:55:15.898981+09:00,송리단길·호수단길,송리단길·호수단길,POI121,KEY_1,석촌호수효성해링턴타워,DL000014,서울특별시 송파구 석촌호수로 210,127.1003,37.50656,24시간 이용가능,N,N,,오피스텔
2026-06-26T02:55:15.898981+09:00,압구정로데오거리,압구정로데오거리,POI071,KEY_3,서울강남 대원칸타빌아파트 1,EV000923,"서울특별시 강남구 압구정로48길 15 (신사동, 압구정대원칸타빌아파트)",127.0370362,37.5273611,24시간 이용가능,Y,N,,아파트
2026-06-26T02:55:15.898981+09:00,압구정로데오거리,압구정로데오거리,POI071,KEY_3,서울강남 대원칸타빌아파트1(B1),EV005483,서울특별시 강남구 압구정로48길 15,127.037245,37.527529,24시간 이용가능,Y,N,외부인 사용불가,아파트
2026-06-26T02:55:15.898981+09:00,압구정로데오거리,압구정로데오거리,POI071,KEY_3,서울강남 대원칸타빌아파트1(B2),EV005484,서울특별시 강남구 압구정로48길 15,127.03727112,37.527656081,24시간 이용가능,Y,N,외부인 사용불가,아파트
2026-06-26T02:55:15.898981+09:00,압구정로데오거리,압구정로데오거리,POI071,KEY_3,한양조씨병참공파종회,EC003206,서울특별시 강남구 선릉로 823,127.0393426,37.5256356,24시간 이용가능,N,N,,기타
2026-06-26T02:55:15.898981+09:00,여의도,여의도,POI072,KEY_4,국회의사당 6문,ME22C802,서울특별시 영등포구 의사당대로 1,126.9174606,37.5326039,24시간 이용가능,Y,N,,공공기관
2026-06-26T02:55:15.898981+09:00,여의도,여의도,POI072,KEY_4,EV충전소 SK여의도주유소 (ev Most),EM000001,서울특별시 영등포구 의사당대로 154,126.927370,37.517737,07:00-22:00,Y,N,,주유소
2026-06-26T02:55:15.898981+09:00,여의도,여의도,POI072,KEY_4,교보증권 본사,CV004456,서울특별시 영등포구 의사당대로 97,126.924533,37.522753,09:00~18:00,N,Y,외부인 출입불가,사업장(사옥)
2026-06-26T02:55:15.898981+09:00,여의도,여의도,POI072,KEY_4,국회 서편 주차장,ME20A410,서울특별시 영등포구 여의도동 1,126.9127433,37.5318027,24시간 이용가능,Y,N,,공공기관
2026-06-26T02:55:15.898981+09:00,여의도,여의도,POI072,KEY_4,국회 헌정기념관 주차장,ME20A411,서울특별시 영등포구 여의도동 1,126.919483,37.53175,24시간 이용가능,Y,N,,공공기관
2026-06-26T02:55:15.898981+09:00,여의도,여의도,POI072,KEY_4,국회도서관,ME183103,"서울특별시 영등포구 의사당대로1, 국회도서관 앞",126.91764312,37.530302464,24시간 이용가능,Y,N,,공공기관
2026-06-26T02:55:15.898981+09:00,여의도,여의도,POI072,KEY_4,국회의사당,BT200001,서울특별시 영등포구 의사당대로 1,126.91641,37.53292,24시간 이용가능,Y,N,,기타
2026-06-26T02:55:15.898981+09:00,여의도,여의도,POI072,KEY_4,국회의원회관,ME183219,"서울특별시 영등포구 의사당대로1, 국회의원회관 주차장 우측",126.914480,37.528194,09:00 ~ 18:00,Y,N,,공공기관
2026-06-26T02:55:15.898981+09:00,여의도,여의도,POI072,KEY_4,드림리버오피스텔,EC110022,서울특별시 영등포구 은행로 54,126.9245374,37.5297624,24시간 이용가능,Y,Y,거주자외 출입제한,빌라
2026-06-26T02:55:15.898981+09:00,여의도,여의도,POI072,KEY_4,민주당사,CI0I0019,서울특별시 영등포구 국회대로68길 7,126.9195086,37.5294792,24시간 이용가능,Y,N,,기타
2026-06-26T02:55:15.898981+09:00,여의도,여의도,POI072,KEY_4,백상빌딩,CI0I000C,서울특별시 영등포구 국제금융로6길 30,126.9266154,37.5217254,24시간 이용가능,Y,N,,기타
2026-06-26T02:55:15.898981+09:00,여의도,여의도,POI072,KEY_4,삼천리 여의도 본사,EASCLYP1,서울특별시 영등포구 국제금융로6길 42,126.9255739,37.5209431,24시간 이용가능,N,N,시설 상황에 따라 이용이 제한될 수 있음,사업장(사옥)
2026-06-26T02:55:15.898981+09:00,여의도,여의도,POI072,KEY_4,서린빌딩(샬레코리아),CV000262,서울특별시 영등포구 여의대방로65길 17,126.929253,37.519683,24시간 이용가능,N,N,,사업장(사옥)
2026-06-26T02:55:15.898981+09:00,여의도,여의도,POI072,KEY_4,서울 영등포구 KBS 별관,BNBN0037,서울특별시 영등포구 여의대방로 359,126.929118,37.518669,부분 비개방,N,N,시설 상황에 따란 이용이 제한될 수 있음,기타
2026-06-26T02:55:15.898981+09:00,여의도,여의도,POI072,KEY_4,서울 영등포구 KBS 연구동,BNBN0543,서울특별시 영등포구 국회대로62길 4,126.91495,37.526994,비개방,N,N,시설 상황에 따라 이용이 제한될 수 있음,공공기관
2026-06-26T02:55:15.898981+09:00,여의도,여의도,POI072,KEY_4,서울영등포 여의도국민일보,EV005357,서울특별시 영등포구 여의공원로 101,126.9248927,37.529272,24시간 이용가능,Y,N,외부인 사용불가,사업장(사옥)
2026-06-26T02:55:15.898981+09:00,여의도,여의도,POI072,KEY_4,서울영등포 여의도금호리첸시아오피스텔,EV011608,서울특별시 영등포구 여의동로 213,126.9396296,37.5185953,24시간 이용가능,Y,N,,오피스텔
2026-06-26T02:55:15.898981+09:00,여의도,여의도,POI072,KEY_4,세우빌딩,BPA00006,서울특별시 영등포구 여의공원로 115,126.92,37.53,05:00~00:00,N,Y,시설 상황에 따라 이용이 제한될 수 있음,기타
2026-06-26T02:55:15.898981+09:00,여의도,여의도,POI072,KEY_4,여의도 화랑아파트(야외주차장),CGA00026,서울특별시 영등포구 국제금융로7가길 21,126.9355606,37.5221532,24시간 이용가능,Y,Y,거주자외 출입제한,아파트
2026-06-26T02:55:15.898981+09:00,여의도,여의도,POI072,KEY_4,여의도SK증권빌딩,CV004354,서울특별시 영등포구 국제금융로8길 31,126.9281192,37.5194777,24시간 이용가능,N,N,,금융기관
2026-06-26T02:55:15.898981+09:00,여의도,여의도,POI072,KEY_4,여의도사학연금서울회관,CV002274,서울특별시 영등포구 의사당대로 96,126.92287700,37.521523000,24시간 이용가능,N,N,,사업장(사옥)
2026-06-26T02:55:15.898981+09:00,여의도,여의도,POI072,KEY_4,여의도순복음교회,CSCS1006,서울특별시 영등포구 은행로 55,126.914169,37.53049,24시간 이용가능,Y,N,,종교시설
2026-06-26T02:55:15.898981+09:00,여의도,여의도,POI072,KEY_4,이룸센터,ME25A109,서울특별시 영등포구 의사당대로 22 (여의도동),126.917833,37.5270608,24시간 이용가능,N,N,,공공기관
2026-06-26T02:55:15.898981+09:00,여의도,여의도,POI072,KEY_4,익스콘벤처타워,EC110040,서울특별시 영등포구 은행로 3,126.9196651,37.5275095,24시간 이용가능,Y,N,,사업장(사옥)
2026-06-26T02:55:15.898981+09:00,여의도,여의도,POI072,KEY_4,장미아파트,CV001272,서울특별시 영등포구 국제금융로7길 32,126.934486,37.523403,24시간 이용가능(입주민 외 이용제한 있을 수 있음),Y,Y,입주민 외 이용제한 있을 수 있음,아파트
2026-06-26T02:55:15.898981+09:00,여의도,여의도,POI072,KEY_4,한국수출입은행,CSCS1051,서울특별시 영등포구 은행로 38,126.923399,37.528637,24시간 이용가능,Y,N,.,오피스텔
2026-06-26T02:55:15.898981+09:00,여의도,여의도,POI072,KEY_4,한국증권금융 본사,CV004487,서울특별시 영등포구 국제금융로8길 10,126.929336,37.52165,외부인 이용불가,Y,Y,외부인이 전기차 충전목적만으로 출입할 수 없습니다,금융기관
2026-06-26T02:55:15.898981+09:00,여의도,여의도,POI072,KEY_4,행진빌딩,CI0I0005,서울특별시 영등포구 국제금융로 106,126.9333119,37.5190524,24시간 이용가능,Y,N,,기타
2026-06-26T02:55:15.898981+09:00,영등포 타임스퀘어,영등포 타임스퀘어,POI074,KEY_2,영등포 점프밀라노(B4F),CGA00094,서울특별시 영등포구 영중로 28,126.9058681,37.5188593,24시간 이용가능,N,N,,오피스텔
2026-06-26T02:55:15.898981+09:00,영등포 타임스퀘어,영등포 타임스퀘어,POI074,KEY_2,영등포 제3공영주차장,DO000015,서울특별시 영등포구 문래로 196,126.902438,37.517949,24시간 이용가능,N,N,,공영주차장
2026-06-26T02:55:15.898981+09:00,영등포 타임스퀘어,영등포 타임스퀘어,POI074,KEY_2,영등포구 영등포제3공영주차장,BNBN0328,"서울특별시 영등포구 문래로 196 (영등포동4가, 영등포구 관광정보센터)",126.9041419,37.5170070,0000~0000,N,N,시설 상황에 따라 이용이 제한될 수 있음,사업장(사옥)
2026-06-26T02:55:15.898981+09:00,인사동,인사동,POI078,KEY_2,서울종로 운현궁SK허브,EV008539,서울특별시 종로구 삼일대로 461,126.985829,37.5755955,24시간 이용가능,N,N,외부인 사용불가,아파트
2026-06-26T02:55:15.898981+09:00,인사동,인사동,POI078,KEY_2,태화빌딩,ME174039,서울특별시 종로구 인사동5길 29,126.9850443,37.5718148,24시간 이용가능,N,N,,사업장(사옥)
2026-06-26T02:55:15.898981+09:00,잠실롯데타워·석촌호수,잠실롯데타워·석촌호수,POI120,KEY_3,서울송파 신동아로쟌뷰,EV005690,서울특별시 송파구 석촌호수로 188,127.0980153,37.50623,24시간 이용가능,N,N,"외부인 사용불가, 주차비유료",아파트
2026-06-26T02:55:15.898981+09:00,잠실롯데타워·석촌호수,잠실롯데타워·석촌호수,POI120,KEY_3,서울시 잠실역공영주차장(급속),EV003440,서울특별시 송파구 올림픽로 지하 265,127.1018579,37.5138593,24시간 이용가능,N,N,,공영주차장
2026-06-26T02:55:15.898981+09:00,잠실롯데타워·석촌호수,잠실롯데타워·석촌호수,POI120,KEY_3,석촌호수효성해링턴타워,DL000014,서울특별시 송파구 석촌호수로 210,127.1003,37.50656,24시간 이용가능,N,N,,오피스텔
2026-06-26T02:55:15.898981+09:00,잠실롯데타워·석촌호수,잠실롯데타워·석촌호수,POI120,KEY_3,올림픽공원,ME19A152,서울특별시 송파구 올림픽로 424,127.115847,37.5171577,24시간 이용가능,N,N,,공원
2026-06-26T02:55:15.898981+09:00,잠실롯데타워·석촌호수,잠실롯데타워·석촌호수,POI120,KEY_3,잠실엘퍼스트오피스텔,CA000106,서울특별시 송파구 백제고분로51길 7,127.11466980,37.515822625,24시간 이용가능,N,Y,거주자 외 출입제한,오피스텔
2026-06-26T02:55:15.898981+09:00,잠실롯데타워·석촌호수,잠실롯데타워·석촌호수,POI120,KEY_3,효성올림픽카운티,DL000052,서울특별시 송파구 백제고분로 497,127.1146,37.5149,24시간 이용가능,Y,N,,아파트
2026-06-26T02:55:15.898981+09:00,창동 신경제 중심지,창동 신경제 중심지,POI079,KEY_4,(주)농협유통창동농산물종합,EP190009,서울특별시 도봉구 마들로11길 20,127.0518028,37.6550378,24시간 이용가능,Y,Y,시설 상황에 따라 이용이 제한될 수 있음,마트(쇼핑몰)
2026-06-26T02:55:15.898981+09:00,창동 신경제 중심지,창동 신경제 중심지,POI079,KEY_4,도봉어르신문화센터,CV001170,서울특별시 도봉구 마들로 536,127.0508762,37.6600934,24시간 이용가능,Y,N,,지자체시설
2026-06-26T02:55:15.898981+09:00,창동 신경제 중심지,창동 신경제 중심지,POI079,KEY_4,서울교통공사 창동차량기지,CGA00082,서울특별시 노원구 노원로 573,127.05400285,37.660291354,24시간 이용가능,Y,Y,임직원 외 출입제한,공공기관
2026-06-26T02:55:15.898981+09:00,창동 신경제 중심지,창동 신경제 중심지,POI079,KEY_4,서울도봉 창동문화체육센터,EV008827,서울특별시 도봉구 노해로69길 132,127.0507053,37.6581174,24시간 이용가능,Y,N,외부인 출입불가,기타
2026-06-26T02:55:15.898981+09:00,창동 신경제 중심지,창동 신경제 중심지,POI079,KEY_4,서울도봉 창동씨드큐브,EV011669,서울특별시 도봉구 창동 1-28,127.0505214,37.6590213,24시간 이용가능,Y,N,,아파트
2026-06-26T02:55:15.898981+09:00,창동 신경제 중심지,창동 신경제 중심지,POI079,KEY_4,서울도봉 창동씨드큐브,EV011669,서울특별시 도봉구 창동 1-28,127.0505214,37.6590213,24시간 이용가능,Y,Y,외부인 사용불가,아파트
2026-06-26T02:55:15.898981+09:00,창동 신경제 중심지,창동 신경제 중심지,POI079,KEY_4,서울도봉 창동역공영주차장,EV008830,서울특별시 도봉구 노해로65길 17-6,127.0458688,37.6522498,24시간 이용가능,Y,N,,공영주차장
2026-06-26T02:55:15.898981+09:00,창동 신경제 중심지,창동 신경제 중심지,POI079,KEY_4,서울도봉 창동역동측주차장,EV008835,서울특별시 도봉구 마들로11길 74,127.0487373,37.6540776,24시간 이용가능,Y,N,,공영주차장
2026-06-26T02:55:15.898981+09:00,창동 신경제 중심지,창동 신경제 중심지,POI079,KEY_4,서울사진미술관,EP021000,서울특별시 도봉구 마들로13길 68,127.04894781,37.655515022,24시간 이용가능,Y,N,,전시관
2026-06-26T02:55:15.898981+09:00,창동 신경제 중심지,창동 신경제 중심지,POI079,KEY_4,서울시 창동문화체육센터(급속),EV003435,서울특별시 도봉구 노해로69길 132,127.0504457,37.658277,24시간 이용가능,N,N,,지자체시설
2026-06-26T02:55:15.898981+09:00,창동 신경제 중심지,창동 신경제 중심지,POI079,KEY_4,서울시 창동역서주차장(급속),EV003436,서울특별시 도봉구 노해로65길 17-6,127.0458688,37.6522498,24시간 이용가능,N,Y,시설 상황에 따라 이용이 제한될 수 있음,공영주차장
2026-06-26T02:55:15.898981+09:00,창동 신경제 중심지,창동 신경제 중심지,POI079,KEY_4,와우쇼핑,EBWOWSNW,서울특별시 노원구 노해로 507,127.0640219,37.6553322,09:00~20:00,Y,N,,마트(쇼핑몰)
2026-06-26T02:55:15.898981+09:00,창동 신경제 중심지,창동 신경제 중심지,POI079,KEY_4,용화여고,CU200035,서울특별시 노원구 동일로 1461,127.058376,37.6587686,24시간 이용가능,Y,N,,학교
2026-06-26T02:55:15.898981+09:00,창동 신경제 중심지,창동 신경제 중심지,POI079,KEY_4,한국전기안전공사 서울북부지사,CV000240,서울특별시 도봉구 노해로67길 14,127.0494501,37.652269,24시간 이용가능(시설이용자 외 이용제한 있을 수 있음),Y,N,,공공기관
2026-06-26T02:55:15.898981+09:00,창동 신경제 중심지,창동 신경제 중심지,POI079,KEY_4,화랑빌딩,CPCT0023,서울특별시 노원구 상계로 64,127.062278,37.655792,24시간 이용가능,Y,N,,기타
2026-06-26T02:55:15.898981+09:00,청량리 제기동 일대 전통시장,청량리 제기동 일대 전통시장,POI081,KEY_2,디자이너스호텔,CPCP1064,서울특별시 동대문구 왕산로 226,127.0477,37.5817,24시간 이용가능,Y,N,,기타
2026-06-26T02:55:15.898981+09:00,청량리 제기동 일대 전통시장,청량리 제기동 일대 전통시장,POI081,KEY_2,서울약령시 공영주차장,ME18B284,서울특별시 동대문구 약령중앙로 26,127.03715,37.58051,24시간 이용가능,N,N,,공영주차장
2026-06-26T02:55:15.898981+09:00,DMC(디지털미디어시티),DMC(디지털미디어시티),POI084,KEY_1,Park M (주차복합빌딩),ME19A246,서울특별시 마포구 매봉산로 80,126.8941079,37.5783444,24시간 이용가능,N,N,,일반주차장
2026-06-26T02:55:15.898981+09:00,DMC(디지털미디어시티),DMC(디지털미디어시티),POI084,KEY_1,마포 누리꿈스퀘어빌딩 급속충전소(스타코프),EP021300,"서울특별시 마포구 월드컵북로 396 (상암동, 누리꿈스퀘어)",126.8897829,37.579428342,24시간 이용가능,Y,N,,기타
2026-06-26T02:55:15.898981+09:00,DMC(디지털미디어시티),DMC(디지털미디어시티),POI084,KEY_1,마포 우리금융상암센터(B3F),CGA00059,서울특별시 마포구 월드컵북로60길 17,126.8859923,37.5833854,24시간 이용가능,Y,Y,임직원 외 출입제한,사업장(사옥)
2026-06-26T02:55:15.898981+09:00,DMC(디지털미디어시티),DMC(디지털미디어시티),POI084,KEY_1,마포구 상암1공영주차장,BNBN0843,서울특별시 마포구 성암로 197,126.8971993,37.5771432,~,N,N,시설 상황에 따라 이용이 제한될 수 있음,공영주차장
2026-06-26T02:55:15.898981+09:00,DMC(디지털미디어시티),DMC(디지털미디어시티),POI084,KEY_1,상암1 공영주차장,ME19A245,서울특별시 마포구 성암로 197,126.8973596,37.577011200000,24시간 이용가능,N,N,,공영주차장
2026-06-26T02:55:15.898981+09:00,DMC(디지털미디어시티),DMC(디지털미디어시티),POI084,KEY_1,서울 한샘상암사옥 충전소,AM900012,서울특별시 마포구 성암로 179,126.8987638,37.5761509,24시간 이용가능,N,N,시설 상황에 따라 이용이 제한될 수 있음,기타
2026-06-26T02:55:15.898981+09:00,DMC(디지털미디어시티),DMC(디지털미디어시티),POI084,KEY_1,서울 한샘상암사옥 충전소,EP220314,서울특별시 마포구 성암로 179,126.8987638,37.5761509,24시간 이용가능,Y,N,시설 상황에 따라 이용이 제한될 수 있음,기타
2026-06-26T02:55:15.898981+09:00,DMC(디지털미디어시티),DMC(디지털미디어시티),POI084,KEY_1,서울 한샘상암사옥 충전소,EP220314,서울특별시 마포구 성암로 179,126.8987638,37.5761509,24시간 이용가능,Y,Y,시설 상황에 따라 이용이 제한될 수 있음,기타
2026-06-26T02:55:15.898981+09:00,DMC(디지털미디어시티),DMC(디지털미디어시티),POI084,KEY_1,서울경제진흥원,CV004480,서울특별시 마포구 월드컵북로 400,126.889538,37.580315,24시간 이용가능,N,N,,공공기관
2026-06-26T02:55:15.898981+09:00,DMC(디지털미디어시티),DMC(디지털미디어시티),POI084,KEY_1,서울마포 상암휴먼시아2단지,EV006824,서울특별시 마포구 월드컵북로42가길 11,126.8975858,37.5747375,24시간 이용가능,Y,N,외부인 사용불가,아파트
2026-06-26T02:55:15.898981+09:00,DMC(디지털미디어시티),DMC(디지털미디어시티),POI084,KEY_1,서울마포 상암휴먼시아2단지,EV006824,서울특별시 마포구 월드컵북로42가길 11,126.8975858,37.5747375,24시간 이용가능,Y,Y,외부인 사용불가,아파트
2026-06-26T02:55:15.898981+09:00,DMC(디지털미디어시티),DMC(디지털미디어시티),POI084,KEY_1,서울산업진흥원,EV000411,서울특별시 마포구 월드컵북로 400,126.8896371,37.5805219,평일 09시~18시 이용가능,Y,N,,사업장(사옥)
2026-06-26T02:55:15.898981+09:00,DMC(디지털미디어시티),DMC(디지털미디어시티),POI084,KEY_1,스탠포드호텔코리아,ME183009,"서울특별시 마포구 상암동 월드컵북로 58길 15, 지하4층 18",126.886648,37.5823581,24시간 이용가능,Y,N,,숙박시설
2026-06-26T02:55:15.898981+09:00,DMC(디지털미디어시티),DMC(디지털미디어시티),POI084,KEY_1,파크엠빌딩,AMAM0003,서울특별시 마포구 매봉산로 80,126.894285,37.57853,24시간 이용가능,N,N,,일반주차장
2026-06-26T02:55:15.898981+09:00,DMC(디지털미디어시티),DMC(디지털미디어시티),POI084,KEY_1,한국콘텐츠진흥원 DMS방송제작센터,CV001934,서울특별시 마포구 월드컵북로54길 12,126.8892508,37.5807286,24시간 이용가능,N,N,,기타
2026-06-26T02:55:15.898981+09:00,가산디지털단지역,가산디지털단지역,POI013,KEY_2,LG가산디지털센터,EV001760,서울특별시 금천구 가산디지털1로 189,126.8797058,37.4821518,24시간 이용가능,Y,N,외부인 사용불가,사업장(사옥)
2026-06-26T02:55:15.898981+09:00,가산디지털단지역,가산디지털단지역,POI013,KEY_2,금천 대륭포스트타워6차,CGA00216,서울특별시 금천구 벚꽃로 298,126.8838717,37.4814402,24시간 이용가능,Y,N,,기타
2026-06-26T02:55:15.898981+09:00,가산디지털단지역,가산디지털단지역,POI013,KEY_2,금천 벽산/경인 디지털밸리_주차장입구1,CGA00146,서울특별시 금천구 가산디지털2로 184,126.8780843,37.4842494,24시간 이용가능,Y,N,,기타
2026-06-26T02:55:15.898981+09:00,가산디지털단지역,가산디지털단지역,POI013,KEY_2,금천 벽산/경인 디지털밸리_주차장입구2,CGA00193,서울특별시 금천구 가산디지털2로 184,126.8780843,37.4842494,24시간 이용가능,Y,N,,기타
2026-06-26T02:55:15.898981+09:00,가산디지털단지역,가산디지털단지역,POI013,KEY_2,대륭테크노타운6차,EP210180,서울특별시 금천구 서부샛길 648,126.8761807,37.4812045,24시간 이용가능,N,N,,오피스텔
2026-06-26T02:55:15.898981+09:00,가산디지털단지역,가산디지털단지역,POI013,KEY_2,대륭테크노타운6차,EP210180,서울특별시 금천구 서부샛길 648,126.8761807,37.4812045,24시간 이용가능,N,Y,SM3전용,오피스텔
2026-06-26T02:55:15.898981+09:00,가산디지털단지역,가산디지털단지역,POI013,KEY_2,대륭포스트타워5차,EC110008,서울특별시 금천구 디지털로9길 68,126.8864218,37.481076,24시간 이용가능,Y,N,,사업장(사옥)
2026-06-26T02:55:15.898981+09:00,가산디지털단지역,가산디지털단지역,POI013,KEY_2,대륭포스트타워5차 (급),EC110112,서울특별시 금천구 디지털로9길 68,126.8862972,37.4811672,24시간 이용가능,Y,N,,사업장(사옥)
2026-06-26T02:55:15.898981+09:00,가산디지털단지역,가산디지털단지역,POI013,KEY_2,서울 금천구 가산동 가산디지털 서측노외,BNBN0325,서울특별시 금천구 가산디지털1로 230,126.880392,37.485481,24시간 이용가능,N,N,시설 상황에 따란 이용이 제한될 수 있음,기타
2026-06-26T02:55:15.898981+09:00,가산디지털단지역,가산디지털단지역,POI013,KEY_2,서울 금천구 견인차량보관소,BNBN0582,서울 금천구 가산디지털2로 169-34 (가산동),126.8758006,37.4831701,24시간 이용가능,N,N,시설 상황에 따라 이용이 제한될 수 있음,기타
2026-06-26T02:55:15.898981+09:00,가산디지털단지역,가산디지털단지역,POI013,KEY_2,서울 코오롱테크노밸리,EP230205,서울특별시 금천구 디지털로9길 56,126.88687232,37.480402595,24시간 이용가능,Y,N,,기타
2026-06-26T02:55:15.898981+09:00,가산디지털단지역,가산디지털단지역,POI013,KEY_2,서울금천 월드메르디앙벤처센터,EV006695,서울특별시 금천구 벚꽃로 254,126.8854927,37.477763,24시간 이용가능,N,N,외부인 사용불가,사업장(사옥)
2026-06-26T02:55:15.898981+09:00,가산디지털단지역,가산디지털단지역,POI013,KEY_2,서울금천_에이스비즈포레,EV003719,서울특별시 금천구 가산디지털2로 173,126.8770673,37.4831681,24시간 이용가능,Y,N,외부인 사용불가,사업장(사옥)
2026-06-26T02:55:15.898981+09:00,가산디지털단지역,가산디지털단지역,POI013,KEY_2,에이스테크노타워10차,EP210287,서울특별시 금천구 가산디지털1로 196,126.8812848,37.4829649,24시간 이용가능,N,N,,오피스텔
2026-06-26T02:55:15.898981+09:00,가산디지털단지역,가산디지털단지역,POI013,KEY_2,에이스테크노타워10차,EP210287,서울특별시 금천구 가산디지털1로 196,126.8812848,37.4829649,24시간 이용가능,N,N,시설 상황에 따라 이용이 제한될 수 있음,오피스텔
2026-06-26T02:55:15.898981+09:00,가산디지털단지역,가산디지털단지역,POI013,KEY_2,코오롱테크노밸리,EP210295,서울특별시 금천구 디지털로9길 56,126.8868723,37.4804026,24시간 이용가능,N,N,,오피스텔
2026-06-26T02:55:15.898981+09:00,강남역,강남역,POI014,KEY_3,강남 GT타워이스트,CGA00294,서울특별시 서초구 서초대로 411,127.0259226,37.4981083,24시간 이용가능,N,N,입주민 전용,사업장(사옥)
2026-06-26T02:55:15.898981+09:00,강남역,강남역,POI014,KEY_3,강남 대우디오빌플러스,CGA00129,서울특별시 강남구 강남대로84길 33,127.03109342,37.497546130,24시간 이용가능,Y,Y,거주자외 출입제한,아파트
2026-06-26T02:55:15.898981+09:00,강남역,강남역,POI014,KEY_3,강남 대우디오빌플러스_2차,CGA00249,서울특별시 강남구 강남대로84길 33,127.0312229,37.4973278,24시간 이용가능,Y,N,,오피스텔
2026-06-26T02:55:15.898981+09:00,강남역,강남역,POI014,KEY_3,서울_강남센트럴푸르지오시티1,EV003466,서울특별시 강남구 테헤란로4길 6,127.0292863,37.4976674,24시간 이용가능 / 입주민만 사용가능,Y,N,,아파트
2026-06-26T02:55:15.898981+09:00,강남역,강남역,POI014,KEY_3,서울_강남센트럴푸르지오시티1,EV003466,서울특별시 강남구 테헤란로4길 6,127.0292863,37.4976674,24시간 이용가능 / 입주민만 사용가능,Y,N,외부인 사용불가,아파트
2026-06-26T02:55:15.898981+09:00,강남역,강남역,POI014,KEY_3,서울_강남센트럴푸르지오시티2,EV003467,서울특별시 강남구 테헤란로4길 6,127.02916487,37.497576085,"24시간 이용가능,입주민만 사용가능 거주자외출입제한",Y,N,외부인 사용불가,아파트
2026-06-26T02:55:15.898981+09:00,강남역,강남역,POI014,KEY_3,서울_강남센트럴푸르지오시티3,EV003458,서울특별시 강남구 테헤란로4길 6,127.02941929,37.497524214,"24시간 이용가능,입주민만 사용가능 거주자외출입제한",Y,N,외부인 사용불가,아파트
2026-06-26T02:55:15.898981+09:00,강남역,강남역,POI014,KEY_3,서울강남 강남역효성헤링턴타워,EV006829,서울특별시 강남구 강남대로84길 15,127.0298357,37.4970034,24시간 이용가능,Y,N,외부인 사용불가,아파트
2026-06-26T02:55:15.898981+09:00,강남역,강남역,POI014,KEY_3,서울강남 강남역효성헤링턴타워,EV006829,서울특별시 강남구 강남대로84길 15,127.0298357,37.4970034,24시간 이용가능,Y,Y,외부인 사용불가,아파트
2026-06-26T02:55:15.898981+09:00,강남역,강남역,POI014,KEY_3,역삼문화공원 지하3층주차장,CV001458,서울특별시 강남구 테헤란로7길 21,127.029673,37.500888,24시간 이용가능,N,N,,공영주차장
2026-06-26T02:55:15.898981+09:00,강남역,강남역,POI014,KEY_3,역삼문화공원 지하4층주차장,CV002017,서울특별시 강남구 테헤란로7길 21,127.0302568,37.50050350,24시간 이용가능,N,N,,공영주차장
2026-06-26T02:55:15.898981+09:00,건대입구역,건대입구역,POI015,KEY_4,광진구 자양4동 공영주차장,BNBN0833,서울특별시 광진구 자양동 5-5,127.0681886,37.5386773,~,N,N,시설 상황에 따라 이용이 제한될 수 있음,공영주차장
2026-06-26T02:55:15.898981+09:00,건대입구역,건대입구역,POI015,KEY_4,광진문화예술회관,ME20A278,서울특별시 광진구 능동로 76,127.0705319,37.5375337,24시간 이용가능,N,N,,지자체시설
2026-06-26T02:55:15.898981+09:00,건대입구역,건대입구역,POI015,KEY_4,서울광진 더라움펜트하우스1(B3),EV006056,서울특별시 광진구 능동로 81,127.06916132,37.538250998,24시간 이용가능,Y,N,외부인 사용불가,아파트
2026-06-26T02:55:15.898981+09:00,건대입구역,건대입구역,POI015,KEY_4,서울광진 더라움펜트하우스1(B3),EV006056,서울특별시 광진구 능동로 81,127.06916132,37.538250998,24시간 이용가능,Y,Y,외부인 사용불가,아파트
2026-06-26T02:55:15.898981+09:00,건대입구역,건대입구역,POI015,KEY_4,서울광진 더라움펜트하우스2(B5),EV006057,서울특별시 광진구 능동로 81,127.06918404,37.538354599,24시간 이용가능,Y,N,외부인 사용불가,아파트
2026-06-26T02:55:15.898981+09:00,건대입구역,건대입구역,POI015,KEY_4,서울광진 더라움펜트하우스2(B5),EV006057,서울특별시 광진구 능동로 81,127.06918404,37.538354599,24시간 이용가능,Y,Y,외부인 사용불가,아파트
2026-06-26T02:55:15.898981+09:00,건대입구역,건대입구역,POI015,KEY_4,서울광진 더라움펜트하우스3(B6),EV006058,서울특별시 광진구 능동로 81,127.0693126,37.5383612,24시간 이용가능,Y,N,외부인 사용불가,아파트
2026-06-26T02:55:15.898981+09:00,건대입구역,건대입구역,POI015,KEY_4,서울광진 더라움펜트하우스3(B6),EV006058,서울특별시 광진구 능동로 81,127.0693126,37.5383612,24시간 이용가능,Y,Y,외부인 사용불가,아파트
2026-06-26T02:55:15.898981+09:00,건대입구역,건대입구역,POI015,KEY_4,자양동노상주차장,CV004505,서울특별시 광진구 자양동 23-9,127.0645572,37.5414901,24시간 이용가능,Y,N,,공영주차장
2026-06-26T02:55:15.898981+09:00,고덕역,고덕역,POI016,KEY_1,서울강동 고덕삼환아파트,EV004025,서울특별시 강동구 고덕로62길 29,127.1542273,37.5543173,24시간 이용가능,Y,N,,아파트
2026-06-26T02:55:15.898981+09:00,고덕역,고덕역,POI016,KEY_1,서울강동 한화오벨리스크스위트오피스텔,EV005768,서울특별시 강동구 동남로 877,127.155802,37.5520152,24시간 이용가능,Y,N,외부인 사용불가,아파트
2026-06-26T02:55:15.898981+09:00,구로디지털단지역,구로디지털단지역,POI019,KEY_4,구로 에이스테크노타워2차,CGA00110,서울특별시 구로구 디지털로31길 19,126.89376717,37.484876015,24시간 이용가능,N,N,,사업장(사옥)
2026-06-26T02:55:15.898981+09:00,구로디지털단지역,구로디지털단지역,POI019,KEY_4,구로구 구로3동 주차장,BNBN0820,서울특별시 구로구 구로동 212-14,126.8925044,37.4830246,~,N,N,시설 상황에 따라 이용이 제한될 수 있음,일반주차장
2026-06-26T02:55:15.898981+09:00,구로디지털단지역,구로디지털단지역,POI019,KEY_4,구로디지털단지역환승주차장,EC001010,서울특별시 구로구 도림천로 477,126.9016095,37.4854141,24시간 이용가능,N,N,,환승주차장
2026-06-26T02:55:15.898981+09:00,구로디지털단지역,구로디지털단지역,POI019,KEY_4,서울 아남전자1 충전소,EP220556,서울특별시 구로구 디지털로27가길 27,126.89251265,37.484676568,24시간 이용가능,Y,N,시설 상황에 따라 이용이 제한될 수 있음,기타
2026-06-26T02:55:15.898981+09:00,구로디지털단지역,구로디지털단지역,POI019,KEY_4,서울 아남전자2 충전소,EP220557,서울특별시 구로구 디지털로27가길 27,126.89251265,37.484676568,24시간 이용가능,Y,N,시설 상황에 따라 이용이 제한될 수 있음,기타
2026-06-26T02:55:15.898981+09:00,구로디지털단지역,구로디지털단지역,POI019,KEY_4,서울구로구 이앤씨벤처드림타워2차,EV004692,서울특별시 구로구 디지털로33길 55,126.8930445,37.4867586,24시간 이용가능,Y,N,외부인 사용불가,사업장(사옥)
2026-06-26T02:55:15.898981+09:00,구로디지털단지역,구로디지털단지역,POI019,KEY_4,서울시 구로디지털단지역공영주차장(급속),EV005670,서울특별시 구로구 도림천로 477,126.9014944,37.4853149,24시간 이용가능,Y,N,,아파트
2026-06-26T02:55:15.898981+09:00,구로디지털단지역,구로디지털단지역,POI019,KEY_4,에이스하이엔드타워1차,CV004538,서울특별시 구로구 디지털로26길 5,126.894102,37.4818142,24시간 이용가능,N,N,,오피스텔
2026-06-26T02:55:15.898981+09:00,구로디지털단지역,구로디지털단지역,POI019,KEY_4,이앤씨6차,BNAG3302,서울특별시 구로구 디지털로31길 41,126.892720,37.485169,24시간 이용가능,Y,N,상황에 따라 변동,기타
2026-06-26T02:55:15.898981+09:00,구로디지털단지역,구로디지털단지역,POI019,KEY_4,코오롱사이언스밸리2차,CPCT0053,서울특별시 구로구 디지털로34길 55,126.899282,37.484286,24시간 이용가능,Y,N,시설 상황에 따라 이용이 제한 될 수 있음,기타
2026-06-26T02:55:15.898981+09:00,구로디지털단지역,구로디지털단지역,POI019,KEY_4,코오롱사이언스밸리2차,CPCT0053,서울특별시 구로구 디지털로34길 55,126.899282,37.484286,24시간 이용가능,Y,Y,시설 상황에 따라 이용이 제한 될 수 있음,기타
2026-06-26T02:55:15.898981+09:00,구로디지털단지역,구로디지털단지역,POI019,KEY_4,쿨사인 입주빌딩,EP220032,서울특별시 구로구 디지털로27가길 27,126.8925127,37.4846766,24시간 이용가능,Y,Y,시설 상황에 따라 이용이 제한될 수 있음,사업장(사옥)
2026-06-26T02:55:15.898981+09:00,구로디지털단지역,구로디지털단지역,POI019,KEY_4,쿨사인 지하주차장,CI0I0002,서울특별시 구로구 디지털로27가길 27,126.8925052,37.4847055,24시간 이용가능,Y,N,,기타
2026-06-26T02:55:15.898981+09:00,구로디지털단지역,구로디지털단지역,POI019,KEY_4,파트너스타워2차,CV001794,서울특별시 구로구 디지털로32가길 16,126.898574,37.482944,09:00~18:00,N,N,,기타
2026-06-26T02:55:15.898981+09:00,대림역,대림역,POI023,KEY_3,대림노외공영주차장,EC001015,서울특별시 구로구 도림천로 352,126.89405009,37.49290640,24시간 이용가능,N,N,,공영주차장
2026-06-26T02:55:15.898981+09:00,대림역,대림역,POI023,KEY_3,서울교통공사 대림별관(B1F),CGA00039,서울특별시 구로구 도림천로 352,126.8942424,37.4934337,24시간 이용가능,Y,Y,임직원외 출입제한,공공기관
2026-06-26T02:55:15.898981+09:00,대림역,대림역,POI023,KEY_3,서울구로 대림역경남아너스빌,EV002542,서울특별시 구로구 구로중앙로8길 41-23,126.8929945,37.4936794,"24시간 이용가능,입주민만 사용가능 거주자외출입제한",Y,N,외부인 사용불가,아파트
2026-06-26T02:55:15.898981+09:00,뚝섬역,뚝섬역,POI025,KEY_1,서울성동 성수쌍용아파트3,EV008023,서울특별시 성동구 상원길 63,127.047109,37.5501345,24시간 이용가능,Y,Y,외부인 사용불가,아파트
2026-06-26T02:55:15.898981+09:00,뚝섬역,뚝섬역,POI025,KEY_1,서울성동 뚝섬리버빌아파트,EV005769,서울특별시 성동구 성수일로11길 15,127.0498269,37.5494959,24시간 이용가능,Y,N,외부인 사용불가,아파트
2026-06-26T02:55:15.898981+09:00,뚝섬역,뚝섬역,POI025,KEY_1,서울성동 뚝섬중앙하이츠빌101동,EV006312,서울특별시 성동구 상원길 47,127.0481899,37.5477242,24시간 이용가능,Y,N,외부인 사용불가,아파트
2026-06-26T02:55:15.898981+09:00,뚝섬역,뚝섬역,POI025,KEY_1,서울성동 뚝섬중앙하이츠빌102동,EV006313,서울특별시 성동구 상원길 47,127.0479978,37.5480914,24시간 이용가능,Y,N,외부인 사용불가,아파트
2026-06-26T02:55:15.898981+09:00,뚝섬역,뚝섬역,POI025,KEY_1,서울성동 뚝섬중앙하이츠빌103동,EV006314,서울특별시 성동구 상원길 47,127.0471433,37.5478958,24시간 이용가능,Y,N,외부인 사용불가,아파트
2026-06-26T02:55:15.898981+09:00,뚝섬역,뚝섬역,POI025,KEY_1,서울성동 성수쌍용아파트1,EV008021,서울특별시 성동구 상원길 63,127.047109,37.5501345,24시간 이용가능,Y,N,외부인 사용불가,아파트
2026-06-26T02:55:15.898981+09:00,뚝섬역,뚝섬역,POI025,KEY_1,서울성동 성수쌍용아파트1,EV008021,서울특별시 성동구 상원길 63,127.047109,37.5501345,24시간 이용가능,Y,Y,외부인 사용불가,아파트
2026-06-26T02:55:15.898981+09:00,뚝섬역,뚝섬역,POI025,KEY_1,서울성동 성수쌍용아파트2,EV008022,서울특별시 성동구 상원길 63,127.047109,37.5501345,24시간 이용가능,Y,N,외부인 사용불가,아파트
2026-06-26T02:55:15.898981+09:00,뚝섬역,뚝섬역,POI025,KEY_1,서울성동 성수쌍용아파트2,EV008022,서울특별시 성동구 상원길 63,127.047109,37.5501345,24시간 이용가능,Y,Y,외부인 사용불가,아파트
2026-06-26T02:55:15.898981+09:00,뚝섬역,뚝섬역,POI025,KEY_1,서울성동 성수쌍용아파트3,EV008023,서울특별시 성동구 상원길 63,127.047109,37.5501345,24시간 이용가능,Y,N,외부인 사용불가,아파트
2026-06-26T02:55:15.898981+09:00,뚝섬역,뚝섬역,POI025,KEY_1,서울성동 성수쌍용아파트4,EV008024,서울특별시 성동구 상원길 63,127.047109,37.5501345,24시간 이용가능,Y,N,외부인 사용불가,아파트
2026-06-26T02:55:15.898981+09:00,뚝섬역,뚝섬역,POI025,KEY_1,서울성동 성수쌍용아파트4,EV008024,서울특별시 성동구 상원길 63,127.047109,37.5501345,24시간 이용가능,Y,Y,외부인 사용불가,아파트
2026-06-26T02:55:15.898981+09:00,뚝섬역,뚝섬역,POI025,KEY_1,서울성동 성수쌍용아파트5,EV008025,서울특별시 성동구 상원길 63,127.047109,37.5501345,24시간 이용가능,Y,N,외부인 사용불가,아파트
2026-06-26T02:55:15.898981+09:00,뚝섬역,뚝섬역,POI025,KEY_1,서울성동 성수쌍용아파트5,EV008025,서울특별시 성동구 상원길 63,127.047109,37.5501345,24시간 이용가능,Y,Y,외부인 사용불가,아파트
2026-06-26T02:55:15.898981+09:00,뚝섬역,뚝섬역,POI025,KEY_1,서울성동 성수쌍용아파트6,EV008026,서울특별시 성동구 상원길 63,127.047109,37.5501345,24시간 이용가능,Y,N,외부인 사용불가,아파트
2026-06-26T02:55:15.898981+09:00,뚝섬역,뚝섬역,POI025,KEY_1,서울성동 성수쌍용아파트6,EV008026,서울특별시 성동구 상원길 63,127.047109,37.5501345,24시간 이용가능,Y,Y,외부인 사용불가,아파트
2026-06-26T02:55:15.898981+09:00,발산역,발산역,POI027,KEY_3,강서 발산파크프라자(B3F),CGA00086,서울특별시 강서구 공항대로 261,126.836521,37.5591532,24시간 이용가능,Y,N,,마트(쇼핑몰)
2026-06-26T02:55:15.898981+09:00,발산역,발산역,POI027,KEY_3,강서 등촌주공3단지아파트,CGA00217,서울특별시 강서구 강서로56나길 37,126.8408743,37.5626644,24시간 이용가능,Y,Y,입주민 전용,아파트
2026-06-26T02:55:15.898981+09:00,발산역,발산역,POI027,KEY_3,강서 마곡아이파크,CGA00261,서울특별시 강서구 마곡중앙8로 90,126.8375933,37.5605730,24시간 이용가능,N,Y,입주민 전용,아파트
2026-06-26T02:55:15.898981+09:00,발산역,발산역,POI027,KEY_3,강서블리스주차타워,DL000045,서울특별시 강서구 강서로52길 34,126.8398,37.5575,24시간 이용가능,Y,N,,기타
2026-06-26T02:55:15.898981+09:00,발산역,발산역,POI027,KEY_3,건와빌딩,EP200471,서울특별시 강서구 마곡동로 56,126.8338034,37.5599779,24시간 이용가능,N,Y,시설 상황에 따라 이용이 제한될 수 있음,사업장(사옥)
2026-06-26T02:55:15.898981+09:00,발산역,발산역,POI027,KEY_3,엠펠리체호텔,EC110021,서울특별시 강서구 마곡동로4길 15,126.83524805,37.559818459,24시간 이용가능,Y,N,,숙박시설
2026-06-26T02:55:15.898981+09:00,사당역,사당역,POI029,KEY_4,남현소공원 공영주차장,CV001539,서울특별시 관악구 남현1길 28,126.97952742,37.475850042,24시간 이용가능,N,N,,공영주차장
2026-06-26T02:55:15.898981+09:00,사당역,사당역,POI029,KEY_4,서울교통공사 사당별관(임직원 전용),CGA00064,서울특별시 서초구 효령로 5,126.9847726,37.4765547,24시간 이용가능,Y,Y,임직원 외 출입제한,공공기관
2026-06-26T02:55:15.898981+09:00,서울대입구역,서울대입구역,POI031,KEY_2,관악 대우디오슈페리움 1단지(B6F),CGA00042,서울특별시 관악구 관악로 164,126.9528507,37.4796468,24시간 이용가능,Y,Y,입주민 전용,아파트
2026-06-26T02:55:15.898981+09:00,서울대입구역,서울대입구역,POI031,KEY_2,관악위버폴리스,EP190003,서울특별시 관악구 관악로 195,126.9530968,37.4825641,24시간 이용가능,Y,Y,시설 상황에 따라 이용이 제한될 수 있음,아파트
2026-06-26T02:55:15.898981+09:00,서울대입구역,서울대입구역,POI031,KEY_2,관악위버폴리스관리단 A동,EC002636,서울특별시 관악구 관악로 195,126.9532554,37.4826445,24시간 이용가능,Y,N,,아파트
2026-06-26T02:55:15.898981+09:00,서울대입구역,서울대입구역,POI031,KEY_2,신원메트로빌 B4,EC003273,서울특별시 관악구 남부순환로 1811,126.9514766,37.481685,24시간 이용가능,Y,N,,아파트
2026-06-26T02:55:15.898981+09:00,서울역,서울역,POI033,KEY_4,단암타워,AM900061,서울특별시 중구 소월로 10,126.9754111,37.55854116,24시간 이용가능,N,N,,일반주차장
2026-06-26T02:55:15.898981+09:00,서울역,서울역,POI033,KEY_4,서울중구 남산트라팰리스,EV002939,서울특별시 중구 소월로2길 30,126.9756138,37.5539952,"24시간 이용가능,입주민만 사용가능 거주자외출입제한",Y,N,외부인 사용불가,아파트
2026-06-26T02:55:15.898981+09:00,서울역,서울역,POI033,KEY_4,서울중구 남산트라팰리스2,EV005035,서울특별시 중구 소월로2길 30,126.9756127,37.5539947,24시간 이용가능,Y,N,외부인 사용불가,아파트
2026-06-26T02:55:15.898981+09:00,서울역,서울역,POI033,KEY_4,서울중구 연세대학교 봉래빌딩,EV005715,서울특별시 중구 칠패로 36,126.9728876,37.5593963,24시간 이용가능,N,N,외부인 사용불가,학교
2026-06-26T02:55:15.898981+09:00,선릉역,선릉역,POI034,KEY_1,강남 대치타워(B5F),CGA00025,서울특별시 강남구 테헤란로 424,127.0534636,37.5054685,24시간 이용가능,N,N,시설 상황에 따라 이용이 제한될 수 있음,사업장(사옥)
2026-06-26T02:55:15.898981+09:00,선릉역,선릉역,POI034,KEY_1,강남일옥빌딩(신한강남L타워),AM900055,서울특별시 강남구 테헤란로 318,127.0460709,37.50317135,24시간 이용가능,N,N,,일반주차장
2026-06-26T02:55:15.898981+09:00,선릉역,선릉역,POI034,KEY_1,서울강남 가리온빌딩,EV011039,서울특별시 강남구 삼성로85길 39,127.0542807,37.504237,24시간 이용가능,Y,N,,아파트
2026-06-26T02:55:15.898981+09:00,선릉역,선릉역,POI034,KEY_1,선릉이스타빌,CCA00003,서울특별시 강남구 테헤란로52길 15,127.04793664,37.503171784,24시간 이용가능,Y,Y,거주자외 출입제한,오피스텔
2026-06-26T02:55:15.898981+09:00,선릉역,선릉역,POI034,KEY_1,아남타워,CU200032,서울특별시 강남구 테헤란로 311,127.044811,37.5038134,24시간 이용가능,N,N,,기타
2026-06-26T02:55:15.898981+09:00,수유역,수유역,POI036,KEY_3,강북구청,CU200019,서울특별시 강북구 도봉로89길 13,127.025425,37.6391656,24시간 이용가능,N,N,,관공서
2026-06-26T02:55:15.898981+09:00,수유역,수유역,POI036,KEY_3,수유경남아너스빌,AMAM0014,서울특별시 강북구 노해로8길 22,127.024170,37.638176,24시간 이용가능,N,N,,아파트
2026-06-26T02:55:15.898981+09:00,숭례문,숭례문,POI131,KEY_4,단암타워,AM900061,서울특별시 중구 소월로 10,126.9754111,37.55854116,24시간 이용가능,N,N,,일반주차장
2026-06-26T02:55:15.898981+09:00,숭례문,숭례문,POI131,KEY_4,삼성본관빌딩,CV003877,서울특별시 중구 세종대로 67,126.975566,37.562379,06:30 ~ 23:00,N,N,,사업장(사옥)
2026-06-26T02:55:15.898981+09:00,시의회 앞,시의회 앞,POI130,KEY_1,서울도시기반시설본부,CV000259,서울특별시 중구 청계천로 8,126.978292,37.5688401,07:00~19:00,N,N,,공공기관
2026-06-26T02:55:15.898981+09:00,시의회 앞,시의회 앞,POI130,KEY_1,서울신문사 급속충전소,EP210068,서울특별시 중구 세종대로 124,126.9778737,37.5674199,24시간 이용가능,Y,N,시설 상황에 따라 이용이 제한될 수 있음,사업장(사옥)
2026-06-26T02:55:15.898981+09:00,시의회 앞,시의회 앞,POI130,KEY_1,종로 동아일보미디어센터,EP240036,서울특별시 종로구 청계천로 1,126.9780203,37.5695464,24시간 이용가능,Y,N,시설 상황에 따라 이용이 제한될 수 있음,기타
2026-06-26T02:55:15.898981+09:00,시의회 앞,시의회 앞,POI130,KEY_1,한국프레스센터,EC110009,서울특별시 중구 세종대로 124,126.9778737,37.5674199,24시간 이용가능,Y,N,,공공기관
2026-06-26T02:55:15.898981+09:00,신논현역·논현역,신논현역·논현역,POI037,KEY_2,더채플논현빌딩,AM900044,서울특별시 강남구 논현로 549,127.02599437,37.505084699,24시간 이용가능,N,N,,음식점
2026-06-26T02:55:15.898981+09:00,신논현역·논현역,신논현역·논현역,POI037,KEY_2,호텔더디자이너스리즈강남프리미어,EP020102,서울특별시 강남구 봉은사로 113,127.02587864,37.505266665,24시간 이용가능,Y,N,,기타
2026-06-26T02:55:15.898981+09:00,신논현역·논현역,신논현역·논현역,POI037,KEY_2,호텔더디자이너스리즈강남프리미어(ino),EK221028,서울특별시 강남구 봉은사로 113,127.0258786,37.5052667,24시간 이용가능,Y,N,,숙박시설
2026-06-26T02:55:15.898981+09:00,신촌·이대역,신촌·이대역,POI040,KEY_2,마포 맹그로브신촌(AMANO),EP021319,서울특별시 마포구 서강로 121,126.934014,37.55394632,24시간 이용가능,Y,N,,기타
2026-06-26T02:55:15.898981+09:00,신촌·이대역,신촌·이대역,POI040,KEY_2,서울서대문 더이음오피스텔,EV010282,서울특별시 서대문구 신촌로 63,126.9337562,37.5566118,24시간 이용가능,Y,N,외부인 사용불가,아파트
2026-06-26T02:55:15.898981+09:00,신촌·이대역,신촌·이대역,POI040,KEY_2,서울서대문 더이음오피스텔,EV010282,서울특별시 서대문구 신촌로 63,126.9337562,37.5566118,24시간 이용가능,Y,Y,외부인 사용불가,아파트
2026-06-26T02:55:15.898981+09:00,신촌·이대역,신촌·이대역,POI040,KEY_2,창천공영주차장,ME183004,"서울특별시 마포구 노고산동 33-1, B3 28",126.9389738,37.55493,24시간 이용가능,N,N,,공영주차장
2026-06-26T02:55:15.898981+09:00,신촌·이대역,신촌·이대역,POI040,KEY_2,현대백화점 신촌점(본관),EV001940,서울특별시 서대문구 신촌로 83,126.9358437,37.556081,24시간 이용가능,N,N,,백화점
2026-06-26T02:55:15.898981+09:00,신촌·이대역,신촌·이대역,POI040,KEY_2,현대백화점유플렉스 신촌점,EV001941,서울특별시 서대문구 연세로 13,126.9365584,37.556737,08:00~24:00,N,N,,백화점
2026-06-26T02:55:15.898981+09:00,쌍문역,쌍문역,POI070,KEY_3,도봉구 쌍문1동 제1공영주차장,BNBN0840,서울특별시 도봉구 우이천로38길 94 (쌍문동),127.0331174,37.6486904,~,N,N,시설 상황에 따라 이용이 제한될 수 있음,공영주차장
2026-06-26T02:55:15.898981+09:00,쌍문역,쌍문역,POI070,KEY_3,창1동 1공영주차장,BT000172,서울특별시 도봉구 도봉로112길 43,127.0371817,37.6471281,24시간 이용가능,N,N,,공영주차장
2026-06-26T02:55:15.898981+09:00,쌍문역,쌍문역,POI070,KEY_3,창동현대타운 101동 B3,EC002299,서울특별시 도봉구 도봉로114길 22-8,127.0352696,37.6471182,24시간 이용가능,Y,N,,아파트
2026-06-26T02:55:15.898981+09:00,역삼역,역삼역,POI042,KEY_1,더원역삼아파트,CU200029,서울특별시 강남구 논현로 423,127.037921,37.4978331,24시간 이용가능,Y,N,,아파트
2026-06-26T02:55:15.898981+09:00,역삼역,역삼역,POI042,KEY_1,서울 도미노피자본사,EP240020,서울특별시 강남구 역삼로25길 35,127.0388572,37.4983709,05:00~23:00,Y,N,,기타
2026-06-26T02:55:15.898981+09:00,역삼역,역삼역,POI042,KEY_1,아세아타워빌딩1,CV001284,서울특별시 강남구 논현로 430,127.038455,37.499563,24시간 이용가능,N,N,,사업장(사옥)
2026-06-26T02:55:15.898981+09:00,역삼역,역삼역,POI042,KEY_1,아세아타워빌딩2,CV000605,서울특별시 강남구 논현로 430,127.038455,37.499563,24시간 이용가능,N,N,,사업장(사옥)
2026-06-26T02:55:15.898981+09:00,역삼역,역삼역,POI042,KEY_1,아주빌딩,CV000289,서울특별시 강남구 테헤란로 201,127.0371562,37.501254,00:00~24:00,N,N,,사업장(사옥)
2026-06-26T02:55:15.898981+09:00,역삼역,역삼역,POI042,KEY_1,역삼경남아너스빌아파트,EV001933,"서울특별시 강남구 언주로85길 13 (역삼동, 경남아파트)",127.0423817,37.500567,"24시간 이용가능,입주민만 사용가능 거주자 외 출입제한",Y,N,,아파트
2026-06-26T02:55:15.898981+09:00,오목교역·목동운동장,오목교역·목동운동장,POI044,KEY_3,HK타워,CSSGI027,서울특별시 양천구 신목로 88,126.8750,37.5224,24시간 이용가능,Y,N,,골프장(CC)
2026-06-26T02:55:15.898981+09:00,오목교역·목동운동장,오목교역·목동운동장,POI044,KEY_3,HK타워,CSSGI027,서울특별시 양천구 신목로 88,126.8750,37.5224,24시간 이용가능,Y,Y,.,골프장(CC)
2026-06-26T02:55:15.898981+09:00,오목교역·목동운동장,오목교역·목동운동장,POI044,KEY_3,목1동주민센터,EV000514,서울특별시 양천구 목동서로 192,126.8711885,37.5303645,평일 09시~18시 이용가능,Y,N,,주민센터
2026-06-26T02:55:15.898981+09:00,오목교역·목동운동장,오목교역·목동운동장,POI044,KEY_3,목5동주민센터,EV000515,서울특별시 양천구 목동서로 41,126.8817174,37.5371835,평일 09시~18시 이용가능,Y,N,,주민센터
2026-06-26T02:55:15.898981+09:00,오목교역·목동운동장,오목교역·목동운동장,POI044,KEY_3,목동SBS,CV003473,서울특별시 양천구 목동서로 161,126.873548,37.52916,24시간 이용가능,Y,N,,기타
2026-06-26T02:55:15.898981+09:00,오목교역·목동운동장,오목교역·목동운동장,POI044,KEY_3,목동SBS,CV004034,서울특별시 양천구 목동서로 161,126.873548,37.52916,24시간 이용가능,Y,Y,시설 사용자 외 이용제한 있을 수 있음,기타
2026-06-26T02:55:15.898981+09:00,오목교역·목동운동장,오목교역·목동운동장,POI044,KEY_3,목동체비지주차장,EC001012,서울특별시 양천구 목동서로 45,126.8810188,37.5371662,24시간 이용가능,N,N,,공영주차장
2026-06-26T02:55:15.898981+09:00,오목교역·목동운동장,오목교역·목동운동장,POI044,KEY_3,목동현대파크빌1(지하2_3층,EP190061,서울특별시 양천구 목동동로 391,126.8802712,37.5358738,24시간 이용가능/외부인 출입제한,Y,Y,거주자외 출입제한,아파트
2026-06-26T02:55:15.898981+09:00,오목교역·목동운동장,오목교역·목동운동장,POI044,KEY_3,목동현대파크빌1(지하2_3층,EP190061,서울특별시 양천구 목동동로 391,126.8802712,37.5358738,24시간 이용가능/외부인 출입제한,Y,Y,시설 상황에 따라 이용이 제한될 수 있음,아파트
2026-06-26T02:55:15.898981+09:00,오목교역·목동운동장,오목교역·목동운동장,POI044,KEY_3,목운중학교,CU201003,서울특별시 양천구 목동동로 235,126.8724588,37.5272338,24시간 이용가능,N,Y,학교 교직원으로 제한,학교
2026-06-26T02:55:15.898981+09:00,오목교역·목동운동장,오목교역·목동운동장,POI044,KEY_3,부영그린타운1차1(지하5층),EP190101,서울특별시 양천구 목동동로 393,126.8800535,37.5361835,24시간 이용가능(거주자외 출입제한),Y,Y,거주자외 출입제한,아파트
2026-06-26T02:55:15.898981+09:00,오목교역·목동운동장,오목교역·목동운동장,POI044,KEY_3,서울양천 목동트라팰리스1,EV008906,서울특별시 양천구 오목로 299,126.87017893,37.526040889,24시간 이용가능,Y,N,외부인 출입불가,아파트
2026-06-26T02:55:15.898981+09:00,오목교역·목동운동장,오목교역·목동운동장,POI044,KEY_3,서울양천 목동트라팰리스1,EV008906,서울특별시 양천구 오목로 299,126.87017893,37.526040889,24시간 이용가능,Y,Y,외부인 출입불가,아파트
2026-06-26T02:55:15.898981+09:00,오목교역·목동운동장,오목교역·목동운동장,POI044,KEY_3,서울양천 목동트라팰리스2,EV008907,서울특별시 양천구 오목로 299,126.8703553,37.5260837,24시간 이용가능,Y,N,외부인 출입불가,아파트
2026-06-26T02:55:15.898981+09:00,오목교역·목동운동장,오목교역·목동운동장,POI044,KEY_3,서울양천 목동트라팰리스2,EV008907,서울특별시 양천구 오목로 299,126.8703553,37.5260837,24시간 이용가능,Y,Y,외부인 출입불가,아파트
2026-06-26T02:55:15.898981+09:00,오목교역·목동운동장,오목교역·목동운동장,POI044,KEY_3,서울양천 목동파라곤오피스텔,EV010981,서울특별시 양천구 목동서로 155,126.875072,37.5299956,24시간 이용가능,Y,N,,아파트
2026-06-26T02:55:15.898981+09:00,오목교역·목동운동장,오목교역·목동운동장,POI044,KEY_3,서울양천 목동현대월드타워 1,EV001279,서울특별시 양천구 목동서로 77,126.8780399,37.5359869,24시간 이용가능/입주민만 사용가능,Y,N,,아파트
2026-06-26T02:55:15.898981+09:00,오목교역·목동운동장,오목교역·목동운동장,POI044,KEY_3,서울양천 현대하이페리온2,EV006148,서울특별시 양천구 오목로 300,126.8700225,37.5248304,24시간 이용가능,N,N,외부인 사용불가,아파트
2026-06-26T02:55:15.898981+09:00,오목교역·목동운동장,오목교역·목동운동장,POI044,KEY_3,양천구 목동종합운동장,CV002165,서울특별시 양천구 안양천로 939,126.8800785,37.5292903,24시간 이용가능,N,N,,경기장
2026-06-26T02:55:15.898981+09:00,오목교역·목동운동장,오목교역·목동운동장,POI044,KEY_3,양천구 목동종합운동장 다목적경기장,CV001834,서울특별시 양천구 안양천로 939,126.882193,37.529438,24시간 이용가능,N,N,,경기장
2026-06-26T02:55:15.898981+09:00,오목교역·목동운동장,오목교역·목동운동장,POI044,KEY_3,양천파리공원,CU201005,서울특별시 양천구 목동동로 363,126.8761365,37.5338904,24시간 이용가능,N,Y,시설 상황에 따라 이용이 제한될 수 있음,공영주차장
2026-06-26T02:55:15.898981+09:00,오목교역·목동운동장,오목교역·목동운동장,POI044,KEY_3,한국방송회관,EC001045,서울특별시 양천구 목동동로 233,126.8714529,37.5269343,24시간 이용가능,N,N,,지자체시설
2026-06-26T02:55:15.898981+09:00,오목교역·목동운동장,오목교역·목동운동장,POI044,KEY_3,현대1차아파트,ER000458,서울 양천구 목동동로 240,126.8727860,37.5261442,24시간 이용가능,Y,Y,거주자 외 출입이 제한될 수 있음,아파트
2026-06-26T02:55:15.898981+09:00,오목교역·목동운동장,오목교역·목동운동장,POI044,KEY_3,현대백화점 목동점,ME20A301,서울특별시 양천구 목동동로 257,126.875324,37.526755,10:30~22:00,N,N,,백화점
2026-06-26T02:55:15.898981+09:00,용산역,용산역,POI046,KEY_1,BYD 용산 전시장,EABYDYS0,서울특별시 용산구 청파로 74,126.95955853,37.53278885,24시간 이용가능,Y,N,,기타
2026-06-26T02:55:15.898981+09:00,용산역,용산역,POI046,KEY_1,나진전자월드상가,CV003226,서울특별시 용산구 청파로 109,126.96337299,37.533687999,24시간 이용가능,N,N,,기타
2026-06-26T02:55:15.898981+09:00,용산역,용산역,POI046,KEY_1,농협은행 용산별관,EV011124,서울특별시 용산구 청파로 122,126.96473300,37.533174610,24시간 이용가능,Y,N,,아파트
2026-06-26T02:55:15.898981+09:00,용산역,용산역,POI046,KEY_1,래미안용산더센트럴 지하8층,EC100001,서울특별시 용산구 한강대로 95,126.9671051,37.5290233,24시간 이용가능,Y,N,,아파트
2026-06-26T02:55:15.898981+09:00,용산역,용산역,POI046,KEY_1,용산 서울 드래곤시티(B3F),CG000017,서울특별시 용산구 청파로20길 95,126.9627641,37.5318165,24시간 이용가능,N,N,,숙박시설
2026-06-26T02:55:15.898981+09:00,용산역,용산역,POI046,KEY_1,용산드래곤시티,CI0I000D,서울특별시 용산구 청파로20길 95,126.9608486,37.5321767,24시간 이용가능,Y,N,,기타
2026-06-26T02:55:15.898981+09:00,용산역,용산역,POI046,KEY_1,용산주차빌딩,CV001043,서울특별시 용산구 새창로49길 42,126.965343,37.534336,24시간 이용가능,N,N,,공영주차장
2026-06-26T02:55:15.898981+09:00,용산역,용산역,POI046,KEY_1,용산푸르지오 써밋,CV004691,서울특별시 용산구 한강대로 69,126.96435,37.529713,24시간 이용가능,N,N,,아파트
2026-06-26T02:55:15.898981+09:00,용산역,용산역,POI046,KEY_1,전자상가제1공영주차장,BT000153,서울특별시 용산구 새창로 170-4,126.9632615,37.5324193,24시간 이용가능,N,N,,공영주차장
2026-06-26T02:55:15.898981+09:00,용산역,용산역,POI046,KEY_1,전자상가제2공영주차장,BT000152,서울특별시 용산구 새창로 170-4,126.9632615,37.5324193,24시간 이용가능,N,N,,공영주차장
2026-06-26T02:55:15.898981+09:00,용산역,용산역,POI046,KEY_1,전자상가제3공영주차장,BT000151,서울특별시 용산구 청파로 74,126.9595585,37.53278886,24시간 이용가능,N,N,,공영주차장
2026-06-26T02:55:15.898981+09:00,용산역,용산역,POI046,KEY_1,전자상가제5공영주차장,BT000134,서울특별시 용산구 청파로 101,126.9623218,37.53334641,24시간 이용가능,N,N,,공영주차장
2026-06-26T02:55:15.898981+09:00,장지역,장지역,POI048,KEY_1,서울송파 가든파이브웍스1(B3)(급속),EV004799,서울특별시 송파구 충민로 52,127.122746,37.4777176,24시간 이용가능,Y,N,,마트(쇼핑몰)
2026-06-26T02:55:15.898981+09:00,장지역,장지역,POI048,KEY_1,아우디_송파대로 전시장(코오롱아우토),CV000762,서울특별시 송파구 충민로2길 8,127.126311,37.479341,09:00~18:00,Y,N,,서비스센터
2026-06-26T02:55:15.898981+09:00,장한평역,장한평역,POI049,KEY_2,NH농협은행 장안평금융센터,CV004337,서울특별시 동대문구 장한로 6,127.065433,37.561828,24시간 이용가능,Y,N,,금융기관
2026-06-26T02:55:15.898981+09:00,장한평역,장한평역,POI049,KEY_2,북한연구소주차장,CV004593,서울특별시 동대문구 장한로 21,127.0657727,37.563625,24시간 이용가능,N,N,,일반주차장
2026-06-26T02:55:15.898981+09:00,장한평역,장한평역,POI049,KEY_2,서울 아마노 장안스피존 주차장,AH000094,서울특별시 동대문구 장한로2길 33,127.0672183,37.5622935,24시간 이용가능,N,N,,일반주차장
2026-06-26T02:55:15.898981+09:00,장한평역,장한평역,POI049,KEY_2,서울성동_신창비바패밀리오피스텔,EV003510,서울특별시 성동구 천호대로 400,127.0633215,37.5612965,"24시간 이용가능, 아파트 입주민만 사용가능",Y,N,외부인 사용불가,아파트
2026-06-26T02:55:15.898981+09:00,장한평역,장한평역,POI049,KEY_2,아우디_동대문 전시장&서비스센터(고진모터스),CV002464,서울특별시 동대문구 천호대로 445,127.068352,37.561267,09:00~18:00,Y,N,,서비스센터
2026-06-26T02:55:15.898981+09:00,장한평역,장한평역,POI049,KEY_2,카서울닷컴,EC110042,서울특별시 성동구 자동차시장1길 96,127.0684152,37.5598669,24시간 이용가능,N,N,,기타
2026-06-26T02:55:15.898981+09:00,장한평역,장한평역,POI049,KEY_2,포르쉐 센터 세영모빌리티 성수서비스센터,CV004395,서울 성동구 가람길 283(용답동),127.0689470,37.5592970,09:00~18:00,N,Y,외부인 출입불가,서비스센터
2026-06-26T02:55:15.898981+09:00,장한평역,장한평역,POI049,KEY_2,포르쉐 센터 세영모빌리티 성수스튜디오,CV004394,"서울 성동구 천호대로 454(용답동, 포르쉐)",127.0692880,37.5604982,09:00~18:00,N,Y,외부인 출입불가,기타
2026-06-26T02:55:15.898981+09:00,천호역,천호역,POI050,KEY_3,천호 브라운스톤(1F/B6F),CGA00061,서울특별시 강동구 천호대로 1006,127.123789,37.5380514,24시간 이용가능,Y,Y,입주자외 출입제한,오피스텔
2026-06-26T02:55:15.898981+09:00,천호역,천호역,POI050,KEY_3,강동비오르,CPCT0036,서울특별시 강동구 구천면로 183,127.1254,37.5412,24시간 이용가능,Y,N,시설 상황에 따라 이용이 제한될 수 있음,기타
2026-06-26T02:55:15.898981+09:00,천호역,천호역,POI050,KEY_3,뉴코아팩토리아울렛 천호점,EC110109,서울특별시 강동구 구천면로 189,127.12587933,37.541008488,24시간 이용가능,N,N,,백화점
2026-06-26T02:55:15.898981+09:00,천호역,천호역,POI050,KEY_3,서울강동 대우한강베네시티,EV006692,서울특별시 강동구 올림픽로 664,127.1249758,37.5405554,24시간 이용가능,Y,N,외부인 사용불가,아파트
2026-06-26T02:55:15.898981+09:00,천호역,천호역,POI050,KEY_3,서울시 천호역공영주차장(급속),EV003437,서울특별시 강동구 천호대로 지하 997,127.1237424,37.538579,24시간 이용가능,N,N,,공영주차장
2026-06-26T02:55:15.898981+09:00,천호역,천호역,POI050,KEY_3,천호 두산위브센티움(B5F),CGA00037,서울특별시 강동구 올림픽로70길 61,127.1269895,37.5394018,24시간 이용가능,Y,N,,아파트
2026-06-26T02:55:15.898981+09:00,천호역,천호역,POI050,KEY_3,천호역공영주차장,CV002673,서울특별시 강동구 천호대로 997,127.125109,37.538494,24시간 이용가능,N,N,,공영주차장
2026-06-26T03:56:57.651155+09:00,광화문·덕수궁,광화문·덕수궁,POI009,KEY_2,경복궁주차장,CV002874,서울특별시 종로구 사직로 161,126.97872741,37.577568439,06:00 ~ 23:00,N,N,,관광지
2026-06-26T03:56:57.651155+09:00,광화문·덕수궁,광화문·덕수궁,POI009,KEY_2,서울도시기반시설본부,CV000259,서울특별시 중구 청계천로 8,126.978292,37.5688401,07:00~19:00,N,N,,공공기관
2026-06-26T03:56:57.651155+09:00,광화문·덕수궁,광화문·덕수궁,POI009,KEY_2,서울신문사 급속충전소,EP210068,서울특별시 중구 세종대로 124,126.9778737,37.5674199,24시간 이용가능,Y,N,시설 상황에 따라 이용이 제한될 수 있음,사업장(사옥)
2026-06-26T03:56:57.651155+09:00,광화문·덕수궁,광화문·덕수궁,POI009,KEY_2,서울종로 세종로공영주차장1,EV003446,서울특별시 종로구 세종대로 지하189,126.9759148,37.5733741,24시간 이용가능,N,N,,공영주차장
2026-06-26T03:56:57.651155+09:00,광화문·덕수궁,광화문·덕수궁,POI009,KEY_2,서울종로 세종로공영주차장2,EV011538,서울특별시 종로구 세종대로 지하189,126.9759604,37.5734304,24시간 이용가능,Y,N,,공영주차장
2026-06-26T03:56:57.651155+09:00,광화문·덕수궁,광화문·덕수궁,POI009,KEY_2,서울종로 세종로공영주차장3,EV011521,서울특별시 종로구 세종대로 지하189,126.9763862,37.5738605,24시간 이용가능,Y,N,,공영주차장
2026-06-26T03:56:57.651155+09:00,광화문·덕수궁,광화문·덕수궁,POI009,KEY_2,서울종로 세종로공영주차장4,EV011522,서울특별시 종로구 세종대로 지하189,126.976307,37.5737276,24시간 이용가능,Y,N,,공영주차장
2026-06-26T03:56:57.651155+09:00,광화문·덕수궁,광화문·덕수궁,POI009,KEY_2,서울종로 세종로공영주차장5,EV011523,서울특별시 종로구 세종대로 지하189,126.9763099,37.5734911,24시간 이용가능,Y,N,,공영주차장
2026-06-26T03:56:57.651155+09:00,광화문·덕수궁,광화문·덕수궁,POI009,KEY_2,서울종로 세종로공영주차장6,EV011524,서울특별시 종로구 세종대로 지하189,126.9762505,37.5733447,24시간 이용가능,Y,N,,공영주차장
2026-06-26T03:56:57.651155+09:00,광화문·덕수궁,광화문·덕수궁,POI009,KEY_2,워터 서울 광화문,BE111108,서울특별시 종로구 종로1길 50,126.978913,37.574641,24시간 이용가능,N,N,,기타
2026-06-26T03:56:57.651155+09:00,광화문·덕수궁,광화문·덕수궁,POI009,KEY_2,종로 동아일보미디어센터,EP240036,서울특별시 종로구 청계천로 1,126.9780203,37.5695464,24시간 이용가능,Y,N,시설 상황에 따라 이용이 제한될 수 있음,기타
2026-06-26T03:56:57.651155+09:00,광화문·덕수궁,광화문·덕수궁,POI009,KEY_2,한국무역보험공사 종로,BNAB0301,서울특별시 종로구 종로 14,126.978871,37.569774,19:00~22:00,N,N,시설 상황에 따라 이용이 제한될 수 있음,기타
2026-06-26T03:56:57.651155+09:00,광화문·덕수궁,광화문·덕수궁,POI009,KEY_2,한국프레스센터,EC110009,서울특별시 중구 세종대로 124,126.9778737,37.5674199,24시간 이용가능,Y,N,,공공기관
2026-06-26T03:56:57.651155+09:00,창덕궁·종묘,창덕궁·종묘,POI012,KEY_1,서울시 종묘공영주차장(급속),EV003444,서울특별시 종로구 종로 157,126.9948635,37.5731335,24시간 이용가능,N,N,,공영주차장
2026-06-26T03:56:57.651155+09:00,창덕궁·종묘,창덕궁·종묘,POI012,KEY_1,서울종로 인의빌딩,EV008451,서울특별시 종로구 창경궁로 112-7,126.9980775,37.5725688,24시간 이용가능,Y,N,외부인 출입불가,아파트
2026-06-26T03:56:57.651155+09:00,창덕궁·종묘,창덕궁·종묘,POI012,KEY_1,서울하나손해보험빌딩,AM900049,서울특별시 종로구 창경궁로 117,126.9970973,37.57280393,24시간 이용가능,N,N,,일반주차장
2026-06-26T03:56:57.651155+09:00,창덕궁·종묘,창덕궁·종묘,POI012,KEY_1,종묘공영주차장,CV001050,서울특별시 종로구 종로 157,126.995828,37.5709841,24시간 이용가능,N,N,,공영주차장
2026-06-26T03:56:57.651155+09:00,동대문 관광특구,동대문 관광특구,POI002,KEY_3,서울시 동대문공영주차장(급속),EV003445,서울특별시 중구 마장로 22,127.01211146,37.567265557,24시간 이용가능,N,N,,공영주차장
2026-06-26T03:56:57.651155+09:00,동대문 관광특구,동대문 관광특구,POI002,KEY_3,중구 중구구민회관 부설주차장,BNBN0270,"서울특별시 중구 을지로39길 40 (을지로6가, 구민회관)",127.0060501,37.5684795,0000~0000,N,N,시설 상황에 따라 이용이 제한될 수 있음,사업장(사옥)
2026-06-26T03:56:57.651155+09:00,명동 관광특구,명동 관광특구,POI003,KEY_4,SK텔레콤 T-타워B3,EV003214,서울특별시 중구 을지로 65,126.98546919,37.566627019,24시간 이용가능/소유주제한에따름,N,N,외부인 사용불가,사업장(사옥)
2026-06-26T03:56:57.651155+09:00,명동 관광특구,명동 관광특구,POI003,KEY_4,SK텔레콤 T-타워B4,EV003215,서울특별시 중구 을지로 65,126.98544659,37.566473847,24시간 이용가능/소유주제한에따름,N,N,외부인 사용불가,사업장(사옥)
2026-06-26T03:56:57.651155+09:00,명동 관광특구,명동 관광특구,POI003,KEY_4,SK텔레콤 T-타워B5,EV003216,서울특별시 중구 을지로 65,126.98543530,37.566325181,24시간 이용가능/소유주제한에따름,N,N,외부인 사용불가,사업장(사옥)
2026-06-26T03:56:57.651155+09:00,명동 관광특구,명동 관광특구,POI003,KEY_4,SK텔레콤 T-타워B5,EV003216,서울특별시 중구 을지로 65,126.98543530,37.566325181,24시간 이용가능/소유주제한에따름,N,Y,외부인 사용불가,사업장(사옥)
2026-06-26T03:56:57.651155+09:00,명동 관광특구,명동 관광특구,POI003,KEY_4,삼익패션타운,EC004819,서울특별시 중구 남대문시장8길 7,126.9788327,37.5601443,24시간 이용가능,Y,N,,사업장(사옥)
2026-06-26T03:56:57.651155+09:00,명동 관광특구,명동 관광특구,POI003,KEY_4,서울도시기반시설본부,CV000259,서울특별시 중구 청계천로 8,126.978292,37.5688401,07:00~19:00,N,N,,공공기관
2026-06-26T03:56:57.651155+09:00,명동 관광특구,명동 관광특구,POI003,KEY_4,서울신문사 급속충전소,EP210068,서울특별시 중구 세종대로 124,126.9778737,37.5674199,24시간 이용가능,Y,N,시설 상황에 따라 이용이 제한될 수 있음,사업장(사옥)
2026-06-26T03:56:57.651155+09:00,명동 관광특구,명동 관광특구,POI003,KEY_4,서울중앙우체국청사,EC004965,서울특별시 중구 소공로 70,126.982169,37.5615987,24시간 이용가능,Y,N,,공공기관
2026-06-26T03:56:57.651155+09:00,명동 관광특구,명동 관광특구,POI003,KEY_4,페럼타워,CV003940,서울특별시 중구 을지로5길 19,126.984149,37.566935,05:00 ~ 24:00,N,N,,사업장(사옥)
2026-06-26T03:56:57.651155+09:00,명동 관광특구,명동 관광특구,POI003,KEY_4,포르쉐 HPC 데스티네이션 서울 웨스틴 조선 호텔 지상1층,CV000888,서울특별시 중구 소공로 106,126.980205,37.564463,09:00~18:00,Y,N,,숙박시설
2026-06-26T03:56:57.651155+09:00,명동 관광특구,명동 관광특구,POI003,KEY_4,포르쉐 HPC 데스티네이션 서울 웨스틴 조선 호텔 지하4층,CV002057,서울특별시 중구 소공로 106,126.980135,37.5648873,09:00~18:00,Y,N,,서비스센터
2026-06-26T03:56:57.651155+09:00,명동 관광특구,명동 관광특구,POI003,KEY_4,하나은행 명동사옥 (급속),EP210350,서울특별시 중구 을지로 66,126.9850107,37.5651546,24시간 이용가능,N,N,시설 상황에 따라 이용이 제한될 수 있음,금융기관
2026-06-26T03:56:57.651155+09:00,명동 관광특구,명동 관광특구,POI003,KEY_4,하나은행 을지로본점 급속충전소,EP230196,"서울 중구 을지로 35 (을지로1가, (주)하나은행 본점)",126.9818658,37.5664918,24시간 이용가능,N,N,시설 상황에 따라 이용이 제한될 수 있음,금융기관
2026-06-26T03:56:57.651155+09:00,명동 관광특구,명동 관광특구,POI003,KEY_4,한국프레스센터,EC110009,서울특별시 중구 세종대로 124,126.9778737,37.5674199,24시간 이용가능,Y,N,,공공기관
2026-06-26T03:56:57.651155+09:00,잠실 관광특구,잠실 관광특구,POI005,KEY_2,서울송파 신동아로쟌뷰,EV005690,서울특별시 송파구 석촌호수로 188,127.0980153,37.50623,24시간 이용가능,N,N,"외부인 사용불가, 주차비유료",아파트
2026-06-26T03:56:57.651155+09:00,잠실 관광특구,잠실 관광특구,POI005,KEY_2,서울송파 한성백제박물관(급속),EV008986,서울특별시 송파구 위례성대로 71,127.1208007,37.5154287,09:00~22:00만 이용가능,N,N,09:00~22:00만 이용가능,박물관
2026-06-26T03:56:57.651155+09:00,잠실 관광특구,잠실 관광특구,POI005,KEY_2,서울송파 한성백제박물관(완속),EV008987,서울특별시 송파구 위례성대로 71,127.1199196,37.5155051,09:00~22:00만 이용가능,N,N,09:00~22:00만 이용가능,박물관
2026-06-26T03:56:57.651155+09:00,잠실 관광특구,잠실 관광특구,POI005,KEY_2,서울시 잠실역공영주차장(급속),EV003440,서울특별시 송파구 올림픽로 지하 265,127.1018579,37.5138593,24시간 이용가능,N,N,,공영주차장
2026-06-26T03:56:57.651155+09:00,잠실 관광특구,잠실 관광특구,POI005,KEY_2,서울올림픽공원 남2문주차장,ME19X403,서울특별시 송파구 올림픽로,127.123837,37.514973,24시간 이용가능,Y,N,,공원
2026-06-26T03:56:57.651155+09:00,잠실 관광특구,잠실 관광특구,POI005,KEY_2,석촌호수효성해링턴타워,DL000014,서울특별시 송파구 석촌호수로 210,127.1003,37.50656,24시간 이용가능,N,N,,오피스텔
2026-06-26T03:56:57.651155+09:00,잠실 관광특구,잠실 관광특구,POI005,KEY_2,올림픽공원,ME19A152,서울특별시 송파구 올림픽로 424,127.115847,37.5171577,24시간 이용가능,N,N,,공원
2026-06-26T03:56:57.651155+09:00,잠실 관광특구,잠실 관광특구,POI005,KEY_2,잠실엘퍼스트오피스텔,CA000106,서울특별시 송파구 백제고분로51길 7,127.11466980,37.515822625,24시간 이용가능,N,Y,거주자 외 출입제한,오피스텔
2026-06-26T03:56:57.651155+09:00,잠실 관광특구,잠실 관광특구,POI005,KEY_2,효성올림픽카운티,DL000052,서울특별시 송파구 백제고분로 497,127.1146,37.5149,24시간 이용가능,Y,N,,아파트
2026-06-26T03:56:57.651155+09:00,종로·청계 관광특구,종로·청계 관광특구,POI006,KEY_3,종로 동아일보미디어센터,EP240036,서울특별시 종로구 청계천로 1,126.9780203,37.5695464,24시간 이용가능,Y,N,시설 상황에 따라 이용이 제한될 수 있음,기타
2026-06-26T03:56:57.651155+09:00,종로·청계 관광특구,종로·청계 관광특구,POI006,KEY_3,한국무역보험공사 종로,BNAB0301,서울특별시 종로구 종로 14,126.978871,37.569774,19:00~22:00,N,N,시설 상황에 따라 이용이 제한될 수 있음,기타
2026-06-26T03:56:57.651155+09:00,홍대 관광특구,홍대 관광특구,POI007,KEY_4,마포 동양한강트레벨오피스텔(B3F),CGA00022,서울특별시 마포구 양화로 56,126.9150619,37.5497514,24시간 이용가능,Y,Y,거주자외 출입제한,오피스텔
2026-06-26T03:56:57.651155+09:00,홍대 관광특구,홍대 관광특구,POI007,KEY_4,마포 메세나폴리스아파트,EV000122,서울특별시 마포구 양화로 45,126.913952,37.5515013,"24시간 이용가능,입주민만 사용가능 거주자외출입제한",Y,N,,아파트
2026-06-26T03:56:57.651155+09:00,홍대 관광특구,홍대 관광특구,POI007,KEY_4,서울마포 LC타워,EV006436,서울특별시 마포구 양화로 186,126.9258931,37.5576685,24시간 이용가능,N,N,외부인 사용불가,아파트
2026-06-26T03:56:57.651155+09:00,홍대 관광특구,홍대 관광특구,POI007,KEY_4,세아타워 지하4층 주차장-1,EC003240,서울특별시 마포구 양화로 45,126.91357,37.5501103,24시간 이용가능,N,N,,마트(쇼핑몰)
2026-06-26T03:56:57.651155+09:00,홍대 관광특구,홍대 관광특구,POI007,KEY_4,세아타워 지하4층 주차장-2,EC003241,서울특별시 마포구 양화로 45,126.9135587,37.5500697,24시간 이용가능,N,N,,마트(쇼핑몰)
2026-06-26T03:56:57.651155+09:00,홍대 관광특구,홍대 관광특구,POI007,KEY_4,영화진흥위원회,EP210306,서울특별시 마포구 와우산로 143,126.9289464,37.5542498,24시간 이용가능,Y,N,,사업장(사옥)
2026-06-26T03:56:57.651155+09:00,홍대 관광특구,홍대 관광특구,POI007,KEY_4,채비스테이 홍대,CV004090,서울특별시 마포구 양화로 85,126.917072,37.552269,24시간 이용가능,Y,N,,카페
2026-06-26T03:56:57.651155+09:00,광화문광장,광화문광장,POI088,KEY_4,서울종로 세종로공영주차장1,EV003446,서울특별시 종로구 세종대로 지하189,126.9759148,37.5733741,24시간 이용가능,N,N,,공영주차장
2026-06-26T03:56:57.651155+09:00,광화문광장,광화문광장,POI088,KEY_4,서울종로 세종로공영주차장2,EV011538,서울특별시 종로구 세종대로 지하189,126.9759604,37.5734304,24시간 이용가능,Y,N,,공영주차장
2026-06-26T03:56:57.651155+09:00,광화문광장,광화문광장,POI088,KEY_4,서울종로 세종로공영주차장3,EV011521,서울특별시 종로구 세종대로 지하189,126.9763862,37.5738605,24시간 이용가능,Y,N,,공영주차장
2026-06-26T03:56:57.651155+09:00,광화문광장,광화문광장,POI088,KEY_4,서울종로 세종로공영주차장4,EV011522,서울특별시 종로구 세종대로 지하189,126.976307,37.5737276,24시간 이용가능,Y,N,,공영주차장
2026-06-26T03:56:57.651155+09:00,광화문광장,광화문광장,POI088,KEY_4,서울종로 세종로공영주차장5,EV011523,서울특별시 종로구 세종대로 지하189,126.9763099,37.5734911,24시간 이용가능,Y,N,,공영주차장
2026-06-26T03:56:57.651155+09:00,광화문광장,광화문광장,POI088,KEY_4,서울종로 세종로공영주차장6,EV011524,서울특별시 종로구 세종대로 지하189,126.9762505,37.5733447,24시간 이용가능,Y,N,,공영주차장
2026-06-26T03:56:57.651155+09:00,남산공원,남산공원,POI091,KEY_3,국립극장,DO000048,서울특별시 중구 장충단로 59,127.000269,37.553619,24시간 이용가능,Y,N,,공연장
2026-06-26T03:56:57.651155+09:00,남산공원,남산공원,POI091,KEY_3,국립중앙극장-1,ME22D402,서울특별시 중구 장충단로59,127.0001305,37.5528698,부분개방(07:00~23:00),N,N,,공연장
2026-06-26T03:56:57.651155+09:00,남산공원,남산공원,POI091,KEY_3,국립중앙극장-2,ME22D134,서울특별시 중구 장충단로59,127.0001305,37.5528698,부분개방(07:00~23:00),N,N,,공연장
2026-06-26T03:56:57.651155+09:00,남산공원,남산공원,POI091,KEY_3,반얀트리클럽앤스파,CV001949,서울특별시 중구 장충단로 60,127.0006792,37.5503802,24시간 이용가능,N,Y,시설 사용자 외 이용이 제한될 수 있음,숙박시설
2026-06-26T03:56:57.651155+09:00,남산공원,남산공원,POI091,KEY_3,서울시 민생사법경찰단,EV011233,서울특별시 중구 삼일대로 231,126.9922176,37.5556326,24시간 이용가능,Y,N,외부인 사용불가,아파트
2026-06-26T03:56:57.651155+09:00,남산공원,남산공원,POI091,KEY_3,서울시 민생사법경찰단,EV011233,서울특별시 중구 삼일대로 231,126.9922176,37.5556326,24시간 이용가능,Y,Y,외부인 사용불가,아파트
2026-06-26T03:56:57.651155+09:00,남산공원,남산공원,POI091,KEY_3,서울중구 장충체육관,EV008991,서울특별시 중구 동호로 241,127.0066775,37.5586407,24시간 이용가능,N,N,외부인 사용불가,기타
2026-06-26T03:56:57.651155+09:00,북서울꿈의숲,북서울꿈의숲,POI096,KEY_1,서울강북 꿈의숲롯데캐슬1,EV008508,서울특별시 강북구 오현로 56,127.0364759,37.6184116,24시간 이용가능,Y,N,외부인 출입불가,아파트
2026-06-26T03:56:57.651155+09:00,북서울꿈의숲,북서울꿈의숲,POI096,KEY_1,서울강북 꿈의숲롯데캐슬1,EV008508,서울특별시 강북구 오현로 56,127.0364759,37.6184116,24시간 이용가능,Y,Y,외부인 출입불가,아파트
2026-06-26T03:56:57.651155+09:00,북서울꿈의숲,북서울꿈의숲,POI096,KEY_1,서울강북 북서울꿈의숲 동문 및 서문주차장(콘센트),EV010675,서울특별시 강북구 월계로 173,127.0443247,37.6202545,24시간 이용가능,N,N,외부인 사용불가,아파트
2026-06-26T03:56:57.651155+09:00,북서울꿈의숲,북서울꿈의숲,POI096,KEY_1,서울강북 북서울꿈의숲 동문 및 서문주차장(콘센트),EV010675,서울특별시 강북구 월계로 173,127.0443247,37.6202545,24시간 이용가능,N,N,"주차비 유료,외부인 사용불가",아파트
2026-06-26T03:56:57.651155+09:00,여의서로,여의서로,POI126,KEY_4,국회의사당,BT200001,서울특별시 영등포구 의사당대로 1,126.91641,37.53292,24시간 이용가능,Y,N,,기타
2026-06-26T03:56:57.651155+09:00,여의서로,여의서로,POI126,KEY_4,국회의사당 6문,ME22C802,서울특별시 영등포구 의사당대로 1,126.9174606,37.5326039,24시간 이용가능,Y,N,,공공기관
2026-06-26T03:56:57.651155+09:00,올림픽공원,올림픽공원,POI127,KEY_1,서울송파 한성백제박물관(급속),EV008986,서울특별시 송파구 위례성대로 71,127.1208007,37.5154287,09:00~22:00만 이용가능,N,N,09:00~22:00만 이용가능,박물관
2026-06-26T03:56:57.651155+09:00,올림픽공원,올림픽공원,POI127,KEY_1,서울송파 한성백제박물관(완속),EV008987,서울특별시 송파구 위례성대로 71,127.1199196,37.5155051,09:00~22:00만 이용가능,N,N,09:00~22:00만 이용가능,박물관
2026-06-26T03:56:57.651155+09:00,올림픽공원,올림픽공원,POI127,KEY_1,서울올림픽공원 남2문주차장,ME19X403,서울특별시 송파구 올림픽로,127.123837,37.514973,24시간 이용가능,Y,N,,공원
2026-06-26T03:56:57.651155+09:00,올림픽공원,올림픽공원,POI127,KEY_1,올림픽공원,ME19A152,서울특별시 송파구 올림픽로 424,127.115847,37.5171577,24시간 이용가능,N,N,,공원
2026-06-26T03:56:57.651155+09:00,월드컵공원,월드컵공원,POI106,KEY_2,서울마포 월드컵공원 난지삼거리주차장,EV010081,서울특별시 마포구 월드컵로 365,126.8873915,37.5711561,24시간 이용가능,Y,N,,공원주차장
2026-06-26T03:56:57.651155+09:00,월드컵공원,월드컵공원,POI106,KEY_2,서울마포 월드컵공원 난지중앙로,EV010080,서울특별시 마포구 월드컵로 243-60,126.8800727,37.5696851,24시간 이용가능,Y,N,,공영주차장
2026-06-26T03:56:57.651155+09:00,월드컵공원,월드컵공원,POI106,KEY_2,월드컵공원 주차장,CV004156,서울특별시 마포구 월드컵로 243-60,126.8987163,37.5635472,24시간 이용가능,N,N,,공원
2026-06-26T03:56:57.651155+09:00,응봉산,응봉산,POI107,KEY_3,서울성동 대림1차아파트 1,EV010331,서울특별시 성동구 독서당로62길 43,127.0335265,37.551901,24시간 이용가능,Y,N,,아파트
2026-06-26T03:56:57.651155+09:00,응봉산,응봉산,POI107,KEY_3,서울성동 대림1차아파트 2,EV010332,"서울특별시 성동구 독서당로62길 43(응봉동, 대림아파트)",127.0335265,37.5519010,24시간 이용가능,N,Y,외부인 사용불가,아파트
2026-06-26T03:56:57.651155+09:00,가락시장,가락시장,POI058,KEY_2,가락시장,ME19Y601,서울특별시 송파구 양재대로 932,127.113843,37.494161,24시간 이용가능,N,N,,마트(쇼핑몰)
2026-06-26T03:56:57.651155+09:00,가락시장,가락시장,POI058,KEY_2,롯데마트 송파점,ME174029,서울특별시 송파구 중대로 80,127.1178931,37.4918392,24시간 이용가능,N,N,,마트(쇼핑몰)
2026-06-26T03:56:57.651155+09:00,가로수길,가로수길,POI059,KEY_3,JB미소빌딩,CI0I0003,서울특별시 강남구 논현로 841,127.0277620,37.5240297,24시간 이용가능,Y,N,,기타
2026-06-26T03:56:57.651155+09:00,가로수길,가로수길,POI059,KEY_3,서울 광림교회,EP190075,서울특별시 강남구 논현로163길 33,127.0255799,37.5238944,24시간 이용가능/시설 상황에 따라 이용이 제한될 수 있습니다,Y,Y,시설 상황에 따라 이용이 제한될 수 있음,종교시설
2026-06-26T03:56:57.651155+09:00,가로수길,가로수길,POI059,KEY_3,신구초등학교 공영주차장,BT000131,서울특별시 강남구 압구정로18길 28,127.0241859,37.52311907,24시간 이용가능,N,N,,공영주차장
2026-06-26T03:56:57.651155+09:00,가로수길,가로수길,POI059,KEY_3,포르쉐 HPC데스티네이션 신사스퀘어,CV001669,서울특별시 강남구 강남대로 652,127.019063,37.519607,24시간 이용가능,N,N,,기타
2026-06-26T03:56:57.651155+09:00,김포공항,김포공항,POI061,KEY_1,김포공항 국내선 제1주차장,ME25A401,서울특별시 강서구 하늘길 111,126.8053109,37.5602639,24시간 이용가능,N,N,,공공기관
2026-06-26T03:56:57.651155+09:00,김포공항,김포공항,POI061,KEY_1,김포공항 국제선 주차빌딩,ME25A102,서울특별시 강서구 하늘길 지하77,126.8029563,37.5668056,24시간 이용가능,N,N,,공공기관
2026-06-26T03:56:57.651155+09:00,김포공항,김포공항,POI061,KEY_1,김포공항 항공지원센터,ME25A405,서울특별시 강서구 하늘길 70,126.7981126,37.5623941,24시간 이용가능,N,N,,공공기관
2026-06-26T03:56:57.651155+09:00,김포공항,김포공항,POI061,KEY_1,김포공항 항공지원센터 2,ME25A406,서울특별시 강서구 하늘길 70,126.7986383,37.5623039,24시간 이용가능,N,N,,공공기관
2026-06-26T03:56:57.651155+09:00,서촌,서촌,POI067,KEY_3,옥인공영주차장,CV004618,서울특별시 종로구 필운대로 83,126.967095,37.583155,24시간 이용가능,N,N,,공영주차장
2026-06-26T03:56:57.651155+09:00,서촌,서촌,POI067,KEY_3,인왕교통 버스차고지,CR000260,서울특별시 종로구 옥인동 181-10,126.963851,37.582101,24시간 이용가능,Y,N,버스전용,기타
2026-06-26T03:56:57.651155+09:00,서촌,서촌,POI067,KEY_3,종로구보건소,CV002634,"서울특별시 종로구 옥인동 45-30 종로구보건소, 청운효자동자치회관",126.9692391,37.581712,24시간 이용가능,Y,N,,보건소
2026-06-26T03:56:57.651155+09:00,성수카페거리,성수카페거리,POI068,KEY_4,성수 금호2차아파트,DL000036,서울특별시 성동구 연무장길 31-1,127.05314,37.543748,24시간 이용가능,Y,N,,아파트
2026-06-26T03:56:57.651155+09:00,성수카페거리,성수카페거리,POI068,KEY_4,성수드림빌드지식산업센터,AM900065,서울특별시 성동구 아차산로 132,127.0583489,37.54359489,24시간 이용가능,N,N,,일반주차장
2026-06-26T03:56:57.651155+09:00,송리단길·호수단길,송리단길·호수단길,POI121,KEY_1,서울송파 신동아로쟌뷰,EV005690,서울특별시 송파구 석촌호수로 188,127.0980153,37.50623,24시간 이용가능,N,N,"외부인 사용불가, 주차비유료",아파트
2026-06-26T03:56:57.651155+09:00,송리단길·호수단길,송리단길·호수단길,POI121,KEY_1,석촌호수효성해링턴타워,DL000014,서울특별시 송파구 석촌호수로 210,127.1003,37.50656,24시간 이용가능,N,N,,오피스텔
2026-06-26T03:56:57.651155+09:00,압구정로데오거리,압구정로데오거리,POI071,KEY_3,서울강남 대원칸타빌아파트 1,EV000923,"서울특별시 강남구 압구정로48길 15 (신사동, 압구정대원칸타빌아파트)",127.0370362,37.5273611,24시간 이용가능,Y,N,,아파트
2026-06-26T03:56:57.651155+09:00,압구정로데오거리,압구정로데오거리,POI071,KEY_3,서울강남 대원칸타빌아파트1(B1),EV005483,서울특별시 강남구 압구정로48길 15,127.037245,37.527529,24시간 이용가능,Y,N,외부인 사용불가,아파트
2026-06-26T03:56:57.651155+09:00,압구정로데오거리,압구정로데오거리,POI071,KEY_3,서울강남 대원칸타빌아파트1(B2),EV005484,서울특별시 강남구 압구정로48길 15,127.03727112,37.527656081,24시간 이용가능,Y,N,외부인 사용불가,아파트
2026-06-26T03:56:57.651155+09:00,압구정로데오거리,압구정로데오거리,POI071,KEY_3,한양조씨병참공파종회,EC003206,서울특별시 강남구 선릉로 823,127.0393426,37.5256356,24시간 이용가능,N,N,,기타
2026-06-26T03:56:57.651155+09:00,여의도,여의도,POI072,KEY_4,EV충전소 SK여의도주유소 (ev Most),EM000001,서울특별시 영등포구 의사당대로 154,126.927370,37.517737,07:00-22:00,Y,N,,주유소
2026-06-26T03:56:57.651155+09:00,여의도,여의도,POI072,KEY_4,교보증권 본사,CV004456,서울특별시 영등포구 의사당대로 97,126.924533,37.522753,09:00~18:00,N,Y,외부인 출입불가,사업장(사옥)
2026-06-26T03:56:57.651155+09:00,여의도,여의도,POI072,KEY_4,국회 서편 주차장,ME20A410,서울특별시 영등포구 여의도동 1,126.9127433,37.5318027,24시간 이용가능,Y,N,,공공기관
2026-06-26T03:56:57.651155+09:00,여의도,여의도,POI072,KEY_4,국회 헌정기념관 주차장,ME20A411,서울특별시 영등포구 여의도동 1,126.919483,37.53175,24시간 이용가능,Y,N,,공공기관
2026-06-26T03:56:57.651155+09:00,여의도,여의도,POI072,KEY_4,국회도서관,ME183103,"서울특별시 영등포구 의사당대로1, 국회도서관 앞",126.91764312,37.530302464,24시간 이용가능,Y,N,,공공기관
2026-06-26T03:56:57.651155+09:00,여의도,여의도,POI072,KEY_4,국회의사당,BT200001,서울특별시 영등포구 의사당대로 1,126.91641,37.53292,24시간 이용가능,Y,N,,기타
2026-06-26T03:56:57.651155+09:00,여의도,여의도,POI072,KEY_4,국회의사당 6문,ME22C802,서울특별시 영등포구 의사당대로 1,126.9174606,37.5326039,24시간 이용가능,Y,N,,공공기관
2026-06-26T03:56:57.651155+09:00,여의도,여의도,POI072,KEY_4,국회의원회관,ME183219,"서울특별시 영등포구 의사당대로1, 국회의원회관 주차장 우측",126.914480,37.528194,09:00 ~ 18:00,Y,N,,공공기관
2026-06-26T03:56:57.651155+09:00,여의도,여의도,POI072,KEY_4,드림리버오피스텔,EC110022,서울특별시 영등포구 은행로 54,126.9245374,37.5297624,24시간 이용가능,Y,Y,거주자외 출입제한,빌라
2026-06-26T03:56:57.651155+09:00,여의도,여의도,POI072,KEY_4,민주당사,CI0I0019,서울특별시 영등포구 국회대로68길 7,126.9195086,37.5294792,24시간 이용가능,Y,N,,기타
2026-06-26T03:56:57.651155+09:00,여의도,여의도,POI072,KEY_4,백상빌딩,CI0I000C,서울특별시 영등포구 국제금융로6길 30,126.9266154,37.5217254,24시간 이용가능,Y,N,,기타
2026-06-26T03:56:57.651155+09:00,여의도,여의도,POI072,KEY_4,삼천리 여의도 본사,EASCLYP1,서울특별시 영등포구 국제금융로6길 42,126.9255739,37.5209431,24시간 이용가능,N,N,시설 상황에 따라 이용이 제한될 수 있음,사업장(사옥)
2026-06-26T03:56:57.651155+09:00,여의도,여의도,POI072,KEY_4,서린빌딩(샬레코리아),CV000262,서울특별시 영등포구 여의대방로65길 17,126.929253,37.519683,24시간 이용가능,N,N,,사업장(사옥)
2026-06-26T03:56:57.651155+09:00,여의도,여의도,POI072,KEY_4,서울 영등포구 KBS 별관,BNBN0037,서울특별시 영등포구 여의대방로 359,126.929118,37.518669,부분 비개방,N,N,시설 상황에 따란 이용이 제한될 수 있음,기타
2026-06-26T03:56:57.651155+09:00,여의도,여의도,POI072,KEY_4,서울 영등포구 KBS 연구동,BNBN0543,서울특별시 영등포구 국회대로62길 4,126.91495,37.526994,비개방,N,N,시설 상황에 따라 이용이 제한될 수 있음,공공기관
2026-06-26T03:56:57.651155+09:00,여의도,여의도,POI072,KEY_4,서울영등포 여의도국민일보,EV005357,서울특별시 영등포구 여의공원로 101,126.9248927,37.529272,24시간 이용가능,Y,N,외부인 사용불가,사업장(사옥)
2026-06-26T03:56:57.651155+09:00,여의도,여의도,POI072,KEY_4,서울영등포 여의도금호리첸시아오피스텔,EV011608,서울특별시 영등포구 여의동로 213,126.9396296,37.5185953,24시간 이용가능,Y,N,,오피스텔
2026-06-26T03:56:57.651155+09:00,여의도,여의도,POI072,KEY_4,세우빌딩,BPA00006,서울특별시 영등포구 여의공원로 115,126.92,37.53,05:00~00:00,N,Y,시설 상황에 따라 이용이 제한될 수 있음,기타
2026-06-26T03:56:57.651155+09:00,여의도,여의도,POI072,KEY_4,여의도 화랑아파트(야외주차장),CGA00026,서울특별시 영등포구 국제금융로7가길 21,126.9355606,37.5221532,24시간 이용가능,Y,Y,거주자외 출입제한,아파트
2026-06-26T03:56:57.651155+09:00,여의도,여의도,POI072,KEY_4,여의도SK증권빌딩,CV004354,서울특별시 영등포구 국제금융로8길 31,126.9281192,37.5194777,24시간 이용가능,N,N,,금융기관
2026-06-26T03:56:57.651155+09:00,여의도,여의도,POI072,KEY_4,여의도사학연금서울회관,CV002274,서울특별시 영등포구 의사당대로 96,126.92287700,37.521523000,24시간 이용가능,N,N,,사업장(사옥)
2026-06-26T03:56:57.651155+09:00,여의도,여의도,POI072,KEY_4,여의도순복음교회,CSCS1006,서울특별시 영등포구 은행로 55,126.914169,37.53049,24시간 이용가능,Y,N,,종교시설
2026-06-26T03:56:57.651155+09:00,여의도,여의도,POI072,KEY_4,이룸센터,ME25A109,서울특별시 영등포구 의사당대로 22 (여의도동),126.917833,37.5270608,24시간 이용가능,N,N,,공공기관
2026-06-26T03:56:57.651155+09:00,여의도,여의도,POI072,KEY_4,익스콘벤처타워,EC110040,서울특별시 영등포구 은행로 3,126.9196651,37.5275095,24시간 이용가능,Y,N,,사업장(사옥)
2026-06-26T03:56:57.651155+09:00,여의도,여의도,POI072,KEY_4,장미아파트,CV001272,서울특별시 영등포구 국제금융로7길 32,126.934486,37.523403,24시간 이용가능(입주민 외 이용제한 있을 수 있음),Y,Y,입주민 외 이용제한 있을 수 있음,아파트
2026-06-26T03:56:57.651155+09:00,여의도,여의도,POI072,KEY_4,한국수출입은행,CSCS1051,서울특별시 영등포구 은행로 38,126.923399,37.528637,24시간 이용가능,Y,N,.,오피스텔
2026-06-26T03:56:57.651155+09:00,여의도,여의도,POI072,KEY_4,한국증권금융 본사,CV004487,서울특별시 영등포구 국제금융로8길 10,126.929336,37.52165,외부인 이용불가,Y,Y,외부인이 전기차 충전목적만으로 출입할 수 없습니다,금융기관
2026-06-26T03:56:57.651155+09:00,여의도,여의도,POI072,KEY_4,행진빌딩,CI0I0005,서울특별시 영등포구 국제금융로 106,126.9333119,37.5190524,24시간 이용가능,Y,N,,기타
2026-06-26T03:56:57.651155+09:00,영등포 타임스퀘어,영등포 타임스퀘어,POI074,KEY_2,영등포 점프밀라노(B4F),CGA00094,서울특별시 영등포구 영중로 28,126.9058681,37.5188593,24시간 이용가능,N,N,,오피스텔
2026-06-26T03:56:57.651155+09:00,영등포 타임스퀘어,영등포 타임스퀘어,POI074,KEY_2,영등포 제3공영주차장,DO000015,서울특별시 영등포구 문래로 196,126.902438,37.517949,24시간 이용가능,N,N,,공영주차장
2026-06-26T03:56:57.651155+09:00,영등포 타임스퀘어,영등포 타임스퀘어,POI074,KEY_2,영등포구 영등포제3공영주차장,BNBN0328,"서울특별시 영등포구 문래로 196 (영등포동4가, 영등포구 관광정보센터)",126.9041419,37.5170070,0000~0000,N,N,시설 상황에 따라 이용이 제한될 수 있음,사업장(사옥)
2026-06-26T03:56:57.651155+09:00,인사동,인사동,POI078,KEY_2,서울종로 운현궁SK허브,EV008539,서울특별시 종로구 삼일대로 461,126.985829,37.5755955,24시간 이용가능,N,N,외부인 사용불가,아파트
2026-06-26T03:56:57.651155+09:00,인사동,인사동,POI078,KEY_2,태화빌딩,ME174039,서울특별시 종로구 인사동5길 29,126.9850443,37.5718148,24시간 이용가능,N,N,,사업장(사옥)
2026-06-26T03:56:57.651155+09:00,잠실롯데타워·석촌호수,잠실롯데타워·석촌호수,POI120,KEY_3,서울송파 신동아로쟌뷰,EV005690,서울특별시 송파구 석촌호수로 188,127.0980153,37.50623,24시간 이용가능,N,N,"외부인 사용불가, 주차비유료",아파트
2026-06-26T03:56:57.651155+09:00,잠실롯데타워·석촌호수,잠실롯데타워·석촌호수,POI120,KEY_3,서울시 잠실역공영주차장(급속),EV003440,서울특별시 송파구 올림픽로 지하 265,127.1018579,37.5138593,24시간 이용가능,N,N,,공영주차장
2026-06-26T03:56:57.651155+09:00,잠실롯데타워·석촌호수,잠실롯데타워·석촌호수,POI120,KEY_3,석촌호수효성해링턴타워,DL000014,서울특별시 송파구 석촌호수로 210,127.1003,37.50656,24시간 이용가능,N,N,,오피스텔
2026-06-26T03:56:57.651155+09:00,잠실롯데타워·석촌호수,잠실롯데타워·석촌호수,POI120,KEY_3,올림픽공원,ME19A152,서울특별시 송파구 올림픽로 424,127.115847,37.5171577,24시간 이용가능,N,N,,공원
2026-06-26T03:56:57.651155+09:00,잠실롯데타워·석촌호수,잠실롯데타워·석촌호수,POI120,KEY_3,잠실엘퍼스트오피스텔,CA000106,서울특별시 송파구 백제고분로51길 7,127.11466980,37.515822625,24시간 이용가능,N,Y,거주자 외 출입제한,오피스텔
2026-06-26T03:56:57.651155+09:00,잠실롯데타워·석촌호수,잠실롯데타워·석촌호수,POI120,KEY_3,효성올림픽카운티,DL000052,서울특별시 송파구 백제고분로 497,127.1146,37.5149,24시간 이용가능,Y,N,,아파트
2026-06-26T03:56:57.651155+09:00,창동 신경제 중심지,창동 신경제 중심지,POI079,KEY_4,(주)농협유통창동농산물종합,EP190009,서울특별시 도봉구 마들로11길 20,127.0518028,37.6550378,24시간 이용가능,Y,Y,시설 상황에 따라 이용이 제한될 수 있음,마트(쇼핑몰)
2026-06-26T03:56:57.651155+09:00,창동 신경제 중심지,창동 신경제 중심지,POI079,KEY_4,도봉어르신문화센터,CV001170,서울특별시 도봉구 마들로 536,127.0508762,37.6600934,24시간 이용가능,Y,N,,지자체시설
2026-06-26T03:56:57.651155+09:00,창동 신경제 중심지,창동 신경제 중심지,POI079,KEY_4,서울교통공사 창동차량기지,CGA00082,서울특별시 노원구 노원로 573,127.05400285,37.660291354,24시간 이용가능,Y,Y,임직원 외 출입제한,공공기관
2026-06-26T03:56:57.651155+09:00,창동 신경제 중심지,창동 신경제 중심지,POI079,KEY_4,서울도봉 창동문화체육센터,EV008827,서울특별시 도봉구 노해로69길 132,127.0507053,37.6581174,24시간 이용가능,Y,N,외부인 출입불가,기타
2026-06-26T03:56:57.651155+09:00,창동 신경제 중심지,창동 신경제 중심지,POI079,KEY_4,서울도봉 창동씨드큐브,EV011669,서울특별시 도봉구 창동 1-28,127.0505214,37.6590213,24시간 이용가능,Y,N,,아파트
2026-06-26T03:56:57.651155+09:00,창동 신경제 중심지,창동 신경제 중심지,POI079,KEY_4,서울도봉 창동씨드큐브,EV011669,서울특별시 도봉구 창동 1-28,127.0505214,37.6590213,24시간 이용가능,Y,Y,외부인 사용불가,아파트
2026-06-26T03:56:57.651155+09:00,창동 신경제 중심지,창동 신경제 중심지,POI079,KEY_4,서울도봉 창동역공영주차장,EV008830,서울특별시 도봉구 노해로65길 17-6,127.0458688,37.6522498,24시간 이용가능,Y,N,,공영주차장
2026-06-26T03:56:57.651155+09:00,창동 신경제 중심지,창동 신경제 중심지,POI079,KEY_4,서울도봉 창동역동측주차장,EV008835,서울특별시 도봉구 마들로11길 74,127.0487373,37.6540776,24시간 이용가능,Y,N,,공영주차장
2026-06-26T03:56:57.651155+09:00,창동 신경제 중심지,창동 신경제 중심지,POI079,KEY_4,서울사진미술관,EP021000,서울특별시 도봉구 마들로13길 68,127.04894781,37.655515022,24시간 이용가능,Y,N,,전시관
2026-06-26T03:56:57.651155+09:00,창동 신경제 중심지,창동 신경제 중심지,POI079,KEY_4,서울시 창동문화체육센터(급속),EV003435,서울특별시 도봉구 노해로69길 132,127.0504457,37.658277,24시간 이용가능,N,N,,지자체시설
2026-06-26T03:56:57.651155+09:00,창동 신경제 중심지,창동 신경제 중심지,POI079,KEY_4,서울시 창동역서주차장(급속),EV003436,서울특별시 도봉구 노해로65길 17-6,127.0458688,37.6522498,24시간 이용가능,N,Y,시설 상황에 따라 이용이 제한될 수 있음,공영주차장
2026-06-26T03:56:57.651155+09:00,창동 신경제 중심지,창동 신경제 중심지,POI079,KEY_4,와우쇼핑,EBWOWSNW,서울특별시 노원구 노해로 507,127.0640219,37.6553322,09:00~20:00,Y,N,,마트(쇼핑몰)
2026-06-26T03:56:57.651155+09:00,창동 신경제 중심지,창동 신경제 중심지,POI079,KEY_4,용화여고,CU200035,서울특별시 노원구 동일로 1461,127.058376,37.6587686,24시간 이용가능,Y,N,,학교
2026-06-26T03:56:57.651155+09:00,창동 신경제 중심지,창동 신경제 중심지,POI079,KEY_4,한국전기안전공사 서울북부지사,CV000240,서울특별시 도봉구 노해로67길 14,127.0494501,37.652269,24시간 이용가능(시설이용자 외 이용제한 있을 수 있음),Y,N,,공공기관
2026-06-26T03:56:57.651155+09:00,창동 신경제 중심지,창동 신경제 중심지,POI079,KEY_4,화랑빌딩,CPCT0023,서울특별시 노원구 상계로 64,127.062278,37.655792,24시간 이용가능,Y,N,,기타
2026-06-26T03:56:57.651155+09:00,청량리 제기동 일대 전통시장,청량리 제기동 일대 전통시장,POI081,KEY_2,디자이너스호텔,CPCP1064,서울특별시 동대문구 왕산로 226,127.0477,37.5817,24시간 이용가능,Y,N,,기타
2026-06-26T03:56:57.651155+09:00,청량리 제기동 일대 전통시장,청량리 제기동 일대 전통시장,POI081,KEY_2,서울약령시 공영주차장,ME18B284,서울특별시 동대문구 약령중앙로 26,127.03715,37.58051,24시간 이용가능,N,N,,공영주차장
2026-06-26T03:56:57.651155+09:00,DMC(디지털미디어시티),DMC(디지털미디어시티),POI084,KEY_1,Park M (주차복합빌딩),ME19A246,서울특별시 마포구 매봉산로 80,126.8941079,37.5783444,24시간 이용가능,N,N,,일반주차장
2026-06-26T03:56:57.651155+09:00,DMC(디지털미디어시티),DMC(디지털미디어시티),POI084,KEY_1,마포 누리꿈스퀘어빌딩 급속충전소(스타코프),EP021300,"서울특별시 마포구 월드컵북로 396 (상암동, 누리꿈스퀘어)",126.8897829,37.579428342,24시간 이용가능,Y,N,,기타
2026-06-26T03:56:57.651155+09:00,DMC(디지털미디어시티),DMC(디지털미디어시티),POI084,KEY_1,마포 우리금융상암센터(B3F),CGA00059,서울특별시 마포구 월드컵북로60길 17,126.8859923,37.5833854,24시간 이용가능,Y,Y,임직원 외 출입제한,사업장(사옥)
2026-06-26T03:56:57.651155+09:00,DMC(디지털미디어시티),DMC(디지털미디어시티),POI084,KEY_1,마포구 상암1공영주차장,BNBN0843,서울특별시 마포구 성암로 197,126.8971993,37.5771432,~,N,N,시설 상황에 따라 이용이 제한될 수 있음,공영주차장
2026-06-26T03:56:57.651155+09:00,DMC(디지털미디어시티),DMC(디지털미디어시티),POI084,KEY_1,상암1 공영주차장,ME19A245,서울특별시 마포구 성암로 197,126.8973596,37.577011200000,24시간 이용가능,N,N,,공영주차장
2026-06-26T03:56:57.651155+09:00,DMC(디지털미디어시티),DMC(디지털미디어시티),POI084,KEY_1,서울 한샘상암사옥 충전소,AM900012,서울특별시 마포구 성암로 179,126.8987638,37.5761509,24시간 이용가능,N,N,시설 상황에 따라 이용이 제한될 수 있음,기타
2026-06-26T03:56:57.651155+09:00,DMC(디지털미디어시티),DMC(디지털미디어시티),POI084,KEY_1,서울 한샘상암사옥 충전소,EP220314,서울특별시 마포구 성암로 179,126.8987638,37.5761509,24시간 이용가능,Y,N,시설 상황에 따라 이용이 제한될 수 있음,기타
2026-06-26T03:56:57.651155+09:00,DMC(디지털미디어시티),DMC(디지털미디어시티),POI084,KEY_1,서울 한샘상암사옥 충전소,EP220314,서울특별시 마포구 성암로 179,126.8987638,37.5761509,24시간 이용가능,Y,Y,시설 상황에 따라 이용이 제한될 수 있음,기타
2026-06-26T03:56:57.651155+09:00,DMC(디지털미디어시티),DMC(디지털미디어시티),POI084,KEY_1,서울경제진흥원,CV004480,서울특별시 마포구 월드컵북로 400,126.889538,37.580315,24시간 이용가능,N,N,,공공기관
2026-06-26T03:56:57.651155+09:00,DMC(디지털미디어시티),DMC(디지털미디어시티),POI084,KEY_1,서울마포 상암휴먼시아2단지,EV006824,서울특별시 마포구 월드컵북로42가길 11,126.8975858,37.5747375,24시간 이용가능,Y,N,외부인 사용불가,아파트
2026-06-26T03:56:57.651155+09:00,DMC(디지털미디어시티),DMC(디지털미디어시티),POI084,KEY_1,서울마포 상암휴먼시아2단지,EV006824,서울특별시 마포구 월드컵북로42가길 11,126.8975858,37.5747375,24시간 이용가능,Y,Y,외부인 사용불가,아파트
2026-06-26T03:56:57.651155+09:00,DMC(디지털미디어시티),DMC(디지털미디어시티),POI084,KEY_1,서울산업진흥원,EV000411,서울특별시 마포구 월드컵북로 400,126.8896371,37.5805219,평일 09시~18시 이용가능,Y,N,,사업장(사옥)
2026-06-26T03:56:57.651155+09:00,DMC(디지털미디어시티),DMC(디지털미디어시티),POI084,KEY_1,스탠포드호텔코리아,ME183009,"서울특별시 마포구 상암동 월드컵북로 58길 15, 지하4층 18",126.886648,37.5823581,24시간 이용가능,Y,N,,숙박시설
2026-06-26T03:56:57.651155+09:00,DMC(디지털미디어시티),DMC(디지털미디어시티),POI084,KEY_1,파크엠빌딩,AMAM0003,서울특별시 마포구 매봉산로 80,126.894285,37.57853,24시간 이용가능,N,N,,일반주차장
2026-06-26T03:56:57.651155+09:00,DMC(디지털미디어시티),DMC(디지털미디어시티),POI084,KEY_1,한국콘텐츠진흥원 DMS방송제작센터,CV001934,서울특별시 마포구 월드컵북로54길 12,126.8892508,37.5807286,24시간 이용가능,N,N,,기타
2026-06-26T03:56:57.651155+09:00,가산디지털단지역,가산디지털단지역,POI013,KEY_2,LG가산디지털센터,EV001760,서울특별시 금천구 가산디지털1로 189,126.8797058,37.4821518,24시간 이용가능,Y,N,외부인 사용불가,사업장(사옥)
2026-06-26T03:56:57.651155+09:00,가산디지털단지역,가산디지털단지역,POI013,KEY_2,금천 대륭포스트타워6차,CGA00216,서울특별시 금천구 벚꽃로 298,126.8838717,37.4814402,24시간 이용가능,Y,N,,기타
2026-06-26T03:56:57.651155+09:00,가산디지털단지역,가산디지털단지역,POI013,KEY_2,금천 벽산/경인 디지털밸리_주차장입구1,CGA00146,서울특별시 금천구 가산디지털2로 184,126.8780843,37.4842494,24시간 이용가능,Y,N,,기타
2026-06-26T03:56:57.651155+09:00,가산디지털단지역,가산디지털단지역,POI013,KEY_2,금천 벽산/경인 디지털밸리_주차장입구2,CGA00193,서울특별시 금천구 가산디지털2로 184,126.8780843,37.4842494,24시간 이용가능,Y,N,,기타
2026-06-26T03:56:57.651155+09:00,가산디지털단지역,가산디지털단지역,POI013,KEY_2,대륭테크노타운6차,EP210180,서울특별시 금천구 서부샛길 648,126.8761807,37.4812045,24시간 이용가능,N,N,,오피스텔
2026-06-26T03:56:57.651155+09:00,가산디지털단지역,가산디지털단지역,POI013,KEY_2,대륭테크노타운6차,EP210180,서울특별시 금천구 서부샛길 648,126.8761807,37.4812045,24시간 이용가능,N,Y,SM3전용,오피스텔
2026-06-26T03:56:57.651155+09:00,가산디지털단지역,가산디지털단지역,POI013,KEY_2,대륭포스트타워5차,EC110008,서울특별시 금천구 디지털로9길 68,126.8864218,37.481076,24시간 이용가능,Y,N,,사업장(사옥)
2026-06-26T03:56:57.651155+09:00,가산디지털단지역,가산디지털단지역,POI013,KEY_2,대륭포스트타워5차 (급),EC110112,서울특별시 금천구 디지털로9길 68,126.8862972,37.4811672,24시간 이용가능,Y,N,,사업장(사옥)
2026-06-26T03:56:57.651155+09:00,가산디지털단지역,가산디지털단지역,POI013,KEY_2,서울 금천구 가산동 가산디지털 서측노외,BNBN0325,서울특별시 금천구 가산디지털1로 230,126.880392,37.485481,24시간 이용가능,N,N,시설 상황에 따란 이용이 제한될 수 있음,기타
2026-06-26T03:56:57.651155+09:00,가산디지털단지역,가산디지털단지역,POI013,KEY_2,서울 금천구 견인차량보관소,BNBN0582,서울 금천구 가산디지털2로 169-34 (가산동),126.8758006,37.4831701,24시간 이용가능,N,N,시설 상황에 따라 이용이 제한될 수 있음,기타
2026-06-26T03:56:57.651155+09:00,가산디지털단지역,가산디지털단지역,POI013,KEY_2,서울 코오롱테크노밸리,EP230205,서울특별시 금천구 디지털로9길 56,126.88687232,37.480402595,24시간 이용가능,Y,N,,기타
2026-06-26T03:56:57.651155+09:00,가산디지털단지역,가산디지털단지역,POI013,KEY_2,서울금천 월드메르디앙벤처센터,EV006695,서울특별시 금천구 벚꽃로 254,126.8854927,37.477763,24시간 이용가능,N,N,외부인 사용불가,사업장(사옥)
2026-06-26T03:56:57.651155+09:00,가산디지털단지역,가산디지털단지역,POI013,KEY_2,서울금천_에이스비즈포레,EV003719,서울특별시 금천구 가산디지털2로 173,126.8770673,37.4831681,24시간 이용가능,Y,N,외부인 사용불가,사업장(사옥)
2026-06-26T03:56:57.651155+09:00,가산디지털단지역,가산디지털단지역,POI013,KEY_2,에이스테크노타워10차,EP210287,서울특별시 금천구 가산디지털1로 196,126.8812848,37.4829649,24시간 이용가능,N,N,,오피스텔
2026-06-26T03:56:57.651155+09:00,가산디지털단지역,가산디지털단지역,POI013,KEY_2,에이스테크노타워10차,EP210287,서울특별시 금천구 가산디지털1로 196,126.8812848,37.4829649,24시간 이용가능,N,N,시설 상황에 따라 이용이 제한될 수 있음,오피스텔
2026-06-26T03:56:57.651155+09:00,가산디지털단지역,가산디지털단지역,POI013,KEY_2,코오롱테크노밸리,EP210295,서울특별시 금천구 디지털로9길 56,126.8868723,37.4804026,24시간 이용가능,N,N,,오피스텔
2026-06-26T03:56:57.651155+09:00,강남역,강남역,POI014,KEY_3,강남 GT타워이스트,CGA00294,서울특별시 서초구 서초대로 411,127.0259226,37.4981083,24시간 이용가능,N,N,입주민 전용,사업장(사옥)
2026-06-26T03:56:57.651155+09:00,강남역,강남역,POI014,KEY_3,강남 대우디오빌플러스,CGA00129,서울특별시 강남구 강남대로84길 33,127.03109342,37.497546130,24시간 이용가능,Y,Y,거주자외 출입제한,아파트
2026-06-26T03:56:57.651155+09:00,강남역,강남역,POI014,KEY_3,강남 대우디오빌플러스_2차,CGA00249,서울특별시 강남구 강남대로84길 33,127.0312229,37.4973278,24시간 이용가능,Y,N,,오피스텔
2026-06-26T03:56:57.651155+09:00,강남역,강남역,POI014,KEY_3,서울_강남센트럴푸르지오시티1,EV003466,서울특별시 강남구 테헤란로4길 6,127.0292863,37.4976674,24시간 이용가능 / 입주민만 사용가능,Y,N,,아파트
2026-06-26T03:56:57.651155+09:00,강남역,강남역,POI014,KEY_3,서울_강남센트럴푸르지오시티1,EV003466,서울특별시 강남구 테헤란로4길 6,127.0292863,37.4976674,24시간 이용가능 / 입주민만 사용가능,Y,N,외부인 사용불가,아파트
2026-06-26T03:56:57.651155+09:00,강남역,강남역,POI014,KEY_3,서울_강남센트럴푸르지오시티2,EV003467,서울특별시 강남구 테헤란로4길 6,127.02916487,37.497576085,"24시간 이용가능,입주민만 사용가능 거주자외출입제한",Y,N,외부인 사용불가,아파트
2026-06-26T03:56:57.651155+09:00,강남역,강남역,POI014,KEY_3,서울_강남센트럴푸르지오시티3,EV003458,서울특별시 강남구 테헤란로4길 6,127.02941929,37.497524214,"24시간 이용가능,입주민만 사용가능 거주자외출입제한",Y,N,외부인 사용불가,아파트
2026-06-26T03:56:57.651155+09:00,강남역,강남역,POI014,KEY_3,서울강남 강남역효성헤링턴타워,EV006829,서울특별시 강남구 강남대로84길 15,127.0298357,37.4970034,24시간 이용가능,Y,N,외부인 사용불가,아파트
2026-06-26T03:56:57.651155+09:00,강남역,강남역,POI014,KEY_3,서울강남 강남역효성헤링턴타워,EV006829,서울특별시 강남구 강남대로84길 15,127.0298357,37.4970034,24시간 이용가능,Y,Y,외부인 사용불가,아파트
2026-06-26T03:56:57.651155+09:00,강남역,강남역,POI014,KEY_3,역삼문화공원 지하3층주차장,CV001458,서울특별시 강남구 테헤란로7길 21,127.029673,37.500888,24시간 이용가능,N,N,,공영주차장
2026-06-26T03:56:57.651155+09:00,강남역,강남역,POI014,KEY_3,역삼문화공원 지하4층주차장,CV002017,서울특별시 강남구 테헤란로7길 21,127.0302568,37.50050350,24시간 이용가능,N,N,,공영주차장
2026-06-26T03:56:57.651155+09:00,건대입구역,건대입구역,POI015,KEY_4,광진구 자양4동 공영주차장,BNBN0833,서울특별시 광진구 자양동 5-5,127.0681886,37.5386773,~,N,N,시설 상황에 따라 이용이 제한될 수 있음,공영주차장
2026-06-26T03:56:57.651155+09:00,건대입구역,건대입구역,POI015,KEY_4,광진문화예술회관,ME20A278,서울특별시 광진구 능동로 76,127.0705319,37.5375337,24시간 이용가능,N,N,,지자체시설
2026-06-26T03:56:57.651155+09:00,건대입구역,건대입구역,POI015,KEY_4,서울광진 더라움펜트하우스1(B3),EV006056,서울특별시 광진구 능동로 81,127.06916132,37.538250998,24시간 이용가능,Y,N,외부인 사용불가,아파트
2026-06-26T03:56:57.651155+09:00,건대입구역,건대입구역,POI015,KEY_4,서울광진 더라움펜트하우스1(B3),EV006056,서울특별시 광진구 능동로 81,127.06916132,37.538250998,24시간 이용가능,Y,Y,외부인 사용불가,아파트
2026-06-26T03:56:57.651155+09:00,건대입구역,건대입구역,POI015,KEY_4,서울광진 더라움펜트하우스2(B5),EV006057,서울특별시 광진구 능동로 81,127.06918404,37.538354599,24시간 이용가능,Y,N,외부인 사용불가,아파트
2026-06-26T03:56:57.651155+09:00,건대입구역,건대입구역,POI015,KEY_4,서울광진 더라움펜트하우스2(B5),EV006057,서울특별시 광진구 능동로 81,127.06918404,37.538354599,24시간 이용가능,Y,Y,외부인 사용불가,아파트
2026-06-26T03:56:57.651155+09:00,건대입구역,건대입구역,POI015,KEY_4,서울광진 더라움펜트하우스3(B6),EV006058,서울특별시 광진구 능동로 81,127.0693126,37.5383612,24시간 이용가능,Y,N,외부인 사용불가,아파트
2026-06-26T03:56:57.651155+09:00,건대입구역,건대입구역,POI015,KEY_4,서울광진 더라움펜트하우스3(B6),EV006058,서울특별시 광진구 능동로 81,127.0693126,37.5383612,24시간 이용가능,Y,Y,외부인 사용불가,아파트
2026-06-26T03:56:57.651155+09:00,건대입구역,건대입구역,POI015,KEY_4,자양동노상주차장,CV004505,서울특별시 광진구 자양동 23-9,127.0645572,37.5414901,24시간 이용가능,Y,N,,공영주차장
2026-06-26T03:56:57.651155+09:00,고덕역,고덕역,POI016,KEY_1,서울강동 고덕삼환아파트,EV004025,서울특별시 강동구 고덕로62길 29,127.1542273,37.5543173,24시간 이용가능,Y,N,,아파트
2026-06-26T03:56:57.651155+09:00,고덕역,고덕역,POI016,KEY_1,서울강동 한화오벨리스크스위트오피스텔,EV005768,서울특별시 강동구 동남로 877,127.155802,37.5520152,24시간 이용가능,Y,N,외부인 사용불가,아파트
2026-06-26T03:56:57.651155+09:00,구로디지털단지역,구로디지털단지역,POI019,KEY_4,구로 에이스테크노타워2차,CGA00110,서울특별시 구로구 디지털로31길 19,126.89376717,37.484876015,24시간 이용가능,N,N,,사업장(사옥)
2026-06-26T03:56:57.651155+09:00,구로디지털단지역,구로디지털단지역,POI019,KEY_4,구로구 구로3동 주차장,BNBN0820,서울특별시 구로구 구로동 212-14,126.8925044,37.4830246,~,N,N,시설 상황에 따라 이용이 제한될 수 있음,일반주차장
2026-06-26T03:56:57.651155+09:00,구로디지털단지역,구로디지털단지역,POI019,KEY_4,구로디지털단지역환승주차장,EC001010,서울특별시 구로구 도림천로 477,126.9016095,37.4854141,24시간 이용가능,N,N,,환승주차장
2026-06-26T03:56:57.651155+09:00,구로디지털단지역,구로디지털단지역,POI019,KEY_4,서울 아남전자1 충전소,EP220556,서울특별시 구로구 디지털로27가길 27,126.89251265,37.484676568,24시간 이용가능,Y,N,시설 상황에 따라 이용이 제한될 수 있음,기타
2026-06-26T03:56:57.651155+09:00,구로디지털단지역,구로디지털단지역,POI019,KEY_4,서울 아남전자2 충전소,EP220557,서울특별시 구로구 디지털로27가길 27,126.89251265,37.484676568,24시간 이용가능,Y,N,시설 상황에 따라 이용이 제한될 수 있음,기타
2026-06-26T03:56:57.651155+09:00,구로디지털단지역,구로디지털단지역,POI019,KEY_4,서울구로구 이앤씨벤처드림타워2차,EV004692,서울특별시 구로구 디지털로33길 55,126.8930445,37.4867586,24시간 이용가능,Y,N,외부인 사용불가,사업장(사옥)
2026-06-26T03:56:57.651155+09:00,구로디지털단지역,구로디지털단지역,POI019,KEY_4,서울시 구로디지털단지역공영주차장(급속),EV005670,서울특별시 구로구 도림천로 477,126.9014944,37.4853149,24시간 이용가능,Y,N,,아파트
2026-06-26T03:56:57.651155+09:00,구로디지털단지역,구로디지털단지역,POI019,KEY_4,에이스하이엔드타워1차,CV004538,서울특별시 구로구 디지털로26길 5,126.894102,37.4818142,24시간 이용가능,N,N,,오피스텔
2026-06-26T03:56:57.651155+09:00,구로디지털단지역,구로디지털단지역,POI019,KEY_4,이앤씨6차,BNAG3302,서울특별시 구로구 디지털로31길 41,126.892720,37.485169,24시간 이용가능,Y,N,상황에 따라 변동,기타
2026-06-26T03:56:57.651155+09:00,구로디지털단지역,구로디지털단지역,POI019,KEY_4,코오롱사이언스밸리2차,CPCT0053,서울특별시 구로구 디지털로34길 55,126.899282,37.484286,24시간 이용가능,Y,N,시설 상황에 따라 이용이 제한 될 수 있음,기타
2026-06-26T03:56:57.651155+09:00,구로디지털단지역,구로디지털단지역,POI019,KEY_4,코오롱사이언스밸리2차,CPCT0053,서울특별시 구로구 디지털로34길 55,126.899282,37.484286,24시간 이용가능,Y,Y,시설 상황에 따라 이용이 제한 될 수 있음,기타
2026-06-26T03:56:57.651155+09:00,구로디지털단지역,구로디지털단지역,POI019,KEY_4,쿨사인 입주빌딩,EP220032,서울특별시 구로구 디지털로27가길 27,126.8925127,37.4846766,24시간 이용가능,Y,Y,시설 상황에 따라 이용이 제한될 수 있음,사업장(사옥)
2026-06-26T03:56:57.651155+09:00,구로디지털단지역,구로디지털단지역,POI019,KEY_4,쿨사인 지하주차장,CI0I0002,서울특별시 구로구 디지털로27가길 27,126.8925052,37.4847055,24시간 이용가능,Y,N,,기타
2026-06-26T03:56:57.651155+09:00,구로디지털단지역,구로디지털단지역,POI019,KEY_4,파트너스타워2차,CV001794,서울특별시 구로구 디지털로32가길 16,126.898574,37.482944,09:00~18:00,N,N,,기타
2026-06-26T03:56:57.651155+09:00,대림역,대림역,POI023,KEY_3,대림노외공영주차장,EC001015,서울특별시 구로구 도림천로 352,126.89405009,37.49290640,24시간 이용가능,N,N,,공영주차장
2026-06-26T03:56:57.651155+09:00,대림역,대림역,POI023,KEY_3,서울교통공사 대림별관(B1F),CGA00039,서울특별시 구로구 도림천로 352,126.8942424,37.4934337,24시간 이용가능,Y,Y,임직원외 출입제한,공공기관
2026-06-26T03:56:57.651155+09:00,대림역,대림역,POI023,KEY_3,서울구로 대림역경남아너스빌,EV002542,서울특별시 구로구 구로중앙로8길 41-23,126.8929945,37.4936794,"24시간 이용가능,입주민만 사용가능 거주자외출입제한",Y,N,외부인 사용불가,아파트
2026-06-26T03:56:57.651155+09:00,뚝섬역,뚝섬역,POI025,KEY_1,서울성동 뚝섬리버빌아파트,EV005769,서울특별시 성동구 성수일로11길 15,127.0498269,37.5494959,24시간 이용가능,Y,N,외부인 사용불가,아파트
2026-06-26T03:56:57.651155+09:00,뚝섬역,뚝섬역,POI025,KEY_1,서울성동 뚝섬중앙하이츠빌101동,EV006312,서울특별시 성동구 상원길 47,127.0481899,37.5477242,24시간 이용가능,Y,N,외부인 사용불가,아파트
2026-06-26T03:56:57.651155+09:00,뚝섬역,뚝섬역,POI025,KEY_1,서울성동 뚝섬중앙하이츠빌102동,EV006313,서울특별시 성동구 상원길 47,127.0479978,37.5480914,24시간 이용가능,Y,N,외부인 사용불가,아파트
2026-06-26T03:56:57.651155+09:00,뚝섬역,뚝섬역,POI025,KEY_1,서울성동 뚝섬중앙하이츠빌103동,EV006314,서울특별시 성동구 상원길 47,127.0471433,37.5478958,24시간 이용가능,Y,N,외부인 사용불가,아파트
2026-06-26T03:56:57.651155+09:00,뚝섬역,뚝섬역,POI025,KEY_1,서울성동 성수쌍용아파트1,EV008021,서울특별시 성동구 상원길 63,127.047109,37.5501345,24시간 이용가능,Y,N,외부인 사용불가,아파트
2026-06-26T03:56:57.651155+09:00,뚝섬역,뚝섬역,POI025,KEY_1,서울성동 성수쌍용아파트1,EV008021,서울특별시 성동구 상원길 63,127.047109,37.5501345,24시간 이용가능,Y,Y,외부인 사용불가,아파트
2026-06-26T03:56:57.651155+09:00,뚝섬역,뚝섬역,POI025,KEY_1,서울성동 성수쌍용아파트2,EV008022,서울특별시 성동구 상원길 63,127.047109,37.5501345,24시간 이용가능,Y,N,외부인 사용불가,아파트
2026-06-26T03:56:57.651155+09:00,뚝섬역,뚝섬역,POI025,KEY_1,서울성동 성수쌍용아파트2,EV008022,서울특별시 성동구 상원길 63,127.047109,37.5501345,24시간 이용가능,Y,Y,외부인 사용불가,아파트
2026-06-26T03:56:57.651155+09:00,뚝섬역,뚝섬역,POI025,KEY_1,서울성동 성수쌍용아파트3,EV008023,서울특별시 성동구 상원길 63,127.047109,37.5501345,24시간 이용가능,Y,N,외부인 사용불가,아파트
2026-06-26T03:56:57.651155+09:00,뚝섬역,뚝섬역,POI025,KEY_1,서울성동 성수쌍용아파트3,EV008023,서울특별시 성동구 상원길 63,127.047109,37.5501345,24시간 이용가능,Y,Y,외부인 사용불가,아파트
2026-06-26T03:56:57.651155+09:00,뚝섬역,뚝섬역,POI025,KEY_1,서울성동 성수쌍용아파트4,EV008024,서울특별시 성동구 상원길 63,127.047109,37.5501345,24시간 이용가능,Y,N,외부인 사용불가,아파트
2026-06-26T03:56:57.651155+09:00,뚝섬역,뚝섬역,POI025,KEY_1,서울성동 성수쌍용아파트4,EV008024,서울특별시 성동구 상원길 63,127.047109,37.5501345,24시간 이용가능,Y,Y,외부인 사용불가,아파트
2026-06-26T03:56:57.651155+09:00,뚝섬역,뚝섬역,POI025,KEY_1,서울성동 성수쌍용아파트5,EV008025,서울특별시 성동구 상원길 63,127.047109,37.5501345,24시간 이용가능,Y,N,외부인 사용불가,아파트
2026-06-26T03:56:57.651155+09:00,뚝섬역,뚝섬역,POI025,KEY_1,서울성동 성수쌍용아파트5,EV008025,서울특별시 성동구 상원길 63,127.047109,37.5501345,24시간 이용가능,Y,Y,외부인 사용불가,아파트
2026-06-26T03:56:57.651155+09:00,뚝섬역,뚝섬역,POI025,KEY_1,서울성동 성수쌍용아파트6,EV008026,서울특별시 성동구 상원길 63,127.047109,37.5501345,24시간 이용가능,Y,N,외부인 사용불가,아파트
2026-06-26T03:56:57.651155+09:00,뚝섬역,뚝섬역,POI025,KEY_1,서울성동 성수쌍용아파트6,EV008026,서울특별시 성동구 상원길 63,127.047109,37.5501345,24시간 이용가능,Y,Y,외부인 사용불가,아파트
2026-06-26T03:56:57.651155+09:00,발산역,발산역,POI027,KEY_3,강서 발산파크프라자(B3F),CGA00086,서울특별시 강서구 공항대로 261,126.836521,37.5591532,24시간 이용가능,Y,N,,마트(쇼핑몰)
2026-06-26T03:56:57.651155+09:00,발산역,발산역,POI027,KEY_3,강서 등촌주공3단지아파트,CGA00217,서울특별시 강서구 강서로56나길 37,126.8408743,37.5626644,24시간 이용가능,Y,Y,입주민 전용,아파트
2026-06-26T03:56:57.651155+09:00,발산역,발산역,POI027,KEY_3,강서 마곡아이파크,CGA00261,서울특별시 강서구 마곡중앙8로 90,126.8375933,37.5605730,24시간 이용가능,N,Y,입주민 전용,아파트
2026-06-26T03:56:57.651155+09:00,발산역,발산역,POI027,KEY_3,강서블리스주차타워,DL000045,서울특별시 강서구 강서로52길 34,126.8398,37.5575,24시간 이용가능,Y,N,,기타
2026-06-26T03:56:57.651155+09:00,발산역,발산역,POI027,KEY_3,건와빌딩,EP200471,서울특별시 강서구 마곡동로 56,126.8338034,37.5599779,24시간 이용가능,N,Y,시설 상황에 따라 이용이 제한될 수 있음,사업장(사옥)
2026-06-26T03:56:57.651155+09:00,발산역,발산역,POI027,KEY_3,엠펠리체호텔,EC110021,서울특별시 강서구 마곡동로4길 15,126.83524805,37.559818459,24시간 이용가능,Y,N,,숙박시설
2026-06-26T03:56:57.651155+09:00,사당역,사당역,POI029,KEY_4,남현소공원 공영주차장,CV001539,서울특별시 관악구 남현1길 28,126.97952742,37.475850042,24시간 이용가능,N,N,,공영주차장
2026-06-26T03:56:57.651155+09:00,사당역,사당역,POI029,KEY_4,서울교통공사 사당별관(임직원 전용),CGA00064,서울특별시 서초구 효령로 5,126.9847726,37.4765547,24시간 이용가능,Y,Y,임직원 외 출입제한,공공기관
2026-06-26T03:56:57.651155+09:00,서울대입구역,서울대입구역,POI031,KEY_2,관악 대우디오슈페리움 1단지(B6F),CGA00042,서울특별시 관악구 관악로 164,126.9528507,37.4796468,24시간 이용가능,Y,Y,입주민 전용,아파트
2026-06-26T03:56:57.651155+09:00,서울대입구역,서울대입구역,POI031,KEY_2,관악위버폴리스,EP190003,서울특별시 관악구 관악로 195,126.9530968,37.4825641,24시간 이용가능,Y,Y,시설 상황에 따라 이용이 제한될 수 있음,아파트
2026-06-26T03:56:57.651155+09:00,서울대입구역,서울대입구역,POI031,KEY_2,관악위버폴리스관리단 A동,EC002636,서울특별시 관악구 관악로 195,126.9532554,37.4826445,24시간 이용가능,Y,N,,아파트
2026-06-26T03:56:57.651155+09:00,서울대입구역,서울대입구역,POI031,KEY_2,신원메트로빌 B4,EC003273,서울특별시 관악구 남부순환로 1811,126.9514766,37.481685,24시간 이용가능,Y,N,,아파트
2026-06-26T03:56:57.651155+09:00,서울역,서울역,POI033,KEY_4,단암타워,AM900061,서울특별시 중구 소월로 10,126.9754111,37.55854116,24시간 이용가능,N,N,,일반주차장
2026-06-26T03:56:57.651155+09:00,서울역,서울역,POI033,KEY_4,서울중구 남산트라팰리스,EV002939,서울특별시 중구 소월로2길 30,126.9756138,37.5539952,"24시간 이용가능,입주민만 사용가능 거주자외출입제한",Y,N,외부인 사용불가,아파트
2026-06-26T03:56:57.651155+09:00,서울역,서울역,POI033,KEY_4,서울중구 남산트라팰리스2,EV005035,서울특별시 중구 소월로2길 30,126.9756127,37.5539947,24시간 이용가능,Y,N,외부인 사용불가,아파트
2026-06-26T03:56:57.651155+09:00,서울역,서울역,POI033,KEY_4,서울중구 연세대학교 봉래빌딩,EV005715,서울특별시 중구 칠패로 36,126.9728876,37.5593963,24시간 이용가능,N,N,외부인 사용불가,학교
2026-06-26T03:56:57.651155+09:00,선릉역,선릉역,POI034,KEY_1,강남 대치타워(B5F),CGA00025,서울특별시 강남구 테헤란로 424,127.0534636,37.5054685,24시간 이용가능,N,N,시설 상황에 따라 이용이 제한될 수 있음,사업장(사옥)
2026-06-26T03:56:57.651155+09:00,선릉역,선릉역,POI034,KEY_1,강남일옥빌딩(신한강남L타워),AM900055,서울특별시 강남구 테헤란로 318,127.0460709,37.50317135,24시간 이용가능,N,N,,일반주차장
2026-06-26T03:56:57.651155+09:00,선릉역,선릉역,POI034,KEY_1,서울강남 가리온빌딩,EV011039,서울특별시 강남구 삼성로85길 39,127.0542807,37.504237,24시간 이용가능,Y,N,,아파트
2026-06-26T03:56:57.651155+09:00,선릉역,선릉역,POI034,KEY_1,선릉이스타빌,CCA00003,서울특별시 강남구 테헤란로52길 15,127.04793664,37.503171784,24시간 이용가능,Y,Y,거주자외 출입제한,오피스텔
2026-06-26T03:56:57.651155+09:00,선릉역,선릉역,POI034,KEY_1,아남타워,CU200032,서울특별시 강남구 테헤란로 311,127.044811,37.5038134,24시간 이용가능,N,N,,기타
2026-06-26T03:56:57.651155+09:00,수유역,수유역,POI036,KEY_3,강북구청,CU200019,서울특별시 강북구 도봉로89길 13,127.025425,37.6391656,24시간 이용가능,N,N,,관공서
2026-06-26T03:56:57.651155+09:00,수유역,수유역,POI036,KEY_3,수유경남아너스빌,AMAM0014,서울특별시 강북구 노해로8길 22,127.024170,37.638176,24시간 이용가능,N,N,,아파트
2026-06-26T03:56:57.651155+09:00,숭례문,숭례문,POI131,KEY_4,단암타워,AM900061,서울특별시 중구 소월로 10,126.9754111,37.55854116,24시간 이용가능,N,N,,일반주차장
2026-06-26T03:56:57.651155+09:00,숭례문,숭례문,POI131,KEY_4,삼성본관빌딩,CV003877,서울특별시 중구 세종대로 67,126.975566,37.562379,06:30 ~ 23:00,N,N,,사업장(사옥)
2026-06-26T03:56:57.651155+09:00,시의회 앞,시의회 앞,POI130,KEY_1,서울도시기반시설본부,CV000259,서울특별시 중구 청계천로 8,126.978292,37.5688401,07:00~19:00,N,N,,공공기관
2026-06-26T03:56:57.651155+09:00,시의회 앞,시의회 앞,POI130,KEY_1,서울신문사 급속충전소,EP210068,서울특별시 중구 세종대로 124,126.9778737,37.5674199,24시간 이용가능,Y,N,시설 상황에 따라 이용이 제한될 수 있음,사업장(사옥)
2026-06-26T03:56:57.651155+09:00,시의회 앞,시의회 앞,POI130,KEY_1,종로 동아일보미디어센터,EP240036,서울특별시 종로구 청계천로 1,126.9780203,37.5695464,24시간 이용가능,Y,N,시설 상황에 따라 이용이 제한될 수 있음,기타
2026-06-26T03:56:57.651155+09:00,시의회 앞,시의회 앞,POI130,KEY_1,한국프레스센터,EC110009,서울특별시 중구 세종대로 124,126.9778737,37.5674199,24시간 이용가능,Y,N,,공공기관
2026-06-26T03:56:57.651155+09:00,신논현역·논현역,신논현역·논현역,POI037,KEY_2,더채플논현빌딩,AM900044,서울특별시 강남구 논현로 549,127.02599437,37.505084699,24시간 이용가능,N,N,,음식점
2026-06-26T03:56:57.651155+09:00,신논현역·논현역,신논현역·논현역,POI037,KEY_2,호텔더디자이너스리즈강남프리미어,EP020102,서울특별시 강남구 봉은사로 113,127.02587864,37.505266665,24시간 이용가능,Y,N,,기타
2026-06-26T03:56:57.651155+09:00,신논현역·논현역,신논현역·논현역,POI037,KEY_2,호텔더디자이너스리즈강남프리미어(ino),EK221028,서울특별시 강남구 봉은사로 113,127.0258786,37.5052667,24시간 이용가능,Y,N,,숙박시설
2026-06-26T03:56:57.651155+09:00,신촌·이대역,신촌·이대역,POI040,KEY_2,마포 맹그로브신촌(AMANO),EP021319,서울특별시 마포구 서강로 121,126.934014,37.55394632,24시간 이용가능,Y,N,,기타
2026-06-26T03:56:57.651155+09:00,신촌·이대역,신촌·이대역,POI040,KEY_2,서울서대문 더이음오피스텔,EV010282,서울특별시 서대문구 신촌로 63,126.9337562,37.5566118,24시간 이용가능,Y,N,외부인 사용불가,아파트
2026-06-26T03:56:57.651155+09:00,신촌·이대역,신촌·이대역,POI040,KEY_2,서울서대문 더이음오피스텔,EV010282,서울특별시 서대문구 신촌로 63,126.9337562,37.5566118,24시간 이용가능,Y,Y,외부인 사용불가,아파트
2026-06-26T03:56:57.651155+09:00,신촌·이대역,신촌·이대역,POI040,KEY_2,창천공영주차장,ME183004,"서울특별시 마포구 노고산동 33-1, B3 28",126.9389738,37.55493,24시간 이용가능,N,N,,공영주차장
2026-06-26T03:56:57.651155+09:00,신촌·이대역,신촌·이대역,POI040,KEY_2,현대백화점 신촌점(본관),EV001940,서울특별시 서대문구 신촌로 83,126.9358437,37.556081,24시간 이용가능,N,N,,백화점
2026-06-26T03:56:57.651155+09:00,신촌·이대역,신촌·이대역,POI040,KEY_2,현대백화점유플렉스 신촌점,EV001941,서울특별시 서대문구 연세로 13,126.9365584,37.556737,08:00~24:00,N,N,,백화점
2026-06-26T03:56:57.651155+09:00,쌍문역,쌍문역,POI070,KEY_3,도봉구 쌍문1동 제1공영주차장,BNBN0840,서울특별시 도봉구 우이천로38길 94 (쌍문동),127.0331174,37.6486904,~,N,N,시설 상황에 따라 이용이 제한될 수 있음,공영주차장
2026-06-26T03:56:57.651155+09:00,쌍문역,쌍문역,POI070,KEY_3,창1동 1공영주차장,BT000172,서울특별시 도봉구 도봉로112길 43,127.0371817,37.6471281,24시간 이용가능,N,N,,공영주차장
2026-06-26T03:56:57.651155+09:00,쌍문역,쌍문역,POI070,KEY_3,창동현대타운 101동 B3,EC002299,서울특별시 도봉구 도봉로114길 22-8,127.0352696,37.6471182,24시간 이용가능,Y,N,,아파트
2026-06-26T03:56:57.651155+09:00,역삼역,역삼역,POI042,KEY_1,더원역삼아파트,CU200029,서울특별시 강남구 논현로 423,127.037921,37.4978331,24시간 이용가능,Y,N,,아파트
2026-06-26T03:56:57.651155+09:00,역삼역,역삼역,POI042,KEY_1,서울 도미노피자본사,EP240020,서울특별시 강남구 역삼로25길 35,127.0388572,37.4983709,05:00~23:00,Y,N,,기타
2026-06-26T03:56:57.651155+09:00,역삼역,역삼역,POI042,KEY_1,아세아타워빌딩1,CV001284,서울특별시 강남구 논현로 430,127.038455,37.499563,24시간 이용가능,N,N,,사업장(사옥)
2026-06-26T03:56:57.651155+09:00,역삼역,역삼역,POI042,KEY_1,아세아타워빌딩2,CV000605,서울특별시 강남구 논현로 430,127.038455,37.499563,24시간 이용가능,N,N,,사업장(사옥)
2026-06-26T03:56:57.651155+09:00,역삼역,역삼역,POI042,KEY_1,아주빌딩,CV000289,서울특별시 강남구 테헤란로 201,127.0371562,37.501254,00:00~24:00,N,N,,사업장(사옥)
2026-06-26T03:56:57.651155+09:00,역삼역,역삼역,POI042,KEY_1,역삼경남아너스빌아파트,EV001933,"서울특별시 강남구 언주로85길 13 (역삼동, 경남아파트)",127.0423817,37.500567,"24시간 이용가능,입주민만 사용가능 거주자 외 출입제한",Y,N,,아파트
2026-06-26T03:56:57.651155+09:00,오목교역·목동운동장,오목교역·목동운동장,POI044,KEY_3,HK타워,CSSGI027,서울특별시 양천구 신목로 88,126.8750,37.5224,24시간 이용가능,Y,N,,골프장(CC)
2026-06-26T03:56:57.651155+09:00,오목교역·목동운동장,오목교역·목동운동장,POI044,KEY_3,HK타워,CSSGI027,서울특별시 양천구 신목로 88,126.8750,37.5224,24시간 이용가능,Y,Y,.,골프장(CC)
2026-06-26T03:56:57.651155+09:00,오목교역·목동운동장,오목교역·목동운동장,POI044,KEY_3,목1동주민센터,EV000514,서울특별시 양천구 목동서로 192,126.8711885,37.5303645,평일 09시~18시 이용가능,Y,N,,주민센터
2026-06-26T03:56:57.651155+09:00,오목교역·목동운동장,오목교역·목동운동장,POI044,KEY_3,목5동주민센터,EV000515,서울특별시 양천구 목동서로 41,126.8817174,37.5371835,평일 09시~18시 이용가능,Y,N,,주민센터
2026-06-26T03:56:57.651155+09:00,오목교역·목동운동장,오목교역·목동운동장,POI044,KEY_3,목동SBS,CV003473,서울특별시 양천구 목동서로 161,126.873548,37.52916,24시간 이용가능,Y,N,,기타
2026-06-26T03:56:57.651155+09:00,오목교역·목동운동장,오목교역·목동운동장,POI044,KEY_3,목동SBS,CV004034,서울특별시 양천구 목동서로 161,126.873548,37.52916,24시간 이용가능,Y,Y,시설 사용자 외 이용제한 있을 수 있음,기타
2026-06-26T03:56:57.651155+09:00,오목교역·목동운동장,오목교역·목동운동장,POI044,KEY_3,목동체비지주차장,EC001012,서울특별시 양천구 목동서로 45,126.8810188,37.5371662,24시간 이용가능,N,N,,공영주차장
2026-06-26T03:56:57.651155+09:00,오목교역·목동운동장,오목교역·목동운동장,POI044,KEY_3,목동현대파크빌1(지하2_3층,EP190061,서울특별시 양천구 목동동로 391,126.8802712,37.5358738,24시간 이용가능/외부인 출입제한,Y,Y,거주자외 출입제한,아파트
2026-06-26T03:56:57.651155+09:00,오목교역·목동운동장,오목교역·목동운동장,POI044,KEY_3,목동현대파크빌1(지하2_3층,EP190061,서울특별시 양천구 목동동로 391,126.8802712,37.5358738,24시간 이용가능/외부인 출입제한,Y,Y,시설 상황에 따라 이용이 제한될 수 있음,아파트
2026-06-26T03:56:57.651155+09:00,오목교역·목동운동장,오목교역·목동운동장,POI044,KEY_3,목운중학교,CU201003,서울특별시 양천구 목동동로 235,126.8724588,37.5272338,24시간 이용가능,N,Y,학교 교직원으로 제한,학교
2026-06-26T03:56:57.651155+09:00,오목교역·목동운동장,오목교역·목동운동장,POI044,KEY_3,부영그린타운1차1(지하5층),EP190101,서울특별시 양천구 목동동로 393,126.8800535,37.5361835,24시간 이용가능(거주자외 출입제한),Y,Y,거주자외 출입제한,아파트
2026-06-26T03:56:57.651155+09:00,오목교역·목동운동장,오목교역·목동운동장,POI044,KEY_3,서울양천 목동트라팰리스1,EV008906,서울특별시 양천구 오목로 299,126.87017893,37.526040889,24시간 이용가능,Y,N,외부인 출입불가,아파트
2026-06-26T03:56:57.651155+09:00,오목교역·목동운동장,오목교역·목동운동장,POI044,KEY_3,서울양천 목동트라팰리스1,EV008906,서울특별시 양천구 오목로 299,126.87017893,37.526040889,24시간 이용가능,Y,Y,외부인 출입불가,아파트
2026-06-26T03:56:57.651155+09:00,오목교역·목동운동장,오목교역·목동운동장,POI044,KEY_3,서울양천 목동트라팰리스2,EV008907,서울특별시 양천구 오목로 299,126.8703553,37.5260837,24시간 이용가능,Y,N,외부인 출입불가,아파트
2026-06-26T03:56:57.651155+09:00,오목교역·목동운동장,오목교역·목동운동장,POI044,KEY_3,서울양천 목동트라팰리스2,EV008907,서울특별시 양천구 오목로 299,126.8703553,37.5260837,24시간 이용가능,Y,Y,외부인 출입불가,아파트
2026-06-26T03:56:57.651155+09:00,오목교역·목동운동장,오목교역·목동운동장,POI044,KEY_3,서울양천 목동파라곤오피스텔,EV010981,서울특별시 양천구 목동서로 155,126.875072,37.5299956,24시간 이용가능,Y,N,,아파트
2026-06-26T03:56:57.651155+09:00,오목교역·목동운동장,오목교역·목동운동장,POI044,KEY_3,서울양천 목동현대월드타워 1,EV001279,서울특별시 양천구 목동서로 77,126.8780399,37.5359869,24시간 이용가능/입주민만 사용가능,Y,N,,아파트
2026-06-26T03:56:57.651155+09:00,오목교역·목동운동장,오목교역·목동운동장,POI044,KEY_3,서울양천 현대하이페리온2,EV006148,서울특별시 양천구 오목로 300,126.8700225,37.5248304,24시간 이용가능,N,N,외부인 사용불가,아파트
2026-06-26T03:56:57.651155+09:00,오목교역·목동운동장,오목교역·목동운동장,POI044,KEY_3,양천구 목동종합운동장,CV002165,서울특별시 양천구 안양천로 939,126.8800785,37.5292903,24시간 이용가능,N,N,,경기장
2026-06-26T03:56:57.651155+09:00,오목교역·목동운동장,오목교역·목동운동장,POI044,KEY_3,양천구 목동종합운동장 다목적경기장,CV001834,서울특별시 양천구 안양천로 939,126.882193,37.529438,24시간 이용가능,N,N,,경기장
2026-06-26T03:56:57.651155+09:00,오목교역·목동운동장,오목교역·목동운동장,POI044,KEY_3,양천파리공원,CU201005,서울특별시 양천구 목동동로 363,126.8761365,37.5338904,24시간 이용가능,N,Y,시설 상황에 따라 이용이 제한될 수 있음,공영주차장
2026-06-26T03:56:57.651155+09:00,오목교역·목동운동장,오목교역·목동운동장,POI044,KEY_3,한국방송회관,EC001045,서울특별시 양천구 목동동로 233,126.8714529,37.5269343,24시간 이용가능,N,N,,지자체시설
2026-06-26T03:56:57.651155+09:00,오목교역·목동운동장,오목교역·목동운동장,POI044,KEY_3,현대1차아파트,ER000458,서울 양천구 목동동로 240,126.8727860,37.5261442,24시간 이용가능,Y,Y,거주자 외 출입이 제한될 수 있음,아파트
2026-06-26T03:56:57.651155+09:00,오목교역·목동운동장,오목교역·목동운동장,POI044,KEY_3,현대백화점 목동점,ME20A301,서울특별시 양천구 목동동로 257,126.875324,37.526755,10:30~22:00,N,N,,백화점
2026-06-26T03:56:57.651155+09:00,용산역,용산역,POI046,KEY_1,BYD 용산 전시장,EABYDYS0,서울특별시 용산구 청파로 74,126.95955853,37.53278885,24시간 이용가능,Y,N,,기타
2026-06-26T03:56:57.651155+09:00,용산역,용산역,POI046,KEY_1,나진전자월드상가,CV003226,서울특별시 용산구 청파로 109,126.96337299,37.533687999,24시간 이용가능,N,N,,기타
2026-06-26T03:56:57.651155+09:00,용산역,용산역,POI046,KEY_1,농협은행 용산별관,EV011124,서울특별시 용산구 청파로 122,126.96473300,37.533174610,24시간 이용가능,Y,N,,아파트
2026-06-26T03:56:57.651155+09:00,용산역,용산역,POI046,KEY_1,래미안용산더센트럴 지하8층,EC100001,서울특별시 용산구 한강대로 95,126.9671051,37.5290233,24시간 이용가능,Y,N,,아파트
2026-06-26T03:56:57.651155+09:00,용산역,용산역,POI046,KEY_1,용산 서울 드래곤시티(B3F),CG000017,서울특별시 용산구 청파로20길 95,126.9627641,37.5318165,24시간 이용가능,N,N,,숙박시설
2026-06-26T03:56:57.651155+09:00,용산역,용산역,POI046,KEY_1,용산드래곤시티,CI0I000D,서울특별시 용산구 청파로20길 95,126.9608486,37.5321767,24시간 이용가능,Y,N,,기타
2026-06-26T03:56:57.651155+09:00,용산역,용산역,POI046,KEY_1,용산주차빌딩,CV001043,서울특별시 용산구 새창로49길 42,126.965343,37.534336,24시간 이용가능,N,N,,공영주차장
2026-06-26T03:56:57.651155+09:00,용산역,용산역,POI046,KEY_1,용산푸르지오 써밋,CV004691,서울특별시 용산구 한강대로 69,126.96435,37.529713,24시간 이용가능,N,N,,아파트
2026-06-26T03:56:57.651155+09:00,용산역,용산역,POI046,KEY_1,전자상가제1공영주차장,BT000153,서울특별시 용산구 새창로 170-4,126.9632615,37.5324193,24시간 이용가능,N,N,,공영주차장
2026-06-26T03:56:57.651155+09:00,용산역,용산역,POI046,KEY_1,전자상가제2공영주차장,BT000152,서울특별시 용산구 새창로 170-4,126.9632615,37.5324193,24시간 이용가능,N,N,,공영주차장
2026-06-26T03:56:57.651155+09:00,용산역,용산역,POI046,KEY_1,전자상가제3공영주차장,BT000151,서울특별시 용산구 청파로 74,126.9595585,37.53278886,24시간 이용가능,N,N,,공영주차장
2026-06-26T03:56:57.651155+09:00,용산역,용산역,POI046,KEY_1,전자상가제5공영주차장,BT000134,서울특별시 용산구 청파로 101,126.9623218,37.53334641,24시간 이용가능,N,N,,공영주차장
2026-06-26T03:56:57.651155+09:00,장지역,장지역,POI048,KEY_1,서울송파 가든파이브웍스1(B3)(급속),EV004799,서울특별시 송파구 충민로 52,127.122746,37.4777176,24시간 이용가능,Y,N,,마트(쇼핑몰)
2026-06-26T03:56:57.651155+09:00,장지역,장지역,POI048,KEY_1,아우디_송파대로 전시장(코오롱아우토),CV000762,서울특별시 송파구 충민로2길 8,127.126311,37.479341,09:00~18:00,Y,N,,서비스센터
2026-06-26T03:56:57.651155+09:00,장한평역,장한평역,POI049,KEY_2,NH농협은행 장안평금융센터,CV004337,서울특별시 동대문구 장한로 6,127.065433,37.561828,24시간 이용가능,Y,N,,금융기관
2026-06-26T03:56:57.651155+09:00,장한평역,장한평역,POI049,KEY_2,북한연구소주차장,CV004593,서울특별시 동대문구 장한로 21,127.0657727,37.563625,24시간 이용가능,N,N,,일반주차장
2026-06-26T03:56:57.651155+09:00,장한평역,장한평역,POI049,KEY_2,서울 아마노 장안스피존 주차장,AH000094,서울특별시 동대문구 장한로2길 33,127.0672183,37.5622935,24시간 이용가능,N,N,,일반주차장
2026-06-26T03:56:57.651155+09:00,장한평역,장한평역,POI049,KEY_2,서울성동_신창비바패밀리오피스텔,EV003510,서울특별시 성동구 천호대로 400,127.0633215,37.5612965,"24시간 이용가능, 아파트 입주민만 사용가능",Y,N,외부인 사용불가,아파트
2026-06-26T03:56:57.651155+09:00,장한평역,장한평역,POI049,KEY_2,아우디_동대문 전시장&서비스센터(고진모터스),CV002464,서울특별시 동대문구 천호대로 445,127.068352,37.561267,09:00~18:00,Y,N,,서비스센터
2026-06-26T03:56:57.651155+09:00,장한평역,장한평역,POI049,KEY_2,카서울닷컴,EC110042,서울특별시 성동구 자동차시장1길 96,127.0684152,37.5598669,24시간 이용가능,N,N,,기타
2026-06-26T03:56:57.651155+09:00,장한평역,장한평역,POI049,KEY_2,포르쉐 센터 세영모빌리티 성수서비스센터,CV004395,서울 성동구 가람길 283(용답동),127.0689470,37.5592970,09:00~18:00,N,Y,외부인 출입불가,서비스센터
2026-06-26T03:56:57.651155+09:00,장한평역,장한평역,POI049,KEY_2,포르쉐 센터 세영모빌리티 성수스튜디오,CV004394,"서울 성동구 천호대로 454(용답동, 포르쉐)",127.0692880,37.5604982,09:00~18:00,N,Y,외부인 출입불가,기타
2026-06-26T03:56:57.651155+09:00,천호역,천호역,POI050,KEY_3,천호 브라운스톤(1F/B6F),CGA00061,서울특별시 강동구 천호대로 1006,127.123789,37.5380514,24시간 이용가능,Y,Y,입주자외 출입제한,오피스텔
2026-06-26T03:56:57.651155+09:00,천호역,천호역,POI050,KEY_3,강동비오르,CPCT0036,서울특별시 강동구 구천면로 183,127.1254,37.5412,24시간 이용가능,Y,N,시설 상황에 따라 이용이 제한될 수 있음,기타
2026-06-26T03:56:57.651155+09:00,천호역,천호역,POI050,KEY_3,뉴코아팩토리아울렛 천호점,EC110109,서울특별시 강동구 구천면로 189,127.12587933,37.541008488,24시간 이용가능,N,N,,백화점
2026-06-26T03:56:57.651155+09:00,천호역,천호역,POI050,KEY_3,서울강동 대우한강베네시티,EV006692,서울특별시 강동구 올림픽로 664,127.1249758,37.5405554,24시간 이용가능,Y,N,외부인 사용불가,아파트
2026-06-26T03:56:57.651155+09:00,천호역,천호역,POI050,KEY_3,서울시 천호역공영주차장(급속),EV003437,서울특별시 강동구 천호대로 지하 997,127.1237424,37.538579,24시간 이용가능,N,N,,공영주차장
2026-06-26T03:56:57.651155+09:00,천호역,천호역,POI050,KEY_3,천호 두산위브센티움(B5F),CGA00037,서울특별시 강동구 올림픽로70길 61,127.1269895,37.5394018,24시간 이용가능,Y,N,,아파트
2026-06-26T03:56:57.651155+09:00,천호역,천호역,POI050,KEY_3,천호역공영주차장,CV002673,서울특별시 강동구 천호대로 997,127.125109,37.538494,24시간 이용가능,N,N,,공영주차장
2026-06-26T04:43:48.973939+09:00,광화문·덕수궁,광화문·덕수궁,POI009,KEY_2,경복궁주차장,CV002874,서울특별시 종로구 사직로 161,126.97872741,37.577568439,06:00 ~ 23:00,N,N,,관광지
2026-06-26T04:43:48.973939+09:00,광화문·덕수궁,광화문·덕수궁,POI009,KEY_2,서울도시기반시설본부,CV000259,서울특별시 중구 청계천로 8,126.978292,37.5688401,07:00~19:00,N,N,,공공기관
2026-06-26T04:43:48.973939+09:00,광화문·덕수궁,광화문·덕수궁,POI009,KEY_2,서울신문사 급속충전소,EP210068,서울특별시 중구 세종대로 124,126.9778737,37.5674199,24시간 이용가능,Y,N,시설 상황에 따라 이용이 제한될 수 있음,사업장(사옥)
2026-06-26T04:43:48.973939+09:00,광화문·덕수궁,광화문·덕수궁,POI009,KEY_2,서울종로 세종로공영주차장1,EV003446,서울특별시 종로구 세종대로 지하189,126.9759148,37.5733741,24시간 이용가능,N,N,,공영주차장
2026-06-26T04:43:48.973939+09:00,광화문·덕수궁,광화문·덕수궁,POI009,KEY_2,서울종로 세종로공영주차장2,EV011538,서울특별시 종로구 세종대로 지하189,126.9759604,37.5734304,24시간 이용가능,Y,N,,공영주차장
2026-06-26T04:43:48.973939+09:00,광화문·덕수궁,광화문·덕수궁,POI009,KEY_2,서울종로 세종로공영주차장3,EV011521,서울특별시 종로구 세종대로 지하189,126.9763862,37.5738605,24시간 이용가능,Y,N,,공영주차장
2026-06-26T04:43:48.973939+09:00,광화문·덕수궁,광화문·덕수궁,POI009,KEY_2,서울종로 세종로공영주차장4,EV011522,서울특별시 종로구 세종대로 지하189,126.976307,37.5737276,24시간 이용가능,Y,N,,공영주차장
2026-06-26T04:43:48.973939+09:00,광화문·덕수궁,광화문·덕수궁,POI009,KEY_2,서울종로 세종로공영주차장5,EV011523,서울특별시 종로구 세종대로 지하189,126.9763099,37.5734911,24시간 이용가능,Y,N,,공영주차장
2026-06-26T04:43:48.973939+09:00,광화문·덕수궁,광화문·덕수궁,POI009,KEY_2,서울종로 세종로공영주차장6,EV011524,서울특별시 종로구 세종대로 지하189,126.9762505,37.5733447,24시간 이용가능,Y,N,,공영주차장
2026-06-26T04:43:48.973939+09:00,광화문·덕수궁,광화문·덕수궁,POI009,KEY_2,워터 서울 광화문,BE111108,서울특별시 종로구 종로1길 50,126.978913,37.574641,24시간 이용가능,N,N,,기타
2026-06-26T04:43:48.973939+09:00,광화문·덕수궁,광화문·덕수궁,POI009,KEY_2,종로 동아일보미디어센터,EP240036,서울특별시 종로구 청계천로 1,126.9780203,37.5695464,24시간 이용가능,Y,N,시설 상황에 따라 이용이 제한될 수 있음,기타
2026-06-26T04:43:48.973939+09:00,광화문·덕수궁,광화문·덕수궁,POI009,KEY_2,한국무역보험공사 종로,BNAB0301,서울특별시 종로구 종로 14,126.978871,37.569774,19:00~22:00,N,N,시설 상황에 따라 이용이 제한될 수 있음,기타
2026-06-26T04:43:48.973939+09:00,광화문·덕수궁,광화문·덕수궁,POI009,KEY_2,한국프레스센터,EC110009,서울특별시 중구 세종대로 124,126.9778737,37.5674199,24시간 이용가능,Y,N,,공공기관
2026-06-26T04:43:48.973939+09:00,창덕궁·종묘,창덕궁·종묘,POI012,KEY_1,서울시 종묘공영주차장(급속),EV003444,서울특별시 종로구 종로 157,126.9948635,37.5731335,24시간 이용가능,N,N,,공영주차장
2026-06-26T04:43:48.973939+09:00,창덕궁·종묘,창덕궁·종묘,POI012,KEY_1,서울종로 인의빌딩,EV008451,서울특별시 종로구 창경궁로 112-7,126.9980775,37.5725688,24시간 이용가능,Y,N,외부인 출입불가,아파트
2026-06-26T04:43:48.973939+09:00,창덕궁·종묘,창덕궁·종묘,POI012,KEY_1,서울하나손해보험빌딩,AM900049,서울특별시 종로구 창경궁로 117,126.9970973,37.57280393,24시간 이용가능,N,N,,일반주차장
2026-06-26T04:43:48.973939+09:00,창덕궁·종묘,창덕궁·종묘,POI012,KEY_1,종묘공영주차장,CV001050,서울특별시 종로구 종로 157,126.995828,37.5709841,24시간 이용가능,N,N,,공영주차장
2026-06-26T04:43:48.973939+09:00,동대문 관광특구,동대문 관광특구,POI002,KEY_3,서울시 동대문공영주차장(급속),EV003445,서울특별시 중구 마장로 22,127.01211146,37.567265557,24시간 이용가능,N,N,,공영주차장
2026-06-26T04:43:48.973939+09:00,동대문 관광특구,동대문 관광특구,POI002,KEY_3,중구 중구구민회관 부설주차장,BNBN0270,"서울특별시 중구 을지로39길 40 (을지로6가, 구민회관)",127.0060501,37.5684795,0000~0000,N,N,시설 상황에 따라 이용이 제한될 수 있음,사업장(사옥)
2026-06-26T04:43:48.973939+09:00,명동 관광특구,명동 관광특구,POI003,KEY_4,SK텔레콤 T-타워B3,EV003214,서울특별시 중구 을지로 65,126.98546919,37.566627019,24시간 이용가능/소유주제한에따름,N,N,외부인 사용불가,사업장(사옥)
2026-06-26T04:43:48.973939+09:00,명동 관광특구,명동 관광특구,POI003,KEY_4,SK텔레콤 T-타워B4,EV003215,서울특별시 중구 을지로 65,126.98544659,37.566473847,24시간 이용가능/소유주제한에따름,N,N,외부인 사용불가,사업장(사옥)
2026-06-26T04:43:48.973939+09:00,명동 관광특구,명동 관광특구,POI003,KEY_4,SK텔레콤 T-타워B5,EV003216,서울특별시 중구 을지로 65,126.98543530,37.566325181,24시간 이용가능/소유주제한에따름,N,N,외부인 사용불가,사업장(사옥)
2026-06-26T04:43:48.973939+09:00,명동 관광특구,명동 관광특구,POI003,KEY_4,SK텔레콤 T-타워B5,EV003216,서울특별시 중구 을지로 65,126.98543530,37.566325181,24시간 이용가능/소유주제한에따름,N,Y,외부인 사용불가,사업장(사옥)
2026-06-26T04:43:48.973939+09:00,명동 관광특구,명동 관광특구,POI003,KEY_4,삼익패션타운,EC004819,서울특별시 중구 남대문시장8길 7,126.9788327,37.5601443,24시간 이용가능,Y,N,,사업장(사옥)
2026-06-26T04:43:48.973939+09:00,명동 관광특구,명동 관광특구,POI003,KEY_4,서울도시기반시설본부,CV000259,서울특별시 중구 청계천로 8,126.978292,37.5688401,07:00~19:00,N,N,,공공기관
2026-06-26T04:43:48.973939+09:00,명동 관광특구,명동 관광특구,POI003,KEY_4,서울신문사 급속충전소,EP210068,서울특별시 중구 세종대로 124,126.9778737,37.5674199,24시간 이용가능,Y,N,시설 상황에 따라 이용이 제한될 수 있음,사업장(사옥)
2026-06-26T04:43:48.973939+09:00,명동 관광특구,명동 관광특구,POI003,KEY_4,서울중앙우체국청사,EC004965,서울특별시 중구 소공로 70,126.982169,37.5615987,24시간 이용가능,Y,N,,공공기관
2026-06-26T04:43:48.973939+09:00,명동 관광특구,명동 관광특구,POI003,KEY_4,페럼타워,CV003940,서울특별시 중구 을지로5길 19,126.984149,37.566935,05:00 ~ 24:00,N,N,,사업장(사옥)
2026-06-26T04:43:48.973939+09:00,명동 관광특구,명동 관광특구,POI003,KEY_4,포르쉐 HPC 데스티네이션 서울 웨스틴 조선 호텔 지상1층,CV000888,서울특별시 중구 소공로 106,126.980205,37.564463,09:00~18:00,Y,N,,숙박시설
2026-06-26T04:43:48.973939+09:00,명동 관광특구,명동 관광특구,POI003,KEY_4,포르쉐 HPC 데스티네이션 서울 웨스틴 조선 호텔 지하4층,CV002057,서울특별시 중구 소공로 106,126.980135,37.5648873,09:00~18:00,Y,N,,서비스센터
2026-06-26T04:43:48.973939+09:00,명동 관광특구,명동 관광특구,POI003,KEY_4,하나은행 명동사옥 (급속),EP210350,서울특별시 중구 을지로 66,126.9850107,37.5651546,24시간 이용가능,N,N,시설 상황에 따라 이용이 제한될 수 있음,금융기관
2026-06-26T04:43:48.973939+09:00,명동 관광특구,명동 관광특구,POI003,KEY_4,하나은행 을지로본점 급속충전소,EP230196,"서울 중구 을지로 35 (을지로1가, (주)하나은행 본점)",126.9818658,37.5664918,24시간 이용가능,N,N,시설 상황에 따라 이용이 제한될 수 있음,금융기관
2026-06-26T04:43:48.973939+09:00,명동 관광특구,명동 관광특구,POI003,KEY_4,한국프레스센터,EC110009,서울특별시 중구 세종대로 124,126.9778737,37.5674199,24시간 이용가능,Y,N,,공공기관
2026-06-26T04:43:48.973939+09:00,잠실 관광특구,잠실 관광특구,POI005,KEY_2,서울송파 신동아로쟌뷰,EV005690,서울특별시 송파구 석촌호수로 188,127.0980153,37.50623,24시간 이용가능,N,N,"외부인 사용불가, 주차비유료",아파트
2026-06-26T04:43:48.973939+09:00,잠실 관광특구,잠실 관광특구,POI005,KEY_2,서울송파 한성백제박물관(급속),EV008986,서울특별시 송파구 위례성대로 71,127.1208007,37.5154287,09:00~22:00만 이용가능,N,N,09:00~22:00만 이용가능,박물관
2026-06-26T04:43:48.973939+09:00,잠실 관광특구,잠실 관광특구,POI005,KEY_2,서울송파 한성백제박물관(완속),EV008987,서울특별시 송파구 위례성대로 71,127.1199196,37.5155051,09:00~22:00만 이용가능,N,N,09:00~22:00만 이용가능,박물관
2026-06-26T04:43:48.973939+09:00,잠실 관광특구,잠실 관광특구,POI005,KEY_2,서울시 잠실역공영주차장(급속),EV003440,서울특별시 송파구 올림픽로 지하 265,127.1018579,37.5138593,24시간 이용가능,N,N,,공영주차장
2026-06-26T04:43:48.973939+09:00,잠실 관광특구,잠실 관광특구,POI005,KEY_2,서울올림픽공원 남2문주차장,ME19X403,서울특별시 송파구 올림픽로,127.123837,37.514973,24시간 이용가능,Y,N,,공원
2026-06-26T04:43:48.973939+09:00,잠실 관광특구,잠실 관광특구,POI005,KEY_2,석촌호수효성해링턴타워,DL000014,서울특별시 송파구 석촌호수로 210,127.1003,37.50656,24시간 이용가능,N,N,,오피스텔
2026-06-26T04:43:48.973939+09:00,잠실 관광특구,잠실 관광특구,POI005,KEY_2,올림픽공원,ME19A152,서울특별시 송파구 올림픽로 424,127.115847,37.5171577,24시간 이용가능,N,N,,공원
2026-06-26T04:43:48.973939+09:00,잠실 관광특구,잠실 관광특구,POI005,KEY_2,잠실엘퍼스트오피스텔,CA000106,서울특별시 송파구 백제고분로51길 7,127.11466980,37.515822625,24시간 이용가능,N,Y,거주자 외 출입제한,오피스텔
2026-06-26T04:43:48.973939+09:00,잠실 관광특구,잠실 관광특구,POI005,KEY_2,효성올림픽카운티,DL000052,서울특별시 송파구 백제고분로 497,127.1146,37.5149,24시간 이용가능,Y,N,,아파트
2026-06-26T04:43:48.973939+09:00,종로·청계 관광특구,종로·청계 관광특구,POI006,KEY_3,종로 동아일보미디어센터,EP240036,서울특별시 종로구 청계천로 1,126.9780203,37.5695464,24시간 이용가능,Y,N,시설 상황에 따라 이용이 제한될 수 있음,기타
2026-06-26T04:43:48.973939+09:00,종로·청계 관광특구,종로·청계 관광특구,POI006,KEY_3,한국무역보험공사 종로,BNAB0301,서울특별시 종로구 종로 14,126.978871,37.569774,19:00~22:00,N,N,시설 상황에 따라 이용이 제한될 수 있음,기타
2026-06-26T04:43:48.973939+09:00,홍대 관광특구,홍대 관광특구,POI007,KEY_4,마포 동양한강트레벨오피스텔(B3F),CGA00022,서울특별시 마포구 양화로 56,126.9150619,37.5497514,24시간 이용가능,Y,Y,거주자외 출입제한,오피스텔
2026-06-26T04:43:48.973939+09:00,홍대 관광특구,홍대 관광특구,POI007,KEY_4,마포 메세나폴리스아파트,EV000122,서울특별시 마포구 양화로 45,126.913952,37.5515013,"24시간 이용가능,입주민만 사용가능 거주자외출입제한",Y,N,,아파트
2026-06-26T04:43:48.973939+09:00,홍대 관광특구,홍대 관광특구,POI007,KEY_4,서울마포 LC타워,EV006436,서울특별시 마포구 양화로 186,126.9258931,37.5576685,24시간 이용가능,N,N,외부인 사용불가,아파트
2026-06-26T04:43:48.973939+09:00,홍대 관광특구,홍대 관광특구,POI007,KEY_4,세아타워 지하4층 주차장-1,EC003240,서울특별시 마포구 양화로 45,126.91357,37.5501103,24시간 이용가능,N,N,,마트(쇼핑몰)
2026-06-26T04:43:48.973939+09:00,홍대 관광특구,홍대 관광특구,POI007,KEY_4,세아타워 지하4층 주차장-2,EC003241,서울특별시 마포구 양화로 45,126.9135587,37.5500697,24시간 이용가능,N,N,,마트(쇼핑몰)
2026-06-26T04:43:48.973939+09:00,홍대 관광특구,홍대 관광특구,POI007,KEY_4,영화진흥위원회,EP210306,서울특별시 마포구 와우산로 143,126.9289464,37.5542498,24시간 이용가능,Y,N,,사업장(사옥)
2026-06-26T04:43:48.973939+09:00,홍대 관광특구,홍대 관광특구,POI007,KEY_4,채비스테이 홍대,CV004090,서울특별시 마포구 양화로 85,126.917072,37.552269,24시간 이용가능,Y,N,,카페
2026-06-26T04:43:48.973939+09:00,광화문광장,광화문광장,POI088,KEY_4,서울종로 세종로공영주차장1,EV003446,서울특별시 종로구 세종대로 지하189,126.9759148,37.5733741,24시간 이용가능,N,N,,공영주차장
2026-06-26T04:43:48.973939+09:00,광화문광장,광화문광장,POI088,KEY_4,서울종로 세종로공영주차장2,EV011538,서울특별시 종로구 세종대로 지하189,126.9759604,37.5734304,24시간 이용가능,Y,N,,공영주차장
2026-06-26T04:43:48.973939+09:00,광화문광장,광화문광장,POI088,KEY_4,서울종로 세종로공영주차장3,EV011521,서울특별시 종로구 세종대로 지하189,126.9763862,37.5738605,24시간 이용가능,Y,N,,공영주차장
2026-06-26T04:43:48.973939+09:00,광화문광장,광화문광장,POI088,KEY_4,서울종로 세종로공영주차장4,EV011522,서울특별시 종로구 세종대로 지하189,126.976307,37.5737276,24시간 이용가능,Y,N,,공영주차장
2026-06-26T04:43:48.973939+09:00,광화문광장,광화문광장,POI088,KEY_4,서울종로 세종로공영주차장5,EV011523,서울특별시 종로구 세종대로 지하189,126.9763099,37.5734911,24시간 이용가능,Y,N,,공영주차장
2026-06-26T04:43:48.973939+09:00,광화문광장,광화문광장,POI088,KEY_4,서울종로 세종로공영주차장6,EV011524,서울특별시 종로구 세종대로 지하189,126.9762505,37.5733447,24시간 이용가능,Y,N,,공영주차장
2026-06-26T04:43:48.973939+09:00,남산공원,남산공원,POI091,KEY_3,국립극장,DO000048,서울특별시 중구 장충단로 59,127.000269,37.553619,24시간 이용가능,Y,N,,공연장
2026-06-26T04:43:48.973939+09:00,남산공원,남산공원,POI091,KEY_3,국립중앙극장-1,ME22D402,서울특별시 중구 장충단로59,127.0001305,37.5528698,부분개방(07:00~23:00),N,N,,공연장
2026-06-26T04:43:48.973939+09:00,남산공원,남산공원,POI091,KEY_3,국립중앙극장-2,ME22D134,서울특별시 중구 장충단로59,127.0001305,37.5528698,부분개방(07:00~23:00),N,N,,공연장
2026-06-26T04:43:48.973939+09:00,남산공원,남산공원,POI091,KEY_3,반얀트리클럽앤스파,CV001949,서울특별시 중구 장충단로 60,127.0006792,37.5503802,24시간 이용가능,N,Y,시설 사용자 외 이용이 제한될 수 있음,숙박시설
2026-06-26T04:43:48.973939+09:00,남산공원,남산공원,POI091,KEY_3,서울시 민생사법경찰단,EV011233,서울특별시 중구 삼일대로 231,126.9922176,37.5556326,24시간 이용가능,Y,N,외부인 사용불가,아파트
2026-06-26T04:43:48.973939+09:00,남산공원,남산공원,POI091,KEY_3,서울시 민생사법경찰단,EV011233,서울특별시 중구 삼일대로 231,126.9922176,37.5556326,24시간 이용가능,Y,Y,외부인 사용불가,아파트
2026-06-26T04:43:48.973939+09:00,남산공원,남산공원,POI091,KEY_3,서울중구 장충체육관,EV008991,서울특별시 중구 동호로 241,127.0066775,37.5586407,24시간 이용가능,N,N,외부인 사용불가,기타
2026-06-26T04:43:48.973939+09:00,북서울꿈의숲,북서울꿈의숲,POI096,KEY_1,서울강북 꿈의숲롯데캐슬1,EV008508,서울특별시 강북구 오현로 56,127.0364759,37.6184116,24시간 이용가능,Y,N,외부인 출입불가,아파트
2026-06-26T04:43:48.973939+09:00,북서울꿈의숲,북서울꿈의숲,POI096,KEY_1,서울강북 꿈의숲롯데캐슬1,EV008508,서울특별시 강북구 오현로 56,127.0364759,37.6184116,24시간 이용가능,Y,Y,외부인 출입불가,아파트
2026-06-26T04:43:48.973939+09:00,북서울꿈의숲,북서울꿈의숲,POI096,KEY_1,서울강북 북서울꿈의숲 동문 및 서문주차장(콘센트),EV010675,서울특별시 강북구 월계로 173,127.0443247,37.6202545,24시간 이용가능,N,N,외부인 사용불가,아파트
2026-06-26T04:43:48.973939+09:00,북서울꿈의숲,북서울꿈의숲,POI096,KEY_1,서울강북 북서울꿈의숲 동문 및 서문주차장(콘센트),EV010675,서울특별시 강북구 월계로 173,127.0443247,37.6202545,24시간 이용가능,N,N,"주차비 유료,외부인 사용불가",아파트
2026-06-26T04:43:48.973939+09:00,여의서로,여의서로,POI126,KEY_4,국회의사당,BT200001,서울특별시 영등포구 의사당대로 1,126.91641,37.53292,24시간 이용가능,Y,N,,기타
2026-06-26T04:43:48.973939+09:00,여의서로,여의서로,POI126,KEY_4,국회의사당 6문,ME22C802,서울특별시 영등포구 의사당대로 1,126.9174606,37.5326039,24시간 이용가능,Y,N,,공공기관
2026-06-26T04:43:48.973939+09:00,올림픽공원,올림픽공원,POI127,KEY_1,서울송파 한성백제박물관(급속),EV008986,서울특별시 송파구 위례성대로 71,127.1208007,37.5154287,09:00~22:00만 이용가능,N,N,09:00~22:00만 이용가능,박물관
2026-06-26T04:43:48.973939+09:00,올림픽공원,올림픽공원,POI127,KEY_1,서울송파 한성백제박물관(완속),EV008987,서울특별시 송파구 위례성대로 71,127.1199196,37.5155051,09:00~22:00만 이용가능,N,N,09:00~22:00만 이용가능,박물관
2026-06-26T04:43:48.973939+09:00,올림픽공원,올림픽공원,POI127,KEY_1,서울올림픽공원 남2문주차장,ME19X403,서울특별시 송파구 올림픽로,127.123837,37.514973,24시간 이용가능,Y,N,,공원
2026-06-26T04:43:48.973939+09:00,올림픽공원,올림픽공원,POI127,KEY_1,올림픽공원,ME19A152,서울특별시 송파구 올림픽로 424,127.115847,37.5171577,24시간 이용가능,N,N,,공원
2026-06-26T04:43:48.973939+09:00,월드컵공원,월드컵공원,POI106,KEY_2,서울마포 월드컵공원 난지삼거리주차장,EV010081,서울특별시 마포구 월드컵로 365,126.8873915,37.5711561,24시간 이용가능,Y,N,,공원주차장
2026-06-26T04:43:48.973939+09:00,월드컵공원,월드컵공원,POI106,KEY_2,서울마포 월드컵공원 난지중앙로,EV010080,서울특별시 마포구 월드컵로 243-60,126.8800727,37.5696851,24시간 이용가능,Y,N,,공영주차장
2026-06-26T04:43:48.973939+09:00,월드컵공원,월드컵공원,POI106,KEY_2,월드컵공원 주차장,CV004156,서울특별시 마포구 월드컵로 243-60,126.8987163,37.5635472,24시간 이용가능,N,N,,공원
2026-06-26T04:43:48.973939+09:00,응봉산,응봉산,POI107,KEY_3,서울성동 대림1차아파트 1,EV010331,서울특별시 성동구 독서당로62길 43,127.0335265,37.551901,24시간 이용가능,Y,N,,아파트
2026-06-26T04:43:48.973939+09:00,응봉산,응봉산,POI107,KEY_3,서울성동 대림1차아파트 2,EV010332,"서울특별시 성동구 독서당로62길 43(응봉동, 대림아파트)",127.0335265,37.5519010,24시간 이용가능,N,Y,외부인 사용불가,아파트
2026-06-26T04:43:48.973939+09:00,가락시장,가락시장,POI058,KEY_2,가락시장,ME19Y601,서울특별시 송파구 양재대로 932,127.113843,37.494161,24시간 이용가능,N,N,,마트(쇼핑몰)
2026-06-26T04:43:48.973939+09:00,가락시장,가락시장,POI058,KEY_2,롯데마트 송파점,ME174029,서울특별시 송파구 중대로 80,127.1178931,37.4918392,24시간 이용가능,N,N,,마트(쇼핑몰)
2026-06-26T04:43:48.973939+09:00,가로수길,가로수길,POI059,KEY_3,JB미소빌딩,CI0I0003,서울특별시 강남구 논현로 841,127.0277620,37.5240297,24시간 이용가능,Y,N,,기타
2026-06-26T04:43:48.973939+09:00,가로수길,가로수길,POI059,KEY_3,서울 광림교회,EP190075,서울특별시 강남구 논현로163길 33,127.0255799,37.5238944,24시간 이용가능/시설 상황에 따라 이용이 제한될 수 있습니다,Y,Y,시설 상황에 따라 이용이 제한될 수 있음,종교시설
2026-06-26T04:43:48.973939+09:00,가로수길,가로수길,POI059,KEY_3,신구초등학교 공영주차장,BT000131,서울특별시 강남구 압구정로18길 28,127.0241859,37.52311907,24시간 이용가능,N,N,,공영주차장
2026-06-26T04:43:48.973939+09:00,가로수길,가로수길,POI059,KEY_3,포르쉐 HPC데스티네이션 신사스퀘어,CV001669,서울특별시 강남구 강남대로 652,127.019063,37.519607,24시간 이용가능,N,N,,기타
2026-06-26T04:43:48.973939+09:00,김포공항,김포공항,POI061,KEY_1,김포공항 국내선 제1주차장,ME25A401,서울특별시 강서구 하늘길 111,126.8053109,37.5602639,24시간 이용가능,N,N,,공공기관
2026-06-26T04:43:48.973939+09:00,김포공항,김포공항,POI061,KEY_1,김포공항 국제선 주차빌딩,ME25A102,서울특별시 강서구 하늘길 지하77,126.8029563,37.5668056,24시간 이용가능,N,N,,공공기관
2026-06-26T04:43:48.973939+09:00,김포공항,김포공항,POI061,KEY_1,김포공항 항공지원센터,ME25A405,서울특별시 강서구 하늘길 70,126.7981126,37.5623941,24시간 이용가능,N,N,,공공기관
2026-06-26T04:43:48.973939+09:00,김포공항,김포공항,POI061,KEY_1,김포공항 항공지원센터 2,ME25A406,서울특별시 강서구 하늘길 70,126.7986383,37.5623039,24시간 이용가능,N,N,,공공기관
2026-06-26T04:43:48.973939+09:00,서촌,서촌,POI067,KEY_3,옥인공영주차장,CV004618,서울특별시 종로구 필운대로 83,126.967095,37.583155,24시간 이용가능,N,N,,공영주차장
2026-06-26T04:43:48.973939+09:00,서촌,서촌,POI067,KEY_3,인왕교통 버스차고지,CR000260,서울특별시 종로구 옥인동 181-10,126.963851,37.582101,24시간 이용가능,Y,N,버스전용,기타
2026-06-26T04:43:48.973939+09:00,서촌,서촌,POI067,KEY_3,종로구보건소,CV002634,"서울특별시 종로구 옥인동 45-30 종로구보건소, 청운효자동자치회관",126.9692391,37.581712,24시간 이용가능,Y,N,,보건소
2026-06-26T04:43:48.973939+09:00,성수카페거리,성수카페거리,POI068,KEY_4,성수 금호2차아파트,DL000036,서울특별시 성동구 연무장길 31-1,127.05314,37.543748,24시간 이용가능,Y,N,,아파트
2026-06-26T04:43:48.973939+09:00,성수카페거리,성수카페거리,POI068,KEY_4,성수드림빌드지식산업센터,AM900065,서울특별시 성동구 아차산로 132,127.0583489,37.54359489,24시간 이용가능,N,N,,일반주차장
2026-06-26T04:43:48.973939+09:00,송리단길·호수단길,송리단길·호수단길,POI121,KEY_1,서울송파 신동아로쟌뷰,EV005690,서울특별시 송파구 석촌호수로 188,127.0980153,37.50623,24시간 이용가능,N,N,"외부인 사용불가, 주차비유료",아파트
2026-06-26T04:43:48.973939+09:00,송리단길·호수단길,송리단길·호수단길,POI121,KEY_1,석촌호수효성해링턴타워,DL000014,서울특별시 송파구 석촌호수로 210,127.1003,37.50656,24시간 이용가능,N,N,,오피스텔
2026-06-26T04:43:48.973939+09:00,압구정로데오거리,압구정로데오거리,POI071,KEY_3,서울강남 대원칸타빌아파트 1,EV000923,"서울특별시 강남구 압구정로48길 15 (신사동, 압구정대원칸타빌아파트)",127.0370362,37.5273611,24시간 이용가능,Y,N,,아파트
2026-06-26T04:43:48.973939+09:00,압구정로데오거리,압구정로데오거리,POI071,KEY_3,서울강남 대원칸타빌아파트1(B1),EV005483,서울특별시 강남구 압구정로48길 15,127.037245,37.527529,24시간 이용가능,Y,N,외부인 사용불가,아파트
2026-06-26T04:43:48.973939+09:00,압구정로데오거리,압구정로데오거리,POI071,KEY_3,서울강남 대원칸타빌아파트1(B2),EV005484,서울특별시 강남구 압구정로48길 15,127.03727112,37.527656081,24시간 이용가능,Y,N,외부인 사용불가,아파트
2026-06-26T04:43:48.973939+09:00,압구정로데오거리,압구정로데오거리,POI071,KEY_3,한양조씨병참공파종회,EC003206,서울특별시 강남구 선릉로 823,127.0393426,37.5256356,24시간 이용가능,N,N,,기타
2026-06-26T04:43:48.973939+09:00,여의도,여의도,POI072,KEY_4,EV충전소 SK여의도주유소 (ev Most),EM000001,서울특별시 영등포구 의사당대로 154,126.927370,37.517737,07:00-22:00,Y,N,,주유소
2026-06-26T04:43:48.973939+09:00,여의도,여의도,POI072,KEY_4,교보증권 본사,CV004456,서울특별시 영등포구 의사당대로 97,126.924533,37.522753,09:00~18:00,N,Y,외부인 출입불가,사업장(사옥)
2026-06-26T04:43:48.973939+09:00,여의도,여의도,POI072,KEY_4,국회 서편 주차장,ME20A410,서울특별시 영등포구 여의도동 1,126.9127433,37.5318027,24시간 이용가능,Y,N,,공공기관
2026-06-26T04:43:48.973939+09:00,여의도,여의도,POI072,KEY_4,국회 헌정기념관 주차장,ME20A411,서울특별시 영등포구 여의도동 1,126.919483,37.53175,24시간 이용가능,Y,N,,공공기관
2026-06-26T04:43:48.973939+09:00,여의도,여의도,POI072,KEY_4,국회도서관,ME183103,"서울특별시 영등포구 의사당대로1, 국회도서관 앞",126.91764312,37.530302464,24시간 이용가능,Y,N,,공공기관
2026-06-26T04:43:48.973939+09:00,여의도,여의도,POI072,KEY_4,국회의사당,BT200001,서울특별시 영등포구 의사당대로 1,126.91641,37.53292,24시간 이용가능,Y,N,,기타
2026-06-26T04:43:48.973939+09:00,여의도,여의도,POI072,KEY_4,국회의사당 6문,ME22C802,서울특별시 영등포구 의사당대로 1,126.9174606,37.5326039,24시간 이용가능,Y,N,,공공기관
2026-06-26T04:43:48.973939+09:00,여의도,여의도,POI072,KEY_4,국회의원회관,ME183219,"서울특별시 영등포구 의사당대로1, 국회의원회관 주차장 우측",126.914480,37.528194,09:00 ~ 18:00,Y,N,,공공기관
2026-06-26T04:43:48.973939+09:00,여의도,여의도,POI072,KEY_4,드림리버오피스텔,EC110022,서울특별시 영등포구 은행로 54,126.9245374,37.5297624,24시간 이용가능,Y,Y,거주자외 출입제한,빌라
2026-06-26T04:43:48.973939+09:00,여의도,여의도,POI072,KEY_4,민주당사,CI0I0019,서울특별시 영등포구 국회대로68길 7,126.9195086,37.5294792,24시간 이용가능,Y,N,,기타
2026-06-26T04:43:48.973939+09:00,여의도,여의도,POI072,KEY_4,백상빌딩,CI0I000C,서울특별시 영등포구 국제금융로6길 30,126.9266154,37.5217254,24시간 이용가능,Y,N,,기타
2026-06-26T04:43:48.973939+09:00,여의도,여의도,POI072,KEY_4,삼천리 여의도 본사,EASCLYP1,서울특별시 영등포구 국제금융로6길 42,126.9255739,37.5209431,24시간 이용가능,N,N,시설 상황에 따라 이용이 제한될 수 있음,사업장(사옥)
2026-06-26T04:43:48.973939+09:00,여의도,여의도,POI072,KEY_4,서린빌딩(샬레코리아),CV000262,서울특별시 영등포구 여의대방로65길 17,126.929253,37.519683,24시간 이용가능,N,N,,사업장(사옥)
2026-06-26T04:43:48.973939+09:00,여의도,여의도,POI072,KEY_4,서울 영등포구 KBS 별관,BNBN0037,서울특별시 영등포구 여의대방로 359,126.929118,37.518669,부분 비개방,N,N,시설 상황에 따란 이용이 제한될 수 있음,기타
2026-06-26T04:43:48.973939+09:00,여의도,여의도,POI072,KEY_4,서울 영등포구 KBS 연구동,BNBN0543,서울특별시 영등포구 국회대로62길 4,126.91495,37.526994,비개방,N,N,시설 상황에 따라 이용이 제한될 수 있음,공공기관
2026-06-26T04:43:48.973939+09:00,여의도,여의도,POI072,KEY_4,서울영등포 여의도국민일보,EV005357,서울특별시 영등포구 여의공원로 101,126.9248927,37.529272,24시간 이용가능,Y,N,외부인 사용불가,사업장(사옥)
2026-06-26T04:43:48.973939+09:00,여의도,여의도,POI072,KEY_4,서울영등포 여의도금호리첸시아오피스텔,EV011608,서울특별시 영등포구 여의동로 213,126.9396296,37.5185953,24시간 이용가능,Y,N,,오피스텔
2026-06-26T04:43:48.973939+09:00,여의도,여의도,POI072,KEY_4,세우빌딩,BPA00006,서울특별시 영등포구 여의공원로 115,126.92,37.53,05:00~00:00,N,Y,시설 상황에 따라 이용이 제한될 수 있음,기타
2026-06-26T04:43:48.973939+09:00,여의도,여의도,POI072,KEY_4,여의도 화랑아파트(야외주차장),CGA00026,서울특별시 영등포구 국제금융로7가길 21,126.9355606,37.5221532,24시간 이용가능,Y,Y,거주자외 출입제한,아파트
2026-06-26T04:43:48.973939+09:00,여의도,여의도,POI072,KEY_4,여의도SK증권빌딩,CV004354,서울특별시 영등포구 국제금융로8길 31,126.9281192,37.5194777,24시간 이용가능,N,N,,금융기관
2026-06-26T04:43:48.973939+09:00,여의도,여의도,POI072,KEY_4,여의도사학연금서울회관,CV002274,서울특별시 영등포구 의사당대로 96,126.92287700,37.521523000,24시간 이용가능,N,N,,사업장(사옥)
2026-06-26T04:43:48.973939+09:00,여의도,여의도,POI072,KEY_4,여의도순복음교회,CSCS1006,서울특별시 영등포구 은행로 55,126.914169,37.53049,24시간 이용가능,Y,N,,종교시설
2026-06-26T04:43:48.973939+09:00,여의도,여의도,POI072,KEY_4,이룸센터,ME25A109,서울특별시 영등포구 의사당대로 22 (여의도동),126.917833,37.5270608,24시간 이용가능,N,N,,공공기관
2026-06-26T04:43:48.973939+09:00,여의도,여의도,POI072,KEY_4,익스콘벤처타워,EC110040,서울특별시 영등포구 은행로 3,126.9196651,37.5275095,24시간 이용가능,Y,N,,사업장(사옥)
2026-06-26T04:43:48.973939+09:00,여의도,여의도,POI072,KEY_4,장미아파트,CV001272,서울특별시 영등포구 국제금융로7길 32,126.934486,37.523403,24시간 이용가능(입주민 외 이용제한 있을 수 있음),Y,Y,입주민 외 이용제한 있을 수 있음,아파트
2026-06-26T04:43:48.973939+09:00,여의도,여의도,POI072,KEY_4,한국수출입은행,CSCS1051,서울특별시 영등포구 은행로 38,126.923399,37.528637,24시간 이용가능,Y,N,.,오피스텔
2026-06-26T04:43:48.973939+09:00,여의도,여의도,POI072,KEY_4,한국증권금융 본사,CV004487,서울특별시 영등포구 국제금융로8길 10,126.929336,37.52165,외부인 이용불가,Y,Y,외부인이 전기차 충전목적만으로 출입할 수 없습니다,금융기관
2026-06-26T04:43:48.973939+09:00,여의도,여의도,POI072,KEY_4,행진빌딩,CI0I0005,서울특별시 영등포구 국제금융로 106,126.9333119,37.5190524,24시간 이용가능,Y,N,,기타
2026-06-26T04:43:48.973939+09:00,영등포 타임스퀘어,영등포 타임스퀘어,POI074,KEY_2,영등포 점프밀라노(B4F),CGA00094,서울특별시 영등포구 영중로 28,126.9058681,37.5188593,24시간 이용가능,N,N,,오피스텔
2026-06-26T04:43:48.973939+09:00,영등포 타임스퀘어,영등포 타임스퀘어,POI074,KEY_2,영등포 제3공영주차장,DO000015,서울특별시 영등포구 문래로 196,126.902438,37.517949,24시간 이용가능,N,N,,공영주차장
2026-06-26T04:43:48.973939+09:00,영등포 타임스퀘어,영등포 타임스퀘어,POI074,KEY_2,영등포구 영등포제3공영주차장,BNBN0328,"서울특별시 영등포구 문래로 196 (영등포동4가, 영등포구 관광정보센터)",126.9041419,37.5170070,0000~0000,N,N,시설 상황에 따라 이용이 제한될 수 있음,사업장(사옥)
2026-06-26T04:43:48.973939+09:00,인사동,인사동,POI078,KEY_2,서울종로 운현궁SK허브,EV008539,서울특별시 종로구 삼일대로 461,126.985829,37.5755955,24시간 이용가능,N,N,외부인 사용불가,아파트
2026-06-26T04:43:48.973939+09:00,인사동,인사동,POI078,KEY_2,태화빌딩,ME174039,서울특별시 종로구 인사동5길 29,126.9850443,37.5718148,24시간 이용가능,N,N,,사업장(사옥)
2026-06-26T04:43:48.973939+09:00,잠실롯데타워·석촌호수,잠실롯데타워·석촌호수,POI120,KEY_3,서울송파 신동아로쟌뷰,EV005690,서울특별시 송파구 석촌호수로 188,127.0980153,37.50623,24시간 이용가능,N,N,"외부인 사용불가, 주차비유료",아파트
2026-06-26T04:43:48.973939+09:00,잠실롯데타워·석촌호수,잠실롯데타워·석촌호수,POI120,KEY_3,서울시 잠실역공영주차장(급속),EV003440,서울특별시 송파구 올림픽로 지하 265,127.1018579,37.5138593,24시간 이용가능,N,N,,공영주차장
2026-06-26T04:43:48.973939+09:00,잠실롯데타워·석촌호수,잠실롯데타워·석촌호수,POI120,KEY_3,석촌호수효성해링턴타워,DL000014,서울특별시 송파구 석촌호수로 210,127.1003,37.50656,24시간 이용가능,N,N,,오피스텔
2026-06-26T04:43:48.973939+09:00,잠실롯데타워·석촌호수,잠실롯데타워·석촌호수,POI120,KEY_3,올림픽공원,ME19A152,서울특별시 송파구 올림픽로 424,127.115847,37.5171577,24시간 이용가능,N,N,,공원
2026-06-26T04:43:48.973939+09:00,잠실롯데타워·석촌호수,잠실롯데타워·석촌호수,POI120,KEY_3,잠실엘퍼스트오피스텔,CA000106,서울특별시 송파구 백제고분로51길 7,127.11466980,37.515822625,24시간 이용가능,N,Y,거주자 외 출입제한,오피스텔
2026-06-26T04:43:48.973939+09:00,잠실롯데타워·석촌호수,잠실롯데타워·석촌호수,POI120,KEY_3,효성올림픽카운티,DL000052,서울특별시 송파구 백제고분로 497,127.1146,37.5149,24시간 이용가능,Y,N,,아파트
2026-06-26T04:43:48.973939+09:00,창동 신경제 중심지,창동 신경제 중심지,POI079,KEY_4,(주)농협유통창동농산물종합,EP190009,서울특별시 도봉구 마들로11길 20,127.0518028,37.6550378,24시간 이용가능,Y,Y,시설 상황에 따라 이용이 제한될 수 있음,마트(쇼핑몰)
2026-06-26T04:43:48.973939+09:00,창동 신경제 중심지,창동 신경제 중심지,POI079,KEY_4,도봉어르신문화센터,CV001170,서울특별시 도봉구 마들로 536,127.0508762,37.6600934,24시간 이용가능,Y,N,,지자체시설
2026-06-26T04:43:48.973939+09:00,창동 신경제 중심지,창동 신경제 중심지,POI079,KEY_4,서울교통공사 창동차량기지,CGA00082,서울특별시 노원구 노원로 573,127.05400285,37.660291354,24시간 이용가능,Y,Y,임직원 외 출입제한,공공기관
2026-06-26T04:43:48.973939+09:00,창동 신경제 중심지,창동 신경제 중심지,POI079,KEY_4,서울도봉 창동문화체육센터,EV008827,서울특별시 도봉구 노해로69길 132,127.0507053,37.6581174,24시간 이용가능,Y,N,외부인 출입불가,기타
2026-06-26T04:43:48.973939+09:00,창동 신경제 중심지,창동 신경제 중심지,POI079,KEY_4,서울도봉 창동씨드큐브,EV011669,서울특별시 도봉구 창동 1-28,127.0505214,37.6590213,24시간 이용가능,Y,N,,아파트
2026-06-26T04:43:48.973939+09:00,창동 신경제 중심지,창동 신경제 중심지,POI079,KEY_4,서울도봉 창동씨드큐브,EV011669,서울특별시 도봉구 창동 1-28,127.0505214,37.6590213,24시간 이용가능,Y,Y,외부인 사용불가,아파트
2026-06-26T04:43:48.973939+09:00,창동 신경제 중심지,창동 신경제 중심지,POI079,KEY_4,서울도봉 창동역공영주차장,EV008830,서울특별시 도봉구 노해로65길 17-6,127.0458688,37.6522498,24시간 이용가능,Y,N,,공영주차장
2026-06-26T04:43:48.973939+09:00,창동 신경제 중심지,창동 신경제 중심지,POI079,KEY_4,서울도봉 창동역동측주차장,EV008835,서울특별시 도봉구 마들로11길 74,127.0487373,37.6540776,24시간 이용가능,Y,N,,공영주차장
2026-06-26T04:43:48.973939+09:00,창동 신경제 중심지,창동 신경제 중심지,POI079,KEY_4,서울사진미술관,EP021000,서울특별시 도봉구 마들로13길 68,127.04894781,37.655515022,24시간 이용가능,Y,N,,전시관
2026-06-26T04:43:48.973939+09:00,창동 신경제 중심지,창동 신경제 중심지,POI079,KEY_4,서울시 창동문화체육센터(급속),EV003435,서울특별시 도봉구 노해로69길 132,127.0504457,37.658277,24시간 이용가능,N,N,,지자체시설
2026-06-26T04:43:48.973939+09:00,창동 신경제 중심지,창동 신경제 중심지,POI079,KEY_4,서울시 창동역서주차장(급속),EV003436,서울특별시 도봉구 노해로65길 17-6,127.0458688,37.6522498,24시간 이용가능,N,Y,시설 상황에 따라 이용이 제한될 수 있음,공영주차장
2026-06-26T04:43:48.973939+09:00,창동 신경제 중심지,창동 신경제 중심지,POI079,KEY_4,와우쇼핑,EBWOWSNW,서울특별시 노원구 노해로 507,127.0640219,37.6553322,09:00~20:00,Y,N,,마트(쇼핑몰)
2026-06-26T04:43:48.973939+09:00,창동 신경제 중심지,창동 신경제 중심지,POI079,KEY_4,용화여고,CU200035,서울특별시 노원구 동일로 1461,127.058376,37.6587686,24시간 이용가능,Y,N,,학교
2026-06-26T04:43:48.973939+09:00,창동 신경제 중심지,창동 신경제 중심지,POI079,KEY_4,한국전기안전공사 서울북부지사,CV000240,서울특별시 도봉구 노해로67길 14,127.0494501,37.652269,24시간 이용가능(시설이용자 외 이용제한 있을 수 있음),Y,N,,공공기관
2026-06-26T04:43:48.973939+09:00,창동 신경제 중심지,창동 신경제 중심지,POI079,KEY_4,화랑빌딩,CPCT0023,서울특별시 노원구 상계로 64,127.062278,37.655792,24시간 이용가능,Y,N,,기타
2026-06-26T04:43:48.973939+09:00,청량리 제기동 일대 전통시장,청량리 제기동 일대 전통시장,POI081,KEY_2,디자이너스호텔,CPCP1064,서울특별시 동대문구 왕산로 226,127.0477,37.5817,24시간 이용가능,Y,N,,기타
2026-06-26T04:43:48.973939+09:00,청량리 제기동 일대 전통시장,청량리 제기동 일대 전통시장,POI081,KEY_2,서울약령시 공영주차장,ME18B284,서울특별시 동대문구 약령중앙로 26,127.03715,37.58051,24시간 이용가능,N,N,,공영주차장
2026-06-26T04:43:48.973939+09:00,DMC(디지털미디어시티),DMC(디지털미디어시티),POI084,KEY_1,Park M (주차복합빌딩),ME19A246,서울특별시 마포구 매봉산로 80,126.8941079,37.5783444,24시간 이용가능,N,N,,일반주차장
2026-06-26T04:43:48.973939+09:00,DMC(디지털미디어시티),DMC(디지털미디어시티),POI084,KEY_1,마포 누리꿈스퀘어빌딩 급속충전소(스타코프),EP021300,"서울특별시 마포구 월드컵북로 396 (상암동, 누리꿈스퀘어)",126.8897829,37.579428342,24시간 이용가능,Y,N,,기타
2026-06-26T04:43:48.973939+09:00,DMC(디지털미디어시티),DMC(디지털미디어시티),POI084,KEY_1,마포 우리금융상암센터(B3F),CGA00059,서울특별시 마포구 월드컵북로60길 17,126.8859923,37.5833854,24시간 이용가능,Y,Y,임직원 외 출입제한,사업장(사옥)
2026-06-26T04:43:48.973939+09:00,DMC(디지털미디어시티),DMC(디지털미디어시티),POI084,KEY_1,마포구 상암1공영주차장,BNBN0843,서울특별시 마포구 성암로 197,126.8971993,37.5771432,~,N,N,시설 상황에 따라 이용이 제한될 수 있음,공영주차장
2026-06-26T04:43:48.973939+09:00,DMC(디지털미디어시티),DMC(디지털미디어시티),POI084,KEY_1,상암1 공영주차장,ME19A245,서울특별시 마포구 성암로 197,126.8973596,37.577011200000,24시간 이용가능,N,N,,공영주차장
2026-06-26T04:43:48.973939+09:00,DMC(디지털미디어시티),DMC(디지털미디어시티),POI084,KEY_1,서울 한샘상암사옥 충전소,AM900012,서울특별시 마포구 성암로 179,126.8987638,37.5761509,24시간 이용가능,N,N,시설 상황에 따라 이용이 제한될 수 있음,기타
2026-06-26T04:43:48.973939+09:00,DMC(디지털미디어시티),DMC(디지털미디어시티),POI084,KEY_1,서울 한샘상암사옥 충전소,EP220314,서울특별시 마포구 성암로 179,126.8987638,37.5761509,24시간 이용가능,Y,N,시설 상황에 따라 이용이 제한될 수 있음,기타
2026-06-26T04:43:48.973939+09:00,DMC(디지털미디어시티),DMC(디지털미디어시티),POI084,KEY_1,서울 한샘상암사옥 충전소,EP220314,서울특별시 마포구 성암로 179,126.8987638,37.5761509,24시간 이용가능,Y,Y,시설 상황에 따라 이용이 제한될 수 있음,기타
2026-06-26T04:43:48.973939+09:00,DMC(디지털미디어시티),DMC(디지털미디어시티),POI084,KEY_1,서울경제진흥원,CV004480,서울특별시 마포구 월드컵북로 400,126.889538,37.580315,24시간 이용가능,N,N,,공공기관
2026-06-26T04:43:48.973939+09:00,DMC(디지털미디어시티),DMC(디지털미디어시티),POI084,KEY_1,서울마포 상암휴먼시아2단지,EV006824,서울특별시 마포구 월드컵북로42가길 11,126.8975858,37.5747375,24시간 이용가능,Y,N,외부인 사용불가,아파트
2026-06-26T04:43:48.973939+09:00,DMC(디지털미디어시티),DMC(디지털미디어시티),POI084,KEY_1,서울마포 상암휴먼시아2단지,EV006824,서울특별시 마포구 월드컵북로42가길 11,126.8975858,37.5747375,24시간 이용가능,Y,Y,외부인 사용불가,아파트
2026-06-26T04:43:48.973939+09:00,DMC(디지털미디어시티),DMC(디지털미디어시티),POI084,KEY_1,서울산업진흥원,EV000411,서울특별시 마포구 월드컵북로 400,126.8896371,37.5805219,평일 09시~18시 이용가능,Y,N,,사업장(사옥)
2026-06-26T04:43:48.973939+09:00,DMC(디지털미디어시티),DMC(디지털미디어시티),POI084,KEY_1,스탠포드호텔코리아,ME183009,"서울특별시 마포구 상암동 월드컵북로 58길 15, 지하4층 18",126.886648,37.5823581,24시간 이용가능,Y,N,,숙박시설
2026-06-26T04:43:48.973939+09:00,DMC(디지털미디어시티),DMC(디지털미디어시티),POI084,KEY_1,파크엠빌딩,AMAM0003,서울특별시 마포구 매봉산로 80,126.894285,37.57853,24시간 이용가능,N,N,,일반주차장
2026-06-26T04:43:48.973939+09:00,DMC(디지털미디어시티),DMC(디지털미디어시티),POI084,KEY_1,한국콘텐츠진흥원 DMS방송제작센터,CV001934,서울특별시 마포구 월드컵북로54길 12,126.8892508,37.5807286,24시간 이용가능,N,N,,기타
2026-06-26T04:43:48.973939+09:00,가산디지털단지역,가산디지털단지역,POI013,KEY_2,LG가산디지털센터,EV001760,서울특별시 금천구 가산디지털1로 189,126.8797058,37.4821518,24시간 이용가능,Y,N,외부인 사용불가,사업장(사옥)
2026-06-26T04:43:48.973939+09:00,가산디지털단지역,가산디지털단지역,POI013,KEY_2,금천 대륭포스트타워6차,CGA00216,서울특별시 금천구 벚꽃로 298,126.8838717,37.4814402,24시간 이용가능,Y,N,,기타
2026-06-26T04:43:48.973939+09:00,가산디지털단지역,가산디지털단지역,POI013,KEY_2,금천 벽산/경인 디지털밸리_주차장입구1,CGA00146,서울특별시 금천구 가산디지털2로 184,126.8780843,37.4842494,24시간 이용가능,Y,N,,기타
2026-06-26T04:43:48.973939+09:00,가산디지털단지역,가산디지털단지역,POI013,KEY_2,금천 벽산/경인 디지털밸리_주차장입구2,CGA00193,서울특별시 금천구 가산디지털2로 184,126.8780843,37.4842494,24시간 이용가능,Y,N,,기타
2026-06-26T04:43:48.973939+09:00,가산디지털단지역,가산디지털단지역,POI013,KEY_2,대륭테크노타운6차,EP210180,서울특별시 금천구 서부샛길 648,126.8761807,37.4812045,24시간 이용가능,N,N,,오피스텔
2026-06-26T04:43:48.973939+09:00,가산디지털단지역,가산디지털단지역,POI013,KEY_2,대륭테크노타운6차,EP210180,서울특별시 금천구 서부샛길 648,126.8761807,37.4812045,24시간 이용가능,N,Y,SM3전용,오피스텔
2026-06-26T04:43:48.973939+09:00,가산디지털단지역,가산디지털단지역,POI013,KEY_2,대륭포스트타워5차,EC110008,서울특별시 금천구 디지털로9길 68,126.8864218,37.481076,24시간 이용가능,Y,N,,사업장(사옥)
2026-06-26T04:43:48.973939+09:00,가산디지털단지역,가산디지털단지역,POI013,KEY_2,대륭포스트타워5차 (급),EC110112,서울특별시 금천구 디지털로9길 68,126.8862972,37.4811672,24시간 이용가능,Y,N,,사업장(사옥)
2026-06-26T04:43:48.973939+09:00,가산디지털단지역,가산디지털단지역,POI013,KEY_2,서울 금천구 가산동 가산디지털 서측노외,BNBN0325,서울특별시 금천구 가산디지털1로 230,126.880392,37.485481,24시간 이용가능,N,N,시설 상황에 따란 이용이 제한될 수 있음,기타
2026-06-26T04:43:48.973939+09:00,가산디지털단지역,가산디지털단지역,POI013,KEY_2,서울 금천구 견인차량보관소,BNBN0582,서울 금천구 가산디지털2로 169-34 (가산동),126.8758006,37.4831701,24시간 이용가능,N,N,시설 상황에 따라 이용이 제한될 수 있음,기타
2026-06-26T04:43:48.973939+09:00,가산디지털단지역,가산디지털단지역,POI013,KEY_2,서울 코오롱테크노밸리,EP230205,서울특별시 금천구 디지털로9길 56,126.88687232,37.480402595,24시간 이용가능,Y,N,,기타
2026-06-26T04:43:48.973939+09:00,가산디지털단지역,가산디지털단지역,POI013,KEY_2,서울금천 월드메르디앙벤처센터,EV006695,서울특별시 금천구 벚꽃로 254,126.8854927,37.477763,24시간 이용가능,N,N,외부인 사용불가,사업장(사옥)
2026-06-26T04:43:48.973939+09:00,가산디지털단지역,가산디지털단지역,POI013,KEY_2,서울금천_에이스비즈포레,EV003719,서울특별시 금천구 가산디지털2로 173,126.8770673,37.4831681,24시간 이용가능,Y,N,외부인 사용불가,사업장(사옥)
2026-06-26T04:43:48.973939+09:00,가산디지털단지역,가산디지털단지역,POI013,KEY_2,에이스테크노타워10차,EP210287,서울특별시 금천구 가산디지털1로 196,126.8812848,37.4829649,24시간 이용가능,N,N,,오피스텔
2026-06-26T04:43:48.973939+09:00,가산디지털단지역,가산디지털단지역,POI013,KEY_2,에이스테크노타워10차,EP210287,서울특별시 금천구 가산디지털1로 196,126.8812848,37.4829649,24시간 이용가능,N,N,시설 상황에 따라 이용이 제한될 수 있음,오피스텔
2026-06-26T04:43:48.973939+09:00,가산디지털단지역,가산디지털단지역,POI013,KEY_2,코오롱테크노밸리,EP210295,서울특별시 금천구 디지털로9길 56,126.8868723,37.4804026,24시간 이용가능,N,N,,오피스텔
2026-06-26T04:43:48.973939+09:00,강남역,강남역,POI014,KEY_3,역삼문화공원 지하3층주차장,CV001458,서울특별시 강남구 테헤란로7길 21,127.029673,37.500888,24시간 이용가능,N,N,,공영주차장
2026-06-26T04:43:48.973939+09:00,강남역,강남역,POI014,KEY_3,강남 GT타워이스트,CGA00294,서울특별시 서초구 서초대로 411,127.0259226,37.4981083,24시간 이용가능,N,N,입주민 전용,사업장(사옥)
2026-06-26T04:43:48.973939+09:00,강남역,강남역,POI014,KEY_3,강남 대우디오빌플러스,CGA00129,서울특별시 강남구 강남대로84길 33,127.03109342,37.497546130,24시간 이용가능,Y,Y,거주자외 출입제한,아파트
2026-06-26T04:43:48.973939+09:00,강남역,강남역,POI014,KEY_3,강남 대우디오빌플러스_2차,CGA00249,서울특별시 강남구 강남대로84길 33,127.0312229,37.4973278,24시간 이용가능,Y,N,,오피스텔
2026-06-26T04:43:48.973939+09:00,강남역,강남역,POI014,KEY_3,서울_강남센트럴푸르지오시티1,EV003466,서울특별시 강남구 테헤란로4길 6,127.0292863,37.4976674,24시간 이용가능 / 입주민만 사용가능,Y,N,,아파트
2026-06-26T04:43:48.973939+09:00,강남역,강남역,POI014,KEY_3,서울_강남센트럴푸르지오시티1,EV003466,서울특별시 강남구 테헤란로4길 6,127.0292863,37.4976674,24시간 이용가능 / 입주민만 사용가능,Y,N,외부인 사용불가,아파트
2026-06-26T04:43:48.973939+09:00,강남역,강남역,POI014,KEY_3,서울_강남센트럴푸르지오시티2,EV003467,서울특별시 강남구 테헤란로4길 6,127.02916487,37.497576085,"24시간 이용가능,입주민만 사용가능 거주자외출입제한",Y,N,외부인 사용불가,아파트
2026-06-26T04:43:48.973939+09:00,강남역,강남역,POI014,KEY_3,서울_강남센트럴푸르지오시티3,EV003458,서울특별시 강남구 테헤란로4길 6,127.02941929,37.497524214,"24시간 이용가능,입주민만 사용가능 거주자외출입제한",Y,N,외부인 사용불가,아파트
2026-06-26T04:43:48.973939+09:00,강남역,강남역,POI014,KEY_3,서울강남 강남역효성헤링턴타워,EV006829,서울특별시 강남구 강남대로84길 15,127.0298357,37.4970034,24시간 이용가능,Y,N,외부인 사용불가,아파트
2026-06-26T04:43:48.973939+09:00,강남역,강남역,POI014,KEY_3,서울강남 강남역효성헤링턴타워,EV006829,서울특별시 강남구 강남대로84길 15,127.0298357,37.4970034,24시간 이용가능,Y,Y,외부인 사용불가,아파트
2026-06-26T04:43:48.973939+09:00,강남역,강남역,POI014,KEY_3,역삼문화공원 지하4층주차장,CV002017,서울특별시 강남구 테헤란로7길 21,127.0302568,37.50050350,24시간 이용가능,N,N,,공영주차장
2026-06-26T04:43:48.973939+09:00,건대입구역,건대입구역,POI015,KEY_4,광진구 자양4동 공영주차장,BNBN0833,서울특별시 광진구 자양동 5-5,127.0681886,37.5386773,~,N,N,시설 상황에 따라 이용이 제한될 수 있음,공영주차장
2026-06-26T04:43:48.973939+09:00,건대입구역,건대입구역,POI015,KEY_4,광진문화예술회관,ME20A278,서울특별시 광진구 능동로 76,127.0705319,37.5375337,24시간 이용가능,N,N,,지자체시설
2026-06-26T04:43:48.973939+09:00,건대입구역,건대입구역,POI015,KEY_4,서울광진 더라움펜트하우스1(B3),EV006056,서울특별시 광진구 능동로 81,127.06916132,37.538250998,24시간 이용가능,Y,N,외부인 사용불가,아파트
2026-06-26T04:43:48.973939+09:00,건대입구역,건대입구역,POI015,KEY_4,서울광진 더라움펜트하우스1(B3),EV006056,서울특별시 광진구 능동로 81,127.06916132,37.538250998,24시간 이용가능,Y,Y,외부인 사용불가,아파트
2026-06-26T04:43:48.973939+09:00,건대입구역,건대입구역,POI015,KEY_4,서울광진 더라움펜트하우스2(B5),EV006057,서울특별시 광진구 능동로 81,127.06918404,37.538354599,24시간 이용가능,Y,N,외부인 사용불가,아파트
2026-06-26T04:43:48.973939+09:00,건대입구역,건대입구역,POI015,KEY_4,서울광진 더라움펜트하우스2(B5),EV006057,서울특별시 광진구 능동로 81,127.06918404,37.538354599,24시간 이용가능,Y,Y,외부인 사용불가,아파트
2026-06-26T04:43:48.973939+09:00,건대입구역,건대입구역,POI015,KEY_4,서울광진 더라움펜트하우스3(B6),EV006058,서울특별시 광진구 능동로 81,127.0693126,37.5383612,24시간 이용가능,Y,N,외부인 사용불가,아파트
2026-06-26T04:43:48.973939+09:00,건대입구역,건대입구역,POI015,KEY_4,서울광진 더라움펜트하우스3(B6),EV006058,서울특별시 광진구 능동로 81,127.0693126,37.5383612,24시간 이용가능,Y,Y,외부인 사용불가,아파트
2026-06-26T04:43:48.973939+09:00,건대입구역,건대입구역,POI015,KEY_4,자양동노상주차장,CV004505,서울특별시 광진구 자양동 23-9,127.0645572,37.5414901,24시간 이용가능,Y,N,,공영주차장
2026-06-26T04:43:48.973939+09:00,고덕역,고덕역,POI016,KEY_1,서울강동 고덕삼환아파트,EV004025,서울특별시 강동구 고덕로62길 29,127.1542273,37.5543173,24시간 이용가능,Y,N,,아파트
2026-06-26T04:43:48.973939+09:00,고덕역,고덕역,POI016,KEY_1,서울강동 한화오벨리스크스위트오피스텔,EV005768,서울특별시 강동구 동남로 877,127.155802,37.5520152,24시간 이용가능,Y,N,외부인 사용불가,아파트
2026-06-26T04:43:48.973939+09:00,구로디지털단지역,구로디지털단지역,POI019,KEY_4,구로 에이스테크노타워2차,CGA00110,서울특별시 구로구 디지털로31길 19,126.89376717,37.484876015,24시간 이용가능,N,N,,사업장(사옥)
2026-06-26T04:43:48.973939+09:00,구로디지털단지역,구로디지털단지역,POI019,KEY_4,구로구 구로3동 주차장,BNBN0820,서울특별시 구로구 구로동 212-14,126.8925044,37.4830246,~,N,N,시설 상황에 따라 이용이 제한될 수 있음,일반주차장
2026-06-26T04:43:48.973939+09:00,구로디지털단지역,구로디지털단지역,POI019,KEY_4,구로디지털단지역환승주차장,EC001010,서울특별시 구로구 도림천로 477,126.9016095,37.4854141,24시간 이용가능,N,N,,환승주차장
2026-06-26T04:43:48.973939+09:00,구로디지털단지역,구로디지털단지역,POI019,KEY_4,서울 아남전자1 충전소,EP220556,서울특별시 구로구 디지털로27가길 27,126.89251265,37.484676568,24시간 이용가능,Y,N,시설 상황에 따라 이용이 제한될 수 있음,기타
2026-06-26T04:43:48.973939+09:00,구로디지털단지역,구로디지털단지역,POI019,KEY_4,서울 아남전자2 충전소,EP220557,서울특별시 구로구 디지털로27가길 27,126.89251265,37.484676568,24시간 이용가능,Y,N,시설 상황에 따라 이용이 제한될 수 있음,기타
2026-06-26T04:43:48.973939+09:00,구로디지털단지역,구로디지털단지역,POI019,KEY_4,서울구로구 이앤씨벤처드림타워2차,EV004692,서울특별시 구로구 디지털로33길 55,126.8930445,37.4867586,24시간 이용가능,Y,N,외부인 사용불가,사업장(사옥)
2026-06-26T04:43:48.973939+09:00,구로디지털단지역,구로디지털단지역,POI019,KEY_4,서울시 구로디지털단지역공영주차장(급속),EV005670,서울특별시 구로구 도림천로 477,126.9014944,37.4853149,24시간 이용가능,Y,N,,아파트
2026-06-26T04:43:48.973939+09:00,구로디지털단지역,구로디지털단지역,POI019,KEY_4,에이스하이엔드타워1차,CV004538,서울특별시 구로구 디지털로26길 5,126.894102,37.4818142,24시간 이용가능,N,N,,오피스텔
2026-06-26T04:43:48.973939+09:00,구로디지털단지역,구로디지털단지역,POI019,KEY_4,이앤씨6차,BNAG3302,서울특별시 구로구 디지털로31길 41,126.892720,37.485169,24시간 이용가능,Y,N,상황에 따라 변동,기타
2026-06-26T04:43:48.973939+09:00,구로디지털단지역,구로디지털단지역,POI019,KEY_4,코오롱사이언스밸리2차,CPCT0053,서울특별시 구로구 디지털로34길 55,126.899282,37.484286,24시간 이용가능,Y,N,시설 상황에 따라 이용이 제한 될 수 있음,기타
2026-06-26T04:43:48.973939+09:00,구로디지털단지역,구로디지털단지역,POI019,KEY_4,코오롱사이언스밸리2차,CPCT0053,서울특별시 구로구 디지털로34길 55,126.899282,37.484286,24시간 이용가능,Y,Y,시설 상황에 따라 이용이 제한 될 수 있음,기타
2026-06-26T04:43:48.973939+09:00,구로디지털단지역,구로디지털단지역,POI019,KEY_4,쿨사인 입주빌딩,EP220032,서울특별시 구로구 디지털로27가길 27,126.8925127,37.4846766,24시간 이용가능,Y,Y,시설 상황에 따라 이용이 제한될 수 있음,사업장(사옥)
2026-06-26T04:43:48.973939+09:00,구로디지털단지역,구로디지털단지역,POI019,KEY_4,쿨사인 지하주차장,CI0I0002,서울특별시 구로구 디지털로27가길 27,126.8925052,37.4847055,24시간 이용가능,Y,N,,기타
2026-06-26T04:43:48.973939+09:00,구로디지털단지역,구로디지털단지역,POI019,KEY_4,파트너스타워2차,CV001794,서울특별시 구로구 디지털로32가길 16,126.898574,37.482944,09:00~18:00,N,N,,기타
2026-06-26T04:43:48.973939+09:00,대림역,대림역,POI023,KEY_3,대림노외공영주차장,EC001015,서울특별시 구로구 도림천로 352,126.89405009,37.49290640,24시간 이용가능,N,N,,공영주차장
2026-06-26T04:43:48.973939+09:00,대림역,대림역,POI023,KEY_3,서울교통공사 대림별관(B1F),CGA00039,서울특별시 구로구 도림천로 352,126.8942424,37.4934337,24시간 이용가능,Y,Y,임직원외 출입제한,공공기관
2026-06-26T04:43:48.973939+09:00,대림역,대림역,POI023,KEY_3,서울구로 대림역경남아너스빌,EV002542,서울특별시 구로구 구로중앙로8길 41-23,126.8929945,37.4936794,"24시간 이용가능,입주민만 사용가능 거주자외출입제한",Y,N,외부인 사용불가,아파트
2026-06-26T04:43:48.973939+09:00,뚝섬역,뚝섬역,POI025,KEY_1,서울성동 뚝섬리버빌아파트,EV005769,서울특별시 성동구 성수일로11길 15,127.0498269,37.5494959,24시간 이용가능,Y,N,외부인 사용불가,아파트
2026-06-26T04:43:48.973939+09:00,뚝섬역,뚝섬역,POI025,KEY_1,서울성동 뚝섬중앙하이츠빌101동,EV006312,서울특별시 성동구 상원길 47,127.0481899,37.5477242,24시간 이용가능,Y,N,외부인 사용불가,아파트
2026-06-26T04:43:48.973939+09:00,뚝섬역,뚝섬역,POI025,KEY_1,서울성동 뚝섬중앙하이츠빌102동,EV006313,서울특별시 성동구 상원길 47,127.0479978,37.5480914,24시간 이용가능,Y,N,외부인 사용불가,아파트
2026-06-26T04:43:48.973939+09:00,뚝섬역,뚝섬역,POI025,KEY_1,서울성동 뚝섬중앙하이츠빌103동,EV006314,서울특별시 성동구 상원길 47,127.0471433,37.5478958,24시간 이용가능,Y,N,외부인 사용불가,아파트
2026-06-26T04:43:48.973939+09:00,뚝섬역,뚝섬역,POI025,KEY_1,서울성동 성수쌍용아파트1,EV008021,서울특별시 성동구 상원길 63,127.047109,37.5501345,24시간 이용가능,Y,N,외부인 사용불가,아파트
2026-06-26T04:43:48.973939+09:00,뚝섬역,뚝섬역,POI025,KEY_1,서울성동 성수쌍용아파트1,EV008021,서울특별시 성동구 상원길 63,127.047109,37.5501345,24시간 이용가능,Y,Y,외부인 사용불가,아파트
2026-06-26T04:43:48.973939+09:00,뚝섬역,뚝섬역,POI025,KEY_1,서울성동 성수쌍용아파트2,EV008022,서울특별시 성동구 상원길 63,127.047109,37.5501345,24시간 이용가능,Y,N,외부인 사용불가,아파트
2026-06-26T04:43:48.973939+09:00,뚝섬역,뚝섬역,POI025,KEY_1,서울성동 성수쌍용아파트2,EV008022,서울특별시 성동구 상원길 63,127.047109,37.5501345,24시간 이용가능,Y,Y,외부인 사용불가,아파트
2026-06-26T04:43:48.973939+09:00,뚝섬역,뚝섬역,POI025,KEY_1,서울성동 성수쌍용아파트3,EV008023,서울특별시 성동구 상원길 63,127.047109,37.5501345,24시간 이용가능,Y,N,외부인 사용불가,아파트
2026-06-26T04:43:48.973939+09:00,뚝섬역,뚝섬역,POI025,KEY_1,서울성동 성수쌍용아파트3,EV008023,서울특별시 성동구 상원길 63,127.047109,37.5501345,24시간 이용가능,Y,Y,외부인 사용불가,아파트
2026-06-26T04:43:48.973939+09:00,뚝섬역,뚝섬역,POI025,KEY_1,서울성동 성수쌍용아파트4,EV008024,서울특별시 성동구 상원길 63,127.047109,37.5501345,24시간 이용가능,Y,N,외부인 사용불가,아파트
2026-06-26T04:43:48.973939+09:00,뚝섬역,뚝섬역,POI025,KEY_1,서울성동 성수쌍용아파트4,EV008024,서울특별시 성동구 상원길 63,127.047109,37.5501345,24시간 이용가능,Y,Y,외부인 사용불가,아파트
2026-06-26T04:43:48.973939+09:00,뚝섬역,뚝섬역,POI025,KEY_1,서울성동 성수쌍용아파트5,EV008025,서울특별시 성동구 상원길 63,127.047109,37.5501345,24시간 이용가능,Y,N,외부인 사용불가,아파트
2026-06-26T04:43:48.973939+09:00,뚝섬역,뚝섬역,POI025,KEY_1,서울성동 성수쌍용아파트5,EV008025,서울특별시 성동구 상원길 63,127.047109,37.5501345,24시간 이용가능,Y,Y,외부인 사용불가,아파트
2026-06-26T04:43:48.973939+09:00,뚝섬역,뚝섬역,POI025,KEY_1,서울성동 성수쌍용아파트6,EV008026,서울특별시 성동구 상원길 63,127.047109,37.5501345,24시간 이용가능,Y,N,외부인 사용불가,아파트
2026-06-26T04:43:48.973939+09:00,뚝섬역,뚝섬역,POI025,KEY_1,서울성동 성수쌍용아파트6,EV008026,서울특별시 성동구 상원길 63,127.047109,37.5501345,24시간 이용가능,Y,Y,외부인 사용불가,아파트
2026-06-26T04:43:48.973939+09:00,발산역,발산역,POI027,KEY_3,강서 발산파크프라자(B3F),CGA00086,서울특별시 강서구 공항대로 261,126.836521,37.5591532,24시간 이용가능,Y,N,,마트(쇼핑몰)
2026-06-26T04:43:48.973939+09:00,발산역,발산역,POI027,KEY_3,강서블리스주차타워,DL000045,서울특별시 강서구 강서로52길 34,126.8398,37.5575,24시간 이용가능,Y,N,,기타
2026-06-26T04:43:48.973939+09:00,발산역,발산역,POI027,KEY_3,강서 등촌주공3단지아파트,CGA00217,서울특별시 강서구 강서로56나길 37,126.8408743,37.5626644,24시간 이용가능,Y,Y,입주민 전용,아파트
2026-06-26T04:43:48.973939+09:00,발산역,발산역,POI027,KEY_3,강서 마곡아이파크,CGA00261,서울특별시 강서구 마곡중앙8로 90,126.8375933,37.5605730,24시간 이용가능,N,Y,입주민 전용,아파트
2026-06-26T04:43:48.973939+09:00,발산역,발산역,POI027,KEY_3,건와빌딩,EP200471,서울특별시 강서구 마곡동로 56,126.8338034,37.5599779,24시간 이용가능,N,Y,시설 상황에 따라 이용이 제한될 수 있음,사업장(사옥)
2026-06-26T04:43:48.973939+09:00,발산역,발산역,POI027,KEY_3,엠펠리체호텔,EC110021,서울특별시 강서구 마곡동로4길 15,126.83524805,37.559818459,24시간 이용가능,Y,N,,숙박시설
2026-06-26T04:43:48.973939+09:00,사당역,사당역,POI029,KEY_4,남현소공원 공영주차장,CV001539,서울특별시 관악구 남현1길 28,126.97952742,37.475850042,24시간 이용가능,N,N,,공영주차장
2026-06-26T04:43:48.973939+09:00,사당역,사당역,POI029,KEY_4,서울교통공사 사당별관(임직원 전용),CGA00064,서울특별시 서초구 효령로 5,126.9847726,37.4765547,24시간 이용가능,Y,Y,임직원 외 출입제한,공공기관
2026-06-26T04:43:48.973939+09:00,서울대입구역,서울대입구역,POI031,KEY_2,관악 대우디오슈페리움 1단지(B6F),CGA00042,서울특별시 관악구 관악로 164,126.9528507,37.4796468,24시간 이용가능,Y,Y,입주민 전용,아파트
2026-06-26T04:43:48.973939+09:00,서울대입구역,서울대입구역,POI031,KEY_2,관악위버폴리스,EP190003,서울특별시 관악구 관악로 195,126.9530968,37.4825641,24시간 이용가능,Y,Y,시설 상황에 따라 이용이 제한될 수 있음,아파트
2026-06-26T04:43:48.973939+09:00,서울대입구역,서울대입구역,POI031,KEY_2,관악위버폴리스관리단 A동,EC002636,서울특별시 관악구 관악로 195,126.9532554,37.4826445,24시간 이용가능,Y,N,,아파트
2026-06-26T04:43:48.973939+09:00,서울대입구역,서울대입구역,POI031,KEY_2,신원메트로빌 B4,EC003273,서울특별시 관악구 남부순환로 1811,126.9514766,37.481685,24시간 이용가능,Y,N,,아파트
2026-06-26T04:43:48.973939+09:00,서울역,서울역,POI033,KEY_4,단암타워,AM900061,서울특별시 중구 소월로 10,126.9754111,37.55854116,24시간 이용가능,N,N,,일반주차장
2026-06-26T04:43:48.973939+09:00,서울역,서울역,POI033,KEY_4,서울중구 남산트라팰리스,EV002939,서울특별시 중구 소월로2길 30,126.9756138,37.5539952,"24시간 이용가능,입주민만 사용가능 거주자외출입제한",Y,N,외부인 사용불가,아파트
2026-06-26T04:43:48.973939+09:00,서울역,서울역,POI033,KEY_4,서울중구 남산트라팰리스2,EV005035,서울특별시 중구 소월로2길 30,126.9756127,37.5539947,24시간 이용가능,Y,N,외부인 사용불가,아파트
2026-06-26T04:43:48.973939+09:00,서울역,서울역,POI033,KEY_4,서울중구 연세대학교 봉래빌딩,EV005715,서울특별시 중구 칠패로 36,126.9728876,37.5593963,24시간 이용가능,N,N,외부인 사용불가,학교
2026-06-26T04:43:48.973939+09:00,선릉역,선릉역,POI034,KEY_1,강남 대치타워(B5F),CGA00025,서울특별시 강남구 테헤란로 424,127.0534636,37.5054685,24시간 이용가능,N,N,시설 상황에 따라 이용이 제한될 수 있음,사업장(사옥)
2026-06-26T04:43:48.973939+09:00,선릉역,선릉역,POI034,KEY_1,강남일옥빌딩(신한강남L타워),AM900055,서울특별시 강남구 테헤란로 318,127.0460709,37.50317135,24시간 이용가능,N,N,,일반주차장
2026-06-26T04:43:48.973939+09:00,선릉역,선릉역,POI034,KEY_1,서울강남 가리온빌딩,EV011039,서울특별시 강남구 삼성로85길 39,127.0542807,37.504237,24시간 이용가능,Y,N,,아파트
2026-06-26T04:43:48.973939+09:00,선릉역,선릉역,POI034,KEY_1,선릉이스타빌,CCA00003,서울특별시 강남구 테헤란로52길 15,127.04793664,37.503171784,24시간 이용가능,Y,Y,거주자외 출입제한,오피스텔
2026-06-26T04:43:48.973939+09:00,선릉역,선릉역,POI034,KEY_1,아남타워,CU200032,서울특별시 강남구 테헤란로 311,127.044811,37.5038134,24시간 이용가능,N,N,,기타
2026-06-26T04:43:48.973939+09:00,수유역,수유역,POI036,KEY_3,강북구청,CU200019,서울특별시 강북구 도봉로89길 13,127.025425,37.6391656,24시간 이용가능,N,N,,관공서
2026-06-26T04:43:48.973939+09:00,수유역,수유역,POI036,KEY_3,수유경남아너스빌,AMAM0014,서울특별시 강북구 노해로8길 22,127.024170,37.638176,24시간 이용가능,N,N,,아파트
2026-06-26T04:43:48.973939+09:00,숭례문,숭례문,POI131,KEY_4,단암타워,AM900061,서울특별시 중구 소월로 10,126.9754111,37.55854116,24시간 이용가능,N,N,,일반주차장
2026-06-26T04:43:48.973939+09:00,숭례문,숭례문,POI131,KEY_4,삼성본관빌딩,CV003877,서울특별시 중구 세종대로 67,126.975566,37.562379,06:30 ~ 23:00,N,N,,사업장(사옥)
2026-06-26T04:43:48.973939+09:00,시의회 앞,시의회 앞,POI130,KEY_1,서울도시기반시설본부,CV000259,서울특별시 중구 청계천로 8,126.978292,37.5688401,07:00~19:00,N,N,,공공기관
2026-06-26T04:43:48.973939+09:00,시의회 앞,시의회 앞,POI130,KEY_1,서울신문사 급속충전소,EP210068,서울특별시 중구 세종대로 124,126.9778737,37.5674199,24시간 이용가능,Y,N,시설 상황에 따라 이용이 제한될 수 있음,사업장(사옥)
2026-06-26T04:43:48.973939+09:00,시의회 앞,시의회 앞,POI130,KEY_1,종로 동아일보미디어센터,EP240036,서울특별시 종로구 청계천로 1,126.9780203,37.5695464,24시간 이용가능,Y,N,시설 상황에 따라 이용이 제한될 수 있음,기타
2026-06-26T04:43:48.973939+09:00,시의회 앞,시의회 앞,POI130,KEY_1,한국프레스센터,EC110009,서울특별시 중구 세종대로 124,126.9778737,37.5674199,24시간 이용가능,Y,N,,공공기관
2026-06-26T04:43:48.973939+09:00,신논현역·논현역,신논현역·논현역,POI037,KEY_2,더채플논현빌딩,AM900044,서울특별시 강남구 논현로 549,127.02599437,37.505084699,24시간 이용가능,N,N,,음식점
2026-06-26T04:43:48.973939+09:00,신논현역·논현역,신논현역·논현역,POI037,KEY_2,호텔더디자이너스리즈강남프리미어,EP020102,서울특별시 강남구 봉은사로 113,127.02587864,37.505266665,24시간 이용가능,Y,N,,기타
2026-06-26T04:43:48.973939+09:00,신논현역·논현역,신논현역·논현역,POI037,KEY_2,호텔더디자이너스리즈강남프리미어(ino),EK221028,서울특별시 강남구 봉은사로 113,127.0258786,37.5052667,24시간 이용가능,Y,N,,숙박시설
2026-06-26T04:43:48.973939+09:00,신촌·이대역,신촌·이대역,POI040,KEY_2,마포 맹그로브신촌(AMANO),EP021319,서울특별시 마포구 서강로 121,126.934014,37.55394632,24시간 이용가능,Y,N,,기타
2026-06-26T04:43:48.973939+09:00,신촌·이대역,신촌·이대역,POI040,KEY_2,서울서대문 더이음오피스텔,EV010282,서울특별시 서대문구 신촌로 63,126.9337562,37.5566118,24시간 이용가능,Y,N,외부인 사용불가,아파트
2026-06-26T04:43:48.973939+09:00,신촌·이대역,신촌·이대역,POI040,KEY_2,서울서대문 더이음오피스텔,EV010282,서울특별시 서대문구 신촌로 63,126.9337562,37.5566118,24시간 이용가능,Y,Y,외부인 사용불가,아파트
2026-06-26T04:43:48.973939+09:00,신촌·이대역,신촌·이대역,POI040,KEY_2,창천공영주차장,ME183004,"서울특별시 마포구 노고산동 33-1, B3 28",126.9389738,37.55493,24시간 이용가능,N,N,,공영주차장
2026-06-26T04:43:48.973939+09:00,신촌·이대역,신촌·이대역,POI040,KEY_2,현대백화점 신촌점(본관),EV001940,서울특별시 서대문구 신촌로 83,126.9358437,37.556081,24시간 이용가능,N,N,,백화점
2026-06-26T04:43:48.973939+09:00,신촌·이대역,신촌·이대역,POI040,KEY_2,현대백화점유플렉스 신촌점,EV001941,서울특별시 서대문구 연세로 13,126.9365584,37.556737,08:00~24:00,N,N,,백화점
2026-06-26T04:43:48.973939+09:00,쌍문역,쌍문역,POI070,KEY_3,도봉구 쌍문1동 제1공영주차장,BNBN0840,서울특별시 도봉구 우이천로38길 94 (쌍문동),127.0331174,37.6486904,~,N,N,시설 상황에 따라 이용이 제한될 수 있음,공영주차장
2026-06-26T04:43:48.973939+09:00,쌍문역,쌍문역,POI070,KEY_3,창1동 1공영주차장,BT000172,서울특별시 도봉구 도봉로112길 43,127.0371817,37.6471281,24시간 이용가능,N,N,,공영주차장
2026-06-26T04:43:48.973939+09:00,쌍문역,쌍문역,POI070,KEY_3,창동현대타운 101동 B3,EC002299,서울특별시 도봉구 도봉로114길 22-8,127.0352696,37.6471182,24시간 이용가능,Y,N,,아파트
2026-06-26T04:43:48.973939+09:00,역삼역,역삼역,POI042,KEY_1,더원역삼아파트,CU200029,서울특별시 강남구 논현로 423,127.037921,37.4978331,24시간 이용가능,Y,N,,아파트
2026-06-26T04:43:48.973939+09:00,역삼역,역삼역,POI042,KEY_1,서울 도미노피자본사,EP240020,서울특별시 강남구 역삼로25길 35,127.0388572,37.4983709,05:00~23:00,Y,N,,기타
2026-06-26T04:43:48.973939+09:00,역삼역,역삼역,POI042,KEY_1,아세아타워빌딩1,CV001284,서울특별시 강남구 논현로 430,127.038455,37.499563,24시간 이용가능,N,N,,사업장(사옥)
2026-06-26T04:43:48.973939+09:00,역삼역,역삼역,POI042,KEY_1,아세아타워빌딩2,CV000605,서울특별시 강남구 논현로 430,127.038455,37.499563,24시간 이용가능,N,N,,사업장(사옥)
2026-06-26T04:43:48.973939+09:00,역삼역,역삼역,POI042,KEY_1,아주빌딩,CV000289,서울특별시 강남구 테헤란로 201,127.0371562,37.501254,00:00~24:00,N,N,,사업장(사옥)
2026-06-26T04:43:48.973939+09:00,역삼역,역삼역,POI042,KEY_1,역삼경남아너스빌아파트,EV001933,"서울특별시 강남구 언주로85길 13 (역삼동, 경남아파트)",127.0423817,37.500567,"24시간 이용가능,입주민만 사용가능 거주자 외 출입제한",Y,N,,아파트
2026-06-26T04:43:48.973939+09:00,오목교역·목동운동장,오목교역·목동운동장,POI044,KEY_3,HK타워,CSSGI027,서울특별시 양천구 신목로 88,126.8750,37.5224,24시간 이용가능,Y,N,,골프장(CC)
2026-06-26T04:43:48.973939+09:00,오목교역·목동운동장,오목교역·목동운동장,POI044,KEY_3,HK타워,CSSGI027,서울특별시 양천구 신목로 88,126.8750,37.5224,24시간 이용가능,Y,Y,.,골프장(CC)
2026-06-26T04:43:48.973939+09:00,오목교역·목동운동장,오목교역·목동운동장,POI044,KEY_3,목1동주민센터,EV000514,서울특별시 양천구 목동서로 192,126.8711885,37.5303645,평일 09시~18시 이용가능,Y,N,,주민센터
2026-06-26T04:43:48.973939+09:00,오목교역·목동운동장,오목교역·목동운동장,POI044,KEY_3,목5동주민센터,EV000515,서울특별시 양천구 목동서로 41,126.8817174,37.5371835,평일 09시~18시 이용가능,Y,N,,주민센터
2026-06-26T04:43:48.973939+09:00,오목교역·목동운동장,오목교역·목동운동장,POI044,KEY_3,목동SBS,CV003473,서울특별시 양천구 목동서로 161,126.873548,37.52916,24시간 이용가능,Y,N,,기타
2026-06-26T04:43:48.973939+09:00,오목교역·목동운동장,오목교역·목동운동장,POI044,KEY_3,목동SBS,CV004034,서울특별시 양천구 목동서로 161,126.873548,37.52916,24시간 이용가능,Y,Y,시설 사용자 외 이용제한 있을 수 있음,기타
2026-06-26T04:43:48.973939+09:00,오목교역·목동운동장,오목교역·목동운동장,POI044,KEY_3,목동체비지주차장,EC001012,서울특별시 양천구 목동서로 45,126.8810188,37.5371662,24시간 이용가능,N,N,,공영주차장
2026-06-26T04:43:48.973939+09:00,오목교역·목동운동장,오목교역·목동운동장,POI044,KEY_3,목동현대파크빌1(지하2_3층,EP190061,서울특별시 양천구 목동동로 391,126.8802712,37.5358738,24시간 이용가능/외부인 출입제한,Y,Y,거주자외 출입제한,아파트
2026-06-26T04:43:48.973939+09:00,오목교역·목동운동장,오목교역·목동운동장,POI044,KEY_3,목동현대파크빌1(지하2_3층,EP190061,서울특별시 양천구 목동동로 391,126.8802712,37.5358738,24시간 이용가능/외부인 출입제한,Y,Y,시설 상황에 따라 이용이 제한될 수 있음,아파트
2026-06-26T04:43:48.973939+09:00,오목교역·목동운동장,오목교역·목동운동장,POI044,KEY_3,목운중학교,CU201003,서울특별시 양천구 목동동로 235,126.8724588,37.5272338,24시간 이용가능,N,Y,학교 교직원으로 제한,학교
2026-06-26T04:43:48.973939+09:00,오목교역·목동운동장,오목교역·목동운동장,POI044,KEY_3,부영그린타운1차1(지하5층),EP190101,서울특별시 양천구 목동동로 393,126.8800535,37.5361835,24시간 이용가능(거주자외 출입제한),Y,Y,거주자외 출입제한,아파트
2026-06-26T04:43:48.973939+09:00,오목교역·목동운동장,오목교역·목동운동장,POI044,KEY_3,서울양천 목동트라팰리스1,EV008906,서울특별시 양천구 오목로 299,126.87017893,37.526040889,24시간 이용가능,Y,N,외부인 출입불가,아파트
2026-06-26T04:43:48.973939+09:00,오목교역·목동운동장,오목교역·목동운동장,POI044,KEY_3,서울양천 목동트라팰리스1,EV008906,서울특별시 양천구 오목로 299,126.87017893,37.526040889,24시간 이용가능,Y,Y,외부인 출입불가,아파트
2026-06-26T04:43:48.973939+09:00,오목교역·목동운동장,오목교역·목동운동장,POI044,KEY_3,서울양천 목동트라팰리스2,EV008907,서울특별시 양천구 오목로 299,126.8703553,37.5260837,24시간 이용가능,Y,N,외부인 출입불가,아파트
2026-06-26T04:43:48.973939+09:00,오목교역·목동운동장,오목교역·목동운동장,POI044,KEY_3,서울양천 목동트라팰리스2,EV008907,서울특별시 양천구 오목로 299,126.8703553,37.5260837,24시간 이용가능,Y,Y,외부인 출입불가,아파트
2026-06-26T04:43:48.973939+09:00,오목교역·목동운동장,오목교역·목동운동장,POI044,KEY_3,서울양천 목동파라곤오피스텔,EV010981,서울특별시 양천구 목동서로 155,126.875072,37.5299956,24시간 이용가능,Y,N,,아파트
2026-06-26T04:43:48.973939+09:00,오목교역·목동운동장,오목교역·목동운동장,POI044,KEY_3,서울양천 목동현대월드타워 1,EV001279,서울특별시 양천구 목동서로 77,126.8780399,37.5359869,24시간 이용가능/입주민만 사용가능,Y,N,,아파트
2026-06-26T04:43:48.973939+09:00,오목교역·목동운동장,오목교역·목동운동장,POI044,KEY_3,서울양천 현대하이페리온2,EV006148,서울특별시 양천구 오목로 300,126.8700225,37.5248304,24시간 이용가능,N,N,외부인 사용불가,아파트
2026-06-26T04:43:48.973939+09:00,오목교역·목동운동장,오목교역·목동운동장,POI044,KEY_3,양천구 목동종합운동장,CV002165,서울특별시 양천구 안양천로 939,126.8800785,37.5292903,24시간 이용가능,N,N,,경기장
2026-06-26T04:43:48.973939+09:00,오목교역·목동운동장,오목교역·목동운동장,POI044,KEY_3,양천구 목동종합운동장 다목적경기장,CV001834,서울특별시 양천구 안양천로 939,126.882193,37.529438,24시간 이용가능,N,N,,경기장
2026-06-26T04:43:48.973939+09:00,오목교역·목동운동장,오목교역·목동운동장,POI044,KEY_3,양천파리공원,CU201005,서울특별시 양천구 목동동로 363,126.8761365,37.5338904,24시간 이용가능,N,Y,시설 상황에 따라 이용이 제한될 수 있음,공영주차장
2026-06-26T04:43:48.973939+09:00,오목교역·목동운동장,오목교역·목동운동장,POI044,KEY_3,한국방송회관,EC001045,서울특별시 양천구 목동동로 233,126.8714529,37.5269343,24시간 이용가능,N,N,,지자체시설
2026-06-26T04:43:48.973939+09:00,오목교역·목동운동장,오목교역·목동운동장,POI044,KEY_3,현대1차아파트,ER000458,서울 양천구 목동동로 240,126.8727860,37.5261442,24시간 이용가능,Y,Y,거주자 외 출입이 제한될 수 있음,아파트
2026-06-26T04:43:48.973939+09:00,오목교역·목동운동장,오목교역·목동운동장,POI044,KEY_3,현대백화점 목동점,ME20A301,서울특별시 양천구 목동동로 257,126.875324,37.526755,10:30~22:00,N,N,,백화점
2026-06-26T04:43:48.973939+09:00,용산역,용산역,POI046,KEY_1,BYD 용산 전시장,EABYDYS0,서울특별시 용산구 청파로 74,126.95955853,37.53278885,24시간 이용가능,Y,N,,기타
2026-06-26T04:43:48.973939+09:00,용산역,용산역,POI046,KEY_1,나진전자월드상가,CV003226,서울특별시 용산구 청파로 109,126.96337299,37.533687999,24시간 이용가능,N,N,,기타
2026-06-26T04:43:48.973939+09:00,용산역,용산역,POI046,KEY_1,농협은행 용산별관,EV011124,서울특별시 용산구 청파로 122,126.96473300,37.533174610,24시간 이용가능,Y,N,,아파트
2026-06-26T04:43:48.973939+09:00,용산역,용산역,POI046,KEY_1,래미안용산더센트럴 지하8층,EC100001,서울특별시 용산구 한강대로 95,126.9671051,37.5290233,24시간 이용가능,Y,N,,아파트
2026-06-26T04:43:48.973939+09:00,용산역,용산역,POI046,KEY_1,용산 서울 드래곤시티(B3F),CG000017,서울특별시 용산구 청파로20길 95,126.9627641,37.5318165,24시간 이용가능,N,N,,숙박시설
2026-06-26T04:43:48.973939+09:00,용산역,용산역,POI046,KEY_1,용산드래곤시티,CI0I000D,서울특별시 용산구 청파로20길 95,126.9608486,37.5321767,24시간 이용가능,Y,N,,기타
2026-06-26T04:43:48.973939+09:00,용산역,용산역,POI046,KEY_1,용산주차빌딩,CV001043,서울특별시 용산구 새창로49길 42,126.965343,37.534336,24시간 이용가능,N,N,,공영주차장
2026-06-26T04:43:48.973939+09:00,용산역,용산역,POI046,KEY_1,용산푸르지오 써밋,CV004691,서울특별시 용산구 한강대로 69,126.96435,37.529713,24시간 이용가능,N,N,,아파트
2026-06-26T04:43:48.973939+09:00,용산역,용산역,POI046,KEY_1,전자상가제1공영주차장,BT000153,서울특별시 용산구 새창로 170-4,126.9632615,37.5324193,24시간 이용가능,N,N,,공영주차장
2026-06-26T04:43:48.973939+09:00,용산역,용산역,POI046,KEY_1,전자상가제2공영주차장,BT000152,서울특별시 용산구 새창로 170-4,126.9632615,37.5324193,24시간 이용가능,N,N,,공영주차장
2026-06-26T04:43:48.973939+09:00,용산역,용산역,POI046,KEY_1,전자상가제3공영주차장,BT000151,서울특별시 용산구 청파로 74,126.9595585,37.53278886,24시간 이용가능,N,N,,공영주차장
2026-06-26T04:43:48.973939+09:00,용산역,용산역,POI046,KEY_1,전자상가제5공영주차장,BT000134,서울특별시 용산구 청파로 101,126.9623218,37.53334641,24시간 이용가능,N,N,,공영주차장
2026-06-26T04:43:48.973939+09:00,장지역,장지역,POI048,KEY_1,서울송파 가든파이브웍스1(B3)(급속),EV004799,서울특별시 송파구 충민로 52,127.122746,37.4777176,24시간 이용가능,Y,N,,마트(쇼핑몰)
2026-06-26T04:43:48.973939+09:00,장지역,장지역,POI048,KEY_1,아우디_송파대로 전시장(코오롱아우토),CV000762,서울특별시 송파구 충민로2길 8,127.126311,37.479341,09:00~18:00,Y,N,,서비스센터
2026-06-26T04:43:48.973939+09:00,장한평역,장한평역,POI049,KEY_2,NH농협은행 장안평금융센터,CV004337,서울특별시 동대문구 장한로 6,127.065433,37.561828,24시간 이용가능,Y,N,,금융기관
2026-06-26T04:43:48.973939+09:00,장한평역,장한평역,POI049,KEY_2,북한연구소주차장,CV004593,서울특별시 동대문구 장한로 21,127.0657727,37.563625,24시간 이용가능,N,N,,일반주차장
2026-06-26T04:43:48.973939+09:00,장한평역,장한평역,POI049,KEY_2,서울 아마노 장안스피존 주차장,AH000094,서울특별시 동대문구 장한로2길 33,127.0672183,37.5622935,24시간 이용가능,N,N,,일반주차장
2026-06-26T04:43:48.973939+09:00,장한평역,장한평역,POI049,KEY_2,서울성동_신창비바패밀리오피스텔,EV003510,서울특별시 성동구 천호대로 400,127.0633215,37.5612965,"24시간 이용가능, 아파트 입주민만 사용가능",Y,N,외부인 사용불가,아파트
2026-06-26T04:43:48.973939+09:00,장한평역,장한평역,POI049,KEY_2,아우디_동대문 전시장&서비스센터(고진모터스),CV002464,서울특별시 동대문구 천호대로 445,127.068352,37.561267,09:00~18:00,Y,N,,서비스센터
2026-06-26T04:43:48.973939+09:00,장한평역,장한평역,POI049,KEY_2,카서울닷컴,EC110042,서울특별시 성동구 자동차시장1길 96,127.0684152,37.5598669,24시간 이용가능,N,N,,기타
2026-06-26T04:43:48.973939+09:00,장한평역,장한평역,POI049,KEY_2,포르쉐 센터 세영모빌리티 성수서비스센터,CV004395,서울 성동구 가람길 283(용답동),127.0689470,37.5592970,09:00~18:00,N,Y,외부인 출입불가,서비스센터
2026-06-26T04:43:48.973939+09:00,장한평역,장한평역,POI049,KEY_2,포르쉐 센터 세영모빌리티 성수스튜디오,CV004394,"서울 성동구 천호대로 454(용답동, 포르쉐)",127.0692880,37.5604982,09:00~18:00,N,Y,외부인 출입불가,기타
2026-06-26T04:43:48.973939+09:00,천호역,천호역,POI050,KEY_3,강동비오르,CPCT0036,서울특별시 강동구 구천면로 183,127.1254,37.5412,24시간 이용가능,Y,N,시설 상황에 따라 이용이 제한될 수 있음,기타
2026-06-26T04:43:48.973939+09:00,천호역,천호역,POI050,KEY_3,뉴코아팩토리아울렛 천호점,EC110109,서울특별시 강동구 구천면로 189,127.12587933,37.541008488,24시간 이용가능,N,N,,백화점
2026-06-26T04:43:48.973939+09:00,천호역,천호역,POI050,KEY_3,서울강동 대우한강베네시티,EV006692,서울특별시 강동구 올림픽로 664,127.1249758,37.5405554,24시간 이용가능,Y,N,외부인 사용불가,아파트
2026-06-26T04:43:48.973939+09:00,천호역,천호역,POI050,KEY_3,서울시 천호역공영주차장(급속),EV003437,서울특별시 강동구 천호대로 지하 997,127.1237424,37.538579,24시간 이용가능,N,N,,공영주차장
2026-06-26T04:43:48.973939+09:00,천호역,천호역,POI050,KEY_3,천호 두산위브센티움(B5F),CGA00037,서울특별시 강동구 올림픽로70길 61,127.1269895,37.5394018,24시간 이용가능,Y,N,,아파트
2026-06-26T04:43:48.973939+09:00,천호역,천호역,POI050,KEY_3,천호 브라운스톤(1F/B6F),CGA00061,서울특별시 강동구 천호대로 1006,127.123789,37.5380514,24시간 이용가능,Y,Y,입주자외 출입제한,오피스텔
2026-06-26T04:43:48.973939+09:00,천호역,천호역,POI050,KEY_3,천호역공영주차장,CV002673,서울특별시 강동구 천호대로 997,127.125109,37.538494,24시간 이용가능,N,N,,공영주차장
2026-06-26T05:50:33.872137+09:00,광화문·덕수궁,광화문·덕수궁,POI009,KEY_2,경복궁주차장,CV002874,서울특별시 종로구 사직로 161,126.97872741,37.577568439,06:00 ~ 23:00,N,N,,관광지
2026-06-26T05:50:33.872137+09:00,광화문·덕수궁,광화문·덕수궁,POI009,KEY_2,서울도시기반시설본부,CV000259,서울특별시 중구 청계천로 8,126.978292,37.5688401,07:00~19:00,N,N,,공공기관
2026-06-26T05:50:33.872137+09:00,광화문·덕수궁,광화문·덕수궁,POI009,KEY_2,서울신문사 급속충전소,EP210068,서울특별시 중구 세종대로 124,126.9778737,37.5674199,24시간 이용가능,Y,N,시설 상황에 따라 이용이 제한될 수 있음,사업장(사옥)
2026-06-26T05:50:33.872137+09:00,광화문·덕수궁,광화문·덕수궁,POI009,KEY_2,서울종로 세종로공영주차장1,EV003446,서울특별시 종로구 세종대로 지하189,126.9759148,37.5733741,24시간 이용가능,N,N,,공영주차장
2026-06-26T05:50:33.872137+09:00,광화문·덕수궁,광화문·덕수궁,POI009,KEY_2,서울종로 세종로공영주차장2,EV011538,서울특별시 종로구 세종대로 지하189,126.9759604,37.5734304,24시간 이용가능,Y,N,,공영주차장
2026-06-26T05:50:33.872137+09:00,광화문·덕수궁,광화문·덕수궁,POI009,KEY_2,서울종로 세종로공영주차장3,EV011521,서울특별시 종로구 세종대로 지하189,126.9763862,37.5738605,24시간 이용가능,Y,N,,공영주차장
2026-06-26T05:50:33.872137+09:00,광화문·덕수궁,광화문·덕수궁,POI009,KEY_2,서울종로 세종로공영주차장4,EV011522,서울특별시 종로구 세종대로 지하189,126.976307,37.5737276,24시간 이용가능,Y,N,,공영주차장
2026-06-26T05:50:33.872137+09:00,광화문·덕수궁,광화문·덕수궁,POI009,KEY_2,서울종로 세종로공영주차장5,EV011523,서울특별시 종로구 세종대로 지하189,126.9763099,37.5734911,24시간 이용가능,Y,N,,공영주차장
2026-06-26T05:50:33.872137+09:00,광화문·덕수궁,광화문·덕수궁,POI009,KEY_2,서울종로 세종로공영주차장6,EV011524,서울특별시 종로구 세종대로 지하189,126.9762505,37.5733447,24시간 이용가능,Y,N,,공영주차장
2026-06-26T05:50:33.872137+09:00,광화문·덕수궁,광화문·덕수궁,POI009,KEY_2,워터 서울 광화문,BE111108,서울특별시 종로구 종로1길 50,126.978913,37.574641,24시간 이용가능,N,N,,기타
2026-06-26T05:50:33.872137+09:00,광화문·덕수궁,광화문·덕수궁,POI009,KEY_2,종로 동아일보미디어센터,EP240036,서울특별시 종로구 청계천로 1,126.9780203,37.5695464,24시간 이용가능,Y,N,시설 상황에 따라 이용이 제한될 수 있음,기타
2026-06-26T05:50:33.872137+09:00,광화문·덕수궁,광화문·덕수궁,POI009,KEY_2,한국무역보험공사 종로,BNAB0301,서울특별시 종로구 종로 14,126.978871,37.569774,19:00~22:00,N,N,시설 상황에 따라 이용이 제한될 수 있음,기타
2026-06-26T05:50:33.872137+09:00,광화문·덕수궁,광화문·덕수궁,POI009,KEY_2,한국프레스센터,EC110009,서울특별시 중구 세종대로 124,126.9778737,37.5674199,24시간 이용가능,Y,N,,공공기관
2026-06-26T05:50:33.872137+09:00,창덕궁·종묘,창덕궁·종묘,POI012,KEY_1,서울시 종묘공영주차장(급속),EV003444,서울특별시 종로구 종로 157,126.9948635,37.5731335,24시간 이용가능,N,N,,공영주차장
2026-06-26T05:50:33.872137+09:00,창덕궁·종묘,창덕궁·종묘,POI012,KEY_1,서울종로 인의빌딩,EV008451,서울특별시 종로구 창경궁로 112-7,126.9980775,37.5725688,24시간 이용가능,Y,N,외부인 출입불가,아파트
2026-06-26T05:50:33.872137+09:00,창덕궁·종묘,창덕궁·종묘,POI012,KEY_1,서울하나손해보험빌딩,AM900049,서울특별시 종로구 창경궁로 117,126.9970973,37.57280393,24시간 이용가능,N,N,,일반주차장
2026-06-26T05:50:33.872137+09:00,창덕궁·종묘,창덕궁·종묘,POI012,KEY_1,종묘공영주차장,CV001050,서울특별시 종로구 종로 157,126.995828,37.5709841,24시간 이용가능,N,N,,공영주차장
2026-06-26T05:50:33.872137+09:00,동대문 관광특구,동대문 관광특구,POI002,KEY_3,서울시 동대문공영주차장(급속),EV003445,서울특별시 중구 마장로 22,127.01211146,37.567265557,24시간 이용가능,N,N,,공영주차장
2026-06-26T05:50:33.872137+09:00,동대문 관광특구,동대문 관광특구,POI002,KEY_3,중구 중구구민회관 부설주차장,BNBN0270,"서울특별시 중구 을지로39길 40 (을지로6가, 구민회관)",127.0060501,37.5684795,0000~0000,N,N,시설 상황에 따라 이용이 제한될 수 있음,사업장(사옥)
2026-06-26T05:50:33.872137+09:00,명동 관광특구,명동 관광특구,POI003,KEY_4,SK텔레콤 T-타워B3,EV003214,서울특별시 중구 을지로 65,126.98546919,37.566627019,24시간 이용가능/소유주제한에따름,N,N,외부인 사용불가,사업장(사옥)
2026-06-26T05:50:33.872137+09:00,명동 관광특구,명동 관광특구,POI003,KEY_4,SK텔레콤 T-타워B4,EV003215,서울특별시 중구 을지로 65,126.98544659,37.566473847,24시간 이용가능/소유주제한에따름,N,N,외부인 사용불가,사업장(사옥)
2026-06-26T05:50:33.872137+09:00,명동 관광특구,명동 관광특구,POI003,KEY_4,SK텔레콤 T-타워B5,EV003216,서울특별시 중구 을지로 65,126.98543530,37.566325181,24시간 이용가능/소유주제한에따름,N,N,외부인 사용불가,사업장(사옥)
2026-06-26T05:50:33.872137+09:00,명동 관광특구,명동 관광특구,POI003,KEY_4,SK텔레콤 T-타워B5,EV003216,서울특별시 중구 을지로 65,126.98543530,37.566325181,24시간 이용가능/소유주제한에따름,N,Y,외부인 사용불가,사업장(사옥)
2026-06-26T05:50:33.872137+09:00,명동 관광특구,명동 관광특구,POI003,KEY_4,삼익패션타운,EC004819,서울특별시 중구 남대문시장8길 7,126.9788327,37.5601443,24시간 이용가능,Y,N,,사업장(사옥)
2026-06-26T05:50:33.872137+09:00,명동 관광특구,명동 관광특구,POI003,KEY_4,서울도시기반시설본부,CV000259,서울특별시 중구 청계천로 8,126.978292,37.5688401,07:00~19:00,N,N,,공공기관
2026-06-26T05:50:33.872137+09:00,명동 관광특구,명동 관광특구,POI003,KEY_4,서울신문사 급속충전소,EP210068,서울특별시 중구 세종대로 124,126.9778737,37.5674199,24시간 이용가능,Y,N,시설 상황에 따라 이용이 제한될 수 있음,사업장(사옥)
2026-06-26T05:50:33.872137+09:00,명동 관광특구,명동 관광특구,POI003,KEY_4,서울중앙우체국청사,EC004965,서울특별시 중구 소공로 70,126.982169,37.5615987,24시간 이용가능,Y,N,,공공기관
2026-06-26T05:50:33.872137+09:00,명동 관광특구,명동 관광특구,POI003,KEY_4,페럼타워,CV003940,서울특별시 중구 을지로5길 19,126.984149,37.566935,05:00 ~ 24:00,N,N,,사업장(사옥)
2026-06-26T05:50:33.872137+09:00,명동 관광특구,명동 관광특구,POI003,KEY_4,포르쉐 HPC 데스티네이션 서울 웨스틴 조선 호텔 지상1층,CV000888,서울특별시 중구 소공로 106,126.980205,37.564463,09:00~18:00,Y,N,,숙박시설
2026-06-26T05:50:33.872137+09:00,명동 관광특구,명동 관광특구,POI003,KEY_4,포르쉐 HPC 데스티네이션 서울 웨스틴 조선 호텔 지하4층,CV002057,서울특별시 중구 소공로 106,126.980135,37.5648873,09:00~18:00,Y,N,,서비스센터
2026-06-26T05:50:33.872137+09:00,명동 관광특구,명동 관광특구,POI003,KEY_4,하나은행 명동사옥 (급속),EP210350,서울특별시 중구 을지로 66,126.9850107,37.5651546,24시간 이용가능,N,N,시설 상황에 따라 이용이 제한될 수 있음,금융기관
2026-06-26T05:50:33.872137+09:00,명동 관광특구,명동 관광특구,POI003,KEY_4,하나은행 을지로본점 급속충전소,EP230196,"서울 중구 을지로 35 (을지로1가, (주)하나은행 본점)",126.9818658,37.5664918,24시간 이용가능,N,N,시설 상황에 따라 이용이 제한될 수 있음,금융기관
2026-06-26T05:50:33.872137+09:00,명동 관광특구,명동 관광특구,POI003,KEY_4,한국프레스센터,EC110009,서울특별시 중구 세종대로 124,126.9778737,37.5674199,24시간 이용가능,Y,N,,공공기관
2026-06-26T05:50:33.872137+09:00,잠실 관광특구,잠실 관광특구,POI005,KEY_2,서울송파 신동아로쟌뷰,EV005690,서울특별시 송파구 석촌호수로 188,127.0980153,37.50623,24시간 이용가능,N,N,"외부인 사용불가, 주차비유료",아파트
2026-06-26T05:50:33.872137+09:00,잠실 관광특구,잠실 관광특구,POI005,KEY_2,서울송파 한성백제박물관(급속),EV008986,서울특별시 송파구 위례성대로 71,127.1208007,37.5154287,09:00~22:00만 이용가능,N,N,09:00~22:00만 이용가능,박물관
2026-06-26T05:50:33.872137+09:00,잠실 관광특구,잠실 관광특구,POI005,KEY_2,서울송파 한성백제박물관(완속),EV008987,서울특별시 송파구 위례성대로 71,127.1199196,37.5155051,09:00~22:00만 이용가능,N,N,09:00~22:00만 이용가능,박물관
2026-06-26T05:50:33.872137+09:00,잠실 관광특구,잠실 관광특구,POI005,KEY_2,서울시 잠실역공영주차장(급속),EV003440,서울특별시 송파구 올림픽로 지하 265,127.1018579,37.5138593,24시간 이용가능,N,N,,공영주차장
2026-06-26T05:50:33.872137+09:00,잠실 관광특구,잠실 관광특구,POI005,KEY_2,서울올림픽공원 남2문주차장,ME19X403,서울특별시 송파구 올림픽로,127.123837,37.514973,24시간 이용가능,Y,N,,공원
2026-06-26T05:50:33.872137+09:00,잠실 관광특구,잠실 관광특구,POI005,KEY_2,석촌호수효성해링턴타워,DL000014,서울특별시 송파구 석촌호수로 210,127.1003,37.50656,24시간 이용가능,N,N,,오피스텔
2026-06-26T05:50:33.872137+09:00,잠실 관광특구,잠실 관광특구,POI005,KEY_2,올림픽공원,ME19A152,서울특별시 송파구 올림픽로 424,127.115847,37.5171577,24시간 이용가능,N,N,,공원
2026-06-26T05:50:33.872137+09:00,잠실 관광특구,잠실 관광특구,POI005,KEY_2,잠실엘퍼스트오피스텔,CA000106,서울특별시 송파구 백제고분로51길 7,127.11466980,37.515822625,24시간 이용가능,N,Y,거주자 외 출입제한,오피스텔
2026-06-26T05:50:33.872137+09:00,잠실 관광특구,잠실 관광특구,POI005,KEY_2,효성올림픽카운티,DL000052,서울특별시 송파구 백제고분로 497,127.1146,37.5149,24시간 이용가능,Y,N,,아파트
2026-06-26T05:50:33.872137+09:00,종로·청계 관광특구,종로·청계 관광특구,POI006,KEY_3,종로 동아일보미디어센터,EP240036,서울특별시 종로구 청계천로 1,126.9780203,37.5695464,24시간 이용가능,Y,N,시설 상황에 따라 이용이 제한될 수 있음,기타
2026-06-26T05:50:33.872137+09:00,종로·청계 관광특구,종로·청계 관광특구,POI006,KEY_3,한국무역보험공사 종로,BNAB0301,서울특별시 종로구 종로 14,126.978871,37.569774,19:00~22:00,N,N,시설 상황에 따라 이용이 제한될 수 있음,기타
2026-06-26T05:50:33.872137+09:00,홍대 관광특구,홍대 관광특구,POI007,KEY_4,마포 동양한강트레벨오피스텔(B3F),CGA00022,서울특별시 마포구 양화로 56,126.9150619,37.5497514,24시간 이용가능,Y,Y,거주자외 출입제한,오피스텔
2026-06-26T05:50:33.872137+09:00,홍대 관광특구,홍대 관광특구,POI007,KEY_4,마포 메세나폴리스아파트,EV000122,서울특별시 마포구 양화로 45,126.913952,37.5515013,"24시간 이용가능,입주민만 사용가능 거주자외출입제한",Y,N,,아파트
2026-06-26T05:50:33.872137+09:00,홍대 관광특구,홍대 관광특구,POI007,KEY_4,서울마포 LC타워,EV006436,서울특별시 마포구 양화로 186,126.9258931,37.5576685,24시간 이용가능,N,N,외부인 사용불가,아파트
2026-06-26T05:50:33.872137+09:00,홍대 관광특구,홍대 관광특구,POI007,KEY_4,세아타워 지하4층 주차장-1,EC003240,서울특별시 마포구 양화로 45,126.91357,37.5501103,24시간 이용가능,N,N,,마트(쇼핑몰)
2026-06-26T05:50:33.872137+09:00,홍대 관광특구,홍대 관광특구,POI007,KEY_4,세아타워 지하4층 주차장-2,EC003241,서울특별시 마포구 양화로 45,126.9135587,37.5500697,24시간 이용가능,N,N,,마트(쇼핑몰)
2026-06-26T05:50:33.872137+09:00,홍대 관광특구,홍대 관광특구,POI007,KEY_4,영화진흥위원회,EP210306,서울특별시 마포구 와우산로 143,126.9289464,37.5542498,24시간 이용가능,Y,N,,사업장(사옥)
2026-06-26T05:50:33.872137+09:00,홍대 관광특구,홍대 관광특구,POI007,KEY_4,채비스테이 홍대,CV004090,서울특별시 마포구 양화로 85,126.917072,37.552269,24시간 이용가능,Y,N,,카페
2026-06-26T05:50:33.872137+09:00,광화문광장,광화문광장,POI088,KEY_4,서울종로 세종로공영주차장1,EV003446,서울특별시 종로구 세종대로 지하189,126.9759148,37.5733741,24시간 이용가능,N,N,,공영주차장
2026-06-26T05:50:33.872137+09:00,광화문광장,광화문광장,POI088,KEY_4,서울종로 세종로공영주차장2,EV011538,서울특별시 종로구 세종대로 지하189,126.9759604,37.5734304,24시간 이용가능,Y,N,,공영주차장
2026-06-26T05:50:33.872137+09:00,광화문광장,광화문광장,POI088,KEY_4,서울종로 세종로공영주차장3,EV011521,서울특별시 종로구 세종대로 지하189,126.9763862,37.5738605,24시간 이용가능,Y,N,,공영주차장
2026-06-26T05:50:33.872137+09:00,광화문광장,광화문광장,POI088,KEY_4,서울종로 세종로공영주차장4,EV011522,서울특별시 종로구 세종대로 지하189,126.976307,37.5737276,24시간 이용가능,Y,N,,공영주차장
2026-06-26T05:50:33.872137+09:00,광화문광장,광화문광장,POI088,KEY_4,서울종로 세종로공영주차장5,EV011523,서울특별시 종로구 세종대로 지하189,126.9763099,37.5734911,24시간 이용가능,Y,N,,공영주차장
2026-06-26T05:50:33.872137+09:00,광화문광장,광화문광장,POI088,KEY_4,서울종로 세종로공영주차장6,EV011524,서울특별시 종로구 세종대로 지하189,126.9762505,37.5733447,24시간 이용가능,Y,N,,공영주차장
2026-06-26T05:50:33.872137+09:00,남산공원,남산공원,POI091,KEY_3,국립극장,DO000048,서울특별시 중구 장충단로 59,127.000269,37.553619,24시간 이용가능,Y,N,,공연장
2026-06-26T05:50:33.872137+09:00,남산공원,남산공원,POI091,KEY_3,국립중앙극장-1,ME22D402,서울특별시 중구 장충단로59,127.0001305,37.5528698,부분개방(07:00~23:00),N,N,,공연장
2026-06-26T05:50:33.872137+09:00,남산공원,남산공원,POI091,KEY_3,국립중앙극장-2,ME22D134,서울특별시 중구 장충단로59,127.0001305,37.5528698,부분개방(07:00~23:00),N,N,,공연장
2026-06-26T05:50:33.872137+09:00,남산공원,남산공원,POI091,KEY_3,반얀트리클럽앤스파,CV001949,서울특별시 중구 장충단로 60,127.0006792,37.5503802,24시간 이용가능,N,Y,시설 사용자 외 이용이 제한될 수 있음,숙박시설
2026-06-26T05:50:33.872137+09:00,남산공원,남산공원,POI091,KEY_3,서울시 민생사법경찰단,EV011233,서울특별시 중구 삼일대로 231,126.9922176,37.5556326,24시간 이용가능,Y,N,외부인 사용불가,아파트
2026-06-26T05:50:33.872137+09:00,남산공원,남산공원,POI091,KEY_3,서울시 민생사법경찰단,EV011233,서울특별시 중구 삼일대로 231,126.9922176,37.5556326,24시간 이용가능,Y,Y,외부인 사용불가,아파트
2026-06-26T05:50:33.872137+09:00,남산공원,남산공원,POI091,KEY_3,서울중구 장충체육관,EV008991,서울특별시 중구 동호로 241,127.0066775,37.5586407,24시간 이용가능,N,N,외부인 사용불가,기타
2026-06-26T05:50:33.872137+09:00,북서울꿈의숲,북서울꿈의숲,POI096,KEY_1,서울강북 꿈의숲롯데캐슬1,EV008508,서울특별시 강북구 오현로 56,127.0364759,37.6184116,24시간 이용가능,Y,N,외부인 출입불가,아파트
2026-06-26T05:50:33.872137+09:00,북서울꿈의숲,북서울꿈의숲,POI096,KEY_1,서울강북 꿈의숲롯데캐슬1,EV008508,서울특별시 강북구 오현로 56,127.0364759,37.6184116,24시간 이용가능,Y,Y,외부인 출입불가,아파트
2026-06-26T05:50:33.872137+09:00,북서울꿈의숲,북서울꿈의숲,POI096,KEY_1,서울강북 북서울꿈의숲 동문 및 서문주차장(콘센트),EV010675,서울특별시 강북구 월계로 173,127.0443247,37.6202545,24시간 이용가능,N,N,외부인 사용불가,아파트
2026-06-26T05:50:33.872137+09:00,북서울꿈의숲,북서울꿈의숲,POI096,KEY_1,서울강북 북서울꿈의숲 동문 및 서문주차장(콘센트),EV010675,서울특별시 강북구 월계로 173,127.0443247,37.6202545,24시간 이용가능,N,N,"주차비 유료,외부인 사용불가",아파트
2026-06-26T05:50:33.872137+09:00,여의서로,여의서로,POI126,KEY_4,국회의사당,BT200001,서울특별시 영등포구 의사당대로 1,126.91641,37.53292,24시간 이용가능,Y,N,,기타
2026-06-26T05:50:33.872137+09:00,여의서로,여의서로,POI126,KEY_4,국회의사당 6문,ME22C802,서울특별시 영등포구 의사당대로 1,126.9174606,37.5326039,24시간 이용가능,Y,N,,공공기관
2026-06-26T05:50:33.872137+09:00,올림픽공원,올림픽공원,POI127,KEY_1,서울송파 한성백제박물관(급속),EV008986,서울특별시 송파구 위례성대로 71,127.1208007,37.5154287,09:00~22:00만 이용가능,N,N,09:00~22:00만 이용가능,박물관
2026-06-26T05:50:33.872137+09:00,올림픽공원,올림픽공원,POI127,KEY_1,서울송파 한성백제박물관(완속),EV008987,서울특별시 송파구 위례성대로 71,127.1199196,37.5155051,09:00~22:00만 이용가능,N,N,09:00~22:00만 이용가능,박물관
2026-06-26T05:50:33.872137+09:00,올림픽공원,올림픽공원,POI127,KEY_1,서울올림픽공원 남2문주차장,ME19X403,서울특별시 송파구 올림픽로,127.123837,37.514973,24시간 이용가능,Y,N,,공원
2026-06-26T05:50:33.872137+09:00,올림픽공원,올림픽공원,POI127,KEY_1,올림픽공원,ME19A152,서울특별시 송파구 올림픽로 424,127.115847,37.5171577,24시간 이용가능,N,N,,공원
2026-06-26T05:50:33.872137+09:00,월드컵공원,월드컵공원,POI106,KEY_2,서울마포 월드컵공원 난지삼거리주차장,EV010081,서울특별시 마포구 월드컵로 365,126.8873915,37.5711561,24시간 이용가능,Y,N,,공원주차장
2026-06-26T05:50:33.872137+09:00,월드컵공원,월드컵공원,POI106,KEY_2,서울마포 월드컵공원 난지중앙로,EV010080,서울특별시 마포구 월드컵로 243-60,126.8800727,37.5696851,24시간 이용가능,Y,N,,공영주차장
2026-06-26T05:50:33.872137+09:00,월드컵공원,월드컵공원,POI106,KEY_2,월드컵공원 주차장,CV004156,서울특별시 마포구 월드컵로 243-60,126.8987163,37.5635472,24시간 이용가능,N,N,,공원
2026-06-26T05:50:33.872137+09:00,응봉산,응봉산,POI107,KEY_3,서울성동 대림1차아파트 1,EV010331,서울특별시 성동구 독서당로62길 43,127.0335265,37.551901,24시간 이용가능,Y,N,,아파트
2026-06-26T05:50:33.872137+09:00,응봉산,응봉산,POI107,KEY_3,서울성동 대림1차아파트 2,EV010332,"서울특별시 성동구 독서당로62길 43(응봉동, 대림아파트)",127.0335265,37.5519010,24시간 이용가능,N,Y,외부인 사용불가,아파트
2026-06-26T05:50:33.872137+09:00,가락시장,가락시장,POI058,KEY_2,가락시장,ME19Y601,서울특별시 송파구 양재대로 932,127.113843,37.494161,24시간 이용가능,N,N,,마트(쇼핑몰)
2026-06-26T05:50:33.872137+09:00,가락시장,가락시장,POI058,KEY_2,롯데마트 송파점,ME174029,서울특별시 송파구 중대로 80,127.1178931,37.4918392,24시간 이용가능,N,N,,마트(쇼핑몰)
2026-06-26T05:50:33.872137+09:00,가로수길,가로수길,POI059,KEY_3,JB미소빌딩,CI0I0003,서울특별시 강남구 논현로 841,127.0277620,37.5240297,24시간 이용가능,Y,N,,기타
2026-06-26T05:50:33.872137+09:00,가로수길,가로수길,POI059,KEY_3,서울 광림교회,EP190075,서울특별시 강남구 논현로163길 33,127.0255799,37.5238944,24시간 이용가능/시설 상황에 따라 이용이 제한될 수 있습니다,Y,Y,시설 상황에 따라 이용이 제한될 수 있음,종교시설
2026-06-26T05:50:33.872137+09:00,가로수길,가로수길,POI059,KEY_3,신구초등학교 공영주차장,BT000131,서울특별시 강남구 압구정로18길 28,127.0241859,37.52311907,24시간 이용가능,N,N,,공영주차장
2026-06-26T05:50:33.872137+09:00,가로수길,가로수길,POI059,KEY_3,포르쉐 HPC데스티네이션 신사스퀘어,CV001669,서울특별시 강남구 강남대로 652,127.019063,37.519607,24시간 이용가능,N,N,,기타
2026-06-26T05:50:33.872137+09:00,김포공항,김포공항,POI061,KEY_1,김포공항 국내선 제1주차장,ME25A401,서울특별시 강서구 하늘길 111,126.8053109,37.5602639,24시간 이용가능,N,N,,공공기관
2026-06-26T05:50:33.872137+09:00,김포공항,김포공항,POI061,KEY_1,김포공항 국제선 주차빌딩,ME25A102,서울특별시 강서구 하늘길 지하77,126.8029563,37.5668056,24시간 이용가능,N,N,,공공기관
2026-06-26T05:50:33.872137+09:00,김포공항,김포공항,POI061,KEY_1,김포공항 항공지원센터,ME25A405,서울특별시 강서구 하늘길 70,126.7981126,37.5623941,24시간 이용가능,N,N,,공공기관
2026-06-26T05:50:33.872137+09:00,김포공항,김포공항,POI061,KEY_1,김포공항 항공지원센터 2,ME25A406,서울특별시 강서구 하늘길 70,126.7986383,37.5623039,24시간 이용가능,N,N,,공공기관
2026-06-26T05:50:33.872137+09:00,서촌,서촌,POI067,KEY_3,옥인공영주차장,CV004618,서울특별시 종로구 필운대로 83,126.967095,37.583155,24시간 이용가능,N,N,,공영주차장
2026-06-26T05:50:33.872137+09:00,서촌,서촌,POI067,KEY_3,인왕교통 버스차고지,CR000260,서울특별시 종로구 옥인동 181-10,126.963851,37.582101,24시간 이용가능,Y,N,버스전용,기타
2026-06-26T05:50:33.872137+09:00,서촌,서촌,POI067,KEY_3,종로구보건소,CV002634,"서울특별시 종로구 옥인동 45-30 종로구보건소, 청운효자동자치회관",126.9692391,37.581712,24시간 이용가능,Y,N,,보건소
2026-06-26T05:50:33.872137+09:00,성수카페거리,성수카페거리,POI068,KEY_4,성수 금호2차아파트,DL000036,서울특별시 성동구 연무장길 31-1,127.05314,37.543748,24시간 이용가능,Y,N,,아파트
2026-06-26T05:50:33.872137+09:00,성수카페거리,성수카페거리,POI068,KEY_4,성수드림빌드지식산업센터,AM900065,서울특별시 성동구 아차산로 132,127.0583489,37.54359489,24시간 이용가능,N,N,,일반주차장
2026-06-26T05:50:33.872137+09:00,송리단길·호수단길,송리단길·호수단길,POI121,KEY_1,서울송파 신동아로쟌뷰,EV005690,서울특별시 송파구 석촌호수로 188,127.0980153,37.50623,24시간 이용가능,N,N,"외부인 사용불가, 주차비유료",아파트
2026-06-26T05:50:33.872137+09:00,송리단길·호수단길,송리단길·호수단길,POI121,KEY_1,석촌호수효성해링턴타워,DL000014,서울특별시 송파구 석촌호수로 210,127.1003,37.50656,24시간 이용가능,N,N,,오피스텔
2026-06-26T05:50:33.872137+09:00,압구정로데오거리,압구정로데오거리,POI071,KEY_3,서울강남 대원칸타빌아파트 1,EV000923,"서울특별시 강남구 압구정로48길 15 (신사동, 압구정대원칸타빌아파트)",127.0370362,37.5273611,24시간 이용가능,Y,N,,아파트
2026-06-26T05:50:33.872137+09:00,압구정로데오거리,압구정로데오거리,POI071,KEY_3,서울강남 대원칸타빌아파트1(B1),EV005483,서울특별시 강남구 압구정로48길 15,127.037245,37.527529,24시간 이용가능,Y,N,외부인 사용불가,아파트
2026-06-26T05:50:33.872137+09:00,압구정로데오거리,압구정로데오거리,POI071,KEY_3,서울강남 대원칸타빌아파트1(B2),EV005484,서울특별시 강남구 압구정로48길 15,127.03727112,37.527656081,24시간 이용가능,Y,N,외부인 사용불가,아파트
2026-06-26T05:50:33.872137+09:00,압구정로데오거리,압구정로데오거리,POI071,KEY_3,한양조씨병참공파종회,EC003206,서울특별시 강남구 선릉로 823,127.0393426,37.5256356,24시간 이용가능,N,N,,기타
2026-06-26T05:50:33.872137+09:00,여의도,여의도,POI072,KEY_4,국회의사당 6문,ME22C802,서울특별시 영등포구 의사당대로 1,126.9174606,37.5326039,24시간 이용가능,Y,N,,공공기관
2026-06-26T05:50:33.872137+09:00,여의도,여의도,POI072,KEY_4,EV충전소 SK여의도주유소 (ev Most),EM000001,서울특별시 영등포구 의사당대로 154,126.927370,37.517737,07:00-22:00,Y,N,,주유소
2026-06-26T05:50:33.872137+09:00,여의도,여의도,POI072,KEY_4,교보증권 본사,CV004456,서울특별시 영등포구 의사당대로 97,126.924533,37.522753,09:00~18:00,N,Y,외부인 출입불가,사업장(사옥)
2026-06-26T05:50:33.872137+09:00,여의도,여의도,POI072,KEY_4,국회 서편 주차장,ME20A410,서울특별시 영등포구 여의도동 1,126.9127433,37.5318027,24시간 이용가능,Y,N,,공공기관
2026-06-26T05:50:33.872137+09:00,여의도,여의도,POI072,KEY_4,국회 헌정기념관 주차장,ME20A411,서울특별시 영등포구 여의도동 1,126.919483,37.53175,24시간 이용가능,Y,N,,공공기관
2026-06-26T05:50:33.872137+09:00,여의도,여의도,POI072,KEY_4,국회도서관,ME183103,"서울특별시 영등포구 의사당대로1, 국회도서관 앞",126.91764312,37.530302464,24시간 이용가능,Y,N,,공공기관
2026-06-26T05:50:33.872137+09:00,여의도,여의도,POI072,KEY_4,국회의사당,BT200001,서울특별시 영등포구 의사당대로 1,126.91641,37.53292,24시간 이용가능,Y,N,,기타
2026-06-26T05:50:33.872137+09:00,여의도,여의도,POI072,KEY_4,국회의원회관,ME183219,"서울특별시 영등포구 의사당대로1, 국회의원회관 주차장 우측",126.914480,37.528194,09:00 ~ 18:00,Y,N,,공공기관
2026-06-26T05:50:33.872137+09:00,여의도,여의도,POI072,KEY_4,드림리버오피스텔,EC110022,서울특별시 영등포구 은행로 54,126.9245374,37.5297624,24시간 이용가능,Y,Y,거주자외 출입제한,빌라
2026-06-26T05:50:33.872137+09:00,여의도,여의도,POI072,KEY_4,민주당사,CI0I0019,서울특별시 영등포구 국회대로68길 7,126.9195086,37.5294792,24시간 이용가능,Y,N,,기타
2026-06-26T05:50:33.872137+09:00,여의도,여의도,POI072,KEY_4,백상빌딩,CI0I000C,서울특별시 영등포구 국제금융로6길 30,126.9266154,37.5217254,24시간 이용가능,Y,N,,기타
2026-06-26T05:50:33.872137+09:00,여의도,여의도,POI072,KEY_4,삼천리 여의도 본사,EASCLYP1,서울특별시 영등포구 국제금융로6길 42,126.9255739,37.5209431,24시간 이용가능,N,N,시설 상황에 따라 이용이 제한될 수 있음,사업장(사옥)
2026-06-26T05:50:33.872137+09:00,여의도,여의도,POI072,KEY_4,서린빌딩(샬레코리아),CV000262,서울특별시 영등포구 여의대방로65길 17,126.929253,37.519683,24시간 이용가능,N,N,,사업장(사옥)
2026-06-26T05:50:33.872137+09:00,여의도,여의도,POI072,KEY_4,서울 영등포구 KBS 별관,BNBN0037,서울특별시 영등포구 여의대방로 359,126.929118,37.518669,부분 비개방,N,N,시설 상황에 따란 이용이 제한될 수 있음,기타
2026-06-26T05:50:33.872137+09:00,여의도,여의도,POI072,KEY_4,서울 영등포구 KBS 연구동,BNBN0543,서울특별시 영등포구 국회대로62길 4,126.91495,37.526994,비개방,N,N,시설 상황에 따라 이용이 제한될 수 있음,공공기관
2026-06-26T05:50:33.872137+09:00,여의도,여의도,POI072,KEY_4,서울영등포 여의도국민일보,EV005357,서울특별시 영등포구 여의공원로 101,126.9248927,37.529272,24시간 이용가능,Y,N,외부인 사용불가,사업장(사옥)
2026-06-26T05:50:33.872137+09:00,여의도,여의도,POI072,KEY_4,서울영등포 여의도금호리첸시아오피스텔,EV011608,서울특별시 영등포구 여의동로 213,126.9396296,37.5185953,24시간 이용가능,Y,N,,오피스텔
2026-06-26T05:50:33.872137+09:00,여의도,여의도,POI072,KEY_4,세우빌딩,BPA00006,서울특별시 영등포구 여의공원로 115,126.92,37.53,05:00~00:00,N,Y,시설 상황에 따라 이용이 제한될 수 있음,기타
2026-06-26T05:50:33.872137+09:00,여의도,여의도,POI072,KEY_4,여의도 화랑아파트(야외주차장),CGA00026,서울특별시 영등포구 국제금융로7가길 21,126.9355606,37.5221532,24시간 이용가능,Y,Y,거주자외 출입제한,아파트
2026-06-26T05:50:33.872137+09:00,여의도,여의도,POI072,KEY_4,여의도SK증권빌딩,CV004354,서울특별시 영등포구 국제금융로8길 31,126.9281192,37.5194777,24시간 이용가능,N,N,,금융기관
2026-06-26T05:50:33.872137+09:00,여의도,여의도,POI072,KEY_4,여의도사학연금서울회관,CV002274,서울특별시 영등포구 의사당대로 96,126.92287700,37.521523000,24시간 이용가능,N,N,,사업장(사옥)
2026-06-26T05:50:33.872137+09:00,여의도,여의도,POI072,KEY_4,여의도순복음교회,CSCS1006,서울특별시 영등포구 은행로 55,126.914169,37.53049,24시간 이용가능,Y,N,,종교시설
2026-06-26T05:50:33.872137+09:00,여의도,여의도,POI072,KEY_4,이룸센터,ME25A109,서울특별시 영등포구 의사당대로 22 (여의도동),126.917833,37.5270608,24시간 이용가능,N,N,,공공기관
2026-06-26T05:50:33.872137+09:00,여의도,여의도,POI072,KEY_4,익스콘벤처타워,EC110040,서울특별시 영등포구 은행로 3,126.9196651,37.5275095,24시간 이용가능,Y,N,,사업장(사옥)
2026-06-26T05:50:33.872137+09:00,여의도,여의도,POI072,KEY_4,장미아파트,CV001272,서울특별시 영등포구 국제금융로7길 32,126.934486,37.523403,24시간 이용가능(입주민 외 이용제한 있을 수 있음),Y,Y,입주민 외 이용제한 있을 수 있음,아파트
2026-06-26T05:50:33.872137+09:00,여의도,여의도,POI072,KEY_4,한국수출입은행,CSCS1051,서울특별시 영등포구 은행로 38,126.923399,37.528637,24시간 이용가능,Y,N,.,오피스텔
2026-06-26T05:50:33.872137+09:00,여의도,여의도,POI072,KEY_4,한국증권금융 본사,CV004487,서울특별시 영등포구 국제금융로8길 10,126.929336,37.52165,외부인 이용불가,Y,Y,외부인이 전기차 충전목적만으로 출입할 수 없습니다,금융기관
2026-06-26T05:50:33.872137+09:00,여의도,여의도,POI072,KEY_4,행진빌딩,CI0I0005,서울특별시 영등포구 국제금융로 106,126.9333119,37.5190524,24시간 이용가능,Y,N,,기타
2026-06-26T05:50:33.872137+09:00,영등포 타임스퀘어,영등포 타임스퀘어,POI074,KEY_2,영등포 점프밀라노(B4F),CGA00094,서울특별시 영등포구 영중로 28,126.9058681,37.5188593,24시간 이용가능,N,N,,오피스텔
2026-06-26T05:50:33.872137+09:00,영등포 타임스퀘어,영등포 타임스퀘어,POI074,KEY_2,영등포 제3공영주차장,DO000015,서울특별시 영등포구 문래로 196,126.902438,37.517949,24시간 이용가능,N,N,,공영주차장
2026-06-26T05:50:33.872137+09:00,영등포 타임스퀘어,영등포 타임스퀘어,POI074,KEY_2,영등포구 영등포제3공영주차장,BNBN0328,"서울특별시 영등포구 문래로 196 (영등포동4가, 영등포구 관광정보센터)",126.9041419,37.5170070,0000~0000,N,N,시설 상황에 따라 이용이 제한될 수 있음,사업장(사옥)
2026-06-26T05:50:33.872137+09:00,인사동,인사동,POI078,KEY_2,서울종로 운현궁SK허브,EV008539,서울특별시 종로구 삼일대로 461,126.985829,37.5755955,24시간 이용가능,N,N,외부인 사용불가,아파트
2026-06-26T05:50:33.872137+09:00,인사동,인사동,POI078,KEY_2,태화빌딩,ME174039,서울특별시 종로구 인사동5길 29,126.9850443,37.5718148,24시간 이용가능,N,N,,사업장(사옥)
2026-06-26T05:50:33.872137+09:00,잠실롯데타워·석촌호수,잠실롯데타워·석촌호수,POI120,KEY_3,서울송파 신동아로쟌뷰,EV005690,서울특별시 송파구 석촌호수로 188,127.0980153,37.50623,24시간 이용가능,N,N,"외부인 사용불가, 주차비유료",아파트
2026-06-26T05:50:33.872137+09:00,잠실롯데타워·석촌호수,잠실롯데타워·석촌호수,POI120,KEY_3,서울시 잠실역공영주차장(급속),EV003440,서울특별시 송파구 올림픽로 지하 265,127.1018579,37.5138593,24시간 이용가능,N,N,,공영주차장
2026-06-26T05:50:33.872137+09:00,잠실롯데타워·석촌호수,잠실롯데타워·석촌호수,POI120,KEY_3,석촌호수효성해링턴타워,DL000014,서울특별시 송파구 석촌호수로 210,127.1003,37.50656,24시간 이용가능,N,N,,오피스텔
2026-06-26T05:50:33.872137+09:00,잠실롯데타워·석촌호수,잠실롯데타워·석촌호수,POI120,KEY_3,올림픽공원,ME19A152,서울특별시 송파구 올림픽로 424,127.115847,37.5171577,24시간 이용가능,N,N,,공원
2026-06-26T05:50:33.872137+09:00,잠실롯데타워·석촌호수,잠실롯데타워·석촌호수,POI120,KEY_3,잠실엘퍼스트오피스텔,CA000106,서울특별시 송파구 백제고분로51길 7,127.11466980,37.515822625,24시간 이용가능,N,Y,거주자 외 출입제한,오피스텔
2026-06-26T05:50:33.872137+09:00,잠실롯데타워·석촌호수,잠실롯데타워·석촌호수,POI120,KEY_3,효성올림픽카운티,DL000052,서울특별시 송파구 백제고분로 497,127.1146,37.5149,24시간 이용가능,Y,N,,아파트
2026-06-26T05:50:33.872137+09:00,창동 신경제 중심지,창동 신경제 중심지,POI079,KEY_4,(주)농협유통창동농산물종합,EP190009,서울특별시 도봉구 마들로11길 20,127.0518028,37.6550378,24시간 이용가능,Y,Y,시설 상황에 따라 이용이 제한될 수 있음,마트(쇼핑몰)
2026-06-26T05:50:33.872137+09:00,창동 신경제 중심지,창동 신경제 중심지,POI079,KEY_4,도봉어르신문화센터,CV001170,서울특별시 도봉구 마들로 536,127.0508762,37.6600934,24시간 이용가능,Y,N,,지자체시설
2026-06-26T05:50:33.872137+09:00,창동 신경제 중심지,창동 신경제 중심지,POI079,KEY_4,서울교통공사 창동차량기지,CGA00082,서울특별시 노원구 노원로 573,127.05400285,37.660291354,24시간 이용가능,Y,Y,임직원 외 출입제한,공공기관
2026-06-26T05:50:33.872137+09:00,창동 신경제 중심지,창동 신경제 중심지,POI079,KEY_4,서울도봉 창동문화체육센터,EV008827,서울특별시 도봉구 노해로69길 132,127.0507053,37.6581174,24시간 이용가능,Y,N,외부인 출입불가,기타
2026-06-26T05:50:33.872137+09:00,창동 신경제 중심지,창동 신경제 중심지,POI079,KEY_4,서울도봉 창동씨드큐브,EV011669,서울특별시 도봉구 창동 1-28,127.0505214,37.6590213,24시간 이용가능,Y,N,,아파트
2026-06-26T05:50:33.872137+09:00,창동 신경제 중심지,창동 신경제 중심지,POI079,KEY_4,서울도봉 창동씨드큐브,EV011669,서울특별시 도봉구 창동 1-28,127.0505214,37.6590213,24시간 이용가능,Y,Y,외부인 사용불가,아파트
2026-06-26T05:50:33.872137+09:00,창동 신경제 중심지,창동 신경제 중심지,POI079,KEY_4,서울도봉 창동역공영주차장,EV008830,서울특별시 도봉구 노해로65길 17-6,127.0458688,37.6522498,24시간 이용가능,Y,N,,공영주차장
2026-06-26T05:50:33.872137+09:00,창동 신경제 중심지,창동 신경제 중심지,POI079,KEY_4,서울도봉 창동역동측주차장,EV008835,서울특별시 도봉구 마들로11길 74,127.0487373,37.6540776,24시간 이용가능,Y,N,,공영주차장
2026-06-26T05:50:33.872137+09:00,창동 신경제 중심지,창동 신경제 중심지,POI079,KEY_4,서울사진미술관,EP021000,서울특별시 도봉구 마들로13길 68,127.04894781,37.655515022,24시간 이용가능,Y,N,,전시관
2026-06-26T05:50:33.872137+09:00,창동 신경제 중심지,창동 신경제 중심지,POI079,KEY_4,서울시 창동문화체육센터(급속),EV003435,서울특별시 도봉구 노해로69길 132,127.0504457,37.658277,24시간 이용가능,N,N,,지자체시설
2026-06-26T05:50:33.872137+09:00,창동 신경제 중심지,창동 신경제 중심지,POI079,KEY_4,서울시 창동역서주차장(급속),EV003436,서울특별시 도봉구 노해로65길 17-6,127.0458688,37.6522498,24시간 이용가능,N,Y,시설 상황에 따라 이용이 제한될 수 있음,공영주차장
2026-06-26T05:50:33.872137+09:00,창동 신경제 중심지,창동 신경제 중심지,POI079,KEY_4,와우쇼핑,EBWOWSNW,서울특별시 노원구 노해로 507,127.0640219,37.6553322,09:00~20:00,Y,N,,마트(쇼핑몰)
2026-06-26T05:50:33.872137+09:00,창동 신경제 중심지,창동 신경제 중심지,POI079,KEY_4,용화여고,CU200035,서울특별시 노원구 동일로 1461,127.058376,37.6587686,24시간 이용가능,Y,N,,학교
2026-06-26T05:50:33.872137+09:00,창동 신경제 중심지,창동 신경제 중심지,POI079,KEY_4,한국전기안전공사 서울북부지사,CV000240,서울특별시 도봉구 노해로67길 14,127.0494501,37.652269,24시간 이용가능(시설이용자 외 이용제한 있을 수 있음),Y,N,,공공기관
2026-06-26T05:50:33.872137+09:00,창동 신경제 중심지,창동 신경제 중심지,POI079,KEY_4,화랑빌딩,CPCT0023,서울특별시 노원구 상계로 64,127.062278,37.655792,24시간 이용가능,Y,N,,기타
2026-06-26T05:50:33.872137+09:00,청량리 제기동 일대 전통시장,청량리 제기동 일대 전통시장,POI081,KEY_2,디자이너스호텔,CPCP1064,서울특별시 동대문구 왕산로 226,127.0477,37.5817,24시간 이용가능,Y,N,,기타
2026-06-26T05:50:33.872137+09:00,청량리 제기동 일대 전통시장,청량리 제기동 일대 전통시장,POI081,KEY_2,서울약령시 공영주차장,ME18B284,서울특별시 동대문구 약령중앙로 26,127.03715,37.58051,24시간 이용가능,N,N,,공영주차장
2026-06-26T05:50:33.872137+09:00,DMC(디지털미디어시티),DMC(디지털미디어시티),POI084,KEY_1,Park M (주차복합빌딩),ME19A246,서울특별시 마포구 매봉산로 80,126.8941079,37.5783444,24시간 이용가능,N,N,,일반주차장
2026-06-26T05:50:33.872137+09:00,DMC(디지털미디어시티),DMC(디지털미디어시티),POI084,KEY_1,마포 누리꿈스퀘어빌딩 급속충전소(스타코프),EP021300,"서울특별시 마포구 월드컵북로 396 (상암동, 누리꿈스퀘어)",126.8897829,37.579428342,24시간 이용가능,Y,N,,기타
2026-06-26T05:50:33.872137+09:00,DMC(디지털미디어시티),DMC(디지털미디어시티),POI084,KEY_1,마포 우리금융상암센터(B3F),CGA00059,서울특별시 마포구 월드컵북로60길 17,126.8859923,37.5833854,24시간 이용가능,Y,Y,임직원 외 출입제한,사업장(사옥)
2026-06-26T05:50:33.872137+09:00,DMC(디지털미디어시티),DMC(디지털미디어시티),POI084,KEY_1,마포구 상암1공영주차장,BNBN0843,서울특별시 마포구 성암로 197,126.8971993,37.5771432,~,N,N,시설 상황에 따라 이용이 제한될 수 있음,공영주차장
2026-06-26T05:50:33.872137+09:00,DMC(디지털미디어시티),DMC(디지털미디어시티),POI084,KEY_1,상암1 공영주차장,ME19A245,서울특별시 마포구 성암로 197,126.8973596,37.577011200000,24시간 이용가능,N,N,,공영주차장
2026-06-26T05:50:33.872137+09:00,DMC(디지털미디어시티),DMC(디지털미디어시티),POI084,KEY_1,서울 한샘상암사옥 충전소,AM900012,서울특별시 마포구 성암로 179,126.8987638,37.5761509,24시간 이용가능,N,N,시설 상황에 따라 이용이 제한될 수 있음,기타
2026-06-26T05:50:33.872137+09:00,DMC(디지털미디어시티),DMC(디지털미디어시티),POI084,KEY_1,서울 한샘상암사옥 충전소,EP220314,서울특별시 마포구 성암로 179,126.8987638,37.5761509,24시간 이용가능,Y,N,시설 상황에 따라 이용이 제한될 수 있음,기타
2026-06-26T05:50:33.872137+09:00,DMC(디지털미디어시티),DMC(디지털미디어시티),POI084,KEY_1,서울 한샘상암사옥 충전소,EP220314,서울특별시 마포구 성암로 179,126.8987638,37.5761509,24시간 이용가능,Y,Y,시설 상황에 따라 이용이 제한될 수 있음,기타
2026-06-26T05:50:33.872137+09:00,DMC(디지털미디어시티),DMC(디지털미디어시티),POI084,KEY_1,서울경제진흥원,CV004480,서울특별시 마포구 월드컵북로 400,126.889538,37.580315,24시간 이용가능,N,N,,공공기관
2026-06-26T05:50:33.872137+09:00,DMC(디지털미디어시티),DMC(디지털미디어시티),POI084,KEY_1,서울마포 상암휴먼시아2단지,EV006824,서울특별시 마포구 월드컵북로42가길 11,126.8975858,37.5747375,24시간 이용가능,Y,N,외부인 사용불가,아파트
2026-06-26T05:50:33.872137+09:00,DMC(디지털미디어시티),DMC(디지털미디어시티),POI084,KEY_1,서울마포 상암휴먼시아2단지,EV006824,서울특별시 마포구 월드컵북로42가길 11,126.8975858,37.5747375,24시간 이용가능,Y,Y,외부인 사용불가,아파트
2026-06-26T05:50:33.872137+09:00,DMC(디지털미디어시티),DMC(디지털미디어시티),POI084,KEY_1,서울산업진흥원,EV000411,서울특별시 마포구 월드컵북로 400,126.8896371,37.5805219,평일 09시~18시 이용가능,Y,N,,사업장(사옥)
2026-06-26T05:50:33.872137+09:00,DMC(디지털미디어시티),DMC(디지털미디어시티),POI084,KEY_1,스탠포드호텔코리아,ME183009,"서울특별시 마포구 상암동 월드컵북로 58길 15, 지하4층 18",126.886648,37.5823581,24시간 이용가능,Y,N,,숙박시설
2026-06-26T05:50:33.872137+09:00,DMC(디지털미디어시티),DMC(디지털미디어시티),POI084,KEY_1,파크엠빌딩,AMAM0003,서울특별시 마포구 매봉산로 80,126.894285,37.57853,24시간 이용가능,N,N,,일반주차장
2026-06-26T05:50:33.872137+09:00,DMC(디지털미디어시티),DMC(디지털미디어시티),POI084,KEY_1,한국콘텐츠진흥원 DMS방송제작센터,CV001934,서울특별시 마포구 월드컵북로54길 12,126.8892508,37.5807286,24시간 이용가능,N,N,,기타
2026-06-26T05:50:33.872137+09:00,가산디지털단지역,가산디지털단지역,POI013,KEY_2,LG가산디지털센터,EV001760,서울특별시 금천구 가산디지털1로 189,126.8797058,37.4821518,24시간 이용가능,Y,N,외부인 사용불가,사업장(사옥)
2026-06-26T05:50:33.872137+09:00,가산디지털단지역,가산디지털단지역,POI013,KEY_2,금천 대륭포스트타워6차,CGA00216,서울특별시 금천구 벚꽃로 298,126.8838717,37.4814402,24시간 이용가능,Y,N,,기타
2026-06-26T05:50:33.872137+09:00,가산디지털단지역,가산디지털단지역,POI013,KEY_2,금천 벽산/경인 디지털밸리_주차장입구1,CGA00146,서울특별시 금천구 가산디지털2로 184,126.8780843,37.4842494,24시간 이용가능,Y,N,,기타
2026-06-26T05:50:33.872137+09:00,가산디지털단지역,가산디지털단지역,POI013,KEY_2,금천 벽산/경인 디지털밸리_주차장입구2,CGA00193,서울특별시 금천구 가산디지털2로 184,126.8780843,37.4842494,24시간 이용가능,Y,N,,기타
2026-06-26T05:50:33.872137+09:00,가산디지털단지역,가산디지털단지역,POI013,KEY_2,대륭테크노타운6차,EP210180,서울특별시 금천구 서부샛길 648,126.8761807,37.4812045,24시간 이용가능,N,N,,오피스텔
2026-06-26T05:50:33.872137+09:00,가산디지털단지역,가산디지털단지역,POI013,KEY_2,대륭테크노타운6차,EP210180,서울특별시 금천구 서부샛길 648,126.8761807,37.4812045,24시간 이용가능,N,Y,SM3전용,오피스텔
2026-06-26T05:50:33.872137+09:00,가산디지털단지역,가산디지털단지역,POI013,KEY_2,대륭포스트타워5차,EC110008,서울특별시 금천구 디지털로9길 68,126.8864218,37.481076,24시간 이용가능,Y,N,,사업장(사옥)
2026-06-26T05:50:33.872137+09:00,가산디지털단지역,가산디지털단지역,POI013,KEY_2,대륭포스트타워5차 (급),EC110112,서울특별시 금천구 디지털로9길 68,126.8862972,37.4811672,24시간 이용가능,Y,N,,사업장(사옥)
2026-06-26T05:50:33.872137+09:00,가산디지털단지역,가산디지털단지역,POI013,KEY_2,서울 금천구 가산동 가산디지털 서측노외,BNBN0325,서울특별시 금천구 가산디지털1로 230,126.880392,37.485481,24시간 이용가능,N,N,시설 상황에 따란 이용이 제한될 수 있음,기타
2026-06-26T05:50:33.872137+09:00,가산디지털단지역,가산디지털단지역,POI013,KEY_2,서울 금천구 견인차량보관소,BNBN0582,서울 금천구 가산디지털2로 169-34 (가산동),126.8758006,37.4831701,24시간 이용가능,N,N,시설 상황에 따라 이용이 제한될 수 있음,기타
2026-06-26T05:50:33.872137+09:00,가산디지털단지역,가산디지털단지역,POI013,KEY_2,서울 코오롱테크노밸리,EP230205,서울특별시 금천구 디지털로9길 56,126.88687232,37.480402595,24시간 이용가능,Y,N,,기타
2026-06-26T05:50:33.872137+09:00,가산디지털단지역,가산디지털단지역,POI013,KEY_2,서울금천 월드메르디앙벤처센터,EV006695,서울특별시 금천구 벚꽃로 254,126.8854927,37.477763,24시간 이용가능,N,N,외부인 사용불가,사업장(사옥)
2026-06-26T05:50:33.872137+09:00,가산디지털단지역,가산디지털단지역,POI013,KEY_2,서울금천_에이스비즈포레,EV003719,서울특별시 금천구 가산디지털2로 173,126.8770673,37.4831681,24시간 이용가능,Y,N,외부인 사용불가,사업장(사옥)
2026-06-26T05:50:33.872137+09:00,가산디지털단지역,가산디지털단지역,POI013,KEY_2,에이스테크노타워10차,EP210287,서울특별시 금천구 가산디지털1로 196,126.8812848,37.4829649,24시간 이용가능,N,N,,오피스텔
2026-06-26T05:50:33.872137+09:00,가산디지털단지역,가산디지털단지역,POI013,KEY_2,에이스테크노타워10차,EP210287,서울특별시 금천구 가산디지털1로 196,126.8812848,37.4829649,24시간 이용가능,N,N,시설 상황에 따라 이용이 제한될 수 있음,오피스텔
2026-06-26T05:50:33.872137+09:00,가산디지털단지역,가산디지털단지역,POI013,KEY_2,코오롱테크노밸리,EP210295,서울특별시 금천구 디지털로9길 56,126.8868723,37.4804026,24시간 이용가능,N,N,,오피스텔
2026-06-26T05:50:33.872137+09:00,강남역,강남역,POI014,KEY_3,역삼문화공원 지하3층주차장,CV001458,서울특별시 강남구 테헤란로7길 21,127.029673,37.500888,24시간 이용가능,N,N,,공영주차장
2026-06-26T05:50:33.872137+09:00,강남역,강남역,POI014,KEY_3,강남 GT타워이스트,CGA00294,서울특별시 서초구 서초대로 411,127.0259226,37.4981083,24시간 이용가능,N,N,입주민 전용,사업장(사옥)
2026-06-26T05:50:33.872137+09:00,강남역,강남역,POI014,KEY_3,강남 대우디오빌플러스,CGA00129,서울특별시 강남구 강남대로84길 33,127.03109342,37.497546130,24시간 이용가능,Y,Y,거주자외 출입제한,아파트
2026-06-26T05:50:33.872137+09:00,강남역,강남역,POI014,KEY_3,강남 대우디오빌플러스_2차,CGA00249,서울특별시 강남구 강남대로84길 33,127.0312229,37.4973278,24시간 이용가능,Y,N,,오피스텔
2026-06-26T05:50:33.872137+09:00,강남역,강남역,POI014,KEY_3,서울_강남센트럴푸르지오시티1,EV003466,서울특별시 강남구 테헤란로4길 6,127.0292863,37.4976674,24시간 이용가능 / 입주민만 사용가능,Y,N,,아파트
2026-06-26T05:50:33.872137+09:00,강남역,강남역,POI014,KEY_3,서울_강남센트럴푸르지오시티1,EV003466,서울특별시 강남구 테헤란로4길 6,127.0292863,37.4976674,24시간 이용가능 / 입주민만 사용가능,Y,N,외부인 사용불가,아파트
2026-06-26T05:50:33.872137+09:00,강남역,강남역,POI014,KEY_3,서울_강남센트럴푸르지오시티2,EV003467,서울특별시 강남구 테헤란로4길 6,127.02916487,37.497576085,"24시간 이용가능,입주민만 사용가능 거주자외출입제한",Y,N,외부인 사용불가,아파트
2026-06-26T05:50:33.872137+09:00,강남역,강남역,POI014,KEY_3,서울_강남센트럴푸르지오시티3,EV003458,서울특별시 강남구 테헤란로4길 6,127.02941929,37.497524214,"24시간 이용가능,입주민만 사용가능 거주자외출입제한",Y,N,외부인 사용불가,아파트
2026-06-26T05:50:33.872137+09:00,강남역,강남역,POI014,KEY_3,서울강남 강남역효성헤링턴타워,EV006829,서울특별시 강남구 강남대로84길 15,127.0298357,37.4970034,24시간 이용가능,Y,N,외부인 사용불가,아파트
2026-06-26T05:50:33.872137+09:00,강남역,강남역,POI014,KEY_3,서울강남 강남역효성헤링턴타워,EV006829,서울특별시 강남구 강남대로84길 15,127.0298357,37.4970034,24시간 이용가능,Y,Y,외부인 사용불가,아파트
2026-06-26T05:50:33.872137+09:00,강남역,강남역,POI014,KEY_3,역삼문화공원 지하4층주차장,CV002017,서울특별시 강남구 테헤란로7길 21,127.0302568,37.50050350,24시간 이용가능,N,N,,공영주차장
2026-06-26T05:50:33.872137+09:00,건대입구역,건대입구역,POI015,KEY_4,광진구 자양4동 공영주차장,BNBN0833,서울특별시 광진구 자양동 5-5,127.0681886,37.5386773,~,N,N,시설 상황에 따라 이용이 제한될 수 있음,공영주차장
2026-06-26T05:50:33.872137+09:00,건대입구역,건대입구역,POI015,KEY_4,광진문화예술회관,ME20A278,서울특별시 광진구 능동로 76,127.0705319,37.5375337,24시간 이용가능,N,N,,지자체시설
2026-06-26T05:50:33.872137+09:00,건대입구역,건대입구역,POI015,KEY_4,서울광진 더라움펜트하우스1(B3),EV006056,서울특별시 광진구 능동로 81,127.06916132,37.538250998,24시간 이용가능,Y,N,외부인 사용불가,아파트
2026-06-26T05:50:33.872137+09:00,건대입구역,건대입구역,POI015,KEY_4,서울광진 더라움펜트하우스1(B3),EV006056,서울특별시 광진구 능동로 81,127.06916132,37.538250998,24시간 이용가능,Y,Y,외부인 사용불가,아파트
2026-06-26T05:50:33.872137+09:00,건대입구역,건대입구역,POI015,KEY_4,서울광진 더라움펜트하우스2(B5),EV006057,서울특별시 광진구 능동로 81,127.06918404,37.538354599,24시간 이용가능,Y,N,외부인 사용불가,아파트
2026-06-26T05:50:33.872137+09:00,건대입구역,건대입구역,POI015,KEY_4,서울광진 더라움펜트하우스2(B5),EV006057,서울특별시 광진구 능동로 81,127.06918404,37.538354599,24시간 이용가능,Y,Y,외부인 사용불가,아파트
2026-06-26T05:50:33.872137+09:00,건대입구역,건대입구역,POI015,KEY_4,서울광진 더라움펜트하우스3(B6),EV006058,서울특별시 광진구 능동로 81,127.0693126,37.5383612,24시간 이용가능,Y,N,외부인 사용불가,아파트
2026-06-26T05:50:33.872137+09:00,건대입구역,건대입구역,POI015,KEY_4,서울광진 더라움펜트하우스3(B6),EV006058,서울특별시 광진구 능동로 81,127.0693126,37.5383612,24시간 이용가능,Y,Y,외부인 사용불가,아파트
2026-06-26T05:50:33.872137+09:00,건대입구역,건대입구역,POI015,KEY_4,자양동노상주차장,CV004505,서울특별시 광진구 자양동 23-9,127.0645572,37.5414901,24시간 이용가능,Y,N,,공영주차장
2026-06-26T05:50:33.872137+09:00,고덕역,고덕역,POI016,KEY_1,서울강동 고덕삼환아파트,EV004025,서울특별시 강동구 고덕로62길 29,127.1542273,37.5543173,24시간 이용가능,Y,N,,아파트
2026-06-26T05:50:33.872137+09:00,고덕역,고덕역,POI016,KEY_1,서울강동 한화오벨리스크스위트오피스텔,EV005768,서울특별시 강동구 동남로 877,127.155802,37.5520152,24시간 이용가능,Y,N,외부인 사용불가,아파트
2026-06-26T05:50:33.872137+09:00,구로디지털단지역,구로디지털단지역,POI019,KEY_4,구로 에이스테크노타워2차,CGA00110,서울특별시 구로구 디지털로31길 19,126.89376717,37.484876015,24시간 이용가능,N,N,,사업장(사옥)
2026-06-26T05:50:33.872137+09:00,구로디지털단지역,구로디지털단지역,POI019,KEY_4,구로구 구로3동 주차장,BNBN0820,서울특별시 구로구 구로동 212-14,126.8925044,37.4830246,~,N,N,시설 상황에 따라 이용이 제한될 수 있음,일반주차장
2026-06-26T05:50:33.872137+09:00,구로디지털단지역,구로디지털단지역,POI019,KEY_4,구로디지털단지역환승주차장,EC001010,서울특별시 구로구 도림천로 477,126.9016095,37.4854141,24시간 이용가능,N,N,,환승주차장
2026-06-26T05:50:33.872137+09:00,구로디지털단지역,구로디지털단지역,POI019,KEY_4,서울 아남전자1 충전소,EP220556,서울특별시 구로구 디지털로27가길 27,126.89251265,37.484676568,24시간 이용가능,Y,N,시설 상황에 따라 이용이 제한될 수 있음,기타
2026-06-26T05:50:33.872137+09:00,구로디지털단지역,구로디지털단지역,POI019,KEY_4,서울 아남전자2 충전소,EP220557,서울특별시 구로구 디지털로27가길 27,126.89251265,37.484676568,24시간 이용가능,Y,N,시설 상황에 따라 이용이 제한될 수 있음,기타
2026-06-26T05:50:33.872137+09:00,구로디지털단지역,구로디지털단지역,POI019,KEY_4,서울구로구 이앤씨벤처드림타워2차,EV004692,서울특별시 구로구 디지털로33길 55,126.8930445,37.4867586,24시간 이용가능,Y,N,외부인 사용불가,사업장(사옥)
2026-06-26T05:50:33.872137+09:00,구로디지털단지역,구로디지털단지역,POI019,KEY_4,서울시 구로디지털단지역공영주차장(급속),EV005670,서울특별시 구로구 도림천로 477,126.9014944,37.4853149,24시간 이용가능,Y,N,,아파트
2026-06-26T05:50:33.872137+09:00,구로디지털단지역,구로디지털단지역,POI019,KEY_4,에이스하이엔드타워1차,CV004538,서울특별시 구로구 디지털로26길 5,126.894102,37.4818142,24시간 이용가능,N,N,,오피스텔
2026-06-26T05:50:33.872137+09:00,구로디지털단지역,구로디지털단지역,POI019,KEY_4,이앤씨6차,BNAG3302,서울특별시 구로구 디지털로31길 41,126.892720,37.485169,24시간 이용가능,Y,N,상황에 따라 변동,기타
2026-06-26T05:50:33.872137+09:00,구로디지털단지역,구로디지털단지역,POI019,KEY_4,코오롱사이언스밸리2차,CPCT0053,서울특별시 구로구 디지털로34길 55,126.899282,37.484286,24시간 이용가능,Y,N,시설 상황에 따라 이용이 제한 될 수 있음,기타
2026-06-26T05:50:33.872137+09:00,구로디지털단지역,구로디지털단지역,POI019,KEY_4,코오롱사이언스밸리2차,CPCT0053,서울특별시 구로구 디지털로34길 55,126.899282,37.484286,24시간 이용가능,Y,Y,시설 상황에 따라 이용이 제한 될 수 있음,기타
2026-06-26T05:50:33.872137+09:00,구로디지털단지역,구로디지털단지역,POI019,KEY_4,쿨사인 입주빌딩,EP220032,서울특별시 구로구 디지털로27가길 27,126.8925127,37.4846766,24시간 이용가능,Y,Y,시설 상황에 따라 이용이 제한될 수 있음,사업장(사옥)
2026-06-26T05:50:33.872137+09:00,구로디지털단지역,구로디지털단지역,POI019,KEY_4,쿨사인 지하주차장,CI0I0002,서울특별시 구로구 디지털로27가길 27,126.8925052,37.4847055,24시간 이용가능,Y,N,,기타
2026-06-26T05:50:33.872137+09:00,구로디지털단지역,구로디지털단지역,POI019,KEY_4,파트너스타워2차,CV001794,서울특별시 구로구 디지털로32가길 16,126.898574,37.482944,09:00~18:00,N,N,,기타
2026-06-26T05:50:33.872137+09:00,대림역,대림역,POI023,KEY_3,대림노외공영주차장,EC001015,서울특별시 구로구 도림천로 352,126.89405009,37.49290640,24시간 이용가능,N,N,,공영주차장
2026-06-26T05:50:33.872137+09:00,대림역,대림역,POI023,KEY_3,서울교통공사 대림별관(B1F),CGA00039,서울특별시 구로구 도림천로 352,126.8942424,37.4934337,24시간 이용가능,Y,Y,임직원외 출입제한,공공기관
2026-06-26T05:50:33.872137+09:00,대림역,대림역,POI023,KEY_3,서울구로 대림역경남아너스빌,EV002542,서울특별시 구로구 구로중앙로8길 41-23,126.8929945,37.4936794,"24시간 이용가능,입주민만 사용가능 거주자외출입제한",Y,N,외부인 사용불가,아파트
2026-06-26T05:50:33.872137+09:00,뚝섬역,뚝섬역,POI025,KEY_1,서울성동 뚝섬리버빌아파트,EV005769,서울특별시 성동구 성수일로11길 15,127.0498269,37.5494959,24시간 이용가능,Y,N,외부인 사용불가,아파트
2026-06-26T05:50:33.872137+09:00,뚝섬역,뚝섬역,POI025,KEY_1,서울성동 뚝섬중앙하이츠빌101동,EV006312,서울특별시 성동구 상원길 47,127.0481899,37.5477242,24시간 이용가능,Y,N,외부인 사용불가,아파트
2026-06-26T05:50:33.872137+09:00,뚝섬역,뚝섬역,POI025,KEY_1,서울성동 뚝섬중앙하이츠빌102동,EV006313,서울특별시 성동구 상원길 47,127.0479978,37.5480914,24시간 이용가능,Y,N,외부인 사용불가,아파트
2026-06-26T05:50:33.872137+09:00,뚝섬역,뚝섬역,POI025,KEY_1,서울성동 뚝섬중앙하이츠빌103동,EV006314,서울특별시 성동구 상원길 47,127.0471433,37.5478958,24시간 이용가능,Y,N,외부인 사용불가,아파트
2026-06-26T05:50:33.872137+09:00,뚝섬역,뚝섬역,POI025,KEY_1,서울성동 성수쌍용아파트1,EV008021,서울특별시 성동구 상원길 63,127.047109,37.5501345,24시간 이용가능,Y,N,외부인 사용불가,아파트
2026-06-26T05:50:33.872137+09:00,뚝섬역,뚝섬역,POI025,KEY_1,서울성동 성수쌍용아파트1,EV008021,서울특별시 성동구 상원길 63,127.047109,37.5501345,24시간 이용가능,Y,Y,외부인 사용불가,아파트
2026-06-26T05:50:33.872137+09:00,뚝섬역,뚝섬역,POI025,KEY_1,서울성동 성수쌍용아파트2,EV008022,서울특별시 성동구 상원길 63,127.047109,37.5501345,24시간 이용가능,Y,N,외부인 사용불가,아파트
2026-06-26T05:50:33.872137+09:00,뚝섬역,뚝섬역,POI025,KEY_1,서울성동 성수쌍용아파트2,EV008022,서울특별시 성동구 상원길 63,127.047109,37.5501345,24시간 이용가능,Y,Y,외부인 사용불가,아파트
2026-06-26T05:50:33.872137+09:00,뚝섬역,뚝섬역,POI025,KEY_1,서울성동 성수쌍용아파트3,EV008023,서울특별시 성동구 상원길 63,127.047109,37.5501345,24시간 이용가능,Y,N,외부인 사용불가,아파트
2026-06-26T05:50:33.872137+09:00,뚝섬역,뚝섬역,POI025,KEY_1,서울성동 성수쌍용아파트3,EV008023,서울특별시 성동구 상원길 63,127.047109,37.5501345,24시간 이용가능,Y,Y,외부인 사용불가,아파트
2026-06-26T05:50:33.872137+09:00,뚝섬역,뚝섬역,POI025,KEY_1,서울성동 성수쌍용아파트4,EV008024,서울특별시 성동구 상원길 63,127.047109,37.5501345,24시간 이용가능,Y,N,외부인 사용불가,아파트
2026-06-26T05:50:33.872137+09:00,뚝섬역,뚝섬역,POI025,KEY_1,서울성동 성수쌍용아파트4,EV008024,서울특별시 성동구 상원길 63,127.047109,37.5501345,24시간 이용가능,Y,Y,외부인 사용불가,아파트
2026-06-26T05:50:33.872137+09:00,뚝섬역,뚝섬역,POI025,KEY_1,서울성동 성수쌍용아파트5,EV008025,서울특별시 성동구 상원길 63,127.047109,37.5501345,24시간 이용가능,Y,N,외부인 사용불가,아파트
2026-06-26T05:50:33.872137+09:00,뚝섬역,뚝섬역,POI025,KEY_1,서울성동 성수쌍용아파트5,EV008025,서울특별시 성동구 상원길 63,127.047109,37.5501345,24시간 이용가능,Y,Y,외부인 사용불가,아파트
2026-06-26T05:50:33.872137+09:00,뚝섬역,뚝섬역,POI025,KEY_1,서울성동 성수쌍용아파트6,EV008026,서울특별시 성동구 상원길 63,127.047109,37.5501345,24시간 이용가능,Y,N,외부인 사용불가,아파트
2026-06-26T05:50:33.872137+09:00,뚝섬역,뚝섬역,POI025,KEY_1,서울성동 성수쌍용아파트6,EV008026,서울특별시 성동구 상원길 63,127.047109,37.5501345,24시간 이용가능,Y,Y,외부인 사용불가,아파트
2026-06-26T05:50:33.872137+09:00,발산역,발산역,POI027,KEY_3,강서 발산파크프라자(B3F),CGA00086,서울특별시 강서구 공항대로 261,126.836521,37.5591532,24시간 이용가능,Y,N,,마트(쇼핑몰)
2026-06-26T05:50:33.872137+09:00,발산역,발산역,POI027,KEY_3,강서블리스주차타워,DL000045,서울특별시 강서구 강서로52길 34,126.8398,37.5575,24시간 이용가능,Y,N,,기타
2026-06-26T05:50:33.872137+09:00,발산역,발산역,POI027,KEY_3,강서 등촌주공3단지아파트,CGA00217,서울특별시 강서구 강서로56나길 37,126.8408743,37.5626644,24시간 이용가능,Y,Y,입주민 전용,아파트
2026-06-26T05:50:33.872137+09:00,발산역,발산역,POI027,KEY_3,강서 마곡아이파크,CGA00261,서울특별시 강서구 마곡중앙8로 90,126.8375933,37.5605730,24시간 이용가능,N,Y,입주민 전용,아파트
2026-06-26T05:50:33.872137+09:00,발산역,발산역,POI027,KEY_3,건와빌딩,EP200471,서울특별시 강서구 마곡동로 56,126.8338034,37.5599779,24시간 이용가능,N,Y,시설 상황에 따라 이용이 제한될 수 있음,사업장(사옥)
2026-06-26T05:50:33.872137+09:00,발산역,발산역,POI027,KEY_3,엠펠리체호텔,EC110021,서울특별시 강서구 마곡동로4길 15,126.83524805,37.559818459,24시간 이용가능,Y,N,,숙박시설
2026-06-26T05:50:33.872137+09:00,사당역,사당역,POI029,KEY_4,남현소공원 공영주차장,CV001539,서울특별시 관악구 남현1길 28,126.97952742,37.475850042,24시간 이용가능,N,N,,공영주차장
2026-06-26T05:50:33.872137+09:00,사당역,사당역,POI029,KEY_4,서울교통공사 사당별관(임직원 전용),CGA00064,서울특별시 서초구 효령로 5,126.9847726,37.4765547,24시간 이용가능,Y,Y,임직원 외 출입제한,공공기관
2026-06-26T05:50:33.872137+09:00,서울대입구역,서울대입구역,POI031,KEY_2,관악 대우디오슈페리움 1단지(B6F),CGA00042,서울특별시 관악구 관악로 164,126.9528507,37.4796468,24시간 이용가능,Y,Y,입주민 전용,아파트
2026-06-26T05:50:33.872137+09:00,서울대입구역,서울대입구역,POI031,KEY_2,관악위버폴리스,EP190003,서울특별시 관악구 관악로 195,126.9530968,37.4825641,24시간 이용가능,Y,Y,시설 상황에 따라 이용이 제한될 수 있음,아파트
2026-06-26T05:50:33.872137+09:00,서울대입구역,서울대입구역,POI031,KEY_2,관악위버폴리스관리단 A동,EC002636,서울특별시 관악구 관악로 195,126.9532554,37.4826445,24시간 이용가능,Y,N,,아파트
2026-06-26T05:50:33.872137+09:00,서울대입구역,서울대입구역,POI031,KEY_2,신원메트로빌 B4,EC003273,서울특별시 관악구 남부순환로 1811,126.9514766,37.481685,24시간 이용가능,Y,N,,아파트
2026-06-26T05:50:33.872137+09:00,서울역,서울역,POI033,KEY_4,단암타워,AM900061,서울특별시 중구 소월로 10,126.9754111,37.55854116,24시간 이용가능,N,N,,일반주차장
2026-06-26T05:50:33.872137+09:00,서울역,서울역,POI033,KEY_4,서울중구 남산트라팰리스,EV002939,서울특별시 중구 소월로2길 30,126.9756138,37.5539952,"24시간 이용가능,입주민만 사용가능 거주자외출입제한",Y,N,외부인 사용불가,아파트
2026-06-26T05:50:33.872137+09:00,서울역,서울역,POI033,KEY_4,서울중구 남산트라팰리스2,EV005035,서울특별시 중구 소월로2길 30,126.9756127,37.5539947,24시간 이용가능,Y,N,외부인 사용불가,아파트
2026-06-26T05:50:33.872137+09:00,서울역,서울역,POI033,KEY_4,서울중구 연세대학교 봉래빌딩,EV005715,서울특별시 중구 칠패로 36,126.9728876,37.5593963,24시간 이용가능,N,N,외부인 사용불가,학교
2026-06-26T05:50:33.872137+09:00,선릉역,선릉역,POI034,KEY_1,강남 대치타워(B5F),CGA00025,서울특별시 강남구 테헤란로 424,127.0534636,37.5054685,24시간 이용가능,N,N,시설 상황에 따라 이용이 제한될 수 있음,사업장(사옥)
2026-06-26T05:50:33.872137+09:00,선릉역,선릉역,POI034,KEY_1,강남일옥빌딩(신한강남L타워),AM900055,서울특별시 강남구 테헤란로 318,127.0460709,37.50317135,24시간 이용가능,N,N,,일반주차장
2026-06-26T05:50:33.872137+09:00,선릉역,선릉역,POI034,KEY_1,서울강남 가리온빌딩,EV011039,서울특별시 강남구 삼성로85길 39,127.0542807,37.504237,24시간 이용가능,Y,N,,아파트
2026-06-26T05:50:33.872137+09:00,선릉역,선릉역,POI034,KEY_1,선릉이스타빌,CCA00003,서울특별시 강남구 테헤란로52길 15,127.04793664,37.503171784,24시간 이용가능,Y,Y,거주자외 출입제한,오피스텔
2026-06-26T05:50:33.872137+09:00,선릉역,선릉역,POI034,KEY_1,아남타워,CU200032,서울특별시 강남구 테헤란로 311,127.044811,37.5038134,24시간 이용가능,N,N,,기타
2026-06-26T05:50:33.872137+09:00,수유역,수유역,POI036,KEY_3,강북구청,CU200019,서울특별시 강북구 도봉로89길 13,127.025425,37.6391656,24시간 이용가능,N,N,,관공서
2026-06-26T05:50:33.872137+09:00,수유역,수유역,POI036,KEY_3,수유경남아너스빌,AMAM0014,서울특별시 강북구 노해로8길 22,127.024170,37.638176,24시간 이용가능,N,N,,아파트
2026-06-26T05:50:33.872137+09:00,숭례문,숭례문,POI131,KEY_4,단암타워,AM900061,서울특별시 중구 소월로 10,126.9754111,37.55854116,24시간 이용가능,N,N,,일반주차장
2026-06-26T05:50:33.872137+09:00,숭례문,숭례문,POI131,KEY_4,삼성본관빌딩,CV003877,서울특별시 중구 세종대로 67,126.975566,37.562379,06:30 ~ 23:00,N,N,,사업장(사옥)
2026-06-26T05:50:33.872137+09:00,시의회 앞,시의회 앞,POI130,KEY_1,서울도시기반시설본부,CV000259,서울특별시 중구 청계천로 8,126.978292,37.5688401,07:00~19:00,N,N,,공공기관
2026-06-26T05:50:33.872137+09:00,시의회 앞,시의회 앞,POI130,KEY_1,서울신문사 급속충전소,EP210068,서울특별시 중구 세종대로 124,126.9778737,37.5674199,24시간 이용가능,Y,N,시설 상황에 따라 이용이 제한될 수 있음,사업장(사옥)
2026-06-26T05:50:33.872137+09:00,시의회 앞,시의회 앞,POI130,KEY_1,종로 동아일보미디어센터,EP240036,서울특별시 종로구 청계천로 1,126.9780203,37.5695464,24시간 이용가능,Y,N,시설 상황에 따라 이용이 제한될 수 있음,기타
2026-06-26T05:50:33.872137+09:00,시의회 앞,시의회 앞,POI130,KEY_1,한국프레스센터,EC110009,서울특별시 중구 세종대로 124,126.9778737,37.5674199,24시간 이용가능,Y,N,,공공기관
2026-06-26T05:50:33.872137+09:00,신논현역·논현역,신논현역·논현역,POI037,KEY_2,더채플논현빌딩,AM900044,서울특별시 강남구 논현로 549,127.02599437,37.505084699,24시간 이용가능,N,N,,음식점
2026-06-26T05:50:33.872137+09:00,신논현역·논현역,신논현역·논현역,POI037,KEY_2,호텔더디자이너스리즈강남프리미어,EP020102,서울특별시 강남구 봉은사로 113,127.02587864,37.505266665,24시간 이용가능,Y,N,,기타
2026-06-26T05:50:33.872137+09:00,신논현역·논현역,신논현역·논현역,POI037,KEY_2,호텔더디자이너스리즈강남프리미어(ino),EK221028,서울특별시 강남구 봉은사로 113,127.0258786,37.5052667,24시간 이용가능,Y,N,,숙박시설
2026-06-26T05:50:33.872137+09:00,신촌·이대역,신촌·이대역,POI040,KEY_2,마포 맹그로브신촌(AMANO),EP021319,서울특별시 마포구 서강로 121,126.934014,37.55394632,24시간 이용가능,Y,N,,기타
2026-06-26T05:50:33.872137+09:00,신촌·이대역,신촌·이대역,POI040,KEY_2,서울서대문 더이음오피스텔,EV010282,서울특별시 서대문구 신촌로 63,126.9337562,37.5566118,24시간 이용가능,Y,N,외부인 사용불가,아파트
2026-06-26T05:50:33.872137+09:00,신촌·이대역,신촌·이대역,POI040,KEY_2,서울서대문 더이음오피스텔,EV010282,서울특별시 서대문구 신촌로 63,126.9337562,37.5566118,24시간 이용가능,Y,Y,외부인 사용불가,아파트
2026-06-26T05:50:33.872137+09:00,신촌·이대역,신촌·이대역,POI040,KEY_2,창천공영주차장,ME183004,"서울특별시 마포구 노고산동 33-1, B3 28",126.9389738,37.55493,24시간 이용가능,N,N,,공영주차장
2026-06-26T05:50:33.872137+09:00,신촌·이대역,신촌·이대역,POI040,KEY_2,현대백화점 신촌점(본관),EV001940,서울특별시 서대문구 신촌로 83,126.9358437,37.556081,24시간 이용가능,N,N,,백화점
2026-06-26T05:50:33.872137+09:00,신촌·이대역,신촌·이대역,POI040,KEY_2,현대백화점유플렉스 신촌점,EV001941,서울특별시 서대문구 연세로 13,126.9365584,37.556737,08:00~24:00,N,N,,백화점
2026-06-26T05:50:33.872137+09:00,쌍문역,쌍문역,POI070,KEY_3,도봉구 쌍문1동 제1공영주차장,BNBN0840,서울특별시 도봉구 우이천로38길 94 (쌍문동),127.0331174,37.6486904,~,N,N,시설 상황에 따라 이용이 제한될 수 있음,공영주차장
2026-06-26T05:50:33.872137+09:00,쌍문역,쌍문역,POI070,KEY_3,창1동 1공영주차장,BT000172,서울특별시 도봉구 도봉로112길 43,127.0371817,37.6471281,24시간 이용가능,N,N,,공영주차장
2026-06-26T05:50:33.872137+09:00,쌍문역,쌍문역,POI070,KEY_3,창동현대타운 101동 B3,EC002299,서울특별시 도봉구 도봉로114길 22-8,127.0352696,37.6471182,24시간 이용가능,Y,N,,아파트
2026-06-26T05:50:33.872137+09:00,역삼역,역삼역,POI042,KEY_1,더원역삼아파트,CU200029,서울특별시 강남구 논현로 423,127.037921,37.4978331,24시간 이용가능,Y,N,,아파트
2026-06-26T05:50:33.872137+09:00,역삼역,역삼역,POI042,KEY_1,서울 도미노피자본사,EP240020,서울특별시 강남구 역삼로25길 35,127.0388572,37.4983709,05:00~23:00,Y,N,,기타
2026-06-26T05:50:33.872137+09:00,역삼역,역삼역,POI042,KEY_1,아세아타워빌딩1,CV001284,서울특별시 강남구 논현로 430,127.038455,37.499563,24시간 이용가능,N,N,,사업장(사옥)
2026-06-26T05:50:33.872137+09:00,역삼역,역삼역,POI042,KEY_1,아세아타워빌딩2,CV000605,서울특별시 강남구 논현로 430,127.038455,37.499563,24시간 이용가능,N,N,,사업장(사옥)
2026-06-26T05:50:33.872137+09:00,역삼역,역삼역,POI042,KEY_1,아주빌딩,CV000289,서울특별시 강남구 테헤란로 201,127.0371562,37.501254,00:00~24:00,N,N,,사업장(사옥)
2026-06-26T05:50:33.872137+09:00,역삼역,역삼역,POI042,KEY_1,역삼경남아너스빌아파트,EV001933,"서울특별시 강남구 언주로85길 13 (역삼동, 경남아파트)",127.0423817,37.500567,"24시간 이용가능,입주민만 사용가능 거주자 외 출입제한",Y,N,,아파트
2026-06-26T05:50:33.872137+09:00,오목교역·목동운동장,오목교역·목동운동장,POI044,KEY_3,HK타워,CSSGI027,서울특별시 양천구 신목로 88,126.8750,37.5224,24시간 이용가능,Y,N,,골프장(CC)
2026-06-26T05:50:33.872137+09:00,오목교역·목동운동장,오목교역·목동운동장,POI044,KEY_3,HK타워,CSSGI027,서울특별시 양천구 신목로 88,126.8750,37.5224,24시간 이용가능,Y,Y,.,골프장(CC)
2026-06-26T05:50:33.872137+09:00,오목교역·목동운동장,오목교역·목동운동장,POI044,KEY_3,목1동주민센터,EV000514,서울특별시 양천구 목동서로 192,126.8711885,37.5303645,평일 09시~18시 이용가능,Y,N,,주민센터
2026-06-26T05:50:33.872137+09:00,오목교역·목동운동장,오목교역·목동운동장,POI044,KEY_3,목5동주민센터,EV000515,서울특별시 양천구 목동서로 41,126.8817174,37.5371835,평일 09시~18시 이용가능,Y,N,,주민센터
2026-06-26T05:50:33.872137+09:00,오목교역·목동운동장,오목교역·목동운동장,POI044,KEY_3,목동SBS,CV003473,서울특별시 양천구 목동서로 161,126.873548,37.52916,24시간 이용가능,Y,N,,기타
2026-06-26T05:50:33.872137+09:00,오목교역·목동운동장,오목교역·목동운동장,POI044,KEY_3,목동SBS,CV004034,서울특별시 양천구 목동서로 161,126.873548,37.52916,24시간 이용가능,Y,Y,시설 사용자 외 이용제한 있을 수 있음,기타
2026-06-26T05:50:33.872137+09:00,오목교역·목동운동장,오목교역·목동운동장,POI044,KEY_3,목동체비지주차장,EC001012,서울특별시 양천구 목동서로 45,126.8810188,37.5371662,24시간 이용가능,N,N,,공영주차장
2026-06-26T05:50:33.872137+09:00,오목교역·목동운동장,오목교역·목동운동장,POI044,KEY_3,목동현대파크빌1(지하2_3층,EP190061,서울특별시 양천구 목동동로 391,126.8802712,37.5358738,24시간 이용가능/외부인 출입제한,Y,Y,거주자외 출입제한,아파트
2026-06-26T05:50:33.872137+09:00,오목교역·목동운동장,오목교역·목동운동장,POI044,KEY_3,목동현대파크빌1(지하2_3층,EP190061,서울특별시 양천구 목동동로 391,126.8802712,37.5358738,24시간 이용가능/외부인 출입제한,Y,Y,시설 상황에 따라 이용이 제한될 수 있음,아파트
2026-06-26T05:50:33.872137+09:00,오목교역·목동운동장,오목교역·목동운동장,POI044,KEY_3,목운중학교,CU201003,서울특별시 양천구 목동동로 235,126.8724588,37.5272338,24시간 이용가능,N,Y,학교 교직원으로 제한,학교
2026-06-26T05:50:33.872137+09:00,오목교역·목동운동장,오목교역·목동운동장,POI044,KEY_3,부영그린타운1차1(지하5층),EP190101,서울특별시 양천구 목동동로 393,126.8800535,37.5361835,24시간 이용가능(거주자외 출입제한),Y,Y,거주자외 출입제한,아파트
2026-06-26T05:50:33.872137+09:00,오목교역·목동운동장,오목교역·목동운동장,POI044,KEY_3,서울양천 목동트라팰리스1,EV008906,서울특별시 양천구 오목로 299,126.87017893,37.526040889,24시간 이용가능,Y,N,외부인 출입불가,아파트
2026-06-26T05:50:33.872137+09:00,오목교역·목동운동장,오목교역·목동운동장,POI044,KEY_3,서울양천 목동트라팰리스1,EV008906,서울특별시 양천구 오목로 299,126.87017893,37.526040889,24시간 이용가능,Y,Y,외부인 출입불가,아파트
2026-06-26T05:50:33.872137+09:00,오목교역·목동운동장,오목교역·목동운동장,POI044,KEY_3,서울양천 목동트라팰리스2,EV008907,서울특별시 양천구 오목로 299,126.8703553,37.5260837,24시간 이용가능,Y,N,외부인 출입불가,아파트
2026-06-26T05:50:33.872137+09:00,오목교역·목동운동장,오목교역·목동운동장,POI044,KEY_3,서울양천 목동트라팰리스2,EV008907,서울특별시 양천구 오목로 299,126.8703553,37.5260837,24시간 이용가능,Y,Y,외부인 출입불가,아파트
2026-06-26T05:50:33.872137+09:00,오목교역·목동운동장,오목교역·목동운동장,POI044,KEY_3,서울양천 목동파라곤오피스텔,EV010981,서울특별시 양천구 목동서로 155,126.875072,37.5299956,24시간 이용가능,Y,N,,아파트
2026-06-26T05:50:33.872137+09:00,오목교역·목동운동장,오목교역·목동운동장,POI044,KEY_3,서울양천 목동현대월드타워 1,EV001279,서울특별시 양천구 목동서로 77,126.8780399,37.5359869,24시간 이용가능/입주민만 사용가능,Y,N,,아파트
2026-06-26T05:50:33.872137+09:00,오목교역·목동운동장,오목교역·목동운동장,POI044,KEY_3,서울양천 현대하이페리온2,EV006148,서울특별시 양천구 오목로 300,126.8700225,37.5248304,24시간 이용가능,N,N,외부인 사용불가,아파트
2026-06-26T05:50:33.872137+09:00,오목교역·목동운동장,오목교역·목동운동장,POI044,KEY_3,양천구 목동종합운동장,CV002165,서울특별시 양천구 안양천로 939,126.8800785,37.5292903,24시간 이용가능,N,N,,경기장
2026-06-26T05:50:33.872137+09:00,오목교역·목동운동장,오목교역·목동운동장,POI044,KEY_3,양천구 목동종합운동장 다목적경기장,CV001834,서울특별시 양천구 안양천로 939,126.882193,37.529438,24시간 이용가능,N,N,,경기장
2026-06-26T05:50:33.872137+09:00,오목교역·목동운동장,오목교역·목동운동장,POI044,KEY_3,양천파리공원,CU201005,서울특별시 양천구 목동동로 363,126.8761365,37.5338904,24시간 이용가능,N,Y,시설 상황에 따라 이용이 제한될 수 있음,공영주차장
2026-06-26T05:50:33.872137+09:00,오목교역·목동운동장,오목교역·목동운동장,POI044,KEY_3,한국방송회관,EC001045,서울특별시 양천구 목동동로 233,126.8714529,37.5269343,24시간 이용가능,N,N,,지자체시설
2026-06-26T05:50:33.872137+09:00,오목교역·목동운동장,오목교역·목동운동장,POI044,KEY_3,현대1차아파트,ER000458,서울 양천구 목동동로 240,126.8727860,37.5261442,24시간 이용가능,Y,Y,거주자 외 출입이 제한될 수 있음,아파트
2026-06-26T05:50:33.872137+09:00,오목교역·목동운동장,오목교역·목동운동장,POI044,KEY_3,현대백화점 목동점,ME20A301,서울특별시 양천구 목동동로 257,126.875324,37.526755,10:30~22:00,N,N,,백화점
2026-06-26T05:50:33.872137+09:00,용산역,용산역,POI046,KEY_1,BYD 용산 전시장,EABYDYS0,서울특별시 용산구 청파로 74,126.95955853,37.53278885,24시간 이용가능,Y,N,,기타
2026-06-26T05:50:33.872137+09:00,용산역,용산역,POI046,KEY_1,나진전자월드상가,CV003226,서울특별시 용산구 청파로 109,126.96337299,37.533687999,24시간 이용가능,N,N,,기타
2026-06-26T05:50:33.872137+09:00,용산역,용산역,POI046,KEY_1,농협은행 용산별관,EV011124,서울특별시 용산구 청파로 122,126.96473300,37.533174610,24시간 이용가능,Y,N,,아파트
2026-06-26T05:50:33.872137+09:00,용산역,용산역,POI046,KEY_1,래미안용산더센트럴 지하8층,EC100001,서울특별시 용산구 한강대로 95,126.9671051,37.5290233,24시간 이용가능,Y,N,,아파트
2026-06-26T05:50:33.872137+09:00,용산역,용산역,POI046,KEY_1,용산 서울 드래곤시티(B3F),CG000017,서울특별시 용산구 청파로20길 95,126.9627641,37.5318165,24시간 이용가능,N,N,,숙박시설
2026-06-26T05:50:33.872137+09:00,용산역,용산역,POI046,KEY_1,용산드래곤시티,CI0I000D,서울특별시 용산구 청파로20길 95,126.9608486,37.5321767,24시간 이용가능,Y,N,,기타
2026-06-26T05:50:33.872137+09:00,용산역,용산역,POI046,KEY_1,용산주차빌딩,CV001043,서울특별시 용산구 새창로49길 42,126.965343,37.534336,24시간 이용가능,N,N,,공영주차장
2026-06-26T05:50:33.872137+09:00,용산역,용산역,POI046,KEY_1,용산푸르지오 써밋,CV004691,서울특별시 용산구 한강대로 69,126.96435,37.529713,24시간 이용가능,N,N,,아파트
2026-06-26T05:50:33.872137+09:00,용산역,용산역,POI046,KEY_1,전자상가제1공영주차장,BT000153,서울특별시 용산구 새창로 170-4,126.9632615,37.5324193,24시간 이용가능,N,N,,공영주차장
2026-06-26T05:50:33.872137+09:00,용산역,용산역,POI046,KEY_1,전자상가제2공영주차장,BT000152,서울특별시 용산구 새창로 170-4,126.9632615,37.5324193,24시간 이용가능,N,N,,공영주차장
2026-06-26T05:50:33.872137+09:00,용산역,용산역,POI046,KEY_1,전자상가제3공영주차장,BT000151,서울특별시 용산구 청파로 74,126.9595585,37.53278886,24시간 이용가능,N,N,,공영주차장
2026-06-26T05:50:33.872137+09:00,용산역,용산역,POI046,KEY_1,전자상가제5공영주차장,BT000134,서울특별시 용산구 청파로 101,126.9623218,37.53334641,24시간 이용가능,N,N,,공영주차장
2026-06-26T05:50:33.872137+09:00,장지역,장지역,POI048,KEY_1,서울송파 가든파이브웍스1(B3)(급속),EV004799,서울특별시 송파구 충민로 52,127.122746,37.4777176,24시간 이용가능,Y,N,,마트(쇼핑몰)
2026-06-26T05:50:33.872137+09:00,장지역,장지역,POI048,KEY_1,아우디_송파대로 전시장(코오롱아우토),CV000762,서울특별시 송파구 충민로2길 8,127.126311,37.479341,09:00~18:00,Y,N,,서비스센터
2026-06-26T05:50:33.872137+09:00,장한평역,장한평역,POI049,KEY_2,NH농협은행 장안평금융센터,CV004337,서울특별시 동대문구 장한로 6,127.065433,37.561828,24시간 이용가능,Y,N,,금융기관
2026-06-26T05:50:33.872137+09:00,장한평역,장한평역,POI049,KEY_2,북한연구소주차장,CV004593,서울특별시 동대문구 장한로 21,127.0657727,37.563625,24시간 이용가능,N,N,,일반주차장
2026-06-26T05:50:33.872137+09:00,장한평역,장한평역,POI049,KEY_2,서울 아마노 장안스피존 주차장,AH000094,서울특별시 동대문구 장한로2길 33,127.0672183,37.5622935,24시간 이용가능,N,N,,일반주차장
2026-06-26T05:50:33.872137+09:00,장한평역,장한평역,POI049,KEY_2,서울성동_신창비바패밀리오피스텔,EV003510,서울특별시 성동구 천호대로 400,127.0633215,37.5612965,"24시간 이용가능, 아파트 입주민만 사용가능",Y,N,외부인 사용불가,아파트
2026-06-26T05:50:33.872137+09:00,장한평역,장한평역,POI049,KEY_2,아우디_동대문 전시장&서비스센터(고진모터스),CV002464,서울특별시 동대문구 천호대로 445,127.068352,37.561267,09:00~18:00,Y,N,,서비스센터
2026-06-26T05:50:33.872137+09:00,장한평역,장한평역,POI049,KEY_2,카서울닷컴,EC110042,서울특별시 성동구 자동차시장1길 96,127.0684152,37.5598669,24시간 이용가능,N,N,,기타
2026-06-26T05:50:33.872137+09:00,장한평역,장한평역,POI049,KEY_2,포르쉐 센터 세영모빌리티 성수서비스센터,CV004395,서울 성동구 가람길 283(용답동),127.0689470,37.5592970,09:00~18:00,N,Y,외부인 출입불가,서비스센터
2026-06-26T05:50:33.872137+09:00,장한평역,장한평역,POI049,KEY_2,포르쉐 센터 세영모빌리티 성수스튜디오,CV004394,"서울 성동구 천호대로 454(용답동, 포르쉐)",127.0692880,37.5604982,09:00~18:00,N,Y,외부인 출입불가,기타
2026-06-26T05:50:33.872137+09:00,천호역,천호역,POI050,KEY_3,강동비오르,CPCT0036,서울특별시 강동구 구천면로 183,127.1254,37.5412,24시간 이용가능,Y,N,시설 상황에 따라 이용이 제한될 수 있음,기타
2026-06-26T05:50:33.872137+09:00,천호역,천호역,POI050,KEY_3,뉴코아팩토리아울렛 천호점,EC110109,서울특별시 강동구 구천면로 189,127.12587933,37.541008488,24시간 이용가능,N,N,,백화점
2026-06-26T05:50:33.872137+09:00,천호역,천호역,POI050,KEY_3,서울강동 대우한강베네시티,EV006692,서울특별시 강동구 올림픽로 664,127.1249758,37.5405554,24시간 이용가능,Y,N,외부인 사용불가,아파트
2026-06-26T05:50:33.872137+09:00,천호역,천호역,POI050,KEY_3,서울시 천호역공영주차장(급속),EV003437,서울특별시 강동구 천호대로 지하 997,127.1237424,37.538579,24시간 이용가능,N,N,,공영주차장
2026-06-26T05:50:33.872137+09:00,천호역,천호역,POI050,KEY_3,천호 두산위브센티움(B5F),CGA00037,서울특별시 강동구 올림픽로70길 61,127.1269895,37.5394018,24시간 이용가능,Y,N,,아파트
2026-06-26T05:50:33.872137+09:00,천호역,천호역,POI050,KEY_3,천호 브라운스톤(1F/B6F),CGA00061,서울특별시 강동구 천호대로 1006,127.123789,37.5380514,24시간 이용가능,Y,Y,입주자외 출입제한,오피스텔
2026-06-26T05:50:33.872137+09:00,천호역,천호역,POI050,KEY_3,천호역공영주차장,CV002673,서울특별시 강동구 천호대로 997,127.125109,37.538494,24시간 이용가능,N,N,,공영주차장
2026-06-26T06:41:28.620740+09:00,광화문·덕수궁,광화문·덕수궁,POI009,KEY_2,경복궁주차장,CV002874,서울특별시 종로구 사직로 161,126.97872741,37.577568439,06:00 ~ 23:00,N,N,,관광지
2026-06-26T06:41:28.620740+09:00,광화문·덕수궁,광화문·덕수궁,POI009,KEY_2,서울도시기반시설본부,CV000259,서울특별시 중구 청계천로 8,126.978292,37.5688401,07:00~19:00,N,N,,공공기관
2026-06-26T06:41:28.620740+09:00,광화문·덕수궁,광화문·덕수궁,POI009,KEY_2,서울신문사 급속충전소,EP210068,서울특별시 중구 세종대로 124,126.9778737,37.5674199,24시간 이용가능,Y,N,시설 상황에 따라 이용이 제한될 수 있음,사업장(사옥)
2026-06-26T06:41:28.620740+09:00,광화문·덕수궁,광화문·덕수궁,POI009,KEY_2,서울종로 세종로공영주차장1,EV003446,서울특별시 종로구 세종대로 지하189,126.9759148,37.5733741,24시간 이용가능,N,N,,공영주차장
2026-06-26T06:41:28.620740+09:00,광화문·덕수궁,광화문·덕수궁,POI009,KEY_2,서울종로 세종로공영주차장2,EV011538,서울특별시 종로구 세종대로 지하189,126.9759604,37.5734304,24시간 이용가능,Y,N,,공영주차장
2026-06-26T06:41:28.620740+09:00,광화문·덕수궁,광화문·덕수궁,POI009,KEY_2,서울종로 세종로공영주차장3,EV011521,서울특별시 종로구 세종대로 지하189,126.9763862,37.5738605,24시간 이용가능,Y,N,,공영주차장
2026-06-26T06:41:28.620740+09:00,광화문·덕수궁,광화문·덕수궁,POI009,KEY_2,서울종로 세종로공영주차장4,EV011522,서울특별시 종로구 세종대로 지하189,126.976307,37.5737276,24시간 이용가능,Y,N,,공영주차장
2026-06-26T06:41:28.620740+09:00,광화문·덕수궁,광화문·덕수궁,POI009,KEY_2,서울종로 세종로공영주차장5,EV011523,서울특별시 종로구 세종대로 지하189,126.9763099,37.5734911,24시간 이용가능,Y,N,,공영주차장
2026-06-26T06:41:28.620740+09:00,광화문·덕수궁,광화문·덕수궁,POI009,KEY_2,서울종로 세종로공영주차장6,EV011524,서울특별시 종로구 세종대로 지하189,126.9762505,37.5733447,24시간 이용가능,Y,N,,공영주차장
2026-06-26T06:41:28.620740+09:00,광화문·덕수궁,광화문·덕수궁,POI009,KEY_2,워터 서울 광화문,BE111108,서울특별시 종로구 종로1길 50,126.978913,37.574641,24시간 이용가능,N,N,,기타
2026-06-26T06:41:28.620740+09:00,광화문·덕수궁,광화문·덕수궁,POI009,KEY_2,종로 동아일보미디어센터,EP240036,서울특별시 종로구 청계천로 1,126.9780203,37.5695464,24시간 이용가능,Y,N,시설 상황에 따라 이용이 제한될 수 있음,기타
2026-06-26T06:41:28.620740+09:00,광화문·덕수궁,광화문·덕수궁,POI009,KEY_2,한국무역보험공사 종로,BNAB0301,서울특별시 종로구 종로 14,126.978871,37.569774,19:00~22:00,N,N,시설 상황에 따라 이용이 제한될 수 있음,기타
2026-06-26T06:41:28.620740+09:00,광화문·덕수궁,광화문·덕수궁,POI009,KEY_2,한국프레스센터,EC110009,서울특별시 중구 세종대로 124,126.9778737,37.5674199,24시간 이용가능,Y,N,,공공기관
2026-06-26T06:41:28.620740+09:00,창덕궁·종묘,창덕궁·종묘,POI012,KEY_1,서울시 종묘공영주차장(급속),EV003444,서울특별시 종로구 종로 157,126.9948635,37.5731335,24시간 이용가능,N,N,,공영주차장
2026-06-26T06:41:28.620740+09:00,창덕궁·종묘,창덕궁·종묘,POI012,KEY_1,서울종로 인의빌딩,EV008451,서울특별시 종로구 창경궁로 112-7,126.9980775,37.5725688,24시간 이용가능,Y,N,외부인 출입불가,아파트
2026-06-26T06:41:28.620740+09:00,창덕궁·종묘,창덕궁·종묘,POI012,KEY_1,서울하나손해보험빌딩,AM900049,서울특별시 종로구 창경궁로 117,126.9970973,37.57280393,24시간 이용가능,N,N,,일반주차장
2026-06-26T06:41:28.620740+09:00,창덕궁·종묘,창덕궁·종묘,POI012,KEY_1,종묘공영주차장,CV001050,서울특별시 종로구 종로 157,126.995828,37.5709841,24시간 이용가능,N,N,,공영주차장
2026-06-26T06:41:28.620740+09:00,동대문 관광특구,동대문 관광특구,POI002,KEY_3,서울시 동대문공영주차장(급속),EV003445,서울특별시 중구 마장로 22,127.01211146,37.567265557,24시간 이용가능,N,N,,공영주차장
2026-06-26T06:41:28.620740+09:00,동대문 관광특구,동대문 관광특구,POI002,KEY_3,중구 중구구민회관 부설주차장,BNBN0270,"서울특별시 중구 을지로39길 40 (을지로6가, 구민회관)",127.0060501,37.5684795,0000~0000,N,N,시설 상황에 따라 이용이 제한될 수 있음,사업장(사옥)
2026-06-26T06:41:28.620740+09:00,명동 관광특구,명동 관광특구,POI003,KEY_4,SK텔레콤 T-타워B3,EV003214,서울특별시 중구 을지로 65,126.98546919,37.566627019,24시간 이용가능/소유주제한에따름,N,N,외부인 사용불가,사업장(사옥)
2026-06-26T06:41:28.620740+09:00,명동 관광특구,명동 관광특구,POI003,KEY_4,SK텔레콤 T-타워B4,EV003215,서울특별시 중구 을지로 65,126.98544659,37.566473847,24시간 이용가능/소유주제한에따름,N,N,외부인 사용불가,사업장(사옥)
2026-06-26T06:41:28.620740+09:00,명동 관광특구,명동 관광특구,POI003,KEY_4,SK텔레콤 T-타워B5,EV003216,서울특별시 중구 을지로 65,126.98543530,37.566325181,24시간 이용가능/소유주제한에따름,N,N,외부인 사용불가,사업장(사옥)
2026-06-26T06:41:28.620740+09:00,명동 관광특구,명동 관광특구,POI003,KEY_4,SK텔레콤 T-타워B5,EV003216,서울특별시 중구 을지로 65,126.98543530,37.566325181,24시간 이용가능/소유주제한에따름,N,Y,외부인 사용불가,사업장(사옥)
2026-06-26T06:41:28.620740+09:00,명동 관광특구,명동 관광특구,POI003,KEY_4,삼익패션타운,EC004819,서울특별시 중구 남대문시장8길 7,126.9788327,37.5601443,24시간 이용가능,Y,N,,사업장(사옥)
2026-06-26T06:41:28.620740+09:00,명동 관광특구,명동 관광특구,POI003,KEY_4,서울도시기반시설본부,CV000259,서울특별시 중구 청계천로 8,126.978292,37.5688401,07:00~19:00,N,N,,공공기관
2026-06-26T06:41:28.620740+09:00,명동 관광특구,명동 관광특구,POI003,KEY_4,서울신문사 급속충전소,EP210068,서울특별시 중구 세종대로 124,126.9778737,37.5674199,24시간 이용가능,Y,N,시설 상황에 따라 이용이 제한될 수 있음,사업장(사옥)
2026-06-26T06:41:28.620740+09:00,명동 관광특구,명동 관광특구,POI003,KEY_4,서울중앙우체국청사,EC004965,서울특별시 중구 소공로 70,126.982169,37.5615987,24시간 이용가능,Y,N,,공공기관
2026-06-26T06:41:28.620740+09:00,명동 관광특구,명동 관광특구,POI003,KEY_4,페럼타워,CV003940,서울특별시 중구 을지로5길 19,126.984149,37.566935,05:00 ~ 24:00,N,N,,사업장(사옥)
2026-06-26T06:41:28.620740+09:00,명동 관광특구,명동 관광특구,POI003,KEY_4,포르쉐 HPC 데스티네이션 서울 웨스틴 조선 호텔 지상1층,CV000888,서울특별시 중구 소공로 106,126.980205,37.564463,09:00~18:00,Y,N,,숙박시설
2026-06-26T06:41:28.620740+09:00,명동 관광특구,명동 관광특구,POI003,KEY_4,포르쉐 HPC 데스티네이션 서울 웨스틴 조선 호텔 지하4층,CV002057,서울특별시 중구 소공로 106,126.980135,37.5648873,09:00~18:00,Y,N,,서비스센터
2026-06-26T06:41:28.620740+09:00,명동 관광특구,명동 관광특구,POI003,KEY_4,하나은행 명동사옥 (급속),EP210350,서울특별시 중구 을지로 66,126.9850107,37.5651546,24시간 이용가능,N,N,시설 상황에 따라 이용이 제한될 수 있음,금융기관
2026-06-26T06:41:28.620740+09:00,명동 관광특구,명동 관광특구,POI003,KEY_4,하나은행 을지로본점 급속충전소,EP230196,"서울 중구 을지로 35 (을지로1가, (주)하나은행 본점)",126.9818658,37.5664918,24시간 이용가능,N,N,시설 상황에 따라 이용이 제한될 수 있음,금융기관
2026-06-26T06:41:28.620740+09:00,명동 관광특구,명동 관광특구,POI003,KEY_4,한국프레스센터,EC110009,서울특별시 중구 세종대로 124,126.9778737,37.5674199,24시간 이용가능,Y,N,,공공기관
2026-06-26T06:41:28.620740+09:00,잠실 관광특구,잠실 관광특구,POI005,KEY_2,서울송파 신동아로쟌뷰,EV005690,서울특별시 송파구 석촌호수로 188,127.0980153,37.50623,24시간 이용가능,N,N,"외부인 사용불가, 주차비유료",아파트
2026-06-26T06:41:28.620740+09:00,잠실 관광특구,잠실 관광특구,POI005,KEY_2,서울송파 한성백제박물관(급속),EV008986,서울특별시 송파구 위례성대로 71,127.1208007,37.5154287,09:00~22:00만 이용가능,N,N,09:00~22:00만 이용가능,박물관
2026-06-26T06:41:28.620740+09:00,잠실 관광특구,잠실 관광특구,POI005,KEY_2,서울송파 한성백제박물관(완속),EV008987,서울특별시 송파구 위례성대로 71,127.1199196,37.5155051,09:00~22:00만 이용가능,N,N,09:00~22:00만 이용가능,박물관
2026-06-26T06:41:28.620740+09:00,잠실 관광특구,잠실 관광특구,POI005,KEY_2,서울시 잠실역공영주차장(급속),EV003440,서울특별시 송파구 올림픽로 지하 265,127.1018579,37.5138593,24시간 이용가능,N,N,,공영주차장
2026-06-26T06:41:28.620740+09:00,잠실 관광특구,잠실 관광특구,POI005,KEY_2,서울올림픽공원 남2문주차장,ME19X403,서울특별시 송파구 올림픽로,127.123837,37.514973,24시간 이용가능,Y,N,,공원
2026-06-26T06:41:28.620740+09:00,잠실 관광특구,잠실 관광특구,POI005,KEY_2,석촌호수효성해링턴타워,DL000014,서울특별시 송파구 석촌호수로 210,127.1003,37.50656,24시간 이용가능,N,N,,오피스텔
2026-06-26T06:41:28.620740+09:00,잠실 관광특구,잠실 관광특구,POI005,KEY_2,올림픽공원,ME19A152,서울특별시 송파구 올림픽로 424,127.115847,37.5171577,24시간 이용가능,N,N,,공원
2026-06-26T06:41:28.620740+09:00,잠실 관광특구,잠실 관광특구,POI005,KEY_2,잠실엘퍼스트오피스텔,CA000106,서울특별시 송파구 백제고분로51길 7,127.11466980,37.515822625,24시간 이용가능,N,Y,거주자 외 출입제한,오피스텔
2026-06-26T06:41:28.620740+09:00,잠실 관광특구,잠실 관광특구,POI005,KEY_2,효성올림픽카운티,DL000052,서울특별시 송파구 백제고분로 497,127.1146,37.5149,24시간 이용가능,Y,N,,아파트
2026-06-26T06:41:28.620740+09:00,종로·청계 관광특구,종로·청계 관광특구,POI006,KEY_3,종로 동아일보미디어센터,EP240036,서울특별시 종로구 청계천로 1,126.9780203,37.5695464,24시간 이용가능,Y,N,시설 상황에 따라 이용이 제한될 수 있음,기타
2026-06-26T06:41:28.620740+09:00,종로·청계 관광특구,종로·청계 관광특구,POI006,KEY_3,한국무역보험공사 종로,BNAB0301,서울특별시 종로구 종로 14,126.978871,37.569774,19:00~22:00,N,N,시설 상황에 따라 이용이 제한될 수 있음,기타
2026-06-26T06:41:28.620740+09:00,홍대 관광특구,홍대 관광특구,POI007,KEY_4,마포 동양한강트레벨오피스텔(B3F),CGA00022,서울특별시 마포구 양화로 56,126.9150619,37.5497514,24시간 이용가능,Y,Y,거주자외 출입제한,오피스텔
2026-06-26T06:41:28.620740+09:00,홍대 관광특구,홍대 관광특구,POI007,KEY_4,마포 메세나폴리스아파트,EV000122,서울특별시 마포구 양화로 45,126.913952,37.5515013,"24시간 이용가능,입주민만 사용가능 거주자외출입제한",Y,N,,아파트
2026-06-26T06:41:28.620740+09:00,홍대 관광특구,홍대 관광특구,POI007,KEY_4,서울마포 LC타워,EV006436,서울특별시 마포구 양화로 186,126.9258931,37.5576685,24시간 이용가능,N,N,외부인 사용불가,아파트
2026-06-26T06:41:28.620740+09:00,홍대 관광특구,홍대 관광특구,POI007,KEY_4,세아타워 지하4층 주차장-1,EC003240,서울특별시 마포구 양화로 45,126.91357,37.5501103,24시간 이용가능,N,N,,마트(쇼핑몰)
2026-06-26T06:41:28.620740+09:00,홍대 관광특구,홍대 관광특구,POI007,KEY_4,세아타워 지하4층 주차장-2,EC003241,서울특별시 마포구 양화로 45,126.9135587,37.5500697,24시간 이용가능,N,N,,마트(쇼핑몰)
2026-06-26T06:41:28.620740+09:00,홍대 관광특구,홍대 관광특구,POI007,KEY_4,영화진흥위원회,EP210306,서울특별시 마포구 와우산로 143,126.9289464,37.5542498,24시간 이용가능,Y,N,,사업장(사옥)
2026-06-26T06:41:28.620740+09:00,홍대 관광특구,홍대 관광특구,POI007,KEY_4,채비스테이 홍대,CV004090,서울특별시 마포구 양화로 85,126.917072,37.552269,24시간 이용가능,Y,N,,카페
2026-06-26T06:41:28.620740+09:00,광화문광장,광화문광장,POI088,KEY_4,서울종로 세종로공영주차장1,EV003446,서울특별시 종로구 세종대로 지하189,126.9759148,37.5733741,24시간 이용가능,N,N,,공영주차장
2026-06-26T06:41:28.620740+09:00,광화문광장,광화문광장,POI088,KEY_4,서울종로 세종로공영주차장2,EV011538,서울특별시 종로구 세종대로 지하189,126.9759604,37.5734304,24시간 이용가능,Y,N,,공영주차장
2026-06-26T06:41:28.620740+09:00,광화문광장,광화문광장,POI088,KEY_4,서울종로 세종로공영주차장3,EV011521,서울특별시 종로구 세종대로 지하189,126.9763862,37.5738605,24시간 이용가능,Y,N,,공영주차장
2026-06-26T06:41:28.620740+09:00,광화문광장,광화문광장,POI088,KEY_4,서울종로 세종로공영주차장4,EV011522,서울특별시 종로구 세종대로 지하189,126.976307,37.5737276,24시간 이용가능,Y,N,,공영주차장
2026-06-26T06:41:28.620740+09:00,광화문광장,광화문광장,POI088,KEY_4,서울종로 세종로공영주차장5,EV011523,서울특별시 종로구 세종대로 지하189,126.9763099,37.5734911,24시간 이용가능,Y,N,,공영주차장
2026-06-26T06:41:28.620740+09:00,광화문광장,광화문광장,POI088,KEY_4,서울종로 세종로공영주차장6,EV011524,서울특별시 종로구 세종대로 지하189,126.9762505,37.5733447,24시간 이용가능,Y,N,,공영주차장
2026-06-26T06:41:28.620740+09:00,남산공원,남산공원,POI091,KEY_3,국립극장,DO000048,서울특별시 중구 장충단로 59,127.000269,37.553619,24시간 이용가능,Y,N,,공연장
2026-06-26T06:41:28.620740+09:00,남산공원,남산공원,POI091,KEY_3,국립중앙극장-1,ME22D402,서울특별시 중구 장충단로59,127.0001305,37.5528698,부분개방(07:00~23:00),N,N,,공연장
2026-06-26T06:41:28.620740+09:00,남산공원,남산공원,POI091,KEY_3,국립중앙극장-2,ME22D134,서울특별시 중구 장충단로59,127.0001305,37.5528698,부분개방(07:00~23:00),N,N,,공연장
2026-06-26T06:41:28.620740+09:00,남산공원,남산공원,POI091,KEY_3,반얀트리클럽앤스파,CV001949,서울특별시 중구 장충단로 60,127.0006792,37.5503802,24시간 이용가능,N,Y,시설 사용자 외 이용이 제한될 수 있음,숙박시설
2026-06-26T06:41:28.620740+09:00,남산공원,남산공원,POI091,KEY_3,서울시 민생사법경찰단,EV011233,서울특별시 중구 삼일대로 231,126.9922176,37.5556326,24시간 이용가능,Y,N,외부인 사용불가,아파트
2026-06-26T06:41:28.620740+09:00,남산공원,남산공원,POI091,KEY_3,서울시 민생사법경찰단,EV011233,서울특별시 중구 삼일대로 231,126.9922176,37.5556326,24시간 이용가능,Y,Y,외부인 사용불가,아파트
2026-06-26T06:41:28.620740+09:00,남산공원,남산공원,POI091,KEY_3,서울중구 장충체육관,EV008991,서울특별시 중구 동호로 241,127.0066775,37.5586407,24시간 이용가능,N,N,외부인 사용불가,기타
2026-06-26T06:41:28.620740+09:00,북서울꿈의숲,북서울꿈의숲,POI096,KEY_1,서울강북 꿈의숲롯데캐슬1,EV008508,서울특별시 강북구 오현로 56,127.0364759,37.6184116,24시간 이용가능,Y,N,외부인 출입불가,아파트
2026-06-26T06:41:28.620740+09:00,북서울꿈의숲,북서울꿈의숲,POI096,KEY_1,서울강북 꿈의숲롯데캐슬1,EV008508,서울특별시 강북구 오현로 56,127.0364759,37.6184116,24시간 이용가능,Y,Y,외부인 출입불가,아파트
2026-06-26T06:41:28.620740+09:00,북서울꿈의숲,북서울꿈의숲,POI096,KEY_1,서울강북 북서울꿈의숲 동문 및 서문주차장(콘센트),EV010675,서울특별시 강북구 월계로 173,127.0443247,37.6202545,24시간 이용가능,N,N,외부인 사용불가,아파트
2026-06-26T06:41:28.620740+09:00,북서울꿈의숲,북서울꿈의숲,POI096,KEY_1,서울강북 북서울꿈의숲 동문 및 서문주차장(콘센트),EV010675,서울특별시 강북구 월계로 173,127.0443247,37.6202545,24시간 이용가능,N,N,"주차비 유료,외부인 사용불가",아파트
2026-06-26T06:41:28.620740+09:00,여의서로,여의서로,POI126,KEY_4,국회의사당,BT200001,서울특별시 영등포구 의사당대로 1,126.91641,37.53292,24시간 이용가능,Y,N,,기타
2026-06-26T06:41:28.620740+09:00,여의서로,여의서로,POI126,KEY_4,국회의사당 6문,ME22C802,서울특별시 영등포구 의사당대로 1,126.9174606,37.5326039,24시간 이용가능,Y,N,,공공기관
2026-06-26T06:41:28.620740+09:00,올림픽공원,올림픽공원,POI127,KEY_1,서울송파 한성백제박물관(급속),EV008986,서울특별시 송파구 위례성대로 71,127.1208007,37.5154287,09:00~22:00만 이용가능,N,N,09:00~22:00만 이용가능,박물관
2026-06-26T06:41:28.620740+09:00,올림픽공원,올림픽공원,POI127,KEY_1,서울송파 한성백제박물관(완속),EV008987,서울특별시 송파구 위례성대로 71,127.1199196,37.5155051,09:00~22:00만 이용가능,N,N,09:00~22:00만 이용가능,박물관
2026-06-26T06:41:28.620740+09:00,올림픽공원,올림픽공원,POI127,KEY_1,서울올림픽공원 남2문주차장,ME19X403,서울특별시 송파구 올림픽로,127.123837,37.514973,24시간 이용가능,Y,N,,공원
2026-06-26T06:41:28.620740+09:00,올림픽공원,올림픽공원,POI127,KEY_1,올림픽공원,ME19A152,서울특별시 송파구 올림픽로 424,127.115847,37.5171577,24시간 이용가능,N,N,,공원
2026-06-26T06:41:28.620740+09:00,월드컵공원,월드컵공원,POI106,KEY_2,서울마포 월드컵공원 난지삼거리주차장,EV010081,서울특별시 마포구 월드컵로 365,126.8873915,37.5711561,24시간 이용가능,Y,N,,공원주차장
2026-06-26T06:41:28.620740+09:00,월드컵공원,월드컵공원,POI106,KEY_2,서울마포 월드컵공원 난지중앙로,EV010080,서울특별시 마포구 월드컵로 243-60,126.8800727,37.5696851,24시간 이용가능,Y,N,,공영주차장
2026-06-26T06:41:28.620740+09:00,월드컵공원,월드컵공원,POI106,KEY_2,월드컵공원 주차장,CV004156,서울특별시 마포구 월드컵로 243-60,126.8987163,37.5635472,24시간 이용가능,N,N,,공원
2026-06-26T06:41:28.620740+09:00,응봉산,응봉산,POI107,KEY_3,서울성동 대림1차아파트 1,EV010331,서울특별시 성동구 독서당로62길 43,127.0335265,37.551901,24시간 이용가능,Y,N,,아파트
2026-06-26T06:41:28.620740+09:00,응봉산,응봉산,POI107,KEY_3,서울성동 대림1차아파트 2,EV010332,"서울특별시 성동구 독서당로62길 43(응봉동, 대림아파트)",127.0335265,37.5519010,24시간 이용가능,N,Y,외부인 사용불가,아파트
2026-06-26T06:41:28.620740+09:00,가락시장,가락시장,POI058,KEY_2,가락시장,ME19Y601,서울특별시 송파구 양재대로 932,127.113843,37.494161,24시간 이용가능,N,N,,마트(쇼핑몰)
2026-06-26T06:41:28.620740+09:00,가락시장,가락시장,POI058,KEY_2,롯데마트 송파점,ME174029,서울특별시 송파구 중대로 80,127.1178931,37.4918392,24시간 이용가능,N,N,,마트(쇼핑몰)
2026-06-26T06:41:28.620740+09:00,가로수길,가로수길,POI059,KEY_3,JB미소빌딩,CI0I0003,서울특별시 강남구 논현로 841,127.0277620,37.5240297,24시간 이용가능,Y,N,,기타
2026-06-26T06:41:28.620740+09:00,가로수길,가로수길,POI059,KEY_3,서울 광림교회,EP190075,서울특별시 강남구 논현로163길 33,127.0255799,37.5238944,24시간 이용가능/시설 상황에 따라 이용이 제한될 수 있습니다,Y,Y,시설 상황에 따라 이용이 제한될 수 있음,종교시설
2026-06-26T06:41:28.620740+09:00,가로수길,가로수길,POI059,KEY_3,신구초등학교 공영주차장,BT000131,서울특별시 강남구 압구정로18길 28,127.0241859,37.52311907,24시간 이용가능,N,N,,공영주차장
2026-06-26T06:41:28.620740+09:00,가로수길,가로수길,POI059,KEY_3,포르쉐 HPC데스티네이션 신사스퀘어,CV001669,서울특별시 강남구 강남대로 652,127.019063,37.519607,24시간 이용가능,N,N,,기타
2026-06-26T06:41:28.620740+09:00,김포공항,김포공항,POI061,KEY_1,김포공항 국내선 제1주차장,ME25A401,서울특별시 강서구 하늘길 111,126.8053109,37.5602639,24시간 이용가능,N,N,,공공기관
2026-06-26T06:41:28.620740+09:00,김포공항,김포공항,POI061,KEY_1,김포공항 국제선 주차빌딩,ME25A102,서울특별시 강서구 하늘길 지하77,126.8029563,37.5668056,24시간 이용가능,N,N,,공공기관
2026-06-26T06:41:28.620740+09:00,김포공항,김포공항,POI061,KEY_1,김포공항 항공지원센터,ME25A405,서울특별시 강서구 하늘길 70,126.7981126,37.5623941,24시간 이용가능,N,N,,공공기관
2026-06-26T06:41:28.620740+09:00,김포공항,김포공항,POI061,KEY_1,김포공항 항공지원센터 2,ME25A406,서울특별시 강서구 하늘길 70,126.7986383,37.5623039,24시간 이용가능,N,N,,공공기관
2026-06-26T06:41:28.620740+09:00,서촌,서촌,POI067,KEY_3,옥인공영주차장,CV004618,서울특별시 종로구 필운대로 83,126.967095,37.583155,24시간 이용가능,N,N,,공영주차장
2026-06-26T06:41:28.620740+09:00,서촌,서촌,POI067,KEY_3,인왕교통 버스차고지,CR000260,서울특별시 종로구 옥인동 181-10,126.963851,37.582101,24시간 이용가능,Y,N,버스전용,기타
2026-06-26T06:41:28.620740+09:00,서촌,서촌,POI067,KEY_3,종로구보건소,CV002634,"서울특별시 종로구 옥인동 45-30 종로구보건소, 청운효자동자치회관",126.9692391,37.581712,24시간 이용가능,Y,N,,보건소
2026-06-26T06:41:28.620740+09:00,성수카페거리,성수카페거리,POI068,KEY_4,성수 금호2차아파트,DL000036,서울특별시 성동구 연무장길 31-1,127.05314,37.543748,24시간 이용가능,Y,N,,아파트
2026-06-26T06:41:28.620740+09:00,성수카페거리,성수카페거리,POI068,KEY_4,성수드림빌드지식산업센터,AM900065,서울특별시 성동구 아차산로 132,127.0583489,37.54359489,24시간 이용가능,N,N,,일반주차장
2026-06-26T06:41:28.620740+09:00,송리단길·호수단길,송리단길·호수단길,POI121,KEY_1,서울송파 신동아로쟌뷰,EV005690,서울특별시 송파구 석촌호수로 188,127.0980153,37.50623,24시간 이용가능,N,N,"외부인 사용불가, 주차비유료",아파트
2026-06-26T06:41:28.620740+09:00,송리단길·호수단길,송리단길·호수단길,POI121,KEY_1,석촌호수효성해링턴타워,DL000014,서울특별시 송파구 석촌호수로 210,127.1003,37.50656,24시간 이용가능,N,N,,오피스텔
2026-06-26T06:41:28.620740+09:00,압구정로데오거리,압구정로데오거리,POI071,KEY_3,서울강남 대원칸타빌아파트 1,EV000923,"서울특별시 강남구 압구정로48길 15 (신사동, 압구정대원칸타빌아파트)",127.0370362,37.5273611,24시간 이용가능,Y,N,,아파트
2026-06-26T06:41:28.620740+09:00,압구정로데오거리,압구정로데오거리,POI071,KEY_3,서울강남 대원칸타빌아파트1(B1),EV005483,서울특별시 강남구 압구정로48길 15,127.037245,37.527529,24시간 이용가능,Y,N,외부인 사용불가,아파트
2026-06-26T06:41:28.620740+09:00,압구정로데오거리,압구정로데오거리,POI071,KEY_3,서울강남 대원칸타빌아파트1(B2),EV005484,서울특별시 강남구 압구정로48길 15,127.03727112,37.527656081,24시간 이용가능,Y,N,외부인 사용불가,아파트
2026-06-26T06:41:28.620740+09:00,압구정로데오거리,압구정로데오거리,POI071,KEY_3,한양조씨병참공파종회,EC003206,서울특별시 강남구 선릉로 823,127.0393426,37.5256356,24시간 이용가능,N,N,,기타
2026-06-26T06:41:28.620740+09:00,여의도,여의도,POI072,KEY_4,EV충전소 SK여의도주유소 (ev Most),EM000001,서울특별시 영등포구 의사당대로 154,126.927370,37.517737,07:00-22:00,Y,N,,주유소
2026-06-26T06:41:28.620740+09:00,여의도,여의도,POI072,KEY_4,교보증권 본사,CV004456,서울특별시 영등포구 의사당대로 97,126.924533,37.522753,09:00~18:00,N,Y,외부인 출입불가,사업장(사옥)
2026-06-26T06:41:28.620740+09:00,여의도,여의도,POI072,KEY_4,국회 서편 주차장,ME20A410,서울특별시 영등포구 여의도동 1,126.9127433,37.5318027,24시간 이용가능,Y,N,,공공기관
2026-06-26T06:41:28.620740+09:00,여의도,여의도,POI072,KEY_4,국회 헌정기념관 주차장,ME20A411,서울특별시 영등포구 여의도동 1,126.919483,37.53175,24시간 이용가능,Y,N,,공공기관
2026-06-26T06:41:28.620740+09:00,여의도,여의도,POI072,KEY_4,국회도서관,ME183103,"서울특별시 영등포구 의사당대로1, 국회도서관 앞",126.91764312,37.530302464,24시간 이용가능,Y,N,,공공기관
2026-06-26T06:41:28.620740+09:00,여의도,여의도,POI072,KEY_4,국회의사당,BT200001,서울특별시 영등포구 의사당대로 1,126.91641,37.53292,24시간 이용가능,Y,N,,기타
2026-06-26T06:41:28.620740+09:00,여의도,여의도,POI072,KEY_4,국회의사당 6문,ME22C802,서울특별시 영등포구 의사당대로 1,126.9174606,37.5326039,24시간 이용가능,Y,N,,공공기관
2026-06-26T06:41:28.620740+09:00,여의도,여의도,POI072,KEY_4,국회의원회관,ME183219,"서울특별시 영등포구 의사당대로1, 국회의원회관 주차장 우측",126.914480,37.528194,09:00 ~ 18:00,Y,N,,공공기관
2026-06-26T06:41:28.620740+09:00,여의도,여의도,POI072,KEY_4,드림리버오피스텔,EC110022,서울특별시 영등포구 은행로 54,126.9245374,37.5297624,24시간 이용가능,Y,Y,거주자외 출입제한,빌라
2026-06-26T06:41:28.620740+09:00,여의도,여의도,POI072,KEY_4,민주당사,CI0I0019,서울특별시 영등포구 국회대로68길 7,126.9195086,37.5294792,24시간 이용가능,Y,N,,기타
2026-06-26T06:41:28.620740+09:00,여의도,여의도,POI072,KEY_4,백상빌딩,CI0I000C,서울특별시 영등포구 국제금융로6길 30,126.9266154,37.5217254,24시간 이용가능,Y,N,,기타
2026-06-26T06:41:28.620740+09:00,여의도,여의도,POI072,KEY_4,삼천리 여의도 본사,EASCLYP1,서울특별시 영등포구 국제금융로6길 42,126.9255739,37.5209431,24시간 이용가능,N,N,시설 상황에 따라 이용이 제한될 수 있음,사업장(사옥)
2026-06-26T06:41:28.620740+09:00,여의도,여의도,POI072,KEY_4,서린빌딩(샬레코리아),CV000262,서울특별시 영등포구 여의대방로65길 17,126.929253,37.519683,24시간 이용가능,N,N,,사업장(사옥)
2026-06-26T06:41:28.620740+09:00,여의도,여의도,POI072,KEY_4,서울 영등포구 KBS 별관,BNBN0037,서울특별시 영등포구 여의대방로 359,126.929118,37.518669,부분 비개방,N,N,시설 상황에 따란 이용이 제한될 수 있음,기타
2026-06-26T06:41:28.620740+09:00,여의도,여의도,POI072,KEY_4,서울 영등포구 KBS 연구동,BNBN0543,서울특별시 영등포구 국회대로62길 4,126.91495,37.526994,비개방,N,N,시설 상황에 따라 이용이 제한될 수 있음,공공기관
2026-06-26T06:41:28.620740+09:00,여의도,여의도,POI072,KEY_4,서울영등포 여의도국민일보,EV005357,서울특별시 영등포구 여의공원로 101,126.9248927,37.529272,24시간 이용가능,Y,N,외부인 사용불가,사업장(사옥)
2026-06-26T06:41:28.620740+09:00,여의도,여의도,POI072,KEY_4,서울영등포 여의도금호리첸시아오피스텔,EV011608,서울특별시 영등포구 여의동로 213,126.9396296,37.5185953,24시간 이용가능,Y,N,,오피스텔
2026-06-26T06:41:28.620740+09:00,여의도,여의도,POI072,KEY_4,세우빌딩,BPA00006,서울특별시 영등포구 여의공원로 115,126.92,37.53,05:00~00:00,N,Y,시설 상황에 따라 이용이 제한될 수 있음,기타
2026-06-26T06:41:28.620740+09:00,여의도,여의도,POI072,KEY_4,여의도 화랑아파트(야외주차장),CGA00026,서울특별시 영등포구 국제금융로7가길 21,126.9355606,37.5221532,24시간 이용가능,Y,Y,거주자외 출입제한,아파트
2026-06-26T06:41:28.620740+09:00,여의도,여의도,POI072,KEY_4,여의도SK증권빌딩,CV004354,서울특별시 영등포구 국제금융로8길 31,126.9281192,37.5194777,24시간 이용가능,N,N,,금융기관
2026-06-26T06:41:28.620740+09:00,여의도,여의도,POI072,KEY_4,여의도사학연금서울회관,CV002274,서울특별시 영등포구 의사당대로 96,126.92287700,37.521523000,24시간 이용가능,N,N,,사업장(사옥)
2026-06-26T06:41:28.620740+09:00,여의도,여의도,POI072,KEY_4,여의도순복음교회,CSCS1006,서울특별시 영등포구 은행로 55,126.914169,37.53049,24시간 이용가능,Y,N,,종교시설
2026-06-26T06:41:28.620740+09:00,여의도,여의도,POI072,KEY_4,이룸센터,ME25A109,서울특별시 영등포구 의사당대로 22 (여의도동),126.917833,37.5270608,24시간 이용가능,N,N,,공공기관
2026-06-26T06:41:28.620740+09:00,여의도,여의도,POI072,KEY_4,익스콘벤처타워,EC110040,서울특별시 영등포구 은행로 3,126.9196651,37.5275095,24시간 이용가능,Y,N,,사업장(사옥)
2026-06-26T06:41:28.620740+09:00,여의도,여의도,POI072,KEY_4,장미아파트,CV001272,서울특별시 영등포구 국제금융로7길 32,126.934486,37.523403,24시간 이용가능(입주민 외 이용제한 있을 수 있음),Y,Y,입주민 외 이용제한 있을 수 있음,아파트
2026-06-26T06:41:28.620740+09:00,여의도,여의도,POI072,KEY_4,한국수출입은행,CSCS1051,서울특별시 영등포구 은행로 38,126.923399,37.528637,24시간 이용가능,Y,N,.,오피스텔
2026-06-26T06:41:28.620740+09:00,여의도,여의도,POI072,KEY_4,한국증권금융 본사,CV004487,서울특별시 영등포구 국제금융로8길 10,126.929336,37.52165,외부인 이용불가,Y,Y,외부인이 전기차 충전목적만으로 출입할 수 없습니다,금융기관
2026-06-26T06:41:28.620740+09:00,여의도,여의도,POI072,KEY_4,행진빌딩,CI0I0005,서울특별시 영등포구 국제금융로 106,126.9333119,37.5190524,24시간 이용가능,Y,N,,기타
2026-06-26T06:41:28.620740+09:00,영등포 타임스퀘어,영등포 타임스퀘어,POI074,KEY_2,영등포 점프밀라노(B4F),CGA00094,서울특별시 영등포구 영중로 28,126.9058681,37.5188593,24시간 이용가능,N,N,,오피스텔
2026-06-26T06:41:28.620740+09:00,영등포 타임스퀘어,영등포 타임스퀘어,POI074,KEY_2,영등포 제3공영주차장,DO000015,서울특별시 영등포구 문래로 196,126.902438,37.517949,24시간 이용가능,N,N,,공영주차장
2026-06-26T06:41:28.620740+09:00,영등포 타임스퀘어,영등포 타임스퀘어,POI074,KEY_2,영등포구 영등포제3공영주차장,BNBN0328,"서울특별시 영등포구 문래로 196 (영등포동4가, 영등포구 관광정보센터)",126.9041419,37.5170070,0000~0000,N,N,시설 상황에 따라 이용이 제한될 수 있음,사업장(사옥)
2026-06-26T06:41:28.620740+09:00,인사동,인사동,POI078,KEY_2,서울종로 운현궁SK허브,EV008539,서울특별시 종로구 삼일대로 461,126.985829,37.5755955,24시간 이용가능,N,N,외부인 사용불가,아파트
2026-06-26T06:41:28.620740+09:00,인사동,인사동,POI078,KEY_2,태화빌딩,ME174039,서울특별시 종로구 인사동5길 29,126.9850443,37.5718148,24시간 이용가능,N,N,,사업장(사옥)
2026-06-26T06:41:28.620740+09:00,잠실롯데타워·석촌호수,잠실롯데타워·석촌호수,POI120,KEY_3,서울송파 신동아로쟌뷰,EV005690,서울특별시 송파구 석촌호수로 188,127.0980153,37.50623,24시간 이용가능,N,N,"외부인 사용불가, 주차비유료",아파트
2026-06-26T06:41:28.620740+09:00,잠실롯데타워·석촌호수,잠실롯데타워·석촌호수,POI120,KEY_3,서울시 잠실역공영주차장(급속),EV003440,서울특별시 송파구 올림픽로 지하 265,127.1018579,37.5138593,24시간 이용가능,N,N,,공영주차장
2026-06-26T06:41:28.620740+09:00,잠실롯데타워·석촌호수,잠실롯데타워·석촌호수,POI120,KEY_3,석촌호수효성해링턴타워,DL000014,서울특별시 송파구 석촌호수로 210,127.1003,37.50656,24시간 이용가능,N,N,,오피스텔
2026-06-26T06:41:28.620740+09:00,잠실롯데타워·석촌호수,잠실롯데타워·석촌호수,POI120,KEY_3,올림픽공원,ME19A152,서울특별시 송파구 올림픽로 424,127.115847,37.5171577,24시간 이용가능,N,N,,공원
2026-06-26T06:41:28.620740+09:00,잠실롯데타워·석촌호수,잠실롯데타워·석촌호수,POI120,KEY_3,잠실엘퍼스트오피스텔,CA000106,서울특별시 송파구 백제고분로51길 7,127.11466980,37.515822625,24시간 이용가능,N,Y,거주자 외 출입제한,오피스텔
2026-06-26T06:41:28.620740+09:00,잠실롯데타워·석촌호수,잠실롯데타워·석촌호수,POI120,KEY_3,효성올림픽카운티,DL000052,서울특별시 송파구 백제고분로 497,127.1146,37.5149,24시간 이용가능,Y,N,,아파트
2026-06-26T06:41:28.620740+09:00,창동 신경제 중심지,창동 신경제 중심지,POI079,KEY_4,(주)농협유통창동농산물종합,EP190009,서울특별시 도봉구 마들로11길 20,127.0518028,37.6550378,24시간 이용가능,Y,Y,시설 상황에 따라 이용이 제한될 수 있음,마트(쇼핑몰)
2026-06-26T06:41:28.620740+09:00,창동 신경제 중심지,창동 신경제 중심지,POI079,KEY_4,도봉어르신문화센터,CV001170,서울특별시 도봉구 마들로 536,127.0508762,37.6600934,24시간 이용가능,Y,N,,지자체시설
2026-06-26T06:41:28.620740+09:00,창동 신경제 중심지,창동 신경제 중심지,POI079,KEY_4,서울교통공사 창동차량기지,CGA00082,서울특별시 노원구 노원로 573,127.05400285,37.660291354,24시간 이용가능,Y,Y,임직원 외 출입제한,공공기관
2026-06-26T06:41:28.620740+09:00,창동 신경제 중심지,창동 신경제 중심지,POI079,KEY_4,서울도봉 창동문화체육센터,EV008827,서울특별시 도봉구 노해로69길 132,127.0507053,37.6581174,24시간 이용가능,Y,N,외부인 출입불가,기타
2026-06-26T06:41:28.620740+09:00,창동 신경제 중심지,창동 신경제 중심지,POI079,KEY_4,서울도봉 창동씨드큐브,EV011669,서울특별시 도봉구 창동 1-28,127.0505214,37.6590213,24시간 이용가능,Y,N,,아파트
2026-06-26T06:41:28.620740+09:00,창동 신경제 중심지,창동 신경제 중심지,POI079,KEY_4,서울도봉 창동씨드큐브,EV011669,서울특별시 도봉구 창동 1-28,127.0505214,37.6590213,24시간 이용가능,Y,Y,외부인 사용불가,아파트
2026-06-26T06:41:28.620740+09:00,창동 신경제 중심지,창동 신경제 중심지,POI079,KEY_4,서울도봉 창동역공영주차장,EV008830,서울특별시 도봉구 노해로65길 17-6,127.0458688,37.6522498,24시간 이용가능,Y,N,,공영주차장
2026-06-26T06:41:28.620740+09:00,창동 신경제 중심지,창동 신경제 중심지,POI079,KEY_4,서울도봉 창동역동측주차장,EV008835,서울특별시 도봉구 마들로11길 74,127.0487373,37.6540776,24시간 이용가능,Y,N,,공영주차장
2026-06-26T06:41:28.620740+09:00,창동 신경제 중심지,창동 신경제 중심지,POI079,KEY_4,서울사진미술관,EP021000,서울특별시 도봉구 마들로13길 68,127.04894781,37.655515022,24시간 이용가능,Y,N,,전시관
2026-06-26T06:41:28.620740+09:00,창동 신경제 중심지,창동 신경제 중심지,POI079,KEY_4,서울시 창동문화체육센터(급속),EV003435,서울특별시 도봉구 노해로69길 132,127.0504457,37.658277,24시간 이용가능,N,N,,지자체시설
2026-06-26T06:41:28.620740+09:00,창동 신경제 중심지,창동 신경제 중심지,POI079,KEY_4,서울시 창동역서주차장(급속),EV003436,서울특별시 도봉구 노해로65길 17-6,127.0458688,37.6522498,24시간 이용가능,N,Y,시설 상황에 따라 이용이 제한될 수 있음,공영주차장
2026-06-26T06:41:28.620740+09:00,창동 신경제 중심지,창동 신경제 중심지,POI079,KEY_4,와우쇼핑,EBWOWSNW,서울특별시 노원구 노해로 507,127.0640219,37.6553322,09:00~20:00,Y,N,,마트(쇼핑몰)
2026-06-26T06:41:28.620740+09:00,창동 신경제 중심지,창동 신경제 중심지,POI079,KEY_4,용화여고,CU200035,서울특별시 노원구 동일로 1461,127.058376,37.6587686,24시간 이용가능,Y,N,,학교
2026-06-26T06:41:28.620740+09:00,창동 신경제 중심지,창동 신경제 중심지,POI079,KEY_4,한국전기안전공사 서울북부지사,CV000240,서울특별시 도봉구 노해로67길 14,127.0494501,37.652269,24시간 이용가능(시설이용자 외 이용제한 있을 수 있음),Y,N,,공공기관
2026-06-26T06:41:28.620740+09:00,창동 신경제 중심지,창동 신경제 중심지,POI079,KEY_4,화랑빌딩,CPCT0023,서울특별시 노원구 상계로 64,127.062278,37.655792,24시간 이용가능,Y,N,,기타
2026-06-26T06:41:28.620740+09:00,청량리 제기동 일대 전통시장,청량리 제기동 일대 전통시장,POI081,KEY_2,디자이너스호텔,CPCP1064,서울특별시 동대문구 왕산로 226,127.0477,37.5817,24시간 이용가능,Y,N,,기타
2026-06-26T06:41:28.620740+09:00,청량리 제기동 일대 전통시장,청량리 제기동 일대 전통시장,POI081,KEY_2,서울약령시 공영주차장,ME18B284,서울특별시 동대문구 약령중앙로 26,127.03715,37.58051,24시간 이용가능,N,N,,공영주차장
2026-06-26T06:41:28.620740+09:00,DMC(디지털미디어시티),DMC(디지털미디어시티),POI084,KEY_1,Park M (주차복합빌딩),ME19A246,서울특별시 마포구 매봉산로 80,126.8941079,37.5783444,24시간 이용가능,N,N,,일반주차장
2026-06-26T06:41:28.620740+09:00,DMC(디지털미디어시티),DMC(디지털미디어시티),POI084,KEY_1,마포 누리꿈스퀘어빌딩 급속충전소(스타코프),EP021300,"서울특별시 마포구 월드컵북로 396 (상암동, 누리꿈스퀘어)",126.8897829,37.579428342,24시간 이용가능,Y,N,,기타
2026-06-26T06:41:28.620740+09:00,DMC(디지털미디어시티),DMC(디지털미디어시티),POI084,KEY_1,마포 우리금융상암센터(B3F),CGA00059,서울특별시 마포구 월드컵북로60길 17,126.8859923,37.5833854,24시간 이용가능,Y,Y,임직원 외 출입제한,사업장(사옥)
2026-06-26T06:41:28.620740+09:00,DMC(디지털미디어시티),DMC(디지털미디어시티),POI084,KEY_1,마포구 상암1공영주차장,BNBN0843,서울특별시 마포구 성암로 197,126.8971993,37.5771432,~,N,N,시설 상황에 따라 이용이 제한될 수 있음,공영주차장
2026-06-26T06:41:28.620740+09:00,DMC(디지털미디어시티),DMC(디지털미디어시티),POI084,KEY_1,상암1 공영주차장,ME19A245,서울특별시 마포구 성암로 197,126.8973596,37.577011200000,24시간 이용가능,N,N,,공영주차장
2026-06-26T06:41:28.620740+09:00,DMC(디지털미디어시티),DMC(디지털미디어시티),POI084,KEY_1,서울 한샘상암사옥 충전소,AM900012,서울특별시 마포구 성암로 179,126.8987638,37.5761509,24시간 이용가능,N,N,시설 상황에 따라 이용이 제한될 수 있음,기타
2026-06-26T06:41:28.620740+09:00,DMC(디지털미디어시티),DMC(디지털미디어시티),POI084,KEY_1,서울 한샘상암사옥 충전소,EP220314,서울특별시 마포구 성암로 179,126.8987638,37.5761509,24시간 이용가능,Y,N,시설 상황에 따라 이용이 제한될 수 있음,기타
2026-06-26T06:41:28.620740+09:00,DMC(디지털미디어시티),DMC(디지털미디어시티),POI084,KEY_1,서울 한샘상암사옥 충전소,EP220314,서울특별시 마포구 성암로 179,126.8987638,37.5761509,24시간 이용가능,Y,Y,시설 상황에 따라 이용이 제한될 수 있음,기타
2026-06-26T06:41:28.620740+09:00,DMC(디지털미디어시티),DMC(디지털미디어시티),POI084,KEY_1,서울경제진흥원,CV004480,서울특별시 마포구 월드컵북로 400,126.889538,37.580315,24시간 이용가능,N,N,,공공기관
2026-06-26T06:41:28.620740+09:00,DMC(디지털미디어시티),DMC(디지털미디어시티),POI084,KEY_1,서울마포 상암휴먼시아2단지,EV006824,서울특별시 마포구 월드컵북로42가길 11,126.8975858,37.5747375,24시간 이용가능,Y,N,외부인 사용불가,아파트
2026-06-26T06:41:28.620740+09:00,DMC(디지털미디어시티),DMC(디지털미디어시티),POI084,KEY_1,서울마포 상암휴먼시아2단지,EV006824,서울특별시 마포구 월드컵북로42가길 11,126.8975858,37.5747375,24시간 이용가능,Y,Y,외부인 사용불가,아파트
2026-06-26T06:41:28.620740+09:00,DMC(디지털미디어시티),DMC(디지털미디어시티),POI084,KEY_1,서울산업진흥원,EV000411,서울특별시 마포구 월드컵북로 400,126.8896371,37.5805219,평일 09시~18시 이용가능,Y,N,,사업장(사옥)
2026-06-26T06:41:28.620740+09:00,DMC(디지털미디어시티),DMC(디지털미디어시티),POI084,KEY_1,스탠포드호텔코리아,ME183009,"서울특별시 마포구 상암동 월드컵북로 58길 15, 지하4층 18",126.886648,37.5823581,24시간 이용가능,Y,N,,숙박시설
2026-06-26T06:41:28.620740+09:00,DMC(디지털미디어시티),DMC(디지털미디어시티),POI084,KEY_1,파크엠빌딩,AMAM0003,서울특별시 마포구 매봉산로 80,126.894285,37.57853,24시간 이용가능,N,N,,일반주차장
2026-06-26T06:41:28.620740+09:00,DMC(디지털미디어시티),DMC(디지털미디어시티),POI084,KEY_1,한국콘텐츠진흥원 DMS방송제작센터,CV001934,서울특별시 마포구 월드컵북로54길 12,126.8892508,37.5807286,24시간 이용가능,N,N,,기타
2026-06-26T06:41:28.620740+09:00,가산디지털단지역,가산디지털단지역,POI013,KEY_2,LG가산디지털센터,EV001760,서울특별시 금천구 가산디지털1로 189,126.8797058,37.4821518,24시간 이용가능,Y,N,외부인 사용불가,사업장(사옥)
2026-06-26T06:41:28.620740+09:00,가산디지털단지역,가산디지털단지역,POI013,KEY_2,금천 대륭포스트타워6차,CGA00216,서울특별시 금천구 벚꽃로 298,126.8838717,37.4814402,24시간 이용가능,Y,N,,기타
2026-06-26T06:41:28.620740+09:00,가산디지털단지역,가산디지털단지역,POI013,KEY_2,금천 벽산/경인 디지털밸리_주차장입구1,CGA00146,서울특별시 금천구 가산디지털2로 184,126.8780843,37.4842494,24시간 이용가능,Y,N,,기타
2026-06-26T06:41:28.620740+09:00,가산디지털단지역,가산디지털단지역,POI013,KEY_2,금천 벽산/경인 디지털밸리_주차장입구2,CGA00193,서울특별시 금천구 가산디지털2로 184,126.8780843,37.4842494,24시간 이용가능,Y,N,,기타
2026-06-26T06:41:28.620740+09:00,가산디지털단지역,가산디지털단지역,POI013,KEY_2,대륭테크노타운6차,EP210180,서울특별시 금천구 서부샛길 648,126.8761807,37.4812045,24시간 이용가능,N,N,,오피스텔
2026-06-26T06:41:28.620740+09:00,가산디지털단지역,가산디지털단지역,POI013,KEY_2,대륭테크노타운6차,EP210180,서울특별시 금천구 서부샛길 648,126.8761807,37.4812045,24시간 이용가능,N,Y,SM3전용,오피스텔
2026-06-26T06:41:28.620740+09:00,가산디지털단지역,가산디지털단지역,POI013,KEY_2,대륭포스트타워5차,EC110008,서울특별시 금천구 디지털로9길 68,126.8864218,37.481076,24시간 이용가능,Y,N,,사업장(사옥)
2026-06-26T06:41:28.620740+09:00,가산디지털단지역,가산디지털단지역,POI013,KEY_2,대륭포스트타워5차 (급),EC110112,서울특별시 금천구 디지털로9길 68,126.8862972,37.4811672,24시간 이용가능,Y,N,,사업장(사옥)
2026-06-26T06:41:28.620740+09:00,가산디지털단지역,가산디지털단지역,POI013,KEY_2,서울 금천구 가산동 가산디지털 서측노외,BNBN0325,서울특별시 금천구 가산디지털1로 230,126.880392,37.485481,24시간 이용가능,N,N,시설 상황에 따란 이용이 제한될 수 있음,기타
2026-06-26T06:41:28.620740+09:00,가산디지털단지역,가산디지털단지역,POI013,KEY_2,서울 금천구 견인차량보관소,BNBN0582,서울 금천구 가산디지털2로 169-34 (가산동),126.8758006,37.4831701,24시간 이용가능,N,N,시설 상황에 따라 이용이 제한될 수 있음,기타
2026-06-26T06:41:28.620740+09:00,가산디지털단지역,가산디지털단지역,POI013,KEY_2,서울 코오롱테크노밸리,EP230205,서울특별시 금천구 디지털로9길 56,126.88687232,37.480402595,24시간 이용가능,Y,N,,기타
2026-06-26T06:41:28.620740+09:00,가산디지털단지역,가산디지털단지역,POI013,KEY_2,서울금천 월드메르디앙벤처센터,EV006695,서울특별시 금천구 벚꽃로 254,126.8854927,37.477763,24시간 이용가능,N,N,외부인 사용불가,사업장(사옥)
2026-06-26T06:41:28.620740+09:00,가산디지털단지역,가산디지털단지역,POI013,KEY_2,서울금천_에이스비즈포레,EV003719,서울특별시 금천구 가산디지털2로 173,126.8770673,37.4831681,24시간 이용가능,Y,N,외부인 사용불가,사업장(사옥)
2026-06-26T06:41:28.620740+09:00,가산디지털단지역,가산디지털단지역,POI013,KEY_2,에이스테크노타워10차,EP210287,서울특별시 금천구 가산디지털1로 196,126.8812848,37.4829649,24시간 이용가능,N,N,,오피스텔
2026-06-26T06:41:28.620740+09:00,가산디지털단지역,가산디지털단지역,POI013,KEY_2,에이스테크노타워10차,EP210287,서울특별시 금천구 가산디지털1로 196,126.8812848,37.4829649,24시간 이용가능,N,N,시설 상황에 따라 이용이 제한될 수 있음,오피스텔
2026-06-26T06:41:28.620740+09:00,가산디지털단지역,가산디지털단지역,POI013,KEY_2,코오롱테크노밸리,EP210295,서울특별시 금천구 디지털로9길 56,126.8868723,37.4804026,24시간 이용가능,N,N,,오피스텔
2026-06-26T06:41:28.620740+09:00,강남역,강남역,POI014,KEY_3,역삼문화공원 지하3층주차장,CV001458,서울특별시 강남구 테헤란로7길 21,127.029673,37.500888,24시간 이용가능,N,N,,공영주차장
2026-06-26T06:41:28.620740+09:00,강남역,강남역,POI014,KEY_3,강남 GT타워이스트,CGA00294,서울특별시 서초구 서초대로 411,127.0259226,37.4981083,24시간 이용가능,N,N,입주민 전용,사업장(사옥)
2026-06-26T06:41:28.620740+09:00,강남역,강남역,POI014,KEY_3,강남 대우디오빌플러스,CGA00129,서울특별시 강남구 강남대로84길 33,127.03109342,37.497546130,24시간 이용가능,Y,Y,거주자외 출입제한,아파트
2026-06-26T06:41:28.620740+09:00,강남역,강남역,POI014,KEY_3,강남 대우디오빌플러스_2차,CGA00249,서울특별시 강남구 강남대로84길 33,127.0312229,37.4973278,24시간 이용가능,Y,N,,오피스텔
2026-06-26T06:41:28.620740+09:00,강남역,강남역,POI014,KEY_3,서울_강남센트럴푸르지오시티1,EV003466,서울특별시 강남구 테헤란로4길 6,127.0292863,37.4976674,24시간 이용가능 / 입주민만 사용가능,Y,N,,아파트
2026-06-26T06:41:28.620740+09:00,강남역,강남역,POI014,KEY_3,서울_강남센트럴푸르지오시티1,EV003466,서울특별시 강남구 테헤란로4길 6,127.0292863,37.4976674,24시간 이용가능 / 입주민만 사용가능,Y,N,외부인 사용불가,아파트
2026-06-26T06:41:28.620740+09:00,강남역,강남역,POI014,KEY_3,서울_강남센트럴푸르지오시티2,EV003467,서울특별시 강남구 테헤란로4길 6,127.02916487,37.497576085,"24시간 이용가능,입주민만 사용가능 거주자외출입제한",Y,N,외부인 사용불가,아파트
2026-06-26T06:41:28.620740+09:00,강남역,강남역,POI014,KEY_3,서울_강남센트럴푸르지오시티3,EV003458,서울특별시 강남구 테헤란로4길 6,127.02941929,37.497524214,"24시간 이용가능,입주민만 사용가능 거주자외출입제한",Y,N,외부인 사용불가,아파트
2026-06-26T06:41:28.620740+09:00,강남역,강남역,POI014,KEY_3,서울강남 강남역효성헤링턴타워,EV006829,서울특별시 강남구 강남대로84길 15,127.0298357,37.4970034,24시간 이용가능,Y,N,외부인 사용불가,아파트
2026-06-26T06:41:28.620740+09:00,강남역,강남역,POI014,KEY_3,서울강남 강남역효성헤링턴타워,EV006829,서울특별시 강남구 강남대로84길 15,127.0298357,37.4970034,24시간 이용가능,Y,Y,외부인 사용불가,아파트
2026-06-26T06:41:28.620740+09:00,강남역,강남역,POI014,KEY_3,역삼문화공원 지하4층주차장,CV002017,서울특별시 강남구 테헤란로7길 21,127.0302568,37.50050350,24시간 이용가능,N,N,,공영주차장
2026-06-26T06:41:28.620740+09:00,건대입구역,건대입구역,POI015,KEY_4,광진구 자양4동 공영주차장,BNBN0833,서울특별시 광진구 자양동 5-5,127.0681886,37.5386773,~,N,N,시설 상황에 따라 이용이 제한될 수 있음,공영주차장
2026-06-26T06:41:28.620740+09:00,건대입구역,건대입구역,POI015,KEY_4,광진문화예술회관,ME20A278,서울특별시 광진구 능동로 76,127.0705319,37.5375337,24시간 이용가능,N,N,,지자체시설
2026-06-26T06:41:28.620740+09:00,건대입구역,건대입구역,POI015,KEY_4,서울광진 더라움펜트하우스1(B3),EV006056,서울특별시 광진구 능동로 81,127.06916132,37.538250998,24시간 이용가능,Y,N,외부인 사용불가,아파트
2026-06-26T06:41:28.620740+09:00,건대입구역,건대입구역,POI015,KEY_4,서울광진 더라움펜트하우스1(B3),EV006056,서울특별시 광진구 능동로 81,127.06916132,37.538250998,24시간 이용가능,Y,Y,외부인 사용불가,아파트
2026-06-26T06:41:28.620740+09:00,건대입구역,건대입구역,POI015,KEY_4,서울광진 더라움펜트하우스2(B5),EV006057,서울특별시 광진구 능동로 81,127.06918404,37.538354599,24시간 이용가능,Y,N,외부인 사용불가,아파트
2026-06-26T06:41:28.620740+09:00,건대입구역,건대입구역,POI015,KEY_4,서울광진 더라움펜트하우스2(B5),EV006057,서울특별시 광진구 능동로 81,127.06918404,37.538354599,24시간 이용가능,Y,Y,외부인 사용불가,아파트
2026-06-26T06:41:28.620740+09:00,건대입구역,건대입구역,POI015,KEY_4,서울광진 더라움펜트하우스3(B6),EV006058,서울특별시 광진구 능동로 81,127.0693126,37.5383612,24시간 이용가능,Y,N,외부인 사용불가,아파트
2026-06-26T06:41:28.620740+09:00,건대입구역,건대입구역,POI015,KEY_4,서울광진 더라움펜트하우스3(B6),EV006058,서울특별시 광진구 능동로 81,127.0693126,37.5383612,24시간 이용가능,Y,Y,외부인 사용불가,아파트
2026-06-26T06:41:28.620740+09:00,건대입구역,건대입구역,POI015,KEY_4,자양동노상주차장,CV004505,서울특별시 광진구 자양동 23-9,127.0645572,37.5414901,24시간 이용가능,Y,N,,공영주차장
2026-06-26T06:41:28.620740+09:00,고덕역,고덕역,POI016,KEY_1,서울강동 고덕삼환아파트,EV004025,서울특별시 강동구 고덕로62길 29,127.1542273,37.5543173,24시간 이용가능,Y,N,,아파트
2026-06-26T06:41:28.620740+09:00,고덕역,고덕역,POI016,KEY_1,서울강동 한화오벨리스크스위트오피스텔,EV005768,서울특별시 강동구 동남로 877,127.155802,37.5520152,24시간 이용가능,Y,N,외부인 사용불가,아파트
2026-06-26T06:41:28.620740+09:00,구로디지털단지역,구로디지털단지역,POI019,KEY_4,구로 에이스테크노타워2차,CGA00110,서울특별시 구로구 디지털로31길 19,126.89376717,37.484876015,24시간 이용가능,N,N,,사업장(사옥)
2026-06-26T06:41:28.620740+09:00,구로디지털단지역,구로디지털단지역,POI019,KEY_4,구로구 구로3동 주차장,BNBN0820,서울특별시 구로구 구로동 212-14,126.8925044,37.4830246,~,N,N,시설 상황에 따라 이용이 제한될 수 있음,일반주차장
2026-06-26T06:41:28.620740+09:00,구로디지털단지역,구로디지털단지역,POI019,KEY_4,구로디지털단지역환승주차장,EC001010,서울특별시 구로구 도림천로 477,126.9016095,37.4854141,24시간 이용가능,N,N,,환승주차장
2026-06-26T06:41:28.620740+09:00,구로디지털단지역,구로디지털단지역,POI019,KEY_4,서울 아남전자1 충전소,EP220556,서울특별시 구로구 디지털로27가길 27,126.89251265,37.484676568,24시간 이용가능,Y,N,시설 상황에 따라 이용이 제한될 수 있음,기타
2026-06-26T06:41:28.620740+09:00,구로디지털단지역,구로디지털단지역,POI019,KEY_4,서울 아남전자2 충전소,EP220557,서울특별시 구로구 디지털로27가길 27,126.89251265,37.484676568,24시간 이용가능,Y,N,시설 상황에 따라 이용이 제한될 수 있음,기타
2026-06-26T06:41:28.620740+09:00,구로디지털단지역,구로디지털단지역,POI019,KEY_4,서울구로구 이앤씨벤처드림타워2차,EV004692,서울특별시 구로구 디지털로33길 55,126.8930445,37.4867586,24시간 이용가능,Y,N,외부인 사용불가,사업장(사옥)
2026-06-26T06:41:28.620740+09:00,구로디지털단지역,구로디지털단지역,POI019,KEY_4,서울시 구로디지털단지역공영주차장(급속),EV005670,서울특별시 구로구 도림천로 477,126.9014944,37.4853149,24시간 이용가능,Y,N,,아파트
2026-06-26T06:41:28.620740+09:00,구로디지털단지역,구로디지털단지역,POI019,KEY_4,에이스하이엔드타워1차,CV004538,서울특별시 구로구 디지털로26길 5,126.894102,37.4818142,24시간 이용가능,N,N,,오피스텔
2026-06-26T06:41:28.620740+09:00,구로디지털단지역,구로디지털단지역,POI019,KEY_4,이앤씨6차,BNAG3302,서울특별시 구로구 디지털로31길 41,126.892720,37.485169,24시간 이용가능,Y,N,상황에 따라 변동,기타
2026-06-26T06:41:28.620740+09:00,구로디지털단지역,구로디지털단지역,POI019,KEY_4,코오롱사이언스밸리2차,CPCT0053,서울특별시 구로구 디지털로34길 55,126.899282,37.484286,24시간 이용가능,Y,N,시설 상황에 따라 이용이 제한 될 수 있음,기타
2026-06-26T06:41:28.620740+09:00,구로디지털단지역,구로디지털단지역,POI019,KEY_4,코오롱사이언스밸리2차,CPCT0053,서울특별시 구로구 디지털로34길 55,126.899282,37.484286,24시간 이용가능,Y,Y,시설 상황에 따라 이용이 제한 될 수 있음,기타
2026-06-26T06:41:28.620740+09:00,구로디지털단지역,구로디지털단지역,POI019,KEY_4,쿨사인 입주빌딩,EP220032,서울특별시 구로구 디지털로27가길 27,126.8925127,37.4846766,24시간 이용가능,Y,Y,시설 상황에 따라 이용이 제한될 수 있음,사업장(사옥)
2026-06-26T06:41:28.620740+09:00,구로디지털단지역,구로디지털단지역,POI019,KEY_4,쿨사인 지하주차장,CI0I0002,서울특별시 구로구 디지털로27가길 27,126.8925052,37.4847055,24시간 이용가능,Y,N,,기타
2026-06-26T06:41:28.620740+09:00,구로디지털단지역,구로디지털단지역,POI019,KEY_4,파트너스타워2차,CV001794,서울특별시 구로구 디지털로32가길 16,126.898574,37.482944,09:00~18:00,N,N,,기타
2026-06-26T06:41:28.620740+09:00,대림역,대림역,POI023,KEY_3,대림노외공영주차장,EC001015,서울특별시 구로구 도림천로 352,126.89405009,37.49290640,24시간 이용가능,N,N,,공영주차장
2026-06-26T06:41:28.620740+09:00,대림역,대림역,POI023,KEY_3,서울교통공사 대림별관(B1F),CGA00039,서울특별시 구로구 도림천로 352,126.8942424,37.4934337,24시간 이용가능,Y,Y,임직원외 출입제한,공공기관
2026-06-26T06:41:28.620740+09:00,대림역,대림역,POI023,KEY_3,서울구로 대림역경남아너스빌,EV002542,서울특별시 구로구 구로중앙로8길 41-23,126.8929945,37.4936794,"24시간 이용가능,입주민만 사용가능 거주자외출입제한",Y,N,외부인 사용불가,아파트
2026-06-26T06:41:28.620740+09:00,뚝섬역,뚝섬역,POI025,KEY_1,서울성동 뚝섬리버빌아파트,EV005769,서울특별시 성동구 성수일로11길 15,127.0498269,37.5494959,24시간 이용가능,Y,N,외부인 사용불가,아파트
2026-06-26T06:41:28.620740+09:00,뚝섬역,뚝섬역,POI025,KEY_1,서울성동 뚝섬중앙하이츠빌101동,EV006312,서울특별시 성동구 상원길 47,127.0481899,37.5477242,24시간 이용가능,Y,N,외부인 사용불가,아파트
2026-06-26T06:41:28.620740+09:00,뚝섬역,뚝섬역,POI025,KEY_1,서울성동 뚝섬중앙하이츠빌102동,EV006313,서울특별시 성동구 상원길 47,127.0479978,37.5480914,24시간 이용가능,Y,N,외부인 사용불가,아파트
2026-06-26T06:41:28.620740+09:00,뚝섬역,뚝섬역,POI025,KEY_1,서울성동 뚝섬중앙하이츠빌103동,EV006314,서울특별시 성동구 상원길 47,127.0471433,37.5478958,24시간 이용가능,Y,N,외부인 사용불가,아파트
2026-06-26T06:41:28.620740+09:00,뚝섬역,뚝섬역,POI025,KEY_1,서울성동 성수쌍용아파트1,EV008021,서울특별시 성동구 상원길 63,127.047109,37.5501345,24시간 이용가능,Y,N,외부인 사용불가,아파트
2026-06-26T06:41:28.620740+09:00,뚝섬역,뚝섬역,POI025,KEY_1,서울성동 성수쌍용아파트1,EV008021,서울특별시 성동구 상원길 63,127.047109,37.5501345,24시간 이용가능,Y,Y,외부인 사용불가,아파트
2026-06-26T06:41:28.620740+09:00,뚝섬역,뚝섬역,POI025,KEY_1,서울성동 성수쌍용아파트2,EV008022,서울특별시 성동구 상원길 63,127.047109,37.5501345,24시간 이용가능,Y,N,외부인 사용불가,아파트
2026-06-26T06:41:28.620740+09:00,뚝섬역,뚝섬역,POI025,KEY_1,서울성동 성수쌍용아파트2,EV008022,서울특별시 성동구 상원길 63,127.047109,37.5501345,24시간 이용가능,Y,Y,외부인 사용불가,아파트
2026-06-26T06:41:28.620740+09:00,뚝섬역,뚝섬역,POI025,KEY_1,서울성동 성수쌍용아파트3,EV008023,서울특별시 성동구 상원길 63,127.047109,37.5501345,24시간 이용가능,Y,N,외부인 사용불가,아파트
2026-06-26T06:41:28.620740+09:00,뚝섬역,뚝섬역,POI025,KEY_1,서울성동 성수쌍용아파트3,EV008023,서울특별시 성동구 상원길 63,127.047109,37.5501345,24시간 이용가능,Y,Y,외부인 사용불가,아파트
2026-06-26T06:41:28.620740+09:00,뚝섬역,뚝섬역,POI025,KEY_1,서울성동 성수쌍용아파트4,EV008024,서울특별시 성동구 상원길 63,127.047109,37.5501345,24시간 이용가능,Y,N,외부인 사용불가,아파트
2026-06-26T06:41:28.620740+09:00,뚝섬역,뚝섬역,POI025,KEY_1,서울성동 성수쌍용아파트4,EV008024,서울특별시 성동구 상원길 63,127.047109,37.5501345,24시간 이용가능,Y,Y,외부인 사용불가,아파트
2026-06-26T06:41:28.620740+09:00,뚝섬역,뚝섬역,POI025,KEY_1,서울성동 성수쌍용아파트5,EV008025,서울특별시 성동구 상원길 63,127.047109,37.5501345,24시간 이용가능,Y,N,외부인 사용불가,아파트
2026-06-26T06:41:28.620740+09:00,뚝섬역,뚝섬역,POI025,KEY_1,서울성동 성수쌍용아파트5,EV008025,서울특별시 성동구 상원길 63,127.047109,37.5501345,24시간 이용가능,Y,Y,외부인 사용불가,아파트
2026-06-26T06:41:28.620740+09:00,뚝섬역,뚝섬역,POI025,KEY_1,서울성동 성수쌍용아파트6,EV008026,서울특별시 성동구 상원길 63,127.047109,37.5501345,24시간 이용가능,Y,N,외부인 사용불가,아파트
2026-06-26T06:41:28.620740+09:00,뚝섬역,뚝섬역,POI025,KEY_1,서울성동 성수쌍용아파트6,EV008026,서울특별시 성동구 상원길 63,127.047109,37.5501345,24시간 이용가능,Y,Y,외부인 사용불가,아파트
2026-06-26T06:41:28.620740+09:00,발산역,발산역,POI027,KEY_3,강서 발산파크프라자(B3F),CGA00086,서울특별시 강서구 공항대로 261,126.836521,37.5591532,24시간 이용가능,Y,N,,마트(쇼핑몰)
2026-06-26T06:41:28.620740+09:00,발산역,발산역,POI027,KEY_3,강서 등촌주공3단지아파트,CGA00217,서울특별시 강서구 강서로56나길 37,126.8408743,37.5626644,24시간 이용가능,Y,Y,입주민 전용,아파트
2026-06-26T06:41:28.620740+09:00,발산역,발산역,POI027,KEY_3,강서 마곡아이파크,CGA00261,서울특별시 강서구 마곡중앙8로 90,126.8375933,37.5605730,24시간 이용가능,N,Y,입주민 전용,아파트
2026-06-26T06:41:28.620740+09:00,발산역,발산역,POI027,KEY_3,강서블리스주차타워,DL000045,서울특별시 강서구 강서로52길 34,126.8398,37.5575,24시간 이용가능,Y,N,,기타
2026-06-26T06:41:28.620740+09:00,발산역,발산역,POI027,KEY_3,건와빌딩,EP200471,서울특별시 강서구 마곡동로 56,126.8338034,37.5599779,24시간 이용가능,N,Y,시설 상황에 따라 이용이 제한될 수 있음,사업장(사옥)
2026-06-26T06:41:28.620740+09:00,발산역,발산역,POI027,KEY_3,엠펠리체호텔,EC110021,서울특별시 강서구 마곡동로4길 15,126.83524805,37.559818459,24시간 이용가능,Y,N,,숙박시설
2026-06-26T06:41:28.620740+09:00,사당역,사당역,POI029,KEY_4,남현소공원 공영주차장,CV001539,서울특별시 관악구 남현1길 28,126.97952742,37.475850042,24시간 이용가능,N,N,,공영주차장
2026-06-26T06:41:28.620740+09:00,사당역,사당역,POI029,KEY_4,서울교통공사 사당별관(임직원 전용),CGA00064,서울특별시 서초구 효령로 5,126.9847726,37.4765547,24시간 이용가능,Y,Y,임직원 외 출입제한,공공기관
2026-06-26T06:41:28.620740+09:00,서울대입구역,서울대입구역,POI031,KEY_2,관악 대우디오슈페리움 1단지(B6F),CGA00042,서울특별시 관악구 관악로 164,126.9528507,37.4796468,24시간 이용가능,Y,Y,입주민 전용,아파트
2026-06-26T06:41:28.620740+09:00,서울대입구역,서울대입구역,POI031,KEY_2,관악위버폴리스,EP190003,서울특별시 관악구 관악로 195,126.9530968,37.4825641,24시간 이용가능,Y,Y,시설 상황에 따라 이용이 제한될 수 있음,아파트
2026-06-26T06:41:28.620740+09:00,서울대입구역,서울대입구역,POI031,KEY_2,관악위버폴리스관리단 A동,EC002636,서울특별시 관악구 관악로 195,126.9532554,37.4826445,24시간 이용가능,Y,N,,아파트
2026-06-26T06:41:28.620740+09:00,서울대입구역,서울대입구역,POI031,KEY_2,신원메트로빌 B4,EC003273,서울특별시 관악구 남부순환로 1811,126.9514766,37.481685,24시간 이용가능,Y,N,,아파트
2026-06-26T06:41:28.620740+09:00,서울역,서울역,POI033,KEY_4,단암타워,AM900061,서울특별시 중구 소월로 10,126.9754111,37.55854116,24시간 이용가능,N,N,,일반주차장
2026-06-26T06:41:28.620740+09:00,서울역,서울역,POI033,KEY_4,서울중구 남산트라팰리스,EV002939,서울특별시 중구 소월로2길 30,126.9756138,37.5539952,"24시간 이용가능,입주민만 사용가능 거주자외출입제한",Y,N,외부인 사용불가,아파트
2026-06-26T06:41:28.620740+09:00,서울역,서울역,POI033,KEY_4,서울중구 남산트라팰리스2,EV005035,서울특별시 중구 소월로2길 30,126.9756127,37.5539947,24시간 이용가능,Y,N,외부인 사용불가,아파트
2026-06-26T06:41:28.620740+09:00,서울역,서울역,POI033,KEY_4,서울중구 연세대학교 봉래빌딩,EV005715,서울특별시 중구 칠패로 36,126.9728876,37.5593963,24시간 이용가능,N,N,외부인 사용불가,학교
2026-06-26T06:41:28.620740+09:00,선릉역,선릉역,POI034,KEY_1,강남 대치타워(B5F),CGA00025,서울특별시 강남구 테헤란로 424,127.0534636,37.5054685,24시간 이용가능,N,N,시설 상황에 따라 이용이 제한될 수 있음,사업장(사옥)
2026-06-26T06:41:28.620740+09:00,선릉역,선릉역,POI034,KEY_1,강남일옥빌딩(신한강남L타워),AM900055,서울특별시 강남구 테헤란로 318,127.0460709,37.50317135,24시간 이용가능,N,N,,일반주차장
2026-06-26T06:41:28.620740+09:00,선릉역,선릉역,POI034,KEY_1,서울강남 가리온빌딩,EV011039,서울특별시 강남구 삼성로85길 39,127.0542807,37.504237,24시간 이용가능,Y,N,,아파트
2026-06-26T06:41:28.620740+09:00,선릉역,선릉역,POI034,KEY_1,선릉이스타빌,CCA00003,서울특별시 강남구 테헤란로52길 15,127.04793664,37.503171784,24시간 이용가능,Y,Y,거주자외 출입제한,오피스텔
2026-06-26T06:41:28.620740+09:00,선릉역,선릉역,POI034,KEY_1,아남타워,CU200032,서울특별시 강남구 테헤란로 311,127.044811,37.5038134,24시간 이용가능,N,N,,기타
2026-06-26T06:41:28.620740+09:00,수유역,수유역,POI036,KEY_3,강북구청,CU200019,서울특별시 강북구 도봉로89길 13,127.025425,37.6391656,24시간 이용가능,N,N,,관공서
2026-06-26T06:41:28.620740+09:00,수유역,수유역,POI036,KEY_3,수유경남아너스빌,AMAM0014,서울특별시 강북구 노해로8길 22,127.024170,37.638176,24시간 이용가능,N,N,,아파트
2026-06-26T06:41:28.620740+09:00,숭례문,숭례문,POI131,KEY_4,단암타워,AM900061,서울특별시 중구 소월로 10,126.9754111,37.55854116,24시간 이용가능,N,N,,일반주차장
2026-06-26T06:41:28.620740+09:00,숭례문,숭례문,POI131,KEY_4,삼성본관빌딩,CV003877,서울특별시 중구 세종대로 67,126.975566,37.562379,06:30 ~ 23:00,N,N,,사업장(사옥)
2026-06-26T06:41:28.620740+09:00,시의회 앞,시의회 앞,POI130,KEY_1,서울도시기반시설본부,CV000259,서울특별시 중구 청계천로 8,126.978292,37.5688401,07:00~19:00,N,N,,공공기관
2026-06-26T06:41:28.620740+09:00,시의회 앞,시의회 앞,POI130,KEY_1,서울신문사 급속충전소,EP210068,서울특별시 중구 세종대로 124,126.9778737,37.5674199,24시간 이용가능,Y,N,시설 상황에 따라 이용이 제한될 수 있음,사업장(사옥)
2026-06-26T06:41:28.620740+09:00,시의회 앞,시의회 앞,POI130,KEY_1,종로 동아일보미디어센터,EP240036,서울특별시 종로구 청계천로 1,126.9780203,37.5695464,24시간 이용가능,Y,N,시설 상황에 따라 이용이 제한될 수 있음,기타
2026-06-26T06:41:28.620740+09:00,시의회 앞,시의회 앞,POI130,KEY_1,한국프레스센터,EC110009,서울특별시 중구 세종대로 124,126.9778737,37.5674199,24시간 이용가능,Y,N,,공공기관
2026-06-26T06:41:28.620740+09:00,신논현역·논현역,신논현역·논현역,POI037,KEY_2,더채플논현빌딩,AM900044,서울특별시 강남구 논현로 549,127.02599437,37.505084699,24시간 이용가능,N,N,,음식점
2026-06-26T06:41:28.620740+09:00,신논현역·논현역,신논현역·논현역,POI037,KEY_2,호텔더디자이너스리즈강남프리미어,EP020102,서울특별시 강남구 봉은사로 113,127.02587864,37.505266665,24시간 이용가능,Y,N,,기타
2026-06-26T06:41:28.620740+09:00,신논현역·논현역,신논현역·논현역,POI037,KEY_2,호텔더디자이너스리즈강남프리미어(ino),EK221028,서울특별시 강남구 봉은사로 113,127.0258786,37.5052667,24시간 이용가능,Y,N,,숙박시설
2026-06-26T06:41:28.620740+09:00,신촌·이대역,신촌·이대역,POI040,KEY_2,마포 맹그로브신촌(AMANO),EP021319,서울특별시 마포구 서강로 121,126.934014,37.55394632,24시간 이용가능,Y,N,,기타
2026-06-26T06:41:28.620740+09:00,신촌·이대역,신촌·이대역,POI040,KEY_2,서울서대문 더이음오피스텔,EV010282,서울특별시 서대문구 신촌로 63,126.9337562,37.5566118,24시간 이용가능,Y,N,외부인 사용불가,아파트
2026-06-26T06:41:28.620740+09:00,신촌·이대역,신촌·이대역,POI040,KEY_2,서울서대문 더이음오피스텔,EV010282,서울특별시 서대문구 신촌로 63,126.9337562,37.5566118,24시간 이용가능,Y,Y,외부인 사용불가,아파트
2026-06-26T06:41:28.620740+09:00,신촌·이대역,신촌·이대역,POI040,KEY_2,창천공영주차장,ME183004,"서울특별시 마포구 노고산동 33-1, B3 28",126.9389738,37.55493,24시간 이용가능,N,N,,공영주차장
2026-06-26T06:41:28.620740+09:00,신촌·이대역,신촌·이대역,POI040,KEY_2,현대백화점 신촌점(본관),EV001940,서울특별시 서대문구 신촌로 83,126.9358437,37.556081,24시간 이용가능,N,N,,백화점
2026-06-26T06:41:28.620740+09:00,신촌·이대역,신촌·이대역,POI040,KEY_2,현대백화점유플렉스 신촌점,EV001941,서울특별시 서대문구 연세로 13,126.9365584,37.556737,08:00~24:00,N,N,,백화점
2026-06-26T06:41:28.620740+09:00,쌍문역,쌍문역,POI070,KEY_3,도봉구 쌍문1동 제1공영주차장,BNBN0840,서울특별시 도봉구 우이천로38길 94 (쌍문동),127.0331174,37.6486904,~,N,N,시설 상황에 따라 이용이 제한될 수 있음,공영주차장
2026-06-26T06:41:28.620740+09:00,쌍문역,쌍문역,POI070,KEY_3,창1동 1공영주차장,BT000172,서울특별시 도봉구 도봉로112길 43,127.0371817,37.6471281,24시간 이용가능,N,N,,공영주차장
2026-06-26T06:41:28.620740+09:00,쌍문역,쌍문역,POI070,KEY_3,창동현대타운 101동 B3,EC002299,서울특별시 도봉구 도봉로114길 22-8,127.0352696,37.6471182,24시간 이용가능,Y,N,,아파트
2026-06-26T06:41:28.620740+09:00,역삼역,역삼역,POI042,KEY_1,더원역삼아파트,CU200029,서울특별시 강남구 논현로 423,127.037921,37.4978331,24시간 이용가능,Y,N,,아파트
2026-06-26T06:41:28.620740+09:00,역삼역,역삼역,POI042,KEY_1,서울 도미노피자본사,EP240020,서울특별시 강남구 역삼로25길 35,127.0388572,37.4983709,05:00~23:00,Y,N,,기타
2026-06-26T06:41:28.620740+09:00,역삼역,역삼역,POI042,KEY_1,아세아타워빌딩1,CV001284,서울특별시 강남구 논현로 430,127.038455,37.499563,24시간 이용가능,N,N,,사업장(사옥)
2026-06-26T06:41:28.620740+09:00,역삼역,역삼역,POI042,KEY_1,아세아타워빌딩2,CV000605,서울특별시 강남구 논현로 430,127.038455,37.499563,24시간 이용가능,N,N,,사업장(사옥)
2026-06-26T06:41:28.620740+09:00,역삼역,역삼역,POI042,KEY_1,아주빌딩,CV000289,서울특별시 강남구 테헤란로 201,127.0371562,37.501254,00:00~24:00,N,N,,사업장(사옥)
2026-06-26T06:41:28.620740+09:00,역삼역,역삼역,POI042,KEY_1,역삼경남아너스빌아파트,EV001933,"서울특별시 강남구 언주로85길 13 (역삼동, 경남아파트)",127.0423817,37.500567,"24시간 이용가능,입주민만 사용가능 거주자 외 출입제한",Y,N,,아파트
2026-06-26T06:41:28.620740+09:00,오목교역·목동운동장,오목교역·목동운동장,POI044,KEY_3,HK타워,CSSGI027,서울특별시 양천구 신목로 88,126.8750,37.5224,24시간 이용가능,Y,N,,골프장(CC)
2026-06-26T06:41:28.620740+09:00,오목교역·목동운동장,오목교역·목동운동장,POI044,KEY_3,HK타워,CSSGI027,서울특별시 양천구 신목로 88,126.8750,37.5224,24시간 이용가능,Y,Y,.,골프장(CC)
2026-06-26T06:41:28.620740+09:00,오목교역·목동운동장,오목교역·목동운동장,POI044,KEY_3,목1동주민센터,EV000514,서울특별시 양천구 목동서로 192,126.8711885,37.5303645,평일 09시~18시 이용가능,Y,N,,주민센터
2026-06-26T06:41:28.620740+09:00,오목교역·목동운동장,오목교역·목동운동장,POI044,KEY_3,목5동주민센터,EV000515,서울특별시 양천구 목동서로 41,126.8817174,37.5371835,평일 09시~18시 이용가능,Y,N,,주민센터
2026-06-26T06:41:28.620740+09:00,오목교역·목동운동장,오목교역·목동운동장,POI044,KEY_3,목동SBS,CV003473,서울특별시 양천구 목동서로 161,126.873548,37.52916,24시간 이용가능,Y,N,,기타
2026-06-26T06:41:28.620740+09:00,오목교역·목동운동장,오목교역·목동운동장,POI044,KEY_3,목동SBS,CV004034,서울특별시 양천구 목동서로 161,126.873548,37.52916,24시간 이용가능,Y,Y,시설 사용자 외 이용제한 있을 수 있음,기타
2026-06-26T06:41:28.620740+09:00,오목교역·목동운동장,오목교역·목동운동장,POI044,KEY_3,목동체비지주차장,EC001012,서울특별시 양천구 목동서로 45,126.8810188,37.5371662,24시간 이용가능,N,N,,공영주차장
2026-06-26T06:41:28.620740+09:00,오목교역·목동운동장,오목교역·목동운동장,POI044,KEY_3,목동현대파크빌1(지하2_3층,EP190061,서울특별시 양천구 목동동로 391,126.8802712,37.5358738,24시간 이용가능/외부인 출입제한,Y,Y,거주자외 출입제한,아파트
2026-06-26T06:41:28.620740+09:00,오목교역·목동운동장,오목교역·목동운동장,POI044,KEY_3,목동현대파크빌1(지하2_3층,EP190061,서울특별시 양천구 목동동로 391,126.8802712,37.5358738,24시간 이용가능/외부인 출입제한,Y,Y,시설 상황에 따라 이용이 제한될 수 있음,아파트
2026-06-26T06:41:28.620740+09:00,오목교역·목동운동장,오목교역·목동운동장,POI044,KEY_3,목운중학교,CU201003,서울특별시 양천구 목동동로 235,126.8724588,37.5272338,24시간 이용가능,N,Y,학교 교직원으로 제한,학교
2026-06-26T06:41:28.620740+09:00,오목교역·목동운동장,오목교역·목동운동장,POI044,KEY_3,부영그린타운1차1(지하5층),EP190101,서울특별시 양천구 목동동로 393,126.8800535,37.5361835,24시간 이용가능(거주자외 출입제한),Y,Y,거주자외 출입제한,아파트
2026-06-26T06:41:28.620740+09:00,오목교역·목동운동장,오목교역·목동운동장,POI044,KEY_3,서울양천 목동트라팰리스1,EV008906,서울특별시 양천구 오목로 299,126.87017893,37.526040889,24시간 이용가능,Y,N,외부인 출입불가,아파트
2026-06-26T06:41:28.620740+09:00,오목교역·목동운동장,오목교역·목동운동장,POI044,KEY_3,서울양천 목동트라팰리스1,EV008906,서울특별시 양천구 오목로 299,126.87017893,37.526040889,24시간 이용가능,Y,Y,외부인 출입불가,아파트
2026-06-26T06:41:28.620740+09:00,오목교역·목동운동장,오목교역·목동운동장,POI044,KEY_3,서울양천 목동트라팰리스2,EV008907,서울특별시 양천구 오목로 299,126.8703553,37.5260837,24시간 이용가능,Y,N,외부인 출입불가,아파트
2026-06-26T06:41:28.620740+09:00,오목교역·목동운동장,오목교역·목동운동장,POI044,KEY_3,서울양천 목동트라팰리스2,EV008907,서울특별시 양천구 오목로 299,126.8703553,37.5260837,24시간 이용가능,Y,Y,외부인 출입불가,아파트
2026-06-26T06:41:28.620740+09:00,오목교역·목동운동장,오목교역·목동운동장,POI044,KEY_3,서울양천 목동파라곤오피스텔,EV010981,서울특별시 양천구 목동서로 155,126.875072,37.5299956,24시간 이용가능,Y,N,,아파트
2026-06-26T06:41:28.620740+09:00,오목교역·목동운동장,오목교역·목동운동장,POI044,KEY_3,서울양천 목동현대월드타워 1,EV001279,서울특별시 양천구 목동서로 77,126.8780399,37.5359869,24시간 이용가능/입주민만 사용가능,Y,N,,아파트
2026-06-26T06:41:28.620740+09:00,오목교역·목동운동장,오목교역·목동운동장,POI044,KEY_3,서울양천 현대하이페리온2,EV006148,서울특별시 양천구 오목로 300,126.8700225,37.5248304,24시간 이용가능,N,N,외부인 사용불가,아파트
2026-06-26T06:41:28.620740+09:00,오목교역·목동운동장,오목교역·목동운동장,POI044,KEY_3,양천구 목동종합운동장,CV002165,서울특별시 양천구 안양천로 939,126.8800785,37.5292903,24시간 이용가능,N,N,,경기장
2026-06-26T06:41:28.620740+09:00,오목교역·목동운동장,오목교역·목동운동장,POI044,KEY_3,양천구 목동종합운동장 다목적경기장,CV001834,서울특별시 양천구 안양천로 939,126.882193,37.529438,24시간 이용가능,N,N,,경기장
2026-06-26T06:41:28.620740+09:00,오목교역·목동운동장,오목교역·목동운동장,POI044,KEY_3,양천파리공원,CU201005,서울특별시 양천구 목동동로 363,126.8761365,37.5338904,24시간 이용가능,N,Y,시설 상황에 따라 이용이 제한될 수 있음,공영주차장
2026-06-26T06:41:28.620740+09:00,오목교역·목동운동장,오목교역·목동운동장,POI044,KEY_3,한국방송회관,EC001045,서울특별시 양천구 목동동로 233,126.8714529,37.5269343,24시간 이용가능,N,N,,지자체시설
2026-06-26T06:41:28.620740+09:00,오목교역·목동운동장,오목교역·목동운동장,POI044,KEY_3,현대1차아파트,ER000458,서울 양천구 목동동로 240,126.8727860,37.5261442,24시간 이용가능,Y,Y,거주자 외 출입이 제한될 수 있음,아파트
2026-06-26T06:41:28.620740+09:00,오목교역·목동운동장,오목교역·목동운동장,POI044,KEY_3,현대백화점 목동점,ME20A301,서울특별시 양천구 목동동로 257,126.875324,37.526755,10:30~22:00,N,N,,백화점
2026-06-26T06:41:28.620740+09:00,용산역,용산역,POI046,KEY_1,BYD 용산 전시장,EABYDYS0,서울특별시 용산구 청파로 74,126.95955853,37.53278885,24시간 이용가능,Y,N,,기타
2026-06-26T06:41:28.620740+09:00,용산역,용산역,POI046,KEY_1,나진전자월드상가,CV003226,서울특별시 용산구 청파로 109,126.96337299,37.533687999,24시간 이용가능,N,N,,기타
2026-06-26T06:41:28.620740+09:00,용산역,용산역,POI046,KEY_1,농협은행 용산별관,EV011124,서울특별시 용산구 청파로 122,126.96473300,37.533174610,24시간 이용가능,Y,N,,아파트
2026-06-26T06:41:28.620740+09:00,용산역,용산역,POI046,KEY_1,래미안용산더센트럴 지하8층,EC100001,서울특별시 용산구 한강대로 95,126.9671051,37.5290233,24시간 이용가능,Y,N,,아파트
2026-06-26T06:41:28.620740+09:00,용산역,용산역,POI046,KEY_1,용산 서울 드래곤시티(B3F),CG000017,서울특별시 용산구 청파로20길 95,126.9627641,37.5318165,24시간 이용가능,N,N,,숙박시설
2026-06-26T06:41:28.620740+09:00,용산역,용산역,POI046,KEY_1,용산드래곤시티,CI0I000D,서울특별시 용산구 청파로20길 95,126.9608486,37.5321767,24시간 이용가능,Y,N,,기타
2026-06-26T06:41:28.620740+09:00,용산역,용산역,POI046,KEY_1,용산주차빌딩,CV001043,서울특별시 용산구 새창로49길 42,126.965343,37.534336,24시간 이용가능,N,N,,공영주차장
2026-06-26T06:41:28.620740+09:00,용산역,용산역,POI046,KEY_1,용산푸르지오 써밋,CV004691,서울특별시 용산구 한강대로 69,126.96435,37.529713,24시간 이용가능,N,N,,아파트
2026-06-26T06:41:28.620740+09:00,용산역,용산역,POI046,KEY_1,전자상가제1공영주차장,BT000153,서울특별시 용산구 새창로 170-4,126.9632615,37.5324193,24시간 이용가능,N,N,,공영주차장
2026-06-26T06:41:28.620740+09:00,용산역,용산역,POI046,KEY_1,전자상가제2공영주차장,BT000152,서울특별시 용산구 새창로 170-4,126.9632615,37.5324193,24시간 이용가능,N,N,,공영주차장
2026-06-26T06:41:28.620740+09:00,용산역,용산역,POI046,KEY_1,전자상가제3공영주차장,BT000151,서울특별시 용산구 청파로 74,126.9595585,37.53278886,24시간 이용가능,N,N,,공영주차장
2026-06-26T06:41:28.620740+09:00,용산역,용산역,POI046,KEY_1,전자상가제5공영주차장,BT000134,서울특별시 용산구 청파로 101,126.9623218,37.53334641,24시간 이용가능,N,N,,공영주차장
2026-06-26T06:41:28.620740+09:00,장지역,장지역,POI048,KEY_1,서울송파 가든파이브웍스1(B3)(급속),EV004799,서울특별시 송파구 충민로 52,127.122746,37.4777176,24시간 이용가능,Y,N,,마트(쇼핑몰)
2026-06-26T06:41:28.620740+09:00,장지역,장지역,POI048,KEY_1,아우디_송파대로 전시장(코오롱아우토),CV000762,서울특별시 송파구 충민로2길 8,127.126311,37.479341,09:00~18:00,Y,N,,서비스센터
2026-06-26T06:41:28.620740+09:00,장한평역,장한평역,POI049,KEY_2,NH농협은행 장안평금융센터,CV004337,서울특별시 동대문구 장한로 6,127.065433,37.561828,24시간 이용가능,Y,N,,금융기관
2026-06-26T06:41:28.620740+09:00,장한평역,장한평역,POI049,KEY_2,북한연구소주차장,CV004593,서울특별시 동대문구 장한로 21,127.0657727,37.563625,24시간 이용가능,N,N,,일반주차장
2026-06-26T06:41:28.620740+09:00,장한평역,장한평역,POI049,KEY_2,서울 아마노 장안스피존 주차장,AH000094,서울특별시 동대문구 장한로2길 33,127.0672183,37.5622935,24시간 이용가능,N,N,,일반주차장
2026-06-26T06:41:28.620740+09:00,장한평역,장한평역,POI049,KEY_2,서울성동_신창비바패밀리오피스텔,EV003510,서울특별시 성동구 천호대로 400,127.0633215,37.5612965,"24시간 이용가능, 아파트 입주민만 사용가능",Y,N,외부인 사용불가,아파트
2026-06-26T06:41:28.620740+09:00,장한평역,장한평역,POI049,KEY_2,아우디_동대문 전시장&서비스센터(고진모터스),CV002464,서울특별시 동대문구 천호대로 445,127.068352,37.561267,09:00~18:00,Y,N,,서비스센터
2026-06-26T06:41:28.620740+09:00,장한평역,장한평역,POI049,KEY_2,카서울닷컴,EC110042,서울특별시 성동구 자동차시장1길 96,127.0684152,37.5598669,24시간 이용가능,N,N,,기타
2026-06-26T06:41:28.620740+09:00,장한평역,장한평역,POI049,KEY_2,포르쉐 센터 세영모빌리티 성수서비스센터,CV004395,서울 성동구 가람길 283(용답동),127.0689470,37.5592970,09:00~18:00,N,Y,외부인 출입불가,서비스센터
2026-06-26T06:41:28.620740+09:00,장한평역,장한평역,POI049,KEY_2,포르쉐 센터 세영모빌리티 성수스튜디오,CV004394,"서울 성동구 천호대로 454(용답동, 포르쉐)",127.0692880,37.5604982,09:00~18:00,N,Y,외부인 출입불가,기타
2026-06-26T06:41:28.620740+09:00,천호역,천호역,POI050,KEY_3,강동비오르,CPCT0036,서울특별시 강동구 구천면로 183,127.1254,37.5412,24시간 이용가능,Y,N,시설 상황에 따라 이용이 제한될 수 있음,기타
2026-06-26T06:41:28.620740+09:00,천호역,천호역,POI050,KEY_3,뉴코아팩토리아울렛 천호점,EC110109,서울특별시 강동구 구천면로 189,127.12587933,37.541008488,24시간 이용가능,N,N,,백화점
2026-06-26T06:41:28.620740+09:00,천호역,천호역,POI050,KEY_3,서울강동 대우한강베네시티,EV006692,서울특별시 강동구 올림픽로 664,127.1249758,37.5405554,24시간 이용가능,Y,N,외부인 사용불가,아파트
2026-06-26T06:41:28.620740+09:00,천호역,천호역,POI050,KEY_3,서울시 천호역공영주차장(급속),EV003437,서울특별시 강동구 천호대로 지하 997,127.1237424,37.538579,24시간 이용가능,N,N,,공영주차장
2026-06-26T06:41:28.620740+09:00,천호역,천호역,POI050,KEY_3,천호 두산위브센티움(B5F),CGA00037,서울특별시 강동구 올림픽로70길 61,127.1269895,37.5394018,24시간 이용가능,Y,N,,아파트
2026-06-26T06:41:28.620740+09:00,천호역,천호역,POI050,KEY_3,천호 브라운스톤(1F/B6F),CGA00061,서울특별시 강동구 천호대로 1006,127.123789,37.5380514,24시간 이용가능,Y,Y,입주자외 출입제한,오피스텔
2026-06-26T06:41:28.620740+09:00,천호역,천호역,POI050,KEY_3,천호역공영주차장,CV002673,서울특별시 강동구 천호대로 997,127.125109,37.538494,24시간 이용가능,N,N,,공영주차장
2026-06-26T07:40:42.546487+09:00,광화문·덕수궁,광화문·덕수궁,POI009,KEY_2,NIA빌딩,HM110247,서울특별시 중구 청계천로 14,126.9788175,37.5687892,24시간 이용가능,Y,N,,기타
2026-06-26T07:40:42.546487+09:00,광화문·덕수궁,광화문·덕수궁,POI009,KEY_2,_광화문 D타워,HM000001,서울특별시 종로구 종로3길 17,126.9790641,37.5713112,24시간 이용가능,N,N,,사업장(사옥)
2026-06-26T07:40:42.546487+09:00,광화문·덕수궁,광화문·덕수궁,POI009,KEY_2,_광화문 D타워_급속충전소,HM000004,서울특별시 종로구 종로3길 17,126.9789963,37.5707616,24시간 이용가능,N,N,,사업장(사옥)
2026-06-26T07:40:42.546487+09:00,광화문·덕수궁,광화문·덕수궁,POI009,KEY_2,_광화문 D타워_급속충전소,HM000004,서울특별시 종로구 종로3길 17,126.9789963,37.5707616,24시간 이용가능,N,N,,마트(쇼핑몰)
2026-06-26T07:40:42.546487+09:00,광화문·덕수궁,광화문·덕수궁,POI009,KEY_2,_코리아나호텔,HM001692,서울특별시 중구 세종대로 135,126.9762472,37.5678136,24시간 이용가능,N,N,,숙박시설
2026-06-26T07:40:42.546487+09:00,광화문·덕수궁,광화문·덕수궁,POI009,KEY_2,경복궁주차장,CV002874,서울특별시 종로구 사직로 161,126.97872741,37.577568439,06:00 ~ 23:00,N,N,,관광지
2026-06-26T07:40:42.546487+09:00,광화문·덕수궁,광화문·덕수궁,POI009,KEY_2,광화문빌딩,PIH01139,서울특별시 종로구 세종대로 149,126.9761402,37.5695711,24시간 이용가능,Y,N,,기타
2026-06-26T07:40:42.546487+09:00,광화문·덕수궁,광화문·덕수궁,POI009,KEY_2,광화문오피시아빌딩,PIH00815,서울특별시 종로구 새문안로 92,126.974908,37.5696996,24시간 이용가능,Y,Y,해당 시설 정책에 따라 이용이 불가할 수 있습니다.,기타
2026-06-26T07:40:42.546487+09:00,광화문·덕수궁,광화문·덕수궁,POI009,KEY_2,교보생명 본사사옥,TDA00028,서울특별시 종로구 종로 1,126.977928,37.570957,06:00 ~ 24:00,N,N,,기타
2026-06-26T07:40:42.546487+09:00,광화문·덕수궁,광화문·덕수궁,POI009,KEY_2,극동빌딩(중구),PC001142,서울특별시 중구 남대문로5길 37,126.9786152,37.5629210,24시간 이용가능,N,N,,기타
2026-06-26T07:40:42.546487+09:00,광화문·덕수궁,광화문·덕수궁,POI009,KEY_2,기업은행 무교지점 앞 가로등형 충전소,SE000041,서울특별시 중구 무교로 20,126.9793312,37.5676442,24시간 이용가능,Y,N,,일반주차장
2026-06-26T07:40:42.546487+09:00,광화문·덕수궁,광화문·덕수궁,POI009,KEY_2,더익스체인지 서울,MI200001,서울특별시 중구 무교로 21,126.97842882,37.56786082,24시간 이용가능,N,N,,숙박시설
2026-06-26T07:40:42.546487+09:00,광화문·덕수궁,광화문·덕수궁,POI009,KEY_2,서소문청사(지상),SE000079,서울특별시 중구 덕수궁길 15,126.9748528,37.563965,평일 09:00~18:00,N,Y,관공서 차량 충전용,관공서
2026-06-26T07:40:42.546487+09:00,광화문·덕수궁,광화문·덕수궁,POI009,KEY_2,서소문청사(지하주차장),SE000012,서울특별시 중구 덕수궁길 15,126.9753987,37.5647468,평일 09:00~18:00 주말 공휴일 무료,N,N,,관공서
2026-06-26T07:40:42.546487+09:00,광화문·덕수궁,광화문·덕수궁,POI009,KEY_2,서울 종로구 KT광화문WEST빌딩,PIA00260,서울특별시 종로구 세종대로 178,126.9777920,37.5721510,24시간 이용가능,N,N,,기타
2026-06-26T07:40:42.546487+09:00,광화문·덕수궁,광화문·덕수궁,POI009,KEY_2,서울강서 가로공원지하주차장,KE001250,서울특별시 강서구 가로공원로 지하189,126.9783882,37.5666103,24시간 이용가능,N,N,,공영주차장
2026-06-26T07:40:42.546487+09:00,광화문·덕수궁,광화문·덕수궁,POI009,KEY_2,서울도시기반시설본부,CV000259,서울특별시 중구 청계천로 8,126.978292,37.5688401,07:00~19:00,N,N,,공공기관
2026-06-26T07:40:42.546487+09:00,광화문·덕수궁,광화문·덕수궁,POI009,KEY_2,서울시 본관청사,SE000014,서울특별시 중구 세종대로 110,126.9778292,37.5663174,"주중 08:00~19:00, 주말 09:00~18:00",N,N,,관공서
2026-06-26T07:40:42.546487+09:00,광화문·덕수궁,광화문·덕수궁,POI009,KEY_2,서울시 종로구 트윈트리타워,PI200814,서울특별시 종로구 율곡로 6,126.97977583,37.575453862,24시간 이용가능,Y,N,,사업장(사옥)
2026-06-26T07:40:42.546487+09:00,광화문·덕수궁,광화문·덕수궁,POI009,KEY_2,서울시청,KP000207,"서울특별시 중구 세종대로 110 (태평로1가, 서울시청)",126.9778283816,37.5663176911,주중/주말 : 05시~23시,Y,N,,지자체시설
2026-06-26T07:40:42.546487+09:00,광화문·덕수궁,광화문·덕수궁,POI009,KEY_2,서울신문사 급속충전소,EP210068,서울특별시 중구 세종대로 124,126.9778737,37.5674199,24시간 이용가능,Y,N,시설 상황에 따라 이용이 제한될 수 있음,사업장(사옥)
2026-06-26T07:40:42.546487+09:00,광화문·덕수궁,광화문·덕수궁,POI009,KEY_2,서울종로 세종로공영주차장1,EV003446,서울특별시 종로구 세종대로 지하189,126.9759148,37.5733741,24시간 이용가능,N,N,,공영주차장
2026-06-26T07:40:42.546487+09:00,광화문·덕수궁,광화문·덕수궁,POI009,KEY_2,서울종로 세종로공영주차장2,EV011538,서울특별시 종로구 세종대로 지하189,126.9759604,37.5734304,24시간 이용가능,Y,N,,공영주차장
2026-06-26T07:40:42.546487+09:00,광화문·덕수궁,광화문·덕수궁,POI009,KEY_2,서울종로 세종로공영주차장3,EV011521,서울특별시 종로구 세종대로 지하189,126.9763862,37.5738605,24시간 이용가능,Y,N,,공영주차장
2026-06-26T07:40:42.546487+09:00,광화문·덕수궁,광화문·덕수궁,POI009,KEY_2,서울종로 세종로공영주차장4,EV011522,서울특별시 종로구 세종대로 지하189,126.976307,37.5737276,24시간 이용가능,Y,N,,공영주차장
2026-06-26T07:40:42.546487+09:00,광화문·덕수궁,광화문·덕수궁,POI009,KEY_2,서울종로 세종로공영주차장5,EV011523,서울특별시 종로구 세종대로 지하189,126.9763099,37.5734911,24시간 이용가능,Y,N,,공영주차장
2026-06-26T07:40:42.546487+09:00,광화문·덕수궁,광화문·덕수궁,POI009,KEY_2,서울종로 세종로공영주차장6,EV011524,서울특별시 종로구 세종대로 지하189,126.9762505,37.5733447,24시간 이용가능,Y,N,,공영주차장
2026-06-26T07:40:42.546487+09:00,광화문·덕수궁,광화문·덕수궁,POI009,KEY_2,서울파이낸스센터(SFC),HM110219,서울특별시 중구 세종대로 136,126.97825653,37.568423217,24시간 이용가능,Y,Y,입주민 전용,사업장(사옥)
2026-06-26T07:40:42.546487+09:00,광화문·덕수궁,광화문·덕수궁,POI009,KEY_2,세종로 공영주차장,SGSIG021,서울특별시 종로구 세종대로 지하189,126.9789883,37.5735051,24시간 이용가능,Y,N,,공영주차장
2026-06-26T07:40:42.546487+09:00,광화문·덕수궁,광화문·덕수궁,POI009,KEY_2,시티투어,LI000323,서울특별시 중구 세종대로 141,126.9768842,37.5688302,비공용충전기(24시),Y,Y,[비공용]버스전용충전기,기타
2026-06-26T07:40:42.546487+09:00,광화문·덕수궁,광화문·덕수궁,POI009,KEY_2,워터 서울 광화문,BE111108,서울특별시 종로구 종로1길 50,126.978913,37.574641,24시간 이용가능,N,N,,기타
2026-06-26T07:40:42.546487+09:00,광화문·덕수궁,광화문·덕수궁,POI009,KEY_2,이마빌딩,LU001264,서울특별시 종로구 종로1길 42,126.978984,37.573903,24시간 이용가능,N,Y,시설 상황에 따라 이용이 제한될 수 있음.,사업장(사옥)
2026-06-26T07:40:42.546487+09:00,광화문·덕수궁,광화문·덕수궁,POI009,KEY_2,정부서울청사 본관,HM000680,서울특별시 종로구 세종대로 209,126.9752074,37.5749079,24시간 이용가능,N,Y,보안구역으로 출입이 제한됨,공공기관
2026-06-26T07:40:42.546487+09:00,광화문·덕수궁,광화문·덕수궁,POI009,KEY_2,정부서울청사 본관,HM000680,서울특별시 종로구 세종대로 209,126.9752074,37.5749079,24시간 이용가능,N,Y,보안구역으로 출입이 제한됨,관공서
2026-06-26T07:40:42.546487+09:00,광화문·덕수궁,광화문·덕수궁,POI009,KEY_2,정부서울청사_별관,HM001290,서울특별시 종로구 사직로8길 60,126.97509812,37.573609993,24시간 이용가능,Y,Y,보안구역으로 출입이 제한됨,관공서
2026-06-26T07:40:42.546487+09:00,광화문·덕수궁,광화문·덕수궁,POI009,KEY_2,정부서울청사_별관,HM001290,서울특별시 종로구 사직로8길 60,126.97509812,37.573609993,24시간 이용가능,Y,Y,보안구역으로 출입이 제한됨,기타
2026-06-26T07:40:42.546487+09:00,광화문·덕수궁,광화문·덕수궁,POI009,KEY_2,조선일보본사,PI752289,서울특별시 중구 세종대로21길 30,126.9758957,37.5678450,24시간 이용가능,N,N,,사업장(사옥)
2026-06-26T07:40:42.546487+09:00,광화문·덕수궁,광화문·덕수궁,POI009,KEY_2,종로 동아일보미디어센터,EP240036,서울특별시 종로구 청계천로 1,126.9780203,37.5695464,24시간 이용가능,Y,N,시설 상황에 따라 이용이 제한될 수 있음,기타
2026-06-26T07:40:42.546487+09:00,광화문·덕수궁,광화문·덕수궁,POI009,KEY_2,종로 동아일보미디어센터-A,NS850079,서울특별시 종로구 청계천로 1,126.9780203,37.56954644,24시간 이용가능,Y,N,,기타
2026-06-26T07:40:42.546487+09:00,광화문·덕수궁,광화문·덕수궁,POI009,KEY_2,종로구청,HE000240,서울특별시 종로구 삼봉로 43,126.9791,37.5728,24시간 이용가능,Y,N,,관공서
2026-06-26T07:40:42.546487+09:00,광화문·덕수궁,광화문·덕수궁,POI009,KEY_2,종로구청 공영주차장,SGSIG026,서울특별시 종로구 종로1길 42,126.97880876,37.573734865,24시간 이용가능,Y,N,,공영주차장
2026-06-26T07:40:42.546487+09:00,광화문·덕수궁,광화문·덕수궁,POI009,KEY_2,트윈트리빌딩,HM110209,서울특별시 종로구 율곡로 6,126.97977583,37.575453862,24시간 이용,Y,N,,사업장(사옥)
2026-06-26T07:40:42.546487+09:00,광화문·덕수궁,광화문·덕수궁,POI009,KEY_2,한국무역보험공사 종로,BNAB0301,서울특별시 종로구 종로 14,126.978871,37.569774,19:00~22:00,N,N,시설 상황에 따라 이용이 제한될 수 있음,기타
2026-06-26T07:40:42.546487+09:00,광화문·덕수궁,광화문·덕수궁,POI009,KEY_2,한국프레스센터,EC110009,서울특별시 중구 세종대로 124,126.9778737,37.5674199,24시간 이용가능,Y,N,,공공기관
2026-06-26T07:40:42.546487+09:00,보신각,보신각,POI010,KEY_3,_94빌딩,HM000275,서울특별시 종로구 삼봉로 94,126.9822341,37.571838,24시간 이용가능,N,N,,사업장(사옥)
2026-06-26T07:40:42.546487+09:00,보신각,보신각,POI010,KEY_3,_94빌딩,HM000275,서울특별시 종로구 삼봉로 94,126.9822341,37.571838,24시간 이용가능,N,N,,아파트
2026-06-26T07:40:42.546487+09:00,보신각,보신각,POI010,KEY_3,_SC제일은행 본점,HM000119,서울특별시 종로구 종로 47,126.9825706,37.5706114,24시간 이용가능,N,N,,금융기관
2026-06-26T07:40:42.546487+09:00,보신각,보신각,POI010,KEY_3,_영풍빌딩,HM000098,서울특별시 종로구 청계천로 41,126.9821848,37.569671,24시간 이용가능,N,N,,사업장(사옥)
2026-06-26T07:40:42.546487+09:00,보신각,보신각,POI010,KEY_3,_영풍빌딩,HM000098,서울특별시 종로구 청계천로 41,126.9821848,37.569671,24시간 이용가능,N,N,,아파트
2026-06-26T07:40:42.546487+09:00,보신각,보신각,POI010,KEY_3,그랑서울,PI724711,서울특별시 종로구 종로 33,126.9814380,37.5709618,24시간 이용가능,N,N,,사업장(사옥)
2026-06-26T07:40:42.546487+09:00,보신각,보신각,POI010,KEY_3,서린동 서울글로벌센터,UN000100,서울특별시 종로구 종로 38,126.9814806,37.5698232,24시간 이용가능,N,N,방문객 외 출입제한,지자체시설
2026-06-26T07:40:42.546487+09:00,보신각,보신각,POI010,KEY_3,서울종로 기독교대한감리회하나로,EV014513,서울특별시 종로구 인사동5길 25,126.9853924,37.5720973,24시간 이용가능,N,N,,종교시설
2026-06-26T07:40:42.546487+09:00,보신각,보신각,POI010,KEY_3,센트로폴리스(회원전용),ST111101,서울특별시 종로구 우정국로 26,126.983659,37.5714967,24시간 이용가능,N,N,,사업장(사옥)
2026-06-26T07:40:42.546487+09:00,보신각,보신각,POI010,KEY_3,종로 관정빌딩,NT101743,서울특별시 종로구 청계천로 35,126.98137,37.56933,24시간 이용가능,N,N,,기타
2026-06-26T07:40:42.546487+09:00,보신각,보신각,POI010,KEY_3,종로타워,PC001135,서울특별시 종로구 종로 51,126.9836114,37.5707451,24시간 이용가능,N,N,,기타
2026-06-26T07:40:42.546487+09:00,보신각,보신각,POI010,KEY_3,지에스건설,PI708901,서울특별시 종로구 종로 33,126.98154600,37.571280113,08:00~24:00,Y,Y,관계자 외 출입제한,사업장(사옥)
2026-06-26T07:40:42.546487+09:00,보신각,보신각,POI010,KEY_3,태화빌딩,ME174039,서울특별시 종로구 인사동5길 29,126.9850443,37.5718148,24시간 이용가능,N,N,,사업장(사옥)
2026-06-26T07:40:42.546487+09:00,보신각,보신각,POI010,KEY_3,태화빌딩,ST111107,서울특별시 종로구 인사동5길 29,126.984842,37.5719878,24시간 이용가능,Y,N,,기타
2026-06-26T07:40:42.546487+09:00,보신각,보신각,POI010,KEY_3,하나빌딩,PI709920,서울특별시 종로구 인사동5길 41,126.98417036,37.571852536,08:00~22:00,Y,Y,관계자 외 출입제한,사업장(사옥)
2026-06-26T07:40:42.546487+09:00,보신각,보신각,POI010,KEY_3,하나빌딩B,PI721862,서울특별시 종로구 인사동5길 41,126.98426546,37.571796326,24시간 이용가능,Y,N,,사업장(사옥)
2026-06-26T07:40:42.546487+09:00,보신각,보신각,POI010,KEY_3,하나빌딩B,PI721862,서울특별시 종로구 인사동5길 41,126.98426546,37.571796326,24시간 이용가능,Y,Y,시설 상황에 따라 이용이 제한될 수 있음,사업장(사옥)
2026-06-26T07:40:42.546487+09:00,서울 암사동 유적,서울 암사동 유적,POI011,KEY_4,암사동 선사유적지,HE000443,서울특별시 강동구 올림픽로 875,127.131951,37.561391,평일 09:00~18:00,Y,Y,시설 상황에 따라 이용이 제한될 수 있음,유적지
2026-06-26T07:40:42.546487+09:00,서울 암사동 유적,서울 암사동 유적,POI011,KEY_4,암사동유적주차장,CV001968,서울특별시 강동구 올림픽로 875,127.1304705,37.5591854,09:00~18:00,Y,N,,공원주차장
2026-06-26T07:40:42.546487+09:00,창덕궁·종묘,창덕궁·종묘,POI012,KEY_1,_종로플레이스,HM000019,서울특별시 종로구 창경궁로 120,126.9982793,37.5730295,24시간 이용가능,N,N,,사업장(사옥)
2026-06-26T07:40:42.546487+09:00,창덕궁·종묘,창덕궁·종묘,POI012,KEY_1,_종로플레이스,HM000019,서울특별시 종로구 창경궁로 120,126.9982793,37.5730295,24시간 이용가능,N,N,,일반주차장
2026-06-26T07:40:42.546487+09:00,창덕궁·종묘,창덕궁·종묘,POI012,KEY_1,서울시 종묘공영주차장(급속),EV003444,서울특별시 종로구 종로 157,126.9948635,37.5731335,24시간 이용가능,N,N,,공영주차장
2026-06-26T07:40:42.546487+09:00,창덕궁·종묘,창덕궁·종묘,POI012,KEY_1,서울종로 인의빌딩,EV008451,서울특별시 종로구 창경궁로 112-7,126.9980775,37.5725688,24시간 이용가능,Y,N,외부인 출입불가,아파트
2026-06-26T07:40:42.546487+09:00,창덕궁·종묘,창덕궁·종묘,POI012,KEY_1,서울종로 효성주얼리씨티 1,EV019014,서울 종로구 종로 183,126.9983200,37.5714477,24시간 이용가능,N,Y,외부인 사용불가,아파트
2026-06-26T07:40:42.546487+09:00,창덕궁·종묘,창덕궁·종묘,POI012,KEY_1,서울하나손해보험빌딩,AM900049,서울특별시 종로구 창경궁로 117,126.9970973,37.57280393,24시간 이용가능,N,N,,일반주차장
2026-06-26T07:40:42.546487+09:00,창덕궁·종묘,창덕궁·종묘,POI012,KEY_1,세운스퀘어(종로),PC000943,서울특별시 종로구 창경궁로 109,126.9970861,37.572349,24시간 이용가능,N,N,,마트(쇼핑몰)
2026-06-26T07:40:42.546487+09:00,창덕궁·종묘,창덕궁·종묘,POI012,KEY_1,종묘공영주차장,CV001050,서울특별시 종로구 종로 157,126.995828,37.5709841,24시간 이용가능,N,N,,공영주차장
2026-06-26T07:40:42.546487+09:00,창덕궁·종묘,창덕궁·종묘,POI012,KEY_1,종묘주차장,PL000339,서울특별시 종로구 종로 157,126.9948635,37.5731338,24시간 이용가능,N,Y,시설 상황에 따라 이용이 제한될 수 있음,공영주차장
2026-06-26T07:40:42.546487+09:00,창덕궁·종묘,창덕궁·종묘,POI012,KEY_1,효성주얼리시티,KP001015,서울특별시 종로구 인의동 종로 183,126.9986597409,37.5714410243,24시간,Y,Y,시설 상황에 따라 이용이 제한될 수 있음,아파트
2026-06-26T07:40:42.546487+09:00,창덕궁·종묘,창덕궁·종묘,POI012,KEY_1,효성주얼리시티(종로),PC000259,서울특별시 종로구 종로 183,126.99832,37.571447,24시간 이용가능,N,Y,거주자 외 이용이 제한될 수 있음,카페
2026-06-26T07:40:42.546487+09:00,강남 MICE 관광특구,강남 MICE 관광특구,POI001,KEY_2,BMW차징스테이션 파르나스호텔,PI204158,서울특별시 강남구 테헤란로 521,127.06075069,37.509178025,24시간 이용가능,N,N,,숙박시설
2026-06-26T07:40:42.546487+09:00,강남 MICE 관광특구,강남 MICE 관광특구,POI001,KEY_2,그랜드 인터컨티넨탈 서울 파르나스,PI715645,서울특별시 강남구 테헤란로 521,127.06085249,37.509182478,00:00~24:00,N,Y,시설 상황에 따라 이용이 제한될 수 있음,숙박시설
2026-06-26T07:40:42.546487+09:00,강남 MICE 관광특구,강남 MICE 관광특구,POI001,KEY_2,삼성동본사,KP000001,서울특별시 강남구 영동대로 512,127.06,37.51,07:00~20:00(일요일 미개방),Y,N,,공공기관
2026-06-26T07:40:42.546487+09:00,강남 MICE 관광특구,강남 MICE 관광특구,POI001,KEY_2,서울강남 삼성코엑스옥상 A존,EV018847,서울 강남구 영동대로 513,127.0591590,37.5118239,24시간 이용가능,N,N,,백화점
2026-06-26T07:40:42.546487+09:00,강남 MICE 관광특구,강남 MICE 관광특구,POI001,KEY_2,서울강남 삼성코엑스옥상 B존,EV018848,서울 강남구 영동대로 513,127.0591590,37.5118239,24시간 이용가능,N,N,,백화점
2026-06-26T07:40:42.546487+09:00,강남 MICE 관광특구,강남 MICE 관광특구,POI001,KEY_2,서울강남 삼성코엑스옥상 C존,EV018849,서울 강남구 영동대로 513,127.0591590,37.5118239,24시간 이용가능,N,N,,백화점
2026-06-26T07:40:42.546487+09:00,강남 MICE 관광특구,강남 MICE 관광특구,POI001,KEY_2,서울강남 삼성코엑스옥상 D존,EV018850,서울 강남구 영동대로 513,127.0591590,37.5118239,24시간 이용가능,N,N,,백화점
2026-06-26T07:40:42.546487+09:00,강남 MICE 관광특구,강남 MICE 관광특구,POI001,KEY_2,서울강남 코엑스옥상 1,EV004262,서울특별시 강남구 영동대로 513,127.059159,37.5118239,24시간 이용가능,Y,N,외부인 사용불가,사업장(사옥)
2026-06-26T07:40:42.546487+09:00,강남 MICE 관광특구,강남 MICE 관광특구,POI001,KEY_2,서울강남 코엑스옥상 2,EV016823,서울 강남구 영동대로 513,127.0591590,37.5118239,24시간 이용가능,N,N,,전시관
2026-06-26T07:40:42.546487+09:00,강남 MICE 관광특구,강남 MICE 관광특구,POI001,KEY_2,웨스틴 서울 파르나스,PI715650,서울특별시 강남구 봉은사로 524,127.0572509,37.5128321,09:00~18:00,N,N,,아파트
2026-06-26T07:40:42.546487+09:00,강남 MICE 관광특구,강남 MICE 관광특구,POI001,KEY_2,코엑스,HE001043,서울특별시 강남구 영동대로 513,127.059498,37.512094,24시간 이용가능,N,N,,마트(쇼핑몰)
2026-06-26T07:40:42.546487+09:00,강남 MICE 관광특구,강남 MICE 관광특구,POI001,KEY_2,한국도심공항,HE212862,서울특별시 강남구 테헤란로87길 22,127.059441,37.509498,24시간 이용가능,N,N,,기타
2026-06-26T07:40:42.546487+09:00,강남 MICE 관광특구,강남 MICE 관광특구,POI001,KEY_2,한국도심공항,ST116811,서울특별시 강남구 테헤란로87길 22,127.05944256,37.509633099,24시간 이용가능,N,N,,사업장(사옥)
2026-06-26T07:40:42.546487+09:00,강남 MICE 관광특구,강남 MICE 관광특구,POI001,KEY_2,현대백화점 무역센터점,HY000899,서울특별시 강남구 테헤란로 517,127.0597651,37.5086151,10:30 ~ 22:00,N,N,,백화점
2026-06-26T07:40:42.546487+09:00,동대문 관광특구,동대문 관광특구,POI002,KEY_3,BMW차징스테이션 던던동대문점,PI747363,서울특별시 중구 을지로 264,127.0070796,37.5657600,24시간 이용가능,N,N,,마트(쇼핑몰)
2026-06-26T07:40:42.546487+09:00,동대문 관광특구,동대문 관광특구,POI002,KEY_3,국립중앙의료원,ST111414,서울특별시 중구 을지로 245,127.0054455,37.5665973,평일 09:00~18:00,N,N,,병원
2026-06-26T07:40:42.546487+09:00,동대문 관광특구,동대문 관광특구,POI002,KEY_3,동대문 공영주차장,SE000216,서울특별시 중구 을지로45길 43,127.0121907,37.567249,24시간 이용가능,Y,N,,공영주차장
2026-06-26T07:40:42.546487+09:00,동대문 관광특구,동대문 관광특구,POI002,KEY_3,동대문 현대시티타워,HM110237,서울특별시 중구 장충단로13길 20,127.0076665,37.5687346,24시간 이용가능,Y,N,,마트(쇼핑몰)
2026-06-26T07:40:42.546487+09:00,동대문 관광특구,동대문 관광특구,POI002,KEY_3,동대문디자인플라자,KP000282,서울특별시 중구 을지로 281,127.0102634759,37.56624904920,주중/주말 : 24시간,Y,N,,마트(쇼핑몰)
2026-06-26T07:40:42.546487+09:00,동대문 관광특구,동대문 관광특구,POI002,KEY_3,동대문디자인플라자,ST111427,서울특별시 중구 을지로 281,127.0095548,37.566054,24시간 이용가능,N,N,,공영주차장
2026-06-26T07:40:42.546487+09:00,동대문 관광특구,동대문 관광특구,POI002,KEY_3,두산타워,IN120002,서울특별시 중구 장충단로 275,127.008996,37.568932,24시간 이용가능,N,Y,시설 상황에 따라 이용이 제한될 수 있음,사업장(사옥)
2026-06-26T07:40:42.546487+09:00,동대문 관광특구,동대문 관광특구,POI002,KEY_3,리마크빌동대문,IN120047,서울특별시 중구 다산로 258,127.0166,37.566,24시간 이용가능,N,N,,오피스텔
2026-06-26T07:40:42.546487+09:00,동대문 관광특구,동대문 관광특구,POI002,KEY_3,서울 중구 두산타워,PIS00003,서울특별시 중구 장충단로 275,127.0089960,37.5689320,24시간 이용가능,N,Y,시설 상황에 따라 이용이 제한될 수 있음,사업장(사옥)
2026-06-26T07:40:42.546487+09:00,동대문 관광특구,동대문 관광특구,POI002,KEY_3,서울 중구 리마크빌동대문,PIS00036,서울특별시 중구 다산로 258,127.0166000,37.5660000,24시간 이용가능,Y,N,,오피스텔
2026-06-26T07:40:42.546487+09:00,동대문 관광특구,동대문 관광특구,POI002,KEY_3,서울경찰청 기동본부(민수),PW012780,서울특별시 중구 마장로 45,127.0137086,37.5688038,관계자 외 사용 불가,N,Y,관계자 외 사용 불가,관공서
2026-06-26T07:40:42.546487+09:00,동대문 관광특구,동대문 관광특구,POI002,KEY_3,서울시 동대문공영주차장(급속),EV003445,서울특별시 중구 마장로 22,127.01211146,37.567265557,24시간 이용가능,N,N,,공영주차장
2026-06-26T07:40:42.546487+09:00,동대문 관광특구,동대문 관광특구,POI002,KEY_3,서울시 동대문디자인프라자(DDP),PI000020,서울특별시 중구 을지로 281,127.0096257,37.5668131,24시간 이용가능,Y,N,,마트(쇼핑몰)
2026-06-26T07:40:42.546487+09:00,동대문 관광특구,동대문 관광특구,POI002,KEY_3,서울시 중구 디오트,PI204319,서울특별시 중구 다산로 293,127.0149918,37.5691597,24시간 이용가능,Y,N,,기타
2026-06-26T07:40:42.546487+09:00,동대문 관광특구,동대문 관광특구,POI002,KEY_3,서울시 중구 스튜디오W,PI645185,서울특별시 중구 마장로1길 22,127.0126877,37.5688945,24시간 이용가능,Y,N,,기타
2026-06-26T07:40:42.546487+09:00,동대문 관광특구,동대문 관광특구,POI002,KEY_3,서울시 중구 헬로우APM,PI204285,서울특별시 중구 장충단로 253,127.0080789,37.5674871,24시간 이용가능,Y,N,,기타
2026-06-26T07:40:42.546487+09:00,동대문 관광특구,동대문 관광특구,POI002,KEY_3,서울시 중구 혜양섬유,PI204324,서울특별시 중구 마장로1길 18,127.0125803,37.5686636,24시간 이용가능,Y,N,,기타
2026-06-26T07:40:42.546487+09:00,동대문 관광특구,동대문 관광특구,POI002,KEY_3,서울시설공단동대문공영주차장,PI717737,서울특별시 중구 마장로 22,127.0121115,37.5672656,24시간 이용가능,N,Y,시설 상황에 따라 이용이 제한될 수 있음,공공기관
2026-06-26T07:40:42.546487+09:00,동대문 관광특구,동대문 관광특구,POI002,KEY_3,서울중구 누죤패션몰 1,EV013888,서울특별시 중구 을지로45길 62,127.0130849,37.5672038,24시간 이용가능,N,N,,마트(쇼핑몰)
2026-06-26T07:40:42.546487+09:00,동대문 관광특구,동대문 관광특구,POI002,KEY_3,서울중구 누죤패션몰 2,EV013889,서울특별시 중구 을지로45길 62,127.0130083,37.5669478,24시간 이용가능,N,N,,마트(쇼핑몰)
2026-06-26T07:40:42.546487+09:00,동대문 관광특구,동대문 관광특구,POI002,KEY_3,서울중구 누죤패션몰 3,EV013890,서울특별시 중구 을지로45길 62,127.012932,37.5667578,24시간 이용가능,N,N,,마트(쇼핑몰)
2026-06-26T07:40:42.546487+09:00,동대문 관광특구,동대문 관광특구,POI002,KEY_3,서울특별시 경찰청 제1기동단,HY000621,서울특별시 중구 마장로 45,127.0137086,37.56880383,24시간 이용가능,N,N,,일반주차장
2026-06-26T07:40:42.546487+09:00,동대문 관광특구,동대문 관광특구,POI002,KEY_3,우일타운우일프라자관리단,KL002192,서울특별시 중구 다산로 274,127.0165437,37.5674477,24시간 이용가능,Y,N,,아파트
2026-06-26T07:40:42.546487+09:00,동대문 관광특구,동대문 관광특구,POI002,KEY_3,우일타운우일프라자관리단_1,KL002199,서울특별시 중구 마장로 62,127.0166574,37.5677727,24시간 이용가능,Y,N,,아파트
2026-06-26T07:40:42.546487+09:00,동대문 관광특구,동대문 관광특구,POI002,KEY_3,중구 중구구민회관 부설주차장,BNBN0270,"서울특별시 중구 을지로39길 40 (을지로6가, 구민회관)",127.0060501,37.5684795,0000~0000,N,N,시설 상황에 따라 이용이 제한될 수 있음,사업장(사옥)
2026-06-26T07:40:42.546487+09:00,동대문 관광특구,동대문 관광특구,POI002,KEY_3,청계천 두산위브더제니스,PL030726,서울특별시 중구 다산로46길 17,127.0171229,37.5668676,24시간 이용가능,N,Y,거주자 외 이용불가,아파트
2026-06-26T07:40:42.546487+09:00,동대문 관광특구,동대문 관광특구,POI002,KEY_3,청계천 두산위브더제니스(아파트),NT100363,서울특별시 중구 다산로46길 17,127.0171229,37.5668676,24시간 이용가능,Y,Y,거주자외 출입제한,아파트
2026-06-26T07:40:42.546487+09:00,동대문 관광특구,동대문 관광특구,POI002,KEY_3,청계천 두산위브더제니스(오피스텔),NT100151,서울특별시 중구 다산로46길 17,127.0171229,37.5668676,24시간 이용가능,N,Y,시설 상황에 따라 이용이 제한될 수 있음,기타
2026-06-26T07:40:42.546487+09:00,동대문 관광특구,동대문 관광특구,POI002,KEY_3,충무아트센터,ST111422,서울특별시 중구 퇴계로 387,127.0147909,37.565941,24시간 이용가능,Y,N,,공연장
2026-06-26T07:40:42.546487+09:00,동대문 관광특구,동대문 관광특구,POI002,KEY_3,현대백화점 현대시티아울렛 동대문,KL001861,서울특별시 중구 장충단로13길 20,127.0076665,37.5687346,24시간 이용가능,Y,N,,기타
2026-06-26T07:40:42.546487+09:00,동대문 관광특구,동대문 관광특구,POI002,KEY_3,훈련원공원 노상공영주차장,SE000062,서울특별시 중구 을지로 227,127.00460121,37.567078321,24시간 이용가능,N,N,,공영주차장
2026-06-26T07:40:42.546487+09:00,명동 관광특구,명동 관광특구,POI003,KEY_4,AK타워(레스케이프호텔),IN120074,서울특별시 중구 퇴계로 67,126.9796,37.56,24시간 이용가능,N,N,,숙박시설
2026-06-26T07:40:42.546487+09:00,명동 관광특구,명동 관광특구,POI003,KEY_4,NIA빌딩,HM110247,서울특별시 중구 청계천로 14,126.9788175,37.5687892,24시간 이용가능,Y,N,,기타
2026-06-26T07:40:42.546487+09:00,명동 관광특구,명동 관광특구,POI003,KEY_4,SK텔레콤 T-타워B3,EV003214,서울특별시 중구 을지로 65,126.98546919,37.566627019,24시간 이용가능/소유주제한에따름,N,N,외부인 사용불가,사업장(사옥)
2026-06-26T07:40:42.546487+09:00,명동 관광특구,명동 관광특구,POI003,KEY_4,SK텔레콤 T-타워B4,EV003215,서울특별시 중구 을지로 65,126.98544659,37.566473847,24시간 이용가능/소유주제한에따름,N,N,외부인 사용불가,사업장(사옥)
2026-06-26T07:40:42.546487+09:00,명동 관광특구,명동 관광특구,POI003,KEY_4,SK텔레콤 T-타워B5,EV003216,서울특별시 중구 을지로 65,126.98543530,37.566325181,24시간 이용가능/소유주제한에따름,N,N,외부인 사용불가,사업장(사옥)
2026-06-26T07:40:42.546487+09:00,명동 관광특구,명동 관광특구,POI003,KEY_4,SK텔레콤 T-타워B5,EV003216,서울특별시 중구 을지로 65,126.98543530,37.566325181,24시간 이용가능/소유주제한에따름,N,Y,외부인 사용불가,사업장(사옥)
2026-06-26T07:40:42.546487+09:00,명동 관광특구,명동 관광특구,POI003,KEY_4,_KT&G 남대문타워(호텔),HM110108,서울특별시 중구 남대문로 9,126.9768823,37.5611997,24시간 이용가능,Y,N,,숙박시설
2026-06-26T07:40:42.546487+09:00,명동 관광특구,명동 관광특구,POI003,KEY_4,_교원명동빌딩,HM001712,서울특별시 중구 을지로 55,126.9840243,37.5664092,24시간 이용가능,N,N,,사업장(사옥)
2026-06-26T07:40:42.546487+09:00,명동 관광특구,명동 관광특구,POI003,KEY_4,_국제빌딩,HM000106,서울특별시 중구 남대문로 109,126.9822465,37.5669851,24시간 이용가능,N,N,,사업장(사옥)
2026-06-26T07:40:42.546487+09:00,명동 관광특구,명동 관광특구,POI003,KEY_4,_소테츠호텔즈명동점,HM001252,서울특별시 중구 남대문로5길 15,126.9787396,37.5620745,24시간 이용가능,N,N,,숙박시설
2026-06-26T07:40:42.546487+09:00,명동 관광특구,명동 관광특구,POI003,KEY_4,교원내외빌딩,HM001714,서울특별시 중구 을지로 51,126.98355506,37.566499007,24시간 이용가능,Y,N,,사업장(사옥)
2026-06-26T07:40:42.546487+09:00,명동 관광특구,명동 관광특구,POI003,KEY_4,극동빌딩(중구),PC001142,서울특별시 중구 남대문로5길 37,126.9786152,37.5629210,24시간 이용가능,N,N,,기타
2026-06-26T07:40:42.546487+09:00,명동 관광특구,명동 관광특구,POI003,KEY_4,기업은행 무교지점 앞 가로등형 충전소,SE000041,서울특별시 중구 무교로 20,126.9793312,37.5676442,24시간 이용가능,Y,N,,일반주차장
2026-06-26T07:40:42.546487+09:00,명동 관광특구,명동 관광특구,POI003,KEY_4,다동 예금보험공사,UN000089,서울특별시 중구 청계천로 30,126.9807652,37.5685405,24시간 이용가능,N,N,방문객 외 출입제한,공공기관
2026-06-26T07:40:42.546487+09:00,명동 관광특구,명동 관광특구,POI003,KEY_4,대신파이낸스센터,PI770135,서울특별시 중구 삼일대로 343,126.98715315,37.565151833,24시간 이용가능,Y,N,,사업장(사옥)
2026-06-26T07:40:42.546487+09:00,명동 관광특구,명동 관광특구,POI003,KEY_4,대신파이낸스센터B,PI770213,서울특별시 중구 삼일대로 343,126.98702865,37.565104517,24시간 이용가능,Y,N,,사업장(사옥)
2026-06-26T07:40:42.546487+09:00,명동 관광특구,명동 관광특구,POI003,KEY_4,더익스체인지 서울,MI200001,서울특별시 중구 무교로 21,126.97842882,37.56786082,24시간 이용가능,N,N,,숙박시설
2026-06-26T07:40:42.546487+09:00,명동 관광특구,명동 관광특구,POI003,KEY_4,더존을지타워,HM000330,서울특별시 중구 을지로 29,126.98102502,37.566488495,24시간 이용가능,N,N,,사업장(사옥)
2026-06-26T07:40:42.546487+09:00,명동 관광특구,명동 관광특구,POI003,KEY_4,더존을지타워,HM000330,서울특별시 중구 을지로 29,126.98102502,37.566488495,24시간 이용가능,N,N,,아파트
2026-06-26T07:40:42.546487+09:00,명동 관광특구,명동 관광특구,POI003,KEY_4,동부다동빌딩,PIH02118,서울특별시 중구 남대문로 113,126.9822856,37.5673022,24시간 이용가능,Y,N,,기타
2026-06-26T07:40:42.546487+09:00,명동 관광특구,명동 관광특구,POI003,KEY_4,롯데백화점 에비뉴엘 본점,JA110032,서울특별시 중구 남대문로 73,126.9810045,37.5641937,10:00 ~ 21:00,N,N,,백화점
2026-06-26T07:40:42.546487+09:00,명동 관광특구,명동 관광특구,POI003,KEY_4,롯데호텔 서울(소공동),JA110095,서울특별시 중구 을지로 30,126.980877,37.5645406,24시간 이용가능,N,N,,숙박시설
2026-06-26T07:40:42.546487+09:00,명동 관광특구,명동 관광특구,POI003,KEY_4,명동 아르누보센텀,NT100867,서울특별시 중구 명동7길 21,126.983857,37.5647331,24시간 이용가능,N,N,,기타
2026-06-26T07:40:42.546487+09:00,명동 관광특구,명동 관광특구,POI003,KEY_4,삼익패션타운,EC004819,서울특별시 중구 남대문시장8길 7,126.9788327,37.5601443,24시간 이용가능,Y,N,,사업장(사옥)
2026-06-26T07:40:42.546487+09:00,명동 관광특구,명동 관광특구,POI003,KEY_4,삼화타워 (완속충전기),SF003171,서울특별시 중구 을지로5길 16,126.98490635,37.566950045,09:00~18:00,N,N,해당 시설 정책에 따라 이용이 불가할 수 있습니다,기타
2026-06-26T07:40:42.546487+09:00,명동 관광특구,명동 관광특구,POI003,KEY_4,서울 중구 AK타워(레스케이프호텔),PIS00062,서울특별시 중구 퇴계로 67,126.9796000,37.5600000,24시간 이용가능,Y,N,,숙박시설
2026-06-26T07:40:42.546487+09:00,명동 관광특구,명동 관광특구,POI003,KEY_4,서울 중구 신세계메사빌딩,PIS00001,서울특별시 중구 남대문시장10길 2,126.9796444,37.5603372,24시간 이용가능,N,Y,시설 상황에 따라 이용이 제한될 수 있음,일반주차장
2026-06-26T07:40:42.546487+09:00,명동 관광특구,명동 관광특구,POI003,KEY_4,서울 중구 케이스퀘어시티,PIS00057,서울특별시 중구 청계천로 24,126.9800000,37.5685000,24시간 이용가능,N,N,,사업장(사옥)
2026-06-26T07:40:42.546487+09:00,명동 관광특구,명동 관광특구,POI003,KEY_4,서울 중구 해남2빌딩,PIS00067,서울특별시 중구 세종대로12길 12,126.9770000,37.5615000,24시간 이용가능,N,N,,사업장(사옥)
2026-06-26T07:40:42.546487+09:00,명동 관광특구,명동 관광특구,POI003,KEY_4,서울강서 가로공원지하주차장,KE001250,서울특별시 강서구 가로공원로 지하189,126.9783882,37.5666103,24시간 이용가능,N,N,,공영주차장
2026-06-26T07:40:42.546487+09:00,명동 관광특구,명동 관광특구,POI003,KEY_4,서울도시기반시설본부,CV000259,서울특별시 중구 청계천로 8,126.978292,37.5688401,07:00~19:00,N,N,,공공기관
2026-06-26T07:40:42.546487+09:00,명동 관광특구,명동 관광특구,POI003,KEY_4,서울시 본관청사,SE000014,서울특별시 중구 세종대로 110,126.9778292,37.5663174,"주중 08:00~19:00, 주말 09:00~18:00",N,N,,관공서
2026-06-26T07:40:42.546487+09:00,명동 관광특구,명동 관광특구,POI003,KEY_4,서울시 중구 브릴란테덕수궁오피스텔,PI645381,서울특별시 중구 남대문로1길 14-1,126.9779683,37.5617451,24시간 이용가능,Y,N,,오피스텔
2026-06-26T07:40:42.546487+09:00,명동 관광특구,명동 관광특구,POI003,KEY_4,서울시 중구 신한은행광교백년관,PI200800,서울특별시 중구 청계천로 54,126.9832941,37.568346,비개방(직원전용),Y,Y,비개방(직원전용),사업장(사옥)
2026-06-26T07:40:42.546487+09:00,명동 관광특구,명동 관광특구,POI003,KEY_4,서울시 중구 신한은행광교빌딩,PI204192,서울특별시 중구 남대문로10길 29,126.98419057,37.567814818,24시간 이용가능,Y,N,,금융기관
2026-06-26T07:40:42.546487+09:00,명동 관광특구,명동 관광특구,POI003,KEY_4,서울시 중구 하이헤리엇,PI645189,서울특별시 중구 퇴계로 123,126.9853643,37.5612659,24시간 이용가능,Y,N,,기타
2026-06-26T07:40:42.546487+09:00,명동 관광특구,명동 관광특구,POI003,KEY_4,서울시청,KP000207,"서울특별시 중구 세종대로 110 (태평로1가, 서울시청)",126.9778283816,37.5663176911,주중/주말 : 05시~23시,Y,N,,지자체시설
2026-06-26T07:40:42.546487+09:00,명동 관광특구,명동 관광특구,POI003,KEY_4,서울신문사 급속충전소,EP210068,서울특별시 중구 세종대로 124,126.9778737,37.5674199,24시간 이용가능,Y,N,시설 상황에 따라 이용이 제한될 수 있음,사업장(사옥)
2026-06-26T07:40:42.546487+09:00,명동 관광특구,명동 관광특구,POI003,KEY_4,서울중구 SK텔레콤 T-타워 1,EV018226,서울특별시 중구 을지로2가 11 SK텔레콤빌딩,126.9851110,37.5664830,24시간 이용가능,N,Y,외부인 사용불가,사업장(사옥)
2026-06-26T07:40:42.546487+09:00,명동 관광특구,명동 관광특구,POI003,KEY_4,서울중구 SK텔레콤 T-타워 2,EV018227,서울특별시 중구 을지로2가 11 SK텔레콤빌딩,126.9851110,37.5664830,24시간 이용가능,N,Y,외부인 사용불가,사업장(사옥)
2026-06-26T07:40:42.546487+09:00,명동 관광특구,명동 관광특구,POI003,KEY_4,서울중구 중국건설은행타워,EV013674,서울특별시 중구 명동11길 24 (을지로2가),126.9862326,37.5651287,24시간 이용가능,N,Y,외부인 사용불가,기타
2026-06-26T07:40:42.546487+09:00,명동 관광특구,명동 관광특구,POI003,KEY_4,서울중앙우체국청사,EC004965,서울특별시 중구 소공로 70,126.982169,37.5615987,24시간 이용가능,Y,N,,공공기관
2026-06-26T07:40:42.546487+09:00,명동 관광특구,명동 관광특구,POI003,KEY_4,서울직할,KP000014,서울특별시 중구 남대문로 92,126.9833704,37.56527705,08:00~19:00,Y,N,,공공기관
2026-06-26T07:40:42.546487+09:00,명동 관광특구,명동 관광특구,POI003,KEY_4,서울직할,KP000014,서울특별시 중구 남대문로 92,126.9833704,37.56527705,08:00~19:00,Y,Y,시설 상황에 따라 이용이 제한될 수 있음,공공기관
2026-06-26T07:40:42.546487+09:00,명동 관광특구,명동 관광특구,POI003,KEY_4,서울직할(공용),KP008119,서울특별시 중구 남대문로 92,126.9833390,37.5651990,평일 09:00~18:00,N,N,,공공기관
2026-06-26T07:40:42.546487+09:00,명동 관광특구,명동 관광특구,POI003,KEY_4,서울파이낸스센터(SFC),HM110219,서울특별시 중구 세종대로 136,126.97825653,37.568423217,24시간 이용가능,Y,Y,입주민 전용,사업장(사옥)
2026-06-26T07:40:42.546487+09:00,명동 관광특구,명동 관광특구,POI003,KEY_4,신세계 본점,KP003849,서울특별시 중구 소공로 63,126.9809515138,37.560986139766,09:00~18:00,Y,N,,백화점
2026-06-26T07:40:42.546487+09:00,명동 관광특구,명동 관광특구,POI003,KEY_4,에티버스타워(서울 중구),PC002030,서울특별시 중구 소월로 3,126.9762025,37.5593719,00:00 ~ 23:59,N,N,,사업장(사옥)
2026-06-26T07:40:42.546487+09:00,명동 관광특구,명동 관광특구,POI003,KEY_4,예금보험공사,HE000243,서울특별시 중구 청계천로 30,126.9807,37.5684,평일 09:00~18:00,N,N,,공공기관
2026-06-26T07:40:42.546487+09:00,명동 관광특구,명동 관광특구,POI003,KEY_4,예금보험공사,SE000232,서울특별시 중구 청계천로 30,126.9806497,37.5683427,평일 09:00~18:00,N,N,,공공기관
2026-06-26T07:40:42.546487+09:00,명동 관광특구,명동 관광특구,POI003,KEY_4,을지로 미래에셋센터원,HY000842,서울특별시 중구 을지로5길 26,126.9852059,37.5672757,24시간 이용가능,Y,N,,일반주차장
2026-06-26T07:40:42.546487+09:00,명동 관광특구,명동 관광특구,POI003,KEY_4,을지로 센터원 E-pit,HD000013,서울특별시 중구 을지로5길 26,126.9852993,37.5673298,24시간 이용가능,N,N,어댑터 사용 불가,마트(쇼핑몰)
2026-06-26T07:40:42.546487+09:00,명동 관광특구,명동 관광특구,POI003,KEY_4,장교동 한화빌딩,PL031164,서울 중구 청계천로 86,126.9865268,37.5675214,24시간 이용가능,N,N,,사업장(사옥)
2026-06-26T07:40:42.546487+09:00,명동 관광특구,명동 관광특구,POI003,KEY_4,장교빌딩 B2F,HW000011,서울특별시 중구 삼일대로 363,126.9869844,37.5670432,24시간 이용가능,N,N,,기타
2026-06-26T07:40:42.546487+09:00,명동 관광특구,명동 관광특구,POI003,KEY_4,장교빌딩 B4F,HW000012,서울특별시 중구 삼일대로 363,126.9870535,37.5671779,24시간 이용가능,N,N,,아파트
2026-06-26T07:40:42.546487+09:00,명동 관광특구,명동 관광특구,POI003,KEY_4,전국은행연합회,KP004793,서울특별시 중구 명동11길 19,126.98555803,37.564944239,09:00~18:00,Y,N,,기타
2026-06-26T07:40:42.546487+09:00,명동 관광특구,명동 관광특구,POI003,KEY_4,전국은행연합회,SF002322,서울특별시 중구 명동11길 19,126.98546000,37.565021623,24시간 이용가능,N,Y,시설 상황에 따라 이용이 제한될 수 있음,사업장(사옥)
2026-06-26T07:40:42.546487+09:00,명동 관광특구,명동 관광특구,POI003,KEY_4,중구 DGB금융센터,NT101739,서울특별시 중구 남대문로 125,126.98229,37.56837,24시간 이용가능,N,N,,기타
2026-06-26T07:40:42.546487+09:00,명동 관광특구,명동 관광특구,POI003,KEY_4,중구 한진빌딩,NT100680,서울특별시 중구 남대문로 63,126.98151327,37.563056459,24시간 이용가능,N,N,,기타
2026-06-26T07:40:42.546487+09:00,명동 관광특구,명동 관광특구,POI003,KEY_4,케이스퀘어시티,IN120060,서울특별시 중구 청계천로 24,126.98,37.5685,24시간 이용가능,N,N,,사업장(사옥)
2026-06-26T07:40:42.546487+09:00,명동 관광특구,명동 관광특구,POI003,KEY_4,페럼타워,CV003940,서울특별시 중구 을지로5길 19,126.984149,37.566935,05:00 ~ 24:00,N,N,,사업장(사옥)
2026-06-26T07:40:42.546487+09:00,명동 관광특구,명동 관광특구,POI003,KEY_4,포르쉐 HPC 데스티네이션 서울 웨스틴 조선 호텔 지상1층,CV000888,서울특별시 중구 소공로 106,126.980205,37.564463,09:00~18:00,Y,N,,숙박시설
2026-06-26T07:40:42.546487+09:00,명동 관광특구,명동 관광특구,POI003,KEY_4,포르쉐 HPC 데스티네이션 서울 웨스틴 조선 호텔 지하4층,CV002057,서울특별시 중구 소공로 106,126.980135,37.5648873,09:00~18:00,Y,N,,서비스센터
2026-06-26T07:40:42.546487+09:00,명동 관광특구,명동 관광특구,POI003,KEY_4,프레이저플레이스남대문,IN120045,서울특별시 중구 세종대로 58,126.9764,37.5613,24시간 이용가능,N,N,,숙박시설
2026-06-26T07:40:42.546487+09:00,명동 관광특구,명동 관광특구,POI003,KEY_4,하나은행 명동사옥 (급속),EP210350,서울특별시 중구 을지로 66,126.9850107,37.5651546,24시간 이용가능,N,N,시설 상황에 따라 이용이 제한될 수 있음,금융기관
2026-06-26T07:40:42.546487+09:00,명동 관광특구,명동 관광특구,POI003,KEY_4,하나은행 을지로본점 급속충전소,EP230196,"서울 중구 을지로 35 (을지로1가, (주)하나은행 본점)",126.9818658,37.5664918,24시간 이용가능,N,N,시설 상황에 따라 이용이 제한될 수 있음,금융기관
2026-06-26T07:40:42.546487+09:00,명동 관광특구,명동 관광특구,POI003,KEY_4,한국관광공사 옆 노상 공영주차장,KP002947,서울특별시 중구 다동 85-4,126.982027839,37.5681875209,24시간 이용가능,Y,N,,공영주차장
2026-06-26T07:40:42.546487+09:00,명동 관광특구,명동 관광특구,POI003,KEY_4,한국관광공사 옆 노상 공영주차장,KP002947,서울특별시 중구 다동 85-4,126.982027839,37.5681875209,24시간 이용가능,Y,Y,시설 상황에 따라 이용이 제한될 수 있음,공영주차장
2026-06-26T07:40:42.546487+09:00,명동 관광특구,명동 관광특구,POI003,KEY_4,한국관광공사(서울센터),PIH00026,서울특별시 중구 청계천로 40,126.9816005,37.5684628,24시간 이용가능,Y,N,,기타
2026-06-26T07:40:42.546487+09:00,명동 관광특구,명동 관광특구,POI003,KEY_4,한국관광공사(서울센터),PIH00026,서울특별시 중구 청계천로 40,126.9816005,37.5684628,24시간 이용가능,Y,N,해당 시설 정책에 따라 이용이 불가할 수 있습니다.,기타
2026-06-26T07:40:42.546487+09:00,명동 관광특구,명동 관광특구,POI003,KEY_4,한국프레스센터,EC110009,서울특별시 중구 세종대로 124,126.9778737,37.5674199,24시간 이용가능,Y,N,,공공기관
2026-06-26T07:40:42.546487+09:00,명동 관광특구,명동 관광특구,POI003,KEY_4,한외빌딩,PIH01960,서울특별시 중구 다동길 43,126.9816148,37.5682179,24시간 이용가능,Y,N,,기타
2026-06-26T07:40:42.546487+09:00,명동 관광특구,명동 관광특구,POI003,KEY_4,해남2빌딩,IN120077,서울특별시 중구 세종대로12길 12,126.977,37.5615,24시간 이용가능,N,N,,사업장(사옥)
2026-06-26T07:40:42.546487+09:00,이태원 관광특구,이태원 관광특구,POI004,KEY_1,서울 용산구 더블랙레이블,PIS00094,서울특별시 용산구 이태원로 214,126.9978390,37.5344623,24시간 이용가능,N,Y,임직원 전용충전소,사업장(사옥)
2026-06-26T07:40:42.546487+09:00,이태원 관광특구,이태원 관광특구,POI004,KEY_1,서울시 용산구 해밀톤관광호텔,PI200745,서울특별시 용산구 이태원로 179,126.99350846,37.534799967,24시간 이용가능,Y,N,,숙박시설
2026-06-26T07:40:42.546487+09:00,이태원 관광특구,이태원 관광특구,POI004,KEY_1,서울시 용산구청,PI000430,서울특별시 용산구 녹사평대로 150,126.9904782,37.5324527,09:00 ~ 18:00,N,N,,관공서
2026-06-26T07:40:42.546487+09:00,이태원 관광특구,이태원 관광특구,POI004,KEY_1,용산구청,SF001010,서울특별시 용산구 녹사평대로 150,126.99047882,37.532452294,09:00~18:00,N,N,해당 시설 정책에 따라 이용이 불가할 수 있습니다,공공기관
2026-06-26T07:40:42.546487+09:00,이태원 관광특구,이태원 관광특구,POI004,KEY_1,용산구청 (급속충전기),EZ100007,서울특별시 용산구 녹사평대로 150,126.9906265,37.5321643,24시간 이용가능,N,N,거주자외 출입제한,지자체시설
2026-06-26T07:40:42.546487+09:00,이태원 관광특구,이태원 관광특구,POI004,KEY_1,용산구청 (완속충전기),SF003349,서울특별시 용산구 녹사평대로 150,126.99047882,37.532452294,09:00~18:00,N,N,해당 시설 정책에 따라 이용이 불가할 수 있습니다,관공서
2026-06-26T07:40:42.546487+09:00,이태원 관광특구,이태원 관광특구,POI004,KEY_1,제일기획,TDA00021,서울특별시 용산구 이태원로 222,126.99886789,37.534783742,24시간 이용가능,Y,Y,거주자외 출입제한,기타
2026-06-26T07:40:42.546487+09:00,이태원 관광특구,이태원 관광특구,POI004,KEY_1,한남동 공영주차장,SE000139,서울특별시 용산구 이태원로 224-19,127.00026871,37.534857089,24시간 이용가능,Y,N,,주민센터
2026-06-26T07:40:42.546487+09:00,이태원 관광특구,이태원 관광특구,POI004,KEY_1,한남동공영주차장,CV001082,서울특별시 용산구 이태원로 224-19,127.000063,37.535017,24시간 이용가능,N,N,,공영주차장
2026-06-26T07:40:42.546487+09:00,이태원 관광특구,이태원 관광특구,POI004,KEY_1,해밀톤호텔,SO000055,서울특별시 용산구 이태원로 179,126.99436955,37.534846222,24시간 이용가능,Y,N,,숙박시설
2026-06-26T07:40:42.546487+09:00,이태원 관광특구,이태원 관광특구,POI004,KEY_1,현대안성타워,IM000320,서울특별시 용산구 이태원로 217,126.9979075,37.5350849,24시간 이용가능,N,N,,오피스텔
2026-06-26T07:40:42.546487+09:00,잠실 관광특구,잠실 관광특구,POI005,KEY_2,레이크해모로아파트,PI001770,서울특별시 송파구 오금로 126,127.108777,37.5113499,24시간 이용가능,Y,Y,해당 시설 정책에 따라 이용이 불가할 수 있습니다,아파트
2026-06-26T07:40:42.546487+09:00,잠실 관광특구,잠실 관광특구,POI005,KEY_2,갤러리아팰리스,KP002960,서울특별시 송파구 잠실동 40,127.094596,37.511529,,Y,Y,입주자외 출입제한 (긴급상황 이용가능),아파트
2026-06-26T07:40:42.546487+09:00,잠실 관광특구,잠실 관광특구,POI005,KEY_2,갤러리아팰리스 (서울에너지공사),SF000694,서울특별시 송파구 올림픽로 212,127.093991,37.511007,09:00~18:00,N,N,해당 시설 정책에 따라 이용이 불가할 수 있습니다,아파트
2026-06-26T07:40:42.546487+09:00,잠실 관광특구,잠실 관광특구,POI005,KEY_2,갤러리아팰리스 (서울에너지공사),SF000694,서울특별시 송파구 올림픽로 212,127.093991,37.511007,09:00~18:00,N,Y,해당 시설 정책에 따라 이용이 불가할 수 있습니다,아파트
2026-06-26T07:40:42.546487+09:00,잠실 관광특구,잠실 관광특구,POI005,KEY_2,갤러리아팰리스 (완속충전기),SF002417,서울특별시 송파구 올림픽로 212,127.09423157,37.510706779,09:00~18:00,N,N,해당 시설 정책에 따라 이용이 불가할 수 있습니다,아파트
2026-06-26T07:40:42.546487+09:00,잠실 관광특구,잠실 관광특구,POI005,KEY_2,금복빌딩,LU002418,서울 송파구 방이동 45-2,127.1142540,37.5165350,24시간 이용가능,Y,Y,시설 상황에 따라 이용이 제한될 수 있음,기타
2026-06-26T07:40:42.546487+09:00,잠실 관광특구,잠실 관광특구,POI005,KEY_2,롯데백화점잠실점,L3110114,서울특별시 송파구 올림픽로 240 (잠실동),127.0976166,37.5123289,24시간 이용가능,N,N,,백화점
2026-06-26T07:40:42.546487+09:00,잠실 관광특구,잠실 관광특구,POI005,KEY_2,롯데월드 어드벤처 서울,JA110077,서울특별시 송파구 올림픽로 240,127.0981983,37.510626,24시간 이용가능,Y,N,,관광지
2026-06-26T07:40:42.546487+09:00,잠실 관광특구,잠실 관광특구,POI005,KEY_2,롯데월드 어드벤처(마트구역) 서울,JA110075,서울특별시 송파구 올림픽로 240,127.0964718,37.5115734,24시간 이용가능,N,N,,마트(쇼핑몰)
2026-06-26T07:40:42.546487+09:00,잠실 관광특구,잠실 관광특구,POI005,KEY_2,롯데월드 어드벤처(백화점구역),JA110078,서울특별시 송파구 올림픽로 240,127.0983356,37.5117927,24시간 이용가능,N,N,,백화점
2026-06-26T07:40:42.546487+09:00,잠실 관광특구,잠실 관광특구,POI005,KEY_2,롯데월드 어드벤처(호텔구역) 서울,JA110076,서울특별시 송파구 올림픽로 240,127.1002351,37.511264,24시간 이용가능,N,N,,기타
2026-06-26T07:40:42.546487+09:00,잠실 관광특구,잠실 관광특구,POI005,KEY_2,롯데월드타워 그린카존,JA110025,서울특별시 송파구 올림픽로 300,127.1032016,37.5135139,24시간 이용가능,N,Y,업무용차량 출입 제한,마트(쇼핑몰)
2026-06-26T07:40:42.546487+09:00,잠실 관광특구,잠실 관광특구,POI005,KEY_2,롯데월드타워 지하 2층,JA110010,서울특별시 송파구 올림픽로 300,127.1044469,37.513752,00:00~24:00,N,N,,마트(쇼핑몰)
2026-06-26T07:40:42.546487+09:00,잠실 관광특구,잠실 관광특구,POI005,KEY_2,롯데월드타워 지하 3층,JA110026,서울특별시 송파구 올림픽로 300,127.1032016,37.5135139,24시간 이용가능,N,N,,백화점
2026-06-26T07:40:42.546487+09:00,잠실 관광특구,잠실 관광특구,POI005,KEY_2,서울시 송파구 올림픽공원남4문주차장,PI204092,서울특별시 송파구 올림픽로 424,127.11610438,37.517042894,24시간 이용가능,N,N,,공원
2026-06-26T07:40:42.546487+09:00,잠실 관광특구,잠실 관광특구,POI005,KEY_2,롯데타워(지하2층),JA110162,서울특별시 송파구 올림픽로 300,127.1043018,37.513713,24시간 이용가능,N,N,,기타
2026-06-26T07:40:42.546487+09:00,잠실 관광특구,잠실 관광특구,POI005,KEY_2,사보이시티잠실,PI718727,서울 송파구 오금로11길 45,127.1122278,37.5158879,24시간 이용가능,N,Y,거주자 외 출입제한,사업장(사옥)
2026-06-26T07:40:42.546487+09:00,잠실 관광특구,잠실 관광특구,POI005,KEY_2,서울 한미타워,UP013567,서울특별시 송파구 위례성대로 14,127.1139342,37.5165626,시설 운영 시간,N,N,시설 상황에 따라 이용이 제한될 수 있음,사업장(사옥)
2026-06-26T07:40:42.546487+09:00,잠실 관광특구,잠실 관광특구,POI005,KEY_2,서울놀이마당 공영주차장,ST600088,서울특별시 송파구 송파나루길 34,127.09773431,37.508683611,24시간 이용가능,N,N,,공연장
2026-06-26T07:40:42.546487+09:00,잠실 관광특구,잠실 관광특구,POI005,KEY_2,서울송파 신동아로쟌뷰,EV005690,서울특별시 송파구 석촌호수로 188,127.0980153,37.50623,24시간 이용가능,N,N,"외부인 사용불가, 주차비유료",아파트
2026-06-26T07:40:42.546487+09:00,잠실 관광특구,잠실 관광특구,POI005,KEY_2,서울송파 한성백제박물관(급속),EV008986,서울특별시 송파구 위례성대로 71,127.1208007,37.5154287,09:00~22:00만 이용가능,N,N,09:00~22:00만 이용가능,박물관
2026-06-26T07:40:42.546487+09:00,잠실 관광특구,잠실 관광특구,POI005,KEY_2,서울송파 한성백제박물관(완속),EV008987,서울특별시 송파구 위례성대로 71,127.1199196,37.5155051,09:00~22:00만 이용가능,N,N,09:00~22:00만 이용가능,박물관
2026-06-26T07:40:42.546487+09:00,잠실 관광특구,잠실 관광특구,POI005,KEY_2,서울시 송파구 롯데타워지하4층,PI204119,서울특별시 송파구 올림픽로 300,127.10253581,37.512620263,24시간 이용가능,N,N,,백화점
2026-06-26T07:40:42.546487+09:00,잠실 관광특구,잠실 관광특구,POI005,KEY_2,서울시 송파구 미켈란호수가,PI200896,서울특별시 송파구 석촌호수로 230,127.10231832,37.507414899,24시간 이용가능,Y,N,,아파트
2026-06-26T07:40:42.546487+09:00,잠실 관광특구,잠실 관광특구,POI005,KEY_2,서울시 송파구 올림픽공원남2문주차장,PI204162,서울특별시 송파구 올림픽로 424,127.12468075,37.514984370,24시간 이용가능,N,N,,공원
2026-06-26T07:40:42.546487+09:00,잠실 관광특구,잠실 관광특구,POI005,KEY_2,서울시 송파구 올림픽공원파크텔,PI204121,서울특별시 송파구 올림픽로 424,127.116973,37.522991,24시간 이용가능,N,N,,공원
2026-06-26T07:40:42.546487+09:00,잠실 관광특구,잠실 관광특구,POI005,KEY_2,서울시 송파구 올림픽스포츠콤플렉스,PI204270,서울특별시 송파구 올림픽로 424,127.11551787,37.520339698,24시간 이용가능,Y,N,,사업장(사옥)
2026-06-26T07:40:42.546487+09:00,잠실 관광특구,잠실 관광특구,POI005,KEY_2,서울시 송파구 잠실벨솔레오피스텔,PI200750,서울특별시 송파구 올림픽로34길 5-13,127.111305,37.5164187,24시간 이용가능,Y,N,,숙박시설
2026-06-26T07:40:42.546487+09:00,잠실 관광특구,잠실 관광특구,POI005,KEY_2,서울시 송파구 케이티송파타워,PI200982,서울특별시 송파구 잠실로 209,127.1063644,37.5138711,24시간 이용가능,N,Y,비개방(관용차전용),기타
2026-06-26T07:40:42.546487+09:00,잠실 관광특구,잠실 관광특구,POI005,KEY_2,서울시 송파구 현대토픽스빌딩,PI204231,서울특별시 송파구 위례성대로 6 (방이동),127.1131514,37.5168419,24시간 이용가능,Y,N,,기타
2026-06-26T07:40:42.546487+09:00,잠실 관광특구,잠실 관광특구,POI005,KEY_2,서울시 잠실역공영주차장(급속),EV003440,서울특별시 송파구 올림픽로 지하 265,127.1018579,37.5138593,24시간 이용가능,N,N,,공영주차장
2026-06-26T07:40:42.546487+09:00,잠실 관광특구,잠실 관광특구,POI005,KEY_2,서울올림픽공원 남2문주차장,ME19X403,서울특별시 송파구 올림픽로,127.123837,37.514973,24시간 이용가능,Y,N,,공원
2026-06-26T07:40:42.546487+09:00,잠실 관광특구,잠실 관광특구,POI005,KEY_2,서호1공영주차장,ST600005,서울특별시 송파구 송파나루길 256,127.1011474,37.5105379,24시간 이용가능,Y,N,,공영주차장
2026-06-26T07:40:42.546487+09:00,잠실 관광특구,잠실 관광특구,POI005,KEY_2,석촌호수효성해링턴타워,DL000014,서울특별시 송파구 석촌호수로 210,127.1003,37.50656,24시간 이용가능,N,N,,오피스텔
2026-06-26T07:40:42.546487+09:00,잠실 관광특구,잠실 관광특구,POI005,KEY_2,송파 여흥레이크빌아파트,NT102186,서울특별시 송파구 석촌호수로 278,127.10652,37.51038,24시간 이용가능,N,Y,거주자외 출입제한,아파트
2026-06-26T07:40:42.546487+09:00,잠실 관광특구,잠실 관광특구,POI005,KEY_2,송파구청,KP000108,서울특별시 송파구 신천동 29-5 송파구청 앞,127.1060852,37.5146124,주중/주말 : 24시간,Y,N,,지자체시설
2026-06-26T07:40:42.546487+09:00,잠실 관광특구,잠실 관광특구,POI005,KEY_2,송파구청 지하주차장 (서울에너지공사),SF000712,서울특별시 송파구 올림픽로 326,127.10586,37.5144772,09:00~18:00,N,Y,해당 시설 정책에 따라 이용이 불가할 수 있습니다,관공서
2026-06-26T07:40:42.546487+09:00,잠실 관광특구,잠실 관광특구,POI005,KEY_2,시그니엘 레지던스,JA110177,서울특별시 송파구 올림픽로 300,127.1043018,37.513713,24시간 이용가능,N,N,,아파트
2026-06-26T07:40:42.546487+09:00,잠실 관광특구,잠실 관광특구,POI005,KEY_2,신동아타워(송파),PC000249,서울특별시 송파구 오금로11길 33,127.1105896,37.515623,24시간 이용가능,N,N,,음식점
2026-06-26T07:40:42.546487+09:00,잠실 관광특구,잠실 관광특구,POI005,KEY_2,여흥레이크빌,PI708632,서울특별시 송파구 석촌호수로 278,127.1065227,37.5103866,08:00~22:00,Y,Y,거주자외 출입제한,아파트
2026-06-26T07:40:42.546487+09:00,잠실 관광특구,잠실 관광특구,POI005,KEY_2,올림픽공원,ME19A152,서울특별시 송파구 올림픽로 424,127.115847,37.5171577,24시간 이용가능,N,N,,공원
2026-06-26T07:40:42.546487+09:00,잠실 관광특구,잠실 관광특구,POI005,KEY_2,임마누엘교회,PIH00524,서울특별시 송파구 위례성대로 28,127.115313,37.5159733,평일 9~18시(일요일 미개방),Y,N,,종교시설
2026-06-26T07:40:42.546487+09:00,잠실 관광특구,잠실 관광특구,POI005,KEY_2,잠실공영주차장,SF001163,서울특별시 송파구 올림픽로 300,127.10444689,37.513751961,09:00~18:00,N,N,해당 시설 정책에 따라 이용이 불가할 수 있습니다,공영주차장
2026-06-26T07:40:42.546487+09:00,잠실 관광특구,잠실 관광특구,POI005,KEY_2,잠실대우레이크월드,PIH00563,서울특별시 송파구 석촌호수로 298,127.1081705,37.511566,24시간 이용가능,Y,N,,오피스텔
2026-06-26T07:40:42.546487+09:00,잠실 관광특구,잠실 관광특구,POI005,KEY_2,잠실리시온,PL000806,서울특별시 송파구 오금로 87,127.1074248,37.5146092,24시간 이용가능,N,Y,시설 상황에 따라 이용이 제한될 수 있음,아파트
2026-06-26T07:40:42.546487+09:00,잠실 관광특구,잠실 관광특구,POI005,KEY_2,잠실엘퍼스트오피스텔,CA000106,서울특별시 송파구 백제고분로51길 7,127.11466980,37.515822625,24시간 이용가능,N,Y,거주자 외 출입제한,오피스텔
2026-06-26T07:40:42.546487+09:00,잠실 관광특구,잠실 관광특구,POI005,KEY_2,잠실역 공영주차장,SGSIG014,서울특별시 송파구 올림픽로 300,127.10343320,37.513101157,24시간 이용가능,Y,N,,공영주차장
2026-06-26T07:40:42.546487+09:00,잠실 관광특구,잠실 관광특구,POI005,KEY_2,잠실역공영주차장,HE240197,서울특별시 송파구 올림픽로 300,127.1034332,37.5131012,24시간 이용가능,Y,N,,공영주차장
2026-06-26T07:40:42.546487+09:00,잠실 관광특구,잠실 관광특구,POI005,KEY_2,현대레이크빌(송파),PC000244,서울특별시 송파구 석촌호수로 284,127.1069794,37.5107286,24시간 이용가능,N,Y,거주자 외 사용 제한될 수 있음,아파트
2026-06-26T07:40:42.546487+09:00,잠실 관광특구,잠실 관광특구,POI005,KEY_2,현대주상복합아파트,PWE06820,서울특별시 송파구 오금로11길 55,127.11329984,37.515493730,24시간 이용가능,Y,Y,거주자외 출입제한,아파트
2026-06-26T07:40:42.546487+09:00,잠실 관광특구,잠실 관광특구,POI005,KEY_2,효성올림픽카운티,DL000052,서울특별시 송파구 백제고분로 497,127.1146,37.5149,24시간 이용가능,Y,N,,아파트
2026-06-26T07:40:42.546487+09:00,종로·청계 관광특구,종로·청계 관광특구,POI006,KEY_3,JW메리어트동대문스퀘어 (완속충전기),SF003082,서울특별시 종로구 청계천로 279,127.00874382,37.570448532,09:00~18:00,N,N,해당 시설 정책에 따라 이용이 불가할 수 있습니다,숙박시설
2026-06-26T07:40:42.546487+09:00,종로·청계 관광특구,종로·청계 관광특구,POI006,KEY_3,SK서린빌딩,ST601273,서울특별시 종로구 종로 26,126.9803037,37.5696913,06:00~24:00,Y,N,,일반주차장
2026-06-26T07:40:42.546487+09:00,종로·청계 관광특구,종로·청계 관광특구,POI006,KEY_3,SK서린빌딩(종로),PC001801,서울특별시 종로구 종로 26,126.9802956,37.5697933,미개방,N,N,,사업장(사옥)
2026-06-26T07:40:42.546487+09:00,종로·청계 관광특구,종로·청계 관광특구,POI006,KEY_3,_영풍빌딩,HM000098,서울특별시 종로구 청계천로 41,126.9821848,37.569671,24시간 이용가능,N,N,,사업장(사옥)
2026-06-26T07:40:42.546487+09:00,종로·청계 관광특구,종로·청계 관광특구,POI006,KEY_3,_영풍빌딩,HM000098,서울특별시 종로구 청계천로 41,126.9821848,37.569671,24시간 이용가능,N,N,,아파트
2026-06-26T07:40:42.546487+09:00,종로·청계 관광특구,종로·청계 관광특구,POI006,KEY_3,동대문종합시장 (완속충전기),SF003354,서울특별시 종로구 종로 266,127.00732867,37.570706493,09:00~18:00,N,N,해당 시설 정책에 따라 이용이 불가할 수 있습니다,마트(쇼핑몰)
2026-06-26T07:40:42.546487+09:00,종로·청계 관광특구,종로·청계 관광특구,POI006,KEY_3,서린동 서울글로벌센터,UN000100,서울특별시 종로구 종로 38,126.9814806,37.5698232,24시간 이용가능,N,N,방문객 외 출입제한,지자체시설
2026-06-26T07:40:42.546487+09:00,종로·청계 관광특구,종로·청계 관광특구,POI006,KEY_3,서린빌딩(입주사 전용),ST111104,서울특별시 종로구 돈화문로11길 지하26,126.9803038,37.5696912,24시간 이용가능,N,Y,입주사 전용,사업장(사옥)
2026-06-26T07:40:42.546487+09:00,종로·청계 관광특구,종로·청계 관광특구,POI006,KEY_3,시즌상가관리단,LU000948,서울 종로구 지봉로 19,127.0152020,37.5717390,24시간 이용가능,Y,Y,시설 상황에 따라 이용이 제한될 수 있음.,마트(쇼핑몰)
2026-06-26T07:40:42.546487+09:00,종로·청계 관광특구,종로·청계 관광특구,POI006,KEY_3,종로 관정빌딩,NT101743,서울특별시 종로구 청계천로 35,126.98137,37.56933,24시간 이용가능,N,N,,기타
2026-06-26T07:40:42.546487+09:00,종로·청계 관광특구,종로·청계 관광특구,POI006,KEY_3,종로 동아일보미디어센터,EP240036,서울특별시 종로구 청계천로 1,126.9780203,37.5695464,24시간 이용가능,Y,N,시설 상황에 따라 이용이 제한될 수 있음,기타
2026-06-26T07:40:42.546487+09:00,종로·청계 관광특구,종로·청계 관광특구,POI006,KEY_3,종로 동아일보미디어센터-A,NS850079,서울특별시 종로구 청계천로 1,126.9780203,37.56954644,24시간 이용가능,Y,N,,기타
2026-06-26T07:40:42.546487+09:00,종로·청계 관광특구,종로·청계 관광특구,POI006,KEY_3,한국무역보험공사 종로,BNAB0301,서울특별시 종로구 종로 14,126.978871,37.569774,19:00~22:00,N,N,시설 상황에 따라 이용이 제한될 수 있음,기타
2026-06-26T07:40:42.546487+09:00,홍대 관광특구,홍대 관광특구,POI007,KEY_4,BMW차징스테이션 메세나폴리스,PI645240,서울특별시 마포구 양화로 45,126.91379817,37.550979915,24시간 이용가능,Y,N,,기타
2026-06-26T07:40:42.546487+09:00,홍대 관광특구,홍대 관광특구,POI007,KEY_4,_합정역H스퀘어,HM110243,서울특별시 마포구 양화로 81,126.91668366,37.552025522,24시간 이용가능,N,N,,기타
2026-06-26T07:40:42.546487+09:00,홍대 관광특구,홍대 관광특구,POI007,KEY_4,_홍대아일렉스스퀘어,HM110202,서울특별시 마포구 양화로 147,126.92205450,37.556050252,24시간 이용,N,N,,영화관
2026-06-26T07:40:42.546487+09:00,홍대 관광특구,홍대 관광특구,POI007,KEY_4,라이즈오토그래프컬렉션,SDSD0004,서울특별시 마포구 양화로 130,126.92128,37.5543695,24시간 이용가능,N,N,,숙박시설
2026-06-26T07:40:42.546487+09:00,홍대 관광특구,홍대 관광특구,POI007,KEY_4,롯데 L7홍대,JA110099,서울특별시 마포구 양화로 141,126.9215903,37.5558282,24시간 이용가능,N,N,,기타
2026-06-26T07:40:42.546487+09:00,홍대 관광특구,홍대 관광특구,POI007,KEY_4,마포 동양한강트레벨오피스텔(B3F),CGA00022,서울특별시 마포구 양화로 56,126.9150619,37.5497514,24시간 이용가능,Y,Y,거주자외 출입제한,오피스텔
2026-06-26T07:40:42.546487+09:00,홍대 관광특구,홍대 관광특구,POI007,KEY_4,마포 메세나폴리스아파트,EV000122,서울특별시 마포구 양화로 45,126.913952,37.5515013,"24시간 이용가능,입주민만 사용가능 거주자외출입제한",Y,N,,아파트
2026-06-26T07:40:42.546487+09:00,홍대 관광특구,홍대 관광특구,POI007,KEY_4,마포 세아타워,NT101424,서울특별시 마포구 양화로 45,126.91366963,37.549836989,24시간 이용가능,N,N,,기타
2026-06-26T07:40:42.546487+09:00,홍대 관광특구,홍대 관광특구,POI007,KEY_4,메세나폴리스 아파트,KP001369,서울특별시 용산구 용산동2가 녹사평대로 245,126.913787,37.551047,24시간 이용가능,Y,Y,시설 상황에 따라 이용이 제한될 수 있음,아파트
2026-06-26T07:40:42.546487+09:00,홍대 관광특구,홍대 관광특구,POI007,KEY_4,삼윤빌딩,LU000873,서울특별시 마포구 서교동 371-14 삼윤빌딩,126.919240,37.552781,평일 09:00~18:00,N,Y,시설 상황에 따라 이용이 제한될 수 있음.,기타
2026-06-26T07:40:42.546487+09:00,홍대 관광특구,홍대 관광특구,POI007,KEY_4,상수동 아뜨리에,SF000496,서울특별시 마포구 와우산로 49,126.922698,37.548958,09:00~18:00,N,Y,해당 시설 정책에 따라 이용이 불가할 수 있습니다,사업장(사옥)
2026-06-26T07:40:42.546487+09:00,홍대 관광특구,홍대 관광특구,POI007,KEY_4,상진빌딩,ST114416,서울특별시 마포구 양화로 165,126.9236167,37.5572038,24시간 이용가능,N,N,,기타
2026-06-26T07:40:42.546487+09:00,홍대 관광특구,홍대 관광특구,POI007,KEY_4,서교빌딩점,SBSB0023,서울특별시 마포구 양화로 78,126.917137,37.551245,24시간 이용가능,N,N,,기타
2026-06-26T07:40:42.546487+09:00,홍대 관광특구,홍대 관광특구,POI007,KEY_4,서교푸르지오,PL005123,서울특별시 마포구 홍익로 10,126.9236938,37.5537620,24시간 이용가능,N,Y,시설 상황에 따라 이용이 제한될 수 있음,아파트
2026-06-26T07:40:42.546487+09:00,홍대 관광특구,홍대 관광특구,POI007,KEY_4,서울 마포구 월드컵북로4길 61 (저압수용가),SF002341,서울특별시 마포구 월드컵북로4길 61,126.92224960,37.558787430,09:00~18:00,N,N,해당 시설 정책에 따라 이용이 불가할 수 있습니다,빌라
2026-06-26T07:40:42.546487+09:00,홍대 관광특구,홍대 관광특구,POI007,KEY_4,서울마포 LC타워,EV006436,서울특별시 마포구 양화로 186,126.9258931,37.5576685,24시간 이용가능,N,N,외부인 사용불가,아파트
2026-06-26T07:40:42.546487+09:00,홍대 관광특구,홍대 관광특구,POI007,KEY_4,서울마포 LG팰리스빌딩 1,EV015095,서울특별시 마포구 양화로 156,126.9234466,37.5561131,24시간 이용가능,N,N,,사업장(사옥)
2026-06-26T07:40:42.546487+09:00,홍대 관광특구,홍대 관광특구,POI007,KEY_4,서울마포 LG팰리스빌딩 2,EV015096,서울특별시 마포구 양화로 156,126.9234466,37.5561131,24시간 이용가능,N,N,,사업장(사옥)
2026-06-26T07:40:42.546487+09:00,홍대 관광특구,홍대 관광특구,POI007,KEY_4,서울마포 LG팰리스빌딩 3,EV015097,서울특별시 마포구 양화로 156,126.9234466,37.5561131,24시간 이용가능,N,N,,사업장(사옥)
2026-06-26T07:40:42.546487+09:00,홍대 관광특구,홍대 관광특구,POI007,KEY_4,서울마포 LG팰리스빌딩 4,EV015098,서울특별시 마포구 양화로 156,126.9234466,37.5561131,24시간 이용가능,N,N,,사업장(사옥)
2026-06-26T07:40:42.546487+09:00,홍대 관광특구,홍대 관광특구,POI007,KEY_4,서울마포 서교동 효성해링턴타워 1,EV020414,서울 마포구 양화로 72,126.9164940,37.5508138,24시간 이용가능,N,Y,외부인 사용불가,아파트
2026-06-26T07:40:42.546487+09:00,홍대 관광특구,홍대 관광특구,POI007,KEY_4,서울마포 서교동 효성해링턴타워 2,EV020415,서울 마포구 양화로 72,126.9164940,37.5508138,24시간 이용가능,N,Y,외부인 사용불가,아파트
2026-06-26T07:40:42.546487+09:00,홍대 관광특구,홍대 관광특구,POI007,KEY_4,서울마포 서교동 효성해링턴타워 3,EV020416,서울 마포구 양화로 72,126.9164940,37.5508138,24시간 이용가능,N,Y,외부인 사용불가,아파트
2026-06-26T07:40:42.546487+09:00,홍대 관광특구,홍대 관광특구,POI007,KEY_4,서울마포 홍익인간오피스텔,EV012911,서울특별시 마포구 양화로 183,126.9251484,37.5583675,24시간 이용가능,N,N,,오피스텔
2026-06-26T07:40:42.546487+09:00,홍대 관광특구,홍대 관광특구,POI007,KEY_4,서울시 마포구 동양한강트레벨,PI204065,서울특별시 마포구 양화로 56,126.91504711,37.549758165,24시간 이용가능,Y,N,,아파트
2026-06-26T07:40:42.546487+09:00,홍대 관광특구,홍대 관광특구,POI007,KEY_4,서울시 마포구 메세나폴리스,PI645246,서울특별시 마포구 양화로 45,126.91384372,37.550738931,24시간 이용가능,Y,N,,기타
2026-06-26T07:40:42.546487+09:00,홍대 관광특구,홍대 관광특구,POI007,KEY_4,서울시 마포구 웨딩시그니처,PI204268,서울특별시 마포구 양화로 87,126.9173226,37.5525738,24시간 이용가능,Y,N,,기타
2026-06-26T07:40:42.546487+09:00,홍대 관광특구,홍대 관광특구,POI007,KEY_4,서울시 삼진제약사옥,PI717182,서울특별시 마포구 와우산로 121,126.926757,37.5535088,24시간 이용가능,N,N,,사업장(사옥)
2026-06-26T07:40:42.546487+09:00,홍대 관광특구,홍대 관광특구,POI007,KEY_4,세아타워 지하4층 주차장-1,EC003240,서울특별시 마포구 양화로 45,126.91357,37.5501103,24시간 이용가능,N,N,,마트(쇼핑몰)
2026-06-26T07:40:42.546487+09:00,홍대 관광특구,홍대 관광특구,POI007,KEY_4,세아타워 지하4층 주차장-2,EC003241,서울특별시 마포구 양화로 45,126.9135587,37.5500697,24시간 이용가능,N,N,,마트(쇼핑몰)
2026-06-26T07:40:42.546487+09:00,홍대 관광특구,홍대 관광특구,POI007,KEY_4,영화진흥위원회,EP210306,서울특별시 마포구 와우산로 143,126.9289464,37.5542498,24시간 이용가능,Y,N,,사업장(사옥)
2026-06-26T07:40:42.546487+09:00,홍대 관광특구,홍대 관광특구,POI007,KEY_4,채비스테이 홍대,CV004090,서울특별시 마포구 양화로 85,126.917072,37.552269,24시간 이용가능,Y,N,,카페
2026-06-26T07:40:42.546487+09:00,홍대 관광특구,홍대 관광특구,POI007,KEY_4,홍대 와이즈파크,NT101519,서울특별시 마포구 양화로 176,126.92498,37.55724,24시간 이용가능,N,N,,기타
2026-06-26T07:40:42.546487+09:00,고척돔,고척돔,POI086,KEY_2,고척스카이돔,KP003028,서울특별시 구로구 경인로 430,126.866274181,37.4985266401,24시간 이용가능,Y,N,,경기장
2026-06-26T07:40:42.546487+09:00,고척돔,고척돔,POI086,KEY_2,고척스카이돔,SE000060,서울특별시 구로구 안양천로 545,126.86734135,37.496180722,24시간 이용가능,Y,N,,공공기관
2026-06-26T07:40:42.546487+09:00,고척돔,고척돔,POI086,KEY_2,서울시 구로구 구로소방서,PI000740,서울특별시 구로구 경인로 408,126.8652147,37.497792,평일 09:00 ~ 18:00,Y,N,,공공기관
2026-06-26T07:40:42.546487+09:00,광화문광장,광화문광장,POI088,KEY_4,교보생명 본사사옥,TDA00028,서울특별시 종로구 종로 1,126.977928,37.570957,06:00 ~ 24:00,N,N,,기타
2026-06-26T07:40:42.546487+09:00,광화문광장,광화문광장,POI088,KEY_4,서울 종로구 KT광화문WEST빌딩,PIA00260,서울특별시 종로구 세종대로 178,126.9777920,37.5721510,24시간 이용가능,N,N,,기타
2026-06-26T07:40:42.546487+09:00,광화문광장,광화문광장,POI088,KEY_4,서울종로 세종로공영주차장1,EV003446,서울특별시 종로구 세종대로 지하189,126.9759148,37.5733741,24시간 이용가능,N,N,,공영주차장
2026-06-26T07:40:42.546487+09:00,광화문광장,광화문광장,POI088,KEY_4,서울종로 세종로공영주차장2,EV011538,서울특별시 종로구 세종대로 지하189,126.9759604,37.5734304,24시간 이용가능,Y,N,,공영주차장
2026-06-26T07:40:42.546487+09:00,광화문광장,광화문광장,POI088,KEY_4,서울종로 세종로공영주차장3,EV011521,서울특별시 종로구 세종대로 지하189,126.9763862,37.5738605,24시간 이용가능,Y,N,,공영주차장
2026-06-26T07:40:42.546487+09:00,광화문광장,광화문광장,POI088,KEY_4,서울종로 세종로공영주차장4,EV011522,서울특별시 종로구 세종대로 지하189,126.976307,37.5737276,24시간 이용가능,Y,N,,공영주차장
2026-06-26T07:40:42.546487+09:00,광화문광장,광화문광장,POI088,KEY_4,서울종로 세종로공영주차장5,EV011523,서울특별시 종로구 세종대로 지하189,126.9763099,37.5734911,24시간 이용가능,Y,N,,공영주차장
2026-06-26T07:40:42.546487+09:00,광화문광장,광화문광장,POI088,KEY_4,서울종로 세종로공영주차장6,EV011524,서울특별시 종로구 세종대로 지하189,126.9762505,37.5733447,24시간 이용가능,Y,N,,공영주차장
2026-06-26T07:40:42.546487+09:00,국립중앙박물관·용산가족공원,국립중앙박물관·용산가족공원,POI089,KEY_1,국립 중앙 박물관,KP003084,서울특별시 용산구 용산동6가 11-426,126.97937719206,37.52388271089,24시간 이용가능,Y,N,,공공기관
2026-06-26T07:40:42.546487+09:00,국립중앙박물관·용산가족공원,국립중앙박물관·용산가족공원,POI089,KEY_1,국립중앙박물관,HM001659,서울특별시 용산구 서빙고로 137,126.9777479,37.5247677,24시간 이용가능,Y,N,,박물관
2026-06-26T07:40:42.546487+09:00,국립중앙박물관·용산가족공원,국립중앙박물관·용산가족공원,POI089,KEY_1,국립한글박물관 지하주차장,SE000089,서울특별시 용산구 서빙고로 139,126.9804863,37.5210688,10:00~18:00,N,N,,공공기관
2026-06-26T07:40:42.546487+09:00,국립중앙박물관·용산가족공원,국립중앙박물관·용산가족공원,POI089,KEY_1,용산가족공원,EV000663,서울특별시 용산구 서빙고로 185,126.984593,37.5201155,"평일 10:00-17:00/토,휴일 10:00-20:00",N,Y,시설 상황에 따라 이용이 제한될 수 있음,공원
2026-06-26T07:40:42.546487+09:00,남산공원,남산공원,POI091,KEY_3,YTN 남산 N타워,HM110155,서울특별시 용산구 남산공원길 105,126.9878678,37.5511226,24시간 이용,Y,N,,관광지
2026-06-26T07:40:42.546487+09:00,남산공원,남산공원,POI091,KEY_3,YTN 남산 N타워,HM110155,서울특별시 용산구 남산공원길 105,126.9878678,37.5511226,24시간 이용,Y,N,,기타
2026-06-26T07:40:42.546487+09:00,남산공원,남산공원,POI091,KEY_3,국립극장,DO000048,서울특별시 중구 장충단로 59,127.000269,37.553619,24시간 이용가능,Y,N,,공연장
2026-06-26T07:40:42.546487+09:00,남산공원,남산공원,POI091,KEY_3,국립중앙극장,KP003993,서울특별시 중구 장충단로 59,127.0007752174,37.553513900653,24시간 이용가능,N,Y,관람장 시설 이용자로 제한,관람장
2026-06-26T07:40:42.546487+09:00,남산공원,남산공원,POI091,KEY_3,국립중앙극장-1,ME22D402,서울특별시 중구 장충단로59,127.0001305,37.5528698,부분개방(07:00~23:00),N,N,,공연장
2026-06-26T07:40:42.546487+09:00,남산공원,남산공원,POI091,KEY_3,국립중앙극장-2,ME22D134,서울특별시 중구 장충단로59,127.0001305,37.5528698,부분개방(07:00~23:00),N,N,,공연장
2026-06-26T07:40:42.546487+09:00,남산공원,남산공원,POI091,KEY_3,남산청사,SE000004,서울특별시 중구 삼일대로 231,126.9922176,37.5556326,평일 09:00~18:00,Y,N,,지자체시설
2026-06-26T07:40:42.546487+09:00,남산공원,남산공원,POI091,KEY_3,남산케이블카,KP003068,서울특별시 중구 회현동1가 산 1-19,126.9844215150,37.5562744335,24시간 이용가능,Y,N,,기타
2026-06-26T07:40:42.546487+09:00,남산공원,남산공원,POI091,KEY_3,동국대학교충무로영상센터,PI766929,서울 중구 퇴계로36길 2,126.9935672,37.5606440,24시간 이용가능,N,Y,거주자 외 출입제한,학교
2026-06-26T07:40:42.546487+09:00,남산공원,남산공원,POI091,KEY_3,반얀트리클럽앤스파,CV001949,서울특별시 중구 장충단로 60,127.0006792,37.5503802,24시간 이용가능,N,Y,시설 사용자 외 이용이 제한될 수 있음,숙박시설
2026-06-26T07:40:42.546487+09:00,남산공원,남산공원,POI091,KEY_3,북부운수 예장,PMP00525,서울특별시 중구 퇴계로26길 36,126.98893879,37.559887311,24시간 이용가능,Y,N,버스전용(단독충전),기타
2026-06-26T07:40:42.546487+09:00,남산공원,남산공원,POI091,KEY_3,북부운수 예장,PMP00525,서울특별시 중구 퇴계로26길 36,126.98893879,37.559887311,24시간 이용가능,Y,Y,버스전용(단독충전),기타
2026-06-26T07:40:42.546487+09:00,남산공원,남산공원,POI091,KEY_3,서울시 민생사법경찰단,EV011233,서울특별시 중구 삼일대로 231,126.9922176,37.5556326,24시간 이용가능,Y,N,외부인 사용불가,아파트
2026-06-26T07:40:42.546487+09:00,남산공원,남산공원,POI091,KEY_3,서울시 민생사법경찰단,EV011233,서울특별시 중구 삼일대로 231,126.9922176,37.5556326,24시간 이용가능,Y,Y,외부인 사용불가,아파트
2026-06-26T07:40:42.546487+09:00,남산공원,남산공원,POI091,KEY_3,서울시 중구 서울신라호텔,PI645374,서울특별시 중구 동호로 249,127.006191,37.557489,24시간 이용가능,Y,N,,숙박시설
2026-06-26T07:40:42.546487+09:00,남산공원,남산공원,POI091,KEY_3,서울시 중구 서울종합방재센터,PI204073,서울특별시 중구 퇴계로26가길 6,126.99026627,37.559088784,24시간 이용가능,Y,N,,공공기관
2026-06-26T07:40:42.546487+09:00,남산공원,남산공원,POI091,KEY_3,서울시 중구 신한은행필동합숙소,PI204193,서울특별시 중구 서애로5길 30,126.99767078,37.558921937,24시간 이용가능,Y,N,,금융기관
2026-06-26T07:40:42.546487+09:00,남산공원,남산공원,POI091,KEY_3,서울시설공단한강진역,PI764640,서울특별시 용산구 이태원로 지하287,127.0017483,37.5402952,08:00~20:00,Y,Y,관계자 외 출입제한,아파트
2026-06-26T07:40:42.546487+09:00,남산공원,남산공원,POI091,KEY_3,서울중구 장충체육관,EV008991,서울특별시 중구 동호로 241,127.0066775,37.5586407,24시간 이용가능,N,N,외부인 사용불가,기타
2026-06-26T07:40:42.546487+09:00,남산공원,남산공원,POI091,KEY_3,중부수도사업소,HE000262,서울특별시 중구 장충단로 88,127.0030,37.5535,24시간 이용가능,Y,N,,사업장(사옥)
2026-06-26T07:40:42.546487+09:00,남산공원,남산공원,POI091,KEY_3,한국의집,KL001364,서울특별시 중구 퇴계로36길 10,126.9945123,37.5602265,24시간 이용가능,Y,N,,기타
2026-06-26T07:40:42.546487+09:00,남산공원,남산공원,POI091,KEY_3,한국자유총연맹,SF003005,서울특별시 중구 장충단로 72,127.00252318,37.551638358,09:00~18:00,N,N,해당 시설 정책에 따라 이용이 불가할 수 있습니다,기타
2026-06-26T07:40:42.546487+09:00,보라매공원,보라매공원,POI123,KEY_4,보라매공영주차장 (급),EC110104,서울특별시 동작구 보라매로5길 44,126.9228301,37.4916394,24시간 이용가능,Y,N,,공영주차장
2026-06-26T07:40:42.546487+09:00,보라매공원,보라매공원,POI123,KEY_4,보라매공원 정문주차장,SE000128,서울특별시 동작구 여의대방로20길 33,126.91949110,37.494892120,24시간 이용가능,Y,N,,지자체시설
2026-06-26T07:40:42.546487+09:00,북서울꿈의숲,북서울꿈의숲,POI096,KEY_1,(23년) 드림운수,SZBA0051,서울특별시 강북구 월계로37길 33,127.045657,37.6237613,24시간 이용가능,N,Y,버스전용충전시설(combo2),기타
2026-06-26T07:40:42.546487+09:00,북서울꿈의숲,북서울꿈의숲,POI096,KEY_1,(23년) 복지운수,SZBA0054,서울특별시 강북구 한천로109길 57-50,127.042268,37.627501,24시간,Y,Y,버스전용(단독충전),일반주차장
2026-06-26T07:40:42.546487+09:00,북서울꿈의숲,북서울꿈의숲,POI096,KEY_1,(23년) 인헌운수,SZBA0065,서울특별시 강북구 번동 118-13,127.0457759,37.6235329,24시간,Y,Y,버스전용충전시설(combo2),기타
2026-06-26T07:40:42.546487+09:00,북서울꿈의숲,북서울꿈의숲,POI096,KEY_1,꿈의숲 롯데캐슬,PL001039,서울특별시 강북구 오현로 56,127.0364759,37.6184116,24시간 이용가능,N,Y,거주자 외 이용불가,아파트
2026-06-26T07:40:42.546487+09:00,북서울꿈의숲,북서울꿈의숲,POI096,KEY_1,복지운수,PMP00515,서울특별시 강북구 한천로109길 57-50,127.0422680,37.6275010,24시간 이용가능,Y,Y,버스전용,기타
2026-06-26T07:40:42.546487+09:00,북서울꿈의숲,북서울꿈의숲,POI096,KEY_1,복지운수,PMP00515,서울특별시 강북구 한천로109길 57-50,127.0422680,37.6275010,24시간 이용가능,Y,Y,버스전용(단독충전),기타
2026-06-26T07:40:42.546487+09:00,북서울꿈의숲,북서울꿈의숲,POI096,KEY_1,북서울꿈의숲,KP004143,서울특별시 강북구 월계로 173,127.04437126,37.620215070,09:00~18:00,Y,Y,시설 상황에 따라 이용이 제한될 수 있음,기타
2026-06-26T07:40:42.546487+09:00,북서울꿈의숲,북서울꿈의숲,POI096,KEY_1,서울강북 꿈의숲롯데캐슬1,EV008508,서울특별시 강북구 오현로 56,127.0364759,37.6184116,24시간 이용가능,Y,N,외부인 출입불가,아파트
2026-06-26T07:40:42.546487+09:00,북서울꿈의숲,북서울꿈의숲,POI096,KEY_1,서울강북 꿈의숲롯데캐슬1,EV008508,서울특별시 강북구 오현로 56,127.0364759,37.6184116,24시간 이용가능,Y,Y,외부인 출입불가,아파트
2026-06-26T07:40:42.546487+09:00,북서울꿈의숲,북서울꿈의숲,POI096,KEY_1,서울강북 북서울꿈의숲 동문 및 서문주차장(콘센트),EV010675,서울특별시 강북구 월계로 173,127.0443247,37.6202545,24시간 이용가능,N,N,외부인 사용불가,아파트
2026-06-26T07:40:42.546487+09:00,북서울꿈의숲,북서울꿈의숲,POI096,KEY_1,서울강북 북서울꿈의숲 동문 및 서문주차장(콘센트),EV010675,서울특별시 강북구 월계로 173,127.0443247,37.6202545,24시간 이용가능,N,N,"주차비 유료,외부인 사용불가",아파트
2026-06-26T07:40:42.546487+09:00,북서울꿈의숲,북서울꿈의숲,POI096,KEY_1,서울시 세종문화회관 (꿈의숲아트센터),PI000257,서울특별시 강북구 월계로 173,127.038459,37.621540,24시간 이용가능,,N,,Unknown
2026-06-26T07:40:42.546487+09:00,서대문독립공원,서대문독립공원,POI124,KEY_2,국립대한민국임시정부기념관,CV001154,서울특별시 서대문구 통일로 279-24,126.9547179,37.576179,09:00~18:00,Y,N,,홍보관
2026-06-26T07:40:42.546487+09:00,서대문독립공원,서대문독립공원,POI124,KEY_2,서대문 독립문극동,HY001214,서울특별시 서대문구 독립문공원길 95,126.9544849,37.572954,24시간 이용가능,Y,Y,외부인 사용불가,아파트
2026-06-26T07:40:42.546487+09:00,서대문독립공원,서대문독립공원,POI124,KEY_2,서대문독립공원주차장,SZBA0099,서울특별시 서대문구 통일로 251,126.955285,37.575686,24시간 이용가능,N,Y,버스충전용,공영주차장
2026-06-26T07:40:42.546487+09:00,서리풀공원·몽마르뜨공원,서리풀공원·몽마르뜨공원,POI098,KEY_3,방배숲도서관,CV002716,서울특별시 서초구 서초대로 160-7,127.00012,37.488999,개방시간 09:00~18:00/휴관일 비개방,N,N,,도서관
2026-06-26T07:40:42.546487+09:00,서리풀공원·몽마르뜨공원,서리풀공원·몽마르뜨공원,POI098,KEY_3,방배자이아파트,PW100944,서울특별시 서초구 방배로18길 67,126.99896282,37.485966236,24시간 이용가능,Y,Y,거주자외 출입제한,아파트
2026-06-26T07:40:42.546487+09:00,서울숲공원,서울숲공원,POI101,KEY_1,뚝섬유수지 공영주차장,KP004801,서울특별시 성동구 광나루로 104,127.0414,37.5506,24시간 이용가능,Y,N,,공영주차장
2026-06-26T07:40:42.546487+09:00,서울숲공원,서울숲공원,POI101,KEY_1,뚝섬유수지 공영주차장,SZBA0084,서울특별시 성동구 성수동1가 685-63,127.041835,37.550313,24시간 이용가능,N,Y,버스충전용,공영주차장
2026-06-26T07:40:42.546487+09:00,서울숲공원,서울숲공원,POI101,KEY_1,서울복합체육문화센터,KL002287,서울특별시 성동구 왕십리로11길 19,127.04147,37.54916,24시간 이용가능,Y,N,,기타
2026-06-26T07:40:42.546487+09:00,서울숲공원,서울숲공원,POI101,KEY_1,서울숲공원주차장,SE000151,서울특별시 성동구 왕십리로 27,127.04302905,37.541626393,24시간 이용가능,N,N,,공원주차장
2026-06-26T07:40:42.546487+09:00,송현녹지광장,송현녹지광장,POI129,KEY_2,㈜우리은행 재동지점,JE050029,서울특별시 종로구 율곡로 57,126.9855348,37.5769139,관계자전용 09:00~16:30,Y,Y,이용가능시간 09:00~16:30,금융기관
2026-06-26T07:40:42.546487+09:00,송현녹지광장,송현녹지광장,POI129,KEY_2,국립현대미술관 서울관,PL005113,서울특별시 종로구 삼청로 30,126.9800880,37.5786280,24시간 이용가능,N,Y,시설 상황에 따라 이용이 제한될 수 있음,아파트
2026-06-26T07:40:42.546487+09:00,송현녹지광장,송현녹지광장,POI129,KEY_2,국립현대미술관 서울관 주차장,KP000283,서울특별시 종로구 삼청로 30,126.98038,37.579613,주중/주말 : 24시간,Y,N,,일반주차장
2026-06-26T07:40:42.546487+09:00,송현녹지광장,송현녹지광장,POI129,KEY_2,현대 계동사옥 스포츠동 2,HY000606,서울특별시 종로구 율곡로 75,126.9873988,37.5784115,24시간 이용가능,N,N,,일반주차장
2026-06-26T07:40:42.546487+09:00,송현녹지광장,송현녹지광장,POI129,KEY_2,현대빌딩 별관지하(TEST),HY999996,서울특별시 종로구 율곡로 75,126.98768868,37.577979809,24시간 이용가능,Y,Y,시설 상황에 따라 이용이 제한될수 있음,일반주차장
2026-06-26T07:40:42.546487+09:00,아차산,아차산,POI102,KEY_3,면목동 중랑문화체육관,UN000091,서울특별시 중랑구 사가정로72길 47,127.0957871,37.5792937,24시간 이용가능,N,N,방문객 외 출입제한,지자체시설
2026-06-26T07:40:42.546487+09:00,아차산,아차산,POI102,KEY_3,서울시 광진구 긴고랑길공영P,PI204054,서울특별시 광진구 긴고랑로45길 7,127.09479206,37.560532191,24시간 이용가능,N,Y,거주자전용,공영주차장
2026-06-26T07:40:42.546487+09:00,어린이대공원,어린이대공원,POI104,KEY_2,그랜드파크 오피스텔,PL030107,서울특별시 광진구 천호대로 666,127.089312,37.5513571,24시간 이용가능,N,Y,시설 상황에 따라 이용이 제한될 수 있음,기타
2026-06-26T07:40:42.546487+09:00,어린이대공원,어린이대공원,POI104,KEY_2,서울시 광진구 어린이대공원꿈마루,PI792863,서울특별시 광진구 능동로 216,127.079085,37.549482,24시간 이용가능,Y,N,,공원
2026-06-26T07:40:42.546487+09:00,어린이대공원,어린이대공원,POI104,KEY_2,서울시 광진구 어린이대공원후문급속,PI000453,서울특별시 광진구 능동로 216,127.08751853,37.551961034,24시간 이용가능,Y,N,,공원
2026-06-26T07:40:42.546487+09:00,어린이대공원,어린이대공원,POI104,KEY_2,서울어린이대공원구의문주차장,PI762893,서울특별시 광진구 능동로 216,127.084524,37.545435,24시간 이용가능,N,N,,공원
2026-06-26T07:40:42.546487+09:00,어린이대공원,어린이대공원,POI104,KEY_2,서울어린이대공원구의문주차장,PI762893,서울특별시 광진구 능동로 216,127.084524,37.545435,24시간 이용가능,N,Y,관계자 외 출입제한,공원
2026-06-26T07:40:42.546487+09:00,어린이대공원,어린이대공원,POI104,KEY_2,서울어린이대공원후문주차장완속,PI760126,서울특별시 광진구 능동로 216,127.08696351,37.551537975,24시간 이용가능,N,Y,시설 상황에 따라 이용이 제한될 수 있음,공원
2026-06-26T07:40:42.546487+09:00,어린이대공원,어린이대공원,POI104,KEY_2,어린이대공원 구의문 주차장 복합충전소,SE000043,서울특별시 광진구 능동로 216,127.08502770,37.545986982,24시간 이용가능,N,N,,공영주차장
2026-06-26T07:40:42.546487+09:00,어린이대공원,어린이대공원,POI104,KEY_2,어린이대공원 후문주차장,DO000057,서울특별시 광진구 능동로 216,127.086401,37.551359,24시간 이용가능,Y,N,,공원주차장
2026-06-26T07:40:42.546487+09:00,어린이대공원,어린이대공원,POI104,KEY_2,어린이대공원 후문주차장,SE000019,서울특별시 광진구 능동로 216,127.08630137,37.551441604,"주중 08:00~19:00, 주말 09:00~18:00",N,N,,공영주차장
2026-06-26T07:40:42.546487+09:00,여의서로,여의서로,POI126,KEY_4,국회의사당,BT200001,서울특별시 영등포구 의사당대로 1,126.91641,37.53292,24시간 이용가능,Y,N,,기타
2026-06-26T07:40:42.546487+09:00,여의서로,여의서로,POI126,KEY_4,국회의사당,KL002585,서울특별시 영등포구 의사당대로 1,126.91640,37.53291,24시간 이용가능,Y,N,,기타
2026-06-26T07:40:42.546487+09:00,여의서로,여의서로,POI126,KEY_4,국회의사당,KP000018,서울특별시 영등포구 의사당대로 1,126.9164036,37.5329136,주중/주말 : 24시간,Y,N,,공공기관
2026-06-26T07:40:42.546487+09:00,여의서로,여의서로,POI126,KEY_4,국회의사당 6문,ME22C802,서울특별시 영등포구 의사당대로 1,126.9174606,37.5326039,24시간 이용가능,Y,N,,공공기관
2026-06-26T07:40:42.546487+09:00,여의서로,여의서로,POI126,KEY_4,여의서로 노상공영주차장,SE000121,서울특별시 영등포구 의사당대로 1,126.91205929,37.530816514,24시간 이용가능,N,N,,공영주차장
2026-06-26T07:40:42.546487+09:00,올림픽공원,올림픽공원,POI127,KEY_1,금복빌딩,LU002418,서울 송파구 방이동 45-2,127.1142540,37.5165350,24시간 이용가능,Y,Y,시설 상황에 따라 이용이 제한될 수 있음,기타
2026-06-26T07:40:42.546487+09:00,올림픽공원,올림픽공원,POI127,KEY_1,서울 한미타워,UP013567,서울특별시 송파구 위례성대로 14,127.1139342,37.5165626,시설 운영 시간,N,N,시설 상황에 따라 이용이 제한될 수 있음,사업장(사옥)
2026-06-26T07:40:42.546487+09:00,올림픽공원,올림픽공원,POI127,KEY_1,서울송파 한성백제박물관(급속),EV008986,서울특별시 송파구 위례성대로 71,127.1208007,37.5154287,09:00~22:00만 이용가능,N,N,09:00~22:00만 이용가능,박물관
2026-06-26T07:40:42.546487+09:00,올림픽공원,올림픽공원,POI127,KEY_1,서울송파 한성백제박물관(완속),EV008987,서울특별시 송파구 위례성대로 71,127.1199196,37.5155051,09:00~22:00만 이용가능,N,N,09:00~22:00만 이용가능,박물관
2026-06-26T07:40:42.546487+09:00,올림픽공원,올림픽공원,POI127,KEY_1,서울시 송파구 올림픽공원남2문주차장,PI204162,서울특별시 송파구 올림픽로 424,127.12468075,37.514984370,24시간 이용가능,N,N,,공원
2026-06-26T07:40:42.546487+09:00,올림픽공원,올림픽공원,POI127,KEY_1,서울시 송파구 올림픽공원남4문주차장,PI204092,서울특별시 송파구 올림픽로 424,127.11610438,37.517042894,24시간 이용가능,N,N,,공원
2026-06-26T07:40:42.546487+09:00,올림픽공원,올림픽공원,POI127,KEY_1,서울시 송파구 올림픽공원파크텔,PI204121,서울특별시 송파구 올림픽로 424,127.116973,37.522991,24시간 이용가능,N,N,,공원
2026-06-26T07:40:42.546487+09:00,올림픽공원,올림픽공원,POI127,KEY_1,서울시 송파구 올림픽스포츠콤플렉스,PI204270,서울특별시 송파구 올림픽로 424,127.11551787,37.520339698,24시간 이용가능,Y,N,,사업장(사옥)
2026-06-26T07:40:42.546487+09:00,올림픽공원,올림픽공원,POI127,KEY_1,서울시 송파구 현대토픽스빌딩,PI204231,서울특별시 송파구 위례성대로 6 (방이동),127.1131514,37.5168419,24시간 이용가능,Y,N,,기타
2026-06-26T07:40:42.546487+09:00,올림픽공원,올림픽공원,POI127,KEY_1,서울올림픽공원 남2문주차장,ME19X403,서울특별시 송파구 올림픽로,127.123837,37.514973,24시간 이용가능,Y,N,,공원
2026-06-26T07:40:42.546487+09:00,올림픽공원,올림픽공원,POI127,KEY_1,올림픽공원,ME19A152,서울특별시 송파구 올림픽로 424,127.115847,37.5171577,24시간 이용가능,N,N,,공원
2026-06-26T07:40:42.546487+09:00,월드컵공원,월드컵공원,POI106,KEY_2,공항철도 디지털미디어시티역,ST600325,서울특별시 마포구 성암로 지하184,126.89902018,37.576823903,24시간 이용가능,N,N,,환승주차장
2026-06-26T07:40:42.546487+09:00,월드컵공원,월드컵공원,POI106,KEY_2,마포농수산물시장,SE000197,서울특별시 마포구 월드컵로 235,126.89848284,37.565199347,24시간 이용가능,Y,N,,공공기관
2026-06-26T07:40:42.546487+09:00,월드컵공원,월드컵공원,POI106,KEY_2,상암월드컵경기장,KP000194,서울특별시 마포구 월드컵로 240,126.8950813889,37.56845536423,주중/주말 : 24시간,Y,N,,공연장
2026-06-26T07:40:42.546487+09:00,월드컵공원,월드컵공원,POI106,KEY_2,서울마포 월드컵공원 난지삼거리주차장,EV010081,서울특별시 마포구 월드컵로 365,126.8873915,37.5711561,24시간 이용가능,Y,N,,공원주차장
2026-06-26T07:40:42.546487+09:00,월드컵공원,월드컵공원,POI106,KEY_2,서울마포 월드컵공원 난지중앙로,EV010080,서울특별시 마포구 월드컵로 243-60,126.8800727,37.5696851,24시간 이용가능,Y,N,,공영주차장
2026-06-26T07:40:42.546487+09:00,월드컵공원,월드컵공원,POI106,KEY_2,서울월드컵경기장,SE000203,서울특별시 마포구 월드컵로 240,126.89727303,37.568288445,24시간 이용가능,N,N,,지자체시설
2026-06-26T07:40:42.546487+09:00,월드컵공원,월드컵공원,POI106,KEY_2,서울월드컵경기장공영주차장,ST114419,서울특별시 마포구 월드컵로 240,126.8950817,37.568230,24시간 이용가능,N,N,,지자체시설
2026-06-26T07:40:42.546487+09:00,월드컵공원,월드컵공원,POI106,KEY_2,월드컵공원 주차장,CV004156,서울특별시 마포구 월드컵로 243-60,126.8987163,37.5635472,24시간 이용가능,N,N,,공원
2026-06-26T07:40:42.546487+09:00,월드컵공원,월드컵공원,POI106,KEY_2,코레일 DMC,ST113811,서울특별시 은평구 수색로 193,126.9002387,37.5778404,24시간 이용가능,N,N,,일반주차장
2026-06-26T07:40:42.546487+09:00,응봉산,응봉산,POI107,KEY_3,금호스포츠센터,KP004810,서울특별시 성동구 금호로 20,127.025191,37.5457446,09:00~18:00,Y,N,,일반주차장
2026-06-26T07:40:42.546487+09:00,응봉산,응봉산,POI107,KEY_3,서울성동 대림1차아파트 1,EV010331,서울특별시 성동구 독서당로62길 43,127.0335265,37.551901,24시간 이용가능,Y,N,,아파트
2026-06-26T07:40:42.546487+09:00,응봉산,응봉산,POI107,KEY_3,서울성동 대림1차아파트 2,EV010332,"서울특별시 성동구 독서당로62길 43(응봉동, 대림아파트)",127.0335265,37.5519010,24시간 이용가능,N,Y,외부인 사용불가,아파트
2026-06-26T07:40:42.546487+09:00,응봉산,응봉산,POI107,KEY_3,서울성동 대림1차아파트 3,EV016929,"서울특별시 성동구 독서당로62길 43(응봉동, 대림아파트)",127.0335265,37.5519010,24시간 이용가능,N,Y,외부인 사용불가,아파트
2026-06-26T07:40:42.546487+09:00,응봉산,응봉산,POI107,KEY_3,서울성동 대림1차아파트 4,EV016930,"서울특별시 성동구 독서당로62길 43(응봉동, 대림아파트)",127.0335265,37.5519010,24시간 이용가능,N,Y,외부인 사용불가,아파트
2026-06-26T07:40:42.546487+09:00,응봉산,응봉산,POI107,KEY_3,서울성동 대림1차아파트 5,EV016931,"서울특별시 성동구 독서당로62길 43(응봉동, 대림아파트)",127.0335265,37.5519010,24시간 이용가능,N,Y,외부인 사용불가,아파트
2026-06-26T07:40:42.546487+09:00,응봉산,응봉산,POI107,KEY_3,서울성동 대림1차아파트 6,EV016932,"서울특별시 성동구 독서당로62길 43(응봉동, 대림아파트)",127.0335265,37.5519010,24시간 이용가능,N,Y,외부인 사용불가,아파트
2026-06-26T07:40:42.546487+09:00,응봉산,응봉산,POI107,KEY_3,서울시 응봉동 주민센터,PI000561,서울특별시 성동구 독서당로 424,127.0334032178,37.5531388682,09:00~18:00,Y,N,,주민센터
2026-06-26T07:40:42.546487+09:00,응봉산,응봉산,POI107,KEY_3,힐스테이트 서울숲리버,PL000696,서울특별시 성동구 독서당로 344,127.0257655,37.5464526,24시간 이용가능,N,Y,시설 상황에 따라 이용이 제한될 수 있음,아파트
2026-06-26T07:40:42.546487+09:00,가락시장,가락시장,POI058,KEY_2,_문정프라자,HM110158,서울특별시 송파구 중대로 80,127.1177515,37.4917394,24시간 이용,N,N,,마트(쇼핑몰)
2026-06-26T07:40:42.546487+09:00,가락시장,가락시장,POI058,KEY_2,_문정프라자,HM110158,서울특별시 송파구 중대로 80,127.1177515,37.4917394,24시간 이용,N,N,,일반주차장
2026-06-26T07:40:42.546487+09:00,가락시장,가락시장,POI058,KEY_2,가락시장,KP000222,서울특별시 송파구 양재대로 932,127.112315,37.493241,주중/주말 : 24시간,Y,N,,마트(쇼핑몰)
2026-06-26T07:40:42.546487+09:00,가락시장,가락시장,POI058,KEY_2,가락시장,ME19Y601,서울특별시 송파구 양재대로 932,127.113843,37.494161,24시간 이용가능,N,N,,마트(쇼핑몰)
2026-06-26T07:40:42.546487+09:00,가락시장,가락시장,POI058,KEY_2,롯데마트 송파점,ME174029,서울특별시 송파구 중대로 80,127.1178931,37.4918392,24시간 이용가능,N,N,,마트(쇼핑몰)
2026-06-26T07:40:42.546487+09:00,가락시장,가락시장,POI058,KEY_2,서울시 송파구 농수산식품공사,PI204010,서울특별시 송파구 양재대로 932,127.11627245,37.494130177,24시간 이용가능,Y,N,,사업장(사옥)
2026-06-26T07:40:42.546487+09:00,가락시장,가락시장,POI058,KEY_2,서울시농수산식품공사(가락몰),PI768702,서울특별시 송파구 양재대로 932,127.11585691,37.494153110,24시간 이용가능,N,N,,관공서
2026-06-26T07:40:42.546487+09:00,가락시장,가락시장,POI058,KEY_2,송파 가락몰 E-pit,HD000023,서울특별시 송파구 양재대로 932,127.1149803,37.4958524,24시간 이용가능,N,N,어댑터 사용금지,마트(쇼핑몰)
2026-06-26T07:40:42.546487+09:00,가로수길,가로수길,POI059,KEY_3,JB미소빌딩,CI0I0003,서울특별시 강남구 논현로 841,127.0277620,37.5240297,24시간 이용가능,Y,N,,기타
2026-06-26T07:40:42.546487+09:00,가로수길,가로수길,POI059,KEY_3,강남구_신사동주민센터,HE192190,서울특별시 강남구 압구정로 128,127.022737,37.523957,24시간 이용가능,Y,N,,주민센터
2026-06-26T07:40:42.546487+09:00,가로수길,가로수길,POI059,KEY_3,광림교회사회봉사관 주차장,PL033396,서울 강남구 논현로163길 33,127.0255798,37.5238953,24시간 이용가능,N,N,,기타
2026-06-26T07:40:42.546487+09:00,가로수길,가로수길,POI059,KEY_3,극동타워,SF000385,서울특별시 강남구 압구정로 152,127.026027,37.52552,09:00~18:00,N,N,해당 시설 정책에 따라 이용이 불가할 수 있습니다,사업장(사옥)
2026-06-26T07:40:42.546487+09:00,가로수길,가로수길,POI059,KEY_3,극동타워 (완속충전기),SF002866,서울특별시 강남구 압구정로 152,127.02604889,37.525564891,09:00~18:00,N,N,해당 시설 정책에 따라 이용이 불가할 수 있습니다,기타
2026-06-26T07:40:42.546487+09:00,가로수길,가로수길,POI059,KEY_3,두원빌딩,ST116808,서울특별시 강남구 강남대로 636,127.0192943,37.5185774,24시간 이용가능,N,N,,사업장(사옥)
2026-06-26T07:40:42.546487+09:00,가로수길,가로수길,POI059,KEY_3,서울 광림교회,EP190075,서울특별시 강남구 논현로163길 33,127.0255799,37.5238944,24시간 이용가능/시설 상황에 따라 이용이 제한될 수 있습니다,Y,Y,시설 상황에 따라 이용이 제한될 수 있음,종교시설
2026-06-26T07:40:42.546487+09:00,가로수길,가로수길,POI059,KEY_3,서울강남설리번어학원,KE000918,서울특별시 강남구 도산대로17길 21,127.024318,37.5200664,24시간 이용가능,N,N,시설 상황에 따라 이용이 제한될 수 있음,아파트
2026-06-26T07:40:42.546487+09:00,가로수길,가로수길,POI059,KEY_3,신구초등학교 공영주차장,BT000131,서울특별시 강남구 압구정로18길 28,127.0241859,37.52311907,24시간 이용가능,N,N,,공영주차장
2026-06-26T07:40:42.546487+09:00,가로수길,가로수길,POI059,KEY_3,신사스퀘어(강남),PC000080,서울특별시 강남구 강남대로 652,127.018947,37.520006,24시간 이용가능,N,N,,음식점
2026-06-26T07:40:42.546487+09:00,가로수길,가로수길,POI059,KEY_3,영동호텔,KL002056,서울특별시 강남구 도산대로 144,127.0243781,37.5185239,24시간 이용가능,N,N,,공공기관
2026-06-26T07:40:42.546487+09:00,가로수길,가로수길,POI059,KEY_3,운소빌딩,SF002591,서울특별시 강남구 가로수길 74,127.02274339,37.522902661,09:00~18:00,N,N,해당 시설 정책에 따라 이용이 불가할 수 있습니다,빌라
2026-06-26T07:40:42.546487+09:00,가로수길,가로수길,POI059,KEY_3,제이타워,LU002376,서울특별시 강남구 도산대로 139,127.023714,37.518247,24시간 이용가능,Y,N,,기타
2026-06-26T07:40:42.546487+09:00,가로수길,가로수길,POI059,KEY_3,포르쉐 HPC데스티네이션 신사스퀘어,CV001669,서울특별시 강남구 강남대로 652,127.019063,37.519607,24시간 이용가능,N,N,,기타
2026-06-26T07:40:42.546487+09:00,김포공항,김포공항,POI061,KEY_1,김포공항 국내선 제1주차장,ME25A401,서울특별시 강서구 하늘길 111,126.8053109,37.5602639,24시간 이용가능,N,N,,공공기관
2026-06-26T07:40:42.546487+09:00,김포공항,김포공항,POI061,KEY_1,김포공항 국제선 주차빌딩,ME25A102,서울특별시 강서구 하늘길 지하77,126.8029563,37.5668056,24시간 이용가능,N,N,,공공기관
2026-06-26T07:40:42.546487+09:00,김포공항,김포공항,POI061,KEY_1,김포공항 에어사이드,JA110188,서울특별시 강서구 하늘길 70,126.79636485,37.561997595,24시간 이용가능,Y,Y,내부 직원만 사용가능,기타
2026-06-26T07:40:42.546487+09:00,김포공항,김포공항,POI061,KEY_1,김포공항 항공지원센터,ME25A405,서울특별시 강서구 하늘길 70,126.7981126,37.5623941,24시간 이용가능,N,N,,공공기관
2026-06-26T07:40:42.546487+09:00,김포공항,김포공항,POI061,KEY_1,김포공항 항공지원센터 2,ME25A406,서울특별시 강서구 하늘길 70,126.7986383,37.5623039,24시간 이용가능,N,N,,공공기관
2026-06-26T07:40:42.546487+09:00,김포공항,김포공항,POI061,KEY_1,롯데몰 김포공항점,HE000984,서울특별시 강서구 하늘길 38,126.803151,37.563518,24시간 이용가능,Y,N,,마트(쇼핑몰)
2026-06-26T07:40:42.546487+09:00,김포공항,김포공항,POI061,KEY_1,롯데몰 김포공항점 P1F층,JA110031,서울특별시 강서구 하늘길 38,126.8060191,37.5637971,24시간 이용가능,N,N,,백화점
2026-06-26T07:40:42.546487+09:00,김포공항,김포공항,POI061,KEY_1,롯데몰 김포공항점 P2F,JA110093,서울특별시 강서구 하늘길 38,126.8018221,37.5640627,24시간 이용가능,N,N,,백화점
2026-06-26T07:40:42.546487+09:00,김포공항,김포공항,POI061,KEY_1,한국공항공사 고객전용주차장,KP004627,서울특별시 강서구 하늘길 78,126.79866127,37.561810793,24시간 이용가능,N,N,,관공서
2026-06-26T07:40:42.546487+09:00,남대문시장,남대문시장,POI115,KEY_2,AK타워(레스케이프호텔),IN120074,서울특별시 중구 퇴계로 67,126.9796,37.56,24시간 이용가능,N,N,,숙박시설
2026-06-26T07:40:42.546487+09:00,남대문시장,남대문시장,POI115,KEY_2,삼익패션타운,EC004819,서울특별시 중구 남대문시장8길 7,126.9788327,37.5601443,24시간 이용가능,Y,N,,사업장(사옥)
2026-06-26T07:40:42.546487+09:00,남대문시장,남대문시장,POI115,KEY_2,서울 중구 AK타워(레스케이프호텔),PIS00062,서울특별시 중구 퇴계로 67,126.9796000,37.5600000,24시간 이용가능,Y,N,,숙박시설
2026-06-26T07:40:42.546487+09:00,남대문시장,남대문시장,POI115,KEY_2,서울 중구 신세계메사빌딩,PIS00001,서울특별시 중구 남대문시장10길 2,126.9796444,37.5603372,24시간 이용가능,N,Y,시설 상황에 따라 이용이 제한될 수 있음,일반주차장
2026-06-26T07:40:42.546487+09:00,남대문시장,남대문시장,POI115,KEY_2,신세계 본점,KP003849,서울특별시 중구 소공로 63,126.9809515138,37.560986139766,09:00~18:00,Y,N,,백화점
2026-06-26T07:40:42.546487+09:00,남대문시장,남대문시장,POI115,KEY_2,에티버스타워(서울 중구),PC002030,서울특별시 중구 소월로 3,126.9762025,37.5593719,00:00 ~ 23:59,N,N,,사업장(사옥)
2026-06-26T07:40:42.546487+09:00,노량진,노량진,POI063,KEY_3,_어바니엘한강,HM110240,서울특별시 동작구 노량진로 190,126.9468624,37.5129574,24시간 이용가능,Y,N,,기타
2026-06-26T07:40:42.546487+09:00,노량진,노량진,POI063,KEY_3,노들역 상수도남부사업소,HE002927,서울특별시 동작구 노량진로 247,126.95356852,37.513216516,평일 09:00~18:00,Y,Y,관내 전기차 전용,공공기관
2026-06-26T07:40:42.546487+09:00,노량진,노량진,POI063,KEY_3,노량진 수산시장,HY000857,서울특별시 동작구 노들로 674,126.937976,37.5148237,24시간 이용가능,N,N,,기타
2026-06-26T07:40:42.546487+09:00,노량진,노량진,POI063,KEY_3,노량진드림스퀘어,LU002427,서울특별시 동작구 노들로2길 7,126.938586,37.514194,24시간 이용가능,Y,N,,기타
2026-06-26T07:40:42.546487+09:00,노량진,노량진,POI063,KEY_3,노량진아이비빌딩,PI772561,서울특별시 동작구 장승배기로 171,126.9399449,37.5130172,24시간 이용가능,N,N,,기타
2026-06-26T07:40:42.546487+09:00,노량진,노량진,POI063,KEY_3,동작구청,SE000005,서울특별시 동작구 장승배기로 161,126.9390828,37.5121489,평일 09:00~18:00,Y,N,,관공서
2026-06-26T07:40:42.546487+09:00,노량진,노량진,POI063,KEY_3,메가스터디타워,PL003314,서울특별시 동작구 노량진로 140,126.9417006,37.5127569,24시간 이용가능,N,Y,거주자 외 이용불가,사업장(사옥)
2026-06-26T07:40:42.546487+09:00,노량진,노량진,POI063,KEY_3,수협노량진수산물도매시장주차장,CV004512,서울특별시 동작구 노들로 674,126.9379869,37.514829,24시간 이용가능,Y,N,,마트(쇼핑몰)
2026-06-26T07:40:42.546487+09:00,덕수궁길·정동길,덕수궁길·정동길,POI064,KEY_4,서소문청사(지하주차장),SE000012,서울특별시 중구 덕수궁길 15,126.9753987,37.5647468,평일 09:00~18:00 주말 공휴일 무료,N,N,,관공서
2026-06-26T07:40:42.546487+09:00,덕수궁길·정동길,덕수궁길·정동길,POI064,KEY_4,서소문청사(후생동),SE000013,서울특별시 중구 덕수궁길 15,126.9743518,37.5644492,"주중 08:00~19:00, 주말 09:00~18:00",N,Y,관공서 차량 충전용,관공서
2026-06-26T07:40:42.546487+09:00,덕수궁길·정동길,덕수궁길·정동길,POI064,KEY_4,서울 문화일보,NT102618,서울특별시 중구 새문안로 22,126.96864,37.56712,24시간 이용가능,N,Y,거주자외 출입제한,기타
2026-06-26T07:40:42.546487+09:00,덕수궁길·정동길,덕수궁길·정동길,POI064,KEY_4,서울시 중구 정동빌딩,PI200815,서울특별시 중구 정동길 21-15,126.97085416,37.567852102,24시간 이용가능,Y,N,,사업장(사옥)
2026-06-26T07:40:42.546487+09:00,덕수궁길·정동길,덕수궁길·정동길,POI064,KEY_4,이화여자고등학교,PIH01383,서울특별시 중구 정동길 26,126.97132443,37.566176636,24시간 이용가능,Y,Y,해당 시설 정책에 따라 이용이 불가할 수 있습니다.,학교
2026-06-26T07:40:42.546487+09:00,덕수궁길·정동길,덕수궁길·정동길,POI064,KEY_4,이화정동빌딩,PIH01922,서울특별시 중구 정동길 17,126.9706421,37.5671618,24시간 이용가능,Y,N,,기타
2026-06-26T07:40:42.546487+09:00,덕수궁길·정동길,덕수궁길·정동길,POI064,KEY_4,중구 정동빌딩주차장,NT101695,서울특별시 중구 정동길 21-15,126.97085,37.56785,24시간 이용가능,N,N,,기타
2026-06-26T07:40:42.546487+09:00,덕수궁길·정동길,덕수궁길·정동길,POI064,KEY_4,천주교성프란치스코회수도원교육회관,ST111423,서울특별시 중구 정동길 9,126.9699576,37.5675304,09:00~18:00,Y,N,,종교시설
2026-06-26T07:40:42.546487+09:00,북창동 먹자골목,북창동 먹자골목,POI114,KEY_1,해남2빌딩,IN120077,서울특별시 중구 세종대로12길 12,126.977,37.5615,24시간 이용가능,N,N,,사업장(사옥)
2026-06-26T07:40:42.546487+09:00,북창동 먹자골목,북창동 먹자골목,POI114,KEY_1,_소테츠호텔즈명동점,HM001252,서울특별시 중구 남대문로5길 15,126.9787396,37.5620745,24시간 이용가능,N,N,,숙박시설
2026-06-26T07:40:42.546487+09:00,북창동 먹자골목,북창동 먹자골목,POI114,KEY_1,_KT&G 남대문타워(호텔),HM110108,서울특별시 중구 남대문로 9,126.9768823,37.5611997,24시간 이용가능,Y,N,,숙박시설
2026-06-26T07:40:42.546487+09:00,북창동 먹자골목,북창동 먹자골목,POI114,KEY_1,프레이저플레이스남대문,IN120045,서울특별시 중구 세종대로 58,126.9764,37.5613,24시간 이용가능,N,N,,숙박시설
2026-06-26T07:40:42.546487+09:00,북촌한옥마을,북촌한옥마을,POI066,KEY_2,서울종로 스카이빌,EV011830,서울특별시 종로구 창덕궁3가길 48 (원서동),126.9886351,37.5804644,24시간 이용가능,N,Y,외부인 이용불가,아파트
2026-06-26T07:40:42.546487+09:00,북촌한옥마을,북촌한옥마을,POI066,KEY_2,현대 계동사옥 스포츠동 2,HY000606,서울특별시 종로구 율곡로 75,126.9873988,37.5784115,24시간 이용가능,N,N,,일반주차장
2026-06-26T07:40:42.546487+09:00,북촌한옥마을,북촌한옥마을,POI066,KEY_2,현대빌딩 별관지하(TEST),HY999996,서울특별시 종로구 율곡로 75,126.98768868,37.577979809,24시간 이용가능,Y,Y,시설 상황에 따라 이용이 제한될수 있음,일반주차장
2026-06-26T07:40:42.546487+09:00,서촌,서촌,POI067,KEY_3,옥인공영주차장,CV004618,서울특별시 종로구 필운대로 83,126.967095,37.583155,24시간 이용가능,N,N,,공영주차장
2026-06-26T07:40:42.546487+09:00,서촌,서촌,POI067,KEY_3,인왕교통 버스차고지,CR000260,서울특별시 종로구 옥인동 181-10,126.963851,37.582101,24시간 이용가능,Y,N,버스전용,기타
2026-06-26T07:40:42.546487+09:00,서촌,서촌,POI067,KEY_3,정부서울청사 창성동별관,HM110280,서울특별시 종로구 효자로 39,126.97319819,37.579702722,24시간 이용가능,Y,N,보안구역으로 출입이 제한됨,공공기관
2026-06-26T07:40:42.546487+09:00,서촌,서촌,POI067,KEY_3,정부서울청사 창성동별관,HM110280,서울특별시 종로구 효자로 39,126.97319819,37.579702722,24시간 이용가능,Y,Y,보안구역으로 출입이 제한됨,공공기관
2026-06-26T07:40:42.546487+09:00,서촌,서촌,POI067,KEY_3,종로구보건소,CV002634,"서울특별시 종로구 옥인동 45-30 종로구보건소, 청운효자동자치회관",126.9692391,37.581712,24시간 이용가능,Y,N,,보건소
2026-06-26T07:40:42.546487+09:00,성수카페거리,성수카페거리,POI068,KEY_4,_우리큐브,HM110315,서울특별시 성동구 연무장11길 10,127.0575629,37.5429285,24시간 이용가능,Y,N,,기타
2026-06-26T07:40:42.546487+09:00,성수카페거리,성수카페거리,POI068,KEY_4,서울성동 더리브세종타워아파트,EV011810,서울특별시 성동구 성수동2가 273-52 더리브 세종타워,127.05805386,37.543498907,24시간 이용가능,Y,N,,아파트
2026-06-26T07:40:42.546487+09:00,성수카페거리,성수카페거리,POI068,KEY_4,서울성동 성수에이원 지식산업센터,EV014407,서울특별시 성동구 뚝섬로17가길 48,127.0595237,37.540739,24시간 이용가능,N,N,,기타
2026-06-26T07:40:42.546487+09:00,성수카페거리,성수카페거리,POI068,KEY_4,서울숲드림타워,IN120042,서울특별시 성동구 성수이로 66,127.0562,37.5405,24시간 이용가능,N,N,,사업장(사옥)
2026-06-26T07:40:42.546487+09:00,성수카페거리,성수카페거리,POI068,KEY_4,서울숲한라시그마밸리,IM000374,서울특별시 성동구 성수이로51,127.0550460,37.5399010,24시간 이용가능,N,N,,아파트
2026-06-26T07:40:42.546487+09:00,성수카페거리,성수카페거리,POI068,KEY_4,성수 금호2차아파트,DL000036,서울특별시 성동구 연무장길 31-1,127.05314,37.543748,24시간 이용가능,Y,N,,아파트
2026-06-26T07:40:42.546487+09:00,성수카페거리,성수카페거리,POI068,KEY_4,성수드림빌드지식산업센터,AM900065,서울특별시 성동구 아차산로 132,127.0583489,37.54359489,24시간 이용가능,N,N,,일반주차장
2026-06-26T07:40:42.546487+09:00,성수카페거리,성수카페거리,POI068,KEY_4,성수역현대테라스타워,IN120014,서울특별시 성동구 성수동2가 314-13 성수역 현대테라스타워,127.0536,37.544,24시간 이용가능,N,Y,시설 상황에 따라 이용이 제한될 수 있음,사업장(사옥)
2026-06-26T07:40:42.546487+09:00,성수카페거리,성수카페거리,POI068,KEY_4,성수팩토리얼,IN120069,서울특별시 성동구 연무장7길 13,127.0544,37.5442,24시간 이용가능,N,N,,사업장(사옥)
2026-06-26T07:40:42.546487+09:00,성수카페거리,성수카페거리,POI068,KEY_4,팩토리얼 성수,HE240091,서울특별시 성동구 연무장7길 13,127.0544827,37.5441833,24시간 이용가능,Y,N,,기타
2026-06-26T07:40:42.546487+09:00,송리단길·호수단길,송리단길·호수단길,POI121,KEY_1,서울송파 드네솔빌라,EV013760,서울특별시 송파구 오금로18길 22,127.10967519,37.509042179,24시간 이용가능,Y,N,,아파트
2026-06-26T07:40:42.546487+09:00,송리단길·호수단길,송리단길·호수단길,POI121,KEY_1,서울송파 신동아로쟌뷰,EV005690,서울특별시 송파구 석촌호수로 188,127.0980153,37.50623,24시간 이용가능,N,N,"외부인 사용불가, 주차비유료",아파트
2026-06-26T07:40:42.546487+09:00,송리단길·호수단길,송리단길·호수단길,POI121,KEY_1,서울송파 호수임광아파트 1,EV019853,서울 송파구 송파대로48길 37,127.1071510,37.5103542,24시간 이용가능,N,Y,외부인 사용불가,아파트
2026-06-26T07:40:42.546487+09:00,송리단길·호수단길,송리단길·호수단길,POI121,KEY_1,석촌호수효성해링턴타워,DL000014,서울특별시 송파구 석촌호수로 210,127.1003,37.50656,24시간 이용가능,N,N,,오피스텔
2026-06-26T07:40:42.546487+09:00,신촌 스타광장,신촌 스타광장,POI122,KEY_2,서울서대문 국민은행 신촌,EV012985,서울특별시 서대문구 연세로 5 (창천동),126.9365745,37.5561290,24시간 이용가능,N,Y,외부인 이용불가,사업장(사옥)
2026-06-26T07:40:42.546487+09:00,신촌 스타광장,신촌 스타광장,POI122,KEY_2,현대백화점 신촌점 유플렉스,HY000722,서울특별시 서대문구 신촌로 83,126.9365539,37.55679,10:30 ~ 22:00,N,N,,백화점
2026-06-26T07:40:42.546487+09:00,신촌 스타광장,신촌 스타광장,POI122,KEY_2,현대백화점유플렉스 신촌점,EV001941,서울특별시 서대문구 연세로 13,126.9365584,37.556737,08:00~24:00,N,N,,백화점
2026-06-26T07:40:42.546487+09:00,압구정로데오거리,압구정로데오거리,POI071,KEY_3,서울강남 대원칸타빌아파트 1,EV000923,"서울특별시 강남구 압구정로48길 15 (신사동, 압구정대원칸타빌아파트)",127.0370362,37.5273611,24시간 이용가능,Y,N,,아파트
2026-06-26T07:40:42.546487+09:00,압구정로데오거리,압구정로데오거리,POI071,KEY_3,서울강남 대원칸타빌아파트1(B1),EV005483,서울특별시 강남구 압구정로48길 15,127.037245,37.527529,24시간 이용가능,Y,N,외부인 사용불가,아파트
2026-06-26T07:40:42.546487+09:00,압구정로데오거리,압구정로데오거리,POI071,KEY_3,서울강남 대원칸타빌아파트1(B2),EV005484,서울특별시 강남구 압구정로48길 15,127.03727112,37.527656081,24시간 이용가능,Y,N,외부인 사용불가,아파트
2026-06-26T07:40:42.546487+09:00,압구정로데오거리,압구정로데오거리,POI071,KEY_3,서울강남 압구정하이츠파크 1,EV014520,서울특별시 강남구 압구정로42길 78,127.0336321,37.5240487,24시간 이용가능,N,Y,외부인사용불가,아파트
2026-06-26T07:40:42.546487+09:00,압구정로데오거리,압구정로데오거리,POI071,KEY_3,서울강남 압구정하이츠파크 2,EV014521,서울특별시 강남구 압구정로42길 78,127.0335870,37.5238797,24시간 이용가능,N,Y,외부인사용불가,아파트
2026-06-26T07:40:42.546487+09:00,압구정로데오거리,압구정로데오거리,POI071,KEY_3,서울강남 압구정하이츠파크 3,EV014522,서울특별시 강남구 압구정로42길 78,127.0337000,37.5235013,24시간 이용가능,N,Y,외부인 사용불가,아파트
2026-06-26T07:40:42.546487+09:00,압구정로데오거리,압구정로데오거리,POI071,KEY_3,한양조씨병참공파종회,EC003206,서울특별시 강남구 선릉로 823,127.0393426,37.5256356,24시간 이용가능,N,N,,기타
2026-06-26T07:40:42.546487+09:00,여의도,여의도,POI072,KEY_4,_IFC몰,HM110116,서울특별시 영등포구 국제금융로 10,126.92487670,37.525177524,24시간 이용가능,N,N,,마트(쇼핑몰)
2026-06-26T07:40:42.546487+09:00,여의도,여의도,POI072,KEY_4,_IFC몰,HM110116,서울특별시 영등포구 국제금융로 10,126.92487670,37.525177524,24시간 이용가능,N,N,,일반주차장
2026-06-26T07:40:42.546487+09:00,여의도,여의도,POI072,KEY_4,EV충전소 SK여의도주유소 (ev Most),EM000001,서울특별시 영등포구 의사당대로 154,126.927370,37.517737,07:00-22:00,Y,N,,주유소
2026-06-26T07:40:42.546487+09:00,여의도,여의도,POI072,KEY_4,KDB산업은행 본점,HE192262,서울특별시 영등포구 은행로 14,126.920964,37.526987,09:00~18:00,Y,N,,기타
2026-06-26T07:40:42.546487+09:00,여의도,여의도,POI072,KEY_4,_NH농협캐피탈빌딩,HM110062,서울특별시 영등포구 국제금융로8길 27-8,126.9284037,37.5194612,24시간 이용가능,N,N,,사업장(사옥)
2026-06-26T07:40:42.546487+09:00,여의도,여의도,POI072,KEY_4,_NH농협캐피탈빌딩,HM110062,서울특별시 영등포구 국제금융로8길 27-8,126.9284037,37.5194612,24시간 이용가능,N,N,,일반주차장
2026-06-26T07:40:42.546487+09:00,여의도,여의도,POI072,KEY_4,_iM증권,HM000069,서울특별시 영등포구 여의대로 66,126.9235725,37.5246903,24시간 이용가능,N,N,,사업장(사옥)
2026-06-26T07:40:42.546487+09:00,여의도,여의도,POI072,KEY_4,_나라키움여의도빌딩,HM110030,서울특별시 영등포구 여의도동 55-2 나라키움여의도빌딩,126.9313546,37.5181886,24시간 이용가능,N,N,,사업장(사옥)
2026-06-26T07:40:42.546487+09:00,여의도,여의도,POI072,KEY_4,_여의도 리버타워,HM000063,서울특별시 영등포구 63로 36,126.9385869,37.5194268,24시간 이용가능,N,Y,RFID 카드만 가능,아파트
2026-06-26T07:40:42.546487+09:00,여의도,여의도,POI072,KEY_4,_오투타워,HM110157,서울특별시 영등포구 의사당대로 83,126.9234736,37.5233865,24시간 이용,N,N,,사업장(사옥)
2026-06-26T07:40:42.546487+09:00,여의도,여의도,POI072,KEY_4,_오투타워,HM110157,서울특별시 영등포구 의사당대로 83,126.9234736,37.5233865,24시간 이용,N,N,,일반주차장
2026-06-26T07:40:42.546487+09:00,여의도,여의도,POI072,KEY_4,교보증권 본사,CV004456,서울특별시 영등포구 의사당대로 97,126.924533,37.522753,09:00~18:00,N,Y,외부인 출입불가,사업장(사옥)
2026-06-26T07:40:42.546487+09:00,여의도,여의도,POI072,KEY_4,국회 서편 주차장,ME20A410,서울특별시 영등포구 여의도동 1,126.9127433,37.5318027,24시간 이용가능,Y,N,,공공기관
2026-06-26T07:40:42.546487+09:00,여의도,여의도,POI072,KEY_4,국회 헌정기념관 주차장,ME20A411,서울특별시 영등포구 여의도동 1,126.919483,37.53175,24시간 이용가능,Y,N,,공공기관
2026-06-26T07:40:42.546487+09:00,여의도,여의도,POI072,KEY_4,국회도서관,ME183103,"서울특별시 영등포구 의사당대로1, 국회도서관 앞",126.91764312,37.530302464,24시간 이용가능,Y,N,,공공기관
2026-06-26T07:40:42.546487+09:00,여의도,여의도,POI072,KEY_4,국회의사당,BT200001,서울특별시 영등포구 의사당대로 1,126.91641,37.53292,24시간 이용가능,Y,N,,기타
2026-06-26T07:40:42.546487+09:00,여의도,여의도,POI072,KEY_4,국회의사당 6문,ME22C802,서울특별시 영등포구 의사당대로 1,126.9174606,37.5326039,24시간 이용가능,Y,N,,공공기관
2026-06-26T07:40:42.546487+09:00,여의도,여의도,POI072,KEY_4,국회의원회관,ME183219,"서울특별시 영등포구 의사당대로1, 국회의원회관 주차장 우측",126.914480,37.528194,09:00 ~ 18:00,Y,N,,공공기관
2026-06-26T07:40:42.546487+09:00,여의도,여의도,POI072,KEY_4,더현대 서울,HE001047,서울특별시 영등포구 여의대로 108,126.928046,37.525692,24시간 이용가능,N,N,,백화점
2026-06-26T07:40:42.546487+09:00,여의도,여의도,POI072,KEY_4,영등포 여의도자이,HY000530,서울특별시 영등포구 여의동로3길 10,126.926002,37.518125,24시간 이용가능,Y,Y,외부인 사용불가,아파트
2026-06-26T07:40:42.546487+09:00,여의도,여의도,POI072,KEY_4,더현대 서울,HE001047,서울특별시 영등포구 여의대로 108,126.928046,37.525692,24시간 이용가능,N,Y,시설 이용자로 제한,백화점
2026-06-26T07:40:42.546487+09:00,여의도,여의도,POI072,KEY_4,드림리버오피스텔,EC110022,서울특별시 영등포구 은행로 54,126.9245374,37.5297624,24시간 이용가능,Y,Y,거주자외 출입제한,빌라
2026-06-26T07:40:42.546487+09:00,여의도,여의도,POI072,KEY_4,민주당사,CI0I0019,서울특별시 영등포구 국회대로68길 7,126.9195086,37.5294792,24시간 이용가능,Y,N,,기타
2026-06-26T07:40:42.546487+09:00,여의도,여의도,POI072,KEY_4,백상빌딩,CI0I000C,서울특별시 영등포구 국제금융로6길 30,126.9266154,37.5217254,24시간 이용가능,Y,N,,기타
2026-06-26T07:40:42.546487+09:00,여의도,여의도,POI072,KEY_4,삼천리 여의도 본사,EASCLYP1,서울특별시 영등포구 국제금융로6길 42,126.9255739,37.5209431,24시간 이용가능,N,N,시설 상황에 따라 이용이 제한될 수 있음,사업장(사옥)
2026-06-26T07:40:42.546487+09:00,여의도,여의도,POI072,KEY_4,서린빌딩(샬레코리아),CV000262,서울특별시 영등포구 여의대방로65길 17,126.929253,37.519683,24시간 이용가능,N,N,,사업장(사옥)
2026-06-26T07:40:42.546487+09:00,여의도,여의도,POI072,KEY_4,서울 영등포구 KBS 별관,BNBN0037,서울특별시 영등포구 여의대방로 359,126.929118,37.518669,부분 비개방,N,N,시설 상황에 따란 이용이 제한될 수 있음,기타
2026-06-26T07:40:42.546487+09:00,여의도,여의도,POI072,KEY_4,서울 영등포구 KBS 연구동,BNBN0543,서울특별시 영등포구 국회대로62길 4,126.91495,37.526994,비개방,N,N,시설 상황에 따라 이용이 제한될 수 있음,공공기관
2026-06-26T07:40:42.546487+09:00,여의도,여의도,POI072,KEY_4,서울영등포 국민은행 IT센터,EV012552,서울특별시 영등포구 의사당대로 13 (여의도동),126.9186540,37.5286529,24시간 이용가능,N,Y,외부인 사용불가,사업장(사옥)
2026-06-26T07:40:42.546487+09:00,여의도,여의도,POI072,KEY_4,서울영등포 대우트럼프월드 1,EV017769,서울특별시 영등포구 여의동로 143,126.9325976,37.5175310,24시간 이용가능,N,Y,외부인 사용불가,아파트
2026-06-26T07:40:42.546487+09:00,여의도,여의도,POI072,KEY_4,서울영등포 대우트럼프월드 2,EV017770,서울특별시 영등포구 여의동로 143,126.9325976,37.5175310,24시간 이용가능,N,Y,외부인 사용불가,아파트
2026-06-26T07:40:42.546487+09:00,여의도,여의도,POI072,KEY_4,서울영등포 여의도국민일보,EV005357,서울특별시 영등포구 여의공원로 101,126.9248927,37.529272,24시간 이용가능,Y,N,외부인 사용불가,사업장(사옥)
2026-06-26T07:40:42.546487+09:00,여의도,여의도,POI072,KEY_4,서울영등포 여의도금호리첸시아오피스텔,EV011608,서울특별시 영등포구 여의동로 213,126.9396296,37.5185953,24시간 이용가능,Y,N,,오피스텔
2026-06-26T07:40:42.546487+09:00,여의도,여의도,POI072,KEY_4,서울영등포 여의도파라곤 1,EV012875,서울특별시 영등포구 국회대로 800 (여의도동),126.9211611,37.5307779,24시간 이용가능,N,N,,오피스텔
2026-06-26T07:40:42.546487+09:00,여의도,여의도,POI072,KEY_4,서울영등포 여의도파라곤 2,EV012876,서울특별시 영등포구 국회대로 800 (여의도동),126.9210835,37.5309294,24시간 이용가능,N,N,,오피스텔
2026-06-26T07:40:42.546487+09:00,여의도,여의도,POI072,KEY_4,서울영등포 여의도파크센터,EV013404,서울특별시 영등포구 여의대로 8,126.9185836,37.5212178,24시간 이용가능,N,N,,오피스텔
2026-06-26T07:40:42.546487+09:00,여의도,여의도,POI072,KEY_4,세우빌딩,BPA00006,서울특별시 영등포구 여의공원로 115,126.92,37.53,05:00~00:00,N,Y,시설 상황에 따라 이용이 제한될 수 있음,기타
2026-06-26T07:40:42.546487+09:00,여의도,여의도,POI072,KEY_4,여의도 THE-K,HM000034,서울특별시 영등포구 여의나루로 50,126.9256218,37.5218789,24시간 이용가능,Y,N,,금융기관
2026-06-26T07:40:42.546487+09:00,여의도,여의도,POI072,KEY_4,여의도 THE-K,HM000034,서울특별시 영등포구 여의나루로 50,126.9256218,37.5218789,24시간 이용가능,Y,N,,병원
2026-06-26T07:40:42.546487+09:00,여의도,여의도,POI072,KEY_4,여의도 THE-K,HM000034,서울특별시 영등포구 여의나루로 50,126.9256218,37.5218789,24시간 이용가능,Y,N,RFID 카드만 가능,금융기관
2026-06-26T07:40:42.546487+09:00,여의도,여의도,POI072,KEY_4,여의도 미래에셋증권빌딩,HY000105,서울특별시 영등포구 국제금융로 56,126.929167,37.5225,24시간 이용가능,N,N,,사업장(사옥)
2026-06-26T07:40:42.546487+09:00,여의도,여의도,POI072,KEY_4,여의도 화랑아파트(야외주차장),CGA00026,서울특별시 영등포구 국제금융로7가길 21,126.9355606,37.5221532,24시간 이용가능,Y,Y,거주자외 출입제한,아파트
2026-06-26T07:40:42.546487+09:00,여의도,여의도,POI072,KEY_4,여의도SK증권빌딩,CV004354,서울특별시 영등포구 국제금융로8길 31,126.9281192,37.5194777,24시간 이용가능,N,N,,금융기관
2026-06-26T07:40:42.546487+09:00,여의도,여의도,POI072,KEY_4,여의도사학연금서울회관,CV002274,서울특별시 영등포구 의사당대로 96,126.92287700,37.521523000,24시간 이용가능,N,N,,사업장(사옥)
2026-06-26T07:40:42.546487+09:00,여의도,여의도,POI072,KEY_4,여의도순복음교회,CSCS1006,서울특별시 영등포구 은행로 55,126.914169,37.53049,24시간 이용가능,Y,N,,종교시설
2026-06-26T07:40:42.546487+09:00,여의도,여의도,POI072,KEY_4,여의도주유소,GS000038,서울특별시 영등포구 은행로 64,126.925633,37.530372,24시간 이용가능,Y,N,,주유소
2026-06-26T07:40:42.546487+09:00,여의도,여의도,POI072,KEY_4,여의도파크원,HY000992,서울특별시 영등포구 여의대로 108,126.9291128,37.5251913,24시간 이용가능,N,N,,마트(쇼핑몰)
2026-06-26T07:40:42.546487+09:00,여의도,여의도,POI072,KEY_4,영등포 유화증권빌딩,HY000511,서울특별시 영등포구 국제금융로2길 36,126.9238007,37.5236264,24시간 이용가능,N,N,,사업장(사옥)
2026-06-26T07:40:42.546487+09:00,여의도,여의도,POI072,KEY_4,이룸센터,ME25A109,서울특별시 영등포구 의사당대로 22 (여의도동),126.917833,37.5270608,24시간 이용가능,N,N,,공공기관
2026-06-26T07:40:42.546487+09:00,여의도,여의도,POI072,KEY_4,익스콘벤처타워,EC110040,서울특별시 영등포구 은행로 3,126.9196651,37.5275095,24시간 이용가능,Y,N,,사업장(사옥)
2026-06-26T07:40:42.546487+09:00,여의도,여의도,POI072,KEY_4,장미아파트,CV001272,서울특별시 영등포구 국제금융로7길 32,126.934486,37.523403,24시간 이용가능(입주민 외 이용제한 있을 수 있음),Y,Y,입주민 외 이용제한 있을 수 있음,아파트
2026-06-26T07:40:42.546487+09:00,여의도,여의도,POI072,KEY_4,중소기업중앙회,EZ002150,서울특별시 영등포구 은행로 30,126.9227246,37.5282421,24시간 이용가능,N,N,,사업장(사옥)
2026-06-26T07:40:42.546487+09:00,여의도,여의도,POI072,KEY_4,페어몬트 앰배서더 서울,HE001048,서울특별시 영등포구 여의대로 108,126.928946,37.525009,24시간 이용가능,N,Y,숙박 시설 이용자로 제한,숙박시설
2026-06-26T07:40:42.546487+09:00,여의도,여의도,POI072,KEY_4,하나증권빌딩,HE001105,서울특별시 영등포구 의사당대로 82,126.921794,37.522568,24시간 이용가능,Y,N,,기타
2026-06-26T07:40:42.546487+09:00,여의도,여의도,POI072,KEY_4,한국수출입은행,CSCS1051,서울특별시 영등포구 은행로 38,126.923399,37.528637,24시간 이용가능,Y,N,.,오피스텔
2026-06-26T07:40:42.546487+09:00,여의도,여의도,POI072,KEY_4,한국증권금융 본사,CV004487,서울특별시 영등포구 국제금융로8길 10,126.929336,37.52165,외부인 이용불가,Y,Y,외부인이 전기차 충전목적만으로 출입할 수 없습니다,금융기관
2026-06-26T07:40:42.546487+09:00,여의도,여의도,POI072,KEY_4,행진빌딩,CI0I0005,서울특별시 영등포구 국제금융로 106,126.9333119,37.5190524,24시간 이용가능,Y,N,,기타
2026-06-26T07:40:42.546487+09:00,여의도,여의도,POI072,KEY_4,현대카드빌딩1관,HY000718,서울특별시 영등포구 의사당대로 3,126.9181384,37.5291266,24시간 이용가능,N,Y,임직원 외 출입제한,사업장(사옥)
2026-06-26T07:40:42.546487+09:00,여의도,여의도,POI072,KEY_4,현대카드빌딩2관,HY000719,서울특별시 영등포구 국회대로66길 3,126.9187285,37.5295237,24시간 이용가능,N,Y,임직원 외 출입제한,사업장(사옥)
2026-06-26T07:40:42.546487+09:00,여의도,여의도,POI072,KEY_4,현대카드빌딩3관,HY000720,서울특별시 영등포구 의사당대로 18,126.9175396,37.5271163,24시간 이용가능,N,Y,임직원 외 출입제한,사업장(사옥)
2026-06-26T07:40:42.546487+09:00,영등포 타임스퀘어,영등포 타임스퀘어,POI074,KEY_2,서울영등포 센트럴푸르지오시티 1,EV018271,서울 영등포구 문래로 180,126.9019870,37.5179670,24시간 이용가능,N,Y,외부인 사용불가,오피스텔
2026-06-26T07:40:42.546487+09:00,영등포 타임스퀘어,영등포 타임스퀘어,POI074,KEY_2,신세계백화점타임스퀘어점,IN120052,서울특별시 영등포구 영중로 9,126.9054,37.5171,10:30~20:00,N,N,,백화점
2026-06-26T07:40:42.546487+09:00,영등포 타임스퀘어,영등포 타임스퀘어,POI074,KEY_2,영등포 점프밀라노(B4F),CGA00094,서울특별시 영등포구 영중로 28,126.9058681,37.5188593,24시간 이용가능,N,N,,오피스텔
2026-06-26T07:40:42.546487+09:00,영등포 타임스퀘어,영등포 타임스퀘어,POI074,KEY_2,영등포 제3공영주차장,DO000015,서울특별시 영등포구 문래로 196,126.902438,37.517949,24시간 이용가능,N,N,,공영주차장
2026-06-26T07:40:42.546487+09:00,영등포 타임스퀘어,영등포 타임스퀘어,POI074,KEY_2,영등포구 영등포제3공영주차장,BNBN0328,"서울특별시 영등포구 문래로 196 (영등포동4가, 영등포구 관광정보센터)",126.9041419,37.5170070,0000~0000,N,N,시설 상황에 따라 이용이 제한될 수 있음,사업장(사옥)
2026-06-26T07:40:42.546487+09:00,익선동,익선동,POI116,KEY_1,종로 피카디리플러스(B7F),CGA00035,서울특별시 종로구 돈화문로5가길 1,126.9912303,37.5710275,24시간 이용가능,N,N,,사업장(사옥)
2026-06-26T07:40:42.546487+09:00,익선동,익선동,POI116,KEY_1,춘원당한방박물관,HE191952,서울특별시 종로구 돈화문로9길 27,126.990227,37.571534,평일 09:00~18:00,Y,N,,병원
2026-06-26T07:40:42.546487+09:00,인사동,인사동,POI078,KEY_2,_안녕 인사동,HM110154,서울특별시 종로구 인사동길 49,126.9835522,37.5744669,24시간 이용가능,Y,N,,숙박시설
2026-06-26T07:40:42.546487+09:00,인사동,인사동,POI078,KEY_2,_오라카이인사동(B2층),HM110309,서울특별시 종로구 인사동4길 18,126.9873344,37.5730079,24시간 이용가능,N,N,,기타
2026-06-26T07:40:42.546487+09:00,인사동,인사동,POI078,KEY_2,서울종로 기독교대한감리회하나로,EV014513,서울특별시 종로구 인사동5길 25,126.9853924,37.5720973,24시간 이용가능,N,N,,종교시설
2026-06-26T07:40:42.546487+09:00,인사동,인사동,POI078,KEY_2,서울종로 운현궁SK허브,EV008539,서울특별시 종로구 삼일대로 461,126.985829,37.5755955,24시간 이용가능,N,N,외부인 사용불가,아파트
2026-06-26T07:40:42.546487+09:00,인사동,인사동,POI078,KEY_2,태화빌딩,ME174039,서울특별시 종로구 인사동5길 29,126.9850443,37.5718148,24시간 이용가능,N,N,,사업장(사옥)
2026-06-26T07:40:42.546487+09:00,잠실롯데타워·석촌호수,잠실롯데타워·석촌호수,POI120,KEY_3,롯데월드타워 그린카존,JA110025,서울특별시 송파구 올림픽로 300,127.1032016,37.5135139,24시간 이용가능,N,Y,업무용차량 출입 제한,마트(쇼핑몰)
2026-06-26T07:40:42.546487+09:00,잠실롯데타워·석촌호수,잠실롯데타워·석촌호수,POI120,KEY_3,롯데월드타워 지하 2층,JA110010,서울특별시 송파구 올림픽로 300,127.1044469,37.513752,00:00~24:00,N,N,,마트(쇼핑몰)
2026-06-26T07:40:42.546487+09:00,잠실롯데타워·석촌호수,잠실롯데타워·석촌호수,POI120,KEY_3,롯데월드타워 지하 3층,JA110026,서울특별시 송파구 올림픽로 300,127.1032016,37.5135139,24시간 이용가능,N,N,,백화점
2026-06-26T07:40:42.546487+09:00,잠실롯데타워·석촌호수,잠실롯데타워·석촌호수,POI120,KEY_3,서울송파 신동아로쟌뷰,EV005690,서울특별시 송파구 석촌호수로 188,127.0980153,37.50623,24시간 이용가능,N,N,"외부인 사용불가, 주차비유료",아파트
2026-06-26T07:40:42.546487+09:00,잠실롯데타워·석촌호수,잠실롯데타워·석촌호수,POI120,KEY_3,서울시 잠실역공영주차장(급속),EV003440,서울특별시 송파구 올림픽로 지하 265,127.1018579,37.5138593,24시간 이용가능,N,N,,공영주차장
2026-06-26T07:40:42.546487+09:00,잠실롯데타워·석촌호수,잠실롯데타워·석촌호수,POI120,KEY_3,석촌호수효성해링턴타워,DL000014,서울특별시 송파구 석촌호수로 210,127.1003,37.50656,24시간 이용가능,N,N,,오피스텔
2026-06-26T07:40:42.546487+09:00,잠실롯데타워·석촌호수,잠실롯데타워·석촌호수,POI120,KEY_3,올림픽공원,ME19A152,서울특별시 송파구 올림픽로 424,127.115847,37.5171577,24시간 이용가능,N,N,,공원
2026-06-26T07:40:42.546487+09:00,잠실롯데타워·석촌호수,잠실롯데타워·석촌호수,POI120,KEY_3,잠실엘퍼스트오피스텔,CA000106,서울특별시 송파구 백제고분로51길 7,127.11466980,37.515822625,24시간 이용가능,N,Y,거주자 외 출입제한,오피스텔
2026-06-26T07:40:42.546487+09:00,잠실롯데타워·석촌호수,잠실롯데타워·석촌호수,POI120,KEY_3,잠실역공영주차장,HE240197,서울특별시 송파구 올림픽로 300,127.1034332,37.5131012,24시간 이용가능,Y,N,,공영주차장
2026-06-26T07:40:42.546487+09:00,잠실롯데타워·석촌호수,잠실롯데타워·석촌호수,POI120,KEY_3,효성올림픽카운티,DL000052,서울특별시 송파구 백제고분로 497,127.1146,37.5149,24시간 이용가능,Y,N,,아파트
2026-06-26T07:40:42.546487+09:00,창동 신경제 중심지,창동 신경제 중심지,POI079,KEY_4,(주)농협유통창동농산물종합,EP190009,서울특별시 도봉구 마들로11길 20,127.0518028,37.6550378,24시간 이용가능,Y,Y,시설 상황에 따라 이용이 제한될 수 있음,마트(쇼핑몰)
2026-06-26T07:40:42.546487+09:00,창동 신경제 중심지,창동 신경제 중심지,POI079,KEY_4,도봉어르신문화센터,CV001170,서울특별시 도봉구 마들로 536,127.0508762,37.6600934,24시간 이용가능,Y,N,,지자체시설
2026-06-26T07:40:42.546487+09:00,창동 신경제 중심지,창동 신경제 중심지,POI079,KEY_4,롯데백화점 노원점 주차타워,JA110009,서울특별시 노원구 동일로 1414,127.0616121,37.6555935,10:00 ~ 23:00,N,N,,백화점
2026-06-26T07:40:42.546487+09:00,창동 신경제 중심지,창동 신경제 중심지,POI079,KEY_4,롯데백화점 노원점 지상 1층,JA110007,서울특별시 노원구 동일로 1414,127.0609462,37.6555263,10:00 ~ 23:00,N,N,,백화점
2026-06-26T07:40:42.546487+09:00,창동 신경제 중심지,창동 신경제 중심지,POI079,KEY_4,서울교통공사 창동차량기지,CGA00082,서울특별시 노원구 노원로 573,127.05400285,37.660291354,24시간 이용가능,Y,Y,임직원 외 출입제한,공공기관
2026-06-26T07:40:42.546487+09:00,창동 신경제 중심지,창동 신경제 중심지,POI079,KEY_4,서울노원 국민은행 노원종합금융센터,EV012773,서울특별시 노원구 동일로 1405 (상계동),127.0601779,37.6538310,24시간 이용가능,N,Y,외부인 사용불가,사업장(사옥)
2026-06-26T07:40:42.546487+09:00,창동 신경제 중심지,창동 신경제 중심지,POI079,KEY_4,서울도봉 창동문화체육센터,EV008827,서울특별시 도봉구 노해로69길 132,127.0507053,37.6581174,24시간 이용가능,Y,N,외부인 출입불가,기타
2026-06-26T07:40:42.546487+09:00,창동 신경제 중심지,창동 신경제 중심지,POI079,KEY_4,서울도봉 창동씨드큐브,EV011669,서울특별시 도봉구 창동 1-28,127.0505214,37.6590213,24시간 이용가능,Y,N,,아파트
2026-06-26T07:40:42.546487+09:00,창동 신경제 중심지,창동 신경제 중심지,POI079,KEY_4,서울도봉 창동씨드큐브,EV011669,서울특별시 도봉구 창동 1-28,127.0505214,37.6590213,24시간 이용가능,Y,Y,외부인 사용불가,아파트
2026-06-26T07:40:42.546487+09:00,창동 신경제 중심지,창동 신경제 중심지,POI079,KEY_4,서울도봉 창동역공영주차장,EV008830,서울특별시 도봉구 노해로65길 17-6,127.0458688,37.6522498,24시간 이용가능,Y,N,,공영주차장
2026-06-26T07:40:42.546487+09:00,창동 신경제 중심지,창동 신경제 중심지,POI079,KEY_4,서울도봉 창동역동측주차장,EV008835,서울특별시 도봉구 마들로11길 74,127.0487373,37.6540776,24시간 이용가능,Y,N,,공영주차장
2026-06-26T07:40:42.546487+09:00,창동 신경제 중심지,창동 신경제 중심지,POI079,KEY_4,서울도봉 창동종합금융센터,EV012608,서울특별시 도봉구 노해로 383 (창동),127.0507311,37.6525838,24시간 이용가능,N,Y,외부인 사용불가,사업장(사옥)
2026-06-26T07:40:42.546487+09:00,창동 신경제 중심지,창동 신경제 중심지,POI079,KEY_4,서울사진미술관,EP021000,서울특별시 도봉구 마들로13길 68,127.04894781,37.655515022,24시간 이용가능,Y,N,,전시관
2026-06-26T07:40:42.546487+09:00,창동 신경제 중심지,창동 신경제 중심지,POI079,KEY_4,서울시 창동문화체육센터(급속),EV003435,서울특별시 도봉구 노해로69길 132,127.0504457,37.658277,24시간 이용가능,N,N,,지자체시설
2026-06-26T07:40:42.546487+09:00,창동 신경제 중심지,창동 신경제 중심지,POI079,KEY_4,서울시 창동역서주차장(급속),EV003436,서울특별시 도봉구 노해로65길 17-6,127.0458688,37.6522498,24시간 이용가능,N,Y,시설 상황에 따라 이용이 제한될 수 있음,공영주차장
2026-06-26T07:40:42.546487+09:00,창동 신경제 중심지,창동 신경제 중심지,POI079,KEY_4,와우쇼핑,EBWOWSNW,서울특별시 노원구 노해로 507,127.0640219,37.6553322,09:00~20:00,Y,N,,마트(쇼핑몰)
2026-06-26T07:40:42.546487+09:00,창동 신경제 중심지,창동 신경제 중심지,POI079,KEY_4,용화여고,CU200035,서울특별시 노원구 동일로 1461,127.058376,37.6587686,24시간 이용가능,Y,N,,학교
2026-06-26T07:40:42.546487+09:00,창동 신경제 중심지,창동 신경제 중심지,POI079,KEY_4,한국전기안전공사 서울북부지사,CV000240,서울특별시 도봉구 노해로67길 14,127.0494501,37.652269,24시간 이용가능(시설이용자 외 이용제한 있을 수 있음),Y,N,,공공기관
2026-06-26T07:40:42.546487+09:00,창동 신경제 중심지,창동 신경제 중심지,POI079,KEY_4,화랑빌딩,CPCT0023,서울특별시 노원구 상계로 64,127.062278,37.655792,24시간 이용가능,Y,N,,기타
2026-06-26T07:40:42.546487+09:00,청담동 명품거리,청담동 명품거리,POI080,KEY_1,기아 압구정사옥,CV004291,서울특별시 강남구 압구정로 417,127.04289399,37.527551000,24시간 이용가능,N,Y,직원 외 이용불가,사업장(사옥)
2026-06-26T07:40:42.546487+09:00,청담동 명품거리,청담동 명품거리,POI080,KEY_1,서울 강남 갤러리아백화점 명품관 EAST,HW001012,서울특별시 강남구 압구정로 407,127.0418579,37.5279285,10:30 ~ 20:00,N,N,백화점 영업시간에만 운영,아파트
2026-06-26T07:40:42.546487+09:00,청담동 명품거리,청담동 명품거리,POI080,KEY_1,서울 강남 갤러리아백화점 명품관 WEST,HW001013,서울특별시 강남구 압구정로 343,127.040104,37.5284458,10:30 ~ 20:00,N,N,백화점 영업시간에만 운영,아파트
2026-06-26T07:40:42.546487+09:00,청담동 명품거리,청담동 명품거리,POI080,KEY_1,서울강남 대우로얄카운티2,EV014559,서울특별시 강남구 도산대로81길 26,127.0475645,37.5260482,24시간 이용가능,N,Y,외부인 사용불가,빌라
2026-06-26T07:40:42.546487+09:00,청량리 제기동 일대 전통시장,청량리 제기동 일대 전통시장,POI081,KEY_2,디자이너스호텔,CPCP1064,서울특별시 동대문구 왕산로 226,127.0477,37.5817,24시간 이용가능,Y,N,,기타
2026-06-26T07:40:42.546487+09:00,청량리 제기동 일대 전통시장,청량리 제기동 일대 전통시장,POI081,KEY_2,서울약령시 공영주차장,ME18B284,서울특별시 동대문구 약령중앙로 26,127.03715,37.58051,24시간 이용가능,N,N,,공영주차장
2026-06-26T07:40:42.546487+09:00,청량리 제기동 일대 전통시장,청량리 제기동 일대 전통시장,POI081,KEY_2,약령시 공영주차장,HM001515,서울특별시 동대문구 약령중앙로 26,127.03758664,37.58060041,24시간 이용가능,Y,N,,공영주차장
2026-06-26T07:40:42.546487+09:00,청량리 제기동 일대 전통시장,청량리 제기동 일대 전통시장,POI081,KEY_2,한솔동의보감,HM110192,서울특별시 동대문구 왕산로 109,127.03515541,37.57855128,24시간 이용,Y,N,,기타
2026-06-26T07:40:42.546487+09:00,DMC(디지털미디어시티),DMC(디지털미디어시티),POI084,KEY_1,(출입제한)상암데이터 센터,JA110015,서울특별시 마포구 월드컵북로60길 24,126.8869829,37.5831206,09:00~18:00,N,Y,직원 및 업무용차량 출입 제한,마트(쇼핑몰)
2026-06-26T07:40:42.546487+09:00,DMC(디지털미디어시티),DMC(디지털미디어시티),POI084,KEY_1,DMC 첨단센터,HE000424,서울특별시 마포구 성암로,126.886012,37.585061,24시간 이용가능,Y,N,,사업장(사옥)
2026-06-26T07:40:42.546487+09:00,DMC(디지털미디어시티),DMC(디지털미디어시티),POI084,KEY_1,DMC산학센터,HE240492,서울특별시 마포구 매봉산로 37,126.89059949,37.576051636,24시간 이용가능,Y,N,,기타
2026-06-26T07:40:42.546487+09:00,DMC(디지털미디어시티),DMC(디지털미디어시티),POI084,KEY_1,KBIZ자산관리 DMC타워,EZ002046,서울특별시 마포구 성암로 189,126.8979123,37.5767396,24시간 이용가능,N,N,,사업장(사옥)
2026-06-26T07:40:42.546487+09:00,DMC(디지털미디어시티),DMC(디지털미디어시티),POI084,KEY_1,Park M (주차복합빌딩),ME19A246,서울특별시 마포구 매봉산로 80,126.8941079,37.5783444,24시간 이용가능,N,N,,일반주차장
2026-06-26T07:40:42.546487+09:00,DMC(디지털미디어시티),DMC(디지털미디어시티),POI084,KEY_1,SBA 사옥,HE000426,서울특별시 마포구 월드컵북로,126.889466,37.580714,24시간 이용가능,Y,N,,사업장(사옥)
2026-06-26T07:40:42.546487+09:00,DMC(디지털미디어시티),DMC(디지털미디어시티),POI084,KEY_1,SBS프리즘타워,HE212880,서울특별시 마포구 상암산로 82,126.892738,37.579664,24시간 이용가능,Y,N,,기타
2026-06-26T07:40:42.546487+09:00,DMC(디지털미디어시티),DMC(디지털미디어시티),POI084,KEY_1,YTN 상암,HM110128,서울특별시 마포구 상암산로 76,126.8923145,37.5791943,24시간 이용,Y,N,,사업장(사옥)
2026-06-26T07:40:42.546487+09:00,DMC(디지털미디어시티),DMC(디지털미디어시티),POI084,KEY_1,YTN 상암,HM110128,서울특별시 마포구 상암산로 76,126.8923145,37.5791943,24시간 이용,Y,N,,기타
2026-06-26T07:40:42.546487+09:00,DMC(디지털미디어시티),DMC(디지털미디어시티),POI084,KEY_1,마포 누리꿈스퀘어빌딩 급속충전소(스타코프),EP021300,"서울특별시 마포구 월드컵북로 396 (상암동, 누리꿈스퀘어)",126.8897829,37.579428342,24시간 이용가능,Y,N,,기타
2026-06-26T07:40:42.546487+09:00,DMC(디지털미디어시티),DMC(디지털미디어시티),POI084,KEY_1,마포 우리금융상암센터(B3F),CGA00059,서울특별시 마포구 월드컵북로60길 17,126.8859923,37.5833854,24시간 이용가능,Y,Y,임직원 외 출입제한,사업장(사옥)
2026-06-26T07:40:42.546487+09:00,DMC(디지털미디어시티),DMC(디지털미디어시티),POI084,KEY_1,마포구 상암1공영주차장,BNBN0843,서울특별시 마포구 성암로 197,126.8971993,37.5771432,~,N,N,시설 상황에 따라 이용이 제한될 수 있음,공영주차장
2026-06-26T07:40:42.546487+09:00,DMC(디지털미디어시티),DMC(디지털미디어시티),POI084,KEY_1,상암1 공영주차장,ME19A245,서울특별시 마포구 성암로 197,126.8973596,37.577011200000,24시간 이용가능,N,N,,공영주차장
2026-06-26T07:40:42.546487+09:00,DMC(디지털미디어시티),DMC(디지털미디어시티),POI084,KEY_1,상암동S-City오피스동,IN120079,서울특별시 마포구 월드컵북로54길 25,126.889,37.5821,24시간 이용가능,N,N,,사업장(사옥)
2026-06-26T07:40:42.546487+09:00,DMC(디지털미디어시티),DMC(디지털미디어시티),POI084,KEY_1,서울 한샘상암사옥 충전소,AM900012,서울특별시 마포구 성암로 179,126.8987638,37.5761509,24시간 이용가능,N,N,시설 상황에 따라 이용이 제한될 수 있음,기타
2026-06-26T07:40:42.546487+09:00,DMC(디지털미디어시티),DMC(디지털미디어시티),POI084,KEY_1,서울 한샘상암사옥 충전소,EP220314,서울특별시 마포구 성암로 179,126.8987638,37.5761509,24시간 이용가능,Y,N,시설 상황에 따라 이용이 제한될 수 있음,기타
2026-06-26T07:40:42.546487+09:00,DMC(디지털미디어시티),DMC(디지털미디어시티),POI084,KEY_1,서울 한샘상암사옥 충전소,EP220314,서울특별시 마포구 성암로 179,126.8987638,37.5761509,24시간 이용가능,Y,Y,시설 상황에 따라 이용이 제한될 수 있음,기타
2026-06-26T07:40:42.546487+09:00,DMC(디지털미디어시티),DMC(디지털미디어시티),POI084,KEY_1,서울경제진흥원,CV004480,서울특별시 마포구 월드컵북로 400,126.889538,37.580315,24시간 이용가능,N,N,,공공기관
2026-06-26T07:40:42.546487+09:00,DMC(디지털미디어시티),DMC(디지털미디어시티),POI084,KEY_1,서울마포 DDMC 1,EV013198,서울특별시 마포구 상암동 1610 디디엠씨(DDMC),126.8929164,37.5784545,24시간 이용가능,N,N,,사업장(사옥)
2026-06-26T07:40:42.546487+09:00,DMC(디지털미디어시티),DMC(디지털미디어시티),POI084,KEY_1,서울마포 DDMC 1,EV013198,서울특별시 마포구 상암동 1610 디디엠씨(DDMC),126.8929164,37.5784545,24시간 이용가능,N,Y,외부인 이용불가,사업장(사옥)
2026-06-26T07:40:42.546487+09:00,DMC(디지털미디어시티),DMC(디지털미디어시티),POI084,KEY_1,서울마포 DDMC 2,EV013199,서울특별시 마포구 상암동 1610 디디엠씨(DDMC),126.8929564,37.5784745,24시간 이용가능,N,N,,사업장(사옥)
2026-06-26T07:40:42.546487+09:00,DMC(디지털미디어시티),DMC(디지털미디어시티),POI084,KEY_1,서울마포 LG CNS 상암IT센터,EV013324,서울특별시 마포구 월드컵북로 424,126.88687060,37.581095398,24시간 이용가능,N,N,,사업장(사옥)
2026-06-26T07:40:42.546487+09:00,DMC(디지털미디어시티),DMC(디지털미디어시티),POI084,KEY_1,서울마포 상암휴먼시아2단지,EV006824,서울특별시 마포구 월드컵북로42가길 11,126.8975858,37.5747375,24시간 이용가능,Y,N,외부인 사용불가,아파트
2026-06-26T07:40:42.546487+09:00,DMC(디지털미디어시티),DMC(디지털미디어시티),POI084,KEY_1,서울마포 상암휴먼시아2단지,EV006824,서울특별시 마포구 월드컵북로42가길 11,126.8975858,37.5747375,24시간 이용가능,Y,Y,외부인 사용불가,아파트
2026-06-26T07:40:42.546487+09:00,DMC(디지털미디어시티),DMC(디지털미디어시티),POI084,KEY_1,서울산업진흥원,EV000411,서울특별시 마포구 월드컵북로 400,126.8896371,37.5805219,평일 09시~18시 이용가능,Y,N,,사업장(사옥)
2026-06-26T07:40:42.546487+09:00,DMC(디지털미디어시티),DMC(디지털미디어시티),POI084,KEY_1,스탠포드호텔코리아,ME183009,"서울특별시 마포구 상암동 월드컵북로 58길 15, 지하4층 18",126.886648,37.5823581,24시간 이용가능,Y,N,,숙박시설
2026-06-26T07:40:42.546487+09:00,DMC(디지털미디어시티),DMC(디지털미디어시티),POI084,KEY_1,파크엠빌딩,AMAM0003,서울특별시 마포구 매봉산로 80,126.894285,37.57853,24시간 이용가능,N,N,,일반주차장
2026-06-26T07:40:42.546487+09:00,DMC(디지털미디어시티),DMC(디지털미디어시티),POI084,KEY_1,한국콘텐츠진흥원 DMS방송제작센터,CV001934,서울특별시 마포구 월드컵북로54길 12,126.8892508,37.5807286,24시간 이용가능,N,N,,기타
2026-06-26T07:40:42.546487+09:00,가산디지털단지역,가산디지털단지역,POI013,KEY_2,서울 금천구 가산동 가산디지털 서측노외,BNBN0325,서울특별시 금천구 가산디지털1로 230,126.880392,37.485481,24시간 이용가능,N,N,시설 상황에 따란 이용이 제한될 수 있음,기타
2026-06-26T07:40:42.546487+09:00,가산디지털단지역,가산디지털단지역,POI013,KEY_2,LG가산디지털센터,EV001760,서울특별시 금천구 가산디지털1로 189,126.8797058,37.4821518,24시간 이용가능,Y,N,외부인 사용불가,사업장(사옥)
2026-06-26T07:40:42.546487+09:00,가산디지털단지역,가산디지털단지역,POI013,KEY_2,STX V타워,EZ101140,서울특별시 금천구 가산디지털1로 128,126.8837009,37.4772358,24시간 이용가능,N,Y,시설 상황에 따라 이용이 제한될 수 있음,기타
2026-06-26T07:40:42.546487+09:00,가산디지털단지역,가산디지털단지역,POI013,KEY_2,_가산모비우스 지식산업센터,HM100099,서울특별시 금천구 가산디지털2로 169-23,126.8767469,37.4822066,24시간 이용가능,N,N,,사업장(사옥)
2026-06-26T07:40:42.546487+09:00,가산디지털단지역,가산디지털단지역,POI013,KEY_2,가산미소지움 관리단,EZ200266,서울특별시 금천구 서부샛길 528,126.8787002,37.4762916,24시간 이용가능,N,N,거주자외 출입제한,아파트
2026-06-26T07:40:42.546487+09:00,가산디지털단지역,가산디지털단지역,POI013,KEY_2,가산어반워크1차,HM110255,서울특별시 금천구 가산디지털2로 135,126.87801582,37.480020766,24시간 이용가능,Y,N,시설상황에 따라 이용제한 될수 있음,사업장(사옥)
2026-06-26T07:40:42.546487+09:00,가산디지털단지역,가산디지털단지역,POI013,KEY_2,가산어반워크2차,HM110261,서울특별시 금천구 가산디지털2로 143,126.87768041,37.480624005,24시간 이용가능,Y,N,,기타
2026-06-26T07:40:42.546487+09:00,가산디지털단지역,가산디지털단지역,POI013,KEY_2,금천 대륭포스트타워6차,CGA00216,서울특별시 금천구 벚꽃로 298,126.8838717,37.4814402,24시간 이용가능,Y,N,,기타
2026-06-26T07:40:42.546487+09:00,가산디지털단지역,가산디지털단지역,POI013,KEY_2,금천 벽산/경인 디지털밸리_주차장입구1,CGA00146,서울특별시 금천구 가산디지털2로 184,126.8780843,37.4842494,24시간 이용가능,Y,N,,기타
2026-06-26T07:40:42.546487+09:00,가산디지털단지역,가산디지털단지역,POI013,KEY_2,금천 벽산/경인 디지털밸리_주차장입구2,CGA00193,서울특별시 금천구 가산디지털2로 184,126.8780843,37.4842494,24시간 이용가능,Y,N,,기타
2026-06-26T07:40:42.546487+09:00,가산디지털단지역,가산디지털단지역,POI013,KEY_2,대륭5차운영협의회,EZ200293,서울특별시 금천구 서부샛길 632,126.8762648,37.4805145,24시간 이용가능,N,N,거주자외 출입제한,아파트
2026-06-26T07:40:42.546487+09:00,가산디지털단지역,가산디지털단지역,POI013,KEY_2,대륭7차운영위원회,EZ002303,서울특별시 금천구 서부샛길 638,126.8770429,37.4809717,24시간 이용가능,Y,Y,거주자외 출입제한,아파트
2026-06-26T07:40:42.546487+09:00,가산디지털단지역,가산디지털단지역,POI013,KEY_2,대륭테크노타운6차,EP210180,서울특별시 금천구 서부샛길 648,126.8761807,37.4812045,24시간 이용가능,N,N,,오피스텔
2026-06-26T07:40:42.546487+09:00,가산디지털단지역,가산디지털단지역,POI013,KEY_2,대륭테크노타운6차,EP210180,서울특별시 금천구 서부샛길 648,126.8761807,37.4812045,24시간 이용가능,N,Y,SM3전용,오피스텔
2026-06-26T07:40:42.546487+09:00,가산디지털단지역,가산디지털단지역,POI013,KEY_2,대륭포스트타워5차,EC110008,서울특별시 금천구 디지털로9길 68,126.8864218,37.481076,24시간 이용가능,Y,N,,사업장(사옥)
2026-06-26T07:40:42.546487+09:00,가산디지털단지역,가산디지털단지역,POI013,KEY_2,대륭포스트타워5차 (급),EC110112,서울특별시 금천구 디지털로9길 68,126.8862972,37.4811672,24시간 이용가능,Y,N,,사업장(사옥)
2026-06-26T07:40:42.546487+09:00,가산디지털단지역,가산디지털단지역,POI013,KEY_2,마리오아울렛 3관,HE000875,서울특별시 금천구 벚꽃로 266,126.885155,37.478727,24시간 이용가능,Y,N,,마트(쇼핑몰)
2026-06-26T07:40:42.546487+09:00,가산디지털단지역,가산디지털단지역,POI013,KEY_2,서울 금천구 견인차량보관소,BNBN0582,서울 금천구 가산디지털2로 169-34 (가산동),126.8758006,37.4831701,24시간 이용가능,N,N,시설 상황에 따라 이용이 제한될 수 있음,기타
2026-06-26T07:40:42.546487+09:00,가산디지털단지역,가산디지털단지역,POI013,KEY_2,서울 코오롱테크노밸리,EP230205,서울특별시 금천구 디지털로9길 56,126.88687232,37.480402595,24시간 이용가능,Y,N,,기타
2026-06-26T07:40:42.546487+09:00,가산디지털단지역,가산디지털단지역,POI013,KEY_2,서울금천 대륭테크노타운6차,EV013616,서울특별시 금천구 서부샛길 648,126.8761807,37.4812045,24시간 이용가능,N,N,,기타
2026-06-26T07:40:42.546487+09:00,가산디지털단지역,가산디지털단지역,POI013,KEY_2,서울금천 월드메르디앙벤처센터,EV006695,서울특별시 금천구 벚꽃로 254,126.8854927,37.477763,24시간 이용가능,N,N,외부인 사용불가,사업장(사옥)
2026-06-26T07:40:42.546487+09:00,가산디지털단지역,가산디지털단지역,POI013,KEY_2,서울금천_에이스비즈포레,EV003719,서울특별시 금천구 가산디지털2로 173,126.8770673,37.4831681,24시간 이용가능,Y,N,외부인 사용불가,사업장(사옥)
2026-06-26T07:40:42.546487+09:00,가산디지털단지역,가산디지털단지역,POI013,KEY_2,에이스테크노타워10차,EP210287,서울특별시 금천구 가산디지털1로 196,126.8812848,37.4829649,24시간 이용가능,N,N,,오피스텔
2026-06-26T07:40:42.546487+09:00,가산디지털단지역,가산디지털단지역,POI013,KEY_2,에이스테크노타워10차,EP210287,서울특별시 금천구 가산디지털1로 196,126.8812848,37.4829649,24시간 이용가능,N,N,시설 상황에 따라 이용이 제한될 수 있음,오피스텔
2026-06-26T07:40:42.546487+09:00,가산디지털단지역,가산디지털단지역,POI013,KEY_2,코오롱테크노밸리,EP210295,서울특별시 금천구 디지털로9길 56,126.8868723,37.4804026,24시간 이용가능,N,N,,오피스텔
2026-06-26T07:40:42.546487+09:00,가산디지털단지역,가산디지털단지역,POI013,KEY_2,코오롱테크노밸리 지식산업센터,HU200039,서울특별시 금천구 디지털로9길 56,126.8868718,37.4804032,24시간 이용가능,Y,N,해당사항 없음,사업장(사옥)
2026-06-26T07:40:42.546487+09:00,가산디지털단지역,가산디지털단지역,POI013,KEY_2,한신IT타워2차,IM000278,서울특별시 금천구 디지털로9길 47,126.8858586,37.4795756,24시간 이용가능,N,N,,아파트
2026-06-26T07:40:42.546487+09:00,강남역,강남역,POI014,KEY_3,_메리츠화재 강남사옥,HM110167,서울특별시 강남구 강남대로 382,127.0286271,37.4970487,24시간 이용,N,N,,사업장(사옥)
2026-06-26T07:40:42.546487+09:00,강남역,강남역,POI014,KEY_3,_메리츠화재 강남사옥,HM110167,서울특별시 강남구 강남대로 382,127.0286271,37.4970487,24시간 이용,N,N,,일반주차장
2026-06-26T07:40:42.546487+09:00,강남역,강남역,POI014,KEY_3,_역삼세무서,HM110289,서울특별시 강남구 테헤란로 114,127.0301032,37.4982885,09:00~18:00,Y,N,,기타
2026-06-26T07:40:42.546487+09:00,강남역,강남역,POI014,KEY_3,_토스 신논현오피스,HM110338,서울특별시 서초구 강남대로 459,127.0245245,37.5031095,24시간 이용가능,N,N,,사업장(사옥)
2026-06-26T07:40:42.546487+09:00,강남역,강남역,POI014,KEY_3,강남 GT타워이스트,CGA00294,서울특별시 서초구 서초대로 411,127.0259226,37.4981083,24시간 이용가능,N,N,입주민 전용,사업장(사옥)
2026-06-26T07:40:42.546487+09:00,강남역,강남역,POI014,KEY_3,강남 대우디오빌플러스,CGA00129,서울특별시 강남구 강남대로84길 33,127.03109342,37.497546130,24시간 이용가능,Y,Y,거주자외 출입제한,아파트
2026-06-26T07:40:42.546487+09:00,강남역,강남역,POI014,KEY_3,강남 대우디오빌플러스_2차,CGA00249,서울특별시 강남구 강남대로84길 33,127.0312229,37.4973278,24시간 이용가능,Y,N,,오피스텔
2026-06-26T07:40:42.546487+09:00,강남역,강남역,POI014,KEY_3,삼방주유소,GS000022,서울특별시 서초구 사평대로 364,127.023217,37.503764,24시간 이용가능,Y,N,,주유소
2026-06-26T07:40:42.546487+09:00,강남역,강남역,POI014,KEY_3,삼성화재서초사옥,IN120026,서울특별시 서초구 강남대로 355,127.0288,37.4943,24시간 이용가능,Y,N,,사업장(사옥)
2026-06-26T07:40:42.546487+09:00,강남역,강남역,POI014,KEY_3,서울_강남센트럴푸르지오시티1,EV003466,서울특별시 강남구 테헤란로4길 6,127.0292863,37.4976674,24시간 이용가능 / 입주민만 사용가능,Y,N,,아파트
2026-06-26T07:40:42.546487+09:00,강남역,강남역,POI014,KEY_3,서울_강남센트럴푸르지오시티1,EV003466,서울특별시 강남구 테헤란로4길 6,127.0292863,37.4976674,24시간 이용가능 / 입주민만 사용가능,Y,N,외부인 사용불가,아파트
2026-06-26T07:40:42.546487+09:00,강남역,강남역,POI014,KEY_3,서울_강남센트럴푸르지오시티2,EV003467,서울특별시 강남구 테헤란로4길 6,127.02916487,37.497576085,"24시간 이용가능,입주민만 사용가능 거주자외출입제한",Y,N,외부인 사용불가,아파트
2026-06-26T07:40:42.546487+09:00,강남역,강남역,POI014,KEY_3,서울_강남센트럴푸르지오시티3,EV003458,서울특별시 강남구 테헤란로4길 6,127.02941929,37.497524214,"24시간 이용가능,입주민만 사용가능 거주자외출입제한",Y,N,외부인 사용불가,아파트
2026-06-26T07:40:42.546487+09:00,강남역,강남역,POI014,KEY_3,서울강남 강남역센트럴푸르지오시티 1,EV018986,서울 강남구 테헤란로4길 6,127.0292864,37.4976674,24시간 이용가능,N,N,,오피스텔
2026-06-26T07:40:42.546487+09:00,강남역,강남역,POI014,KEY_3,서울강남 강남역효성헤링턴타워,EV006829,서울특별시 강남구 강남대로84길 15,127.0298357,37.4970034,24시간 이용가능,Y,N,외부인 사용불가,아파트
2026-06-26T07:40:42.546487+09:00,강남역,강남역,POI014,KEY_3,서울강남 강남역효성헤링턴타워,EV006829,서울특별시 강남구 강남대로84길 15,127.0298357,37.4970034,24시간 이용가능,Y,Y,외부인 사용불가,아파트
2026-06-26T07:40:42.546487+09:00,강남역,강남역,POI014,KEY_3,서울강남 비제바노빌딩,EV013815,서울특별시 강남구 강남대로 464,127.02531387,37.503702192,24시간 이용가능,Y,N,,아파트
2026-06-26T07:40:42.546487+09:00,강남역,강남역,POI014,KEY_3,서울강남 서림빌딩,EV013814,서울특별시 강남구 테헤란로 115,127.02990572,37.499061209,24시간 이용가능,N,N,,사업장(사옥)
2026-06-26T07:40:42.546487+09:00,강남역,강남역,POI014,KEY_3,서울서초 강남역2차아이파크,EV015541,서울특별시 서초구 서초대로77길 59 (서초동),127.0239793,37.5022760,24시간 이용가능,N,N,,오피스텔
2026-06-26T07:40:42.546487+09:00,강남역,강남역,POI014,KEY_3,서울서초 한화오벨리스크,EV014166,서울특별시 서초구 서초대로74길 27,127.0272607,37.4952881,24시간 이용가능,N,N,,오피스텔
2026-06-26T07:40:42.546487+09:00,강남역,강남역,POI014,KEY_3,서울서초 한화오벨리스크,EV014166,서울특별시 서초구 서초대로74길 27,127.0272607,37.4952881,24시간 이용가능,N,Y,외부인 사용불가,오피스텔
2026-06-26T07:40:42.546487+09:00,강남역,강남역,POI014,KEY_3,역삼문화공원 지하3층주차장,CV001458,서울특별시 강남구 테헤란로7길 21,127.029673,37.500888,24시간 이용가능,N,N,,공영주차장
2026-06-26T07:40:42.546487+09:00,강남역,강남역,POI014,KEY_3,역삼문화공원 지하4층주차장,CV002017,서울특별시 강남구 테헤란로7길 21,127.0302568,37.50050350,24시간 이용가능,N,N,,공영주차장
2026-06-26T07:40:42.546487+09:00,강남역,강남역,POI014,KEY_3,케이원제23호역삼,IM000283,서울특별시 강남구 테헤란로 212,127.03,37.5,24시간 이용가능,Y,N,,빌라
2026-06-26T07:40:42.546487+09:00,건대입구역,건대입구역,POI015,KEY_4,광진구 자양4동 공영주차장,BNBN0833,서울특별시 광진구 자양동 5-5,127.0681886,37.5386773,~,N,N,시설 상황에 따라 이용이 제한될 수 있음,공영주차장
2026-06-26T07:40:42.546487+09:00,건대입구역,건대입구역,POI015,KEY_4,광진문화예술회관,ME20A278,서울특별시 광진구 능동로 76,127.0705319,37.5375337,24시간 이용가능,N,N,,지자체시설
2026-06-26T07:40:42.546487+09:00,건대입구역,건대입구역,POI015,KEY_4,서울광진 건국AMC 더클래식500 1,EV014726,서울특별시 광진구 능동로 90,127.07092177,37.538362579,24시간 이용가능,Y,N,,아파트
2026-06-26T07:40:42.546487+09:00,건대입구역,건대입구역,POI015,KEY_4,서울광진 건국AMC 더클래식500 2,EV014727,서울특별시 광진구 능동로 90,127.07092177,37.538362579,24시간 이용가능,Y,N,,아파트
2026-06-26T07:40:42.546487+09:00,건대입구역,건대입구역,POI015,KEY_4,서울광진 건국AMC 더클래식500 3,EV014728,서울특별시 광진구 능동로 90,127.07092177,37.538362579,24시간 이용가능,Y,N,,아파트
2026-06-26T07:40:42.546487+09:00,건대입구역,건대입구역,POI015,KEY_4,서울광진 더라움펜트하우스 1,EV018004,서울 광진구 능동로 81,127.0693132,37.5383624,24시간 이용가능,N,Y,외부인 사용불가,아파트
2026-06-26T07:40:42.546487+09:00,건대입구역,건대입구역,POI015,KEY_4,서울광진 더라움펜트하우스1(B3),EV006056,서울특별시 광진구 능동로 81,127.06916132,37.538250998,24시간 이용가능,Y,N,외부인 사용불가,아파트
2026-06-26T07:40:42.546487+09:00,건대입구역,건대입구역,POI015,KEY_4,서울광진 더라움펜트하우스1(B3),EV006056,서울특별시 광진구 능동로 81,127.06916132,37.538250998,24시간 이용가능,Y,Y,외부인 사용불가,아파트
2026-06-26T07:40:42.546487+09:00,건대입구역,건대입구역,POI015,KEY_4,서울광진 더라움펜트하우스2(B5),EV006057,서울특별시 광진구 능동로 81,127.06918404,37.538354599,24시간 이용가능,Y,N,외부인 사용불가,아파트
2026-06-26T07:40:42.546487+09:00,건대입구역,건대입구역,POI015,KEY_4,서울광진 더라움펜트하우스2(B5),EV006057,서울특별시 광진구 능동로 81,127.06918404,37.538354599,24시간 이용가능,Y,Y,외부인 사용불가,아파트
2026-06-26T07:40:42.546487+09:00,건대입구역,건대입구역,POI015,KEY_4,서울광진 더라움펜트하우스3(B6),EV006058,서울특별시 광진구 능동로 81,127.0693126,37.5383612,24시간 이용가능,Y,N,외부인 사용불가,아파트
2026-06-26T07:40:42.546487+09:00,건대입구역,건대입구역,POI015,KEY_4,서울광진 더라움펜트하우스3(B6),EV006058,서울특별시 광진구 능동로 81,127.0693126,37.5383612,24시간 이용가능,Y,Y,외부인 사용불가,아파트
2026-06-26T07:40:42.546487+09:00,건대입구역,건대입구역,POI015,KEY_4,자양동노상주차장,CV004505,서울특별시 광진구 자양동 23-9,127.0645572,37.5414901,24시간 이용가능,Y,N,,공영주차장
2026-06-26T07:40:42.546487+09:00,고덕역,고덕역,POI016,KEY_1,서울강동 고덕삼환아파트,EV004025,서울특별시 강동구 고덕로62길 29,127.1542273,37.5543173,24시간 이용가능,Y,N,,아파트
2026-06-26T07:40:42.546487+09:00,고덕역,고덕역,POI016,KEY_1,서울강동 고덕효성해링턴타워 1,EV015179,서울특별시 강동구 고덕로 262 (명일동),127.1546222,37.5546677,24시간 이용가능,N,N,,기타
2026-06-26T07:40:42.546487+09:00,고덕역,고덕역,POI016,KEY_1,서울강동 고덕효성해링턴타워 2,EV015180,서울특별시 강동구 고덕로 262 (명일동),127.1546222,37.5546677,24시간 이용가능,N,N,,기타
2026-06-26T07:40:42.546487+09:00,고덕역,고덕역,POI016,KEY_1,서울강동 대명벨리온 1,EV014051,서울특별시 강동구 고덕로 266,127.1551814,37.5545697,24시간 이용가능,N,N,,기타
2026-06-26T07:40:42.546487+09:00,고덕역,고덕역,POI016,KEY_1,서울강동 대명벨리온 2,EV014052,서울특별시 강동구 고덕로 266,127.1551197,37.5548221,24시간 이용가능,N,Y,외부인 사용불가,아파트
2026-06-26T07:40:42.546487+09:00,고덕역,고덕역,POI016,KEY_1,서울강동 명일삼환아파트,EV017483,서울특별시 강동구 고덕로62길 29,127.1542273,37.5543173,24시간 이용가능,N,Y,외부인 사용불가,아파트
2026-06-26T07:40:42.546487+09:00,고덕역,고덕역,POI016,KEY_1,서울강동 한화오벨리스크스위트오피스텔,EV005768,서울특별시 강동구 동남로 877,127.155802,37.5520152,24시간 이용가능,Y,N,외부인 사용불가,아파트
2026-06-26T07:40:42.546487+09:00,고덕역,고덕역,POI016,KEY_1,이마트명일점,IN120073,서울특별시 강동구 고덕로 276,127.1558,37.5546,10:00 ~ 22:00,N,N,,마트(쇼핑몰)
2026-06-26T07:40:42.546487+09:00,고속터미널역,고속터미널역,POI017,KEY_2,서울고속버스터미널데크주차장,IN120037,서울특별시 서초구 신반포로 194,127.0071,37.5055,24시간 이용가능,N,N,,일반주차장
2026-06-26T07:40:42.546487+09:00,고속터미널역,고속터미널역,POI017,KEY_2,신세계백화점강남점(센트럴시티),IN120036,서울특별시 서초구 신반포로 176,127.0031,37.5041,10:30~20:00,N,N,,백화점
2026-06-26T07:40:42.546487+09:00,구로디지털단지역,구로디지털단지역,POI019,KEY_4,쿨사인 입주빌딩,EP220032,서울특별시 구로구 디지털로27가길 27,126.8925127,37.4846766,24시간 이용가능,Y,Y,시설 상황에 따라 이용이 제한될 수 있음,사업장(사옥)
2026-06-26T07:40:42.546487+09:00,구로디지털단지역,구로디지털단지역,POI019,KEY_4,_지밸리비즈플라자,HM110323,서울특별시 구로구 디지털로 300,126.896538,37.484927,24시간 이용가능,Y,N,,사업장(사옥)
2026-06-26T07:40:42.546487+09:00,구로디지털단지역,구로디지털단지역,POI019,KEY_4,구로 에이스테크노타워2차,CGA00110,서울특별시 구로구 디지털로31길 19,126.89376717,37.484876015,24시간 이용가능,N,N,,사업장(사옥)
2026-06-26T07:40:42.546487+09:00,구로디지털단지역,구로디지털단지역,POI019,KEY_4,구로구 구로3동 주차장,BNBN0820,서울특별시 구로구 구로동 212-14,126.8925044,37.4830246,~,N,N,시설 상황에 따라 이용이 제한될 수 있음,일반주차장
2026-06-26T07:40:42.546487+09:00,구로디지털단지역,구로디지털단지역,POI019,KEY_4,구로구이앤씨벤처6차,GO000053,서울특별시 구로구 디지털로31길 41,126.8942,37.48417,24시간 이용가능,Y,N,,기타
2026-06-26T07:40:42.546487+09:00,구로디지털단지역,구로디지털단지역,POI019,KEY_4,구로디지털단지역환승주차장,EC001010,서울특별시 구로구 도림천로 477,126.9016095,37.4854141,24시간 이용가능,N,N,,환승주차장
2026-06-26T07:40:42.546487+09:00,구로디지털단지역,구로디지털단지역,POI019,KEY_4,서울 아남전자1 충전소,EP220556,서울특별시 구로구 디지털로27가길 27,126.89251265,37.484676568,24시간 이용가능,Y,N,시설 상황에 따라 이용이 제한될 수 있음,기타
2026-06-26T07:40:42.546487+09:00,구로디지털단지역,구로디지털단지역,POI019,KEY_4,서울 아남전자2 충전소,EP220557,서울특별시 구로구 디지털로27가길 27,126.89251265,37.484676568,24시간 이용가능,Y,N,시설 상황에 따라 이용이 제한될 수 있음,기타
2026-06-26T07:40:42.546487+09:00,구로디지털단지역,구로디지털단지역,POI019,KEY_4,서울구로구 이앤씨벤처드림타워2차,EV004692,서울특별시 구로구 디지털로33길 55,126.8930445,37.4867586,24시간 이용가능,Y,N,외부인 사용불가,사업장(사옥)
2026-06-26T07:40:42.546487+09:00,구로디지털단지역,구로디지털단지역,POI019,KEY_4,서울시 구로디지털단지역공영주차장(급속),EV005670,서울특별시 구로구 도림천로 477,126.9014944,37.4853149,24시간 이용가능,Y,N,,아파트
2026-06-26T07:40:42.546487+09:00,구로디지털단지역,구로디지털단지역,POI019,KEY_4,에이스하이엔드타워1차,CV004538,서울특별시 구로구 디지털로26길 5,126.894102,37.4818142,24시간 이용가능,N,N,,오피스텔
2026-06-26T07:40:42.546487+09:00,구로디지털단지역,구로디지털단지역,POI019,KEY_4,이마트구로점,IN120021,서울특별시 구로구 디지털로32길 43,126.8979,37.4843,10:00 ~ 22:00,N,N,,마트(쇼핑몰)
2026-06-26T07:40:42.546487+09:00,구로디지털단지역,구로디지털단지역,POI019,KEY_4,이마트구로점E,IN120093,서울특별시 구로구 디지털로32길 43,126.8978,37.4844,10:00 ~ 22:00,N,N,,마트(쇼핑몰)
2026-06-26T07:40:42.546487+09:00,구로디지털단지역,구로디지털단지역,POI019,KEY_4,이앤씨6차,BNAG3302,서울특별시 구로구 디지털로31길 41,126.892720,37.485169,24시간 이용가능,Y,N,상황에 따라 변동,기타
2026-06-26T07:40:42.546487+09:00,구로디지털단지역,구로디지털단지역,POI019,KEY_4,코오롱사이언스밸리2차,CPCT0053,서울특별시 구로구 디지털로34길 55,126.899282,37.484286,24시간 이용가능,Y,N,시설 상황에 따라 이용이 제한 될 수 있음,기타
2026-06-26T07:40:42.546487+09:00,구로디지털단지역,구로디지털단지역,POI019,KEY_4,코오롱사이언스밸리2차,CPCT0053,서울특별시 구로구 디지털로34길 55,126.899282,37.484286,24시간 이용가능,Y,Y,시설 상황에 따라 이용이 제한 될 수 있음,기타
2026-06-26T07:40:42.546487+09:00,구로디지털단지역,구로디지털단지역,POI019,KEY_4,쿨사인 지하주차장,CI0I0002,서울특별시 구로구 디지털로27가길 27,126.8925052,37.4847055,24시간 이용가능,Y,N,,기타
2026-06-26T07:40:42.546487+09:00,구로디지털단지역,구로디지털단지역,POI019,KEY_4,파트너스타워2차,CV001794,서울특별시 구로구 디지털로32가길 16,126.898574,37.482944,09:00~18:00,N,N,,기타
2026-06-26T07:40:42.546487+09:00,군자역,군자역,POI021,KEY_2,서울광진 호텔부티크나인,EV007093,서울특별시 광진구 천호대로 560,127.0801062,37.5564558,24시간 이용가능,Y,N,,숙박시설
2026-06-26T07:40:42.546487+09:00,군자역,군자역,POI021,KEY_2,서울성북 ㈜삼원특수지,EV014945,서울특별시 광진구 천호대로 549 (중곡동),127.0792261,37.5576985,24시간 이용가능,N,N,,사업장(사옥)
2026-06-26T07:40:42.546487+09:00,대림역,대림역,POI023,KEY_3,구로중앙로16 노상주차장,HE240214,서울특별시 구로구 구로동 136-14,126.891983,37.4917661,24시간 이용가능,Y,N,,공영주차장
2026-06-26T07:40:42.546487+09:00,대림역,대림역,POI023,KEY_3,대림노외공영주차장,EC001015,서울특별시 구로구 도림천로 352,126.89405009,37.49290640,24시간 이용가능,N,N,,공영주차장
2026-06-26T07:40:42.546487+09:00,대림역,대림역,POI023,KEY_3,서울교통공사 대림별관(B1F),CGA00039,서울특별시 구로구 도림천로 352,126.8942424,37.4934337,24시간 이용가능,Y,Y,임직원외 출입제한,공공기관
2026-06-26T07:40:42.546487+09:00,대림역,대림역,POI023,KEY_3,서울구로 대림역경남아너스빌,EV002542,서울특별시 구로구 구로중앙로8길 41-23,126.8929945,37.4936794,"24시간 이용가능,입주민만 사용가능 거주자외출입제한",Y,N,외부인 사용불가,아파트
2026-06-26T07:40:42.546487+09:00,대림역,대림역,POI023,KEY_3,서울구로 대림역경남아너스빌아파트 1,EV019252,서울특별시 구로구 구로중앙로8길 41-23,126.8929940,37.4936810,24시간 이용가능,N,Y,외부인 사용불가,아파트
2026-06-26T07:40:42.546487+09:00,뚝섬역,뚝섬역,POI025,KEY_1,서울성동 뚝섬리버빌아파트,EV005769,서울특별시 성동구 성수일로11길 15,127.0498269,37.5494959,24시간 이용가능,Y,N,외부인 사용불가,아파트
2026-06-26T07:40:42.546487+09:00,뚝섬역,뚝섬역,POI025,KEY_1,서울성동 뚝섬중앙하이츠빌101동,EV006312,서울특별시 성동구 상원길 47,127.0481899,37.5477242,24시간 이용가능,Y,N,외부인 사용불가,아파트
2026-06-26T07:40:42.546487+09:00,뚝섬역,뚝섬역,POI025,KEY_1,서울성동 뚝섬중앙하이츠빌102동,EV006313,서울특별시 성동구 상원길 47,127.0479978,37.5480914,24시간 이용가능,Y,N,외부인 사용불가,아파트
2026-06-26T07:40:42.546487+09:00,뚝섬역,뚝섬역,POI025,KEY_1,서울성동 뚝섬중앙하이츠빌103동,EV006314,서울특별시 성동구 상원길 47,127.0471433,37.5478958,24시간 이용가능,Y,N,외부인 사용불가,아파트
2026-06-26T07:40:42.546487+09:00,뚝섬역,뚝섬역,POI025,KEY_1,서울성동 성수쌍용아파트1,EV008021,서울특별시 성동구 상원길 63,127.047109,37.5501345,24시간 이용가능,Y,N,외부인 사용불가,아파트
2026-06-26T07:40:42.546487+09:00,뚝섬역,뚝섬역,POI025,KEY_1,서울성동 성수쌍용아파트1,EV008021,서울특별시 성동구 상원길 63,127.047109,37.5501345,24시간 이용가능,Y,Y,외부인 사용불가,아파트
2026-06-26T07:40:42.546487+09:00,뚝섬역,뚝섬역,POI025,KEY_1,서울성동 성수쌍용아파트2,EV008022,서울특별시 성동구 상원길 63,127.047109,37.5501345,24시간 이용가능,Y,N,외부인 사용불가,아파트
2026-06-26T07:40:42.546487+09:00,뚝섬역,뚝섬역,POI025,KEY_1,서울성동 성수쌍용아파트2,EV008022,서울특별시 성동구 상원길 63,127.047109,37.5501345,24시간 이용가능,Y,Y,외부인 사용불가,아파트
2026-06-26T07:40:42.546487+09:00,뚝섬역,뚝섬역,POI025,KEY_1,서울성동 성수쌍용아파트3,EV008023,서울특별시 성동구 상원길 63,127.047109,37.5501345,24시간 이용가능,Y,N,외부인 사용불가,아파트
2026-06-26T07:40:42.546487+09:00,뚝섬역,뚝섬역,POI025,KEY_1,서울성동 성수쌍용아파트3,EV008023,서울특별시 성동구 상원길 63,127.047109,37.5501345,24시간 이용가능,Y,Y,외부인 사용불가,아파트
2026-06-26T07:40:42.546487+09:00,뚝섬역,뚝섬역,POI025,KEY_1,서울성동 성수쌍용아파트4,EV008024,서울특별시 성동구 상원길 63,127.047109,37.5501345,24시간 이용가능,Y,N,외부인 사용불가,아파트
2026-06-26T07:40:42.546487+09:00,뚝섬역,뚝섬역,POI025,KEY_1,서울성동 성수쌍용아파트4,EV008024,서울특별시 성동구 상원길 63,127.047109,37.5501345,24시간 이용가능,Y,Y,외부인 사용불가,아파트
2026-06-26T07:40:42.546487+09:00,뚝섬역,뚝섬역,POI025,KEY_1,서울성동 성수쌍용아파트5,EV008025,서울특별시 성동구 상원길 63,127.047109,37.5501345,24시간 이용가능,Y,N,외부인 사용불가,아파트
2026-06-26T07:40:42.546487+09:00,뚝섬역,뚝섬역,POI025,KEY_1,서울성동 성수쌍용아파트5,EV008025,서울특별시 성동구 상원길 63,127.047109,37.5501345,24시간 이용가능,Y,Y,외부인 사용불가,아파트
2026-06-26T07:40:42.546487+09:00,뚝섬역,뚝섬역,POI025,KEY_1,서울성동 성수쌍용아파트6,EV008026,서울특별시 성동구 상원길 63,127.047109,37.5501345,24시간 이용가능,Y,N,외부인 사용불가,아파트
2026-06-26T07:40:42.546487+09:00,뚝섬역,뚝섬역,POI025,KEY_1,서울성동 성수쌍용아파트6,EV008026,서울특별시 성동구 상원길 63,127.047109,37.5501345,24시간 이용가능,Y,Y,외부인 사용불가,아파트
2026-06-26T07:40:42.546487+09:00,미아사거리역,미아사거리역,POI026,KEY_2,롯데백화점 미아점,JA110037,서울특별시 강북구 도봉로 62,127.0305641,37.6149487,10:30 ~ 22:00,N,N,,백화점
2026-06-26T07:40:42.546487+09:00,미아사거리역,미아사거리역,POI026,KEY_2,서울강북 트레지오쇼핑몰,EV015002,서울특별시 강북구 도봉로 34,127.0307216,37.6120685,24시간 이용가능,N,N,,마트(쇼핑몰)
2026-06-26T07:40:42.546487+09:00,미아사거리역,미아사거리역,POI026,KEY_2,세창주유소,GS000006,서울특별시 성북구 동소문로 323,127.0295068,37.6087501,24시간 이용가능,Y,N,,주유소
2026-06-26T07:40:42.546487+09:00,미아사거리역,미아사거리역,POI026,KEY_2,송중동 공영주차장,BT000093,서울특별시 강북구 월계로7길 36,127.033636,37.611612,24시간 이용가능,Y,N,,관공서
2026-06-26T07:40:42.546487+09:00,발산역,발산역,POI027,KEY_3,강서 건와빌딩,HY000003,서울특별시 강서구 마곡동로 56,126.8338,37.5599,24시간 이용가능,N,N,,사업장(사옥)
2026-06-26T07:40:42.546487+09:00,발산역,발산역,POI027,KEY_3,강서 건와빌딩,HY000003,서울특별시 강서구 마곡동로 56,126.8338,37.5599,24시간 이용가능,N,Y,"시설 상황에 따라 이용이 제한될 수 있음, 거주자외 출입제한",사업장(사옥)
2026-06-26T07:40:42.546487+09:00,발산역,발산역,POI027,KEY_3,강서 등촌주공3단지아파트,CGA00217,서울특별시 강서구 강서로56나길 37,126.8408743,37.5626644,24시간 이용가능,Y,Y,입주민 전용,아파트
2026-06-26T07:40:42.546487+09:00,발산역,발산역,POI027,KEY_3,강서 마곡아이파크,CGA00261,서울특별시 강서구 마곡중앙8로 90,126.8375933,37.5605730,24시간 이용가능,N,Y,입주민 전용,아파트
2026-06-26T07:40:42.546487+09:00,발산역,발산역,POI027,KEY_3,강서 발산파크프라자(B3F),CGA00086,서울특별시 강서구 공항대로 261,126.836521,37.5591532,24시간 이용가능,Y,N,,마트(쇼핑몰)
2026-06-26T07:40:42.546487+09:00,발산역,발산역,POI027,KEY_3,강서블리스주차타워,DL000045,서울특별시 강서구 강서로52길 34,126.8398,37.5575,24시간 이용가능,Y,N,,기타
2026-06-26T07:40:42.546487+09:00,발산역,발산역,POI027,KEY_3,건와빌딩,EP200471,서울특별시 강서구 마곡동로 56,126.8338034,37.5599779,24시간 이용가능,N,Y,시설 상황에 따라 이용이 제한될 수 있음,사업장(사옥)
2026-06-26T07:40:42.546487+09:00,발산역,발산역,POI027,KEY_3,마곡사이언스파크뷰,HU200006,서울특별시 강서구 마곡중앙6로 85,126.8368847,37.5602455,24시간 이용가능,Y,N,해당사항 없음,기타
2026-06-26T07:40:42.546487+09:00,발산역,발산역,POI027,KEY_3,마곡퀸즈파크나인,HM000068,서울특별시 강서구 공항대로 247,126.83523914,37.559313519,24시간 이용가능,Y,N,,사업장(사옥)
2026-06-26T07:40:42.546487+09:00,발산역,발산역,POI027,KEY_3,서울 NC백화점 강서점,HY000916,서울특별시 강서구 강서로56길 17,126.8404988,37.5599335,10:00 ~ 22:00,N,N,,마트(쇼핑몰)
2026-06-26T07:40:42.546487+09:00,발산역,발산역,POI027,KEY_3,서울강서 갤럭시인탤리젼스오피스텔,EV013639,서울특별시 강서구 강서로 415,126.8390897,37.5626171,24시간 이용가능,N,N,,오피스텔
2026-06-26T07:40:42.546487+09:00,발산역,발산역,POI027,KEY_3,서울강서 동광종합토건,EV013964,서울특별시 강서구 강서로 406,126.8396426,37.5617540,24시간 이용가능,N,N,,사업장(사옥)
2026-06-26T07:40:42.546487+09:00,발산역,발산역,POI027,KEY_3,엠펠리체호텔,EC110021,서울특별시 강서구 마곡동로4길 15,126.83524805,37.559818459,24시간 이용가능,Y,N,,숙박시설
2026-06-26T07:40:42.546487+09:00,발산역,발산역,POI027,KEY_3,우성르보아오피스텔,IN120011,서울특별시 강서구 강서로 405,126.838873,37.561752,24시간 이용가능,N,Y,시설 상황에 따라 이용이 제한될 수 있음,오피스텔
2026-06-26T07:40:42.546487+09:00,발산역,발산역,POI027,KEY_3,퀸즈파크나인,HE000867,서울특별시 강서구 공항대로 247,126.83496,37.559331,24시간 이용가능,Y,N,,오피스텔
2026-06-26T07:40:42.546487+09:00,발산역,발산역,POI027,KEY_3,한국가스공사 강서,HE000763,서울특별시 강서구 공항대로 340,126.844885,37.557138,24시간 이용가능,Y,N,,사업장(사옥)
2026-06-26T07:40:42.546487+09:00,사당역,사당역,POI029,KEY_4,남현소공원 공영주차장,CV001539,서울특별시 관악구 남현1길 28,126.97952742,37.475850042,24시간 이용가능,N,N,,공영주차장
2026-06-26T07:40:42.546487+09:00,사당역,사당역,POI029,KEY_4,서울교통공사 사당별관(임직원 전용),CGA00064,서울특별시 서초구 효령로 5,126.9847726,37.4765547,24시간 이용가능,Y,Y,임직원 외 출입제한,공공기관
2026-06-26T07:40:42.546487+09:00,사당역,사당역,POI029,KEY_4,서울동작 국민은행 사당동,EV012551,서울특별시 동작구 동작대로 31 (사당동),126.9813668,37.4793446,24시간 이용가능,N,Y,외부인 사용불가,사업장(사옥)
2026-06-26T07:40:42.546487+09:00,사당역,사당역,POI029,KEY_4,호텔카일,HRA00023,서울특별시 관악구 남현3길 75,126.98061,37.475504,24시간 이용가능,Y,N,,숙박시설
2026-06-26T07:40:42.546487+09:00,삼각지역,삼각지역,POI030,KEY_1,용산파크자이,IN120111,서울특별시 용산구 한강대로 205,126.9732,37.5363,24시간 이용가능,N,N,,아파트
2026-06-26T07:40:42.546487+09:00,삼각지역,삼각지역,POI030,KEY_1,용산파크자이,IN120111,서울특별시 용산구 한강대로 205,126.9732,37.5363,24시간 이용가능,N,Y,거주자외 출입제한,아파트
2026-06-26T07:40:42.546487+09:00,서울대입구역,서울대입구역,POI031,KEY_2,관악 대우디오슈페리움 1단지(B6F),CGA00042,서울특별시 관악구 관악로 164,126.9528507,37.4796468,24시간 이용가능,Y,Y,입주민 전용,아파트
2026-06-26T07:40:42.546487+09:00,서울대입구역,서울대입구역,POI031,KEY_2,관악위버폴리스,EP190003,서울특별시 관악구 관악로 195,126.9530968,37.4825641,24시간 이용가능,Y,Y,시설 상황에 따라 이용이 제한될 수 있음,아파트
2026-06-26T07:40:42.546487+09:00,서울대입구역,서울대입구역,POI031,KEY_2,관악위버폴리스관리단 A동,EC002636,서울특별시 관악구 관악로 195,126.9532554,37.4826445,24시간 이용가능,Y,N,,아파트
2026-06-26T07:40:42.546487+09:00,서울대입구역,서울대입구역,POI031,KEY_2,신원메트로빌 B4,EC003273,서울특별시 관악구 남부순환로 1811,126.9514766,37.481685,24시간 이용가능,Y,N,,아파트
2026-06-26T07:40:42.546487+09:00,서울식물원·마곡나루역,서울식물원·마곡나루역,POI032,KEY_3,두산더랜드타워,HU200005,서울특별시 강서구 마곡서로 152,126.8256454,37.5677108,24시간 이용가능,Y,N,해당사항 없음,기타
2026-06-26T07:40:42.546487+09:00,서울식물원·마곡나루역,서울식물원·마곡나루역,POI032,KEY_3,서울강서 KG SQUARE,EV014628,서울특별시 강서구 마곡중앙5로 18 (마곡동),126.8258416,37.5672463,24시간 이용가능,N,N,,마트(쇼핑몰)
2026-06-26T07:40:42.546487+09:00,서울역,서울역,POI033,KEY_4,_SK남산그린빌딩,HM110005,서울특별시 중구 퇴계로 24,126.9760546,37.5563568,24시간 이용가능,N,N,,사업장(사옥)
2026-06-26T07:40:42.546487+09:00,서울역,서울역,POI033,KEY_4,_메리츠 화재(봉래사옥),HM110200,서울특별시 중구 칠패로 28,126.97227577,37.559210448,24시간 이용,N,N,,사업장(사옥)
2026-06-26T07:40:42.546487+09:00,서울역,서울역,POI033,KEY_4,_서울시티타워,HM110129,서울특별시 중구 후암로 110,126.9740102,37.5542494,24시간 이용,N,N,,일반주차장
2026-06-26T07:40:42.546487+09:00,서울역,서울역,POI033,KEY_4,_우리빌딩(봉래동),HM110095,서울특별시 중구 칠패로 42,126.97355980,37.559474374,24시간 이용가능,N,N,,사업장(사옥)
2026-06-26T07:40:42.546487+09:00,서울역,서울역,POI033,KEY_4,_우리빌딩(봉래동),HM110095,서울특별시 중구 칠패로 42,126.97355980,37.559474374,24시간 이용가능,N,N,,일반주차장
2026-06-26T07:40:42.546487+09:00,서울역,서울역,POI033,KEY_4,_T타워_중구 트라팰리스,HM000122,서울특별시 중구 소월로2길 30,126.9761072,37.5537094,24시간 이용가능,N,N,,사업장(사옥)
2026-06-26T07:40:42.546487+09:00,서울역,서울역,POI033,KEY_4,_서울스퀘어,HM000561,서울특별시 중구 한강대로 416,126.9737617,37.5555299,24시간 이용가능,N,N,,사업장(사옥)
2026-06-26T07:40:42.546487+09:00,서울역,서울역,POI033,KEY_4,단암타워,AM900061,서울특별시 중구 소월로 10,126.9754111,37.55854116,24시간 이용가능,N,N,,일반주차장
2026-06-26T07:40:42.546487+09:00,서울역,서울역,POI033,KEY_4,서울역 E-pit,HD000017,서울특별시 중구 한강대로 405,126.9703232,37.5551162,24시간 이용가능,N,N,어댑터 사용 불가,마트(쇼핑몰)
2026-06-26T07:40:42.546487+09:00,서울역,서울역,POI033,KEY_4,서울중구 남산트라팰리스,EV002939,서울특별시 중구 소월로2길 30,126.9756138,37.5539952,"24시간 이용가능,입주민만 사용가능 거주자외출입제한",Y,N,외부인 사용불가,아파트
2026-06-26T07:40:42.546487+09:00,서울역,서울역,POI033,KEY_4,서울중구 남산트라팰리스2,EV005035,서울특별시 중구 소월로2길 30,126.9756127,37.5539947,24시간 이용가능,Y,N,외부인 사용불가,아파트
2026-06-26T07:40:42.546487+09:00,서울역,서울역,POI033,KEY_4,서울중구 연세대학교 봉래빌딩,EV005715,서울특별시 중구 칠패로 36,126.9728876,37.5593963,24시간 이용가능,N,N,외부인 사용불가,학교
2026-06-26T07:40:42.546487+09:00,서울역,서울역,POI033,KEY_4,연세세브란스빌딩(서울역앞),HM001251,서울특별시 중구 통일로 10,126.97363361,37.557096637,24시간 이용가능,Y,N,,사업장(사옥)
2026-06-26T07:40:42.546487+09:00,서울역,서울역,POI033,KEY_4,와이즈타워,HM001037,서울특별시 중구 세종대로 17,126.9732669,37.5586299,24시간 이용가능,Y,N,,사업장(사옥)
2026-06-26T07:40:42.546487+09:00,서울역,서울역,POI033,KEY_4,와이즈타워,HM001037,서울특별시 중구 세종대로 17,126.9732669,37.5586299,24시간 이용가능,Y,N,,오피스텔
2026-06-26T07:40:42.546487+09:00,선릉역,선릉역,POI034,KEY_1,_카이트타워,HM110101,서울특별시 강남구 테헤란로 306,127.044102,37.5025953,24시간 이용가능,N,N,,사업장(사옥)
2026-06-26T07:40:42.546487+09:00,선릉역,선릉역,POI034,KEY_1,_카이트타워,HM110101,서울특별시 강남구 테헤란로 306,127.044102,37.5025953,24시간 이용가능,N,N,,일반주차장
2026-06-26T07:40:42.546487+09:00,선릉역,선릉역,POI034,KEY_1,_L7호텔강남,HM001799,서울특별시 강남구 테헤란로 415,127.0515416,37.5057886,24시간 이용가능,N,N,,숙박시설
2026-06-26T07:40:42.546487+09:00,선릉역,선릉역,POI034,KEY_1,_성담빌딩,HM110082,서울특별시 강남구 테헤란로 411,127.0508632,37.5054936,24시간 이용가능,N,N,,사업장(사옥)
2026-06-26T07:40:42.546487+09:00,선릉역,선릉역,POI034,KEY_1,_성담빌딩,HM110082,서울특별시 강남구 테헤란로 411,127.0508632,37.5054936,24시간 이용가능,N,N,,기타
2026-06-26T07:40:42.546487+09:00,선릉역,선릉역,POI034,KEY_1,강남 대치타워(B5F),CGA00025,서울특별시 강남구 테헤란로 424,127.0534636,37.5054685,24시간 이용가능,N,N,시설 상황에 따라 이용이 제한될 수 있음,사업장(사옥)
2026-06-26T07:40:42.546487+09:00,선릉역,선릉역,POI034,KEY_1,강남위워크타워,IN120051,서울특별시 강남구 테헤란로 427,127.0537,37.5063,24시간 이용가능,Y,N,,사업장(사옥)
2026-06-26T07:40:42.546487+09:00,선릉역,선릉역,POI034,KEY_1,강남일옥빌딩(신한강남L타워),AM900055,서울특별시 강남구 테헤란로 318,127.0460709,37.50317135,24시간 이용가능,N,N,,일반주차장
2026-06-26T07:40:42.546487+09:00,선릉역,선릉역,POI034,KEY_1,강남파이낸스플라자,HM110190,서울특별시 강남구 테헤란로 419,127.05218035,37.505870118,24시간 이용,Y,N,,사업장(사옥)
2026-06-26T07:40:42.546487+09:00,선릉역,선릉역,POI034,KEY_1,강남파이낸스플라자,HM110190,서울특별시 강남구 테헤란로 419,127.05218035,37.505870118,24시간 이용,Y,N,,일반주차장
2026-06-26T07:40:42.546487+09:00,선릉역,선릉역,POI034,KEY_1,삼성제일빌딩_강남,HM000078,서울특별시 강남구 테헤란로 309,127.0444318,37.5035576,24시간 이용가능,Y,N,,사업장(사옥)
2026-06-26T07:40:42.546487+09:00,선릉역,선릉역,POI034,KEY_1,서울강남 LG선릉에클라트A동,EV014121,서울특별시 강남구 선릉로100길 42,127.0508484,37.5065447,24시간 이용가능,N,Y,외부인 사용불가,오피스텔
2026-06-26T07:40:42.546487+09:00,선릉역,선릉역,POI034,KEY_1,서울강남 LG선릉에클라트B동 1,EV014122,서울특별시 강남구 테헤란로63길 12,127.0509476,37.5061147,24시간 이용가능,N,N,,오피스텔
2026-06-26T07:40:42.546487+09:00,선릉역,선릉역,POI034,KEY_1,서울강남 LG선릉에클라트B동 2,EV013432,서울특별시 강남구 테헤란로63길 12,127.0509476,37.5061147,24시간 이용가능,N,N,,오피스텔
2026-06-26T07:40:42.546487+09:00,선릉역,선릉역,POI034,KEY_1,서울강남 가리온빌딩,EV011039,서울특별시 강남구 삼성로85길 39,127.0542807,37.504237,24시간 이용가능,Y,N,,아파트
2026-06-26T07:40:42.546487+09:00,선릉역,선릉역,POI034,KEY_1,서울강남 선릉위워크,EV014055,서울특별시 강남구 선릉로 428 (대치동),127.0498758,37.5033533,24시간 이용가능,N,Y,외부인 이용불가,군부대
2026-06-26T07:40:42.546487+09:00,선릉역,선릉역,POI034,KEY_1,선릉이스타빌,CCA00003,서울특별시 강남구 테헤란로52길 15,127.04793664,37.503171784,24시간 이용가능,Y,Y,거주자외 출입제한,오피스텔
2026-06-26T07:40:42.546487+09:00,선릉역,선릉역,POI034,KEY_1,아남타워,CU200032,서울특별시 강남구 테헤란로 311,127.044811,37.5038134,24시간 이용가능,N,N,,기타
2026-06-26T07:40:42.546487+09:00,선릉역,선릉역,POI034,KEY_1,태보역삼아이타워,IN120008,서울특별시 강남구 테헤란로 326,127.046909,37.50355,24시간 이용가능,N,N,,사업장(사옥)
2026-06-26T07:40:42.546487+09:00,수유역,수유역,POI036,KEY_3,강북구청,CU200019,서울특별시 강북구 도봉로89길 13,127.025425,37.6391656,24시간 이용가능,N,N,,관공서
2026-06-26T07:40:42.546487+09:00,수유역,수유역,POI036,KEY_3,서울강북 국민은행 강북종합금융센터,EV013490,서울특별시 강북구 도봉로 391,127.0292933,37.6419510,24시간 이용가능,N,Y,외부인 이용불가,사업장(사옥)
2026-06-26T07:40:42.546487+09:00,수유역,수유역,POI036,KEY_3,수유경남아너스빌,AMAM0014,서울특별시 강북구 노해로8길 22,127.024170,37.638176,24시간 이용가능,N,N,,아파트
2026-06-26T07:40:42.546487+09:00,숭례문,숭례문,POI131,KEY_4,_KT&G 남대문타워(호텔),HM110108,서울특별시 중구 남대문로 9,126.9768823,37.5611997,24시간 이용가능,Y,N,,숙박시설
2026-06-26T07:40:42.546487+09:00,숭례문,숭례문,POI131,KEY_4,단암타워,AM900061,서울특별시 중구 소월로 10,126.9754111,37.55854116,24시간 이용가능,N,N,,일반주차장
2026-06-26T07:40:42.546487+09:00,숭례문,숭례문,POI131,KEY_4,삼성본관빌딩,CV003877,서울특별시 중구 세종대로 67,126.975566,37.562379,06:30 ~ 23:00,N,N,,사업장(사옥)
2026-06-26T07:40:42.546487+09:00,숭례문,숭례문,POI131,KEY_4,태평로 빌딩,HM110205,서울특별시 중구 세종대로 73,126.97596194,37.562963637,24시간 이용가능,Y,N,,사업장(사옥)
2026-06-26T07:40:42.546487+09:00,숭례문,숭례문,POI131,KEY_4,프레이저플레이스남대문,IN120045,서울특별시 중구 세종대로 58,126.9764,37.5613,24시간 이용가능,N,N,,숙박시설
2026-06-26T07:40:42.546487+09:00,숭례문,숭례문,POI131,KEY_4,해남2빌딩,IN120077,서울특별시 중구 세종대로12길 12,126.977,37.5615,24시간 이용가능,N,N,,사업장(사옥)
2026-06-26T07:40:42.546487+09:00,시의회 앞,시의회 앞,POI130,KEY_1,_코리아나호텔,HM001692,서울특별시 중구 세종대로 135,126.9762472,37.5678136,24시간 이용가능,N,N,,숙박시설
2026-06-26T07:40:42.546487+09:00,시의회 앞,시의회 앞,POI130,KEY_1,서울도시기반시설본부,CV000259,서울특별시 중구 청계천로 8,126.978292,37.5688401,07:00~19:00,N,N,,공공기관
2026-06-26T07:40:42.546487+09:00,시의회 앞,시의회 앞,POI130,KEY_1,서울신문사 급속충전소,EP210068,서울특별시 중구 세종대로 124,126.9778737,37.5674199,24시간 이용가능,Y,N,시설 상황에 따라 이용이 제한될 수 있음,사업장(사옥)
2026-06-26T07:40:42.546487+09:00,시의회 앞,시의회 앞,POI130,KEY_1,서울파이낸스센터(SFC),HM110219,서울특별시 중구 세종대로 136,126.97825653,37.568423217,24시간 이용가능,Y,Y,입주민 전용,사업장(사옥)
2026-06-26T07:40:42.546487+09:00,시의회 앞,시의회 앞,POI130,KEY_1,종로 동아일보미디어센터,EP240036,서울특별시 종로구 청계천로 1,126.9780203,37.5695464,24시간 이용가능,Y,N,시설 상황에 따라 이용이 제한될 수 있음,기타
2026-06-26T07:40:42.546487+09:00,시의회 앞,시의회 앞,POI130,KEY_1,한국프레스센터,EC110009,서울특별시 중구 세종대로 124,126.9778737,37.5674199,24시간 이용가능,Y,N,,공공기관
2026-06-26T07:40:42.546487+09:00,신논현역·논현역,신논현역·논현역,POI037,KEY_2,강남 타이거318 스케일타워,HY000893,서울특별시 강남구 강남대로 350,127.0257813,37.5061648,24시간 이용가능,Y,N,,마트(쇼핑몰)
2026-06-26T07:40:42.546487+09:00,신논현역·논현역,신논현역·논현역,POI037,KEY_2,더채플논현빌딩,AM900044,서울특별시 강남구 논현로 549,127.02599437,37.505084699,24시간 이용가능,N,N,,음식점
2026-06-26T07:40:42.546487+09:00,신논현역·논현역,신논현역·논현역,POI037,KEY_2,호텔더디자이너스리즈강남프리미어,EP020102,서울특별시 강남구 봉은사로 113,127.02587864,37.505266665,24시간 이용가능,Y,N,,기타
2026-06-26T07:40:42.546487+09:00,신논현역·논현역,신논현역·논현역,POI037,KEY_2,호텔더디자이너스리즈강남프리미어(ino),EK221028,서울특별시 강남구 봉은사로 113,127.0258786,37.5052667,24시간 이용가능,Y,N,,숙박시설
2026-06-26T07:40:42.546487+09:00,신도림역,신도림역,POI038,KEY_3,디큐브 링크아트센터,HY000770,서울특별시 구로구 경인로 662,126.8895296,37.5088109,10:30 ~ 22:00,N,N,,백화점
2026-06-26T07:40:42.546487+09:00,신도림역,신도림역,POI038,KEY_3,디큐브 링크아트센터,HY000771,서울특별시 구로구 경인로 662,126.8892837,37.5087408,10:30 ~ 22:00,N,N,,백화점
2026-06-26T07:40:42.546487+09:00,신도림역,신도림역,POI038,KEY_3,디큐브 링크아트센터,HY000772,서울특별시 구로구 경인로 662,126.889555,37.5088402,10:30 ~ 22:00,N,N,,백화점
2026-06-26T07:40:42.546487+09:00,신도림역,신도림역,POI038,KEY_3,디큐브 링크아트센터,HY000773,서울특별시 구로구 경인로 662,126.8893061,37.508849,10:30 ~ 22:00,N,N,,백화점
2026-06-26T07:40:42.546487+09:00,신도림역,신도림역,POI038,KEY_3,현대디큐브시티,HRA00036,서울특별시 구로구 경인로 662,126.889072,37.508692,24시간 이용가능,Y,N,,백화점
2026-06-26T07:40:42.546487+09:00,신촌·이대역,신촌·이대역,POI040,KEY_2,_맹그로브신촌,HM110159,서울특별시 마포구 서강로 121,126.9340144,37.5539463,24시간 이용,N,N,,카페
2026-06-26T07:40:42.546487+09:00,신촌·이대역,신촌·이대역,POI040,KEY_2,_맹그로브신촌,HM110159,서울특별시 마포구 서강로 121,126.9340144,37.5539463,24시간 이용,N,N,,일반주차장
2026-06-26T07:40:42.546487+09:00,신촌·이대역,신촌·이대역,POI040,KEY_2,_예스에이피엠,HM110228,서울특별시 서대문구 이화여대1길 10,126.9449223,37.5576412,24시간 이용가능,Y,N,,기타
2026-06-26T07:40:42.546487+09:00,신촌·이대역,신촌·이대역,POI040,KEY_2,_테라운드빌딩_신촌,HM000084,서울특별시 서대문구 신촌로 73,126.9345204,37.5563071,24시간 이용가능,N,N,,사업장(사옥)
2026-06-26T07:40:42.546487+09:00,신촌·이대역,신촌·이대역,POI040,KEY_2,기업은행 신촌(공용),EZ100692,서울특별시 서대문구 신촌로 67,126.9340601,37.5565058,24시간 이용가능,N,N,,금융기관
2026-06-26T07:40:42.546487+09:00,신촌·이대역,신촌·이대역,POI040,KEY_2,마포 맹그로브신촌(AMANO),EP021319,서울특별시 마포구 서강로 121,126.934014,37.55394632,24시간 이용가능,Y,N,,기타
2026-06-26T07:40:42.546487+09:00,신촌·이대역,신촌·이대역,POI040,KEY_2,서울서대문 국민은행 신촌,EV012985,서울특별시 서대문구 연세로 5 (창천동),126.9365745,37.5561290,24시간 이용가능,N,Y,외부인 이용불가,사업장(사옥)
2026-06-26T07:40:42.546487+09:00,신촌·이대역,신촌·이대역,POI040,KEY_2,서울서대문 더이음오피스텔,EV010282,서울특별시 서대문구 신촌로 63,126.9337562,37.5566118,24시간 이용가능,Y,N,외부인 사용불가,아파트
2026-06-26T07:40:42.546487+09:00,신촌·이대역,신촌·이대역,POI040,KEY_2,서울서대문 더이음오피스텔,EV010282,서울특별시 서대문구 신촌로 63,126.9337562,37.5566118,24시간 이용가능,Y,Y,외부인 사용불가,아파트
2026-06-26T07:40:42.546487+09:00,신촌·이대역,신촌·이대역,POI040,KEY_2,창천공영주차장,ME183004,"서울특별시 마포구 노고산동 33-1, B3 28",126.9389738,37.55493,24시간 이용가능,N,N,,공영주차장
2026-06-26T07:40:42.546487+09:00,신촌·이대역,신촌·이대역,POI040,KEY_2,현대백화점 신촌점,HY000721,서울특별시 서대문구 신촌로 83,126.9358449,37.5560831,10:30 ~ 22:00,N,N,,백화점
2026-06-26T07:40:42.546487+09:00,신촌·이대역,신촌·이대역,POI040,KEY_2,현대백화점 신촌점 유플렉스,HY000722,서울특별시 서대문구 신촌로 83,126.9365539,37.55679,10:30 ~ 22:00,N,N,,백화점
2026-06-26T07:40:42.546487+09:00,신촌·이대역,신촌·이대역,POI040,KEY_2,현대백화점 신촌점(본관),EV001940,서울특별시 서대문구 신촌로 83,126.9358437,37.556081,24시간 이용가능,N,N,,백화점
2026-06-26T07:40:42.546487+09:00,신촌·이대역,신촌·이대역,POI040,KEY_2,현대백화점유플렉스 신촌점,EV001941,서울특별시 서대문구 연세로 13,126.9365584,37.556737,08:00~24:00,N,N,,백화점
2026-06-26T07:40:42.546487+09:00,쌍문역,쌍문역,POI070,KEY_3,도봉구 쌍문1동 제1공영주차장,BNBN0840,서울특별시 도봉구 우이천로38길 94 (쌍문동),127.0331174,37.6486904,~,N,N,시설 상황에 따라 이용이 제한될 수 있음,공영주차장
2026-06-26T07:40:42.546487+09:00,쌍문역,쌍문역,POI070,KEY_3,창1동 1공영주차장,BT000172,서울특별시 도봉구 도봉로112길 43,127.0371817,37.6471281,24시간 이용가능,N,N,,공영주차장
2026-06-26T07:40:42.546487+09:00,쌍문역,쌍문역,POI070,KEY_3,창동현대타운 101동 B3,EC002299,서울특별시 도봉구 도봉로114길 22-8,127.0352696,37.6471182,24시간 이용가능,Y,N,,아파트
2026-06-26T07:40:42.546487+09:00,양재역,양재역,POI041,KEY_4,_캠코양재타워,HM110111,서울특별시 강남구 강남대로 262,127.0334452,37.4869604,24시간 이용가능,N,N,,사업장(사옥)
2026-06-26T07:40:42.546487+09:00,양재역,양재역,POI041,KEY_4,_캠코양재타워,HM110111,서울특별시 강남구 강남대로 262,127.0334452,37.4869604,24시간 이용가능,N,N,,기타
2026-06-26T07:40:42.546487+09:00,양재역,양재역,POI041,KEY_4,서울서초 우신종합건설㈜서울지사,EV015311,서울특별시 서초구 서운로 19 (서초동),127.0292791,37.4857802,24시간 이용가능,N,N,,기타
2026-06-26T07:40:42.546487+09:00,양재역,양재역,POI041,KEY_4,송남빌딩,IN120078,서울특별시 서초구 강남대로 273,127.0321,37.4876,24시간 이용가능,Y,N,,사업장(사옥)
2026-06-26T07:40:42.546487+09:00,양재역,양재역,POI041,KEY_4,토니모리빌딩,HM001353,서울특별시 서초구 남부순환로 2557,127.0300696,37.4844384,24시간 이용가능,N,N,,사업장(사옥)
2026-06-26T07:40:42.546487+09:00,양재역,양재역,POI041,KEY_4,한라비발디스튜디오193,IN120117,서울특별시 서초구 강남대로39길 15-10,127.0321,37.4856,24시간 이용가능,N,N,,오피스텔
2026-06-26T07:40:42.546487+09:00,역삼역,역삼역,POI042,KEY_1,강남파이낸스센터(GFC) 지하3층,HM110249,서울특별시 강남구 테헤란로 152,127.0365086,37.5000242,06:00~23:00,N,N,시설상황에 따라 이용이 제한될수 있음,기타
2026-06-26T07:40:42.546487+09:00,역삼역,역삼역,POI042,KEY_1,강남파이낸스센터(GFC) 지하4층,HM110198,서울특별시 강남구 테헤란로 152,127.0365086,37.5000242,06:00~23:00,N,Y,시설상황에 따라 이용제한 될수 있음,기타
2026-06-26T07:40:42.546487+09:00,역삼역,역삼역,POI042,KEY_1,더원역삼아파트,CU200029,서울특별시 강남구 논현로 423,127.037921,37.4978331,24시간 이용가능,Y,N,,아파트
2026-06-26T07:40:42.546487+09:00,역삼역,역삼역,POI042,KEY_1,서울 도미노피자본사,EP240020,서울특별시 강남구 역삼로25길 35,127.0388572,37.4983709,05:00~23:00,Y,N,,기타
2026-06-26T07:40:42.546487+09:00,역삼역,역삼역,POI042,KEY_1,아세아타워빌딩1,CV001284,서울특별시 강남구 논현로 430,127.038455,37.499563,24시간 이용가능,N,N,,사업장(사옥)
2026-06-26T07:40:42.546487+09:00,역삼역,역삼역,POI042,KEY_1,아세아타워빌딩2,CV000605,서울특별시 강남구 논현로 430,127.038455,37.499563,24시간 이용가능,N,N,,사업장(사옥)
2026-06-26T07:40:42.546487+09:00,역삼역,역삼역,POI042,KEY_1,아주빌딩,CV000289,서울특별시 강남구 테헤란로 201,127.0371562,37.501254,00:00~24:00,N,N,,사업장(사옥)
2026-06-26T07:40:42.546487+09:00,역삼역,역삼역,POI042,KEY_1,역삼경남아너스빌아파트,EV001933,"서울특별시 강남구 언주로85길 13 (역삼동, 경남아파트)",127.0423817,37.500567,"24시간 이용가능,입주민만 사용가능 거주자 외 출입제한",Y,N,,아파트
2026-06-26T07:40:42.546487+09:00,역삼역,역삼역,POI042,KEY_1,현대모비스 본사,HY000019,서울특별시 강남구 테헤란로 203,127.037778,37.501667,24시간 이용가능,N,Y,임직원 외 사용불가,사업장(사옥)
2026-06-26T07:40:42.546487+09:00,역삼역,역삼역,POI042,KEY_1,현대모비스 본사,HY000019,서울특별시 강남구 테헤란로 203,127.037778,37.501667,24시간 이용가능,N,Y,입주자전용,사업장(사옥)
2026-06-26T07:40:42.546487+09:00,역삼역,역삼역,POI042,KEY_1,현대모비스 본사,HY001813,서울특별시 강남구 테헤란로 203,127.037736,37.501754,24시간 이용가능,N,Y,임직원 외 출입제한,사업장(사옥)
2026-06-26T07:40:42.546487+09:00,오목교역·목동운동장,오목교역·목동운동장,POI044,KEY_3,HK타워,CSSGI027,서울특별시 양천구 신목로 88,126.8750,37.5224,24시간 이용가능,Y,N,,골프장(CC)
2026-06-26T07:40:42.546487+09:00,오목교역·목동운동장,오목교역·목동운동장,POI044,KEY_3,HK타워,CSSGI027,서울특별시 양천구 신목로 88,126.8750,37.5224,24시간 이용가능,Y,Y,.,골프장(CC)
2026-06-26T07:40:42.546487+09:00,오목교역·목동운동장,오목교역·목동운동장,POI044,KEY_3,목1동주민센터,EV000514,서울특별시 양천구 목동서로 192,126.8711885,37.5303645,평일 09시~18시 이용가능,Y,N,,주민센터
2026-06-26T07:40:42.546487+09:00,오목교역·목동운동장,오목교역·목동운동장,POI044,KEY_3,목5동주민센터,EV000515,서울특별시 양천구 목동서로 41,126.8817174,37.5371835,평일 09시~18시 이용가능,Y,N,,주민센터
2026-06-26T07:40:42.546487+09:00,오목교역·목동운동장,오목교역·목동운동장,POI044,KEY_3,목운중학교,CU201003,서울특별시 양천구 목동동로 235,126.8724588,37.5272338,24시간 이용가능,N,Y,학교 교직원으로 제한,학교
2026-06-26T07:40:42.546487+09:00,오목교역·목동운동장,오목교역·목동운동장,POI044,KEY_3,목동SBS,CV003473,서울특별시 양천구 목동서로 161,126.873548,37.52916,24시간 이용가능,Y,N,,기타
2026-06-26T07:40:42.546487+09:00,오목교역·목동운동장,오목교역·목동운동장,POI044,KEY_3,목동SBS,CV004034,서울특별시 양천구 목동서로 161,126.873548,37.52916,24시간 이용가능,Y,Y,시설 사용자 외 이용제한 있을 수 있음,기타
2026-06-26T07:40:42.546487+09:00,오목교역·목동운동장,오목교역·목동운동장,POI044,KEY_3,목동체비지주차장,EC001012,서울특별시 양천구 목동서로 45,126.8810188,37.5371662,24시간 이용가능,N,N,,공영주차장
2026-06-26T07:40:42.546487+09:00,오목교역·목동운동장,오목교역·목동운동장,POI044,KEY_3,목동트라팰리스웨스턴에비뉴,IN120061,서울특별시 양천구 오목로 299,126.8702,37.526,24시간 이용가능,N,N,,아파트
2026-06-26T07:40:42.546487+09:00,오목교역·목동운동장,오목교역·목동운동장,POI044,KEY_3,목동현대파크빌1(지하2_3층,EP190061,서울특별시 양천구 목동동로 391,126.8802712,37.5358738,24시간 이용가능/외부인 출입제한,Y,Y,거주자외 출입제한,아파트
2026-06-26T07:40:42.546487+09:00,오목교역·목동운동장,오목교역·목동운동장,POI044,KEY_3,목동현대파크빌1(지하2_3층,EP190061,서울특별시 양천구 목동동로 391,126.8802712,37.5358738,24시간 이용가능/외부인 출입제한,Y,Y,시설 상황에 따라 이용이 제한될 수 있음,아파트
2026-06-26T07:40:42.546487+09:00,오목교역·목동운동장,오목교역·목동운동장,POI044,KEY_3,부영그린타운1차1(지하5층),EP190101,서울특별시 양천구 목동동로 393,126.8800535,37.5361835,24시간 이용가능(거주자외 출입제한),Y,Y,거주자외 출입제한,아파트
2026-06-26T07:40:42.546487+09:00,오목교역·목동운동장,오목교역·목동운동장,POI044,KEY_3,서울양천 목동PB센터(목동파리공원),EV012269,서울특별시 양천구 목동동로 381 (목동),126.8790374,37.5357387,24시간 이용가능,N,Y,외부인 사용불가,기타
2026-06-26T07:40:42.546487+09:00,오목교역·목동운동장,오목교역·목동운동장,POI044,KEY_3,서울양천 목동가든스위트,EV013304,서울특별시 양천구 목동서로 65,126.8787303,37.5361252,24시간 이용가능,N,Y,외부인 이용불가,아파트
2026-06-26T07:40:42.546487+09:00,오목교역·목동운동장,오목교역·목동운동장,POI044,KEY_3,서울양천 목동슬로우스퀘어,EV011962,서울특별시 양천구 오목로 345 (목동),126.8758207,37.5247775,24시간 이용가능,N,Y,외부인 사용불가,아파트
2026-06-26T07:40:42.546487+09:00,오목교역·목동운동장,오목교역·목동운동장,POI044,KEY_3,서울양천 목동슬로우스퀘어,EV011962,서울특별시 양천구 오목로 345 (목동),126.8758207,37.5247775,24시간 이용가능,N,Y,외부인 이용불가,아파트
2026-06-26T07:40:42.546487+09:00,오목교역·목동운동장,오목교역·목동운동장,POI044,KEY_3,서울양천 목동트라팰리스1,EV008906,서울특별시 양천구 오목로 299,126.87017893,37.526040889,24시간 이용가능,Y,N,외부인 출입불가,아파트
2026-06-26T07:40:42.546487+09:00,오목교역·목동운동장,오목교역·목동운동장,POI044,KEY_3,서울양천 목동트라팰리스1,EV008906,서울특별시 양천구 오목로 299,126.87017893,37.526040889,24시간 이용가능,Y,Y,외부인 출입불가,아파트
2026-06-26T07:40:42.546487+09:00,오목교역·목동운동장,오목교역·목동운동장,POI044,KEY_3,서울양천 목동트라팰리스2,EV008907,서울특별시 양천구 오목로 299,126.8703553,37.5260837,24시간 이용가능,Y,N,외부인 출입불가,아파트
2026-06-26T07:40:42.546487+09:00,오목교역·목동운동장,오목교역·목동운동장,POI044,KEY_3,서울양천 목동트라팰리스2,EV008907,서울특별시 양천구 오목로 299,126.8703553,37.5260837,24시간 이용가능,Y,Y,외부인 출입불가,아파트
2026-06-26T07:40:42.546487+09:00,오목교역·목동운동장,오목교역·목동운동장,POI044,KEY_3,서울양천 목동파라곤오피스텔,EV010981,서울특별시 양천구 목동서로 155,126.875072,37.5299956,24시간 이용가능,Y,N,,아파트
2026-06-26T07:40:42.546487+09:00,오목교역·목동운동장,오목교역·목동운동장,POI044,KEY_3,서울양천 목동하나프라자,EV013939,서울특별시 양천구 목동서로 133-2 (목동),126.8759877,37.5316030,24시간 이용가능,N,Y,외부인 사용불가,사업장(사옥)
2026-06-26T07:40:42.546487+09:00,오목교역·목동운동장,오목교역·목동운동장,POI044,KEY_3,서울양천 목동현대A 재개발임대주택 1,EV017638,서울특별시 양천구 목동동로12길 59,126.8778179,37.5234951,24시간 이용가능,N,Y,외부인 사용불가,아파트
2026-06-26T07:40:42.546487+09:00,오목교역·목동운동장,오목교역·목동운동장,POI044,KEY_3,서울양천 목동현대월드타워 1,EV001279,서울특별시 양천구 목동서로 77,126.8780399,37.5359869,24시간 이용가능/입주민만 사용가능,Y,N,,아파트
2026-06-26T07:40:42.546487+09:00,오목교역·목동운동장,오목교역·목동운동장,POI044,KEY_3,서울양천 목동현대월드타워 2,EV020407,서울 양천구 목동서로 77,126.8780417,37.5359862,24시간 운영,Y,N,,오피스텔
2026-06-26T07:40:42.546487+09:00,오목교역·목동운동장,오목교역·목동운동장,POI044,KEY_3,서울양천 목동현대하이페리온2 1,EV020118,서울특별시 양천구 오목로 300,126.8702449,37.5238943,24시간 이용가능,N,Y,외부인 사용불가,아파트
2026-06-26T07:40:42.546487+09:00,오목교역·목동운동장,오목교역·목동운동장,POI044,KEY_3,서울양천 목동현대하이페리온2차아파트,EV013873,서울특별시 양천구 오목로 300,126.8700225,37.5248304,24시간 이용가능,N,Y,외부인 이용불가,아파트
2026-06-26T07:40:42.546487+09:00,오목교역·목동운동장,오목교역·목동운동장,POI044,KEY_3,서울양천 현대하이페리온2,EV006148,서울특별시 양천구 오목로 300,126.8700225,37.5248304,24시간 이용가능,N,N,외부인 사용불가,아파트
2026-06-26T07:40:42.546487+09:00,오목교역·목동운동장,오목교역·목동운동장,POI044,KEY_3,양천 목동부영그린타운2차,HY001055,서울특별시 양천구 목동동로 401,126.881,37.5362,24시간 이용가능,N,Y,외부인 사용불가,아파트
2026-06-26T07:40:42.546487+09:00,오목교역·목동운동장,오목교역·목동운동장,POI044,KEY_3,양천구 목동종합운동장,CV002165,서울특별시 양천구 안양천로 939,126.8800785,37.5292903,24시간 이용가능,N,N,,경기장
2026-06-26T07:40:42.546487+09:00,오목교역·목동운동장,오목교역·목동운동장,POI044,KEY_3,양천구 목동종합운동장 다목적경기장,CV001834,서울특별시 양천구 안양천로 939,126.882193,37.529438,24시간 이용가능,N,N,,경기장
2026-06-26T07:40:42.546487+09:00,오목교역·목동운동장,오목교역·목동운동장,POI044,KEY_3,양천파리공원,CU201005,서울특별시 양천구 목동동로 363,126.8761365,37.5338904,24시간 이용가능,N,Y,시설 상황에 따라 이용이 제한될 수 있음,공영주차장
2026-06-26T07:40:42.546487+09:00,오목교역·목동운동장,오목교역·목동운동장,POI044,KEY_3,이마트목동점,IN120023,서울특별시 양천구 오목로 299,126.8704,37.526,10:00 ~ 22:00,N,N,,마트(쇼핑몰)
2026-06-26T07:40:42.546487+09:00,오목교역·목동운동장,오목교역·목동운동장,POI044,KEY_3,이마트목동점E,IN120095,서울특별시 양천구 오목로 299,126.8702,37.5258,10:00 ~ 22:00,N,N,,마트(쇼핑몰)
2026-06-26T07:40:42.546487+09:00,오목교역·목동운동장,오목교역·목동운동장,POI044,KEY_3,하이페리온2관리단,EZ210039,서울특별시 양천구 오목로 300,126.8703368,37.52410482,24시간 이용가능,N,N,,아파트
2026-06-26T07:40:42.546487+09:00,오목교역·목동운동장,오목교역·목동운동장,POI044,KEY_3,한국방송회관,EC001045,서울특별시 양천구 목동동로 233,126.8714529,37.5269343,24시간 이용가능,N,N,,지자체시설
2026-06-26T07:40:42.546487+09:00,오목교역·목동운동장,오목교역·목동운동장,POI044,KEY_3,행복한백화점,GO000082,서울특별시 양천구 목동동로 309,126.8761,37.52952,24시간 이용가능,N,N,,백화점
2026-06-26T07:40:42.546487+09:00,오목교역·목동운동장,오목교역·목동운동장,POI044,KEY_3,현대1차아파트,ER000458,서울 양천구 목동동로 240,126.8727860,37.5261442,24시간 이용가능,Y,Y,거주자 외 출입이 제한될 수 있음,아파트
2026-06-26T07:40:42.546487+09:00,오목교역·목동운동장,오목교역·목동운동장,POI044,KEY_3,현대백화점 목동점,HY000818,서울특별시 양천구 목동동로 257,126.8746191,37.5273218,10:30 ~ 22:00,N,N,,백화점
2026-06-26T07:40:42.546487+09:00,오목교역·목동운동장,오목교역·목동운동장,POI044,KEY_3,현대백화점 목동점,ME20A301,서울특별시 양천구 목동동로 257,126.875324,37.526755,10:30~22:00,N,N,,백화점
2026-06-26T07:40:42.546487+09:00,왕십리역,왕십리역,POI045,KEY_4,_비트플렉스,HM110144,서울특별시 성동구 왕십리광장로 17,127.0383824,37.5608972,24시간 이용,N,N,,마트(쇼핑몰)
2026-06-26T07:40:42.546487+09:00,왕십리역,왕십리역,POI045,KEY_4,_비트플렉스,HM110144,서울특별시 성동구 왕십리광장로 17,127.0383824,37.5608972,24시간 이용,N,N,,일반주차장
2026-06-26T07:40:42.546487+09:00,왕십리역,왕십리역,POI045,KEY_4,성동 SH빌아파트,HY001056,서울특별시 성동구 마조로15가길 23,127.0397965,37.564362,24시간 이용가능,N,Y,외부인 사용불가,아파트
2026-06-26T07:40:42.546487+09:00,용산역,용산역,POI046,KEY_1,BYD 용산 전시장,EABYDYS0,서울특별시 용산구 청파로 74,126.95955853,37.53278885,24시간 이용가능,Y,N,,기타
2026-06-26T07:40:42.546487+09:00,용산역,용산역,POI046,KEY_1,_래미안 용산 더 센트럴,HM000065,서울특별시 용산구 한강대로 95,126.9671051,37.5290233,24시간 이용가능,N,Y,,아파트
2026-06-26T07:40:42.546487+09:00,용산역,용산역,POI046,KEY_1,_래미안 용산 더 센트럴,HM000065,서울특별시 용산구 한강대로 95,126.9671051,37.5290233,24시간 이용가능,N,Y,입주민 전용,아파트
2026-06-26T07:40:42.546487+09:00,용산역,용산역,POI046,KEY_1,_래미안용산더센트럴오피스텔,HM110291,서울특별시 용산구 한강대로 95,126.9666538,37.5288174,24시간 이용가능,Y,Y,입주민외 사용불가,아파트
2026-06-26T07:40:42.546487+09:00,용산역,용산역,POI046,KEY_1,나진전자월드상가,CV003226,서울특별시 용산구 청파로 109,126.96337299,37.533687999,24시간 이용가능,N,N,,기타
2026-06-26T07:40:42.546487+09:00,용산역,용산역,POI046,KEY_1,농협은행 용산별관,EV011124,서울특별시 용산구 청파로 122,126.96473300,37.533174610,24시간 이용가능,Y,N,,아파트
2026-06-26T07:40:42.546487+09:00,용산역,용산역,POI046,KEY_1,래미안용산더센트럴 지하8층,EC100001,서울특별시 용산구 한강대로 95,126.9671051,37.5290233,24시간 이용가능,Y,N,,아파트
2026-06-26T07:40:42.546487+09:00,용산역,용산역,POI046,KEY_1,삼구빌딩,IN120058,서울특별시 용산구 청파로 40,126.9562,37.5318,24시간 이용가능,N,N,,사업장(사옥)
2026-06-26T07:40:42.546487+09:00,용산역,용산역,POI046,KEY_1,용산 서울 드래곤시티(B3F),CG000017,서울특별시 용산구 청파로20길 95,126.9627641,37.5318165,24시간 이용가능,N,N,,숙박시설
2026-06-26T07:40:42.546487+09:00,용산역,용산역,POI046,KEY_1,용산드래곤시티,CI0I000D,서울특별시 용산구 청파로20길 95,126.9608486,37.5321767,24시간 이용가능,Y,N,,기타
2026-06-26T07:40:42.546487+09:00,용산역,용산역,POI046,KEY_1,용산주차빌딩,CV001043,서울특별시 용산구 새창로49길 42,126.965343,37.534336,24시간 이용가능,N,N,,공영주차장
2026-06-26T07:40:42.546487+09:00,용산역,용산역,POI046,KEY_1,용산주차빌딩,HE240193,서울특별시 용산구 한강로2가 12-9,126.9651051,37.5343941,24시간 이용가능,Y,N,,공영주차장
2026-06-26T07:40:42.546487+09:00,용산역,용산역,POI046,KEY_1,용산푸르지오 써밋,CV004691,서울특별시 용산구 한강대로 69,126.96435,37.529713,24시간 이용가능,N,N,,아파트
2026-06-26T07:40:42.546487+09:00,용산역,용산역,POI046,KEY_1,전자상가제1공영주차장,BT000153,서울특별시 용산구 새창로 170-4,126.9632615,37.5324193,24시간 이용가능,N,N,,공영주차장
2026-06-26T07:40:42.546487+09:00,용산역,용산역,POI046,KEY_1,전자상가제2공영주차장,BT000152,서울특별시 용산구 새창로 170-4,126.9632615,37.5324193,24시간 이용가능,N,N,,공영주차장
2026-06-26T07:40:42.546487+09:00,용산역,용산역,POI046,KEY_1,전자상가제3공영주차장,BT000151,서울특별시 용산구 청파로 74,126.9595585,37.53278886,24시간 이용가능,N,N,,공영주차장
2026-06-26T07:40:42.546487+09:00,용산역,용산역,POI046,KEY_1,전자상가제5공영주차장,BT000134,서울특별시 용산구 청파로 101,126.9623218,37.53334641,24시간 이용가능,N,N,,공영주차장
2026-06-26T07:40:42.546487+09:00,잠실역,잠실역,POI119,KEY_4,롯데월드타워 그린카존,JA110025,서울특별시 송파구 올림픽로 300,127.1032016,37.5135139,24시간 이용가능,N,Y,업무용차량 출입 제한,마트(쇼핑몰)
2026-06-26T07:40:42.546487+09:00,잠실역,잠실역,POI119,KEY_4,롯데월드타워 지하 2층,JA110010,서울특별시 송파구 올림픽로 300,127.1044469,37.513752,00:00~24:00,N,N,,마트(쇼핑몰)
2026-06-26T07:40:42.546487+09:00,잠실역,잠실역,POI119,KEY_4,롯데월드타워 지하 3층,JA110026,서울특별시 송파구 올림픽로 300,127.1032016,37.5135139,24시간 이용가능,N,N,,백화점
2026-06-26T07:40:42.546487+09:00,잠실역,잠실역,POI119,KEY_4,서울시 잠실역공영주차장(급속),EV003440,서울특별시 송파구 올림픽로 지하 265,127.1018579,37.5138593,24시간 이용가능,N,N,,공영주차장
2026-06-26T07:40:42.546487+09:00,잠실역,잠실역,POI119,KEY_4,잠실역공영주차장,HE240197,서울특별시 송파구 올림픽로 300,127.1034332,37.5131012,24시간 이용가능,Y,N,,공영주차장
2026-06-26T07:40:42.546487+09:00,장지역,장지역,POI048,KEY_1,서울송파 가든파이브라이프 1,EV018361,서울특별시 송파구 충민로 66,127.1249618,37.4776148,24시간 이용가능,N,N,,아파트
2026-06-26T07:40:42.546487+09:00,장지역,장지역,POI048,KEY_1,서울송파 가든파이브라이프 10,EV018786,서울특별시 송파구 충민로 66,127.1249618,37.4776148,24시간 이용가능,N,Y,외부인 사용불가,마트(쇼핑몰)
2026-06-26T07:40:42.546487+09:00,장지역,장지역,POI048,KEY_1,서울송파 가든파이브라이프 11,EV018787,서울특별시 송파구 충민로 66,127.1249618,37.4776148,24시간 이용가능,N,Y,외부인 사용불가,마트(쇼핑몰)
2026-06-26T07:40:42.546487+09:00,장지역,장지역,POI048,KEY_1,서울송파 가든파이브라이프 12,EV018788,서울특별시 송파구 충민로 66,127.1249618,37.4776148,24시간 이용가능,N,Y,외부인 사용불가,마트(쇼핑몰)
2026-06-26T07:40:42.546487+09:00,장지역,장지역,POI048,KEY_1,서울송파 가든파이브라이프 2,EV018362,서울특별시 송파구 충민로 66,127.1249618,37.4776148,24시간 이용가능,N,N,,아파트
2026-06-26T07:40:42.546487+09:00,장지역,장지역,POI048,KEY_1,서울송파 가든파이브라이프 3,EV018363,서울특별시 송파구 충민로 66,127.1249618,37.4776148,24시간 이용가능,N,N,,아파트
2026-06-26T07:40:42.546487+09:00,장지역,장지역,POI048,KEY_1,서울송파 가든파이브라이프 4,EV018364,서울특별시 송파구 충민로 66,127.1249618,37.4776148,24시간 이용가능,N,N,,아파트
2026-06-26T07:40:42.546487+09:00,장지역,장지역,POI048,KEY_1,서울송파 가든파이브라이프 5,EV018365,서울특별시 송파구 충민로 66,127.1249618,37.4776148,24시간 이용가능,N,N,,아파트
2026-06-26T07:40:42.546487+09:00,장지역,장지역,POI048,KEY_1,서울송파 가든파이브라이프 5,EV018365,서울특별시 송파구 충민로 66,127.1249618,37.4776148,24시간 이용가능,N,Y,외부인 사용불가,아파트
2026-06-26T07:40:42.546487+09:00,장지역,장지역,POI048,KEY_1,서울송파 가든파이브라이프 6,EV018782,서울특별시 송파구 충민로 66,127.1249618,37.4776148,24시간 이용가능,N,Y,외부인 사용불가,마트(쇼핑몰)
2026-06-26T07:40:42.546487+09:00,장지역,장지역,POI048,KEY_1,서울송파 가든파이브라이프 7,EV018783,서울특별시 송파구 충민로 66,127.1249618,37.4776148,24시간 이용가능,N,Y,외부인 사용불가,마트(쇼핑몰)
2026-06-26T07:40:42.546487+09:00,장지역,장지역,POI048,KEY_1,서울송파 가든파이브라이프 8,EV018784,서울특별시 송파구 충민로 66,127.1249618,37.4776148,24시간 이용가능,N,Y,외부인 사용불가,마트(쇼핑몰)
2026-06-26T07:40:42.546487+09:00,장지역,장지역,POI048,KEY_1,서울송파 가든파이브라이프 9,EV018785,서울특별시 송파구 충민로 66,127.1249618,37.4776148,24시간 이용가능,N,Y,외부인 사용불가,마트(쇼핑몰)
2026-06-26T07:40:42.546487+09:00,장지역,장지역,POI048,KEY_1,서울송파 가든파이브웍스 1,EV013173,서울특별시 송파구 충민로 52,127.1224226,37.4776671,24시간 이용가능,N,N,,기타
2026-06-26T07:40:42.546487+09:00,장지역,장지역,POI048,KEY_1,서울송파 가든파이브웍스 2,EV013174,서울특별시 송파구 충민로 52,127.122746,37.4777176,24시간 이용가능,N,N,,기타
2026-06-26T07:40:42.546487+09:00,장지역,장지역,POI048,KEY_1,서울송파 가든파이브웍스1(B3)(급속),EV004799,서울특별시 송파구 충민로 52,127.122746,37.4777176,24시간 이용가능,Y,N,,마트(쇼핑몰)
2026-06-26T07:40:42.546487+09:00,장지역,장지역,POI048,KEY_1,아우디_송파대로 전시장(코오롱아우토),CV000762,서울특별시 송파구 충민로2길 8,127.126311,37.479341,09:00~18:00,Y,N,,서비스센터
2026-06-26T07:40:42.546487+09:00,장한평역,장한평역,POI049,KEY_2,NH농협은행 장안평금융센터,CV004337,서울특별시 동대문구 장한로 6,127.065433,37.561828,24시간 이용가능,Y,N,,금융기관
2026-06-26T07:40:42.546487+09:00,장한평역,장한평역,POI049,KEY_2,덕원 공영주차장,HM001512,서울특별시 동대문구 장한로6길 54,127.06871006,37.56226142,24시간 이용가능,Y,N,,공영주차장
2026-06-26T07:40:42.546487+09:00,장한평역,장한평역,POI049,KEY_2,북한연구소주차장,CV004593,서울특별시 동대문구 장한로 21,127.0657727,37.563625,24시간 이용가능,N,N,,일반주차장
2026-06-26T07:40:42.546487+09:00,장한평역,장한평역,POI049,KEY_2,서울 아마노 장안스피존 주차장,AH000094,서울특별시 동대문구 장한로2길 33,127.0672183,37.5622935,24시간 이용가능,N,N,,일반주차장
2026-06-26T07:40:42.546487+09:00,장한평역,장한평역,POI049,KEY_2,서울성동_신창비바패밀리오피스텔,EV003510,서울특별시 성동구 천호대로 400,127.0633215,37.5612965,"24시간 이용가능, 아파트 입주민만 사용가능",Y,N,외부인 사용불가,아파트
2026-06-26T07:40:42.546487+09:00,장한평역,장한평역,POI049,KEY_2,아우디_동대문 전시장&서비스센터(고진모터스),CV002464,서울특별시 동대문구 천호대로 445,127.068352,37.561267,09:00~18:00,Y,N,,서비스센터
2026-06-26T07:40:42.546487+09:00,장한평역,장한평역,POI049,KEY_2,카서울닷컴,EC110042,서울특별시 성동구 자동차시장1길 96,127.0684152,37.5598669,24시간 이용가능,N,N,,기타
2026-06-26T07:40:42.546487+09:00,장한평역,장한평역,POI049,KEY_2,포르쉐 센터 세영모빌리티 성수서비스센터,CV004395,서울 성동구 가람길 283(용답동),127.0689470,37.5592970,09:00~18:00,N,Y,외부인 출입불가,서비스센터
2026-06-26T07:40:42.546487+09:00,장한평역,장한평역,POI049,KEY_2,포르쉐 센터 세영모빌리티 성수스튜디오,CV004394,"서울 성동구 천호대로 454(용답동, 포르쉐)",127.0692880,37.5604982,09:00~18:00,N,Y,외부인 출입불가,기타
2026-06-26T07:40:42.546487+09:00,천호역,천호역,POI050,KEY_3,강동비오르,CPCT0036,서울특별시 강동구 구천면로 183,127.1254,37.5412,24시간 이용가능,Y,N,시설 상황에 따라 이용이 제한될 수 있음,기타
2026-06-26T07:40:42.546487+09:00,천호역,천호역,POI050,KEY_3,뉴코아팩토리아울렛 천호점,EC110109,서울특별시 강동구 구천면로 189,127.12587933,37.541008488,24시간 이용가능,N,N,,백화점
2026-06-26T07:40:42.546487+09:00,천호역,천호역,POI050,KEY_3,서울강동 대우한강베네시티,EV006692,서울특별시 강동구 올림픽로 664,127.1249758,37.5405554,24시간 이용가능,Y,N,외부인 사용불가,아파트
2026-06-26T07:40:42.546487+09:00,천호역,천호역,POI050,KEY_3,서울강동 천호역한강푸르지오시티 1,EV015568,서울특별시 강동구 구천면로 192 (천호동),127.1258172,37.5403575,24시간 이용가능,N,N,,오피스텔
2026-06-26T07:40:42.546487+09:00,천호역,천호역,POI050,KEY_3,서울강동 천호역한강푸르지오시티 2,EV015569,서울특별시 강동구 구천면로 192 (천호동),127.1258172,37.5403575,24시간 이용가능,N,N,,오피스텔
2026-06-26T07:40:42.546487+09:00,천호역,천호역,POI050,KEY_3,서울시 천호역공영주차장(급속),EV003437,서울특별시 강동구 천호대로 지하 997,127.1237424,37.538579,24시간 이용가능,N,N,,공영주차장
2026-06-26T07:40:42.546487+09:00,천호역,천호역,POI050,KEY_3,천호 두산위브센티움(B5F),CGA00037,서울특별시 강동구 올림픽로70길 61,127.1269895,37.5394018,24시간 이용가능,Y,N,,아파트
2026-06-26T07:40:42.546487+09:00,천호역,천호역,POI050,KEY_3,천호 브라운스톤(1F/B6F),CGA00061,서울특별시 강동구 천호대로 1006,127.123789,37.5380514,24시간 이용가능,Y,Y,입주자외 출입제한,오피스텔
2026-06-26T07:40:42.546487+09:00,천호역,천호역,POI050,KEY_3,천호역공영주차장,CV002673,서울특별시 강동구 천호대로 997,127.125109,37.538494,24시간 이용가능,N,N,,공영주차장
2026-06-26T07:40:42.546487+09:00,천호역,천호역,POI050,KEY_3,천호역공영주차장,HE240195,서울특별시 강동구 천호대로 1015,127.12532691,37.537810560,24시간 이용가능,Y,N,,공영주차장
2026-06-26T07:40:42.546487+09:00,천호역,천호역,POI050,KEY_3,청람빌딩,HU200018,서울특별시 송파구 천호대로 996,127.1224417,37.538458,24시간 이용가능,Y,N,해당사항 없음,사업장(사옥)
2026-06-26T07:40:42.546487+09:00,천호역,천호역,POI050,KEY_3,현대백화점 천호점,HY000712,서울특별시 강동구 천호대로 1005,127.124441,37.538975,10:30 ~ 22:00,N,N,,일반주차장
2026-06-26T07:40:42.546487+09:00,충정로역,충정로역,POI052,KEY_1,센트럴플레이스,ALAL0018,서울특별시 중구 서소문로 50,126.967022,37.560949,24시간 이용가능,N,N,,기타
2026-06-26T07:40:42.546487+09:00,충정로역,충정로역,POI052,KEY_1,_센트럴타워(중구),HM110102,서울특별시 중구 서소문로 38,126.966256,37.5604273,24시간 이용,N,N,,사업장(사옥)
2026-06-26T07:40:42.546487+09:00,충정로역,충정로역,POI052,KEY_1,_센트럴타워(중구),HM110102,서울특별시 중구 서소문로 38,126.966256,37.5604273,24시간 이용,N,N,,일반주차장
2026-06-26T07:40:42.546487+09:00,충정로역,충정로역,POI052,KEY_1,_풍산빌딩,HM001069,서울특별시 서대문구 충정로 23,126.9629504,37.5611531,24시간 이용가능,N,N,,사업장(사옥)
2026-06-26T07:40:42.546487+09:00,합정역,합정역,POI053,KEY_2,_마포한강2차푸르지오,HM110081,서울특별시 마포구 월드컵로3길 14,126.911649,37.551008,24시간 이용가능,N,Y,,아파트
2026-06-26T07:40:42.546487+09:00,합정역,합정역,POI053,KEY_2,_마포한강푸르지오1차,HM001281,서울특별시 마포구 월드컵로1길 14,126.9120613,37.5500498,24시간 이용가능,N,Y,,아파트
2026-06-26T07:40:42.546487+09:00,혜화역,혜화역,POI054,KEY_3,동성고등학교,CV004507,서울특별시 종로구 대학로 156,127.0037199,37.58404474,외부인 출입불가,N,Y,외부인 출입불가,학교
2026-06-26T07:40:42.546487+09:00,혜화역,혜화역,POI054,KEY_3,서울종로 서울대학교 의학도서관,EV016724,서울특별시 종로구 대학로 103,127.0011412,37.5812861,24시간 이용가능,N,N,,학교
2026-06-26T07:40:42.546487+09:00,혜화역,혜화역,POI054,KEY_3,서울종로 서울대학교 의학도서관,EV016943,서울특별시 종로구 대학로 103,127.0011412,37.5812861,24시간 이용가능,N,N,,학교
2026-06-26T07:40:42.546487+09:00,홍대입구역(2호선),홍대입구역(2호선),POI055,KEY_4,_홍대아일렉스스퀘어,HM110202,서울특별시 마포구 양화로 147,126.92205450,37.556050252,24시간 이용,N,N,,영화관
2026-06-26T07:40:42.546487+09:00,홍대입구역(2호선),홍대입구역(2호선),POI055,KEY_4,서울마포 LG팰리스빌딩 1,EV015095,서울특별시 마포구 양화로 156,126.9234466,37.5561131,24시간 이용가능,N,N,,사업장(사옥)
2026-06-26T07:40:42.546487+09:00,홍대입구역(2호선),홍대입구역(2호선),POI055,KEY_4,서울마포 LG팰리스빌딩 2,EV015096,서울특별시 마포구 양화로 156,126.9234466,37.5561131,24시간 이용가능,N,N,,사업장(사옥)
2026-06-26T07:40:42.546487+09:00,홍대입구역(2호선),홍대입구역(2호선),POI055,KEY_4,서울마포 LG팰리스빌딩 3,EV015097,서울특별시 마포구 양화로 156,126.9234466,37.5561131,24시간 이용가능,N,N,,사업장(사옥)
2026-06-26T07:40:42.546487+09:00,홍대입구역(2호선),홍대입구역(2호선),POI055,KEY_4,서울마포 LG팰리스빌딩 4,EV015098,서울특별시 마포구 양화로 156,126.9234466,37.5561131,24시간 이용가능,N,N,,사업장(사옥)
