fetched_at,place_name,AREA_NM,AREA_CD,_key_used,EVENT_NM,EVENT_PERIOD,EVENT_PLACE,EVENT_X,EVENT_Y,PAY_YN,THUMBNAIL,URL,EVENT_ETC_DETAIL
2026-05-12T00:14:31.477260+09:00,경복궁,경복궁,POI008,KEY_1,[경복궁] 2026 생과방(상반기),2026-04-08~2026-05-27,경복궁 생과방,126.976842133821,37.5759040910202,,https://culture.seoul.go.kr/cmmn/file/getImage.do?atchFileId=4864144c5a084ea4a1228924afe585e6&thumb=Y,https://culture.seoul.go.kr/culture/culture/cultureEvent/view.do?cultcode=157368&menuNo=200011,
2026-05-12T00:14:31.477260+09:00,경복궁,경복궁,POI008,KEY_1,2026년 집옥재(팔우정 포함) 작은 도서관 개방,2026-04-01~2026-10-31,경복궁 집옥재·팔우정,126.976842133821,37.5759040910202,,https://culture.seoul.go.kr/cmmn/file/getImage.do?atchFileId=d70525e916b548cda13443c9e10190f3&thumb=Y,https://culture.seoul.go.kr/culture/culture/cultureEvent/view.do?cultcode=157383&menuNo=200011,
2026-05-12T00:14:31.477260+09:00,경복궁,경복궁,POI008,KEY_1,2026년 경복궁 [경회루·향원정] 특별관람,2026-04-01~2026-10-30,경복궁 경회루·향원정,126.976842133821,37.5759040910202,,https://culture.seoul.go.kr/cmmn/file/getImage.do?atchFileId=37630da9c19349fbac8494e92e5c64d8&thumb=Y,https://culture.seoul.go.kr/culture/culture/cultureEvent/view.do?cultcode=157389&menuNo=200011,
2026-05-12T00:14:31.477260+09:00,경복궁,경복궁,POI008,KEY_1,[국가유산청 궁능유적본부] 수문장 순라의식,2026-03-01~2026-11-29,(토요일)경복궁 내부 (일요일， 공휴일)인사동 문화의 거리,126.976842133821,37.5759040910202,,https://culture.seoul.go.kr/cmmn/file/getImage.do?atchFileId=923de3d9169e463b9c8098a8e132be38&thumb=Y,https://culture.seoul.go.kr/culture/culture/cultureEvent/view.do?cultcode=156996&menuNo=200013,
2026-05-12T00:14:31.477260+09:00,광화문·덕수궁,광화문·덕수궁,POI009,KEY_2,빛과 어둠의 경계에서,2026-05-02~2026-05-25,세종문화회관 세종S씨어터,126.9760053,37.5726241,,https://culture.seoul.go.kr/cmmn/file/getImage.do?atchFileId=0eeea492c11e4eb7816334e58cfeb6ce&thumb=Y,https://culture.seoul.go.kr/culture/culture/cultureEvent/view.do?cultcode=157335&menuNo=200008,
2026-05-12T00:14:31.477260+09:00,광화문·덕수궁,광화문·덕수궁,POI009,KEY_2,[서울도서관] 2026년 서울야외도서관 (책읽는 서울광장， 광화문 책마당， 책읽는 맑은 냇가),2026-04-23~2026-11-01,서울광장， 광화문 광장， 청계천 일대,126.97769782752,37.5653338689441,N,https://culture.seoul.go.kr/cmmn/file/getImage.do?atchFileId=57da07b01aed40ad984d40559a42ae61&thumb=Y,https://culture.seoul.go.kr/culture/culture/cultureEvent/view.do?cultcode=156879&menuNo=200010,
2026-05-12T00:14:31.477260+09:00,광화문·덕수궁,광화문·덕수궁,POI009,KEY_2,2026 의정부지 역사유적광장 전통무예행사,2026-04-11~2026-10-31,의정부지 역사유적광장,126.977967142855,37.5748036513699,,https://culture.seoul.go.kr/cmmn/file/getImage.do?atchFileId=628a9bae996a407bbfee67752dd508db&thumb=Y,https://culture.seoul.go.kr/culture/culture/cultureEvent/view.do?cultcode=157327&menuNo=200010,
2026-05-12T00:14:31.477260+09:00,광화문·덕수궁,광화문·덕수궁,POI009,KEY_2,2026 아뜰리에 광화 봄 전시 [피어나는 빛],2026-04-11~2026-06-19,세종문화회관 외벽 미디어파사드,126.9760053,37.5726241,,https://culture.seoul.go.kr/cmmn/file/getImage.do?atchFileId=196d7f704d5646a2bb4bb40523a8c4aa&thumb=Y,https://culture.seoul.go.kr/culture/culture/cultureEvent/view.do?cultcode=157432&menuNo=200009,
2026-05-12T00:14:31.477260+09:00,광화문·덕수궁,광화문·덕수궁,POI009,KEY_2,2026 해치마당 미디어월 봄 전시,2026-04-10~2026-06-19,광화문 역 9번출구 진입로 벽면 해치마당 미디어월,126.976787992565,37.5716228232824,,https://culture.seoul.go.kr/cmmn/file/getImage.do?atchFileId=ac862f94f21744ec8092ccc4372c0539&thumb=Y,https://culture.seoul.go.kr/culture/culture/cultureEvent/view.do?cultcode=157787&menuNo=200009,
2026-05-12T00:14:31.477260+09:00,광화문·덕수궁,광화문·덕수궁,POI009,KEY_2,[경복궁] 2026 생과방(상반기),2026-04-08~2026-05-27,경복궁 생과방,126.976842133821,37.5759040910202,,https://culture.seoul.go.kr/cmmn/file/getImage.do?atchFileId=4864144c5a084ea4a1228924afe585e6&thumb=Y,https://culture.seoul.go.kr/culture/culture/cultureEvent/view.do?cultcode=157368&menuNo=200011,
2026-05-12T00:14:31.477260+09:00,광화문·덕수궁,광화문·덕수궁,POI009,KEY_2,[덕수궁] 2026 밤의 석조전(상반기),2026-04-08~2026-05-17,덕수궁 석조전 일원,126.974461639777,37.5677154464989,,https://culture.seoul.go.kr/cmmn/file/getImage.do?atchFileId=cc6179c75f1547b2b72e2a3cca26b6da&thumb=Y,https://culture.seoul.go.kr/culture/culture/cultureEvent/view.do?cultcode=157365&menuNo=200010,
2026-05-12T00:14:31.477260+09:00,광화문·덕수궁,광화문·덕수궁,POI009,KEY_2,2026년 집옥재(팔우정 포함) 작은 도서관 개방,2026-04-01~2026-10-31,경복궁 집옥재·팔우정,126.976842133821,37.5759040910202,,https://culture.seoul.go.kr/cmmn/file/getImage.do?atchFileId=d70525e916b548cda13443c9e10190f3&thumb=Y,https://culture.seoul.go.kr/culture/culture/cultureEvent/view.do?cultcode=157383&menuNo=200011,
2026-05-12T00:14:31.477260+09:00,광화문·덕수궁,광화문·덕수궁,POI009,KEY_2,2026년 경복궁 [경회루·향원정] 특별관람,2026-04-01~2026-10-30,경복궁 경회루·향원정,126.976842133821,37.5759040910202,,https://culture.seoul.go.kr/cmmn/file/getImage.do?atchFileId=37630da9c19349fbac8494e92e5c64d8&thumb=Y,https://culture.seoul.go.kr/culture/culture/cultureEvent/view.do?cultcode=157389&menuNo=200011,
2026-05-12T00:14:31.477260+09:00,광화문·덕수궁,광화문·덕수궁,POI009,KEY_2,기.기.기(奇.己.氣): 동시대와 시행착오,2026-04-01~2026-05-31,일민미술관,126.977657083792,37.5698677620456,,https://culture.seoul.go.kr/cmmn/file/getImage.do?atchFileId=6e05d79e4d0e4358b3eae2df5081eb13&thumb=Y,https://culture.seoul.go.kr/culture/culture/cultureEvent/view.do?cultcode=157256&menuNo=200009,
2026-05-12T00:14:31.477260+09:00,광화문·덕수궁,광화문·덕수궁,POI009,KEY_2,[세종문화회관] 세종예술아카데미 [정승빈 작가] 스테들러와 함께하는 여행드로잉 클래스,2026-03-31~2026-09-15,세종예술아카데미 스퀘어홀,126.9760053,37.5726241,,https://culture.seoul.go.kr/cmmn/file/getImage.do?atchFileId=a0247bcdf4484818baaca748c977391f&thumb=Y,https://culture.seoul.go.kr/culture/culture/cultureEvent/view.do?cultcode=157026&menuNo=200011,
2026-05-12T00:14:31.477260+09:00,광화문·덕수궁,광화문·덕수궁,POI009,KEY_2,[세종문화회관] 세종예술아카데미 [박인홍 작가] 스테들러와 함께하는 여행드로잉 클래스,2026-03-31~2026-08-31,세종예술아카데미 스퀘어홀,126.9760053,37.5726241,,https://culture.seoul.go.kr/cmmn/file/getImage.do?atchFileId=c9b88469d8f0468e960f00b0e5b0785d&thumb=Y,https://culture.seoul.go.kr/culture/culture/cultureEvent/view.do?cultcode=157025&menuNo=200011,
2026-05-12T00:14:31.477260+09:00,광화문·덕수궁,광화문·덕수궁,POI009,KEY_2,[세종문화회관] 세종예술아카데미 [그레이스 발레 (성인 취미 발레)],2026-03-30~2026-06-29,세종문화회관 예술동 4층 종합연습실,126.9760053,37.5726241,,https://culture.seoul.go.kr/cmmn/file/getImage.do?atchFileId=8b685870654e4cd78bf509ea783f7748&thumb=Y,https://culture.seoul.go.kr/culture/culture/cultureEvent/view.do?cultcode=156885&menuNo=200011,.
2026-05-12T00:14:31.477260+09:00,광화문·덕수궁,광화문·덕수궁,POI009,KEY_2,[세종문화회관] 세종예술아카데미 [정연석 작가] 스테들러와 함께하는 여행드로잉 클래스,2026-03-28~2026-09-05,세종예술아카데미 스퀘어홀,126.9760053,37.5726241,,https://culture.seoul.go.kr/cmmn/file/getImage.do?atchFileId=df2237ca7f754d009407bc3321cae86f&thumb=Y,https://culture.seoul.go.kr/culture/culture/cultureEvent/view.do?cultcode=157028&menuNo=200011,
2026-05-12T00:14:31.477260+09:00,광화문·덕수궁,광화문·덕수궁,POI009,KEY_2,[세종문화회관] 세종예술아카데미 [이승익 작가] 스테들러와 함께하는 여행드로잉 클래스,2026-03-28~2026-08-29,세종예술아카데미 스퀘어홀,126.9760053,37.5726241,,https://culture.seoul.go.kr/cmmn/file/getImage.do?atchFileId=09ebfb8dbbcf453e86aadfe529b90ff8&thumb=Y,https://culture.seoul.go.kr/culture/culture/cultureEvent/view.do?cultcode=157027&menuNo=200011,
2026-05-12T00:14:31.477260+09:00,광화문·덕수궁,광화문·덕수궁,POI009,KEY_2,[세종문화회관] 2026 상반기 세종 어린이 발레 아카데미,2026-03-28~2026-06-27,세종문화회관 예술동 4층 종합연습실,126.9760053,37.5726241,,https://culture.seoul.go.kr/cmmn/file/getImage.do?atchFileId=b47ad1471d3d428a9482934f7b03787f&thumb=Y,https://culture.seoul.go.kr/culture/culture/cultureEvent/view.do?cultcode=157104&menuNo=200011,
2026-05-12T00:14:31.477260+09:00,광화문·덕수궁,광화문·덕수궁,POI009,KEY_2,[세종문화회관] 세종예술아카데미 [이야기가 있는 클래식],2026-03-19~2026-05-28,세종문화회관 서클홀,126.9760053,37.5726241,,https://culture.seoul.go.kr/cmmn/file/getImage.do?atchFileId=0373af8e16694df8b923159a02ec0a2a&thumb=Y,https://culture.seoul.go.kr/culture/culture/cultureEvent/view.do?cultcode=156883&menuNo=200011,.
2026-05-12T00:14:31.477260+09:00,광화문·덕수궁,광화문·덕수궁,POI009,KEY_2,[세종문화회관] 세종예술아카데미 [미술사가 이 현의 전시와 함께보는 서양 미술사 - 바로크와 로코코],2026-03-19~2026-05-21,세종문화회관 서클홀,126.9760053,37.5726241,,https://culture.seoul.go.kr/cmmn/file/getImage.do?atchFileId=377ac3cd61d6416baa3b3f43a826b900&thumb=Y,https://culture.seoul.go.kr/culture/culture/cultureEvent/view.do?cultcode=156881&menuNo=200011,.
2026-05-12T00:14:31.477260+09:00,광화문·덕수궁,광화문·덕수궁,POI009,KEY_2,[세종문화회관] 세종예술아카데미 [클래식브런치],2026-03-18~2026-05-20,세종문화회관 서클홀,126.9760053,37.5726241,,https://culture.seoul.go.kr/cmmn/file/getImage.do?atchFileId=43b7fd7ecf2b44d1b7ba2ec25e6cc7a7&thumb=Y,https://culture.seoul.go.kr/culture/culture/cultureEvent/view.do?cultcode=156880&menuNo=200011,.
2026-05-12T00:14:31.477260+09:00,광화문·덕수궁,광화문·덕수궁,POI009,KEY_2,[세종문화회관] 세종예술아카데미 [히든보이스],2026-03-17~2026-06-30,세종문화회관 서클홀,126.9760053,37.5726241,,https://culture.seoul.go.kr/cmmn/file/getImage.do?atchFileId=96b505aa681348d48b661d248108f577&thumb=Y,https://culture.seoul.go.kr/culture/culture/cultureEvent/view.do?cultcode=156809&menuNo=200011,.
2026-05-12T00:14:31.477260+09:00,광화문·덕수궁,광화문·덕수궁,POI009,KEY_2,[세종문화회관] 세종예술아카데미 [2026 상반기 스포츠 in 아트스테이션],2026-03-16~2026-06-26,세종문화회관 오픈스테이지의 탁 트인 마루형 공간,126.9760053,37.5726241,,https://culture.seoul.go.kr/cmmn/file/getImage.do?atchFileId=16cb755c035e4ddc86c7cfbfa3654ca5&thumb=Y,https://culture.seoul.go.kr/culture/culture/cultureEvent/view.do?cultcode=157023&menuNo=200011,
2026-05-12T00:14:31.477260+09:00,광화문·덕수궁,광화문·덕수궁,POI009,KEY_2,[국가유산청 궁능유적본부] 수문장 순라의식,2026-03-01~2026-11-29,(토요일)경복궁 내부 (일요일， 공휴일)인사동 문화의 거리,126.976842133821,37.5759040910202,,https://culture.seoul.go.kr/cmmn/file/getImage.do?atchFileId=923de3d9169e463b9c8098a8e132be38&thumb=Y,https://culture.seoul.go.kr/culture/culture/cultureEvent/view.do?cultcode=156996&menuNo=200013,
2026-05-12T00:14:31.477260+09:00,광화문·덕수궁,광화문·덕수궁,POI009,KEY_2,[서울시] 2026년 서울청년문화패스 신청자 모집,2025-12-22~2026-12-31,온라인 접수,126.97860700965403,37.56672958991572,,https://culture.seoul.go.kr/cmmn/file/getImage.do?atchFileId=24931799627a43ea9e2b4960b00c9c4f&thumb=Y,https://culture.seoul.go.kr/culture/culture/cultureEvent/view.do?cultcode=156277&menuNo=200013,
2026-05-12T00:14:31.477260+09:00,창덕궁·종묘,창덕궁·종묘,POI012,KEY_2,2026년 창경궁 야연(상반기),2026-05-07~2026-05-17,창경궁 문정전 일원,126.993841430623,37.5776239475981,,https://culture.seoul.go.kr/cmmn/file/getImage.do?atchFileId=9e29ccf0743c49d0a4fb2c0ad10ffb9e&thumb=Y,https://culture.seoul.go.kr/culture/culture/cultureEvent/view.do?cultcode=157796&menuNo=200011,
2026-05-12T00:14:31.477260+09:00,창덕궁·종묘,창덕궁·종묘,POI012,KEY_2,2026년 창덕궁 달빛기행(상반기),2026-04-16~2026-05-31,창덕궁,126.989710338876,37.5788697347103,,https://culture.seoul.go.kr/cmmn/file/getImage.do?atchFileId=ff2504aca6df4f19a9a1a3f095c02178&thumb=Y,https://culture.seoul.go.kr/culture/culture/cultureEvent/view.do?cultcode=157394&menuNo=200011,
2026-05-12T00:14:31.477260+09:00,동대문 관광특구,동대문 관광특구,POI002,KEY_1,김영준 x 요시다 유니 기획전 Face to face,2026-05-07~2026-06-07,DDP 이간수문전시장,127.00977973484339,37.56735731522952,,https://culture.seoul.go.kr/cmmn/file/getImage.do?atchFileId=2e699755a39b40619ddea53a22e59ef4&thumb=Y,https://culture.seoul.go.kr/culture/culture/cultureEvent/view.do?cultcode=157672&menuNo=200009,
2026-05-12T00:14:31.477260+09:00,동대문 관광특구,동대문 관광특구,POI002,KEY_1,DDPlay 버스킹 5월 공연 안내,2026-05-01~2026-05-31,DDP 어울림광장， 팔거리,127.00977973484339,37.56735731522952,,https://culture.seoul.go.kr/cmmn/file/getImage.do?atchFileId=06255b5f16c1435a95ddf9214cbe8d86&thumb=Y,https://culture.seoul.go.kr/culture/culture/cultureEvent/view.do?cultcode=157546&menuNo=200008,
2026-05-12T00:14:31.477260+09:00,동대문 관광특구,동대문 관광특구,POI002,KEY_1,Let Dreams Shine! [베베핀 드림랜드],2026-05-01~2026-05-31,동대문디자인플라자 디자인랩1층 DDP쇼룸,127.00977973484339,37.56735731522952,,https://culture.seoul.go.kr/cmmn/file/getImage.do?atchFileId=b578b0a0e4724a718dff9fbd6ca77cbc&thumb=Y,https://culture.seoul.go.kr/culture/culture/cultureEvent/view.do?cultcode=157641&menuNo=200011,
2026-05-12T00:14:31.477260+09:00,동대문 관광특구,동대문 관광특구,POI002,KEY_1,[서울디자인재단] 키크니 특별전 : 그렸고 그런 사이,2026-04-25~2026-09-06,뮤지엄 전시1관,127.00977973484339,37.56735731522952,,https://culture.seoul.go.kr/cmmn/file/getImage.do?atchFileId=5b5e3f16b605439ea83b1ecf8d5ce8b8&thumb=Y,https://culture.seoul.go.kr/culture/culture/cultureEvent/view.do?cultcode=157351&menuNo=200009,
2026-05-12T00:14:31.477260+09:00,동대문 관광특구,동대문 관광특구,POI002,KEY_1,[중구문화재단] 뮤지컬 [스윙 데이즈_암호명 A],2026-04-16~2026-07-05,충무아트센터 대극장,127.014790889728,37.5659409687669,,https://culture.seoul.go.kr/cmmn/file/getImage.do?atchFileId=862c9a38b3b146358637293a4f2c8d30&thumb=Y,https://culture.seoul.go.kr/culture/culture/cultureEvent/view.do?cultcode=156673&menuNo=200008,
2026-05-12T00:14:31.477260+09:00,동대문 관광특구,동대문 관광특구,POI002,KEY_1,[서울시립미술관×중구문화재단] 협력전시 [SeMA Collection: 청록미로],2026-04-15~2026-05-17,충무아트센터 갤러리 G1,127.014790889728,37.5659409687669,,https://culture.seoul.go.kr/cmmn/file/getImage.do?atchFileId=cfa4043b588541618a1c45763ada3e23&thumb=Y,https://culture.seoul.go.kr/culture/culture/cultureEvent/view.do?cultcode=157621&menuNo=200009,
2026-05-12T00:14:31.477260+09:00,동대문 관광특구,동대문 관광특구,POI002,KEY_1,이상한 K-뷰티 : 엄마의 서랍장,2026-04-10~2026-06-10,DDP 마켓 B2F 비더비 다운타운,127.00977973484339,37.56735731522952,,https://culture.seoul.go.kr/cmmn/file/getImage.do?atchFileId=e187f20c0b5d4e7ebcbff38d8f60b63e&thumb=Y,https://culture.seoul.go.kr/culture/culture/cultureEvent/view.do?cultcode=157606&menuNo=200009,
2026-05-12T00:14:31.477260+09:00,동대문 관광특구,동대문 관광특구,POI002,KEY_1,[서울디자인재단] DDP 루프탑 투어_2026,2026-03-21~2026-05-31,DDP 뮤지엄 1층(M3 출입문) 투어 데스크 (시작장소),127.00977973484339,37.56735731522952,,https://culture.seoul.go.kr/cmmn/file/getImage.do?atchFileId=973b28af071b405ea7f6eb7ab715abaa&thumb=Y,https://culture.seoul.go.kr/culture/culture/cultureEvent/view.do?cultcode=157428&menuNo=200011,
2026-05-12T00:14:31.477260+09:00,동대문 관광특구,동대문 관광특구,POI002,KEY_1,BtheB 뷰티기획전 [Beauty For All],2026-02-28~2026-06-07,DDP 지하2층 DDP마켓 비더비,127.00977973484339,37.56735731522952,,https://culture.seoul.go.kr/cmmn/file/getImage.do?atchFileId=5209bf1d22f345568a88cce60bbc8688&thumb=Y,https://culture.seoul.go.kr/culture/culture/cultureEvent/view.do?cultcode=156852&menuNo=200009,
2026-05-12T00:14:31.477260+09:00,동대문 관광특구,동대문 관광특구,POI002,KEY_1,[중구문화재단] 뮤지컬 [홍련],2026-02-28~2026-05-17,충무아트센터 중극장 블랙,127.014790889728,37.5659409687669,,https://culture.seoul.go.kr/cmmn/file/getImage.do?atchFileId=e86257233f3b4d50bf436983435399eb&thumb=Y,https://culture.seoul.go.kr/culture/culture/cultureEvent/view.do?cultcode=156539&menuNo=200008,
2026-05-12T00:14:31.477260+09:00,동대문 관광특구,동대문 관광특구,POI002,KEY_1,[DDP] Dream in Light,2026-01-09~2026-12-31,DDP 전면， 유구전시장 앞， 미래로 상부,127.00977973484339,37.56735731522952,,https://culture.seoul.go.kr/cmmn/file/getImage.do?atchFileId=bfa59aa56eed4af8b441d88bad873037&thumb=Y,https://culture.seoul.go.kr/culture/culture/cultureEvent/view.do?cultcode=156491&menuNo=200009,
2026-05-12T00:14:31.477260+09:00,동대문 관광특구,동대문 관광특구,POI002,KEY_1,[서울디자인재단] DDP 건축투어,2026-01-02~2026-12-31,DDP 뮤지엄 1층 투어데스크,127.00977973484339,37.56735731522952,N,https://culture.seoul.go.kr/cmmn/file/getImage.do?atchFileId=47da849abe944ec9b7dedaf1ab283714&thumb=Y,https://culture.seoul.go.kr/culture/culture/cultureEvent/view.do?cultcode=156552&menuNo=200009,
2026-05-12T00:14:31.477260+09:00,명동 관광특구,명동 관광특구,POI003,KEY_2,[서울도서관] 2026년 서울야외도서관 (책읽는 서울광장， 광화문 책마당， 책읽는 맑은 냇가),2026-04-23~2026-11-01,서울광장， 광화문 광장， 청계천 일대,126.97769782752,37.5653338689441,N,https://culture.seoul.go.kr/cmmn/file/getImage.do?atchFileId=57da07b01aed40ad984d40559a42ae61&thumb=Y,https://culture.seoul.go.kr/culture/culture/cultureEvent/view.do?cultcode=156879&menuNo=200010,
2026-05-12T00:14:31.477260+09:00,명동 관광특구,명동 관광특구,POI003,KEY_2,2026 해치마당 미디어월 봄 전시,2026-04-10~2026-06-19,광화문 역 9번출구 진입로 벽면 해치마당 미디어월,126.976787992565,37.5716228232824,,https://culture.seoul.go.kr/cmmn/file/getImage.do?atchFileId=ac862f94f21744ec8092ccc4372c0539&thumb=Y,https://culture.seoul.go.kr/culture/culture/cultureEvent/view.do?cultcode=157787&menuNo=200009,
2026-05-12T00:14:31.477260+09:00,명동 관광특구,명동 관광특구,POI003,KEY_2,[서울시] 2026년 서울청년문화패스 신청자 모집,2025-12-22~2026-12-31,온라인 접수,126.97860700965403,37.56672958991572,,https://culture.seoul.go.kr/cmmn/file/getImage.do?atchFileId=24931799627a43ea9e2b4960b00c9c4f&thumb=Y,https://culture.seoul.go.kr/culture/culture/cultureEvent/view.do?cultcode=156277&menuNo=200013,
2026-05-12T00:14:31.477260+09:00,잠실 관광특구,잠실 관광특구,POI005,KEY_1,[한성백제박물관] 2026년 상반기 성인 대상 [서울 고대유적 탐방],2026-04-28~2026-06-11,한성백제박물관， 몽촌토성， 풍납동토성， 석촌동고분군 일대,127.12088940368128,37.51543881335773,,https://culture.seoul.go.kr/cmmn/file/getImage.do?atchFileId=3d89263b5e85481c894204ef7a05d20e&thumb=Y,https://culture.seoul.go.kr/culture/culture/cultureEvent/view.do?cultcode=157084&menuNo=200011,
2026-05-12T00:14:31.477260+09:00,잠실 관광특구,잠실 관광특구,POI005,KEY_1,올림픽 조각체험 프로젝트#2 [조각이 꿈+틀],2026-04-17~2026-09-06,소마미술관,127.118166964751,37.516920655117,,https://culture.seoul.go.kr/cmmn/file/getImage.do?atchFileId=6825663978de46c192543240dfbb2185&thumb=Y,https://culture.seoul.go.kr/culture/culture/cultureEvent/view.do?cultcode=157318&menuNo=200009,
2026-05-12T00:14:31.477260+09:00,잠실 관광특구,잠실 관광특구,POI005,KEY_1,[소마미술관] 그림책이 살아있다!,2026-04-17~2026-09-06,소마미술관 2관 기획전시실,127.118166964751,37.516920655117,,https://culture.seoul.go.kr/cmmn/file/getImage.do?atchFileId=cf267080189e4a3eadeeb6c5e8b0ade7&thumb=Y,https://culture.seoul.go.kr/culture/culture/cultureEvent/view.do?cultcode=157116&menuNo=200009,
2026-05-12T00:14:31.477260+09:00,잠실 관광특구,잠실 관광특구,POI005,KEY_1,[소마미술관] 조각이 꿈+틀 [올림픽조각체험프로젝트#02] 상설전,2026-04-17~2026-09-06,소마미술관 2관 상설전시실,127.118166964751,37.516920655117,,https://culture.seoul.go.kr/cmmn/file/getImage.do?atchFileId=c4ac3bd4533342b993b5ccfd5d42086c&thumb=Y,https://culture.seoul.go.kr/culture/culture/cultureEvent/view.do?cultcode=157117&menuNo=200009,
2026-05-12T00:14:31.477260+09:00,잠실 관광특구,잠실 관광특구,POI005,KEY_1,이승택 개인전 [조각의 바깥에서],2026-04-10~2026-07-26,소마미술관,127.118166964751,37.516920655117,,https://culture.seoul.go.kr/cmmn/file/getImage.do?atchFileId=fa83edf506b643e2bec777cac69729ce&thumb=Y,https://culture.seoul.go.kr/culture/culture/cultureEvent/view.do?cultcode=157317&menuNo=200009,
2026-05-12T00:14:31.477260+09:00,잠실 관광특구,잠실 관광특구,POI005,KEY_1,[한성백제박물관] 2026년 상반기 문화다양성 교육 [백제와 함께하는 이웃나라들],2026-03-31~2026-06-30,대면) 박물관 교육실/ (비대면) 각 학급 교실,127.12088940368128,37.51543881335773,,https://culture.seoul.go.kr/cmmn/file/getImage.do?atchFileId=79379b0c10fc462fb325ecdb455dd3db&thumb=Y,https://culture.seoul.go.kr/culture/culture/cultureEvent/view.do?cultcode=157232&menuNo=200011,
2026-05-12T00:14:31.477260+09:00,잠실 관광특구,잠실 관광특구,POI005,KEY_1,[한성백제박물관] 2026 상반기 초등단체 비대면 교육 [서울 쏙! 백제 콕!],2026-03-26~2026-07-03,각 학급 교실(비대면 원격 교육),127.12088940368128,37.51543881335773,,https://culture.seoul.go.kr/cmmn/file/getImage.do?atchFileId=fb761ebe217849eaa4f63b1b0f6ac759&thumb=Y,https://culture.seoul.go.kr/culture/culture/cultureEvent/view.do?cultcode=156907&menuNo=200011,
2026-05-12T00:14:31.477260+09:00,잠실 관광특구,잠실 관광특구,POI005,KEY_1,[한성백제박물관] 2026 상반기 초등단체 대면 교육 [서울 쏙! 백제 콕!],2026-03-26~2026-07-03,한성백제박물관 교육실,127.12088940368128,37.51543881335773,,https://culture.seoul.go.kr/cmmn/file/getImage.do?atchFileId=f3b484610b65420297a3ae47001c6120&thumb=Y,https://culture.seoul.go.kr/culture/culture/cultureEvent/view.do?cultcode=156906&menuNo=200011,
2026-05-12T00:14:31.477260+09:00,잠실 관광특구,잠실 관광특구,POI005,KEY_1,[한성백제박물관] 초등 4~6학년 단체 대면 교육 [한강삼국지: 삼국의 한강 쟁탈전],2026-03-24~2026-07-01,한성백제박물관 교육실,127.12088940368128,37.51543881335773,,https://culture.seoul.go.kr/cmmn/file/getImage.do?atchFileId=0183d0f0f64d43dea7f2f1f5a5823734&thumb=Y,https://culture.seoul.go.kr/culture/culture/cultureEvent/view.do?cultcode=156755&menuNo=200011,
2026-05-12T00:14:31.477260+09:00,잠실 관광특구,잠실 관광특구,POI005,KEY_1,[한성백제박물관] 초등 4~6학년 학급 비대면 교육 [한강삼국지: 삼국의 한강 쟁탈전],2026-03-24~2026-07-01,신청 학급 교실,127.12088940368128,37.51543881335773,,https://culture.seoul.go.kr/cmmn/file/getImage.do?atchFileId=ee2f38002896461d88e55f36df203dfc&thumb=Y,https://culture.seoul.go.kr/culture/culture/cultureEvent/view.do?cultcode=156754&menuNo=200011,
2026-05-12T00:14:31.477260+09:00,잠실 관광특구,잠실 관광특구,POI005,KEY_1,홍범·김주환 2인전 [틈을 걷다],2026-03-24~2026-05-24,더 갤러리 호수,127.107617545434,37.512296516856,,https://culture.seoul.go.kr/cmmn/file/getImage.do?atchFileId=3e31e677b15e459ca780d07a735a163d&thumb=Y,https://culture.seoul.go.kr/culture/culture/cultureEvent/view.do?cultcode=157251&menuNo=200009,
2026-05-12T00:14:31.477260+09:00,잠실 관광특구,잠실 관광특구,POI005,KEY_1,[서울백제어린이박물관] 유단체 대상 [서울역사생태탐험대1] 봄,2026-03-19~2026-05-21,서울백제어린이박물관(교육실， 전시실)， 야외생태체험장， 전시실 등,127.124412,37.523991,,https://culture.seoul.go.kr/cmmn/file/getImage.do?atchFileId=7504518b70b54ac7b5c8367519f44947&thumb=Y,https://culture.seoul.go.kr/culture/culture/cultureEvent/view.do?cultcode=156747&menuNo=200011,
2026-05-12T00:14:31.477260+09:00,잠실 관광특구,잠실 관광특구,POI005,KEY_1,[한성백제박물관] 2026년 상반기 주말가족교육 [문화유산 보존 연구소],2026-03-14~2026-07-04,한성백제박물관 교육실,127.12088940368128,37.51543881335773,,https://culture.seoul.go.kr/cmmn/file/getImage.do?atchFileId=69fec744c82446619d58e8ce8cb6baab&thumb=Y,https://culture.seoul.go.kr/culture/culture/cultureEvent/view.do?cultcode=156850&menuNo=200011,
2026-05-12T00:14:31.477260+09:00,잠실 관광특구,잠실 관광특구,POI005,KEY_1,[한성백제박물관] 2026년 상반기 주말가족탐방 [몽촌토성 탐방],2026-03-14~2026-05-30,몽촌토성， 박물관 교육실,127.12088940368128,37.51543881335773,,https://culture.seoul.go.kr/cmmn/file/getImage.do?atchFileId=31a20aade65d41b882a74ff2a6424ee7&thumb=Y,https://culture.seoul.go.kr/culture/culture/cultureEvent/view.do?cultcode=156851&menuNo=200011,
2026-05-12T00:14:31.477260+09:00,종로·청계 관광특구,종로·청계 관광특구,POI006,KEY_2,2026 해치마당 미디어월 봄 전시,2026-04-10~2026-06-19,광화문 역 9번출구 진입로 벽면 해치마당 미디어월,126.976787992565,37.5716228232824,,https://culture.seoul.go.kr/cmmn/file/getImage.do?atchFileId=ac862f94f21744ec8092ccc4372c0539&thumb=Y,https://culture.seoul.go.kr/culture/culture/cultureEvent/view.do?cultcode=157787&menuNo=200009,
2026-05-12T00:14:31.477260+09:00,종로·청계 관광특구,종로·청계 관광특구,POI006,KEY_2,기.기.기(奇.己.氣): 동시대와 시행착오,2026-04-01~2026-05-31,일민미술관,126.977657083792,37.5698677620456,,https://culture.seoul.go.kr/cmmn/file/getImage.do?atchFileId=6e05d79e4d0e4358b3eae2df5081eb13&thumb=Y,https://culture.seoul.go.kr/culture/culture/cultureEvent/view.do?cultcode=157256&menuNo=200009,
2026-05-12T00:14:31.477260+09:00,고척돔,고척돔,POI086,KEY_2,[서울아트책보고] 처음 만나는 미술사 - 이소영 미술 교육인ㆍ미술 에세이스트,2026-05-02~2026-05-16,서울아트책보고 워크숍룸,126.867088741096,37.4982125677913,,https://culture.seoul.go.kr/cmmn/file/getImage.do?atchFileId=f47a521600bd4c239ce177fe47f7d1e8&thumb=Y,https://culture.seoul.go.kr/culture/culture/cultureEvent/view.do?cultcode=157567&menuNo=200011,
2026-05-12T00:14:31.477260+09:00,고척돔,고척돔,POI086,KEY_2,[서울아트책보고] 나와 타인을 알아가는 글쓰기,2026-04-08~2026-05-13,서울아트책보고,126.867088741096,37.4982125677913,N,https://culture.seoul.go.kr/cmmn/file/getImage.do?atchFileId=934cbbeed0e94753b2ddef8f32fddfe6&thumb=Y,https://culture.seoul.go.kr/culture/culture/cultureEvent/view.do?cultcode=156877&menuNo=200011,
2026-05-12T00:14:31.477260+09:00,고척돔,고척돔,POI086,KEY_2,[서울아트책보고] 처음 만나는 세계,2026-03-10~2026-05-31,서울아트책보고 북카페 앤 라운지,126.867088741096,37.4982125677913,,https://culture.seoul.go.kr/cmmn/file/getImage.do?atchFileId=57c7dae9273d4eaeb82db962852b352e&thumb=Y,https://culture.seoul.go.kr/culture/culture/cultureEvent/view.do?cultcode=156892&menuNo=200009,
2026-05-12T00:14:31.477260+09:00,광화문광장,광화문광장,POI088,KEY_1,2026년 경복궁 [경회루·향원정] 특별관람,2026-04-01~2026-10-30,경복궁 경회루·향원정,126.976842133821,37.5759040910202,,https://culture.seoul.go.kr/cmmn/file/getImage.do?atchFileId=37630da9c19349fbac8494e92e5c64d8&thumb=Y,https://culture.seoul.go.kr/culture/culture/cultureEvent/view.do?cultcode=157389&menuNo=200011,
2026-05-12T00:14:31.477260+09:00,광화문광장,광화문광장,POI088,KEY_1,빛과 어둠의 경계에서,2026-05-02~2026-05-25,세종문화회관 세종S씨어터,126.9760053,37.5726241,,https://culture.seoul.go.kr/cmmn/file/getImage.do?atchFileId=0eeea492c11e4eb7816334e58cfeb6ce&thumb=Y,https://culture.seoul.go.kr/culture/culture/cultureEvent/view.do?cultcode=157335&menuNo=200008,
2026-05-12T00:14:31.477260+09:00,광화문광장,광화문광장,POI088,KEY_1,2026 의정부지 역사유적광장 전통무예행사,2026-04-11~2026-10-31,의정부지 역사유적광장,126.977967142855,37.5748036513699,,https://culture.seoul.go.kr/cmmn/file/getImage.do?atchFileId=628a9bae996a407bbfee67752dd508db&thumb=Y,https://culture.seoul.go.kr/culture/culture/cultureEvent/view.do?cultcode=157327&menuNo=200010,
2026-05-12T00:14:31.477260+09:00,광화문광장,광화문광장,POI088,KEY_1,2026 아뜰리에 광화 봄 전시 [피어나는 빛],2026-04-11~2026-06-19,세종문화회관 외벽 미디어파사드,126.9760053,37.5726241,,https://culture.seoul.go.kr/cmmn/file/getImage.do?atchFileId=196d7f704d5646a2bb4bb40523a8c4aa&thumb=Y,https://culture.seoul.go.kr/culture/culture/cultureEvent/view.do?cultcode=157432&menuNo=200009,
2026-05-12T00:14:31.477260+09:00,광화문광장,광화문광장,POI088,KEY_1,2026 해치마당 미디어월 봄 전시,2026-04-10~2026-06-19,광화문 역 9번출구 진입로 벽면 해치마당 미디어월,126.976787992565,37.5716228232824,,https://culture.seoul.go.kr/cmmn/file/getImage.do?atchFileId=ac862f94f21744ec8092ccc4372c0539&thumb=Y,https://culture.seoul.go.kr/culture/culture/cultureEvent/view.do?cultcode=157787&menuNo=200009,
2026-05-12T00:14:31.477260+09:00,광화문광장,광화문광장,POI088,KEY_1,[경복궁] 2026 생과방(상반기),2026-04-08~2026-05-27,경복궁 생과방,126.976842133821,37.5759040910202,,https://culture.seoul.go.kr/cmmn/file/getImage.do?atchFileId=4864144c5a084ea4a1228924afe585e6&thumb=Y,https://culture.seoul.go.kr/culture/culture/cultureEvent/view.do?cultcode=157368&menuNo=200011,
2026-05-12T00:14:31.477260+09:00,광화문광장,광화문광장,POI088,KEY_1,2026년 집옥재(팔우정 포함) 작은 도서관 개방,2026-04-01~2026-10-31,경복궁 집옥재·팔우정,126.976842133821,37.5759040910202,,https://culture.seoul.go.kr/cmmn/file/getImage.do?atchFileId=d70525e916b548cda13443c9e10190f3&thumb=Y,https://culture.seoul.go.kr/culture/culture/cultureEvent/view.do?cultcode=157383&menuNo=200011,
2026-05-12T00:14:31.477260+09:00,광화문광장,광화문광장,POI088,KEY_1,[세종문화회관] 세종예술아카데미 [정승빈 작가] 스테들러와 함께하는 여행드로잉 클래스,2026-03-31~2026-09-15,세종예술아카데미 스퀘어홀,126.9760053,37.5726241,,https://culture.seoul.go.kr/cmmn/file/getImage.do?atchFileId=a0247bcdf4484818baaca748c977391f&thumb=Y,https://culture.seoul.go.kr/culture/culture/cultureEvent/view.do?cultcode=157026&menuNo=200011,
2026-05-12T00:14:31.477260+09:00,광화문광장,광화문광장,POI088,KEY_1,[세종문화회관] 세종예술아카데미 [박인홍 작가] 스테들러와 함께하는 여행드로잉 클래스,2026-03-31~2026-08-31,세종예술아카데미 스퀘어홀,126.9760053,37.5726241,,https://culture.seoul.go.kr/cmmn/file/getImage.do?atchFileId=c9b88469d8f0468e960f00b0e5b0785d&thumb=Y,https://culture.seoul.go.kr/culture/culture/cultureEvent/view.do?cultcode=157025&menuNo=200011,
2026-05-12T00:14:31.477260+09:00,광화문광장,광화문광장,POI088,KEY_1,[세종문화회관] 세종예술아카데미 [그레이스 발레 (성인 취미 발레)],2026-03-30~2026-06-29,세종문화회관 예술동 4층 종합연습실,126.9760053,37.5726241,,https://culture.seoul.go.kr/cmmn/file/getImage.do?atchFileId=8b685870654e4cd78bf509ea783f7748&thumb=Y,https://culture.seoul.go.kr/culture/culture/cultureEvent/view.do?cultcode=156885&menuNo=200011,.
2026-05-12T00:14:31.477260+09:00,광화문광장,광화문광장,POI088,KEY_1,[세종문화회관] 세종예술아카데미 [정연석 작가] 스테들러와 함께하는 여행드로잉 클래스,2026-03-28~2026-09-05,세종예술아카데미 스퀘어홀,126.9760053,37.5726241,,https://culture.seoul.go.kr/cmmn/file/getImage.do?atchFileId=df2237ca7f754d009407bc3321cae86f&thumb=Y,https://culture.seoul.go.kr/culture/culture/cultureEvent/view.do?cultcode=157028&menuNo=200011,
2026-05-12T00:14:31.477260+09:00,광화문광장,광화문광장,POI088,KEY_1,[세종문화회관] 세종예술아카데미 [이승익 작가] 스테들러와 함께하는 여행드로잉 클래스,2026-03-28~2026-08-29,세종예술아카데미 스퀘어홀,126.9760053,37.5726241,,https://culture.seoul.go.kr/cmmn/file/getImage.do?atchFileId=09ebfb8dbbcf453e86aadfe529b90ff8&thumb=Y,https://culture.seoul.go.kr/culture/culture/cultureEvent/view.do?cultcode=157027&menuNo=200011,
2026-05-12T00:14:31.477260+09:00,광화문광장,광화문광장,POI088,KEY_1,[세종문화회관] 2026 상반기 세종 어린이 발레 아카데미,2026-03-28~2026-06-27,세종문화회관 예술동 4층 종합연습실,126.9760053,37.5726241,,https://culture.seoul.go.kr/cmmn/file/getImage.do?atchFileId=b47ad1471d3d428a9482934f7b03787f&thumb=Y,https://culture.seoul.go.kr/culture/culture/cultureEvent/view.do?cultcode=157104&menuNo=200011,
2026-05-12T00:14:31.477260+09:00,광화문광장,광화문광장,POI088,KEY_1,[세종문화회관] 세종예술아카데미 [이야기가 있는 클래식],2026-03-19~2026-05-28,세종문화회관 서클홀,126.9760053,37.5726241,,https://culture.seoul.go.kr/cmmn/file/getImage.do?atchFileId=0373af8e16694df8b923159a02ec0a2a&thumb=Y,https://culture.seoul.go.kr/culture/culture/cultureEvent/view.do?cultcode=156883&menuNo=200011,.
2026-05-12T00:14:31.477260+09:00,광화문광장,광화문광장,POI088,KEY_1,[세종문화회관] 세종예술아카데미 [미술사가 이 현의 전시와 함께보는 서양 미술사 - 바로크와 로코코],2026-03-19~2026-05-21,세종문화회관 서클홀,126.9760053,37.5726241,,https://culture.seoul.go.kr/cmmn/file/getImage.do?atchFileId=377ac3cd61d6416baa3b3f43a826b900&thumb=Y,https://culture.seoul.go.kr/culture/culture/cultureEvent/view.do?cultcode=156881&menuNo=200011,.
2026-05-12T00:14:31.477260+09:00,광화문광장,광화문광장,POI088,KEY_1,[세종문화회관] 세종예술아카데미 [클래식브런치],2026-03-18~2026-05-20,세종문화회관 서클홀,126.9760053,37.5726241,,https://culture.seoul.go.kr/cmmn/file/getImage.do?atchFileId=43b7fd7ecf2b44d1b7ba2ec25e6cc7a7&thumb=Y,https://culture.seoul.go.kr/culture/culture/cultureEvent/view.do?cultcode=156880&menuNo=200011,.
2026-05-12T00:14:31.477260+09:00,광화문광장,광화문광장,POI088,KEY_1,[세종문화회관] 세종예술아카데미 [히든보이스],2026-03-17~2026-06-30,세종문화회관 서클홀,126.9760053,37.5726241,,https://culture.seoul.go.kr/cmmn/file/getImage.do?atchFileId=96b505aa681348d48b661d248108f577&thumb=Y,https://culture.seoul.go.kr/culture/culture/cultureEvent/view.do?cultcode=156809&menuNo=200011,.
2026-05-12T00:14:31.477260+09:00,광화문광장,광화문광장,POI088,KEY_1,[세종문화회관] 세종예술아카데미 [2026 상반기 스포츠 in 아트스테이션],2026-03-16~2026-06-26,세종문화회관 오픈스테이지의 탁 트인 마루형 공간,126.9760053,37.5726241,,https://culture.seoul.go.kr/cmmn/file/getImage.do?atchFileId=16cb755c035e4ddc86c7cfbfa3654ca5&thumb=Y,https://culture.seoul.go.kr/culture/culture/cultureEvent/view.do?cultcode=157023&menuNo=200011,
2026-05-12T00:14:31.477260+09:00,광화문광장,광화문광장,POI088,KEY_1,[국가유산청 궁능유적본부] 수문장 순라의식,2026-03-01~2026-11-29,(토요일)경복궁 내부 (일요일， 공휴일)인사동 문화의 거리,126.976842133821,37.5759040910202,,https://culture.seoul.go.kr/cmmn/file/getImage.do?atchFileId=923de3d9169e463b9c8098a8e132be38&thumb=Y,https://culture.seoul.go.kr/culture/culture/cultureEvent/view.do?cultcode=156996&menuNo=200013,
2026-05-12T00:14:31.477260+09:00,국립중앙박물관·용산가족공원,국립중앙박물관·용산가족공원,POI089,KEY_2,[국립중앙박물관] 이슬람 미술， 찬란한 빛의 여정,2025-11-22~2026-10-11,국립중앙박물관 상설전시관 이슬람실,126.98020301648833,37.52385582212769,,https://culture.seoul.go.kr/cmmn/file/getImage.do?atchFileId=69db1f87ea6447c6a1fe901e146ce2e1&thumb=Y,https://culture.seoul.go.kr/culture/culture/cultureEvent/view.do?cultcode=156371&menuNo=200009,
2026-05-12T00:14:31.477260+09:00,국립중앙박물관·용산가족공원,국립중앙박물관·용산가족공원,POI089,KEY_2,[국립중앙박물관] 보존과학， 새로운 시작 함께하는 미래,2025-10-28~2026-06-30,국립중앙박물관 보존과학센터 1층,126.98020301648833,37.52385582212769,,https://culture.seoul.go.kr/cmmn/file/getImage.do?atchFileId=649b5716289a4bf2a97dcc27a7962d0c&thumb=Y,https://culture.seoul.go.kr/culture/culture/cultureEvent/view.do?cultcode=156376&menuNo=200009,
2026-05-12T00:14:31.477260+09:00,국립중앙박물관·용산가족공원,국립중앙박물관·용산가족공원,POI089,KEY_2,[국립중앙박물관] 각角진 백자 이야기,2025-08-26~2026-06-21,국립중앙박물관 상설전시관 3층,126.98020301648833,37.52385582212769,,https://culture.seoul.go.kr/cmmn/file/getImage.do?atchFileId=e522fa75398e4832b8862dd5a66863a7&thumb=Y,https://culture.seoul.go.kr/culture/culture/cultureEvent/view.do?cultcode=156377&menuNo=200009,
2026-05-12T00:14:31.477260+09:00,남산공원,남산공원,POI091,KEY_1,2026 서울시 태권도 공연,2026-05-09~2026-10-18,남산골한옥마을， DDP(동대문디자인플라자) 등,126.994440072131,37.559304933707146,,https://culture.seoul.go.kr/cmmn/file/getImage.do?atchFileId=292cefda02074a1bba028aea65b48755&thumb=Y,https://culture.seoul.go.kr/culture/culture/cultureEvent/view.do?cultcode=157783&menuNo=200013,
2026-05-12T00:14:31.477260+09:00,남산공원,남산공원,POI091,KEY_1,[남산골한옥마을] 2026 남산골 전통체험 [예술가의 시간],2026-04-03~2026-10-25,남산골한옥마을 전통가옥 프로그램별 상이,126.994440072131,37.559304933707146,,https://culture.seoul.go.kr/cmmn/file/getImage.do?atchFileId=65cd91f8db7b435e96bed67b434bcb84&thumb=Y,https://culture.seoul.go.kr/culture/culture/cultureEvent/view.do?cultcode=157090&menuNo=200011,
2026-05-12T00:14:31.477260+09:00,남산공원,남산공원,POI091,KEY_1,[남산골한옥마을] 남산골 전통혼례,2026-03-28~2026-11-15,관훈동 민씨가옥 안채 마당 (야외 혼례),126.994440072131,37.559304933707146,,https://culture.seoul.go.kr/cmmn/file/getImage.do?atchFileId=33830aa756d2463ab6ae27c45a425b0e&thumb=Y,https://culture.seoul.go.kr/culture/culture/cultureEvent/view.do?cultcode=156333&menuNo=200010,
2026-05-12T00:14:31.477260+09:00,남산공원,남산공원,POI091,KEY_1,2026 국립극장 어린이 예술학교 유아반 (1학기),2026-03-14~2026-05-23,국립극장 뜰아래연습장 B2 다목적교육실,126.999267349473,37.5519949082942,,https://culture.seoul.go.kr/cmmn/file/getImage.do?atchFileId=4d36afd4ac204d67bade0bd7b035e70a&thumb=Y,https://culture.seoul.go.kr/culture/culture/cultureEvent/view.do?cultcode=156884&menuNo=200011,
2026-05-12T00:14:31.477260+09:00,노들섬,노들섬,POI092,KEY_2,2026 서울거리공연 구석구석라이브,2026-05-01~2026-12-31,공연별 상이,126.958036465507,37.5176638307111,,https://culture.seoul.go.kr/cmmn/file/getImage.do?atchFileId=edccc8857cfe4ac1886089adadae554e&thumb=Y,https://culture.seoul.go.kr/culture/culture/cultureEvent/view.do?cultcode=157655&menuNo=200008,
2026-05-12T00:14:31.477260+09:00,노들섬,노들섬,POI092,KEY_2,[서울문화재단] 2026 신당창작아케이드 [어쩌다 마주친 공예 in 노들섬],2026-03-27~2026-12-31,노들섬 노들서가 내 아트스페이스 엣지 1층 (서울특별시 용산구 양녕로 445),126.958036465507,37.5176638307111,,https://culture.seoul.go.kr/cmmn/file/getImage.do?atchFileId=a8c296336d0f4398b55de07ad93424af&thumb=Y,https://culture.seoul.go.kr/culture/culture/cultureEvent/view.do?cultcode=157363&menuNo=200009,
2026-05-12T00:14:31.477260+09:00,서울숲공원,서울숲공원,POI101,KEY_2,2026 서로장터,2026-04-26~2026-11-01,서울광장， 서울숲， 양재시민의 숲， 잠수교,127.041799099222,37.5430701468405,N,https://culture.seoul.go.kr/cmmn/file/getImage.do?atchFileId=b5b274e789f84a8da67e6c2ec3815326&thumb=Y,https://culture.seoul.go.kr/culture/culture/cultureEvent/view.do?cultcode=157478&menuNo=200010,
2026-05-12T00:14:31.477260+09:00,서울숲공원,서울숲공원,POI101,KEY_2,2026 서울국제정원박람회,2026-05-01~2026-10-27,서울숲 일대,127.041799099222,37.5430701468405,,https://culture.seoul.go.kr/cmmn/file/getImage.do?atchFileId=94950c28bee44177bf2bff226fec0dc4&thumb=Y,https://culture.seoul.go.kr/culture/culture/cultureEvent/view.do?cultcode=156916&menuNo=200010,
2026-05-12T00:14:31.477260+09:00,송현녹지광장,송현녹지광장,POI129,KEY_3,[서울공예박물관] 공예협력전시 [안동별궁， 시간의 겹],2026-04-28~2027-08-29,서울공예박물관 전시1동 3층 기획전시실,126.983533363501,37.5766481740232,N,https://culture.seoul.go.kr/cmmn/file/getImage.do?atchFileId=a1622fcb6e024123ac90f40cdc8e32fd&thumb=Y,https://culture.seoul.go.kr/culture/culture/cultureEvent/view.do?cultcode=157420&menuNo=200009,
2026-05-12T00:14:31.477260+09:00,송현녹지광장,송현녹지광장,POI129,KEY_3,[서울공예박물관] 한불수교 140주년 기념전시 [더 하이브리드],2026-04-28~2026-07-26,서울공예박물관 전시1동 3층 기획전시실,126.983533363501,37.5766481740232,N,https://culture.seoul.go.kr/cmmn/file/getImage.do?atchFileId=aaaf677cdfac468db6f5c9e13fd397ad&thumb=Y,https://culture.seoul.go.kr/culture/culture/cultureEvent/view.do?cultcode=157211&menuNo=200009,
2026-05-12T00:14:31.477260+09:00,송현녹지광장,송현녹지광장,POI129,KEY_3,[서울공예박물관] 공예동행@쇼윈도 #2. 빛의 흐름 The Flow of Light,2026-04-08~2026-05-31,전시3동 1층 쇼윈도 갤러리,126.983533363501,37.5766481740232,,https://culture.seoul.go.kr/cmmn/file/getImage.do?atchFileId=d813307c6065486caf69b2ad498a0e61&thumb=Y,https://culture.seoul.go.kr/culture/culture/cultureEvent/view.do?cultcode=157354&menuNo=200009,
2026-05-12T00:14:31.477260+09:00,송현녹지광장,송현녹지광장,POI129,KEY_3,스펙트로신테시스 서울 Spectrosynthesis Seoul,2026-03-20~2026-06-28,아트선재센터,126.981839239613,37.5794635323506,,https://culture.seoul.go.kr/cmmn/file/getImage.do?atchFileId=1bbb87d0d71243b996db22604e96a261&thumb=Y,https://culture.seoul.go.kr/culture/culture/cultureEvent/view.do?cultcode=157262&menuNo=200009,
2026-05-12T00:14:31.477260+09:00,어린이대공원,어린이대공원,POI104,KEY_1,[서울상상나라] 2F 기획전시 [사랑하는 모양이야],2025-11-15~2026-11-15,2층 서울형 키즈카페 시립 서울상상나라점,127.077569,37.55055,,https://culture.seoul.go.kr/cmmn/file/getImage.do?atchFileId=49257064be8745158d56780a881325da&thumb=Y,https://culture.seoul.go.kr/culture/culture/cultureEvent/view.do?cultcode=156165&menuNo=200009,
2026-05-12T00:14:31.477260+09:00,어린이대공원,어린이대공원,POI104,KEY_1,[서울상상나라] 통-하다,2025-11-11~2026-11-11,서울상상나라 1층 상설전시실,127.077569,37.55055,,https://culture.seoul.go.kr/cmmn/file/getImage.do?atchFileId=43c7d50c4bcf488982db4ed5e5d6a2a9&thumb=Y,https://culture.seoul.go.kr/culture/culture/cultureEvent/view.do?cultcode=155891&menuNo=200009,
2026-05-12T00:14:31.477260+09:00,어린이대공원,어린이대공원,POI104,KEY_1,[서울상상나라] 그림책 작업실:엉뚱하고 기발한,2025-07-15~2026-07-15,서울상상나라 지하 1층 기획전시실,127.077569,37.55055,,https://culture.seoul.go.kr/cmmn/file/getImage.do?atchFileId=96afe0108a624e499e8ba01e7cb308c1&thumb=Y,https://culture.seoul.go.kr/culture/culture/cultureEvent/view.do?cultcode=154150&menuNo=200009,
2026-05-12T00:14:31.477260+09:00,올림픽공원,올림픽공원,POI127,KEY_1,[한성백제박물관] 2026년 상반기 성인 대상 [서울 고대유적 탐방],2026-04-28~2026-06-11,한성백제박물관， 몽촌토성， 풍납동토성， 석촌동고분군 일대,127.12088940368128,37.51543881335773,,https://culture.seoul.go.kr/cmmn/file/getImage.do?atchFileId=3d89263b5e85481c894204ef7a05d20e&thumb=Y,https://culture.seoul.go.kr/culture/culture/cultureEvent/view.do?cultcode=157084&menuNo=200011,
2026-05-12T00:14:31.477260+09:00,올림픽공원,올림픽공원,POI127,KEY_1,올림픽 조각체험 프로젝트#2 [조각이 꿈+틀],2026-04-17~2026-09-06,소마미술관,127.118166964751,37.516920655117,,https://culture.seoul.go.kr/cmmn/file/getImage.do?atchFileId=6825663978de46c192543240dfbb2185&thumb=Y,https://culture.seoul.go.kr/culture/culture/cultureEvent/view.do?cultcode=157318&menuNo=200009,
2026-05-12T00:14:31.477260+09:00,올림픽공원,올림픽공원,POI127,KEY_1,[소마미술관] 그림책이 살아있다!,2026-04-17~2026-09-06,소마미술관 2관 기획전시실,127.118166964751,37.516920655117,,https://culture.seoul.go.kr/cmmn/file/getImage.do?atchFileId=cf267080189e4a3eadeeb6c5e8b0ade7&thumb=Y,https://culture.seoul.go.kr/culture/culture/cultureEvent/view.do?cultcode=157116&menuNo=200009,
2026-05-12T00:14:31.477260+09:00,올림픽공원,올림픽공원,POI127,KEY_1,[소마미술관] 조각이 꿈+틀 [올림픽조각체험프로젝트#02] 상설전,2026-04-17~2026-09-06,소마미술관 2관 상설전시실,127.118166964751,37.516920655117,,https://culture.seoul.go.kr/cmmn/file/getImage.do?atchFileId=c4ac3bd4533342b993b5ccfd5d42086c&thumb=Y,https://culture.seoul.go.kr/culture/culture/cultureEvent/view.do?cultcode=157117&menuNo=200009,
2026-05-12T00:14:31.477260+09:00,올림픽공원,올림픽공원,POI127,KEY_1,이승택 개인전 [조각의 바깥에서],2026-04-10~2026-07-26,소마미술관,127.118166964751,37.516920655117,,https://culture.seoul.go.kr/cmmn/file/getImage.do?atchFileId=fa83edf506b643e2bec777cac69729ce&thumb=Y,https://culture.seoul.go.kr/culture/culture/cultureEvent/view.do?cultcode=157317&menuNo=200009,
2026-05-12T00:14:31.477260+09:00,올림픽공원,올림픽공원,POI127,KEY_1,[한성백제박물관] 2026년 상반기 문화다양성 교육 [백제와 함께하는 이웃나라들],2026-03-31~2026-06-30,대면) 박물관 교육실/ (비대면) 각 학급 교실,127.12088940368128,37.51543881335773,,https://culture.seoul.go.kr/cmmn/file/getImage.do?atchFileId=79379b0c10fc462fb325ecdb455dd3db&thumb=Y,https://culture.seoul.go.kr/culture/culture/cultureEvent/view.do?cultcode=157232&menuNo=200011,
2026-05-12T00:14:31.477260+09:00,올림픽공원,올림픽공원,POI127,KEY_1,[한성백제박물관] 2026 상반기 초등단체 비대면 교육 [서울 쏙! 백제 콕!],2026-03-26~2026-07-03,각 학급 교실(비대면 원격 교육),127.12088940368128,37.51543881335773,,https://culture.seoul.go.kr/cmmn/file/getImage.do?atchFileId=fb761ebe217849eaa4f63b1b0f6ac759&thumb=Y,https://culture.seoul.go.kr/culture/culture/cultureEvent/view.do?cultcode=156907&menuNo=200011,
2026-05-12T00:14:31.477260+09:00,올림픽공원,올림픽공원,POI127,KEY_1,[한성백제박물관] 2026 상반기 초등단체 대면 교육 [서울 쏙! 백제 콕!],2026-03-26~2026-07-03,한성백제박물관 교육실,127.12088940368128,37.51543881335773,,https://culture.seoul.go.kr/cmmn/file/getImage.do?atchFileId=f3b484610b65420297a3ae47001c6120&thumb=Y,https://culture.seoul.go.kr/culture/culture/cultureEvent/view.do?cultcode=156906&menuNo=200011,
2026-05-12T00:14:31.477260+09:00,올림픽공원,올림픽공원,POI127,KEY_1,[한성백제박물관] 초등 4~6학년 단체 대면 교육 [한강삼국지: 삼국의 한강 쟁탈전],2026-03-24~2026-07-01,한성백제박물관 교육실,127.12088940368128,37.51543881335773,,https://culture.seoul.go.kr/cmmn/file/getImage.do?atchFileId=0183d0f0f64d43dea7f2f1f5a5823734&thumb=Y,https://culture.seoul.go.kr/culture/culture/cultureEvent/view.do?cultcode=156755&menuNo=200011,
2026-05-12T00:14:31.477260+09:00,올림픽공원,올림픽공원,POI127,KEY_1,[한성백제박물관] 초등 4~6학년 학급 비대면 교육 [한강삼국지: 삼국의 한강 쟁탈전],2026-03-24~2026-07-01,신청 학급 교실,127.12088940368128,37.51543881335773,,https://culture.seoul.go.kr/cmmn/file/getImage.do?atchFileId=ee2f38002896461d88e55f36df203dfc&thumb=Y,https://culture.seoul.go.kr/culture/culture/cultureEvent/view.do?cultcode=156754&menuNo=200011,
2026-05-12T00:14:31.477260+09:00,올림픽공원,올림픽공원,POI127,KEY_1,[서울백제어린이박물관] 유단체 대상 [서울역사생태탐험대1] 봄,2026-03-19~2026-05-21,서울백제어린이박물관(교육실， 전시실)， 야외생태체험장， 전시실 등,127.124412,37.523991,,https://culture.seoul.go.kr/cmmn/file/getImage.do?atchFileId=7504518b70b54ac7b5c8367519f44947&thumb=Y,https://culture.seoul.go.kr/culture/culture/cultureEvent/view.do?cultcode=156747&menuNo=200011,
2026-05-12T00:14:31.477260+09:00,올림픽공원,올림픽공원,POI127,KEY_1,[한성백제박물관] 2026년 상반기 주말가족교육 [문화유산 보존 연구소],2026-03-14~2026-07-04,한성백제박물관 교육실,127.12088940368128,37.51543881335773,,https://culture.seoul.go.kr/cmmn/file/getImage.do?atchFileId=69fec744c82446619d58e8ce8cb6baab&thumb=Y,https://culture.seoul.go.kr/culture/culture/cultureEvent/view.do?cultcode=156850&menuNo=200011,
2026-05-12T00:14:31.477260+09:00,올림픽공원,올림픽공원,POI127,KEY_1,[한성백제박물관] 2026년 상반기 주말가족탐방 [몽촌토성 탐방],2026-03-14~2026-05-30,몽촌토성， 박물관 교육실,127.12088940368128,37.51543881335773,,https://culture.seoul.go.kr/cmmn/file/getImage.do?atchFileId=31a20aade65d41b882a74ff2a6424ee7&thumb=Y,https://culture.seoul.go.kr/culture/culture/cultureEvent/view.do?cultcode=156851&menuNo=200011,
2026-05-12T00:14:31.477260+09:00,북촌한옥마을,북촌한옥마을,POI066,KEY_3,[갤러리지우헌] 허상욱 개인전: 분청 마음,2026-05-06~2026-06-03,갤러리 지우헌,126.982999426985,37.5833833879584,,https://culture.seoul.go.kr/cmmn/file/getImage.do?atchFileId=cbdadfe6623e471d8e41a958828bab71&thumb=Y,https://culture.seoul.go.kr/culture/culture/cultureEvent/view.do?cultcode=157715&menuNo=200009,전시 오프닝은 5월 6일 오후 4시에 진행되며， 작가가 직접 작품을 소개하는 자리가 마련될 예정이다. 행사에는 100년 전통 ㈜지평주조의 ‘지평탁주’가 함께 제공됩니다.
2026-05-12T00:14:31.477260+09:00,북촌한옥마을,북촌한옥마을,POI066,KEY_3,[서울공예박물관] 공예협력전시 [안동별궁， 시간의 겹],2026-04-28~2027-08-29,서울공예박물관 전시1동 3층 기획전시실,126.983533363501,37.5766481740232,N,https://culture.seoul.go.kr/cmmn/file/getImage.do?atchFileId=a1622fcb6e024123ac90f40cdc8e32fd&thumb=Y,https://culture.seoul.go.kr/culture/culture/cultureEvent/view.do?cultcode=157420&menuNo=200009,
2026-05-12T00:14:31.477260+09:00,북촌한옥마을,북촌한옥마을,POI066,KEY_3,[서울공예박물관] 한불수교 140주년 기념전시 [더 하이브리드],2026-04-28~2026-07-26,서울공예박물관 전시1동 3층 기획전시실,126.983533363501,37.5766481740232,N,https://culture.seoul.go.kr/cmmn/file/getImage.do?atchFileId=aaaf677cdfac468db6f5c9e13fd397ad&thumb=Y,https://culture.seoul.go.kr/culture/culture/cultureEvent/view.do?cultcode=157211&menuNo=200009,
2026-05-12T00:14:31.477260+09:00,북촌한옥마을,북촌한옥마을,POI066,KEY_3,[서울공예박물관] 공예동행@쇼윈도 #2. 빛의 흐름 The Flow of Light,2026-04-08~2026-05-31,전시3동 1층 쇼윈도 갤러리,126.983533363501,37.5766481740232,,https://culture.seoul.go.kr/cmmn/file/getImage.do?atchFileId=d813307c6065486caf69b2ad498a0e61&thumb=Y,https://culture.seoul.go.kr/culture/culture/cultureEvent/view.do?cultcode=157354&menuNo=200009,
2026-05-12T00:14:31.477260+09:00,북촌한옥마을,북촌한옥마을,POI066,KEY_3,스펙트로신테시스 서울 Spectrosynthesis Seoul,2026-03-20~2026-06-28,아트선재센터,126.981839239613,37.5794635323506,,https://culture.seoul.go.kr/cmmn/file/getImage.do?atchFileId=1bbb87d0d71243b996db22604e96a261&thumb=Y,https://culture.seoul.go.kr/culture/culture/cultureEvent/view.do?cultcode=157262&menuNo=200009,
2026-05-12T00:14:31.477260+09:00,서촌,서촌,POI067,KEY_1,[서울생활문화센터 체부] 체부작업展 [선 위에 머무는 마음],2026-04-28~2026-06-30,윈도우 갤러리， 금오재 마실,126.97148941423,37.5767084987432,,https://culture.seoul.go.kr/cmmn/file/getImage.do?atchFileId=b51cfd4f38d64d21be656e622812b5cb&thumb=Y,https://culture.seoul.go.kr/culture/culture/cultureEvent/view.do?cultcode=157790&menuNo=200009,
2026-05-12T00:14:31.477260+09:00,서촌,서촌,POI067,KEY_1,[종로문화재단] 금빛으로 지은 옷을 여미다,2025-12-16~2026-06-26,배화여자대학교 도서관 1층 전통문화전시실,126.967291871532,37.5795440101952,,https://culture.seoul.go.kr/cmmn/file/getImage.do?atchFileId=dc73759daf4e460fb1b9184a298f8c43&thumb=Y,https://culture.seoul.go.kr/culture/culture/cultureEvent/view.do?cultcode=156309&menuNo=200009,
2026-05-12T00:14:31.477260+09:00,서촌,서촌,POI067,KEY_1,[종로문화재단] 박노수미술관 개관12주년 기념전시 [산수·격물],2025-09-19~2026-12-06,종로구립 박노수미술관,126.966818545949,37.5813191962491,,https://culture.seoul.go.kr/cmmn/file/getImage.do?atchFileId=b3d1bbb9284b4b97bda71e967e5bb5a9&thumb=Y,https://culture.seoul.go.kr/culture/culture/cultureEvent/view.do?cultcode=155699&menuNo=200009,
2026-05-12T00:14:31.477260+09:00,인사동,인사동,POI078,KEY_3,[서울무형유산교육전시장] 2026년 운현궁에서 배우는 전통매듭 체험 모집,2026-05-06~2026-05-27,운현궁 이로당,126.98708335796199,37.57607864675475,,https://culture.seoul.go.kr/cmmn/file/getImage.do?atchFileId=d9f7c6b35e4b444dab781fe2fd07b841&thumb=Y,https://culture.seoul.go.kr/culture/culture/cultureEvent/view.do?cultcode=157558&menuNo=200011,
2026-05-12T00:14:31.477260+09:00,인사동,인사동,POI078,KEY_3,[노화랑] 기획전 [IN PINK],2026-04-23~2026-05-14,노화랑 1， 2층 전시장,126.984085733694,37.5748603162364,N,https://culture.seoul.go.kr/cmmn/file/getImage.do?atchFileId=813a89fb33224ca9b184a59c222a411b&thumb=Y,https://culture.seoul.go.kr/culture/culture/cultureEvent/view.do?cultcode=157488&menuNo=200009,
2026-05-12T00:14:31.477260+09:00,인사동,인사동,POI078,KEY_3,[서울우리소리박물관] 2026년 상반기 외국인 전통문화체험,2026-04-16~2026-05-14,서울우리소리박물관 상설전시실 및 교육실,126.989622047178,37.577157928122,,https://culture.seoul.go.kr/cmmn/file/getImage.do?atchFileId=183cd9e9b78549d098992df989c47096&thumb=Y,https://culture.seoul.go.kr/culture/culture/cultureEvent/view.do?cultcode=157200&menuNo=200011,
2026-05-12T00:14:31.477260+09:00,인사동,인사동,POI078,KEY_3,[운현궁] 2026 서울 운현궁 예절교실,2026-04-01~2026-06-12,운현궁 이로당， 노락당,126.98708335796199,37.57607864675475,,https://culture.seoul.go.kr/cmmn/file/getImage.do?atchFileId=48bfe53ae79b43ffa93809a0bea94372&thumb=Y,https://culture.seoul.go.kr/culture/culture/cultureEvent/view.do?cultcode=156901&menuNo=200011,
2026-05-12T00:14:31.477260+09:00,인사동,인사동,POI078,KEY_3,[서울생활문화센터 낙원] 초보기타 교실 추가모집 / 색소폰 교실 & 클리닉,2026-03-18~2026-06-24,서울생활문화센터 낙원 5번 안내실,126.987902476529,37.5727635233966,,https://culture.seoul.go.kr/cmmn/file/getImage.do?atchFileId=19019906a68a46efbe0ae1c1d60984bd&thumb=Y,https://culture.seoul.go.kr/culture/culture/cultureEvent/view.do?cultcode=156978&menuNo=200011,
2026-05-12T00:14:31.477260+09:00,인사동,인사동,POI078,KEY_3,[서울우리소리박물관] 2026 자율학습 프로그램 [우리소리 친구들],2026-02-09~2026-12-31,누마루 또는 교육실,126.989622047178,37.577157928122,,https://culture.seoul.go.kr/cmmn/file/getImage.do?atchFileId=94d1c28647de4daf8f612b8fe830a020&thumb=Y,https://culture.seoul.go.kr/culture/culture/cultureEvent/view.do?cultcode=156746&menuNo=200011,
2026-05-12T00:14:31.477260+09:00,인사동,인사동,POI078,KEY_3,[서울우리소리박물관] 2025 서울우리소리박물관 기획전 [한강， 소리로 흐르다],2025-06-19~2026-05-28,서울우리소리박물관 기획전시실,126.989622047178,37.577157928122,,https://culture.seoul.go.kr/cmmn/file/getImage.do?atchFileId=6cbae2fb2066497e9499c66996d2aad8&thumb=Y,https://culture.seoul.go.kr/culture/culture/cultureEvent/view.do?cultcode=154089&menuNo=200009,
2026-05-12T00:14:31.477260+09:00,창동 신경제 중심지,창동 신경제 중심지,POI079,KEY_2,[서울시립 사진미술관] 어린이를 위한 감상교육 [미술관 탐험],2026-05-02~2026-06-13,서울시립 사진미술관 전시실 및 1교육실,127.048947814686,37.6555150225578,,https://culture.seoul.go.kr/cmmn/file/getImage.do?atchFileId=3b060851bfe0447fa662c416d69083b5&thumb=Y,https://culture.seoul.go.kr/culture/culture/cultureEvent/view.do?cultcode=157761&menuNo=200011,
2026-05-12T00:14:31.477260+09:00,창동 신경제 중심지,창동 신경제 중심지,POI079,KEY_2,[서울시립 사진미술관] 2026 서울사진축제 : 미술관 속 영화관 [진과 세계 사이에서],2026-04-24~2026-05-29,서울시립 사진미술관 2층 영상홀,127.048947814686,37.6555150225578,,https://culture.seoul.go.kr/cmmn/file/getImage.do?atchFileId=7938fe59e75e4986abeeaa7b0d1b15a9&thumb=Y,https://culture.seoul.go.kr/culture/culture/cultureEvent/view.do?cultcode=157489&menuNo=200013,
2026-05-12T00:14:31.477260+09:00,창동 신경제 중심지,창동 신경제 중심지,POI079,KEY_2,[서울시립 사진미술관] 2026 서울사진축제 : 포토라이브러리 워크숍 [일요일의 독서클럽],2026-04-12~2026-06-07,2층 영상홀， 4층 포토라이브러리,127.048947814686,37.6555150225578,,https://culture.seoul.go.kr/cmmn/file/getImage.do?atchFileId=498300d2f5194d3b8fd3d736e7cb345f&thumb=Y,https://culture.seoul.go.kr/culture/culture/cultureEvent/view.do?cultcode=157487&menuNo=200011,
2026-05-12T00:14:31.477260+09:00,창동 신경제 중심지,창동 신경제 중심지,POI079,KEY_2,[서울시립 사진미술관] 2026 서울사진축제 : Photo SeMA 기획서가 [모두를 위한 사진책],2026-04-09~2026-07-05,서울시립 사진미술관 4층 포토라이브러리,127.048947814686,37.6555150225578,,https://culture.seoul.go.kr/cmmn/file/getImage.do?atchFileId=65ddc38604e4492b869a6d972a08ec81&thumb=Y,https://culture.seoul.go.kr/culture/culture/cultureEvent/view.do?cultcode=157578&menuNo=200009,
2026-05-12T00:14:31.477260+09:00,창동 신경제 중심지,창동 신경제 중심지,POI079,KEY_2,[서울시립 사진미술관] 2026 서울사진축제 [서울 사진 산책],2026-04-09~2026-06-14,서울 시내 24개소 문화공간 / 외부 별도 장소,127.048947814686,37.6555150225578,,https://culture.seoul.go.kr/cmmn/file/getImage.do?atchFileId=10e7f9cf6cd94078a47d5e519a4b6e7f&thumb=Y,https://culture.seoul.go.kr/culture/culture/cultureEvent/view.do?cultcode=157349&menuNo=200009,
2026-05-12T00:14:31.477260+09:00,창동 신경제 중심지,창동 신경제 중심지,POI079,KEY_2,[서울시립 사진미술관] 2026 서울사진축제 : 아티스트 토크 [작가의 방],2026-04-09~2026-06-14,서울시립 사진미술관 2층  영상홀,127.048947814686,37.6555150225578,,https://culture.seoul.go.kr/cmmn/file/getImage.do?atchFileId=20a62cd7a4a5468a905848cae3284ff6&thumb=Y,https://culture.seoul.go.kr/culture/culture/cultureEvent/view.do?cultcode=157475&menuNo=200009,
2026-05-12T00:14:31.477260+09:00,창동 신경제 중심지,창동 신경제 중심지,POI079,KEY_2,[서울시립 사진미술관] 서울사진축제 《컴백홈》,2026-04-09~2026-06-14,서울시립 사진미술관,127.048947814686,37.6555150225578,,https://culture.seoul.go.kr/cmmn/file/getImage.do?atchFileId=c4c9d45245364ab48711d6ccbeb9e699&thumb=Y,https://culture.seoul.go.kr/culture/culture/cultureEvent/view.do?cultcode=157269&menuNo=200009,
2026-05-12T00:14:31.477260+09:00,창동 신경제 중심지,창동 신경제 중심지,POI079,KEY_2,[서울시립 사진미술관] 포토 디스커버리 프로젝트 《사진집》,2026-03-18~2026-06-14,서울시립 사진미술관 1층 로비,127.048947814686,37.6555150225578,,https://culture.seoul.go.kr/cmmn/file/getImage.do?atchFileId=0f7936d9f2d94354a36657010b418fbb&thumb=Y,https://culture.seoul.go.kr/culture/culture/cultureEvent/view.do?cultcode=157141&menuNo=200009,
2026-05-12T00:14:31.477260+09:00,DDP(동대문디자인플라자),DDP(동대문디자인플라자),POI083,KEY_3,김영준 x 요시다 유니 기획전 Face to face,2026-05-07~2026-06-07,DDP 이간수문전시장,127.00977973484339,37.56735731522952,,https://culture.seoul.go.kr/cmmn/file/getImage.do?atchFileId=2e699755a39b40619ddea53a22e59ef4&thumb=Y,https://culture.seoul.go.kr/culture/culture/cultureEvent/view.do?cultcode=157672&menuNo=200009,
2026-05-12T00:14:31.477260+09:00,DDP(동대문디자인플라자),DDP(동대문디자인플라자),POI083,KEY_3,DDPlay 버스킹 5월 공연 안내,2026-05-01~2026-05-31,DDP 어울림광장， 팔거리,127.00977973484339,37.56735731522952,,https://culture.seoul.go.kr/cmmn/file/getImage.do?atchFileId=06255b5f16c1435a95ddf9214cbe8d86&thumb=Y,https://culture.seoul.go.kr/culture/culture/cultureEvent/view.do?cultcode=157546&menuNo=200008,
2026-05-12T00:14:31.477260+09:00,DDP(동대문디자인플라자),DDP(동대문디자인플라자),POI083,KEY_3,Let Dreams Shine! [베베핀 드림랜드],2026-05-01~2026-05-31,동대문디자인플라자 디자인랩1층 DDP쇼룸,127.00977973484339,37.56735731522952,,https://culture.seoul.go.kr/cmmn/file/getImage.do?atchFileId=b578b0a0e4724a718dff9fbd6ca77cbc&thumb=Y,https://culture.seoul.go.kr/culture/culture/cultureEvent/view.do?cultcode=157641&menuNo=200011,
2026-05-12T00:14:31.477260+09:00,DDP(동대문디자인플라자),DDP(동대문디자인플라자),POI083,KEY_3,[서울디자인재단] 키크니 특별전 : 그렸고 그런 사이,2026-04-25~2026-09-06,뮤지엄 전시1관,127.00977973484339,37.56735731522952,,https://culture.seoul.go.kr/cmmn/file/getImage.do?atchFileId=5b5e3f16b605439ea83b1ecf8d5ce8b8&thumb=Y,https://culture.seoul.go.kr/culture/culture/cultureEvent/view.do?cultcode=157351&menuNo=200009,
2026-05-12T00:14:31.477260+09:00,DDP(동대문디자인플라자),DDP(동대문디자인플라자),POI083,KEY_3,이상한 K-뷰티 : 엄마의 서랍장,2026-04-10~2026-06-10,DDP 마켓 B2F 비더비 다운타운,127.00977973484339,37.56735731522952,,https://culture.seoul.go.kr/cmmn/file/getImage.do?atchFileId=e187f20c0b5d4e7ebcbff38d8f60b63e&thumb=Y,https://culture.seoul.go.kr/culture/culture/cultureEvent/view.do?cultcode=157606&menuNo=200009,
2026-05-12T00:14:31.477260+09:00,DDP(동대문디자인플라자),DDP(동대문디자인플라자),POI083,KEY_3,[서울디자인재단] DDP 루프탑 투어_2026,2026-03-21~2026-05-31,DDP 뮤지엄 1층(M3 출입문) 투어 데스크 (시작장소),127.00977973484339,37.56735731522952,,https://culture.seoul.go.kr/cmmn/file/getImage.do?atchFileId=973b28af071b405ea7f6eb7ab715abaa&thumb=Y,https://culture.seoul.go.kr/culture/culture/cultureEvent/view.do?cultcode=157428&menuNo=200011,
2026-05-12T00:14:31.477260+09:00,DDP(동대문디자인플라자),DDP(동대문디자인플라자),POI083,KEY_3,BtheB 뷰티기획전 [Beauty For All],2026-02-28~2026-06-07,DDP 지하2층 DDP마켓 비더비,127.00977973484339,37.56735731522952,,https://culture.seoul.go.kr/cmmn/file/getImage.do?atchFileId=5209bf1d22f345568a88cce60bbc8688&thumb=Y,https://culture.seoul.go.kr/culture/culture/cultureEvent/view.do?cultcode=156852&menuNo=200009,
2026-05-12T00:14:31.477260+09:00,DDP(동대문디자인플라자),DDP(동대문디자인플라자),POI083,KEY_3,[DDP] Dream in Light,2026-01-09~2026-12-31,DDP 전면， 유구전시장 앞， 미래로 상부,127.00977973484339,37.56735731522952,,https://culture.seoul.go.kr/cmmn/file/getImage.do?atchFileId=bfa59aa56eed4af8b441d88bad873037&thumb=Y,https://culture.seoul.go.kr/culture/culture/cultureEvent/view.do?cultcode=156491&menuNo=200009,
2026-05-12T00:14:31.477260+09:00,DDP(동대문디자인플라자),DDP(동대문디자인플라자),POI083,KEY_3,[서울디자인재단] DDP 건축투어,2026-01-02~2026-12-31,DDP 뮤지엄 1층 투어데스크,127.00977973484339,37.56735731522952,N,https://culture.seoul.go.kr/cmmn/file/getImage.do?atchFileId=47da849abe944ec9b7dedaf1ab283714&thumb=Y,https://culture.seoul.go.kr/culture/culture/cultureEvent/view.do?cultcode=156552&menuNo=200009,
2026-05-12T00:14:31.477260+09:00,서울식물원·마곡나루역,서울식물원·마곡나루역,POI032,KEY_1,[서울식물원] 2026 낭만수국전 HYDRANGEA SHOW,2026-05-02~2026-05-31,서울식물원 전시온실 지중해관,126.83500723721524,37.569657094189104,,https://culture.seoul.go.kr/cmmn/file/getImage.do?atchFileId=969c3a5bc5694862bdd4688ca678571d&thumb=Y,https://culture.seoul.go.kr/culture/culture/cultureEvent/view.do?cultcode=157795&menuNo=200009,
2026-05-12T00:14:31.477260+09:00,서울식물원·마곡나루역,서울식물원·마곡나루역,POI032,KEY_1,[서울식물원] 주제정원 봄 전시 [봄빛 정원: 땅에서 피어난 봄빛],2026-04-15~2026-05-31,서울식물원 주제정원 내 계류 주변,126.83500723721524,37.569657094189104,,https://culture.seoul.go.kr/cmmn/file/getImage.do?atchFileId=adfdc93640c946a29acdc8d12802f793&thumb=Y,https://culture.seoul.go.kr/culture/culture/cultureEvent/view.do?cultcode=157582&menuNo=200009,
2026-05-12T00:14:31.477260+09:00,서울식물원·마곡나루역,서울식물원·마곡나루역,POI032,KEY_1,[서울식물원] 2025년 서울식물원 기획 전시 [우리들의 자연， 행성적 공존],2025-05-27~2026-05-24,식물문화센터 프로젝트홀2， 주제원， 온실,126.83500723721524,37.569657094189104,,https://culture.seoul.go.kr/cmmn/file/getImage.do?atchFileId=e0d57fc6ab4046209bdf34ab6ac41c98&thumb=Y,https://culture.seoul.go.kr/culture/culture/cultureEvent/view.do?cultcode=153826&menuNo=200009,
2026-05-12T00:14:31.477260+09:00,시의회 앞,시의회 앞,POI130,KEY_1,[서울도서관] 2026년 서울야외도서관 (책읽는 서울광장， 광화문 책마당， 책읽는 맑은 냇가),2026-04-23~2026-11-01,서울광장， 광화문 광장， 청계천 일대,126.97769782752,37.5653338689441,N,https://culture.seoul.go.kr/cmmn/file/getImage.do?atchFileId=57da07b01aed40ad984d40559a42ae61&thumb=Y,https://culture.seoul.go.kr/culture/culture/cultureEvent/view.do?cultcode=156879&menuNo=200010,
2026-05-12T00:14:31.477260+09:00,시의회 앞,시의회 앞,POI130,KEY_1,기.기.기(奇.己.氣): 동시대와 시행착오,2026-04-01~2026-05-31,일민미술관,126.977657083792,37.5698677620456,,https://culture.seoul.go.kr/cmmn/file/getImage.do?atchFileId=6e05d79e4d0e4358b3eae2df5081eb13&thumb=Y,https://culture.seoul.go.kr/culture/culture/cultureEvent/view.do?cultcode=157256&menuNo=200009,
2026-05-12T00:14:31.477260+09:00,혜화역,혜화역,POI054,KEY_2,연극 [운베난트],2026-03-27~2026-06-07,예스24스테이지 3관,127.003160727291,37.5827488289051,,https://culture.seoul.go.kr/cmmn/file/getImage.do?atchFileId=b22d720f5efc44dda84da2606b0e5f75&thumb=Y,https://culture.seoul.go.kr/culture/culture/cultureEvent/view.do?cultcode=157115&menuNo=200008,
2026-05-12T00:14:31.477260+09:00,혜화역,혜화역,POI054,KEY_2,[종로여성인력개발센터] AI 파워드 문화·예술 프로젝트 기획 실무 마스터 실무 마스터,2026-03-18~2026-06-23,종로여성인력개발센터,127.000418097935,37.5820587995429,,https://culture.seoul.go.kr/cmmn/file/getImage.do?atchFileId=f824d3bddc6d4c239ee2e5611e22870a&thumb=Y,https://culture.seoul.go.kr/culture/culture/cultureEvent/view.do?cultcode=156487&menuNo=200011,
2026-05-12T02:05:06.340981+09:00,경복궁,경복궁,POI008,KEY_1,[경복궁] 2026 생과방(상반기),2026-04-08~2026-05-27,경복궁 생과방,126.976842133821,37.5759040910202,,https://culture.seoul.go.kr/cmmn/file/getImage.do?atchFileId=4864144c5a084ea4a1228924afe585e6&thumb=Y,https://culture.seoul.go.kr/culture/culture/cultureEvent/view.do?cultcode=157368&menuNo=200011,
2026-05-12T02:05:06.340981+09:00,경복궁,경복궁,POI008,KEY_1,2026년 집옥재(팔우정 포함) 작은 도서관 개방,2026-04-01~2026-10-31,경복궁 집옥재·팔우정,126.976842133821,37.5759040910202,,https://culture.seoul.go.kr/cmmn/file/getImage.do?atchFileId=d70525e916b548cda13443c9e10190f3&thumb=Y,https://culture.seoul.go.kr/culture/culture/cultureEvent/view.do?cultcode=157383&menuNo=200011,
2026-05-12T02:05:06.340981+09:00,경복궁,경복궁,POI008,KEY_1,2026년 경복궁 [경회루·향원정] 특별관람,2026-04-01~2026-10-30,경복궁 경회루·향원정,126.976842133821,37.5759040910202,,https://culture.seoul.go.kr/cmmn/file/getImage.do?atchFileId=37630da9c19349fbac8494e92e5c64d8&thumb=Y,https://culture.seoul.go.kr/culture/culture/cultureEvent/view.do?cultcode=157389&menuNo=200011,
2026-05-12T02:05:06.340981+09:00,경복궁,경복궁,POI008,KEY_1,[국가유산청 궁능유적본부] 수문장 순라의식,2026-03-01~2026-11-29,(토요일)경복궁 내부 (일요일， 공휴일)인사동 문화의 거리,126.976842133821,37.5759040910202,,https://culture.seoul.go.kr/cmmn/file/getImage.do?atchFileId=923de3d9169e463b9c8098a8e132be38&thumb=Y,https://culture.seoul.go.kr/culture/culture/cultureEvent/view.do?cultcode=156996&menuNo=200013,
2026-05-12T02:05:06.340981+09:00,광화문·덕수궁,광화문·덕수궁,POI009,KEY_2,빛과 어둠의 경계에서,2026-05-02~2026-05-25,세종문화회관 세종S씨어터,126.9760053,37.5726241,,https://culture.seoul.go.kr/cmmn/file/getImage.do?atchFileId=0eeea492c11e4eb7816334e58cfeb6ce&thumb=Y,https://culture.seoul.go.kr/culture/culture/cultureEvent/view.do?cultcode=157335&menuNo=200008,
2026-05-12T02:05:06.340981+09:00,광화문·덕수궁,광화문·덕수궁,POI009,KEY_2,[서울도서관] 2026년 서울야외도서관 (책읽는 서울광장， 광화문 책마당， 책읽는 맑은 냇가),2026-04-23~2026-11-01,서울광장， 광화문 광장， 청계천 일대,126.97769782752,37.5653338689441,N,https://culture.seoul.go.kr/cmmn/file/getImage.do?atchFileId=57da07b01aed40ad984d40559a42ae61&thumb=Y,https://culture.seoul.go.kr/culture/culture/cultureEvent/view.do?cultcode=156879&menuNo=200010,
2026-05-12T02:05:06.340981+09:00,광화문·덕수궁,광화문·덕수궁,POI009,KEY_2,2026 의정부지 역사유적광장 전통무예행사,2026-04-11~2026-10-31,의정부지 역사유적광장,126.977967142855,37.5748036513699,,https://culture.seoul.go.kr/cmmn/file/getImage.do?atchFileId=628a9bae996a407bbfee67752dd508db&thumb=Y,https://culture.seoul.go.kr/culture/culture/cultureEvent/view.do?cultcode=157327&menuNo=200010,
2026-05-12T02:05:06.340981+09:00,광화문·덕수궁,광화문·덕수궁,POI009,KEY_2,2026 아뜰리에 광화 봄 전시 [피어나는 빛],2026-04-11~2026-06-19,세종문화회관 외벽 미디어파사드,126.9760053,37.5726241,,https://culture.seoul.go.kr/cmmn/file/getImage.do?atchFileId=196d7f704d5646a2bb4bb40523a8c4aa&thumb=Y,https://culture.seoul.go.kr/culture/culture/cultureEvent/view.do?cultcode=157432&menuNo=200009,
2026-05-12T02:05:06.340981+09:00,광화문·덕수궁,광화문·덕수궁,POI009,KEY_2,2026 해치마당 미디어월 봄 전시,2026-04-10~2026-06-19,광화문 역 9번출구 진입로 벽면 해치마당 미디어월,126.976787992565,37.5716228232824,,https://culture.seoul.go.kr/cmmn/file/getImage.do?atchFileId=ac862f94f21744ec8092ccc4372c0539&thumb=Y,https://culture.seoul.go.kr/culture/culture/cultureEvent/view.do?cultcode=157787&menuNo=200009,
2026-05-12T02:05:06.340981+09:00,광화문·덕수궁,광화문·덕수궁,POI009,KEY_2,[경복궁] 2026 생과방(상반기),2026-04-08~2026-05-27,경복궁 생과방,126.976842133821,37.5759040910202,,https://culture.seoul.go.kr/cmmn/file/getImage.do?atchFileId=4864144c5a084ea4a1228924afe585e6&thumb=Y,https://culture.seoul.go.kr/culture/culture/cultureEvent/view.do?cultcode=157368&menuNo=200011,
2026-05-12T02:05:06.340981+09:00,광화문·덕수궁,광화문·덕수궁,POI009,KEY_2,[덕수궁] 2026 밤의 석조전(상반기),2026-04-08~2026-05-17,덕수궁 석조전 일원,126.974461639777,37.5677154464989,,https://culture.seoul.go.kr/cmmn/file/getImage.do?atchFileId=cc6179c75f1547b2b72e2a3cca26b6da&thumb=Y,https://culture.seoul.go.kr/culture/culture/cultureEvent/view.do?cultcode=157365&menuNo=200010,
2026-05-12T02:05:06.340981+09:00,광화문·덕수궁,광화문·덕수궁,POI009,KEY_2,2026년 집옥재(팔우정 포함) 작은 도서관 개방,2026-04-01~2026-10-31,경복궁 집옥재·팔우정,126.976842133821,37.5759040910202,,https://culture.seoul.go.kr/cmmn/file/getImage.do?atchFileId=d70525e916b548cda13443c9e10190f3&thumb=Y,https://culture.seoul.go.kr/culture/culture/cultureEvent/view.do?cultcode=157383&menuNo=200011,
2026-05-12T02:05:06.340981+09:00,광화문·덕수궁,광화문·덕수궁,POI009,KEY_2,2026년 경복궁 [경회루·향원정] 특별관람,2026-04-01~2026-10-30,경복궁 경회루·향원정,126.976842133821,37.5759040910202,,https://culture.seoul.go.kr/cmmn/file/getImage.do?atchFileId=37630da9c19349fbac8494e92e5c64d8&thumb=Y,https://culture.seoul.go.kr/culture/culture/cultureEvent/view.do?cultcode=157389&menuNo=200011,
2026-05-12T02:05:06.340981+09:00,광화문·덕수궁,광화문·덕수궁,POI009,KEY_2,기.기.기(奇.己.氣): 동시대와 시행착오,2026-04-01~2026-05-31,일민미술관,126.977657083792,37.5698677620456,,https://culture.seoul.go.kr/cmmn/file/getImage.do?atchFileId=6e05d79e4d0e4358b3eae2df5081eb13&thumb=Y,https://culture.seoul.go.kr/culture/culture/cultureEvent/view.do?cultcode=157256&menuNo=200009,
2026-05-12T02:05:06.340981+09:00,광화문·덕수궁,광화문·덕수궁,POI009,KEY_2,[세종문화회관] 세종예술아카데미 [정승빈 작가] 스테들러와 함께하는 여행드로잉 클래스,2026-03-31~2026-09-15,세종예술아카데미 스퀘어홀,126.9760053,37.5726241,,https://culture.seoul.go.kr/cmmn/file/getImage.do?atchFileId=a0247bcdf4484818baaca748c977391f&thumb=Y,https://culture.seoul.go.kr/culture/culture/cultureEvent/view.do?cultcode=157026&menuNo=200011,
2026-05-12T02:05:06.340981+09:00,광화문·덕수궁,광화문·덕수궁,POI009,KEY_2,[세종문화회관] 세종예술아카데미 [박인홍 작가] 스테들러와 함께하는 여행드로잉 클래스,2026-03-31~2026-08-31,세종예술아카데미 스퀘어홀,126.9760053,37.5726241,,https://culture.seoul.go.kr/cmmn/file/getImage.do?atchFileId=c9b88469d8f0468e960f00b0e5b0785d&thumb=Y,https://culture.seoul.go.kr/culture/culture/cultureEvent/view.do?cultcode=157025&menuNo=200011,
2026-05-12T02:05:06.340981+09:00,광화문·덕수궁,광화문·덕수궁,POI009,KEY_2,[세종문화회관] 세종예술아카데미 [그레이스 발레 (성인 취미 발레)],2026-03-30~2026-06-29,세종문화회관 예술동 4층 종합연습실,126.9760053,37.5726241,,https://culture.seoul.go.kr/cmmn/file/getImage.do?atchFileId=8b685870654e4cd78bf509ea783f7748&thumb=Y,https://culture.seoul.go.kr/culture/culture/cultureEvent/view.do?cultcode=156885&menuNo=200011,.
2026-05-12T02:05:06.340981+09:00,광화문·덕수궁,광화문·덕수궁,POI009,KEY_2,[세종문화회관] 세종예술아카데미 [정연석 작가] 스테들러와 함께하는 여행드로잉 클래스,2026-03-28~2026-09-05,세종예술아카데미 스퀘어홀,126.9760053,37.5726241,,https://culture.seoul.go.kr/cmmn/file/getImage.do?atchFileId=df2237ca7f754d009407bc3321cae86f&thumb=Y,https://culture.seoul.go.kr/culture/culture/cultureEvent/view.do?cultcode=157028&menuNo=200011,
2026-05-12T02:05:06.340981+09:00,광화문·덕수궁,광화문·덕수궁,POI009,KEY_2,[세종문화회관] 세종예술아카데미 [이승익 작가] 스테들러와 함께하는 여행드로잉 클래스,2026-03-28~2026-08-29,세종예술아카데미 스퀘어홀,126.9760053,37.5726241,,https://culture.seoul.go.kr/cmmn/file/getImage.do?atchFileId=09ebfb8dbbcf453e86aadfe529b90ff8&thumb=Y,https://culture.seoul.go.kr/culture/culture/cultureEvent/view.do?cultcode=157027&menuNo=200011,
2026-05-12T02:05:06.340981+09:00,광화문·덕수궁,광화문·덕수궁,POI009,KEY_2,[세종문화회관] 2026 상반기 세종 어린이 발레 아카데미,2026-03-28~2026-06-27,세종문화회관 예술동 4층 종합연습실,126.9760053,37.5726241,,https://culture.seoul.go.kr/cmmn/file/getImage.do?atchFileId=b47ad1471d3d428a9482934f7b03787f&thumb=Y,https://culture.seoul.go.kr/culture/culture/cultureEvent/view.do?cultcode=157104&menuNo=200011,
2026-05-12T02:05:06.340981+09:00,광화문·덕수궁,광화문·덕수궁,POI009,KEY_2,[세종문화회관] 세종예술아카데미 [이야기가 있는 클래식],2026-03-19~2026-05-28,세종문화회관 서클홀,126.9760053,37.5726241,,https://culture.seoul.go.kr/cmmn/file/getImage.do?atchFileId=0373af8e16694df8b923159a02ec0a2a&thumb=Y,https://culture.seoul.go.kr/culture/culture/cultureEvent/view.do?cultcode=156883&menuNo=200011,.
2026-05-12T02:05:06.340981+09:00,광화문·덕수궁,광화문·덕수궁,POI009,KEY_2,[세종문화회관] 세종예술아카데미 [미술사가 이 현의 전시와 함께보는 서양 미술사 - 바로크와 로코코],2026-03-19~2026-05-21,세종문화회관 서클홀,126.9760053,37.5726241,,https://culture.seoul.go.kr/cmmn/file/getImage.do?atchFileId=377ac3cd61d6416baa3b3f43a826b900&thumb=Y,https://culture.seoul.go.kr/culture/culture/cultureEvent/view.do?cultcode=156881&menuNo=200011,.
2026-05-12T02:05:06.340981+09:00,광화문·덕수궁,광화문·덕수궁,POI009,KEY_2,[세종문화회관] 세종예술아카데미 [클래식브런치],2026-03-18~2026-05-20,세종문화회관 서클홀,126.9760053,37.5726241,,https://culture.seoul.go.kr/cmmn/file/getImage.do?atchFileId=43b7fd7ecf2b44d1b7ba2ec25e6cc7a7&thumb=Y,https://culture.seoul.go.kr/culture/culture/cultureEvent/view.do?cultcode=156880&menuNo=200011,.
2026-05-12T02:05:06.340981+09:00,광화문·덕수궁,광화문·덕수궁,POI009,KEY_2,[세종문화회관] 세종예술아카데미 [히든보이스],2026-03-17~2026-06-30,세종문화회관 서클홀,126.9760053,37.5726241,,https://culture.seoul.go.kr/cmmn/file/getImage.do?atchFileId=96b505aa681348d48b661d248108f577&thumb=Y,https://culture.seoul.go.kr/culture/culture/cultureEvent/view.do?cultcode=156809&menuNo=200011,.
2026-05-12T02:05:06.340981+09:00,광화문·덕수궁,광화문·덕수궁,POI009,KEY_2,[세종문화회관] 세종예술아카데미 [2026 상반기 스포츠 in 아트스테이션],2026-03-16~2026-06-26,세종문화회관 오픈스테이지의 탁 트인 마루형 공간,126.9760053,37.5726241,,https://culture.seoul.go.kr/cmmn/file/getImage.do?atchFileId=16cb755c035e4ddc86c7cfbfa3654ca5&thumb=Y,https://culture.seoul.go.kr/culture/culture/cultureEvent/view.do?cultcode=157023&menuNo=200011,
2026-05-12T02:05:06.340981+09:00,광화문·덕수궁,광화문·덕수궁,POI009,KEY_2,[국가유산청 궁능유적본부] 수문장 순라의식,2026-03-01~2026-11-29,(토요일)경복궁 내부 (일요일， 공휴일)인사동 문화의 거리,126.976842133821,37.5759040910202,,https://culture.seoul.go.kr/cmmn/file/getImage.do?atchFileId=923de3d9169e463b9c8098a8e132be38&thumb=Y,https://culture.seoul.go.kr/culture/culture/cultureEvent/view.do?cultcode=156996&menuNo=200013,
2026-05-12T02:05:06.340981+09:00,광화문·덕수궁,광화문·덕수궁,POI009,KEY_2,[서울시] 2026년 서울청년문화패스 신청자 모집,2025-12-22~2026-12-31,온라인 접수,126.97860700965403,37.56672958991572,,https://culture.seoul.go.kr/cmmn/file/getImage.do?atchFileId=24931799627a43ea9e2b4960b00c9c4f&thumb=Y,https://culture.seoul.go.kr/culture/culture/cultureEvent/view.do?cultcode=156277&menuNo=200013,
2026-05-12T02:05:06.340981+09:00,창덕궁·종묘,창덕궁·종묘,POI012,KEY_2,2026년 창경궁 야연(상반기),2026-05-07~2026-05-17,창경궁 문정전 일원,126.993841430623,37.5776239475981,,https://culture.seoul.go.kr/cmmn/file/getImage.do?atchFileId=9e29ccf0743c49d0a4fb2c0ad10ffb9e&thumb=Y,https://culture.seoul.go.kr/culture/culture/cultureEvent/view.do?cultcode=157796&menuNo=200011,
2026-05-12T02:05:06.340981+09:00,창덕궁·종묘,창덕궁·종묘,POI012,KEY_2,2026년 창덕궁 달빛기행(상반기),2026-04-16~2026-05-31,창덕궁,126.989710338876,37.5788697347103,,https://culture.seoul.go.kr/cmmn/file/getImage.do?atchFileId=ff2504aca6df4f19a9a1a3f095c02178&thumb=Y,https://culture.seoul.go.kr/culture/culture/cultureEvent/view.do?cultcode=157394&menuNo=200011,
2026-05-12T02:05:06.340981+09:00,동대문 관광특구,동대문 관광특구,POI002,KEY_1,김영준 x 요시다 유니 기획전 Face to face,2026-05-07~2026-06-07,DDP 이간수문전시장,127.00977973484339,37.56735731522952,,https://culture.seoul.go.kr/cmmn/file/getImage.do?atchFileId=2e699755a39b40619ddea53a22e59ef4&thumb=Y,https://culture.seoul.go.kr/culture/culture/cultureEvent/view.do?cultcode=157672&menuNo=200009,
2026-05-12T02:05:06.340981+09:00,동대문 관광특구,동대문 관광특구,POI002,KEY_1,DDPlay 버스킹 5월 공연 안내,2026-05-01~2026-05-31,DDP 어울림광장， 팔거리,127.00977973484339,37.56735731522952,,https://culture.seoul.go.kr/cmmn/file/getImage.do?atchFileId=06255b5f16c1435a95ddf9214cbe8d86&thumb=Y,https://culture.seoul.go.kr/culture/culture/cultureEvent/view.do?cultcode=157546&menuNo=200008,
2026-05-12T02:05:06.340981+09:00,동대문 관광특구,동대문 관광특구,POI002,KEY_1,Let Dreams Shine! [베베핀 드림랜드],2026-05-01~2026-05-31,동대문디자인플라자 디자인랩1층 DDP쇼룸,127.00977973484339,37.56735731522952,,https://culture.seoul.go.kr/cmmn/file/getImage.do?atchFileId=b578b0a0e4724a718dff9fbd6ca77cbc&thumb=Y,https://culture.seoul.go.kr/culture/culture/cultureEvent/view.do?cultcode=157641&menuNo=200011,
2026-05-12T02:05:06.340981+09:00,동대문 관광특구,동대문 관광특구,POI002,KEY_1,[서울디자인재단] 키크니 특별전 : 그렸고 그런 사이,2026-04-25~2026-09-06,뮤지엄 전시1관,127.00977973484339,37.56735731522952,,https://culture.seoul.go.kr/cmmn/file/getImage.do?atchFileId=5b5e3f16b605439ea83b1ecf8d5ce8b8&thumb=Y,https://culture.seoul.go.kr/culture/culture/cultureEvent/view.do?cultcode=157351&menuNo=200009,
2026-05-12T02:05:06.340981+09:00,동대문 관광특구,동대문 관광특구,POI002,KEY_1,[중구문화재단] 뮤지컬 [스윙 데이즈_암호명 A],2026-04-16~2026-07-05,충무아트센터 대극장,127.014790889728,37.5659409687669,,https://culture.seoul.go.kr/cmmn/file/getImage.do?atchFileId=862c9a38b3b146358637293a4f2c8d30&thumb=Y,https://culture.seoul.go.kr/culture/culture/cultureEvent/view.do?cultcode=156673&menuNo=200008,
2026-05-12T02:05:06.340981+09:00,동대문 관광특구,동대문 관광특구,POI002,KEY_1,[서울시립미술관×중구문화재단] 협력전시 [SeMA Collection: 청록미로],2026-04-15~2026-05-17,충무아트센터 갤러리 G1,127.014790889728,37.5659409687669,,https://culture.seoul.go.kr/cmmn/file/getImage.do?atchFileId=cfa4043b588541618a1c45763ada3e23&thumb=Y,https://culture.seoul.go.kr/culture/culture/cultureEvent/view.do?cultcode=157621&menuNo=200009,
2026-05-12T02:05:06.340981+09:00,동대문 관광특구,동대문 관광특구,POI002,KEY_1,이상한 K-뷰티 : 엄마의 서랍장,2026-04-10~2026-06-10,DDP 마켓 B2F 비더비 다운타운,127.00977973484339,37.56735731522952,,https://culture.seoul.go.kr/cmmn/file/getImage.do?atchFileId=e187f20c0b5d4e7ebcbff38d8f60b63e&thumb=Y,https://culture.seoul.go.kr/culture/culture/cultureEvent/view.do?cultcode=157606&menuNo=200009,
2026-05-12T02:05:06.340981+09:00,동대문 관광특구,동대문 관광특구,POI002,KEY_1,[서울디자인재단] DDP 루프탑 투어_2026,2026-03-21~2026-05-31,DDP 뮤지엄 1층(M3 출입문) 투어 데스크 (시작장소),127.00977973484339,37.56735731522952,,https://culture.seoul.go.kr/cmmn/file/getImage.do?atchFileId=973b28af071b405ea7f6eb7ab715abaa&thumb=Y,https://culture.seoul.go.kr/culture/culture/cultureEvent/view.do?cultcode=157428&menuNo=200011,
2026-05-12T02:05:06.340981+09:00,동대문 관광특구,동대문 관광특구,POI002,KEY_1,BtheB 뷰티기획전 [Beauty For All],2026-02-28~2026-06-07,DDP 지하2층 DDP마켓 비더비,127.00977973484339,37.56735731522952,,https://culture.seoul.go.kr/cmmn/file/getImage.do?atchFileId=5209bf1d22f345568a88cce60bbc8688&thumb=Y,https://culture.seoul.go.kr/culture/culture/cultureEvent/view.do?cultcode=156852&menuNo=200009,
2026-05-12T02:05:06.340981+09:00,동대문 관광특구,동대문 관광특구,POI002,KEY_1,[중구문화재단] 뮤지컬 [홍련],2026-02-28~2026-05-17,충무아트센터 중극장 블랙,127.014790889728,37.5659409687669,,https://culture.seoul.go.kr/cmmn/file/getImage.do?atchFileId=e86257233f3b4d50bf436983435399eb&thumb=Y,https://culture.seoul.go.kr/culture/culture/cultureEvent/view.do?cultcode=156539&menuNo=200008,
2026-05-12T02:05:06.340981+09:00,동대문 관광특구,동대문 관광특구,POI002,KEY_1,[DDP] Dream in Light,2026-01-09~2026-12-31,DDP 전면， 유구전시장 앞， 미래로 상부,127.00977973484339,37.56735731522952,,https://culture.seoul.go.kr/cmmn/file/getImage.do?atchFileId=bfa59aa56eed4af8b441d88bad873037&thumb=Y,https://culture.seoul.go.kr/culture/culture/cultureEvent/view.do?cultcode=156491&menuNo=200009,
2026-05-12T02:05:06.340981+09:00,동대문 관광특구,동대문 관광특구,POI002,KEY_1,[서울디자인재단] DDP 건축투어,2026-01-02~2026-12-31,DDP 뮤지엄 1층 투어데스크,127.00977973484339,37.56735731522952,N,https://culture.seoul.go.kr/cmmn/file/getImage.do?atchFileId=47da849abe944ec9b7dedaf1ab283714&thumb=Y,https://culture.seoul.go.kr/culture/culture/cultureEvent/view.do?cultcode=156552&menuNo=200009,
2026-05-12T02:05:06.340981+09:00,명동 관광특구,명동 관광특구,POI003,KEY_2,[서울도서관] 2026년 서울야외도서관 (책읽는 서울광장， 광화문 책마당， 책읽는 맑은 냇가),2026-04-23~2026-11-01,서울광장， 광화문 광장， 청계천 일대,126.97769782752,37.5653338689441,N,https://culture.seoul.go.kr/cmmn/file/getImage.do?atchFileId=57da07b01aed40ad984d40559a42ae61&thumb=Y,https://culture.seoul.go.kr/culture/culture/cultureEvent/view.do?cultcode=156879&menuNo=200010,
2026-05-12T02:05:06.340981+09:00,명동 관광특구,명동 관광특구,POI003,KEY_2,2026 해치마당 미디어월 봄 전시,2026-04-10~2026-06-19,광화문 역 9번출구 진입로 벽면 해치마당 미디어월,126.976787992565,37.5716228232824,,https://culture.seoul.go.kr/cmmn/file/getImage.do?atchFileId=ac862f94f21744ec8092ccc4372c0539&thumb=Y,https://culture.seoul.go.kr/culture/culture/cultureEvent/view.do?cultcode=157787&menuNo=200009,
2026-05-12T02:05:06.340981+09:00,명동 관광특구,명동 관광특구,POI003,KEY_2,[서울시] 2026년 서울청년문화패스 신청자 모집,2025-12-22~2026-12-31,온라인 접수,126.97860700965403,37.56672958991572,,https://culture.seoul.go.kr/cmmn/file/getImage.do?atchFileId=24931799627a43ea9e2b4960b00c9c4f&thumb=Y,https://culture.seoul.go.kr/culture/culture/cultureEvent/view.do?cultcode=156277&menuNo=200013,
2026-05-12T02:05:06.340981+09:00,잠실 관광특구,잠실 관광특구,POI005,KEY_1,[한성백제박물관] 2026년 상반기 성인 대상 [서울 고대유적 탐방],2026-04-28~2026-06-11,한성백제박물관， 몽촌토성， 풍납동토성， 석촌동고분군 일대,127.12088940368128,37.51543881335773,,https://culture.seoul.go.kr/cmmn/file/getImage.do?atchFileId=3d89263b5e85481c894204ef7a05d20e&thumb=Y,https://culture.seoul.go.kr/culture/culture/cultureEvent/view.do?cultcode=157084&menuNo=200011,
2026-05-12T02:05:06.340981+09:00,잠실 관광특구,잠실 관광특구,POI005,KEY_1,올림픽 조각체험 프로젝트#2 [조각이 꿈+틀],2026-04-17~2026-09-06,소마미술관,127.118166964751,37.516920655117,,https://culture.seoul.go.kr/cmmn/file/getImage.do?atchFileId=6825663978de46c192543240dfbb2185&thumb=Y,https://culture.seoul.go.kr/culture/culture/cultureEvent/view.do?cultcode=157318&menuNo=200009,
2026-05-12T02:05:06.340981+09:00,잠실 관광특구,잠실 관광특구,POI005,KEY_1,[소마미술관] 그림책이 살아있다!,2026-04-17~2026-09-06,소마미술관 2관 기획전시실,127.118166964751,37.516920655117,,https://culture.seoul.go.kr/cmmn/file/getImage.do?atchFileId=cf267080189e4a3eadeeb6c5e8b0ade7&thumb=Y,https://culture.seoul.go.kr/culture/culture/cultureEvent/view.do?cultcode=157116&menuNo=200009,
2026-05-12T02:05:06.340981+09:00,잠실 관광특구,잠실 관광특구,POI005,KEY_1,[소마미술관] 조각이 꿈+틀 [올림픽조각체험프로젝트#02] 상설전,2026-04-17~2026-09-06,소마미술관 2관 상설전시실,127.118166964751,37.516920655117,,https://culture.seoul.go.kr/cmmn/file/getImage.do?atchFileId=c4ac3bd4533342b993b5ccfd5d42086c&thumb=Y,https://culture.seoul.go.kr/culture/culture/cultureEvent/view.do?cultcode=157117&menuNo=200009,
2026-05-12T02:05:06.340981+09:00,잠실 관광특구,잠실 관광특구,POI005,KEY_1,이승택 개인전 [조각의 바깥에서],2026-04-10~2026-07-26,소마미술관,127.118166964751,37.516920655117,,https://culture.seoul.go.kr/cmmn/file/getImage.do?atchFileId=fa83edf506b643e2bec777cac69729ce&thumb=Y,https://culture.seoul.go.kr/culture/culture/cultureEvent/view.do?cultcode=157317&menuNo=200009,
2026-05-12T02:05:06.340981+09:00,잠실 관광특구,잠실 관광특구,POI005,KEY_1,[한성백제박물관] 2026년 상반기 문화다양성 교육 [백제와 함께하는 이웃나라들],2026-03-31~2026-06-30,대면) 박물관 교육실/ (비대면) 각 학급 교실,127.12088940368128,37.51543881335773,,https://culture.seoul.go.kr/cmmn/file/getImage.do?atchFileId=79379b0c10fc462fb325ecdb455dd3db&thumb=Y,https://culture.seoul.go.kr/culture/culture/cultureEvent/view.do?cultcode=157232&menuNo=200011,
2026-05-12T02:05:06.340981+09:00,잠실 관광특구,잠실 관광특구,POI005,KEY_1,[한성백제박물관] 2026 상반기 초등단체 비대면 교육 [서울 쏙! 백제 콕!],2026-03-26~2026-07-03,각 학급 교실(비대면 원격 교육),127.12088940368128,37.51543881335773,,https://culture.seoul.go.kr/cmmn/file/getImage.do?atchFileId=fb761ebe217849eaa4f63b1b0f6ac759&thumb=Y,https://culture.seoul.go.kr/culture/culture/cultureEvent/view.do?cultcode=156907&menuNo=200011,
2026-05-12T02:05:06.340981+09:00,잠실 관광특구,잠실 관광특구,POI005,KEY_1,[한성백제박물관] 2026 상반기 초등단체 대면 교육 [서울 쏙! 백제 콕!],2026-03-26~2026-07-03,한성백제박물관 교육실,127.12088940368128,37.51543881335773,,https://culture.seoul.go.kr/cmmn/file/getImage.do?atchFileId=f3b484610b65420297a3ae47001c6120&thumb=Y,https://culture.seoul.go.kr/culture/culture/cultureEvent/view.do?cultcode=156906&menuNo=200011,
2026-05-12T02:05:06.340981+09:00,잠실 관광특구,잠실 관광특구,POI005,KEY_1,[한성백제박물관] 초등 4~6학년 단체 대면 교육 [한강삼국지: 삼국의 한강 쟁탈전],2026-03-24~2026-07-01,한성백제박물관 교육실,127.12088940368128,37.51543881335773,,https://culture.seoul.go.kr/cmmn/file/getImage.do?atchFileId=0183d0f0f64d43dea7f2f1f5a5823734&thumb=Y,https://culture.seoul.go.kr/culture/culture/cultureEvent/view.do?cultcode=156755&menuNo=200011,
2026-05-12T02:05:06.340981+09:00,잠실 관광특구,잠실 관광특구,POI005,KEY_1,[한성백제박물관] 초등 4~6학년 학급 비대면 교육 [한강삼국지: 삼국의 한강 쟁탈전],2026-03-24~2026-07-01,신청 학급 교실,127.12088940368128,37.51543881335773,,https://culture.seoul.go.kr/cmmn/file/getImage.do?atchFileId=ee2f38002896461d88e55f36df203dfc&thumb=Y,https://culture.seoul.go.kr/culture/culture/cultureEvent/view.do?cultcode=156754&menuNo=200011,
2026-05-12T02:05:06.340981+09:00,잠실 관광특구,잠실 관광특구,POI005,KEY_1,홍범·김주환 2인전 [틈을 걷다],2026-03-24~2026-05-24,더 갤러리 호수,127.107617545434,37.512296516856,,https://culture.seoul.go.kr/cmmn/file/getImage.do?atchFileId=3e31e677b15e459ca780d07a735a163d&thumb=Y,https://culture.seoul.go.kr/culture/culture/cultureEvent/view.do?cultcode=157251&menuNo=200009,
2026-05-12T02:05:06.340981+09:00,잠실 관광특구,잠실 관광특구,POI005,KEY_1,[서울백제어린이박물관] 유단체 대상 [서울역사생태탐험대1] 봄,2026-03-19~2026-05-21,서울백제어린이박물관(교육실， 전시실)， 야외생태체험장， 전시실 등,127.124412,37.523991,,https://culture.seoul.go.kr/cmmn/file/getImage.do?atchFileId=7504518b70b54ac7b5c8367519f44947&thumb=Y,https://culture.seoul.go.kr/culture/culture/cultureEvent/view.do?cultcode=156747&menuNo=200011,
2026-05-12T02:05:06.340981+09:00,잠실 관광특구,잠실 관광특구,POI005,KEY_1,[한성백제박물관] 2026년 상반기 주말가족교육 [문화유산 보존 연구소],2026-03-14~2026-07-04,한성백제박물관 교육실,127.12088940368128,37.51543881335773,,https://culture.seoul.go.kr/cmmn/file/getImage.do?atchFileId=69fec744c82446619d58e8ce8cb6baab&thumb=Y,https://culture.seoul.go.kr/culture/culture/cultureEvent/view.do?cultcode=156850&menuNo=200011,
2026-05-12T02:05:06.340981+09:00,잠실 관광특구,잠실 관광특구,POI005,KEY_1,[한성백제박물관] 2026년 상반기 주말가족탐방 [몽촌토성 탐방],2026-03-14~2026-05-30,몽촌토성， 박물관 교육실,127.12088940368128,37.51543881335773,,https://culture.seoul.go.kr/cmmn/file/getImage.do?atchFileId=31a20aade65d41b882a74ff2a6424ee7&thumb=Y,https://culture.seoul.go.kr/culture/culture/cultureEvent/view.do?cultcode=156851&menuNo=200011,
2026-05-12T02:05:06.340981+09:00,종로·청계 관광특구,종로·청계 관광특구,POI006,KEY_2,2026 해치마당 미디어월 봄 전시,2026-04-10~2026-06-19,광화문 역 9번출구 진입로 벽면 해치마당 미디어월,126.976787992565,37.5716228232824,,https://culture.seoul.go.kr/cmmn/file/getImage.do?atchFileId=ac862f94f21744ec8092ccc4372c0539&thumb=Y,https://culture.seoul.go.kr/culture/culture/cultureEvent/view.do?cultcode=157787&menuNo=200009,
2026-05-12T02:05:06.340981+09:00,종로·청계 관광특구,종로·청계 관광특구,POI006,KEY_2,기.기.기(奇.己.氣): 동시대와 시행착오,2026-04-01~2026-05-31,일민미술관,126.977657083792,37.5698677620456,,https://culture.seoul.go.kr/cmmn/file/getImage.do?atchFileId=6e05d79e4d0e4358b3eae2df5081eb13&thumb=Y,https://culture.seoul.go.kr/culture/culture/cultureEvent/view.do?cultcode=157256&menuNo=200009,
2026-05-12T02:05:06.340981+09:00,고척돔,고척돔,POI086,KEY_2,[서울아트책보고] 처음 만나는 미술사 - 이소영 미술 교육인ㆍ미술 에세이스트,2026-05-02~2026-05-16,서울아트책보고 워크숍룸,126.867088741096,37.4982125677913,,https://culture.seoul.go.kr/cmmn/file/getImage.do?atchFileId=f47a521600bd4c239ce177fe47f7d1e8&thumb=Y,https://culture.seoul.go.kr/culture/culture/cultureEvent/view.do?cultcode=157567&menuNo=200011,
2026-05-12T02:05:06.340981+09:00,고척돔,고척돔,POI086,KEY_2,[서울아트책보고] 나와 타인을 알아가는 글쓰기,2026-04-08~2026-05-13,서울아트책보고,126.867088741096,37.4982125677913,N,https://culture.seoul.go.kr/cmmn/file/getImage.do?atchFileId=934cbbeed0e94753b2ddef8f32fddfe6&thumb=Y,https://culture.seoul.go.kr/culture/culture/cultureEvent/view.do?cultcode=156877&menuNo=200011,
2026-05-12T02:05:06.340981+09:00,고척돔,고척돔,POI086,KEY_2,[서울아트책보고] 처음 만나는 세계,2026-03-10~2026-05-31,서울아트책보고 북카페 앤 라운지,126.867088741096,37.4982125677913,,https://culture.seoul.go.kr/cmmn/file/getImage.do?atchFileId=57c7dae9273d4eaeb82db962852b352e&thumb=Y,https://culture.seoul.go.kr/culture/culture/cultureEvent/view.do?cultcode=156892&menuNo=200009,
2026-05-12T02:05:06.340981+09:00,광화문광장,광화문광장,POI088,KEY_1,2026년 경복궁 [경회루·향원정] 특별관람,2026-04-01~2026-10-30,경복궁 경회루·향원정,126.976842133821,37.5759040910202,,https://culture.seoul.go.kr/cmmn/file/getImage.do?atchFileId=37630da9c19349fbac8494e92e5c64d8&thumb=Y,https://culture.seoul.go.kr/culture/culture/cultureEvent/view.do?cultcode=157389&menuNo=200011,
2026-05-12T02:05:06.340981+09:00,광화문광장,광화문광장,POI088,KEY_1,빛과 어둠의 경계에서,2026-05-02~2026-05-25,세종문화회관 세종S씨어터,126.9760053,37.5726241,,https://culture.seoul.go.kr/cmmn/file/getImage.do?atchFileId=0eeea492c11e4eb7816334e58cfeb6ce&thumb=Y,https://culture.seoul.go.kr/culture/culture/cultureEvent/view.do?cultcode=157335&menuNo=200008,
2026-05-12T02:05:06.340981+09:00,광화문광장,광화문광장,POI088,KEY_1,2026 의정부지 역사유적광장 전통무예행사,2026-04-11~2026-10-31,의정부지 역사유적광장,126.977967142855,37.5748036513699,,https://culture.seoul.go.kr/cmmn/file/getImage.do?atchFileId=628a9bae996a407bbfee67752dd508db&thumb=Y,https://culture.seoul.go.kr/culture/culture/cultureEvent/view.do?cultcode=157327&menuNo=200010,
2026-05-12T02:05:06.340981+09:00,광화문광장,광화문광장,POI088,KEY_1,2026 아뜰리에 광화 봄 전시 [피어나는 빛],2026-04-11~2026-06-19,세종문화회관 외벽 미디어파사드,126.9760053,37.5726241,,https://culture.seoul.go.kr/cmmn/file/getImage.do?atchFileId=196d7f704d5646a2bb4bb40523a8c4aa&thumb=Y,https://culture.seoul.go.kr/culture/culture/cultureEvent/view.do?cultcode=157432&menuNo=200009,
2026-05-12T02:05:06.340981+09:00,광화문광장,광화문광장,POI088,KEY_1,2026 해치마당 미디어월 봄 전시,2026-04-10~2026-06-19,광화문 역 9번출구 진입로 벽면 해치마당 미디어월,126.976787992565,37.5716228232824,,https://culture.seoul.go.kr/cmmn/file/getImage.do?atchFileId=ac862f94f21744ec8092ccc4372c0539&thumb=Y,https://culture.seoul.go.kr/culture/culture/cultureEvent/view.do?cultcode=157787&menuNo=200009,
2026-05-12T02:05:06.340981+09:00,광화문광장,광화문광장,POI088,KEY_1,[경복궁] 2026 생과방(상반기),2026-04-08~2026-05-27,경복궁 생과방,126.976842133821,37.5759040910202,,https://culture.seoul.go.kr/cmmn/file/getImage.do?atchFileId=4864144c5a084ea4a1228924afe585e6&thumb=Y,https://culture.seoul.go.kr/culture/culture/cultureEvent/view.do?cultcode=157368&menuNo=200011,
2026-05-12T02:05:06.340981+09:00,광화문광장,광화문광장,POI088,KEY_1,2026년 집옥재(팔우정 포함) 작은 도서관 개방,2026-04-01~2026-10-31,경복궁 집옥재·팔우정,126.976842133821,37.5759040910202,,https://culture.seoul.go.kr/cmmn/file/getImage.do?atchFileId=d70525e916b548cda13443c9e10190f3&thumb=Y,https://culture.seoul.go.kr/culture/culture/cultureEvent/view.do?cultcode=157383&menuNo=200011,
2026-05-12T02:05:06.340981+09:00,광화문광장,광화문광장,POI088,KEY_1,[세종문화회관] 세종예술아카데미 [정승빈 작가] 스테들러와 함께하는 여행드로잉 클래스,2026-03-31~2026-09-15,세종예술아카데미 스퀘어홀,126.9760053,37.5726241,,https://culture.seoul.go.kr/cmmn/file/getImage.do?atchFileId=a0247bcdf4484818baaca748c977391f&thumb=Y,https://culture.seoul.go.kr/culture/culture/cultureEvent/view.do?cultcode=157026&menuNo=200011,
2026-05-12T02:05:06.340981+09:00,광화문광장,광화문광장,POI088,KEY_1,[세종문화회관] 세종예술아카데미 [박인홍 작가] 스테들러와 함께하는 여행드로잉 클래스,2026-03-31~2026-08-31,세종예술아카데미 스퀘어홀,126.9760053,37.5726241,,https://culture.seoul.go.kr/cmmn/file/getImage.do?atchFileId=c9b88469d8f0468e960f00b0e5b0785d&thumb=Y,https://culture.seoul.go.kr/culture/culture/cultureEvent/view.do?cultcode=157025&menuNo=200011,
2026-05-12T02:05:06.340981+09:00,광화문광장,광화문광장,POI088,KEY_1,[세종문화회관] 세종예술아카데미 [그레이스 발레 (성인 취미 발레)],2026-03-30~2026-06-29,세종문화회관 예술동 4층 종합연습실,126.9760053,37.5726241,,https://culture.seoul.go.kr/cmmn/file/getImage.do?atchFileId=8b685870654e4cd78bf509ea783f7748&thumb=Y,https://culture.seoul.go.kr/culture/culture/cultureEvent/view.do?cultcode=156885&menuNo=200011,.
2026-05-12T02:05:06.340981+09:00,광화문광장,광화문광장,POI088,KEY_1,[세종문화회관] 세종예술아카데미 [정연석 작가] 스테들러와 함께하는 여행드로잉 클래스,2026-03-28~2026-09-05,세종예술아카데미 스퀘어홀,126.9760053,37.5726241,,https://culture.seoul.go.kr/cmmn/file/getImage.do?atchFileId=df2237ca7f754d009407bc3321cae86f&thumb=Y,https://culture.seoul.go.kr/culture/culture/cultureEvent/view.do?cultcode=157028&menuNo=200011,
2026-05-12T02:05:06.340981+09:00,광화문광장,광화문광장,POI088,KEY_1,[세종문화회관] 세종예술아카데미 [이승익 작가] 스테들러와 함께하는 여행드로잉 클래스,2026-03-28~2026-08-29,세종예술아카데미 스퀘어홀,126.9760053,37.5726241,,https://culture.seoul.go.kr/cmmn/file/getImage.do?atchFileId=09ebfb8dbbcf453e86aadfe529b90ff8&thumb=Y,https://culture.seoul.go.kr/culture/culture/cultureEvent/view.do?cultcode=157027&menuNo=200011,
2026-05-12T02:05:06.340981+09:00,광화문광장,광화문광장,POI088,KEY_1,[세종문화회관] 2026 상반기 세종 어린이 발레 아카데미,2026-03-28~2026-06-27,세종문화회관 예술동 4층 종합연습실,126.9760053,37.5726241,,https://culture.seoul.go.kr/cmmn/file/getImage.do?atchFileId=b47ad1471d3d428a9482934f7b03787f&thumb=Y,https://culture.seoul.go.kr/culture/culture/cultureEvent/view.do?cultcode=157104&menuNo=200011,
2026-05-12T02:05:06.340981+09:00,광화문광장,광화문광장,POI088,KEY_1,[세종문화회관] 세종예술아카데미 [이야기가 있는 클래식],2026-03-19~2026-05-28,세종문화회관 서클홀,126.9760053,37.5726241,,https://culture.seoul.go.kr/cmmn/file/getImage.do?atchFileId=0373af8e16694df8b923159a02ec0a2a&thumb=Y,https://culture.seoul.go.kr/culture/culture/cultureEvent/view.do?cultcode=156883&menuNo=200011,.
2026-05-12T02:05:06.340981+09:00,광화문광장,광화문광장,POI088,KEY_1,[세종문화회관] 세종예술아카데미 [미술사가 이 현의 전시와 함께보는 서양 미술사 - 바로크와 로코코],2026-03-19~2026-05-21,세종문화회관 서클홀,126.9760053,37.5726241,,https://culture.seoul.go.kr/cmmn/file/getImage.do?atchFileId=377ac3cd61d6416baa3b3f43a826b900&thumb=Y,https://culture.seoul.go.kr/culture/culture/cultureEvent/view.do?cultcode=156881&menuNo=200011,.
2026-05-12T02:05:06.340981+09:00,광화문광장,광화문광장,POI088,KEY_1,[세종문화회관] 세종예술아카데미 [클래식브런치],2026-03-18~2026-05-20,세종문화회관 서클홀,126.9760053,37.5726241,,https://culture.seoul.go.kr/cmmn/file/getImage.do?atchFileId=43b7fd7ecf2b44d1b7ba2ec25e6cc7a7&thumb=Y,https://culture.seoul.go.kr/culture/culture/cultureEvent/view.do?cultcode=156880&menuNo=200011,.
2026-05-12T02:05:06.340981+09:00,광화문광장,광화문광장,POI088,KEY_1,[세종문화회관] 세종예술아카데미 [히든보이스],2026-03-17~2026-06-30,세종문화회관 서클홀,126.9760053,37.5726241,,https://culture.seoul.go.kr/cmmn/file/getImage.do?atchFileId=96b505aa681348d48b661d248108f577&thumb=Y,https://culture.seoul.go.kr/culture/culture/cultureEvent/view.do?cultcode=156809&menuNo=200011,.
2026-05-12T02:05:06.340981+09:00,광화문광장,광화문광장,POI088,KEY_1,[세종문화회관] 세종예술아카데미 [2026 상반기 스포츠 in 아트스테이션],2026-03-16~2026-06-26,세종문화회관 오픈스테이지의 탁 트인 마루형 공간,126.9760053,37.5726241,,https://culture.seoul.go.kr/cmmn/file/getImage.do?atchFileId=16cb755c035e4ddc86c7cfbfa3654ca5&thumb=Y,https://culture.seoul.go.kr/culture/culture/cultureEvent/view.do?cultcode=157023&menuNo=200011,
2026-05-12T02:05:06.340981+09:00,광화문광장,광화문광장,POI088,KEY_1,[국가유산청 궁능유적본부] 수문장 순라의식,2026-03-01~2026-11-29,(토요일)경복궁 내부 (일요일， 공휴일)인사동 문화의 거리,126.976842133821,37.5759040910202,,https://culture.seoul.go.kr/cmmn/file/getImage.do?atchFileId=923de3d9169e463b9c8098a8e132be38&thumb=Y,https://culture.seoul.go.kr/culture/culture/cultureEvent/view.do?cultcode=156996&menuNo=200013,
2026-05-12T02:05:06.340981+09:00,국립중앙박물관·용산가족공원,국립중앙박물관·용산가족공원,POI089,KEY_2,[국립중앙박물관] 이슬람 미술， 찬란한 빛의 여정,2025-11-22~2026-10-11,국립중앙박물관 상설전시관 이슬람실,126.98020301648833,37.52385582212769,,https://culture.seoul.go.kr/cmmn/file/getImage.do?atchFileId=69db1f87ea6447c6a1fe901e146ce2e1&thumb=Y,https://culture.seoul.go.kr/culture/culture/cultureEvent/view.do?cultcode=156371&menuNo=200009,
2026-05-12T02:05:06.340981+09:00,국립중앙박물관·용산가족공원,국립중앙박물관·용산가족공원,POI089,KEY_2,[국립중앙박물관] 보존과학， 새로운 시작 함께하는 미래,2025-10-28~2026-06-30,국립중앙박물관 보존과학센터 1층,126.98020301648833,37.52385582212769,,https://culture.seoul.go.kr/cmmn/file/getImage.do?atchFileId=649b5716289a4bf2a97dcc27a7962d0c&thumb=Y,https://culture.seoul.go.kr/culture/culture/cultureEvent/view.do?cultcode=156376&menuNo=200009,
2026-05-12T02:05:06.340981+09:00,국립중앙박물관·용산가족공원,국립중앙박물관·용산가족공원,POI089,KEY_2,[국립중앙박물관] 각角진 백자 이야기,2025-08-26~2026-06-21,국립중앙박물관 상설전시관 3층,126.98020301648833,37.52385582212769,,https://culture.seoul.go.kr/cmmn/file/getImage.do?atchFileId=e522fa75398e4832b8862dd5a66863a7&thumb=Y,https://culture.seoul.go.kr/culture/culture/cultureEvent/view.do?cultcode=156377&menuNo=200009,
2026-05-12T02:05:06.340981+09:00,남산공원,남산공원,POI091,KEY_1,2026 서울시 태권도 공연,2026-05-09~2026-10-18,남산골한옥마을， DDP(동대문디자인플라자) 등,126.994440072131,37.559304933707146,,https://culture.seoul.go.kr/cmmn/file/getImage.do?atchFileId=292cefda02074a1bba028aea65b48755&thumb=Y,https://culture.seoul.go.kr/culture/culture/cultureEvent/view.do?cultcode=157783&menuNo=200013,
2026-05-12T02:05:06.340981+09:00,남산공원,남산공원,POI091,KEY_1,[남산골한옥마을] 2026 남산골 전통체험 [예술가의 시간],2026-04-03~2026-10-25,남산골한옥마을 전통가옥 프로그램별 상이,126.994440072131,37.559304933707146,,https://culture.seoul.go.kr/cmmn/file/getImage.do?atchFileId=65cd91f8db7b435e96bed67b434bcb84&thumb=Y,https://culture.seoul.go.kr/culture/culture/cultureEvent/view.do?cultcode=157090&menuNo=200011,
2026-05-12T02:05:06.340981+09:00,남산공원,남산공원,POI091,KEY_1,[남산골한옥마을] 남산골 전통혼례,2026-03-28~2026-11-15,관훈동 민씨가옥 안채 마당 (야외 혼례),126.994440072131,37.559304933707146,,https://culture.seoul.go.kr/cmmn/file/getImage.do?atchFileId=33830aa756d2463ab6ae27c45a425b0e&thumb=Y,https://culture.seoul.go.kr/culture/culture/cultureEvent/view.do?cultcode=156333&menuNo=200010,
2026-05-12T02:05:06.340981+09:00,남산공원,남산공원,POI091,KEY_1,2026 국립극장 어린이 예술학교 유아반 (1학기),2026-03-14~2026-05-23,국립극장 뜰아래연습장 B2 다목적교육실,126.999267349473,37.5519949082942,,https://culture.seoul.go.kr/cmmn/file/getImage.do?atchFileId=4d36afd4ac204d67bade0bd7b035e70a&thumb=Y,https://culture.seoul.go.kr/culture/culture/cultureEvent/view.do?cultcode=156884&menuNo=200011,
2026-05-12T02:05:06.340981+09:00,노들섬,노들섬,POI092,KEY_2,2026 서울거리공연 구석구석라이브,2026-05-01~2026-12-31,공연별 상이,126.958036465507,37.5176638307111,,https://culture.seoul.go.kr/cmmn/file/getImage.do?atchFileId=edccc8857cfe4ac1886089adadae554e&thumb=Y,https://culture.seoul.go.kr/culture/culture/cultureEvent/view.do?cultcode=157655&menuNo=200008,
2026-05-12T02:05:06.340981+09:00,노들섬,노들섬,POI092,KEY_2,[서울문화재단] 2026 신당창작아케이드 [어쩌다 마주친 공예 in 노들섬],2026-03-27~2026-12-31,노들섬 노들서가 내 아트스페이스 엣지 1층 (서울특별시 용산구 양녕로 445),126.958036465507,37.5176638307111,,https://culture.seoul.go.kr/cmmn/file/getImage.do?atchFileId=a8c296336d0f4398b55de07ad93424af&thumb=Y,https://culture.seoul.go.kr/culture/culture/cultureEvent/view.do?cultcode=157363&menuNo=200009,
2026-05-12T02:05:06.340981+09:00,서울숲공원,서울숲공원,POI101,KEY_2,2026 서로장터,2026-04-26~2026-11-01,서울광장， 서울숲， 양재시민의 숲， 잠수교,127.041799099222,37.5430701468405,N,https://culture.seoul.go.kr/cmmn/file/getImage.do?atchFileId=b5b274e789f84a8da67e6c2ec3815326&thumb=Y,https://culture.seoul.go.kr/culture/culture/cultureEvent/view.do?cultcode=157478&menuNo=200010,
2026-05-12T02:05:06.340981+09:00,서울숲공원,서울숲공원,POI101,KEY_2,2026 서울국제정원박람회,2026-05-01~2026-10-27,서울숲 일대,127.041799099222,37.5430701468405,,https://culture.seoul.go.kr/cmmn/file/getImage.do?atchFileId=94950c28bee44177bf2bff226fec0dc4&thumb=Y,https://culture.seoul.go.kr/culture/culture/cultureEvent/view.do?cultcode=156916&menuNo=200010,
2026-05-12T02:05:06.340981+09:00,송현녹지광장,송현녹지광장,POI129,KEY_3,[서울공예박물관] 공예협력전시 [안동별궁， 시간의 겹],2026-04-28~2027-08-29,서울공예박물관 전시1동 3층 기획전시실,126.983533363501,37.5766481740232,N,https://culture.seoul.go.kr/cmmn/file/getImage.do?atchFileId=a1622fcb6e024123ac90f40cdc8e32fd&thumb=Y,https://culture.seoul.go.kr/culture/culture/cultureEvent/view.do?cultcode=157420&menuNo=200009,
2026-05-12T02:05:06.340981+09:00,송현녹지광장,송현녹지광장,POI129,KEY_3,[서울공예박물관] 한불수교 140주년 기념전시 [더 하이브리드],2026-04-28~2026-07-26,서울공예박물관 전시1동 3층 기획전시실,126.983533363501,37.5766481740232,N,https://culture.seoul.go.kr/cmmn/file/getImage.do?atchFileId=aaaf677cdfac468db6f5c9e13fd397ad&thumb=Y,https://culture.seoul.go.kr/culture/culture/cultureEvent/view.do?cultcode=157211&menuNo=200009,
2026-05-12T02:05:06.340981+09:00,송현녹지광장,송현녹지광장,POI129,KEY_3,[서울공예박물관] 공예동행@쇼윈도 #2. 빛의 흐름 The Flow of Light,2026-04-08~2026-05-31,전시3동 1층 쇼윈도 갤러리,126.983533363501,37.5766481740232,,https://culture.seoul.go.kr/cmmn/file/getImage.do?atchFileId=d813307c6065486caf69b2ad498a0e61&thumb=Y,https://culture.seoul.go.kr/culture/culture/cultureEvent/view.do?cultcode=157354&menuNo=200009,
2026-05-12T02:05:06.340981+09:00,송현녹지광장,송현녹지광장,POI129,KEY_3,스펙트로신테시스 서울 Spectrosynthesis Seoul,2026-03-20~2026-06-28,아트선재센터,126.981839239613,37.5794635323506,,https://culture.seoul.go.kr/cmmn/file/getImage.do?atchFileId=1bbb87d0d71243b996db22604e96a261&thumb=Y,https://culture.seoul.go.kr/culture/culture/cultureEvent/view.do?cultcode=157262&menuNo=200009,
2026-05-12T02:05:06.340981+09:00,어린이대공원,어린이대공원,POI104,KEY_1,[서울상상나라] 2F 기획전시 [사랑하는 모양이야],2025-11-15~2026-11-15,2층 서울형 키즈카페 시립 서울상상나라점,127.077569,37.55055,,https://culture.seoul.go.kr/cmmn/file/getImage.do?atchFileId=49257064be8745158d56780a881325da&thumb=Y,https://culture.seoul.go.kr/culture/culture/cultureEvent/view.do?cultcode=156165&menuNo=200009,
2026-05-12T02:05:06.340981+09:00,어린이대공원,어린이대공원,POI104,KEY_1,[서울상상나라] 통-하다,2025-11-11~2026-11-11,서울상상나라 1층 상설전시실,127.077569,37.55055,,https://culture.seoul.go.kr/cmmn/file/getImage.do?atchFileId=43c7d50c4bcf488982db4ed5e5d6a2a9&thumb=Y,https://culture.seoul.go.kr/culture/culture/cultureEvent/view.do?cultcode=155891&menuNo=200009,
2026-05-12T02:05:06.340981+09:00,어린이대공원,어린이대공원,POI104,KEY_1,[서울상상나라] 그림책 작업실:엉뚱하고 기발한,2025-07-15~2026-07-15,서울상상나라 지하 1층 기획전시실,127.077569,37.55055,,https://culture.seoul.go.kr/cmmn/file/getImage.do?atchFileId=96afe0108a624e499e8ba01e7cb308c1&thumb=Y,https://culture.seoul.go.kr/culture/culture/cultureEvent/view.do?cultcode=154150&menuNo=200009,
2026-05-12T02:05:06.340981+09:00,올림픽공원,올림픽공원,POI127,KEY_1,[한성백제박물관] 2026년 상반기 성인 대상 [서울 고대유적 탐방],2026-04-28~2026-06-11,한성백제박물관， 몽촌토성， 풍납동토성， 석촌동고분군 일대,127.12088940368128,37.51543881335773,,https://culture.seoul.go.kr/cmmn/file/getImage.do?atchFileId=3d89263b5e85481c894204ef7a05d20e&thumb=Y,https://culture.seoul.go.kr/culture/culture/cultureEvent/view.do?cultcode=157084&menuNo=200011,
2026-05-12T02:05:06.340981+09:00,올림픽공원,올림픽공원,POI127,KEY_1,올림픽 조각체험 프로젝트#2 [조각이 꿈+틀],2026-04-17~2026-09-06,소마미술관,127.118166964751,37.516920655117,,https://culture.seoul.go.kr/cmmn/file/getImage.do?atchFileId=6825663978de46c192543240dfbb2185&thumb=Y,https://culture.seoul.go.kr/culture/culture/cultureEvent/view.do?cultcode=157318&menuNo=200009,
2026-05-12T02:05:06.340981+09:00,올림픽공원,올림픽공원,POI127,KEY_1,[소마미술관] 그림책이 살아있다!,2026-04-17~2026-09-06,소마미술관 2관 기획전시실,127.118166964751,37.516920655117,,https://culture.seoul.go.kr/cmmn/file/getImage.do?atchFileId=cf267080189e4a3eadeeb6c5e8b0ade7&thumb=Y,https://culture.seoul.go.kr/culture/culture/cultureEvent/view.do?cultcode=157116&menuNo=200009,
2026-05-12T02:05:06.340981+09:00,올림픽공원,올림픽공원,POI127,KEY_1,[소마미술관] 조각이 꿈+틀 [올림픽조각체험프로젝트#02] 상설전,2026-04-17~2026-09-06,소마미술관 2관 상설전시실,127.118166964751,37.516920655117,,https://culture.seoul.go.kr/cmmn/file/getImage.do?atchFileId=c4ac3bd4533342b993b5ccfd5d42086c&thumb=Y,https://culture.seoul.go.kr/culture/culture/cultureEvent/view.do?cultcode=157117&menuNo=200009,
2026-05-12T02:05:06.340981+09:00,올림픽공원,올림픽공원,POI127,KEY_1,이승택 개인전 [조각의 바깥에서],2026-04-10~2026-07-26,소마미술관,127.118166964751,37.516920655117,,https://culture.seoul.go.kr/cmmn/file/getImage.do?atchFileId=fa83edf506b643e2bec777cac69729ce&thumb=Y,https://culture.seoul.go.kr/culture/culture/cultureEvent/view.do?cultcode=157317&menuNo=200009,
2026-05-12T02:05:06.340981+09:00,올림픽공원,올림픽공원,POI127,KEY_1,[한성백제박물관] 2026년 상반기 문화다양성 교육 [백제와 함께하는 이웃나라들],2026-03-31~2026-06-30,대면) 박물관 교육실/ (비대면) 각 학급 교실,127.12088940368128,37.51543881335773,,https://culture.seoul.go.kr/cmmn/file/getImage.do?atchFileId=79379b0c10fc462fb325ecdb455dd3db&thumb=Y,https://culture.seoul.go.kr/culture/culture/cultureEvent/view.do?cultcode=157232&menuNo=200011,
2026-05-12T02:05:06.340981+09:00,올림픽공원,올림픽공원,POI127,KEY_1,[한성백제박물관] 2026 상반기 초등단체 비대면 교육 [서울 쏙! 백제 콕!],2026-03-26~2026-07-03,각 학급 교실(비대면 원격 교육),127.12088940368128,37.51543881335773,,https://culture.seoul.go.kr/cmmn/file/getImage.do?atchFileId=fb761ebe217849eaa4f63b1b0f6ac759&thumb=Y,https://culture.seoul.go.kr/culture/culture/cultureEvent/view.do?cultcode=156907&menuNo=200011,
2026-05-12T02:05:06.340981+09:00,올림픽공원,올림픽공원,POI127,KEY_1,[한성백제박물관] 2026 상반기 초등단체 대면 교육 [서울 쏙! 백제 콕!],2026-03-26~2026-07-03,한성백제박물관 교육실,127.12088940368128,37.51543881335773,,https://culture.seoul.go.kr/cmmn/file/getImage.do?atchFileId=f3b484610b65420297a3ae47001c6120&thumb=Y,https://culture.seoul.go.kr/culture/culture/cultureEvent/view.do?cultcode=156906&menuNo=200011,
2026-05-12T02:05:06.340981+09:00,올림픽공원,올림픽공원,POI127,KEY_1,[한성백제박물관] 초등 4~6학년 단체 대면 교육 [한강삼국지: 삼국의 한강 쟁탈전],2026-03-24~2026-07-01,한성백제박물관 교육실,127.12088940368128,37.51543881335773,,https://culture.seoul.go.kr/cmmn/file/getImage.do?atchFileId=0183d0f0f64d43dea7f2f1f5a5823734&thumb=Y,https://culture.seoul.go.kr/culture/culture/cultureEvent/view.do?cultcode=156755&menuNo=200011,
2026-05-12T02:05:06.340981+09:00,올림픽공원,올림픽공원,POI127,KEY_1,[한성백제박물관] 초등 4~6학년 학급 비대면 교육 [한강삼국지: 삼국의 한강 쟁탈전],2026-03-24~2026-07-01,신청 학급 교실,127.12088940368128,37.51543881335773,,https://culture.seoul.go.kr/cmmn/file/getImage.do?atchFileId=ee2f38002896461d88e55f36df203dfc&thumb=Y,https://culture.seoul.go.kr/culture/culture/cultureEvent/view.do?cultcode=156754&menuNo=200011,
2026-05-12T02:05:06.340981+09:00,올림픽공원,올림픽공원,POI127,KEY_1,[서울백제어린이박물관] 유단체 대상 [서울역사생태탐험대1] 봄,2026-03-19~2026-05-21,서울백제어린이박물관(교육실， 전시실)， 야외생태체험장， 전시실 등,127.124412,37.523991,,https://culture.seoul.go.kr/cmmn/file/getImage.do?atchFileId=7504518b70b54ac7b5c8367519f44947&thumb=Y,https://culture.seoul.go.kr/culture/culture/cultureEvent/view.do?cultcode=156747&menuNo=200011,
2026-05-12T02:05:06.340981+09:00,올림픽공원,올림픽공원,POI127,KEY_1,[한성백제박물관] 2026년 상반기 주말가족교육 [문화유산 보존 연구소],2026-03-14~2026-07-04,한성백제박물관 교육실,127.12088940368128,37.51543881335773,,https://culture.seoul.go.kr/cmmn/file/getImage.do?atchFileId=69fec744c82446619d58e8ce8cb6baab&thumb=Y,https://culture.seoul.go.kr/culture/culture/cultureEvent/view.do?cultcode=156850&menuNo=200011,
2026-05-12T02:05:06.340981+09:00,올림픽공원,올림픽공원,POI127,KEY_1,[한성백제박물관] 2026년 상반기 주말가족탐방 [몽촌토성 탐방],2026-03-14~2026-05-30,몽촌토성， 박물관 교육실,127.12088940368128,37.51543881335773,,https://culture.seoul.go.kr/cmmn/file/getImage.do?atchFileId=31a20aade65d41b882a74ff2a6424ee7&thumb=Y,https://culture.seoul.go.kr/culture/culture/cultureEvent/view.do?cultcode=156851&menuNo=200011,
2026-05-12T02:05:06.340981+09:00,북촌한옥마을,북촌한옥마을,POI066,KEY_3,[갤러리지우헌] 허상욱 개인전: 분청 마음,2026-05-06~2026-06-03,갤러리 지우헌,126.982999426985,37.5833833879584,,https://culture.seoul.go.kr/cmmn/file/getImage.do?atchFileId=cbdadfe6623e471d8e41a958828bab71&thumb=Y,https://culture.seoul.go.kr/culture/culture/cultureEvent/view.do?cultcode=157715&menuNo=200009,전시 오프닝은 5월 6일 오후 4시에 진행되며， 작가가 직접 작품을 소개하는 자리가 마련될 예정이다. 행사에는 100년 전통 ㈜지평주조의 ‘지평탁주’가 함께 제공됩니다.
2026-05-12T02:05:06.340981+09:00,북촌한옥마을,북촌한옥마을,POI066,KEY_3,[서울공예박물관] 공예협력전시 [안동별궁， 시간의 겹],2026-04-28~2027-08-29,서울공예박물관 전시1동 3층 기획전시실,126.983533363501,37.5766481740232,N,https://culture.seoul.go.kr/cmmn/file/getImage.do?atchFileId=a1622fcb6e024123ac90f40cdc8e32fd&thumb=Y,https://culture.seoul.go.kr/culture/culture/cultureEvent/view.do?cultcode=157420&menuNo=200009,
2026-05-12T02:05:06.340981+09:00,북촌한옥마을,북촌한옥마을,POI066,KEY_3,[서울공예박물관] 한불수교 140주년 기념전시 [더 하이브리드],2026-04-28~2026-07-26,서울공예박물관 전시1동 3층 기획전시실,126.983533363501,37.5766481740232,N,https://culture.seoul.go.kr/cmmn/file/getImage.do?atchFileId=aaaf677cdfac468db6f5c9e13fd397ad&thumb=Y,https://culture.seoul.go.kr/culture/culture/cultureEvent/view.do?cultcode=157211&menuNo=200009,
2026-05-12T02:05:06.340981+09:00,북촌한옥마을,북촌한옥마을,POI066,KEY_3,[서울공예박물관] 공예동행@쇼윈도 #2. 빛의 흐름 The Flow of Light,2026-04-08~2026-05-31,전시3동 1층 쇼윈도 갤러리,126.983533363501,37.5766481740232,,https://culture.seoul.go.kr/cmmn/file/getImage.do?atchFileId=d813307c6065486caf69b2ad498a0e61&thumb=Y,https://culture.seoul.go.kr/culture/culture/cultureEvent/view.do?cultcode=157354&menuNo=200009,
2026-05-12T02:05:06.340981+09:00,북촌한옥마을,북촌한옥마을,POI066,KEY_3,스펙트로신테시스 서울 Spectrosynthesis Seoul,2026-03-20~2026-06-28,아트선재센터,126.981839239613,37.5794635323506,,https://culture.seoul.go.kr/cmmn/file/getImage.do?atchFileId=1bbb87d0d71243b996db22604e96a261&thumb=Y,https://culture.seoul.go.kr/culture/culture/cultureEvent/view.do?cultcode=157262&menuNo=200009,
2026-05-12T02:05:06.340981+09:00,서촌,서촌,POI067,KEY_1,[서울생활문화센터 체부] 체부작업展 [선 위에 머무는 마음],2026-04-28~2026-06-30,윈도우 갤러리， 금오재 마실,126.97148941423,37.5767084987432,,https://culture.seoul.go.kr/cmmn/file/getImage.do?atchFileId=b51cfd4f38d64d21be656e622812b5cb&thumb=Y,https://culture.seoul.go.kr/culture/culture/cultureEvent/view.do?cultcode=157790&menuNo=200009,
2026-05-12T02:05:06.340981+09:00,서촌,서촌,POI067,KEY_1,[종로문화재단] 금빛으로 지은 옷을 여미다,2025-12-16~2026-06-26,배화여자대학교 도서관 1층 전통문화전시실,126.967291871532,37.5795440101952,,https://culture.seoul.go.kr/cmmn/file/getImage.do?atchFileId=dc73759daf4e460fb1b9184a298f8c43&thumb=Y,https://culture.seoul.go.kr/culture/culture/cultureEvent/view.do?cultcode=156309&menuNo=200009,
2026-05-12T02:05:06.340981+09:00,서촌,서촌,POI067,KEY_1,[종로문화재단] 박노수미술관 개관12주년 기념전시 [산수·격물],2025-09-19~2026-12-06,종로구립 박노수미술관,126.966818545949,37.5813191962491,,https://culture.seoul.go.kr/cmmn/file/getImage.do?atchFileId=b3d1bbb9284b4b97bda71e967e5bb5a9&thumb=Y,https://culture.seoul.go.kr/culture/culture/cultureEvent/view.do?cultcode=155699&menuNo=200009,
2026-05-12T02:05:06.340981+09:00,인사동,인사동,POI078,KEY_3,[서울무형유산교육전시장] 2026년 운현궁에서 배우는 전통매듭 체험 모집,2026-05-06~2026-05-27,운현궁 이로당,126.98708335796199,37.57607864675475,,https://culture.seoul.go.kr/cmmn/file/getImage.do?atchFileId=d9f7c6b35e4b444dab781fe2fd07b841&thumb=Y,https://culture.seoul.go.kr/culture/culture/cultureEvent/view.do?cultcode=157558&menuNo=200011,
2026-05-12T02:05:06.340981+09:00,인사동,인사동,POI078,KEY_3,[노화랑] 기획전 [IN PINK],2026-04-23~2026-05-14,노화랑 1， 2층 전시장,126.984085733694,37.5748603162364,N,https://culture.seoul.go.kr/cmmn/file/getImage.do?atchFileId=813a89fb33224ca9b184a59c222a411b&thumb=Y,https://culture.seoul.go.kr/culture/culture/cultureEvent/view.do?cultcode=157488&menuNo=200009,
2026-05-12T02:05:06.340981+09:00,인사동,인사동,POI078,KEY_3,[서울우리소리박물관] 2026년 상반기 외국인 전통문화체험,2026-04-16~2026-05-14,서울우리소리박물관 상설전시실 및 교육실,126.989622047178,37.577157928122,,https://culture.seoul.go.kr/cmmn/file/getImage.do?atchFileId=183cd9e9b78549d098992df989c47096&thumb=Y,https://culture.seoul.go.kr/culture/culture/cultureEvent/view.do?cultcode=157200&menuNo=200011,
2026-05-12T02:05:06.340981+09:00,인사동,인사동,POI078,KEY_3,[운현궁] 2026 서울 운현궁 예절교실,2026-04-01~2026-06-12,운현궁 이로당， 노락당,126.98708335796199,37.57607864675475,,https://culture.seoul.go.kr/cmmn/file/getImage.do?atchFileId=48bfe53ae79b43ffa93809a0bea94372&thumb=Y,https://culture.seoul.go.kr/culture/culture/cultureEvent/view.do?cultcode=156901&menuNo=200011,
2026-05-12T02:05:06.340981+09:00,인사동,인사동,POI078,KEY_3,[서울생활문화센터 낙원] 초보기타 교실 추가모집 / 색소폰 교실 & 클리닉,2026-03-18~2026-06-24,서울생활문화센터 낙원 5번 안내실,126.987902476529,37.5727635233966,,https://culture.seoul.go.kr/cmmn/file/getImage.do?atchFileId=19019906a68a46efbe0ae1c1d60984bd&thumb=Y,https://culture.seoul.go.kr/culture/culture/cultureEvent/view.do?cultcode=156978&menuNo=200011,
2026-05-12T02:05:06.340981+09:00,인사동,인사동,POI078,KEY_3,[서울우리소리박물관] 2026 자율학습 프로그램 [우리소리 친구들],2026-02-09~2026-12-31,누마루 또는 교육실,126.989622047178,37.577157928122,,https://culture.seoul.go.kr/cmmn/file/getImage.do?atchFileId=94d1c28647de4daf8f612b8fe830a020&thumb=Y,https://culture.seoul.go.kr/culture/culture/cultureEvent/view.do?cultcode=156746&menuNo=200011,
2026-05-12T02:05:06.340981+09:00,인사동,인사동,POI078,KEY_3,[서울우리소리박물관] 2025 서울우리소리박물관 기획전 [한강， 소리로 흐르다],2025-06-19~2026-05-28,서울우리소리박물관 기획전시실,126.989622047178,37.577157928122,,https://culture.seoul.go.kr/cmmn/file/getImage.do?atchFileId=6cbae2fb2066497e9499c66996d2aad8&thumb=Y,https://culture.seoul.go.kr/culture/culture/cultureEvent/view.do?cultcode=154089&menuNo=200009,
2026-05-12T02:05:06.340981+09:00,창동 신경제 중심지,창동 신경제 중심지,POI079,KEY_2,[서울시립 사진미술관] 어린이를 위한 감상교육 [미술관 탐험],2026-05-02~2026-06-13,서울시립 사진미술관 전시실 및 1교육실,127.048947814686,37.6555150225578,,https://culture.seoul.go.kr/cmmn/file/getImage.do?atchFileId=3b060851bfe0447fa662c416d69083b5&thumb=Y,https://culture.seoul.go.kr/culture/culture/cultureEvent/view.do?cultcode=157761&menuNo=200011,
2026-05-12T02:05:06.340981+09:00,창동 신경제 중심지,창동 신경제 중심지,POI079,KEY_2,[서울시립 사진미술관] 2026 서울사진축제 : 미술관 속 영화관 [진과 세계 사이에서],2026-04-24~2026-05-29,서울시립 사진미술관 2층 영상홀,127.048947814686,37.6555150225578,,https://culture.seoul.go.kr/cmmn/file/getImage.do?atchFileId=7938fe59e75e4986abeeaa7b0d1b15a9&thumb=Y,https://culture.seoul.go.kr/culture/culture/cultureEvent/view.do?cultcode=157489&menuNo=200013,
2026-05-12T02:05:06.340981+09:00,창동 신경제 중심지,창동 신경제 중심지,POI079,KEY_2,[서울시립 사진미술관] 2026 서울사진축제 : 포토라이브러리 워크숍 [일요일의 독서클럽],2026-04-12~2026-06-07,2층 영상홀， 4층 포토라이브러리,127.048947814686,37.6555150225578,,https://culture.seoul.go.kr/cmmn/file/getImage.do?atchFileId=498300d2f5194d3b8fd3d736e7cb345f&thumb=Y,https://culture.seoul.go.kr/culture/culture/cultureEvent/view.do?cultcode=157487&menuNo=200011,
2026-05-12T02:05:06.340981+09:00,창동 신경제 중심지,창동 신경제 중심지,POI079,KEY_2,[서울시립 사진미술관] 2026 서울사진축제 : Photo SeMA 기획서가 [모두를 위한 사진책],2026-04-09~2026-07-05,서울시립 사진미술관 4층 포토라이브러리,127.048947814686,37.6555150225578,,https://culture.seoul.go.kr/cmmn/file/getImage.do?atchFileId=65ddc38604e4492b869a6d972a08ec81&thumb=Y,https://culture.seoul.go.kr/culture/culture/cultureEvent/view.do?cultcode=157578&menuNo=200009,
2026-05-12T02:05:06.340981+09:00,창동 신경제 중심지,창동 신경제 중심지,POI079,KEY_2,[서울시립 사진미술관] 2026 서울사진축제 [서울 사진 산책],2026-04-09~2026-06-14,서울 시내 24개소 문화공간 / 외부 별도 장소,127.048947814686,37.6555150225578,,https://culture.seoul.go.kr/cmmn/file/getImage.do?atchFileId=10e7f9cf6cd94078a47d5e519a4b6e7f&thumb=Y,https://culture.seoul.go.kr/culture/culture/cultureEvent/view.do?cultcode=157349&menuNo=200009,
2026-05-12T02:05:06.340981+09:00,창동 신경제 중심지,창동 신경제 중심지,POI079,KEY_2,[서울시립 사진미술관] 2026 서울사진축제 : 아티스트 토크 [작가의 방],2026-04-09~2026-06-14,서울시립 사진미술관 2층  영상홀,127.048947814686,37.6555150225578,,https://culture.seoul.go.kr/cmmn/file/getImage.do?atchFileId=20a62cd7a4a5468a905848cae3284ff6&thumb=Y,https://culture.seoul.go.kr/culture/culture/cultureEvent/view.do?cultcode=157475&menuNo=200009,
2026-05-12T02:05:06.340981+09:00,창동 신경제 중심지,창동 신경제 중심지,POI079,KEY_2,[서울시립 사진미술관] 서울사진축제 《컴백홈》,2026-04-09~2026-06-14,서울시립 사진미술관,127.048947814686,37.6555150225578,,https://culture.seoul.go.kr/cmmn/file/getImage.do?atchFileId=c4c9d45245364ab48711d6ccbeb9e699&thumb=Y,https://culture.seoul.go.kr/culture/culture/cultureEvent/view.do?cultcode=157269&menuNo=200009,
2026-05-12T02:05:06.340981+09:00,창동 신경제 중심지,창동 신경제 중심지,POI079,KEY_2,[서울시립 사진미술관] 포토 디스커버리 프로젝트 《사진집》,2026-03-18~2026-06-14,서울시립 사진미술관 1층 로비,127.048947814686,37.6555150225578,,https://culture.seoul.go.kr/cmmn/file/getImage.do?atchFileId=0f7936d9f2d94354a36657010b418fbb&thumb=Y,https://culture.seoul.go.kr/culture/culture/cultureEvent/view.do?cultcode=157141&menuNo=200009,
2026-05-12T02:05:06.340981+09:00,DDP(동대문디자인플라자),DDP(동대문디자인플라자),POI083,KEY_3,김영준 x 요시다 유니 기획전 Face to face,2026-05-07~2026-06-07,DDP 이간수문전시장,127.00977973484339,37.56735731522952,,https://culture.seoul.go.kr/cmmn/file/getImage.do?atchFileId=2e699755a39b40619ddea53a22e59ef4&thumb=Y,https://culture.seoul.go.kr/culture/culture/cultureEvent/view.do?cultcode=157672&menuNo=200009,
2026-05-12T02:05:06.340981+09:00,DDP(동대문디자인플라자),DDP(동대문디자인플라자),POI083,KEY_3,DDPlay 버스킹 5월 공연 안내,2026-05-01~2026-05-31,DDP 어울림광장， 팔거리,127.00977973484339,37.56735731522952,,https://culture.seoul.go.kr/cmmn/file/getImage.do?atchFileId=06255b5f16c1435a95ddf9214cbe8d86&thumb=Y,https://culture.seoul.go.kr/culture/culture/cultureEvent/view.do?cultcode=157546&menuNo=200008,
2026-05-12T02:05:06.340981+09:00,DDP(동대문디자인플라자),DDP(동대문디자인플라자),POI083,KEY_3,Let Dreams Shine! [베베핀 드림랜드],2026-05-01~2026-05-31,동대문디자인플라자 디자인랩1층 DDP쇼룸,127.00977973484339,37.56735731522952,,https://culture.seoul.go.kr/cmmn/file/getImage.do?atchFileId=b578b0a0e4724a718dff9fbd6ca77cbc&thumb=Y,https://culture.seoul.go.kr/culture/culture/cultureEvent/view.do?cultcode=157641&menuNo=200011,
2026-05-12T02:05:06.340981+09:00,DDP(동대문디자인플라자),DDP(동대문디자인플라자),POI083,KEY_3,[서울디자인재단] 키크니 특별전 : 그렸고 그런 사이,2026-04-25~2026-09-06,뮤지엄 전시1관,127.00977973484339,37.56735731522952,,https://culture.seoul.go.kr/cmmn/file/getImage.do?atchFileId=5b5e3f16b605439ea83b1ecf8d5ce8b8&thumb=Y,https://culture.seoul.go.kr/culture/culture/cultureEvent/view.do?cultcode=157351&menuNo=200009,
2026-05-12T02:05:06.340981+09:00,DDP(동대문디자인플라자),DDP(동대문디자인플라자),POI083,KEY_3,이상한 K-뷰티 : 엄마의 서랍장,2026-04-10~2026-06-10,DDP 마켓 B2F 비더비 다운타운,127.00977973484339,37.56735731522952,,https://culture.seoul.go.kr/cmmn/file/getImage.do?atchFileId=e187f20c0b5d4e7ebcbff38d8f60b63e&thumb=Y,https://culture.seoul.go.kr/culture/culture/cultureEvent/view.do?cultcode=157606&menuNo=200009,
2026-05-12T02:05:06.340981+09:00,DDP(동대문디자인플라자),DDP(동대문디자인플라자),POI083,KEY_3,[서울디자인재단] DDP 루프탑 투어_2026,2026-03-21~2026-05-31,DDP 뮤지엄 1층(M3 출입문) 투어 데스크 (시작장소),127.00977973484339,37.56735731522952,,https://culture.seoul.go.kr/cmmn/file/getImage.do?atchFileId=973b28af071b405ea7f6eb7ab715abaa&thumb=Y,https://culture.seoul.go.kr/culture/culture/cultureEvent/view.do?cultcode=157428&menuNo=200011,
2026-05-12T02:05:06.340981+09:00,DDP(동대문디자인플라자),DDP(동대문디자인플라자),POI083,KEY_3,BtheB 뷰티기획전 [Beauty For All],2026-02-28~2026-06-07,DDP 지하2층 DDP마켓 비더비,127.00977973484339,37.56735731522952,,https://culture.seoul.go.kr/cmmn/file/getImage.do?atchFileId=5209bf1d22f345568a88cce60bbc8688&thumb=Y,https://culture.seoul.go.kr/culture/culture/cultureEvent/view.do?cultcode=156852&menuNo=200009,
2026-05-12T02:05:06.340981+09:00,DDP(동대문디자인플라자),DDP(동대문디자인플라자),POI083,KEY_3,[DDP] Dream in Light,2026-01-09~2026-12-31,DDP 전면， 유구전시장 앞， 미래로 상부,127.00977973484339,37.56735731522952,,https://culture.seoul.go.kr/cmmn/file/getImage.do?atchFileId=bfa59aa56eed4af8b441d88bad873037&thumb=Y,https://culture.seoul.go.kr/culture/culture/cultureEvent/view.do?cultcode=156491&menuNo=200009,
2026-05-12T02:05:06.340981+09:00,DDP(동대문디자인플라자),DDP(동대문디자인플라자),POI083,KEY_3,[서울디자인재단] DDP 건축투어,2026-01-02~2026-12-31,DDP 뮤지엄 1층 투어데스크,127.00977973484339,37.56735731522952,N,https://culture.seoul.go.kr/cmmn/file/getImage.do?atchFileId=47da849abe944ec9b7dedaf1ab283714&thumb=Y,https://culture.seoul.go.kr/culture/culture/cultureEvent/view.do?cultcode=156552&menuNo=200009,
2026-05-12T02:05:06.340981+09:00,서울식물원·마곡나루역,서울식물원·마곡나루역,POI032,KEY_1,[서울식물원] 2026 낭만수국전 HYDRANGEA SHOW,2026-05-02~2026-05-31,서울식물원 전시온실 지중해관,126.83500723721524,37.569657094189104,,https://culture.seoul.go.kr/cmmn/file/getImage.do?atchFileId=969c3a5bc5694862bdd4688ca678571d&thumb=Y,https://culture.seoul.go.kr/culture/culture/cultureEvent/view.do?cultcode=157795&menuNo=200009,
2026-05-12T02:05:06.340981+09:00,서울식물원·마곡나루역,서울식물원·마곡나루역,POI032,KEY_1,[서울식물원] 주제정원 봄 전시 [봄빛 정원: 땅에서 피어난 봄빛],2026-04-15~2026-05-31,서울식물원 주제정원 내 계류 주변,126.83500723721524,37.569657094189104,,https://culture.seoul.go.kr/cmmn/file/getImage.do?atchFileId=adfdc93640c946a29acdc8d12802f793&thumb=Y,https://culture.seoul.go.kr/culture/culture/cultureEvent/view.do?cultcode=157582&menuNo=200009,
2026-05-12T02:05:06.340981+09:00,서울식물원·마곡나루역,서울식물원·마곡나루역,POI032,KEY_1,[서울식물원] 2025년 서울식물원 기획 전시 [우리들의 자연， 행성적 공존],2025-05-27~2026-05-24,식물문화센터 프로젝트홀2， 주제원， 온실,126.83500723721524,37.569657094189104,,https://culture.seoul.go.kr/cmmn/file/getImage.do?atchFileId=e0d57fc6ab4046209bdf34ab6ac41c98&thumb=Y,https://culture.seoul.go.kr/culture/culture/cultureEvent/view.do?cultcode=153826&menuNo=200009,
2026-05-12T02:05:06.340981+09:00,시의회 앞,시의회 앞,POI130,KEY_1,[서울도서관] 2026년 서울야외도서관 (책읽는 서울광장， 광화문 책마당， 책읽는 맑은 냇가),2026-04-23~2026-11-01,서울광장， 광화문 광장， 청계천 일대,126.97769782752,37.5653338689441,N,https://culture.seoul.go.kr/cmmn/file/getImage.do?atchFileId=57da07b01aed40ad984d40559a42ae61&thumb=Y,https://culture.seoul.go.kr/culture/culture/cultureEvent/view.do?cultcode=156879&menuNo=200010,
2026-05-12T02:05:06.340981+09:00,시의회 앞,시의회 앞,POI130,KEY_1,기.기.기(奇.己.氣): 동시대와 시행착오,2026-04-01~2026-05-31,일민미술관,126.977657083792,37.5698677620456,,https://culture.seoul.go.kr/cmmn/file/getImage.do?atchFileId=6e05d79e4d0e4358b3eae2df5081eb13&thumb=Y,https://culture.seoul.go.kr/culture/culture/cultureEvent/view.do?cultcode=157256&menuNo=200009,
2026-05-12T02:05:06.340981+09:00,혜화역,혜화역,POI054,KEY_2,연극 [운베난트],2026-03-27~2026-06-07,예스24스테이지 3관,127.003160727291,37.5827488289051,,https://culture.seoul.go.kr/cmmn/file/getImage.do?atchFileId=b22d720f5efc44dda84da2606b0e5f75&thumb=Y,https://culture.seoul.go.kr/culture/culture/cultureEvent/view.do?cultcode=157115&menuNo=200008,
2026-05-12T02:05:06.340981+09:00,혜화역,혜화역,POI054,KEY_2,[종로여성인력개발센터] AI 파워드 문화·예술 프로젝트 기획 실무 마스터 실무 마스터,2026-03-18~2026-06-23,종로여성인력개발센터,127.000418097935,37.5820587995429,,https://culture.seoul.go.kr/cmmn/file/getImage.do?atchFileId=f824d3bddc6d4c239ee2e5611e22870a&thumb=Y,https://culture.seoul.go.kr/culture/culture/cultureEvent/view.do?cultcode=156487&menuNo=200011,
2026-05-12T02:49:40.622578+09:00,경복궁,경복궁,POI008,KEY_1,[경복궁] 2026 생과방(상반기),2026-04-08~2026-05-27,경복궁 생과방,126.976842133821,37.5759040910202,,https://culture.seoul.go.kr/cmmn/file/getImage.do?atchFileId=4864144c5a084ea4a1228924afe585e6&thumb=Y,https://culture.seoul.go.kr/culture/culture/cultureEvent/view.do?cultcode=157368&menuNo=200011,
2026-05-12T02:49:40.622578+09:00,경복궁,경복궁,POI008,KEY_1,2026년 집옥재(팔우정 포함) 작은 도서관 개방,2026-04-01~2026-10-31,경복궁 집옥재·팔우정,126.976842133821,37.5759040910202,,https://culture.seoul.go.kr/cmmn/file/getImage.do?atchFileId=d70525e916b548cda13443c9e10190f3&thumb=Y,https://culture.seoul.go.kr/culture/culture/cultureEvent/view.do?cultcode=157383&menuNo=200011,
2026-05-12T02:49:40.622578+09:00,경복궁,경복궁,POI008,KEY_1,2026년 경복궁 [경회루·향원정] 특별관람,2026-04-01~2026-10-30,경복궁 경회루·향원정,126.976842133821,37.5759040910202,,https://culture.seoul.go.kr/cmmn/file/getImage.do?atchFileId=37630da9c19349fbac8494e92e5c64d8&thumb=Y,https://culture.seoul.go.kr/culture/culture/cultureEvent/view.do?cultcode=157389&menuNo=200011,
2026-05-12T02:49:40.622578+09:00,경복궁,경복궁,POI008,KEY_1,[국가유산청 궁능유적본부] 수문장 순라의식,2026-03-01~2026-11-29,(토요일)경복궁 내부 (일요일， 공휴일)인사동 문화의 거리,126.976842133821,37.5759040910202,,https://culture.seoul.go.kr/cmmn/file/getImage.do?atchFileId=923de3d9169e463b9c8098a8e132be38&thumb=Y,https://culture.seoul.go.kr/culture/culture/cultureEvent/view.do?cultcode=156996&menuNo=200013,
2026-05-12T02:49:40.622578+09:00,광화문·덕수궁,광화문·덕수궁,POI009,KEY_2,빛과 어둠의 경계에서,2026-05-02~2026-05-25,세종문화회관 세종S씨어터,126.9760053,37.5726241,,https://culture.seoul.go.kr/cmmn/file/getImage.do?atchFileId=0eeea492c11e4eb7816334e58cfeb6ce&thumb=Y,https://culture.seoul.go.kr/culture/culture/cultureEvent/view.do?cultcode=157335&menuNo=200008,
2026-05-12T02:49:40.622578+09:00,광화문·덕수궁,광화문·덕수궁,POI009,KEY_2,[서울도서관] 2026년 서울야외도서관 (책읽는 서울광장， 광화문 책마당， 책읽는 맑은 냇가),2026-04-23~2026-11-01,서울광장， 광화문 광장， 청계천 일대,126.97769782752,37.5653338689441,N,https://culture.seoul.go.kr/cmmn/file/getImage.do?atchFileId=57da07b01aed40ad984d40559a42ae61&thumb=Y,https://culture.seoul.go.kr/culture/culture/cultureEvent/view.do?cultcode=156879&menuNo=200010,
2026-05-12T02:49:40.622578+09:00,광화문·덕수궁,광화문·덕수궁,POI009,KEY_2,2026 의정부지 역사유적광장 전통무예행사,2026-04-11~2026-10-31,의정부지 역사유적광장,126.977967142855,37.5748036513699,,https://culture.seoul.go.kr/cmmn/file/getImage.do?atchFileId=628a9bae996a407bbfee67752dd508db&thumb=Y,https://culture.seoul.go.kr/culture/culture/cultureEvent/view.do?cultcode=157327&menuNo=200010,
2026-05-12T02:49:40.622578+09:00,광화문·덕수궁,광화문·덕수궁,POI009,KEY_2,2026 아뜰리에 광화 봄 전시 [피어나는 빛],2026-04-11~2026-06-19,세종문화회관 외벽 미디어파사드,126.9760053,37.5726241,,https://culture.seoul.go.kr/cmmn/file/getImage.do?atchFileId=196d7f704d5646a2bb4bb40523a8c4aa&thumb=Y,https://culture.seoul.go.kr/culture/culture/cultureEvent/view.do?cultcode=157432&menuNo=200009,
2026-05-12T02:49:40.622578+09:00,광화문·덕수궁,광화문·덕수궁,POI009,KEY_2,2026 해치마당 미디어월 봄 전시,2026-04-10~2026-06-19,광화문 역 9번출구 진입로 벽면 해치마당 미디어월,126.976787992565,37.5716228232824,,https://culture.seoul.go.kr/cmmn/file/getImage.do?atchFileId=ac862f94f21744ec8092ccc4372c0539&thumb=Y,https://culture.seoul.go.kr/culture/culture/cultureEvent/view.do?cultcode=157787&menuNo=200009,
2026-05-12T02:49:40.622578+09:00,광화문·덕수궁,광화문·덕수궁,POI009,KEY_2,[경복궁] 2026 생과방(상반기),2026-04-08~2026-05-27,경복궁 생과방,126.976842133821,37.5759040910202,,https://culture.seoul.go.kr/cmmn/file/getImage.do?atchFileId=4864144c5a084ea4a1228924afe585e6&thumb=Y,https://culture.seoul.go.kr/culture/culture/cultureEvent/view.do?cultcode=157368&menuNo=200011,
2026-05-12T02:49:40.622578+09:00,광화문·덕수궁,광화문·덕수궁,POI009,KEY_2,[덕수궁] 2026 밤의 석조전(상반기),2026-04-08~2026-05-17,덕수궁 석조전 일원,126.974461639777,37.5677154464989,,https://culture.seoul.go.kr/cmmn/file/getImage.do?atchFileId=cc6179c75f1547b2b72e2a3cca26b6da&thumb=Y,https://culture.seoul.go.kr/culture/culture/cultureEvent/view.do?cultcode=157365&menuNo=200010,
2026-05-12T02:49:40.622578+09:00,광화문·덕수궁,광화문·덕수궁,POI009,KEY_2,2026년 집옥재(팔우정 포함) 작은 도서관 개방,2026-04-01~2026-10-31,경복궁 집옥재·팔우정,126.976842133821,37.5759040910202,,https://culture.seoul.go.kr/cmmn/file/getImage.do?atchFileId=d70525e916b548cda13443c9e10190f3&thumb=Y,https://culture.seoul.go.kr/culture/culture/cultureEvent/view.do?cultcode=157383&menuNo=200011,
2026-05-12T02:49:40.622578+09:00,광화문·덕수궁,광화문·덕수궁,POI009,KEY_2,2026년 경복궁 [경회루·향원정] 특별관람,2026-04-01~2026-10-30,경복궁 경회루·향원정,126.976842133821,37.5759040910202,,https://culture.seoul.go.kr/cmmn/file/getImage.do?atchFileId=37630da9c19349fbac8494e92e5c64d8&thumb=Y,https://culture.seoul.go.kr/culture/culture/cultureEvent/view.do?cultcode=157389&menuNo=200011,
2026-05-12T02:49:40.622578+09:00,광화문·덕수궁,광화문·덕수궁,POI009,KEY_2,기.기.기(奇.己.氣): 동시대와 시행착오,2026-04-01~2026-05-31,일민미술관,126.977657083792,37.5698677620456,,https://culture.seoul.go.kr/cmmn/file/getImage.do?atchFileId=6e05d79e4d0e4358b3eae2df5081eb13&thumb=Y,https://culture.seoul.go.kr/culture/culture/cultureEvent/view.do?cultcode=157256&menuNo=200009,
2026-05-12T02:49:40.622578+09:00,광화문·덕수궁,광화문·덕수궁,POI009,KEY_2,[세종문화회관] 세종예술아카데미 [정승빈 작가] 스테들러와 함께하는 여행드로잉 클래스,2026-03-31~2026-09-15,세종예술아카데미 스퀘어홀,126.9760053,37.5726241,,https://culture.seoul.go.kr/cmmn/file/getImage.do?atchFileId=a0247bcdf4484818baaca748c977391f&thumb=Y,https://culture.seoul.go.kr/culture/culture/cultureEvent/view.do?cultcode=157026&menuNo=200011,
2026-05-12T02:49:40.622578+09:00,광화문·덕수궁,광화문·덕수궁,POI009,KEY_2,[세종문화회관] 세종예술아카데미 [박인홍 작가] 스테들러와 함께하는 여행드로잉 클래스,2026-03-31~2026-08-31,세종예술아카데미 스퀘어홀,126.9760053,37.5726241,,https://culture.seoul.go.kr/cmmn/file/getImage.do?atchFileId=c9b88469d8f0468e960f00b0e5b0785d&thumb=Y,https://culture.seoul.go.kr/culture/culture/cultureEvent/view.do?cultcode=157025&menuNo=200011,
2026-05-12T02:49:40.622578+09:00,광화문·덕수궁,광화문·덕수궁,POI009,KEY_2,[세종문화회관] 세종예술아카데미 [그레이스 발레 (성인 취미 발레)],2026-03-30~2026-06-29,세종문화회관 예술동 4층 종합연습실,126.9760053,37.5726241,,https://culture.seoul.go.kr/cmmn/file/getImage.do?atchFileId=8b685870654e4cd78bf509ea783f7748&thumb=Y,https://culture.seoul.go.kr/culture/culture/cultureEvent/view.do?cultcode=156885&menuNo=200011,.
2026-05-12T02:49:40.622578+09:00,광화문·덕수궁,광화문·덕수궁,POI009,KEY_2,[세종문화회관] 세종예술아카데미 [정연석 작가] 스테들러와 함께하는 여행드로잉 클래스,2026-03-28~2026-09-05,세종예술아카데미 스퀘어홀,126.9760053,37.5726241,,https://culture.seoul.go.kr/cmmn/file/getImage.do?atchFileId=df2237ca7f754d009407bc3321cae86f&thumb=Y,https://culture.seoul.go.kr/culture/culture/cultureEvent/view.do?cultcode=157028&menuNo=200011,
2026-05-12T02:49:40.622578+09:00,광화문·덕수궁,광화문·덕수궁,POI009,KEY_2,[세종문화회관] 세종예술아카데미 [이승익 작가] 스테들러와 함께하는 여행드로잉 클래스,2026-03-28~2026-08-29,세종예술아카데미 스퀘어홀,126.9760053,37.5726241,,https://culture.seoul.go.kr/cmmn/file/getImage.do?atchFileId=09ebfb8dbbcf453e86aadfe529b90ff8&thumb=Y,https://culture.seoul.go.kr/culture/culture/cultureEvent/view.do?cultcode=157027&menuNo=200011,
2026-05-12T02:49:40.622578+09:00,광화문·덕수궁,광화문·덕수궁,POI009,KEY_2,[세종문화회관] 2026 상반기 세종 어린이 발레 아카데미,2026-03-28~2026-06-27,세종문화회관 예술동 4층 종합연습실,126.9760053,37.5726241,,https://culture.seoul.go.kr/cmmn/file/getImage.do?atchFileId=b47ad1471d3d428a9482934f7b03787f&thumb=Y,https://culture.seoul.go.kr/culture/culture/cultureEvent/view.do?cultcode=157104&menuNo=200011,
2026-05-12T02:49:40.622578+09:00,광화문·덕수궁,광화문·덕수궁,POI009,KEY_2,[세종문화회관] 세종예술아카데미 [이야기가 있는 클래식],2026-03-19~2026-05-28,세종문화회관 서클홀,126.9760053,37.5726241,,https://culture.seoul.go.kr/cmmn/file/getImage.do?atchFileId=0373af8e16694df8b923159a02ec0a2a&thumb=Y,https://culture.seoul.go.kr/culture/culture/cultureEvent/view.do?cultcode=156883&menuNo=200011,.
2026-05-12T02:49:40.622578+09:00,광화문·덕수궁,광화문·덕수궁,POI009,KEY_2,[세종문화회관] 세종예술아카데미 [미술사가 이 현의 전시와 함께보는 서양 미술사 - 바로크와 로코코],2026-03-19~2026-05-21,세종문화회관 서클홀,126.9760053,37.5726241,,https://culture.seoul.go.kr/cmmn/file/getImage.do?atchFileId=377ac3cd61d6416baa3b3f43a826b900&thumb=Y,https://culture.seoul.go.kr/culture/culture/cultureEvent/view.do?cultcode=156881&menuNo=200011,.
2026-05-12T02:49:40.622578+09:00,광화문·덕수궁,광화문·덕수궁,POI009,KEY_2,[세종문화회관] 세종예술아카데미 [클래식브런치],2026-03-18~2026-05-20,세종문화회관 서클홀,126.9760053,37.5726241,,https://culture.seoul.go.kr/cmmn/file/getImage.do?atchFileId=43b7fd7ecf2b44d1b7ba2ec25e6cc7a7&thumb=Y,https://culture.seoul.go.kr/culture/culture/cultureEvent/view.do?cultcode=156880&menuNo=200011,.
2026-05-12T02:49:40.622578+09:00,광화문·덕수궁,광화문·덕수궁,POI009,KEY_2,[세종문화회관] 세종예술아카데미 [히든보이스],2026-03-17~2026-06-30,세종문화회관 서클홀,126.9760053,37.5726241,,https://culture.seoul.go.kr/cmmn/file/getImage.do?atchFileId=96b505aa681348d48b661d248108f577&thumb=Y,https://culture.seoul.go.kr/culture/culture/cultureEvent/view.do?cultcode=156809&menuNo=200011,.
2026-05-12T02:49:40.622578+09:00,광화문·덕수궁,광화문·덕수궁,POI009,KEY_2,[세종문화회관] 세종예술아카데미 [2026 상반기 스포츠 in 아트스테이션],2026-03-16~2026-06-26,세종문화회관 오픈스테이지의 탁 트인 마루형 공간,126.9760053,37.5726241,,https://culture.seoul.go.kr/cmmn/file/getImage.do?atchFileId=16cb755c035e4ddc86c7cfbfa3654ca5&thumb=Y,https://culture.seoul.go.kr/culture/culture/cultureEvent/view.do?cultcode=157023&menuNo=200011,
2026-05-12T02:49:40.622578+09:00,광화문·덕수궁,광화문·덕수궁,POI009,KEY_2,[국가유산청 궁능유적본부] 수문장 순라의식,2026-03-01~2026-11-29,(토요일)경복궁 내부 (일요일， 공휴일)인사동 문화의 거리,126.976842133821,37.5759040910202,,https://culture.seoul.go.kr/cmmn/file/getImage.do?atchFileId=923de3d9169e463b9c8098a8e132be38&thumb=Y,https://culture.seoul.go.kr/culture/culture/cultureEvent/view.do?cultcode=156996&menuNo=200013,
2026-05-12T02:49:40.622578+09:00,광화문·덕수궁,광화문·덕수궁,POI009,KEY_2,[서울시] 2026년 서울청년문화패스 신청자 모집,2025-12-22~2026-12-31,온라인 접수,126.97860700965403,37.56672958991572,,https://culture.seoul.go.kr/cmmn/file/getImage.do?atchFileId=24931799627a43ea9e2b4960b00c9c4f&thumb=Y,https://culture.seoul.go.kr/culture/culture/cultureEvent/view.do?cultcode=156277&menuNo=200013,
2026-05-12T02:49:40.622578+09:00,창덕궁·종묘,창덕궁·종묘,POI012,KEY_2,2026년 창경궁 야연(상반기),2026-05-07~2026-05-17,창경궁 문정전 일원,126.993841430623,37.5776239475981,,https://culture.seoul.go.kr/cmmn/file/getImage.do?atchFileId=9e29ccf0743c49d0a4fb2c0ad10ffb9e&thumb=Y,https://culture.seoul.go.kr/culture/culture/cultureEvent/view.do?cultcode=157796&menuNo=200011,
2026-05-12T02:49:40.622578+09:00,창덕궁·종묘,창덕궁·종묘,POI012,KEY_2,2026년 창덕궁 달빛기행(상반기),2026-04-16~2026-05-31,창덕궁,126.989710338876,37.5788697347103,,https://culture.seoul.go.kr/cmmn/file/getImage.do?atchFileId=ff2504aca6df4f19a9a1a3f095c02178&thumb=Y,https://culture.seoul.go.kr/culture/culture/cultureEvent/view.do?cultcode=157394&menuNo=200011,
2026-05-12T02:49:40.622578+09:00,동대문 관광특구,동대문 관광특구,POI002,KEY_1,김영준 x 요시다 유니 기획전 Face to face,2026-05-07~2026-06-07,DDP 이간수문전시장,127.00977973484339,37.56735731522952,,https://culture.seoul.go.kr/cmmn/file/getImage.do?atchFileId=2e699755a39b40619ddea53a22e59ef4&thumb=Y,https://culture.seoul.go.kr/culture/culture/cultureEvent/view.do?cultcode=157672&menuNo=200009,
2026-05-12T02:49:40.622578+09:00,동대문 관광특구,동대문 관광특구,POI002,KEY_1,DDPlay 버스킹 5월 공연 안내,2026-05-01~2026-05-31,DDP 어울림광장， 팔거리,127.00977973484339,37.56735731522952,,https://culture.seoul.go.kr/cmmn/file/getImage.do?atchFileId=06255b5f16c1435a95ddf9214cbe8d86&thumb=Y,https://culture.seoul.go.kr/culture/culture/cultureEvent/view.do?cultcode=157546&menuNo=200008,
2026-05-12T02:49:40.622578+09:00,동대문 관광특구,동대문 관광특구,POI002,KEY_1,Let Dreams Shine! [베베핀 드림랜드],2026-05-01~2026-05-31,동대문디자인플라자 디자인랩1층 DDP쇼룸,127.00977973484339,37.56735731522952,,https://culture.seoul.go.kr/cmmn/file/getImage.do?atchFileId=b578b0a0e4724a718dff9fbd6ca77cbc&thumb=Y,https://culture.seoul.go.kr/culture/culture/cultureEvent/view.do?cultcode=157641&menuNo=200011,
2026-05-12T02:49:40.622578+09:00,동대문 관광특구,동대문 관광특구,POI002,KEY_1,[서울디자인재단] 키크니 특별전 : 그렸고 그런 사이,2026-04-25~2026-09-06,뮤지엄 전시1관,127.00977973484339,37.56735731522952,,https://culture.seoul.go.kr/cmmn/file/getImage.do?atchFileId=5b5e3f16b605439ea83b1ecf8d5ce8b8&thumb=Y,https://culture.seoul.go.kr/culture/culture/cultureEvent/view.do?cultcode=157351&menuNo=200009,
2026-05-12T02:49:40.622578+09:00,동대문 관광특구,동대문 관광특구,POI002,KEY_1,[중구문화재단] 뮤지컬 [스윙 데이즈_암호명 A],2026-04-16~2026-07-05,충무아트센터 대극장,127.014790889728,37.5659409687669,,https://culture.seoul.go.kr/cmmn/file/getImage.do?atchFileId=862c9a38b3b146358637293a4f2c8d30&thumb=Y,https://culture.seoul.go.kr/culture/culture/cultureEvent/view.do?cultcode=156673&menuNo=200008,
2026-05-12T02:49:40.622578+09:00,동대문 관광특구,동대문 관광특구,POI002,KEY_1,[서울시립미술관×중구문화재단] 협력전시 [SeMA Collection: 청록미로],2026-04-15~2026-05-17,충무아트센터 갤러리 G1,127.014790889728,37.5659409687669,,https://culture.seoul.go.kr/cmmn/file/getImage.do?atchFileId=cfa4043b588541618a1c45763ada3e23&thumb=Y,https://culture.seoul.go.kr/culture/culture/cultureEvent/view.do?cultcode=157621&menuNo=200009,
2026-05-12T02:49:40.622578+09:00,동대문 관광특구,동대문 관광특구,POI002,KEY_1,이상한 K-뷰티 : 엄마의 서랍장,2026-04-10~2026-06-10,DDP 마켓 B2F 비더비 다운타운,127.00977973484339,37.56735731522952,,https://culture.seoul.go.kr/cmmn/file/getImage.do?atchFileId=e187f20c0b5d4e7ebcbff38d8f60b63e&thumb=Y,https://culture.seoul.go.kr/culture/culture/cultureEvent/view.do?cultcode=157606&menuNo=200009,
2026-05-12T02:49:40.622578+09:00,동대문 관광특구,동대문 관광특구,POI002,KEY_1,[서울디자인재단] DDP 루프탑 투어_2026,2026-03-21~2026-05-31,DDP 뮤지엄 1층(M3 출입문) 투어 데스크 (시작장소),127.00977973484339,37.56735731522952,,https://culture.seoul.go.kr/cmmn/file/getImage.do?atchFileId=973b28af071b405ea7f6eb7ab715abaa&thumb=Y,https://culture.seoul.go.kr/culture/culture/cultureEvent/view.do?cultcode=157428&menuNo=200011,
2026-05-12T02:49:40.622578+09:00,동대문 관광특구,동대문 관광특구,POI002,KEY_1,BtheB 뷰티기획전 [Beauty For All],2026-02-28~2026-06-07,DDP 지하2층 DDP마켓 비더비,127.00977973484339,37.56735731522952,,https://culture.seoul.go.kr/cmmn/file/getImage.do?atchFileId=5209bf1d22f345568a88cce60bbc8688&thumb=Y,https://culture.seoul.go.kr/culture/culture/cultureEvent/view.do?cultcode=156852&menuNo=200009,
2026-05-12T02:49:40.622578+09:00,동대문 관광특구,동대문 관광특구,POI002,KEY_1,[중구문화재단] 뮤지컬 [홍련],2026-02-28~2026-05-17,충무아트센터 중극장 블랙,127.014790889728,37.5659409687669,,https://culture.seoul.go.kr/cmmn/file/getImage.do?atchFileId=e86257233f3b4d50bf436983435399eb&thumb=Y,https://culture.seoul.go.kr/culture/culture/cultureEvent/view.do?cultcode=156539&menuNo=200008,
2026-05-12T02:49:40.622578+09:00,동대문 관광특구,동대문 관광특구,POI002,KEY_1,[DDP] Dream in Light,2026-01-09~2026-12-31,DDP 전면， 유구전시장 앞， 미래로 상부,127.00977973484339,37.56735731522952,,https://culture.seoul.go.kr/cmmn/file/getImage.do?atchFileId=bfa59aa56eed4af8b441d88bad873037&thumb=Y,https://culture.seoul.go.kr/culture/culture/cultureEvent/view.do?cultcode=156491&menuNo=200009,
2026-05-12T02:49:40.622578+09:00,동대문 관광특구,동대문 관광특구,POI002,KEY_1,[서울디자인재단] DDP 건축투어,2026-01-02~2026-12-31,DDP 뮤지엄 1층 투어데스크,127.00977973484339,37.56735731522952,N,https://culture.seoul.go.kr/cmmn/file/getImage.do?atchFileId=47da849abe944ec9b7dedaf1ab283714&thumb=Y,https://culture.seoul.go.kr/culture/culture/cultureEvent/view.do?cultcode=156552&menuNo=200009,
2026-05-12T02:49:40.622578+09:00,명동 관광특구,명동 관광특구,POI003,KEY_2,[서울도서관] 2026년 서울야외도서관 (책읽는 서울광장， 광화문 책마당， 책읽는 맑은 냇가),2026-04-23~2026-11-01,서울광장， 광화문 광장， 청계천 일대,126.97769782752,37.5653338689441,N,https://culture.seoul.go.kr/cmmn/file/getImage.do?atchFileId=57da07b01aed40ad984d40559a42ae61&thumb=Y,https://culture.seoul.go.kr/culture/culture/cultureEvent/view.do?cultcode=156879&menuNo=200010,
2026-05-12T02:49:40.622578+09:00,명동 관광특구,명동 관광특구,POI003,KEY_2,2026 해치마당 미디어월 봄 전시,2026-04-10~2026-06-19,광화문 역 9번출구 진입로 벽면 해치마당 미디어월,126.976787992565,37.5716228232824,,https://culture.seoul.go.kr/cmmn/file/getImage.do?atchFileId=ac862f94f21744ec8092ccc4372c0539&thumb=Y,https://culture.seoul.go.kr/culture/culture/cultureEvent/view.do?cultcode=157787&menuNo=200009,
2026-05-12T02:49:40.622578+09:00,명동 관광특구,명동 관광특구,POI003,KEY_2,[서울시] 2026년 서울청년문화패스 신청자 모집,2025-12-22~2026-12-31,온라인 접수,126.97860700965403,37.56672958991572,,https://culture.seoul.go.kr/cmmn/file/getImage.do?atchFileId=24931799627a43ea9e2b4960b00c9c4f&thumb=Y,https://culture.seoul.go.kr/culture/culture/cultureEvent/view.do?cultcode=156277&menuNo=200013,
2026-05-12T02:49:40.622578+09:00,잠실 관광특구,잠실 관광특구,POI005,KEY_1,[한성백제박물관] 2026년 상반기 성인 대상 [서울 고대유적 탐방],2026-04-28~2026-06-11,한성백제박물관， 몽촌토성， 풍납동토성， 석촌동고분군 일대,127.12088940368128,37.51543881335773,,https://culture.seoul.go.kr/cmmn/file/getImage.do?atchFileId=3d89263b5e85481c894204ef7a05d20e&thumb=Y,https://culture.seoul.go.kr/culture/culture/cultureEvent/view.do?cultcode=157084&menuNo=200011,
2026-05-12T02:49:40.622578+09:00,잠실 관광특구,잠실 관광특구,POI005,KEY_1,올림픽 조각체험 프로젝트#2 [조각이 꿈+틀],2026-04-17~2026-09-06,소마미술관,127.118166964751,37.516920655117,,https://culture.seoul.go.kr/cmmn/file/getImage.do?atchFileId=6825663978de46c192543240dfbb2185&thumb=Y,https://culture.seoul.go.kr/culture/culture/cultureEvent/view.do?cultcode=157318&menuNo=200009,
2026-05-12T02:49:40.622578+09:00,잠실 관광특구,잠실 관광특구,POI005,KEY_1,[소마미술관] 그림책이 살아있다!,2026-04-17~2026-09-06,소마미술관 2관 기획전시실,127.118166964751,37.516920655117,,https://culture.seoul.go.kr/cmmn/file/getImage.do?atchFileId=cf267080189e4a3eadeeb6c5e8b0ade7&thumb=Y,https://culture.seoul.go.kr/culture/culture/cultureEvent/view.do?cultcode=157116&menuNo=200009,
2026-05-12T02:49:40.622578+09:00,잠실 관광특구,잠실 관광특구,POI005,KEY_1,[소마미술관] 조각이 꿈+틀 [올림픽조각체험프로젝트#02] 상설전,2026-04-17~2026-09-06,소마미술관 2관 상설전시실,127.118166964751,37.516920655117,,https://culture.seoul.go.kr/cmmn/file/getImage.do?atchFileId=c4ac3bd4533342b993b5ccfd5d42086c&thumb=Y,https://culture.seoul.go.kr/culture/culture/cultureEvent/view.do?cultcode=157117&menuNo=200009,
2026-05-12T02:49:40.622578+09:00,잠실 관광특구,잠실 관광특구,POI005,KEY_1,이승택 개인전 [조각의 바깥에서],2026-04-10~2026-07-26,소마미술관,127.118166964751,37.516920655117,,https://culture.seoul.go.kr/cmmn/file/getImage.do?atchFileId=fa83edf506b643e2bec777cac69729ce&thumb=Y,https://culture.seoul.go.kr/culture/culture/cultureEvent/view.do?cultcode=157317&menuNo=200009,
2026-05-12T02:49:40.622578+09:00,잠실 관광특구,잠실 관광특구,POI005,KEY_1,[한성백제박물관] 2026년 상반기 문화다양성 교육 [백제와 함께하는 이웃나라들],2026-03-31~2026-06-30,대면) 박물관 교육실/ (비대면) 각 학급 교실,127.12088940368128,37.51543881335773,,https://culture.seoul.go.kr/cmmn/file/getImage.do?atchFileId=79379b0c10fc462fb325ecdb455dd3db&thumb=Y,https://culture.seoul.go.kr/culture/culture/cultureEvent/view.do?cultcode=157232&menuNo=200011,
2026-05-12T02:49:40.622578+09:00,잠실 관광특구,잠실 관광특구,POI005,KEY_1,[한성백제박물관] 2026 상반기 초등단체 비대면 교육 [서울 쏙! 백제 콕!],2026-03-26~2026-07-03,각 학급 교실(비대면 원격 교육),127.12088940368128,37.51543881335773,,https://culture.seoul.go.kr/cmmn/file/getImage.do?atchFileId=fb761ebe217849eaa4f63b1b0f6ac759&thumb=Y,https://culture.seoul.go.kr/culture/culture/cultureEvent/view.do?cultcode=156907&menuNo=200011,
2026-05-12T02:49:40.622578+09:00,잠실 관광특구,잠실 관광특구,POI005,KEY_1,[한성백제박물관] 2026 상반기 초등단체 대면 교육 [서울 쏙! 백제 콕!],2026-03-26~2026-07-03,한성백제박물관 교육실,127.12088940368128,37.51543881335773,,https://culture.seoul.go.kr/cmmn/file/getImage.do?atchFileId=f3b484610b65420297a3ae47001c6120&thumb=Y,https://culture.seoul.go.kr/culture/culture/cultureEvent/view.do?cultcode=156906&menuNo=200011,
2026-05-12T02:49:40.622578+09:00,잠실 관광특구,잠실 관광특구,POI005,KEY_1,[한성백제박물관] 초등 4~6학년 단체 대면 교육 [한강삼국지: 삼국의 한강 쟁탈전],2026-03-24~2026-07-01,한성백제박물관 교육실,127.12088940368128,37.51543881335773,,https://culture.seoul.go.kr/cmmn/file/getImage.do?atchFileId=0183d0f0f64d43dea7f2f1f5a5823734&thumb=Y,https://culture.seoul.go.kr/culture/culture/cultureEvent/view.do?cultcode=156755&menuNo=200011,
2026-05-12T02:49:40.622578+09:00,잠실 관광특구,잠실 관광특구,POI005,KEY_1,[한성백제박물관] 초등 4~6학년 학급 비대면 교육 [한강삼국지: 삼국의 한강 쟁탈전],2026-03-24~2026-07-01,신청 학급 교실,127.12088940368128,37.51543881335773,,https://culture.seoul.go.kr/cmmn/file/getImage.do?atchFileId=ee2f38002896461d88e55f36df203dfc&thumb=Y,https://culture.seoul.go.kr/culture/culture/cultureEvent/view.do?cultcode=156754&menuNo=200011,
2026-05-12T02:49:40.622578+09:00,잠실 관광특구,잠실 관광특구,POI005,KEY_1,홍범·김주환 2인전 [틈을 걷다],2026-03-24~2026-05-24,더 갤러리 호수,127.107617545434,37.512296516856,,https://culture.seoul.go.kr/cmmn/file/getImage.do?atchFileId=3e31e677b15e459ca780d07a735a163d&thumb=Y,https://culture.seoul.go.kr/culture/culture/cultureEvent/view.do?cultcode=157251&menuNo=200009,
2026-05-12T02:49:40.622578+09:00,잠실 관광특구,잠실 관광특구,POI005,KEY_1,[서울백제어린이박물관] 유단체 대상 [서울역사생태탐험대1] 봄,2026-03-19~2026-05-21,서울백제어린이박물관(교육실， 전시실)， 야외생태체험장， 전시실 등,127.124412,37.523991,,https://culture.seoul.go.kr/cmmn/file/getImage.do?atchFileId=7504518b70b54ac7b5c8367519f44947&thumb=Y,https://culture.seoul.go.kr/culture/culture/cultureEvent/view.do?cultcode=156747&menuNo=200011,
2026-05-12T02:49:40.622578+09:00,잠실 관광특구,잠실 관광특구,POI005,KEY_1,[한성백제박물관] 2026년 상반기 주말가족교육 [문화유산 보존 연구소],2026-03-14~2026-07-04,한성백제박물관 교육실,127.12088940368128,37.51543881335773,,https://culture.seoul.go.kr/cmmn/file/getImage.do?atchFileId=69fec744c82446619d58e8ce8cb6baab&thumb=Y,https://culture.seoul.go.kr/culture/culture/cultureEvent/view.do?cultcode=156850&menuNo=200011,
2026-05-12T02:49:40.622578+09:00,잠실 관광특구,잠실 관광특구,POI005,KEY_1,[한성백제박물관] 2026년 상반기 주말가족탐방 [몽촌토성 탐방],2026-03-14~2026-05-30,몽촌토성， 박물관 교육실,127.12088940368128,37.51543881335773,,https://culture.seoul.go.kr/cmmn/file/getImage.do?atchFileId=31a20aade65d41b882a74ff2a6424ee7&thumb=Y,https://culture.seoul.go.kr/culture/culture/cultureEvent/view.do?cultcode=156851&menuNo=200011,
2026-05-12T02:49:40.622578+09:00,종로·청계 관광특구,종로·청계 관광특구,POI006,KEY_2,2026 해치마당 미디어월 봄 전시,2026-04-10~2026-06-19,광화문 역 9번출구 진입로 벽면 해치마당 미디어월,126.976787992565,37.5716228232824,,https://culture.seoul.go.kr/cmmn/file/getImage.do?atchFileId=ac862f94f21744ec8092ccc4372c0539&thumb=Y,https://culture.seoul.go.kr/culture/culture/cultureEvent/view.do?cultcode=157787&menuNo=200009,
2026-05-12T02:49:40.622578+09:00,종로·청계 관광특구,종로·청계 관광특구,POI006,KEY_2,기.기.기(奇.己.氣): 동시대와 시행착오,2026-04-01~2026-05-31,일민미술관,126.977657083792,37.5698677620456,,https://culture.seoul.go.kr/cmmn/file/getImage.do?atchFileId=6e05d79e4d0e4358b3eae2df5081eb13&thumb=Y,https://culture.seoul.go.kr/culture/culture/cultureEvent/view.do?cultcode=157256&menuNo=200009,
2026-05-12T02:49:40.622578+09:00,고척돔,고척돔,POI086,KEY_2,[서울아트책보고] 처음 만나는 미술사 - 이소영 미술 교육인ㆍ미술 에세이스트,2026-05-02~2026-05-16,서울아트책보고 워크숍룸,126.867088741096,37.4982125677913,,https://culture.seoul.go.kr/cmmn/file/getImage.do?atchFileId=f47a521600bd4c239ce177fe47f7d1e8&thumb=Y,https://culture.seoul.go.kr/culture/culture/cultureEvent/view.do?cultcode=157567&menuNo=200011,
2026-05-12T02:49:40.622578+09:00,고척돔,고척돔,POI086,KEY_2,[서울아트책보고] 나와 타인을 알아가는 글쓰기,2026-04-08~2026-05-13,서울아트책보고,126.867088741096,37.4982125677913,N,https://culture.seoul.go.kr/cmmn/file/getImage.do?atchFileId=934cbbeed0e94753b2ddef8f32fddfe6&thumb=Y,https://culture.seoul.go.kr/culture/culture/cultureEvent/view.do?cultcode=156877&menuNo=200011,
2026-05-12T02:49:40.622578+09:00,고척돔,고척돔,POI086,KEY_2,[서울아트책보고] 처음 만나는 세계,2026-03-10~2026-05-31,서울아트책보고 북카페 앤 라운지,126.867088741096,37.4982125677913,,https://culture.seoul.go.kr/cmmn/file/getImage.do?atchFileId=57c7dae9273d4eaeb82db962852b352e&thumb=Y,https://culture.seoul.go.kr/culture/culture/cultureEvent/view.do?cultcode=156892&menuNo=200009,
2026-05-12T02:49:40.622578+09:00,광화문광장,광화문광장,POI088,KEY_1,2026년 경복궁 [경회루·향원정] 특별관람,2026-04-01~2026-10-30,경복궁 경회루·향원정,126.976842133821,37.5759040910202,,https://culture.seoul.go.kr/cmmn/file/getImage.do?atchFileId=37630da9c19349fbac8494e92e5c64d8&thumb=Y,https://culture.seoul.go.kr/culture/culture/cultureEvent/view.do?cultcode=157389&menuNo=200011,
2026-05-12T02:49:40.622578+09:00,광화문광장,광화문광장,POI088,KEY_1,빛과 어둠의 경계에서,2026-05-02~2026-05-25,세종문화회관 세종S씨어터,126.9760053,37.5726241,,https://culture.seoul.go.kr/cmmn/file/getImage.do?atchFileId=0eeea492c11e4eb7816334e58cfeb6ce&thumb=Y,https://culture.seoul.go.kr/culture/culture/cultureEvent/view.do?cultcode=157335&menuNo=200008,
2026-05-12T02:49:40.622578+09:00,광화문광장,광화문광장,POI088,KEY_1,2026 의정부지 역사유적광장 전통무예행사,2026-04-11~2026-10-31,의정부지 역사유적광장,126.977967142855,37.5748036513699,,https://culture.seoul.go.kr/cmmn/file/getImage.do?atchFileId=628a9bae996a407bbfee67752dd508db&thumb=Y,https://culture.seoul.go.kr/culture/culture/cultureEvent/view.do?cultcode=157327&menuNo=200010,
2026-05-12T02:49:40.622578+09:00,광화문광장,광화문광장,POI088,KEY_1,2026 아뜰리에 광화 봄 전시 [피어나는 빛],2026-04-11~2026-06-19,세종문화회관 외벽 미디어파사드,126.9760053,37.5726241,,https://culture.seoul.go.kr/cmmn/file/getImage.do?atchFileId=196d7f704d5646a2bb4bb40523a8c4aa&thumb=Y,https://culture.seoul.go.kr/culture/culture/cultureEvent/view.do?cultcode=157432&menuNo=200009,
2026-05-12T02:49:40.622578+09:00,광화문광장,광화문광장,POI088,KEY_1,2026 해치마당 미디어월 봄 전시,2026-04-10~2026-06-19,광화문 역 9번출구 진입로 벽면 해치마당 미디어월,126.976787992565,37.5716228232824,,https://culture.seoul.go.kr/cmmn/file/getImage.do?atchFileId=ac862f94f21744ec8092ccc4372c0539&thumb=Y,https://culture.seoul.go.kr/culture/culture/cultureEvent/view.do?cultcode=157787&menuNo=200009,
2026-05-12T02:49:40.622578+09:00,광화문광장,광화문광장,POI088,KEY_1,[경복궁] 2026 생과방(상반기),2026-04-08~2026-05-27,경복궁 생과방,126.976842133821,37.5759040910202,,https://culture.seoul.go.kr/cmmn/file/getImage.do?atchFileId=4864144c5a084ea4a1228924afe585e6&thumb=Y,https://culture.seoul.go.kr/culture/culture/cultureEvent/view.do?cultcode=157368&menuNo=200011,
2026-05-12T02:49:40.622578+09:00,광화문광장,광화문광장,POI088,KEY_1,2026년 집옥재(팔우정 포함) 작은 도서관 개방,2026-04-01~2026-10-31,경복궁 집옥재·팔우정,126.976842133821,37.5759040910202,,https://culture.seoul.go.kr/cmmn/file/getImage.do?atchFileId=d70525e916b548cda13443c9e10190f3&thumb=Y,https://culture.seoul.go.kr/culture/culture/cultureEvent/view.do?cultcode=157383&menuNo=200011,
2026-05-12T02:49:40.622578+09:00,광화문광장,광화문광장,POI088,KEY_1,[세종문화회관] 세종예술아카데미 [정승빈 작가] 스테들러와 함께하는 여행드로잉 클래스,2026-03-31~2026-09-15,세종예술아카데미 스퀘어홀,126.9760053,37.5726241,,https://culture.seoul.go.kr/cmmn/file/getImage.do?atchFileId=a0247bcdf4484818baaca748c977391f&thumb=Y,https://culture.seoul.go.kr/culture/culture/cultureEvent/view.do?cultcode=157026&menuNo=200011,
2026-05-12T02:49:40.622578+09:00,광화문광장,광화문광장,POI088,KEY_1,[세종문화회관] 세종예술아카데미 [박인홍 작가] 스테들러와 함께하는 여행드로잉 클래스,2026-03-31~2026-08-31,세종예술아카데미 스퀘어홀,126.9760053,37.5726241,,https://culture.seoul.go.kr/cmmn/file/getImage.do?atchFileId=c9b88469d8f0468e960f00b0e5b0785d&thumb=Y,https://culture.seoul.go.kr/culture/culture/cultureEvent/view.do?cultcode=157025&menuNo=200011,
2026-05-12T02:49:40.622578+09:00,광화문광장,광화문광장,POI088,KEY_1,[세종문화회관] 세종예술아카데미 [그레이스 발레 (성인 취미 발레)],2026-03-30~2026-06-29,세종문화회관 예술동 4층 종합연습실,126.9760053,37.5726241,,https://culture.seoul.go.kr/cmmn/file/getImage.do?atchFileId=8b685870654e4cd78bf509ea783f7748&thumb=Y,https://culture.seoul.go.kr/culture/culture/cultureEvent/view.do?cultcode=156885&menuNo=200011,.
2026-05-12T02:49:40.622578+09:00,광화문광장,광화문광장,POI088,KEY_1,[세종문화회관] 세종예술아카데미 [정연석 작가] 스테들러와 함께하는 여행드로잉 클래스,2026-03-28~2026-09-05,세종예술아카데미 스퀘어홀,126.9760053,37.5726241,,https://culture.seoul.go.kr/cmmn/file/getImage.do?atchFileId=df2237ca7f754d009407bc3321cae86f&thumb=Y,https://culture.seoul.go.kr/culture/culture/cultureEvent/view.do?cultcode=157028&menuNo=200011,
2026-05-12T02:49:40.622578+09:00,광화문광장,광화문광장,POI088,KEY_1,[세종문화회관] 세종예술아카데미 [이승익 작가] 스테들러와 함께하는 여행드로잉 클래스,2026-03-28~2026-08-29,세종예술아카데미 스퀘어홀,126.9760053,37.5726241,,https://culture.seoul.go.kr/cmmn/file/getImage.do?atchFileId=09ebfb8dbbcf453e86aadfe529b90ff8&thumb=Y,https://culture.seoul.go.kr/culture/culture/cultureEvent/view.do?cultcode=157027&menuNo=200011,
2026-05-12T02:49:40.622578+09:00,광화문광장,광화문광장,POI088,KEY_1,[세종문화회관] 2026 상반기 세종 어린이 발레 아카데미,2026-03-28~2026-06-27,세종문화회관 예술동 4층 종합연습실,126.9760053,37.5726241,,https://culture.seoul.go.kr/cmmn/file/getImage.do?atchFileId=b47ad1471d3d428a9482934f7b03787f&thumb=Y,https://culture.seoul.go.kr/culture/culture/cultureEvent/view.do?cultcode=157104&menuNo=200011,
2026-05-12T02:49:40.622578+09:00,광화문광장,광화문광장,POI088,KEY_1,[세종문화회관] 세종예술아카데미 [이야기가 있는 클래식],2026-03-19~2026-05-28,세종문화회관 서클홀,126.9760053,37.5726241,,https://culture.seoul.go.kr/cmmn/file/getImage.do?atchFileId=0373af8e16694df8b923159a02ec0a2a&thumb=Y,https://culture.seoul.go.kr/culture/culture/cultureEvent/view.do?cultcode=156883&menuNo=200011,.
2026-05-12T02:49:40.622578+09:00,광화문광장,광화문광장,POI088,KEY_1,[세종문화회관] 세종예술아카데미 [미술사가 이 현의 전시와 함께보는 서양 미술사 - 바로크와 로코코],2026-03-19~2026-05-21,세종문화회관 서클홀,126.9760053,37.5726241,,https://culture.seoul.go.kr/cmmn/file/getImage.do?atchFileId=377ac3cd61d6416baa3b3f43a826b900&thumb=Y,https://culture.seoul.go.kr/culture/culture/cultureEvent/view.do?cultcode=156881&menuNo=200011,.
2026-05-12T02:49:40.622578+09:00,광화문광장,광화문광장,POI088,KEY_1,[세종문화회관] 세종예술아카데미 [클래식브런치],2026-03-18~2026-05-20,세종문화회관 서클홀,126.9760053,37.5726241,,https://culture.seoul.go.kr/cmmn/file/getImage.do?atchFileId=43b7fd7ecf2b44d1b7ba2ec25e6cc7a7&thumb=Y,https://culture.seoul.go.kr/culture/culture/cultureEvent/view.do?cultcode=156880&menuNo=200011,.
2026-05-12T02:49:40.622578+09:00,광화문광장,광화문광장,POI088,KEY_1,[세종문화회관] 세종예술아카데미 [히든보이스],2026-03-17~2026-06-30,세종문화회관 서클홀,126.9760053,37.5726241,,https://culture.seoul.go.kr/cmmn/file/getImage.do?atchFileId=96b505aa681348d48b661d248108f577&thumb=Y,https://culture.seoul.go.kr/culture/culture/cultureEvent/view.do?cultcode=156809&menuNo=200011,.
2026-05-12T02:49:40.622578+09:00,광화문광장,광화문광장,POI088,KEY_1,[세종문화회관] 세종예술아카데미 [2026 상반기 스포츠 in 아트스테이션],2026-03-16~2026-06-26,세종문화회관 오픈스테이지의 탁 트인 마루형 공간,126.9760053,37.5726241,,https://culture.seoul.go.kr/cmmn/file/getImage.do?atchFileId=16cb755c035e4ddc86c7cfbfa3654ca5&thumb=Y,https://culture.seoul.go.kr/culture/culture/cultureEvent/view.do?cultcode=157023&menuNo=200011,
2026-05-12T02:49:40.622578+09:00,광화문광장,광화문광장,POI088,KEY_1,[국가유산청 궁능유적본부] 수문장 순라의식,2026-03-01~2026-11-29,(토요일)경복궁 내부 (일요일， 공휴일)인사동 문화의 거리,126.976842133821,37.5759040910202,,https://culture.seoul.go.kr/cmmn/file/getImage.do?atchFileId=923de3d9169e463b9c8098a8e132be38&thumb=Y,https://culture.seoul.go.kr/culture/culture/cultureEvent/view.do?cultcode=156996&menuNo=200013,
2026-05-12T02:49:40.622578+09:00,국립중앙박물관·용산가족공원,국립중앙박물관·용산가족공원,POI089,KEY_2,[국립중앙박물관] 이슬람 미술， 찬란한 빛의 여정,2025-11-22~2026-10-11,국립중앙박물관 상설전시관 이슬람실,126.98020301648833,37.52385582212769,,https://culture.seoul.go.kr/cmmn/file/getImage.do?atchFileId=69db1f87ea6447c6a1fe901e146ce2e1&thumb=Y,https://culture.seoul.go.kr/culture/culture/cultureEvent/view.do?cultcode=156371&menuNo=200009,
2026-05-12T02:49:40.622578+09:00,국립중앙박물관·용산가족공원,국립중앙박물관·용산가족공원,POI089,KEY_2,[국립중앙박물관] 보존과학， 새로운 시작 함께하는 미래,2025-10-28~2026-06-30,국립중앙박물관 보존과학센터 1층,126.98020301648833,37.52385582212769,,https://culture.seoul.go.kr/cmmn/file/getImage.do?atchFileId=649b5716289a4bf2a97dcc27a7962d0c&thumb=Y,https://culture.seoul.go.kr/culture/culture/cultureEvent/view.do?cultcode=156376&menuNo=200009,
2026-05-12T02:49:40.622578+09:00,국립중앙박물관·용산가족공원,국립중앙박물관·용산가족공원,POI089,KEY_2,[국립중앙박물관] 각角진 백자 이야기,2025-08-26~2026-06-21,국립중앙박물관 상설전시관 3층,126.98020301648833,37.52385582212769,,https://culture.seoul.go.kr/cmmn/file/getImage.do?atchFileId=e522fa75398e4832b8862dd5a66863a7&thumb=Y,https://culture.seoul.go.kr/culture/culture/cultureEvent/view.do?cultcode=156377&menuNo=200009,
2026-05-12T02:49:40.622578+09:00,남산공원,남산공원,POI091,KEY_1,2026 서울시 태권도 공연,2026-05-09~2026-10-18,남산골한옥마을， DDP(동대문디자인플라자) 등,126.994440072131,37.559304933707146,,https://culture.seoul.go.kr/cmmn/file/getImage.do?atchFileId=292cefda02074a1bba028aea65b48755&thumb=Y,https://culture.seoul.go.kr/culture/culture/cultureEvent/view.do?cultcode=157783&menuNo=200013,
2026-05-12T02:49:40.622578+09:00,남산공원,남산공원,POI091,KEY_1,[남산골한옥마을] 2026 남산골 전통체험 [예술가의 시간],2026-04-03~2026-10-25,남산골한옥마을 전통가옥 프로그램별 상이,126.994440072131,37.559304933707146,,https://culture.seoul.go.kr/cmmn/file/getImage.do?atchFileId=65cd91f8db7b435e96bed67b434bcb84&thumb=Y,https://culture.seoul.go.kr/culture/culture/cultureEvent/view.do?cultcode=157090&menuNo=200011,
2026-05-12T02:49:40.622578+09:00,남산공원,남산공원,POI091,KEY_1,[남산골한옥마을] 남산골 전통혼례,2026-03-28~2026-11-15,관훈동 민씨가옥 안채 마당 (야외 혼례),126.994440072131,37.559304933707146,,https://culture.seoul.go.kr/cmmn/file/getImage.do?atchFileId=33830aa756d2463ab6ae27c45a425b0e&thumb=Y,https://culture.seoul.go.kr/culture/culture/cultureEvent/view.do?cultcode=156333&menuNo=200010,
2026-05-12T02:49:40.622578+09:00,남산공원,남산공원,POI091,KEY_1,2026 국립극장 어린이 예술학교 유아반 (1학기),2026-03-14~2026-05-23,국립극장 뜰아래연습장 B2 다목적교육실,126.999267349473,37.5519949082942,,https://culture.seoul.go.kr/cmmn/file/getImage.do?atchFileId=4d36afd4ac204d67bade0bd7b035e70a&thumb=Y,https://culture.seoul.go.kr/culture/culture/cultureEvent/view.do?cultcode=156884&menuNo=200011,
2026-05-12T02:49:40.622578+09:00,노들섬,노들섬,POI092,KEY_2,2026 서울거리공연 구석구석라이브,2026-05-01~2026-12-31,공연별 상이,126.958036465507,37.5176638307111,,https://culture.seoul.go.kr/cmmn/file/getImage.do?atchFileId=edccc8857cfe4ac1886089adadae554e&thumb=Y,https://culture.seoul.go.kr/culture/culture/cultureEvent/view.do?cultcode=157655&menuNo=200008,
2026-05-12T02:49:40.622578+09:00,노들섬,노들섬,POI092,KEY_2,[서울문화재단] 2026 신당창작아케이드 [어쩌다 마주친 공예 in 노들섬],2026-03-27~2026-12-31,노들섬 노들서가 내 아트스페이스 엣지 1층 (서울특별시 용산구 양녕로 445),126.958036465507,37.5176638307111,,https://culture.seoul.go.kr/cmmn/file/getImage.do?atchFileId=a8c296336d0f4398b55de07ad93424af&thumb=Y,https://culture.seoul.go.kr/culture/culture/cultureEvent/view.do?cultcode=157363&menuNo=200009,
2026-05-12T02:49:40.622578+09:00,서울숲공원,서울숲공원,POI101,KEY_2,2026 서로장터,2026-04-26~2026-11-01,서울광장， 서울숲， 양재시민의 숲， 잠수교,127.041799099222,37.5430701468405,N,https://culture.seoul.go.kr/cmmn/file/getImage.do?atchFileId=b5b274e789f84a8da67e6c2ec3815326&thumb=Y,https://culture.seoul.go.kr/culture/culture/cultureEvent/view.do?cultcode=157478&menuNo=200010,
2026-05-12T02:49:40.622578+09:00,서울숲공원,서울숲공원,POI101,KEY_2,2026 서울국제정원박람회,2026-05-01~2026-10-27,서울숲 일대,127.041799099222,37.5430701468405,,https://culture.seoul.go.kr/cmmn/file/getImage.do?atchFileId=94950c28bee44177bf2bff226fec0dc4&thumb=Y,https://culture.seoul.go.kr/culture/culture/cultureEvent/view.do?cultcode=156916&menuNo=200010,
2026-05-12T02:49:40.622578+09:00,송현녹지광장,송현녹지광장,POI129,KEY_3,[서울공예박물관] 공예협력전시 [안동별궁， 시간의 겹],2026-04-28~2027-08-29,서울공예박물관 전시1동 3층 기획전시실,126.983533363501,37.5766481740232,N,https://culture.seoul.go.kr/cmmn/file/getImage.do?atchFileId=a1622fcb6e024123ac90f40cdc8e32fd&thumb=Y,https://culture.seoul.go.kr/culture/culture/cultureEvent/view.do?cultcode=157420&menuNo=200009,
2026-05-12T02:49:40.622578+09:00,송현녹지광장,송현녹지광장,POI129,KEY_3,[서울공예박물관] 한불수교 140주년 기념전시 [더 하이브리드],2026-04-28~2026-07-26,서울공예박물관 전시1동 3층 기획전시실,126.983533363501,37.5766481740232,N,https://culture.seoul.go.kr/cmmn/file/getImage.do?atchFileId=aaaf677cdfac468db6f5c9e13fd397ad&thumb=Y,https://culture.seoul.go.kr/culture/culture/cultureEvent/view.do?cultcode=157211&menuNo=200009,
2026-05-12T02:49:40.622578+09:00,송현녹지광장,송현녹지광장,POI129,KEY_3,[서울공예박물관] 공예동행@쇼윈도 #2. 빛의 흐름 The Flow of Light,2026-04-08~2026-05-31,전시3동 1층 쇼윈도 갤러리,126.983533363501,37.5766481740232,,https://culture.seoul.go.kr/cmmn/file/getImage.do?atchFileId=d813307c6065486caf69b2ad498a0e61&thumb=Y,https://culture.seoul.go.kr/culture/culture/cultureEvent/view.do?cultcode=157354&menuNo=200009,
2026-05-12T02:49:40.622578+09:00,송현녹지광장,송현녹지광장,POI129,KEY_3,스펙트로신테시스 서울 Spectrosynthesis Seoul,2026-03-20~2026-06-28,아트선재센터,126.981839239613,37.5794635323506,,https://culture.seoul.go.kr/cmmn/file/getImage.do?atchFileId=1bbb87d0d71243b996db22604e96a261&thumb=Y,https://culture.seoul.go.kr/culture/culture/cultureEvent/view.do?cultcode=157262&menuNo=200009,
2026-05-12T02:49:40.622578+09:00,어린이대공원,어린이대공원,POI104,KEY_1,[서울상상나라] 2F 기획전시 [사랑하는 모양이야],2025-11-15~2026-11-15,2층 서울형 키즈카페 시립 서울상상나라점,127.077569,37.55055,,https://culture.seoul.go.kr/cmmn/file/getImage.do?atchFileId=49257064be8745158d56780a881325da&thumb=Y,https://culture.seoul.go.kr/culture/culture/cultureEvent/view.do?cultcode=156165&menuNo=200009,
2026-05-12T02:49:40.622578+09:00,어린이대공원,어린이대공원,POI104,KEY_1,[서울상상나라] 통-하다,2025-11-11~2026-11-11,서울상상나라 1층 상설전시실,127.077569,37.55055,,https://culture.seoul.go.kr/cmmn/file/getImage.do?atchFileId=43c7d50c4bcf488982db4ed5e5d6a2a9&thumb=Y,https://culture.seoul.go.kr/culture/culture/cultureEvent/view.do?cultcode=155891&menuNo=200009,
2026-05-12T02:49:40.622578+09:00,어린이대공원,어린이대공원,POI104,KEY_1,[서울상상나라] 그림책 작업실:엉뚱하고 기발한,2025-07-15~2026-07-15,서울상상나라 지하 1층 기획전시실,127.077569,37.55055,,https://culture.seoul.go.kr/cmmn/file/getImage.do?atchFileId=96afe0108a624e499e8ba01e7cb308c1&thumb=Y,https://culture.seoul.go.kr/culture/culture/cultureEvent/view.do?cultcode=154150&menuNo=200009,
2026-05-12T02:49:40.622578+09:00,올림픽공원,올림픽공원,POI127,KEY_1,[한성백제박물관] 2026년 상반기 성인 대상 [서울 고대유적 탐방],2026-04-28~2026-06-11,한성백제박물관， 몽촌토성， 풍납동토성， 석촌동고분군 일대,127.12088940368128,37.51543881335773,,https://culture.seoul.go.kr/cmmn/file/getImage.do?atchFileId=3d89263b5e85481c894204ef7a05d20e&thumb=Y,https://culture.seoul.go.kr/culture/culture/cultureEvent/view.do?cultcode=157084&menuNo=200011,
2026-05-12T02:49:40.622578+09:00,올림픽공원,올림픽공원,POI127,KEY_1,올림픽 조각체험 프로젝트#2 [조각이 꿈+틀],2026-04-17~2026-09-06,소마미술관,127.118166964751,37.516920655117,,https://culture.seoul.go.kr/cmmn/file/getImage.do?atchFileId=6825663978de46c192543240dfbb2185&thumb=Y,https://culture.seoul.go.kr/culture/culture/cultureEvent/view.do?cultcode=157318&menuNo=200009,
2026-05-12T02:49:40.622578+09:00,올림픽공원,올림픽공원,POI127,KEY_1,[소마미술관] 그림책이 살아있다!,2026-04-17~2026-09-06,소마미술관 2관 기획전시실,127.118166964751,37.516920655117,,https://culture.seoul.go.kr/cmmn/file/getImage.do?atchFileId=cf267080189e4a3eadeeb6c5e8b0ade7&thumb=Y,https://culture.seoul.go.kr/culture/culture/cultureEvent/view.do?cultcode=157116&menuNo=200009,
2026-05-12T02:49:40.622578+09:00,올림픽공원,올림픽공원,POI127,KEY_1,[소마미술관] 조각이 꿈+틀 [올림픽조각체험프로젝트#02] 상설전,2026-04-17~2026-09-06,소마미술관 2관 상설전시실,127.118166964751,37.516920655117,,https://culture.seoul.go.kr/cmmn/file/getImage.do?atchFileId=c4ac3bd4533342b993b5ccfd5d42086c&thumb=Y,https://culture.seoul.go.kr/culture/culture/cultureEvent/view.do?cultcode=157117&menuNo=200009,
2026-05-12T02:49:40.622578+09:00,올림픽공원,올림픽공원,POI127,KEY_1,이승택 개인전 [조각의 바깥에서],2026-04-10~2026-07-26,소마미술관,127.118166964751,37.516920655117,,https://culture.seoul.go.kr/cmmn/file/getImage.do?atchFileId=fa83edf506b643e2bec777cac69729ce&thumb=Y,https://culture.seoul.go.kr/culture/culture/cultureEvent/view.do?cultcode=157317&menuNo=200009,
2026-05-12T02:49:40.622578+09:00,올림픽공원,올림픽공원,POI127,KEY_1,[한성백제박물관] 2026년 상반기 문화다양성 교육 [백제와 함께하는 이웃나라들],2026-03-31~2026-06-30,대면) 박물관 교육실/ (비대면) 각 학급 교실,127.12088940368128,37.51543881335773,,https://culture.seoul.go.kr/cmmn/file/getImage.do?atchFileId=79379b0c10fc462fb325ecdb455dd3db&thumb=Y,https://culture.seoul.go.kr/culture/culture/cultureEvent/view.do?cultcode=157232&menuNo=200011,
2026-05-12T02:49:40.622578+09:00,올림픽공원,올림픽공원,POI127,KEY_1,[한성백제박물관] 2026 상반기 초등단체 비대면 교육 [서울 쏙! 백제 콕!],2026-03-26~2026-07-03,각 학급 교실(비대면 원격 교육),127.12088940368128,37.51543881335773,,https://culture.seoul.go.kr/cmmn/file/getImage.do?atchFileId=fb761ebe217849eaa4f63b1b0f6ac759&thumb=Y,https://culture.seoul.go.kr/culture/culture/cultureEvent/view.do?cultcode=156907&menuNo=200011,
2026-05-12T02:49:40.622578+09:00,올림픽공원,올림픽공원,POI127,KEY_1,[한성백제박물관] 2026 상반기 초등단체 대면 교육 [서울 쏙! 백제 콕!],2026-03-26~2026-07-03,한성백제박물관 교육실,127.12088940368128,37.51543881335773,,https://culture.seoul.go.kr/cmmn/file/getImage.do?atchFileId=f3b484610b65420297a3ae47001c6120&thumb=Y,https://culture.seoul.go.kr/culture/culture/cultureEvent/view.do?cultcode=156906&menuNo=200011,
2026-05-12T02:49:40.622578+09:00,올림픽공원,올림픽공원,POI127,KEY_1,[한성백제박물관] 초등 4~6학년 단체 대면 교육 [한강삼국지: 삼국의 한강 쟁탈전],2026-03-24~2026-07-01,한성백제박물관 교육실,127.12088940368128,37.51543881335773,,https://culture.seoul.go.kr/cmmn/file/getImage.do?atchFileId=0183d0f0f64d43dea7f2f1f5a5823734&thumb=Y,https://culture.seoul.go.kr/culture/culture/cultureEvent/view.do?cultcode=156755&menuNo=200011,
2026-05-12T02:49:40.622578+09:00,올림픽공원,올림픽공원,POI127,KEY_1,[한성백제박물관] 초등 4~6학년 학급 비대면 교육 [한강삼국지: 삼국의 한강 쟁탈전],2026-03-24~2026-07-01,신청 학급 교실,127.12088940368128,37.51543881335773,,https://culture.seoul.go.kr/cmmn/file/getImage.do?atchFileId=ee2f38002896461d88e55f36df203dfc&thumb=Y,https://culture.seoul.go.kr/culture/culture/cultureEvent/view.do?cultcode=156754&menuNo=200011,
2026-05-12T02:49:40.622578+09:00,올림픽공원,올림픽공원,POI127,KEY_1,[서울백제어린이박물관] 유단체 대상 [서울역사생태탐험대1] 봄,2026-03-19~2026-05-21,서울백제어린이박물관(교육실， 전시실)， 야외생태체험장， 전시실 등,127.124412,37.523991,,https://culture.seoul.go.kr/cmmn/file/getImage.do?atchFileId=7504518b70b54ac7b5c8367519f44947&thumb=Y,https://culture.seoul.go.kr/culture/culture/cultureEvent/view.do?cultcode=156747&menuNo=200011,
2026-05-12T02:49:40.622578+09:00,올림픽공원,올림픽공원,POI127,KEY_1,[한성백제박물관] 2026년 상반기 주말가족교육 [문화유산 보존 연구소],2026-03-14~2026-07-04,한성백제박물관 교육실,127.12088940368128,37.51543881335773,,https://culture.seoul.go.kr/cmmn/file/getImage.do?atchFileId=69fec744c82446619d58e8ce8cb6baab&thumb=Y,https://culture.seoul.go.kr/culture/culture/cultureEvent/view.do?cultcode=156850&menuNo=200011,
2026-05-12T02:49:40.622578+09:00,올림픽공원,올림픽공원,POI127,KEY_1,[한성백제박물관] 2026년 상반기 주말가족탐방 [몽촌토성 탐방],2026-03-14~2026-05-30,몽촌토성， 박물관 교육실,127.12088940368128,37.51543881335773,,https://culture.seoul.go.kr/cmmn/file/getImage.do?atchFileId=31a20aade65d41b882a74ff2a6424ee7&thumb=Y,https://culture.seoul.go.kr/culture/culture/cultureEvent/view.do?cultcode=156851&menuNo=200011,
2026-05-12T02:49:40.622578+09:00,북촌한옥마을,북촌한옥마을,POI066,KEY_3,[갤러리지우헌] 허상욱 개인전: 분청 마음,2026-05-06~2026-06-03,갤러리 지우헌,126.982999426985,37.5833833879584,,https://culture.seoul.go.kr/cmmn/file/getImage.do?atchFileId=cbdadfe6623e471d8e41a958828bab71&thumb=Y,https://culture.seoul.go.kr/culture/culture/cultureEvent/view.do?cultcode=157715&menuNo=200009,전시 오프닝은 5월 6일 오후 4시에 진행되며， 작가가 직접 작품을 소개하는 자리가 마련될 예정이다. 행사에는 100년 전통 ㈜지평주조의 ‘지평탁주’가 함께 제공됩니다.
2026-05-12T02:49:40.622578+09:00,북촌한옥마을,북촌한옥마을,POI066,KEY_3,[서울공예박물관] 공예협력전시 [안동별궁， 시간의 겹],2026-04-28~2027-08-29,서울공예박물관 전시1동 3층 기획전시실,126.983533363501,37.5766481740232,N,https://culture.seoul.go.kr/cmmn/file/getImage.do?atchFileId=a1622fcb6e024123ac90f40cdc8e32fd&thumb=Y,https://culture.seoul.go.kr/culture/culture/cultureEvent/view.do?cultcode=157420&menuNo=200009,
2026-05-12T02:49:40.622578+09:00,북촌한옥마을,북촌한옥마을,POI066,KEY_3,[서울공예박물관] 한불수교 140주년 기념전시 [더 하이브리드],2026-04-28~2026-07-26,서울공예박물관 전시1동 3층 기획전시실,126.983533363501,37.5766481740232,N,https://culture.seoul.go.kr/cmmn/file/getImage.do?atchFileId=aaaf677cdfac468db6f5c9e13fd397ad&thumb=Y,https://culture.seoul.go.kr/culture/culture/cultureEvent/view.do?cultcode=157211&menuNo=200009,
2026-05-12T02:49:40.622578+09:00,북촌한옥마을,북촌한옥마을,POI066,KEY_3,[서울공예박물관] 공예동행@쇼윈도 #2. 빛의 흐름 The Flow of Light,2026-04-08~2026-05-31,전시3동 1층 쇼윈도 갤러리,126.983533363501,37.5766481740232,,https://culture.seoul.go.kr/cmmn/file/getImage.do?atchFileId=d813307c6065486caf69b2ad498a0e61&thumb=Y,https://culture.seoul.go.kr/culture/culture/cultureEvent/view.do?cultcode=157354&menuNo=200009,
2026-05-12T02:49:40.622578+09:00,북촌한옥마을,북촌한옥마을,POI066,KEY_3,스펙트로신테시스 서울 Spectrosynthesis Seoul,2026-03-20~2026-06-28,아트선재센터,126.981839239613,37.5794635323506,,https://culture.seoul.go.kr/cmmn/file/getImage.do?atchFileId=1bbb87d0d71243b996db22604e96a261&thumb=Y,https://culture.seoul.go.kr/culture/culture/cultureEvent/view.do?cultcode=157262&menuNo=200009,
2026-05-12T02:49:40.622578+09:00,서촌,서촌,POI067,KEY_1,[서울생활문화센터 체부] 체부작업展 [선 위에 머무는 마음],2026-04-28~2026-06-30,윈도우 갤러리， 금오재 마실,126.97148941423,37.5767084987432,,https://culture.seoul.go.kr/cmmn/file/getImage.do?atchFileId=b51cfd4f38d64d21be656e622812b5cb&thumb=Y,https://culture.seoul.go.kr/culture/culture/cultureEvent/view.do?cultcode=157790&menuNo=200009,
2026-05-12T02:49:40.622578+09:00,서촌,서촌,POI067,KEY_1,[종로문화재단] 금빛으로 지은 옷을 여미다,2025-12-16~2026-06-26,배화여자대학교 도서관 1층 전통문화전시실,126.967291871532,37.5795440101952,,https://culture.seoul.go.kr/cmmn/file/getImage.do?atchFileId=dc73759daf4e460fb1b9184a298f8c43&thumb=Y,https://culture.seoul.go.kr/culture/culture/cultureEvent/view.do?cultcode=156309&menuNo=200009,
2026-05-12T02:49:40.622578+09:00,서촌,서촌,POI067,KEY_1,[종로문화재단] 박노수미술관 개관12주년 기념전시 [산수·격물],2025-09-19~2026-12-06,종로구립 박노수미술관,126.966818545949,37.5813191962491,,https://culture.seoul.go.kr/cmmn/file/getImage.do?atchFileId=b3d1bbb9284b4b97bda71e967e5bb5a9&thumb=Y,https://culture.seoul.go.kr/culture/culture/cultureEvent/view.do?cultcode=155699&menuNo=200009,
2026-05-12T02:49:40.622578+09:00,인사동,인사동,POI078,KEY_3,[서울무형유산교육전시장] 2026년 운현궁에서 배우는 전통매듭 체험 모집,2026-05-06~2026-05-27,운현궁 이로당,126.98708335796199,37.57607864675475,,https://culture.seoul.go.kr/cmmn/file/getImage.do?atchFileId=d9f7c6b35e4b444dab781fe2fd07b841&thumb=Y,https://culture.seoul.go.kr/culture/culture/cultureEvent/view.do?cultcode=157558&menuNo=200011,
2026-05-12T02:49:40.622578+09:00,인사동,인사동,POI078,KEY_3,[노화랑] 기획전 [IN PINK],2026-04-23~2026-05-14,노화랑 1， 2층 전시장,126.984085733694,37.5748603162364,N,https://culture.seoul.go.kr/cmmn/file/getImage.do?atchFileId=813a89fb33224ca9b184a59c222a411b&thumb=Y,https://culture.seoul.go.kr/culture/culture/cultureEvent/view.do?cultcode=157488&menuNo=200009,
2026-05-12T02:49:40.622578+09:00,인사동,인사동,POI078,KEY_3,[서울우리소리박물관] 2026년 상반기 외국인 전통문화체험,2026-04-16~2026-05-14,서울우리소리박물관 상설전시실 및 교육실,126.989622047178,37.577157928122,,https://culture.seoul.go.kr/cmmn/file/getImage.do?atchFileId=183cd9e9b78549d098992df989c47096&thumb=Y,https://culture.seoul.go.kr/culture/culture/cultureEvent/view.do?cultcode=157200&menuNo=200011,
2026-05-12T02:49:40.622578+09:00,인사동,인사동,POI078,KEY_3,[운현궁] 2026 서울 운현궁 예절교실,2026-04-01~2026-06-12,운현궁 이로당， 노락당,126.98708335796199,37.57607864675475,,https://culture.seoul.go.kr/cmmn/file/getImage.do?atchFileId=48bfe53ae79b43ffa93809a0bea94372&thumb=Y,https://culture.seoul.go.kr/culture/culture/cultureEvent/view.do?cultcode=156901&menuNo=200011,
2026-05-12T02:49:40.622578+09:00,인사동,인사동,POI078,KEY_3,[서울생활문화센터 낙원] 초보기타 교실 추가모집 / 색소폰 교실 & 클리닉,2026-03-18~2026-06-24,서울생활문화센터 낙원 5번 안내실,126.987902476529,37.5727635233966,,https://culture.seoul.go.kr/cmmn/file/getImage.do?atchFileId=19019906a68a46efbe0ae1c1d60984bd&thumb=Y,https://culture.seoul.go.kr/culture/culture/cultureEvent/view.do?cultcode=156978&menuNo=200011,
2026-05-12T02:49:40.622578+09:00,인사동,인사동,POI078,KEY_3,[서울우리소리박물관] 2026 자율학습 프로그램 [우리소리 친구들],2026-02-09~2026-12-31,누마루 또는 교육실,126.989622047178,37.577157928122,,https://culture.seoul.go.kr/cmmn/file/getImage.do?atchFileId=94d1c28647de4daf8f612b8fe830a020&thumb=Y,https://culture.seoul.go.kr/culture/culture/cultureEvent/view.do?cultcode=156746&menuNo=200011,
2026-05-12T02:49:40.622578+09:00,인사동,인사동,POI078,KEY_3,[서울우리소리박물관] 2025 서울우리소리박물관 기획전 [한강， 소리로 흐르다],2025-06-19~2026-05-28,서울우리소리박물관 기획전시실,126.989622047178,37.577157928122,,https://culture.seoul.go.kr/cmmn/file/getImage.do?atchFileId=6cbae2fb2066497e9499c66996d2aad8&thumb=Y,https://culture.seoul.go.kr/culture/culture/cultureEvent/view.do?cultcode=154089&menuNo=200009,
2026-05-12T02:49:40.622578+09:00,창동 신경제 중심지,창동 신경제 중심지,POI079,KEY_2,[서울시립 사진미술관] 어린이를 위한 감상교육 [미술관 탐험],2026-05-02~2026-06-13,서울시립 사진미술관 전시실 및 1교육실,127.048947814686,37.6555150225578,,https://culture.seoul.go.kr/cmmn/file/getImage.do?atchFileId=3b060851bfe0447fa662c416d69083b5&thumb=Y,https://culture.seoul.go.kr/culture/culture/cultureEvent/view.do?cultcode=157761&menuNo=200011,
2026-05-12T02:49:40.622578+09:00,창동 신경제 중심지,창동 신경제 중심지,POI079,KEY_2,[서울시립 사진미술관] 2026 서울사진축제 : 미술관 속 영화관 [진과 세계 사이에서],2026-04-24~2026-05-29,서울시립 사진미술관 2층 영상홀,127.048947814686,37.6555150225578,,https://culture.seoul.go.kr/cmmn/file/getImage.do?atchFileId=7938fe59e75e4986abeeaa7b0d1b15a9&thumb=Y,https://culture.seoul.go.kr/culture/culture/cultureEvent/view.do?cultcode=157489&menuNo=200013,
2026-05-12T02:49:40.622578+09:00,창동 신경제 중심지,창동 신경제 중심지,POI079,KEY_2,[서울시립 사진미술관] 2026 서울사진축제 : 포토라이브러리 워크숍 [일요일의 독서클럽],2026-04-12~2026-06-07,2층 영상홀， 4층 포토라이브러리,127.048947814686,37.6555150225578,,https://culture.seoul.go.kr/cmmn/file/getImage.do?atchFileId=498300d2f5194d3b8fd3d736e7cb345f&thumb=Y,https://culture.seoul.go.kr/culture/culture/cultureEvent/view.do?cultcode=157487&menuNo=200011,
2026-05-12T02:49:40.622578+09:00,창동 신경제 중심지,창동 신경제 중심지,POI079,KEY_2,[서울시립 사진미술관] 2026 서울사진축제 : Photo SeMA 기획서가 [모두를 위한 사진책],2026-04-09~2026-07-05,서울시립 사진미술관 4층 포토라이브러리,127.048947814686,37.6555150225578,,https://culture.seoul.go.kr/cmmn/file/getImage.do?atchFileId=65ddc38604e4492b869a6d972a08ec81&thumb=Y,https://culture.seoul.go.kr/culture/culture/cultureEvent/view.do?cultcode=157578&menuNo=200009,
2026-05-12T02:49:40.622578+09:00,창동 신경제 중심지,창동 신경제 중심지,POI079,KEY_2,[서울시립 사진미술관] 2026 서울사진축제 [서울 사진 산책],2026-04-09~2026-06-14,서울 시내 24개소 문화공간 / 외부 별도 장소,127.048947814686,37.6555150225578,,https://culture.seoul.go.kr/cmmn/file/getImage.do?atchFileId=10e7f9cf6cd94078a47d5e519a4b6e7f&thumb=Y,https://culture.seoul.go.kr/culture/culture/cultureEvent/view.do?cultcode=157349&menuNo=200009,
2026-05-12T02:49:40.622578+09:00,창동 신경제 중심지,창동 신경제 중심지,POI079,KEY_2,[서울시립 사진미술관] 2026 서울사진축제 : 아티스트 토크 [작가의 방],2026-04-09~2026-06-14,서울시립 사진미술관 2층  영상홀,127.048947814686,37.6555150225578,,https://culture.seoul.go.kr/cmmn/file/getImage.do?atchFileId=20a62cd7a4a5468a905848cae3284ff6&thumb=Y,https://culture.seoul.go.kr/culture/culture/cultureEvent/view.do?cultcode=157475&menuNo=200009,
2026-05-12T02:49:40.622578+09:00,창동 신경제 중심지,창동 신경제 중심지,POI079,KEY_2,[서울시립 사진미술관] 서울사진축제 《컴백홈》,2026-04-09~2026-06-14,서울시립 사진미술관,127.048947814686,37.6555150225578,,https://culture.seoul.go.kr/cmmn/file/getImage.do?atchFileId=c4c9d45245364ab48711d6ccbeb9e699&thumb=Y,https://culture.seoul.go.kr/culture/culture/cultureEvent/view.do?cultcode=157269&menuNo=200009,
2026-05-12T02:49:40.622578+09:00,창동 신경제 중심지,창동 신경제 중심지,POI079,KEY_2,[서울시립 사진미술관] 포토 디스커버리 프로젝트 《사진집》,2026-03-18~2026-06-14,서울시립 사진미술관 1층 로비,127.048947814686,37.6555150225578,,https://culture.seoul.go.kr/cmmn/file/getImage.do?atchFileId=0f7936d9f2d94354a36657010b418fbb&thumb=Y,https://culture.seoul.go.kr/culture/culture/cultureEvent/view.do?cultcode=157141&menuNo=200009,
2026-05-12T02:49:40.622578+09:00,DDP(동대문디자인플라자),DDP(동대문디자인플라자),POI083,KEY_3,김영준 x 요시다 유니 기획전 Face to face,2026-05-07~2026-06-07,DDP 이간수문전시장,127.00977973484339,37.56735731522952,,https://culture.seoul.go.kr/cmmn/file/getImage.do?atchFileId=2e699755a39b40619ddea53a22e59ef4&thumb=Y,https://culture.seoul.go.kr/culture/culture/cultureEvent/view.do?cultcode=157672&menuNo=200009,
2026-05-12T02:49:40.622578+09:00,DDP(동대문디자인플라자),DDP(동대문디자인플라자),POI083,KEY_3,DDPlay 버스킹 5월 공연 안내,2026-05-01~2026-05-31,DDP 어울림광장， 팔거리,127.00977973484339,37.56735731522952,,https://culture.seoul.go.kr/cmmn/file/getImage.do?atchFileId=06255b5f16c1435a95ddf9214cbe8d86&thumb=Y,https://culture.seoul.go.kr/culture/culture/cultureEvent/view.do?cultcode=157546&menuNo=200008,
2026-05-12T02:49:40.622578+09:00,DDP(동대문디자인플라자),DDP(동대문디자인플라자),POI083,KEY_3,Let Dreams Shine! [베베핀 드림랜드],2026-05-01~2026-05-31,동대문디자인플라자 디자인랩1층 DDP쇼룸,127.00977973484339,37.56735731522952,,https://culture.seoul.go.kr/cmmn/file/getImage.do?atchFileId=b578b0a0e4724a718dff9fbd6ca77cbc&thumb=Y,https://culture.seoul.go.kr/culture/culture/cultureEvent/view.do?cultcode=157641&menuNo=200011,
2026-05-12T02:49:40.622578+09:00,DDP(동대문디자인플라자),DDP(동대문디자인플라자),POI083,KEY_3,[서울디자인재단] 키크니 특별전 : 그렸고 그런 사이,2026-04-25~2026-09-06,뮤지엄 전시1관,127.00977973484339,37.56735731522952,,https://culture.seoul.go.kr/cmmn/file/getImage.do?atchFileId=5b5e3f16b605439ea83b1ecf8d5ce8b8&thumb=Y,https://culture.seoul.go.kr/culture/culture/cultureEvent/view.do?cultcode=157351&menuNo=200009,
2026-05-12T02:49:40.622578+09:00,DDP(동대문디자인플라자),DDP(동대문디자인플라자),POI083,KEY_3,이상한 K-뷰티 : 엄마의 서랍장,2026-04-10~2026-06-10,DDP 마켓 B2F 비더비 다운타운,127.00977973484339,37.56735731522952,,https://culture.seoul.go.kr/cmmn/file/getImage.do?atchFileId=e187f20c0b5d4e7ebcbff38d8f60b63e&thumb=Y,https://culture.seoul.go.kr/culture/culture/cultureEvent/view.do?cultcode=157606&menuNo=200009,
2026-05-12T02:49:40.622578+09:00,DDP(동대문디자인플라자),DDP(동대문디자인플라자),POI083,KEY_3,[서울디자인재단] DDP 루프탑 투어_2026,2026-03-21~2026-05-31,DDP 뮤지엄 1층(M3 출입문) 투어 데스크 (시작장소),127.00977973484339,37.56735731522952,,https://culture.seoul.go.kr/cmmn/file/getImage.do?atchFileId=973b28af071b405ea7f6eb7ab715abaa&thumb=Y,https://culture.seoul.go.kr/culture/culture/cultureEvent/view.do?cultcode=157428&menuNo=200011,
2026-05-12T02:49:40.622578+09:00,DDP(동대문디자인플라자),DDP(동대문디자인플라자),POI083,KEY_3,BtheB 뷰티기획전 [Beauty For All],2026-02-28~2026-06-07,DDP 지하2층 DDP마켓 비더비,127.00977973484339,37.56735731522952,,https://culture.seoul.go.kr/cmmn/file/getImage.do?atchFileId=5209bf1d22f345568a88cce60bbc8688&thumb=Y,https://culture.seoul.go.kr/culture/culture/cultureEvent/view.do?cultcode=156852&menuNo=200009,
2026-05-12T02:49:40.622578+09:00,DDP(동대문디자인플라자),DDP(동대문디자인플라자),POI083,KEY_3,[DDP] Dream in Light,2026-01-09~2026-12-31,DDP 전면， 유구전시장 앞， 미래로 상부,127.00977973484339,37.56735731522952,,https://culture.seoul.go.kr/cmmn/file/getImage.do?atchFileId=bfa59aa56eed4af8b441d88bad873037&thumb=Y,https://culture.seoul.go.kr/culture/culture/cultureEvent/view.do?cultcode=156491&menuNo=200009,
2026-05-12T02:49:40.622578+09:00,DDP(동대문디자인플라자),DDP(동대문디자인플라자),POI083,KEY_3,[서울디자인재단] DDP 건축투어,2026-01-02~2026-12-31,DDP 뮤지엄 1층 투어데스크,127.00977973484339,37.56735731522952,N,https://culture.seoul.go.kr/cmmn/file/getImage.do?atchFileId=47da849abe944ec9b7dedaf1ab283714&thumb=Y,https://culture.seoul.go.kr/culture/culture/cultureEvent/view.do?cultcode=156552&menuNo=200009,
2026-05-12T02:49:40.622578+09:00,서울식물원·마곡나루역,서울식물원·마곡나루역,POI032,KEY_1,[서울식물원] 2026 낭만수국전 HYDRANGEA SHOW,2026-05-02~2026-05-31,서울식물원 전시온실 지중해관,126.83500723721524,37.569657094189104,,https://culture.seoul.go.kr/cmmn/file/getImage.do?atchFileId=969c3a5bc5694862bdd4688ca678571d&thumb=Y,https://culture.seoul.go.kr/culture/culture/cultureEvent/view.do?cultcode=157795&menuNo=200009,
2026-05-12T02:49:40.622578+09:00,서울식물원·마곡나루역,서울식물원·마곡나루역,POI032,KEY_1,[서울식물원] 주제정원 봄 전시 [봄빛 정원: 땅에서 피어난 봄빛],2026-04-15~2026-05-31,서울식물원 주제정원 내 계류 주변,126.83500723721524,37.569657094189104,,https://culture.seoul.go.kr/cmmn/file/getImage.do?atchFileId=adfdc93640c946a29acdc8d12802f793&thumb=Y,https://culture.seoul.go.kr/culture/culture/cultureEvent/view.do?cultcode=157582&menuNo=200009,
2026-05-12T02:49:40.622578+09:00,서울식물원·마곡나루역,서울식물원·마곡나루역,POI032,KEY_1,[서울식물원] 2025년 서울식물원 기획 전시 [우리들의 자연， 행성적 공존],2025-05-27~2026-05-24,식물문화센터 프로젝트홀2， 주제원， 온실,126.83500723721524,37.569657094189104,,https://culture.seoul.go.kr/cmmn/file/getImage.do?atchFileId=e0d57fc6ab4046209bdf34ab6ac41c98&thumb=Y,https://culture.seoul.go.kr/culture/culture/cultureEvent/view.do?cultcode=153826&menuNo=200009,
2026-05-12T02:49:40.622578+09:00,시의회 앞,시의회 앞,POI130,KEY_1,[서울도서관] 2026년 서울야외도서관 (책읽는 서울광장， 광화문 책마당， 책읽는 맑은 냇가),2026-04-23~2026-11-01,서울광장， 광화문 광장， 청계천 일대,126.97769782752,37.5653338689441,N,https://culture.seoul.go.kr/cmmn/file/getImage.do?atchFileId=57da07b01aed40ad984d40559a42ae61&thumb=Y,https://culture.seoul.go.kr/culture/culture/cultureEvent/view.do?cultcode=156879&menuNo=200010,
2026-05-12T02:49:40.622578+09:00,시의회 앞,시의회 앞,POI130,KEY_1,기.기.기(奇.己.氣): 동시대와 시행착오,2026-04-01~2026-05-31,일민미술관,126.977657083792,37.5698677620456,,https://culture.seoul.go.kr/cmmn/file/getImage.do?atchFileId=6e05d79e4d0e4358b3eae2df5081eb13&thumb=Y,https://culture.seoul.go.kr/culture/culture/cultureEvent/view.do?cultcode=157256&menuNo=200009,
2026-05-12T02:49:40.622578+09:00,혜화역,혜화역,POI054,KEY_2,연극 [운베난트],2026-03-27~2026-06-07,예스24스테이지 3관,127.003160727291,37.5827488289051,,https://culture.seoul.go.kr/cmmn/file/getImage.do?atchFileId=b22d720f5efc44dda84da2606b0e5f75&thumb=Y,https://culture.seoul.go.kr/culture/culture/cultureEvent/view.do?cultcode=157115&menuNo=200008,
2026-05-12T02:49:40.622578+09:00,혜화역,혜화역,POI054,KEY_2,[종로여성인력개발센터] AI 파워드 문화·예술 프로젝트 기획 실무 마스터 실무 마스터,2026-03-18~2026-06-23,종로여성인력개발센터,127.000418097935,37.5820587995429,,https://culture.seoul.go.kr/cmmn/file/getImage.do?atchFileId=f824d3bddc6d4c239ee2e5611e22870a&thumb=Y,https://culture.seoul.go.kr/culture/culture/cultureEvent/view.do?cultcode=156487&menuNo=200011,
2026-05-12T03:49:38.471712+09:00,경복궁,경복궁,POI008,KEY_1,[경복궁] 2026 생과방(상반기),2026-04-08~2026-05-27,경복궁 생과방,126.976842133821,37.5759040910202,,https://culture.seoul.go.kr/cmmn/file/getImage.do?atchFileId=4864144c5a084ea4a1228924afe585e6&thumb=Y,https://culture.seoul.go.kr/culture/culture/cultureEvent/view.do?cultcode=157368&menuNo=200011,
2026-05-12T03:49:38.471712+09:00,경복궁,경복궁,POI008,KEY_1,2026년 집옥재(팔우정 포함) 작은 도서관 개방,2026-04-01~2026-10-31,경복궁 집옥재·팔우정,126.976842133821,37.5759040910202,,https://culture.seoul.go.kr/cmmn/file/getImage.do?atchFileId=d70525e916b548cda13443c9e10190f3&thumb=Y,https://culture.seoul.go.kr/culture/culture/cultureEvent/view.do?cultcode=157383&menuNo=200011,
2026-05-12T03:49:38.471712+09:00,경복궁,경복궁,POI008,KEY_1,2026년 경복궁 [경회루·향원정] 특별관람,2026-04-01~2026-10-30,경복궁 경회루·향원정,126.976842133821,37.5759040910202,,https://culture.seoul.go.kr/cmmn/file/getImage.do?atchFileId=37630da9c19349fbac8494e92e5c64d8&thumb=Y,https://culture.seoul.go.kr/culture/culture/cultureEvent/view.do?cultcode=157389&menuNo=200011,
2026-05-12T03:49:38.471712+09:00,경복궁,경복궁,POI008,KEY_1,[국가유산청 궁능유적본부] 수문장 순라의식,2026-03-01~2026-11-29,(토요일)경복궁 내부 (일요일， 공휴일)인사동 문화의 거리,126.976842133821,37.5759040910202,,https://culture.seoul.go.kr/cmmn/file/getImage.do?atchFileId=923de3d9169e463b9c8098a8e132be38&thumb=Y,https://culture.seoul.go.kr/culture/culture/cultureEvent/view.do?cultcode=156996&menuNo=200013,
2026-05-12T03:49:38.471712+09:00,광화문·덕수궁,광화문·덕수궁,POI009,KEY_2,빛과 어둠의 경계에서,2026-05-02~2026-05-25,세종문화회관 세종S씨어터,126.9760053,37.5726241,,https://culture.seoul.go.kr/cmmn/file/getImage.do?atchFileId=0eeea492c11e4eb7816334e58cfeb6ce&thumb=Y,https://culture.seoul.go.kr/culture/culture/cultureEvent/view.do?cultcode=157335&menuNo=200008,
2026-05-12T03:49:38.471712+09:00,광화문·덕수궁,광화문·덕수궁,POI009,KEY_2,[서울도서관] 2026년 서울야외도서관 (책읽는 서울광장， 광화문 책마당， 책읽는 맑은 냇가),2026-04-23~2026-11-01,서울광장， 광화문 광장， 청계천 일대,126.97769782752,37.5653338689441,N,https://culture.seoul.go.kr/cmmn/file/getImage.do?atchFileId=57da07b01aed40ad984d40559a42ae61&thumb=Y,https://culture.seoul.go.kr/culture/culture/cultureEvent/view.do?cultcode=156879&menuNo=200010,
2026-05-12T03:49:38.471712+09:00,광화문·덕수궁,광화문·덕수궁,POI009,KEY_2,2026 의정부지 역사유적광장 전통무예행사,2026-04-11~2026-10-31,의정부지 역사유적광장,126.977967142855,37.5748036513699,,https://culture.seoul.go.kr/cmmn/file/getImage.do?atchFileId=628a9bae996a407bbfee67752dd508db&thumb=Y,https://culture.seoul.go.kr/culture/culture/cultureEvent/view.do?cultcode=157327&menuNo=200010,
2026-05-12T03:49:38.471712+09:00,광화문·덕수궁,광화문·덕수궁,POI009,KEY_2,2026 아뜰리에 광화 봄 전시 [피어나는 빛],2026-04-11~2026-06-19,세종문화회관 외벽 미디어파사드,126.9760053,37.5726241,,https://culture.seoul.go.kr/cmmn/file/getImage.do?atchFileId=196d7f704d5646a2bb4bb40523a8c4aa&thumb=Y,https://culture.seoul.go.kr/culture/culture/cultureEvent/view.do?cultcode=157432&menuNo=200009,
2026-05-12T03:49:38.471712+09:00,광화문·덕수궁,광화문·덕수궁,POI009,KEY_2,2026 해치마당 미디어월 봄 전시,2026-04-10~2026-06-19,광화문 역 9번출구 진입로 벽면 해치마당 미디어월,126.976787992565,37.5716228232824,,https://culture.seoul.go.kr/cmmn/file/getImage.do?atchFileId=ac862f94f21744ec8092ccc4372c0539&thumb=Y,https://culture.seoul.go.kr/culture/culture/cultureEvent/view.do?cultcode=157787&menuNo=200009,
2026-05-12T03:49:38.471712+09:00,광화문·덕수궁,광화문·덕수궁,POI009,KEY_2,[경복궁] 2026 생과방(상반기),2026-04-08~2026-05-27,경복궁 생과방,126.976842133821,37.5759040910202,,https://culture.seoul.go.kr/cmmn/file/getImage.do?atchFileId=4864144c5a084ea4a1228924afe585e6&thumb=Y,https://culture.seoul.go.kr/culture/culture/cultureEvent/view.do?cultcode=157368&menuNo=200011,
2026-05-12T03:49:38.471712+09:00,광화문·덕수궁,광화문·덕수궁,POI009,KEY_2,[덕수궁] 2026 밤의 석조전(상반기),2026-04-08~2026-05-17,덕수궁 석조전 일원,126.974461639777,37.5677154464989,,https://culture.seoul.go.kr/cmmn/file/getImage.do?atchFileId=cc6179c75f1547b2b72e2a3cca26b6da&thumb=Y,https://culture.seoul.go.kr/culture/culture/cultureEvent/view.do?cultcode=157365&menuNo=200010,
2026-05-12T03:49:38.471712+09:00,광화문·덕수궁,광화문·덕수궁,POI009,KEY_2,2026년 집옥재(팔우정 포함) 작은 도서관 개방,2026-04-01~2026-10-31,경복궁 집옥재·팔우정,126.976842133821,37.5759040910202,,https://culture.seoul.go.kr/cmmn/file/getImage.do?atchFileId=d70525e916b548cda13443c9e10190f3&thumb=Y,https://culture.seoul.go.kr/culture/culture/cultureEvent/view.do?cultcode=157383&menuNo=200011,
2026-05-12T03:49:38.471712+09:00,광화문·덕수궁,광화문·덕수궁,POI009,KEY_2,2026년 경복궁 [경회루·향원정] 특별관람,2026-04-01~2026-10-30,경복궁 경회루·향원정,126.976842133821,37.5759040910202,,https://culture.seoul.go.kr/cmmn/file/getImage.do?atchFileId=37630da9c19349fbac8494e92e5c64d8&thumb=Y,https://culture.seoul.go.kr/culture/culture/cultureEvent/view.do?cultcode=157389&menuNo=200011,
2026-05-12T03:49:38.471712+09:00,광화문·덕수궁,광화문·덕수궁,POI009,KEY_2,기.기.기(奇.己.氣): 동시대와 시행착오,2026-04-01~2026-05-31,일민미술관,126.977657083792,37.5698677620456,,https://culture.seoul.go.kr/cmmn/file/getImage.do?atchFileId=6e05d79e4d0e4358b3eae2df5081eb13&thumb=Y,https://culture.seoul.go.kr/culture/culture/cultureEvent/view.do?cultcode=157256&menuNo=200009,
2026-05-12T03:49:38.471712+09:00,광화문·덕수궁,광화문·덕수궁,POI009,KEY_2,[세종문화회관] 세종예술아카데미 [정승빈 작가] 스테들러와 함께하는 여행드로잉 클래스,2026-03-31~2026-09-15,세종예술아카데미 스퀘어홀,126.9760053,37.5726241,,https://culture.seoul.go.kr/cmmn/file/getImage.do?atchFileId=a0247bcdf4484818baaca748c977391f&thumb=Y,https://culture.seoul.go.kr/culture/culture/cultureEvent/view.do?cultcode=157026&menuNo=200011,
2026-05-12T03:49:38.471712+09:00,광화문·덕수궁,광화문·덕수궁,POI009,KEY_2,[세종문화회관] 세종예술아카데미 [박인홍 작가] 스테들러와 함께하는 여행드로잉 클래스,2026-03-31~2026-08-31,세종예술아카데미 스퀘어홀,126.9760053,37.5726241,,https://culture.seoul.go.kr/cmmn/file/getImage.do?atchFileId=c9b88469d8f0468e960f00b0e5b0785d&thumb=Y,https://culture.seoul.go.kr/culture/culture/cultureEvent/view.do?cultcode=157025&menuNo=200011,
2026-05-12T03:49:38.471712+09:00,광화문·덕수궁,광화문·덕수궁,POI009,KEY_2,[세종문화회관] 세종예술아카데미 [그레이스 발레 (성인 취미 발레)],2026-03-30~2026-06-29,세종문화회관 예술동 4층 종합연습실,126.9760053,37.5726241,,https://culture.seoul.go.kr/cmmn/file/getImage.do?atchFileId=8b685870654e4cd78bf509ea783f7748&thumb=Y,https://culture.seoul.go.kr/culture/culture/cultureEvent/view.do?cultcode=156885&menuNo=200011,.
2026-05-12T03:49:38.471712+09:00,광화문·덕수궁,광화문·덕수궁,POI009,KEY_2,[세종문화회관] 세종예술아카데미 [정연석 작가] 스테들러와 함께하는 여행드로잉 클래스,2026-03-28~2026-09-05,세종예술아카데미 스퀘어홀,126.9760053,37.5726241,,https://culture.seoul.go.kr/cmmn/file/getImage.do?atchFileId=df2237ca7f754d009407bc3321cae86f&thumb=Y,https://culture.seoul.go.kr/culture/culture/cultureEvent/view.do?cultcode=157028&menuNo=200011,
2026-05-12T03:49:38.471712+09:00,광화문·덕수궁,광화문·덕수궁,POI009,KEY_2,[세종문화회관] 세종예술아카데미 [이승익 작가] 스테들러와 함께하는 여행드로잉 클래스,2026-03-28~2026-08-29,세종예술아카데미 스퀘어홀,126.9760053,37.5726241,,https://culture.seoul.go.kr/cmmn/file/getImage.do?atchFileId=09ebfb8dbbcf453e86aadfe529b90ff8&thumb=Y,https://culture.seoul.go.kr/culture/culture/cultureEvent/view.do?cultcode=157027&menuNo=200011,
2026-05-12T03:49:38.471712+09:00,광화문·덕수궁,광화문·덕수궁,POI009,KEY_2,[세종문화회관] 2026 상반기 세종 어린이 발레 아카데미,2026-03-28~2026-06-27,세종문화회관 예술동 4층 종합연습실,126.9760053,37.5726241,,https://culture.seoul.go.kr/cmmn/file/getImage.do?atchFileId=b47ad1471d3d428a9482934f7b03787f&thumb=Y,https://culture.seoul.go.kr/culture/culture/cultureEvent/view.do?cultcode=157104&menuNo=200011,
2026-05-12T03:49:38.471712+09:00,광화문·덕수궁,광화문·덕수궁,POI009,KEY_2,[세종문화회관] 세종예술아카데미 [이야기가 있는 클래식],2026-03-19~2026-05-28,세종문화회관 서클홀,126.9760053,37.5726241,,https://culture.seoul.go.kr/cmmn/file/getImage.do?atchFileId=0373af8e16694df8b923159a02ec0a2a&thumb=Y,https://culture.seoul.go.kr/culture/culture/cultureEvent/view.do?cultcode=156883&menuNo=200011,.
2026-05-12T03:49:38.471712+09:00,광화문·덕수궁,광화문·덕수궁,POI009,KEY_2,[세종문화회관] 세종예술아카데미 [미술사가 이 현의 전시와 함께보는 서양 미술사 - 바로크와 로코코],2026-03-19~2026-05-21,세종문화회관 서클홀,126.9760053,37.5726241,,https://culture.seoul.go.kr/cmmn/file/getImage.do?atchFileId=377ac3cd61d6416baa3b3f43a826b900&thumb=Y,https://culture.seoul.go.kr/culture/culture/cultureEvent/view.do?cultcode=156881&menuNo=200011,.
2026-05-12T03:49:38.471712+09:00,광화문·덕수궁,광화문·덕수궁,POI009,KEY_2,[세종문화회관] 세종예술아카데미 [클래식브런치],2026-03-18~2026-05-20,세종문화회관 서클홀,126.9760053,37.5726241,,https://culture.seoul.go.kr/cmmn/file/getImage.do?atchFileId=43b7fd7ecf2b44d1b7ba2ec25e6cc7a7&thumb=Y,https://culture.seoul.go.kr/culture/culture/cultureEvent/view.do?cultcode=156880&menuNo=200011,.
2026-05-12T03:49:38.471712+09:00,광화문·덕수궁,광화문·덕수궁,POI009,KEY_2,[세종문화회관] 세종예술아카데미 [히든보이스],2026-03-17~2026-06-30,세종문화회관 서클홀,126.9760053,37.5726241,,https://culture.seoul.go.kr/cmmn/file/getImage.do?atchFileId=96b505aa681348d48b661d248108f577&thumb=Y,https://culture.seoul.go.kr/culture/culture/cultureEvent/view.do?cultcode=156809&menuNo=200011,.
2026-05-12T03:49:38.471712+09:00,광화문·덕수궁,광화문·덕수궁,POI009,KEY_2,[세종문화회관] 세종예술아카데미 [2026 상반기 스포츠 in 아트스테이션],2026-03-16~2026-06-26,세종문화회관 오픈스테이지의 탁 트인 마루형 공간,126.9760053,37.5726241,,https://culture.seoul.go.kr/cmmn/file/getImage.do?atchFileId=16cb755c035e4ddc86c7cfbfa3654ca5&thumb=Y,https://culture.seoul.go.kr/culture/culture/cultureEvent/view.do?cultcode=157023&menuNo=200011,
2026-05-12T03:49:38.471712+09:00,광화문·덕수궁,광화문·덕수궁,POI009,KEY_2,[국가유산청 궁능유적본부] 수문장 순라의식,2026-03-01~2026-11-29,(토요일)경복궁 내부 (일요일， 공휴일)인사동 문화의 거리,126.976842133821,37.5759040910202,,https://culture.seoul.go.kr/cmmn/file/getImage.do?atchFileId=923de3d9169e463b9c8098a8e132be38&thumb=Y,https://culture.seoul.go.kr/culture/culture/cultureEvent/view.do?cultcode=156996&menuNo=200013,
2026-05-12T03:49:38.471712+09:00,광화문·덕수궁,광화문·덕수궁,POI009,KEY_2,[서울시] 2026년 서울청년문화패스 신청자 모집,2025-12-22~2026-12-31,온라인 접수,126.97860700965403,37.56672958991572,,https://culture.seoul.go.kr/cmmn/file/getImage.do?atchFileId=24931799627a43ea9e2b4960b00c9c4f&thumb=Y,https://culture.seoul.go.kr/culture/culture/cultureEvent/view.do?cultcode=156277&menuNo=200013,
2026-05-12T03:49:38.471712+09:00,창덕궁·종묘,창덕궁·종묘,POI012,KEY_2,2026년 창경궁 야연(상반기),2026-05-07~2026-05-17,창경궁 문정전 일원,126.993841430623,37.5776239475981,,https://culture.seoul.go.kr/cmmn/file/getImage.do?atchFileId=9e29ccf0743c49d0a4fb2c0ad10ffb9e&thumb=Y,https://culture.seoul.go.kr/culture/culture/cultureEvent/view.do?cultcode=157796&menuNo=200011,
2026-05-12T03:49:38.471712+09:00,창덕궁·종묘,창덕궁·종묘,POI012,KEY_2,2026년 창덕궁 달빛기행(상반기),2026-04-16~2026-05-31,창덕궁,126.989710338876,37.5788697347103,,https://culture.seoul.go.kr/cmmn/file/getImage.do?atchFileId=ff2504aca6df4f19a9a1a3f095c02178&thumb=Y,https://culture.seoul.go.kr/culture/culture/cultureEvent/view.do?cultcode=157394&menuNo=200011,
2026-05-12T03:49:38.471712+09:00,동대문 관광특구,동대문 관광특구,POI002,KEY_1,김영준 x 요시다 유니 기획전 Face to face,2026-05-07~2026-06-07,DDP 이간수문전시장,127.00977973484339,37.56735731522952,,https://culture.seoul.go.kr/cmmn/file/getImage.do?atchFileId=2e699755a39b40619ddea53a22e59ef4&thumb=Y,https://culture.seoul.go.kr/culture/culture/cultureEvent/view.do?cultcode=157672&menuNo=200009,
2026-05-12T03:49:38.471712+09:00,동대문 관광특구,동대문 관광특구,POI002,KEY_1,DDPlay 버스킹 5월 공연 안내,2026-05-01~2026-05-31,DDP 어울림광장， 팔거리,127.00977973484339,37.56735731522952,,https://culture.seoul.go.kr/cmmn/file/getImage.do?atchFileId=06255b5f16c1435a95ddf9214cbe8d86&thumb=Y,https://culture.seoul.go.kr/culture/culture/cultureEvent/view.do?cultcode=157546&menuNo=200008,
2026-05-12T03:49:38.471712+09:00,동대문 관광특구,동대문 관광특구,POI002,KEY_1,Let Dreams Shine! [베베핀 드림랜드],2026-05-01~2026-05-31,동대문디자인플라자 디자인랩1층 DDP쇼룸,127.00977973484339,37.56735731522952,,https://culture.seoul.go.kr/cmmn/file/getImage.do?atchFileId=b578b0a0e4724a718dff9fbd6ca77cbc&thumb=Y,https://culture.seoul.go.kr/culture/culture/cultureEvent/view.do?cultcode=157641&menuNo=200011,
2026-05-12T03:49:38.471712+09:00,동대문 관광특구,동대문 관광특구,POI002,KEY_1,[서울디자인재단] 키크니 특별전 : 그렸고 그런 사이,2026-04-25~2026-09-06,뮤지엄 전시1관,127.00977973484339,37.56735731522952,,https://culture.seoul.go.kr/cmmn/file/getImage.do?atchFileId=5b5e3f16b605439ea83b1ecf8d5ce8b8&thumb=Y,https://culture.seoul.go.kr/culture/culture/cultureEvent/view.do?cultcode=157351&menuNo=200009,
2026-05-12T03:49:38.471712+09:00,동대문 관광특구,동대문 관광특구,POI002,KEY_1,[중구문화재단] 뮤지컬 [스윙 데이즈_암호명 A],2026-04-16~2026-07-05,충무아트센터 대극장,127.014790889728,37.5659409687669,,https://culture.seoul.go.kr/cmmn/file/getImage.do?atchFileId=862c9a38b3b146358637293a4f2c8d30&thumb=Y,https://culture.seoul.go.kr/culture/culture/cultureEvent/view.do?cultcode=156673&menuNo=200008,
2026-05-12T03:49:38.471712+09:00,동대문 관광특구,동대문 관광특구,POI002,KEY_1,[서울시립미술관×중구문화재단] 협력전시 [SeMA Collection: 청록미로],2026-04-15~2026-05-17,충무아트센터 갤러리 G1,127.014790889728,37.5659409687669,,https://culture.seoul.go.kr/cmmn/file/getImage.do?atchFileId=cfa4043b588541618a1c45763ada3e23&thumb=Y,https://culture.seoul.go.kr/culture/culture/cultureEvent/view.do?cultcode=157621&menuNo=200009,
2026-05-12T03:49:38.471712+09:00,동대문 관광특구,동대문 관광특구,POI002,KEY_1,이상한 K-뷰티 : 엄마의 서랍장,2026-04-10~2026-06-10,DDP 마켓 B2F 비더비 다운타운,127.00977973484339,37.56735731522952,,https://culture.seoul.go.kr/cmmn/file/getImage.do?atchFileId=e187f20c0b5d4e7ebcbff38d8f60b63e&thumb=Y,https://culture.seoul.go.kr/culture/culture/cultureEvent/view.do?cultcode=157606&menuNo=200009,
2026-05-12T03:49:38.471712+09:00,동대문 관광특구,동대문 관광특구,POI002,KEY_1,[서울디자인재단] DDP 루프탑 투어_2026,2026-03-21~2026-05-31,DDP 뮤지엄 1층(M3 출입문) 투어 데스크 (시작장소),127.00977973484339,37.56735731522952,,https://culture.seoul.go.kr/cmmn/file/getImage.do?atchFileId=973b28af071b405ea7f6eb7ab715abaa&thumb=Y,https://culture.seoul.go.kr/culture/culture/cultureEvent/view.do?cultcode=157428&menuNo=200011,
2026-05-12T03:49:38.471712+09:00,동대문 관광특구,동대문 관광특구,POI002,KEY_1,BtheB 뷰티기획전 [Beauty For All],2026-02-28~2026-06-07,DDP 지하2층 DDP마켓 비더비,127.00977973484339,37.56735731522952,,https://culture.seoul.go.kr/cmmn/file/getImage.do?atchFileId=5209bf1d22f345568a88cce60bbc8688&thumb=Y,https://culture.seoul.go.kr/culture/culture/cultureEvent/view.do?cultcode=156852&menuNo=200009,
2026-05-12T03:49:38.471712+09:00,동대문 관광특구,동대문 관광특구,POI002,KEY_1,[중구문화재단] 뮤지컬 [홍련],2026-02-28~2026-05-17,충무아트센터 중극장 블랙,127.014790889728,37.5659409687669,,https://culture.seoul.go.kr/cmmn/file/getImage.do?atchFileId=e86257233f3b4d50bf436983435399eb&thumb=Y,https://culture.seoul.go.kr/culture/culture/cultureEvent/view.do?cultcode=156539&menuNo=200008,
2026-05-12T03:49:38.471712+09:00,동대문 관광특구,동대문 관광특구,POI002,KEY_1,[DDP] Dream in Light,2026-01-09~2026-12-31,DDP 전면， 유구전시장 앞， 미래로 상부,127.00977973484339,37.56735731522952,,https://culture.seoul.go.kr/cmmn/file/getImage.do?atchFileId=bfa59aa56eed4af8b441d88bad873037&thumb=Y,https://culture.seoul.go.kr/culture/culture/cultureEvent/view.do?cultcode=156491&menuNo=200009,
2026-05-12T03:49:38.471712+09:00,동대문 관광특구,동대문 관광특구,POI002,KEY_1,[서울디자인재단] DDP 건축투어,2026-01-02~2026-12-31,DDP 뮤지엄 1층 투어데스크,127.00977973484339,37.56735731522952,N,https://culture.seoul.go.kr/cmmn/file/getImage.do?atchFileId=47da849abe944ec9b7dedaf1ab283714&thumb=Y,https://culture.seoul.go.kr/culture/culture/cultureEvent/view.do?cultcode=156552&menuNo=200009,
2026-05-12T03:49:38.471712+09:00,명동 관광특구,명동 관광특구,POI003,KEY_2,[서울도서관] 2026년 서울야외도서관 (책읽는 서울광장， 광화문 책마당， 책읽는 맑은 냇가),2026-04-23~2026-11-01,서울광장， 광화문 광장， 청계천 일대,126.97769782752,37.5653338689441,N,https://culture.seoul.go.kr/cmmn/file/getImage.do?atchFileId=57da07b01aed40ad984d40559a42ae61&thumb=Y,https://culture.seoul.go.kr/culture/culture/cultureEvent/view.do?cultcode=156879&menuNo=200010,
2026-05-12T03:49:38.471712+09:00,명동 관광특구,명동 관광특구,POI003,KEY_2,2026 해치마당 미디어월 봄 전시,2026-04-10~2026-06-19,광화문 역 9번출구 진입로 벽면 해치마당 미디어월,126.976787992565,37.5716228232824,,https://culture.seoul.go.kr/cmmn/file/getImage.do?atchFileId=ac862f94f21744ec8092ccc4372c0539&thumb=Y,https://culture.seoul.go.kr/culture/culture/cultureEvent/view.do?cultcode=157787&menuNo=200009,
2026-05-12T03:49:38.471712+09:00,명동 관광특구,명동 관광특구,POI003,KEY_2,[서울시] 2026년 서울청년문화패스 신청자 모집,2025-12-22~2026-12-31,온라인 접수,126.97860700965403,37.56672958991572,,https://culture.seoul.go.kr/cmmn/file/getImage.do?atchFileId=24931799627a43ea9e2b4960b00c9c4f&thumb=Y,https://culture.seoul.go.kr/culture/culture/cultureEvent/view.do?cultcode=156277&menuNo=200013,
2026-05-12T03:49:38.471712+09:00,잠실 관광특구,잠실 관광특구,POI005,KEY_1,[한성백제박물관] 2026년 상반기 성인 대상 [서울 고대유적 탐방],2026-04-28~2026-06-11,한성백제박물관， 몽촌토성， 풍납동토성， 석촌동고분군 일대,127.12088940368128,37.51543881335773,,https://culture.seoul.go.kr/cmmn/file/getImage.do?atchFileId=3d89263b5e85481c894204ef7a05d20e&thumb=Y,https://culture.seoul.go.kr/culture/culture/cultureEvent/view.do?cultcode=157084&menuNo=200011,
2026-05-12T03:49:38.471712+09:00,잠실 관광특구,잠실 관광특구,POI005,KEY_1,올림픽 조각체험 프로젝트#2 [조각이 꿈+틀],2026-04-17~2026-09-06,소마미술관,127.118166964751,37.516920655117,,https://culture.seoul.go.kr/cmmn/file/getImage.do?atchFileId=6825663978de46c192543240dfbb2185&thumb=Y,https://culture.seoul.go.kr/culture/culture/cultureEvent/view.do?cultcode=157318&menuNo=200009,
2026-05-12T03:49:38.471712+09:00,잠실 관광특구,잠실 관광특구,POI005,KEY_1,[소마미술관] 그림책이 살아있다!,2026-04-17~2026-09-06,소마미술관 2관 기획전시실,127.118166964751,37.516920655117,,https://culture.seoul.go.kr/cmmn/file/getImage.do?atchFileId=cf267080189e4a3eadeeb6c5e8b0ade7&thumb=Y,https://culture.seoul.go.kr/culture/culture/cultureEvent/view.do?cultcode=157116&menuNo=200009,
2026-05-12T03:49:38.471712+09:00,잠실 관광특구,잠실 관광특구,POI005,KEY_1,[소마미술관] 조각이 꿈+틀 [올림픽조각체험프로젝트#02] 상설전,2026-04-17~2026-09-06,소마미술관 2관 상설전시실,127.118166964751,37.516920655117,,https://culture.seoul.go.kr/cmmn/file/getImage.do?atchFileId=c4ac3bd4533342b993b5ccfd5d42086c&thumb=Y,https://culture.seoul.go.kr/culture/culture/cultureEvent/view.do?cultcode=157117&menuNo=200009,
2026-05-12T03:49:38.471712+09:00,잠실 관광특구,잠실 관광특구,POI005,KEY_1,이승택 개인전 [조각의 바깥에서],2026-04-10~2026-07-26,소마미술관,127.118166964751,37.516920655117,,https://culture.seoul.go.kr/cmmn/file/getImage.do?atchFileId=fa83edf506b643e2bec777cac69729ce&thumb=Y,https://culture.seoul.go.kr/culture/culture/cultureEvent/view.do?cultcode=157317&menuNo=200009,
2026-05-12T03:49:38.471712+09:00,잠실 관광특구,잠실 관광특구,POI005,KEY_1,[한성백제박물관] 2026년 상반기 문화다양성 교육 [백제와 함께하는 이웃나라들],2026-03-31~2026-06-30,대면) 박물관 교육실/ (비대면) 각 학급 교실,127.12088940368128,37.51543881335773,,https://culture.seoul.go.kr/cmmn/file/getImage.do?atchFileId=79379b0c10fc462fb325ecdb455dd3db&thumb=Y,https://culture.seoul.go.kr/culture/culture/cultureEvent/view.do?cultcode=157232&menuNo=200011,
2026-05-12T03:49:38.471712+09:00,잠실 관광특구,잠실 관광특구,POI005,KEY_1,[한성백제박물관] 2026 상반기 초등단체 비대면 교육 [서울 쏙! 백제 콕!],2026-03-26~2026-07-03,각 학급 교실(비대면 원격 교육),127.12088940368128,37.51543881335773,,https://culture.seoul.go.kr/cmmn/file/getImage.do?atchFileId=fb761ebe217849eaa4f63b1b0f6ac759&thumb=Y,https://culture.seoul.go.kr/culture/culture/cultureEvent/view.do?cultcode=156907&menuNo=200011,
2026-05-12T03:49:38.471712+09:00,잠실 관광특구,잠실 관광특구,POI005,KEY_1,[한성백제박물관] 2026 상반기 초등단체 대면 교육 [서울 쏙! 백제 콕!],2026-03-26~2026-07-03,한성백제박물관 교육실,127.12088940368128,37.51543881335773,,https://culture.seoul.go.kr/cmmn/file/getImage.do?atchFileId=f3b484610b65420297a3ae47001c6120&thumb=Y,https://culture.seoul.go.kr/culture/culture/cultureEvent/view.do?cultcode=156906&menuNo=200011,
2026-05-12T03:49:38.471712+09:00,잠실 관광특구,잠실 관광특구,POI005,KEY_1,[한성백제박물관] 초등 4~6학년 단체 대면 교육 [한강삼국지: 삼국의 한강 쟁탈전],2026-03-24~2026-07-01,한성백제박물관 교육실,127.12088940368128,37.51543881335773,,https://culture.seoul.go.kr/cmmn/file/getImage.do?atchFileId=0183d0f0f64d43dea7f2f1f5a5823734&thumb=Y,https://culture.seoul.go.kr/culture/culture/cultureEvent/view.do?cultcode=156755&menuNo=200011,
2026-05-12T03:49:38.471712+09:00,잠실 관광특구,잠실 관광특구,POI005,KEY_1,[한성백제박물관] 초등 4~6학년 학급 비대면 교육 [한강삼국지: 삼국의 한강 쟁탈전],2026-03-24~2026-07-01,신청 학급 교실,127.12088940368128,37.51543881335773,,https://culture.seoul.go.kr/cmmn/file/getImage.do?atchFileId=ee2f38002896461d88e55f36df203dfc&thumb=Y,https://culture.seoul.go.kr/culture/culture/cultureEvent/view.do?cultcode=156754&menuNo=200011,
2026-05-12T03:49:38.471712+09:00,잠실 관광특구,잠실 관광특구,POI005,KEY_1,홍범·김주환 2인전 [틈을 걷다],2026-03-24~2026-05-24,더 갤러리 호수,127.107617545434,37.512296516856,,https://culture.seoul.go.kr/cmmn/file/getImage.do?atchFileId=3e31e677b15e459ca780d07a735a163d&thumb=Y,https://culture.seoul.go.kr/culture/culture/cultureEvent/view.do?cultcode=157251&menuNo=200009,
2026-05-12T03:49:38.471712+09:00,잠실 관광특구,잠실 관광특구,POI005,KEY_1,[서울백제어린이박물관] 유단체 대상 [서울역사생태탐험대1] 봄,2026-03-19~2026-05-21,서울백제어린이박물관(교육실， 전시실)， 야외생태체험장， 전시실 등,127.124412,37.523991,,https://culture.seoul.go.kr/cmmn/file/getImage.do?atchFileId=7504518b70b54ac7b5c8367519f44947&thumb=Y,https://culture.seoul.go.kr/culture/culture/cultureEvent/view.do?cultcode=156747&menuNo=200011,
2026-05-12T03:49:38.471712+09:00,잠실 관광특구,잠실 관광특구,POI005,KEY_1,[한성백제박물관] 2026년 상반기 주말가족교육 [문화유산 보존 연구소],2026-03-14~2026-07-04,한성백제박물관 교육실,127.12088940368128,37.51543881335773,,https://culture.seoul.go.kr/cmmn/file/getImage.do?atchFileId=69fec744c82446619d58e8ce8cb6baab&thumb=Y,https://culture.seoul.go.kr/culture/culture/cultureEvent/view.do?cultcode=156850&menuNo=200011,
2026-05-12T03:49:38.471712+09:00,잠실 관광특구,잠실 관광특구,POI005,KEY_1,[한성백제박물관] 2026년 상반기 주말가족탐방 [몽촌토성 탐방],2026-03-14~2026-05-30,몽촌토성， 박물관 교육실,127.12088940368128,37.51543881335773,,https://culture.seoul.go.kr/cmmn/file/getImage.do?atchFileId=31a20aade65d41b882a74ff2a6424ee7&thumb=Y,https://culture.seoul.go.kr/culture/culture/cultureEvent/view.do?cultcode=156851&menuNo=200011,
2026-05-12T03:49:38.471712+09:00,종로·청계 관광특구,종로·청계 관광특구,POI006,KEY_2,2026 해치마당 미디어월 봄 전시,2026-04-10~2026-06-19,광화문 역 9번출구 진입로 벽면 해치마당 미디어월,126.976787992565,37.5716228232824,,https://culture.seoul.go.kr/cmmn/file/getImage.do?atchFileId=ac862f94f21744ec8092ccc4372c0539&thumb=Y,https://culture.seoul.go.kr/culture/culture/cultureEvent/view.do?cultcode=157787&menuNo=200009,
2026-05-12T03:49:38.471712+09:00,종로·청계 관광특구,종로·청계 관광특구,POI006,KEY_2,기.기.기(奇.己.氣): 동시대와 시행착오,2026-04-01~2026-05-31,일민미술관,126.977657083792,37.5698677620456,,https://culture.seoul.go.kr/cmmn/file/getImage.do?atchFileId=6e05d79e4d0e4358b3eae2df5081eb13&thumb=Y,https://culture.seoul.go.kr/culture/culture/cultureEvent/view.do?cultcode=157256&menuNo=200009,
2026-05-12T03:49:38.471712+09:00,고척돔,고척돔,POI086,KEY_2,[서울아트책보고] 처음 만나는 미술사 - 이소영 미술 교육인ㆍ미술 에세이스트,2026-05-02~2026-05-16,서울아트책보고 워크숍룸,126.867088741096,37.4982125677913,,https://culture.seoul.go.kr/cmmn/file/getImage.do?atchFileId=f47a521600bd4c239ce177fe47f7d1e8&thumb=Y,https://culture.seoul.go.kr/culture/culture/cultureEvent/view.do?cultcode=157567&menuNo=200011,
2026-05-12T03:49:38.471712+09:00,고척돔,고척돔,POI086,KEY_2,[서울아트책보고] 나와 타인을 알아가는 글쓰기,2026-04-08~2026-05-13,서울아트책보고,126.867088741096,37.4982125677913,N,https://culture.seoul.go.kr/cmmn/file/getImage.do?atchFileId=934cbbeed0e94753b2ddef8f32fddfe6&thumb=Y,https://culture.seoul.go.kr/culture/culture/cultureEvent/view.do?cultcode=156877&menuNo=200011,
2026-05-12T03:49:38.471712+09:00,고척돔,고척돔,POI086,KEY_2,[서울아트책보고] 처음 만나는 세계,2026-03-10~2026-05-31,서울아트책보고 북카페 앤 라운지,126.867088741096,37.4982125677913,,https://culture.seoul.go.kr/cmmn/file/getImage.do?atchFileId=57c7dae9273d4eaeb82db962852b352e&thumb=Y,https://culture.seoul.go.kr/culture/culture/cultureEvent/view.do?cultcode=156892&menuNo=200009,
2026-05-12T03:49:38.471712+09:00,광화문광장,광화문광장,POI088,KEY_1,2026년 경복궁 [경회루·향원정] 특별관람,2026-04-01~2026-10-30,경복궁 경회루·향원정,126.976842133821,37.5759040910202,,https://culture.seoul.go.kr/cmmn/file/getImage.do?atchFileId=37630da9c19349fbac8494e92e5c64d8&thumb=Y,https://culture.seoul.go.kr/culture/culture/cultureEvent/view.do?cultcode=157389&menuNo=200011,
2026-05-12T03:49:38.471712+09:00,광화문광장,광화문광장,POI088,KEY_1,빛과 어둠의 경계에서,2026-05-02~2026-05-25,세종문화회관 세종S씨어터,126.9760053,37.5726241,,https://culture.seoul.go.kr/cmmn/file/getImage.do?atchFileId=0eeea492c11e4eb7816334e58cfeb6ce&thumb=Y,https://culture.seoul.go.kr/culture/culture/cultureEvent/view.do?cultcode=157335&menuNo=200008,
2026-05-12T03:49:38.471712+09:00,광화문광장,광화문광장,POI088,KEY_1,2026 의정부지 역사유적광장 전통무예행사,2026-04-11~2026-10-31,의정부지 역사유적광장,126.977967142855,37.5748036513699,,https://culture.seoul.go.kr/cmmn/file/getImage.do?atchFileId=628a9bae996a407bbfee67752dd508db&thumb=Y,https://culture.seoul.go.kr/culture/culture/cultureEvent/view.do?cultcode=157327&menuNo=200010,
2026-05-12T03:49:38.471712+09:00,광화문광장,광화문광장,POI088,KEY_1,2026 아뜰리에 광화 봄 전시 [피어나는 빛],2026-04-11~2026-06-19,세종문화회관 외벽 미디어파사드,126.9760053,37.5726241,,https://culture.seoul.go.kr/cmmn/file/getImage.do?atchFileId=196d7f704d5646a2bb4bb40523a8c4aa&thumb=Y,https://culture.seoul.go.kr/culture/culture/cultureEvent/view.do?cultcode=157432&menuNo=200009,
2026-05-12T03:49:38.471712+09:00,광화문광장,광화문광장,POI088,KEY_1,2026 해치마당 미디어월 봄 전시,2026-04-10~2026-06-19,광화문 역 9번출구 진입로 벽면 해치마당 미디어월,126.976787992565,37.5716228232824,,https://culture.seoul.go.kr/cmmn/file/getImage.do?atchFileId=ac862f94f21744ec8092ccc4372c0539&thumb=Y,https://culture.seoul.go.kr/culture/culture/cultureEvent/view.do?cultcode=157787&menuNo=200009,
2026-05-12T03:49:38.471712+09:00,광화문광장,광화문광장,POI088,KEY_1,[경복궁] 2026 생과방(상반기),2026-04-08~2026-05-27,경복궁 생과방,126.976842133821,37.5759040910202,,https://culture.seoul.go.kr/cmmn/file/getImage.do?atchFileId=4864144c5a084ea4a1228924afe585e6&thumb=Y,https://culture.seoul.go.kr/culture/culture/cultureEvent/view.do?cultcode=157368&menuNo=200011,
2026-05-12T03:49:38.471712+09:00,광화문광장,광화문광장,POI088,KEY_1,2026년 집옥재(팔우정 포함) 작은 도서관 개방,2026-04-01~2026-10-31,경복궁 집옥재·팔우정,126.976842133821,37.5759040910202,,https://culture.seoul.go.kr/cmmn/file/getImage.do?atchFileId=d70525e916b548cda13443c9e10190f3&thumb=Y,https://culture.seoul.go.kr/culture/culture/cultureEvent/view.do?cultcode=157383&menuNo=200011,
2026-05-12T03:49:38.471712+09:00,광화문광장,광화문광장,POI088,KEY_1,[세종문화회관] 세종예술아카데미 [정승빈 작가] 스테들러와 함께하는 여행드로잉 클래스,2026-03-31~2026-09-15,세종예술아카데미 스퀘어홀,126.9760053,37.5726241,,https://culture.seoul.go.kr/cmmn/file/getImage.do?atchFileId=a0247bcdf4484818baaca748c977391f&thumb=Y,https://culture.seoul.go.kr/culture/culture/cultureEvent/view.do?cultcode=157026&menuNo=200011,
2026-05-12T03:49:38.471712+09:00,광화문광장,광화문광장,POI088,KEY_1,[세종문화회관] 세종예술아카데미 [박인홍 작가] 스테들러와 함께하는 여행드로잉 클래스,2026-03-31~2026-08-31,세종예술아카데미 스퀘어홀,126.9760053,37.5726241,,https://culture.seoul.go.kr/cmmn/file/getImage.do?atchFileId=c9b88469d8f0468e960f00b0e5b0785d&thumb=Y,https://culture.seoul.go.kr/culture/culture/cultureEvent/view.do?cultcode=157025&menuNo=200011,
2026-05-12T03:49:38.471712+09:00,광화문광장,광화문광장,POI088,KEY_1,[세종문화회관] 세종예술아카데미 [그레이스 발레 (성인 취미 발레)],2026-03-30~2026-06-29,세종문화회관 예술동 4층 종합연습실,126.9760053,37.5726241,,https://culture.seoul.go.kr/cmmn/file/getImage.do?atchFileId=8b685870654e4cd78bf509ea783f7748&thumb=Y,https://culture.seoul.go.kr/culture/culture/cultureEvent/view.do?cultcode=156885&menuNo=200011,.
2026-05-12T03:49:38.471712+09:00,광화문광장,광화문광장,POI088,KEY_1,[세종문화회관] 세종예술아카데미 [정연석 작가] 스테들러와 함께하는 여행드로잉 클래스,2026-03-28~2026-09-05,세종예술아카데미 스퀘어홀,126.9760053,37.5726241,,https://culture.seoul.go.kr/cmmn/file/getImage.do?atchFileId=df2237ca7f754d009407bc3321cae86f&thumb=Y,https://culture.seoul.go.kr/culture/culture/cultureEvent/view.do?cultcode=157028&menuNo=200011,
2026-05-12T03:49:38.471712+09:00,광화문광장,광화문광장,POI088,KEY_1,[세종문화회관] 세종예술아카데미 [이승익 작가] 스테들러와 함께하는 여행드로잉 클래스,2026-03-28~2026-08-29,세종예술아카데미 스퀘어홀,126.9760053,37.5726241,,https://culture.seoul.go.kr/cmmn/file/getImage.do?atchFileId=09ebfb8dbbcf453e86aadfe529b90ff8&thumb=Y,https://culture.seoul.go.kr/culture/culture/cultureEvent/view.do?cultcode=157027&menuNo=200011,
2026-05-12T03:49:38.471712+09:00,광화문광장,광화문광장,POI088,KEY_1,[세종문화회관] 2026 상반기 세종 어린이 발레 아카데미,2026-03-28~2026-06-27,세종문화회관 예술동 4층 종합연습실,126.9760053,37.5726241,,https://culture.seoul.go.kr/cmmn/file/getImage.do?atchFileId=b47ad1471d3d428a9482934f7b03787f&thumb=Y,https://culture.seoul.go.kr/culture/culture/cultureEvent/view.do?cultcode=157104&menuNo=200011,
2026-05-12T03:49:38.471712+09:00,광화문광장,광화문광장,POI088,KEY_1,[세종문화회관] 세종예술아카데미 [이야기가 있는 클래식],2026-03-19~2026-05-28,세종문화회관 서클홀,126.9760053,37.5726241,,https://culture.seoul.go.kr/cmmn/file/getImage.do?atchFileId=0373af8e16694df8b923159a02ec0a2a&thumb=Y,https://culture.seoul.go.kr/culture/culture/cultureEvent/view.do?cultcode=156883&menuNo=200011,.
2026-05-12T03:49:38.471712+09:00,광화문광장,광화문광장,POI088,KEY_1,[세종문화회관] 세종예술아카데미 [미술사가 이 현의 전시와 함께보는 서양 미술사 - 바로크와 로코코],2026-03-19~2026-05-21,세종문화회관 서클홀,126.9760053,37.5726241,,https://culture.seoul.go.kr/cmmn/file/getImage.do?atchFileId=377ac3cd61d6416baa3b3f43a826b900&thumb=Y,https://culture.seoul.go.kr/culture/culture/cultureEvent/view.do?cultcode=156881&menuNo=200011,.
2026-05-12T03:49:38.471712+09:00,광화문광장,광화문광장,POI088,KEY_1,[세종문화회관] 세종예술아카데미 [클래식브런치],2026-03-18~2026-05-20,세종문화회관 서클홀,126.9760053,37.5726241,,https://culture.seoul.go.kr/cmmn/file/getImage.do?atchFileId=43b7fd7ecf2b44d1b7ba2ec25e6cc7a7&thumb=Y,https://culture.seoul.go.kr/culture/culture/cultureEvent/view.do?cultcode=156880&menuNo=200011,.
2026-05-12T03:49:38.471712+09:00,광화문광장,광화문광장,POI088,KEY_1,[세종문화회관] 세종예술아카데미 [히든보이스],2026-03-17~2026-06-30,세종문화회관 서클홀,126.9760053,37.5726241,,https://culture.seoul.go.kr/cmmn/file/getImage.do?atchFileId=96b505aa681348d48b661d248108f577&thumb=Y,https://culture.seoul.go.kr/culture/culture/cultureEvent/view.do?cultcode=156809&menuNo=200011,.
2026-05-12T03:49:38.471712+09:00,광화문광장,광화문광장,POI088,KEY_1,[세종문화회관] 세종예술아카데미 [2026 상반기 스포츠 in 아트스테이션],2026-03-16~2026-06-26,세종문화회관 오픈스테이지의 탁 트인 마루형 공간,126.9760053,37.5726241,,https://culture.seoul.go.kr/cmmn/file/getImage.do?atchFileId=16cb755c035e4ddc86c7cfbfa3654ca5&thumb=Y,https://culture.seoul.go.kr/culture/culture/cultureEvent/view.do?cultcode=157023&menuNo=200011,
2026-05-12T03:49:38.471712+09:00,광화문광장,광화문광장,POI088,KEY_1,[국가유산청 궁능유적본부] 수문장 순라의식,2026-03-01~2026-11-29,(토요일)경복궁 내부 (일요일， 공휴일)인사동 문화의 거리,126.976842133821,37.5759040910202,,https://culture.seoul.go.kr/cmmn/file/getImage.do?atchFileId=923de3d9169e463b9c8098a8e132be38&thumb=Y,https://culture.seoul.go.kr/culture/culture/cultureEvent/view.do?cultcode=156996&menuNo=200013,
2026-05-12T03:49:38.471712+09:00,국립중앙박물관·용산가족공원,국립중앙박물관·용산가족공원,POI089,KEY_2,[국립중앙박물관] 이슬람 미술， 찬란한 빛의 여정,2025-11-22~2026-10-11,국립중앙박물관 상설전시관 이슬람실,126.98020301648833,37.52385582212769,,https://culture.seoul.go.kr/cmmn/file/getImage.do?atchFileId=69db1f87ea6447c6a1fe901e146ce2e1&thumb=Y,https://culture.seoul.go.kr/culture/culture/cultureEvent/view.do?cultcode=156371&menuNo=200009,
2026-05-12T03:49:38.471712+09:00,국립중앙박물관·용산가족공원,국립중앙박물관·용산가족공원,POI089,KEY_2,[국립중앙박물관] 보존과학， 새로운 시작 함께하는 미래,2025-10-28~2026-06-30,국립중앙박물관 보존과학센터 1층,126.98020301648833,37.52385582212769,,https://culture.seoul.go.kr/cmmn/file/getImage.do?atchFileId=649b5716289a4bf2a97dcc27a7962d0c&thumb=Y,https://culture.seoul.go.kr/culture/culture/cultureEvent/view.do?cultcode=156376&menuNo=200009,
2026-05-12T03:49:38.471712+09:00,국립중앙박물관·용산가족공원,국립중앙박물관·용산가족공원,POI089,KEY_2,[국립중앙박물관] 각角진 백자 이야기,2025-08-26~2026-06-21,국립중앙박물관 상설전시관 3층,126.98020301648833,37.52385582212769,,https://culture.seoul.go.kr/cmmn/file/getImage.do?atchFileId=e522fa75398e4832b8862dd5a66863a7&thumb=Y,https://culture.seoul.go.kr/culture/culture/cultureEvent/view.do?cultcode=156377&menuNo=200009,
2026-05-12T03:49:38.471712+09:00,남산공원,남산공원,POI091,KEY_1,2026 서울시 태권도 공연,2026-05-09~2026-10-18,남산골한옥마을， DDP(동대문디자인플라자) 등,126.994440072131,37.559304933707146,,https://culture.seoul.go.kr/cmmn/file/getImage.do?atchFileId=292cefda02074a1bba028aea65b48755&thumb=Y,https://culture.seoul.go.kr/culture/culture/cultureEvent/view.do?cultcode=157783&menuNo=200013,
2026-05-12T03:49:38.471712+09:00,남산공원,남산공원,POI091,KEY_1,[남산골한옥마을] 2026 남산골 전통체험 [예술가의 시간],2026-04-03~2026-10-25,남산골한옥마을 전통가옥 프로그램별 상이,126.994440072131,37.559304933707146,,https://culture.seoul.go.kr/cmmn/file/getImage.do?atchFileId=65cd91f8db7b435e96bed67b434bcb84&thumb=Y,https://culture.seoul.go.kr/culture/culture/cultureEvent/view.do?cultcode=157090&menuNo=200011,
2026-05-12T03:49:38.471712+09:00,남산공원,남산공원,POI091,KEY_1,[남산골한옥마을] 남산골 전통혼례,2026-03-28~2026-11-15,관훈동 민씨가옥 안채 마당 (야외 혼례),126.994440072131,37.559304933707146,,https://culture.seoul.go.kr/cmmn/file/getImage.do?atchFileId=33830aa756d2463ab6ae27c45a425b0e&thumb=Y,https://culture.seoul.go.kr/culture/culture/cultureEvent/view.do?cultcode=156333&menuNo=200010,
2026-05-12T03:49:38.471712+09:00,남산공원,남산공원,POI091,KEY_1,2026 국립극장 어린이 예술학교 유아반 (1학기),2026-03-14~2026-05-23,국립극장 뜰아래연습장 B2 다목적교육실,126.999267349473,37.5519949082942,,https://culture.seoul.go.kr/cmmn/file/getImage.do?atchFileId=4d36afd4ac204d67bade0bd7b035e70a&thumb=Y,https://culture.seoul.go.kr/culture/culture/cultureEvent/view.do?cultcode=156884&menuNo=200011,
2026-05-12T03:49:38.471712+09:00,노들섬,노들섬,POI092,KEY_2,2026 서울거리공연 구석구석라이브,2026-05-01~2026-12-31,공연별 상이,126.958036465507,37.5176638307111,,https://culture.seoul.go.kr/cmmn/file/getImage.do?atchFileId=edccc8857cfe4ac1886089adadae554e&thumb=Y,https://culture.seoul.go.kr/culture/culture/cultureEvent/view.do?cultcode=157655&menuNo=200008,
2026-05-12T03:49:38.471712+09:00,노들섬,노들섬,POI092,KEY_2,[서울문화재단] 2026 신당창작아케이드 [어쩌다 마주친 공예 in 노들섬],2026-03-27~2026-12-31,노들섬 노들서가 내 아트스페이스 엣지 1층 (서울특별시 용산구 양녕로 445),126.958036465507,37.5176638307111,,https://culture.seoul.go.kr/cmmn/file/getImage.do?atchFileId=a8c296336d0f4398b55de07ad93424af&thumb=Y,https://culture.seoul.go.kr/culture/culture/cultureEvent/view.do?cultcode=157363&menuNo=200009,
2026-05-12T03:49:38.471712+09:00,서울숲공원,서울숲공원,POI101,KEY_2,2026 서로장터,2026-04-26~2026-11-01,서울광장， 서울숲， 양재시민의 숲， 잠수교,127.041799099222,37.5430701468405,N,https://culture.seoul.go.kr/cmmn/file/getImage.do?atchFileId=b5b274e789f84a8da67e6c2ec3815326&thumb=Y,https://culture.seoul.go.kr/culture/culture/cultureEvent/view.do?cultcode=157478&menuNo=200010,
2026-05-12T03:49:38.471712+09:00,서울숲공원,서울숲공원,POI101,KEY_2,2026 서울국제정원박람회,2026-05-01~2026-10-27,서울숲 일대,127.041799099222,37.5430701468405,,https://culture.seoul.go.kr/cmmn/file/getImage.do?atchFileId=94950c28bee44177bf2bff226fec0dc4&thumb=Y,https://culture.seoul.go.kr/culture/culture/cultureEvent/view.do?cultcode=156916&menuNo=200010,
2026-05-12T03:49:38.471712+09:00,송현녹지광장,송현녹지광장,POI129,KEY_3,[서울공예박물관] 공예협력전시 [안동별궁， 시간의 겹],2026-04-28~2027-08-29,서울공예박물관 전시1동 3층 기획전시실,126.983533363501,37.5766481740232,N,https://culture.seoul.go.kr/cmmn/file/getImage.do?atchFileId=a1622fcb6e024123ac90f40cdc8e32fd&thumb=Y,https://culture.seoul.go.kr/culture/culture/cultureEvent/view.do?cultcode=157420&menuNo=200009,
2026-05-12T03:49:38.471712+09:00,송현녹지광장,송현녹지광장,POI129,KEY_3,[서울공예박물관] 한불수교 140주년 기념전시 [더 하이브리드],2026-04-28~2026-07-26,서울공예박물관 전시1동 3층 기획전시실,126.983533363501,37.5766481740232,N,https://culture.seoul.go.kr/cmmn/file/getImage.do?atchFileId=aaaf677cdfac468db6f5c9e13fd397ad&thumb=Y,https://culture.seoul.go.kr/culture/culture/cultureEvent/view.do?cultcode=157211&menuNo=200009,
2026-05-12T03:49:38.471712+09:00,송현녹지광장,송현녹지광장,POI129,KEY_3,[서울공예박물관] 공예동행@쇼윈도 #2. 빛의 흐름 The Flow of Light,2026-04-08~2026-05-31,전시3동 1층 쇼윈도 갤러리,126.983533363501,37.5766481740232,,https://culture.seoul.go.kr/cmmn/file/getImage.do?atchFileId=d813307c6065486caf69b2ad498a0e61&thumb=Y,https://culture.seoul.go.kr/culture/culture/cultureEvent/view.do?cultcode=157354&menuNo=200009,
2026-05-12T03:49:38.471712+09:00,송현녹지광장,송현녹지광장,POI129,KEY_3,스펙트로신테시스 서울 Spectrosynthesis Seoul,2026-03-20~2026-06-28,아트선재센터,126.981839239613,37.5794635323506,,https://culture.seoul.go.kr/cmmn/file/getImage.do?atchFileId=1bbb87d0d71243b996db22604e96a261&thumb=Y,https://culture.seoul.go.kr/culture/culture/cultureEvent/view.do?cultcode=157262&menuNo=200009,
2026-05-12T03:49:38.471712+09:00,어린이대공원,어린이대공원,POI104,KEY_1,[서울상상나라] 2F 기획전시 [사랑하는 모양이야],2025-11-15~2026-11-15,2층 서울형 키즈카페 시립 서울상상나라점,127.077569,37.55055,,https://culture.seoul.go.kr/cmmn/file/getImage.do?atchFileId=49257064be8745158d56780a881325da&thumb=Y,https://culture.seoul.go.kr/culture/culture/cultureEvent/view.do?cultcode=156165&menuNo=200009,
2026-05-12T03:49:38.471712+09:00,어린이대공원,어린이대공원,POI104,KEY_1,[서울상상나라] 통-하다,2025-11-11~2026-11-11,서울상상나라 1층 상설전시실,127.077569,37.55055,,https://culture.seoul.go.kr/cmmn/file/getImage.do?atchFileId=43c7d50c4bcf488982db4ed5e5d6a2a9&thumb=Y,https://culture.seoul.go.kr/culture/culture/cultureEvent/view.do?cultcode=155891&menuNo=200009,
2026-05-12T03:49:38.471712+09:00,어린이대공원,어린이대공원,POI104,KEY_1,[서울상상나라] 그림책 작업실:엉뚱하고 기발한,2025-07-15~2026-07-15,서울상상나라 지하 1층 기획전시실,127.077569,37.55055,,https://culture.seoul.go.kr/cmmn/file/getImage.do?atchFileId=96afe0108a624e499e8ba01e7cb308c1&thumb=Y,https://culture.seoul.go.kr/culture/culture/cultureEvent/view.do?cultcode=154150&menuNo=200009,
2026-05-12T03:49:38.471712+09:00,올림픽공원,올림픽공원,POI127,KEY_1,[한성백제박물관] 2026년 상반기 성인 대상 [서울 고대유적 탐방],2026-04-28~2026-06-11,한성백제박물관， 몽촌토성， 풍납동토성， 석촌동고분군 일대,127.12088940368128,37.51543881335773,,https://culture.seoul.go.kr/cmmn/file/getImage.do?atchFileId=3d89263b5e85481c894204ef7a05d20e&thumb=Y,https://culture.seoul.go.kr/culture/culture/cultureEvent/view.do?cultcode=157084&menuNo=200011,
2026-05-12T03:49:38.471712+09:00,올림픽공원,올림픽공원,POI127,KEY_1,올림픽 조각체험 프로젝트#2 [조각이 꿈+틀],2026-04-17~2026-09-06,소마미술관,127.118166964751,37.516920655117,,https://culture.seoul.go.kr/cmmn/file/getImage.do?atchFileId=6825663978de46c192543240dfbb2185&thumb=Y,https://culture.seoul.go.kr/culture/culture/cultureEvent/view.do?cultcode=157318&menuNo=200009,
2026-05-12T03:49:38.471712+09:00,올림픽공원,올림픽공원,POI127,KEY_1,[소마미술관] 그림책이 살아있다!,2026-04-17~2026-09-06,소마미술관 2관 기획전시실,127.118166964751,37.516920655117,,https://culture.seoul.go.kr/cmmn/file/getImage.do?atchFileId=cf267080189e4a3eadeeb6c5e8b0ade7&thumb=Y,https://culture.seoul.go.kr/culture/culture/cultureEvent/view.do?cultcode=157116&menuNo=200009,
2026-05-12T03:49:38.471712+09:00,올림픽공원,올림픽공원,POI127,KEY_1,[소마미술관] 조각이 꿈+틀 [올림픽조각체험프로젝트#02] 상설전,2026-04-17~2026-09-06,소마미술관 2관 상설전시실,127.118166964751,37.516920655117,,https://culture.seoul.go.kr/cmmn/file/getImage.do?atchFileId=c4ac3bd4533342b993b5ccfd5d42086c&thumb=Y,https://culture.seoul.go.kr/culture/culture/cultureEvent/view.do?cultcode=157117&menuNo=200009,
2026-05-12T03:49:38.471712+09:00,올림픽공원,올림픽공원,POI127,KEY_1,이승택 개인전 [조각의 바깥에서],2026-04-10~2026-07-26,소마미술관,127.118166964751,37.516920655117,,https://culture.seoul.go.kr/cmmn/file/getImage.do?atchFileId=fa83edf506b643e2bec777cac69729ce&thumb=Y,https://culture.seoul.go.kr/culture/culture/cultureEvent/view.do?cultcode=157317&menuNo=200009,
2026-05-12T03:49:38.471712+09:00,올림픽공원,올림픽공원,POI127,KEY_1,[한성백제박물관] 2026년 상반기 문화다양성 교육 [백제와 함께하는 이웃나라들],2026-03-31~2026-06-30,대면) 박물관 교육실/ (비대면) 각 학급 교실,127.12088940368128,37.51543881335773,,https://culture.seoul.go.kr/cmmn/file/getImage.do?atchFileId=79379b0c10fc462fb325ecdb455dd3db&thumb=Y,https://culture.seoul.go.kr/culture/culture/cultureEvent/view.do?cultcode=157232&menuNo=200011,
2026-05-12T03:49:38.471712+09:00,올림픽공원,올림픽공원,POI127,KEY_1,[한성백제박물관] 2026 상반기 초등단체 비대면 교육 [서울 쏙! 백제 콕!],2026-03-26~2026-07-03,각 학급 교실(비대면 원격 교육),127.12088940368128,37.51543881335773,,https://culture.seoul.go.kr/cmmn/file/getImage.do?atchFileId=fb761ebe217849eaa4f63b1b0f6ac759&thumb=Y,https://culture.seoul.go.kr/culture/culture/cultureEvent/view.do?cultcode=156907&menuNo=200011,
2026-05-12T03:49:38.471712+09:00,올림픽공원,올림픽공원,POI127,KEY_1,[한성백제박물관] 2026 상반기 초등단체 대면 교육 [서울 쏙! 백제 콕!],2026-03-26~2026-07-03,한성백제박물관 교육실,127.12088940368128,37.51543881335773,,https://culture.seoul.go.kr/cmmn/file/getImage.do?atchFileId=f3b484610b65420297a3ae47001c6120&thumb=Y,https://culture.seoul.go.kr/culture/culture/cultureEvent/view.do?cultcode=156906&menuNo=200011,
2026-05-12T03:49:38.471712+09:00,올림픽공원,올림픽공원,POI127,KEY_1,[한성백제박물관] 초등 4~6학년 단체 대면 교육 [한강삼국지: 삼국의 한강 쟁탈전],2026-03-24~2026-07-01,한성백제박물관 교육실,127.12088940368128,37.51543881335773,,https://culture.seoul.go.kr/cmmn/file/getImage.do?atchFileId=0183d0f0f64d43dea7f2f1f5a5823734&thumb=Y,https://culture.seoul.go.kr/culture/culture/cultureEvent/view.do?cultcode=156755&menuNo=200011,
2026-05-12T03:49:38.471712+09:00,올림픽공원,올림픽공원,POI127,KEY_1,[한성백제박물관] 초등 4~6학년 학급 비대면 교육 [한강삼국지: 삼국의 한강 쟁탈전],2026-03-24~2026-07-01,신청 학급 교실,127.12088940368128,37.51543881335773,,https://culture.seoul.go.kr/cmmn/file/getImage.do?atchFileId=ee2f38002896461d88e55f36df203dfc&thumb=Y,https://culture.seoul.go.kr/culture/culture/cultureEvent/view.do?cultcode=156754&menuNo=200011,
2026-05-12T03:49:38.471712+09:00,올림픽공원,올림픽공원,POI127,KEY_1,[서울백제어린이박물관] 유단체 대상 [서울역사생태탐험대1] 봄,2026-03-19~2026-05-21,서울백제어린이박물관(교육실， 전시실)， 야외생태체험장， 전시실 등,127.124412,37.523991,,https://culture.seoul.go.kr/cmmn/file/getImage.do?atchFileId=7504518b70b54ac7b5c8367519f44947&thumb=Y,https://culture.seoul.go.kr/culture/culture/cultureEvent/view.do?cultcode=156747&menuNo=200011,
2026-05-12T03:49:38.471712+09:00,올림픽공원,올림픽공원,POI127,KEY_1,[한성백제박물관] 2026년 상반기 주말가족교육 [문화유산 보존 연구소],2026-03-14~2026-07-04,한성백제박물관 교육실,127.12088940368128,37.51543881335773,,https://culture.seoul.go.kr/cmmn/file/getImage.do?atchFileId=69fec744c82446619d58e8ce8cb6baab&thumb=Y,https://culture.seoul.go.kr/culture/culture/cultureEvent/view.do?cultcode=156850&menuNo=200011,
2026-05-12T03:49:38.471712+09:00,올림픽공원,올림픽공원,POI127,KEY_1,[한성백제박물관] 2026년 상반기 주말가족탐방 [몽촌토성 탐방],2026-03-14~2026-05-30,몽촌토성， 박물관 교육실,127.12088940368128,37.51543881335773,,https://culture.seoul.go.kr/cmmn/file/getImage.do?atchFileId=31a20aade65d41b882a74ff2a6424ee7&thumb=Y,https://culture.seoul.go.kr/culture/culture/cultureEvent/view.do?cultcode=156851&menuNo=200011,
2026-05-12T03:49:38.471712+09:00,북촌한옥마을,북촌한옥마을,POI066,KEY_3,[갤러리지우헌] 허상욱 개인전: 분청 마음,2026-05-06~2026-06-03,갤러리 지우헌,126.982999426985,37.5833833879584,,https://culture.seoul.go.kr/cmmn/file/getImage.do?atchFileId=cbdadfe6623e471d8e41a958828bab71&thumb=Y,https://culture.seoul.go.kr/culture/culture/cultureEvent/view.do?cultcode=157715&menuNo=200009,전시 오프닝은 5월 6일 오후 4시에 진행되며， 작가가 직접 작품을 소개하는 자리가 마련될 예정이다. 행사에는 100년 전통 ㈜지평주조의 ‘지평탁주’가 함께 제공됩니다.
2026-05-12T03:49:38.471712+09:00,북촌한옥마을,북촌한옥마을,POI066,KEY_3,[서울공예박물관] 공예협력전시 [안동별궁， 시간의 겹],2026-04-28~2027-08-29,서울공예박물관 전시1동 3층 기획전시실,126.983533363501,37.5766481740232,N,https://culture.seoul.go.kr/cmmn/file/getImage.do?atchFileId=a1622fcb6e024123ac90f40cdc8e32fd&thumb=Y,https://culture.seoul.go.kr/culture/culture/cultureEvent/view.do?cultcode=157420&menuNo=200009,
2026-05-12T03:49:38.471712+09:00,북촌한옥마을,북촌한옥마을,POI066,KEY_3,[서울공예박물관] 한불수교 140주년 기념전시 [더 하이브리드],2026-04-28~2026-07-26,서울공예박물관 전시1동 3층 기획전시실,126.983533363501,37.5766481740232,N,https://culture.seoul.go.kr/cmmn/file/getImage.do?atchFileId=aaaf677cdfac468db6f5c9e13fd397ad&thumb=Y,https://culture.seoul.go.kr/culture/culture/cultureEvent/view.do?cultcode=157211&menuNo=200009,
2026-05-12T03:49:38.471712+09:00,북촌한옥마을,북촌한옥마을,POI066,KEY_3,[서울공예박물관] 공예동행@쇼윈도 #2. 빛의 흐름 The Flow of Light,2026-04-08~2026-05-31,전시3동 1층 쇼윈도 갤러리,126.983533363501,37.5766481740232,,https://culture.seoul.go.kr/cmmn/file/getImage.do?atchFileId=d813307c6065486caf69b2ad498a0e61&thumb=Y,https://culture.seoul.go.kr/culture/culture/cultureEvent/view.do?cultcode=157354&menuNo=200009,
2026-05-12T03:49:38.471712+09:00,북촌한옥마을,북촌한옥마을,POI066,KEY_3,스펙트로신테시스 서울 Spectrosynthesis Seoul,2026-03-20~2026-06-28,아트선재센터,126.981839239613,37.5794635323506,,https://culture.seoul.go.kr/cmmn/file/getImage.do?atchFileId=1bbb87d0d71243b996db22604e96a261&thumb=Y,https://culture.seoul.go.kr/culture/culture/cultureEvent/view.do?cultcode=157262&menuNo=200009,
2026-05-12T03:49:38.471712+09:00,서촌,서촌,POI067,KEY_1,[서울생활문화센터 체부] 체부작업展 [선 위에 머무는 마음],2026-04-28~2026-06-30,윈도우 갤러리， 금오재 마실,126.97148941423,37.5767084987432,,https://culture.seoul.go.kr/cmmn/file/getImage.do?atchFileId=b51cfd4f38d64d21be656e622812b5cb&thumb=Y,https://culture.seoul.go.kr/culture/culture/cultureEvent/view.do?cultcode=157790&menuNo=200009,
2026-05-12T03:49:38.471712+09:00,서촌,서촌,POI067,KEY_1,[종로문화재단] 금빛으로 지은 옷을 여미다,2025-12-16~2026-06-26,배화여자대학교 도서관 1층 전통문화전시실,126.967291871532,37.5795440101952,,https://culture.seoul.go.kr/cmmn/file/getImage.do?atchFileId=dc73759daf4e460fb1b9184a298f8c43&thumb=Y,https://culture.seoul.go.kr/culture/culture/cultureEvent/view.do?cultcode=156309&menuNo=200009,
2026-05-12T03:49:38.471712+09:00,서촌,서촌,POI067,KEY_1,[종로문화재단] 박노수미술관 개관12주년 기념전시 [산수·격물],2025-09-19~2026-12-06,종로구립 박노수미술관,126.966818545949,37.5813191962491,,https://culture.seoul.go.kr/cmmn/file/getImage.do?atchFileId=b3d1bbb9284b4b97bda71e967e5bb5a9&thumb=Y,https://culture.seoul.go.kr/culture/culture/cultureEvent/view.do?cultcode=155699&menuNo=200009,
2026-05-12T03:49:38.471712+09:00,인사동,인사동,POI078,KEY_3,[서울무형유산교육전시장] 2026년 운현궁에서 배우는 전통매듭 체험 모집,2026-05-06~2026-05-27,운현궁 이로당,126.98708335796199,37.57607864675475,,https://culture.seoul.go.kr/cmmn/file/getImage.do?atchFileId=d9f7c6b35e4b444dab781fe2fd07b841&thumb=Y,https://culture.seoul.go.kr/culture/culture/cultureEvent/view.do?cultcode=157558&menuNo=200011,
2026-05-12T03:49:38.471712+09:00,인사동,인사동,POI078,KEY_3,[노화랑] 기획전 [IN PINK],2026-04-23~2026-05-14,노화랑 1， 2층 전시장,126.984085733694,37.5748603162364,N,https://culture.seoul.go.kr/cmmn/file/getImage.do?atchFileId=813a89fb33224ca9b184a59c222a411b&thumb=Y,https://culture.seoul.go.kr/culture/culture/cultureEvent/view.do?cultcode=157488&menuNo=200009,
2026-05-12T03:49:38.471712+09:00,인사동,인사동,POI078,KEY_3,[서울우리소리박물관] 2026년 상반기 외국인 전통문화체험,2026-04-16~2026-05-14,서울우리소리박물관 상설전시실 및 교육실,126.989622047178,37.577157928122,,https://culture.seoul.go.kr/cmmn/file/getImage.do?atchFileId=183cd9e9b78549d098992df989c47096&thumb=Y,https://culture.seoul.go.kr/culture/culture/cultureEvent/view.do?cultcode=157200&menuNo=200011,
2026-05-12T03:49:38.471712+09:00,인사동,인사동,POI078,KEY_3,[운현궁] 2026 서울 운현궁 예절교실,2026-04-01~2026-06-12,운현궁 이로당， 노락당,126.98708335796199,37.57607864675475,,https://culture.seoul.go.kr/cmmn/file/getImage.do?atchFileId=48bfe53ae79b43ffa93809a0bea94372&thumb=Y,https://culture.seoul.go.kr/culture/culture/cultureEvent/view.do?cultcode=156901&menuNo=200011,
2026-05-12T03:49:38.471712+09:00,인사동,인사동,POI078,KEY_3,[서울생활문화센터 낙원] 초보기타 교실 추가모집 / 색소폰 교실 & 클리닉,2026-03-18~2026-06-24,서울생활문화센터 낙원 5번 안내실,126.987902476529,37.5727635233966,,https://culture.seoul.go.kr/cmmn/file/getImage.do?atchFileId=19019906a68a46efbe0ae1c1d60984bd&thumb=Y,https://culture.seoul.go.kr/culture/culture/cultureEvent/view.do?cultcode=156978&menuNo=200011,
2026-05-12T03:49:38.471712+09:00,인사동,인사동,POI078,KEY_3,[서울우리소리박물관] 2026 자율학습 프로그램 [우리소리 친구들],2026-02-09~2026-12-31,누마루 또는 교육실,126.989622047178,37.577157928122,,https://culture.seoul.go.kr/cmmn/file/getImage.do?atchFileId=94d1c28647de4daf8f612b8fe830a020&thumb=Y,https://culture.seoul.go.kr/culture/culture/cultureEvent/view.do?cultcode=156746&menuNo=200011,
2026-05-12T03:49:38.471712+09:00,인사동,인사동,POI078,KEY_3,[서울우리소리박물관] 2025 서울우리소리박물관 기획전 [한강， 소리로 흐르다],2025-06-19~2026-05-28,서울우리소리박물관 기획전시실,126.989622047178,37.577157928122,,https://culture.seoul.go.kr/cmmn/file/getImage.do?atchFileId=6cbae2fb2066497e9499c66996d2aad8&thumb=Y,https://culture.seoul.go.kr/culture/culture/cultureEvent/view.do?cultcode=154089&menuNo=200009,
2026-05-12T03:49:38.471712+09:00,창동 신경제 중심지,창동 신경제 중심지,POI079,KEY_2,[서울시립 사진미술관] 어린이를 위한 감상교육 [미술관 탐험],2026-05-02~2026-06-13,서울시립 사진미술관 전시실 및 1교육실,127.048947814686,37.6555150225578,,https://culture.seoul.go.kr/cmmn/file/getImage.do?atchFileId=3b060851bfe0447fa662c416d69083b5&thumb=Y,https://culture.seoul.go.kr/culture/culture/cultureEvent/view.do?cultcode=157761&menuNo=200011,
2026-05-12T03:49:38.471712+09:00,창동 신경제 중심지,창동 신경제 중심지,POI079,KEY_2,[서울시립 사진미술관] 2026 서울사진축제 : 미술관 속 영화관 [진과 세계 사이에서],2026-04-24~2026-05-29,서울시립 사진미술관 2층 영상홀,127.048947814686,37.6555150225578,,https://culture.seoul.go.kr/cmmn/file/getImage.do?atchFileId=7938fe59e75e4986abeeaa7b0d1b15a9&thumb=Y,https://culture.seoul.go.kr/culture/culture/cultureEvent/view.do?cultcode=157489&menuNo=200013,
2026-05-12T03:49:38.471712+09:00,창동 신경제 중심지,창동 신경제 중심지,POI079,KEY_2,[서울시립 사진미술관] 2026 서울사진축제 : 포토라이브러리 워크숍 [일요일의 독서클럽],2026-04-12~2026-06-07,2층 영상홀， 4층 포토라이브러리,127.048947814686,37.6555150225578,,https://culture.seoul.go.kr/cmmn/file/getImage.do?atchFileId=498300d2f5194d3b8fd3d736e7cb345f&thumb=Y,https://culture.seoul.go.kr/culture/culture/cultureEvent/view.do?cultcode=157487&menuNo=200011,
2026-05-12T03:49:38.471712+09:00,창동 신경제 중심지,창동 신경제 중심지,POI079,KEY_2,[서울시립 사진미술관] 2026 서울사진축제 : Photo SeMA 기획서가 [모두를 위한 사진책],2026-04-09~2026-07-05,서울시립 사진미술관 4층 포토라이브러리,127.048947814686,37.6555150225578,,https://culture.seoul.go.kr/cmmn/file/getImage.do?atchFileId=65ddc38604e4492b869a6d972a08ec81&thumb=Y,https://culture.seoul.go.kr/culture/culture/cultureEvent/view.do?cultcode=157578&menuNo=200009,
2026-05-12T03:49:38.471712+09:00,창동 신경제 중심지,창동 신경제 중심지,POI079,KEY_2,[서울시립 사진미술관] 2026 서울사진축제 [서울 사진 산책],2026-04-09~2026-06-14,서울 시내 24개소 문화공간 / 외부 별도 장소,127.048947814686,37.6555150225578,,https://culture.seoul.go.kr/cmmn/file/getImage.do?atchFileId=10e7f9cf6cd94078a47d5e519a4b6e7f&thumb=Y,https://culture.seoul.go.kr/culture/culture/cultureEvent/view.do?cultcode=157349&menuNo=200009,
2026-05-12T03:49:38.471712+09:00,창동 신경제 중심지,창동 신경제 중심지,POI079,KEY_2,[서울시립 사진미술관] 2026 서울사진축제 : 아티스트 토크 [작가의 방],2026-04-09~2026-06-14,서울시립 사진미술관 2층  영상홀,127.048947814686,37.6555150225578,,https://culture.seoul.go.kr/cmmn/file/getImage.do?atchFileId=20a62cd7a4a5468a905848cae3284ff6&thumb=Y,https://culture.seoul.go.kr/culture/culture/cultureEvent/view.do?cultcode=157475&menuNo=200009,
2026-05-12T03:49:38.471712+09:00,창동 신경제 중심지,창동 신경제 중심지,POI079,KEY_2,[서울시립 사진미술관] 서울사진축제 《컴백홈》,2026-04-09~2026-06-14,서울시립 사진미술관,127.048947814686,37.6555150225578,,https://culture.seoul.go.kr/cmmn/file/getImage.do?atchFileId=c4c9d45245364ab48711d6ccbeb9e699&thumb=Y,https://culture.seoul.go.kr/culture/culture/cultureEvent/view.do?cultcode=157269&menuNo=200009,
2026-05-12T03:49:38.471712+09:00,창동 신경제 중심지,창동 신경제 중심지,POI079,KEY_2,[서울시립 사진미술관] 포토 디스커버리 프로젝트 《사진집》,2026-03-18~2026-06-14,서울시립 사진미술관 1층 로비,127.048947814686,37.6555150225578,,https://culture.seoul.go.kr/cmmn/file/getImage.do?atchFileId=0f7936d9f2d94354a36657010b418fbb&thumb=Y,https://culture.seoul.go.kr/culture/culture/cultureEvent/view.do?cultcode=157141&menuNo=200009,
2026-05-12T03:49:38.471712+09:00,DDP(동대문디자인플라자),DDP(동대문디자인플라자),POI083,KEY_3,김영준 x 요시다 유니 기획전 Face to face,2026-05-07~2026-06-07,DDP 이간수문전시장,127.00977973484339,37.56735731522952,,https://culture.seoul.go.kr/cmmn/file/getImage.do?atchFileId=2e699755a39b40619ddea53a22e59ef4&thumb=Y,https://culture.seoul.go.kr/culture/culture/cultureEvent/view.do?cultcode=157672&menuNo=200009,
2026-05-12T03:49:38.471712+09:00,DDP(동대문디자인플라자),DDP(동대문디자인플라자),POI083,KEY_3,DDPlay 버스킹 5월 공연 안내,2026-05-01~2026-05-31,DDP 어울림광장， 팔거리,127.00977973484339,37.56735731522952,,https://culture.seoul.go.kr/cmmn/file/getImage.do?atchFileId=06255b5f16c1435a95ddf9214cbe8d86&thumb=Y,https://culture.seoul.go.kr/culture/culture/cultureEvent/view.do?cultcode=157546&menuNo=200008,
2026-05-12T03:49:38.471712+09:00,DDP(동대문디자인플라자),DDP(동대문디자인플라자),POI083,KEY_3,Let Dreams Shine! [베베핀 드림랜드],2026-05-01~2026-05-31,동대문디자인플라자 디자인랩1층 DDP쇼룸,127.00977973484339,37.56735731522952,,https://culture.seoul.go.kr/cmmn/file/getImage.do?atchFileId=b578b0a0e4724a718dff9fbd6ca77cbc&thumb=Y,https://culture.seoul.go.kr/culture/culture/cultureEvent/view.do?cultcode=157641&menuNo=200011,
2026-05-12T03:49:38.471712+09:00,DDP(동대문디자인플라자),DDP(동대문디자인플라자),POI083,KEY_3,[서울디자인재단] 키크니 특별전 : 그렸고 그런 사이,2026-04-25~2026-09-06,뮤지엄 전시1관,127.00977973484339,37.56735731522952,,https://culture.seoul.go.kr/cmmn/file/getImage.do?atchFileId=5b5e3f16b605439ea83b1ecf8d5ce8b8&thumb=Y,https://culture.seoul.go.kr/culture/culture/cultureEvent/view.do?cultcode=157351&menuNo=200009,
2026-05-12T03:49:38.471712+09:00,DDP(동대문디자인플라자),DDP(동대문디자인플라자),POI083,KEY_3,이상한 K-뷰티 : 엄마의 서랍장,2026-04-10~2026-06-10,DDP 마켓 B2F 비더비 다운타운,127.00977973484339,37.56735731522952,,https://culture.seoul.go.kr/cmmn/file/getImage.do?atchFileId=e187f20c0b5d4e7ebcbff38d8f60b63e&thumb=Y,https://culture.seoul.go.kr/culture/culture/cultureEvent/view.do?cultcode=157606&menuNo=200009,
2026-05-12T03:49:38.471712+09:00,DDP(동대문디자인플라자),DDP(동대문디자인플라자),POI083,KEY_3,[서울디자인재단] DDP 루프탑 투어_2026,2026-03-21~2026-05-31,DDP 뮤지엄 1층(M3 출입문) 투어 데스크 (시작장소),127.00977973484339,37.56735731522952,,https://culture.seoul.go.kr/cmmn/file/getImage.do?atchFileId=973b28af071b405ea7f6eb7ab715abaa&thumb=Y,https://culture.seoul.go.kr/culture/culture/cultureEvent/view.do?cultcode=157428&menuNo=200011,
2026-05-12T03:49:38.471712+09:00,DDP(동대문디자인플라자),DDP(동대문디자인플라자),POI083,KEY_3,BtheB 뷰티기획전 [Beauty For All],2026-02-28~2026-06-07,DDP 지하2층 DDP마켓 비더비,127.00977973484339,37.56735731522952,,https://culture.seoul.go.kr/cmmn/file/getImage.do?atchFileId=5209bf1d22f345568a88cce60bbc8688&thumb=Y,https://culture.seoul.go.kr/culture/culture/cultureEvent/view.do?cultcode=156852&menuNo=200009,
2026-05-12T03:49:38.471712+09:00,DDP(동대문디자인플라자),DDP(동대문디자인플라자),POI083,KEY_3,[DDP] Dream in Light,2026-01-09~2026-12-31,DDP 전면， 유구전시장 앞， 미래로 상부,127.00977973484339,37.56735731522952,,https://culture.seoul.go.kr/cmmn/file/getImage.do?atchFileId=bfa59aa56eed4af8b441d88bad873037&thumb=Y,https://culture.seoul.go.kr/culture/culture/cultureEvent/view.do?cultcode=156491&menuNo=200009,
2026-05-12T03:49:38.471712+09:00,DDP(동대문디자인플라자),DDP(동대문디자인플라자),POI083,KEY_3,[서울디자인재단] DDP 건축투어,2026-01-02~2026-12-31,DDP 뮤지엄 1층 투어데스크,127.00977973484339,37.56735731522952,N,https://culture.seoul.go.kr/cmmn/file/getImage.do?atchFileId=47da849abe944ec9b7dedaf1ab283714&thumb=Y,https://culture.seoul.go.kr/culture/culture/cultureEvent/view.do?cultcode=156552&menuNo=200009,
2026-05-12T03:49:38.471712+09:00,서울식물원·마곡나루역,서울식물원·마곡나루역,POI032,KEY_1,[서울식물원] 2026 낭만수국전 HYDRANGEA SHOW,2026-05-02~2026-05-31,서울식물원 전시온실 지중해관,126.83500723721524,37.569657094189104,,https://culture.seoul.go.kr/cmmn/file/getImage.do?atchFileId=969c3a5bc5694862bdd4688ca678571d&thumb=Y,https://culture.seoul.go.kr/culture/culture/cultureEvent/view.do?cultcode=157795&menuNo=200009,
2026-05-12T03:49:38.471712+09:00,서울식물원·마곡나루역,서울식물원·마곡나루역,POI032,KEY_1,[서울식물원] 주제정원 봄 전시 [봄빛 정원: 땅에서 피어난 봄빛],2026-04-15~2026-05-31,서울식물원 주제정원 내 계류 주변,126.83500723721524,37.569657094189104,,https://culture.seoul.go.kr/cmmn/file/getImage.do?atchFileId=adfdc93640c946a29acdc8d12802f793&thumb=Y,https://culture.seoul.go.kr/culture/culture/cultureEvent/view.do?cultcode=157582&menuNo=200009,
2026-05-12T03:49:38.471712+09:00,서울식물원·마곡나루역,서울식물원·마곡나루역,POI032,KEY_1,[서울식물원] 2025년 서울식물원 기획 전시 [우리들의 자연， 행성적 공존],2025-05-27~2026-05-24,식물문화센터 프로젝트홀2， 주제원， 온실,126.83500723721524,37.569657094189104,,https://culture.seoul.go.kr/cmmn/file/getImage.do?atchFileId=e0d57fc6ab4046209bdf34ab6ac41c98&thumb=Y,https://culture.seoul.go.kr/culture/culture/cultureEvent/view.do?cultcode=153826&menuNo=200009,
2026-05-12T03:49:38.471712+09:00,시의회 앞,시의회 앞,POI130,KEY_1,[서울도서관] 2026년 서울야외도서관 (책읽는 서울광장， 광화문 책마당， 책읽는 맑은 냇가),2026-04-23~2026-11-01,서울광장， 광화문 광장， 청계천 일대,126.97769782752,37.5653338689441,N,https://culture.seoul.go.kr/cmmn/file/getImage.do?atchFileId=57da07b01aed40ad984d40559a42ae61&thumb=Y,https://culture.seoul.go.kr/culture/culture/cultureEvent/view.do?cultcode=156879&menuNo=200010,
2026-05-12T03:49:38.471712+09:00,시의회 앞,시의회 앞,POI130,KEY_1,기.기.기(奇.己.氣): 동시대와 시행착오,2026-04-01~2026-05-31,일민미술관,126.977657083792,37.5698677620456,,https://culture.seoul.go.kr/cmmn/file/getImage.do?atchFileId=6e05d79e4d0e4358b3eae2df5081eb13&thumb=Y,https://culture.seoul.go.kr/culture/culture/cultureEvent/view.do?cultcode=157256&menuNo=200009,
2026-05-12T03:49:38.471712+09:00,혜화역,혜화역,POI054,KEY_2,연극 [운베난트],2026-03-27~2026-06-07,예스24스테이지 3관,127.003160727291,37.5827488289051,,https://culture.seoul.go.kr/cmmn/file/getImage.do?atchFileId=b22d720f5efc44dda84da2606b0e5f75&thumb=Y,https://culture.seoul.go.kr/culture/culture/cultureEvent/view.do?cultcode=157115&menuNo=200008,
2026-05-12T03:49:38.471712+09:00,혜화역,혜화역,POI054,KEY_2,[종로여성인력개발센터] AI 파워드 문화·예술 프로젝트 기획 실무 마스터 실무 마스터,2026-03-18~2026-06-23,종로여성인력개발센터,127.000418097935,37.5820587995429,,https://culture.seoul.go.kr/cmmn/file/getImage.do?atchFileId=f824d3bddc6d4c239ee2e5611e22870a&thumb=Y,https://culture.seoul.go.kr/culture/culture/cultureEvent/view.do?cultcode=156487&menuNo=200011,
2026-05-12T04:45:02.862995+09:00,경복궁,경복궁,POI008,KEY_1,[경복궁] 2026 생과방(상반기),2026-04-08~2026-05-27,경복궁 생과방,126.976842133821,37.5759040910202,,https://culture.seoul.go.kr/cmmn/file/getImage.do?atchFileId=4864144c5a084ea4a1228924afe585e6&thumb=Y,https://culture.seoul.go.kr/culture/culture/cultureEvent/view.do?cultcode=157368&menuNo=200011,
2026-05-12T04:45:02.862995+09:00,경복궁,경복궁,POI008,KEY_1,2026년 집옥재(팔우정 포함) 작은 도서관 개방,2026-04-01~2026-10-31,경복궁 집옥재·팔우정,126.976842133821,37.5759040910202,,https://culture.seoul.go.kr/cmmn/file/getImage.do?atchFileId=d70525e916b548cda13443c9e10190f3&thumb=Y,https://culture.seoul.go.kr/culture/culture/cultureEvent/view.do?cultcode=157383&menuNo=200011,
2026-05-12T04:45:02.862995+09:00,경복궁,경복궁,POI008,KEY_1,2026년 경복궁 [경회루·향원정] 특별관람,2026-04-01~2026-10-30,경복궁 경회루·향원정,126.976842133821,37.5759040910202,,https://culture.seoul.go.kr/cmmn/file/getImage.do?atchFileId=37630da9c19349fbac8494e92e5c64d8&thumb=Y,https://culture.seoul.go.kr/culture/culture/cultureEvent/view.do?cultcode=157389&menuNo=200011,
2026-05-12T04:45:02.862995+09:00,경복궁,경복궁,POI008,KEY_1,[국가유산청 궁능유적본부] 수문장 순라의식,2026-03-01~2026-11-29,(토요일)경복궁 내부 (일요일， 공휴일)인사동 문화의 거리,126.976842133821,37.5759040910202,,https://culture.seoul.go.kr/cmmn/file/getImage.do?atchFileId=923de3d9169e463b9c8098a8e132be38&thumb=Y,https://culture.seoul.go.kr/culture/culture/cultureEvent/view.do?cultcode=156996&menuNo=200013,
2026-05-12T04:45:02.862995+09:00,광화문·덕수궁,광화문·덕수궁,POI009,KEY_2,빛과 어둠의 경계에서,2026-05-02~2026-05-25,세종문화회관 세종S씨어터,126.9760053,37.5726241,,https://culture.seoul.go.kr/cmmn/file/getImage.do?atchFileId=0eeea492c11e4eb7816334e58cfeb6ce&thumb=Y,https://culture.seoul.go.kr/culture/culture/cultureEvent/view.do?cultcode=157335&menuNo=200008,
2026-05-12T04:45:02.862995+09:00,광화문·덕수궁,광화문·덕수궁,POI009,KEY_2,[서울도서관] 2026년 서울야외도서관 (책읽는 서울광장， 광화문 책마당， 책읽는 맑은 냇가),2026-04-23~2026-11-01,서울광장， 광화문 광장， 청계천 일대,126.97769782752,37.5653338689441,N,https://culture.seoul.go.kr/cmmn/file/getImage.do?atchFileId=57da07b01aed40ad984d40559a42ae61&thumb=Y,https://culture.seoul.go.kr/culture/culture/cultureEvent/view.do?cultcode=156879&menuNo=200010,
2026-05-12T04:45:02.862995+09:00,광화문·덕수궁,광화문·덕수궁,POI009,KEY_2,2026 의정부지 역사유적광장 전통무예행사,2026-04-11~2026-10-31,의정부지 역사유적광장,126.977967142855,37.5748036513699,,https://culture.seoul.go.kr/cmmn/file/getImage.do?atchFileId=628a9bae996a407bbfee67752dd508db&thumb=Y,https://culture.seoul.go.kr/culture/culture/cultureEvent/view.do?cultcode=157327&menuNo=200010,
2026-05-12T04:45:02.862995+09:00,광화문·덕수궁,광화문·덕수궁,POI009,KEY_2,2026 아뜰리에 광화 봄 전시 [피어나는 빛],2026-04-11~2026-06-19,세종문화회관 외벽 미디어파사드,126.9760053,37.5726241,,https://culture.seoul.go.kr/cmmn/file/getImage.do?atchFileId=196d7f704d5646a2bb4bb40523a8c4aa&thumb=Y,https://culture.seoul.go.kr/culture/culture/cultureEvent/view.do?cultcode=157432&menuNo=200009,
2026-05-12T04:45:02.862995+09:00,광화문·덕수궁,광화문·덕수궁,POI009,KEY_2,2026 해치마당 미디어월 봄 전시,2026-04-10~2026-06-19,광화문 역 9번출구 진입로 벽면 해치마당 미디어월,126.976787992565,37.5716228232824,,https://culture.seoul.go.kr/cmmn/file/getImage.do?atchFileId=ac862f94f21744ec8092ccc4372c0539&thumb=Y,https://culture.seoul.go.kr/culture/culture/cultureEvent/view.do?cultcode=157787&menuNo=200009,
2026-05-12T04:45:02.862995+09:00,광화문·덕수궁,광화문·덕수궁,POI009,KEY_2,[경복궁] 2026 생과방(상반기),2026-04-08~2026-05-27,경복궁 생과방,126.976842133821,37.5759040910202,,https://culture.seoul.go.kr/cmmn/file/getImage.do?atchFileId=4864144c5a084ea4a1228924afe585e6&thumb=Y,https://culture.seoul.go.kr/culture/culture/cultureEvent/view.do?cultcode=157368&menuNo=200011,
2026-05-12T04:45:02.862995+09:00,광화문·덕수궁,광화문·덕수궁,POI009,KEY_2,[덕수궁] 2026 밤의 석조전(상반기),2026-04-08~2026-05-17,덕수궁 석조전 일원,126.974461639777,37.5677154464989,,https://culture.seoul.go.kr/cmmn/file/getImage.do?atchFileId=cc6179c75f1547b2b72e2a3cca26b6da&thumb=Y,https://culture.seoul.go.kr/culture/culture/cultureEvent/view.do?cultcode=157365&menuNo=200010,
2026-05-12T04:45:02.862995+09:00,광화문·덕수궁,광화문·덕수궁,POI009,KEY_2,2026년 집옥재(팔우정 포함) 작은 도서관 개방,2026-04-01~2026-10-31,경복궁 집옥재·팔우정,126.976842133821,37.5759040910202,,https://culture.seoul.go.kr/cmmn/file/getImage.do?atchFileId=d70525e916b548cda13443c9e10190f3&thumb=Y,https://culture.seoul.go.kr/culture/culture/cultureEvent/view.do?cultcode=157383&menuNo=200011,
2026-05-12T04:45:02.862995+09:00,광화문·덕수궁,광화문·덕수궁,POI009,KEY_2,2026년 경복궁 [경회루·향원정] 특별관람,2026-04-01~2026-10-30,경복궁 경회루·향원정,126.976842133821,37.5759040910202,,https://culture.seoul.go.kr/cmmn/file/getImage.do?atchFileId=37630da9c19349fbac8494e92e5c64d8&thumb=Y,https://culture.seoul.go.kr/culture/culture/cultureEvent/view.do?cultcode=157389&menuNo=200011,
2026-05-12T04:45:02.862995+09:00,광화문·덕수궁,광화문·덕수궁,POI009,KEY_2,기.기.기(奇.己.氣): 동시대와 시행착오,2026-04-01~2026-05-31,일민미술관,126.977657083792,37.5698677620456,,https://culture.seoul.go.kr/cmmn/file/getImage.do?atchFileId=6e05d79e4d0e4358b3eae2df5081eb13&thumb=Y,https://culture.seoul.go.kr/culture/culture/cultureEvent/view.do?cultcode=157256&menuNo=200009,
2026-05-12T04:45:02.862995+09:00,광화문·덕수궁,광화문·덕수궁,POI009,KEY_2,[세종문화회관] 세종예술아카데미 [정승빈 작가] 스테들러와 함께하는 여행드로잉 클래스,2026-03-31~2026-09-15,세종예술아카데미 스퀘어홀,126.9760053,37.5726241,,https://culture.seoul.go.kr/cmmn/file/getImage.do?atchFileId=a0247bcdf4484818baaca748c977391f&thumb=Y,https://culture.seoul.go.kr/culture/culture/cultureEvent/view.do?cultcode=157026&menuNo=200011,
2026-05-12T04:45:02.862995+09:00,광화문·덕수궁,광화문·덕수궁,POI009,KEY_2,[세종문화회관] 세종예술아카데미 [박인홍 작가] 스테들러와 함께하는 여행드로잉 클래스,2026-03-31~2026-08-31,세종예술아카데미 스퀘어홀,126.9760053,37.5726241,,https://culture.seoul.go.kr/cmmn/file/getImage.do?atchFileId=c9b88469d8f0468e960f00b0e5b0785d&thumb=Y,https://culture.seoul.go.kr/culture/culture/cultureEvent/view.do?cultcode=157025&menuNo=200011,
2026-05-12T04:45:02.862995+09:00,광화문·덕수궁,광화문·덕수궁,POI009,KEY_2,[세종문화회관] 세종예술아카데미 [그레이스 발레 (성인 취미 발레)],2026-03-30~2026-06-29,세종문화회관 예술동 4층 종합연습실,126.9760053,37.5726241,,https://culture.seoul.go.kr/cmmn/file/getImage.do?atchFileId=8b685870654e4cd78bf509ea783f7748&thumb=Y,https://culture.seoul.go.kr/culture/culture/cultureEvent/view.do?cultcode=156885&menuNo=200011,.
2026-05-12T04:45:02.862995+09:00,광화문·덕수궁,광화문·덕수궁,POI009,KEY_2,[세종문화회관] 세종예술아카데미 [정연석 작가] 스테들러와 함께하는 여행드로잉 클래스,2026-03-28~2026-09-05,세종예술아카데미 스퀘어홀,126.9760053,37.5726241,,https://culture.seoul.go.kr/cmmn/file/getImage.do?atchFileId=df2237ca7f754d009407bc3321cae86f&thumb=Y,https://culture.seoul.go.kr/culture/culture/cultureEvent/view.do?cultcode=157028&menuNo=200011,
2026-05-12T04:45:02.862995+09:00,광화문·덕수궁,광화문·덕수궁,POI009,KEY_2,[세종문화회관] 세종예술아카데미 [이승익 작가] 스테들러와 함께하는 여행드로잉 클래스,2026-03-28~2026-08-29,세종예술아카데미 스퀘어홀,126.9760053,37.5726241,,https://culture.seoul.go.kr/cmmn/file/getImage.do?atchFileId=09ebfb8dbbcf453e86aadfe529b90ff8&thumb=Y,https://culture.seoul.go.kr/culture/culture/cultureEvent/view.do?cultcode=157027&menuNo=200011,
2026-05-12T04:45:02.862995+09:00,광화문·덕수궁,광화문·덕수궁,POI009,KEY_2,[세종문화회관] 2026 상반기 세종 어린이 발레 아카데미,2026-03-28~2026-06-27,세종문화회관 예술동 4층 종합연습실,126.9760053,37.5726241,,https://culture.seoul.go.kr/cmmn/file/getImage.do?atchFileId=b47ad1471d3d428a9482934f7b03787f&thumb=Y,https://culture.seoul.go.kr/culture/culture/cultureEvent/view.do?cultcode=157104&menuNo=200011,
2026-05-12T04:45:02.862995+09:00,광화문·덕수궁,광화문·덕수궁,POI009,KEY_2,[세종문화회관] 세종예술아카데미 [이야기가 있는 클래식],2026-03-19~2026-05-28,세종문화회관 서클홀,126.9760053,37.5726241,,https://culture.seoul.go.kr/cmmn/file/getImage.do?atchFileId=0373af8e16694df8b923159a02ec0a2a&thumb=Y,https://culture.seoul.go.kr/culture/culture/cultureEvent/view.do?cultcode=156883&menuNo=200011,.
2026-05-12T04:45:02.862995+09:00,광화문·덕수궁,광화문·덕수궁,POI009,KEY_2,[세종문화회관] 세종예술아카데미 [미술사가 이 현의 전시와 함께보는 서양 미술사 - 바로크와 로코코],2026-03-19~2026-05-21,세종문화회관 서클홀,126.9760053,37.5726241,,https://culture.seoul.go.kr/cmmn/file/getImage.do?atchFileId=377ac3cd61d6416baa3b3f43a826b900&thumb=Y,https://culture.seoul.go.kr/culture/culture/cultureEvent/view.do?cultcode=156881&menuNo=200011,.
2026-05-12T04:45:02.862995+09:00,광화문·덕수궁,광화문·덕수궁,POI009,KEY_2,[세종문화회관] 세종예술아카데미 [클래식브런치],2026-03-18~2026-05-20,세종문화회관 서클홀,126.9760053,37.5726241,,https://culture.seoul.go.kr/cmmn/file/getImage.do?atchFileId=43b7fd7ecf2b44d1b7ba2ec25e6cc7a7&thumb=Y,https://culture.seoul.go.kr/culture/culture/cultureEvent/view.do?cultcode=156880&menuNo=200011,.
2026-05-12T04:45:02.862995+09:00,광화문·덕수궁,광화문·덕수궁,POI009,KEY_2,[세종문화회관] 세종예술아카데미 [히든보이스],2026-03-17~2026-06-30,세종문화회관 서클홀,126.9760053,37.5726241,,https://culture.seoul.go.kr/cmmn/file/getImage.do?atchFileId=96b505aa681348d48b661d248108f577&thumb=Y,https://culture.seoul.go.kr/culture/culture/cultureEvent/view.do?cultcode=156809&menuNo=200011,.
2026-05-12T04:45:02.862995+09:00,광화문·덕수궁,광화문·덕수궁,POI009,KEY_2,[세종문화회관] 세종예술아카데미 [2026 상반기 스포츠 in 아트스테이션],2026-03-16~2026-06-26,세종문화회관 오픈스테이지의 탁 트인 마루형 공간,126.9760053,37.5726241,,https://culture.seoul.go.kr/cmmn/file/getImage.do?atchFileId=16cb755c035e4ddc86c7cfbfa3654ca5&thumb=Y,https://culture.seoul.go.kr/culture/culture/cultureEvent/view.do?cultcode=157023&menuNo=200011,
2026-05-12T04:45:02.862995+09:00,광화문·덕수궁,광화문·덕수궁,POI009,KEY_2,[국가유산청 궁능유적본부] 수문장 순라의식,2026-03-01~2026-11-29,(토요일)경복궁 내부 (일요일， 공휴일)인사동 문화의 거리,126.976842133821,37.5759040910202,,https://culture.seoul.go.kr/cmmn/file/getImage.do?atchFileId=923de3d9169e463b9c8098a8e132be38&thumb=Y,https://culture.seoul.go.kr/culture/culture/cultureEvent/view.do?cultcode=156996&menuNo=200013,
2026-05-12T04:45:02.862995+09:00,광화문·덕수궁,광화문·덕수궁,POI009,KEY_2,[서울시] 2026년 서울청년문화패스 신청자 모집,2025-12-22~2026-12-31,온라인 접수,126.97860700965403,37.56672958991572,,https://culture.seoul.go.kr/cmmn/file/getImage.do?atchFileId=24931799627a43ea9e2b4960b00c9c4f&thumb=Y,https://culture.seoul.go.kr/culture/culture/cultureEvent/view.do?cultcode=156277&menuNo=200013,
2026-05-12T04:45:02.862995+09:00,창덕궁·종묘,창덕궁·종묘,POI012,KEY_2,2026년 창경궁 야연(상반기),2026-05-07~2026-05-17,창경궁 문정전 일원,126.993841430623,37.5776239475981,,https://culture.seoul.go.kr/cmmn/file/getImage.do?atchFileId=9e29ccf0743c49d0a4fb2c0ad10ffb9e&thumb=Y,https://culture.seoul.go.kr/culture/culture/cultureEvent/view.do?cultcode=157796&menuNo=200011,
2026-05-12T04:45:02.862995+09:00,창덕궁·종묘,창덕궁·종묘,POI012,KEY_2,2026년 창덕궁 달빛기행(상반기),2026-04-16~2026-05-31,창덕궁,126.989710338876,37.5788697347103,,https://culture.seoul.go.kr/cmmn/file/getImage.do?atchFileId=ff2504aca6df4f19a9a1a3f095c02178&thumb=Y,https://culture.seoul.go.kr/culture/culture/cultureEvent/view.do?cultcode=157394&menuNo=200011,
2026-05-12T04:45:02.862995+09:00,동대문 관광특구,동대문 관광특구,POI002,KEY_1,김영준 x 요시다 유니 기획전 Face to face,2026-05-07~2026-06-07,DDP 이간수문전시장,127.00977973484339,37.56735731522952,,https://culture.seoul.go.kr/cmmn/file/getImage.do?atchFileId=2e699755a39b40619ddea53a22e59ef4&thumb=Y,https://culture.seoul.go.kr/culture/culture/cultureEvent/view.do?cultcode=157672&menuNo=200009,
2026-05-12T04:45:02.862995+09:00,동대문 관광특구,동대문 관광특구,POI002,KEY_1,DDPlay 버스킹 5월 공연 안내,2026-05-01~2026-05-31,DDP 어울림광장， 팔거리,127.00977973484339,37.56735731522952,,https://culture.seoul.go.kr/cmmn/file/getImage.do?atchFileId=06255b5f16c1435a95ddf9214cbe8d86&thumb=Y,https://culture.seoul.go.kr/culture/culture/cultureEvent/view.do?cultcode=157546&menuNo=200008,
2026-05-12T04:45:02.862995+09:00,동대문 관광특구,동대문 관광특구,POI002,KEY_1,Let Dreams Shine! [베베핀 드림랜드],2026-05-01~2026-05-31,동대문디자인플라자 디자인랩1층 DDP쇼룸,127.00977973484339,37.56735731522952,,https://culture.seoul.go.kr/cmmn/file/getImage.do?atchFileId=b578b0a0e4724a718dff9fbd6ca77cbc&thumb=Y,https://culture.seoul.go.kr/culture/culture/cultureEvent/view.do?cultcode=157641&menuNo=200011,
2026-05-12T04:45:02.862995+09:00,동대문 관광특구,동대문 관광특구,POI002,KEY_1,[서울디자인재단] 키크니 특별전 : 그렸고 그런 사이,2026-04-25~2026-09-06,뮤지엄 전시1관,127.00977973484339,37.56735731522952,,https://culture.seoul.go.kr/cmmn/file/getImage.do?atchFileId=5b5e3f16b605439ea83b1ecf8d5ce8b8&thumb=Y,https://culture.seoul.go.kr/culture/culture/cultureEvent/view.do?cultcode=157351&menuNo=200009,
2026-05-12T04:45:02.862995+09:00,동대문 관광특구,동대문 관광특구,POI002,KEY_1,[중구문화재단] 뮤지컬 [스윙 데이즈_암호명 A],2026-04-16~2026-07-05,충무아트센터 대극장,127.014790889728,37.5659409687669,,https://culture.seoul.go.kr/cmmn/file/getImage.do?atchFileId=862c9a38b3b146358637293a4f2c8d30&thumb=Y,https://culture.seoul.go.kr/culture/culture/cultureEvent/view.do?cultcode=156673&menuNo=200008,
2026-05-12T04:45:02.862995+09:00,동대문 관광특구,동대문 관광특구,POI002,KEY_1,[서울시립미술관×중구문화재단] 협력전시 [SeMA Collection: 청록미로],2026-04-15~2026-05-17,충무아트센터 갤러리 G1,127.014790889728,37.5659409687669,,https://culture.seoul.go.kr/cmmn/file/getImage.do?atchFileId=cfa4043b588541618a1c45763ada3e23&thumb=Y,https://culture.seoul.go.kr/culture/culture/cultureEvent/view.do?cultcode=157621&menuNo=200009,
2026-05-12T04:45:02.862995+09:00,동대문 관광특구,동대문 관광특구,POI002,KEY_1,이상한 K-뷰티 : 엄마의 서랍장,2026-04-10~2026-06-10,DDP 마켓 B2F 비더비 다운타운,127.00977973484339,37.56735731522952,,https://culture.seoul.go.kr/cmmn/file/getImage.do?atchFileId=e187f20c0b5d4e7ebcbff38d8f60b63e&thumb=Y,https://culture.seoul.go.kr/culture/culture/cultureEvent/view.do?cultcode=157606&menuNo=200009,
2026-05-12T04:45:02.862995+09:00,동대문 관광특구,동대문 관광특구,POI002,KEY_1,[서울디자인재단] DDP 루프탑 투어_2026,2026-03-21~2026-05-31,DDP 뮤지엄 1층(M3 출입문) 투어 데스크 (시작장소),127.00977973484339,37.56735731522952,,https://culture.seoul.go.kr/cmmn/file/getImage.do?atchFileId=973b28af071b405ea7f6eb7ab715abaa&thumb=Y,https://culture.seoul.go.kr/culture/culture/cultureEvent/view.do?cultcode=157428&menuNo=200011,
2026-05-12T04:45:02.862995+09:00,동대문 관광특구,동대문 관광특구,POI002,KEY_1,BtheB 뷰티기획전 [Beauty For All],2026-02-28~2026-06-07,DDP 지하2층 DDP마켓 비더비,127.00977973484339,37.56735731522952,,https://culture.seoul.go.kr/cmmn/file/getImage.do?atchFileId=5209bf1d22f345568a88cce60bbc8688&thumb=Y,https://culture.seoul.go.kr/culture/culture/cultureEvent/view.do?cultcode=156852&menuNo=200009,
2026-05-12T04:45:02.862995+09:00,동대문 관광특구,동대문 관광특구,POI002,KEY_1,[중구문화재단] 뮤지컬 [홍련],2026-02-28~2026-05-17,충무아트센터 중극장 블랙,127.014790889728,37.5659409687669,,https://culture.seoul.go.kr/cmmn/file/getImage.do?atchFileId=e86257233f3b4d50bf436983435399eb&thumb=Y,https://culture.seoul.go.kr/culture/culture/cultureEvent/view.do?cultcode=156539&menuNo=200008,
2026-05-12T04:45:02.862995+09:00,동대문 관광특구,동대문 관광특구,POI002,KEY_1,[DDP] Dream in Light,2026-01-09~2026-12-31,DDP 전면， 유구전시장 앞， 미래로 상부,127.00977973484339,37.56735731522952,,https://culture.seoul.go.kr/cmmn/file/getImage.do?atchFileId=bfa59aa56eed4af8b441d88bad873037&thumb=Y,https://culture.seoul.go.kr/culture/culture/cultureEvent/view.do?cultcode=156491&menuNo=200009,
2026-05-12T04:45:02.862995+09:00,동대문 관광특구,동대문 관광특구,POI002,KEY_1,[서울디자인재단] DDP 건축투어,2026-01-02~2026-12-31,DDP 뮤지엄 1층 투어데스크,127.00977973484339,37.56735731522952,N,https://culture.seoul.go.kr/cmmn/file/getImage.do?atchFileId=47da849abe944ec9b7dedaf1ab283714&thumb=Y,https://culture.seoul.go.kr/culture/culture/cultureEvent/view.do?cultcode=156552&menuNo=200009,
2026-05-12T04:45:02.862995+09:00,명동 관광특구,명동 관광특구,POI003,KEY_2,[서울도서관] 2026년 서울야외도서관 (책읽는 서울광장， 광화문 책마당， 책읽는 맑은 냇가),2026-04-23~2026-11-01,서울광장， 광화문 광장， 청계천 일대,126.97769782752,37.5653338689441,N,https://culture.seoul.go.kr/cmmn/file/getImage.do?atchFileId=57da07b01aed40ad984d40559a42ae61&thumb=Y,https://culture.seoul.go.kr/culture/culture/cultureEvent/view.do?cultcode=156879&menuNo=200010,
2026-05-12T04:45:02.862995+09:00,명동 관광특구,명동 관광특구,POI003,KEY_2,2026 해치마당 미디어월 봄 전시,2026-04-10~2026-06-19,광화문 역 9번출구 진입로 벽면 해치마당 미디어월,126.976787992565,37.5716228232824,,https://culture.seoul.go.kr/cmmn/file/getImage.do?atchFileId=ac862f94f21744ec8092ccc4372c0539&thumb=Y,https://culture.seoul.go.kr/culture/culture/cultureEvent/view.do?cultcode=157787&menuNo=200009,
2026-05-12T04:45:02.862995+09:00,명동 관광특구,명동 관광특구,POI003,KEY_2,[서울시] 2026년 서울청년문화패스 신청자 모집,2025-12-22~2026-12-31,온라인 접수,126.97860700965403,37.56672958991572,,https://culture.seoul.go.kr/cmmn/file/getImage.do?atchFileId=24931799627a43ea9e2b4960b00c9c4f&thumb=Y,https://culture.seoul.go.kr/culture/culture/cultureEvent/view.do?cultcode=156277&menuNo=200013,
2026-05-12T04:45:02.862995+09:00,잠실 관광특구,잠실 관광특구,POI005,KEY_1,[한성백제박물관] 2026년 상반기 성인 대상 [서울 고대유적 탐방],2026-04-28~2026-06-11,한성백제박물관， 몽촌토성， 풍납동토성， 석촌동고분군 일대,127.12088940368128,37.51543881335773,,https://culture.seoul.go.kr/cmmn/file/getImage.do?atchFileId=3d89263b5e85481c894204ef7a05d20e&thumb=Y,https://culture.seoul.go.kr/culture/culture/cultureEvent/view.do?cultcode=157084&menuNo=200011,
2026-05-12T04:45:02.862995+09:00,잠실 관광특구,잠실 관광특구,POI005,KEY_1,올림픽 조각체험 프로젝트#2 [조각이 꿈+틀],2026-04-17~2026-09-06,소마미술관,127.118166964751,37.516920655117,,https://culture.seoul.go.kr/cmmn/file/getImage.do?atchFileId=6825663978de46c192543240dfbb2185&thumb=Y,https://culture.seoul.go.kr/culture/culture/cultureEvent/view.do?cultcode=157318&menuNo=200009,
2026-05-12T04:45:02.862995+09:00,잠실 관광특구,잠실 관광특구,POI005,KEY_1,[소마미술관] 그림책이 살아있다!,2026-04-17~2026-09-06,소마미술관 2관 기획전시실,127.118166964751,37.516920655117,,https://culture.seoul.go.kr/cmmn/file/getImage.do?atchFileId=cf267080189e4a3eadeeb6c5e8b0ade7&thumb=Y,https://culture.seoul.go.kr/culture/culture/cultureEvent/view.do?cultcode=157116&menuNo=200009,
2026-05-12T04:45:02.862995+09:00,잠실 관광특구,잠실 관광특구,POI005,KEY_1,[소마미술관] 조각이 꿈+틀 [올림픽조각체험프로젝트#02] 상설전,2026-04-17~2026-09-06,소마미술관 2관 상설전시실,127.118166964751,37.516920655117,,https://culture.seoul.go.kr/cmmn/file/getImage.do?atchFileId=c4ac3bd4533342b993b5ccfd5d42086c&thumb=Y,https://culture.seoul.go.kr/culture/culture/cultureEvent/view.do?cultcode=157117&menuNo=200009,
2026-05-12T04:45:02.862995+09:00,잠실 관광특구,잠실 관광특구,POI005,KEY_1,이승택 개인전 [조각의 바깥에서],2026-04-10~2026-07-26,소마미술관,127.118166964751,37.516920655117,,https://culture.seoul.go.kr/cmmn/file/getImage.do?atchFileId=fa83edf506b643e2bec777cac69729ce&thumb=Y,https://culture.seoul.go.kr/culture/culture/cultureEvent/view.do?cultcode=157317&menuNo=200009,
2026-05-12T04:45:02.862995+09:00,잠실 관광특구,잠실 관광특구,POI005,KEY_1,[한성백제박물관] 2026년 상반기 문화다양성 교육 [백제와 함께하는 이웃나라들],2026-03-31~2026-06-30,대면) 박물관 교육실/ (비대면) 각 학급 교실,127.12088940368128,37.51543881335773,,https://culture.seoul.go.kr/cmmn/file/getImage.do?atchFileId=79379b0c10fc462fb325ecdb455dd3db&thumb=Y,https://culture.seoul.go.kr/culture/culture/cultureEvent/view.do?cultcode=157232&menuNo=200011,
2026-05-12T04:45:02.862995+09:00,잠실 관광특구,잠실 관광특구,POI005,KEY_1,[한성백제박물관] 2026 상반기 초등단체 비대면 교육 [서울 쏙! 백제 콕!],2026-03-26~2026-07-03,각 학급 교실(비대면 원격 교육),127.12088940368128,37.51543881335773,,https://culture.seoul.go.kr/cmmn/file/getImage.do?atchFileId=fb761ebe217849eaa4f63b1b0f6ac759&thumb=Y,https://culture.seoul.go.kr/culture/culture/cultureEvent/view.do?cultcode=156907&menuNo=200011,
2026-05-12T04:45:02.862995+09:00,잠실 관광특구,잠실 관광특구,POI005,KEY_1,[한성백제박물관] 2026 상반기 초등단체 대면 교육 [서울 쏙! 백제 콕!],2026-03-26~2026-07-03,한성백제박물관 교육실,127.12088940368128,37.51543881335773,,https://culture.seoul.go.kr/cmmn/file/getImage.do?atchFileId=f3b484610b65420297a3ae47001c6120&thumb=Y,https://culture.seoul.go.kr/culture/culture/cultureEvent/view.do?cultcode=156906&menuNo=200011,
2026-05-12T04:45:02.862995+09:00,잠실 관광특구,잠실 관광특구,POI005,KEY_1,[한성백제박물관] 초등 4~6학년 단체 대면 교육 [한강삼국지: 삼국의 한강 쟁탈전],2026-03-24~2026-07-01,한성백제박물관 교육실,127.12088940368128,37.51543881335773,,https://culture.seoul.go.kr/cmmn/file/getImage.do?atchFileId=0183d0f0f64d43dea7f2f1f5a5823734&thumb=Y,https://culture.seoul.go.kr/culture/culture/cultureEvent/view.do?cultcode=156755&menuNo=200011,
2026-05-12T04:45:02.862995+09:00,잠실 관광특구,잠실 관광특구,POI005,KEY_1,[한성백제박물관] 초등 4~6학년 학급 비대면 교육 [한강삼국지: 삼국의 한강 쟁탈전],2026-03-24~2026-07-01,신청 학급 교실,127.12088940368128,37.51543881335773,,https://culture.seoul.go.kr/cmmn/file/getImage.do?atchFileId=ee2f38002896461d88e55f36df203dfc&thumb=Y,https://culture.seoul.go.kr/culture/culture/cultureEvent/view.do?cultcode=156754&menuNo=200011,
2026-05-12T04:45:02.862995+09:00,잠실 관광특구,잠실 관광특구,POI005,KEY_1,홍범·김주환 2인전 [틈을 걷다],2026-03-24~2026-05-24,더 갤러리 호수,127.107617545434,37.512296516856,,https://culture.seoul.go.kr/cmmn/file/getImage.do?atchFileId=3e31e677b15e459ca780d07a735a163d&thumb=Y,https://culture.seoul.go.kr/culture/culture/cultureEvent/view.do?cultcode=157251&menuNo=200009,
2026-05-12T04:45:02.862995+09:00,잠실 관광특구,잠실 관광특구,POI005,KEY_1,[서울백제어린이박물관] 유단체 대상 [서울역사생태탐험대1] 봄,2026-03-19~2026-05-21,서울백제어린이박물관(교육실， 전시실)， 야외생태체험장， 전시실 등,127.124412,37.523991,,https://culture.seoul.go.kr/cmmn/file/getImage.do?atchFileId=7504518b70b54ac7b5c8367519f44947&thumb=Y,https://culture.seoul.go.kr/culture/culture/cultureEvent/view.do?cultcode=156747&menuNo=200011,
2026-05-12T04:45:02.862995+09:00,잠실 관광특구,잠실 관광특구,POI005,KEY_1,[한성백제박물관] 2026년 상반기 주말가족교육 [문화유산 보존 연구소],2026-03-14~2026-07-04,한성백제박물관 교육실,127.12088940368128,37.51543881335773,,https://culture.seoul.go.kr/cmmn/file/getImage.do?atchFileId=69fec744c82446619d58e8ce8cb6baab&thumb=Y,https://culture.seoul.go.kr/culture/culture/cultureEvent/view.do?cultcode=156850&menuNo=200011,
2026-05-12T04:45:02.862995+09:00,잠실 관광특구,잠실 관광특구,POI005,KEY_1,[한성백제박물관] 2026년 상반기 주말가족탐방 [몽촌토성 탐방],2026-03-14~2026-05-30,몽촌토성， 박물관 교육실,127.12088940368128,37.51543881335773,,https://culture.seoul.go.kr/cmmn/file/getImage.do?atchFileId=31a20aade65d41b882a74ff2a6424ee7&thumb=Y,https://culture.seoul.go.kr/culture/culture/cultureEvent/view.do?cultcode=156851&menuNo=200011,
2026-05-12T04:45:02.862995+09:00,종로·청계 관광특구,종로·청계 관광특구,POI006,KEY_2,2026 해치마당 미디어월 봄 전시,2026-04-10~2026-06-19,광화문 역 9번출구 진입로 벽면 해치마당 미디어월,126.976787992565,37.5716228232824,,https://culture.seoul.go.kr/cmmn/file/getImage.do?atchFileId=ac862f94f21744ec8092ccc4372c0539&thumb=Y,https://culture.seoul.go.kr/culture/culture/cultureEvent/view.do?cultcode=157787&menuNo=200009,
2026-05-12T04:45:02.862995+09:00,종로·청계 관광특구,종로·청계 관광특구,POI006,KEY_2,기.기.기(奇.己.氣): 동시대와 시행착오,2026-04-01~2026-05-31,일민미술관,126.977657083792,37.5698677620456,,https://culture.seoul.go.kr/cmmn/file/getImage.do?atchFileId=6e05d79e4d0e4358b3eae2df5081eb13&thumb=Y,https://culture.seoul.go.kr/culture/culture/cultureEvent/view.do?cultcode=157256&menuNo=200009,
2026-05-12T04:45:02.862995+09:00,고척돔,고척돔,POI086,KEY_2,[서울아트책보고] 처음 만나는 미술사 - 이소영 미술 교육인ㆍ미술 에세이스트,2026-05-02~2026-05-16,서울아트책보고 워크숍룸,126.867088741096,37.4982125677913,,https://culture.seoul.go.kr/cmmn/file/getImage.do?atchFileId=f47a521600bd4c239ce177fe47f7d1e8&thumb=Y,https://culture.seoul.go.kr/culture/culture/cultureEvent/view.do?cultcode=157567&menuNo=200011,
2026-05-12T04:45:02.862995+09:00,고척돔,고척돔,POI086,KEY_2,[서울아트책보고] 나와 타인을 알아가는 글쓰기,2026-04-08~2026-05-13,서울아트책보고,126.867088741096,37.4982125677913,N,https://culture.seoul.go.kr/cmmn/file/getImage.do?atchFileId=934cbbeed0e94753b2ddef8f32fddfe6&thumb=Y,https://culture.seoul.go.kr/culture/culture/cultureEvent/view.do?cultcode=156877&menuNo=200011,
2026-05-12T04:45:02.862995+09:00,고척돔,고척돔,POI086,KEY_2,[서울아트책보고] 처음 만나는 세계,2026-03-10~2026-05-31,서울아트책보고 북카페 앤 라운지,126.867088741096,37.4982125677913,,https://culture.seoul.go.kr/cmmn/file/getImage.do?atchFileId=57c7dae9273d4eaeb82db962852b352e&thumb=Y,https://culture.seoul.go.kr/culture/culture/cultureEvent/view.do?cultcode=156892&menuNo=200009,
2026-05-12T04:45:02.862995+09:00,광화문광장,광화문광장,POI088,KEY_1,2026년 경복궁 [경회루·향원정] 특별관람,2026-04-01~2026-10-30,경복궁 경회루·향원정,126.976842133821,37.5759040910202,,https://culture.seoul.go.kr/cmmn/file/getImage.do?atchFileId=37630da9c19349fbac8494e92e5c64d8&thumb=Y,https://culture.seoul.go.kr/culture/culture/cultureEvent/view.do?cultcode=157389&menuNo=200011,
2026-05-12T04:45:02.862995+09:00,광화문광장,광화문광장,POI088,KEY_1,빛과 어둠의 경계에서,2026-05-02~2026-05-25,세종문화회관 세종S씨어터,126.9760053,37.5726241,,https://culture.seoul.go.kr/cmmn/file/getImage.do?atchFileId=0eeea492c11e4eb7816334e58cfeb6ce&thumb=Y,https://culture.seoul.go.kr/culture/culture/cultureEvent/view.do?cultcode=157335&menuNo=200008,
2026-05-12T04:45:02.862995+09:00,광화문광장,광화문광장,POI088,KEY_1,2026 의정부지 역사유적광장 전통무예행사,2026-04-11~2026-10-31,의정부지 역사유적광장,126.977967142855,37.5748036513699,,https://culture.seoul.go.kr/cmmn/file/getImage.do?atchFileId=628a9bae996a407bbfee67752dd508db&thumb=Y,https://culture.seoul.go.kr/culture/culture/cultureEvent/view.do?cultcode=157327&menuNo=200010,
2026-05-12T04:45:02.862995+09:00,광화문광장,광화문광장,POI088,KEY_1,2026 아뜰리에 광화 봄 전시 [피어나는 빛],2026-04-11~2026-06-19,세종문화회관 외벽 미디어파사드,126.9760053,37.5726241,,https://culture.seoul.go.kr/cmmn/file/getImage.do?atchFileId=196d7f704d5646a2bb4bb40523a8c4aa&thumb=Y,https://culture.seoul.go.kr/culture/culture/cultureEvent/view.do?cultcode=157432&menuNo=200009,
2026-05-12T04:45:02.862995+09:00,광화문광장,광화문광장,POI088,KEY_1,2026 해치마당 미디어월 봄 전시,2026-04-10~2026-06-19,광화문 역 9번출구 진입로 벽면 해치마당 미디어월,126.976787992565,37.5716228232824,,https://culture.seoul.go.kr/cmmn/file/getImage.do?atchFileId=ac862f94f21744ec8092ccc4372c0539&thumb=Y,https://culture.seoul.go.kr/culture/culture/cultureEvent/view.do?cultcode=157787&menuNo=200009,
2026-05-12T04:45:02.862995+09:00,광화문광장,광화문광장,POI088,KEY_1,[경복궁] 2026 생과방(상반기),2026-04-08~2026-05-27,경복궁 생과방,126.976842133821,37.5759040910202,,https://culture.seoul.go.kr/cmmn/file/getImage.do?atchFileId=4864144c5a084ea4a1228924afe585e6&thumb=Y,https://culture.seoul.go.kr/culture/culture/cultureEvent/view.do?cultcode=157368&menuNo=200011,
2026-05-12T04:45:02.862995+09:00,광화문광장,광화문광장,POI088,KEY_1,2026년 집옥재(팔우정 포함) 작은 도서관 개방,2026-04-01~2026-10-31,경복궁 집옥재·팔우정,126.976842133821,37.5759040910202,,https://culture.seoul.go.kr/cmmn/file/getImage.do?atchFileId=d70525e916b548cda13443c9e10190f3&thumb=Y,https://culture.seoul.go.kr/culture/culture/cultureEvent/view.do?cultcode=157383&menuNo=200011,
2026-05-12T04:45:02.862995+09:00,광화문광장,광화문광장,POI088,KEY_1,[세종문화회관] 세종예술아카데미 [정승빈 작가] 스테들러와 함께하는 여행드로잉 클래스,2026-03-31~2026-09-15,세종예술아카데미 스퀘어홀,126.9760053,37.5726241,,https://culture.seoul.go.kr/cmmn/file/getImage.do?atchFileId=a0247bcdf4484818baaca748c977391f&thumb=Y,https://culture.seoul.go.kr/culture/culture/cultureEvent/view.do?cultcode=157026&menuNo=200011,
2026-05-12T04:45:02.862995+09:00,광화문광장,광화문광장,POI088,KEY_1,[세종문화회관] 세종예술아카데미 [박인홍 작가] 스테들러와 함께하는 여행드로잉 클래스,2026-03-31~2026-08-31,세종예술아카데미 스퀘어홀,126.9760053,37.5726241,,https://culture.seoul.go.kr/cmmn/file/getImage.do?atchFileId=c9b88469d8f0468e960f00b0e5b0785d&thumb=Y,https://culture.seoul.go.kr/culture/culture/cultureEvent/view.do?cultcode=157025&menuNo=200011,
2026-05-12T04:45:02.862995+09:00,광화문광장,광화문광장,POI088,KEY_1,[세종문화회관] 세종예술아카데미 [그레이스 발레 (성인 취미 발레)],2026-03-30~2026-06-29,세종문화회관 예술동 4층 종합연습실,126.9760053,37.5726241,,https://culture.seoul.go.kr/cmmn/file/getImage.do?atchFileId=8b685870654e4cd78bf509ea783f7748&thumb=Y,https://culture.seoul.go.kr/culture/culture/cultureEvent/view.do?cultcode=156885&menuNo=200011,.
2026-05-12T04:45:02.862995+09:00,광화문광장,광화문광장,POI088,KEY_1,[세종문화회관] 세종예술아카데미 [정연석 작가] 스테들러와 함께하는 여행드로잉 클래스,2026-03-28~2026-09-05,세종예술아카데미 스퀘어홀,126.9760053,37.5726241,,https://culture.seoul.go.kr/cmmn/file/getImage.do?atchFileId=df2237ca7f754d009407bc3321cae86f&thumb=Y,https://culture.seoul.go.kr/culture/culture/cultureEvent/view.do?cultcode=157028&menuNo=200011,
2026-05-12T04:45:02.862995+09:00,광화문광장,광화문광장,POI088,KEY_1,[세종문화회관] 세종예술아카데미 [이승익 작가] 스테들러와 함께하는 여행드로잉 클래스,2026-03-28~2026-08-29,세종예술아카데미 스퀘어홀,126.9760053,37.5726241,,https://culture.seoul.go.kr/cmmn/file/getImage.do?atchFileId=09ebfb8dbbcf453e86aadfe529b90ff8&thumb=Y,https://culture.seoul.go.kr/culture/culture/cultureEvent/view.do?cultcode=157027&menuNo=200011,
2026-05-12T04:45:02.862995+09:00,광화문광장,광화문광장,POI088,KEY_1,[세종문화회관] 2026 상반기 세종 어린이 발레 아카데미,2026-03-28~2026-06-27,세종문화회관 예술동 4층 종합연습실,126.9760053,37.5726241,,https://culture.seoul.go.kr/cmmn/file/getImage.do?atchFileId=b47ad1471d3d428a9482934f7b03787f&thumb=Y,https://culture.seoul.go.kr/culture/culture/cultureEvent/view.do?cultcode=157104&menuNo=200011,
2026-05-12T04:45:02.862995+09:00,광화문광장,광화문광장,POI088,KEY_1,[세종문화회관] 세종예술아카데미 [이야기가 있는 클래식],2026-03-19~2026-05-28,세종문화회관 서클홀,126.9760053,37.5726241,,https://culture.seoul.go.kr/cmmn/file/getImage.do?atchFileId=0373af8e16694df8b923159a02ec0a2a&thumb=Y,https://culture.seoul.go.kr/culture/culture/cultureEvent/view.do?cultcode=156883&menuNo=200011,.
2026-05-12T04:45:02.862995+09:00,광화문광장,광화문광장,POI088,KEY_1,[세종문화회관] 세종예술아카데미 [미술사가 이 현의 전시와 함께보는 서양 미술사 - 바로크와 로코코],2026-03-19~2026-05-21,세종문화회관 서클홀,126.9760053,37.5726241,,https://culture.seoul.go.kr/cmmn/file/getImage.do?atchFileId=377ac3cd61d6416baa3b3f43a826b900&thumb=Y,https://culture.seoul.go.kr/culture/culture/cultureEvent/view.do?cultcode=156881&menuNo=200011,.
2026-05-12T04:45:02.862995+09:00,광화문광장,광화문광장,POI088,KEY_1,[세종문화회관] 세종예술아카데미 [클래식브런치],2026-03-18~2026-05-20,세종문화회관 서클홀,126.9760053,37.5726241,,https://culture.seoul.go.kr/cmmn/file/getImage.do?atchFileId=43b7fd7ecf2b44d1b7ba2ec25e6cc7a7&thumb=Y,https://culture.seoul.go.kr/culture/culture/cultureEvent/view.do?cultcode=156880&menuNo=200011,.
2026-05-12T04:45:02.862995+09:00,광화문광장,광화문광장,POI088,KEY_1,[세종문화회관] 세종예술아카데미 [히든보이스],2026-03-17~2026-06-30,세종문화회관 서클홀,126.9760053,37.5726241,,https://culture.seoul.go.kr/cmmn/file/getImage.do?atchFileId=96b505aa681348d48b661d248108f577&thumb=Y,https://culture.seoul.go.kr/culture/culture/cultureEvent/view.do?cultcode=156809&menuNo=200011,.
2026-05-12T04:45:02.862995+09:00,광화문광장,광화문광장,POI088,KEY_1,[세종문화회관] 세종예술아카데미 [2026 상반기 스포츠 in 아트스테이션],2026-03-16~2026-06-26,세종문화회관 오픈스테이지의 탁 트인 마루형 공간,126.9760053,37.5726241,,https://culture.seoul.go.kr/cmmn/file/getImage.do?atchFileId=16cb755c035e4ddc86c7cfbfa3654ca5&thumb=Y,https://culture.seoul.go.kr/culture/culture/cultureEvent/view.do?cultcode=157023&menuNo=200011,
2026-05-12T04:45:02.862995+09:00,광화문광장,광화문광장,POI088,KEY_1,[국가유산청 궁능유적본부] 수문장 순라의식,2026-03-01~2026-11-29,(토요일)경복궁 내부 (일요일， 공휴일)인사동 문화의 거리,126.976842133821,37.5759040910202,,https://culture.seoul.go.kr/cmmn/file/getImage.do?atchFileId=923de3d9169e463b9c8098a8e132be38&thumb=Y,https://culture.seoul.go.kr/culture/culture/cultureEvent/view.do?cultcode=156996&menuNo=200013,
2026-05-12T04:45:02.862995+09:00,국립중앙박물관·용산가족공원,국립중앙박물관·용산가족공원,POI089,KEY_2,[국립중앙박물관] 이슬람 미술， 찬란한 빛의 여정,2025-11-22~2026-10-11,국립중앙박물관 상설전시관 이슬람실,126.98020301648833,37.52385582212769,,https://culture.seoul.go.kr/cmmn/file/getImage.do?atchFileId=69db1f87ea6447c6a1fe901e146ce2e1&thumb=Y,https://culture.seoul.go.kr/culture/culture/cultureEvent/view.do?cultcode=156371&menuNo=200009,
2026-05-12T04:45:02.862995+09:00,국립중앙박물관·용산가족공원,국립중앙박물관·용산가족공원,POI089,KEY_2,[국립중앙박물관] 보존과학， 새로운 시작 함께하는 미래,2025-10-28~2026-06-30,국립중앙박물관 보존과학센터 1층,126.98020301648833,37.52385582212769,,https://culture.seoul.go.kr/cmmn/file/getImage.do?atchFileId=649b5716289a4bf2a97dcc27a7962d0c&thumb=Y,https://culture.seoul.go.kr/culture/culture/cultureEvent/view.do?cultcode=156376&menuNo=200009,
2026-05-12T04:45:02.862995+09:00,국립중앙박물관·용산가족공원,국립중앙박물관·용산가족공원,POI089,KEY_2,[국립중앙박물관] 각角진 백자 이야기,2025-08-26~2026-06-21,국립중앙박물관 상설전시관 3층,126.98020301648833,37.52385582212769,,https://culture.seoul.go.kr/cmmn/file/getImage.do?atchFileId=e522fa75398e4832b8862dd5a66863a7&thumb=Y,https://culture.seoul.go.kr/culture/culture/cultureEvent/view.do?cultcode=156377&menuNo=200009,
2026-05-12T04:45:02.862995+09:00,남산공원,남산공원,POI091,KEY_1,2026 서울시 태권도 공연,2026-05-09~2026-10-18,남산골한옥마을， DDP(동대문디자인플라자) 등,126.994440072131,37.559304933707146,,https://culture.seoul.go.kr/cmmn/file/getImage.do?atchFileId=292cefda02074a1bba028aea65b48755&thumb=Y,https://culture.seoul.go.kr/culture/culture/cultureEvent/view.do?cultcode=157783&menuNo=200013,
2026-05-12T04:45:02.862995+09:00,남산공원,남산공원,POI091,KEY_1,[남산골한옥마을] 2026 남산골 전통체험 [예술가의 시간],2026-04-03~2026-10-25,남산골한옥마을 전통가옥 프로그램별 상이,126.994440072131,37.559304933707146,,https://culture.seoul.go.kr/cmmn/file/getImage.do?atchFileId=65cd91f8db7b435e96bed67b434bcb84&thumb=Y,https://culture.seoul.go.kr/culture/culture/cultureEvent/view.do?cultcode=157090&menuNo=200011,
2026-05-12T04:45:02.862995+09:00,남산공원,남산공원,POI091,KEY_1,[남산골한옥마을] 남산골 전통혼례,2026-03-28~2026-11-15,관훈동 민씨가옥 안채 마당 (야외 혼례),126.994440072131,37.559304933707146,,https://culture.seoul.go.kr/cmmn/file/getImage.do?atchFileId=33830aa756d2463ab6ae27c45a425b0e&thumb=Y,https://culture.seoul.go.kr/culture/culture/cultureEvent/view.do?cultcode=156333&menuNo=200010,
2026-05-12T04:45:02.862995+09:00,남산공원,남산공원,POI091,KEY_1,2026 국립극장 어린이 예술학교 유아반 (1학기),2026-03-14~2026-05-23,국립극장 뜰아래연습장 B2 다목적교육실,126.999267349473,37.5519949082942,,https://culture.seoul.go.kr/cmmn/file/getImage.do?atchFileId=4d36afd4ac204d67bade0bd7b035e70a&thumb=Y,https://culture.seoul.go.kr/culture/culture/cultureEvent/view.do?cultcode=156884&menuNo=200011,
2026-05-12T04:45:02.862995+09:00,노들섬,노들섬,POI092,KEY_2,2026 서울거리공연 구석구석라이브,2026-05-01~2026-12-31,공연별 상이,126.958036465507,37.5176638307111,,https://culture.seoul.go.kr/cmmn/file/getImage.do?atchFileId=edccc8857cfe4ac1886089adadae554e&thumb=Y,https://culture.seoul.go.kr/culture/culture/cultureEvent/view.do?cultcode=157655&menuNo=200008,
2026-05-12T04:45:02.862995+09:00,노들섬,노들섬,POI092,KEY_2,[서울문화재단] 2026 신당창작아케이드 [어쩌다 마주친 공예 in 노들섬],2026-03-27~2026-12-31,노들섬 노들서가 내 아트스페이스 엣지 1층 (서울특별시 용산구 양녕로 445),126.958036465507,37.5176638307111,,https://culture.seoul.go.kr/cmmn/file/getImage.do?atchFileId=a8c296336d0f4398b55de07ad93424af&thumb=Y,https://culture.seoul.go.kr/culture/culture/cultureEvent/view.do?cultcode=157363&menuNo=200009,
2026-05-12T04:45:02.862995+09:00,서울숲공원,서울숲공원,POI101,KEY_2,2026 서로장터,2026-04-26~2026-11-01,서울광장， 서울숲， 양재시민의 숲， 잠수교,127.041799099222,37.5430701468405,N,https://culture.seoul.go.kr/cmmn/file/getImage.do?atchFileId=b5b274e789f84a8da67e6c2ec3815326&thumb=Y,https://culture.seoul.go.kr/culture/culture/cultureEvent/view.do?cultcode=157478&menuNo=200010,
2026-05-12T04:45:02.862995+09:00,서울숲공원,서울숲공원,POI101,KEY_2,2026 서울국제정원박람회,2026-05-01~2026-10-27,서울숲 일대,127.041799099222,37.5430701468405,,https://culture.seoul.go.kr/cmmn/file/getImage.do?atchFileId=94950c28bee44177bf2bff226fec0dc4&thumb=Y,https://culture.seoul.go.kr/culture/culture/cultureEvent/view.do?cultcode=156916&menuNo=200010,
2026-05-12T04:45:02.862995+09:00,송현녹지광장,송현녹지광장,POI129,KEY_3,[서울공예박물관] 공예협력전시 [안동별궁， 시간의 겹],2026-04-28~2027-08-29,서울공예박물관 전시1동 3층 기획전시실,126.983533363501,37.5766481740232,N,https://culture.seoul.go.kr/cmmn/file/getImage.do?atchFileId=a1622fcb6e024123ac90f40cdc8e32fd&thumb=Y,https://culture.seoul.go.kr/culture/culture/cultureEvent/view.do?cultcode=157420&menuNo=200009,
2026-05-12T04:45:02.862995+09:00,송현녹지광장,송현녹지광장,POI129,KEY_3,[서울공예박물관] 한불수교 140주년 기념전시 [더 하이브리드],2026-04-28~2026-07-26,서울공예박물관 전시1동 3층 기획전시실,126.983533363501,37.5766481740232,N,https://culture.seoul.go.kr/cmmn/file/getImage.do?atchFileId=aaaf677cdfac468db6f5c9e13fd397ad&thumb=Y,https://culture.seoul.go.kr/culture/culture/cultureEvent/view.do?cultcode=157211&menuNo=200009,
2026-05-12T04:45:02.862995+09:00,송현녹지광장,송현녹지광장,POI129,KEY_3,[서울공예박물관] 공예동행@쇼윈도 #2. 빛의 흐름 The Flow of Light,2026-04-08~2026-05-31,전시3동 1층 쇼윈도 갤러리,126.983533363501,37.5766481740232,,https://culture.seoul.go.kr/cmmn/file/getImage.do?atchFileId=d813307c6065486caf69b2ad498a0e61&thumb=Y,https://culture.seoul.go.kr/culture/culture/cultureEvent/view.do?cultcode=157354&menuNo=200009,
2026-05-12T04:45:02.862995+09:00,송현녹지광장,송현녹지광장,POI129,KEY_3,스펙트로신테시스 서울 Spectrosynthesis Seoul,2026-03-20~2026-06-28,아트선재센터,126.981839239613,37.5794635323506,,https://culture.seoul.go.kr/cmmn/file/getImage.do?atchFileId=1bbb87d0d71243b996db22604e96a261&thumb=Y,https://culture.seoul.go.kr/culture/culture/cultureEvent/view.do?cultcode=157262&menuNo=200009,
2026-05-12T04:45:02.862995+09:00,어린이대공원,어린이대공원,POI104,KEY_1,[서울상상나라] 2F 기획전시 [사랑하는 모양이야],2025-11-15~2026-11-15,2층 서울형 키즈카페 시립 서울상상나라점,127.077569,37.55055,,https://culture.seoul.go.kr/cmmn/file/getImage.do?atchFileId=49257064be8745158d56780a881325da&thumb=Y,https://culture.seoul.go.kr/culture/culture/cultureEvent/view.do?cultcode=156165&menuNo=200009,
2026-05-12T04:45:02.862995+09:00,어린이대공원,어린이대공원,POI104,KEY_1,[서울상상나라] 통-하다,2025-11-11~2026-11-11,서울상상나라 1층 상설전시실,127.077569,37.55055,,https://culture.seoul.go.kr/cmmn/file/getImage.do?atchFileId=43c7d50c4bcf488982db4ed5e5d6a2a9&thumb=Y,https://culture.seoul.go.kr/culture/culture/cultureEvent/view.do?cultcode=155891&menuNo=200009,
2026-05-12T04:45:02.862995+09:00,어린이대공원,어린이대공원,POI104,KEY_1,[서울상상나라] 그림책 작업실:엉뚱하고 기발한,2025-07-15~2026-07-15,서울상상나라 지하 1층 기획전시실,127.077569,37.55055,,https://culture.seoul.go.kr/cmmn/file/getImage.do?atchFileId=96afe0108a624e499e8ba01e7cb308c1&thumb=Y,https://culture.seoul.go.kr/culture/culture/cultureEvent/view.do?cultcode=154150&menuNo=200009,
2026-05-12T04:45:02.862995+09:00,올림픽공원,올림픽공원,POI127,KEY_1,[한성백제박물관] 2026년 상반기 성인 대상 [서울 고대유적 탐방],2026-04-28~2026-06-11,한성백제박물관， 몽촌토성， 풍납동토성， 석촌동고분군 일대,127.12088940368128,37.51543881335773,,https://culture.seoul.go.kr/cmmn/file/getImage.do?atchFileId=3d89263b5e85481c894204ef7a05d20e&thumb=Y,https://culture.seoul.go.kr/culture/culture/cultureEvent/view.do?cultcode=157084&menuNo=200011,
2026-05-12T04:45:02.862995+09:00,올림픽공원,올림픽공원,POI127,KEY_1,올림픽 조각체험 프로젝트#2 [조각이 꿈+틀],2026-04-17~2026-09-06,소마미술관,127.118166964751,37.516920655117,,https://culture.seoul.go.kr/cmmn/file/getImage.do?atchFileId=6825663978de46c192543240dfbb2185&thumb=Y,https://culture.seoul.go.kr/culture/culture/cultureEvent/view.do?cultcode=157318&menuNo=200009,
2026-05-12T04:45:02.862995+09:00,올림픽공원,올림픽공원,POI127,KEY_1,[소마미술관] 그림책이 살아있다!,2026-04-17~2026-09-06,소마미술관 2관 기획전시실,127.118166964751,37.516920655117,,https://culture.seoul.go.kr/cmmn/file/getImage.do?atchFileId=cf267080189e4a3eadeeb6c5e8b0ade7&thumb=Y,https://culture.seoul.go.kr/culture/culture/cultureEvent/view.do?cultcode=157116&menuNo=200009,
2026-05-12T04:45:02.862995+09:00,올림픽공원,올림픽공원,POI127,KEY_1,[소마미술관] 조각이 꿈+틀 [올림픽조각체험프로젝트#02] 상설전,2026-04-17~2026-09-06,소마미술관 2관 상설전시실,127.118166964751,37.516920655117,,https://culture.seoul.go.kr/cmmn/file/getImage.do?atchFileId=c4ac3bd4533342b993b5ccfd5d42086c&thumb=Y,https://culture.seoul.go.kr/culture/culture/cultureEvent/view.do?cultcode=157117&menuNo=200009,
2026-05-12T04:45:02.862995+09:00,올림픽공원,올림픽공원,POI127,KEY_1,이승택 개인전 [조각의 바깥에서],2026-04-10~2026-07-26,소마미술관,127.118166964751,37.516920655117,,https://culture.seoul.go.kr/cmmn/file/getImage.do?atchFileId=fa83edf506b643e2bec777cac69729ce&thumb=Y,https://culture.seoul.go.kr/culture/culture/cultureEvent/view.do?cultcode=157317&menuNo=200009,
2026-05-12T04:45:02.862995+09:00,올림픽공원,올림픽공원,POI127,KEY_1,[한성백제박물관] 2026년 상반기 문화다양성 교육 [백제와 함께하는 이웃나라들],2026-03-31~2026-06-30,대면) 박물관 교육실/ (비대면) 각 학급 교실,127.12088940368128,37.51543881335773,,https://culture.seoul.go.kr/cmmn/file/getImage.do?atchFileId=79379b0c10fc462fb325ecdb455dd3db&thumb=Y,https://culture.seoul.go.kr/culture/culture/cultureEvent/view.do?cultcode=157232&menuNo=200011,
2026-05-12T04:45:02.862995+09:00,올림픽공원,올림픽공원,POI127,KEY_1,[한성백제박물관] 2026 상반기 초등단체 비대면 교육 [서울 쏙! 백제 콕!],2026-03-26~2026-07-03,각 학급 교실(비대면 원격 교육),127.12088940368128,37.51543881335773,,https://culture.seoul.go.kr/cmmn/file/getImage.do?atchFileId=fb761ebe217849eaa4f63b1b0f6ac759&thumb=Y,https://culture.seoul.go.kr/culture/culture/cultureEvent/view.do?cultcode=156907&menuNo=200011,
2026-05-12T04:45:02.862995+09:00,올림픽공원,올림픽공원,POI127,KEY_1,[한성백제박물관] 2026 상반기 초등단체 대면 교육 [서울 쏙! 백제 콕!],2026-03-26~2026-07-03,한성백제박물관 교육실,127.12088940368128,37.51543881335773,,https://culture.seoul.go.kr/cmmn/file/getImage.do?atchFileId=f3b484610b65420297a3ae47001c6120&thumb=Y,https://culture.seoul.go.kr/culture/culture/cultureEvent/view.do?cultcode=156906&menuNo=200011,
2026-05-12T04:45:02.862995+09:00,올림픽공원,올림픽공원,POI127,KEY_1,[한성백제박물관] 초등 4~6학년 단체 대면 교육 [한강삼국지: 삼국의 한강 쟁탈전],2026-03-24~2026-07-01,한성백제박물관 교육실,127.12088940368128,37.51543881335773,,https://culture.seoul.go.kr/cmmn/file/getImage.do?atchFileId=0183d0f0f64d43dea7f2f1f5a5823734&thumb=Y,https://culture.seoul.go.kr/culture/culture/cultureEvent/view.do?cultcode=156755&menuNo=200011,
2026-05-12T04:45:02.862995+09:00,올림픽공원,올림픽공원,POI127,KEY_1,[한성백제박물관] 초등 4~6학년 학급 비대면 교육 [한강삼국지: 삼국의 한강 쟁탈전],2026-03-24~2026-07-01,신청 학급 교실,127.12088940368128,37.51543881335773,,https://culture.seoul.go.kr/cmmn/file/getImage.do?atchFileId=ee2f38002896461d88e55f36df203dfc&thumb=Y,https://culture.seoul.go.kr/culture/culture/cultureEvent/view.do?cultcode=156754&menuNo=200011,
2026-05-12T04:45:02.862995+09:00,올림픽공원,올림픽공원,POI127,KEY_1,[서울백제어린이박물관] 유단체 대상 [서울역사생태탐험대1] 봄,2026-03-19~2026-05-21,서울백제어린이박물관(교육실， 전시실)， 야외생태체험장， 전시실 등,127.124412,37.523991,,https://culture.seoul.go.kr/cmmn/file/getImage.do?atchFileId=7504518b70b54ac7b5c8367519f44947&thumb=Y,https://culture.seoul.go.kr/culture/culture/cultureEvent/view.do?cultcode=156747&menuNo=200011,
2026-05-12T04:45:02.862995+09:00,올림픽공원,올림픽공원,POI127,KEY_1,[한성백제박물관] 2026년 상반기 주말가족교육 [문화유산 보존 연구소],2026-03-14~2026-07-04,한성백제박물관 교육실,127.12088940368128,37.51543881335773,,https://culture.seoul.go.kr/cmmn/file/getImage.do?atchFileId=69fec744c82446619d58e8ce8cb6baab&thumb=Y,https://culture.seoul.go.kr/culture/culture/cultureEvent/view.do?cultcode=156850&menuNo=200011,
2026-05-12T04:45:02.862995+09:00,올림픽공원,올림픽공원,POI127,KEY_1,[한성백제박물관] 2026년 상반기 주말가족탐방 [몽촌토성 탐방],2026-03-14~2026-05-30,몽촌토성， 박물관 교육실,127.12088940368128,37.51543881335773,,https://culture.seoul.go.kr/cmmn/file/getImage.do?atchFileId=31a20aade65d41b882a74ff2a6424ee7&thumb=Y,https://culture.seoul.go.kr/culture/culture/cultureEvent/view.do?cultcode=156851&menuNo=200011,
2026-05-12T04:45:02.862995+09:00,북촌한옥마을,북촌한옥마을,POI066,KEY_3,[갤러리지우헌] 허상욱 개인전: 분청 마음,2026-05-06~2026-06-03,갤러리 지우헌,126.982999426985,37.5833833879584,,https://culture.seoul.go.kr/cmmn/file/getImage.do?atchFileId=cbdadfe6623e471d8e41a958828bab71&thumb=Y,https://culture.seoul.go.kr/culture/culture/cultureEvent/view.do?cultcode=157715&menuNo=200009,전시 오프닝은 5월 6일 오후 4시에 진행되며， 작가가 직접 작품을 소개하는 자리가 마련될 예정이다. 행사에는 100년 전통 ㈜지평주조의 ‘지평탁주’가 함께 제공됩니다.
2026-05-12T04:45:02.862995+09:00,북촌한옥마을,북촌한옥마을,POI066,KEY_3,[서울공예박물관] 공예협력전시 [안동별궁， 시간의 겹],2026-04-28~2027-08-29,서울공예박물관 전시1동 3층 기획전시실,126.983533363501,37.5766481740232,N,https://culture.seoul.go.kr/cmmn/file/getImage.do?atchFileId=a1622fcb6e024123ac90f40cdc8e32fd&thumb=Y,https://culture.seoul.go.kr/culture/culture/cultureEvent/view.do?cultcode=157420&menuNo=200009,
2026-05-12T04:45:02.862995+09:00,북촌한옥마을,북촌한옥마을,POI066,KEY_3,[서울공예박물관] 한불수교 140주년 기념전시 [더 하이브리드],2026-04-28~2026-07-26,서울공예박물관 전시1동 3층 기획전시실,126.983533363501,37.5766481740232,N,https://culture.seoul.go.kr/cmmn/file/getImage.do?atchFileId=aaaf677cdfac468db6f5c9e13fd397ad&thumb=Y,https://culture.seoul.go.kr/culture/culture/cultureEvent/view.do?cultcode=157211&menuNo=200009,
2026-05-12T04:45:02.862995+09:00,북촌한옥마을,북촌한옥마을,POI066,KEY_3,[서울공예박물관] 공예동행@쇼윈도 #2. 빛의 흐름 The Flow of Light,2026-04-08~2026-05-31,전시3동 1층 쇼윈도 갤러리,126.983533363501,37.5766481740232,,https://culture.seoul.go.kr/cmmn/file/getImage.do?atchFileId=d813307c6065486caf69b2ad498a0e61&thumb=Y,https://culture.seoul.go.kr/culture/culture/cultureEvent/view.do?cultcode=157354&menuNo=200009,
2026-05-12T04:45:02.862995+09:00,북촌한옥마을,북촌한옥마을,POI066,KEY_3,스펙트로신테시스 서울 Spectrosynthesis Seoul,2026-03-20~2026-06-28,아트선재센터,126.981839239613,37.5794635323506,,https://culture.seoul.go.kr/cmmn/file/getImage.do?atchFileId=1bbb87d0d71243b996db22604e96a261&thumb=Y,https://culture.seoul.go.kr/culture/culture/cultureEvent/view.do?cultcode=157262&menuNo=200009,
2026-05-12T04:45:02.862995+09:00,서촌,서촌,POI067,KEY_1,[서울생활문화센터 체부] 체부작업展 [선 위에 머무는 마음],2026-04-28~2026-06-30,윈도우 갤러리， 금오재 마실,126.97148941423,37.5767084987432,,https://culture.seoul.go.kr/cmmn/file/getImage.do?atchFileId=b51cfd4f38d64d21be656e622812b5cb&thumb=Y,https://culture.seoul.go.kr/culture/culture/cultureEvent/view.do?cultcode=157790&menuNo=200009,
2026-05-12T04:45:02.862995+09:00,서촌,서촌,POI067,KEY_1,[종로문화재단] 금빛으로 지은 옷을 여미다,2025-12-16~2026-06-26,배화여자대학교 도서관 1층 전통문화전시실,126.967291871532,37.5795440101952,,https://culture.seoul.go.kr/cmmn/file/getImage.do?atchFileId=dc73759daf4e460fb1b9184a298f8c43&thumb=Y,https://culture.seoul.go.kr/culture/culture/cultureEvent/view.do?cultcode=156309&menuNo=200009,
2026-05-12T04:45:02.862995+09:00,서촌,서촌,POI067,KEY_1,[종로문화재단] 박노수미술관 개관12주년 기념전시 [산수·격물],2025-09-19~2026-12-06,종로구립 박노수미술관,126.966818545949,37.5813191962491,,https://culture.seoul.go.kr/cmmn/file/getImage.do?atchFileId=b3d1bbb9284b4b97bda71e967e5bb5a9&thumb=Y,https://culture.seoul.go.kr/culture/culture/cultureEvent/view.do?cultcode=155699&menuNo=200009,
2026-05-12T04:45:02.862995+09:00,인사동,인사동,POI078,KEY_3,[서울무형유산교육전시장] 2026년 운현궁에서 배우는 전통매듭 체험 모집,2026-05-06~2026-05-27,운현궁 이로당,126.98708335796199,37.57607864675475,,https://culture.seoul.go.kr/cmmn/file/getImage.do?atchFileId=d9f7c6b35e4b444dab781fe2fd07b841&thumb=Y,https://culture.seoul.go.kr/culture/culture/cultureEvent/view.do?cultcode=157558&menuNo=200011,
2026-05-12T04:45:02.862995+09:00,인사동,인사동,POI078,KEY_3,[노화랑] 기획전 [IN PINK],2026-04-23~2026-05-14,노화랑 1， 2층 전시장,126.984085733694,37.5748603162364,N,https://culture.seoul.go.kr/cmmn/file/getImage.do?atchFileId=813a89fb33224ca9b184a59c222a411b&thumb=Y,https://culture.seoul.go.kr/culture/culture/cultureEvent/view.do?cultcode=157488&menuNo=200009,
2026-05-12T04:45:02.862995+09:00,인사동,인사동,POI078,KEY_3,[서울우리소리박물관] 2026년 상반기 외국인 전통문화체험,2026-04-16~2026-05-14,서울우리소리박물관 상설전시실 및 교육실,126.989622047178,37.577157928122,,https://culture.seoul.go.kr/cmmn/file/getImage.do?atchFileId=183cd9e9b78549d098992df989c47096&thumb=Y,https://culture.seoul.go.kr/culture/culture/cultureEvent/view.do?cultcode=157200&menuNo=200011,
2026-05-12T04:45:02.862995+09:00,인사동,인사동,POI078,KEY_3,[운현궁] 2026 서울 운현궁 예절교실,2026-04-01~2026-06-12,운현궁 이로당， 노락당,126.98708335796199,37.57607864675475,,https://culture.seoul.go.kr/cmmn/file/getImage.do?atchFileId=48bfe53ae79b43ffa93809a0bea94372&thumb=Y,https://culture.seoul.go.kr/culture/culture/cultureEvent/view.do?cultcode=156901&menuNo=200011,
2026-05-12T04:45:02.862995+09:00,인사동,인사동,POI078,KEY_3,[서울생활문화센터 낙원] 초보기타 교실 추가모집 / 색소폰 교실 & 클리닉,2026-03-18~2026-06-24,서울생활문화센터 낙원 5번 안내실,126.987902476529,37.5727635233966,,https://culture.seoul.go.kr/cmmn/file/getImage.do?atchFileId=19019906a68a46efbe0ae1c1d60984bd&thumb=Y,https://culture.seoul.go.kr/culture/culture/cultureEvent/view.do?cultcode=156978&menuNo=200011,
2026-05-12T04:45:02.862995+09:00,인사동,인사동,POI078,KEY_3,[서울우리소리박물관] 2026 자율학습 프로그램 [우리소리 친구들],2026-02-09~2026-12-31,누마루 또는 교육실,126.989622047178,37.577157928122,,https://culture.seoul.go.kr/cmmn/file/getImage.do?atchFileId=94d1c28647de4daf8f612b8fe830a020&thumb=Y,https://culture.seoul.go.kr/culture/culture/cultureEvent/view.do?cultcode=156746&menuNo=200011,
2026-05-12T04:45:02.862995+09:00,인사동,인사동,POI078,KEY_3,[서울우리소리박물관] 2025 서울우리소리박물관 기획전 [한강， 소리로 흐르다],2025-06-19~2026-05-28,서울우리소리박물관 기획전시실,126.989622047178,37.577157928122,,https://culture.seoul.go.kr/cmmn/file/getImage.do?atchFileId=6cbae2fb2066497e9499c66996d2aad8&thumb=Y,https://culture.seoul.go.kr/culture/culture/cultureEvent/view.do?cultcode=154089&menuNo=200009,
2026-05-12T04:45:02.862995+09:00,창동 신경제 중심지,창동 신경제 중심지,POI079,KEY_2,[서울시립 사진미술관] 어린이를 위한 감상교육 [미술관 탐험],2026-05-02~2026-06-13,서울시립 사진미술관 전시실 및 1교육실,127.048947814686,37.6555150225578,,https://culture.seoul.go.kr/cmmn/file/getImage.do?atchFileId=3b060851bfe0447fa662c416d69083b5&thumb=Y,https://culture.seoul.go.kr/culture/culture/cultureEvent/view.do?cultcode=157761&menuNo=200011,
2026-05-12T04:45:02.862995+09:00,창동 신경제 중심지,창동 신경제 중심지,POI079,KEY_2,[서울시립 사진미술관] 2026 서울사진축제 : 미술관 속 영화관 [진과 세계 사이에서],2026-04-24~2026-05-29,서울시립 사진미술관 2층 영상홀,127.048947814686,37.6555150225578,,https://culture.seoul.go.kr/cmmn/file/getImage.do?atchFileId=7938fe59e75e4986abeeaa7b0d1b15a9&thumb=Y,https://culture.seoul.go.kr/culture/culture/cultureEvent/view.do?cultcode=157489&menuNo=200013,
2026-05-12T04:45:02.862995+09:00,창동 신경제 중심지,창동 신경제 중심지,POI079,KEY_2,[서울시립 사진미술관] 2026 서울사진축제 : 포토라이브러리 워크숍 [일요일의 독서클럽],2026-04-12~2026-06-07,2층 영상홀， 4층 포토라이브러리,127.048947814686,37.6555150225578,,https://culture.seoul.go.kr/cmmn/file/getImage.do?atchFileId=498300d2f5194d3b8fd3d736e7cb345f&thumb=Y,https://culture.seoul.go.kr/culture/culture/cultureEvent/view.do?cultcode=157487&menuNo=200011,
2026-05-12T04:45:02.862995+09:00,창동 신경제 중심지,창동 신경제 중심지,POI079,KEY_2,[서울시립 사진미술관] 2026 서울사진축제 : Photo SeMA 기획서가 [모두를 위한 사진책],2026-04-09~2026-07-05,서울시립 사진미술관 4층 포토라이브러리,127.048947814686,37.6555150225578,,https://culture.seoul.go.kr/cmmn/file/getImage.do?atchFileId=65ddc38604e4492b869a6d972a08ec81&thumb=Y,https://culture.seoul.go.kr/culture/culture/cultureEvent/view.do?cultcode=157578&menuNo=200009,
2026-05-12T04:45:02.862995+09:00,창동 신경제 중심지,창동 신경제 중심지,POI079,KEY_2,[서울시립 사진미술관] 2026 서울사진축제 [서울 사진 산책],2026-04-09~2026-06-14,서울 시내 24개소 문화공간 / 외부 별도 장소,127.048947814686,37.6555150225578,,https://culture.seoul.go.kr/cmmn/file/getImage.do?atchFileId=10e7f9cf6cd94078a47d5e519a4b6e7f&thumb=Y,https://culture.seoul.go.kr/culture/culture/cultureEvent/view.do?cultcode=157349&menuNo=200009,
2026-05-12T04:45:02.862995+09:00,창동 신경제 중심지,창동 신경제 중심지,POI079,KEY_2,[서울시립 사진미술관] 2026 서울사진축제 : 아티스트 토크 [작가의 방],2026-04-09~2026-06-14,서울시립 사진미술관 2층  영상홀,127.048947814686,37.6555150225578,,https://culture.seoul.go.kr/cmmn/file/getImage.do?atchFileId=20a62cd7a4a5468a905848cae3284ff6&thumb=Y,https://culture.seoul.go.kr/culture/culture/cultureEvent/view.do?cultcode=157475&menuNo=200009,
2026-05-12T04:45:02.862995+09:00,창동 신경제 중심지,창동 신경제 중심지,POI079,KEY_2,[서울시립 사진미술관] 서울사진축제 《컴백홈》,2026-04-09~2026-06-14,서울시립 사진미술관,127.048947814686,37.6555150225578,,https://culture.seoul.go.kr/cmmn/file/getImage.do?atchFileId=c4c9d45245364ab48711d6ccbeb9e699&thumb=Y,https://culture.seoul.go.kr/culture/culture/cultureEvent/view.do?cultcode=157269&menuNo=200009,
2026-05-12T04:45:02.862995+09:00,창동 신경제 중심지,창동 신경제 중심지,POI079,KEY_2,[서울시립 사진미술관] 포토 디스커버리 프로젝트 《사진집》,2026-03-18~2026-06-14,서울시립 사진미술관 1층 로비,127.048947814686,37.6555150225578,,https://culture.seoul.go.kr/cmmn/file/getImage.do?atchFileId=0f7936d9f2d94354a36657010b418fbb&thumb=Y,https://culture.seoul.go.kr/culture/culture/cultureEvent/view.do?cultcode=157141&menuNo=200009,
2026-05-12T04:45:02.862995+09:00,DDP(동대문디자인플라자),DDP(동대문디자인플라자),POI083,KEY_3,김영준 x 요시다 유니 기획전 Face to face,2026-05-07~2026-06-07,DDP 이간수문전시장,127.00977973484339,37.56735731522952,,https://culture.seoul.go.kr/cmmn/file/getImage.do?atchFileId=2e699755a39b40619ddea53a22e59ef4&thumb=Y,https://culture.seoul.go.kr/culture/culture/cultureEvent/view.do?cultcode=157672&menuNo=200009,
2026-05-12T04:45:02.862995+09:00,DDP(동대문디자인플라자),DDP(동대문디자인플라자),POI083,KEY_3,DDPlay 버스킹 5월 공연 안내,2026-05-01~2026-05-31,DDP 어울림광장， 팔거리,127.00977973484339,37.56735731522952,,https://culture.seoul.go.kr/cmmn/file/getImage.do?atchFileId=06255b5f16c1435a95ddf9214cbe8d86&thumb=Y,https://culture.seoul.go.kr/culture/culture/cultureEvent/view.do?cultcode=157546&menuNo=200008,
2026-05-12T04:45:02.862995+09:00,DDP(동대문디자인플라자),DDP(동대문디자인플라자),POI083,KEY_3,Let Dreams Shine! [베베핀 드림랜드],2026-05-01~2026-05-31,동대문디자인플라자 디자인랩1층 DDP쇼룸,127.00977973484339,37.56735731522952,,https://culture.seoul.go.kr/cmmn/file/getImage.do?atchFileId=b578b0a0e4724a718dff9fbd6ca77cbc&thumb=Y,https://culture.seoul.go.kr/culture/culture/cultureEvent/view.do?cultcode=157641&menuNo=200011,
2026-05-12T04:45:02.862995+09:00,DDP(동대문디자인플라자),DDP(동대문디자인플라자),POI083,KEY_3,[서울디자인재단] 키크니 특별전 : 그렸고 그런 사이,2026-04-25~2026-09-06,뮤지엄 전시1관,127.00977973484339,37.56735731522952,,https://culture.seoul.go.kr/cmmn/file/getImage.do?atchFileId=5b5e3f16b605439ea83b1ecf8d5ce8b8&thumb=Y,https://culture.seoul.go.kr/culture/culture/cultureEvent/view.do?cultcode=157351&menuNo=200009,
2026-05-12T04:45:02.862995+09:00,DDP(동대문디자인플라자),DDP(동대문디자인플라자),POI083,KEY_3,이상한 K-뷰티 : 엄마의 서랍장,2026-04-10~2026-06-10,DDP 마켓 B2F 비더비 다운타운,127.00977973484339,37.56735731522952,,https://culture.seoul.go.kr/cmmn/file/getImage.do?atchFileId=e187f20c0b5d4e7ebcbff38d8f60b63e&thumb=Y,https://culture.seoul.go.kr/culture/culture/cultureEvent/view.do?cultcode=157606&menuNo=200009,
2026-05-12T04:45:02.862995+09:00,DDP(동대문디자인플라자),DDP(동대문디자인플라자),POI083,KEY_3,[서울디자인재단] DDP 루프탑 투어_2026,2026-03-21~2026-05-31,DDP 뮤지엄 1층(M3 출입문) 투어 데스크 (시작장소),127.00977973484339,37.56735731522952,,https://culture.seoul.go.kr/cmmn/file/getImage.do?atchFileId=973b28af071b405ea7f6eb7ab715abaa&thumb=Y,https://culture.seoul.go.kr/culture/culture/cultureEvent/view.do?cultcode=157428&menuNo=200011,
2026-05-12T04:45:02.862995+09:00,DDP(동대문디자인플라자),DDP(동대문디자인플라자),POI083,KEY_3,BtheB 뷰티기획전 [Beauty For All],2026-02-28~2026-06-07,DDP 지하2층 DDP마켓 비더비,127.00977973484339,37.56735731522952,,https://culture.seoul.go.kr/cmmn/file/getImage.do?atchFileId=5209bf1d22f345568a88cce60bbc8688&thumb=Y,https://culture.seoul.go.kr/culture/culture/cultureEvent/view.do?cultcode=156852&menuNo=200009,
2026-05-12T04:45:02.862995+09:00,DDP(동대문디자인플라자),DDP(동대문디자인플라자),POI083,KEY_3,[DDP] Dream in Light,2026-01-09~2026-12-31,DDP 전면， 유구전시장 앞， 미래로 상부,127.00977973484339,37.56735731522952,,https://culture.seoul.go.kr/cmmn/file/getImage.do?atchFileId=bfa59aa56eed4af8b441d88bad873037&thumb=Y,https://culture.seoul.go.kr/culture/culture/cultureEvent/view.do?cultcode=156491&menuNo=200009,
2026-05-12T04:45:02.862995+09:00,DDP(동대문디자인플라자),DDP(동대문디자인플라자),POI083,KEY_3,[서울디자인재단] DDP 건축투어,2026-01-02~2026-12-31,DDP 뮤지엄 1층 투어데스크,127.00977973484339,37.56735731522952,N,https://culture.seoul.go.kr/cmmn/file/getImage.do?atchFileId=47da849abe944ec9b7dedaf1ab283714&thumb=Y,https://culture.seoul.go.kr/culture/culture/cultureEvent/view.do?cultcode=156552&menuNo=200009,
2026-05-12T04:45:02.862995+09:00,서울식물원·마곡나루역,서울식물원·마곡나루역,POI032,KEY_1,[서울식물원] 2026 낭만수국전 HYDRANGEA SHOW,2026-05-02~2026-05-31,서울식물원 전시온실 지중해관,126.83500723721524,37.569657094189104,,https://culture.seoul.go.kr/cmmn/file/getImage.do?atchFileId=969c3a5bc5694862bdd4688ca678571d&thumb=Y,https://culture.seoul.go.kr/culture/culture/cultureEvent/view.do?cultcode=157795&menuNo=200009,
2026-05-12T04:45:02.862995+09:00,서울식물원·마곡나루역,서울식물원·마곡나루역,POI032,KEY_1,[서울식물원] 주제정원 봄 전시 [봄빛 정원: 땅에서 피어난 봄빛],2026-04-15~2026-05-31,서울식물원 주제정원 내 계류 주변,126.83500723721524,37.569657094189104,,https://culture.seoul.go.kr/cmmn/file/getImage.do?atchFileId=adfdc93640c946a29acdc8d12802f793&thumb=Y,https://culture.seoul.go.kr/culture/culture/cultureEvent/view.do?cultcode=157582&menuNo=200009,
2026-05-12T04:45:02.862995+09:00,서울식물원·마곡나루역,서울식물원·마곡나루역,POI032,KEY_1,[서울식물원] 2025년 서울식물원 기획 전시 [우리들의 자연， 행성적 공존],2025-05-27~2026-05-24,식물문화센터 프로젝트홀2， 주제원， 온실,126.83500723721524,37.569657094189104,,https://culture.seoul.go.kr/cmmn/file/getImage.do?atchFileId=e0d57fc6ab4046209bdf34ab6ac41c98&thumb=Y,https://culture.seoul.go.kr/culture/culture/cultureEvent/view.do?cultcode=153826&menuNo=200009,
2026-05-12T04:45:02.862995+09:00,시의회 앞,시의회 앞,POI130,KEY_1,[서울도서관] 2026년 서울야외도서관 (책읽는 서울광장， 광화문 책마당， 책읽는 맑은 냇가),2026-04-23~2026-11-01,서울광장， 광화문 광장， 청계천 일대,126.97769782752,37.5653338689441,N,https://culture.seoul.go.kr/cmmn/file/getImage.do?atchFileId=57da07b01aed40ad984d40559a42ae61&thumb=Y,https://culture.seoul.go.kr/culture/culture/cultureEvent/view.do?cultcode=156879&menuNo=200010,
2026-05-12T04:45:02.862995+09:00,시의회 앞,시의회 앞,POI130,KEY_1,기.기.기(奇.己.氣): 동시대와 시행착오,2026-04-01~2026-05-31,일민미술관,126.977657083792,37.5698677620456,,https://culture.seoul.go.kr/cmmn/file/getImage.do?atchFileId=6e05d79e4d0e4358b3eae2df5081eb13&thumb=Y,https://culture.seoul.go.kr/culture/culture/cultureEvent/view.do?cultcode=157256&menuNo=200009,
2026-05-12T04:45:02.862995+09:00,혜화역,혜화역,POI054,KEY_2,연극 [운베난트],2026-03-27~2026-06-07,예스24스테이지 3관,127.003160727291,37.5827488289051,,https://culture.seoul.go.kr/cmmn/file/getImage.do?atchFileId=b22d720f5efc44dda84da2606b0e5f75&thumb=Y,https://culture.seoul.go.kr/culture/culture/cultureEvent/view.do?cultcode=157115&menuNo=200008,
2026-05-12T04:45:02.862995+09:00,혜화역,혜화역,POI054,KEY_2,[종로여성인력개발센터] AI 파워드 문화·예술 프로젝트 기획 실무 마스터 실무 마스터,2026-03-18~2026-06-23,종로여성인력개발센터,127.000418097935,37.5820587995429,,https://culture.seoul.go.kr/cmmn/file/getImage.do?atchFileId=f824d3bddc6d4c239ee2e5611e22870a&thumb=Y,https://culture.seoul.go.kr/culture/culture/cultureEvent/view.do?cultcode=156487&menuNo=200011,
2026-05-12T05:44:08.278091+09:00,경복궁,경복궁,POI008,KEY_1,[경복궁] 2026 생과방(상반기),2026-04-08~2026-05-27,경복궁 생과방,126.976842133821,37.5759040910202,,https://culture.seoul.go.kr/cmmn/file/getImage.do?atchFileId=4864144c5a084ea4a1228924afe585e6&thumb=Y,https://culture.seoul.go.kr/culture/culture/cultureEvent/view.do?cultcode=157368&menuNo=200011,
2026-05-12T05:44:08.278091+09:00,경복궁,경복궁,POI008,KEY_1,2026년 집옥재(팔우정 포함) 작은 도서관 개방,2026-04-01~2026-10-31,경복궁 집옥재·팔우정,126.976842133821,37.5759040910202,,https://culture.seoul.go.kr/cmmn/file/getImage.do?atchFileId=d70525e916b548cda13443c9e10190f3&thumb=Y,https://culture.seoul.go.kr/culture/culture/cultureEvent/view.do?cultcode=157383&menuNo=200011,
2026-05-12T05:44:08.278091+09:00,경복궁,경복궁,POI008,KEY_1,2026년 경복궁 [경회루·향원정] 특별관람,2026-04-01~2026-10-30,경복궁 경회루·향원정,126.976842133821,37.5759040910202,,https://culture.seoul.go.kr/cmmn/file/getImage.do?atchFileId=37630da9c19349fbac8494e92e5c64d8&thumb=Y,https://culture.seoul.go.kr/culture/culture/cultureEvent/view.do?cultcode=157389&menuNo=200011,
2026-05-12T05:44:08.278091+09:00,경복궁,경복궁,POI008,KEY_1,[국가유산청 궁능유적본부] 수문장 순라의식,2026-03-01~2026-11-29,(토요일)경복궁 내부 (일요일， 공휴일)인사동 문화의 거리,126.976842133821,37.5759040910202,,https://culture.seoul.go.kr/cmmn/file/getImage.do?atchFileId=923de3d9169e463b9c8098a8e132be38&thumb=Y,https://culture.seoul.go.kr/culture/culture/cultureEvent/view.do?cultcode=156996&menuNo=200013,
2026-05-12T05:44:08.278091+09:00,광화문·덕수궁,광화문·덕수궁,POI009,KEY_2,빛과 어둠의 경계에서,2026-05-02~2026-05-25,세종문화회관 세종S씨어터,126.9760053,37.5726241,,https://culture.seoul.go.kr/cmmn/file/getImage.do?atchFileId=0eeea492c11e4eb7816334e58cfeb6ce&thumb=Y,https://culture.seoul.go.kr/culture/culture/cultureEvent/view.do?cultcode=157335&menuNo=200008,
2026-05-12T05:44:08.278091+09:00,광화문·덕수궁,광화문·덕수궁,POI009,KEY_2,[서울도서관] 2026년 서울야외도서관 (책읽는 서울광장， 광화문 책마당， 책읽는 맑은 냇가),2026-04-23~2026-11-01,서울광장， 광화문 광장， 청계천 일대,126.97769782752,37.5653338689441,N,https://culture.seoul.go.kr/cmmn/file/getImage.do?atchFileId=57da07b01aed40ad984d40559a42ae61&thumb=Y,https://culture.seoul.go.kr/culture/culture/cultureEvent/view.do?cultcode=156879&menuNo=200010,
2026-05-12T05:44:08.278091+09:00,광화문·덕수궁,광화문·덕수궁,POI009,KEY_2,2026 의정부지 역사유적광장 전통무예행사,2026-04-11~2026-10-31,의정부지 역사유적광장,126.977967142855,37.5748036513699,,https://culture.seoul.go.kr/cmmn/file/getImage.do?atchFileId=628a9bae996a407bbfee67752dd508db&thumb=Y,https://culture.seoul.go.kr/culture/culture/cultureEvent/view.do?cultcode=157327&menuNo=200010,
2026-05-12T05:44:08.278091+09:00,광화문·덕수궁,광화문·덕수궁,POI009,KEY_2,2026 아뜰리에 광화 봄 전시 [피어나는 빛],2026-04-11~2026-06-19,세종문화회관 외벽 미디어파사드,126.9760053,37.5726241,,https://culture.seoul.go.kr/cmmn/file/getImage.do?atchFileId=196d7f704d5646a2bb4bb40523a8c4aa&thumb=Y,https://culture.seoul.go.kr/culture/culture/cultureEvent/view.do?cultcode=157432&menuNo=200009,
2026-05-12T05:44:08.278091+09:00,광화문·덕수궁,광화문·덕수궁,POI009,KEY_2,2026 해치마당 미디어월 봄 전시,2026-04-10~2026-06-19,광화문 역 9번출구 진입로 벽면 해치마당 미디어월,126.976787992565,37.5716228232824,,https://culture.seoul.go.kr/cmmn/file/getImage.do?atchFileId=ac862f94f21744ec8092ccc4372c0539&thumb=Y,https://culture.seoul.go.kr/culture/culture/cultureEvent/view.do?cultcode=157787&menuNo=200009,
2026-05-12T05:44:08.278091+09:00,광화문·덕수궁,광화문·덕수궁,POI009,KEY_2,[경복궁] 2026 생과방(상반기),2026-04-08~2026-05-27,경복궁 생과방,126.976842133821,37.5759040910202,,https://culture.seoul.go.kr/cmmn/file/getImage.do?atchFileId=4864144c5a084ea4a1228924afe585e6&thumb=Y,https://culture.seoul.go.kr/culture/culture/cultureEvent/view.do?cultcode=157368&menuNo=200011,
2026-05-12T05:44:08.278091+09:00,광화문·덕수궁,광화문·덕수궁,POI009,KEY_2,[덕수궁] 2026 밤의 석조전(상반기),2026-04-08~2026-05-17,덕수궁 석조전 일원,126.974461639777,37.5677154464989,,https://culture.seoul.go.kr/cmmn/file/getImage.do?atchFileId=cc6179c75f1547b2b72e2a3cca26b6da&thumb=Y,https://culture.seoul.go.kr/culture/culture/cultureEvent/view.do?cultcode=157365&menuNo=200010,
2026-05-12T05:44:08.278091+09:00,광화문·덕수궁,광화문·덕수궁,POI009,KEY_2,2026년 집옥재(팔우정 포함) 작은 도서관 개방,2026-04-01~2026-10-31,경복궁 집옥재·팔우정,126.976842133821,37.5759040910202,,https://culture.seoul.go.kr/cmmn/file/getImage.do?atchFileId=d70525e916b548cda13443c9e10190f3&thumb=Y,https://culture.seoul.go.kr/culture/culture/cultureEvent/view.do?cultcode=157383&menuNo=200011,
2026-05-12T05:44:08.278091+09:00,광화문·덕수궁,광화문·덕수궁,POI009,KEY_2,2026년 경복궁 [경회루·향원정] 특별관람,2026-04-01~2026-10-30,경복궁 경회루·향원정,126.976842133821,37.5759040910202,,https://culture.seoul.go.kr/cmmn/file/getImage.do?atchFileId=37630da9c19349fbac8494e92e5c64d8&thumb=Y,https://culture.seoul.go.kr/culture/culture/cultureEvent/view.do?cultcode=157389&menuNo=200011,
2026-05-12T05:44:08.278091+09:00,광화문·덕수궁,광화문·덕수궁,POI009,KEY_2,기.기.기(奇.己.氣): 동시대와 시행착오,2026-04-01~2026-05-31,일민미술관,126.977657083792,37.5698677620456,,https://culture.seoul.go.kr/cmmn/file/getImage.do?atchFileId=6e05d79e4d0e4358b3eae2df5081eb13&thumb=Y,https://culture.seoul.go.kr/culture/culture/cultureEvent/view.do?cultcode=157256&menuNo=200009,
2026-05-12T05:44:08.278091+09:00,광화문·덕수궁,광화문·덕수궁,POI009,KEY_2,[세종문화회관] 세종예술아카데미 [정승빈 작가] 스테들러와 함께하는 여행드로잉 클래스,2026-03-31~2026-09-15,세종예술아카데미 스퀘어홀,126.9760053,37.5726241,,https://culture.seoul.go.kr/cmmn/file/getImage.do?atchFileId=a0247bcdf4484818baaca748c977391f&thumb=Y,https://culture.seoul.go.kr/culture/culture/cultureEvent/view.do?cultcode=157026&menuNo=200011,
2026-05-12T05:44:08.278091+09:00,광화문·덕수궁,광화문·덕수궁,POI009,KEY_2,[세종문화회관] 세종예술아카데미 [박인홍 작가] 스테들러와 함께하는 여행드로잉 클래스,2026-03-31~2026-08-31,세종예술아카데미 스퀘어홀,126.9760053,37.5726241,,https://culture.seoul.go.kr/cmmn/file/getImage.do?atchFileId=c9b88469d8f0468e960f00b0e5b0785d&thumb=Y,https://culture.seoul.go.kr/culture/culture/cultureEvent/view.do?cultcode=157025&menuNo=200011,
2026-05-12T05:44:08.278091+09:00,광화문·덕수궁,광화문·덕수궁,POI009,KEY_2,[세종문화회관] 세종예술아카데미 [그레이스 발레 (성인 취미 발레)],2026-03-30~2026-06-29,세종문화회관 예술동 4층 종합연습실,126.9760053,37.5726241,,https://culture.seoul.go.kr/cmmn/file/getImage.do?atchFileId=8b685870654e4cd78bf509ea783f7748&thumb=Y,https://culture.seoul.go.kr/culture/culture/cultureEvent/view.do?cultcode=156885&menuNo=200011,.
2026-05-12T05:44:08.278091+09:00,광화문·덕수궁,광화문·덕수궁,POI009,KEY_2,[세종문화회관] 세종예술아카데미 [정연석 작가] 스테들러와 함께하는 여행드로잉 클래스,2026-03-28~2026-09-05,세종예술아카데미 스퀘어홀,126.9760053,37.5726241,,https://culture.seoul.go.kr/cmmn/file/getImage.do?atchFileId=df2237ca7f754d009407bc3321cae86f&thumb=Y,https://culture.seoul.go.kr/culture/culture/cultureEvent/view.do?cultcode=157028&menuNo=200011,
2026-05-12T05:44:08.278091+09:00,광화문·덕수궁,광화문·덕수궁,POI009,KEY_2,[세종문화회관] 세종예술아카데미 [이승익 작가] 스테들러와 함께하는 여행드로잉 클래스,2026-03-28~2026-08-29,세종예술아카데미 스퀘어홀,126.9760053,37.5726241,,https://culture.seoul.go.kr/cmmn/file/getImage.do?atchFileId=09ebfb8dbbcf453e86aadfe529b90ff8&thumb=Y,https://culture.seoul.go.kr/culture/culture/cultureEvent/view.do?cultcode=157027&menuNo=200011,
2026-05-12T05:44:08.278091+09:00,광화문·덕수궁,광화문·덕수궁,POI009,KEY_2,[세종문화회관] 2026 상반기 세종 어린이 발레 아카데미,2026-03-28~2026-06-27,세종문화회관 예술동 4층 종합연습실,126.9760053,37.5726241,,https://culture.seoul.go.kr/cmmn/file/getImage.do?atchFileId=b47ad1471d3d428a9482934f7b03787f&thumb=Y,https://culture.seoul.go.kr/culture/culture/cultureEvent/view.do?cultcode=157104&menuNo=200011,
2026-05-12T05:44:08.278091+09:00,광화문·덕수궁,광화문·덕수궁,POI009,KEY_2,[세종문화회관] 세종예술아카데미 [이야기가 있는 클래식],2026-03-19~2026-05-28,세종문화회관 서클홀,126.9760053,37.5726241,,https://culture.seoul.go.kr/cmmn/file/getImage.do?atchFileId=0373af8e16694df8b923159a02ec0a2a&thumb=Y,https://culture.seoul.go.kr/culture/culture/cultureEvent/view.do?cultcode=156883&menuNo=200011,.
2026-05-12T05:44:08.278091+09:00,광화문·덕수궁,광화문·덕수궁,POI009,KEY_2,[세종문화회관] 세종예술아카데미 [미술사가 이 현의 전시와 함께보는 서양 미술사 - 바로크와 로코코],2026-03-19~2026-05-21,세종문화회관 서클홀,126.9760053,37.5726241,,https://culture.seoul.go.kr/cmmn/file/getImage.do?atchFileId=377ac3cd61d6416baa3b3f43a826b900&thumb=Y,https://culture.seoul.go.kr/culture/culture/cultureEvent/view.do?cultcode=156881&menuNo=200011,.
2026-05-12T05:44:08.278091+09:00,광화문·덕수궁,광화문·덕수궁,POI009,KEY_2,[세종문화회관] 세종예술아카데미 [클래식브런치],2026-03-18~2026-05-20,세종문화회관 서클홀,126.9760053,37.5726241,,https://culture.seoul.go.kr/cmmn/file/getImage.do?atchFileId=43b7fd7ecf2b44d1b7ba2ec25e6cc7a7&thumb=Y,https://culture.seoul.go.kr/culture/culture/cultureEvent/view.do?cultcode=156880&menuNo=200011,.
2026-05-12T05:44:08.278091+09:00,광화문·덕수궁,광화문·덕수궁,POI009,KEY_2,[세종문화회관] 세종예술아카데미 [히든보이스],2026-03-17~2026-06-30,세종문화회관 서클홀,126.9760053,37.5726241,,https://culture.seoul.go.kr/cmmn/file/getImage.do?atchFileId=96b505aa681348d48b661d248108f577&thumb=Y,https://culture.seoul.go.kr/culture/culture/cultureEvent/view.do?cultcode=156809&menuNo=200011,.
2026-05-12T05:44:08.278091+09:00,광화문·덕수궁,광화문·덕수궁,POI009,KEY_2,[세종문화회관] 세종예술아카데미 [2026 상반기 스포츠 in 아트스테이션],2026-03-16~2026-06-26,세종문화회관 오픈스테이지의 탁 트인 마루형 공간,126.9760053,37.5726241,,https://culture.seoul.go.kr/cmmn/file/getImage.do?atchFileId=16cb755c035e4ddc86c7cfbfa3654ca5&thumb=Y,https://culture.seoul.go.kr/culture/culture/cultureEvent/view.do?cultcode=157023&menuNo=200011,
2026-05-12T05:44:08.278091+09:00,광화문·덕수궁,광화문·덕수궁,POI009,KEY_2,[국가유산청 궁능유적본부] 수문장 순라의식,2026-03-01~2026-11-29,(토요일)경복궁 내부 (일요일， 공휴일)인사동 문화의 거리,126.976842133821,37.5759040910202,,https://culture.seoul.go.kr/cmmn/file/getImage.do?atchFileId=923de3d9169e463b9c8098a8e132be38&thumb=Y,https://culture.seoul.go.kr/culture/culture/cultureEvent/view.do?cultcode=156996&menuNo=200013,
2026-05-12T05:44:08.278091+09:00,광화문·덕수궁,광화문·덕수궁,POI009,KEY_2,[서울시] 2026년 서울청년문화패스 신청자 모집,2025-12-22~2026-12-31,온라인 접수,126.97860700965403,37.56672958991572,,https://culture.seoul.go.kr/cmmn/file/getImage.do?atchFileId=24931799627a43ea9e2b4960b00c9c4f&thumb=Y,https://culture.seoul.go.kr/culture/culture/cultureEvent/view.do?cultcode=156277&menuNo=200013,
2026-05-12T05:44:08.278091+09:00,창덕궁·종묘,창덕궁·종묘,POI012,KEY_2,2026년 창경궁 야연(상반기),2026-05-07~2026-05-17,창경궁 문정전 일원,126.993841430623,37.5776239475981,,https://culture.seoul.go.kr/cmmn/file/getImage.do?atchFileId=9e29ccf0743c49d0a4fb2c0ad10ffb9e&thumb=Y,https://culture.seoul.go.kr/culture/culture/cultureEvent/view.do?cultcode=157796&menuNo=200011,
2026-05-12T05:44:08.278091+09:00,창덕궁·종묘,창덕궁·종묘,POI012,KEY_2,2026년 창덕궁 달빛기행(상반기),2026-04-16~2026-05-31,창덕궁,126.989710338876,37.5788697347103,,https://culture.seoul.go.kr/cmmn/file/getImage.do?atchFileId=ff2504aca6df4f19a9a1a3f095c02178&thumb=Y,https://culture.seoul.go.kr/culture/culture/cultureEvent/view.do?cultcode=157394&menuNo=200011,
2026-05-12T05:44:08.278091+09:00,동대문 관광특구,동대문 관광특구,POI002,KEY_1,김영준 x 요시다 유니 기획전 Face to face,2026-05-07~2026-06-07,DDP 이간수문전시장,127.00977973484339,37.56735731522952,,https://culture.seoul.go.kr/cmmn/file/getImage.do?atchFileId=2e699755a39b40619ddea53a22e59ef4&thumb=Y,https://culture.seoul.go.kr/culture/culture/cultureEvent/view.do?cultcode=157672&menuNo=200009,
2026-05-12T05:44:08.278091+09:00,동대문 관광특구,동대문 관광특구,POI002,KEY_1,Let Dreams Shine! [베베핀 드림랜드],2026-05-01~2026-05-31,동대문디자인플라자 디자인랩1층 DDP쇼룸,127.00977973484339,37.56735731522952,,https://culture.seoul.go.kr/cmmn/file/getImage.do?atchFileId=b578b0a0e4724a718dff9fbd6ca77cbc&thumb=Y,https://culture.seoul.go.kr/culture/culture/cultureEvent/view.do?cultcode=157641&menuNo=200011,
2026-05-12T05:44:08.278091+09:00,동대문 관광특구,동대문 관광특구,POI002,KEY_1,DDPlay 버스킹 5월 공연 안내,2026-05-01~2026-05-31,DDP 어울림광장， 팔거리,127.00977973484339,37.56735731522952,,https://culture.seoul.go.kr/cmmn/file/getImage.do?atchFileId=06255b5f16c1435a95ddf9214cbe8d86&thumb=Y,https://culture.seoul.go.kr/culture/culture/cultureEvent/view.do?cultcode=157546&menuNo=200008,
2026-05-12T05:44:08.278091+09:00,동대문 관광특구,동대문 관광특구,POI002,KEY_1,[서울디자인재단] 키크니 특별전 : 그렸고 그런 사이,2026-04-25~2026-09-06,뮤지엄 전시1관,127.00977973484339,37.56735731522952,,https://culture.seoul.go.kr/cmmn/file/getImage.do?atchFileId=5b5e3f16b605439ea83b1ecf8d5ce8b8&thumb=Y,https://culture.seoul.go.kr/culture/culture/cultureEvent/view.do?cultcode=157351&menuNo=200009,
2026-05-12T05:44:08.278091+09:00,동대문 관광특구,동대문 관광특구,POI002,KEY_1,[중구문화재단] 뮤지컬 [스윙 데이즈_암호명 A],2026-04-16~2026-07-05,충무아트센터 대극장,127.014790889728,37.5659409687669,,https://culture.seoul.go.kr/cmmn/file/getImage.do?atchFileId=862c9a38b3b146358637293a4f2c8d30&thumb=Y,https://culture.seoul.go.kr/culture/culture/cultureEvent/view.do?cultcode=156673&menuNo=200008,
2026-05-12T05:44:08.278091+09:00,동대문 관광특구,동대문 관광특구,POI002,KEY_1,[서울시립미술관×중구문화재단] 협력전시 [SeMA Collection: 청록미로],2026-04-15~2026-05-17,충무아트센터 갤러리 G1,127.014790889728,37.5659409687669,,https://culture.seoul.go.kr/cmmn/file/getImage.do?atchFileId=cfa4043b588541618a1c45763ada3e23&thumb=Y,https://culture.seoul.go.kr/culture/culture/cultureEvent/view.do?cultcode=157621&menuNo=200009,
2026-05-12T05:44:08.278091+09:00,동대문 관광특구,동대문 관광특구,POI002,KEY_1,이상한 K-뷰티 : 엄마의 서랍장,2026-04-10~2026-06-10,DDP 마켓 B2F 비더비 다운타운,127.00977973484339,37.56735731522952,,https://culture.seoul.go.kr/cmmn/file/getImage.do?atchFileId=e187f20c0b5d4e7ebcbff38d8f60b63e&thumb=Y,https://culture.seoul.go.kr/culture/culture/cultureEvent/view.do?cultcode=157606&menuNo=200009,
2026-05-12T05:44:08.278091+09:00,동대문 관광특구,동대문 관광특구,POI002,KEY_1,[서울디자인재단] DDP 루프탑 투어_2026,2026-03-21~2026-05-31,DDP 뮤지엄 1층(M3 출입문) 투어 데스크 (시작장소),127.00977973484339,37.56735731522952,,https://culture.seoul.go.kr/cmmn/file/getImage.do?atchFileId=973b28af071b405ea7f6eb7ab715abaa&thumb=Y,https://culture.seoul.go.kr/culture/culture/cultureEvent/view.do?cultcode=157428&menuNo=200011,
2026-05-12T05:44:08.278091+09:00,동대문 관광특구,동대문 관광특구,POI002,KEY_1,BtheB 뷰티기획전 [Beauty For All],2026-02-28~2026-06-07,DDP 지하2층 DDP마켓 비더비,127.00977973484339,37.56735731522952,,https://culture.seoul.go.kr/cmmn/file/getImage.do?atchFileId=5209bf1d22f345568a88cce60bbc8688&thumb=Y,https://culture.seoul.go.kr/culture/culture/cultureEvent/view.do?cultcode=156852&menuNo=200009,
2026-05-12T05:44:08.278091+09:00,동대문 관광특구,동대문 관광특구,POI002,KEY_1,[중구문화재단] 뮤지컬 [홍련],2026-02-28~2026-05-17,충무아트센터 중극장 블랙,127.014790889728,37.5659409687669,,https://culture.seoul.go.kr/cmmn/file/getImage.do?atchFileId=e86257233f3b4d50bf436983435399eb&thumb=Y,https://culture.seoul.go.kr/culture/culture/cultureEvent/view.do?cultcode=156539&menuNo=200008,
2026-05-12T05:44:08.278091+09:00,동대문 관광특구,동대문 관광특구,POI002,KEY_1,[DDP] Dream in Light,2026-01-09~2026-12-31,DDP 전면， 유구전시장 앞， 미래로 상부,127.00977973484339,37.56735731522952,,https://culture.seoul.go.kr/cmmn/file/getImage.do?atchFileId=bfa59aa56eed4af8b441d88bad873037&thumb=Y,https://culture.seoul.go.kr/culture/culture/cultureEvent/view.do?cultcode=156491&menuNo=200009,
2026-05-12T05:44:08.278091+09:00,동대문 관광특구,동대문 관광특구,POI002,KEY_1,[서울디자인재단] DDP 건축투어,2026-01-02~2026-12-31,DDP 뮤지엄 1층 투어데스크,127.00977973484339,37.56735731522952,N,https://culture.seoul.go.kr/cmmn/file/getImage.do?atchFileId=47da849abe944ec9b7dedaf1ab283714&thumb=Y,https://culture.seoul.go.kr/culture/culture/cultureEvent/view.do?cultcode=156552&menuNo=200009,
2026-05-12T05:44:08.278091+09:00,명동 관광특구,명동 관광특구,POI003,KEY_2,[서울도서관] 2026년 서울야외도서관 (책읽는 서울광장， 광화문 책마당， 책읽는 맑은 냇가),2026-04-23~2026-11-01,서울광장， 광화문 광장， 청계천 일대,126.97769782752,37.5653338689441,N,https://culture.seoul.go.kr/cmmn/file/getImage.do?atchFileId=57da07b01aed40ad984d40559a42ae61&thumb=Y,https://culture.seoul.go.kr/culture/culture/cultureEvent/view.do?cultcode=156879&menuNo=200010,
2026-05-12T05:44:08.278091+09:00,명동 관광특구,명동 관광특구,POI003,KEY_2,2026 해치마당 미디어월 봄 전시,2026-04-10~2026-06-19,광화문 역 9번출구 진입로 벽면 해치마당 미디어월,126.976787992565,37.5716228232824,,https://culture.seoul.go.kr/cmmn/file/getImage.do?atchFileId=ac862f94f21744ec8092ccc4372c0539&thumb=Y,https://culture.seoul.go.kr/culture/culture/cultureEvent/view.do?cultcode=157787&menuNo=200009,
2026-05-12T05:44:08.278091+09:00,명동 관광특구,명동 관광특구,POI003,KEY_2,[서울시] 2026년 서울청년문화패스 신청자 모집,2025-12-22~2026-12-31,온라인 접수,126.97860700965403,37.56672958991572,,https://culture.seoul.go.kr/cmmn/file/getImage.do?atchFileId=24931799627a43ea9e2b4960b00c9c4f&thumb=Y,https://culture.seoul.go.kr/culture/culture/cultureEvent/view.do?cultcode=156277&menuNo=200013,
2026-05-12T05:44:08.278091+09:00,잠실 관광특구,잠실 관광특구,POI005,KEY_1,[한성백제박물관] 상반기 장애인 단체 대면 교육 [옛날옛날， 빛나는 백제 이야기],2026-05-12~2026-06-30,박물관 로비/교육실,127.12088940368128,37.51543881335773,,https://culture.seoul.go.kr/cmmn/file/getImage.do?atchFileId=58420146f27740e39e6ac91e88d71d70&thumb=Y,https://culture.seoul.go.kr/culture/culture/cultureEvent/view.do?cultcode=157690&menuNo=200011,
2026-05-12T05:44:08.278091+09:00,잠실 관광특구,잠실 관광특구,POI005,KEY_1,[서울백제어린이박물관] 초등 2-3학년 학급 대상 [어린이백제연구소2] 옛날 도구， 오늘날 도구 (도구의변천),2026-05-12~2026-06-10,서울백제어린이박물관(교육실， 전시실),127.124412,37.523991,,https://culture.seoul.go.kr/cmmn/file/getImage.do?atchFileId=85ede03678db4ee5a0adb99f465d78ff&thumb=Y,https://culture.seoul.go.kr/culture/culture/cultureEvent/view.do?cultcode=156836&menuNo=200011,
2026-05-12T05:44:08.278091+09:00,잠실 관광특구,잠실 관광특구,POI005,KEY_1,[한성백제박물관] 2026년 상반기 성인 대상 [서울 고대유적 탐방],2026-04-28~2026-06-11,한성백제박물관， 몽촌토성， 풍납동토성， 석촌동고분군 일대,127.12088940368128,37.51543881335773,,https://culture.seoul.go.kr/cmmn/file/getImage.do?atchFileId=3d89263b5e85481c894204ef7a05d20e&thumb=Y,https://culture.seoul.go.kr/culture/culture/cultureEvent/view.do?cultcode=157084&menuNo=200011,
2026-05-12T05:44:08.278091+09:00,잠실 관광특구,잠실 관광특구,POI005,KEY_1,[소마미술관] 조각이 꿈+틀 [올림픽조각체험프로젝트#02] 상설전,2026-04-17~2026-09-06,소마미술관 2관 상설전시실,127.118166964751,37.516920655117,,https://culture.seoul.go.kr/cmmn/file/getImage.do?atchFileId=c4ac3bd4533342b993b5ccfd5d42086c&thumb=Y,https://culture.seoul.go.kr/culture/culture/cultureEvent/view.do?cultcode=157117&menuNo=200009,
2026-05-12T05:44:08.278091+09:00,잠실 관광특구,잠실 관광특구,POI005,KEY_1,올림픽 조각체험 프로젝트#2 [조각이 꿈+틀],2026-04-17~2026-09-06,소마미술관,127.118166964751,37.516920655117,,https://culture.seoul.go.kr/cmmn/file/getImage.do?atchFileId=6825663978de46c192543240dfbb2185&thumb=Y,https://culture.seoul.go.kr/culture/culture/cultureEvent/view.do?cultcode=157318&menuNo=200009,
2026-05-12T05:44:08.278091+09:00,잠실 관광특구,잠실 관광특구,POI005,KEY_1,[소마미술관] 그림책이 살아있다!,2026-04-17~2026-09-06,소마미술관 2관 기획전시실,127.118166964751,37.516920655117,,https://culture.seoul.go.kr/cmmn/file/getImage.do?atchFileId=cf267080189e4a3eadeeb6c5e8b0ade7&thumb=Y,https://culture.seoul.go.kr/culture/culture/cultureEvent/view.do?cultcode=157116&menuNo=200009,
2026-05-12T05:44:08.278091+09:00,잠실 관광특구,잠실 관광특구,POI005,KEY_1,이승택 개인전 [조각의 바깥에서],2026-04-10~2026-07-26,소마미술관,127.118166964751,37.516920655117,,https://culture.seoul.go.kr/cmmn/file/getImage.do?atchFileId=fa83edf506b643e2bec777cac69729ce&thumb=Y,https://culture.seoul.go.kr/culture/culture/cultureEvent/view.do?cultcode=157317&menuNo=200009,
2026-05-12T05:44:08.278091+09:00,잠실 관광특구,잠실 관광특구,POI005,KEY_1,[한성백제박물관] 2026년 상반기 문화다양성 교육 [백제와 함께하는 이웃나라들],2026-03-31~2026-06-30,대면) 박물관 교육실/ (비대면) 각 학급 교실,127.12088940368128,37.51543881335773,,https://culture.seoul.go.kr/cmmn/file/getImage.do?atchFileId=79379b0c10fc462fb325ecdb455dd3db&thumb=Y,https://culture.seoul.go.kr/culture/culture/cultureEvent/view.do?cultcode=157232&menuNo=200011,
2026-05-12T05:44:08.278091+09:00,잠실 관광특구,잠실 관광특구,POI005,KEY_1,[한성백제박물관] 2026 상반기 초등단체 대면 교육 [서울 쏙! 백제 콕!],2026-03-26~2026-07-03,한성백제박물관 교육실,127.12088940368128,37.51543881335773,,https://culture.seoul.go.kr/cmmn/file/getImage.do?atchFileId=f3b484610b65420297a3ae47001c6120&thumb=Y,https://culture.seoul.go.kr/culture/culture/cultureEvent/view.do?cultcode=156906&menuNo=200011,
2026-05-12T05:44:08.278091+09:00,잠실 관광특구,잠실 관광특구,POI005,KEY_1,[한성백제박물관] 2026 상반기 초등단체 비대면 교육 [서울 쏙! 백제 콕!],2026-03-26~2026-07-03,각 학급 교실(비대면 원격 교육),127.12088940368128,37.51543881335773,,https://culture.seoul.go.kr/cmmn/file/getImage.do?atchFileId=fb761ebe217849eaa4f63b1b0f6ac759&thumb=Y,https://culture.seoul.go.kr/culture/culture/cultureEvent/view.do?cultcode=156907&menuNo=200011,
2026-05-12T05:44:08.278091+09:00,잠실 관광특구,잠실 관광특구,POI005,KEY_1,[한성백제박물관] 초등 4~6학년 단체 대면 교육 [한강삼국지: 삼국의 한강 쟁탈전],2026-03-24~2026-07-01,한성백제박물관 교육실,127.12088940368128,37.51543881335773,,https://culture.seoul.go.kr/cmmn/file/getImage.do?atchFileId=0183d0f0f64d43dea7f2f1f5a5823734&thumb=Y,https://culture.seoul.go.kr/culture/culture/cultureEvent/view.do?cultcode=156755&menuNo=200011,
2026-05-12T05:44:08.278091+09:00,잠실 관광특구,잠실 관광특구,POI005,KEY_1,[한성백제박물관] 초등 4~6학년 학급 비대면 교육 [한강삼국지: 삼국의 한강 쟁탈전],2026-03-24~2026-07-01,신청 학급 교실,127.12088940368128,37.51543881335773,,https://culture.seoul.go.kr/cmmn/file/getImage.do?atchFileId=ee2f38002896461d88e55f36df203dfc&thumb=Y,https://culture.seoul.go.kr/culture/culture/cultureEvent/view.do?cultcode=156754&menuNo=200011,
2026-05-12T05:44:08.278091+09:00,잠실 관광특구,잠실 관광특구,POI005,KEY_1,홍범·김주환 2인전 [틈을 걷다],2026-03-24~2026-05-24,더 갤러리 호수,127.107617545434,37.512296516856,,https://culture.seoul.go.kr/cmmn/file/getImage.do?atchFileId=3e31e677b15e459ca780d07a735a163d&thumb=Y,https://culture.seoul.go.kr/culture/culture/cultureEvent/view.do?cultcode=157251&menuNo=200009,
2026-05-12T05:44:08.278091+09:00,잠실 관광특구,잠실 관광특구,POI005,KEY_1,[서울백제어린이박물관] 유단체 대상 [서울역사생태탐험대1] 봄,2026-03-19~2026-05-21,서울백제어린이박물관(교육실， 전시실)， 야외생태체험장， 전시실 등,127.124412,37.523991,,https://culture.seoul.go.kr/cmmn/file/getImage.do?atchFileId=7504518b70b54ac7b5c8367519f44947&thumb=Y,https://culture.seoul.go.kr/culture/culture/cultureEvent/view.do?cultcode=156747&menuNo=200011,
2026-05-12T05:44:08.278091+09:00,잠실 관광특구,잠실 관광특구,POI005,KEY_1,[한성백제박물관] 2026년 상반기 주말가족교육 [문화유산 보존 연구소],2026-03-14~2026-07-04,한성백제박물관 교육실,127.12088940368128,37.51543881335773,,https://culture.seoul.go.kr/cmmn/file/getImage.do?atchFileId=69fec744c82446619d58e8ce8cb6baab&thumb=Y,https://culture.seoul.go.kr/culture/culture/cultureEvent/view.do?cultcode=156850&menuNo=200011,
2026-05-12T05:44:08.278091+09:00,잠실 관광특구,잠실 관광특구,POI005,KEY_1,[한성백제박물관] 2026년 상반기 주말가족탐방 [몽촌토성 탐방],2026-03-14~2026-05-30,몽촌토성， 박물관 교육실,127.12088940368128,37.51543881335773,,https://culture.seoul.go.kr/cmmn/file/getImage.do?atchFileId=31a20aade65d41b882a74ff2a6424ee7&thumb=Y,https://culture.seoul.go.kr/culture/culture/cultureEvent/view.do?cultcode=156851&menuNo=200011,
2026-05-12T05:44:08.278091+09:00,종로·청계 관광특구,종로·청계 관광특구,POI006,KEY_2,2026 Creative AI : Computer Vision,2026-05-12~2026-06-09,서울 종로구 율곡로 1길 37,126.980303746598,37.5696912777696,,https://culture.seoul.go.kr/cmmn/file/getImage.do?atchFileId=14a3fd01522546f8a240146ca6e846be&thumb=Y,https://culture.seoul.go.kr/culture/culture/cultureEvent/view.do?cultcode=157502&menuNo=200011,
2026-05-12T05:44:08.278091+09:00,종로·청계 관광특구,종로·청계 관광특구,POI006,KEY_2,2026 해치마당 미디어월 봄 전시,2026-04-10~2026-06-19,광화문 역 9번출구 진입로 벽면 해치마당 미디어월,126.976787992565,37.5716228232824,,https://culture.seoul.go.kr/cmmn/file/getImage.do?atchFileId=ac862f94f21744ec8092ccc4372c0539&thumb=Y,https://culture.seoul.go.kr/culture/culture/cultureEvent/view.do?cultcode=157787&menuNo=200009,
2026-05-12T05:44:08.278091+09:00,종로·청계 관광특구,종로·청계 관광특구,POI006,KEY_2,기.기.기(奇.己.氣): 동시대와 시행착오,2026-04-01~2026-05-31,일민미술관,126.977657083792,37.5698677620456,,https://culture.seoul.go.kr/cmmn/file/getImage.do?atchFileId=6e05d79e4d0e4358b3eae2df5081eb13&thumb=Y,https://culture.seoul.go.kr/culture/culture/cultureEvent/view.do?cultcode=157256&menuNo=200009,
2026-05-12T05:44:08.278091+09:00,홍대 관광특구,홍대 관광특구,POI007,KEY_3,[서울생활문화센터 서교] art1st - 소리로 그리는 마음,2026-05-12~2026-07-28,서울생활문화센터 서교(합정역),126.916493990351,37.5508138163956,,https://culture.seoul.go.kr/cmmn/file/getImage.do?atchFileId=e1a661be31c548d7927816115a8ee8cf&thumb=Y,https://culture.seoul.go.kr/culture/culture/cultureEvent/view.do?cultcode=157788&menuNo=200011,
2026-05-12T05:44:08.278091+09:00,홍대 관광특구,홍대 관광특구,POI007,KEY_3,김재연 개인전: 호기,2026-05-12~2026-05-24,크리스프 웨지,126.916412664084,37.5493590071323,,https://culture.seoul.go.kr/cmmn/file/getImage.do?atchFileId=242e40f466f2481fbd48977d6050188c&thumb=Y,https://culture.seoul.go.kr/culture/culture/cultureEvent/view.do?cultcode=157741&menuNo=200009,
2026-05-12T05:44:08.278091+09:00,고척돔,고척돔,POI086,KEY_2,[서울아트책보고] 처음 만나는 미술사 - 이소영 미술 교육인ㆍ미술 에세이스트,2026-05-02~2026-05-16,서울아트책보고 워크숍룸,126.867088741096,37.4982125677913,,https://culture.seoul.go.kr/cmmn/file/getImage.do?atchFileId=f47a521600bd4c239ce177fe47f7d1e8&thumb=Y,https://culture.seoul.go.kr/culture/culture/cultureEvent/view.do?cultcode=157567&menuNo=200011,
2026-05-12T05:44:08.278091+09:00,고척돔,고척돔,POI086,KEY_2,[서울아트책보고] 나와 타인을 알아가는 글쓰기,2026-04-08~2026-05-13,서울아트책보고,126.867088741096,37.4982125677913,N,https://culture.seoul.go.kr/cmmn/file/getImage.do?atchFileId=934cbbeed0e94753b2ddef8f32fddfe6&thumb=Y,https://culture.seoul.go.kr/culture/culture/cultureEvent/view.do?cultcode=156877&menuNo=200011,
2026-05-12T05:44:08.278091+09:00,고척돔,고척돔,POI086,KEY_2,[서울아트책보고] 처음 만나는 세계,2026-03-10~2026-05-31,서울아트책보고 북카페 앤 라운지,126.867088741096,37.4982125677913,,https://culture.seoul.go.kr/cmmn/file/getImage.do?atchFileId=57c7dae9273d4eaeb82db962852b352e&thumb=Y,https://culture.seoul.go.kr/culture/culture/cultureEvent/view.do?cultcode=156892&menuNo=200009,
2026-05-12T05:44:08.278091+09:00,광화문광장,광화문광장,POI088,KEY_1,빛과 어둠의 경계에서,2026-05-02~2026-05-25,세종문화회관 세종S씨어터,126.9760053,37.5726241,,https://culture.seoul.go.kr/cmmn/file/getImage.do?atchFileId=0eeea492c11e4eb7816334e58cfeb6ce&thumb=Y,https://culture.seoul.go.kr/culture/culture/cultureEvent/view.do?cultcode=157335&menuNo=200008,
2026-05-12T05:44:08.278091+09:00,광화문광장,광화문광장,POI088,KEY_1,2026 의정부지 역사유적광장 전통무예행사,2026-04-11~2026-10-31,의정부지 역사유적광장,126.977967142855,37.5748036513699,,https://culture.seoul.go.kr/cmmn/file/getImage.do?atchFileId=628a9bae996a407bbfee67752dd508db&thumb=Y,https://culture.seoul.go.kr/culture/culture/cultureEvent/view.do?cultcode=157327&menuNo=200010,
2026-05-12T05:44:08.278091+09:00,광화문광장,광화문광장,POI088,KEY_1,2026 아뜰리에 광화 봄 전시 [피어나는 빛],2026-04-11~2026-06-19,세종문화회관 외벽 미디어파사드,126.9760053,37.5726241,,https://culture.seoul.go.kr/cmmn/file/getImage.do?atchFileId=196d7f704d5646a2bb4bb40523a8c4aa&thumb=Y,https://culture.seoul.go.kr/culture/culture/cultureEvent/view.do?cultcode=157432&menuNo=200009,
2026-05-12T05:44:08.278091+09:00,광화문광장,광화문광장,POI088,KEY_1,2026 해치마당 미디어월 봄 전시,2026-04-10~2026-06-19,광화문 역 9번출구 진입로 벽면 해치마당 미디어월,126.976787992565,37.5716228232824,,https://culture.seoul.go.kr/cmmn/file/getImage.do?atchFileId=ac862f94f21744ec8092ccc4372c0539&thumb=Y,https://culture.seoul.go.kr/culture/culture/cultureEvent/view.do?cultcode=157787&menuNo=200009,
2026-05-12T05:44:08.278091+09:00,광화문광장,광화문광장,POI088,KEY_1,[경복궁] 2026 생과방(상반기),2026-04-08~2026-05-27,경복궁 생과방,126.976842133821,37.5759040910202,,https://culture.seoul.go.kr/cmmn/file/getImage.do?atchFileId=4864144c5a084ea4a1228924afe585e6&thumb=Y,https://culture.seoul.go.kr/culture/culture/cultureEvent/view.do?cultcode=157368&menuNo=200011,
2026-05-12T05:44:08.278091+09:00,광화문광장,광화문광장,POI088,KEY_1,2026년 집옥재(팔우정 포함) 작은 도서관 개방,2026-04-01~2026-10-31,경복궁 집옥재·팔우정,126.976842133821,37.5759040910202,,https://culture.seoul.go.kr/cmmn/file/getImage.do?atchFileId=d70525e916b548cda13443c9e10190f3&thumb=Y,https://culture.seoul.go.kr/culture/culture/cultureEvent/view.do?cultcode=157383&menuNo=200011,
2026-05-12T05:44:08.278091+09:00,광화문광장,광화문광장,POI088,KEY_1,2026년 경복궁 [경회루·향원정] 특별관람,2026-04-01~2026-10-30,경복궁 경회루·향원정,126.976842133821,37.5759040910202,,https://culture.seoul.go.kr/cmmn/file/getImage.do?atchFileId=37630da9c19349fbac8494e92e5c64d8&thumb=Y,https://culture.seoul.go.kr/culture/culture/cultureEvent/view.do?cultcode=157389&menuNo=200011,
2026-05-12T05:44:08.278091+09:00,광화문광장,광화문광장,POI088,KEY_1,[세종문화회관] 세종예술아카데미 [정승빈 작가] 스테들러와 함께하는 여행드로잉 클래스,2026-03-31~2026-09-15,세종예술아카데미 스퀘어홀,126.9760053,37.5726241,,https://culture.seoul.go.kr/cmmn/file/getImage.do?atchFileId=a0247bcdf4484818baaca748c977391f&thumb=Y,https://culture.seoul.go.kr/culture/culture/cultureEvent/view.do?cultcode=157026&menuNo=200011,
2026-05-12T05:44:08.278091+09:00,광화문광장,광화문광장,POI088,KEY_1,[세종문화회관] 세종예술아카데미 [박인홍 작가] 스테들러와 함께하는 여행드로잉 클래스,2026-03-31~2026-08-31,세종예술아카데미 스퀘어홀,126.9760053,37.5726241,,https://culture.seoul.go.kr/cmmn/file/getImage.do?atchFileId=c9b88469d8f0468e960f00b0e5b0785d&thumb=Y,https://culture.seoul.go.kr/culture/culture/cultureEvent/view.do?cultcode=157025&menuNo=200011,
2026-05-12T05:44:08.278091+09:00,광화문광장,광화문광장,POI088,KEY_1,[세종문화회관] 세종예술아카데미 [그레이스 발레 (성인 취미 발레)],2026-03-30~2026-06-29,세종문화회관 예술동 4층 종합연습실,126.9760053,37.5726241,,https://culture.seoul.go.kr/cmmn/file/getImage.do?atchFileId=8b685870654e4cd78bf509ea783f7748&thumb=Y,https://culture.seoul.go.kr/culture/culture/cultureEvent/view.do?cultcode=156885&menuNo=200011,.
2026-05-12T05:44:08.278091+09:00,광화문광장,광화문광장,POI088,KEY_1,[세종문화회관] 세종예술아카데미 [정연석 작가] 스테들러와 함께하는 여행드로잉 클래스,2026-03-28~2026-09-05,세종예술아카데미 스퀘어홀,126.9760053,37.5726241,,https://culture.seoul.go.kr/cmmn/file/getImage.do?atchFileId=df2237ca7f754d009407bc3321cae86f&thumb=Y,https://culture.seoul.go.kr/culture/culture/cultureEvent/view.do?cultcode=157028&menuNo=200011,
2026-05-12T05:44:08.278091+09:00,광화문광장,광화문광장,POI088,KEY_1,[세종문화회관] 세종예술아카데미 [이승익 작가] 스테들러와 함께하는 여행드로잉 클래스,2026-03-28~2026-08-29,세종예술아카데미 스퀘어홀,126.9760053,37.5726241,,https://culture.seoul.go.kr/cmmn/file/getImage.do?atchFileId=09ebfb8dbbcf453e86aadfe529b90ff8&thumb=Y,https://culture.seoul.go.kr/culture/culture/cultureEvent/view.do?cultcode=157027&menuNo=200011,
2026-05-12T05:44:08.278091+09:00,광화문광장,광화문광장,POI088,KEY_1,[세종문화회관] 2026 상반기 세종 어린이 발레 아카데미,2026-03-28~2026-06-27,세종문화회관 예술동 4층 종합연습실,126.9760053,37.5726241,,https://culture.seoul.go.kr/cmmn/file/getImage.do?atchFileId=b47ad1471d3d428a9482934f7b03787f&thumb=Y,https://culture.seoul.go.kr/culture/culture/cultureEvent/view.do?cultcode=157104&menuNo=200011,
2026-05-12T05:44:08.278091+09:00,광화문광장,광화문광장,POI088,KEY_1,[세종문화회관] 세종예술아카데미 [이야기가 있는 클래식],2026-03-19~2026-05-28,세종문화회관 서클홀,126.9760053,37.5726241,,https://culture.seoul.go.kr/cmmn/file/getImage.do?atchFileId=0373af8e16694df8b923159a02ec0a2a&thumb=Y,https://culture.seoul.go.kr/culture/culture/cultureEvent/view.do?cultcode=156883&menuNo=200011,.
2026-05-12T05:44:08.278091+09:00,광화문광장,광화문광장,POI088,KEY_1,[세종문화회관] 세종예술아카데미 [미술사가 이 현의 전시와 함께보는 서양 미술사 - 바로크와 로코코],2026-03-19~2026-05-21,세종문화회관 서클홀,126.9760053,37.5726241,,https://culture.seoul.go.kr/cmmn/file/getImage.do?atchFileId=377ac3cd61d6416baa3b3f43a826b900&thumb=Y,https://culture.seoul.go.kr/culture/culture/cultureEvent/view.do?cultcode=156881&menuNo=200011,.
2026-05-12T05:44:08.278091+09:00,광화문광장,광화문광장,POI088,KEY_1,[세종문화회관] 세종예술아카데미 [클래식브런치],2026-03-18~2026-05-20,세종문화회관 서클홀,126.9760053,37.5726241,,https://culture.seoul.go.kr/cmmn/file/getImage.do?atchFileId=43b7fd7ecf2b44d1b7ba2ec25e6cc7a7&thumb=Y,https://culture.seoul.go.kr/culture/culture/cultureEvent/view.do?cultcode=156880&menuNo=200011,.
2026-05-12T05:44:08.278091+09:00,광화문광장,광화문광장,POI088,KEY_1,[세종문화회관] 세종예술아카데미 [히든보이스],2026-03-17~2026-06-30,세종문화회관 서클홀,126.9760053,37.5726241,,https://culture.seoul.go.kr/cmmn/file/getImage.do?atchFileId=96b505aa681348d48b661d248108f577&thumb=Y,https://culture.seoul.go.kr/culture/culture/cultureEvent/view.do?cultcode=156809&menuNo=200011,.
2026-05-12T05:44:08.278091+09:00,광화문광장,광화문광장,POI088,KEY_1,[세종문화회관] 세종예술아카데미 [2026 상반기 스포츠 in 아트스테이션],2026-03-16~2026-06-26,세종문화회관 오픈스테이지의 탁 트인 마루형 공간,126.9760053,37.5726241,,https://culture.seoul.go.kr/cmmn/file/getImage.do?atchFileId=16cb755c035e4ddc86c7cfbfa3654ca5&thumb=Y,https://culture.seoul.go.kr/culture/culture/cultureEvent/view.do?cultcode=157023&menuNo=200011,
2026-05-12T05:44:08.278091+09:00,광화문광장,광화문광장,POI088,KEY_1,[국가유산청 궁능유적본부] 수문장 순라의식,2026-03-01~2026-11-29,(토요일)경복궁 내부 (일요일， 공휴일)인사동 문화의 거리,126.976842133821,37.5759040910202,,https://culture.seoul.go.kr/cmmn/file/getImage.do?atchFileId=923de3d9169e463b9c8098a8e132be38&thumb=Y,https://culture.seoul.go.kr/culture/culture/cultureEvent/view.do?cultcode=156996&menuNo=200013,
2026-05-12T05:44:08.278091+09:00,국립중앙박물관·용산가족공원,국립중앙박물관·용산가족공원,POI089,KEY_2,[국립중앙박물관] 이슬람 미술， 찬란한 빛의 여정,2025-11-22~2026-10-11,국립중앙박물관 상설전시관 이슬람실,126.98020301648833,37.52385582212769,,https://culture.seoul.go.kr/cmmn/file/getImage.do?atchFileId=69db1f87ea6447c6a1fe901e146ce2e1&thumb=Y,https://culture.seoul.go.kr/culture/culture/cultureEvent/view.do?cultcode=156371&menuNo=200009,
2026-05-12T05:44:08.278091+09:00,국립중앙박물관·용산가족공원,국립중앙박물관·용산가족공원,POI089,KEY_2,[국립중앙박물관] 보존과학， 새로운 시작 함께하는 미래,2025-10-28~2026-06-30,국립중앙박물관 보존과학센터 1층,126.98020301648833,37.52385582212769,,https://culture.seoul.go.kr/cmmn/file/getImage.do?atchFileId=649b5716289a4bf2a97dcc27a7962d0c&thumb=Y,https://culture.seoul.go.kr/culture/culture/cultureEvent/view.do?cultcode=156376&menuNo=200009,
2026-05-12T05:44:08.278091+09:00,국립중앙박물관·용산가족공원,국립중앙박물관·용산가족공원,POI089,KEY_2,[국립중앙박물관] 각角진 백자 이야기,2025-08-26~2026-06-21,국립중앙박물관 상설전시관 3층,126.98020301648833,37.52385582212769,,https://culture.seoul.go.kr/cmmn/file/getImage.do?atchFileId=e522fa75398e4832b8862dd5a66863a7&thumb=Y,https://culture.seoul.go.kr/culture/culture/cultureEvent/view.do?cultcode=156377&menuNo=200009,
2026-05-12T05:44:08.278091+09:00,남산공원,남산공원,POI091,KEY_1,2026 서울시 태권도 공연,2026-05-09~2026-10-18,남산골한옥마을， DDP(동대문디자인플라자) 등,126.994440072131,37.559304933707146,,https://culture.seoul.go.kr/cmmn/file/getImage.do?atchFileId=292cefda02074a1bba028aea65b48755&thumb=Y,https://culture.seoul.go.kr/culture/culture/cultureEvent/view.do?cultcode=157783&menuNo=200013,
2026-05-12T05:44:08.278091+09:00,남산공원,남산공원,POI091,KEY_1,[남산골한옥마을] 2026 남산골 전통체험 [예술가의 시간],2026-04-03~2026-10-25,남산골한옥마을 전통가옥 프로그램별 상이,126.994440072131,37.559304933707146,,https://culture.seoul.go.kr/cmmn/file/getImage.do?atchFileId=65cd91f8db7b435e96bed67b434bcb84&thumb=Y,https://culture.seoul.go.kr/culture/culture/cultureEvent/view.do?cultcode=157090&menuNo=200011,
2026-05-12T05:44:08.278091+09:00,남산공원,남산공원,POI091,KEY_1,[남산골한옥마을] 남산골 전통혼례,2026-03-28~2026-11-15,관훈동 민씨가옥 안채 마당 (야외 혼례),126.994440072131,37.559304933707146,,https://culture.seoul.go.kr/cmmn/file/getImage.do?atchFileId=33830aa756d2463ab6ae27c45a425b0e&thumb=Y,https://culture.seoul.go.kr/culture/culture/cultureEvent/view.do?cultcode=156333&menuNo=200010,
2026-05-12T05:44:08.278091+09:00,남산공원,남산공원,POI091,KEY_1,2026 국립극장 어린이 예술학교 유아반 (1학기),2026-03-14~2026-05-23,국립극장 뜰아래연습장 B2 다목적교육실,126.999267349473,37.5519949082942,,https://culture.seoul.go.kr/cmmn/file/getImage.do?atchFileId=4d36afd4ac204d67bade0bd7b035e70a&thumb=Y,https://culture.seoul.go.kr/culture/culture/cultureEvent/view.do?cultcode=156884&menuNo=200011,
2026-05-12T05:44:08.278091+09:00,노들섬,노들섬,POI092,KEY_2,2026 서울거리공연 구석구석라이브,2026-05-01~2026-12-31,공연별 상이,126.958036465507,37.5176638307111,,https://culture.seoul.go.kr/cmmn/file/getImage.do?atchFileId=edccc8857cfe4ac1886089adadae554e&thumb=Y,https://culture.seoul.go.kr/culture/culture/cultureEvent/view.do?cultcode=157655&menuNo=200008,
2026-05-12T05:44:08.278091+09:00,노들섬,노들섬,POI092,KEY_2,[서울문화재단] 2026 신당창작아케이드 [어쩌다 마주친 공예 in 노들섬],2026-03-27~2026-12-31,노들섬 노들서가 내 아트스페이스 엣지 1층 (서울특별시 용산구 양녕로 445),126.958036465507,37.5176638307111,,https://culture.seoul.go.kr/cmmn/file/getImage.do?atchFileId=a8c296336d0f4398b55de07ad93424af&thumb=Y,https://culture.seoul.go.kr/culture/culture/cultureEvent/view.do?cultcode=157363&menuNo=200009,
2026-05-12T05:44:08.278091+09:00,서울숲공원,서울숲공원,POI101,KEY_2,2026 서울국제정원박람회,2026-05-01~2026-10-27,서울숲 일대,127.041799099222,37.5430701468405,,https://culture.seoul.go.kr/cmmn/file/getImage.do?atchFileId=94950c28bee44177bf2bff226fec0dc4&thumb=Y,https://culture.seoul.go.kr/culture/culture/cultureEvent/view.do?cultcode=156916&menuNo=200010,
2026-05-12T05:44:08.278091+09:00,서울숲공원,서울숲공원,POI101,KEY_2,2026 서로장터,2026-04-26~2026-11-01,서울광장， 서울숲， 양재시민의 숲， 잠수교,127.041799099222,37.5430701468405,N,https://culture.seoul.go.kr/cmmn/file/getImage.do?atchFileId=b5b274e789f84a8da67e6c2ec3815326&thumb=Y,https://culture.seoul.go.kr/culture/culture/cultureEvent/view.do?cultcode=157478&menuNo=200010,
2026-05-12T05:44:08.278091+09:00,송현녹지광장,송현녹지광장,POI129,KEY_3,[서울공예박물관] 색유만개 : 권순형 기증특별전시,2026-05-12~2026-08-02,서울공예박물관 전시1동  1층 로비， 안내동 일부,126.983533363501,37.5766481740232,,https://culture.seoul.go.kr/cmmn/file/getImage.do?atchFileId=36124f9be563428e8d2635a4078fd319&thumb=Y,https://culture.seoul.go.kr/culture/culture/cultureEvent/view.do?cultcode=157607&menuNo=200009,
2026-05-12T05:44:08.278091+09:00,송현녹지광장,송현녹지광장,POI129,KEY_3,[서울공예박물관] 공예협력전시 [안동별궁， 시간의 겹],2026-04-28~2027-08-29,서울공예박물관 전시1동 3층 기획전시실,126.983533363501,37.5766481740232,N,https://culture.seoul.go.kr/cmmn/file/getImage.do?atchFileId=a1622fcb6e024123ac90f40cdc8e32fd&thumb=Y,https://culture.seoul.go.kr/culture/culture/cultureEvent/view.do?cultcode=157420&menuNo=200009,
2026-05-12T05:44:08.278091+09:00,송현녹지광장,송현녹지광장,POI129,KEY_3,[서울공예박물관] 한불수교 140주년 기념전시 [더 하이브리드],2026-04-28~2026-07-26,서울공예박물관 전시1동 3층 기획전시실,126.983533363501,37.5766481740232,N,https://culture.seoul.go.kr/cmmn/file/getImage.do?atchFileId=aaaf677cdfac468db6f5c9e13fd397ad&thumb=Y,https://culture.seoul.go.kr/culture/culture/cultureEvent/view.do?cultcode=157211&menuNo=200009,
2026-05-12T05:44:08.278091+09:00,송현녹지광장,송현녹지광장,POI129,KEY_3,[서울공예박물관] 공예동행@쇼윈도 #2. 빛의 흐름 The Flow of Light,2026-04-08~2026-05-31,전시3동 1층 쇼윈도 갤러리,126.983533363501,37.5766481740232,,https://culture.seoul.go.kr/cmmn/file/getImage.do?atchFileId=d813307c6065486caf69b2ad498a0e61&thumb=Y,https://culture.seoul.go.kr/culture/culture/cultureEvent/view.do?cultcode=157354&menuNo=200009,
2026-05-12T05:44:08.278091+09:00,송현녹지광장,송현녹지광장,POI129,KEY_3,스펙트로신테시스 서울 Spectrosynthesis Seoul,2026-03-20~2026-06-28,아트선재센터,126.981839239613,37.5794635323506,,https://culture.seoul.go.kr/cmmn/file/getImage.do?atchFileId=1bbb87d0d71243b996db22604e96a261&thumb=Y,https://culture.seoul.go.kr/culture/culture/cultureEvent/view.do?cultcode=157262&menuNo=200009,
2026-05-12T05:44:08.278091+09:00,어린이대공원,어린이대공원,POI104,KEY_1,[서울상상나라] To. 외계인,2026-05-09~2026-07-19,서울상상나라 B1 창의놀이실,127.077569,37.55055,,https://culture.seoul.go.kr/cmmn/file/getImage.do?atchFileId=240d6c4f932d44c099f463537898e10d&thumb=Y,https://culture.seoul.go.kr/culture/culture/cultureEvent/view.do?cultcode=157797&menuNo=200011,
2026-05-12T05:44:08.278091+09:00,어린이대공원,어린이대공원,POI104,KEY_1,[서울상상나라] 에너지 위기! 대체에너지 탐험,2026-05-09~2026-07-19,서울상상나라 B1 표현놀이실,127.077569,37.55055,,https://culture.seoul.go.kr/cmmn/file/getImage.do?atchFileId=582b93fb96294ba4b10535197ad0b6e4&thumb=Y,https://culture.seoul.go.kr/culture/culture/cultureEvent/view.do?cultcode=157798&menuNo=200011,
2026-05-12T05:44:08.278091+09:00,어린이대공원,어린이대공원,POI104,KEY_1,[서울상상나라] 우리 가족 얼굴 피자,2026-05-09~2026-05-31,서울상상나라 B1 요리놀이실,127.077569,37.55055,,https://culture.seoul.go.kr/cmmn/file/getImage.do?atchFileId=911928e567334b468469a48c46b21df2&thumb=Y,https://culture.seoul.go.kr/culture/culture/cultureEvent/view.do?cultcode=157800&menuNo=200011,
2026-05-12T05:44:08.278091+09:00,어린이대공원,어린이대공원,POI104,KEY_1,[서울상상나라] 연두빛 타르트,2026-05-09~2026-05-31,서울상상나라 B1 요리놀이실,127.077569,37.55055,,https://culture.seoul.go.kr/cmmn/file/getImage.do?atchFileId=8294893045ec4d9db9f6d5e2b49c908e&thumb=Y,https://culture.seoul.go.kr/culture/culture/cultureEvent/view.do?cultcode=157799&menuNo=200011,
2026-05-12T05:44:08.278091+09:00,어린이대공원,어린이대공원,POI104,KEY_1,[서울상상나라] 놀이의 가능성: 보다,2026-04-28~2026-10-31,서울상상나라 1층 로비,127.077569,37.55055,,https://culture.seoul.go.kr/cmmn/file/getImage.do?atchFileId=33e106ada63a4554889b2194d3b76aa7&thumb=Y,https://culture.seoul.go.kr/culture/culture/cultureEvent/view.do?cultcode=157801&menuNo=200009,
2026-05-12T05:44:08.278091+09:00,어린이대공원,어린이대공원,POI104,KEY_1,[서울상상나라] 2F 기획전시 [사랑하는 모양이야],2025-11-15~2026-11-15,2층 서울형 키즈카페 시립 서울상상나라점,127.077569,37.55055,,https://culture.seoul.go.kr/cmmn/file/getImage.do?atchFileId=49257064be8745158d56780a881325da&thumb=Y,https://culture.seoul.go.kr/culture/culture/cultureEvent/view.do?cultcode=156165&menuNo=200009,
2026-05-12T05:44:08.278091+09:00,어린이대공원,어린이대공원,POI104,KEY_1,[서울상상나라] 통-하다,2025-11-11~2026-11-11,서울상상나라 1층 상설전시실,127.077569,37.55055,,https://culture.seoul.go.kr/cmmn/file/getImage.do?atchFileId=43c7d50c4bcf488982db4ed5e5d6a2a9&thumb=Y,https://culture.seoul.go.kr/culture/culture/cultureEvent/view.do?cultcode=155891&menuNo=200009,
2026-05-12T05:44:08.278091+09:00,어린이대공원,어린이대공원,POI104,KEY_1,[서울상상나라] 그림책 작업실:엉뚱하고 기발한,2025-07-15~2026-07-15,서울상상나라 지하 1층 기획전시실,127.077569,37.55055,,https://culture.seoul.go.kr/cmmn/file/getImage.do?atchFileId=96afe0108a624e499e8ba01e7cb308c1&thumb=Y,https://culture.seoul.go.kr/culture/culture/cultureEvent/view.do?cultcode=154150&menuNo=200009,
2026-05-12T05:44:08.278091+09:00,올림픽공원,올림픽공원,POI127,KEY_1,[한성백제박물관] 상반기 장애인 단체 대면 교육 [옛날옛날， 빛나는 백제 이야기],2026-05-12~2026-06-30,박물관 로비/교육실,127.12088940368128,37.51543881335773,,https://culture.seoul.go.kr/cmmn/file/getImage.do?atchFileId=58420146f27740e39e6ac91e88d71d70&thumb=Y,https://culture.seoul.go.kr/culture/culture/cultureEvent/view.do?cultcode=157690&menuNo=200011,
2026-05-12T05:44:08.278091+09:00,올림픽공원,올림픽공원,POI127,KEY_1,[서울백제어린이박물관] 초등 2-3학년 학급 대상 [어린이백제연구소2] 옛날 도구， 오늘날 도구 (도구의변천),2026-05-12~2026-06-10,서울백제어린이박물관(교육실， 전시실),127.124412,37.523991,,https://culture.seoul.go.kr/cmmn/file/getImage.do?atchFileId=85ede03678db4ee5a0adb99f465d78ff&thumb=Y,https://culture.seoul.go.kr/culture/culture/cultureEvent/view.do?cultcode=156836&menuNo=200011,
2026-05-12T05:44:08.278091+09:00,올림픽공원,올림픽공원,POI127,KEY_1,[한성백제박물관] 2026년 상반기 성인 대상 [서울 고대유적 탐방],2026-04-28~2026-06-11,한성백제박물관， 몽촌토성， 풍납동토성， 석촌동고분군 일대,127.12088940368128,37.51543881335773,,https://culture.seoul.go.kr/cmmn/file/getImage.do?atchFileId=3d89263b5e85481c894204ef7a05d20e&thumb=Y,https://culture.seoul.go.kr/culture/culture/cultureEvent/view.do?cultcode=157084&menuNo=200011,
2026-05-12T05:44:08.278091+09:00,올림픽공원,올림픽공원,POI127,KEY_1,[소마미술관] 조각이 꿈+틀 [올림픽조각체험프로젝트#02] 상설전,2026-04-17~2026-09-06,소마미술관 2관 상설전시실,127.118166964751,37.516920655117,,https://culture.seoul.go.kr/cmmn/file/getImage.do?atchFileId=c4ac3bd4533342b993b5ccfd5d42086c&thumb=Y,https://culture.seoul.go.kr/culture/culture/cultureEvent/view.do?cultcode=157117&menuNo=200009,
2026-05-12T05:44:08.278091+09:00,올림픽공원,올림픽공원,POI127,KEY_1,올림픽 조각체험 프로젝트#2 [조각이 꿈+틀],2026-04-17~2026-09-06,소마미술관,127.118166964751,37.516920655117,,https://culture.seoul.go.kr/cmmn/file/getImage.do?atchFileId=6825663978de46c192543240dfbb2185&thumb=Y,https://culture.seoul.go.kr/culture/culture/cultureEvent/view.do?cultcode=157318&menuNo=200009,
2026-05-12T05:44:08.278091+09:00,올림픽공원,올림픽공원,POI127,KEY_1,[소마미술관] 그림책이 살아있다!,2026-04-17~2026-09-06,소마미술관 2관 기획전시실,127.118166964751,37.516920655117,,https://culture.seoul.go.kr/cmmn/file/getImage.do?atchFileId=cf267080189e4a3eadeeb6c5e8b0ade7&thumb=Y,https://culture.seoul.go.kr/culture/culture/cultureEvent/view.do?cultcode=157116&menuNo=200009,
2026-05-12T05:44:08.278091+09:00,올림픽공원,올림픽공원,POI127,KEY_1,이승택 개인전 [조각의 바깥에서],2026-04-10~2026-07-26,소마미술관,127.118166964751,37.516920655117,,https://culture.seoul.go.kr/cmmn/file/getImage.do?atchFileId=fa83edf506b643e2bec777cac69729ce&thumb=Y,https://culture.seoul.go.kr/culture/culture/cultureEvent/view.do?cultcode=157317&menuNo=200009,
2026-05-12T05:44:08.278091+09:00,올림픽공원,올림픽공원,POI127,KEY_1,[한성백제박물관] 2026년 상반기 문화다양성 교육 [백제와 함께하는 이웃나라들],2026-03-31~2026-06-30,대면) 박물관 교육실/ (비대면) 각 학급 교실,127.12088940368128,37.51543881335773,,https://culture.seoul.go.kr/cmmn/file/getImage.do?atchFileId=79379b0c10fc462fb325ecdb455dd3db&thumb=Y,https://culture.seoul.go.kr/culture/culture/cultureEvent/view.do?cultcode=157232&menuNo=200011,
2026-05-12T05:44:08.278091+09:00,올림픽공원,올림픽공원,POI127,KEY_1,[한성백제박물관] 2026 상반기 초등단체 대면 교육 [서울 쏙! 백제 콕!],2026-03-26~2026-07-03,한성백제박물관 교육실,127.12088940368128,37.51543881335773,,https://culture.seoul.go.kr/cmmn/file/getImage.do?atchFileId=f3b484610b65420297a3ae47001c6120&thumb=Y,https://culture.seoul.go.kr/culture/culture/cultureEvent/view.do?cultcode=156906&menuNo=200011,
2026-05-12T05:44:08.278091+09:00,올림픽공원,올림픽공원,POI127,KEY_1,[한성백제박물관] 2026 상반기 초등단체 비대면 교육 [서울 쏙! 백제 콕!],2026-03-26~2026-07-03,각 학급 교실(비대면 원격 교육),127.12088940368128,37.51543881335773,,https://culture.seoul.go.kr/cmmn/file/getImage.do?atchFileId=fb761ebe217849eaa4f63b1b0f6ac759&thumb=Y,https://culture.seoul.go.kr/culture/culture/cultureEvent/view.do?cultcode=156907&menuNo=200011,
2026-05-12T05:44:08.278091+09:00,올림픽공원,올림픽공원,POI127,KEY_1,[한성백제박물관] 초등 4~6학년 단체 대면 교육 [한강삼국지: 삼국의 한강 쟁탈전],2026-03-24~2026-07-01,한성백제박물관 교육실,127.12088940368128,37.51543881335773,,https://culture.seoul.go.kr/cmmn/file/getImage.do?atchFileId=0183d0f0f64d43dea7f2f1f5a5823734&thumb=Y,https://culture.seoul.go.kr/culture/culture/cultureEvent/view.do?cultcode=156755&menuNo=200011,
2026-05-12T05:44:08.278091+09:00,올림픽공원,올림픽공원,POI127,KEY_1,[한성백제박물관] 초등 4~6학년 학급 비대면 교육 [한강삼국지: 삼국의 한강 쟁탈전],2026-03-24~2026-07-01,신청 학급 교실,127.12088940368128,37.51543881335773,,https://culture.seoul.go.kr/cmmn/file/getImage.do?atchFileId=ee2f38002896461d88e55f36df203dfc&thumb=Y,https://culture.seoul.go.kr/culture/culture/cultureEvent/view.do?cultcode=156754&menuNo=200011,
2026-05-12T05:44:08.278091+09:00,올림픽공원,올림픽공원,POI127,KEY_1,[서울백제어린이박물관] 유단체 대상 [서울역사생태탐험대1] 봄,2026-03-19~2026-05-21,서울백제어린이박물관(교육실， 전시실)， 야외생태체험장， 전시실 등,127.124412,37.523991,,https://culture.seoul.go.kr/cmmn/file/getImage.do?atchFileId=7504518b70b54ac7b5c8367519f44947&thumb=Y,https://culture.seoul.go.kr/culture/culture/cultureEvent/view.do?cultcode=156747&menuNo=200011,
2026-05-12T05:44:08.278091+09:00,올림픽공원,올림픽공원,POI127,KEY_1,[한성백제박물관] 2026년 상반기 주말가족교육 [문화유산 보존 연구소],2026-03-14~2026-07-04,한성백제박물관 교육실,127.12088940368128,37.51543881335773,,https://culture.seoul.go.kr/cmmn/file/getImage.do?atchFileId=69fec744c82446619d58e8ce8cb6baab&thumb=Y,https://culture.seoul.go.kr/culture/culture/cultureEvent/view.do?cultcode=156850&menuNo=200011,
2026-05-12T05:44:08.278091+09:00,올림픽공원,올림픽공원,POI127,KEY_1,[한성백제박물관] 2026년 상반기 주말가족탐방 [몽촌토성 탐방],2026-03-14~2026-05-30,몽촌토성， 박물관 교육실,127.12088940368128,37.51543881335773,,https://culture.seoul.go.kr/cmmn/file/getImage.do?atchFileId=31a20aade65d41b882a74ff2a6424ee7&thumb=Y,https://culture.seoul.go.kr/culture/culture/cultureEvent/view.do?cultcode=156851&menuNo=200011,
2026-05-12T05:44:08.278091+09:00,북촌한옥마을,북촌한옥마을,POI066,KEY_3,[서울공예박물관] 색유만개 : 권순형 기증특별전시,2026-05-12~2026-08-02,서울공예박물관 전시1동  1층 로비， 안내동 일부,126.983533363501,37.5766481740232,,https://culture.seoul.go.kr/cmmn/file/getImage.do?atchFileId=36124f9be563428e8d2635a4078fd319&thumb=Y,https://culture.seoul.go.kr/culture/culture/cultureEvent/view.do?cultcode=157607&menuNo=200009,
2026-05-12T05:44:08.278091+09:00,북촌한옥마을,북촌한옥마을,POI066,KEY_3,[갤러리지우헌] 허상욱 개인전: 분청 마음,2026-05-06~2026-06-03,갤러리 지우헌,126.982999426985,37.5833833879584,,https://culture.seoul.go.kr/cmmn/file/getImage.do?atchFileId=cbdadfe6623e471d8e41a958828bab71&thumb=Y,https://culture.seoul.go.kr/culture/culture/cultureEvent/view.do?cultcode=157715&menuNo=200009,전시 오프닝은 5월 6일 오후 4시에 진행되며， 작가가 직접 작품을 소개하는 자리가 마련될 예정이다. 행사에는 100년 전통 ㈜지평주조의 ‘지평탁주’가 함께 제공됩니다.
2026-05-12T05:44:08.278091+09:00,북촌한옥마을,북촌한옥마을,POI066,KEY_3,[서울공예박물관] 공예협력전시 [안동별궁， 시간의 겹],2026-04-28~2027-08-29,서울공예박물관 전시1동 3층 기획전시실,126.983533363501,37.5766481740232,N,https://culture.seoul.go.kr/cmmn/file/getImage.do?atchFileId=a1622fcb6e024123ac90f40cdc8e32fd&thumb=Y,https://culture.seoul.go.kr/culture/culture/cultureEvent/view.do?cultcode=157420&menuNo=200009,
2026-05-12T05:44:08.278091+09:00,북촌한옥마을,북촌한옥마을,POI066,KEY_3,[서울공예박물관] 한불수교 140주년 기념전시 [더 하이브리드],2026-04-28~2026-07-26,서울공예박물관 전시1동 3층 기획전시실,126.983533363501,37.5766481740232,N,https://culture.seoul.go.kr/cmmn/file/getImage.do?atchFileId=aaaf677cdfac468db6f5c9e13fd397ad&thumb=Y,https://culture.seoul.go.kr/culture/culture/cultureEvent/view.do?cultcode=157211&menuNo=200009,
2026-05-12T05:44:08.278091+09:00,북촌한옥마을,북촌한옥마을,POI066,KEY_3,[서울공예박물관] 공예동행@쇼윈도 #2. 빛의 흐름 The Flow of Light,2026-04-08~2026-05-31,전시3동 1층 쇼윈도 갤러리,126.983533363501,37.5766481740232,,https://culture.seoul.go.kr/cmmn/file/getImage.do?atchFileId=d813307c6065486caf69b2ad498a0e61&thumb=Y,https://culture.seoul.go.kr/culture/culture/cultureEvent/view.do?cultcode=157354&menuNo=200009,
2026-05-12T05:44:08.278091+09:00,북촌한옥마을,북촌한옥마을,POI066,KEY_3,스펙트로신테시스 서울 Spectrosynthesis Seoul,2026-03-20~2026-06-28,아트선재센터,126.981839239613,37.5794635323506,,https://culture.seoul.go.kr/cmmn/file/getImage.do?atchFileId=1bbb87d0d71243b996db22604e96a261&thumb=Y,https://culture.seoul.go.kr/culture/culture/cultureEvent/view.do?cultcode=157262&menuNo=200009,
2026-05-12T05:44:08.278091+09:00,서촌,서촌,POI067,KEY_1,[서울생활문화센터 체부] 체부작업展 [선 위에 머무는 마음],2026-04-28~2026-06-30,윈도우 갤러리， 금오재 마실,126.97148941423,37.5767084987432,,https://culture.seoul.go.kr/cmmn/file/getImage.do?atchFileId=b51cfd4f38d64d21be656e622812b5cb&thumb=Y,https://culture.seoul.go.kr/culture/culture/cultureEvent/view.do?cultcode=157790&menuNo=200009,
2026-05-12T05:44:08.278091+09:00,서촌,서촌,POI067,KEY_1,[종로문화재단] 금빛으로 지은 옷을 여미다,2025-12-16~2026-06-26,배화여자대학교 도서관 1층 전통문화전시실,126.967291871532,37.5795440101952,,https://culture.seoul.go.kr/cmmn/file/getImage.do?atchFileId=dc73759daf4e460fb1b9184a298f8c43&thumb=Y,https://culture.seoul.go.kr/culture/culture/cultureEvent/view.do?cultcode=156309&menuNo=200009,
2026-05-12T05:44:08.278091+09:00,서촌,서촌,POI067,KEY_1,[종로문화재단] 박노수미술관 개관12주년 기념전시 [산수·격물],2025-09-19~2026-12-06,종로구립 박노수미술관,126.966818545949,37.5813191962491,,https://culture.seoul.go.kr/cmmn/file/getImage.do?atchFileId=b3d1bbb9284b4b97bda71e967e5bb5a9&thumb=Y,https://culture.seoul.go.kr/culture/culture/cultureEvent/view.do?cultcode=155699&menuNo=200009,
2026-05-12T05:44:08.278091+09:00,인사동,인사동,POI078,KEY_3,[운현궁] 2026 기획 전시 [단청이 스며든 자리],2026-05-12~2026-05-17,운현궁 기획전시실,126.98708335796199,37.57607864675475,,https://culture.seoul.go.kr/cmmn/file/getImage.do?atchFileId=9fa80cafef594ba095f0682cd4cb8032&thumb=Y,https://culture.seoul.go.kr/culture/culture/cultureEvent/view.do?cultcode=157805&menuNo=200009,
2026-05-12T05:44:08.278091+09:00,인사동,인사동,POI078,KEY_3,[서울무형유산교육전시장] 2026년 운현궁에서 배우는 전통매듭 체험 모집,2026-05-06~2026-05-27,운현궁 이로당,126.98708335796199,37.57607864675475,,https://culture.seoul.go.kr/cmmn/file/getImage.do?atchFileId=d9f7c6b35e4b444dab781fe2fd07b841&thumb=Y,https://culture.seoul.go.kr/culture/culture/cultureEvent/view.do?cultcode=157558&menuNo=200011,
2026-05-12T05:44:08.278091+09:00,인사동,인사동,POI078,KEY_3,[노화랑] 기획전 [IN PINK],2026-04-23~2026-05-14,노화랑 1， 2층 전시장,126.984085733694,37.5748603162364,N,https://culture.seoul.go.kr/cmmn/file/getImage.do?atchFileId=813a89fb33224ca9b184a59c222a411b&thumb=Y,https://culture.seoul.go.kr/culture/culture/cultureEvent/view.do?cultcode=157488&menuNo=200009,
2026-05-12T05:44:08.278091+09:00,인사동,인사동,POI078,KEY_3,[서울우리소리박물관] 2026년 상반기 외국인 전통문화체험,2026-04-16~2026-05-14,서울우리소리박물관 상설전시실 및 교육실,126.989622047178,37.577157928122,,https://culture.seoul.go.kr/cmmn/file/getImage.do?atchFileId=183cd9e9b78549d098992df989c47096&thumb=Y,https://culture.seoul.go.kr/culture/culture/cultureEvent/view.do?cultcode=157200&menuNo=200011,
2026-05-12T05:44:08.278091+09:00,인사동,인사동,POI078,KEY_3,[운현궁] 2026 서울 운현궁 예절교실,2026-04-01~2026-06-12,운현궁 이로당， 노락당,126.98708335796199,37.57607864675475,,https://culture.seoul.go.kr/cmmn/file/getImage.do?atchFileId=48bfe53ae79b43ffa93809a0bea94372&thumb=Y,https://culture.seoul.go.kr/culture/culture/cultureEvent/view.do?cultcode=156901&menuNo=200011,
2026-05-12T05:44:08.278091+09:00,인사동,인사동,POI078,KEY_3,[서울생활문화센터 낙원] 초보기타 교실 추가모집 / 색소폰 교실 & 클리닉,2026-03-18~2026-06-24,서울생활문화센터 낙원 5번 안내실,126.987902476529,37.5727635233966,,https://culture.seoul.go.kr/cmmn/file/getImage.do?atchFileId=19019906a68a46efbe0ae1c1d60984bd&thumb=Y,https://culture.seoul.go.kr/culture/culture/cultureEvent/view.do?cultcode=156978&menuNo=200011,
2026-05-12T05:44:08.278091+09:00,인사동,인사동,POI078,KEY_3,[서울우리소리박물관] 2026 자율학습 프로그램 [우리소리 친구들],2026-02-09~2026-12-31,누마루 또는 교육실,126.989622047178,37.577157928122,,https://culture.seoul.go.kr/cmmn/file/getImage.do?atchFileId=94d1c28647de4daf8f612b8fe830a020&thumb=Y,https://culture.seoul.go.kr/culture/culture/cultureEvent/view.do?cultcode=156746&menuNo=200011,
2026-05-12T05:44:08.278091+09:00,인사동,인사동,POI078,KEY_3,[서울우리소리박물관] 2025 서울우리소리박물관 기획전 [한강， 소리로 흐르다],2025-06-19~2026-05-28,서울우리소리박물관 기획전시실,126.989622047178,37.577157928122,,https://culture.seoul.go.kr/cmmn/file/getImage.do?atchFileId=6cbae2fb2066497e9499c66996d2aad8&thumb=Y,https://culture.seoul.go.kr/culture/culture/cultureEvent/view.do?cultcode=154089&menuNo=200009,
2026-05-12T05:44:08.278091+09:00,창동 신경제 중심지,창동 신경제 중심지,POI079,KEY_2,[서울시립 사진미술관] 어린이를 위한 감상교육 [미술관 탐험],2026-05-02~2026-06-13,서울시립 사진미술관 전시실 및 1교육실,127.048947814686,37.6555150225578,,https://culture.seoul.go.kr/cmmn/file/getImage.do?atchFileId=3b060851bfe0447fa662c416d69083b5&thumb=Y,https://culture.seoul.go.kr/culture/culture/cultureEvent/view.do?cultcode=157761&menuNo=200011,
2026-05-12T05:44:08.278091+09:00,창동 신경제 중심지,창동 신경제 중심지,POI079,KEY_2,[서울시립 사진미술관] 2026 서울사진축제 : 미술관 속 영화관 [진과 세계 사이에서],2026-04-24~2026-05-29,서울시립 사진미술관 2층 영상홀,127.048947814686,37.6555150225578,,https://culture.seoul.go.kr/cmmn/file/getImage.do?atchFileId=7938fe59e75e4986abeeaa7b0d1b15a9&thumb=Y,https://culture.seoul.go.kr/culture/culture/cultureEvent/view.do?cultcode=157489&menuNo=200013,
2026-05-12T05:44:08.278091+09:00,창동 신경제 중심지,창동 신경제 중심지,POI079,KEY_2,[서울시립 사진미술관] 2026 서울사진축제 : 포토라이브러리 워크숍 [일요일의 독서클럽],2026-04-12~2026-06-07,2층 영상홀， 4층 포토라이브러리,127.048947814686,37.6555150225578,,https://culture.seoul.go.kr/cmmn/file/getImage.do?atchFileId=498300d2f5194d3b8fd3d736e7cb345f&thumb=Y,https://culture.seoul.go.kr/culture/culture/cultureEvent/view.do?cultcode=157487&menuNo=200011,
2026-05-12T05:44:08.278091+09:00,창동 신경제 중심지,창동 신경제 중심지,POI079,KEY_2,[서울시립 사진미술관] 2026 서울사진축제 : Photo SeMA 기획서가 [모두를 위한 사진책],2026-04-09~2026-07-05,서울시립 사진미술관 4층 포토라이브러리,127.048947814686,37.6555150225578,,https://culture.seoul.go.kr/cmmn/file/getImage.do?atchFileId=65ddc38604e4492b869a6d972a08ec81&thumb=Y,https://culture.seoul.go.kr/culture/culture/cultureEvent/view.do?cultcode=157578&menuNo=200009,
2026-05-12T05:44:08.278091+09:00,창동 신경제 중심지,창동 신경제 중심지,POI079,KEY_2,[서울시립 사진미술관] 2026 서울사진축제 : 아티스트 토크 [작가의 방],2026-04-09~2026-06-14,서울시립 사진미술관 2층  영상홀,127.048947814686,37.6555150225578,,https://culture.seoul.go.kr/cmmn/file/getImage.do?atchFileId=20a62cd7a4a5468a905848cae3284ff6&thumb=Y,https://culture.seoul.go.kr/culture/culture/cultureEvent/view.do?cultcode=157475&menuNo=200009,
2026-05-12T05:44:08.278091+09:00,창동 신경제 중심지,창동 신경제 중심지,POI079,KEY_2,[서울시립 사진미술관] 2026 서울사진축제 [서울 사진 산책],2026-04-09~2026-06-14,서울 시내 24개소 문화공간 / 외부 별도 장소,127.048947814686,37.6555150225578,,https://culture.seoul.go.kr/cmmn/file/getImage.do?atchFileId=10e7f9cf6cd94078a47d5e519a4b6e7f&thumb=Y,https://culture.seoul.go.kr/culture/culture/cultureEvent/view.do?cultcode=157349&menuNo=200009,
2026-05-12T05:44:08.278091+09:00,창동 신경제 중심지,창동 신경제 중심지,POI079,KEY_2,[서울시립 사진미술관] 서울사진축제 《컴백홈》,2026-04-09~2026-06-14,서울시립 사진미술관,127.048947814686,37.6555150225578,,https://culture.seoul.go.kr/cmmn/file/getImage.do?atchFileId=c4c9d45245364ab48711d6ccbeb9e699&thumb=Y,https://culture.seoul.go.kr/culture/culture/cultureEvent/view.do?cultcode=157269&menuNo=200009,
2026-05-12T05:44:08.278091+09:00,창동 신경제 중심지,창동 신경제 중심지,POI079,KEY_2,[서울시립 사진미술관] 포토 디스커버리 프로젝트 《사진집》,2026-03-18~2026-06-14,서울시립 사진미술관 1층 로비,127.048947814686,37.6555150225578,,https://culture.seoul.go.kr/cmmn/file/getImage.do?atchFileId=0f7936d9f2d94354a36657010b418fbb&thumb=Y,https://culture.seoul.go.kr/culture/culture/cultureEvent/view.do?cultcode=157141&menuNo=200009,
2026-05-12T05:44:08.278091+09:00,DDP(동대문디자인플라자),DDP(동대문디자인플라자),POI083,KEY_3,김영준 x 요시다 유니 기획전 Face to face,2026-05-07~2026-06-07,DDP 이간수문전시장,127.00977973484339,37.56735731522952,,https://culture.seoul.go.kr/cmmn/file/getImage.do?atchFileId=2e699755a39b40619ddea53a22e59ef4&thumb=Y,https://culture.seoul.go.kr/culture/culture/cultureEvent/view.do?cultcode=157672&menuNo=200009,
2026-05-12T05:44:08.278091+09:00,DDP(동대문디자인플라자),DDP(동대문디자인플라자),POI083,KEY_3,Let Dreams Shine! [베베핀 드림랜드],2026-05-01~2026-05-31,동대문디자인플라자 디자인랩1층 DDP쇼룸,127.00977973484339,37.56735731522952,,https://culture.seoul.go.kr/cmmn/file/getImage.do?atchFileId=b578b0a0e4724a718dff9fbd6ca77cbc&thumb=Y,https://culture.seoul.go.kr/culture/culture/cultureEvent/view.do?cultcode=157641&menuNo=200011,
2026-05-12T05:44:08.278091+09:00,DDP(동대문디자인플라자),DDP(동대문디자인플라자),POI083,KEY_3,DDPlay 버스킹 5월 공연 안내,2026-05-01~2026-05-31,DDP 어울림광장， 팔거리,127.00977973484339,37.56735731522952,,https://culture.seoul.go.kr/cmmn/file/getImage.do?atchFileId=06255b5f16c1435a95ddf9214cbe8d86&thumb=Y,https://culture.seoul.go.kr/culture/culture/cultureEvent/view.do?cultcode=157546&menuNo=200008,
2026-05-12T05:44:08.278091+09:00,DDP(동대문디자인플라자),DDP(동대문디자인플라자),POI083,KEY_3,[서울디자인재단] 키크니 특별전 : 그렸고 그런 사이,2026-04-25~2026-09-06,뮤지엄 전시1관,127.00977973484339,37.56735731522952,,https://culture.seoul.go.kr/cmmn/file/getImage.do?atchFileId=5b5e3f16b605439ea83b1ecf8d5ce8b8&thumb=Y,https://culture.seoul.go.kr/culture/culture/cultureEvent/view.do?cultcode=157351&menuNo=200009,
2026-05-12T05:44:08.278091+09:00,DDP(동대문디자인플라자),DDP(동대문디자인플라자),POI083,KEY_3,이상한 K-뷰티 : 엄마의 서랍장,2026-04-10~2026-06-10,DDP 마켓 B2F 비더비 다운타운,127.00977973484339,37.56735731522952,,https://culture.seoul.go.kr/cmmn/file/getImage.do?atchFileId=e187f20c0b5d4e7ebcbff38d8f60b63e&thumb=Y,https://culture.seoul.go.kr/culture/culture/cultureEvent/view.do?cultcode=157606&menuNo=200009,
2026-05-12T05:44:08.278091+09:00,DDP(동대문디자인플라자),DDP(동대문디자인플라자),POI083,KEY_3,[서울디자인재단] DDP 루프탑 투어_2026,2026-03-21~2026-05-31,DDP 뮤지엄 1층(M3 출입문) 투어 데스크 (시작장소),127.00977973484339,37.56735731522952,,https://culture.seoul.go.kr/cmmn/file/getImage.do?atchFileId=973b28af071b405ea7f6eb7ab715abaa&thumb=Y,https://culture.seoul.go.kr/culture/culture/cultureEvent/view.do?cultcode=157428&menuNo=200011,
2026-05-12T05:44:08.278091+09:00,DDP(동대문디자인플라자),DDP(동대문디자인플라자),POI083,KEY_3,BtheB 뷰티기획전 [Beauty For All],2026-02-28~2026-06-07,DDP 지하2층 DDP마켓 비더비,127.00977973484339,37.56735731522952,,https://culture.seoul.go.kr/cmmn/file/getImage.do?atchFileId=5209bf1d22f345568a88cce60bbc8688&thumb=Y,https://culture.seoul.go.kr/culture/culture/cultureEvent/view.do?cultcode=156852&menuNo=200009,
2026-05-12T05:44:08.278091+09:00,DDP(동대문디자인플라자),DDP(동대문디자인플라자),POI083,KEY_3,[DDP] Dream in Light,2026-01-09~2026-12-31,DDP 전면， 유구전시장 앞， 미래로 상부,127.00977973484339,37.56735731522952,,https://culture.seoul.go.kr/cmmn/file/getImage.do?atchFileId=bfa59aa56eed4af8b441d88bad873037&thumb=Y,https://culture.seoul.go.kr/culture/culture/cultureEvent/view.do?cultcode=156491&menuNo=200009,
2026-05-12T05:44:08.278091+09:00,DDP(동대문디자인플라자),DDP(동대문디자인플라자),POI083,KEY_3,[서울디자인재단] DDP 건축투어,2026-01-02~2026-12-31,DDP 뮤지엄 1층 투어데스크,127.00977973484339,37.56735731522952,N,https://culture.seoul.go.kr/cmmn/file/getImage.do?atchFileId=47da849abe944ec9b7dedaf1ab283714&thumb=Y,https://culture.seoul.go.kr/culture/culture/cultureEvent/view.do?cultcode=156552&menuNo=200009,
2026-05-12T05:44:08.278091+09:00,서울식물원·마곡나루역,서울식물원·마곡나루역,POI032,KEY_1,[서울식물원] 2026 낭만수국전 HYDRANGEA SHOW,2026-05-02~2026-05-31,서울식물원 전시온실 지중해관,126.83500723721524,37.569657094189104,,https://culture.seoul.go.kr/cmmn/file/getImage.do?atchFileId=969c3a5bc5694862bdd4688ca678571d&thumb=Y,https://culture.seoul.go.kr/culture/culture/cultureEvent/view.do?cultcode=157795&menuNo=200009,
2026-05-12T05:44:08.278091+09:00,서울식물원·마곡나루역,서울식물원·마곡나루역,POI032,KEY_1,[서울식물원] 주제정원 봄 전시 [봄빛 정원: 땅에서 피어난 봄빛],2026-04-15~2026-05-31,서울식물원 주제정원 내 계류 주변,126.83500723721524,37.569657094189104,,https://culture.seoul.go.kr/cmmn/file/getImage.do?atchFileId=adfdc93640c946a29acdc8d12802f793&thumb=Y,https://culture.seoul.go.kr/culture/culture/cultureEvent/view.do?cultcode=157582&menuNo=200009,
2026-05-12T05:44:08.278091+09:00,서울식물원·마곡나루역,서울식물원·마곡나루역,POI032,KEY_1,[서울식물원] 2025년 서울식물원 기획 전시 [우리들의 자연， 행성적 공존],2025-05-27~2026-05-24,식물문화센터 프로젝트홀2， 주제원， 온실,126.83500723721524,37.569657094189104,,https://culture.seoul.go.kr/cmmn/file/getImage.do?atchFileId=e0d57fc6ab4046209bdf34ab6ac41c98&thumb=Y,https://culture.seoul.go.kr/culture/culture/cultureEvent/view.do?cultcode=153826&menuNo=200009,
2026-05-12T05:44:08.278091+09:00,시의회 앞,시의회 앞,POI130,KEY_1,[서울도서관] 2026년 서울야외도서관 (책읽는 서울광장， 광화문 책마당， 책읽는 맑은 냇가),2026-04-23~2026-11-01,서울광장， 광화문 광장， 청계천 일대,126.97769782752,37.5653338689441,N,https://culture.seoul.go.kr/cmmn/file/getImage.do?atchFileId=57da07b01aed40ad984d40559a42ae61&thumb=Y,https://culture.seoul.go.kr/culture/culture/cultureEvent/view.do?cultcode=156879&menuNo=200010,
2026-05-12T05:44:08.278091+09:00,시의회 앞,시의회 앞,POI130,KEY_1,기.기.기(奇.己.氣): 동시대와 시행착오,2026-04-01~2026-05-31,일민미술관,126.977657083792,37.5698677620456,,https://culture.seoul.go.kr/cmmn/file/getImage.do?atchFileId=6e05d79e4d0e4358b3eae2df5081eb13&thumb=Y,https://culture.seoul.go.kr/culture/culture/cultureEvent/view.do?cultcode=157256&menuNo=200009,
2026-05-12T05:44:08.278091+09:00,혜화역,혜화역,POI054,KEY_2,[서울시지원/ 전액무료] AI 인사이트 공연문화콘텐츠 기획,2026-05-12~2026-08-06,종로여성인력개발센터,127.000418097935,37.5820587995429,,https://culture.seoul.go.kr/cmmn/file/getImage.do?atchFileId=3b2807c6e1ad415cbebce23402b0251a&thumb=Y,https://culture.seoul.go.kr/culture/culture/cultureEvent/view.do?cultcode=157366&menuNo=200011,
2026-05-12T05:44:08.278091+09:00,혜화역,혜화역,POI054,KEY_2,연극 [운베난트],2026-03-27~2026-06-07,예스24스테이지 3관,127.003160727291,37.5827488289051,,https://culture.seoul.go.kr/cmmn/file/getImage.do?atchFileId=b22d720f5efc44dda84da2606b0e5f75&thumb=Y,https://culture.seoul.go.kr/culture/culture/cultureEvent/view.do?cultcode=157115&menuNo=200008,
2026-05-12T05:44:08.278091+09:00,혜화역,혜화역,POI054,KEY_2,[종로여성인력개발센터] AI 파워드 문화·예술 프로젝트 기획 실무 마스터 실무 마스터,2026-03-18~2026-06-23,종로여성인력개발센터,127.000418097935,37.5820587995429,,https://culture.seoul.go.kr/cmmn/file/getImage.do?atchFileId=f824d3bddc6d4c239ee2e5611e22870a&thumb=Y,https://culture.seoul.go.kr/culture/culture/cultureEvent/view.do?cultcode=156487&menuNo=200011,
2026-05-12T10:05:40.070820+09:00,경복궁,경복궁,POI008,KEY_1,[경복궁] 2026 생과방(상반기),2026-04-08~2026-05-27,경복궁 생과방,126.976842133821,37.5759040910202,,https://culture.seoul.go.kr/cmmn/file/getImage.do?atchFileId=4864144c5a084ea4a1228924afe585e6&thumb=Y,https://culture.seoul.go.kr/culture/culture/cultureEvent/view.do?cultcode=157368&menuNo=200011,
2026-05-12T10:05:40.070820+09:00,경복궁,경복궁,POI008,KEY_1,2026년 집옥재(팔우정 포함) 작은 도서관 개방,2026-04-01~2026-10-31,경복궁 집옥재·팔우정,126.976842133821,37.5759040910202,,https://culture.seoul.go.kr/cmmn/file/getImage.do?atchFileId=d70525e916b548cda13443c9e10190f3&thumb=Y,https://culture.seoul.go.kr/culture/culture/cultureEvent/view.do?cultcode=157383&menuNo=200011,
2026-05-12T10:05:40.070820+09:00,경복궁,경복궁,POI008,KEY_1,2026년 경복궁 [경회루·향원정] 특별관람,2026-04-01~2026-10-30,경복궁 경회루·향원정,126.976842133821,37.5759040910202,,https://culture.seoul.go.kr/cmmn/file/getImage.do?atchFileId=37630da9c19349fbac8494e92e5c64d8&thumb=Y,https://culture.seoul.go.kr/culture/culture/cultureEvent/view.do?cultcode=157389&menuNo=200011,
2026-05-12T10:05:40.070820+09:00,경복궁,경복궁,POI008,KEY_1,[국가유산청 궁능유적본부] 수문장 순라의식,2026-03-01~2026-11-29,(토요일)경복궁 내부 (일요일， 공휴일)인사동 문화의 거리,126.976842133821,37.5759040910202,,https://culture.seoul.go.kr/cmmn/file/getImage.do?atchFileId=923de3d9169e463b9c8098a8e132be38&thumb=Y,https://culture.seoul.go.kr/culture/culture/cultureEvent/view.do?cultcode=156996&menuNo=200013,
2026-05-12T10:05:40.070820+09:00,광화문·덕수궁,광화문·덕수궁,POI009,KEY_2,빛과 어둠의 경계에서,2026-05-02~2026-05-25,세종문화회관 세종S씨어터,126.9760053,37.5726241,,https://culture.seoul.go.kr/cmmn/file/getImage.do?atchFileId=0eeea492c11e4eb7816334e58cfeb6ce&thumb=Y,https://culture.seoul.go.kr/culture/culture/cultureEvent/view.do?cultcode=157335&menuNo=200008,
2026-05-12T10:05:40.070820+09:00,광화문·덕수궁,광화문·덕수궁,POI009,KEY_2,[서울도서관] 2026년 서울야외도서관 (책읽는 서울광장， 광화문 책마당， 책읽는 맑은 냇가),2026-04-23~2026-11-01,서울광장， 광화문 광장， 청계천 일대,126.97769782752,37.5653338689441,N,https://culture.seoul.go.kr/cmmn/file/getImage.do?atchFileId=57da07b01aed40ad984d40559a42ae61&thumb=Y,https://culture.seoul.go.kr/culture/culture/cultureEvent/view.do?cultcode=156879&menuNo=200010,
2026-05-12T10:05:40.070820+09:00,광화문·덕수궁,광화문·덕수궁,POI009,KEY_2,2026 의정부지 역사유적광장 전통무예행사,2026-04-11~2026-10-31,의정부지 역사유적광장,126.977967142855,37.5748036513699,,https://culture.seoul.go.kr/cmmn/file/getImage.do?atchFileId=628a9bae996a407bbfee67752dd508db&thumb=Y,https://culture.seoul.go.kr/culture/culture/cultureEvent/view.do?cultcode=157327&menuNo=200010,
2026-05-12T10:05:40.070820+09:00,광화문·덕수궁,광화문·덕수궁,POI009,KEY_2,2026 아뜰리에 광화 봄 전시 [피어나는 빛],2026-04-11~2026-06-19,세종문화회관 외벽 미디어파사드,126.9760053,37.5726241,,https://culture.seoul.go.kr/cmmn/file/getImage.do?atchFileId=196d7f704d5646a2bb4bb40523a8c4aa&thumb=Y,https://culture.seoul.go.kr/culture/culture/cultureEvent/view.do?cultcode=157432&menuNo=200009,
2026-05-12T10:05:40.070820+09:00,광화문·덕수궁,광화문·덕수궁,POI009,KEY_2,2026 해치마당 미디어월 봄 전시,2026-04-10~2026-06-19,광화문 역 9번출구 진입로 벽면 해치마당 미디어월,126.976787992565,37.5716228232824,,https://culture.seoul.go.kr/cmmn/file/getImage.do?atchFileId=ac862f94f21744ec8092ccc4372c0539&thumb=Y,https://culture.seoul.go.kr/culture/culture/cultureEvent/view.do?cultcode=157787&menuNo=200009,
2026-05-12T10:05:40.070820+09:00,광화문·덕수궁,광화문·덕수궁,POI009,KEY_2,[경복궁] 2026 생과방(상반기),2026-04-08~2026-05-27,경복궁 생과방,126.976842133821,37.5759040910202,,https://culture.seoul.go.kr/cmmn/file/getImage.do?atchFileId=4864144c5a084ea4a1228924afe585e6&thumb=Y,https://culture.seoul.go.kr/culture/culture/cultureEvent/view.do?cultcode=157368&menuNo=200011,
2026-05-12T10:05:40.070820+09:00,광화문·덕수궁,광화문·덕수궁,POI009,KEY_2,[덕수궁] 2026 밤의 석조전(상반기),2026-04-08~2026-05-17,덕수궁 석조전 일원,126.974461639777,37.5677154464989,,https://culture.seoul.go.kr/cmmn/file/getImage.do?atchFileId=cc6179c75f1547b2b72e2a3cca26b6da&thumb=Y,https://culture.seoul.go.kr/culture/culture/cultureEvent/view.do?cultcode=157365&menuNo=200010,
2026-05-12T10:05:40.070820+09:00,광화문·덕수궁,광화문·덕수궁,POI009,KEY_2,2026년 집옥재(팔우정 포함) 작은 도서관 개방,2026-04-01~2026-10-31,경복궁 집옥재·팔우정,126.976842133821,37.5759040910202,,https://culture.seoul.go.kr/cmmn/file/getImage.do?atchFileId=d70525e916b548cda13443c9e10190f3&thumb=Y,https://culture.seoul.go.kr/culture/culture/cultureEvent/view.do?cultcode=157383&menuNo=200011,
2026-05-12T10:05:40.070820+09:00,광화문·덕수궁,광화문·덕수궁,POI009,KEY_2,2026년 경복궁 [경회루·향원정] 특별관람,2026-04-01~2026-10-30,경복궁 경회루·향원정,126.976842133821,37.5759040910202,,https://culture.seoul.go.kr/cmmn/file/getImage.do?atchFileId=37630da9c19349fbac8494e92e5c64d8&thumb=Y,https://culture.seoul.go.kr/culture/culture/cultureEvent/view.do?cultcode=157389&menuNo=200011,
2026-05-12T10:05:40.070820+09:00,광화문·덕수궁,광화문·덕수궁,POI009,KEY_2,기.기.기(奇.己.氣): 동시대와 시행착오,2026-04-01~2026-05-31,일민미술관,126.977657083792,37.5698677620456,,https://culture.seoul.go.kr/cmmn/file/getImage.do?atchFileId=6e05d79e4d0e4358b3eae2df5081eb13&thumb=Y,https://culture.seoul.go.kr/culture/culture/cultureEvent/view.do?cultcode=157256&menuNo=200009,
2026-05-12T10:05:40.070820+09:00,광화문·덕수궁,광화문·덕수궁,POI009,KEY_2,[세종문화회관] 세종예술아카데미 [정승빈 작가] 스테들러와 함께하는 여행드로잉 클래스,2026-03-31~2026-09-15,세종예술아카데미 스퀘어홀,126.9760053,37.5726241,,https://culture.seoul.go.kr/cmmn/file/getImage.do?atchFileId=a0247bcdf4484818baaca748c977391f&thumb=Y,https://culture.seoul.go.kr/culture/culture/cultureEvent/view.do?cultcode=157026&menuNo=200011,
2026-05-12T10:05:40.070820+09:00,광화문·덕수궁,광화문·덕수궁,POI009,KEY_2,[세종문화회관] 세종예술아카데미 [박인홍 작가] 스테들러와 함께하는 여행드로잉 클래스,2026-03-31~2026-08-31,세종예술아카데미 스퀘어홀,126.9760053,37.5726241,,https://culture.seoul.go.kr/cmmn/file/getImage.do?atchFileId=c9b88469d8f0468e960f00b0e5b0785d&thumb=Y,https://culture.seoul.go.kr/culture/culture/cultureEvent/view.do?cultcode=157025&menuNo=200011,
2026-05-12T10:05:40.070820+09:00,광화문·덕수궁,광화문·덕수궁,POI009,KEY_2,[세종문화회관] 세종예술아카데미 [그레이스 발레 (성인 취미 발레)],2026-03-30~2026-06-29,세종문화회관 예술동 4층 종합연습실,126.9760053,37.5726241,,https://culture.seoul.go.kr/cmmn/file/getImage.do?atchFileId=8b685870654e4cd78bf509ea783f7748&thumb=Y,https://culture.seoul.go.kr/culture/culture/cultureEvent/view.do?cultcode=156885&menuNo=200011,.
2026-05-12T10:05:40.070820+09:00,광화문·덕수궁,광화문·덕수궁,POI009,KEY_2,[세종문화회관] 세종예술아카데미 [정연석 작가] 스테들러와 함께하는 여행드로잉 클래스,2026-03-28~2026-09-05,세종예술아카데미 스퀘어홀,126.9760053,37.5726241,,https://culture.seoul.go.kr/cmmn/file/getImage.do?atchFileId=df2237ca7f754d009407bc3321cae86f&thumb=Y,https://culture.seoul.go.kr/culture/culture/cultureEvent/view.do?cultcode=157028&menuNo=200011,
2026-05-12T10:05:40.070820+09:00,광화문·덕수궁,광화문·덕수궁,POI009,KEY_2,[세종문화회관] 세종예술아카데미 [이승익 작가] 스테들러와 함께하는 여행드로잉 클래스,2026-03-28~2026-08-29,세종예술아카데미 스퀘어홀,126.9760053,37.5726241,,https://culture.seoul.go.kr/cmmn/file/getImage.do?atchFileId=09ebfb8dbbcf453e86aadfe529b90ff8&thumb=Y,https://culture.seoul.go.kr/culture/culture/cultureEvent/view.do?cultcode=157027&menuNo=200011,
2026-05-12T10:05:40.070820+09:00,광화문·덕수궁,광화문·덕수궁,POI009,KEY_2,[세종문화회관] 2026 상반기 세종 어린이 발레 아카데미,2026-03-28~2026-06-27,세종문화회관 예술동 4층 종합연습실,126.9760053,37.5726241,,https://culture.seoul.go.kr/cmmn/file/getImage.do?atchFileId=b47ad1471d3d428a9482934f7b03787f&thumb=Y,https://culture.seoul.go.kr/culture/culture/cultureEvent/view.do?cultcode=157104&menuNo=200011,
2026-05-12T10:05:40.070820+09:00,광화문·덕수궁,광화문·덕수궁,POI009,KEY_2,[세종문화회관] 세종예술아카데미 [이야기가 있는 클래식],2026-03-19~2026-05-28,세종문화회관 서클홀,126.9760053,37.5726241,,https://culture.seoul.go.kr/cmmn/file/getImage.do?atchFileId=0373af8e16694df8b923159a02ec0a2a&thumb=Y,https://culture.seoul.go.kr/culture/culture/cultureEvent/view.do?cultcode=156883&menuNo=200011,.
2026-05-12T10:05:40.070820+09:00,광화문·덕수궁,광화문·덕수궁,POI009,KEY_2,[세종문화회관] 세종예술아카데미 [미술사가 이 현의 전시와 함께보는 서양 미술사 - 바로크와 로코코],2026-03-19~2026-05-21,세종문화회관 서클홀,126.9760053,37.5726241,,https://culture.seoul.go.kr/cmmn/file/getImage.do?atchFileId=377ac3cd61d6416baa3b3f43a826b900&thumb=Y,https://culture.seoul.go.kr/culture/culture/cultureEvent/view.do?cultcode=156881&menuNo=200011,.
2026-05-12T10:05:40.070820+09:00,광화문·덕수궁,광화문·덕수궁,POI009,KEY_2,[세종문화회관] 세종예술아카데미 [클래식브런치],2026-03-18~2026-05-20,세종문화회관 서클홀,126.9760053,37.5726241,,https://culture.seoul.go.kr/cmmn/file/getImage.do?atchFileId=43b7fd7ecf2b44d1b7ba2ec25e6cc7a7&thumb=Y,https://culture.seoul.go.kr/culture/culture/cultureEvent/view.do?cultcode=156880&menuNo=200011,.
2026-05-12T10:05:40.070820+09:00,광화문·덕수궁,광화문·덕수궁,POI009,KEY_2,[세종문화회관] 세종예술아카데미 [히든보이스],2026-03-17~2026-06-30,세종문화회관 서클홀,126.9760053,37.5726241,,https://culture.seoul.go.kr/cmmn/file/getImage.do?atchFileId=96b505aa681348d48b661d248108f577&thumb=Y,https://culture.seoul.go.kr/culture/culture/cultureEvent/view.do?cultcode=156809&menuNo=200011,.
2026-05-12T10:05:40.070820+09:00,광화문·덕수궁,광화문·덕수궁,POI009,KEY_2,[세종문화회관] 세종예술아카데미 [2026 상반기 스포츠 in 아트스테이션],2026-03-16~2026-06-26,세종문화회관 오픈스테이지의 탁 트인 마루형 공간,126.9760053,37.5726241,,https://culture.seoul.go.kr/cmmn/file/getImage.do?atchFileId=16cb755c035e4ddc86c7cfbfa3654ca5&thumb=Y,https://culture.seoul.go.kr/culture/culture/cultureEvent/view.do?cultcode=157023&menuNo=200011,
2026-05-12T10:05:40.070820+09:00,광화문·덕수궁,광화문·덕수궁,POI009,KEY_2,[국가유산청 궁능유적본부] 수문장 순라의식,2026-03-01~2026-11-29,(토요일)경복궁 내부 (일요일， 공휴일)인사동 문화의 거리,126.976842133821,37.5759040910202,,https://culture.seoul.go.kr/cmmn/file/getImage.do?atchFileId=923de3d9169e463b9c8098a8e132be38&thumb=Y,https://culture.seoul.go.kr/culture/culture/cultureEvent/view.do?cultcode=156996&menuNo=200013,
2026-05-12T10:05:40.070820+09:00,광화문·덕수궁,광화문·덕수궁,POI009,KEY_2,[서울시] 2026년 서울청년문화패스 신청자 모집,2025-12-22~2026-12-31,온라인 접수,126.97860700965403,37.56672958991572,,https://culture.seoul.go.kr/cmmn/file/getImage.do?atchFileId=24931799627a43ea9e2b4960b00c9c4f&thumb=Y,https://culture.seoul.go.kr/culture/culture/cultureEvent/view.do?cultcode=156277&menuNo=200013,
2026-05-12T10:05:40.070820+09:00,창덕궁·종묘,창덕궁·종묘,POI012,KEY_2,2026년 창경궁 야연(상반기),2026-05-07~2026-05-17,창경궁 문정전 일원,126.993841430623,37.5776239475981,,https://culture.seoul.go.kr/cmmn/file/getImage.do?atchFileId=9e29ccf0743c49d0a4fb2c0ad10ffb9e&thumb=Y,https://culture.seoul.go.kr/culture/culture/cultureEvent/view.do?cultcode=157796&menuNo=200011,
2026-05-12T10:05:40.070820+09:00,창덕궁·종묘,창덕궁·종묘,POI012,KEY_2,2026년 창덕궁 달빛기행(상반기),2026-04-16~2026-05-31,창덕궁,126.989710338876,37.5788697347103,,https://culture.seoul.go.kr/cmmn/file/getImage.do?atchFileId=ff2504aca6df4f19a9a1a3f095c02178&thumb=Y,https://culture.seoul.go.kr/culture/culture/cultureEvent/view.do?cultcode=157394&menuNo=200011,
2026-05-12T10:05:40.070820+09:00,동대문 관광특구,동대문 관광특구,POI002,KEY_1,김영준 x 요시다 유니 기획전 Face to face,2026-05-07~2026-06-07,DDP 이간수문전시장,127.00977973484339,37.56735731522952,,https://culture.seoul.go.kr/cmmn/file/getImage.do?atchFileId=2e699755a39b40619ddea53a22e59ef4&thumb=Y,https://culture.seoul.go.kr/culture/culture/cultureEvent/view.do?cultcode=157672&menuNo=200009,
2026-05-12T10:05:40.070820+09:00,동대문 관광특구,동대문 관광특구,POI002,KEY_1,Let Dreams Shine! [베베핀 드림랜드],2026-05-01~2026-05-31,동대문디자인플라자 디자인랩1층 DDP쇼룸,127.00977973484339,37.56735731522952,,https://culture.seoul.go.kr/cmmn/file/getImage.do?atchFileId=b578b0a0e4724a718dff9fbd6ca77cbc&thumb=Y,https://culture.seoul.go.kr/culture/culture/cultureEvent/view.do?cultcode=157641&menuNo=200011,
2026-05-12T10:05:40.070820+09:00,동대문 관광특구,동대문 관광특구,POI002,KEY_1,DDPlay 버스킹 5월 공연 안내,2026-05-01~2026-05-31,DDP 어울림광장， 팔거리,127.00977973484339,37.56735731522952,,https://culture.seoul.go.kr/cmmn/file/getImage.do?atchFileId=06255b5f16c1435a95ddf9214cbe8d86&thumb=Y,https://culture.seoul.go.kr/culture/culture/cultureEvent/view.do?cultcode=157546&menuNo=200008,
2026-05-12T10:05:40.070820+09:00,동대문 관광특구,동대문 관광특구,POI002,KEY_1,[서울디자인재단] 키크니 특별전 : 그렸고 그런 사이,2026-04-25~2026-09-06,뮤지엄 전시1관,127.00977973484339,37.56735731522952,,https://culture.seoul.go.kr/cmmn/file/getImage.do?atchFileId=5b5e3f16b605439ea83b1ecf8d5ce8b8&thumb=Y,https://culture.seoul.go.kr/culture/culture/cultureEvent/view.do?cultcode=157351&menuNo=200009,
2026-05-12T10:05:40.070820+09:00,동대문 관광특구,동대문 관광특구,POI002,KEY_1,[중구문화재단] 뮤지컬 [스윙 데이즈_암호명 A],2026-04-16~2026-07-05,충무아트센터 대극장,127.014790889728,37.5659409687669,,https://culture.seoul.go.kr/cmmn/file/getImage.do?atchFileId=862c9a38b3b146358637293a4f2c8d30&thumb=Y,https://culture.seoul.go.kr/culture/culture/cultureEvent/view.do?cultcode=156673&menuNo=200008,
2026-05-12T10:05:40.070820+09:00,동대문 관광특구,동대문 관광특구,POI002,KEY_1,[서울시립미술관×중구문화재단] 협력전시 [SeMA Collection: 청록미로],2026-04-15~2026-05-17,충무아트센터 갤러리 G1,127.014790889728,37.5659409687669,,https://culture.seoul.go.kr/cmmn/file/getImage.do?atchFileId=cfa4043b588541618a1c45763ada3e23&thumb=Y,https://culture.seoul.go.kr/culture/culture/cultureEvent/view.do?cultcode=157621&menuNo=200009,
2026-05-12T10:05:40.070820+09:00,동대문 관광특구,동대문 관광특구,POI002,KEY_1,이상한 K-뷰티 : 엄마의 서랍장,2026-04-10~2026-06-10,DDP 마켓 B2F 비더비 다운타운,127.00977973484339,37.56735731522952,,https://culture.seoul.go.kr/cmmn/file/getImage.do?atchFileId=e187f20c0b5d4e7ebcbff38d8f60b63e&thumb=Y,https://culture.seoul.go.kr/culture/culture/cultureEvent/view.do?cultcode=157606&menuNo=200009,
2026-05-12T10:05:40.070820+09:00,동대문 관광특구,동대문 관광특구,POI002,KEY_1,[서울디자인재단] DDP 루프탑 투어_2026,2026-03-21~2026-05-31,DDP 뮤지엄 1층(M3 출입문) 투어 데스크 (시작장소),127.00977973484339,37.56735731522952,,https://culture.seoul.go.kr/cmmn/file/getImage.do?atchFileId=973b28af071b405ea7f6eb7ab715abaa&thumb=Y,https://culture.seoul.go.kr/culture/culture/cultureEvent/view.do?cultcode=157428&menuNo=200011,
2026-05-12T10:05:40.070820+09:00,동대문 관광특구,동대문 관광특구,POI002,KEY_1,BtheB 뷰티기획전 [Beauty For All],2026-02-28~2026-06-07,DDP 지하2층 DDP마켓 비더비,127.00977973484339,37.56735731522952,,https://culture.seoul.go.kr/cmmn/file/getImage.do?atchFileId=5209bf1d22f345568a88cce60bbc8688&thumb=Y,https://culture.seoul.go.kr/culture/culture/cultureEvent/view.do?cultcode=156852&menuNo=200009,
2026-05-12T10:05:40.070820+09:00,동대문 관광특구,동대문 관광특구,POI002,KEY_1,[중구문화재단] 뮤지컬 [홍련],2026-02-28~2026-05-17,충무아트센터 중극장 블랙,127.014790889728,37.5659409687669,,https://culture.seoul.go.kr/cmmn/file/getImage.do?atchFileId=e86257233f3b4d50bf436983435399eb&thumb=Y,https://culture.seoul.go.kr/culture/culture/cultureEvent/view.do?cultcode=156539&menuNo=200008,
2026-05-12T10:05:40.070820+09:00,동대문 관광특구,동대문 관광특구,POI002,KEY_1,[DDP] Dream in Light,2026-01-09~2026-12-31,DDP 전면， 유구전시장 앞， 미래로 상부,127.00977973484339,37.56735731522952,,https://culture.seoul.go.kr/cmmn/file/getImage.do?atchFileId=bfa59aa56eed4af8b441d88bad873037&thumb=Y,https://culture.seoul.go.kr/culture/culture/cultureEvent/view.do?cultcode=156491&menuNo=200009,
2026-05-12T10:05:40.070820+09:00,동대문 관광특구,동대문 관광특구,POI002,KEY_1,[서울디자인재단] DDP 건축투어,2026-01-02~2026-12-31,DDP 뮤지엄 1층 투어데스크,127.00977973484339,37.56735731522952,N,https://culture.seoul.go.kr/cmmn/file/getImage.do?atchFileId=47da849abe944ec9b7dedaf1ab283714&thumb=Y,https://culture.seoul.go.kr/culture/culture/cultureEvent/view.do?cultcode=156552&menuNo=200009,
2026-05-12T10:05:40.070820+09:00,명동 관광특구,명동 관광특구,POI003,KEY_2,[서울도서관] 2026년 서울야외도서관 (책읽는 서울광장， 광화문 책마당， 책읽는 맑은 냇가),2026-04-23~2026-11-01,서울광장， 광화문 광장， 청계천 일대,126.97769782752,37.5653338689441,N,https://culture.seoul.go.kr/cmmn/file/getImage.do?atchFileId=57da07b01aed40ad984d40559a42ae61&thumb=Y,https://culture.seoul.go.kr/culture/culture/cultureEvent/view.do?cultcode=156879&menuNo=200010,
2026-05-12T10:05:40.070820+09:00,명동 관광특구,명동 관광특구,POI003,KEY_2,2026 해치마당 미디어월 봄 전시,2026-04-10~2026-06-19,광화문 역 9번출구 진입로 벽면 해치마당 미디어월,126.976787992565,37.5716228232824,,https://culture.seoul.go.kr/cmmn/file/getImage.do?atchFileId=ac862f94f21744ec8092ccc4372c0539&thumb=Y,https://culture.seoul.go.kr/culture/culture/cultureEvent/view.do?cultcode=157787&menuNo=200009,
2026-05-12T10:05:40.070820+09:00,명동 관광특구,명동 관광특구,POI003,KEY_2,[서울시] 2026년 서울청년문화패스 신청자 모집,2025-12-22~2026-12-31,온라인 접수,126.97860700965403,37.56672958991572,,https://culture.seoul.go.kr/cmmn/file/getImage.do?atchFileId=24931799627a43ea9e2b4960b00c9c4f&thumb=Y,https://culture.seoul.go.kr/culture/culture/cultureEvent/view.do?cultcode=156277&menuNo=200013,
2026-05-12T10:05:40.070820+09:00,잠실 관광특구,잠실 관광특구,POI005,KEY_1,[한성백제박물관] 상반기 장애인 단체 대면 교육 [옛날옛날， 빛나는 백제 이야기],2026-05-12~2026-06-30,박물관 로비/교육실,127.12088940368128,37.51543881335773,,https://culture.seoul.go.kr/cmmn/file/getImage.do?atchFileId=58420146f27740e39e6ac91e88d71d70&thumb=Y,https://culture.seoul.go.kr/culture/culture/cultureEvent/view.do?cultcode=157690&menuNo=200011,
2026-05-12T10:05:40.070820+09:00,잠실 관광특구,잠실 관광특구,POI005,KEY_1,[서울백제어린이박물관] 초등 2-3학년 학급 대상 [어린이백제연구소2] 옛날 도구， 오늘날 도구 (도구의변천),2026-05-12~2026-06-10,서울백제어린이박물관(교육실， 전시실),127.124412,37.523991,,https://culture.seoul.go.kr/cmmn/file/getImage.do?atchFileId=85ede03678db4ee5a0adb99f465d78ff&thumb=Y,https://culture.seoul.go.kr/culture/culture/cultureEvent/view.do?cultcode=156836&menuNo=200011,
2026-05-12T10:05:40.070820+09:00,잠실 관광특구,잠실 관광특구,POI005,KEY_1,[한성백제박물관] 2026년 상반기 성인 대상 [서울 고대유적 탐방],2026-04-28~2026-06-11,한성백제박물관， 몽촌토성， 풍납동토성， 석촌동고분군 일대,127.12088940368128,37.51543881335773,,https://culture.seoul.go.kr/cmmn/file/getImage.do?atchFileId=3d89263b5e85481c894204ef7a05d20e&thumb=Y,https://culture.seoul.go.kr/culture/culture/cultureEvent/view.do?cultcode=157084&menuNo=200011,
2026-05-12T10:05:40.070820+09:00,잠실 관광특구,잠실 관광특구,POI005,KEY_1,[소마미술관] 조각이 꿈+틀 [올림픽조각체험프로젝트#02] 상설전,2026-04-17~2026-09-06,소마미술관 2관 상설전시실,127.118166964751,37.516920655117,,https://culture.seoul.go.kr/cmmn/file/getImage.do?atchFileId=c4ac3bd4533342b993b5ccfd5d42086c&thumb=Y,https://culture.seoul.go.kr/culture/culture/cultureEvent/view.do?cultcode=157117&menuNo=200009,
2026-05-12T10:05:40.070820+09:00,잠실 관광특구,잠실 관광특구,POI005,KEY_1,올림픽 조각체험 프로젝트#2 [조각이 꿈+틀],2026-04-17~2026-09-06,소마미술관,127.118166964751,37.516920655117,,https://culture.seoul.go.kr/cmmn/file/getImage.do?atchFileId=6825663978de46c192543240dfbb2185&thumb=Y,https://culture.seoul.go.kr/culture/culture/cultureEvent/view.do?cultcode=157318&menuNo=200009,
2026-05-12T10:05:40.070820+09:00,잠실 관광특구,잠실 관광특구,POI005,KEY_1,[소마미술관] 그림책이 살아있다!,2026-04-17~2026-09-06,소마미술관 2관 기획전시실,127.118166964751,37.516920655117,,https://culture.seoul.go.kr/cmmn/file/getImage.do?atchFileId=cf267080189e4a3eadeeb6c5e8b0ade7&thumb=Y,https://culture.seoul.go.kr/culture/culture/cultureEvent/view.do?cultcode=157116&menuNo=200009,
2026-05-12T10:05:40.070820+09:00,잠실 관광특구,잠실 관광특구,POI005,KEY_1,이승택 개인전 [조각의 바깥에서],2026-04-10~2026-07-26,소마미술관,127.118166964751,37.516920655117,,https://culture.seoul.go.kr/cmmn/file/getImage.do?atchFileId=fa83edf506b643e2bec777cac69729ce&thumb=Y,https://culture.seoul.go.kr/culture/culture/cultureEvent/view.do?cultcode=157317&menuNo=200009,
2026-05-12T10:05:40.070820+09:00,잠실 관광특구,잠실 관광특구,POI005,KEY_1,[한성백제박물관] 2026년 상반기 문화다양성 교육 [백제와 함께하는 이웃나라들],2026-03-31~2026-06-30,대면) 박물관 교육실/ (비대면) 각 학급 교실,127.12088940368128,37.51543881335773,,https://culture.seoul.go.kr/cmmn/file/getImage.do?atchFileId=79379b0c10fc462fb325ecdb455dd3db&thumb=Y,https://culture.seoul.go.kr/culture/culture/cultureEvent/view.do?cultcode=157232&menuNo=200011,
2026-05-12T10:05:40.070820+09:00,잠실 관광특구,잠실 관광특구,POI005,KEY_1,[한성백제박물관] 2026 상반기 초등단체 대면 교육 [서울 쏙! 백제 콕!],2026-03-26~2026-07-03,한성백제박물관 교육실,127.12088940368128,37.51543881335773,,https://culture.seoul.go.kr/cmmn/file/getImage.do?atchFileId=f3b484610b65420297a3ae47001c6120&thumb=Y,https://culture.seoul.go.kr/culture/culture/cultureEvent/view.do?cultcode=156906&menuNo=200011,
2026-05-12T10:05:40.070820+09:00,잠실 관광특구,잠실 관광특구,POI005,KEY_1,[한성백제박물관] 2026 상반기 초등단체 비대면 교육 [서울 쏙! 백제 콕!],2026-03-26~2026-07-03,각 학급 교실(비대면 원격 교육),127.12088940368128,37.51543881335773,,https://culture.seoul.go.kr/cmmn/file/getImage.do?atchFileId=fb761ebe217849eaa4f63b1b0f6ac759&thumb=Y,https://culture.seoul.go.kr/culture/culture/cultureEvent/view.do?cultcode=156907&menuNo=200011,
2026-05-12T10:05:40.070820+09:00,잠실 관광특구,잠실 관광특구,POI005,KEY_1,[한성백제박물관] 초등 4~6학년 단체 대면 교육 [한강삼국지: 삼국의 한강 쟁탈전],2026-03-24~2026-07-01,한성백제박물관 교육실,127.12088940368128,37.51543881335773,,https://culture.seoul.go.kr/cmmn/file/getImage.do?atchFileId=0183d0f0f64d43dea7f2f1f5a5823734&thumb=Y,https://culture.seoul.go.kr/culture/culture/cultureEvent/view.do?cultcode=156755&menuNo=200011,
2026-05-12T10:05:40.070820+09:00,잠실 관광특구,잠실 관광특구,POI005,KEY_1,[한성백제박물관] 초등 4~6학년 학급 비대면 교육 [한강삼국지: 삼국의 한강 쟁탈전],2026-03-24~2026-07-01,신청 학급 교실,127.12088940368128,37.51543881335773,,https://culture.seoul.go.kr/cmmn/file/getImage.do?atchFileId=ee2f38002896461d88e55f36df203dfc&thumb=Y,https://culture.seoul.go.kr/culture/culture/cultureEvent/view.do?cultcode=156754&menuNo=200011,
2026-05-12T10:05:40.070820+09:00,잠실 관광특구,잠실 관광특구,POI005,KEY_1,홍범·김주환 2인전 [틈을 걷다],2026-03-24~2026-05-24,더 갤러리 호수,127.107617545434,37.512296516856,,https://culture.seoul.go.kr/cmmn/file/getImage.do?atchFileId=3e31e677b15e459ca780d07a735a163d&thumb=Y,https://culture.seoul.go.kr/culture/culture/cultureEvent/view.do?cultcode=157251&menuNo=200009,
2026-05-12T10:05:40.070820+09:00,잠실 관광특구,잠실 관광특구,POI005,KEY_1,[서울백제어린이박물관] 유단체 대상 [서울역사생태탐험대1] 봄,2026-03-19~2026-05-21,서울백제어린이박물관(교육실， 전시실)， 야외생태체험장， 전시실 등,127.124412,37.523991,,https://culture.seoul.go.kr/cmmn/file/getImage.do?atchFileId=7504518b70b54ac7b5c8367519f44947&thumb=Y,https://culture.seoul.go.kr/culture/culture/cultureEvent/view.do?cultcode=156747&menuNo=200011,
2026-05-12T10:05:40.070820+09:00,잠실 관광특구,잠실 관광특구,POI005,KEY_1,[한성백제박물관] 2026년 상반기 주말가족교육 [문화유산 보존 연구소],2026-03-14~2026-07-04,한성백제박물관 교육실,127.12088940368128,37.51543881335773,,https://culture.seoul.go.kr/cmmn/file/getImage.do?atchFileId=69fec744c82446619d58e8ce8cb6baab&thumb=Y,https://culture.seoul.go.kr/culture/culture/cultureEvent/view.do?cultcode=156850&menuNo=200011,
2026-05-12T10:05:40.070820+09:00,잠실 관광특구,잠실 관광특구,POI005,KEY_1,[한성백제박물관] 2026년 상반기 주말가족탐방 [몽촌토성 탐방],2026-03-14~2026-05-30,몽촌토성， 박물관 교육실,127.12088940368128,37.51543881335773,,https://culture.seoul.go.kr/cmmn/file/getImage.do?atchFileId=31a20aade65d41b882a74ff2a6424ee7&thumb=Y,https://culture.seoul.go.kr/culture/culture/cultureEvent/view.do?cultcode=156851&menuNo=200011,
2026-05-12T10:05:40.070820+09:00,종로·청계 관광특구,종로·청계 관광특구,POI006,KEY_2,2026 Creative AI : Computer Vision,2026-05-12~2026-06-09,서울 종로구 율곡로 1길 37,126.980303746598,37.5696912777696,,https://culture.seoul.go.kr/cmmn/file/getImage.do?atchFileId=14a3fd01522546f8a240146ca6e846be&thumb=Y,https://culture.seoul.go.kr/culture/culture/cultureEvent/view.do?cultcode=157502&menuNo=200011,
2026-05-12T10:05:40.070820+09:00,종로·청계 관광특구,종로·청계 관광특구,POI006,KEY_2,2026 해치마당 미디어월 봄 전시,2026-04-10~2026-06-19,광화문 역 9번출구 진입로 벽면 해치마당 미디어월,126.976787992565,37.5716228232824,,https://culture.seoul.go.kr/cmmn/file/getImage.do?atchFileId=ac862f94f21744ec8092ccc4372c0539&thumb=Y,https://culture.seoul.go.kr/culture/culture/cultureEvent/view.do?cultcode=157787&menuNo=200009,
2026-05-12T10:05:40.070820+09:00,종로·청계 관광특구,종로·청계 관광특구,POI006,KEY_2,기.기.기(奇.己.氣): 동시대와 시행착오,2026-04-01~2026-05-31,일민미술관,126.977657083792,37.5698677620456,,https://culture.seoul.go.kr/cmmn/file/getImage.do?atchFileId=6e05d79e4d0e4358b3eae2df5081eb13&thumb=Y,https://culture.seoul.go.kr/culture/culture/cultureEvent/view.do?cultcode=157256&menuNo=200009,
2026-05-12T10:05:40.070820+09:00,홍대 관광특구,홍대 관광특구,POI007,KEY_3,[서울생활문화센터 서교] art1st - 소리로 그리는 마음,2026-05-12~2026-07-28,서울생활문화센터 서교(합정역),126.916493990351,37.5508138163956,,https://culture.seoul.go.kr/cmmn/file/getImage.do?atchFileId=e1a661be31c548d7927816115a8ee8cf&thumb=Y,https://culture.seoul.go.kr/culture/culture/cultureEvent/view.do?cultcode=157788&menuNo=200011,
2026-05-12T10:05:40.070820+09:00,홍대 관광특구,홍대 관광특구,POI007,KEY_3,김재연 개인전: 호기,2026-05-12~2026-05-24,크리스프 웨지,126.916412664084,37.5493590071323,,https://culture.seoul.go.kr/cmmn/file/getImage.do?atchFileId=242e40f466f2481fbd48977d6050188c&thumb=Y,https://culture.seoul.go.kr/culture/culture/cultureEvent/view.do?cultcode=157741&menuNo=200009,
2026-05-12T10:05:40.070820+09:00,고척돔,고척돔,POI086,KEY_2,[서울아트책보고] 처음 만나는 미술사 - 이소영 미술 교육인ㆍ미술 에세이스트,2026-05-02~2026-05-16,서울아트책보고 워크숍룸,126.867088741096,37.4982125677913,,https://culture.seoul.go.kr/cmmn/file/getImage.do?atchFileId=f47a521600bd4c239ce177fe47f7d1e8&thumb=Y,https://culture.seoul.go.kr/culture/culture/cultureEvent/view.do?cultcode=157567&menuNo=200011,
2026-05-12T10:05:40.070820+09:00,고척돔,고척돔,POI086,KEY_2,[서울아트책보고] 나와 타인을 알아가는 글쓰기,2026-04-08~2026-05-13,서울아트책보고,126.867088741096,37.4982125677913,N,https://culture.seoul.go.kr/cmmn/file/getImage.do?atchFileId=934cbbeed0e94753b2ddef8f32fddfe6&thumb=Y,https://culture.seoul.go.kr/culture/culture/cultureEvent/view.do?cultcode=156877&menuNo=200011,
2026-05-12T10:05:40.070820+09:00,고척돔,고척돔,POI086,KEY_2,[서울아트책보고] 처음 만나는 세계,2026-03-10~2026-05-31,서울아트책보고 북카페 앤 라운지,126.867088741096,37.4982125677913,,https://culture.seoul.go.kr/cmmn/file/getImage.do?atchFileId=57c7dae9273d4eaeb82db962852b352e&thumb=Y,https://culture.seoul.go.kr/culture/culture/cultureEvent/view.do?cultcode=156892&menuNo=200009,
2026-05-12T10:05:40.070820+09:00,광화문광장,광화문광장,POI088,KEY_1,빛과 어둠의 경계에서,2026-05-02~2026-05-25,세종문화회관 세종S씨어터,126.9760053,37.5726241,,https://culture.seoul.go.kr/cmmn/file/getImage.do?atchFileId=0eeea492c11e4eb7816334e58cfeb6ce&thumb=Y,https://culture.seoul.go.kr/culture/culture/cultureEvent/view.do?cultcode=157335&menuNo=200008,
2026-05-12T10:05:40.070820+09:00,광화문광장,광화문광장,POI088,KEY_1,2026 의정부지 역사유적광장 전통무예행사,2026-04-11~2026-10-31,의정부지 역사유적광장,126.977967142855,37.5748036513699,,https://culture.seoul.go.kr/cmmn/file/getImage.do?atchFileId=628a9bae996a407bbfee67752dd508db&thumb=Y,https://culture.seoul.go.kr/culture/culture/cultureEvent/view.do?cultcode=157327&menuNo=200010,
2026-05-12T10:05:40.070820+09:00,광화문광장,광화문광장,POI088,KEY_1,2026 아뜰리에 광화 봄 전시 [피어나는 빛],2026-04-11~2026-06-19,세종문화회관 외벽 미디어파사드,126.9760053,37.5726241,,https://culture.seoul.go.kr/cmmn/file/getImage.do?atchFileId=196d7f704d5646a2bb4bb40523a8c4aa&thumb=Y,https://culture.seoul.go.kr/culture/culture/cultureEvent/view.do?cultcode=157432&menuNo=200009,
2026-05-12T10:05:40.070820+09:00,광화문광장,광화문광장,POI088,KEY_1,2026 해치마당 미디어월 봄 전시,2026-04-10~2026-06-19,광화문 역 9번출구 진입로 벽면 해치마당 미디어월,126.976787992565,37.5716228232824,,https://culture.seoul.go.kr/cmmn/file/getImage.do?atchFileId=ac862f94f21744ec8092ccc4372c0539&thumb=Y,https://culture.seoul.go.kr/culture/culture/cultureEvent/view.do?cultcode=157787&menuNo=200009,
2026-05-12T10:05:40.070820+09:00,광화문광장,광화문광장,POI088,KEY_1,[경복궁] 2026 생과방(상반기),2026-04-08~2026-05-27,경복궁 생과방,126.976842133821,37.5759040910202,,https://culture.seoul.go.kr/cmmn/file/getImage.do?atchFileId=4864144c5a084ea4a1228924afe585e6&thumb=Y,https://culture.seoul.go.kr/culture/culture/cultureEvent/view.do?cultcode=157368&menuNo=200011,
2026-05-12T10:05:40.070820+09:00,광화문광장,광화문광장,POI088,KEY_1,2026년 집옥재(팔우정 포함) 작은 도서관 개방,2026-04-01~2026-10-31,경복궁 집옥재·팔우정,126.976842133821,37.5759040910202,,https://culture.seoul.go.kr/cmmn/file/getImage.do?atchFileId=d70525e916b548cda13443c9e10190f3&thumb=Y,https://culture.seoul.go.kr/culture/culture/cultureEvent/view.do?cultcode=157383&menuNo=200011,
2026-05-12T10:05:40.070820+09:00,광화문광장,광화문광장,POI088,KEY_1,2026년 경복궁 [경회루·향원정] 특별관람,2026-04-01~2026-10-30,경복궁 경회루·향원정,126.976842133821,37.5759040910202,,https://culture.seoul.go.kr/cmmn/file/getImage.do?atchFileId=37630da9c19349fbac8494e92e5c64d8&thumb=Y,https://culture.seoul.go.kr/culture/culture/cultureEvent/view.do?cultcode=157389&menuNo=200011,
2026-05-12T10:05:40.070820+09:00,광화문광장,광화문광장,POI088,KEY_1,[세종문화회관] 세종예술아카데미 [정승빈 작가] 스테들러와 함께하는 여행드로잉 클래스,2026-03-31~2026-09-15,세종예술아카데미 스퀘어홀,126.9760053,37.5726241,,https://culture.seoul.go.kr/cmmn/file/getImage.do?atchFileId=a0247bcdf4484818baaca748c977391f&thumb=Y,https://culture.seoul.go.kr/culture/culture/cultureEvent/view.do?cultcode=157026&menuNo=200011,
2026-05-12T10:05:40.070820+09:00,광화문광장,광화문광장,POI088,KEY_1,[세종문화회관] 세종예술아카데미 [박인홍 작가] 스테들러와 함께하는 여행드로잉 클래스,2026-03-31~2026-08-31,세종예술아카데미 스퀘어홀,126.9760053,37.5726241,,https://culture.seoul.go.kr/cmmn/file/getImage.do?atchFileId=c9b88469d8f0468e960f00b0e5b0785d&thumb=Y,https://culture.seoul.go.kr/culture/culture/cultureEvent/view.do?cultcode=157025&menuNo=200011,
2026-05-12T10:05:40.070820+09:00,광화문광장,광화문광장,POI088,KEY_1,[세종문화회관] 세종예술아카데미 [그레이스 발레 (성인 취미 발레)],2026-03-30~2026-06-29,세종문화회관 예술동 4층 종합연습실,126.9760053,37.5726241,,https://culture.seoul.go.kr/cmmn/file/getImage.do?atchFileId=8b685870654e4cd78bf509ea783f7748&thumb=Y,https://culture.seoul.go.kr/culture/culture/cultureEvent/view.do?cultcode=156885&menuNo=200011,.
2026-05-12T10:05:40.070820+09:00,광화문광장,광화문광장,POI088,KEY_1,[세종문화회관] 세종예술아카데미 [정연석 작가] 스테들러와 함께하는 여행드로잉 클래스,2026-03-28~2026-09-05,세종예술아카데미 스퀘어홀,126.9760053,37.5726241,,https://culture.seoul.go.kr/cmmn/file/getImage.do?atchFileId=df2237ca7f754d009407bc3321cae86f&thumb=Y,https://culture.seoul.go.kr/culture/culture/cultureEvent/view.do?cultcode=157028&menuNo=200011,
2026-05-12T10:05:40.070820+09:00,광화문광장,광화문광장,POI088,KEY_1,[세종문화회관] 세종예술아카데미 [이승익 작가] 스테들러와 함께하는 여행드로잉 클래스,2026-03-28~2026-08-29,세종예술아카데미 스퀘어홀,126.9760053,37.5726241,,https://culture.seoul.go.kr/cmmn/file/getImage.do?atchFileId=09ebfb8dbbcf453e86aadfe529b90ff8&thumb=Y,https://culture.seoul.go.kr/culture/culture/cultureEvent/view.do?cultcode=157027&menuNo=200011,
2026-05-12T10:05:40.070820+09:00,광화문광장,광화문광장,POI088,KEY_1,[세종문화회관] 2026 상반기 세종 어린이 발레 아카데미,2026-03-28~2026-06-27,세종문화회관 예술동 4층 종합연습실,126.9760053,37.5726241,,https://culture.seoul.go.kr/cmmn/file/getImage.do?atchFileId=b47ad1471d3d428a9482934f7b03787f&thumb=Y,https://culture.seoul.go.kr/culture/culture/cultureEvent/view.do?cultcode=157104&menuNo=200011,
2026-05-12T10:05:40.070820+09:00,광화문광장,광화문광장,POI088,KEY_1,[세종문화회관] 세종예술아카데미 [이야기가 있는 클래식],2026-03-19~2026-05-28,세종문화회관 서클홀,126.9760053,37.5726241,,https://culture.seoul.go.kr/cmmn/file/getImage.do?atchFileId=0373af8e16694df8b923159a02ec0a2a&thumb=Y,https://culture.seoul.go.kr/culture/culture/cultureEvent/view.do?cultcode=156883&menuNo=200011,.
2026-05-12T10:05:40.070820+09:00,광화문광장,광화문광장,POI088,KEY_1,[세종문화회관] 세종예술아카데미 [미술사가 이 현의 전시와 함께보는 서양 미술사 - 바로크와 로코코],2026-03-19~2026-05-21,세종문화회관 서클홀,126.9760053,37.5726241,,https://culture.seoul.go.kr/cmmn/file/getImage.do?atchFileId=377ac3cd61d6416baa3b3f43a826b900&thumb=Y,https://culture.seoul.go.kr/culture/culture/cultureEvent/view.do?cultcode=156881&menuNo=200011,.
2026-05-12T10:05:40.070820+09:00,광화문광장,광화문광장,POI088,KEY_1,[세종문화회관] 세종예술아카데미 [클래식브런치],2026-03-18~2026-05-20,세종문화회관 서클홀,126.9760053,37.5726241,,https://culture.seoul.go.kr/cmmn/file/getImage.do?atchFileId=43b7fd7ecf2b44d1b7ba2ec25e6cc7a7&thumb=Y,https://culture.seoul.go.kr/culture/culture/cultureEvent/view.do?cultcode=156880&menuNo=200011,.
2026-05-12T10:05:40.070820+09:00,광화문광장,광화문광장,POI088,KEY_1,[세종문화회관] 세종예술아카데미 [히든보이스],2026-03-17~2026-06-30,세종문화회관 서클홀,126.9760053,37.5726241,,https://culture.seoul.go.kr/cmmn/file/getImage.do?atchFileId=96b505aa681348d48b661d248108f577&thumb=Y,https://culture.seoul.go.kr/culture/culture/cultureEvent/view.do?cultcode=156809&menuNo=200011,.
2026-05-12T10:05:40.070820+09:00,광화문광장,광화문광장,POI088,KEY_1,[세종문화회관] 세종예술아카데미 [2026 상반기 스포츠 in 아트스테이션],2026-03-16~2026-06-26,세종문화회관 오픈스테이지의 탁 트인 마루형 공간,126.9760053,37.5726241,,https://culture.seoul.go.kr/cmmn/file/getImage.do?atchFileId=16cb755c035e4ddc86c7cfbfa3654ca5&thumb=Y,https://culture.seoul.go.kr/culture/culture/cultureEvent/view.do?cultcode=157023&menuNo=200011,
2026-05-12T10:05:40.070820+09:00,광화문광장,광화문광장,POI088,KEY_1,[국가유산청 궁능유적본부] 수문장 순라의식,2026-03-01~2026-11-29,(토요일)경복궁 내부 (일요일， 공휴일)인사동 문화의 거리,126.976842133821,37.5759040910202,,https://culture.seoul.go.kr/cmmn/file/getImage.do?atchFileId=923de3d9169e463b9c8098a8e132be38&thumb=Y,https://culture.seoul.go.kr/culture/culture/cultureEvent/view.do?cultcode=156996&menuNo=200013,
2026-05-12T10:05:40.070820+09:00,국립중앙박물관·용산가족공원,국립중앙박물관·용산가족공원,POI089,KEY_2,[국립중앙박물관] 이슬람 미술， 찬란한 빛의 여정,2025-11-22~2026-10-11,국립중앙박물관 상설전시관 이슬람실,126.98020301648833,37.52385582212769,,https://culture.seoul.go.kr/cmmn/file/getImage.do?atchFileId=69db1f87ea6447c6a1fe901e146ce2e1&thumb=Y,https://culture.seoul.go.kr/culture/culture/cultureEvent/view.do?cultcode=156371&menuNo=200009,
2026-05-12T10:05:40.070820+09:00,국립중앙박물관·용산가족공원,국립중앙박물관·용산가족공원,POI089,KEY_2,[국립중앙박물관] 보존과학， 새로운 시작 함께하는 미래,2025-10-28~2026-06-30,국립중앙박물관 보존과학센터 1층,126.98020301648833,37.52385582212769,,https://culture.seoul.go.kr/cmmn/file/getImage.do?atchFileId=649b5716289a4bf2a97dcc27a7962d0c&thumb=Y,https://culture.seoul.go.kr/culture/culture/cultureEvent/view.do?cultcode=156376&menuNo=200009,
2026-05-12T10:05:40.070820+09:00,국립중앙박물관·용산가족공원,국립중앙박물관·용산가족공원,POI089,KEY_2,[국립중앙박물관] 각角진 백자 이야기,2025-08-26~2026-06-21,국립중앙박물관 상설전시관 3층,126.98020301648833,37.52385582212769,,https://culture.seoul.go.kr/cmmn/file/getImage.do?atchFileId=e522fa75398e4832b8862dd5a66863a7&thumb=Y,https://culture.seoul.go.kr/culture/culture/cultureEvent/view.do?cultcode=156377&menuNo=200009,
2026-05-12T10:05:40.070820+09:00,남산공원,남산공원,POI091,KEY_1,2026 서울시 태권도 공연,2026-05-09~2026-10-18,남산골한옥마을， DDP(동대문디자인플라자) 등,126.994440072131,37.559304933707146,,https://culture.seoul.go.kr/cmmn/file/getImage.do?atchFileId=292cefda02074a1bba028aea65b48755&thumb=Y,https://culture.seoul.go.kr/culture/culture/cultureEvent/view.do?cultcode=157783&menuNo=200013,
2026-05-12T10:05:40.070820+09:00,남산공원,남산공원,POI091,KEY_1,[남산골한옥마을] 2026 남산골 전통체험 [예술가의 시간],2026-04-03~2026-10-25,남산골한옥마을 전통가옥 프로그램별 상이,126.994440072131,37.559304933707146,,https://culture.seoul.go.kr/cmmn/file/getImage.do?atchFileId=65cd91f8db7b435e96bed67b434bcb84&thumb=Y,https://culture.seoul.go.kr/culture/culture/cultureEvent/view.do?cultcode=157090&menuNo=200011,
2026-05-12T10:05:40.070820+09:00,남산공원,남산공원,POI091,KEY_1,[남산골한옥마을] 남산골 전통혼례,2026-03-28~2026-11-15,관훈동 민씨가옥 안채 마당 (야외 혼례),126.994440072131,37.559304933707146,,https://culture.seoul.go.kr/cmmn/file/getImage.do?atchFileId=33830aa756d2463ab6ae27c45a425b0e&thumb=Y,https://culture.seoul.go.kr/culture/culture/cultureEvent/view.do?cultcode=156333&menuNo=200010,
2026-05-12T10:05:40.070820+09:00,남산공원,남산공원,POI091,KEY_1,2026 국립극장 어린이 예술학교 유아반 (1학기),2026-03-14~2026-05-23,국립극장 뜰아래연습장 B2 다목적교육실,126.999267349473,37.5519949082942,,https://culture.seoul.go.kr/cmmn/file/getImage.do?atchFileId=4d36afd4ac204d67bade0bd7b035e70a&thumb=Y,https://culture.seoul.go.kr/culture/culture/cultureEvent/view.do?cultcode=156884&menuNo=200011,
2026-05-12T10:05:40.070820+09:00,노들섬,노들섬,POI092,KEY_2,2026 서울거리공연 구석구석라이브,2026-05-01~2026-12-31,공연별 상이,126.958036465507,37.5176638307111,,https://culture.seoul.go.kr/cmmn/file/getImage.do?atchFileId=edccc8857cfe4ac1886089adadae554e&thumb=Y,https://culture.seoul.go.kr/culture/culture/cultureEvent/view.do?cultcode=157655&menuNo=200008,
2026-05-12T10:05:40.070820+09:00,노들섬,노들섬,POI092,KEY_2,[서울문화재단] 2026 신당창작아케이드 [어쩌다 마주친 공예 in 노들섬],2026-03-27~2026-12-31,노들섬 노들서가 내 아트스페이스 엣지 1층 (서울특별시 용산구 양녕로 445),126.958036465507,37.5176638307111,,https://culture.seoul.go.kr/cmmn/file/getImage.do?atchFileId=a8c296336d0f4398b55de07ad93424af&thumb=Y,https://culture.seoul.go.kr/culture/culture/cultureEvent/view.do?cultcode=157363&menuNo=200009,
2026-05-12T10:05:40.070820+09:00,서울숲공원,서울숲공원,POI101,KEY_2,2026 서울국제정원박람회,2026-05-01~2026-10-27,서울숲 일대,127.041799099222,37.5430701468405,,https://culture.seoul.go.kr/cmmn/file/getImage.do?atchFileId=94950c28bee44177bf2bff226fec0dc4&thumb=Y,https://culture.seoul.go.kr/culture/culture/cultureEvent/view.do?cultcode=156916&menuNo=200010,
2026-05-12T10:05:40.070820+09:00,서울숲공원,서울숲공원,POI101,KEY_2,2026 서로장터,2026-04-26~2026-11-01,서울광장， 서울숲， 양재시민의 숲， 잠수교,127.041799099222,37.5430701468405,N,https://culture.seoul.go.kr/cmmn/file/getImage.do?atchFileId=b5b274e789f84a8da67e6c2ec3815326&thumb=Y,https://culture.seoul.go.kr/culture/culture/cultureEvent/view.do?cultcode=157478&menuNo=200010,
2026-05-12T10:05:40.070820+09:00,송현녹지광장,송현녹지광장,POI129,KEY_3,[서울공예박물관] 색유만개 : 권순형 기증특별전시,2026-05-12~2026-08-02,서울공예박물관 전시1동  1층 로비， 안내동 일부,126.983533363501,37.5766481740232,,https://culture.seoul.go.kr/cmmn/file/getImage.do?atchFileId=36124f9be563428e8d2635a4078fd319&thumb=Y,https://culture.seoul.go.kr/culture/culture/cultureEvent/view.do?cultcode=157607&menuNo=200009,
2026-05-12T10:05:40.070820+09:00,송현녹지광장,송현녹지광장,POI129,KEY_3,[서울공예박물관] 공예협력전시 [안동별궁， 시간의 겹],2026-04-28~2027-08-29,서울공예박물관 전시1동 3층 기획전시실,126.983533363501,37.5766481740232,N,https://culture.seoul.go.kr/cmmn/file/getImage.do?atchFileId=a1622fcb6e024123ac90f40cdc8e32fd&thumb=Y,https://culture.seoul.go.kr/culture/culture/cultureEvent/view.do?cultcode=157420&menuNo=200009,
2026-05-12T10:05:40.070820+09:00,송현녹지광장,송현녹지광장,POI129,KEY_3,[서울공예박물관] 한불수교 140주년 기념전시 [더 하이브리드],2026-04-28~2026-07-26,서울공예박물관 전시1동 3층 기획전시실,126.983533363501,37.5766481740232,N,https://culture.seoul.go.kr/cmmn/file/getImage.do?atchFileId=aaaf677cdfac468db6f5c9e13fd397ad&thumb=Y,https://culture.seoul.go.kr/culture/culture/cultureEvent/view.do?cultcode=157211&menuNo=200009,
2026-05-12T10:05:40.070820+09:00,송현녹지광장,송현녹지광장,POI129,KEY_3,[서울공예박물관] 공예동행@쇼윈도 #2. 빛의 흐름 The Flow of Light,2026-04-08~2026-05-31,전시3동 1층 쇼윈도 갤러리,126.983533363501,37.5766481740232,,https://culture.seoul.go.kr/cmmn/file/getImage.do?atchFileId=d813307c6065486caf69b2ad498a0e61&thumb=Y,https://culture.seoul.go.kr/culture/culture/cultureEvent/view.do?cultcode=157354&menuNo=200009,
2026-05-12T10:05:40.070820+09:00,송현녹지광장,송현녹지광장,POI129,KEY_3,스펙트로신테시스 서울 Spectrosynthesis Seoul,2026-03-20~2026-06-28,아트선재센터,126.981839239613,37.5794635323506,,https://culture.seoul.go.kr/cmmn/file/getImage.do?atchFileId=1bbb87d0d71243b996db22604e96a261&thumb=Y,https://culture.seoul.go.kr/culture/culture/cultureEvent/view.do?cultcode=157262&menuNo=200009,
2026-05-12T10:05:40.070820+09:00,어린이대공원,어린이대공원,POI104,KEY_1,[서울상상나라] To. 외계인,2026-05-09~2026-07-19,서울상상나라 B1 창의놀이실,127.077569,37.55055,,https://culture.seoul.go.kr/cmmn/file/getImage.do?atchFileId=240d6c4f932d44c099f463537898e10d&thumb=Y,https://culture.seoul.go.kr/culture/culture/cultureEvent/view.do?cultcode=157797&menuNo=200011,
2026-05-12T10:05:40.070820+09:00,어린이대공원,어린이대공원,POI104,KEY_1,[서울상상나라] 에너지 위기! 대체에너지 탐험,2026-05-09~2026-07-19,서울상상나라 B1 표현놀이실,127.077569,37.55055,,https://culture.seoul.go.kr/cmmn/file/getImage.do?atchFileId=582b93fb96294ba4b10535197ad0b6e4&thumb=Y,https://culture.seoul.go.kr/culture/culture/cultureEvent/view.do?cultcode=157798&menuNo=200011,
2026-05-12T10:05:40.070820+09:00,어린이대공원,어린이대공원,POI104,KEY_1,[서울상상나라] 우리 가족 얼굴 피자,2026-05-09~2026-05-31,서울상상나라 B1 요리놀이실,127.077569,37.55055,,https://culture.seoul.go.kr/cmmn/file/getImage.do?atchFileId=911928e567334b468469a48c46b21df2&thumb=Y,https://culture.seoul.go.kr/culture/culture/cultureEvent/view.do?cultcode=157800&menuNo=200011,
2026-05-12T10:05:40.070820+09:00,어린이대공원,어린이대공원,POI104,KEY_1,[서울상상나라] 연두빛 타르트,2026-05-09~2026-05-31,서울상상나라 B1 요리놀이실,127.077569,37.55055,,https://culture.seoul.go.kr/cmmn/file/getImage.do?atchFileId=8294893045ec4d9db9f6d5e2b49c908e&thumb=Y,https://culture.seoul.go.kr/culture/culture/cultureEvent/view.do?cultcode=157799&menuNo=200011,
2026-05-12T10:05:40.070820+09:00,어린이대공원,어린이대공원,POI104,KEY_1,[서울상상나라] 놀이의 가능성: 보다,2026-04-28~2026-10-31,서울상상나라 1층 로비,127.077569,37.55055,,https://culture.seoul.go.kr/cmmn/file/getImage.do?atchFileId=33e106ada63a4554889b2194d3b76aa7&thumb=Y,https://culture.seoul.go.kr/culture/culture/cultureEvent/view.do?cultcode=157801&menuNo=200009,
2026-05-12T10:05:40.070820+09:00,어린이대공원,어린이대공원,POI104,KEY_1,[서울상상나라] 2F 기획전시 [사랑하는 모양이야],2025-11-15~2026-11-15,2층 서울형 키즈카페 시립 서울상상나라점,127.077569,37.55055,,https://culture.seoul.go.kr/cmmn/file/getImage.do?atchFileId=49257064be8745158d56780a881325da&thumb=Y,https://culture.seoul.go.kr/culture/culture/cultureEvent/view.do?cultcode=156165&menuNo=200009,
2026-05-12T10:05:40.070820+09:00,어린이대공원,어린이대공원,POI104,KEY_1,[서울상상나라] 통-하다,2025-11-11~2026-11-11,서울상상나라 1층 상설전시실,127.077569,37.55055,,https://culture.seoul.go.kr/cmmn/file/getImage.do?atchFileId=43c7d50c4bcf488982db4ed5e5d6a2a9&thumb=Y,https://culture.seoul.go.kr/culture/culture/cultureEvent/view.do?cultcode=155891&menuNo=200009,
2026-05-12T10:05:40.070820+09:00,어린이대공원,어린이대공원,POI104,KEY_1,[서울상상나라] 그림책 작업실:엉뚱하고 기발한,2025-07-15~2026-07-15,서울상상나라 지하 1층 기획전시실,127.077569,37.55055,,https://culture.seoul.go.kr/cmmn/file/getImage.do?atchFileId=96afe0108a624e499e8ba01e7cb308c1&thumb=Y,https://culture.seoul.go.kr/culture/culture/cultureEvent/view.do?cultcode=154150&menuNo=200009,
2026-05-12T10:05:40.070820+09:00,올림픽공원,올림픽공원,POI127,KEY_1,[한성백제박물관] 상반기 장애인 단체 대면 교육 [옛날옛날， 빛나는 백제 이야기],2026-05-12~2026-06-30,박물관 로비/교육실,127.12088940368128,37.51543881335773,,https://culture.seoul.go.kr/cmmn/file/getImage.do?atchFileId=58420146f27740e39e6ac91e88d71d70&thumb=Y,https://culture.seoul.go.kr/culture/culture/cultureEvent/view.do?cultcode=157690&menuNo=200011,
2026-05-12T10:05:40.070820+09:00,올림픽공원,올림픽공원,POI127,KEY_1,[서울백제어린이박물관] 초등 2-3학년 학급 대상 [어린이백제연구소2] 옛날 도구， 오늘날 도구 (도구의변천),2026-05-12~2026-06-10,서울백제어린이박물관(교육실， 전시실),127.124412,37.523991,,https://culture.seoul.go.kr/cmmn/file/getImage.do?atchFileId=85ede03678db4ee5a0adb99f465d78ff&thumb=Y,https://culture.seoul.go.kr/culture/culture/cultureEvent/view.do?cultcode=156836&menuNo=200011,
2026-05-12T10:05:40.070820+09:00,올림픽공원,올림픽공원,POI127,KEY_1,[한성백제박물관] 2026년 상반기 성인 대상 [서울 고대유적 탐방],2026-04-28~2026-06-11,한성백제박물관， 몽촌토성， 풍납동토성， 석촌동고분군 일대,127.12088940368128,37.51543881335773,,https://culture.seoul.go.kr/cmmn/file/getImage.do?atchFileId=3d89263b5e85481c894204ef7a05d20e&thumb=Y,https://culture.seoul.go.kr/culture/culture/cultureEvent/view.do?cultcode=157084&menuNo=200011,
2026-05-12T10:05:40.070820+09:00,올림픽공원,올림픽공원,POI127,KEY_1,[소마미술관] 조각이 꿈+틀 [올림픽조각체험프로젝트#02] 상설전,2026-04-17~2026-09-06,소마미술관 2관 상설전시실,127.118166964751,37.516920655117,,https://culture.seoul.go.kr/cmmn/file/getImage.do?atchFileId=c4ac3bd4533342b993b5ccfd5d42086c&thumb=Y,https://culture.seoul.go.kr/culture/culture/cultureEvent/view.do?cultcode=157117&menuNo=200009,
2026-05-12T10:05:40.070820+09:00,올림픽공원,올림픽공원,POI127,KEY_1,올림픽 조각체험 프로젝트#2 [조각이 꿈+틀],2026-04-17~2026-09-06,소마미술관,127.118166964751,37.516920655117,,https://culture.seoul.go.kr/cmmn/file/getImage.do?atchFileId=6825663978de46c192543240dfbb2185&thumb=Y,https://culture.seoul.go.kr/culture/culture/cultureEvent/view.do?cultcode=157318&menuNo=200009,
2026-05-12T10:05:40.070820+09:00,올림픽공원,올림픽공원,POI127,KEY_1,[소마미술관] 그림책이 살아있다!,2026-04-17~2026-09-06,소마미술관 2관 기획전시실,127.118166964751,37.516920655117,,https://culture.seoul.go.kr/cmmn/file/getImage.do?atchFileId=cf267080189e4a3eadeeb6c5e8b0ade7&thumb=Y,https://culture.seoul.go.kr/culture/culture/cultureEvent/view.do?cultcode=157116&menuNo=200009,
2026-05-12T10:05:40.070820+09:00,올림픽공원,올림픽공원,POI127,KEY_1,이승택 개인전 [조각의 바깥에서],2026-04-10~2026-07-26,소마미술관,127.118166964751,37.516920655117,,https://culture.seoul.go.kr/cmmn/file/getImage.do?atchFileId=fa83edf506b643e2bec777cac69729ce&thumb=Y,https://culture.seoul.go.kr/culture/culture/cultureEvent/view.do?cultcode=157317&menuNo=200009,
2026-05-12T10:05:40.070820+09:00,올림픽공원,올림픽공원,POI127,KEY_1,[한성백제박물관] 2026년 상반기 문화다양성 교육 [백제와 함께하는 이웃나라들],2026-03-31~2026-06-30,대면) 박물관 교육실/ (비대면) 각 학급 교실,127.12088940368128,37.51543881335773,,https://culture.seoul.go.kr/cmmn/file/getImage.do?atchFileId=79379b0c10fc462fb325ecdb455dd3db&thumb=Y,https://culture.seoul.go.kr/culture/culture/cultureEvent/view.do?cultcode=157232&menuNo=200011,
2026-05-12T10:05:40.070820+09:00,올림픽공원,올림픽공원,POI127,KEY_1,[한성백제박물관] 2026 상반기 초등단체 대면 교육 [서울 쏙! 백제 콕!],2026-03-26~2026-07-03,한성백제박물관 교육실,127.12088940368128,37.51543881335773,,https://culture.seoul.go.kr/cmmn/file/getImage.do?atchFileId=f3b484610b65420297a3ae47001c6120&thumb=Y,https://culture.seoul.go.kr/culture/culture/cultureEvent/view.do?cultcode=156906&menuNo=200011,
2026-05-12T10:05:40.070820+09:00,올림픽공원,올림픽공원,POI127,KEY_1,[한성백제박물관] 2026 상반기 초등단체 비대면 교육 [서울 쏙! 백제 콕!],2026-03-26~2026-07-03,각 학급 교실(비대면 원격 교육),127.12088940368128,37.51543881335773,,https://culture.seoul.go.kr/cmmn/file/getImage.do?atchFileId=fb761ebe217849eaa4f63b1b0f6ac759&thumb=Y,https://culture.seoul.go.kr/culture/culture/cultureEvent/view.do?cultcode=156907&menuNo=200011,
2026-05-12T10:05:40.070820+09:00,올림픽공원,올림픽공원,POI127,KEY_1,[한성백제박물관] 초등 4~6학년 단체 대면 교육 [한강삼국지: 삼국의 한강 쟁탈전],2026-03-24~2026-07-01,한성백제박물관 교육실,127.12088940368128,37.51543881335773,,https://culture.seoul.go.kr/cmmn/file/getImage.do?atchFileId=0183d0f0f64d43dea7f2f1f5a5823734&thumb=Y,https://culture.seoul.go.kr/culture/culture/cultureEvent/view.do?cultcode=156755&menuNo=200011,
2026-05-12T10:05:40.070820+09:00,올림픽공원,올림픽공원,POI127,KEY_1,[한성백제박물관] 초등 4~6학년 학급 비대면 교육 [한강삼국지: 삼국의 한강 쟁탈전],2026-03-24~2026-07-01,신청 학급 교실,127.12088940368128,37.51543881335773,,https://culture.seoul.go.kr/cmmn/file/getImage.do?atchFileId=ee2f38002896461d88e55f36df203dfc&thumb=Y,https://culture.seoul.go.kr/culture/culture/cultureEvent/view.do?cultcode=156754&menuNo=200011,
2026-05-12T10:05:40.070820+09:00,올림픽공원,올림픽공원,POI127,KEY_1,[서울백제어린이박물관] 유단체 대상 [서울역사생태탐험대1] 봄,2026-03-19~2026-05-21,서울백제어린이박물관(교육실， 전시실)， 야외생태체험장， 전시실 등,127.124412,37.523991,,https://culture.seoul.go.kr/cmmn/file/getImage.do?atchFileId=7504518b70b54ac7b5c8367519f44947&thumb=Y,https://culture.seoul.go.kr/culture/culture/cultureEvent/view.do?cultcode=156747&menuNo=200011,
2026-05-12T10:05:40.070820+09:00,올림픽공원,올림픽공원,POI127,KEY_1,[한성백제박물관] 2026년 상반기 주말가족교육 [문화유산 보존 연구소],2026-03-14~2026-07-04,한성백제박물관 교육실,127.12088940368128,37.51543881335773,,https://culture.seoul.go.kr/cmmn/file/getImage.do?atchFileId=69fec744c82446619d58e8ce8cb6baab&thumb=Y,https://culture.seoul.go.kr/culture/culture/cultureEvent/view.do?cultcode=156850&menuNo=200011,
2026-05-12T10:05:40.070820+09:00,올림픽공원,올림픽공원,POI127,KEY_1,[한성백제박물관] 2026년 상반기 주말가족탐방 [몽촌토성 탐방],2026-03-14~2026-05-30,몽촌토성， 박물관 교육실,127.12088940368128,37.51543881335773,,https://culture.seoul.go.kr/cmmn/file/getImage.do?atchFileId=31a20aade65d41b882a74ff2a6424ee7&thumb=Y,https://culture.seoul.go.kr/culture/culture/cultureEvent/view.do?cultcode=156851&menuNo=200011,
2026-05-12T10:05:40.070820+09:00,북촌한옥마을,북촌한옥마을,POI066,KEY_3,[서울공예박물관] 색유만개 : 권순형 기증특별전시,2026-05-12~2026-08-02,서울공예박물관 전시1동  1층 로비， 안내동 일부,126.983533363501,37.5766481740232,,https://culture.seoul.go.kr/cmmn/file/getImage.do?atchFileId=36124f9be563428e8d2635a4078fd319&thumb=Y,https://culture.seoul.go.kr/culture/culture/cultureEvent/view.do?cultcode=157607&menuNo=200009,
2026-05-12T10:05:40.070820+09:00,북촌한옥마을,북촌한옥마을,POI066,KEY_3,[갤러리지우헌] 허상욱 개인전: 분청 마음,2026-05-06~2026-06-03,갤러리 지우헌,126.982999426985,37.5833833879584,,https://culture.seoul.go.kr/cmmn/file/getImage.do?atchFileId=cbdadfe6623e471d8e41a958828bab71&thumb=Y,https://culture.seoul.go.kr/culture/culture/cultureEvent/view.do?cultcode=157715&menuNo=200009,전시 오프닝은 5월 6일 오후 4시에 진행되며， 작가가 직접 작품을 소개하는 자리가 마련될 예정이다. 행사에는 100년 전통 ㈜지평주조의 ‘지평탁주’가 함께 제공됩니다.
2026-05-12T10:05:40.070820+09:00,북촌한옥마을,북촌한옥마을,POI066,KEY_3,[서울공예박물관] 공예협력전시 [안동별궁， 시간의 겹],2026-04-28~2027-08-29,서울공예박물관 전시1동 3층 기획전시실,126.983533363501,37.5766481740232,N,https://culture.seoul.go.kr/cmmn/file/getImage.do?atchFileId=a1622fcb6e024123ac90f40cdc8e32fd&thumb=Y,https://culture.seoul.go.kr/culture/culture/cultureEvent/view.do?cultcode=157420&menuNo=200009,
2026-05-12T10:05:40.070820+09:00,북촌한옥마을,북촌한옥마을,POI066,KEY_3,[서울공예박물관] 한불수교 140주년 기념전시 [더 하이브리드],2026-04-28~2026-07-26,서울공예박물관 전시1동 3층 기획전시실,126.983533363501,37.5766481740232,N,https://culture.seoul.go.kr/cmmn/file/getImage.do?atchFileId=aaaf677cdfac468db6f5c9e13fd397ad&thumb=Y,https://culture.seoul.go.kr/culture/culture/cultureEvent/view.do?cultcode=157211&menuNo=200009,
2026-05-12T10:05:40.070820+09:00,북촌한옥마을,북촌한옥마을,POI066,KEY_3,[서울공예박물관] 공예동행@쇼윈도 #2. 빛의 흐름 The Flow of Light,2026-04-08~2026-05-31,전시3동 1층 쇼윈도 갤러리,126.983533363501,37.5766481740232,,https://culture.seoul.go.kr/cmmn/file/getImage.do?atchFileId=d813307c6065486caf69b2ad498a0e61&thumb=Y,https://culture.seoul.go.kr/culture/culture/cultureEvent/view.do?cultcode=157354&menuNo=200009,
2026-05-12T10:05:40.070820+09:00,북촌한옥마을,북촌한옥마을,POI066,KEY_3,스펙트로신테시스 서울 Spectrosynthesis Seoul,2026-03-20~2026-06-28,아트선재센터,126.981839239613,37.5794635323506,,https://culture.seoul.go.kr/cmmn/file/getImage.do?atchFileId=1bbb87d0d71243b996db22604e96a261&thumb=Y,https://culture.seoul.go.kr/culture/culture/cultureEvent/view.do?cultcode=157262&menuNo=200009,
2026-05-12T10:05:40.070820+09:00,서촌,서촌,POI067,KEY_1,[서울생활문화센터 체부] 체부작업展 [선 위에 머무는 마음],2026-04-28~2026-06-30,윈도우 갤러리， 금오재 마실,126.97148941423,37.5767084987432,,https://culture.seoul.go.kr/cmmn/file/getImage.do?atchFileId=b51cfd4f38d64d21be656e622812b5cb&thumb=Y,https://culture.seoul.go.kr/culture/culture/cultureEvent/view.do?cultcode=157790&menuNo=200009,
2026-05-12T10:05:40.070820+09:00,서촌,서촌,POI067,KEY_1,[종로문화재단] 금빛으로 지은 옷을 여미다,2025-12-16~2026-06-26,배화여자대학교 도서관 1층 전통문화전시실,126.967291871532,37.5795440101952,,https://culture.seoul.go.kr/cmmn/file/getImage.do?atchFileId=dc73759daf4e460fb1b9184a298f8c43&thumb=Y,https://culture.seoul.go.kr/culture/culture/cultureEvent/view.do?cultcode=156309&menuNo=200009,
2026-05-12T10:05:40.070820+09:00,서촌,서촌,POI067,KEY_1,[종로문화재단] 박노수미술관 개관12주년 기념전시 [산수·격물],2025-09-19~2026-12-06,종로구립 박노수미술관,126.966818545949,37.5813191962491,,https://culture.seoul.go.kr/cmmn/file/getImage.do?atchFileId=b3d1bbb9284b4b97bda71e967e5bb5a9&thumb=Y,https://culture.seoul.go.kr/culture/culture/cultureEvent/view.do?cultcode=155699&menuNo=200009,
2026-05-12T10:05:40.070820+09:00,인사동,인사동,POI078,KEY_3,[운현궁] 2026 기획 전시 [단청이 스며든 자리],2026-05-12~2026-05-17,운현궁 기획전시실,126.98708335796199,37.57607864675475,,https://culture.seoul.go.kr/cmmn/file/getImage.do?atchFileId=9fa80cafef594ba095f0682cd4cb8032&thumb=Y,https://culture.seoul.go.kr/culture/culture/cultureEvent/view.do?cultcode=157805&menuNo=200009,
2026-05-12T10:05:40.070820+09:00,인사동,인사동,POI078,KEY_3,[서울무형유산교육전시장] 2026년 운현궁에서 배우는 전통매듭 체험 모집,2026-05-06~2026-05-27,운현궁 이로당,126.98708335796199,37.57607864675475,,https://culture.seoul.go.kr/cmmn/file/getImage.do?atchFileId=d9f7c6b35e4b444dab781fe2fd07b841&thumb=Y,https://culture.seoul.go.kr/culture/culture/cultureEvent/view.do?cultcode=157558&menuNo=200011,
2026-05-12T10:05:40.070820+09:00,인사동,인사동,POI078,KEY_3,[노화랑] 기획전 [IN PINK],2026-04-23~2026-05-14,노화랑 1， 2층 전시장,126.984085733694,37.5748603162364,N,https://culture.seoul.go.kr/cmmn/file/getImage.do?atchFileId=813a89fb33224ca9b184a59c222a411b&thumb=Y,https://culture.seoul.go.kr/culture/culture/cultureEvent/view.do?cultcode=157488&menuNo=200009,
2026-05-12T10:05:40.070820+09:00,인사동,인사동,POI078,KEY_3,[서울우리소리박물관] 2026년 상반기 외국인 전통문화체험,2026-04-16~2026-05-14,서울우리소리박물관 상설전시실 및 교육실,126.989622047178,37.577157928122,,https://culture.seoul.go.kr/cmmn/file/getImage.do?atchFileId=183cd9e9b78549d098992df989c47096&thumb=Y,https://culture.seoul.go.kr/culture/culture/cultureEvent/view.do?cultcode=157200&menuNo=200011,
2026-05-12T10:05:40.070820+09:00,인사동,인사동,POI078,KEY_3,[운현궁] 2026 서울 운현궁 예절교실,2026-04-01~2026-06-12,운현궁 이로당， 노락당,126.98708335796199,37.57607864675475,,https://culture.seoul.go.kr/cmmn/file/getImage.do?atchFileId=48bfe53ae79b43ffa93809a0bea94372&thumb=Y,https://culture.seoul.go.kr/culture/culture/cultureEvent/view.do?cultcode=156901&menuNo=200011,
2026-05-12T10:05:40.070820+09:00,인사동,인사동,POI078,KEY_3,[서울생활문화센터 낙원] 초보기타 교실 추가모집 / 색소폰 교실 & 클리닉,2026-03-18~2026-06-24,서울생활문화센터 낙원 5번 안내실,126.987902476529,37.5727635233966,,https://culture.seoul.go.kr/cmmn/file/getImage.do?atchFileId=19019906a68a46efbe0ae1c1d60984bd&thumb=Y,https://culture.seoul.go.kr/culture/culture/cultureEvent/view.do?cultcode=156978&menuNo=200011,
2026-05-12T10:05:40.070820+09:00,인사동,인사동,POI078,KEY_3,[서울우리소리박물관] 2026 자율학습 프로그램 [우리소리 친구들],2026-02-09~2026-12-31,누마루 또는 교육실,126.989622047178,37.577157928122,,https://culture.seoul.go.kr/cmmn/file/getImage.do?atchFileId=94d1c28647de4daf8f612b8fe830a020&thumb=Y,https://culture.seoul.go.kr/culture/culture/cultureEvent/view.do?cultcode=156746&menuNo=200011,
2026-05-12T10:05:40.070820+09:00,인사동,인사동,POI078,KEY_3,[서울우리소리박물관] 2025 서울우리소리박물관 기획전 [한강， 소리로 흐르다],2025-06-19~2026-05-28,서울우리소리박물관 기획전시실,126.989622047178,37.577157928122,,https://culture.seoul.go.kr/cmmn/file/getImage.do?atchFileId=6cbae2fb2066497e9499c66996d2aad8&thumb=Y,https://culture.seoul.go.kr/culture/culture/cultureEvent/view.do?cultcode=154089&menuNo=200009,
2026-05-12T10:05:40.070820+09:00,창동 신경제 중심지,창동 신경제 중심지,POI079,KEY_2,[서울시립 사진미술관] 어린이를 위한 감상교육 [미술관 탐험],2026-05-02~2026-06-13,서울시립 사진미술관 전시실 및 1교육실,127.048947814686,37.6555150225578,,https://culture.seoul.go.kr/cmmn/file/getImage.do?atchFileId=3b060851bfe0447fa662c416d69083b5&thumb=Y,https://culture.seoul.go.kr/culture/culture/cultureEvent/view.do?cultcode=157761&menuNo=200011,
2026-05-12T10:05:40.070820+09:00,창동 신경제 중심지,창동 신경제 중심지,POI079,KEY_2,[서울시립 사진미술관] 2026 서울사진축제 : 미술관 속 영화관 [진과 세계 사이에서],2026-04-24~2026-05-29,서울시립 사진미술관 2층 영상홀,127.048947814686,37.6555150225578,,https://culture.seoul.go.kr/cmmn/file/getImage.do?atchFileId=7938fe59e75e4986abeeaa7b0d1b15a9&thumb=Y,https://culture.seoul.go.kr/culture/culture/cultureEvent/view.do?cultcode=157489&menuNo=200013,
2026-05-12T10:05:40.070820+09:00,창동 신경제 중심지,창동 신경제 중심지,POI079,KEY_2,[서울시립 사진미술관] 2026 서울사진축제 : 포토라이브러리 워크숍 [일요일의 독서클럽],2026-04-12~2026-06-07,2층 영상홀， 4층 포토라이브러리,127.048947814686,37.6555150225578,,https://culture.seoul.go.kr/cmmn/file/getImage.do?atchFileId=498300d2f5194d3b8fd3d736e7cb345f&thumb=Y,https://culture.seoul.go.kr/culture/culture/cultureEvent/view.do?cultcode=157487&menuNo=200011,
2026-05-12T10:05:40.070820+09:00,창동 신경제 중심지,창동 신경제 중심지,POI079,KEY_2,[서울시립 사진미술관] 2026 서울사진축제 : Photo SeMA 기획서가 [모두를 위한 사진책],2026-04-09~2026-07-05,서울시립 사진미술관 4층 포토라이브러리,127.048947814686,37.6555150225578,,https://culture.seoul.go.kr/cmmn/file/getImage.do?atchFileId=65ddc38604e4492b869a6d972a08ec81&thumb=Y,https://culture.seoul.go.kr/culture/culture/cultureEvent/view.do?cultcode=157578&menuNo=200009,
2026-05-12T10:05:40.070820+09:00,창동 신경제 중심지,창동 신경제 중심지,POI079,KEY_2,[서울시립 사진미술관] 2026 서울사진축제 : 아티스트 토크 [작가의 방],2026-04-09~2026-06-14,서울시립 사진미술관 2층  영상홀,127.048947814686,37.6555150225578,,https://culture.seoul.go.kr/cmmn/file/getImage.do?atchFileId=20a62cd7a4a5468a905848cae3284ff6&thumb=Y,https://culture.seoul.go.kr/culture/culture/cultureEvent/view.do?cultcode=157475&menuNo=200009,
2026-05-12T10:05:40.070820+09:00,창동 신경제 중심지,창동 신경제 중심지,POI079,KEY_2,[서울시립 사진미술관] 2026 서울사진축제 [서울 사진 산책],2026-04-09~2026-06-14,서울 시내 24개소 문화공간 / 외부 별도 장소,127.048947814686,37.6555150225578,,https://culture.seoul.go.kr/cmmn/file/getImage.do?atchFileId=10e7f9cf6cd94078a47d5e519a4b6e7f&thumb=Y,https://culture.seoul.go.kr/culture/culture/cultureEvent/view.do?cultcode=157349&menuNo=200009,
2026-05-12T10:05:40.070820+09:00,창동 신경제 중심지,창동 신경제 중심지,POI079,KEY_2,[서울시립 사진미술관] 서울사진축제 《컴백홈》,2026-04-09~2026-06-14,서울시립 사진미술관,127.048947814686,37.6555150225578,,https://culture.seoul.go.kr/cmmn/file/getImage.do?atchFileId=c4c9d45245364ab48711d6ccbeb9e699&thumb=Y,https://culture.seoul.go.kr/culture/culture/cultureEvent/view.do?cultcode=157269&menuNo=200009,
2026-05-12T10:05:40.070820+09:00,창동 신경제 중심지,창동 신경제 중심지,POI079,KEY_2,[서울시립 사진미술관] 포토 디스커버리 프로젝트 《사진집》,2026-03-18~2026-06-14,서울시립 사진미술관 1층 로비,127.048947814686,37.6555150225578,,https://culture.seoul.go.kr/cmmn/file/getImage.do?atchFileId=0f7936d9f2d94354a36657010b418fbb&thumb=Y,https://culture.seoul.go.kr/culture/culture/cultureEvent/view.do?cultcode=157141&menuNo=200009,
2026-05-12T10:05:40.070820+09:00,DDP(동대문디자인플라자),DDP(동대문디자인플라자),POI083,KEY_3,김영준 x 요시다 유니 기획전 Face to face,2026-05-07~2026-06-07,DDP 이간수문전시장,127.00977973484339,37.56735731522952,,https://culture.seoul.go.kr/cmmn/file/getImage.do?atchFileId=2e699755a39b40619ddea53a22e59ef4&thumb=Y,https://culture.seoul.go.kr/culture/culture/cultureEvent/view.do?cultcode=157672&menuNo=200009,
2026-05-12T10:05:40.070820+09:00,DDP(동대문디자인플라자),DDP(동대문디자인플라자),POI083,KEY_3,Let Dreams Shine! [베베핀 드림랜드],2026-05-01~2026-05-31,동대문디자인플라자 디자인랩1층 DDP쇼룸,127.00977973484339,37.56735731522952,,https://culture.seoul.go.kr/cmmn/file/getImage.do?atchFileId=b578b0a0e4724a718dff9fbd6ca77cbc&thumb=Y,https://culture.seoul.go.kr/culture/culture/cultureEvent/view.do?cultcode=157641&menuNo=200011,
2026-05-12T10:05:40.070820+09:00,DDP(동대문디자인플라자),DDP(동대문디자인플라자),POI083,KEY_3,DDPlay 버스킹 5월 공연 안내,2026-05-01~2026-05-31,DDP 어울림광장， 팔거리,127.00977973484339,37.56735731522952,,https://culture.seoul.go.kr/cmmn/file/getImage.do?atchFileId=06255b5f16c1435a95ddf9214cbe8d86&thumb=Y,https://culture.seoul.go.kr/culture/culture/cultureEvent/view.do?cultcode=157546&menuNo=200008,
2026-05-12T10:05:40.070820+09:00,DDP(동대문디자인플라자),DDP(동대문디자인플라자),POI083,KEY_3,[서울디자인재단] 키크니 특별전 : 그렸고 그런 사이,2026-04-25~2026-09-06,뮤지엄 전시1관,127.00977973484339,37.56735731522952,,https://culture.seoul.go.kr/cmmn/file/getImage.do?atchFileId=5b5e3f16b605439ea83b1ecf8d5ce8b8&thumb=Y,https://culture.seoul.go.kr/culture/culture/cultureEvent/view.do?cultcode=157351&menuNo=200009,
2026-05-12T10:05:40.070820+09:00,DDP(동대문디자인플라자),DDP(동대문디자인플라자),POI083,KEY_3,이상한 K-뷰티 : 엄마의 서랍장,2026-04-10~2026-06-10,DDP 마켓 B2F 비더비 다운타운,127.00977973484339,37.56735731522952,,https://culture.seoul.go.kr/cmmn/file/getImage.do?atchFileId=e187f20c0b5d4e7ebcbff38d8f60b63e&thumb=Y,https://culture.seoul.go.kr/culture/culture/cultureEvent/view.do?cultcode=157606&menuNo=200009,
2026-05-12T10:05:40.070820+09:00,DDP(동대문디자인플라자),DDP(동대문디자인플라자),POI083,KEY_3,[서울디자인재단] DDP 루프탑 투어_2026,2026-03-21~2026-05-31,DDP 뮤지엄 1층(M3 출입문) 투어 데스크 (시작장소),127.00977973484339,37.56735731522952,,https://culture.seoul.go.kr/cmmn/file/getImage.do?atchFileId=973b28af071b405ea7f6eb7ab715abaa&thumb=Y,https://culture.seoul.go.kr/culture/culture/cultureEvent/view.do?cultcode=157428&menuNo=200011,
2026-05-12T10:05:40.070820+09:00,DDP(동대문디자인플라자),DDP(동대문디자인플라자),POI083,KEY_3,BtheB 뷰티기획전 [Beauty For All],2026-02-28~2026-06-07,DDP 지하2층 DDP마켓 비더비,127.00977973484339,37.56735731522952,,https://culture.seoul.go.kr/cmmn/file/getImage.do?atchFileId=5209bf1d22f345568a88cce60bbc8688&thumb=Y,https://culture.seoul.go.kr/culture/culture/cultureEvent/view.do?cultcode=156852&menuNo=200009,
2026-05-12T10:05:40.070820+09:00,DDP(동대문디자인플라자),DDP(동대문디자인플라자),POI083,KEY_3,[DDP] Dream in Light,2026-01-09~2026-12-31,DDP 전면， 유구전시장 앞， 미래로 상부,127.00977973484339,37.56735731522952,,https://culture.seoul.go.kr/cmmn/file/getImage.do?atchFileId=bfa59aa56eed4af8b441d88bad873037&thumb=Y,https://culture.seoul.go.kr/culture/culture/cultureEvent/view.do?cultcode=156491&menuNo=200009,
2026-05-12T10:05:40.070820+09:00,DDP(동대문디자인플라자),DDP(동대문디자인플라자),POI083,KEY_3,[서울디자인재단] DDP 건축투어,2026-01-02~2026-12-31,DDP 뮤지엄 1층 투어데스크,127.00977973484339,37.56735731522952,N,https://culture.seoul.go.kr/cmmn/file/getImage.do?atchFileId=47da849abe944ec9b7dedaf1ab283714&thumb=Y,https://culture.seoul.go.kr/culture/culture/cultureEvent/view.do?cultcode=156552&menuNo=200009,
2026-05-12T10:05:40.070820+09:00,서울식물원·마곡나루역,서울식물원·마곡나루역,POI032,KEY_1,[서울식물원] 2026 낭만수국전 HYDRANGEA SHOW,2026-05-02~2026-05-31,서울식물원 전시온실 지중해관,126.83500723721524,37.569657094189104,,https://culture.seoul.go.kr/cmmn/file/getImage.do?atchFileId=969c3a5bc5694862bdd4688ca678571d&thumb=Y,https://culture.seoul.go.kr/culture/culture/cultureEvent/view.do?cultcode=157795&menuNo=200009,
2026-05-12T10:05:40.070820+09:00,서울식물원·마곡나루역,서울식물원·마곡나루역,POI032,KEY_1,[서울식물원] 주제정원 봄 전시 [봄빛 정원: 땅에서 피어난 봄빛],2026-04-15~2026-05-31,서울식물원 주제정원 내 계류 주변,126.83500723721524,37.569657094189104,,https://culture.seoul.go.kr/cmmn/file/getImage.do?atchFileId=adfdc93640c946a29acdc8d12802f793&thumb=Y,https://culture.seoul.go.kr/culture/culture/cultureEvent/view.do?cultcode=157582&menuNo=200009,
2026-05-12T10:05:40.070820+09:00,서울식물원·마곡나루역,서울식물원·마곡나루역,POI032,KEY_1,[서울식물원] 2025년 서울식물원 기획 전시 [우리들의 자연， 행성적 공존],2025-05-27~2026-05-24,식물문화센터 프로젝트홀2， 주제원， 온실,126.83500723721524,37.569657094189104,,https://culture.seoul.go.kr/cmmn/file/getImage.do?atchFileId=e0d57fc6ab4046209bdf34ab6ac41c98&thumb=Y,https://culture.seoul.go.kr/culture/culture/cultureEvent/view.do?cultcode=153826&menuNo=200009,
2026-05-12T10:05:40.070820+09:00,시의회 앞,시의회 앞,POI130,KEY_1,[서울도서관] 2026년 서울야외도서관 (책읽는 서울광장， 광화문 책마당， 책읽는 맑은 냇가),2026-04-23~2026-11-01,서울광장， 광화문 광장， 청계천 일대,126.97769782752,37.5653338689441,N,https://culture.seoul.go.kr/cmmn/file/getImage.do?atchFileId=57da07b01aed40ad984d40559a42ae61&thumb=Y,https://culture.seoul.go.kr/culture/culture/cultureEvent/view.do?cultcode=156879&menuNo=200010,
2026-05-12T10:05:40.070820+09:00,시의회 앞,시의회 앞,POI130,KEY_1,기.기.기(奇.己.氣): 동시대와 시행착오,2026-04-01~2026-05-31,일민미술관,126.977657083792,37.5698677620456,,https://culture.seoul.go.kr/cmmn/file/getImage.do?atchFileId=6e05d79e4d0e4358b3eae2df5081eb13&thumb=Y,https://culture.seoul.go.kr/culture/culture/cultureEvent/view.do?cultcode=157256&menuNo=200009,
2026-05-12T10:05:40.070820+09:00,혜화역,혜화역,POI054,KEY_2,[서울시지원/ 전액무료] AI 인사이트 공연문화콘텐츠 기획,2026-05-12~2026-08-06,종로여성인력개발센터,127.000418097935,37.5820587995429,,https://culture.seoul.go.kr/cmmn/file/getImage.do?atchFileId=3b2807c6e1ad415cbebce23402b0251a&thumb=Y,https://culture.seoul.go.kr/culture/culture/cultureEvent/view.do?cultcode=157366&menuNo=200011,
2026-05-12T10:05:40.070820+09:00,혜화역,혜화역,POI054,KEY_2,연극 [운베난트],2026-03-27~2026-06-07,예스24스테이지 3관,127.003160727291,37.5827488289051,,https://culture.seoul.go.kr/cmmn/file/getImage.do?atchFileId=b22d720f5efc44dda84da2606b0e5f75&thumb=Y,https://culture.seoul.go.kr/culture/culture/cultureEvent/view.do?cultcode=157115&menuNo=200008,
2026-05-12T10:05:40.070820+09:00,혜화역,혜화역,POI054,KEY_2,[종로여성인력개발센터] AI 파워드 문화·예술 프로젝트 기획 실무 마스터 실무 마스터,2026-03-18~2026-06-23,종로여성인력개발센터,127.000418097935,37.5820587995429,,https://culture.seoul.go.kr/cmmn/file/getImage.do?atchFileId=f824d3bddc6d4c239ee2e5611e22870a&thumb=Y,https://culture.seoul.go.kr/culture/culture/cultureEvent/view.do?cultcode=156487&menuNo=200011,
2026-05-12T12:20:41.585376+09:00,경복궁,경복궁,POI008,KEY_1,[경복궁] 2026 생과방(상반기),2026-04-08~2026-05-27,경복궁 생과방,126.976842133821,37.5759040910202,,https://culture.seoul.go.kr/cmmn/file/getImage.do?atchFileId=4864144c5a084ea4a1228924afe585e6&thumb=Y,https://culture.seoul.go.kr/culture/culture/cultureEvent/view.do?cultcode=157368&menuNo=200011,
2026-05-12T12:20:41.585376+09:00,경복궁,경복궁,POI008,KEY_1,2026년 집옥재(팔우정 포함) 작은 도서관 개방,2026-04-01~2026-10-31,경복궁 집옥재·팔우정,126.976842133821,37.5759040910202,,https://culture.seoul.go.kr/cmmn/file/getImage.do?atchFileId=d70525e916b548cda13443c9e10190f3&thumb=Y,https://culture.seoul.go.kr/culture/culture/cultureEvent/view.do?cultcode=157383&menuNo=200011,
2026-05-12T12:20:41.585376+09:00,경복궁,경복궁,POI008,KEY_1,2026년 경복궁 [경회루·향원정] 특별관람,2026-04-01~2026-10-30,경복궁 경회루·향원정,126.976842133821,37.5759040910202,,https://culture.seoul.go.kr/cmmn/file/getImage.do?atchFileId=37630da9c19349fbac8494e92e5c64d8&thumb=Y,https://culture.seoul.go.kr/culture/culture/cultureEvent/view.do?cultcode=157389&menuNo=200011,
2026-05-12T12:20:41.585376+09:00,경복궁,경복궁,POI008,KEY_1,[국가유산청 궁능유적본부] 수문장 순라의식,2026-03-01~2026-11-29,(토요일)경복궁 내부 (일요일， 공휴일)인사동 문화의 거리,126.976842133821,37.5759040910202,,https://culture.seoul.go.kr/cmmn/file/getImage.do?atchFileId=923de3d9169e463b9c8098a8e132be38&thumb=Y,https://culture.seoul.go.kr/culture/culture/cultureEvent/view.do?cultcode=156996&menuNo=200013,
2026-05-12T12:20:41.585376+09:00,광화문·덕수궁,광화문·덕수궁,POI009,KEY_2,빛과 어둠의 경계에서,2026-05-02~2026-05-25,세종문화회관 세종S씨어터,126.9760053,37.5726241,,https://culture.seoul.go.kr/cmmn/file/getImage.do?atchFileId=0eeea492c11e4eb7816334e58cfeb6ce&thumb=Y,https://culture.seoul.go.kr/culture/culture/cultureEvent/view.do?cultcode=157335&menuNo=200008,
2026-05-12T12:20:41.585376+09:00,광화문·덕수궁,광화문·덕수궁,POI009,KEY_2,[서울도서관] 2026년 서울야외도서관 (책읽는 서울광장， 광화문 책마당， 책읽는 맑은 냇가),2026-04-23~2026-11-01,서울광장， 광화문 광장， 청계천 일대,126.97769782752,37.5653338689441,N,https://culture.seoul.go.kr/cmmn/file/getImage.do?atchFileId=57da07b01aed40ad984d40559a42ae61&thumb=Y,https://culture.seoul.go.kr/culture/culture/cultureEvent/view.do?cultcode=156879&menuNo=200010,
2026-05-12T12:20:41.585376+09:00,광화문·덕수궁,광화문·덕수궁,POI009,KEY_2,2026 의정부지 역사유적광장 전통무예행사,2026-04-11~2026-10-31,의정부지 역사유적광장,126.977967142855,37.5748036513699,,https://culture.seoul.go.kr/cmmn/file/getImage.do?atchFileId=628a9bae996a407bbfee67752dd508db&thumb=Y,https://culture.seoul.go.kr/culture/culture/cultureEvent/view.do?cultcode=157327&menuNo=200010,
2026-05-12T12:20:41.585376+09:00,광화문·덕수궁,광화문·덕수궁,POI009,KEY_2,2026 아뜰리에 광화 봄 전시 [피어나는 빛],2026-04-11~2026-06-19,세종문화회관 외벽 미디어파사드,126.9760053,37.5726241,,https://culture.seoul.go.kr/cmmn/file/getImage.do?atchFileId=196d7f704d5646a2bb4bb40523a8c4aa&thumb=Y,https://culture.seoul.go.kr/culture/culture/cultureEvent/view.do?cultcode=157432&menuNo=200009,
2026-05-12T12:20:41.585376+09:00,광화문·덕수궁,광화문·덕수궁,POI009,KEY_2,2026 해치마당 미디어월 봄 전시,2026-04-10~2026-06-19,광화문 역 9번출구 진입로 벽면 해치마당 미디어월,126.976787992565,37.5716228232824,,https://culture.seoul.go.kr/cmmn/file/getImage.do?atchFileId=ac862f94f21744ec8092ccc4372c0539&thumb=Y,https://culture.seoul.go.kr/culture/culture/cultureEvent/view.do?cultcode=157787&menuNo=200009,
2026-05-12T12:20:41.585376+09:00,광화문·덕수궁,광화문·덕수궁,POI009,KEY_2,[경복궁] 2026 생과방(상반기),2026-04-08~2026-05-27,경복궁 생과방,126.976842133821,37.5759040910202,,https://culture.seoul.go.kr/cmmn/file/getImage.do?atchFileId=4864144c5a084ea4a1228924afe585e6&thumb=Y,https://culture.seoul.go.kr/culture/culture/cultureEvent/view.do?cultcode=157368&menuNo=200011,
2026-05-12T12:20:41.585376+09:00,광화문·덕수궁,광화문·덕수궁,POI009,KEY_2,[덕수궁] 2026 밤의 석조전(상반기),2026-04-08~2026-05-17,덕수궁 석조전 일원,126.974461639777,37.5677154464989,,https://culture.seoul.go.kr/cmmn/file/getImage.do?atchFileId=cc6179c75f1547b2b72e2a3cca26b6da&thumb=Y,https://culture.seoul.go.kr/culture/culture/cultureEvent/view.do?cultcode=157365&menuNo=200010,
2026-05-12T12:20:41.585376+09:00,광화문·덕수궁,광화문·덕수궁,POI009,KEY_2,2026년 집옥재(팔우정 포함) 작은 도서관 개방,2026-04-01~2026-10-31,경복궁 집옥재·팔우정,126.976842133821,37.5759040910202,,https://culture.seoul.go.kr/cmmn/file/getImage.do?atchFileId=d70525e916b548cda13443c9e10190f3&thumb=Y,https://culture.seoul.go.kr/culture/culture/cultureEvent/view.do?cultcode=157383&menuNo=200011,
2026-05-12T12:20:41.585376+09:00,광화문·덕수궁,광화문·덕수궁,POI009,KEY_2,2026년 경복궁 [경회루·향원정] 특별관람,2026-04-01~2026-10-30,경복궁 경회루·향원정,126.976842133821,37.5759040910202,,https://culture.seoul.go.kr/cmmn/file/getImage.do?atchFileId=37630da9c19349fbac8494e92e5c64d8&thumb=Y,https://culture.seoul.go.kr/culture/culture/cultureEvent/view.do?cultcode=157389&menuNo=200011,
2026-05-12T12:20:41.585376+09:00,광화문·덕수궁,광화문·덕수궁,POI009,KEY_2,기.기.기(奇.己.氣): 동시대와 시행착오,2026-04-01~2026-05-31,일민미술관,126.977657083792,37.5698677620456,,https://culture.seoul.go.kr/cmmn/file/getImage.do?atchFileId=6e05d79e4d0e4358b3eae2df5081eb13&thumb=Y,https://culture.seoul.go.kr/culture/culture/cultureEvent/view.do?cultcode=157256&menuNo=200009,
2026-05-12T12:20:41.585376+09:00,광화문·덕수궁,광화문·덕수궁,POI009,KEY_2,[세종문화회관] 세종예술아카데미 [정승빈 작가] 스테들러와 함께하는 여행드로잉 클래스,2026-03-31~2026-09-15,세종예술아카데미 스퀘어홀,126.9760053,37.5726241,,https://culture.seoul.go.kr/cmmn/file/getImage.do?atchFileId=a0247bcdf4484818baaca748c977391f&thumb=Y,https://culture.seoul.go.kr/culture/culture/cultureEvent/view.do?cultcode=157026&menuNo=200011,
2026-05-12T12:20:41.585376+09:00,광화문·덕수궁,광화문·덕수궁,POI009,KEY_2,[세종문화회관] 세종예술아카데미 [박인홍 작가] 스테들러와 함께하는 여행드로잉 클래스,2026-03-31~2026-08-31,세종예술아카데미 스퀘어홀,126.9760053,37.5726241,,https://culture.seoul.go.kr/cmmn/file/getImage.do?atchFileId=c9b88469d8f0468e960f00b0e5b0785d&thumb=Y,https://culture.seoul.go.kr/culture/culture/cultureEvent/view.do?cultcode=157025&menuNo=200011,
2026-05-12T12:20:41.585376+09:00,광화문·덕수궁,광화문·덕수궁,POI009,KEY_2,[세종문화회관] 세종예술아카데미 [그레이스 발레 (성인 취미 발레)],2026-03-30~2026-06-29,세종문화회관 예술동 4층 종합연습실,126.9760053,37.5726241,,https://culture.seoul.go.kr/cmmn/file/getImage.do?atchFileId=8b685870654e4cd78bf509ea783f7748&thumb=Y,https://culture.seoul.go.kr/culture/culture/cultureEvent/view.do?cultcode=156885&menuNo=200011,.
2026-05-12T12:20:41.585376+09:00,광화문·덕수궁,광화문·덕수궁,POI009,KEY_2,[세종문화회관] 세종예술아카데미 [정연석 작가] 스테들러와 함께하는 여행드로잉 클래스,2026-03-28~2026-09-05,세종예술아카데미 스퀘어홀,126.9760053,37.5726241,,https://culture.seoul.go.kr/cmmn/file/getImage.do?atchFileId=df2237ca7f754d009407bc3321cae86f&thumb=Y,https://culture.seoul.go.kr/culture/culture/cultureEvent/view.do?cultcode=157028&menuNo=200011,
2026-05-12T12:20:41.585376+09:00,광화문·덕수궁,광화문·덕수궁,POI009,KEY_2,[세종문화회관] 세종예술아카데미 [이승익 작가] 스테들러와 함께하는 여행드로잉 클래스,2026-03-28~2026-08-29,세종예술아카데미 스퀘어홀,126.9760053,37.5726241,,https://culture.seoul.go.kr/cmmn/file/getImage.do?atchFileId=09ebfb8dbbcf453e86aadfe529b90ff8&thumb=Y,https://culture.seoul.go.kr/culture/culture/cultureEvent/view.do?cultcode=157027&menuNo=200011,
2026-05-12T12:20:41.585376+09:00,광화문·덕수궁,광화문·덕수궁,POI009,KEY_2,[세종문화회관] 2026 상반기 세종 어린이 발레 아카데미,2026-03-28~2026-06-27,세종문화회관 예술동 4층 종합연습실,126.9760053,37.5726241,,https://culture.seoul.go.kr/cmmn/file/getImage.do?atchFileId=b47ad1471d3d428a9482934f7b03787f&thumb=Y,https://culture.seoul.go.kr/culture/culture/cultureEvent/view.do?cultcode=157104&menuNo=200011,
2026-05-12T12:20:41.585376+09:00,광화문·덕수궁,광화문·덕수궁,POI009,KEY_2,[세종문화회관] 세종예술아카데미 [이야기가 있는 클래식],2026-03-19~2026-05-28,세종문화회관 서클홀,126.9760053,37.5726241,,https://culture.seoul.go.kr/cmmn/file/getImage.do?atchFileId=0373af8e16694df8b923159a02ec0a2a&thumb=Y,https://culture.seoul.go.kr/culture/culture/cultureEvent/view.do?cultcode=156883&menuNo=200011,.
2026-05-12T12:20:41.585376+09:00,광화문·덕수궁,광화문·덕수궁,POI009,KEY_2,[세종문화회관] 세종예술아카데미 [미술사가 이 현의 전시와 함께보는 서양 미술사 - 바로크와 로코코],2026-03-19~2026-05-21,세종문화회관 서클홀,126.9760053,37.5726241,,https://culture.seoul.go.kr/cmmn/file/getImage.do?atchFileId=377ac3cd61d6416baa3b3f43a826b900&thumb=Y,https://culture.seoul.go.kr/culture/culture/cultureEvent/view.do?cultcode=156881&menuNo=200011,.
2026-05-12T12:20:41.585376+09:00,광화문·덕수궁,광화문·덕수궁,POI009,KEY_2,[세종문화회관] 세종예술아카데미 [클래식브런치],2026-03-18~2026-05-20,세종문화회관 서클홀,126.9760053,37.5726241,,https://culture.seoul.go.kr/cmmn/file/getImage.do?atchFileId=43b7fd7ecf2b44d1b7ba2ec25e6cc7a7&thumb=Y,https://culture.seoul.go.kr/culture/culture/cultureEvent/view.do?cultcode=156880&menuNo=200011,.
2026-05-12T12:20:41.585376+09:00,광화문·덕수궁,광화문·덕수궁,POI009,KEY_2,[세종문화회관] 세종예술아카데미 [히든보이스],2026-03-17~2026-06-30,세종문화회관 서클홀,126.9760053,37.5726241,,https://culture.seoul.go.kr/cmmn/file/getImage.do?atchFileId=96b505aa681348d48b661d248108f577&thumb=Y,https://culture.seoul.go.kr/culture/culture/cultureEvent/view.do?cultcode=156809&menuNo=200011,.
2026-05-12T12:20:41.585376+09:00,광화문·덕수궁,광화문·덕수궁,POI009,KEY_2,[세종문화회관] 세종예술아카데미 [2026 상반기 스포츠 in 아트스테이션],2026-03-16~2026-06-26,세종문화회관 오픈스테이지의 탁 트인 마루형 공간,126.9760053,37.5726241,,https://culture.seoul.go.kr/cmmn/file/getImage.do?atchFileId=16cb755c035e4ddc86c7cfbfa3654ca5&thumb=Y,https://culture.seoul.go.kr/culture/culture/cultureEvent/view.do?cultcode=157023&menuNo=200011,
2026-05-12T12:20:41.585376+09:00,광화문·덕수궁,광화문·덕수궁,POI009,KEY_2,[국가유산청 궁능유적본부] 수문장 순라의식,2026-03-01~2026-11-29,(토요일)경복궁 내부 (일요일， 공휴일)인사동 문화의 거리,126.976842133821,37.5759040910202,,https://culture.seoul.go.kr/cmmn/file/getImage.do?atchFileId=923de3d9169e463b9c8098a8e132be38&thumb=Y,https://culture.seoul.go.kr/culture/culture/cultureEvent/view.do?cultcode=156996&menuNo=200013,
2026-05-12T12:20:41.585376+09:00,광화문·덕수궁,광화문·덕수궁,POI009,KEY_2,[서울시] 2026년 서울청년문화패스 신청자 모집,2025-12-22~2026-12-31,온라인 접수,126.97860700965403,37.56672958991572,,https://culture.seoul.go.kr/cmmn/file/getImage.do?atchFileId=24931799627a43ea9e2b4960b00c9c4f&thumb=Y,https://culture.seoul.go.kr/culture/culture/cultureEvent/view.do?cultcode=156277&menuNo=200013,
2026-05-12T12:20:41.585376+09:00,창덕궁·종묘,창덕궁·종묘,POI012,KEY_2,2026년 창경궁 야연(상반기),2026-05-07~2026-05-17,창경궁 문정전 일원,126.993841430623,37.5776239475981,,https://culture.seoul.go.kr/cmmn/file/getImage.do?atchFileId=9e29ccf0743c49d0a4fb2c0ad10ffb9e&thumb=Y,https://culture.seoul.go.kr/culture/culture/cultureEvent/view.do?cultcode=157796&menuNo=200011,
2026-05-12T12:20:41.585376+09:00,창덕궁·종묘,창덕궁·종묘,POI012,KEY_2,2026년 창덕궁 달빛기행(상반기),2026-04-16~2026-05-31,창덕궁,126.989710338876,37.5788697347103,,https://culture.seoul.go.kr/cmmn/file/getImage.do?atchFileId=ff2504aca6df4f19a9a1a3f095c02178&thumb=Y,https://culture.seoul.go.kr/culture/culture/cultureEvent/view.do?cultcode=157394&menuNo=200011,
2026-05-12T12:20:41.585376+09:00,동대문 관광특구,동대문 관광특구,POI002,KEY_1,김영준 x 요시다 유니 기획전 Face to face,2026-05-07~2026-06-07,DDP 이간수문전시장,127.00977973484339,37.56735731522952,,https://culture.seoul.go.kr/cmmn/file/getImage.do?atchFileId=2e699755a39b40619ddea53a22e59ef4&thumb=Y,https://culture.seoul.go.kr/culture/culture/cultureEvent/view.do?cultcode=157672&menuNo=200009,
2026-05-12T12:20:41.585376+09:00,동대문 관광특구,동대문 관광특구,POI002,KEY_1,Let Dreams Shine! [베베핀 드림랜드],2026-05-01~2026-05-31,동대문디자인플라자 디자인랩1층 DDP쇼룸,127.00977973484339,37.56735731522952,,https://culture.seoul.go.kr/cmmn/file/getImage.do?atchFileId=b578b0a0e4724a718dff9fbd6ca77cbc&thumb=Y,https://culture.seoul.go.kr/culture/culture/cultureEvent/view.do?cultcode=157641&menuNo=200011,
2026-05-12T12:20:41.585376+09:00,동대문 관광특구,동대문 관광특구,POI002,KEY_1,DDPlay 버스킹 5월 공연 안내,2026-05-01~2026-05-31,DDP 어울림광장， 팔거리,127.00977973484339,37.56735731522952,,https://culture.seoul.go.kr/cmmn/file/getImage.do?atchFileId=06255b5f16c1435a95ddf9214cbe8d86&thumb=Y,https://culture.seoul.go.kr/culture/culture/cultureEvent/view.do?cultcode=157546&menuNo=200008,
2026-05-12T12:20:41.585376+09:00,동대문 관광특구,동대문 관광특구,POI002,KEY_1,[서울디자인재단] 키크니 특별전 : 그렸고 그런 사이,2026-04-25~2026-09-06,뮤지엄 전시1관,127.00977973484339,37.56735731522952,,https://culture.seoul.go.kr/cmmn/file/getImage.do?atchFileId=5b5e3f16b605439ea83b1ecf8d5ce8b8&thumb=Y,https://culture.seoul.go.kr/culture/culture/cultureEvent/view.do?cultcode=157351&menuNo=200009,
2026-05-12T12:20:41.585376+09:00,동대문 관광특구,동대문 관광특구,POI002,KEY_1,[중구문화재단] 뮤지컬 [스윙 데이즈_암호명 A],2026-04-16~2026-07-05,충무아트센터 대극장,127.014790889728,37.5659409687669,,https://culture.seoul.go.kr/cmmn/file/getImage.do?atchFileId=862c9a38b3b146358637293a4f2c8d30&thumb=Y,https://culture.seoul.go.kr/culture/culture/cultureEvent/view.do?cultcode=156673&menuNo=200008,
2026-05-12T12:20:41.585376+09:00,동대문 관광특구,동대문 관광특구,POI002,KEY_1,[서울시립미술관×중구문화재단] 협력전시 [SeMA Collection: 청록미로],2026-04-15~2026-05-17,충무아트센터 갤러리 G1,127.014790889728,37.5659409687669,,https://culture.seoul.go.kr/cmmn/file/getImage.do?atchFileId=cfa4043b588541618a1c45763ada3e23&thumb=Y,https://culture.seoul.go.kr/culture/culture/cultureEvent/view.do?cultcode=157621&menuNo=200009,
2026-05-12T12:20:41.585376+09:00,동대문 관광특구,동대문 관광특구,POI002,KEY_1,이상한 K-뷰티 : 엄마의 서랍장,2026-04-10~2026-06-10,DDP 마켓 B2F 비더비 다운타운,127.00977973484339,37.56735731522952,,https://culture.seoul.go.kr/cmmn/file/getImage.do?atchFileId=e187f20c0b5d4e7ebcbff38d8f60b63e&thumb=Y,https://culture.seoul.go.kr/culture/culture/cultureEvent/view.do?cultcode=157606&menuNo=200009,
2026-05-12T12:20:41.585376+09:00,동대문 관광특구,동대문 관광특구,POI002,KEY_1,[서울디자인재단] DDP 루프탑 투어_2026,2026-03-21~2026-05-31,DDP 뮤지엄 1층(M3 출입문) 투어 데스크 (시작장소),127.00977973484339,37.56735731522952,,https://culture.seoul.go.kr/cmmn/file/getImage.do?atchFileId=973b28af071b405ea7f6eb7ab715abaa&thumb=Y,https://culture.seoul.go.kr/culture/culture/cultureEvent/view.do?cultcode=157428&menuNo=200011,
2026-05-12T12:20:41.585376+09:00,동대문 관광특구,동대문 관광특구,POI002,KEY_1,BtheB 뷰티기획전 [Beauty For All],2026-02-28~2026-06-07,DDP 지하2층 DDP마켓 비더비,127.00977973484339,37.56735731522952,,https://culture.seoul.go.kr/cmmn/file/getImage.do?atchFileId=5209bf1d22f345568a88cce60bbc8688&thumb=Y,https://culture.seoul.go.kr/culture/culture/cultureEvent/view.do?cultcode=156852&menuNo=200009,
2026-05-12T12:20:41.585376+09:00,동대문 관광특구,동대문 관광특구,POI002,KEY_1,[중구문화재단] 뮤지컬 [홍련],2026-02-28~2026-05-17,충무아트센터 중극장 블랙,127.014790889728,37.5659409687669,,https://culture.seoul.go.kr/cmmn/file/getImage.do?atchFileId=e86257233f3b4d50bf436983435399eb&thumb=Y,https://culture.seoul.go.kr/culture/culture/cultureEvent/view.do?cultcode=156539&menuNo=200008,
2026-05-12T12:20:41.585376+09:00,동대문 관광특구,동대문 관광특구,POI002,KEY_1,[DDP] Dream in Light,2026-01-09~2026-12-31,DDP 전면， 유구전시장 앞， 미래로 상부,127.00977973484339,37.56735731522952,,https://culture.seoul.go.kr/cmmn/file/getImage.do?atchFileId=bfa59aa56eed4af8b441d88bad873037&thumb=Y,https://culture.seoul.go.kr/culture/culture/cultureEvent/view.do?cultcode=156491&menuNo=200009,
2026-05-12T12:20:41.585376+09:00,동대문 관광특구,동대문 관광특구,POI002,KEY_1,[서울디자인재단] DDP 건축투어,2026-01-02~2026-12-31,DDP 뮤지엄 1층 투어데스크,127.00977973484339,37.56735731522952,N,https://culture.seoul.go.kr/cmmn/file/getImage.do?atchFileId=47da849abe944ec9b7dedaf1ab283714&thumb=Y,https://culture.seoul.go.kr/culture/culture/cultureEvent/view.do?cultcode=156552&menuNo=200009,
2026-05-12T12:20:41.585376+09:00,명동 관광특구,명동 관광특구,POI003,KEY_2,[서울도서관] 2026년 서울야외도서관 (책읽는 서울광장， 광화문 책마당， 책읽는 맑은 냇가),2026-04-23~2026-11-01,서울광장， 광화문 광장， 청계천 일대,126.97769782752,37.5653338689441,N,https://culture.seoul.go.kr/cmmn/file/getImage.do?atchFileId=57da07b01aed40ad984d40559a42ae61&thumb=Y,https://culture.seoul.go.kr/culture/culture/cultureEvent/view.do?cultcode=156879&menuNo=200010,
2026-05-12T12:20:41.585376+09:00,명동 관광특구,명동 관광특구,POI003,KEY_2,2026 해치마당 미디어월 봄 전시,2026-04-10~2026-06-19,광화문 역 9번출구 진입로 벽면 해치마당 미디어월,126.976787992565,37.5716228232824,,https://culture.seoul.go.kr/cmmn/file/getImage.do?atchFileId=ac862f94f21744ec8092ccc4372c0539&thumb=Y,https://culture.seoul.go.kr/culture/culture/cultureEvent/view.do?cultcode=157787&menuNo=200009,
2026-05-12T12:20:41.585376+09:00,명동 관광특구,명동 관광특구,POI003,KEY_2,[서울시] 2026년 서울청년문화패스 신청자 모집,2025-12-22~2026-12-31,온라인 접수,126.97860700965403,37.56672958991572,,https://culture.seoul.go.kr/cmmn/file/getImage.do?atchFileId=24931799627a43ea9e2b4960b00c9c4f&thumb=Y,https://culture.seoul.go.kr/culture/culture/cultureEvent/view.do?cultcode=156277&menuNo=200013,
2026-05-12T12:20:41.585376+09:00,잠실 관광특구,잠실 관광특구,POI005,KEY_1,[한성백제박물관] 상반기 장애인 단체 대면 교육 [옛날옛날， 빛나는 백제 이야기],2026-05-12~2026-06-30,박물관 로비/교육실,127.12088940368128,37.51543881335773,,https://culture.seoul.go.kr/cmmn/file/getImage.do?atchFileId=58420146f27740e39e6ac91e88d71d70&thumb=Y,https://culture.seoul.go.kr/culture/culture/cultureEvent/view.do?cultcode=157690&menuNo=200011,
2026-05-12T12:20:41.585376+09:00,잠실 관광특구,잠실 관광특구,POI005,KEY_1,[서울백제어린이박물관] 초등 2-3학년 학급 대상 [어린이백제연구소2] 옛날 도구， 오늘날 도구 (도구의변천),2026-05-12~2026-06-10,서울백제어린이박물관(교육실， 전시실),127.124412,37.523991,,https://culture.seoul.go.kr/cmmn/file/getImage.do?atchFileId=85ede03678db4ee5a0adb99f465d78ff&thumb=Y,https://culture.seoul.go.kr/culture/culture/cultureEvent/view.do?cultcode=156836&menuNo=200011,
2026-05-12T12:20:41.585376+09:00,잠실 관광특구,잠실 관광특구,POI005,KEY_1,[한성백제박물관] 2026년 상반기 성인 대상 [서울 고대유적 탐방],2026-04-28~2026-06-11,한성백제박물관， 몽촌토성， 풍납동토성， 석촌동고분군 일대,127.12088940368128,37.51543881335773,,https://culture.seoul.go.kr/cmmn/file/getImage.do?atchFileId=3d89263b5e85481c894204ef7a05d20e&thumb=Y,https://culture.seoul.go.kr/culture/culture/cultureEvent/view.do?cultcode=157084&menuNo=200011,
2026-05-12T12:20:41.585376+09:00,잠실 관광특구,잠실 관광특구,POI005,KEY_1,[소마미술관] 조각이 꿈+틀 [올림픽조각체험프로젝트#02] 상설전,2026-04-17~2026-09-06,소마미술관 2관 상설전시실,127.118166964751,37.516920655117,,https://culture.seoul.go.kr/cmmn/file/getImage.do?atchFileId=c4ac3bd4533342b993b5ccfd5d42086c&thumb=Y,https://culture.seoul.go.kr/culture/culture/cultureEvent/view.do?cultcode=157117&menuNo=200009,
2026-05-12T12:20:41.585376+09:00,잠실 관광특구,잠실 관광특구,POI005,KEY_1,올림픽 조각체험 프로젝트#2 [조각이 꿈+틀],2026-04-17~2026-09-06,소마미술관,127.118166964751,37.516920655117,,https://culture.seoul.go.kr/cmmn/file/getImage.do?atchFileId=6825663978de46c192543240dfbb2185&thumb=Y,https://culture.seoul.go.kr/culture/culture/cultureEvent/view.do?cultcode=157318&menuNo=200009,
2026-05-12T12:20:41.585376+09:00,잠실 관광특구,잠실 관광특구,POI005,KEY_1,[소마미술관] 그림책이 살아있다!,2026-04-17~2026-09-06,소마미술관 2관 기획전시실,127.118166964751,37.516920655117,,https://culture.seoul.go.kr/cmmn/file/getImage.do?atchFileId=cf267080189e4a3eadeeb6c5e8b0ade7&thumb=Y,https://culture.seoul.go.kr/culture/culture/cultureEvent/view.do?cultcode=157116&menuNo=200009,
2026-05-12T12:20:41.585376+09:00,잠실 관광특구,잠실 관광특구,POI005,KEY_1,이승택 개인전 [조각의 바깥에서],2026-04-10~2026-07-26,소마미술관,127.118166964751,37.516920655117,,https://culture.seoul.go.kr/cmmn/file/getImage.do?atchFileId=fa83edf506b643e2bec777cac69729ce&thumb=Y,https://culture.seoul.go.kr/culture/culture/cultureEvent/view.do?cultcode=157317&menuNo=200009,
2026-05-12T12:20:41.585376+09:00,잠실 관광특구,잠실 관광특구,POI005,KEY_1,[한성백제박물관] 2026년 상반기 문화다양성 교육 [백제와 함께하는 이웃나라들],2026-03-31~2026-06-30,대면) 박물관 교육실/ (비대면) 각 학급 교실,127.12088940368128,37.51543881335773,,https://culture.seoul.go.kr/cmmn/file/getImage.do?atchFileId=79379b0c10fc462fb325ecdb455dd3db&thumb=Y,https://culture.seoul.go.kr/culture/culture/cultureEvent/view.do?cultcode=157232&menuNo=200011,
2026-05-12T12:20:41.585376+09:00,잠실 관광특구,잠실 관광특구,POI005,KEY_1,[한성백제박물관] 2026 상반기 초등단체 대면 교육 [서울 쏙! 백제 콕!],2026-03-26~2026-07-03,한성백제박물관 교육실,127.12088940368128,37.51543881335773,,https://culture.seoul.go.kr/cmmn/file/getImage.do?atchFileId=f3b484610b65420297a3ae47001c6120&thumb=Y,https://culture.seoul.go.kr/culture/culture/cultureEvent/view.do?cultcode=156906&menuNo=200011,
2026-05-12T12:20:41.585376+09:00,잠실 관광특구,잠실 관광특구,POI005,KEY_1,[한성백제박물관] 2026 상반기 초등단체 비대면 교육 [서울 쏙! 백제 콕!],2026-03-26~2026-07-03,각 학급 교실(비대면 원격 교육),127.12088940368128,37.51543881335773,,https://culture.seoul.go.kr/cmmn/file/getImage.do?atchFileId=fb761ebe217849eaa4f63b1b0f6ac759&thumb=Y,https://culture.seoul.go.kr/culture/culture/cultureEvent/view.do?cultcode=156907&menuNo=200011,
2026-05-12T12:20:41.585376+09:00,잠실 관광특구,잠실 관광특구,POI005,KEY_1,[한성백제박물관] 초등 4~6학년 단체 대면 교육 [한강삼국지: 삼국의 한강 쟁탈전],2026-03-24~2026-07-01,한성백제박물관 교육실,127.12088940368128,37.51543881335773,,https://culture.seoul.go.kr/cmmn/file/getImage.do?atchFileId=0183d0f0f64d43dea7f2f1f5a5823734&thumb=Y,https://culture.seoul.go.kr/culture/culture/cultureEvent/view.do?cultcode=156755&menuNo=200011,
2026-05-12T12:20:41.585376+09:00,잠실 관광특구,잠실 관광특구,POI005,KEY_1,[한성백제박물관] 초등 4~6학년 학급 비대면 교육 [한강삼국지: 삼국의 한강 쟁탈전],2026-03-24~2026-07-01,신청 학급 교실,127.12088940368128,37.51543881335773,,https://culture.seoul.go.kr/cmmn/file/getImage.do?atchFileId=ee2f38002896461d88e55f36df203dfc&thumb=Y,https://culture.seoul.go.kr/culture/culture/cultureEvent/view.do?cultcode=156754&menuNo=200011,
2026-05-12T12:20:41.585376+09:00,잠실 관광특구,잠실 관광특구,POI005,KEY_1,홍범·김주환 2인전 [틈을 걷다],2026-03-24~2026-05-24,더 갤러리 호수,127.107617545434,37.512296516856,,https://culture.seoul.go.kr/cmmn/file/getImage.do?atchFileId=3e31e677b15e459ca780d07a735a163d&thumb=Y,https://culture.seoul.go.kr/culture/culture/cultureEvent/view.do?cultcode=157251&menuNo=200009,
2026-05-12T12:20:41.585376+09:00,잠실 관광특구,잠실 관광특구,POI005,KEY_1,[서울백제어린이박물관] 유단체 대상 [서울역사생태탐험대1] 봄,2026-03-19~2026-05-21,서울백제어린이박물관(교육실， 전시실)， 야외생태체험장， 전시실 등,127.124412,37.523991,,https://culture.seoul.go.kr/cmmn/file/getImage.do?atchFileId=7504518b70b54ac7b5c8367519f44947&thumb=Y,https://culture.seoul.go.kr/culture/culture/cultureEvent/view.do?cultcode=156747&menuNo=200011,
2026-05-12T12:20:41.585376+09:00,잠실 관광특구,잠실 관광특구,POI005,KEY_1,[한성백제박물관] 2026년 상반기 주말가족교육 [문화유산 보존 연구소],2026-03-14~2026-07-04,한성백제박물관 교육실,127.12088940368128,37.51543881335773,,https://culture.seoul.go.kr/cmmn/file/getImage.do?atchFileId=69fec744c82446619d58e8ce8cb6baab&thumb=Y,https://culture.seoul.go.kr/culture/culture/cultureEvent/view.do?cultcode=156850&menuNo=200011,
2026-05-12T12:20:41.585376+09:00,잠실 관광특구,잠실 관광특구,POI005,KEY_1,[한성백제박물관] 2026년 상반기 주말가족탐방 [몽촌토성 탐방],2026-03-14~2026-05-30,몽촌토성， 박물관 교육실,127.12088940368128,37.51543881335773,,https://culture.seoul.go.kr/cmmn/file/getImage.do?atchFileId=31a20aade65d41b882a74ff2a6424ee7&thumb=Y,https://culture.seoul.go.kr/culture/culture/cultureEvent/view.do?cultcode=156851&menuNo=200011,
2026-05-12T12:20:41.585376+09:00,종로·청계 관광특구,종로·청계 관광특구,POI006,KEY_2,2026 Creative AI : Computer Vision,2026-05-12~2026-06-09,서울 종로구 율곡로 1길 37,126.980303746598,37.5696912777696,,https://culture.seoul.go.kr/cmmn/file/getImage.do?atchFileId=14a3fd01522546f8a240146ca6e846be&thumb=Y,https://culture.seoul.go.kr/culture/culture/cultureEvent/view.do?cultcode=157502&menuNo=200011,
2026-05-12T12:20:41.585376+09:00,종로·청계 관광특구,종로·청계 관광특구,POI006,KEY_2,2026 해치마당 미디어월 봄 전시,2026-04-10~2026-06-19,광화문 역 9번출구 진입로 벽면 해치마당 미디어월,126.976787992565,37.5716228232824,,https://culture.seoul.go.kr/cmmn/file/getImage.do?atchFileId=ac862f94f21744ec8092ccc4372c0539&thumb=Y,https://culture.seoul.go.kr/culture/culture/cultureEvent/view.do?cultcode=157787&menuNo=200009,
2026-05-12T12:20:41.585376+09:00,종로·청계 관광특구,종로·청계 관광특구,POI006,KEY_2,기.기.기(奇.己.氣): 동시대와 시행착오,2026-04-01~2026-05-31,일민미술관,126.977657083792,37.5698677620456,,https://culture.seoul.go.kr/cmmn/file/getImage.do?atchFileId=6e05d79e4d0e4358b3eae2df5081eb13&thumb=Y,https://culture.seoul.go.kr/culture/culture/cultureEvent/view.do?cultcode=157256&menuNo=200009,
2026-05-12T12:20:41.585376+09:00,홍대 관광특구,홍대 관광특구,POI007,KEY_3,[서울생활문화센터 서교] art1st - 소리로 그리는 마음,2026-05-12~2026-07-28,서울생활문화센터 서교(합정역),126.916493990351,37.5508138163956,,https://culture.seoul.go.kr/cmmn/file/getImage.do?atchFileId=e1a661be31c548d7927816115a8ee8cf&thumb=Y,https://culture.seoul.go.kr/culture/culture/cultureEvent/view.do?cultcode=157788&menuNo=200011,
2026-05-12T12:20:41.585376+09:00,홍대 관광특구,홍대 관광특구,POI007,KEY_3,김재연 개인전: 호기,2026-05-12~2026-05-24,크리스프 웨지,126.916412664084,37.5493590071323,,https://culture.seoul.go.kr/cmmn/file/getImage.do?atchFileId=242e40f466f2481fbd48977d6050188c&thumb=Y,https://culture.seoul.go.kr/culture/culture/cultureEvent/view.do?cultcode=157741&menuNo=200009,
2026-05-12T12:20:41.585376+09:00,고척돔,고척돔,POI086,KEY_2,[서울아트책보고] 처음 만나는 미술사 - 이소영 미술 교육인ㆍ미술 에세이스트,2026-05-02~2026-05-16,서울아트책보고 워크숍룸,126.867088741096,37.4982125677913,,https://culture.seoul.go.kr/cmmn/file/getImage.do?atchFileId=f47a521600bd4c239ce177fe47f7d1e8&thumb=Y,https://culture.seoul.go.kr/culture/culture/cultureEvent/view.do?cultcode=157567&menuNo=200011,
2026-05-12T12:20:41.585376+09:00,고척돔,고척돔,POI086,KEY_2,[서울아트책보고] 나와 타인을 알아가는 글쓰기,2026-04-08~2026-05-13,서울아트책보고,126.867088741096,37.4982125677913,N,https://culture.seoul.go.kr/cmmn/file/getImage.do?atchFileId=934cbbeed0e94753b2ddef8f32fddfe6&thumb=Y,https://culture.seoul.go.kr/culture/culture/cultureEvent/view.do?cultcode=156877&menuNo=200011,
2026-05-12T12:20:41.585376+09:00,고척돔,고척돔,POI086,KEY_2,[서울아트책보고] 처음 만나는 세계,2026-03-10~2026-05-31,서울아트책보고 북카페 앤 라운지,126.867088741096,37.4982125677913,,https://culture.seoul.go.kr/cmmn/file/getImage.do?atchFileId=57c7dae9273d4eaeb82db962852b352e&thumb=Y,https://culture.seoul.go.kr/culture/culture/cultureEvent/view.do?cultcode=156892&menuNo=200009,
2026-05-12T12:20:41.585376+09:00,광화문광장,광화문광장,POI088,KEY_1,빛과 어둠의 경계에서,2026-05-02~2026-05-25,세종문화회관 세종S씨어터,126.9760053,37.5726241,,https://culture.seoul.go.kr/cmmn/file/getImage.do?atchFileId=0eeea492c11e4eb7816334e58cfeb6ce&thumb=Y,https://culture.seoul.go.kr/culture/culture/cultureEvent/view.do?cultcode=157335&menuNo=200008,
2026-05-12T12:20:41.585376+09:00,광화문광장,광화문광장,POI088,KEY_1,2026 의정부지 역사유적광장 전통무예행사,2026-04-11~2026-10-31,의정부지 역사유적광장,126.977967142855,37.5748036513699,,https://culture.seoul.go.kr/cmmn/file/getImage.do?atchFileId=628a9bae996a407bbfee67752dd508db&thumb=Y,https://culture.seoul.go.kr/culture/culture/cultureEvent/view.do?cultcode=157327&menuNo=200010,
2026-05-12T12:20:41.585376+09:00,광화문광장,광화문광장,POI088,KEY_1,2026 아뜰리에 광화 봄 전시 [피어나는 빛],2026-04-11~2026-06-19,세종문화회관 외벽 미디어파사드,126.9760053,37.5726241,,https://culture.seoul.go.kr/cmmn/file/getImage.do?atchFileId=196d7f704d5646a2bb4bb40523a8c4aa&thumb=Y,https://culture.seoul.go.kr/culture/culture/cultureEvent/view.do?cultcode=157432&menuNo=200009,
2026-05-12T12:20:41.585376+09:00,광화문광장,광화문광장,POI088,KEY_1,2026 해치마당 미디어월 봄 전시,2026-04-10~2026-06-19,광화문 역 9번출구 진입로 벽면 해치마당 미디어월,126.976787992565,37.5716228232824,,https://culture.seoul.go.kr/cmmn/file/getImage.do?atchFileId=ac862f94f21744ec8092ccc4372c0539&thumb=Y,https://culture.seoul.go.kr/culture/culture/cultureEvent/view.do?cultcode=157787&menuNo=200009,
2026-05-12T12:20:41.585376+09:00,광화문광장,광화문광장,POI088,KEY_1,[경복궁] 2026 생과방(상반기),2026-04-08~2026-05-27,경복궁 생과방,126.976842133821,37.5759040910202,,https://culture.seoul.go.kr/cmmn/file/getImage.do?atchFileId=4864144c5a084ea4a1228924afe585e6&thumb=Y,https://culture.seoul.go.kr/culture/culture/cultureEvent/view.do?cultcode=157368&menuNo=200011,
2026-05-12T12:20:41.585376+09:00,광화문광장,광화문광장,POI088,KEY_1,2026년 집옥재(팔우정 포함) 작은 도서관 개방,2026-04-01~2026-10-31,경복궁 집옥재·팔우정,126.976842133821,37.5759040910202,,https://culture.seoul.go.kr/cmmn/file/getImage.do?atchFileId=d70525e916b548cda13443c9e10190f3&thumb=Y,https://culture.seoul.go.kr/culture/culture/cultureEvent/view.do?cultcode=157383&menuNo=200011,
2026-05-12T12:20:41.585376+09:00,광화문광장,광화문광장,POI088,KEY_1,2026년 경복궁 [경회루·향원정] 특별관람,2026-04-01~2026-10-30,경복궁 경회루·향원정,126.976842133821,37.5759040910202,,https://culture.seoul.go.kr/cmmn/file/getImage.do?atchFileId=37630da9c19349fbac8494e92e5c64d8&thumb=Y,https://culture.seoul.go.kr/culture/culture/cultureEvent/view.do?cultcode=157389&menuNo=200011,
2026-05-12T12:20:41.585376+09:00,광화문광장,광화문광장,POI088,KEY_1,[세종문화회관] 세종예술아카데미 [정승빈 작가] 스테들러와 함께하는 여행드로잉 클래스,2026-03-31~2026-09-15,세종예술아카데미 스퀘어홀,126.9760053,37.5726241,,https://culture.seoul.go.kr/cmmn/file/getImage.do?atchFileId=a0247bcdf4484818baaca748c977391f&thumb=Y,https://culture.seoul.go.kr/culture/culture/cultureEvent/view.do?cultcode=157026&menuNo=200011,
2026-05-12T12:20:41.585376+09:00,광화문광장,광화문광장,POI088,KEY_1,[세종문화회관] 세종예술아카데미 [박인홍 작가] 스테들러와 함께하는 여행드로잉 클래스,2026-03-31~2026-08-31,세종예술아카데미 스퀘어홀,126.9760053,37.5726241,,https://culture.seoul.go.kr/cmmn/file/getImage.do?atchFileId=c9b88469d8f0468e960f00b0e5b0785d&thumb=Y,https://culture.seoul.go.kr/culture/culture/cultureEvent/view.do?cultcode=157025&menuNo=200011,
2026-05-12T12:20:41.585376+09:00,광화문광장,광화문광장,POI088,KEY_1,[세종문화회관] 세종예술아카데미 [그레이스 발레 (성인 취미 발레)],2026-03-30~2026-06-29,세종문화회관 예술동 4층 종합연습실,126.9760053,37.5726241,,https://culture.seoul.go.kr/cmmn/file/getImage.do?atchFileId=8b685870654e4cd78bf509ea783f7748&thumb=Y,https://culture.seoul.go.kr/culture/culture/cultureEvent/view.do?cultcode=156885&menuNo=200011,.
2026-05-12T12:20:41.585376+09:00,광화문광장,광화문광장,POI088,KEY_1,[세종문화회관] 세종예술아카데미 [정연석 작가] 스테들러와 함께하는 여행드로잉 클래스,2026-03-28~2026-09-05,세종예술아카데미 스퀘어홀,126.9760053,37.5726241,,https://culture.seoul.go.kr/cmmn/file/getImage.do?atchFileId=df2237ca7f754d009407bc3321cae86f&thumb=Y,https://culture.seoul.go.kr/culture/culture/cultureEvent/view.do?cultcode=157028&menuNo=200011,
2026-05-12T12:20:41.585376+09:00,광화문광장,광화문광장,POI088,KEY_1,[세종문화회관] 세종예술아카데미 [이승익 작가] 스테들러와 함께하는 여행드로잉 클래스,2026-03-28~2026-08-29,세종예술아카데미 스퀘어홀,126.9760053,37.5726241,,https://culture.seoul.go.kr/cmmn/file/getImage.do?atchFileId=09ebfb8dbbcf453e86aadfe529b90ff8&thumb=Y,https://culture.seoul.go.kr/culture/culture/cultureEvent/view.do?cultcode=157027&menuNo=200011,
2026-05-12T12:20:41.585376+09:00,광화문광장,광화문광장,POI088,KEY_1,[세종문화회관] 2026 상반기 세종 어린이 발레 아카데미,2026-03-28~2026-06-27,세종문화회관 예술동 4층 종합연습실,126.9760053,37.5726241,,https://culture.seoul.go.kr/cmmn/file/getImage.do?atchFileId=b47ad1471d3d428a9482934f7b03787f&thumb=Y,https://culture.seoul.go.kr/culture/culture/cultureEvent/view.do?cultcode=157104&menuNo=200011,
2026-05-12T12:20:41.585376+09:00,광화문광장,광화문광장,POI088,KEY_1,[세종문화회관] 세종예술아카데미 [이야기가 있는 클래식],2026-03-19~2026-05-28,세종문화회관 서클홀,126.9760053,37.5726241,,https://culture.seoul.go.kr/cmmn/file/getImage.do?atchFileId=0373af8e16694df8b923159a02ec0a2a&thumb=Y,https://culture.seoul.go.kr/culture/culture/cultureEvent/view.do?cultcode=156883&menuNo=200011,.
2026-05-12T12:20:41.585376+09:00,광화문광장,광화문광장,POI088,KEY_1,[세종문화회관] 세종예술아카데미 [미술사가 이 현의 전시와 함께보는 서양 미술사 - 바로크와 로코코],2026-03-19~2026-05-21,세종문화회관 서클홀,126.9760053,37.5726241,,https://culture.seoul.go.kr/cmmn/file/getImage.do?atchFileId=377ac3cd61d6416baa3b3f43a826b900&thumb=Y,https://culture.seoul.go.kr/culture/culture/cultureEvent/view.do?cultcode=156881&menuNo=200011,.
2026-05-12T12:20:41.585376+09:00,광화문광장,광화문광장,POI088,KEY_1,[세종문화회관] 세종예술아카데미 [클래식브런치],2026-03-18~2026-05-20,세종문화회관 서클홀,126.9760053,37.5726241,,https://culture.seoul.go.kr/cmmn/file/getImage.do?atchFileId=43b7fd7ecf2b44d1b7ba2ec25e6cc7a7&thumb=Y,https://culture.seoul.go.kr/culture/culture/cultureEvent/view.do?cultcode=156880&menuNo=200011,.
2026-05-12T12:20:41.585376+09:00,광화문광장,광화문광장,POI088,KEY_1,[세종문화회관] 세종예술아카데미 [히든보이스],2026-03-17~2026-06-30,세종문화회관 서클홀,126.9760053,37.5726241,,https://culture.seoul.go.kr/cmmn/file/getImage.do?atchFileId=96b505aa681348d48b661d248108f577&thumb=Y,https://culture.seoul.go.kr/culture/culture/cultureEvent/view.do?cultcode=156809&menuNo=200011,.
2026-05-12T12:20:41.585376+09:00,광화문광장,광화문광장,POI088,KEY_1,[세종문화회관] 세종예술아카데미 [2026 상반기 스포츠 in 아트스테이션],2026-03-16~2026-06-26,세종문화회관 오픈스테이지의 탁 트인 마루형 공간,126.9760053,37.5726241,,https://culture.seoul.go.kr/cmmn/file/getImage.do?atchFileId=16cb755c035e4ddc86c7cfbfa3654ca5&thumb=Y,https://culture.seoul.go.kr/culture/culture/cultureEvent/view.do?cultcode=157023&menuNo=200011,
2026-05-12T12:20:41.585376+09:00,광화문광장,광화문광장,POI088,KEY_1,[국가유산청 궁능유적본부] 수문장 순라의식,2026-03-01~2026-11-29,(토요일)경복궁 내부 (일요일， 공휴일)인사동 문화의 거리,126.976842133821,37.5759040910202,,https://culture.seoul.go.kr/cmmn/file/getImage.do?atchFileId=923de3d9169e463b9c8098a8e132be38&thumb=Y,https://culture.seoul.go.kr/culture/culture/cultureEvent/view.do?cultcode=156996&menuNo=200013,
2026-05-12T12:20:41.585376+09:00,국립중앙박물관·용산가족공원,국립중앙박물관·용산가족공원,POI089,KEY_2,[국립중앙박물관] 이슬람 미술， 찬란한 빛의 여정,2025-11-22~2026-10-11,국립중앙박물관 상설전시관 이슬람실,126.98020301648833,37.52385582212769,,https://culture.seoul.go.kr/cmmn/file/getImage.do?atchFileId=69db1f87ea6447c6a1fe901e146ce2e1&thumb=Y,https://culture.seoul.go.kr/culture/culture/cultureEvent/view.do?cultcode=156371&menuNo=200009,
2026-05-12T12:20:41.585376+09:00,국립중앙박물관·용산가족공원,국립중앙박물관·용산가족공원,POI089,KEY_2,[국립중앙박물관] 보존과학， 새로운 시작 함께하는 미래,2025-10-28~2026-06-30,국립중앙박물관 보존과학센터 1층,126.98020301648833,37.52385582212769,,https://culture.seoul.go.kr/cmmn/file/getImage.do?atchFileId=649b5716289a4bf2a97dcc27a7962d0c&thumb=Y,https://culture.seoul.go.kr/culture/culture/cultureEvent/view.do?cultcode=156376&menuNo=200009,
2026-05-12T12:20:41.585376+09:00,국립중앙박물관·용산가족공원,국립중앙박물관·용산가족공원,POI089,KEY_2,[국립중앙박물관] 각角진 백자 이야기,2025-08-26~2026-06-21,국립중앙박물관 상설전시관 3층,126.98020301648833,37.52385582212769,,https://culture.seoul.go.kr/cmmn/file/getImage.do?atchFileId=e522fa75398e4832b8862dd5a66863a7&thumb=Y,https://culture.seoul.go.kr/culture/culture/cultureEvent/view.do?cultcode=156377&menuNo=200009,
2026-05-12T12:20:41.585376+09:00,남산공원,남산공원,POI091,KEY_1,2026 서울시 태권도 공연,2026-05-09~2026-10-18,남산골한옥마을， DDP(동대문디자인플라자) 등,126.994440072131,37.559304933707146,,https://culture.seoul.go.kr/cmmn/file/getImage.do?atchFileId=292cefda02074a1bba028aea65b48755&thumb=Y,https://culture.seoul.go.kr/culture/culture/cultureEvent/view.do?cultcode=157783&menuNo=200013,
2026-05-12T12:20:41.585376+09:00,남산공원,남산공원,POI091,KEY_1,[남산골한옥마을] 2026 남산골 전통체험 [예술가의 시간],2026-04-03~2026-10-25,남산골한옥마을 전통가옥 프로그램별 상이,126.994440072131,37.559304933707146,,https://culture.seoul.go.kr/cmmn/file/getImage.do?atchFileId=65cd91f8db7b435e96bed67b434bcb84&thumb=Y,https://culture.seoul.go.kr/culture/culture/cultureEvent/view.do?cultcode=157090&menuNo=200011,
2026-05-12T12:20:41.585376+09:00,남산공원,남산공원,POI091,KEY_1,[남산골한옥마을] 남산골 전통혼례,2026-03-28~2026-11-15,관훈동 민씨가옥 안채 마당 (야외 혼례),126.994440072131,37.559304933707146,,https://culture.seoul.go.kr/cmmn/file/getImage.do?atchFileId=33830aa756d2463ab6ae27c45a425b0e&thumb=Y,https://culture.seoul.go.kr/culture/culture/cultureEvent/view.do?cultcode=156333&menuNo=200010,
2026-05-12T12:20:41.585376+09:00,남산공원,남산공원,POI091,KEY_1,2026 국립극장 어린이 예술학교 유아반 (1학기),2026-03-14~2026-05-23,국립극장 뜰아래연습장 B2 다목적교육실,126.999267349473,37.5519949082942,,https://culture.seoul.go.kr/cmmn/file/getImage.do?atchFileId=4d36afd4ac204d67bade0bd7b035e70a&thumb=Y,https://culture.seoul.go.kr/culture/culture/cultureEvent/view.do?cultcode=156884&menuNo=200011,
2026-05-12T12:20:41.585376+09:00,노들섬,노들섬,POI092,KEY_2,2026 서울거리공연 구석구석라이브,2026-05-01~2026-12-31,공연별 상이,126.958036465507,37.5176638307111,,https://culture.seoul.go.kr/cmmn/file/getImage.do?atchFileId=edccc8857cfe4ac1886089adadae554e&thumb=Y,https://culture.seoul.go.kr/culture/culture/cultureEvent/view.do?cultcode=157655&menuNo=200008,
2026-05-12T12:20:41.585376+09:00,노들섬,노들섬,POI092,KEY_2,[서울문화재단] 2026 신당창작아케이드 [어쩌다 마주친 공예 in 노들섬],2026-03-27~2026-12-31,노들섬 노들서가 내 아트스페이스 엣지 1층 (서울특별시 용산구 양녕로 445),126.958036465507,37.5176638307111,,https://culture.seoul.go.kr/cmmn/file/getImage.do?atchFileId=a8c296336d0f4398b55de07ad93424af&thumb=Y,https://culture.seoul.go.kr/culture/culture/cultureEvent/view.do?cultcode=157363&menuNo=200009,
2026-05-12T12:20:41.585376+09:00,서울숲공원,서울숲공원,POI101,KEY_2,2026 서울국제정원박람회,2026-05-01~2026-10-27,서울숲 일대,127.041799099222,37.5430701468405,,https://culture.seoul.go.kr/cmmn/file/getImage.do?atchFileId=94950c28bee44177bf2bff226fec0dc4&thumb=Y,https://culture.seoul.go.kr/culture/culture/cultureEvent/view.do?cultcode=156916&menuNo=200010,
2026-05-12T12:20:41.585376+09:00,서울숲공원,서울숲공원,POI101,KEY_2,2026 서로장터,2026-04-26~2026-11-01,서울광장， 서울숲， 양재시민의 숲， 잠수교,127.041799099222,37.5430701468405,N,https://culture.seoul.go.kr/cmmn/file/getImage.do?atchFileId=b5b274e789f84a8da67e6c2ec3815326&thumb=Y,https://culture.seoul.go.kr/culture/culture/cultureEvent/view.do?cultcode=157478&menuNo=200010,
2026-05-12T12:20:41.585376+09:00,송현녹지광장,송현녹지광장,POI129,KEY_3,[서울공예박물관] 색유만개 : 권순형 기증특별전시,2026-05-12~2026-08-02,서울공예박물관 전시1동  1층 로비， 안내동 일부,126.983533363501,37.5766481740232,,https://culture.seoul.go.kr/cmmn/file/getImage.do?atchFileId=36124f9be563428e8d2635a4078fd319&thumb=Y,https://culture.seoul.go.kr/culture/culture/cultureEvent/view.do?cultcode=157607&menuNo=200009,
2026-05-12T12:20:41.585376+09:00,송현녹지광장,송현녹지광장,POI129,KEY_3,[서울공예박물관] 공예협력전시 [안동별궁， 시간의 겹],2026-04-28~2027-08-29,서울공예박물관 전시1동 3층 기획전시실,126.983533363501,37.5766481740232,N,https://culture.seoul.go.kr/cmmn/file/getImage.do?atchFileId=a1622fcb6e024123ac90f40cdc8e32fd&thumb=Y,https://culture.seoul.go.kr/culture/culture/cultureEvent/view.do?cultcode=157420&menuNo=200009,
2026-05-12T12:20:41.585376+09:00,송현녹지광장,송현녹지광장,POI129,KEY_3,[서울공예박물관] 한불수교 140주년 기념전시 [더 하이브리드],2026-04-28~2026-07-26,서울공예박물관 전시1동 3층 기획전시실,126.983533363501,37.5766481740232,N,https://culture.seoul.go.kr/cmmn/file/getImage.do?atchFileId=aaaf677cdfac468db6f5c9e13fd397ad&thumb=Y,https://culture.seoul.go.kr/culture/culture/cultureEvent/view.do?cultcode=157211&menuNo=200009,
2026-05-12T12:20:41.585376+09:00,송현녹지광장,송현녹지광장,POI129,KEY_3,[서울공예박물관] 공예동행@쇼윈도 #2. 빛의 흐름 The Flow of Light,2026-04-08~2026-05-31,전시3동 1층 쇼윈도 갤러리,126.983533363501,37.5766481740232,,https://culture.seoul.go.kr/cmmn/file/getImage.do?atchFileId=d813307c6065486caf69b2ad498a0e61&thumb=Y,https://culture.seoul.go.kr/culture/culture/cultureEvent/view.do?cultcode=157354&menuNo=200009,
2026-05-12T12:20:41.585376+09:00,송현녹지광장,송현녹지광장,POI129,KEY_3,스펙트로신테시스 서울 Spectrosynthesis Seoul,2026-03-20~2026-06-28,아트선재센터,126.981839239613,37.5794635323506,,https://culture.seoul.go.kr/cmmn/file/getImage.do?atchFileId=1bbb87d0d71243b996db22604e96a261&thumb=Y,https://culture.seoul.go.kr/culture/culture/cultureEvent/view.do?cultcode=157262&menuNo=200009,
2026-05-12T12:20:41.585376+09:00,어린이대공원,어린이대공원,POI104,KEY_1,[서울상상나라] To. 외계인,2026-05-09~2026-07-19,서울상상나라 B1 창의놀이실,127.077569,37.55055,,https://culture.seoul.go.kr/cmmn/file/getImage.do?atchFileId=240d6c4f932d44c099f463537898e10d&thumb=Y,https://culture.seoul.go.kr/culture/culture/cultureEvent/view.do?cultcode=157797&menuNo=200011,
2026-05-12T12:20:41.585376+09:00,어린이대공원,어린이대공원,POI104,KEY_1,[서울상상나라] 에너지 위기! 대체에너지 탐험,2026-05-09~2026-07-19,서울상상나라 B1 표현놀이실,127.077569,37.55055,,https://culture.seoul.go.kr/cmmn/file/getImage.do?atchFileId=582b93fb96294ba4b10535197ad0b6e4&thumb=Y,https://culture.seoul.go.kr/culture/culture/cultureEvent/view.do?cultcode=157798&menuNo=200011,
2026-05-12T12:20:41.585376+09:00,어린이대공원,어린이대공원,POI104,KEY_1,[서울상상나라] 우리 가족 얼굴 피자,2026-05-09~2026-05-31,서울상상나라 B1 요리놀이실,127.077569,37.55055,,https://culture.seoul.go.kr/cmmn/file/getImage.do?atchFileId=911928e567334b468469a48c46b21df2&thumb=Y,https://culture.seoul.go.kr/culture/culture/cultureEvent/view.do?cultcode=157800&menuNo=200011,
2026-05-12T12:20:41.585376+09:00,어린이대공원,어린이대공원,POI104,KEY_1,[서울상상나라] 연두빛 타르트,2026-05-09~2026-05-31,서울상상나라 B1 요리놀이실,127.077569,37.55055,,https://culture.seoul.go.kr/cmmn/file/getImage.do?atchFileId=8294893045ec4d9db9f6d5e2b49c908e&thumb=Y,https://culture.seoul.go.kr/culture/culture/cultureEvent/view.do?cultcode=157799&menuNo=200011,
2026-05-12T12:20:41.585376+09:00,어린이대공원,어린이대공원,POI104,KEY_1,[서울상상나라] 놀이의 가능성: 보다,2026-04-28~2026-10-31,서울상상나라 1층 로비,127.077569,37.55055,,https://culture.seoul.go.kr/cmmn/file/getImage.do?atchFileId=33e106ada63a4554889b2194d3b76aa7&thumb=Y,https://culture.seoul.go.kr/culture/culture/cultureEvent/view.do?cultcode=157801&menuNo=200009,
2026-05-12T12:20:41.585376+09:00,어린이대공원,어린이대공원,POI104,KEY_1,[서울상상나라] 2F 기획전시 [사랑하는 모양이야],2025-11-15~2026-11-15,2층 서울형 키즈카페 시립 서울상상나라점,127.077569,37.55055,,https://culture.seoul.go.kr/cmmn/file/getImage.do?atchFileId=49257064be8745158d56780a881325da&thumb=Y,https://culture.seoul.go.kr/culture/culture/cultureEvent/view.do?cultcode=156165&menuNo=200009,
2026-05-12T12:20:41.585376+09:00,어린이대공원,어린이대공원,POI104,KEY_1,[서울상상나라] 통-하다,2025-11-11~2026-11-11,서울상상나라 1층 상설전시실,127.077569,37.55055,,https://culture.seoul.go.kr/cmmn/file/getImage.do?atchFileId=43c7d50c4bcf488982db4ed5e5d6a2a9&thumb=Y,https://culture.seoul.go.kr/culture/culture/cultureEvent/view.do?cultcode=155891&menuNo=200009,
2026-05-12T12:20:41.585376+09:00,어린이대공원,어린이대공원,POI104,KEY_1,[서울상상나라] 그림책 작업실:엉뚱하고 기발한,2025-07-15~2026-07-15,서울상상나라 지하 1층 기획전시실,127.077569,37.55055,,https://culture.seoul.go.kr/cmmn/file/getImage.do?atchFileId=96afe0108a624e499e8ba01e7cb308c1&thumb=Y,https://culture.seoul.go.kr/culture/culture/cultureEvent/view.do?cultcode=154150&menuNo=200009,
2026-05-12T12:20:41.585376+09:00,올림픽공원,올림픽공원,POI127,KEY_1,[한성백제박물관] 상반기 장애인 단체 대면 교육 [옛날옛날， 빛나는 백제 이야기],2026-05-12~2026-06-30,박물관 로비/교육실,127.12088940368128,37.51543881335773,,https://culture.seoul.go.kr/cmmn/file/getImage.do?atchFileId=58420146f27740e39e6ac91e88d71d70&thumb=Y,https://culture.seoul.go.kr/culture/culture/cultureEvent/view.do?cultcode=157690&menuNo=200011,
2026-05-12T12:20:41.585376+09:00,올림픽공원,올림픽공원,POI127,KEY_1,[서울백제어린이박물관] 초등 2-3학년 학급 대상 [어린이백제연구소2] 옛날 도구， 오늘날 도구 (도구의변천),2026-05-12~2026-06-10,서울백제어린이박물관(교육실， 전시실),127.124412,37.523991,,https://culture.seoul.go.kr/cmmn/file/getImage.do?atchFileId=85ede03678db4ee5a0adb99f465d78ff&thumb=Y,https://culture.seoul.go.kr/culture/culture/cultureEvent/view.do?cultcode=156836&menuNo=200011,
2026-05-12T12:20:41.585376+09:00,올림픽공원,올림픽공원,POI127,KEY_1,[한성백제박물관] 2026년 상반기 성인 대상 [서울 고대유적 탐방],2026-04-28~2026-06-11,한성백제박물관， 몽촌토성， 풍납동토성， 석촌동고분군 일대,127.12088940368128,37.51543881335773,,https://culture.seoul.go.kr/cmmn/file/getImage.do?atchFileId=3d89263b5e85481c894204ef7a05d20e&thumb=Y,https://culture.seoul.go.kr/culture/culture/cultureEvent/view.do?cultcode=157084&menuNo=200011,
2026-05-12T12:20:41.585376+09:00,올림픽공원,올림픽공원,POI127,KEY_1,[소마미술관] 조각이 꿈+틀 [올림픽조각체험프로젝트#02] 상설전,2026-04-17~2026-09-06,소마미술관 2관 상설전시실,127.118166964751,37.516920655117,,https://culture.seoul.go.kr/cmmn/file/getImage.do?atchFileId=c4ac3bd4533342b993b5ccfd5d42086c&thumb=Y,https://culture.seoul.go.kr/culture/culture/cultureEvent/view.do?cultcode=157117&menuNo=200009,
2026-05-12T12:20:41.585376+09:00,올림픽공원,올림픽공원,POI127,KEY_1,올림픽 조각체험 프로젝트#2 [조각이 꿈+틀],2026-04-17~2026-09-06,소마미술관,127.118166964751,37.516920655117,,https://culture.seoul.go.kr/cmmn/file/getImage.do?atchFileId=6825663978de46c192543240dfbb2185&thumb=Y,https://culture.seoul.go.kr/culture/culture/cultureEvent/view.do?cultcode=157318&menuNo=200009,
2026-05-12T12:20:41.585376+09:00,올림픽공원,올림픽공원,POI127,KEY_1,[소마미술관] 그림책이 살아있다!,2026-04-17~2026-09-06,소마미술관 2관 기획전시실,127.118166964751,37.516920655117,,https://culture.seoul.go.kr/cmmn/file/getImage.do?atchFileId=cf267080189e4a3eadeeb6c5e8b0ade7&thumb=Y,https://culture.seoul.go.kr/culture/culture/cultureEvent/view.do?cultcode=157116&menuNo=200009,
2026-05-12T12:20:41.585376+09:00,올림픽공원,올림픽공원,POI127,KEY_1,이승택 개인전 [조각의 바깥에서],2026-04-10~2026-07-26,소마미술관,127.118166964751,37.516920655117,,https://culture.seoul.go.kr/cmmn/file/getImage.do?atchFileId=fa83edf506b643e2bec777cac69729ce&thumb=Y,https://culture.seoul.go.kr/culture/culture/cultureEvent/view.do?cultcode=157317&menuNo=200009,
2026-05-12T12:20:41.585376+09:00,올림픽공원,올림픽공원,POI127,KEY_1,[한성백제박물관] 2026년 상반기 문화다양성 교육 [백제와 함께하는 이웃나라들],2026-03-31~2026-06-30,대면) 박물관 교육실/ (비대면) 각 학급 교실,127.12088940368128,37.51543881335773,,https://culture.seoul.go.kr/cmmn/file/getImage.do?atchFileId=79379b0c10fc462fb325ecdb455dd3db&thumb=Y,https://culture.seoul.go.kr/culture/culture/cultureEvent/view.do?cultcode=157232&menuNo=200011,
2026-05-12T12:20:41.585376+09:00,올림픽공원,올림픽공원,POI127,KEY_1,[한성백제박물관] 2026 상반기 초등단체 대면 교육 [서울 쏙! 백제 콕!],2026-03-26~2026-07-03,한성백제박물관 교육실,127.12088940368128,37.51543881335773,,https://culture.seoul.go.kr/cmmn/file/getImage.do?atchFileId=f3b484610b65420297a3ae47001c6120&thumb=Y,https://culture.seoul.go.kr/culture/culture/cultureEvent/view.do?cultcode=156906&menuNo=200011,
2026-05-12T12:20:41.585376+09:00,올림픽공원,올림픽공원,POI127,KEY_1,[한성백제박물관] 2026 상반기 초등단체 비대면 교육 [서울 쏙! 백제 콕!],2026-03-26~2026-07-03,각 학급 교실(비대면 원격 교육),127.12088940368128,37.51543881335773,,https://culture.seoul.go.kr/cmmn/file/getImage.do?atchFileId=fb761ebe217849eaa4f63b1b0f6ac759&thumb=Y,https://culture.seoul.go.kr/culture/culture/cultureEvent/view.do?cultcode=156907&menuNo=200011,
2026-05-12T12:20:41.585376+09:00,올림픽공원,올림픽공원,POI127,KEY_1,[한성백제박물관] 초등 4~6학년 단체 대면 교육 [한강삼국지: 삼국의 한강 쟁탈전],2026-03-24~2026-07-01,한성백제박물관 교육실,127.12088940368128,37.51543881335773,,https://culture.seoul.go.kr/cmmn/file/getImage.do?atchFileId=0183d0f0f64d43dea7f2f1f5a5823734&thumb=Y,https://culture.seoul.go.kr/culture/culture/cultureEvent/view.do?cultcode=156755&menuNo=200011,
2026-05-12T12:20:41.585376+09:00,올림픽공원,올림픽공원,POI127,KEY_1,[한성백제박물관] 초등 4~6학년 학급 비대면 교육 [한강삼국지: 삼국의 한강 쟁탈전],2026-03-24~2026-07-01,신청 학급 교실,127.12088940368128,37.51543881335773,,https://culture.seoul.go.kr/cmmn/file/getImage.do?atchFileId=ee2f38002896461d88e55f36df203dfc&thumb=Y,https://culture.seoul.go.kr/culture/culture/cultureEvent/view.do?cultcode=156754&menuNo=200011,
2026-05-12T12:20:41.585376+09:00,올림픽공원,올림픽공원,POI127,KEY_1,[서울백제어린이박물관] 유단체 대상 [서울역사생태탐험대1] 봄,2026-03-19~2026-05-21,서울백제어린이박물관(교육실， 전시실)， 야외생태체험장， 전시실 등,127.124412,37.523991,,https://culture.seoul.go.kr/cmmn/file/getImage.do?atchFileId=7504518b70b54ac7b5c8367519f44947&thumb=Y,https://culture.seoul.go.kr/culture/culture/cultureEvent/view.do?cultcode=156747&menuNo=200011,
2026-05-12T12:20:41.585376+09:00,올림픽공원,올림픽공원,POI127,KEY_1,[한성백제박물관] 2026년 상반기 주말가족교육 [문화유산 보존 연구소],2026-03-14~2026-07-04,한성백제박물관 교육실,127.12088940368128,37.51543881335773,,https://culture.seoul.go.kr/cmmn/file/getImage.do?atchFileId=69fec744c82446619d58e8ce8cb6baab&thumb=Y,https://culture.seoul.go.kr/culture/culture/cultureEvent/view.do?cultcode=156850&menuNo=200011,
2026-05-12T12:20:41.585376+09:00,올림픽공원,올림픽공원,POI127,KEY_1,[한성백제박물관] 2026년 상반기 주말가족탐방 [몽촌토성 탐방],2026-03-14~2026-05-30,몽촌토성， 박물관 교육실,127.12088940368128,37.51543881335773,,https://culture.seoul.go.kr/cmmn/file/getImage.do?atchFileId=31a20aade65d41b882a74ff2a6424ee7&thumb=Y,https://culture.seoul.go.kr/culture/culture/cultureEvent/view.do?cultcode=156851&menuNo=200011,
2026-05-12T12:20:41.585376+09:00,북촌한옥마을,북촌한옥마을,POI066,KEY_3,[서울공예박물관] 색유만개 : 권순형 기증특별전시,2026-05-12~2026-08-02,서울공예박물관 전시1동  1층 로비， 안내동 일부,126.983533363501,37.5766481740232,,https://culture.seoul.go.kr/cmmn/file/getImage.do?atchFileId=36124f9be563428e8d2635a4078fd319&thumb=Y,https://culture.seoul.go.kr/culture/culture/cultureEvent/view.do?cultcode=157607&menuNo=200009,
2026-05-12T12:20:41.585376+09:00,북촌한옥마을,북촌한옥마을,POI066,KEY_3,[갤러리지우헌] 허상욱 개인전: 분청 마음,2026-05-06~2026-06-03,갤러리 지우헌,126.982999426985,37.5833833879584,,https://culture.seoul.go.kr/cmmn/file/getImage.do?atchFileId=cbdadfe6623e471d8e41a958828bab71&thumb=Y,https://culture.seoul.go.kr/culture/culture/cultureEvent/view.do?cultcode=157715&menuNo=200009,전시 오프닝은 5월 6일 오후 4시에 진행되며， 작가가 직접 작품을 소개하는 자리가 마련될 예정이다. 행사에는 100년 전통 ㈜지평주조의 ‘지평탁주’가 함께 제공됩니다.
2026-05-12T12:20:41.585376+09:00,북촌한옥마을,북촌한옥마을,POI066,KEY_3,[서울공예박물관] 공예협력전시 [안동별궁， 시간의 겹],2026-04-28~2027-08-29,서울공예박물관 전시1동 3층 기획전시실,126.983533363501,37.5766481740232,N,https://culture.seoul.go.kr/cmmn/file/getImage.do?atchFileId=a1622fcb6e024123ac90f40cdc8e32fd&thumb=Y,https://culture.seoul.go.kr/culture/culture/cultureEvent/view.do?cultcode=157420&menuNo=200009,
2026-05-12T12:20:41.585376+09:00,북촌한옥마을,북촌한옥마을,POI066,KEY_3,[서울공예박물관] 한불수교 140주년 기념전시 [더 하이브리드],2026-04-28~2026-07-26,서울공예박물관 전시1동 3층 기획전시실,126.983533363501,37.5766481740232,N,https://culture.seoul.go.kr/cmmn/file/getImage.do?atchFileId=aaaf677cdfac468db6f5c9e13fd397ad&thumb=Y,https://culture.seoul.go.kr/culture/culture/cultureEvent/view.do?cultcode=157211&menuNo=200009,
2026-05-12T12:20:41.585376+09:00,북촌한옥마을,북촌한옥마을,POI066,KEY_3,[서울공예박물관] 공예동행@쇼윈도 #2. 빛의 흐름 The Flow of Light,2026-04-08~2026-05-31,전시3동 1층 쇼윈도 갤러리,126.983533363501,37.5766481740232,,https://culture.seoul.go.kr/cmmn/file/getImage.do?atchFileId=d813307c6065486caf69b2ad498a0e61&thumb=Y,https://culture.seoul.go.kr/culture/culture/cultureEvent/view.do?cultcode=157354&menuNo=200009,
2026-05-12T12:20:41.585376+09:00,북촌한옥마을,북촌한옥마을,POI066,KEY_3,스펙트로신테시스 서울 Spectrosynthesis Seoul,2026-03-20~2026-06-28,아트선재센터,126.981839239613,37.5794635323506,,https://culture.seoul.go.kr/cmmn/file/getImage.do?atchFileId=1bbb87d0d71243b996db22604e96a261&thumb=Y,https://culture.seoul.go.kr/culture/culture/cultureEvent/view.do?cultcode=157262&menuNo=200009,
2026-05-12T12:20:41.585376+09:00,서촌,서촌,POI067,KEY_1,[서울생활문화센터 체부] 체부작업展 [선 위에 머무는 마음],2026-04-28~2026-06-30,윈도우 갤러리， 금오재 마실,126.97148941423,37.5767084987432,,https://culture.seoul.go.kr/cmmn/file/getImage.do?atchFileId=b51cfd4f38d64d21be656e622812b5cb&thumb=Y,https://culture.seoul.go.kr/culture/culture/cultureEvent/view.do?cultcode=157790&menuNo=200009,
2026-05-12T12:20:41.585376+09:00,서촌,서촌,POI067,KEY_1,[종로문화재단] 금빛으로 지은 옷을 여미다,2025-12-16~2026-06-26,배화여자대학교 도서관 1층 전통문화전시실,126.967291871532,37.5795440101952,,https://culture.seoul.go.kr/cmmn/file/getImage.do?atchFileId=dc73759daf4e460fb1b9184a298f8c43&thumb=Y,https://culture.seoul.go.kr/culture/culture/cultureEvent/view.do?cultcode=156309&menuNo=200009,
2026-05-12T12:20:41.585376+09:00,서촌,서촌,POI067,KEY_1,[종로문화재단] 박노수미술관 개관12주년 기념전시 [산수·격물],2025-09-19~2026-12-06,종로구립 박노수미술관,126.966818545949,37.5813191962491,,https://culture.seoul.go.kr/cmmn/file/getImage.do?atchFileId=b3d1bbb9284b4b97bda71e967e5bb5a9&thumb=Y,https://culture.seoul.go.kr/culture/culture/cultureEvent/view.do?cultcode=155699&menuNo=200009,
2026-05-12T12:20:41.585376+09:00,인사동,인사동,POI078,KEY_3,[운현궁] 2026 기획 전시 [단청이 스며든 자리],2026-05-12~2026-05-17,운현궁 기획전시실,126.98708335796199,37.57607864675475,,https://culture.seoul.go.kr/cmmn/file/getImage.do?atchFileId=9fa80cafef594ba095f0682cd4cb8032&thumb=Y,https://culture.seoul.go.kr/culture/culture/cultureEvent/view.do?cultcode=157805&menuNo=200009,
2026-05-12T12:20:41.585376+09:00,인사동,인사동,POI078,KEY_3,[서울무형유산교육전시장] 2026년 운현궁에서 배우는 전통매듭 체험 모집,2026-05-06~2026-05-27,운현궁 이로당,126.98708335796199,37.57607864675475,,https://culture.seoul.go.kr/cmmn/file/getImage.do?atchFileId=d9f7c6b35e4b444dab781fe2fd07b841&thumb=Y,https://culture.seoul.go.kr/culture/culture/cultureEvent/view.do?cultcode=157558&menuNo=200011,
2026-05-12T12:20:41.585376+09:00,인사동,인사동,POI078,KEY_3,[노화랑] 기획전 [IN PINK],2026-04-23~2026-05-14,노화랑 1， 2층 전시장,126.984085733694,37.5748603162364,N,https://culture.seoul.go.kr/cmmn/file/getImage.do?atchFileId=813a89fb33224ca9b184a59c222a411b&thumb=Y,https://culture.seoul.go.kr/culture/culture/cultureEvent/view.do?cultcode=157488&menuNo=200009,
2026-05-12T12:20:41.585376+09:00,인사동,인사동,POI078,KEY_3,[서울우리소리박물관] 2026년 상반기 외국인 전통문화체험,2026-04-16~2026-05-14,서울우리소리박물관 상설전시실 및 교육실,126.989622047178,37.577157928122,,https://culture.seoul.go.kr/cmmn/file/getImage.do?atchFileId=183cd9e9b78549d098992df989c47096&thumb=Y,https://culture.seoul.go.kr/culture/culture/cultureEvent/view.do?cultcode=157200&menuNo=200011,
2026-05-12T12:20:41.585376+09:00,인사동,인사동,POI078,KEY_3,[운현궁] 2026 서울 운현궁 예절교실,2026-04-01~2026-06-12,운현궁 이로당， 노락당,126.98708335796199,37.57607864675475,,https://culture.seoul.go.kr/cmmn/file/getImage.do?atchFileId=48bfe53ae79b43ffa93809a0bea94372&thumb=Y,https://culture.seoul.go.kr/culture/culture/cultureEvent/view.do?cultcode=156901&menuNo=200011,
2026-05-12T12:20:41.585376+09:00,인사동,인사동,POI078,KEY_3,[서울생활문화센터 낙원] 초보기타 교실 추가모집 / 색소폰 교실 & 클리닉,2026-03-18~2026-06-24,서울생활문화센터 낙원 5번 안내실,126.987902476529,37.5727635233966,,https://culture.seoul.go.kr/cmmn/file/getImage.do?atchFileId=19019906a68a46efbe0ae1c1d60984bd&thumb=Y,https://culture.seoul.go.kr/culture/culture/cultureEvent/view.do?cultcode=156978&menuNo=200011,
2026-05-12T12:20:41.585376+09:00,인사동,인사동,POI078,KEY_3,[서울우리소리박물관] 2026 자율학습 프로그램 [우리소리 친구들],2026-02-09~2026-12-31,누마루 또는 교육실,126.989622047178,37.577157928122,,https://culture.seoul.go.kr/cmmn/file/getImage.do?atchFileId=94d1c28647de4daf8f612b8fe830a020&thumb=Y,https://culture.seoul.go.kr/culture/culture/cultureEvent/view.do?cultcode=156746&menuNo=200011,
2026-05-12T12:20:41.585376+09:00,인사동,인사동,POI078,KEY_3,[서울우리소리박물관] 2025 서울우리소리박물관 기획전 [한강， 소리로 흐르다],2025-06-19~2026-05-28,서울우리소리박물관 기획전시실,126.989622047178,37.577157928122,,https://culture.seoul.go.kr/cmmn/file/getImage.do?atchFileId=6cbae2fb2066497e9499c66996d2aad8&thumb=Y,https://culture.seoul.go.kr/culture/culture/cultureEvent/view.do?cultcode=154089&menuNo=200009,
2026-05-12T12:20:41.585376+09:00,창동 신경제 중심지,창동 신경제 중심지,POI079,KEY_2,[서울시립 사진미술관] 어린이를 위한 감상교육 [미술관 탐험],2026-05-02~2026-06-13,서울시립 사진미술관 전시실 및 1교육실,127.048947814686,37.6555150225578,,https://culture.seoul.go.kr/cmmn/file/getImage.do?atchFileId=3b060851bfe0447fa662c416d69083b5&thumb=Y,https://culture.seoul.go.kr/culture/culture/cultureEvent/view.do?cultcode=157761&menuNo=200011,
2026-05-12T12:20:41.585376+09:00,창동 신경제 중심지,창동 신경제 중심지,POI079,KEY_2,[서울시립 사진미술관] 2026 서울사진축제 : 미술관 속 영화관 [진과 세계 사이에서],2026-04-24~2026-05-29,서울시립 사진미술관 2층 영상홀,127.048947814686,37.6555150225578,,https://culture.seoul.go.kr/cmmn/file/getImage.do?atchFileId=7938fe59e75e4986abeeaa7b0d1b15a9&thumb=Y,https://culture.seoul.go.kr/culture/culture/cultureEvent/view.do?cultcode=157489&menuNo=200013,
2026-05-12T12:20:41.585376+09:00,창동 신경제 중심지,창동 신경제 중심지,POI079,KEY_2,[서울시립 사진미술관] 2026 서울사진축제 : 포토라이브러리 워크숍 [일요일의 독서클럽],2026-04-12~2026-06-07,2층 영상홀， 4층 포토라이브러리,127.048947814686,37.6555150225578,,https://culture.seoul.go.kr/cmmn/file/getImage.do?atchFileId=498300d2f5194d3b8fd3d736e7cb345f&thumb=Y,https://culture.seoul.go.kr/culture/culture/cultureEvent/view.do?cultcode=157487&menuNo=200011,
2026-05-12T12:20:41.585376+09:00,창동 신경제 중심지,창동 신경제 중심지,POI079,KEY_2,[서울시립 사진미술관] 2026 서울사진축제 : Photo SeMA 기획서가 [모두를 위한 사진책],2026-04-09~2026-07-05,서울시립 사진미술관 4층 포토라이브러리,127.048947814686,37.6555150225578,,https://culture.seoul.go.kr/cmmn/file/getImage.do?atchFileId=65ddc38604e4492b869a6d972a08ec81&thumb=Y,https://culture.seoul.go.kr/culture/culture/cultureEvent/view.do?cultcode=157578&menuNo=200009,
2026-05-12T12:20:41.585376+09:00,창동 신경제 중심지,창동 신경제 중심지,POI079,KEY_2,[서울시립 사진미술관] 2026 서울사진축제 : 아티스트 토크 [작가의 방],2026-04-09~2026-06-14,서울시립 사진미술관 2층  영상홀,127.048947814686,37.6555150225578,,https://culture.seoul.go.kr/cmmn/file/getImage.do?atchFileId=20a62cd7a4a5468a905848cae3284ff6&thumb=Y,https://culture.seoul.go.kr/culture/culture/cultureEvent/view.do?cultcode=157475&menuNo=200009,
2026-05-12T12:20:41.585376+09:00,창동 신경제 중심지,창동 신경제 중심지,POI079,KEY_2,[서울시립 사진미술관] 2026 서울사진축제 [서울 사진 산책],2026-04-09~2026-06-14,서울 시내 24개소 문화공간 / 외부 별도 장소,127.048947814686,37.6555150225578,,https://culture.seoul.go.kr/cmmn/file/getImage.do?atchFileId=10e7f9cf6cd94078a47d5e519a4b6e7f&thumb=Y,https://culture.seoul.go.kr/culture/culture/cultureEvent/view.do?cultcode=157349&menuNo=200009,
2026-05-12T12:20:41.585376+09:00,창동 신경제 중심지,창동 신경제 중심지,POI079,KEY_2,[서울시립 사진미술관] 서울사진축제 《컴백홈》,2026-04-09~2026-06-14,서울시립 사진미술관,127.048947814686,37.6555150225578,,https://culture.seoul.go.kr/cmmn/file/getImage.do?atchFileId=c4c9d45245364ab48711d6ccbeb9e699&thumb=Y,https://culture.seoul.go.kr/culture/culture/cultureEvent/view.do?cultcode=157269&menuNo=200009,
2026-05-12T12:20:41.585376+09:00,창동 신경제 중심지,창동 신경제 중심지,POI079,KEY_2,[서울시립 사진미술관] 포토 디스커버리 프로젝트 《사진집》,2026-03-18~2026-06-14,서울시립 사진미술관 1층 로비,127.048947814686,37.6555150225578,,https://culture.seoul.go.kr/cmmn/file/getImage.do?atchFileId=0f7936d9f2d94354a36657010b418fbb&thumb=Y,https://culture.seoul.go.kr/culture/culture/cultureEvent/view.do?cultcode=157141&menuNo=200009,
2026-05-12T12:20:41.585376+09:00,DDP(동대문디자인플라자),DDP(동대문디자인플라자),POI083,KEY_3,김영준 x 요시다 유니 기획전 Face to face,2026-05-07~2026-06-07,DDP 이간수문전시장,127.00977973484339,37.56735731522952,,https://culture.seoul.go.kr/cmmn/file/getImage.do?atchFileId=2e699755a39b40619ddea53a22e59ef4&thumb=Y,https://culture.seoul.go.kr/culture/culture/cultureEvent/view.do?cultcode=157672&menuNo=200009,
2026-05-12T12:20:41.585376+09:00,DDP(동대문디자인플라자),DDP(동대문디자인플라자),POI083,KEY_3,Let Dreams Shine! [베베핀 드림랜드],2026-05-01~2026-05-31,동대문디자인플라자 디자인랩1층 DDP쇼룸,127.00977973484339,37.56735731522952,,https://culture.seoul.go.kr/cmmn/file/getImage.do?atchFileId=b578b0a0e4724a718dff9fbd6ca77cbc&thumb=Y,https://culture.seoul.go.kr/culture/culture/cultureEvent/view.do?cultcode=157641&menuNo=200011,
2026-05-12T12:20:41.585376+09:00,DDP(동대문디자인플라자),DDP(동대문디자인플라자),POI083,KEY_3,DDPlay 버스킹 5월 공연 안내,2026-05-01~2026-05-31,DDP 어울림광장， 팔거리,127.00977973484339,37.56735731522952,,https://culture.seoul.go.kr/cmmn/file/getImage.do?atchFileId=06255b5f16c1435a95ddf9214cbe8d86&thumb=Y,https://culture.seoul.go.kr/culture/culture/cultureEvent/view.do?cultcode=157546&menuNo=200008,
2026-05-12T12:20:41.585376+09:00,DDP(동대문디자인플라자),DDP(동대문디자인플라자),POI083,KEY_3,[서울디자인재단] 키크니 특별전 : 그렸고 그런 사이,2026-04-25~2026-09-06,뮤지엄 전시1관,127.00977973484339,37.56735731522952,,https://culture.seoul.go.kr/cmmn/file/getImage.do?atchFileId=5b5e3f16b605439ea83b1ecf8d5ce8b8&thumb=Y,https://culture.seoul.go.kr/culture/culture/cultureEvent/view.do?cultcode=157351&menuNo=200009,
2026-05-12T12:20:41.585376+09:00,DDP(동대문디자인플라자),DDP(동대문디자인플라자),POI083,KEY_3,이상한 K-뷰티 : 엄마의 서랍장,2026-04-10~2026-06-10,DDP 마켓 B2F 비더비 다운타운,127.00977973484339,37.56735731522952,,https://culture.seoul.go.kr/cmmn/file/getImage.do?atchFileId=e187f20c0b5d4e7ebcbff38d8f60b63e&thumb=Y,https://culture.seoul.go.kr/culture/culture/cultureEvent/view.do?cultcode=157606&menuNo=200009,
2026-05-12T12:20:41.585376+09:00,DDP(동대문디자인플라자),DDP(동대문디자인플라자),POI083,KEY_3,[서울디자인재단] DDP 루프탑 투어_2026,2026-03-21~2026-05-31,DDP 뮤지엄 1층(M3 출입문) 투어 데스크 (시작장소),127.00977973484339,37.56735731522952,,https://culture.seoul.go.kr/cmmn/file/getImage.do?atchFileId=973b28af071b405ea7f6eb7ab715abaa&thumb=Y,https://culture.seoul.go.kr/culture/culture/cultureEvent/view.do?cultcode=157428&menuNo=200011,
2026-05-12T12:20:41.585376+09:00,DDP(동대문디자인플라자),DDP(동대문디자인플라자),POI083,KEY_3,BtheB 뷰티기획전 [Beauty For All],2026-02-28~2026-06-07,DDP 지하2층 DDP마켓 비더비,127.00977973484339,37.56735731522952,,https://culture.seoul.go.kr/cmmn/file/getImage.do?atchFileId=5209bf1d22f345568a88cce60bbc8688&thumb=Y,https://culture.seoul.go.kr/culture/culture/cultureEvent/view.do?cultcode=156852&menuNo=200009,
2026-05-12T12:20:41.585376+09:00,DDP(동대문디자인플라자),DDP(동대문디자인플라자),POI083,KEY_3,[DDP] Dream in Light,2026-01-09~2026-12-31,DDP 전면， 유구전시장 앞， 미래로 상부,127.00977973484339,37.56735731522952,,https://culture.seoul.go.kr/cmmn/file/getImage.do?atchFileId=bfa59aa56eed4af8b441d88bad873037&thumb=Y,https://culture.seoul.go.kr/culture/culture/cultureEvent/view.do?cultcode=156491&menuNo=200009,
2026-05-12T12:20:41.585376+09:00,DDP(동대문디자인플라자),DDP(동대문디자인플라자),POI083,KEY_3,[서울디자인재단] DDP 건축투어,2026-01-02~2026-12-31,DDP 뮤지엄 1층 투어데스크,127.00977973484339,37.56735731522952,N,https://culture.seoul.go.kr/cmmn/file/getImage.do?atchFileId=47da849abe944ec9b7dedaf1ab283714&thumb=Y,https://culture.seoul.go.kr/culture/culture/cultureEvent/view.do?cultcode=156552&menuNo=200009,
2026-05-12T12:20:41.585376+09:00,서울식물원·마곡나루역,서울식물원·마곡나루역,POI032,KEY_1,[서울식물원] 2026 낭만수국전 HYDRANGEA SHOW,2026-05-02~2026-05-31,서울식물원 전시온실 지중해관,126.83500723721524,37.569657094189104,,https://culture.seoul.go.kr/cmmn/file/getImage.do?atchFileId=969c3a5bc5694862bdd4688ca678571d&thumb=Y,https://culture.seoul.go.kr/culture/culture/cultureEvent/view.do?cultcode=157795&menuNo=200009,
2026-05-12T12:20:41.585376+09:00,서울식물원·마곡나루역,서울식물원·마곡나루역,POI032,KEY_1,[서울식물원] 주제정원 봄 전시 [봄빛 정원: 땅에서 피어난 봄빛],2026-04-15~2026-05-31,서울식물원 주제정원 내 계류 주변,126.83500723721524,37.569657094189104,,https://culture.seoul.go.kr/cmmn/file/getImage.do?atchFileId=adfdc93640c946a29acdc8d12802f793&thumb=Y,https://culture.seoul.go.kr/culture/culture/cultureEvent/view.do?cultcode=157582&menuNo=200009,
2026-05-12T12:20:41.585376+09:00,서울식물원·마곡나루역,서울식물원·마곡나루역,POI032,KEY_1,[서울식물원] 2025년 서울식물원 기획 전시 [우리들의 자연， 행성적 공존],2025-05-27~2026-05-24,식물문화센터 프로젝트홀2， 주제원， 온실,126.83500723721524,37.569657094189104,,https://culture.seoul.go.kr/cmmn/file/getImage.do?atchFileId=e0d57fc6ab4046209bdf34ab6ac41c98&thumb=Y,https://culture.seoul.go.kr/culture/culture/cultureEvent/view.do?cultcode=153826&menuNo=200009,
2026-05-12T12:20:41.585376+09:00,시의회 앞,시의회 앞,POI130,KEY_1,[서울도서관] 2026년 서울야외도서관 (책읽는 서울광장， 광화문 책마당， 책읽는 맑은 냇가),2026-04-23~2026-11-01,서울광장， 광화문 광장， 청계천 일대,126.97769782752,37.5653338689441,N,https://culture.seoul.go.kr/cmmn/file/getImage.do?atchFileId=57da07b01aed40ad984d40559a42ae61&thumb=Y,https://culture.seoul.go.kr/culture/culture/cultureEvent/view.do?cultcode=156879&menuNo=200010,
2026-05-12T12:20:41.585376+09:00,시의회 앞,시의회 앞,POI130,KEY_1,기.기.기(奇.己.氣): 동시대와 시행착오,2026-04-01~2026-05-31,일민미술관,126.977657083792,37.5698677620456,,https://culture.seoul.go.kr/cmmn/file/getImage.do?atchFileId=6e05d79e4d0e4358b3eae2df5081eb13&thumb=Y,https://culture.seoul.go.kr/culture/culture/cultureEvent/view.do?cultcode=157256&menuNo=200009,
2026-05-12T12:20:41.585376+09:00,혜화역,혜화역,POI054,KEY_2,[서울시지원/ 전액무료] AI 인사이트 공연문화콘텐츠 기획,2026-05-12~2026-08-06,종로여성인력개발센터,127.000418097935,37.5820587995429,,https://culture.seoul.go.kr/cmmn/file/getImage.do?atchFileId=3b2807c6e1ad415cbebce23402b0251a&thumb=Y,https://culture.seoul.go.kr/culture/culture/cultureEvent/view.do?cultcode=157366&menuNo=200011,
2026-05-12T12:20:41.585376+09:00,혜화역,혜화역,POI054,KEY_2,연극 [운베난트],2026-03-27~2026-06-07,예스24스테이지 3관,127.003160727291,37.5827488289051,,https://culture.seoul.go.kr/cmmn/file/getImage.do?atchFileId=b22d720f5efc44dda84da2606b0e5f75&thumb=Y,https://culture.seoul.go.kr/culture/culture/cultureEvent/view.do?cultcode=157115&menuNo=200008,
2026-05-12T12:20:41.585376+09:00,혜화역,혜화역,POI054,KEY_2,[종로여성인력개발센터] AI 파워드 문화·예술 프로젝트 기획 실무 마스터 실무 마스터,2026-03-18~2026-06-23,종로여성인력개발센터,127.000418097935,37.5820587995429,,https://culture.seoul.go.kr/cmmn/file/getImage.do?atchFileId=f824d3bddc6d4c239ee2e5611e22870a&thumb=Y,https://culture.seoul.go.kr/culture/culture/cultureEvent/view.do?cultcode=156487&menuNo=200011,
2026-05-12T14:23:40.785219+09:00,경복궁,경복궁,POI008,KEY_1,[경복궁] 2026 생과방(상반기),2026-04-08~2026-05-27,경복궁 생과방,126.976842133821,37.5759040910202,,https://culture.seoul.go.kr/cmmn/file/getImage.do?atchFileId=4864144c5a084ea4a1228924afe585e6&thumb=Y,https://culture.seoul.go.kr/culture/culture/cultureEvent/view.do?cultcode=157368&menuNo=200011,
2026-05-12T14:23:40.785219+09:00,경복궁,경복궁,POI008,KEY_1,2026년 집옥재(팔우정 포함) 작은 도서관 개방,2026-04-01~2026-10-31,경복궁 집옥재·팔우정,126.976842133821,37.5759040910202,,https://culture.seoul.go.kr/cmmn/file/getImage.do?atchFileId=d70525e916b548cda13443c9e10190f3&thumb=Y,https://culture.seoul.go.kr/culture/culture/cultureEvent/view.do?cultcode=157383&menuNo=200011,
2026-05-12T14:23:40.785219+09:00,경복궁,경복궁,POI008,KEY_1,2026년 경복궁 [경회루·향원정] 특별관람,2026-04-01~2026-10-30,경복궁 경회루·향원정,126.976842133821,37.5759040910202,,https://culture.seoul.go.kr/cmmn/file/getImage.do?atchFileId=37630da9c19349fbac8494e92e5c64d8&thumb=Y,https://culture.seoul.go.kr/culture/culture/cultureEvent/view.do?cultcode=157389&menuNo=200011,
2026-05-12T14:23:40.785219+09:00,경복궁,경복궁,POI008,KEY_1,[국가유산청 궁능유적본부] 수문장 순라의식,2026-03-01~2026-11-29,(토요일)경복궁 내부 (일요일， 공휴일)인사동 문화의 거리,126.976842133821,37.5759040910202,,https://culture.seoul.go.kr/cmmn/file/getImage.do?atchFileId=923de3d9169e463b9c8098a8e132be38&thumb=Y,https://culture.seoul.go.kr/culture/culture/cultureEvent/view.do?cultcode=156996&menuNo=200013,
2026-05-12T14:23:40.785219+09:00,광화문·덕수궁,광화문·덕수궁,POI009,KEY_2,빛과 어둠의 경계에서,2026-05-02~2026-05-25,세종문화회관 세종S씨어터,126.9760053,37.5726241,,https://culture.seoul.go.kr/cmmn/file/getImage.do?atchFileId=0eeea492c11e4eb7816334e58cfeb6ce&thumb=Y,https://culture.seoul.go.kr/culture/culture/cultureEvent/view.do?cultcode=157335&menuNo=200008,
2026-05-12T14:23:40.785219+09:00,광화문·덕수궁,광화문·덕수궁,POI009,KEY_2,[서울도서관] 2026년 서울야외도서관 (책읽는 서울광장， 광화문 책마당， 책읽는 맑은 냇가),2026-04-23~2026-11-01,서울광장， 광화문 광장， 청계천 일대,126.97769782752,37.5653338689441,N,https://culture.seoul.go.kr/cmmn/file/getImage.do?atchFileId=57da07b01aed40ad984d40559a42ae61&thumb=Y,https://culture.seoul.go.kr/culture/culture/cultureEvent/view.do?cultcode=156879&menuNo=200010,
2026-05-12T14:23:40.785219+09:00,광화문·덕수궁,광화문·덕수궁,POI009,KEY_2,2026 의정부지 역사유적광장 전통무예행사,2026-04-11~2026-10-31,의정부지 역사유적광장,126.977967142855,37.5748036513699,,https://culture.seoul.go.kr/cmmn/file/getImage.do?atchFileId=628a9bae996a407bbfee67752dd508db&thumb=Y,https://culture.seoul.go.kr/culture/culture/cultureEvent/view.do?cultcode=157327&menuNo=200010,
2026-05-12T14:23:40.785219+09:00,광화문·덕수궁,광화문·덕수궁,POI009,KEY_2,2026 아뜰리에 광화 봄 전시 [피어나는 빛],2026-04-11~2026-06-19,세종문화회관 외벽 미디어파사드,126.9760053,37.5726241,,https://culture.seoul.go.kr/cmmn/file/getImage.do?atchFileId=196d7f704d5646a2bb4bb40523a8c4aa&thumb=Y,https://culture.seoul.go.kr/culture/culture/cultureEvent/view.do?cultcode=157432&menuNo=200009,
2026-05-12T14:23:40.785219+09:00,광화문·덕수궁,광화문·덕수궁,POI009,KEY_2,2026 해치마당 미디어월 봄 전시,2026-04-10~2026-06-19,광화문 역 9번출구 진입로 벽면 해치마당 미디어월,126.976787992565,37.5716228232824,,https://culture.seoul.go.kr/cmmn/file/getImage.do?atchFileId=ac862f94f21744ec8092ccc4372c0539&thumb=Y,https://culture.seoul.go.kr/culture/culture/cultureEvent/view.do?cultcode=157787&menuNo=200009,
2026-05-12T14:23:40.785219+09:00,광화문·덕수궁,광화문·덕수궁,POI009,KEY_2,[경복궁] 2026 생과방(상반기),2026-04-08~2026-05-27,경복궁 생과방,126.976842133821,37.5759040910202,,https://culture.seoul.go.kr/cmmn/file/getImage.do?atchFileId=4864144c5a084ea4a1228924afe585e6&thumb=Y,https://culture.seoul.go.kr/culture/culture/cultureEvent/view.do?cultcode=157368&menuNo=200011,
2026-05-12T14:23:40.785219+09:00,광화문·덕수궁,광화문·덕수궁,POI009,KEY_2,[덕수궁] 2026 밤의 석조전(상반기),2026-04-08~2026-05-17,덕수궁 석조전 일원,126.974461639777,37.5677154464989,,https://culture.seoul.go.kr/cmmn/file/getImage.do?atchFileId=cc6179c75f1547b2b72e2a3cca26b6da&thumb=Y,https://culture.seoul.go.kr/culture/culture/cultureEvent/view.do?cultcode=157365&menuNo=200010,
2026-05-12T14:23:40.785219+09:00,광화문·덕수궁,광화문·덕수궁,POI009,KEY_2,2026년 집옥재(팔우정 포함) 작은 도서관 개방,2026-04-01~2026-10-31,경복궁 집옥재·팔우정,126.976842133821,37.5759040910202,,https://culture.seoul.go.kr/cmmn/file/getImage.do?atchFileId=d70525e916b548cda13443c9e10190f3&thumb=Y,https://culture.seoul.go.kr/culture/culture/cultureEvent/view.do?cultcode=157383&menuNo=200011,
2026-05-12T14:23:40.785219+09:00,광화문·덕수궁,광화문·덕수궁,POI009,KEY_2,2026년 경복궁 [경회루·향원정] 특별관람,2026-04-01~2026-10-30,경복궁 경회루·향원정,126.976842133821,37.5759040910202,,https://culture.seoul.go.kr/cmmn/file/getImage.do?atchFileId=37630da9c19349fbac8494e92e5c64d8&thumb=Y,https://culture.seoul.go.kr/culture/culture/cultureEvent/view.do?cultcode=157389&menuNo=200011,
2026-05-12T14:23:40.785219+09:00,광화문·덕수궁,광화문·덕수궁,POI009,KEY_2,기.기.기(奇.己.氣): 동시대와 시행착오,2026-04-01~2026-05-31,일민미술관,126.977657083792,37.5698677620456,,https://culture.seoul.go.kr/cmmn/file/getImage.do?atchFileId=6e05d79e4d0e4358b3eae2df5081eb13&thumb=Y,https://culture.seoul.go.kr/culture/culture/cultureEvent/view.do?cultcode=157256&menuNo=200009,
2026-05-12T14:23:40.785219+09:00,광화문·덕수궁,광화문·덕수궁,POI009,KEY_2,[세종문화회관] 세종예술아카데미 [정승빈 작가] 스테들러와 함께하는 여행드로잉 클래스,2026-03-31~2026-09-15,세종예술아카데미 스퀘어홀,126.9760053,37.5726241,,https://culture.seoul.go.kr/cmmn/file/getImage.do?atchFileId=a0247bcdf4484818baaca748c977391f&thumb=Y,https://culture.seoul.go.kr/culture/culture/cultureEvent/view.do?cultcode=157026&menuNo=200011,
2026-05-12T14:23:40.785219+09:00,광화문·덕수궁,광화문·덕수궁,POI009,KEY_2,[세종문화회관] 세종예술아카데미 [박인홍 작가] 스테들러와 함께하는 여행드로잉 클래스,2026-03-31~2026-08-31,세종예술아카데미 스퀘어홀,126.9760053,37.5726241,,https://culture.seoul.go.kr/cmmn/file/getImage.do?atchFileId=c9b88469d8f0468e960f00b0e5b0785d&thumb=Y,https://culture.seoul.go.kr/culture/culture/cultureEvent/view.do?cultcode=157025&menuNo=200011,
2026-05-12T14:23:40.785219+09:00,광화문·덕수궁,광화문·덕수궁,POI009,KEY_2,[세종문화회관] 세종예술아카데미 [그레이스 발레 (성인 취미 발레)],2026-03-30~2026-06-29,세종문화회관 예술동 4층 종합연습실,126.9760053,37.5726241,,https://culture.seoul.go.kr/cmmn/file/getImage.do?atchFileId=8b685870654e4cd78bf509ea783f7748&thumb=Y,https://culture.seoul.go.kr/culture/culture/cultureEvent/view.do?cultcode=156885&menuNo=200011,.
2026-05-12T14:23:40.785219+09:00,광화문·덕수궁,광화문·덕수궁,POI009,KEY_2,[세종문화회관] 세종예술아카데미 [정연석 작가] 스테들러와 함께하는 여행드로잉 클래스,2026-03-28~2026-09-05,세종예술아카데미 스퀘어홀,126.9760053,37.5726241,,https://culture.seoul.go.kr/cmmn/file/getImage.do?atchFileId=df2237ca7f754d009407bc3321cae86f&thumb=Y,https://culture.seoul.go.kr/culture/culture/cultureEvent/view.do?cultcode=157028&menuNo=200011,
2026-05-12T14:23:40.785219+09:00,광화문·덕수궁,광화문·덕수궁,POI009,KEY_2,[세종문화회관] 세종예술아카데미 [이승익 작가] 스테들러와 함께하는 여행드로잉 클래스,2026-03-28~2026-08-29,세종예술아카데미 스퀘어홀,126.9760053,37.5726241,,https://culture.seoul.go.kr/cmmn/file/getImage.do?atchFileId=09ebfb8dbbcf453e86aadfe529b90ff8&thumb=Y,https://culture.seoul.go.kr/culture/culture/cultureEvent/view.do?cultcode=157027&menuNo=200011,
2026-05-12T14:23:40.785219+09:00,광화문·덕수궁,광화문·덕수궁,POI009,KEY_2,[세종문화회관] 2026 상반기 세종 어린이 발레 아카데미,2026-03-28~2026-06-27,세종문화회관 예술동 4층 종합연습실,126.9760053,37.5726241,,https://culture.seoul.go.kr/cmmn/file/getImage.do?atchFileId=b47ad1471d3d428a9482934f7b03787f&thumb=Y,https://culture.seoul.go.kr/culture/culture/cultureEvent/view.do?cultcode=157104&menuNo=200011,
2026-05-12T14:23:40.785219+09:00,광화문·덕수궁,광화문·덕수궁,POI009,KEY_2,[세종문화회관] 세종예술아카데미 [이야기가 있는 클래식],2026-03-19~2026-05-28,세종문화회관 서클홀,126.9760053,37.5726241,,https://culture.seoul.go.kr/cmmn/file/getImage.do?atchFileId=0373af8e16694df8b923159a02ec0a2a&thumb=Y,https://culture.seoul.go.kr/culture/culture/cultureEvent/view.do?cultcode=156883&menuNo=200011,.
2026-05-12T14:23:40.785219+09:00,광화문·덕수궁,광화문·덕수궁,POI009,KEY_2,[세종문화회관] 세종예술아카데미 [미술사가 이 현의 전시와 함께보는 서양 미술사 - 바로크와 로코코],2026-03-19~2026-05-21,세종문화회관 서클홀,126.9760053,37.5726241,,https://culture.seoul.go.kr/cmmn/file/getImage.do?atchFileId=377ac3cd61d6416baa3b3f43a826b900&thumb=Y,https://culture.seoul.go.kr/culture/culture/cultureEvent/view.do?cultcode=156881&menuNo=200011,.
2026-05-12T14:23:40.785219+09:00,광화문·덕수궁,광화문·덕수궁,POI009,KEY_2,[세종문화회관] 세종예술아카데미 [클래식브런치],2026-03-18~2026-05-20,세종문화회관 서클홀,126.9760053,37.5726241,,https://culture.seoul.go.kr/cmmn/file/getImage.do?atchFileId=43b7fd7ecf2b44d1b7ba2ec25e6cc7a7&thumb=Y,https://culture.seoul.go.kr/culture/culture/cultureEvent/view.do?cultcode=156880&menuNo=200011,.
2026-05-12T14:23:40.785219+09:00,광화문·덕수궁,광화문·덕수궁,POI009,KEY_2,[세종문화회관] 세종예술아카데미 [히든보이스],2026-03-17~2026-06-30,세종문화회관 서클홀,126.9760053,37.5726241,,https://culture.seoul.go.kr/cmmn/file/getImage.do?atchFileId=96b505aa681348d48b661d248108f577&thumb=Y,https://culture.seoul.go.kr/culture/culture/cultureEvent/view.do?cultcode=156809&menuNo=200011,.
2026-05-12T14:23:40.785219+09:00,광화문·덕수궁,광화문·덕수궁,POI009,KEY_2,[세종문화회관] 세종예술아카데미 [2026 상반기 스포츠 in 아트스테이션],2026-03-16~2026-06-26,세종문화회관 오픈스테이지의 탁 트인 마루형 공간,126.9760053,37.5726241,,https://culture.seoul.go.kr/cmmn/file/getImage.do?atchFileId=16cb755c035e4ddc86c7cfbfa3654ca5&thumb=Y,https://culture.seoul.go.kr/culture/culture/cultureEvent/view.do?cultcode=157023&menuNo=200011,
2026-05-12T14:23:40.785219+09:00,광화문·덕수궁,광화문·덕수궁,POI009,KEY_2,[국가유산청 궁능유적본부] 수문장 순라의식,2026-03-01~2026-11-29,(토요일)경복궁 내부 (일요일， 공휴일)인사동 문화의 거리,126.976842133821,37.5759040910202,,https://culture.seoul.go.kr/cmmn/file/getImage.do?atchFileId=923de3d9169e463b9c8098a8e132be38&thumb=Y,https://culture.seoul.go.kr/culture/culture/cultureEvent/view.do?cultcode=156996&menuNo=200013,
2026-05-12T14:23:40.785219+09:00,광화문·덕수궁,광화문·덕수궁,POI009,KEY_2,[서울시] 2026년 서울청년문화패스 신청자 모집,2025-12-22~2026-12-31,온라인 접수,126.97860700965403,37.56672958991572,,https://culture.seoul.go.kr/cmmn/file/getImage.do?atchFileId=24931799627a43ea9e2b4960b00c9c4f&thumb=Y,https://culture.seoul.go.kr/culture/culture/cultureEvent/view.do?cultcode=156277&menuNo=200013,
2026-05-12T14:23:40.785219+09:00,창덕궁·종묘,창덕궁·종묘,POI012,KEY_2,2026년 창경궁 야연(상반기),2026-05-07~2026-05-17,창경궁 문정전 일원,126.993841430623,37.5776239475981,,https://culture.seoul.go.kr/cmmn/file/getImage.do?atchFileId=9e29ccf0743c49d0a4fb2c0ad10ffb9e&thumb=Y,https://culture.seoul.go.kr/culture/culture/cultureEvent/view.do?cultcode=157796&menuNo=200011,
2026-05-12T14:23:40.785219+09:00,창덕궁·종묘,창덕궁·종묘,POI012,KEY_2,2026년 창덕궁 달빛기행(상반기),2026-04-16~2026-05-31,창덕궁,126.989710338876,37.5788697347103,,https://culture.seoul.go.kr/cmmn/file/getImage.do?atchFileId=ff2504aca6df4f19a9a1a3f095c02178&thumb=Y,https://culture.seoul.go.kr/culture/culture/cultureEvent/view.do?cultcode=157394&menuNo=200011,
2026-05-12T14:23:40.785219+09:00,동대문 관광특구,동대문 관광특구,POI002,KEY_1,김영준 x 요시다 유니 기획전 Face to face,2026-05-07~2026-06-07,DDP 이간수문전시장,127.00977973484339,37.56735731522952,,https://culture.seoul.go.kr/cmmn/file/getImage.do?atchFileId=2e699755a39b40619ddea53a22e59ef4&thumb=Y,https://culture.seoul.go.kr/culture/culture/cultureEvent/view.do?cultcode=157672&menuNo=200009,
2026-05-12T14:23:40.785219+09:00,동대문 관광특구,동대문 관광특구,POI002,KEY_1,Let Dreams Shine! [베베핀 드림랜드],2026-05-01~2026-05-31,동대문디자인플라자 디자인랩1층 DDP쇼룸,127.00977973484339,37.56735731522952,,https://culture.seoul.go.kr/cmmn/file/getImage.do?atchFileId=b578b0a0e4724a718dff9fbd6ca77cbc&thumb=Y,https://culture.seoul.go.kr/culture/culture/cultureEvent/view.do?cultcode=157641&menuNo=200011,
2026-05-12T14:23:40.785219+09:00,동대문 관광특구,동대문 관광특구,POI002,KEY_1,DDPlay 버스킹 5월 공연 안내,2026-05-01~2026-05-31,DDP 어울림광장， 팔거리,127.00977973484339,37.56735731522952,,https://culture.seoul.go.kr/cmmn/file/getImage.do?atchFileId=06255b5f16c1435a95ddf9214cbe8d86&thumb=Y,https://culture.seoul.go.kr/culture/culture/cultureEvent/view.do?cultcode=157546&menuNo=200008,
2026-05-12T14:23:40.785219+09:00,동대문 관광특구,동대문 관광특구,POI002,KEY_1,[서울디자인재단] 키크니 특별전 : 그렸고 그런 사이,2026-04-25~2026-09-06,뮤지엄 전시1관,127.00977973484339,37.56735731522952,,https://culture.seoul.go.kr/cmmn/file/getImage.do?atchFileId=5b5e3f16b605439ea83b1ecf8d5ce8b8&thumb=Y,https://culture.seoul.go.kr/culture/culture/cultureEvent/view.do?cultcode=157351&menuNo=200009,
2026-05-12T14:23:40.785219+09:00,동대문 관광특구,동대문 관광특구,POI002,KEY_1,[중구문화재단] 뮤지컬 [스윙 데이즈_암호명 A],2026-04-16~2026-07-05,충무아트센터 대극장,127.014790889728,37.5659409687669,,https://culture.seoul.go.kr/cmmn/file/getImage.do?atchFileId=862c9a38b3b146358637293a4f2c8d30&thumb=Y,https://culture.seoul.go.kr/culture/culture/cultureEvent/view.do?cultcode=156673&menuNo=200008,
2026-05-12T14:23:40.785219+09:00,동대문 관광특구,동대문 관광특구,POI002,KEY_1,[서울시립미술관×중구문화재단] 협력전시 [SeMA Collection: 청록미로],2026-04-15~2026-05-17,충무아트센터 갤러리 G1,127.014790889728,37.5659409687669,,https://culture.seoul.go.kr/cmmn/file/getImage.do?atchFileId=cfa4043b588541618a1c45763ada3e23&thumb=Y,https://culture.seoul.go.kr/culture/culture/cultureEvent/view.do?cultcode=157621&menuNo=200009,
2026-05-12T14:23:40.785219+09:00,동대문 관광특구,동대문 관광특구,POI002,KEY_1,이상한 K-뷰티 : 엄마의 서랍장,2026-04-10~2026-06-10,DDP 마켓 B2F 비더비 다운타운,127.00977973484339,37.56735731522952,,https://culture.seoul.go.kr/cmmn/file/getImage.do?atchFileId=e187f20c0b5d4e7ebcbff38d8f60b63e&thumb=Y,https://culture.seoul.go.kr/culture/culture/cultureEvent/view.do?cultcode=157606&menuNo=200009,
2026-05-12T14:23:40.785219+09:00,동대문 관광특구,동대문 관광특구,POI002,KEY_1,[서울디자인재단] DDP 루프탑 투어_2026,2026-03-21~2026-05-31,DDP 뮤지엄 1층(M3 출입문) 투어 데스크 (시작장소),127.00977973484339,37.56735731522952,,https://culture.seoul.go.kr/cmmn/file/getImage.do?atchFileId=973b28af071b405ea7f6eb7ab715abaa&thumb=Y,https://culture.seoul.go.kr/culture/culture/cultureEvent/view.do?cultcode=157428&menuNo=200011,
2026-05-12T14:23:40.785219+09:00,동대문 관광특구,동대문 관광특구,POI002,KEY_1,BtheB 뷰티기획전 [Beauty For All],2026-02-28~2026-06-07,DDP 지하2층 DDP마켓 비더비,127.00977973484339,37.56735731522952,,https://culture.seoul.go.kr/cmmn/file/getImage.do?atchFileId=5209bf1d22f345568a88cce60bbc8688&thumb=Y,https://culture.seoul.go.kr/culture/culture/cultureEvent/view.do?cultcode=156852&menuNo=200009,
2026-05-12T14:23:40.785219+09:00,동대문 관광특구,동대문 관광특구,POI002,KEY_1,[중구문화재단] 뮤지컬 [홍련],2026-02-28~2026-05-17,충무아트센터 중극장 블랙,127.014790889728,37.5659409687669,,https://culture.seoul.go.kr/cmmn/file/getImage.do?atchFileId=e86257233f3b4d50bf436983435399eb&thumb=Y,https://culture.seoul.go.kr/culture/culture/cultureEvent/view.do?cultcode=156539&menuNo=200008,
2026-05-12T14:23:40.785219+09:00,동대문 관광특구,동대문 관광특구,POI002,KEY_1,[DDP] Dream in Light,2026-01-09~2026-12-31,DDP 전면， 유구전시장 앞， 미래로 상부,127.00977973484339,37.56735731522952,,https://culture.seoul.go.kr/cmmn/file/getImage.do?atchFileId=bfa59aa56eed4af8b441d88bad873037&thumb=Y,https://culture.seoul.go.kr/culture/culture/cultureEvent/view.do?cultcode=156491&menuNo=200009,
2026-05-12T14:23:40.785219+09:00,동대문 관광특구,동대문 관광특구,POI002,KEY_1,[서울디자인재단] DDP 건축투어,2026-01-02~2026-12-31,DDP 뮤지엄 1층 투어데스크,127.00977973484339,37.56735731522952,N,https://culture.seoul.go.kr/cmmn/file/getImage.do?atchFileId=47da849abe944ec9b7dedaf1ab283714&thumb=Y,https://culture.seoul.go.kr/culture/culture/cultureEvent/view.do?cultcode=156552&menuNo=200009,
2026-05-12T14:23:40.785219+09:00,명동 관광특구,명동 관광특구,POI003,KEY_2,[서울도서관] 2026년 서울야외도서관 (책읽는 서울광장， 광화문 책마당， 책읽는 맑은 냇가),2026-04-23~2026-11-01,서울광장， 광화문 광장， 청계천 일대,126.97769782752,37.5653338689441,N,https://culture.seoul.go.kr/cmmn/file/getImage.do?atchFileId=57da07b01aed40ad984d40559a42ae61&thumb=Y,https://culture.seoul.go.kr/culture/culture/cultureEvent/view.do?cultcode=156879&menuNo=200010,
2026-05-12T14:23:40.785219+09:00,명동 관광특구,명동 관광특구,POI003,KEY_2,2026 해치마당 미디어월 봄 전시,2026-04-10~2026-06-19,광화문 역 9번출구 진입로 벽면 해치마당 미디어월,126.976787992565,37.5716228232824,,https://culture.seoul.go.kr/cmmn/file/getImage.do?atchFileId=ac862f94f21744ec8092ccc4372c0539&thumb=Y,https://culture.seoul.go.kr/culture/culture/cultureEvent/view.do?cultcode=157787&menuNo=200009,
2026-05-12T14:23:40.785219+09:00,명동 관광특구,명동 관광특구,POI003,KEY_2,[서울시] 2026년 서울청년문화패스 신청자 모집,2025-12-22~2026-12-31,온라인 접수,126.97860700965403,37.56672958991572,,https://culture.seoul.go.kr/cmmn/file/getImage.do?atchFileId=24931799627a43ea9e2b4960b00c9c4f&thumb=Y,https://culture.seoul.go.kr/culture/culture/cultureEvent/view.do?cultcode=156277&menuNo=200013,
2026-05-12T14:23:40.785219+09:00,잠실 관광특구,잠실 관광특구,POI005,KEY_1,[한성백제박물관] 상반기 장애인 단체 대면 교육 [옛날옛날， 빛나는 백제 이야기],2026-05-12~2026-06-30,박물관 로비/교육실,127.12088940368128,37.51543881335773,,https://culture.seoul.go.kr/cmmn/file/getImage.do?atchFileId=58420146f27740e39e6ac91e88d71d70&thumb=Y,https://culture.seoul.go.kr/culture/culture/cultureEvent/view.do?cultcode=157690&menuNo=200011,
2026-05-12T14:23:40.785219+09:00,잠실 관광특구,잠실 관광특구,POI005,KEY_1,[서울백제어린이박물관] 초등 2-3학년 학급 대상 [어린이백제연구소2] 옛날 도구， 오늘날 도구 (도구의변천),2026-05-12~2026-06-10,서울백제어린이박물관(교육실， 전시실),127.124412,37.523991,,https://culture.seoul.go.kr/cmmn/file/getImage.do?atchFileId=85ede03678db4ee5a0adb99f465d78ff&thumb=Y,https://culture.seoul.go.kr/culture/culture/cultureEvent/view.do?cultcode=156836&menuNo=200011,
2026-05-12T14:23:40.785219+09:00,잠실 관광특구,잠실 관광특구,POI005,KEY_1,[한성백제박물관] 2026년 상반기 성인 대상 [서울 고대유적 탐방],2026-04-28~2026-06-11,한성백제박물관， 몽촌토성， 풍납동토성， 석촌동고분군 일대,127.12088940368128,37.51543881335773,,https://culture.seoul.go.kr/cmmn/file/getImage.do?atchFileId=3d89263b5e85481c894204ef7a05d20e&thumb=Y,https://culture.seoul.go.kr/culture/culture/cultureEvent/view.do?cultcode=157084&menuNo=200011,
2026-05-12T14:23:40.785219+09:00,잠실 관광특구,잠실 관광특구,POI005,KEY_1,[소마미술관] 조각이 꿈+틀 [올림픽조각체험프로젝트#02] 상설전,2026-04-17~2026-09-06,소마미술관 2관 상설전시실,127.118166964751,37.516920655117,,https://culture.seoul.go.kr/cmmn/file/getImage.do?atchFileId=c4ac3bd4533342b993b5ccfd5d42086c&thumb=Y,https://culture.seoul.go.kr/culture/culture/cultureEvent/view.do?cultcode=157117&menuNo=200009,
2026-05-12T14:23:40.785219+09:00,잠실 관광특구,잠실 관광특구,POI005,KEY_1,올림픽 조각체험 프로젝트#2 [조각이 꿈+틀],2026-04-17~2026-09-06,소마미술관,127.118166964751,37.516920655117,,https://culture.seoul.go.kr/cmmn/file/getImage.do?atchFileId=6825663978de46c192543240dfbb2185&thumb=Y,https://culture.seoul.go.kr/culture/culture/cultureEvent/view.do?cultcode=157318&menuNo=200009,
2026-05-12T14:23:40.785219+09:00,잠실 관광특구,잠실 관광특구,POI005,KEY_1,[소마미술관] 그림책이 살아있다!,2026-04-17~2026-09-06,소마미술관 2관 기획전시실,127.118166964751,37.516920655117,,https://culture.seoul.go.kr/cmmn/file/getImage.do?atchFileId=cf267080189e4a3eadeeb6c5e8b0ade7&thumb=Y,https://culture.seoul.go.kr/culture/culture/cultureEvent/view.do?cultcode=157116&menuNo=200009,
2026-05-12T14:23:40.785219+09:00,잠실 관광특구,잠실 관광특구,POI005,KEY_1,이승택 개인전 [조각의 바깥에서],2026-04-10~2026-07-26,소마미술관,127.118166964751,37.516920655117,,https://culture.seoul.go.kr/cmmn/file/getImage.do?atchFileId=fa83edf506b643e2bec777cac69729ce&thumb=Y,https://culture.seoul.go.kr/culture/culture/cultureEvent/view.do?cultcode=157317&menuNo=200009,
2026-05-12T14:23:40.785219+09:00,잠실 관광특구,잠실 관광특구,POI005,KEY_1,[한성백제박물관] 2026년 상반기 문화다양성 교육 [백제와 함께하는 이웃나라들],2026-03-31~2026-06-30,대면) 박물관 교육실/ (비대면) 각 학급 교실,127.12088940368128,37.51543881335773,,https://culture.seoul.go.kr/cmmn/file/getImage.do?atchFileId=79379b0c10fc462fb325ecdb455dd3db&thumb=Y,https://culture.seoul.go.kr/culture/culture/cultureEvent/view.do?cultcode=157232&menuNo=200011,
2026-05-12T14:23:40.785219+09:00,잠실 관광특구,잠실 관광특구,POI005,KEY_1,[한성백제박물관] 2026 상반기 초등단체 대면 교육 [서울 쏙! 백제 콕!],2026-03-26~2026-07-03,한성백제박물관 교육실,127.12088940368128,37.51543881335773,,https://culture.seoul.go.kr/cmmn/file/getImage.do?atchFileId=f3b484610b65420297a3ae47001c6120&thumb=Y,https://culture.seoul.go.kr/culture/culture/cultureEvent/view.do?cultcode=156906&menuNo=200011,
2026-05-12T14:23:40.785219+09:00,잠실 관광특구,잠실 관광특구,POI005,KEY_1,[한성백제박물관] 2026 상반기 초등단체 비대면 교육 [서울 쏙! 백제 콕!],2026-03-26~2026-07-03,각 학급 교실(비대면 원격 교육),127.12088940368128,37.51543881335773,,https://culture.seoul.go.kr/cmmn/file/getImage.do?atchFileId=fb761ebe217849eaa4f63b1b0f6ac759&thumb=Y,https://culture.seoul.go.kr/culture/culture/cultureEvent/view.do?cultcode=156907&menuNo=200011,
2026-05-12T14:23:40.785219+09:00,잠실 관광특구,잠실 관광특구,POI005,KEY_1,[한성백제박물관] 초등 4~6학년 단체 대면 교육 [한강삼국지: 삼국의 한강 쟁탈전],2026-03-24~2026-07-01,한성백제박물관 교육실,127.12088940368128,37.51543881335773,,https://culture.seoul.go.kr/cmmn/file/getImage.do?atchFileId=0183d0f0f64d43dea7f2f1f5a5823734&thumb=Y,https://culture.seoul.go.kr/culture/culture/cultureEvent/view.do?cultcode=156755&menuNo=200011,
2026-05-12T14:23:40.785219+09:00,잠실 관광특구,잠실 관광특구,POI005,KEY_1,[한성백제박물관] 초등 4~6학년 학급 비대면 교육 [한강삼국지: 삼국의 한강 쟁탈전],2026-03-24~2026-07-01,신청 학급 교실,127.12088940368128,37.51543881335773,,https://culture.seoul.go.kr/cmmn/file/getImage.do?atchFileId=ee2f38002896461d88e55f36df203dfc&thumb=Y,https://culture.seoul.go.kr/culture/culture/cultureEvent/view.do?cultcode=156754&menuNo=200011,
2026-05-12T14:23:40.785219+09:00,잠실 관광특구,잠실 관광특구,POI005,KEY_1,홍범·김주환 2인전 [틈을 걷다],2026-03-24~2026-05-24,더 갤러리 호수,127.107617545434,37.512296516856,,https://culture.seoul.go.kr/cmmn/file/getImage.do?atchFileId=3e31e677b15e459ca780d07a735a163d&thumb=Y,https://culture.seoul.go.kr/culture/culture/cultureEvent/view.do?cultcode=157251&menuNo=200009,
2026-05-12T14:23:40.785219+09:00,잠실 관광특구,잠실 관광특구,POI005,KEY_1,[서울백제어린이박물관] 유단체 대상 [서울역사생태탐험대1] 봄,2026-03-19~2026-05-21,서울백제어린이박물관(교육실， 전시실)， 야외생태체험장， 전시실 등,127.124412,37.523991,,https://culture.seoul.go.kr/cmmn/file/getImage.do?atchFileId=7504518b70b54ac7b5c8367519f44947&thumb=Y,https://culture.seoul.go.kr/culture/culture/cultureEvent/view.do?cultcode=156747&menuNo=200011,
2026-05-12T14:23:40.785219+09:00,잠실 관광특구,잠실 관광특구,POI005,KEY_1,[한성백제박물관] 2026년 상반기 주말가족교육 [문화유산 보존 연구소],2026-03-14~2026-07-04,한성백제박물관 교육실,127.12088940368128,37.51543881335773,,https://culture.seoul.go.kr/cmmn/file/getImage.do?atchFileId=69fec744c82446619d58e8ce8cb6baab&thumb=Y,https://culture.seoul.go.kr/culture/culture/cultureEvent/view.do?cultcode=156850&menuNo=200011,
2026-05-12T14:23:40.785219+09:00,잠실 관광특구,잠실 관광특구,POI005,KEY_1,[한성백제박물관] 2026년 상반기 주말가족탐방 [몽촌토성 탐방],2026-03-14~2026-05-30,몽촌토성， 박물관 교육실,127.12088940368128,37.51543881335773,,https://culture.seoul.go.kr/cmmn/file/getImage.do?atchFileId=31a20aade65d41b882a74ff2a6424ee7&thumb=Y,https://culture.seoul.go.kr/culture/culture/cultureEvent/view.do?cultcode=156851&menuNo=200011,
2026-05-12T14:23:40.785219+09:00,종로·청계 관광특구,종로·청계 관광특구,POI006,KEY_2,2026 Creative AI : Computer Vision,2026-05-12~2026-06-09,서울 종로구 율곡로 1길 37,126.980303746598,37.5696912777696,,https://culture.seoul.go.kr/cmmn/file/getImage.do?atchFileId=14a3fd01522546f8a240146ca6e846be&thumb=Y,https://culture.seoul.go.kr/culture/culture/cultureEvent/view.do?cultcode=157502&menuNo=200011,
2026-05-12T14:23:40.785219+09:00,종로·청계 관광특구,종로·청계 관광특구,POI006,KEY_2,2026 해치마당 미디어월 봄 전시,2026-04-10~2026-06-19,광화문 역 9번출구 진입로 벽면 해치마당 미디어월,126.976787992565,37.5716228232824,,https://culture.seoul.go.kr/cmmn/file/getImage.do?atchFileId=ac862f94f21744ec8092ccc4372c0539&thumb=Y,https://culture.seoul.go.kr/culture/culture/cultureEvent/view.do?cultcode=157787&menuNo=200009,
2026-05-12T14:23:40.785219+09:00,종로·청계 관광특구,종로·청계 관광특구,POI006,KEY_2,기.기.기(奇.己.氣): 동시대와 시행착오,2026-04-01~2026-05-31,일민미술관,126.977657083792,37.5698677620456,,https://culture.seoul.go.kr/cmmn/file/getImage.do?atchFileId=6e05d79e4d0e4358b3eae2df5081eb13&thumb=Y,https://culture.seoul.go.kr/culture/culture/cultureEvent/view.do?cultcode=157256&menuNo=200009,
2026-05-12T14:23:40.785219+09:00,홍대 관광특구,홍대 관광특구,POI007,KEY_3,[서울생활문화센터 서교] art1st - 소리로 그리는 마음,2026-05-12~2026-07-28,서울생활문화센터 서교(합정역),126.916493990351,37.5508138163956,,https://culture.seoul.go.kr/cmmn/file/getImage.do?atchFileId=e1a661be31c548d7927816115a8ee8cf&thumb=Y,https://culture.seoul.go.kr/culture/culture/cultureEvent/view.do?cultcode=157788&menuNo=200011,
2026-05-12T14:23:40.785219+09:00,홍대 관광특구,홍대 관광특구,POI007,KEY_3,김재연 개인전: 호기,2026-05-12~2026-05-24,크리스프 웨지,126.916412664084,37.5493590071323,,https://culture.seoul.go.kr/cmmn/file/getImage.do?atchFileId=242e40f466f2481fbd48977d6050188c&thumb=Y,https://culture.seoul.go.kr/culture/culture/cultureEvent/view.do?cultcode=157741&menuNo=200009,
2026-05-12T14:23:40.785219+09:00,고척돔,고척돔,POI086,KEY_2,[서울아트책보고] 처음 만나는 미술사 - 이소영 미술 교육인ㆍ미술 에세이스트,2026-05-02~2026-05-16,서울아트책보고 워크숍룸,126.867088741096,37.4982125677913,,https://culture.seoul.go.kr/cmmn/file/getImage.do?atchFileId=f47a521600bd4c239ce177fe47f7d1e8&thumb=Y,https://culture.seoul.go.kr/culture/culture/cultureEvent/view.do?cultcode=157567&menuNo=200011,
2026-05-12T14:23:40.785219+09:00,고척돔,고척돔,POI086,KEY_2,[서울아트책보고] 나와 타인을 알아가는 글쓰기,2026-04-08~2026-05-13,서울아트책보고,126.867088741096,37.4982125677913,N,https://culture.seoul.go.kr/cmmn/file/getImage.do?atchFileId=934cbbeed0e94753b2ddef8f32fddfe6&thumb=Y,https://culture.seoul.go.kr/culture/culture/cultureEvent/view.do?cultcode=156877&menuNo=200011,
2026-05-12T14:23:40.785219+09:00,고척돔,고척돔,POI086,KEY_2,[서울아트책보고] 처음 만나는 세계,2026-03-10~2026-05-31,서울아트책보고 북카페 앤 라운지,126.867088741096,37.4982125677913,,https://culture.seoul.go.kr/cmmn/file/getImage.do?atchFileId=57c7dae9273d4eaeb82db962852b352e&thumb=Y,https://culture.seoul.go.kr/culture/culture/cultureEvent/view.do?cultcode=156892&menuNo=200009,
2026-05-12T14:23:40.785219+09:00,광화문광장,광화문광장,POI088,KEY_1,빛과 어둠의 경계에서,2026-05-02~2026-05-25,세종문화회관 세종S씨어터,126.9760053,37.5726241,,https://culture.seoul.go.kr/cmmn/file/getImage.do?atchFileId=0eeea492c11e4eb7816334e58cfeb6ce&thumb=Y,https://culture.seoul.go.kr/culture/culture/cultureEvent/view.do?cultcode=157335&menuNo=200008,
2026-05-12T14:23:40.785219+09:00,광화문광장,광화문광장,POI088,KEY_1,2026 의정부지 역사유적광장 전통무예행사,2026-04-11~2026-10-31,의정부지 역사유적광장,126.977967142855,37.5748036513699,,https://culture.seoul.go.kr/cmmn/file/getImage.do?atchFileId=628a9bae996a407bbfee67752dd508db&thumb=Y,https://culture.seoul.go.kr/culture/culture/cultureEvent/view.do?cultcode=157327&menuNo=200010,
2026-05-12T14:23:40.785219+09:00,광화문광장,광화문광장,POI088,KEY_1,2026 아뜰리에 광화 봄 전시 [피어나는 빛],2026-04-11~2026-06-19,세종문화회관 외벽 미디어파사드,126.9760053,37.5726241,,https://culture.seoul.go.kr/cmmn/file/getImage.do?atchFileId=196d7f704d5646a2bb4bb40523a8c4aa&thumb=Y,https://culture.seoul.go.kr/culture/culture/cultureEvent/view.do?cultcode=157432&menuNo=200009,
2026-05-12T14:23:40.785219+09:00,광화문광장,광화문광장,POI088,KEY_1,2026 해치마당 미디어월 봄 전시,2026-04-10~2026-06-19,광화문 역 9번출구 진입로 벽면 해치마당 미디어월,126.976787992565,37.5716228232824,,https://culture.seoul.go.kr/cmmn/file/getImage.do?atchFileId=ac862f94f21744ec8092ccc4372c0539&thumb=Y,https://culture.seoul.go.kr/culture/culture/cultureEvent/view.do?cultcode=157787&menuNo=200009,
2026-05-12T14:23:40.785219+09:00,광화문광장,광화문광장,POI088,KEY_1,[경복궁] 2026 생과방(상반기),2026-04-08~2026-05-27,경복궁 생과방,126.976842133821,37.5759040910202,,https://culture.seoul.go.kr/cmmn/file/getImage.do?atchFileId=4864144c5a084ea4a1228924afe585e6&thumb=Y,https://culture.seoul.go.kr/culture/culture/cultureEvent/view.do?cultcode=157368&menuNo=200011,
2026-05-12T14:23:40.785219+09:00,광화문광장,광화문광장,POI088,KEY_1,2026년 집옥재(팔우정 포함) 작은 도서관 개방,2026-04-01~2026-10-31,경복궁 집옥재·팔우정,126.976842133821,37.5759040910202,,https://culture.seoul.go.kr/cmmn/file/getImage.do?atchFileId=d70525e916b548cda13443c9e10190f3&thumb=Y,https://culture.seoul.go.kr/culture/culture/cultureEvent/view.do?cultcode=157383&menuNo=200011,
2026-05-12T14:23:40.785219+09:00,광화문광장,광화문광장,POI088,KEY_1,2026년 경복궁 [경회루·향원정] 특별관람,2026-04-01~2026-10-30,경복궁 경회루·향원정,126.976842133821,37.5759040910202,,https://culture.seoul.go.kr/cmmn/file/getImage.do?atchFileId=37630da9c19349fbac8494e92e5c64d8&thumb=Y,https://culture.seoul.go.kr/culture/culture/cultureEvent/view.do?cultcode=157389&menuNo=200011,
2026-05-12T14:23:40.785219+09:00,광화문광장,광화문광장,POI088,KEY_1,[세종문화회관] 세종예술아카데미 [정승빈 작가] 스테들러와 함께하는 여행드로잉 클래스,2026-03-31~2026-09-15,세종예술아카데미 스퀘어홀,126.9760053,37.5726241,,https://culture.seoul.go.kr/cmmn/file/getImage.do?atchFileId=a0247bcdf4484818baaca748c977391f&thumb=Y,https://culture.seoul.go.kr/culture/culture/cultureEvent/view.do?cultcode=157026&menuNo=200011,
2026-05-12T14:23:40.785219+09:00,광화문광장,광화문광장,POI088,KEY_1,[세종문화회관] 세종예술아카데미 [박인홍 작가] 스테들러와 함께하는 여행드로잉 클래스,2026-03-31~2026-08-31,세종예술아카데미 스퀘어홀,126.9760053,37.5726241,,https://culture.seoul.go.kr/cmmn/file/getImage.do?atchFileId=c9b88469d8f0468e960f00b0e5b0785d&thumb=Y,https://culture.seoul.go.kr/culture/culture/cultureEvent/view.do?cultcode=157025&menuNo=200011,
2026-05-12T14:23:40.785219+09:00,광화문광장,광화문광장,POI088,KEY_1,[세종문화회관] 세종예술아카데미 [그레이스 발레 (성인 취미 발레)],2026-03-30~2026-06-29,세종문화회관 예술동 4층 종합연습실,126.9760053,37.5726241,,https://culture.seoul.go.kr/cmmn/file/getImage.do?atchFileId=8b685870654e4cd78bf509ea783f7748&thumb=Y,https://culture.seoul.go.kr/culture/culture/cultureEvent/view.do?cultcode=156885&menuNo=200011,.
2026-05-12T14:23:40.785219+09:00,광화문광장,광화문광장,POI088,KEY_1,[세종문화회관] 세종예술아카데미 [정연석 작가] 스테들러와 함께하는 여행드로잉 클래스,2026-03-28~2026-09-05,세종예술아카데미 스퀘어홀,126.9760053,37.5726241,,https://culture.seoul.go.kr/cmmn/file/getImage.do?atchFileId=df2237ca7f754d009407bc3321cae86f&thumb=Y,https://culture.seoul.go.kr/culture/culture/cultureEvent/view.do?cultcode=157028&menuNo=200011,
2026-05-12T14:23:40.785219+09:00,광화문광장,광화문광장,POI088,KEY_1,[세종문화회관] 세종예술아카데미 [이승익 작가] 스테들러와 함께하는 여행드로잉 클래스,2026-03-28~2026-08-29,세종예술아카데미 스퀘어홀,126.9760053,37.5726241,,https://culture.seoul.go.kr/cmmn/file/getImage.do?atchFileId=09ebfb8dbbcf453e86aadfe529b90ff8&thumb=Y,https://culture.seoul.go.kr/culture/culture/cultureEvent/view.do?cultcode=157027&menuNo=200011,
2026-05-12T14:23:40.785219+09:00,광화문광장,광화문광장,POI088,KEY_1,[세종문화회관] 2026 상반기 세종 어린이 발레 아카데미,2026-03-28~2026-06-27,세종문화회관 예술동 4층 종합연습실,126.9760053,37.5726241,,https://culture.seoul.go.kr/cmmn/file/getImage.do?atchFileId=b47ad1471d3d428a9482934f7b03787f&thumb=Y,https://culture.seoul.go.kr/culture/culture/cultureEvent/view.do?cultcode=157104&menuNo=200011,
2026-05-12T14:23:40.785219+09:00,광화문광장,광화문광장,POI088,KEY_1,[세종문화회관] 세종예술아카데미 [이야기가 있는 클래식],2026-03-19~2026-05-28,세종문화회관 서클홀,126.9760053,37.5726241,,https://culture.seoul.go.kr/cmmn/file/getImage.do?atchFileId=0373af8e16694df8b923159a02ec0a2a&thumb=Y,https://culture.seoul.go.kr/culture/culture/cultureEvent/view.do?cultcode=156883&menuNo=200011,.
2026-05-12T14:23:40.785219+09:00,광화문광장,광화문광장,POI088,KEY_1,[세종문화회관] 세종예술아카데미 [미술사가 이 현의 전시와 함께보는 서양 미술사 - 바로크와 로코코],2026-03-19~2026-05-21,세종문화회관 서클홀,126.9760053,37.5726241,,https://culture.seoul.go.kr/cmmn/file/getImage.do?atchFileId=377ac3cd61d6416baa3b3f43a826b900&thumb=Y,https://culture.seoul.go.kr/culture/culture/cultureEvent/view.do?cultcode=156881&menuNo=200011,.
2026-05-12T14:23:40.785219+09:00,광화문광장,광화문광장,POI088,KEY_1,[세종문화회관] 세종예술아카데미 [클래식브런치],2026-03-18~2026-05-20,세종문화회관 서클홀,126.9760053,37.5726241,,https://culture.seoul.go.kr/cmmn/file/getImage.do?atchFileId=43b7fd7ecf2b44d1b7ba2ec25e6cc7a7&thumb=Y,https://culture.seoul.go.kr/culture/culture/cultureEvent/view.do?cultcode=156880&menuNo=200011,.
2026-05-12T14:23:40.785219+09:00,광화문광장,광화문광장,POI088,KEY_1,[세종문화회관] 세종예술아카데미 [히든보이스],2026-03-17~2026-06-30,세종문화회관 서클홀,126.9760053,37.5726241,,https://culture.seoul.go.kr/cmmn/file/getImage.do?atchFileId=96b505aa681348d48b661d248108f577&thumb=Y,https://culture.seoul.go.kr/culture/culture/cultureEvent/view.do?cultcode=156809&menuNo=200011,.
2026-05-12T14:23:40.785219+09:00,광화문광장,광화문광장,POI088,KEY_1,[세종문화회관] 세종예술아카데미 [2026 상반기 스포츠 in 아트스테이션],2026-03-16~2026-06-26,세종문화회관 오픈스테이지의 탁 트인 마루형 공간,126.9760053,37.5726241,,https://culture.seoul.go.kr/cmmn/file/getImage.do?atchFileId=16cb755c035e4ddc86c7cfbfa3654ca5&thumb=Y,https://culture.seoul.go.kr/culture/culture/cultureEvent/view.do?cultcode=157023&menuNo=200011,
2026-05-12T14:23:40.785219+09:00,광화문광장,광화문광장,POI088,KEY_1,[국가유산청 궁능유적본부] 수문장 순라의식,2026-03-01~2026-11-29,(토요일)경복궁 내부 (일요일， 공휴일)인사동 문화의 거리,126.976842133821,37.5759040910202,,https://culture.seoul.go.kr/cmmn/file/getImage.do?atchFileId=923de3d9169e463b9c8098a8e132be38&thumb=Y,https://culture.seoul.go.kr/culture/culture/cultureEvent/view.do?cultcode=156996&menuNo=200013,
2026-05-12T14:23:40.785219+09:00,국립중앙박물관·용산가족공원,국립중앙박물관·용산가족공원,POI089,KEY_2,[국립중앙박물관] 이슬람 미술， 찬란한 빛의 여정,2025-11-22~2026-10-11,국립중앙박물관 상설전시관 이슬람실,126.98020301648833,37.52385582212769,,https://culture.seoul.go.kr/cmmn/file/getImage.do?atchFileId=69db1f87ea6447c6a1fe901e146ce2e1&thumb=Y,https://culture.seoul.go.kr/culture/culture/cultureEvent/view.do?cultcode=156371&menuNo=200009,
2026-05-12T14:23:40.785219+09:00,국립중앙박물관·용산가족공원,국립중앙박물관·용산가족공원,POI089,KEY_2,[국립중앙박물관] 보존과학， 새로운 시작 함께하는 미래,2025-10-28~2026-06-30,국립중앙박물관 보존과학센터 1층,126.98020301648833,37.52385582212769,,https://culture.seoul.go.kr/cmmn/file/getImage.do?atchFileId=649b5716289a4bf2a97dcc27a7962d0c&thumb=Y,https://culture.seoul.go.kr/culture/culture/cultureEvent/view.do?cultcode=156376&menuNo=200009,
2026-05-12T14:23:40.785219+09:00,국립중앙박물관·용산가족공원,국립중앙박물관·용산가족공원,POI089,KEY_2,[국립중앙박물관] 각角진 백자 이야기,2025-08-26~2026-06-21,국립중앙박물관 상설전시관 3층,126.98020301648833,37.52385582212769,,https://culture.seoul.go.kr/cmmn/file/getImage.do?atchFileId=e522fa75398e4832b8862dd5a66863a7&thumb=Y,https://culture.seoul.go.kr/culture/culture/cultureEvent/view.do?cultcode=156377&menuNo=200009,
2026-05-12T14:23:40.785219+09:00,남산공원,남산공원,POI091,KEY_1,2026 서울시 태권도 공연,2026-05-09~2026-10-18,남산골한옥마을， DDP(동대문디자인플라자) 등,126.994440072131,37.559304933707146,,https://culture.seoul.go.kr/cmmn/file/getImage.do?atchFileId=292cefda02074a1bba028aea65b48755&thumb=Y,https://culture.seoul.go.kr/culture/culture/cultureEvent/view.do?cultcode=157783&menuNo=200013,
2026-05-12T14:23:40.785219+09:00,남산공원,남산공원,POI091,KEY_1,[남산골한옥마을] 2026 남산골 전통체험 [예술가의 시간],2026-04-03~2026-10-25,남산골한옥마을 전통가옥 프로그램별 상이,126.994440072131,37.559304933707146,,https://culture.seoul.go.kr/cmmn/file/getImage.do?atchFileId=65cd91f8db7b435e96bed67b434bcb84&thumb=Y,https://culture.seoul.go.kr/culture/culture/cultureEvent/view.do?cultcode=157090&menuNo=200011,
2026-05-12T14:23:40.785219+09:00,남산공원,남산공원,POI091,KEY_1,[남산골한옥마을] 남산골 전통혼례,2026-03-28~2026-11-15,관훈동 민씨가옥 안채 마당 (야외 혼례),126.994440072131,37.559304933707146,,https://culture.seoul.go.kr/cmmn/file/getImage.do?atchFileId=33830aa756d2463ab6ae27c45a425b0e&thumb=Y,https://culture.seoul.go.kr/culture/culture/cultureEvent/view.do?cultcode=156333&menuNo=200010,
2026-05-12T14:23:40.785219+09:00,남산공원,남산공원,POI091,KEY_1,2026 국립극장 어린이 예술학교 유아반 (1학기),2026-03-14~2026-05-23,국립극장 뜰아래연습장 B2 다목적교육실,126.999267349473,37.5519949082942,,https://culture.seoul.go.kr/cmmn/file/getImage.do?atchFileId=4d36afd4ac204d67bade0bd7b035e70a&thumb=Y,https://culture.seoul.go.kr/culture/culture/cultureEvent/view.do?cultcode=156884&menuNo=200011,
2026-05-12T14:23:40.785219+09:00,노들섬,노들섬,POI092,KEY_2,2026 서울거리공연 구석구석라이브,2026-05-01~2026-12-31,공연별 상이,126.958036465507,37.5176638307111,,https://culture.seoul.go.kr/cmmn/file/getImage.do?atchFileId=edccc8857cfe4ac1886089adadae554e&thumb=Y,https://culture.seoul.go.kr/culture/culture/cultureEvent/view.do?cultcode=157655&menuNo=200008,
2026-05-12T14:23:40.785219+09:00,노들섬,노들섬,POI092,KEY_2,[서울문화재단] 2026 신당창작아케이드 [어쩌다 마주친 공예 in 노들섬],2026-03-27~2026-12-31,노들섬 노들서가 내 아트스페이스 엣지 1층 (서울특별시 용산구 양녕로 445),126.958036465507,37.5176638307111,,https://culture.seoul.go.kr/cmmn/file/getImage.do?atchFileId=a8c296336d0f4398b55de07ad93424af&thumb=Y,https://culture.seoul.go.kr/culture/culture/cultureEvent/view.do?cultcode=157363&menuNo=200009,
2026-05-12T14:23:40.785219+09:00,서울숲공원,서울숲공원,POI101,KEY_2,2026 서울국제정원박람회,2026-05-01~2026-10-27,서울숲 일대,127.041799099222,37.5430701468405,,https://culture.seoul.go.kr/cmmn/file/getImage.do?atchFileId=94950c28bee44177bf2bff226fec0dc4&thumb=Y,https://culture.seoul.go.kr/culture/culture/cultureEvent/view.do?cultcode=156916&menuNo=200010,
2026-05-12T14:23:40.785219+09:00,서울숲공원,서울숲공원,POI101,KEY_2,2026 서로장터,2026-04-26~2026-11-01,서울광장， 서울숲， 양재시민의 숲， 잠수교,127.041799099222,37.5430701468405,N,https://culture.seoul.go.kr/cmmn/file/getImage.do?atchFileId=b5b274e789f84a8da67e6c2ec3815326&thumb=Y,https://culture.seoul.go.kr/culture/culture/cultureEvent/view.do?cultcode=157478&menuNo=200010,
2026-05-12T14:23:40.785219+09:00,송현녹지광장,송현녹지광장,POI129,KEY_3,[서울공예박물관] 색유만개 : 권순형 기증특별전시,2026-05-12~2026-08-02,서울공예박물관 전시1동  1층 로비， 안내동 일부,126.983533363501,37.5766481740232,,https://culture.seoul.go.kr/cmmn/file/getImage.do?atchFileId=36124f9be563428e8d2635a4078fd319&thumb=Y,https://culture.seoul.go.kr/culture/culture/cultureEvent/view.do?cultcode=157607&menuNo=200009,
2026-05-12T14:23:40.785219+09:00,송현녹지광장,송현녹지광장,POI129,KEY_3,[서울공예박물관] 공예협력전시 [안동별궁， 시간의 겹],2026-04-28~2027-08-29,서울공예박물관 전시1동 3층 기획전시실,126.983533363501,37.5766481740232,N,https://culture.seoul.go.kr/cmmn/file/getImage.do?atchFileId=a1622fcb6e024123ac90f40cdc8e32fd&thumb=Y,https://culture.seoul.go.kr/culture/culture/cultureEvent/view.do?cultcode=157420&menuNo=200009,
2026-05-12T14:23:40.785219+09:00,송현녹지광장,송현녹지광장,POI129,KEY_3,[서울공예박물관] 한불수교 140주년 기념전시 [더 하이브리드],2026-04-28~2026-07-26,서울공예박물관 전시1동 3층 기획전시실,126.983533363501,37.5766481740232,N,https://culture.seoul.go.kr/cmmn/file/getImage.do?atchFileId=aaaf677cdfac468db6f5c9e13fd397ad&thumb=Y,https://culture.seoul.go.kr/culture/culture/cultureEvent/view.do?cultcode=157211&menuNo=200009,
2026-05-12T14:23:40.785219+09:00,송현녹지광장,송현녹지광장,POI129,KEY_3,[서울공예박물관] 공예동행@쇼윈도 #2. 빛의 흐름 The Flow of Light,2026-04-08~2026-05-31,전시3동 1층 쇼윈도 갤러리,126.983533363501,37.5766481740232,,https://culture.seoul.go.kr/cmmn/file/getImage.do?atchFileId=d813307c6065486caf69b2ad498a0e61&thumb=Y,https://culture.seoul.go.kr/culture/culture/cultureEvent/view.do?cultcode=157354&menuNo=200009,
2026-05-12T14:23:40.785219+09:00,송현녹지광장,송현녹지광장,POI129,KEY_3,스펙트로신테시스 서울 Spectrosynthesis Seoul,2026-03-20~2026-06-28,아트선재센터,126.981839239613,37.5794635323506,,https://culture.seoul.go.kr/cmmn/file/getImage.do?atchFileId=1bbb87d0d71243b996db22604e96a261&thumb=Y,https://culture.seoul.go.kr/culture/culture/cultureEvent/view.do?cultcode=157262&menuNo=200009,
2026-05-12T14:23:40.785219+09:00,어린이대공원,어린이대공원,POI104,KEY_1,[서울상상나라] To. 외계인,2026-05-09~2026-07-19,서울상상나라 B1 창의놀이실,127.077569,37.55055,,https://culture.seoul.go.kr/cmmn/file/getImage.do?atchFileId=240d6c4f932d44c099f463537898e10d&thumb=Y,https://culture.seoul.go.kr/culture/culture/cultureEvent/view.do?cultcode=157797&menuNo=200011,
2026-05-12T14:23:40.785219+09:00,어린이대공원,어린이대공원,POI104,KEY_1,[서울상상나라] 에너지 위기! 대체에너지 탐험,2026-05-09~2026-07-19,서울상상나라 B1 표현놀이실,127.077569,37.55055,,https://culture.seoul.go.kr/cmmn/file/getImage.do?atchFileId=582b93fb96294ba4b10535197ad0b6e4&thumb=Y,https://culture.seoul.go.kr/culture/culture/cultureEvent/view.do?cultcode=157798&menuNo=200011,
2026-05-12T14:23:40.785219+09:00,어린이대공원,어린이대공원,POI104,KEY_1,[서울상상나라] 우리 가족 얼굴 피자,2026-05-09~2026-05-31,서울상상나라 B1 요리놀이실,127.077569,37.55055,,https://culture.seoul.go.kr/cmmn/file/getImage.do?atchFileId=911928e567334b468469a48c46b21df2&thumb=Y,https://culture.seoul.go.kr/culture/culture/cultureEvent/view.do?cultcode=157800&menuNo=200011,
2026-05-12T14:23:40.785219+09:00,어린이대공원,어린이대공원,POI104,KEY_1,[서울상상나라] 연두빛 타르트,2026-05-09~2026-05-31,서울상상나라 B1 요리놀이실,127.077569,37.55055,,https://culture.seoul.go.kr/cmmn/file/getImage.do?atchFileId=8294893045ec4d9db9f6d5e2b49c908e&thumb=Y,https://culture.seoul.go.kr/culture/culture/cultureEvent/view.do?cultcode=157799&menuNo=200011,
2026-05-12T14:23:40.785219+09:00,어린이대공원,어린이대공원,POI104,KEY_1,[서울상상나라] 놀이의 가능성: 보다,2026-04-28~2026-10-31,서울상상나라 1층 로비,127.077569,37.55055,,https://culture.seoul.go.kr/cmmn/file/getImage.do?atchFileId=33e106ada63a4554889b2194d3b76aa7&thumb=Y,https://culture.seoul.go.kr/culture/culture/cultureEvent/view.do?cultcode=157801&menuNo=200009,
2026-05-12T14:23:40.785219+09:00,어린이대공원,어린이대공원,POI104,KEY_1,[서울상상나라] 2F 기획전시 [사랑하는 모양이야],2025-11-15~2026-11-15,2층 서울형 키즈카페 시립 서울상상나라점,127.077569,37.55055,,https://culture.seoul.go.kr/cmmn/file/getImage.do?atchFileId=49257064be8745158d56780a881325da&thumb=Y,https://culture.seoul.go.kr/culture/culture/cultureEvent/view.do?cultcode=156165&menuNo=200009,
2026-05-12T14:23:40.785219+09:00,어린이대공원,어린이대공원,POI104,KEY_1,[서울상상나라] 통-하다,2025-11-11~2026-11-11,서울상상나라 1층 상설전시실,127.077569,37.55055,,https://culture.seoul.go.kr/cmmn/file/getImage.do?atchFileId=43c7d50c4bcf488982db4ed5e5d6a2a9&thumb=Y,https://culture.seoul.go.kr/culture/culture/cultureEvent/view.do?cultcode=155891&menuNo=200009,
2026-05-12T14:23:40.785219+09:00,어린이대공원,어린이대공원,POI104,KEY_1,[서울상상나라] 그림책 작업실:엉뚱하고 기발한,2025-07-15~2026-07-15,서울상상나라 지하 1층 기획전시실,127.077569,37.55055,,https://culture.seoul.go.kr/cmmn/file/getImage.do?atchFileId=96afe0108a624e499e8ba01e7cb308c1&thumb=Y,https://culture.seoul.go.kr/culture/culture/cultureEvent/view.do?cultcode=154150&menuNo=200009,
2026-05-12T14:23:40.785219+09:00,올림픽공원,올림픽공원,POI127,KEY_1,[한성백제박물관] 상반기 장애인 단체 대면 교육 [옛날옛날， 빛나는 백제 이야기],2026-05-12~2026-06-30,박물관 로비/교육실,127.12088940368128,37.51543881335773,,https://culture.seoul.go.kr/cmmn/file/getImage.do?atchFileId=58420146f27740e39e6ac91e88d71d70&thumb=Y,https://culture.seoul.go.kr/culture/culture/cultureEvent/view.do?cultcode=157690&menuNo=200011,
2026-05-12T14:23:40.785219+09:00,올림픽공원,올림픽공원,POI127,KEY_1,[서울백제어린이박물관] 초등 2-3학년 학급 대상 [어린이백제연구소2] 옛날 도구， 오늘날 도구 (도구의변천),2026-05-12~2026-06-10,서울백제어린이박물관(교육실， 전시실),127.124412,37.523991,,https://culture.seoul.go.kr/cmmn/file/getImage.do?atchFileId=85ede03678db4ee5a0adb99f465d78ff&thumb=Y,https://culture.seoul.go.kr/culture/culture/cultureEvent/view.do?cultcode=156836&menuNo=200011,
2026-05-12T14:23:40.785219+09:00,올림픽공원,올림픽공원,POI127,KEY_1,[한성백제박물관] 2026년 상반기 성인 대상 [서울 고대유적 탐방],2026-04-28~2026-06-11,한성백제박물관， 몽촌토성， 풍납동토성， 석촌동고분군 일대,127.12088940368128,37.51543881335773,,https://culture.seoul.go.kr/cmmn/file/getImage.do?atchFileId=3d89263b5e85481c894204ef7a05d20e&thumb=Y,https://culture.seoul.go.kr/culture/culture/cultureEvent/view.do?cultcode=157084&menuNo=200011,
2026-05-12T14:23:40.785219+09:00,올림픽공원,올림픽공원,POI127,KEY_1,[소마미술관] 조각이 꿈+틀 [올림픽조각체험프로젝트#02] 상설전,2026-04-17~2026-09-06,소마미술관 2관 상설전시실,127.118166964751,37.516920655117,,https://culture.seoul.go.kr/cmmn/file/getImage.do?atchFileId=c4ac3bd4533342b993b5ccfd5d42086c&thumb=Y,https://culture.seoul.go.kr/culture/culture/cultureEvent/view.do?cultcode=157117&menuNo=200009,
2026-05-12T14:23:40.785219+09:00,올림픽공원,올림픽공원,POI127,KEY_1,올림픽 조각체험 프로젝트#2 [조각이 꿈+틀],2026-04-17~2026-09-06,소마미술관,127.118166964751,37.516920655117,,https://culture.seoul.go.kr/cmmn/file/getImage.do?atchFileId=6825663978de46c192543240dfbb2185&thumb=Y,https://culture.seoul.go.kr/culture/culture/cultureEvent/view.do?cultcode=157318&menuNo=200009,
2026-05-12T14:23:40.785219+09:00,올림픽공원,올림픽공원,POI127,KEY_1,[소마미술관] 그림책이 살아있다!,2026-04-17~2026-09-06,소마미술관 2관 기획전시실,127.118166964751,37.516920655117,,https://culture.seoul.go.kr/cmmn/file/getImage.do?atchFileId=cf267080189e4a3eadeeb6c5e8b0ade7&thumb=Y,https://culture.seoul.go.kr/culture/culture/cultureEvent/view.do?cultcode=157116&menuNo=200009,
2026-05-12T14:23:40.785219+09:00,올림픽공원,올림픽공원,POI127,KEY_1,이승택 개인전 [조각의 바깥에서],2026-04-10~2026-07-26,소마미술관,127.118166964751,37.516920655117,,https://culture.seoul.go.kr/cmmn/file/getImage.do?atchFileId=fa83edf506b643e2bec777cac69729ce&thumb=Y,https://culture.seoul.go.kr/culture/culture/cultureEvent/view.do?cultcode=157317&menuNo=200009,
2026-05-12T14:23:40.785219+09:00,올림픽공원,올림픽공원,POI127,KEY_1,[한성백제박물관] 2026년 상반기 문화다양성 교육 [백제와 함께하는 이웃나라들],2026-03-31~2026-06-30,대면) 박물관 교육실/ (비대면) 각 학급 교실,127.12088940368128,37.51543881335773,,https://culture.seoul.go.kr/cmmn/file/getImage.do?atchFileId=79379b0c10fc462fb325ecdb455dd3db&thumb=Y,https://culture.seoul.go.kr/culture/culture/cultureEvent/view.do?cultcode=157232&menuNo=200011,
2026-05-12T14:23:40.785219+09:00,올림픽공원,올림픽공원,POI127,KEY_1,[한성백제박물관] 2026 상반기 초등단체 대면 교육 [서울 쏙! 백제 콕!],2026-03-26~2026-07-03,한성백제박물관 교육실,127.12088940368128,37.51543881335773,,https://culture.seoul.go.kr/cmmn/file/getImage.do?atchFileId=f3b484610b65420297a3ae47001c6120&thumb=Y,https://culture.seoul.go.kr/culture/culture/cultureEvent/view.do?cultcode=156906&menuNo=200011,
2026-05-12T14:23:40.785219+09:00,올림픽공원,올림픽공원,POI127,KEY_1,[한성백제박물관] 2026 상반기 초등단체 비대면 교육 [서울 쏙! 백제 콕!],2026-03-26~2026-07-03,각 학급 교실(비대면 원격 교육),127.12088940368128,37.51543881335773,,https://culture.seoul.go.kr/cmmn/file/getImage.do?atchFileId=fb761ebe217849eaa4f63b1b0f6ac759&thumb=Y,https://culture.seoul.go.kr/culture/culture/cultureEvent/view.do?cultcode=156907&menuNo=200011,
2026-05-12T14:23:40.785219+09:00,올림픽공원,올림픽공원,POI127,KEY_1,[한성백제박물관] 초등 4~6학년 단체 대면 교육 [한강삼국지: 삼국의 한강 쟁탈전],2026-03-24~2026-07-01,한성백제박물관 교육실,127.12088940368128,37.51543881335773,,https://culture.seoul.go.kr/cmmn/file/getImage.do?atchFileId=0183d0f0f64d43dea7f2f1f5a5823734&thumb=Y,https://culture.seoul.go.kr/culture/culture/cultureEvent/view.do?cultcode=156755&menuNo=200011,
2026-05-12T14:23:40.785219+09:00,올림픽공원,올림픽공원,POI127,KEY_1,[한성백제박물관] 초등 4~6학년 학급 비대면 교육 [한강삼국지: 삼국의 한강 쟁탈전],2026-03-24~2026-07-01,신청 학급 교실,127.12088940368128,37.51543881335773,,https://culture.seoul.go.kr/cmmn/file/getImage.do?atchFileId=ee2f38002896461d88e55f36df203dfc&thumb=Y,https://culture.seoul.go.kr/culture/culture/cultureEvent/view.do?cultcode=156754&menuNo=200011,
2026-05-12T14:23:40.785219+09:00,올림픽공원,올림픽공원,POI127,KEY_1,[서울백제어린이박물관] 유단체 대상 [서울역사생태탐험대1] 봄,2026-03-19~2026-05-21,서울백제어린이박물관(교육실， 전시실)， 야외생태체험장， 전시실 등,127.124412,37.523991,,https://culture.seoul.go.kr/cmmn/file/getImage.do?atchFileId=7504518b70b54ac7b5c8367519f44947&thumb=Y,https://culture.seoul.go.kr/culture/culture/cultureEvent/view.do?cultcode=156747&menuNo=200011,
2026-05-12T14:23:40.785219+09:00,올림픽공원,올림픽공원,POI127,KEY_1,[한성백제박물관] 2026년 상반기 주말가족교육 [문화유산 보존 연구소],2026-03-14~2026-07-04,한성백제박물관 교육실,127.12088940368128,37.51543881335773,,https://culture.seoul.go.kr/cmmn/file/getImage.do?atchFileId=69fec744c82446619d58e8ce8cb6baab&thumb=Y,https://culture.seoul.go.kr/culture/culture/cultureEvent/view.do?cultcode=156850&menuNo=200011,
2026-05-12T14:23:40.785219+09:00,올림픽공원,올림픽공원,POI127,KEY_1,[한성백제박물관] 2026년 상반기 주말가족탐방 [몽촌토성 탐방],2026-03-14~2026-05-30,몽촌토성， 박물관 교육실,127.12088940368128,37.51543881335773,,https://culture.seoul.go.kr/cmmn/file/getImage.do?atchFileId=31a20aade65d41b882a74ff2a6424ee7&thumb=Y,https://culture.seoul.go.kr/culture/culture/cultureEvent/view.do?cultcode=156851&menuNo=200011,
2026-05-12T14:23:40.785219+09:00,북촌한옥마을,북촌한옥마을,POI066,KEY_3,[서울공예박물관] 색유만개 : 권순형 기증특별전시,2026-05-12~2026-08-02,서울공예박물관 전시1동  1층 로비， 안내동 일부,126.983533363501,37.5766481740232,,https://culture.seoul.go.kr/cmmn/file/getImage.do?atchFileId=36124f9be563428e8d2635a4078fd319&thumb=Y,https://culture.seoul.go.kr/culture/culture/cultureEvent/view.do?cultcode=157607&menuNo=200009,
2026-05-12T14:23:40.785219+09:00,북촌한옥마을,북촌한옥마을,POI066,KEY_3,[갤러리지우헌] 허상욱 개인전: 분청 마음,2026-05-06~2026-06-03,갤러리 지우헌,126.982999426985,37.5833833879584,,https://culture.seoul.go.kr/cmmn/file/getImage.do?atchFileId=cbdadfe6623e471d8e41a958828bab71&thumb=Y,https://culture.seoul.go.kr/culture/culture/cultureEvent/view.do?cultcode=157715&menuNo=200009,전시 오프닝은 5월 6일 오후 4시에 진행되며， 작가가 직접 작품을 소개하는 자리가 마련될 예정이다. 행사에는 100년 전통 ㈜지평주조의 ‘지평탁주’가 함께 제공됩니다.
2026-05-12T14:23:40.785219+09:00,북촌한옥마을,북촌한옥마을,POI066,KEY_3,[서울공예박물관] 공예협력전시 [안동별궁， 시간의 겹],2026-04-28~2027-08-29,서울공예박물관 전시1동 3층 기획전시실,126.983533363501,37.5766481740232,N,https://culture.seoul.go.kr/cmmn/file/getImage.do?atchFileId=a1622fcb6e024123ac90f40cdc8e32fd&thumb=Y,https://culture.seoul.go.kr/culture/culture/cultureEvent/view.do?cultcode=157420&menuNo=200009,
2026-05-12T14:23:40.785219+09:00,북촌한옥마을,북촌한옥마을,POI066,KEY_3,[서울공예박물관] 한불수교 140주년 기념전시 [더 하이브리드],2026-04-28~2026-07-26,서울공예박물관 전시1동 3층 기획전시실,126.983533363501,37.5766481740232,N,https://culture.seoul.go.kr/cmmn/file/getImage.do?atchFileId=aaaf677cdfac468db6f5c9e13fd397ad&thumb=Y,https://culture.seoul.go.kr/culture/culture/cultureEvent/view.do?cultcode=157211&menuNo=200009,
2026-05-12T14:23:40.785219+09:00,북촌한옥마을,북촌한옥마을,POI066,KEY_3,[서울공예박물관] 공예동행@쇼윈도 #2. 빛의 흐름 The Flow of Light,2026-04-08~2026-05-31,전시3동 1층 쇼윈도 갤러리,126.983533363501,37.5766481740232,,https://culture.seoul.go.kr/cmmn/file/getImage.do?atchFileId=d813307c6065486caf69b2ad498a0e61&thumb=Y,https://culture.seoul.go.kr/culture/culture/cultureEvent/view.do?cultcode=157354&menuNo=200009,
2026-05-12T14:23:40.785219+09:00,북촌한옥마을,북촌한옥마을,POI066,KEY_3,스펙트로신테시스 서울 Spectrosynthesis Seoul,2026-03-20~2026-06-28,아트선재센터,126.981839239613,37.5794635323506,,https://culture.seoul.go.kr/cmmn/file/getImage.do?atchFileId=1bbb87d0d71243b996db22604e96a261&thumb=Y,https://culture.seoul.go.kr/culture/culture/cultureEvent/view.do?cultcode=157262&menuNo=200009,
2026-05-12T14:23:40.785219+09:00,서촌,서촌,POI067,KEY_1,[서울생활문화센터 체부] 체부작업展 [선 위에 머무는 마음],2026-04-28~2026-06-30,윈도우 갤러리， 금오재 마실,126.97148941423,37.5767084987432,,https://culture.seoul.go.kr/cmmn/file/getImage.do?atchFileId=b51cfd4f38d64d21be656e622812b5cb&thumb=Y,https://culture.seoul.go.kr/culture/culture/cultureEvent/view.do?cultcode=157790&menuNo=200009,
2026-05-12T14:23:40.785219+09:00,서촌,서촌,POI067,KEY_1,[종로문화재단] 금빛으로 지은 옷을 여미다,2025-12-16~2026-06-26,배화여자대학교 도서관 1층 전통문화전시실,126.967291871532,37.5795440101952,,https://culture.seoul.go.kr/cmmn/file/getImage.do?atchFileId=dc73759daf4e460fb1b9184a298f8c43&thumb=Y,https://culture.seoul.go.kr/culture/culture/cultureEvent/view.do?cultcode=156309&menuNo=200009,
2026-05-12T14:23:40.785219+09:00,서촌,서촌,POI067,KEY_1,[종로문화재단] 박노수미술관 개관12주년 기념전시 [산수·격물],2025-09-19~2026-12-06,종로구립 박노수미술관,126.966818545949,37.5813191962491,,https://culture.seoul.go.kr/cmmn/file/getImage.do?atchFileId=b3d1bbb9284b4b97bda71e967e5bb5a9&thumb=Y,https://culture.seoul.go.kr/culture/culture/cultureEvent/view.do?cultcode=155699&menuNo=200009,
2026-05-12T14:23:40.785219+09:00,인사동,인사동,POI078,KEY_3,[운현궁] 2026 기획 전시 [단청이 스며든 자리],2026-05-12~2026-05-17,운현궁 기획전시실,126.98708335796199,37.57607864675475,,https://culture.seoul.go.kr/cmmn/file/getImage.do?atchFileId=9fa80cafef594ba095f0682cd4cb8032&thumb=Y,https://culture.seoul.go.kr/culture/culture/cultureEvent/view.do?cultcode=157805&menuNo=200009,
2026-05-12T14:23:40.785219+09:00,인사동,인사동,POI078,KEY_3,[서울무형유산교육전시장] 2026년 운현궁에서 배우는 전통매듭 체험 모집,2026-05-06~2026-05-27,운현궁 이로당,126.98708335796199,37.57607864675475,,https://culture.seoul.go.kr/cmmn/file/getImage.do?atchFileId=d9f7c6b35e4b444dab781fe2fd07b841&thumb=Y,https://culture.seoul.go.kr/culture/culture/cultureEvent/view.do?cultcode=157558&menuNo=200011,
2026-05-12T14:23:40.785219+09:00,인사동,인사동,POI078,KEY_3,[노화랑] 기획전 [IN PINK],2026-04-23~2026-05-14,노화랑 1， 2층 전시장,126.984085733694,37.5748603162364,N,https://culture.seoul.go.kr/cmmn/file/getImage.do?atchFileId=813a89fb33224ca9b184a59c222a411b&thumb=Y,https://culture.seoul.go.kr/culture/culture/cultureEvent/view.do?cultcode=157488&menuNo=200009,
2026-05-12T14:23:40.785219+09:00,인사동,인사동,POI078,KEY_3,[서울우리소리박물관] 2026년 상반기 외국인 전통문화체험,2026-04-16~2026-05-14,서울우리소리박물관 상설전시실 및 교육실,126.989622047178,37.577157928122,,https://culture.seoul.go.kr/cmmn/file/getImage.do?atchFileId=183cd9e9b78549d098992df989c47096&thumb=Y,https://culture.seoul.go.kr/culture/culture/cultureEvent/view.do?cultcode=157200&menuNo=200011,
2026-05-12T14:23:40.785219+09:00,인사동,인사동,POI078,KEY_3,[운현궁] 2026 서울 운현궁 예절교실,2026-04-01~2026-06-12,운현궁 이로당， 노락당,126.98708335796199,37.57607864675475,,https://culture.seoul.go.kr/cmmn/file/getImage.do?atchFileId=48bfe53ae79b43ffa93809a0bea94372&thumb=Y,https://culture.seoul.go.kr/culture/culture/cultureEvent/view.do?cultcode=156901&menuNo=200011,
2026-05-12T14:23:40.785219+09:00,인사동,인사동,POI078,KEY_3,[서울생활문화센터 낙원] 초보기타 교실 추가모집 / 색소폰 교실 & 클리닉,2026-03-18~2026-06-24,서울생활문화센터 낙원 5번 안내실,126.987902476529,37.5727635233966,,https://culture.seoul.go.kr/cmmn/file/getImage.do?atchFileId=19019906a68a46efbe0ae1c1d60984bd&thumb=Y,https://culture.seoul.go.kr/culture/culture/cultureEvent/view.do?cultcode=156978&menuNo=200011,
2026-05-12T14:23:40.785219+09:00,인사동,인사동,POI078,KEY_3,[서울우리소리박물관] 2026 자율학습 프로그램 [우리소리 친구들],2026-02-09~2026-12-31,누마루 또는 교육실,126.989622047178,37.577157928122,,https://culture.seoul.go.kr/cmmn/file/getImage.do?atchFileId=94d1c28647de4daf8f612b8fe830a020&thumb=Y,https://culture.seoul.go.kr/culture/culture/cultureEvent/view.do?cultcode=156746&menuNo=200011,
2026-05-12T14:23:40.785219+09:00,인사동,인사동,POI078,KEY_3,[서울우리소리박물관] 2025 서울우리소리박물관 기획전 [한강， 소리로 흐르다],2025-06-19~2026-05-28,서울우리소리박물관 기획전시실,126.989622047178,37.577157928122,,https://culture.seoul.go.kr/cmmn/file/getImage.do?atchFileId=6cbae2fb2066497e9499c66996d2aad8&thumb=Y,https://culture.seoul.go.kr/culture/culture/cultureEvent/view.do?cultcode=154089&menuNo=200009,
2026-05-12T14:23:40.785219+09:00,창동 신경제 중심지,창동 신경제 중심지,POI079,KEY_2,[서울시립 사진미술관] 어린이를 위한 감상교육 [미술관 탐험],2026-05-02~2026-06-13,서울시립 사진미술관 전시실 및 1교육실,127.048947814686,37.6555150225578,,https://culture.seoul.go.kr/cmmn/file/getImage.do?atchFileId=3b060851bfe0447fa662c416d69083b5&thumb=Y,https://culture.seoul.go.kr/culture/culture/cultureEvent/view.do?cultcode=157761&menuNo=200011,
2026-05-12T14:23:40.785219+09:00,창동 신경제 중심지,창동 신경제 중심지,POI079,KEY_2,[서울시립 사진미술관] 2026 서울사진축제 : 미술관 속 영화관 [진과 세계 사이에서],2026-04-24~2026-05-29,서울시립 사진미술관 2층 영상홀,127.048947814686,37.6555150225578,,https://culture.seoul.go.kr/cmmn/file/getImage.do?atchFileId=7938fe59e75e4986abeeaa7b0d1b15a9&thumb=Y,https://culture.seoul.go.kr/culture/culture/cultureEvent/view.do?cultcode=157489&menuNo=200013,
2026-05-12T14:23:40.785219+09:00,창동 신경제 중심지,창동 신경제 중심지,POI079,KEY_2,[서울시립 사진미술관] 2026 서울사진축제 : 포토라이브러리 워크숍 [일요일의 독서클럽],2026-04-12~2026-06-07,2층 영상홀， 4층 포토라이브러리,127.048947814686,37.6555150225578,,https://culture.seoul.go.kr/cmmn/file/getImage.do?atchFileId=498300d2f5194d3b8fd3d736e7cb345f&thumb=Y,https://culture.seoul.go.kr/culture/culture/cultureEvent/view.do?cultcode=157487&menuNo=200011,
2026-05-12T14:23:40.785219+09:00,창동 신경제 중심지,창동 신경제 중심지,POI079,KEY_2,[서울시립 사진미술관] 2026 서울사진축제 : Photo SeMA 기획서가 [모두를 위한 사진책],2026-04-09~2026-07-05,서울시립 사진미술관 4층 포토라이브러리,127.048947814686,37.6555150225578,,https://culture.seoul.go.kr/cmmn/file/getImage.do?atchFileId=65ddc38604e4492b869a6d972a08ec81&thumb=Y,https://culture.seoul.go.kr/culture/culture/cultureEvent/view.do?cultcode=157578&menuNo=200009,
2026-05-12T14:23:40.785219+09:00,창동 신경제 중심지,창동 신경제 중심지,POI079,KEY_2,[서울시립 사진미술관] 2026 서울사진축제 : 아티스트 토크 [작가의 방],2026-04-09~2026-06-14,서울시립 사진미술관 2층  영상홀,127.048947814686,37.6555150225578,,https://culture.seoul.go.kr/cmmn/file/getImage.do?atchFileId=20a62cd7a4a5468a905848cae3284ff6&thumb=Y,https://culture.seoul.go.kr/culture/culture/cultureEvent/view.do?cultcode=157475&menuNo=200009,
2026-05-12T14:23:40.785219+09:00,창동 신경제 중심지,창동 신경제 중심지,POI079,KEY_2,[서울시립 사진미술관] 2026 서울사진축제 [서울 사진 산책],2026-04-09~2026-06-14,서울 시내 24개소 문화공간 / 외부 별도 장소,127.048947814686,37.6555150225578,,https://culture.seoul.go.kr/cmmn/file/getImage.do?atchFileId=10e7f9cf6cd94078a47d5e519a4b6e7f&thumb=Y,https://culture.seoul.go.kr/culture/culture/cultureEvent/view.do?cultcode=157349&menuNo=200009,
2026-05-12T14:23:40.785219+09:00,창동 신경제 중심지,창동 신경제 중심지,POI079,KEY_2,[서울시립 사진미술관] 서울사진축제 《컴백홈》,2026-04-09~2026-06-14,서울시립 사진미술관,127.048947814686,37.6555150225578,,https://culture.seoul.go.kr/cmmn/file/getImage.do?atchFileId=c4c9d45245364ab48711d6ccbeb9e699&thumb=Y,https://culture.seoul.go.kr/culture/culture/cultureEvent/view.do?cultcode=157269&menuNo=200009,
2026-05-12T14:23:40.785219+09:00,창동 신경제 중심지,창동 신경제 중심지,POI079,KEY_2,[서울시립 사진미술관] 포토 디스커버리 프로젝트 《사진집》,2026-03-18~2026-06-14,서울시립 사진미술관 1층 로비,127.048947814686,37.6555150225578,,https://culture.seoul.go.kr/cmmn/file/getImage.do?atchFileId=0f7936d9f2d94354a36657010b418fbb&thumb=Y,https://culture.seoul.go.kr/culture/culture/cultureEvent/view.do?cultcode=157141&menuNo=200009,
2026-05-12T14:23:40.785219+09:00,DDP(동대문디자인플라자),DDP(동대문디자인플라자),POI083,KEY_3,김영준 x 요시다 유니 기획전 Face to face,2026-05-07~2026-06-07,DDP 이간수문전시장,127.00977973484339,37.56735731522952,,https://culture.seoul.go.kr/cmmn/file/getImage.do?atchFileId=2e699755a39b40619ddea53a22e59ef4&thumb=Y,https://culture.seoul.go.kr/culture/culture/cultureEvent/view.do?cultcode=157672&menuNo=200009,
2026-05-12T14:23:40.785219+09:00,DDP(동대문디자인플라자),DDP(동대문디자인플라자),POI083,KEY_3,Let Dreams Shine! [베베핀 드림랜드],2026-05-01~2026-05-31,동대문디자인플라자 디자인랩1층 DDP쇼룸,127.00977973484339,37.56735731522952,,https://culture.seoul.go.kr/cmmn/file/getImage.do?atchFileId=b578b0a0e4724a718dff9fbd6ca77cbc&thumb=Y,https://culture.seoul.go.kr/culture/culture/cultureEvent/view.do?cultcode=157641&menuNo=200011,
2026-05-12T14:23:40.785219+09:00,DDP(동대문디자인플라자),DDP(동대문디자인플라자),POI083,KEY_3,DDPlay 버스킹 5월 공연 안내,2026-05-01~2026-05-31,DDP 어울림광장， 팔거리,127.00977973484339,37.56735731522952,,https://culture.seoul.go.kr/cmmn/file/getImage.do?atchFileId=06255b5f16c1435a95ddf9214cbe8d86&thumb=Y,https://culture.seoul.go.kr/culture/culture/cultureEvent/view.do?cultcode=157546&menuNo=200008,
2026-05-12T14:23:40.785219+09:00,DDP(동대문디자인플라자),DDP(동대문디자인플라자),POI083,KEY_3,[서울디자인재단] 키크니 특별전 : 그렸고 그런 사이,2026-04-25~2026-09-06,뮤지엄 전시1관,127.00977973484339,37.56735731522952,,https://culture.seoul.go.kr/cmmn/file/getImage.do?atchFileId=5b5e3f16b605439ea83b1ecf8d5ce8b8&thumb=Y,https://culture.seoul.go.kr/culture/culture/cultureEvent/view.do?cultcode=157351&menuNo=200009,
2026-05-12T14:23:40.785219+09:00,DDP(동대문디자인플라자),DDP(동대문디자인플라자),POI083,KEY_3,이상한 K-뷰티 : 엄마의 서랍장,2026-04-10~2026-06-10,DDP 마켓 B2F 비더비 다운타운,127.00977973484339,37.56735731522952,,https://culture.seoul.go.kr/cmmn/file/getImage.do?atchFileId=e187f20c0b5d4e7ebcbff38d8f60b63e&thumb=Y,https://culture.seoul.go.kr/culture/culture/cultureEvent/view.do?cultcode=157606&menuNo=200009,
2026-05-12T14:23:40.785219+09:00,DDP(동대문디자인플라자),DDP(동대문디자인플라자),POI083,KEY_3,[서울디자인재단] DDP 루프탑 투어_2026,2026-03-21~2026-05-31,DDP 뮤지엄 1층(M3 출입문) 투어 데스크 (시작장소),127.00977973484339,37.56735731522952,,https://culture.seoul.go.kr/cmmn/file/getImage.do?atchFileId=973b28af071b405ea7f6eb7ab715abaa&thumb=Y,https://culture.seoul.go.kr/culture/culture/cultureEvent/view.do?cultcode=157428&menuNo=200011,
2026-05-12T14:23:40.785219+09:00,DDP(동대문디자인플라자),DDP(동대문디자인플라자),POI083,KEY_3,BtheB 뷰티기획전 [Beauty For All],2026-02-28~2026-06-07,DDP 지하2층 DDP마켓 비더비,127.00977973484339,37.56735731522952,,https://culture.seoul.go.kr/cmmn/file/getImage.do?atchFileId=5209bf1d22f345568a88cce60bbc8688&thumb=Y,https://culture.seoul.go.kr/culture/culture/cultureEvent/view.do?cultcode=156852&menuNo=200009,
2026-05-12T14:23:40.785219+09:00,DDP(동대문디자인플라자),DDP(동대문디자인플라자),POI083,KEY_3,[DDP] Dream in Light,2026-01-09~2026-12-31,DDP 전면， 유구전시장 앞， 미래로 상부,127.00977973484339,37.56735731522952,,https://culture.seoul.go.kr/cmmn/file/getImage.do?atchFileId=bfa59aa56eed4af8b441d88bad873037&thumb=Y,https://culture.seoul.go.kr/culture/culture/cultureEvent/view.do?cultcode=156491&menuNo=200009,
2026-05-12T14:23:40.785219+09:00,DDP(동대문디자인플라자),DDP(동대문디자인플라자),POI083,KEY_3,[서울디자인재단] DDP 건축투어,2026-01-02~2026-12-31,DDP 뮤지엄 1층 투어데스크,127.00977973484339,37.56735731522952,N,https://culture.seoul.go.kr/cmmn/file/getImage.do?atchFileId=47da849abe944ec9b7dedaf1ab283714&thumb=Y,https://culture.seoul.go.kr/culture/culture/cultureEvent/view.do?cultcode=156552&menuNo=200009,
2026-05-12T14:23:40.785219+09:00,서울식물원·마곡나루역,서울식물원·마곡나루역,POI032,KEY_1,[서울식물원] 2026 낭만수국전 HYDRANGEA SHOW,2026-05-02~2026-05-31,서울식물원 전시온실 지중해관,126.83500723721524,37.569657094189104,,https://culture.seoul.go.kr/cmmn/file/getImage.do?atchFileId=969c3a5bc5694862bdd4688ca678571d&thumb=Y,https://culture.seoul.go.kr/culture/culture/cultureEvent/view.do?cultcode=157795&menuNo=200009,
2026-05-12T14:23:40.785219+09:00,서울식물원·마곡나루역,서울식물원·마곡나루역,POI032,KEY_1,[서울식물원] 주제정원 봄 전시 [봄빛 정원: 땅에서 피어난 봄빛],2026-04-15~2026-05-31,서울식물원 주제정원 내 계류 주변,126.83500723721524,37.569657094189104,,https://culture.seoul.go.kr/cmmn/file/getImage.do?atchFileId=adfdc93640c946a29acdc8d12802f793&thumb=Y,https://culture.seoul.go.kr/culture/culture/cultureEvent/view.do?cultcode=157582&menuNo=200009,
2026-05-12T14:23:40.785219+09:00,서울식물원·마곡나루역,서울식물원·마곡나루역,POI032,KEY_1,[서울식물원] 2025년 서울식물원 기획 전시 [우리들의 자연， 행성적 공존],2025-05-27~2026-05-24,식물문화센터 프로젝트홀2， 주제원， 온실,126.83500723721524,37.569657094189104,,https://culture.seoul.go.kr/cmmn/file/getImage.do?atchFileId=e0d57fc6ab4046209bdf34ab6ac41c98&thumb=Y,https://culture.seoul.go.kr/culture/culture/cultureEvent/view.do?cultcode=153826&menuNo=200009,
2026-05-12T14:23:40.785219+09:00,시의회 앞,시의회 앞,POI130,KEY_1,[서울도서관] 2026년 서울야외도서관 (책읽는 서울광장， 광화문 책마당， 책읽는 맑은 냇가),2026-04-23~2026-11-01,서울광장， 광화문 광장， 청계천 일대,126.97769782752,37.5653338689441,N,https://culture.seoul.go.kr/cmmn/file/getImage.do?atchFileId=57da07b01aed40ad984d40559a42ae61&thumb=Y,https://culture.seoul.go.kr/culture/culture/cultureEvent/view.do?cultcode=156879&menuNo=200010,
2026-05-12T14:23:40.785219+09:00,시의회 앞,시의회 앞,POI130,KEY_1,기.기.기(奇.己.氣): 동시대와 시행착오,2026-04-01~2026-05-31,일민미술관,126.977657083792,37.5698677620456,,https://culture.seoul.go.kr/cmmn/file/getImage.do?atchFileId=6e05d79e4d0e4358b3eae2df5081eb13&thumb=Y,https://culture.seoul.go.kr/culture/culture/cultureEvent/view.do?cultcode=157256&menuNo=200009,
2026-05-12T14:23:40.785219+09:00,혜화역,혜화역,POI054,KEY_2,[서울시지원/ 전액무료] AI 인사이트 공연문화콘텐츠 기획,2026-05-12~2026-08-06,종로여성인력개발센터,127.000418097935,37.5820587995429,,https://culture.seoul.go.kr/cmmn/file/getImage.do?atchFileId=3b2807c6e1ad415cbebce23402b0251a&thumb=Y,https://culture.seoul.go.kr/culture/culture/cultureEvent/view.do?cultcode=157366&menuNo=200011,
2026-05-12T14:23:40.785219+09:00,혜화역,혜화역,POI054,KEY_2,연극 [운베난트],2026-03-27~2026-06-07,예스24스테이지 3관,127.003160727291,37.5827488289051,,https://culture.seoul.go.kr/cmmn/file/getImage.do?atchFileId=b22d720f5efc44dda84da2606b0e5f75&thumb=Y,https://culture.seoul.go.kr/culture/culture/cultureEvent/view.do?cultcode=157115&menuNo=200008,
2026-05-12T14:23:40.785219+09:00,혜화역,혜화역,POI054,KEY_2,[종로여성인력개발센터] AI 파워드 문화·예술 프로젝트 기획 실무 마스터 실무 마스터,2026-03-18~2026-06-23,종로여성인력개발센터,127.000418097935,37.5820587995429,,https://culture.seoul.go.kr/cmmn/file/getImage.do?atchFileId=f824d3bddc6d4c239ee2e5611e22870a&thumb=Y,https://culture.seoul.go.kr/culture/culture/cultureEvent/view.do?cultcode=156487&menuNo=200011,
2026-05-12T16:15:11.769744+09:00,경복궁,경복궁,POI008,KEY_1,[경복궁] 2026 생과방(상반기),2026-04-08~2026-05-27,경복궁 생과방,126.976842133821,37.5759040910202,,https://culture.seoul.go.kr/cmmn/file/getImage.do?atchFileId=4864144c5a084ea4a1228924afe585e6&thumb=Y,https://culture.seoul.go.kr/culture/culture/cultureEvent/view.do?cultcode=157368&menuNo=200011,
2026-05-12T16:15:11.769744+09:00,경복궁,경복궁,POI008,KEY_1,2026년 집옥재(팔우정 포함) 작은 도서관 개방,2026-04-01~2026-10-31,경복궁 집옥재·팔우정,126.976842133821,37.5759040910202,,https://culture.seoul.go.kr/cmmn/file/getImage.do?atchFileId=d70525e916b548cda13443c9e10190f3&thumb=Y,https://culture.seoul.go.kr/culture/culture/cultureEvent/view.do?cultcode=157383&menuNo=200011,
2026-05-12T16:15:11.769744+09:00,경복궁,경복궁,POI008,KEY_1,2026년 경복궁 [경회루·향원정] 특별관람,2026-04-01~2026-10-30,경복궁 경회루·향원정,126.976842133821,37.5759040910202,,https://culture.seoul.go.kr/cmmn/file/getImage.do?atchFileId=37630da9c19349fbac8494e92e5c64d8&thumb=Y,https://culture.seoul.go.kr/culture/culture/cultureEvent/view.do?cultcode=157389&menuNo=200011,
2026-05-12T16:15:11.769744+09:00,경복궁,경복궁,POI008,KEY_1,[국가유산청 궁능유적본부] 수문장 순라의식,2026-03-01~2026-11-29,(토요일)경복궁 내부 (일요일， 공휴일)인사동 문화의 거리,126.976842133821,37.5759040910202,,https://culture.seoul.go.kr/cmmn/file/getImage.do?atchFileId=923de3d9169e463b9c8098a8e132be38&thumb=Y,https://culture.seoul.go.kr/culture/culture/cultureEvent/view.do?cultcode=156996&menuNo=200013,
2026-05-12T16:15:11.769744+09:00,광화문·덕수궁,광화문·덕수궁,POI009,KEY_2,빛과 어둠의 경계에서,2026-05-02~2026-05-25,세종문화회관 세종S씨어터,126.9760053,37.5726241,,https://culture.seoul.go.kr/cmmn/file/getImage.do?atchFileId=0eeea492c11e4eb7816334e58cfeb6ce&thumb=Y,https://culture.seoul.go.kr/culture/culture/cultureEvent/view.do?cultcode=157335&menuNo=200008,
2026-05-12T16:15:11.769744+09:00,광화문·덕수궁,광화문·덕수궁,POI009,KEY_2,[서울도서관] 2026년 서울야외도서관 (책읽는 서울광장， 광화문 책마당， 책읽는 맑은 냇가),2026-04-23~2026-11-01,서울광장， 광화문 광장， 청계천 일대,126.97769782752,37.5653338689441,N,https://culture.seoul.go.kr/cmmn/file/getImage.do?atchFileId=57da07b01aed40ad984d40559a42ae61&thumb=Y,https://culture.seoul.go.kr/culture/culture/cultureEvent/view.do?cultcode=156879&menuNo=200010,
2026-05-12T16:15:11.769744+09:00,광화문·덕수궁,광화문·덕수궁,POI009,KEY_2,2026 의정부지 역사유적광장 전통무예행사,2026-04-11~2026-10-31,의정부지 역사유적광장,126.977967142855,37.5748036513699,,https://culture.seoul.go.kr/cmmn/file/getImage.do?atchFileId=628a9bae996a407bbfee67752dd508db&thumb=Y,https://culture.seoul.go.kr/culture/culture/cultureEvent/view.do?cultcode=157327&menuNo=200010,
2026-05-12T16:15:11.769744+09:00,광화문·덕수궁,광화문·덕수궁,POI009,KEY_2,2026 아뜰리에 광화 봄 전시 [피어나는 빛],2026-04-11~2026-06-19,세종문화회관 외벽 미디어파사드,126.9760053,37.5726241,,https://culture.seoul.go.kr/cmmn/file/getImage.do?atchFileId=196d7f704d5646a2bb4bb40523a8c4aa&thumb=Y,https://culture.seoul.go.kr/culture/culture/cultureEvent/view.do?cultcode=157432&menuNo=200009,
2026-05-12T16:15:11.769744+09:00,광화문·덕수궁,광화문·덕수궁,POI009,KEY_2,2026 해치마당 미디어월 봄 전시,2026-04-10~2026-06-19,광화문 역 9번출구 진입로 벽면 해치마당 미디어월,126.976787992565,37.5716228232824,,https://culture.seoul.go.kr/cmmn/file/getImage.do?atchFileId=ac862f94f21744ec8092ccc4372c0539&thumb=Y,https://culture.seoul.go.kr/culture/culture/cultureEvent/view.do?cultcode=157787&menuNo=200009,
2026-05-12T16:15:11.769744+09:00,광화문·덕수궁,광화문·덕수궁,POI009,KEY_2,[경복궁] 2026 생과방(상반기),2026-04-08~2026-05-27,경복궁 생과방,126.976842133821,37.5759040910202,,https://culture.seoul.go.kr/cmmn/file/getImage.do?atchFileId=4864144c5a084ea4a1228924afe585e6&thumb=Y,https://culture.seoul.go.kr/culture/culture/cultureEvent/view.do?cultcode=157368&menuNo=200011,
2026-05-12T16:15:11.769744+09:00,광화문·덕수궁,광화문·덕수궁,POI009,KEY_2,[덕수궁] 2026 밤의 석조전(상반기),2026-04-08~2026-05-17,덕수궁 석조전 일원,126.974461639777,37.5677154464989,,https://culture.seoul.go.kr/cmmn/file/getImage.do?atchFileId=cc6179c75f1547b2b72e2a3cca26b6da&thumb=Y,https://culture.seoul.go.kr/culture/culture/cultureEvent/view.do?cultcode=157365&menuNo=200010,
2026-05-12T16:15:11.769744+09:00,광화문·덕수궁,광화문·덕수궁,POI009,KEY_2,2026년 집옥재(팔우정 포함) 작은 도서관 개방,2026-04-01~2026-10-31,경복궁 집옥재·팔우정,126.976842133821,37.5759040910202,,https://culture.seoul.go.kr/cmmn/file/getImage.do?atchFileId=d70525e916b548cda13443c9e10190f3&thumb=Y,https://culture.seoul.go.kr/culture/culture/cultureEvent/view.do?cultcode=157383&menuNo=200011,
2026-05-12T16:15:11.769744+09:00,광화문·덕수궁,광화문·덕수궁,POI009,KEY_2,2026년 경복궁 [경회루·향원정] 특별관람,2026-04-01~2026-10-30,경복궁 경회루·향원정,126.976842133821,37.5759040910202,,https://culture.seoul.go.kr/cmmn/file/getImage.do?atchFileId=37630da9c19349fbac8494e92e5c64d8&thumb=Y,https://culture.seoul.go.kr/culture/culture/cultureEvent/view.do?cultcode=157389&menuNo=200011,
2026-05-12T16:15:11.769744+09:00,광화문·덕수궁,광화문·덕수궁,POI009,KEY_2,기.기.기(奇.己.氣): 동시대와 시행착오,2026-04-01~2026-05-31,일민미술관,126.977657083792,37.5698677620456,,https://culture.seoul.go.kr/cmmn/file/getImage.do?atchFileId=6e05d79e4d0e4358b3eae2df5081eb13&thumb=Y,https://culture.seoul.go.kr/culture/culture/cultureEvent/view.do?cultcode=157256&menuNo=200009,
2026-05-12T16:15:11.769744+09:00,광화문·덕수궁,광화문·덕수궁,POI009,KEY_2,[세종문화회관] 세종예술아카데미 [정승빈 작가] 스테들러와 함께하는 여행드로잉 클래스,2026-03-31~2026-09-15,세종예술아카데미 스퀘어홀,126.9760053,37.5726241,,https://culture.seoul.go.kr/cmmn/file/getImage.do?atchFileId=a0247bcdf4484818baaca748c977391f&thumb=Y,https://culture.seoul.go.kr/culture/culture/cultureEvent/view.do?cultcode=157026&menuNo=200011,
2026-05-12T16:15:11.769744+09:00,광화문·덕수궁,광화문·덕수궁,POI009,KEY_2,[세종문화회관] 세종예술아카데미 [박인홍 작가] 스테들러와 함께하는 여행드로잉 클래스,2026-03-31~2026-08-31,세종예술아카데미 스퀘어홀,126.9760053,37.5726241,,https://culture.seoul.go.kr/cmmn/file/getImage.do?atchFileId=c9b88469d8f0468e960f00b0e5b0785d&thumb=Y,https://culture.seoul.go.kr/culture/culture/cultureEvent/view.do?cultcode=157025&menuNo=200011,
2026-05-12T16:15:11.769744+09:00,광화문·덕수궁,광화문·덕수궁,POI009,KEY_2,[세종문화회관] 세종예술아카데미 [그레이스 발레 (성인 취미 발레)],2026-03-30~2026-06-29,세종문화회관 예술동 4층 종합연습실,126.9760053,37.5726241,,https://culture.seoul.go.kr/cmmn/file/getImage.do?atchFileId=8b685870654e4cd78bf509ea783f7748&thumb=Y,https://culture.seoul.go.kr/culture/culture/cultureEvent/view.do?cultcode=156885&menuNo=200011,.
2026-05-12T16:15:11.769744+09:00,광화문·덕수궁,광화문·덕수궁,POI009,KEY_2,[세종문화회관] 세종예술아카데미 [정연석 작가] 스테들러와 함께하는 여행드로잉 클래스,2026-03-28~2026-09-05,세종예술아카데미 스퀘어홀,126.9760053,37.5726241,,https://culture.seoul.go.kr/cmmn/file/getImage.do?atchFileId=df2237ca7f754d009407bc3321cae86f&thumb=Y,https://culture.seoul.go.kr/culture/culture/cultureEvent/view.do?cultcode=157028&menuNo=200011,
2026-05-12T16:15:11.769744+09:00,광화문·덕수궁,광화문·덕수궁,POI009,KEY_2,[세종문화회관] 세종예술아카데미 [이승익 작가] 스테들러와 함께하는 여행드로잉 클래스,2026-03-28~2026-08-29,세종예술아카데미 스퀘어홀,126.9760053,37.5726241,,https://culture.seoul.go.kr/cmmn/file/getImage.do?atchFileId=09ebfb8dbbcf453e86aadfe529b90ff8&thumb=Y,https://culture.seoul.go.kr/culture/culture/cultureEvent/view.do?cultcode=157027&menuNo=200011,
2026-05-12T16:15:11.769744+09:00,광화문·덕수궁,광화문·덕수궁,POI009,KEY_2,[세종문화회관] 2026 상반기 세종 어린이 발레 아카데미,2026-03-28~2026-06-27,세종문화회관 예술동 4층 종합연습실,126.9760053,37.5726241,,https://culture.seoul.go.kr/cmmn/file/getImage.do?atchFileId=b47ad1471d3d428a9482934f7b03787f&thumb=Y,https://culture.seoul.go.kr/culture/culture/cultureEvent/view.do?cultcode=157104&menuNo=200011,
2026-05-12T16:15:11.769744+09:00,광화문·덕수궁,광화문·덕수궁,POI009,KEY_2,[세종문화회관] 세종예술아카데미 [이야기가 있는 클래식],2026-03-19~2026-05-28,세종문화회관 서클홀,126.9760053,37.5726241,,https://culture.seoul.go.kr/cmmn/file/getImage.do?atchFileId=0373af8e16694df8b923159a02ec0a2a&thumb=Y,https://culture.seoul.go.kr/culture/culture/cultureEvent/view.do?cultcode=156883&menuNo=200011,.
2026-05-12T16:15:11.769744+09:00,광화문·덕수궁,광화문·덕수궁,POI009,KEY_2,[세종문화회관] 세종예술아카데미 [미술사가 이 현의 전시와 함께보는 서양 미술사 - 바로크와 로코코],2026-03-19~2026-05-21,세종문화회관 서클홀,126.9760053,37.5726241,,https://culture.seoul.go.kr/cmmn/file/getImage.do?atchFileId=377ac3cd61d6416baa3b3f43a826b900&thumb=Y,https://culture.seoul.go.kr/culture/culture/cultureEvent/view.do?cultcode=156881&menuNo=200011,.
2026-05-12T16:15:11.769744+09:00,광화문·덕수궁,광화문·덕수궁,POI009,KEY_2,[세종문화회관] 세종예술아카데미 [클래식브런치],2026-03-18~2026-05-20,세종문화회관 서클홀,126.9760053,37.5726241,,https://culture.seoul.go.kr/cmmn/file/getImage.do?atchFileId=43b7fd7ecf2b44d1b7ba2ec25e6cc7a7&thumb=Y,https://culture.seoul.go.kr/culture/culture/cultureEvent/view.do?cultcode=156880&menuNo=200011,.
2026-05-12T16:15:11.769744+09:00,광화문·덕수궁,광화문·덕수궁,POI009,KEY_2,[세종문화회관] 세종예술아카데미 [히든보이스],2026-03-17~2026-06-30,세종문화회관 서클홀,126.9760053,37.5726241,,https://culture.seoul.go.kr/cmmn/file/getImage.do?atchFileId=96b505aa681348d48b661d248108f577&thumb=Y,https://culture.seoul.go.kr/culture/culture/cultureEvent/view.do?cultcode=156809&menuNo=200011,.
2026-05-12T16:15:11.769744+09:00,광화문·덕수궁,광화문·덕수궁,POI009,KEY_2,[세종문화회관] 세종예술아카데미 [2026 상반기 스포츠 in 아트스테이션],2026-03-16~2026-06-26,세종문화회관 오픈스테이지의 탁 트인 마루형 공간,126.9760053,37.5726241,,https://culture.seoul.go.kr/cmmn/file/getImage.do?atchFileId=16cb755c035e4ddc86c7cfbfa3654ca5&thumb=Y,https://culture.seoul.go.kr/culture/culture/cultureEvent/view.do?cultcode=157023&menuNo=200011,
2026-05-12T16:15:11.769744+09:00,광화문·덕수궁,광화문·덕수궁,POI009,KEY_2,[국가유산청 궁능유적본부] 수문장 순라의식,2026-03-01~2026-11-29,(토요일)경복궁 내부 (일요일， 공휴일)인사동 문화의 거리,126.976842133821,37.5759040910202,,https://culture.seoul.go.kr/cmmn/file/getImage.do?atchFileId=923de3d9169e463b9c8098a8e132be38&thumb=Y,https://culture.seoul.go.kr/culture/culture/cultureEvent/view.do?cultcode=156996&menuNo=200013,
2026-05-12T16:15:11.769744+09:00,광화문·덕수궁,광화문·덕수궁,POI009,KEY_2,[서울시] 2026년 서울청년문화패스 신청자 모집,2025-12-22~2026-12-31,온라인 접수,126.97860700965403,37.56672958991572,,https://culture.seoul.go.kr/cmmn/file/getImage.do?atchFileId=24931799627a43ea9e2b4960b00c9c4f&thumb=Y,https://culture.seoul.go.kr/culture/culture/cultureEvent/view.do?cultcode=156277&menuNo=200013,
2026-05-12T16:15:11.769744+09:00,창덕궁·종묘,창덕궁·종묘,POI012,KEY_2,2026년 창경궁 야연(상반기),2026-05-07~2026-05-17,창경궁 문정전 일원,126.993841430623,37.5776239475981,,https://culture.seoul.go.kr/cmmn/file/getImage.do?atchFileId=9e29ccf0743c49d0a4fb2c0ad10ffb9e&thumb=Y,https://culture.seoul.go.kr/culture/culture/cultureEvent/view.do?cultcode=157796&menuNo=200011,
2026-05-12T16:15:11.769744+09:00,창덕궁·종묘,창덕궁·종묘,POI012,KEY_2,2026년 창덕궁 달빛기행(상반기),2026-04-16~2026-05-31,창덕궁,126.989710338876,37.5788697347103,,https://culture.seoul.go.kr/cmmn/file/getImage.do?atchFileId=ff2504aca6df4f19a9a1a3f095c02178&thumb=Y,https://culture.seoul.go.kr/culture/culture/cultureEvent/view.do?cultcode=157394&menuNo=200011,
2026-05-12T16:15:11.769744+09:00,동대문 관광특구,동대문 관광특구,POI002,KEY_1,김영준 x 요시다 유니 기획전 Face to face,2026-05-07~2026-06-07,DDP 이간수문전시장,127.00977973484339,37.56735731522952,,https://culture.seoul.go.kr/cmmn/file/getImage.do?atchFileId=2e699755a39b40619ddea53a22e59ef4&thumb=Y,https://culture.seoul.go.kr/culture/culture/cultureEvent/view.do?cultcode=157672&menuNo=200009,
2026-05-12T16:15:11.769744+09:00,동대문 관광특구,동대문 관광특구,POI002,KEY_1,Let Dreams Shine! [베베핀 드림랜드],2026-05-01~2026-05-31,동대문디자인플라자 디자인랩1층 DDP쇼룸,127.00977973484339,37.56735731522952,,https://culture.seoul.go.kr/cmmn/file/getImage.do?atchFileId=b578b0a0e4724a718dff9fbd6ca77cbc&thumb=Y,https://culture.seoul.go.kr/culture/culture/cultureEvent/view.do?cultcode=157641&menuNo=200011,
2026-05-12T16:15:11.769744+09:00,동대문 관광특구,동대문 관광특구,POI002,KEY_1,DDPlay 버스킹 5월 공연 안내,2026-05-01~2026-05-31,DDP 어울림광장， 팔거리,127.00977973484339,37.56735731522952,,https://culture.seoul.go.kr/cmmn/file/getImage.do?atchFileId=06255b5f16c1435a95ddf9214cbe8d86&thumb=Y,https://culture.seoul.go.kr/culture/culture/cultureEvent/view.do?cultcode=157546&menuNo=200008,
2026-05-12T16:15:11.769744+09:00,동대문 관광특구,동대문 관광특구,POI002,KEY_1,[서울디자인재단] 키크니 특별전 : 그렸고 그런 사이,2026-04-25~2026-09-06,뮤지엄 전시1관,127.00977973484339,37.56735731522952,,https://culture.seoul.go.kr/cmmn/file/getImage.do?atchFileId=5b5e3f16b605439ea83b1ecf8d5ce8b8&thumb=Y,https://culture.seoul.go.kr/culture/culture/cultureEvent/view.do?cultcode=157351&menuNo=200009,
2026-05-12T16:15:11.769744+09:00,동대문 관광특구,동대문 관광특구,POI002,KEY_1,[중구문화재단] 뮤지컬 [스윙 데이즈_암호명 A],2026-04-16~2026-07-05,충무아트센터 대극장,127.014790889728,37.5659409687669,,https://culture.seoul.go.kr/cmmn/file/getImage.do?atchFileId=862c9a38b3b146358637293a4f2c8d30&thumb=Y,https://culture.seoul.go.kr/culture/culture/cultureEvent/view.do?cultcode=156673&menuNo=200008,
2026-05-12T16:15:11.769744+09:00,동대문 관광특구,동대문 관광특구,POI002,KEY_1,[서울시립미술관×중구문화재단] 협력전시 [SeMA Collection: 청록미로],2026-04-15~2026-05-17,충무아트센터 갤러리 G1,127.014790889728,37.5659409687669,,https://culture.seoul.go.kr/cmmn/file/getImage.do?atchFileId=cfa4043b588541618a1c45763ada3e23&thumb=Y,https://culture.seoul.go.kr/culture/culture/cultureEvent/view.do?cultcode=157621&menuNo=200009,
2026-05-12T16:15:11.769744+09:00,동대문 관광특구,동대문 관광특구,POI002,KEY_1,이상한 K-뷰티 : 엄마의 서랍장,2026-04-10~2026-06-10,DDP 마켓 B2F 비더비 다운타운,127.00977973484339,37.56735731522952,,https://culture.seoul.go.kr/cmmn/file/getImage.do?atchFileId=e187f20c0b5d4e7ebcbff38d8f60b63e&thumb=Y,https://culture.seoul.go.kr/culture/culture/cultureEvent/view.do?cultcode=157606&menuNo=200009,
2026-05-12T16:15:11.769744+09:00,동대문 관광특구,동대문 관광특구,POI002,KEY_1,[서울디자인재단] DDP 루프탑 투어_2026,2026-03-21~2026-05-31,DDP 뮤지엄 1층(M3 출입문) 투어 데스크 (시작장소),127.00977973484339,37.56735731522952,,https://culture.seoul.go.kr/cmmn/file/getImage.do?atchFileId=973b28af071b405ea7f6eb7ab715abaa&thumb=Y,https://culture.seoul.go.kr/culture/culture/cultureEvent/view.do?cultcode=157428&menuNo=200011,
2026-05-12T16:15:11.769744+09:00,동대문 관광특구,동대문 관광특구,POI002,KEY_1,BtheB 뷰티기획전 [Beauty For All],2026-02-28~2026-06-07,DDP 지하2층 DDP마켓 비더비,127.00977973484339,37.56735731522952,,https://culture.seoul.go.kr/cmmn/file/getImage.do?atchFileId=5209bf1d22f345568a88cce60bbc8688&thumb=Y,https://culture.seoul.go.kr/culture/culture/cultureEvent/view.do?cultcode=156852&menuNo=200009,
2026-05-12T16:15:11.769744+09:00,동대문 관광특구,동대문 관광특구,POI002,KEY_1,[중구문화재단] 뮤지컬 [홍련],2026-02-28~2026-05-17,충무아트센터 중극장 블랙,127.014790889728,37.5659409687669,,https://culture.seoul.go.kr/cmmn/file/getImage.do?atchFileId=e86257233f3b4d50bf436983435399eb&thumb=Y,https://culture.seoul.go.kr/culture/culture/cultureEvent/view.do?cultcode=156539&menuNo=200008,
2026-05-12T16:15:11.769744+09:00,동대문 관광특구,동대문 관광특구,POI002,KEY_1,[DDP] Dream in Light,2026-01-09~2026-12-31,DDP 전면， 유구전시장 앞， 미래로 상부,127.00977973484339,37.56735731522952,,https://culture.seoul.go.kr/cmmn/file/getImage.do?atchFileId=bfa59aa56eed4af8b441d88bad873037&thumb=Y,https://culture.seoul.go.kr/culture/culture/cultureEvent/view.do?cultcode=156491&menuNo=200009,
2026-05-12T16:15:11.769744+09:00,동대문 관광특구,동대문 관광특구,POI002,KEY_1,[서울디자인재단] DDP 건축투어,2026-01-02~2026-12-31,DDP 뮤지엄 1층 투어데스크,127.00977973484339,37.56735731522952,N,https://culture.seoul.go.kr/cmmn/file/getImage.do?atchFileId=47da849abe944ec9b7dedaf1ab283714&thumb=Y,https://culture.seoul.go.kr/culture/culture/cultureEvent/view.do?cultcode=156552&menuNo=200009,
2026-05-12T16:15:11.769744+09:00,명동 관광특구,명동 관광특구,POI003,KEY_2,[서울도서관] 2026년 서울야외도서관 (책읽는 서울광장， 광화문 책마당， 책읽는 맑은 냇가),2026-04-23~2026-11-01,서울광장， 광화문 광장， 청계천 일대,126.97769782752,37.5653338689441,N,https://culture.seoul.go.kr/cmmn/file/getImage.do?atchFileId=57da07b01aed40ad984d40559a42ae61&thumb=Y,https://culture.seoul.go.kr/culture/culture/cultureEvent/view.do?cultcode=156879&menuNo=200010,
2026-05-12T16:15:11.769744+09:00,명동 관광특구,명동 관광특구,POI003,KEY_2,2026 해치마당 미디어월 봄 전시,2026-04-10~2026-06-19,광화문 역 9번출구 진입로 벽면 해치마당 미디어월,126.976787992565,37.5716228232824,,https://culture.seoul.go.kr/cmmn/file/getImage.do?atchFileId=ac862f94f21744ec8092ccc4372c0539&thumb=Y,https://culture.seoul.go.kr/culture/culture/cultureEvent/view.do?cultcode=157787&menuNo=200009,
2026-05-12T16:15:11.769744+09:00,명동 관광특구,명동 관광특구,POI003,KEY_2,[서울시] 2026년 서울청년문화패스 신청자 모집,2025-12-22~2026-12-31,온라인 접수,126.97860700965403,37.56672958991572,,https://culture.seoul.go.kr/cmmn/file/getImage.do?atchFileId=24931799627a43ea9e2b4960b00c9c4f&thumb=Y,https://culture.seoul.go.kr/culture/culture/cultureEvent/view.do?cultcode=156277&menuNo=200013,
2026-05-12T16:15:11.769744+09:00,잠실 관광특구,잠실 관광특구,POI005,KEY_1,[한성백제박물관] 상반기 장애인 단체 대면 교육 [옛날옛날， 빛나는 백제 이야기],2026-05-12~2026-06-30,박물관 로비/교육실,127.12088940368128,37.51543881335773,,https://culture.seoul.go.kr/cmmn/file/getImage.do?atchFileId=58420146f27740e39e6ac91e88d71d70&thumb=Y,https://culture.seoul.go.kr/culture/culture/cultureEvent/view.do?cultcode=157690&menuNo=200011,
2026-05-12T16:15:11.769744+09:00,잠실 관광특구,잠실 관광특구,POI005,KEY_1,[서울백제어린이박물관] 초등 2-3학년 학급 대상 [어린이백제연구소2] 옛날 도구， 오늘날 도구 (도구의변천),2026-05-12~2026-06-10,서울백제어린이박물관(교육실， 전시실),127.124412,37.523991,,https://culture.seoul.go.kr/cmmn/file/getImage.do?atchFileId=85ede03678db4ee5a0adb99f465d78ff&thumb=Y,https://culture.seoul.go.kr/culture/culture/cultureEvent/view.do?cultcode=156836&menuNo=200011,
2026-05-12T16:15:11.769744+09:00,잠실 관광특구,잠실 관광특구,POI005,KEY_1,[한성백제박물관] 2026년 상반기 성인 대상 [서울 고대유적 탐방],2026-04-28~2026-06-11,한성백제박물관， 몽촌토성， 풍납동토성， 석촌동고분군 일대,127.12088940368128,37.51543881335773,,https://culture.seoul.go.kr/cmmn/file/getImage.do?atchFileId=3d89263b5e85481c894204ef7a05d20e&thumb=Y,https://culture.seoul.go.kr/culture/culture/cultureEvent/view.do?cultcode=157084&menuNo=200011,
2026-05-12T16:15:11.769744+09:00,잠실 관광특구,잠실 관광특구,POI005,KEY_1,[소마미술관] 조각이 꿈+틀 [올림픽조각체험프로젝트#02] 상설전,2026-04-17~2026-09-06,소마미술관 2관 상설전시실,127.118166964751,37.516920655117,,https://culture.seoul.go.kr/cmmn/file/getImage.do?atchFileId=c4ac3bd4533342b993b5ccfd5d42086c&thumb=Y,https://culture.seoul.go.kr/culture/culture/cultureEvent/view.do?cultcode=157117&menuNo=200009,
2026-05-12T16:15:11.769744+09:00,잠실 관광특구,잠실 관광특구,POI005,KEY_1,올림픽 조각체험 프로젝트#2 [조각이 꿈+틀],2026-04-17~2026-09-06,소마미술관,127.118166964751,37.516920655117,,https://culture.seoul.go.kr/cmmn/file/getImage.do?atchFileId=6825663978de46c192543240dfbb2185&thumb=Y,https://culture.seoul.go.kr/culture/culture/cultureEvent/view.do?cultcode=157318&menuNo=200009,
2026-05-12T16:15:11.769744+09:00,잠실 관광특구,잠실 관광특구,POI005,KEY_1,[소마미술관] 그림책이 살아있다!,2026-04-17~2026-09-06,소마미술관 2관 기획전시실,127.118166964751,37.516920655117,,https://culture.seoul.go.kr/cmmn/file/getImage.do?atchFileId=cf267080189e4a3eadeeb6c5e8b0ade7&thumb=Y,https://culture.seoul.go.kr/culture/culture/cultureEvent/view.do?cultcode=157116&menuNo=200009,
2026-05-12T16:15:11.769744+09:00,잠실 관광특구,잠실 관광특구,POI005,KEY_1,이승택 개인전 [조각의 바깥에서],2026-04-10~2026-07-26,소마미술관,127.118166964751,37.516920655117,,https://culture.seoul.go.kr/cmmn/file/getImage.do?atchFileId=fa83edf506b643e2bec777cac69729ce&thumb=Y,https://culture.seoul.go.kr/culture/culture/cultureEvent/view.do?cultcode=157317&menuNo=200009,
2026-05-12T16:15:11.769744+09:00,잠실 관광특구,잠실 관광특구,POI005,KEY_1,[한성백제박물관] 2026년 상반기 문화다양성 교육 [백제와 함께하는 이웃나라들],2026-03-31~2026-06-30,대면) 박물관 교육실/ (비대면) 각 학급 교실,127.12088940368128,37.51543881335773,,https://culture.seoul.go.kr/cmmn/file/getImage.do?atchFileId=79379b0c10fc462fb325ecdb455dd3db&thumb=Y,https://culture.seoul.go.kr/culture/culture/cultureEvent/view.do?cultcode=157232&menuNo=200011,
2026-05-12T16:15:11.769744+09:00,잠실 관광특구,잠실 관광특구,POI005,KEY_1,[한성백제박물관] 2026 상반기 초등단체 대면 교육 [서울 쏙! 백제 콕!],2026-03-26~2026-07-03,한성백제박물관 교육실,127.12088940368128,37.51543881335773,,https://culture.seoul.go.kr/cmmn/file/getImage.do?atchFileId=f3b484610b65420297a3ae47001c6120&thumb=Y,https://culture.seoul.go.kr/culture/culture/cultureEvent/view.do?cultcode=156906&menuNo=200011,
2026-05-12T16:15:11.769744+09:00,잠실 관광특구,잠실 관광특구,POI005,KEY_1,[한성백제박물관] 2026 상반기 초등단체 비대면 교육 [서울 쏙! 백제 콕!],2026-03-26~2026-07-03,각 학급 교실(비대면 원격 교육),127.12088940368128,37.51543881335773,,https://culture.seoul.go.kr/cmmn/file/getImage.do?atchFileId=fb761ebe217849eaa4f63b1b0f6ac759&thumb=Y,https://culture.seoul.go.kr/culture/culture/cultureEvent/view.do?cultcode=156907&menuNo=200011,
2026-05-12T16:15:11.769744+09:00,잠실 관광특구,잠실 관광특구,POI005,KEY_1,[한성백제박물관] 초등 4~6학년 단체 대면 교육 [한강삼국지: 삼국의 한강 쟁탈전],2026-03-24~2026-07-01,한성백제박물관 교육실,127.12088940368128,37.51543881335773,,https://culture.seoul.go.kr/cmmn/file/getImage.do?atchFileId=0183d0f0f64d43dea7f2f1f5a5823734&thumb=Y,https://culture.seoul.go.kr/culture/culture/cultureEvent/view.do?cultcode=156755&menuNo=200011,
2026-05-12T16:15:11.769744+09:00,잠실 관광특구,잠실 관광특구,POI005,KEY_1,[한성백제박물관] 초등 4~6학년 학급 비대면 교육 [한강삼국지: 삼국의 한강 쟁탈전],2026-03-24~2026-07-01,신청 학급 교실,127.12088940368128,37.51543881335773,,https://culture.seoul.go.kr/cmmn/file/getImage.do?atchFileId=ee2f38002896461d88e55f36df203dfc&thumb=Y,https://culture.seoul.go.kr/culture/culture/cultureEvent/view.do?cultcode=156754&menuNo=200011,
2026-05-12T16:15:11.769744+09:00,잠실 관광특구,잠실 관광특구,POI005,KEY_1,홍범·김주환 2인전 [틈을 걷다],2026-03-24~2026-05-24,더 갤러리 호수,127.107617545434,37.512296516856,,https://culture.seoul.go.kr/cmmn/file/getImage.do?atchFileId=3e31e677b15e459ca780d07a735a163d&thumb=Y,https://culture.seoul.go.kr/culture/culture/cultureEvent/view.do?cultcode=157251&menuNo=200009,
2026-05-12T16:15:11.769744+09:00,잠실 관광특구,잠실 관광특구,POI005,KEY_1,[서울백제어린이박물관] 유단체 대상 [서울역사생태탐험대1] 봄,2026-03-19~2026-05-21,서울백제어린이박물관(교육실， 전시실)， 야외생태체험장， 전시실 등,127.124412,37.523991,,https://culture.seoul.go.kr/cmmn/file/getImage.do?atchFileId=7504518b70b54ac7b5c8367519f44947&thumb=Y,https://culture.seoul.go.kr/culture/culture/cultureEvent/view.do?cultcode=156747&menuNo=200011,
2026-05-12T16:15:11.769744+09:00,잠실 관광특구,잠실 관광특구,POI005,KEY_1,[한성백제박물관] 2026년 상반기 주말가족교육 [문화유산 보존 연구소],2026-03-14~2026-07-04,한성백제박물관 교육실,127.12088940368128,37.51543881335773,,https://culture.seoul.go.kr/cmmn/file/getImage.do?atchFileId=69fec744c82446619d58e8ce8cb6baab&thumb=Y,https://culture.seoul.go.kr/culture/culture/cultureEvent/view.do?cultcode=156850&menuNo=200011,
2026-05-12T16:15:11.769744+09:00,잠실 관광특구,잠실 관광특구,POI005,KEY_1,[한성백제박물관] 2026년 상반기 주말가족탐방 [몽촌토성 탐방],2026-03-14~2026-05-30,몽촌토성， 박물관 교육실,127.12088940368128,37.51543881335773,,https://culture.seoul.go.kr/cmmn/file/getImage.do?atchFileId=31a20aade65d41b882a74ff2a6424ee7&thumb=Y,https://culture.seoul.go.kr/culture/culture/cultureEvent/view.do?cultcode=156851&menuNo=200011,
2026-05-12T16:15:11.769744+09:00,종로·청계 관광특구,종로·청계 관광특구,POI006,KEY_2,2026 Creative AI : Computer Vision,2026-05-12~2026-06-09,서울 종로구 율곡로 1길 37,126.980303746598,37.5696912777696,,https://culture.seoul.go.kr/cmmn/file/getImage.do?atchFileId=14a3fd01522546f8a240146ca6e846be&thumb=Y,https://culture.seoul.go.kr/culture/culture/cultureEvent/view.do?cultcode=157502&menuNo=200011,
2026-05-12T16:15:11.769744+09:00,종로·청계 관광특구,종로·청계 관광특구,POI006,KEY_2,2026 해치마당 미디어월 봄 전시,2026-04-10~2026-06-19,광화문 역 9번출구 진입로 벽면 해치마당 미디어월,126.976787992565,37.5716228232824,,https://culture.seoul.go.kr/cmmn/file/getImage.do?atchFileId=ac862f94f21744ec8092ccc4372c0539&thumb=Y,https://culture.seoul.go.kr/culture/culture/cultureEvent/view.do?cultcode=157787&menuNo=200009,
2026-05-12T16:15:11.769744+09:00,종로·청계 관광특구,종로·청계 관광특구,POI006,KEY_2,기.기.기(奇.己.氣): 동시대와 시행착오,2026-04-01~2026-05-31,일민미술관,126.977657083792,37.5698677620456,,https://culture.seoul.go.kr/cmmn/file/getImage.do?atchFileId=6e05d79e4d0e4358b3eae2df5081eb13&thumb=Y,https://culture.seoul.go.kr/culture/culture/cultureEvent/view.do?cultcode=157256&menuNo=200009,
2026-05-12T16:15:11.769744+09:00,홍대 관광특구,홍대 관광특구,POI007,KEY_3,[서울생활문화센터 서교] art1st - 소리로 그리는 마음,2026-05-12~2026-07-28,서울생활문화센터 서교(합정역),126.916493990351,37.5508138163956,,https://culture.seoul.go.kr/cmmn/file/getImage.do?atchFileId=e1a661be31c548d7927816115a8ee8cf&thumb=Y,https://culture.seoul.go.kr/culture/culture/cultureEvent/view.do?cultcode=157788&menuNo=200011,
2026-05-12T16:15:11.769744+09:00,홍대 관광특구,홍대 관광특구,POI007,KEY_3,김재연 개인전: 호기,2026-05-12~2026-05-24,크리스프 웨지,126.916412664084,37.5493590071323,,https://culture.seoul.go.kr/cmmn/file/getImage.do?atchFileId=242e40f466f2481fbd48977d6050188c&thumb=Y,https://culture.seoul.go.kr/culture/culture/cultureEvent/view.do?cultcode=157741&menuNo=200009,
2026-05-12T16:15:11.769744+09:00,고척돔,고척돔,POI086,KEY_2,[서울아트책보고] 처음 만나는 미술사 - 이소영 미술 교육인ㆍ미술 에세이스트,2026-05-02~2026-05-16,서울아트책보고 워크숍룸,126.867088741096,37.4982125677913,,https://culture.seoul.go.kr/cmmn/file/getImage.do?atchFileId=f47a521600bd4c239ce177fe47f7d1e8&thumb=Y,https://culture.seoul.go.kr/culture/culture/cultureEvent/view.do?cultcode=157567&menuNo=200011,
2026-05-12T16:15:11.769744+09:00,고척돔,고척돔,POI086,KEY_2,[서울아트책보고] 나와 타인을 알아가는 글쓰기,2026-04-08~2026-05-13,서울아트책보고,126.867088741096,37.4982125677913,N,https://culture.seoul.go.kr/cmmn/file/getImage.do?atchFileId=934cbbeed0e94753b2ddef8f32fddfe6&thumb=Y,https://culture.seoul.go.kr/culture/culture/cultureEvent/view.do?cultcode=156877&menuNo=200011,
2026-05-12T16:15:11.769744+09:00,고척돔,고척돔,POI086,KEY_2,[서울아트책보고] 처음 만나는 세계,2026-03-10~2026-05-31,서울아트책보고 북카페 앤 라운지,126.867088741096,37.4982125677913,,https://culture.seoul.go.kr/cmmn/file/getImage.do?atchFileId=57c7dae9273d4eaeb82db962852b352e&thumb=Y,https://culture.seoul.go.kr/culture/culture/cultureEvent/view.do?cultcode=156892&menuNo=200009,
2026-05-12T16:15:11.769744+09:00,광화문광장,광화문광장,POI088,KEY_1,빛과 어둠의 경계에서,2026-05-02~2026-05-25,세종문화회관 세종S씨어터,126.9760053,37.5726241,,https://culture.seoul.go.kr/cmmn/file/getImage.do?atchFileId=0eeea492c11e4eb7816334e58cfeb6ce&thumb=Y,https://culture.seoul.go.kr/culture/culture/cultureEvent/view.do?cultcode=157335&menuNo=200008,
2026-05-12T16:15:11.769744+09:00,광화문광장,광화문광장,POI088,KEY_1,2026 의정부지 역사유적광장 전통무예행사,2026-04-11~2026-10-31,의정부지 역사유적광장,126.977967142855,37.5748036513699,,https://culture.seoul.go.kr/cmmn/file/getImage.do?atchFileId=628a9bae996a407bbfee67752dd508db&thumb=Y,https://culture.seoul.go.kr/culture/culture/cultureEvent/view.do?cultcode=157327&menuNo=200010,
2026-05-12T16:15:11.769744+09:00,광화문광장,광화문광장,POI088,KEY_1,2026 아뜰리에 광화 봄 전시 [피어나는 빛],2026-04-11~2026-06-19,세종문화회관 외벽 미디어파사드,126.9760053,37.5726241,,https://culture.seoul.go.kr/cmmn/file/getImage.do?atchFileId=196d7f704d5646a2bb4bb40523a8c4aa&thumb=Y,https://culture.seoul.go.kr/culture/culture/cultureEvent/view.do?cultcode=157432&menuNo=200009,
2026-05-12T16:15:11.769744+09:00,광화문광장,광화문광장,POI088,KEY_1,2026 해치마당 미디어월 봄 전시,2026-04-10~2026-06-19,광화문 역 9번출구 진입로 벽면 해치마당 미디어월,126.976787992565,37.5716228232824,,https://culture.seoul.go.kr/cmmn/file/getImage.do?atchFileId=ac862f94f21744ec8092ccc4372c0539&thumb=Y,https://culture.seoul.go.kr/culture/culture/cultureEvent/view.do?cultcode=157787&menuNo=200009,
2026-05-12T16:15:11.769744+09:00,광화문광장,광화문광장,POI088,KEY_1,[경복궁] 2026 생과방(상반기),2026-04-08~2026-05-27,경복궁 생과방,126.976842133821,37.5759040910202,,https://culture.seoul.go.kr/cmmn/file/getImage.do?atchFileId=4864144c5a084ea4a1228924afe585e6&thumb=Y,https://culture.seoul.go.kr/culture/culture/cultureEvent/view.do?cultcode=157368&menuNo=200011,
2026-05-12T16:15:11.769744+09:00,광화문광장,광화문광장,POI088,KEY_1,2026년 집옥재(팔우정 포함) 작은 도서관 개방,2026-04-01~2026-10-31,경복궁 집옥재·팔우정,126.976842133821,37.5759040910202,,https://culture.seoul.go.kr/cmmn/file/getImage.do?atchFileId=d70525e916b548cda13443c9e10190f3&thumb=Y,https://culture.seoul.go.kr/culture/culture/cultureEvent/view.do?cultcode=157383&menuNo=200011,
2026-05-12T16:15:11.769744+09:00,광화문광장,광화문광장,POI088,KEY_1,2026년 경복궁 [경회루·향원정] 특별관람,2026-04-01~2026-10-30,경복궁 경회루·향원정,126.976842133821,37.5759040910202,,https://culture.seoul.go.kr/cmmn/file/getImage.do?atchFileId=37630da9c19349fbac8494e92e5c64d8&thumb=Y,https://culture.seoul.go.kr/culture/culture/cultureEvent/view.do?cultcode=157389&menuNo=200011,
2026-05-12T16:15:11.769744+09:00,광화문광장,광화문광장,POI088,KEY_1,[세종문화회관] 세종예술아카데미 [정승빈 작가] 스테들러와 함께하는 여행드로잉 클래스,2026-03-31~2026-09-15,세종예술아카데미 스퀘어홀,126.9760053,37.5726241,,https://culture.seoul.go.kr/cmmn/file/getImage.do?atchFileId=a0247bcdf4484818baaca748c977391f&thumb=Y,https://culture.seoul.go.kr/culture/culture/cultureEvent/view.do?cultcode=157026&menuNo=200011,
2026-05-12T16:15:11.769744+09:00,광화문광장,광화문광장,POI088,KEY_1,[세종문화회관] 세종예술아카데미 [박인홍 작가] 스테들러와 함께하는 여행드로잉 클래스,2026-03-31~2026-08-31,세종예술아카데미 스퀘어홀,126.9760053,37.5726241,,https://culture.seoul.go.kr/cmmn/file/getImage.do?atchFileId=c9b88469d8f0468e960f00b0e5b0785d&thumb=Y,https://culture.seoul.go.kr/culture/culture/cultureEvent/view.do?cultcode=157025&menuNo=200011,
2026-05-12T16:15:11.769744+09:00,광화문광장,광화문광장,POI088,KEY_1,[세종문화회관] 세종예술아카데미 [그레이스 발레 (성인 취미 발레)],2026-03-30~2026-06-29,세종문화회관 예술동 4층 종합연습실,126.9760053,37.5726241,,https://culture.seoul.go.kr/cmmn/file/getImage.do?atchFileId=8b685870654e4cd78bf509ea783f7748&thumb=Y,https://culture.seoul.go.kr/culture/culture/cultureEvent/view.do?cultcode=156885&menuNo=200011,.
2026-05-12T16:15:11.769744+09:00,광화문광장,광화문광장,POI088,KEY_1,[세종문화회관] 세종예술아카데미 [정연석 작가] 스테들러와 함께하는 여행드로잉 클래스,2026-03-28~2026-09-05,세종예술아카데미 스퀘어홀,126.9760053,37.5726241,,https://culture.seoul.go.kr/cmmn/file/getImage.do?atchFileId=df2237ca7f754d009407bc3321cae86f&thumb=Y,https://culture.seoul.go.kr/culture/culture/cultureEvent/view.do?cultcode=157028&menuNo=200011,
2026-05-12T16:15:11.769744+09:00,광화문광장,광화문광장,POI088,KEY_1,[세종문화회관] 세종예술아카데미 [이승익 작가] 스테들러와 함께하는 여행드로잉 클래스,2026-03-28~2026-08-29,세종예술아카데미 스퀘어홀,126.9760053,37.5726241,,https://culture.seoul.go.kr/cmmn/file/getImage.do?atchFileId=09ebfb8dbbcf453e86aadfe529b90ff8&thumb=Y,https://culture.seoul.go.kr/culture/culture/cultureEvent/view.do?cultcode=157027&menuNo=200011,
2026-05-12T16:15:11.769744+09:00,광화문광장,광화문광장,POI088,KEY_1,[세종문화회관] 2026 상반기 세종 어린이 발레 아카데미,2026-03-28~2026-06-27,세종문화회관 예술동 4층 종합연습실,126.9760053,37.5726241,,https://culture.seoul.go.kr/cmmn/file/getImage.do?atchFileId=b47ad1471d3d428a9482934f7b03787f&thumb=Y,https://culture.seoul.go.kr/culture/culture/cultureEvent/view.do?cultcode=157104&menuNo=200011,
2026-05-12T16:15:11.769744+09:00,광화문광장,광화문광장,POI088,KEY_1,[세종문화회관] 세종예술아카데미 [이야기가 있는 클래식],2026-03-19~2026-05-28,세종문화회관 서클홀,126.9760053,37.5726241,,https://culture.seoul.go.kr/cmmn/file/getImage.do?atchFileId=0373af8e16694df8b923159a02ec0a2a&thumb=Y,https://culture.seoul.go.kr/culture/culture/cultureEvent/view.do?cultcode=156883&menuNo=200011,.
2026-05-12T16:15:11.769744+09:00,광화문광장,광화문광장,POI088,KEY_1,[세종문화회관] 세종예술아카데미 [미술사가 이 현의 전시와 함께보는 서양 미술사 - 바로크와 로코코],2026-03-19~2026-05-21,세종문화회관 서클홀,126.9760053,37.5726241,,https://culture.seoul.go.kr/cmmn/file/getImage.do?atchFileId=377ac3cd61d6416baa3b3f43a826b900&thumb=Y,https://culture.seoul.go.kr/culture/culture/cultureEvent/view.do?cultcode=156881&menuNo=200011,.
2026-05-12T16:15:11.769744+09:00,광화문광장,광화문광장,POI088,KEY_1,[세종문화회관] 세종예술아카데미 [클래식브런치],2026-03-18~2026-05-20,세종문화회관 서클홀,126.9760053,37.5726241,,https://culture.seoul.go.kr/cmmn/file/getImage.do?atchFileId=43b7fd7ecf2b44d1b7ba2ec25e6cc7a7&thumb=Y,https://culture.seoul.go.kr/culture/culture/cultureEvent/view.do?cultcode=156880&menuNo=200011,.
2026-05-12T16:15:11.769744+09:00,광화문광장,광화문광장,POI088,KEY_1,[세종문화회관] 세종예술아카데미 [히든보이스],2026-03-17~2026-06-30,세종문화회관 서클홀,126.9760053,37.5726241,,https://culture.seoul.go.kr/cmmn/file/getImage.do?atchFileId=96b505aa681348d48b661d248108f577&thumb=Y,https://culture.seoul.go.kr/culture/culture/cultureEvent/view.do?cultcode=156809&menuNo=200011,.
2026-05-12T16:15:11.769744+09:00,광화문광장,광화문광장,POI088,KEY_1,[세종문화회관] 세종예술아카데미 [2026 상반기 스포츠 in 아트스테이션],2026-03-16~2026-06-26,세종문화회관 오픈스테이지의 탁 트인 마루형 공간,126.9760053,37.5726241,,https://culture.seoul.go.kr/cmmn/file/getImage.do?atchFileId=16cb755c035e4ddc86c7cfbfa3654ca5&thumb=Y,https://culture.seoul.go.kr/culture/culture/cultureEvent/view.do?cultcode=157023&menuNo=200011,
2026-05-12T16:15:11.769744+09:00,광화문광장,광화문광장,POI088,KEY_1,[국가유산청 궁능유적본부] 수문장 순라의식,2026-03-01~2026-11-29,(토요일)경복궁 내부 (일요일， 공휴일)인사동 문화의 거리,126.976842133821,37.5759040910202,,https://culture.seoul.go.kr/cmmn/file/getImage.do?atchFileId=923de3d9169e463b9c8098a8e132be38&thumb=Y,https://culture.seoul.go.kr/culture/culture/cultureEvent/view.do?cultcode=156996&menuNo=200013,
2026-05-12T16:15:11.769744+09:00,국립중앙박물관·용산가족공원,국립중앙박물관·용산가족공원,POI089,KEY_2,[국립중앙박물관] 이슬람 미술， 찬란한 빛의 여정,2025-11-22~2026-10-11,국립중앙박물관 상설전시관 이슬람실,126.98020301648833,37.52385582212769,,https://culture.seoul.go.kr/cmmn/file/getImage.do?atchFileId=69db1f87ea6447c6a1fe901e146ce2e1&thumb=Y,https://culture.seoul.go.kr/culture/culture/cultureEvent/view.do?cultcode=156371&menuNo=200009,
2026-05-12T16:15:11.769744+09:00,국립중앙박물관·용산가족공원,국립중앙박물관·용산가족공원,POI089,KEY_2,[국립중앙박물관] 보존과학， 새로운 시작 함께하는 미래,2025-10-28~2026-06-30,국립중앙박물관 보존과학센터 1층,126.98020301648833,37.52385582212769,,https://culture.seoul.go.kr/cmmn/file/getImage.do?atchFileId=649b5716289a4bf2a97dcc27a7962d0c&thumb=Y,https://culture.seoul.go.kr/culture/culture/cultureEvent/view.do?cultcode=156376&menuNo=200009,
2026-05-12T16:15:11.769744+09:00,국립중앙박물관·용산가족공원,국립중앙박물관·용산가족공원,POI089,KEY_2,[국립중앙박물관] 각角진 백자 이야기,2025-08-26~2026-06-21,국립중앙박물관 상설전시관 3층,126.98020301648833,37.52385582212769,,https://culture.seoul.go.kr/cmmn/file/getImage.do?atchFileId=e522fa75398e4832b8862dd5a66863a7&thumb=Y,https://culture.seoul.go.kr/culture/culture/cultureEvent/view.do?cultcode=156377&menuNo=200009,
2026-05-12T16:15:11.769744+09:00,남산공원,남산공원,POI091,KEY_1,2026 서울시 태권도 공연,2026-05-09~2026-10-18,남산골한옥마을， DDP(동대문디자인플라자) 등,126.994440072131,37.559304933707146,,https://culture.seoul.go.kr/cmmn/file/getImage.do?atchFileId=292cefda02074a1bba028aea65b48755&thumb=Y,https://culture.seoul.go.kr/culture/culture/cultureEvent/view.do?cultcode=157783&menuNo=200013,
2026-05-12T16:15:11.769744+09:00,남산공원,남산공원,POI091,KEY_1,[남산골한옥마을] 2026 남산골 전통체험 [예술가의 시간],2026-04-03~2026-10-25,남산골한옥마을 전통가옥 프로그램별 상이,126.994440072131,37.559304933707146,,https://culture.seoul.go.kr/cmmn/file/getImage.do?atchFileId=65cd91f8db7b435e96bed67b434bcb84&thumb=Y,https://culture.seoul.go.kr/culture/culture/cultureEvent/view.do?cultcode=157090&menuNo=200011,
2026-05-12T16:15:11.769744+09:00,남산공원,남산공원,POI091,KEY_1,[남산골한옥마을] 남산골 전통혼례,2026-03-28~2026-11-15,관훈동 민씨가옥 안채 마당 (야외 혼례),126.994440072131,37.559304933707146,,https://culture.seoul.go.kr/cmmn/file/getImage.do?atchFileId=33830aa756d2463ab6ae27c45a425b0e&thumb=Y,https://culture.seoul.go.kr/culture/culture/cultureEvent/view.do?cultcode=156333&menuNo=200010,
2026-05-12T16:15:11.769744+09:00,남산공원,남산공원,POI091,KEY_1,2026 국립극장 어린이 예술학교 유아반 (1학기),2026-03-14~2026-05-23,국립극장 뜰아래연습장 B2 다목적교육실,126.999267349473,37.5519949082942,,https://culture.seoul.go.kr/cmmn/file/getImage.do?atchFileId=4d36afd4ac204d67bade0bd7b035e70a&thumb=Y,https://culture.seoul.go.kr/culture/culture/cultureEvent/view.do?cultcode=156884&menuNo=200011,
2026-05-12T16:15:11.769744+09:00,노들섬,노들섬,POI092,KEY_2,2026 서울거리공연 구석구석라이브,2026-05-01~2026-12-31,공연별 상이,126.958036465507,37.5176638307111,,https://culture.seoul.go.kr/cmmn/file/getImage.do?atchFileId=edccc8857cfe4ac1886089adadae554e&thumb=Y,https://culture.seoul.go.kr/culture/culture/cultureEvent/view.do?cultcode=157655&menuNo=200008,
2026-05-12T16:15:11.769744+09:00,노들섬,노들섬,POI092,KEY_2,[서울문화재단] 2026 신당창작아케이드 [어쩌다 마주친 공예 in 노들섬],2026-03-27~2026-12-31,노들섬 노들서가 내 아트스페이스 엣지 1층 (서울특별시 용산구 양녕로 445),126.958036465507,37.5176638307111,,https://culture.seoul.go.kr/cmmn/file/getImage.do?atchFileId=a8c296336d0f4398b55de07ad93424af&thumb=Y,https://culture.seoul.go.kr/culture/culture/cultureEvent/view.do?cultcode=157363&menuNo=200009,
2026-05-12T16:15:11.769744+09:00,서울숲공원,서울숲공원,POI101,KEY_2,2026 서울국제정원박람회,2026-05-01~2026-10-27,서울숲 일대,127.041799099222,37.5430701468405,,https://culture.seoul.go.kr/cmmn/file/getImage.do?atchFileId=94950c28bee44177bf2bff226fec0dc4&thumb=Y,https://culture.seoul.go.kr/culture/culture/cultureEvent/view.do?cultcode=156916&menuNo=200010,
2026-05-12T16:15:11.769744+09:00,서울숲공원,서울숲공원,POI101,KEY_2,2026 서로장터,2026-04-26~2026-11-01,서울광장， 서울숲， 양재시민의 숲， 잠수교,127.041799099222,37.5430701468405,N,https://culture.seoul.go.kr/cmmn/file/getImage.do?atchFileId=b5b274e789f84a8da67e6c2ec3815326&thumb=Y,https://culture.seoul.go.kr/culture/culture/cultureEvent/view.do?cultcode=157478&menuNo=200010,
2026-05-12T16:15:11.769744+09:00,송현녹지광장,송현녹지광장,POI129,KEY_3,[서울공예박물관] 색유만개 : 권순형 기증특별전시,2026-05-12~2026-08-02,서울공예박물관 전시1동  1층 로비， 안내동 일부,126.983533363501,37.5766481740232,,https://culture.seoul.go.kr/cmmn/file/getImage.do?atchFileId=36124f9be563428e8d2635a4078fd319&thumb=Y,https://culture.seoul.go.kr/culture/culture/cultureEvent/view.do?cultcode=157607&menuNo=200009,
2026-05-12T16:15:11.769744+09:00,송현녹지광장,송현녹지광장,POI129,KEY_3,[서울공예박물관] 공예협력전시 [안동별궁， 시간의 겹],2026-04-28~2027-08-29,서울공예박물관 전시1동 3층 기획전시실,126.983533363501,37.5766481740232,N,https://culture.seoul.go.kr/cmmn/file/getImage.do?atchFileId=a1622fcb6e024123ac90f40cdc8e32fd&thumb=Y,https://culture.seoul.go.kr/culture/culture/cultureEvent/view.do?cultcode=157420&menuNo=200009,
2026-05-12T16:15:11.769744+09:00,송현녹지광장,송현녹지광장,POI129,KEY_3,[서울공예박물관] 한불수교 140주년 기념전시 [더 하이브리드],2026-04-28~2026-07-26,서울공예박물관 전시1동 3층 기획전시실,126.983533363501,37.5766481740232,N,https://culture.seoul.go.kr/cmmn/file/getImage.do?atchFileId=aaaf677cdfac468db6f5c9e13fd397ad&thumb=Y,https://culture.seoul.go.kr/culture/culture/cultureEvent/view.do?cultcode=157211&menuNo=200009,
2026-05-12T16:15:11.769744+09:00,송현녹지광장,송현녹지광장,POI129,KEY_3,[서울공예박물관] 공예동행@쇼윈도 #2. 빛의 흐름 The Flow of Light,2026-04-08~2026-05-31,전시3동 1층 쇼윈도 갤러리,126.983533363501,37.5766481740232,,https://culture.seoul.go.kr/cmmn/file/getImage.do?atchFileId=d813307c6065486caf69b2ad498a0e61&thumb=Y,https://culture.seoul.go.kr/culture/culture/cultureEvent/view.do?cultcode=157354&menuNo=200009,
2026-05-12T16:15:11.769744+09:00,송현녹지광장,송현녹지광장,POI129,KEY_3,스펙트로신테시스 서울 Spectrosynthesis Seoul,2026-03-20~2026-06-28,아트선재센터,126.981839239613,37.5794635323506,,https://culture.seoul.go.kr/cmmn/file/getImage.do?atchFileId=1bbb87d0d71243b996db22604e96a261&thumb=Y,https://culture.seoul.go.kr/culture/culture/cultureEvent/view.do?cultcode=157262&menuNo=200009,
2026-05-12T16:15:11.769744+09:00,어린이대공원,어린이대공원,POI104,KEY_1,[서울상상나라] To. 외계인,2026-05-09~2026-07-19,서울상상나라 B1 창의놀이실,127.077569,37.55055,,https://culture.seoul.go.kr/cmmn/file/getImage.do?atchFileId=240d6c4f932d44c099f463537898e10d&thumb=Y,https://culture.seoul.go.kr/culture/culture/cultureEvent/view.do?cultcode=157797&menuNo=200011,
2026-05-12T16:15:11.769744+09:00,어린이대공원,어린이대공원,POI104,KEY_1,[서울상상나라] 에너지 위기! 대체에너지 탐험,2026-05-09~2026-07-19,서울상상나라 B1 표현놀이실,127.077569,37.55055,,https://culture.seoul.go.kr/cmmn/file/getImage.do?atchFileId=582b93fb96294ba4b10535197ad0b6e4&thumb=Y,https://culture.seoul.go.kr/culture/culture/cultureEvent/view.do?cultcode=157798&menuNo=200011,
2026-05-12T16:15:11.769744+09:00,어린이대공원,어린이대공원,POI104,KEY_1,[서울상상나라] 우리 가족 얼굴 피자,2026-05-09~2026-05-31,서울상상나라 B1 요리놀이실,127.077569,37.55055,,https://culture.seoul.go.kr/cmmn/file/getImage.do?atchFileId=911928e567334b468469a48c46b21df2&thumb=Y,https://culture.seoul.go.kr/culture/culture/cultureEvent/view.do?cultcode=157800&menuNo=200011,
2026-05-12T16:15:11.769744+09:00,어린이대공원,어린이대공원,POI104,KEY_1,[서울상상나라] 연두빛 타르트,2026-05-09~2026-05-31,서울상상나라 B1 요리놀이실,127.077569,37.55055,,https://culture.seoul.go.kr/cmmn/file/getImage.do?atchFileId=8294893045ec4d9db9f6d5e2b49c908e&thumb=Y,https://culture.seoul.go.kr/culture/culture/cultureEvent/view.do?cultcode=157799&menuNo=200011,
2026-05-12T16:15:11.769744+09:00,어린이대공원,어린이대공원,POI104,KEY_1,[서울상상나라] 놀이의 가능성: 보다,2026-04-28~2026-10-31,서울상상나라 1층 로비,127.077569,37.55055,,https://culture.seoul.go.kr/cmmn/file/getImage.do?atchFileId=33e106ada63a4554889b2194d3b76aa7&thumb=Y,https://culture.seoul.go.kr/culture/culture/cultureEvent/view.do?cultcode=157801&menuNo=200009,
2026-05-12T16:15:11.769744+09:00,어린이대공원,어린이대공원,POI104,KEY_1,[서울상상나라] 2F 기획전시 [사랑하는 모양이야],2025-11-15~2026-11-15,2층 서울형 키즈카페 시립 서울상상나라점,127.077569,37.55055,,https://culture.seoul.go.kr/cmmn/file/getImage.do?atchFileId=49257064be8745158d56780a881325da&thumb=Y,https://culture.seoul.go.kr/culture/culture/cultureEvent/view.do?cultcode=156165&menuNo=200009,
2026-05-12T16:15:11.769744+09:00,어린이대공원,어린이대공원,POI104,KEY_1,[서울상상나라] 통-하다,2025-11-11~2026-11-11,서울상상나라 1층 상설전시실,127.077569,37.55055,,https://culture.seoul.go.kr/cmmn/file/getImage.do?atchFileId=43c7d50c4bcf488982db4ed5e5d6a2a9&thumb=Y,https://culture.seoul.go.kr/culture/culture/cultureEvent/view.do?cultcode=155891&menuNo=200009,
2026-05-12T16:15:11.769744+09:00,어린이대공원,어린이대공원,POI104,KEY_1,[서울상상나라] 그림책 작업실:엉뚱하고 기발한,2025-07-15~2026-07-15,서울상상나라 지하 1층 기획전시실,127.077569,37.55055,,https://culture.seoul.go.kr/cmmn/file/getImage.do?atchFileId=96afe0108a624e499e8ba01e7cb308c1&thumb=Y,https://culture.seoul.go.kr/culture/culture/cultureEvent/view.do?cultcode=154150&menuNo=200009,
2026-05-12T16:15:11.769744+09:00,올림픽공원,올림픽공원,POI127,KEY_1,[한성백제박물관] 상반기 장애인 단체 대면 교육 [옛날옛날， 빛나는 백제 이야기],2026-05-12~2026-06-30,박물관 로비/교육실,127.12088940368128,37.51543881335773,,https://culture.seoul.go.kr/cmmn/file/getImage.do?atchFileId=58420146f27740e39e6ac91e88d71d70&thumb=Y,https://culture.seoul.go.kr/culture/culture/cultureEvent/view.do?cultcode=157690&menuNo=200011,
2026-05-12T16:15:11.769744+09:00,올림픽공원,올림픽공원,POI127,KEY_1,[서울백제어린이박물관] 초등 2-3학년 학급 대상 [어린이백제연구소2] 옛날 도구， 오늘날 도구 (도구의변천),2026-05-12~2026-06-10,서울백제어린이박물관(교육실， 전시실),127.124412,37.523991,,https://culture.seoul.go.kr/cmmn/file/getImage.do?atchFileId=85ede03678db4ee5a0adb99f465d78ff&thumb=Y,https://culture.seoul.go.kr/culture/culture/cultureEvent/view.do?cultcode=156836&menuNo=200011,
2026-05-12T16:15:11.769744+09:00,올림픽공원,올림픽공원,POI127,KEY_1,[한성백제박물관] 2026년 상반기 성인 대상 [서울 고대유적 탐방],2026-04-28~2026-06-11,한성백제박물관， 몽촌토성， 풍납동토성， 석촌동고분군 일대,127.12088940368128,37.51543881335773,,https://culture.seoul.go.kr/cmmn/file/getImage.do?atchFileId=3d89263b5e85481c894204ef7a05d20e&thumb=Y,https://culture.seoul.go.kr/culture/culture/cultureEvent/view.do?cultcode=157084&menuNo=200011,
2026-05-12T16:15:11.769744+09:00,올림픽공원,올림픽공원,POI127,KEY_1,[소마미술관] 조각이 꿈+틀 [올림픽조각체험프로젝트#02] 상설전,2026-04-17~2026-09-06,소마미술관 2관 상설전시실,127.118166964751,37.516920655117,,https://culture.seoul.go.kr/cmmn/file/getImage.do?atchFileId=c4ac3bd4533342b993b5ccfd5d42086c&thumb=Y,https://culture.seoul.go.kr/culture/culture/cultureEvent/view.do?cultcode=157117&menuNo=200009,
2026-05-12T16:15:11.769744+09:00,올림픽공원,올림픽공원,POI127,KEY_1,올림픽 조각체험 프로젝트#2 [조각이 꿈+틀],2026-04-17~2026-09-06,소마미술관,127.118166964751,37.516920655117,,https://culture.seoul.go.kr/cmmn/file/getImage.do?atchFileId=6825663978de46c192543240dfbb2185&thumb=Y,https://culture.seoul.go.kr/culture/culture/cultureEvent/view.do?cultcode=157318&menuNo=200009,
2026-05-12T16:15:11.769744+09:00,올림픽공원,올림픽공원,POI127,KEY_1,[소마미술관] 그림책이 살아있다!,2026-04-17~2026-09-06,소마미술관 2관 기획전시실,127.118166964751,37.516920655117,,https://culture.seoul.go.kr/cmmn/file/getImage.do?atchFileId=cf267080189e4a3eadeeb6c5e8b0ade7&thumb=Y,https://culture.seoul.go.kr/culture/culture/cultureEvent/view.do?cultcode=157116&menuNo=200009,
2026-05-12T16:15:11.769744+09:00,올림픽공원,올림픽공원,POI127,KEY_1,이승택 개인전 [조각의 바깥에서],2026-04-10~2026-07-26,소마미술관,127.118166964751,37.516920655117,,https://culture.seoul.go.kr/cmmn/file/getImage.do?atchFileId=fa83edf506b643e2bec777cac69729ce&thumb=Y,https://culture.seoul.go.kr/culture/culture/cultureEvent/view.do?cultcode=157317&menuNo=200009,
2026-05-12T16:15:11.769744+09:00,올림픽공원,올림픽공원,POI127,KEY_1,[한성백제박물관] 2026년 상반기 문화다양성 교육 [백제와 함께하는 이웃나라들],2026-03-31~2026-06-30,대면) 박물관 교육실/ (비대면) 각 학급 교실,127.12088940368128,37.51543881335773,,https://culture.seoul.go.kr/cmmn/file/getImage.do?atchFileId=79379b0c10fc462fb325ecdb455dd3db&thumb=Y,https://culture.seoul.go.kr/culture/culture/cultureEvent/view.do?cultcode=157232&menuNo=200011,
2026-05-12T16:15:11.769744+09:00,올림픽공원,올림픽공원,POI127,KEY_1,[한성백제박물관] 2026 상반기 초등단체 대면 교육 [서울 쏙! 백제 콕!],2026-03-26~2026-07-03,한성백제박물관 교육실,127.12088940368128,37.51543881335773,,https://culture.seoul.go.kr/cmmn/file/getImage.do?atchFileId=f3b484610b65420297a3ae47001c6120&thumb=Y,https://culture.seoul.go.kr/culture/culture/cultureEvent/view.do?cultcode=156906&menuNo=200011,
2026-05-12T16:15:11.769744+09:00,올림픽공원,올림픽공원,POI127,KEY_1,[한성백제박물관] 2026 상반기 초등단체 비대면 교육 [서울 쏙! 백제 콕!],2026-03-26~2026-07-03,각 학급 교실(비대면 원격 교육),127.12088940368128,37.51543881335773,,https://culture.seoul.go.kr/cmmn/file/getImage.do?atchFileId=fb761ebe217849eaa4f63b1b0f6ac759&thumb=Y,https://culture.seoul.go.kr/culture/culture/cultureEvent/view.do?cultcode=156907&menuNo=200011,
2026-05-12T16:15:11.769744+09:00,올림픽공원,올림픽공원,POI127,KEY_1,[한성백제박물관] 초등 4~6학년 단체 대면 교육 [한강삼국지: 삼국의 한강 쟁탈전],2026-03-24~2026-07-01,한성백제박물관 교육실,127.12088940368128,37.51543881335773,,https://culture.seoul.go.kr/cmmn/file/getImage.do?atchFileId=0183d0f0f64d43dea7f2f1f5a5823734&thumb=Y,https://culture.seoul.go.kr/culture/culture/cultureEvent/view.do?cultcode=156755&menuNo=200011,
2026-05-12T16:15:11.769744+09:00,올림픽공원,올림픽공원,POI127,KEY_1,[한성백제박물관] 초등 4~6학년 학급 비대면 교육 [한강삼국지: 삼국의 한강 쟁탈전],2026-03-24~2026-07-01,신청 학급 교실,127.12088940368128,37.51543881335773,,https://culture.seoul.go.kr/cmmn/file/getImage.do?atchFileId=ee2f38002896461d88e55f36df203dfc&thumb=Y,https://culture.seoul.go.kr/culture/culture/cultureEvent/view.do?cultcode=156754&menuNo=200011,
2026-05-12T16:15:11.769744+09:00,올림픽공원,올림픽공원,POI127,KEY_1,[서울백제어린이박물관] 유단체 대상 [서울역사생태탐험대1] 봄,2026-03-19~2026-05-21,서울백제어린이박물관(교육실， 전시실)， 야외생태체험장， 전시실 등,127.124412,37.523991,,https://culture.seoul.go.kr/cmmn/file/getImage.do?atchFileId=7504518b70b54ac7b5c8367519f44947&thumb=Y,https://culture.seoul.go.kr/culture/culture/cultureEvent/view.do?cultcode=156747&menuNo=200011,
2026-05-12T16:15:11.769744+09:00,올림픽공원,올림픽공원,POI127,KEY_1,[한성백제박물관] 2026년 상반기 주말가족교육 [문화유산 보존 연구소],2026-03-14~2026-07-04,한성백제박물관 교육실,127.12088940368128,37.51543881335773,,https://culture.seoul.go.kr/cmmn/file/getImage.do?atchFileId=69fec744c82446619d58e8ce8cb6baab&thumb=Y,https://culture.seoul.go.kr/culture/culture/cultureEvent/view.do?cultcode=156850&menuNo=200011,
2026-05-12T16:15:11.769744+09:00,올림픽공원,올림픽공원,POI127,KEY_1,[한성백제박물관] 2026년 상반기 주말가족탐방 [몽촌토성 탐방],2026-03-14~2026-05-30,몽촌토성， 박물관 교육실,127.12088940368128,37.51543881335773,,https://culture.seoul.go.kr/cmmn/file/getImage.do?atchFileId=31a20aade65d41b882a74ff2a6424ee7&thumb=Y,https://culture.seoul.go.kr/culture/culture/cultureEvent/view.do?cultcode=156851&menuNo=200011,
2026-05-12T16:15:11.769744+09:00,북촌한옥마을,북촌한옥마을,POI066,KEY_3,[서울공예박물관] 색유만개 : 권순형 기증특별전시,2026-05-12~2026-08-02,서울공예박물관 전시1동  1층 로비， 안내동 일부,126.983533363501,37.5766481740232,,https://culture.seoul.go.kr/cmmn/file/getImage.do?atchFileId=36124f9be563428e8d2635a4078fd319&thumb=Y,https://culture.seoul.go.kr/culture/culture/cultureEvent/view.do?cultcode=157607&menuNo=200009,
2026-05-12T16:15:11.769744+09:00,북촌한옥마을,북촌한옥마을,POI066,KEY_3,[갤러리지우헌] 허상욱 개인전: 분청 마음,2026-05-06~2026-06-03,갤러리 지우헌,126.982999426985,37.5833833879584,,https://culture.seoul.go.kr/cmmn/file/getImage.do?atchFileId=cbdadfe6623e471d8e41a958828bab71&thumb=Y,https://culture.seoul.go.kr/culture/culture/cultureEvent/view.do?cultcode=157715&menuNo=200009,전시 오프닝은 5월 6일 오후 4시에 진행되며， 작가가 직접 작품을 소개하는 자리가 마련될 예정이다. 행사에는 100년 전통 ㈜지평주조의 ‘지평탁주’가 함께 제공됩니다.
2026-05-12T16:15:11.769744+09:00,북촌한옥마을,북촌한옥마을,POI066,KEY_3,[서울공예박물관] 공예협력전시 [안동별궁， 시간의 겹],2026-04-28~2027-08-29,서울공예박물관 전시1동 3층 기획전시실,126.983533363501,37.5766481740232,N,https://culture.seoul.go.kr/cmmn/file/getImage.do?atchFileId=a1622fcb6e024123ac90f40cdc8e32fd&thumb=Y,https://culture.seoul.go.kr/culture/culture/cultureEvent/view.do?cultcode=157420&menuNo=200009,
2026-05-12T16:15:11.769744+09:00,북촌한옥마을,북촌한옥마을,POI066,KEY_3,[서울공예박물관] 한불수교 140주년 기념전시 [더 하이브리드],2026-04-28~2026-07-26,서울공예박물관 전시1동 3층 기획전시실,126.983533363501,37.5766481740232,N,https://culture.seoul.go.kr/cmmn/file/getImage.do?atchFileId=aaaf677cdfac468db6f5c9e13fd397ad&thumb=Y,https://culture.seoul.go.kr/culture/culture/cultureEvent/view.do?cultcode=157211&menuNo=200009,
2026-05-12T16:15:11.769744+09:00,북촌한옥마을,북촌한옥마을,POI066,KEY_3,[서울공예박물관] 공예동행@쇼윈도 #2. 빛의 흐름 The Flow of Light,2026-04-08~2026-05-31,전시3동 1층 쇼윈도 갤러리,126.983533363501,37.5766481740232,,https://culture.seoul.go.kr/cmmn/file/getImage.do?atchFileId=d813307c6065486caf69b2ad498a0e61&thumb=Y,https://culture.seoul.go.kr/culture/culture/cultureEvent/view.do?cultcode=157354&menuNo=200009,
2026-05-12T16:15:11.769744+09:00,북촌한옥마을,북촌한옥마을,POI066,KEY_3,스펙트로신테시스 서울 Spectrosynthesis Seoul,2026-03-20~2026-06-28,아트선재센터,126.981839239613,37.5794635323506,,https://culture.seoul.go.kr/cmmn/file/getImage.do?atchFileId=1bbb87d0d71243b996db22604e96a261&thumb=Y,https://culture.seoul.go.kr/culture/culture/cultureEvent/view.do?cultcode=157262&menuNo=200009,
2026-05-12T16:15:11.769744+09:00,서촌,서촌,POI067,KEY_1,[서울생활문화센터 체부] 체부작업展 [선 위에 머무는 마음],2026-04-28~2026-06-30,윈도우 갤러리， 금오재 마실,126.97148941423,37.5767084987432,,https://culture.seoul.go.kr/cmmn/file/getImage.do?atchFileId=b51cfd4f38d64d21be656e622812b5cb&thumb=Y,https://culture.seoul.go.kr/culture/culture/cultureEvent/view.do?cultcode=157790&menuNo=200009,
2026-05-12T16:15:11.769744+09:00,서촌,서촌,POI067,KEY_1,[종로문화재단] 금빛으로 지은 옷을 여미다,2025-12-16~2026-06-26,배화여자대학교 도서관 1층 전통문화전시실,126.967291871532,37.5795440101952,,https://culture.seoul.go.kr/cmmn/file/getImage.do?atchFileId=dc73759daf4e460fb1b9184a298f8c43&thumb=Y,https://culture.seoul.go.kr/culture/culture/cultureEvent/view.do?cultcode=156309&menuNo=200009,
2026-05-12T16:15:11.769744+09:00,서촌,서촌,POI067,KEY_1,[종로문화재단] 박노수미술관 개관12주년 기념전시 [산수·격물],2025-09-19~2026-12-06,종로구립 박노수미술관,126.966818545949,37.5813191962491,,https://culture.seoul.go.kr/cmmn/file/getImage.do?atchFileId=b3d1bbb9284b4b97bda71e967e5bb5a9&thumb=Y,https://culture.seoul.go.kr/culture/culture/cultureEvent/view.do?cultcode=155699&menuNo=200009,
2026-05-12T16:15:11.769744+09:00,인사동,인사동,POI078,KEY_3,[운현궁] 2026 기획 전시 [단청이 스며든 자리],2026-05-12~2026-05-17,운현궁 기획전시실,126.98708335796199,37.57607864675475,,https://culture.seoul.go.kr/cmmn/file/getImage.do?atchFileId=9fa80cafef594ba095f0682cd4cb8032&thumb=Y,https://culture.seoul.go.kr/culture/culture/cultureEvent/view.do?cultcode=157805&menuNo=200009,
2026-05-12T16:15:11.769744+09:00,인사동,인사동,POI078,KEY_3,[서울무형유산교육전시장] 2026년 운현궁에서 배우는 전통매듭 체험 모집,2026-05-06~2026-05-27,운현궁 이로당,126.98708335796199,37.57607864675475,,https://culture.seoul.go.kr/cmmn/file/getImage.do?atchFileId=d9f7c6b35e4b444dab781fe2fd07b841&thumb=Y,https://culture.seoul.go.kr/culture/culture/cultureEvent/view.do?cultcode=157558&menuNo=200011,
2026-05-12T16:15:11.769744+09:00,인사동,인사동,POI078,KEY_3,[노화랑] 기획전 [IN PINK],2026-04-23~2026-05-14,노화랑 1， 2층 전시장,126.984085733694,37.5748603162364,N,https://culture.seoul.go.kr/cmmn/file/getImage.do?atchFileId=813a89fb33224ca9b184a59c222a411b&thumb=Y,https://culture.seoul.go.kr/culture/culture/cultureEvent/view.do?cultcode=157488&menuNo=200009,
2026-05-12T16:15:11.769744+09:00,인사동,인사동,POI078,KEY_3,[서울우리소리박물관] 2026년 상반기 외국인 전통문화체험,2026-04-16~2026-05-14,서울우리소리박물관 상설전시실 및 교육실,126.989622047178,37.577157928122,,https://culture.seoul.go.kr/cmmn/file/getImage.do?atchFileId=183cd9e9b78549d098992df989c47096&thumb=Y,https://culture.seoul.go.kr/culture/culture/cultureEvent/view.do?cultcode=157200&menuNo=200011,
2026-05-12T16:15:11.769744+09:00,인사동,인사동,POI078,KEY_3,[운현궁] 2026 서울 운현궁 예절교실,2026-04-01~2026-06-12,운현궁 이로당， 노락당,126.98708335796199,37.57607864675475,,https://culture.seoul.go.kr/cmmn/file/getImage.do?atchFileId=48bfe53ae79b43ffa93809a0bea94372&thumb=Y,https://culture.seoul.go.kr/culture/culture/cultureEvent/view.do?cultcode=156901&menuNo=200011,
2026-05-12T16:15:11.769744+09:00,인사동,인사동,POI078,KEY_3,[서울생활문화센터 낙원] 초보기타 교실 추가모집 / 색소폰 교실 & 클리닉,2026-03-18~2026-06-24,서울생활문화센터 낙원 5번 안내실,126.987902476529,37.5727635233966,,https://culture.seoul.go.kr/cmmn/file/getImage.do?atchFileId=19019906a68a46efbe0ae1c1d60984bd&thumb=Y,https://culture.seoul.go.kr/culture/culture/cultureEvent/view.do?cultcode=156978&menuNo=200011,
2026-05-12T16:15:11.769744+09:00,인사동,인사동,POI078,KEY_3,[서울우리소리박물관] 2026 자율학습 프로그램 [우리소리 친구들],2026-02-09~2026-12-31,누마루 또는 교육실,126.989622047178,37.577157928122,,https://culture.seoul.go.kr/cmmn/file/getImage.do?atchFileId=94d1c28647de4daf8f612b8fe830a020&thumb=Y,https://culture.seoul.go.kr/culture/culture/cultureEvent/view.do?cultcode=156746&menuNo=200011,
2026-05-12T16:15:11.769744+09:00,인사동,인사동,POI078,KEY_3,[서울우리소리박물관] 2025 서울우리소리박물관 기획전 [한강， 소리로 흐르다],2025-06-19~2026-05-28,서울우리소리박물관 기획전시실,126.989622047178,37.577157928122,,https://culture.seoul.go.kr/cmmn/file/getImage.do?atchFileId=6cbae2fb2066497e9499c66996d2aad8&thumb=Y,https://culture.seoul.go.kr/culture/culture/cultureEvent/view.do?cultcode=154089&menuNo=200009,
2026-05-12T16:15:11.769744+09:00,창동 신경제 중심지,창동 신경제 중심지,POI079,KEY_2,[서울시립 사진미술관] 어린이를 위한 감상교육 [미술관 탐험],2026-05-02~2026-06-13,서울시립 사진미술관 전시실 및 1교육실,127.048947814686,37.6555150225578,,https://culture.seoul.go.kr/cmmn/file/getImage.do?atchFileId=3b060851bfe0447fa662c416d69083b5&thumb=Y,https://culture.seoul.go.kr/culture/culture/cultureEvent/view.do?cultcode=157761&menuNo=200011,
2026-05-12T16:15:11.769744+09:00,창동 신경제 중심지,창동 신경제 중심지,POI079,KEY_2,[서울시립 사진미술관] 2026 서울사진축제 : 미술관 속 영화관 [진과 세계 사이에서],2026-04-24~2026-05-29,서울시립 사진미술관 2층 영상홀,127.048947814686,37.6555150225578,,https://culture.seoul.go.kr/cmmn/file/getImage.do?atchFileId=7938fe59e75e4986abeeaa7b0d1b15a9&thumb=Y,https://culture.seoul.go.kr/culture/culture/cultureEvent/view.do?cultcode=157489&menuNo=200013,
2026-05-12T16:15:11.769744+09:00,창동 신경제 중심지,창동 신경제 중심지,POI079,KEY_2,[서울시립 사진미술관] 2026 서울사진축제 : 포토라이브러리 워크숍 [일요일의 독서클럽],2026-04-12~2026-06-07,2층 영상홀， 4층 포토라이브러리,127.048947814686,37.6555150225578,,https://culture.seoul.go.kr/cmmn/file/getImage.do?atchFileId=498300d2f5194d3b8fd3d736e7cb345f&thumb=Y,https://culture.seoul.go.kr/culture/culture/cultureEvent/view.do?cultcode=157487&menuNo=200011,
2026-05-12T16:15:11.769744+09:00,창동 신경제 중심지,창동 신경제 중심지,POI079,KEY_2,[서울시립 사진미술관] 2026 서울사진축제 : Photo SeMA 기획서가 [모두를 위한 사진책],2026-04-09~2026-07-05,서울시립 사진미술관 4층 포토라이브러리,127.048947814686,37.6555150225578,,https://culture.seoul.go.kr/cmmn/file/getImage.do?atchFileId=65ddc38604e4492b869a6d972a08ec81&thumb=Y,https://culture.seoul.go.kr/culture/culture/cultureEvent/view.do?cultcode=157578&menuNo=200009,
2026-05-12T16:15:11.769744+09:00,창동 신경제 중심지,창동 신경제 중심지,POI079,KEY_2,[서울시립 사진미술관] 2026 서울사진축제 : 아티스트 토크 [작가의 방],2026-04-09~2026-06-14,서울시립 사진미술관 2층  영상홀,127.048947814686,37.6555150225578,,https://culture.seoul.go.kr/cmmn/file/getImage.do?atchFileId=20a62cd7a4a5468a905848cae3284ff6&thumb=Y,https://culture.seoul.go.kr/culture/culture/cultureEvent/view.do?cultcode=157475&menuNo=200009,
2026-05-12T16:15:11.769744+09:00,창동 신경제 중심지,창동 신경제 중심지,POI079,KEY_2,[서울시립 사진미술관] 2026 서울사진축제 [서울 사진 산책],2026-04-09~2026-06-14,서울 시내 24개소 문화공간 / 외부 별도 장소,127.048947814686,37.6555150225578,,https://culture.seoul.go.kr/cmmn/file/getImage.do?atchFileId=10e7f9cf6cd94078a47d5e519a4b6e7f&thumb=Y,https://culture.seoul.go.kr/culture/culture/cultureEvent/view.do?cultcode=157349&menuNo=200009,
2026-05-12T16:15:11.769744+09:00,창동 신경제 중심지,창동 신경제 중심지,POI079,KEY_2,[서울시립 사진미술관] 서울사진축제 《컴백홈》,2026-04-09~2026-06-14,서울시립 사진미술관,127.048947814686,37.6555150225578,,https://culture.seoul.go.kr/cmmn/file/getImage.do?atchFileId=c4c9d45245364ab48711d6ccbeb9e699&thumb=Y,https://culture.seoul.go.kr/culture/culture/cultureEvent/view.do?cultcode=157269&menuNo=200009,
2026-05-12T16:15:11.769744+09:00,창동 신경제 중심지,창동 신경제 중심지,POI079,KEY_2,[서울시립 사진미술관] 포토 디스커버리 프로젝트 《사진집》,2026-03-18~2026-06-14,서울시립 사진미술관 1층 로비,127.048947814686,37.6555150225578,,https://culture.seoul.go.kr/cmmn/file/getImage.do?atchFileId=0f7936d9f2d94354a36657010b418fbb&thumb=Y,https://culture.seoul.go.kr/culture/culture/cultureEvent/view.do?cultcode=157141&menuNo=200009,
2026-05-12T16:15:11.769744+09:00,DDP(동대문디자인플라자),DDP(동대문디자인플라자),POI083,KEY_3,김영준 x 요시다 유니 기획전 Face to face,2026-05-07~2026-06-07,DDP 이간수문전시장,127.00977973484339,37.56735731522952,,https://culture.seoul.go.kr/cmmn/file/getImage.do?atchFileId=2e699755a39b40619ddea53a22e59ef4&thumb=Y,https://culture.seoul.go.kr/culture/culture/cultureEvent/view.do?cultcode=157672&menuNo=200009,
2026-05-12T16:15:11.769744+09:00,DDP(동대문디자인플라자),DDP(동대문디자인플라자),POI083,KEY_3,Let Dreams Shine! [베베핀 드림랜드],2026-05-01~2026-05-31,동대문디자인플라자 디자인랩1층 DDP쇼룸,127.00977973484339,37.56735731522952,,https://culture.seoul.go.kr/cmmn/file/getImage.do?atchFileId=b578b0a0e4724a718dff9fbd6ca77cbc&thumb=Y,https://culture.seoul.go.kr/culture/culture/cultureEvent/view.do?cultcode=157641&menuNo=200011,
2026-05-12T16:15:11.769744+09:00,DDP(동대문디자인플라자),DDP(동대문디자인플라자),POI083,KEY_3,DDPlay 버스킹 5월 공연 안내,2026-05-01~2026-05-31,DDP 어울림광장， 팔거리,127.00977973484339,37.56735731522952,,https://culture.seoul.go.kr/cmmn/file/getImage.do?atchFileId=06255b5f16c1435a95ddf9214cbe8d86&thumb=Y,https://culture.seoul.go.kr/culture/culture/cultureEvent/view.do?cultcode=157546&menuNo=200008,
2026-05-12T16:15:11.769744+09:00,DDP(동대문디자인플라자),DDP(동대문디자인플라자),POI083,KEY_3,[서울디자인재단] 키크니 특별전 : 그렸고 그런 사이,2026-04-25~2026-09-06,뮤지엄 전시1관,127.00977973484339,37.56735731522952,,https://culture.seoul.go.kr/cmmn/file/getImage.do?atchFileId=5b5e3f16b605439ea83b1ecf8d5ce8b8&thumb=Y,https://culture.seoul.go.kr/culture/culture/cultureEvent/view.do?cultcode=157351&menuNo=200009,
2026-05-12T16:15:11.769744+09:00,DDP(동대문디자인플라자),DDP(동대문디자인플라자),POI083,KEY_3,이상한 K-뷰티 : 엄마의 서랍장,2026-04-10~2026-06-10,DDP 마켓 B2F 비더비 다운타운,127.00977973484339,37.56735731522952,,https://culture.seoul.go.kr/cmmn/file/getImage.do?atchFileId=e187f20c0b5d4e7ebcbff38d8f60b63e&thumb=Y,https://culture.seoul.go.kr/culture/culture/cultureEvent/view.do?cultcode=157606&menuNo=200009,
2026-05-12T16:15:11.769744+09:00,DDP(동대문디자인플라자),DDP(동대문디자인플라자),POI083,KEY_3,[서울디자인재단] DDP 루프탑 투어_2026,2026-03-21~2026-05-31,DDP 뮤지엄 1층(M3 출입문) 투어 데스크 (시작장소),127.00977973484339,37.56735731522952,,https://culture.seoul.go.kr/cmmn/file/getImage.do?atchFileId=973b28af071b405ea7f6eb7ab715abaa&thumb=Y,https://culture.seoul.go.kr/culture/culture/cultureEvent/view.do?cultcode=157428&menuNo=200011,
2026-05-12T16:15:11.769744+09:00,DDP(동대문디자인플라자),DDP(동대문디자인플라자),POI083,KEY_3,BtheB 뷰티기획전 [Beauty For All],2026-02-28~2026-06-07,DDP 지하2층 DDP마켓 비더비,127.00977973484339,37.56735731522952,,https://culture.seoul.go.kr/cmmn/file/getImage.do?atchFileId=5209bf1d22f345568a88cce60bbc8688&thumb=Y,https://culture.seoul.go.kr/culture/culture/cultureEvent/view.do?cultcode=156852&menuNo=200009,
2026-05-12T16:15:11.769744+09:00,DDP(동대문디자인플라자),DDP(동대문디자인플라자),POI083,KEY_3,[DDP] Dream in Light,2026-01-09~2026-12-31,DDP 전면， 유구전시장 앞， 미래로 상부,127.00977973484339,37.56735731522952,,https://culture.seoul.go.kr/cmmn/file/getImage.do?atchFileId=bfa59aa56eed4af8b441d88bad873037&thumb=Y,https://culture.seoul.go.kr/culture/culture/cultureEvent/view.do?cultcode=156491&menuNo=200009,
2026-05-12T16:15:11.769744+09:00,DDP(동대문디자인플라자),DDP(동대문디자인플라자),POI083,KEY_3,[서울디자인재단] DDP 건축투어,2026-01-02~2026-12-31,DDP 뮤지엄 1층 투어데스크,127.00977973484339,37.56735731522952,N,https://culture.seoul.go.kr/cmmn/file/getImage.do?atchFileId=47da849abe944ec9b7dedaf1ab283714&thumb=Y,https://culture.seoul.go.kr/culture/culture/cultureEvent/view.do?cultcode=156552&menuNo=200009,
2026-05-12T16:15:11.769744+09:00,서울식물원·마곡나루역,서울식물원·마곡나루역,POI032,KEY_1,[서울식물원] 2026 낭만수국전 HYDRANGEA SHOW,2026-05-02~2026-05-31,서울식물원 전시온실 지중해관,126.83500723721524,37.569657094189104,,https://culture.seoul.go.kr/cmmn/file/getImage.do?atchFileId=969c3a5bc5694862bdd4688ca678571d&thumb=Y,https://culture.seoul.go.kr/culture/culture/cultureEvent/view.do?cultcode=157795&menuNo=200009,
2026-05-12T16:15:11.769744+09:00,서울식물원·마곡나루역,서울식물원·마곡나루역,POI032,KEY_1,[서울식물원] 주제정원 봄 전시 [봄빛 정원: 땅에서 피어난 봄빛],2026-04-15~2026-05-31,서울식물원 주제정원 내 계류 주변,126.83500723721524,37.569657094189104,,https://culture.seoul.go.kr/cmmn/file/getImage.do?atchFileId=adfdc93640c946a29acdc8d12802f793&thumb=Y,https://culture.seoul.go.kr/culture/culture/cultureEvent/view.do?cultcode=157582&menuNo=200009,
2026-05-12T16:15:11.769744+09:00,서울식물원·마곡나루역,서울식물원·마곡나루역,POI032,KEY_1,[서울식물원] 2025년 서울식물원 기획 전시 [우리들의 자연， 행성적 공존],2025-05-27~2026-05-24,식물문화센터 프로젝트홀2， 주제원， 온실,126.83500723721524,37.569657094189104,,https://culture.seoul.go.kr/cmmn/file/getImage.do?atchFileId=e0d57fc6ab4046209bdf34ab6ac41c98&thumb=Y,https://culture.seoul.go.kr/culture/culture/cultureEvent/view.do?cultcode=153826&menuNo=200009,
2026-05-12T16:15:11.769744+09:00,시의회 앞,시의회 앞,POI130,KEY_1,[서울도서관] 2026년 서울야외도서관 (책읽는 서울광장， 광화문 책마당， 책읽는 맑은 냇가),2026-04-23~2026-11-01,서울광장， 광화문 광장， 청계천 일대,126.97769782752,37.5653338689441,N,https://culture.seoul.go.kr/cmmn/file/getImage.do?atchFileId=57da07b01aed40ad984d40559a42ae61&thumb=Y,https://culture.seoul.go.kr/culture/culture/cultureEvent/view.do?cultcode=156879&menuNo=200010,
2026-05-12T16:15:11.769744+09:00,시의회 앞,시의회 앞,POI130,KEY_1,기.기.기(奇.己.氣): 동시대와 시행착오,2026-04-01~2026-05-31,일민미술관,126.977657083792,37.5698677620456,,https://culture.seoul.go.kr/cmmn/file/getImage.do?atchFileId=6e05d79e4d0e4358b3eae2df5081eb13&thumb=Y,https://culture.seoul.go.kr/culture/culture/cultureEvent/view.do?cultcode=157256&menuNo=200009,
2026-05-12T16:15:11.769744+09:00,혜화역,혜화역,POI054,KEY_2,[서울시지원/ 전액무료] AI 인사이트 공연문화콘텐츠 기획,2026-05-12~2026-08-06,종로여성인력개발센터,127.000418097935,37.5820587995429,,https://culture.seoul.go.kr/cmmn/file/getImage.do?atchFileId=3b2807c6e1ad415cbebce23402b0251a&thumb=Y,https://culture.seoul.go.kr/culture/culture/cultureEvent/view.do?cultcode=157366&menuNo=200011,
2026-05-12T16:15:11.769744+09:00,혜화역,혜화역,POI054,KEY_2,연극 [운베난트],2026-03-27~2026-06-07,예스24스테이지 3관,127.003160727291,37.5827488289051,,https://culture.seoul.go.kr/cmmn/file/getImage.do?atchFileId=b22d720f5efc44dda84da2606b0e5f75&thumb=Y,https://culture.seoul.go.kr/culture/culture/cultureEvent/view.do?cultcode=157115&menuNo=200008,
2026-05-12T16:15:11.769744+09:00,혜화역,혜화역,POI054,KEY_2,[종로여성인력개발센터] AI 파워드 문화·예술 프로젝트 기획 실무 마스터 실무 마스터,2026-03-18~2026-06-23,종로여성인력개발센터,127.000418097935,37.5820587995429,,https://culture.seoul.go.kr/cmmn/file/getImage.do?atchFileId=f824d3bddc6d4c239ee2e5611e22870a&thumb=Y,https://culture.seoul.go.kr/culture/culture/cultureEvent/view.do?cultcode=156487&menuNo=200011,
2026-05-12T18:11:43.222538+09:00,경복궁,경복궁,POI008,KEY_1,[경복궁] 2026 생과방(상반기),2026-04-08~2026-05-27,경복궁 생과방,126.976842133821,37.5759040910202,,https://culture.seoul.go.kr/cmmn/file/getImage.do?atchFileId=4864144c5a084ea4a1228924afe585e6&thumb=Y,https://culture.seoul.go.kr/culture/culture/cultureEvent/view.do?cultcode=157368&menuNo=200011,
2026-05-12T18:11:43.222538+09:00,경복궁,경복궁,POI008,KEY_1,2026년 집옥재(팔우정 포함) 작은 도서관 개방,2026-04-01~2026-10-31,경복궁 집옥재·팔우정,126.976842133821,37.5759040910202,,https://culture.seoul.go.kr/cmmn/file/getImage.do?atchFileId=d70525e916b548cda13443c9e10190f3&thumb=Y,https://culture.seoul.go.kr/culture/culture/cultureEvent/view.do?cultcode=157383&menuNo=200011,
2026-05-12T18:11:43.222538+09:00,경복궁,경복궁,POI008,KEY_1,2026년 경복궁 [경회루·향원정] 특별관람,2026-04-01~2026-10-30,경복궁 경회루·향원정,126.976842133821,37.5759040910202,,https://culture.seoul.go.kr/cmmn/file/getImage.do?atchFileId=37630da9c19349fbac8494e92e5c64d8&thumb=Y,https://culture.seoul.go.kr/culture/culture/cultureEvent/view.do?cultcode=157389&menuNo=200011,
2026-05-12T18:11:43.222538+09:00,경복궁,경복궁,POI008,KEY_1,[국가유산청 궁능유적본부] 수문장 순라의식,2026-03-01~2026-11-29,(토요일)경복궁 내부 (일요일， 공휴일)인사동 문화의 거리,126.976842133821,37.5759040910202,,https://culture.seoul.go.kr/cmmn/file/getImage.do?atchFileId=923de3d9169e463b9c8098a8e132be38&thumb=Y,https://culture.seoul.go.kr/culture/culture/cultureEvent/view.do?cultcode=156996&menuNo=200013,
2026-05-12T18:11:43.222538+09:00,광화문·덕수궁,광화문·덕수궁,POI009,KEY_2,빛과 어둠의 경계에서,2026-05-02~2026-05-25,세종문화회관 세종S씨어터,126.9760053,37.5726241,,https://culture.seoul.go.kr/cmmn/file/getImage.do?atchFileId=0eeea492c11e4eb7816334e58cfeb6ce&thumb=Y,https://culture.seoul.go.kr/culture/culture/cultureEvent/view.do?cultcode=157335&menuNo=200008,
2026-05-12T18:11:43.222538+09:00,광화문·덕수궁,광화문·덕수궁,POI009,KEY_2,[서울도서관] 2026년 서울야외도서관 (책읽는 서울광장， 광화문 책마당， 책읽는 맑은 냇가),2026-04-23~2026-11-01,서울광장， 광화문 광장， 청계천 일대,126.97769782752,37.5653338689441,N,https://culture.seoul.go.kr/cmmn/file/getImage.do?atchFileId=57da07b01aed40ad984d40559a42ae61&thumb=Y,https://culture.seoul.go.kr/culture/culture/cultureEvent/view.do?cultcode=156879&menuNo=200010,
2026-05-12T18:11:43.222538+09:00,광화문·덕수궁,광화문·덕수궁,POI009,KEY_2,2026 의정부지 역사유적광장 전통무예행사,2026-04-11~2026-10-31,의정부지 역사유적광장,126.977967142855,37.5748036513699,,https://culture.seoul.go.kr/cmmn/file/getImage.do?atchFileId=628a9bae996a407bbfee67752dd508db&thumb=Y,https://culture.seoul.go.kr/culture/culture/cultureEvent/view.do?cultcode=157327&menuNo=200010,
2026-05-12T18:11:43.222538+09:00,광화문·덕수궁,광화문·덕수궁,POI009,KEY_2,2026 아뜰리에 광화 봄 전시 [피어나는 빛],2026-04-11~2026-06-19,세종문화회관 외벽 미디어파사드,126.9760053,37.5726241,,https://culture.seoul.go.kr/cmmn/file/getImage.do?atchFileId=196d7f704d5646a2bb4bb40523a8c4aa&thumb=Y,https://culture.seoul.go.kr/culture/culture/cultureEvent/view.do?cultcode=157432&menuNo=200009,
2026-05-12T18:11:43.222538+09:00,광화문·덕수궁,광화문·덕수궁,POI009,KEY_2,2026 해치마당 미디어월 봄 전시,2026-04-10~2026-06-19,광화문 역 9번출구 진입로 벽면 해치마당 미디어월,126.976787992565,37.5716228232824,,https://culture.seoul.go.kr/cmmn/file/getImage.do?atchFileId=ac862f94f21744ec8092ccc4372c0539&thumb=Y,https://culture.seoul.go.kr/culture/culture/cultureEvent/view.do?cultcode=157787&menuNo=200009,
2026-05-12T18:11:43.222538+09:00,광화문·덕수궁,광화문·덕수궁,POI009,KEY_2,[경복궁] 2026 생과방(상반기),2026-04-08~2026-05-27,경복궁 생과방,126.976842133821,37.5759040910202,,https://culture.seoul.go.kr/cmmn/file/getImage.do?atchFileId=4864144c5a084ea4a1228924afe585e6&thumb=Y,https://culture.seoul.go.kr/culture/culture/cultureEvent/view.do?cultcode=157368&menuNo=200011,
2026-05-12T18:11:43.222538+09:00,광화문·덕수궁,광화문·덕수궁,POI009,KEY_2,[덕수궁] 2026 밤의 석조전(상반기),2026-04-08~2026-05-17,덕수궁 석조전 일원,126.974461639777,37.5677154464989,,https://culture.seoul.go.kr/cmmn/file/getImage.do?atchFileId=cc6179c75f1547b2b72e2a3cca26b6da&thumb=Y,https://culture.seoul.go.kr/culture/culture/cultureEvent/view.do?cultcode=157365&menuNo=200010,
2026-05-12T18:11:43.222538+09:00,광화문·덕수궁,광화문·덕수궁,POI009,KEY_2,2026년 집옥재(팔우정 포함) 작은 도서관 개방,2026-04-01~2026-10-31,경복궁 집옥재·팔우정,126.976842133821,37.5759040910202,,https://culture.seoul.go.kr/cmmn/file/getImage.do?atchFileId=d70525e916b548cda13443c9e10190f3&thumb=Y,https://culture.seoul.go.kr/culture/culture/cultureEvent/view.do?cultcode=157383&menuNo=200011,
2026-05-12T18:11:43.222538+09:00,광화문·덕수궁,광화문·덕수궁,POI009,KEY_2,2026년 경복궁 [경회루·향원정] 특별관람,2026-04-01~2026-10-30,경복궁 경회루·향원정,126.976842133821,37.5759040910202,,https://culture.seoul.go.kr/cmmn/file/getImage.do?atchFileId=37630da9c19349fbac8494e92e5c64d8&thumb=Y,https://culture.seoul.go.kr/culture/culture/cultureEvent/view.do?cultcode=157389&menuNo=200011,
2026-05-12T18:11:43.222538+09:00,광화문·덕수궁,광화문·덕수궁,POI009,KEY_2,기.기.기(奇.己.氣): 동시대와 시행착오,2026-04-01~2026-05-31,일민미술관,126.977657083792,37.5698677620456,,https://culture.seoul.go.kr/cmmn/file/getImage.do?atchFileId=6e05d79e4d0e4358b3eae2df5081eb13&thumb=Y,https://culture.seoul.go.kr/culture/culture/cultureEvent/view.do?cultcode=157256&menuNo=200009,
2026-05-12T18:11:43.222538+09:00,광화문·덕수궁,광화문·덕수궁,POI009,KEY_2,[세종문화회관] 세종예술아카데미 [정승빈 작가] 스테들러와 함께하는 여행드로잉 클래스,2026-03-31~2026-09-15,세종예술아카데미 스퀘어홀,126.9760053,37.5726241,,https://culture.seoul.go.kr/cmmn/file/getImage.do?atchFileId=a0247bcdf4484818baaca748c977391f&thumb=Y,https://culture.seoul.go.kr/culture/culture/cultureEvent/view.do?cultcode=157026&menuNo=200011,
2026-05-12T18:11:43.222538+09:00,광화문·덕수궁,광화문·덕수궁,POI009,KEY_2,[세종문화회관] 세종예술아카데미 [박인홍 작가] 스테들러와 함께하는 여행드로잉 클래스,2026-03-31~2026-08-31,세종예술아카데미 스퀘어홀,126.9760053,37.5726241,,https://culture.seoul.go.kr/cmmn/file/getImage.do?atchFileId=c9b88469d8f0468e960f00b0e5b0785d&thumb=Y,https://culture.seoul.go.kr/culture/culture/cultureEvent/view.do?cultcode=157025&menuNo=200011,
2026-05-12T18:11:43.222538+09:00,광화문·덕수궁,광화문·덕수궁,POI009,KEY_2,[세종문화회관] 세종예술아카데미 [그레이스 발레 (성인 취미 발레)],2026-03-30~2026-06-29,세종문화회관 예술동 4층 종합연습실,126.9760053,37.5726241,,https://culture.seoul.go.kr/cmmn/file/getImage.do?atchFileId=8b685870654e4cd78bf509ea783f7748&thumb=Y,https://culture.seoul.go.kr/culture/culture/cultureEvent/view.do?cultcode=156885&menuNo=200011,.
2026-05-12T18:11:43.222538+09:00,광화문·덕수궁,광화문·덕수궁,POI009,KEY_2,[세종문화회관] 세종예술아카데미 [정연석 작가] 스테들러와 함께하는 여행드로잉 클래스,2026-03-28~2026-09-05,세종예술아카데미 스퀘어홀,126.9760053,37.5726241,,https://culture.seoul.go.kr/cmmn/file/getImage.do?atchFileId=df2237ca7f754d009407bc3321cae86f&thumb=Y,https://culture.seoul.go.kr/culture/culture/cultureEvent/view.do?cultcode=157028&menuNo=200011,
2026-05-12T18:11:43.222538+09:00,광화문·덕수궁,광화문·덕수궁,POI009,KEY_2,[세종문화회관] 세종예술아카데미 [이승익 작가] 스테들러와 함께하는 여행드로잉 클래스,2026-03-28~2026-08-29,세종예술아카데미 스퀘어홀,126.9760053,37.5726241,,https://culture.seoul.go.kr/cmmn/file/getImage.do?atchFileId=09ebfb8dbbcf453e86aadfe529b90ff8&thumb=Y,https://culture.seoul.go.kr/culture/culture/cultureEvent/view.do?cultcode=157027&menuNo=200011,
2026-05-12T18:11:43.222538+09:00,광화문·덕수궁,광화문·덕수궁,POI009,KEY_2,[세종문화회관] 2026 상반기 세종 어린이 발레 아카데미,2026-03-28~2026-06-27,세종문화회관 예술동 4층 종합연습실,126.9760053,37.5726241,,https://culture.seoul.go.kr/cmmn/file/getImage.do?atchFileId=b47ad1471d3d428a9482934f7b03787f&thumb=Y,https://culture.seoul.go.kr/culture/culture/cultureEvent/view.do?cultcode=157104&menuNo=200011,
2026-05-12T18:11:43.222538+09:00,광화문·덕수궁,광화문·덕수궁,POI009,KEY_2,[세종문화회관] 세종예술아카데미 [이야기가 있는 클래식],2026-03-19~2026-05-28,세종문화회관 서클홀,126.9760053,37.5726241,,https://culture.seoul.go.kr/cmmn/file/getImage.do?atchFileId=0373af8e16694df8b923159a02ec0a2a&thumb=Y,https://culture.seoul.go.kr/culture/culture/cultureEvent/view.do?cultcode=156883&menuNo=200011,.
2026-05-12T18:11:43.222538+09:00,광화문·덕수궁,광화문·덕수궁,POI009,KEY_2,[세종문화회관] 세종예술아카데미 [미술사가 이 현의 전시와 함께보는 서양 미술사 - 바로크와 로코코],2026-03-19~2026-05-21,세종문화회관 서클홀,126.9760053,37.5726241,,https://culture.seoul.go.kr/cmmn/file/getImage.do?atchFileId=377ac3cd61d6416baa3b3f43a826b900&thumb=Y,https://culture.seoul.go.kr/culture/culture/cultureEvent/view.do?cultcode=156881&menuNo=200011,.
2026-05-12T18:11:43.222538+09:00,광화문·덕수궁,광화문·덕수궁,POI009,KEY_2,[세종문화회관] 세종예술아카데미 [클래식브런치],2026-03-18~2026-05-20,세종문화회관 서클홀,126.9760053,37.5726241,,https://culture.seoul.go.kr/cmmn/file/getImage.do?atchFileId=43b7fd7ecf2b44d1b7ba2ec25e6cc7a7&thumb=Y,https://culture.seoul.go.kr/culture/culture/cultureEvent/view.do?cultcode=156880&menuNo=200011,.
2026-05-12T18:11:43.222538+09:00,광화문·덕수궁,광화문·덕수궁,POI009,KEY_2,[세종문화회관] 세종예술아카데미 [히든보이스],2026-03-17~2026-06-30,세종문화회관 서클홀,126.9760053,37.5726241,,https://culture.seoul.go.kr/cmmn/file/getImage.do?atchFileId=96b505aa681348d48b661d248108f577&thumb=Y,https://culture.seoul.go.kr/culture/culture/cultureEvent/view.do?cultcode=156809&menuNo=200011,.
2026-05-12T18:11:43.222538+09:00,광화문·덕수궁,광화문·덕수궁,POI009,KEY_2,[세종문화회관] 세종예술아카데미 [2026 상반기 스포츠 in 아트스테이션],2026-03-16~2026-06-26,세종문화회관 오픈스테이지의 탁 트인 마루형 공간,126.9760053,37.5726241,,https://culture.seoul.go.kr/cmmn/file/getImage.do?atchFileId=16cb755c035e4ddc86c7cfbfa3654ca5&thumb=Y,https://culture.seoul.go.kr/culture/culture/cultureEvent/view.do?cultcode=157023&menuNo=200011,
2026-05-12T18:11:43.222538+09:00,광화문·덕수궁,광화문·덕수궁,POI009,KEY_2,[국가유산청 궁능유적본부] 수문장 순라의식,2026-03-01~2026-11-29,(토요일)경복궁 내부 (일요일， 공휴일)인사동 문화의 거리,126.976842133821,37.5759040910202,,https://culture.seoul.go.kr/cmmn/file/getImage.do?atchFileId=923de3d9169e463b9c8098a8e132be38&thumb=Y,https://culture.seoul.go.kr/culture/culture/cultureEvent/view.do?cultcode=156996&menuNo=200013,
2026-05-12T18:11:43.222538+09:00,광화문·덕수궁,광화문·덕수궁,POI009,KEY_2,[서울시] 2026년 서울청년문화패스 신청자 모집,2025-12-22~2026-12-31,온라인 접수,126.97860700965403,37.56672958991572,,https://culture.seoul.go.kr/cmmn/file/getImage.do?atchFileId=24931799627a43ea9e2b4960b00c9c4f&thumb=Y,https://culture.seoul.go.kr/culture/culture/cultureEvent/view.do?cultcode=156277&menuNo=200013,
2026-05-12T18:11:43.222538+09:00,창덕궁·종묘,창덕궁·종묘,POI012,KEY_2,2026년 창경궁 야연(상반기),2026-05-07~2026-05-17,창경궁 문정전 일원,126.993841430623,37.5776239475981,,https://culture.seoul.go.kr/cmmn/file/getImage.do?atchFileId=9e29ccf0743c49d0a4fb2c0ad10ffb9e&thumb=Y,https://culture.seoul.go.kr/culture/culture/cultureEvent/view.do?cultcode=157796&menuNo=200011,
2026-05-12T18:11:43.222538+09:00,창덕궁·종묘,창덕궁·종묘,POI012,KEY_2,2026년 창덕궁 달빛기행(상반기),2026-04-16~2026-05-31,창덕궁,126.989710338876,37.5788697347103,,https://culture.seoul.go.kr/cmmn/file/getImage.do?atchFileId=ff2504aca6df4f19a9a1a3f095c02178&thumb=Y,https://culture.seoul.go.kr/culture/culture/cultureEvent/view.do?cultcode=157394&menuNo=200011,
2026-05-12T18:11:43.222538+09:00,동대문 관광특구,동대문 관광특구,POI002,KEY_1,김영준 x 요시다 유니 기획전 Face to face,2026-05-07~2026-06-07,DDP 이간수문전시장,127.00977973484339,37.56735731522952,,https://culture.seoul.go.kr/cmmn/file/getImage.do?atchFileId=2e699755a39b40619ddea53a22e59ef4&thumb=Y,https://culture.seoul.go.kr/culture/culture/cultureEvent/view.do?cultcode=157672&menuNo=200009,
2026-05-12T18:11:43.222538+09:00,동대문 관광특구,동대문 관광특구,POI002,KEY_1,Let Dreams Shine! [베베핀 드림랜드],2026-05-01~2026-05-31,동대문디자인플라자 디자인랩1층 DDP쇼룸,127.00977973484339,37.56735731522952,,https://culture.seoul.go.kr/cmmn/file/getImage.do?atchFileId=b578b0a0e4724a718dff9fbd6ca77cbc&thumb=Y,https://culture.seoul.go.kr/culture/culture/cultureEvent/view.do?cultcode=157641&menuNo=200011,
2026-05-12T18:11:43.222538+09:00,동대문 관광특구,동대문 관광특구,POI002,KEY_1,DDPlay 버스킹 5월 공연 안내,2026-05-01~2026-05-31,DDP 어울림광장， 팔거리,127.00977973484339,37.56735731522952,,https://culture.seoul.go.kr/cmmn/file/getImage.do?atchFileId=06255b5f16c1435a95ddf9214cbe8d86&thumb=Y,https://culture.seoul.go.kr/culture/culture/cultureEvent/view.do?cultcode=157546&menuNo=200008,
2026-05-12T18:11:43.222538+09:00,동대문 관광특구,동대문 관광특구,POI002,KEY_1,[서울디자인재단] 키크니 특별전 : 그렸고 그런 사이,2026-04-25~2026-09-06,뮤지엄 전시1관,127.00977973484339,37.56735731522952,,https://culture.seoul.go.kr/cmmn/file/getImage.do?atchFileId=5b5e3f16b605439ea83b1ecf8d5ce8b8&thumb=Y,https://culture.seoul.go.kr/culture/culture/cultureEvent/view.do?cultcode=157351&menuNo=200009,
2026-05-12T18:11:43.222538+09:00,동대문 관광특구,동대문 관광특구,POI002,KEY_1,[중구문화재단] 뮤지컬 [스윙 데이즈_암호명 A],2026-04-16~2026-07-05,충무아트센터 대극장,127.014790889728,37.5659409687669,,https://culture.seoul.go.kr/cmmn/file/getImage.do?atchFileId=862c9a38b3b146358637293a4f2c8d30&thumb=Y,https://culture.seoul.go.kr/culture/culture/cultureEvent/view.do?cultcode=156673&menuNo=200008,
2026-05-12T18:11:43.222538+09:00,동대문 관광특구,동대문 관광특구,POI002,KEY_1,[서울시립미술관×중구문화재단] 협력전시 [SeMA Collection: 청록미로],2026-04-15~2026-05-17,충무아트센터 갤러리 G1,127.014790889728,37.5659409687669,,https://culture.seoul.go.kr/cmmn/file/getImage.do?atchFileId=cfa4043b588541618a1c45763ada3e23&thumb=Y,https://culture.seoul.go.kr/culture/culture/cultureEvent/view.do?cultcode=157621&menuNo=200009,
2026-05-12T18:11:43.222538+09:00,동대문 관광특구,동대문 관광특구,POI002,KEY_1,이상한 K-뷰티 : 엄마의 서랍장,2026-04-10~2026-06-10,DDP 마켓 B2F 비더비 다운타운,127.00977973484339,37.56735731522952,,https://culture.seoul.go.kr/cmmn/file/getImage.do?atchFileId=e187f20c0b5d4e7ebcbff38d8f60b63e&thumb=Y,https://culture.seoul.go.kr/culture/culture/cultureEvent/view.do?cultcode=157606&menuNo=200009,
2026-05-12T18:11:43.222538+09:00,동대문 관광특구,동대문 관광특구,POI002,KEY_1,[서울디자인재단] DDP 루프탑 투어_2026,2026-03-21~2026-05-31,DDP 뮤지엄 1층(M3 출입문) 투어 데스크 (시작장소),127.00977973484339,37.56735731522952,,https://culture.seoul.go.kr/cmmn/file/getImage.do?atchFileId=973b28af071b405ea7f6eb7ab715abaa&thumb=Y,https://culture.seoul.go.kr/culture/culture/cultureEvent/view.do?cultcode=157428&menuNo=200011,
2026-05-12T18:11:43.222538+09:00,동대문 관광특구,동대문 관광특구,POI002,KEY_1,BtheB 뷰티기획전 [Beauty For All],2026-02-28~2026-06-07,DDP 지하2층 DDP마켓 비더비,127.00977973484339,37.56735731522952,,https://culture.seoul.go.kr/cmmn/file/getImage.do?atchFileId=5209bf1d22f345568a88cce60bbc8688&thumb=Y,https://culture.seoul.go.kr/culture/culture/cultureEvent/view.do?cultcode=156852&menuNo=200009,
2026-05-12T18:11:43.222538+09:00,동대문 관광특구,동대문 관광특구,POI002,KEY_1,[중구문화재단] 뮤지컬 [홍련],2026-02-28~2026-05-17,충무아트센터 중극장 블랙,127.014790889728,37.5659409687669,,https://culture.seoul.go.kr/cmmn/file/getImage.do?atchFileId=e86257233f3b4d50bf436983435399eb&thumb=Y,https://culture.seoul.go.kr/culture/culture/cultureEvent/view.do?cultcode=156539&menuNo=200008,
2026-05-12T18:11:43.222538+09:00,동대문 관광특구,동대문 관광특구,POI002,KEY_1,[DDP] Dream in Light,2026-01-09~2026-12-31,DDP 전면， 유구전시장 앞， 미래로 상부,127.00977973484339,37.56735731522952,,https://culture.seoul.go.kr/cmmn/file/getImage.do?atchFileId=bfa59aa56eed4af8b441d88bad873037&thumb=Y,https://culture.seoul.go.kr/culture/culture/cultureEvent/view.do?cultcode=156491&menuNo=200009,
2026-05-12T18:11:43.222538+09:00,동대문 관광특구,동대문 관광특구,POI002,KEY_1,[서울디자인재단] DDP 건축투어,2026-01-02~2026-12-31,DDP 뮤지엄 1층 투어데스크,127.00977973484339,37.56735731522952,N,https://culture.seoul.go.kr/cmmn/file/getImage.do?atchFileId=47da849abe944ec9b7dedaf1ab283714&thumb=Y,https://culture.seoul.go.kr/culture/culture/cultureEvent/view.do?cultcode=156552&menuNo=200009,
2026-05-12T18:11:43.222538+09:00,명동 관광특구,명동 관광특구,POI003,KEY_2,[서울도서관] 2026년 서울야외도서관 (책읽는 서울광장， 광화문 책마당， 책읽는 맑은 냇가),2026-04-23~2026-11-01,서울광장， 광화문 광장， 청계천 일대,126.97769782752,37.5653338689441,N,https://culture.seoul.go.kr/cmmn/file/getImage.do?atchFileId=57da07b01aed40ad984d40559a42ae61&thumb=Y,https://culture.seoul.go.kr/culture/culture/cultureEvent/view.do?cultcode=156879&menuNo=200010,
2026-05-12T18:11:43.222538+09:00,명동 관광특구,명동 관광특구,POI003,KEY_2,2026 해치마당 미디어월 봄 전시,2026-04-10~2026-06-19,광화문 역 9번출구 진입로 벽면 해치마당 미디어월,126.976787992565,37.5716228232824,,https://culture.seoul.go.kr/cmmn/file/getImage.do?atchFileId=ac862f94f21744ec8092ccc4372c0539&thumb=Y,https://culture.seoul.go.kr/culture/culture/cultureEvent/view.do?cultcode=157787&menuNo=200009,
2026-05-12T18:11:43.222538+09:00,명동 관광특구,명동 관광특구,POI003,KEY_2,[서울시] 2026년 서울청년문화패스 신청자 모집,2025-12-22~2026-12-31,온라인 접수,126.97860700965403,37.56672958991572,,https://culture.seoul.go.kr/cmmn/file/getImage.do?atchFileId=24931799627a43ea9e2b4960b00c9c4f&thumb=Y,https://culture.seoul.go.kr/culture/culture/cultureEvent/view.do?cultcode=156277&menuNo=200013,
2026-05-12T18:11:43.222538+09:00,잠실 관광특구,잠실 관광특구,POI005,KEY_1,[한성백제박물관] 상반기 장애인 단체 대면 교육 [옛날옛날， 빛나는 백제 이야기],2026-05-12~2026-06-30,박물관 로비/교육실,127.12088940368128,37.51543881335773,,https://culture.seoul.go.kr/cmmn/file/getImage.do?atchFileId=58420146f27740e39e6ac91e88d71d70&thumb=Y,https://culture.seoul.go.kr/culture/culture/cultureEvent/view.do?cultcode=157690&menuNo=200011,
2026-05-12T18:11:43.222538+09:00,잠실 관광특구,잠실 관광특구,POI005,KEY_1,[서울백제어린이박물관] 초등 2-3학년 학급 대상 [어린이백제연구소2] 옛날 도구， 오늘날 도구 (도구의변천),2026-05-12~2026-06-10,서울백제어린이박물관(교육실， 전시실),127.124412,37.523991,,https://culture.seoul.go.kr/cmmn/file/getImage.do?atchFileId=85ede03678db4ee5a0adb99f465d78ff&thumb=Y,https://culture.seoul.go.kr/culture/culture/cultureEvent/view.do?cultcode=156836&menuNo=200011,
2026-05-12T18:11:43.222538+09:00,잠실 관광특구,잠실 관광특구,POI005,KEY_1,[한성백제박물관] 2026년 상반기 성인 대상 [서울 고대유적 탐방],2026-04-28~2026-06-11,한성백제박물관， 몽촌토성， 풍납동토성， 석촌동고분군 일대,127.12088940368128,37.51543881335773,,https://culture.seoul.go.kr/cmmn/file/getImage.do?atchFileId=3d89263b5e85481c894204ef7a05d20e&thumb=Y,https://culture.seoul.go.kr/culture/culture/cultureEvent/view.do?cultcode=157084&menuNo=200011,
2026-05-12T18:11:43.222538+09:00,잠실 관광특구,잠실 관광특구,POI005,KEY_1,[소마미술관] 조각이 꿈+틀 [올림픽조각체험프로젝트#02] 상설전,2026-04-17~2026-09-06,소마미술관 2관 상설전시실,127.118166964751,37.516920655117,,https://culture.seoul.go.kr/cmmn/file/getImage.do?atchFileId=c4ac3bd4533342b993b5ccfd5d42086c&thumb=Y,https://culture.seoul.go.kr/culture/culture/cultureEvent/view.do?cultcode=157117&menuNo=200009,
2026-05-12T18:11:43.222538+09:00,잠실 관광특구,잠실 관광특구,POI005,KEY_1,올림픽 조각체험 프로젝트#2 [조각이 꿈+틀],2026-04-17~2026-09-06,소마미술관,127.118166964751,37.516920655117,,https://culture.seoul.go.kr/cmmn/file/getImage.do?atchFileId=6825663978de46c192543240dfbb2185&thumb=Y,https://culture.seoul.go.kr/culture/culture/cultureEvent/view.do?cultcode=157318&menuNo=200009,
2026-05-12T18:11:43.222538+09:00,잠실 관광특구,잠실 관광특구,POI005,KEY_1,[소마미술관] 그림책이 살아있다!,2026-04-17~2026-09-06,소마미술관 2관 기획전시실,127.118166964751,37.516920655117,,https://culture.seoul.go.kr/cmmn/file/getImage.do?atchFileId=cf267080189e4a3eadeeb6c5e8b0ade7&thumb=Y,https://culture.seoul.go.kr/culture/culture/cultureEvent/view.do?cultcode=157116&menuNo=200009,
2026-05-12T18:11:43.222538+09:00,잠실 관광특구,잠실 관광특구,POI005,KEY_1,이승택 개인전 [조각의 바깥에서],2026-04-10~2026-07-26,소마미술관,127.118166964751,37.516920655117,,https://culture.seoul.go.kr/cmmn/file/getImage.do?atchFileId=fa83edf506b643e2bec777cac69729ce&thumb=Y,https://culture.seoul.go.kr/culture/culture/cultureEvent/view.do?cultcode=157317&menuNo=200009,
2026-05-12T18:11:43.222538+09:00,잠실 관광특구,잠실 관광특구,POI005,KEY_1,[한성백제박물관] 2026년 상반기 문화다양성 교육 [백제와 함께하는 이웃나라들],2026-03-31~2026-06-30,대면) 박물관 교육실/ (비대면) 각 학급 교실,127.12088940368128,37.51543881335773,,https://culture.seoul.go.kr/cmmn/file/getImage.do?atchFileId=79379b0c10fc462fb325ecdb455dd3db&thumb=Y,https://culture.seoul.go.kr/culture/culture/cultureEvent/view.do?cultcode=157232&menuNo=200011,
2026-05-12T18:11:43.222538+09:00,잠실 관광특구,잠실 관광특구,POI005,KEY_1,[한성백제박물관] 2026 상반기 초등단체 대면 교육 [서울 쏙! 백제 콕!],2026-03-26~2026-07-03,한성백제박물관 교육실,127.12088940368128,37.51543881335773,,https://culture.seoul.go.kr/cmmn/file/getImage.do?atchFileId=f3b484610b65420297a3ae47001c6120&thumb=Y,https://culture.seoul.go.kr/culture/culture/cultureEvent/view.do?cultcode=156906&menuNo=200011,
2026-05-12T18:11:43.222538+09:00,잠실 관광특구,잠실 관광특구,POI005,KEY_1,[한성백제박물관] 2026 상반기 초등단체 비대면 교육 [서울 쏙! 백제 콕!],2026-03-26~2026-07-03,각 학급 교실(비대면 원격 교육),127.12088940368128,37.51543881335773,,https://culture.seoul.go.kr/cmmn/file/getImage.do?atchFileId=fb761ebe217849eaa4f63b1b0f6ac759&thumb=Y,https://culture.seoul.go.kr/culture/culture/cultureEvent/view.do?cultcode=156907&menuNo=200011,
2026-05-12T18:11:43.222538+09:00,잠실 관광특구,잠실 관광특구,POI005,KEY_1,[한성백제박물관] 초등 4~6학년 단체 대면 교육 [한강삼국지: 삼국의 한강 쟁탈전],2026-03-24~2026-07-01,한성백제박물관 교육실,127.12088940368128,37.51543881335773,,https://culture.seoul.go.kr/cmmn/file/getImage.do?atchFileId=0183d0f0f64d43dea7f2f1f5a5823734&thumb=Y,https://culture.seoul.go.kr/culture/culture/cultureEvent/view.do?cultcode=156755&menuNo=200011,
2026-05-12T18:11:43.222538+09:00,잠실 관광특구,잠실 관광특구,POI005,KEY_1,[한성백제박물관] 초등 4~6학년 학급 비대면 교육 [한강삼국지: 삼국의 한강 쟁탈전],2026-03-24~2026-07-01,신청 학급 교실,127.12088940368128,37.51543881335773,,https://culture.seoul.go.kr/cmmn/file/getImage.do?atchFileId=ee2f38002896461d88e55f36df203dfc&thumb=Y,https://culture.seoul.go.kr/culture/culture/cultureEvent/view.do?cultcode=156754&menuNo=200011,
2026-05-12T18:11:43.222538+09:00,잠실 관광특구,잠실 관광특구,POI005,KEY_1,홍범·김주환 2인전 [틈을 걷다],2026-03-24~2026-05-24,더 갤러리 호수,127.107617545434,37.512296516856,,https://culture.seoul.go.kr/cmmn/file/getImage.do?atchFileId=3e31e677b15e459ca780d07a735a163d&thumb=Y,https://culture.seoul.go.kr/culture/culture/cultureEvent/view.do?cultcode=157251&menuNo=200009,
2026-05-12T18:11:43.222538+09:00,잠실 관광특구,잠실 관광특구,POI005,KEY_1,[서울백제어린이박물관] 유단체 대상 [서울역사생태탐험대1] 봄,2026-03-19~2026-05-21,서울백제어린이박물관(교육실， 전시실)， 야외생태체험장， 전시실 등,127.124412,37.523991,,https://culture.seoul.go.kr/cmmn/file/getImage.do?atchFileId=7504518b70b54ac7b5c8367519f44947&thumb=Y,https://culture.seoul.go.kr/culture/culture/cultureEvent/view.do?cultcode=156747&menuNo=200011,
2026-05-12T18:11:43.222538+09:00,잠실 관광특구,잠실 관광특구,POI005,KEY_1,[한성백제박물관] 2026년 상반기 주말가족교육 [문화유산 보존 연구소],2026-03-14~2026-07-04,한성백제박물관 교육실,127.12088940368128,37.51543881335773,,https://culture.seoul.go.kr/cmmn/file/getImage.do?atchFileId=69fec744c82446619d58e8ce8cb6baab&thumb=Y,https://culture.seoul.go.kr/culture/culture/cultureEvent/view.do?cultcode=156850&menuNo=200011,
2026-05-12T18:11:43.222538+09:00,잠실 관광특구,잠실 관광특구,POI005,KEY_1,[한성백제박물관] 2026년 상반기 주말가족탐방 [몽촌토성 탐방],2026-03-14~2026-05-30,몽촌토성， 박물관 교육실,127.12088940368128,37.51543881335773,,https://culture.seoul.go.kr/cmmn/file/getImage.do?atchFileId=31a20aade65d41b882a74ff2a6424ee7&thumb=Y,https://culture.seoul.go.kr/culture/culture/cultureEvent/view.do?cultcode=156851&menuNo=200011,
2026-05-12T18:11:43.222538+09:00,종로·청계 관광특구,종로·청계 관광특구,POI006,KEY_2,2026 Creative AI : Computer Vision,2026-05-12~2026-06-09,서울 종로구 율곡로 1길 37,126.980303746598,37.5696912777696,,https://culture.seoul.go.kr/cmmn/file/getImage.do?atchFileId=14a3fd01522546f8a240146ca6e846be&thumb=Y,https://culture.seoul.go.kr/culture/culture/cultureEvent/view.do?cultcode=157502&menuNo=200011,
2026-05-12T18:11:43.222538+09:00,종로·청계 관광특구,종로·청계 관광특구,POI006,KEY_2,2026 해치마당 미디어월 봄 전시,2026-04-10~2026-06-19,광화문 역 9번출구 진입로 벽면 해치마당 미디어월,126.976787992565,37.5716228232824,,https://culture.seoul.go.kr/cmmn/file/getImage.do?atchFileId=ac862f94f21744ec8092ccc4372c0539&thumb=Y,https://culture.seoul.go.kr/culture/culture/cultureEvent/view.do?cultcode=157787&menuNo=200009,
2026-05-12T18:11:43.222538+09:00,종로·청계 관광특구,종로·청계 관광특구,POI006,KEY_2,기.기.기(奇.己.氣): 동시대와 시행착오,2026-04-01~2026-05-31,일민미술관,126.977657083792,37.5698677620456,,https://culture.seoul.go.kr/cmmn/file/getImage.do?atchFileId=6e05d79e4d0e4358b3eae2df5081eb13&thumb=Y,https://culture.seoul.go.kr/culture/culture/cultureEvent/view.do?cultcode=157256&menuNo=200009,
2026-05-12T18:11:43.222538+09:00,홍대 관광특구,홍대 관광특구,POI007,KEY_3,[서울생활문화센터 서교] art1st - 소리로 그리는 마음,2026-05-12~2026-07-28,서울생활문화센터 서교(합정역),126.916493990351,37.5508138163956,,https://culture.seoul.go.kr/cmmn/file/getImage.do?atchFileId=e1a661be31c548d7927816115a8ee8cf&thumb=Y,https://culture.seoul.go.kr/culture/culture/cultureEvent/view.do?cultcode=157788&menuNo=200011,
2026-05-12T18:11:43.222538+09:00,홍대 관광특구,홍대 관광특구,POI007,KEY_3,김재연 개인전: 호기,2026-05-12~2026-05-24,크리스프 웨지,126.916412664084,37.5493590071323,,https://culture.seoul.go.kr/cmmn/file/getImage.do?atchFileId=242e40f466f2481fbd48977d6050188c&thumb=Y,https://culture.seoul.go.kr/culture/culture/cultureEvent/view.do?cultcode=157741&menuNo=200009,
2026-05-12T18:11:43.222538+09:00,고척돔,고척돔,POI086,KEY_2,[서울아트책보고] 처음 만나는 미술사 - 이소영 미술 교육인ㆍ미술 에세이스트,2026-05-02~2026-05-16,서울아트책보고 워크숍룸,126.867088741096,37.4982125677913,,https://culture.seoul.go.kr/cmmn/file/getImage.do?atchFileId=f47a521600bd4c239ce177fe47f7d1e8&thumb=Y,https://culture.seoul.go.kr/culture/culture/cultureEvent/view.do?cultcode=157567&menuNo=200011,
2026-05-12T18:11:43.222538+09:00,고척돔,고척돔,POI086,KEY_2,[서울아트책보고] 나와 타인을 알아가는 글쓰기,2026-04-08~2026-05-13,서울아트책보고,126.867088741096,37.4982125677913,N,https://culture.seoul.go.kr/cmmn/file/getImage.do?atchFileId=934cbbeed0e94753b2ddef8f32fddfe6&thumb=Y,https://culture.seoul.go.kr/culture/culture/cultureEvent/view.do?cultcode=156877&menuNo=200011,
2026-05-12T18:11:43.222538+09:00,고척돔,고척돔,POI086,KEY_2,[서울아트책보고] 처음 만나는 세계,2026-03-10~2026-05-31,서울아트책보고 북카페 앤 라운지,126.867088741096,37.4982125677913,,https://culture.seoul.go.kr/cmmn/file/getImage.do?atchFileId=57c7dae9273d4eaeb82db962852b352e&thumb=Y,https://culture.seoul.go.kr/culture/culture/cultureEvent/view.do?cultcode=156892&menuNo=200009,
2026-05-12T18:11:43.222538+09:00,광화문광장,광화문광장,POI088,KEY_1,빛과 어둠의 경계에서,2026-05-02~2026-05-25,세종문화회관 세종S씨어터,126.9760053,37.5726241,,https://culture.seoul.go.kr/cmmn/file/getImage.do?atchFileId=0eeea492c11e4eb7816334e58cfeb6ce&thumb=Y,https://culture.seoul.go.kr/culture/culture/cultureEvent/view.do?cultcode=157335&menuNo=200008,
2026-05-12T18:11:43.222538+09:00,광화문광장,광화문광장,POI088,KEY_1,2026 의정부지 역사유적광장 전통무예행사,2026-04-11~2026-10-31,의정부지 역사유적광장,126.977967142855,37.5748036513699,,https://culture.seoul.go.kr/cmmn/file/getImage.do?atchFileId=628a9bae996a407bbfee67752dd508db&thumb=Y,https://culture.seoul.go.kr/culture/culture/cultureEvent/view.do?cultcode=157327&menuNo=200010,
2026-05-12T18:11:43.222538+09:00,광화문광장,광화문광장,POI088,KEY_1,2026 아뜰리에 광화 봄 전시 [피어나는 빛],2026-04-11~2026-06-19,세종문화회관 외벽 미디어파사드,126.9760053,37.5726241,,https://culture.seoul.go.kr/cmmn/file/getImage.do?atchFileId=196d7f704d5646a2bb4bb40523a8c4aa&thumb=Y,https://culture.seoul.go.kr/culture/culture/cultureEvent/view.do?cultcode=157432&menuNo=200009,
2026-05-12T18:11:43.222538+09:00,광화문광장,광화문광장,POI088,KEY_1,2026 해치마당 미디어월 봄 전시,2026-04-10~2026-06-19,광화문 역 9번출구 진입로 벽면 해치마당 미디어월,126.976787992565,37.5716228232824,,https://culture.seoul.go.kr/cmmn/file/getImage.do?atchFileId=ac862f94f21744ec8092ccc4372c0539&thumb=Y,https://culture.seoul.go.kr/culture/culture/cultureEvent/view.do?cultcode=157787&menuNo=200009,
2026-05-12T18:11:43.222538+09:00,광화문광장,광화문광장,POI088,KEY_1,[경복궁] 2026 생과방(상반기),2026-04-08~2026-05-27,경복궁 생과방,126.976842133821,37.5759040910202,,https://culture.seoul.go.kr/cmmn/file/getImage.do?atchFileId=4864144c5a084ea4a1228924afe585e6&thumb=Y,https://culture.seoul.go.kr/culture/culture/cultureEvent/view.do?cultcode=157368&menuNo=200011,
2026-05-12T18:11:43.222538+09:00,광화문광장,광화문광장,POI088,KEY_1,2026년 집옥재(팔우정 포함) 작은 도서관 개방,2026-04-01~2026-10-31,경복궁 집옥재·팔우정,126.976842133821,37.5759040910202,,https://culture.seoul.go.kr/cmmn/file/getImage.do?atchFileId=d70525e916b548cda13443c9e10190f3&thumb=Y,https://culture.seoul.go.kr/culture/culture/cultureEvent/view.do?cultcode=157383&menuNo=200011,
2026-05-12T18:11:43.222538+09:00,광화문광장,광화문광장,POI088,KEY_1,2026년 경복궁 [경회루·향원정] 특별관람,2026-04-01~2026-10-30,경복궁 경회루·향원정,126.976842133821,37.5759040910202,,https://culture.seoul.go.kr/cmmn/file/getImage.do?atchFileId=37630da9c19349fbac8494e92e5c64d8&thumb=Y,https://culture.seoul.go.kr/culture/culture/cultureEvent/view.do?cultcode=157389&menuNo=200011,
2026-05-12T18:11:43.222538+09:00,광화문광장,광화문광장,POI088,KEY_1,[세종문화회관] 세종예술아카데미 [정승빈 작가] 스테들러와 함께하는 여행드로잉 클래스,2026-03-31~2026-09-15,세종예술아카데미 스퀘어홀,126.9760053,37.5726241,,https://culture.seoul.go.kr/cmmn/file/getImage.do?atchFileId=a0247bcdf4484818baaca748c977391f&thumb=Y,https://culture.seoul.go.kr/culture/culture/cultureEvent/view.do?cultcode=157026&menuNo=200011,
2026-05-12T18:11:43.222538+09:00,광화문광장,광화문광장,POI088,KEY_1,[세종문화회관] 세종예술아카데미 [박인홍 작가] 스테들러와 함께하는 여행드로잉 클래스,2026-03-31~2026-08-31,세종예술아카데미 스퀘어홀,126.9760053,37.5726241,,https://culture.seoul.go.kr/cmmn/file/getImage.do?atchFileId=c9b88469d8f0468e960f00b0e5b0785d&thumb=Y,https://culture.seoul.go.kr/culture/culture/cultureEvent/view.do?cultcode=157025&menuNo=200011,
2026-05-12T18:11:43.222538+09:00,광화문광장,광화문광장,POI088,KEY_1,[세종문화회관] 세종예술아카데미 [그레이스 발레 (성인 취미 발레)],2026-03-30~2026-06-29,세종문화회관 예술동 4층 종합연습실,126.9760053,37.5726241,,https://culture.seoul.go.kr/cmmn/file/getImage.do?atchFileId=8b685870654e4cd78bf509ea783f7748&thumb=Y,https://culture.seoul.go.kr/culture/culture/cultureEvent/view.do?cultcode=156885&menuNo=200011,.
2026-05-12T18:11:43.222538+09:00,광화문광장,광화문광장,POI088,KEY_1,[세종문화회관] 세종예술아카데미 [정연석 작가] 스테들러와 함께하는 여행드로잉 클래스,2026-03-28~2026-09-05,세종예술아카데미 스퀘어홀,126.9760053,37.5726241,,https://culture.seoul.go.kr/cmmn/file/getImage.do?atchFileId=df2237ca7f754d009407bc3321cae86f&thumb=Y,https://culture.seoul.go.kr/culture/culture/cultureEvent/view.do?cultcode=157028&menuNo=200011,
2026-05-12T18:11:43.222538+09:00,광화문광장,광화문광장,POI088,KEY_1,[세종문화회관] 세종예술아카데미 [이승익 작가] 스테들러와 함께하는 여행드로잉 클래스,2026-03-28~2026-08-29,세종예술아카데미 스퀘어홀,126.9760053,37.5726241,,https://culture.seoul.go.kr/cmmn/file/getImage.do?atchFileId=09ebfb8dbbcf453e86aadfe529b90ff8&thumb=Y,https://culture.seoul.go.kr/culture/culture/cultureEvent/view.do?cultcode=157027&menuNo=200011,
2026-05-12T18:11:43.222538+09:00,광화문광장,광화문광장,POI088,KEY_1,[세종문화회관] 2026 상반기 세종 어린이 발레 아카데미,2026-03-28~2026-06-27,세종문화회관 예술동 4층 종합연습실,126.9760053,37.5726241,,https://culture.seoul.go.kr/cmmn/file/getImage.do?atchFileId=b47ad1471d3d428a9482934f7b03787f&thumb=Y,https://culture.seoul.go.kr/culture/culture/cultureEvent/view.do?cultcode=157104&menuNo=200011,
2026-05-12T18:11:43.222538+09:00,광화문광장,광화문광장,POI088,KEY_1,[세종문화회관] 세종예술아카데미 [이야기가 있는 클래식],2026-03-19~2026-05-28,세종문화회관 서클홀,126.9760053,37.5726241,,https://culture.seoul.go.kr/cmmn/file/getImage.do?atchFileId=0373af8e16694df8b923159a02ec0a2a&thumb=Y,https://culture.seoul.go.kr/culture/culture/cultureEvent/view.do?cultcode=156883&menuNo=200011,.
2026-05-12T18:11:43.222538+09:00,광화문광장,광화문광장,POI088,KEY_1,[세종문화회관] 세종예술아카데미 [미술사가 이 현의 전시와 함께보는 서양 미술사 - 바로크와 로코코],2026-03-19~2026-05-21,세종문화회관 서클홀,126.9760053,37.5726241,,https://culture.seoul.go.kr/cmmn/file/getImage.do?atchFileId=377ac3cd61d6416baa3b3f43a826b900&thumb=Y,https://culture.seoul.go.kr/culture/culture/cultureEvent/view.do?cultcode=156881&menuNo=200011,.
2026-05-12T18:11:43.222538+09:00,광화문광장,광화문광장,POI088,KEY_1,[세종문화회관] 세종예술아카데미 [클래식브런치],2026-03-18~2026-05-20,세종문화회관 서클홀,126.9760053,37.5726241,,https://culture.seoul.go.kr/cmmn/file/getImage.do?atchFileId=43b7fd7ecf2b44d1b7ba2ec25e6cc7a7&thumb=Y,https://culture.seoul.go.kr/culture/culture/cultureEvent/view.do?cultcode=156880&menuNo=200011,.
2026-05-12T18:11:43.222538+09:00,광화문광장,광화문광장,POI088,KEY_1,[세종문화회관] 세종예술아카데미 [히든보이스],2026-03-17~2026-06-30,세종문화회관 서클홀,126.9760053,37.5726241,,https://culture.seoul.go.kr/cmmn/file/getImage.do?atchFileId=96b505aa681348d48b661d248108f577&thumb=Y,https://culture.seoul.go.kr/culture/culture/cultureEvent/view.do?cultcode=156809&menuNo=200011,.
2026-05-12T18:11:43.222538+09:00,광화문광장,광화문광장,POI088,KEY_1,[세종문화회관] 세종예술아카데미 [2026 상반기 스포츠 in 아트스테이션],2026-03-16~2026-06-26,세종문화회관 오픈스테이지의 탁 트인 마루형 공간,126.9760053,37.5726241,,https://culture.seoul.go.kr/cmmn/file/getImage.do?atchFileId=16cb755c035e4ddc86c7cfbfa3654ca5&thumb=Y,https://culture.seoul.go.kr/culture/culture/cultureEvent/view.do?cultcode=157023&menuNo=200011,
2026-05-12T18:11:43.222538+09:00,광화문광장,광화문광장,POI088,KEY_1,[국가유산청 궁능유적본부] 수문장 순라의식,2026-03-01~2026-11-29,(토요일)경복궁 내부 (일요일， 공휴일)인사동 문화의 거리,126.976842133821,37.5759040910202,,https://culture.seoul.go.kr/cmmn/file/getImage.do?atchFileId=923de3d9169e463b9c8098a8e132be38&thumb=Y,https://culture.seoul.go.kr/culture/culture/cultureEvent/view.do?cultcode=156996&menuNo=200013,
2026-05-12T18:11:43.222538+09:00,국립중앙박물관·용산가족공원,국립중앙박물관·용산가족공원,POI089,KEY_2,[국립중앙박물관] 이슬람 미술， 찬란한 빛의 여정,2025-11-22~2026-10-11,국립중앙박물관 상설전시관 이슬람실,126.98020301648833,37.52385582212769,,https://culture.seoul.go.kr/cmmn/file/getImage.do?atchFileId=69db1f87ea6447c6a1fe901e146ce2e1&thumb=Y,https://culture.seoul.go.kr/culture/culture/cultureEvent/view.do?cultcode=156371&menuNo=200009,
2026-05-12T18:11:43.222538+09:00,국립중앙박물관·용산가족공원,국립중앙박물관·용산가족공원,POI089,KEY_2,[국립중앙박물관] 보존과학， 새로운 시작 함께하는 미래,2025-10-28~2026-06-30,국립중앙박물관 보존과학센터 1층,126.98020301648833,37.52385582212769,,https://culture.seoul.go.kr/cmmn/file/getImage.do?atchFileId=649b5716289a4bf2a97dcc27a7962d0c&thumb=Y,https://culture.seoul.go.kr/culture/culture/cultureEvent/view.do?cultcode=156376&menuNo=200009,
2026-05-12T18:11:43.222538+09:00,국립중앙박물관·용산가족공원,국립중앙박물관·용산가족공원,POI089,KEY_2,[국립중앙박물관] 각角진 백자 이야기,2025-08-26~2026-06-21,국립중앙박물관 상설전시관 3층,126.98020301648833,37.52385582212769,,https://culture.seoul.go.kr/cmmn/file/getImage.do?atchFileId=e522fa75398e4832b8862dd5a66863a7&thumb=Y,https://culture.seoul.go.kr/culture/culture/cultureEvent/view.do?cultcode=156377&menuNo=200009,
2026-05-12T18:11:43.222538+09:00,남산공원,남산공원,POI091,KEY_1,2026 서울시 태권도 공연,2026-05-09~2026-10-18,남산골한옥마을， DDP(동대문디자인플라자) 등,126.994440072131,37.559304933707146,,https://culture.seoul.go.kr/cmmn/file/getImage.do?atchFileId=292cefda02074a1bba028aea65b48755&thumb=Y,https://culture.seoul.go.kr/culture/culture/cultureEvent/view.do?cultcode=157783&menuNo=200013,
2026-05-12T18:11:43.222538+09:00,남산공원,남산공원,POI091,KEY_1,[남산골한옥마을] 2026 남산골 전통체험 [예술가의 시간],2026-04-03~2026-10-25,남산골한옥마을 전통가옥 프로그램별 상이,126.994440072131,37.559304933707146,,https://culture.seoul.go.kr/cmmn/file/getImage.do?atchFileId=65cd91f8db7b435e96bed67b434bcb84&thumb=Y,https://culture.seoul.go.kr/culture/culture/cultureEvent/view.do?cultcode=157090&menuNo=200011,
2026-05-12T18:11:43.222538+09:00,남산공원,남산공원,POI091,KEY_1,[남산골한옥마을] 남산골 전통혼례,2026-03-28~2026-11-15,관훈동 민씨가옥 안채 마당 (야외 혼례),126.994440072131,37.559304933707146,,https://culture.seoul.go.kr/cmmn/file/getImage.do?atchFileId=33830aa756d2463ab6ae27c45a425b0e&thumb=Y,https://culture.seoul.go.kr/culture/culture/cultureEvent/view.do?cultcode=156333&menuNo=200010,
2026-05-12T18:11:43.222538+09:00,남산공원,남산공원,POI091,KEY_1,2026 국립극장 어린이 예술학교 유아반 (1학기),2026-03-14~2026-05-23,국립극장 뜰아래연습장 B2 다목적교육실,126.999267349473,37.5519949082942,,https://culture.seoul.go.kr/cmmn/file/getImage.do?atchFileId=4d36afd4ac204d67bade0bd7b035e70a&thumb=Y,https://culture.seoul.go.kr/culture/culture/cultureEvent/view.do?cultcode=156884&menuNo=200011,
2026-05-12T18:11:43.222538+09:00,노들섬,노들섬,POI092,KEY_2,2026 서울거리공연 구석구석라이브,2026-05-01~2026-12-31,공연별 상이,126.958036465507,37.5176638307111,,https://culture.seoul.go.kr/cmmn/file/getImage.do?atchFileId=edccc8857cfe4ac1886089adadae554e&thumb=Y,https://culture.seoul.go.kr/culture/culture/cultureEvent/view.do?cultcode=157655&menuNo=200008,
2026-05-12T18:11:43.222538+09:00,노들섬,노들섬,POI092,KEY_2,[서울문화재단] 2026 신당창작아케이드 [어쩌다 마주친 공예 in 노들섬],2026-03-27~2026-12-31,노들섬 노들서가 내 아트스페이스 엣지 1층 (서울특별시 용산구 양녕로 445),126.958036465507,37.5176638307111,,https://culture.seoul.go.kr/cmmn/file/getImage.do?atchFileId=a8c296336d0f4398b55de07ad93424af&thumb=Y,https://culture.seoul.go.kr/culture/culture/cultureEvent/view.do?cultcode=157363&menuNo=200009,
2026-05-12T18:11:43.222538+09:00,서울숲공원,서울숲공원,POI101,KEY_2,2026 서울국제정원박람회,2026-05-01~2026-10-27,서울숲 일대,127.041799099222,37.5430701468405,,https://culture.seoul.go.kr/cmmn/file/getImage.do?atchFileId=94950c28bee44177bf2bff226fec0dc4&thumb=Y,https://culture.seoul.go.kr/culture/culture/cultureEvent/view.do?cultcode=156916&menuNo=200010,
2026-05-12T18:11:43.222538+09:00,서울숲공원,서울숲공원,POI101,KEY_2,2026 서로장터,2026-04-26~2026-11-01,서울광장， 서울숲， 양재시민의 숲， 잠수교,127.041799099222,37.5430701468405,N,https://culture.seoul.go.kr/cmmn/file/getImage.do?atchFileId=b5b274e789f84a8da67e6c2ec3815326&thumb=Y,https://culture.seoul.go.kr/culture/culture/cultureEvent/view.do?cultcode=157478&menuNo=200010,
2026-05-12T18:11:43.222538+09:00,송현녹지광장,송현녹지광장,POI129,KEY_3,[서울공예박물관] 색유만개 : 권순형 기증특별전시,2026-05-12~2026-08-02,서울공예박물관 전시1동  1층 로비， 안내동 일부,126.983533363501,37.5766481740232,,https://culture.seoul.go.kr/cmmn/file/getImage.do?atchFileId=36124f9be563428e8d2635a4078fd319&thumb=Y,https://culture.seoul.go.kr/culture/culture/cultureEvent/view.do?cultcode=157607&menuNo=200009,
2026-05-12T18:11:43.222538+09:00,송현녹지광장,송현녹지광장,POI129,KEY_3,[서울공예박물관] 공예협력전시 [안동별궁， 시간의 겹],2026-04-28~2027-08-29,서울공예박물관 전시1동 3층 기획전시실,126.983533363501,37.5766481740232,N,https://culture.seoul.go.kr/cmmn/file/getImage.do?atchFileId=a1622fcb6e024123ac90f40cdc8e32fd&thumb=Y,https://culture.seoul.go.kr/culture/culture/cultureEvent/view.do?cultcode=157420&menuNo=200009,
2026-05-12T18:11:43.222538+09:00,송현녹지광장,송현녹지광장,POI129,KEY_3,[서울공예박물관] 한불수교 140주년 기념전시 [더 하이브리드],2026-04-28~2026-07-26,서울공예박물관 전시1동 3층 기획전시실,126.983533363501,37.5766481740232,N,https://culture.seoul.go.kr/cmmn/file/getImage.do?atchFileId=aaaf677cdfac468db6f5c9e13fd397ad&thumb=Y,https://culture.seoul.go.kr/culture/culture/cultureEvent/view.do?cultcode=157211&menuNo=200009,
2026-05-12T18:11:43.222538+09:00,송현녹지광장,송현녹지광장,POI129,KEY_3,[서울공예박물관] 공예동행@쇼윈도 #2. 빛의 흐름 The Flow of Light,2026-04-08~2026-05-31,전시3동 1층 쇼윈도 갤러리,126.983533363501,37.5766481740232,,https://culture.seoul.go.kr/cmmn/file/getImage.do?atchFileId=d813307c6065486caf69b2ad498a0e61&thumb=Y,https://culture.seoul.go.kr/culture/culture/cultureEvent/view.do?cultcode=157354&menuNo=200009,
2026-05-12T18:11:43.222538+09:00,송현녹지광장,송현녹지광장,POI129,KEY_3,스펙트로신테시스 서울 Spectrosynthesis Seoul,2026-03-20~2026-06-28,아트선재센터,126.981839239613,37.5794635323506,,https://culture.seoul.go.kr/cmmn/file/getImage.do?atchFileId=1bbb87d0d71243b996db22604e96a261&thumb=Y,https://culture.seoul.go.kr/culture/culture/cultureEvent/view.do?cultcode=157262&menuNo=200009,
2026-05-12T18:11:43.222538+09:00,어린이대공원,어린이대공원,POI104,KEY_1,[서울상상나라] To. 외계인,2026-05-09~2026-07-19,서울상상나라 B1 창의놀이실,127.077569,37.55055,,https://culture.seoul.go.kr/cmmn/file/getImage.do?atchFileId=240d6c4f932d44c099f463537898e10d&thumb=Y,https://culture.seoul.go.kr/culture/culture/cultureEvent/view.do?cultcode=157797&menuNo=200011,
2026-05-12T18:11:43.222538+09:00,어린이대공원,어린이대공원,POI104,KEY_1,[서울상상나라] 에너지 위기! 대체에너지 탐험,2026-05-09~2026-07-19,서울상상나라 B1 표현놀이실,127.077569,37.55055,,https://culture.seoul.go.kr/cmmn/file/getImage.do?atchFileId=582b93fb96294ba4b10535197ad0b6e4&thumb=Y,https://culture.seoul.go.kr/culture/culture/cultureEvent/view.do?cultcode=157798&menuNo=200011,
2026-05-12T18:11:43.222538+09:00,어린이대공원,어린이대공원,POI104,KEY_1,[서울상상나라] 우리 가족 얼굴 피자,2026-05-09~2026-05-31,서울상상나라 B1 요리놀이실,127.077569,37.55055,,https://culture.seoul.go.kr/cmmn/file/getImage.do?atchFileId=911928e567334b468469a48c46b21df2&thumb=Y,https://culture.seoul.go.kr/culture/culture/cultureEvent/view.do?cultcode=157800&menuNo=200011,
2026-05-12T18:11:43.222538+09:00,어린이대공원,어린이대공원,POI104,KEY_1,[서울상상나라] 연두빛 타르트,2026-05-09~2026-05-31,서울상상나라 B1 요리놀이실,127.077569,37.55055,,https://culture.seoul.go.kr/cmmn/file/getImage.do?atchFileId=8294893045ec4d9db9f6d5e2b49c908e&thumb=Y,https://culture.seoul.go.kr/culture/culture/cultureEvent/view.do?cultcode=157799&menuNo=200011,
2026-05-12T18:11:43.222538+09:00,어린이대공원,어린이대공원,POI104,KEY_1,[서울상상나라] 놀이의 가능성: 보다,2026-04-28~2026-10-31,서울상상나라 1층 로비,127.077569,37.55055,,https://culture.seoul.go.kr/cmmn/file/getImage.do?atchFileId=33e106ada63a4554889b2194d3b76aa7&thumb=Y,https://culture.seoul.go.kr/culture/culture/cultureEvent/view.do?cultcode=157801&menuNo=200009,
2026-05-12T18:11:43.222538+09:00,어린이대공원,어린이대공원,POI104,KEY_1,[서울상상나라] 2F 기획전시 [사랑하는 모양이야],2025-11-15~2026-11-15,2층 서울형 키즈카페 시립 서울상상나라점,127.077569,37.55055,,https://culture.seoul.go.kr/cmmn/file/getImage.do?atchFileId=49257064be8745158d56780a881325da&thumb=Y,https://culture.seoul.go.kr/culture/culture/cultureEvent/view.do?cultcode=156165&menuNo=200009,
2026-05-12T18:11:43.222538+09:00,어린이대공원,어린이대공원,POI104,KEY_1,[서울상상나라] 통-하다,2025-11-11~2026-11-11,서울상상나라 1층 상설전시실,127.077569,37.55055,,https://culture.seoul.go.kr/cmmn/file/getImage.do?atchFileId=43c7d50c4bcf488982db4ed5e5d6a2a9&thumb=Y,https://culture.seoul.go.kr/culture/culture/cultureEvent/view.do?cultcode=155891&menuNo=200009,
2026-05-12T18:11:43.222538+09:00,어린이대공원,어린이대공원,POI104,KEY_1,[서울상상나라] 그림책 작업실:엉뚱하고 기발한,2025-07-15~2026-07-15,서울상상나라 지하 1층 기획전시실,127.077569,37.55055,,https://culture.seoul.go.kr/cmmn/file/getImage.do?atchFileId=96afe0108a624e499e8ba01e7cb308c1&thumb=Y,https://culture.seoul.go.kr/culture/culture/cultureEvent/view.do?cultcode=154150&menuNo=200009,
2026-05-12T18:11:43.222538+09:00,올림픽공원,올림픽공원,POI127,KEY_1,[한성백제박물관] 상반기 장애인 단체 대면 교육 [옛날옛날， 빛나는 백제 이야기],2026-05-12~2026-06-30,박물관 로비/교육실,127.12088940368128,37.51543881335773,,https://culture.seoul.go.kr/cmmn/file/getImage.do?atchFileId=58420146f27740e39e6ac91e88d71d70&thumb=Y,https://culture.seoul.go.kr/culture/culture/cultureEvent/view.do?cultcode=157690&menuNo=200011,
2026-05-12T18:11:43.222538+09:00,올림픽공원,올림픽공원,POI127,KEY_1,[서울백제어린이박물관] 초등 2-3학년 학급 대상 [어린이백제연구소2] 옛날 도구， 오늘날 도구 (도구의변천),2026-05-12~2026-06-10,서울백제어린이박물관(교육실， 전시실),127.124412,37.523991,,https://culture.seoul.go.kr/cmmn/file/getImage.do?atchFileId=85ede03678db4ee5a0adb99f465d78ff&thumb=Y,https://culture.seoul.go.kr/culture/culture/cultureEvent/view.do?cultcode=156836&menuNo=200011,
2026-05-12T18:11:43.222538+09:00,올림픽공원,올림픽공원,POI127,KEY_1,[한성백제박물관] 2026년 상반기 성인 대상 [서울 고대유적 탐방],2026-04-28~2026-06-11,한성백제박물관， 몽촌토성， 풍납동토성， 석촌동고분군 일대,127.12088940368128,37.51543881335773,,https://culture.seoul.go.kr/cmmn/file/getImage.do?atchFileId=3d89263b5e85481c894204ef7a05d20e&thumb=Y,https://culture.seoul.go.kr/culture/culture/cultureEvent/view.do?cultcode=157084&menuNo=200011,
2026-05-12T18:11:43.222538+09:00,올림픽공원,올림픽공원,POI127,KEY_1,[소마미술관] 조각이 꿈+틀 [올림픽조각체험프로젝트#02] 상설전,2026-04-17~2026-09-06,소마미술관 2관 상설전시실,127.118166964751,37.516920655117,,https://culture.seoul.go.kr/cmmn/file/getImage.do?atchFileId=c4ac3bd4533342b993b5ccfd5d42086c&thumb=Y,https://culture.seoul.go.kr/culture/culture/cultureEvent/view.do?cultcode=157117&menuNo=200009,
2026-05-12T18:11:43.222538+09:00,올림픽공원,올림픽공원,POI127,KEY_1,올림픽 조각체험 프로젝트#2 [조각이 꿈+틀],2026-04-17~2026-09-06,소마미술관,127.118166964751,37.516920655117,,https://culture.seoul.go.kr/cmmn/file/getImage.do?atchFileId=6825663978de46c192543240dfbb2185&thumb=Y,https://culture.seoul.go.kr/culture/culture/cultureEvent/view.do?cultcode=157318&menuNo=200009,
2026-05-12T18:11:43.222538+09:00,올림픽공원,올림픽공원,POI127,KEY_1,[소마미술관] 그림책이 살아있다!,2026-04-17~2026-09-06,소마미술관 2관 기획전시실,127.118166964751,37.516920655117,,https://culture.seoul.go.kr/cmmn/file/getImage.do?atchFileId=cf267080189e4a3eadeeb6c5e8b0ade7&thumb=Y,https://culture.seoul.go.kr/culture/culture/cultureEvent/view.do?cultcode=157116&menuNo=200009,
2026-05-12T18:11:43.222538+09:00,올림픽공원,올림픽공원,POI127,KEY_1,이승택 개인전 [조각의 바깥에서],2026-04-10~2026-07-26,소마미술관,127.118166964751,37.516920655117,,https://culture.seoul.go.kr/cmmn/file/getImage.do?atchFileId=fa83edf506b643e2bec777cac69729ce&thumb=Y,https://culture.seoul.go.kr/culture/culture/cultureEvent/view.do?cultcode=157317&menuNo=200009,
2026-05-12T18:11:43.222538+09:00,올림픽공원,올림픽공원,POI127,KEY_1,[한성백제박물관] 2026년 상반기 문화다양성 교육 [백제와 함께하는 이웃나라들],2026-03-31~2026-06-30,대면) 박물관 교육실/ (비대면) 각 학급 교실,127.12088940368128,37.51543881335773,,https://culture.seoul.go.kr/cmmn/file/getImage.do?atchFileId=79379b0c10fc462fb325ecdb455dd3db&thumb=Y,https://culture.seoul.go.kr/culture/culture/cultureEvent/view.do?cultcode=157232&menuNo=200011,
2026-05-12T18:11:43.222538+09:00,올림픽공원,올림픽공원,POI127,KEY_1,[한성백제박물관] 2026 상반기 초등단체 대면 교육 [서울 쏙! 백제 콕!],2026-03-26~2026-07-03,한성백제박물관 교육실,127.12088940368128,37.51543881335773,,https://culture.seoul.go.kr/cmmn/file/getImage.do?atchFileId=f3b484610b65420297a3ae47001c6120&thumb=Y,https://culture.seoul.go.kr/culture/culture/cultureEvent/view.do?cultcode=156906&menuNo=200011,
2026-05-12T18:11:43.222538+09:00,올림픽공원,올림픽공원,POI127,KEY_1,[한성백제박물관] 2026 상반기 초등단체 비대면 교육 [서울 쏙! 백제 콕!],2026-03-26~2026-07-03,각 학급 교실(비대면 원격 교육),127.12088940368128,37.51543881335773,,https://culture.seoul.go.kr/cmmn/file/getImage.do?atchFileId=fb761ebe217849eaa4f63b1b0f6ac759&thumb=Y,https://culture.seoul.go.kr/culture/culture/cultureEvent/view.do?cultcode=156907&menuNo=200011,
2026-05-12T18:11:43.222538+09:00,올림픽공원,올림픽공원,POI127,KEY_1,[한성백제박물관] 초등 4~6학년 단체 대면 교육 [한강삼국지: 삼국의 한강 쟁탈전],2026-03-24~2026-07-01,한성백제박물관 교육실,127.12088940368128,37.51543881335773,,https://culture.seoul.go.kr/cmmn/file/getImage.do?atchFileId=0183d0f0f64d43dea7f2f1f5a5823734&thumb=Y,https://culture.seoul.go.kr/culture/culture/cultureEvent/view.do?cultcode=156755&menuNo=200011,
2026-05-12T18:11:43.222538+09:00,올림픽공원,올림픽공원,POI127,KEY_1,[한성백제박물관] 초등 4~6학년 학급 비대면 교육 [한강삼국지: 삼국의 한강 쟁탈전],2026-03-24~2026-07-01,신청 학급 교실,127.12088940368128,37.51543881335773,,https://culture.seoul.go.kr/cmmn/file/getImage.do?atchFileId=ee2f38002896461d88e55f36df203dfc&thumb=Y,https://culture.seoul.go.kr/culture/culture/cultureEvent/view.do?cultcode=156754&menuNo=200011,
2026-05-12T18:11:43.222538+09:00,올림픽공원,올림픽공원,POI127,KEY_1,[서울백제어린이박물관] 유단체 대상 [서울역사생태탐험대1] 봄,2026-03-19~2026-05-21,서울백제어린이박물관(교육실， 전시실)， 야외생태체험장， 전시실 등,127.124412,37.523991,,https://culture.seoul.go.kr/cmmn/file/getImage.do?atchFileId=7504518b70b54ac7b5c8367519f44947&thumb=Y,https://culture.seoul.go.kr/culture/culture/cultureEvent/view.do?cultcode=156747&menuNo=200011,
2026-05-12T18:11:43.222538+09:00,올림픽공원,올림픽공원,POI127,KEY_1,[한성백제박물관] 2026년 상반기 주말가족교육 [문화유산 보존 연구소],2026-03-14~2026-07-04,한성백제박물관 교육실,127.12088940368128,37.51543881335773,,https://culture.seoul.go.kr/cmmn/file/getImage.do?atchFileId=69fec744c82446619d58e8ce8cb6baab&thumb=Y,https://culture.seoul.go.kr/culture/culture/cultureEvent/view.do?cultcode=156850&menuNo=200011,
2026-05-12T18:11:43.222538+09:00,올림픽공원,올림픽공원,POI127,KEY_1,[한성백제박물관] 2026년 상반기 주말가족탐방 [몽촌토성 탐방],2026-03-14~2026-05-30,몽촌토성， 박물관 교육실,127.12088940368128,37.51543881335773,,https://culture.seoul.go.kr/cmmn/file/getImage.do?atchFileId=31a20aade65d41b882a74ff2a6424ee7&thumb=Y,https://culture.seoul.go.kr/culture/culture/cultureEvent/view.do?cultcode=156851&menuNo=200011,
2026-05-12T18:11:43.222538+09:00,북촌한옥마을,북촌한옥마을,POI066,KEY_3,[서울공예박물관] 색유만개 : 권순형 기증특별전시,2026-05-12~2026-08-02,서울공예박물관 전시1동  1층 로비， 안내동 일부,126.983533363501,37.5766481740232,,https://culture.seoul.go.kr/cmmn/file/getImage.do?atchFileId=36124f9be563428e8d2635a4078fd319&thumb=Y,https://culture.seoul.go.kr/culture/culture/cultureEvent/view.do?cultcode=157607&menuNo=200009,
2026-05-12T18:11:43.222538+09:00,북촌한옥마을,북촌한옥마을,POI066,KEY_3,[갤러리지우헌] 허상욱 개인전: 분청 마음,2026-05-06~2026-06-03,갤러리 지우헌,126.982999426985,37.5833833879584,,https://culture.seoul.go.kr/cmmn/file/getImage.do?atchFileId=cbdadfe6623e471d8e41a958828bab71&thumb=Y,https://culture.seoul.go.kr/culture/culture/cultureEvent/view.do?cultcode=157715&menuNo=200009,전시 오프닝은 5월 6일 오후 4시에 진행되며， 작가가 직접 작품을 소개하는 자리가 마련될 예정이다. 행사에는 100년 전통 ㈜지평주조의 ‘지평탁주’가 함께 제공됩니다.
2026-05-12T18:11:43.222538+09:00,북촌한옥마을,북촌한옥마을,POI066,KEY_3,[서울공예박물관] 공예협력전시 [안동별궁， 시간의 겹],2026-04-28~2027-08-29,서울공예박물관 전시1동 3층 기획전시실,126.983533363501,37.5766481740232,N,https://culture.seoul.go.kr/cmmn/file/getImage.do?atchFileId=a1622fcb6e024123ac90f40cdc8e32fd&thumb=Y,https://culture.seoul.go.kr/culture/culture/cultureEvent/view.do?cultcode=157420&menuNo=200009,
2026-05-12T18:11:43.222538+09:00,북촌한옥마을,북촌한옥마을,POI066,KEY_3,[서울공예박물관] 한불수교 140주년 기념전시 [더 하이브리드],2026-04-28~2026-07-26,서울공예박물관 전시1동 3층 기획전시실,126.983533363501,37.5766481740232,N,https://culture.seoul.go.kr/cmmn/file/getImage.do?atchFileId=aaaf677cdfac468db6f5c9e13fd397ad&thumb=Y,https://culture.seoul.go.kr/culture/culture/cultureEvent/view.do?cultcode=157211&menuNo=200009,
2026-05-12T18:11:43.222538+09:00,북촌한옥마을,북촌한옥마을,POI066,KEY_3,[서울공예박물관] 공예동행@쇼윈도 #2. 빛의 흐름 The Flow of Light,2026-04-08~2026-05-31,전시3동 1층 쇼윈도 갤러리,126.983533363501,37.5766481740232,,https://culture.seoul.go.kr/cmmn/file/getImage.do?atchFileId=d813307c6065486caf69b2ad498a0e61&thumb=Y,https://culture.seoul.go.kr/culture/culture/cultureEvent/view.do?cultcode=157354&menuNo=200009,
2026-05-12T18:11:43.222538+09:00,북촌한옥마을,북촌한옥마을,POI066,KEY_3,스펙트로신테시스 서울 Spectrosynthesis Seoul,2026-03-20~2026-06-28,아트선재센터,126.981839239613,37.5794635323506,,https://culture.seoul.go.kr/cmmn/file/getImage.do?atchFileId=1bbb87d0d71243b996db22604e96a261&thumb=Y,https://culture.seoul.go.kr/culture/culture/cultureEvent/view.do?cultcode=157262&menuNo=200009,
2026-05-12T18:11:43.222538+09:00,서촌,서촌,POI067,KEY_1,[서울생활문화센터 체부] 체부작업展 [선 위에 머무는 마음],2026-04-28~2026-06-30,윈도우 갤러리， 금오재 마실,126.97148941423,37.5767084987432,,https://culture.seoul.go.kr/cmmn/file/getImage.do?atchFileId=b51cfd4f38d64d21be656e622812b5cb&thumb=Y,https://culture.seoul.go.kr/culture/culture/cultureEvent/view.do?cultcode=157790&menuNo=200009,
2026-05-12T18:11:43.222538+09:00,서촌,서촌,POI067,KEY_1,[종로문화재단] 금빛으로 지은 옷을 여미다,2025-12-16~2026-06-26,배화여자대학교 도서관 1층 전통문화전시실,126.967291871532,37.5795440101952,,https://culture.seoul.go.kr/cmmn/file/getImage.do?atchFileId=dc73759daf4e460fb1b9184a298f8c43&thumb=Y,https://culture.seoul.go.kr/culture/culture/cultureEvent/view.do?cultcode=156309&menuNo=200009,
2026-05-12T18:11:43.222538+09:00,서촌,서촌,POI067,KEY_1,[종로문화재단] 박노수미술관 개관12주년 기념전시 [산수·격물],2025-09-19~2026-12-06,종로구립 박노수미술관,126.966818545949,37.5813191962491,,https://culture.seoul.go.kr/cmmn/file/getImage.do?atchFileId=b3d1bbb9284b4b97bda71e967e5bb5a9&thumb=Y,https://culture.seoul.go.kr/culture/culture/cultureEvent/view.do?cultcode=155699&menuNo=200009,
2026-05-12T18:11:43.222538+09:00,인사동,인사동,POI078,KEY_3,[운현궁] 2026 기획 전시 [단청이 스며든 자리],2026-05-12~2026-05-17,운현궁 기획전시실,126.98708335796199,37.57607864675475,,https://culture.seoul.go.kr/cmmn/file/getImage.do?atchFileId=9fa80cafef594ba095f0682cd4cb8032&thumb=Y,https://culture.seoul.go.kr/culture/culture/cultureEvent/view.do?cultcode=157805&menuNo=200009,
2026-05-12T18:11:43.222538+09:00,인사동,인사동,POI078,KEY_3,[서울무형유산교육전시장] 2026년 운현궁에서 배우는 전통매듭 체험 모집,2026-05-06~2026-05-27,운현궁 이로당,126.98708335796199,37.57607864675475,,https://culture.seoul.go.kr/cmmn/file/getImage.do?atchFileId=d9f7c6b35e4b444dab781fe2fd07b841&thumb=Y,https://culture.seoul.go.kr/culture/culture/cultureEvent/view.do?cultcode=157558&menuNo=200011,
2026-05-12T18:11:43.222538+09:00,인사동,인사동,POI078,KEY_3,[노화랑] 기획전 [IN PINK],2026-04-23~2026-05-14,노화랑 1， 2층 전시장,126.984085733694,37.5748603162364,N,https://culture.seoul.go.kr/cmmn/file/getImage.do?atchFileId=813a89fb33224ca9b184a59c222a411b&thumb=Y,https://culture.seoul.go.kr/culture/culture/cultureEvent/view.do?cultcode=157488&menuNo=200009,
2026-05-12T18:11:43.222538+09:00,인사동,인사동,POI078,KEY_3,[서울우리소리박물관] 2026년 상반기 외국인 전통문화체험,2026-04-16~2026-05-14,서울우리소리박물관 상설전시실 및 교육실,126.989622047178,37.577157928122,,https://culture.seoul.go.kr/cmmn/file/getImage.do?atchFileId=183cd9e9b78549d098992df989c47096&thumb=Y,https://culture.seoul.go.kr/culture/culture/cultureEvent/view.do?cultcode=157200&menuNo=200011,
2026-05-12T18:11:43.222538+09:00,인사동,인사동,POI078,KEY_3,[운현궁] 2026 서울 운현궁 예절교실,2026-04-01~2026-06-12,운현궁 이로당， 노락당,126.98708335796199,37.57607864675475,,https://culture.seoul.go.kr/cmmn/file/getImage.do?atchFileId=48bfe53ae79b43ffa93809a0bea94372&thumb=Y,https://culture.seoul.go.kr/culture/culture/cultureEvent/view.do?cultcode=156901&menuNo=200011,
2026-05-12T18:11:43.222538+09:00,인사동,인사동,POI078,KEY_3,[서울생활문화센터 낙원] 초보기타 교실 추가모집 / 색소폰 교실 & 클리닉,2026-03-18~2026-06-24,서울생활문화센터 낙원 5번 안내실,126.987902476529,37.5727635233966,,https://culture.seoul.go.kr/cmmn/file/getImage.do?atchFileId=19019906a68a46efbe0ae1c1d60984bd&thumb=Y,https://culture.seoul.go.kr/culture/culture/cultureEvent/view.do?cultcode=156978&menuNo=200011,
2026-05-12T18:11:43.222538+09:00,인사동,인사동,POI078,KEY_3,[서울우리소리박물관] 2026 자율학습 프로그램 [우리소리 친구들],2026-02-09~2026-12-31,누마루 또는 교육실,126.989622047178,37.577157928122,,https://culture.seoul.go.kr/cmmn/file/getImage.do?atchFileId=94d1c28647de4daf8f612b8fe830a020&thumb=Y,https://culture.seoul.go.kr/culture/culture/cultureEvent/view.do?cultcode=156746&menuNo=200011,
2026-05-12T18:11:43.222538+09:00,인사동,인사동,POI078,KEY_3,[서울우리소리박물관] 2025 서울우리소리박물관 기획전 [한강， 소리로 흐르다],2025-06-19~2026-05-28,서울우리소리박물관 기획전시실,126.989622047178,37.577157928122,,https://culture.seoul.go.kr/cmmn/file/getImage.do?atchFileId=6cbae2fb2066497e9499c66996d2aad8&thumb=Y,https://culture.seoul.go.kr/culture/culture/cultureEvent/view.do?cultcode=154089&menuNo=200009,
2026-05-12T18:11:43.222538+09:00,창동 신경제 중심지,창동 신경제 중심지,POI079,KEY_2,[서울시립 사진미술관] 어린이를 위한 감상교육 [미술관 탐험],2026-05-02~2026-06-13,서울시립 사진미술관 전시실 및 1교육실,127.048947814686,37.6555150225578,,https://culture.seoul.go.kr/cmmn/file/getImage.do?atchFileId=3b060851bfe0447fa662c416d69083b5&thumb=Y,https://culture.seoul.go.kr/culture/culture/cultureEvent/view.do?cultcode=157761&menuNo=200011,
2026-05-12T18:11:43.222538+09:00,창동 신경제 중심지,창동 신경제 중심지,POI079,KEY_2,[서울시립 사진미술관] 2026 서울사진축제 : 미술관 속 영화관 [진과 세계 사이에서],2026-04-24~2026-05-29,서울시립 사진미술관 2층 영상홀,127.048947814686,37.6555150225578,,https://culture.seoul.go.kr/cmmn/file/getImage.do?atchFileId=7938fe59e75e4986abeeaa7b0d1b15a9&thumb=Y,https://culture.seoul.go.kr/culture/culture/cultureEvent/view.do?cultcode=157489&menuNo=200013,
2026-05-12T18:11:43.222538+09:00,창동 신경제 중심지,창동 신경제 중심지,POI079,KEY_2,[서울시립 사진미술관] 2026 서울사진축제 : 포토라이브러리 워크숍 [일요일의 독서클럽],2026-04-12~2026-06-07,2층 영상홀， 4층 포토라이브러리,127.048947814686,37.6555150225578,,https://culture.seoul.go.kr/cmmn/file/getImage.do?atchFileId=498300d2f5194d3b8fd3d736e7cb345f&thumb=Y,https://culture.seoul.go.kr/culture/culture/cultureEvent/view.do?cultcode=157487&menuNo=200011,
2026-05-12T18:11:43.222538+09:00,창동 신경제 중심지,창동 신경제 중심지,POI079,KEY_2,[서울시립 사진미술관] 2026 서울사진축제 : Photo SeMA 기획서가 [모두를 위한 사진책],2026-04-09~2026-07-05,서울시립 사진미술관 4층 포토라이브러리,127.048947814686,37.6555150225578,,https://culture.seoul.go.kr/cmmn/file/getImage.do?atchFileId=65ddc38604e4492b869a6d972a08ec81&thumb=Y,https://culture.seoul.go.kr/culture/culture/cultureEvent/view.do?cultcode=157578&menuNo=200009,
2026-05-12T18:11:43.222538+09:00,창동 신경제 중심지,창동 신경제 중심지,POI079,KEY_2,[서울시립 사진미술관] 2026 서울사진축제 : 아티스트 토크 [작가의 방],2026-04-09~2026-06-14,서울시립 사진미술관 2층  영상홀,127.048947814686,37.6555150225578,,https://culture.seoul.go.kr/cmmn/file/getImage.do?atchFileId=20a62cd7a4a5468a905848cae3284ff6&thumb=Y,https://culture.seoul.go.kr/culture/culture/cultureEvent/view.do?cultcode=157475&menuNo=200009,
2026-05-12T18:11:43.222538+09:00,창동 신경제 중심지,창동 신경제 중심지,POI079,KEY_2,[서울시립 사진미술관] 2026 서울사진축제 [서울 사진 산책],2026-04-09~2026-06-14,서울 시내 24개소 문화공간 / 외부 별도 장소,127.048947814686,37.6555150225578,,https://culture.seoul.go.kr/cmmn/file/getImage.do?atchFileId=10e7f9cf6cd94078a47d5e519a4b6e7f&thumb=Y,https://culture.seoul.go.kr/culture/culture/cultureEvent/view.do?cultcode=157349&menuNo=200009,
2026-05-12T18:11:43.222538+09:00,창동 신경제 중심지,창동 신경제 중심지,POI079,KEY_2,[서울시립 사진미술관] 서울사진축제 《컴백홈》,2026-04-09~2026-06-14,서울시립 사진미술관,127.048947814686,37.6555150225578,,https://culture.seoul.go.kr/cmmn/file/getImage.do?atchFileId=c4c9d45245364ab48711d6ccbeb9e699&thumb=Y,https://culture.seoul.go.kr/culture/culture/cultureEvent/view.do?cultcode=157269&menuNo=200009,
2026-05-12T18:11:43.222538+09:00,창동 신경제 중심지,창동 신경제 중심지,POI079,KEY_2,[서울시립 사진미술관] 포토 디스커버리 프로젝트 《사진집》,2026-03-18~2026-06-14,서울시립 사진미술관 1층 로비,127.048947814686,37.6555150225578,,https://culture.seoul.go.kr/cmmn/file/getImage.do?atchFileId=0f7936d9f2d94354a36657010b418fbb&thumb=Y,https://culture.seoul.go.kr/culture/culture/cultureEvent/view.do?cultcode=157141&menuNo=200009,
2026-05-12T18:11:43.222538+09:00,DDP(동대문디자인플라자),DDP(동대문디자인플라자),POI083,KEY_3,김영준 x 요시다 유니 기획전 Face to face,2026-05-07~2026-06-07,DDP 이간수문전시장,127.00977973484339,37.56735731522952,,https://culture.seoul.go.kr/cmmn/file/getImage.do?atchFileId=2e699755a39b40619ddea53a22e59ef4&thumb=Y,https://culture.seoul.go.kr/culture/culture/cultureEvent/view.do?cultcode=157672&menuNo=200009,
2026-05-12T18:11:43.222538+09:00,DDP(동대문디자인플라자),DDP(동대문디자인플라자),POI083,KEY_3,Let Dreams Shine! [베베핀 드림랜드],2026-05-01~2026-05-31,동대문디자인플라자 디자인랩1층 DDP쇼룸,127.00977973484339,37.56735731522952,,https://culture.seoul.go.kr/cmmn/file/getImage.do?atchFileId=b578b0a0e4724a718dff9fbd6ca77cbc&thumb=Y,https://culture.seoul.go.kr/culture/culture/cultureEvent/view.do?cultcode=157641&menuNo=200011,
2026-05-12T18:11:43.222538+09:00,DDP(동대문디자인플라자),DDP(동대문디자인플라자),POI083,KEY_3,DDPlay 버스킹 5월 공연 안내,2026-05-01~2026-05-31,DDP 어울림광장， 팔거리,127.00977973484339,37.56735731522952,,https://culture.seoul.go.kr/cmmn/file/getImage.do?atchFileId=06255b5f16c1435a95ddf9214cbe8d86&thumb=Y,https://culture.seoul.go.kr/culture/culture/cultureEvent/view.do?cultcode=157546&menuNo=200008,
2026-05-12T18:11:43.222538+09:00,DDP(동대문디자인플라자),DDP(동대문디자인플라자),POI083,KEY_3,[서울디자인재단] 키크니 특별전 : 그렸고 그런 사이,2026-04-25~2026-09-06,뮤지엄 전시1관,127.00977973484339,37.56735731522952,,https://culture.seoul.go.kr/cmmn/file/getImage.do?atchFileId=5b5e3f16b605439ea83b1ecf8d5ce8b8&thumb=Y,https://culture.seoul.go.kr/culture/culture/cultureEvent/view.do?cultcode=157351&menuNo=200009,
2026-05-12T18:11:43.222538+09:00,DDP(동대문디자인플라자),DDP(동대문디자인플라자),POI083,KEY_3,이상한 K-뷰티 : 엄마의 서랍장,2026-04-10~2026-06-10,DDP 마켓 B2F 비더비 다운타운,127.00977973484339,37.56735731522952,,https://culture.seoul.go.kr/cmmn/file/getImage.do?atchFileId=e187f20c0b5d4e7ebcbff38d8f60b63e&thumb=Y,https://culture.seoul.go.kr/culture/culture/cultureEvent/view.do?cultcode=157606&menuNo=200009,
2026-05-12T18:11:43.222538+09:00,DDP(동대문디자인플라자),DDP(동대문디자인플라자),POI083,KEY_3,[서울디자인재단] DDP 루프탑 투어_2026,2026-03-21~2026-05-31,DDP 뮤지엄 1층(M3 출입문) 투어 데스크 (시작장소),127.00977973484339,37.56735731522952,,https://culture.seoul.go.kr/cmmn/file/getImage.do?atchFileId=973b28af071b405ea7f6eb7ab715abaa&thumb=Y,https://culture.seoul.go.kr/culture/culture/cultureEvent/view.do?cultcode=157428&menuNo=200011,
2026-05-12T18:11:43.222538+09:00,DDP(동대문디자인플라자),DDP(동대문디자인플라자),POI083,KEY_3,BtheB 뷰티기획전 [Beauty For All],2026-02-28~2026-06-07,DDP 지하2층 DDP마켓 비더비,127.00977973484339,37.56735731522952,,https://culture.seoul.go.kr/cmmn/file/getImage.do?atchFileId=5209bf1d22f345568a88cce60bbc8688&thumb=Y,https://culture.seoul.go.kr/culture/culture/cultureEvent/view.do?cultcode=156852&menuNo=200009,
2026-05-12T18:11:43.222538+09:00,DDP(동대문디자인플라자),DDP(동대문디자인플라자),POI083,KEY_3,[DDP] Dream in Light,2026-01-09~2026-12-31,DDP 전면， 유구전시장 앞， 미래로 상부,127.00977973484339,37.56735731522952,,https://culture.seoul.go.kr/cmmn/file/getImage.do?atchFileId=bfa59aa56eed4af8b441d88bad873037&thumb=Y,https://culture.seoul.go.kr/culture/culture/cultureEvent/view.do?cultcode=156491&menuNo=200009,
2026-05-12T18:11:43.222538+09:00,DDP(동대문디자인플라자),DDP(동대문디자인플라자),POI083,KEY_3,[서울디자인재단] DDP 건축투어,2026-01-02~2026-12-31,DDP 뮤지엄 1층 투어데스크,127.00977973484339,37.56735731522952,N,https://culture.seoul.go.kr/cmmn/file/getImage.do?atchFileId=47da849abe944ec9b7dedaf1ab283714&thumb=Y,https://culture.seoul.go.kr/culture/culture/cultureEvent/view.do?cultcode=156552&menuNo=200009,
2026-05-12T18:11:43.222538+09:00,서울식물원·마곡나루역,서울식물원·마곡나루역,POI032,KEY_1,[서울식물원] 2026 낭만수국전 HYDRANGEA SHOW,2026-05-02~2026-05-31,서울식물원 전시온실 지중해관,126.83500723721524,37.569657094189104,,https://culture.seoul.go.kr/cmmn/file/getImage.do?atchFileId=969c3a5bc5694862bdd4688ca678571d&thumb=Y,https://culture.seoul.go.kr/culture/culture/cultureEvent/view.do?cultcode=157795&menuNo=200009,
2026-05-12T18:11:43.222538+09:00,서울식물원·마곡나루역,서울식물원·마곡나루역,POI032,KEY_1,[서울식물원] 주제정원 봄 전시 [봄빛 정원: 땅에서 피어난 봄빛],2026-04-15~2026-05-31,서울식물원 주제정원 내 계류 주변,126.83500723721524,37.569657094189104,,https://culture.seoul.go.kr/cmmn/file/getImage.do?atchFileId=adfdc93640c946a29acdc8d12802f793&thumb=Y,https://culture.seoul.go.kr/culture/culture/cultureEvent/view.do?cultcode=157582&menuNo=200009,
2026-05-12T18:11:43.222538+09:00,서울식물원·마곡나루역,서울식물원·마곡나루역,POI032,KEY_1,[서울식물원] 2025년 서울식물원 기획 전시 [우리들의 자연， 행성적 공존],2025-05-27~2026-05-24,식물문화센터 프로젝트홀2， 주제원， 온실,126.83500723721524,37.569657094189104,,https://culture.seoul.go.kr/cmmn/file/getImage.do?atchFileId=e0d57fc6ab4046209bdf34ab6ac41c98&thumb=Y,https://culture.seoul.go.kr/culture/culture/cultureEvent/view.do?cultcode=153826&menuNo=200009,
2026-05-12T18:11:43.222538+09:00,시의회 앞,시의회 앞,POI130,KEY_1,[서울도서관] 2026년 서울야외도서관 (책읽는 서울광장， 광화문 책마당， 책읽는 맑은 냇가),2026-04-23~2026-11-01,서울광장， 광화문 광장， 청계천 일대,126.97769782752,37.5653338689441,N,https://culture.seoul.go.kr/cmmn/file/getImage.do?atchFileId=57da07b01aed40ad984d40559a42ae61&thumb=Y,https://culture.seoul.go.kr/culture/culture/cultureEvent/view.do?cultcode=156879&menuNo=200010,
2026-05-12T18:11:43.222538+09:00,시의회 앞,시의회 앞,POI130,KEY_1,기.기.기(奇.己.氣): 동시대와 시행착오,2026-04-01~2026-05-31,일민미술관,126.977657083792,37.5698677620456,,https://culture.seoul.go.kr/cmmn/file/getImage.do?atchFileId=6e05d79e4d0e4358b3eae2df5081eb13&thumb=Y,https://culture.seoul.go.kr/culture/culture/cultureEvent/view.do?cultcode=157256&menuNo=200009,
2026-05-12T18:11:43.222538+09:00,혜화역,혜화역,POI054,KEY_2,[서울시지원/ 전액무료] AI 인사이트 공연문화콘텐츠 기획,2026-05-12~2026-08-06,종로여성인력개발센터,127.000418097935,37.5820587995429,,https://culture.seoul.go.kr/cmmn/file/getImage.do?atchFileId=3b2807c6e1ad415cbebce23402b0251a&thumb=Y,https://culture.seoul.go.kr/culture/culture/cultureEvent/view.do?cultcode=157366&menuNo=200011,
2026-05-12T18:11:43.222538+09:00,혜화역,혜화역,POI054,KEY_2,연극 [운베난트],2026-03-27~2026-06-07,예스24스테이지 3관,127.003160727291,37.5827488289051,,https://culture.seoul.go.kr/cmmn/file/getImage.do?atchFileId=b22d720f5efc44dda84da2606b0e5f75&thumb=Y,https://culture.seoul.go.kr/culture/culture/cultureEvent/view.do?cultcode=157115&menuNo=200008,
2026-05-12T18:11:43.222538+09:00,혜화역,혜화역,POI054,KEY_2,[종로여성인력개발센터] AI 파워드 문화·예술 프로젝트 기획 실무 마스터 실무 마스터,2026-03-18~2026-06-23,종로여성인력개발센터,127.000418097935,37.5820587995429,,https://culture.seoul.go.kr/cmmn/file/getImage.do?atchFileId=f824d3bddc6d4c239ee2e5611e22870a&thumb=Y,https://culture.seoul.go.kr/culture/culture/cultureEvent/view.do?cultcode=156487&menuNo=200011,
2026-05-12T19:57:06.260559+09:00,경복궁,경복궁,POI008,KEY_1,[경복궁] 2026 생과방(상반기),2026-04-08~2026-05-27,경복궁 생과방,126.976842133821,37.5759040910202,,https://culture.seoul.go.kr/cmmn/file/getImage.do?atchFileId=4864144c5a084ea4a1228924afe585e6&thumb=Y,https://culture.seoul.go.kr/culture/culture/cultureEvent/view.do?cultcode=157368&menuNo=200011,
2026-05-12T19:57:06.260559+09:00,경복궁,경복궁,POI008,KEY_1,2026년 집옥재(팔우정 포함) 작은 도서관 개방,2026-04-01~2026-10-31,경복궁 집옥재·팔우정,126.976842133821,37.5759040910202,,https://culture.seoul.go.kr/cmmn/file/getImage.do?atchFileId=d70525e916b548cda13443c9e10190f3&thumb=Y,https://culture.seoul.go.kr/culture/culture/cultureEvent/view.do?cultcode=157383&menuNo=200011,
2026-05-12T19:57:06.260559+09:00,경복궁,경복궁,POI008,KEY_1,2026년 경복궁 [경회루·향원정] 특별관람,2026-04-01~2026-10-30,경복궁 경회루·향원정,126.976842133821,37.5759040910202,,https://culture.seoul.go.kr/cmmn/file/getImage.do?atchFileId=37630da9c19349fbac8494e92e5c64d8&thumb=Y,https://culture.seoul.go.kr/culture/culture/cultureEvent/view.do?cultcode=157389&menuNo=200011,
2026-05-12T19:57:06.260559+09:00,경복궁,경복궁,POI008,KEY_1,[국가유산청 궁능유적본부] 수문장 순라의식,2026-03-01~2026-11-29,(토요일)경복궁 내부 (일요일， 공휴일)인사동 문화의 거리,126.976842133821,37.5759040910202,,https://culture.seoul.go.kr/cmmn/file/getImage.do?atchFileId=923de3d9169e463b9c8098a8e132be38&thumb=Y,https://culture.seoul.go.kr/culture/culture/cultureEvent/view.do?cultcode=156996&menuNo=200013,
2026-05-12T19:57:06.260559+09:00,광화문·덕수궁,광화문·덕수궁,POI009,KEY_2,빛과 어둠의 경계에서,2026-05-02~2026-05-25,세종문화회관 세종S씨어터,126.9760053,37.5726241,,https://culture.seoul.go.kr/cmmn/file/getImage.do?atchFileId=0eeea492c11e4eb7816334e58cfeb6ce&thumb=Y,https://culture.seoul.go.kr/culture/culture/cultureEvent/view.do?cultcode=157335&menuNo=200008,
2026-05-12T19:57:06.260559+09:00,광화문·덕수궁,광화문·덕수궁,POI009,KEY_2,[서울도서관] 2026년 서울야외도서관 (책읽는 서울광장， 광화문 책마당， 책읽는 맑은 냇가),2026-04-23~2026-11-01,서울광장， 광화문 광장， 청계천 일대,126.97769782752,37.5653338689441,N,https://culture.seoul.go.kr/cmmn/file/getImage.do?atchFileId=57da07b01aed40ad984d40559a42ae61&thumb=Y,https://culture.seoul.go.kr/culture/culture/cultureEvent/view.do?cultcode=156879&menuNo=200010,
2026-05-12T19:57:06.260559+09:00,광화문·덕수궁,광화문·덕수궁,POI009,KEY_2,2026 의정부지 역사유적광장 전통무예행사,2026-04-11~2026-10-31,의정부지 역사유적광장,126.977967142855,37.5748036513699,,https://culture.seoul.go.kr/cmmn/file/getImage.do?atchFileId=628a9bae996a407bbfee67752dd508db&thumb=Y,https://culture.seoul.go.kr/culture/culture/cultureEvent/view.do?cultcode=157327&menuNo=200010,
2026-05-12T19:57:06.260559+09:00,광화문·덕수궁,광화문·덕수궁,POI009,KEY_2,2026 아뜰리에 광화 봄 전시 [피어나는 빛],2026-04-11~2026-06-19,세종문화회관 외벽 미디어파사드,126.9760053,37.5726241,,https://culture.seoul.go.kr/cmmn/file/getImage.do?atchFileId=196d7f704d5646a2bb4bb40523a8c4aa&thumb=Y,https://culture.seoul.go.kr/culture/culture/cultureEvent/view.do?cultcode=157432&menuNo=200009,
2026-05-12T19:57:06.260559+09:00,광화문·덕수궁,광화문·덕수궁,POI009,KEY_2,2026 해치마당 미디어월 봄 전시,2026-04-10~2026-06-19,광화문 역 9번출구 진입로 벽면 해치마당 미디어월,126.976787992565,37.5716228232824,,https://culture.seoul.go.kr/cmmn/file/getImage.do?atchFileId=ac862f94f21744ec8092ccc4372c0539&thumb=Y,https://culture.seoul.go.kr/culture/culture/cultureEvent/view.do?cultcode=157787&menuNo=200009,
2026-05-12T19:57:06.260559+09:00,광화문·덕수궁,광화문·덕수궁,POI009,KEY_2,[경복궁] 2026 생과방(상반기),2026-04-08~2026-05-27,경복궁 생과방,126.976842133821,37.5759040910202,,https://culture.seoul.go.kr/cmmn/file/getImage.do?atchFileId=4864144c5a084ea4a1228924afe585e6&thumb=Y,https://culture.seoul.go.kr/culture/culture/cultureEvent/view.do?cultcode=157368&menuNo=200011,
2026-05-12T19:57:06.260559+09:00,광화문·덕수궁,광화문·덕수궁,POI009,KEY_2,[덕수궁] 2026 밤의 석조전(상반기),2026-04-08~2026-05-17,덕수궁 석조전 일원,126.974461639777,37.5677154464989,,https://culture.seoul.go.kr/cmmn/file/getImage.do?atchFileId=cc6179c75f1547b2b72e2a3cca26b6da&thumb=Y,https://culture.seoul.go.kr/culture/culture/cultureEvent/view.do?cultcode=157365&menuNo=200010,
2026-05-12T19:57:06.260559+09:00,광화문·덕수궁,광화문·덕수궁,POI009,KEY_2,2026년 집옥재(팔우정 포함) 작은 도서관 개방,2026-04-01~2026-10-31,경복궁 집옥재·팔우정,126.976842133821,37.5759040910202,,https://culture.seoul.go.kr/cmmn/file/getImage.do?atchFileId=d70525e916b548cda13443c9e10190f3&thumb=Y,https://culture.seoul.go.kr/culture/culture/cultureEvent/view.do?cultcode=157383&menuNo=200011,
2026-05-12T19:57:06.260559+09:00,광화문·덕수궁,광화문·덕수궁,POI009,KEY_2,2026년 경복궁 [경회루·향원정] 특별관람,2026-04-01~2026-10-30,경복궁 경회루·향원정,126.976842133821,37.5759040910202,,https://culture.seoul.go.kr/cmmn/file/getImage.do?atchFileId=37630da9c19349fbac8494e92e5c64d8&thumb=Y,https://culture.seoul.go.kr/culture/culture/cultureEvent/view.do?cultcode=157389&menuNo=200011,
2026-05-12T19:57:06.260559+09:00,광화문·덕수궁,광화문·덕수궁,POI009,KEY_2,기.기.기(奇.己.氣): 동시대와 시행착오,2026-04-01~2026-05-31,일민미술관,126.977657083792,37.5698677620456,,https://culture.seoul.go.kr/cmmn/file/getImage.do?atchFileId=6e05d79e4d0e4358b3eae2df5081eb13&thumb=Y,https://culture.seoul.go.kr/culture/culture/cultureEvent/view.do?cultcode=157256&menuNo=200009,
2026-05-12T19:57:06.260559+09:00,광화문·덕수궁,광화문·덕수궁,POI009,KEY_2,[세종문화회관] 세종예술아카데미 [정승빈 작가] 스테들러와 함께하는 여행드로잉 클래스,2026-03-31~2026-09-15,세종예술아카데미 스퀘어홀,126.9760053,37.5726241,,https://culture.seoul.go.kr/cmmn/file/getImage.do?atchFileId=a0247bcdf4484818baaca748c977391f&thumb=Y,https://culture.seoul.go.kr/culture/culture/cultureEvent/view.do?cultcode=157026&menuNo=200011,
2026-05-12T19:57:06.260559+09:00,광화문·덕수궁,광화문·덕수궁,POI009,KEY_2,[세종문화회관] 세종예술아카데미 [박인홍 작가] 스테들러와 함께하는 여행드로잉 클래스,2026-03-31~2026-08-31,세종예술아카데미 스퀘어홀,126.9760053,37.5726241,,https://culture.seoul.go.kr/cmmn/file/getImage.do?atchFileId=c9b88469d8f0468e960f00b0e5b0785d&thumb=Y,https://culture.seoul.go.kr/culture/culture/cultureEvent/view.do?cultcode=157025&menuNo=200011,
2026-05-12T19:57:06.260559+09:00,광화문·덕수궁,광화문·덕수궁,POI009,KEY_2,[세종문화회관] 세종예술아카데미 [그레이스 발레 (성인 취미 발레)],2026-03-30~2026-06-29,세종문화회관 예술동 4층 종합연습실,126.9760053,37.5726241,,https://culture.seoul.go.kr/cmmn/file/getImage.do?atchFileId=8b685870654e4cd78bf509ea783f7748&thumb=Y,https://culture.seoul.go.kr/culture/culture/cultureEvent/view.do?cultcode=156885&menuNo=200011,.
2026-05-12T19:57:06.260559+09:00,광화문·덕수궁,광화문·덕수궁,POI009,KEY_2,[세종문화회관] 세종예술아카데미 [정연석 작가] 스테들러와 함께하는 여행드로잉 클래스,2026-03-28~2026-09-05,세종예술아카데미 스퀘어홀,126.9760053,37.5726241,,https://culture.seoul.go.kr/cmmn/file/getImage.do?atchFileId=df2237ca7f754d009407bc3321cae86f&thumb=Y,https://culture.seoul.go.kr/culture/culture/cultureEvent/view.do?cultcode=157028&menuNo=200011,
2026-05-12T19:57:06.260559+09:00,광화문·덕수궁,광화문·덕수궁,POI009,KEY_2,[세종문화회관] 세종예술아카데미 [이승익 작가] 스테들러와 함께하는 여행드로잉 클래스,2026-03-28~2026-08-29,세종예술아카데미 스퀘어홀,126.9760053,37.5726241,,https://culture.seoul.go.kr/cmmn/file/getImage.do?atchFileId=09ebfb8dbbcf453e86aadfe529b90ff8&thumb=Y,https://culture.seoul.go.kr/culture/culture/cultureEvent/view.do?cultcode=157027&menuNo=200011,
2026-05-12T19:57:06.260559+09:00,광화문·덕수궁,광화문·덕수궁,POI009,KEY_2,[세종문화회관] 2026 상반기 세종 어린이 발레 아카데미,2026-03-28~2026-06-27,세종문화회관 예술동 4층 종합연습실,126.9760053,37.5726241,,https://culture.seoul.go.kr/cmmn/file/getImage.do?atchFileId=b47ad1471d3d428a9482934f7b03787f&thumb=Y,https://culture.seoul.go.kr/culture/culture/cultureEvent/view.do?cultcode=157104&menuNo=200011,
2026-05-12T19:57:06.260559+09:00,광화문·덕수궁,광화문·덕수궁,POI009,KEY_2,[세종문화회관] 세종예술아카데미 [이야기가 있는 클래식],2026-03-19~2026-05-28,세종문화회관 서클홀,126.9760053,37.5726241,,https://culture.seoul.go.kr/cmmn/file/getImage.do?atchFileId=0373af8e16694df8b923159a02ec0a2a&thumb=Y,https://culture.seoul.go.kr/culture/culture/cultureEvent/view.do?cultcode=156883&menuNo=200011,.
2026-05-12T19:57:06.260559+09:00,광화문·덕수궁,광화문·덕수궁,POI009,KEY_2,[세종문화회관] 세종예술아카데미 [미술사가 이 현의 전시와 함께보는 서양 미술사 - 바로크와 로코코],2026-03-19~2026-05-21,세종문화회관 서클홀,126.9760053,37.5726241,,https://culture.seoul.go.kr/cmmn/file/getImage.do?atchFileId=377ac3cd61d6416baa3b3f43a826b900&thumb=Y,https://culture.seoul.go.kr/culture/culture/cultureEvent/view.do?cultcode=156881&menuNo=200011,.
2026-05-12T19:57:06.260559+09:00,광화문·덕수궁,광화문·덕수궁,POI009,KEY_2,[세종문화회관] 세종예술아카데미 [클래식브런치],2026-03-18~2026-05-20,세종문화회관 서클홀,126.9760053,37.5726241,,https://culture.seoul.go.kr/cmmn/file/getImage.do?atchFileId=43b7fd7ecf2b44d1b7ba2ec25e6cc7a7&thumb=Y,https://culture.seoul.go.kr/culture/culture/cultureEvent/view.do?cultcode=156880&menuNo=200011,.
2026-05-12T19:57:06.260559+09:00,광화문·덕수궁,광화문·덕수궁,POI009,KEY_2,[세종문화회관] 세종예술아카데미 [히든보이스],2026-03-17~2026-06-30,세종문화회관 서클홀,126.9760053,37.5726241,,https://culture.seoul.go.kr/cmmn/file/getImage.do?atchFileId=96b505aa681348d48b661d248108f577&thumb=Y,https://culture.seoul.go.kr/culture/culture/cultureEvent/view.do?cultcode=156809&menuNo=200011,.
2026-05-12T19:57:06.260559+09:00,광화문·덕수궁,광화문·덕수궁,POI009,KEY_2,[세종문화회관] 세종예술아카데미 [2026 상반기 스포츠 in 아트스테이션],2026-03-16~2026-06-26,세종문화회관 오픈스테이지의 탁 트인 마루형 공간,126.9760053,37.5726241,,https://culture.seoul.go.kr/cmmn/file/getImage.do?atchFileId=16cb755c035e4ddc86c7cfbfa3654ca5&thumb=Y,https://culture.seoul.go.kr/culture/culture/cultureEvent/view.do?cultcode=157023&menuNo=200011,
2026-05-12T19:57:06.260559+09:00,광화문·덕수궁,광화문·덕수궁,POI009,KEY_2,[국가유산청 궁능유적본부] 수문장 순라의식,2026-03-01~2026-11-29,(토요일)경복궁 내부 (일요일， 공휴일)인사동 문화의 거리,126.976842133821,37.5759040910202,,https://culture.seoul.go.kr/cmmn/file/getImage.do?atchFileId=923de3d9169e463b9c8098a8e132be38&thumb=Y,https://culture.seoul.go.kr/culture/culture/cultureEvent/view.do?cultcode=156996&menuNo=200013,
2026-05-12T19:57:06.260559+09:00,광화문·덕수궁,광화문·덕수궁,POI009,KEY_2,[서울시] 2026년 서울청년문화패스 신청자 모집,2025-12-22~2026-12-31,온라인 접수,126.97860700965403,37.56672958991572,,https://culture.seoul.go.kr/cmmn/file/getImage.do?atchFileId=24931799627a43ea9e2b4960b00c9c4f&thumb=Y,https://culture.seoul.go.kr/culture/culture/cultureEvent/view.do?cultcode=156277&menuNo=200013,
2026-05-12T19:57:06.260559+09:00,창덕궁·종묘,창덕궁·종묘,POI012,KEY_2,2026년 창경궁 야연(상반기),2026-05-07~2026-05-17,창경궁 문정전 일원,126.993841430623,37.5776239475981,,https://culture.seoul.go.kr/cmmn/file/getImage.do?atchFileId=9e29ccf0743c49d0a4fb2c0ad10ffb9e&thumb=Y,https://culture.seoul.go.kr/culture/culture/cultureEvent/view.do?cultcode=157796&menuNo=200011,
2026-05-12T19:57:06.260559+09:00,창덕궁·종묘,창덕궁·종묘,POI012,KEY_2,2026년 창덕궁 달빛기행(상반기),2026-04-16~2026-05-31,창덕궁,126.989710338876,37.5788697347103,,https://culture.seoul.go.kr/cmmn/file/getImage.do?atchFileId=ff2504aca6df4f19a9a1a3f095c02178&thumb=Y,https://culture.seoul.go.kr/culture/culture/cultureEvent/view.do?cultcode=157394&menuNo=200011,
2026-05-12T19:57:06.260559+09:00,동대문 관광특구,동대문 관광특구,POI002,KEY_1,김영준 x 요시다 유니 기획전 Face to face,2026-05-07~2026-06-07,DDP 이간수문전시장,127.00977973484339,37.56735731522952,,https://culture.seoul.go.kr/cmmn/file/getImage.do?atchFileId=2e699755a39b40619ddea53a22e59ef4&thumb=Y,https://culture.seoul.go.kr/culture/culture/cultureEvent/view.do?cultcode=157672&menuNo=200009,
2026-05-12T19:57:06.260559+09:00,동대문 관광특구,동대문 관광특구,POI002,KEY_1,Let Dreams Shine! [베베핀 드림랜드],2026-05-01~2026-05-31,동대문디자인플라자 디자인랩1층 DDP쇼룸,127.00977973484339,37.56735731522952,,https://culture.seoul.go.kr/cmmn/file/getImage.do?atchFileId=b578b0a0e4724a718dff9fbd6ca77cbc&thumb=Y,https://culture.seoul.go.kr/culture/culture/cultureEvent/view.do?cultcode=157641&menuNo=200011,
2026-05-12T19:57:06.260559+09:00,동대문 관광특구,동대문 관광특구,POI002,KEY_1,DDPlay 버스킹 5월 공연 안내,2026-05-01~2026-05-31,DDP 어울림광장， 팔거리,127.00977973484339,37.56735731522952,,https://culture.seoul.go.kr/cmmn/file/getImage.do?atchFileId=06255b5f16c1435a95ddf9214cbe8d86&thumb=Y,https://culture.seoul.go.kr/culture/culture/cultureEvent/view.do?cultcode=157546&menuNo=200008,
2026-05-12T19:57:06.260559+09:00,동대문 관광특구,동대문 관광특구,POI002,KEY_1,[서울디자인재단] 키크니 특별전 : 그렸고 그런 사이,2026-04-25~2026-09-06,뮤지엄 전시1관,127.00977973484339,37.56735731522952,,https://culture.seoul.go.kr/cmmn/file/getImage.do?atchFileId=5b5e3f16b605439ea83b1ecf8d5ce8b8&thumb=Y,https://culture.seoul.go.kr/culture/culture/cultureEvent/view.do?cultcode=157351&menuNo=200009,
2026-05-12T19:57:06.260559+09:00,동대문 관광특구,동대문 관광특구,POI002,KEY_1,[중구문화재단] 뮤지컬 [스윙 데이즈_암호명 A],2026-04-16~2026-07-05,충무아트센터 대극장,127.014790889728,37.5659409687669,,https://culture.seoul.go.kr/cmmn/file/getImage.do?atchFileId=862c9a38b3b146358637293a4f2c8d30&thumb=Y,https://culture.seoul.go.kr/culture/culture/cultureEvent/view.do?cultcode=156673&menuNo=200008,
2026-05-12T19:57:06.260559+09:00,동대문 관광특구,동대문 관광특구,POI002,KEY_1,[서울시립미술관×중구문화재단] 협력전시 [SeMA Collection: 청록미로],2026-04-15~2026-05-17,충무아트센터 갤러리 G1,127.014790889728,37.5659409687669,,https://culture.seoul.go.kr/cmmn/file/getImage.do?atchFileId=cfa4043b588541618a1c45763ada3e23&thumb=Y,https://culture.seoul.go.kr/culture/culture/cultureEvent/view.do?cultcode=157621&menuNo=200009,
2026-05-12T19:57:06.260559+09:00,동대문 관광특구,동대문 관광특구,POI002,KEY_1,이상한 K-뷰티 : 엄마의 서랍장,2026-04-10~2026-06-10,DDP 마켓 B2F 비더비 다운타운,127.00977973484339,37.56735731522952,,https://culture.seoul.go.kr/cmmn/file/getImage.do?atchFileId=e187f20c0b5d4e7ebcbff38d8f60b63e&thumb=Y,https://culture.seoul.go.kr/culture/culture/cultureEvent/view.do?cultcode=157606&menuNo=200009,
2026-05-12T19:57:06.260559+09:00,동대문 관광특구,동대문 관광특구,POI002,KEY_1,[서울디자인재단] DDP 루프탑 투어_2026,2026-03-21~2026-05-31,DDP 뮤지엄 1층(M3 출입문) 투어 데스크 (시작장소),127.00977973484339,37.56735731522952,,https://culture.seoul.go.kr/cmmn/file/getImage.do?atchFileId=973b28af071b405ea7f6eb7ab715abaa&thumb=Y,https://culture.seoul.go.kr/culture/culture/cultureEvent/view.do?cultcode=157428&menuNo=200011,
2026-05-12T19:57:06.260559+09:00,동대문 관광특구,동대문 관광특구,POI002,KEY_1,BtheB 뷰티기획전 [Beauty For All],2026-02-28~2026-06-07,DDP 지하2층 DDP마켓 비더비,127.00977973484339,37.56735731522952,,https://culture.seoul.go.kr/cmmn/file/getImage.do?atchFileId=5209bf1d22f345568a88cce60bbc8688&thumb=Y,https://culture.seoul.go.kr/culture/culture/cultureEvent/view.do?cultcode=156852&menuNo=200009,
2026-05-12T19:57:06.260559+09:00,동대문 관광특구,동대문 관광특구,POI002,KEY_1,[중구문화재단] 뮤지컬 [홍련],2026-02-28~2026-05-17,충무아트센터 중극장 블랙,127.014790889728,37.5659409687669,,https://culture.seoul.go.kr/cmmn/file/getImage.do?atchFileId=e86257233f3b4d50bf436983435399eb&thumb=Y,https://culture.seoul.go.kr/culture/culture/cultureEvent/view.do?cultcode=156539&menuNo=200008,
2026-05-12T19:57:06.260559+09:00,동대문 관광특구,동대문 관광특구,POI002,KEY_1,[DDP] Dream in Light,2026-01-09~2026-12-31,DDP 전면， 유구전시장 앞， 미래로 상부,127.00977973484339,37.56735731522952,,https://culture.seoul.go.kr/cmmn/file/getImage.do?atchFileId=bfa59aa56eed4af8b441d88bad873037&thumb=Y,https://culture.seoul.go.kr/culture/culture/cultureEvent/view.do?cultcode=156491&menuNo=200009,
2026-05-12T19:57:06.260559+09:00,동대문 관광특구,동대문 관광특구,POI002,KEY_1,[서울디자인재단] DDP 건축투어,2026-01-02~2026-12-31,DDP 뮤지엄 1층 투어데스크,127.00977973484339,37.56735731522952,N,https://culture.seoul.go.kr/cmmn/file/getImage.do?atchFileId=47da849abe944ec9b7dedaf1ab283714&thumb=Y,https://culture.seoul.go.kr/culture/culture/cultureEvent/view.do?cultcode=156552&menuNo=200009,
2026-05-12T19:57:06.260559+09:00,명동 관광특구,명동 관광특구,POI003,KEY_2,[서울도서관] 2026년 서울야외도서관 (책읽는 서울광장， 광화문 책마당， 책읽는 맑은 냇가),2026-04-23~2026-11-01,서울광장， 광화문 광장， 청계천 일대,126.97769782752,37.5653338689441,N,https://culture.seoul.go.kr/cmmn/file/getImage.do?atchFileId=57da07b01aed40ad984d40559a42ae61&thumb=Y,https://culture.seoul.go.kr/culture/culture/cultureEvent/view.do?cultcode=156879&menuNo=200010,
2026-05-12T19:57:06.260559+09:00,명동 관광특구,명동 관광특구,POI003,KEY_2,2026 해치마당 미디어월 봄 전시,2026-04-10~2026-06-19,광화문 역 9번출구 진입로 벽면 해치마당 미디어월,126.976787992565,37.5716228232824,,https://culture.seoul.go.kr/cmmn/file/getImage.do?atchFileId=ac862f94f21744ec8092ccc4372c0539&thumb=Y,https://culture.seoul.go.kr/culture/culture/cultureEvent/view.do?cultcode=157787&menuNo=200009,
2026-05-12T19:57:06.260559+09:00,명동 관광특구,명동 관광특구,POI003,KEY_2,[서울시] 2026년 서울청년문화패스 신청자 모집,2025-12-22~2026-12-31,온라인 접수,126.97860700965403,37.56672958991572,,https://culture.seoul.go.kr/cmmn/file/getImage.do?atchFileId=24931799627a43ea9e2b4960b00c9c4f&thumb=Y,https://culture.seoul.go.kr/culture/culture/cultureEvent/view.do?cultcode=156277&menuNo=200013,
2026-05-12T19:57:06.260559+09:00,잠실 관광특구,잠실 관광특구,POI005,KEY_1,[한성백제박물관] 상반기 장애인 단체 대면 교육 [옛날옛날， 빛나는 백제 이야기],2026-05-12~2026-06-30,박물관 로비/교육실,127.12088940368128,37.51543881335773,,https://culture.seoul.go.kr/cmmn/file/getImage.do?atchFileId=58420146f27740e39e6ac91e88d71d70&thumb=Y,https://culture.seoul.go.kr/culture/culture/cultureEvent/view.do?cultcode=157690&menuNo=200011,
2026-05-12T19:57:06.260559+09:00,잠실 관광특구,잠실 관광특구,POI005,KEY_1,[서울백제어린이박물관] 초등 2-3학년 학급 대상 [어린이백제연구소2] 옛날 도구， 오늘날 도구 (도구의변천),2026-05-12~2026-06-10,서울백제어린이박물관(교육실， 전시실),127.124412,37.523991,,https://culture.seoul.go.kr/cmmn/file/getImage.do?atchFileId=85ede03678db4ee5a0adb99f465d78ff&thumb=Y,https://culture.seoul.go.kr/culture/culture/cultureEvent/view.do?cultcode=156836&menuNo=200011,
2026-05-12T19:57:06.260559+09:00,잠실 관광특구,잠실 관광특구,POI005,KEY_1,[한성백제박물관] 2026년 상반기 성인 대상 [서울 고대유적 탐방],2026-04-28~2026-06-11,한성백제박물관， 몽촌토성， 풍납동토성， 석촌동고분군 일대,127.12088940368128,37.51543881335773,,https://culture.seoul.go.kr/cmmn/file/getImage.do?atchFileId=3d89263b5e85481c894204ef7a05d20e&thumb=Y,https://culture.seoul.go.kr/culture/culture/cultureEvent/view.do?cultcode=157084&menuNo=200011,
2026-05-12T19:57:06.260559+09:00,잠실 관광특구,잠실 관광특구,POI005,KEY_1,[소마미술관] 조각이 꿈+틀 [올림픽조각체험프로젝트#02] 상설전,2026-04-17~2026-09-06,소마미술관 2관 상설전시실,127.118166964751,37.516920655117,,https://culture.seoul.go.kr/cmmn/file/getImage.do?atchFileId=c4ac3bd4533342b993b5ccfd5d42086c&thumb=Y,https://culture.seoul.go.kr/culture/culture/cultureEvent/view.do?cultcode=157117&menuNo=200009,
2026-05-12T19:57:06.260559+09:00,잠실 관광특구,잠실 관광특구,POI005,KEY_1,올림픽 조각체험 프로젝트#2 [조각이 꿈+틀],2026-04-17~2026-09-06,소마미술관,127.118166964751,37.516920655117,,https://culture.seoul.go.kr/cmmn/file/getImage.do?atchFileId=6825663978de46c192543240dfbb2185&thumb=Y,https://culture.seoul.go.kr/culture/culture/cultureEvent/view.do?cultcode=157318&menuNo=200009,
2026-05-12T19:57:06.260559+09:00,잠실 관광특구,잠실 관광특구,POI005,KEY_1,[소마미술관] 그림책이 살아있다!,2026-04-17~2026-09-06,소마미술관 2관 기획전시실,127.118166964751,37.516920655117,,https://culture.seoul.go.kr/cmmn/file/getImage.do?atchFileId=cf267080189e4a3eadeeb6c5e8b0ade7&thumb=Y,https://culture.seoul.go.kr/culture/culture/cultureEvent/view.do?cultcode=157116&menuNo=200009,
2026-05-12T19:57:06.260559+09:00,잠실 관광특구,잠실 관광특구,POI005,KEY_1,이승택 개인전 [조각의 바깥에서],2026-04-10~2026-07-26,소마미술관,127.118166964751,37.516920655117,,https://culture.seoul.go.kr/cmmn/file/getImage.do?atchFileId=fa83edf506b643e2bec777cac69729ce&thumb=Y,https://culture.seoul.go.kr/culture/culture/cultureEvent/view.do?cultcode=157317&menuNo=200009,
2026-05-12T19:57:06.260559+09:00,잠실 관광특구,잠실 관광특구,POI005,KEY_1,[한성백제박물관] 2026년 상반기 문화다양성 교육 [백제와 함께하는 이웃나라들],2026-03-31~2026-06-30,대면) 박물관 교육실/ (비대면) 각 학급 교실,127.12088940368128,37.51543881335773,,https://culture.seoul.go.kr/cmmn/file/getImage.do?atchFileId=79379b0c10fc462fb325ecdb455dd3db&thumb=Y,https://culture.seoul.go.kr/culture/culture/cultureEvent/view.do?cultcode=157232&menuNo=200011,
2026-05-12T19:57:06.260559+09:00,잠실 관광특구,잠실 관광특구,POI005,KEY_1,[한성백제박물관] 2026 상반기 초등단체 대면 교육 [서울 쏙! 백제 콕!],2026-03-26~2026-07-03,한성백제박물관 교육실,127.12088940368128,37.51543881335773,,https://culture.seoul.go.kr/cmmn/file/getImage.do?atchFileId=f3b484610b65420297a3ae47001c6120&thumb=Y,https://culture.seoul.go.kr/culture/culture/cultureEvent/view.do?cultcode=156906&menuNo=200011,
2026-05-12T19:57:06.260559+09:00,잠실 관광특구,잠실 관광특구,POI005,KEY_1,[한성백제박물관] 2026 상반기 초등단체 비대면 교육 [서울 쏙! 백제 콕!],2026-03-26~2026-07-03,각 학급 교실(비대면 원격 교육),127.12088940368128,37.51543881335773,,https://culture.seoul.go.kr/cmmn/file/getImage.do?atchFileId=fb761ebe217849eaa4f63b1b0f6ac759&thumb=Y,https://culture.seoul.go.kr/culture/culture/cultureEvent/view.do?cultcode=156907&menuNo=200011,
2026-05-12T19:57:06.260559+09:00,잠실 관광특구,잠실 관광특구,POI005,KEY_1,[한성백제박물관] 초등 4~6학년 단체 대면 교육 [한강삼국지: 삼국의 한강 쟁탈전],2026-03-24~2026-07-01,한성백제박물관 교육실,127.12088940368128,37.51543881335773,,https://culture.seoul.go.kr/cmmn/file/getImage.do?atchFileId=0183d0f0f64d43dea7f2f1f5a5823734&thumb=Y,https://culture.seoul.go.kr/culture/culture/cultureEvent/view.do?cultcode=156755&menuNo=200011,
2026-05-12T19:57:06.260559+09:00,잠실 관광특구,잠실 관광특구,POI005,KEY_1,[한성백제박물관] 초등 4~6학년 학급 비대면 교육 [한강삼국지: 삼국의 한강 쟁탈전],2026-03-24~2026-07-01,신청 학급 교실,127.12088940368128,37.51543881335773,,https://culture.seoul.go.kr/cmmn/file/getImage.do?atchFileId=ee2f38002896461d88e55f36df203dfc&thumb=Y,https://culture.seoul.go.kr/culture/culture/cultureEvent/view.do?cultcode=156754&menuNo=200011,
2026-05-12T19:57:06.260559+09:00,잠실 관광특구,잠실 관광특구,POI005,KEY_1,홍범·김주환 2인전 [틈을 걷다],2026-03-24~2026-05-24,더 갤러리 호수,127.107617545434,37.512296516856,,https://culture.seoul.go.kr/cmmn/file/getImage.do?atchFileId=3e31e677b15e459ca780d07a735a163d&thumb=Y,https://culture.seoul.go.kr/culture/culture/cultureEvent/view.do?cultcode=157251&menuNo=200009,
2026-05-12T19:57:06.260559+09:00,잠실 관광특구,잠실 관광특구,POI005,KEY_1,[서울백제어린이박물관] 유단체 대상 [서울역사생태탐험대1] 봄,2026-03-19~2026-05-21,서울백제어린이박물관(교육실， 전시실)， 야외생태체험장， 전시실 등,127.124412,37.523991,,https://culture.seoul.go.kr/cmmn/file/getImage.do?atchFileId=7504518b70b54ac7b5c8367519f44947&thumb=Y,https://culture.seoul.go.kr/culture/culture/cultureEvent/view.do?cultcode=156747&menuNo=200011,
2026-05-12T19:57:06.260559+09:00,잠실 관광특구,잠실 관광특구,POI005,KEY_1,[한성백제박물관] 2026년 상반기 주말가족교육 [문화유산 보존 연구소],2026-03-14~2026-07-04,한성백제박물관 교육실,127.12088940368128,37.51543881335773,,https://culture.seoul.go.kr/cmmn/file/getImage.do?atchFileId=69fec744c82446619d58e8ce8cb6baab&thumb=Y,https://culture.seoul.go.kr/culture/culture/cultureEvent/view.do?cultcode=156850&menuNo=200011,
2026-05-12T19:57:06.260559+09:00,잠실 관광특구,잠실 관광특구,POI005,KEY_1,[한성백제박물관] 2026년 상반기 주말가족탐방 [몽촌토성 탐방],2026-03-14~2026-05-30,몽촌토성， 박물관 교육실,127.12088940368128,37.51543881335773,,https://culture.seoul.go.kr/cmmn/file/getImage.do?atchFileId=31a20aade65d41b882a74ff2a6424ee7&thumb=Y,https://culture.seoul.go.kr/culture/culture/cultureEvent/view.do?cultcode=156851&menuNo=200011,
2026-05-12T19:57:06.260559+09:00,종로·청계 관광특구,종로·청계 관광특구,POI006,KEY_2,2026 Creative AI : Computer Vision,2026-05-12~2026-06-09,서울 종로구 율곡로 1길 37,126.980303746598,37.5696912777696,,https://culture.seoul.go.kr/cmmn/file/getImage.do?atchFileId=14a3fd01522546f8a240146ca6e846be&thumb=Y,https://culture.seoul.go.kr/culture/culture/cultureEvent/view.do?cultcode=157502&menuNo=200011,
2026-05-12T19:57:06.260559+09:00,종로·청계 관광특구,종로·청계 관광특구,POI006,KEY_2,2026 해치마당 미디어월 봄 전시,2026-04-10~2026-06-19,광화문 역 9번출구 진입로 벽면 해치마당 미디어월,126.976787992565,37.5716228232824,,https://culture.seoul.go.kr/cmmn/file/getImage.do?atchFileId=ac862f94f21744ec8092ccc4372c0539&thumb=Y,https://culture.seoul.go.kr/culture/culture/cultureEvent/view.do?cultcode=157787&menuNo=200009,
2026-05-12T19:57:06.260559+09:00,종로·청계 관광특구,종로·청계 관광특구,POI006,KEY_2,기.기.기(奇.己.氣): 동시대와 시행착오,2026-04-01~2026-05-31,일민미술관,126.977657083792,37.5698677620456,,https://culture.seoul.go.kr/cmmn/file/getImage.do?atchFileId=6e05d79e4d0e4358b3eae2df5081eb13&thumb=Y,https://culture.seoul.go.kr/culture/culture/cultureEvent/view.do?cultcode=157256&menuNo=200009,
2026-05-12T19:57:06.260559+09:00,홍대 관광특구,홍대 관광특구,POI007,KEY_3,[서울생활문화센터 서교] art1st - 소리로 그리는 마음,2026-05-12~2026-07-28,서울생활문화센터 서교(합정역),126.916493990351,37.5508138163956,,https://culture.seoul.go.kr/cmmn/file/getImage.do?atchFileId=e1a661be31c548d7927816115a8ee8cf&thumb=Y,https://culture.seoul.go.kr/culture/culture/cultureEvent/view.do?cultcode=157788&menuNo=200011,
2026-05-12T19:57:06.260559+09:00,홍대 관광특구,홍대 관광특구,POI007,KEY_3,김재연 개인전: 호기,2026-05-12~2026-05-24,크리스프 웨지,126.916412664084,37.5493590071323,,https://culture.seoul.go.kr/cmmn/file/getImage.do?atchFileId=242e40f466f2481fbd48977d6050188c&thumb=Y,https://culture.seoul.go.kr/culture/culture/cultureEvent/view.do?cultcode=157741&menuNo=200009,
2026-05-12T19:57:06.260559+09:00,고척돔,고척돔,POI086,KEY_2,[서울아트책보고] 처음 만나는 미술사 - 이소영 미술 교육인ㆍ미술 에세이스트,2026-05-02~2026-05-16,서울아트책보고 워크숍룸,126.867088741096,37.4982125677913,,https://culture.seoul.go.kr/cmmn/file/getImage.do?atchFileId=f47a521600bd4c239ce177fe47f7d1e8&thumb=Y,https://culture.seoul.go.kr/culture/culture/cultureEvent/view.do?cultcode=157567&menuNo=200011,
2026-05-12T19:57:06.260559+09:00,고척돔,고척돔,POI086,KEY_2,[서울아트책보고] 나와 타인을 알아가는 글쓰기,2026-04-08~2026-05-13,서울아트책보고,126.867088741096,37.4982125677913,N,https://culture.seoul.go.kr/cmmn/file/getImage.do?atchFileId=934cbbeed0e94753b2ddef8f32fddfe6&thumb=Y,https://culture.seoul.go.kr/culture/culture/cultureEvent/view.do?cultcode=156877&menuNo=200011,
2026-05-12T19:57:06.260559+09:00,고척돔,고척돔,POI086,KEY_2,[서울아트책보고] 처음 만나는 세계,2026-03-10~2026-05-31,서울아트책보고 북카페 앤 라운지,126.867088741096,37.4982125677913,,https://culture.seoul.go.kr/cmmn/file/getImage.do?atchFileId=57c7dae9273d4eaeb82db962852b352e&thumb=Y,https://culture.seoul.go.kr/culture/culture/cultureEvent/view.do?cultcode=156892&menuNo=200009,
2026-05-12T19:57:06.260559+09:00,광화문광장,광화문광장,POI088,KEY_1,빛과 어둠의 경계에서,2026-05-02~2026-05-25,세종문화회관 세종S씨어터,126.9760053,37.5726241,,https://culture.seoul.go.kr/cmmn/file/getImage.do?atchFileId=0eeea492c11e4eb7816334e58cfeb6ce&thumb=Y,https://culture.seoul.go.kr/culture/culture/cultureEvent/view.do?cultcode=157335&menuNo=200008,
2026-05-12T19:57:06.260559+09:00,광화문광장,광화문광장,POI088,KEY_1,2026 의정부지 역사유적광장 전통무예행사,2026-04-11~2026-10-31,의정부지 역사유적광장,126.977967142855,37.5748036513699,,https://culture.seoul.go.kr/cmmn/file/getImage.do?atchFileId=628a9bae996a407bbfee67752dd508db&thumb=Y,https://culture.seoul.go.kr/culture/culture/cultureEvent/view.do?cultcode=157327&menuNo=200010,
2026-05-12T19:57:06.260559+09:00,광화문광장,광화문광장,POI088,KEY_1,2026 아뜰리에 광화 봄 전시 [피어나는 빛],2026-04-11~2026-06-19,세종문화회관 외벽 미디어파사드,126.9760053,37.5726241,,https://culture.seoul.go.kr/cmmn/file/getImage.do?atchFileId=196d7f704d5646a2bb4bb40523a8c4aa&thumb=Y,https://culture.seoul.go.kr/culture/culture/cultureEvent/view.do?cultcode=157432&menuNo=200009,
2026-05-12T19:57:06.260559+09:00,광화문광장,광화문광장,POI088,KEY_1,2026 해치마당 미디어월 봄 전시,2026-04-10~2026-06-19,광화문 역 9번출구 진입로 벽면 해치마당 미디어월,126.976787992565,37.5716228232824,,https://culture.seoul.go.kr/cmmn/file/getImage.do?atchFileId=ac862f94f21744ec8092ccc4372c0539&thumb=Y,https://culture.seoul.go.kr/culture/culture/cultureEvent/view.do?cultcode=157787&menuNo=200009,
2026-05-12T19:57:06.260559+09:00,광화문광장,광화문광장,POI088,KEY_1,[경복궁] 2026 생과방(상반기),2026-04-08~2026-05-27,경복궁 생과방,126.976842133821,37.5759040910202,,https://culture.seoul.go.kr/cmmn/file/getImage.do?atchFileId=4864144c5a084ea4a1228924afe585e6&thumb=Y,https://culture.seoul.go.kr/culture/culture/cultureEvent/view.do?cultcode=157368&menuNo=200011,
2026-05-12T19:57:06.260559+09:00,광화문광장,광화문광장,POI088,KEY_1,2026년 집옥재(팔우정 포함) 작은 도서관 개방,2026-04-01~2026-10-31,경복궁 집옥재·팔우정,126.976842133821,37.5759040910202,,https://culture.seoul.go.kr/cmmn/file/getImage.do?atchFileId=d70525e916b548cda13443c9e10190f3&thumb=Y,https://culture.seoul.go.kr/culture/culture/cultureEvent/view.do?cultcode=157383&menuNo=200011,
2026-05-12T19:57:06.260559+09:00,광화문광장,광화문광장,POI088,KEY_1,2026년 경복궁 [경회루·향원정] 특별관람,2026-04-01~2026-10-30,경복궁 경회루·향원정,126.976842133821,37.5759040910202,,https://culture.seoul.go.kr/cmmn/file/getImage.do?atchFileId=37630da9c19349fbac8494e92e5c64d8&thumb=Y,https://culture.seoul.go.kr/culture/culture/cultureEvent/view.do?cultcode=157389&menuNo=200011,
2026-05-12T19:57:06.260559+09:00,광화문광장,광화문광장,POI088,KEY_1,[세종문화회관] 세종예술아카데미 [정승빈 작가] 스테들러와 함께하는 여행드로잉 클래스,2026-03-31~2026-09-15,세종예술아카데미 스퀘어홀,126.9760053,37.5726241,,https://culture.seoul.go.kr/cmmn/file/getImage.do?atchFileId=a0247bcdf4484818baaca748c977391f&thumb=Y,https://culture.seoul.go.kr/culture/culture/cultureEvent/view.do?cultcode=157026&menuNo=200011,
2026-05-12T19:57:06.260559+09:00,광화문광장,광화문광장,POI088,KEY_1,[세종문화회관] 세종예술아카데미 [박인홍 작가] 스테들러와 함께하는 여행드로잉 클래스,2026-03-31~2026-08-31,세종예술아카데미 스퀘어홀,126.9760053,37.5726241,,https://culture.seoul.go.kr/cmmn/file/getImage.do?atchFileId=c9b88469d8f0468e960f00b0e5b0785d&thumb=Y,https://culture.seoul.go.kr/culture/culture/cultureEvent/view.do?cultcode=157025&menuNo=200011,
2026-05-12T19:57:06.260559+09:00,광화문광장,광화문광장,POI088,KEY_1,[세종문화회관] 세종예술아카데미 [그레이스 발레 (성인 취미 발레)],2026-03-30~2026-06-29,세종문화회관 예술동 4층 종합연습실,126.9760053,37.5726241,,https://culture.seoul.go.kr/cmmn/file/getImage.do?atchFileId=8b685870654e4cd78bf509ea783f7748&thumb=Y,https://culture.seoul.go.kr/culture/culture/cultureEvent/view.do?cultcode=156885&menuNo=200011,.
2026-05-12T19:57:06.260559+09:00,광화문광장,광화문광장,POI088,KEY_1,[세종문화회관] 세종예술아카데미 [정연석 작가] 스테들러와 함께하는 여행드로잉 클래스,2026-03-28~2026-09-05,세종예술아카데미 스퀘어홀,126.9760053,37.5726241,,https://culture.seoul.go.kr/cmmn/file/getImage.do?atchFileId=df2237ca7f754d009407bc3321cae86f&thumb=Y,https://culture.seoul.go.kr/culture/culture/cultureEvent/view.do?cultcode=157028&menuNo=200011,
2026-05-12T19:57:06.260559+09:00,광화문광장,광화문광장,POI088,KEY_1,[세종문화회관] 세종예술아카데미 [이승익 작가] 스테들러와 함께하는 여행드로잉 클래스,2026-03-28~2026-08-29,세종예술아카데미 스퀘어홀,126.9760053,37.5726241,,https://culture.seoul.go.kr/cmmn/file/getImage.do?atchFileId=09ebfb8dbbcf453e86aadfe529b90ff8&thumb=Y,https://culture.seoul.go.kr/culture/culture/cultureEvent/view.do?cultcode=157027&menuNo=200011,
2026-05-12T19:57:06.260559+09:00,광화문광장,광화문광장,POI088,KEY_1,[세종문화회관] 2026 상반기 세종 어린이 발레 아카데미,2026-03-28~2026-06-27,세종문화회관 예술동 4층 종합연습실,126.9760053,37.5726241,,https://culture.seoul.go.kr/cmmn/file/getImage.do?atchFileId=b47ad1471d3d428a9482934f7b03787f&thumb=Y,https://culture.seoul.go.kr/culture/culture/cultureEvent/view.do?cultcode=157104&menuNo=200011,
2026-05-12T19:57:06.260559+09:00,광화문광장,광화문광장,POI088,KEY_1,[세종문화회관] 세종예술아카데미 [이야기가 있는 클래식],2026-03-19~2026-05-28,세종문화회관 서클홀,126.9760053,37.5726241,,https://culture.seoul.go.kr/cmmn/file/getImage.do?atchFileId=0373af8e16694df8b923159a02ec0a2a&thumb=Y,https://culture.seoul.go.kr/culture/culture/cultureEvent/view.do?cultcode=156883&menuNo=200011,.
2026-05-12T19:57:06.260559+09:00,광화문광장,광화문광장,POI088,KEY_1,[세종문화회관] 세종예술아카데미 [미술사가 이 현의 전시와 함께보는 서양 미술사 - 바로크와 로코코],2026-03-19~2026-05-21,세종문화회관 서클홀,126.9760053,37.5726241,,https://culture.seoul.go.kr/cmmn/file/getImage.do?atchFileId=377ac3cd61d6416baa3b3f43a826b900&thumb=Y,https://culture.seoul.go.kr/culture/culture/cultureEvent/view.do?cultcode=156881&menuNo=200011,.
2026-05-12T19:57:06.260559+09:00,광화문광장,광화문광장,POI088,KEY_1,[세종문화회관] 세종예술아카데미 [클래식브런치],2026-03-18~2026-05-20,세종문화회관 서클홀,126.9760053,37.5726241,,https://culture.seoul.go.kr/cmmn/file/getImage.do?atchFileId=43b7fd7ecf2b44d1b7ba2ec25e6cc7a7&thumb=Y,https://culture.seoul.go.kr/culture/culture/cultureEvent/view.do?cultcode=156880&menuNo=200011,.
2026-05-12T19:57:06.260559+09:00,광화문광장,광화문광장,POI088,KEY_1,[세종문화회관] 세종예술아카데미 [히든보이스],2026-03-17~2026-06-30,세종문화회관 서클홀,126.9760053,37.5726241,,https://culture.seoul.go.kr/cmmn/file/getImage.do?atchFileId=96b505aa681348d48b661d248108f577&thumb=Y,https://culture.seoul.go.kr/culture/culture/cultureEvent/view.do?cultcode=156809&menuNo=200011,.
2026-05-12T19:57:06.260559+09:00,광화문광장,광화문광장,POI088,KEY_1,[세종문화회관] 세종예술아카데미 [2026 상반기 스포츠 in 아트스테이션],2026-03-16~2026-06-26,세종문화회관 오픈스테이지의 탁 트인 마루형 공간,126.9760053,37.5726241,,https://culture.seoul.go.kr/cmmn/file/getImage.do?atchFileId=16cb755c035e4ddc86c7cfbfa3654ca5&thumb=Y,https://culture.seoul.go.kr/culture/culture/cultureEvent/view.do?cultcode=157023&menuNo=200011,
2026-05-12T19:57:06.260559+09:00,광화문광장,광화문광장,POI088,KEY_1,[국가유산청 궁능유적본부] 수문장 순라의식,2026-03-01~2026-11-29,(토요일)경복궁 내부 (일요일， 공휴일)인사동 문화의 거리,126.976842133821,37.5759040910202,,https://culture.seoul.go.kr/cmmn/file/getImage.do?atchFileId=923de3d9169e463b9c8098a8e132be38&thumb=Y,https://culture.seoul.go.kr/culture/culture/cultureEvent/view.do?cultcode=156996&menuNo=200013,
2026-05-12T19:57:06.260559+09:00,국립중앙박물관·용산가족공원,국립중앙박물관·용산가족공원,POI089,KEY_2,[국립중앙박물관] 이슬람 미술， 찬란한 빛의 여정,2025-11-22~2026-10-11,국립중앙박물관 상설전시관 이슬람실,126.98020301648833,37.52385582212769,,https://culture.seoul.go.kr/cmmn/file/getImage.do?atchFileId=69db1f87ea6447c6a1fe901e146ce2e1&thumb=Y,https://culture.seoul.go.kr/culture/culture/cultureEvent/view.do?cultcode=156371&menuNo=200009,
2026-05-12T19:57:06.260559+09:00,국립중앙박물관·용산가족공원,국립중앙박물관·용산가족공원,POI089,KEY_2,[국립중앙박물관] 보존과학， 새로운 시작 함께하는 미래,2025-10-28~2026-06-30,국립중앙박물관 보존과학센터 1층,126.98020301648833,37.52385582212769,,https://culture.seoul.go.kr/cmmn/file/getImage.do?atchFileId=649b5716289a4bf2a97dcc27a7962d0c&thumb=Y,https://culture.seoul.go.kr/culture/culture/cultureEvent/view.do?cultcode=156376&menuNo=200009,
2026-05-12T19:57:06.260559+09:00,국립중앙박물관·용산가족공원,국립중앙박물관·용산가족공원,POI089,KEY_2,[국립중앙박물관] 각角진 백자 이야기,2025-08-26~2026-06-21,국립중앙박물관 상설전시관 3층,126.98020301648833,37.52385582212769,,https://culture.seoul.go.kr/cmmn/file/getImage.do?atchFileId=e522fa75398e4832b8862dd5a66863a7&thumb=Y,https://culture.seoul.go.kr/culture/culture/cultureEvent/view.do?cultcode=156377&menuNo=200009,
2026-05-12T19:57:06.260559+09:00,남산공원,남산공원,POI091,KEY_1,2026 서울시 태권도 공연,2026-05-09~2026-10-18,남산골한옥마을， DDP(동대문디자인플라자) 등,126.994440072131,37.559304933707146,,https://culture.seoul.go.kr/cmmn/file/getImage.do?atchFileId=292cefda02074a1bba028aea65b48755&thumb=Y,https://culture.seoul.go.kr/culture/culture/cultureEvent/view.do?cultcode=157783&menuNo=200013,
2026-05-12T19:57:06.260559+09:00,남산공원,남산공원,POI091,KEY_1,[남산골한옥마을] 2026 남산골 전통체험 [예술가의 시간],2026-04-03~2026-10-25,남산골한옥마을 전통가옥 프로그램별 상이,126.994440072131,37.559304933707146,,https://culture.seoul.go.kr/cmmn/file/getImage.do?atchFileId=65cd91f8db7b435e96bed67b434bcb84&thumb=Y,https://culture.seoul.go.kr/culture/culture/cultureEvent/view.do?cultcode=157090&menuNo=200011,
2026-05-12T19:57:06.260559+09:00,남산공원,남산공원,POI091,KEY_1,[남산골한옥마을] 남산골 전통혼례,2026-03-28~2026-11-15,관훈동 민씨가옥 안채 마당 (야외 혼례),126.994440072131,37.559304933707146,,https://culture.seoul.go.kr/cmmn/file/getImage.do?atchFileId=33830aa756d2463ab6ae27c45a425b0e&thumb=Y,https://culture.seoul.go.kr/culture/culture/cultureEvent/view.do?cultcode=156333&menuNo=200010,
2026-05-12T19:57:06.260559+09:00,남산공원,남산공원,POI091,KEY_1,2026 국립극장 어린이 예술학교 유아반 (1학기),2026-03-14~2026-05-23,국립극장 뜰아래연습장 B2 다목적교육실,126.999267349473,37.5519949082942,,https://culture.seoul.go.kr/cmmn/file/getImage.do?atchFileId=4d36afd4ac204d67bade0bd7b035e70a&thumb=Y,https://culture.seoul.go.kr/culture/culture/cultureEvent/view.do?cultcode=156884&menuNo=200011,
2026-05-12T19:57:06.260559+09:00,노들섬,노들섬,POI092,KEY_2,2026 서울거리공연 구석구석라이브,2026-05-01~2026-12-31,공연별 상이,126.958036465507,37.5176638307111,,https://culture.seoul.go.kr/cmmn/file/getImage.do?atchFileId=edccc8857cfe4ac1886089adadae554e&thumb=Y,https://culture.seoul.go.kr/culture/culture/cultureEvent/view.do?cultcode=157655&menuNo=200008,
2026-05-12T19:57:06.260559+09:00,노들섬,노들섬,POI092,KEY_2,[서울문화재단] 2026 신당창작아케이드 [어쩌다 마주친 공예 in 노들섬],2026-03-27~2026-12-31,노들섬 노들서가 내 아트스페이스 엣지 1층 (서울특별시 용산구 양녕로 445),126.958036465507,37.5176638307111,,https://culture.seoul.go.kr/cmmn/file/getImage.do?atchFileId=a8c296336d0f4398b55de07ad93424af&thumb=Y,https://culture.seoul.go.kr/culture/culture/cultureEvent/view.do?cultcode=157363&menuNo=200009,
2026-05-12T19:57:06.260559+09:00,서울숲공원,서울숲공원,POI101,KEY_2,2026 서울국제정원박람회,2026-05-01~2026-10-27,서울숲 일대,127.041799099222,37.5430701468405,,https://culture.seoul.go.kr/cmmn/file/getImage.do?atchFileId=94950c28bee44177bf2bff226fec0dc4&thumb=Y,https://culture.seoul.go.kr/culture/culture/cultureEvent/view.do?cultcode=156916&menuNo=200010,
2026-05-12T19:57:06.260559+09:00,서울숲공원,서울숲공원,POI101,KEY_2,2026 서로장터,2026-04-26~2026-11-01,서울광장， 서울숲， 양재시민의 숲， 잠수교,127.041799099222,37.5430701468405,N,https://culture.seoul.go.kr/cmmn/file/getImage.do?atchFileId=b5b274e789f84a8da67e6c2ec3815326&thumb=Y,https://culture.seoul.go.kr/culture/culture/cultureEvent/view.do?cultcode=157478&menuNo=200010,
2026-05-12T19:57:06.260559+09:00,송현녹지광장,송현녹지광장,POI129,KEY_3,[서울공예박물관] 색유만개 : 권순형 기증특별전시,2026-05-12~2026-08-02,서울공예박물관 전시1동  1층 로비， 안내동 일부,126.983533363501,37.5766481740232,,https://culture.seoul.go.kr/cmmn/file/getImage.do?atchFileId=36124f9be563428e8d2635a4078fd319&thumb=Y,https://culture.seoul.go.kr/culture/culture/cultureEvent/view.do?cultcode=157607&menuNo=200009,
2026-05-12T19:57:06.260559+09:00,송현녹지광장,송현녹지광장,POI129,KEY_3,[서울공예박물관] 공예협력전시 [안동별궁， 시간의 겹],2026-04-28~2027-08-29,서울공예박물관 전시1동 3층 기획전시실,126.983533363501,37.5766481740232,N,https://culture.seoul.go.kr/cmmn/file/getImage.do?atchFileId=a1622fcb6e024123ac90f40cdc8e32fd&thumb=Y,https://culture.seoul.go.kr/culture/culture/cultureEvent/view.do?cultcode=157420&menuNo=200009,
2026-05-12T19:57:06.260559+09:00,송현녹지광장,송현녹지광장,POI129,KEY_3,[서울공예박물관] 한불수교 140주년 기념전시 [더 하이브리드],2026-04-28~2026-07-26,서울공예박물관 전시1동 3층 기획전시실,126.983533363501,37.5766481740232,N,https://culture.seoul.go.kr/cmmn/file/getImage.do?atchFileId=aaaf677cdfac468db6f5c9e13fd397ad&thumb=Y,https://culture.seoul.go.kr/culture/culture/cultureEvent/view.do?cultcode=157211&menuNo=200009,
2026-05-12T19:57:06.260559+09:00,송현녹지광장,송현녹지광장,POI129,KEY_3,[서울공예박물관] 공예동행@쇼윈도 #2. 빛의 흐름 The Flow of Light,2026-04-08~2026-05-31,전시3동 1층 쇼윈도 갤러리,126.983533363501,37.5766481740232,,https://culture.seoul.go.kr/cmmn/file/getImage.do?atchFileId=d813307c6065486caf69b2ad498a0e61&thumb=Y,https://culture.seoul.go.kr/culture/culture/cultureEvent/view.do?cultcode=157354&menuNo=200009,
2026-05-12T19:57:06.260559+09:00,송현녹지광장,송현녹지광장,POI129,KEY_3,스펙트로신테시스 서울 Spectrosynthesis Seoul,2026-03-20~2026-06-28,아트선재센터,126.981839239613,37.5794635323506,,https://culture.seoul.go.kr/cmmn/file/getImage.do?atchFileId=1bbb87d0d71243b996db22604e96a261&thumb=Y,https://culture.seoul.go.kr/culture/culture/cultureEvent/view.do?cultcode=157262&menuNo=200009,
2026-05-12T19:57:06.260559+09:00,어린이대공원,어린이대공원,POI104,KEY_1,[서울상상나라] To. 외계인,2026-05-09~2026-07-19,서울상상나라 B1 창의놀이실,127.077569,37.55055,,https://culture.seoul.go.kr/cmmn/file/getImage.do?atchFileId=240d6c4f932d44c099f463537898e10d&thumb=Y,https://culture.seoul.go.kr/culture/culture/cultureEvent/view.do?cultcode=157797&menuNo=200011,
2026-05-12T19:57:06.260559+09:00,어린이대공원,어린이대공원,POI104,KEY_1,[서울상상나라] 에너지 위기! 대체에너지 탐험,2026-05-09~2026-07-19,서울상상나라 B1 표현놀이실,127.077569,37.55055,,https://culture.seoul.go.kr/cmmn/file/getImage.do?atchFileId=582b93fb96294ba4b10535197ad0b6e4&thumb=Y,https://culture.seoul.go.kr/culture/culture/cultureEvent/view.do?cultcode=157798&menuNo=200011,
2026-05-12T19:57:06.260559+09:00,어린이대공원,어린이대공원,POI104,KEY_1,[서울상상나라] 우리 가족 얼굴 피자,2026-05-09~2026-05-31,서울상상나라 B1 요리놀이실,127.077569,37.55055,,https://culture.seoul.go.kr/cmmn/file/getImage.do?atchFileId=911928e567334b468469a48c46b21df2&thumb=Y,https://culture.seoul.go.kr/culture/culture/cultureEvent/view.do?cultcode=157800&menuNo=200011,
2026-05-12T19:57:06.260559+09:00,어린이대공원,어린이대공원,POI104,KEY_1,[서울상상나라] 연두빛 타르트,2026-05-09~2026-05-31,서울상상나라 B1 요리놀이실,127.077569,37.55055,,https://culture.seoul.go.kr/cmmn/file/getImage.do?atchFileId=8294893045ec4d9db9f6d5e2b49c908e&thumb=Y,https://culture.seoul.go.kr/culture/culture/cultureEvent/view.do?cultcode=157799&menuNo=200011,
2026-05-12T19:57:06.260559+09:00,어린이대공원,어린이대공원,POI104,KEY_1,[서울상상나라] 놀이의 가능성: 보다,2026-04-28~2026-10-31,서울상상나라 1층 로비,127.077569,37.55055,,https://culture.seoul.go.kr/cmmn/file/getImage.do?atchFileId=33e106ada63a4554889b2194d3b76aa7&thumb=Y,https://culture.seoul.go.kr/culture/culture/cultureEvent/view.do?cultcode=157801&menuNo=200009,
2026-05-12T19:57:06.260559+09:00,어린이대공원,어린이대공원,POI104,KEY_1,[서울상상나라] 2F 기획전시 [사랑하는 모양이야],2025-11-15~2026-11-15,2층 서울형 키즈카페 시립 서울상상나라점,127.077569,37.55055,,https://culture.seoul.go.kr/cmmn/file/getImage.do?atchFileId=49257064be8745158d56780a881325da&thumb=Y,https://culture.seoul.go.kr/culture/culture/cultureEvent/view.do?cultcode=156165&menuNo=200009,
2026-05-12T19:57:06.260559+09:00,어린이대공원,어린이대공원,POI104,KEY_1,[서울상상나라] 통-하다,2025-11-11~2026-11-11,서울상상나라 1층 상설전시실,127.077569,37.55055,,https://culture.seoul.go.kr/cmmn/file/getImage.do?atchFileId=43c7d50c4bcf488982db4ed5e5d6a2a9&thumb=Y,https://culture.seoul.go.kr/culture/culture/cultureEvent/view.do?cultcode=155891&menuNo=200009,
2026-05-12T19:57:06.260559+09:00,어린이대공원,어린이대공원,POI104,KEY_1,[서울상상나라] 그림책 작업실:엉뚱하고 기발한,2025-07-15~2026-07-15,서울상상나라 지하 1층 기획전시실,127.077569,37.55055,,https://culture.seoul.go.kr/cmmn/file/getImage.do?atchFileId=96afe0108a624e499e8ba01e7cb308c1&thumb=Y,https://culture.seoul.go.kr/culture/culture/cultureEvent/view.do?cultcode=154150&menuNo=200009,
2026-05-12T19:57:06.260559+09:00,올림픽공원,올림픽공원,POI127,KEY_1,[한성백제박물관] 상반기 장애인 단체 대면 교육 [옛날옛날， 빛나는 백제 이야기],2026-05-12~2026-06-30,박물관 로비/교육실,127.12088940368128,37.51543881335773,,https://culture.seoul.go.kr/cmmn/file/getImage.do?atchFileId=58420146f27740e39e6ac91e88d71d70&thumb=Y,https://culture.seoul.go.kr/culture/culture/cultureEvent/view.do?cultcode=157690&menuNo=200011,
2026-05-12T19:57:06.260559+09:00,올림픽공원,올림픽공원,POI127,KEY_1,[서울백제어린이박물관] 초등 2-3학년 학급 대상 [어린이백제연구소2] 옛날 도구， 오늘날 도구 (도구의변천),2026-05-12~2026-06-10,서울백제어린이박물관(교육실， 전시실),127.124412,37.523991,,https://culture.seoul.go.kr/cmmn/file/getImage.do?atchFileId=85ede03678db4ee5a0adb99f465d78ff&thumb=Y,https://culture.seoul.go.kr/culture/culture/cultureEvent/view.do?cultcode=156836&menuNo=200011,
2026-05-12T19:57:06.260559+09:00,올림픽공원,올림픽공원,POI127,KEY_1,[한성백제박물관] 2026년 상반기 성인 대상 [서울 고대유적 탐방],2026-04-28~2026-06-11,한성백제박물관， 몽촌토성， 풍납동토성， 석촌동고분군 일대,127.12088940368128,37.51543881335773,,https://culture.seoul.go.kr/cmmn/file/getImage.do?atchFileId=3d89263b5e85481c894204ef7a05d20e&thumb=Y,https://culture.seoul.go.kr/culture/culture/cultureEvent/view.do?cultcode=157084&menuNo=200011,
2026-05-12T19:57:06.260559+09:00,올림픽공원,올림픽공원,POI127,KEY_1,[소마미술관] 조각이 꿈+틀 [올림픽조각체험프로젝트#02] 상설전,2026-04-17~2026-09-06,소마미술관 2관 상설전시실,127.118166964751,37.516920655117,,https://culture.seoul.go.kr/cmmn/file/getImage.do?atchFileId=c4ac3bd4533342b993b5ccfd5d42086c&thumb=Y,https://culture.seoul.go.kr/culture/culture/cultureEvent/view.do?cultcode=157117&menuNo=200009,
2026-05-12T19:57:06.260559+09:00,올림픽공원,올림픽공원,POI127,KEY_1,올림픽 조각체험 프로젝트#2 [조각이 꿈+틀],2026-04-17~2026-09-06,소마미술관,127.118166964751,37.516920655117,,https://culture.seoul.go.kr/cmmn/file/getImage.do?atchFileId=6825663978de46c192543240dfbb2185&thumb=Y,https://culture.seoul.go.kr/culture/culture/cultureEvent/view.do?cultcode=157318&menuNo=200009,
2026-05-12T19:57:06.260559+09:00,올림픽공원,올림픽공원,POI127,KEY_1,[소마미술관] 그림책이 살아있다!,2026-04-17~2026-09-06,소마미술관 2관 기획전시실,127.118166964751,37.516920655117,,https://culture.seoul.go.kr/cmmn/file/getImage.do?atchFileId=cf267080189e4a3eadeeb6c5e8b0ade7&thumb=Y,https://culture.seoul.go.kr/culture/culture/cultureEvent/view.do?cultcode=157116&menuNo=200009,
2026-05-12T19:57:06.260559+09:00,올림픽공원,올림픽공원,POI127,KEY_1,이승택 개인전 [조각의 바깥에서],2026-04-10~2026-07-26,소마미술관,127.118166964751,37.516920655117,,https://culture.seoul.go.kr/cmmn/file/getImage.do?atchFileId=fa83edf506b643e2bec777cac69729ce&thumb=Y,https://culture.seoul.go.kr/culture/culture/cultureEvent/view.do?cultcode=157317&menuNo=200009,
2026-05-12T19:57:06.260559+09:00,올림픽공원,올림픽공원,POI127,KEY_1,[한성백제박물관] 2026년 상반기 문화다양성 교육 [백제와 함께하는 이웃나라들],2026-03-31~2026-06-30,대면) 박물관 교육실/ (비대면) 각 학급 교실,127.12088940368128,37.51543881335773,,https://culture.seoul.go.kr/cmmn/file/getImage.do?atchFileId=79379b0c10fc462fb325ecdb455dd3db&thumb=Y,https://culture.seoul.go.kr/culture/culture/cultureEvent/view.do?cultcode=157232&menuNo=200011,
2026-05-12T19:57:06.260559+09:00,올림픽공원,올림픽공원,POI127,KEY_1,[한성백제박물관] 2026 상반기 초등단체 대면 교육 [서울 쏙! 백제 콕!],2026-03-26~2026-07-03,한성백제박물관 교육실,127.12088940368128,37.51543881335773,,https://culture.seoul.go.kr/cmmn/file/getImage.do?atchFileId=f3b484610b65420297a3ae47001c6120&thumb=Y,https://culture.seoul.go.kr/culture/culture/cultureEvent/view.do?cultcode=156906&menuNo=200011,
2026-05-12T19:57:06.260559+09:00,올림픽공원,올림픽공원,POI127,KEY_1,[한성백제박물관] 2026 상반기 초등단체 비대면 교육 [서울 쏙! 백제 콕!],2026-03-26~2026-07-03,각 학급 교실(비대면 원격 교육),127.12088940368128,37.51543881335773,,https://culture.seoul.go.kr/cmmn/file/getImage.do?atchFileId=fb761ebe217849eaa4f63b1b0f6ac759&thumb=Y,https://culture.seoul.go.kr/culture/culture/cultureEvent/view.do?cultcode=156907&menuNo=200011,
2026-05-12T19:57:06.260559+09:00,올림픽공원,올림픽공원,POI127,KEY_1,[한성백제박물관] 초등 4~6학년 단체 대면 교육 [한강삼국지: 삼국의 한강 쟁탈전],2026-03-24~2026-07-01,한성백제박물관 교육실,127.12088940368128,37.51543881335773,,https://culture.seoul.go.kr/cmmn/file/getImage.do?atchFileId=0183d0f0f64d43dea7f2f1f5a5823734&thumb=Y,https://culture.seoul.go.kr/culture/culture/cultureEvent/view.do?cultcode=156755&menuNo=200011,
2026-05-12T19:57:06.260559+09:00,올림픽공원,올림픽공원,POI127,KEY_1,[한성백제박물관] 초등 4~6학년 학급 비대면 교육 [한강삼국지: 삼국의 한강 쟁탈전],2026-03-24~2026-07-01,신청 학급 교실,127.12088940368128,37.51543881335773,,https://culture.seoul.go.kr/cmmn/file/getImage.do?atchFileId=ee2f38002896461d88e55f36df203dfc&thumb=Y,https://culture.seoul.go.kr/culture/culture/cultureEvent/view.do?cultcode=156754&menuNo=200011,
2026-05-12T19:57:06.260559+09:00,올림픽공원,올림픽공원,POI127,KEY_1,[서울백제어린이박물관] 유단체 대상 [서울역사생태탐험대1] 봄,2026-03-19~2026-05-21,서울백제어린이박물관(교육실， 전시실)， 야외생태체험장， 전시실 등,127.124412,37.523991,,https://culture.seoul.go.kr/cmmn/file/getImage.do?atchFileId=7504518b70b54ac7b5c8367519f44947&thumb=Y,https://culture.seoul.go.kr/culture/culture/cultureEvent/view.do?cultcode=156747&menuNo=200011,
2026-05-12T19:57:06.260559+09:00,올림픽공원,올림픽공원,POI127,KEY_1,[한성백제박물관] 2026년 상반기 주말가족교육 [문화유산 보존 연구소],2026-03-14~2026-07-04,한성백제박물관 교육실,127.12088940368128,37.51543881335773,,https://culture.seoul.go.kr/cmmn/file/getImage.do?atchFileId=69fec744c82446619d58e8ce8cb6baab&thumb=Y,https://culture.seoul.go.kr/culture/culture/cultureEvent/view.do?cultcode=156850&menuNo=200011,
2026-05-12T19:57:06.260559+09:00,올림픽공원,올림픽공원,POI127,KEY_1,[한성백제박물관] 2026년 상반기 주말가족탐방 [몽촌토성 탐방],2026-03-14~2026-05-30,몽촌토성， 박물관 교육실,127.12088940368128,37.51543881335773,,https://culture.seoul.go.kr/cmmn/file/getImage.do?atchFileId=31a20aade65d41b882a74ff2a6424ee7&thumb=Y,https://culture.seoul.go.kr/culture/culture/cultureEvent/view.do?cultcode=156851&menuNo=200011,
2026-05-12T19:57:06.260559+09:00,북촌한옥마을,북촌한옥마을,POI066,KEY_3,[서울공예박물관] 색유만개 : 권순형 기증특별전시,2026-05-12~2026-08-02,서울공예박물관 전시1동  1층 로비， 안내동 일부,126.983533363501,37.5766481740232,,https://culture.seoul.go.kr/cmmn/file/getImage.do?atchFileId=36124f9be563428e8d2635a4078fd319&thumb=Y,https://culture.seoul.go.kr/culture/culture/cultureEvent/view.do?cultcode=157607&menuNo=200009,
2026-05-12T19:57:06.260559+09:00,북촌한옥마을,북촌한옥마을,POI066,KEY_3,[갤러리지우헌] 허상욱 개인전: 분청 마음,2026-05-06~2026-06-03,갤러리 지우헌,126.982999426985,37.5833833879584,,https://culture.seoul.go.kr/cmmn/file/getImage.do?atchFileId=cbdadfe6623e471d8e41a958828bab71&thumb=Y,https://culture.seoul.go.kr/culture/culture/cultureEvent/view.do?cultcode=157715&menuNo=200009,전시 오프닝은 5월 6일 오후 4시에 진행되며， 작가가 직접 작품을 소개하는 자리가 마련될 예정이다. 행사에는 100년 전통 ㈜지평주조의 ‘지평탁주’가 함께 제공됩니다.
2026-05-12T19:57:06.260559+09:00,북촌한옥마을,북촌한옥마을,POI066,KEY_3,[서울공예박물관] 공예협력전시 [안동별궁， 시간의 겹],2026-04-28~2027-08-29,서울공예박물관 전시1동 3층 기획전시실,126.983533363501,37.5766481740232,N,https://culture.seoul.go.kr/cmmn/file/getImage.do?atchFileId=a1622fcb6e024123ac90f40cdc8e32fd&thumb=Y,https://culture.seoul.go.kr/culture/culture/cultureEvent/view.do?cultcode=157420&menuNo=200009,
2026-05-12T19:57:06.260559+09:00,북촌한옥마을,북촌한옥마을,POI066,KEY_3,[서울공예박물관] 한불수교 140주년 기념전시 [더 하이브리드],2026-04-28~2026-07-26,서울공예박물관 전시1동 3층 기획전시실,126.983533363501,37.5766481740232,N,https://culture.seoul.go.kr/cmmn/file/getImage.do?atchFileId=aaaf677cdfac468db6f5c9e13fd397ad&thumb=Y,https://culture.seoul.go.kr/culture/culture/cultureEvent/view.do?cultcode=157211&menuNo=200009,
2026-05-12T19:57:06.260559+09:00,북촌한옥마을,북촌한옥마을,POI066,KEY_3,[서울공예박물관] 공예동행@쇼윈도 #2. 빛의 흐름 The Flow of Light,2026-04-08~2026-05-31,전시3동 1층 쇼윈도 갤러리,126.983533363501,37.5766481740232,,https://culture.seoul.go.kr/cmmn/file/getImage.do?atchFileId=d813307c6065486caf69b2ad498a0e61&thumb=Y,https://culture.seoul.go.kr/culture/culture/cultureEvent/view.do?cultcode=157354&menuNo=200009,
2026-05-12T19:57:06.260559+09:00,북촌한옥마을,북촌한옥마을,POI066,KEY_3,스펙트로신테시스 서울 Spectrosynthesis Seoul,2026-03-20~2026-06-28,아트선재센터,126.981839239613,37.5794635323506,,https://culture.seoul.go.kr/cmmn/file/getImage.do?atchFileId=1bbb87d0d71243b996db22604e96a261&thumb=Y,https://culture.seoul.go.kr/culture/culture/cultureEvent/view.do?cultcode=157262&menuNo=200009,
2026-05-12T19:57:06.260559+09:00,서촌,서촌,POI067,KEY_1,[서울생활문화센터 체부] 체부작업展 [선 위에 머무는 마음],2026-04-28~2026-06-30,윈도우 갤러리， 금오재 마실,126.97148941423,37.5767084987432,,https://culture.seoul.go.kr/cmmn/file/getImage.do?atchFileId=b51cfd4f38d64d21be656e622812b5cb&thumb=Y,https://culture.seoul.go.kr/culture/culture/cultureEvent/view.do?cultcode=157790&menuNo=200009,
2026-05-12T19:57:06.260559+09:00,서촌,서촌,POI067,KEY_1,[종로문화재단] 금빛으로 지은 옷을 여미다,2025-12-16~2026-06-26,배화여자대학교 도서관 1층 전통문화전시실,126.967291871532,37.5795440101952,,https://culture.seoul.go.kr/cmmn/file/getImage.do?atchFileId=dc73759daf4e460fb1b9184a298f8c43&thumb=Y,https://culture.seoul.go.kr/culture/culture/cultureEvent/view.do?cultcode=156309&menuNo=200009,
2026-05-12T19:57:06.260559+09:00,서촌,서촌,POI067,KEY_1,[종로문화재단] 박노수미술관 개관12주년 기념전시 [산수·격물],2025-09-19~2026-12-06,종로구립 박노수미술관,126.966818545949,37.5813191962491,,https://culture.seoul.go.kr/cmmn/file/getImage.do?atchFileId=b3d1bbb9284b4b97bda71e967e5bb5a9&thumb=Y,https://culture.seoul.go.kr/culture/culture/cultureEvent/view.do?cultcode=155699&menuNo=200009,
2026-05-12T19:57:06.260559+09:00,인사동,인사동,POI078,KEY_3,[운현궁] 2026 기획 전시 [단청이 스며든 자리],2026-05-12~2026-05-17,운현궁 기획전시실,126.98708335796199,37.57607864675475,,https://culture.seoul.go.kr/cmmn/file/getImage.do?atchFileId=9fa80cafef594ba095f0682cd4cb8032&thumb=Y,https://culture.seoul.go.kr/culture/culture/cultureEvent/view.do?cultcode=157805&menuNo=200009,
2026-05-12T19:57:06.260559+09:00,인사동,인사동,POI078,KEY_3,[서울무형유산교육전시장] 2026년 운현궁에서 배우는 전통매듭 체험 모집,2026-05-06~2026-05-27,운현궁 이로당,126.98708335796199,37.57607864675475,,https://culture.seoul.go.kr/cmmn/file/getImage.do?atchFileId=d9f7c6b35e4b444dab781fe2fd07b841&thumb=Y,https://culture.seoul.go.kr/culture/culture/cultureEvent/view.do?cultcode=157558&menuNo=200011,
2026-05-12T19:57:06.260559+09:00,인사동,인사동,POI078,KEY_3,[노화랑] 기획전 [IN PINK],2026-04-23~2026-05-14,노화랑 1， 2층 전시장,126.984085733694,37.5748603162364,N,https://culture.seoul.go.kr/cmmn/file/getImage.do?atchFileId=813a89fb33224ca9b184a59c222a411b&thumb=Y,https://culture.seoul.go.kr/culture/culture/cultureEvent/view.do?cultcode=157488&menuNo=200009,
2026-05-12T19:57:06.260559+09:00,인사동,인사동,POI078,KEY_3,[서울우리소리박물관] 2026년 상반기 외국인 전통문화체험,2026-04-16~2026-05-14,서울우리소리박물관 상설전시실 및 교육실,126.989622047178,37.577157928122,,https://culture.seoul.go.kr/cmmn/file/getImage.do?atchFileId=183cd9e9b78549d098992df989c47096&thumb=Y,https://culture.seoul.go.kr/culture/culture/cultureEvent/view.do?cultcode=157200&menuNo=200011,
2026-05-12T19:57:06.260559+09:00,인사동,인사동,POI078,KEY_3,[운현궁] 2026 서울 운현궁 예절교실,2026-04-01~2026-06-12,운현궁 이로당， 노락당,126.98708335796199,37.57607864675475,,https://culture.seoul.go.kr/cmmn/file/getImage.do?atchFileId=48bfe53ae79b43ffa93809a0bea94372&thumb=Y,https://culture.seoul.go.kr/culture/culture/cultureEvent/view.do?cultcode=156901&menuNo=200011,
2026-05-12T19:57:06.260559+09:00,인사동,인사동,POI078,KEY_3,[서울생활문화센터 낙원] 초보기타 교실 추가모집 / 색소폰 교실 & 클리닉,2026-03-18~2026-06-24,서울생활문화센터 낙원 5번 안내실,126.987902476529,37.5727635233966,,https://culture.seoul.go.kr/cmmn/file/getImage.do?atchFileId=19019906a68a46efbe0ae1c1d60984bd&thumb=Y,https://culture.seoul.go.kr/culture/culture/cultureEvent/view.do?cultcode=156978&menuNo=200011,
2026-05-12T19:57:06.260559+09:00,인사동,인사동,POI078,KEY_3,[서울우리소리박물관] 2026 자율학습 프로그램 [우리소리 친구들],2026-02-09~2026-12-31,누마루 또는 교육실,126.989622047178,37.577157928122,,https://culture.seoul.go.kr/cmmn/file/getImage.do?atchFileId=94d1c28647de4daf8f612b8fe830a020&thumb=Y,https://culture.seoul.go.kr/culture/culture/cultureEvent/view.do?cultcode=156746&menuNo=200011,
2026-05-12T19:57:06.260559+09:00,인사동,인사동,POI078,KEY_3,[서울우리소리박물관] 2025 서울우리소리박물관 기획전 [한강， 소리로 흐르다],2025-06-19~2026-05-28,서울우리소리박물관 기획전시실,126.989622047178,37.577157928122,,https://culture.seoul.go.kr/cmmn/file/getImage.do?atchFileId=6cbae2fb2066497e9499c66996d2aad8&thumb=Y,https://culture.seoul.go.kr/culture/culture/cultureEvent/view.do?cultcode=154089&menuNo=200009,
2026-05-12T19:57:06.260559+09:00,창동 신경제 중심지,창동 신경제 중심지,POI079,KEY_2,[서울시립 사진미술관] 어린이를 위한 감상교육 [미술관 탐험],2026-05-02~2026-06-13,서울시립 사진미술관 전시실 및 1교육실,127.048947814686,37.6555150225578,,https://culture.seoul.go.kr/cmmn/file/getImage.do?atchFileId=3b060851bfe0447fa662c416d69083b5&thumb=Y,https://culture.seoul.go.kr/culture/culture/cultureEvent/view.do?cultcode=157761&menuNo=200011,
2026-05-12T19:57:06.260559+09:00,창동 신경제 중심지,창동 신경제 중심지,POI079,KEY_2,[서울시립 사진미술관] 2026 서울사진축제 : 미술관 속 영화관 [진과 세계 사이에서],2026-04-24~2026-05-29,서울시립 사진미술관 2층 영상홀,127.048947814686,37.6555150225578,,https://culture.seoul.go.kr/cmmn/file/getImage.do?atchFileId=7938fe59e75e4986abeeaa7b0d1b15a9&thumb=Y,https://culture.seoul.go.kr/culture/culture/cultureEvent/view.do?cultcode=157489&menuNo=200013,
2026-05-12T19:57:06.260559+09:00,창동 신경제 중심지,창동 신경제 중심지,POI079,KEY_2,[서울시립 사진미술관] 2026 서울사진축제 : 포토라이브러리 워크숍 [일요일의 독서클럽],2026-04-12~2026-06-07,2층 영상홀， 4층 포토라이브러리,127.048947814686,37.6555150225578,,https://culture.seoul.go.kr/cmmn/file/getImage.do?atchFileId=498300d2f5194d3b8fd3d736e7cb345f&thumb=Y,https://culture.seoul.go.kr/culture/culture/cultureEvent/view.do?cultcode=157487&menuNo=200011,
2026-05-12T19:57:06.260559+09:00,창동 신경제 중심지,창동 신경제 중심지,POI079,KEY_2,[서울시립 사진미술관] 2026 서울사진축제 : Photo SeMA 기획서가 [모두를 위한 사진책],2026-04-09~2026-07-05,서울시립 사진미술관 4층 포토라이브러리,127.048947814686,37.6555150225578,,https://culture.seoul.go.kr/cmmn/file/getImage.do?atchFileId=65ddc38604e4492b869a6d972a08ec81&thumb=Y,https://culture.seoul.go.kr/culture/culture/cultureEvent/view.do?cultcode=157578&menuNo=200009,
2026-05-12T19:57:06.260559+09:00,창동 신경제 중심지,창동 신경제 중심지,POI079,KEY_2,[서울시립 사진미술관] 2026 서울사진축제 : 아티스트 토크 [작가의 방],2026-04-09~2026-06-14,서울시립 사진미술관 2층  영상홀,127.048947814686,37.6555150225578,,https://culture.seoul.go.kr/cmmn/file/getImage.do?atchFileId=20a62cd7a4a5468a905848cae3284ff6&thumb=Y,https://culture.seoul.go.kr/culture/culture/cultureEvent/view.do?cultcode=157475&menuNo=200009,
2026-05-12T19:57:06.260559+09:00,창동 신경제 중심지,창동 신경제 중심지,POI079,KEY_2,[서울시립 사진미술관] 2026 서울사진축제 [서울 사진 산책],2026-04-09~2026-06-14,서울 시내 24개소 문화공간 / 외부 별도 장소,127.048947814686,37.6555150225578,,https://culture.seoul.go.kr/cmmn/file/getImage.do?atchFileId=10e7f9cf6cd94078a47d5e519a4b6e7f&thumb=Y,https://culture.seoul.go.kr/culture/culture/cultureEvent/view.do?cultcode=157349&menuNo=200009,
2026-05-12T19:57:06.260559+09:00,창동 신경제 중심지,창동 신경제 중심지,POI079,KEY_2,[서울시립 사진미술관] 서울사진축제 《컴백홈》,2026-04-09~2026-06-14,서울시립 사진미술관,127.048947814686,37.6555150225578,,https://culture.seoul.go.kr/cmmn/file/getImage.do?atchFileId=c4c9d45245364ab48711d6ccbeb9e699&thumb=Y,https://culture.seoul.go.kr/culture/culture/cultureEvent/view.do?cultcode=157269&menuNo=200009,
2026-05-12T19:57:06.260559+09:00,창동 신경제 중심지,창동 신경제 중심지,POI079,KEY_2,[서울시립 사진미술관] 포토 디스커버리 프로젝트 《사진집》,2026-03-18~2026-06-14,서울시립 사진미술관 1층 로비,127.048947814686,37.6555150225578,,https://culture.seoul.go.kr/cmmn/file/getImage.do?atchFileId=0f7936d9f2d94354a36657010b418fbb&thumb=Y,https://culture.seoul.go.kr/culture/culture/cultureEvent/view.do?cultcode=157141&menuNo=200009,
2026-05-12T19:57:06.260559+09:00,DDP(동대문디자인플라자),DDP(동대문디자인플라자),POI083,KEY_3,김영준 x 요시다 유니 기획전 Face to face,2026-05-07~2026-06-07,DDP 이간수문전시장,127.00977973484339,37.56735731522952,,https://culture.seoul.go.kr/cmmn/file/getImage.do?atchFileId=2e699755a39b40619ddea53a22e59ef4&thumb=Y,https://culture.seoul.go.kr/culture/culture/cultureEvent/view.do?cultcode=157672&menuNo=200009,
2026-05-12T19:57:06.260559+09:00,DDP(동대문디자인플라자),DDP(동대문디자인플라자),POI083,KEY_3,Let Dreams Shine! [베베핀 드림랜드],2026-05-01~2026-05-31,동대문디자인플라자 디자인랩1층 DDP쇼룸,127.00977973484339,37.56735731522952,,https://culture.seoul.go.kr/cmmn/file/getImage.do?atchFileId=b578b0a0e4724a718dff9fbd6ca77cbc&thumb=Y,https://culture.seoul.go.kr/culture/culture/cultureEvent/view.do?cultcode=157641&menuNo=200011,
2026-05-12T19:57:06.260559+09:00,DDP(동대문디자인플라자),DDP(동대문디자인플라자),POI083,KEY_3,DDPlay 버스킹 5월 공연 안내,2026-05-01~2026-05-31,DDP 어울림광장， 팔거리,127.00977973484339,37.56735731522952,,https://culture.seoul.go.kr/cmmn/file/getImage.do?atchFileId=06255b5f16c1435a95ddf9214cbe8d86&thumb=Y,https://culture.seoul.go.kr/culture/culture/cultureEvent/view.do?cultcode=157546&menuNo=200008,
2026-05-12T19:57:06.260559+09:00,DDP(동대문디자인플라자),DDP(동대문디자인플라자),POI083,KEY_3,[서울디자인재단] 키크니 특별전 : 그렸고 그런 사이,2026-04-25~2026-09-06,뮤지엄 전시1관,127.00977973484339,37.56735731522952,,https://culture.seoul.go.kr/cmmn/file/getImage.do?atchFileId=5b5e3f16b605439ea83b1ecf8d5ce8b8&thumb=Y,https://culture.seoul.go.kr/culture/culture/cultureEvent/view.do?cultcode=157351&menuNo=200009,
2026-05-12T19:57:06.260559+09:00,DDP(동대문디자인플라자),DDP(동대문디자인플라자),POI083,KEY_3,이상한 K-뷰티 : 엄마의 서랍장,2026-04-10~2026-06-10,DDP 마켓 B2F 비더비 다운타운,127.00977973484339,37.56735731522952,,https://culture.seoul.go.kr/cmmn/file/getImage.do?atchFileId=e187f20c0b5d4e7ebcbff38d8f60b63e&thumb=Y,https://culture.seoul.go.kr/culture/culture/cultureEvent/view.do?cultcode=157606&menuNo=200009,
2026-05-12T19:57:06.260559+09:00,DDP(동대문디자인플라자),DDP(동대문디자인플라자),POI083,KEY_3,[서울디자인재단] DDP 루프탑 투어_2026,2026-03-21~2026-05-31,DDP 뮤지엄 1층(M3 출입문) 투어 데스크 (시작장소),127.00977973484339,37.56735731522952,,https://culture.seoul.go.kr/cmmn/file/getImage.do?atchFileId=973b28af071b405ea7f6eb7ab715abaa&thumb=Y,https://culture.seoul.go.kr/culture/culture/cultureEvent/view.do?cultcode=157428&menuNo=200011,
2026-05-12T19:57:06.260559+09:00,DDP(동대문디자인플라자),DDP(동대문디자인플라자),POI083,KEY_3,BtheB 뷰티기획전 [Beauty For All],2026-02-28~2026-06-07,DDP 지하2층 DDP마켓 비더비,127.00977973484339,37.56735731522952,,https://culture.seoul.go.kr/cmmn/file/getImage.do?atchFileId=5209bf1d22f345568a88cce60bbc8688&thumb=Y,https://culture.seoul.go.kr/culture/culture/cultureEvent/view.do?cultcode=156852&menuNo=200009,
2026-05-12T19:57:06.260559+09:00,DDP(동대문디자인플라자),DDP(동대문디자인플라자),POI083,KEY_3,[DDP] Dream in Light,2026-01-09~2026-12-31,DDP 전면， 유구전시장 앞， 미래로 상부,127.00977973484339,37.56735731522952,,https://culture.seoul.go.kr/cmmn/file/getImage.do?atchFileId=bfa59aa56eed4af8b441d88bad873037&thumb=Y,https://culture.seoul.go.kr/culture/culture/cultureEvent/view.do?cultcode=156491&menuNo=200009,
2026-05-12T19:57:06.260559+09:00,DDP(동대문디자인플라자),DDP(동대문디자인플라자),POI083,KEY_3,[서울디자인재단] DDP 건축투어,2026-01-02~2026-12-31,DDP 뮤지엄 1층 투어데스크,127.00977973484339,37.56735731522952,N,https://culture.seoul.go.kr/cmmn/file/getImage.do?atchFileId=47da849abe944ec9b7dedaf1ab283714&thumb=Y,https://culture.seoul.go.kr/culture/culture/cultureEvent/view.do?cultcode=156552&menuNo=200009,
2026-05-12T19:57:06.260559+09:00,서울식물원·마곡나루역,서울식물원·마곡나루역,POI032,KEY_1,[서울식물원] 2026 낭만수국전 HYDRANGEA SHOW,2026-05-02~2026-05-31,서울식물원 전시온실 지중해관,126.83500723721524,37.569657094189104,,https://culture.seoul.go.kr/cmmn/file/getImage.do?atchFileId=969c3a5bc5694862bdd4688ca678571d&thumb=Y,https://culture.seoul.go.kr/culture/culture/cultureEvent/view.do?cultcode=157795&menuNo=200009,
2026-05-12T19:57:06.260559+09:00,서울식물원·마곡나루역,서울식물원·마곡나루역,POI032,KEY_1,[서울식물원] 주제정원 봄 전시 [봄빛 정원: 땅에서 피어난 봄빛],2026-04-15~2026-05-31,서울식물원 주제정원 내 계류 주변,126.83500723721524,37.569657094189104,,https://culture.seoul.go.kr/cmmn/file/getImage.do?atchFileId=adfdc93640c946a29acdc8d12802f793&thumb=Y,https://culture.seoul.go.kr/culture/culture/cultureEvent/view.do?cultcode=157582&menuNo=200009,
2026-05-12T19:57:06.260559+09:00,서울식물원·마곡나루역,서울식물원·마곡나루역,POI032,KEY_1,[서울식물원] 2025년 서울식물원 기획 전시 [우리들의 자연， 행성적 공존],2025-05-27~2026-05-24,식물문화센터 프로젝트홀2， 주제원， 온실,126.83500723721524,37.569657094189104,,https://culture.seoul.go.kr/cmmn/file/getImage.do?atchFileId=e0d57fc6ab4046209bdf34ab6ac41c98&thumb=Y,https://culture.seoul.go.kr/culture/culture/cultureEvent/view.do?cultcode=153826&menuNo=200009,
2026-05-12T19:57:06.260559+09:00,시의회 앞,시의회 앞,POI130,KEY_1,[서울도서관] 2026년 서울야외도서관 (책읽는 서울광장， 광화문 책마당， 책읽는 맑은 냇가),2026-04-23~2026-11-01,서울광장， 광화문 광장， 청계천 일대,126.97769782752,37.5653338689441,N,https://culture.seoul.go.kr/cmmn/file/getImage.do?atchFileId=57da07b01aed40ad984d40559a42ae61&thumb=Y,https://culture.seoul.go.kr/culture/culture/cultureEvent/view.do?cultcode=156879&menuNo=200010,
2026-05-12T19:57:06.260559+09:00,시의회 앞,시의회 앞,POI130,KEY_1,기.기.기(奇.己.氣): 동시대와 시행착오,2026-04-01~2026-05-31,일민미술관,126.977657083792,37.5698677620456,,https://culture.seoul.go.kr/cmmn/file/getImage.do?atchFileId=6e05d79e4d0e4358b3eae2df5081eb13&thumb=Y,https://culture.seoul.go.kr/culture/culture/cultureEvent/view.do?cultcode=157256&menuNo=200009,
2026-05-12T19:57:06.260559+09:00,혜화역,혜화역,POI054,KEY_2,[서울시지원/ 전액무료] AI 인사이트 공연문화콘텐츠 기획,2026-05-12~2026-08-06,종로여성인력개발센터,127.000418097935,37.5820587995429,,https://culture.seoul.go.kr/cmmn/file/getImage.do?atchFileId=3b2807c6e1ad415cbebce23402b0251a&thumb=Y,https://culture.seoul.go.kr/culture/culture/cultureEvent/view.do?cultcode=157366&menuNo=200011,
2026-05-12T19:57:06.260559+09:00,혜화역,혜화역,POI054,KEY_2,연극 [운베난트],2026-03-27~2026-06-07,예스24스테이지 3관,127.003160727291,37.5827488289051,,https://culture.seoul.go.kr/cmmn/file/getImage.do?atchFileId=b22d720f5efc44dda84da2606b0e5f75&thumb=Y,https://culture.seoul.go.kr/culture/culture/cultureEvent/view.do?cultcode=157115&menuNo=200008,
2026-05-12T19:57:06.260559+09:00,혜화역,혜화역,POI054,KEY_2,[종로여성인력개발센터] AI 파워드 문화·예술 프로젝트 기획 실무 마스터 실무 마스터,2026-03-18~2026-06-23,종로여성인력개발센터,127.000418097935,37.5820587995429,,https://culture.seoul.go.kr/cmmn/file/getImage.do?atchFileId=f824d3bddc6d4c239ee2e5611e22870a&thumb=Y,https://culture.seoul.go.kr/culture/culture/cultureEvent/view.do?cultcode=156487&menuNo=200011,
2026-05-12T21:57:11.280896+09:00,경복궁,경복궁,POI008,KEY_1,[경복궁] 2026 생과방(상반기),2026-04-08~2026-05-27,경복궁 생과방,126.976842133821,37.5759040910202,,https://culture.seoul.go.kr/cmmn/file/getImage.do?atchFileId=4864144c5a084ea4a1228924afe585e6&thumb=Y,https://culture.seoul.go.kr/culture/culture/cultureEvent/view.do?cultcode=157368&menuNo=200011,
2026-05-12T21:57:11.280896+09:00,경복궁,경복궁,POI008,KEY_1,2026년 집옥재(팔우정 포함) 작은 도서관 개방,2026-04-01~2026-10-31,경복궁 집옥재·팔우정,126.976842133821,37.5759040910202,,https://culture.seoul.go.kr/cmmn/file/getImage.do?atchFileId=d70525e916b548cda13443c9e10190f3&thumb=Y,https://culture.seoul.go.kr/culture/culture/cultureEvent/view.do?cultcode=157383&menuNo=200011,
2026-05-12T21:57:11.280896+09:00,경복궁,경복궁,POI008,KEY_1,2026년 경복궁 [경회루·향원정] 특별관람,2026-04-01~2026-10-30,경복궁 경회루·향원정,126.976842133821,37.5759040910202,,https://culture.seoul.go.kr/cmmn/file/getImage.do?atchFileId=37630da9c19349fbac8494e92e5c64d8&thumb=Y,https://culture.seoul.go.kr/culture/culture/cultureEvent/view.do?cultcode=157389&menuNo=200011,
2026-05-12T21:57:11.280896+09:00,경복궁,경복궁,POI008,KEY_1,[국가유산청 궁능유적본부] 수문장 순라의식,2026-03-01~2026-11-29,(토요일)경복궁 내부 (일요일， 공휴일)인사동 문화의 거리,126.976842133821,37.5759040910202,,https://culture.seoul.go.kr/cmmn/file/getImage.do?atchFileId=923de3d9169e463b9c8098a8e132be38&thumb=Y,https://culture.seoul.go.kr/culture/culture/cultureEvent/view.do?cultcode=156996&menuNo=200013,
2026-05-12T21:57:11.280896+09:00,광화문·덕수궁,광화문·덕수궁,POI009,KEY_2,빛과 어둠의 경계에서,2026-05-02~2026-05-25,세종문화회관 세종S씨어터,126.9760053,37.5726241,,https://culture.seoul.go.kr/cmmn/file/getImage.do?atchFileId=0eeea492c11e4eb7816334e58cfeb6ce&thumb=Y,https://culture.seoul.go.kr/culture/culture/cultureEvent/view.do?cultcode=157335&menuNo=200008,
2026-05-12T21:57:11.280896+09:00,광화문·덕수궁,광화문·덕수궁,POI009,KEY_2,[서울도서관] 2026년 서울야외도서관 (책읽는 서울광장， 광화문 책마당， 책읽는 맑은 냇가),2026-04-23~2026-11-01,서울광장， 광화문 광장， 청계천 일대,126.97769782752,37.5653338689441,N,https://culture.seoul.go.kr/cmmn/file/getImage.do?atchFileId=57da07b01aed40ad984d40559a42ae61&thumb=Y,https://culture.seoul.go.kr/culture/culture/cultureEvent/view.do?cultcode=156879&menuNo=200010,
2026-05-12T21:57:11.280896+09:00,광화문·덕수궁,광화문·덕수궁,POI009,KEY_2,2026 의정부지 역사유적광장 전통무예행사,2026-04-11~2026-10-31,의정부지 역사유적광장,126.977967142855,37.5748036513699,,https://culture.seoul.go.kr/cmmn/file/getImage.do?atchFileId=628a9bae996a407bbfee67752dd508db&thumb=Y,https://culture.seoul.go.kr/culture/culture/cultureEvent/view.do?cultcode=157327&menuNo=200010,
2026-05-12T21:57:11.280896+09:00,광화문·덕수궁,광화문·덕수궁,POI009,KEY_2,2026 아뜰리에 광화 봄 전시 [피어나는 빛],2026-04-11~2026-06-19,세종문화회관 외벽 미디어파사드,126.9760053,37.5726241,,https://culture.seoul.go.kr/cmmn/file/getImage.do?atchFileId=196d7f704d5646a2bb4bb40523a8c4aa&thumb=Y,https://culture.seoul.go.kr/culture/culture/cultureEvent/view.do?cultcode=157432&menuNo=200009,
2026-05-12T21:57:11.280896+09:00,광화문·덕수궁,광화문·덕수궁,POI009,KEY_2,2026 해치마당 미디어월 봄 전시,2026-04-10~2026-06-19,광화문 역 9번출구 진입로 벽면 해치마당 미디어월,126.976787992565,37.5716228232824,,https://culture.seoul.go.kr/cmmn/file/getImage.do?atchFileId=ac862f94f21744ec8092ccc4372c0539&thumb=Y,https://culture.seoul.go.kr/culture/culture/cultureEvent/view.do?cultcode=157787&menuNo=200009,
2026-05-12T21:57:11.280896+09:00,광화문·덕수궁,광화문·덕수궁,POI009,KEY_2,[경복궁] 2026 생과방(상반기),2026-04-08~2026-05-27,경복궁 생과방,126.976842133821,37.5759040910202,,https://culture.seoul.go.kr/cmmn/file/getImage.do?atchFileId=4864144c5a084ea4a1228924afe585e6&thumb=Y,https://culture.seoul.go.kr/culture/culture/cultureEvent/view.do?cultcode=157368&menuNo=200011,
2026-05-12T21:57:11.280896+09:00,광화문·덕수궁,광화문·덕수궁,POI009,KEY_2,[덕수궁] 2026 밤의 석조전(상반기),2026-04-08~2026-05-17,덕수궁 석조전 일원,126.974461639777,37.5677154464989,,https://culture.seoul.go.kr/cmmn/file/getImage.do?atchFileId=cc6179c75f1547b2b72e2a3cca26b6da&thumb=Y,https://culture.seoul.go.kr/culture/culture/cultureEvent/view.do?cultcode=157365&menuNo=200010,
2026-05-12T21:57:11.280896+09:00,광화문·덕수궁,광화문·덕수궁,POI009,KEY_2,2026년 집옥재(팔우정 포함) 작은 도서관 개방,2026-04-01~2026-10-31,경복궁 집옥재·팔우정,126.976842133821,37.5759040910202,,https://culture.seoul.go.kr/cmmn/file/getImage.do?atchFileId=d70525e916b548cda13443c9e10190f3&thumb=Y,https://culture.seoul.go.kr/culture/culture/cultureEvent/view.do?cultcode=157383&menuNo=200011,
2026-05-12T21:57:11.280896+09:00,광화문·덕수궁,광화문·덕수궁,POI009,KEY_2,2026년 경복궁 [경회루·향원정] 특별관람,2026-04-01~2026-10-30,경복궁 경회루·향원정,126.976842133821,37.5759040910202,,https://culture.seoul.go.kr/cmmn/file/getImage.do?atchFileId=37630da9c19349fbac8494e92e5c64d8&thumb=Y,https://culture.seoul.go.kr/culture/culture/cultureEvent/view.do?cultcode=157389&menuNo=200011,
2026-05-12T21:57:11.280896+09:00,광화문·덕수궁,광화문·덕수궁,POI009,KEY_2,기.기.기(奇.己.氣): 동시대와 시행착오,2026-04-01~2026-05-31,일민미술관,126.977657083792,37.5698677620456,,https://culture.seoul.go.kr/cmmn/file/getImage.do?atchFileId=6e05d79e4d0e4358b3eae2df5081eb13&thumb=Y,https://culture.seoul.go.kr/culture/culture/cultureEvent/view.do?cultcode=157256&menuNo=200009,
2026-05-12T21:57:11.280896+09:00,광화문·덕수궁,광화문·덕수궁,POI009,KEY_2,[세종문화회관] 세종예술아카데미 [정승빈 작가] 스테들러와 함께하는 여행드로잉 클래스,2026-03-31~2026-09-15,세종예술아카데미 스퀘어홀,126.9760053,37.5726241,,https://culture.seoul.go.kr/cmmn/file/getImage.do?atchFileId=a0247bcdf4484818baaca748c977391f&thumb=Y,https://culture.seoul.go.kr/culture/culture/cultureEvent/view.do?cultcode=157026&menuNo=200011,
2026-05-12T21:57:11.280896+09:00,광화문·덕수궁,광화문·덕수궁,POI009,KEY_2,[세종문화회관] 세종예술아카데미 [박인홍 작가] 스테들러와 함께하는 여행드로잉 클래스,2026-03-31~2026-08-31,세종예술아카데미 스퀘어홀,126.9760053,37.5726241,,https://culture.seoul.go.kr/cmmn/file/getImage.do?atchFileId=c9b88469d8f0468e960f00b0e5b0785d&thumb=Y,https://culture.seoul.go.kr/culture/culture/cultureEvent/view.do?cultcode=157025&menuNo=200011,
2026-05-12T21:57:11.280896+09:00,광화문·덕수궁,광화문·덕수궁,POI009,KEY_2,[세종문화회관] 세종예술아카데미 [그레이스 발레 (성인 취미 발레)],2026-03-30~2026-06-29,세종문화회관 예술동 4층 종합연습실,126.9760053,37.5726241,,https://culture.seoul.go.kr/cmmn/file/getImage.do?atchFileId=8b685870654e4cd78bf509ea783f7748&thumb=Y,https://culture.seoul.go.kr/culture/culture/cultureEvent/view.do?cultcode=156885&menuNo=200011,.
2026-05-12T21:57:11.280896+09:00,광화문·덕수궁,광화문·덕수궁,POI009,KEY_2,[세종문화회관] 세종예술아카데미 [정연석 작가] 스테들러와 함께하는 여행드로잉 클래스,2026-03-28~2026-09-05,세종예술아카데미 스퀘어홀,126.9760053,37.5726241,,https://culture.seoul.go.kr/cmmn/file/getImage.do?atchFileId=df2237ca7f754d009407bc3321cae86f&thumb=Y,https://culture.seoul.go.kr/culture/culture/cultureEvent/view.do?cultcode=157028&menuNo=200011,
2026-05-12T21:57:11.280896+09:00,광화문·덕수궁,광화문·덕수궁,POI009,KEY_2,[세종문화회관] 세종예술아카데미 [이승익 작가] 스테들러와 함께하는 여행드로잉 클래스,2026-03-28~2026-08-29,세종예술아카데미 스퀘어홀,126.9760053,37.5726241,,https://culture.seoul.go.kr/cmmn/file/getImage.do?atchFileId=09ebfb8dbbcf453e86aadfe529b90ff8&thumb=Y,https://culture.seoul.go.kr/culture/culture/cultureEvent/view.do?cultcode=157027&menuNo=200011,
2026-05-12T21:57:11.280896+09:00,광화문·덕수궁,광화문·덕수궁,POI009,KEY_2,[세종문화회관] 2026 상반기 세종 어린이 발레 아카데미,2026-03-28~2026-06-27,세종문화회관 예술동 4층 종합연습실,126.9760053,37.5726241,,https://culture.seoul.go.kr/cmmn/file/getImage.do?atchFileId=b47ad1471d3d428a9482934f7b03787f&thumb=Y,https://culture.seoul.go.kr/culture/culture/cultureEvent/view.do?cultcode=157104&menuNo=200011,
2026-05-12T21:57:11.280896+09:00,광화문·덕수궁,광화문·덕수궁,POI009,KEY_2,[세종문화회관] 세종예술아카데미 [이야기가 있는 클래식],2026-03-19~2026-05-28,세종문화회관 서클홀,126.9760053,37.5726241,,https://culture.seoul.go.kr/cmmn/file/getImage.do?atchFileId=0373af8e16694df8b923159a02ec0a2a&thumb=Y,https://culture.seoul.go.kr/culture/culture/cultureEvent/view.do?cultcode=156883&menuNo=200011,.
2026-05-12T21:57:11.280896+09:00,광화문·덕수궁,광화문·덕수궁,POI009,KEY_2,[세종문화회관] 세종예술아카데미 [미술사가 이 현의 전시와 함께보는 서양 미술사 - 바로크와 로코코],2026-03-19~2026-05-21,세종문화회관 서클홀,126.9760053,37.5726241,,https://culture.seoul.go.kr/cmmn/file/getImage.do?atchFileId=377ac3cd61d6416baa3b3f43a826b900&thumb=Y,https://culture.seoul.go.kr/culture/culture/cultureEvent/view.do?cultcode=156881&menuNo=200011,.
2026-05-12T21:57:11.280896+09:00,광화문·덕수궁,광화문·덕수궁,POI009,KEY_2,[세종문화회관] 세종예술아카데미 [클래식브런치],2026-03-18~2026-05-20,세종문화회관 서클홀,126.9760053,37.5726241,,https://culture.seoul.go.kr/cmmn/file/getImage.do?atchFileId=43b7fd7ecf2b44d1b7ba2ec25e6cc7a7&thumb=Y,https://culture.seoul.go.kr/culture/culture/cultureEvent/view.do?cultcode=156880&menuNo=200011,.
2026-05-12T21:57:11.280896+09:00,광화문·덕수궁,광화문·덕수궁,POI009,KEY_2,[세종문화회관] 세종예술아카데미 [히든보이스],2026-03-17~2026-06-30,세종문화회관 서클홀,126.9760053,37.5726241,,https://culture.seoul.go.kr/cmmn/file/getImage.do?atchFileId=96b505aa681348d48b661d248108f577&thumb=Y,https://culture.seoul.go.kr/culture/culture/cultureEvent/view.do?cultcode=156809&menuNo=200011,.
2026-05-12T21:57:11.280896+09:00,광화문·덕수궁,광화문·덕수궁,POI009,KEY_2,[세종문화회관] 세종예술아카데미 [2026 상반기 스포츠 in 아트스테이션],2026-03-16~2026-06-26,세종문화회관 오픈스테이지의 탁 트인 마루형 공간,126.9760053,37.5726241,,https://culture.seoul.go.kr/cmmn/file/getImage.do?atchFileId=16cb755c035e4ddc86c7cfbfa3654ca5&thumb=Y,https://culture.seoul.go.kr/culture/culture/cultureEvent/view.do?cultcode=157023&menuNo=200011,
2026-05-12T21:57:11.280896+09:00,광화문·덕수궁,광화문·덕수궁,POI009,KEY_2,[국가유산청 궁능유적본부] 수문장 순라의식,2026-03-01~2026-11-29,(토요일)경복궁 내부 (일요일， 공휴일)인사동 문화의 거리,126.976842133821,37.5759040910202,,https://culture.seoul.go.kr/cmmn/file/getImage.do?atchFileId=923de3d9169e463b9c8098a8e132be38&thumb=Y,https://culture.seoul.go.kr/culture/culture/cultureEvent/view.do?cultcode=156996&menuNo=200013,
2026-05-12T21:57:11.280896+09:00,광화문·덕수궁,광화문·덕수궁,POI009,KEY_2,[서울시] 2026년 서울청년문화패스 신청자 모집,2025-12-22~2026-12-31,온라인 접수,126.97860700965403,37.56672958991572,,https://culture.seoul.go.kr/cmmn/file/getImage.do?atchFileId=24931799627a43ea9e2b4960b00c9c4f&thumb=Y,https://culture.seoul.go.kr/culture/culture/cultureEvent/view.do?cultcode=156277&menuNo=200013,
2026-05-12T21:57:11.280896+09:00,창덕궁·종묘,창덕궁·종묘,POI012,KEY_2,2026년 창경궁 야연(상반기),2026-05-07~2026-05-17,창경궁 문정전 일원,126.993841430623,37.5776239475981,,https://culture.seoul.go.kr/cmmn/file/getImage.do?atchFileId=9e29ccf0743c49d0a4fb2c0ad10ffb9e&thumb=Y,https://culture.seoul.go.kr/culture/culture/cultureEvent/view.do?cultcode=157796&menuNo=200011,
2026-05-12T21:57:11.280896+09:00,창덕궁·종묘,창덕궁·종묘,POI012,KEY_2,2026년 창덕궁 달빛기행(상반기),2026-04-16~2026-05-31,창덕궁,126.989710338876,37.5788697347103,,https://culture.seoul.go.kr/cmmn/file/getImage.do?atchFileId=ff2504aca6df4f19a9a1a3f095c02178&thumb=Y,https://culture.seoul.go.kr/culture/culture/cultureEvent/view.do?cultcode=157394&menuNo=200011,
2026-05-12T21:57:11.280896+09:00,동대문 관광특구,동대문 관광특구,POI002,KEY_1,김영준 x 요시다 유니 기획전 Face to face,2026-05-07~2026-06-07,DDP 이간수문전시장,127.00977973484339,37.56735731522952,,https://culture.seoul.go.kr/cmmn/file/getImage.do?atchFileId=2e699755a39b40619ddea53a22e59ef4&thumb=Y,https://culture.seoul.go.kr/culture/culture/cultureEvent/view.do?cultcode=157672&menuNo=200009,
2026-05-12T21:57:11.280896+09:00,동대문 관광특구,동대문 관광특구,POI002,KEY_1,Let Dreams Shine! [베베핀 드림랜드],2026-05-01~2026-05-31,동대문디자인플라자 디자인랩1층 DDP쇼룸,127.00977973484339,37.56735731522952,,https://culture.seoul.go.kr/cmmn/file/getImage.do?atchFileId=b578b0a0e4724a718dff9fbd6ca77cbc&thumb=Y,https://culture.seoul.go.kr/culture/culture/cultureEvent/view.do?cultcode=157641&menuNo=200011,
2026-05-12T21:57:11.280896+09:00,동대문 관광특구,동대문 관광특구,POI002,KEY_1,DDPlay 버스킹 5월 공연 안내,2026-05-01~2026-05-31,DDP 어울림광장， 팔거리,127.00977973484339,37.56735731522952,,https://culture.seoul.go.kr/cmmn/file/getImage.do?atchFileId=06255b5f16c1435a95ddf9214cbe8d86&thumb=Y,https://culture.seoul.go.kr/culture/culture/cultureEvent/view.do?cultcode=157546&menuNo=200008,
2026-05-12T21:57:11.280896+09:00,동대문 관광특구,동대문 관광특구,POI002,KEY_1,[서울디자인재단] 키크니 특별전 : 그렸고 그런 사이,2026-04-25~2026-09-06,뮤지엄 전시1관,127.00977973484339,37.56735731522952,,https://culture.seoul.go.kr/cmmn/file/getImage.do?atchFileId=5b5e3f16b605439ea83b1ecf8d5ce8b8&thumb=Y,https://culture.seoul.go.kr/culture/culture/cultureEvent/view.do?cultcode=157351&menuNo=200009,
2026-05-12T21:57:11.280896+09:00,동대문 관광특구,동대문 관광특구,POI002,KEY_1,[중구문화재단] 뮤지컬 [스윙 데이즈_암호명 A],2026-04-16~2026-07-05,충무아트센터 대극장,127.014790889728,37.5659409687669,,https://culture.seoul.go.kr/cmmn/file/getImage.do?atchFileId=862c9a38b3b146358637293a4f2c8d30&thumb=Y,https://culture.seoul.go.kr/culture/culture/cultureEvent/view.do?cultcode=156673&menuNo=200008,
2026-05-12T21:57:11.280896+09:00,동대문 관광특구,동대문 관광특구,POI002,KEY_1,[서울시립미술관×중구문화재단] 협력전시 [SeMA Collection: 청록미로],2026-04-15~2026-05-17,충무아트센터 갤러리 G1,127.014790889728,37.5659409687669,,https://culture.seoul.go.kr/cmmn/file/getImage.do?atchFileId=cfa4043b588541618a1c45763ada3e23&thumb=Y,https://culture.seoul.go.kr/culture/culture/cultureEvent/view.do?cultcode=157621&menuNo=200009,
2026-05-12T21:57:11.280896+09:00,동대문 관광특구,동대문 관광특구,POI002,KEY_1,이상한 K-뷰티 : 엄마의 서랍장,2026-04-10~2026-06-10,DDP 마켓 B2F 비더비 다운타운,127.00977973484339,37.56735731522952,,https://culture.seoul.go.kr/cmmn/file/getImage.do?atchFileId=e187f20c0b5d4e7ebcbff38d8f60b63e&thumb=Y,https://culture.seoul.go.kr/culture/culture/cultureEvent/view.do?cultcode=157606&menuNo=200009,
2026-05-12T21:57:11.280896+09:00,동대문 관광특구,동대문 관광특구,POI002,KEY_1,[서울디자인재단] DDP 루프탑 투어_2026,2026-03-21~2026-05-31,DDP 뮤지엄 1층(M3 출입문) 투어 데스크 (시작장소),127.00977973484339,37.56735731522952,,https://culture.seoul.go.kr/cmmn/file/getImage.do?atchFileId=973b28af071b405ea7f6eb7ab715abaa&thumb=Y,https://culture.seoul.go.kr/culture/culture/cultureEvent/view.do?cultcode=157428&menuNo=200011,
2026-05-12T21:57:11.280896+09:00,동대문 관광특구,동대문 관광특구,POI002,KEY_1,BtheB 뷰티기획전 [Beauty For All],2026-02-28~2026-06-07,DDP 지하2층 DDP마켓 비더비,127.00977973484339,37.56735731522952,,https://culture.seoul.go.kr/cmmn/file/getImage.do?atchFileId=5209bf1d22f345568a88cce60bbc8688&thumb=Y,https://culture.seoul.go.kr/culture/culture/cultureEvent/view.do?cultcode=156852&menuNo=200009,
2026-05-12T21:57:11.280896+09:00,동대문 관광특구,동대문 관광특구,POI002,KEY_1,[중구문화재단] 뮤지컬 [홍련],2026-02-28~2026-05-17,충무아트센터 중극장 블랙,127.014790889728,37.5659409687669,,https://culture.seoul.go.kr/cmmn/file/getImage.do?atchFileId=e86257233f3b4d50bf436983435399eb&thumb=Y,https://culture.seoul.go.kr/culture/culture/cultureEvent/view.do?cultcode=156539&menuNo=200008,
2026-05-12T21:57:11.280896+09:00,동대문 관광특구,동대문 관광특구,POI002,KEY_1,[DDP] Dream in Light,2026-01-09~2026-12-31,DDP 전면， 유구전시장 앞， 미래로 상부,127.00977973484339,37.56735731522952,,https://culture.seoul.go.kr/cmmn/file/getImage.do?atchFileId=bfa59aa56eed4af8b441d88bad873037&thumb=Y,https://culture.seoul.go.kr/culture/culture/cultureEvent/view.do?cultcode=156491&menuNo=200009,
2026-05-12T21:57:11.280896+09:00,동대문 관광특구,동대문 관광특구,POI002,KEY_1,[서울디자인재단] DDP 건축투어,2026-01-02~2026-12-31,DDP 뮤지엄 1층 투어데스크,127.00977973484339,37.56735731522952,N,https://culture.seoul.go.kr/cmmn/file/getImage.do?atchFileId=47da849abe944ec9b7dedaf1ab283714&thumb=Y,https://culture.seoul.go.kr/culture/culture/cultureEvent/view.do?cultcode=156552&menuNo=200009,
2026-05-12T21:57:11.280896+09:00,명동 관광특구,명동 관광특구,POI003,KEY_2,[서울도서관] 2026년 서울야외도서관 (책읽는 서울광장， 광화문 책마당， 책읽는 맑은 냇가),2026-04-23~2026-11-01,서울광장， 광화문 광장， 청계천 일대,126.97769782752,37.5653338689441,N,https://culture.seoul.go.kr/cmmn/file/getImage.do?atchFileId=57da07b01aed40ad984d40559a42ae61&thumb=Y,https://culture.seoul.go.kr/culture/culture/cultureEvent/view.do?cultcode=156879&menuNo=200010,
2026-05-12T21:57:11.280896+09:00,명동 관광특구,명동 관광특구,POI003,KEY_2,2026 해치마당 미디어월 봄 전시,2026-04-10~2026-06-19,광화문 역 9번출구 진입로 벽면 해치마당 미디어월,126.976787992565,37.5716228232824,,https://culture.seoul.go.kr/cmmn/file/getImage.do?atchFileId=ac862f94f21744ec8092ccc4372c0539&thumb=Y,https://culture.seoul.go.kr/culture/culture/cultureEvent/view.do?cultcode=157787&menuNo=200009,
2026-05-12T21:57:11.280896+09:00,명동 관광특구,명동 관광특구,POI003,KEY_2,[서울시] 2026년 서울청년문화패스 신청자 모집,2025-12-22~2026-12-31,온라인 접수,126.97860700965403,37.56672958991572,,https://culture.seoul.go.kr/cmmn/file/getImage.do?atchFileId=24931799627a43ea9e2b4960b00c9c4f&thumb=Y,https://culture.seoul.go.kr/culture/culture/cultureEvent/view.do?cultcode=156277&menuNo=200013,
2026-05-12T21:57:11.280896+09:00,잠실 관광특구,잠실 관광특구,POI005,KEY_1,[한성백제박물관] 상반기 장애인 단체 대면 교육 [옛날옛날， 빛나는 백제 이야기],2026-05-12~2026-06-30,박물관 로비/교육실,127.12088940368128,37.51543881335773,,https://culture.seoul.go.kr/cmmn/file/getImage.do?atchFileId=58420146f27740e39e6ac91e88d71d70&thumb=Y,https://culture.seoul.go.kr/culture/culture/cultureEvent/view.do?cultcode=157690&menuNo=200011,
2026-05-12T21:57:11.280896+09:00,잠실 관광특구,잠실 관광특구,POI005,KEY_1,[서울백제어린이박물관] 초등 2-3학년 학급 대상 [어린이백제연구소2] 옛날 도구， 오늘날 도구 (도구의변천),2026-05-12~2026-06-10,서울백제어린이박물관(교육실， 전시실),127.124412,37.523991,,https://culture.seoul.go.kr/cmmn/file/getImage.do?atchFileId=85ede03678db4ee5a0adb99f465d78ff&thumb=Y,https://culture.seoul.go.kr/culture/culture/cultureEvent/view.do?cultcode=156836&menuNo=200011,
2026-05-12T21:57:11.280896+09:00,잠실 관광특구,잠실 관광특구,POI005,KEY_1,[한성백제박물관] 2026년 상반기 성인 대상 [서울 고대유적 탐방],2026-04-28~2026-06-11,한성백제박물관， 몽촌토성， 풍납동토성， 석촌동고분군 일대,127.12088940368128,37.51543881335773,,https://culture.seoul.go.kr/cmmn/file/getImage.do?atchFileId=3d89263b5e85481c894204ef7a05d20e&thumb=Y,https://culture.seoul.go.kr/culture/culture/cultureEvent/view.do?cultcode=157084&menuNo=200011,
2026-05-12T21:57:11.280896+09:00,잠실 관광특구,잠실 관광특구,POI005,KEY_1,[소마미술관] 조각이 꿈+틀 [올림픽조각체험프로젝트#02] 상설전,2026-04-17~2026-09-06,소마미술관 2관 상설전시실,127.118166964751,37.516920655117,,https://culture.seoul.go.kr/cmmn/file/getImage.do?atchFileId=c4ac3bd4533342b993b5ccfd5d42086c&thumb=Y,https://culture.seoul.go.kr/culture/culture/cultureEvent/view.do?cultcode=157117&menuNo=200009,
2026-05-12T21:57:11.280896+09:00,잠실 관광특구,잠실 관광특구,POI005,KEY_1,올림픽 조각체험 프로젝트#2 [조각이 꿈+틀],2026-04-17~2026-09-06,소마미술관,127.118166964751,37.516920655117,,https://culture.seoul.go.kr/cmmn/file/getImage.do?atchFileId=6825663978de46c192543240dfbb2185&thumb=Y,https://culture.seoul.go.kr/culture/culture/cultureEvent/view.do?cultcode=157318&menuNo=200009,
2026-05-12T21:57:11.280896+09:00,잠실 관광특구,잠실 관광특구,POI005,KEY_1,[소마미술관] 그림책이 살아있다!,2026-04-17~2026-09-06,소마미술관 2관 기획전시실,127.118166964751,37.516920655117,,https://culture.seoul.go.kr/cmmn/file/getImage.do?atchFileId=cf267080189e4a3eadeeb6c5e8b0ade7&thumb=Y,https://culture.seoul.go.kr/culture/culture/cultureEvent/view.do?cultcode=157116&menuNo=200009,
2026-05-12T21:57:11.280896+09:00,잠실 관광특구,잠실 관광특구,POI005,KEY_1,이승택 개인전 [조각의 바깥에서],2026-04-10~2026-07-26,소마미술관,127.118166964751,37.516920655117,,https://culture.seoul.go.kr/cmmn/file/getImage.do?atchFileId=fa83edf506b643e2bec777cac69729ce&thumb=Y,https://culture.seoul.go.kr/culture/culture/cultureEvent/view.do?cultcode=157317&menuNo=200009,
2026-05-12T21:57:11.280896+09:00,잠실 관광특구,잠실 관광특구,POI005,KEY_1,[한성백제박물관] 2026년 상반기 문화다양성 교육 [백제와 함께하는 이웃나라들],2026-03-31~2026-06-30,대면) 박물관 교육실/ (비대면) 각 학급 교실,127.12088940368128,37.51543881335773,,https://culture.seoul.go.kr/cmmn/file/getImage.do?atchFileId=79379b0c10fc462fb325ecdb455dd3db&thumb=Y,https://culture.seoul.go.kr/culture/culture/cultureEvent/view.do?cultcode=157232&menuNo=200011,
2026-05-12T21:57:11.280896+09:00,잠실 관광특구,잠실 관광특구,POI005,KEY_1,[한성백제박물관] 2026 상반기 초등단체 대면 교육 [서울 쏙! 백제 콕!],2026-03-26~2026-07-03,한성백제박물관 교육실,127.12088940368128,37.51543881335773,,https://culture.seoul.go.kr/cmmn/file/getImage.do?atchFileId=f3b484610b65420297a3ae47001c6120&thumb=Y,https://culture.seoul.go.kr/culture/culture/cultureEvent/view.do?cultcode=156906&menuNo=200011,
2026-05-12T21:57:11.280896+09:00,잠실 관광특구,잠실 관광특구,POI005,KEY_1,[한성백제박물관] 2026 상반기 초등단체 비대면 교육 [서울 쏙! 백제 콕!],2026-03-26~2026-07-03,각 학급 교실(비대면 원격 교육),127.12088940368128,37.51543881335773,,https://culture.seoul.go.kr/cmmn/file/getImage.do?atchFileId=fb761ebe217849eaa4f63b1b0f6ac759&thumb=Y,https://culture.seoul.go.kr/culture/culture/cultureEvent/view.do?cultcode=156907&menuNo=200011,
2026-05-12T21:57:11.280896+09:00,잠실 관광특구,잠실 관광특구,POI005,KEY_1,[한성백제박물관] 초등 4~6학년 단체 대면 교육 [한강삼국지: 삼국의 한강 쟁탈전],2026-03-24~2026-07-01,한성백제박물관 교육실,127.12088940368128,37.51543881335773,,https://culture.seoul.go.kr/cmmn/file/getImage.do?atchFileId=0183d0f0f64d43dea7f2f1f5a5823734&thumb=Y,https://culture.seoul.go.kr/culture/culture/cultureEvent/view.do?cultcode=156755&menuNo=200011,
2026-05-12T21:57:11.280896+09:00,잠실 관광특구,잠실 관광특구,POI005,KEY_1,[한성백제박물관] 초등 4~6학년 학급 비대면 교육 [한강삼국지: 삼국의 한강 쟁탈전],2026-03-24~2026-07-01,신청 학급 교실,127.12088940368128,37.51543881335773,,https://culture.seoul.go.kr/cmmn/file/getImage.do?atchFileId=ee2f38002896461d88e55f36df203dfc&thumb=Y,https://culture.seoul.go.kr/culture/culture/cultureEvent/view.do?cultcode=156754&menuNo=200011,
2026-05-12T21:57:11.280896+09:00,잠실 관광특구,잠실 관광특구,POI005,KEY_1,홍범·김주환 2인전 [틈을 걷다],2026-03-24~2026-05-24,더 갤러리 호수,127.107617545434,37.512296516856,,https://culture.seoul.go.kr/cmmn/file/getImage.do?atchFileId=3e31e677b15e459ca780d07a735a163d&thumb=Y,https://culture.seoul.go.kr/culture/culture/cultureEvent/view.do?cultcode=157251&menuNo=200009,
2026-05-12T21:57:11.280896+09:00,잠실 관광특구,잠실 관광특구,POI005,KEY_1,[서울백제어린이박물관] 유단체 대상 [서울역사생태탐험대1] 봄,2026-03-19~2026-05-21,서울백제어린이박물관(교육실， 전시실)， 야외생태체험장， 전시실 등,127.124412,37.523991,,https://culture.seoul.go.kr/cmmn/file/getImage.do?atchFileId=7504518b70b54ac7b5c8367519f44947&thumb=Y,https://culture.seoul.go.kr/culture/culture/cultureEvent/view.do?cultcode=156747&menuNo=200011,
2026-05-12T21:57:11.280896+09:00,잠실 관광특구,잠실 관광특구,POI005,KEY_1,[한성백제박물관] 2026년 상반기 주말가족교육 [문화유산 보존 연구소],2026-03-14~2026-07-04,한성백제박물관 교육실,127.12088940368128,37.51543881335773,,https://culture.seoul.go.kr/cmmn/file/getImage.do?atchFileId=69fec744c82446619d58e8ce8cb6baab&thumb=Y,https://culture.seoul.go.kr/culture/culture/cultureEvent/view.do?cultcode=156850&menuNo=200011,
2026-05-12T21:57:11.280896+09:00,잠실 관광특구,잠실 관광특구,POI005,KEY_1,[한성백제박물관] 2026년 상반기 주말가족탐방 [몽촌토성 탐방],2026-03-14~2026-05-30,몽촌토성， 박물관 교육실,127.12088940368128,37.51543881335773,,https://culture.seoul.go.kr/cmmn/file/getImage.do?atchFileId=31a20aade65d41b882a74ff2a6424ee7&thumb=Y,https://culture.seoul.go.kr/culture/culture/cultureEvent/view.do?cultcode=156851&menuNo=200011,
2026-05-12T21:57:11.280896+09:00,종로·청계 관광특구,종로·청계 관광특구,POI006,KEY_2,2026 Creative AI : Computer Vision,2026-05-12~2026-06-09,서울 종로구 율곡로 1길 37,126.980303746598,37.5696912777696,,https://culture.seoul.go.kr/cmmn/file/getImage.do?atchFileId=14a3fd01522546f8a240146ca6e846be&thumb=Y,https://culture.seoul.go.kr/culture/culture/cultureEvent/view.do?cultcode=157502&menuNo=200011,
2026-05-12T21:57:11.280896+09:00,종로·청계 관광특구,종로·청계 관광특구,POI006,KEY_2,2026 해치마당 미디어월 봄 전시,2026-04-10~2026-06-19,광화문 역 9번출구 진입로 벽면 해치마당 미디어월,126.976787992565,37.5716228232824,,https://culture.seoul.go.kr/cmmn/file/getImage.do?atchFileId=ac862f94f21744ec8092ccc4372c0539&thumb=Y,https://culture.seoul.go.kr/culture/culture/cultureEvent/view.do?cultcode=157787&menuNo=200009,
2026-05-12T21:57:11.280896+09:00,종로·청계 관광특구,종로·청계 관광특구,POI006,KEY_2,기.기.기(奇.己.氣): 동시대와 시행착오,2026-04-01~2026-05-31,일민미술관,126.977657083792,37.5698677620456,,https://culture.seoul.go.kr/cmmn/file/getImage.do?atchFileId=6e05d79e4d0e4358b3eae2df5081eb13&thumb=Y,https://culture.seoul.go.kr/culture/culture/cultureEvent/view.do?cultcode=157256&menuNo=200009,
2026-05-12T21:57:11.280896+09:00,홍대 관광특구,홍대 관광특구,POI007,KEY_3,[서울생활문화센터 서교] art1st - 소리로 그리는 마음,2026-05-12~2026-07-28,서울생활문화센터 서교(합정역),126.916493990351,37.5508138163956,,https://culture.seoul.go.kr/cmmn/file/getImage.do?atchFileId=e1a661be31c548d7927816115a8ee8cf&thumb=Y,https://culture.seoul.go.kr/culture/culture/cultureEvent/view.do?cultcode=157788&menuNo=200011,
2026-05-12T21:57:11.280896+09:00,홍대 관광특구,홍대 관광특구,POI007,KEY_3,김재연 개인전: 호기,2026-05-12~2026-05-24,크리스프 웨지,126.916412664084,37.5493590071323,,https://culture.seoul.go.kr/cmmn/file/getImage.do?atchFileId=242e40f466f2481fbd48977d6050188c&thumb=Y,https://culture.seoul.go.kr/culture/culture/cultureEvent/view.do?cultcode=157741&menuNo=200009,
2026-05-12T21:57:11.280896+09:00,고척돔,고척돔,POI086,KEY_2,[서울아트책보고] 처음 만나는 미술사 - 이소영 미술 교육인ㆍ미술 에세이스트,2026-05-02~2026-05-16,서울아트책보고 워크숍룸,126.867088741096,37.4982125677913,,https://culture.seoul.go.kr/cmmn/file/getImage.do?atchFileId=f47a521600bd4c239ce177fe47f7d1e8&thumb=Y,https://culture.seoul.go.kr/culture/culture/cultureEvent/view.do?cultcode=157567&menuNo=200011,
2026-05-12T21:57:11.280896+09:00,고척돔,고척돔,POI086,KEY_2,[서울아트책보고] 나와 타인을 알아가는 글쓰기,2026-04-08~2026-05-13,서울아트책보고,126.867088741096,37.4982125677913,N,https://culture.seoul.go.kr/cmmn/file/getImage.do?atchFileId=934cbbeed0e94753b2ddef8f32fddfe6&thumb=Y,https://culture.seoul.go.kr/culture/culture/cultureEvent/view.do?cultcode=156877&menuNo=200011,
2026-05-12T21:57:11.280896+09:00,고척돔,고척돔,POI086,KEY_2,[서울아트책보고] 처음 만나는 세계,2026-03-10~2026-05-31,서울아트책보고 북카페 앤 라운지,126.867088741096,37.4982125677913,,https://culture.seoul.go.kr/cmmn/file/getImage.do?atchFileId=57c7dae9273d4eaeb82db962852b352e&thumb=Y,https://culture.seoul.go.kr/culture/culture/cultureEvent/view.do?cultcode=156892&menuNo=200009,
2026-05-12T21:57:11.280896+09:00,광화문광장,광화문광장,POI088,KEY_1,빛과 어둠의 경계에서,2026-05-02~2026-05-25,세종문화회관 세종S씨어터,126.9760053,37.5726241,,https://culture.seoul.go.kr/cmmn/file/getImage.do?atchFileId=0eeea492c11e4eb7816334e58cfeb6ce&thumb=Y,https://culture.seoul.go.kr/culture/culture/cultureEvent/view.do?cultcode=157335&menuNo=200008,
2026-05-12T21:57:11.280896+09:00,광화문광장,광화문광장,POI088,KEY_1,2026 의정부지 역사유적광장 전통무예행사,2026-04-11~2026-10-31,의정부지 역사유적광장,126.977967142855,37.5748036513699,,https://culture.seoul.go.kr/cmmn/file/getImage.do?atchFileId=628a9bae996a407bbfee67752dd508db&thumb=Y,https://culture.seoul.go.kr/culture/culture/cultureEvent/view.do?cultcode=157327&menuNo=200010,
2026-05-12T21:57:11.280896+09:00,광화문광장,광화문광장,POI088,KEY_1,2026 아뜰리에 광화 봄 전시 [피어나는 빛],2026-04-11~2026-06-19,세종문화회관 외벽 미디어파사드,126.9760053,37.5726241,,https://culture.seoul.go.kr/cmmn/file/getImage.do?atchFileId=196d7f704d5646a2bb4bb40523a8c4aa&thumb=Y,https://culture.seoul.go.kr/culture/culture/cultureEvent/view.do?cultcode=157432&menuNo=200009,
2026-05-12T21:57:11.280896+09:00,광화문광장,광화문광장,POI088,KEY_1,2026 해치마당 미디어월 봄 전시,2026-04-10~2026-06-19,광화문 역 9번출구 진입로 벽면 해치마당 미디어월,126.976787992565,37.5716228232824,,https://culture.seoul.go.kr/cmmn/file/getImage.do?atchFileId=ac862f94f21744ec8092ccc4372c0539&thumb=Y,https://culture.seoul.go.kr/culture/culture/cultureEvent/view.do?cultcode=157787&menuNo=200009,
2026-05-12T21:57:11.280896+09:00,광화문광장,광화문광장,POI088,KEY_1,[경복궁] 2026 생과방(상반기),2026-04-08~2026-05-27,경복궁 생과방,126.976842133821,37.5759040910202,,https://culture.seoul.go.kr/cmmn/file/getImage.do?atchFileId=4864144c5a084ea4a1228924afe585e6&thumb=Y,https://culture.seoul.go.kr/culture/culture/cultureEvent/view.do?cultcode=157368&menuNo=200011,
2026-05-12T21:57:11.280896+09:00,광화문광장,광화문광장,POI088,KEY_1,2026년 집옥재(팔우정 포함) 작은 도서관 개방,2026-04-01~2026-10-31,경복궁 집옥재·팔우정,126.976842133821,37.5759040910202,,https://culture.seoul.go.kr/cmmn/file/getImage.do?atchFileId=d70525e916b548cda13443c9e10190f3&thumb=Y,https://culture.seoul.go.kr/culture/culture/cultureEvent/view.do?cultcode=157383&menuNo=200011,
2026-05-12T21:57:11.280896+09:00,광화문광장,광화문광장,POI088,KEY_1,2026년 경복궁 [경회루·향원정] 특별관람,2026-04-01~2026-10-30,경복궁 경회루·향원정,126.976842133821,37.5759040910202,,https://culture.seoul.go.kr/cmmn/file/getImage.do?atchFileId=37630da9c19349fbac8494e92e5c64d8&thumb=Y,https://culture.seoul.go.kr/culture/culture/cultureEvent/view.do?cultcode=157389&menuNo=200011,
2026-05-12T21:57:11.280896+09:00,광화문광장,광화문광장,POI088,KEY_1,[세종문화회관] 세종예술아카데미 [정승빈 작가] 스테들러와 함께하는 여행드로잉 클래스,2026-03-31~2026-09-15,세종예술아카데미 스퀘어홀,126.9760053,37.5726241,,https://culture.seoul.go.kr/cmmn/file/getImage.do?atchFileId=a0247bcdf4484818baaca748c977391f&thumb=Y,https://culture.seoul.go.kr/culture/culture/cultureEvent/view.do?cultcode=157026&menuNo=200011,
2026-05-12T21:57:11.280896+09:00,광화문광장,광화문광장,POI088,KEY_1,[세종문화회관] 세종예술아카데미 [박인홍 작가] 스테들러와 함께하는 여행드로잉 클래스,2026-03-31~2026-08-31,세종예술아카데미 스퀘어홀,126.9760053,37.5726241,,https://culture.seoul.go.kr/cmmn/file/getImage.do?atchFileId=c9b88469d8f0468e960f00b0e5b0785d&thumb=Y,https://culture.seoul.go.kr/culture/culture/cultureEvent/view.do?cultcode=157025&menuNo=200011,
2026-05-12T21:57:11.280896+09:00,광화문광장,광화문광장,POI088,KEY_1,[세종문화회관] 세종예술아카데미 [그레이스 발레 (성인 취미 발레)],2026-03-30~2026-06-29,세종문화회관 예술동 4층 종합연습실,126.9760053,37.5726241,,https://culture.seoul.go.kr/cmmn/file/getImage.do?atchFileId=8b685870654e4cd78bf509ea783f7748&thumb=Y,https://culture.seoul.go.kr/culture/culture/cultureEvent/view.do?cultcode=156885&menuNo=200011,.
2026-05-12T21:57:11.280896+09:00,광화문광장,광화문광장,POI088,KEY_1,[세종문화회관] 세종예술아카데미 [정연석 작가] 스테들러와 함께하는 여행드로잉 클래스,2026-03-28~2026-09-05,세종예술아카데미 스퀘어홀,126.9760053,37.5726241,,https://culture.seoul.go.kr/cmmn/file/getImage.do?atchFileId=df2237ca7f754d009407bc3321cae86f&thumb=Y,https://culture.seoul.go.kr/culture/culture/cultureEvent/view.do?cultcode=157028&menuNo=200011,
2026-05-12T21:57:11.280896+09:00,광화문광장,광화문광장,POI088,KEY_1,[세종문화회관] 세종예술아카데미 [이승익 작가] 스테들러와 함께하는 여행드로잉 클래스,2026-03-28~2026-08-29,세종예술아카데미 스퀘어홀,126.9760053,37.5726241,,https://culture.seoul.go.kr/cmmn/file/getImage.do?atchFileId=09ebfb8dbbcf453e86aadfe529b90ff8&thumb=Y,https://culture.seoul.go.kr/culture/culture/cultureEvent/view.do?cultcode=157027&menuNo=200011,
2026-05-12T21:57:11.280896+09:00,광화문광장,광화문광장,POI088,KEY_1,[세종문화회관] 2026 상반기 세종 어린이 발레 아카데미,2026-03-28~2026-06-27,세종문화회관 예술동 4층 종합연습실,126.9760053,37.5726241,,https://culture.seoul.go.kr/cmmn/file/getImage.do?atchFileId=b47ad1471d3d428a9482934f7b03787f&thumb=Y,https://culture.seoul.go.kr/culture/culture/cultureEvent/view.do?cultcode=157104&menuNo=200011,
2026-05-12T21:57:11.280896+09:00,광화문광장,광화문광장,POI088,KEY_1,[세종문화회관] 세종예술아카데미 [이야기가 있는 클래식],2026-03-19~2026-05-28,세종문화회관 서클홀,126.9760053,37.5726241,,https://culture.seoul.go.kr/cmmn/file/getImage.do?atchFileId=0373af8e16694df8b923159a02ec0a2a&thumb=Y,https://culture.seoul.go.kr/culture/culture/cultureEvent/view.do?cultcode=156883&menuNo=200011,.
2026-05-12T21:57:11.280896+09:00,광화문광장,광화문광장,POI088,KEY_1,[세종문화회관] 세종예술아카데미 [미술사가 이 현의 전시와 함께보는 서양 미술사 - 바로크와 로코코],2026-03-19~2026-05-21,세종문화회관 서클홀,126.9760053,37.5726241,,https://culture.seoul.go.kr/cmmn/file/getImage.do?atchFileId=377ac3cd61d6416baa3b3f43a826b900&thumb=Y,https://culture.seoul.go.kr/culture/culture/cultureEvent/view.do?cultcode=156881&menuNo=200011,.
2026-05-12T21:57:11.280896+09:00,광화문광장,광화문광장,POI088,KEY_1,[세종문화회관] 세종예술아카데미 [클래식브런치],2026-03-18~2026-05-20,세종문화회관 서클홀,126.9760053,37.5726241,,https://culture.seoul.go.kr/cmmn/file/getImage.do?atchFileId=43b7fd7ecf2b44d1b7ba2ec25e6cc7a7&thumb=Y,https://culture.seoul.go.kr/culture/culture/cultureEvent/view.do?cultcode=156880&menuNo=200011,.
2026-05-12T21:57:11.280896+09:00,광화문광장,광화문광장,POI088,KEY_1,[세종문화회관] 세종예술아카데미 [히든보이스],2026-03-17~2026-06-30,세종문화회관 서클홀,126.9760053,37.5726241,,https://culture.seoul.go.kr/cmmn/file/getImage.do?atchFileId=96b505aa681348d48b661d248108f577&thumb=Y,https://culture.seoul.go.kr/culture/culture/cultureEvent/view.do?cultcode=156809&menuNo=200011,.
2026-05-12T21:57:11.280896+09:00,광화문광장,광화문광장,POI088,KEY_1,[세종문화회관] 세종예술아카데미 [2026 상반기 스포츠 in 아트스테이션],2026-03-16~2026-06-26,세종문화회관 오픈스테이지의 탁 트인 마루형 공간,126.9760053,37.5726241,,https://culture.seoul.go.kr/cmmn/file/getImage.do?atchFileId=16cb755c035e4ddc86c7cfbfa3654ca5&thumb=Y,https://culture.seoul.go.kr/culture/culture/cultureEvent/view.do?cultcode=157023&menuNo=200011,
2026-05-12T21:57:11.280896+09:00,광화문광장,광화문광장,POI088,KEY_1,[국가유산청 궁능유적본부] 수문장 순라의식,2026-03-01~2026-11-29,(토요일)경복궁 내부 (일요일， 공휴일)인사동 문화의 거리,126.976842133821,37.5759040910202,,https://culture.seoul.go.kr/cmmn/file/getImage.do?atchFileId=923de3d9169e463b9c8098a8e132be38&thumb=Y,https://culture.seoul.go.kr/culture/culture/cultureEvent/view.do?cultcode=156996&menuNo=200013,
2026-05-12T21:57:11.280896+09:00,국립중앙박물관·용산가족공원,국립중앙박물관·용산가족공원,POI089,KEY_2,[국립중앙박물관] 이슬람 미술， 찬란한 빛의 여정,2025-11-22~2026-10-11,국립중앙박물관 상설전시관 이슬람실,126.98020301648833,37.52385582212769,,https://culture.seoul.go.kr/cmmn/file/getImage.do?atchFileId=69db1f87ea6447c6a1fe901e146ce2e1&thumb=Y,https://culture.seoul.go.kr/culture/culture/cultureEvent/view.do?cultcode=156371&menuNo=200009,
2026-05-12T21:57:11.280896+09:00,국립중앙박물관·용산가족공원,국립중앙박물관·용산가족공원,POI089,KEY_2,[국립중앙박물관] 보존과학， 새로운 시작 함께하는 미래,2025-10-28~2026-06-30,국립중앙박물관 보존과학센터 1층,126.98020301648833,37.52385582212769,,https://culture.seoul.go.kr/cmmn/file/getImage.do?atchFileId=649b5716289a4bf2a97dcc27a7962d0c&thumb=Y,https://culture.seoul.go.kr/culture/culture/cultureEvent/view.do?cultcode=156376&menuNo=200009,
2026-05-12T21:57:11.280896+09:00,국립중앙박물관·용산가족공원,국립중앙박물관·용산가족공원,POI089,KEY_2,[국립중앙박물관] 각角진 백자 이야기,2025-08-26~2026-06-21,국립중앙박물관 상설전시관 3층,126.98020301648833,37.52385582212769,,https://culture.seoul.go.kr/cmmn/file/getImage.do?atchFileId=e522fa75398e4832b8862dd5a66863a7&thumb=Y,https://culture.seoul.go.kr/culture/culture/cultureEvent/view.do?cultcode=156377&menuNo=200009,
2026-05-12T21:57:11.280896+09:00,남산공원,남산공원,POI091,KEY_1,2026 서울시 태권도 공연,2026-05-09~2026-10-18,남산골한옥마을， DDP(동대문디자인플라자) 등,126.994440072131,37.559304933707146,,https://culture.seoul.go.kr/cmmn/file/getImage.do?atchFileId=292cefda02074a1bba028aea65b48755&thumb=Y,https://culture.seoul.go.kr/culture/culture/cultureEvent/view.do?cultcode=157783&menuNo=200013,
2026-05-12T21:57:11.280896+09:00,남산공원,남산공원,POI091,KEY_1,[남산골한옥마을] 2026 남산골 전통체험 [예술가의 시간],2026-04-03~2026-10-25,남산골한옥마을 전통가옥 프로그램별 상이,126.994440072131,37.559304933707146,,https://culture.seoul.go.kr/cmmn/file/getImage.do?atchFileId=65cd91f8db7b435e96bed67b434bcb84&thumb=Y,https://culture.seoul.go.kr/culture/culture/cultureEvent/view.do?cultcode=157090&menuNo=200011,
2026-05-12T21:57:11.280896+09:00,남산공원,남산공원,POI091,KEY_1,[남산골한옥마을] 남산골 전통혼례,2026-03-28~2026-11-15,관훈동 민씨가옥 안채 마당 (야외 혼례),126.994440072131,37.559304933707146,,https://culture.seoul.go.kr/cmmn/file/getImage.do?atchFileId=33830aa756d2463ab6ae27c45a425b0e&thumb=Y,https://culture.seoul.go.kr/culture/culture/cultureEvent/view.do?cultcode=156333&menuNo=200010,
2026-05-12T21:57:11.280896+09:00,남산공원,남산공원,POI091,KEY_1,2026 국립극장 어린이 예술학교 유아반 (1학기),2026-03-14~2026-05-23,국립극장 뜰아래연습장 B2 다목적교육실,126.999267349473,37.5519949082942,,https://culture.seoul.go.kr/cmmn/file/getImage.do?atchFileId=4d36afd4ac204d67bade0bd7b035e70a&thumb=Y,https://culture.seoul.go.kr/culture/culture/cultureEvent/view.do?cultcode=156884&menuNo=200011,
2026-05-12T21:57:11.280896+09:00,노들섬,노들섬,POI092,KEY_2,2026 서울거리공연 구석구석라이브,2026-05-01~2026-12-31,공연별 상이,126.958036465507,37.5176638307111,,https://culture.seoul.go.kr/cmmn/file/getImage.do?atchFileId=edccc8857cfe4ac1886089adadae554e&thumb=Y,https://culture.seoul.go.kr/culture/culture/cultureEvent/view.do?cultcode=157655&menuNo=200008,
2026-05-12T21:57:11.280896+09:00,노들섬,노들섬,POI092,KEY_2,[서울문화재단] 2026 신당창작아케이드 [어쩌다 마주친 공예 in 노들섬],2026-03-27~2026-12-31,노들섬 노들서가 내 아트스페이스 엣지 1층 (서울특별시 용산구 양녕로 445),126.958036465507,37.5176638307111,,https://culture.seoul.go.kr/cmmn/file/getImage.do?atchFileId=a8c296336d0f4398b55de07ad93424af&thumb=Y,https://culture.seoul.go.kr/culture/culture/cultureEvent/view.do?cultcode=157363&menuNo=200009,
2026-05-12T21:57:11.280896+09:00,서울숲공원,서울숲공원,POI101,KEY_2,2026 서울국제정원박람회,2026-05-01~2026-10-27,서울숲 일대,127.041799099222,37.5430701468405,,https://culture.seoul.go.kr/cmmn/file/getImage.do?atchFileId=94950c28bee44177bf2bff226fec0dc4&thumb=Y,https://culture.seoul.go.kr/culture/culture/cultureEvent/view.do?cultcode=156916&menuNo=200010,
2026-05-12T21:57:11.280896+09:00,서울숲공원,서울숲공원,POI101,KEY_2,2026 서로장터,2026-04-26~2026-11-01,서울광장， 서울숲， 양재시민의 숲， 잠수교,127.041799099222,37.5430701468405,N,https://culture.seoul.go.kr/cmmn/file/getImage.do?atchFileId=b5b274e789f84a8da67e6c2ec3815326&thumb=Y,https://culture.seoul.go.kr/culture/culture/cultureEvent/view.do?cultcode=157478&menuNo=200010,
2026-05-12T21:57:11.280896+09:00,송현녹지광장,송현녹지광장,POI129,KEY_3,[서울공예박물관] 색유만개 : 권순형 기증특별전시,2026-05-12~2026-08-02,서울공예박물관 전시1동  1층 로비， 안내동 일부,126.983533363501,37.5766481740232,,https://culture.seoul.go.kr/cmmn/file/getImage.do?atchFileId=36124f9be563428e8d2635a4078fd319&thumb=Y,https://culture.seoul.go.kr/culture/culture/cultureEvent/view.do?cultcode=157607&menuNo=200009,
2026-05-12T21:57:11.280896+09:00,송현녹지광장,송현녹지광장,POI129,KEY_3,[서울공예박물관] 공예협력전시 [안동별궁， 시간의 겹],2026-04-28~2027-08-29,서울공예박물관 전시1동 3층 기획전시실,126.983533363501,37.5766481740232,N,https://culture.seoul.go.kr/cmmn/file/getImage.do?atchFileId=a1622fcb6e024123ac90f40cdc8e32fd&thumb=Y,https://culture.seoul.go.kr/culture/culture/cultureEvent/view.do?cultcode=157420&menuNo=200009,
2026-05-12T21:57:11.280896+09:00,송현녹지광장,송현녹지광장,POI129,KEY_3,[서울공예박물관] 한불수교 140주년 기념전시 [더 하이브리드],2026-04-28~2026-07-26,서울공예박물관 전시1동 3층 기획전시실,126.983533363501,37.5766481740232,N,https://culture.seoul.go.kr/cmmn/file/getImage.do?atchFileId=aaaf677cdfac468db6f5c9e13fd397ad&thumb=Y,https://culture.seoul.go.kr/culture/culture/cultureEvent/view.do?cultcode=157211&menuNo=200009,
2026-05-12T21:57:11.280896+09:00,송현녹지광장,송현녹지광장,POI129,KEY_3,[서울공예박물관] 공예동행@쇼윈도 #2. 빛의 흐름 The Flow of Light,2026-04-08~2026-05-31,전시3동 1층 쇼윈도 갤러리,126.983533363501,37.5766481740232,,https://culture.seoul.go.kr/cmmn/file/getImage.do?atchFileId=d813307c6065486caf69b2ad498a0e61&thumb=Y,https://culture.seoul.go.kr/culture/culture/cultureEvent/view.do?cultcode=157354&menuNo=200009,
2026-05-12T21:57:11.280896+09:00,송현녹지광장,송현녹지광장,POI129,KEY_3,스펙트로신테시스 서울 Spectrosynthesis Seoul,2026-03-20~2026-06-28,아트선재센터,126.981839239613,37.5794635323506,,https://culture.seoul.go.kr/cmmn/file/getImage.do?atchFileId=1bbb87d0d71243b996db22604e96a261&thumb=Y,https://culture.seoul.go.kr/culture/culture/cultureEvent/view.do?cultcode=157262&menuNo=200009,
2026-05-12T21:57:11.280896+09:00,어린이대공원,어린이대공원,POI104,KEY_1,[서울상상나라] To. 외계인,2026-05-09~2026-07-19,서울상상나라 B1 창의놀이실,127.077569,37.55055,,https://culture.seoul.go.kr/cmmn/file/getImage.do?atchFileId=240d6c4f932d44c099f463537898e10d&thumb=Y,https://culture.seoul.go.kr/culture/culture/cultureEvent/view.do?cultcode=157797&menuNo=200011,
2026-05-12T21:57:11.280896+09:00,어린이대공원,어린이대공원,POI104,KEY_1,[서울상상나라] 에너지 위기! 대체에너지 탐험,2026-05-09~2026-07-19,서울상상나라 B1 표현놀이실,127.077569,37.55055,,https://culture.seoul.go.kr/cmmn/file/getImage.do?atchFileId=582b93fb96294ba4b10535197ad0b6e4&thumb=Y,https://culture.seoul.go.kr/culture/culture/cultureEvent/view.do?cultcode=157798&menuNo=200011,
2026-05-12T21:57:11.280896+09:00,어린이대공원,어린이대공원,POI104,KEY_1,[서울상상나라] 우리 가족 얼굴 피자,2026-05-09~2026-05-31,서울상상나라 B1 요리놀이실,127.077569,37.55055,,https://culture.seoul.go.kr/cmmn/file/getImage.do?atchFileId=911928e567334b468469a48c46b21df2&thumb=Y,https://culture.seoul.go.kr/culture/culture/cultureEvent/view.do?cultcode=157800&menuNo=200011,
2026-05-12T21:57:11.280896+09:00,어린이대공원,어린이대공원,POI104,KEY_1,[서울상상나라] 연두빛 타르트,2026-05-09~2026-05-31,서울상상나라 B1 요리놀이실,127.077569,37.55055,,https://culture.seoul.go.kr/cmmn/file/getImage.do?atchFileId=8294893045ec4d9db9f6d5e2b49c908e&thumb=Y,https://culture.seoul.go.kr/culture/culture/cultureEvent/view.do?cultcode=157799&menuNo=200011,
2026-05-12T21:57:11.280896+09:00,어린이대공원,어린이대공원,POI104,KEY_1,[서울상상나라] 놀이의 가능성: 보다,2026-04-28~2026-10-31,서울상상나라 1층 로비,127.077569,37.55055,,https://culture.seoul.go.kr/cmmn/file/getImage.do?atchFileId=33e106ada63a4554889b2194d3b76aa7&thumb=Y,https://culture.seoul.go.kr/culture/culture/cultureEvent/view.do?cultcode=157801&menuNo=200009,
2026-05-12T21:57:11.280896+09:00,어린이대공원,어린이대공원,POI104,KEY_1,[서울상상나라] 2F 기획전시 [사랑하는 모양이야],2025-11-15~2026-11-15,2층 서울형 키즈카페 시립 서울상상나라점,127.077569,37.55055,,https://culture.seoul.go.kr/cmmn/file/getImage.do?atchFileId=49257064be8745158d56780a881325da&thumb=Y,https://culture.seoul.go.kr/culture/culture/cultureEvent/view.do?cultcode=156165&menuNo=200009,
2026-05-12T21:57:11.280896+09:00,어린이대공원,어린이대공원,POI104,KEY_1,[서울상상나라] 통-하다,2025-11-11~2026-11-11,서울상상나라 1층 상설전시실,127.077569,37.55055,,https://culture.seoul.go.kr/cmmn/file/getImage.do?atchFileId=43c7d50c4bcf488982db4ed5e5d6a2a9&thumb=Y,https://culture.seoul.go.kr/culture/culture/cultureEvent/view.do?cultcode=155891&menuNo=200009,
2026-05-12T21:57:11.280896+09:00,어린이대공원,어린이대공원,POI104,KEY_1,[서울상상나라] 그림책 작업실:엉뚱하고 기발한,2025-07-15~2026-07-15,서울상상나라 지하 1층 기획전시실,127.077569,37.55055,,https://culture.seoul.go.kr/cmmn/file/getImage.do?atchFileId=96afe0108a624e499e8ba01e7cb308c1&thumb=Y,https://culture.seoul.go.kr/culture/culture/cultureEvent/view.do?cultcode=154150&menuNo=200009,
2026-05-12T21:57:11.280896+09:00,올림픽공원,올림픽공원,POI127,KEY_1,[한성백제박물관] 상반기 장애인 단체 대면 교육 [옛날옛날， 빛나는 백제 이야기],2026-05-12~2026-06-30,박물관 로비/교육실,127.12088940368128,37.51543881335773,,https://culture.seoul.go.kr/cmmn/file/getImage.do?atchFileId=58420146f27740e39e6ac91e88d71d70&thumb=Y,https://culture.seoul.go.kr/culture/culture/cultureEvent/view.do?cultcode=157690&menuNo=200011,
2026-05-12T21:57:11.280896+09:00,올림픽공원,올림픽공원,POI127,KEY_1,[서울백제어린이박물관] 초등 2-3학년 학급 대상 [어린이백제연구소2] 옛날 도구， 오늘날 도구 (도구의변천),2026-05-12~2026-06-10,서울백제어린이박물관(교육실， 전시실),127.124412,37.523991,,https://culture.seoul.go.kr/cmmn/file/getImage.do?atchFileId=85ede03678db4ee5a0adb99f465d78ff&thumb=Y,https://culture.seoul.go.kr/culture/culture/cultureEvent/view.do?cultcode=156836&menuNo=200011,
2026-05-12T21:57:11.280896+09:00,올림픽공원,올림픽공원,POI127,KEY_1,[한성백제박물관] 2026년 상반기 성인 대상 [서울 고대유적 탐방],2026-04-28~2026-06-11,한성백제박물관， 몽촌토성， 풍납동토성， 석촌동고분군 일대,127.12088940368128,37.51543881335773,,https://culture.seoul.go.kr/cmmn/file/getImage.do?atchFileId=3d89263b5e85481c894204ef7a05d20e&thumb=Y,https://culture.seoul.go.kr/culture/culture/cultureEvent/view.do?cultcode=157084&menuNo=200011,
2026-05-12T21:57:11.280896+09:00,올림픽공원,올림픽공원,POI127,KEY_1,[소마미술관] 조각이 꿈+틀 [올림픽조각체험프로젝트#02] 상설전,2026-04-17~2026-09-06,소마미술관 2관 상설전시실,127.118166964751,37.516920655117,,https://culture.seoul.go.kr/cmmn/file/getImage.do?atchFileId=c4ac3bd4533342b993b5ccfd5d42086c&thumb=Y,https://culture.seoul.go.kr/culture/culture/cultureEvent/view.do?cultcode=157117&menuNo=200009,
2026-05-12T21:57:11.280896+09:00,올림픽공원,올림픽공원,POI127,KEY_1,올림픽 조각체험 프로젝트#2 [조각이 꿈+틀],2026-04-17~2026-09-06,소마미술관,127.118166964751,37.516920655117,,https://culture.seoul.go.kr/cmmn/file/getImage.do?atchFileId=6825663978de46c192543240dfbb2185&thumb=Y,https://culture.seoul.go.kr/culture/culture/cultureEvent/view.do?cultcode=157318&menuNo=200009,
2026-05-12T21:57:11.280896+09:00,올림픽공원,올림픽공원,POI127,KEY_1,[소마미술관] 그림책이 살아있다!,2026-04-17~2026-09-06,소마미술관 2관 기획전시실,127.118166964751,37.516920655117,,https://culture.seoul.go.kr/cmmn/file/getImage.do?atchFileId=cf267080189e4a3eadeeb6c5e8b0ade7&thumb=Y,https://culture.seoul.go.kr/culture/culture/cultureEvent/view.do?cultcode=157116&menuNo=200009,
2026-05-12T21:57:11.280896+09:00,올림픽공원,올림픽공원,POI127,KEY_1,이승택 개인전 [조각의 바깥에서],2026-04-10~2026-07-26,소마미술관,127.118166964751,37.516920655117,,https://culture.seoul.go.kr/cmmn/file/getImage.do?atchFileId=fa83edf506b643e2bec777cac69729ce&thumb=Y,https://culture.seoul.go.kr/culture/culture/cultureEvent/view.do?cultcode=157317&menuNo=200009,
2026-05-12T21:57:11.280896+09:00,올림픽공원,올림픽공원,POI127,KEY_1,[한성백제박물관] 2026년 상반기 문화다양성 교육 [백제와 함께하는 이웃나라들],2026-03-31~2026-06-30,대면) 박물관 교육실/ (비대면) 각 학급 교실,127.12088940368128,37.51543881335773,,https://culture.seoul.go.kr/cmmn/file/getImage.do?atchFileId=79379b0c10fc462fb325ecdb455dd3db&thumb=Y,https://culture.seoul.go.kr/culture/culture/cultureEvent/view.do?cultcode=157232&menuNo=200011,
2026-05-12T21:57:11.280896+09:00,올림픽공원,올림픽공원,POI127,KEY_1,[한성백제박물관] 2026 상반기 초등단체 대면 교육 [서울 쏙! 백제 콕!],2026-03-26~2026-07-03,한성백제박물관 교육실,127.12088940368128,37.51543881335773,,https://culture.seoul.go.kr/cmmn/file/getImage.do?atchFileId=f3b484610b65420297a3ae47001c6120&thumb=Y,https://culture.seoul.go.kr/culture/culture/cultureEvent/view.do?cultcode=156906&menuNo=200011,
2026-05-12T21:57:11.280896+09:00,올림픽공원,올림픽공원,POI127,KEY_1,[한성백제박물관] 2026 상반기 초등단체 비대면 교육 [서울 쏙! 백제 콕!],2026-03-26~2026-07-03,각 학급 교실(비대면 원격 교육),127.12088940368128,37.51543881335773,,https://culture.seoul.go.kr/cmmn/file/getImage.do?atchFileId=fb761ebe217849eaa4f63b1b0f6ac759&thumb=Y,https://culture.seoul.go.kr/culture/culture/cultureEvent/view.do?cultcode=156907&menuNo=200011,
2026-05-12T21:57:11.280896+09:00,올림픽공원,올림픽공원,POI127,KEY_1,[한성백제박물관] 초등 4~6학년 단체 대면 교육 [한강삼국지: 삼국의 한강 쟁탈전],2026-03-24~2026-07-01,한성백제박물관 교육실,127.12088940368128,37.51543881335773,,https://culture.seoul.go.kr/cmmn/file/getImage.do?atchFileId=0183d0f0f64d43dea7f2f1f5a5823734&thumb=Y,https://culture.seoul.go.kr/culture/culture/cultureEvent/view.do?cultcode=156755&menuNo=200011,
2026-05-12T21:57:11.280896+09:00,올림픽공원,올림픽공원,POI127,KEY_1,[한성백제박물관] 초등 4~6학년 학급 비대면 교육 [한강삼국지: 삼국의 한강 쟁탈전],2026-03-24~2026-07-01,신청 학급 교실,127.12088940368128,37.51543881335773,,https://culture.seoul.go.kr/cmmn/file/getImage.do?atchFileId=ee2f38002896461d88e55f36df203dfc&thumb=Y,https://culture.seoul.go.kr/culture/culture/cultureEvent/view.do?cultcode=156754&menuNo=200011,
2026-05-12T21:57:11.280896+09:00,올림픽공원,올림픽공원,POI127,KEY_1,[서울백제어린이박물관] 유단체 대상 [서울역사생태탐험대1] 봄,2026-03-19~2026-05-21,서울백제어린이박물관(교육실， 전시실)， 야외생태체험장， 전시실 등,127.124412,37.523991,,https://culture.seoul.go.kr/cmmn/file/getImage.do?atchFileId=7504518b70b54ac7b5c8367519f44947&thumb=Y,https://culture.seoul.go.kr/culture/culture/cultureEvent/view.do?cultcode=156747&menuNo=200011,
2026-05-12T21:57:11.280896+09:00,올림픽공원,올림픽공원,POI127,KEY_1,[한성백제박물관] 2026년 상반기 주말가족교육 [문화유산 보존 연구소],2026-03-14~2026-07-04,한성백제박물관 교육실,127.12088940368128,37.51543881335773,,https://culture.seoul.go.kr/cmmn/file/getImage.do?atchFileId=69fec744c82446619d58e8ce8cb6baab&thumb=Y,https://culture.seoul.go.kr/culture/culture/cultureEvent/view.do?cultcode=156850&menuNo=200011,
2026-05-12T21:57:11.280896+09:00,올림픽공원,올림픽공원,POI127,KEY_1,[한성백제박물관] 2026년 상반기 주말가족탐방 [몽촌토성 탐방],2026-03-14~2026-05-30,몽촌토성， 박물관 교육실,127.12088940368128,37.51543881335773,,https://culture.seoul.go.kr/cmmn/file/getImage.do?atchFileId=31a20aade65d41b882a74ff2a6424ee7&thumb=Y,https://culture.seoul.go.kr/culture/culture/cultureEvent/view.do?cultcode=156851&menuNo=200011,
2026-05-12T21:57:11.280896+09:00,북촌한옥마을,북촌한옥마을,POI066,KEY_3,[서울공예박물관] 색유만개 : 권순형 기증특별전시,2026-05-12~2026-08-02,서울공예박물관 전시1동  1층 로비， 안내동 일부,126.983533363501,37.5766481740232,,https://culture.seoul.go.kr/cmmn/file/getImage.do?atchFileId=36124f9be563428e8d2635a4078fd319&thumb=Y,https://culture.seoul.go.kr/culture/culture/cultureEvent/view.do?cultcode=157607&menuNo=200009,
2026-05-12T21:57:11.280896+09:00,북촌한옥마을,북촌한옥마을,POI066,KEY_3,[갤러리지우헌] 허상욱 개인전: 분청 마음,2026-05-06~2026-06-03,갤러리 지우헌,126.982999426985,37.5833833879584,,https://culture.seoul.go.kr/cmmn/file/getImage.do?atchFileId=cbdadfe6623e471d8e41a958828bab71&thumb=Y,https://culture.seoul.go.kr/culture/culture/cultureEvent/view.do?cultcode=157715&menuNo=200009,전시 오프닝은 5월 6일 오후 4시에 진행되며， 작가가 직접 작품을 소개하는 자리가 마련될 예정이다. 행사에는 100년 전통 ㈜지평주조의 ‘지평탁주’가 함께 제공됩니다.
2026-05-12T21:57:11.280896+09:00,북촌한옥마을,북촌한옥마을,POI066,KEY_3,[서울공예박물관] 공예협력전시 [안동별궁， 시간의 겹],2026-04-28~2027-08-29,서울공예박물관 전시1동 3층 기획전시실,126.983533363501,37.5766481740232,N,https://culture.seoul.go.kr/cmmn/file/getImage.do?atchFileId=a1622fcb6e024123ac90f40cdc8e32fd&thumb=Y,https://culture.seoul.go.kr/culture/culture/cultureEvent/view.do?cultcode=157420&menuNo=200009,
2026-05-12T21:57:11.280896+09:00,북촌한옥마을,북촌한옥마을,POI066,KEY_3,[서울공예박물관] 한불수교 140주년 기념전시 [더 하이브리드],2026-04-28~2026-07-26,서울공예박물관 전시1동 3층 기획전시실,126.983533363501,37.5766481740232,N,https://culture.seoul.go.kr/cmmn/file/getImage.do?atchFileId=aaaf677cdfac468db6f5c9e13fd397ad&thumb=Y,https://culture.seoul.go.kr/culture/culture/cultureEvent/view.do?cultcode=157211&menuNo=200009,
2026-05-12T21:57:11.280896+09:00,북촌한옥마을,북촌한옥마을,POI066,KEY_3,[서울공예박물관] 공예동행@쇼윈도 #2. 빛의 흐름 The Flow of Light,2026-04-08~2026-05-31,전시3동 1층 쇼윈도 갤러리,126.983533363501,37.5766481740232,,https://culture.seoul.go.kr/cmmn/file/getImage.do?atchFileId=d813307c6065486caf69b2ad498a0e61&thumb=Y,https://culture.seoul.go.kr/culture/culture/cultureEvent/view.do?cultcode=157354&menuNo=200009,
2026-05-12T21:57:11.280896+09:00,북촌한옥마을,북촌한옥마을,POI066,KEY_3,스펙트로신테시스 서울 Spectrosynthesis Seoul,2026-03-20~2026-06-28,아트선재센터,126.981839239613,37.5794635323506,,https://culture.seoul.go.kr/cmmn/file/getImage.do?atchFileId=1bbb87d0d71243b996db22604e96a261&thumb=Y,https://culture.seoul.go.kr/culture/culture/cultureEvent/view.do?cultcode=157262&menuNo=200009,
2026-05-12T21:57:11.280896+09:00,서촌,서촌,POI067,KEY_1,[서울생활문화센터 체부] 체부작업展 [선 위에 머무는 마음],2026-04-28~2026-06-30,윈도우 갤러리， 금오재 마실,126.97148941423,37.5767084987432,,https://culture.seoul.go.kr/cmmn/file/getImage.do?atchFileId=b51cfd4f38d64d21be656e622812b5cb&thumb=Y,https://culture.seoul.go.kr/culture/culture/cultureEvent/view.do?cultcode=157790&menuNo=200009,
2026-05-12T21:57:11.280896+09:00,서촌,서촌,POI067,KEY_1,[종로문화재단] 금빛으로 지은 옷을 여미다,2025-12-16~2026-06-26,배화여자대학교 도서관 1층 전통문화전시실,126.967291871532,37.5795440101952,,https://culture.seoul.go.kr/cmmn/file/getImage.do?atchFileId=dc73759daf4e460fb1b9184a298f8c43&thumb=Y,https://culture.seoul.go.kr/culture/culture/cultureEvent/view.do?cultcode=156309&menuNo=200009,
2026-05-12T21:57:11.280896+09:00,서촌,서촌,POI067,KEY_1,[종로문화재단] 박노수미술관 개관12주년 기념전시 [산수·격물],2025-09-19~2026-12-06,종로구립 박노수미술관,126.966818545949,37.5813191962491,,https://culture.seoul.go.kr/cmmn/file/getImage.do?atchFileId=b3d1bbb9284b4b97bda71e967e5bb5a9&thumb=Y,https://culture.seoul.go.kr/culture/culture/cultureEvent/view.do?cultcode=155699&menuNo=200009,
2026-05-12T21:57:11.280896+09:00,인사동,인사동,POI078,KEY_3,[운현궁] 2026 기획 전시 [단청이 스며든 자리],2026-05-12~2026-05-17,운현궁 기획전시실,126.98708335796199,37.57607864675475,,https://culture.seoul.go.kr/cmmn/file/getImage.do?atchFileId=9fa80cafef594ba095f0682cd4cb8032&thumb=Y,https://culture.seoul.go.kr/culture/culture/cultureEvent/view.do?cultcode=157805&menuNo=200009,
2026-05-12T21:57:11.280896+09:00,인사동,인사동,POI078,KEY_3,[서울무형유산교육전시장] 2026년 운현궁에서 배우는 전통매듭 체험 모집,2026-05-06~2026-05-27,운현궁 이로당,126.98708335796199,37.57607864675475,,https://culture.seoul.go.kr/cmmn/file/getImage.do?atchFileId=d9f7c6b35e4b444dab781fe2fd07b841&thumb=Y,https://culture.seoul.go.kr/culture/culture/cultureEvent/view.do?cultcode=157558&menuNo=200011,
2026-05-12T21:57:11.280896+09:00,인사동,인사동,POI078,KEY_3,[노화랑] 기획전 [IN PINK],2026-04-23~2026-05-14,노화랑 1， 2층 전시장,126.984085733694,37.5748603162364,N,https://culture.seoul.go.kr/cmmn/file/getImage.do?atchFileId=813a89fb33224ca9b184a59c222a411b&thumb=Y,https://culture.seoul.go.kr/culture/culture/cultureEvent/view.do?cultcode=157488&menuNo=200009,
2026-05-12T21:57:11.280896+09:00,인사동,인사동,POI078,KEY_3,[서울우리소리박물관] 2026년 상반기 외국인 전통문화체험,2026-04-16~2026-05-14,서울우리소리박물관 상설전시실 및 교육실,126.989622047178,37.577157928122,,https://culture.seoul.go.kr/cmmn/file/getImage.do?atchFileId=183cd9e9b78549d098992df989c47096&thumb=Y,https://culture.seoul.go.kr/culture/culture/cultureEvent/view.do?cultcode=157200&menuNo=200011,
2026-05-12T21:57:11.280896+09:00,인사동,인사동,POI078,KEY_3,[운현궁] 2026 서울 운현궁 예절교실,2026-04-01~2026-06-12,운현궁 이로당， 노락당,126.98708335796199,37.57607864675475,,https://culture.seoul.go.kr/cmmn/file/getImage.do?atchFileId=48bfe53ae79b43ffa93809a0bea94372&thumb=Y,https://culture.seoul.go.kr/culture/culture/cultureEvent/view.do?cultcode=156901&menuNo=200011,
2026-05-12T21:57:11.280896+09:00,인사동,인사동,POI078,KEY_3,[서울생활문화센터 낙원] 초보기타 교실 추가모집 / 색소폰 교실 & 클리닉,2026-03-18~2026-06-24,서울생활문화센터 낙원 5번 안내실,126.987902476529,37.5727635233966,,https://culture.seoul.go.kr/cmmn/file/getImage.do?atchFileId=19019906a68a46efbe0ae1c1d60984bd&thumb=Y,https://culture.seoul.go.kr/culture/culture/cultureEvent/view.do?cultcode=156978&menuNo=200011,
2026-05-12T21:57:11.280896+09:00,인사동,인사동,POI078,KEY_3,[서울우리소리박물관] 2026 자율학습 프로그램 [우리소리 친구들],2026-02-09~2026-12-31,누마루 또는 교육실,126.989622047178,37.577157928122,,https://culture.seoul.go.kr/cmmn/file/getImage.do?atchFileId=94d1c28647de4daf8f612b8fe830a020&thumb=Y,https://culture.seoul.go.kr/culture/culture/cultureEvent/view.do?cultcode=156746&menuNo=200011,
2026-05-12T21:57:11.280896+09:00,인사동,인사동,POI078,KEY_3,[서울우리소리박물관] 2025 서울우리소리박물관 기획전 [한강， 소리로 흐르다],2025-06-19~2026-05-28,서울우리소리박물관 기획전시실,126.989622047178,37.577157928122,,https://culture.seoul.go.kr/cmmn/file/getImage.do?atchFileId=6cbae2fb2066497e9499c66996d2aad8&thumb=Y,https://culture.seoul.go.kr/culture/culture/cultureEvent/view.do?cultcode=154089&menuNo=200009,
2026-05-12T21:57:11.280896+09:00,창동 신경제 중심지,창동 신경제 중심지,POI079,KEY_2,[서울시립 사진미술관] 어린이를 위한 감상교육 [미술관 탐험],2026-05-02~2026-06-13,서울시립 사진미술관 전시실 및 1교육실,127.048947814686,37.6555150225578,,https://culture.seoul.go.kr/cmmn/file/getImage.do?atchFileId=3b060851bfe0447fa662c416d69083b5&thumb=Y,https://culture.seoul.go.kr/culture/culture/cultureEvent/view.do?cultcode=157761&menuNo=200011,
2026-05-12T21:57:11.280896+09:00,창동 신경제 중심지,창동 신경제 중심지,POI079,KEY_2,[서울시립 사진미술관] 2026 서울사진축제 : 미술관 속 영화관 [진과 세계 사이에서],2026-04-24~2026-05-29,서울시립 사진미술관 2층 영상홀,127.048947814686,37.6555150225578,,https://culture.seoul.go.kr/cmmn/file/getImage.do?atchFileId=7938fe59e75e4986abeeaa7b0d1b15a9&thumb=Y,https://culture.seoul.go.kr/culture/culture/cultureEvent/view.do?cultcode=157489&menuNo=200013,
2026-05-12T21:57:11.280896+09:00,창동 신경제 중심지,창동 신경제 중심지,POI079,KEY_2,[서울시립 사진미술관] 2026 서울사진축제 : 포토라이브러리 워크숍 [일요일의 독서클럽],2026-04-12~2026-06-07,2층 영상홀， 4층 포토라이브러리,127.048947814686,37.6555150225578,,https://culture.seoul.go.kr/cmmn/file/getImage.do?atchFileId=498300d2f5194d3b8fd3d736e7cb345f&thumb=Y,https://culture.seoul.go.kr/culture/culture/cultureEvent/view.do?cultcode=157487&menuNo=200011,
2026-05-12T21:57:11.280896+09:00,창동 신경제 중심지,창동 신경제 중심지,POI079,KEY_2,[서울시립 사진미술관] 2026 서울사진축제 : Photo SeMA 기획서가 [모두를 위한 사진책],2026-04-09~2026-07-05,서울시립 사진미술관 4층 포토라이브러리,127.048947814686,37.6555150225578,,https://culture.seoul.go.kr/cmmn/file/getImage.do?atchFileId=65ddc38604e4492b869a6d972a08ec81&thumb=Y,https://culture.seoul.go.kr/culture/culture/cultureEvent/view.do?cultcode=157578&menuNo=200009,
2026-05-12T21:57:11.280896+09:00,창동 신경제 중심지,창동 신경제 중심지,POI079,KEY_2,[서울시립 사진미술관] 2026 서울사진축제 : 아티스트 토크 [작가의 방],2026-04-09~2026-06-14,서울시립 사진미술관 2층  영상홀,127.048947814686,37.6555150225578,,https://culture.seoul.go.kr/cmmn/file/getImage.do?atchFileId=20a62cd7a4a5468a905848cae3284ff6&thumb=Y,https://culture.seoul.go.kr/culture/culture/cultureEvent/view.do?cultcode=157475&menuNo=200009,
2026-05-12T21:57:11.280896+09:00,창동 신경제 중심지,창동 신경제 중심지,POI079,KEY_2,[서울시립 사진미술관] 2026 서울사진축제 [서울 사진 산책],2026-04-09~2026-06-14,서울 시내 24개소 문화공간 / 외부 별도 장소,127.048947814686,37.6555150225578,,https://culture.seoul.go.kr/cmmn/file/getImage.do?atchFileId=10e7f9cf6cd94078a47d5e519a4b6e7f&thumb=Y,https://culture.seoul.go.kr/culture/culture/cultureEvent/view.do?cultcode=157349&menuNo=200009,
2026-05-12T21:57:11.280896+09:00,창동 신경제 중심지,창동 신경제 중심지,POI079,KEY_2,[서울시립 사진미술관] 서울사진축제 《컴백홈》,2026-04-09~2026-06-14,서울시립 사진미술관,127.048947814686,37.6555150225578,,https://culture.seoul.go.kr/cmmn/file/getImage.do?atchFileId=c4c9d45245364ab48711d6ccbeb9e699&thumb=Y,https://culture.seoul.go.kr/culture/culture/cultureEvent/view.do?cultcode=157269&menuNo=200009,
2026-05-12T21:57:11.280896+09:00,창동 신경제 중심지,창동 신경제 중심지,POI079,KEY_2,[서울시립 사진미술관] 포토 디스커버리 프로젝트 《사진집》,2026-03-18~2026-06-14,서울시립 사진미술관 1층 로비,127.048947814686,37.6555150225578,,https://culture.seoul.go.kr/cmmn/file/getImage.do?atchFileId=0f7936d9f2d94354a36657010b418fbb&thumb=Y,https://culture.seoul.go.kr/culture/culture/cultureEvent/view.do?cultcode=157141&menuNo=200009,
2026-05-12T21:57:11.280896+09:00,DDP(동대문디자인플라자),DDP(동대문디자인플라자),POI083,KEY_3,김영준 x 요시다 유니 기획전 Face to face,2026-05-07~2026-06-07,DDP 이간수문전시장,127.00977973484339,37.56735731522952,,https://culture.seoul.go.kr/cmmn/file/getImage.do?atchFileId=2e699755a39b40619ddea53a22e59ef4&thumb=Y,https://culture.seoul.go.kr/culture/culture/cultureEvent/view.do?cultcode=157672&menuNo=200009,
2026-05-12T21:57:11.280896+09:00,DDP(동대문디자인플라자),DDP(동대문디자인플라자),POI083,KEY_3,Let Dreams Shine! [베베핀 드림랜드],2026-05-01~2026-05-31,동대문디자인플라자 디자인랩1층 DDP쇼룸,127.00977973484339,37.56735731522952,,https://culture.seoul.go.kr/cmmn/file/getImage.do?atchFileId=b578b0a0e4724a718dff9fbd6ca77cbc&thumb=Y,https://culture.seoul.go.kr/culture/culture/cultureEvent/view.do?cultcode=157641&menuNo=200011,
2026-05-12T21:57:11.280896+09:00,DDP(동대문디자인플라자),DDP(동대문디자인플라자),POI083,KEY_3,DDPlay 버스킹 5월 공연 안내,2026-05-01~2026-05-31,DDP 어울림광장， 팔거리,127.00977973484339,37.56735731522952,,https://culture.seoul.go.kr/cmmn/file/getImage.do?atchFileId=06255b5f16c1435a95ddf9214cbe8d86&thumb=Y,https://culture.seoul.go.kr/culture/culture/cultureEvent/view.do?cultcode=157546&menuNo=200008,
2026-05-12T21:57:11.280896+09:00,DDP(동대문디자인플라자),DDP(동대문디자인플라자),POI083,KEY_3,[서울디자인재단] 키크니 특별전 : 그렸고 그런 사이,2026-04-25~2026-09-06,뮤지엄 전시1관,127.00977973484339,37.56735731522952,,https://culture.seoul.go.kr/cmmn/file/getImage.do?atchFileId=5b5e3f16b605439ea83b1ecf8d5ce8b8&thumb=Y,https://culture.seoul.go.kr/culture/culture/cultureEvent/view.do?cultcode=157351&menuNo=200009,
2026-05-12T21:57:11.280896+09:00,DDP(동대문디자인플라자),DDP(동대문디자인플라자),POI083,KEY_3,이상한 K-뷰티 : 엄마의 서랍장,2026-04-10~2026-06-10,DDP 마켓 B2F 비더비 다운타운,127.00977973484339,37.56735731522952,,https://culture.seoul.go.kr/cmmn/file/getImage.do?atchFileId=e187f20c0b5d4e7ebcbff38d8f60b63e&thumb=Y,https://culture.seoul.go.kr/culture/culture/cultureEvent/view.do?cultcode=157606&menuNo=200009,
2026-05-12T21:57:11.280896+09:00,DDP(동대문디자인플라자),DDP(동대문디자인플라자),POI083,KEY_3,[서울디자인재단] DDP 루프탑 투어_2026,2026-03-21~2026-05-31,DDP 뮤지엄 1층(M3 출입문) 투어 데스크 (시작장소),127.00977973484339,37.56735731522952,,https://culture.seoul.go.kr/cmmn/file/getImage.do?atchFileId=973b28af071b405ea7f6eb7ab715abaa&thumb=Y,https://culture.seoul.go.kr/culture/culture/cultureEvent/view.do?cultcode=157428&menuNo=200011,
2026-05-12T21:57:11.280896+09:00,DDP(동대문디자인플라자),DDP(동대문디자인플라자),POI083,KEY_3,BtheB 뷰티기획전 [Beauty For All],2026-02-28~2026-06-07,DDP 지하2층 DDP마켓 비더비,127.00977973484339,37.56735731522952,,https://culture.seoul.go.kr/cmmn/file/getImage.do?atchFileId=5209bf1d22f345568a88cce60bbc8688&thumb=Y,https://culture.seoul.go.kr/culture/culture/cultureEvent/view.do?cultcode=156852&menuNo=200009,
2026-05-12T21:57:11.280896+09:00,DDP(동대문디자인플라자),DDP(동대문디자인플라자),POI083,KEY_3,[DDP] Dream in Light,2026-01-09~2026-12-31,DDP 전면， 유구전시장 앞， 미래로 상부,127.00977973484339,37.56735731522952,,https://culture.seoul.go.kr/cmmn/file/getImage.do?atchFileId=bfa59aa56eed4af8b441d88bad873037&thumb=Y,https://culture.seoul.go.kr/culture/culture/cultureEvent/view.do?cultcode=156491&menuNo=200009,
2026-05-12T21:57:11.280896+09:00,DDP(동대문디자인플라자),DDP(동대문디자인플라자),POI083,KEY_3,[서울디자인재단] DDP 건축투어,2026-01-02~2026-12-31,DDP 뮤지엄 1층 투어데스크,127.00977973484339,37.56735731522952,N,https://culture.seoul.go.kr/cmmn/file/getImage.do?atchFileId=47da849abe944ec9b7dedaf1ab283714&thumb=Y,https://culture.seoul.go.kr/culture/culture/cultureEvent/view.do?cultcode=156552&menuNo=200009,
2026-05-12T21:57:11.280896+09:00,서울식물원·마곡나루역,서울식물원·마곡나루역,POI032,KEY_1,[서울식물원] 2026 낭만수국전 HYDRANGEA SHOW,2026-05-02~2026-05-31,서울식물원 전시온실 지중해관,126.83500723721524,37.569657094189104,,https://culture.seoul.go.kr/cmmn/file/getImage.do?atchFileId=969c3a5bc5694862bdd4688ca678571d&thumb=Y,https://culture.seoul.go.kr/culture/culture/cultureEvent/view.do?cultcode=157795&menuNo=200009,
2026-05-12T21:57:11.280896+09:00,서울식물원·마곡나루역,서울식물원·마곡나루역,POI032,KEY_1,[서울식물원] 주제정원 봄 전시 [봄빛 정원: 땅에서 피어난 봄빛],2026-04-15~2026-05-31,서울식물원 주제정원 내 계류 주변,126.83500723721524,37.569657094189104,,https://culture.seoul.go.kr/cmmn/file/getImage.do?atchFileId=adfdc93640c946a29acdc8d12802f793&thumb=Y,https://culture.seoul.go.kr/culture/culture/cultureEvent/view.do?cultcode=157582&menuNo=200009,
2026-05-12T21:57:11.280896+09:00,서울식물원·마곡나루역,서울식물원·마곡나루역,POI032,KEY_1,[서울식물원] 2025년 서울식물원 기획 전시 [우리들의 자연， 행성적 공존],2025-05-27~2026-05-24,식물문화센터 프로젝트홀2， 주제원， 온실,126.83500723721524,37.569657094189104,,https://culture.seoul.go.kr/cmmn/file/getImage.do?atchFileId=e0d57fc6ab4046209bdf34ab6ac41c98&thumb=Y,https://culture.seoul.go.kr/culture/culture/cultureEvent/view.do?cultcode=153826&menuNo=200009,
2026-05-12T21:57:11.280896+09:00,시의회 앞,시의회 앞,POI130,KEY_1,[서울도서관] 2026년 서울야외도서관 (책읽는 서울광장， 광화문 책마당， 책읽는 맑은 냇가),2026-04-23~2026-11-01,서울광장， 광화문 광장， 청계천 일대,126.97769782752,37.5653338689441,N,https://culture.seoul.go.kr/cmmn/file/getImage.do?atchFileId=57da07b01aed40ad984d40559a42ae61&thumb=Y,https://culture.seoul.go.kr/culture/culture/cultureEvent/view.do?cultcode=156879&menuNo=200010,
2026-05-12T21:57:11.280896+09:00,시의회 앞,시의회 앞,POI130,KEY_1,기.기.기(奇.己.氣): 동시대와 시행착오,2026-04-01~2026-05-31,일민미술관,126.977657083792,37.5698677620456,,https://culture.seoul.go.kr/cmmn/file/getImage.do?atchFileId=6e05d79e4d0e4358b3eae2df5081eb13&thumb=Y,https://culture.seoul.go.kr/culture/culture/cultureEvent/view.do?cultcode=157256&menuNo=200009,
2026-05-12T21:57:11.280896+09:00,혜화역,혜화역,POI054,KEY_2,[서울시지원/ 전액무료] AI 인사이트 공연문화콘텐츠 기획,2026-05-12~2026-08-06,종로여성인력개발센터,127.000418097935,37.5820587995429,,https://culture.seoul.go.kr/cmmn/file/getImage.do?atchFileId=3b2807c6e1ad415cbebce23402b0251a&thumb=Y,https://culture.seoul.go.kr/culture/culture/cultureEvent/view.do?cultcode=157366&menuNo=200011,
2026-05-12T21:57:11.280896+09:00,혜화역,혜화역,POI054,KEY_2,연극 [운베난트],2026-03-27~2026-06-07,예스24스테이지 3관,127.003160727291,37.5827488289051,,https://culture.seoul.go.kr/cmmn/file/getImage.do?atchFileId=b22d720f5efc44dda84da2606b0e5f75&thumb=Y,https://culture.seoul.go.kr/culture/culture/cultureEvent/view.do?cultcode=157115&menuNo=200008,
2026-05-12T21:57:11.280896+09:00,혜화역,혜화역,POI054,KEY_2,[종로여성인력개발센터] AI 파워드 문화·예술 프로젝트 기획 실무 마스터 실무 마스터,2026-03-18~2026-06-23,종로여성인력개발센터,127.000418097935,37.5820587995429,,https://culture.seoul.go.kr/cmmn/file/getImage.do?atchFileId=f824d3bddc6d4c239ee2e5611e22870a&thumb=Y,https://culture.seoul.go.kr/culture/culture/cultureEvent/view.do?cultcode=156487&menuNo=200011,
2026-05-12T22:46:27.455225+09:00,경복궁,경복궁,POI008,KEY_1,[경복궁] 2026 생과방(상반기),2026-04-08~2026-05-27,경복궁 생과방,126.976842133821,37.5759040910202,,https://culture.seoul.go.kr/cmmn/file/getImage.do?atchFileId=4864144c5a084ea4a1228924afe585e6&thumb=Y,https://culture.seoul.go.kr/culture/culture/cultureEvent/view.do?cultcode=157368&menuNo=200011,
2026-05-12T22:46:27.455225+09:00,경복궁,경복궁,POI008,KEY_1,2026년 집옥재(팔우정 포함) 작은 도서관 개방,2026-04-01~2026-10-31,경복궁 집옥재·팔우정,126.976842133821,37.5759040910202,,https://culture.seoul.go.kr/cmmn/file/getImage.do?atchFileId=d70525e916b548cda13443c9e10190f3&thumb=Y,https://culture.seoul.go.kr/culture/culture/cultureEvent/view.do?cultcode=157383&menuNo=200011,
2026-05-12T22:46:27.455225+09:00,경복궁,경복궁,POI008,KEY_1,2026년 경복궁 [경회루·향원정] 특별관람,2026-04-01~2026-10-30,경복궁 경회루·향원정,126.976842133821,37.5759040910202,,https://culture.seoul.go.kr/cmmn/file/getImage.do?atchFileId=37630da9c19349fbac8494e92e5c64d8&thumb=Y,https://culture.seoul.go.kr/culture/culture/cultureEvent/view.do?cultcode=157389&menuNo=200011,
2026-05-12T22:46:27.455225+09:00,경복궁,경복궁,POI008,KEY_1,[국가유산청 궁능유적본부] 수문장 순라의식,2026-03-01~2026-11-29,(토요일)경복궁 내부 (일요일， 공휴일)인사동 문화의 거리,126.976842133821,37.5759040910202,,https://culture.seoul.go.kr/cmmn/file/getImage.do?atchFileId=923de3d9169e463b9c8098a8e132be38&thumb=Y,https://culture.seoul.go.kr/culture/culture/cultureEvent/view.do?cultcode=156996&menuNo=200013,
2026-05-12T22:46:27.455225+09:00,광화문·덕수궁,광화문·덕수궁,POI009,KEY_2,빛과 어둠의 경계에서,2026-05-02~2026-05-25,세종문화회관 세종S씨어터,126.9760053,37.5726241,,https://culture.seoul.go.kr/cmmn/file/getImage.do?atchFileId=0eeea492c11e4eb7816334e58cfeb6ce&thumb=Y,https://culture.seoul.go.kr/culture/culture/cultureEvent/view.do?cultcode=157335&menuNo=200008,
2026-05-12T22:46:27.455225+09:00,광화문·덕수궁,광화문·덕수궁,POI009,KEY_2,[서울도서관] 2026년 서울야외도서관 (책읽는 서울광장， 광화문 책마당， 책읽는 맑은 냇가),2026-04-23~2026-11-01,서울광장， 광화문 광장， 청계천 일대,126.97769782752,37.5653338689441,N,https://culture.seoul.go.kr/cmmn/file/getImage.do?atchFileId=57da07b01aed40ad984d40559a42ae61&thumb=Y,https://culture.seoul.go.kr/culture/culture/cultureEvent/view.do?cultcode=156879&menuNo=200010,
2026-05-12T22:46:27.455225+09:00,광화문·덕수궁,광화문·덕수궁,POI009,KEY_2,2026 의정부지 역사유적광장 전통무예행사,2026-04-11~2026-10-31,의정부지 역사유적광장,126.977967142855,37.5748036513699,,https://culture.seoul.go.kr/cmmn/file/getImage.do?atchFileId=628a9bae996a407bbfee67752dd508db&thumb=Y,https://culture.seoul.go.kr/culture/culture/cultureEvent/view.do?cultcode=157327&menuNo=200010,
2026-05-12T22:46:27.455225+09:00,광화문·덕수궁,광화문·덕수궁,POI009,KEY_2,2026 아뜰리에 광화 봄 전시 [피어나는 빛],2026-04-11~2026-06-19,세종문화회관 외벽 미디어파사드,126.9760053,37.5726241,,https://culture.seoul.go.kr/cmmn/file/getImage.do?atchFileId=196d7f704d5646a2bb4bb40523a8c4aa&thumb=Y,https://culture.seoul.go.kr/culture/culture/cultureEvent/view.do?cultcode=157432&menuNo=200009,
2026-05-12T22:46:27.455225+09:00,광화문·덕수궁,광화문·덕수궁,POI009,KEY_2,2026 해치마당 미디어월 봄 전시,2026-04-10~2026-06-19,광화문 역 9번출구 진입로 벽면 해치마당 미디어월,126.976787992565,37.5716228232824,,https://culture.seoul.go.kr/cmmn/file/getImage.do?atchFileId=ac862f94f21744ec8092ccc4372c0539&thumb=Y,https://culture.seoul.go.kr/culture/culture/cultureEvent/view.do?cultcode=157787&menuNo=200009,
2026-05-12T22:46:27.455225+09:00,광화문·덕수궁,광화문·덕수궁,POI009,KEY_2,[경복궁] 2026 생과방(상반기),2026-04-08~2026-05-27,경복궁 생과방,126.976842133821,37.5759040910202,,https://culture.seoul.go.kr/cmmn/file/getImage.do?atchFileId=4864144c5a084ea4a1228924afe585e6&thumb=Y,https://culture.seoul.go.kr/culture/culture/cultureEvent/view.do?cultcode=157368&menuNo=200011,
2026-05-12T22:46:27.455225+09:00,광화문·덕수궁,광화문·덕수궁,POI009,KEY_2,[덕수궁] 2026 밤의 석조전(상반기),2026-04-08~2026-05-17,덕수궁 석조전 일원,126.974461639777,37.5677154464989,,https://culture.seoul.go.kr/cmmn/file/getImage.do?atchFileId=cc6179c75f1547b2b72e2a3cca26b6da&thumb=Y,https://culture.seoul.go.kr/culture/culture/cultureEvent/view.do?cultcode=157365&menuNo=200010,
2026-05-12T22:46:27.455225+09:00,광화문·덕수궁,광화문·덕수궁,POI009,KEY_2,2026년 집옥재(팔우정 포함) 작은 도서관 개방,2026-04-01~2026-10-31,경복궁 집옥재·팔우정,126.976842133821,37.5759040910202,,https://culture.seoul.go.kr/cmmn/file/getImage.do?atchFileId=d70525e916b548cda13443c9e10190f3&thumb=Y,https://culture.seoul.go.kr/culture/culture/cultureEvent/view.do?cultcode=157383&menuNo=200011,
2026-05-12T22:46:27.455225+09:00,광화문·덕수궁,광화문·덕수궁,POI009,KEY_2,2026년 경복궁 [경회루·향원정] 특별관람,2026-04-01~2026-10-30,경복궁 경회루·향원정,126.976842133821,37.5759040910202,,https://culture.seoul.go.kr/cmmn/file/getImage.do?atchFileId=37630da9c19349fbac8494e92e5c64d8&thumb=Y,https://culture.seoul.go.kr/culture/culture/cultureEvent/view.do?cultcode=157389&menuNo=200011,
2026-05-12T22:46:27.455225+09:00,광화문·덕수궁,광화문·덕수궁,POI009,KEY_2,기.기.기(奇.己.氣): 동시대와 시행착오,2026-04-01~2026-05-31,일민미술관,126.977657083792,37.5698677620456,,https://culture.seoul.go.kr/cmmn/file/getImage.do?atchFileId=6e05d79e4d0e4358b3eae2df5081eb13&thumb=Y,https://culture.seoul.go.kr/culture/culture/cultureEvent/view.do?cultcode=157256&menuNo=200009,
2026-05-12T22:46:27.455225+09:00,광화문·덕수궁,광화문·덕수궁,POI009,KEY_2,[세종문화회관] 세종예술아카데미 [정승빈 작가] 스테들러와 함께하는 여행드로잉 클래스,2026-03-31~2026-09-15,세종예술아카데미 스퀘어홀,126.9760053,37.5726241,,https://culture.seoul.go.kr/cmmn/file/getImage.do?atchFileId=a0247bcdf4484818baaca748c977391f&thumb=Y,https://culture.seoul.go.kr/culture/culture/cultureEvent/view.do?cultcode=157026&menuNo=200011,
2026-05-12T22:46:27.455225+09:00,광화문·덕수궁,광화문·덕수궁,POI009,KEY_2,[세종문화회관] 세종예술아카데미 [박인홍 작가] 스테들러와 함께하는 여행드로잉 클래스,2026-03-31~2026-08-31,세종예술아카데미 스퀘어홀,126.9760053,37.5726241,,https://culture.seoul.go.kr/cmmn/file/getImage.do?atchFileId=c9b88469d8f0468e960f00b0e5b0785d&thumb=Y,https://culture.seoul.go.kr/culture/culture/cultureEvent/view.do?cultcode=157025&menuNo=200011,
2026-05-12T22:46:27.455225+09:00,광화문·덕수궁,광화문·덕수궁,POI009,KEY_2,[세종문화회관] 세종예술아카데미 [그레이스 발레 (성인 취미 발레)],2026-03-30~2026-06-29,세종문화회관 예술동 4층 종합연습실,126.9760053,37.5726241,,https://culture.seoul.go.kr/cmmn/file/getImage.do?atchFileId=8b685870654e4cd78bf509ea783f7748&thumb=Y,https://culture.seoul.go.kr/culture/culture/cultureEvent/view.do?cultcode=156885&menuNo=200011,.
2026-05-12T22:46:27.455225+09:00,광화문·덕수궁,광화문·덕수궁,POI009,KEY_2,[세종문화회관] 세종예술아카데미 [정연석 작가] 스테들러와 함께하는 여행드로잉 클래스,2026-03-28~2026-09-05,세종예술아카데미 스퀘어홀,126.9760053,37.5726241,,https://culture.seoul.go.kr/cmmn/file/getImage.do?atchFileId=df2237ca7f754d009407bc3321cae86f&thumb=Y,https://culture.seoul.go.kr/culture/culture/cultureEvent/view.do?cultcode=157028&menuNo=200011,
2026-05-12T22:46:27.455225+09:00,광화문·덕수궁,광화문·덕수궁,POI009,KEY_2,[세종문화회관] 세종예술아카데미 [이승익 작가] 스테들러와 함께하는 여행드로잉 클래스,2026-03-28~2026-08-29,세종예술아카데미 스퀘어홀,126.9760053,37.5726241,,https://culture.seoul.go.kr/cmmn/file/getImage.do?atchFileId=09ebfb8dbbcf453e86aadfe529b90ff8&thumb=Y,https://culture.seoul.go.kr/culture/culture/cultureEvent/view.do?cultcode=157027&menuNo=200011,
2026-05-12T22:46:27.455225+09:00,광화문·덕수궁,광화문·덕수궁,POI009,KEY_2,[세종문화회관] 2026 상반기 세종 어린이 발레 아카데미,2026-03-28~2026-06-27,세종문화회관 예술동 4층 종합연습실,126.9760053,37.5726241,,https://culture.seoul.go.kr/cmmn/file/getImage.do?atchFileId=b47ad1471d3d428a9482934f7b03787f&thumb=Y,https://culture.seoul.go.kr/culture/culture/cultureEvent/view.do?cultcode=157104&menuNo=200011,
2026-05-12T22:46:27.455225+09:00,광화문·덕수궁,광화문·덕수궁,POI009,KEY_2,[세종문화회관] 세종예술아카데미 [이야기가 있는 클래식],2026-03-19~2026-05-28,세종문화회관 서클홀,126.9760053,37.5726241,,https://culture.seoul.go.kr/cmmn/file/getImage.do?atchFileId=0373af8e16694df8b923159a02ec0a2a&thumb=Y,https://culture.seoul.go.kr/culture/culture/cultureEvent/view.do?cultcode=156883&menuNo=200011,.
2026-05-12T22:46:27.455225+09:00,광화문·덕수궁,광화문·덕수궁,POI009,KEY_2,[세종문화회관] 세종예술아카데미 [미술사가 이 현의 전시와 함께보는 서양 미술사 - 바로크와 로코코],2026-03-19~2026-05-21,세종문화회관 서클홀,126.9760053,37.5726241,,https://culture.seoul.go.kr/cmmn/file/getImage.do?atchFileId=377ac3cd61d6416baa3b3f43a826b900&thumb=Y,https://culture.seoul.go.kr/culture/culture/cultureEvent/view.do?cultcode=156881&menuNo=200011,.
2026-05-12T22:46:27.455225+09:00,광화문·덕수궁,광화문·덕수궁,POI009,KEY_2,[세종문화회관] 세종예술아카데미 [클래식브런치],2026-03-18~2026-05-20,세종문화회관 서클홀,126.9760053,37.5726241,,https://culture.seoul.go.kr/cmmn/file/getImage.do?atchFileId=43b7fd7ecf2b44d1b7ba2ec25e6cc7a7&thumb=Y,https://culture.seoul.go.kr/culture/culture/cultureEvent/view.do?cultcode=156880&menuNo=200011,.
2026-05-12T22:46:27.455225+09:00,광화문·덕수궁,광화문·덕수궁,POI009,KEY_2,[세종문화회관] 세종예술아카데미 [히든보이스],2026-03-17~2026-06-30,세종문화회관 서클홀,126.9760053,37.5726241,,https://culture.seoul.go.kr/cmmn/file/getImage.do?atchFileId=96b505aa681348d48b661d248108f577&thumb=Y,https://culture.seoul.go.kr/culture/culture/cultureEvent/view.do?cultcode=156809&menuNo=200011,.
2026-05-12T22:46:27.455225+09:00,광화문·덕수궁,광화문·덕수궁,POI009,KEY_2,[세종문화회관] 세종예술아카데미 [2026 상반기 스포츠 in 아트스테이션],2026-03-16~2026-06-26,세종문화회관 오픈스테이지의 탁 트인 마루형 공간,126.9760053,37.5726241,,https://culture.seoul.go.kr/cmmn/file/getImage.do?atchFileId=16cb755c035e4ddc86c7cfbfa3654ca5&thumb=Y,https://culture.seoul.go.kr/culture/culture/cultureEvent/view.do?cultcode=157023&menuNo=200011,
2026-05-12T22:46:27.455225+09:00,광화문·덕수궁,광화문·덕수궁,POI009,KEY_2,[국가유산청 궁능유적본부] 수문장 순라의식,2026-03-01~2026-11-29,(토요일)경복궁 내부 (일요일， 공휴일)인사동 문화의 거리,126.976842133821,37.5759040910202,,https://culture.seoul.go.kr/cmmn/file/getImage.do?atchFileId=923de3d9169e463b9c8098a8e132be38&thumb=Y,https://culture.seoul.go.kr/culture/culture/cultureEvent/view.do?cultcode=156996&menuNo=200013,
2026-05-12T22:46:27.455225+09:00,광화문·덕수궁,광화문·덕수궁,POI009,KEY_2,[서울시] 2026년 서울청년문화패스 신청자 모집,2025-12-22~2026-12-31,온라인 접수,126.97860700965403,37.56672958991572,,https://culture.seoul.go.kr/cmmn/file/getImage.do?atchFileId=24931799627a43ea9e2b4960b00c9c4f&thumb=Y,https://culture.seoul.go.kr/culture/culture/cultureEvent/view.do?cultcode=156277&menuNo=200013,
2026-05-12T22:46:27.455225+09:00,창덕궁·종묘,창덕궁·종묘,POI012,KEY_2,2026년 창경궁 야연(상반기),2026-05-07~2026-05-17,창경궁 문정전 일원,126.993841430623,37.5776239475981,,https://culture.seoul.go.kr/cmmn/file/getImage.do?atchFileId=9e29ccf0743c49d0a4fb2c0ad10ffb9e&thumb=Y,https://culture.seoul.go.kr/culture/culture/cultureEvent/view.do?cultcode=157796&menuNo=200011,
2026-05-12T22:46:27.455225+09:00,창덕궁·종묘,창덕궁·종묘,POI012,KEY_2,2026년 창덕궁 달빛기행(상반기),2026-04-16~2026-05-31,창덕궁,126.989710338876,37.5788697347103,,https://culture.seoul.go.kr/cmmn/file/getImage.do?atchFileId=ff2504aca6df4f19a9a1a3f095c02178&thumb=Y,https://culture.seoul.go.kr/culture/culture/cultureEvent/view.do?cultcode=157394&menuNo=200011,
2026-05-12T22:46:27.455225+09:00,동대문 관광특구,동대문 관광특구,POI002,KEY_1,김영준 x 요시다 유니 기획전 Face to face,2026-05-07~2026-06-07,DDP 이간수문전시장,127.00977973484339,37.56735731522952,,https://culture.seoul.go.kr/cmmn/file/getImage.do?atchFileId=2e699755a39b40619ddea53a22e59ef4&thumb=Y,https://culture.seoul.go.kr/culture/culture/cultureEvent/view.do?cultcode=157672&menuNo=200009,
2026-05-12T22:46:27.455225+09:00,동대문 관광특구,동대문 관광특구,POI002,KEY_1,Let Dreams Shine! [베베핀 드림랜드],2026-05-01~2026-05-31,동대문디자인플라자 디자인랩1층 DDP쇼룸,127.00977973484339,37.56735731522952,,https://culture.seoul.go.kr/cmmn/file/getImage.do?atchFileId=b578b0a0e4724a718dff9fbd6ca77cbc&thumb=Y,https://culture.seoul.go.kr/culture/culture/cultureEvent/view.do?cultcode=157641&menuNo=200011,
2026-05-12T22:46:27.455225+09:00,동대문 관광특구,동대문 관광특구,POI002,KEY_1,DDPlay 버스킹 5월 공연 안내,2026-05-01~2026-05-31,DDP 어울림광장， 팔거리,127.00977973484339,37.56735731522952,,https://culture.seoul.go.kr/cmmn/file/getImage.do?atchFileId=06255b5f16c1435a95ddf9214cbe8d86&thumb=Y,https://culture.seoul.go.kr/culture/culture/cultureEvent/view.do?cultcode=157546&menuNo=200008,
2026-05-12T22:46:27.455225+09:00,동대문 관광특구,동대문 관광특구,POI002,KEY_1,[서울디자인재단] 키크니 특별전 : 그렸고 그런 사이,2026-04-25~2026-09-06,뮤지엄 전시1관,127.00977973484339,37.56735731522952,,https://culture.seoul.go.kr/cmmn/file/getImage.do?atchFileId=5b5e3f16b605439ea83b1ecf8d5ce8b8&thumb=Y,https://culture.seoul.go.kr/culture/culture/cultureEvent/view.do?cultcode=157351&menuNo=200009,
2026-05-12T22:46:27.455225+09:00,동대문 관광특구,동대문 관광특구,POI002,KEY_1,[중구문화재단] 뮤지컬 [스윙 데이즈_암호명 A],2026-04-16~2026-07-05,충무아트센터 대극장,127.014790889728,37.5659409687669,,https://culture.seoul.go.kr/cmmn/file/getImage.do?atchFileId=862c9a38b3b146358637293a4f2c8d30&thumb=Y,https://culture.seoul.go.kr/culture/culture/cultureEvent/view.do?cultcode=156673&menuNo=200008,
2026-05-12T22:46:27.455225+09:00,동대문 관광특구,동대문 관광특구,POI002,KEY_1,[서울시립미술관×중구문화재단] 협력전시 [SeMA Collection: 청록미로],2026-04-15~2026-05-17,충무아트센터 갤러리 G1,127.014790889728,37.5659409687669,,https://culture.seoul.go.kr/cmmn/file/getImage.do?atchFileId=cfa4043b588541618a1c45763ada3e23&thumb=Y,https://culture.seoul.go.kr/culture/culture/cultureEvent/view.do?cultcode=157621&menuNo=200009,
2026-05-12T22:46:27.455225+09:00,동대문 관광특구,동대문 관광특구,POI002,KEY_1,이상한 K-뷰티 : 엄마의 서랍장,2026-04-10~2026-06-10,DDP 마켓 B2F 비더비 다운타운,127.00977973484339,37.56735731522952,,https://culture.seoul.go.kr/cmmn/file/getImage.do?atchFileId=e187f20c0b5d4e7ebcbff38d8f60b63e&thumb=Y,https://culture.seoul.go.kr/culture/culture/cultureEvent/view.do?cultcode=157606&menuNo=200009,
2026-05-12T22:46:27.455225+09:00,동대문 관광특구,동대문 관광특구,POI002,KEY_1,[서울디자인재단] DDP 루프탑 투어_2026,2026-03-21~2026-05-31,DDP 뮤지엄 1층(M3 출입문) 투어 데스크 (시작장소),127.00977973484339,37.56735731522952,,https://culture.seoul.go.kr/cmmn/file/getImage.do?atchFileId=973b28af071b405ea7f6eb7ab715abaa&thumb=Y,https://culture.seoul.go.kr/culture/culture/cultureEvent/view.do?cultcode=157428&menuNo=200011,
2026-05-12T22:46:27.455225+09:00,동대문 관광특구,동대문 관광특구,POI002,KEY_1,BtheB 뷰티기획전 [Beauty For All],2026-02-28~2026-06-07,DDP 지하2층 DDP마켓 비더비,127.00977973484339,37.56735731522952,,https://culture.seoul.go.kr/cmmn/file/getImage.do?atchFileId=5209bf1d22f345568a88cce60bbc8688&thumb=Y,https://culture.seoul.go.kr/culture/culture/cultureEvent/view.do?cultcode=156852&menuNo=200009,
2026-05-12T22:46:27.455225+09:00,동대문 관광특구,동대문 관광특구,POI002,KEY_1,[중구문화재단] 뮤지컬 [홍련],2026-02-28~2026-05-17,충무아트센터 중극장 블랙,127.014790889728,37.5659409687669,,https://culture.seoul.go.kr/cmmn/file/getImage.do?atchFileId=e86257233f3b4d50bf436983435399eb&thumb=Y,https://culture.seoul.go.kr/culture/culture/cultureEvent/view.do?cultcode=156539&menuNo=200008,
2026-05-12T22:46:27.455225+09:00,동대문 관광특구,동대문 관광특구,POI002,KEY_1,[DDP] Dream in Light,2026-01-09~2026-12-31,DDP 전면， 유구전시장 앞， 미래로 상부,127.00977973484339,37.56735731522952,,https://culture.seoul.go.kr/cmmn/file/getImage.do?atchFileId=bfa59aa56eed4af8b441d88bad873037&thumb=Y,https://culture.seoul.go.kr/culture/culture/cultureEvent/view.do?cultcode=156491&menuNo=200009,
2026-05-12T22:46:27.455225+09:00,동대문 관광특구,동대문 관광특구,POI002,KEY_1,[서울디자인재단] DDP 건축투어,2026-01-02~2026-12-31,DDP 뮤지엄 1층 투어데스크,127.00977973484339,37.56735731522952,N,https://culture.seoul.go.kr/cmmn/file/getImage.do?atchFileId=47da849abe944ec9b7dedaf1ab283714&thumb=Y,https://culture.seoul.go.kr/culture/culture/cultureEvent/view.do?cultcode=156552&menuNo=200009,
2026-05-12T22:46:27.455225+09:00,명동 관광특구,명동 관광특구,POI003,KEY_2,[서울도서관] 2026년 서울야외도서관 (책읽는 서울광장， 광화문 책마당， 책읽는 맑은 냇가),2026-04-23~2026-11-01,서울광장， 광화문 광장， 청계천 일대,126.97769782752,37.5653338689441,N,https://culture.seoul.go.kr/cmmn/file/getImage.do?atchFileId=57da07b01aed40ad984d40559a42ae61&thumb=Y,https://culture.seoul.go.kr/culture/culture/cultureEvent/view.do?cultcode=156879&menuNo=200010,
2026-05-12T22:46:27.455225+09:00,명동 관광특구,명동 관광특구,POI003,KEY_2,2026 해치마당 미디어월 봄 전시,2026-04-10~2026-06-19,광화문 역 9번출구 진입로 벽면 해치마당 미디어월,126.976787992565,37.5716228232824,,https://culture.seoul.go.kr/cmmn/file/getImage.do?atchFileId=ac862f94f21744ec8092ccc4372c0539&thumb=Y,https://culture.seoul.go.kr/culture/culture/cultureEvent/view.do?cultcode=157787&menuNo=200009,
2026-05-12T22:46:27.455225+09:00,명동 관광특구,명동 관광특구,POI003,KEY_2,[서울시] 2026년 서울청년문화패스 신청자 모집,2025-12-22~2026-12-31,온라인 접수,126.97860700965403,37.56672958991572,,https://culture.seoul.go.kr/cmmn/file/getImage.do?atchFileId=24931799627a43ea9e2b4960b00c9c4f&thumb=Y,https://culture.seoul.go.kr/culture/culture/cultureEvent/view.do?cultcode=156277&menuNo=200013,
2026-05-12T22:46:27.455225+09:00,잠실 관광특구,잠실 관광특구,POI005,KEY_1,[한성백제박물관] 상반기 장애인 단체 대면 교육 [옛날옛날， 빛나는 백제 이야기],2026-05-12~2026-06-30,박물관 로비/교육실,127.12088940368128,37.51543881335773,,https://culture.seoul.go.kr/cmmn/file/getImage.do?atchFileId=58420146f27740e39e6ac91e88d71d70&thumb=Y,https://culture.seoul.go.kr/culture/culture/cultureEvent/view.do?cultcode=157690&menuNo=200011,
2026-05-12T22:46:27.455225+09:00,잠실 관광특구,잠실 관광특구,POI005,KEY_1,[서울백제어린이박물관] 초등 2-3학년 학급 대상 [어린이백제연구소2] 옛날 도구， 오늘날 도구 (도구의변천),2026-05-12~2026-06-10,서울백제어린이박물관(교육실， 전시실),127.124412,37.523991,,https://culture.seoul.go.kr/cmmn/file/getImage.do?atchFileId=85ede03678db4ee5a0adb99f465d78ff&thumb=Y,https://culture.seoul.go.kr/culture/culture/cultureEvent/view.do?cultcode=156836&menuNo=200011,
2026-05-12T22:46:27.455225+09:00,잠실 관광특구,잠실 관광특구,POI005,KEY_1,[한성백제박물관] 2026년 상반기 성인 대상 [서울 고대유적 탐방],2026-04-28~2026-06-11,한성백제박물관， 몽촌토성， 풍납동토성， 석촌동고분군 일대,127.12088940368128,37.51543881335773,,https://culture.seoul.go.kr/cmmn/file/getImage.do?atchFileId=3d89263b5e85481c894204ef7a05d20e&thumb=Y,https://culture.seoul.go.kr/culture/culture/cultureEvent/view.do?cultcode=157084&menuNo=200011,
2026-05-12T22:46:27.455225+09:00,잠실 관광특구,잠실 관광특구,POI005,KEY_1,[소마미술관] 조각이 꿈+틀 [올림픽조각체험프로젝트#02] 상설전,2026-04-17~2026-09-06,소마미술관 2관 상설전시실,127.118166964751,37.516920655117,,https://culture.seoul.go.kr/cmmn/file/getImage.do?atchFileId=c4ac3bd4533342b993b5ccfd5d42086c&thumb=Y,https://culture.seoul.go.kr/culture/culture/cultureEvent/view.do?cultcode=157117&menuNo=200009,
2026-05-12T22:46:27.455225+09:00,잠실 관광특구,잠실 관광특구,POI005,KEY_1,올림픽 조각체험 프로젝트#2 [조각이 꿈+틀],2026-04-17~2026-09-06,소마미술관,127.118166964751,37.516920655117,,https://culture.seoul.go.kr/cmmn/file/getImage.do?atchFileId=6825663978de46c192543240dfbb2185&thumb=Y,https://culture.seoul.go.kr/culture/culture/cultureEvent/view.do?cultcode=157318&menuNo=200009,
2026-05-12T22:46:27.455225+09:00,잠실 관광특구,잠실 관광특구,POI005,KEY_1,[소마미술관] 그림책이 살아있다!,2026-04-17~2026-09-06,소마미술관 2관 기획전시실,127.118166964751,37.516920655117,,https://culture.seoul.go.kr/cmmn/file/getImage.do?atchFileId=cf267080189e4a3eadeeb6c5e8b0ade7&thumb=Y,https://culture.seoul.go.kr/culture/culture/cultureEvent/view.do?cultcode=157116&menuNo=200009,
2026-05-12T22:46:27.455225+09:00,잠실 관광특구,잠실 관광특구,POI005,KEY_1,이승택 개인전 [조각의 바깥에서],2026-04-10~2026-07-26,소마미술관,127.118166964751,37.516920655117,,https://culture.seoul.go.kr/cmmn/file/getImage.do?atchFileId=fa83edf506b643e2bec777cac69729ce&thumb=Y,https://culture.seoul.go.kr/culture/culture/cultureEvent/view.do?cultcode=157317&menuNo=200009,
2026-05-12T22:46:27.455225+09:00,잠실 관광특구,잠실 관광특구,POI005,KEY_1,[한성백제박물관] 2026년 상반기 문화다양성 교육 [백제와 함께하는 이웃나라들],2026-03-31~2026-06-30,대면) 박물관 교육실/ (비대면) 각 학급 교실,127.12088940368128,37.51543881335773,,https://culture.seoul.go.kr/cmmn/file/getImage.do?atchFileId=79379b0c10fc462fb325ecdb455dd3db&thumb=Y,https://culture.seoul.go.kr/culture/culture/cultureEvent/view.do?cultcode=157232&menuNo=200011,
2026-05-12T22:46:27.455225+09:00,잠실 관광특구,잠실 관광특구,POI005,KEY_1,[한성백제박물관] 2026 상반기 초등단체 대면 교육 [서울 쏙! 백제 콕!],2026-03-26~2026-07-03,한성백제박물관 교육실,127.12088940368128,37.51543881335773,,https://culture.seoul.go.kr/cmmn/file/getImage.do?atchFileId=f3b484610b65420297a3ae47001c6120&thumb=Y,https://culture.seoul.go.kr/culture/culture/cultureEvent/view.do?cultcode=156906&menuNo=200011,
2026-05-12T22:46:27.455225+09:00,잠실 관광특구,잠실 관광특구,POI005,KEY_1,[한성백제박물관] 2026 상반기 초등단체 비대면 교육 [서울 쏙! 백제 콕!],2026-03-26~2026-07-03,각 학급 교실(비대면 원격 교육),127.12088940368128,37.51543881335773,,https://culture.seoul.go.kr/cmmn/file/getImage.do?atchFileId=fb761ebe217849eaa4f63b1b0f6ac759&thumb=Y,https://culture.seoul.go.kr/culture/culture/cultureEvent/view.do?cultcode=156907&menuNo=200011,
2026-05-12T22:46:27.455225+09:00,잠실 관광특구,잠실 관광특구,POI005,KEY_1,[한성백제박물관] 초등 4~6학년 단체 대면 교육 [한강삼국지: 삼국의 한강 쟁탈전],2026-03-24~2026-07-01,한성백제박물관 교육실,127.12088940368128,37.51543881335773,,https://culture.seoul.go.kr/cmmn/file/getImage.do?atchFileId=0183d0f0f64d43dea7f2f1f5a5823734&thumb=Y,https://culture.seoul.go.kr/culture/culture/cultureEvent/view.do?cultcode=156755&menuNo=200011,
2026-05-12T22:46:27.455225+09:00,잠실 관광특구,잠실 관광특구,POI005,KEY_1,[한성백제박물관] 초등 4~6학년 학급 비대면 교육 [한강삼국지: 삼국의 한강 쟁탈전],2026-03-24~2026-07-01,신청 학급 교실,127.12088940368128,37.51543881335773,,https://culture.seoul.go.kr/cmmn/file/getImage.do?atchFileId=ee2f38002896461d88e55f36df203dfc&thumb=Y,https://culture.seoul.go.kr/culture/culture/cultureEvent/view.do?cultcode=156754&menuNo=200011,
2026-05-12T22:46:27.455225+09:00,잠실 관광특구,잠실 관광특구,POI005,KEY_1,홍범·김주환 2인전 [틈을 걷다],2026-03-24~2026-05-24,더 갤러리 호수,127.107617545434,37.512296516856,,https://culture.seoul.go.kr/cmmn/file/getImage.do?atchFileId=3e31e677b15e459ca780d07a735a163d&thumb=Y,https://culture.seoul.go.kr/culture/culture/cultureEvent/view.do?cultcode=157251&menuNo=200009,
2026-05-12T22:46:27.455225+09:00,잠실 관광특구,잠실 관광특구,POI005,KEY_1,[서울백제어린이박물관] 유단체 대상 [서울역사생태탐험대1] 봄,2026-03-19~2026-05-21,서울백제어린이박물관(교육실， 전시실)， 야외생태체험장， 전시실 등,127.124412,37.523991,,https://culture.seoul.go.kr/cmmn/file/getImage.do?atchFileId=7504518b70b54ac7b5c8367519f44947&thumb=Y,https://culture.seoul.go.kr/culture/culture/cultureEvent/view.do?cultcode=156747&menuNo=200011,
2026-05-12T22:46:27.455225+09:00,잠실 관광특구,잠실 관광특구,POI005,KEY_1,[한성백제박물관] 2026년 상반기 주말가족교육 [문화유산 보존 연구소],2026-03-14~2026-07-04,한성백제박물관 교육실,127.12088940368128,37.51543881335773,,https://culture.seoul.go.kr/cmmn/file/getImage.do?atchFileId=69fec744c82446619d58e8ce8cb6baab&thumb=Y,https://culture.seoul.go.kr/culture/culture/cultureEvent/view.do?cultcode=156850&menuNo=200011,
2026-05-12T22:46:27.455225+09:00,잠실 관광특구,잠실 관광특구,POI005,KEY_1,[한성백제박물관] 2026년 상반기 주말가족탐방 [몽촌토성 탐방],2026-03-14~2026-05-30,몽촌토성， 박물관 교육실,127.12088940368128,37.51543881335773,,https://culture.seoul.go.kr/cmmn/file/getImage.do?atchFileId=31a20aade65d41b882a74ff2a6424ee7&thumb=Y,https://culture.seoul.go.kr/culture/culture/cultureEvent/view.do?cultcode=156851&menuNo=200011,
2026-05-12T22:46:27.455225+09:00,종로·청계 관광특구,종로·청계 관광특구,POI006,KEY_2,2026 Creative AI : Computer Vision,2026-05-12~2026-06-09,서울 종로구 율곡로 1길 37,126.980303746598,37.5696912777696,,https://culture.seoul.go.kr/cmmn/file/getImage.do?atchFileId=14a3fd01522546f8a240146ca6e846be&thumb=Y,https://culture.seoul.go.kr/culture/culture/cultureEvent/view.do?cultcode=157502&menuNo=200011,
2026-05-12T22:46:27.455225+09:00,종로·청계 관광특구,종로·청계 관광특구,POI006,KEY_2,2026 해치마당 미디어월 봄 전시,2026-04-10~2026-06-19,광화문 역 9번출구 진입로 벽면 해치마당 미디어월,126.976787992565,37.5716228232824,,https://culture.seoul.go.kr/cmmn/file/getImage.do?atchFileId=ac862f94f21744ec8092ccc4372c0539&thumb=Y,https://culture.seoul.go.kr/culture/culture/cultureEvent/view.do?cultcode=157787&menuNo=200009,
2026-05-12T22:46:27.455225+09:00,종로·청계 관광특구,종로·청계 관광특구,POI006,KEY_2,기.기.기(奇.己.氣): 동시대와 시행착오,2026-04-01~2026-05-31,일민미술관,126.977657083792,37.5698677620456,,https://culture.seoul.go.kr/cmmn/file/getImage.do?atchFileId=6e05d79e4d0e4358b3eae2df5081eb13&thumb=Y,https://culture.seoul.go.kr/culture/culture/cultureEvent/view.do?cultcode=157256&menuNo=200009,
2026-05-12T22:46:27.455225+09:00,홍대 관광특구,홍대 관광특구,POI007,KEY_3,[서울생활문화센터 서교] art1st - 소리로 그리는 마음,2026-05-12~2026-07-28,서울생활문화센터 서교(합정역),126.916493990351,37.5508138163956,,https://culture.seoul.go.kr/cmmn/file/getImage.do?atchFileId=e1a661be31c548d7927816115a8ee8cf&thumb=Y,https://culture.seoul.go.kr/culture/culture/cultureEvent/view.do?cultcode=157788&menuNo=200011,
2026-05-12T22:46:27.455225+09:00,홍대 관광특구,홍대 관광특구,POI007,KEY_3,김재연 개인전: 호기,2026-05-12~2026-05-24,크리스프 웨지,126.916412664084,37.5493590071323,,https://culture.seoul.go.kr/cmmn/file/getImage.do?atchFileId=242e40f466f2481fbd48977d6050188c&thumb=Y,https://culture.seoul.go.kr/culture/culture/cultureEvent/view.do?cultcode=157741&menuNo=200009,
2026-05-12T22:46:27.455225+09:00,고척돔,고척돔,POI086,KEY_2,[서울아트책보고] 처음 만나는 미술사 - 이소영 미술 교육인ㆍ미술 에세이스트,2026-05-02~2026-05-16,서울아트책보고 워크숍룸,126.867088741096,37.4982125677913,,https://culture.seoul.go.kr/cmmn/file/getImage.do?atchFileId=f47a521600bd4c239ce177fe47f7d1e8&thumb=Y,https://culture.seoul.go.kr/culture/culture/cultureEvent/view.do?cultcode=157567&menuNo=200011,
2026-05-12T22:46:27.455225+09:00,고척돔,고척돔,POI086,KEY_2,[서울아트책보고] 나와 타인을 알아가는 글쓰기,2026-04-08~2026-05-13,서울아트책보고,126.867088741096,37.4982125677913,N,https://culture.seoul.go.kr/cmmn/file/getImage.do?atchFileId=934cbbeed0e94753b2ddef8f32fddfe6&thumb=Y,https://culture.seoul.go.kr/culture/culture/cultureEvent/view.do?cultcode=156877&menuNo=200011,
2026-05-12T22:46:27.455225+09:00,고척돔,고척돔,POI086,KEY_2,[서울아트책보고] 처음 만나는 세계,2026-03-10~2026-05-31,서울아트책보고 북카페 앤 라운지,126.867088741096,37.4982125677913,,https://culture.seoul.go.kr/cmmn/file/getImage.do?atchFileId=57c7dae9273d4eaeb82db962852b352e&thumb=Y,https://culture.seoul.go.kr/culture/culture/cultureEvent/view.do?cultcode=156892&menuNo=200009,
2026-05-12T22:46:27.455225+09:00,광화문광장,광화문광장,POI088,KEY_1,빛과 어둠의 경계에서,2026-05-02~2026-05-25,세종문화회관 세종S씨어터,126.9760053,37.5726241,,https://culture.seoul.go.kr/cmmn/file/getImage.do?atchFileId=0eeea492c11e4eb7816334e58cfeb6ce&thumb=Y,https://culture.seoul.go.kr/culture/culture/cultureEvent/view.do?cultcode=157335&menuNo=200008,
2026-05-12T22:46:27.455225+09:00,광화문광장,광화문광장,POI088,KEY_1,2026 의정부지 역사유적광장 전통무예행사,2026-04-11~2026-10-31,의정부지 역사유적광장,126.977967142855,37.5748036513699,,https://culture.seoul.go.kr/cmmn/file/getImage.do?atchFileId=628a9bae996a407bbfee67752dd508db&thumb=Y,https://culture.seoul.go.kr/culture/culture/cultureEvent/view.do?cultcode=157327&menuNo=200010,
2026-05-12T22:46:27.455225+09:00,광화문광장,광화문광장,POI088,KEY_1,2026 아뜰리에 광화 봄 전시 [피어나는 빛],2026-04-11~2026-06-19,세종문화회관 외벽 미디어파사드,126.9760053,37.5726241,,https://culture.seoul.go.kr/cmmn/file/getImage.do?atchFileId=196d7f704d5646a2bb4bb40523a8c4aa&thumb=Y,https://culture.seoul.go.kr/culture/culture/cultureEvent/view.do?cultcode=157432&menuNo=200009,
2026-05-12T22:46:27.455225+09:00,광화문광장,광화문광장,POI088,KEY_1,2026 해치마당 미디어월 봄 전시,2026-04-10~2026-06-19,광화문 역 9번출구 진입로 벽면 해치마당 미디어월,126.976787992565,37.5716228232824,,https://culture.seoul.go.kr/cmmn/file/getImage.do?atchFileId=ac862f94f21744ec8092ccc4372c0539&thumb=Y,https://culture.seoul.go.kr/culture/culture/cultureEvent/view.do?cultcode=157787&menuNo=200009,
2026-05-12T22:46:27.455225+09:00,광화문광장,광화문광장,POI088,KEY_1,[경복궁] 2026 생과방(상반기),2026-04-08~2026-05-27,경복궁 생과방,126.976842133821,37.5759040910202,,https://culture.seoul.go.kr/cmmn/file/getImage.do?atchFileId=4864144c5a084ea4a1228924afe585e6&thumb=Y,https://culture.seoul.go.kr/culture/culture/cultureEvent/view.do?cultcode=157368&menuNo=200011,
2026-05-12T22:46:27.455225+09:00,광화문광장,광화문광장,POI088,KEY_1,2026년 집옥재(팔우정 포함) 작은 도서관 개방,2026-04-01~2026-10-31,경복궁 집옥재·팔우정,126.976842133821,37.5759040910202,,https://culture.seoul.go.kr/cmmn/file/getImage.do?atchFileId=d70525e916b548cda13443c9e10190f3&thumb=Y,https://culture.seoul.go.kr/culture/culture/cultureEvent/view.do?cultcode=157383&menuNo=200011,
2026-05-12T22:46:27.455225+09:00,광화문광장,광화문광장,POI088,KEY_1,2026년 경복궁 [경회루·향원정] 특별관람,2026-04-01~2026-10-30,경복궁 경회루·향원정,126.976842133821,37.5759040910202,,https://culture.seoul.go.kr/cmmn/file/getImage.do?atchFileId=37630da9c19349fbac8494e92e5c64d8&thumb=Y,https://culture.seoul.go.kr/culture/culture/cultureEvent/view.do?cultcode=157389&menuNo=200011,
2026-05-12T22:46:27.455225+09:00,광화문광장,광화문광장,POI088,KEY_1,[세종문화회관] 세종예술아카데미 [정승빈 작가] 스테들러와 함께하는 여행드로잉 클래스,2026-03-31~2026-09-15,세종예술아카데미 스퀘어홀,126.9760053,37.5726241,,https://culture.seoul.go.kr/cmmn/file/getImage.do?atchFileId=a0247bcdf4484818baaca748c977391f&thumb=Y,https://culture.seoul.go.kr/culture/culture/cultureEvent/view.do?cultcode=157026&menuNo=200011,
2026-05-12T22:46:27.455225+09:00,광화문광장,광화문광장,POI088,KEY_1,[세종문화회관] 세종예술아카데미 [박인홍 작가] 스테들러와 함께하는 여행드로잉 클래스,2026-03-31~2026-08-31,세종예술아카데미 스퀘어홀,126.9760053,37.5726241,,https://culture.seoul.go.kr/cmmn/file/getImage.do?atchFileId=c9b88469d8f0468e960f00b0e5b0785d&thumb=Y,https://culture.seoul.go.kr/culture/culture/cultureEvent/view.do?cultcode=157025&menuNo=200011,
2026-05-12T22:46:27.455225+09:00,광화문광장,광화문광장,POI088,KEY_1,[세종문화회관] 세종예술아카데미 [그레이스 발레 (성인 취미 발레)],2026-03-30~2026-06-29,세종문화회관 예술동 4층 종합연습실,126.9760053,37.5726241,,https://culture.seoul.go.kr/cmmn/file/getImage.do?atchFileId=8b685870654e4cd78bf509ea783f7748&thumb=Y,https://culture.seoul.go.kr/culture/culture/cultureEvent/view.do?cultcode=156885&menuNo=200011,.
2026-05-12T22:46:27.455225+09:00,광화문광장,광화문광장,POI088,KEY_1,[세종문화회관] 세종예술아카데미 [정연석 작가] 스테들러와 함께하는 여행드로잉 클래스,2026-03-28~2026-09-05,세종예술아카데미 스퀘어홀,126.9760053,37.5726241,,https://culture.seoul.go.kr/cmmn/file/getImage.do?atchFileId=df2237ca7f754d009407bc3321cae86f&thumb=Y,https://culture.seoul.go.kr/culture/culture/cultureEvent/view.do?cultcode=157028&menuNo=200011,
2026-05-12T22:46:27.455225+09:00,광화문광장,광화문광장,POI088,KEY_1,[세종문화회관] 세종예술아카데미 [이승익 작가] 스테들러와 함께하는 여행드로잉 클래스,2026-03-28~2026-08-29,세종예술아카데미 스퀘어홀,126.9760053,37.5726241,,https://culture.seoul.go.kr/cmmn/file/getImage.do?atchFileId=09ebfb8dbbcf453e86aadfe529b90ff8&thumb=Y,https://culture.seoul.go.kr/culture/culture/cultureEvent/view.do?cultcode=157027&menuNo=200011,
2026-05-12T22:46:27.455225+09:00,광화문광장,광화문광장,POI088,KEY_1,[세종문화회관] 2026 상반기 세종 어린이 발레 아카데미,2026-03-28~2026-06-27,세종문화회관 예술동 4층 종합연습실,126.9760053,37.5726241,,https://culture.seoul.go.kr/cmmn/file/getImage.do?atchFileId=b47ad1471d3d428a9482934f7b03787f&thumb=Y,https://culture.seoul.go.kr/culture/culture/cultureEvent/view.do?cultcode=157104&menuNo=200011,
2026-05-12T22:46:27.455225+09:00,광화문광장,광화문광장,POI088,KEY_1,[세종문화회관] 세종예술아카데미 [이야기가 있는 클래식],2026-03-19~2026-05-28,세종문화회관 서클홀,126.9760053,37.5726241,,https://culture.seoul.go.kr/cmmn/file/getImage.do?atchFileId=0373af8e16694df8b923159a02ec0a2a&thumb=Y,https://culture.seoul.go.kr/culture/culture/cultureEvent/view.do?cultcode=156883&menuNo=200011,.
2026-05-12T22:46:27.455225+09:00,광화문광장,광화문광장,POI088,KEY_1,[세종문화회관] 세종예술아카데미 [미술사가 이 현의 전시와 함께보는 서양 미술사 - 바로크와 로코코],2026-03-19~2026-05-21,세종문화회관 서클홀,126.9760053,37.5726241,,https://culture.seoul.go.kr/cmmn/file/getImage.do?atchFileId=377ac3cd61d6416baa3b3f43a826b900&thumb=Y,https://culture.seoul.go.kr/culture/culture/cultureEvent/view.do?cultcode=156881&menuNo=200011,.
2026-05-12T22:46:27.455225+09:00,광화문광장,광화문광장,POI088,KEY_1,[세종문화회관] 세종예술아카데미 [클래식브런치],2026-03-18~2026-05-20,세종문화회관 서클홀,126.9760053,37.5726241,,https://culture.seoul.go.kr/cmmn/file/getImage.do?atchFileId=43b7fd7ecf2b44d1b7ba2ec25e6cc7a7&thumb=Y,https://culture.seoul.go.kr/culture/culture/cultureEvent/view.do?cultcode=156880&menuNo=200011,.
2026-05-12T22:46:27.455225+09:00,광화문광장,광화문광장,POI088,KEY_1,[세종문화회관] 세종예술아카데미 [히든보이스],2026-03-17~2026-06-30,세종문화회관 서클홀,126.9760053,37.5726241,,https://culture.seoul.go.kr/cmmn/file/getImage.do?atchFileId=96b505aa681348d48b661d248108f577&thumb=Y,https://culture.seoul.go.kr/culture/culture/cultureEvent/view.do?cultcode=156809&menuNo=200011,.
2026-05-12T22:46:27.455225+09:00,광화문광장,광화문광장,POI088,KEY_1,[세종문화회관] 세종예술아카데미 [2026 상반기 스포츠 in 아트스테이션],2026-03-16~2026-06-26,세종문화회관 오픈스테이지의 탁 트인 마루형 공간,126.9760053,37.5726241,,https://culture.seoul.go.kr/cmmn/file/getImage.do?atchFileId=16cb755c035e4ddc86c7cfbfa3654ca5&thumb=Y,https://culture.seoul.go.kr/culture/culture/cultureEvent/view.do?cultcode=157023&menuNo=200011,
2026-05-12T22:46:27.455225+09:00,광화문광장,광화문광장,POI088,KEY_1,[국가유산청 궁능유적본부] 수문장 순라의식,2026-03-01~2026-11-29,(토요일)경복궁 내부 (일요일， 공휴일)인사동 문화의 거리,126.976842133821,37.5759040910202,,https://culture.seoul.go.kr/cmmn/file/getImage.do?atchFileId=923de3d9169e463b9c8098a8e132be38&thumb=Y,https://culture.seoul.go.kr/culture/culture/cultureEvent/view.do?cultcode=156996&menuNo=200013,
2026-05-12T22:46:27.455225+09:00,국립중앙박물관·용산가족공원,국립중앙박물관·용산가족공원,POI089,KEY_2,[국립중앙박물관] 이슬람 미술， 찬란한 빛의 여정,2025-11-22~2026-10-11,국립중앙박물관 상설전시관 이슬람실,126.98020301648833,37.52385582212769,,https://culture.seoul.go.kr/cmmn/file/getImage.do?atchFileId=69db1f87ea6447c6a1fe901e146ce2e1&thumb=Y,https://culture.seoul.go.kr/culture/culture/cultureEvent/view.do?cultcode=156371&menuNo=200009,
2026-05-12T22:46:27.455225+09:00,국립중앙박물관·용산가족공원,국립중앙박물관·용산가족공원,POI089,KEY_2,[국립중앙박물관] 보존과학， 새로운 시작 함께하는 미래,2025-10-28~2026-06-30,국립중앙박물관 보존과학센터 1층,126.98020301648833,37.52385582212769,,https://culture.seoul.go.kr/cmmn/file/getImage.do?atchFileId=649b5716289a4bf2a97dcc27a7962d0c&thumb=Y,https://culture.seoul.go.kr/culture/culture/cultureEvent/view.do?cultcode=156376&menuNo=200009,
2026-05-12T22:46:27.455225+09:00,국립중앙박물관·용산가족공원,국립중앙박물관·용산가족공원,POI089,KEY_2,[국립중앙박물관] 각角진 백자 이야기,2025-08-26~2026-06-21,국립중앙박물관 상설전시관 3층,126.98020301648833,37.52385582212769,,https://culture.seoul.go.kr/cmmn/file/getImage.do?atchFileId=e522fa75398e4832b8862dd5a66863a7&thumb=Y,https://culture.seoul.go.kr/culture/culture/cultureEvent/view.do?cultcode=156377&menuNo=200009,
2026-05-12T22:46:27.455225+09:00,남산공원,남산공원,POI091,KEY_1,2026 서울시 태권도 공연,2026-05-09~2026-10-18,남산골한옥마을， DDP(동대문디자인플라자) 등,126.994440072131,37.559304933707146,,https://culture.seoul.go.kr/cmmn/file/getImage.do?atchFileId=292cefda02074a1bba028aea65b48755&thumb=Y,https://culture.seoul.go.kr/culture/culture/cultureEvent/view.do?cultcode=157783&menuNo=200013,
2026-05-12T22:46:27.455225+09:00,남산공원,남산공원,POI091,KEY_1,[남산골한옥마을] 2026 남산골 전통체험 [예술가의 시간],2026-04-03~2026-10-25,남산골한옥마을 전통가옥 프로그램별 상이,126.994440072131,37.559304933707146,,https://culture.seoul.go.kr/cmmn/file/getImage.do?atchFileId=65cd91f8db7b435e96bed67b434bcb84&thumb=Y,https://culture.seoul.go.kr/culture/culture/cultureEvent/view.do?cultcode=157090&menuNo=200011,
2026-05-12T22:46:27.455225+09:00,남산공원,남산공원,POI091,KEY_1,[남산골한옥마을] 남산골 전통혼례,2026-03-28~2026-11-15,관훈동 민씨가옥 안채 마당 (야외 혼례),126.994440072131,37.559304933707146,,https://culture.seoul.go.kr/cmmn/file/getImage.do?atchFileId=33830aa756d2463ab6ae27c45a425b0e&thumb=Y,https://culture.seoul.go.kr/culture/culture/cultureEvent/view.do?cultcode=156333&menuNo=200010,
2026-05-12T22:46:27.455225+09:00,남산공원,남산공원,POI091,KEY_1,2026 국립극장 어린이 예술학교 유아반 (1학기),2026-03-14~2026-05-23,국립극장 뜰아래연습장 B2 다목적교육실,126.999267349473,37.5519949082942,,https://culture.seoul.go.kr/cmmn/file/getImage.do?atchFileId=4d36afd4ac204d67bade0bd7b035e70a&thumb=Y,https://culture.seoul.go.kr/culture/culture/cultureEvent/view.do?cultcode=156884&menuNo=200011,
2026-05-12T22:46:27.455225+09:00,노들섬,노들섬,POI092,KEY_2,2026 서울거리공연 구석구석라이브,2026-05-01~2026-12-31,공연별 상이,126.958036465507,37.5176638307111,,https://culture.seoul.go.kr/cmmn/file/getImage.do?atchFileId=edccc8857cfe4ac1886089adadae554e&thumb=Y,https://culture.seoul.go.kr/culture/culture/cultureEvent/view.do?cultcode=157655&menuNo=200008,
2026-05-12T22:46:27.455225+09:00,노들섬,노들섬,POI092,KEY_2,[서울문화재단] 2026 신당창작아케이드 [어쩌다 마주친 공예 in 노들섬],2026-03-27~2026-12-31,노들섬 노들서가 내 아트스페이스 엣지 1층 (서울특별시 용산구 양녕로 445),126.958036465507,37.5176638307111,,https://culture.seoul.go.kr/cmmn/file/getImage.do?atchFileId=a8c296336d0f4398b55de07ad93424af&thumb=Y,https://culture.seoul.go.kr/culture/culture/cultureEvent/view.do?cultcode=157363&menuNo=200009,
2026-05-12T22:46:27.455225+09:00,서울숲공원,서울숲공원,POI101,KEY_2,2026 서울국제정원박람회,2026-05-01~2026-10-27,서울숲 일대,127.041799099222,37.5430701468405,,https://culture.seoul.go.kr/cmmn/file/getImage.do?atchFileId=94950c28bee44177bf2bff226fec0dc4&thumb=Y,https://culture.seoul.go.kr/culture/culture/cultureEvent/view.do?cultcode=156916&menuNo=200010,
2026-05-12T22:46:27.455225+09:00,서울숲공원,서울숲공원,POI101,KEY_2,2026 서로장터,2026-04-26~2026-11-01,서울광장， 서울숲， 양재시민의 숲， 잠수교,127.041799099222,37.5430701468405,N,https://culture.seoul.go.kr/cmmn/file/getImage.do?atchFileId=b5b274e789f84a8da67e6c2ec3815326&thumb=Y,https://culture.seoul.go.kr/culture/culture/cultureEvent/view.do?cultcode=157478&menuNo=200010,
2026-05-12T22:46:27.455225+09:00,송현녹지광장,송현녹지광장,POI129,KEY_3,[서울공예박물관] 색유만개 : 권순형 기증특별전시,2026-05-12~2026-08-02,서울공예박물관 전시1동  1층 로비， 안내동 일부,126.983533363501,37.5766481740232,,https://culture.seoul.go.kr/cmmn/file/getImage.do?atchFileId=36124f9be563428e8d2635a4078fd319&thumb=Y,https://culture.seoul.go.kr/culture/culture/cultureEvent/view.do?cultcode=157607&menuNo=200009,
2026-05-12T22:46:27.455225+09:00,송현녹지광장,송현녹지광장,POI129,KEY_3,[서울공예박물관] 공예협력전시 [안동별궁， 시간의 겹],2026-04-28~2027-08-29,서울공예박물관 전시1동 3층 기획전시실,126.983533363501,37.5766481740232,N,https://culture.seoul.go.kr/cmmn/file/getImage.do?atchFileId=a1622fcb6e024123ac90f40cdc8e32fd&thumb=Y,https://culture.seoul.go.kr/culture/culture/cultureEvent/view.do?cultcode=157420&menuNo=200009,
2026-05-12T22:46:27.455225+09:00,송현녹지광장,송현녹지광장,POI129,KEY_3,[서울공예박물관] 한불수교 140주년 기념전시 [더 하이브리드],2026-04-28~2026-07-26,서울공예박물관 전시1동 3층 기획전시실,126.983533363501,37.5766481740232,N,https://culture.seoul.go.kr/cmmn/file/getImage.do?atchFileId=aaaf677cdfac468db6f5c9e13fd397ad&thumb=Y,https://culture.seoul.go.kr/culture/culture/cultureEvent/view.do?cultcode=157211&menuNo=200009,
2026-05-12T22:46:27.455225+09:00,송현녹지광장,송현녹지광장,POI129,KEY_3,[서울공예박물관] 공예동행@쇼윈도 #2. 빛의 흐름 The Flow of Light,2026-04-08~2026-05-31,전시3동 1층 쇼윈도 갤러리,126.983533363501,37.5766481740232,,https://culture.seoul.go.kr/cmmn/file/getImage.do?atchFileId=d813307c6065486caf69b2ad498a0e61&thumb=Y,https://culture.seoul.go.kr/culture/culture/cultureEvent/view.do?cultcode=157354&menuNo=200009,
2026-05-12T22:46:27.455225+09:00,송현녹지광장,송현녹지광장,POI129,KEY_3,스펙트로신테시스 서울 Spectrosynthesis Seoul,2026-03-20~2026-06-28,아트선재센터,126.981839239613,37.5794635323506,,https://culture.seoul.go.kr/cmmn/file/getImage.do?atchFileId=1bbb87d0d71243b996db22604e96a261&thumb=Y,https://culture.seoul.go.kr/culture/culture/cultureEvent/view.do?cultcode=157262&menuNo=200009,
2026-05-12T22:46:27.455225+09:00,어린이대공원,어린이대공원,POI104,KEY_1,[서울상상나라] To. 외계인,2026-05-09~2026-07-19,서울상상나라 B1 창의놀이실,127.077569,37.55055,,https://culture.seoul.go.kr/cmmn/file/getImage.do?atchFileId=240d6c4f932d44c099f463537898e10d&thumb=Y,https://culture.seoul.go.kr/culture/culture/cultureEvent/view.do?cultcode=157797&menuNo=200011,
2026-05-12T22:46:27.455225+09:00,어린이대공원,어린이대공원,POI104,KEY_1,[서울상상나라] 에너지 위기! 대체에너지 탐험,2026-05-09~2026-07-19,서울상상나라 B1 표현놀이실,127.077569,37.55055,,https://culture.seoul.go.kr/cmmn/file/getImage.do?atchFileId=582b93fb96294ba4b10535197ad0b6e4&thumb=Y,https://culture.seoul.go.kr/culture/culture/cultureEvent/view.do?cultcode=157798&menuNo=200011,
2026-05-12T22:46:27.455225+09:00,어린이대공원,어린이대공원,POI104,KEY_1,[서울상상나라] 우리 가족 얼굴 피자,2026-05-09~2026-05-31,서울상상나라 B1 요리놀이실,127.077569,37.55055,,https://culture.seoul.go.kr/cmmn/file/getImage.do?atchFileId=911928e567334b468469a48c46b21df2&thumb=Y,https://culture.seoul.go.kr/culture/culture/cultureEvent/view.do?cultcode=157800&menuNo=200011,
2026-05-12T22:46:27.455225+09:00,어린이대공원,어린이대공원,POI104,KEY_1,[서울상상나라] 연두빛 타르트,2026-05-09~2026-05-31,서울상상나라 B1 요리놀이실,127.077569,37.55055,,https://culture.seoul.go.kr/cmmn/file/getImage.do?atchFileId=8294893045ec4d9db9f6d5e2b49c908e&thumb=Y,https://culture.seoul.go.kr/culture/culture/cultureEvent/view.do?cultcode=157799&menuNo=200011,
2026-05-12T22:46:27.455225+09:00,어린이대공원,어린이대공원,POI104,KEY_1,[서울상상나라] 놀이의 가능성: 보다,2026-04-28~2026-10-31,서울상상나라 1층 로비,127.077569,37.55055,,https://culture.seoul.go.kr/cmmn/file/getImage.do?atchFileId=33e106ada63a4554889b2194d3b76aa7&thumb=Y,https://culture.seoul.go.kr/culture/culture/cultureEvent/view.do?cultcode=157801&menuNo=200009,
2026-05-12T22:46:27.455225+09:00,어린이대공원,어린이대공원,POI104,KEY_1,[서울상상나라] 2F 기획전시 [사랑하는 모양이야],2025-11-15~2026-11-15,2층 서울형 키즈카페 시립 서울상상나라점,127.077569,37.55055,,https://culture.seoul.go.kr/cmmn/file/getImage.do?atchFileId=49257064be8745158d56780a881325da&thumb=Y,https://culture.seoul.go.kr/culture/culture/cultureEvent/view.do?cultcode=156165&menuNo=200009,
2026-05-12T22:46:27.455225+09:00,어린이대공원,어린이대공원,POI104,KEY_1,[서울상상나라] 통-하다,2025-11-11~2026-11-11,서울상상나라 1층 상설전시실,127.077569,37.55055,,https://culture.seoul.go.kr/cmmn/file/getImage.do?atchFileId=43c7d50c4bcf488982db4ed5e5d6a2a9&thumb=Y,https://culture.seoul.go.kr/culture/culture/cultureEvent/view.do?cultcode=155891&menuNo=200009,
2026-05-12T22:46:27.455225+09:00,어린이대공원,어린이대공원,POI104,KEY_1,[서울상상나라] 그림책 작업실:엉뚱하고 기발한,2025-07-15~2026-07-15,서울상상나라 지하 1층 기획전시실,127.077569,37.55055,,https://culture.seoul.go.kr/cmmn/file/getImage.do?atchFileId=96afe0108a624e499e8ba01e7cb308c1&thumb=Y,https://culture.seoul.go.kr/culture/culture/cultureEvent/view.do?cultcode=154150&menuNo=200009,
2026-05-12T22:46:27.455225+09:00,올림픽공원,올림픽공원,POI127,KEY_1,[한성백제박물관] 상반기 장애인 단체 대면 교육 [옛날옛날， 빛나는 백제 이야기],2026-05-12~2026-06-30,박물관 로비/교육실,127.12088940368128,37.51543881335773,,https://culture.seoul.go.kr/cmmn/file/getImage.do?atchFileId=58420146f27740e39e6ac91e88d71d70&thumb=Y,https://culture.seoul.go.kr/culture/culture/cultureEvent/view.do?cultcode=157690&menuNo=200011,
2026-05-12T22:46:27.455225+09:00,올림픽공원,올림픽공원,POI127,KEY_1,[서울백제어린이박물관] 초등 2-3학년 학급 대상 [어린이백제연구소2] 옛날 도구， 오늘날 도구 (도구의변천),2026-05-12~2026-06-10,서울백제어린이박물관(교육실， 전시실),127.124412,37.523991,,https://culture.seoul.go.kr/cmmn/file/getImage.do?atchFileId=85ede03678db4ee5a0adb99f465d78ff&thumb=Y,https://culture.seoul.go.kr/culture/culture/cultureEvent/view.do?cultcode=156836&menuNo=200011,
2026-05-12T22:46:27.455225+09:00,올림픽공원,올림픽공원,POI127,KEY_1,[한성백제박물관] 2026년 상반기 성인 대상 [서울 고대유적 탐방],2026-04-28~2026-06-11,한성백제박물관， 몽촌토성， 풍납동토성， 석촌동고분군 일대,127.12088940368128,37.51543881335773,,https://culture.seoul.go.kr/cmmn/file/getImage.do?atchFileId=3d89263b5e85481c894204ef7a05d20e&thumb=Y,https://culture.seoul.go.kr/culture/culture/cultureEvent/view.do?cultcode=157084&menuNo=200011,
2026-05-12T22:46:27.455225+09:00,올림픽공원,올림픽공원,POI127,KEY_1,[소마미술관] 조각이 꿈+틀 [올림픽조각체험프로젝트#02] 상설전,2026-04-17~2026-09-06,소마미술관 2관 상설전시실,127.118166964751,37.516920655117,,https://culture.seoul.go.kr/cmmn/file/getImage.do?atchFileId=c4ac3bd4533342b993b5ccfd5d42086c&thumb=Y,https://culture.seoul.go.kr/culture/culture/cultureEvent/view.do?cultcode=157117&menuNo=200009,
2026-05-12T22:46:27.455225+09:00,올림픽공원,올림픽공원,POI127,KEY_1,올림픽 조각체험 프로젝트#2 [조각이 꿈+틀],2026-04-17~2026-09-06,소마미술관,127.118166964751,37.516920655117,,https://culture.seoul.go.kr/cmmn/file/getImage.do?atchFileId=6825663978de46c192543240dfbb2185&thumb=Y,https://culture.seoul.go.kr/culture/culture/cultureEvent/view.do?cultcode=157318&menuNo=200009,
2026-05-12T22:46:27.455225+09:00,올림픽공원,올림픽공원,POI127,KEY_1,[소마미술관] 그림책이 살아있다!,2026-04-17~2026-09-06,소마미술관 2관 기획전시실,127.118166964751,37.516920655117,,https://culture.seoul.go.kr/cmmn/file/getImage.do?atchFileId=cf267080189e4a3eadeeb6c5e8b0ade7&thumb=Y,https://culture.seoul.go.kr/culture/culture/cultureEvent/view.do?cultcode=157116&menuNo=200009,
2026-05-12T22:46:27.455225+09:00,올림픽공원,올림픽공원,POI127,KEY_1,이승택 개인전 [조각의 바깥에서],2026-04-10~2026-07-26,소마미술관,127.118166964751,37.516920655117,,https://culture.seoul.go.kr/cmmn/file/getImage.do?atchFileId=fa83edf506b643e2bec777cac69729ce&thumb=Y,https://culture.seoul.go.kr/culture/culture/cultureEvent/view.do?cultcode=157317&menuNo=200009,
2026-05-12T22:46:27.455225+09:00,올림픽공원,올림픽공원,POI127,KEY_1,[한성백제박물관] 2026년 상반기 문화다양성 교육 [백제와 함께하는 이웃나라들],2026-03-31~2026-06-30,대면) 박물관 교육실/ (비대면) 각 학급 교실,127.12088940368128,37.51543881335773,,https://culture.seoul.go.kr/cmmn/file/getImage.do?atchFileId=79379b0c10fc462fb325ecdb455dd3db&thumb=Y,https://culture.seoul.go.kr/culture/culture/cultureEvent/view.do?cultcode=157232&menuNo=200011,
2026-05-12T22:46:27.455225+09:00,올림픽공원,올림픽공원,POI127,KEY_1,[한성백제박물관] 2026 상반기 초등단체 대면 교육 [서울 쏙! 백제 콕!],2026-03-26~2026-07-03,한성백제박물관 교육실,127.12088940368128,37.51543881335773,,https://culture.seoul.go.kr/cmmn/file/getImage.do?atchFileId=f3b484610b65420297a3ae47001c6120&thumb=Y,https://culture.seoul.go.kr/culture/culture/cultureEvent/view.do?cultcode=156906&menuNo=200011,
2026-05-12T22:46:27.455225+09:00,올림픽공원,올림픽공원,POI127,KEY_1,[한성백제박물관] 2026 상반기 초등단체 비대면 교육 [서울 쏙! 백제 콕!],2026-03-26~2026-07-03,각 학급 교실(비대면 원격 교육),127.12088940368128,37.51543881335773,,https://culture.seoul.go.kr/cmmn/file/getImage.do?atchFileId=fb761ebe217849eaa4f63b1b0f6ac759&thumb=Y,https://culture.seoul.go.kr/culture/culture/cultureEvent/view.do?cultcode=156907&menuNo=200011,
2026-05-12T22:46:27.455225+09:00,올림픽공원,올림픽공원,POI127,KEY_1,[한성백제박물관] 초등 4~6학년 단체 대면 교육 [한강삼국지: 삼국의 한강 쟁탈전],2026-03-24~2026-07-01,한성백제박물관 교육실,127.12088940368128,37.51543881335773,,https://culture.seoul.go.kr/cmmn/file/getImage.do?atchFileId=0183d0f0f64d43dea7f2f1f5a5823734&thumb=Y,https://culture.seoul.go.kr/culture/culture/cultureEvent/view.do?cultcode=156755&menuNo=200011,
2026-05-12T22:46:27.455225+09:00,올림픽공원,올림픽공원,POI127,KEY_1,[한성백제박물관] 초등 4~6학년 학급 비대면 교육 [한강삼국지: 삼국의 한강 쟁탈전],2026-03-24~2026-07-01,신청 학급 교실,127.12088940368128,37.51543881335773,,https://culture.seoul.go.kr/cmmn/file/getImage.do?atchFileId=ee2f38002896461d88e55f36df203dfc&thumb=Y,https://culture.seoul.go.kr/culture/culture/cultureEvent/view.do?cultcode=156754&menuNo=200011,
2026-05-12T22:46:27.455225+09:00,올림픽공원,올림픽공원,POI127,KEY_1,[서울백제어린이박물관] 유단체 대상 [서울역사생태탐험대1] 봄,2026-03-19~2026-05-21,서울백제어린이박물관(교육실， 전시실)， 야외생태체험장， 전시실 등,127.124412,37.523991,,https://culture.seoul.go.kr/cmmn/file/getImage.do?atchFileId=7504518b70b54ac7b5c8367519f44947&thumb=Y,https://culture.seoul.go.kr/culture/culture/cultureEvent/view.do?cultcode=156747&menuNo=200011,
2026-05-12T22:46:27.455225+09:00,올림픽공원,올림픽공원,POI127,KEY_1,[한성백제박물관] 2026년 상반기 주말가족교육 [문화유산 보존 연구소],2026-03-14~2026-07-04,한성백제박물관 교육실,127.12088940368128,37.51543881335773,,https://culture.seoul.go.kr/cmmn/file/getImage.do?atchFileId=69fec744c82446619d58e8ce8cb6baab&thumb=Y,https://culture.seoul.go.kr/culture/culture/cultureEvent/view.do?cultcode=156850&menuNo=200011,
2026-05-12T22:46:27.455225+09:00,올림픽공원,올림픽공원,POI127,KEY_1,[한성백제박물관] 2026년 상반기 주말가족탐방 [몽촌토성 탐방],2026-03-14~2026-05-30,몽촌토성， 박물관 교육실,127.12088940368128,37.51543881335773,,https://culture.seoul.go.kr/cmmn/file/getImage.do?atchFileId=31a20aade65d41b882a74ff2a6424ee7&thumb=Y,https://culture.seoul.go.kr/culture/culture/cultureEvent/view.do?cultcode=156851&menuNo=200011,
2026-05-12T22:46:27.455225+09:00,북촌한옥마을,북촌한옥마을,POI066,KEY_3,[서울공예박물관] 색유만개 : 권순형 기증특별전시,2026-05-12~2026-08-02,서울공예박물관 전시1동  1층 로비， 안내동 일부,126.983533363501,37.5766481740232,,https://culture.seoul.go.kr/cmmn/file/getImage.do?atchFileId=36124f9be563428e8d2635a4078fd319&thumb=Y,https://culture.seoul.go.kr/culture/culture/cultureEvent/view.do?cultcode=157607&menuNo=200009,
2026-05-12T22:46:27.455225+09:00,북촌한옥마을,북촌한옥마을,POI066,KEY_3,[갤러리지우헌] 허상욱 개인전: 분청 마음,2026-05-06~2026-06-03,갤러리 지우헌,126.982999426985,37.5833833879584,,https://culture.seoul.go.kr/cmmn/file/getImage.do?atchFileId=cbdadfe6623e471d8e41a958828bab71&thumb=Y,https://culture.seoul.go.kr/culture/culture/cultureEvent/view.do?cultcode=157715&menuNo=200009,전시 오프닝은 5월 6일 오후 4시에 진행되며， 작가가 직접 작품을 소개하는 자리가 마련될 예정이다. 행사에는 100년 전통 ㈜지평주조의 ‘지평탁주’가 함께 제공됩니다.
2026-05-12T22:46:27.455225+09:00,북촌한옥마을,북촌한옥마을,POI066,KEY_3,[서울공예박물관] 공예협력전시 [안동별궁， 시간의 겹],2026-04-28~2027-08-29,서울공예박물관 전시1동 3층 기획전시실,126.983533363501,37.5766481740232,N,https://culture.seoul.go.kr/cmmn/file/getImage.do?atchFileId=a1622fcb6e024123ac90f40cdc8e32fd&thumb=Y,https://culture.seoul.go.kr/culture/culture/cultureEvent/view.do?cultcode=157420&menuNo=200009,
2026-05-12T22:46:27.455225+09:00,북촌한옥마을,북촌한옥마을,POI066,KEY_3,[서울공예박물관] 한불수교 140주년 기념전시 [더 하이브리드],2026-04-28~2026-07-26,서울공예박물관 전시1동 3층 기획전시실,126.983533363501,37.5766481740232,N,https://culture.seoul.go.kr/cmmn/file/getImage.do?atchFileId=aaaf677cdfac468db6f5c9e13fd397ad&thumb=Y,https://culture.seoul.go.kr/culture/culture/cultureEvent/view.do?cultcode=157211&menuNo=200009,
2026-05-12T22:46:27.455225+09:00,북촌한옥마을,북촌한옥마을,POI066,KEY_3,[서울공예박물관] 공예동행@쇼윈도 #2. 빛의 흐름 The Flow of Light,2026-04-08~2026-05-31,전시3동 1층 쇼윈도 갤러리,126.983533363501,37.5766481740232,,https://culture.seoul.go.kr/cmmn/file/getImage.do?atchFileId=d813307c6065486caf69b2ad498a0e61&thumb=Y,https://culture.seoul.go.kr/culture/culture/cultureEvent/view.do?cultcode=157354&menuNo=200009,
2026-05-12T22:46:27.455225+09:00,북촌한옥마을,북촌한옥마을,POI066,KEY_3,스펙트로신테시스 서울 Spectrosynthesis Seoul,2026-03-20~2026-06-28,아트선재센터,126.981839239613,37.5794635323506,,https://culture.seoul.go.kr/cmmn/file/getImage.do?atchFileId=1bbb87d0d71243b996db22604e96a261&thumb=Y,https://culture.seoul.go.kr/culture/culture/cultureEvent/view.do?cultcode=157262&menuNo=200009,
2026-05-12T22:46:27.455225+09:00,서촌,서촌,POI067,KEY_1,[서울생활문화센터 체부] 체부작업展 [선 위에 머무는 마음],2026-04-28~2026-06-30,윈도우 갤러리， 금오재 마실,126.97148941423,37.5767084987432,,https://culture.seoul.go.kr/cmmn/file/getImage.do?atchFileId=b51cfd4f38d64d21be656e622812b5cb&thumb=Y,https://culture.seoul.go.kr/culture/culture/cultureEvent/view.do?cultcode=157790&menuNo=200009,
2026-05-12T22:46:27.455225+09:00,서촌,서촌,POI067,KEY_1,[종로문화재단] 금빛으로 지은 옷을 여미다,2025-12-16~2026-06-26,배화여자대학교 도서관 1층 전통문화전시실,126.967291871532,37.5795440101952,,https://culture.seoul.go.kr/cmmn/file/getImage.do?atchFileId=dc73759daf4e460fb1b9184a298f8c43&thumb=Y,https://culture.seoul.go.kr/culture/culture/cultureEvent/view.do?cultcode=156309&menuNo=200009,
2026-05-12T22:46:27.455225+09:00,서촌,서촌,POI067,KEY_1,[종로문화재단] 박노수미술관 개관12주년 기념전시 [산수·격물],2025-09-19~2026-12-06,종로구립 박노수미술관,126.966818545949,37.5813191962491,,https://culture.seoul.go.kr/cmmn/file/getImage.do?atchFileId=b3d1bbb9284b4b97bda71e967e5bb5a9&thumb=Y,https://culture.seoul.go.kr/culture/culture/cultureEvent/view.do?cultcode=155699&menuNo=200009,
2026-05-12T22:46:27.455225+09:00,인사동,인사동,POI078,KEY_3,[운현궁] 2026 기획 전시 [단청이 스며든 자리],2026-05-12~2026-05-17,운현궁 기획전시실,126.98708335796199,37.57607864675475,,https://culture.seoul.go.kr/cmmn/file/getImage.do?atchFileId=9fa80cafef594ba095f0682cd4cb8032&thumb=Y,https://culture.seoul.go.kr/culture/culture/cultureEvent/view.do?cultcode=157805&menuNo=200009,
2026-05-12T22:46:27.455225+09:00,인사동,인사동,POI078,KEY_3,[서울무형유산교육전시장] 2026년 운현궁에서 배우는 전통매듭 체험 모집,2026-05-06~2026-05-27,운현궁 이로당,126.98708335796199,37.57607864675475,,https://culture.seoul.go.kr/cmmn/file/getImage.do?atchFileId=d9f7c6b35e4b444dab781fe2fd07b841&thumb=Y,https://culture.seoul.go.kr/culture/culture/cultureEvent/view.do?cultcode=157558&menuNo=200011,
2026-05-12T22:46:27.455225+09:00,인사동,인사동,POI078,KEY_3,[노화랑] 기획전 [IN PINK],2026-04-23~2026-05-14,노화랑 1， 2층 전시장,126.984085733694,37.5748603162364,N,https://culture.seoul.go.kr/cmmn/file/getImage.do?atchFileId=813a89fb33224ca9b184a59c222a411b&thumb=Y,https://culture.seoul.go.kr/culture/culture/cultureEvent/view.do?cultcode=157488&menuNo=200009,
2026-05-12T22:46:27.455225+09:00,인사동,인사동,POI078,KEY_3,[서울우리소리박물관] 2026년 상반기 외국인 전통문화체험,2026-04-16~2026-05-14,서울우리소리박물관 상설전시실 및 교육실,126.989622047178,37.577157928122,,https://culture.seoul.go.kr/cmmn/file/getImage.do?atchFileId=183cd9e9b78549d098992df989c47096&thumb=Y,https://culture.seoul.go.kr/culture/culture/cultureEvent/view.do?cultcode=157200&menuNo=200011,
2026-05-12T22:46:27.455225+09:00,인사동,인사동,POI078,KEY_3,[운현궁] 2026 서울 운현궁 예절교실,2026-04-01~2026-06-12,운현궁 이로당， 노락당,126.98708335796199,37.57607864675475,,https://culture.seoul.go.kr/cmmn/file/getImage.do?atchFileId=48bfe53ae79b43ffa93809a0bea94372&thumb=Y,https://culture.seoul.go.kr/culture/culture/cultureEvent/view.do?cultcode=156901&menuNo=200011,
2026-05-12T22:46:27.455225+09:00,인사동,인사동,POI078,KEY_3,[서울생활문화센터 낙원] 초보기타 교실 추가모집 / 색소폰 교실 & 클리닉,2026-03-18~2026-06-24,서울생활문화센터 낙원 5번 안내실,126.987902476529,37.5727635233966,,https://culture.seoul.go.kr/cmmn/file/getImage.do?atchFileId=19019906a68a46efbe0ae1c1d60984bd&thumb=Y,https://culture.seoul.go.kr/culture/culture/cultureEvent/view.do?cultcode=156978&menuNo=200011,
2026-05-12T22:46:27.455225+09:00,인사동,인사동,POI078,KEY_3,[서울우리소리박물관] 2026 자율학습 프로그램 [우리소리 친구들],2026-02-09~2026-12-31,누마루 또는 교육실,126.989622047178,37.577157928122,,https://culture.seoul.go.kr/cmmn/file/getImage.do?atchFileId=94d1c28647de4daf8f612b8fe830a020&thumb=Y,https://culture.seoul.go.kr/culture/culture/cultureEvent/view.do?cultcode=156746&menuNo=200011,
2026-05-12T22:46:27.455225+09:00,인사동,인사동,POI078,KEY_3,[서울우리소리박물관] 2025 서울우리소리박물관 기획전 [한강， 소리로 흐르다],2025-06-19~2026-05-28,서울우리소리박물관 기획전시실,126.989622047178,37.577157928122,,https://culture.seoul.go.kr/cmmn/file/getImage.do?atchFileId=6cbae2fb2066497e9499c66996d2aad8&thumb=Y,https://culture.seoul.go.kr/culture/culture/cultureEvent/view.do?cultcode=154089&menuNo=200009,
2026-05-12T22:46:27.455225+09:00,창동 신경제 중심지,창동 신경제 중심지,POI079,KEY_2,[서울시립 사진미술관] 어린이를 위한 감상교육 [미술관 탐험],2026-05-02~2026-06-13,서울시립 사진미술관 전시실 및 1교육실,127.048947814686,37.6555150225578,,https://culture.seoul.go.kr/cmmn/file/getImage.do?atchFileId=3b060851bfe0447fa662c416d69083b5&thumb=Y,https://culture.seoul.go.kr/culture/culture/cultureEvent/view.do?cultcode=157761&menuNo=200011,
2026-05-12T22:46:27.455225+09:00,창동 신경제 중심지,창동 신경제 중심지,POI079,KEY_2,[서울시립 사진미술관] 2026 서울사진축제 : 미술관 속 영화관 [진과 세계 사이에서],2026-04-24~2026-05-29,서울시립 사진미술관 2층 영상홀,127.048947814686,37.6555150225578,,https://culture.seoul.go.kr/cmmn/file/getImage.do?atchFileId=7938fe59e75e4986abeeaa7b0d1b15a9&thumb=Y,https://culture.seoul.go.kr/culture/culture/cultureEvent/view.do?cultcode=157489&menuNo=200013,
2026-05-12T22:46:27.455225+09:00,창동 신경제 중심지,창동 신경제 중심지,POI079,KEY_2,[서울시립 사진미술관] 2026 서울사진축제 : 포토라이브러리 워크숍 [일요일의 독서클럽],2026-04-12~2026-06-07,2층 영상홀， 4층 포토라이브러리,127.048947814686,37.6555150225578,,https://culture.seoul.go.kr/cmmn/file/getImage.do?atchFileId=498300d2f5194d3b8fd3d736e7cb345f&thumb=Y,https://culture.seoul.go.kr/culture/culture/cultureEvent/view.do?cultcode=157487&menuNo=200011,
2026-05-12T22:46:27.455225+09:00,창동 신경제 중심지,창동 신경제 중심지,POI079,KEY_2,[서울시립 사진미술관] 2026 서울사진축제 : Photo SeMA 기획서가 [모두를 위한 사진책],2026-04-09~2026-07-05,서울시립 사진미술관 4층 포토라이브러리,127.048947814686,37.6555150225578,,https://culture.seoul.go.kr/cmmn/file/getImage.do?atchFileId=65ddc38604e4492b869a6d972a08ec81&thumb=Y,https://culture.seoul.go.kr/culture/culture/cultureEvent/view.do?cultcode=157578&menuNo=200009,
2026-05-12T22:46:27.455225+09:00,창동 신경제 중심지,창동 신경제 중심지,POI079,KEY_2,[서울시립 사진미술관] 2026 서울사진축제 : 아티스트 토크 [작가의 방],2026-04-09~2026-06-14,서울시립 사진미술관 2층  영상홀,127.048947814686,37.6555150225578,,https://culture.seoul.go.kr/cmmn/file/getImage.do?atchFileId=20a62cd7a4a5468a905848cae3284ff6&thumb=Y,https://culture.seoul.go.kr/culture/culture/cultureEvent/view.do?cultcode=157475&menuNo=200009,
2026-05-12T22:46:27.455225+09:00,창동 신경제 중심지,창동 신경제 중심지,POI079,KEY_2,[서울시립 사진미술관] 2026 서울사진축제 [서울 사진 산책],2026-04-09~2026-06-14,서울 시내 24개소 문화공간 / 외부 별도 장소,127.048947814686,37.6555150225578,,https://culture.seoul.go.kr/cmmn/file/getImage.do?atchFileId=10e7f9cf6cd94078a47d5e519a4b6e7f&thumb=Y,https://culture.seoul.go.kr/culture/culture/cultureEvent/view.do?cultcode=157349&menuNo=200009,
2026-05-12T22:46:27.455225+09:00,창동 신경제 중심지,창동 신경제 중심지,POI079,KEY_2,[서울시립 사진미술관] 서울사진축제 《컴백홈》,2026-04-09~2026-06-14,서울시립 사진미술관,127.048947814686,37.6555150225578,,https://culture.seoul.go.kr/cmmn/file/getImage.do?atchFileId=c4c9d45245364ab48711d6ccbeb9e699&thumb=Y,https://culture.seoul.go.kr/culture/culture/cultureEvent/view.do?cultcode=157269&menuNo=200009,
2026-05-12T22:46:27.455225+09:00,창동 신경제 중심지,창동 신경제 중심지,POI079,KEY_2,[서울시립 사진미술관] 포토 디스커버리 프로젝트 《사진집》,2026-03-18~2026-06-14,서울시립 사진미술관 1층 로비,127.048947814686,37.6555150225578,,https://culture.seoul.go.kr/cmmn/file/getImage.do?atchFileId=0f7936d9f2d94354a36657010b418fbb&thumb=Y,https://culture.seoul.go.kr/culture/culture/cultureEvent/view.do?cultcode=157141&menuNo=200009,
2026-05-12T22:46:27.455225+09:00,DDP(동대문디자인플라자),DDP(동대문디자인플라자),POI083,KEY_3,김영준 x 요시다 유니 기획전 Face to face,2026-05-07~2026-06-07,DDP 이간수문전시장,127.00977973484339,37.56735731522952,,https://culture.seoul.go.kr/cmmn/file/getImage.do?atchFileId=2e699755a39b40619ddea53a22e59ef4&thumb=Y,https://culture.seoul.go.kr/culture/culture/cultureEvent/view.do?cultcode=157672&menuNo=200009,
2026-05-12T22:46:27.455225+09:00,DDP(동대문디자인플라자),DDP(동대문디자인플라자),POI083,KEY_3,Let Dreams Shine! [베베핀 드림랜드],2026-05-01~2026-05-31,동대문디자인플라자 디자인랩1층 DDP쇼룸,127.00977973484339,37.56735731522952,,https://culture.seoul.go.kr/cmmn/file/getImage.do?atchFileId=b578b0a0e4724a718dff9fbd6ca77cbc&thumb=Y,https://culture.seoul.go.kr/culture/culture/cultureEvent/view.do?cultcode=157641&menuNo=200011,
2026-05-12T22:46:27.455225+09:00,DDP(동대문디자인플라자),DDP(동대문디자인플라자),POI083,KEY_3,DDPlay 버스킹 5월 공연 안내,2026-05-01~2026-05-31,DDP 어울림광장， 팔거리,127.00977973484339,37.56735731522952,,https://culture.seoul.go.kr/cmmn/file/getImage.do?atchFileId=06255b5f16c1435a95ddf9214cbe8d86&thumb=Y,https://culture.seoul.go.kr/culture/culture/cultureEvent/view.do?cultcode=157546&menuNo=200008,
2026-05-12T22:46:27.455225+09:00,DDP(동대문디자인플라자),DDP(동대문디자인플라자),POI083,KEY_3,[서울디자인재단] 키크니 특별전 : 그렸고 그런 사이,2026-04-25~2026-09-06,뮤지엄 전시1관,127.00977973484339,37.56735731522952,,https://culture.seoul.go.kr/cmmn/file/getImage.do?atchFileId=5b5e3f16b605439ea83b1ecf8d5ce8b8&thumb=Y,https://culture.seoul.go.kr/culture/culture/cultureEvent/view.do?cultcode=157351&menuNo=200009,
2026-05-12T22:46:27.455225+09:00,DDP(동대문디자인플라자),DDP(동대문디자인플라자),POI083,KEY_3,이상한 K-뷰티 : 엄마의 서랍장,2026-04-10~2026-06-10,DDP 마켓 B2F 비더비 다운타운,127.00977973484339,37.56735731522952,,https://culture.seoul.go.kr/cmmn/file/getImage.do?atchFileId=e187f20c0b5d4e7ebcbff38d8f60b63e&thumb=Y,https://culture.seoul.go.kr/culture/culture/cultureEvent/view.do?cultcode=157606&menuNo=200009,
2026-05-12T22:46:27.455225+09:00,DDP(동대문디자인플라자),DDP(동대문디자인플라자),POI083,KEY_3,[서울디자인재단] DDP 루프탑 투어_2026,2026-03-21~2026-05-31,DDP 뮤지엄 1층(M3 출입문) 투어 데스크 (시작장소),127.00977973484339,37.56735731522952,,https://culture.seoul.go.kr/cmmn/file/getImage.do?atchFileId=973b28af071b405ea7f6eb7ab715abaa&thumb=Y,https://culture.seoul.go.kr/culture/culture/cultureEvent/view.do?cultcode=157428&menuNo=200011,
2026-05-12T22:46:27.455225+09:00,DDP(동대문디자인플라자),DDP(동대문디자인플라자),POI083,KEY_3,BtheB 뷰티기획전 [Beauty For All],2026-02-28~2026-06-07,DDP 지하2층 DDP마켓 비더비,127.00977973484339,37.56735731522952,,https://culture.seoul.go.kr/cmmn/file/getImage.do?atchFileId=5209bf1d22f345568a88cce60bbc8688&thumb=Y,https://culture.seoul.go.kr/culture/culture/cultureEvent/view.do?cultcode=156852&menuNo=200009,
2026-05-12T22:46:27.455225+09:00,DDP(동대문디자인플라자),DDP(동대문디자인플라자),POI083,KEY_3,[DDP] Dream in Light,2026-01-09~2026-12-31,DDP 전면， 유구전시장 앞， 미래로 상부,127.00977973484339,37.56735731522952,,https://culture.seoul.go.kr/cmmn/file/getImage.do?atchFileId=bfa59aa56eed4af8b441d88bad873037&thumb=Y,https://culture.seoul.go.kr/culture/culture/cultureEvent/view.do?cultcode=156491&menuNo=200009,
2026-05-12T22:46:27.455225+09:00,DDP(동대문디자인플라자),DDP(동대문디자인플라자),POI083,KEY_3,[서울디자인재단] DDP 건축투어,2026-01-02~2026-12-31,DDP 뮤지엄 1층 투어데스크,127.00977973484339,37.56735731522952,N,https://culture.seoul.go.kr/cmmn/file/getImage.do?atchFileId=47da849abe944ec9b7dedaf1ab283714&thumb=Y,https://culture.seoul.go.kr/culture/culture/cultureEvent/view.do?cultcode=156552&menuNo=200009,
2026-05-12T22:46:27.455225+09:00,서울식물원·마곡나루역,서울식물원·마곡나루역,POI032,KEY_1,[서울식물원] 2026 낭만수국전 HYDRANGEA SHOW,2026-05-02~2026-05-31,서울식물원 전시온실 지중해관,126.83500723721524,37.569657094189104,,https://culture.seoul.go.kr/cmmn/file/getImage.do?atchFileId=969c3a5bc5694862bdd4688ca678571d&thumb=Y,https://culture.seoul.go.kr/culture/culture/cultureEvent/view.do?cultcode=157795&menuNo=200009,
2026-05-12T22:46:27.455225+09:00,서울식물원·마곡나루역,서울식물원·마곡나루역,POI032,KEY_1,[서울식물원] 주제정원 봄 전시 [봄빛 정원: 땅에서 피어난 봄빛],2026-04-15~2026-05-31,서울식물원 주제정원 내 계류 주변,126.83500723721524,37.569657094189104,,https://culture.seoul.go.kr/cmmn/file/getImage.do?atchFileId=adfdc93640c946a29acdc8d12802f793&thumb=Y,https://culture.seoul.go.kr/culture/culture/cultureEvent/view.do?cultcode=157582&menuNo=200009,
2026-05-12T22:46:27.455225+09:00,서울식물원·마곡나루역,서울식물원·마곡나루역,POI032,KEY_1,[서울식물원] 2025년 서울식물원 기획 전시 [우리들의 자연， 행성적 공존],2025-05-27~2026-05-24,식물문화센터 프로젝트홀2， 주제원， 온실,126.83500723721524,37.569657094189104,,https://culture.seoul.go.kr/cmmn/file/getImage.do?atchFileId=e0d57fc6ab4046209bdf34ab6ac41c98&thumb=Y,https://culture.seoul.go.kr/culture/culture/cultureEvent/view.do?cultcode=153826&menuNo=200009,
2026-05-12T22:46:27.455225+09:00,시의회 앞,시의회 앞,POI130,KEY_1,[서울도서관] 2026년 서울야외도서관 (책읽는 서울광장， 광화문 책마당， 책읽는 맑은 냇가),2026-04-23~2026-11-01,서울광장， 광화문 광장， 청계천 일대,126.97769782752,37.5653338689441,N,https://culture.seoul.go.kr/cmmn/file/getImage.do?atchFileId=57da07b01aed40ad984d40559a42ae61&thumb=Y,https://culture.seoul.go.kr/culture/culture/cultureEvent/view.do?cultcode=156879&menuNo=200010,
2026-05-12T22:46:27.455225+09:00,시의회 앞,시의회 앞,POI130,KEY_1,기.기.기(奇.己.氣): 동시대와 시행착오,2026-04-01~2026-05-31,일민미술관,126.977657083792,37.5698677620456,,https://culture.seoul.go.kr/cmmn/file/getImage.do?atchFileId=6e05d79e4d0e4358b3eae2df5081eb13&thumb=Y,https://culture.seoul.go.kr/culture/culture/cultureEvent/view.do?cultcode=157256&menuNo=200009,
2026-05-12T22:46:27.455225+09:00,혜화역,혜화역,POI054,KEY_2,[서울시지원/ 전액무료] AI 인사이트 공연문화콘텐츠 기획,2026-05-12~2026-08-06,종로여성인력개발센터,127.000418097935,37.5820587995429,,https://culture.seoul.go.kr/cmmn/file/getImage.do?atchFileId=3b2807c6e1ad415cbebce23402b0251a&thumb=Y,https://culture.seoul.go.kr/culture/culture/cultureEvent/view.do?cultcode=157366&menuNo=200011,
2026-05-12T22:46:27.455225+09:00,혜화역,혜화역,POI054,KEY_2,연극 [운베난트],2026-03-27~2026-06-07,예스24스테이지 3관,127.003160727291,37.5827488289051,,https://culture.seoul.go.kr/cmmn/file/getImage.do?atchFileId=b22d720f5efc44dda84da2606b0e5f75&thumb=Y,https://culture.seoul.go.kr/culture/culture/cultureEvent/view.do?cultcode=157115&menuNo=200008,
2026-05-12T22:46:27.455225+09:00,혜화역,혜화역,POI054,KEY_2,[종로여성인력개발센터] AI 파워드 문화·예술 프로젝트 기획 실무 마스터 실무 마스터,2026-03-18~2026-06-23,종로여성인력개발센터,127.000418097935,37.5820587995429,,https://culture.seoul.go.kr/cmmn/file/getImage.do?atchFileId=f824d3bddc6d4c239ee2e5611e22870a&thumb=Y,https://culture.seoul.go.kr/culture/culture/cultureEvent/view.do?cultcode=156487&menuNo=200011,
