fetched_at,place_name,AREA_NM,AREA_CD,_key_used,LIVE_PPLTN_STTS__AREA_NM,LIVE_PPLTN_STTS__AREA_CD,LIVE_PPLTN_STTS__AREA_CONGEST_LVL,LIVE_PPLTN_STTS__AREA_CONGEST_MSG,LIVE_PPLTN_STTS__AREA_PPLTN_MIN,LIVE_PPLTN_STTS__AREA_PPLTN_MAX,LIVE_PPLTN_STTS__MALE_PPLTN_RATE,LIVE_PPLTN_STTS__FEMALE_PPLTN_RATE,LIVE_PPLTN_STTS__PPLTN_RATE_0,LIVE_PPLTN_STTS__PPLTN_RATE_10,LIVE_PPLTN_STTS__PPLTN_RATE_20,LIVE_PPLTN_STTS__PPLTN_RATE_30,LIVE_PPLTN_STTS__PPLTN_RATE_40,LIVE_PPLTN_STTS__PPLTN_RATE_50,LIVE_PPLTN_STTS__PPLTN_RATE_60,LIVE_PPLTN_STTS__PPLTN_RATE_70,LIVE_PPLTN_STTS__RESNT_PPLTN_RATE,LIVE_PPLTN_STTS__NON_RESNT_PPLTN_RATE,LIVE_PPLTN_STTS__REPLACE_YN,LIVE_PPLTN_STTS__PPLTN_TIME,LIVE_PPLTN_STTS__FCST_YN
2026-07-02T00:10:49.845425+09:00,경복궁,경복궁,POI008,KEY_1,경복궁,POI008,여유,사람이 몰려있을 가능성이 낮고 붐빔은 거의 느껴지지 않아요. 도보 이동이 자유로워요.,300,400,54.5,45.5,1.1,8.3,14.3,17.4,18.4,16.9,11.7,11.8,69.3,30.7,N,2026-07-01 23:40,Y
2026-07-02T00:10:49.845425+09:00,광화문·덕수궁,광화문·덕수궁,POI009,KEY_2,광화문·덕수궁,POI009,여유,사람이 몰려있을 가능성이 낮고 붐빔은 거의 느껴지지 않아요. 도보 이동이 자유로워요.,5500,6000,59.9,40.1,0.8,3.4,17.9,23.0,22.0,17.6,9.4,6.0,43.0,57.0,N,2026-07-01 23:40,Y
2026-07-02T00:10:49.845425+09:00,보신각,보신각,POI010,KEY_3,보신각,POI010,여유,사람이 몰려있을 가능성이 낮고 붐빔은 거의 느껴지지 않아요. 도보 이동이 자유로워요.,3000,3500,62.1,37.9,0.3,2.3,25.7,24.4,20.6,14.3,8.0,4.4,39.3,60.7,N,2026-07-01 23:40,Y
2026-07-02T00:10:49.845425+09:00,서울 암사동 유적,서울 암사동 유적,POI011,KEY_4,서울 암사동 유적,POI011,여유,사람이 몰려있을 가능성이 낮고 붐빔은 거의 느껴지지 않아요. 도보 이동이 자유로워요.,300,400,51.3,48.7,5.1,7.7,10.0,13.3,16.3,17.0,16.4,14.3,75.9,24.1,N,2026-07-01 23:40,Y
2026-07-02T00:10:49.845425+09:00,창덕궁·종묘,창덕궁·종묘,POI012,KEY_1,창덕궁·종묘,POI012,여유,사람이 몰려있을 가능성이 낮고 붐빔은 거의 느껴지지 않아요. 도보 이동이 자유로워요.,4000,4500,54.4,45.6,0.5,3.8,24.7,18.0,15.4,17.6,11.6,8.3,45.9,54.1,N,2026-07-01 23:40,Y
2026-07-02T00:10:49.845425+09:00,강남 MICE 관광특구,강남 MICE 관광특구,POI001,KEY_2,강남 MICE 관광특구,POI001,여유,사람이 몰려있을 가능성이 낮고 붐빔은 거의 느껴지지 않아요. 도보 이동이 자유로워요.,3000,3500,56.2,43.8,1.7,6.0,15.0,18.4,20.7,18.0,11.5,8.8,61.7,38.3,N,2026-07-01 23:40,Y
2026-07-02T00:10:49.845425+09:00,동대문 관광특구,동대문 관광특구,POI002,KEY_3,동대문 관광특구,POI002,여유,사람이 몰려있을 가능성이 낮고 붐빔은 거의 느껴지지 않아요. 도보 이동이 자유로워요.,20000,22000,50.3,49.7,0.9,2.9,15.5,20.1,21.5,18.7,12.9,7.6,54.2,45.8,N,2026-07-01 23:40,Y
2026-07-02T00:10:49.845425+09:00,명동 관광특구,명동 관광특구,POI003,KEY_4,명동 관광특구,POI003,여유,사람이 몰려있을 가능성이 낮고 붐빔은 거의 느껴지지 않아요. 도보 이동이 자유로워요.,12000,14000,61.1,38.9,0.4,2.6,18.9,21.8,22.9,17.6,10.0,5.9,45.0,55.0,N,2026-07-01 23:40,Y
2026-07-02T00:10:49.845425+09:00,이태원 관광특구,이태원 관광특구,POI004,KEY_1,이태원 관광특구,POI004,여유,사람이 몰려있을 가능성이 낮고 붐빔은 거의 느껴지지 않아요. 도보 이동이 자유로워요.,5000,5500,56.4,43.6,0.4,5.1,33.2,22.7,15.9,10.9,6.2,5.5,31.1,68.9,N,2026-07-01 23:40,Y
2026-07-02T00:10:49.845425+09:00,잠실 관광특구,잠실 관광특구,POI005,KEY_2,잠실 관광특구,POI005,여유,사람이 몰려있을 가능성이 낮고 붐빔은 거의 느껴지지 않아요. 도보 이동이 자유로워요.,24000,26000,50.6,49.4,0.2,7.0,25.1,24.1,18.1,13.0,7.6,5.0,31.7,68.3,N,2026-07-01 23:40,Y
2026-07-02T00:10:49.845425+09:00,종로·청계 관광특구,종로·청계 관광특구,POI006,KEY_3,종로·청계 관광특구,POI006,여유,사람이 몰려있을 가능성이 낮고 붐빔은 거의 느껴지지 않아요. 도보 이동이 자유로워요.,12000,14000,55.1,44.9,0.8,3.1,19.8,19.0,18.9,17.8,12.6,8.0,53.2,46.8,N,2026-07-01 23:40,Y
2026-07-02T00:10:49.845425+09:00,홍대 관광특구,홍대 관광특구,POI007,KEY_4,홍대 관광특구,POI007,여유,사람이 몰려있을 가능성이 낮고 붐빔은 거의 느껴지지 않아요. 도보 이동이 자유로워요.,42000,44000,50.7,49.3,0.9,7.2,34.2,19.4,13.3,11.0,7.4,6.6,53.7,46.3,N,2026-07-01 23:40,Y
2026-07-02T00:10:49.845425+09:00,강서한강공원,강서한강공원,POI085,KEY_1,강서한강공원,POI085,여유,사람이 몰려있을 가능성이 낮고 붐빔은 거의 느껴지지 않아요. 도보 이동이 자유로워요.,0,100,66.1,33.9,0.0,1.7,22.5,18.1,30.9,16.0,9.3,1.5,1.8,98.2,N,2026-07-01 23:40,Y
2026-07-02T00:10:49.845425+09:00,고척돔,고척돔,POI086,KEY_2,고척돔,POI086,여유,사람이 몰려있을 가능성이 낮고 붐빔은 거의 느껴지지 않아요. 도보 이동이 자유로워요.,700,800,44.7,55.3,1.7,4.6,7.2,31.7,24.6,10.9,12.3,7.0,44.7,55.3,N,2026-07-01 23:40,Y
2026-07-02T00:10:49.845425+09:00,광나루한강공원,광나루한강공원,POI087,KEY_3,광나루한강공원,POI087,여유,사람이 몰려있을 가능성이 낮고 붐빔은 거의 느껴지지 않아요. 도보 이동이 자유로워요.,2000,2500,51.9,48.1,0.3,6.6,14.6,19.6,21.0,16.6,13.1,8.2,37.6,62.4,N,2026-07-01 23:40,Y
2026-07-02T00:10:49.845425+09:00,광화문광장,광화문광장,POI088,KEY_4,광화문광장,POI088,여유,사람이 몰려있을 가능성이 낮고 붐빔은 거의 느껴지지 않아요. 도보 이동이 자유로워요.,1000,1500,58.2,41.8,1.0,3.7,18.7,23.2,20.8,17.3,9.2,6.1,44.5,55.5,N,2026-07-01 23:40,Y
2026-07-02T00:10:49.845425+09:00,국립중앙박물관·용산가족공원,국립중앙박물관·용산가족공원,POI089,KEY_1,국립중앙박물관·용산가족공원,POI089,여유,사람이 몰려있을 가능성이 낮고 붐빔은 거의 느껴지지 않아요. 도보 이동이 자유로워요.,1000,1500,48.7,51.3,4.9,7.4,11.1,13.5,16.5,19.2,14.3,13.0,81.7,18.3,N,2026-07-01 23:40,Y
2026-07-02T00:10:49.845425+09:00,난지한강공원,난지한강공원,POI090,KEY_2,난지한강공원,POI090,여유,사람이 몰려있을 가능성이 낮고 붐빔은 거의 느껴지지 않아요. 도보 이동이 자유로워요.,600,700,62.8,37.2,1.8,3.8,18.5,19.4,21.2,18.6,10.3,6.3,19.8,80.2,N,2026-07-01 23:40,Y
2026-07-02T00:10:49.845425+09:00,남산공원,남산공원,POI091,KEY_3,남산공원,POI091,여유,사람이 몰려있을 가능성이 낮고 붐빔은 거의 느껴지지 않아요. 도보 이동이 자유로워요.,5000,5500,52.6,47.4,1.0,4.9,19.1,18.5,16.8,16.5,12.4,10.8,60.2,39.8,N,2026-07-01 23:40,Y
2026-07-02T00:10:49.845425+09:00,노들섬,노들섬,POI092,KEY_4,노들섬,POI092,여유,사람이 몰려있을 가능성이 낮고 붐빔은 거의 느껴지지 않아요. 도보 이동이 자유로워요.,100,200,66.4,33.6,0.0,4.2,29.5,22.0,18.6,14.9,8.0,2.8,11.1,88.9,N,2026-07-01 23:40,Y
2026-07-02T00:10:49.845425+09:00,뚝섬한강공원,뚝섬한강공원,POI093,KEY_1,뚝섬한강공원,POI093,여유,사람이 몰려있을 가능성이 낮고 붐빔은 거의 느껴지지 않아요. 도보 이동이 자유로워요.,1500,2000,52.4,47.6,0.4,7.0,19.9,18.0,16.7,17.5,11.7,8.9,40.7,59.3,N,2026-07-01 23:40,Y
2026-07-02T00:10:49.845425+09:00,망원한강공원,망원한강공원,POI094,KEY_2,망원한강공원,POI094,여유,사람이 몰려있을 가능성이 낮고 붐빔은 거의 느껴지지 않아요. 도보 이동이 자유로워요.,1000,1500,52.3,47.7,1.3,5.3,16.7,18.0,19.6,16.3,12.8,10.0,61.4,38.6,N,2026-07-01 23:40,Y
2026-07-02T00:10:49.845425+09:00,반포한강공원,반포한강공원,POI095,KEY_3,반포한강공원,POI095,여유,사람이 몰려있을 가능성이 낮고 붐빔은 거의 느껴지지 않아요. 도보 이동이 자유로워요.,1000,1500,55.4,44.6,0.7,10.4,21.9,22.7,18.0,16.9,6.4,3.0,10.7,89.3,N,2026-07-01 23:40,Y
2026-07-02T00:10:49.845425+09:00,보라매공원,보라매공원,POI123,KEY_4,보라매공원,POI123,여유,사람이 몰려있을 가능성이 낮고 붐빔은 거의 느껴지지 않아요. 도보 이동이 자유로워요.,3000,3500,48.5,51.5,2.1,6.9,17.7,16.5,15.7,16.2,12.7,12.1,68.3,31.7,N,2026-07-01 23:40,Y
2026-07-02T00:10:49.845425+09:00,북서울꿈의숲,북서울꿈의숲,POI096,KEY_1,북서울꿈의숲,POI096,여유,사람이 몰려있을 가능성이 낮고 붐빔은 거의 느껴지지 않아요. 도보 이동이 자유로워요.,5000,5500,47.8,52.2,0.5,7.3,10.8,14.9,17.3,19.5,15.3,14.4,59.0,41.0,N,2026-07-01 23:40,Y
2026-07-02T00:10:49.845425+09:00,서대문독립공원,서대문독립공원,POI124,KEY_2,서대문독립공원,POI124,여유,사람이 몰려있을 가능성이 낮고 붐빔은 거의 느껴지지 않아요. 도보 이동이 자유로워요.,800,900,50.1,49.9,0.4,14.5,11.4,12.9,16.2,18.4,13.1,13.0,45.8,54.2,N,2026-07-01 23:40,Y
2026-07-02T00:10:49.845425+09:00,서리풀공원·몽마르뜨공원,서리풀공원·몽마르뜨공원,POI098,KEY_3,서리풀공원·몽마르뜨공원,POI098,여유,사람이 몰려있을 가능성이 낮고 붐빔은 거의 느껴지지 않아요. 도보 이동이 자유로워요.,2500,3000,49.3,50.7,0.4,8.2,13.6,16.3,21.5,18.6,11.4,10.0,52.4,47.6,N,2026-07-01 23:40,Y
2026-07-02T00:10:49.845425+09:00,서울대공원,서울대공원,POI100,KEY_4,서울대공원,POI100,여유,사람이 몰려있을 가능성이 낮고 붐빔은 거의 느껴지지 않아요. 도보 이동이 자유로워요.,400,500,50.9,49.1,2.3,8.4,11.9,15.0,18.4,18.8,15.6,9.7,68.3,31.7,N,2026-07-01 23:40,Y
2026-07-02T00:10:49.845425+09:00,서울숲공원,서울숲공원,POI101,KEY_1,서울숲공원,POI101,여유,사람이 몰려있을 가능성이 낮고 붐빔은 거의 느껴지지 않아요. 도보 이동이 자유로워요.,2000,2500,53.7,46.3,1.7,6.1,15.7,19.7,19.8,17.8,12.4,6.9,47.6,52.4,N,2026-07-01 23:40,Y
2026-07-02T00:10:49.845425+09:00,송현녹지광장,송현녹지광장,POI129,KEY_2,송현녹지광장,POI129,여유,사람이 몰려있을 가능성이 낮고 붐빔은 거의 느껴지지 않아요. 도보 이동이 자유로워요.,1000,1500,53.5,46.5,0.7,7.0,15.2,16.7,19.4,16.9,12.4,11.7,66.5,33.5,N,2026-07-01 23:40,Y
2026-07-02T00:10:49.845425+09:00,아차산,아차산,POI102,KEY_3,아차산,POI102,여유,사람이 몰려있을 가능성이 낮고 붐빔은 거의 느껴지지 않아요. 도보 이동이 자유로워요.,4000,4500,49.5,50.5,0.6,5.7,10.1,18.0,17.4,19.7,16.4,12.2,61.6,38.4,N,2026-07-01 23:40,Y
2026-07-02T00:10:49.845425+09:00,안양천,안양천,POI125,KEY_4,안양천,POI125,여유,사람이 몰려있을 가능성이 낮고 붐빔은 거의 느껴지지 않아요. 도보 이동이 자유로워요.,1000,1500,51.9,48.1,0.7,9.9,9.4,16.8,22.1,18.1,13.3,9.8,49.8,50.2,N,2026-07-01 23:40,Y
2026-07-02T00:10:49.845425+09:00,양화한강공원,양화한강공원,POI103,KEY_1,양화한강공원,POI103,여유,사람이 몰려있을 가능성이 낮고 붐빔은 거의 느껴지지 않아요. 도보 이동이 자유로워요.,300,400,56.7,43.3,0.1,6.6,22.9,28.6,17.6,11.8,8.2,4.3,28.2,71.8,N,2026-07-01 23:40,Y
2026-07-02T00:10:49.845425+09:00,어린이대공원,어린이대공원,POI104,KEY_2,어린이대공원,POI104,여유,사람이 몰려있을 가능성이 낮고 붐빔은 거의 느껴지지 않아요. 도보 이동이 자유로워요.,3000,3500,48.3,51.7,1.7,6.4,27.2,18.2,13.5,13.8,10.3,8.9,66.8,33.2,N,2026-07-01 23:40,Y
2026-07-02T00:10:49.845425+09:00,여의도한강공원,여의도한강공원,POI105,KEY_3,여의도한강공원,POI105,여유,사람이 몰려있을 가능성이 낮고 붐빔은 거의 느껴지지 않아요. 도보 이동이 자유로워요.,1000,1500,54.8,45.2,1.4,7.5,27.7,18.8,15.5,12.4,9.6,7.1,38.9,61.1,N,2026-07-01 23:40,Y
2026-07-02T00:10:49.845425+09:00,여의서로,여의서로,POI126,KEY_4,여의서로,POI126,여유,사람이 몰려있을 가능성이 낮고 붐빔은 거의 느껴지지 않아요. 도보 이동이 자유로워요.,300,400,57.1,42.9,1.7,3.9,18.6,26.6,18.6,13.5,11.4,5.8,50.0,50.0,N,2026-07-01 23:40,Y
2026-07-02T00:10:49.845425+09:00,올림픽공원,올림픽공원,POI127,KEY_1,올림픽공원,POI127,여유,사람이 몰려있을 가능성이 낮고 붐빔은 거의 느껴지지 않아요. 도보 이동이 자유로워요.,5000,5500,52.9,47.1,0.5,9.2,16.4,19.4,19.7,16.4,11.2,7.2,40.0,60.0,N,2026-07-01 23:40,Y
2026-07-02T00:10:49.845425+09:00,월드컵공원,월드컵공원,POI106,KEY_2,월드컵공원,POI106,여유,사람이 몰려있을 가능성이 낮고 붐빔은 거의 느껴지지 않아요. 도보 이동이 자유로워요.,4500,5000,49.6,50.4,2.9,7.2,13.9,17.1,17.8,17.3,12.2,11.5,69.4,30.6,N,2026-07-01 23:40,Y
2026-07-02T00:10:49.845425+09:00,응봉산,응봉산,POI107,KEY_3,응봉산,POI107,여유,사람이 몰려있을 가능성이 낮고 붐빔은 거의 느껴지지 않아요. 도보 이동이 자유로워요.,2000,2500,49.1,50.9,0.5,9.4,10.5,15.3,23.4,19.2,12.2,9.4,58.3,41.7,N,2026-07-01 23:40,Y
2026-07-02T00:10:49.845425+09:00,이촌한강공원,이촌한강공원,POI108,KEY_4,이촌한강공원,POI108,여유,사람이 몰려있을 가능성이 낮고 붐빔은 거의 느껴지지 않아요. 도보 이동이 자유로워요.,1500,2000,52.6,47.4,0.4,7.2,13.5,21.4,20.3,17.6,11.7,7.9,39.4,60.6,N,2026-07-01 23:40,Y
2026-07-02T00:10:49.845425+09:00,잠실종합운동장,잠실종합운동장,POI109,KEY_1,잠실종합운동장,POI109,여유,사람이 몰려있을 가능성이 낮고 붐빔은 거의 느껴지지 않아요. 도보 이동이 자유로워요.,1000,1500,50.6,49.4,4.4,10.9,11.2,13.1,23.7,17.6,10.3,8.7,65.7,34.3,N,2026-07-01 23:40,Y
2026-07-02T00:10:49.845425+09:00,잠실한강공원,잠실한강공원,POI110,KEY_2,잠실한강공원,POI110,여유,사람이 몰려있을 가능성이 낮고 붐빔은 거의 느껴지지 않아요. 도보 이동이 자유로워요.,1000,1500,51.9,48.1,0.3,13.3,14.0,16.0,22.5,18.2,9.6,6.0,27.7,72.3,N,2026-07-01 23:40,Y
2026-07-02T00:10:49.845425+09:00,잠원한강공원,잠원한강공원,POI111,KEY_3,잠원한강공원,POI111,여유,사람이 몰려있을 가능성이 낮고 붐빔은 거의 느껴지지 않아요. 도보 이동이 자유로워요.,800,900,56.1,43.9,0.6,7.6,17.8,21.8,19.7,18.1,8.0,6.3,20.0,80.0,N,2026-07-01 23:40,Y
2026-07-02T00:10:49.845425+09:00,청계산,청계산,POI112,KEY_4,청계산,POI112,여유,사람이 몰려있을 가능성이 낮고 붐빔은 거의 느껴지지 않아요. 도보 이동이 자유로워요.,900,1000,50.3,49.7,2.9,6.6,9.8,17.3,18.5,16.5,13.9,14.5,74.5,25.5,N,2026-07-01 23:40,Y
2026-07-02T00:10:49.845425+09:00,홍제폭포,홍제폭포,POI128,KEY_1,홍제폭포,POI128,여유,사람이 몰려있을 가능성이 낮고 붐빔은 거의 느껴지지 않아요. 도보 이동이 자유로워요.,400,500,45.6,54.4,3.2,7.6,13.0,12.0,13.4,17.4,16.0,17.5,85.0,15.0,N,2026-07-01 23:40,Y
2026-07-02T00:10:49.845425+09:00,가락시장,가락시장,POI058,KEY_2,가락시장,POI058,여유,사람이 몰려있을 가능성이 낮고 붐빔은 거의 느껴지지 않아요. 도보 이동이 자유로워요.,7000,7500,75.4,24.6,0.2,3.5,7.3,14.8,24.3,27.5,16.6,5.8,36.3,63.7,N,2026-07-01 23:40,Y
2026-07-02T00:10:49.845425+09:00,가로수길,가로수길,POI059,KEY_3,가로수길,POI059,여유,사람이 몰려있을 가능성이 낮고 붐빔은 거의 느껴지지 않아요. 도보 이동이 자유로워요.,14000,16000,51.1,48.9,2.3,7.5,14.7,17.2,19.9,18.0,9.9,10.5,64.2,35.8,N,2026-07-01 23:40,Y
2026-07-02T00:10:49.845425+09:00,광장(전통)시장,광장(전통)시장,POI060,KEY_4,광장(전통)시장,POI060,여유,사람이 몰려있을 가능성이 낮고 붐빔은 거의 느껴지지 않아요. 도보 이동이 자유로워요.,1500,2000,52.7,47.3,0.7,3.2,20.6,16.6,17.5,17.6,14.0,9.9,56.9,43.1,N,2026-07-01 23:40,Y
2026-07-02T00:10:49.845425+09:00,김포공항,김포공항,POI061,KEY_1,김포공항,POI061,여유,사람이 몰려있을 가능성이 낮고 붐빔은 거의 느껴지지 않아요. 도보 이동이 자유로워요.,1000,1500,58.8,41.2,0.0,6.3,28.6,20.0,18.4,16.4,6.3,4.0,17.5,82.5,N,2026-07-01 23:40,Y
2026-07-02T00:10:49.845425+09:00,남대문시장,남대문시장,POI115,KEY_2,남대문시장,POI115,여유,사람이 몰려있을 가능성이 낮고 붐빔은 거의 느껴지지 않아요. 도보 이동이 자유로워요.,2500,3000,57.6,42.4,0.9,3.2,13.8,17.9,21.6,19.3,14.0,9.3,59.5,40.5,N,2026-07-01 23:40,Y
2026-07-02T00:10:49.845425+09:00,노량진,노량진,POI063,KEY_3,노량진,POI063,여유,사람이 몰려있을 가능성이 낮고 붐빔은 거의 느껴지지 않아요. 도보 이동이 자유로워요.,16000,18000,54.0,46.0,1.3,4.8,27.1,20.2,12.6,13.4,11.0,9.7,71.3,28.7,N,2026-07-01 23:40,Y
2026-07-02T00:10:49.845425+09:00,덕수궁길·정동길,덕수궁길·정동길,POI064,KEY_4,덕수궁길·정동길,POI064,여유,사람이 몰려있을 가능성이 낮고 붐빔은 거의 느껴지지 않아요. 도보 이동이 자유로워요.,1000,1500,49.4,50.6,1.4,11.6,12.9,16.7,18.2,17.2,11.6,10.4,57.4,42.6,N,2026-07-01 23:40,Y
2026-07-02T00:10:49.845425+09:00,북창동 먹자골목,북창동 먹자골목,POI114,KEY_1,북창동 먹자골목,POI114,여유,사람이 몰려있을 가능성이 낮고 붐빔은 거의 느껴지지 않아요. 도보 이동이 자유로워요.,2000,2500,60.6,39.4,0.5,2.2,16.4,22.3,22.7,18.1,11.1,6.7,43.5,56.5,N,2026-07-01 23:40,Y
2026-07-02T00:10:49.845425+09:00,북촌한옥마을,북촌한옥마을,POI066,KEY_2,북촌한옥마을,POI066,여유,사람이 몰려있을 가능성이 낮고 붐빔은 거의 느껴지지 않아요. 도보 이동이 자유로워요.,4500,5000,53.6,46.4,0.7,9.0,16.2,15.3,17.4,16.1,12.3,13.1,71.0,29.0,N,2026-07-01 23:40,Y
2026-07-02T00:10:49.845425+09:00,서촌,서촌,POI067,KEY_3,서촌,POI067,여유,사람이 몰려있을 가능성이 낮고 붐빔은 거의 느껴지지 않아요. 도보 이동이 자유로워요.,8500,9000,46.0,54.0,2.7,8.8,12.4,14.7,16.9,17.3,13.4,13.9,86.7,13.3,N,2026-07-01 23:40,Y
2026-07-02T00:10:49.845425+09:00,성수카페거리,성수카페거리,POI068,KEY_4,성수카페거리,POI068,여유,사람이 몰려있을 가능성이 낮고 붐빔은 거의 느껴지지 않아요. 도보 이동이 자유로워요.,12000,14000,52.6,47.4,1.7,4.8,20.6,19.4,14.6,15.8,13.1,10.0,68.5,31.5,N,2026-07-01 23:40,Y
2026-07-02T00:10:49.845425+09:00,송리단길·호수단길,송리단길·호수단길,POI121,KEY_1,송리단길·호수단길,POI121,여유,사람이 몰려있을 가능성이 낮고 붐빔은 거의 느껴지지 않아요. 도보 이동이 자유로워요.,5000,5500,48.2,51.8,0.2,4.5,18.1,29.1,17.0,13.4,10.2,7.4,57.8,42.2,N,2026-07-01 23:40,Y
2026-07-02T00:10:49.845425+09:00,신촌 스타광장,신촌 스타광장,POI122,KEY_2,신촌 스타광장,POI122,여유,사람이 몰려있을 가능성이 낮고 붐빔은 거의 느껴지지 않아요. 도보 이동이 자유로워요.,2000,2500,49.6,50.4,0.8,4.3,46.0,16.3,11.0,9.3,6.7,5.6,53.2,46.8,N,2026-07-01 23:40,Y
2026-07-02T00:10:49.845425+09:00,압구정로데오거리,압구정로데오거리,POI071,KEY_3,압구정로데오거리,POI071,여유,사람이 몰려있을 가능성이 낮고 붐빔은 거의 느껴지지 않아요. 도보 이동이 자유로워요.,14000,16000,52.1,47.9,2.7,6.3,14.1,17.7,20.3,16.9,11.0,11.1,62.4,37.6,N,2026-07-01 23:40,Y
2026-07-02T00:10:49.845425+09:00,여의도,여의도,POI072,KEY_4,여의도,POI072,여유,사람이 몰려있을 가능성이 낮고 붐빔은 거의 느껴지지 않아요. 도보 이동이 자유로워요.,40000,42000,54.7,45.3,1.8,5.4,13.8,19.7,20.0,17.2,11.6,10.4,66.3,33.7,N,2026-07-01 23:40,Y
2026-07-02T00:10:49.845425+09:00,연남동,연남동,POI073,KEY_1,연남동,POI073,여유,사람이 몰려있을 가능성이 낮고 붐빔은 거의 느껴지지 않아요. 도보 이동이 자유로워요.,7000,7500,47.7,52.3,1.0,4.9,25.8,21.1,15.3,12.6,9.6,9.7,65.5,34.5,N,2026-07-01 23:40,Y
2026-07-02T00:10:49.845425+09:00,영등포 타임스퀘어,영등포 타임스퀘어,POI074,KEY_2,영등포 타임스퀘어,POI074,여유,사람이 몰려있을 가능성이 낮고 붐빔은 거의 느껴지지 않아요. 도보 이동이 자유로워요.,5000,5500,58.4,41.6,0.0,4.0,31.9,27.5,15.3,12.3,6.4,2.5,24.1,75.9,N,2026-07-01 23:40,Y
2026-07-02T00:10:49.845425+09:00,용리단길,용리단길,POI076,KEY_3,용리단길,POI076,여유,사람이 몰려있을 가능성이 낮고 붐빔은 거의 느껴지지 않아요. 도보 이동이 자유로워요.,3000,3500,53.1,46.9,3.0,4.5,19.3,21.3,17.2,15.1,11.2,8.4,77.4,22.6,N,2026-07-01 23:40,Y
2026-07-02T00:10:49.845425+09:00,이태원 앤틱가구거리,이태원 앤틱가구거리,POI077,KEY_4,이태원 앤틱가구거리,POI077,여유,사람이 몰려있을 가능성이 낮고 붐빔은 거의 느껴지지 않아요. 도보 이동이 자유로워요.,3500,4000,52.5,47.5,1.3,5.4,21.0,19.6,16.1,14.1,11.7,10.8,69.1,30.9,N,2026-07-01 23:40,Y
2026-07-02T00:10:49.845425+09:00,익선동,익선동,POI116,KEY_1,익선동,POI116,여유,사람이 몰려있을 가능성이 낮고 붐빔은 거의 느껴지지 않아요. 도보 이동이 자유로워요.,4000,4500,63.1,36.9,0.3,3.8,26.4,20.6,16.3,15.1,9.9,7.6,30.4,69.6,N,2026-07-01 23:40,Y
2026-07-02T00:10:49.845425+09:00,인사동,인사동,POI078,KEY_2,인사동,POI078,여유,사람이 몰려있을 가능성이 낮고 붐빔은 거의 느껴지지 않아요. 도보 이동이 자유로워요.,4500,5000,59.2,40.8,0.3,3.3,21.2,20.9,18.9,16.2,11.1,8.2,47.6,52.4,N,2026-07-01 23:40,Y
2026-07-02T00:10:49.845425+09:00,잠실롯데타워·석촌호수,잠실롯데타워·석촌호수,POI120,KEY_3,잠실롯데타워·석촌호수,POI120,여유,사람이 몰려있을 가능성이 낮고 붐빔은 거의 느껴지지 않아요. 도보 이동이 자유로워요.,18000,20000,49.9,50.1,0.2,6.4,27.4,25.4,17.6,12.0,6.6,4.4,29.5,70.5,N,2026-07-01 23:40,Y
2026-07-02T00:10:49.845425+09:00,창동 신경제 중심지,창동 신경제 중심지,POI079,KEY_4,창동 신경제 중심지,POI079,여유,사람이 몰려있을 가능성이 낮고 붐빔은 거의 느껴지지 않아요. 도보 이동이 자유로워요.,18000,20000,52.2,47.8,0.3,9.5,19.4,16.8,17.3,17.4,11.3,8.0,44.2,55.8,N,2026-07-01 23:40,Y
2026-07-02T00:10:49.845425+09:00,청담동 명품거리,청담동 명품거리,POI080,KEY_1,청담동 명품거리,POI080,여유,사람이 몰려있을 가능성이 낮고 붐빔은 거의 느껴지지 않아요. 도보 이동이 자유로워요.,2000,2500,54.9,45.1,0.1,4.4,16.3,22.3,27.8,16.5,7.5,5.1,30.3,69.7,N,2026-07-01 23:40,Y
2026-07-02T00:10:49.845425+09:00,청량리 제기동 일대 전통시장,청량리 제기동 일대 전통시장,POI081,KEY_2,청량리 제기동 일대 전통시장,POI081,여유,사람이 몰려있을 가능성이 낮고 붐빔은 거의 느껴지지 않아요. 도보 이동이 자유로워요.,8000,8500,52.6,47.4,2.2,5.2,16.6,14.5,14.6,16.5,15.5,15.0,68.5,31.5,N,2026-07-01 23:40,Y
2026-07-02T00:10:49.845425+09:00,해방촌·경리단길,해방촌·경리단길,POI082,KEY_3,해방촌·경리단길,POI082,여유,사람이 몰려있을 가능성이 낮고 붐빔은 거의 느껴지지 않아요. 도보 이동이 자유로워요.,3000,3500,51.3,48.7,0.1,3.8,18.1,21.3,20.5,15.9,10.4,9.8,46.3,53.7,N,2026-07-01 23:40,Y
2026-07-02T00:10:49.845425+09:00,DDP(동대문디자인플라자),DDP(동대문디자인플라자),POI083,KEY_4,DDP(동대문디자인플라자),POI083,여유,사람이 몰려있을 가능성이 낮고 붐빔은 거의 느껴지지 않아요. 도보 이동이 자유로워요.,3500,4000,50.4,49.6,0.9,2.9,15.0,18.6,21.5,19.4,13.7,8.1,57.2,42.8,N,2026-07-01 23:40,Y
2026-07-02T00:10:49.845425+09:00,DMC(디지털미디어시티),DMC(디지털미디어시티),POI084,KEY_1,DMC(디지털미디어시티),POI084,여유,사람이 몰려있을 가능성이 낮고 붐빔은 거의 느껴지지 않아요. 도보 이동이 자유로워요.,20000,22000,48.5,51.5,3.4,8.3,15.4,17.8,17.6,17.3,11.0,9.1,73.5,26.5,N,2026-07-01 23:40,Y
2026-07-02T00:10:49.845425+09:00,가산디지털단지역,가산디지털단지역,POI013,KEY_2,가산디지털단지역,POI013,여유,사람이 몰려있을 가능성이 낮고 붐빔은 거의 느껴지지 않아요. 도보 이동이 자유로워요.,7000,7500,62.1,37.9,0.1,2.5,24.0,25.3,20.7,14.9,8.5,4.0,36.5,63.5,N,2026-07-01 23:40,Y
2026-07-02T00:10:49.845425+09:00,강남역,강남역,POI014,KEY_3,강남역,POI014,여유,사람이 몰려있을 가능성이 낮고 붐빔은 거의 느껴지지 않아요. 도보 이동이 자유로워요.,28000,30000,54.4,45.6,1.9,5.9,22.8,22.4,20.9,13.5,7.0,5.6,55.0,45.0,N,2026-07-01 23:40,Y
2026-07-02T00:10:49.845425+09:00,건대입구역,건대입구역,POI015,KEY_4,건대입구역,POI015,여유,사람이 몰려있을 가능성이 낮고 붐빔은 거의 느껴지지 않아요. 도보 이동이 자유로워요.,22000,24000,49.3,50.7,1.6,6.6,30.9,16.6,11.9,13.0,10.5,9.0,66.6,33.4,N,2026-07-01 23:40,Y
2026-07-02T00:10:49.845425+09:00,고덕역,고덕역,POI016,KEY_1,고덕역,POI016,여유,사람이 몰려있을 가능성이 낮고 붐빔은 거의 느껴지지 않아요. 도보 이동이 자유로워요.,1500,2000,60.6,39.4,0.8,21.2,17.0,10.8,20.2,15.4,9.3,5.3,44.7,55.3,N,2026-07-01 23:40,Y
2026-07-02T00:10:49.845425+09:00,고속터미널역,고속터미널역,POI017,KEY_2,고속터미널역,POI017,여유,사람이 몰려있을 가능성이 낮고 붐빔은 거의 느껴지지 않아요. 도보 이동이 자유로워요.,2500,3000,55.0,45.0,0.1,8.1,20.9,16.5,21.5,19.4,9.0,4.4,22.8,77.2,N,2026-07-01 23:40,Y
2026-07-02T00:10:49.845425+09:00,교대역,교대역,POI018,KEY_3,교대역,POI018,여유,사람이 몰려있을 가능성이 낮고 붐빔은 거의 느껴지지 않아요. 도보 이동이 자유로워요.,9500,10000,51.6,48.4,3.9,7.8,13.7,15.3,19.7,18.3,11.1,10.2,72.0,28.0,N,2026-07-01 23:40,Y
2026-07-02T00:10:49.845425+09:00,구로디지털단지역,구로디지털단지역,POI019,KEY_4,구로디지털단지역,POI019,여유,사람이 몰려있을 가능성이 낮고 붐빔은 거의 느껴지지 않아요. 도보 이동이 자유로워요.,6500,7000,57.1,42.9,0.2,3.0,24.7,25.6,21.8,13.8,6.7,4.1,37.8,62.2,N,2026-07-01 23:40,Y
2026-07-02T00:10:49.845425+09:00,구로역,구로역,POI020,KEY_1,구로역,POI020,여유,사람이 몰려있을 가능성이 낮고 붐빔은 거의 느껴지지 않아요. 도보 이동이 자유로워요.,1000,1500,54.2,45.8,0.1,6.2,20.6,20.8,19.3,16.7,10.4,5.9,35.6,64.4,N,2026-07-01 23:40,Y
2026-07-02T00:10:49.845425+09:00,군자역,군자역,POI021,KEY_2,군자역,POI021,여유,사람이 몰려있을 가능성이 낮고 붐빔은 거의 느껴지지 않아요. 도보 이동이 자유로워요.,5000,5500,50.5,49.5,0.2,4.4,27.5,23.9,16.5,12.9,8.5,6.1,40.9,59.1,N,2026-07-01 23:40,Y
2026-07-02T00:10:49.845425+09:00,대림역,대림역,POI023,KEY_3,대림역,POI023,약간 붐빔,사람들이 몰려있을 가능성이 크고 붐빈다고 느낄 수 있어요. 인구밀도가 높은 구간에서는 도보 이동시 부딪힘이 발생할 수 있어요.,18000,20000,50.0,50.0,1.8,4.8,12.1,14.0,14.0,20.5,19.0,13.8,83.7,16.3,N,2026-07-01 23:40,Y
2026-07-02T00:10:49.845425+09:00,동대문역,동대문역,POI024,KEY_4,동대문역,POI024,여유,사람이 몰려있을 가능성이 낮고 붐빔은 거의 느껴지지 않아요. 도보 이동이 자유로워요.,2000,2500,56.3,43.7,0.0,2.5,23.2,15.0,18.4,17.2,14.7,8.9,18.1,81.9,N,2026-07-01 23:40,Y
2026-07-02T00:10:49.845425+09:00,뚝섬역,뚝섬역,POI025,KEY_1,뚝섬역,POI025,여유,사람이 몰려있을 가능성이 낮고 붐빔은 거의 느껴지지 않아요. 도보 이동이 자유로워요.,5000,5500,50.8,49.2,2.2,5.8,17.0,20.0,16.9,16.2,12.3,9.6,72.3,27.7,N,2026-07-01 23:40,Y
2026-07-02T00:10:49.845425+09:00,미아사거리역,미아사거리역,POI026,KEY_2,미아사거리역,POI026,여유,사람이 몰려있을 가능성이 낮고 붐빔은 거의 느껴지지 않아요. 도보 이동이 자유로워요.,5000,5500,54.5,45.5,0.4,7.5,24.5,16.4,16.5,17.8,9.9,7.0,30.4,69.6,N,2026-07-01 23:40,Y
2026-07-02T00:10:49.845425+09:00,발산역,발산역,POI027,KEY_3,발산역,POI027,여유,사람이 몰려있을 가능성이 낮고 붐빔은 거의 느껴지지 않아요. 도보 이동이 자유로워요.,5000,5500,52.5,47.5,0.3,6.5,25.3,25.4,17.5,12.0,7.3,5.5,40.7,59.3,N,2026-07-01 23:40,Y
2026-07-02T00:10:49.845425+09:00,사당역,사당역,POI029,KEY_4,사당역,POI029,여유,사람이 몰려있을 가능성이 낮고 붐빔은 거의 느껴지지 않아요. 도보 이동이 자유로워요.,9500,10000,55.8,44.2,0.1,3.6,29.4,23.7,15.9,12.4,9.0,5.8,38.0,62.0,N,2026-07-01 23:40,Y
2026-07-02T00:10:49.845425+09:00,삼각지역,삼각지역,POI030,KEY_1,삼각지역,POI030,여유,사람이 몰려있을 가능성이 낮고 붐빔은 거의 느껴지지 않아요. 도보 이동이 자유로워요.,1000,1500,52.6,47.4,1.5,4.3,20.9,25.3,17.5,13.9,9.6,6.9,61.1,38.9,N,2026-07-01 23:40,Y
2026-07-02T00:10:49.845425+09:00,서울대입구역,서울대입구역,POI031,KEY_2,서울대입구역,POI031,여유,사람이 몰려있을 가능성이 낮고 붐빔은 거의 느껴지지 않아요. 도보 이동이 자유로워요.,7500,8000,53.9,46.1,0.1,5.7,42.8,22.5,11.8,9.0,4.7,3.3,42.0,58.0,N,2026-07-01 23:40,Y
2026-07-02T00:10:49.845425+09:00,서울식물원·마곡나루역,서울식물원·마곡나루역,POI032,KEY_3,서울식물원·마곡나루역,POI032,여유,사람이 몰려있을 가능성이 낮고 붐빔은 거의 느껴지지 않아요. 도보 이동이 자유로워요.,4000,4500,49.5,50.5,4.3,7.9,15.9,19.8,16.3,14.4,11.8,9.6,79.2,20.8,N,2026-07-01 23:40,Y
2026-07-02T00:10:49.845425+09:00,서울역,서울역,POI033,KEY_4,서울역,POI033,여유,사람이 몰려있을 가능성이 낮고 붐빔은 거의 느껴지지 않아요. 도보 이동이 자유로워요.,5000,5500,54.4,45.6,1.3,5.1,14.9,17.4,19.0,18.4,13.8,10.1,63.0,37.0,N,2026-07-01 23:40,Y
2026-07-02T00:10:49.845425+09:00,선릉역,선릉역,POI034,KEY_1,선릉역,POI034,여유,사람이 몰려있을 가능성이 낮고 붐빔은 거의 느껴지지 않아요. 도보 이동이 자유로워요.,22000,24000,52.5,47.5,1.8,8.2,15.0,19.8,24.0,17.6,7.5,6.2,62.2,37.8,N,2026-07-01 23:40,Y
2026-07-02T00:10:49.845425+09:00,성신여대입구역,성신여대입구역,POI035,KEY_2,성신여대입구역,POI035,여유,사람이 몰려있을 가능성이 낮고 붐빔은 거의 느껴지지 않아요. 도보 이동이 자유로워요.,3000,3500,50.8,49.2,0.3,8.5,43.3,15.6,14.2,9.1,5.4,3.7,20.9,79.1,N,2026-07-01 23:40,Y
2026-07-02T00:10:49.845425+09:00,수유역,수유역,POI036,KEY_3,수유역,POI036,여유,사람이 몰려있을 가능성이 낮고 붐빔은 거의 느껴지지 않아요. 도보 이동이 자유로워요.,9500,10000,52.9,47.1,0.2,4.6,26.7,17.3,15.5,17.3,11.0,7.4,38.0,62.0,N,2026-07-01 23:40,Y
2026-07-02T00:10:49.845425+09:00,숭례문,숭례문,POI131,KEY_4,숭례문,POI131,여유,사람이 몰려있을 가능성이 낮고 붐빔은 거의 느껴지지 않아요. 도보 이동이 자유로워요.,2000,2500,59.1,40.9,0.8,2.9,13.9,19.5,22.5,19.0,13.1,8.2,53.0,47.0,N,2026-07-01 23:40,Y
2026-07-02T00:10:49.845425+09:00,시의회 앞,시의회 앞,POI130,KEY_1,시의회 앞,POI130,여유,사람이 몰려있을 가능성이 낮고 붐빔은 거의 느껴지지 않아요. 도보 이동이 자유로워요.,1500,2000,60.3,39.7,0.6,3.3,19.6,23.0,21.9,16.9,9.2,5.3,39.5,60.5,N,2026-07-01 23:40,Y
2026-07-02T00:10:49.845425+09:00,신논현역·논현역,신논현역·논현역,POI037,KEY_2,신논현역·논현역,POI037,여유,사람이 몰려있을 가능성이 낮고 붐빔은 거의 느껴지지 않아요. 도보 이동이 자유로워요.,7500,8000,54.1,45.9,1.8,4.7,20.6,22.8,21.1,14.1,7.8,7.0,57.1,42.9,N,2026-07-01 23:40,Y
2026-07-02T00:10:49.845425+09:00,신도림역,신도림역,POI038,KEY_3,신도림역,POI038,여유,사람이 몰려있을 가능성이 낮고 붐빔은 거의 느껴지지 않아요. 도보 이동이 자유로워요.,5500,6000,50.3,49.7,3.8,6.5,15.5,19.2,16.9,15.7,12.3,10.1,73.2,26.8,N,2026-07-01 23:40,Y
2026-07-02T00:10:49.845425+09:00,신림역,신림역,POI039,KEY_4,신림역,POI039,여유,사람이 몰려있을 가능성이 낮고 붐빔은 거의 느껴지지 않아요. 도보 이동이 자유로워요.,9000,9500,59.1,40.9,0.0,3.5,42.2,26.3,12.1,8.9,4.1,3.0,36.0,64.0,N,2026-07-01 23:40,Y
2026-07-02T00:10:49.845425+09:00,신정네거리역,신정네거리역,POI117,KEY_1,신정네거리역,POI117,여유,사람이 몰려있을 가능성이 낮고 붐빔은 거의 느껴지지 않아요. 도보 이동이 자유로워요.,1000,1500,51.2,48.8,0.6,13.2,15.5,15.4,16.3,20.9,9.6,8.5,41.3,58.7,N,2026-07-01 23:40,Y
2026-07-02T00:10:49.845425+09:00,신촌·이대역,신촌·이대역,POI040,KEY_2,신촌·이대역,POI040,여유,사람이 몰려있을 가능성이 낮고 붐빔은 거의 느껴지지 않아요. 도보 이동이 자유로워요.,22000,24000,45.6,54.4,1.4,5.8,42.4,16.4,11.1,10.1,6.9,5.9,61.3,38.7,N,2026-07-01 23:40,Y
2026-07-02T00:10:49.845425+09:00,쌍문역,쌍문역,POI070,KEY_3,쌍문역,POI070,여유,사람이 몰려있을 가능성이 낮고 붐빔은 거의 느껴지지 않아요. 도보 이동이 자유로워요.,5000,5500,50.5,49.5,0.3,7.1,17.2,16.2,17.1,18.5,12.7,11.0,51.3,48.7,N,2026-07-01 23:40,Y
2026-07-02T00:10:49.845425+09:00,양재역,양재역,POI041,KEY_4,양재역,POI041,여유,사람이 몰려있을 가능성이 낮고 붐빔은 거의 느껴지지 않아요. 도보 이동이 자유로워요.,8000,8500,50.6,49.4,2.4,6.6,15.8,20.1,18.6,16.3,11.1,9.0,69.4,30.6,N,2026-07-01 23:40,Y
2026-07-02T00:10:49.845425+09:00,역삼역,역삼역,POI042,KEY_1,역삼역,POI042,여유,사람이 몰려있을 가능성이 낮고 붐빔은 거의 느껴지지 않아요. 도보 이동이 자유로워요.,14000,16000,53.8,46.2,1.6,5.1,17.0,22.9,23.6,16.1,7.7,6.0,61.3,38.7,N,2026-07-01 23:40,Y
2026-07-02T00:10:49.845425+09:00,연신내역,연신내역,POI043,KEY_2,연신내역,POI043,여유,사람이 몰려있을 가능성이 낮고 붐빔은 거의 느껴지지 않아요. 도보 이동이 자유로워요.,4500,5000,54.3,45.7,0.2,4.3,27.3,21.4,14.8,15.3,9.9,6.9,34.9,65.1,N,2026-07-01 23:40,Y
2026-07-02T00:10:49.845425+09:00,오목교역·목동운동장,오목교역·목동운동장,POI044,KEY_3,오목교역·목동운동장,POI044,여유,사람이 몰려있을 가능성이 낮고 붐빔은 거의 느껴지지 않아요. 도보 이동이 자유로워요.,64000,66000,48.7,51.3,6.2,14.5,10.6,10.0,19.9,17.5,11.7,9.7,84.9,15.1,N,2026-07-01 23:40,Y
2026-07-02T00:10:49.845425+09:00,왕십리역,왕십리역,POI045,KEY_4,왕십리역,POI045,여유,사람이 몰려있을 가능성이 낮고 붐빔은 거의 느껴지지 않아요. 도보 이동이 자유로워요.,16000,18000,49.3,50.7,2.8,6.3,25.1,15.8,12.8,14.6,11.7,10.9,78.8,21.2,N,2026-07-01 23:40,Y
2026-07-02T00:10:49.845425+09:00,용산역,용산역,POI046,KEY_1,용산역,POI046,여유,사람이 몰려있을 가능성이 낮고 붐빔은 거의 느껴지지 않아요. 도보 이동이 자유로워요.,4000,4500,56.0,44.0,0.3,4.8,19.7,22.5,18.7,18.1,9.9,5.9,40.0,60.0,N,2026-07-01 23:40,Y
2026-07-02T00:10:49.845425+09:00,이태원역,이태원역,POI047,KEY_2,이태원역,POI047,여유,사람이 몰려있을 가능성이 낮고 붐빔은 거의 느껴지지 않아요. 도보 이동이 자유로워요.,2500,3000,57.6,42.4,0.4,6.9,40.4,21.6,12.9,9.0,4.6,4.3,28.3,71.7,N,2026-07-01 23:40,Y
2026-07-02T00:10:49.845425+09:00,잠실새내역,잠실새내역,POI118,KEY_3,잠실새내역,POI118,여유,사람이 몰려있을 가능성이 낮고 붐빔은 거의 느껴지지 않아요. 도보 이동이 자유로워요.,8500,9000,54.0,46.0,0.5,10.6,21.6,20.2,21.5,14.6,6.5,4.5,37.3,62.7,N,2026-07-01 23:45,Y
2026-07-02T00:10:49.845425+09:00,잠실역,잠실역,POI119,KEY_4,잠실역,POI119,여유,사람이 몰려있을 가능성이 낮고 붐빔은 거의 느껴지지 않아요. 도보 이동이 자유로워요.,4000,4500,52.2,47.8,0.2,6.7,26.8,22.0,17.5,15.5,7.1,4.2,24.3,75.7,N,2026-07-01 23:45,Y
2026-07-02T00:10:49.845425+09:00,장지역,장지역,POI048,KEY_1,장지역,POI048,여유,사람이 몰려있을 가능성이 낮고 붐빔은 거의 느껴지지 않아요. 도보 이동이 자유로워요.,10000,12000,51.0,49.0,2.9,5.9,13.3,22.1,19.4,16.1,11.2,9.0,73.5,26.5,N,2026-07-01 23:45,Y
2026-07-02T00:10:49.845425+09:00,장한평역,장한평역,POI049,KEY_2,장한평역,POI049,여유,사람이 몰려있을 가능성이 낮고 붐빔은 거의 느껴지지 않아요. 도보 이동이 자유로워요.,5500,6000,55.2,44.8,0.1,2.2,20.8,24.9,18.6,15.0,11.5,6.8,44.3,55.7,N,2026-07-01 23:45,Y
2026-07-02T00:10:49.845425+09:00,천호역,천호역,POI050,KEY_3,천호역,POI050,여유,사람이 몰려있을 가능성이 낮고 붐빔은 거의 느껴지지 않아요. 도보 이동이 자유로워요.,4500,5000,51.3,48.7,0.2,5.6,23.4,24.6,18.7,14.0,7.3,6.1,33.7,66.3,N,2026-07-01 23:45,Y
2026-07-02T00:10:49.845425+09:00,총신대입구(이수)역,총신대입구(이수)역,POI051,KEY_4,총신대입구(이수)역,POI051,여유,사람이 몰려있을 가능성이 낮고 붐빔은 거의 느껴지지 않아요. 도보 이동이 자유로워요.,5500,6000,52.4,47.6,0.1,6.0,23.0,22.8,16.9,13.8,9.8,7.7,42.8,57.2,N,2026-07-01 23:45,Y
2026-07-02T00:10:49.845425+09:00,충정로역,충정로역,POI052,KEY_1,충정로역,POI052,여유,사람이 몰려있을 가능성이 낮고 붐빔은 거의 느껴지지 않아요. 도보 이동이 자유로워요.,5500,6000,48.4,51.6,2.6,5.7,14.1,17.6,16.0,16.8,14.6,12.6,81.3,18.7,N,2026-07-01 23:45,Y
2026-07-02T00:10:49.845425+09:00,합정역,합정역,POI053,KEY_2,합정역,POI053,여유,사람이 몰려있을 가능성이 낮고 붐빔은 거의 느껴지지 않아요. 도보 이동이 자유로워요.,7500,8000,47.6,52.4,1.4,4.6,22.0,21.9,15.7,14.1,10.7,9.7,70.8,29.2,N,2026-07-01 23:45,Y
2026-07-02T00:10:49.845425+09:00,혜화역,혜화역,POI054,KEY_3,혜화역,POI054,여유,사람이 몰려있을 가능성이 낮고 붐빔은 거의 느껴지지 않아요. 도보 이동이 자유로워요.,9500,10000,47.7,52.3,1.2,8.1,30.3,15.1,11.8,13.1,10.5,9.8,65.3,34.7,N,2026-07-01 23:45,Y
2026-07-02T00:10:49.845425+09:00,홍대입구역(2호선),홍대입구역(2호선),POI055,KEY_4,홍대입구역(2호선),POI055,여유,사람이 몰려있을 가능성이 낮고 붐빔은 거의 느껴지지 않아요. 도보 이동이 자유로워요.,9500,10000,49.8,50.2,0.9,6.2,30.5,19.5,14.9,12.3,8.3,7.3,57.5,42.5,N,2026-07-01 23:45,Y
2026-07-02T00:10:49.845425+09:00,회기역,회기역,POI056,KEY_1,회기역,POI056,여유,사람이 몰려있을 가능성이 낮고 붐빔은 거의 느껴지지 않아요. 도보 이동이 자유로워요.,7500,8000,49.5,50.5,0.0,7.3,51.5,13.5,9.5,8.6,5.3,4.4,46.4,53.6,N,2026-07-01 23:45,Y
2026-07-02T01:56:52.337300+09:00,경복궁,경복궁,POI008,KEY_1,경복궁,POI008,여유,사람이 몰려있을 가능성이 낮고 붐빔은 거의 느껴지지 않아요. 도보 이동이 자유로워요.,200,300,57.6,42.4,1.0,7.0,13.0,16.8,22.3,18.4,10.6,10.9,66.4,33.6,N,2026-07-02 01:25,Y
2026-07-02T01:56:52.337300+09:00,광화문·덕수궁,광화문·덕수궁,POI009,KEY_2,광화문·덕수궁,POI009,여유,사람이 몰려있을 가능성이 낮고 붐빔은 거의 느껴지지 않아요. 도보 이동이 자유로워요.,3500,4000,59.4,40.6,1.0,3.4,13.8,20.8,21.7,20.2,11.6,7.5,53.9,46.1,N,2026-07-02 01:25,Y
2026-07-02T01:56:52.337300+09:00,보신각,보신각,POI010,KEY_3,보신각,POI010,여유,사람이 몰려있을 가능성이 낮고 붐빔은 거의 느껴지지 않아요. 도보 이동이 자유로워요.,2000,2500,64.4,35.6,0.3,2.3,21.8,22.2,21.0,16.2,10.4,5.8,52.4,47.6,N,2026-07-02 01:25,Y
2026-07-02T01:56:52.337300+09:00,서울 암사동 유적,서울 암사동 유적,POI011,KEY_4,서울 암사동 유적,POI011,여유,사람이 몰려있을 가능성이 낮고 붐빔은 거의 느껴지지 않아요. 도보 이동이 자유로워요.,300,400,50.1,49.9,5.4,7.7,10.3,12.8,16.0,16.5,16.3,15.0,82.5,17.5,N,2026-07-02 01:25,Y
2026-07-02T01:56:52.337300+09:00,창덕궁·종묘,창덕궁·종묘,POI012,KEY_1,창덕궁·종묘,POI012,여유,사람이 몰려있을 가능성이 낮고 붐빔은 거의 느껴지지 않아요. 도보 이동이 자유로워요.,3000,3500,55.2,44.8,0.6,3.8,23.4,17.2,15.5,17.9,12.4,9.3,51.7,48.3,N,2026-07-02 01:25,Y
2026-07-02T01:56:52.337300+09:00,강남 MICE 관광특구,강남 MICE 관광특구,POI001,KEY_2,강남 MICE 관광특구,POI001,여유,사람이 몰려있을 가능성이 낮고 붐빔은 거의 느껴지지 않아요. 도보 이동이 자유로워요.,2500,3000,55.8,44.2,1.8,6.1,13.2,16.7,20.4,19.3,12.4,10.0,69.6,30.4,N,2026-07-02 01:25,Y
2026-07-02T01:56:52.337300+09:00,동대문 관광특구,동대문 관광특구,POI002,KEY_3,동대문 관광특구,POI002,여유,사람이 몰려있을 가능성이 낮고 붐빔은 거의 느껴지지 않아요. 도보 이동이 자유로워요.,18000,20000,51.0,49.0,0.8,2.7,14.3,20.6,22.5,18.4,13.0,7.7,60.1,39.9,N,2026-07-02 01:25,Y
2026-07-02T01:56:52.337300+09:00,명동 관광특구,명동 관광특구,POI003,KEY_4,명동 관광특구,POI003,여유,사람이 몰려있을 가능성이 낮고 붐빔은 거의 느껴지지 않아요. 도보 이동이 자유로워요.,9000,9500,61.1,38.9,0.5,2.9,15.0,19.8,22.1,19.5,12.6,7.7,56.8,43.2,N,2026-07-02 01:25,Y
2026-07-02T01:56:52.337300+09:00,이태원 관광특구,이태원 관광특구,POI004,KEY_1,이태원 관광특구,POI004,여유,사람이 몰려있을 가능성이 낮고 붐빔은 거의 느껴지지 않아요. 도보 이동이 자유로워요.,4000,4500,55.7,44.3,0.3,4.4,31.9,23.3,15.5,11.6,6.8,6.3,37.9,62.1,N,2026-07-02 01:25,Y
2026-07-02T01:56:52.337300+09:00,잠실 관광특구,잠실 관광특구,POI005,KEY_2,잠실 관광특구,POI005,여유,사람이 몰려있을 가능성이 낮고 붐빔은 거의 느껴지지 않아요. 도보 이동이 자유로워요.,18000,20000,51.7,48.3,0.3,5.7,21.6,23.3,19.5,14.3,8.9,6.3,41.9,58.1,N,2026-07-02 01:25,Y
2026-07-02T01:56:52.337300+09:00,종로·청계 관광특구,종로·청계 관광특구,POI006,KEY_3,종로·청계 관광특구,POI006,여유,사람이 몰려있을 가능성이 낮고 붐빔은 거의 느껴지지 않아요. 도보 이동이 자유로워요.,10000,12000,56.0,44.0,0.8,2.8,17.4,18.9,19.0,18.9,13.6,8.7,61.0,39.0,N,2026-07-02 01:25,Y
2026-07-02T01:56:52.337300+09:00,홍대 관광특구,홍대 관광특구,POI007,KEY_4,홍대 관광특구,POI007,여유,사람이 몰려있을 가능성이 낮고 붐빔은 거의 느껴지지 않아요. 도보 이동이 자유로워요.,34000,36000,51.0,49.0,1.1,7.2,32.5,18.9,13.2,11.5,8.2,7.5,61.7,38.3,N,2026-07-02 01:25,Y
2026-07-02T01:56:52.337300+09:00,강서한강공원,강서한강공원,POI085,KEY_1,강서한강공원,POI085,여유,사람이 몰려있을 가능성이 낮고 붐빔은 거의 느껴지지 않아요. 도보 이동이 자유로워요.,0,100,78.2,21.8,0.0,3.2,11.8,14.0,31.2,22.2,13.9,3.7,4.0,96.0,N,2026-07-02 01:25,Y
2026-07-02T01:56:52.337300+09:00,고척돔,고척돔,POI086,KEY_2,고척돔,POI086,여유,사람이 몰려있을 가능성이 낮고 붐빔은 거의 느껴지지 않아요. 도보 이동이 자유로워요.,500,600,51.0,49.0,0.6,3.3,7.7,28.8,23.3,16.5,9.5,10.2,49.8,50.2,N,2026-07-02 01:25,Y
2026-07-02T01:56:52.337300+09:00,광나루한강공원,광나루한강공원,POI087,KEY_3,광나루한강공원,POI087,여유,사람이 몰려있을 가능성이 낮고 붐빔은 거의 느껴지지 않아요. 도보 이동이 자유로워요.,1500,2000,52.1,47.9,0.3,5.5,14.2,18.6,18.6,18.4,13.6,10.8,50.6,49.4,N,2026-07-02 01:25,Y
2026-07-02T01:56:52.337300+09:00,광화문광장,광화문광장,POI088,KEY_4,광화문광장,POI088,여유,사람이 몰려있을 가능성이 낮고 붐빔은 거의 느껴지지 않아요. 도보 이동이 자유로워요.,700,800,58.9,41.1,1.4,4.2,11.2,21.5,21.8,20.0,11.6,8.3,63.6,36.4,N,2026-07-02 01:25,Y
2026-07-02T01:56:52.337300+09:00,국립중앙박물관·용산가족공원,국립중앙박물관·용산가족공원,POI089,KEY_1,국립중앙박물관·용산가족공원,POI089,여유,사람이 몰려있을 가능성이 낮고 붐빔은 거의 느껴지지 않아요. 도보 이동이 자유로워요.,1000,1500,49.8,50.2,4.6,7.4,10.8,13.0,17.6,18.3,14.9,13.3,86.8,13.2,N,2026-07-02 01:25,Y
2026-07-02T01:56:52.337300+09:00,난지한강공원,난지한강공원,POI090,KEY_2,난지한강공원,POI090,여유,사람이 몰려있을 가능성이 낮고 붐빔은 거의 느껴지지 않아요. 도보 이동이 자유로워요.,400,500,62.3,37.7,2.0,5.5,13.7,22.7,20.3,17.5,9.0,9.3,24.8,75.2,N,2026-07-02 01:25,Y
2026-07-02T01:56:52.337300+09:00,남산공원,남산공원,POI091,KEY_3,남산공원,POI091,여유,사람이 몰려있을 가능성이 낮고 붐빔은 거의 느껴지지 않아요. 도보 이동이 자유로워요.,4500,5000,51.6,48.4,1.0,5.6,17.7,18.5,16.8,15.6,13.4,11.4,66.2,33.8,N,2026-07-02 01:25,Y
2026-07-02T01:56:52.337300+09:00,노들섬,노들섬,POI092,KEY_4,노들섬,POI092,여유,사람이 몰려있을 가능성이 낮고 붐빔은 거의 느껴지지 않아요. 도보 이동이 자유로워요.,0,100,74.4,25.6,0.0,0.9,23.3,20.2,16.3,22.7,10.7,6.0,20.0,80.0,N,2026-07-02 01:25,Y
2026-07-02T01:56:52.337300+09:00,뚝섬한강공원,뚝섬한강공원,POI093,KEY_1,뚝섬한강공원,POI093,여유,사람이 몰려있을 가능성이 낮고 붐빔은 거의 느껴지지 않아요. 도보 이동이 자유로워요.,1000,1500,52.2,47.8,0.6,5.8,14.2,18.5,18.5,18.2,13.8,10.5,59.2,40.8,N,2026-07-02 01:25,Y
2026-07-02T01:56:52.337300+09:00,망원한강공원,망원한강공원,POI094,KEY_2,망원한강공원,POI094,여유,사람이 몰려있을 가능성이 낮고 붐빔은 거의 느껴지지 않아요. 도보 이동이 자유로워요.,800,900,50.0,50.0,1.3,5.5,15.5,20.6,17.1,16.1,12.6,11.2,67.3,32.7,N,2026-07-02 01:25,Y
2026-07-02T01:56:52.337300+09:00,반포한강공원,반포한강공원,POI095,KEY_3,반포한강공원,POI095,여유,사람이 몰려있을 가능성이 낮고 붐빔은 거의 느껴지지 않아요. 도보 이동이 자유로워요.,700,800,61.7,38.3,0.6,11.6,18.3,19.4,18.2,18.7,9.0,4.3,23.6,76.4,N,2026-07-02 01:25,Y
2026-07-02T01:56:52.337300+09:00,보라매공원,보라매공원,POI123,KEY_4,보라매공원,POI123,여유,사람이 몰려있을 가능성이 낮고 붐빔은 거의 느껴지지 않아요. 도보 이동이 자유로워요.,1500,2000,47.9,52.1,1.5,6.4,16.4,17.2,16.3,17.0,12.8,12.3,65.1,34.9,N,2026-07-02 01:25,Y
2026-07-02T01:56:52.337300+09:00,북서울꿈의숲,북서울꿈의숲,POI096,KEY_1,북서울꿈의숲,POI096,여유,사람이 몰려있을 가능성이 낮고 붐빔은 거의 느껴지지 않아요. 도보 이동이 자유로워요.,5000,5500,50.0,50.0,0.6,7.1,10.2,14.7,17.2,19.2,16.6,14.4,62.3,37.7,N,2026-07-02 01:25,Y
2026-07-02T01:56:52.337300+09:00,서대문독립공원,서대문독립공원,POI124,KEY_2,서대문독립공원,POI124,여유,사람이 몰려있을 가능성이 낮고 붐빔은 거의 느껴지지 않아요. 도보 이동이 자유로워요.,700,800,51.4,48.6,0.7,14.1,12.1,12.3,18.1,15.5,14.4,13.0,55.9,44.1,N,2026-07-02 01:25,Y
2026-07-02T01:56:52.337300+09:00,서리풀공원·몽마르뜨공원,서리풀공원·몽마르뜨공원,POI098,KEY_3,서리풀공원·몽마르뜨공원,POI098,여유,사람이 몰려있을 가능성이 낮고 붐빔은 거의 느껴지지 않아요. 도보 이동이 자유로워요.,2000,2500,49.6,50.4,0.3,8.2,12.5,17.4,21.1,17.7,11.2,11.5,58.4,41.6,N,2026-07-02 01:25,Y
2026-07-02T01:56:52.337300+09:00,서울대공원,서울대공원,POI100,KEY_4,서울대공원,POI100,여유,사람이 몰려있을 가능성이 낮고 붐빔은 거의 느껴지지 않아요. 도보 이동이 자유로워요.,300,400,53.0,47.0,2.1,8.0,10.4,13.2,20.5,19.6,16.0,10.1,76.8,23.2,N,2026-07-02 01:25,Y
2026-07-02T01:56:52.337300+09:00,서울숲공원,서울숲공원,POI101,KEY_1,서울숲공원,POI101,여유,사람이 몰려있을 가능성이 낮고 붐빔은 거의 느껴지지 않아요. 도보 이동이 자유로워요.,1500,2000,54.4,45.6,1.0,5.0,14.7,19.2,18.9,22.1,12.3,6.9,47.0,53.0,N,2026-07-02 01:25,Y
2026-07-02T01:56:52.337300+09:00,송현녹지광장,송현녹지광장,POI129,KEY_2,송현녹지광장,POI129,여유,사람이 몰려있을 가능성이 낮고 붐빔은 거의 느껴지지 않아요. 도보 이동이 자유로워요.,1000,1500,51.9,48.1,0.7,7.0,13.4,15.5,19.8,17.0,13.7,12.8,76.5,23.5,N,2026-07-02 01:25,Y
2026-07-02T01:56:52.337300+09:00,아차산,아차산,POI102,KEY_3,아차산,POI102,여유,사람이 몰려있을 가능성이 낮고 붐빔은 거의 느껴지지 않아요. 도보 이동이 자유로워요.,3500,4000,49.6,50.4,0.3,6.0,10.2,16.6,20.0,18.4,16.6,12.0,63.8,36.2,N,2026-07-02 01:25,Y
2026-07-02T01:56:52.337300+09:00,안양천,안양천,POI125,KEY_4,안양천,POI125,여유,사람이 몰려있을 가능성이 낮고 붐빔은 거의 느껴지지 않아요. 도보 이동이 자유로워요.,900,1000,51.2,48.8,0.7,12.1,9.9,14.9,20.1,17.7,13.1,11.5,61.0,39.0,N,2026-07-02 01:25,Y
2026-07-02T01:56:52.337300+09:00,양화한강공원,양화한강공원,POI103,KEY_1,양화한강공원,POI103,여유,사람이 몰려있을 가능성이 낮고 붐빔은 거의 느껴지지 않아요. 도보 이동이 자유로워요.,200,300,51.5,48.5,0.1,3.2,20.3,28.2,19.7,14.3,9.5,4.6,50.2,49.8,N,2026-07-02 01:25,Y
2026-07-02T01:56:52.337300+09:00,어린이대공원,어린이대공원,POI104,KEY_2,어린이대공원,POI104,여유,사람이 몰려있을 가능성이 낮고 붐빔은 거의 느껴지지 않아요. 도보 이동이 자유로워요.,2500,3000,48.3,51.7,0.9,7.3,29.7,18.5,14.2,13.0,8.8,7.7,65.8,34.2,N,2026-07-02 01:25,Y
2026-07-02T01:56:52.337300+09:00,여의도한강공원,여의도한강공원,POI105,KEY_3,여의도한강공원,POI105,여유,사람이 몰려있을 가능성이 낮고 붐빔은 거의 느껴지지 않아요. 도보 이동이 자유로워요.,600,700,58.4,41.6,1.5,7.1,18.2,18.2,18.5,15.1,11.4,9.9,51.3,48.7,N,2026-07-02 01:25,Y
2026-07-02T01:56:52.337300+09:00,여의서로,여의서로,POI126,KEY_4,여의서로,POI126,여유,사람이 몰려있을 가능성이 낮고 붐빔은 거의 느껴지지 않아요. 도보 이동이 자유로워요.,200,300,58.2,41.8,1.8,6.5,15.6,23.8,17.9,16.1,11.5,6.9,56.5,43.5,N,2026-07-02 01:25,Y
2026-07-02T01:56:52.337300+09:00,올림픽공원,올림픽공원,POI127,KEY_1,올림픽공원,POI127,여유,사람이 몰려있을 가능성이 낮고 붐빔은 거의 느껴지지 않아요. 도보 이동이 자유로워요.,4000,4500,53.1,46.9,0.8,7.9,14.7,17.4,20.7,17.3,12.5,8.6,49.7,50.3,N,2026-07-02 01:25,Y
2026-07-02T01:56:52.337300+09:00,월드컵공원,월드컵공원,POI106,KEY_2,월드컵공원,POI106,여유,사람이 몰려있을 가능성이 낮고 붐빔은 거의 느껴지지 않아요. 도보 이동이 자유로워요.,2500,3000,52.4,47.6,1.9,6.6,13.7,17.5,19.2,18.4,10.7,11.9,61.2,38.8,N,2026-07-02 01:25,Y
2026-07-02T01:56:52.337300+09:00,응봉산,응봉산,POI107,KEY_3,응봉산,POI107,여유,사람이 몰려있을 가능성이 낮고 붐빔은 거의 느껴지지 않아요. 도보 이동이 자유로워요.,2000,2500,49.2,50.8,0.8,8.8,9.7,14.8,23.0,19.5,13.0,10.5,69.8,30.2,N,2026-07-02 01:25,Y
2026-07-02T01:56:52.337300+09:00,이촌한강공원,이촌한강공원,POI108,KEY_4,이촌한강공원,POI108,여유,사람이 몰려있을 가능성이 낮고 붐빔은 거의 느껴지지 않아요. 도보 이동이 자유로워요.,1000,1500,50.3,49.7,0.3,6.0,12.1,17.5,22.0,16.7,14.8,10.6,52.6,47.4,N,2026-07-02 01:30,Y
2026-07-02T01:56:52.337300+09:00,잠실종합운동장,잠실종합운동장,POI109,KEY_1,잠실종합운동장,POI109,여유,사람이 몰려있을 가능성이 낮고 붐빔은 거의 느껴지지 않아요. 도보 이동이 자유로워요.,1000,1500,50.9,49.1,3.1,12.1,11.0,12.0,25.0,19.0,9.9,7.8,64.7,35.3,N,2026-07-02 01:30,Y
2026-07-02T01:56:52.337300+09:00,잠실한강공원,잠실한강공원,POI110,KEY_2,잠실한강공원,POI110,여유,사람이 몰려있을 가능성이 낮고 붐빔은 거의 느껴지지 않아요. 도보 이동이 자유로워요.,800,900,54.3,45.7,0.4,10.4,13.8,9.8,23.8,21.9,11.7,8.2,39.3,60.7,N,2026-07-02 01:30,Y
2026-07-02T01:56:52.337300+09:00,잠원한강공원,잠원한강공원,POI111,KEY_3,잠원한강공원,POI111,여유,사람이 몰려있을 가능성이 낮고 붐빔은 거의 느껴지지 않아요. 도보 이동이 자유로워요.,500,600,57.4,42.6,0.4,9.4,18.8,14.1,18.0,21.1,8.9,9.3,35.9,64.1,N,2026-07-02 01:30,Y
2026-07-02T01:56:52.337300+09:00,청계산,청계산,POI112,KEY_4,청계산,POI112,여유,사람이 몰려있을 가능성이 낮고 붐빔은 거의 느껴지지 않아요. 도보 이동이 자유로워요.,800,900,49.3,50.7,3.1,6.0,9.1,18.2,16.7,16.8,14.6,15.5,82.8,17.2,N,2026-07-02 01:30,Y
2026-07-02T01:56:52.337300+09:00,홍제폭포,홍제폭포,POI128,KEY_1,홍제폭포,POI128,여유,사람이 몰려있을 가능성이 낮고 붐빔은 거의 느껴지지 않아요. 도보 이동이 자유로워요.,400,500,45.3,54.7,3.5,7.3,13.2,12.0,13.4,17.2,15.8,17.6,87.5,12.5,N,2026-07-02 01:30,Y
2026-07-02T01:56:52.337300+09:00,가락시장,가락시장,POI058,KEY_2,가락시장,POI058,여유,사람이 몰려있을 가능성이 낮고 붐빔은 거의 느껴지지 않아요. 도보 이동이 자유로워요.,7000,7500,76.9,23.1,0.2,3.1,6.5,15.5,25.8,27.5,16.0,5.5,42.4,57.6,N,2026-07-02 01:30,Y
2026-07-02T01:56:52.337300+09:00,가로수길,가로수길,POI059,KEY_3,가로수길,POI059,여유,사람이 몰려있을 가능성이 낮고 붐빔은 거의 느껴지지 않아요. 도보 이동이 자유로워요.,10000,12000,51.8,48.2,1.9,7.2,14.2,16.3,20.7,18.1,10.5,11.0,68.1,31.9,N,2026-07-02 01:30,Y
2026-07-02T01:56:52.337300+09:00,광장(전통)시장,광장(전통)시장,POI060,KEY_4,광장(전통)시장,POI060,여유,사람이 몰려있을 가능성이 낮고 붐빔은 거의 느껴지지 않아요. 도보 이동이 자유로워요.,1000,1500,53.2,46.8,0.7,3.7,18.7,16.8,16.4,18.3,14.5,10.9,65.4,34.6,N,2026-07-02 01:30,Y
2026-07-02T01:56:52.337300+09:00,김포공항,김포공항,POI061,KEY_1,김포공항,POI061,여유,사람이 몰려있을 가능성이 낮고 붐빔은 거의 느껴지지 않아요. 도보 이동이 자유로워요.,500,600,60.9,39.1,0.0,1.6,19.6,21.1,20.9,17.5,11.6,7.6,42.3,57.7,N,2026-07-02 01:30,Y
2026-07-02T01:56:52.337300+09:00,남대문시장,남대문시장,POI115,KEY_2,남대문시장,POI115,여유,사람이 몰려있을 가능성이 낮고 붐빔은 거의 느껴지지 않아요. 도보 이동이 자유로워요.,2000,2500,56.8,43.2,0.8,3.3,11.8,16.3,19.9,20.5,16.4,10.9,66.5,33.5,N,2026-07-02 01:30,Y
2026-07-02T01:56:52.337300+09:00,노량진,노량진,POI063,KEY_3,노량진,POI063,여유,사람이 몰려있을 가능성이 낮고 붐빔은 거의 느껴지지 않아요. 도보 이동이 자유로워요.,10000,12000,54.8,45.2,1.1,4.5,28.4,20.5,12.4,13.3,10.7,9.2,75.1,24.9,N,2026-07-02 01:30,Y
2026-07-02T01:56:52.337300+09:00,덕수궁길·정동길,덕수궁길·정동길,POI064,KEY_4,덕수궁길·정동길,POI064,여유,사람이 몰려있을 가능성이 낮고 붐빔은 거의 느껴지지 않아요. 도보 이동이 자유로워요.,800,900,47.2,52.8,1.3,13.1,11.4,15.5,17.7,17.7,12.5,10.9,66.5,33.5,N,2026-07-02 01:30,Y
2026-07-02T01:56:52.337300+09:00,북창동 먹자골목,북창동 먹자골목,POI114,KEY_1,북창동 먹자골목,POI114,여유,사람이 몰려있을 가능성이 낮고 붐빔은 거의 느껴지지 않아요. 도보 이동이 자유로워요.,1500,2000,59.2,40.8,0.6,2.6,13.5,19.6,21.5,19.6,13.7,8.9,57.2,42.8,N,2026-07-02 01:30,Y
2026-07-02T01:56:52.337300+09:00,북촌한옥마을,북촌한옥마을,POI066,KEY_2,북촌한옥마을,POI066,여유,사람이 몰려있을 가능성이 낮고 붐빔은 거의 느껴지지 않아요. 도보 이동이 자유로워요.,3500,4000,53.1,46.9,0.8,8.9,15.3,14.2,18.0,16.6,12.5,13.9,76.1,23.9,N,2026-07-02 01:30,Y
2026-07-02T01:56:52.337300+09:00,서촌,서촌,POI067,KEY_3,서촌,POI067,여유,사람이 몰려있을 가능성이 낮고 붐빔은 거의 느껴지지 않아요. 도보 이동이 자유로워요.,8500,9000,45.7,54.3,2.7,9.2,11.9,14.4,16.8,17.5,13.3,14.2,90.2,9.8,N,2026-07-02 01:30,Y
2026-07-02T01:56:52.337300+09:00,성수카페거리,성수카페거리,POI068,KEY_4,성수카페거리,POI068,여유,사람이 몰려있을 가능성이 낮고 붐빔은 거의 느껴지지 않아요. 도보 이동이 자유로워요.,7000,7500,52.6,47.4,1.5,4.6,19.7,19.3,15.0,16.5,13.2,10.2,70.6,29.4,N,2026-07-02 01:30,Y
2026-07-02T01:56:52.337300+09:00,송리단길·호수단길,송리단길·호수단길,POI121,KEY_1,송리단길·호수단길,POI121,여유,사람이 몰려있을 가능성이 낮고 붐빔은 거의 느껴지지 않아요. 도보 이동이 자유로워요.,4500,5000,47.3,52.7,0.3,5.3,16.2,25.9,17.9,14.6,11.8,8.0,69.1,30.9,N,2026-07-02 01:30,Y
2026-07-02T01:56:52.337300+09:00,신촌 스타광장,신촌 스타광장,POI122,KEY_2,신촌 스타광장,POI122,여유,사람이 몰려있을 가능성이 낮고 붐빔은 거의 느껴지지 않아요. 도보 이동이 자유로워요.,1500,2000,48.7,51.3,1.1,4.6,44.6,15.8,9.9,10.2,7.3,6.4,64.3,35.7,N,2026-07-02 01:30,Y
2026-07-02T01:56:52.337300+09:00,압구정로데오거리,압구정로데오거리,POI071,KEY_3,압구정로데오거리,POI071,여유,사람이 몰려있을 가능성이 낮고 붐빔은 거의 느껴지지 않아요. 도보 이동이 자유로워요.,10000,12000,50.5,49.5,3.1,6.4,12.3,16.1,19.9,17.9,11.9,12.4,71.4,28.6,N,2026-07-02 01:30,Y
2026-07-02T01:56:52.337300+09:00,여의도,여의도,POI072,KEY_4,여의도,POI072,여유,사람이 몰려있을 가능성이 낮고 붐빔은 거의 느껴지지 않아요. 도보 이동이 자유로워요.,32000,34000,54.1,45.9,1.8,5.8,12.1,18.1,20.2,18.0,12.5,11.5,73.0,27.0,N,2026-07-02 01:30,Y
2026-07-02T01:56:52.337300+09:00,연남동,연남동,POI073,KEY_1,연남동,POI073,여유,사람이 몰려있을 가능성이 낮고 붐빔은 거의 느껴지지 않아요. 도보 이동이 자유로워요.,6500,7000,47.7,52.3,1.0,5.1,23.8,20.7,15.8,13.5,10.2,10.0,70.1,29.9,N,2026-07-02 01:30,Y
2026-07-02T01:56:52.337300+09:00,영등포 타임스퀘어,영등포 타임스퀘어,POI074,KEY_2,영등포 타임스퀘어,POI074,여유,사람이 몰려있을 가능성이 낮고 붐빔은 거의 느껴지지 않아요. 도보 이동이 자유로워요.,3500,4000,61.4,38.6,0.1,3.0,29.8,26.1,15.8,14.6,7.5,3.1,35.0,65.0,N,2026-07-02 01:30,Y
2026-07-02T01:56:52.337300+09:00,용리단길,용리단길,POI076,KEY_3,용리단길,POI076,여유,사람이 몰려있을 가능성이 낮고 붐빔은 거의 느껴지지 않아요. 도보 이동이 자유로워요.,2500,3000,52.2,47.8,3.3,4.5,17.6,20.8,17.2,16.0,11.5,8.9,84.5,15.5,N,2026-07-02 01:30,Y
2026-07-02T01:56:52.337300+09:00,이태원 앤틱가구거리,이태원 앤틱가구거리,POI077,KEY_4,이태원 앤틱가구거리,POI077,여유,사람이 몰려있을 가능성이 낮고 붐빔은 거의 느껴지지 않아요. 도보 이동이 자유로워요.,3000,3500,53.1,46.9,1.3,5.1,20.7,19.8,15.8,14.2,11.7,11.2,73.4,26.6,N,2026-07-02 01:30,Y
2026-07-02T01:56:52.337300+09:00,익선동,익선동,POI116,KEY_1,익선동,POI116,여유,사람이 몰려있을 가능성이 낮고 붐빔은 거의 느껴지지 않아요. 도보 이동이 자유로워요.,3000,3500,63.9,36.1,0.4,3.5,24.5,19.3,15.2,16.1,12.0,9.2,39.9,60.1,N,2026-07-02 01:30,Y
2026-07-02T01:56:52.337300+09:00,인사동,인사동,POI078,KEY_2,인사동,POI078,여유,사람이 몰려있을 가능성이 낮고 붐빔은 거의 느껴지지 않아요. 도보 이동이 자유로워요.,3500,4000,59.7,40.3,0.5,3.6,18.7,19.4,18.1,16.9,13.0,9.7,57.6,42.4,N,2026-07-02 01:30,Y
2026-07-02T01:56:52.337300+09:00,잠실롯데타워·석촌호수,잠실롯데타워·석촌호수,POI120,KEY_3,잠실롯데타워·석촌호수,POI120,여유,사람이 몰려있을 가능성이 낮고 붐빔은 거의 느껴지지 않아요. 도보 이동이 자유로워요.,14000,16000,49.9,50.1,0.2,4.7,23.5,25.0,19.4,13.5,8.1,5.6,40.3,59.7,N,2026-07-02 01:30,Y
2026-07-02T01:56:52.337300+09:00,창동 신경제 중심지,창동 신경제 중심지,POI079,KEY_4,창동 신경제 중심지,POI079,여유,사람이 몰려있을 가능성이 낮고 붐빔은 거의 느껴지지 않아요. 도보 이동이 자유로워요.,14000,16000,51.1,48.9,0.4,8.4,17.6,16.8,18.0,17.4,12.3,9.0,55.7,44.3,N,2026-07-02 01:30,Y
2026-07-02T01:56:52.337300+09:00,청담동 명품거리,청담동 명품거리,POI080,KEY_1,청담동 명품거리,POI080,여유,사람이 몰려있을 가능성이 낮고 붐빔은 거의 느껴지지 않아요. 도보 이동이 자유로워요.,1500,2000,53.4,46.6,0.0,4.9,16.1,20.8,24.7,18.8,8.6,6.0,44.5,55.5,N,2026-07-02 01:30,Y
2026-07-02T01:56:52.337300+09:00,청량리 제기동 일대 전통시장,청량리 제기동 일대 전통시장,POI081,KEY_2,청량리 제기동 일대 전통시장,POI081,여유,사람이 몰려있을 가능성이 낮고 붐빔은 거의 느껴지지 않아요. 도보 이동이 자유로워요.,6000,6500,51.6,48.4,2.1,4.2,16.7,14.9,13.7,16.8,16.4,15.2,72.5,27.5,N,2026-07-02 01:30,Y
2026-07-02T01:56:52.337300+09:00,해방촌·경리단길,해방촌·경리단길,POI082,KEY_3,해방촌·경리단길,POI082,여유,사람이 몰려있을 가능성이 낮고 붐빔은 거의 느껴지지 않아요. 도보 이동이 자유로워요.,3000,3500,49.4,50.6,0.2,3.9,16.7,22.3,19.7,15.2,11.0,11.0,55.6,44.4,N,2026-07-02 01:30,Y
2026-07-02T01:56:52.337300+09:00,DDP(동대문디자인플라자),DDP(동대문디자인플라자),POI083,KEY_4,DDP(동대문디자인플라자),POI083,여유,사람이 몰려있을 가능성이 낮고 붐빔은 거의 느껴지지 않아요. 도보 이동이 자유로워요.,2000,2500,51.9,48.1,0.8,2.7,13.9,18.8,22.5,19.2,14.1,8.0,59.3,40.7,N,2026-07-02 01:30,Y
2026-07-02T01:56:52.337300+09:00,DMC(디지털미디어시티),DMC(디지털미디어시티),POI084,KEY_1,DMC(디지털미디어시티),POI084,여유,사람이 몰려있을 가능성이 낮고 붐빔은 거의 느껴지지 않아요. 도보 이동이 자유로워요.,14000,16000,48.9,51.1,3.0,8.0,15.6,17.8,17.5,17.7,11.1,9.3,71.4,28.6,N,2026-07-02 01:30,Y
2026-07-02T01:56:52.337300+09:00,가산디지털단지역,가산디지털단지역,POI013,KEY_2,가산디지털단지역,POI013,여유,사람이 몰려있을 가능성이 낮고 붐빔은 거의 느껴지지 않아요. 도보 이동이 자유로워요.,5000,5500,60.4,39.6,0.1,2.7,20.4,25.7,20.5,16.6,9.4,4.5,50.2,49.8,N,2026-07-02 01:30,Y
2026-07-02T01:56:52.337300+09:00,강남역,강남역,POI014,KEY_3,강남역,POI014,여유,사람이 몰려있을 가능성이 낮고 붐빔은 거의 느껴지지 않아요. 도보 이동이 자유로워요.,22000,24000,53.8,46.2,2.2,5.9,19.3,22.0,21.6,14.7,7.9,6.5,65.6,34.4,N,2026-07-02 01:30,Y
2026-07-02T01:56:52.337300+09:00,건대입구역,건대입구역,POI015,KEY_4,건대입구역,POI015,여유,사람이 몰려있을 가능성이 낮고 붐빔은 거의 느껴지지 않아요. 도보 이동이 자유로워요.,16000,18000,49.0,51.0,1.5,6.3,31.1,16.4,12.1,13.1,10.5,9.0,70.6,29.4,N,2026-07-02 01:30,Y
2026-07-02T01:56:52.337300+09:00,고덕역,고덕역,POI016,KEY_1,고덕역,POI016,여유,사람이 몰려있을 가능성이 낮고 붐빔은 거의 느껴지지 않아요. 도보 이동이 자유로워요.,1500,2000,59.7,40.3,0.7,18.2,15.1,10.1,22.5,16.1,10.1,7.3,55.6,44.4,N,2026-07-02 01:30,Y
2026-07-02T01:56:52.337300+09:00,고속터미널역,고속터미널역,POI017,KEY_2,고속터미널역,POI017,여유,사람이 몰려있을 가능성이 낮고 붐빔은 거의 느껴지지 않아요. 도보 이동이 자유로워요.,1500,2000,56.9,43.1,0.2,9.0,9.6,13.8,25.6,22.5,11.5,7.7,43.0,57.0,N,2026-07-02 01:30,Y
2026-07-02T01:56:52.337300+09:00,교대역,교대역,POI018,KEY_3,교대역,POI018,여유,사람이 몰려있을 가능성이 낮고 붐빔은 거의 느껴지지 않아요. 도보 이동이 자유로워요.,6000,6500,50.8,49.2,3.6,7.7,13.0,16.3,20.1,17.9,11.3,10.2,73.5,26.5,N,2026-07-02 01:30,Y
2026-07-02T01:56:52.337300+09:00,구로디지털단지역,구로디지털단지역,POI019,KEY_4,구로디지털단지역,POI019,여유,사람이 몰려있을 가능성이 낮고 붐빔은 거의 느껴지지 않아요. 도보 이동이 자유로워요.,5000,5500,57.1,42.9,0.1,2.7,22.4,25.6,19.9,15.0,8.6,5.7,52.7,47.3,N,2026-07-02 01:30,Y
2026-07-02T01:56:52.337300+09:00,구로역,구로역,POI020,KEY_1,구로역,POI020,여유,사람이 몰려있을 가능성이 낮고 붐빔은 거의 느껴지지 않아요. 도보 이동이 자유로워요.,800,900,50.0,50.0,0.6,5.8,12.1,20.8,18.2,21.1,13.1,8.4,60.5,39.5,N,2026-07-02 01:30,Y
2026-07-02T01:56:52.337300+09:00,군자역,군자역,POI021,KEY_2,군자역,POI021,여유,사람이 몰려있을 가능성이 낮고 붐빔은 거의 느껴지지 않아요. 도보 이동이 자유로워요.,4000,4500,50.2,49.8,0.2,4.6,26.8,23.6,16.9,11.8,8.4,7.7,53.7,46.3,N,2026-07-02 01:30,Y
2026-07-02T01:56:52.337300+09:00,대림역,대림역,POI023,KEY_3,대림역,POI023,약간 붐빔,사람들이 몰려있을 가능성이 크고 붐빈다고 느낄 수 있어요. 인구밀도가 높은 구간에서는 도보 이동시 부딪힘이 발생할 수 있어요.,16000,18000,49.9,50.1,1.9,4.9,11.8,14.0,14.1,20.6,19.0,13.7,87.9,12.1,N,2026-07-02 01:30,Y
2026-07-02T01:56:52.337300+09:00,동대문역,동대문역,POI024,KEY_4,동대문역,POI024,여유,사람이 몰려있을 가능성이 낮고 붐빔은 거의 느껴지지 않아요. 도보 이동이 자유로워요.,1500,2000,59.0,41.0,0.0,2.4,14.9,13.3,20.4,18.3,18.6,12.1,25.9,74.1,N,2026-07-02 01:30,Y
2026-07-02T01:56:52.337300+09:00,뚝섬역,뚝섬역,POI025,KEY_1,뚝섬역,POI025,여유,사람이 몰려있을 가능성이 낮고 붐빔은 거의 느껴지지 않아요. 도보 이동이 자유로워요.,4000,4500,50.6,49.4,1.8,5.6,14.9,20.2,18.3,16.5,13.1,9.7,77.6,22.4,N,2026-07-02 01:30,Y
2026-07-02T01:56:52.337300+09:00,미아사거리역,미아사거리역,POI026,KEY_2,미아사거리역,POI026,여유,사람이 몰려있을 가능성이 낮고 붐빔은 거의 느껴지지 않아요. 도보 이동이 자유로워요.,3500,4000,53.9,46.1,0.5,7.4,21.5,15.5,15.5,17.9,12.1,9.6,41.0,59.0,N,2026-07-02 01:30,Y
2026-07-02T01:56:52.337300+09:00,발산역,발산역,POI027,KEY_3,발산역,POI027,여유,사람이 몰려있을 가능성이 낮고 붐빔은 거의 느껴지지 않아요. 도보 이동이 자유로워요.,4000,4500,52.6,47.4,0.3,5.2,21.7,26.9,18.1,12.5,8.8,6.5,50.4,49.6,N,2026-07-02 01:30,Y
2026-07-02T01:56:52.337300+09:00,사당역,사당역,POI029,KEY_4,사당역,POI029,여유,사람이 몰려있을 가능성이 낮고 붐빔은 거의 느껴지지 않아요. 도보 이동이 자유로워요.,6500,7000,53.8,46.2,0.2,4.3,25.6,22.8,14.5,13.6,10.6,8.3,57.1,42.9,N,2026-07-02 01:30,Y
2026-07-02T01:56:52.337300+09:00,삼각지역,삼각지역,POI030,KEY_1,삼각지역,POI030,여유,사람이 몰려있을 가능성이 낮고 붐빔은 거의 느껴지지 않아요. 도보 이동이 자유로워요.,1000,1500,52.4,47.6,1.6,3.1,17.3,26.3,18.0,14.9,10.9,7.8,70.3,29.7,N,2026-07-02 01:30,Y
2026-07-02T01:56:52.337300+09:00,서울대입구역,서울대입구역,POI031,KEY_2,서울대입구역,POI031,여유,사람이 몰려있을 가능성이 낮고 붐빔은 거의 느껴지지 않아요. 도보 이동이 자유로워요.,6000,6500,53.8,46.2,0.1,3.7,43.4,22.4,11.5,10.0,5.0,3.9,56.3,43.7,N,2026-07-02 01:30,Y
2026-07-02T01:56:52.337300+09:00,서울식물원·마곡나루역,서울식물원·마곡나루역,POI032,KEY_3,서울식물원·마곡나루역,POI032,여유,사람이 몰려있을 가능성이 낮고 붐빔은 거의 느껴지지 않아요. 도보 이동이 자유로워요.,1500,2000,49.2,50.8,3.9,6.7,16.6,21.1,17.2,14.5,11.1,9.0,80.8,19.2,N,2026-07-02 01:30,Y
2026-07-02T01:56:52.337300+09:00,서울역,서울역,POI033,KEY_4,서울역,POI033,여유,사람이 몰려있을 가능성이 낮고 붐빔은 거의 느껴지지 않아요. 도보 이동이 자유로워요.,3500,4000,54.5,45.5,1.3,4.6,12.7,16.6,18.2,20.0,15.3,11.2,70.3,29.7,N,2026-07-02 01:30,Y
2026-07-02T01:56:52.337300+09:00,선릉역,선릉역,POI034,KEY_1,선릉역,POI034,여유,사람이 몰려있을 가능성이 낮고 붐빔은 거의 느껴지지 않아요. 도보 이동이 자유로워요.,18000,20000,52.8,47.2,1.7,7.7,15.2,19.9,23.9,17.6,7.7,6.2,65.5,34.5,N,2026-07-02 01:30,Y
2026-07-02T01:56:52.337300+09:00,성신여대입구역,성신여대입구역,POI035,KEY_2,성신여대입구역,POI035,여유,사람이 몰려있을 가능성이 낮고 붐빔은 거의 느껴지지 않아요. 도보 이동이 자유로워요.,2000,2500,52.4,47.6,0.5,6.8,41.1,16.8,13.7,9.2,7.0,4.9,34.4,65.6,N,2026-07-02 01:30,Y
2026-07-02T01:56:52.337300+09:00,수유역,수유역,POI036,KEY_3,수유역,POI036,여유,사람이 몰려있을 가능성이 낮고 붐빔은 거의 느껴지지 않아요. 도보 이동이 자유로워요.,8500,9000,52.5,47.5,0.3,5.0,25.3,16.6,15.8,17.4,11.5,8.2,47.2,52.8,N,2026-07-02 01:30,Y
2026-07-02T01:56:52.337300+09:00,숭례문,숭례문,POI131,KEY_4,숭례문,POI131,여유,사람이 몰려있을 가능성이 낮고 붐빔은 거의 느껴지지 않아요. 도보 이동이 자유로워요.,1000,1500,59.1,40.9,0.8,3.2,12.2,17.8,21.3,20.3,15.0,9.3,56.5,43.5,N,2026-07-02 01:30,Y
2026-07-02T01:56:52.337300+09:00,시의회 앞,시의회 앞,POI130,KEY_1,시의회 앞,POI130,여유,사람이 몰려있을 가능성이 낮고 붐빔은 거의 느껴지지 않아요. 도보 이동이 자유로워요.,900,1000,59.5,40.5,0.8,3.6,15.2,22.5,21.5,19.0,10.9,6.4,46.5,53.5,N,2026-07-02 01:30,Y
2026-07-02T01:56:52.337300+09:00,신논현역·논현역,신논현역·논현역,POI037,KEY_2,신논현역·논현역,POI037,여유,사람이 몰려있을 가능성이 낮고 붐빔은 거의 느껴지지 않아요. 도보 이동이 자유로워요.,5500,6000,53.8,46.2,1.6,4.7,20.2,21.8,21.4,14.7,8.4,7.2,62.0,38.0,N,2026-07-02 01:30,Y
2026-07-02T01:56:52.337300+09:00,신도림역,신도림역,POI038,KEY_3,신도림역,POI038,여유,사람이 몰려있을 가능성이 낮고 붐빔은 거의 느껴지지 않아요. 도보 이동이 자유로워요.,3500,4000,50.0,50.0,4.7,6.7,11.4,18.6,17.1,16.5,13.5,11.4,87.1,12.9,N,2026-07-02 01:30,Y
2026-07-02T01:56:52.337300+09:00,신림역,신림역,POI039,KEY_4,신림역,POI039,여유,사람이 몰려있을 가능성이 낮고 붐빔은 거의 느껴지지 않아요. 도보 이동이 자유로워요.,7000,7500,56.8,43.2,0.0,3.2,38.8,27.8,13.6,8.4,4.6,3.5,48.7,51.3,N,2026-07-02 01:30,Y
2026-07-02T01:56:52.337300+09:00,신정네거리역,신정네거리역,POI117,KEY_1,신정네거리역,POI117,여유,사람이 몰려있을 가능성이 낮고 붐빔은 거의 느껴지지 않아요. 도보 이동이 자유로워요.,800,900,51.6,48.4,1.1,11.8,16.3,16.5,17.8,17.3,9.7,9.3,56.5,43.5,N,2026-07-02 01:30,Y
2026-07-02T01:56:52.337300+09:00,신촌·이대역,신촌·이대역,POI040,KEY_2,신촌·이대역,POI040,여유,사람이 몰려있을 가능성이 낮고 붐빔은 거의 느껴지지 않아요. 도보 이동이 자유로워요.,16000,18000,45.4,54.6,1.3,5.7,44.0,16.3,10.5,9.8,6.6,5.8,63.9,36.1,N,2026-07-02 01:30,Y
2026-07-02T01:56:52.337300+09:00,쌍문역,쌍문역,POI070,KEY_3,쌍문역,POI070,여유,사람이 몰려있을 가능성이 낮고 붐빔은 거의 느껴지지 않아요. 도보 이동이 자유로워요.,4500,5000,49.2,50.8,0.3,5.5,16.3,16.8,16.2,18.1,14.2,12.7,59.1,40.9,N,2026-07-02 01:30,Y
2026-07-02T01:56:52.337300+09:00,양재역,양재역,POI041,KEY_4,양재역,POI041,여유,사람이 몰려있을 가능성이 낮고 붐빔은 거의 느껴지지 않아요. 도보 이동이 자유로워요.,6000,6500,49.9,50.1,2.4,6.5,14.3,20.4,18.3,16.8,11.7,9.6,78.8,21.2,N,2026-07-02 01:30,Y
2026-07-02T01:56:52.337300+09:00,역삼역,역삼역,POI042,KEY_1,역삼역,POI042,여유,사람이 몰려있을 가능성이 낮고 붐빔은 거의 느껴지지 않아요. 도보 이동이 자유로워요.,12000,14000,53.5,46.5,1.6,5.1,16.7,22.4,24.1,16.0,8.0,6.1,65.7,34.3,N,2026-07-02 01:30,Y
2026-07-02T01:56:52.337300+09:00,연신내역,연신내역,POI043,KEY_2,연신내역,POI043,여유,사람이 몰려있을 가능성이 낮고 붐빔은 거의 느껴지지 않아요. 도보 이동이 자유로워요.,3500,4000,53.0,47.0,0.2,3.4,26.5,21.7,14.0,14.5,10.6,9.1,47.0,53.0,N,2026-07-02 01:30,Y
2026-07-02T01:56:52.337300+09:00,오목교역·목동운동장,오목교역·목동운동장,POI044,KEY_3,오목교역·목동운동장,POI044,여유,사람이 몰려있을 가능성이 낮고 붐빔은 거의 느껴지지 않아요. 도보 이동이 자유로워요.,64000,66000,48.6,51.4,6.2,14.5,10.3,9.7,20.2,17.6,11.7,9.8,88.5,11.5,N,2026-07-02 01:30,Y
2026-07-02T01:56:52.337300+09:00,왕십리역,왕십리역,POI045,KEY_4,왕십리역,POI045,여유,사람이 몰려있을 가능성이 낮고 붐빔은 거의 느껴지지 않아요. 도보 이동이 자유로워요.,16000,18000,48.9,51.1,2.8,6.3,24.3,15.8,12.8,14.7,12.1,11.2,85.1,14.9,N,2026-07-02 01:30,Y
2026-07-02T01:56:52.337300+09:00,용산역,용산역,POI046,KEY_1,용산역,POI046,여유,사람이 몰려있을 가능성이 낮고 붐빔은 거의 느껴지지 않아요. 도보 이동이 자유로워요.,3000,3500,55.5,44.5,0.3,4.1,15.8,20.6,20.1,19.8,11.8,7.6,52.3,47.7,N,2026-07-02 01:30,Y
2026-07-02T01:56:52.337300+09:00,이태원역,이태원역,POI047,KEY_2,이태원역,POI047,여유,사람이 몰려있을 가능성이 낮고 붐빔은 거의 느껴지지 않아요. 도보 이동이 자유로워요.,2500,3000,57.4,42.6,0.4,4.2,41.6,22.9,11.9,9.4,4.6,5.0,33.2,66.8,N,2026-07-02 01:30,Y
2026-07-02T01:56:52.337300+09:00,잠실새내역,잠실새내역,POI118,KEY_3,잠실새내역,POI118,여유,사람이 몰려있을 가능성이 낮고 붐빔은 거의 느껴지지 않아요. 도보 이동이 자유로워요.,7000,7500,51.2,48.8,0.5,10.3,18.0,19.6,22.2,15.2,8.1,6.1,52.8,47.2,N,2026-07-02 01:30,Y
2026-07-02T01:56:52.337300+09:00,잠실역,잠실역,POI119,KEY_4,잠실역,POI119,여유,사람이 몰려있을 가능성이 낮고 붐빔은 거의 느껴지지 않아요. 도보 이동이 자유로워요.,2500,3000,53.6,46.4,0.4,4.5,14.9,23.0,22.5,17.4,10.9,6.4,37.0,63.0,N,2026-07-02 01:30,Y
2026-07-02T01:56:52.337300+09:00,장지역,장지역,POI048,KEY_1,장지역,POI048,여유,사람이 몰려있을 가능성이 낮고 붐빔은 거의 느껴지지 않아요. 도보 이동이 자유로워요.,7000,7500,51.1,48.9,2.3,5.1,13.6,23.4,20.2,16.6,10.8,8.1,73.1,26.9,N,2026-07-02 01:30,Y
2026-07-02T01:56:52.337300+09:00,장한평역,장한평역,POI049,KEY_2,장한평역,POI049,여유,사람이 몰려있을 가능성이 낮고 붐빔은 거의 느껴지지 않아요. 도보 이동이 자유로워요.,4500,5000,53.3,46.7,0.2,1.9,19.9,22.7,18.8,16.0,12.7,7.8,53.2,46.8,N,2026-07-02 01:30,Y
2026-07-02T01:56:52.337300+09:00,천호역,천호역,POI050,KEY_3,천호역,POI050,여유,사람이 몰려있을 가능성이 낮고 붐빔은 거의 느껴지지 않아요. 도보 이동이 자유로워요.,3500,4000,49.4,50.6,0.2,3.8,20.4,25.5,18.5,15.8,10.1,5.7,46.9,53.1,N,2026-07-02 01:30,Y
2026-07-02T01:56:52.337300+09:00,총신대입구(이수)역,총신대입구(이수)역,POI051,KEY_4,총신대입구(이수)역,POI051,여유,사람이 몰려있을 가능성이 낮고 붐빔은 거의 느껴지지 않아요. 도보 이동이 자유로워요.,4500,5000,49.8,50.2,0.4,5.2,18.9,21.5,17.5,14.6,11.9,10.0,59.6,40.4,N,2026-07-02 01:30,Y
2026-07-02T01:56:52.337300+09:00,충정로역,충정로역,POI052,KEY_1,충정로역,POI052,여유,사람이 몰려있을 가능성이 낮고 붐빔은 거의 느껴지지 않아요. 도보 이동이 자유로워요.,5500,6000,47.9,52.1,2.6,5.8,13.2,17.6,15.8,17.0,15.0,13.1,86.4,13.6,N,2026-07-02 01:30,Y
2026-07-02T01:56:52.337300+09:00,합정역,합정역,POI053,KEY_2,합정역,POI053,여유,사람이 몰려있을 가능성이 낮고 붐빔은 거의 느껴지지 않아요. 도보 이동이 자유로워요.,5000,5500,47.6,52.4,1.1,4.0,19.7,23.0,16.8,14.5,11.0,9.9,74.5,25.5,N,2026-07-02 01:30,Y
2026-07-02T01:56:52.337300+09:00,혜화역,혜화역,POI054,KEY_3,혜화역,POI054,여유,사람이 몰려있을 가능성이 낮고 붐빔은 거의 느껴지지 않아요. 도보 이동이 자유로워요.,7000,7500,48.4,51.6,1.3,7.8,27.4,15.6,12.2,13.9,11.3,10.7,74.8,25.2,N,2026-07-02 01:30,Y
2026-07-02T01:56:52.337300+09:00,홍대입구역(2호선),홍대입구역(2호선),POI055,KEY_4,홍대입구역(2호선),POI055,여유,사람이 몰려있을 가능성이 낮고 붐빔은 거의 느껴지지 않아요. 도보 이동이 자유로워요.,6500,7000,49.7,50.3,1.2,5.3,25.6,19.3,15.7,14.4,9.8,8.8,68.2,31.8,N,2026-07-02 01:30,Y
2026-07-02T01:56:52.337300+09:00,회기역,회기역,POI056,KEY_1,회기역,POI056,여유,사람이 몰려있을 가능성이 낮고 붐빔은 거의 느껴지지 않아요. 도보 이동이 자유로워요.,6000,6500,50.4,49.6,0.0,6.8,49.9,13.5,9.1,9.1,5.8,5.8,56.9,43.1,N,2026-07-02 01:30,Y
2026-07-02T02:45:00.199696+09:00,경복궁,경복궁,POI008,KEY_1,경복궁,POI008,여유,사람이 몰려있을 가능성이 낮고 붐빔은 거의 느껴지지 않아요. 도보 이동이 자유로워요.,200,300,58.3,41.7,1.0,7.3,13.6,16.0,22.1,17.7,11.0,11.3,66.3,33.7,N,2026-07-02 02:15,Y
2026-07-02T02:45:00.199696+09:00,광화문·덕수궁,광화문·덕수궁,POI009,KEY_2,광화문·덕수궁,POI009,여유,사람이 몰려있을 가능성이 낮고 붐빔은 거의 느껴지지 않아요. 도보 이동이 자유로워요.,3000,3500,58.9,41.1,0.9,3.7,13.2,20.2,21.4,20.8,11.7,8.0,55.3,44.7,N,2026-07-02 02:15,Y
2026-07-02T02:45:00.199696+09:00,보신각,보신각,POI010,KEY_3,보신각,POI010,여유,사람이 몰려있을 가능성이 낮고 붐빔은 거의 느껴지지 않아요. 도보 이동이 자유로워요.,2000,2500,64.2,35.8,0.4,2.9,20.4,21.5,20.7,16.8,10.9,6.4,55.5,44.5,N,2026-07-02 02:15,Y
2026-07-02T02:45:00.199696+09:00,서울 암사동 유적,서울 암사동 유적,POI011,KEY_4,서울 암사동 유적,POI011,여유,사람이 몰려있을 가능성이 낮고 붐빔은 거의 느껴지지 않아요. 도보 이동이 자유로워요.,300,400,50.9,49.1,5.3,8.2,10.2,12.6,15.3,16.6,16.5,15.3,82.2,17.8,N,2026-07-02 02:15,Y
2026-07-02T02:45:00.199696+09:00,창덕궁·종묘,창덕궁·종묘,POI012,KEY_1,창덕궁·종묘,POI012,여유,사람이 몰려있을 가능성이 낮고 붐빔은 거의 느껴지지 않아요. 도보 이동이 자유로워요.,3000,3500,54.9,45.1,0.5,4.2,22.8,16.7,15.3,17.8,13.2,9.6,53.5,46.5,N,2026-07-02 02:15,Y
2026-07-02T02:45:00.199696+09:00,강남 MICE 관광특구,강남 MICE 관광특구,POI001,KEY_2,강남 MICE 관광특구,POI001,여유,사람이 몰려있을 가능성이 낮고 붐빔은 거의 느껴지지 않아요. 도보 이동이 자유로워요.,2000,2500,55.9,44.1,2.1,6.3,12.2,15.8,21.1,19.4,12.5,10.5,72.3,27.7,N,2026-07-02 02:15,Y
2026-07-02T02:45:00.199696+09:00,동대문 관광특구,동대문 관광특구,POI002,KEY_3,동대문 관광특구,POI002,여유,사람이 몰려있을 가능성이 낮고 붐빔은 거의 느껴지지 않아요. 도보 이동이 자유로워요.,18000,20000,50.5,49.5,0.9,2.8,14.3,20.8,22.0,18.4,12.9,7.9,63.0,37.0,N,2026-07-02 02:15,Y
2026-07-02T02:45:00.199696+09:00,명동 관광특구,명동 관광특구,POI003,KEY_4,명동 관광특구,POI003,여유,사람이 몰려있을 가능성이 낮고 붐빔은 거의 느껴지지 않아요. 도보 이동이 자유로워요.,8500,9000,60.8,39.2,0.6,3.3,13.6,19.0,22.1,20.5,13.0,8.0,59.8,40.2,N,2026-07-02 02:15,Y
2026-07-02T02:45:00.199696+09:00,이태원 관광특구,이태원 관광특구,POI004,KEY_1,이태원 관광특구,POI004,여유,사람이 몰려있을 가능성이 낮고 붐빔은 거의 느껴지지 않아요. 도보 이동이 자유로워요.,4000,4500,57.3,42.7,0.5,4.5,30.7,24.0,15.5,10.8,7.4,6.6,38.9,61.1,N,2026-07-02 02:15,Y
2026-07-02T02:45:00.199696+09:00,잠실 관광특구,잠실 관광특구,POI005,KEY_2,잠실 관광특구,POI005,여유,사람이 몰려있을 가능성이 낮고 붐빔은 거의 느껴지지 않아요. 도보 이동이 자유로워요.,16000,18000,50.9,49.1,0.3,5.9,20.9,23.7,19.2,14.4,9.5,6.1,45.4,54.6,N,2026-07-02 02:15,Y
2026-07-02T02:45:00.199696+09:00,종로·청계 관광특구,종로·청계 관광특구,POI006,KEY_3,종로·청계 관광특구,POI006,여유,사람이 몰려있을 가능성이 낮고 붐빔은 거의 느껴지지 않아요. 도보 이동이 자유로워요.,9500,10000,55.5,44.5,0.8,3.1,17.4,18.5,18.8,18.5,13.9,9.0,63.3,36.7,N,2026-07-02 02:15,Y
2026-07-02T02:45:00.199696+09:00,홍대 관광특구,홍대 관광특구,POI007,KEY_4,홍대 관광특구,POI007,여유,사람이 몰려있을 가능성이 낮고 붐빔은 거의 느껴지지 않아요. 도보 이동이 자유로워요.,34000,36000,51.0,49.0,1.1,7.1,31.9,18.6,13.3,11.9,8.5,7.6,63.5,36.5,N,2026-07-02 02:15,Y
2026-07-02T02:45:00.199696+09:00,강서한강공원,강서한강공원,POI085,KEY_1,강서한강공원,POI085,여유,사람이 몰려있을 가능성이 낮고 붐빔은 거의 느껴지지 않아요. 도보 이동이 자유로워요.,0,100,73.2,26.8,0.0,3.7,18.8,23.0,21.3,17.0,15.6,0.6,4.4,95.6,N,2026-07-02 02:15,Y
2026-07-02T02:45:00.199696+09:00,고척돔,고척돔,POI086,KEY_2,고척돔,POI086,여유,사람이 몰려있을 가능성이 낮고 붐빔은 거의 느껴지지 않아요. 도보 이동이 자유로워요.,500,600,44.3,55.7,1.0,7.8,4.5,28.2,21.7,16.3,11.2,9.2,53.6,46.4,N,2026-07-02 02:15,Y
2026-07-02T02:45:00.199696+09:00,광나루한강공원,광나루한강공원,POI087,KEY_3,광나루한강공원,POI087,여유,사람이 몰려있을 가능성이 낮고 붐빔은 거의 느껴지지 않아요. 도보 이동이 자유로워요.,1000,1500,52.3,47.7,0.2,5.0,11.2,19.0,17.9,22.7,13.7,10.4,55.6,44.4,N,2026-07-02 02:15,Y
2026-07-02T02:45:00.199696+09:00,광화문광장,광화문광장,POI088,KEY_4,광화문광장,POI088,여유,사람이 몰려있을 가능성이 낮고 붐빔은 거의 느껴지지 않아요. 도보 이동이 자유로워요.,700,800,57.8,42.2,1.1,4.3,12.2,21.6,21.1,19.7,11.5,8.6,63.0,37.0,N,2026-07-02 02:15,Y
2026-07-02T02:45:00.199696+09:00,국립중앙박물관·용산가족공원,국립중앙박물관·용산가족공원,POI089,KEY_1,국립중앙박물관·용산가족공원,POI089,여유,사람이 몰려있을 가능성이 낮고 붐빔은 거의 느껴지지 않아요. 도보 이동이 자유로워요.,1000,1500,49.6,50.4,4.8,8.2,10.2,12.7,17.4,18.4,15.0,13.2,88.2,11.8,N,2026-07-02 02:15,Y
2026-07-02T02:45:00.199696+09:00,난지한강공원,난지한강공원,POI090,KEY_2,난지한강공원,POI090,여유,사람이 몰려있을 가능성이 낮고 붐빔은 거의 느껴지지 않아요. 도보 이동이 자유로워요.,300,400,65.8,34.2,2.0,3.9,15.6,19.2,25.5,19.2,8.2,6.4,26.2,73.8,N,2026-07-02 02:15,Y
2026-07-02T02:45:00.199696+09:00,남산공원,남산공원,POI091,KEY_3,남산공원,POI091,여유,사람이 몰려있을 가능성이 낮고 붐빔은 거의 느껴지지 않아요. 도보 이동이 자유로워요.,4500,5000,51.3,48.7,0.9,5.7,18.1,18.3,16.1,15.9,13.3,11.6,67.6,32.4,N,2026-07-02 02:15,Y
2026-07-02T02:45:00.199696+09:00,노들섬,노들섬,POI092,KEY_4,노들섬,POI092,여유,사람이 몰려있을 가능성이 낮고 붐빔은 거의 느껴지지 않아요. 도보 이동이 자유로워요.,0,100,62.0,38.0,0.0,1.3,21.9,11.6,11.1,24.4,19.2,10.5,26.9,73.1,N,2026-07-02 02:15,Y
2026-07-02T02:45:00.199696+09:00,뚝섬한강공원,뚝섬한강공원,POI093,KEY_1,뚝섬한강공원,POI093,여유,사람이 몰려있을 가능성이 낮고 붐빔은 거의 느껴지지 않아요. 도보 이동이 자유로워요.,1000,1500,53.0,47.0,1.1,4.5,8.1,18.5,22.7,19.4,13.4,12.3,63.8,36.2,N,2026-07-02 02:15,Y
2026-07-02T02:45:00.199696+09:00,망원한강공원,망원한강공원,POI094,KEY_2,망원한강공원,POI094,여유,사람이 몰려있을 가능성이 낮고 붐빔은 거의 느껴지지 않아요. 도보 이동이 자유로워요.,800,900,50.4,49.6,1.6,5.3,14.3,19.7,18.2,17.3,12.2,11.3,70.9,29.1,N,2026-07-02 02:15,Y
2026-07-02T02:45:00.199696+09:00,반포한강공원,반포한강공원,POI095,KEY_3,반포한강공원,POI095,여유,사람이 몰려있을 가능성이 낮고 붐빔은 거의 느껴지지 않아요. 도보 이동이 자유로워요.,500,600,49.7,50.3,0.9,9.2,21.1,12.0,18.9,19.1,13.3,5.4,28.4,71.6,N,2026-07-02 02:15,Y
2026-07-02T02:45:00.199696+09:00,보라매공원,보라매공원,POI123,KEY_4,보라매공원,POI123,여유,사람이 몰려있을 가능성이 낮고 붐빔은 거의 느껴지지 않아요. 도보 이동이 자유로워요.,1500,2000,46.6,53.4,1.4,7.0,15.1,17.6,16.0,17.3,13.2,12.5,68.1,31.9,N,2026-07-02 02:15,Y
2026-07-02T02:45:00.199696+09:00,북서울꿈의숲,북서울꿈의숲,POI096,KEY_1,북서울꿈의숲,POI096,여유,사람이 몰려있을 가능성이 낮고 붐빔은 거의 느껴지지 않아요. 도보 이동이 자유로워요.,5000,5500,48.5,51.5,0.6,5.9,10.4,14.3,16.7,19.4,17.5,15.3,66.0,34.0,N,2026-07-02 02:15,Y
2026-07-02T02:45:00.199696+09:00,서대문독립공원,서대문독립공원,POI124,KEY_2,서대문독립공원,POI124,여유,사람이 몰려있을 가능성이 낮고 붐빔은 거의 느껴지지 않아요. 도보 이동이 자유로워요.,700,800,48.4,51.6,0.4,11.9,12.4,12.4,17.9,15.7,14.7,14.6,54.6,45.4,N,2026-07-02 02:15,Y
2026-07-02T02:45:00.199696+09:00,서리풀공원·몽마르뜨공원,서리풀공원·몽마르뜨공원,POI098,KEY_3,서리풀공원·몽마르뜨공원,POI098,여유,사람이 몰려있을 가능성이 낮고 붐빔은 거의 느껴지지 않아요. 도보 이동이 자유로워요.,2000,2500,49.0,51.0,0.4,8.3,12.4,16.7,20.4,18.9,11.5,11.4,61.1,38.9,N,2026-07-02 02:15,Y
2026-07-02T02:45:00.199696+09:00,서울대공원,서울대공원,POI100,KEY_4,서울대공원,POI100,여유,사람이 몰려있을 가능성이 낮고 붐빔은 거의 느껴지지 않아요. 도보 이동이 자유로워요.,300,400,53.2,46.8,2.1,9.6,12.5,14.2,17.0,19.7,15.1,9.8,75.5,24.5,N,2026-07-02 02:15,Y
2026-07-02T02:45:00.199696+09:00,서울숲공원,서울숲공원,POI101,KEY_1,서울숲공원,POI101,여유,사람이 몰려있을 가능성이 낮고 붐빔은 거의 느껴지지 않아요. 도보 이동이 자유로워요.,1500,2000,54.7,45.3,1.0,4.6,15.2,18.4,18.8,20.9,13.4,7.7,48.6,51.4,N,2026-07-02 02:15,Y
2026-07-02T02:45:00.199696+09:00,송현녹지광장,송현녹지광장,POI129,KEY_2,송현녹지광장,POI129,여유,사람이 몰려있을 가능성이 낮고 붐빔은 거의 느껴지지 않아요. 도보 이동이 자유로워요.,1000,1500,52.3,47.7,0.8,6.8,13.7,15.2,19.4,17.3,14.1,12.7,76.5,23.5,N,2026-07-02 02:15,Y
2026-07-02T02:45:00.199696+09:00,아차산,아차산,POI102,KEY_3,아차산,POI102,여유,사람이 몰려있을 가능성이 낮고 붐빔은 거의 느껴지지 않아요. 도보 이동이 자유로워요.,3500,4000,50.6,49.4,0.3,6.4,10.1,16.8,19.4,19.0,16.5,11.5,62.3,37.7,N,2026-07-02 02:15,Y
2026-07-02T02:45:00.199696+09:00,안양천,안양천,POI125,KEY_4,안양천,POI125,여유,사람이 몰려있을 가능성이 낮고 붐빔은 거의 느껴지지 않아요. 도보 이동이 자유로워요.,900,1000,51.3,48.7,0.6,10.7,8.7,14.4,20.0,19.9,13.8,11.9,62.2,37.8,N,2026-07-02 02:15,Y
2026-07-02T02:45:00.199696+09:00,양화한강공원,양화한강공원,POI103,KEY_1,양화한강공원,POI103,여유,사람이 몰려있을 가능성이 낮고 붐빔은 거의 느껴지지 않아요. 도보 이동이 자유로워요.,200,300,56.9,43.1,0.7,3.9,14.8,31.0,20.1,14.0,9.3,6.1,54.6,45.4,N,2026-07-02 02:15,Y
2026-07-02T02:45:00.199696+09:00,어린이대공원,어린이대공원,POI104,KEY_2,어린이대공원,POI104,여유,사람이 몰려있을 가능성이 낮고 붐빔은 거의 느껴지지 않아요. 도보 이동이 자유로워요.,2500,3000,49.1,50.9,1.0,6.1,30.7,19.5,13.9,12.5,8.7,7.6,68.8,31.2,N,2026-07-02 02:15,Y
2026-07-02T02:45:00.199696+09:00,여의도한강공원,여의도한강공원,POI105,KEY_3,여의도한강공원,POI105,여유,사람이 몰려있을 가능성이 낮고 붐빔은 거의 느껴지지 않아요. 도보 이동이 자유로워요.,600,700,57.0,43.0,1.9,5.9,15.7,20.5,17.7,17.4,11.6,9.3,53.1,46.9,N,2026-07-02 02:15,Y
2026-07-02T02:45:00.199696+09:00,여의서로,여의서로,POI126,KEY_4,여의서로,POI126,여유,사람이 몰려있을 가능성이 낮고 붐빔은 거의 느껴지지 않아요. 도보 이동이 자유로워요.,200,300,58.4,41.6,1.7,4.4,11.0,25.8,21.1,17.1,12.2,6.8,63.3,36.7,N,2026-07-02 02:15,Y
2026-07-02T02:45:00.199696+09:00,올림픽공원,올림픽공원,POI127,KEY_1,올림픽공원,POI127,여유,사람이 몰려있을 가능성이 낮고 붐빔은 거의 느껴지지 않아요. 도보 이동이 자유로워요.,4000,4500,52.5,47.5,0.6,8.3,14.9,17.9,19.9,17.8,12.6,8.0,50.2,49.8,N,2026-07-02 02:15,Y
2026-07-02T02:45:00.199696+09:00,월드컵공원,월드컵공원,POI106,KEY_2,월드컵공원,POI106,여유,사람이 몰려있을 가능성이 낮고 붐빔은 거의 느껴지지 않아요. 도보 이동이 자유로워요.,2500,3000,51.3,48.7,2.1,5.5,13.8,16.3,20.8,17.9,11.6,11.9,64.0,36.0,N,2026-07-02 02:15,Y
2026-07-02T02:45:00.199696+09:00,응봉산,응봉산,POI107,KEY_3,응봉산,POI107,여유,사람이 몰려있을 가능성이 낮고 붐빔은 거의 느껴지지 않아요. 도보 이동이 자유로워요.,2000,2500,48.4,51.6,0.8,9.1,8.8,13.5,22.5,21.5,13.0,10.9,72.5,27.5,N,2026-07-02 02:15,Y
2026-07-02T02:45:00.199696+09:00,이촌한강공원,이촌한강공원,POI108,KEY_4,이촌한강공원,POI108,여유,사람이 몰려있을 가능성이 낮고 붐빔은 거의 느껴지지 않아요. 도보 이동이 자유로워요.,1000,1500,49.4,50.6,0.4,6.9,12.0,16.7,22.1,16.7,14.2,11.0,53.9,46.1,N,2026-07-02 02:15,Y
2026-07-02T02:45:00.199696+09:00,잠실종합운동장,잠실종합운동장,POI109,KEY_1,잠실종합운동장,POI109,여유,사람이 몰려있을 가능성이 낮고 붐빔은 거의 느껴지지 않아요. 도보 이동이 자유로워요.,1000,1500,51.3,48.7,3.0,12.3,9.2,12.3,25.7,18.8,10.6,8.1,67.5,32.5,N,2026-07-02 02:15,Y
2026-07-02T02:45:00.199696+09:00,잠실한강공원,잠실한강공원,POI110,KEY_2,잠실한강공원,POI110,여유,사람이 몰려있을 가능성이 낮고 붐빔은 거의 느껴지지 않아요. 도보 이동이 자유로워요.,800,900,53.6,46.4,0.2,11.7,13.7,11.0,20.9,21.3,12.5,8.7,40.1,59.9,N,2026-07-02 02:15,Y
2026-07-02T02:45:00.199696+09:00,잠원한강공원,잠원한강공원,POI111,KEY_3,잠원한강공원,POI111,여유,사람이 몰려있을 가능성이 낮고 붐빔은 거의 느껴지지 않아요. 도보 이동이 자유로워요.,500,600,59.0,41.0,0.8,11.3,16.2,15.7,16.0,20.8,11.6,7.6,35.6,64.4,N,2026-07-02 02:15,Y
2026-07-02T02:45:00.199696+09:00,청계산,청계산,POI112,KEY_4,청계산,POI112,여유,사람이 몰려있을 가능성이 낮고 붐빔은 거의 느껴지지 않아요. 도보 이동이 자유로워요.,800,900,49.1,50.9,3.0,6.2,9.8,17.8,16.6,16.7,14.4,15.5,84.5,15.5,N,2026-07-02 02:15,Y
2026-07-02T02:45:00.199696+09:00,홍제폭포,홍제폭포,POI128,KEY_1,홍제폭포,POI128,여유,사람이 몰려있을 가능성이 낮고 붐빔은 거의 느껴지지 않아요. 도보 이동이 자유로워요.,400,500,45.4,54.6,3.3,7.4,13.3,12.1,13.4,17.2,15.7,17.5,88.0,12.0,N,2026-07-02 02:15,Y
2026-07-02T02:45:00.199696+09:00,가락시장,가락시장,POI058,KEY_2,가락시장,POI058,여유,사람이 몰려있을 가능성이 낮고 붐빔은 거의 느껴지지 않아요. 도보 이동이 자유로워요.,7000,7500,77.2,22.8,0.2,2.3,6.7,15.5,26.0,27.4,16.3,5.6,42.9,57.1,N,2026-07-02 02:15,Y
2026-07-02T02:45:00.199696+09:00,가로수길,가로수길,POI059,KEY_3,가로수길,POI059,여유,사람이 몰려있을 가능성이 낮고 붐빔은 거의 느껴지지 않아요. 도보 이동이 자유로워요.,9500,10000,51.1,48.9,2.0,7.4,13.6,16.2,20.7,18.5,10.5,11.1,70.5,29.5,N,2026-07-02 02:15,Y
2026-07-02T02:45:00.199696+09:00,광장(전통)시장,광장(전통)시장,POI060,KEY_4,광장(전통)시장,POI060,여유,사람이 몰려있을 가능성이 낮고 붐빔은 거의 느껴지지 않아요. 도보 이동이 자유로워요.,1000,1500,52.1,47.9,0.7,3.6,18.8,16.6,15.8,17.9,15.2,11.5,67.7,32.3,N,2026-07-02 02:15,Y
2026-07-02T02:45:00.199696+09:00,김포공항,김포공항,POI061,KEY_1,김포공항,POI061,여유,사람이 몰려있을 가능성이 낮고 붐빔은 거의 느껴지지 않아요. 도보 이동이 자유로워요.,600,700,63.0,37.0,0.0,3.9,19.1,23.4,20.2,17.4,10.0,6.0,42.2,57.8,N,2026-07-02 02:15,Y
2026-07-02T02:45:00.199696+09:00,남대문시장,남대문시장,POI115,KEY_2,남대문시장,POI115,여유,사람이 몰려있을 가능성이 낮고 붐빔은 거의 느껴지지 않아요. 도보 이동이 자유로워요.,2000,2500,56.3,43.7,1.0,3.5,11.8,16.0,19.6,20.6,16.4,11.0,69.0,31.0,N,2026-07-02 02:15,Y
2026-07-02T02:45:00.199696+09:00,노량진,노량진,POI063,KEY_3,노량진,POI063,여유,사람이 몰려있을 가능성이 낮고 붐빔은 거의 느껴지지 않아요. 도보 이동이 자유로워요.,10000,12000,55.2,44.8,1.1,4.4,28.3,20.3,12.6,13.3,10.7,9.2,76.2,23.8,N,2026-07-02 02:15,Y
2026-07-02T02:45:00.199696+09:00,덕수궁길·정동길,덕수궁길·정동길,POI064,KEY_4,덕수궁길·정동길,POI064,여유,사람이 몰려있을 가능성이 낮고 붐빔은 거의 느껴지지 않아요. 도보 이동이 자유로워요.,900,1000,47.7,52.3,1.4,12.7,10.1,14.9,18.9,18.2,12.1,11.7,65.3,34.7,N,2026-07-02 02:15,Y
2026-07-02T02:45:00.199696+09:00,북창동 먹자골목,북창동 먹자골목,POI114,KEY_1,북창동 먹자골목,POI114,여유,사람이 몰려있을 가능성이 낮고 붐빔은 거의 느껴지지 않아요. 도보 이동이 자유로워요.,1500,2000,58.7,41.3,0.7,3.1,12.9,18.7,21.3,20.1,13.7,9.4,60.1,39.9,N,2026-07-02 02:15,Y
2026-07-02T02:45:00.199696+09:00,북촌한옥마을,북촌한옥마을,POI066,KEY_2,북촌한옥마을,POI066,여유,사람이 몰려있을 가능성이 낮고 붐빔은 거의 느껴지지 않아요. 도보 이동이 자유로워요.,3500,4000,53.1,46.9,0.7,9.0,14.9,14.3,17.6,16.8,12.9,13.9,76.6,23.4,N,2026-07-02 02:15,Y
2026-07-02T02:45:00.199696+09:00,서촌,서촌,POI067,KEY_3,서촌,POI067,여유,사람이 몰려있을 가능성이 낮고 붐빔은 거의 느껴지지 않아요. 도보 이동이 자유로워요.,8500,9000,45.8,54.2,2.8,9.2,12.0,14.2,16.7,17.5,13.4,14.3,90.4,9.6,N,2026-07-02 02:15,Y
2026-07-02T02:45:00.199696+09:00,성수카페거리,성수카페거리,POI068,KEY_4,성수카페거리,POI068,여유,사람이 몰려있을 가능성이 낮고 붐빔은 거의 느껴지지 않아요. 도보 이동이 자유로워요.,7000,7500,53.0,47.0,1.6,4.5,19.0,18.4,15.6,16.7,13.7,10.4,73.1,26.9,N,2026-07-02 02:15,Y
2026-07-02T02:45:00.199696+09:00,송리단길·호수단길,송리단길·호수단길,POI121,KEY_1,송리단길·호수단길,POI121,여유,사람이 몰려있을 가능성이 낮고 붐빔은 거의 느껴지지 않아요. 도보 이동이 자유로워요.,4500,5000,47.2,52.8,0.1,5.3,16.5,26.9,18.0,14.3,11.0,7.9,69.8,30.2,N,2026-07-02 02:15,Y
2026-07-02T02:45:00.199696+09:00,신촌 스타광장,신촌 스타광장,POI122,KEY_2,신촌 스타광장,POI122,여유,사람이 몰려있을 가능성이 낮고 붐빔은 거의 느껴지지 않아요. 도보 이동이 자유로워요.,1500,2000,47.8,52.2,1.1,5.2,43.4,15.8,9.7,10.3,7.8,6.7,65.8,34.2,N,2026-07-02 02:15,Y
2026-07-02T02:45:00.199696+09:00,압구정로데오거리,압구정로데오거리,POI071,KEY_3,압구정로데오거리,POI071,여유,사람이 몰려있을 가능성이 낮고 붐빔은 거의 느껴지지 않아요. 도보 이동이 자유로워요.,10000,12000,50.4,49.6,3.2,6.6,11.8,15.5,20.0,17.9,12.2,12.8,73.0,27.0,N,2026-07-02 02:15,Y
2026-07-02T02:45:00.199696+09:00,여의도,여의도,POI072,KEY_4,여의도,POI072,여유,사람이 몰려있을 가능성이 낮고 붐빔은 거의 느껴지지 않아요. 도보 이동이 자유로워요.,32000,34000,53.6,46.4,1.9,5.9,11.7,18.1,19.9,18.0,12.7,11.8,74.8,25.2,N,2026-07-02 02:15,Y
2026-07-02T02:45:00.199696+09:00,연남동,연남동,POI073,KEY_1,연남동,POI073,여유,사람이 몰려있을 가능성이 낮고 붐빔은 거의 느껴지지 않아요. 도보 이동이 자유로워요.,6500,7000,47.5,52.5,1.0,5.0,22.7,20.9,16.5,13.3,10.3,10.2,71.8,28.2,N,2026-07-02 02:15,Y
2026-07-02T02:45:00.199696+09:00,영등포 타임스퀘어,영등포 타임스퀘어,POI074,KEY_2,영등포 타임스퀘어,POI074,여유,사람이 몰려있을 가능성이 낮고 붐빔은 거의 느껴지지 않아요. 도보 이동이 자유로워요.,3000,3500,60.5,39.5,0.1,2.0,29.8,27.0,15.7,13.8,7.9,3.8,40.2,59.8,N,2026-07-02 02:15,Y
2026-07-02T02:45:00.199696+09:00,용리단길,용리단길,POI076,KEY_3,용리단길,POI076,여유,사람이 몰려있을 가능성이 낮고 붐빔은 거의 느껴지지 않아요. 도보 이동이 자유로워요.,2500,3000,52.2,47.8,3.3,4.7,17.6,20.8,17.0,16.0,11.7,9.0,85.6,14.4,N,2026-07-02 02:15,Y
2026-07-02T02:45:00.199696+09:00,이태원 앤틱가구거리,이태원 앤틱가구거리,POI077,KEY_4,이태원 앤틱가구거리,POI077,여유,사람이 몰려있을 가능성이 낮고 붐빔은 거의 느껴지지 않아요. 도보 이동이 자유로워요.,3000,3500,53.1,46.9,1.2,5.9,19.3,20.2,15.8,14.3,12.2,11.1,75.0,25.0,N,2026-07-02 02:15,Y
2026-07-02T02:45:00.199696+09:00,익선동,익선동,POI116,KEY_1,익선동,POI116,여유,사람이 몰려있을 가능성이 낮고 붐빔은 거의 느껴지지 않아요. 도보 이동이 자유로워요.,2500,3000,64.3,35.7,0.4,3.7,22.9,18.4,16.1,16.5,12.5,9.7,42.3,57.7,N,2026-07-02 02:15,Y
2026-07-02T02:45:00.199696+09:00,인사동,인사동,POI078,KEY_2,인사동,POI078,여유,사람이 몰려있을 가능성이 낮고 붐빔은 거의 느껴지지 않아요. 도보 이동이 자유로워요.,3500,4000,59.4,40.6,0.5,3.5,17.7,18.9,18.6,17.4,13.1,10.3,59.2,40.8,N,2026-07-02 02:15,Y
2026-07-02T02:45:00.199696+09:00,잠실롯데타워·석촌호수,잠실롯데타워·석촌호수,POI120,KEY_3,잠실롯데타워·석촌호수,POI120,여유,사람이 몰려있을 가능성이 낮고 붐빔은 거의 느껴지지 않아요. 도보 이동이 자유로워요.,12000,14000,50.3,49.7,0.3,5.1,22.9,25.5,18.9,13.3,8.5,5.5,43.9,56.1,N,2026-07-02 02:15,Y
2026-07-02T02:45:00.199696+09:00,창동 신경제 중심지,창동 신경제 중심지,POI079,KEY_4,창동 신경제 중심지,POI079,여유,사람이 몰려있을 가능성이 낮고 붐빔은 거의 느껴지지 않아요. 도보 이동이 자유로워요.,14000,16000,50.9,49.1,0.4,7.7,17.3,17.1,17.4,18.4,12.8,9.0,56.5,43.5,N,2026-07-02 02:15,Y
2026-07-02T02:45:00.199696+09:00,청담동 명품거리,청담동 명품거리,POI080,KEY_1,청담동 명품거리,POI080,여유,사람이 몰려있을 가능성이 낮고 붐빔은 거의 느껴지지 않아요. 도보 이동이 자유로워요.,1500,2000,51.8,48.2,0.0,5.6,14.5,19.4,25.9,18.4,8.6,7.6,48.6,51.4,N,2026-07-02 02:15,Y
2026-07-02T02:45:00.199696+09:00,청량리 제기동 일대 전통시장,청량리 제기동 일대 전통시장,POI081,KEY_2,청량리 제기동 일대 전통시장,POI081,여유,사람이 몰려있을 가능성이 낮고 붐빔은 거의 느껴지지 않아요. 도보 이동이 자유로워요.,6000,6500,52.0,48.0,2.0,4.8,16.2,15.3,13.6,16.7,16.2,15.1,72.8,27.2,N,2026-07-02 02:15,Y
2026-07-02T02:45:00.199696+09:00,해방촌·경리단길,해방촌·경리단길,POI082,KEY_3,해방촌·경리단길,POI082,여유,사람이 몰려있을 가능성이 낮고 붐빔은 거의 느껴지지 않아요. 도보 이동이 자유로워요.,2500,3000,50.3,49.7,0.3,4.3,16.0,20.8,19.6,15.0,12.3,11.6,57.2,42.8,N,2026-07-02 02:15,Y
2026-07-02T02:45:00.199696+09:00,DDP(동대문디자인플라자),DDP(동대문디자인플라자),POI083,KEY_4,DDP(동대문디자인플라자),POI083,여유,사람이 몰려있을 가능성이 낮고 붐빔은 거의 느껴지지 않아요. 도보 이동이 자유로워요.,1500,2000,50.4,49.6,0.8,3.1,13.5,19.3,21.5,19.1,14.4,8.2,62.7,37.3,N,2026-07-02 02:15,Y
2026-07-02T02:45:00.199696+09:00,DMC(디지털미디어시티),DMC(디지털미디어시티),POI084,KEY_1,DMC(디지털미디어시티),POI084,여유,사람이 몰려있을 가능성이 낮고 붐빔은 거의 느껴지지 않아요. 도보 이동이 자유로워요.,14000,16000,49.2,50.8,3.0,8.1,15.8,18.0,17.6,17.2,11.1,9.2,71.5,28.5,N,2026-07-02 02:15,Y
2026-07-02T02:45:00.199696+09:00,가산디지털단지역,가산디지털단지역,POI013,KEY_2,가산디지털단지역,POI013,여유,사람이 몰려있을 가능성이 낮고 붐빔은 거의 느껴지지 않아요. 도보 이동이 자유로워요.,5000,5500,60.1,39.9,0.2,2.9,20.5,26.3,20.6,15.4,9.2,4.9,51.2,48.8,N,2026-07-02 02:15,Y
2026-07-02T02:45:00.199696+09:00,강남역,강남역,POI014,KEY_3,강남역,POI014,여유,사람이 몰려있을 가능성이 낮고 붐빔은 거의 느껴지지 않아요. 도보 이동이 자유로워요.,20000,22000,53.8,46.2,2.3,6.1,18.5,21.9,21.5,15.0,8.1,6.6,67.7,32.3,N,2026-07-02 02:15,Y
2026-07-02T02:45:00.199696+09:00,건대입구역,건대입구역,POI015,KEY_4,건대입구역,POI015,여유,사람이 몰려있을 가능성이 낮고 붐빔은 거의 느껴지지 않아요. 도보 이동이 자유로워요.,14000,16000,48.5,51.5,1.5,6.4,30.3,16.5,12.0,13.4,10.6,9.3,72.2,27.8,N,2026-07-02 02:15,Y
2026-07-02T02:45:00.199696+09:00,고덕역,고덕역,POI016,KEY_1,고덕역,POI016,여유,사람이 몰려있을 가능성이 낮고 붐빔은 거의 느껴지지 않아요. 도보 이동이 자유로워요.,1500,2000,57.8,42.2,1.1,18.2,13.6,11.4,22.2,14.9,10.5,8.0,58.1,41.9,N,2026-07-02 02:15,Y
2026-07-02T02:45:00.199696+09:00,고속터미널역,고속터미널역,POI017,KEY_2,고속터미널역,POI017,여유,사람이 몰려있을 가능성이 낮고 붐빔은 거의 느껴지지 않아요. 도보 이동이 자유로워요.,1500,2000,57.3,42.7,0.2,9.5,9.6,11.7,26.5,21.7,12.6,8.2,45.3,54.7,N,2026-07-02 02:15,Y
2026-07-02T02:45:00.199696+09:00,교대역,교대역,POI018,KEY_3,교대역,POI018,여유,사람이 몰려있을 가능성이 낮고 붐빔은 거의 느껴지지 않아요. 도보 이동이 자유로워요.,6000,6500,51.4,48.6,3.6,8.1,12.5,15.4,20.7,18.2,11.0,10.5,75.7,24.3,N,2026-07-02 02:15,Y
2026-07-02T02:45:00.199696+09:00,구로디지털단지역,구로디지털단지역,POI019,KEY_4,구로디지털단지역,POI019,여유,사람이 몰려있을 가능성이 낮고 붐빔은 거의 느껴지지 않아요. 도보 이동이 자유로워요.,4500,5000,56.8,43.2,0.2,2.9,20.8,27.7,20.7,13.9,7.7,6.0,55.4,44.6,N,2026-07-02 02:15,Y
2026-07-02T02:45:00.199696+09:00,구로역,구로역,POI020,KEY_1,구로역,POI020,여유,사람이 몰려있을 가능성이 낮고 붐빔은 거의 느껴지지 않아요. 도보 이동이 자유로워요.,800,900,52.9,47.1,0.6,5.8,12.1,21.2,17.5,23.8,10.9,8.1,63.0,37.0,N,2026-07-02 02:15,Y
2026-07-02T02:45:00.199696+09:00,군자역,군자역,POI021,KEY_2,군자역,POI021,여유,사람이 몰려있을 가능성이 낮고 붐빔은 거의 느껴지지 않아요. 도보 이동이 자유로워요.,3500,4000,48.5,51.5,0.3,4.6,25.6,23.5,17.3,11.9,9.2,7.7,58.2,41.8,N,2026-07-02 02:15,Y
2026-07-02T02:45:00.199696+09:00,대림역,대림역,POI023,KEY_3,대림역,POI023,약간 붐빔,사람들이 몰려있을 가능성이 크고 붐빈다고 느낄 수 있어요. 인구밀도가 높은 구간에서는 도보 이동시 부딪힘이 발생할 수 있어요.,16000,18000,50.0,50.0,1.9,5.0,11.9,13.8,14.0,20.8,19.0,13.7,88.2,11.8,N,2026-07-02 02:15,Y
2026-07-02T02:45:00.199696+09:00,동대문역,동대문역,POI024,KEY_4,동대문역,POI024,여유,사람이 몰려있을 가능성이 낮고 붐빔은 거의 느껴지지 않아요. 도보 이동이 자유로워요.,1000,1500,58.6,41.4,0.0,1.5,12.8,11.8,18.6,19.4,22.0,13.9,29.8,70.2,N,2026-07-02 02:15,Y
2026-07-02T02:45:00.199696+09:00,뚝섬역,뚝섬역,POI025,KEY_1,뚝섬역,POI025,여유,사람이 몰려있을 가능성이 낮고 붐빔은 거의 느껴지지 않아요. 도보 이동이 자유로워요.,4000,4500,50.6,49.4,1.8,5.2,15.1,20.2,18.2,17.0,13.1,9.4,78.6,21.4,N,2026-07-02 02:15,Y
2026-07-02T02:45:00.199696+09:00,미아사거리역,미아사거리역,POI026,KEY_2,미아사거리역,POI026,여유,사람이 몰려있을 가능성이 낮고 붐빔은 거의 느껴지지 않아요. 도보 이동이 자유로워요.,3500,4000,53.2,46.8,0.3,8.5,19.0,14.5,17.6,18.0,12.5,9.5,42.9,57.1,N,2026-07-02 02:15,Y
2026-07-02T02:45:00.199696+09:00,발산역,발산역,POI027,KEY_3,발산역,POI027,여유,사람이 몰려있을 가능성이 낮고 붐빔은 거의 느껴지지 않아요. 도보 이동이 자유로워요.,4000,4500,50.9,49.1,0.3,4.8,21.6,27.8,17.7,12.0,8.8,7.0,55.4,44.6,N,2026-07-02 02:15,Y
2026-07-02T02:45:00.199696+09:00,사당역,사당역,POI029,KEY_4,사당역,POI029,여유,사람이 몰려있을 가능성이 낮고 붐빔은 거의 느껴지지 않아요. 도보 이동이 자유로워요.,6500,7000,53.2,46.8,0.2,5.1,24.5,23.3,14.9,12.8,10.8,8.4,60.0,40.0,N,2026-07-02 02:15,Y
2026-07-02T02:45:00.199696+09:00,삼각지역,삼각지역,POI030,KEY_1,삼각지역,POI030,여유,사람이 몰려있을 가능성이 낮고 붐빔은 거의 느껴지지 않아요. 도보 이동이 자유로워요.,1000,1500,50.8,49.2,1.7,3.7,17.3,27.1,17.2,14.5,10.6,7.9,72.8,27.2,N,2026-07-02 02:15,Y
2026-07-02T02:45:00.199696+09:00,서울대입구역,서울대입구역,POI031,KEY_2,서울대입구역,POI031,여유,사람이 몰려있을 가능성이 낮고 붐빔은 거의 느껴지지 않아요. 도보 이동이 자유로워요.,6000,6500,52.4,47.6,0.1,4.3,43.7,22.2,10.6,9.7,5.3,4.2,60.1,39.9,N,2026-07-02 02:15,Y
2026-07-02T02:45:00.199696+09:00,서울식물원·마곡나루역,서울식물원·마곡나루역,POI032,KEY_3,서울식물원·마곡나루역,POI032,여유,사람이 몰려있을 가능성이 낮고 붐빔은 거의 느껴지지 않아요. 도보 이동이 자유로워요.,1500,2000,48.5,51.5,3.9,7.0,16.2,21.7,17.0,14.5,10.8,9.0,82.5,17.5,N,2026-07-02 02:15,Y
2026-07-02T02:45:00.199696+09:00,서울역,서울역,POI033,KEY_4,서울역,POI033,여유,사람이 몰려있을 가능성이 낮고 붐빔은 거의 느껴지지 않아요. 도보 이동이 자유로워요.,3500,4000,53.6,46.4,1.4,5.2,12.4,17.3,17.7,19.4,15.1,11.5,73.5,26.5,N,2026-07-02 02:15,Y
2026-07-02T02:45:00.199696+09:00,선릉역,선릉역,POI034,KEY_1,선릉역,POI034,여유,사람이 몰려있을 가능성이 낮고 붐빔은 거의 느껴지지 않아요. 도보 이동이 자유로워요.,18000,20000,51.6,48.4,1.7,7.7,15.4,19.6,23.4,18.0,7.8,6.4,67.7,32.3,N,2026-07-02 02:15,Y
2026-07-02T02:45:00.199696+09:00,성신여대입구역,성신여대입구역,POI035,KEY_2,성신여대입구역,POI035,여유,사람이 몰려있을 가능성이 낮고 붐빔은 거의 느껴지지 않아요. 도보 이동이 자유로워요.,2000,2500,50.4,49.6,0.4,6.5,41.2,16.6,13.2,10.7,5.7,5.6,36.6,63.4,N,2026-07-02 02:15,Y
2026-07-02T02:45:00.199696+09:00,수유역,수유역,POI036,KEY_3,수유역,POI036,여유,사람이 몰려있을 가능성이 낮고 붐빔은 거의 느껴지지 않아요. 도보 이동이 자유로워요.,8000,8500,52.8,47.2,0.2,5.2,25.3,16.5,15.7,16.4,12.4,8.2,48.5,51.5,N,2026-07-02 02:15,Y
2026-07-02T02:45:00.199696+09:00,숭례문,숭례문,POI131,KEY_4,숭례문,POI131,여유,사람이 몰려있을 가능성이 낮고 붐빔은 거의 느껴지지 않아요. 도보 이동이 자유로워요.,1000,1500,59.0,41.0,1.0,3.2,11.9,17.7,21.6,20.5,14.5,9.6,58.4,41.6,N,2026-07-02 02:15,Y
2026-07-02T02:45:00.199696+09:00,시의회 앞,시의회 앞,POI130,KEY_1,시의회 앞,POI130,여유,사람이 몰려있을 가능성이 낮고 붐빔은 거의 느껴지지 않아요. 도보 이동이 자유로워요.,800,900,58.8,41.2,0.7,3.5,15.6,20.8,20.5,20.9,11.3,6.7,47.4,52.6,N,2026-07-02 02:15,Y
2026-07-02T02:45:00.199696+09:00,신논현역·논현역,신논현역·논현역,POI037,KEY_2,신논현역·논현역,POI037,여유,사람이 몰려있을 가능성이 낮고 붐빔은 거의 느껴지지 않아요. 도보 이동이 자유로워요.,5000,5500,52.4,47.6,1.6,4.5,19.4,21.8,21.7,14.7,8.5,7.8,64.5,35.5,N,2026-07-02 02:15,Y
2026-07-02T02:45:00.199696+09:00,신도림역,신도림역,POI038,KEY_3,신도림역,POI038,여유,사람이 몰려있을 가능성이 낮고 붐빔은 거의 느껴지지 않아요. 도보 이동이 자유로워요.,3500,4000,49.6,50.4,4.5,6.6,11.5,18.8,17.0,16.4,13.6,11.5,87.8,12.2,N,2026-07-02 02:15,Y
2026-07-02T02:45:00.199696+09:00,신림역,신림역,POI039,KEY_4,신림역,POI039,여유,사람이 몰려있을 가능성이 낮고 붐빔은 거의 느껴지지 않아요. 도보 이동이 자유로워요.,7000,7500,58.0,42.0,0.0,2.7,40.7,26.9,12.9,9.2,4.3,3.3,50.2,49.8,N,2026-07-02 02:15,Y
2026-07-02T02:45:00.199696+09:00,신정네거리역,신정네거리역,POI117,KEY_1,신정네거리역,POI117,여유,사람이 몰려있을 가능성이 낮고 붐빔은 거의 느껴지지 않아요. 도보 이동이 자유로워요.,700,800,51.7,48.3,1.4,10.4,14.5,16.9,17.3,17.9,10.6,11.0,58.3,41.7,N,2026-07-02 02:15,Y
2026-07-02T02:45:00.199696+09:00,신촌·이대역,신촌·이대역,POI040,KEY_2,신촌·이대역,POI040,여유,사람이 몰려있을 가능성이 낮고 붐빔은 거의 느껴지지 않아요. 도보 이동이 자유로워요.,16000,18000,44.9,55.1,1.2,5.8,44.0,16.5,10.3,9.7,6.8,5.8,64.6,35.4,N,2026-07-02 02:15,Y
2026-07-02T02:45:00.199696+09:00,쌍문역,쌍문역,POI070,KEY_3,쌍문역,POI070,여유,사람이 몰려있을 가능성이 낮고 붐빔은 거의 느껴지지 않아요. 도보 이동이 자유로워요.,4500,5000,48.7,51.3,0.4,5.4,16.5,17.0,16.7,18.3,13.0,12.8,59.9,40.1,N,2026-07-02 02:15,Y
2026-07-02T02:45:00.199696+09:00,양재역,양재역,POI041,KEY_4,양재역,POI041,여유,사람이 몰려있을 가능성이 낮고 붐빔은 거의 느껴지지 않아요. 도보 이동이 자유로워요.,5500,6000,49.9,50.1,2.4,6.7,14.0,20.3,18.4,16.6,11.5,10.0,79.4,20.6,N,2026-07-02 02:15,Y
2026-07-02T02:45:00.199696+09:00,역삼역,역삼역,POI042,KEY_1,역삼역,POI042,여유,사람이 몰려있을 가능성이 낮고 붐빔은 거의 느껴지지 않아요. 도보 이동이 자유로워요.,12000,14000,53.1,46.9,1.6,5.2,16.5,22.6,23.2,16.3,8.1,6.4,67.7,32.3,N,2026-07-02 02:15,Y
2026-07-02T02:45:00.199696+09:00,연신내역,연신내역,POI043,KEY_2,연신내역,POI043,여유,사람이 몰려있을 가능성이 낮고 붐빔은 거의 느껴지지 않아요. 도보 이동이 자유로워요.,3500,4000,54.9,45.1,0.1,3.7,24.8,22.2,14.0,15.5,10.8,8.9,51.5,48.5,N,2026-07-02 02:15,Y
2026-07-02T02:45:00.199696+09:00,오목교역·목동운동장,오목교역·목동운동장,POI044,KEY_3,오목교역·목동운동장,POI044,여유,사람이 몰려있을 가능성이 낮고 붐빔은 거의 느껴지지 않아요. 도보 이동이 자유로워요.,62000,64000,48.5,51.5,6.1,14.5,10.2,9.8,20.3,17.6,11.7,9.8,89.0,11.0,N,2026-07-02 02:15,Y
2026-07-02T02:45:00.199696+09:00,왕십리역,왕십리역,POI045,KEY_4,왕십리역,POI045,여유,사람이 몰려있을 가능성이 낮고 붐빔은 거의 느껴지지 않아요. 도보 이동이 자유로워요.,16000,18000,48.7,51.3,2.7,6.3,24.2,15.9,12.7,14.8,12.0,11.3,85.1,14.9,N,2026-07-02 02:15,Y
2026-07-02T02:45:00.199696+09:00,용산역,용산역,POI046,KEY_1,용산역,POI046,여유,사람이 몰려있을 가능성이 낮고 붐빔은 거의 느껴지지 않아요. 도보 이동이 자유로워요.,3000,3500,53.5,46.5,0.2,3.9,16.1,21.0,20.2,18.4,12.4,7.9,54.0,46.0,N,2026-07-02 02:20,Y
2026-07-02T02:45:00.199696+09:00,이태원역,이태원역,POI047,KEY_2,이태원역,POI047,여유,사람이 몰려있을 가능성이 낮고 붐빔은 거의 느껴지지 않아요. 도보 이동이 자유로워요.,2000,2500,59.8,40.2,0.2,5.5,38.6,23.3,12.3,9.0,5.8,5.3,34.8,65.2,N,2026-07-02 02:20,Y
2026-07-02T02:45:00.199696+09:00,잠실새내역,잠실새내역,POI118,KEY_3,잠실새내역,POI118,여유,사람이 몰려있을 가능성이 낮고 붐빔은 거의 느껴지지 않아요. 도보 이동이 자유로워요.,6500,7000,52.6,47.4,0.4,8.9,17.5,20.3,23.2,15.8,7.8,6.2,53.8,46.2,N,2026-07-02 02:20,Y
2026-07-02T02:45:00.199696+09:00,잠실역,잠실역,POI119,KEY_4,잠실역,POI119,여유,사람이 몰려있을 가능성이 낮고 붐빔은 거의 느껴지지 않아요. 도보 이동이 자유로워요.,2500,3000,55.1,44.9,0.3,4.5,13.8,22.8,23.5,18.5,10.6,6.0,40.1,59.9,N,2026-07-02 02:20,Y
2026-07-02T02:45:00.199696+09:00,장지역,장지역,POI048,KEY_1,장지역,POI048,여유,사람이 몰려있을 가능성이 낮고 붐빔은 거의 느껴지지 않아요. 도보 이동이 자유로워요.,7000,7500,50.4,49.6,2.4,5.3,14.1,23.2,20.2,16.1,10.5,8.1,73.1,26.9,N,2026-07-02 02:20,Y
2026-07-02T02:45:00.199696+09:00,장한평역,장한평역,POI049,KEY_2,장한평역,POI049,여유,사람이 몰려있을 가능성이 낮고 붐빔은 거의 느껴지지 않아요. 도보 이동이 자유로워요.,4500,5000,53.0,47.0,0.2,2.2,18.5,23.9,18.7,16.4,12.0,8.0,53.1,46.9,N,2026-07-02 02:20,Y
2026-07-02T02:45:00.199696+09:00,천호역,천호역,POI050,KEY_3,천호역,POI050,여유,사람이 몰려있을 가능성이 낮고 붐빔은 거의 느껴지지 않아요. 도보 이동이 자유로워요.,3500,4000,49.3,50.7,0.2,4.0,19.7,25.9,19.7,16.3,8.6,5.6,49.3,50.7,N,2026-07-02 02:20,Y
2026-07-02T02:45:00.199696+09:00,총신대입구(이수)역,총신대입구(이수)역,POI051,KEY_4,총신대입구(이수)역,POI051,여유,사람이 몰려있을 가능성이 낮고 붐빔은 거의 느껴지지 않아요. 도보 이동이 자유로워요.,4000,4500,49.4,50.6,0.5,5.3,19.6,21.6,17.0,13.6,11.6,10.8,61.7,38.3,N,2026-07-02 02:20,Y
2026-07-02T02:45:00.199696+09:00,충정로역,충정로역,POI052,KEY_1,충정로역,POI052,여유,사람이 몰려있을 가능성이 낮고 붐빔은 거의 느껴지지 않아요. 도보 이동이 자유로워요.,5000,5500,47.9,52.1,2.3,5.9,13.3,17.6,15.8,16.9,15.0,13.2,86.1,13.9,N,2026-07-02 02:20,Y
2026-07-02T02:45:00.199696+09:00,합정역,합정역,POI053,KEY_2,합정역,POI053,여유,사람이 몰려있을 가능성이 낮고 붐빔은 거의 느껴지지 않아요. 도보 이동이 자유로워요.,5000,5500,47.8,52.2,1.2,4.2,19.4,22.1,16.6,14.8,11.4,10.3,77.1,22.9,N,2026-07-02 02:20,Y
2026-07-02T02:45:00.199696+09:00,혜화역,혜화역,POI054,KEY_3,혜화역,POI054,여유,사람이 몰려있을 가능성이 낮고 붐빔은 거의 느껴지지 않아요. 도보 이동이 자유로워요.,6500,7000,48.6,51.4,1.3,8.0,27.3,15.0,12.2,14.0,11.2,11.0,76.9,23.1,N,2026-07-02 02:20,Y
2026-07-02T02:45:00.199696+09:00,홍대입구역(2호선),홍대입구역(2호선),POI055,KEY_4,홍대입구역(2호선),POI055,여유,사람이 몰려있을 가능성이 낮고 붐빔은 거의 느껴지지 않아요. 도보 이동이 자유로워요.,6500,7000,50.0,50.0,1.3,5.6,25.2,19.0,15.7,14.6,9.9,8.7,70.6,29.4,N,2026-07-02 02:20,Y
2026-07-02T02:45:00.199696+09:00,회기역,회기역,POI056,KEY_1,회기역,POI056,여유,사람이 몰려있을 가능성이 낮고 붐빔은 거의 느껴지지 않아요. 도보 이동이 자유로워요.,6000,6500,49.0,51.0,0.1,7.3,48.4,13.8,9.7,9.7,5.3,5.9,58.9,41.1,N,2026-07-02 02:20,Y
2026-07-02T03:52:26.527168+09:00,경복궁,경복궁,POI008,KEY_1,경복궁,POI008,여유,사람이 몰려있을 가능성이 낮고 붐빔은 거의 느껴지지 않아요. 도보 이동이 자유로워요.,200,300,54.9,45.1,1.0,7.4,12.8,15.6,20.2,18.1,12.4,12.4,69.1,30.9,N,2026-07-02 03:20,Y
2026-07-02T03:52:26.527168+09:00,광화문·덕수궁,광화문·덕수궁,POI009,KEY_2,광화문·덕수궁,POI009,여유,사람이 몰려있을 가능성이 낮고 붐빔은 거의 느껴지지 않아요. 도보 이동이 자유로워요.,3000,3500,58.8,41.2,0.9,3.7,12.4,19.5,22.4,20.7,12.3,8.2,56.1,43.9,N,2026-07-02 03:20,Y
2026-07-02T03:52:26.527168+09:00,보신각,보신각,POI010,KEY_3,보신각,POI010,여유,사람이 몰려있을 가능성이 낮고 붐빔은 거의 느껴지지 않아요. 도보 이동이 자유로워요.,1500,2000,64.1,35.9,0.3,2.8,18.9,20.6,21.5,17.5,11.7,6.7,58.4,41.6,N,2026-07-02 03:20,Y
2026-07-02T03:52:26.527168+09:00,서울 암사동 유적,서울 암사동 유적,POI011,KEY_4,서울 암사동 유적,POI011,여유,사람이 몰려있을 가능성이 낮고 붐빔은 거의 느껴지지 않아요. 도보 이동이 자유로워요.,300,400,51.3,48.7,5.7,7.9,10.1,12.8,15.3,16.5,16.0,15.6,82.5,17.5,N,2026-07-02 03:20,Y
2026-07-02T03:52:26.527168+09:00,창덕궁·종묘,창덕궁·종묘,POI012,KEY_1,창덕궁·종묘,POI012,여유,사람이 몰려있을 가능성이 낮고 붐빔은 거의 느껴지지 않아요. 도보 이동이 자유로워요.,3000,3500,55.5,44.5,0.6,3.6,22.6,16.8,15.0,18.0,13.4,10.1,55.4,44.6,N,2026-07-02 03:20,Y
2026-07-02T03:52:26.527168+09:00,강남 MICE 관광특구,강남 MICE 관광특구,POI001,KEY_2,강남 MICE 관광특구,POI001,여유,사람이 몰려있을 가능성이 낮고 붐빔은 거의 느껴지지 않아요. 도보 이동이 자유로워요.,2000,2500,55.5,44.5,2.1,6.3,11.7,15.8,21.0,19.4,12.9,10.8,73.1,26.9,N,2026-07-02 03:20,Y
2026-07-02T03:52:26.527168+09:00,동대문 관광특구,동대문 관광특구,POI002,KEY_3,동대문 관광특구,POI002,여유,사람이 몰려있을 가능성이 낮고 붐빔은 거의 느껴지지 않아요. 도보 이동이 자유로워요.,16000,18000,50.6,49.4,1.0,2.7,14.5,20.6,21.8,18.4,12.9,8.1,65.2,34.8,N,2026-07-02 03:20,Y
2026-07-02T03:52:26.527168+09:00,명동 관광특구,명동 관광특구,POI003,KEY_4,명동 관광특구,POI003,여유,사람이 몰려있을 가능성이 낮고 붐빔은 거의 느껴지지 않아요. 도보 이동이 자유로워요.,8000,8500,61.0,39.0,0.5,2.9,13.2,18.7,21.9,20.4,14.0,8.5,62.0,38.0,N,2026-07-02 03:20,Y
2026-07-02T03:52:26.527168+09:00,이태원 관광특구,이태원 관광특구,POI004,KEY_1,이태원 관광특구,POI004,여유,사람이 몰려있을 가능성이 낮고 붐빔은 거의 느껴지지 않아요. 도보 이동이 자유로워요.,3500,4000,57.5,42.5,0.3,4.0,27.8,23.6,17.1,11.5,8.6,7.2,44.1,55.9,N,2026-07-02 03:20,Y
2026-07-02T03:52:26.527168+09:00,잠실 관광특구,잠실 관광특구,POI005,KEY_2,잠실 관광특구,POI005,여유,사람이 몰려있을 가능성이 낮고 붐빔은 거의 느껴지지 않아요. 도보 이동이 자유로워요.,16000,18000,51.3,48.7,0.3,5.1,20.2,23.0,19.4,15.5,9.6,6.9,47.9,52.1,N,2026-07-02 03:20,Y
2026-07-02T03:52:26.527168+09:00,종로·청계 관광특구,종로·청계 관광특구,POI006,KEY_3,종로·청계 관광특구,POI006,여유,사람이 몰려있을 가능성이 낮고 붐빔은 거의 느껴지지 않아요. 도보 이동이 자유로워요.,9500,10000,55.5,44.5,0.9,3.1,17.0,18.3,18.9,18.6,14.1,9.2,65.2,34.8,N,2026-07-02 03:20,Y
2026-07-02T03:52:26.527168+09:00,홍대 관광특구,홍대 관광특구,POI007,KEY_4,홍대 관광특구,POI007,여유,사람이 몰려있을 가능성이 낮고 붐빔은 거의 느껴지지 않아요. 도보 이동이 자유로워요.,32000,34000,50.4,49.6,1.1,7.1,30.9,18.9,13.5,12.0,8.7,7.8,65.9,34.1,N,2026-07-02 03:20,Y
2026-07-02T03:52:26.527168+09:00,강서한강공원,강서한강공원,POI085,KEY_1,강서한강공원,POI085,여유,사람이 몰려있을 가능성이 낮고 붐빔은 거의 느껴지지 않아요. 도보 이동이 자유로워요.,0,100,69.7,30.3,0.0,0.1,19.4,21.5,21.3,13.4,21.2,3.1,5.8,94.2,N,2026-07-02 03:20,Y
2026-07-02T03:52:26.527168+09:00,고척돔,고척돔,POI086,KEY_2,고척돔,POI086,여유,사람이 몰려있을 가능성이 낮고 붐빔은 거의 느껴지지 않아요. 도보 이동이 자유로워요.,500,600,46.6,53.4,0.1,3.1,5.2,24.4,24.5,16.2,15.3,11.0,51.7,48.3,N,2026-07-02 03:20,Y
2026-07-02T03:52:26.527168+09:00,광나루한강공원,광나루한강공원,POI087,KEY_3,광나루한강공원,POI087,여유,사람이 몰려있을 가능성이 낮고 붐빔은 거의 느껴지지 않아요. 도보 이동이 자유로워요.,1000,1500,54.8,45.2,0.1,5.3,13.4,16.2,18.3,19.4,15.7,11.6,54.3,45.7,N,2026-07-02 03:20,Y
2026-07-02T03:52:26.527168+09:00,광화문광장,광화문광장,POI088,KEY_4,광화문광장,POI088,여유,사람이 몰려있을 가능성이 낮고 붐빔은 거의 느껴지지 않아요. 도보 이동이 자유로워요.,700,800,57.4,42.6,1.2,4.5,11.8,20.7,21.8,19.6,11.9,8.6,64.6,35.4,N,2026-07-02 03:20,Y
2026-07-02T03:52:26.527168+09:00,국립중앙박물관·용산가족공원,국립중앙박물관·용산가족공원,POI089,KEY_1,국립중앙박물관·용산가족공원,POI089,여유,사람이 몰려있을 가능성이 낮고 붐빔은 거의 느껴지지 않아요. 도보 이동이 자유로워요.,1000,1500,49.0,51.0,4.7,7.6,9.7,13.3,17.1,18.9,15.3,13.5,87.4,12.6,N,2026-07-02 03:20,Y
2026-07-02T03:52:26.527168+09:00,난지한강공원,난지한강공원,POI090,KEY_2,난지한강공원,POI090,여유,사람이 몰려있을 가능성이 낮고 붐빔은 거의 느껴지지 않아요. 도보 이동이 자유로워요.,300,400,68.9,31.1,4.1,4.4,22.0,15.0,18.5,14.1,14.0,7.9,32.7,67.3,N,2026-07-02 03:20,Y
2026-07-02T03:52:26.527168+09:00,남산공원,남산공원,POI091,KEY_3,남산공원,POI091,여유,사람이 몰려있을 가능성이 낮고 붐빔은 거의 느껴지지 않아요. 도보 이동이 자유로워요.,4000,4500,51.6,48.4,0.9,6.3,17.6,17.2,16.2,15.9,14.0,11.9,67.9,32.1,N,2026-07-02 03:20,Y
2026-07-02T03:52:26.527168+09:00,노들섬,노들섬,POI092,KEY_4,노들섬,POI092,여유,사람이 몰려있을 가능성이 낮고 붐빔은 거의 느껴지지 않아요. 도보 이동이 자유로워요.,0,100,65.9,34.1,0.0,1.2,19.2,14.2,11.0,24.7,22.7,7.1,24.3,75.7,N,2026-07-02 03:20,Y
2026-07-02T03:52:26.527168+09:00,뚝섬한강공원,뚝섬한강공원,POI093,KEY_1,뚝섬한강공원,POI093,여유,사람이 몰려있을 가능성이 낮고 붐빔은 거의 느껴지지 않아요. 도보 이동이 자유로워요.,1000,1500,51.2,48.8,0.9,4.4,8.3,16.4,22.3,19.1,16.2,12.4,63.6,36.4,N,2026-07-02 03:20,Y
2026-07-02T03:52:26.527168+09:00,망원한강공원,망원한강공원,POI094,KEY_2,망원한강공원,POI094,여유,사람이 몰려있을 가능성이 낮고 붐빔은 거의 느껴지지 않아요. 도보 이동이 자유로워요.,800,900,51.0,49.0,1.5,5.4,14.6,18.2,17.4,16.8,13.9,12.1,74.1,25.9,N,2026-07-02 03:20,Y
2026-07-02T03:52:26.527168+09:00,반포한강공원,반포한강공원,POI095,KEY_3,반포한강공원,POI095,여유,사람이 몰려있을 가능성이 낮고 붐빔은 거의 느껴지지 않아요. 도보 이동이 자유로워요.,400,500,53.3,46.7,0.4,15.3,15.0,13.8,21.7,14.9,12.8,6.2,32.2,67.8,N,2026-07-02 03:20,Y
2026-07-02T03:52:26.527168+09:00,보라매공원,보라매공원,POI123,KEY_4,보라매공원,POI123,여유,사람이 몰려있을 가능성이 낮고 붐빔은 거의 느껴지지 않아요. 도보 이동이 자유로워요.,1500,2000,49.2,50.8,1.4,7.0,15.5,17.5,16.3,17.2,12.6,12.5,65.8,34.2,N,2026-07-02 03:25,Y
2026-07-02T03:52:26.527168+09:00,북서울꿈의숲,북서울꿈의숲,POI096,KEY_1,북서울꿈의숲,POI096,여유,사람이 몰려있을 가능성이 낮고 붐빔은 거의 느껴지지 않아요. 도보 이동이 자유로워요.,4500,5000,48.2,51.8,0.4,6.8,9.7,14.0,17.3,19.4,16.3,15.9,65.4,34.6,N,2026-07-02 03:25,Y
2026-07-02T03:52:26.527168+09:00,서대문독립공원,서대문독립공원,POI124,KEY_2,서대문독립공원,POI124,여유,사람이 몰려있을 가능성이 낮고 붐빔은 거의 느껴지지 않아요. 도보 이동이 자유로워요.,700,800,49.2,50.8,0.7,8.7,11.5,12.6,18.7,17.5,15.1,15.2,56.9,43.1,N,2026-07-02 03:25,Y
2026-07-02T03:52:26.527168+09:00,서리풀공원·몽마르뜨공원,서리풀공원·몽마르뜨공원,POI098,KEY_3,서리풀공원·몽마르뜨공원,POI098,여유,사람이 몰려있을 가능성이 낮고 붐빔은 거의 느껴지지 않아요. 도보 이동이 자유로워요.,2000,2500,50.3,49.7,0.2,8.1,12.4,16.6,21.0,18.6,11.7,11.4,62.4,37.6,N,2026-07-02 03:25,Y
2026-07-02T03:52:26.527168+09:00,서울대공원,서울대공원,POI100,KEY_4,서울대공원,POI100,여유,사람이 몰려있을 가능성이 낮고 붐빔은 거의 느껴지지 않아요. 도보 이동이 자유로워요.,400,500,53.6,46.4,1.6,9.6,10.4,14.0,18.3,19.6,16.3,10.1,74.9,25.1,N,2026-07-02 03:25,Y
2026-07-02T03:52:26.527168+09:00,서울숲공원,서울숲공원,POI101,KEY_1,서울숲공원,POI101,여유,사람이 몰려있을 가능성이 낮고 붐빔은 거의 느껴지지 않아요. 도보 이동이 자유로워요.,1500,2000,55.8,44.2,1.2,4.7,12.7,19.2,21.1,18.5,14.2,8.4,53.2,46.8,N,2026-07-02 03:25,Y
2026-07-02T03:52:26.527168+09:00,송현녹지광장,송현녹지광장,POI129,KEY_2,송현녹지광장,POI129,여유,사람이 몰려있을 가능성이 낮고 붐빔은 거의 느껴지지 않아요. 도보 이동이 자유로워요.,1000,1500,51.7,48.3,0.8,6.7,13.5,15.2,19.0,17.7,14.2,13.1,76.6,23.4,N,2026-07-02 03:25,Y
2026-07-02T03:52:26.527168+09:00,아차산,아차산,POI102,KEY_3,아차산,POI102,여유,사람이 몰려있을 가능성이 낮고 붐빔은 거의 느껴지지 않아요. 도보 이동이 자유로워요.,3500,4000,50.3,49.7,0.2,7.2,10.1,15.7,19.4,19.5,15.9,11.9,64.1,35.9,N,2026-07-02 03:25,Y
2026-07-02T03:52:26.527168+09:00,안양천,안양천,POI125,KEY_4,안양천,POI125,여유,사람이 몰려있을 가능성이 낮고 붐빔은 거의 느껴지지 않아요. 도보 이동이 자유로워요.,800,900,52.5,47.5,0.6,11.7,8.8,13.2,22.1,18.6,14.5,10.4,60.4,39.6,N,2026-07-02 03:25,Y
2026-07-02T03:52:26.527168+09:00,양화한강공원,양화한강공원,POI103,KEY_1,양화한강공원,POI103,여유,사람이 몰려있을 가능성이 낮고 붐빔은 거의 느껴지지 않아요. 도보 이동이 자유로워요.,200,300,54.0,46.0,0.4,3.5,14.2,27.8,20.2,16.0,11.6,6.2,57.2,42.8,N,2026-07-02 03:25,Y
2026-07-02T03:52:26.527168+09:00,어린이대공원,어린이대공원,POI104,KEY_2,어린이대공원,POI104,여유,사람이 몰려있을 가능성이 낮고 붐빔은 거의 느껴지지 않아요. 도보 이동이 자유로워요.,2000,2500,51.4,48.6,1.0,6.5,29.2,18.4,15.1,13.0,8.6,8.0,69.5,30.5,N,2026-07-02 03:25,Y
2026-07-02T03:52:26.527168+09:00,여의도한강공원,여의도한강공원,POI105,KEY_3,여의도한강공원,POI105,여유,사람이 몰려있을 가능성이 낮고 붐빔은 거의 느껴지지 않아요. 도보 이동이 자유로워요.,500,600,54.6,45.4,1.7,6.2,13.3,18.5,19.0,15.5,13.7,12.1,57.7,42.3,N,2026-07-02 03:25,Y
2026-07-02T03:52:26.527168+09:00,여의서로,여의서로,POI126,KEY_4,여의서로,POI126,여유,사람이 몰려있을 가능성이 낮고 붐빔은 거의 느껴지지 않아요. 도보 이동이 자유로워요.,200,300,54.7,45.3,1.6,4.2,15.8,24.5,18.5,15.3,15.1,5.0,61.5,38.5,N,2026-07-02 03:25,Y
2026-07-02T03:52:26.527168+09:00,올림픽공원,올림픽공원,POI127,KEY_1,올림픽공원,POI127,여유,사람이 몰려있을 가능성이 낮고 붐빔은 거의 느껴지지 않아요. 도보 이동이 자유로워요.,4000,4500,52.2,47.8,0.7,8.0,13.5,17.2,21.1,18.8,12.1,8.7,52.0,48.0,N,2026-07-02 03:25,Y
2026-07-02T03:52:26.527168+09:00,월드컵공원,월드컵공원,POI106,KEY_2,월드컵공원,POI106,여유,사람이 몰려있을 가능성이 낮고 붐빔은 거의 느껴지지 않아요. 도보 이동이 자유로워요.,2500,3000,52.0,48.0,2.0,5.9,13.7,15.9,18.2,20.0,12.5,11.8,66.3,33.7,N,2026-07-02 03:25,Y
2026-07-02T03:52:26.527168+09:00,응봉산,응봉산,POI107,KEY_3,응봉산,POI107,여유,사람이 몰려있을 가능성이 낮고 붐빔은 거의 느껴지지 않아요. 도보 이동이 자유로워요.,2000,2500,49.4,50.6,1.0,8.7,8.2,13.8,23.3,20.2,13.9,10.9,74.0,26.0,N,2026-07-02 03:25,Y
2026-07-02T03:52:26.527168+09:00,이촌한강공원,이촌한강공원,POI108,KEY_4,이촌한강공원,POI108,여유,사람이 몰려있을 가능성이 낮고 붐빔은 거의 느껴지지 않아요. 도보 이동이 자유로워요.,1000,1500,50.0,50.0,0.3,8.2,10.8,15.6,20.6,18.1,14.9,11.4,60.4,39.6,N,2026-07-02 03:25,Y
2026-07-02T03:52:26.527168+09:00,잠실종합운동장,잠실종합운동장,POI109,KEY_1,잠실종합운동장,POI109,여유,사람이 몰려있을 가능성이 낮고 붐빔은 거의 느껴지지 않아요. 도보 이동이 자유로워요.,1000,1500,52.2,47.8,3.2,10.9,9.3,13.1,25.2,19.1,11.1,8.2,68.0,32.0,N,2026-07-02 03:25,Y
2026-07-02T03:52:26.527168+09:00,잠실한강공원,잠실한강공원,POI110,KEY_2,잠실한강공원,POI110,여유,사람이 몰려있을 가능성이 낮고 붐빔은 거의 느껴지지 않아요. 도보 이동이 자유로워요.,700,800,54.1,45.9,0.7,10.7,11.3,11.4,21.5,23.1,12.0,9.2,45.3,54.7,N,2026-07-02 03:25,Y
2026-07-02T03:52:26.527168+09:00,잠원한강공원,잠원한강공원,POI111,KEY_3,잠원한강공원,POI111,여유,사람이 몰려있을 가능성이 낮고 붐빔은 거의 느껴지지 않아요. 도보 이동이 자유로워요.,400,500,58.6,41.4,0.5,9.4,13.9,10.6,23.4,19.1,12.2,11.0,41.1,58.9,N,2026-07-02 03:25,Y
2026-07-02T03:52:26.527168+09:00,청계산,청계산,POI112,KEY_4,청계산,POI112,여유,사람이 몰려있을 가능성이 낮고 붐빔은 거의 느껴지지 않아요. 도보 이동이 자유로워요.,800,900,48.7,51.3,2.9,6.0,9.7,17.5,17.2,16.5,14.5,15.7,85.7,14.3,N,2026-07-02 03:25,Y
2026-07-02T03:52:26.527168+09:00,홍제폭포,홍제폭포,POI128,KEY_1,홍제폭포,POI128,여유,사람이 몰려있을 가능성이 낮고 붐빔은 거의 느껴지지 않아요. 도보 이동이 자유로워요.,400,500,45.4,54.6,3.5,7.4,13.3,12.1,13.4,17.2,15.6,17.5,88.8,11.2,N,2026-07-02 03:25,Y
2026-07-02T03:52:26.527168+09:00,가락시장,가락시장,POI058,KEY_2,가락시장,POI058,여유,사람이 몰려있을 가능성이 낮고 붐빔은 거의 느껴지지 않아요. 도보 이동이 자유로워요.,7000,7500,77.3,22.7,0.2,2.4,6.2,15.0,27.1,25.5,17.5,6.2,43.8,56.2,N,2026-07-02 03:25,Y
2026-07-02T03:52:26.527168+09:00,가로수길,가로수길,POI059,KEY_3,가로수길,POI059,여유,사람이 몰려있을 가능성이 낮고 붐빔은 거의 느껴지지 않아요. 도보 이동이 자유로워요.,9000,9500,51.2,48.8,2.1,7.4,13.1,15.4,20.8,18.2,11.1,11.8,73.5,26.5,N,2026-07-02 03:25,Y
2026-07-02T03:52:26.527168+09:00,광장(전통)시장,광장(전통)시장,POI060,KEY_4,광장(전통)시장,POI060,여유,사람이 몰려있을 가능성이 낮고 붐빔은 거의 느껴지지 않아요. 도보 이동이 자유로워요.,900,1000,52.5,47.5,0.8,3.5,20.3,16.8,15.2,17.2,15.1,11.3,68.7,31.3,N,2026-07-02 03:25,Y
2026-07-02T03:52:26.527168+09:00,김포공항,김포공항,POI061,KEY_1,김포공항,POI061,여유,사람이 몰려있을 가능성이 낮고 붐빔은 거의 느껴지지 않아요. 도보 이동이 자유로워요.,600,700,62.4,37.6,0.0,1.9,20.3,20.1,20.8,19.5,10.0,7.2,40.4,59.6,N,2026-07-02 03:25,Y
2026-07-02T03:52:26.527168+09:00,남대문시장,남대문시장,POI115,KEY_2,남대문시장,POI115,여유,사람이 몰려있을 가능성이 낮고 붐빔은 거의 느껴지지 않아요. 도보 이동이 자유로워요.,2000,2500,56.4,43.6,0.8,3.3,11.5,15.8,18.8,20.4,17.2,12.1,71.7,28.3,N,2026-07-02 03:25,Y
2026-07-02T03:52:26.527168+09:00,노량진,노량진,POI063,KEY_3,노량진,POI063,여유,사람이 몰려있을 가능성이 낮고 붐빔은 거의 느껴지지 않아요. 도보 이동이 자유로워요.,10000,12000,55.1,44.9,1.1,4.4,27.5,20.8,12.7,13.4,11.0,9.1,77.4,22.6,N,2026-07-02 03:25,Y
2026-07-02T03:52:26.527168+09:00,덕수궁길·정동길,덕수궁길·정동길,POI064,KEY_4,덕수궁길·정동길,POI064,여유,사람이 몰려있을 가능성이 낮고 붐빔은 거의 느껴지지 않아요. 도보 이동이 자유로워요.,800,900,46.9,53.1,1.5,13.4,10.3,15.7,17.7,17.8,12.1,11.5,65.7,34.3,N,2026-07-02 03:25,Y
2026-07-02T03:52:26.527168+09:00,북창동 먹자골목,북창동 먹자골목,POI114,KEY_1,북창동 먹자골목,POI114,여유,사람이 몰려있을 가능성이 낮고 붐빔은 거의 느껴지지 않아요. 도보 이동이 자유로워요.,1500,2000,58.6,41.4,0.7,3.1,13.6,18.6,19.2,20.2,14.7,10.1,63.3,36.7,N,2026-07-02 03:25,Y
2026-07-02T03:52:26.527168+09:00,북촌한옥마을,북촌한옥마을,POI066,KEY_2,북촌한옥마을,POI066,여유,사람이 몰려있을 가능성이 낮고 붐빔은 거의 느껴지지 않아요. 도보 이동이 자유로워요.,3500,4000,51.9,48.1,0.7,8.9,13.8,14.6,17.4,17.3,13.0,14.3,77.1,22.9,N,2026-07-02 03:25,Y
2026-07-02T03:52:26.527168+09:00,서촌,서촌,POI067,KEY_3,서촌,POI067,여유,사람이 몰려있을 가능성이 낮고 붐빔은 거의 느껴지지 않아요. 도보 이동이 자유로워요.,8500,9000,45.6,54.4,2.6,9.3,11.9,14.3,16.8,17.5,13.4,14.2,90.8,9.2,N,2026-07-02 03:25,Y
2026-07-02T03:52:26.527168+09:00,성수카페거리,성수카페거리,POI068,KEY_4,성수카페거리,POI068,여유,사람이 몰려있을 가능성이 낮고 붐빔은 거의 느껴지지 않아요. 도보 이동이 자유로워요.,7000,7500,52.2,47.8,1.6,4.6,18.8,18.7,14.7,17.6,13.6,10.4,74.3,25.7,N,2026-07-02 03:25,Y
2026-07-02T03:52:26.527168+09:00,송리단길·호수단길,송리단길·호수단길,POI121,KEY_1,송리단길·호수단길,POI121,여유,사람이 몰려있을 가능성이 낮고 붐빔은 거의 느껴지지 않아요. 도보 이동이 자유로워요.,4000,4500,49.4,50.6,0.2,4.5,16.7,25.4,18.5,14.7,11.8,8.2,71.8,28.2,N,2026-07-02 03:25,Y
2026-07-02T03:52:26.527168+09:00,신촌 스타광장,신촌 스타광장,POI122,KEY_2,신촌 스타광장,POI122,여유,사람이 몰려있을 가능성이 낮고 붐빔은 거의 느껴지지 않아요. 도보 이동이 자유로워요.,1500,2000,49.1,50.9,1.2,5.0,42.6,16.0,9.9,10.5,7.8,6.9,67.3,32.7,N,2026-07-02 03:25,Y
2026-07-02T03:52:26.527168+09:00,압구정로데오거리,압구정로데오거리,POI071,KEY_3,압구정로데오거리,POI071,여유,사람이 몰려있을 가능성이 낮고 붐빔은 거의 느껴지지 않아요. 도보 이동이 자유로워요.,10000,12000,49.5,50.5,3.3,6.9,10.9,14.6,19.3,18.6,12.9,13.5,77.5,22.5,N,2026-07-02 03:25,Y
2026-07-02T03:52:26.527168+09:00,여의도,여의도,POI072,KEY_4,여의도,POI072,여유,사람이 몰려있을 가능성이 낮고 붐빔은 거의 느껴지지 않아요. 도보 이동이 자유로워요.,30000,32000,53.5,46.5,1.9,5.8,11.6,17.6,20.0,18.2,12.9,12.0,75.6,24.4,N,2026-07-02 03:25,Y
2026-07-02T03:52:26.527168+09:00,연남동,연남동,POI073,KEY_1,연남동,POI073,여유,사람이 몰려있을 가능성이 낮고 붐빔은 거의 느껴지지 않아요. 도보 이동이 자유로워요.,6000,6500,47.4,52.6,1.1,5.5,23.0,20.9,15.6,13.8,10.0,10.2,73.7,26.3,N,2026-07-02 03:25,Y
2026-07-02T03:52:26.527168+09:00,영등포 타임스퀘어,영등포 타임스퀘어,POI074,KEY_2,영등포 타임스퀘어,POI074,여유,사람이 몰려있을 가능성이 낮고 붐빔은 거의 느껴지지 않아요. 도보 이동이 자유로워요.,3000,3500,60.3,39.7,0.1,2.0,27.5,28.5,16.1,14.0,8.2,3.7,42.0,58.0,N,2026-07-02 03:25,Y
2026-07-02T03:52:26.527168+09:00,용리단길,용리단길,POI076,KEY_3,용리단길,POI076,여유,사람이 몰려있을 가능성이 낮고 붐빔은 거의 느껴지지 않아요. 도보 이동이 자유로워요.,2500,3000,50.2,49.8,3.3,5.0,14.9,21.4,17.8,16.3,12.2,9.2,86.4,13.6,N,2026-07-02 03:25,Y
2026-07-02T03:52:26.527168+09:00,이태원 앤틱가구거리,이태원 앤틱가구거리,POI077,KEY_4,이태원 앤틱가구거리,POI077,여유,사람이 몰려있을 가능성이 낮고 붐빔은 거의 느껴지지 않아요. 도보 이동이 자유로워요.,2500,3000,51.8,48.2,1.4,5.5,18.0,19.7,16.4,14.5,12.4,12.0,78.4,21.6,N,2026-07-02 03:25,Y
2026-07-02T03:52:26.527168+09:00,익선동,익선동,POI116,KEY_1,익선동,POI116,여유,사람이 몰려있을 가능성이 낮고 붐빔은 거의 느껴지지 않아요. 도보 이동이 자유로워요.,2500,3000,64.1,35.9,0.4,3.8,21.5,18.7,16.0,16.3,12.6,10.7,45.3,54.7,N,2026-07-02 03:25,Y
2026-07-02T03:52:26.527168+09:00,인사동,인사동,POI078,KEY_2,인사동,POI078,여유,사람이 몰려있을 가능성이 낮고 붐빔은 거의 느껴지지 않아요. 도보 이동이 자유로워요.,3500,4000,59.0,41.0,0.5,3.6,16.7,18.8,18.4,17.8,13.8,10.4,61.2,38.8,N,2026-07-02 03:25,Y
2026-07-02T03:52:26.527168+09:00,잠실롯데타워·석촌호수,잠실롯데타워·석촌호수,POI120,KEY_3,잠실롯데타워·석촌호수,POI120,여유,사람이 몰려있을 가능성이 낮고 붐빔은 거의 느껴지지 않아요. 도보 이동이 자유로워요.,12000,14000,50.2,49.8,0.3,5.4,21.5,25.1,18.9,14.1,8.7,6.1,46.1,53.9,N,2026-07-02 03:25,Y
2026-07-02T03:52:26.527168+09:00,창동 신경제 중심지,창동 신경제 중심지,POI079,KEY_4,창동 신경제 중심지,POI079,여유,사람이 몰려있을 가능성이 낮고 붐빔은 거의 느껴지지 않아요. 도보 이동이 자유로워요.,14000,16000,51.6,48.4,0.6,7.9,16.5,17.9,17.4,18.5,12.4,8.9,58.7,41.3,N,2026-07-02 03:25,Y
2026-07-02T03:52:26.527168+09:00,청담동 명품거리,청담동 명품거리,POI080,KEY_1,청담동 명품거리,POI080,여유,사람이 몰려있을 가능성이 낮고 붐빔은 거의 느껴지지 않아요. 도보 이동이 자유로워요.,1000,1500,51.7,48.3,0.0,5.8,16.6,20.8,21.3,18.7,9.2,7.6,51.9,48.1,N,2026-07-02 03:25,Y
2026-07-02T03:52:26.527168+09:00,청량리 제기동 일대 전통시장,청량리 제기동 일대 전통시장,POI081,KEY_2,청량리 제기동 일대 전통시장,POI081,여유,사람이 몰려있을 가능성이 낮고 붐빔은 거의 느껴지지 않아요. 도보 이동이 자유로워요.,6000,6500,52.5,47.5,2.0,4.4,17.1,14.5,13.4,16.1,17.2,15.4,73.2,26.8,N,2026-07-02 03:25,Y
2026-07-02T03:52:26.527168+09:00,해방촌·경리단길,해방촌·경리단길,POI082,KEY_3,해방촌·경리단길,POI082,여유,사람이 몰려있을 가능성이 낮고 붐빔은 거의 느껴지지 않아요. 도보 이동이 자유로워요.,2500,3000,51.0,49.0,0.2,3.5,15.1,20.7,20.1,16.7,12.2,11.5,58.1,41.9,N,2026-07-02 03:25,Y
2026-07-02T03:52:26.527168+09:00,DDP(동대문디자인플라자),DDP(동대문디자인플라자),POI083,KEY_4,DDP(동대문디자인플라자),POI083,여유,사람이 몰려있을 가능성이 낮고 붐빔은 거의 느껴지지 않아요. 도보 이동이 자유로워요.,1500,2000,50.5,49.5,0.9,3.0,13.5,19.2,20.0,19.7,15.0,8.7,66.7,33.3,N,2026-07-02 03:25,Y
2026-07-02T03:52:26.527168+09:00,DMC(디지털미디어시티),DMC(디지털미디어시티),POI084,KEY_1,DMC(디지털미디어시티),POI084,여유,사람이 몰려있을 가능성이 낮고 붐빔은 거의 느껴지지 않아요. 도보 이동이 자유로워요.,12000,14000,48.7,51.3,3.1,8.0,15.6,17.6,17.2,17.7,11.4,9.3,72.5,27.5,N,2026-07-02 03:25,Y
2026-07-02T03:52:26.527168+09:00,가산디지털단지역,가산디지털단지역,POI013,KEY_2,가산디지털단지역,POI013,여유,사람이 몰려있을 가능성이 낮고 붐빔은 거의 느껴지지 않아요. 도보 이동이 자유로워요.,5000,5500,58.8,41.2,0.2,2.9,21.2,24.7,19.6,16.3,10.4,4.7,52.9,47.1,N,2026-07-02 03:25,Y
2026-07-02T03:52:26.527168+09:00,강남역,강남역,POI014,KEY_3,강남역,POI014,여유,사람이 몰려있을 가능성이 낮고 붐빔은 거의 느껴지지 않아요. 도보 이동이 자유로워요.,20000,22000,53.2,46.8,2.4,6.1,17.9,21.7,21.6,15.0,8.3,7.0,70.9,29.1,N,2026-07-02 03:25,Y
2026-07-02T03:52:26.527168+09:00,건대입구역,건대입구역,POI015,KEY_4,건대입구역,POI015,여유,사람이 몰려있을 가능성이 낮고 붐빔은 거의 느껴지지 않아요. 도보 이동이 자유로워요.,14000,16000,48.5,51.5,1.6,6.2,29.0,16.8,12.3,13.7,11.0,9.4,75.2,24.8,N,2026-07-02 03:25,Y
2026-07-02T03:52:26.527168+09:00,고덕역,고덕역,POI016,KEY_1,고덕역,POI016,여유,사람이 몰려있을 가능성이 낮고 붐빔은 거의 느껴지지 않아요. 도보 이동이 자유로워요.,1000,1500,56.9,43.1,0.7,19.2,13.0,11.9,19.8,17.1,10.6,7.7,58.6,41.4,N,2026-07-02 03:25,Y
2026-07-02T03:52:26.527168+09:00,고속터미널역,고속터미널역,POI017,KEY_2,고속터미널역,POI017,여유,사람이 몰려있을 가능성이 낮고 붐빔은 거의 느껴지지 않아요. 도보 이동이 자유로워요.,1000,1500,57.1,42.9,0.4,8.9,8.6,12.0,25.9,23.8,12.7,7.7,46.2,53.8,N,2026-07-02 03:25,Y
2026-07-02T03:52:26.527168+09:00,교대역,교대역,POI018,KEY_3,교대역,POI018,여유,사람이 몰려있을 가능성이 낮고 붐빔은 거의 느껴지지 않아요. 도보 이동이 자유로워요.,5500,6000,50.2,49.8,3.8,7.6,12.9,15.3,20.4,17.6,11.6,10.8,77.3,22.7,N,2026-07-02 03:25,Y
2026-07-02T03:52:26.527168+09:00,구로디지털단지역,구로디지털단지역,POI019,KEY_4,구로디지털단지역,POI019,여유,사람이 몰려있을 가능성이 낮고 붐빔은 거의 느껴지지 않아요. 도보 이동이 자유로워요.,4000,4500,58.2,41.8,0.2,2.6,21.2,27.4,20.1,14.3,8.1,6.1,56.7,43.3,N,2026-07-02 03:25,Y
2026-07-02T03:52:26.527168+09:00,구로역,구로역,POI020,KEY_1,구로역,POI020,여유,사람이 몰려있을 가능성이 낮고 붐빔은 거의 느껴지지 않아요. 도보 이동이 자유로워요.,700,800,53.2,46.8,0.2,4.1,13.2,24.4,17.7,23.0,8.3,8.8,63.9,36.1,N,2026-07-02 03:25,Y
2026-07-02T03:52:26.527168+09:00,군자역,군자역,POI021,KEY_2,군자역,POI021,여유,사람이 몰려있을 가능성이 낮고 붐빔은 거의 느껴지지 않아요. 도보 이동이 자유로워요.,3500,4000,50.1,49.9,0.2,4.8,24.4,24.1,16.9,13.4,8.4,7.8,61.1,38.9,N,2026-07-02 03:25,Y
2026-07-02T03:52:26.527168+09:00,대림역,대림역,POI023,KEY_3,대림역,POI023,약간 붐빔,사람들이 몰려있을 가능성이 크고 붐빈다고 느낄 수 있어요. 인구밀도가 높은 구간에서는 도보 이동시 부딪힘이 발생할 수 있어요.,18000,20000,49.9,50.1,1.9,5.0,11.9,13.9,13.9,20.5,19.1,13.8,88.3,11.7,N,2026-07-02 03:25,Y
2026-07-02T03:52:26.527168+09:00,동대문역,동대문역,POI024,KEY_4,동대문역,POI024,여유,사람이 몰려있을 가능성이 낮고 붐빔은 거의 느껴지지 않아요. 도보 이동이 자유로워요.,1000,1500,56.6,43.4,0.0,1.2,12.8,11.3,19.2,20.5,21.9,13.0,30.5,69.5,N,2026-07-02 03:25,Y
2026-07-02T03:52:26.527168+09:00,뚝섬역,뚝섬역,POI025,KEY_1,뚝섬역,POI025,여유,사람이 몰려있을 가능성이 낮고 붐빔은 거의 느껴지지 않아요. 도보 이동이 자유로워요.,4000,4500,52.3,47.7,1.9,5.6,14.9,20.6,18.2,16.3,12.6,10.0,79.2,20.8,N,2026-07-02 03:25,Y
2026-07-02T03:52:26.527168+09:00,미아사거리역,미아사거리역,POI026,KEY_2,미아사거리역,POI026,여유,사람이 몰려있을 가능성이 낮고 붐빔은 거의 느껴지지 않아요. 도보 이동이 자유로워요.,3000,3500,53.8,46.2,0.5,7.0,18.3,14.4,16.2,21.0,11.9,10.6,47.6,52.4,N,2026-07-02 03:25,Y
2026-07-02T03:52:26.527168+09:00,발산역,발산역,POI027,KEY_3,발산역,POI027,여유,사람이 몰려있을 가능성이 낮고 붐빔은 거의 느껴지지 않아요. 도보 이동이 자유로워요.,4000,4500,50.2,49.8,0.7,4.9,21.6,27.8,16.9,12.3,9.2,6.6,56.9,43.1,N,2026-07-02 03:25,Y
2026-07-02T03:52:26.527168+09:00,사당역,사당역,POI029,KEY_4,사당역,POI029,여유,사람이 몰려있을 가능성이 낮고 붐빔은 거의 느껴지지 않아요. 도보 이동이 자유로워요.,6000,6500,52.0,48.0,0.1,4.0,23.7,23.2,15.5,13.8,11.2,8.4,64.2,35.8,N,2026-07-02 03:25,Y
2026-07-02T03:52:26.527168+09:00,삼각지역,삼각지역,POI030,KEY_1,삼각지역,POI030,여유,사람이 몰려있을 가능성이 낮고 붐빔은 거의 느껴지지 않아요. 도보 이동이 자유로워요.,900,1000,50.4,49.6,1.9,3.4,16.8,27.2,17.4,14.1,11.0,8.2,76.8,23.2,N,2026-07-02 03:25,Y
2026-07-02T03:52:26.527168+09:00,서울대입구역,서울대입구역,POI031,KEY_2,서울대입구역,POI031,여유,사람이 몰려있을 가능성이 낮고 붐빔은 거의 느껴지지 않아요. 도보 이동이 자유로워요.,5500,6000,50.6,49.4,0.1,3.5,43.3,22.5,11.0,9.6,5.7,4.3,62.7,37.3,N,2026-07-02 03:25,Y
2026-07-02T03:52:26.527168+09:00,서울식물원·마곡나루역,서울식물원·마곡나루역,POI032,KEY_3,서울식물원·마곡나루역,POI032,여유,사람이 몰려있을 가능성이 낮고 붐빔은 거의 느껴지지 않아요. 도보 이동이 자유로워요.,1500,2000,48.9,51.1,3.8,7.0,16.5,22.2,16.3,14.6,10.7,8.9,83.7,16.3,N,2026-07-02 03:25,Y
2026-07-02T03:52:26.527168+09:00,서울역,서울역,POI033,KEY_4,서울역,POI033,여유,사람이 몰려있을 가능성이 낮고 붐빔은 거의 느껴지지 않아요. 도보 이동이 자유로워요.,3500,4000,54.3,45.7,1.3,4.5,13.0,16.9,17.7,20.1,15.1,11.4,73.1,26.9,N,2026-07-02 03:25,Y
2026-07-02T03:52:26.527168+09:00,선릉역,선릉역,POI034,KEY_1,선릉역,POI034,여유,사람이 몰려있을 가능성이 낮고 붐빔은 거의 느껴지지 않아요. 도보 이동이 자유로워요.,18000,20000,51.9,48.1,1.8,7.9,15.3,19.3,23.0,17.9,8.2,6.7,70.8,29.2,N,2026-07-02 03:25,Y
2026-07-02T03:52:26.527168+09:00,성신여대입구역,성신여대입구역,POI035,KEY_2,성신여대입구역,POI035,여유,사람이 몰려있을 가능성이 낮고 붐빔은 거의 느껴지지 않아요. 도보 이동이 자유로워요.,2000,2500,46.8,53.2,0.4,7.5,38.5,16.6,13.6,10.9,5.7,6.9,38.9,61.1,N,2026-07-02 03:25,Y
2026-07-02T03:52:26.527168+09:00,수유역,수유역,POI036,KEY_3,수유역,POI036,여유,사람이 몰려있을 가능성이 낮고 붐빔은 거의 느껴지지 않아요. 도보 이동이 자유로워요.,7500,8000,52.0,48.0,0.2,4.9,24.6,16.0,15.9,17.0,12.6,8.9,50.5,49.5,N,2026-07-02 03:25,Y
2026-07-02T03:52:26.527168+09:00,숭례문,숭례문,POI131,KEY_4,숭례문,POI131,여유,사람이 몰려있을 가능성이 낮고 붐빔은 거의 느껴지지 않아요. 도보 이동이 자유로워요.,1000,1500,58.8,41.2,0.9,3.2,11.6,17.1,20.7,19.9,16.3,10.5,62.8,37.2,N,2026-07-02 03:25,Y
2026-07-02T03:52:26.527168+09:00,시의회 앞,시의회 앞,POI130,KEY_1,시의회 앞,POI130,여유,사람이 몰려있을 가능성이 낮고 붐빔은 거의 느껴지지 않아요. 도보 이동이 자유로워요.,800,900,59.3,40.7,0.8,3.7,14.6,20.8,21.7,19.8,11.9,6.8,48.6,51.4,N,2026-07-02 03:25,Y
2026-07-02T03:52:26.527168+09:00,신논현역·논현역,신논현역·논현역,POI037,KEY_2,신논현역·논현역,POI037,여유,사람이 몰려있을 가능성이 낮고 붐빔은 거의 느껴지지 않아요. 도보 이동이 자유로워요.,5000,5500,52.6,47.4,1.7,4.6,19.2,21.8,20.5,15.6,8.6,8.0,67.8,32.2,N,2026-07-02 03:25,Y
2026-07-02T03:52:26.527168+09:00,신도림역,신도림역,POI038,KEY_3,신도림역,POI038,여유,사람이 몰려있을 가능성이 낮고 붐빔은 거의 느껴지지 않아요. 도보 이동이 자유로워요.,3500,4000,49.4,50.6,4.4,6.5,11.4,19.0,17.1,16.5,13.7,11.5,87.5,12.5,N,2026-07-02 03:25,Y
2026-07-02T03:52:26.527168+09:00,신림역,신림역,POI039,KEY_4,신림역,POI039,여유,사람이 몰려있을 가능성이 낮고 붐빔은 거의 느껴지지 않아요. 도보 이동이 자유로워요.,6500,7000,57.2,42.8,0.0,2.9,39.6,27.9,13.5,8.3,4.5,3.3,54.4,45.6,N,2026-07-02 03:25,Y
2026-07-02T03:52:26.527168+09:00,신정네거리역,신정네거리역,POI117,KEY_1,신정네거리역,POI117,여유,사람이 몰려있을 가능성이 낮고 붐빔은 거의 느껴지지 않아요. 도보 이동이 자유로워요.,600,700,49.7,50.3,0.7,10.4,16.9,18.5,14.9,18.4,10.4,9.9,63.7,36.3,N,2026-07-02 03:25,Y
2026-07-02T03:52:26.527168+09:00,신촌·이대역,신촌·이대역,POI040,KEY_2,신촌·이대역,POI040,여유,사람이 몰려있을 가능성이 낮고 붐빔은 거의 느껴지지 않아요. 도보 이동이 자유로워요.,16000,18000,44.7,55.3,1.3,5.7,43.5,16.4,10.1,10.1,6.9,6.0,66.8,33.2,N,2026-07-02 03:25,Y
2026-07-02T03:52:26.527168+09:00,쌍문역,쌍문역,POI070,KEY_3,쌍문역,POI070,여유,사람이 몰려있을 가능성이 낮고 붐빔은 거의 느껴지지 않아요. 도보 이동이 자유로워요.,4000,4500,49.9,50.1,0.2,5.9,16.2,16.3,16.5,18.0,14.0,12.8,61.9,38.1,N,2026-07-02 03:25,Y
2026-07-02T03:52:26.527168+09:00,양재역,양재역,POI041,KEY_4,양재역,POI041,여유,사람이 몰려있을 가능성이 낮고 붐빔은 거의 느껴지지 않아요. 도보 이동이 자유로워요.,5500,6000,48.3,51.7,2.6,6.7,14.4,19.9,18.2,16.4,11.6,10.1,81.6,18.4,N,2026-07-02 03:25,Y
2026-07-02T03:52:26.527168+09:00,역삼역,역삼역,POI042,KEY_1,역삼역,POI042,여유,사람이 몰려있을 가능성이 낮고 붐빔은 거의 느껴지지 않아요. 도보 이동이 자유로워요.,10000,12000,53.2,46.8,1.7,5.4,17.0,21.9,23.0,16.1,8.4,6.6,69.6,30.4,N,2026-07-02 03:25,Y
2026-07-02T03:52:26.527168+09:00,연신내역,연신내역,POI043,KEY_2,연신내역,POI043,여유,사람이 몰려있을 가능성이 낮고 붐빔은 거의 느껴지지 않아요. 도보 이동이 자유로워요.,3000,3500,52.1,47.9,0.2,2.9,24.8,22.8,14.0,14.7,10.8,9.8,55.3,44.7,N,2026-07-02 03:25,Y
2026-07-02T03:52:26.527168+09:00,오목교역·목동운동장,오목교역·목동운동장,POI044,KEY_3,오목교역·목동운동장,POI044,여유,사람이 몰려있을 가능성이 낮고 붐빔은 거의 느껴지지 않아요. 도보 이동이 자유로워요.,62000,64000,48.6,51.4,6.0,14.5,10.2,9.8,20.3,17.6,11.7,9.9,89.5,10.5,N,2026-07-02 03:25,Y
2026-07-02T03:52:26.527168+09:00,왕십리역,왕십리역,POI045,KEY_4,왕십리역,POI045,여유,사람이 몰려있을 가능성이 낮고 붐빔은 거의 느껴지지 않아요. 도보 이동이 자유로워요.,16000,18000,48.7,51.3,2.8,6.3,24.1,15.8,12.7,14.9,12.1,11.4,85.5,14.5,N,2026-07-02 03:25,Y
2026-07-02T03:52:26.527168+09:00,용산역,용산역,POI046,KEY_1,용산역,POI046,여유,사람이 몰려있을 가능성이 낮고 붐빔은 거의 느껴지지 않아요. 도보 이동이 자유로워요.,2500,3000,54.1,45.9,0.1,2.8,16.7,21.1,20.0,18.8,12.9,7.6,53.4,46.6,N,2026-07-02 03:25,Y
2026-07-02T03:52:26.527168+09:00,이태원역,이태원역,POI047,KEY_2,이태원역,POI047,여유,사람이 몰려있을 가능성이 낮고 붐빔은 거의 느껴지지 않아요. 도보 이동이 자유로워요.,2000,2500,58.4,41.6,0.3,4.0,35.4,24.5,14.4,9.1,5.9,6.4,40.4,59.6,N,2026-07-02 03:25,Y
2026-07-02T03:52:26.527168+09:00,잠실새내역,잠실새내역,POI118,KEY_3,잠실새내역,POI118,여유,사람이 몰려있을 가능성이 낮고 붐빔은 거의 느껴지지 않아요. 도보 이동이 자유로워요.,6000,6500,52.1,47.9,0.3,9.2,16.3,19.6,24.4,16.0,8.2,5.9,57.3,42.7,N,2026-07-02 03:25,Y
2026-07-02T03:52:26.527168+09:00,잠실역,잠실역,POI119,KEY_4,잠실역,POI119,여유,사람이 몰려있을 가능성이 낮고 붐빔은 거의 느껴지지 않아요. 도보 이동이 자유로워요.,2000,2500,55.4,44.6,0.4,6.4,13.2,24.0,20.2,17.9,11.5,6.4,41.0,59.0,N,2026-07-02 03:25,Y
2026-07-02T03:52:26.527168+09:00,장지역,장지역,POI048,KEY_1,장지역,POI048,여유,사람이 몰려있을 가능성이 낮고 붐빔은 거의 느껴지지 않아요. 도보 이동이 자유로워요.,7000,7500,51.2,48.8,2.4,5.5,14.0,23.4,19.3,16.2,10.7,8.5,74.7,25.3,N,2026-07-02 03:25,Y
2026-07-02T03:52:26.527168+09:00,장한평역,장한평역,POI049,KEY_2,장한평역,POI049,여유,사람이 몰려있을 가능성이 낮고 붐빔은 거의 느껴지지 않아요. 도보 이동이 자유로워요.,4500,5000,55.0,45.0,0.2,2.3,18.6,22.6,19.1,16.7,13.0,7.5,55.0,45.0,N,2026-07-02 03:25,Y
2026-07-02T03:52:26.527168+09:00,천호역,천호역,POI050,KEY_3,천호역,POI050,여유,사람이 몰려있을 가능성이 낮고 붐빔은 거의 느껴지지 않아요. 도보 이동이 자유로워요.,3000,3500,50.1,49.9,0.1,3.6,20.5,25.9,18.5,15.9,9.1,6.5,50.4,49.6,N,2026-07-02 03:25,Y
2026-07-02T03:52:26.527168+09:00,총신대입구(이수)역,총신대입구(이수)역,POI051,KEY_4,총신대입구(이수)역,POI051,여유,사람이 몰려있을 가능성이 낮고 붐빔은 거의 느껴지지 않아요. 도보 이동이 자유로워요.,4000,4500,48.4,51.6,0.4,4.7,18.7,22.9,17.5,14.2,11.4,10.3,66.2,33.8,N,2026-07-02 03:25,Y
2026-07-02T03:52:26.527168+09:00,충정로역,충정로역,POI052,KEY_1,충정로역,POI052,여유,사람이 몰려있을 가능성이 낮고 붐빔은 거의 느껴지지 않아요. 도보 이동이 자유로워요.,5000,5500,47.8,52.2,2.4,5.8,13.4,17.7,15.6,17.0,15.0,13.2,86.4,13.6,N,2026-07-02 03:25,Y
2026-07-02T03:52:26.527168+09:00,합정역,합정역,POI053,KEY_2,합정역,POI053,여유,사람이 몰려있을 가능성이 낮고 붐빔은 거의 느껴지지 않아요. 도보 이동이 자유로워요.,5000,5500,47.5,52.5,1.2,4.3,19.0,22.4,16.6,14.6,11.5,10.4,77.3,22.7,N,2026-07-02 03:25,Y
2026-07-02T03:52:26.527168+09:00,혜화역,혜화역,POI054,KEY_3,혜화역,POI054,여유,사람이 몰려있을 가능성이 낮고 붐빔은 거의 느껴지지 않아요. 도보 이동이 자유로워요.,6500,7000,48.3,51.7,1.3,7.5,26.7,14.9,12.5,14.1,11.7,11.2,79.7,20.3,N,2026-07-02 03:25,Y
2026-07-02T03:52:26.527168+09:00,홍대입구역(2호선),홍대입구역(2호선),POI055,KEY_4,홍대입구역(2호선),POI055,여유,사람이 몰려있을 가능성이 낮고 붐빔은 거의 느껴지지 않아요. 도보 이동이 자유로워요.,6000,6500,49.7,50.3,1.1,5.3,24.6,19.4,15.7,15.0,10.0,9.0,72.1,27.9,N,2026-07-02 03:25,Y
2026-07-02T03:52:26.527168+09:00,회기역,회기역,POI056,KEY_1,회기역,POI056,여유,사람이 몰려있을 가능성이 낮고 붐빔은 거의 느껴지지 않아요. 도보 이동이 자유로워요.,5500,6000,50.5,49.5,0.0,6.5,48.1,13.8,10.2,9.6,5.6,6.1,62.2,37.8,N,2026-07-02 03:25,Y
2026-07-02T04:42:49.381822+09:00,경복궁,경복궁,POI008,KEY_1,경복궁,POI008,여유,사람이 몰려있을 가능성이 낮고 붐빔은 거의 느껴지지 않아요. 도보 이동이 자유로워요.,200,300,56.9,43.1,1.0,7.4,12.3,16.6,19.3,17.1,13.0,13.3,67.8,32.2,N,2026-07-02 04:10,Y
2026-07-02T04:42:49.381822+09:00,광화문·덕수궁,광화문·덕수궁,POI009,KEY_2,광화문·덕수궁,POI009,여유,사람이 몰려있을 가능성이 낮고 붐빔은 거의 느껴지지 않아요. 도보 이동이 자유로워요.,3000,3500,59.3,40.7,0.9,3.7,12.9,18.8,22.4,19.7,13.1,8.5,56.6,43.4,N,2026-07-02 04:10,Y
2026-07-02T04:42:49.381822+09:00,보신각,보신각,POI010,KEY_3,보신각,POI010,여유,사람이 몰려있을 가능성이 낮고 붐빔은 거의 느껴지지 않아요. 도보 이동이 자유로워요.,1500,2000,62.7,37.3,0.3,2.8,18.3,19.4,20.8,18.4,12.5,7.5,59.5,40.5,N,2026-07-02 04:10,Y
2026-07-02T04:42:49.381822+09:00,서울 암사동 유적,서울 암사동 유적,POI011,KEY_4,서울 암사동 유적,POI011,여유,사람이 몰려있을 가능성이 낮고 붐빔은 거의 느껴지지 않아요. 도보 이동이 자유로워요.,300,400,50.5,49.5,5.6,8.1,10.1,12.6,15.2,16.5,15.9,15.9,82.1,17.9,N,2026-07-02 04:10,Y
2026-07-02T04:42:49.381822+09:00,창덕궁·종묘,창덕궁·종묘,POI012,KEY_1,창덕궁·종묘,POI012,여유,사람이 몰려있을 가능성이 낮고 붐빔은 거의 느껴지지 않아요. 도보 이동이 자유로워요.,3000,3500,54.7,45.3,0.6,3.4,22.2,16.8,14.6,18.8,13.7,10.0,55.9,44.1,N,2026-07-02 04:10,Y
2026-07-02T04:42:49.381822+09:00,강남 MICE 관광특구,강남 MICE 관광특구,POI001,KEY_2,강남 MICE 관광특구,POI001,여유,사람이 몰려있을 가능성이 낮고 붐빔은 거의 느껴지지 않아요. 도보 이동이 자유로워요.,2000,2500,54.9,45.1,2.1,6.5,12.2,14.7,20.4,20.2,13.2,10.7,73.5,26.5,N,2026-07-02 04:10,Y
2026-07-02T04:42:49.381822+09:00,동대문 관광특구,동대문 관광특구,POI002,KEY_3,동대문 관광특구,POI002,여유,사람이 몰려있을 가능성이 낮고 붐빔은 거의 느껴지지 않아요. 도보 이동이 자유로워요.,16000,18000,50.1,49.9,1.0,2.9,14.8,20.8,20.6,18.1,13.3,8.5,67.6,32.4,N,2026-07-02 04:10,Y
2026-07-02T04:42:49.381822+09:00,명동 관광특구,명동 관광특구,POI003,KEY_4,명동 관광특구,POI003,여유,사람이 몰려있을 가능성이 낮고 붐빔은 거의 느껴지지 않아요. 도보 이동이 자유로워요.,8000,8500,60.6,39.4,0.5,3.1,13.2,18.0,21.8,20.6,14.2,8.8,62.8,37.2,N,2026-07-02 04:10,Y
2026-07-02T04:42:49.381822+09:00,이태원 관광특구,이태원 관광특구,POI004,KEY_1,이태원 관광특구,POI004,여유,사람이 몰려있을 가능성이 낮고 붐빔은 거의 느껴지지 않아요. 도보 이동이 자유로워요.,3500,4000,54.5,45.5,0.2,3.9,26.6,23.8,16.2,11.7,8.7,8.8,45.2,54.8,N,2026-07-02 04:10,Y
2026-07-02T04:42:49.381822+09:00,잠실 관광특구,잠실 관광특구,POI005,KEY_2,잠실 관광특구,POI005,여유,사람이 몰려있을 가능성이 낮고 붐빔은 거의 느껴지지 않아요. 도보 이동이 자유로워요.,16000,18000,51.5,48.5,0.3,4.8,19.7,23.1,19.5,15.4,10.2,7.0,48.5,51.5,N,2026-07-02 04:15,Y
2026-07-02T04:42:49.381822+09:00,종로·청계 관광특구,종로·청계 관광특구,POI006,KEY_3,종로·청계 관광특구,POI006,여유,사람이 몰려있을 가능성이 낮고 붐빔은 거의 느껴지지 않아요. 도보 이동이 자유로워요.,9000,9500,55.4,44.6,0.9,3.1,16.6,17.8,18.3,19.2,14.5,9.6,66.3,33.7,N,2026-07-02 04:15,Y
2026-07-02T04:42:49.381822+09:00,홍대 관광특구,홍대 관광특구,POI007,KEY_4,홍대 관광특구,POI007,여유,사람이 몰려있을 가능성이 낮고 붐빔은 거의 느껴지지 않아요. 도보 이동이 자유로워요.,32000,34000,50.2,49.8,1.1,6.9,29.8,19.1,13.6,12.3,8.8,8.2,67.9,32.1,N,2026-07-02 04:15,Y
2026-07-02T04:42:49.381822+09:00,강서한강공원,강서한강공원,POI085,KEY_1,강서한강공원,POI085,여유,사람이 몰려있을 가능성이 낮고 붐빔은 거의 느껴지지 않아요. 도보 이동이 자유로워요.,0,100,82.4,17.6,0.0,2.0,11.5,12.2,21.7,18.6,27.9,6.2,4.6,95.4,N,2026-07-02 04:15,Y
2026-07-02T04:42:49.381822+09:00,고척돔,고척돔,POI086,KEY_2,고척돔,POI086,여유,사람이 몰려있을 가능성이 낮고 붐빔은 거의 느껴지지 않아요. 도보 이동이 자유로워요.,600,700,50.9,49.1,1.0,3.1,6.1,33.8,16.5,15.0,13.2,11.2,55.0,45.0,N,2026-07-02 04:15,Y
2026-07-02T04:42:49.381822+09:00,광나루한강공원,광나루한강공원,POI087,KEY_3,광나루한강공원,POI087,여유,사람이 몰려있을 가능성이 낮고 붐빔은 거의 느껴지지 않아요. 도보 이동이 자유로워요.,1500,2000,52.6,47.4,0.2,4.7,10.3,17.5,19.3,20.8,14.8,12.4,51.1,48.9,N,2026-07-02 04:15,Y
2026-07-02T04:42:49.381822+09:00,광화문광장,광화문광장,POI088,KEY_4,광화문광장,POI088,여유,사람이 몰려있을 가능성이 낮고 붐빔은 거의 느껴지지 않아요. 도보 이동이 자유로워요.,600,700,56.5,43.5,1.1,4.3,11.5,20.3,21.5,19.2,12.7,9.5,64.8,35.2,N,2026-07-02 04:15,Y
2026-07-02T04:42:49.381822+09:00,국립중앙박물관·용산가족공원,국립중앙박물관·용산가족공원,POI089,KEY_1,국립중앙박물관·용산가족공원,POI089,여유,사람이 몰려있을 가능성이 낮고 붐빔은 거의 느껴지지 않아요. 도보 이동이 자유로워요.,1000,1500,48.5,51.5,4.7,7.8,9.9,12.8,16.8,19.1,15.5,13.6,88.2,11.8,N,2026-07-02 04:15,Y
2026-07-02T04:42:49.381822+09:00,난지한강공원,난지한강공원,POI090,KEY_2,난지한강공원,POI090,여유,사람이 몰려있을 가능성이 낮고 붐빔은 거의 느껴지지 않아요. 도보 이동이 자유로워요.,400,500,63.4,36.6,1.9,3.2,15.4,13.8,20.3,21.2,16.8,7.4,24.7,75.3,N,2026-07-02 04:15,Y
2026-07-02T04:42:49.381822+09:00,남산공원,남산공원,POI091,KEY_3,남산공원,POI091,여유,사람이 몰려있을 가능성이 낮고 붐빔은 거의 느껴지지 않아요. 도보 이동이 자유로워요.,4000,4500,52.7,47.3,0.9,5.8,17.8,17.1,16.5,16.1,13.9,11.9,68.2,31.8,N,2026-07-02 04:15,Y
2026-07-02T04:42:49.381822+09:00,노들섬,노들섬,POI092,KEY_4,노들섬,POI092,여유,사람이 몰려있을 가능성이 낮고 붐빔은 거의 느껴지지 않아요. 도보 이동이 자유로워요.,0,100,59.6,40.4,0.0,1.5,17.7,15.4,12.1,19.3,22.5,11.6,32.7,67.3,N,2026-07-02 04:15,Y
2026-07-02T04:42:49.381822+09:00,뚝섬한강공원,뚝섬한강공원,POI093,KEY_1,뚝섬한강공원,POI093,여유,사람이 몰려있을 가능성이 낮고 붐빔은 거의 느껴지지 않아요. 도보 이동이 자유로워요.,1000,1500,54.0,46.0,0.7,6.0,8.0,17.1,19.0,21.8,15.0,12.5,65.4,34.6,N,2026-07-02 04:15,Y
2026-07-02T04:42:49.381822+09:00,망원한강공원,망원한강공원,POI094,KEY_2,망원한강공원,POI094,여유,사람이 몰려있을 가능성이 낮고 붐빔은 거의 느껴지지 않아요. 도보 이동이 자유로워요.,800,900,50.8,49.2,1.5,6.2,13.0,18.3,17.7,17.9,13.8,11.6,72.6,27.4,N,2026-07-02 04:15,Y
2026-07-02T04:42:49.381822+09:00,반포한강공원,반포한강공원,POI095,KEY_3,반포한강공원,POI095,여유,사람이 몰려있을 가능성이 낮고 붐빔은 거의 느껴지지 않아요. 도보 이동이 자유로워요.,600,700,56.5,43.5,0.4,10.8,16.1,11.7,17.6,24.1,12.4,6.9,21.2,78.8,N,2026-07-02 04:15,Y
2026-07-02T04:42:49.381822+09:00,보라매공원,보라매공원,POI123,KEY_4,보라매공원,POI123,여유,사람이 몰려있을 가능성이 낮고 붐빔은 거의 느껴지지 않아요. 도보 이동이 자유로워요.,1500,2000,49.8,50.2,1.5,6.5,16.4,17.5,15.1,16.6,13.4,13.1,65.0,35.0,N,2026-07-02 04:15,Y
2026-07-02T04:42:49.381822+09:00,북서울꿈의숲,북서울꿈의숲,POI096,KEY_1,북서울꿈의숲,POI096,여유,사람이 몰려있을 가능성이 낮고 붐빔은 거의 느껴지지 않아요. 도보 이동이 자유로워요.,5000,5500,49.2,50.8,0.6,6.1,10.8,14.0,17.4,19.7,16.0,15.3,65.4,34.6,N,2026-07-02 04:15,Y
2026-07-02T04:42:49.381822+09:00,서대문독립공원,서대문독립공원,POI124,KEY_2,서대문독립공원,POI124,여유,사람이 몰려있을 가능성이 낮고 붐빔은 거의 느껴지지 않아요. 도보 이동이 자유로워요.,700,800,49.7,50.3,0.6,11.2,9.3,12.1,17.3,16.6,16.1,16.8,57.3,42.7,N,2026-07-02 04:15,Y
2026-07-02T04:42:49.381822+09:00,서리풀공원·몽마르뜨공원,서리풀공원·몽마르뜨공원,POI098,KEY_3,서리풀공원·몽마르뜨공원,POI098,여유,사람이 몰려있을 가능성이 낮고 붐빔은 거의 느껴지지 않아요. 도보 이동이 자유로워요.,2000,2500,49.9,50.1,0.4,8.0,12.0,16.7,21.3,18.3,12.1,11.2,61.3,38.7,N,2026-07-02 04:15,Y
2026-07-02T04:42:49.381822+09:00,서울대공원,서울대공원,POI100,KEY_4,서울대공원,POI100,여유,사람이 몰려있을 가능성이 낮고 붐빔은 거의 느껴지지 않아요. 도보 이동이 자유로워요.,400,500,55.5,44.5,1.9,7.6,10.9,14.2,18.1,19.4,17.9,10.0,71.6,28.4,N,2026-07-02 04:15,Y
2026-07-02T04:42:49.381822+09:00,서울숲공원,서울숲공원,POI101,KEY_1,서울숲공원,POI101,여유,사람이 몰려있을 가능성이 낮고 붐빔은 거의 느껴지지 않아요. 도보 이동이 자유로워요.,1500,2000,56.7,43.3,1.1,4.8,12.2,19.3,19.1,22.3,13.8,7.5,50.8,49.2,N,2026-07-02 04:15,Y
2026-07-02T04:42:49.381822+09:00,송현녹지광장,송현녹지광장,POI129,KEY_2,송현녹지광장,POI129,여유,사람이 몰려있을 가능성이 낮고 붐빔은 거의 느껴지지 않아요. 도보 이동이 자유로워요.,1000,1500,50.9,49.1,0.7,6.4,12.8,15.5,19.1,17.9,14.3,13.2,76.7,23.3,N,2026-07-02 04:15,Y
2026-07-02T04:42:49.381822+09:00,아차산,아차산,POI102,KEY_3,아차산,POI102,여유,사람이 몰려있을 가능성이 낮고 붐빔은 거의 느껴지지 않아요. 도보 이동이 자유로워요.,3500,4000,51.2,48.8,0.3,6.1,10.6,14.2,20.1,20.0,16.3,12.3,63.5,36.5,N,2026-07-02 04:15,Y
2026-07-02T04:42:49.381822+09:00,안양천,안양천,POI125,KEY_4,안양천,POI125,여유,사람이 몰려있을 가능성이 낮고 붐빔은 거의 느껴지지 않아요. 도보 이동이 자유로워요.,900,1000,49.7,50.3,0.6,11.8,8.4,13.6,21.8,18.6,14.1,11.0,61.9,38.1,N,2026-07-02 04:15,Y
2026-07-02T04:42:49.381822+09:00,양화한강공원,양화한강공원,POI103,KEY_1,양화한강공원,POI103,여유,사람이 몰려있을 가능성이 낮고 붐빔은 거의 느껴지지 않아요. 도보 이동이 자유로워요.,200,300,56.9,43.1,0.4,4.1,13.6,28.2,17.1,19.6,11.1,5.9,50.7,49.3,N,2026-07-02 04:15,Y
2026-07-02T04:42:49.381822+09:00,어린이대공원,어린이대공원,POI104,KEY_2,어린이대공원,POI104,여유,사람이 몰려있을 가능성이 낮고 붐빔은 거의 느껴지지 않아요. 도보 이동이 자유로워요.,2000,2500,49.5,50.5,0.9,6.2,27.9,18.7,14.3,14.1,9.5,8.5,71.4,28.6,N,2026-07-02 04:15,Y
2026-07-02T04:42:49.381822+09:00,여의도한강공원,여의도한강공원,POI105,KEY_3,여의도한강공원,POI105,여유,사람이 몰려있을 가능성이 낮고 붐빔은 거의 느껴지지 않아요. 도보 이동이 자유로워요.,500,600,55.0,45.0,1.7,7.2,14.4,17.8,16.1,16.3,13.7,12.7,57.4,42.6,N,2026-07-02 04:15,Y
2026-07-02T04:42:49.381822+09:00,여의서로,여의서로,POI126,KEY_4,여의서로,POI126,여유,사람이 몰려있을 가능성이 낮고 붐빔은 거의 느껴지지 않아요. 도보 이동이 자유로워요.,200,300,52.6,47.4,1.6,5.3,15.1,24.8,16.2,16.1,13.5,7.3,61.4,38.6,N,2026-07-02 04:15,Y
2026-07-02T04:42:49.381822+09:00,올림픽공원,올림픽공원,POI127,KEY_1,올림픽공원,POI127,여유,사람이 몰려있을 가능성이 낮고 붐빔은 거의 느껴지지 않아요. 도보 이동이 자유로워요.,4000,4500,50.7,49.3,0.6,7.2,14.5,16.6,20.0,19.3,13.5,8.4,52.1,47.9,N,2026-07-02 04:15,Y
2026-07-02T04:42:49.381822+09:00,월드컵공원,월드컵공원,POI106,KEY_2,월드컵공원,POI106,여유,사람이 몰려있을 가능성이 낮고 붐빔은 거의 느껴지지 않아요. 도보 이동이 자유로워요.,2500,3000,52.4,47.6,2.0,6.1,12.7,14.8,18.0,20.0,14.0,12.4,62.3,37.7,N,2026-07-02 04:15,Y
2026-07-02T04:42:49.381822+09:00,응봉산,응봉산,POI107,KEY_3,응봉산,POI107,여유,사람이 몰려있을 가능성이 낮고 붐빔은 거의 느껴지지 않아요. 도보 이동이 자유로워요.,2000,2500,49.6,50.4,0.7,10.8,8.7,13.9,22.3,18.7,13.8,11.0,73.2,26.8,N,2026-07-02 04:15,Y
2026-07-02T04:42:49.381822+09:00,이촌한강공원,이촌한강공원,POI108,KEY_4,이촌한강공원,POI108,여유,사람이 몰려있을 가능성이 낮고 붐빔은 거의 느껴지지 않아요. 도보 이동이 자유로워요.,1000,1500,49.8,50.2,0.2,6.5,9.6,14.3,22.7,21.1,14.1,11.5,53.8,46.2,N,2026-07-02 04:15,Y
2026-07-02T04:42:49.381822+09:00,잠실종합운동장,잠실종합운동장,POI109,KEY_1,잠실종합운동장,POI109,여유,사람이 몰려있을 가능성이 낮고 붐빔은 거의 느껴지지 않아요. 도보 이동이 자유로워요.,1000,1500,52.4,47.6,3.1,11.3,9.3,11.0,26.0,19.9,10.6,8.9,66.6,33.4,N,2026-07-02 04:15,Y
2026-07-02T04:42:49.381822+09:00,잠실한강공원,잠실한강공원,POI110,KEY_2,잠실한강공원,POI110,여유,사람이 몰려있을 가능성이 낮고 붐빔은 거의 느껴지지 않아요. 도보 이동이 자유로워요.,800,900,50.0,50.0,0.7,10.4,10.9,9.8,21.7,23.3,13.6,9.6,40.3,59.7,N,2026-07-02 04:15,Y
2026-07-02T04:42:49.381822+09:00,잠원한강공원,잠원한강공원,POI111,KEY_3,잠원한강공원,POI111,여유,사람이 몰려있을 가능성이 낮고 붐빔은 거의 느껴지지 않아요. 도보 이동이 자유로워요.,500,600,56.4,43.6,0.2,8.1,14.2,10.9,18.0,22.1,16.8,9.7,32.3,67.7,N,2026-07-02 04:15,Y
2026-07-02T04:42:49.381822+09:00,청계산,청계산,POI112,KEY_4,청계산,POI112,여유,사람이 몰려있을 가능성이 낮고 붐빔은 거의 느껴지지 않아요. 도보 이동이 자유로워요.,800,900,48.6,51.4,3.0,6.1,9.5,17.6,16.7,16.6,14.6,15.8,85.8,14.2,N,2026-07-02 04:15,Y
2026-07-02T04:42:49.381822+09:00,홍제폭포,홍제폭포,POI128,KEY_1,홍제폭포,POI128,여유,사람이 몰려있을 가능성이 낮고 붐빔은 거의 느껴지지 않아요. 도보 이동이 자유로워요.,400,500,45.7,54.3,3.3,7.5,13.1,12.1,13.4,17.1,16.0,17.5,88.9,11.1,N,2026-07-02 04:15,Y
2026-07-02T04:42:49.381822+09:00,가락시장,가락시장,POI058,KEY_2,가락시장,POI058,여유,사람이 몰려있을 가능성이 낮고 붐빔은 거의 느껴지지 않아요. 도보 이동이 자유로워요.,7500,8000,77.0,23.0,0.3,2.1,6.5,15.1,24.8,26.7,18.0,6.4,43.1,56.9,N,2026-07-02 04:15,Y
2026-07-02T04:42:49.381822+09:00,가로수길,가로수길,POI059,KEY_3,가로수길,POI059,여유,사람이 몰려있을 가능성이 낮고 붐빔은 거의 느껴지지 않아요. 도보 이동이 자유로워요.,9500,10000,49.7,50.3,2.1,7.1,12.2,15.4,21.0,18.3,12.0,12.0,72.9,27.1,N,2026-07-02 04:15,Y
2026-07-02T04:42:49.381822+09:00,광장(전통)시장,광장(전통)시장,POI060,KEY_4,광장(전통)시장,POI060,여유,사람이 몰려있을 가능성이 낮고 붐빔은 거의 느껴지지 않아요. 도보 이동이 자유로워요.,900,1000,53.1,46.9,0.8,3.2,19.8,16.0,15.3,18.0,15.0,12.0,69.4,30.6,N,2026-07-02 04:15,Y
2026-07-02T04:42:49.381822+09:00,김포공항,김포공항,POI061,KEY_1,김포공항,POI061,여유,사람이 몰려있을 가능성이 낮고 붐빔은 거의 느껴지지 않아요. 도보 이동이 자유로워요.,700,800,60.7,39.3,0.0,2.9,20.3,20.2,21.5,18.1,10.8,6.2,38.1,61.9,N,2026-07-02 04:15,Y
2026-07-02T04:42:49.381822+09:00,남대문시장,남대문시장,POI115,KEY_2,남대문시장,POI115,여유,사람이 몰려있을 가능성이 낮고 붐빔은 거의 느껴지지 않아요. 도보 이동이 자유로워요.,1500,2000,56.5,43.5,0.8,3.3,11.5,15.8,18.3,20.7,17.1,12.5,72.6,27.4,N,2026-07-02 04:15,Y
2026-07-02T04:42:49.381822+09:00,노량진,노량진,POI063,KEY_3,노량진,POI063,여유,사람이 몰려있을 가능성이 낮고 붐빔은 거의 느껴지지 않아요. 도보 이동이 자유로워요.,10000,12000,55.7,44.3,1.0,4.2,28.1,20.2,12.2,13.7,11.1,9.4,76.4,23.6,N,2026-07-02 04:15,Y
2026-07-02T04:42:49.381822+09:00,덕수궁길·정동길,덕수궁길·정동길,POI064,KEY_4,덕수궁길·정동길,POI064,여유,사람이 몰려있을 가능성이 낮고 붐빔은 거의 느껴지지 않아요. 도보 이동이 자유로워요.,900,1000,47.2,52.8,1.4,13.9,9.5,14.6,19.6,17.1,12.6,11.3,65.0,35.0,N,2026-07-02 04:15,Y
2026-07-02T04:42:49.381822+09:00,북창동 먹자골목,북창동 먹자골목,POI114,KEY_1,북창동 먹자골목,POI114,여유,사람이 몰려있을 가능성이 낮고 붐빔은 거의 느껴지지 않아요. 도보 이동이 자유로워요.,1500,2000,59.0,41.0,0.6,3.0,13.4,18.2,19.7,19.9,14.9,10.1,63.4,36.6,N,2026-07-02 04:15,Y
2026-07-02T04:42:49.381822+09:00,북촌한옥마을,북촌한옥마을,POI066,KEY_2,북촌한옥마을,POI066,여유,사람이 몰려있을 가능성이 낮고 붐빔은 거의 느껴지지 않아요. 도보 이동이 자유로워요.,3500,4000,51.1,48.9,0.7,8.1,12.9,15.3,17.7,18.0,13.3,14.1,77.4,22.6,N,2026-07-02 04:15,Y
2026-07-02T04:42:49.381822+09:00,서촌,서촌,POI067,KEY_3,서촌,POI067,여유,사람이 몰려있을 가능성이 낮고 붐빔은 거의 느껴지지 않아요. 도보 이동이 자유로워요.,8500,9000,45.6,54.4,2.6,9.2,11.8,14.2,16.9,17.5,13.5,14.2,90.7,9.3,N,2026-07-02 04:15,Y
2026-07-02T04:42:49.381822+09:00,성수카페거리,성수카페거리,POI068,KEY_4,성수카페거리,POI068,여유,사람이 몰려있을 가능성이 낮고 붐빔은 거의 느껴지지 않아요. 도보 이동이 자유로워요.,7000,7500,52.7,47.3,1.6,4.4,18.8,18.4,14.5,17.6,14.3,10.5,74.2,25.8,N,2026-07-02 04:15,Y
2026-07-02T04:42:49.381822+09:00,송리단길·호수단길,송리단길·호수단길,POI121,KEY_1,송리단길·호수단길,POI121,여유,사람이 몰려있을 가능성이 낮고 붐빔은 거의 느껴지지 않아요. 도보 이동이 자유로워요.,4500,5000,48.6,51.4,0.2,4.8,16.4,26.8,18.6,13.5,11.6,8.2,69.6,30.4,N,2026-07-02 04:15,Y
2026-07-02T04:42:49.381822+09:00,신촌 스타광장,신촌 스타광장,POI122,KEY_2,신촌 스타광장,POI122,여유,사람이 몰려있을 가능성이 낮고 붐빔은 거의 느껴지지 않아요. 도보 이동이 자유로워요.,1500,2000,48.9,51.1,1.3,5.4,42.5,16.0,9.6,10.5,7.8,7.0,67.6,32.4,N,2026-07-02 04:15,Y
2026-07-02T04:42:49.381822+09:00,압구정로데오거리,압구정로데오거리,POI071,KEY_3,압구정로데오거리,POI071,여유,사람이 몰려있을 가능성이 낮고 붐빔은 거의 느껴지지 않아요. 도보 이동이 자유로워요.,10000,12000,49.2,50.8,3.3,6.9,10.5,13.9,19.8,18.7,13.1,13.8,79.1,20.9,N,2026-07-02 04:15,Y
2026-07-02T04:42:49.381822+09:00,여의도,여의도,POI072,KEY_4,여의도,POI072,여유,사람이 몰려있을 가능성이 낮고 붐빔은 거의 느껴지지 않아요. 도보 이동이 자유로워요.,30000,32000,53.4,46.6,1.9,5.9,11.6,17.3,19.6,18.3,13.2,12.2,75.3,24.7,N,2026-07-02 04:15,Y
2026-07-02T04:42:49.381822+09:00,연남동,연남동,POI073,KEY_1,연남동,POI073,여유,사람이 몰려있을 가능성이 낮고 붐빔은 거의 느껴지지 않아요. 도보 이동이 자유로워요.,6000,6500,46.7,53.3,1.1,5.0,23.3,20.3,16.2,13.4,10.3,10.4,74.5,25.5,N,2026-07-02 04:15,Y
2026-07-02T04:42:49.381822+09:00,영등포 타임스퀘어,영등포 타임스퀘어,POI074,KEY_2,영등포 타임스퀘어,POI074,여유,사람이 몰려있을 가능성이 낮고 붐빔은 거의 느껴지지 않아요. 도보 이동이 자유로워요.,3000,3500,59.7,40.3,0.1,2.9,28.0,28.6,15.3,12.9,8.6,3.7,41.4,58.6,N,2026-07-02 04:15,Y
2026-07-02T04:42:49.381822+09:00,용리단길,용리단길,POI076,KEY_3,용리단길,POI076,여유,사람이 몰려있을 가능성이 낮고 붐빔은 거의 느껴지지 않아요. 도보 이동이 자유로워요.,2500,3000,49.9,50.1,3.3,4.9,14.6,21.6,17.8,16.4,12.1,9.4,86.4,13.6,N,2026-07-02 04:15,Y
2026-07-02T04:42:49.381822+09:00,이태원 앤틱가구거리,이태원 앤틱가구거리,POI077,KEY_4,이태원 앤틱가구거리,POI077,여유,사람이 몰려있을 가능성이 낮고 붐빔은 거의 느껴지지 않아요. 도보 이동이 자유로워요.,2500,3000,52.0,48.0,1.4,5.7,18.0,19.1,16.4,14.8,12.9,11.6,79.0,21.0,N,2026-07-02 04:15,Y
2026-07-02T04:42:49.381822+09:00,익선동,익선동,POI116,KEY_1,익선동,POI116,여유,사람이 몰려있을 가능성이 낮고 붐빔은 거의 느껴지지 않아요. 도보 이동이 자유로워요.,2500,3000,63.6,36.4,0.4,3.3,21.4,18.1,15.9,17.0,12.9,11.0,46.4,53.6,N,2026-07-02 04:15,Y
2026-07-02T04:42:49.381822+09:00,인사동,인사동,POI078,KEY_2,인사동,POI078,여유,사람이 몰려있을 가능성이 낮고 붐빔은 거의 느껴지지 않아요. 도보 이동이 자유로워요.,3500,4000,58.1,41.9,0.5,3.3,16.0,18.6,18.6,17.9,14.3,10.7,61.4,38.6,N,2026-07-02 04:15,Y
2026-07-02T04:42:49.381822+09:00,잠실롯데타워·석촌호수,잠실롯데타워·석촌호수,POI120,KEY_3,잠실롯데타워·석촌호수,POI120,여유,사람이 몰려있을 가능성이 낮고 붐빔은 거의 느껴지지 않아요. 도보 이동이 자유로워요.,12000,14000,51.7,48.3,0.2,4.0,21.4,25.3,19.3,14.1,9.1,6.5,47.2,52.8,N,2026-07-02 04:15,Y
2026-07-02T04:42:49.381822+09:00,창동 신경제 중심지,창동 신경제 중심지,POI079,KEY_4,창동 신경제 중심지,POI079,여유,사람이 몰려있을 가능성이 낮고 붐빔은 거의 느껴지지 않아요. 도보 이동이 자유로워요.,14000,16000,51.3,48.7,0.5,7.5,15.8,17.8,17.7,18.7,12.6,9.5,58.2,41.8,N,2026-07-02 04:15,Y
2026-07-02T04:42:49.381822+09:00,청담동 명품거리,청담동 명품거리,POI080,KEY_1,청담동 명품거리,POI080,여유,사람이 몰려있을 가능성이 낮고 붐빔은 거의 느껴지지 않아요. 도보 이동이 자유로워요.,1000,1500,50.8,49.2,0.0,6.0,16.1,16.4,24.7,19.1,9.4,8.3,56.9,43.1,N,2026-07-02 04:15,Y
2026-07-02T04:42:49.381822+09:00,청량리 제기동 일대 전통시장,청량리 제기동 일대 전통시장,POI081,KEY_2,청량리 제기동 일대 전통시장,POI081,여유,사람이 몰려있을 가능성이 낮고 붐빔은 거의 느껴지지 않아요. 도보 이동이 자유로워요.,6000,6500,52.7,47.3,2.1,4.6,15.3,14.1,13.1,17.5,17.4,15.8,72.1,27.9,N,2026-07-02 04:15,Y
2026-07-02T04:42:49.381822+09:00,해방촌·경리단길,해방촌·경리단길,POI082,KEY_3,해방촌·경리단길,POI082,여유,사람이 몰려있을 가능성이 낮고 붐빔은 거의 느껴지지 않아요. 도보 이동이 자유로워요.,2500,3000,49.5,50.5,0.3,6.0,13.6,21.4,19.8,16.0,11.7,11.2,57.7,42.3,N,2026-07-02 04:15,Y
2026-07-02T04:42:49.381822+09:00,DDP(동대문디자인플라자),DDP(동대문디자인플라자),POI083,KEY_4,DDP(동대문디자인플라자),POI083,여유,사람이 몰려있을 가능성이 낮고 붐빔은 거의 느껴지지 않아요. 도보 이동이 자유로워요.,1500,2000,50.9,49.1,0.8,3.5,13.9,19.2,19.9,19.1,14.1,9.5,67.8,32.2,N,2026-07-02 04:15,Y
2026-07-02T04:42:49.381822+09:00,DMC(디지털미디어시티),DMC(디지털미디어시티),POI084,KEY_1,DMC(디지털미디어시티),POI084,여유,사람이 몰려있을 가능성이 낮고 붐빔은 거의 느껴지지 않아요. 도보 이동이 자유로워요.,14000,16000,49.3,50.7,3.0,7.7,15.6,17.7,17.2,17.6,11.7,9.5,71.3,28.7,N,2026-07-02 04:15,Y
2026-07-02T04:42:49.381822+09:00,가산디지털단지역,가산디지털단지역,POI013,KEY_2,가산디지털단지역,POI013,여유,사람이 몰려있을 가능성이 낮고 붐빔은 거의 느껴지지 않아요. 도보 이동이 자유로워요.,5500,6000,60.5,39.5,0.1,2.5,20.4,24.3,19.8,17.4,10.4,5.1,49.4,50.6,N,2026-07-02 04:15,Y
2026-07-02T04:42:49.381822+09:00,강남역,강남역,POI014,KEY_3,강남역,POI014,여유,사람이 몰려있을 가능성이 낮고 붐빔은 거의 느껴지지 않아요. 도보 이동이 자유로워요.,20000,22000,52.8,47.2,2.4,6.1,17.1,21.6,22.0,15.3,8.4,7.1,72.3,27.7,N,2026-07-02 04:15,Y
2026-07-02T04:42:49.381822+09:00,건대입구역,건대입구역,POI015,KEY_4,건대입구역,POI015,여유,사람이 몰려있을 가능성이 낮고 붐빔은 거의 느껴지지 않아요. 도보 이동이 자유로워요.,14000,16000,48.5,51.5,1.6,6.4,28.4,16.9,12.2,13.7,11.1,9.7,75.6,24.4,N,2026-07-02 04:15,Y
2026-07-02T04:42:49.381822+09:00,고덕역,고덕역,POI016,KEY_1,고덕역,POI016,여유,사람이 몰려있을 가능성이 낮고 붐빔은 거의 느껴지지 않아요. 도보 이동이 자유로워요.,1000,1500,57.7,42.3,0.9,15.3,13.8,11.2,22.9,17.8,10.3,7.8,59.2,40.8,N,2026-07-02 04:15,Y
2026-07-02T04:42:49.381822+09:00,고속터미널역,고속터미널역,POI017,KEY_2,고속터미널역,POI017,여유,사람이 몰려있을 가능성이 낮고 붐빔은 거의 느껴지지 않아요. 도보 이동이 자유로워요.,1500,2000,56.0,44.0,0.4,8.0,9.8,11.7,25.2,24.6,12.0,8.4,43.1,56.9,N,2026-07-02 04:15,Y
2026-07-02T04:42:49.381822+09:00,교대역,교대역,POI018,KEY_3,교대역,POI018,여유,사람이 몰려있을 가능성이 낮고 붐빔은 거의 느껴지지 않아요. 도보 이동이 자유로워요.,5500,6000,50.6,49.4,3.8,7.9,12.7,15.3,19.9,18.1,11.8,10.5,77.9,22.1,N,2026-07-02 04:15,Y
2026-07-02T04:42:49.381822+09:00,구로디지털단지역,구로디지털단지역,POI019,KEY_4,구로디지털단지역,POI019,여유,사람이 몰려있을 가능성이 낮고 붐빔은 거의 느껴지지 않아요. 도보 이동이 자유로워요.,4000,4500,57.0,43.0,0.3,2.7,20.2,27.3,19.2,15.5,8.7,6.0,57.2,42.8,N,2026-07-02 04:15,Y
2026-07-02T04:42:49.381822+09:00,구로역,구로역,POI020,KEY_1,구로역,POI020,여유,사람이 몰려있을 가능성이 낮고 붐빔은 거의 느껴지지 않아요. 도보 이동이 자유로워요.,800,900,50.8,49.2,0.2,4.1,11.7,24.9,19.3,20.9,11.1,7.8,62.1,37.9,N,2026-07-02 04:15,Y
2026-07-02T04:42:49.381822+09:00,군자역,군자역,POI021,KEY_2,군자역,POI021,여유,사람이 몰려있을 가능성이 낮고 붐빔은 거의 느껴지지 않아요. 도보 이동이 자유로워요.,3500,4000,48.0,52.0,0.5,3.5,23.9,23.1,17.4,14.5,8.8,8.2,62.1,37.9,N,2026-07-02 04:15,Y
2026-07-02T04:42:49.381822+09:00,대림역,대림역,POI023,KEY_3,대림역,POI023,약간 붐빔,사람들이 몰려있을 가능성이 크고 붐빈다고 느낄 수 있어요. 인구밀도가 높은 구간에서는 도보 이동시 부딪힘이 발생할 수 있어요.,16000,18000,49.8,50.2,2.0,5.0,11.8,14.0,14.0,20.6,19.0,13.7,88.3,11.7,N,2026-07-02 04:15,Y
2026-07-02T04:42:49.381822+09:00,동대문역,동대문역,POI024,KEY_4,동대문역,POI024,여유,사람이 몰려있을 가능성이 낮고 붐빔은 거의 느껴지지 않아요. 도보 이동이 자유로워요.,1000,1500,58.9,41.1,0.0,1.2,14.1,12.7,20.0,21.7,20.3,10.0,37.3,62.7,N,2026-07-02 04:15,Y
2026-07-02T04:42:49.381822+09:00,뚝섬역,뚝섬역,POI025,KEY_1,뚝섬역,POI025,여유,사람이 몰려있을 가능성이 낮고 붐빔은 거의 느껴지지 않아요. 도보 이동이 자유로워요.,3500,4000,50.3,49.7,1.9,4.9,14.8,19.5,18.0,17.3,13.4,10.2,80.9,19.1,N,2026-07-02 04:15,Y
2026-07-02T04:42:49.381822+09:00,미아사거리역,미아사거리역,POI026,KEY_2,미아사거리역,POI026,여유,사람이 몰려있을 가능성이 낮고 붐빔은 거의 느껴지지 않아요. 도보 이동이 자유로워요.,3500,4000,52.0,48.0,0.6,7.2,18.6,13.0,16.8,19.0,14.0,10.8,47.2,52.8,N,2026-07-02 04:15,Y
2026-07-02T04:42:49.381822+09:00,발산역,발산역,POI027,KEY_3,발산역,POI027,여유,사람이 몰려있을 가능성이 낮고 붐빔은 거의 느껴지지 않아요. 도보 이동이 자유로워요.,4000,4500,49.5,50.5,0.1,5.0,21.9,27.1,17.0,12.9,8.6,7.4,59.1,40.9,N,2026-07-02 04:15,Y
2026-07-02T04:42:49.381822+09:00,사당역,사당역,POI029,KEY_4,사당역,POI029,여유,사람이 몰려있을 가능성이 낮고 붐빔은 거의 느껴지지 않아요. 도보 이동이 자유로워요.,6000,6500,52.5,47.5,0.1,3.5,22.7,22.6,14.8,14.6,11.9,9.8,65.4,34.6,N,2026-07-02 04:15,Y
2026-07-02T04:42:49.381822+09:00,삼각지역,삼각지역,POI030,KEY_1,삼각지역,POI030,여유,사람이 몰려있을 가능성이 낮고 붐빔은 거의 느껴지지 않아요. 도보 이동이 자유로워요.,900,1000,51.6,48.4,1.8,3.5,15.6,27.0,17.8,14.5,11.6,8.1,77.1,22.9,N,2026-07-02 04:15,Y
2026-07-02T04:42:49.381822+09:00,서울대입구역,서울대입구역,POI031,KEY_2,서울대입구역,POI031,여유,사람이 몰려있을 가능성이 낮고 붐빔은 거의 느껴지지 않아요. 도보 이동이 자유로워요.,5500,6000,51.5,48.5,0.1,4.0,42.1,22.0,11.6,9.8,6.0,4.4,64.2,35.8,N,2026-07-02 04:15,Y
2026-07-02T04:42:49.381822+09:00,서울식물원·마곡나루역,서울식물원·마곡나루역,POI032,KEY_3,서울식물원·마곡나루역,POI032,여유,사람이 몰려있을 가능성이 낮고 붐빔은 거의 느껴지지 않아요. 도보 이동이 자유로워요.,1500,2000,49.0,51.0,3.9,6.9,16.0,22.0,16.5,14.7,10.8,9.3,83.3,16.7,N,2026-07-02 04:15,Y
2026-07-02T04:42:49.381822+09:00,서울역,서울역,POI033,KEY_4,서울역,POI033,여유,사람이 몰려있을 가능성이 낮고 붐빔은 거의 느껴지지 않아요. 도보 이동이 자유로워요.,3500,4000,53.8,46.2,1.3,4.4,12.9,16.6,17.9,19.7,15.5,11.6,73.8,26.2,N,2026-07-02 04:15,Y
2026-07-02T04:42:49.381822+09:00,선릉역,선릉역,POI034,KEY_1,선릉역,POI034,여유,사람이 몰려있을 가능성이 낮고 붐빔은 거의 느껴지지 않아요. 도보 이동이 자유로워요.,16000,18000,51.6,48.4,1.8,8.0,15.3,19.2,23.0,17.9,8.0,6.8,71.9,28.1,N,2026-07-02 04:15,Y
2026-07-02T04:42:49.381822+09:00,성신여대입구역,성신여대입구역,POI035,KEY_2,성신여대입구역,POI035,여유,사람이 몰려있을 가능성이 낮고 붐빔은 거의 느껴지지 않아요. 도보 이동이 자유로워요.,2000,2500,46.9,53.1,0.5,5.7,39.2,16.9,13.2,10.8,7.4,6.4,39.6,60.4,N,2026-07-02 04:15,Y
2026-07-02T04:42:49.381822+09:00,수유역,수유역,POI036,KEY_3,수유역,POI036,여유,사람이 몰려있을 가능성이 낮고 붐빔은 거의 느껴지지 않아요. 도보 이동이 자유로워요.,7500,8000,51.2,48.8,0.1,4.8,22.6,15.3,16.9,17.8,13.2,9.3,50.4,49.6,N,2026-07-02 04:15,Y
2026-07-02T04:42:49.381822+09:00,숭례문,숭례문,POI131,KEY_4,숭례문,POI131,여유,사람이 몰려있을 가능성이 낮고 붐빔은 거의 느껴지지 않아요. 도보 이동이 자유로워요.,1000,1500,59.0,41.0,0.9,2.9,11.9,17.2,19.7,20.6,16.3,10.4,61.8,38.2,N,2026-07-02 04:15,Y
2026-07-02T04:42:49.381822+09:00,시의회 앞,시의회 앞,POI130,KEY_1,시의회 앞,POI130,여유,사람이 몰려있을 가능성이 낮고 붐빔은 거의 느껴지지 않아요. 도보 이동이 자유로워요.,800,900,59.1,40.9,0.8,3.2,14.9,19.2,22.6,19.6,12.4,7.3,46.6,53.4,N,2026-07-02 04:15,Y
2026-07-02T04:42:49.381822+09:00,신논현역·논현역,신논현역·논현역,POI037,KEY_2,신논현역·논현역,POI037,여유,사람이 몰려있을 가능성이 낮고 붐빔은 거의 느껴지지 않아요. 도보 이동이 자유로워요.,4500,5000,51.4,48.6,1.7,4.7,18.8,21.1,21.1,15.5,8.8,8.4,69.8,30.2,N,2026-07-02 04:15,Y
2026-07-02T04:42:49.381822+09:00,신도림역,신도림역,POI038,KEY_3,신도림역,POI038,여유,사람이 몰려있을 가능성이 낮고 붐빔은 거의 느껴지지 않아요. 도보 이동이 자유로워요.,3500,4000,49.5,50.5,4.3,6.6,11.4,18.9,17.1,16.4,13.6,11.7,87.9,12.1,N,2026-07-02 04:15,Y
2026-07-02T04:42:49.381822+09:00,신림역,신림역,POI039,KEY_4,신림역,POI039,여유,사람이 몰려있을 가능성이 낮고 붐빔은 거의 느껴지지 않아요. 도보 이동이 자유로워요.,6500,7000,56.6,43.4,0.0,2.6,38.0,28.0,13.7,9.4,4.9,3.5,56.5,43.5,N,2026-07-02 04:15,Y
2026-07-02T04:42:49.381822+09:00,신정네거리역,신정네거리역,POI117,KEY_1,신정네거리역,POI117,여유,사람이 몰려있을 가능성이 낮고 붐빔은 거의 느껴지지 않아요. 도보 이동이 자유로워요.,700,800,53.5,46.5,0.7,10.1,17.5,19.1,15.3,16.3,10.4,10.6,61.0,39.0,N,2026-07-02 04:15,Y
2026-07-02T04:42:49.381822+09:00,신촌·이대역,신촌·이대역,POI040,KEY_2,신촌·이대역,POI040,여유,사람이 몰려있을 가능성이 낮고 붐빔은 거의 느껴지지 않아요. 도보 이동이 자유로워요.,16000,18000,44.5,55.5,1.3,5.6,43.7,16.5,10.1,9.9,7.0,6.0,67.1,32.9,N,2026-07-02 04:15,Y
2026-07-02T04:42:49.381822+09:00,쌍문역,쌍문역,POI070,KEY_3,쌍문역,POI070,여유,사람이 몰려있을 가능성이 낮고 붐빔은 거의 느껴지지 않아요. 도보 이동이 자유로워요.,4000,4500,49.6,50.4,0.3,5.2,15.2,16.5,15.9,18.0,15.3,13.6,60.3,39.7,N,2026-07-02 04:15,Y
2026-07-02T04:42:49.381822+09:00,양재역,양재역,POI041,KEY_4,양재역,POI041,여유,사람이 몰려있을 가능성이 낮고 붐빔은 거의 느껴지지 않아요. 도보 이동이 자유로워요.,5500,6000,49.6,50.4,2.5,6.6,14.3,20.1,18.4,16.5,11.4,10.1,81.0,19.0,N,2026-07-02 04:15,Y
2026-07-02T04:42:49.381822+09:00,역삼역,역삼역,POI042,KEY_1,역삼역,POI042,여유,사람이 몰려있을 가능성이 낮고 붐빔은 거의 느껴지지 않아요. 도보 이동이 자유로워요.,10000,12000,52.9,47.1,1.8,5.3,17.0,22.0,22.4,16.1,8.6,6.7,70.8,29.2,N,2026-07-02 04:15,Y
2026-07-02T04:42:49.381822+09:00,연신내역,연신내역,POI043,KEY_2,연신내역,POI043,여유,사람이 몰려있을 가능성이 낮고 붐빔은 거의 느껴지지 않아요. 도보 이동이 자유로워요.,3000,3500,52.8,47.2,0.1,2.9,23.4,21.3,13.8,16.2,12.3,9.9,55.5,44.5,N,2026-07-02 04:15,Y
2026-07-02T04:42:49.381822+09:00,오목교역·목동운동장,오목교역·목동운동장,POI044,KEY_3,오목교역·목동운동장,POI044,여유,사람이 몰려있을 가능성이 낮고 붐빔은 거의 느껴지지 않아요. 도보 이동이 자유로워요.,62000,64000,48.5,51.5,6.1,14.5,10.1,9.8,20.2,17.6,11.7,9.9,89.7,10.3,N,2026-07-02 04:15,Y
2026-07-02T04:42:49.381822+09:00,왕십리역,왕십리역,POI045,KEY_4,왕십리역,POI045,여유,사람이 몰려있을 가능성이 낮고 붐빔은 거의 느껴지지 않아요. 도보 이동이 자유로워요.,16000,18000,48.8,51.2,2.7,6.3,24.4,15.7,12.7,14.8,12.0,11.4,85.9,14.1,N,2026-07-02 04:15,Y
2026-07-02T04:42:49.381822+09:00,용산역,용산역,POI046,KEY_1,용산역,POI046,여유,사람이 몰려있을 가능성이 낮고 붐빔은 거의 느껴지지 않아요. 도보 이동이 자유로워요.,3000,3500,56.0,44.0,0.4,3.2,14.0,20.2,21.4,20.2,12.6,8.1,55.3,44.7,N,2026-07-02 04:15,Y
2026-07-02T04:42:49.381822+09:00,이태원역,이태원역,POI047,KEY_2,이태원역,POI047,여유,사람이 몰려있을 가능성이 낮고 붐빔은 거의 느껴지지 않아요. 도보 이동이 자유로워요.,1500,2000,56.9,43.1,0.6,4.5,33.6,22.4,13.7,11.2,6.6,7.5,45.6,54.4,N,2026-07-02 04:15,Y
2026-07-02T04:42:49.381822+09:00,잠실새내역,잠실새내역,POI118,KEY_3,잠실새내역,POI118,여유,사람이 몰려있을 가능성이 낮고 붐빔은 거의 느껴지지 않아요. 도보 이동이 자유로워요.,6000,6500,51.9,48.1,0.3,8.6,17.5,19.5,23.2,16.4,8.5,6.1,57.9,42.1,N,2026-07-02 04:15,Y
2026-07-02T04:42:49.381822+09:00,잠실역,잠실역,POI119,KEY_4,잠실역,POI119,여유,사람이 몰려있을 가능성이 낮고 붐빔은 거의 느껴지지 않아요. 도보 이동이 자유로워요.,2000,2500,57.2,42.8,0.1,3.7,13.5,24.1,21.3,19.3,11.1,6.8,41.8,58.2,N,2026-07-02 04:15,Y
2026-07-02T04:42:49.381822+09:00,장지역,장지역,POI048,KEY_1,장지역,POI048,여유,사람이 몰려있을 가능성이 낮고 붐빔은 거의 느껴지지 않아요. 도보 이동이 자유로워요.,7000,7500,51.3,48.7,2.4,5.4,13.2,23.4,19.6,16.8,10.9,8.4,73.0,27.0,N,2026-07-02 04:15,Y
2026-07-02T04:42:49.381822+09:00,장한평역,장한평역,POI049,KEY_2,장한평역,POI049,여유,사람이 몰려있을 가능성이 낮고 붐빔은 거의 느껴지지 않아요. 도보 이동이 자유로워요.,4500,5000,52.7,47.3,0.2,1.7,18.2,22.6,19.6,16.4,12.4,8.9,55.8,44.2,N,2026-07-02 04:15,Y
2026-07-02T04:42:49.381822+09:00,천호역,천호역,POI050,KEY_3,천호역,POI050,여유,사람이 몰려있을 가능성이 낮고 붐빔은 거의 느껴지지 않아요. 도보 이동이 자유로워요.,3000,3500,50.1,49.9,0.1,3.6,18.4,23.9,18.4,18.2,9.8,7.6,51.3,48.7,N,2026-07-02 04:15,Y
2026-07-02T04:42:49.381822+09:00,총신대입구(이수)역,총신대입구(이수)역,POI051,KEY_4,총신대입구(이수)역,POI051,여유,사람이 몰려있을 가능성이 낮고 붐빔은 거의 느껴지지 않아요. 도보 이동이 자유로워요.,4000,4500,48.5,51.5,0.3,4.7,17.7,21.6,17.6,14.0,12.8,11.3,66.4,33.6,N,2026-07-02 04:15,Y
2026-07-02T04:42:49.381822+09:00,충정로역,충정로역,POI052,KEY_1,충정로역,POI052,여유,사람이 몰려있을 가능성이 낮고 붐빔은 거의 느껴지지 않아요. 도보 이동이 자유로워요.,5000,5500,47.8,52.2,2.4,5.7,13.4,17.6,15.7,17.0,15.1,13.1,86.1,13.9,N,2026-07-02 04:15,Y
2026-07-02T04:42:49.381822+09:00,합정역,합정역,POI053,KEY_2,합정역,POI053,여유,사람이 몰려있을 가능성이 낮고 붐빔은 거의 느껴지지 않아요. 도보 이동이 자유로워요.,5000,5500,47.5,52.5,1.2,4.4,18.5,22.3,16.8,15.1,11.4,10.4,79.0,21.0,N,2026-07-02 04:15,Y
2026-07-02T04:42:49.381822+09:00,혜화역,혜화역,POI054,KEY_3,혜화역,POI054,여유,사람이 몰려있을 가능성이 낮고 붐빔은 거의 느껴지지 않아요. 도보 이동이 자유로워요.,6500,7000,48.2,51.8,1.3,7.8,26.9,15.0,12.5,13.8,11.4,11.4,79.1,20.9,N,2026-07-02 04:15,Y
2026-07-02T04:42:49.381822+09:00,홍대입구역(2호선),홍대입구역(2호선),POI055,KEY_4,홍대입구역(2호선),POI055,여유,사람이 몰려있을 가능성이 낮고 붐빔은 거의 느껴지지 않아요. 도보 이동이 자유로워요.,6000,6500,49.0,51.0,1.1,5.0,24.6,18.8,15.9,14.9,10.5,9.1,73.7,26.3,N,2026-07-02 04:15,Y
2026-07-02T04:42:49.381822+09:00,회기역,회기역,POI056,KEY_1,회기역,POI056,여유,사람이 몰려있을 가능성이 낮고 붐빔은 거의 느껴지지 않아요. 도보 이동이 자유로워요.,5500,6000,49.9,50.1,0.0,6.8,46.1,14.2,9.9,10.3,6.2,6.5,62.0,38.0,N,2026-07-02 04:15,Y
2026-07-02T05:44:20.935931+09:00,경복궁,경복궁,POI008,KEY_1,경복궁,POI008,여유,사람이 몰려있을 가능성이 낮고 붐빔은 거의 느껴지지 않아요. 도보 이동이 자유로워요.,200,300,54.9,45.1,0.9,6.4,12.3,14.8,19.8,19.4,13.9,12.6,60.5,39.5,N,2026-07-02 05:15,Y
2026-07-02T05:44:20.935931+09:00,광화문·덕수궁,광화문·덕수궁,POI009,KEY_2,광화문·덕수궁,POI009,여유,사람이 몰려있을 가능성이 낮고 붐빔은 거의 느껴지지 않아요. 도보 이동이 자유로워요.,4000,4500,55.2,44.8,0.7,3.2,11.1,16.9,19.2,21.6,17.1,10.1,50.3,49.7,N,2026-07-02 05:15,Y
2026-07-02T05:44:20.935931+09:00,보신각,보신각,POI010,KEY_3,보신각,POI010,여유,사람이 몰려있을 가능성이 낮고 붐빔은 거의 느껴지지 않아요. 도보 이동이 자유로워요.,1500,2000,59.1,40.9,0.3,2.9,14.9,17.7,19.3,18.3,17.1,9.5,57.7,42.3,N,2026-07-02 05:15,Y
2026-07-02T05:44:20.935931+09:00,서울 암사동 유적,서울 암사동 유적,POI011,KEY_4,서울 암사동 유적,POI011,여유,사람이 몰려있을 가능성이 낮고 붐빔은 거의 느껴지지 않아요. 도보 이동이 자유로워요.,300,400,52.1,47.9,4.4,7.9,9.8,13.7,15.0,17.3,16.2,15.7,79.4,20.6,N,2026-07-02 05:15,Y
2026-07-02T05:44:20.935931+09:00,창덕궁·종묘,창덕궁·종묘,POI012,KEY_1,창덕궁·종묘,POI012,여유,사람이 몰려있을 가능성이 낮고 붐빔은 거의 느껴지지 않아요. 도보 이동이 자유로워요.,3000,3500,54.7,45.3,0.6,3.2,20.5,15.9,14.8,18.9,15.8,10.5,53.4,46.6,N,2026-07-02 05:15,Y
2026-07-02T05:44:20.935931+09:00,강남 MICE 관광특구,강남 MICE 관광특구,POI001,KEY_2,강남 MICE 관광특구,POI001,여유,사람이 몰려있을 가능성이 낮고 붐빔은 거의 느껴지지 않아요. 도보 이동이 자유로워요.,2000,2500,55.4,44.6,2.0,5.9,11.8,15.0,20.2,19.9,14.0,11.3,70.0,30.0,N,2026-07-02 05:15,Y
2026-07-02T05:44:20.935931+09:00,동대문 관광특구,동대문 관광특구,POI002,KEY_3,동대문 관광특구,POI002,여유,사람이 몰려있을 가능성이 낮고 붐빔은 거의 느껴지지 않아요. 도보 이동이 자유로워요.,14000,16000,50.0,50.0,1.1,3.1,14.7,19.2,19.6,18.4,14.3,9.6,68.3,31.7,N,2026-07-02 05:15,Y
2026-07-02T05:44:20.935931+09:00,명동 관광특구,명동 관광특구,POI003,KEY_4,명동 관광특구,POI003,여유,사람이 몰려있을 가능성이 낮고 붐빔은 거의 느껴지지 않아요. 도보 이동이 자유로워요.,9000,9500,57.1,42.9,0.4,2.6,11.8,16.1,19.7,21.1,18.3,9.8,57.8,42.2,N,2026-07-02 05:15,Y
2026-07-02T05:44:20.935931+09:00,이태원 관광특구,이태원 관광특구,POI004,KEY_1,이태원 관광특구,POI004,여유,사람이 몰려있을 가능성이 낮고 붐빔은 거의 느껴지지 않아요. 도보 이동이 자유로워요.,3000,3500,55.3,44.7,0.6,3.6,20.6,22.0,18.3,14.3,11.6,8.8,47.9,52.1,N,2026-07-02 05:15,Y
2026-07-02T05:44:20.935931+09:00,잠실 관광특구,잠실 관광특구,POI005,KEY_2,잠실 관광특구,POI005,여유,사람이 몰려있을 가능성이 낮고 붐빔은 거의 느껴지지 않아요. 도보 이동이 자유로워요.,16000,18000,51.4,48.6,0.2,4.9,16.8,21.8,19.5,15.8,12.2,8.8,45.3,54.7,N,2026-07-02 05:15,Y
2026-07-02T05:44:20.935931+09:00,종로·청계 관광특구,종로·청계 관광특구,POI006,KEY_3,종로·청계 관광특구,POI006,여유,사람이 몰려있을 가능성이 낮고 붐빔은 거의 느껴지지 않아요. 도보 이동이 자유로워요.,9500,10000,54.6,45.4,0.8,3.0,15.7,16.6,16.8,19.5,17.4,10.2,61.6,38.4,N,2026-07-02 05:15,Y
2026-07-02T05:44:20.935931+09:00,홍대 관광특구,홍대 관광특구,POI007,KEY_4,홍대 관광특구,POI007,여유,사람이 몰려있을 가능성이 낮고 붐빔은 거의 느껴지지 않아요. 도보 이동이 자유로워요.,30000,32000,50.0,50.0,1.1,6.6,28.1,19.1,14.0,13.0,9.5,8.6,69.0,31.0,N,2026-07-02 05:15,Y
2026-07-02T05:44:20.935931+09:00,강서한강공원,강서한강공원,POI085,KEY_1,강서한강공원,POI085,여유,사람이 몰려있을 가능성이 낮고 붐빔은 거의 느껴지지 않아요. 도보 이동이 자유로워요.,0,100,72.3,27.7,0.0,1.5,9.9,8.1,19.9,34.9,22.0,3.6,1.0,99.0,N,2026-07-02 05:15,Y
2026-07-02T05:44:20.935931+09:00,고척돔,고척돔,POI086,KEY_2,고척돔,POI086,여유,사람이 몰려있을 가능성이 낮고 붐빔은 거의 느껴지지 않아요. 도보 이동이 자유로워요.,600,700,47.9,52.1,0.1,2.8,7.1,31.5,20.8,16.9,10.1,10.7,53.0,47.0,N,2026-07-02 05:15,Y
2026-07-02T05:44:20.935931+09:00,광나루한강공원,광나루한강공원,POI087,KEY_3,광나루한강공원,POI087,여유,사람이 몰려있을 가능성이 낮고 붐빔은 거의 느껴지지 않아요. 도보 이동이 자유로워요.,1500,2000,59.7,40.3,0.3,3.8,9.1,12.9,19.1,25.6,17.9,11.4,39.6,60.4,N,2026-07-02 05:15,Y
2026-07-02T05:44:20.935931+09:00,광화문광장,광화문광장,POI088,KEY_4,광화문광장,POI088,여유,사람이 몰려있을 가능성이 낮고 붐빔은 거의 느껴지지 않아요. 도보 이동이 자유로워요.,800,900,55.3,44.7,0.9,4.0,10.0,19.3,18.9,20.7,15.9,10.3,57.3,42.7,N,2026-07-02 05:15,Y
2026-07-02T05:44:20.935931+09:00,국립중앙박물관·용산가족공원,국립중앙박물관·용산가족공원,POI089,KEY_1,국립중앙박물관·용산가족공원,POI089,여유,사람이 몰려있을 가능성이 낮고 붐빔은 거의 느껴지지 않아요. 도보 이동이 자유로워요.,1000,1500,49.0,51.0,4.7,7.9,9.6,12.9,16.4,18.6,16.2,13.6,85.7,14.3,N,2026-07-02 05:15,Y
2026-07-02T05:44:20.935931+09:00,난지한강공원,난지한강공원,POI090,KEY_2,난지한강공원,POI090,여유,사람이 몰려있을 가능성이 낮고 붐빔은 거의 느껴지지 않아요. 도보 이동이 자유로워요.,800,900,71.4,28.6,0.9,2.3,11.7,10.3,19.8,29.6,18.5,7.0,12.4,87.6,N,2026-07-02 05:15,Y
2026-07-02T05:44:20.935931+09:00,남산공원,남산공원,POI091,KEY_3,남산공원,POI091,여유,사람이 몰려있을 가능성이 낮고 붐빔은 거의 느껴지지 않아요. 도보 이동이 자유로워요.,4500,5000,53.6,46.4,0.9,5.1,17.1,17.0,16.2,16.9,14.8,12.0,61.7,38.3,N,2026-07-02 05:15,Y
2026-07-02T05:44:20.935931+09:00,노들섬,노들섬,POI092,KEY_4,노들섬,POI092,여유,사람이 몰려있을 가능성이 낮고 붐빔은 거의 느껴지지 않아요. 도보 이동이 자유로워요.,100,200,67.0,33.0,0.0,3.8,13.9,6.2,13.5,26.4,25.3,11.0,13.8,86.2,N,2026-07-02 05:15,Y
2026-07-02T05:44:20.935931+09:00,뚝섬한강공원,뚝섬한강공원,POI093,KEY_1,뚝섬한강공원,POI093,여유,사람이 몰려있을 가능성이 낮고 붐빔은 거의 느껴지지 않아요. 도보 이동이 자유로워요.,1500,2000,54.6,45.4,0.5,3.2,7.7,15.6,19.3,21.9,17.6,14.1,55.8,44.2,N,2026-07-02 05:15,Y
2026-07-02T05:44:20.935931+09:00,망원한강공원,망원한강공원,POI094,KEY_2,망원한강공원,POI094,여유,사람이 몰려있을 가능성이 낮고 붐빔은 거의 느껴지지 않아요. 도보 이동이 자유로워요.,1000,1500,56.9,43.1,1.2,4.4,11.8,17.2,17.8,21.4,14.8,11.4,57.1,42.9,N,2026-07-02 05:15,Y
2026-07-02T05:44:20.935931+09:00,반포한강공원,반포한강공원,POI095,KEY_3,반포한강공원,POI095,여유,사람이 몰려있을 가능성이 낮고 붐빔은 거의 느껴지지 않아요. 도보 이동이 자유로워요.,1000,1500,69.4,30.6,0.5,5.5,12.0,11.9,22.5,25.8,15.9,5.9,13.5,86.5,N,2026-07-02 05:15,Y
2026-07-02T05:44:20.935931+09:00,보라매공원,보라매공원,POI123,KEY_4,보라매공원,POI123,여유,사람이 몰려있을 가능성이 낮고 붐빔은 거의 느껴지지 않아요. 도보 이동이 자유로워요.,2000,2500,50.8,49.2,1.4,6.1,14.9,16.6,15.6,16.7,14.4,14.4,61.0,39.0,N,2026-07-02 05:15,Y
2026-07-02T05:44:20.935931+09:00,북서울꿈의숲,북서울꿈의숲,POI096,KEY_1,북서울꿈의숲,POI096,여유,사람이 몰려있을 가능성이 낮고 붐빔은 거의 느껴지지 않아요. 도보 이동이 자유로워요.,5000,5500,49.0,51.0,0.4,5.6,9.9,14.2,17.9,19.4,16.0,16.6,63.6,36.4,N,2026-07-02 05:15,Y
2026-07-02T05:44:20.935931+09:00,서대문독립공원,서대문독립공원,POI124,KEY_2,서대문독립공원,POI124,여유,사람이 몰려있을 가능성이 낮고 붐빔은 거의 느껴지지 않아요. 도보 이동이 자유로워요.,800,900,47.4,52.6,0.4,9.1,9.9,11.7,17.6,17.5,18.2,15.8,48.9,51.1,N,2026-07-02 05:15,Y
2026-07-02T05:44:20.935931+09:00,서리풀공원·몽마르뜨공원,서리풀공원·몽마르뜨공원,POI098,KEY_3,서리풀공원·몽마르뜨공원,POI098,여유,사람이 몰려있을 가능성이 낮고 붐빔은 거의 느껴지지 않아요. 도보 이동이 자유로워요.,2000,2500,50.4,49.6,0.3,8.3,11.6,16.2,19.4,19.0,12.8,12.5,58.2,41.8,N,2026-07-02 05:15,Y
2026-07-02T05:44:20.935931+09:00,서울대공원,서울대공원,POI100,KEY_4,서울대공원,POI100,여유,사람이 몰려있을 가능성이 낮고 붐빔은 거의 느껴지지 않아요. 도보 이동이 자유로워요.,400,500,56.5,43.5,1.9,7.9,10.5,13.5,17.9,19.4,16.9,12.0,68.0,32.0,N,2026-07-02 05:15,Y
2026-07-02T05:44:20.935931+09:00,서울숲공원,서울숲공원,POI101,KEY_1,서울숲공원,POI101,여유,사람이 몰려있을 가능성이 낮고 붐빔은 거의 느껴지지 않아요. 도보 이동이 자유로워요.,2000,2500,59.4,40.6,0.8,3.1,9.4,15.6,18.2,24.6,19.1,9.2,39.1,60.9,N,2026-07-02 05:15,Y
2026-07-02T05:44:20.935931+09:00,송현녹지광장,송현녹지광장,POI129,KEY_2,송현녹지광장,POI129,여유,사람이 몰려있을 가능성이 낮고 붐빔은 거의 느껴지지 않아요. 도보 이동이 자유로워요.,1000,1500,50.5,49.5,0.7,5.8,12.8,15.0,18.2,18.4,15.4,13.7,73.6,26.4,N,2026-07-02 05:15,Y
2026-07-02T05:44:20.935931+09:00,아차산,아차산,POI102,KEY_3,아차산,POI102,여유,사람이 몰려있을 가능성이 낮고 붐빔은 거의 느껴지지 않아요. 도보 이동이 자유로워요.,4000,4500,50.5,49.5,0.2,5.3,10.6,15.3,19.5,19.8,17.2,12.1,58.5,41.5,N,2026-07-02 05:15,Y
2026-07-02T05:44:20.935931+09:00,안양천,안양천,POI125,KEY_4,안양천,POI125,여유,사람이 몰려있을 가능성이 낮고 붐빔은 거의 느껴지지 않아요. 도보 이동이 자유로워요.,1000,1500,58.3,41.7,0.7,8.4,8.5,12.4,21.9,21.6,16.0,10.6,49.9,50.1,N,2026-07-02 05:15,Y
2026-07-02T05:44:20.935931+09:00,양화한강공원,양화한강공원,POI103,KEY_1,양화한강공원,POI103,여유,사람이 몰려있을 가능성이 낮고 붐빔은 거의 느껴지지 않아요. 도보 이동이 자유로워요.,300,400,63.5,36.5,0.4,2.4,11.4,20.0,19.7,20.4,17.1,8.8,35.5,64.5,N,2026-07-02 05:15,Y
2026-07-02T05:44:20.935931+09:00,어린이대공원,어린이대공원,POI104,KEY_2,어린이대공원,POI104,여유,사람이 몰려있을 가능성이 낮고 붐빔은 거의 느껴지지 않아요. 도보 이동이 자유로워요.,2500,3000,51.8,48.2,0.9,6.6,26.8,17.3,14.1,14.1,10.1,10.1,65.1,34.9,N,2026-07-02 05:15,Y
2026-07-02T05:44:20.935931+09:00,여의도한강공원,여의도한강공원,POI105,KEY_3,여의도한강공원,POI105,여유,사람이 몰려있을 가능성이 낮고 붐빔은 거의 느껴지지 않아요. 도보 이동이 자유로워요.,700,800,57.3,42.7,1.8,4.4,12.0,12.9,16.9,21.3,17.8,12.8,45.4,54.6,N,2026-07-02 05:15,Y
2026-07-02T05:44:20.935931+09:00,여의서로,여의서로,POI126,KEY_4,여의서로,POI126,여유,사람이 몰려있을 가능성이 낮고 붐빔은 거의 느껴지지 않아요. 도보 이동이 자유로워요.,200,300,55.4,44.6,2.1,3.9,13.9,19.4,15.4,19.5,18.5,7.3,53.8,46.2,N,2026-07-02 05:15,Y
2026-07-02T05:44:20.935931+09:00,올림픽공원,올림픽공원,POI127,KEY_1,올림픽공원,POI127,여유,사람이 몰려있을 가능성이 낮고 붐빔은 거의 느껴지지 않아요. 도보 이동이 자유로워요.,4000,4500,52.7,47.3,0.4,6.6,12.3,15.4,20.3,19.5,15.0,10.5,47.2,52.8,N,2026-07-02 05:15,Y
2026-07-02T05:44:20.935931+09:00,월드컵공원,월드컵공원,POI106,KEY_2,월드컵공원,POI106,여유,사람이 몰려있을 가능성이 낮고 붐빔은 거의 느껴지지 않아요. 도보 이동이 자유로워요.,3500,4000,58.1,41.9,1.5,4.8,11.5,13.1,18.2,22.6,16.2,12.1,47.3,52.7,N,2026-07-02 05:15,Y
2026-07-02T05:44:20.935931+09:00,응봉산,응봉산,POI107,KEY_3,응봉산,POI107,여유,사람이 몰려있을 가능성이 낮고 붐빔은 거의 느껴지지 않아요. 도보 이동이 자유로워요.,2000,2500,51.5,48.5,0.7,7.3,9.6,14.1,21.6,19.9,14.9,11.8,64.4,35.6,N,2026-07-02 05:15,Y
2026-07-02T05:44:20.935931+09:00,이촌한강공원,이촌한강공원,POI108,KEY_4,이촌한강공원,POI108,여유,사람이 몰려있을 가능성이 낮고 붐빔은 거의 느껴지지 않아요. 도보 이동이 자유로워요.,1000,1500,56.3,43.7,0.5,5.7,7.8,15.2,21.2,20.7,17.6,11.4,42.8,57.2,N,2026-07-02 05:15,Y
2026-07-02T05:44:20.935931+09:00,잠실종합운동장,잠실종합운동장,POI109,KEY_1,잠실종합운동장,POI109,여유,사람이 몰려있을 가능성이 낮고 붐빔은 거의 느껴지지 않아요. 도보 이동이 자유로워요.,1000,1500,52.7,47.3,2.9,10.7,8.7,12.4,25.8,20.0,11.1,8.4,62.1,37.9,N,2026-07-02 05:15,Y
2026-07-02T05:44:20.935931+09:00,잠실한강공원,잠실한강공원,POI110,KEY_2,잠실한강공원,POI110,여유,사람이 몰려있을 가능성이 낮고 붐빔은 거의 느껴지지 않아요. 도보 이동이 자유로워요.,900,1000,56.6,43.4,0.5,7.9,8.9,10.6,21.8,24.5,14.9,10.8,32.1,67.9,N,2026-07-02 05:15,Y
2026-07-02T05:44:20.935931+09:00,잠원한강공원,잠원한강공원,POI111,KEY_3,잠원한강공원,POI111,여유,사람이 몰려있을 가능성이 낮고 붐빔은 거의 느껴지지 않아요. 도보 이동이 자유로워요.,700,800,63.9,36.1,0.1,7.0,8.6,8.5,18.7,27.7,17.0,12.3,24.9,75.1,N,2026-07-02 05:15,Y
2026-07-02T05:44:20.935931+09:00,청계산,청계산,POI112,KEY_4,청계산,POI112,여유,사람이 몰려있을 가능성이 낮고 붐빔은 거의 느껴지지 않아요. 도보 이동이 자유로워요.,900,1000,50.7,49.3,2.8,5.8,9.2,16.7,17.1,17.5,15.3,15.6,80.2,19.8,N,2026-07-02 05:15,Y
2026-07-02T05:44:20.935931+09:00,홍제폭포,홍제폭포,POI128,KEY_1,홍제폭포,POI128,여유,사람이 몰려있을 가능성이 낮고 붐빔은 거의 느껴지지 않아요. 도보 이동이 자유로워요.,400,500,45.8,54.2,3.6,7.4,13.2,12.0,13.3,17.3,15.7,17.4,87.2,12.8,N,2026-07-02 05:15,Y
2026-07-02T05:44:20.935931+09:00,가락시장,가락시장,POI058,KEY_2,가락시장,POI058,여유,사람이 몰려있을 가능성이 낮고 붐빔은 거의 느껴지지 않아요. 도보 이동이 자유로워요.,7500,8000,76.8,23.2,0.2,2.3,6.1,15.2,24.4,26.6,19.1,6.1,39.2,60.8,N,2026-07-02 05:15,Y
2026-07-02T05:44:20.935931+09:00,가로수길,가로수길,POI059,KEY_3,가로수길,POI059,여유,사람이 몰려있을 가능성이 낮고 붐빔은 거의 느껴지지 않아요. 도보 이동이 자유로워요.,9500,10000,49.5,50.5,1.9,7.1,11.1,14.5,20.1,19.1,13.1,13.0,69.8,30.2,N,2026-07-02 05:15,Y
2026-07-02T05:44:20.935931+09:00,광장(전통)시장,광장(전통)시장,POI060,KEY_4,광장(전통)시장,POI060,여유,사람이 몰려있을 가능성이 낮고 붐빔은 거의 느껴지지 않아요. 도보 이동이 자유로워요.,1000,1500,53.9,46.1,0.7,3.0,18.0,15.9,14.0,18.1,17.8,12.4,66.8,33.2,N,2026-07-02 05:15,Y
2026-07-02T05:44:20.935931+09:00,김포공항,김포공항,POI061,KEY_1,김포공항,POI061,여유,사람이 몰려있을 가능성이 낮고 붐빔은 거의 느껴지지 않아요. 도보 이동이 자유로워요.,1000,1500,59.2,40.8,0.8,2.5,17.8,17.0,19.8,19.1,14.5,8.5,21.6,78.4,N,2026-07-02 05:15,Y
2026-07-02T05:44:20.935931+09:00,남대문시장,남대문시장,POI115,KEY_2,남대문시장,POI115,여유,사람이 몰려있을 가능성이 낮고 붐빔은 거의 느껴지지 않아요. 도보 이동이 자유로워요.,2000,2500,55.1,44.9,0.8,3.1,11.2,14.8,17.2,20.5,19.8,12.6,67.2,32.8,N,2026-07-02 05:15,Y
2026-07-02T05:44:20.935931+09:00,노량진,노량진,POI063,KEY_3,노량진,POI063,여유,사람이 몰려있을 가능성이 낮고 붐빔은 거의 느껴지지 않아요. 도보 이동이 자유로워요.,12000,14000,56.3,43.7,1.0,4.1,26.0,19.5,12.5,14.9,12.4,9.6,71.4,28.6,N,2026-07-02 05:15,Y
2026-07-02T05:44:20.935931+09:00,덕수궁길·정동길,덕수궁길·정동길,POI064,KEY_4,덕수궁길·정동길,POI064,여유,사람이 몰려있을 가능성이 낮고 붐빔은 거의 느껴지지 않아요. 도보 이동이 자유로워요.,1000,1500,47.2,52.8,1.4,12.6,9.9,13.0,16.6,18.9,15.5,12.2,59.9,40.1,N,2026-07-02 05:15,Y
2026-07-02T05:44:20.935931+09:00,북창동 먹자골목,북창동 먹자골목,POI114,KEY_1,북창동 먹자골목,POI114,여유,사람이 몰려있을 가능성이 낮고 붐빔은 거의 느껴지지 않아요. 도보 이동이 자유로워요.,1500,2000,56.2,43.8,0.6,2.7,12.0,16.5,18.3,20.5,18.3,11.1,59.7,40.3,N,2026-07-02 05:15,Y
2026-07-02T05:44:20.935931+09:00,북촌한옥마을,북촌한옥마을,POI066,KEY_2,북촌한옥마을,POI066,여유,사람이 몰려있을 가능성이 낮고 붐빔은 거의 느껴지지 않아요. 도보 이동이 자유로워요.,4000,4500,51.3,48.7,0.7,7.5,12.9,14.7,17.4,18.3,14.3,14.2,74.4,25.6,N,2026-07-02 05:15,Y
2026-07-02T05:44:20.935931+09:00,서촌,서촌,POI067,KEY_3,서촌,POI067,여유,사람이 몰려있을 가능성이 낮고 붐빔은 거의 느껴지지 않아요. 도보 이동이 자유로워요.,8500,9000,45.6,54.4,2.6,9.1,11.9,14.2,16.9,17.6,13.6,14.0,89.9,10.1,N,2026-07-02 05:15,Y
2026-07-02T05:44:20.935931+09:00,성수카페거리,성수카페거리,POI068,KEY_4,성수카페거리,POI068,여유,사람이 몰려있을 가능성이 낮고 붐빔은 거의 느껴지지 않아요. 도보 이동이 자유로워요.,7000,7500,53.8,46.2,1.5,4.3,17.5,18.2,15.0,18.0,14.9,10.6,71.2,28.8,N,2026-07-02 05:15,Y
2026-07-02T05:44:20.935931+09:00,송리단길·호수단길,송리단길·호수단길,POI121,KEY_1,송리단길·호수단길,POI121,여유,사람이 몰려있을 가능성이 낮고 붐빔은 거의 느껴지지 않아요. 도보 이동이 자유로워요.,4500,5000,48.6,51.4,0.2,4.8,16.7,25.7,17.2,14.6,11.6,9.2,68.6,31.4,N,2026-07-02 05:15,Y
2026-07-02T05:44:20.935931+09:00,신촌 스타광장,신촌 스타광장,POI122,KEY_2,신촌 스타광장,POI122,여유,사람이 몰려있을 가능성이 낮고 붐빔은 거의 느껴지지 않아요. 도보 이동이 자유로워요.,1500,2000,48.3,51.7,1.2,5.0,41.6,16.1,9.6,11.0,8.3,7.2,67.4,32.6,N,2026-07-02 05:15,Y
2026-07-02T05:44:20.935931+09:00,압구정로데오거리,압구정로데오거리,POI071,KEY_3,압구정로데오거리,POI071,여유,사람이 몰려있을 가능성이 낮고 붐빔은 거의 느껴지지 않아요. 도보 이동이 자유로워요.,9500,10000,48.7,51.3,3.3,6.9,9.8,13.5,19.0,19.2,13.9,14.4,78.6,21.4,N,2026-07-02 05:15,Y
2026-07-02T05:44:20.935931+09:00,여의도,여의도,POI072,KEY_4,여의도,POI072,여유,사람이 몰려있을 가능성이 낮고 붐빔은 거의 느껴지지 않아요. 도보 이동이 자유로워요.,34000,36000,52.3,47.7,1.8,5.4,11.1,16.2,18.7,18.4,15.7,12.7,70.5,29.5,N,2026-07-02 05:15,Y
2026-07-02T05:44:20.935931+09:00,연남동,연남동,POI073,KEY_1,연남동,POI073,여유,사람이 몰려있을 가능성이 낮고 붐빔은 거의 느껴지지 않아요. 도보 이동이 자유로워요.,6000,6500,47.0,53.0,1.0,5.2,22.5,20.0,16.1,13.8,10.7,10.8,73.4,26.6,N,2026-07-02 05:15,Y
2026-07-02T05:44:20.935931+09:00,영등포 타임스퀘어,영등포 타임스퀘어,POI074,KEY_2,영등포 타임스퀘어,POI074,여유,사람이 몰려있을 가능성이 낮고 붐빔은 거의 느껴지지 않아요. 도보 이동이 자유로워요.,3000,3500,60.6,39.4,0.2,2.7,24.1,27.5,14.4,14.7,11.6,4.8,37.2,62.8,N,2026-07-02 05:15,Y
2026-07-02T05:44:20.935931+09:00,용리단길,용리단길,POI076,KEY_3,용리단길,POI076,여유,사람이 몰려있을 가능성이 낮고 붐빔은 거의 느껴지지 않아요. 도보 이동이 자유로워요.,2500,3000,50.2,49.8,3.1,4.8,14.3,21.2,17.7,16.7,12.5,9.5,85.4,14.6,N,2026-07-02 05:15,Y
2026-07-02T05:44:20.935931+09:00,이태원 앤틱가구거리,이태원 앤틱가구거리,POI077,KEY_4,이태원 앤틱가구거리,POI077,여유,사람이 몰려있을 가능성이 낮고 붐빔은 거의 느껴지지 않아요. 도보 이동이 자유로워요.,2500,3000,51.7,48.3,1.4,5.6,16.5,19.7,16.6,14.9,13.5,11.8,78.0,22.0,N,2026-07-02 05:15,Y
2026-07-02T05:44:20.935931+09:00,익선동,익선동,POI116,KEY_1,익선동,POI116,여유,사람이 몰려있을 가능성이 낮고 붐빔은 거의 느껴지지 않아요. 도보 이동이 자유로워요.,2500,3000,62.5,37.5,0.5,3.0,20.1,17.3,15.8,17.3,14.6,11.4,44.9,55.1,N,2026-07-02 05:15,Y
2026-07-02T05:44:20.935931+09:00,인사동,인사동,POI078,KEY_2,인사동,POI078,여유,사람이 몰려있을 가능성이 낮고 붐빔은 거의 느껴지지 않아요. 도보 이동이 자유로워요.,3500,4000,56.7,43.3,0.4,3.2,14.8,17.7,18.0,17.9,15.8,12.2,59.3,40.7,N,2026-07-02 05:15,Y
2026-07-02T05:44:20.935931+09:00,잠실롯데타워·석촌호수,잠실롯데타워·석촌호수,POI120,KEY_3,잠실롯데타워·석촌호수,POI120,여유,사람이 몰려있을 가능성이 낮고 붐빔은 거의 느껴지지 않아요. 도보 이동이 자유로워요.,12000,14000,50.9,49.1,0.2,4.3,18.3,23.9,19.2,14.6,11.3,8.3,44.6,55.4,N,2026-07-02 05:15,Y
2026-07-02T05:44:20.935931+09:00,창동 신경제 중심지,창동 신경제 중심지,POI079,KEY_4,창동 신경제 중심지,POI079,여유,사람이 몰려있을 가능성이 낮고 붐빔은 거의 느껴지지 않아요. 도보 이동이 자유로워요.,14000,16000,52.6,47.4,0.4,6.4,14.7,18.0,17.3,19.1,13.9,10.2,55.8,44.2,N,2026-07-02 05:15,Y
2026-07-02T05:44:20.935931+09:00,청담동 명품거리,청담동 명품거리,POI080,KEY_1,청담동 명품거리,POI080,여유,사람이 몰려있을 가능성이 낮고 붐빔은 거의 느껴지지 않아요. 도보 이동이 자유로워요.,1000,1500,51.5,48.5,0.0,6.4,14.1,14.2,24.3,19.9,11.0,10.2,55.5,44.5,N,2026-07-02 05:15,Y
2026-07-02T05:44:20.935931+09:00,청량리 제기동 일대 전통시장,청량리 제기동 일대 전통시장,POI081,KEY_2,청량리 제기동 일대 전통시장,POI081,여유,사람이 몰려있을 가능성이 낮고 붐빔은 거의 느껴지지 않아요. 도보 이동이 자유로워요.,7000,7500,54.7,45.3,1.9,3.8,14.7,13.8,13.2,18.6,18.2,15.7,64.3,35.7,N,2026-07-02 05:15,Y
2026-07-02T05:44:20.935931+09:00,해방촌·경리단길,해방촌·경리단길,POI082,KEY_3,해방촌·경리단길,POI082,여유,사람이 몰려있을 가능성이 낮고 붐빔은 거의 느껴지지 않아요. 도보 이동이 자유로워요.,2500,3000,50.4,49.6,0.3,3.5,14.9,21.0,18.9,16.6,13.4,11.4,55.6,44.4,N,2026-07-02 05:15,Y
2026-07-02T05:44:20.935931+09:00,DDP(동대문디자인플라자),DDP(동대문디자인플라자),POI083,KEY_4,DDP(동대문디자인플라자),POI083,여유,사람이 몰려있을 가능성이 낮고 붐빔은 거의 느껴지지 않아요. 도보 이동이 자유로워요.,1500,2000,50.8,49.2,0.9,3.5,14.1,16.7,18.5,20.2,15.7,10.4,67.7,32.3,N,2026-07-02 05:15,Y
2026-07-02T05:44:20.935931+09:00,DMC(디지털미디어시티),DMC(디지털미디어시티),POI084,KEY_1,DMC(디지털미디어시티),POI084,여유,사람이 몰려있을 가능성이 낮고 붐빔은 거의 느껴지지 않아요. 도보 이동이 자유로워요.,14000,16000,49.3,50.7,3.0,7.4,14.8,17.4,17.7,17.8,12.4,9.5,69.6,30.4,N,2026-07-02 05:15,Y
2026-07-02T05:44:20.935931+09:00,가산디지털단지역,가산디지털단지역,POI013,KEY_2,가산디지털단지역,POI013,여유,사람이 몰려있을 가능성이 낮고 붐빔은 거의 느껴지지 않아요. 도보 이동이 자유로워요.,6000,6500,63.2,36.8,0.0,2.7,18.3,22.6,20.7,18.0,11.6,6.1,43.5,56.5,N,2026-07-02 05:15,Y
2026-07-02T05:44:20.935931+09:00,강남역,강남역,POI014,KEY_3,강남역,POI014,여유,사람이 몰려있을 가능성이 낮고 붐빔은 거의 느껴지지 않아요. 도보 이동이 자유로워요.,20000,22000,52.2,47.8,2.4,5.7,16.3,20.9,21.7,16.0,9.2,7.7,71.7,28.3,N,2026-07-02 05:15,Y
2026-07-02T05:44:20.935931+09:00,건대입구역,건대입구역,POI015,KEY_4,건대입구역,POI015,여유,사람이 몰려있을 가능성이 낮고 붐빔은 거의 느껴지지 않아요. 도보 이동이 자유로워요.,14000,16000,48.7,51.3,1.6,5.7,27.1,17.0,12.8,14.2,11.6,10.0,76.0,24.0,N,2026-07-02 05:15,Y
2026-07-02T05:44:20.935931+09:00,고덕역,고덕역,POI016,KEY_1,고덕역,POI016,여유,사람이 몰려있을 가능성이 낮고 붐빔은 거의 느껴지지 않아요. 도보 이동이 자유로워요.,1000,1500,58.5,41.5,0.7,17.9,11.2,12.7,22.9,15.1,11.4,8.1,56.9,43.1,N,2026-07-02 05:15,Y
2026-07-02T05:44:20.935931+09:00,고속터미널역,고속터미널역,POI017,KEY_2,고속터미널역,POI017,여유,사람이 몰려있을 가능성이 낮고 붐빔은 거의 느껴지지 않아요. 도보 이동이 자유로워요.,1500,2000,57.2,42.8,0.2,6.9,10.6,11.3,26.0,22.7,13.7,8.6,37.9,62.1,N,2026-07-02 05:15,Y
2026-07-02T05:44:20.935931+09:00,교대역,교대역,POI018,KEY_3,교대역,POI018,여유,사람이 몰려있을 가능성이 낮고 붐빔은 거의 느껴지지 않아요. 도보 이동이 자유로워요.,5500,6000,50.4,49.6,3.6,7.5,11.9,14.8,20.6,18.4,12.3,10.9,75.1,24.9,N,2026-07-02 05:15,Y
2026-07-02T05:44:20.935931+09:00,구로디지털단지역,구로디지털단지역,POI019,KEY_4,구로디지털단지역,POI019,여유,사람이 몰려있을 가능성이 낮고 붐빔은 거의 느껴지지 않아요. 도보 이동이 자유로워요.,4500,5000,57.8,42.2,0.4,2.3,19.0,25.4,20.5,16.1,9.4,6.9,53.9,46.1,N,2026-07-02 05:15,Y
2026-07-02T05:44:20.935931+09:00,구로역,구로역,POI020,KEY_1,구로역,POI020,여유,사람이 몰려있을 가능성이 낮고 붐빔은 거의 느껴지지 않아요. 도보 이동이 자유로워요.,1000,1500,57.0,43.0,0.7,2.5,11.4,19.8,20.4,24.5,13.4,7.4,48.0,52.0,N,2026-07-02 05:15,Y
2026-07-02T05:44:20.935931+09:00,군자역,군자역,POI021,KEY_2,군자역,POI021,여유,사람이 몰려있을 가능성이 낮고 붐빔은 거의 느껴지지 않아요. 도보 이동이 자유로워요.,3500,4000,49.4,50.6,0.3,4.3,22.5,22.5,16.3,13.8,10.9,9.3,59.7,40.3,N,2026-07-02 05:15,Y
2026-07-02T05:44:20.935931+09:00,대림역,대림역,POI023,KEY_3,대림역,POI023,보통,사람이 몰려있을 수 있지만 크게 붐비지는 않아요. 도보 이동에 큰 제약이 없어요.,16000,18000,49.8,50.2,2.0,5.0,12.1,14.0,13.9,20.5,18.7,13.8,87.4,12.6,N,2026-07-02 05:15,Y
2026-07-02T05:44:20.935931+09:00,동대문역,동대문역,POI024,KEY_4,동대문역,POI024,여유,사람이 몰려있을 가능성이 낮고 붐빔은 거의 느껴지지 않아요. 도보 이동이 자유로워요.,1500,2000,57.0,43.0,0.0,1.1,14.9,10.1,12.8,23.1,26.0,12.0,25.7,74.3,N,2026-07-02 05:15,Y
2026-07-02T05:44:20.935931+09:00,뚝섬역,뚝섬역,POI025,KEY_1,뚝섬역,POI025,여유,사람이 몰려있을 가능성이 낮고 붐빔은 거의 느껴지지 않아요. 도보 이동이 자유로워요.,4000,4500,50.7,49.3,1.8,4.9,14.4,19.2,18.8,16.6,13.9,10.3,78.4,21.6,N,2026-07-02 05:15,Y
2026-07-02T05:44:20.935931+09:00,미아사거리역,미아사거리역,POI026,KEY_2,미아사거리역,POI026,여유,사람이 몰려있을 가능성이 낮고 붐빔은 거의 느껴지지 않아요. 도보 이동이 자유로워요.,3500,4000,55.3,44.7,0.3,6.4,16.2,13.7,15.6,20.2,15.6,12.1,42.3,57.7,N,2026-07-02 05:15,Y
2026-07-02T05:44:20.935931+09:00,발산역,발산역,POI027,KEY_3,발산역,POI027,여유,사람이 몰려있을 가능성이 낮고 붐빔은 거의 느껴지지 않아요. 도보 이동이 자유로워요.,4000,4500,53.6,46.4,0.2,4.4,18.1,26.9,17.2,14.1,11.7,7.3,53.8,46.2,N,2026-07-02 05:15,Y
2026-07-02T05:44:20.935931+09:00,사당역,사당역,POI029,KEY_4,사당역,POI029,여유,사람이 몰려있을 가능성이 낮고 붐빔은 거의 느껴지지 않아요. 도보 이동이 자유로워요.,6000,6500,52.5,47.5,0.2,3.8,20.8,21.6,16.1,15.0,12.9,9.6,62.0,38.0,N,2026-07-02 05:15,Y
2026-07-02T05:44:20.935931+09:00,삼각지역,삼각지역,POI030,KEY_1,삼각지역,POI030,여유,사람이 몰려있을 가능성이 낮고 붐빔은 거의 느껴지지 않아요. 도보 이동이 자유로워요.,1000,1500,52.1,47.9,1.8,3.3,15.2,26.7,16.5,15.2,12.9,8.4,73.3,26.7,N,2026-07-02 05:15,Y
2026-07-02T05:44:20.935931+09:00,서울대입구역,서울대입구역,POI031,KEY_2,서울대입구역,POI031,여유,사람이 몰려있을 가능성이 낮고 붐빔은 거의 느껴지지 않아요. 도보 이동이 자유로워요.,6000,6500,51.7,48.3,0.1,3.6,38.2,22.6,10.6,11.9,7.4,5.5,59.6,40.4,N,2026-07-02 05:15,Y
2026-07-02T05:44:20.935931+09:00,서울식물원·마곡나루역,서울식물원·마곡나루역,POI032,KEY_3,서울식물원·마곡나루역,POI032,여유,사람이 몰려있을 가능성이 낮고 붐빔은 거의 느껴지지 않아요. 도보 이동이 자유로워요.,1500,2000,49.4,50.6,3.9,6.9,15.4,21.1,16.8,15.5,11.2,9.2,81.0,19.0,N,2026-07-02 05:15,Y
2026-07-02T05:44:20.935931+09:00,서울역,서울역,POI033,KEY_4,서울역,POI033,여유,사람이 몰려있을 가능성이 낮고 붐빔은 거의 느껴지지 않아요. 도보 이동이 자유로워요.,4000,4500,52.9,47.1,1.1,4.4,13.1,16.3,16.4,20.1,17.1,11.4,64.2,35.8,N,2026-07-02 05:15,Y
2026-07-02T05:44:20.935931+09:00,선릉역,선릉역,POI034,KEY_1,선릉역,POI034,여유,사람이 몰려있을 가능성이 낮고 붐빔은 거의 느껴지지 않아요. 도보 이동이 자유로워요.,16000,18000,51.3,48.7,1.8,7.9,15.3,19.1,22.2,17.5,9.0,7.2,71.0,29.0,N,2026-07-02 05:15,Y
2026-07-02T05:44:20.935931+09:00,성신여대입구역,성신여대입구역,POI035,KEY_2,성신여대입구역,POI035,여유,사람이 몰려있을 가능성이 낮고 붐빔은 거의 느껴지지 않아요. 도보 이동이 자유로워요.,1500,2000,47.3,52.7,0.5,5.2,33.9,16.8,13.3,14.5,7.8,8.0,38.5,61.5,N,2026-07-02 05:15,Y
2026-07-02T05:44:20.935931+09:00,수유역,수유역,POI036,KEY_3,수유역,POI036,여유,사람이 몰려있을 가능성이 낮고 붐빔은 거의 느껴지지 않아요. 도보 이동이 자유로워요.,7500,8000,52.8,47.2,0.3,4.7,22.6,16.9,14.5,17.4,14.2,9.5,51.5,48.5,N,2026-07-02 05:15,Y
2026-07-02T05:44:20.935931+09:00,숭례문,숭례문,POI131,KEY_4,숭례문,POI131,여유,사람이 몰려있을 가능성이 낮고 붐빔은 거의 느껴지지 않아요. 도보 이동이 자유로워요.,1500,2000,55.7,44.3,0.8,2.6,10.4,15.3,18.7,21.1,19.5,11.6,56.2,43.8,N,2026-07-02 05:15,Y
2026-07-02T05:44:20.935931+09:00,시의회 앞,시의회 앞,POI130,KEY_1,시의회 앞,POI130,여유,사람이 몰려있을 가능성이 낮고 붐빔은 거의 느껴지지 않아요. 도보 이동이 자유로워요.,1000,1500,55.5,44.5,0.7,3.0,12.3,17.0,18.8,20.8,17.7,9.7,42.9,57.1,N,2026-07-02 05:15,Y
2026-07-02T05:44:20.935931+09:00,신논현역·논현역,신논현역·논현역,POI037,KEY_2,신논현역·논현역,POI037,여유,사람이 몰려있을 가능성이 낮고 붐빔은 거의 느껴지지 않아요. 도보 이동이 자유로워요.,5000,5500,51.1,48.9,1.6,4.5,17.9,21.4,20.7,15.4,9.6,8.8,68.4,31.6,N,2026-07-02 05:15,Y
2026-07-02T05:44:20.935931+09:00,신도림역,신도림역,POI038,KEY_3,신도림역,POI038,여유,사람이 몰려있을 가능성이 낮고 붐빔은 거의 느껴지지 않아요. 도보 이동이 자유로워요.,4000,4500,50.4,49.6,4.1,6.3,10.8,18.2,16.8,17.0,14.9,11.9,82.6,17.4,N,2026-07-02 05:15,Y
2026-07-02T05:44:20.935931+09:00,신림역,신림역,POI039,KEY_4,신림역,POI039,여유,사람이 몰려있을 가능성이 낮고 붐빔은 거의 느껴지지 않아요. 도보 이동이 자유로워요.,6500,7000,57.9,42.1,0.0,2.5,35.5,26.7,14.4,10.8,6.0,4.2,55.2,44.8,N,2026-07-02 05:15,Y
2026-07-02T05:44:20.935931+09:00,신정네거리역,신정네거리역,POI117,KEY_1,신정네거리역,POI117,여유,사람이 몰려있을 가능성이 낮고 붐빔은 거의 느껴지지 않아요. 도보 이동이 자유로워요.,700,800,54.5,45.5,0.5,9.5,14.4,18.3,17.3,16.6,12.2,11.1,57.2,42.8,N,2026-07-02 05:15,Y
2026-07-02T05:44:20.935931+09:00,신촌·이대역,신촌·이대역,POI040,KEY_2,신촌·이대역,POI040,여유,사람이 몰려있을 가능성이 낮고 붐빔은 거의 느껴지지 않아요. 도보 이동이 자유로워요.,16000,18000,44.6,55.4,1.3,5.4,42.7,16.4,10.1,10.3,7.5,6.4,66.9,33.1,N,2026-07-02 05:15,Y
2026-07-02T05:44:20.935931+09:00,쌍문역,쌍문역,POI070,KEY_3,쌍문역,POI070,여유,사람이 몰려있을 가능성이 낮고 붐빔은 거의 느껴지지 않아요. 도보 이동이 자유로워요.,4000,4500,50.9,49.1,0.3,4.2,14.8,16.5,16.0,19.9,15.6,12.9,56.3,43.7,N,2026-07-02 05:15,Y
2026-07-02T05:44:20.935931+09:00,양재역,양재역,POI041,KEY_4,양재역,POI041,여유,사람이 몰려있을 가능성이 낮고 붐빔은 거의 느껴지지 않아요. 도보 이동이 자유로워요.,6000,6500,49.5,50.5,2.3,6.3,13.5,19.9,18.4,16.9,12.2,10.5,77.2,22.8,N,2026-07-02 05:15,Y
2026-07-02T05:44:20.935931+09:00,역삼역,역삼역,POI042,KEY_1,역삼역,POI042,여유,사람이 몰려있을 가능성이 낮고 붐빔은 거의 느껴지지 않아요. 도보 이동이 자유로워요.,10000,12000,51.8,48.2,1.7,5.4,16.5,21.6,22.1,15.9,9.3,7.5,71.3,28.7,N,2026-07-02 05:15,Y
2026-07-02T05:44:20.935931+09:00,연신내역,연신내역,POI043,KEY_2,연신내역,POI043,여유,사람이 몰려있을 가능성이 낮고 붐빔은 거의 느껴지지 않아요. 도보 이동이 자유로워요.,3000,3500,53.6,46.4,0.1,3.2,20.8,20.8,13.9,17.0,13.0,11.2,53.8,46.2,N,2026-07-02 05:15,Y
2026-07-02T05:44:20.935931+09:00,오목교역·목동운동장,오목교역·목동운동장,POI044,KEY_3,오목교역·목동운동장,POI044,여유,사람이 몰려있을 가능성이 낮고 붐빔은 거의 느껴지지 않아요. 도보 이동이 자유로워요.,62000,64000,48.5,51.5,6.0,14.5,10.1,9.8,20.2,17.6,11.8,10.0,88.9,11.1,N,2026-07-02 05:15,Y
2026-07-02T05:44:20.935931+09:00,왕십리역,왕십리역,POI045,KEY_4,왕십리역,POI045,여유,사람이 몰려있을 가능성이 낮고 붐빔은 거의 느껴지지 않아요. 도보 이동이 자유로워요.,16000,18000,48.7,51.3,2.7,6.3,24.3,15.7,12.7,14.9,12.2,11.3,85.6,14.4,N,2026-07-02 05:15,Y
2026-07-02T05:44:20.935931+09:00,용산역,용산역,POI046,KEY_1,용산역,POI046,여유,사람이 몰려있을 가능성이 낮고 붐빔은 거의 느껴지지 않아요. 도보 이동이 자유로워요.,3000,3500,55.0,45.0,0.5,3.4,13.9,20.4,20.4,19.3,13.6,8.5,51.0,49.0,N,2026-07-02 05:15,Y
2026-07-02T05:44:20.935931+09:00,이태원역,이태원역,POI047,KEY_2,이태원역,POI047,여유,사람이 몰려있을 가능성이 낮고 붐빔은 거의 느껴지지 않아요. 도보 이동이 자유로워요.,1500,2000,56.9,43.1,0.6,4.5,25.0,22.9,17.0,13.5,9.6,7.0,49.8,50.2,N,2026-07-02 05:15,Y
2026-07-02T05:44:20.935931+09:00,잠실새내역,잠실새내역,POI118,KEY_3,잠실새내역,POI118,여유,사람이 몰려있을 가능성이 낮고 붐빔은 거의 느껴지지 않아요. 도보 이동이 자유로워요.,6000,6500,52.0,48.0,0.7,8.6,15.3,19.5,23.2,17.2,8.1,7.3,57.8,42.2,N,2026-07-02 05:15,Y
2026-07-02T05:44:20.935931+09:00,잠실역,잠실역,POI119,KEY_4,잠실역,POI119,여유,사람이 몰려있을 가능성이 낮고 붐빔은 거의 느껴지지 않아요. 도보 이동이 자유로워요.,2500,3000,55.4,44.6,0.1,5.1,11.6,21.1,22.4,18.3,14.0,7.5,38.5,61.5,N,2026-07-02 05:15,Y
2026-07-02T05:44:20.935931+09:00,장지역,장지역,POI048,KEY_1,장지역,POI048,여유,사람이 몰려있을 가능성이 낮고 붐빔은 거의 느껴지지 않아요. 도보 이동이 자유로워요.,7000,7500,52.2,47.8,2.4,5.0,12.8,22.6,20.3,16.6,11.9,8.4,71.6,28.4,N,2026-07-02 05:15,Y
2026-07-02T05:44:20.935931+09:00,장한평역,장한평역,POI049,KEY_2,장한평역,POI049,여유,사람이 몰려있을 가능성이 낮고 붐빔은 거의 느껴지지 않아요. 도보 이동이 자유로워요.,4500,5000,54.0,46.0,0.2,2.4,16.8,22.3,18.0,17.0,14.3,9.0,51.5,48.5,N,2026-07-02 05:15,Y
2026-07-02T05:44:20.935931+09:00,천호역,천호역,POI050,KEY_3,천호역,POI050,여유,사람이 몰려있을 가능성이 낮고 붐빔은 거의 느껴지지 않아요. 도보 이동이 자유로워요.,3000,3500,51.5,48.5,0.3,2.4,17.4,23.7,17.7,17.6,12.5,8.4,48.6,51.4,N,2026-07-02 05:15,Y
2026-07-02T05:44:20.935931+09:00,총신대입구(이수)역,총신대입구(이수)역,POI051,KEY_4,총신대입구(이수)역,POI051,여유,사람이 몰려있을 가능성이 낮고 붐빔은 거의 느껴지지 않아요. 도보 이동이 자유로워요.,4000,4500,49.7,50.3,0.3,4.6,16.8,21.8,17.2,14.3,12.8,12.2,62.8,37.2,N,2026-07-02 05:15,Y
2026-07-02T05:44:20.935931+09:00,충정로역,충정로역,POI052,KEY_1,충정로역,POI052,여유,사람이 몰려있을 가능성이 낮고 붐빔은 거의 느껴지지 않아요. 도보 이동이 자유로워요.,5500,6000,47.8,52.2,2.5,5.7,13.3,17.6,15.6,17.2,15.2,13.0,86.1,13.9,N,2026-07-02 05:15,Y
2026-07-02T05:44:20.935931+09:00,합정역,합정역,POI053,KEY_2,합정역,POI053,여유,사람이 몰려있을 가능성이 낮고 붐빔은 거의 느껴지지 않아요. 도보 이동이 자유로워요.,5000,5500,47.7,52.3,1.2,4.3,18.0,21.8,16.6,15.6,11.6,10.8,78.0,22.0,N,2026-07-02 05:15,Y
2026-07-02T05:44:20.935931+09:00,혜화역,혜화역,POI054,KEY_3,혜화역,POI054,여유,사람이 몰려있을 가능성이 낮고 붐빔은 거의 느껴지지 않아요. 도보 이동이 자유로워요.,6500,7000,48.3,51.7,1.2,7.4,25.8,14.8,12.2,14.8,12.3,11.4,78.8,21.2,N,2026-07-02 05:15,Y
2026-07-02T05:44:20.935931+09:00,홍대입구역(2호선),홍대입구역(2호선),POI055,KEY_4,홍대입구역(2호선),POI055,여유,사람이 몰려있을 가능성이 낮고 붐빔은 거의 느껴지지 않아요. 도보 이동이 자유로워요.,6500,7000,49.9,50.1,1.1,5.3,24.1,18.5,15.8,14.8,10.9,9.4,71.7,28.3,N,2026-07-02 05:15,Y
2026-07-02T05:44:20.935931+09:00,회기역,회기역,POI056,KEY_1,회기역,POI056,여유,사람이 몰려있을 가능성이 낮고 붐빔은 거의 느껴지지 않아요. 도보 이동이 자유로워요.,5500,6000,49.8,50.2,0.1,5.6,46.1,13.6,10.1,10.4,7.3,6.8,59.6,40.4,N,2026-07-02 05:15,Y
2026-07-02T06:40:51.797751+09:00,경복궁,경복궁,POI008,KEY_1,경복궁,POI008,여유,사람이 몰려있을 가능성이 낮고 붐빔은 거의 느껴지지 않아요. 도보 이동이 자유로워요.,300,400,61.0,39.0,0.8,5.7,10.1,14.0,23.1,22.9,12.9,10.6,53.3,46.7,N,2026-07-02 06:10,Y
2026-07-02T06:40:51.797751+09:00,광화문·덕수궁,광화문·덕수궁,POI009,KEY_2,광화문·덕수궁,POI009,여유,사람이 몰려있을 가능성이 낮고 붐빔은 거의 느껴지지 않아요. 도보 이동이 자유로워요.,5500,6000,58.5,41.5,0.5,2.3,10.3,15.8,19.9,23.6,18.0,9.6,39.6,60.4,N,2026-07-02 06:10,Y
2026-07-02T06:40:51.797751+09:00,보신각,보신각,POI010,KEY_3,보신각,POI010,여유,사람이 몰려있을 가능성이 낮고 붐빔은 거의 느껴지지 않아요. 도보 이동이 자유로워요.,2000,2500,60.9,39.1,0.3,1.8,13.1,16.7,19.7,21.0,17.7,9.6,53.1,46.9,N,2026-07-02 06:10,Y
2026-07-02T06:40:51.797751+09:00,서울 암사동 유적,서울 암사동 유적,POI011,KEY_4,서울 암사동 유적,POI011,여유,사람이 몰려있을 가능성이 낮고 붐빔은 거의 느껴지지 않아요. 도보 이동이 자유로워요.,300,400,54.7,45.3,4.5,7.0,10.0,12.9,16.1,17.7,15.9,15.9,69.8,30.2,N,2026-07-02 06:10,Y
2026-07-02T06:40:51.797751+09:00,창덕궁·종묘,창덕궁·종묘,POI012,KEY_1,창덕궁·종묘,POI012,여유,사람이 몰려있을 가능성이 낮고 붐빔은 거의 느껴지지 않아요. 도보 이동이 자유로워요.,3500,4000,57.2,42.8,0.5,3.0,18.7,14.8,15.6,20.4,16.0,11.0,46.1,53.9,N,2026-07-02 06:10,Y
2026-07-02T06:40:51.797751+09:00,강남 MICE 관광특구,강남 MICE 관광특구,POI001,KEY_2,강남 MICE 관광특구,POI001,여유,사람이 몰려있을 가능성이 낮고 붐빔은 거의 느껴지지 않아요. 도보 이동이 자유로워요.,3000,3500,58.5,41.5,1.6,4.7,10.5,14.4,19.6,22.2,15.5,11.5,59.0,41.0,N,2026-07-02 06:10,Y
2026-07-02T06:40:51.797751+09:00,동대문 관광특구,동대문 관광특구,POI002,KEY_3,동대문 관광특구,POI002,여유,사람이 몰려있을 가능성이 낮고 붐빔은 거의 느껴지지 않아요. 도보 이동이 자유로워요.,14000,16000,51.5,48.5,1.0,2.9,13.5,17.4,18.8,19.3,16.5,10.6,62.4,37.6,N,2026-07-02 06:10,Y
2026-07-02T06:40:51.797751+09:00,명동 관광특구,명동 관광특구,POI003,KEY_4,명동 관광특구,POI003,여유,사람이 몰려있을 가능성이 낮고 붐빔은 거의 느껴지지 않아요. 도보 이동이 자유로워요.,12000,14000,59.5,40.5,0.4,2.0,10.7,15.1,20.1,22.7,19.1,10.0,49.9,50.1,N,2026-07-02 06:10,Y
2026-07-02T06:40:51.797751+09:00,이태원 관광특구,이태원 관광특구,POI004,KEY_1,이태원 관광특구,POI004,여유,사람이 몰려있을 가능성이 낮고 붐빔은 거의 느껴지지 않아요. 도보 이동이 자유로워요.,4000,4500,59.3,40.7,0.3,2.3,17.3,19.5,19.6,19.8,12.6,8.7,38.9,61.1,N,2026-07-02 06:10,Y
2026-07-02T06:40:51.797751+09:00,잠실 관광특구,잠실 관광특구,POI005,KEY_2,잠실 관광특구,POI005,여유,사람이 몰려있을 가능성이 낮고 붐빔은 거의 느껴지지 않아요. 도보 이동이 자유로워요.,18000,20000,52.7,47.3,0.3,4.6,15.8,21.1,20.5,17.6,11.8,8.3,38.8,61.2,N,2026-07-02 06:10,Y
2026-07-02T06:40:51.797751+09:00,종로·청계 관광특구,종로·청계 관광특구,POI006,KEY_3,종로·청계 관광특구,POI006,여유,사람이 몰려있을 가능성이 낮고 붐빔은 거의 느껴지지 않아요. 도보 이동이 자유로워요.,10000,12000,57.0,43.0,0.7,2.8,14.5,16.0,17.8,20.3,17.3,10.6,55.7,44.3,N,2026-07-02 06:10,Y
2026-07-02T06:40:51.797751+09:00,홍대 관광특구,홍대 관광특구,POI007,KEY_4,홍대 관광특구,POI007,여유,사람이 몰려있을 가능성이 낮고 붐빔은 거의 느껴지지 않아요. 도보 이동이 자유로워요.,30000,32000,49.9,50.1,1.1,5.8,25.7,19.1,14.6,14.0,10.5,9.2,68.0,32.0,N,2026-07-02 06:10,Y
2026-07-02T06:40:51.797751+09:00,강서한강공원,강서한강공원,POI085,KEY_1,강서한강공원,POI085,여유,사람이 몰려있을 가능성이 낮고 붐빔은 거의 느껴지지 않아요. 도보 이동이 자유로워요.,100,200,75.7,24.3,0.0,1.0,4.6,15.2,26.4,29.9,17.9,5.0,0.8,99.2,N,2026-07-02 06:10,Y
2026-07-02T06:40:51.797751+09:00,고척돔,고척돔,POI086,KEY_2,고척돔,POI086,여유,사람이 몰려있을 가능성이 낮고 붐빔은 거의 느껴지지 않아요. 도보 이동이 자유로워요.,700,800,53.3,46.7,0.5,3.3,6.0,27.4,21.8,15.0,13.6,12.3,39.6,60.4,N,2026-07-02 06:10,Y
2026-07-02T06:40:51.797751+09:00,광나루한강공원,광나루한강공원,POI087,KEY_3,광나루한강공원,POI087,여유,사람이 몰려있을 가능성이 낮고 붐빔은 거의 느껴지지 않아요. 도보 이동이 자유로워요.,2500,3000,63.1,36.9,0.1,2.9,7.7,13.9,20.4,27.7,17.5,9.9,26.1,73.9,N,2026-07-02 06:10,Y
2026-07-02T06:40:51.797751+09:00,광화문광장,광화문광장,POI088,KEY_4,광화문광장,POI088,여유,사람이 몰려있을 가능성이 낮고 붐빔은 거의 느껴지지 않아요. 도보 이동이 자유로워요.,1000,1500,59.4,40.6,0.7,2.4,9.1,17.1,19.8,24.7,16.9,9.3,41.6,58.4,N,2026-07-02 06:10,Y
2026-07-02T06:40:51.797751+09:00,국립중앙박물관·용산가족공원,국립중앙박물관·용산가족공원,POI089,KEY_1,국립중앙박물관·용산가족공원,POI089,여유,사람이 몰려있을 가능성이 낮고 붐빔은 거의 느껴지지 않아요. 도보 이동이 자유로워요.,1000,1500,51.0,49.0,4.0,7.2,8.8,12.5,17.0,19.2,16.5,14.8,75.5,24.5,N,2026-07-02 06:10,Y
2026-07-02T06:40:51.797751+09:00,난지한강공원,난지한강공원,POI090,KEY_2,난지한강공원,POI090,여유,사람이 몰려있을 가능성이 낮고 붐빔은 거의 느껴지지 않아요. 도보 이동이 자유로워요.,1000,1500,74.7,25.3,0.7,2.0,8.7,11.4,20.3,31.2,19.3,6.5,9.4,90.6,N,2026-07-02 06:10,Y
2026-07-02T06:40:51.797751+09:00,남산공원,남산공원,POI091,KEY_3,남산공원,POI091,여유,사람이 몰려있을 가능성이 낮고 붐빔은 거의 느껴지지 않아요. 도보 이동이 자유로워요.,5500,6000,55.3,44.7,0.7,4.7,15.7,16.2,17.6,19.0,14.7,11.3,51.1,48.9,N,2026-07-02 06:10,Y
2026-07-02T06:40:51.797751+09:00,노들섬,노들섬,POI092,KEY_4,노들섬,POI092,여유,사람이 몰려있을 가능성이 낮고 붐빔은 거의 느껴지지 않아요. 도보 이동이 자유로워요.,100,200,59.0,41.0,0.0,0.4,13.6,8.9,24.6,26.5,19.0,7.0,10.3,89.7,N,2026-07-02 06:10,Y
2026-07-02T06:40:51.797751+09:00,뚝섬한강공원,뚝섬한강공원,POI093,KEY_1,뚝섬한강공원,POI093,여유,사람이 몰려있을 가능성이 낮고 붐빔은 거의 느껴지지 않아요. 도보 이동이 자유로워요.,2000,2500,58.8,41.2,0.6,3.0,6.1,13.9,20.5,21.7,19.6,14.6,35.4,64.6,N,2026-07-02 06:10,Y
2026-07-02T06:40:51.797751+09:00,망원한강공원,망원한강공원,POI094,KEY_2,망원한강공원,POI094,여유,사람이 몰려있을 가능성이 낮고 붐빔은 거의 느껴지지 않아요. 도보 이동이 자유로워요.,1000,1500,60.3,39.7,1.1,3.8,11.4,15.4,19.4,23.1,15.4,10.5,47.8,52.2,N,2026-07-02 06:10,Y
2026-07-02T06:40:51.797751+09:00,반포한강공원,반포한강공원,POI095,KEY_3,반포한강공원,POI095,여유,사람이 몰려있을 가능성이 낮고 붐빔은 거의 느껴지지 않아요. 도보 이동이 자유로워요.,1500,2000,70.1,29.9,0.2,5.0,7.5,11.8,22.1,29.7,17.0,6.6,7.8,92.2,N,2026-07-02 06:10,Y
2026-07-02T06:40:51.797751+09:00,보라매공원,보라매공원,POI123,KEY_4,보라매공원,POI123,여유,사람이 몰려있을 가능성이 낮고 붐빔은 거의 느껴지지 않아요. 도보 이동이 자유로워요.,2000,2500,50.7,49.3,1.0,5.4,13.9,15.6,15.1,16.3,16.1,16.6,52.0,48.0,N,2026-07-02 06:10,Y
2026-07-02T06:40:51.797751+09:00,북서울꿈의숲,북서울꿈의숲,POI096,KEY_1,북서울꿈의숲,POI096,여유,사람이 몰려있을 가능성이 낮고 붐빔은 거의 느껴지지 않아요. 도보 이동이 자유로워요.,5000,5500,49.8,50.2,0.5,6.1,10.1,14.3,16.7,20.9,15.8,15.5,59.0,41.0,N,2026-07-02 06:10,Y
2026-07-02T06:40:51.797751+09:00,서대문독립공원,서대문독립공원,POI124,KEY_2,서대문독립공원,POI124,여유,사람이 몰려있을 가능성이 낮고 붐빔은 거의 느껴지지 않아요. 도보 이동이 자유로워요.,800,900,49.3,50.7,0.4,7.5,10.7,12.5,18.1,18.4,16.0,16.5,48.1,51.9,N,2026-07-02 06:10,Y
2026-07-02T06:40:51.797751+09:00,서리풀공원·몽마르뜨공원,서리풀공원·몽마르뜨공원,POI098,KEY_3,서리풀공원·몽마르뜨공원,POI098,여유,사람이 몰려있을 가능성이 낮고 붐빔은 거의 느껴지지 않아요. 도보 이동이 자유로워요.,2500,3000,51.4,48.6,0.3,6.4,11.1,15.5,21.7,19.6,13.6,11.8,48.6,51.4,N,2026-07-02 06:10,Y
2026-07-02T06:40:51.797751+09:00,서울대공원,서울대공원,POI100,KEY_4,서울대공원,POI100,여유,사람이 몰려있을 가능성이 낮고 붐빔은 거의 느껴지지 않아요. 도보 이동이 자유로워요.,700,800,62.5,37.5,1.1,4.6,7.1,14.9,17.6,25.7,18.5,10.6,42.7,57.3,N,2026-07-02 06:10,Y
2026-07-02T06:40:51.797751+09:00,서울숲공원,서울숲공원,POI101,KEY_1,서울숲공원,POI101,여유,사람이 몰려있을 가능성이 낮고 붐빔은 거의 느껴지지 않아요. 도보 이동이 자유로워요.,3000,3500,66.2,33.8,0.6,2.5,7.5,16.9,20.6,26.1,18.2,7.6,26.7,73.3,N,2026-07-02 06:10,Y
2026-07-02T06:40:51.797751+09:00,송현녹지광장,송현녹지광장,POI129,KEY_2,송현녹지광장,POI129,여유,사람이 몰려있을 가능성이 낮고 붐빔은 거의 느껴지지 않아요. 도보 이동이 자유로워요.,1500,2000,53.6,46.4,0.6,5.5,11.6,14.5,18.4,20.3,15.9,13.1,65.1,34.9,N,2026-07-02 06:10,Y
2026-07-02T06:40:51.797751+09:00,아차산,아차산,POI102,KEY_3,아차산,POI102,여유,사람이 몰려있을 가능성이 낮고 붐빔은 거의 느껴지지 않아요. 도보 이동이 자유로워요.,4500,5000,55.0,45.0,0.3,5.9,9.7,15.0,18.3,21.7,17.2,12.0,48.7,51.3,N,2026-07-02 06:10,Y
2026-07-02T06:40:51.797751+09:00,안양천,안양천,POI125,KEY_4,안양천,POI125,여유,사람이 몰려있을 가능성이 낮고 붐빔은 거의 느껴지지 않아요. 도보 이동이 자유로워요.,1000,1500,57.4,42.6,0.4,8.5,6.8,14.5,20.1,19.3,17.3,13.1,43.6,56.4,N,2026-07-02 06:10,Y
2026-07-02T06:40:51.797751+09:00,양화한강공원,양화한강공원,POI103,KEY_1,양화한강공원,POI103,여유,사람이 몰려있을 가능성이 낮고 붐빔은 거의 느껴지지 않아요. 도보 이동이 자유로워요.,500,600,62.5,37.5,0.6,2.6,10.9,21.0,19.2,21.7,16.4,7.7,25.7,74.3,N,2026-07-02 06:10,Y
2026-07-02T06:40:51.797751+09:00,어린이대공원,어린이대공원,POI104,KEY_2,어린이대공원,POI104,여유,사람이 몰려있을 가능성이 낮고 붐빔은 거의 느껴지지 않아요. 도보 이동이 자유로워요.,2500,3000,48.8,51.2,0.8,5.0,22.8,16.4,14.5,14.5,13.2,12.7,55.4,44.6,N,2026-07-02 06:10,Y
2026-07-02T06:40:51.797751+09:00,여의도한강공원,여의도한강공원,POI105,KEY_3,여의도한강공원,POI105,여유,사람이 몰려있을 가능성이 낮고 붐빔은 거의 느껴지지 않아요. 도보 이동이 자유로워요.,800,900,56.0,44.0,1.1,3.4,9.8,14.2,19.4,20.8,18.4,13.0,40.2,59.8,N,2026-07-02 06:10,Y
2026-07-02T06:40:51.797751+09:00,여의서로,여의서로,POI126,KEY_4,여의서로,POI126,여유,사람이 몰려있을 가능성이 낮고 붐빔은 거의 느껴지지 않아요. 도보 이동이 자유로워요.,300,400,57.9,42.1,1.3,3.2,11.4,18.4,18.1,21.1,16.9,9.7,47.3,52.7,N,2026-07-02 06:10,Y
2026-07-02T06:40:51.797751+09:00,올림픽공원,올림픽공원,POI127,KEY_1,올림픽공원,POI127,여유,사람이 몰려있을 가능성이 낮고 붐빔은 거의 느껴지지 않아요. 도보 이동이 자유로워요.,5000,5500,54.8,45.2,0.5,5.7,11.5,15.4,21.6,20.8,14.1,10.4,38.8,61.2,N,2026-07-02 06:10,Y
2026-07-02T06:40:51.797751+09:00,월드컵공원,월드컵공원,POI106,KEY_2,월드컵공원,POI106,여유,사람이 몰려있을 가능성이 낮고 붐빔은 거의 느껴지지 않아요. 도보 이동이 자유로워요.,4500,5000,61.0,39.0,1.2,3.9,9.7,14.0,19.5,24.7,16.1,10.9,36.9,63.1,N,2026-07-02 06:10,Y
2026-07-02T06:40:51.797751+09:00,응봉산,응봉산,POI107,KEY_3,응봉산,POI107,여유,사람이 몰려있을 가능성이 낮고 붐빔은 거의 느껴지지 않아요. 도보 이동이 자유로워요.,2000,2500,55.1,44.9,0.6,8.2,8.8,14.4,22.0,19.3,15.0,11.8,58.1,41.9,N,2026-07-02 06:10,Y
2026-07-02T06:40:51.797751+09:00,이촌한강공원,이촌한강공원,POI108,KEY_4,이촌한강공원,POI108,여유,사람이 몰려있을 가능성이 낮고 붐빔은 거의 느껴지지 않아요. 도보 이동이 자유로워요.,1500,2000,60.5,39.5,0.4,3.9,7.1,13.7,22.3,24.3,19.1,9.2,33.5,66.5,N,2026-07-02 06:10,Y
2026-07-02T06:40:51.797751+09:00,잠실종합운동장,잠실종합운동장,POI109,KEY_1,잠실종합운동장,POI109,여유,사람이 몰려있을 가능성이 낮고 붐빔은 거의 느껴지지 않아요. 도보 이동이 자유로워요.,1500,2000,57.0,43.0,2.0,8.5,7.6,10.8,26.8,24.8,11.2,8.4,43.1,56.9,N,2026-07-02 06:10,Y
2026-07-02T06:40:51.797751+09:00,잠실한강공원,잠실한강공원,POI110,KEY_2,잠실한강공원,POI110,여유,사람이 몰려있을 가능성이 낮고 붐빔은 거의 느껴지지 않아요. 도보 이동이 자유로워요.,1000,1500,60.6,39.4,0.4,8.0,9.7,9.1,21.5,26.1,14.9,10.4,22.1,77.9,N,2026-07-02 06:10,Y
2026-07-02T06:40:51.797751+09:00,잠원한강공원,잠원한강공원,POI111,KEY_3,잠원한강공원,POI111,여유,사람이 몰려있을 가능성이 낮고 붐빔은 거의 느껴지지 않아요. 도보 이동이 자유로워요.,1000,1500,67.6,32.4,0.2,4.5,6.6,12.1,22.2,26.7,18.3,9.3,14.2,85.8,N,2026-07-02 06:10,Y
2026-07-02T06:40:51.797751+09:00,청계산,청계산,POI112,KEY_4,청계산,POI112,여유,사람이 몰려있을 가능성이 낮고 붐빔은 거의 느껴지지 않아요. 도보 이동이 자유로워요.,1000,1500,55.6,44.4,2.3,4.5,9.0,16.2,18.9,20.0,15.5,13.5,64.6,35.4,N,2026-07-02 06:10,Y
2026-07-02T06:40:51.797751+09:00,홍제폭포,홍제폭포,POI128,KEY_1,홍제폭포,POI128,여유,사람이 몰려있을 가능성이 낮고 붐빔은 거의 느껴지지 않아요. 도보 이동이 자유로워요.,400,500,45.8,54.2,3.0,7.4,13.3,12.3,13.6,17.2,16.0,17.3,84.2,15.8,N,2026-07-02 06:10,Y
2026-07-02T06:40:51.797751+09:00,가락시장,가락시장,POI058,KEY_2,가락시장,POI058,여유,사람이 몰려있을 가능성이 낮고 붐빔은 거의 느껴지지 않아요. 도보 이동이 자유로워요.,8000,8500,73.7,26.3,0.2,2.3,5.7,14.4,23.6,27.1,18.5,8.2,35.9,64.1,N,2026-07-02 06:10,Y
2026-07-02T06:40:51.797751+09:00,가로수길,가로수길,POI059,KEY_3,가로수길,POI059,여유,사람이 몰려있을 가능성이 낮고 붐빔은 거의 느껴지지 않아요. 도보 이동이 자유로워요.,10000,12000,51.5,48.5,1.8,6.8,11.0,14.5,20.9,19.7,12.8,12.6,64.6,35.4,N,2026-07-02 06:10,Y
2026-07-02T06:40:51.797751+09:00,광장(전통)시장,광장(전통)시장,POI060,KEY_4,광장(전통)시장,POI060,여유,사람이 몰려있을 가능성이 낮고 붐빔은 거의 느껴지지 않아요. 도보 이동이 자유로워요.,1000,1500,55.2,44.8,0.6,3.1,16.7,14.5,14.8,18.5,18.5,13.3,59.3,40.7,N,2026-07-02 06:10,Y
2026-07-02T06:40:51.797751+09:00,김포공항,김포공항,POI061,KEY_1,김포공항,POI061,여유,사람이 몰려있을 가능성이 낮고 붐빔은 거의 느껴지지 않아요. 도보 이동이 자유로워요.,4000,4500,58.4,41.6,0.2,2.7,16.4,19.1,22.3,21.8,11.9,5.6,5.5,94.5,N,2026-07-02 06:10,Y
2026-07-02T06:40:51.797751+09:00,남대문시장,남대문시장,POI115,KEY_2,남대문시장,POI115,여유,사람이 몰려있을 가능성이 낮고 붐빔은 거의 느껴지지 않아요. 도보 이동이 자유로워요.,2500,3000,57.8,42.2,0.6,2.5,10.6,14.0,17.8,21.6,20.0,12.8,58.6,41.4,N,2026-07-02 06:10,Y
2026-07-02T06:40:51.797751+09:00,노량진,노량진,POI063,KEY_3,노량진,POI063,여유,사람이 몰려있을 가능성이 낮고 붐빔은 거의 느껴지지 않아요. 도보 이동이 자유로워요.,12000,14000,58.1,41.9,0.9,3.9,24.2,18.9,13.7,16.4,12.4,9.5,62.1,37.9,N,2026-07-02 06:10,Y
2026-07-02T06:40:51.797751+09:00,덕수궁길·정동길,덕수궁길·정동길,POI064,KEY_4,덕수궁길·정동길,POI064,여유,사람이 몰려있을 가능성이 낮고 붐빔은 거의 느껴지지 않아요. 도보 이동이 자유로워요.,1000,1500,49.3,50.7,1.1,10.0,9.8,14.1,17.5,19.7,16.4,11.5,49.0,51.0,N,2026-07-02 06:10,Y
2026-07-02T06:40:51.797751+09:00,북창동 먹자골목,북창동 먹자골목,POI114,KEY_1,북창동 먹자골목,POI114,여유,사람이 몰려있을 가능성이 낮고 붐빔은 거의 느껴지지 않아요. 도보 이동이 자유로워요.,2000,2500,58.9,41.1,0.5,2.3,11.1,16.2,18.7,21.6,18.6,10.9,53.3,46.7,N,2026-07-02 06:10,Y
2026-07-02T06:40:51.797751+09:00,북촌한옥마을,북촌한옥마을,POI066,KEY_2,북촌한옥마을,POI066,여유,사람이 몰려있을 가능성이 낮고 붐빔은 거의 느껴지지 않아요. 도보 이동이 자유로워요.,4500,5000,53.2,46.8,0.6,7.2,12.1,14.8,17.2,19.5,14.7,13.8,66.2,33.8,N,2026-07-02 06:10,Y
2026-07-02T06:40:51.797751+09:00,서촌,서촌,POI067,KEY_3,서촌,POI067,여유,사람이 몰려있을 가능성이 낮고 붐빔은 거의 느껴지지 않아요. 도보 이동이 자유로워요.,8500,9000,46.6,53.4,2.5,8.8,11.6,14.2,17.2,17.8,13.9,13.9,87.2,12.8,N,2026-07-02 06:10,Y
2026-07-02T06:40:51.797751+09:00,성수카페거리,성수카페거리,POI068,KEY_4,성수카페거리,POI068,여유,사람이 몰려있을 가능성이 낮고 붐빔은 거의 느껴지지 않아요. 도보 이동이 자유로워요.,8000,8500,56.0,44.0,1.3,3.9,16.4,16.9,14.8,20.5,15.9,10.2,61.0,39.0,N,2026-07-02 06:10,Y
2026-07-02T06:40:51.797751+09:00,송리단길·호수단길,송리단길·호수단길,POI121,KEY_1,송리단길·호수단길,POI121,여유,사람이 몰려있을 가능성이 낮고 붐빔은 거의 느껴지지 않아요. 도보 이동이 자유로워요.,4500,5000,48.2,51.8,0.2,3.9,16.0,25.9,18.6,15.9,11.8,7.7,63.5,36.5,N,2026-07-02 06:10,Y
2026-07-02T06:40:51.797751+09:00,신촌 스타광장,신촌 스타광장,POI122,KEY_2,신촌 스타광장,POI122,여유,사람이 몰려있을 가능성이 낮고 붐빔은 거의 느껴지지 않아요. 도보 이동이 자유로워요.,1500,2000,48.3,51.7,1.3,4.2,40.1,16.1,10.6,11.7,8.5,7.6,66.4,33.6,N,2026-07-02 06:10,Y
2026-07-02T06:40:51.797751+09:00,압구정로데오거리,압구정로데오거리,POI071,KEY_3,압구정로데오거리,POI071,여유,사람이 몰려있을 가능성이 낮고 붐빔은 거의 느껴지지 않아요. 도보 이동이 자유로워요.,10000,12000,49.6,50.4,3.1,6.4,9.9,13.0,18.8,19.4,14.9,14.5,73.8,26.2,N,2026-07-02 06:10,Y
2026-07-02T06:40:51.797751+09:00,여의도,여의도,POI072,KEY_4,여의도,POI072,여유,사람이 몰려있을 가능성이 낮고 붐빔은 거의 느껴지지 않아요. 도보 이동이 자유로워요.,38000,40000,54.1,45.9,1.5,4.7,10.3,15.9,19.4,19.9,16.3,12.0,64.2,35.8,N,2026-07-02 06:10,Y
2026-07-02T06:40:51.797751+09:00,연남동,연남동,POI073,KEY_1,연남동,POI073,여유,사람이 몰려있을 가능성이 낮고 붐빔은 거의 느껴지지 않아요. 도보 이동이 자유로워요.,6000,6500,47.6,52.4,1.0,5.1,22.0,20.3,16.3,13.8,10.9,10.6,72.4,27.6,N,2026-07-02 06:10,Y
2026-07-02T06:40:51.797751+09:00,영등포 타임스퀘어,영등포 타임스퀘어,POI074,KEY_2,영등포 타임스퀘어,POI074,여유,사람이 몰려있을 가능성이 낮고 붐빔은 거의 느껴지지 않아요. 도보 이동이 자유로워요.,4000,4500,62.9,37.1,0.1,1.9,22.5,23.5,15.3,18.6,11.9,6.2,29.0,71.0,N,2026-07-02 06:10,Y
2026-07-02T06:40:51.797751+09:00,용리단길,용리단길,POI076,KEY_3,용리단길,POI076,여유,사람이 몰려있을 가능성이 낮고 붐빔은 거의 느껴지지 않아요. 도보 이동이 자유로워요.,3000,3500,52.1,47.9,3.2,4.5,13.7,20.4,18.5,17.3,12.9,9.6,81.1,18.9,N,2026-07-02 06:10,Y
2026-07-02T06:40:51.797751+09:00,이태원 앤틱가구거리,이태원 앤틱가구거리,POI077,KEY_4,이태원 앤틱가구거리,POI077,여유,사람이 몰려있을 가능성이 낮고 붐빔은 거의 느껴지지 않아요. 도보 이동이 자유로워요.,3000,3500,56.4,43.6,1.1,4.8,15.1,17.7,16.6,19.6,14.1,11.0,69.6,30.4,N,2026-07-02 06:10,Y
2026-07-02T06:40:51.797751+09:00,익선동,익선동,POI116,KEY_1,익선동,POI116,여유,사람이 몰려있을 가능성이 낮고 붐빔은 거의 느껴지지 않아요. 도보 이동이 자유로워요.,3000,3500,64.0,36.0,0.4,2.8,16.7,15.3,16.4,19.3,16.6,12.4,38.9,61.1,N,2026-07-02 06:10,Y
2026-07-02T06:40:51.797751+09:00,인사동,인사동,POI078,KEY_2,인사동,POI078,여유,사람이 몰려있을 가능성이 낮고 붐빔은 거의 느껴지지 않아요. 도보 이동이 자유로워요.,4000,4500,58.8,41.2,0.4,3.0,13.0,16.8,17.8,19.5,17.2,12.5,53.7,46.3,N,2026-07-02 06:10,Y
2026-07-02T06:40:51.797751+09:00,잠실롯데타워·석촌호수,잠실롯데타워·석촌호수,POI120,KEY_3,잠실롯데타워·석촌호수,POI120,여유,사람이 몰려있을 가능성이 낮고 붐빔은 거의 느껴지지 않아요. 도보 이동이 자유로워요.,14000,16000,52.0,48.0,0.2,4.2,17.3,23.1,20.1,16.5,11.0,7.6,38.7,61.3,N,2026-07-02 06:10,Y
2026-07-02T06:40:51.797751+09:00,창동 신경제 중심지,창동 신경제 중심지,POI079,KEY_4,창동 신경제 중심지,POI079,여유,사람이 몰려있을 가능성이 낮고 붐빔은 거의 느껴지지 않아요. 도보 이동이 자유로워요.,16000,18000,54.1,45.9,0.4,5.9,13.6,16.1,18.4,20.5,15.0,10.2,47.4,52.6,N,2026-07-02 06:10,Y
2026-07-02T06:40:51.797751+09:00,청담동 명품거리,청담동 명품거리,POI080,KEY_1,청담동 명품거리,POI080,여유,사람이 몰려있을 가능성이 낮고 붐빔은 거의 느껴지지 않아요. 도보 이동이 자유로워요.,1500,2000,52.9,47.1,0.3,5.4,14.1,15.6,19.1,22.0,13.1,10.5,45.3,54.7,N,2026-07-02 06:10,Y
2026-07-02T06:40:51.797751+09:00,청량리 제기동 일대 전통시장,청량리 제기동 일대 전통시장,POI081,KEY_2,청량리 제기동 일대 전통시장,POI081,여유,사람이 몰려있을 가능성이 낮고 붐빔은 거의 느껴지지 않아요. 도보 이동이 자유로워요.,7500,8000,55.0,45.0,1.7,3.8,14.8,13.2,14.5,19.1,18.1,14.8,59.2,40.8,N,2026-07-02 06:10,Y
2026-07-02T06:40:51.797751+09:00,해방촌·경리단길,해방촌·경리단길,POI082,KEY_3,해방촌·경리단길,POI082,여유,사람이 몰려있을 가능성이 낮고 붐빔은 거의 느껴지지 않아요. 도보 이동이 자유로워요.,2500,3000,50.7,49.3,0.2,4.3,13.8,21.7,20.3,17.0,12.1,10.6,54.4,45.6,N,2026-07-02 06:10,Y
2026-07-02T06:40:51.797751+09:00,DDP(동대문디자인플라자),DDP(동대문디자인플라자),POI083,KEY_4,DDP(동대문디자인플라자),POI083,여유,사람이 몰려있을 가능성이 낮고 붐빔은 거의 느껴지지 않아요. 도보 이동이 자유로워요.,1500,2000,53.3,46.7,0.8,2.8,12.7,15.5,18.1,19.9,18.7,11.5,57.4,42.6,N,2026-07-02 06:10,Y
2026-07-02T06:40:51.797751+09:00,DMC(디지털미디어시티),DMC(디지털미디어시티),POI084,KEY_1,DMC(디지털미디어시티),POI084,여유,사람이 몰려있을 가능성이 낮고 붐빔은 거의 느껴지지 않아요. 도보 이동이 자유로워요.,14000,16000,50.1,49.9,2.7,7.2,14.5,16.7,17.9,18.7,13.0,9.3,63.6,36.4,N,2026-07-02 06:10,Y
2026-07-02T06:40:51.797751+09:00,가산디지털단지역,가산디지털단지역,POI013,KEY_2,가산디지털단지역,POI013,여유,사람이 몰려있을 가능성이 낮고 붐빔은 거의 느껴지지 않아요. 도보 이동이 자유로워요.,7500,8000,62.6,37.4,0.1,2.0,16.8,20.8,18.8,19.0,15.6,7.0,33.2,66.8,N,2026-07-02 06:10,Y
2026-07-02T06:40:51.797751+09:00,강남역,강남역,POI014,KEY_3,강남역,POI014,여유,사람이 몰려있을 가능성이 낮고 붐빔은 거의 느껴지지 않아요. 도보 이동이 자유로워요.,20000,22000,53.8,46.2,2.2,5.2,15.0,20.2,21.5,17.1,10.3,8.5,66.4,33.6,N,2026-07-02 06:10,Y
2026-07-02T06:40:51.797751+09:00,건대입구역,건대입구역,POI015,KEY_4,건대입구역,POI015,여유,사람이 몰려있을 가능성이 낮고 붐빔은 거의 느껴지지 않아요. 도보 이동이 자유로워요.,16000,18000,49.9,50.1,1.5,5.4,25.7,16.7,13.0,15.1,12.2,10.4,70.2,29.8,N,2026-07-02 06:10,Y
2026-07-02T06:40:51.797751+09:00,고덕역,고덕역,POI016,KEY_1,고덕역,POI016,여유,사람이 몰려있을 가능성이 낮고 붐빔은 거의 느껴지지 않아요. 도보 이동이 자유로워요.,1500,2000,54.1,45.9,0.8,15.3,12.1,12.2,22.9,18.1,10.5,8.2,51.4,48.6,N,2026-07-02 06:10,Y
2026-07-02T06:40:51.797751+09:00,고속터미널역,고속터미널역,POI017,KEY_2,고속터미널역,POI017,여유,사람이 몰려있을 가능성이 낮고 붐빔은 거의 느껴지지 않아요. 도보 이동이 자유로워요.,3000,3500,61.5,38.5,0.1,4.2,10.1,12.5,21.3,25.5,16.6,9.7,18.8,81.2,N,2026-07-02 06:10,Y
2026-07-02T06:40:51.797751+09:00,교대역,교대역,POI018,KEY_3,교대역,POI018,여유,사람이 몰려있을 가능성이 낮고 붐빔은 거의 느껴지지 않아요. 도보 이동이 자유로워요.,6500,7000,51.9,48.1,3.3,6.6,11.8,15.1,20.2,18.6,13.2,11.2,68.8,31.2,N,2026-07-02 06:15,Y
2026-07-02T06:40:51.797751+09:00,구로디지털단지역,구로디지털단지역,POI019,KEY_4,구로디지털단지역,POI019,여유,사람이 몰려있을 가능성이 낮고 붐빔은 거의 느껴지지 않아요. 도보 이동이 자유로워요.,5000,5500,57.5,42.5,0.2,2.7,18.7,23.7,19.1,17.2,10.4,8.1,49.4,50.6,N,2026-07-02 06:15,Y
2026-07-02T06:40:51.797751+09:00,구로역,구로역,POI020,KEY_1,구로역,POI020,여유,사람이 몰려있을 가능성이 낮고 붐빔은 거의 느껴지지 않아요. 도보 이동이 자유로워요.,1000,1500,57.2,42.8,0.3,3.7,13.8,19.7,18.1,21.3,13.7,9.3,32.8,67.2,N,2026-07-02 06:15,Y
2026-07-02T06:40:51.797751+09:00,군자역,군자역,POI021,KEY_2,군자역,POI021,여유,사람이 몰려있을 가능성이 낮고 붐빔은 거의 느껴지지 않아요. 도보 이동이 자유로워요.,4000,4500,49.2,50.8,0.4,3.1,22.5,21.1,19.0,14.1,10.9,8.9,51.6,48.4,N,2026-07-02 06:15,Y
2026-07-02T06:40:51.797751+09:00,대림역,대림역,POI023,KEY_3,대림역,POI023,보통,사람이 몰려있을 수 있지만 크게 붐비지는 않아요. 도보 이동에 큰 제약이 없어요.,16000,18000,49.7,50.3,1.9,5.1,12.2,14.1,14.0,20.3,18.4,14.0,84.2,15.8,N,2026-07-02 06:15,Y
2026-07-02T06:40:51.797751+09:00,동대문역,동대문역,POI024,KEY_4,동대문역,POI024,여유,사람이 몰려있을 가능성이 낮고 붐빔은 거의 느껴지지 않아요. 도보 이동이 자유로워요.,2500,3000,62.5,37.5,0.0,1.3,10.0,13.2,15.9,23.3,24.3,12.0,16.2,83.8,N,2026-07-02 06:15,Y
2026-07-02T06:40:51.797751+09:00,뚝섬역,뚝섬역,POI025,KEY_1,뚝섬역,POI025,여유,사람이 몰려있을 가능성이 낮고 붐빔은 거의 느껴지지 않아요. 도보 이동이 자유로워요.,4500,5000,52.0,48.0,1.6,4.8,13.9,18.8,18.3,18.2,14.6,9.7,69.2,30.8,N,2026-07-02 06:15,Y
2026-07-02T06:40:51.797751+09:00,미아사거리역,미아사거리역,POI026,KEY_2,미아사거리역,POI026,여유,사람이 몰려있을 가능성이 낮고 붐빔은 거의 느껴지지 않아요. 도보 이동이 자유로워요.,5000,5500,55.7,44.3,0.2,4.9,13.8,15.2,16.5,23.1,15.1,11.3,29.6,70.4,N,2026-07-02 06:15,Y
2026-07-02T06:40:51.797751+09:00,발산역,발산역,POI027,KEY_3,발산역,POI027,여유,사람이 몰려있을 가능성이 낮고 붐빔은 거의 느껴지지 않아요. 도보 이동이 자유로워요.,4000,4500,50.8,49.2,0.3,4.8,18.2,26.5,17.5,14.0,11.1,7.5,52.2,47.8,N,2026-07-02 06:15,Y
2026-07-02T06:40:51.797751+09:00,사당역,사당역,POI029,KEY_4,사당역,POI029,여유,사람이 몰려있을 가능성이 낮고 붐빔은 거의 느껴지지 않아요. 도보 이동이 자유로워요.,7000,7500,57.2,42.8,0.2,3.4,17.6,20.8,17.2,17.1,13.9,9.8,50.8,49.2,N,2026-07-02 06:15,Y
2026-07-02T06:40:51.797751+09:00,삼각지역,삼각지역,POI030,KEY_1,삼각지역,POI030,여유,사람이 몰려있을 가능성이 낮고 붐빔은 거의 느껴지지 않아요. 도보 이동이 자유로워요.,1000,1500,53.9,46.1,1.6,3.2,13.9,25.5,18.0,15.8,12.7,9.2,65.4,34.6,N,2026-07-02 06:15,Y
2026-07-02T06:40:51.797751+09:00,서울대입구역,서울대입구역,POI031,KEY_2,서울대입구역,POI031,여유,사람이 몰려있을 가능성이 낮고 붐빔은 거의 느껴지지 않아요. 도보 이동이 자유로워요.,6000,6500,53.0,47.0,0.1,3.8,38.4,22.4,11.1,12.0,7.8,4.4,56.8,43.2,N,2026-07-02 06:15,Y
2026-07-02T06:40:51.797751+09:00,서울식물원·마곡나루역,서울식물원·마곡나루역,POI032,KEY_3,서울식물원·마곡나루역,POI032,여유,사람이 몰려있을 가능성이 낮고 붐빔은 거의 느껴지지 않아요. 도보 이동이 자유로워요.,2000,2500,50.4,49.6,3.4,6.2,15.2,21.2,17.3,14.8,13.1,8.8,70.8,29.2,N,2026-07-02 06:15,Y
2026-07-02T06:40:51.797751+09:00,서울역,서울역,POI033,KEY_4,서울역,POI033,여유,사람이 몰려있을 가능성이 낮고 붐빔은 거의 느껴지지 않아요. 도보 이동이 자유로워요.,5000,5500,55.0,45.0,0.9,3.6,11.8,15.1,17.7,22.3,17.6,10.9,53.9,46.1,N,2026-07-02 06:15,Y
2026-07-02T06:40:51.797751+09:00,선릉역,선릉역,POI034,KEY_1,선릉역,POI034,여유,사람이 몰려있을 가능성이 낮고 붐빔은 거의 느껴지지 않아요. 도보 이동이 자유로워요.,18000,20000,51.4,48.6,1.6,7.4,14.2,18.8,21.9,18.3,10.1,7.8,66.8,33.2,N,2026-07-02 06:15,Y
2026-07-02T06:40:51.797751+09:00,성신여대입구역,성신여대입구역,POI035,KEY_2,성신여대입구역,POI035,여유,사람이 몰려있을 가능성이 낮고 붐빔은 거의 느껴지지 않아요. 도보 이동이 자유로워요.,2000,2500,49.7,50.3,0.4,5.5,28.5,15.1,13.7,16.5,11.7,8.7,30.0,70.0,N,2026-07-02 06:15,Y
2026-07-02T06:40:51.797751+09:00,수유역,수유역,POI036,KEY_3,수유역,POI036,여유,사람이 몰려있을 가능성이 낮고 붐빔은 거의 느껴지지 않아요. 도보 이동이 자유로워요.,7500,8000,51.0,49.0,0.3,4.4,22.1,15.6,16.0,17.6,14.2,9.9,49.0,51.0,N,2026-07-02 06:15,Y
2026-07-02T06:40:51.797751+09:00,숭례문,숭례문,POI131,KEY_4,숭례문,POI131,여유,사람이 몰려있을 가능성이 낮고 붐빔은 거의 느껴지지 않아요. 도보 이동이 자유로워요.,2000,2500,58.2,41.8,0.6,2.3,11.2,15.4,17.9,22.2,19.0,11.5,46.0,54.0,N,2026-07-02 06:15,Y
2026-07-02T06:40:51.797751+09:00,시의회 앞,시의회 앞,POI130,KEY_1,시의회 앞,POI130,여유,사람이 몰려있을 가능성이 낮고 붐빔은 거의 느껴지지 않아요. 도보 이동이 자유로워요.,1500,2000,59.4,40.6,0.4,1.7,11.3,14.8,20.0,23.4,18.7,9.8,30.6,69.4,N,2026-07-02 06:15,Y
2026-07-02T06:40:51.797751+09:00,신논현역·논현역,신논현역·논현역,POI037,KEY_2,신논현역·논현역,POI037,여유,사람이 몰려있을 가능성이 낮고 붐빔은 거의 느껴지지 않아요. 도보 이동이 자유로워요.,5500,6000,54.0,46.0,1.4,4.4,16.3,20.4,20.3,17.3,10.8,9.1,60.6,39.4,N,2026-07-02 06:15,Y
2026-07-02T06:40:51.797751+09:00,신도림역,신도림역,POI038,KEY_3,신도림역,POI038,여유,사람이 몰려있을 가능성이 낮고 붐빔은 거의 느껴지지 않아요. 도보 이동이 자유로워요.,4500,5000,52.4,47.6,3.4,5.5,11.4,17.9,17.4,17.8,14.8,11.7,67.7,32.3,N,2026-07-02 06:15,Y
2026-07-02T06:40:51.797751+09:00,신림역,신림역,POI039,KEY_4,신림역,POI039,여유,사람이 몰려있을 가능성이 낮고 붐빔은 거의 느껴지지 않아요. 도보 이동이 자유로워요.,7000,7500,58.8,41.2,0.0,2.3,33.1,27.0,13.5,12.0,6.9,5.1,49.7,50.3,N,2026-07-02 06:15,Y
2026-07-02T06:40:51.797751+09:00,신정네거리역,신정네거리역,POI117,KEY_1,신정네거리역,POI117,여유,사람이 몰려있을 가능성이 낮고 붐빔은 거의 느껴지지 않아요. 도보 이동이 자유로워요.,1000,1500,57.4,42.6,0.5,9.4,12.2,16.8,21.0,16.6,12.1,11.3,46.5,53.5,N,2026-07-02 06:15,Y
2026-07-02T06:40:51.797751+09:00,신촌·이대역,신촌·이대역,POI040,KEY_2,신촌·이대역,POI040,여유,사람이 몰려있을 가능성이 낮고 붐빔은 거의 느껴지지 않아요. 도보 이동이 자유로워요.,16000,18000,44.8,55.2,1.3,5.3,41.1,16.0,11.0,11.0,7.8,6.5,64.3,35.7,N,2026-07-02 06:15,Y
2026-07-02T06:40:51.797751+09:00,쌍문역,쌍문역,POI070,KEY_3,쌍문역,POI070,여유,사람이 몰려있을 가능성이 낮고 붐빔은 거의 느껴지지 않아요. 도보 이동이 자유로워요.,4500,5000,50.7,49.3,0.3,5.2,14.3,16.3,17.2,19.3,14.8,12.5,52.7,47.3,N,2026-07-02 06:15,Y
2026-07-02T06:40:51.797751+09:00,양재역,양재역,POI041,KEY_4,양재역,POI041,여유,사람이 몰려있을 가능성이 낮고 붐빔은 거의 느껴지지 않아요. 도보 이동이 자유로워요.,6500,7000,51.6,48.4,2.0,6.3,13.4,18.6,18.6,17.7,12.9,10.5,67.1,32.9,N,2026-07-02 06:15,Y
2026-07-02T06:40:51.797751+09:00,역삼역,역삼역,POI042,KEY_1,역삼역,POI042,여유,사람이 몰려있을 가능성이 낮고 붐빔은 거의 느껴지지 않아요. 도보 이동이 자유로워요.,12000,14000,52.7,47.3,1.6,5.0,15.7,21.0,21.7,16.5,10.5,8.1,67.1,32.9,N,2026-07-02 06:15,Y
2026-07-02T06:40:51.797751+09:00,연신내역,연신내역,POI043,KEY_2,연신내역,POI043,여유,사람이 몰려있을 가능성이 낮고 붐빔은 거의 느껴지지 않아요. 도보 이동이 자유로워요.,3500,4000,52.7,47.3,0.1,2.1,18.4,20.5,16.1,18.1,14.5,10.2,46.5,53.5,N,2026-07-02 06:15,Y
2026-07-02T06:40:51.797751+09:00,오목교역·목동운동장,오목교역·목동운동장,POI044,KEY_3,오목교역·목동운동장,POI044,여유,사람이 몰려있을 가능성이 낮고 붐빔은 거의 느껴지지 않아요. 도보 이동이 자유로워요.,62000,64000,48.2,51.8,6.0,14.4,10.2,9.9,19.9,17.6,11.9,10.0,86.4,13.6,N,2026-07-02 06:15,Y
2026-07-02T06:40:51.797751+09:00,왕십리역,왕십리역,POI045,KEY_4,왕십리역,POI045,여유,사람이 몰려있을 가능성이 낮고 붐빔은 거의 느껴지지 않아요. 도보 이동이 자유로워요.,16000,18000,48.9,51.1,2.7,6.2,23.7,15.7,12.9,15.0,12.4,11.3,82.1,17.9,N,2026-07-02 06:15,Y
2026-07-02T06:40:51.797751+09:00,용산역,용산역,POI046,KEY_1,용산역,POI046,여유,사람이 몰려있을 가능성이 낮고 붐빔은 거의 느껴지지 않아요. 도보 이동이 자유로워요.,4000,4500,56.6,43.4,0.2,2.3,14.3,18.9,20.6,20.6,14.5,8.6,35.3,64.7,N,2026-07-02 06:15,Y
2026-07-02T06:40:51.797751+09:00,이태원역,이태원역,POI047,KEY_2,이태원역,POI047,여유,사람이 몰려있을 가능성이 낮고 붐빔은 거의 느껴지지 않아요. 도보 이동이 자유로워요.,1500,2000,61.7,38.3,0.5,2.2,17.8,20.0,18.3,20.9,11.0,9.2,40.0,60.0,N,2026-07-02 06:15,Y
2026-07-02T06:40:51.797751+09:00,잠실새내역,잠실새내역,POI118,KEY_3,잠실새내역,POI118,여유,사람이 몰려있을 가능성이 낮고 붐빔은 거의 느껴지지 않아요. 도보 이동이 자유로워요.,6500,7000,51.7,48.3,0.4,10.5,13.8,18.3,24.0,16.2,9.6,7.1,54.8,45.2,N,2026-07-02 06:15,Y
2026-07-02T06:40:51.797751+09:00,잠실역,잠실역,POI119,KEY_4,잠실역,POI119,여유,사람이 몰려있을 가능성이 낮고 붐빔은 거의 느껴지지 않아요. 도보 이동이 자유로워요.,3500,4000,56.4,43.6,0.1,4.4,12.6,18.9,22.3,21.7,13.6,6.3,27.8,72.2,N,2026-07-02 06:15,Y
2026-07-02T06:40:51.797751+09:00,장지역,장지역,POI048,KEY_1,장지역,POI048,여유,사람이 몰려있을 가능성이 낮고 붐빔은 거의 느껴지지 않아요. 도보 이동이 자유로워요.,7500,8000,54.4,45.6,2.1,4.6,12.4,22.0,20.8,17.7,12.3,8.1,63.2,36.8,N,2026-07-02 06:15,Y
2026-07-02T06:40:51.797751+09:00,장한평역,장한평역,POI049,KEY_2,장한평역,POI049,여유,사람이 몰려있을 가능성이 낮고 붐빔은 거의 느껴지지 않아요. 도보 이동이 자유로워요.,5000,5500,55.5,44.5,0.3,1.6,16.8,22.0,19.9,16.8,14.6,8.1,45.8,54.2,N,2026-07-02 06:15,Y
2026-07-02T06:40:51.797751+09:00,천호역,천호역,POI050,KEY_3,천호역,POI050,여유,사람이 몰려있을 가능성이 낮고 붐빔은 거의 느껴지지 않아요. 도보 이동이 자유로워요.,4000,4500,53.6,46.4,0.3,2.9,16.0,23.3,17.0,19.3,13.1,8.1,36.9,63.1,N,2026-07-02 06:15,Y
2026-07-02T06:40:51.797751+09:00,총신대입구(이수)역,총신대입구(이수)역,POI051,KEY_4,총신대입구(이수)역,POI051,여유,사람이 몰려있을 가능성이 낮고 붐빔은 거의 느껴지지 않아요. 도보 이동이 자유로워요.,5500,6000,54.4,45.6,0.4,3.5,15.0,19.2,19.6,18.9,12.6,10.8,48.7,51.3,N,2026-07-02 06:15,Y
2026-07-02T06:40:51.797751+09:00,충정로역,충정로역,POI052,KEY_1,충정로역,POI052,여유,사람이 몰려있을 가능성이 낮고 붐빔은 거의 느껴지지 않아요. 도보 이동이 자유로워요.,5500,6000,48.4,51.6,2.4,5.7,13.5,17.4,15.9,17.5,14.9,12.8,82.3,17.7,N,2026-07-02 06:15,Y
2026-07-02T06:40:51.797751+09:00,합정역,합정역,POI053,KEY_2,합정역,POI053,여유,사람이 몰려있을 가능성이 낮고 붐빔은 거의 느껴지지 않아요. 도보 이동이 자유로워요.,5500,6000,49.4,50.6,1.1,3.9,17.3,21.2,17.4,16.2,12.5,10.4,70.2,29.8,N,2026-07-02 06:15,Y
2026-07-02T06:40:51.797751+09:00,혜화역,혜화역,POI054,KEY_3,혜화역,POI054,여유,사람이 몰려있을 가능성이 낮고 붐빔은 거의 느껴지지 않아요. 도보 이동이 자유로워요.,7500,8000,50.3,49.7,1.2,7.0,24.5,15.1,12.6,15.6,12.6,11.4,69.8,30.2,N,2026-07-02 06:15,Y
2026-07-02T06:40:51.797751+09:00,홍대입구역(2호선),홍대입구역(2호선),POI055,KEY_4,홍대입구역(2호선),POI055,여유,사람이 몰려있을 가능성이 낮고 붐빔은 거의 느껴지지 않아요. 도보 이동이 자유로워요.,6500,7000,50.8,49.2,0.9,5.1,22.3,18.4,16.4,15.8,11.5,9.5,67.2,32.8,N,2026-07-02 06:15,Y
2026-07-02T06:40:51.797751+09:00,회기역,회기역,POI056,KEY_1,회기역,POI056,여유,사람이 몰려있을 가능성이 낮고 붐빔은 거의 느껴지지 않아요. 도보 이동이 자유로워요.,6000,6500,50.9,49.1,0.1,6.2,44.2,14.3,9.6,10.7,8.2,6.7,55.6,44.4,N,2026-07-02 06:15,Y
2026-07-02T07:39:03.606345+09:00,경복궁,경복궁,POI008,KEY_1,경복궁,POI008,여유,사람이 몰려있을 가능성이 낮고 붐빔은 거의 느껴지지 않아요. 도보 이동이 자유로워요.,600,700,60.1,39.9,0.8,8.3,8.9,15.3,20.6,23.0,13.8,9.4,52.6,47.4,N,2026-07-02 07:10,Y
2026-07-02T07:39:03.606345+09:00,광화문·덕수궁,광화문·덕수궁,POI009,KEY_2,광화문·덕수궁,POI009,여유,사람이 몰려있을 가능성이 낮고 붐빔은 거의 느껴지지 않아요. 도보 이동이 자유로워요.,10000,12000,59.9,40.1,0.3,2.7,10.9,17.9,22.4,25.5,13.8,6.4,36.8,63.2,N,2026-07-02 07:10,Y
2026-07-02T07:39:03.606345+09:00,보신각,보신각,POI010,KEY_3,보신각,POI010,여유,사람이 몰려있을 가능성이 낮고 붐빔은 거의 느껴지지 않아요. 도보 이동이 자유로워요.,4000,4500,63.8,36.2,0.1,1.6,10.8,18.3,23.9,23.8,14.1,7.3,48.1,51.9,N,2026-07-02 07:10,Y
2026-07-02T07:39:03.606345+09:00,서울 암사동 유적,서울 암사동 유적,POI011,KEY_4,서울 암사동 유적,POI011,여유,사람이 몰려있을 가능성이 낮고 붐빔은 거의 느껴지지 않아요. 도보 이동이 자유로워요.,400,500,55.3,44.7,3.4,7.0,9.4,14.2,18.5,18.6,15.2,13.7,57.8,42.2,N,2026-07-02 07:10,Y
2026-07-02T07:39:03.606345+09:00,창덕궁·종묘,창덕궁·종묘,POI012,KEY_1,창덕궁·종묘,POI012,여유,사람이 몰려있을 가능성이 낮고 붐빔은 거의 느껴지지 않아요. 도보 이동이 자유로워요.,5000,5500,59.6,40.4,0.4,3.0,16.2,15.7,17.6,22.0,15.2,10.0,34.2,65.8,N,2026-07-02 07:10,Y
2026-07-02T07:39:03.606345+09:00,강남 MICE 관광특구,강남 MICE 관광특구,POI001,KEY_2,강남 MICE 관광특구,POI001,여유,사람이 몰려있을 가능성이 낮고 붐빔은 거의 느껴지지 않아요. 도보 이동이 자유로워요.,5000,5500,60.3,39.7,1.1,4.9,11.5,16.9,20.9,21.8,14.4,8.5,53.2,46.8,N,2026-07-02 07:10,Y
2026-07-02T07:39:03.606345+09:00,동대문 관광특구,동대문 관광특구,POI002,KEY_3,동대문 관광특구,POI002,여유,사람이 몰려있을 가능성이 낮고 붐빔은 거의 느껴지지 않아요. 도보 이동이 자유로워요.,16000,18000,52.0,48.0,0.9,3.1,12.8,17.5,18.3,20.4,16.5,10.5,51.7,48.3,N,2026-07-02 07:10,Y
2026-07-02T07:39:03.606345+09:00,명동 관광특구,명동 관광특구,POI003,KEY_4,명동 관광특구,POI003,여유,사람이 몰려있을 가능성이 낮고 붐빔은 거의 느껴지지 않아요. 도보 이동이 자유로워요.,20000,22000,62.0,38.0,0.2,1.7,10.0,16.4,22.9,25.4,15.5,7.8,44.6,55.4,N,2026-07-02 07:10,Y
2026-07-02T07:39:03.606345+09:00,이태원 관광특구,이태원 관광특구,POI004,KEY_1,이태원 관광특구,POI004,여유,사람이 몰려있을 가능성이 낮고 붐빔은 거의 느껴지지 않아요. 도보 이동이 자유로워요.,5000,5500,60.1,39.9,0.4,1.8,14.2,19.7,21.1,23.0,12.4,7.3,21.3,78.7,N,2026-07-02 07:10,Y
2026-07-02T07:39:03.606345+09:00,잠실 관광특구,잠실 관광특구,POI005,KEY_2,잠실 관광특구,POI005,여유,사람이 몰려있을 가능성이 낮고 붐빔은 거의 느껴지지 않아요. 도보 이동이 자유로워요.,22000,24000,53.1,46.9,0.2,5.1,14.9,20.8,20.8,17.8,12.4,8.0,14.2,85.8,N,2026-07-02 07:10,Y
2026-07-02T07:39:03.606345+09:00,종로·청계 관광특구,종로·청계 관광특구,POI006,KEY_3,종로·청계 관광특구,POI006,여유,사람이 몰려있을 가능성이 낮고 붐빔은 거의 느껴지지 않아요. 도보 이동이 자유로워요.,16000,18000,58.7,41.3,0.6,2.5,12.7,16.8,19.1,22.1,16.5,9.8,46.2,53.8,N,2026-07-02 07:10,Y
2026-07-02T07:39:03.606345+09:00,홍대 관광특구,홍대 관광특구,POI007,KEY_4,홍대 관광특구,POI007,여유,사람이 몰려있을 가능성이 낮고 붐빔은 거의 느껴지지 않아요. 도보 이동이 자유로워요.,34000,36000,50.6,49.4,1.1,5.1,23.2,19.6,15.9,15.3,10.8,8.9,58.6,41.4,N,2026-07-02 07:10,Y
2026-07-02T07:39:03.606345+09:00,강서한강공원,강서한강공원,POI085,KEY_1,강서한강공원,POI085,여유,사람이 몰려있을 가능성이 낮고 붐빔은 거의 느껴지지 않아요. 도보 이동이 자유로워요.,100,200,71.0,29.0,0.0,1.1,7.8,16.8,30.9,23.3,13.6,6.4,1.9,98.1,N,2026-07-02 07:10,Y
2026-07-02T07:39:03.606345+09:00,고척돔,고척돔,POI086,KEY_2,고척돔,POI086,여유,사람이 몰려있을 가능성이 낮고 붐빔은 거의 느껴지지 않아요. 도보 이동이 자유로워요.,900,1000,48.6,51.4,0.6,5.4,8.9,29.7,22.6,14.6,10.3,7.8,13.8,86.2,N,2026-07-02 07:10,Y
2026-07-02T07:39:03.606345+09:00,광나루한강공원,광나루한강공원,POI087,KEY_3,광나루한강공원,POI087,보통,사람이 몰려있을 수 있지만 크게 붐비지는 않아요. 도보 이동에 큰 제약이 없어요.,4000,4500,59.3,40.7,0.1,3.6,9.2,16.3,25.9,23.8,13.6,7.5,8.1,91.9,N,2026-07-02 07:10,Y
2026-07-02T07:39:03.606345+09:00,광화문광장,광화문광장,POI088,KEY_4,광화문광장,POI088,여유,사람이 몰려있을 가능성이 낮고 붐빔은 거의 느껴지지 않아요. 도보 이동이 자유로워요.,2000,2500,59.5,40.5,0.5,2.8,11.7,19.3,22.5,24.4,13.0,5.9,34.8,65.2,N,2026-07-02 07:10,Y
2026-07-02T07:39:03.606345+09:00,국립중앙박물관·용산가족공원,국립중앙박물관·용산가족공원,POI089,KEY_1,국립중앙박물관·용산가족공원,POI089,여유,사람이 몰려있을 가능성이 낮고 붐빔은 거의 느껴지지 않아요. 도보 이동이 자유로워요.,1000,1500,56.5,43.5,3.0,6.0,8.9,13.6,18.9,20.3,16.6,12.6,55.9,44.1,N,2026-07-02 07:10,Y
2026-07-02T07:39:03.606345+09:00,난지한강공원,난지한강공원,POI090,KEY_2,난지한강공원,POI090,여유,사람이 몰려있을 가능성이 낮고 붐빔은 거의 느껴지지 않아요. 도보 이동이 자유로워요.,1500,2000,69.1,30.9,0.9,3.9,10.0,15.3,24.3,27.3,12.2,6.1,9.5,90.5,N,2026-07-02 07:10,Y
2026-07-02T07:39:03.606345+09:00,남산공원,남산공원,POI091,KEY_3,남산공원,POI091,여유,사람이 몰려있을 가능성이 낮고 붐빔은 거의 느껴지지 않아요. 도보 이동이 자유로워요.,7000,7500,56.8,43.2,0.7,4.9,14.5,16.3,19.0,20.3,13.9,10.3,38.5,61.5,N,2026-07-02 07:10,Y
2026-07-02T07:39:03.606345+09:00,노들섬,노들섬,POI092,KEY_4,노들섬,POI092,여유,사람이 몰려있을 가능성이 낮고 붐빔은 거의 느껴지지 않아요. 도보 이동이 자유로워요.,300,400,68.6,31.4,0.0,3.8,8.0,15.5,27.4,25.8,14.1,5.5,4.4,95.6,N,2026-07-02 07:10,Y
2026-07-02T07:39:03.606345+09:00,뚝섬한강공원,뚝섬한강공원,POI093,KEY_1,뚝섬한강공원,POI093,여유,사람이 몰려있을 가능성이 낮고 붐빔은 거의 느껴지지 않아요. 도보 이동이 자유로워요.,2500,3000,58.2,41.8,0.3,4.4,8.4,17.3,21.3,22.3,15.8,10.1,11.0,89.0,N,2026-07-02 07:10,Y
2026-07-02T07:39:03.606345+09:00,망원한강공원,망원한강공원,POI094,KEY_2,망원한강공원,POI094,보통,사람이 몰려있을 수 있지만 크게 붐비지는 않아요. 도보 이동에 큰 제약이 없어요.,1500,2000,58.5,41.5,1.7,4.4,11.4,18.1,20.0,21.5,12.9,10.0,44.0,56.0,N,2026-07-02 07:10,Y
2026-07-02T07:39:03.606345+09:00,반포한강공원,반포한강공원,POI095,KEY_3,반포한강공원,POI095,여유,사람이 몰려있을 가능성이 낮고 붐빔은 거의 느껴지지 않아요. 도보 이동이 자유로워요.,2500,3000,70.5,29.5,0.1,4.7,8.8,20.0,25.4,27.9,9.6,3.6,3.1,96.9,N,2026-07-02 07:10,Y
2026-07-02T07:39:03.606345+09:00,보라매공원,보라매공원,POI123,KEY_4,보라매공원,POI123,여유,사람이 몰려있을 가능성이 낮고 붐빔은 거의 느껴지지 않아요. 도보 이동이 자유로워요.,3000,3500,50.0,50.0,1.6,6.3,13.7,16.7,15.3,17.4,14.5,14.5,50.4,49.6,N,2026-07-02 07:10,Y
2026-07-02T07:39:03.606345+09:00,북서울꿈의숲,북서울꿈의숲,POI096,KEY_1,북서울꿈의숲,POI096,여유,사람이 몰려있을 가능성이 낮고 붐빔은 거의 느껴지지 않아요. 도보 이동이 자유로워요.,5000,5500,48.9,51.1,0.4,6.1,9.4,13.3,17.4,21.0,16.3,16.1,29.0,71.0,N,2026-07-02 07:10,Y
2026-07-02T07:39:03.606345+09:00,서대문독립공원,서대문독립공원,POI124,KEY_2,서대문독립공원,POI124,여유,사람이 몰려있을 가능성이 낮고 붐빔은 거의 느껴지지 않아요. 도보 이동이 자유로워요.,1000,1500,49.6,50.4,0.3,11.9,11.5,12.0,19.0,18.7,14.2,12.5,18.9,81.1,N,2026-07-02 07:10,Y
2026-07-02T07:39:03.606345+09:00,서리풀공원·몽마르뜨공원,서리풀공원·몽마르뜨공원,POI098,KEY_3,서리풀공원·몽마르뜨공원,POI098,여유,사람이 몰려있을 가능성이 낮고 붐빔은 거의 느껴지지 않아요. 도보 이동이 자유로워요.,3500,4000,53.6,46.4,0.3,6.6,10.5,16.9,22.7,20.8,12.2,10.0,22.8,77.2,N,2026-07-02 07:10,Y
2026-07-02T07:39:03.606345+09:00,서울대공원,서울대공원,POI100,KEY_4,서울대공원,POI100,여유,사람이 몰려있을 가능성이 낮고 붐빔은 거의 느껴지지 않아요. 도보 이동이 자유로워요.,800,900,60.1,39.9,1.6,4.6,9.7,17.2,19.9,22.3,16.9,7.9,33.0,67.0,N,2026-07-02 07:10,Y
2026-07-02T07:39:03.606345+09:00,서울숲공원,서울숲공원,POI101,KEY_1,서울숲공원,POI101,여유,사람이 몰려있을 가능성이 낮고 붐빔은 거의 느껴지지 않아요. 도보 이동이 자유로워요.,3000,3500,59.1,40.9,1.2,6.1,10.7,17.5,19.4,23.3,14.6,7.3,32.8,67.2,N,2026-07-02 07:10,Y
2026-07-02T07:39:03.606345+09:00,송현녹지광장,송현녹지광장,POI129,KEY_2,송현녹지광장,POI129,여유,사람이 몰려있을 가능성이 낮고 붐빔은 거의 느껴지지 않아요. 도보 이동이 자유로워요.,2500,3000,61.1,38.9,0.4,6.3,9.7,16.0,24.1,21.7,12.4,9.5,48.3,51.7,N,2026-07-02 07:10,Y
2026-07-02T07:39:03.606345+09:00,아차산,아차산,POI102,KEY_3,아차산,POI102,여유,사람이 몰려있을 가능성이 낮고 붐빔은 거의 느껴지지 않아요. 도보 이동이 자유로워요.,4500,5000,53.4,46.6,0.2,7.0,9.5,15.1,18.9,20.9,17.2,11.2,21.9,78.1,N,2026-07-02 07:10,Y
2026-07-02T07:39:03.606345+09:00,안양천,안양천,POI125,KEY_4,안양천,POI125,여유,사람이 몰려있을 가능성이 낮고 붐빔은 거의 느껴지지 않아요. 도보 이동이 자유로워요.,1000,1500,57.1,42.9,0.3,8.3,7.2,13.5,21.2,24.7,13.9,10.8,13.4,86.6,N,2026-07-02 07:10,Y
2026-07-02T07:39:03.606345+09:00,양화한강공원,양화한강공원,POI103,KEY_1,양화한강공원,POI103,여유,사람이 몰려있을 가능성이 낮고 붐빔은 거의 느껴지지 않아요. 도보 이동이 자유로워요.,700,800,61.9,38.1,0.1,2.7,10.7,19.1,26.5,24.4,11.6,4.9,9.1,90.9,N,2026-07-02 07:10,Y
2026-07-02T07:39:03.606345+09:00,어린이대공원,어린이대공원,POI104,KEY_2,어린이대공원,POI104,여유,사람이 몰려있을 가능성이 낮고 붐빔은 거의 느껴지지 않아요. 도보 이동이 자유로워요.,3000,3500,49.9,50.1,1.5,6.1,21.4,16.2,14.1,15.8,12.7,12.1,47.0,53.0,N,2026-07-02 07:10,Y
2026-07-02T07:39:03.606345+09:00,여의도한강공원,여의도한강공원,POI105,KEY_3,여의도한강공원,POI105,여유,사람이 몰려있을 가능성이 낮고 붐빔은 거의 느껴지지 않아요. 도보 이동이 자유로워요.,1500,2000,60.9,39.1,1.3,3.8,10.4,16.3,22.3,24.4,13.2,8.4,35.7,64.3,N,2026-07-02 07:10,Y
2026-07-02T07:39:03.606345+09:00,여의서로,여의서로,POI126,KEY_4,여의서로,POI126,여유,사람이 몰려있을 가능성이 낮고 붐빔은 거의 느껴지지 않아요. 도보 이동이 자유로워요.,500,600,65.8,34.2,0.5,2.0,11.5,21.8,25.4,22.7,12.1,4.0,20.3,79.7,N,2026-07-02 07:10,Y
2026-07-02T07:39:03.606345+09:00,올림픽공원,올림픽공원,POI127,KEY_1,올림픽공원,POI127,여유,사람이 몰려있을 가능성이 낮고 붐빔은 거의 느껴지지 않아요. 도보 이동이 자유로워요.,6000,6500,53.5,46.5,0.3,7.4,11.3,15.1,20.2,19.8,15.0,10.9,13.2,86.8,N,2026-07-02 07:10,Y
2026-07-02T07:39:03.606345+09:00,월드컵공원,월드컵공원,POI106,KEY_2,월드컵공원,POI106,여유,사람이 몰려있을 가능성이 낮고 붐빔은 거의 느껴지지 않아요. 도보 이동이 자유로워요.,6000,6500,56.5,43.5,1.8,5.7,10.7,15.3,19.9,22.0,14.2,10.5,40.7,59.3,N,2026-07-02 07:10,Y
2026-07-02T07:39:03.606345+09:00,응봉산,응봉산,POI107,KEY_3,응봉산,POI107,여유,사람이 몰려있을 가능성이 낮고 붐빔은 거의 느껴지지 않아요. 도보 이동이 자유로워요.,2500,3000,53.3,46.7,0.6,9.6,8.5,14.3,20.3,21.9,13.9,10.9,24.9,75.1,N,2026-07-02 07:10,Y
2026-07-02T07:39:03.606345+09:00,이촌한강공원,이촌한강공원,POI108,KEY_4,이촌한강공원,POI108,여유,사람이 몰려있을 가능성이 낮고 붐빔은 거의 느껴지지 않아요. 도보 이동이 자유로워요.,2500,3000,62.7,37.3,0.2,4.4,9.2,16.1,27.3,22.0,13.5,7.3,11.5,88.5,N,2026-07-02 07:10,Y
2026-07-02T07:39:03.606345+09:00,잠실종합운동장,잠실종합운동장,POI109,KEY_1,잠실종합운동장,POI109,여유,사람이 몰려있을 가능성이 낮고 붐빔은 거의 느껴지지 않아요. 도보 이동이 자유로워요.,2500,3000,61.2,38.8,2.4,7.5,8.2,14.1,22.6,25.1,12.8,7.3,40.3,59.7,N,2026-07-02 07:10,Y
2026-07-02T07:39:03.606345+09:00,잠실한강공원,잠실한강공원,POI110,KEY_2,잠실한강공원,POI110,여유,사람이 몰려있을 가능성이 낮고 붐빔은 거의 느껴지지 않아요. 도보 이동이 자유로워요.,2000,2500,62.6,37.4,0.1,5.3,9.4,12.7,23.4,26.9,14.7,7.5,6.8,93.2,N,2026-07-02 07:10,Y
2026-07-02T07:39:03.606345+09:00,잠원한강공원,잠원한강공원,POI111,KEY_3,잠원한강공원,POI111,보통,사람이 몰려있을 수 있지만 크게 붐비지는 않아요. 도보 이동에 큰 제약이 없어요.,1500,2000,65.6,34.4,0.1,3.5,11.9,16.7,25.2,27.1,10.8,4.6,3.8,96.2,N,2026-07-02 07:10,Y
2026-07-02T07:39:03.606345+09:00,청계산,청계산,POI112,KEY_4,청계산,POI112,약간 붐빔,사람들이 몰려있을 가능성이 크고 붐빈다고 느낄 수 있어요. 인구밀도가 높은 구간에서는 도보 이동시 부딪힘이 발생할 수 있어요.,2500,3000,60.6,39.4,1.1,3.6,11.0,20.0,24.1,20.4,11.1,8.8,31.9,68.1,N,2026-07-02 07:10,Y
2026-07-02T07:39:03.606345+09:00,홍제폭포,홍제폭포,POI128,KEY_1,홍제폭포,POI128,여유,사람이 몰려있을 가능성이 낮고 붐빔은 거의 느껴지지 않아요. 도보 이동이 자유로워요.,400,500,45.6,54.4,3.2,7.0,13.5,12.4,13.8,17.2,15.5,17.3,80.3,19.7,N,2026-07-02 07:10,Y
2026-07-02T07:39:03.606345+09:00,가락시장,가락시장,POI058,KEY_2,가락시장,POI058,여유,사람이 몰려있을 가능성이 낮고 붐빔은 거의 느껴지지 않아요. 도보 이동이 자유로워요.,8000,8500,69.0,31.0,0.3,2.6,6.0,15.9,22.6,25.9,18.1,8.5,11.0,89.0,N,2026-07-02 07:10,Y
2026-07-02T07:39:03.606345+09:00,가로수길,가로수길,POI059,KEY_3,가로수길,POI059,여유,사람이 몰려있을 가능성이 낮고 붐빔은 거의 느껴지지 않아요. 도보 이동이 자유로워요.,14000,16000,52.3,47.7,2.0,6.7,11.3,15.1,20.3,20.0,12.6,12.0,56.6,43.4,N,2026-07-02 07:10,Y
2026-07-02T07:39:03.606345+09:00,광장(전통)시장,광장(전통)시장,POI060,KEY_4,광장(전통)시장,POI060,여유,사람이 몰려있을 가능성이 낮고 붐빔은 거의 느껴지지 않아요. 도보 이동이 자유로워요.,2000,2500,58.5,41.5,0.5,2.5,14.0,14.8,16.7,21.0,18.5,12.1,47.7,52.3,N,2026-07-02 07:10,Y
2026-07-02T07:39:03.606345+09:00,김포공항,김포공항,POI061,KEY_1,김포공항,POI061,보통,사람이 몰려있을 수 있지만 크게 붐비지는 않아요. 도보 이동에 큰 제약이 없어요.,7000,7500,60.5,39.5,0.1,2.6,15.5,23.4,26.4,18.6,9.5,3.9,2.8,97.2,N,2026-07-02 07:10,Y
2026-07-02T07:39:03.606345+09:00,남대문시장,남대문시장,POI115,KEY_2,남대문시장,POI115,여유,사람이 몰려있을 가능성이 낮고 붐빔은 거의 느껴지지 않아요. 도보 이동이 자유로워요.,4000,4500,59.3,40.7,0.5,2.2,9.2,13.6,19.0,25.1,18.8,11.7,52.3,47.7,N,2026-07-02 07:10,Y
2026-07-02T07:39:03.606345+09:00,노량진,노량진,POI063,KEY_3,노량진,POI063,여유,사람이 몰려있을 가능성이 낮고 붐빔은 거의 느껴지지 않아요. 도보 이동이 자유로워요.,18000,20000,55.3,44.7,1.1,4.5,23.1,19.7,14.7,15.5,11.8,9.5,55.8,44.2,N,2026-07-02 07:10,Y
2026-07-02T07:39:03.606345+09:00,덕수궁길·정동길,덕수궁길·정동길,POI064,KEY_4,덕수궁길·정동길,POI064,여유,사람이 몰려있을 가능성이 낮고 붐빔은 거의 느껴지지 않아요. 도보 이동이 자유로워요.,1500,2000,49.2,50.8,0.6,12.5,10.1,14.1,20.0,21.4,12.9,8.4,41.3,58.7,N,2026-07-02 07:10,Y
2026-07-02T07:39:03.606345+09:00,북창동 먹자골목,북창동 먹자골목,POI114,KEY_1,북창동 먹자골목,POI114,여유,사람이 몰려있을 가능성이 낮고 붐빔은 거의 느껴지지 않아요. 도보 이동이 자유로워요.,3000,3500,60.7,39.3,0.3,1.9,10.1,16.7,21.2,24.7,16.2,8.8,45.2,54.8,N,2026-07-02 07:10,Y
2026-07-02T07:39:03.606345+09:00,북촌한옥마을,북촌한옥마을,POI066,KEY_2,북촌한옥마을,POI066,여유,사람이 몰려있을 가능성이 낮고 붐빔은 거의 느껴지지 않아요. 도보 이동이 자유로워요.,6500,7000,59.6,40.4,0.5,9.4,10.8,15.1,20.6,20.2,12.4,11.0,51.1,48.9,N,2026-07-02 07:10,Y
2026-07-02T07:39:03.606345+09:00,서촌,서촌,POI067,KEY_3,서촌,POI067,여유,사람이 몰려있을 가능성이 낮고 붐빔은 거의 느껴지지 않아요. 도보 이동이 자유로워요.,9500,10000,49.3,50.7,2.2,8.5,11.4,15.1,17.3,18.7,14.0,12.9,77.9,22.1,N,2026-07-02 07:10,Y
2026-07-02T07:39:03.606345+09:00,성수카페거리,성수카페거리,POI068,KEY_4,성수카페거리,POI068,여유,사람이 몰려있을 가능성이 낮고 붐빔은 거의 느껴지지 않아요. 도보 이동이 자유로워요.,12000,14000,56.8,43.2,1.4,4.0,15.6,17.6,15.4,19.9,15.9,10.1,61.3,38.7,N,2026-07-02 07:10,Y
2026-07-02T07:39:03.606345+09:00,송리단길·호수단길,송리단길·호수단길,POI121,KEY_1,송리단길·호수단길,POI121,여유,사람이 몰려있을 가능성이 낮고 붐빔은 거의 느껴지지 않아요. 도보 이동이 자유로워요.,5000,5500,48.8,51.2,0.2,4.2,15.8,24.9,18.9,15.7,12.2,8.1,25.4,74.6,N,2026-07-02 07:10,Y
2026-07-02T07:39:03.606345+09:00,신촌 스타광장,신촌 스타광장,POI122,KEY_2,신촌 스타광장,POI122,여유,사람이 몰려있을 가능성이 낮고 붐빔은 거의 느껴지지 않아요. 도보 이동이 자유로워요.,1500,2000,47.6,52.4,1.0,4.9,36.7,16.6,11.6,12.4,8.9,7.8,58.1,41.9,N,2026-07-02 07:10,Y
2026-07-02T07:39:03.606345+09:00,압구정로데오거리,압구정로데오거리,POI071,KEY_3,압구정로데오거리,POI071,여유,사람이 몰려있을 가능성이 낮고 붐빔은 거의 느껴지지 않아요. 도보 이동이 자유로워요.,12000,14000,51.2,48.8,2.8,6.1,10.2,13.9,18.9,19.9,14.5,13.7,64.8,35.2,N,2026-07-02 07:10,Y
2026-07-02T07:39:03.606345+09:00,여의도,여의도,POI072,KEY_4,여의도,POI072,여유,사람이 몰려있을 가능성이 낮고 붐빔은 거의 느껴지지 않아요. 도보 이동이 자유로워요.,56000,58000,57.3,42.7,1.3,3.9,10.5,17.0,21.7,22.0,14.2,9.5,55.9,44.1,N,2026-07-02 07:10,Y
2026-07-02T07:39:03.606345+09:00,연남동,연남동,POI073,KEY_1,연남동,POI073,여유,사람이 몰려있을 가능성이 낮고 붐빔은 거의 느껴지지 않아요. 도보 이동이 자유로워요.,6500,7000,47.7,52.3,1.1,5.5,21.1,20.1,16.0,14.5,10.8,10.9,57.3,42.7,N,2026-07-02 07:10,Y
2026-07-02T07:39:03.606345+09:00,영등포 타임스퀘어,영등포 타임스퀘어,POI074,KEY_2,영등포 타임스퀘어,POI074,여유,사람이 몰려있을 가능성이 낮고 붐빔은 거의 느껴지지 않아요. 도보 이동이 자유로워요.,6000,6500,57.5,42.5,0.1,2.4,21.5,25.1,19.1,17.7,9.2,4.9,9.6,90.4,N,2026-07-02 07:10,Y
2026-07-02T07:39:03.606345+09:00,용리단길,용리단길,POI076,KEY_3,용리단길,POI076,여유,사람이 몰려있을 가능성이 낮고 붐빔은 거의 느껴지지 않아요. 도보 이동이 자유로워요.,3500,4000,54.9,45.1,2.5,3.9,12.6,19.9,21.0,18.8,12.4,8.9,74.4,25.6,N,2026-07-02 07:10,Y
2026-07-02T07:39:03.606345+09:00,이태원 앤틱가구거리,이태원 앤틱가구거리,POI077,KEY_4,이태원 앤틱가구거리,POI077,여유,사람이 몰려있을 가능성이 낮고 붐빔은 거의 느껴지지 않아요. 도보 이동이 자유로워요.,3000,3500,58.6,41.4,1.1,4.2,13.7,18.3,17.8,20.7,14.0,10.2,56.0,44.0,N,2026-07-02 07:10,Y
2026-07-02T07:39:03.606345+09:00,익선동,익선동,POI116,KEY_1,익선동,POI116,여유,사람이 몰려있을 가능성이 낮고 붐빔은 거의 느껴지지 않아요. 도보 이동이 자유로워요.,4500,5000,63.8,36.2,0.2,3.1,14.7,17.0,19.6,20.2,14.4,10.7,32.0,68.0,N,2026-07-02 07:10,Y
2026-07-02T07:39:03.606345+09:00,인사동,인사동,POI078,KEY_2,인사동,POI078,여유,사람이 몰려있을 가능성이 낮고 붐빔은 거의 느껴지지 않아요. 도보 이동이 자유로워요.,6000,6500,62.6,37.4,0.2,3.0,11.3,17.4,21.9,21.7,14.5,10.0,44.4,55.6,N,2026-07-02 07:10,Y
2026-07-02T07:39:03.606345+09:00,잠실롯데타워·석촌호수,잠실롯데타워·석촌호수,POI120,KEY_3,잠실롯데타워·석촌호수,POI120,여유,사람이 몰려있을 가능성이 낮고 붐빔은 거의 느껴지지 않아요. 도보 이동이 자유로워요.,16000,18000,52.9,47.1,0.2,4.3,16.2,22.8,21.0,17.1,11.5,6.9,14.6,85.4,N,2026-07-02 07:10,Y
2026-07-02T07:39:03.606345+09:00,창동 신경제 중심지,창동 신경제 중심지,POI079,KEY_4,창동 신경제 중심지,POI079,여유,사람이 몰려있을 가능성이 낮고 붐빔은 거의 느껴지지 않아요. 도보 이동이 자유로워요.,20000,22000,52.6,47.4,0.3,7.7,13.7,16.5,17.4,20.8,14.4,9.3,20.5,79.5,N,2026-07-02 07:10,Y
2026-07-02T07:39:03.606345+09:00,청담동 명품거리,청담동 명품거리,POI080,KEY_1,청담동 명품거리,POI080,여유,사람이 몰려있을 가능성이 낮고 붐빔은 거의 느껴지지 않아요. 도보 이동이 자유로워요.,2000,2500,56.6,43.4,0.1,5.5,13.3,16.4,21.0,23.0,12.4,8.2,21.0,79.0,N,2026-07-02 07:10,Y
2026-07-02T07:39:03.606345+09:00,청량리 제기동 일대 전통시장,청량리 제기동 일대 전통시장,POI081,KEY_2,청량리 제기동 일대 전통시장,POI081,여유,사람이 몰려있을 가능성이 낮고 붐빔은 거의 느껴지지 않아요. 도보 이동이 자유로워요.,10000,12000,54.1,45.9,2.2,4.6,14.1,13.5,14.6,18.4,17.7,14.9,57.7,42.3,N,2026-07-02 07:10,Y
2026-07-02T07:39:03.606345+09:00,해방촌·경리단길,해방촌·경리단길,POI082,KEY_3,해방촌·경리단길,POI082,여유,사람이 몰려있을 가능성이 낮고 붐빔은 거의 느껴지지 않아요. 도보 이동이 자유로워요.,3000,3500,51.1,48.9,0.2,4.9,14.5,19.2,19.9,18.1,13.2,10.1,23.9,76.1,N,2026-07-02 07:10,Y
2026-07-02T07:39:03.606345+09:00,DDP(동대문디자인플라자),DDP(동대문디자인플라자),POI083,KEY_4,DDP(동대문디자인플라자),POI083,여유,사람이 몰려있을 가능성이 낮고 붐빔은 거의 느껴지지 않아요. 도보 이동이 자유로워요.,3000,3500,52.9,47.1,0.8,3.5,13.1,16.4,17.7,20.2,17.3,11.0,58.8,41.2,N,2026-07-02 07:10,Y
2026-07-02T07:39:03.606345+09:00,DMC(디지털미디어시티),DMC(디지털미디어시티),POI084,KEY_1,DMC(디지털미디어시티),POI084,여유,사람이 몰려있을 가능성이 낮고 붐빔은 거의 느껴지지 않아요. 도보 이동이 자유로워요.,22000,24000,50.1,49.9,3.0,7.4,14.1,17.1,18.8,18.5,12.3,8.9,63.0,37.0,N,2026-07-02 07:10,Y
2026-07-02T07:39:03.606345+09:00,가산디지털단지역,가산디지털단지역,POI013,KEY_2,가산디지털단지역,POI013,여유,사람이 몰려있을 가능성이 낮고 붐빔은 거의 느껴지지 않아요. 도보 이동이 자유로워요.,12000,14000,63.3,36.7,0.0,1.8,15.7,24.2,21.3,21.3,10.8,4.8,11.5,88.5,N,2026-07-02 07:10,Y
2026-07-02T07:39:03.606345+09:00,강남역,강남역,POI014,KEY_3,강남역,POI014,여유,사람이 몰려있을 가능성이 낮고 붐빔은 거의 느껴지지 않아요. 도보 이동이 자유로워요.,30000,32000,55.9,44.1,1.9,4.8,15.0,20.3,22.5,18.2,10.1,7.3,55.3,44.7,N,2026-07-02 07:10,Y
2026-07-02T07:39:03.606345+09:00,건대입구역,건대입구역,POI015,KEY_4,건대입구역,POI015,여유,사람이 몰려있을 가능성이 낮고 붐빔은 거의 느껴지지 않아요. 도보 이동이 자유로워요.,20000,22000,49.0,51.0,1.6,5.4,24.6,17.2,14.1,15.0,12.0,10.0,63.6,36.4,N,2026-07-02 07:10,Y
2026-07-02T07:39:03.606345+09:00,고덕역,고덕역,POI016,KEY_1,고덕역,POI016,여유,사람이 몰려있을 가능성이 낮고 붐빔은 거의 느껴지지 않아요. 도보 이동이 자유로워요.,1500,2000,53.9,46.1,0.5,14.7,10.4,10.5,23.4,18.3,12.9,9.3,19.0,81.0,N,2026-07-02 07:10,Y
2026-07-02T07:39:03.606345+09:00,고속터미널역,고속터미널역,POI017,KEY_2,고속터미널역,POI017,여유,사람이 몰려있을 가능성이 낮고 붐빔은 거의 느껴지지 않아요. 도보 이동이 자유로워요.,6000,6500,58.5,41.5,0.1,3.8,12.0,17.9,25.6,22.7,11.3,6.7,6.5,93.5,N,2026-07-02 07:10,Y
2026-07-02T07:39:03.606345+09:00,교대역,교대역,POI018,KEY_3,교대역,POI018,여유,사람이 몰려있을 가능성이 낮고 붐빔은 거의 느껴지지 않아요. 도보 이동이 자유로워요.,10000,12000,52.4,47.6,3.5,6.9,11.3,14.6,19.7,19.8,13.0,11.1,65.0,35.0,N,2026-07-02 07:10,Y
2026-07-02T07:39:03.606345+09:00,구로디지털단지역,구로디지털단지역,POI019,KEY_4,구로디지털단지역,POI019,여유,사람이 몰려있을 가능성이 낮고 붐빔은 거의 느껴지지 않아요. 도보 이동이 자유로워요.,6500,7000,58.8,41.2,0.3,2.7,16.7,23.6,22.3,18.5,10.0,5.9,22.0,78.0,N,2026-07-02 07:10,Y
2026-07-02T07:39:03.606345+09:00,구로역,구로역,POI020,KEY_1,구로역,POI020,여유,사람이 몰려있을 가능성이 낮고 붐빔은 거의 느껴지지 않아요. 도보 이동이 자유로워요.,2500,3000,57.0,43.0,0.1,3.0,12.4,23.6,22.4,21.2,11.2,6.0,7.2,92.8,N,2026-07-02 07:10,Y
2026-07-02T07:39:03.606345+09:00,군자역,군자역,POI021,KEY_2,군자역,POI021,여유,사람이 몰려있을 가능성이 낮고 붐빔은 거의 느껴지지 않아요. 도보 이동이 자유로워요.,4500,5000,51.2,48.8,0.1,5.1,19.2,21.3,19.5,16.4,11.1,7.4,21.7,78.3,N,2026-07-02 07:10,Y
2026-07-02T07:39:03.606345+09:00,대림역,대림역,POI023,KEY_3,대림역,POI023,보통,사람이 몰려있을 수 있지만 크게 붐비지는 않아요. 도보 이동에 큰 제약이 없어요.,16000,18000,49.0,51.0,2.0,5.1,12.3,14.6,13.9,19.8,18.1,14.2,81.2,18.8,N,2026-07-02 07:10,Y
2026-07-02T07:39:03.606345+09:00,동대문역,동대문역,POI024,KEY_4,동대문역,POI024,여유,사람이 몰려있을 가능성이 낮고 붐빔은 거의 느껴지지 않아요. 도보 이동이 자유로워요.,4000,4500,61.9,38.1,0.0,2.8,10.5,15.5,20.6,23.7,17.9,9.0,8.3,91.7,N,2026-07-02 07:10,Y
2026-07-02T07:39:03.606345+09:00,뚝섬역,뚝섬역,POI025,KEY_1,뚝섬역,POI025,여유,사람이 몰려있을 가능성이 낮고 붐빔은 거의 느껴지지 않아요. 도보 이동이 자유로워요.,5500,6000,53.2,46.8,2.0,5.1,13.0,18.5,18.2,19.0,14.7,9.6,57.8,42.2,N,2026-07-02 07:10,Y
2026-07-02T07:39:03.606345+09:00,미아사거리역,미아사거리역,POI026,KEY_2,미아사거리역,POI026,여유,사람이 몰려있을 가능성이 낮고 붐빔은 거의 느껴지지 않아요. 도보 이동이 자유로워요.,6500,7000,53.5,46.5,0.2,8.4,13.4,15.9,19.6,21.1,12.8,8.6,10.0,90.0,N,2026-07-02 07:10,Y
2026-07-02T07:39:03.606345+09:00,발산역,발산역,POI027,KEY_3,발산역,POI027,여유,사람이 몰려있을 가능성이 낮고 붐빔은 거의 느껴지지 않아요. 도보 이동이 자유로워요.,5000,5500,51.4,48.6,0.3,6.3,17.6,24.7,17.3,15.6,10.8,7.5,17.0,83.0,N,2026-07-02 07:10,Y
2026-07-02T07:39:03.606345+09:00,사당역,사당역,POI029,KEY_4,사당역,POI029,여유,사람이 몰려있을 가능성이 낮고 붐빔은 거의 느껴지지 않아요. 도보 이동이 자유로워요.,9500,10000,54.9,45.1,0.1,3.6,17.1,23.7,18.2,17.8,11.0,8.4,15.2,84.8,N,2026-07-02 07:10,Y
2026-07-02T07:39:03.606345+09:00,삼각지역,삼각지역,POI030,KEY_1,삼각지역,POI030,여유,사람이 몰려있을 가능성이 낮고 붐빔은 거의 느껴지지 않아요. 도보 이동이 자유로워요.,1500,2000,55.5,44.5,1.2,3.4,13.2,24.3,20.8,17.9,11.4,7.7,48.7,51.3,N,2026-07-02 07:10,Y
2026-07-02T07:39:03.606345+09:00,서울대입구역,서울대입구역,POI031,KEY_2,서울대입구역,POI031,여유,사람이 몰려있을 가능성이 낮고 붐빔은 거의 느껴지지 않아요. 도보 이동이 자유로워요.,7000,7500,52.6,47.4,0.1,5.4,35.8,23.4,12.7,11.7,6.9,4.1,16.2,83.8,N,2026-07-02 07:10,Y
2026-07-02T07:39:03.606345+09:00,서울식물원·마곡나루역,서울식물원·마곡나루역,POI032,KEY_3,서울식물원·마곡나루역,POI032,여유,사람이 몰려있을 가능성이 낮고 붐빔은 거의 느껴지지 않아요. 도보 이동이 자유로워요.,5000,5500,50.7,49.3,3.8,6.2,13.4,20.2,19.2,16.1,12.6,8.6,67.4,32.6,N,2026-07-02 07:10,Y
2026-07-02T07:39:03.606345+09:00,서울역,서울역,POI033,KEY_4,서울역,POI033,여유,사람이 몰려있을 가능성이 낮고 붐빔은 거의 느껴지지 않아요. 도보 이동이 자유로워요.,7000,7500,56.9,43.1,0.8,3.3,11.1,16.5,20.4,23.1,15.2,9.6,50.2,49.8,N,2026-07-02 07:10,Y
2026-07-02T07:39:03.606345+09:00,선릉역,선릉역,POI034,KEY_1,선릉역,POI034,여유,사람이 몰려있을 가능성이 낮고 붐빔은 거의 느껴지지 않아요. 도보 이동이 자유로워요.,26000,28000,52.8,47.2,1.6,7.6,13.0,18.4,23.1,19.0,10.1,7.2,57.4,42.6,N,2026-07-02 07:10,Y
2026-07-02T07:39:03.606345+09:00,성신여대입구역,성신여대입구역,POI035,KEY_2,성신여대입구역,POI035,여유,사람이 몰려있을 가능성이 낮고 붐빔은 거의 느껴지지 않아요. 도보 이동이 자유로워요.,3500,4000,52.7,47.3,0.1,6.1,22.8,17.6,20.2,17.5,9.4,6.4,10.2,89.8,N,2026-07-02 07:10,Y
2026-07-02T07:39:03.606345+09:00,수유역,수유역,POI036,KEY_3,수유역,POI036,여유,사람이 몰려있을 가능성이 낮고 붐빔은 거의 느껴지지 않아요. 도보 이동이 자유로워요.,8000,8500,49.7,50.3,0.3,4.3,20.2,16.6,17.7,17.2,13.8,10.0,21.0,79.0,N,2026-07-02 07:10,Y
2026-07-02T07:39:03.606345+09:00,숭례문,숭례문,POI131,KEY_4,숭례문,POI131,여유,사람이 몰려있을 가능성이 낮고 붐빔은 거의 느껴지지 않아요. 도보 이동이 자유로워요.,3500,4000,59.7,40.3,0.5,2.4,9.8,15.4,20.7,24.9,16.8,9.5,48.1,51.9,N,2026-07-02 07:10,Y
2026-07-02T07:39:03.606345+09:00,시의회 앞,시의회 앞,POI130,KEY_1,시의회 앞,POI130,여유,사람이 몰려있을 가능성이 낮고 붐빔은 거의 느껴지지 않아요. 도보 이동이 자유로워요.,3000,3500,59.4,40.6,0.2,2.5,11.5,18.1,22.3,25.8,13.3,6.3,32.7,67.3,N,2026-07-02 07:10,Y
2026-07-02T07:39:03.606345+09:00,신논현역·논현역,신논현역·논현역,POI037,KEY_2,신논현역·논현역,POI037,여유,사람이 몰려있을 가능성이 낮고 붐빔은 거의 느껴지지 않아요. 도보 이동이 자유로워요.,7000,7500,53.3,46.7,1.7,4.1,15.7,20.3,21.0,18.0,10.5,8.6,57.1,42.9,N,2026-07-02 07:10,Y
2026-07-02T07:39:03.606345+09:00,신도림역,신도림역,POI038,KEY_3,신도림역,POI038,보통,사람이 몰려있을 수 있지만 크게 붐비지는 않아요. 도보 이동에 큰 제약이 없어요.,7500,8000,52.3,47.7,2.8,4.9,11.7,20.6,19.5,18.2,12.9,9.6,52.7,47.3,N,2026-07-02 07:10,Y
2026-07-02T07:39:03.606345+09:00,신림역,신림역,POI039,KEY_4,신림역,POI039,여유,사람이 몰려있을 가능성이 낮고 붐빔은 거의 느껴지지 않아요. 도보 이동이 자유로워요.,7000,7500,56.2,43.8,0.0,2.6,32.5,26.5,14.8,12.0,6.9,4.6,17.9,82.1,N,2026-07-02 07:10,Y
2026-07-02T07:39:03.606345+09:00,신정네거리역,신정네거리역,POI117,KEY_1,신정네거리역,POI117,여유,사람이 몰려있을 가능성이 낮고 붐빔은 거의 느껴지지 않아요. 도보 이동이 자유로워요.,1000,1500,51.7,48.3,0.5,11.7,11.8,17.4,20.3,18.6,11.6,8.0,15.1,84.9,N,2026-07-02 07:10,Y
2026-07-02T07:39:03.606345+09:00,신촌·이대역,신촌·이대역,POI040,KEY_2,신촌·이대역,POI040,여유,사람이 몰려있을 가능성이 낮고 붐빔은 거의 느껴지지 않아요. 도보 이동이 자유로워요.,20000,22000,44.8,55.2,1.4,5.7,37.2,16.2,11.9,12.0,8.5,7.1,58.3,41.7,N,2026-07-02 07:10,Y
2026-07-02T07:39:03.606345+09:00,쌍문역,쌍문역,POI070,KEY_3,쌍문역,POI070,여유,사람이 몰려있을 가능성이 낮고 붐빔은 거의 느껴지지 않아요. 도보 이동이 자유로워요.,5000,5500,50.5,49.5,0.3,5.3,14.5,17.0,16.9,19.4,14.6,12.0,25.8,74.2,N,2026-07-02 07:10,Y
2026-07-02T07:39:03.606345+09:00,양재역,양재역,POI041,KEY_4,양재역,POI041,여유,사람이 몰려있을 가능성이 낮고 붐빔은 거의 느껴지지 않아요. 도보 이동이 자유로워요.,9500,10000,53.6,46.4,2.0,5.4,12.4,18.9,20.2,19.0,12.6,9.6,52.7,47.3,N,2026-07-02 07:10,Y
2026-07-02T07:39:03.606345+09:00,역삼역,역삼역,POI042,KEY_1,역삼역,POI042,여유,사람이 몰려있을 가능성이 낮고 붐빔은 거의 느껴지지 않아요. 도보 이동이 자유로워요.,14000,16000,54.3,45.7,1.5,4.6,14.7,21.2,22.9,17.7,10.3,7.2,60.0,40.0,N,2026-07-02 07:10,Y
2026-07-02T07:39:03.606345+09:00,연신내역,연신내역,POI043,KEY_2,연신내역,POI043,여유,사람이 몰려있을 가능성이 낮고 붐빔은 거의 느껴지지 않아요. 도보 이동이 자유로워요.,4500,5000,53.5,46.5,0.1,5.0,17.3,21.2,18.0,17.2,11.7,9.5,17.6,82.4,N,2026-07-02 07:10,Y
2026-07-02T07:39:03.606345+09:00,오목교역·목동운동장,오목교역·목동운동장,POI044,KEY_3,오목교역·목동운동장,POI044,여유,사람이 몰려있을 가능성이 낮고 붐빔은 거의 느껴지지 않아요. 도보 이동이 자유로워요.,62000,64000,47.7,52.3,6.1,14.5,10.3,10.1,19.6,17.3,12.0,10.2,82.8,17.2,N,2026-07-02 07:10,Y
2026-07-02T07:39:03.606345+09:00,왕십리역,왕십리역,POI045,KEY_4,왕십리역,POI045,여유,사람이 몰려있을 가능성이 낮고 붐빔은 거의 느껴지지 않아요. 도보 이동이 자유로워요.,16000,18000,49.0,51.0,2.6,6.3,22.8,15.8,13.6,15.7,12.1,11.0,76.1,23.9,N,2026-07-02 07:10,Y
2026-07-02T07:39:03.606345+09:00,용산역,용산역,POI046,KEY_1,용산역,POI046,여유,사람이 몰려있을 가능성이 낮고 붐빔은 거의 느껴지지 않아요. 도보 이동이 자유로워요.,6500,7000,59.7,40.3,0.2,2.7,15.3,17.6,23.6,22.1,11.7,6.9,14.4,85.6,N,2026-07-02 07:10,Y
2026-07-02T07:39:03.606345+09:00,이태원역,이태원역,POI047,KEY_2,이태원역,POI047,여유,사람이 몰려있을 가능성이 낮고 붐빔은 거의 느껴지지 않아요. 도보 이동이 자유로워요.,2000,2500,62.1,37.9,0.5,2.3,13.8,19.6,22.9,22.8,11.2,7.0,18.4,81.6,N,2026-07-02 07:10,Y
2026-07-02T07:39:03.606345+09:00,잠실새내역,잠실새내역,POI118,KEY_3,잠실새내역,POI118,여유,사람이 몰려있을 가능성이 낮고 붐빔은 거의 느껴지지 않아요. 도보 이동이 자유로워요.,6500,7000,52.9,47.1,0.4,10.4,12.6,18.9,23.5,17.6,9.8,6.9,18.9,81.1,N,2026-07-02 07:10,Y
2026-07-02T07:39:03.606345+09:00,잠실역,잠실역,POI119,KEY_4,잠실역,POI119,여유,사람이 몰려있을 가능성이 낮고 붐빔은 거의 느껴지지 않아요. 도보 이동이 자유로워요.,5000,5500,58.4,41.6,0.1,3.6,13.2,21.8,23.2,19.2,12.9,5.9,11.4,88.6,N,2026-07-02 07:10,Y
2026-07-02T07:39:03.606345+09:00,장지역,장지역,POI048,KEY_1,장지역,POI048,여유,사람이 몰려있을 가능성이 낮고 붐빔은 거의 느껴지지 않아요. 도보 이동이 자유로워요.,12000,14000,53.7,46.3,2.7,5.3,12.0,20.4,19.7,18.1,12.9,8.9,60.0,40.0,N,2026-07-02 07:10,Y
2026-07-02T07:39:03.606345+09:00,장한평역,장한평역,POI049,KEY_2,장한평역,POI049,여유,사람이 몰려있을 가능성이 낮고 붐빔은 거의 느껴지지 않아요. 도보 이동이 자유로워요.,6500,7000,54.9,45.1,0.1,2.7,15.9,18.8,20.5,19.6,14.5,8.0,19.3,80.7,N,2026-07-02 07:10,Y
2026-07-02T07:39:03.606345+09:00,천호역,천호역,POI050,KEY_3,천호역,POI050,여유,사람이 몰려있을 가능성이 낮고 붐빔은 거의 느껴지지 않아요. 도보 이동이 자유로워요.,5500,6000,52.1,47.9,0.2,3.9,16.3,22.5,19.0,18.6,11.8,7.7,12.7,87.3,N,2026-07-02 07:10,Y
2026-07-02T07:39:03.606345+09:00,총신대입구(이수)역,총신대입구(이수)역,POI051,KEY_4,총신대입구(이수)역,POI051,여유,사람이 몰려있을 가능성이 낮고 붐빔은 거의 느껴지지 않아요. 도보 이동이 자유로워요.,7000,7500,52.2,47.8,0.3,4.9,15.0,21.8,19.4,18.2,11.4,8.9,15.6,84.4,N,2026-07-02 07:10,Y
2026-07-02T07:39:03.606345+09:00,충정로역,충정로역,POI052,KEY_1,충정로역,POI052,여유,사람이 몰려있을 가능성이 낮고 붐빔은 거의 느껴지지 않아요. 도보 이동이 자유로워요.,6000,6500,50.0,50.0,2.1,5.7,13.0,17.7,17.8,17.8,14.0,11.9,72.1,27.9,N,2026-07-02 07:10,Y
2026-07-02T07:39:03.606345+09:00,합정역,합정역,POI053,KEY_2,합정역,POI053,여유,사람이 몰려있을 가능성이 낮고 붐빔은 거의 느껴지지 않아요. 도보 이동이 자유로워요.,7000,7500,48.6,51.4,1.3,4.4,17.1,21.3,17.0,16.2,12.0,10.7,62.0,38.0,N,2026-07-02 07:10,Y
2026-07-02T07:39:03.606345+09:00,혜화역,혜화역,POI054,KEY_3,혜화역,POI054,여유,사람이 몰려있을 가능성이 낮고 붐빔은 거의 느껴지지 않아요. 도보 이동이 자유로워요.,10000,12000,50.9,49.1,1.1,7.8,22.3,15.3,14.2,16.3,12.4,10.5,59.6,40.4,N,2026-07-02 07:10,Y
2026-07-02T07:39:03.606345+09:00,홍대입구역(2호선),홍대입구역(2호선),POI055,KEY_4,홍대입구역(2호선),POI055,여유,사람이 몰려있을 가능성이 낮고 붐빔은 거의 느껴지지 않아요. 도보 이동이 자유로워요.,8000,8500,50.0,50.0,1.2,5.1,21.3,19.2,16.8,15.8,11.4,9.2,58.5,41.5,N,2026-07-02 07:10,Y
2026-07-02T07:39:03.606345+09:00,회기역,회기역,POI056,KEY_1,회기역,POI056,여유,사람이 몰려있을 가능성이 낮고 붐빔은 거의 느껴지지 않아요. 도보 이동이 자유로워요.,7500,8000,51.5,48.5,0.1,7.8,37.1,15.7,12.7,12.0,8.1,6.5,20.2,79.8,N,2026-07-02 07:10,Y
2026-07-02T08:38:19.334572+09:00,경복궁,경복궁,POI008,KEY_1,경복궁,POI008,여유,사람이 몰려있을 가능성이 낮고 붐빔은 거의 느껴지지 않아요. 도보 이동이 자유로워요.,1000,1500,58.6,41.4,0.8,8.6,10.4,17.8,22.8,21.6,11.2,6.9,47.5,52.5,N,2026-07-02 08:10,Y
2026-07-02T08:38:19.334572+09:00,광화문·덕수궁,광화문·덕수궁,POI009,KEY_2,광화문·덕수궁,POI009,여유,사람이 몰려있을 가능성이 낮고 붐빔은 거의 느껴지지 않아요. 도보 이동이 자유로워요.,24000,26000,56.3,43.7,0.2,3.1,11.9,21.8,26.8,24.1,8.3,3.8,37.5,62.5,N,2026-07-02 08:10,Y
2026-07-02T08:38:19.334572+09:00,보신각,보신각,POI010,KEY_3,보신각,POI010,여유,사람이 몰려있을 가능성이 낮고 붐빔은 거의 느껴지지 않아요. 도보 이동이 자유로워요.,8500,9000,61.1,38.9,0.2,1.6,11.9,22.5,28.7,21.8,9.0,4.3,56.2,43.8,N,2026-07-02 08:10,Y
2026-07-02T08:38:19.334572+09:00,서울 암사동 유적,서울 암사동 유적,POI011,KEY_4,서울 암사동 유적,POI011,여유,사람이 몰려있을 가능성이 낮고 붐빔은 거의 느껴지지 않아요. 도보 이동이 자유로워요.,300,400,53.6,46.4,3.4,10.9,9.4,12.1,16.2,18.5,16.0,13.6,48.4,51.6,N,2026-07-02 08:10,Y
2026-07-02T08:38:19.334572+09:00,창덕궁·종묘,창덕궁·종묘,POI012,KEY_1,창덕궁·종묘,POI012,여유,사람이 몰려있을 가능성이 낮고 붐빔은 거의 느껴지지 않아요. 도보 이동이 자유로워요.,8500,9000,56.7,43.3,0.4,2.4,15.3,20.0,20.9,20.5,12.7,7.8,32.4,67.6,N,2026-07-02 08:10,Y
2026-07-02T08:38:19.334572+09:00,강남 MICE 관광특구,강남 MICE 관광특구,POI001,KEY_2,강남 MICE 관광특구,POI001,여유,사람이 몰려있을 가능성이 낮고 붐빔은 거의 느껴지지 않아요. 도보 이동이 자유로워요.,9000,9500,58.3,41.7,0.6,5.7,13.0,21.9,23.2,20.2,9.9,5.4,50.9,49.1,N,2026-07-02 08:10,Y
2026-07-02T08:38:19.334572+09:00,동대문 관광특구,동대문 관광특구,POI002,KEY_3,동대문 관광특구,POI002,보통,사람이 몰려있을 수 있지만 크게 붐비지는 않아요. 도보 이동에 큰 제약이 없어요.,24000,26000,51.2,48.8,0.7,4.0,13.5,19.0,19.7,19.5,14.8,8.9,41.7,58.3,N,2026-07-02 08:10,Y
2026-07-02T08:38:19.334572+09:00,명동 관광특구,명동 관광특구,POI003,KEY_4,명동 관광특구,POI003,여유,사람이 몰려있을 가능성이 낮고 붐빔은 거의 느껴지지 않아요. 도보 이동이 자유로워요.,46000,48000,59.2,40.8,0.2,1.7,11.4,21.3,27.9,23.3,9.7,4.4,48.7,51.3,N,2026-07-02 08:10,Y
2026-07-02T08:38:19.334572+09:00,이태원 관광특구,이태원 관광특구,POI004,KEY_1,이태원 관광특구,POI004,여유,사람이 몰려있을 가능성이 낮고 붐빔은 거의 느껴지지 않아요. 도보 이동이 자유로워요.,6000,6500,57.1,42.9,0.3,1.9,15.2,23.2,21.0,21.0,10.8,6.6,24.9,75.1,N,2026-07-02 08:10,Y
2026-07-02T08:38:19.334572+09:00,잠실 관광특구,잠실 관광특구,POI005,KEY_2,잠실 관광특구,POI005,여유,사람이 몰려있을 가능성이 낮고 붐빔은 거의 느껴지지 않아요. 도보 이동이 자유로워요.,30000,32000,51.8,48.2,0.3,4.2,15.5,23.1,22.3,17.2,10.6,6.9,17.1,82.9,N,2026-07-02 08:10,Y
2026-07-02T08:38:19.334572+09:00,종로·청계 관광특구,종로·청계 관광특구,POI006,KEY_3,종로·청계 관광특구,POI006,보통,사람이 몰려있을 수 있지만 크게 붐비지는 않아요. 도보 이동에 큰 제약이 없어요.,26000,28000,57.3,42.7,0.5,2.0,13.3,19.6,22.3,21.4,13.2,7.7,43.3,56.7,N,2026-07-02 08:10,Y
2026-07-02T08:38:19.334572+09:00,홍대 관광특구,홍대 관광특구,POI007,KEY_4,홍대 관광특구,POI007,여유,사람이 몰려있을 가능성이 낮고 붐빔은 거의 느껴지지 않아요. 도보 이동이 자유로워요.,42000,44000,49.3,50.7,1.0,4.3,22.4,21.6,17.7,15.4,10.0,7.6,49.3,50.7,N,2026-07-02 08:10,Y
2026-07-02T08:38:19.334572+09:00,강서한강공원,강서한강공원,POI085,KEY_1,강서한강공원,POI085,여유,사람이 몰려있을 가능성이 낮고 붐빔은 거의 느껴지지 않아요. 도보 이동이 자유로워요.,100,200,68.4,31.6,0.0,1.7,7.4,22.1,22.6,24.7,15.7,5.9,1.9,98.1,N,2026-07-02 08:10,Y
2026-07-02T08:38:19.334572+09:00,고척돔,고척돔,POI086,KEY_2,고척돔,POI086,여유,사람이 몰려있을 가능성이 낮고 붐빔은 거의 느껴지지 않아요. 도보 이동이 자유로워요.,1000,1500,46.0,54.0,0.5,18.8,7.5,20.7,17.6,18.6,10.9,5.3,10.2,89.8,N,2026-07-02 08:10,Y
2026-07-02T08:38:19.334572+09:00,광나루한강공원,광나루한강공원,POI087,KEY_3,광나루한강공원,POI087,보통,사람이 몰려있을 수 있지만 크게 붐비지는 않아요. 도보 이동에 큰 제약이 없어요.,4500,5000,53.5,46.5,0.3,4.3,10.2,18.9,24.7,20.4,13.0,8.2,7.5,92.5,N,2026-07-02 08:10,Y
2026-07-02T08:38:19.334572+09:00,광화문광장,광화문광장,POI088,KEY_4,광화문광장,POI088,여유,사람이 몰려있을 가능성이 낮고 붐빔은 거의 느껴지지 않아요. 도보 이동이 자유로워요.,5000,5500,56.3,43.7,0.3,2.6,12.1,23.4,26.8,23.8,7.5,3.6,32.7,67.3,N,2026-07-02 08:10,Y
2026-07-02T08:38:19.334572+09:00,국립중앙박물관·용산가족공원,국립중앙박물관·용산가족공원,POI089,KEY_1,국립중앙박물관·용산가족공원,POI089,여유,사람이 몰려있을 가능성이 낮고 붐빔은 거의 느껴지지 않아요. 도보 이동이 자유로워요.,1000,1500,54.9,45.1,2.5,6.8,9.3,15.5,19.6,20.8,15.1,10.4,48.8,51.2,N,2026-07-02 08:10,Y
2026-07-02T08:38:19.334572+09:00,난지한강공원,난지한강공원,POI090,KEY_2,난지한강공원,POI090,여유,사람이 몰려있을 가능성이 낮고 붐빔은 거의 느껴지지 않아요. 도보 이동이 자유로워요.,1500,2000,64.5,35.5,0.8,2.1,10.1,17.4,29.3,21.9,12.2,6.2,8.9,91.1,N,2026-07-02 08:10,Y
2026-07-02T08:38:19.334572+09:00,남산공원,남산공원,POI091,KEY_3,남산공원,POI091,여유,사람이 몰려있을 가능성이 낮고 붐빔은 거의 느껴지지 않아요. 도보 이동이 자유로워요.,9000,9500,54.2,45.8,0.6,4.6,15.9,18.7,19.5,20.0,12.6,8.1,33.9,66.1,N,2026-07-02 08:10,Y
2026-07-02T08:38:19.334572+09:00,노들섬,노들섬,POI092,KEY_4,노들섬,POI092,보통,사람이 몰려있을 수 있지만 크게 붐비지는 않아요. 도보 이동에 큰 제약이 없어요.,500,600,52.1,47.9,0.0,1.2,11.8,19.1,27.9,20.8,13.8,5.5,3.2,96.8,N,2026-07-02 08:10,Y
2026-07-02T08:38:19.334572+09:00,뚝섬한강공원,뚝섬한강공원,POI093,KEY_1,뚝섬한강공원,POI093,여유,사람이 몰려있을 가능성이 낮고 붐빔은 거의 느껴지지 않아요. 도보 이동이 자유로워요.,3000,3500,53.3,46.7,0.2,3.8,12.4,22.9,21.5,18.4,11.9,9.0,9.7,90.3,N,2026-07-02 08:10,Y
2026-07-02T08:38:19.334572+09:00,망원한강공원,망원한강공원,POI094,KEY_2,망원한강공원,POI094,여유,사람이 몰려있을 가능성이 낮고 붐빔은 거의 느껴지지 않아요. 도보 이동이 자유로워요.,1000,1500,54.5,45.5,1.9,3.8,13.0,18.6,20.2,19.4,13.2,10.0,42.4,57.6,N,2026-07-02 08:10,Y
2026-07-02T08:38:19.334572+09:00,반포한강공원,반포한강공원,POI095,KEY_3,반포한강공원,POI095,여유,사람이 몰려있을 가능성이 낮고 붐빔은 거의 느껴지지 않아요. 도보 이동이 자유로워요.,3000,3500,63.7,36.3,0.0,2.4,11.5,20.9,25.3,25.0,9.8,5.0,2.7,97.3,N,2026-07-02 08:10,Y
2026-07-02T08:38:19.334572+09:00,보라매공원,보라매공원,POI123,KEY_4,보라매공원,POI123,보통,사람이 몰려있을 수 있지만 크게 붐비지는 않아요. 도보 이동에 큰 제약이 없어요.,3500,4000,48.5,51.5,1.4,6.7,13.6,17.5,18.1,17.5,12.4,12.8,43.8,56.2,N,2026-07-02 08:10,Y
2026-07-02T08:38:19.334572+09:00,북서울꿈의숲,북서울꿈의숲,POI096,KEY_1,북서울꿈의숲,POI096,여유,사람이 몰려있을 가능성이 낮고 붐빔은 거의 느껴지지 않아요. 도보 이동이 자유로워요.,4500,5000,49.1,50.9,0.4,6.1,10.7,12.9,16.0,20.3,16.9,16.8,29.8,70.2,N,2026-07-02 08:10,Y
2026-07-02T08:38:19.334572+09:00,서대문독립공원,서대문독립공원,POI124,KEY_2,서대문독립공원,POI124,약간 붐빔,사람들이 몰려있을 가능성이 크고 붐빈다고 느낄 수 있어요. 인구밀도가 높은 구간에서는 도보 이동시 부딪힘이 발생할 수 있어요.,1000,1500,45.4,54.6,0.3,5.3,11.8,15.0,20.4,21.4,13.7,12.1,17.4,82.6,N,2026-07-02 08:10,Y
2026-07-02T08:38:19.334572+09:00,서리풀공원·몽마르뜨공원,서리풀공원·몽마르뜨공원,POI098,KEY_3,서리풀공원·몽마르뜨공원,POI098,여유,사람이 몰려있을 가능성이 낮고 붐빔은 거의 느껴지지 않아요. 도보 이동이 자유로워요.,4500,5000,52.2,47.8,0.1,5.0,11.6,18.5,24.2,20.8,11.2,8.6,26.2,73.8,N,2026-07-02 08:10,Y
2026-07-02T08:38:19.334572+09:00,서울대공원,서울대공원,POI100,KEY_4,서울대공원,POI100,여유,사람이 몰려있을 가능성이 낮고 붐빔은 거의 느껴지지 않아요. 도보 이동이 자유로워요.,1000,1500,55.3,44.7,0.9,4.1,15.8,22.6,19.4,19.6,11.9,5.7,21.1,78.9,N,2026-07-02 08:10,Y
2026-07-02T08:38:19.334572+09:00,서울숲공원,서울숲공원,POI101,KEY_1,서울숲공원,POI101,여유,사람이 몰려있을 가능성이 낮고 붐빔은 거의 느껴지지 않아요. 도보 이동이 자유로워요.,3500,4000,57.1,42.9,1.1,5.2,11.1,17.1,22.1,23.0,13.0,7.6,28.2,71.8,N,2026-07-02 08:10,Y
2026-07-02T08:38:19.334572+09:00,송현녹지광장,송현녹지광장,POI129,KEY_2,송현녹지광장,POI129,여유,사람이 몰려있을 가능성이 낮고 붐빔은 거의 느껴지지 않아요. 도보 이동이 자유로워요.,4500,5000,60.9,39.1,0.3,7.2,10.9,20.8,27.1,19.2,8.6,6.0,48.6,51.4,N,2026-07-02 08:10,Y
2026-07-02T08:38:19.334572+09:00,아차산,아차산,POI102,KEY_3,아차산,POI102,약간 붐빔,사람들이 몰려있을 가능성이 크고 붐빈다고 느낄 수 있어요. 인구밀도가 높은 구간에서는 도보 이동시 부딪힘이 발생할 수 있어요.,6000,6500,49.3,50.7,0.2,20.2,8.8,14.3,17.5,16.6,13.4,8.9,17.5,82.5,N,2026-07-02 08:10,Y
2026-07-02T08:38:19.334572+09:00,안양천,안양천,POI125,KEY_4,안양천,POI125,보통,사람이 몰려있을 수 있지만 크게 붐비지는 않아요. 도보 이동에 큰 제약이 없어요.,1500,2000,53.8,46.2,0.7,9.1,8.7,16.2,20.9,20.8,13.3,10.3,13.4,86.6,N,2026-07-02 08:10,Y
2026-07-02T08:38:19.334572+09:00,양화한강공원,양화한강공원,POI103,KEY_1,양화한강공원,POI103,보통,사람이 몰려있을 수 있지만 크게 붐비지는 않아요. 도보 이동에 큰 제약이 없어요.,1000,1500,52.0,48.0,0.1,2.2,15.1,27.2,23.2,19.4,8.5,4.3,8.0,92.0,N,2026-07-02 08:10,Y
2026-07-02T08:38:19.334572+09:00,어린이대공원,어린이대공원,POI104,KEY_2,어린이대공원,POI104,여유,사람이 몰려있을 가능성이 낮고 붐빔은 거의 느껴지지 않아요. 도보 이동이 자유로워요.,3500,4000,47.3,52.7,1.4,10.9,20.2,16.6,15.5,14.7,10.7,9.9,37.3,62.7,N,2026-07-02 08:10,Y
2026-07-02T08:38:19.334572+09:00,여의도한강공원,여의도한강공원,POI105,KEY_3,여의도한강공원,POI105,여유,사람이 몰려있을 가능성이 낮고 붐빔은 거의 느껴지지 않아요. 도보 이동이 자유로워요.,2500,3000,58.5,41.5,0.5,2.6,12.6,23.4,25.3,21.2,9.5,4.9,36.7,63.3,N,2026-07-02 08:10,Y
2026-07-02T08:38:19.334572+09:00,여의서로,여의서로,POI126,KEY_4,여의서로,POI126,여유,사람이 몰려있을 가능성이 낮고 붐빔은 거의 느껴지지 않아요. 도보 이동이 자유로워요.,1000,1500,56.6,43.4,0.2,1.1,11.3,25.1,25.6,22.9,10.5,3.3,19.2,80.8,N,2026-07-02 08:10,Y
2026-07-02T08:38:19.334572+09:00,올림픽공원,올림픽공원,POI127,KEY_1,올림픽공원,POI127,여유,사람이 몰려있을 가능성이 낮고 붐빔은 거의 느껴지지 않아요. 도보 이동이 자유로워요.,7000,7500,50.8,49.2,0.6,6.4,12.0,16.6,22.2,19.3,13.1,9.9,13.8,86.2,N,2026-07-02 08:10,Y
2026-07-02T08:38:19.334572+09:00,월드컵공원,월드컵공원,POI106,KEY_2,월드컵공원,POI106,여유,사람이 몰려있을 가능성이 낮고 붐빔은 거의 느껴지지 않아요. 도보 이동이 자유로워요.,7000,7500,54.9,45.1,1.7,4.3,11.8,17.3,21.2,20.0,13.3,10.4,35.7,64.3,N,2026-07-02 08:10,Y
2026-07-02T08:38:19.334572+09:00,응봉산,응봉산,POI107,KEY_3,응봉산,POI107,보통,사람이 몰려있을 수 있지만 크게 붐비지는 않아요. 도보 이동에 큰 제약이 없어요.,3000,3500,48.0,52.0,0.5,13.5,9.5,14.3,21.7,19.2,12.0,9.3,20.4,79.6,N,2026-07-02 08:10,Y
2026-07-02T08:38:19.334572+09:00,이촌한강공원,이촌한강공원,POI108,KEY_4,이촌한강공원,POI108,보통,사람이 몰려있을 수 있지만 크게 붐비지는 않아요. 도보 이동에 큰 제약이 없어요.,3000,3500,58.6,41.4,0.1,4.8,12.2,19.5,24.1,22.4,10.8,6.1,9.0,91.0,N,2026-07-02 08:10,Y
2026-07-02T08:38:19.334572+09:00,잠실종합운동장,잠실종합운동장,POI109,KEY_1,잠실종합운동장,POI109,여유,사람이 몰려있을 가능성이 낮고 붐빔은 거의 느껴지지 않아요. 도보 이동이 자유로워요.,2500,3000,55.2,44.8,2.8,8.9,9.2,15.6,22.3,21.4,11.8,8.0,37.9,62.1,N,2026-07-02 08:10,Y
2026-07-02T08:38:19.334572+09:00,잠실한강공원,잠실한강공원,POI110,KEY_2,잠실한강공원,POI110,보통,사람이 몰려있을 수 있지만 크게 붐비지는 않아요. 도보 이동에 큰 제약이 없어요.,2500,3000,60.4,39.6,0.4,7.0,12.0,16.3,25.2,21.6,11.4,6.1,6.1,93.9,N,2026-07-02 08:10,Y
2026-07-02T08:38:19.334572+09:00,잠원한강공원,잠원한강공원,POI111,KEY_3,잠원한강공원,POI111,보통,사람이 몰려있을 수 있지만 크게 붐비지는 않아요. 도보 이동에 큰 제약이 없어요.,2000,2500,60.1,39.9,0.0,5.3,7.6,17.1,27.0,27.1,9.5,6.4,3.5,96.5,N,2026-07-02 08:10,Y
2026-07-02T08:38:19.334572+09:00,청계산,청계산,POI112,KEY_4,청계산,POI112,약간 붐빔,사람들이 몰려있을 가능성이 크고 붐빈다고 느낄 수 있어요. 인구밀도가 높은 구간에서는 도보 이동시 부딪힘이 발생할 수 있어요.,3000,3500,54.7,45.3,1.0,2.5,16.4,22.8,20.9,18.1,10.2,8.1,28.0,72.0,N,2026-07-02 08:10,Y
2026-07-02T08:38:19.334572+09:00,홍제폭포,홍제폭포,POI128,KEY_1,홍제폭포,POI128,여유,사람이 몰려있을 가능성이 낮고 붐빔은 거의 느껴지지 않아요. 도보 이동이 자유로워요.,400,500,44.5,55.5,3.0,6.5,12.8,12.3,13.7,17.1,15.9,18.7,76.0,24.0,N,2026-07-02 08:10,Y
2026-07-02T08:38:19.334572+09:00,가락시장,가락시장,POI058,KEY_2,가락시장,POI058,여유,사람이 몰려있을 가능성이 낮고 붐빔은 거의 느껴지지 않아요. 도보 이동이 자유로워요.,9000,9500,61.7,38.3,0.1,3.8,7.4,17.4,21.2,24.7,16.9,8.5,14.8,85.2,N,2026-07-02 08:10,Y
2026-07-02T08:38:19.334572+09:00,가로수길,가로수길,POI059,KEY_3,가로수길,POI059,여유,사람이 몰려있을 가능성이 낮고 붐빔은 거의 느껴지지 않아요. 도보 이동이 자유로워요.,18000,20000,51.6,48.4,1.6,8.1,12.3,16.8,21.6,18.0,11.7,9.9,46.7,53.3,N,2026-07-02 08:10,Y
2026-07-02T08:38:19.334572+09:00,광장(전통)시장,광장(전통)시장,POI060,KEY_4,광장(전통)시장,POI060,여유,사람이 몰려있을 가능성이 낮고 붐빔은 거의 느껴지지 않아요. 도보 이동이 자유로워요.,3000,3500,56.7,43.3,0.5,1.8,14.1,17.3,19.3,20.2,16.5,10.3,43.5,56.5,N,2026-07-02 08:10,Y
2026-07-02T08:38:19.334572+09:00,김포공항,김포공항,POI061,KEY_1,김포공항,POI061,붐빔,사람들이 몰려있을 가능성이 매우 크고 많이 붐빈다고 느낄 수 있어요. 인구밀도가 높은 구간에서는 도보 이동시 부딪힘이 발생할 수 있어요.,10000,12000,53.5,46.5,0.0,2.3,19.3,28.3,24.0,16.8,6.7,2.6,2.0,98.0,N,2026-07-02 08:10,Y
2026-07-02T08:38:19.334572+09:00,남대문시장,남대문시장,POI115,KEY_2,남대문시장,POI115,여유,사람이 몰려있을 가능성이 낮고 붐빔은 거의 느껴지지 않아요. 도보 이동이 자유로워요.,8000,8500,57.9,42.1,0.4,1.6,10.3,18.3,24.1,24.3,13.3,7.7,52.6,47.4,N,2026-07-02 08:10,Y
2026-07-02T08:38:19.334572+09:00,노량진,노량진,POI063,KEY_3,노량진,POI063,보통,사람이 몰려있을 수 있지만 크게 붐비지는 않아요. 도보 이동에 큰 제약이 없어요.,22000,24000,53.4,46.6,1.0,4.2,25.1,21.2,15.7,14.6,10.0,8.2,44.6,55.4,N,2026-07-02 08:10,Y
2026-07-02T08:38:19.334572+09:00,덕수궁길·정동길,덕수궁길·정동길,POI064,KEY_4,덕수궁길·정동길,POI064,여유,사람이 몰려있을 가능성이 낮고 붐빔은 거의 느껴지지 않아요. 도보 이동이 자유로워요.,3500,4000,46.9,53.1,0.4,13.9,10.2,19.0,20.8,21.1,9.2,5.4,35.9,64.1,N,2026-07-02 08:10,Y
2026-07-02T08:38:19.334572+09:00,북창동 먹자골목,북창동 먹자골목,POI114,KEY_1,북창동 먹자골목,POI114,여유,사람이 몰려있을 가능성이 낮고 붐빔은 거의 느껴지지 않아요. 도보 이동이 자유로워요.,6000,6500,58.7,41.3,0.3,1.9,10.9,19.7,25.9,24.1,11.6,5.8,46.2,53.8,N,2026-07-02 08:10,Y
2026-07-02T08:38:19.334572+09:00,북촌한옥마을,북촌한옥마을,POI066,KEY_2,북촌한옥마을,POI066,여유,사람이 몰려있을 가능성이 낮고 붐빔은 거의 느껴지지 않아요. 도보 이동이 자유로워요.,10000,12000,60.3,39.7,0.4,11.0,11.2,18.8,23.2,18.6,9.3,7.4,48.8,51.2,N,2026-07-02 08:10,Y
2026-07-02T08:38:19.334572+09:00,서촌,서촌,POI067,KEY_3,서촌,POI067,여유,사람이 몰려있을 가능성이 낮고 붐빔은 거의 느껴지지 않아요. 도보 이동이 자유로워요.,10000,12000,49.3,50.7,2.2,11.5,10.7,16.3,17.8,17.9,12.6,11.0,66.1,33.9,N,2026-07-02 08:10,Y
2026-07-02T08:38:19.334572+09:00,성수카페거리,성수카페거리,POI068,KEY_4,성수카페거리,POI068,여유,사람이 몰려있을 가능성이 낮고 붐빔은 거의 느껴지지 않아요. 도보 이동이 자유로워요.,18000,20000,56.7,43.3,1.1,2.7,15.9,20.9,18.2,19.8,13.6,7.7,53.0,47.0,N,2026-07-02 08:10,Y
2026-07-02T08:38:19.334572+09:00,송리단길·호수단길,송리단길·호수단길,POI121,KEY_1,송리단길·호수단길,POI121,여유,사람이 몰려있을 가능성이 낮고 붐빔은 거의 느껴지지 않아요. 도보 이동이 자유로워요.,5000,5500,47.7,52.3,0.1,3.4,15.5,24.9,20.0,15.8,12.0,8.3,25.4,74.6,N,2026-07-02 08:10,Y
2026-07-02T08:38:19.334572+09:00,신촌 스타광장,신촌 스타광장,POI122,KEY_2,신촌 스타광장,POI122,여유,사람이 몰려있을 가능성이 낮고 붐빔은 거의 느껴지지 않아요. 도보 이동이 자유로워요.,2000,2500,45.7,54.3,0.7,5.3,35.1,18.2,13.0,12.5,8.5,6.8,46.4,53.6,N,2026-07-02 08:10,Y
2026-07-02T08:38:19.334572+09:00,압구정로데오거리,압구정로데오거리,POI071,KEY_3,압구정로데오거리,POI071,여유,사람이 몰려있을 가능성이 낮고 붐빔은 거의 느껴지지 않아요. 도보 이동이 자유로워요.,16000,18000,51.0,49.0,2.3,5.6,11.7,17.0,20.6,18.9,12.9,11.1,56.7,43.3,N,2026-07-02 08:10,Y
2026-07-02T08:38:19.334572+09:00,여의도,여의도,POI072,KEY_4,여의도,POI072,여유,사람이 몰려있을 가능성이 낮고 붐빔은 거의 느껴지지 않아요. 도보 이동이 자유로워요.,105000,110000,57.9,42.1,0.7,2.5,12.9,23.7,25.8,20.1,8.9,5.5,58.9,41.1,N,2026-07-02 08:10,Y
2026-07-02T08:38:19.334572+09:00,연남동,연남동,POI073,KEY_1,연남동,POI073,여유,사람이 몰려있을 가능성이 낮고 붐빔은 거의 느껴지지 않아요. 도보 이동이 자유로워요.,6500,7000,47.5,52.5,1.1,6.7,20.9,19.6,16.9,14.1,10.5,10.2,52.5,47.5,N,2026-07-02 08:10,Y
2026-07-02T08:38:19.334572+09:00,영등포 타임스퀘어,영등포 타임스퀘어,POI074,KEY_2,영등포 타임스퀘어,POI074,여유,사람이 몰려있을 가능성이 낮고 붐빔은 거의 느껴지지 않아요. 도보 이동이 자유로워요.,10000,12000,51.2,48.8,0.1,1.4,19.8,27.3,21.6,18.3,7.6,4.0,9.3,90.7,N,2026-07-02 08:10,Y
2026-07-02T08:38:19.334572+09:00,용리단길,용리단길,POI076,KEY_3,용리단길,POI076,여유,사람이 몰려있을 가능성이 낮고 붐빔은 거의 느껴지지 않아요. 도보 이동이 자유로워요.,4500,5000,56.3,43.7,2.0,2.9,12.7,21.0,23.8,19.3,10.8,7.5,68.7,31.3,N,2026-07-02 08:10,Y
2026-07-02T08:38:19.334572+09:00,이태원 앤틱가구거리,이태원 앤틱가구거리,POI077,KEY_4,이태원 앤틱가구거리,POI077,여유,사람이 몰려있을 가능성이 낮고 붐빔은 거의 느껴지지 않아요. 도보 이동이 자유로워요.,3500,4000,57.6,42.4,1.1,3.3,14.0,19.2,18.8,20.7,12.8,10.2,49.9,50.1,N,2026-07-02 08:10,Y
2026-07-02T08:38:19.334572+09:00,익선동,익선동,POI116,KEY_1,익선동,POI116,여유,사람이 몰려있을 가능성이 낮고 붐빔은 거의 느껴지지 않아요. 도보 이동이 자유로워요.,7500,8000,59.2,40.8,0.2,2.7,16.1,21.0,22.4,19.1,11.1,7.5,30.9,69.1,N,2026-07-02 08:10,Y
2026-07-02T08:38:19.334572+09:00,인사동,인사동,POI078,KEY_2,인사동,POI078,여유,사람이 몰려있을 가능성이 낮고 붐빔은 거의 느껴지지 않아요. 도보 이동이 자유로워요.,10000,12000,61.3,38.7,0.2,3.0,11.9,21.1,25.9,20.5,10.5,6.8,49.4,50.6,N,2026-07-02 08:10,Y
2026-07-02T08:38:19.334572+09:00,잠실롯데타워·석촌호수,잠실롯데타워·석촌호수,POI120,KEY_3,잠실롯데타워·석촌호수,POI120,여유,사람이 몰려있을 가능성이 낮고 붐빔은 거의 느껴지지 않아요. 도보 이동이 자유로워요.,22000,24000,52.2,47.8,0.2,3.5,16.6,25.1,22.3,16.5,9.8,5.9,18.1,81.9,N,2026-07-02 08:10,Y
2026-07-02T08:38:19.334572+09:00,창동 신경제 중심지,창동 신경제 중심지,POI079,KEY_4,창동 신경제 중심지,POI079,여유,사람이 몰려있을 가능성이 낮고 붐빔은 거의 느껴지지 않아요. 도보 이동이 자유로워요.,26000,28000,47.5,52.5,0.3,9.6,13.7,16.4,19.3,19.6,12.7,8.3,19.0,81.0,N,2026-07-02 08:10,Y
2026-07-02T08:38:19.334572+09:00,청담동 명품거리,청담동 명품거리,POI080,KEY_1,청담동 명품거리,POI080,여유,사람이 몰려있을 가능성이 낮고 붐빔은 거의 느껴지지 않아요. 도보 이동이 자유로워요.,3500,4000,54.1,45.9,0.2,4.0,15.4,21.6,24.2,19.6,9.6,5.3,17.9,82.1,N,2026-07-02 08:10,Y
2026-07-02T08:38:19.334572+09:00,청량리 제기동 일대 전통시장,청량리 제기동 일대 전통시장,POI081,KEY_2,청량리 제기동 일대 전통시장,POI081,여유,사람이 몰려있을 가능성이 낮고 붐빔은 거의 느껴지지 않아요. 도보 이동이 자유로워요.,12000,14000,51.5,48.5,2.0,3.9,14.2,14.0,14.7,18.7,17.2,15.3,50.4,49.6,N,2026-07-02 08:10,Y
2026-07-02T08:38:19.334572+09:00,해방촌·경리단길,해방촌·경리단길,POI082,KEY_3,해방촌·경리단길,POI082,여유,사람이 몰려있을 가능성이 낮고 붐빔은 거의 느껴지지 않아요. 도보 이동이 자유로워요.,3000,3500,49.9,50.1,0.4,9.7,13.7,20.0,18.7,16.3,10.9,10.3,21.3,78.7,N,2026-07-02 08:10,Y
2026-07-02T08:38:19.334572+09:00,DDP(동대문디자인플라자),DDP(동대문디자인플라자),POI083,KEY_4,DDP(동대문디자인플라자),POI083,보통,사람이 몰려있을 수 있지만 크게 붐비지는 않아요. 도보 이동에 큰 제약이 없어요.,5000,5500,52.1,47.9,0.7,4.5,14.3,19.0,19.4,19.4,14.3,8.4,43.4,56.6,N,2026-07-02 08:10,Y
2026-07-02T08:38:19.334572+09:00,DMC(디지털미디어시티),DMC(디지털미디어시티),POI084,KEY_1,DMC(디지털미디어시티),POI084,여유,사람이 몰려있을 가능성이 낮고 붐빔은 거의 느껴지지 않아요. 도보 이동이 자유로워요.,28000,30000,49.5,50.5,2.3,5.5,15.1,21.6,20.6,18.0,9.9,7.0,55.7,44.3,N,2026-07-02 08:10,Y
2026-07-02T08:38:19.334572+09:00,가산디지털단지역,가산디지털단지역,POI013,KEY_2,가산디지털단지역,POI013,보통,사람이 몰려있을 수 있지만 크게 붐비지는 않아요. 도보 이동에 큰 제약이 없어요.,22000,24000,58.5,41.5,0.1,1.2,17.1,28.0,24.9,18.0,7.9,2.8,13.0,87.0,N,2026-07-02 08:10,Y
2026-07-02T08:38:19.334572+09:00,강남역,강남역,POI014,KEY_3,강남역,POI014,여유,사람이 몰려있을 가능성이 낮고 붐빔은 거의 느껴지지 않아요. 도보 이동이 자유로워요.,44000,46000,54.5,45.5,1.2,4.1,16.6,24.2,23.4,17.0,8.0,5.3,50.1,49.9,N,2026-07-02 08:10,Y
2026-07-02T08:38:19.334572+09:00,건대입구역,건대입구역,POI015,KEY_4,건대입구역,POI015,여유,사람이 몰려있을 가능성이 낮고 붐빔은 거의 느껴지지 않아요. 도보 이동이 자유로워요.,22000,24000,48.3,51.7,1.5,5.1,24.0,19.2,15.1,15.0,10.8,9.2,52.6,47.4,N,2026-07-02 08:10,Y
2026-07-02T08:38:19.334572+09:00,고덕역,고덕역,POI016,KEY_1,고덕역,POI016,여유,사람이 몰려있을 가능성이 낮고 붐빔은 거의 느껴지지 않아요. 도보 이동이 자유로워요.,2000,2500,54.3,45.7,0.9,18.8,12.0,11.3,21.7,14.1,12.1,9.1,18.0,82.0,N,2026-07-02 08:10,Y
2026-07-02T08:38:19.334572+09:00,고속터미널역,고속터미널역,POI017,KEY_2,고속터미널역,POI017,여유,사람이 몰려있을 가능성이 낮고 붐빔은 거의 느껴지지 않아요. 도보 이동이 자유로워요.,10000,12000,51.8,48.2,0.2,3.9,16.2,23.1,24.0,18.7,9.2,4.9,6.7,93.3,N,2026-07-02 08:10,Y
2026-07-02T08:38:19.334572+09:00,교대역,교대역,POI018,KEY_3,교대역,POI018,여유,사람이 몰려있을 가능성이 낮고 붐빔은 거의 느껴지지 않아요. 도보 이동이 자유로워요.,12000,14000,52.9,47.1,2.8,5.5,13.1,18.1,20.3,19.3,11.9,9.0,56.4,43.6,N,2026-07-02 08:10,Y
2026-07-02T08:38:19.334572+09:00,구로디지털단지역,구로디지털단지역,POI019,KEY_4,구로디지털단지역,POI019,여유,사람이 몰려있을 가능성이 낮고 붐빔은 거의 느껴지지 않아요. 도보 이동이 자유로워요.,14000,16000,54.9,45.1,0.0,1.6,16.5,26.9,24.9,19.6,7.4,3.1,26.5,73.5,N,2026-07-02 08:10,Y
2026-07-02T08:38:19.334572+09:00,구로역,구로역,POI020,KEY_1,구로역,POI020,붐빔,사람들이 몰려있을 가능성이 매우 크고 많이 붐빈다고 느낄 수 있어요. 인구밀도가 높은 구간에서는 도보 이동시 부딪힘이 발생할 수 있어요.,4500,5000,49.3,50.7,0.1,1.7,16.5,27.5,22.6,17.9,8.9,4.7,5.7,94.3,N,2026-07-02 08:10,Y
2026-07-02T08:38:19.334572+09:00,군자역,군자역,POI021,KEY_2,군자역,POI021,여유,사람이 몰려있을 가능성이 낮고 붐빔은 거의 느껴지지 않아요. 도보 이동이 자유로워요.,5000,5500,49.7,50.3,0.4,3.9,20.6,22.7,19.1,17.5,9.2,6.5,18.8,81.2,N,2026-07-02 08:10,Y
2026-07-02T08:38:19.334572+09:00,대림역,대림역,POI023,KEY_3,대림역,POI023,약간 붐빔,사람들이 몰려있을 가능성이 크고 붐빈다고 느낄 수 있어요. 인구밀도가 높은 구간에서는 도보 이동시 부딪힘이 발생할 수 있어요.,18000,20000,48.3,51.7,1.8,4.2,13.6,16.5,14.7,19.0,16.7,13.5,68.7,31.3,N,2026-07-02 08:10,Y
2026-07-02T08:38:19.334572+09:00,동대문역,동대문역,POI024,KEY_4,동대문역,POI024,보통,사람이 몰려있을 수 있지만 크게 붐비지는 않아요. 도보 이동에 큰 제약이 없어요.,7000,7500,54.6,45.4,0.0,2.5,15.2,19.2,21.6,21.5,12.9,7.1,8.8,91.2,N,2026-07-02 08:10,Y
2026-07-02T08:38:19.334572+09:00,뚝섬역,뚝섬역,POI025,KEY_1,뚝섬역,POI025,여유,사람이 몰려있을 가능성이 낮고 붐빔은 거의 느껴지지 않아요. 도보 이동이 자유로워요.,7000,7500,52.2,47.8,1.4,4.4,14.8,21.3,19.6,18.5,12.2,7.9,49.4,50.6,N,2026-07-02 08:10,Y
2026-07-02T08:38:19.334572+09:00,미아사거리역,미아사거리역,POI026,KEY_2,미아사거리역,POI026,여유,사람이 몰려있을 가능성이 낮고 붐빔은 거의 느껴지지 않아요. 도보 이동이 자유로워요.,8500,9000,46.0,54.0,0.4,7.3,17.2,17.1,19.3,19.8,11.3,7.6,9.8,90.2,N,2026-07-02 08:10,Y
2026-07-02T08:38:19.334572+09:00,발산역,발산역,POI027,KEY_3,발산역,POI027,여유,사람이 몰려있을 가능성이 낮고 붐빔은 거의 느껴지지 않아요. 도보 이동이 자유로워요.,6000,6500,51.0,49.0,0.4,6.0,15.8,24.9,20.4,16.1,9.1,7.4,16.6,83.4,N,2026-07-02 08:10,Y
2026-07-02T08:38:19.334572+09:00,사당역,사당역,POI029,KEY_4,사당역,POI029,여유,사람이 몰려있을 가능성이 낮고 붐빔은 거의 느껴지지 않아요. 도보 이동이 자유로워요.,12000,14000,51.9,48.1,0.2,2.4,20.9,25.0,19.1,16.1,9.4,6.8,14.2,85.8,N,2026-07-02 08:10,Y
2026-07-02T08:38:19.334572+09:00,삼각지역,삼각지역,POI030,KEY_1,삼각지역,POI030,여유,사람이 몰려있을 가능성이 낮고 붐빔은 거의 느껴지지 않아요. 도보 이동이 자유로워요.,1500,2000,54.1,45.9,1.2,3.3,15.0,23.9,21.7,18.3,10.4,6.3,41.3,58.7,N,2026-07-02 08:10,Y
2026-07-02T08:38:19.334572+09:00,서울대입구역,서울대입구역,POI031,KEY_2,서울대입구역,POI031,여유,사람이 몰려있을 가능성이 낮고 붐빔은 거의 느껴지지 않아요. 도보 이동이 자유로워요.,7500,8000,49.5,50.5,0.0,3.8,36.0,22.6,12.9,12.7,7.3,4.7,16.0,84.0,N,2026-07-02 08:10,Y
2026-07-02T08:38:19.334572+09:00,서울식물원·마곡나루역,서울식물원·마곡나루역,POI032,KEY_3,서울식물원·마곡나루역,POI032,여유,사람이 몰려있을 가능성이 낮고 붐빔은 거의 느껴지지 않아요. 도보 이동이 자유로워요.,6500,7000,53.2,46.8,2.7,4.4,14.7,24.1,21.3,15.9,9.9,6.9,60.3,39.7,N,2026-07-02 08:10,Y
2026-07-02T08:38:19.334572+09:00,서울역,서울역,POI033,KEY_4,서울역,POI033,보통,사람이 몰려있을 수 있지만 크게 붐비지는 않아요. 도보 이동에 큰 제약이 없어요.,12000,14000,55.3,44.7,0.5,2.2,12.3,21.9,24.6,22.0,10.5,6.0,43.7,56.3,N,2026-07-02 08:10,Y
2026-07-02T08:38:19.334572+09:00,선릉역,선릉역,POI034,KEY_1,선릉역,POI034,보통,사람이 몰려있을 수 있지만 크게 붐비지는 않아요. 도보 이동에 큰 제약이 없어요.,38000,40000,53.5,46.5,1.1,6.4,14.1,21.8,24.0,18.6,8.5,5.5,51.7,48.3,N,2026-07-02 08:10,Y
2026-07-02T08:38:19.334572+09:00,성신여대입구역,성신여대입구역,POI035,KEY_2,성신여대입구역,POI035,여유,사람이 몰려있을 가능성이 낮고 붐빔은 거의 느껴지지 않아요. 도보 이동이 자유로워요.,4500,5000,42.9,57.1,0.2,5.1,24.2,20.1,18.0,16.9,9.7,5.9,8.8,91.2,N,2026-07-02 08:10,Y
2026-07-02T08:38:19.334572+09:00,수유역,수유역,POI036,KEY_3,수유역,POI036,여유,사람이 몰려있을 가능성이 낮고 붐빔은 거의 느껴지지 않아요. 도보 이동이 자유로워요.,9000,9500,46.2,53.8,0.3,4.5,20.6,16.8,16.4,18.5,13.8,9.1,21.5,78.5,N,2026-07-02 08:10,Y
2026-07-02T08:38:19.334572+09:00,숭례문,숭례문,POI131,KEY_4,숭례문,POI131,여유,사람이 몰려있을 가능성이 낮고 붐빔은 거의 느껴지지 않아요. 도보 이동이 자유로워요.,7500,8000,58.6,41.4,0.3,1.6,10.5,19.3,26.7,24.3,11.4,6.1,48.0,52.0,N,2026-07-02 08:10,Y
2026-07-02T08:38:19.334572+09:00,시의회 앞,시의회 앞,POI130,KEY_1,시의회 앞,POI130,여유,사람이 몰려있을 가능성이 낮고 붐빔은 거의 느껴지지 않아요. 도보 이동이 자유로워요.,7000,7500,54.8,45.2,0.2,3.5,13.2,22.2,25.1,23.6,8.5,3.8,30.0,70.0,N,2026-07-02 08:10,Y
2026-07-02T08:38:19.334572+09:00,신논현역·논현역,신논현역·논현역,POI037,KEY_2,신논현역·논현역,POI037,여유,사람이 몰려있을 가능성이 낮고 붐빔은 거의 느껴지지 않아요. 도보 이동이 자유로워요.,9500,10000,52.8,47.2,1.3,3.0,16.9,23.4,21.9,17.1,9.1,7.3,47.4,52.6,N,2026-07-02 08:10,Y
2026-07-02T08:38:19.334572+09:00,신도림역,신도림역,POI038,KEY_3,신도림역,POI038,붐빔,사람들이 몰려있을 가능성이 매우 크고 많이 붐빈다고 느낄 수 있어요. 인구밀도가 높은 구간에서는 도보 이동시 부딪힘이 발생할 수 있어요.,10000,12000,48.6,51.4,1.8,3.3,16.5,24.1,19.9,16.8,10.5,7.0,34.3,65.7,N,2026-07-02 08:10,Y
2026-07-02T08:38:19.334572+09:00,신림역,신림역,POI039,KEY_4,신림역,POI039,여유,사람이 몰려있을 가능성이 낮고 붐빔은 거의 느껴지지 않아요. 도보 이동이 자유로워요.,8000,8500,52.9,47.1,0.0,2.0,32.0,26.5,15.4,12.7,7.1,4.3,15.1,84.9,N,2026-07-02 08:10,Y
2026-07-02T08:38:19.334572+09:00,신정네거리역,신정네거리역,POI117,KEY_1,신정네거리역,POI117,여유,사람이 몰려있을 가능성이 낮고 붐빔은 거의 느껴지지 않아요. 도보 이동이 자유로워요.,1500,2000,50.6,49.4,0.4,12.9,12.3,18.8,20.1,17.2,11.2,7.1,14.8,85.2,N,2026-07-02 08:10,Y
2026-07-02T08:38:19.334572+09:00,신촌·이대역,신촌·이대역,POI040,KEY_2,신촌·이대역,POI040,여유,사람이 몰려있을 가능성이 낮고 붐빔은 거의 느껴지지 않아요. 도보 이동이 자유로워요.,24000,26000,44.1,55.9,1.2,6.4,34.8,17.1,12.6,12.6,8.6,6.8,50.2,49.8,N,2026-07-02 08:10,Y
2026-07-02T08:38:19.334572+09:00,쌍문역,쌍문역,POI070,KEY_3,쌍문역,POI070,여유,사람이 몰려있을 가능성이 낮고 붐빔은 거의 느껴지지 않아요. 도보 이동이 자유로워요.,5500,6000,47.2,52.8,0.4,8.1,14.6,16.6,17.5,18.7,13.2,10.9,25.2,74.8,N,2026-07-02 08:10,Y
2026-07-02T08:38:19.334572+09:00,양재역,양재역,POI041,KEY_4,양재역,POI041,여유,사람이 몰려있을 가능성이 낮고 붐빔은 거의 느껴지지 않아요. 도보 이동이 자유로워요.,14000,16000,51.6,48.4,1.4,6.8,14.0,22.2,22.2,17.3,9.3,6.8,44.7,55.3,N,2026-07-02 08:10,Y
2026-07-02T08:38:19.334572+09:00,역삼역,역삼역,POI042,KEY_1,역삼역,POI042,보통,사람이 몰려있을 수 있지만 크게 붐비지는 않아요. 도보 이동에 큰 제약이 없어요.,24000,26000,54.6,45.4,0.9,2.8,16.0,26.3,24.5,16.7,8.0,4.8,54.9,45.1,N,2026-07-02 08:10,Y
2026-07-02T08:38:19.334572+09:00,연신내역,연신내역,POI043,KEY_2,연신내역,POI043,여유,사람이 몰려있을 가능성이 낮고 붐빔은 거의 느껴지지 않아요. 도보 이동이 자유로워요.,6000,6500,48.7,51.3,0.1,5.0,18.0,21.4,18.9,17.5,11.0,8.1,13.1,86.9,N,2026-07-02 08:10,Y
2026-07-02T08:38:19.334572+09:00,오목교역·목동운동장,오목교역·목동운동장,POI044,KEY_3,오목교역·목동운동장,POI044,여유,사람이 몰려있을 가능성이 낮고 붐빔은 거의 느껴지지 않아요. 도보 이동이 자유로워요.,60000,62000,46.9,53.1,6.2,14.8,11.0,10.4,18.2,16.3,12.5,10.7,74.6,25.4,N,2026-07-02 08:10,Y
2026-07-02T08:38:19.334572+09:00,왕십리역,왕십리역,POI045,KEY_4,왕십리역,POI045,약간 붐빔,사람들이 몰려있을 가능성이 크고 붐빈다고 느낄 수 있어요. 인구밀도가 높은 구간에서는 도보 이동시 부딪힘이 발생할 수 있어요.,20000,22000,47.5,52.5,2.4,7.7,21.9,17.3,14.5,15.2,11.1,10.0,61.3,38.7,N,2026-07-02 08:10,Y
2026-07-02T08:38:19.334572+09:00,용산역,용산역,POI046,KEY_1,용산역,POI046,여유,사람이 몰려있을 가능성이 낮고 붐빔은 거의 느껴지지 않아요. 도보 이동이 자유로워요.,10000,12000,56.3,43.7,0.1,1.8,15.7,25.6,24.1,19.6,8.5,4.6,12.4,87.6,N,2026-07-02 08:10,Y
2026-07-02T08:38:19.334572+09:00,이태원역,이태원역,POI047,KEY_2,이태원역,POI047,여유,사람이 몰려있을 가능성이 낮고 붐빔은 거의 느껴지지 않아요. 도보 이동이 자유로워요.,2500,3000,58.4,41.6,0.5,2.1,16.5,23.5,20.0,20.8,9.4,7.1,18.5,81.5,N,2026-07-02 08:10,Y
2026-07-02T08:38:19.334572+09:00,잠실새내역,잠실새내역,POI118,KEY_3,잠실새내역,POI118,여유,사람이 몰려있을 가능성이 낮고 붐빔은 거의 느껴지지 않아요. 도보 이동이 자유로워요.,7000,7500,49.5,50.5,0.5,9.5,14.6,18.2,24.9,15.8,9.7,6.8,19.9,80.1,N,2026-07-02 08:10,Y
2026-07-02T08:38:19.334572+09:00,잠실역,잠실역,POI119,KEY_4,잠실역,POI119,여유,사람이 몰려있을 가능성이 낮고 붐빔은 거의 느껴지지 않아요. 도보 이동이 자유로워요.,9000,9500,54.4,45.6,0.2,2.9,16.3,25.7,24.2,18.1,8.9,3.9,18.2,81.8,N,2026-07-02 08:10,Y
2026-07-02T08:38:19.334572+09:00,장지역,장지역,POI048,KEY_1,장지역,POI048,여유,사람이 몰려있을 가능성이 낮고 붐빔은 거의 느껴지지 않아요. 도보 이동이 자유로워요.,14000,16000,55.4,44.6,2.4,5.4,12.6,21.4,20.3,18.1,11.9,7.9,55.3,44.7,N,2026-07-02 08:10,Y
2026-07-02T08:38:19.334572+09:00,장한평역,장한평역,POI049,KEY_2,장한평역,POI049,여유,사람이 몰려있을 가능성이 낮고 붐빔은 거의 느껴지지 않아요. 도보 이동이 자유로워요.,8000,8500,55.9,44.1,0.1,2.0,14.6,19.5,23.8,20.0,12.8,7.1,19.3,80.7,N,2026-07-02 08:10,Y
2026-07-02T08:38:19.334572+09:00,천호역,천호역,POI050,KEY_3,천호역,POI050,여유,사람이 몰려있을 가능성이 낮고 붐빔은 거의 느껴지지 않아요. 도보 이동이 자유로워요.,9000,9500,46.2,53.8,0.2,3.4,17.4,26.1,21.1,17.1,9.3,5.4,8.3,91.7,N,2026-07-02 08:10,Y
2026-07-02T08:38:19.334572+09:00,총신대입구(이수)역,총신대입구(이수)역,POI051,KEY_4,총신대입구(이수)역,POI051,여유,사람이 몰려있을 가능성이 낮고 붐빔은 거의 느껴지지 않아요. 도보 이동이 자유로워요.,9500,10000,50.0,50.0,0.2,4.5,17.5,22.5,19.3,17.9,10.4,7.6,12.9,87.1,N,2026-07-02 08:10,Y
2026-07-02T08:38:19.334572+09:00,충정로역,충정로역,POI052,KEY_1,충정로역,POI052,보통,사람이 몰려있을 수 있지만 크게 붐비지는 않아요. 도보 이동에 큰 제약이 없어요.,8000,8500,49.6,50.4,1.7,5.2,14.9,19.9,19.1,18.2,11.7,9.3,58.7,41.3,N,2026-07-02 08:10,Y
2026-07-02T08:38:19.334572+09:00,합정역,합정역,POI053,KEY_2,합정역,POI053,여유,사람이 몰려있을 가능성이 낮고 붐빔은 거의 느껴지지 않아요. 도보 이동이 자유로워요.,8000,8500,47.2,52.8,1.1,4.2,17.8,23.0,18.2,16.0,10.8,8.8,51.6,48.4,N,2026-07-02 08:10,Y
2026-07-02T08:38:19.334572+09:00,혜화역,혜화역,POI054,KEY_3,혜화역,POI054,여유,사람이 몰려있을 가능성이 낮고 붐빔은 거의 느껴지지 않아요. 도보 이동이 자유로워요.,12000,14000,49.4,50.6,1.2,8.9,21.4,17.2,15.5,15.6,11.0,9.1,47.4,52.6,N,2026-07-02 08:10,Y
2026-07-02T08:38:19.334572+09:00,홍대입구역(2호선),홍대입구역(2호선),POI055,KEY_4,홍대입구역(2호선),POI055,여유,사람이 몰려있을 가능성이 낮고 붐빔은 거의 느껴지지 않아요. 도보 이동이 자유로워요.,10000,12000,49.0,51.0,0.9,4.4,21.5,22.1,18.6,15.3,9.8,7.4,46.6,53.4,N,2026-07-02 08:10,Y
2026-07-02T08:38:19.334572+09:00,회기역,회기역,POI056,KEY_1,회기역,POI056,여유,사람이 몰려있을 가능성이 낮고 붐빔은 거의 느껴지지 않아요. 도보 이동이 자유로워요.,10000,12000,45.3,54.7,0.2,7.0,34.7,17.2,15.2,12.1,7.1,6.5,16.3,83.7,N,2026-07-02 08:10,Y
