2026-07-02 00:10:49,844 [INFO] 등록된 키: 4개, 합산 한도 4,000건/일
2026-07-02 00:10:49,845 [INFO] POI 로드: 매뉴얼 v8.5 기준 fallback 121개 (121개 전체)
2026-07-02 00:10:49,845 [INFO] === 수집 시작 2026-07-02T00:10:49.845425+09:00 ===
2026-07-02 00:10:49,845 [INFO] 대상 장소: 121개 | API: citydata (통합)
2026-07-02 00:10:49,845 [INFO] 키 풀: 4/4 활성 | 오늘 사용 0/4000건
2026-07-02 00:10:49,845 [INFO]   [KEY_1] 담당 31장소
2026-07-02 00:10:49,845 [INFO]   [KEY_2] 담당 30장소
2026-07-02 00:10:49,845 [INFO]   [KEY_3] 담당 30장소
2026-07-02 00:10:49,845 [INFO]   [KEY_4] 담당 30장소
2026-07-02 00:10:49,845 [INFO] [1/121] 경복궁 (primary=KEY_1)
2026-07-02 00:10:51,643 [INFO] [2/121] 광화문·덕수궁 (primary=KEY_2)
2026-07-02 00:10:53,194 [INFO] [3/121] 보신각 (primary=KEY_3)
2026-07-02 00:10:54,873 [INFO] [4/121] 서울 암사동 유적 (primary=KEY_4)
2026-07-02 00:10:56,670 [INFO] [5/121] 창덕궁·종묘 (primary=KEY_1)
2026-07-02 00:10:58,338 [INFO] [6/121] 강남 MICE 관광특구 (primary=KEY_2)
2026-07-02 00:10:59,348 [INFO] [7/121] 동대문 관광특구 (primary=KEY_3)
2026-07-02 00:11:00,645 [INFO] [8/121] 명동 관광특구 (primary=KEY_4)
2026-07-02 00:11:02,094 [INFO] [9/121] 이태원 관광특구 (primary=KEY_1)
2026-07-02 00:11:03,373 [INFO] [10/121] 잠실 관광특구 (primary=KEY_2)
2026-07-02 00:11:05,358 [INFO] [11/121] 종로·청계 관광특구 (primary=KEY_3)
2026-07-02 00:11:06,802 [INFO] [12/121] 홍대 관광특구 (primary=KEY_4)
2026-07-02 00:11:08,794 [INFO] [13/121] 강서한강공원 (primary=KEY_1)
2026-07-02 00:11:09,902 [INFO] [14/121] 고척돔 (primary=KEY_2)
2026-07-02 00:11:11,411 [INFO] [15/121] 광나루한강공원 (primary=KEY_3)
2026-07-02 00:11:12,509 [INFO] [16/121] 광화문광장 (primary=KEY_4)
2026-07-02 00:11:13,755 [INFO] [17/121] 국립중앙박물관·용산가족공원 (primary=KEY_1)
2026-07-02 00:11:14,797 [INFO] [18/121] 난지한강공원 (primary=KEY_2)
2026-07-02 00:11:15,772 [INFO] [19/121] 남산공원 (primary=KEY_3)
2026-07-02 00:11:17,038 [INFO] [20/121] 노들섬 (primary=KEY_4)
2026-07-02 00:11:18,010 [INFO] [21/121] 뚝섬한강공원 (primary=KEY_1)
2026-07-02 00:11:18,988 [INFO] [22/121] 망원한강공원 (primary=KEY_2)
2026-07-02 00:11:20,116 [INFO] [23/121] 반포한강공원 (primary=KEY_3)
2026-07-02 00:11:21,091 [INFO] [24/121] 보라매공원 (primary=KEY_4)
2026-07-02 00:11:22,108 [INFO] [25/121] 북서울꿈의숲 (primary=KEY_1)
2026-07-02 00:11:23,089 [INFO] [26/121] 서대문독립공원 (primary=KEY_2)
2026-07-02 00:11:24,084 [INFO] [27/121] 서리풀공원·몽마르뜨공원 (primary=KEY_3)
2026-07-02 00:11:25,227 [INFO] [28/121] 서울대공원 (primary=KEY_4)
2026-07-02 00:11:26,197 [INFO] [29/121] 서울숲공원 (primary=KEY_1)
2026-07-02 00:11:28,126 [INFO] [30/121] 송현녹지광장 (primary=KEY_2)
2026-07-02 00:11:29,244 [INFO] [31/121] 아차산 (primary=KEY_3)
2026-07-02 00:11:31,044 [INFO] [32/121] 안양천 (primary=KEY_4)
2026-07-02 00:11:32,031 [INFO] [33/121] 양화한강공원 (primary=KEY_1)
2026-07-02 00:11:33,020 [INFO] [34/121] 어린이대공원 (primary=KEY_2)
2026-07-02 00:11:34,026 [INFO] [35/121] 여의도한강공원 (primary=KEY_3)
2026-07-02 00:11:35,146 [INFO] [36/121] 여의서로 (primary=KEY_4)
2026-07-02 00:11:36,134 [INFO] [37/121] 올림픽공원 (primary=KEY_1)
2026-07-02 00:11:37,293 [INFO] [38/121] 월드컵공원 (primary=KEY_2)
2026-07-02 00:11:38,565 [INFO] [39/121] 응봉산 (primary=KEY_3)
2026-07-02 00:11:39,676 [INFO] [40/121] 이촌한강공원 (primary=KEY_4)
2026-07-02 00:11:40,656 [INFO] [41/121] 잠실종합운동장 (primary=KEY_1)
2026-07-02 00:11:41,649 [INFO] [42/121] 잠실한강공원 (primary=KEY_2)
2026-07-02 00:11:42,638 [INFO] [43/121] 잠원한강공원 (primary=KEY_3)
2026-07-02 00:11:43,619 [INFO] [44/121] 청계산 (primary=KEY_4)
2026-07-02 00:11:44,594 [INFO] [45/121] 홍제폭포 (primary=KEY_1)
2026-07-02 00:11:45,565 [INFO] [46/121] 가락시장 (primary=KEY_2)
2026-07-02 00:11:46,702 [INFO] [47/121] 가로수길 (primary=KEY_3)
2026-07-02 00:11:47,852 [INFO] [48/121] 광장(전통)시장 (primary=KEY_4)
2026-07-02 00:11:48,846 [INFO] [49/121] 김포공항 (primary=KEY_1)
2026-07-02 00:11:49,986 [INFO] [50/121] 남대문시장 (primary=KEY_2)
2026-07-02 00:11:50,988 [INFO] [51/121] 노량진 (primary=KEY_3)
2026-07-02 00:11:52,120 [INFO] [52/121] 덕수궁길·정동길 (primary=KEY_4)
2026-07-02 00:11:53,265 [INFO] [53/121] 북창동 먹자골목 (primary=KEY_1)
2026-07-02 00:11:54,250 [INFO] [54/121] 북촌한옥마을 (primary=KEY_2)
2026-07-02 00:11:55,388 [INFO] [55/121] 서촌 (primary=KEY_3)
2026-07-02 00:11:56,520 [INFO] [56/121] 성수카페거리 (primary=KEY_4)
2026-07-02 00:11:57,663 [INFO] [57/121] 송리단길·호수단길 (primary=KEY_1)
2026-07-02 00:11:58,795 [INFO] [58/121] 신촌 스타광장 (primary=KEY_2)
2026-07-02 00:12:00,334 [INFO] [59/121] 압구정로데오거리 (primary=KEY_3)
2026-07-02 00:12:02,335 [INFO] [60/121] 여의도 (primary=KEY_4)
2026-07-02 00:12:04,484 [INFO] [61/121] 연남동 (primary=KEY_1)
2026-07-02 00:12:06,275 [INFO] [62/121] 영등포 타임스퀘어 (primary=KEY_2)
2026-07-02 00:12:07,513 [INFO] [63/121] 용리단길 (primary=KEY_3)
2026-07-02 00:12:08,503 [INFO] [64/121] 이태원 앤틱가구거리 (primary=KEY_4)
2026-07-02 00:12:10,290 [INFO] [65/121] 익선동 (primary=KEY_1)
2026-07-02 00:12:11,434 [INFO] [66/121] 인사동 (primary=KEY_2)
2026-07-02 00:12:13,160 [INFO] [67/121] 잠실롯데타워·석촌호수 (primary=KEY_3)
2026-07-02 00:12:14,313 [INFO] [68/121] 창동 신경제 중심지 (primary=KEY_4)
2026-07-02 00:12:15,594 [INFO] [69/121] 청담동 명품거리 (primary=KEY_1)
2026-07-02 00:12:16,844 [INFO] [70/121] 청량리 제기동 일대 전통시장 (primary=KEY_2)
2026-07-02 00:12:18,114 [INFO] [71/121] 해방촌·경리단길 (primary=KEY_3)
2026-07-02 00:12:19,095 [INFO] [72/121] DDP(동대문디자인플라자) (primary=KEY_4)
2026-07-02 00:12:21,096 [INFO] [73/121] DMC(디지털미디어시티) (primary=KEY_1)
2026-07-02 00:12:23,053 [INFO] [74/121] 가산디지털단지역 (primary=KEY_2)
2026-07-02 00:12:24,442 [INFO] [75/121] 강남역 (primary=KEY_3)
2026-07-02 00:12:25,728 [INFO] [76/121] 건대입구역 (primary=KEY_4)
2026-07-02 00:12:26,864 [INFO] [77/121] 고덕역 (primary=KEY_1)
2026-07-02 00:12:27,983 [INFO] [78/121] 고속터미널역 (primary=KEY_2)
2026-07-02 00:12:28,988 [INFO] [79/121] 교대역 (primary=KEY_3)
2026-07-02 00:12:29,978 [INFO] [80/121] 구로디지털단지역 (primary=KEY_4)
2026-07-02 00:12:31,129 [INFO] [81/121] 구로역 (primary=KEY_1)
2026-07-02 00:12:32,114 [INFO] [82/121] 군자역 (primary=KEY_2)
2026-07-02 00:12:33,236 [INFO] [83/121] 대림역 (primary=KEY_3)
2026-07-02 00:12:34,361 [INFO] [84/121] 동대문역 (primary=KEY_4)
2026-07-02 00:12:35,485 [INFO] [85/121] 뚝섬역 (primary=KEY_1)
2026-07-02 00:12:36,594 [INFO] [86/121] 미아사거리역 (primary=KEY_2)
2026-07-02 00:12:37,711 [INFO] [87/121] 발산역 (primary=KEY_3)
2026-07-02 00:12:38,969 [INFO] [88/121] 사당역 (primary=KEY_4)
2026-07-02 00:12:40,102 [INFO] [89/121] 삼각지역 (primary=KEY_1)
2026-07-02 00:12:41,225 [INFO] [90/121] 서울대입구역 (primary=KEY_2)
2026-07-02 00:12:42,214 [INFO] [91/121] 서울식물원·마곡나루역 (primary=KEY_3)
2026-07-02 00:12:43,346 [INFO] [92/121] 서울역 (primary=KEY_4)
2026-07-02 00:12:44,545 [INFO] [93/121] 선릉역 (primary=KEY_1)
2026-07-02 00:12:45,851 [INFO] [94/121] 성신여대입구역 (primary=KEY_2)
2026-07-02 00:12:47,666 [INFO] [95/121] 수유역 (primary=KEY_3)
2026-07-02 00:12:48,805 [INFO] [96/121] 숭례문 (primary=KEY_4)
2026-07-02 00:12:49,944 [INFO] [97/121] 시의회 앞 (primary=KEY_1)
2026-07-02 00:12:51,887 [INFO] [98/121] 신논현역·논현역 (primary=KEY_2)
2026-07-02 00:12:53,050 [INFO] [99/121] 신도림역 (primary=KEY_3)
2026-07-02 00:12:54,062 [INFO] [100/121] 신림역 (primary=KEY_4)
2026-07-02 00:12:55,060 [INFO] [101/121] 신정네거리역 (primary=KEY_1)
2026-07-02 00:12:56,068 [INFO] [102/121] 신촌·이대역 (primary=KEY_2)
2026-07-02 00:12:57,201 [INFO] [103/121] 쌍문역 (primary=KEY_3)
2026-07-02 00:12:58,211 [INFO] [104/121] 양재역 (primary=KEY_4)
2026-07-02 00:12:59,345 [INFO] [105/121] 역삼역 (primary=KEY_1)
2026-07-02 00:13:00,477 [INFO] [106/121] 연신내역 (primary=KEY_2)
2026-07-02 00:13:01,487 [INFO] [107/121] 오목교역·목동운동장 (primary=KEY_3)
2026-07-02 00:13:02,759 [INFO] [108/121] 왕십리역 (primary=KEY_4)
2026-07-02 00:13:03,914 [INFO] [109/121] 용산역 (primary=KEY_1)
2026-07-02 00:13:05,050 [INFO] [110/121] 이태원역 (primary=KEY_2)
2026-07-02 00:13:06,069 [INFO] [111/121] 잠실새내역 (primary=KEY_3)
2026-07-02 00:13:07,194 [INFO] [112/121] 잠실역 (primary=KEY_4)
2026-07-02 00:13:08,329 [INFO] [113/121] 장지역 (primary=KEY_1)
2026-07-02 00:13:09,446 [INFO] [114/121] 장한평역 (primary=KEY_2)
2026-07-02 00:13:10,581 [INFO] [115/121] 천호역 (primary=KEY_3)
2026-07-02 00:13:11,791 [INFO] [116/121] 총신대입구(이수)역 (primary=KEY_4)
2026-07-02 00:13:12,935 [INFO] [117/121] 충정로역 (primary=KEY_1)
2026-07-02 00:13:13,940 [INFO] [118/121] 합정역 (primary=KEY_2)
2026-07-02 00:13:15,070 [INFO] [119/121] 혜화역 (primary=KEY_3)
2026-07-02 00:13:16,194 [INFO] [120/121] 홍대입구역(2호선) (primary=KEY_4)
2026-07-02 00:13:17,211 [INFO] [121/121] 회기역 (primary=KEY_1)
2026-07-02 00:13:18,781 [INFO] === 수집 완료 | 성공 121, 실패 0 ===
2026-07-02 00:13:18,781 [INFO] 카테고리별 저장 결과:
2026-07-02 00:13:18,781 [INFO]    accident                  | 신규     4행 | 누적      4행 | 16컬럼
2026-07-02 00:13:18,781 [INFO]    area_meta                 | 신규   121행 | 누적    121행 | 5컬럼
2026-07-02 00:13:18,782 [INFO]    bike                      | 신규    12행 | 누적     12행 | 12컬럼
2026-07-02 00:13:18,782 [INFO]    bike_sbike_stts           | 신규   553행 | 누적    553행 | 12컬럼
2026-07-02 00:13:18,782 [INFO]    bus                       | 신규     3행 | 누적      3행 | 11컬럼
2026-07-02 00:13:18,782 [INFO]    bus_bus_stn_stts          | 신규  1745행 | 누적   1745행 | 11컬럼
2026-07-02 00:13:18,782 [INFO]    charger                   | 신규    25행 | 누적     25행 | 15컬럼
2026-07-02 00:13:18,782 [INFO]    charger_charger_stts      | 신규   340행 | 누적    340행 | 15컬럼
2026-07-02 00:13:18,782 [INFO]    cmrcl                     | 신규    82행 | 누적     82행 | 20컬럼
2026-07-02 00:13:18,782 [INFO]    disaster                  | 신규    18행 | 누적     18행 | 9컬럼
2026-07-02 00:13:18,782 [INFO]    disaster_live_dst_message | 신규    12행 | 누적     12행 | 9컬럼
2026-07-02 00:13:18,782 [INFO]    events                    | 신규    10행 | 누적     10행 | 14컬럼
2026-07-02 00:13:18,782 [INFO]    events_event_stts         | 신규   119행 | 누적    119행 | 14컬럼
2026-07-02 00:13:18,782 [INFO]    parking                   | 신규     6행 | 누적      6행 | 21컬럼
2026-07-02 00:13:18,782 [INFO]    parking_prk_stts          | 신규  1833행 | 누적   1833행 | 21컬럼
2026-07-02 00:13:18,782 [INFO]    ppltn                     | 신규   121행 | 누적    121행 | 26컬럼
2026-07-02 00:13:18,782 [INFO]    road                      | 신규   121행 | 누적    121행 | 21컬럼
2026-07-02 00:13:18,782 [INFO]    road_road_traffic_stts    | 신규  5261행 | 누적   5261행 | 17컬럼
2026-07-02 00:13:18,782 [INFO]    subway                    | 신규    38행 | 누적     38행 | 12컬럼
2026-07-02 00:13:18,783 [INFO]    subway_sub_stts           | 신규   183행 | 누적    183행 | 13컬럼
2026-07-02 00:13:18,783 [INFO]    weather                   | 신규   119행 | 누적    119행 | 29컬럼
2026-07-02 00:13:18,783 [INFO] 키별 사용량:
2026-07-02 00:13:18,783 [INFO]    🟢 KEY_1 (31/1000) 
2026-07-02 00:13:18,783 [INFO]    🟢 KEY_2 (30/1000) 
2026-07-02 00:13:18,783 [INFO]    🟢 KEY_3 (30/1000) 
2026-07-02 00:13:18,783 [INFO]    🟢 KEY_4 (30/1000) 
2026-07-02 01:56:52,336 [INFO] 등록된 키: 4개, 합산 한도 4,000건/일
2026-07-02 01:56:52,337 [INFO] POI 로드: 매뉴얼 v8.5 기준 fallback 121개 (121개 전체)
2026-07-02 01:56:52,337 [INFO] === 수집 시작 2026-07-02T01:56:52.337300+09:00 ===
2026-07-02 01:56:52,337 [INFO] 대상 장소: 121개 | API: citydata (통합)
2026-07-02 01:56:52,337 [INFO] 키 풀: 4/4 활성 | 오늘 사용 0/4000건
2026-07-02 01:56:52,337 [INFO]   [KEY_1] 담당 31장소
2026-07-02 01:56:52,337 [INFO]   [KEY_2] 담당 30장소
2026-07-02 01:56:52,337 [INFO]   [KEY_3] 담당 30장소
2026-07-02 01:56:52,337 [INFO]   [KEY_4] 담당 30장소
2026-07-02 01:56:52,337 [INFO] [1/121] 경복궁 (primary=KEY_1)
2026-07-02 01:56:54,625 [INFO] [2/121] 광화문·덕수궁 (primary=KEY_2)
2026-07-02 01:56:57,127 [INFO] [3/121] 보신각 (primary=KEY_3)
2026-07-02 01:56:59,214 [INFO] [4/121] 서울 암사동 유적 (primary=KEY_4)
2026-07-02 01:57:01,132 [INFO] [5/121] 창덕궁·종묘 (primary=KEY_1)
2026-07-02 01:57:03,225 [INFO] [6/121] 강남 MICE 관광특구 (primary=KEY_2)
2026-07-02 01:57:05,138 [INFO] [7/121] 동대문 관광특구 (primary=KEY_3)
2026-07-02 01:57:07,818 [INFO] [8/121] 명동 관광특구 (primary=KEY_4)
2026-07-02 01:57:10,156 [INFO] [9/121] 이태원 관광특구 (primary=KEY_1)
2026-07-02 01:57:12,437 [INFO] [10/121] 잠실 관광특구 (primary=KEY_2)
2026-07-02 01:57:13,994 [INFO] [11/121] 종로·청계 관광특구 (primary=KEY_3)
2026-07-02 01:57:15,593 [INFO] [12/121] 홍대 관광특구 (primary=KEY_4)
2026-07-02 01:57:17,899 [INFO] [13/121] 강서한강공원 (primary=KEY_1)
2026-07-02 01:57:19,969 [INFO] [14/121] 고척돔 (primary=KEY_2)
2026-07-02 01:57:21,871 [INFO] [15/121] 광나루한강공원 (primary=KEY_3)
2026-07-02 01:57:23,200 [INFO] [16/121] 광화문광장 (primary=KEY_4)
2026-07-02 01:57:24,539 [INFO] [17/121] 국립중앙박물관·용산가족공원 (primary=KEY_1)
2026-07-02 01:57:25,895 [INFO] [18/121] 난지한강공원 (primary=KEY_2)
2026-07-02 01:57:28,148 [INFO] [19/121] 남산공원 (primary=KEY_3)
2026-07-02 01:57:30,479 [INFO] [20/121] 노들섬 (primary=KEY_4)
2026-07-02 01:57:32,382 [INFO] [21/121] 뚝섬한강공원 (primary=KEY_1)
2026-07-02 01:57:34,119 [INFO] [22/121] 망원한강공원 (primary=KEY_2)
2026-07-02 01:57:36,212 [INFO] [23/121] 반포한강공원 (primary=KEY_3)
2026-07-02 01:57:38,362 [INFO] [24/121] 보라매공원 (primary=KEY_4)
2026-07-02 01:57:40,283 [INFO] [25/121] 북서울꿈의숲 (primary=KEY_1)
2026-07-02 01:57:42,193 [INFO] [26/121] 서대문독립공원 (primary=KEY_2)
2026-07-02 01:57:44,479 [INFO] [27/121] 서리풀공원·몽마르뜨공원 (primary=KEY_3)
2026-07-02 01:57:46,429 [INFO] [28/121] 서울대공원 (primary=KEY_4)
2026-07-02 01:57:48,323 [INFO] [29/121] 서울숲공원 (primary=KEY_1)
2026-07-02 01:57:50,441 [INFO] [30/121] 송현녹지광장 (primary=KEY_2)
2026-07-02 01:57:51,773 [INFO] [31/121] 아차산 (primary=KEY_3)
2026-07-02 01:57:52,930 [INFO] [32/121] 안양천 (primary=KEY_4)
2026-07-02 01:57:54,095 [INFO] [33/121] 양화한강공원 (primary=KEY_1)
2026-07-02 01:57:55,217 [INFO] [34/121] 어린이대공원 (primary=KEY_2)
2026-07-02 01:57:57,137 [INFO] [35/121] 여의도한강공원 (primary=KEY_3)
2026-07-02 01:57:58,463 [INFO] [36/121] 여의서로 (primary=KEY_4)
2026-07-02 01:57:59,621 [INFO] [37/121] 올림픽공원 (primary=KEY_1)
2026-07-02 01:58:01,752 [INFO] [38/121] 월드컵공원 (primary=KEY_2)
2026-07-02 01:58:04,035 [INFO] [39/121] 응봉산 (primary=KEY_3)
2026-07-02 01:58:06,311 [INFO] [40/121] 이촌한강공원 (primary=KEY_4)
2026-07-02 01:58:08,216 [INFO] [41/121] 잠실종합운동장 (primary=KEY_1)
2026-07-02 01:58:09,365 [INFO] [42/121] 잠실한강공원 (primary=KEY_2)
2026-07-02 01:58:10,497 [INFO] [43/121] 잠원한강공원 (primary=KEY_3)
2026-07-02 01:58:11,658 [INFO] [44/121] 청계산 (primary=KEY_4)
2026-07-02 01:58:12,807 [INFO] [45/121] 홍제폭포 (primary=KEY_1)
2026-07-02 01:58:14,682 [INFO] [46/121] 가락시장 (primary=KEY_2)
2026-07-02 01:58:16,786 [INFO] [47/121] 가로수길 (primary=KEY_3)
2026-07-02 01:58:18,135 [INFO] [48/121] 광장(전통)시장 (primary=KEY_4)
2026-07-02 01:58:19,313 [INFO] [49/121] 김포공항 (primary=KEY_1)
2026-07-02 01:58:20,708 [INFO] [50/121] 남대문시장 (primary=KEY_2)
2026-07-02 01:58:21,868 [INFO] [51/121] 노량진 (primary=KEY_3)
2026-07-02 01:58:23,037 [INFO] [52/121] 덕수궁길·정동길 (primary=KEY_4)
2026-07-02 01:58:25,124 [INFO] [53/121] 북창동 먹자골목 (primary=KEY_1)
2026-07-02 01:58:27,040 [INFO] [54/121] 북촌한옥마을 (primary=KEY_2)
2026-07-02 01:58:28,412 [INFO] [55/121] 서촌 (primary=KEY_3)
2026-07-02 01:58:29,734 [INFO] [56/121] 성수카페거리 (primary=KEY_4)
2026-07-02 01:58:31,062 [INFO] [57/121] 송리단길·호수단길 (primary=KEY_1)
2026-07-02 01:58:32,413 [INFO] [58/121] 신촌 스타광장 (primary=KEY_2)
2026-07-02 01:58:33,587 [INFO] [59/121] 압구정로데오거리 (primary=KEY_3)
2026-07-02 01:58:35,733 [INFO] [60/121] 여의도 (primary=KEY_4)
2026-07-02 01:58:38,300 [INFO] [61/121] 연남동 (primary=KEY_1)
2026-07-02 01:58:39,626 [INFO] [62/121] 영등포 타임스퀘어 (primary=KEY_2)
2026-07-02 01:58:40,983 [INFO] [63/121] 용리단길 (primary=KEY_3)
2026-07-02 01:58:42,147 [INFO] [64/121] 이태원 앤틱가구거리 (primary=KEY_4)
2026-07-02 01:58:43,987 [INFO] [65/121] 익선동 (primary=KEY_1)
2026-07-02 01:58:45,350 [INFO] [66/121] 인사동 (primary=KEY_2)
2026-07-02 01:58:47,446 [INFO] [67/121] 잠실롯데타워·석촌호수 (primary=KEY_3)
2026-07-02 01:58:48,829 [INFO] [68/121] 창동 신경제 중심지 (primary=KEY_4)
2026-07-02 01:58:51,155 [INFO] [69/121] 청담동 명품거리 (primary=KEY_1)
2026-07-02 01:58:53,067 [INFO] [70/121] 청량리 제기동 일대 전통시장 (primary=KEY_2)
2026-07-02 01:58:54,416 [INFO] [71/121] 해방촌·경리단길 (primary=KEY_3)
2026-07-02 01:58:55,582 [INFO] [72/121] DDP(동대문디자인플라자) (primary=KEY_4)
2026-07-02 01:58:56,970 [INFO] [73/121] DMC(디지털미디어시티) (primary=KEY_1)
2026-07-02 01:58:58,524 [INFO] [74/121] 가산디지털단지역 (primary=KEY_2)
2026-07-02 01:59:00,081 [INFO] [75/121] 강남역 (primary=KEY_3)
2026-07-02 01:59:01,618 [INFO] [76/121] 건대입구역 (primary=KEY_4)
2026-07-02 01:59:02,989 [INFO] [77/121] 고덕역 (primary=KEY_1)
2026-07-02 01:59:04,142 [INFO] [78/121] 고속터미널역 (primary=KEY_2)
2026-07-02 01:59:05,310 [INFO] [79/121] 교대역 (primary=KEY_3)
2026-07-02 01:59:07,231 [INFO] [80/121] 구로디지털단지역 (primary=KEY_4)
2026-07-02 01:59:09,703 [INFO] [81/121] 구로역 (primary=KEY_1)
2026-07-02 01:59:10,871 [INFO] [82/121] 군자역 (primary=KEY_2)
2026-07-02 01:59:12,041 [INFO] [83/121] 대림역 (primary=KEY_3)
2026-07-02 01:59:13,216 [INFO] [84/121] 동대문역 (primary=KEY_4)
2026-07-02 01:59:14,378 [INFO] [85/121] 뚝섬역 (primary=KEY_1)
2026-07-02 01:59:15,732 [INFO] [86/121] 미아사거리역 (primary=KEY_2)
2026-07-02 01:59:17,068 [INFO] [87/121] 발산역 (primary=KEY_3)
2026-07-02 01:59:18,629 [INFO] [88/121] 사당역 (primary=KEY_4)
2026-07-02 01:59:19,977 [INFO] [89/121] 삼각지역 (primary=KEY_1)
2026-07-02 01:59:21,131 [INFO] [90/121] 서울대입구역 (primary=KEY_2)
2026-07-02 01:59:22,297 [INFO] [91/121] 서울식물원·마곡나루역 (primary=KEY_3)
2026-07-02 01:59:23,657 [INFO] [92/121] 서울역 (primary=KEY_4)
2026-07-02 01:59:25,024 [INFO] [93/121] 선릉역 (primary=KEY_1)
2026-07-02 01:59:26,610 [INFO] [94/121] 성신여대입구역 (primary=KEY_2)
2026-07-02 01:59:27,776 [INFO] [95/121] 수유역 (primary=KEY_3)
2026-07-02 01:59:29,103 [INFO] [96/121] 숭례문 (primary=KEY_4)
2026-07-02 01:59:30,459 [INFO] [97/121] 시의회 앞 (primary=KEY_1)
2026-07-02 01:59:31,801 [INFO] [98/121] 신논현역·논현역 (primary=KEY_2)
2026-07-02 01:59:33,166 [INFO] [99/121] 신도림역 (primary=KEY_3)
2026-07-02 01:59:34,319 [INFO] [100/121] 신림역 (primary=KEY_4)
2026-07-02 01:59:35,474 [INFO] [101/121] 신정네거리역 (primary=KEY_1)
2026-07-02 01:59:36,616 [INFO] [102/121] 신촌·이대역 (primary=KEY_2)
2026-07-02 01:59:37,951 [INFO] [103/121] 쌍문역 (primary=KEY_3)
2026-07-02 01:59:39,095 [INFO] [104/121] 양재역 (primary=KEY_4)
2026-07-02 01:59:40,259 [INFO] [105/121] 역삼역 (primary=KEY_1)
2026-07-02 01:59:41,624 [INFO] [106/121] 연신내역 (primary=KEY_2)
2026-07-02 01:59:42,804 [INFO] [107/121] 오목교역·목동운동장 (primary=KEY_3)
2026-07-02 01:59:44,331 [INFO] [108/121] 왕십리역 (primary=KEY_4)
2026-07-02 01:59:45,680 [INFO] [109/121] 용산역 (primary=KEY_1)
2026-07-02 01:59:47,060 [INFO] [110/121] 이태원역 (primary=KEY_2)
2026-07-02 01:59:48,237 [INFO] [111/121] 잠실새내역 (primary=KEY_3)
2026-07-02 01:59:49,568 [INFO] [112/121] 잠실역 (primary=KEY_4)
2026-07-02 01:59:50,920 [INFO] [113/121] 장지역 (primary=KEY_1)
2026-07-02 01:59:53,014 [INFO] [114/121] 장한평역 (primary=KEY_2)
2026-07-02 01:59:54,362 [INFO] [115/121] 천호역 (primary=KEY_3)
2026-07-02 01:59:55,735 [INFO] [116/121] 총신대입구(이수)역 (primary=KEY_4)
2026-07-02 01:59:57,149 [INFO] [117/121] 충정로역 (primary=KEY_1)
2026-07-02 01:59:58,320 [INFO] [118/121] 합정역 (primary=KEY_2)
2026-07-02 01:59:59,657 [INFO] [119/121] 혜화역 (primary=KEY_3)
2026-07-02 02:00:00,830 [INFO] [120/121] 홍대입구역(2호선) (primary=KEY_4)
2026-07-02 02:00:01,984 [INFO] [121/121] 회기역 (primary=KEY_1)
2026-07-02 02:00:04,029 [INFO] === 수집 완료 | 성공 121, 실패 0 ===
2026-07-02 02:00:04,029 [INFO] 카테고리별 저장 결과:
2026-07-02 02:00:04,029 [INFO]    accident                  | 신규     4행 | 누적      8행 | 16컬럼
2026-07-02 02:00:04,029 [INFO]    area_meta                 | 신규   121행 | 누적    242행 | 5컬럼
2026-07-02 02:00:04,030 [INFO]    bike                      | 신규    12행 | 누적     24행 | 12컬럼
2026-07-02 02:00:04,030 [INFO]    bike_sbike_stts           | 신규   553행 | 누적   1106행 | 12컬럼
2026-07-02 02:00:04,030 [INFO]    bus                       | 신규     3행 | 누적      6행 | 11컬럼
2026-07-02 02:00:04,030 [INFO]    bus_bus_stn_stts          | 신규  1745행 | 누적   3490행 | 11컬럼
2026-07-02 02:00:04,030 [INFO]    charger                   | 신규    25행 | 누적     50행 | 15컬럼
2026-07-02 02:00:04,030 [INFO]    charger_charger_stts      | 신규   340행 | 누적    676행 | 15컬럼
2026-07-02 02:00:04,030 [INFO]    cmrcl                     | 신규    82행 | 누적    164행 | 20컬럼
2026-07-02 02:00:04,030 [INFO]    events                    | 신규    10행 | 누적     20행 | 14컬럼
2026-07-02 02:00:04,030 [INFO]    events_event_stts         | 신규   119행 | 누적    238행 | 14컬럼
2026-07-02 02:00:04,030 [INFO]    parking                   | 신규     6행 | 누적     12행 | 21컬럼
2026-07-02 02:00:04,030 [INFO]    parking_prk_stts          | 신규  1833행 | 누적   3666행 | 21컬럼
2026-07-02 02:00:04,030 [INFO]    ppltn                     | 신규   121행 | 누적    242행 | 26컬럼
2026-07-02 02:00:04,030 [INFO]    road                      | 신규   121행 | 누적    242행 | 21컬럼
2026-07-02 02:00:04,030 [INFO]    road_road_traffic_stts    | 신규  5261행 | 누적  10522행 | 17컬럼
2026-07-02 02:00:04,030 [INFO]    subway                    | 신규    38행 | 누적     76행 | 12컬럼
2026-07-02 02:00:04,030 [INFO]    subway_sub_stts           | 신규   183행 | 누적    366행 | 13컬럼
2026-07-02 02:00:04,030 [INFO]    weather                   | 신규   119행 | 누적    238행 | 29컬럼
2026-07-02 02:00:04,030 [INFO] 키별 사용량:
2026-07-02 02:00:04,030 [INFO]    🟢 KEY_1 (31/1000) 
2026-07-02 02:00:04,030 [INFO]    🟢 KEY_2 (30/1000) 
2026-07-02 02:00:04,030 [INFO]    🟢 KEY_3 (30/1000) 
2026-07-02 02:00:04,030 [INFO]    🟢 KEY_4 (30/1000) 
2026-07-02 02:45:00,198 [INFO] 등록된 키: 4개, 합산 한도 4,000건/일
2026-07-02 02:45:00,199 [INFO] POI 로드: 매뉴얼 v8.5 기준 fallback 121개 (121개 전체)
2026-07-02 02:45:00,199 [INFO] === 수집 시작 2026-07-02T02:45:00.199696+09:00 ===
2026-07-02 02:45:00,199 [INFO] 대상 장소: 121개 | API: citydata (통합)
2026-07-02 02:45:00,199 [INFO] 키 풀: 4/4 활성 | 오늘 사용 0/4000건
2026-07-02 02:45:00,199 [INFO]   [KEY_1] 담당 31장소
2026-07-02 02:45:00,199 [INFO]   [KEY_2] 담당 30장소
2026-07-02 02:45:00,200 [INFO]   [KEY_3] 담당 30장소
2026-07-02 02:45:00,200 [INFO]   [KEY_4] 담당 30장소
2026-07-02 02:45:00,200 [INFO] [1/121] 경복궁 (primary=KEY_1)
2026-07-02 02:45:02,121 [INFO] [2/121] 광화문·덕수궁 (primary=KEY_2)
2026-07-02 02:45:04,597 [INFO] [3/121] 보신각 (primary=KEY_3)
2026-07-02 02:45:06,675 [INFO] [4/121] 서울 암사동 유적 (primary=KEY_4)
2026-07-02 02:45:07,799 [INFO] [5/121] 창덕궁·종묘 (primary=KEY_1)
2026-07-02 02:45:09,685 [INFO] [6/121] 강남 MICE 관광특구 (primary=KEY_2)
2026-07-02 02:45:11,202 [INFO] [7/121] 동대문 관광특구 (primary=KEY_3)
2026-07-02 02:45:13,512 [INFO] [8/121] 명동 관광특구 (primary=KEY_4)
2026-07-02 02:45:16,594 [INFO] [9/121] 이태원 관광특구 (primary=KEY_1)
2026-07-02 02:45:19,052 [INFO] [10/121] 잠실 관광특구 (primary=KEY_2)
2026-07-02 02:45:21,566 [INFO] [11/121] 종로·청계 관광특구 (primary=KEY_3)
2026-07-02 02:45:23,698 [INFO] [12/121] 홍대 관광특구 (primary=KEY_4)
2026-07-02 02:45:25,260 [INFO] [13/121] 강서한강공원 (primary=KEY_1)
2026-07-02 02:45:26,395 [INFO] [14/121] 고척돔 (primary=KEY_2)
2026-07-02 02:45:27,527 [INFO] [15/121] 광나루한강공원 (primary=KEY_3)
2026-07-02 02:45:29,962 [INFO] [16/121] 광화문광장 (primary=KEY_4)
2026-07-02 02:45:31,289 [INFO] [17/121] 국립중앙박물관·용산가족공원 (primary=KEY_1)
2026-07-02 02:45:32,424 [INFO] [18/121] 난지한강공원 (primary=KEY_2)
2026-07-02 02:45:34,681 [INFO] [19/121] 남산공원 (primary=KEY_3)
2026-07-02 02:45:36,985 [INFO] [20/121] 노들섬 (primary=KEY_4)
2026-07-02 02:45:38,109 [INFO] [21/121] 뚝섬한강공원 (primary=KEY_1)
2026-07-02 02:45:39,252 [INFO] [22/121] 망원한강공원 (primary=KEY_2)
2026-07-02 02:45:40,599 [INFO] [23/121] 반포한강공원 (primary=KEY_3)
2026-07-02 02:45:41,736 [INFO] [24/121] 보라매공원 (primary=KEY_4)
2026-07-02 02:45:43,664 [INFO] [25/121] 북서울꿈의숲 (primary=KEY_1)
2026-07-02 02:45:45,741 [INFO] [26/121] 서대문독립공원 (primary=KEY_2)
2026-07-02 02:45:46,889 [INFO] [27/121] 서리풀공원·몽마르뜨공원 (primary=KEY_3)
2026-07-02 02:45:48,812 [INFO] [28/121] 서울대공원 (primary=KEY_4)
2026-07-02 02:45:49,937 [INFO] [29/121] 서울숲공원 (primary=KEY_1)
2026-07-02 02:45:52,235 [INFO] [30/121] 송현녹지광장 (primary=KEY_2)
2026-07-02 02:45:53,563 [INFO] [31/121] 아차산 (primary=KEY_3)
2026-07-02 02:45:54,696 [INFO] [32/121] 안양천 (primary=KEY_4)
2026-07-02 02:45:55,850 [INFO] [33/121] 양화한강공원 (primary=KEY_1)
2026-07-02 02:45:56,990 [INFO] [34/121] 어린이대공원 (primary=KEY_2)
2026-07-02 02:45:58,321 [INFO] [35/121] 여의도한강공원 (primary=KEY_3)
2026-07-02 02:45:59,637 [INFO] [36/121] 여의서로 (primary=KEY_4)
2026-07-02 02:46:02,089 [INFO] [37/121] 올림픽공원 (primary=KEY_1)
2026-07-02 02:46:03,449 [INFO] [38/121] 월드컵공원 (primary=KEY_2)
2026-07-02 02:46:06,126 [INFO] [39/121] 응봉산 (primary=KEY_3)
2026-07-02 02:46:07,439 [INFO] [40/121] 이촌한강공원 (primary=KEY_4)
2026-07-02 02:46:08,563 [INFO] [41/121] 잠실종합운동장 (primary=KEY_1)
2026-07-02 02:46:09,726 [INFO] [42/121] 잠실한강공원 (primary=KEY_2)
2026-07-02 02:46:10,866 [INFO] [43/121] 잠원한강공원 (primary=KEY_3)
2026-07-02 02:46:11,996 [INFO] [44/121] 청계산 (primary=KEY_4)
2026-07-02 02:46:14,254 [INFO] [45/121] 홍제폭포 (primary=KEY_1)
2026-07-02 02:46:16,336 [INFO] [46/121] 가락시장 (primary=KEY_2)
2026-07-02 02:46:18,436 [INFO] [47/121] 가로수길 (primary=KEY_3)
2026-07-02 02:46:20,545 [INFO] [48/121] 광장(전통)시장 (primary=KEY_4)
2026-07-02 02:46:21,700 [INFO] [49/121] 김포공항 (primary=KEY_1)
2026-07-02 02:46:23,247 [INFO] [50/121] 남대문시장 (primary=KEY_2)
2026-07-02 02:46:24,587 [INFO] [51/121] 노량진 (primary=KEY_3)
2026-07-02 02:46:25,933 [INFO] [52/121] 덕수궁길·정동길 (primary=KEY_4)
2026-07-02 02:46:27,272 [INFO] [53/121] 북창동 먹자골목 (primary=KEY_1)
2026-07-02 02:46:28,742 [INFO] [54/121] 북촌한옥마을 (primary=KEY_2)
2026-07-02 02:46:30,285 [INFO] [55/121] 서촌 (primary=KEY_3)
2026-07-02 02:46:31,626 [INFO] [56/121] 성수카페거리 (primary=KEY_4)
2026-07-02 02:46:33,180 [INFO] [57/121] 송리단길·호수단길 (primary=KEY_1)
2026-07-02 02:46:34,537 [INFO] [58/121] 신촌 스타광장 (primary=KEY_2)
2026-07-02 02:46:35,699 [INFO] [59/121] 압구정로데오거리 (primary=KEY_3)
2026-07-02 02:46:38,174 [INFO] [60/121] 여의도 (primary=KEY_4)
2026-07-02 02:46:40,374 [INFO] [61/121] 연남동 (primary=KEY_1)
2026-07-02 02:46:41,703 [INFO] [62/121] 영등포 타임스퀘어 (primary=KEY_2)
2026-07-02 02:46:43,051 [INFO] [63/121] 용리단길 (primary=KEY_3)
2026-07-02 02:46:44,804 [INFO] [64/121] 이태원 앤틱가구거리 (primary=KEY_4)
2026-07-02 02:46:45,973 [INFO] [65/121] 익선동 (primary=KEY_1)
2026-07-02 02:46:47,327 [INFO] [66/121] 인사동 (primary=KEY_2)
2026-07-02 02:46:48,879 [INFO] [67/121] 잠실롯데타워·석촌호수 (primary=KEY_3)
2026-07-02 02:46:50,611 [INFO] [68/121] 창동 신경제 중심지 (primary=KEY_4)
2026-07-02 02:46:52,360 [INFO] [69/121] 청담동 명품거리 (primary=KEY_1)
2026-07-02 02:46:54,676 [INFO] [70/121] 청량리 제기동 일대 전통시장 (primary=KEY_2)
2026-07-02 02:46:56,068 [INFO] [71/121] 해방촌·경리단길 (primary=KEY_3)
2026-07-02 02:46:58,009 [INFO] [72/121] DDP(동대문디자인플라자) (primary=KEY_4)
2026-07-02 02:46:59,352 [INFO] [73/121] DMC(디지털미디어시티) (primary=KEY_1)
2026-07-02 02:47:01,126 [INFO] [74/121] 가산디지털단지역 (primary=KEY_2)
2026-07-02 02:47:03,053 [INFO] [75/121] 강남역 (primary=KEY_3)
2026-07-02 02:47:04,604 [INFO] [76/121] 건대입구역 (primary=KEY_4)
2026-07-02 02:47:05,954 [INFO] [77/121] 고덕역 (primary=KEY_1)
2026-07-02 02:47:07,280 [INFO] [78/121] 고속터미널역 (primary=KEY_2)
2026-07-02 02:47:09,389 [INFO] [79/121] 교대역 (primary=KEY_3)
2026-07-02 02:47:10,542 [INFO] [80/121] 구로디지털단지역 (primary=KEY_4)
2026-07-02 02:47:13,017 [INFO] [81/121] 구로역 (primary=KEY_1)
2026-07-02 02:47:15,140 [INFO] [82/121] 군자역 (primary=KEY_2)
2026-07-02 02:47:17,844 [INFO] [83/121] 대림역 (primary=KEY_3)
2026-07-02 02:47:19,947 [INFO] [84/121] 동대문역 (primary=KEY_4)
2026-07-02 02:47:22,439 [INFO] [85/121] 뚝섬역 (primary=KEY_1)
2026-07-02 02:47:23,780 [INFO] [86/121] 미아사거리역 (primary=KEY_2)
2026-07-02 02:47:25,140 [INFO] [87/121] 발산역 (primary=KEY_3)
2026-07-02 02:47:27,627 [INFO] [88/121] 사당역 (primary=KEY_4)
2026-07-02 02:47:29,749 [INFO] [89/121] 삼각지역 (primary=KEY_1)
2026-07-02 02:47:32,031 [INFO] [90/121] 서울대입구역 (primary=KEY_2)
2026-07-02 02:47:33,962 [INFO] [91/121] 서울식물원·마곡나루역 (primary=KEY_3)
2026-07-02 02:47:36,262 [INFO] [92/121] 서울역 (primary=KEY_4)
2026-07-02 02:47:38,403 [INFO] [93/121] 선릉역 (primary=KEY_1)
2026-07-02 02:47:41,318 [INFO] [94/121] 성신여대입구역 (primary=KEY_2)
2026-07-02 02:47:43,618 [INFO] [95/121] 수유역 (primary=KEY_3)
2026-07-02 02:47:44,976 [INFO] [96/121] 숭례문 (primary=KEY_4)
2026-07-02 02:47:46,530 [INFO] [97/121] 시의회 앞 (primary=KEY_1)
2026-07-02 02:47:47,885 [INFO] [98/121] 신논현역·논현역 (primary=KEY_2)
2026-07-02 02:47:49,306 [INFO] [99/121] 신도림역 (primary=KEY_3)
2026-07-02 02:47:50,473 [INFO] [100/121] 신림역 (primary=KEY_4)
2026-07-02 02:47:51,643 [INFO] [101/121] 신정네거리역 (primary=KEY_1)
2026-07-02 02:47:52,992 [INFO] [102/121] 신촌·이대역 (primary=KEY_2)
2026-07-02 02:47:55,305 [INFO] [103/121] 쌍문역 (primary=KEY_3)
2026-07-02 02:47:57,237 [INFO] [104/121] 양재역 (primary=KEY_4)
2026-07-02 02:47:58,579 [INFO] [105/121] 역삼역 (primary=KEY_1)
2026-07-02 02:48:00,859 [INFO] [106/121] 연신내역 (primary=KEY_2)
2026-07-02 02:48:03,149 [INFO] [107/121] 오목교역·목동운동장 (primary=KEY_3)
2026-07-02 02:48:05,847 [INFO] [108/121] 왕십리역 (primary=KEY_4)
2026-07-02 02:48:07,228 [INFO] [109/121] 용산역 (primary=KEY_1)
2026-07-02 02:48:09,523 [INFO] [110/121] 이태원역 (primary=KEY_2)
2026-07-02 02:48:10,667 [INFO] [111/121] 잠실새내역 (primary=KEY_3)
2026-07-02 02:48:13,182 [INFO] [112/121] 잠실역 (primary=KEY_4)
2026-07-02 02:48:14,709 [INFO] [113/121] 장지역 (primary=KEY_1)
2026-07-02 02:48:17,001 [INFO] [114/121] 장한평역 (primary=KEY_2)
2026-07-02 02:48:18,354 [INFO] [115/121] 천호역 (primary=KEY_3)
2026-07-02 02:48:19,712 [INFO] [116/121] 총신대입구(이수)역 (primary=KEY_4)
2026-07-02 02:48:21,057 [INFO] [117/121] 충정로역 (primary=KEY_1)
2026-07-02 02:48:22,416 [INFO] [118/121] 합정역 (primary=KEY_2)
2026-07-02 02:48:23,778 [INFO] [119/121] 혜화역 (primary=KEY_3)
2026-07-02 02:48:25,113 [INFO] [120/121] 홍대입구역(2호선) (primary=KEY_4)
2026-07-02 02:48:26,470 [INFO] [121/121] 회기역 (primary=KEY_1)
2026-07-02 02:48:29,320 [INFO] === 수집 완료 | 성공 121, 실패 0 ===
2026-07-02 02:48:29,320 [INFO] 카테고리별 저장 결과:
2026-07-02 02:48:29,320 [INFO]    accident                  | 신규     4행 | 누적     12행 | 16컬럼
2026-07-02 02:48:29,320 [INFO]    area_meta                 | 신규   121행 | 누적    363행 | 5컬럼
2026-07-02 02:48:29,320 [INFO]    bike                      | 신규    12행 | 누적     36행 | 12컬럼
2026-07-02 02:48:29,320 [INFO]    bike_sbike_stts           | 신규   553행 | 누적   1659행 | 12컬럼
2026-07-02 02:48:29,320 [INFO]    bus                       | 신규     3행 | 누적      9행 | 11컬럼
2026-07-02 02:48:29,320 [INFO]    bus_bus_stn_stts          | 신규  1745행 | 누적   5235행 | 11컬럼
2026-07-02 02:48:29,320 [INFO]    charger                   | 신규     6행 | 누적     56행 | 15컬럼
2026-07-02 02:48:29,320 [INFO]    charger_charger_stts      | 신규  1860행 | 누적   2522행 | 15컬럼
2026-07-02 02:48:29,320 [INFO]    cmrcl                     | 신규    82행 | 누적    246행 | 20컬럼
2026-07-02 02:48:29,320 [INFO]    events                    | 신규    10행 | 누적     30행 | 14컬럼
2026-07-02 02:48:29,321 [INFO]    events_event_stts         | 신규   119행 | 누적    357행 | 14컬럼
2026-07-02 02:48:29,321 [INFO]    parking                   | 신규     6행 | 누적     18행 | 21컬럼
2026-07-02 02:48:29,321 [INFO]    parking_prk_stts          | 신규  1833행 | 누적   5499행 | 21컬럼
2026-07-02 02:48:29,321 [INFO]    ppltn                     | 신규   121행 | 누적    363행 | 26컬럼
2026-07-02 02:48:29,321 [INFO]    road                      | 신규   121행 | 누적    363행 | 21컬럼
2026-07-02 02:48:29,321 [INFO]    road_road_traffic_stts    | 신규  5261행 | 누적  15783행 | 17컬럼
2026-07-02 02:48:29,321 [INFO]    subway                    | 신규    38행 | 누적    114행 | 12컬럼
2026-07-02 02:48:29,321 [INFO]    subway_sub_stts           | 신규   183행 | 누적    549행 | 13컬럼
2026-07-02 02:48:29,321 [INFO]    weather                   | 신규   119행 | 누적    357행 | 29컬럼
2026-07-02 02:48:29,321 [INFO] 키별 사용량:
2026-07-02 02:48:29,321 [INFO]    🟢 KEY_1 (31/1000) 
2026-07-02 02:48:29,321 [INFO]    🟢 KEY_2 (30/1000) 
2026-07-02 02:48:29,321 [INFO]    🟢 KEY_3 (30/1000) 
2026-07-02 02:48:29,321 [INFO]    🟢 KEY_4 (30/1000) 
2026-07-02 03:52:26,526 [INFO] 등록된 키: 4개, 합산 한도 4,000건/일
2026-07-02 03:52:26,527 [INFO] POI 로드: 매뉴얼 v8.5 기준 fallback 121개 (121개 전체)
2026-07-02 03:52:26,527 [INFO] === 수집 시작 2026-07-02T03:52:26.527168+09:00 ===
2026-07-02 03:52:26,527 [INFO] 대상 장소: 121개 | API: citydata (통합)
2026-07-02 03:52:26,527 [INFO] 키 풀: 4/4 활성 | 오늘 사용 0/4000건
2026-07-02 03:52:26,527 [INFO]   [KEY_1] 담당 31장소
2026-07-02 03:52:26,527 [INFO]   [KEY_2] 담당 30장소
2026-07-02 03:52:26,527 [INFO]   [KEY_3] 담당 30장소
2026-07-02 03:52:26,527 [INFO]   [KEY_4] 담당 30장소
2026-07-02 03:52:26,527 [INFO] [1/121] 경복궁 (primary=KEY_1)
2026-07-02 03:52:28,269 [INFO] [2/121] 광화문·덕수궁 (primary=KEY_2)
2026-07-02 03:52:30,497 [INFO] [3/121] 보신각 (primary=KEY_3)
2026-07-02 03:52:32,369 [INFO] [4/121] 서울 암사동 유적 (primary=KEY_4)
2026-07-02 03:52:34,071 [INFO] [5/121] 창덕궁·종묘 (primary=KEY_1)
2026-07-02 03:52:35,287 [INFO] [6/121] 강남 MICE 관광특구 (primary=KEY_2)
2026-07-02 03:52:37,179 [INFO] [7/121] 동대문 관광특구 (primary=KEY_3)
2026-07-02 03:52:39,280 [INFO] [8/121] 명동 관광특구 (primary=KEY_4)
2026-07-02 03:52:40,880 [INFO] [9/121] 이태원 관광특구 (primary=KEY_1)
2026-07-02 03:52:42,796 [INFO] [10/121] 잠실 관광특구 (primary=KEY_2)
2026-07-02 03:52:45,075 [INFO] [11/121] 종로·청계 관광특구 (primary=KEY_3)
2026-07-02 03:52:47,174 [INFO] [12/121] 홍대 관광특구 (primary=KEY_4)
2026-07-02 03:52:49,283 [INFO] [13/121] 강서한강공원 (primary=KEY_1)
2026-07-02 03:52:50,336 [INFO] [14/121] 고척돔 (primary=KEY_2)
2026-07-02 03:52:51,546 [INFO] [15/121] 광나루한강공원 (primary=KEY_3)
2026-07-02 03:52:52,755 [INFO] [16/121] 광화문광장 (primary=KEY_4)
2026-07-02 03:52:54,646 [INFO] [17/121] 국립중앙박물관·용산가족공원 (primary=KEY_1)
2026-07-02 03:52:55,716 [INFO] [18/121] 난지한강공원 (primary=KEY_2)
2026-07-02 03:52:57,447 [INFO] [19/121] 남산공원 (primary=KEY_3)
2026-07-02 03:52:59,536 [INFO] [20/121] 노들섬 (primary=KEY_4)
2026-07-02 03:53:01,411 [INFO] [21/121] 뚝섬한강공원 (primary=KEY_1)
2026-07-02 03:53:02,791 [INFO] [22/121] 망원한강공원 (primary=KEY_2)
2026-07-02 03:53:05,009 [INFO] [23/121] 반포한강공원 (primary=KEY_3)
2026-07-02 03:53:06,642 [INFO] [24/121] 보라매공원 (primary=KEY_4)
2026-07-02 03:53:08,358 [INFO] [25/121] 북서울꿈의숲 (primary=KEY_1)
2026-07-02 03:53:09,565 [INFO] [26/121] 서대문독립공원 (primary=KEY_2)
2026-07-02 03:53:11,303 [INFO] [27/121] 서리풀공원·몽마르뜨공원 (primary=KEY_3)
2026-07-02 03:53:12,405 [INFO] [28/121] 서울대공원 (primary=KEY_4)
2026-07-02 03:53:14,104 [INFO] [29/121] 서울숲공원 (primary=KEY_1)
2026-07-02 03:53:15,977 [INFO] [30/121] 송현녹지광장 (primary=KEY_2)
2026-07-02 03:53:17,861 [INFO] [31/121] 아차산 (primary=KEY_3)
2026-07-02 03:53:18,926 [INFO] [32/121] 안양천 (primary=KEY_4)
2026-07-02 03:53:20,641 [INFO] [33/121] 양화한강공원 (primary=KEY_1)
2026-07-02 03:53:22,344 [INFO] [34/121] 어린이대공원 (primary=KEY_2)
2026-07-02 03:53:23,581 [INFO] [35/121] 여의도한강공원 (primary=KEY_3)
2026-07-02 03:53:24,838 [INFO] [36/121] 여의서로 (primary=KEY_4)
2026-07-02 03:53:26,693 [INFO] [37/121] 올림픽공원 (primary=KEY_1)
2026-07-02 03:53:27,966 [INFO] [38/121] 월드컵공원 (primary=KEY_2)
2026-07-02 03:53:29,401 [INFO] [39/121] 응봉산 (primary=KEY_3)
2026-07-02 03:53:31,303 [INFO] [40/121] 이촌한강공원 (primary=KEY_4)
2026-07-02 03:53:33,016 [INFO] [41/121] 잠실종합운동장 (primary=KEY_1)
2026-07-02 03:53:34,074 [INFO] [42/121] 잠실한강공원 (primary=KEY_2)
2026-07-02 03:53:35,132 [INFO] [43/121] 잠원한강공원 (primary=KEY_3)
2026-07-02 03:53:36,181 [INFO] [44/121] 청계산 (primary=KEY_4)
2026-07-02 03:53:37,236 [INFO] [45/121] 홍제폭포 (primary=KEY_1)
2026-07-02 03:53:38,926 [INFO] [46/121] 가락시장 (primary=KEY_2)
2026-07-02 03:53:40,195 [INFO] [47/121] 가로수길 (primary=KEY_3)
2026-07-02 03:53:41,457 [INFO] [48/121] 광장(전통)시장 (primary=KEY_4)
2026-07-02 03:53:42,528 [INFO] [49/121] 김포공항 (primary=KEY_1)
2026-07-02 03:53:43,948 [INFO] [50/121] 남대문시장 (primary=KEY_2)
2026-07-02 03:53:45,208 [INFO] [51/121] 노량진 (primary=KEY_3)
2026-07-02 03:53:46,445 [INFO] [52/121] 덕수궁길·정동길 (primary=KEY_4)
2026-07-02 03:53:47,705 [INFO] [53/121] 북창동 먹자골목 (primary=KEY_1)
2026-07-02 03:53:48,928 [INFO] [54/121] 북촌한옥마을 (primary=KEY_2)
2026-07-02 03:53:50,344 [INFO] [55/121] 서촌 (primary=KEY_3)
2026-07-02 03:53:51,569 [INFO] [56/121] 성수카페거리 (primary=KEY_4)
2026-07-02 03:53:53,608 [INFO] [57/121] 송리단길·호수단길 (primary=KEY_1)
2026-07-02 03:53:54,851 [INFO] [58/121] 신촌 스타광장 (primary=KEY_2)
2026-07-02 03:53:55,914 [INFO] [59/121] 압구정로데오거리 (primary=KEY_3)
2026-07-02 03:53:57,149 [INFO] [60/121] 여의도 (primary=KEY_4)
2026-07-02 03:53:59,111 [INFO] [61/121] 연남동 (primary=KEY_1)
2026-07-02 03:54:00,331 [INFO] [62/121] 영등포 타임스퀘어 (primary=KEY_2)
2026-07-02 03:54:01,568 [INFO] [63/121] 용리단길 (primary=KEY_3)
2026-07-02 03:54:02,649 [INFO] [64/121] 이태원 앤틱가구거리 (primary=KEY_4)
2026-07-02 03:54:03,717 [INFO] [65/121] 익선동 (primary=KEY_1)
2026-07-02 03:54:04,947 [INFO] [66/121] 인사동 (primary=KEY_2)
2026-07-02 03:54:06,341 [INFO] [67/121] 잠실롯데타워·석촌호수 (primary=KEY_3)
2026-07-02 03:54:07,918 [INFO] [68/121] 창동 신경제 중심지 (primary=KEY_4)
2026-07-02 03:54:10,172 [INFO] [69/121] 청담동 명품거리 (primary=KEY_1)
2026-07-02 03:54:11,402 [INFO] [70/121] 청량리 제기동 일대 전통시장 (primary=KEY_2)
2026-07-02 03:54:12,665 [INFO] [71/121] 해방촌·경리단길 (primary=KEY_3)
2026-07-02 03:54:13,734 [INFO] [72/121] DDP(동대문디자인플라자) (primary=KEY_4)
2026-07-02 03:54:14,975 [INFO] [73/121] DMC(디지털미디어시티) (primary=KEY_1)
2026-07-02 03:54:16,568 [INFO] [74/121] 가산디지털단지역 (primary=KEY_2)
2026-07-02 03:54:18,323 [INFO] [75/121] 강남역 (primary=KEY_3)
2026-07-02 03:54:19,760 [INFO] [76/121] 건대입구역 (primary=KEY_4)
2026-07-02 03:54:21,027 [INFO] [77/121] 고덕역 (primary=KEY_1)
2026-07-02 03:54:22,256 [INFO] [78/121] 고속터미널역 (primary=KEY_2)
2026-07-02 03:54:23,504 [INFO] [79/121] 교대역 (primary=KEY_3)
2026-07-02 03:54:24,586 [INFO] [80/121] 구로디지털단지역 (primary=KEY_4)
2026-07-02 03:54:26,174 [INFO] [81/121] 구로역 (primary=KEY_1)
2026-07-02 03:54:27,398 [INFO] [82/121] 군자역 (primary=KEY_2)
2026-07-02 03:54:28,490 [INFO] [83/121] 대림역 (primary=KEY_3)
2026-07-02 03:54:29,737 [INFO] [84/121] 동대문역 (primary=KEY_4)
2026-07-02 03:54:31,282 [INFO] [85/121] 뚝섬역 (primary=KEY_1)
2026-07-02 03:54:32,509 [INFO] [86/121] 미아사거리역 (primary=KEY_2)
2026-07-02 03:54:33,745 [INFO] [87/121] 발산역 (primary=KEY_3)
2026-07-02 03:54:35,307 [INFO] [88/121] 사당역 (primary=KEY_4)
2026-07-02 03:54:36,538 [INFO] [89/121] 삼각지역 (primary=KEY_1)
2026-07-02 03:54:37,608 [INFO] [90/121] 서울대입구역 (primary=KEY_2)
2026-07-02 03:54:38,848 [INFO] [91/121] 서울식물원·마곡나루역 (primary=KEY_3)
2026-07-02 03:54:40,236 [INFO] [92/121] 서울역 (primary=KEY_4)
2026-07-02 03:54:41,505 [INFO] [93/121] 선릉역 (primary=KEY_1)
2026-07-02 03:54:43,085 [INFO] [94/121] 성신여대입구역 (primary=KEY_2)
2026-07-02 03:54:44,163 [INFO] [95/121] 수유역 (primary=KEY_3)
2026-07-02 03:54:45,391 [INFO] [96/121] 숭례문 (primary=KEY_4)
2026-07-02 03:54:46,807 [INFO] [97/121] 시의회 앞 (primary=KEY_1)
2026-07-02 03:54:48,067 [INFO] [98/121] 신논현역·논현역 (primary=KEY_2)
2026-07-02 03:54:49,315 [INFO] [99/121] 신도림역 (primary=KEY_3)
2026-07-02 03:54:50,385 [INFO] [100/121] 신림역 (primary=KEY_4)
2026-07-02 03:54:51,472 [INFO] [101/121] 신정네거리역 (primary=KEY_1)
2026-07-02 03:54:52,690 [INFO] [102/121] 신촌·이대역 (primary=KEY_2)
2026-07-02 03:54:53,923 [INFO] [103/121] 쌍문역 (primary=KEY_3)
2026-07-02 03:54:55,814 [INFO] [104/121] 양재역 (primary=KEY_4)
2026-07-02 03:54:57,054 [INFO] [105/121] 역삼역 (primary=KEY_1)
2026-07-02 03:54:58,471 [INFO] [106/121] 연신내역 (primary=KEY_2)
2026-07-02 03:54:59,573 [INFO] [107/121] 오목교역·목동운동장 (primary=KEY_3)
2026-07-02 03:55:01,329 [INFO] [108/121] 왕십리역 (primary=KEY_4)
2026-07-02 03:55:02,587 [INFO] [109/121] 용산역 (primary=KEY_1)
2026-07-02 03:55:03,971 [INFO] [110/121] 이태원역 (primary=KEY_2)
2026-07-02 03:55:05,046 [INFO] [111/121] 잠실새내역 (primary=KEY_3)
2026-07-02 03:55:06,307 [INFO] [112/121] 잠실역 (primary=KEY_4)
2026-07-02 03:55:07,721 [INFO] [113/121] 장지역 (primary=KEY_1)
2026-07-02 03:55:09,105 [INFO] [114/121] 장한평역 (primary=KEY_2)
2026-07-02 03:55:10,339 [INFO] [115/121] 천호역 (primary=KEY_3)
2026-07-02 03:55:11,579 [INFO] [116/121] 총신대입구(이수)역 (primary=KEY_4)
2026-07-02 03:55:12,805 [INFO] [117/121] 충정로역 (primary=KEY_1)
2026-07-02 03:55:14,027 [INFO] [118/121] 합정역 (primary=KEY_2)
2026-07-02 03:55:15,261 [INFO] [119/121] 혜화역 (primary=KEY_3)
2026-07-02 03:55:16,474 [INFO] [120/121] 홍대입구역(2호선) (primary=KEY_4)
2026-07-02 03:55:17,712 [INFO] [121/121] 회기역 (primary=KEY_1)
2026-07-02 03:55:19,844 [INFO] === 수집 완료 | 성공 121, 실패 0 ===
2026-07-02 03:55:19,844 [INFO] 카테고리별 저장 결과:
2026-07-02 03:55:19,844 [INFO]    area_meta                 | 신규   121행 | 누적    484행 | 5컬럼
2026-07-02 03:55:19,844 [INFO]    bike                      | 신규    12행 | 누적     48행 | 12컬럼
2026-07-02 03:55:19,844 [INFO]    bike_sbike_stts           | 신규   553행 | 누적   2212행 | 12컬럼
2026-07-02 03:55:19,844 [INFO]    bus                       | 신규     3행 | 누적     12행 | 11컬럼
2026-07-02 03:55:19,844 [INFO]    bus_bus_stn_stts          | 신규  1745행 | 누적   6980행 | 11컬럼
2026-07-02 03:55:19,844 [INFO]    charger                   | 신규     4행 | 누적     60행 | 15컬럼
2026-07-02 03:55:19,844 [INFO]    charger_charger_stts      | 신규  1918행 | 누적   4425행 | 15컬럼
2026-07-02 03:55:19,844 [INFO]    cmrcl                     | 신규    82행 | 누적    328행 | 20컬럼
2026-07-02 03:55:19,844 [INFO]    events                    | 신규    10행 | 누적     40행 | 14컬럼
2026-07-02 03:55:19,844 [INFO]    events_event_stts         | 신규   119행 | 누적    476행 | 14컬럼
2026-07-02 03:55:19,844 [INFO]    parking                   | 신규     6행 | 누적     24행 | 21컬럼
2026-07-02 03:55:19,845 [INFO]    parking_prk_stts          | 신규  1833행 | 누적   7332행 | 21컬럼
2026-07-02 03:55:19,845 [INFO]    ppltn                     | 신규   121행 | 누적    484행 | 26컬럼
2026-07-02 03:55:19,845 [INFO]    road                      | 신규   121행 | 누적    484행 | 21컬럼
2026-07-02 03:55:19,845 [INFO]    road_road_traffic_stts    | 신규  5261행 | 누적  21044행 | 17컬럼
2026-07-02 03:55:19,845 [INFO]    subway                    | 신규    38행 | 누적    152행 | 12컬럼
2026-07-02 03:55:19,845 [INFO]    subway_sub_stts           | 신규   183행 | 누적    732행 | 13컬럼
2026-07-02 03:55:19,845 [INFO]    weather                   | 신규   119행 | 누적    476행 | 29컬럼
2026-07-02 03:55:19,845 [INFO] 키별 사용량:
2026-07-02 03:55:19,845 [INFO]    🟢 KEY_1 (31/1000) 
2026-07-02 03:55:19,845 [INFO]    🟢 KEY_2 (30/1000) 
2026-07-02 03:55:19,845 [INFO]    🟢 KEY_3 (30/1000) 
2026-07-02 03:55:19,845 [INFO]    🟢 KEY_4 (30/1000) 
2026-07-02 04:42:49,380 [INFO] 등록된 키: 4개, 합산 한도 4,000건/일
2026-07-02 04:42:49,381 [INFO] POI 로드: 매뉴얼 v8.5 기준 fallback 121개 (121개 전체)
2026-07-02 04:42:49,381 [INFO] === 수집 시작 2026-07-02T04:42:49.381822+09:00 ===
2026-07-02 04:42:49,381 [INFO] 대상 장소: 121개 | API: citydata (통합)
2026-07-02 04:42:49,382 [INFO] 키 풀: 4/4 활성 | 오늘 사용 0/4000건
2026-07-02 04:42:49,382 [INFO]   [KEY_1] 담당 31장소
2026-07-02 04:42:49,382 [INFO]   [KEY_2] 담당 30장소
2026-07-02 04:42:49,382 [INFO]   [KEY_3] 담당 30장소
2026-07-02 04:42:49,382 [INFO]   [KEY_4] 담당 30장소
2026-07-02 04:42:49,382 [INFO] [1/121] 경복궁 (primary=KEY_1)
2026-07-02 04:42:51,316 [INFO] [2/121] 광화문·덕수궁 (primary=KEY_2)
2026-07-02 04:42:53,501 [INFO] [3/121] 보신각 (primary=KEY_3)
2026-07-02 04:42:54,776 [INFO] [4/121] 서울 암사동 유적 (primary=KEY_4)
2026-07-02 04:42:56,572 [INFO] [5/121] 창덕궁·종묘 (primary=KEY_1)
2026-07-02 04:42:57,844 [INFO] [6/121] 강남 MICE 관광특구 (primary=KEY_2)
2026-07-02 04:42:59,547 [INFO] [7/121] 동대문 관광특구 (primary=KEY_3)
2026-07-02 04:43:01,920 [INFO] [8/121] 명동 관광특구 (primary=KEY_4)
2026-07-02 04:43:04,026 [INFO] [9/121] 이태원 관광특구 (primary=KEY_1)
2026-07-02 04:43:06,014 [INFO] [10/121] 잠실 관광특구 (primary=KEY_2)
2026-07-02 04:43:08,209 [INFO] [11/121] 종로·청계 관광특구 (primary=KEY_3)
2026-07-02 04:43:09,702 [INFO] [12/121] 홍대 관광특구 (primary=KEY_4)
2026-07-02 04:43:11,195 [INFO] [13/121] 강서한강공원 (primary=KEY_1)
2026-07-02 04:43:12,295 [INFO] [14/121] 고척돔 (primary=KEY_2)
2026-07-02 04:43:14,082 [INFO] [15/121] 광나루한강공원 (primary=KEY_3)
2026-07-02 04:43:15,344 [INFO] [16/121] 광화문광장 (primary=KEY_4)
2026-07-02 04:43:16,625 [INFO] [17/121] 국립중앙박물관·용산가족공원 (primary=KEY_1)
2026-07-02 04:43:17,717 [INFO] [18/121] 난지한강공원 (primary=KEY_2)
2026-07-02 04:43:18,819 [INFO] [19/121] 남산공원 (primary=KEY_3)
2026-07-02 04:43:20,287 [INFO] [20/121] 노들섬 (primary=KEY_4)
2026-07-02 04:43:22,097 [INFO] [21/121] 뚝섬한강공원 (primary=KEY_1)
2026-07-02 04:43:23,885 [INFO] [22/121] 망원한강공원 (primary=KEY_2)
2026-07-02 04:43:25,164 [INFO] [23/121] 반포한강공원 (primary=KEY_3)
2026-07-02 04:43:26,251 [INFO] [24/121] 보라매공원 (primary=KEY_4)
2026-07-02 04:43:27,385 [INFO] [25/121] 북서울꿈의숲 (primary=KEY_1)
2026-07-02 04:43:28,482 [INFO] [26/121] 서대문독립공원 (primary=KEY_2)
2026-07-02 04:43:29,586 [INFO] [27/121] 서리풀공원·몽마르뜨공원 (primary=KEY_3)
2026-07-02 04:43:30,718 [INFO] [28/121] 서울대공원 (primary=KEY_4)
2026-07-02 04:43:31,801 [INFO] [29/121] 서울숲공원 (primary=KEY_1)
2026-07-02 04:43:33,070 [INFO] [30/121] 송현녹지광장 (primary=KEY_2)
2026-07-02 04:43:34,341 [INFO] [31/121] 아차산 (primary=KEY_3)
2026-07-02 04:43:35,430 [INFO] [32/121] 안양천 (primary=KEY_4)
2026-07-02 04:43:36,504 [INFO] [33/121] 양화한강공원 (primary=KEY_1)
2026-07-02 04:43:37,587 [INFO] [34/121] 어린이대공원 (primary=KEY_2)
2026-07-02 04:43:38,706 [INFO] [35/121] 여의도한강공원 (primary=KEY_3)
2026-07-02 04:43:39,976 [INFO] [36/121] 여의서로 (primary=KEY_4)
2026-07-02 04:43:41,075 [INFO] [37/121] 올림픽공원 (primary=KEY_1)
2026-07-02 04:43:42,387 [INFO] [38/121] 월드컵공원 (primary=KEY_2)
2026-07-02 04:43:43,852 [INFO] [39/121] 응봉산 (primary=KEY_3)
2026-07-02 04:43:45,111 [INFO] [40/121] 이촌한강공원 (primary=KEY_4)
2026-07-02 04:43:46,206 [INFO] [41/121] 잠실종합운동장 (primary=KEY_1)
2026-07-02 04:43:47,307 [INFO] [42/121] 잠실한강공원 (primary=KEY_2)
2026-07-02 04:43:48,413 [INFO] [43/121] 잠원한강공원 (primary=KEY_3)
2026-07-02 04:43:49,506 [INFO] [44/121] 청계산 (primary=KEY_4)
2026-07-02 04:43:50,585 [INFO] [45/121] 홍제폭포 (primary=KEY_1)
2026-07-02 04:43:52,365 [INFO] [46/121] 가락시장 (primary=KEY_2)
2026-07-02 04:43:53,670 [INFO] [47/121] 가로수길 (primary=KEY_3)
2026-07-02 04:43:54,973 [INFO] [48/121] 광장(전통)시장 (primary=KEY_4)
2026-07-02 04:43:56,093 [INFO] [49/121] 김포공항 (primary=KEY_1)
2026-07-02 04:43:57,394 [INFO] [50/121] 남대문시장 (primary=KEY_2)
2026-07-02 04:43:58,510 [INFO] [51/121] 노량진 (primary=KEY_3)
2026-07-02 04:43:59,631 [INFO] [52/121] 덕수궁길·정동길 (primary=KEY_4)
2026-07-02 04:44:00,923 [INFO] [53/121] 북창동 먹자골목 (primary=KEY_1)
2026-07-02 04:44:02,024 [INFO] [54/121] 북촌한옥마을 (primary=KEY_2)
2026-07-02 04:44:03,315 [INFO] [55/121] 서촌 (primary=KEY_3)
2026-07-02 04:44:04,590 [INFO] [56/121] 성수카페거리 (primary=KEY_4)
2026-07-02 04:44:05,885 [INFO] [57/121] 송리단길·호수단길 (primary=KEY_1)
2026-07-02 04:44:07,342 [INFO] [58/121] 신촌 스타광장 (primary=KEY_2)
2026-07-02 04:44:08,448 [INFO] [59/121] 압구정로데오거리 (primary=KEY_3)
2026-07-02 04:44:09,750 [INFO] [60/121] 여의도 (primary=KEY_4)
2026-07-02 04:44:11,625 [INFO] [61/121] 연남동 (primary=KEY_1)
2026-07-02 04:44:12,897 [INFO] [62/121] 영등포 타임스퀘어 (primary=KEY_2)
2026-07-02 04:44:14,162 [INFO] [63/121] 용리단길 (primary=KEY_3)
2026-07-02 04:44:15,308 [INFO] [64/121] 이태원 앤틱가구거리 (primary=KEY_4)
2026-07-02 04:44:16,413 [INFO] [65/121] 익선동 (primary=KEY_1)
2026-07-02 04:44:17,700 [INFO] [66/121] 인사동 (primary=KEY_2)
2026-07-02 04:44:18,997 [INFO] [67/121] 잠실롯데타워·석촌호수 (primary=KEY_3)
2026-07-02 04:44:20,295 [INFO] [68/121] 창동 신경제 중심지 (primary=KEY_4)
2026-07-02 04:44:21,781 [INFO] [69/121] 청담동 명품거리 (primary=KEY_1)
2026-07-02 04:44:23,058 [INFO] [70/121] 청량리 제기동 일대 전통시장 (primary=KEY_2)
2026-07-02 04:44:24,348 [INFO] [71/121] 해방촌·경리단길 (primary=KEY_3)
2026-07-02 04:44:25,454 [INFO] [72/121] DDP(동대문디자인플라자) (primary=KEY_4)
2026-07-02 04:44:26,782 [INFO] [73/121] DMC(디지털미디어시티) (primary=KEY_1)
2026-07-02 04:44:28,285 [INFO] [74/121] 가산디지털단지역 (primary=KEY_2)
2026-07-02 04:44:29,762 [INFO] [75/121] 강남역 (primary=KEY_3)
2026-07-02 04:44:31,264 [INFO] [76/121] 건대입구역 (primary=KEY_4)
2026-07-02 04:44:32,545 [INFO] [77/121] 고덕역 (primary=KEY_1)
2026-07-02 04:44:33,830 [INFO] [78/121] 고속터미널역 (primary=KEY_2)
2026-07-02 04:44:34,973 [INFO] [79/121] 교대역 (primary=KEY_3)
2026-07-02 04:44:36,089 [INFO] [80/121] 구로디지털단지역 (primary=KEY_4)
2026-07-02 04:44:37,380 [INFO] [81/121] 구로역 (primary=KEY_1)
2026-07-02 04:44:38,484 [INFO] [82/121] 군자역 (primary=KEY_2)
2026-07-02 04:44:39,622 [INFO] [83/121] 대림역 (primary=KEY_3)
2026-07-02 04:44:40,751 [INFO] [84/121] 동대문역 (primary=KEY_4)
2026-07-02 04:44:42,049 [INFO] [85/121] 뚝섬역 (primary=KEY_1)
2026-07-02 04:44:43,328 [INFO] [86/121] 미아사거리역 (primary=KEY_2)
2026-07-02 04:44:44,614 [INFO] [87/121] 발산역 (primary=KEY_3)
2026-07-02 04:44:46,068 [INFO] [88/121] 사당역 (primary=KEY_4)
2026-07-02 04:44:47,349 [INFO] [89/121] 삼각지역 (primary=KEY_1)
2026-07-02 04:44:48,464 [INFO] [90/121] 서울대입구역 (primary=KEY_2)
2026-07-02 04:44:49,567 [INFO] [91/121] 서울식물원·마곡나루역 (primary=KEY_3)
2026-07-02 04:44:50,849 [INFO] [92/121] 서울역 (primary=KEY_4)
2026-07-02 04:44:52,173 [INFO] [93/121] 선릉역 (primary=KEY_1)
2026-07-02 04:44:53,653 [INFO] [94/121] 성신여대입구역 (primary=KEY_2)
2026-07-02 04:44:54,782 [INFO] [95/121] 수유역 (primary=KEY_3)
2026-07-02 04:44:56,066 [INFO] [96/121] 숭례문 (primary=KEY_4)
2026-07-02 04:44:57,349 [INFO] [97/121] 시의회 앞 (primary=KEY_1)
2026-07-02 04:44:58,642 [INFO] [98/121] 신논현역·논현역 (primary=KEY_2)
2026-07-02 04:44:59,928 [INFO] [99/121] 신도림역 (primary=KEY_3)
2026-07-02 04:45:01,014 [INFO] [100/121] 신림역 (primary=KEY_4)
2026-07-02 04:45:02,146 [INFO] [101/121] 신정네거리역 (primary=KEY_1)
2026-07-02 04:45:03,236 [INFO] [102/121] 신촌·이대역 (primary=KEY_2)
2026-07-02 04:45:04,500 [INFO] [103/121] 쌍문역 (primary=KEY_3)
2026-07-02 04:45:05,596 [INFO] [104/121] 양재역 (primary=KEY_4)
2026-07-02 04:45:06,868 [INFO] [105/121] 역삼역 (primary=KEY_1)
2026-07-02 04:45:08,153 [INFO] [106/121] 연신내역 (primary=KEY_2)
2026-07-02 04:45:09,261 [INFO] [107/121] 오목교역·목동운동장 (primary=KEY_3)
2026-07-02 04:45:10,707 [INFO] [108/121] 왕십리역 (primary=KEY_4)
2026-07-02 04:45:12,002 [INFO] [109/121] 용산역 (primary=KEY_1)
2026-07-02 04:45:13,274 [INFO] [110/121] 이태원역 (primary=KEY_2)
2026-07-02 04:45:14,359 [INFO] [111/121] 잠실새내역 (primary=KEY_3)
2026-07-02 04:45:15,627 [INFO] [112/121] 잠실역 (primary=KEY_4)
2026-07-02 04:45:17,091 [INFO] [113/121] 장지역 (primary=KEY_1)
2026-07-02 04:45:18,537 [INFO] [114/121] 장한평역 (primary=KEY_2)
2026-07-02 04:45:19,799 [INFO] [115/121] 천호역 (primary=KEY_3)
2026-07-02 04:45:21,155 [INFO] [116/121] 총신대입구(이수)역 (primary=KEY_4)
2026-07-02 04:45:22,431 [INFO] [117/121] 충정로역 (primary=KEY_1)
2026-07-02 04:45:23,716 [INFO] [118/121] 합정역 (primary=KEY_2)
2026-07-02 04:45:24,996 [INFO] [119/121] 혜화역 (primary=KEY_3)
2026-07-02 04:45:26,270 [INFO] [120/121] 홍대입구역(2호선) (primary=KEY_4)
2026-07-02 04:45:27,570 [INFO] [121/121] 회기역 (primary=KEY_1)
2026-07-02 04:45:29,996 [INFO] === 수집 완료 | 성공 121, 실패 0 ===
2026-07-02 04:45:29,997 [INFO] 카테고리별 저장 결과:
2026-07-02 04:45:29,997 [INFO]    accident                  | 신규     4행 | 누적     16행 | 16컬럼
2026-07-02 04:45:29,997 [INFO]    area_meta                 | 신규   121행 | 누적    605행 | 5컬럼
2026-07-02 04:45:29,997 [INFO]    bike                      | 신규    12행 | 누적     60행 | 12컬럼
2026-07-02 04:45:29,997 [INFO]    bike_sbike_stts           | 신규   553행 | 누적   2765행 | 12컬럼
2026-07-02 04:45:29,997 [INFO]    bus                       | 신규     3행 | 누적     15행 | 11컬럼
2026-07-02 04:45:29,997 [INFO]    bus_bus_stn_stts          | 신규  1745행 | 누적   8725행 | 11컬럼
2026-07-02 04:45:29,997 [INFO]    charger                   | 신규    22행 | 누적     82행 | 15컬럼
2026-07-02 04:45:29,997 [INFO]    charger_charger_stts      | 신규   459행 | 누적   4881행 | 15컬럼
2026-07-02 04:45:29,997 [INFO]    cmrcl                     | 신규    82행 | 누적    410행 | 20컬럼
2026-07-02 04:45:29,997 [INFO]    events                    | 신규    10행 | 누적     50행 | 14컬럼
2026-07-02 04:45:29,997 [INFO]    events_event_stts         | 신규   119행 | 누적    595행 | 14컬럼
2026-07-02 04:45:29,997 [INFO]    parking                   | 신규     6행 | 누적     30행 | 21컬럼
2026-07-02 04:45:29,997 [INFO]    parking_prk_stts          | 신규  1833행 | 누적   9165행 | 21컬럼
2026-07-02 04:45:29,997 [INFO]    ppltn                     | 신규   121행 | 누적    605행 | 26컬럼
2026-07-02 04:45:29,997 [INFO]    road                      | 신규   121행 | 누적    605행 | 21컬럼
2026-07-02 04:45:29,997 [INFO]    road_road_traffic_stts    | 신규  5261행 | 누적  26305행 | 17컬럼
2026-07-02 04:45:29,998 [INFO]    subway                    | 신규    38행 | 누적    190행 | 13컬럼
2026-07-02 04:45:29,998 [INFO]    subway_sub_stts           | 신규   183행 | 누적    915행 | 13컬럼
2026-07-02 04:45:29,998 [INFO]    weather                   | 신규   119행 | 누적    595행 | 29컬럼
2026-07-02 04:45:29,998 [INFO] 키별 사용량:
2026-07-02 04:45:29,998 [INFO]    🟢 KEY_1 (31/1000) 
2026-07-02 04:45:29,998 [INFO]    🟢 KEY_2 (30/1000) 
2026-07-02 04:45:29,998 [INFO]    🟢 KEY_3 (30/1000) 
2026-07-02 04:45:29,998 [INFO]    🟢 KEY_4 (30/1000) 
2026-07-02 05:44:20,935 [INFO] 등록된 키: 4개, 합산 한도 4,000건/일
2026-07-02 05:44:20,935 [INFO] POI 로드: 매뉴얼 v8.5 기준 fallback 121개 (121개 전체)
2026-07-02 05:44:20,935 [INFO] === 수집 시작 2026-07-02T05:44:20.935931+09:00 ===
2026-07-02 05:44:20,936 [INFO] 대상 장소: 121개 | API: citydata (통합)
2026-07-02 05:44:20,936 [INFO] 키 풀: 4/4 활성 | 오늘 사용 0/4000건
2026-07-02 05:44:20,936 [INFO]   [KEY_1] 담당 31장소
2026-07-02 05:44:20,936 [INFO]   [KEY_2] 담당 30장소
2026-07-02 05:44:20,936 [INFO]   [KEY_3] 담당 30장소
2026-07-02 05:44:20,936 [INFO]   [KEY_4] 담당 30장소
2026-07-02 05:44:20,936 [INFO] [1/121] 경복궁 (primary=KEY_1)
2026-07-02 05:44:22,201 [INFO] [2/121] 광화문·덕수궁 (primary=KEY_2)
2026-07-02 05:44:23,766 [INFO] [3/121] 보신각 (primary=KEY_3)
2026-07-02 05:44:24,894 [INFO] [4/121] 서울 암사동 유적 (primary=KEY_4)
2026-07-02 05:44:25,878 [INFO] [5/121] 창덕궁·종묘 (primary=KEY_1)
2026-07-02 05:44:26,984 [INFO] [6/121] 강남 MICE 관광특구 (primary=KEY_2)
2026-07-02 05:44:28,686 [INFO] [7/121] 동대문 관광특구 (primary=KEY_3)
2026-07-02 05:44:30,293 [INFO] [8/121] 명동 관광특구 (primary=KEY_4)
2026-07-02 05:44:31,922 [INFO] [9/121] 이태원 관광특구 (primary=KEY_1)
2026-07-02 05:44:33,190 [INFO] [10/121] 잠실 관광특구 (primary=KEY_2)
2026-07-02 05:44:35,032 [INFO] [11/121] 종로·청계 관광특구 (primary=KEY_3)
2026-07-02 05:44:36,491 [INFO] [12/121] 홍대 관광특구 (primary=KEY_4)
2026-07-02 05:44:38,463 [INFO] [13/121] 강서한강공원 (primary=KEY_1)
2026-07-02 05:44:39,991 [INFO] [14/121] 고척돔 (primary=KEY_2)
2026-07-02 05:44:40,962 [INFO] [15/121] 광나루한강공원 (primary=KEY_3)
2026-07-02 05:44:42,209 [INFO] [16/121] 광화문광장 (primary=KEY_4)
2026-07-02 05:44:44,152 [INFO] [17/121] 국립중앙박물관·용산가족공원 (primary=KEY_1)
2026-07-02 05:44:45,956 [INFO] [18/121] 난지한강공원 (primary=KEY_2)
2026-07-02 05:44:47,469 [INFO] [19/121] 남산공원 (primary=KEY_3)
2026-07-02 05:44:48,740 [INFO] [20/121] 노들섬 (primary=KEY_4)
2026-07-02 05:44:50,375 [INFO] [21/121] 뚝섬한강공원 (primary=KEY_1)
2026-07-02 05:44:51,350 [INFO] [22/121] 망원한강공원 (primary=KEY_2)
2026-07-02 05:44:53,016 [INFO] [23/121] 반포한강공원 (primary=KEY_3)
2026-07-02 05:44:53,978 [INFO] [24/121] 보라매공원 (primary=KEY_4)
2026-07-02 05:44:55,000 [INFO] [25/121] 북서울꿈의숲 (primary=KEY_1)
2026-07-02 05:44:55,967 [INFO] [26/121] 서대문독립공원 (primary=KEY_2)
2026-07-02 05:44:56,936 [INFO] [27/121] 서리풀공원·몽마르뜨공원 (primary=KEY_3)
2026-07-02 05:44:58,501 [INFO] [28/121] 서울대공원 (primary=KEY_4)
2026-07-02 05:44:59,478 [INFO] [29/121] 서울숲공원 (primary=KEY_1)
2026-07-02 05:45:01,137 [INFO] [30/121] 송현녹지광장 (primary=KEY_2)
2026-07-02 05:45:02,265 [INFO] [31/121] 아차산 (primary=KEY_3)
2026-07-02 05:45:03,225 [INFO] [32/121] 안양천 (primary=KEY_4)
2026-07-02 05:45:04,187 [INFO] [33/121] 양화한강공원 (primary=KEY_1)
2026-07-02 05:45:05,141 [INFO] [34/121] 어린이대공원 (primary=KEY_2)
2026-07-02 05:45:06,130 [INFO] [35/121] 여의도한강공원 (primary=KEY_3)
2026-07-02 05:45:07,233 [INFO] [36/121] 여의서로 (primary=KEY_4)
2026-07-02 05:45:08,200 [INFO] [37/121] 올림픽공원 (primary=KEY_1)
2026-07-02 05:45:09,321 [INFO] [38/121] 월드컵공원 (primary=KEY_2)
2026-07-02 05:45:10,576 [INFO] [39/121] 응봉산 (primary=KEY_3)
2026-07-02 05:45:11,672 [INFO] [40/121] 이촌한강공원 (primary=KEY_4)
2026-07-02 05:45:12,621 [INFO] [41/121] 잠실종합운동장 (primary=KEY_1)
2026-07-02 05:45:13,600 [INFO] [42/121] 잠실한강공원 (primary=KEY_2)
2026-07-02 05:45:14,579 [INFO] [43/121] 잠원한강공원 (primary=KEY_3)
2026-07-02 05:45:15,530 [INFO] [44/121] 청계산 (primary=KEY_4)
2026-07-02 05:45:16,491 [INFO] [45/121] 홍제폭포 (primary=KEY_1)
2026-07-02 05:45:17,450 [INFO] [46/121] 가락시장 (primary=KEY_2)
2026-07-02 05:45:19,107 [INFO] [47/121] 가로수길 (primary=KEY_3)
2026-07-02 05:45:20,239 [INFO] [48/121] 광장(전통)시장 (primary=KEY_4)
2026-07-02 05:45:21,223 [INFO] [49/121] 김포공항 (primary=KEY_1)
2026-07-02 05:45:23,037 [INFO] [50/121] 남대문시장 (primary=KEY_2)
2026-07-02 05:45:24,192 [INFO] [51/121] 노량진 (primary=KEY_3)
2026-07-02 05:45:25,318 [INFO] [52/121] 덕수궁길·정동길 (primary=KEY_4)
2026-07-02 05:45:26,462 [INFO] [53/121] 북창동 먹자골목 (primary=KEY_1)
2026-07-02 05:45:27,431 [INFO] [54/121] 북촌한옥마을 (primary=KEY_2)
2026-07-02 05:45:28,559 [INFO] [55/121] 서촌 (primary=KEY_3)
2026-07-02 05:45:29,670 [INFO] [56/121] 성수카페거리 (primary=KEY_4)
2026-07-02 05:45:30,784 [INFO] [57/121] 송리단길·호수단길 (primary=KEY_1)
2026-07-02 05:45:31,917 [INFO] [58/121] 신촌 스타광장 (primary=KEY_2)
2026-07-02 05:45:32,893 [INFO] [59/121] 압구정로데오거리 (primary=KEY_3)
2026-07-02 05:45:34,018 [INFO] [60/121] 여의도 (primary=KEY_4)
2026-07-02 05:45:35,623 [INFO] [61/121] 연남동 (primary=KEY_1)
2026-07-02 05:45:36,734 [INFO] [62/121] 영등포 타임스퀘어 (primary=KEY_2)
2026-07-02 05:45:37,855 [INFO] [63/121] 용리단길 (primary=KEY_3)
2026-07-02 05:45:38,897 [INFO] [64/121] 이태원 앤틱가구거리 (primary=KEY_4)
2026-07-02 05:45:39,883 [INFO] [65/121] 익선동 (primary=KEY_1)
2026-07-02 05:45:41,044 [INFO] [66/121] 인사동 (primary=KEY_2)
2026-07-02 05:45:42,170 [INFO] [67/121] 잠실롯데타워·석촌호수 (primary=KEY_3)
2026-07-02 05:45:43,312 [INFO] [68/121] 창동 신경제 중심지 (primary=KEY_4)
2026-07-02 05:45:44,587 [INFO] [69/121] 청담동 명품거리 (primary=KEY_1)
2026-07-02 05:45:45,735 [INFO] [70/121] 청량리 제기동 일대 전통시장 (primary=KEY_2)
2026-07-02 05:45:46,875 [INFO] [71/121] 해방촌·경리단길 (primary=KEY_3)
2026-07-02 05:45:47,858 [INFO] [72/121] DDP(동대문디자인플라자) (primary=KEY_4)
2026-07-02 05:45:49,048 [INFO] [73/121] DMC(디지털미디어시티) (primary=KEY_1)
2026-07-02 05:45:50,338 [INFO] [74/121] 가산디지털단지역 (primary=KEY_2)
2026-07-02 05:45:51,613 [INFO] [75/121] 강남역 (primary=KEY_3)
2026-07-02 05:45:52,920 [INFO] [76/121] 건대입구역 (primary=KEY_4)
2026-07-02 05:45:54,057 [INFO] [77/121] 고덕역 (primary=KEY_1)
2026-07-02 05:45:55,174 [INFO] [78/121] 고속터미널역 (primary=KEY_2)
2026-07-02 05:45:56,318 [INFO] [79/121] 교대역 (primary=KEY_3)
2026-07-02 05:45:57,306 [INFO] [80/121] 구로디지털단지역 (primary=KEY_4)
2026-07-02 05:45:58,427 [INFO] [81/121] 구로역 (primary=KEY_1)
2026-07-02 05:45:59,419 [INFO] [82/121] 군자역 (primary=KEY_2)
2026-07-02 05:46:00,556 [INFO] [83/121] 대림역 (primary=KEY_3)
2026-07-02 05:46:01,705 [INFO] [84/121] 동대문역 (primary=KEY_4)
2026-07-02 05:46:02,838 [INFO] [85/121] 뚝섬역 (primary=KEY_1)
2026-07-02 05:46:03,967 [INFO] [86/121] 미아사거리역 (primary=KEY_2)
2026-07-02 05:46:05,135 [INFO] [87/121] 발산역 (primary=KEY_3)
2026-07-02 05:46:06,401 [INFO] [88/121] 사당역 (primary=KEY_4)
2026-07-02 05:46:07,523 [INFO] [89/121] 삼각지역 (primary=KEY_1)
2026-07-02 05:46:08,509 [INFO] [90/121] 서울대입구역 (primary=KEY_2)
2026-07-02 05:46:09,513 [INFO] [91/121] 서울식물원·마곡나루역 (primary=KEY_3)
2026-07-02 05:46:10,625 [INFO] [92/121] 서울역 (primary=KEY_4)
2026-07-02 05:46:11,785 [INFO] [93/121] 선릉역 (primary=KEY_1)
2026-07-02 05:46:13,057 [INFO] [94/121] 성신여대입구역 (primary=KEY_2)
2026-07-02 05:46:14,057 [INFO] [95/121] 수유역 (primary=KEY_3)
2026-07-02 05:46:15,168 [INFO] [96/121] 숭례문 (primary=KEY_4)
2026-07-02 05:46:16,329 [INFO] [97/121] 시의회 앞 (primary=KEY_1)
2026-07-02 05:46:17,453 [INFO] [98/121] 신논현역·논현역 (primary=KEY_2)
2026-07-02 05:46:18,598 [INFO] [99/121] 신도림역 (primary=KEY_3)
2026-07-02 05:46:19,583 [INFO] [100/121] 신림역 (primary=KEY_4)
2026-07-02 05:46:20,579 [INFO] [101/121] 신정네거리역 (primary=KEY_1)
2026-07-02 05:46:21,564 [INFO] [102/121] 신촌·이대역 (primary=KEY_2)
2026-07-02 05:46:22,685 [INFO] [103/121] 쌍문역 (primary=KEY_3)
2026-07-02 05:46:23,669 [INFO] [104/121] 양재역 (primary=KEY_4)
2026-07-02 05:46:24,795 [INFO] [105/121] 역삼역 (primary=KEY_1)
2026-07-02 05:46:25,929 [INFO] [106/121] 연신내역 (primary=KEY_2)
2026-07-02 05:46:26,934 [INFO] [107/121] 오목교역·목동운동장 (primary=KEY_3)
2026-07-02 05:46:28,328 [INFO] [108/121] 왕십리역 (primary=KEY_4)
2026-07-02 05:46:29,467 [INFO] [109/121] 용산역 (primary=KEY_1)
2026-07-02 05:46:30,725 [INFO] [110/121] 이태원역 (primary=KEY_2)
2026-07-02 05:46:31,714 [INFO] [111/121] 잠실새내역 (primary=KEY_3)
2026-07-02 05:46:32,840 [INFO] [112/121] 잠실역 (primary=KEY_4)
2026-07-02 05:46:34,000 [INFO] [113/121] 장지역 (primary=KEY_1)
2026-07-02 05:46:35,175 [INFO] [114/121] 장한평역 (primary=KEY_2)
2026-07-02 05:46:36,371 [INFO] [115/121] 천호역 (primary=KEY_3)
2026-07-02 05:46:37,555 [INFO] [116/121] 총신대입구(이수)역 (primary=KEY_4)
2026-07-02 05:46:38,692 [INFO] [117/121] 충정로역 (primary=KEY_1)
2026-07-02 05:46:39,836 [INFO] [118/121] 합정역 (primary=KEY_2)
2026-07-02 05:46:40,991 [INFO] [119/121] 혜화역 (primary=KEY_3)
2026-07-02 05:46:42,102 [INFO] [120/121] 홍대입구역(2호선) (primary=KEY_4)
2026-07-02 05:46:43,247 [INFO] [121/121] 회기역 (primary=KEY_1)
2026-07-02 05:46:45,615 [INFO] === 수집 완료 | 성공 121, 실패 0 ===
2026-07-02 05:46:45,615 [INFO] 카테고리별 저장 결과:
2026-07-02 05:46:45,615 [INFO]    accident                  | 신규     4행 | 누적     20행 | 16컬럼
2026-07-02 05:46:45,615 [INFO]    area_meta                 | 신규   121행 | 누적    726행 | 5컬럼
2026-07-02 05:46:45,615 [INFO]    bike                      | 신규    12행 | 누적     72행 | 12컬럼
2026-07-02 05:46:45,615 [INFO]    bike_sbike_stts           | 신규   553행 | 누적   3318행 | 12컬럼
2026-07-02 05:46:45,615 [INFO]    bus                       | 신규     3행 | 누적     18행 | 11컬럼
2026-07-02 05:46:45,615 [INFO]    bus_bus_stn_stts          | 신규  1745행 | 누적  10470행 | 11컬럼
2026-07-02 05:46:45,615 [INFO]    charger                   | 신규    11행 | 누적     93행 | 15컬럼
2026-07-02 05:46:45,615 [INFO]    charger_charger_stts      | 신규   725행 | 누적   5601행 | 15컬럼
2026-07-02 05:46:45,615 [INFO]    cmrcl                     | 신규    82행 | 누적    492행 | 20컬럼
2026-07-02 05:46:45,615 [INFO]    events                    | 신규    11행 | 누적     61행 | 14컬럼
2026-07-02 05:46:45,616 [INFO]    events_event_stts         | 신규   121행 | 누적    716행 | 14컬럼
2026-07-02 05:46:45,616 [INFO]    parking                   | 신규     6행 | 누적     36행 | 21컬럼
2026-07-02 05:46:45,616 [INFO]    parking_prk_stts          | 신규  1833행 | 누적  10998행 | 21컬럼
2026-07-02 05:46:45,616 [INFO]    ppltn                     | 신규   121행 | 누적    726행 | 26컬럼
2026-07-02 05:46:45,616 [INFO]    road                      | 신규   121행 | 누적    726행 | 21컬럼
2026-07-02 05:46:45,616 [INFO]    road_road_traffic_stts    | 신규  5261행 | 누적  31566행 | 17컬럼
2026-07-02 05:46:45,616 [INFO]    subway                    | 신규    38행 | 누적    228행 | 13컬럼
2026-07-02 05:46:45,616 [INFO]    subway_sub_stts           | 신규   183행 | 누적   1098행 | 13컬럼
2026-07-02 05:46:45,616 [INFO]    weather                   | 신규   119행 | 누적    714행 | 29컬럼
2026-07-02 05:46:45,616 [INFO] 키별 사용량:
2026-07-02 05:46:45,616 [INFO]    🟢 KEY_1 (31/1000) 
2026-07-02 05:46:45,616 [INFO]    🟢 KEY_2 (30/1000) 
2026-07-02 05:46:45,616 [INFO]    🟢 KEY_3 (30/1000) 
2026-07-02 05:46:45,616 [INFO]    🟢 KEY_4 (30/1000) 
2026-07-02 06:40:51,796 [INFO] 등록된 키: 4개, 합산 한도 4,000건/일
2026-07-02 06:40:51,797 [INFO] POI 로드: 매뉴얼 v8.5 기준 fallback 121개 (121개 전체)
2026-07-02 06:40:51,797 [INFO] === 수집 시작 2026-07-02T06:40:51.797751+09:00 ===
2026-07-02 06:40:51,797 [INFO] 대상 장소: 121개 | API: citydata (통합)
2026-07-02 06:40:51,797 [INFO] 키 풀: 4/4 활성 | 오늘 사용 0/4000건
2026-07-02 06:40:51,798 [INFO]   [KEY_1] 담당 31장소
2026-07-02 06:40:51,798 [INFO]   [KEY_2] 담당 30장소
2026-07-02 06:40:51,798 [INFO]   [KEY_3] 담당 30장소
2026-07-02 06:40:51,798 [INFO]   [KEY_4] 담당 30장소
2026-07-02 06:40:51,798 [INFO] [1/121] 경복궁 (primary=KEY_1)
2026-07-02 06:40:54,359 [INFO] [2/121] 광화문·덕수궁 (primary=KEY_2)
2026-07-02 06:40:56,972 [INFO] [3/121] 보신각 (primary=KEY_3)
2026-07-02 06:40:59,337 [INFO] [4/121] 서울 암사동 유적 (primary=KEY_4)
2026-07-02 06:41:01,286 [INFO] [5/121] 창덕궁·종묘 (primary=KEY_1)
2026-07-02 06:41:03,326 [INFO] [6/121] 강남 MICE 관광특구 (primary=KEY_2)
2026-07-02 06:41:05,868 [INFO] [7/121] 동대문 관광특구 (primary=KEY_3)
2026-07-02 06:41:08,286 [INFO] [8/121] 명동 관광특구 (primary=KEY_4)
2026-07-02 06:41:10,113 [INFO] [9/121] 이태원 관광특구 (primary=KEY_1)
2026-07-02 06:41:11,727 [INFO] [10/121] 잠실 관광특구 (primary=KEY_2)
2026-07-02 06:41:14,742 [INFO] [11/121] 종로·청계 관광특구 (primary=KEY_3)
2026-07-02 06:41:17,520 [INFO] [12/121] 홍대 관광특구 (primary=KEY_4)
2026-07-02 06:41:19,132 [INFO] [13/121] 강서한강공원 (primary=KEY_1)
2026-07-02 06:41:21,261 [INFO] [14/121] 고척돔 (primary=KEY_2)
2026-07-02 06:41:22,431 [INFO] [15/121] 광나루한강공원 (primary=KEY_3)
2026-07-02 06:41:24,374 [INFO] [16/121] 광화문광장 (primary=KEY_4)
2026-07-02 06:41:26,931 [INFO] [17/121] 국립중앙박물관·용산가족공원 (primary=KEY_1)
2026-07-02 06:41:29,277 [INFO] [18/121] 난지한강공원 (primary=KEY_2)
2026-07-02 06:41:30,429 [INFO] [19/121] 남산공원 (primary=KEY_3)
2026-07-02 06:41:32,030 [INFO] [20/121] 노들섬 (primary=KEY_4)
2026-07-02 06:41:33,183 [INFO] [21/121] 뚝섬한강공원 (primary=KEY_1)
2026-07-02 06:41:35,162 [INFO] [22/121] 망원한강공원 (primary=KEY_2)
2026-07-02 06:41:37,325 [INFO] [23/121] 반포한강공원 (primary=KEY_3)
2026-07-02 06:41:39,658 [INFO] [24/121] 보라매공원 (primary=KEY_4)
2026-07-02 06:41:40,831 [INFO] [25/121] 북서울꿈의숲 (primary=KEY_1)
2026-07-02 06:41:42,204 [INFO] [26/121] 서대문독립공원 (primary=KEY_2)
2026-07-02 06:41:44,543 [INFO] [27/121] 서리풀공원·몽마르뜨공원 (primary=KEY_3)
2026-07-02 06:41:45,937 [INFO] [28/121] 서울대공원 (primary=KEY_4)
2026-07-02 06:41:47,092 [INFO] [29/121] 서울숲공원 (primary=KEY_1)
2026-07-02 06:41:49,270 [INFO] [30/121] 송현녹지광장 (primary=KEY_2)
2026-07-02 06:41:50,678 [INFO] [31/121] 아차산 (primary=KEY_3)
2026-07-02 06:41:52,620 [INFO] [32/121] 안양천 (primary=KEY_4)
2026-07-02 06:41:53,772 [INFO] [33/121] 양화한강공원 (primary=KEY_1)
2026-07-02 06:41:56,676 [INFO] [34/121] 어린이대공원 (primary=KEY_2)
2026-07-02 06:41:58,056 [INFO] [35/121] 여의도한강공원 (primary=KEY_3)
2026-07-02 06:41:59,434 [INFO] [36/121] 여의서로 (primary=KEY_4)
2026-07-02 06:42:00,792 [INFO] [37/121] 올림픽공원 (primary=KEY_1)
2026-07-02 06:42:02,376 [INFO] [38/121] 월드컵공원 (primary=KEY_2)
2026-07-02 06:42:03,958 [INFO] [39/121] 응봉산 (primary=KEY_3)
2026-07-02 06:42:06,096 [INFO] [40/121] 이촌한강공원 (primary=KEY_4)
2026-07-02 06:42:07,244 [INFO] [41/121] 잠실종합운동장 (primary=KEY_1)
2026-07-02 06:42:09,188 [INFO] [42/121] 잠실한강공원 (primary=KEY_2)
2026-07-02 06:42:10,351 [INFO] [43/121] 잠원한강공원 (primary=KEY_3)
2026-07-02 06:42:11,497 [INFO] [44/121] 청계산 (primary=KEY_4)
2026-07-02 06:42:13,811 [INFO] [45/121] 홍제폭포 (primary=KEY_1)
2026-07-02 06:42:14,953 [INFO] [46/121] 가락시장 (primary=KEY_2)
2026-07-02 06:42:16,325 [INFO] [47/121] 가로수길 (primary=KEY_3)
2026-07-02 06:42:17,707 [INFO] [48/121] 광장(전통)시장 (primary=KEY_4)
2026-07-02 06:42:18,870 [INFO] [49/121] 김포공항 (primary=KEY_1)
2026-07-02 06:42:20,443 [INFO] [50/121] 남대문시장 (primary=KEY_2)
2026-07-02 06:42:22,781 [INFO] [51/121] 노량진 (primary=KEY_3)
2026-07-02 06:42:24,145 [INFO] [52/121] 덕수궁길·정동길 (primary=KEY_4)
2026-07-02 06:42:25,536 [INFO] [53/121] 북창동 먹자골목 (primary=KEY_1)
2026-07-02 06:42:26,894 [INFO] [54/121] 북촌한옥마을 (primary=KEY_2)
2026-07-02 06:42:28,446 [INFO] [55/121] 서촌 (primary=KEY_3)
2026-07-02 06:42:30,602 [INFO] [56/121] 성수카페거리 (primary=KEY_4)
2026-07-02 06:42:32,181 [INFO] [57/121] 송리단길·호수단길 (primary=KEY_1)
2026-07-02 06:42:33,567 [INFO] [58/121] 신촌 스타광장 (primary=KEY_2)
2026-07-02 06:42:35,522 [INFO] [59/121] 압구정로데오거리 (primary=KEY_3)
2026-07-02 06:42:36,894 [INFO] [60/121] 여의도 (primary=KEY_4)
2026-07-02 06:42:39,135 [INFO] [61/121] 연남동 (primary=KEY_1)
2026-07-02 06:42:40,489 [INFO] [62/121] 영등포 타임스퀘어 (primary=KEY_2)
2026-07-02 06:42:41,849 [INFO] [63/121] 용리단길 (primary=KEY_3)
2026-07-02 06:42:43,036 [INFO] [64/121] 이태원 앤틱가구거리 (primary=KEY_4)
2026-07-02 06:42:44,399 [INFO] [65/121] 익선동 (primary=KEY_1)
2026-07-02 06:42:45,804 [INFO] [66/121] 인사동 (primary=KEY_2)
2026-07-02 06:42:47,442 [INFO] [67/121] 잠실롯데타워·석촌호수 (primary=KEY_3)
2026-07-02 06:42:49,238 [INFO] [68/121] 창동 신경제 중심지 (primary=KEY_4)
2026-07-02 06:42:51,040 [INFO] [69/121] 청담동 명품거리 (primary=KEY_1)
2026-07-02 06:42:52,412 [INFO] [70/121] 청량리 제기동 일대 전통시장 (primary=KEY_2)
2026-07-02 06:42:53,819 [INFO] [71/121] 해방촌·경리단길 (primary=KEY_3)
2026-07-02 06:42:55,015 [INFO] [72/121] DDP(동대문디자인플라자) (primary=KEY_4)
2026-07-02 06:42:56,416 [INFO] [73/121] DMC(디지털미디어시티) (primary=KEY_1)
2026-07-02 06:42:58,235 [INFO] [74/121] 가산디지털단지역 (primary=KEY_2)
2026-07-02 06:43:01,202 [INFO] [75/121] 강남역 (primary=KEY_3)
2026-07-02 06:43:02,812 [INFO] [76/121] 건대입구역 (primary=KEY_4)
2026-07-02 06:43:04,203 [INFO] [77/121] 고덕역 (primary=KEY_1)
2026-07-02 06:43:05,578 [INFO] [78/121] 고속터미널역 (primary=KEY_2)
2026-07-02 06:43:06,977 [INFO] [79/121] 교대역 (primary=KEY_3)
2026-07-02 06:43:08,353 [INFO] [80/121] 구로디지털단지역 (primary=KEY_4)
2026-07-02 06:43:10,153 [INFO] [81/121] 구로역 (primary=KEY_1)
2026-07-02 06:43:11,524 [INFO] [82/121] 군자역 (primary=KEY_2)
2026-07-02 06:43:12,908 [INFO] [83/121] 대림역 (primary=KEY_3)
2026-07-02 06:43:14,316 [INFO] [84/121] 동대문역 (primary=KEY_4)
2026-07-02 06:43:15,787 [INFO] [85/121] 뚝섬역 (primary=KEY_1)
2026-07-02 06:43:17,174 [INFO] [86/121] 미아사거리역 (primary=KEY_2)
2026-07-02 06:43:18,545 [INFO] [87/121] 발산역 (primary=KEY_3)
2026-07-02 06:43:20,328 [INFO] [88/121] 사당역 (primary=KEY_4)
2026-07-02 06:43:21,722 [INFO] [89/121] 삼각지역 (primary=KEY_1)
2026-07-02 06:43:23,101 [INFO] [90/121] 서울대입구역 (primary=KEY_2)
2026-07-02 06:43:24,471 [INFO] [91/121] 서울식물원·마곡나루역 (primary=KEY_3)
2026-07-02 06:43:26,071 [INFO] [92/121] 서울역 (primary=KEY_4)
2026-07-02 06:43:27,692 [INFO] [93/121] 선릉역 (primary=KEY_1)
2026-07-02 06:43:30,322 [INFO] [94/121] 성신여대입구역 (primary=KEY_2)
2026-07-02 06:43:31,525 [INFO] [95/121] 수유역 (primary=KEY_3)
2026-07-02 06:43:32,912 [INFO] [96/121] 숭례문 (primary=KEY_4)
2026-07-02 06:43:34,502 [INFO] [97/121] 시의회 앞 (primary=KEY_1)
2026-07-02 06:43:35,889 [INFO] [98/121] 신논현역·논현역 (primary=KEY_2)
2026-07-02 06:43:37,308 [INFO] [99/121] 신도림역 (primary=KEY_3)
2026-07-02 06:43:38,492 [INFO] [100/121] 신림역 (primary=KEY_4)
2026-07-02 06:43:39,898 [INFO] [101/121] 신정네거리역 (primary=KEY_1)
2026-07-02 06:43:41,286 [INFO] [102/121] 신촌·이대역 (primary=KEY_2)
2026-07-02 06:43:42,659 [INFO] [103/121] 쌍문역 (primary=KEY_3)
2026-07-02 06:43:44,024 [INFO] [104/121] 양재역 (primary=KEY_4)
2026-07-02 06:43:45,415 [INFO] [105/121] 역삼역 (primary=KEY_1)
2026-07-02 06:43:47,061 [INFO] [106/121] 연신내역 (primary=KEY_2)
2026-07-02 06:43:48,264 [INFO] [107/121] 오목교역·목동운동장 (primary=KEY_3)
2026-07-02 06:43:50,236 [INFO] [108/121] 왕십리역 (primary=KEY_4)
2026-07-02 06:43:51,873 [INFO] [109/121] 용산역 (primary=KEY_1)
2026-07-02 06:43:53,454 [INFO] [110/121] 이태원역 (primary=KEY_2)
2026-07-02 06:43:55,248 [INFO] [111/121] 잠실새내역 (primary=KEY_3)
2026-07-02 06:43:56,645 [INFO] [112/121] 잠실역 (primary=KEY_4)
2026-07-02 06:43:58,221 [INFO] [113/121] 장지역 (primary=KEY_1)
2026-07-02 06:43:59,824 [INFO] [114/121] 장한평역 (primary=KEY_2)
2026-07-02 06:44:01,225 [INFO] [115/121] 천호역 (primary=KEY_3)
2026-07-02 06:44:02,620 [INFO] [116/121] 총신대입구(이수)역 (primary=KEY_4)
2026-07-02 06:44:03,996 [INFO] [117/121] 충정로역 (primary=KEY_1)
2026-07-02 06:44:05,386 [INFO] [118/121] 합정역 (primary=KEY_2)
2026-07-02 06:44:06,781 [INFO] [119/121] 혜화역 (primary=KEY_3)
2026-07-02 06:44:08,151 [INFO] [120/121] 홍대입구역(2호선) (primary=KEY_4)
2026-07-02 06:44:09,547 [INFO] [121/121] 회기역 (primary=KEY_1)
2026-07-02 06:44:12,315 [INFO] === 수집 완료 | 성공 121, 실패 0 ===
2026-07-02 06:44:12,316 [INFO] 카테고리별 저장 결과:
2026-07-02 06:44:12,316 [INFO]    accident                  | 신규     4행 | 누적     24행 | 16컬럼
2026-07-02 06:44:12,316 [INFO]    area_meta                 | 신규   121행 | 누적    847행 | 5컬럼
2026-07-02 06:44:12,316 [INFO]    bike                      | 신규    12행 | 누적     84행 | 12컬럼
2026-07-02 06:44:12,316 [INFO]    bike_sbike_stts           | 신규   553행 | 누적   3871행 | 12컬럼
2026-07-02 06:44:12,316 [INFO]    bus                       | 신규     3행 | 누적     21행 | 11컬럼
2026-07-02 06:44:12,316 [INFO]    bus_bus_stn_stts          | 신규  1745행 | 누적  12215행 | 11컬럼
2026-07-02 06:44:12,316 [INFO]    charger                   | 신규     4행 | 누적     97행 | 15컬럼
2026-07-02 06:44:12,316 [INFO]    charger_charger_stts      | 신규  1918행 | 누적   7504행 | 15컬럼
2026-07-02 06:44:12,316 [INFO]    cmrcl                     | 신규    82행 | 누적    574행 | 20컬럼
2026-07-02 06:44:12,316 [INFO]    events                    | 신규    11행 | 누적     72행 | 14컬럼
2026-07-02 06:44:12,316 [INFO]    events_event_stts         | 신규   121행 | 누적    837행 | 14컬럼
2026-07-02 06:44:12,316 [INFO]    news                      | 신규   120행 | 누적    120행 | 10컬럼
2026-07-02 06:44:12,316 [INFO]    parking                   | 신규     6행 | 누적     42행 | 21컬럼
2026-07-02 06:44:12,316 [INFO]    parking_prk_stts          | 신규  1833행 | 누적  12831행 | 21컬럼
2026-07-02 06:44:12,316 [INFO]    ppltn                     | 신규   121행 | 누적    847행 | 26컬럼
2026-07-02 06:44:12,316 [INFO]    road                      | 신규   121행 | 누적    847행 | 21컬럼
2026-07-02 06:44:12,317 [INFO]    road_road_traffic_stts    | 신규  5261행 | 누적  36827행 | 17컬럼
2026-07-02 06:44:12,317 [INFO]    subway                    | 신규    38행 | 누적    266행 | 13컬럼
2026-07-02 06:44:12,317 [INFO]    subway_sub_stts           | 신규   183행 | 누적   1281행 | 13컬럼
2026-07-02 06:44:12,317 [INFO]    weather                   | 신규   119행 | 누적    833행 | 29컬럼
2026-07-02 06:44:12,317 [INFO] 키별 사용량:
2026-07-02 06:44:12,317 [INFO]    🟢 KEY_1 (31/1000) 
2026-07-02 06:44:12,317 [INFO]    🟢 KEY_2 (30/1000) 
2026-07-02 06:44:12,317 [INFO]    🟢 KEY_3 (30/1000) 
2026-07-02 06:44:12,317 [INFO]    🟢 KEY_4 (30/1000) 
2026-07-02 07:39:03,605 [INFO] 등록된 키: 4개, 합산 한도 4,000건/일
2026-07-02 07:39:03,606 [INFO] POI 로드: 매뉴얼 v8.5 기준 fallback 121개 (121개 전체)
2026-07-02 07:39:03,606 [INFO] === 수집 시작 2026-07-02T07:39:03.606345+09:00 ===
2026-07-02 07:39:03,606 [INFO] 대상 장소: 121개 | API: citydata (통합)
2026-07-02 07:39:03,606 [INFO] 키 풀: 4/4 활성 | 오늘 사용 0/4000건
2026-07-02 07:39:03,606 [INFO]   [KEY_1] 담당 31장소
2026-07-02 07:39:03,606 [INFO]   [KEY_2] 담당 30장소
2026-07-02 07:39:03,606 [INFO]   [KEY_3] 담당 30장소
2026-07-02 07:39:03,606 [INFO]   [KEY_4] 담당 30장소
2026-07-02 07:39:03,606 [INFO] [1/121] 경복궁 (primary=KEY_1)
2026-07-02 07:39:06,188 [INFO] [2/121] 광화문·덕수궁 (primary=KEY_2)
2026-07-02 07:39:08,787 [INFO] [3/121] 보신각 (primary=KEY_3)
2026-07-02 07:39:11,340 [INFO] [4/121] 서울 암사동 유적 (primary=KEY_4)
2026-07-02 07:39:13,469 [INFO] [5/121] 창덕궁·종묘 (primary=KEY_1)
2026-07-02 07:39:16,000 [INFO] [6/121] 강남 MICE 관광특구 (primary=KEY_2)
2026-07-02 07:39:18,563 [INFO] [7/121] 동대문 관광특구 (primary=KEY_3)
2026-07-02 07:39:21,353 [INFO] [8/121] 명동 관광특구 (primary=KEY_4)
2026-07-02 07:39:23,287 [INFO] [9/121] 이태원 관광특구 (primary=KEY_1)
2026-07-02 07:39:25,466 [INFO] [10/121] 잠실 관광특구 (primary=KEY_2)
2026-07-02 07:39:28,085 [INFO] [11/121] 종로·청계 관광특구 (primary=KEY_3)
2026-07-02 07:39:30,494 [INFO] [12/121] 홍대 관광특구 (primary=KEY_4)
2026-07-02 07:39:32,126 [INFO] [13/121] 강서한강공원 (primary=KEY_1)
2026-07-02 07:39:33,287 [INFO] [14/121] 고척돔 (primary=KEY_2)
2026-07-02 07:39:35,254 [INFO] [15/121] 광나루한강공원 (primary=KEY_3)
2026-07-02 07:39:37,383 [INFO] [16/121] 광화문광장 (primary=KEY_4)
2026-07-02 07:39:39,735 [INFO] [17/121] 국립중앙박물관·용산가족공원 (primary=KEY_1)
2026-07-02 07:39:41,678 [INFO] [18/121] 난지한강공원 (primary=KEY_2)
2026-07-02 07:39:42,838 [INFO] [19/121] 남산공원 (primary=KEY_3)
2026-07-02 07:39:45,219 [INFO] [20/121] 노들섬 (primary=KEY_4)
2026-07-02 07:39:46,563 [INFO] [21/121] 뚝섬한강공원 (primary=KEY_1)
2026-07-02 07:39:47,748 [INFO] [22/121] 망원한강공원 (primary=KEY_2)
2026-07-02 07:39:49,908 [INFO] [23/121] 반포한강공원 (primary=KEY_3)
2026-07-02 07:39:51,836 [INFO] [24/121] 보라매공원 (primary=KEY_4)
2026-07-02 07:39:53,789 [INFO] [25/121] 북서울꿈의숲 (primary=KEY_1)
2026-07-02 07:39:55,152 [INFO] [26/121] 서대문독립공원 (primary=KEY_2)
2026-07-02 07:39:56,339 [INFO] [27/121] 서리풀공원·몽마르뜨공원 (primary=KEY_3)
2026-07-02 07:39:57,749 [INFO] [28/121] 서울대공원 (primary=KEY_4)
2026-07-02 07:39:58,906 [INFO] [29/121] 서울숲공원 (primary=KEY_1)
2026-07-02 07:40:01,466 [INFO] [30/121] 송현녹지광장 (primary=KEY_2)
2026-07-02 07:40:02,824 [INFO] [31/121] 아차산 (primary=KEY_3)
2026-07-02 07:40:03,992 [INFO] [32/121] 안양천 (primary=KEY_4)
2026-07-02 07:40:06,309 [INFO] [33/121] 양화한강공원 (primary=KEY_1)
2026-07-02 07:40:07,456 [INFO] [34/121] 어린이대공원 (primary=KEY_2)
2026-07-02 07:40:10,770 [INFO] [35/121] 여의도한강공원 (primary=KEY_3)
2026-07-02 07:40:12,121 [INFO] [36/121] 여의서로 (primary=KEY_4)
2026-07-02 07:40:13,468 [INFO] [37/121] 올림픽공원 (primary=KEY_1)
2026-07-02 07:40:15,030 [INFO] [38/121] 월드컵공원 (primary=KEY_2)
2026-07-02 07:40:16,609 [INFO] [39/121] 응봉산 (primary=KEY_3)
2026-07-02 07:40:18,757 [INFO] [40/121] 이촌한강공원 (primary=KEY_4)
2026-07-02 07:40:20,707 [INFO] [41/121] 잠실종합운동장 (primary=KEY_1)
2026-07-02 07:40:21,868 [INFO] [42/121] 잠실한강공원 (primary=KEY_2)
2026-07-02 07:40:23,034 [INFO] [43/121] 잠원한강공원 (primary=KEY_3)
2026-07-02 07:40:24,189 [INFO] [44/121] 청계산 (primary=KEY_4)
2026-07-02 07:40:25,336 [INFO] [45/121] 홍제폭포 (primary=KEY_1)
2026-07-02 07:40:26,476 [INFO] [46/121] 가락시장 (primary=KEY_2)
2026-07-02 07:40:27,854 [INFO] [47/121] 가로수길 (primary=KEY_3)
2026-07-02 07:40:29,245 [INFO] [48/121] 광장(전통)시장 (primary=KEY_4)
2026-07-02 07:40:30,418 [INFO] [49/121] 김포공항 (primary=KEY_1)
2026-07-02 07:40:31,988 [INFO] [50/121] 남대문시장 (primary=KEY_2)
2026-07-02 07:40:33,357 [INFO] [51/121] 노량진 (primary=KEY_3)
2026-07-02 07:40:34,737 [INFO] [52/121] 덕수궁길·정동길 (primary=KEY_4)
2026-07-02 07:40:37,326 [INFO] [53/121] 북창동 먹자골목 (primary=KEY_1)
2026-07-02 07:40:38,677 [INFO] [54/121] 북촌한옥마을 (primary=KEY_2)
2026-07-02 07:40:41,019 [INFO] [55/121] 서촌 (primary=KEY_3)
2026-07-02 07:40:42,390 [INFO] [56/121] 성수카페거리 (primary=KEY_4)
2026-07-02 07:40:43,957 [INFO] [57/121] 송리단길·호수단길 (primary=KEY_1)
2026-07-02 07:40:45,348 [INFO] [58/121] 신촌 스타광장 (primary=KEY_2)
2026-07-02 07:40:46,522 [INFO] [59/121] 압구정로데오거리 (primary=KEY_3)
2026-07-02 07:40:47,895 [INFO] [60/121] 여의도 (primary=KEY_4)
2026-07-02 07:40:50,153 [INFO] [61/121] 연남동 (primary=KEY_1)
2026-07-02 07:40:51,522 [INFO] [62/121] 영등포 타임스퀘어 (primary=KEY_2)
2026-07-02 07:40:52,884 [INFO] [63/121] 용리단길 (primary=KEY_3)
2026-07-02 07:40:54,085 [INFO] [64/121] 이태원 앤틱가구거리 (primary=KEY_4)
2026-07-02 07:40:55,451 [INFO] [65/121] 익선동 (primary=KEY_1)
2026-07-02 07:40:56,830 [INFO] [66/121] 인사동 (primary=KEY_2)
2026-07-02 07:40:58,473 [INFO] [67/121] 잠실롯데타워·석촌호수 (primary=KEY_3)
2026-07-02 07:41:00,239 [INFO] [68/121] 창동 신경제 중심지 (primary=KEY_4)
2026-07-02 07:41:02,031 [INFO] [69/121] 청담동 명품거리 (primary=KEY_1)
2026-07-02 07:41:03,393 [INFO] [70/121] 청량리 제기동 일대 전통시장 (primary=KEY_2)
2026-07-02 07:41:05,567 [INFO] [71/121] 해방촌·경리단길 (primary=KEY_3)
2026-07-02 07:41:06,726 [INFO] [72/121] DDP(동대문디자인플라자) (primary=KEY_4)
2026-07-02 07:41:08,191 [INFO] [73/121] DMC(디지털미디어시티) (primary=KEY_1)
2026-07-02 07:41:10,031 [INFO] [74/121] 가산디지털단지역 (primary=KEY_2)
2026-07-02 07:41:12,006 [INFO] [75/121] 강남역 (primary=KEY_3)
2026-07-02 07:41:13,639 [INFO] [76/121] 건대입구역 (primary=KEY_4)
2026-07-02 07:41:15,258 [INFO] [77/121] 고덕역 (primary=KEY_1)
2026-07-02 07:41:16,635 [INFO] [78/121] 고속터미널역 (primary=KEY_2)
2026-07-02 07:41:18,022 [INFO] [79/121] 교대역 (primary=KEY_3)
2026-07-02 07:41:19,407 [INFO] [80/121] 구로디지털단지역 (primary=KEY_4)
2026-07-02 07:41:21,167 [INFO] [81/121] 구로역 (primary=KEY_1)
2026-07-02 07:41:22,516 [INFO] [82/121] 군자역 (primary=KEY_2)
2026-07-02 07:41:25,062 [INFO] [83/121] 대림역 (primary=KEY_3)
2026-07-02 07:41:27,413 [INFO] [84/121] 동대문역 (primary=KEY_4)
2026-07-02 07:41:29,981 [INFO] [85/121] 뚝섬역 (primary=KEY_1)
2026-07-02 07:41:32,142 [INFO] [86/121] 미아사거리역 (primary=KEY_2)
2026-07-02 07:41:34,307 [INFO] [87/121] 발산역 (primary=KEY_3)
2026-07-02 07:41:36,866 [INFO] [88/121] 사당역 (primary=KEY_4)
2026-07-02 07:41:39,055 [INFO] [89/121] 삼각지역 (primary=KEY_1)
2026-07-02 07:41:41,396 [INFO] [90/121] 서울대입구역 (primary=KEY_2)
2026-07-02 07:41:43,486 [INFO] [91/121] 서울식물원·마곡나루역 (primary=KEY_3)
2026-07-02 07:41:46,232 [INFO] [92/121] 서울역 (primary=KEY_4)
2026-07-02 07:41:49,016 [INFO] [93/121] 선릉역 (primary=KEY_1)
2026-07-02 07:41:51,652 [INFO] [94/121] 성신여대입구역 (primary=KEY_2)
2026-07-02 07:41:53,821 [INFO] [95/121] 수유역 (primary=KEY_3)
2026-07-02 07:41:55,185 [INFO] [96/121] 숭례문 (primary=KEY_4)
2026-07-02 07:41:57,358 [INFO] [97/121] 시의회 앞 (primary=KEY_1)
2026-07-02 07:41:58,737 [INFO] [98/121] 신논현역·논현역 (primary=KEY_2)
2026-07-02 07:42:01,122 [INFO] [99/121] 신도림역 (primary=KEY_3)
2026-07-02 07:42:02,314 [INFO] [100/121] 신림역 (primary=KEY_4)
2026-07-02 07:42:03,678 [INFO] [101/121] 신정네거리역 (primary=KEY_1)
2026-07-02 07:42:05,040 [INFO] [102/121] 신촌·이대역 (primary=KEY_2)
2026-07-02 07:42:06,413 [INFO] [103/121] 쌍문역 (primary=KEY_3)
2026-07-02 07:42:08,560 [INFO] [104/121] 양재역 (primary=KEY_4)
2026-07-02 07:42:10,715 [INFO] [105/121] 역삼역 (primary=KEY_1)
2026-07-02 07:42:12,345 [INFO] [106/121] 연신내역 (primary=KEY_2)
2026-07-02 07:42:13,529 [INFO] [107/121] 오목교역·목동운동장 (primary=KEY_3)
2026-07-02 07:42:15,504 [INFO] [108/121] 왕십리역 (primary=KEY_4)
2026-07-02 07:42:17,148 [INFO] [109/121] 용산역 (primary=KEY_1)
2026-07-02 07:42:19,498 [INFO] [110/121] 이태원역 (primary=KEY_2)
2026-07-02 07:42:20,666 [INFO] [111/121] 잠실새내역 (primary=KEY_3)
2026-07-02 07:42:23,212 [INFO] [112/121] 잠실역 (primary=KEY_4)
2026-07-02 07:42:24,783 [INFO] [113/121] 장지역 (primary=KEY_1)
2026-07-02 07:42:27,217 [INFO] [114/121] 장한평역 (primary=KEY_2)
2026-07-02 07:42:29,773 [INFO] [115/121] 천호역 (primary=KEY_3)
2026-07-02 07:42:32,340 [INFO] [116/121] 총신대입구(이수)역 (primary=KEY_4)
2026-07-02 07:42:33,713 [INFO] [117/121] 충정로역 (primary=KEY_1)
2026-07-02 07:42:35,095 [INFO] [118/121] 합정역 (primary=KEY_2)
2026-07-02 07:42:36,482 [INFO] [119/121] 혜화역 (primary=KEY_3)
2026-07-02 07:42:38,837 [INFO] [120/121] 홍대입구역(2호선) (primary=KEY_4)
2026-07-02 07:42:40,229 [INFO] [121/121] 회기역 (primary=KEY_1)
2026-07-02 07:42:43,090 [INFO] === 수집 완료 | 성공 121, 실패 0 ===
2026-07-02 07:42:43,090 [INFO] 카테고리별 저장 결과:
2026-07-02 07:42:43,090 [INFO]    accident                  | 신규     4행 | 누적     28행 | 16컬럼
2026-07-02 07:42:43,090 [INFO]    area_meta                 | 신규   121행 | 누적    968행 | 5컬럼
2026-07-02 07:42:43,090 [INFO]    bike                      | 신규    12행 | 누적     96행 | 12컬럼
2026-07-02 07:42:43,090 [INFO]    bike_sbike_stts           | 신규   553행 | 누적   4424행 | 12컬럼
2026-07-02 07:42:43,090 [INFO]    bus                       | 신규     3행 | 누적     24행 | 11컬럼
2026-07-02 07:42:43,091 [INFO]    bus_bus_stn_stts          | 신규  1745행 | 누적  13960행 | 11컬럼
2026-07-02 07:42:43,091 [INFO]    charger                   | 신규     4행 | 누적    101행 | 15컬럼
2026-07-02 07:42:43,091 [INFO]    charger_charger_stts      | 신규  1918행 | 누적   9407행 | 15컬럼
2026-07-02 07:42:43,091 [INFO]    cmrcl                     | 신규    82행 | 누적    656행 | 20컬럼
2026-07-02 07:42:43,091 [INFO]    events                    | 신규    11행 | 누적     83행 | 14컬럼
2026-07-02 07:42:43,091 [INFO]    events_event_stts         | 신규   121행 | 누적    958행 | 14컬럼
2026-07-02 07:42:43,091 [INFO]    news                      | 신규   120행 | 누적    240행 | 10컬럼
2026-07-02 07:42:43,091 [INFO]    parking                   | 신규     6행 | 누적     48행 | 21컬럼
2026-07-02 07:42:43,091 [INFO]    parking_prk_stts          | 신규  1833행 | 누적  14664행 | 21컬럼
2026-07-02 07:42:43,091 [INFO]    ppltn                     | 신규   121행 | 누적    968행 | 26컬럼
2026-07-02 07:42:43,091 [INFO]    road                      | 신규   121행 | 누적    968행 | 21컬럼
2026-07-02 07:42:43,091 [INFO]    road_road_traffic_stts    | 신규  5261행 | 누적  42088행 | 17컬럼
2026-07-02 07:42:43,091 [INFO]    subway                    | 신규    38행 | 누적    304행 | 13컬럼
2026-07-02 07:42:43,091 [INFO]    subway_sub_stts           | 신규   183행 | 누적   1464행 | 13컬럼
2026-07-02 07:42:43,091 [INFO]    weather                   | 신규   119행 | 누적    952행 | 29컬럼
2026-07-02 07:42:43,091 [INFO] 키별 사용량:
2026-07-02 07:42:43,091 [INFO]    🟢 KEY_1 (31/1000) 
2026-07-02 07:42:43,091 [INFO]    🟢 KEY_2 (30/1000) 
2026-07-02 07:42:43,091 [INFO]    🟢 KEY_3 (30/1000) 
2026-07-02 07:42:43,091 [INFO]    🟢 KEY_4 (30/1000) 
2026-07-02 08:38:19,333 [INFO] 등록된 키: 4개, 합산 한도 4,000건/일
2026-07-02 08:38:19,334 [INFO] POI 로드: 매뉴얼 v8.5 기준 fallback 121개 (121개 전체)
2026-07-02 08:38:19,334 [INFO] === 수집 시작 2026-07-02T08:38:19.334572+09:00 ===
2026-07-02 08:38:19,334 [INFO] 대상 장소: 121개 | API: citydata (통합)
2026-07-02 08:38:19,334 [INFO] 키 풀: 4/4 활성 | 오늘 사용 0/4000건
2026-07-02 08:38:19,334 [INFO]   [KEY_1] 담당 31장소
2026-07-02 08:38:19,334 [INFO]   [KEY_2] 담당 30장소
2026-07-02 08:38:19,335 [INFO]   [KEY_3] 담당 30장소
2026-07-02 08:38:19,335 [INFO]   [KEY_4] 담당 30장소
2026-07-02 08:38:19,335 [INFO] [1/121] 경복궁 (primary=KEY_1)
2026-07-02 08:38:21,705 [INFO] [2/121] 광화문·덕수궁 (primary=KEY_2)
2026-07-02 08:38:24,305 [INFO] [3/121] 보신각 (primary=KEY_3)
2026-07-02 08:38:26,460 [INFO] [4/121] 서울 암사동 유적 (primary=KEY_4)
2026-07-02 08:38:29,358 [INFO] [5/121] 창덕궁·종묘 (primary=KEY_1)
2026-07-02 08:38:31,307 [INFO] [6/121] 강남 MICE 관광특구 (primary=KEY_2)
2026-07-02 08:38:33,688 [INFO] [7/121] 동대문 관광특구 (primary=KEY_3)
2026-07-02 08:38:36,878 [INFO] [8/121] 명동 관광특구 (primary=KEY_4)
2026-07-02 08:38:40,487 [INFO] [9/121] 이태원 관광특구 (primary=KEY_1)
2026-07-02 08:38:42,488 [INFO] [10/121] 잠실 관광특구 (primary=KEY_2)
2026-07-02 08:38:44,314 [INFO] [11/121] 종로·청계 관광특구 (primary=KEY_3)
2026-07-02 08:38:46,914 [INFO] [12/121] 홍대 관광특구 (primary=KEY_4)
2026-07-02 08:38:48,562 [INFO] [13/121] 강서한강공원 (primary=KEY_1)
2026-07-02 08:38:50,505 [INFO] [14/121] 고척돔 (primary=KEY_2)
2026-07-02 08:38:52,465 [INFO] [15/121] 광나루한강공원 (primary=KEY_3)
2026-07-02 08:38:54,611 [INFO] [16/121] 광화문광장 (primary=KEY_4)
2026-07-02 08:38:55,990 [INFO] [17/121] 국립중앙박물관·용산가족공원 (primary=KEY_1)
2026-07-02 08:38:58,135 [INFO] [18/121] 난지한강공원 (primary=KEY_2)
2026-07-02 08:38:59,481 [INFO] [19/121] 남산공원 (primary=KEY_3)
2026-07-02 08:39:02,049 [INFO] [20/121] 노들섬 (primary=KEY_4)
2026-07-02 08:39:03,206 [INFO] [21/121] 뚝섬한강공원 (primary=KEY_1)
2026-07-02 08:39:04,407 [INFO] [22/121] 망원한강공원 (primary=KEY_2)
2026-07-02 08:39:06,454 [INFO] [23/121] 반포한강공원 (primary=KEY_3)
2026-07-02 08:39:07,605 [INFO] [24/121] 보라매공원 (primary=KEY_4)
2026-07-02 08:39:08,776 [INFO] [25/121] 북서울꿈의숲 (primary=KEY_1)
2026-07-02 08:39:10,334 [INFO] [26/121] 서대문독립공원 (primary=KEY_2)
2026-07-02 08:39:12,289 [INFO] [27/121] 서리풀공원·몽마르뜨공원 (primary=KEY_3)
2026-07-02 08:39:13,700 [INFO] [28/121] 서울대공원 (primary=KEY_4)
2026-07-02 08:39:14,852 [INFO] [29/121] 서울숲공원 (primary=KEY_1)
2026-07-02 08:39:16,219 [INFO] [30/121] 송현녹지광장 (primary=KEY_2)
2026-07-02 08:39:17,586 [INFO] [31/121] 아차산 (primary=KEY_3)
2026-07-02 08:39:18,758 [INFO] [32/121] 안양천 (primary=KEY_4)
2026-07-02 08:39:21,115 [INFO] [33/121] 양화한강공원 (primary=KEY_1)
2026-07-02 08:39:23,244 [INFO] [34/121] 어린이대공원 (primary=KEY_2)
2026-07-02 08:39:24,623 [INFO] [35/121] 여의도한강공원 (primary=KEY_3)
2026-07-02 08:39:25,984 [INFO] [36/121] 여의서로 (primary=KEY_4)
2026-07-02 08:39:27,348 [INFO] [37/121] 올림픽공원 (primary=KEY_1)
2026-07-02 08:39:29,928 [INFO] [38/121] 월드컵공원 (primary=KEY_2)
2026-07-02 08:39:31,560 [INFO] [39/121] 응봉산 (primary=KEY_3)
2026-07-02 08:39:32,923 [INFO] [40/121] 이촌한강공원 (primary=KEY_4)
2026-07-02 08:39:34,080 [INFO] [41/121] 잠실종합운동장 (primary=KEY_1)
2026-07-02 08:39:36,245 [INFO] [42/121] 잠실한강공원 (primary=KEY_2)
2026-07-02 08:39:37,434 [INFO] [43/121] 잠원한강공원 (primary=KEY_3)
2026-07-02 08:39:39,378 [INFO] [44/121] 청계산 (primary=KEY_4)
2026-07-02 08:39:40,549 [INFO] [45/121] 홍제폭포 (primary=KEY_1)
2026-07-02 08:39:41,714 [INFO] [46/121] 가락시장 (primary=KEY_2)
2026-07-02 08:39:43,108 [INFO] [47/121] 가로수길 (primary=KEY_3)
2026-07-02 08:39:45,703 [INFO] [48/121] 광장(전통)시장 (primary=KEY_4)
2026-07-02 08:39:46,891 [INFO] [49/121] 김포공항 (primary=KEY_1)
2026-07-02 08:39:48,475 [INFO] [50/121] 남대문시장 (primary=KEY_2)
2026-07-02 08:39:49,862 [INFO] [51/121] 노량진 (primary=KEY_3)
2026-07-02 08:39:51,260 [INFO] [52/121] 덕수궁길·정동길 (primary=KEY_4)
2026-07-02 08:39:53,482 [INFO] [53/121] 북창동 먹자골목 (primary=KEY_1)
2026-07-02 08:39:54,858 [INFO] [54/121] 북촌한옥마을 (primary=KEY_2)
2026-07-02 08:39:57,210 [INFO] [55/121] 서촌 (primary=KEY_3)
2026-07-02 08:39:58,575 [INFO] [56/121] 성수카페거리 (primary=KEY_4)
2026-07-02 08:40:00,152 [INFO] [57/121] 송리단길·호수단길 (primary=KEY_1)
2026-07-02 08:40:01,545 [INFO] [58/121] 신촌 스타광장 (primary=KEY_2)
2026-07-02 08:40:02,721 [INFO] [59/121] 압구정로데오거리 (primary=KEY_3)
2026-07-02 08:40:04,881 [INFO] [60/121] 여의도 (primary=KEY_4)
2026-07-02 08:40:07,163 [INFO] [61/121] 연남동 (primary=KEY_1)
2026-07-02 08:40:08,573 [INFO] [62/121] 영등포 타임스퀘어 (primary=KEY_2)
2026-07-02 08:40:09,952 [INFO] [63/121] 용리단길 (primary=KEY_3)
2026-07-02 08:40:11,188 [INFO] [64/121] 이태원 앤틱가구거리 (primary=KEY_4)
2026-07-02 08:40:12,549 [INFO] [65/121] 익선동 (primary=KEY_1)
2026-07-02 08:40:13,930 [INFO] [66/121] 인사동 (primary=KEY_2)
2026-07-02 08:40:15,541 [INFO] [67/121] 잠실롯데타워·석촌호수 (primary=KEY_3)
2026-07-02 08:40:17,331 [INFO] [68/121] 창동 신경제 중심지 (primary=KEY_4)
2026-07-02 08:40:19,119 [INFO] [69/121] 청담동 명품거리 (primary=KEY_1)
2026-07-02 08:40:20,530 [INFO] [70/121] 청량리 제기동 일대 전통시장 (primary=KEY_2)
2026-07-02 08:40:21,927 [INFO] [71/121] 해방촌·경리단길 (primary=KEY_3)
2026-07-02 08:40:23,094 [INFO] [72/121] DDP(동대문디자인플라자) (primary=KEY_4)
2026-07-02 08:40:24,482 [INFO] [73/121] DMC(디지털미디어시티) (primary=KEY_1)
2026-07-02 08:40:26,298 [INFO] [74/121] 가산디지털단지역 (primary=KEY_2)
2026-07-02 08:40:28,078 [INFO] [75/121] 강남역 (primary=KEY_3)
2026-07-02 08:40:29,725 [INFO] [76/121] 건대입구역 (primary=KEY_4)
2026-07-02 08:40:31,101 [INFO] [77/121] 고덕역 (primary=KEY_1)
2026-07-02 08:40:32,470 [INFO] [78/121] 고속터미널역 (primary=KEY_2)
2026-07-02 08:40:33,902 [INFO] [79/121] 교대역 (primary=KEY_3)
2026-07-02 08:40:35,276 [INFO] [80/121] 구로디지털단지역 (primary=KEY_4)
2026-07-02 08:40:36,879 [INFO] [81/121] 구로역 (primary=KEY_1)
2026-07-02 08:40:38,044 [INFO] [82/121] 군자역 (primary=KEY_2)
2026-07-02 08:40:39,448 [INFO] [83/121] 대림역 (primary=KEY_3)
2026-07-02 08:40:40,838 [INFO] [84/121] 동대문역 (primary=KEY_4)
2026-07-02 08:40:42,213 [INFO] [85/121] 뚝섬역 (primary=KEY_1)
2026-07-02 08:40:43,575 [INFO] [86/121] 미아사거리역 (primary=KEY_2)
2026-07-02 08:40:44,953 [INFO] [87/121] 발산역 (primary=KEY_3)
2026-07-02 08:40:46,538 [INFO] [88/121] 사당역 (primary=KEY_4)
2026-07-02 08:40:47,929 [INFO] [89/121] 삼각지역 (primary=KEY_1)
2026-07-02 08:40:49,297 [INFO] [90/121] 서울대입구역 (primary=KEY_2)
2026-07-02 08:40:50,654 [INFO] [91/121] 서울식물원·마곡나루역 (primary=KEY_3)
2026-07-02 08:40:52,238 [INFO] [92/121] 서울역 (primary=KEY_4)
2026-07-02 08:40:53,881 [INFO] [93/121] 선릉역 (primary=KEY_1)
2026-07-02 08:40:55,678 [INFO] [94/121] 성신여대입구역 (primary=KEY_2)
2026-07-02 08:40:56,864 [INFO] [95/121] 수유역 (primary=KEY_3)
2026-07-02 08:40:58,246 [INFO] [96/121] 숭례문 (primary=KEY_4)
2026-07-02 08:40:59,829 [INFO] [97/121] 시의회 앞 (primary=KEY_1)
2026-07-02 08:41:01,238 [INFO] [98/121] 신논현역·논현역 (primary=KEY_2)
2026-07-02 08:41:02,630 [INFO] [99/121] 신도림역 (primary=KEY_3)
2026-07-02 08:41:03,795 [INFO] [100/121] 신림역 (primary=KEY_4)
2026-07-02 08:41:04,970 [INFO] [101/121] 신정네거리역 (primary=KEY_1)
2026-07-02 08:41:06,329 [INFO] [102/121] 신촌·이대역 (primary=KEY_2)
2026-07-02 08:41:07,698 [INFO] [103/121] 쌍문역 (primary=KEY_3)
2026-07-02 08:41:09,062 [INFO] [104/121] 양재역 (primary=KEY_4)
2026-07-02 08:41:10,477 [INFO] [105/121] 역삼역 (primary=KEY_1)
2026-07-02 08:41:12,116 [INFO] [106/121] 연신내역 (primary=KEY_2)
2026-07-02 08:41:13,316 [INFO] [107/121] 오목교역·목동운동장 (primary=KEY_3)
2026-07-02 08:41:15,292 [INFO] [108/121] 왕십리역 (primary=KEY_4)
2026-07-02 08:41:16,671 [INFO] [109/121] 용산역 (primary=KEY_1)
2026-07-02 08:41:18,245 [INFO] [110/121] 이태원역 (primary=KEY_2)
2026-07-02 08:41:19,438 [INFO] [111/121] 잠실새내역 (primary=KEY_3)
2026-07-02 08:41:20,806 [INFO] [112/121] 잠실역 (primary=KEY_4)
2026-07-02 08:41:22,387 [INFO] [113/121] 장지역 (primary=KEY_1)
2026-07-02 08:41:24,000 [INFO] [114/121] 장한평역 (primary=KEY_2)
2026-07-02 08:41:25,399 [INFO] [115/121] 천호역 (primary=KEY_3)
2026-07-02 08:41:26,833 [INFO] [116/121] 총신대입구(이수)역 (primary=KEY_4)
2026-07-02 08:41:28,202 [INFO] [117/121] 충정로역 (primary=KEY_1)
2026-07-02 08:41:29,583 [INFO] [118/121] 합정역 (primary=KEY_2)
2026-07-02 08:41:30,975 [INFO] [119/121] 혜화역 (primary=KEY_3)
2026-07-02 08:41:32,359 [INFO] [120/121] 홍대입구역(2호선) (primary=KEY_4)
2026-07-02 08:41:33,766 [INFO] [121/121] 회기역 (primary=KEY_1)
2026-07-02 08:41:36,873 [INFO] === 수집 완료 | 성공 121, 실패 0 ===
2026-07-02 08:41:36,873 [INFO] 카테고리별 저장 결과:
2026-07-02 08:41:36,873 [INFO]    accident                  | 신규     4행 | 누적     32행 | 16컬럼
2026-07-02 08:41:36,873 [INFO]    area_meta                 | 신규   121행 | 누적   1089행 | 5컬럼
2026-07-02 08:41:36,874 [INFO]    bike                      | 신규    12행 | 누적    108행 | 12컬럼
2026-07-02 08:41:36,874 [INFO]    bike_sbike_stts           | 신규   553행 | 누적   4977행 | 12컬럼
2026-07-02 08:41:36,874 [INFO]    bus                       | 신규     3행 | 누적     27행 | 11컬럼
2026-07-02 08:41:36,874 [INFO]    bus_bus_stn_stts          | 신규  1745행 | 누적  15705행 | 11컬럼
2026-07-02 08:41:36,874 [INFO]    charger                   | 신규     9행 | 누적    110행 | 15컬럼
2026-07-02 08:41:36,874 [INFO]    charger_charger_stts      | 신규  1636행 | 누적  11033행 | 15컬럼
2026-07-02 08:41:36,874 [INFO]    cmrcl                     | 신규    82행 | 누적    738행 | 20컬럼
2026-07-02 08:41:36,874 [INFO]    events                    | 신규    11행 | 누적     94행 | 14컬럼
2026-07-02 08:41:36,874 [INFO]    events_event_stts         | 신규   121행 | 누적   1079행 | 14컬럼
2026-07-02 08:41:36,874 [INFO]    news                      | 신규   120행 | 누적    360행 | 10컬럼
2026-07-02 08:41:36,874 [INFO]    parking                   | 신규     6행 | 누적     54행 | 21컬럼
2026-07-02 08:41:36,874 [INFO]    parking_prk_stts          | 신규  1833행 | 누적  16497행 | 21컬럼
2026-07-02 08:41:36,874 [INFO]    ppltn                     | 신규   121행 | 누적   1089행 | 26컬럼
2026-07-02 08:41:36,874 [INFO]    road                      | 신규   121행 | 누적   1089행 | 21컬럼
2026-07-02 08:41:36,874 [INFO]    road_road_traffic_stts    | 신규  5261행 | 누적  47349행 | 17컬럼
2026-07-02 08:41:36,875 [INFO]    subway                    | 신규    38행 | 누적    342행 | 13컬럼
2026-07-02 08:41:36,875 [INFO]    subway_sub_stts           | 신규   183행 | 누적   1647행 | 13컬럼
2026-07-02 08:41:36,875 [INFO]    weather                   | 신규   119행 | 누적   1071행 | 29컬럼
2026-07-02 08:41:36,875 [INFO] 키별 사용량:
2026-07-02 08:41:36,875 [INFO]    🟢 KEY_1 (31/1000) 
2026-07-02 08:41:36,875 [INFO]    🟢 KEY_2 (30/1000) 
2026-07-02 08:41:36,875 [INFO]    🟢 KEY_3 (30/1000) 
2026-07-02 08:41:36,875 [INFO]    🟢 KEY_4 (30/1000) 
2026-07-02 10:15:59,844 [INFO] 등록된 키: 4개, 합산 한도 4,000건/일
2026-07-02 10:15:59,844 [INFO] POI 로드: 매뉴얼 v8.5 기준 fallback 121개 (121개 전체)
2026-07-02 10:15:59,844 [INFO] === 수집 시작 2026-07-02T10:15:59.844735+09:00 ===
2026-07-02 10:15:59,844 [INFO] 대상 장소: 121개 | API: citydata (통합)
2026-07-02 10:15:59,844 [INFO] 키 풀: 4/4 활성 | 오늘 사용 0/4000건
2026-07-02 10:15:59,844 [INFO]   [KEY_1] 담당 31장소
2026-07-02 10:15:59,845 [INFO]   [KEY_2] 담당 30장소
2026-07-02 10:15:59,845 [INFO]   [KEY_3] 담당 30장소
2026-07-02 10:15:59,845 [INFO]   [KEY_4] 담당 30장소
2026-07-02 10:15:59,845 [INFO] [1/121] 경복궁 (primary=KEY_1)
2026-07-02 10:16:01,848 [INFO] [2/121] 광화문·덕수궁 (primary=KEY_2)
2026-07-02 10:16:04,027 [INFO] [3/121] 보신각 (primary=KEY_3)
2026-07-02 10:16:05,978 [INFO] [4/121] 서울 암사동 유적 (primary=KEY_4)
2026-07-02 10:16:07,735 [INFO] [5/121] 창덕궁·종묘 (primary=KEY_1)
2026-07-02 10:16:09,687 [INFO] [6/121] 강남 MICE 관광특구 (primary=KEY_2)
2026-07-02 10:16:11,365 [INFO] [7/121] 동대문 관광특구 (primary=KEY_3)
2026-07-02 10:16:12,816 [INFO] [8/121] 명동 관광특구 (primary=KEY_4)
2026-07-02 10:16:15,432 [INFO] [9/121] 이태원 관광특구 (primary=KEY_1)
2026-07-02 10:16:16,878 [INFO] [10/121] 잠실 관광특구 (primary=KEY_2)
2026-07-02 10:16:18,399 [INFO] [11/121] 종로·청계 관광특구 (primary=KEY_3)
2026-07-02 10:16:20,922 [INFO] [12/121] 홍대 관광특구 (primary=KEY_4)
2026-07-02 10:16:22,403 [INFO] [13/121] 강서한강공원 (primary=KEY_1)
2026-07-02 10:16:23,490 [INFO] [14/121] 고척돔 (primary=KEY_2)
2026-07-02 10:16:24,579 [INFO] [15/121] 광나루한강공원 (primary=KEY_3)
2026-07-02 10:16:25,832 [INFO] [16/121] 광화문광장 (primary=KEY_4)
2026-07-02 10:16:27,108 [INFO] [17/121] 국립중앙박물관·용산가족공원 (primary=KEY_1)
2026-07-02 10:16:28,193 [INFO] [18/121] 난지한강공원 (primary=KEY_2)
2026-07-02 10:16:29,270 [INFO] [19/121] 남산공원 (primary=KEY_3)
2026-07-02 10:16:30,727 [INFO] [20/121] 노들섬 (primary=KEY_4)
2026-07-02 10:16:32,402 [INFO] [21/121] 뚝섬한강공원 (primary=KEY_1)
2026-07-02 10:16:33,479 [INFO] [22/121] 망원한강공원 (primary=KEY_2)
2026-07-02 10:16:35,655 [INFO] [23/121] 반포한강공원 (primary=KEY_3)
2026-07-02 10:16:36,754 [INFO] [24/121] 보라매공원 (primary=KEY_4)
2026-07-02 10:16:37,838 [INFO] [25/121] 북서울꿈의숲 (primary=KEY_1)
2026-07-02 10:16:38,931 [INFO] [26/121] 서대문독립공원 (primary=KEY_2)
2026-07-02 10:16:40,040 [INFO] [27/121] 서리풀공원·몽마르뜨공원 (primary=KEY_3)
2026-07-02 10:16:41,377 [INFO] [28/121] 서울대공원 (primary=KEY_4)
2026-07-02 10:16:42,448 [INFO] [29/121] 서울숲공원 (primary=KEY_1)
2026-07-02 10:16:43,717 [INFO] [30/121] 송현녹지광장 (primary=KEY_2)
2026-07-02 10:16:44,981 [INFO] [31/121] 아차산 (primary=KEY_3)
2026-07-02 10:16:46,068 [INFO] [32/121] 안양천 (primary=KEY_4)
2026-07-02 10:16:47,158 [INFO] [33/121] 양화한강공원 (primary=KEY_1)
2026-07-02 10:16:48,238 [INFO] [34/121] 어린이대공원 (primary=KEY_2)
2026-07-02 10:16:49,345 [INFO] [35/121] 여의도한강공원 (primary=KEY_3)
2026-07-02 10:16:50,597 [INFO] [36/121] 여의서로 (primary=KEY_4)
2026-07-02 10:16:51,676 [INFO] [37/121] 올림픽공원 (primary=KEY_1)
2026-07-02 10:16:52,976 [INFO] [38/121] 월드컵공원 (primary=KEY_2)
2026-07-02 10:16:54,417 [INFO] [39/121] 응봉산 (primary=KEY_3)
2026-07-02 10:16:55,659 [INFO] [40/121] 이촌한강공원 (primary=KEY_4)
2026-07-02 10:16:56,762 [INFO] [41/121] 잠실종합운동장 (primary=KEY_1)
2026-07-02 10:16:58,874 [INFO] [42/121] 잠실한강공원 (primary=KEY_2)
2026-07-02 10:16:59,971 [INFO] [43/121] 잠원한강공원 (primary=KEY_3)
2026-07-02 10:17:01,054 [INFO] [44/121] 청계산 (primary=KEY_4)
2026-07-02 10:17:02,825 [INFO] [45/121] 홍제폭포 (primary=KEY_1)
2026-07-02 10:17:03,908 [INFO] [46/121] 가락시장 (primary=KEY_2)
2026-07-02 10:17:05,188 [INFO] [47/121] 가로수길 (primary=KEY_3)
2026-07-02 10:17:06,486 [INFO] [48/121] 광장(전통)시장 (primary=KEY_4)
2026-07-02 10:17:07,577 [INFO] [49/121] 김포공항 (primary=KEY_1)
2026-07-02 10:17:08,873 [INFO] [50/121] 남대문시장 (primary=KEY_2)
2026-07-02 10:17:10,121 [INFO] [51/121] 노량진 (primary=KEY_3)
2026-07-02 10:17:11,390 [INFO] [52/121] 덕수궁길·정동길 (primary=KEY_4)
2026-07-02 10:17:12,672 [INFO] [53/121] 북창동 먹자골목 (primary=KEY_1)
2026-07-02 10:17:13,757 [INFO] [54/121] 북촌한옥마을 (primary=KEY_2)
2026-07-02 10:17:15,036 [INFO] [55/121] 서촌 (primary=KEY_3)
2026-07-02 10:17:16,303 [INFO] [56/121] 성수카페거리 (primary=KEY_4)
2026-07-02 10:17:17,570 [INFO] [57/121] 송리단길·호수단길 (primary=KEY_1)
2026-07-02 10:17:18,846 [INFO] [58/121] 신촌 스타광장 (primary=KEY_2)
2026-07-02 10:17:19,937 [INFO] [59/121] 압구정로데오거리 (primary=KEY_3)
2026-07-02 10:17:21,256 [INFO] [60/121] 여의도 (primary=KEY_4)
2026-07-02 10:17:23,121 [INFO] [61/121] 연남동 (primary=KEY_1)
2026-07-02 10:17:24,379 [INFO] [62/121] 영등포 타임스퀘어 (primary=KEY_2)
2026-07-02 10:17:25,632 [INFO] [63/121] 용리단길 (primary=KEY_3)
2026-07-02 10:17:26,752 [INFO] [64/121] 이태원 앤틱가구거리 (primary=KEY_4)
2026-07-02 10:17:28,022 [INFO] [65/121] 익선동 (primary=KEY_1)
2026-07-02 10:17:29,293 [INFO] [66/121] 인사동 (primary=KEY_2)
2026-07-02 10:17:30,583 [INFO] [67/121] 잠실롯데타워·석촌호수 (primary=KEY_3)
2026-07-02 10:17:31,957 [INFO] [68/121] 창동 신경제 중심지 (primary=KEY_4)
2026-07-02 10:17:33,452 [INFO] [69/121] 청담동 명품거리 (primary=KEY_1)
2026-07-02 10:17:34,709 [INFO] [70/121] 청량리 제기동 일대 전통시장 (primary=KEY_2)
2026-07-02 10:17:36,002 [INFO] [71/121] 해방촌·경리단길 (primary=KEY_3)
2026-07-02 10:17:37,093 [INFO] [72/121] DDP(동대문디자인플라자) (primary=KEY_4)
2026-07-02 10:17:38,368 [INFO] [73/121] DMC(디지털미디어시티) (primary=KEY_1)
2026-07-02 10:17:40,519 [INFO] [74/121] 가산디지털단지역 (primary=KEY_2)
2026-07-02 10:17:41,954 [INFO] [75/121] 강남역 (primary=KEY_3)
2026-07-02 10:17:44,303 [INFO] [76/121] 건대입구역 (primary=KEY_4)
2026-07-02 10:17:46,284 [INFO] [77/121] 고덕역 (primary=KEY_1)
2026-07-02 10:17:48,235 [INFO] [78/121] 고속터미널역 (primary=KEY_2)
2026-07-02 10:17:50,064 [INFO] [79/121] 교대역 (primary=KEY_3)
2026-07-02 10:17:51,168 [INFO] [80/121] 구로디지털단지역 (primary=KEY_4)
2026-07-02 10:17:52,445 [INFO] [81/121] 구로역 (primary=KEY_1)
2026-07-02 10:17:54,259 [INFO] [82/121] 군자역 (primary=KEY_2)
2026-07-02 10:17:55,535 [INFO] [83/121] 대림역 (primary=KEY_3)
2026-07-02 10:17:56,818 [INFO] [84/121] 동대문역 (primary=KEY_4)
2026-07-02 10:17:58,993 [INFO] [85/121] 뚝섬역 (primary=KEY_1)
2026-07-02 10:18:00,267 [INFO] [86/121] 미아사거리역 (primary=KEY_2)
2026-07-02 10:18:01,529 [INFO] [87/121] 발산역 (primary=KEY_3)
2026-07-02 10:18:02,986 [INFO] [88/121] 사당역 (primary=KEY_4)
2026-07-02 10:18:04,952 [INFO] [89/121] 삼각지역 (primary=KEY_1)
2026-07-02 10:18:06,067 [INFO] [90/121] 서울대입구역 (primary=KEY_2)
2026-07-02 10:18:07,354 [INFO] [91/121] 서울식물원·마곡나루역 (primary=KEY_3)
2026-07-02 10:18:09,310 [INFO] [92/121] 서울역 (primary=KEY_4)
2026-07-02 10:18:10,626 [INFO] [93/121] 선릉역 (primary=KEY_1)
2026-07-02 10:18:12,092 [INFO] [94/121] 성신여대입구역 (primary=KEY_2)
2026-07-02 10:18:13,193 [INFO] [95/121] 수유역 (primary=KEY_3)
2026-07-02 10:18:15,173 [INFO] [96/121] 숭례문 (primary=KEY_4)
2026-07-02 10:18:17,134 [INFO] [97/121] 시의회 앞 (primary=KEY_1)
2026-07-02 10:18:18,420 [INFO] [98/121] 신논현역·논현역 (primary=KEY_2)
2026-07-02 10:18:19,718 [INFO] [99/121] 신도림역 (primary=KEY_3)
2026-07-02 10:18:21,506 [INFO] [100/121] 신림역 (primary=KEY_4)
2026-07-02 10:18:22,618 [INFO] [101/121] 신정네거리역 (primary=KEY_1)
2026-07-02 10:18:23,713 [INFO] [102/121] 신촌·이대역 (primary=KEY_2)
2026-07-02 10:18:24,969 [INFO] [103/121] 쌍문역 (primary=KEY_3)
2026-07-02 10:18:26,251 [INFO] [104/121] 양재역 (primary=KEY_4)
2026-07-02 10:18:27,522 [INFO] [105/121] 역삼역 (primary=KEY_1)
2026-07-02 10:18:28,791 [INFO] [106/121] 연신내역 (primary=KEY_2)
2026-07-02 10:18:29,895 [INFO] [107/121] 오목교역·목동운동장 (primary=KEY_3)
2026-07-02 10:18:31,337 [INFO] [108/121] 왕십리역 (primary=KEY_4)
2026-07-02 10:18:32,610 [INFO] [109/121] 용산역 (primary=KEY_1)
2026-07-02 10:18:33,943 [INFO] [110/121] 이태원역 (primary=KEY_2)
2026-07-02 10:18:35,029 [INFO] [111/121] 잠실새내역 (primary=KEY_3)
2026-07-02 10:18:36,306 [INFO] [112/121] 잠실역 (primary=KEY_4)
2026-07-02 10:18:37,593 [INFO] [113/121] 장지역 (primary=KEY_1)
2026-07-02 10:18:38,865 [INFO] [114/121] 장한평역 (primary=KEY_2)
2026-07-02 10:18:41,330 [INFO] [115/121] 천호역 (primary=KEY_3)
2026-07-02 10:18:42,618 [INFO] [116/121] 총신대입구(이수)역 (primary=KEY_4)
2026-07-02 10:18:43,895 [INFO] [117/121] 충정로역 (primary=KEY_1)
2026-07-02 10:18:45,172 [INFO] [118/121] 합정역 (primary=KEY_2)
2026-07-02 10:18:46,437 [INFO] [119/121] 혜화역 (primary=KEY_3)
2026-07-02 10:18:47,714 [INFO] [120/121] 홍대입구역(2호선) (primary=KEY_4)
2026-07-02 10:18:49,020 [INFO] [121/121] 회기역 (primary=KEY_1)
2026-07-02 10:18:52,035 [INFO] === 수집 완료 | 성공 121, 실패 0 ===
2026-07-02 10:18:52,035 [INFO] 카테고리별 저장 결과:
2026-07-02 10:18:52,035 [INFO]    accident                  | 신규    10행 | 누적     42행 | 16컬럼
2026-07-02 10:18:52,035 [INFO]    area_meta                 | 신규   121행 | 누적   1210행 | 5컬럼
2026-07-02 10:18:52,035 [INFO]    bike                      | 신규    12행 | 누적    120행 | 12컬럼
2026-07-02 10:18:52,035 [INFO]    bike_sbike_stts           | 신규   553행 | 누적   5530행 | 12컬럼
2026-07-02 10:18:52,035 [INFO]    bus                       | 신규     3행 | 누적     30행 | 11컬럼
2026-07-02 10:18:52,035 [INFO]    bus_bus_stn_stts          | 신규  1745행 | 누적  17450행 | 11컬럼
2026-07-02 10:18:52,035 [INFO]    charger                   | 신규    25행 | 누적    135행 | 15컬럼
2026-07-02 10:18:52,035 [INFO]    charger_charger_stts      | 신규   340행 | 누적  11371행 | 15컬럼
2026-07-02 10:18:52,035 [INFO]    cmrcl                     | 신규    82행 | 누적    820행 | 20컬럼
2026-07-02 10:18:52,035 [INFO]    events                    | 신규    11행 | 누적    105행 | 14컬럼
2026-07-02 10:18:52,035 [INFO]    events_event_stts         | 신규   121행 | 누적   1200행 | 14컬럼
2026-07-02 10:18:52,035 [INFO]    news                      | 신규   120행 | 누적    480행 | 10컬럼
2026-07-02 10:18:52,035 [INFO]    parking                   | 신규     6행 | 누적     60행 | 21컬럼
2026-07-02 10:18:52,035 [INFO]    parking_prk_stts          | 신규  1833행 | 누적  18330행 | 21컬럼
2026-07-02 10:18:52,035 [INFO]    ppltn                     | 신규   121행 | 누적   1210행 | 26컬럼
2026-07-02 10:18:52,035 [INFO]    road                      | 신규   121행 | 누적   1210행 | 21컬럼
2026-07-02 10:18:52,035 [INFO]    road_road_traffic_stts    | 신규  5261행 | 누적  52610행 | 17컬럼
2026-07-02 10:18:52,036 [INFO]    subway                    | 신규    38행 | 누적    380행 | 13컬럼
2026-07-02 10:18:52,036 [INFO]    subway_sub_stts           | 신규   183행 | 누적   1830행 | 13컬럼
2026-07-02 10:18:52,036 [INFO]    weather                   | 신규   119행 | 누적   1190행 | 29컬럼
2026-07-02 10:18:52,036 [INFO] 키별 사용량:
2026-07-02 10:18:52,036 [INFO]    🟢 KEY_1 (31/1000) 
2026-07-02 10:18:52,036 [INFO]    🟢 KEY_2 (30/1000) 
2026-07-02 10:18:52,036 [INFO]    🟢 KEY_3 (30/1000) 
2026-07-02 10:18:52,036 [INFO]    🟢 KEY_4 (30/1000) 
2026-07-02 12:20:23,807 [INFO] 등록된 키: 4개, 합산 한도 4,000건/일
2026-07-02 12:20:23,807 [INFO] POI 로드: 매뉴얼 v8.5 기준 fallback 121개 (121개 전체)
2026-07-02 12:20:23,808 [INFO] === 수집 시작 2026-07-02T12:20:23.808031+09:00 ===
2026-07-02 12:20:23,808 [INFO] 대상 장소: 121개 | API: citydata (통합)
2026-07-02 12:20:23,808 [INFO] 키 풀: 4/4 활성 | 오늘 사용 0/4000건
2026-07-02 12:20:23,808 [INFO]   [KEY_1] 담당 31장소
2026-07-02 12:20:23,808 [INFO]   [KEY_2] 담당 30장소
2026-07-02 12:20:23,808 [INFO]   [KEY_3] 담당 30장소
2026-07-02 12:20:23,808 [INFO]   [KEY_4] 담당 30장소
2026-07-02 12:20:23,808 [INFO] [1/121] 경복궁 (primary=KEY_1)
2026-07-02 12:20:26,352 [INFO] [2/121] 광화문·덕수궁 (primary=KEY_2)
2026-07-02 12:20:28,966 [INFO] [3/121] 보신각 (primary=KEY_3)
2026-07-02 12:20:31,118 [INFO] [4/121] 서울 암사동 유적 (primary=KEY_4)
2026-07-02 12:20:32,285 [INFO] [5/121] 창덕궁·종묘 (primary=KEY_1)
2026-07-02 12:20:34,430 [INFO] [6/121] 강남 MICE 관광특구 (primary=KEY_2)
2026-07-02 12:20:36,604 [INFO] [7/121] 동대문 관광특구 (primary=KEY_3)
2026-07-02 12:20:38,229 [INFO] [8/121] 명동 관광특구 (primary=KEY_4)
2026-07-02 12:20:40,868 [INFO] [9/121] 이태원 관광특구 (primary=KEY_1)
2026-07-02 12:20:43,433 [INFO] [10/121] 잠실 관광특구 (primary=KEY_2)
2026-07-02 12:20:45,852 [INFO] [11/121] 종로·청계 관광특구 (primary=KEY_3)
2026-07-02 12:20:48,293 [INFO] [12/121] 홍대 관광특구 (primary=KEY_4)
2026-07-02 12:20:51,090 [INFO] [13/121] 강서한강공원 (primary=KEY_1)
2026-07-02 12:20:53,020 [INFO] [14/121] 고척돔 (primary=KEY_2)
2026-07-02 12:20:54,979 [INFO] [15/121] 광나루한강공원 (primary=KEY_3)
2026-07-02 12:20:57,132 [INFO] [16/121] 광화문광장 (primary=KEY_4)
2026-07-02 12:20:59,101 [INFO] [17/121] 국립중앙박물관·용산가족공원 (primary=KEY_1)
2026-07-02 12:21:01,063 [INFO] [18/121] 난지한강공원 (primary=KEY_2)
2026-07-02 12:21:02,236 [INFO] [19/121] 남산공원 (primary=KEY_3)
2026-07-02 12:21:03,858 [INFO] [20/121] 노들섬 (primary=KEY_4)
2026-07-02 12:21:05,021 [INFO] [21/121] 뚝섬한강공원 (primary=KEY_1)
2026-07-02 12:21:07,016 [INFO] [22/121] 망원한강공원 (primary=KEY_2)
2026-07-02 12:21:08,397 [INFO] [23/121] 반포한강공원 (primary=KEY_3)
2026-07-02 12:21:09,743 [INFO] [24/121] 보라매공원 (primary=KEY_4)
2026-07-02 12:21:12,095 [INFO] [25/121] 북서울꿈의숲 (primary=KEY_1)
2026-07-02 12:21:14,236 [INFO] [26/121] 서대문독립공원 (primary=KEY_2)
2026-07-02 12:21:15,422 [INFO] [27/121] 서리풀공원·몽마르뜨공원 (primary=KEY_3)
2026-07-02 12:21:16,799 [INFO] [28/121] 서울대공원 (primary=KEY_4)
2026-07-02 12:21:17,939 [INFO] [29/121] 서울숲공원 (primary=KEY_1)
2026-07-02 12:21:20,282 [INFO] [30/121] 송현녹지광장 (primary=KEY_2)
2026-07-02 12:21:21,651 [INFO] [31/121] 아차산 (primary=KEY_3)
2026-07-02 12:21:22,804 [INFO] [32/121] 안양천 (primary=KEY_4)
2026-07-02 12:21:23,956 [INFO] [33/121] 양화한강공원 (primary=KEY_1)
2026-07-02 12:21:25,895 [INFO] [34/121] 어린이대공원 (primary=KEY_2)
2026-07-02 12:21:27,281 [INFO] [35/121] 여의도한강공원 (primary=KEY_3)
2026-07-02 12:21:28,633 [INFO] [36/121] 여의서로 (primary=KEY_4)
2026-07-02 12:21:29,979 [INFO] [37/121] 올림픽공원 (primary=KEY_1)
2026-07-02 12:21:31,580 [INFO] [38/121] 월드컵공원 (primary=KEY_2)
2026-07-02 12:21:33,176 [INFO] [39/121] 응봉산 (primary=KEY_3)
2026-07-02 12:21:34,547 [INFO] [40/121] 이촌한강공원 (primary=KEY_4)
2026-07-02 12:21:35,695 [INFO] [41/121] 잠실종합운동장 (primary=KEY_1)
2026-07-02 12:21:36,852 [INFO] [42/121] 잠실한강공원 (primary=KEY_2)
2026-07-02 12:21:38,017 [INFO] [43/121] 잠원한강공원 (primary=KEY_3)
2026-07-02 12:21:39,160 [INFO] [44/121] 청계산 (primary=KEY_4)
2026-07-02 12:21:40,318 [INFO] [45/121] 홍제폭포 (primary=KEY_1)
2026-07-02 12:21:41,471 [INFO] [46/121] 가락시장 (primary=KEY_2)
2026-07-02 12:21:43,821 [INFO] [47/121] 가로수길 (primary=KEY_3)
2026-07-02 12:21:45,208 [INFO] [48/121] 광장(전통)시장 (primary=KEY_4)
2026-07-02 12:21:46,383 [INFO] [49/121] 김포공항 (primary=KEY_1)
2026-07-02 12:21:47,976 [INFO] [50/121] 남대문시장 (primary=KEY_2)
2026-07-02 12:21:49,369 [INFO] [51/121] 노량진 (primary=KEY_3)
2026-07-02 12:21:50,761 [INFO] [52/121] 덕수궁길·정동길 (primary=KEY_4)
2026-07-02 12:21:52,235 [INFO] [53/121] 북창동 먹자골목 (primary=KEY_1)
2026-07-02 12:21:54,406 [INFO] [54/121] 북촌한옥마을 (primary=KEY_2)
2026-07-02 12:21:55,987 [INFO] [55/121] 서촌 (primary=KEY_3)
2026-07-02 12:21:57,374 [INFO] [56/121] 성수카페거리 (primary=KEY_4)
2026-07-02 12:21:58,965 [INFO] [57/121] 송리단길·호수단길 (primary=KEY_1)
2026-07-02 12:22:00,352 [INFO] [58/121] 신촌 스타광장 (primary=KEY_2)
2026-07-02 12:22:01,541 [INFO] [59/121] 압구정로데오거리 (primary=KEY_3)
2026-07-02 12:22:03,696 [INFO] [60/121] 여의도 (primary=KEY_4)
2026-07-02 12:22:05,989 [INFO] [61/121] 연남동 (primary=KEY_1)
2026-07-02 12:22:07,343 [INFO] [62/121] 영등포 타임스퀘어 (primary=KEY_2)
2026-07-02 12:22:08,707 [INFO] [63/121] 용리단길 (primary=KEY_3)
2026-07-02 12:22:10,082 [INFO] [64/121] 이태원 앤틱가구거리 (primary=KEY_4)
2026-07-02 12:22:11,440 [INFO] [65/121] 익선동 (primary=KEY_1)
2026-07-02 12:22:12,827 [INFO] [66/121] 인사동 (primary=KEY_2)
2026-07-02 12:22:14,436 [INFO] [67/121] 잠실롯데타워·석촌호수 (primary=KEY_3)
2026-07-02 12:22:16,230 [INFO] [68/121] 창동 신경제 중심지 (primary=KEY_4)
2026-07-02 12:22:18,011 [INFO] [69/121] 청담동 명품거리 (primary=KEY_1)
2026-07-02 12:22:19,377 [INFO] [70/121] 청량리 제기동 일대 전통시장 (primary=KEY_2)
2026-07-02 12:22:20,764 [INFO] [71/121] 해방촌·경리단길 (primary=KEY_3)
2026-07-02 12:22:22,145 [INFO] [72/121] DDP(동대문디자인플라자) (primary=KEY_4)
2026-07-02 12:22:24,526 [INFO] [73/121] DMC(디지털미디어시티) (primary=KEY_1)
2026-07-02 12:22:26,325 [INFO] [74/121] 가산디지털단지역 (primary=KEY_2)
2026-07-02 12:22:28,315 [INFO] [75/121] 강남역 (primary=KEY_3)
2026-07-02 12:22:29,916 [INFO] [76/121] 건대입구역 (primary=KEY_4)
2026-07-02 12:22:31,321 [INFO] [77/121] 고덕역 (primary=KEY_1)
2026-07-02 12:22:32,691 [INFO] [78/121] 고속터미널역 (primary=KEY_2)
2026-07-02 12:22:34,080 [INFO] [79/121] 교대역 (primary=KEY_3)
2026-07-02 12:22:35,517 [INFO] [80/121] 구로디지털단지역 (primary=KEY_4)
2026-07-02 12:22:37,098 [INFO] [81/121] 구로역 (primary=KEY_1)
2026-07-02 12:22:38,270 [INFO] [82/121] 군자역 (primary=KEY_2)
2026-07-02 12:22:39,654 [INFO] [83/121] 대림역 (primary=KEY_3)
2026-07-02 12:22:41,054 [INFO] [84/121] 동대문역 (primary=KEY_4)
2026-07-02 12:22:42,444 [INFO] [85/121] 뚝섬역 (primary=KEY_1)
2026-07-02 12:22:43,823 [INFO] [86/121] 미아사거리역 (primary=KEY_2)
2026-07-02 12:22:45,206 [INFO] [87/121] 발산역 (primary=KEY_3)
2026-07-02 12:22:47,966 [INFO] [88/121] 사당역 (primary=KEY_4)
2026-07-02 12:22:50,536 [INFO] [89/121] 삼각지역 (primary=KEY_1)
2026-07-02 12:22:52,891 [INFO] [90/121] 서울대입구역 (primary=KEY_2)
2026-07-02 12:22:55,288 [INFO] [91/121] 서울식물원·마곡나루역 (primary=KEY_3)
2026-07-02 12:22:57,694 [INFO] [92/121] 서울역 (primary=KEY_4)
2026-07-02 12:23:00,316 [INFO] [93/121] 선릉역 (primary=KEY_1)
2026-07-02 12:23:02,939 [INFO] [94/121] 성신여대입구역 (primary=KEY_2)
2026-07-02 12:23:05,107 [INFO] [95/121] 수유역 (primary=KEY_3)
2026-07-02 12:23:07,283 [INFO] [96/121] 숭례문 (primary=KEY_4)
2026-07-02 12:23:09,657 [INFO] [97/121] 시의회 앞 (primary=KEY_1)
2026-07-02 12:23:11,045 [INFO] [98/121] 신논현역·논현역 (primary=KEY_2)
2026-07-02 12:23:12,467 [INFO] [99/121] 신도림역 (primary=KEY_3)
2026-07-02 12:23:14,812 [INFO] [100/121] 신림역 (primary=KEY_4)
2026-07-02 12:23:16,206 [INFO] [101/121] 신정네거리역 (primary=KEY_1)
2026-07-02 12:23:18,765 [INFO] [102/121] 신촌·이대역 (primary=KEY_2)
2026-07-02 12:23:20,920 [INFO] [103/121] 쌍문역 (primary=KEY_3)
2026-07-02 12:23:23,081 [INFO] [104/121] 양재역 (primary=KEY_4)
2026-07-02 12:23:24,542 [INFO] [105/121] 역삼역 (primary=KEY_1)
2026-07-02 12:23:26,714 [INFO] [106/121] 연신내역 (primary=KEY_2)
2026-07-02 12:23:28,509 [INFO] [107/121] 오목교역·목동운동장 (primary=KEY_3)
2026-07-02 12:23:31,666 [INFO] [108/121] 왕십리역 (primary=KEY_4)
2026-07-02 12:23:33,070 [INFO] [109/121] 용산역 (primary=KEY_1)
2026-07-02 12:23:35,470 [INFO] [110/121] 이태원역 (primary=KEY_2)
2026-07-02 12:23:37,633 [INFO] [111/121] 잠실새내역 (primary=KEY_3)
2026-07-02 12:23:40,192 [INFO] [112/121] 잠실역 (primary=KEY_4)
2026-07-02 12:23:41,794 [INFO] [113/121] 장지역 (primary=KEY_1)
2026-07-02 12:23:43,398 [INFO] [114/121] 장한평역 (primary=KEY_2)
2026-07-02 12:23:44,818 [INFO] [115/121] 천호역 (primary=KEY_3)
2026-07-02 12:23:46,411 [INFO] [116/121] 총신대입구(이수)역 (primary=KEY_4)
2026-07-02 12:23:47,793 [INFO] [117/121] 충정로역 (primary=KEY_1)
2026-07-02 12:23:49,190 [INFO] [118/121] 합정역 (primary=KEY_2)
2026-07-02 12:23:50,781 [INFO] [119/121] 혜화역 (primary=KEY_3)
2026-07-02 12:23:52,967 [INFO] [120/121] 홍대입구역(2호선) (primary=KEY_4)
2026-07-02 12:23:54,361 [INFO] [121/121] 회기역 (primary=KEY_1)
2026-07-02 12:23:57,768 [INFO] === 수집 완료 | 성공 121, 실패 0 ===
2026-07-02 12:23:57,768 [INFO] 카테고리별 저장 결과:
2026-07-02 12:23:57,768 [INFO]    accident                  | 신규     8행 | 누적     50행 | 16컬럼
2026-07-02 12:23:57,768 [INFO]    accident_acdnt_cntrl_stts | 신규    12행 | 누적     12행 | 16컬럼
2026-07-02 12:23:57,768 [INFO]    area_meta                 | 신규   121행 | 누적   1331행 | 5컬럼
2026-07-02 12:23:57,768 [INFO]    bike                      | 신규    12행 | 누적    132행 | 12컬럼
2026-07-02 12:23:57,768 [INFO]    bike_sbike_stts           | 신규   553행 | 누적   6083행 | 12컬럼
2026-07-02 12:23:57,768 [INFO]    bus                       | 신규     3행 | 누적     33행 | 11컬럼
2026-07-02 12:23:57,768 [INFO]    bus_bus_stn_stts          | 신규  1745행 | 누적  19195행 | 11컬럼
2026-07-02 12:23:57,768 [INFO]    charger                   | 신규     9행 | 누적    144행 | 15컬럼
2026-07-02 12:23:57,768 [INFO]    charger_charger_stts      | 신규  1636행 | 누적  12997행 | 15컬럼
2026-07-02 12:23:57,768 [INFO]    cmrcl                     | 신규    82행 | 누적    902행 | 20컬럼
2026-07-02 12:23:57,768 [INFO]    events                    | 신규    11행 | 누적    116행 | 14컬럼
2026-07-02 12:23:57,768 [INFO]    events_event_stts         | 신규   121행 | 누적   1321행 | 14컬럼
2026-07-02 12:23:57,768 [INFO]    news                      | 신규    11행 | 누적    491행 | 10컬럼
2026-07-02 12:23:57,768 [INFO]    news_live_yna_news        | 신규   218행 | 누적    218행 | 10컬럼
2026-07-02 12:23:57,769 [INFO]    parking                   | 신규     6행 | 누적     66행 | 21컬럼
2026-07-02 12:23:57,769 [INFO]    parking_prk_stts          | 신규  1833행 | 누적  20163행 | 21컬럼
2026-07-02 12:23:57,769 [INFO]    ppltn                     | 신규   121행 | 누적   1331행 | 26컬럼
2026-07-02 12:23:57,769 [INFO]    road                      | 신규   121행 | 누적   1331행 | 21컬럼
2026-07-02 12:23:57,769 [INFO]    road_road_traffic_stts    | 신규  5261행 | 누적  57871행 | 17컬럼
2026-07-02 12:23:57,769 [INFO]    subway                    | 신규    38행 | 누적    418행 | 13컬럼
2026-07-02 12:23:57,769 [INFO]    subway_sub_stts           | 신규   183행 | 누적   2013행 | 13컬럼
2026-07-02 12:23:57,769 [INFO]    weather                   | 신규   119행 | 누적   1309행 | 29컬럼
2026-07-02 12:23:57,769 [INFO] 키별 사용량:
2026-07-02 12:23:57,769 [INFO]    🟢 KEY_1 (31/1000) 
2026-07-02 12:23:57,769 [INFO]    🟢 KEY_2 (30/1000) 
2026-07-02 12:23:57,769 [INFO]    🟢 KEY_3 (30/1000) 
2026-07-02 12:23:57,769 [INFO]    🟢 KEY_4 (30/1000) 
2026-07-02 19:51:10,783 [INFO] 등록된 키: 4개, 합산 한도 4,000건/일
2026-07-02 19:51:10,784 [INFO] POI 로드: 매뉴얼 v8.5 기준 fallback 121개 (121개 전체)
2026-07-02 19:51:10,784 [INFO] === 수집 시작 2026-07-02T19:51:10.784270+09:00 ===
2026-07-02 19:51:10,784 [INFO] 대상 장소: 121개 | API: citydata (통합)
2026-07-02 19:51:10,784 [INFO] 키 풀: 4/4 활성 | 오늘 사용 0/4000건
2026-07-02 19:51:10,784 [INFO]   [KEY_1] 담당 31장소
2026-07-02 19:51:10,784 [INFO]   [KEY_2] 담당 30장소
2026-07-02 19:51:10,784 [INFO]   [KEY_3] 담당 30장소
2026-07-02 19:51:10,784 [INFO]   [KEY_4] 담당 30장소
2026-07-02 19:51:10,784 [INFO] [1/121] 경복궁 (primary=KEY_1)
2026-07-02 19:51:13,040 [INFO] [2/121] 광화문·덕수궁 (primary=KEY_2)
2026-07-02 19:51:14,819 [INFO] [3/121] 보신각 (primary=KEY_3)
2026-07-02 19:51:16,773 [INFO] [4/121] 서울 암사동 유적 (primary=KEY_4)
2026-07-02 19:51:17,861 [INFO] [5/121] 창덕궁·종묘 (primary=KEY_1)
2026-07-02 19:51:19,784 [INFO] [6/121] 강남 MICE 관광특구 (primary=KEY_2)
2026-07-02 19:51:21,784 [INFO] [7/121] 동대문 관광특구 (primary=KEY_3)
2026-07-02 19:51:23,248 [INFO] [8/121] 명동 관광특구 (primary=KEY_4)
2026-07-02 19:51:26,006 [INFO] [9/121] 이태원 관광특구 (primary=KEY_1)
2026-07-02 19:51:27,287 [INFO] [10/121] 잠실 관광특구 (primary=KEY_2)
2026-07-02 19:51:29,701 [INFO] [11/121] 종로·청계 관광특구 (primary=KEY_3)
2026-07-02 19:51:31,187 [INFO] [12/121] 홍대 관광특구 (primary=KEY_4)
2026-07-02 19:51:33,381 [INFO] [13/121] 강서한강공원 (primary=KEY_1)
2026-07-02 19:51:35,146 [INFO] [14/121] 고척돔 (primary=KEY_2)
2026-07-02 19:51:36,220 [INFO] [15/121] 광나루한강공원 (primary=KEY_3)
2026-07-02 19:51:37,478 [INFO] [16/121] 광화문광장 (primary=KEY_4)
2026-07-02 19:51:38,742 [INFO] [17/121] 국립중앙박물관·용산가족공원 (primary=KEY_1)
2026-07-02 19:51:39,830 [INFO] [18/121] 난지한강공원 (primary=KEY_2)
2026-07-02 19:51:40,904 [INFO] [19/121] 남산공원 (primary=KEY_3)
2026-07-02 19:51:42,370 [INFO] [20/121] 노들섬 (primary=KEY_4)
2026-07-02 19:51:44,480 [INFO] [21/121] 뚝섬한강공원 (primary=KEY_1)
2026-07-02 19:51:46,283 [INFO] [22/121] 망원한강공원 (primary=KEY_2)
2026-07-02 19:51:47,587 [INFO] [23/121] 반포한강공원 (primary=KEY_3)
2026-07-02 19:51:48,695 [INFO] [24/121] 보라매공원 (primary=KEY_4)
2026-07-02 19:51:49,781 [INFO] [25/121] 북서울꿈의숲 (primary=KEY_1)
2026-07-02 19:51:50,855 [INFO] [26/121] 서대문독립공원 (primary=KEY_2)
2026-07-02 19:51:51,946 [INFO] [27/121] 서리풀공원·몽마르뜨공원 (primary=KEY_3)
2026-07-02 19:51:53,920 [INFO] [28/121] 서울대공원 (primary=KEY_4)
2026-07-02 19:51:54,992 [INFO] [29/121] 서울숲공원 (primary=KEY_1)
2026-07-02 19:51:56,245 [INFO] [30/121] 송현녹지광장 (primary=KEY_2)
2026-07-02 19:51:57,490 [INFO] [31/121] 아차산 (primary=KEY_3)
2026-07-02 19:51:58,568 [INFO] [32/121] 안양천 (primary=KEY_4)
2026-07-02 19:51:59,648 [INFO] [33/121] 양화한강공원 (primary=KEY_1)
2026-07-02 19:52:00,737 [INFO] [34/121] 어린이대공원 (primary=KEY_2)
2026-07-02 19:52:01,995 [INFO] [35/121] 여의도한강공원 (primary=KEY_3)
2026-07-02 19:52:03,242 [INFO] [36/121] 여의서로 (primary=KEY_4)
2026-07-02 19:52:04,332 [INFO] [37/121] 올림픽공원 (primary=KEY_1)
2026-07-02 19:52:05,665 [INFO] [38/121] 월드컵공원 (primary=KEY_2)
2026-07-02 19:52:07,142 [INFO] [39/121] 응봉산 (primary=KEY_3)
2026-07-02 19:52:08,385 [INFO] [40/121] 이촌한강공원 (primary=KEY_4)
2026-07-02 19:52:09,461 [INFO] [41/121] 잠실종합운동장 (primary=KEY_1)
2026-07-02 19:52:10,569 [INFO] [42/121] 잠실한강공원 (primary=KEY_2)
2026-07-02 19:52:11,675 [INFO] [43/121] 잠원한강공원 (primary=KEY_3)
2026-07-02 19:52:12,756 [INFO] [44/121] 청계산 (primary=KEY_4)
2026-07-02 19:52:13,848 [INFO] [45/121] 홍제폭포 (primary=KEY_1)
2026-07-02 19:52:14,919 [INFO] [46/121] 가락시장 (primary=KEY_2)
2026-07-02 19:52:16,198 [INFO] [47/121] 가로수길 (primary=KEY_3)
2026-07-02 19:52:17,513 [INFO] [48/121] 광장(전통)시장 (primary=KEY_4)
2026-07-02 19:52:18,630 [INFO] [49/121] 김포공항 (primary=KEY_1)
2026-07-02 19:52:19,916 [INFO] [50/121] 남대문시장 (primary=KEY_2)
2026-07-02 19:52:21,177 [INFO] [51/121] 노량진 (primary=KEY_3)
2026-07-02 19:52:23,124 [INFO] [52/121] 덕수궁길·정동길 (primary=KEY_4)
2026-07-02 19:52:24,382 [INFO] [53/121] 북창동 먹자골목 (primary=KEY_1)
2026-07-02 19:52:25,502 [INFO] [54/121] 북촌한옥마을 (primary=KEY_2)
2026-07-02 19:52:26,760 [INFO] [55/121] 서촌 (primary=KEY_3)
2026-07-02 19:52:28,012 [INFO] [56/121] 성수카페거리 (primary=KEY_4)
2026-07-02 19:52:29,291 [INFO] [57/121] 송리단길·호수단길 (primary=KEY_1)
2026-07-02 19:52:30,560 [INFO] [58/121] 신촌 스타광장 (primary=KEY_2)
2026-07-02 19:52:31,677 [INFO] [59/121] 압구정로데오거리 (primary=KEY_3)
2026-07-02 19:52:32,956 [INFO] [60/121] 여의도 (primary=KEY_4)
2026-07-02 19:52:34,817 [INFO] [61/121] 연남동 (primary=KEY_1)
2026-07-02 19:52:36,067 [INFO] [62/121] 영등포 타임스퀘어 (primary=KEY_2)
2026-07-02 19:52:37,320 [INFO] [63/121] 용리단길 (primary=KEY_3)
2026-07-02 19:52:38,451 [INFO] [64/121] 이태원 앤틱가구거리 (primary=KEY_4)
2026-07-02 19:52:39,718 [INFO] [65/121] 익선동 (primary=KEY_1)
2026-07-02 19:52:40,999 [INFO] [66/121] 인사동 (primary=KEY_2)
2026-07-02 19:52:42,269 [INFO] [67/121] 잠실롯데타워·석촌호수 (primary=KEY_3)
2026-07-02 19:52:43,562 [INFO] [68/121] 창동 신경제 중심지 (primary=KEY_4)
2026-07-02 19:52:45,053 [INFO] [69/121] 청담동 명품거리 (primary=KEY_1)
2026-07-02 19:52:46,326 [INFO] [70/121] 청량리 제기동 일대 전통시장 (primary=KEY_2)
2026-07-02 19:52:47,643 [INFO] [71/121] 해방촌·경리단길 (primary=KEY_3)
2026-07-02 19:52:48,732 [INFO] [72/121] DDP(동대문디자인플라자) (primary=KEY_4)
2026-07-02 19:52:50,016 [INFO] [73/121] DMC(디지털미디어시티) (primary=KEY_1)
2026-07-02 19:52:51,496 [INFO] [74/121] 가산디지털단지역 (primary=KEY_2)
2026-07-02 19:52:52,938 [INFO] [75/121] 강남역 (primary=KEY_3)
2026-07-02 19:52:54,445 [INFO] [76/121] 건대입구역 (primary=KEY_4)
2026-07-02 19:52:55,750 [INFO] [77/121] 고덕역 (primary=KEY_1)
2026-07-02 19:52:57,040 [INFO] [78/121] 고속터미널역 (primary=KEY_2)
2026-07-02 19:52:58,158 [INFO] [79/121] 교대역 (primary=KEY_3)
2026-07-02 19:52:59,272 [INFO] [80/121] 구로디지털단지역 (primary=KEY_4)
2026-07-02 19:53:00,550 [INFO] [81/121] 구로역 (primary=KEY_1)
2026-07-02 19:53:01,643 [INFO] [82/121] 군자역 (primary=KEY_2)
2026-07-02 19:53:02,952 [INFO] [83/121] 대림역 (primary=KEY_3)
2026-07-02 19:53:04,219 [INFO] [84/121] 동대문역 (primary=KEY_4)
2026-07-02 19:53:05,472 [INFO] [85/121] 뚝섬역 (primary=KEY_1)
2026-07-02 19:53:06,737 [INFO] [86/121] 미아사거리역 (primary=KEY_2)
2026-07-02 19:53:08,009 [INFO] [87/121] 발산역 (primary=KEY_3)
2026-07-02 19:53:09,481 [INFO] [88/121] 사당역 (primary=KEY_4)
2026-07-02 19:53:10,754 [INFO] [89/121] 삼각지역 (primary=KEY_1)
2026-07-02 19:53:11,838 [INFO] [90/121] 서울대입구역 (primary=KEY_2)
2026-07-02 19:53:13,123 [INFO] [91/121] 서울식물원·마곡나루역 (primary=KEY_3)
2026-07-02 19:53:14,390 [INFO] [92/121] 서울역 (primary=KEY_4)
2026-07-02 19:53:15,698 [INFO] [93/121] 선릉역 (primary=KEY_1)
2026-07-02 19:53:17,181 [INFO] [94/121] 성신여대입구역 (primary=KEY_2)
2026-07-02 19:53:18,277 [INFO] [95/121] 수유역 (primary=KEY_3)
2026-07-02 19:53:19,546 [INFO] [96/121] 숭례문 (primary=KEY_4)
2026-07-02 19:53:20,846 [INFO] [97/121] 시의회 앞 (primary=KEY_1)
2026-07-02 19:53:22,170 [INFO] [98/121] 신논현역·논현역 (primary=KEY_2)
2026-07-02 19:53:23,453 [INFO] [99/121] 신도림역 (primary=KEY_3)
2026-07-02 19:53:24,545 [INFO] [100/121] 신림역 (primary=KEY_4)
2026-07-02 19:53:25,667 [INFO] [101/121] 신정네거리역 (primary=KEY_1)
2026-07-02 19:53:26,775 [INFO] [102/121] 신촌·이대역 (primary=KEY_2)
2026-07-02 19:53:28,035 [INFO] [103/121] 쌍문역 (primary=KEY_3)
2026-07-02 19:53:29,300 [INFO] [104/121] 양재역 (primary=KEY_4)
2026-07-02 19:53:30,570 [INFO] [105/121] 역삼역 (primary=KEY_1)
2026-07-02 19:53:31,866 [INFO] [106/121] 연신내역 (primary=KEY_2)
2026-07-02 19:53:32,985 [INFO] [107/121] 오목교역·목동운동장 (primary=KEY_3)
2026-07-02 19:53:34,442 [INFO] [108/121] 왕십리역 (primary=KEY_4)
2026-07-02 19:53:35,738 [INFO] [109/121] 용산역 (primary=KEY_1)
2026-07-02 19:53:37,250 [INFO] [110/121] 이태원역 (primary=KEY_2)
2026-07-02 19:53:38,381 [INFO] [111/121] 잠실새내역 (primary=KEY_3)
2026-07-02 19:53:39,669 [INFO] [112/121] 잠실역 (primary=KEY_4)
2026-07-02 19:53:40,936 [INFO] [113/121] 장지역 (primary=KEY_1)
2026-07-02 19:53:42,231 [INFO] [114/121] 장한평역 (primary=KEY_2)
2026-07-02 19:53:43,494 [INFO] [115/121] 천호역 (primary=KEY_3)
2026-07-02 19:53:44,761 [INFO] [116/121] 총신대입구(이수)역 (primary=KEY_4)
2026-07-02 19:53:46,048 [INFO] [117/121] 충정로역 (primary=KEY_1)
2026-07-02 19:53:47,331 [INFO] [118/121] 합정역 (primary=KEY_2)
2026-07-02 19:53:48,612 [INFO] [119/121] 혜화역 (primary=KEY_3)
2026-07-02 19:53:49,881 [INFO] [120/121] 홍대입구역(2호선) (primary=KEY_4)
2026-07-02 19:53:51,169 [INFO] [121/121] 회기역 (primary=KEY_1)
2026-07-02 19:53:54,148 [INFO] === 수집 완료 | 성공 121, 실패 0 ===
2026-07-02 19:53:54,148 [INFO] 카테고리별 저장 결과:
2026-07-02 19:53:54,148 [INFO]    accident                  | 신규     3행 | 누적     53행 | 16컬럼
2026-07-02 19:53:54,148 [INFO]    area_meta                 | 신규   121행 | 누적   1452행 | 5컬럼
2026-07-02 19:53:54,148 [INFO]    bike                      | 신규    12행 | 누적    144행 | 12컬럼
2026-07-02 19:53:54,148 [INFO]    bike_sbike_stts           | 신규   553행 | 누적   6636행 | 12컬럼
2026-07-02 19:53:54,148 [INFO]    bus                       | 신규     3행 | 누적     36행 | 11컬럼
2026-07-02 19:53:54,148 [INFO]    bus_bus_stn_stts          | 신규  1745행 | 누적  20940행 | 11컬럼
2026-07-02 19:53:54,148 [INFO]    charger                   | 신규    22행 | 누적    166행 | 15컬럼
2026-07-02 19:53:54,148 [INFO]    charger_charger_stts      | 신규   424행 | 누적  13416행 | 15컬럼
2026-07-02 19:53:54,148 [INFO]    cmrcl                     | 신규    82행 | 누적    984행 | 20컬럼
2026-07-02 19:53:54,148 [INFO]    events                    | 신규    11행 | 누적    127행 | 14컬럼
2026-07-02 19:53:54,148 [INFO]    events_event_stts         | 신규   121행 | 누적   1442행 | 14컬럼
2026-07-02 19:53:54,148 [INFO]    news_live_yna_news        | 신규   240행 | 누적    458행 | 10컬럼
2026-07-02 19:53:54,148 [INFO]    parking                   | 신규     6행 | 누적     72행 | 21컬럼
2026-07-02 19:53:54,148 [INFO]    parking_prk_stts          | 신규  1833행 | 누적  21996행 | 21컬럼
2026-07-02 19:53:54,148 [INFO]    ppltn                     | 신규   121행 | 누적   1452행 | 26컬럼
2026-07-02 19:53:54,148 [INFO]    road                      | 신규   121행 | 누적   1452행 | 21컬럼
2026-07-02 19:53:54,148 [INFO]    road_road_traffic_stts    | 신규  5261행 | 누적  63132행 | 17컬럼
2026-07-02 19:53:54,148 [INFO]    subway                    | 신규    38행 | 누적    456행 | 13컬럼
2026-07-02 19:53:54,148 [INFO]    subway_sub_stts           | 신규   183행 | 누적   2196행 | 13컬럼
2026-07-02 19:53:54,148 [INFO]    weather                   | 신규   119행 | 누적   1428행 | 29컬럼
2026-07-02 19:53:54,148 [INFO] 키별 사용량:
2026-07-02 19:53:54,149 [INFO]    🟢 KEY_1 (31/1000) 
2026-07-02 19:53:54,149 [INFO]    🟢 KEY_2 (30/1000) 
2026-07-02 19:53:54,149 [INFO]    🟢 KEY_3 (30/1000) 
2026-07-02 19:53:54,149 [INFO]    🟢 KEY_4 (30/1000) 
2026-07-02 22:04:47,809 [INFO] 등록된 키: 4개, 합산 한도 4,000건/일
2026-07-02 22:04:47,810 [INFO] POI 로드: 매뉴얼 v8.5 기준 fallback 121개 (121개 전체)
2026-07-02 22:04:47,810 [INFO] === 수집 시작 2026-07-02T22:04:47.810108+09:00 ===
2026-07-02 22:04:47,810 [INFO] 대상 장소: 121개 | API: citydata (통합)
2026-07-02 22:04:47,810 [INFO] 키 풀: 4/4 활성 | 오늘 사용 0/4000건
2026-07-02 22:04:47,810 [INFO]   [KEY_1] 담당 31장소
2026-07-02 22:04:47,810 [INFO]   [KEY_2] 담당 30장소
2026-07-02 22:04:47,810 [INFO]   [KEY_3] 담당 30장소
2026-07-02 22:04:47,810 [INFO]   [KEY_4] 담당 30장소
2026-07-02 22:04:47,810 [INFO] [1/121] 경복궁 (primary=KEY_1)
2026-07-02 22:04:50,170 [INFO] [2/121] 광화문·덕수궁 (primary=KEY_2)
2026-07-02 22:04:52,159 [INFO] [3/121] 보신각 (primary=KEY_3)
2026-07-02 22:04:53,549 [INFO] [4/121] 서울 암사동 유적 (primary=KEY_4)
2026-07-02 22:04:55,497 [INFO] [5/121] 창덕궁·종묘 (primary=KEY_1)
2026-07-02 22:04:58,031 [INFO] [6/121] 강남 MICE 관광특구 (primary=KEY_2)
2026-07-02 22:05:00,193 [INFO] [7/121] 동대문 관광특구 (primary=KEY_3)
2026-07-02 22:05:03,025 [INFO] [8/121] 명동 관광특구 (primary=KEY_4)
2026-07-02 22:05:05,061 [INFO] [9/121] 이태원 관광특구 (primary=KEY_1)
2026-07-02 22:05:07,274 [INFO] [10/121] 잠실 관광특구 (primary=KEY_2)
2026-07-02 22:05:09,672 [INFO] [11/121] 종로·청계 관광특구 (primary=KEY_3)
2026-07-02 22:05:12,090 [INFO] [12/121] 홍대 관광특구 (primary=KEY_4)
2026-07-02 22:05:14,492 [INFO] [13/121] 강서한강공원 (primary=KEY_1)
2026-07-02 22:05:16,813 [INFO] [14/121] 고척돔 (primary=KEY_2)
2026-07-02 22:05:17,968 [INFO] [15/121] 광나루한강공원 (primary=KEY_3)
2026-07-02 22:05:20,497 [INFO] [16/121] 광화문광장 (primary=KEY_4)
2026-07-02 22:05:22,653 [INFO] [17/121] 국립중앙박물관·용산가족공원 (primary=KEY_1)
2026-07-02 22:05:24,795 [INFO] [18/121] 난지한강공원 (primary=KEY_2)
2026-07-02 22:05:25,956 [INFO] [19/121] 남산공원 (primary=KEY_3)
2026-07-02 22:05:27,568 [INFO] [20/121] 노들섬 (primary=KEY_4)
2026-07-02 22:05:28,724 [INFO] [21/121] 뚝섬한강공원 (primary=KEY_1)
2026-07-02 22:05:30,714 [INFO] [22/121] 망원한강공원 (primary=KEY_2)
2026-07-02 22:05:32,083 [INFO] [23/121] 반포한강공원 (primary=KEY_3)
2026-07-02 22:05:33,243 [INFO] [24/121] 보라매공원 (primary=KEY_4)
2026-07-02 22:05:35,204 [INFO] [25/121] 북서울꿈의숲 (primary=KEY_1)
2026-07-02 22:05:37,351 [INFO] [26/121] 서대문독립공원 (primary=KEY_2)
2026-07-02 22:05:38,519 [INFO] [27/121] 서리풀공원·몽마르뜨공원 (primary=KEY_3)
2026-07-02 22:05:41,089 [INFO] [28/121] 서울대공원 (primary=KEY_4)
2026-07-02 22:05:43,229 [INFO] [29/121] 서울숲공원 (primary=KEY_1)
2026-07-02 22:05:44,599 [INFO] [30/121] 송현녹지광장 (primary=KEY_2)
2026-07-02 22:05:45,970 [INFO] [31/121] 아차산 (primary=KEY_3)
2026-07-02 22:05:48,121 [INFO] [32/121] 안양천 (primary=KEY_4)
2026-07-02 22:05:49,281 [INFO] [33/121] 양화한강공원 (primary=KEY_1)
2026-07-02 22:05:51,615 [INFO] [34/121] 어린이대공원 (primary=KEY_2)
2026-07-02 22:05:52,997 [INFO] [35/121] 여의도한강공원 (primary=KEY_3)
2026-07-02 22:05:54,361 [INFO] [36/121] 여의서로 (primary=KEY_4)
2026-07-02 22:05:55,780 [INFO] [37/121] 올림픽공원 (primary=KEY_1)
2026-07-02 22:05:57,379 [INFO] [38/121] 월드컵공원 (primary=KEY_2)
2026-07-02 22:06:00,125 [INFO] [39/121] 응봉산 (primary=KEY_3)
2026-07-02 22:06:01,488 [INFO] [40/121] 이촌한강공원 (primary=KEY_4)
2026-07-02 22:06:02,649 [INFO] [41/121] 잠실종합운동장 (primary=KEY_1)
2026-07-02 22:06:03,812 [INFO] [42/121] 잠실한강공원 (primary=KEY_2)
2026-07-02 22:06:04,984 [INFO] [43/121] 잠원한강공원 (primary=KEY_3)
2026-07-02 22:06:06,140 [INFO] [44/121] 청계산 (primary=KEY_4)
2026-07-02 22:06:08,282 [INFO] [45/121] 홍제폭포 (primary=KEY_1)
2026-07-02 22:06:09,432 [INFO] [46/121] 가락시장 (primary=KEY_2)
2026-07-02 22:06:10,813 [INFO] [47/121] 가로수길 (primary=KEY_3)
2026-07-02 22:06:13,226 [INFO] [48/121] 광장(전통)시장 (primary=KEY_4)
2026-07-02 22:06:14,395 [INFO] [49/121] 김포공항 (primary=KEY_1)
2026-07-02 22:06:16,756 [INFO] [50/121] 남대문시장 (primary=KEY_2)
2026-07-02 22:06:18,139 [INFO] [51/121] 노량진 (primary=KEY_3)
2026-07-02 22:06:19,707 [INFO] [52/121] 덕수궁길·정동길 (primary=KEY_4)
2026-07-02 22:06:21,103 [INFO] [53/121] 북창동 먹자골목 (primary=KEY_1)
2026-07-02 22:06:22,461 [INFO] [54/121] 북촌한옥마을 (primary=KEY_2)
2026-07-02 22:06:24,030 [INFO] [55/121] 서촌 (primary=KEY_3)
2026-07-02 22:06:25,405 [INFO] [56/121] 성수카페거리 (primary=KEY_4)
2026-07-02 22:06:26,979 [INFO] [57/121] 송리단길·호수단길 (primary=KEY_1)
2026-07-02 22:06:28,378 [INFO] [58/121] 신촌 스타광장 (primary=KEY_2)
2026-07-02 22:06:29,552 [INFO] [59/121] 압구정로데오거리 (primary=KEY_3)
2026-07-02 22:06:30,927 [INFO] [60/121] 여의도 (primary=KEY_4)
2026-07-02 22:06:33,172 [INFO] [61/121] 연남동 (primary=KEY_1)
2026-07-02 22:06:34,541 [INFO] [62/121] 영등포 타임스퀘어 (primary=KEY_2)
2026-07-02 22:06:35,910 [INFO] [63/121] 용리단길 (primary=KEY_3)
2026-07-02 22:06:37,102 [INFO] [64/121] 이태원 앤틱가구거리 (primary=KEY_4)
2026-07-02 22:06:38,474 [INFO] [65/121] 익선동 (primary=KEY_1)
2026-07-02 22:06:39,899 [INFO] [66/121] 인사동 (primary=KEY_2)
2026-07-02 22:06:41,512 [INFO] [67/121] 잠실롯데타워·석촌호수 (primary=KEY_3)
2026-07-02 22:06:43,317 [INFO] [68/121] 창동 신경제 중심지 (primary=KEY_4)
2026-07-02 22:06:45,112 [INFO] [69/121] 청담동 명품거리 (primary=KEY_1)
2026-07-02 22:06:46,500 [INFO] [70/121] 청량리 제기동 일대 전통시장 (primary=KEY_2)
2026-07-02 22:06:47,879 [INFO] [71/121] 해방촌·경리단길 (primary=KEY_3)
2026-07-02 22:06:49,249 [INFO] [72/121] DDP(동대문디자인플라자) (primary=KEY_4)
2026-07-02 22:06:50,652 [INFO] [73/121] DMC(디지털미디어시티) (primary=KEY_1)
2026-07-02 22:06:52,487 [INFO] [74/121] 가산디지털단지역 (primary=KEY_2)
2026-07-02 22:06:54,483 [INFO] [75/121] 강남역 (primary=KEY_3)
2026-07-02 22:06:56,304 [INFO] [76/121] 건대입구역 (primary=KEY_4)
2026-07-02 22:06:57,703 [INFO] [77/121] 고덕역 (primary=KEY_1)
2026-07-02 22:07:00,049 [INFO] [78/121] 고속터미널역 (primary=KEY_2)
2026-07-02 22:07:01,464 [INFO] [79/121] 교대역 (primary=KEY_3)
2026-07-02 22:07:02,841 [INFO] [80/121] 구로디지털단지역 (primary=KEY_4)
2026-07-02 22:07:04,613 [INFO] [81/121] 구로역 (primary=KEY_1)
2026-07-02 22:07:05,973 [INFO] [82/121] 군자역 (primary=KEY_2)
2026-07-02 22:07:07,358 [INFO] [83/121] 대림역 (primary=KEY_3)
2026-07-02 22:07:08,734 [INFO] [84/121] 동대문역 (primary=KEY_4)
2026-07-02 22:07:10,123 [INFO] [85/121] 뚝섬역 (primary=KEY_1)
2026-07-02 22:07:11,510 [INFO] [86/121] 미아사거리역 (primary=KEY_2)
2026-07-02 22:07:12,922 [INFO] [87/121] 발산역 (primary=KEY_3)
2026-07-02 22:07:14,710 [INFO] [88/121] 사당역 (primary=KEY_4)
2026-07-02 22:07:16,099 [INFO] [89/121] 삼각지역 (primary=KEY_1)
2026-07-02 22:07:17,471 [INFO] [90/121] 서울대입구역 (primary=KEY_2)
2026-07-02 22:07:18,841 [INFO] [91/121] 서울식물원·마곡나루역 (primary=KEY_3)
2026-07-02 22:07:20,422 [INFO] [92/121] 서울역 (primary=KEY_4)
2026-07-02 22:07:22,063 [INFO] [93/121] 선릉역 (primary=KEY_1)
2026-07-02 22:07:23,845 [INFO] [94/121] 성신여대입구역 (primary=KEY_2)
2026-07-02 22:07:25,214 [INFO] [95/121] 수유역 (primary=KEY_3)
2026-07-02 22:07:26,582 [INFO] [96/121] 숭례문 (primary=KEY_4)
2026-07-02 22:07:28,213 [INFO] [97/121] 시의회 앞 (primary=KEY_1)
2026-07-02 22:07:29,594 [INFO] [98/121] 신논현역·논현역 (primary=KEY_2)
2026-07-02 22:07:30,996 [INFO] [99/121] 신도림역 (primary=KEY_3)
2026-07-02 22:07:32,198 [INFO] [100/121] 신림역 (primary=KEY_4)
2026-07-02 22:07:33,562 [INFO] [101/121] 신정네거리역 (primary=KEY_1)
2026-07-02 22:07:34,929 [INFO] [102/121] 신촌·이대역 (primary=KEY_2)
2026-07-02 22:07:36,304 [INFO] [103/121] 쌍문역 (primary=KEY_3)
2026-07-02 22:07:37,673 [INFO] [104/121] 양재역 (primary=KEY_4)
2026-07-02 22:07:39,088 [INFO] [105/121] 역삼역 (primary=KEY_1)
2026-07-02 22:07:40,641 [INFO] [106/121] 연신내역 (primary=KEY_2)
2026-07-02 22:07:41,832 [INFO] [107/121] 오목교역·목동운동장 (primary=KEY_3)
2026-07-02 22:07:43,818 [INFO] [108/121] 왕십리역 (primary=KEY_4)
2026-07-02 22:07:45,420 [INFO] [109/121] 용산역 (primary=KEY_1)
2026-07-02 22:07:46,982 [INFO] [110/121] 이태원역 (primary=KEY_2)
2026-07-02 22:07:48,155 [INFO] [111/121] 잠실새내역 (primary=KEY_3)
2026-07-02 22:07:49,548 [INFO] [112/121] 잠실역 (primary=KEY_4)
2026-07-02 22:07:51,122 [INFO] [113/121] 장지역 (primary=KEY_1)
2026-07-02 22:07:52,687 [INFO] [114/121] 장한평역 (primary=KEY_2)
2026-07-02 22:07:54,055 [INFO] [115/121] 천호역 (primary=KEY_3)
2026-07-02 22:07:55,637 [INFO] [116/121] 총신대입구(이수)역 (primary=KEY_4)
2026-07-02 22:07:57,023 [INFO] [117/121] 충정로역 (primary=KEY_1)
2026-07-02 22:07:58,408 [INFO] [118/121] 합정역 (primary=KEY_2)
2026-07-02 22:07:59,983 [INFO] [119/121] 혜화역 (primary=KEY_3)
2026-07-02 22:08:01,377 [INFO] [120/121] 홍대입구역(2호선) (primary=KEY_4)
2026-07-02 22:08:02,762 [INFO] [121/121] 회기역 (primary=KEY_1)
2026-07-02 22:08:06,354 [INFO] === 수집 완료 | 성공 121, 실패 0 ===
2026-07-02 22:08:06,355 [INFO] 카테고리별 저장 결과:
2026-07-02 22:08:06,355 [INFO]    accident                  | 신규     8행 | 누적     61행 | 16컬럼
2026-07-02 22:08:06,355 [INFO]    accident_acdnt_cntrl_stts | 신규     6행 | 누적     18행 | 16컬럼
2026-07-02 22:08:06,355 [INFO]    area_meta                 | 신규   121행 | 누적   1573행 | 5컬럼
2026-07-02 22:08:06,355 [INFO]    bike                      | 신규    12행 | 누적    156행 | 12컬럼
2026-07-02 22:08:06,355 [INFO]    bike_sbike_stts           | 신규   553행 | 누적   7189행 | 12컬럼
2026-07-02 22:08:06,355 [INFO]    bus                       | 신규     3행 | 누적     39행 | 11컬럼
2026-07-02 22:08:06,355 [INFO]    bus_bus_stn_stts          | 신규  1745행 | 누적  22685행 | 11컬럼
2026-07-02 22:08:06,355 [INFO]    charger                   | 신규     4행 | 누적    170행 | 15컬럼
2026-07-02 22:08:06,355 [INFO]    charger_charger_stts      | 신규  1921행 | 누적  15322행 | 15컬럼
2026-07-02 22:08:06,355 [INFO]    cmrcl                     | 신규    82행 | 누적   1066행 | 20컬럼
2026-07-02 22:08:06,355 [INFO]    events                    | 신규    11행 | 누적    138행 | 14컬럼
2026-07-02 22:08:06,355 [INFO]    events_event_stts         | 신규   121행 | 누적   1563행 | 14컬럼
2026-07-02 22:08:06,355 [INFO]    news_live_yna_news        | 신규   240행 | 누적    698행 | 10컬럼
2026-07-02 22:08:06,355 [INFO]    parking                   | 신규     6행 | 누적     78행 | 21컬럼
2026-07-02 22:08:06,355 [INFO]    parking_prk_stts          | 신규  1833행 | 누적  23829행 | 21컬럼
2026-07-02 22:08:06,356 [INFO]    ppltn                     | 신규   121행 | 누적   1573행 | 26컬럼
2026-07-02 22:08:06,356 [INFO]    road                      | 신규   121행 | 누적   1573행 | 21컬럼
2026-07-02 22:08:06,356 [INFO]    road_road_traffic_stts    | 신규  5261행 | 누적  68393행 | 17컬럼
2026-07-02 22:08:06,356 [INFO]    subway                    | 신규    38행 | 누적    494행 | 13컬럼
2026-07-02 22:08:06,356 [INFO]    subway_sub_stts           | 신규   183행 | 누적   2379행 | 13컬럼
2026-07-02 22:08:06,356 [INFO]    weather                   | 신규   119행 | 누적   1547행 | 29컬럼
2026-07-02 22:08:06,356 [INFO] 키별 사용량:
2026-07-02 22:08:06,356 [INFO]    🟢 KEY_1 (31/1000) 
2026-07-02 22:08:06,356 [INFO]    🟢 KEY_2 (30/1000) 
2026-07-02 22:08:06,356 [INFO]    🟢 KEY_3 (30/1000) 
2026-07-02 22:08:06,356 [INFO]    🟢 KEY_4 (30/1000) 
