2026-07-21 01:42:16,610 [INFO] 등록된 키: 4개, 합산 한도 4,000건/일
2026-07-21 01:42:16,610 [INFO] POI 로드: 매뉴얼 v8.5 기준 fallback 121개 (121개 전체)
2026-07-21 01:42:16,610 [INFO] === 수집 시작 2026-07-21T01:42:16.610791+09:00 ===
2026-07-21 01:42:16,610 [INFO] 대상 장소: 121개 | API: citydata (통합)
2026-07-21 01:42:16,611 [INFO] 키 풀: 4/4 활성 | 오늘 사용 0/4000건
2026-07-21 01:42:16,611 [INFO]   [KEY_1] 담당 31장소
2026-07-21 01:42:16,611 [INFO]   [KEY_2] 담당 30장소
2026-07-21 01:42:16,611 [INFO]   [KEY_3] 담당 30장소
2026-07-21 01:42:16,611 [INFO]   [KEY_4] 담당 30장소
2026-07-21 01:42:16,611 [INFO] [1/121] 경복궁 (primary=KEY_1)
2026-07-21 01:42:18,864 [INFO] [2/121] 광화문·덕수궁 (primary=KEY_2)
2026-07-21 01:42:21,248 [INFO] [3/121] 보신각 (primary=KEY_3)
2026-07-21 01:42:23,718 [INFO] [4/121] 서울 암사동 유적 (primary=KEY_4)
2026-07-21 01:42:25,591 [INFO] [5/121] 창덕궁·종묘 (primary=KEY_1)
2026-07-21 01:42:27,839 [INFO] [6/121] 강남 MICE 관광특구 (primary=KEY_2)
2026-07-21 01:42:29,915 [INFO] [7/121] 동대문 관광특구 (primary=KEY_3)
2026-07-21 01:42:32,240 [INFO] [8/121] 명동 관광특구 (primary=KEY_4)
2026-07-21 01:42:34,041 [INFO] [9/121] 이태원 관광특구 (primary=KEY_1)
2026-07-21 01:42:35,369 [INFO] [10/121] 잠실 관광특구 (primary=KEY_2)
2026-07-21 01:42:37,884 [INFO] [11/121] 종로·청계 관광특구 (primary=KEY_3)
2026-07-21 01:42:40,225 [INFO] [12/121] 홍대 관광특구 (primary=KEY_4)
2026-07-21 01:42:42,549 [INFO] [13/121] 강서한강공원 (primary=KEY_1)
2026-07-21 01:42:44,417 [INFO] [14/121] 고척돔 (primary=KEY_2)
2026-07-21 01:42:46,661 [INFO] [15/121] 광나루한강공원 (primary=KEY_3)
2026-07-21 01:42:47,986 [INFO] [16/121] 광화문광장 (primary=KEY_4)
2026-07-21 01:42:49,324 [INFO] [17/121] 국립중앙박물관·용산가족공원 (primary=KEY_1)
2026-07-21 01:42:51,211 [INFO] [18/121] 난지한강공원 (primary=KEY_2)
2026-07-21 01:42:52,338 [INFO] [19/121] 남산공원 (primary=KEY_3)
2026-07-21 01:42:55,013 [INFO] [20/121] 노들섬 (primary=KEY_4)
2026-07-21 01:42:56,890 [INFO] [21/121] 뚝섬한강공원 (primary=KEY_1)
2026-07-21 01:42:58,068 [INFO] [22/121] 망원한강공원 (primary=KEY_2)
2026-07-21 01:43:00,514 [INFO] [23/121] 반포한강공원 (primary=KEY_3)
2026-07-21 01:43:02,763 [INFO] [24/121] 보라매공원 (primary=KEY_4)
2026-07-21 01:43:03,913 [INFO] [25/121] 북서울꿈의숲 (primary=KEY_1)
2026-07-21 01:43:06,165 [INFO] [26/121] 서대문독립공원 (primary=KEY_2)
2026-07-21 01:43:08,460 [INFO] [27/121] 서리풀공원·몽마르뜨공원 (primary=KEY_3)
2026-07-21 01:43:09,637 [INFO] [28/121] 서울대공원 (primary=KEY_4)
2026-07-21 01:43:10,761 [INFO] [29/121] 서울숲공원 (primary=KEY_1)
2026-07-21 01:43:12,113 [INFO] [30/121] 송현녹지광장 (primary=KEY_2)
2026-07-21 01:43:13,444 [INFO] [31/121] 아차산 (primary=KEY_3)
2026-07-21 01:43:15,512 [INFO] [32/121] 안양천 (primary=KEY_4)
2026-07-21 01:43:16,649 [INFO] [33/121] 양화한강공원 (primary=KEY_1)
2026-07-21 01:43:17,781 [INFO] [34/121] 어린이대공원 (primary=KEY_2)
2026-07-21 01:43:19,124 [INFO] [35/121] 여의도한강공원 (primary=KEY_3)
2026-07-21 01:43:20,451 [INFO] [36/121] 여의서로 (primary=KEY_4)
2026-07-21 01:43:21,763 [INFO] [37/121] 올림픽공원 (primary=KEY_1)
2026-07-21 01:43:23,126 [INFO] [38/121] 월드컵공원 (primary=KEY_2)
2026-07-21 01:43:24,669 [INFO] [39/121] 응봉산 (primary=KEY_3)
2026-07-21 01:43:25,986 [INFO] [40/121] 이촌한강공원 (primary=KEY_4)
2026-07-21 01:43:27,114 [INFO] [41/121] 잠실종합운동장 (primary=KEY_1)
2026-07-21 01:43:28,254 [INFO] [42/121] 잠실한강공원 (primary=KEY_2)
2026-07-21 01:43:29,397 [INFO] [43/121] 잠원한강공원 (primary=KEY_3)
2026-07-21 01:43:30,527 [INFO] [44/121] 청계산 (primary=KEY_4)
2026-07-21 01:43:31,650 [INFO] [45/121] 홍제폭포 (primary=KEY_1)
2026-07-21 01:43:32,765 [INFO] [46/121] 가락시장 (primary=KEY_2)
2026-07-21 01:43:34,124 [INFO] [47/121] 가로수길 (primary=KEY_3)
2026-07-21 01:43:35,473 [INFO] [48/121] 광장(전통)시장 (primary=KEY_4)
2026-07-21 01:43:36,619 [INFO] [49/121] 김포공항 (primary=KEY_1)
2026-07-21 01:43:38,166 [INFO] [50/121] 남대문시장 (primary=KEY_2)
2026-07-21 01:43:39,508 [INFO] [51/121] 노량진 (primary=KEY_3)
2026-07-21 01:43:40,887 [INFO] [52/121] 덕수궁길·정동길 (primary=KEY_4)
2026-07-21 01:43:43,002 [INFO] [53/121] 북창동 먹자골목 (primary=KEY_1)
2026-07-21 01:43:44,330 [INFO] [54/121] 북촌한옥마을 (primary=KEY_2)
2026-07-21 01:43:46,050 [INFO] [55/121] 서촌 (primary=KEY_3)
2026-07-21 01:43:47,388 [INFO] [56/121] 성수카페거리 (primary=KEY_4)
2026-07-21 01:43:48,928 [INFO] [57/121] 송리단길·호수단길 (primary=KEY_1)
2026-07-21 01:43:50,288 [INFO] [58/121] 신촌 스타광장 (primary=KEY_2)
2026-07-21 01:43:51,454 [INFO] [59/121] 압구정로데오거리 (primary=KEY_3)
2026-07-21 01:43:53,561 [INFO] [60/121] 여의도 (primary=KEY_4)
2026-07-21 01:43:55,754 [INFO] [61/121] 연남동 (primary=KEY_1)
2026-07-21 01:43:57,852 [INFO] [62/121] 영등포 타임스퀘어 (primary=KEY_2)
2026-07-21 01:43:59,197 [INFO] [63/121] 용리단길 (primary=KEY_3)
2026-07-21 01:44:00,379 [INFO] [64/121] 이태원 앤틱가구거리 (primary=KEY_4)
2026-07-21 01:44:01,556 [INFO] [65/121] 익선동 (primary=KEY_1)
2026-07-21 01:44:03,684 [INFO] [66/121] 인사동 (primary=KEY_2)
2026-07-21 01:44:05,229 [INFO] [67/121] 잠실롯데타워·석촌호수 (primary=KEY_3)
2026-07-21 01:44:06,996 [INFO] [68/121] 창동 신경제 중심지 (primary=KEY_4)
2026-07-21 01:44:08,772 [INFO] [69/121] 청담동 명품거리 (primary=KEY_1)
2026-07-21 01:44:11,054 [INFO] [70/121] 청량리 제기동 일대 전통시장 (primary=KEY_2)
2026-07-21 01:44:13,162 [INFO] [71/121] 해방촌·경리단길 (primary=KEY_3)
2026-07-21 01:44:15,058 [INFO] [72/121] DDP(동대문디자인플라자) (primary=KEY_4)
2026-07-21 01:44:17,375 [INFO] [73/121] DMC(디지털미디어시티) (primary=KEY_1)
2026-07-21 01:44:20,048 [INFO] [74/121] 가산디지털단지역 (primary=KEY_2)
2026-07-21 01:44:22,939 [INFO] [75/121] 강남역 (primary=KEY_3)
2026-07-21 01:44:25,261 [INFO] [76/121] 건대입구역 (primary=KEY_4)
2026-07-21 01:44:27,718 [INFO] [77/121] 고덕역 (primary=KEY_1)
2026-07-21 01:44:29,063 [INFO] [78/121] 고속터미널역 (primary=KEY_2)
2026-07-21 01:44:31,545 [INFO] [79/121] 교대역 (primary=KEY_3)
2026-07-21 01:44:33,644 [INFO] [80/121] 구로디지털단지역 (primary=KEY_4)
2026-07-21 01:44:35,381 [INFO] [81/121] 구로역 (primary=KEY_1)
2026-07-21 01:44:36,722 [INFO] [82/121] 군자역 (primary=KEY_2)
2026-07-21 01:44:38,815 [INFO] [83/121] 대림역 (primary=KEY_3)
2026-07-21 01:44:40,166 [INFO] [84/121] 동대문역 (primary=KEY_4)
2026-07-21 01:44:42,633 [INFO] [85/121] 뚝섬역 (primary=KEY_1)
2026-07-21 01:44:43,962 [INFO] [86/121] 미아사거리역 (primary=KEY_2)
2026-07-21 01:44:46,057 [INFO] [87/121] 발산역 (primary=KEY_3)
2026-07-21 01:44:47,603 [INFO] [88/121] 사당역 (primary=KEY_4)
2026-07-21 01:44:48,956 [INFO] [89/121] 삼각지역 (primary=KEY_1)
2026-07-21 01:44:51,016 [INFO] [90/121] 서울대입구역 (primary=KEY_2)
2026-07-21 01:44:52,336 [INFO] [91/121] 서울식물원·마곡나루역 (primary=KEY_3)
2026-07-21 01:44:53,884 [INFO] [92/121] 서울역 (primary=KEY_4)
2026-07-21 01:44:55,282 [INFO] [93/121] 선릉역 (primary=KEY_1)
2026-07-21 01:44:57,018 [INFO] [94/121] 성신여대입구역 (primary=KEY_2)
2026-07-21 01:44:58,191 [INFO] [95/121] 수유역 (primary=KEY_3)
2026-07-21 01:45:00,268 [INFO] [96/121] 숭례문 (primary=KEY_4)
2026-07-21 01:45:01,797 [INFO] [97/121] 시의회 앞 (primary=KEY_1)
2026-07-21 01:45:03,141 [INFO] [98/121] 신논현역·논현역 (primary=KEY_2)
2026-07-21 01:45:05,317 [INFO] [99/121] 신도림역 (primary=KEY_3)
2026-07-21 01:45:06,446 [INFO] [100/121] 신림역 (primary=KEY_4)
2026-07-21 01:45:07,596 [INFO] [101/121] 신정네거리역 (primary=KEY_1)
2026-07-21 01:45:08,979 [INFO] [102/121] 신촌·이대역 (primary=KEY_2)
2026-07-21 01:45:10,287 [INFO] [103/121] 쌍문역 (primary=KEY_3)
2026-07-21 01:45:11,598 [INFO] [104/121] 양재역 (primary=KEY_4)
2026-07-21 01:45:14,040 [INFO] [105/121] 역삼역 (primary=KEY_1)
2026-07-21 01:45:15,545 [INFO] [106/121] 연신내역 (primary=KEY_2)
2026-07-21 01:45:16,690 [INFO] [107/121] 오목교역·목동운동장 (primary=KEY_3)
2026-07-21 01:45:19,175 [INFO] [108/121] 왕십리역 (primary=KEY_4)
2026-07-21 01:45:21,634 [INFO] [109/121] 용산역 (primary=KEY_1)
2026-07-21 01:45:23,173 [INFO] [110/121] 이태원역 (primary=KEY_2)
2026-07-21 01:45:24,305 [INFO] [111/121] 잠실새내역 (primary=KEY_3)
2026-07-21 01:45:25,641 [INFO] [112/121] 잠실역 (primary=KEY_4)
2026-07-21 01:45:27,169 [INFO] [113/121] 장지역 (primary=KEY_1)
2026-07-21 01:45:28,756 [INFO] [114/121] 장한평역 (primary=KEY_2)
2026-07-21 01:45:30,087 [INFO] [115/121] 천호역 (primary=KEY_3)
2026-07-21 01:45:31,434 [INFO] [116/121] 총신대입구(이수)역 (primary=KEY_4)
2026-07-21 01:45:32,774 [INFO] [117/121] 충정로역 (primary=KEY_1)
2026-07-21 01:45:34,112 [INFO] [118/121] 합정역 (primary=KEY_2)
2026-07-21 01:45:35,460 [INFO] [119/121] 혜화역 (primary=KEY_3)
2026-07-21 01:45:36,769 [INFO] [120/121] 홍대입구역(2호선) (primary=KEY_4)
2026-07-21 01:45:38,109 [INFO] [121/121] 회기역 (primary=KEY_1)
2026-07-21 01:45:39,908 [INFO] === 수집 완료 | 성공 121, 실패 0 ===
2026-07-21 01:45:39,908 [INFO] 카테고리별 저장 결과:
2026-07-21 01:45:39,908 [INFO]    accident                  | 신규     4행 | 누적      4행 | 16컬럼
2026-07-21 01:45:39,908 [INFO]    area_meta                 | 신규   121행 | 누적    121행 | 5컬럼
2026-07-21 01:45:39,908 [INFO]    bike                      | 신규    11행 | 누적     11행 | 12컬럼
2026-07-21 01:45:39,908 [INFO]    bike_sbike_stts           | 신규   570행 | 누적    570행 | 12컬럼
2026-07-21 01:45:39,908 [INFO]    bus                       | 신규     3행 | 누적      3행 | 11컬럼
2026-07-21 01:45:39,908 [INFO]    bus_bus_stn_stts          | 신규  1745행 | 누적   1745행 | 11컬럼
2026-07-21 01:45:39,909 [INFO]    charger                   | 신규     4행 | 누적      4행 | 15컬럼
2026-07-21 01:45:39,909 [INFO]    charger_charger_stts      | 신규  1918행 | 누적   1918행 | 15컬럼
2026-07-21 01:45:39,909 [INFO]    cmrcl                     | 신규    82행 | 누적     82행 | 20컬럼
2026-07-21 01:45:39,909 [INFO]    events                    | 신규     9행 | 누적      9행 | 14컬럼
2026-07-21 01:45:39,909 [INFO]    events_event_stts         | 신규   129행 | 누적    129행 | 14컬럼
2026-07-21 01:45:39,909 [INFO]    parking                   | 신규     6행 | 누적      6행 | 21컬럼
2026-07-21 01:45:39,909 [INFO]    parking_prk_stts          | 신규  1834행 | 누적   1834행 | 21컬럼
2026-07-21 01:45:39,909 [INFO]    ppltn                     | 신규   121행 | 누적    121행 | 26컬럼
2026-07-21 01:45:39,909 [INFO]    road                      | 신규   121행 | 누적    121행 | 21컬럼
2026-07-21 01:45:39,909 [INFO]    road_road_traffic_stts    | 신규  5271행 | 누적   5271행 | 17컬럼
2026-07-21 01:45:39,909 [INFO]    subway                    | 신규    38행 | 누적     38행 | 12컬럼
2026-07-21 01:45:39,909 [INFO]    subway_sub_stts           | 신규   183행 | 누적    183행 | 13컬럼
2026-07-21 01:45:39,909 [INFO]    weather                   | 신규   119행 | 누적    119행 | 29컬럼
2026-07-21 01:45:39,909 [INFO] 키별 사용량:
2026-07-21 01:45:39,909 [INFO]    🟢 KEY_1 (31/1000) 
2026-07-21 01:45:39,909 [INFO]    🟢 KEY_2 (30/1000) 
2026-07-21 01:45:39,909 [INFO]    🟢 KEY_3 (30/1000) 
2026-07-21 01:45:39,909 [INFO]    🟢 KEY_4 (30/1000) 
2026-07-21 04:03:10,512 [INFO] 등록된 키: 4개, 합산 한도 4,000건/일
2026-07-21 04:03:10,513 [INFO] POI 로드: 매뉴얼 v8.5 기준 fallback 121개 (121개 전체)
2026-07-21 04:03:10,513 [INFO] === 수집 시작 2026-07-21T04:03:10.513130+09:00 ===
2026-07-21 04:03:10,513 [INFO] 대상 장소: 121개 | API: citydata (통합)
2026-07-21 04:03:10,513 [INFO] 키 풀: 4/4 활성 | 오늘 사용 0/4000건
2026-07-21 04:03:10,513 [INFO]   [KEY_1] 담당 31장소
2026-07-21 04:03:10,513 [INFO]   [KEY_2] 담당 30장소
2026-07-21 04:03:10,513 [INFO]   [KEY_3] 담당 30장소
2026-07-21 04:03:10,513 [INFO]   [KEY_4] 담당 30장소
2026-07-21 04:03:10,513 [INFO] [1/121] 경복궁 (primary=KEY_1)
2026-07-21 04:03:12,599 [INFO] [2/121] 광화문·덕수궁 (primary=KEY_2)
2026-07-21 04:03:15,029 [INFO] [3/121] 보신각 (primary=KEY_3)
2026-07-21 04:03:17,499 [INFO] [4/121] 서울 암사동 유적 (primary=KEY_4)
2026-07-21 04:03:19,288 [INFO] [5/121] 창덕궁·종묘 (primary=KEY_1)
2026-07-21 04:03:21,569 [INFO] [6/121] 강남 MICE 관광특구 (primary=KEY_2)
2026-07-21 04:03:24,024 [INFO] [7/121] 동대문 관광특구 (primary=KEY_3)
2026-07-21 04:03:26,360 [INFO] [8/121] 명동 관광특구 (primary=KEY_4)
2026-07-21 04:03:29,287 [INFO] [9/121] 이태원 관광특구 (primary=KEY_1)
2026-07-21 04:03:31,592 [INFO] [10/121] 잠실 관광특구 (primary=KEY_2)
2026-07-21 04:03:34,296 [INFO] [11/121] 종로·청계 관광특구 (primary=KEY_3)
2026-07-21 04:03:35,879 [INFO] [12/121] 홍대 관광특구 (primary=KEY_4)
2026-07-21 04:03:39,202 [INFO] [13/121] 강서한강공원 (primary=KEY_1)
2026-07-21 04:03:41,453 [INFO] [14/121] 고척돔 (primary=KEY_2)
2026-07-21 04:03:43,730 [INFO] [15/121] 광나루한강공원 (primary=KEY_3)
2026-07-21 04:03:45,809 [INFO] [16/121] 광화문광장 (primary=KEY_4)
2026-07-21 04:03:47,167 [INFO] [17/121] 국립중앙박물관·용산가족공원 (primary=KEY_1)
2026-07-21 04:03:48,298 [INFO] [18/121] 난지한강공원 (primary=KEY_2)
2026-07-21 04:03:50,194 [INFO] [19/121] 남산공원 (primary=KEY_3)
2026-07-21 04:03:51,731 [INFO] [20/121] 노들섬 (primary=KEY_4)
2026-07-21 04:03:53,066 [INFO] [21/121] 뚝섬한강공원 (primary=KEY_1)
2026-07-21 04:03:54,964 [INFO] [22/121] 망원한강공원 (primary=KEY_2)
2026-07-21 04:03:56,318 [INFO] [23/121] 반포한강공원 (primary=KEY_3)
2026-07-21 04:03:57,639 [INFO] [24/121] 보라매공원 (primary=KEY_4)
2026-07-21 04:03:58,799 [INFO] [25/121] 북서울꿈의숲 (primary=KEY_1)
2026-07-21 04:04:00,151 [INFO] [26/121] 서대문독립공원 (primary=KEY_2)
2026-07-21 04:04:02,278 [INFO] [27/121] 서리풀공원·몽마르뜨공원 (primary=KEY_3)
2026-07-21 04:04:03,444 [INFO] [28/121] 서울대공원 (primary=KEY_4)
2026-07-21 04:04:04,563 [INFO] [29/121] 서울숲공원 (primary=KEY_1)
2026-07-21 04:04:05,899 [INFO] [30/121] 송현녹지광장 (primary=KEY_2)
2026-07-21 04:04:07,797 [INFO] [31/121] 아차산 (primary=KEY_3)
2026-07-21 04:04:10,057 [INFO] [32/121] 안양천 (primary=KEY_4)
2026-07-21 04:04:11,190 [INFO] [33/121] 양화한강공원 (primary=KEY_1)
2026-07-21 04:04:12,516 [INFO] [34/121] 어린이대공원 (primary=KEY_2)
2026-07-21 04:04:13,866 [INFO] [35/121] 여의도한강공원 (primary=KEY_3)
2026-07-21 04:04:15,204 [INFO] [36/121] 여의서로 (primary=KEY_4)
2026-07-21 04:04:16,522 [INFO] [37/121] 올림픽공원 (primary=KEY_1)
2026-07-21 04:04:19,031 [INFO] [38/121] 월드컵공원 (primary=KEY_2)
2026-07-21 04:04:20,644 [INFO] [39/121] 응봉산 (primary=KEY_3)
2026-07-21 04:04:21,977 [INFO] [40/121] 이촌한강공원 (primary=KEY_4)
2026-07-21 04:04:23,120 [INFO] [41/121] 잠실종합운동장 (primary=KEY_1)
2026-07-21 04:04:24,266 [INFO] [42/121] 잠실한강공원 (primary=KEY_2)
2026-07-21 04:04:25,442 [INFO] [43/121] 잠원한강공원 (primary=KEY_3)
2026-07-21 04:04:26,577 [INFO] [44/121] 청계산 (primary=KEY_4)
2026-07-21 04:04:27,715 [INFO] [45/121] 홍제폭포 (primary=KEY_1)
2026-07-21 04:04:28,854 [INFO] [46/121] 가락시장 (primary=KEY_2)
2026-07-21 04:04:30,222 [INFO] [47/121] 가로수길 (primary=KEY_3)
2026-07-21 04:04:31,587 [INFO] [48/121] 광장(전통)시장 (primary=KEY_4)
2026-07-21 04:04:32,732 [INFO] [49/121] 김포공항 (primary=KEY_1)
2026-07-21 04:04:34,267 [INFO] [50/121] 남대문시장 (primary=KEY_2)
2026-07-21 04:04:35,609 [INFO] [51/121] 노량진 (primary=KEY_3)
2026-07-21 04:04:37,909 [INFO] [52/121] 덕수궁길·정동길 (primary=KEY_4)
2026-07-21 04:04:39,269 [INFO] [53/121] 북창동 먹자골목 (primary=KEY_1)
2026-07-21 04:04:40,603 [INFO] [54/121] 북촌한옥마을 (primary=KEY_2)
2026-07-21 04:04:42,131 [INFO] [55/121] 서촌 (primary=KEY_3)
2026-07-21 04:04:44,142 [INFO] [56/121] 성수카페거리 (primary=KEY_4)
2026-07-21 04:04:45,692 [INFO] [57/121] 송리단길·호수단길 (primary=KEY_1)
2026-07-21 04:04:47,063 [INFO] [58/121] 신촌 스타광장 (primary=KEY_2)
2026-07-21 04:04:48,217 [INFO] [59/121] 압구정로데오거리 (primary=KEY_3)
2026-07-21 04:04:49,564 [INFO] [60/121] 여의도 (primary=KEY_4)
2026-07-21 04:04:51,764 [INFO] [61/121] 연남동 (primary=KEY_1)
2026-07-21 04:04:53,103 [INFO] [62/121] 영등포 타임스퀘어 (primary=KEY_2)
2026-07-21 04:04:54,434 [INFO] [63/121] 용리단길 (primary=KEY_3)
2026-07-21 04:04:55,617 [INFO] [64/121] 이태원 앤틱가구거리 (primary=KEY_4)
2026-07-21 04:04:56,782 [INFO] [65/121] 익선동 (primary=KEY_1)
2026-07-21 04:04:58,133 [INFO] [66/121] 인사동 (primary=KEY_2)
2026-07-21 04:04:59,678 [INFO] [67/121] 잠실롯데타워·석촌호수 (primary=KEY_3)
2026-07-21 04:05:01,441 [INFO] [68/121] 창동 신경제 중심지 (primary=KEY_4)
2026-07-21 04:05:03,160 [INFO] [69/121] 청담동 명품거리 (primary=KEY_1)
2026-07-21 04:05:04,499 [INFO] [70/121] 청량리 제기동 일대 전통시장 (primary=KEY_2)
2026-07-21 04:05:05,839 [INFO] [71/121] 해방촌·경리단길 (primary=KEY_3)
2026-07-21 04:05:07,055 [INFO] [72/121] DDP(동대문디자인플라자) (primary=KEY_4)
2026-07-21 04:05:09,198 [INFO] [73/121] DMC(디지털미디어시티) (primary=KEY_1)
2026-07-21 04:05:10,943 [INFO] [74/121] 가산디지털단지역 (primary=KEY_2)
2026-07-21 04:05:13,621 [INFO] [75/121] 강남역 (primary=KEY_3)
2026-07-21 04:05:15,169 [INFO] [76/121] 건대입구역 (primary=KEY_4)
2026-07-21 04:05:16,513 [INFO] [77/121] 고덕역 (primary=KEY_1)
2026-07-21 04:05:17,854 [INFO] [78/121] 고속터미널역 (primary=KEY_2)
2026-07-21 04:05:19,191 [INFO] [79/121] 교대역 (primary=KEY_3)
2026-07-21 04:05:21,302 [INFO] [80/121] 구로디지털단지역 (primary=KEY_4)
2026-07-21 04:05:23,087 [INFO] [81/121] 구로역 (primary=KEY_1)
2026-07-21 04:05:24,417 [INFO] [82/121] 군자역 (primary=KEY_2)
2026-07-21 04:05:25,599 [INFO] [83/121] 대림역 (primary=KEY_3)
2026-07-21 04:05:26,932 [INFO] [84/121] 동대문역 (primary=KEY_4)
2026-07-21 04:05:28,279 [INFO] [85/121] 뚝섬역 (primary=KEY_1)
2026-07-21 04:05:29,635 [INFO] [86/121] 미아사거리역 (primary=KEY_2)
2026-07-21 04:05:30,973 [INFO] [87/121] 발산역 (primary=KEY_3)
2026-07-21 04:05:32,522 [INFO] [88/121] 사당역 (primary=KEY_4)
2026-07-21 04:05:33,856 [INFO] [89/121] 삼각지역 (primary=KEY_1)
2026-07-21 04:05:35,004 [INFO] [90/121] 서울대입구역 (primary=KEY_2)
2026-07-21 04:05:36,320 [INFO] [91/121] 서울식물원·마곡나루역 (primary=KEY_3)
2026-07-21 04:05:37,864 [INFO] [92/121] 서울역 (primary=KEY_4)
2026-07-21 04:05:39,260 [INFO] [93/121] 선릉역 (primary=KEY_1)
2026-07-21 04:05:41,020 [INFO] [94/121] 성신여대입구역 (primary=KEY_2)
2026-07-21 04:05:42,187 [INFO] [95/121] 수유역 (primary=KEY_3)
2026-07-21 04:05:43,521 [INFO] [96/121] 숭례문 (primary=KEY_4)
2026-07-21 04:05:45,057 [INFO] [97/121] 시의회 앞 (primary=KEY_1)
2026-07-21 04:05:46,415 [INFO] [98/121] 신논현역·논현역 (primary=KEY_2)
2026-07-21 04:05:47,839 [INFO] [99/121] 신도림역 (primary=KEY_3)
2026-07-21 04:05:49,021 [INFO] [100/121] 신림역 (primary=KEY_4)
2026-07-21 04:05:50,169 [INFO] [101/121] 신정네거리역 (primary=KEY_1)
2026-07-21 04:05:51,510 [INFO] [102/121] 신촌·이대역 (primary=KEY_2)
2026-07-21 04:05:53,617 [INFO] [103/121] 쌍문역 (primary=KEY_3)
2026-07-21 04:05:54,953 [INFO] [104/121] 양재역 (primary=KEY_4)
2026-07-21 04:05:56,314 [INFO] [105/121] 역삼역 (primary=KEY_1)
2026-07-21 04:05:57,846 [INFO] [106/121] 연신내역 (primary=KEY_2)
2026-07-21 04:05:59,024 [INFO] [107/121] 오목교역·목동운동장 (primary=KEY_3)
2026-07-21 04:06:00,938 [INFO] [108/121] 왕십리역 (primary=KEY_4)
2026-07-21 04:06:02,291 [INFO] [109/121] 용산역 (primary=KEY_1)
2026-07-21 04:06:03,823 [INFO] [110/121] 이태원역 (primary=KEY_2)
2026-07-21 04:06:04,964 [INFO] [111/121] 잠실새내역 (primary=KEY_3)
2026-07-21 04:06:06,312 [INFO] [112/121] 잠실역 (primary=KEY_4)
2026-07-21 04:06:07,842 [INFO] [113/121] 장지역 (primary=KEY_1)
2026-07-21 04:06:09,427 [INFO] [114/121] 장한평역 (primary=KEY_2)
2026-07-21 04:06:10,759 [INFO] [115/121] 천호역 (primary=KEY_3)
2026-07-21 04:06:12,093 [INFO] [116/121] 총신대입구(이수)역 (primary=KEY_4)
2026-07-21 04:06:13,434 [INFO] [117/121] 충정로역 (primary=KEY_1)
2026-07-21 04:06:14,816 [INFO] [118/121] 합정역 (primary=KEY_2)
2026-07-21 04:06:16,160 [INFO] [119/121] 혜화역 (primary=KEY_3)
2026-07-21 04:06:17,493 [INFO] [120/121] 홍대입구역(2호선) (primary=KEY_4)
2026-07-21 04:06:18,826 [INFO] [121/121] 회기역 (primary=KEY_1)
2026-07-21 04:06:21,004 [INFO] === 수집 완료 | 성공 121, 실패 0 ===
2026-07-21 04:06:21,004 [INFO] 카테고리별 저장 결과:
2026-07-21 04:06:21,004 [INFO]    accident                  | 신규     4행 | 누적      8행 | 16컬럼
2026-07-21 04:06:21,004 [INFO]    area_meta                 | 신규   121행 | 누적    242행 | 5컬럼
2026-07-21 04:06:21,004 [INFO]    bike                      | 신규    11행 | 누적     22행 | 12컬럼
2026-07-21 04:06:21,004 [INFO]    bike_sbike_stts           | 신규   570행 | 누적   1140행 | 12컬럼
2026-07-21 04:06:21,004 [INFO]    bus                       | 신규     3행 | 누적      6행 | 11컬럼
2026-07-21 04:06:21,004 [INFO]    bus_bus_stn_stts          | 신규  1745행 | 누적   3490행 | 11컬럼
2026-07-21 04:06:21,004 [INFO]    charger                   | 신규     4행 | 누적      8행 | 15컬럼
2026-07-21 04:06:21,004 [INFO]    charger_charger_stts      | 신규  1918행 | 누적   3810행 | 15컬럼
2026-07-21 04:06:21,005 [INFO]    cmrcl                     | 신규    82행 | 누적    164행 | 20컬럼
2026-07-21 04:06:21,005 [INFO]    events                    | 신규     9행 | 누적     18행 | 14컬럼
2026-07-21 04:06:21,005 [INFO]    events_event_stts         | 신규   129행 | 누적    258행 | 14컬럼
2026-07-21 04:06:21,005 [INFO]    parking                   | 신규     6행 | 누적     12행 | 21컬럼
2026-07-21 04:06:21,005 [INFO]    parking_prk_stts          | 신규  1834행 | 누적   3668행 | 21컬럼
2026-07-21 04:06:21,005 [INFO]    ppltn                     | 신규   121행 | 누적    242행 | 26컬럼
2026-07-21 04:06:21,005 [INFO]    road                      | 신규   121행 | 누적    242행 | 21컬럼
2026-07-21 04:06:21,005 [INFO]    road_road_traffic_stts    | 신규  5271행 | 누적  10542행 | 17컬럼
2026-07-21 04:06:21,005 [INFO]    subway                    | 신규    38행 | 누적     76행 | 12컬럼
2026-07-21 04:06:21,005 [INFO]    subway_sub_stts           | 신규   183행 | 누적    366행 | 13컬럼
2026-07-21 04:06:21,005 [INFO]    weather                   | 신규   119행 | 누적    238행 | 29컬럼
2026-07-21 04:06:21,005 [INFO] 키별 사용량:
2026-07-21 04:06:21,005 [INFO]    🟢 KEY_1 (31/1000) 
2026-07-21 04:06:21,005 [INFO]    🟢 KEY_2 (30/1000) 
2026-07-21 04:06:21,006 [INFO]    🟢 KEY_3 (30/1000) 
2026-07-21 04:06:21,006 [INFO]    🟢 KEY_4 (30/1000) 
2026-07-21 05:38:45,019 [INFO] 등록된 키: 4개, 합산 한도 4,000건/일
2026-07-21 05:38:45,019 [INFO] POI 로드: 매뉴얼 v8.5 기준 fallback 121개 (121개 전체)
2026-07-21 05:38:45,019 [INFO] === 수집 시작 2026-07-21T05:38:45.019834+09:00 ===
2026-07-21 05:38:45,019 [INFO] 대상 장소: 121개 | API: citydata (통합)
2026-07-21 05:38:45,020 [INFO] 키 풀: 4/4 활성 | 오늘 사용 0/4000건
2026-07-21 05:38:45,020 [INFO]   [KEY_1] 담당 31장소
2026-07-21 05:38:45,020 [INFO]   [KEY_2] 담당 30장소
2026-07-21 05:38:45,020 [INFO]   [KEY_3] 담당 30장소
2026-07-21 05:38:45,020 [INFO]   [KEY_4] 담당 30장소
2026-07-21 05:38:45,020 [INFO] [1/121] 경복궁 (primary=KEY_1)
2026-07-21 05:38:46,687 [INFO] [2/121] 광화문·덕수궁 (primary=KEY_2)
2026-07-21 05:38:48,210 [INFO] [3/121] 보신각 (primary=KEY_3)
2026-07-21 05:38:49,952 [INFO] [4/121] 서울 암사동 유적 (primary=KEY_4)
2026-07-21 05:38:51,549 [INFO] [5/121] 창덕궁·종묘 (primary=KEY_1)
2026-07-21 05:38:53,270 [INFO] [6/121] 강남 MICE 관광특구 (primary=KEY_2)
2026-07-21 05:38:54,385 [INFO] [7/121] 동대문 관광특구 (primary=KEY_3)
2026-07-21 05:38:55,675 [INFO] [8/121] 명동 관광특구 (primary=KEY_4)
2026-07-21 05:38:57,647 [INFO] [9/121] 이태원 관광특구 (primary=KEY_1)
2026-07-21 05:38:59,280 [INFO] [10/121] 잠실 관광특구 (primary=KEY_2)
2026-07-21 05:39:01,258 [INFO] [11/121] 종로·청계 관광특구 (primary=KEY_3)
2026-07-21 05:39:02,558 [INFO] [12/121] 홍대 관광특구 (primary=KEY_4)
2026-07-21 05:39:04,355 [INFO] [13/121] 강서한강공원 (primary=KEY_1)
2026-07-21 05:39:05,302 [INFO] [14/121] 고척돔 (primary=KEY_2)
2026-07-21 05:39:06,258 [INFO] [15/121] 광나루한강공원 (primary=KEY_3)
2026-07-21 05:39:07,849 [INFO] [16/121] 광화문광장 (primary=KEY_4)
2026-07-21 05:39:08,950 [INFO] [17/121] 국립중앙박물관·용산가족공원 (primary=KEY_1)
2026-07-21 05:39:10,682 [INFO] [18/121] 난지한강공원 (primary=KEY_2)
2026-07-21 05:39:11,630 [INFO] [19/121] 남산공원 (primary=KEY_3)
2026-07-21 05:39:12,888 [INFO] [20/121] 노들섬 (primary=KEY_4)
2026-07-21 05:39:13,839 [INFO] [21/121] 뚝섬한강공원 (primary=KEY_1)
2026-07-21 05:39:14,811 [INFO] [22/121] 망원한강공원 (primary=KEY_2)
2026-07-21 05:39:16,426 [INFO] [23/121] 반포한강공원 (primary=KEY_3)
2026-07-21 05:39:17,515 [INFO] [24/121] 보라매공원 (primary=KEY_4)
2026-07-21 05:39:18,489 [INFO] [25/121] 북서울꿈의숲 (primary=KEY_1)
2026-07-21 05:39:19,593 [INFO] [26/121] 서대문독립공원 (primary=KEY_2)
2026-07-21 05:39:20,608 [INFO] [27/121] 서리풀공원·몽마르뜨공원 (primary=KEY_3)
2026-07-21 05:39:22,242 [INFO] [28/121] 서울대공원 (primary=KEY_4)
2026-07-21 05:39:23,185 [INFO] [29/121] 서울숲공원 (primary=KEY_1)
2026-07-21 05:39:24,283 [INFO] [30/121] 송현녹지광장 (primary=KEY_2)
2026-07-21 05:39:25,899 [INFO] [31/121] 아차산 (primary=KEY_3)
2026-07-21 05:39:26,850 [INFO] [32/121] 안양천 (primary=KEY_4)
2026-07-21 05:39:28,316 [INFO] [33/121] 양화한강공원 (primary=KEY_1)
2026-07-21 05:39:29,274 [INFO] [34/121] 어린이대공원 (primary=KEY_2)
2026-07-21 05:39:30,384 [INFO] [35/121] 여의도한강공원 (primary=KEY_3)
2026-07-21 05:39:31,480 [INFO] [36/121] 여의서로 (primary=KEY_4)
2026-07-21 05:39:32,571 [INFO] [37/121] 올림픽공원 (primary=KEY_1)
2026-07-21 05:39:33,703 [INFO] [38/121] 월드컵공원 (primary=KEY_2)
2026-07-21 05:39:34,947 [INFO] [39/121] 응봉산 (primary=KEY_3)
2026-07-21 05:39:36,042 [INFO] [40/121] 이촌한강공원 (primary=KEY_4)
2026-07-21 05:39:37,013 [INFO] [41/121] 잠실종합운동장 (primary=KEY_1)
2026-07-21 05:39:37,984 [INFO] [42/121] 잠실한강공원 (primary=KEY_2)
2026-07-21 05:39:38,962 [INFO] [43/121] 잠원한강공원 (primary=KEY_3)
2026-07-21 05:39:39,913 [INFO] [44/121] 청계산 (primary=KEY_4)
2026-07-21 05:39:40,993 [INFO] [45/121] 홍제폭포 (primary=KEY_1)
2026-07-21 05:39:41,947 [INFO] [46/121] 가락시장 (primary=KEY_2)
2026-07-21 05:39:43,079 [INFO] [47/121] 가로수길 (primary=KEY_3)
2026-07-21 05:39:44,224 [INFO] [48/121] 광장(전통)시장 (primary=KEY_4)
2026-07-21 05:39:45,221 [INFO] [49/121] 김포공항 (primary=KEY_1)
2026-07-21 05:39:46,486 [INFO] [50/121] 남대문시장 (primary=KEY_2)
2026-07-21 05:39:48,224 [INFO] [51/121] 노량진 (primary=KEY_3)
2026-07-21 05:39:49,340 [INFO] [52/121] 덕수궁길·정동길 (primary=KEY_4)
2026-07-21 05:39:50,469 [INFO] [53/121] 북창동 먹자골목 (primary=KEY_1)
2026-07-21 05:39:51,569 [INFO] [54/121] 북촌한옥마을 (primary=KEY_2)
2026-07-21 05:39:52,816 [INFO] [55/121] 서촌 (primary=KEY_3)
2026-07-21 05:39:53,931 [INFO] [56/121] 성수카페거리 (primary=KEY_4)
2026-07-21 05:39:55,177 [INFO] [57/121] 송리단길·호수단길 (primary=KEY_1)
2026-07-21 05:39:56,305 [INFO] [58/121] 신촌 스타광장 (primary=KEY_2)
2026-07-21 05:39:57,287 [INFO] [59/121] 압구정로데오거리 (primary=KEY_3)
2026-07-21 05:39:58,400 [INFO] [60/121] 여의도 (primary=KEY_4)
2026-07-21 05:40:00,100 [INFO] [61/121] 연남동 (primary=KEY_1)
2026-07-21 05:40:01,200 [INFO] [62/121] 영등포 타임스퀘어 (primary=KEY_2)
2026-07-21 05:40:02,420 [INFO] [63/121] 용리단길 (primary=KEY_3)
2026-07-21 05:40:03,577 [INFO] [64/121] 이태원 앤틱가구거리 (primary=KEY_4)
2026-07-21 05:40:04,718 [INFO] [65/121] 익선동 (primary=KEY_1)
2026-07-21 05:40:05,847 [INFO] [66/121] 인사동 (primary=KEY_2)
2026-07-21 05:40:07,081 [INFO] [67/121] 잠실롯데타워·석촌호수 (primary=KEY_3)
2026-07-21 05:40:08,461 [INFO] [68/121] 창동 신경제 중심지 (primary=KEY_4)
2026-07-21 05:40:09,820 [INFO] [69/121] 청담동 명품거리 (primary=KEY_1)
2026-07-21 05:40:10,927 [INFO] [70/121] 청량리 제기동 일대 전통시장 (primary=KEY_2)
2026-07-21 05:40:12,024 [INFO] [71/121] 해방촌·경리단길 (primary=KEY_3)
2026-07-21 05:40:12,978 [INFO] [72/121] DDP(동대문디자인플라자) (primary=KEY_4)
2026-07-21 05:40:14,131 [INFO] [73/121] DMC(디지털미디어시티) (primary=KEY_1)
2026-07-21 05:40:15,523 [INFO] [74/121] 가산디지털단지역 (primary=KEY_2)
2026-07-21 05:40:17,005 [INFO] [75/121] 강남역 (primary=KEY_3)
2026-07-21 05:40:18,254 [INFO] [76/121] 건대입구역 (primary=KEY_4)
2026-07-21 05:40:19,356 [INFO] [77/121] 고덕역 (primary=KEY_1)
2026-07-21 05:40:20,442 [INFO] [78/121] 고속터미널역 (primary=KEY_2)
2026-07-21 05:40:21,557 [INFO] [79/121] 교대역 (primary=KEY_3)
2026-07-21 05:40:22,659 [INFO] [80/121] 구로디지털단지역 (primary=KEY_4)
2026-07-21 05:40:24,006 [INFO] [81/121] 구로역 (primary=KEY_1)
2026-07-21 05:40:25,084 [INFO] [82/121] 군자역 (primary=KEY_2)
2026-07-21 05:40:26,185 [INFO] [83/121] 대림역 (primary=KEY_3)
2026-07-21 05:40:27,294 [INFO] [84/121] 동대문역 (primary=KEY_4)
2026-07-21 05:40:28,393 [INFO] [85/121] 뚝섬역 (primary=KEY_1)
2026-07-21 05:40:29,479 [INFO] [86/121] 미아사거리역 (primary=KEY_2)
2026-07-21 05:40:31,096 [INFO] [87/121] 발산역 (primary=KEY_3)
2026-07-21 05:40:33,212 [INFO] [88/121] 사당역 (primary=KEY_4)
2026-07-21 05:40:35,063 [INFO] [89/121] 삼각지역 (primary=KEY_1)
2026-07-21 05:40:36,147 [INFO] [90/121] 서울대입구역 (primary=KEY_2)
2026-07-21 05:40:37,239 [INFO] [91/121] 서울식물원·마곡나루역 (primary=KEY_3)
2026-07-21 05:40:39,250 [INFO] [92/121] 서울역 (primary=KEY_4)
2026-07-21 05:40:41,325 [INFO] [93/121] 선릉역 (primary=KEY_1)
2026-07-21 05:40:42,730 [INFO] [94/121] 성신여대입구역 (primary=KEY_2)
2026-07-21 05:40:44,495 [INFO] [95/121] 수유역 (primary=KEY_3)
2026-07-21 05:40:46,233 [INFO] [96/121] 숭례문 (primary=KEY_4)
2026-07-21 05:40:48,128 [INFO] [97/121] 시의회 앞 (primary=KEY_1)
2026-07-21 05:40:49,228 [INFO] [98/121] 신논현역·논현역 (primary=KEY_2)
2026-07-21 05:40:50,881 [INFO] [99/121] 신도림역 (primary=KEY_3)
2026-07-21 05:40:52,595 [INFO] [100/121] 신림역 (primary=KEY_4)
2026-07-21 05:40:54,479 [INFO] [101/121] 신정네거리역 (primary=KEY_1)
2026-07-21 05:40:55,578 [INFO] [102/121] 신촌·이대역 (primary=KEY_2)
2026-07-21 05:40:57,434 [INFO] [103/121] 쌍문역 (primary=KEY_3)
2026-07-21 05:40:58,520 [INFO] [104/121] 양재역 (primary=KEY_4)
2026-07-21 05:40:59,612 [INFO] [105/121] 역삼역 (primary=KEY_1)
2026-07-21 05:41:00,829 [INFO] [106/121] 연신내역 (primary=KEY_2)
2026-07-21 05:41:01,841 [INFO] [107/121] 오목교역·목동운동장 (primary=KEY_3)
2026-07-21 05:41:04,108 [INFO] [108/121] 왕십리역 (primary=KEY_4)
2026-07-21 05:41:05,363 [INFO] [109/121] 용산역 (primary=KEY_1)
2026-07-21 05:41:06,635 [INFO] [110/121] 이태원역 (primary=KEY_2)
2026-07-21 05:41:08,118 [INFO] [111/121] 잠실새내역 (primary=KEY_3)
2026-07-21 05:41:09,727 [INFO] [112/121] 잠실역 (primary=KEY_4)
2026-07-21 05:41:11,046 [INFO] [113/121] 장지역 (primary=KEY_1)
2026-07-21 05:41:12,273 [INFO] [114/121] 장한평역 (primary=KEY_2)
2026-07-21 05:41:13,879 [INFO] [115/121] 천호역 (primary=KEY_3)
2026-07-21 05:41:15,004 [INFO] [116/121] 총신대입구(이수)역 (primary=KEY_4)
2026-07-21 05:41:16,108 [INFO] [117/121] 충정로역 (primary=KEY_1)
2026-07-21 05:41:17,958 [INFO] [118/121] 합정역 (primary=KEY_2)
2026-07-21 05:41:19,073 [INFO] [119/121] 혜화역 (primary=KEY_3)
2026-07-21 05:41:20,165 [INFO] [120/121] 홍대입구역(2호선) (primary=KEY_4)
2026-07-21 05:41:21,273 [INFO] [121/121] 회기역 (primary=KEY_1)
2026-07-21 05:41:23,343 [INFO] === 수집 완료 | 성공 121, 실패 0 ===
2026-07-21 05:41:23,344 [INFO] 카테고리별 저장 결과:
2026-07-21 05:41:23,344 [INFO]    accident                  | 신규     3행 | 누적     11행 | 16컬럼
2026-07-21 05:41:23,344 [INFO]    area_meta                 | 신규   121행 | 누적    363행 | 5컬럼
2026-07-21 05:41:23,344 [INFO]    bike                      | 신규    11행 | 누적     33행 | 12컬럼
2026-07-21 05:41:23,344 [INFO]    bike_sbike_stts           | 신규   570행 | 누적   1710행 | 12컬럼
2026-07-21 05:41:23,344 [INFO]    bus                       | 신규     3행 | 누적      9행 | 11컬럼
2026-07-21 05:41:23,344 [INFO]    bus_bus_stn_stts          | 신규  1745행 | 누적   5235행 | 11컬럼
2026-07-21 05:41:23,344 [INFO]    charger                   | 신규     4행 | 누적     12행 | 15컬럼
2026-07-21 05:41:23,344 [INFO]    charger_charger_stts      | 신규  1918행 | 누적   5715행 | 15컬럼
2026-07-21 05:41:23,344 [INFO]    cmrcl                     | 신규    82행 | 누적    246행 | 20컬럼
2026-07-21 05:41:23,344 [INFO]    events                    | 신규    10행 | 누적     28행 | 14컬럼
2026-07-21 05:41:23,344 [INFO]    events_event_stts         | 신규   130행 | 누적    388행 | 14컬럼
2026-07-21 05:41:23,344 [INFO]    parking                   | 신규     6행 | 누적     18행 | 21컬럼
2026-07-21 05:41:23,344 [INFO]    parking_prk_stts          | 신규  1834행 | 누적   5502행 | 21컬럼
2026-07-21 05:41:23,344 [INFO]    ppltn                     | 신규   121행 | 누적    363행 | 26컬럼
2026-07-21 05:41:23,344 [INFO]    road                      | 신규   121행 | 누적    363행 | 21컬럼
2026-07-21 05:41:23,344 [INFO]    road_road_traffic_stts    | 신규  5271행 | 누적  15813행 | 17컬럼
2026-07-21 05:41:23,345 [INFO]    subway                    | 신규    38행 | 누적    114행 | 12컬럼
2026-07-21 05:41:23,345 [INFO]    subway_sub_stts           | 신규   183행 | 누적    549행 | 13컬럼
2026-07-21 05:41:23,345 [INFO]    weather                   | 신규   119행 | 누적    357행 | 29컬럼
2026-07-21 05:41:23,345 [INFO] 키별 사용량:
2026-07-21 05:41:23,345 [INFO]    🟢 KEY_1 (31/1000) 
2026-07-21 05:41:23,345 [INFO]    🟢 KEY_2 (30/1000) 
2026-07-21 05:41:23,345 [INFO]    🟢 KEY_3 (30/1000) 
2026-07-21 05:41:23,345 [INFO]    🟢 KEY_4 (30/1000) 
2026-07-21 07:10:29,090 [INFO] 등록된 키: 4개, 합산 한도 4,000건/일
2026-07-21 07:10:29,091 [INFO] POI 로드: 매뉴얼 v8.5 기준 fallback 121개 (121개 전체)
2026-07-21 07:10:29,091 [INFO] === 수집 시작 2026-07-21T07:10:29.091376+09:00 ===
2026-07-21 07:10:29,091 [INFO] 대상 장소: 121개 | API: citydata (통합)
2026-07-21 07:10:29,091 [INFO] 키 풀: 4/4 활성 | 오늘 사용 0/4000건
2026-07-21 07:10:29,091 [INFO]   [KEY_1] 담당 31장소
2026-07-21 07:10:29,091 [INFO]   [KEY_2] 담당 30장소
2026-07-21 07:10:29,091 [INFO]   [KEY_3] 담당 30장소
2026-07-21 07:10:29,091 [INFO]   [KEY_4] 담당 30장소
2026-07-21 07:10:29,091 [INFO] [1/121] 경복궁 (primary=KEY_1)
2026-07-21 07:10:30,941 [INFO] [2/121] 광화문·덕수궁 (primary=KEY_2)
2026-07-21 07:10:33,038 [INFO] [3/121] 보신각 (primary=KEY_3)
2026-07-21 07:10:34,250 [INFO] [4/121] 서울 암사동 유적 (primary=KEY_4)
2026-07-21 07:10:35,888 [INFO] [5/121] 창덕궁·종묘 (primary=KEY_1)
2026-07-21 07:10:36,956 [INFO] [6/121] 강남 MICE 관광특구 (primary=KEY_2)
2026-07-21 07:10:38,059 [INFO] [7/121] 동대문 관광특구 (primary=KEY_3)
2026-07-21 07:10:39,954 [INFO] [8/121] 명동 관광특구 (primary=KEY_4)
2026-07-21 07:10:41,883 [INFO] [9/121] 이태원 관광특구 (primary=KEY_1)
2026-07-21 07:10:43,605 [INFO] [10/121] 잠실 관광특구 (primary=KEY_2)
2026-07-21 07:10:45,145 [INFO] [11/121] 종로·청계 관광특구 (primary=KEY_3)
2026-07-21 07:10:46,951 [INFO] [12/121] 홍대 관광특구 (primary=KEY_4)
2026-07-21 07:10:48,285 [INFO] [13/121] 강서한강공원 (primary=KEY_1)
2026-07-21 07:10:49,878 [INFO] [14/121] 고척돔 (primary=KEY_2)
2026-07-21 07:10:51,587 [INFO] [15/121] 광나루한강공원 (primary=KEY_3)
2026-07-21 07:10:53,164 [INFO] [16/121] 광화문광장 (primary=KEY_4)
2026-07-21 07:10:54,257 [INFO] [17/121] 국립중앙박물관·용산가족공원 (primary=KEY_1)
2026-07-21 07:10:55,726 [INFO] [18/121] 난지한강공원 (primary=KEY_2)
2026-07-21 07:10:56,671 [INFO] [19/121] 남산공원 (primary=KEY_3)
2026-07-21 07:10:58,649 [INFO] [20/121] 노들섬 (primary=KEY_4)
2026-07-21 07:10:59,594 [INFO] [21/121] 뚝섬한강공원 (primary=KEY_1)
2026-07-21 07:11:00,543 [INFO] [22/121] 망원한강공원 (primary=KEY_2)
2026-07-21 07:11:01,633 [INFO] [23/121] 반포한강공원 (primary=KEY_3)
2026-07-21 07:11:02,572 [INFO] [24/121] 보라매공원 (primary=KEY_4)
2026-07-21 07:11:03,545 [INFO] [25/121] 북서울꿈의숲 (primary=KEY_1)
2026-07-21 07:11:04,615 [INFO] [26/121] 서대문독립공원 (primary=KEY_2)
2026-07-21 07:11:05,603 [INFO] [27/121] 서리풀공원·몽마르뜨공원 (primary=KEY_3)
2026-07-21 07:11:06,716 [INFO] [28/121] 서울대공원 (primary=KEY_4)
2026-07-21 07:11:08,420 [INFO] [29/121] 서울숲공원 (primary=KEY_1)
2026-07-21 07:11:09,503 [INFO] [30/121] 송현녹지광장 (primary=KEY_2)
2026-07-21 07:11:10,587 [INFO] [31/121] 아차산 (primary=KEY_3)
2026-07-21 07:11:11,532 [INFO] [32/121] 안양천 (primary=KEY_4)
2026-07-21 07:11:13,215 [INFO] [33/121] 양화한강공원 (primary=KEY_1)
2026-07-21 07:11:14,160 [INFO] [34/121] 어린이대공원 (primary=KEY_2)
2026-07-21 07:11:15,251 [INFO] [35/121] 여의도한강공원 (primary=KEY_3)
2026-07-21 07:11:16,331 [INFO] [36/121] 여의서로 (primary=KEY_4)
2026-07-21 07:11:17,402 [INFO] [37/121] 올림픽공원 (primary=KEY_1)
2026-07-21 07:11:18,550 [INFO] [38/121] 월드컵공원 (primary=KEY_2)
2026-07-21 07:11:19,783 [INFO] [39/121] 응봉산 (primary=KEY_3)
2026-07-21 07:11:20,862 [INFO] [40/121] 이촌한강공원 (primary=KEY_4)
2026-07-21 07:11:21,805 [INFO] [41/121] 잠실종합운동장 (primary=KEY_1)
2026-07-21 07:11:22,762 [INFO] [42/121] 잠실한강공원 (primary=KEY_2)
2026-07-21 07:11:23,724 [INFO] [43/121] 잠원한강공원 (primary=KEY_3)
2026-07-21 07:11:25,427 [INFO] [44/121] 청계산 (primary=KEY_4)
2026-07-21 07:11:26,362 [INFO] [45/121] 홍제폭포 (primary=KEY_1)
2026-07-21 07:11:28,119 [INFO] [46/121] 가락시장 (primary=KEY_2)
2026-07-21 07:11:29,216 [INFO] [47/121] 가로수길 (primary=KEY_3)
2026-07-21 07:11:30,365 [INFO] [48/121] 광장(전통)시장 (primary=KEY_4)
2026-07-21 07:11:31,326 [INFO] [49/121] 김포공항 (primary=KEY_1)
2026-07-21 07:11:32,566 [INFO] [50/121] 남대문시장 (primary=KEY_2)
2026-07-21 07:11:33,655 [INFO] [51/121] 노량진 (primary=KEY_3)
2026-07-21 07:11:34,744 [INFO] [52/121] 덕수궁길·정동길 (primary=KEY_4)
2026-07-21 07:11:35,853 [INFO] [53/121] 북창동 먹자골목 (primary=KEY_1)
2026-07-21 07:11:36,928 [INFO] [54/121] 북촌한옥마을 (primary=KEY_2)
2026-07-21 07:11:38,129 [INFO] [55/121] 서촌 (primary=KEY_3)
2026-07-21 07:11:39,213 [INFO] [56/121] 성수카페거리 (primary=KEY_4)
2026-07-21 07:11:40,436 [INFO] [57/121] 송리단길·호수단길 (primary=KEY_1)
2026-07-21 07:11:42,181 [INFO] [58/121] 신촌 스타광장 (primary=KEY_2)
2026-07-21 07:11:43,163 [INFO] [59/121] 압구정로데오거리 (primary=KEY_3)
2026-07-21 07:11:44,281 [INFO] [60/121] 여의도 (primary=KEY_4)
2026-07-21 07:11:45,973 [INFO] [61/121] 연남동 (primary=KEY_1)
2026-07-21 07:11:47,247 [INFO] [62/121] 영등포 타임스퀘어 (primary=KEY_2)
2026-07-21 07:11:48,329 [INFO] [63/121] 용리단길 (primary=KEY_3)
2026-07-21 07:11:49,323 [INFO] [64/121] 이태원 앤틱가구거리 (primary=KEY_4)
2026-07-21 07:11:50,405 [INFO] [65/121] 익선동 (primary=KEY_1)
2026-07-21 07:11:51,521 [INFO] [66/121] 인사동 (primary=KEY_2)
2026-07-21 07:11:52,747 [INFO] [67/121] 잠실롯데타워·석촌호수 (primary=KEY_3)
2026-07-21 07:11:54,115 [INFO] [68/121] 창동 신경제 중심지 (primary=KEY_4)
2026-07-21 07:11:55,488 [INFO] [69/121] 청담동 명품거리 (primary=KEY_1)
2026-07-21 07:11:56,594 [INFO] [70/121] 청량리 제기동 일대 전통시장 (primary=KEY_2)
2026-07-21 07:11:57,696 [INFO] [71/121] 해방촌·경리단길 (primary=KEY_3)
2026-07-21 07:11:58,681 [INFO] [72/121] DDP(동대문디자인플라자) (primary=KEY_4)
2026-07-21 07:11:59,833 [INFO] [73/121] DMC(디지털미디어시티) (primary=KEY_1)
2026-07-21 07:12:01,263 [INFO] [74/121] 가산디지털단지역 (primary=KEY_2)
2026-07-21 07:12:02,752 [INFO] [75/121] 강남역 (primary=KEY_3)
2026-07-21 07:12:04,004 [INFO] [76/121] 건대입구역 (primary=KEY_4)
2026-07-21 07:12:05,111 [INFO] [77/121] 고덕역 (primary=KEY_1)
2026-07-21 07:12:06,204 [INFO] [78/121] 고속터미널역 (primary=KEY_2)
2026-07-21 07:12:07,306 [INFO] [79/121] 교대역 (primary=KEY_3)
2026-07-21 07:12:08,399 [INFO] [80/121] 구로디지털단지역 (primary=KEY_4)
2026-07-21 07:12:09,753 [INFO] [81/121] 구로역 (primary=KEY_1)
2026-07-21 07:12:10,827 [INFO] [82/121] 군자역 (primary=KEY_2)
2026-07-21 07:12:11,944 [INFO] [83/121] 대림역 (primary=KEY_3)
2026-07-21 07:12:13,045 [INFO] [84/121] 동대문역 (primary=KEY_4)
2026-07-21 07:12:14,138 [INFO] [85/121] 뚝섬역 (primary=KEY_1)
2026-07-21 07:12:15,231 [INFO] [86/121] 미아사거리역 (primary=KEY_2)
2026-07-21 07:12:16,316 [INFO] [87/121] 발산역 (primary=KEY_3)
2026-07-21 07:12:17,664 [INFO] [88/121] 사당역 (primary=KEY_4)
2026-07-21 07:12:18,752 [INFO] [89/121] 삼각지역 (primary=KEY_1)
2026-07-21 07:12:19,841 [INFO] [90/121] 서울대입구역 (primary=KEY_2)
2026-07-21 07:12:20,915 [INFO] [91/121] 서울식물원·마곡나루역 (primary=KEY_3)
2026-07-21 07:12:22,184 [INFO] [92/121] 서울역 (primary=KEY_4)
2026-07-21 07:12:23,449 [INFO] [93/121] 선릉역 (primary=KEY_1)
2026-07-21 07:12:24,822 [INFO] [94/121] 성신여대입구역 (primary=KEY_2)
2026-07-21 07:12:25,792 [INFO] [95/121] 수유역 (primary=KEY_3)
2026-07-21 07:12:26,871 [INFO] [96/121] 숭례문 (primary=KEY_4)
2026-07-21 07:12:28,094 [INFO] [97/121] 시의회 앞 (primary=KEY_1)
2026-07-21 07:12:29,184 [INFO] [98/121] 신논현역·논현역 (primary=KEY_2)
2026-07-21 07:12:30,295 [INFO] [99/121] 신도림역 (primary=KEY_3)
2026-07-21 07:12:31,259 [INFO] [100/121] 신림역 (primary=KEY_4)
2026-07-21 07:12:32,352 [INFO] [101/121] 신정네거리역 (primary=KEY_1)
2026-07-21 07:12:33,442 [INFO] [102/121] 신촌·이대역 (primary=KEY_2)
2026-07-21 07:12:34,750 [INFO] [103/121] 쌍문역 (primary=KEY_3)
2026-07-21 07:12:35,854 [INFO] [104/121] 양재역 (primary=KEY_4)
2026-07-21 07:12:36,957 [INFO] [105/121] 역삼역 (primary=KEY_1)
2026-07-21 07:12:38,184 [INFO] [106/121] 연신내역 (primary=KEY_2)
2026-07-21 07:12:39,172 [INFO] [107/121] 오목교역·목동운동장 (primary=KEY_3)
2026-07-21 07:12:40,693 [INFO] [108/121] 왕십리역 (primary=KEY_4)
2026-07-21 07:12:41,951 [INFO] [109/121] 용산역 (primary=KEY_1)
2026-07-21 07:12:43,172 [INFO] [110/121] 이태원역 (primary=KEY_2)
2026-07-21 07:12:44,141 [INFO] [111/121] 잠실새내역 (primary=KEY_3)
2026-07-21 07:12:45,238 [INFO] [112/121] 잠실역 (primary=KEY_4)
2026-07-21 07:12:46,549 [INFO] [113/121] 장지역 (primary=KEY_1)
2026-07-21 07:12:47,772 [INFO] [114/121] 장한평역 (primary=KEY_2)
2026-07-21 07:12:48,866 [INFO] [115/121] 천호역 (primary=KEY_3)
2026-07-21 07:12:49,990 [INFO] [116/121] 총신대입구(이수)역 (primary=KEY_4)
2026-07-21 07:12:51,114 [INFO] [117/121] 충정로역 (primary=KEY_1)
2026-07-21 07:12:52,228 [INFO] [118/121] 합정역 (primary=KEY_2)
2026-07-21 07:12:53,343 [INFO] [119/121] 혜화역 (primary=KEY_3)
2026-07-21 07:12:54,430 [INFO] [120/121] 홍대입구역(2호선) (primary=KEY_4)
2026-07-21 07:12:55,552 [INFO] [121/121] 회기역 (primary=KEY_1)
2026-07-21 07:12:57,948 [INFO] === 수집 완료 | 성공 121, 실패 0 ===
2026-07-21 07:12:57,948 [INFO] 카테고리별 저장 결과:
2026-07-21 07:12:57,948 [INFO]    accident                  | 신규     3행 | 누적     14행 | 16컬럼
2026-07-21 07:12:57,948 [INFO]    area_meta                 | 신규   121행 | 누적    484행 | 5컬럼
2026-07-21 07:12:57,948 [INFO]    bike                      | 신규    11행 | 누적     44행 | 12컬럼
2026-07-21 07:12:57,948 [INFO]    bike_sbike_stts           | 신규   570행 | 누적   2280행 | 12컬럼
2026-07-21 07:12:57,948 [INFO]    bus                       | 신규     3행 | 누적     12행 | 11컬럼
2026-07-21 07:12:57,948 [INFO]    bus_bus_stn_stts          | 신규  1745행 | 누적   6980행 | 11컬럼
2026-07-21 07:12:57,948 [INFO]    charger                   | 신규     4행 | 누적     16행 | 15컬럼
2026-07-21 07:12:57,948 [INFO]    charger_charger_stts      | 신규  1918행 | 누적   7620행 | 15컬럼
2026-07-21 07:12:57,948 [INFO]    cmrcl                     | 신규    82행 | 누적    328행 | 21컬럼
2026-07-21 07:12:57,948 [INFO]    events                    | 신규    10행 | 누적     38행 | 14컬럼
2026-07-21 07:12:57,948 [INFO]    events_event_stts         | 신규   130행 | 누적    518행 | 14컬럼
2026-07-21 07:12:57,948 [INFO]    parking                   | 신규     6행 | 누적     24행 | 21컬럼
2026-07-21 07:12:57,948 [INFO]    parking_prk_stts          | 신규  1834행 | 누적   7336행 | 21컬럼
2026-07-21 07:12:57,948 [INFO]    ppltn                     | 신규   121행 | 누적    484행 | 26컬럼
2026-07-21 07:12:57,949 [INFO]    road                      | 신규   121행 | 누적    484행 | 21컬럼
2026-07-21 07:12:57,949 [INFO]    road_road_traffic_stts    | 신규  5271행 | 누적  21084행 | 17컬럼
2026-07-21 07:12:57,949 [INFO]    subway                    | 신규    38행 | 누적    152행 | 12컬럼
2026-07-21 07:12:57,949 [INFO]    subway_sub_stts           | 신규   183행 | 누적    732행 | 13컬럼
2026-07-21 07:12:57,949 [INFO]    weather                   | 신규   119행 | 누적    476행 | 30컬럼
2026-07-21 07:12:57,949 [INFO] 키별 사용량:
2026-07-21 07:12:57,949 [INFO]    🟢 KEY_1 (31/1000) 
2026-07-21 07:12:57,949 [INFO]    🟢 KEY_2 (30/1000) 
2026-07-21 07:12:57,949 [INFO]    🟢 KEY_3 (30/1000) 
2026-07-21 07:12:57,949 [INFO]    🟢 KEY_4 (30/1000) 
2026-07-21 09:07:06,438 [INFO] 등록된 키: 4개, 합산 한도 4,000건/일
2026-07-21 09:07:06,439 [INFO] POI 로드: 매뉴얼 v8.5 기준 fallback 121개 (121개 전체)
2026-07-21 09:07:06,439 [INFO] === 수집 시작 2026-07-21T09:07:06.439612+09:00 ===
2026-07-21 09:07:06,439 [INFO] 대상 장소: 121개 | API: citydata (통합)
2026-07-21 09:07:06,439 [INFO] 키 풀: 4/4 활성 | 오늘 사용 0/4000건
2026-07-21 09:07:06,439 [INFO]   [KEY_1] 담당 31장소
2026-07-21 09:07:06,439 [INFO]   [KEY_2] 담당 30장소
2026-07-21 09:07:06,439 [INFO]   [KEY_3] 담당 30장소
2026-07-21 09:07:06,439 [INFO]   [KEY_4] 담당 30장소
2026-07-21 09:07:06,440 [INFO] [1/121] 경복궁 (primary=KEY_1)
2026-07-21 09:07:08,179 [INFO] [2/121] 광화문·덕수궁 (primary=KEY_2)
2026-07-21 09:07:10,188 [INFO] [3/121] 보신각 (primary=KEY_3)
2026-07-21 09:07:11,339 [INFO] [4/121] 서울 암사동 유적 (primary=KEY_4)
2026-07-21 09:07:12,887 [INFO] [5/121] 창덕궁·종묘 (primary=KEY_1)
2026-07-21 09:07:14,708 [INFO] [6/121] 강남 MICE 관광특구 (primary=KEY_2)
2026-07-21 09:07:16,441 [INFO] [7/121] 동대문 관광특구 (primary=KEY_3)
2026-07-21 09:07:17,799 [INFO] [8/121] 명동 관광특구 (primary=KEY_4)
2026-07-21 09:07:19,446 [INFO] [9/121] 이태원 관광특구 (primary=KEY_1)
2026-07-21 09:07:20,621 [INFO] [10/121] 잠실 관광특구 (primary=KEY_2)
2026-07-21 09:07:22,674 [INFO] [11/121] 종로·청계 관광특구 (primary=KEY_3)
2026-07-21 09:07:24,584 [INFO] [12/121] 홍대 관광특구 (primary=KEY_4)
2026-07-21 09:07:26,491 [INFO] [13/121] 강서한강공원 (primary=KEY_1)
2026-07-21 09:07:27,480 [INFO] [14/121] 고척돔 (primary=KEY_2)
2026-07-21 09:07:28,475 [INFO] [15/121] 광나루한강공원 (primary=KEY_3)
2026-07-21 09:07:29,596 [INFO] [16/121] 광화문광장 (primary=KEY_4)
2026-07-21 09:07:30,747 [INFO] [17/121] 국립중앙박물관·용산가족공원 (primary=KEY_1)
2026-07-21 09:07:31,757 [INFO] [18/121] 난지한강공원 (primary=KEY_2)
2026-07-21 09:07:32,748 [INFO] [19/121] 남산공원 (primary=KEY_3)
2026-07-21 09:07:34,045 [INFO] [20/121] 노들섬 (primary=KEY_4)
2026-07-21 09:07:35,028 [INFO] [21/121] 뚝섬한강공원 (primary=KEY_1)
2026-07-21 09:07:36,016 [INFO] [22/121] 망원한강공원 (primary=KEY_2)
2026-07-21 09:07:37,167 [INFO] [23/121] 반포한강공원 (primary=KEY_3)
2026-07-21 09:07:38,188 [INFO] [24/121] 보라매공원 (primary=KEY_4)
2026-07-21 09:07:39,185 [INFO] [25/121] 북서울꿈의숲 (primary=KEY_1)
2026-07-21 09:07:41,140 [INFO] [26/121] 서대문독립공원 (primary=KEY_2)
2026-07-21 09:07:42,163 [INFO] [27/121] 서리풀공원·몽마르뜨공원 (primary=KEY_3)
2026-07-21 09:07:43,316 [INFO] [28/121] 서울대공원 (primary=KEY_4)
2026-07-21 09:07:44,292 [INFO] [29/121] 서울숲공원 (primary=KEY_1)
2026-07-21 09:07:45,452 [INFO] [30/121] 송현녹지광장 (primary=KEY_2)
2026-07-21 09:07:46,603 [INFO] [31/121] 아차산 (primary=KEY_3)
2026-07-21 09:07:47,579 [INFO] [32/121] 안양천 (primary=KEY_4)
2026-07-21 09:07:48,565 [INFO] [33/121] 양화한강공원 (primary=KEY_1)
2026-07-21 09:07:49,540 [INFO] [34/121] 어린이대공원 (primary=KEY_2)
2026-07-21 09:07:50,678 [INFO] [35/121] 여의도한강공원 (primary=KEY_3)
2026-07-21 09:07:51,852 [INFO] [36/121] 여의서로 (primary=KEY_4)
2026-07-21 09:07:52,968 [INFO] [37/121] 올림픽공원 (primary=KEY_1)
2026-07-21 09:07:54,122 [INFO] [38/121] 월드컵공원 (primary=KEY_2)
2026-07-21 09:07:55,436 [INFO] [39/121] 응봉산 (primary=KEY_3)
2026-07-21 09:07:56,586 [INFO] [40/121] 이촌한강공원 (primary=KEY_4)
2026-07-21 09:07:57,575 [INFO] [41/121] 잠실종합운동장 (primary=KEY_1)
2026-07-21 09:07:58,592 [INFO] [42/121] 잠실한강공원 (primary=KEY_2)
2026-07-21 09:07:59,572 [INFO] [43/121] 잠원한강공원 (primary=KEY_3)
2026-07-21 09:08:00,562 [INFO] [44/121] 청계산 (primary=KEY_4)
2026-07-21 09:08:01,555 [INFO] [45/121] 홍제폭포 (primary=KEY_1)
2026-07-21 09:08:02,545 [INFO] [46/121] 가락시장 (primary=KEY_2)
2026-07-21 09:08:03,702 [INFO] [47/121] 가로수길 (primary=KEY_3)
2026-07-21 09:08:04,889 [INFO] [48/121] 광장(전통)시장 (primary=KEY_4)
2026-07-21 09:08:05,898 [INFO] [49/121] 김포공항 (primary=KEY_1)
2026-07-21 09:08:07,181 [INFO] [50/121] 남대문시장 (primary=KEY_2)
2026-07-21 09:08:08,333 [INFO] [51/121] 노량진 (primary=KEY_3)
2026-07-21 09:08:09,479 [INFO] [52/121] 덕수궁길·정동길 (primary=KEY_4)
2026-07-21 09:08:10,648 [INFO] [53/121] 북창동 먹자골목 (primary=KEY_1)
2026-07-21 09:08:12,323 [INFO] [54/121] 북촌한옥마을 (primary=KEY_2)
2026-07-21 09:08:13,595 [INFO] [55/121] 서촌 (primary=KEY_3)
2026-07-21 09:08:14,732 [INFO] [56/121] 성수카페거리 (primary=KEY_4)
2026-07-21 09:08:16,023 [INFO] [57/121] 송리단길·호수단길 (primary=KEY_1)
2026-07-21 09:08:17,204 [INFO] [58/121] 신촌 스타광장 (primary=KEY_2)
2026-07-21 09:08:18,229 [INFO] [59/121] 압구정로데오거리 (primary=KEY_3)
2026-07-21 09:08:19,365 [INFO] [60/121] 여의도 (primary=KEY_4)
2026-07-21 09:08:21,168 [INFO] [61/121] 연남동 (primary=KEY_1)
2026-07-21 09:08:22,308 [INFO] [62/121] 영등포 타임스퀘어 (primary=KEY_2)
2026-07-21 09:08:23,444 [INFO] [63/121] 용리단길 (primary=KEY_3)
2026-07-21 09:08:24,469 [INFO] [64/121] 이태원 앤틱가구거리 (primary=KEY_4)
2026-07-21 09:08:25,608 [INFO] [65/121] 익선동 (primary=KEY_1)
2026-07-21 09:08:26,771 [INFO] [66/121] 인사동 (primary=KEY_2)
2026-07-21 09:08:28,078 [INFO] [67/121] 잠실롯데타워·석촌호수 (primary=KEY_3)
2026-07-21 09:08:29,565 [INFO] [68/121] 창동 신경제 중심지 (primary=KEY_4)
2026-07-21 09:08:31,006 [INFO] [69/121] 청담동 명품거리 (primary=KEY_1)
2026-07-21 09:08:32,190 [INFO] [70/121] 청량리 제기동 일대 전통시장 (primary=KEY_2)
2026-07-21 09:08:33,340 [INFO] [71/121] 해방촌·경리단길 (primary=KEY_3)
2026-07-21 09:08:34,341 [INFO] [72/121] DDP(동대문디자인플라자) (primary=KEY_4)
2026-07-21 09:08:35,566 [INFO] [73/121] DMC(디지털미디어시티) (primary=KEY_1)
2026-07-21 09:08:37,012 [INFO] [74/121] 가산디지털단지역 (primary=KEY_2)
2026-07-21 09:08:38,612 [INFO] [75/121] 강남역 (primary=KEY_3)
2026-07-21 09:08:39,966 [INFO] [76/121] 건대입구역 (primary=KEY_4)
2026-07-21 09:08:41,145 [INFO] [77/121] 고덕역 (primary=KEY_1)
2026-07-21 09:08:42,301 [INFO] [78/121] 고속터미널역 (primary=KEY_2)
2026-07-21 09:08:43,471 [INFO] [79/121] 교대역 (primary=KEY_3)
2026-07-21 09:08:44,645 [INFO] [80/121] 구로디지털단지역 (primary=KEY_4)
2026-07-21 09:08:46,078 [INFO] [81/121] 구로역 (primary=KEY_1)
2026-07-21 09:08:47,217 [INFO] [82/121] 군자역 (primary=KEY_2)
2026-07-21 09:08:48,380 [INFO] [83/121] 대림역 (primary=KEY_3)
2026-07-21 09:08:49,525 [INFO] [84/121] 동대문역 (primary=KEY_4)
2026-07-21 09:08:50,696 [INFO] [85/121] 뚝섬역 (primary=KEY_1)
2026-07-21 09:08:51,841 [INFO] [86/121] 미아사거리역 (primary=KEY_2)
2026-07-21 09:08:52,991 [INFO] [87/121] 발산역 (primary=KEY_3)
2026-07-21 09:08:54,420 [INFO] [88/121] 사당역 (primary=KEY_4)
2026-07-21 09:08:55,566 [INFO] [89/121] 삼각지역 (primary=KEY_1)
2026-07-21 09:08:56,726 [INFO] [90/121] 서울대입구역 (primary=KEY_2)
2026-07-21 09:08:57,896 [INFO] [91/121] 서울식물원·마곡나루역 (primary=KEY_3)
2026-07-21 09:08:59,194 [INFO] [92/121] 서울역 (primary=KEY_4)
2026-07-21 09:09:00,539 [INFO] [93/121] 선릉역 (primary=KEY_1)
2026-07-21 09:09:02,195 [INFO] [94/121] 성신여대입구역 (primary=KEY_2)
2026-07-21 09:09:04,055 [INFO] [95/121] 수유역 (primary=KEY_3)
2026-07-21 09:09:05,203 [INFO] [96/121] 숭례문 (primary=KEY_4)
2026-07-21 09:09:07,060 [INFO] [97/121] 시의회 앞 (primary=KEY_1)
2026-07-21 09:09:09,062 [INFO] [98/121] 신논현역·논현역 (primary=KEY_2)
2026-07-21 09:09:10,793 [INFO] [99/121] 신도림역 (primary=KEY_3)
2026-07-21 09:09:11,823 [INFO] [100/121] 신림역 (primary=KEY_4)
2026-07-21 09:09:13,565 [INFO] [101/121] 신정네거리역 (primary=KEY_1)
2026-07-21 09:09:15,297 [INFO] [102/121] 신촌·이대역 (primary=KEY_2)
2026-07-21 09:09:16,453 [INFO] [103/121] 쌍문역 (primary=KEY_3)
2026-07-21 09:09:17,598 [INFO] [104/121] 양재역 (primary=KEY_4)
2026-07-21 09:09:19,331 [INFO] [105/121] 역삼역 (primary=KEY_1)
2026-07-21 09:09:21,188 [INFO] [106/121] 연신내역 (primary=KEY_2)
2026-07-21 09:09:22,218 [INFO] [107/121] 오목교역·목동운동장 (primary=KEY_3)
2026-07-21 09:09:23,822 [INFO] [108/121] 왕십리역 (primary=KEY_4)
2026-07-21 09:09:25,117 [INFO] [109/121] 용산역 (primary=KEY_1)
2026-07-21 09:09:26,414 [INFO] [110/121] 이태원역 (primary=KEY_2)
2026-07-21 09:09:27,431 [INFO] [111/121] 잠실새내역 (primary=KEY_3)
2026-07-21 09:09:29,296 [INFO] [112/121] 잠실역 (primary=KEY_4)
2026-07-21 09:09:30,624 [INFO] [113/121] 장지역 (primary=KEY_1)
2026-07-21 09:09:31,922 [INFO] [114/121] 장한평역 (primary=KEY_2)
2026-07-21 09:09:33,073 [INFO] [115/121] 천호역 (primary=KEY_3)
2026-07-21 09:09:34,806 [INFO] [116/121] 총신대입구(이수)역 (primary=KEY_4)
2026-07-21 09:09:35,960 [INFO] [117/121] 충정로역 (primary=KEY_1)
2026-07-21 09:09:37,134 [INFO] [118/121] 합정역 (primary=KEY_2)
2026-07-21 09:09:38,291 [INFO] [119/121] 혜화역 (primary=KEY_3)
2026-07-21 09:09:39,455 [INFO] [120/121] 홍대입구역(2호선) (primary=KEY_4)
2026-07-21 09:09:40,608 [INFO] [121/121] 회기역 (primary=KEY_1)
2026-07-21 09:09:42,958 [INFO] === 수집 완료 | 성공 121, 실패 0 ===
2026-07-21 09:09:42,959 [INFO] 카테고리별 저장 결과:
2026-07-21 09:09:42,959 [INFO]    accident                  | 신규     2행 | 누적     16행 | 16컬럼
2026-07-21 09:09:42,959 [INFO]    accident_acdnt_cntrl_stts | 신규     2행 | 누적      2행 | 16컬럼
2026-07-21 09:09:42,959 [INFO]    area_meta                 | 신규   121행 | 누적    605행 | 5컬럼
2026-07-21 09:09:42,959 [INFO]    bike                      | 신규    11행 | 누적     55행 | 12컬럼
2026-07-21 09:09:42,959 [INFO]    bike_sbike_stts           | 신규   570행 | 누적   2850행 | 12컬럼
2026-07-21 09:09:42,959 [INFO]    bus                       | 신규     3행 | 누적     15행 | 11컬럼
2026-07-21 09:09:42,959 [INFO]    bus_bus_stn_stts          | 신규  1745행 | 누적   8725행 | 11컬럼
2026-07-21 09:09:42,959 [INFO]    charger                   | 신규     4행 | 누적     20행 | 15컬럼
2026-07-21 09:09:42,959 [INFO]    charger_charger_stts      | 신규  1918행 | 누적   9525행 | 15컬럼
2026-07-21 09:09:42,959 [INFO]    cmrcl                     | 신규    82행 | 누적    410행 | 21컬럼
2026-07-21 09:09:42,959 [INFO]    events                    | 신규    10행 | 누적     48행 | 14컬럼
2026-07-21 09:09:42,959 [INFO]    events_event_stts         | 신규   130행 | 누적    648행 | 14컬럼
2026-07-21 09:09:42,959 [INFO]    parking                   | 신규     6행 | 누적     30행 | 21컬럼
2026-07-21 09:09:42,959 [INFO]    parking_prk_stts          | 신규  1834행 | 누적   9170행 | 21컬럼
2026-07-21 09:09:42,959 [INFO]    ppltn                     | 신규   121행 | 누적    605행 | 26컬럼
2026-07-21 09:09:42,959 [INFO]    road                      | 신규   121행 | 누적    605행 | 21컬럼
2026-07-21 09:09:42,959 [INFO]    road_road_traffic_stts    | 신규  5271행 | 누적  26355행 | 17컬럼
2026-07-21 09:09:42,959 [INFO]    subway                    | 신규    38행 | 누적    190행 | 12컬럼
2026-07-21 09:09:42,959 [INFO]    subway_sub_stts           | 신규   183행 | 누적    915행 | 13컬럼
2026-07-21 09:09:42,959 [INFO]    weather                   | 신규   119행 | 누적    595행 | 30컬럼
2026-07-21 09:09:42,959 [INFO] 키별 사용량:
2026-07-21 09:09:42,959 [INFO]    🟢 KEY_1 (31/1000) 
2026-07-21 09:09:42,959 [INFO]    🟢 KEY_2 (30/1000) 
2026-07-21 09:09:42,959 [INFO]    🟢 KEY_3 (30/1000) 
2026-07-21 09:09:42,959 [INFO]    🟢 KEY_4 (30/1000) 
2026-07-21 12:40:46,061 [INFO] 등록된 키: 4개, 합산 한도 4,000건/일
2026-07-21 12:40:46,062 [INFO] POI 로드: 매뉴얼 v8.5 기준 fallback 121개 (121개 전체)
2026-07-21 12:40:46,062 [INFO] === 수집 시작 2026-07-21T12:40:46.062662+09:00 ===
2026-07-21 12:40:46,062 [INFO] 대상 장소: 121개 | API: citydata (통합)
2026-07-21 12:40:46,062 [INFO] 키 풀: 4/4 활성 | 오늘 사용 0/4000건
2026-07-21 12:40:46,062 [INFO]   [KEY_1] 담당 31장소
2026-07-21 12:40:46,062 [INFO]   [KEY_2] 담당 30장소
2026-07-21 12:40:46,063 [INFO]   [KEY_3] 담당 30장소
2026-07-21 12:40:46,063 [INFO]   [KEY_4] 담당 30장소
2026-07-21 12:40:46,063 [INFO] [1/121] 경복궁 (primary=KEY_1)
2026-07-21 12:40:48,184 [INFO] [2/121] 광화문·덕수궁 (primary=KEY_2)
2026-07-21 12:40:50,686 [INFO] [3/121] 보신각 (primary=KEY_3)
2026-07-21 12:40:53,172 [INFO] [4/121] 서울 암사동 유적 (primary=KEY_4)
2026-07-21 12:40:54,303 [INFO] [5/121] 창덕궁·종묘 (primary=KEY_1)
2026-07-21 12:40:56,615 [INFO] [6/121] 강남 MICE 관광특구 (primary=KEY_2)
2026-07-21 12:40:58,714 [INFO] [7/121] 동대문 관광특구 (primary=KEY_3)
2026-07-21 12:41:01,258 [INFO] [8/121] 명동 관광특구 (primary=KEY_4)
2026-07-21 12:41:03,066 [INFO] [9/121] 이태원 관광특구 (primary=KEY_1)
2026-07-21 12:41:05,177 [INFO] [10/121] 잠실 관광특구 (primary=KEY_2)
2026-07-21 12:41:07,887 [INFO] [11/121] 종로·청계 관광특구 (primary=KEY_3)
2026-07-21 12:41:09,570 [INFO] [12/121] 홍대 관광특구 (primary=KEY_4)
2026-07-21 12:41:12,077 [INFO] [13/121] 강서한강공원 (primary=KEY_1)
2026-07-21 12:41:13,212 [INFO] [14/121] 고척돔 (primary=KEY_2)
2026-07-21 12:41:15,300 [INFO] [15/121] 광나루한강공원 (primary=KEY_3)
2026-07-21 12:41:17,388 [INFO] [16/121] 광화문광장 (primary=KEY_4)
2026-07-21 12:41:18,721 [INFO] [17/121] 국립중앙박물관·용산가족공원 (primary=KEY_1)
2026-07-21 12:41:19,866 [INFO] [18/121] 난지한강공원 (primary=KEY_2)
2026-07-21 12:41:22,182 [INFO] [19/121] 남산공원 (primary=KEY_3)
2026-07-21 12:41:24,514 [INFO] [20/121] 노들섬 (primary=KEY_4)
2026-07-21 12:41:26,396 [INFO] [21/121] 뚝섬한강공원 (primary=KEY_1)
2026-07-21 12:41:27,533 [INFO] [22/121] 망원한강공원 (primary=KEY_2)
2026-07-21 12:41:28,864 [INFO] [23/121] 반포한강공원 (primary=KEY_3)
2026-07-21 12:41:29,993 [INFO] [24/121] 보라매공원 (primary=KEY_4)
2026-07-21 12:41:31,172 [INFO] [25/121] 북서울꿈의숲 (primary=KEY_1)
2026-07-21 12:41:33,460 [INFO] [26/121] 서대문독립공원 (primary=KEY_2)
2026-07-21 12:41:35,540 [INFO] [27/121] 서리풀공원·몽마르뜨공원 (primary=KEY_3)
2026-07-21 12:41:38,041 [INFO] [28/121] 서울대공원 (primary=KEY_4)
2026-07-21 12:41:40,314 [INFO] [29/121] 서울숲공원 (primary=KEY_1)
2026-07-21 12:41:41,656 [INFO] [30/121] 송현녹지광장 (primary=KEY_2)
2026-07-21 12:41:43,951 [INFO] [31/121] 아차산 (primary=KEY_3)
2026-07-21 12:41:45,083 [INFO] [32/121] 안양천 (primary=KEY_4)
2026-07-21 12:41:46,984 [INFO] [33/121] 양화한강공원 (primary=KEY_1)
2026-07-21 12:41:48,920 [INFO] [34/121] 어린이대공원 (primary=KEY_2)
2026-07-21 12:41:50,285 [INFO] [35/121] 여의도한강공원 (primary=KEY_3)
2026-07-21 12:41:51,615 [INFO] [36/121] 여의서로 (primary=KEY_4)
2026-07-21 12:41:52,931 [INFO] [37/121] 올림픽공원 (primary=KEY_1)
2026-07-21 12:41:55,062 [INFO] [38/121] 월드컵공원 (primary=KEY_2)
2026-07-21 12:41:56,627 [INFO] [39/121] 응봉산 (primary=KEY_3)
2026-07-21 12:41:59,073 [INFO] [40/121] 이촌한강공원 (primary=KEY_4)
2026-07-21 12:42:01,361 [INFO] [41/121] 잠실종합운동장 (primary=KEY_1)
2026-07-21 12:42:02,498 [INFO] [42/121] 잠실한강공원 (primary=KEY_2)
2026-07-21 12:42:03,639 [INFO] [43/121] 잠원한강공원 (primary=KEY_3)
2026-07-21 12:42:04,782 [INFO] [44/121] 청계산 (primary=KEY_4)
2026-07-21 12:42:05,910 [INFO] [45/121] 홍제폭포 (primary=KEY_1)
2026-07-21 12:42:07,034 [INFO] [46/121] 가락시장 (primary=KEY_2)
2026-07-21 12:42:08,390 [INFO] [47/121] 가로수길 (primary=KEY_3)
2026-07-21 12:42:09,739 [INFO] [48/121] 광장(전통)시장 (primary=KEY_4)
2026-07-21 12:42:10,884 [INFO] [49/121] 김포공항 (primary=KEY_1)
2026-07-21 12:42:12,454 [INFO] [50/121] 남대문시장 (primary=KEY_2)
2026-07-21 12:42:13,795 [INFO] [51/121] 노량진 (primary=KEY_3)
2026-07-21 12:42:15,139 [INFO] [52/121] 덕수궁길·정동길 (primary=KEY_4)
2026-07-21 12:42:16,480 [INFO] [53/121] 북창동 먹자골목 (primary=KEY_1)
2026-07-21 12:42:17,807 [INFO] [54/121] 북촌한옥마을 (primary=KEY_2)
2026-07-21 12:42:19,540 [INFO] [55/121] 서촌 (primary=KEY_3)
2026-07-21 12:42:20,862 [INFO] [56/121] 성수카페거리 (primary=KEY_4)
2026-07-21 12:42:22,404 [INFO] [57/121] 송리단길·호수단길 (primary=KEY_1)
2026-07-21 12:42:23,757 [INFO] [58/121] 신촌 스타광장 (primary=KEY_2)
2026-07-21 12:42:24,905 [INFO] [59/121] 압구정로데오거리 (primary=KEY_3)
2026-07-21 12:42:27,388 [INFO] [60/121] 여의도 (primary=KEY_4)
2026-07-21 12:42:29,564 [INFO] [61/121] 연남동 (primary=KEY_1)
2026-07-21 12:42:30,891 [INFO] [62/121] 영등포 타임스퀘어 (primary=KEY_2)
2026-07-21 12:42:33,006 [INFO] [63/121] 용리단길 (primary=KEY_3)
2026-07-21 12:42:34,179 [INFO] [64/121] 이태원 앤틱가구거리 (primary=KEY_4)
2026-07-21 12:42:35,530 [INFO] [65/121] 익선동 (primary=KEY_1)
2026-07-21 12:42:36,885 [INFO] [66/121] 인사동 (primary=KEY_2)
2026-07-21 12:42:38,426 [INFO] [67/121] 잠실롯데타워·석촌호수 (primary=KEY_3)
2026-07-21 12:42:40,202 [INFO] [68/121] 창동 신경제 중심지 (primary=KEY_4)
2026-07-21 12:42:41,965 [INFO] [69/121] 청담동 명품거리 (primary=KEY_1)
2026-07-21 12:42:43,325 [INFO] [70/121] 청량리 제기동 일대 전통시장 (primary=KEY_2)
2026-07-21 12:42:44,679 [INFO] [71/121] 해방촌·경리단길 (primary=KEY_3)
2026-07-21 12:42:45,854 [INFO] [72/121] DDP(동대문디자인플라자) (primary=KEY_4)
2026-07-21 12:42:47,219 [INFO] [73/121] DMC(디지털미디어시티) (primary=KEY_1)
2026-07-21 12:42:49,028 [INFO] [74/121] 가산디지털단지역 (primary=KEY_2)
2026-07-21 12:42:51,000 [INFO] [75/121] 강남역 (primary=KEY_3)
2026-07-21 12:42:53,691 [INFO] [76/121] 건대입구역 (primary=KEY_4)
2026-07-21 12:42:55,823 [INFO] [77/121] 고덕역 (primary=KEY_1)
2026-07-21 12:42:57,935 [INFO] [78/121] 고속터미널역 (primary=KEY_2)
2026-07-21 12:43:00,062 [INFO] [79/121] 교대역 (primary=KEY_3)
2026-07-21 12:43:01,595 [INFO] [80/121] 구로디지털단지역 (primary=KEY_4)
2026-07-21 12:43:04,084 [INFO] [81/121] 구로역 (primary=KEY_1)
2026-07-21 12:43:06,008 [INFO] [82/121] 군자역 (primary=KEY_2)
2026-07-21 12:43:08,567 [INFO] [83/121] 대림역 (primary=KEY_3)
2026-07-21 12:43:10,110 [INFO] [84/121] 동대문역 (primary=KEY_4)
2026-07-21 12:43:12,601 [INFO] [85/121] 뚝섬역 (primary=KEY_1)
2026-07-21 12:43:14,146 [INFO] [86/121] 미아사거리역 (primary=KEY_2)
2026-07-21 12:43:15,680 [INFO] [87/121] 발산역 (primary=KEY_3)
2026-07-21 12:43:17,422 [INFO] [88/121] 사당역 (primary=KEY_4)
2026-07-21 12:43:19,903 [INFO] [89/121] 삼각지역 (primary=KEY_1)
2026-07-21 12:43:21,264 [INFO] [90/121] 서울대입구역 (primary=KEY_2)
2026-07-21 12:43:22,796 [INFO] [91/121] 서울식물원·마곡나루역 (primary=KEY_3)
2026-07-21 12:43:25,470 [INFO] [92/121] 서울역 (primary=KEY_4)
2026-07-21 12:43:27,063 [INFO] [93/121] 선릉역 (primary=KEY_1)
2026-07-21 12:43:28,830 [INFO] [94/121] 성신여대입구역 (primary=KEY_2)
2026-07-21 12:43:30,940 [INFO] [95/121] 수유역 (primary=KEY_3)
2026-07-21 12:43:33,256 [INFO] [96/121] 숭례문 (primary=KEY_4)
2026-07-21 12:43:34,991 [INFO] [97/121] 시의회 앞 (primary=KEY_1)
2026-07-21 12:43:36,402 [INFO] [98/121] 신논현역·논현역 (primary=KEY_2)
2026-07-21 12:43:37,779 [INFO] [99/121] 신도림역 (primary=KEY_3)
2026-07-21 12:43:40,096 [INFO] [100/121] 신림역 (primary=KEY_4)
2026-07-21 12:43:42,233 [INFO] [101/121] 신정네거리역 (primary=KEY_1)
2026-07-21 12:43:44,336 [INFO] [102/121] 신촌·이대역 (primary=KEY_2)
2026-07-21 12:43:45,693 [INFO] [103/121] 쌍문역 (primary=KEY_3)
2026-07-21 12:43:48,172 [INFO] [104/121] 양재역 (primary=KEY_4)
2026-07-21 12:43:49,529 [INFO] [105/121] 역삼역 (primary=KEY_1)
2026-07-21 12:43:51,098 [INFO] [106/121] 연신내역 (primary=KEY_2)
2026-07-21 12:43:52,268 [INFO] [107/121] 오목교역·목동운동장 (primary=KEY_3)
2026-07-21 12:43:55,386 [INFO] [108/121] 왕십리역 (primary=KEY_4)
2026-07-21 12:43:58,082 [INFO] [109/121] 용산역 (primary=KEY_1)
2026-07-21 12:43:59,619 [INFO] [110/121] 이태원역 (primary=KEY_2)
2026-07-21 12:44:00,774 [INFO] [111/121] 잠실새내역 (primary=KEY_3)
2026-07-21 12:44:02,133 [INFO] [112/121] 잠실역 (primary=KEY_4)
2026-07-21 12:44:03,758 [INFO] [113/121] 장지역 (primary=KEY_1)
2026-07-21 12:44:05,298 [INFO] [114/121] 장한평역 (primary=KEY_2)
2026-07-21 12:44:07,599 [INFO] [115/121] 천호역 (primary=KEY_3)
2026-07-21 12:44:09,162 [INFO] [116/121] 총신대입구(이수)역 (primary=KEY_4)
2026-07-21 12:44:10,715 [INFO] [117/121] 충정로역 (primary=KEY_1)
2026-07-21 12:44:12,059 [INFO] [118/121] 합정역 (primary=KEY_2)
2026-07-21 12:44:13,641 [INFO] [119/121] 혜화역 (primary=KEY_3)
2026-07-21 12:44:14,979 [INFO] [120/121] 홍대입구역(2호선) (primary=KEY_4)
2026-07-21 12:44:16,372 [INFO] [121/121] 회기역 (primary=KEY_1)
2026-07-21 12:44:20,011 [INFO] === 수집 완료 | 성공 121, 실패 0 ===
2026-07-21 12:44:20,011 [INFO] 카테고리별 저장 결과:
2026-07-21 12:44:20,011 [INFO]    accident                  | 신규     5행 | 누적     21행 | 16컬럼
2026-07-21 12:44:20,011 [INFO]    accident_acdnt_cntrl_stts | 신규     3행 | 누적      5행 | 16컬럼
2026-07-21 12:44:20,012 [INFO]    area_meta                 | 신규   121행 | 누적    726행 | 5컬럼
2026-07-21 12:44:20,012 [INFO]    bike                      | 신규    11행 | 누적     66행 | 12컬럼
2026-07-21 12:44:20,012 [INFO]    bike_sbike_stts           | 신규   570행 | 누적   3420행 | 12컬럼
2026-07-21 12:44:20,012 [INFO]    bus                       | 신규     3행 | 누적     18행 | 11컬럼
2026-07-21 12:44:20,012 [INFO]    bus_bus_stn_stts          | 신규  1745행 | 누적  10470행 | 11컬럼
2026-07-21 12:44:20,012 [INFO]    charger                   | 신규     4행 | 누적     24행 | 15컬럼
2026-07-21 12:44:20,012 [INFO]    charger_charger_stts      | 신규  1918행 | 누적  11430행 | 15컬럼
2026-07-21 12:44:20,012 [INFO]    cmrcl                     | 신규    82행 | 누적    492행 | 21컬럼
2026-07-21 12:44:20,012 [INFO]    events                    | 신규    10행 | 누적     58행 | 14컬럼
2026-07-21 12:44:20,012 [INFO]    events_event_stts         | 신규   130행 | 누적    778행 | 14컬럼
2026-07-21 12:44:20,012 [INFO]    parking                   | 신규     6행 | 누적     36행 | 21컬럼
2026-07-21 12:44:20,012 [INFO]    parking_prk_stts          | 신규  1834행 | 누적  11004행 | 21컬럼
2026-07-21 12:44:20,012 [INFO]    ppltn                     | 신규   119행 | 누적    724행 | 26컬럼
2026-07-21 12:44:20,012 [INFO]    road                      | 신규   121행 | 누적    726행 | 21컬럼
2026-07-21 12:44:20,012 [INFO]    road_road_traffic_stts    | 신규  5271행 | 누적  31626행 | 17컬럼
2026-07-21 12:44:20,012 [INFO]    subway                    | 신규    38행 | 누적    228행 | 12컬럼
2026-07-21 12:44:20,012 [INFO]    subway_sub_stts           | 신규   183행 | 누적   1098행 | 13컬럼
2026-07-21 12:44:20,012 [INFO]    weather                   | 신규   119행 | 누적    714행 | 30컬럼
2026-07-21 12:44:20,013 [INFO] 키별 사용량:
2026-07-21 12:44:20,013 [INFO]    🟢 KEY_1 (31/1000) 
2026-07-21 12:44:20,013 [INFO]    🟢 KEY_2 (30/1000) 
2026-07-21 12:44:20,013 [INFO]    🟢 KEY_3 (30/1000) 
2026-07-21 12:44:20,013 [INFO]    🟢 KEY_4 (30/1000) 
2026-07-21 15:39:04,270 [INFO] 등록된 키: 4개, 합산 한도 4,000건/일
2026-07-21 15:39:04,271 [INFO] POI 로드: 매뉴얼 v8.5 기준 fallback 121개 (121개 전체)
2026-07-21 15:39:04,271 [INFO] === 수집 시작 2026-07-21T15:39:04.271244+09:00 ===
2026-07-21 15:39:04,271 [INFO] 대상 장소: 121개 | API: citydata (통합)
2026-07-21 15:39:04,271 [INFO] 키 풀: 4/4 활성 | 오늘 사용 0/4000건
2026-07-21 15:39:04,271 [INFO]   [KEY_1] 담당 31장소
2026-07-21 15:39:04,271 [INFO]   [KEY_2] 담당 30장소
2026-07-21 15:39:04,271 [INFO]   [KEY_3] 담당 30장소
2026-07-21 15:39:04,271 [INFO]   [KEY_4] 담당 30장소
2026-07-21 15:39:04,271 [INFO] [1/121] 경복궁 (primary=KEY_1)
2026-07-21 15:39:07,576 [INFO] [2/121] 광화문·덕수궁 (primary=KEY_2)
2026-07-21 15:39:10,119 [INFO] [3/121] 보신각 (primary=KEY_3)
2026-07-21 15:39:12,230 [INFO] [4/121] 서울 암사동 유적 (primary=KEY_4)
2026-07-21 15:39:14,327 [INFO] [5/121] 창덕궁·종묘 (primary=KEY_1)
2026-07-21 15:39:16,607 [INFO] [6/121] 강남 MICE 관광특구 (primary=KEY_2)
2026-07-21 15:39:18,158 [INFO] [7/121] 동대문 관광특구 (primary=KEY_3)
2026-07-21 15:39:21,076 [INFO] [8/121] 명동 관광특구 (primary=KEY_4)
2026-07-21 15:39:23,639 [INFO] [9/121] 이태원 관광특구 (primary=KEY_1)
2026-07-21 15:39:25,969 [INFO] [10/121] 잠실 관광특구 (primary=KEY_2)
2026-07-21 15:39:27,952 [INFO] [11/121] 종로·청계 관광특구 (primary=KEY_3)
2026-07-21 15:39:29,553 [INFO] [12/121] 홍대 관광특구 (primary=KEY_4)
2026-07-21 15:39:31,923 [INFO] [13/121] 강서한강공원 (primary=KEY_1)
2026-07-21 15:39:33,830 [INFO] [14/121] 고척돔 (primary=KEY_2)
2026-07-21 15:39:35,163 [INFO] [15/121] 광나루한강공원 (primary=KEY_3)
2026-07-21 15:39:37,439 [INFO] [16/121] 광화문광장 (primary=KEY_4)
2026-07-21 15:39:39,540 [INFO] [17/121] 국립중앙박물관·용산가족공원 (primary=KEY_1)
2026-07-21 15:39:41,468 [INFO] [18/121] 난지한강공원 (primary=KEY_2)
2026-07-21 15:39:43,374 [INFO] [19/121] 남산공원 (primary=KEY_3)
2026-07-21 15:39:44,937 [INFO] [20/121] 노들섬 (primary=KEY_4)
2026-07-21 15:39:46,070 [INFO] [21/121] 뚝섬한강공원 (primary=KEY_1)
2026-07-21 15:39:47,239 [INFO] [22/121] 망원한강공원 (primary=KEY_2)
2026-07-21 15:39:48,591 [INFO] [23/121] 반포한강공원 (primary=KEY_3)
2026-07-21 15:39:49,713 [INFO] [24/121] 보라매공원 (primary=KEY_4)
2026-07-21 15:39:51,722 [INFO] [25/121] 북서울꿈의숲 (primary=KEY_1)
2026-07-21 15:39:53,071 [INFO] [26/121] 서대문독립공원 (primary=KEY_2)
2026-07-21 15:39:54,264 [INFO] [27/121] 서리풀공원·몽마르뜨공원 (primary=KEY_3)
2026-07-21 15:39:56,596 [INFO] [28/121] 서울대공원 (primary=KEY_4)
2026-07-21 15:39:57,732 [INFO] [29/121] 서울숲공원 (primary=KEY_1)
2026-07-21 15:39:59,843 [INFO] [30/121] 송현녹지광장 (primary=KEY_2)
2026-07-21 15:40:02,320 [INFO] [31/121] 아차산 (primary=KEY_3)
2026-07-21 15:40:03,459 [INFO] [32/121] 안양천 (primary=KEY_4)
2026-07-21 15:40:04,587 [INFO] [33/121] 양화한강공원 (primary=KEY_1)
2026-07-21 15:40:05,741 [INFO] [34/121] 어린이대공원 (primary=KEY_2)
2026-07-21 15:40:07,060 [INFO] [35/121] 여의도한강공원 (primary=KEY_3)
2026-07-21 15:40:08,430 [INFO] [36/121] 여의서로 (primary=KEY_4)
2026-07-21 15:40:09,769 [INFO] [37/121] 올림픽공원 (primary=KEY_1)
2026-07-21 15:40:11,137 [INFO] [38/121] 월드컵공원 (primary=KEY_2)
2026-07-21 15:40:12,685 [INFO] [39/121] 응봉산 (primary=KEY_3)
2026-07-21 15:40:14,977 [INFO] [40/121] 이촌한강공원 (primary=KEY_4)
2026-07-21 15:40:16,139 [INFO] [41/121] 잠실종합운동장 (primary=KEY_1)
2026-07-21 15:40:17,299 [INFO] [42/121] 잠실한강공원 (primary=KEY_2)
2026-07-21 15:40:18,439 [INFO] [43/121] 잠원한강공원 (primary=KEY_3)
2026-07-21 15:40:20,326 [INFO] [44/121] 청계산 (primary=KEY_4)
2026-07-21 15:40:21,450 [INFO] [45/121] 홍제폭포 (primary=KEY_1)
2026-07-21 15:40:22,569 [INFO] [46/121] 가락시장 (primary=KEY_2)
2026-07-21 15:40:25,621 [INFO] [47/121] 가로수길 (primary=KEY_3)
2026-07-21 15:40:26,995 [INFO] [48/121] 광장(전통)시장 (primary=KEY_4)
2026-07-21 15:40:28,139 [INFO] [49/121] 김포공항 (primary=KEY_1)
2026-07-21 15:40:29,685 [INFO] [50/121] 남대문시장 (primary=KEY_2)
2026-07-21 15:40:31,018 [INFO] [51/121] 노량진 (primary=KEY_3)
2026-07-21 15:40:32,379 [INFO] [52/121] 덕수궁길·정동길 (primary=KEY_4)
2026-07-21 15:40:33,750 [INFO] [53/121] 북창동 먹자골목 (primary=KEY_1)
2026-07-21 15:40:35,079 [INFO] [54/121] 북촌한옥마을 (primary=KEY_2)
2026-07-21 15:40:36,603 [INFO] [55/121] 서촌 (primary=KEY_3)
2026-07-21 15:40:37,943 [INFO] [56/121] 성수카페거리 (primary=KEY_4)
2026-07-21 15:40:39,497 [INFO] [57/121] 송리단길·호수단길 (primary=KEY_1)
2026-07-21 15:40:40,881 [INFO] [58/121] 신촌 스타광장 (primary=KEY_2)
2026-07-21 15:40:42,068 [INFO] [59/121] 압구정로데오거리 (primary=KEY_3)
2026-07-21 15:40:43,422 [INFO] [60/121] 여의도 (primary=KEY_4)
2026-07-21 15:40:45,630 [INFO] [61/121] 연남동 (primary=KEY_1)
2026-07-21 15:40:46,985 [INFO] [62/121] 영등포 타임스퀘어 (primary=KEY_2)
2026-07-21 15:40:49,467 [INFO] [63/121] 용리단길 (primary=KEY_3)
2026-07-21 15:40:51,408 [INFO] [64/121] 이태원 앤틱가구거리 (primary=KEY_4)
2026-07-21 15:40:52,732 [INFO] [65/121] 익선동 (primary=KEY_1)
2026-07-21 15:40:54,106 [INFO] [66/121] 인사동 (primary=KEY_2)
2026-07-21 15:40:55,651 [INFO] [67/121] 잠실롯데타워·석촌호수 (primary=KEY_3)
2026-07-21 15:40:57,424 [INFO] [68/121] 창동 신경제 중심지 (primary=KEY_4)
2026-07-21 15:40:59,913 [INFO] [69/121] 청담동 명품거리 (primary=KEY_1)
2026-07-21 15:41:01,258 [INFO] [70/121] 청량리 제기동 일대 전통시장 (primary=KEY_2)
2026-07-21 15:41:02,599 [INFO] [71/121] 해방촌·경리단길 (primary=KEY_3)
2026-07-21 15:41:03,767 [INFO] [72/121] DDP(동대문디자인플라자) (primary=KEY_4)
2026-07-21 15:41:05,136 [INFO] [73/121] DMC(디지털미디어시티) (primary=KEY_1)
2026-07-21 15:41:06,905 [INFO] [74/121] 가산디지털단지역 (primary=KEY_2)
2026-07-21 15:41:08,837 [INFO] [75/121] 강남역 (primary=KEY_3)
2026-07-21 15:41:10,578 [INFO] [76/121] 건대입구역 (primary=KEY_4)
2026-07-21 15:41:11,963 [INFO] [77/121] 고덕역 (primary=KEY_1)
2026-07-21 15:41:13,291 [INFO] [78/121] 고속터미널역 (primary=KEY_2)
2026-07-21 15:41:15,403 [INFO] [79/121] 교대역 (primary=KEY_3)
2026-07-21 15:41:16,754 [INFO] [80/121] 구로디지털단지역 (primary=KEY_4)
2026-07-21 15:41:18,466 [INFO] [81/121] 구로역 (primary=KEY_1)
2026-07-21 15:41:19,798 [INFO] [82/121] 군자역 (primary=KEY_2)
2026-07-21 15:41:21,155 [INFO] [83/121] 대림역 (primary=KEY_3)
2026-07-21 15:41:22,506 [INFO] [84/121] 동대문역 (primary=KEY_4)
2026-07-21 15:41:23,860 [INFO] [85/121] 뚝섬역 (primary=KEY_1)
2026-07-21 15:41:25,193 [INFO] [86/121] 미아사거리역 (primary=KEY_2)
2026-07-21 15:41:26,548 [INFO] [87/121] 발산역 (primary=KEY_3)
2026-07-21 15:41:28,266 [INFO] [88/121] 사당역 (primary=KEY_4)
2026-07-21 15:41:29,615 [INFO] [89/121] 삼각지역 (primary=KEY_1)
2026-07-21 15:41:30,950 [INFO] [90/121] 서울대입구역 (primary=KEY_2)
2026-07-21 15:41:32,268 [INFO] [91/121] 서울식물원·마곡나루역 (primary=KEY_3)
2026-07-21 15:41:33,816 [INFO] [92/121] 서울역 (primary=KEY_4)
2026-07-21 15:41:36,152 [INFO] [93/121] 선릉역 (primary=KEY_1)
2026-07-21 15:41:37,914 [INFO] [94/121] 성신여대입구역 (primary=KEY_2)
2026-07-21 15:41:39,069 [INFO] [95/121] 수유역 (primary=KEY_3)
2026-07-21 15:41:40,395 [INFO] [96/121] 숭례문 (primary=KEY_4)
2026-07-21 15:41:42,000 [INFO] [97/121] 시의회 앞 (primary=KEY_1)
2026-07-21 15:41:43,337 [INFO] [98/121] 신논현역·논현역 (primary=KEY_2)
2026-07-21 15:41:44,716 [INFO] [99/121] 신도림역 (primary=KEY_3)
2026-07-21 15:41:46,819 [INFO] [100/121] 신림역 (primary=KEY_4)
2026-07-21 15:41:48,152 [INFO] [101/121] 신정네거리역 (primary=KEY_1)
2026-07-21 15:41:49,508 [INFO] [102/121] 신촌·이대역 (primary=KEY_2)
2026-07-21 15:41:50,847 [INFO] [103/121] 쌍문역 (primary=KEY_3)
2026-07-21 15:41:52,184 [INFO] [104/121] 양재역 (primary=KEY_4)
2026-07-21 15:41:53,543 [INFO] [105/121] 역삼역 (primary=KEY_1)
2026-07-21 15:41:55,101 [INFO] [106/121] 연신내역 (primary=KEY_2)
2026-07-21 15:41:56,282 [INFO] [107/121] 오목교역·목동운동장 (primary=KEY_3)
2026-07-21 15:41:58,204 [INFO] [108/121] 왕십리역 (primary=KEY_4)
2026-07-21 15:41:59,763 [INFO] [109/121] 용산역 (primary=KEY_1)
2026-07-21 15:42:01,308 [INFO] [110/121] 이태원역 (primary=KEY_2)
2026-07-21 15:42:02,461 [INFO] [111/121] 잠실새내역 (primary=KEY_3)
2026-07-21 15:42:03,853 [INFO] [112/121] 잠실역 (primary=KEY_4)
2026-07-21 15:42:05,390 [INFO] [113/121] 장지역 (primary=KEY_1)
2026-07-21 15:42:06,928 [INFO] [114/121] 장한평역 (primary=KEY_2)
2026-07-21 15:42:08,265 [INFO] [115/121] 천호역 (primary=KEY_3)
2026-07-21 15:42:09,791 [INFO] [116/121] 총신대입구(이수)역 (primary=KEY_4)
2026-07-21 15:42:11,157 [INFO] [117/121] 충정로역 (primary=KEY_1)
2026-07-21 15:42:12,493 [INFO] [118/121] 합정역 (primary=KEY_2)
2026-07-21 15:42:13,850 [INFO] [119/121] 혜화역 (primary=KEY_3)
2026-07-21 15:42:15,204 [INFO] [120/121] 홍대입구역(2호선) (primary=KEY_4)
2026-07-21 15:42:16,547 [INFO] [121/121] 회기역 (primary=KEY_1)
2026-07-21 15:42:19,296 [INFO] === 수집 완료 | 성공 121, 실패 0 ===
2026-07-21 15:42:19,296 [INFO] 카테고리별 저장 결과:
2026-07-21 15:42:19,296 [INFO]    accident                  | 신규     7행 | 누적     28행 | 16컬럼
2026-07-21 15:42:19,296 [INFO]    area_meta                 | 신규   121행 | 누적    847행 | 5컬럼
2026-07-21 15:42:19,296 [INFO]    bike                      | 신규    11행 | 누적     77행 | 12컬럼
2026-07-21 15:42:19,296 [INFO]    bike_sbike_stts           | 신규   570행 | 누적   3990행 | 12컬럼
2026-07-21 15:42:19,296 [INFO]    bus                       | 신규     3행 | 누적     21행 | 11컬럼
2026-07-21 15:42:19,296 [INFO]    bus_bus_stn_stts          | 신규  1745행 | 누적  12215행 | 11컬럼
2026-07-21 15:42:19,296 [INFO]    charger                   | 신규     4행 | 누적     28행 | 15컬럼
2026-07-21 15:42:19,296 [INFO]    charger_charger_stts      | 신규  1918행 | 누적  13335행 | 15컬럼
2026-07-21 15:42:19,296 [INFO]    cmrcl                     | 신규    82행 | 누적    574행 | 21컬럼
2026-07-21 15:42:19,296 [INFO]    events                    | 신규    10행 | 누적     68행 | 14컬럼
2026-07-21 15:42:19,296 [INFO]    events_event_stts         | 신규   130행 | 누적    908행 | 14컬럼
2026-07-21 15:42:19,297 [INFO]    parking                   | 신규     6행 | 누적     42행 | 21컬럼
2026-07-21 15:42:19,297 [INFO]    parking_prk_stts          | 신규  1834행 | 누적  12838행 | 21컬럼
2026-07-21 15:42:19,297 [INFO]    ppltn                     | 신규   121행 | 누적    845행 | 26컬럼
2026-07-21 15:42:19,297 [INFO]    road                      | 신규   121행 | 누적    847행 | 21컬럼
2026-07-21 15:42:19,297 [INFO]    road_road_traffic_stts    | 신규  5272행 | 누적  36898행 | 17컬럼
2026-07-21 15:42:19,297 [INFO]    subway                    | 신규    38행 | 누적    266행 | 12컬럼
2026-07-21 15:42:19,297 [INFO]    subway_sub_stts           | 신규   183행 | 누적   1281행 | 13컬럼
2026-07-21 15:42:19,297 [INFO]    weather                   | 신규   119행 | 누적    833행 | 30컬럼
2026-07-21 15:42:19,297 [INFO] 키별 사용량:
2026-07-21 15:42:19,297 [INFO]    🟢 KEY_1 (31/1000) 
2026-07-21 15:42:19,297 [INFO]    🟢 KEY_2 (30/1000) 
2026-07-21 15:42:19,297 [INFO]    🟢 KEY_3 (30/1000) 
2026-07-21 15:42:19,297 [INFO]    🟢 KEY_4 (30/1000) 
2026-07-21 18:35:07,106 [INFO] 등록된 키: 4개, 합산 한도 4,000건/일
2026-07-21 18:35:07,107 [INFO] POI 로드: 매뉴얼 v8.5 기준 fallback 121개 (121개 전체)
2026-07-21 18:35:07,107 [INFO] === 수집 시작 2026-07-21T18:35:07.107566+09:00 ===
2026-07-21 18:35:07,107 [INFO] 대상 장소: 121개 | API: citydata (통합)
2026-07-21 18:35:07,107 [INFO] 키 풀: 4/4 활성 | 오늘 사용 0/4000건
2026-07-21 18:35:07,107 [INFO]   [KEY_1] 담당 31장소
2026-07-21 18:35:07,107 [INFO]   [KEY_2] 담당 30장소
2026-07-21 18:35:07,107 [INFO]   [KEY_3] 담당 30장소
2026-07-21 18:35:07,107 [INFO]   [KEY_4] 담당 30장소
2026-07-21 18:35:07,108 [INFO] [1/121] 경복궁 (primary=KEY_1)
2026-07-21 18:35:09,437 [INFO] [2/121] 광화문·덕수궁 (primary=KEY_2)
2026-07-21 18:35:11,780 [INFO] [3/121] 보신각 (primary=KEY_3)
2026-07-21 18:35:14,659 [INFO] [4/121] 서울 암사동 유적 (primary=KEY_4)
2026-07-21 18:35:16,566 [INFO] [5/121] 창덕궁·종묘 (primary=KEY_1)
2026-07-21 18:35:17,928 [INFO] [6/121] 강남 MICE 관광특구 (primary=KEY_2)
2026-07-21 18:35:19,296 [INFO] [7/121] 동대문 관광특구 (primary=KEY_3)
2026-07-21 18:35:22,257 [INFO] [8/121] 명동 관광특구 (primary=KEY_4)
2026-07-21 18:35:25,230 [INFO] [9/121] 이태원 관광특구 (primary=KEY_1)
2026-07-21 18:35:27,731 [INFO] [10/121] 잠실 관광특구 (primary=KEY_2)
2026-07-21 18:35:30,332 [INFO] [11/121] 종로·청계 관광특구 (primary=KEY_3)
2026-07-21 18:35:32,750 [INFO] [12/121] 홍대 관광특구 (primary=KEY_4)
2026-07-21 18:35:35,518 [INFO] [13/121] 강서한강공원 (primary=KEY_1)
2026-07-21 18:35:37,812 [INFO] [14/121] 고척돔 (primary=KEY_2)
2026-07-21 18:35:39,939 [INFO] [15/121] 광나루한강공원 (primary=KEY_3)
2026-07-21 18:35:41,261 [INFO] [16/121] 광화문광장 (primary=KEY_4)
2026-07-21 18:35:42,624 [INFO] [17/121] 국립중앙박물관·용산가족공원 (primary=KEY_1)
2026-07-21 18:35:44,743 [INFO] [18/121] 난지한강공원 (primary=KEY_2)
2026-07-21 18:35:45,896 [INFO] [19/121] 남산공원 (primary=KEY_3)
2026-07-21 18:35:47,648 [INFO] [20/121] 노들섬 (primary=KEY_4)
2026-07-21 18:35:49,556 [INFO] [21/121] 뚝섬한강공원 (primary=KEY_1)
2026-07-21 18:35:51,496 [INFO] [22/121] 망원한강공원 (primary=KEY_2)
2026-07-21 18:35:53,654 [INFO] [23/121] 반포한강공원 (primary=KEY_3)
2026-07-21 18:35:55,749 [INFO] [24/121] 보라매공원 (primary=KEY_4)
2026-07-21 18:35:56,907 [INFO] [25/121] 북서울꿈의숲 (primary=KEY_1)
2026-07-21 18:35:59,214 [INFO] [26/121] 서대문독립공원 (primary=KEY_2)
2026-07-21 18:36:00,387 [INFO] [27/121] 서리풀공원·몽마르뜨공원 (primary=KEY_3)
2026-07-21 18:36:02,140 [INFO] [28/121] 서울대공원 (primary=KEY_4)
2026-07-21 18:36:03,276 [INFO] [29/121] 서울숲공원 (primary=KEY_1)
2026-07-21 18:36:04,619 [INFO] [30/121] 송현녹지광장 (primary=KEY_2)
2026-07-21 18:36:05,967 [INFO] [31/121] 아차산 (primary=KEY_3)
2026-07-21 18:36:07,124 [INFO] [32/121] 안양천 (primary=KEY_4)
2026-07-21 18:36:08,256 [INFO] [33/121] 양화한강공원 (primary=KEY_1)
2026-07-21 18:36:09,391 [INFO] [34/121] 어린이대공원 (primary=KEY_2)
2026-07-21 18:36:10,737 [INFO] [35/121] 여의도한강공원 (primary=KEY_3)
2026-07-21 18:36:12,871 [INFO] [36/121] 여의서로 (primary=KEY_4)
2026-07-21 18:36:14,203 [INFO] [37/121] 올림픽공원 (primary=KEY_1)
2026-07-21 18:36:15,579 [INFO] [38/121] 월드컵공원 (primary=KEY_2)
2026-07-21 18:36:17,136 [INFO] [39/121] 응봉산 (primary=KEY_3)
2026-07-21 18:36:18,437 [INFO] [40/121] 이촌한강공원 (primary=KEY_4)
2026-07-21 18:36:19,571 [INFO] [41/121] 잠실종합운동장 (primary=KEY_1)
2026-07-21 18:36:21,484 [INFO] [42/121] 잠실한강공원 (primary=KEY_2)
2026-07-21 18:36:23,799 [INFO] [43/121] 잠원한강공원 (primary=KEY_3)
2026-07-21 18:36:24,944 [INFO] [44/121] 청계산 (primary=KEY_4)
2026-07-21 18:36:26,088 [INFO] [45/121] 홍제폭포 (primary=KEY_1)
2026-07-21 18:36:27,216 [INFO] [46/121] 가락시장 (primary=KEY_2)
2026-07-21 18:36:28,576 [INFO] [47/121] 가로수길 (primary=KEY_3)
2026-07-21 18:36:30,673 [INFO] [48/121] 광장(전통)시장 (primary=KEY_4)
2026-07-21 18:36:31,830 [INFO] [49/121] 김포공항 (primary=KEY_1)
2026-07-21 18:36:33,388 [INFO] [50/121] 남대문시장 (primary=KEY_2)
2026-07-21 18:36:34,725 [INFO] [51/121] 노량진 (primary=KEY_3)
2026-07-21 18:36:36,086 [INFO] [52/121] 덕수궁길·정동길 (primary=KEY_4)
2026-07-21 18:36:37,474 [INFO] [53/121] 북창동 먹자골목 (primary=KEY_1)
2026-07-21 18:36:38,827 [INFO] [54/121] 북촌한옥마을 (primary=KEY_2)
2026-07-21 18:36:40,366 [INFO] [55/121] 서촌 (primary=KEY_3)
2026-07-21 18:36:41,706 [INFO] [56/121] 성수카페거리 (primary=KEY_4)
2026-07-21 18:36:43,288 [INFO] [57/121] 송리단길·호수단길 (primary=KEY_1)
2026-07-21 18:36:44,656 [INFO] [58/121] 신촌 스타광장 (primary=KEY_2)
2026-07-21 18:36:45,819 [INFO] [59/121] 압구정로데오거리 (primary=KEY_3)
2026-07-21 18:36:47,195 [INFO] [60/121] 여의도 (primary=KEY_4)
2026-07-21 18:36:49,431 [INFO] [61/121] 연남동 (primary=KEY_1)
2026-07-21 18:36:50,777 [INFO] [62/121] 영등포 타임스퀘어 (primary=KEY_2)
2026-07-21 18:36:52,120 [INFO] [63/121] 용리단길 (primary=KEY_3)
2026-07-21 18:36:53,292 [INFO] [64/121] 이태원 앤틱가구거리 (primary=KEY_4)
2026-07-21 18:36:54,643 [INFO] [65/121] 익선동 (primary=KEY_1)
2026-07-21 18:36:56,034 [INFO] [66/121] 인사동 (primary=KEY_2)
2026-07-21 18:36:57,596 [INFO] [67/121] 잠실롯데타워·석촌호수 (primary=KEY_3)
2026-07-21 18:36:59,378 [INFO] [68/121] 창동 신경제 중심지 (primary=KEY_4)
2026-07-21 18:37:01,182 [INFO] [69/121] 청담동 명품거리 (primary=KEY_1)
2026-07-21 18:37:03,687 [INFO] [70/121] 청량리 제기동 일대 전통시장 (primary=KEY_2)
2026-07-21 18:37:05,060 [INFO] [71/121] 해방촌·경리단길 (primary=KEY_3)
2026-07-21 18:37:06,236 [INFO] [72/121] DDP(동대문디자인플라자) (primary=KEY_4)
2026-07-21 18:37:07,682 [INFO] [73/121] DMC(디지털미디어시티) (primary=KEY_1)
2026-07-21 18:37:09,489 [INFO] [74/121] 가산디지털단지역 (primary=KEY_2)
2026-07-21 18:37:11,432 [INFO] [75/121] 강남역 (primary=KEY_3)
2026-07-21 18:37:13,041 [INFO] [76/121] 건대입구역 (primary=KEY_4)
2026-07-21 18:37:14,458 [INFO] [77/121] 고덕역 (primary=KEY_1)
2026-07-21 18:37:15,842 [INFO] [78/121] 고속터미널역 (primary=KEY_2)
2026-07-21 18:37:17,309 [INFO] [79/121] 교대역 (primary=KEY_3)
2026-07-21 18:37:18,719 [INFO] [80/121] 구로디지털단지역 (primary=KEY_4)
2026-07-21 18:37:20,463 [INFO] [81/121] 구로역 (primary=KEY_1)
2026-07-21 18:37:21,842 [INFO] [82/121] 군자역 (primary=KEY_2)
2026-07-21 18:37:23,198 [INFO] [83/121] 대림역 (primary=KEY_3)
2026-07-21 18:37:24,559 [INFO] [84/121] 동대문역 (primary=KEY_4)
2026-07-21 18:37:25,946 [INFO] [85/121] 뚝섬역 (primary=KEY_1)
2026-07-21 18:37:27,303 [INFO] [86/121] 미아사거리역 (primary=KEY_2)
2026-07-21 18:37:28,696 [INFO] [87/121] 발산역 (primary=KEY_3)
2026-07-21 18:37:30,467 [INFO] [88/121] 사당역 (primary=KEY_4)
2026-07-21 18:37:31,862 [INFO] [89/121] 삼각지역 (primary=KEY_1)
2026-07-21 18:37:33,230 [INFO] [90/121] 서울대입구역 (primary=KEY_2)
2026-07-21 18:37:34,568 [INFO] [91/121] 서울식물원·마곡나루역 (primary=KEY_3)
2026-07-21 18:37:36,115 [INFO] [92/121] 서울역 (primary=KEY_4)
2026-07-21 18:37:37,669 [INFO] [93/121] 선릉역 (primary=KEY_1)
2026-07-21 18:37:39,446 [INFO] [94/121] 성신여대입구역 (primary=KEY_2)
2026-07-21 18:37:40,610 [INFO] [95/121] 수유역 (primary=KEY_3)
2026-07-21 18:37:41,991 [INFO] [96/121] 숭례문 (primary=KEY_4)
2026-07-21 18:37:43,545 [INFO] [97/121] 시의회 앞 (primary=KEY_1)
2026-07-21 18:37:44,925 [INFO] [98/121] 신논현역·논현역 (primary=KEY_2)
2026-07-21 18:37:46,308 [INFO] [99/121] 신도림역 (primary=KEY_3)
2026-07-21 18:37:47,489 [INFO] [100/121] 신림역 (primary=KEY_4)
2026-07-21 18:37:48,843 [INFO] [101/121] 신정네거리역 (primary=KEY_1)
2026-07-21 18:37:50,179 [INFO] [102/121] 신촌·이대역 (primary=KEY_2)
2026-07-21 18:37:51,538 [INFO] [103/121] 쌍문역 (primary=KEY_3)
2026-07-21 18:37:52,881 [INFO] [104/121] 양재역 (primary=KEY_4)
2026-07-21 18:37:54,265 [INFO] [105/121] 역삼역 (primary=KEY_1)
2026-07-21 18:37:55,826 [INFO] [106/121] 연신내역 (primary=KEY_2)
2026-07-21 18:37:57,007 [INFO] [107/121] 오목교역·목동운동장 (primary=KEY_3)
2026-07-21 18:37:58,957 [INFO] [108/121] 왕십리역 (primary=KEY_4)
2026-07-21 18:38:00,551 [INFO] [109/121] 용산역 (primary=KEY_1)
2026-07-21 18:38:02,146 [INFO] [110/121] 이태원역 (primary=KEY_2)
2026-07-21 18:38:03,312 [INFO] [111/121] 잠실새내역 (primary=KEY_3)
2026-07-21 18:38:04,689 [INFO] [112/121] 잠실역 (primary=KEY_4)
2026-07-21 18:38:06,386 [INFO] [113/121] 장지역 (primary=KEY_1)
2026-07-21 18:38:07,945 [INFO] [114/121] 장한평역 (primary=KEY_2)
2026-07-21 18:38:09,322 [INFO] [115/121] 천호역 (primary=KEY_3)
2026-07-21 18:38:10,903 [INFO] [116/121] 총신대입구(이수)역 (primary=KEY_4)
2026-07-21 18:38:12,277 [INFO] [117/121] 충정로역 (primary=KEY_1)
2026-07-21 18:38:13,688 [INFO] [118/121] 합정역 (primary=KEY_2)
2026-07-21 18:38:15,081 [INFO] [119/121] 혜화역 (primary=KEY_3)
2026-07-21 18:38:16,450 [INFO] [120/121] 홍대입구역(2호선) (primary=KEY_4)
2026-07-21 18:38:17,818 [INFO] [121/121] 회기역 (primary=KEY_1)
2026-07-21 18:38:20,829 [INFO] === 수집 완료 | 성공 121, 실패 0 ===
2026-07-21 18:38:20,829 [INFO] 카테고리별 저장 결과:
2026-07-21 18:38:20,829 [INFO]    accident                  | 신규     4행 | 누적     32행 | 16컬럼
2026-07-21 18:38:20,829 [INFO]    area_meta                 | 신규   121행 | 누적    968행 | 5컬럼
2026-07-21 18:38:20,829 [INFO]    bike                      | 신규    11행 | 누적     88행 | 12컬럼
2026-07-21 18:38:20,829 [INFO]    bike_sbike_stts           | 신규   570행 | 누적   4560행 | 12컬럼
2026-07-21 18:38:20,829 [INFO]    bus                       | 신규     3행 | 누적     24행 | 11컬럼
2026-07-21 18:38:20,829 [INFO]    bus_bus_stn_stts          | 신규  1745행 | 누적  13960행 | 11컬럼
2026-07-21 18:38:20,829 [INFO]    charger                   | 신규     4행 | 누적     32행 | 15컬럼
2026-07-21 18:38:20,829 [INFO]    charger_charger_stts      | 신규  1918행 | 누적  15240행 | 15컬럼
2026-07-21 18:38:20,829 [INFO]    cmrcl                     | 신규    82행 | 누적    656행 | 21컬럼
2026-07-21 18:38:20,830 [INFO]    events                    | 신규    10행 | 누적     78행 | 14컬럼
2026-07-21 18:38:20,830 [INFO]    events_event_stts         | 신규   130행 | 누적   1038행 | 14컬럼
2026-07-21 18:38:20,830 [INFO]    parking                   | 신규     6행 | 누적     48행 | 21컬럼
2026-07-21 18:38:20,830 [INFO]    parking_prk_stts          | 신규  1834행 | 누적  14672행 | 21컬럼
2026-07-21 18:38:20,830 [INFO]    ppltn                     | 신규   120행 | 누적    965행 | 26컬럼
2026-07-21 18:38:20,830 [INFO]    road                      | 신규   121행 | 누적    968행 | 21컬럼
2026-07-21 18:38:20,830 [INFO]    road_road_traffic_stts    | 신규  5272행 | 누적  42170행 | 17컬럼
2026-07-21 18:38:20,830 [INFO]    subway                    | 신규    38행 | 누적    304행 | 12컬럼
2026-07-21 18:38:20,830 [INFO]    subway_sub_stts           | 신규   183행 | 누적   1464행 | 13컬럼
2026-07-21 18:38:20,830 [INFO]    weather                   | 신규   119행 | 누적    952행 | 30컬럼
2026-07-21 18:38:20,830 [INFO] 키별 사용량:
2026-07-21 18:38:20,830 [INFO]    🟢 KEY_1 (31/1000) 
2026-07-21 18:38:20,830 [INFO]    🟢 KEY_2 (30/1000) 
2026-07-21 18:38:20,830 [INFO]    🟢 KEY_3 (30/1000) 
2026-07-21 18:38:20,830 [INFO]    🟢 KEY_4 (30/1000) 
2026-07-21 20:56:51,507 [INFO] 등록된 키: 4개, 합산 한도 4,000건/일
2026-07-21 20:56:51,507 [INFO] POI 로드: 매뉴얼 v8.5 기준 fallback 121개 (121개 전체)
2026-07-21 20:56:51,507 [INFO] === 수집 시작 2026-07-21T20:56:51.507710+09:00 ===
2026-07-21 20:56:51,507 [INFO] 대상 장소: 121개 | API: citydata (통합)
2026-07-21 20:56:51,507 [INFO] 키 풀: 4/4 활성 | 오늘 사용 0/4000건
2026-07-21 20:56:51,507 [INFO]   [KEY_1] 담당 31장소
2026-07-21 20:56:51,507 [INFO]   [KEY_2] 담당 30장소
2026-07-21 20:56:51,508 [INFO]   [KEY_3] 담당 30장소
2026-07-21 20:56:51,508 [INFO]   [KEY_4] 담당 30장소
2026-07-21 20:56:51,508 [INFO] [1/121] 경복궁 (primary=KEY_1)
2026-07-21 20:56:53,363 [INFO] [2/121] 광화문·덕수궁 (primary=KEY_2)
2026-07-21 20:56:55,364 [INFO] [3/121] 보신각 (primary=KEY_3)
2026-07-21 20:56:56,654 [INFO] [4/121] 서울 암사동 유적 (primary=KEY_4)
2026-07-21 20:56:57,629 [INFO] [5/121] 창덕궁·종묘 (primary=KEY_1)
2026-07-21 20:56:59,313 [INFO] [6/121] 강남 MICE 관광특구 (primary=KEY_2)
2026-07-21 20:57:00,472 [INFO] [7/121] 동대문 관광특구 (primary=KEY_3)
2026-07-21 20:57:02,111 [INFO] [8/121] 명동 관광특구 (primary=KEY_4)
2026-07-21 20:57:04,304 [INFO] [9/121] 이태원 관광특구 (primary=KEY_1)
2026-07-21 20:57:05,460 [INFO] [10/121] 잠실 관광특구 (primary=KEY_2)
2026-07-21 20:57:06,994 [INFO] [11/121] 종로·청계 관광특구 (primary=KEY_3)
2026-07-21 20:57:08,324 [INFO] [12/121] 홍대 관광특구 (primary=KEY_4)
2026-07-21 20:57:09,815 [INFO] [13/121] 강서한강공원 (primary=KEY_1)
2026-07-21 20:57:10,807 [INFO] [14/121] 고척돔 (primary=KEY_2)
2026-07-21 20:57:11,795 [INFO] [15/121] 광나루한강공원 (primary=KEY_3)
2026-07-21 20:57:12,918 [INFO] [16/121] 광화문광장 (primary=KEY_4)
2026-07-21 20:57:14,196 [INFO] [17/121] 국립중앙박물관·용산가족공원 (primary=KEY_1)
2026-07-21 20:57:15,194 [INFO] [18/121] 난지한강공원 (primary=KEY_2)
2026-07-21 20:57:16,167 [INFO] [19/121] 남산공원 (primary=KEY_3)
2026-07-21 20:57:17,608 [INFO] [20/121] 노들섬 (primary=KEY_4)
2026-07-21 20:57:18,616 [INFO] [21/121] 뚝섬한강공원 (primary=KEY_1)
2026-07-21 20:57:20,435 [INFO] [22/121] 망원한강공원 (primary=KEY_2)
2026-07-21 20:57:21,571 [INFO] [23/121] 반포한강공원 (primary=KEY_3)
2026-07-21 20:57:22,569 [INFO] [24/121] 보라매공원 (primary=KEY_4)
2026-07-21 20:57:23,571 [INFO] [25/121] 북서울꿈의숲 (primary=KEY_1)
2026-07-21 20:57:24,698 [INFO] [26/121] 서대문독립공원 (primary=KEY_2)
2026-07-21 20:57:25,696 [INFO] [27/121] 서리풀공원·몽마르뜨공원 (primary=KEY_3)
2026-07-21 20:57:26,872 [INFO] [28/121] 서울대공원 (primary=KEY_4)
2026-07-21 20:57:27,835 [INFO] [29/121] 서울숲공원 (primary=KEY_1)
2026-07-21 20:57:28,967 [INFO] [30/121] 송현녹지광장 (primary=KEY_2)
2026-07-21 20:57:30,114 [INFO] [31/121] 아차산 (primary=KEY_3)
2026-07-21 20:57:31,094 [INFO] [32/121] 안양천 (primary=KEY_4)
2026-07-21 20:57:32,079 [INFO] [33/121] 양화한강공원 (primary=KEY_1)
2026-07-21 20:57:33,052 [INFO] [34/121] 어린이대공원 (primary=KEY_2)
2026-07-21 20:57:34,171 [INFO] [35/121] 여의도한강공원 (primary=KEY_3)
2026-07-21 20:57:35,316 [INFO] [36/121] 여의서로 (primary=KEY_4)
2026-07-21 20:57:36,460 [INFO] [37/121] 올림픽공원 (primary=KEY_1)
2026-07-21 20:57:37,621 [INFO] [38/121] 월드컵공원 (primary=KEY_2)
2026-07-21 20:57:38,914 [INFO] [39/121] 응봉산 (primary=KEY_3)
2026-07-21 20:57:40,042 [INFO] [40/121] 이촌한강공원 (primary=KEY_4)
2026-07-21 20:57:41,041 [INFO] [41/121] 잠실종합운동장 (primary=KEY_1)
2026-07-21 20:57:42,040 [INFO] [42/121] 잠실한강공원 (primary=KEY_2)
2026-07-21 20:57:43,035 [INFO] [43/121] 잠원한강공원 (primary=KEY_3)
2026-07-21 20:57:44,007 [INFO] [44/121] 청계산 (primary=KEY_4)
2026-07-21 20:57:45,017 [INFO] [45/121] 홍제폭포 (primary=KEY_1)
2026-07-21 20:57:46,035 [INFO] [46/121] 가락시장 (primary=KEY_2)
2026-07-21 20:57:47,189 [INFO] [47/121] 가로수길 (primary=KEY_3)
2026-07-21 20:57:48,352 [INFO] [48/121] 광장(전통)시장 (primary=KEY_4)
2026-07-21 20:57:49,364 [INFO] [49/121] 김포공항 (primary=KEY_1)
2026-07-21 20:57:50,675 [INFO] [50/121] 남대문시장 (primary=KEY_2)
2026-07-21 20:57:51,814 [INFO] [51/121] 노량진 (primary=KEY_3)
2026-07-21 20:57:52,961 [INFO] [52/121] 덕수궁길·정동길 (primary=KEY_4)
2026-07-21 20:57:54,135 [INFO] [53/121] 북창동 먹자골목 (primary=KEY_1)
2026-07-21 20:57:55,246 [INFO] [54/121] 북촌한옥마을 (primary=KEY_2)
2026-07-21 20:57:56,527 [INFO] [55/121] 서촌 (primary=KEY_3)
2026-07-21 20:57:57,668 [INFO] [56/121] 성수카페거리 (primary=KEY_4)
2026-07-21 20:57:58,952 [INFO] [57/121] 송리단길·호수단길 (primary=KEY_1)
2026-07-21 20:58:00,131 [INFO] [58/121] 신촌 스타광장 (primary=KEY_2)
2026-07-21 20:58:01,127 [INFO] [59/121] 압구정로데오거리 (primary=KEY_3)
2026-07-21 20:58:02,253 [INFO] [60/121] 여의도 (primary=KEY_4)
2026-07-21 20:58:04,043 [INFO] [61/121] 연남동 (primary=KEY_1)
2026-07-21 20:58:05,198 [INFO] [62/121] 영등포 타임스퀘어 (primary=KEY_2)
2026-07-21 20:58:06,333 [INFO] [63/121] 용리단길 (primary=KEY_3)
2026-07-21 20:58:07,388 [INFO] [64/121] 이태원 앤틱가구거리 (primary=KEY_4)
2026-07-21 20:58:08,505 [INFO] [65/121] 익선동 (primary=KEY_1)
2026-07-21 20:58:09,681 [INFO] [66/121] 인사동 (primary=KEY_2)
2026-07-21 20:58:10,983 [INFO] [67/121] 잠실롯데타워·석촌호수 (primary=KEY_3)
2026-07-21 20:58:12,456 [INFO] [68/121] 창동 신경제 중심지 (primary=KEY_4)
2026-07-21 20:58:13,909 [INFO] [69/121] 청담동 명품거리 (primary=KEY_1)
2026-07-21 20:58:15,067 [INFO] [70/121] 청량리 제기동 일대 전통시장 (primary=KEY_2)
2026-07-21 20:58:16,237 [INFO] [71/121] 해방촌·경리단길 (primary=KEY_3)
2026-07-21 20:58:17,214 [INFO] [72/121] DDP(동대문디자인플라자) (primary=KEY_4)
2026-07-21 20:58:18,404 [INFO] [73/121] DMC(디지털미디어시티) (primary=KEY_1)
2026-07-21 20:58:20,027 [INFO] [74/121] 가산디지털단지역 (primary=KEY_2)
2026-07-21 20:58:21,582 [INFO] [75/121] 강남역 (primary=KEY_3)
2026-07-21 20:58:22,923 [INFO] [76/121] 건대입구역 (primary=KEY_4)
2026-07-21 20:58:24,093 [INFO] [77/121] 고덕역 (primary=KEY_1)
2026-07-21 20:58:25,223 [INFO] [78/121] 고속터미널역 (primary=KEY_2)
2026-07-21 20:58:26,400 [INFO] [79/121] 교대역 (primary=KEY_3)
2026-07-21 20:58:27,546 [INFO] [80/121] 구로디지털단지역 (primary=KEY_4)
2026-07-21 20:58:28,957 [INFO] [81/121] 구로역 (primary=KEY_1)
2026-07-21 20:58:30,083 [INFO] [82/121] 군자역 (primary=KEY_2)
2026-07-21 20:58:31,291 [INFO] [83/121] 대림역 (primary=KEY_3)
2026-07-21 20:58:32,431 [INFO] [84/121] 동대문역 (primary=KEY_4)
2026-07-21 20:58:33,601 [INFO] [85/121] 뚝섬역 (primary=KEY_1)
2026-07-21 20:58:34,731 [INFO] [86/121] 미아사거리역 (primary=KEY_2)
2026-07-21 20:58:35,865 [INFO] [87/121] 발산역 (primary=KEY_3)
2026-07-21 20:58:37,306 [INFO] [88/121] 사당역 (primary=KEY_4)
2026-07-21 20:58:38,435 [INFO] [89/121] 삼각지역 (primary=KEY_1)
2026-07-21 20:58:39,584 [INFO] [90/121] 서울대입구역 (primary=KEY_2)
2026-07-21 20:58:40,715 [INFO] [91/121] 서울식물원·마곡나루역 (primary=KEY_3)
2026-07-21 20:58:42,008 [INFO] [92/121] 서울역 (primary=KEY_4)
2026-07-21 20:58:43,352 [INFO] [93/121] 선릉역 (primary=KEY_1)
2026-07-21 20:58:44,786 [INFO] [94/121] 성신여대입구역 (primary=KEY_2)
2026-07-21 20:58:45,815 [INFO] [95/121] 수유역 (primary=KEY_3)
2026-07-21 20:58:46,951 [INFO] [96/121] 숭례문 (primary=KEY_4)
2026-07-21 20:58:48,233 [INFO] [97/121] 시의회 앞 (primary=KEY_1)
2026-07-21 20:58:49,407 [INFO] [98/121] 신논현역·논현역 (primary=KEY_2)
2026-07-21 20:58:50,587 [INFO] [99/121] 신도림역 (primary=KEY_3)
2026-07-21 20:58:51,604 [INFO] [100/121] 신림역 (primary=KEY_4)
2026-07-21 20:58:52,756 [INFO] [101/121] 신정네거리역 (primary=KEY_1)
2026-07-21 20:58:53,893 [INFO] [102/121] 신촌·이대역 (primary=KEY_2)
2026-07-21 20:58:55,019 [INFO] [103/121] 쌍문역 (primary=KEY_3)
2026-07-21 20:58:56,181 [INFO] [104/121] 양재역 (primary=KEY_4)
2026-07-21 20:58:57,377 [INFO] [105/121] 역삼역 (primary=KEY_1)
2026-07-21 20:58:58,660 [INFO] [106/121] 연신내역 (primary=KEY_2)
2026-07-21 20:58:59,686 [INFO] [107/121] 오목교역·목동운동장 (primary=KEY_3)
2026-07-21 20:59:01,243 [INFO] [108/121] 왕십리역 (primary=KEY_4)
2026-07-21 20:59:02,595 [INFO] [109/121] 용산역 (primary=KEY_1)
2026-07-21 20:59:03,879 [INFO] [110/121] 이태원역 (primary=KEY_2)
2026-07-21 20:59:04,896 [INFO] [111/121] 잠실새내역 (primary=KEY_3)
2026-07-21 20:59:06,045 [INFO] [112/121] 잠실역 (primary=KEY_4)
2026-07-21 20:59:07,416 [INFO] [113/121] 장지역 (primary=KEY_1)
2026-07-21 20:59:08,720 [INFO] [114/121] 장한평역 (primary=KEY_2)
2026-07-21 20:59:09,876 [INFO] [115/121] 천호역 (primary=KEY_3)
2026-07-21 20:59:11,172 [INFO] [116/121] 총신대입구(이수)역 (primary=KEY_4)
2026-07-21 20:59:12,408 [INFO] [117/121] 충정로역 (primary=KEY_1)
2026-07-21 20:59:13,603 [INFO] [118/121] 합정역 (primary=KEY_2)
2026-07-21 20:59:14,758 [INFO] [119/121] 혜화역 (primary=KEY_3)
2026-07-21 20:59:15,902 [INFO] [120/121] 홍대입구역(2호선) (primary=KEY_4)
2026-07-21 20:59:17,083 [INFO] [121/121] 회기역 (primary=KEY_1)
2026-07-21 20:59:19,636 [INFO] === 수집 완료 | 성공 121, 실패 0 ===
2026-07-21 20:59:19,636 [INFO] 카테고리별 저장 결과:
2026-07-21 20:59:19,636 [INFO]    accident                  | 신규     4행 | 누적     36행 | 16컬럼
2026-07-21 20:59:19,636 [INFO]    area_meta                 | 신규   121행 | 누적   1089행 | 5컬럼
2026-07-21 20:59:19,636 [INFO]    bike                      | 신규    11행 | 누적     99행 | 12컬럼
2026-07-21 20:59:19,636 [INFO]    bike_sbike_stts           | 신규   570행 | 누적   5130행 | 12컬럼
2026-07-21 20:59:19,636 [INFO]    bus                       | 신규     3행 | 누적     27행 | 11컬럼
2026-07-21 20:59:19,636 [INFO]    bus_bus_stn_stts          | 신규  1745행 | 누적  15705행 | 11컬럼
2026-07-21 20:59:19,636 [INFO]    charger                   | 신규     4행 | 누적     36행 | 15컬럼
2026-07-21 20:59:19,636 [INFO]    charger_charger_stts      | 신규  1918행 | 누적  17145행 | 15컬럼
2026-07-21 20:59:19,636 [INFO]    cmrcl                     | 신규    82행 | 누적    738행 | 21컬럼
2026-07-21 20:59:19,637 [INFO]    events                    | 신규    10행 | 누적     88행 | 14컬럼
2026-07-21 20:59:19,637 [INFO]    events_event_stts         | 신규   130행 | 누적   1168행 | 14컬럼
2026-07-21 20:59:19,637 [INFO]    parking                   | 신규     6행 | 누적     54행 | 21컬럼
2026-07-21 20:59:19,637 [INFO]    parking_prk_stts          | 신규  1834행 | 누적  16506행 | 21컬럼
2026-07-21 20:59:19,637 [INFO]    ppltn                     | 신규   121행 | 누적   1086행 | 26컬럼
2026-07-21 20:59:19,637 [INFO]    road                      | 신규   121행 | 누적   1089행 | 21컬럼
2026-07-21 20:59:19,637 [INFO]    road_road_traffic_stts    | 신규  5272행 | 누적  47442행 | 17컬럼
2026-07-21 20:59:19,637 [INFO]    subway                    | 신규    38행 | 누적    342행 | 12컬럼
2026-07-21 20:59:19,637 [INFO]    subway_sub_stts           | 신규   183행 | 누적   1647행 | 13컬럼
2026-07-21 20:59:19,637 [INFO]    weather                   | 신규   119행 | 누적   1071행 | 30컬럼
2026-07-21 20:59:19,637 [INFO] 키별 사용량:
2026-07-21 20:59:19,637 [INFO]    🟢 KEY_1 (31/1000) 
2026-07-21 20:59:19,637 [INFO]    🟢 KEY_2 (30/1000) 
2026-07-21 20:59:19,637 [INFO]    🟢 KEY_3 (30/1000) 
2026-07-21 20:59:19,637 [INFO]    🟢 KEY_4 (30/1000) 
2026-07-21 23:15:58,007 [INFO] 등록된 키: 4개, 합산 한도 4,000건/일
2026-07-21 23:15:58,007 [INFO] POI 로드: 매뉴얼 v8.5 기준 fallback 121개 (121개 전체)
2026-07-21 23:15:58,007 [INFO] === 수집 시작 2026-07-21T23:15:58.007869+09:00 ===
2026-07-21 23:15:58,007 [INFO] 대상 장소: 121개 | API: citydata (통합)
2026-07-21 23:15:58,007 [INFO] 키 풀: 4/4 활성 | 오늘 사용 0/4000건
2026-07-21 23:15:58,007 [INFO]   [KEY_1] 담당 31장소
2026-07-21 23:15:58,008 [INFO]   [KEY_2] 담당 30장소
2026-07-21 23:15:58,008 [INFO]   [KEY_3] 담당 30장소
2026-07-21 23:15:58,008 [INFO]   [KEY_4] 담당 30장소
2026-07-21 23:15:58,008 [INFO] [1/121] 경복궁 (primary=KEY_1)
2026-07-21 23:16:00,070 [INFO] [2/121] 광화문·덕수궁 (primary=KEY_2)
2026-07-21 23:16:02,306 [INFO] [3/121] 보신각 (primary=KEY_3)
2026-07-21 23:16:04,341 [INFO] [4/121] 서울 암사동 유적 (primary=KEY_4)
2026-07-21 23:16:06,207 [INFO] [5/121] 창덕궁·종묘 (primary=KEY_1)
2026-07-21 23:16:07,573 [INFO] [6/121] 강남 MICE 관광특구 (primary=KEY_2)
2026-07-21 23:16:09,466 [INFO] [7/121] 동대문 관광특구 (primary=KEY_3)
2026-07-21 23:16:10,896 [INFO] [8/121] 명동 관광특구 (primary=KEY_4)
2026-07-21 23:16:13,162 [INFO] [9/121] 이태원 관광특구 (primary=KEY_1)
2026-07-21 23:16:15,053 [INFO] [10/121] 잠실 관광특구 (primary=KEY_2)
2026-07-21 23:16:17,649 [INFO] [11/121] 종로·청계 관광특구 (primary=KEY_3)
2026-07-21 23:16:19,111 [INFO] [12/121] 홍대 관광특구 (primary=KEY_4)
2026-07-21 23:16:21,184 [INFO] [13/121] 강서한강공원 (primary=KEY_1)
2026-07-21 23:16:22,826 [INFO] [14/121] 고척돔 (primary=KEY_2)
2026-07-21 23:16:23,902 [INFO] [15/121] 광나루한강공원 (primary=KEY_3)
2026-07-21 23:16:25,124 [INFO] [16/121] 광화문광장 (primary=KEY_4)
2026-07-21 23:16:27,713 [INFO] [17/121] 국립중앙박물관·용산가족공원 (primary=KEY_1)
2026-07-21 23:16:28,784 [INFO] [18/121] 난지한강공원 (primary=KEY_2)
2026-07-21 23:16:29,829 [INFO] [19/121] 남산공원 (primary=KEY_3)
2026-07-21 23:16:31,924 [INFO] [20/121] 노들섬 (primary=KEY_4)
2026-07-21 23:16:33,582 [INFO] [21/121] 뚝섬한강공원 (primary=KEY_1)
2026-07-21 23:16:34,650 [INFO] [22/121] 망원한강공원 (primary=KEY_2)
2026-07-21 23:16:35,896 [INFO] [23/121] 반포한강공원 (primary=KEY_3)
2026-07-21 23:16:36,946 [INFO] [24/121] 보라매공원 (primary=KEY_4)
2026-07-21 23:16:38,685 [INFO] [25/121] 북서울꿈의숲 (primary=KEY_1)
2026-07-21 23:16:40,566 [INFO] [26/121] 서대문독립공원 (primary=KEY_2)
2026-07-21 23:16:41,664 [INFO] [27/121] 서리풀공원·몽마르뜨공원 (primary=KEY_3)
2026-07-21 23:16:43,492 [INFO] [28/121] 서울대공원 (primary=KEY_4)
2026-07-21 23:16:44,539 [INFO] [29/121] 서울숲공원 (primary=KEY_1)
2026-07-21 23:16:45,775 [INFO] [30/121] 송현녹지광장 (primary=KEY_2)
2026-07-21 23:16:47,008 [INFO] [31/121] 아차산 (primary=KEY_3)
2026-07-21 23:16:48,083 [INFO] [32/121] 안양천 (primary=KEY_4)
2026-07-21 23:16:49,157 [INFO] [33/121] 양화한강공원 (primary=KEY_1)
2026-07-21 23:16:50,206 [INFO] [34/121] 어린이대공원 (primary=KEY_2)
2026-07-21 23:16:51,451 [INFO] [35/121] 여의도한강공원 (primary=KEY_3)
2026-07-21 23:16:52,662 [INFO] [36/121] 여의서로 (primary=KEY_4)
2026-07-21 23:16:54,551 [INFO] [37/121] 올림픽공원 (primary=KEY_1)
2026-07-21 23:16:56,451 [INFO] [38/121] 월드컵공원 (primary=KEY_2)
2026-07-21 23:16:57,879 [INFO] [39/121] 응봉산 (primary=KEY_3)
2026-07-21 23:16:59,102 [INFO] [40/121] 이촌한강공원 (primary=KEY_4)
2026-07-21 23:17:00,760 [INFO] [41/121] 잠실종합운동장 (primary=KEY_1)
2026-07-21 23:17:01,836 [INFO] [42/121] 잠실한강공원 (primary=KEY_2)
2026-07-21 23:17:02,909 [INFO] [43/121] 잠원한강공원 (primary=KEY_3)
2026-07-21 23:17:03,971 [INFO] [44/121] 청계산 (primary=KEY_4)
2026-07-21 23:17:05,019 [INFO] [45/121] 홍제폭포 (primary=KEY_1)
2026-07-21 23:17:06,080 [INFO] [46/121] 가락시장 (primary=KEY_2)
2026-07-21 23:17:07,334 [INFO] [47/121] 가로수길 (primary=KEY_3)
2026-07-21 23:17:08,587 [INFO] [48/121] 광장(전통)시장 (primary=KEY_4)
2026-07-21 23:17:09,649 [INFO] [49/121] 김포공항 (primary=KEY_1)
2026-07-21 23:17:11,061 [INFO] [50/121] 남대문시장 (primary=KEY_2)
2026-07-21 23:17:12,946 [INFO] [51/121] 노량진 (primary=KEY_3)
2026-07-21 23:17:14,178 [INFO] [52/121] 덕수궁길·정동길 (primary=KEY_4)
2026-07-21 23:17:15,427 [INFO] [53/121] 북창동 먹자골목 (primary=KEY_1)
2026-07-21 23:17:16,643 [INFO] [54/121] 북촌한옥마을 (primary=KEY_2)
2026-07-21 23:17:18,033 [INFO] [55/121] 서촌 (primary=KEY_3)
2026-07-21 23:17:19,265 [INFO] [56/121] 성수카페거리 (primary=KEY_4)
2026-07-21 23:17:20,660 [INFO] [57/121] 송리단길·호수단길 (primary=KEY_1)
2026-07-21 23:17:21,916 [INFO] [58/121] 신촌 스타광장 (primary=KEY_2)
2026-07-21 23:17:22,992 [INFO] [59/121] 압구정로데오거리 (primary=KEY_3)
2026-07-21 23:17:24,254 [INFO] [60/121] 여의도 (primary=KEY_4)
2026-07-21 23:17:26,237 [INFO] [61/121] 연남동 (primary=KEY_1)
2026-07-21 23:17:27,472 [INFO] [62/121] 영등포 타임스퀘어 (primary=KEY_2)
2026-07-21 23:17:28,758 [INFO] [63/121] 용리단길 (primary=KEY_3)
2026-07-21 23:17:29,846 [INFO] [64/121] 이태원 앤틱가구거리 (primary=KEY_4)
2026-07-21 23:17:31,074 [INFO] [65/121] 익선동 (primary=KEY_1)
2026-07-21 23:17:32,332 [INFO] [66/121] 인사동 (primary=KEY_2)
2026-07-21 23:17:33,750 [INFO] [67/121] 잠실롯데타워·석촌호수 (primary=KEY_3)
2026-07-21 23:17:35,318 [INFO] [68/121] 창동 신경제 중심지 (primary=KEY_4)
2026-07-21 23:17:36,942 [INFO] [69/121] 청담동 명품거리 (primary=KEY_1)
2026-07-21 23:17:38,175 [INFO] [70/121] 청량리 제기동 일대 전통시장 (primary=KEY_2)
2026-07-21 23:17:39,422 [INFO] [71/121] 해방촌·경리단길 (primary=KEY_3)
2026-07-21 23:17:40,509 [INFO] [72/121] DDP(동대문디자인플라자) (primary=KEY_4)
2026-07-21 23:17:41,871 [INFO] [73/121] DMC(디지털미디어시티) (primary=KEY_1)
2026-07-21 23:17:43,460 [INFO] [74/121] 가산디지털단지역 (primary=KEY_2)
2026-07-21 23:17:45,198 [INFO] [75/121] 강남역 (primary=KEY_3)
2026-07-21 23:17:46,649 [INFO] [76/121] 건대입구역 (primary=KEY_4)
2026-07-21 23:17:47,916 [INFO] [77/121] 고덕역 (primary=KEY_1)
2026-07-21 23:17:49,142 [INFO] [78/121] 고속터미널역 (primary=KEY_2)
2026-07-21 23:17:50,383 [INFO] [79/121] 교대역 (primary=KEY_3)
2026-07-21 23:17:51,647 [INFO] [80/121] 구로디지털단지역 (primary=KEY_4)
2026-07-21 23:17:53,198 [INFO] [81/121] 구로역 (primary=KEY_1)
2026-07-21 23:17:54,422 [INFO] [82/121] 군자역 (primary=KEY_2)
2026-07-21 23:17:55,683 [INFO] [83/121] 대림역 (primary=KEY_3)
2026-07-21 23:17:56,935 [INFO] [84/121] 동대문역 (primary=KEY_4)
2026-07-21 23:17:58,218 [INFO] [85/121] 뚝섬역 (primary=KEY_1)
2026-07-21 23:17:59,452 [INFO] [86/121] 미아사거리역 (primary=KEY_2)
2026-07-21 23:18:00,695 [INFO] [87/121] 발산역 (primary=KEY_3)
2026-07-21 23:18:02,095 [INFO] [88/121] 사당역 (primary=KEY_4)
2026-07-21 23:18:03,334 [INFO] [89/121] 삼각지역 (primary=KEY_1)
2026-07-21 23:18:04,557 [INFO] [90/121] 서울대입구역 (primary=KEY_2)
2026-07-21 23:18:05,778 [INFO] [91/121] 서울식물원·마곡나루역 (primary=KEY_3)
2026-07-21 23:18:07,165 [INFO] [92/121] 서울역 (primary=KEY_4)
2026-07-21 23:18:08,615 [INFO] [93/121] 선릉역 (primary=KEY_1)
2026-07-21 23:18:10,187 [INFO] [94/121] 성신여대입구역 (primary=KEY_2)
2026-07-21 23:18:11,265 [INFO] [95/121] 수유역 (primary=KEY_3)
2026-07-21 23:18:12,507 [INFO] [96/121] 숭례문 (primary=KEY_4)
2026-07-21 23:18:13,926 [INFO] [97/121] 시의회 앞 (primary=KEY_1)
2026-07-21 23:18:15,168 [INFO] [98/121] 신논현역·논현역 (primary=KEY_2)
2026-07-21 23:18:16,416 [INFO] [99/121] 신도림역 (primary=KEY_3)
2026-07-21 23:18:17,485 [INFO] [100/121] 신림역 (primary=KEY_4)
2026-07-21 23:18:18,795 [INFO] [101/121] 신정네거리역 (primary=KEY_1)
2026-07-21 23:18:20,029 [INFO] [102/121] 신촌·이대역 (primary=KEY_2)
2026-07-21 23:18:21,300 [INFO] [103/121] 쌍문역 (primary=KEY_3)
2026-07-21 23:18:22,552 [INFO] [104/121] 양재역 (primary=KEY_4)
2026-07-21 23:18:23,796 [INFO] [105/121] 역삼역 (primary=KEY_1)
2026-07-21 23:18:25,198 [INFO] [106/121] 연신내역 (primary=KEY_2)
2026-07-21 23:18:26,299 [INFO] [107/121] 오목교역·목동운동장 (primary=KEY_3)
2026-07-21 23:18:28,057 [INFO] [108/121] 왕십리역 (primary=KEY_4)
2026-07-21 23:18:29,466 [INFO] [109/121] 용산역 (primary=KEY_1)
2026-07-21 23:18:30,877 [INFO] [110/121] 이태원역 (primary=KEY_2)
2026-07-21 23:18:31,959 [INFO] [111/121] 잠실새내역 (primary=KEY_3)
2026-07-21 23:18:33,188 [INFO] [112/121] 잠실역 (primary=KEY_4)
2026-07-21 23:18:34,651 [INFO] [113/121] 장지역 (primary=KEY_1)
2026-07-21 23:18:36,636 [INFO] [114/121] 장한평역 (primary=KEY_2)
2026-07-21 23:18:37,903 [INFO] [115/121] 천호역 (primary=KEY_3)
2026-07-21 23:18:39,166 [INFO] [116/121] 총신대입구(이수)역 (primary=KEY_4)
2026-07-21 23:18:40,403 [INFO] [117/121] 충정로역 (primary=KEY_1)
2026-07-21 23:18:41,691 [INFO] [118/121] 합정역 (primary=KEY_2)
2026-07-21 23:18:42,939 [INFO] [119/121] 혜화역 (primary=KEY_3)
2026-07-21 23:18:44,171 [INFO] [120/121] 홍대입구역(2호선) (primary=KEY_4)
2026-07-21 23:18:45,454 [INFO] [121/121] 회기역 (primary=KEY_1)
2026-07-21 23:18:48,004 [INFO] === 수집 완료 | 성공 121, 실패 0 ===
2026-07-21 23:18:48,004 [INFO] 카테고리별 저장 결과:
2026-07-21 23:18:48,004 [INFO]    accident                  | 신규     3행 | 누적     39행 | 16컬럼
2026-07-21 23:18:48,004 [INFO]    area_meta                 | 신규   121행 | 누적   1210행 | 5컬럼
2026-07-21 23:18:48,004 [INFO]    bike                      | 신규    11행 | 누적    110행 | 12컬럼
2026-07-21 23:18:48,004 [INFO]    bike_sbike_stts           | 신규   570행 | 누적   5700행 | 12컬럼
2026-07-21 23:18:48,004 [INFO]    bus                       | 신규     3행 | 누적     30행 | 11컬럼
2026-07-21 23:18:48,004 [INFO]    bus_bus_stn_stts          | 신규  1745행 | 누적  17450행 | 11컬럼
2026-07-21 23:18:48,004 [INFO]    charger                   | 신규     4행 | 누적     40행 | 15컬럼
2026-07-21 23:18:48,004 [INFO]    charger_charger_stts      | 신규  1918행 | 누적  19050행 | 15컬럼
2026-07-21 23:18:48,004 [INFO]    cmrcl                     | 신규    82행 | 누적    820행 | 21컬럼
2026-07-21 23:18:48,004 [INFO]    events                    | 신규    10행 | 누적     98행 | 14컬럼
2026-07-21 23:18:48,004 [INFO]    events_event_stts         | 신규   130행 | 누적   1298행 | 14컬럼
2026-07-21 23:18:48,004 [INFO]    parking                   | 신규     6행 | 누적     60행 | 21컬럼
2026-07-21 23:18:48,004 [INFO]    parking_prk_stts          | 신규  1834행 | 누적  18340행 | 21컬럼
2026-07-21 23:18:48,004 [INFO]    ppltn                     | 신규   121행 | 누적   1207행 | 26컬럼
2026-07-21 23:18:48,004 [INFO]    road                      | 신규   121행 | 누적   1210행 | 21컬럼
2026-07-21 23:18:48,004 [INFO]    road_road_traffic_stts    | 신규  5272행 | 누적  52714행 | 17컬럼
2026-07-21 23:18:48,004 [INFO]    subway                    | 신규    38행 | 누적    380행 | 12컬럼
2026-07-21 23:18:48,004 [INFO]    subway_sub_stts           | 신규   183행 | 누적   1830행 | 13컬럼
2026-07-21 23:18:48,004 [INFO]    weather                   | 신규   119행 | 누적   1190행 | 30컬럼
2026-07-21 23:18:48,004 [INFO] 키별 사용량:
2026-07-21 23:18:48,004 [INFO]    🟢 KEY_1 (31/1000) 
2026-07-21 23:18:48,005 [INFO]    🟢 KEY_2 (30/1000) 
2026-07-21 23:18:48,005 [INFO]    🟢 KEY_3 (30/1000) 
2026-07-21 23:18:48,005 [INFO]    🟢 KEY_4 (30/1000) 
