2026-08-18 00:35:30,987 [INFO] 등록된 키: 4개, 합산 한도 4,000건/일
2026-08-18 00:35:30,987 [INFO] POI 로드: 매뉴얼 v8.5 기준 fallback 121개 (121개 전체)
2026-08-18 00:35:30,987 [INFO] === 수집 시작 2026-08-18T00:35:30.987869+09:00 ===
2026-08-18 00:35:30,987 [INFO] 대상 장소: 121개 | API: citydata (통합)
2026-08-18 00:35:30,988 [INFO] 키 풀: 4/4 활성 | 오늘 사용 0/4000건
2026-08-18 00:35:30,988 [INFO]   [KEY_1] 담당 31장소
2026-08-18 00:35:30,988 [INFO]   [KEY_2] 담당 30장소
2026-08-18 00:35:30,988 [INFO]   [KEY_3] 담당 30장소
2026-08-18 00:35:30,988 [INFO]   [KEY_4] 담당 30장소
2026-08-18 00:35:30,988 [INFO] [1/121] 경복궁 (primary=KEY_1)
2026-08-18 00:35:32,277 [INFO] [2/121] 광화문·덕수궁 (primary=KEY_2)
2026-08-18 00:35:34,300 [INFO] [3/121] 보신각 (primary=KEY_3)
2026-08-18 00:35:35,573 [INFO] [4/121] 서울 암사동 유적 (primary=KEY_4)
2026-08-18 00:35:36,549 [INFO] [5/121] 창덕궁·종묘 (primary=KEY_1)
2026-08-18 00:35:37,811 [INFO] [6/121] 강남 MICE 관광특구 (primary=KEY_2)
2026-08-18 00:35:39,519 [INFO] [7/121] 동대문 관광특구 (primary=KEY_3)
2026-08-18 00:35:40,979 [INFO] [8/121] 명동 관광특구 (primary=KEY_4)
2026-08-18 00:35:42,588 [INFO] [9/121] 이태원 관광특구 (primary=KEY_1)
2026-08-18 00:35:43,723 [INFO] [10/121] 잠실 관광특구 (primary=KEY_2)
2026-08-18 00:35:45,220 [INFO] [11/121] 종로·청계 관광특구 (primary=KEY_3)
2026-08-18 00:35:46,546 [INFO] [12/121] 홍대 관광특구 (primary=KEY_4)
2026-08-18 00:35:48,579 [INFO] [13/121] 강서한강공원 (primary=KEY_1)
2026-08-18 00:35:49,683 [INFO] [14/121] 고척돔 (primary=KEY_2)
2026-08-18 00:35:50,800 [INFO] [15/121] 광나루한강공원 (primary=KEY_3)
2026-08-18 00:35:51,926 [INFO] [16/121] 광화문광장 (primary=KEY_4)
2026-08-18 00:35:53,059 [INFO] [17/121] 국립중앙박물관·용산가족공원 (primary=KEY_1)
2026-08-18 00:35:54,051 [INFO] [18/121] 난지한강공원 (primary=KEY_2)
2026-08-18 00:35:55,043 [INFO] [19/121] 남산공원 (primary=KEY_3)
2026-08-18 00:35:56,318 [INFO] [20/121] 노들섬 (primary=KEY_4)
2026-08-18 00:35:57,294 [INFO] [21/121] 뚝섬한강공원 (primary=KEY_1)
2026-08-18 00:35:58,291 [INFO] [22/121] 망원한강공원 (primary=KEY_2)
2026-08-18 00:35:59,556 [INFO] [23/121] 반포한강공원 (primary=KEY_3)
2026-08-18 00:36:00,535 [INFO] [24/121] 보라매공원 (primary=KEY_4)
2026-08-18 00:36:01,541 [INFO] [25/121] 북서울꿈의숲 (primary=KEY_1)
2026-08-18 00:36:02,668 [INFO] [26/121] 서대문독립공원 (primary=KEY_2)
2026-08-18 00:36:03,663 [INFO] [27/121] 서리풀공원·몽마르뜨공원 (primary=KEY_3)
2026-08-18 00:36:04,713 [INFO] [28/121] 서울대공원 (primary=KEY_4)
2026-08-18 00:36:05,699 [INFO] [29/121] 서울숲공원 (primary=KEY_1)
2026-08-18 00:36:06,835 [INFO] [30/121] 송현녹지광장 (primary=KEY_2)
2026-08-18 00:36:07,944 [INFO] [31/121] 아차산 (primary=KEY_3)
2026-08-18 00:36:08,928 [INFO] [32/121] 안양천 (primary=KEY_4)
2026-08-18 00:36:09,909 [INFO] [33/121] 양화한강공원 (primary=KEY_1)
2026-08-18 00:36:10,889 [INFO] [34/121] 어린이대공원 (primary=KEY_2)
2026-08-18 00:36:12,011 [INFO] [35/121] 여의도한강공원 (primary=KEY_3)
2026-08-18 00:36:13,137 [INFO] [36/121] 여의서로 (primary=KEY_4)
2026-08-18 00:36:14,280 [INFO] [37/121] 올림픽공원 (primary=KEY_1)
2026-08-18 00:36:15,437 [INFO] [38/121] 월드컵공원 (primary=KEY_2)
2026-08-18 00:36:16,706 [INFO] [39/121] 응봉산 (primary=KEY_3)
2026-08-18 00:36:17,819 [INFO] [40/121] 이촌한강공원 (primary=KEY_4)
2026-08-18 00:36:18,790 [INFO] [41/121] 잠실종합운동장 (primary=KEY_1)
2026-08-18 00:36:19,772 [INFO] [42/121] 잠실한강공원 (primary=KEY_2)
2026-08-18 00:36:20,768 [INFO] [43/121] 잠원한강공원 (primary=KEY_3)
2026-08-18 00:36:21,753 [INFO] [44/121] 청계산 (primary=KEY_4)
2026-08-18 00:36:22,729 [INFO] [45/121] 홍제폭포 (primary=KEY_1)
2026-08-18 00:36:23,719 [INFO] [46/121] 가락시장 (primary=KEY_2)
2026-08-18 00:36:24,886 [INFO] [47/121] 가로수길 (primary=KEY_3)
2026-08-18 00:36:26,089 [INFO] [48/121] 광장(전통)시장 (primary=KEY_4)
2026-08-18 00:36:27,097 [INFO] [49/121] 김포공항 (primary=KEY_1)
2026-08-18 00:36:28,384 [INFO] [50/121] 남대문시장 (primary=KEY_2)
2026-08-18 00:36:29,505 [INFO] [51/121] 노량진 (primary=KEY_3)
2026-08-18 00:36:30,669 [INFO] [52/121] 덕수궁길·정동길 (primary=KEY_4)
2026-08-18 00:36:31,809 [INFO] [53/121] 북창동 먹자골목 (primary=KEY_1)
2026-08-18 00:36:32,939 [INFO] [54/121] 북촌한옥마을 (primary=KEY_2)
2026-08-18 00:36:34,216 [INFO] [55/121] 서촌 (primary=KEY_3)
2026-08-18 00:36:35,345 [INFO] [56/121] 성수카페거리 (primary=KEY_4)
2026-08-18 00:36:36,620 [INFO] [57/121] 송리단길·호수단길 (primary=KEY_1)
2026-08-18 00:36:37,756 [INFO] [58/121] 신촌 스타광장 (primary=KEY_2)
2026-08-18 00:36:38,753 [INFO] [59/121] 압구정로데오거리 (primary=KEY_3)
2026-08-18 00:36:39,902 [INFO] [60/121] 여의도 (primary=KEY_4)
2026-08-18 00:36:41,776 [INFO] [61/121] 연남동 (primary=KEY_1)
2026-08-18 00:36:42,908 [INFO] [62/121] 영등포 타임스퀘어 (primary=KEY_2)
2026-08-18 00:36:44,049 [INFO] [63/121] 용리단길 (primary=KEY_3)
2026-08-18 00:36:45,058 [INFO] [64/121] 이태원 앤틱가구거리 (primary=KEY_4)
2026-08-18 00:36:46,083 [INFO] [65/121] 익선동 (primary=KEY_1)
2026-08-18 00:36:47,226 [INFO] [66/121] 인사동 (primary=KEY_2)
2026-08-18 00:36:48,559 [INFO] [67/121] 잠실롯데타워·석촌호수 (primary=KEY_3)
2026-08-18 00:36:50,014 [INFO] [68/121] 창동 신경제 중심지 (primary=KEY_4)
2026-08-18 00:36:51,461 [INFO] [69/121] 청담동 명품거리 (primary=KEY_1)
2026-08-18 00:36:52,589 [INFO] [70/121] 청량리 제기동 일대 전통시장 (primary=KEY_2)
2026-08-18 00:36:53,738 [INFO] [71/121] 해방촌·경리단길 (primary=KEY_3)
2026-08-18 00:36:54,774 [INFO] [72/121] DDP(동대문디자인플라자) (primary=KEY_4)
2026-08-18 00:36:55,927 [INFO] [73/121] DMC(디지털미디어시티) (primary=KEY_1)
2026-08-18 00:36:57,389 [INFO] [74/121] 가산디지털단지역 (primary=KEY_2)
2026-08-18 00:36:58,958 [INFO] [75/121] 강남역 (primary=KEY_3)
2026-08-18 00:37:00,270 [INFO] [76/121] 건대입구역 (primary=KEY_4)
2026-08-18 00:37:01,416 [INFO] [77/121] 고덕역 (primary=KEY_1)
2026-08-18 00:37:02,561 [INFO] [78/121] 고속터미널역 (primary=KEY_2)
2026-08-18 00:37:03,721 [INFO] [79/121] 교대역 (primary=KEY_3)
2026-08-18 00:37:04,857 [INFO] [80/121] 구로디지털단지역 (primary=KEY_4)
2026-08-18 00:37:06,265 [INFO] [81/121] 구로역 (primary=KEY_1)
2026-08-18 00:37:07,390 [INFO] [82/121] 군자역 (primary=KEY_2)
2026-08-18 00:37:08,407 [INFO] [83/121] 대림역 (primary=KEY_3)
2026-08-18 00:37:09,563 [INFO] [84/121] 동대문역 (primary=KEY_4)
2026-08-18 00:37:10,708 [INFO] [85/121] 뚝섬역 (primary=KEY_1)
2026-08-18 00:37:11,832 [INFO] [86/121] 미아사거리역 (primary=KEY_2)
2026-08-18 00:37:12,981 [INFO] [87/121] 발산역 (primary=KEY_3)
2026-08-18 00:37:14,390 [INFO] [88/121] 사당역 (primary=KEY_4)
2026-08-18 00:37:15,540 [INFO] [89/121] 삼각지역 (primary=KEY_1)
2026-08-18 00:37:16,540 [INFO] [90/121] 서울대입구역 (primary=KEY_2)
2026-08-18 00:37:17,675 [INFO] [91/121] 서울식물원·마곡나루역 (primary=KEY_3)
2026-08-18 00:37:18,949 [INFO] [92/121] 서울역 (primary=KEY_4)
2026-08-18 00:37:20,270 [INFO] [93/121] 선릉역 (primary=KEY_1)
2026-08-18 00:37:21,692 [INFO] [94/121] 성신여대입구역 (primary=KEY_2)
2026-08-18 00:37:22,711 [INFO] [95/121] 수유역 (primary=KEY_3)
2026-08-18 00:37:23,851 [INFO] [96/121] 숭례문 (primary=KEY_4)
2026-08-18 00:37:25,109 [INFO] [97/121] 시의회 앞 (primary=KEY_1)
2026-08-18 00:37:26,246 [INFO] [98/121] 신논현역·논현역 (primary=KEY_2)
2026-08-18 00:37:27,403 [INFO] [99/121] 신도림역 (primary=KEY_3)
2026-08-18 00:37:28,388 [INFO] [100/121] 신림역 (primary=KEY_4)
2026-08-18 00:37:29,463 [INFO] [101/121] 신정네거리역 (primary=KEY_1)
2026-08-18 00:37:30,604 [INFO] [102/121] 신촌·이대역 (primary=KEY_2)
2026-08-18 00:37:31,759 [INFO] [103/121] 쌍문역 (primary=KEY_3)
2026-08-18 00:37:32,913 [INFO] [104/121] 양재역 (primary=KEY_4)
2026-08-18 00:37:34,071 [INFO] [105/121] 역삼역 (primary=KEY_1)
2026-08-18 00:37:35,350 [INFO] [106/121] 연신내역 (primary=KEY_2)
2026-08-18 00:37:36,372 [INFO] [107/121] 오목교역·목동운동장 (primary=KEY_3)
2026-08-18 00:37:37,983 [INFO] [108/121] 왕십리역 (primary=KEY_4)
2026-08-18 00:37:39,126 [INFO] [109/121] 용산역 (primary=KEY_1)
2026-08-18 00:37:40,427 [INFO] [110/121] 이태원역 (primary=KEY_2)
2026-08-18 00:37:41,447 [INFO] [111/121] 잠실새내역 (primary=KEY_3)
2026-08-18 00:37:42,626 [INFO] [112/121] 잠실역 (primary=KEY_4)
2026-08-18 00:37:43,917 [INFO] [113/121] 장지역 (primary=KEY_1)
2026-08-18 00:37:45,234 [INFO] [114/121] 장한평역 (primary=KEY_2)
2026-08-18 00:37:46,361 [INFO] [115/121] 천호역 (primary=KEY_3)
2026-08-18 00:37:47,549 [INFO] [116/121] 총신대입구(이수)역 (primary=KEY_4)
2026-08-18 00:37:48,716 [INFO] [117/121] 충정로역 (primary=KEY_1)
2026-08-18 00:37:49,875 [INFO] [118/121] 합정역 (primary=KEY_2)
2026-08-18 00:37:51,048 [INFO] [119/121] 혜화역 (primary=KEY_3)
2026-08-18 00:37:52,191 [INFO] [120/121] 홍대입구역(2호선) (primary=KEY_4)
2026-08-18 00:37:53,341 [INFO] [121/121] 회기역 (primary=KEY_1)
2026-08-18 00:37:54,862 [INFO] === 수집 완료 | 성공 121, 실패 0 ===
2026-08-18 00:37:54,862 [INFO] 카테고리별 저장 결과:
2026-08-18 00:37:54,862 [INFO]    accident                  | 신규     3행 | 누적      3행 | 16컬럼
2026-08-18 00:37:54,862 [INFO]    area_meta                 | 신규   121행 | 누적    121행 | 5컬럼
2026-08-18 00:37:54,862 [INFO]    bike                      | 신규    11행 | 누적     11행 | 12컬럼
2026-08-18 00:37:54,862 [INFO]    bike_sbike_stts           | 신규   567행 | 누적    567행 | 12컬럼
2026-08-18 00:37:54,862 [INFO]    bus                       | 신규     3행 | 누적      3행 | 11컬럼
2026-08-18 00:37:54,862 [INFO]    bus_bus_stn_stts          | 신규  1745행 | 누적   1745행 | 11컬럼
2026-08-18 00:37:54,862 [INFO]    charger                   | 신규     4행 | 누적      4행 | 15컬럼
2026-08-18 00:37:54,862 [INFO]    charger_charger_stts      | 신규  1928행 | 누적   1928행 | 15컬럼
2026-08-18 00:37:54,862 [INFO]    cmrcl                     | 신규    82행 | 누적     82행 | 20컬럼
2026-08-18 00:37:54,862 [INFO]    events                    | 신규    11행 | 누적     11행 | 14컬럼
2026-08-18 00:37:54,862 [INFO]    events_event_stts         | 신규   135행 | 누적    135행 | 14컬럼
2026-08-18 00:37:54,862 [INFO]    parking                   | 신규     6행 | 누적      6행 | 21컬럼
2026-08-18 00:37:54,862 [INFO]    parking_prk_stts          | 신규  1834행 | 누적   1834행 | 21컬럼
2026-08-18 00:37:54,862 [INFO]    ppltn                     | 신규   121행 | 누적    121행 | 26컬럼
2026-08-18 00:37:54,862 [INFO]    road                      | 신규   121행 | 누적    121행 | 21컬럼
2026-08-18 00:37:54,862 [INFO]    road_road_traffic_stts    | 신규  5292행 | 누적   5292행 | 17컬럼
2026-08-18 00:37:54,862 [INFO]    subway                    | 신규    38행 | 누적     38행 | 13컬럼
2026-08-18 00:37:54,862 [INFO]    subway_sub_stts           | 신규   183행 | 누적    183행 | 13컬럼
2026-08-18 00:37:54,862 [INFO]    weather                   | 신규   119행 | 누적    119행 | 29컬럼
2026-08-18 00:37:54,863 [INFO] 키별 사용량:
2026-08-18 00:37:54,863 [INFO]    🟢 KEY_1 (31/1000) 
2026-08-18 00:37:54,863 [INFO]    🟢 KEY_2 (30/1000) 
2026-08-18 00:37:54,863 [INFO]    🟢 KEY_3 (30/1000) 
2026-08-18 00:37:54,863 [INFO]    🟢 KEY_4 (30/1000) 
2026-08-18 01:39:51,143 [INFO] 등록된 키: 4개, 합산 한도 4,000건/일
2026-08-18 01:39:51,144 [INFO] POI 로드: 매뉴얼 v8.5 기준 fallback 121개 (121개 전체)
2026-08-18 01:39:51,144 [INFO] === 수집 시작 2026-08-18T01:39:51.144356+09:00 ===
2026-08-18 01:39:51,144 [INFO] 대상 장소: 121개 | API: citydata (통합)
2026-08-18 01:39:51,144 [INFO] 키 풀: 4/4 활성 | 오늘 사용 0/4000건
2026-08-18 01:39:51,144 [INFO]   [KEY_1] 담당 31장소
2026-08-18 01:39:51,144 [INFO]   [KEY_2] 담당 30장소
2026-08-18 01:39:51,144 [INFO]   [KEY_3] 담당 30장소
2026-08-18 01:39:51,144 [INFO]   [KEY_4] 담당 30장소
2026-08-18 01:39:51,144 [INFO] [1/121] 경복궁 (primary=KEY_1)
2026-08-18 01:39:52,715 [INFO] [2/121] 광화문·덕수궁 (primary=KEY_2)
2026-08-18 01:39:54,285 [INFO] [3/121] 보신각 (primary=KEY_3)
2026-08-18 01:39:55,556 [INFO] [4/121] 서울 암사동 유적 (primary=KEY_4)
2026-08-18 01:39:57,228 [INFO] [5/121] 창덕궁·종묘 (primary=KEY_1)
2026-08-18 01:39:58,484 [INFO] [6/121] 강남 MICE 관광특구 (primary=KEY_2)
2026-08-18 01:39:59,617 [INFO] [7/121] 동대문 관광특구 (primary=KEY_3)
2026-08-18 01:40:01,733 [INFO] [8/121] 명동 관광특구 (primary=KEY_4)
2026-08-18 01:40:03,988 [INFO] [9/121] 이태원 관광특구 (primary=KEY_1)
2026-08-18 01:40:05,175 [INFO] [10/121] 잠실 관광특구 (primary=KEY_2)
2026-08-18 01:40:07,428 [INFO] [11/121] 종로·청계 관광특구 (primary=KEY_3)
2026-08-18 01:40:09,381 [INFO] [12/121] 홍대 관광특구 (primary=KEY_4)
2026-08-18 01:40:10,675 [INFO] [13/121] 강서한강공원 (primary=KEY_1)
2026-08-18 01:40:11,646 [INFO] [14/121] 고척돔 (primary=KEY_2)
2026-08-18 01:40:12,613 [INFO] [15/121] 광나루한강공원 (primary=KEY_3)
2026-08-18 01:40:13,716 [INFO] [16/121] 광화문광장 (primary=KEY_4)
2026-08-18 01:40:14,824 [INFO] [17/121] 국립중앙박물관·용산가족공원 (primary=KEY_1)
2026-08-18 01:40:15,868 [INFO] [18/121] 난지한강공원 (primary=KEY_2)
2026-08-18 01:40:16,834 [INFO] [19/121] 남산공원 (primary=KEY_3)
2026-08-18 01:40:18,098 [INFO] [20/121] 노들섬 (primary=KEY_4)
2026-08-18 01:40:19,084 [INFO] [21/121] 뚝섬한강공원 (primary=KEY_1)
2026-08-18 01:40:20,615 [INFO] [22/121] 망원한강공원 (primary=KEY_2)
2026-08-18 01:40:21,726 [INFO] [23/121] 반포한강공원 (primary=KEY_3)
2026-08-18 01:40:22,703 [INFO] [24/121] 보라매공원 (primary=KEY_4)
2026-08-18 01:40:24,473 [INFO] [25/121] 북서울꿈의숲 (primary=KEY_1)
2026-08-18 01:40:25,587 [INFO] [26/121] 서대문독립공원 (primary=KEY_2)
2026-08-18 01:40:26,593 [INFO] [27/121] 서리풀공원·몽마르뜨공원 (primary=KEY_3)
2026-08-18 01:40:27,587 [INFO] [28/121] 서울대공원 (primary=KEY_4)
2026-08-18 01:40:28,552 [INFO] [29/121] 서울숲공원 (primary=KEY_1)
2026-08-18 01:40:29,665 [INFO] [30/121] 송현녹지광장 (primary=KEY_2)
2026-08-18 01:40:30,781 [INFO] [31/121] 아차산 (primary=KEY_3)
2026-08-18 01:40:31,878 [INFO] [32/121] 안양천 (primary=KEY_4)
2026-08-18 01:40:32,849 [INFO] [33/121] 양화한강공원 (primary=KEY_1)
2026-08-18 01:40:33,829 [INFO] [34/121] 어린이대공원 (primary=KEY_2)
2026-08-18 01:40:35,760 [INFO] [35/121] 여의도한강공원 (primary=KEY_3)
2026-08-18 01:40:36,869 [INFO] [36/121] 여의서로 (primary=KEY_4)
2026-08-18 01:40:37,983 [INFO] [37/121] 올림픽공원 (primary=KEY_1)
2026-08-18 01:40:39,130 [INFO] [38/121] 월드컵공원 (primary=KEY_2)
2026-08-18 01:40:40,419 [INFO] [39/121] 응봉산 (primary=KEY_3)
2026-08-18 01:40:41,536 [INFO] [40/121] 이촌한강공원 (primary=KEY_4)
2026-08-18 01:40:42,508 [INFO] [41/121] 잠실종합운동장 (primary=KEY_1)
2026-08-18 01:40:44,050 [INFO] [42/121] 잠실한강공원 (primary=KEY_2)
2026-08-18 01:40:45,038 [INFO] [43/121] 잠원한강공원 (primary=KEY_3)
2026-08-18 01:40:46,010 [INFO] [44/121] 청계산 (primary=KEY_4)
2026-08-18 01:40:46,981 [INFO] [45/121] 홍제폭포 (primary=KEY_1)
2026-08-18 01:40:47,950 [INFO] [46/121] 가락시장 (primary=KEY_2)
2026-08-18 01:40:49,097 [INFO] [47/121] 가로수길 (primary=KEY_3)
2026-08-18 01:40:50,249 [INFO] [48/121] 광장(전통)시장 (primary=KEY_4)
2026-08-18 01:40:51,253 [INFO] [49/121] 김포공항 (primary=KEY_1)
2026-08-18 01:40:52,555 [INFO] [50/121] 남대문시장 (primary=KEY_2)
2026-08-18 01:40:53,700 [INFO] [51/121] 노량진 (primary=KEY_3)
2026-08-18 01:40:54,833 [INFO] [52/121] 덕수궁길·정동길 (primary=KEY_4)
2026-08-18 01:40:55,963 [INFO] [53/121] 북창동 먹자골목 (primary=KEY_1)
2026-08-18 01:40:57,093 [INFO] [54/121] 북촌한옥마을 (primary=KEY_2)
2026-08-18 01:40:58,344 [INFO] [55/121] 서촌 (primary=KEY_3)
2026-08-18 01:40:59,489 [INFO] [56/121] 성수카페거리 (primary=KEY_4)
2026-08-18 01:41:00,774 [INFO] [57/121] 송리단길·호수단길 (primary=KEY_1)
2026-08-18 01:41:01,907 [INFO] [58/121] 신촌 스타광장 (primary=KEY_2)
2026-08-18 01:41:02,899 [INFO] [59/121] 압구정로데오거리 (primary=KEY_3)
2026-08-18 01:41:04,020 [INFO] [60/121] 여의도 (primary=KEY_4)
2026-08-18 01:41:05,755 [INFO] [61/121] 연남동 (primary=KEY_1)
2026-08-18 01:41:06,868 [INFO] [62/121] 영등포 타임스퀘어 (primary=KEY_2)
2026-08-18 01:41:08,114 [INFO] [63/121] 용리단길 (primary=KEY_3)
2026-08-18 01:41:09,111 [INFO] [64/121] 이태원 앤틱가구거리 (primary=KEY_4)
2026-08-18 01:41:10,092 [INFO] [65/121] 익선동 (primary=KEY_1)
2026-08-18 01:41:11,225 [INFO] [66/121] 인사동 (primary=KEY_2)
2026-08-18 01:41:12,467 [INFO] [67/121] 잠실롯데타워·석촌호수 (primary=KEY_3)
2026-08-18 01:41:13,879 [INFO] [68/121] 창동 신경제 중심지 (primary=KEY_4)
2026-08-18 01:41:15,302 [INFO] [69/121] 청담동 명품거리 (primary=KEY_1)
2026-08-18 01:41:16,415 [INFO] [70/121] 청량리 제기동 일대 전통시장 (primary=KEY_2)
2026-08-18 01:41:17,535 [INFO] [71/121] 해방촌·경리단길 (primary=KEY_3)
2026-08-18 01:41:18,546 [INFO] [72/121] DDP(동대문디자인플라자) (primary=KEY_4)
2026-08-18 01:41:19,674 [INFO] [73/121] DMC(디지털미디어시티) (primary=KEY_1)
2026-08-18 01:41:21,104 [INFO] [74/121] 가산디지털단지역 (primary=KEY_2)
2026-08-18 01:41:22,652 [INFO] [75/121] 강남역 (primary=KEY_3)
2026-08-18 01:41:23,944 [INFO] [76/121] 건대입구역 (primary=KEY_4)
2026-08-18 01:41:25,080 [INFO] [77/121] 고덕역 (primary=KEY_1)
2026-08-18 01:41:26,200 [INFO] [78/121] 고속터미널역 (primary=KEY_2)
2026-08-18 01:41:27,326 [INFO] [79/121] 교대역 (primary=KEY_3)
2026-08-18 01:41:28,328 [INFO] [80/121] 구로디지털단지역 (primary=KEY_4)
2026-08-18 01:41:29,733 [INFO] [81/121] 구로역 (primary=KEY_1)
2026-08-18 01:41:30,837 [INFO] [82/121] 군자역 (primary=KEY_2)
2026-08-18 01:41:31,838 [INFO] [83/121] 대림역 (primary=KEY_3)
2026-08-18 01:41:32,972 [INFO] [84/121] 동대문역 (primary=KEY_4)
2026-08-18 01:41:34,119 [INFO] [85/121] 뚝섬역 (primary=KEY_1)
2026-08-18 01:41:35,256 [INFO] [86/121] 미아사거리역 (primary=KEY_2)
2026-08-18 01:41:36,386 [INFO] [87/121] 발산역 (primary=KEY_3)
2026-08-18 01:41:37,829 [INFO] [88/121] 사당역 (primary=KEY_4)
2026-08-18 01:41:38,952 [INFO] [89/121] 삼각지역 (primary=KEY_1)
2026-08-18 01:41:39,940 [INFO] [90/121] 서울대입구역 (primary=KEY_2)
2026-08-18 01:41:41,057 [INFO] [91/121] 서울식물원·마곡나루역 (primary=KEY_3)
2026-08-18 01:41:42,323 [INFO] [92/121] 서울역 (primary=KEY_4)
2026-08-18 01:41:43,485 [INFO] [93/121] 선릉역 (primary=KEY_1)
2026-08-18 01:41:44,915 [INFO] [94/121] 성신여대입구역 (primary=KEY_2)
2026-08-18 01:41:45,907 [INFO] [95/121] 수유역 (primary=KEY_3)
2026-08-18 01:41:47,055 [INFO] [96/121] 숭례문 (primary=KEY_4)
2026-08-18 01:41:48,320 [INFO] [97/121] 시의회 앞 (primary=KEY_1)
2026-08-18 01:41:49,453 [INFO] [98/121] 신논현역·논현역 (primary=KEY_2)
2026-08-18 01:41:50,603 [INFO] [99/121] 신도림역 (primary=KEY_3)
2026-08-18 01:41:51,604 [INFO] [100/121] 신림역 (primary=KEY_4)
2026-08-18 01:41:52,606 [INFO] [101/121] 신정네거리역 (primary=KEY_1)
2026-08-18 01:41:53,745 [INFO] [102/121] 신촌·이대역 (primary=KEY_2)
2026-08-18 01:41:54,891 [INFO] [103/121] 쌍문역 (primary=KEY_3)
2026-08-18 01:41:56,033 [INFO] [104/121] 양재역 (primary=KEY_4)
2026-08-18 01:41:57,170 [INFO] [105/121] 역삼역 (primary=KEY_1)
2026-08-18 01:41:58,425 [INFO] [106/121] 연신내역 (primary=KEY_2)
2026-08-18 01:41:59,427 [INFO] [107/121] 오목교역·목동운동장 (primary=KEY_3)
2026-08-18 01:42:00,975 [INFO] [108/121] 왕십리역 (primary=KEY_4)
2026-08-18 01:42:02,111 [INFO] [109/121] 용산역 (primary=KEY_1)
2026-08-18 01:42:03,372 [INFO] [110/121] 이태원역 (primary=KEY_2)
2026-08-18 01:42:04,354 [INFO] [111/121] 잠실새내역 (primary=KEY_3)
2026-08-18 01:42:05,471 [INFO] [112/121] 잠실역 (primary=KEY_4)
2026-08-18 01:42:06,788 [INFO] [113/121] 장지역 (primary=KEY_1)
2026-08-18 01:42:08,039 [INFO] [114/121] 장한평역 (primary=KEY_2)
2026-08-18 01:42:09,156 [INFO] [115/121] 천호역 (primary=KEY_3)
2026-08-18 01:42:10,305 [INFO] [116/121] 총신대입구(이수)역 (primary=KEY_4)
2026-08-18 01:42:11,435 [INFO] [117/121] 충정로역 (primary=KEY_1)
2026-08-18 01:42:12,558 [INFO] [118/121] 합정역 (primary=KEY_2)
2026-08-18 01:42:13,693 [INFO] [119/121] 혜화역 (primary=KEY_3)
2026-08-18 01:42:14,803 [INFO] [120/121] 홍대입구역(2호선) (primary=KEY_4)
2026-08-18 01:42:15,929 [INFO] [121/121] 회기역 (primary=KEY_1)
2026-08-18 01:42:17,847 [INFO] === 수집 완료 | 성공 121, 실패 0 ===
2026-08-18 01:42:17,847 [INFO] 카테고리별 저장 결과:
2026-08-18 01:42:17,847 [INFO]    accident                  | 신규     2행 | 누적      5행 | 16컬럼
2026-08-18 01:42:17,847 [INFO]    area_meta                 | 신규   121행 | 누적    242행 | 5컬럼
2026-08-18 01:42:17,847 [INFO]    bike                      | 신규    11행 | 누적     22행 | 12컬럼
2026-08-18 01:42:17,847 [INFO]    bike_sbike_stts           | 신규   567행 | 누적   1134행 | 12컬럼
2026-08-18 01:42:17,847 [INFO]    bus                       | 신규     3행 | 누적      6행 | 11컬럼
2026-08-18 01:42:17,847 [INFO]    bus_bus_stn_stts          | 신규  1745행 | 누적   3490행 | 11컬럼
2026-08-18 01:42:17,848 [INFO]    charger                   | 신규     4행 | 누적      8행 | 15컬럼
2026-08-18 01:42:17,848 [INFO]    charger_charger_stts      | 신규  1928행 | 누적   3830행 | 15컬럼
2026-08-18 01:42:17,848 [INFO]    cmrcl                     | 신규    82행 | 누적    164행 | 20컬럼
2026-08-18 01:42:17,848 [INFO]    events                    | 신규    11행 | 누적     22행 | 14컬럼
2026-08-18 01:42:17,848 [INFO]    events_event_stts         | 신규   135행 | 누적    270행 | 14컬럼
2026-08-18 01:42:17,848 [INFO]    parking                   | 신규     6행 | 누적     12행 | 21컬럼
2026-08-18 01:42:17,848 [INFO]    parking_prk_stts          | 신규  1834행 | 누적   3668행 | 21컬럼
2026-08-18 01:42:17,848 [INFO]    ppltn                     | 신규   121행 | 누적    242행 | 26컬럼
2026-08-18 01:42:17,848 [INFO]    road                      | 신규   121행 | 누적    242행 | 21컬럼
2026-08-18 01:42:17,848 [INFO]    road_road_traffic_stts    | 신규  5292행 | 누적  10584행 | 17컬럼
2026-08-18 01:42:17,848 [INFO]    subway                    | 신규    38행 | 누적     76행 | 13컬럼
2026-08-18 01:42:17,848 [INFO]    subway_sub_stts           | 신규   183행 | 누적    366행 | 13컬럼
2026-08-18 01:42:17,848 [INFO]    weather                   | 신규   119행 | 누적    238행 | 29컬럼
2026-08-18 01:42:17,848 [INFO] 키별 사용량:
2026-08-18 01:42:17,848 [INFO]    🟢 KEY_1 (31/1000) 
2026-08-18 01:42:17,848 [INFO]    🟢 KEY_2 (30/1000) 
2026-08-18 01:42:17,848 [INFO]    🟢 KEY_3 (30/1000) 
2026-08-18 01:42:17,848 [INFO]    🟢 KEY_4 (30/1000) 
2026-08-18 02:38:15,493 [INFO] 등록된 키: 4개, 합산 한도 4,000건/일
2026-08-18 02:38:15,494 [INFO] POI 로드: 매뉴얼 v8.5 기준 fallback 121개 (121개 전체)
2026-08-18 02:38:15,494 [INFO] === 수집 시작 2026-08-18T02:38:15.494426+09:00 ===
2026-08-18 02:38:15,494 [INFO] 대상 장소: 121개 | API: citydata (통합)
2026-08-18 02:38:15,494 [INFO] 키 풀: 4/4 활성 | 오늘 사용 0/4000건
2026-08-18 02:38:15,494 [INFO]   [KEY_1] 담당 31장소
2026-08-18 02:38:15,494 [INFO]   [KEY_2] 담당 30장소
2026-08-18 02:38:15,494 [INFO]   [KEY_3] 담당 30장소
2026-08-18 02:38:15,494 [INFO]   [KEY_4] 담당 30장소
2026-08-18 02:38:15,495 [INFO] [1/121] 경복궁 (primary=KEY_1)
2026-08-18 02:38:17,336 [INFO] [2/121] 광화문·덕수궁 (primary=KEY_2)
2026-08-18 02:38:19,562 [INFO] [3/121] 보신각 (primary=KEY_3)
2026-08-18 02:38:21,374 [INFO] [4/121] 서울 암사동 유적 (primary=KEY_4)
2026-08-18 02:38:22,347 [INFO] [5/121] 창덕궁·종묘 (primary=KEY_1)
2026-08-18 02:38:24,264 [INFO] [6/121] 강남 MICE 관광특구 (primary=KEY_2)
2026-08-18 02:38:25,530 [INFO] [7/121] 동대문 관광특구 (primary=KEY_3)
2026-08-18 02:38:27,652 [INFO] [8/121] 명동 관광특구 (primary=KEY_4)
2026-08-18 02:38:29,824 [INFO] [9/121] 이태원 관광특구 (primary=KEY_1)
2026-08-18 02:38:31,525 [INFO] [10/121] 잠실 관광특구 (primary=KEY_2)
2026-08-18 02:38:32,985 [INFO] [11/121] 종로·청계 관광특구 (primary=KEY_3)
2026-08-18 02:38:34,419 [INFO] [12/121] 홍대 관광특구 (primary=KEY_4)
2026-08-18 02:38:35,731 [INFO] [13/121] 강서한강공원 (primary=KEY_1)
2026-08-18 02:38:37,518 [INFO] [14/121] 고척돔 (primary=KEY_2)
2026-08-18 02:38:38,645 [INFO] [15/121] 광나루한강공원 (primary=KEY_3)
2026-08-18 02:38:40,547 [INFO] [16/121] 광화문광장 (primary=KEY_4)
2026-08-18 02:38:41,670 [INFO] [17/121] 국립중앙박물관·용산가족공원 (primary=KEY_1)
2026-08-18 02:38:42,659 [INFO] [18/121] 난지한강공원 (primary=KEY_2)
2026-08-18 02:38:43,644 [INFO] [19/121] 남산공원 (primary=KEY_3)
2026-08-18 02:38:44,941 [INFO] [20/121] 노들섬 (primary=KEY_4)
2026-08-18 02:38:45,922 [INFO] [21/121] 뚝섬한강공원 (primary=KEY_1)
2026-08-18 02:38:47,579 [INFO] [22/121] 망원한강공원 (primary=KEY_2)
2026-08-18 02:38:48,699 [INFO] [23/121] 반포한강공원 (primary=KEY_3)
2026-08-18 02:38:49,687 [INFO] [24/121] 보라매공원 (primary=KEY_4)
2026-08-18 02:38:50,699 [INFO] [25/121] 북서울꿈의숲 (primary=KEY_1)
2026-08-18 02:38:51,809 [INFO] [26/121] 서대문독립공원 (primary=KEY_2)
2026-08-18 02:38:52,861 [INFO] [27/121] 서리풀공원·몽마르뜨공원 (primary=KEY_3)
2026-08-18 02:38:53,876 [INFO] [28/121] 서울대공원 (primary=KEY_4)
2026-08-18 02:38:54,838 [INFO] [29/121] 서울숲공원 (primary=KEY_1)
2026-08-18 02:38:55,970 [INFO] [30/121] 송현녹지광장 (primary=KEY_2)
2026-08-18 02:38:57,110 [INFO] [31/121] 아차산 (primary=KEY_3)
2026-08-18 02:38:58,103 [INFO] [32/121] 안양천 (primary=KEY_4)
2026-08-18 02:38:59,095 [INFO] [33/121] 양화한강공원 (primary=KEY_1)
2026-08-18 02:39:00,064 [INFO] [34/121] 어린이대공원 (primary=KEY_2)
2026-08-18 02:39:01,182 [INFO] [35/121] 여의도한강공원 (primary=KEY_3)
2026-08-18 02:39:02,296 [INFO] [36/121] 여의서로 (primary=KEY_4)
2026-08-18 02:39:03,426 [INFO] [37/121] 올림픽공원 (primary=KEY_1)
2026-08-18 02:39:05,253 [INFO] [38/121] 월드컵공원 (primary=KEY_2)
2026-08-18 02:39:06,530 [INFO] [39/121] 응봉산 (primary=KEY_3)
2026-08-18 02:39:07,636 [INFO] [40/121] 이촌한강공원 (primary=KEY_4)
2026-08-18 02:39:08,603 [INFO] [41/121] 잠실종합운동장 (primary=KEY_1)
2026-08-18 02:39:09,585 [INFO] [42/121] 잠실한강공원 (primary=KEY_2)
2026-08-18 02:39:10,571 [INFO] [43/121] 잠원한강공원 (primary=KEY_3)
2026-08-18 02:39:11,549 [INFO] [44/121] 청계산 (primary=KEY_4)
2026-08-18 02:39:12,529 [INFO] [45/121] 홍제폭포 (primary=KEY_1)
2026-08-18 02:39:13,513 [INFO] [46/121] 가락시장 (primary=KEY_2)
2026-08-18 02:39:14,652 [INFO] [47/121] 가로수길 (primary=KEY_3)
2026-08-18 02:39:15,802 [INFO] [48/121] 광장(전통)시장 (primary=KEY_4)
2026-08-18 02:39:16,797 [INFO] [49/121] 김포공항 (primary=KEY_1)
2026-08-18 02:39:18,070 [INFO] [50/121] 남대문시장 (primary=KEY_2)
2026-08-18 02:39:19,197 [INFO] [51/121] 노량진 (primary=KEY_3)
2026-08-18 02:39:20,346 [INFO] [52/121] 덕수궁길·정동길 (primary=KEY_4)
2026-08-18 02:39:21,492 [INFO] [53/121] 북창동 먹자골목 (primary=KEY_1)
2026-08-18 02:39:22,627 [INFO] [54/121] 북촌한옥마을 (primary=KEY_2)
2026-08-18 02:39:23,887 [INFO] [55/121] 서촌 (primary=KEY_3)
2026-08-18 02:39:25,011 [INFO] [56/121] 성수카페거리 (primary=KEY_4)
2026-08-18 02:39:26,326 [INFO] [57/121] 송리단길·호수단길 (primary=KEY_1)
2026-08-18 02:39:27,483 [INFO] [58/121] 신촌 스타광장 (primary=KEY_2)
2026-08-18 02:39:28,483 [INFO] [59/121] 압구정로데오거리 (primary=KEY_3)
2026-08-18 02:39:29,632 [INFO] [60/121] 여의도 (primary=KEY_4)
2026-08-18 02:39:31,407 [INFO] [61/121] 연남동 (primary=KEY_1)
2026-08-18 02:39:32,546 [INFO] [62/121] 영등포 타임스퀘어 (primary=KEY_2)
2026-08-18 02:39:33,667 [INFO] [63/121] 용리단길 (primary=KEY_3)
2026-08-18 02:39:34,683 [INFO] [64/121] 이태원 앤틱가구거리 (primary=KEY_4)
2026-08-18 02:39:35,687 [INFO] [65/121] 익선동 (primary=KEY_1)
2026-08-18 02:39:36,839 [INFO] [66/121] 인사동 (primary=KEY_2)
2026-08-18 02:39:38,146 [INFO] [67/121] 잠실롯데타워·석촌호수 (primary=KEY_3)
2026-08-18 02:39:39,602 [INFO] [68/121] 창동 신경제 중심지 (primary=KEY_4)
2026-08-18 02:39:41,047 [INFO] [69/121] 청담동 명품거리 (primary=KEY_1)
2026-08-18 02:39:42,202 [INFO] [70/121] 청량리 제기동 일대 전통시장 (primary=KEY_2)
2026-08-18 02:39:43,341 [INFO] [71/121] 해방촌·경리단길 (primary=KEY_3)
2026-08-18 02:39:45,180 [INFO] [72/121] DDP(동대문디자인플라자) (primary=KEY_4)
2026-08-18 02:39:46,324 [INFO] [73/121] DMC(디지털미디어시티) (primary=KEY_1)
2026-08-18 02:39:47,800 [INFO] [74/121] 가산디지털단지역 (primary=KEY_2)
2026-08-18 02:39:49,363 [INFO] [75/121] 강남역 (primary=KEY_3)
2026-08-18 02:39:50,662 [INFO] [76/121] 건대입구역 (primary=KEY_4)
2026-08-18 02:39:51,818 [INFO] [77/121] 고덕역 (primary=KEY_1)
2026-08-18 02:39:52,963 [INFO] [78/121] 고속터미널역 (primary=KEY_2)
2026-08-18 02:39:54,132 [INFO] [79/121] 교대역 (primary=KEY_3)
2026-08-18 02:39:55,151 [INFO] [80/121] 구로디지털단지역 (primary=KEY_4)
2026-08-18 02:39:56,546 [INFO] [81/121] 구로역 (primary=KEY_1)
2026-08-18 02:39:57,672 [INFO] [82/121] 군자역 (primary=KEY_2)
2026-08-18 02:39:58,684 [INFO] [83/121] 대림역 (primary=KEY_3)
2026-08-18 02:39:59,828 [INFO] [84/121] 동대문역 (primary=KEY_4)
2026-08-18 02:40:00,970 [INFO] [85/121] 뚝섬역 (primary=KEY_1)
2026-08-18 02:40:02,087 [INFO] [86/121] 미아사거리역 (primary=KEY_2)
2026-08-18 02:40:03,215 [INFO] [87/121] 발산역 (primary=KEY_3)
2026-08-18 02:40:04,634 [INFO] [88/121] 사당역 (primary=KEY_4)
2026-08-18 02:40:05,767 [INFO] [89/121] 삼각지역 (primary=KEY_1)
2026-08-18 02:40:06,767 [INFO] [90/121] 서울대입구역 (primary=KEY_2)
2026-08-18 02:40:07,881 [INFO] [91/121] 서울식물원·마곡나루역 (primary=KEY_3)
2026-08-18 02:40:09,137 [INFO] [92/121] 서울역 (primary=KEY_4)
2026-08-18 02:40:10,326 [INFO] [93/121] 선릉역 (primary=KEY_1)
2026-08-18 02:40:11,746 [INFO] [94/121] 성신여대입구역 (primary=KEY_2)
2026-08-18 02:40:12,735 [INFO] [95/121] 수유역 (primary=KEY_3)
2026-08-18 02:40:13,855 [INFO] [96/121] 숭례문 (primary=KEY_4)
2026-08-18 02:40:15,111 [INFO] [97/121] 시의회 앞 (primary=KEY_1)
2026-08-18 02:40:16,239 [INFO] [98/121] 신논현역·논현역 (primary=KEY_2)
2026-08-18 02:40:17,380 [INFO] [99/121] 신도림역 (primary=KEY_3)
2026-08-18 02:40:18,369 [INFO] [100/121] 신림역 (primary=KEY_4)
2026-08-18 02:40:19,375 [INFO] [101/121] 신정네거리역 (primary=KEY_1)
2026-08-18 02:40:20,503 [INFO] [102/121] 신촌·이대역 (primary=KEY_2)
2026-08-18 02:40:21,624 [INFO] [103/121] 쌍문역 (primary=KEY_3)
2026-08-18 02:40:22,745 [INFO] [104/121] 양재역 (primary=KEY_4)
2026-08-18 02:40:23,887 [INFO] [105/121] 역삼역 (primary=KEY_1)
2026-08-18 02:40:25,141 [INFO] [106/121] 연신내역 (primary=KEY_2)
2026-08-18 02:40:26,152 [INFO] [107/121] 오목교역·목동운동장 (primary=KEY_3)
2026-08-18 02:40:27,715 [INFO] [108/121] 왕십리역 (primary=KEY_4)
2026-08-18 02:40:28,855 [INFO] [109/121] 용산역 (primary=KEY_1)
2026-08-18 02:40:30,112 [INFO] [110/121] 이태원역 (primary=KEY_2)
2026-08-18 02:40:31,106 [INFO] [111/121] 잠실새내역 (primary=KEY_3)
2026-08-18 02:40:32,228 [INFO] [112/121] 잠실역 (primary=KEY_4)
2026-08-18 02:40:33,567 [INFO] [113/121] 장지역 (primary=KEY_1)
2026-08-18 02:40:34,832 [INFO] [114/121] 장한평역 (primary=KEY_2)
2026-08-18 02:40:35,965 [INFO] [115/121] 천호역 (primary=KEY_3)
2026-08-18 02:40:37,115 [INFO] [116/121] 총신대입구(이수)역 (primary=KEY_4)
2026-08-18 02:40:38,237 [INFO] [117/121] 충정로역 (primary=KEY_1)
2026-08-18 02:40:39,377 [INFO] [118/121] 합정역 (primary=KEY_2)
2026-08-18 02:40:40,516 [INFO] [119/121] 혜화역 (primary=KEY_3)
2026-08-18 02:40:41,637 [INFO] [120/121] 홍대입구역(2호선) (primary=KEY_4)
2026-08-18 02:40:42,770 [INFO] [121/121] 회기역 (primary=KEY_1)
2026-08-18 02:40:44,766 [INFO] === 수집 완료 | 성공 121, 실패 0 ===
2026-08-18 02:40:44,766 [INFO] 카테고리별 저장 결과:
2026-08-18 02:40:44,766 [INFO]    accident                  | 신규     2행 | 누적      7행 | 16컬럼
2026-08-18 02:40:44,766 [INFO]    area_meta                 | 신규   121행 | 누적    363행 | 5컬럼
2026-08-18 02:40:44,766 [INFO]    bike                      | 신규    11행 | 누적     33행 | 12컬럼
2026-08-18 02:40:44,766 [INFO]    bike_sbike_stts           | 신규   567행 | 누적   1701행 | 12컬럼
2026-08-18 02:40:44,766 [INFO]    bus                       | 신규     3행 | 누적      9행 | 11컬럼
2026-08-18 02:40:44,766 [INFO]    bus_bus_stn_stts          | 신규  1745행 | 누적   5235행 | 11컬럼
2026-08-18 02:40:44,766 [INFO]    charger                   | 신규     4행 | 누적     12행 | 15컬럼
2026-08-18 02:40:44,767 [INFO]    charger_charger_stts      | 신규  1928행 | 누적   5745행 | 15컬럼
2026-08-18 02:40:44,767 [INFO]    cmrcl                     | 신규    82행 | 누적    246행 | 20컬럼
2026-08-18 02:40:44,767 [INFO]    events                    | 신규    11행 | 누적     33행 | 14컬럼
2026-08-18 02:40:44,767 [INFO]    events_event_stts         | 신규   135행 | 누적    405행 | 14컬럼
2026-08-18 02:40:44,767 [INFO]    parking                   | 신규     6행 | 누적     18행 | 21컬럼
2026-08-18 02:40:44,767 [INFO]    parking_prk_stts          | 신규  1834행 | 누적   5502행 | 21컬럼
2026-08-18 02:40:44,767 [INFO]    ppltn                     | 신규   121행 | 누적    363행 | 26컬럼
2026-08-18 02:40:44,767 [INFO]    road                      | 신규   121행 | 누적    363행 | 21컬럼
2026-08-18 02:40:44,767 [INFO]    road_road_traffic_stts    | 신규  5292행 | 누적  15876행 | 17컬럼
2026-08-18 02:40:44,767 [INFO]    subway                    | 신규    38행 | 누적    114행 | 13컬럼
2026-08-18 02:40:44,767 [INFO]    subway_sub_stts           | 신규   183행 | 누적    549행 | 13컬럼
2026-08-18 02:40:44,767 [INFO]    weather                   | 신규   119행 | 누적    357행 | 29컬럼
2026-08-18 02:40:44,767 [INFO] 키별 사용량:
2026-08-18 02:40:44,767 [INFO]    🟢 KEY_1 (31/1000) 
2026-08-18 02:40:44,768 [INFO]    🟢 KEY_2 (30/1000) 
2026-08-18 02:40:44,768 [INFO]    🟢 KEY_3 (30/1000) 
2026-08-18 02:40:44,768 [INFO]    🟢 KEY_4 (30/1000) 
2026-08-18 03:54:20,428 [INFO] 등록된 키: 4개, 합산 한도 4,000건/일
2026-08-18 03:54:20,429 [INFO] POI 로드: 매뉴얼 v8.5 기준 fallback 121개 (121개 전체)
2026-08-18 03:54:20,429 [INFO] === 수집 시작 2026-08-18T03:54:20.429569+09:00 ===
2026-08-18 03:54:20,429 [INFO] 대상 장소: 121개 | API: citydata (통합)
2026-08-18 03:54:20,429 [INFO] 키 풀: 4/4 활성 | 오늘 사용 0/4000건
2026-08-18 03:54:20,429 [INFO]   [KEY_1] 담당 31장소
2026-08-18 03:54:20,429 [INFO]   [KEY_2] 담당 30장소
2026-08-18 03:54:20,429 [INFO]   [KEY_3] 담당 30장소
2026-08-18 03:54:20,430 [INFO]   [KEY_4] 담당 30장소
2026-08-18 03:54:20,430 [INFO] [1/121] 경복궁 (primary=KEY_1)
2026-08-18 03:54:22,392 [INFO] [2/121] 광화문·덕수궁 (primary=KEY_2)
2026-08-18 03:54:24,870 [INFO] [3/121] 보신각 (primary=KEY_3)
2026-08-18 03:54:26,210 [INFO] [4/121] 서울 암사동 유적 (primary=KEY_4)
2026-08-18 03:54:28,482 [INFO] [5/121] 창덕궁·종묘 (primary=KEY_1)
2026-08-18 03:54:29,822 [INFO] [6/121] 강남 MICE 관광특구 (primary=KEY_2)
2026-08-18 03:54:32,144 [INFO] [7/121] 동대문 관광특구 (primary=KEY_3)
2026-08-18 03:54:34,310 [INFO] [8/121] 명동 관광특구 (primary=KEY_4)
2026-08-18 03:54:36,298 [INFO] [9/121] 이태원 관광특구 (primary=KEY_1)
2026-08-18 03:54:37,655 [INFO] [10/121] 잠실 관광특구 (primary=KEY_2)
2026-08-18 03:54:40,208 [INFO] [11/121] 종로·청계 관광특구 (primary=KEY_3)
2026-08-18 03:54:41,798 [INFO] [12/121] 홍대 관광특구 (primary=KEY_4)
2026-08-18 03:54:43,392 [INFO] [13/121] 강서한강공원 (primary=KEY_1)
2026-08-18 03:54:44,712 [INFO] [14/121] 고척돔 (primary=KEY_2)
2026-08-18 03:54:46,609 [INFO] [15/121] 광나루한강공원 (primary=KEY_3)
2026-08-18 03:54:47,927 [INFO] [16/121] 광화문광장 (primary=KEY_4)
2026-08-18 03:54:49,306 [INFO] [17/121] 국립중앙박물관·용산가족공원 (primary=KEY_1)
2026-08-18 03:54:51,034 [INFO] [18/121] 난지한강공원 (primary=KEY_2)
2026-08-18 03:54:52,767 [INFO] [19/121] 남산공원 (primary=KEY_3)
2026-08-18 03:54:54,345 [INFO] [20/121] 노들섬 (primary=KEY_4)
2026-08-18 03:54:56,141 [INFO] [21/121] 뚝섬한강공원 (primary=KEY_1)
2026-08-18 03:54:57,287 [INFO] [22/121] 망원한강공원 (primary=KEY_2)
2026-08-18 03:54:58,634 [INFO] [23/121] 반포한강공원 (primary=KEY_3)
2026-08-18 03:54:59,775 [INFO] [24/121] 보라매공원 (primary=KEY_4)
2026-08-18 03:55:00,986 [INFO] [25/121] 북서울꿈의숲 (primary=KEY_1)
2026-08-18 03:55:02,318 [INFO] [26/121] 서대문독립공원 (primary=KEY_2)
2026-08-18 03:55:04,636 [INFO] [27/121] 서리풀공원·몽마르뜨공원 (primary=KEY_3)
2026-08-18 03:55:05,792 [INFO] [28/121] 서울대공원 (primary=KEY_4)
2026-08-18 03:55:06,921 [INFO] [29/121] 서울숲공원 (primary=KEY_1)
2026-08-18 03:55:08,247 [INFO] [30/121] 송현녹지광장 (primary=KEY_2)
2026-08-18 03:55:09,571 [INFO] [31/121] 아차산 (primary=KEY_3)
2026-08-18 03:55:10,701 [INFO] [32/121] 안양천 (primary=KEY_4)
2026-08-18 03:55:12,586 [INFO] [33/121] 양화한강공원 (primary=KEY_1)
2026-08-18 03:55:14,288 [INFO] [34/121] 어린이대공원 (primary=KEY_2)
2026-08-18 03:55:15,612 [INFO] [35/121] 여의도한강공원 (primary=KEY_3)
2026-08-18 03:55:17,513 [INFO] [36/121] 여의서로 (primary=KEY_4)
2026-08-18 03:55:18,820 [INFO] [37/121] 올림픽공원 (primary=KEY_1)
2026-08-18 03:55:20,185 [INFO] [38/121] 월드컵공원 (primary=KEY_2)
2026-08-18 03:55:21,705 [INFO] [39/121] 응봉산 (primary=KEY_3)
2026-08-18 03:55:23,017 [INFO] [40/121] 이촌한강공원 (primary=KEY_4)
2026-08-18 03:55:24,145 [INFO] [41/121] 잠실종합운동장 (primary=KEY_1)
2026-08-18 03:55:25,281 [INFO] [42/121] 잠실한강공원 (primary=KEY_2)
2026-08-18 03:55:26,422 [INFO] [43/121] 잠원한강공원 (primary=KEY_3)
2026-08-18 03:55:27,555 [INFO] [44/121] 청계산 (primary=KEY_4)
2026-08-18 03:55:29,796 [INFO] [45/121] 홍제폭포 (primary=KEY_1)
2026-08-18 03:55:30,926 [INFO] [46/121] 가락시장 (primary=KEY_2)
2026-08-18 03:55:32,849 [INFO] [47/121] 가로수길 (primary=KEY_3)
2026-08-18 03:55:34,210 [INFO] [48/121] 광장(전통)시장 (primary=KEY_4)
2026-08-18 03:55:35,365 [INFO] [49/121] 김포공항 (primary=KEY_1)
2026-08-18 03:55:36,899 [INFO] [50/121] 남대문시장 (primary=KEY_2)
2026-08-18 03:55:38,894 [INFO] [51/121] 노량진 (primary=KEY_3)
2026-08-18 03:55:40,998 [INFO] [52/121] 덕수궁길·정동길 (primary=KEY_4)
2026-08-18 03:55:42,364 [INFO] [53/121] 북창동 먹자골목 (primary=KEY_1)
2026-08-18 03:55:43,671 [INFO] [54/121] 북촌한옥마을 (primary=KEY_2)
2026-08-18 03:55:45,970 [INFO] [55/121] 서촌 (primary=KEY_3)
2026-08-18 03:55:47,305 [INFO] [56/121] 성수카페거리 (primary=KEY_4)
2026-08-18 03:55:48,853 [INFO] [57/121] 송리단길·호수단길 (primary=KEY_1)
2026-08-18 03:55:50,211 [INFO] [58/121] 신촌 스타광장 (primary=KEY_2)
2026-08-18 03:55:51,367 [INFO] [59/121] 압구정로데오거리 (primary=KEY_3)
2026-08-18 03:55:52,705 [INFO] [60/121] 여의도 (primary=KEY_4)
2026-08-18 03:55:55,568 [INFO] [61/121] 연남동 (primary=KEY_1)
2026-08-18 03:55:56,904 [INFO] [62/121] 영등포 타임스퀘어 (primary=KEY_2)
2026-08-18 03:55:58,233 [INFO] [63/121] 용리단길 (primary=KEY_3)
2026-08-18 03:55:59,413 [INFO] [64/121] 이태원 앤틱가구거리 (primary=KEY_4)
2026-08-18 03:56:01,517 [INFO] [65/121] 익선동 (primary=KEY_1)
2026-08-18 03:56:02,917 [INFO] [66/121] 인사동 (primary=KEY_2)
2026-08-18 03:56:04,438 [INFO] [67/121] 잠실롯데타워·석촌호수 (primary=KEY_3)
2026-08-18 03:56:06,182 [INFO] [68/121] 창동 신경제 중심지 (primary=KEY_4)
2026-08-18 03:56:07,902 [INFO] [69/121] 청담동 명품거리 (primary=KEY_1)
2026-08-18 03:56:09,236 [INFO] [70/121] 청량리 제기동 일대 전통시장 (primary=KEY_2)
2026-08-18 03:56:10,573 [INFO] [71/121] 해방촌·경리단길 (primary=KEY_3)
2026-08-18 03:56:11,714 [INFO] [72/121] DDP(동대문디자인플라자) (primary=KEY_4)
2026-08-18 03:56:13,088 [INFO] [73/121] DMC(디지털미디어시티) (primary=KEY_1)
2026-08-18 03:56:14,822 [INFO] [74/121] 가산디지털단지역 (primary=KEY_2)
2026-08-18 03:56:16,724 [INFO] [75/121] 강남역 (primary=KEY_3)
2026-08-18 03:56:18,284 [INFO] [76/121] 건대입구역 (primary=KEY_4)
2026-08-18 03:56:19,632 [INFO] [77/121] 고덕역 (primary=KEY_1)
2026-08-18 03:56:20,987 [INFO] [78/121] 고속터미널역 (primary=KEY_2)
2026-08-18 03:56:22,348 [INFO] [79/121] 교대역 (primary=KEY_3)
2026-08-18 03:56:23,509 [INFO] [80/121] 구로디지털단지역 (primary=KEY_4)
2026-08-18 03:56:25,225 [INFO] [81/121] 구로역 (primary=KEY_1)
2026-08-18 03:56:26,551 [INFO] [82/121] 군자역 (primary=KEY_2)
2026-08-18 03:56:27,713 [INFO] [83/121] 대림역 (primary=KEY_3)
2026-08-18 03:56:29,056 [INFO] [84/121] 동대문역 (primary=KEY_4)
2026-08-18 03:56:30,383 [INFO] [85/121] 뚝섬역 (primary=KEY_1)
2026-08-18 03:56:31,719 [INFO] [86/121] 미아사거리역 (primary=KEY_2)
2026-08-18 03:56:33,064 [INFO] [87/121] 발산역 (primary=KEY_3)
2026-08-18 03:56:34,791 [INFO] [88/121] 사당역 (primary=KEY_4)
2026-08-18 03:56:36,134 [INFO] [89/121] 삼각지역 (primary=KEY_1)
2026-08-18 03:56:37,287 [INFO] [90/121] 서울대입구역 (primary=KEY_2)
2026-08-18 03:56:38,640 [INFO] [91/121] 서울식물원·마곡나루역 (primary=KEY_3)
2026-08-18 03:56:40,188 [INFO] [92/121] 서울역 (primary=KEY_4)
2026-08-18 03:56:41,560 [INFO] [93/121] 선릉역 (primary=KEY_1)
2026-08-18 03:56:43,294 [INFO] [94/121] 성신여대입구역 (primary=KEY_2)
2026-08-18 03:56:44,447 [INFO] [95/121] 수유역 (primary=KEY_3)
2026-08-18 03:56:45,793 [INFO] [96/121] 숭례문 (primary=KEY_4)
2026-08-18 03:56:47,333 [INFO] [97/121] 시의회 앞 (primary=KEY_1)
2026-08-18 03:56:48,703 [INFO] [98/121] 신논현역·논현역 (primary=KEY_2)
2026-08-18 03:56:50,094 [INFO] [99/121] 신도림역 (primary=KEY_3)
2026-08-18 03:56:52,002 [INFO] [100/121] 신림역 (primary=KEY_4)
2026-08-18 03:56:53,179 [INFO] [101/121] 신정네거리역 (primary=KEY_1)
2026-08-18 03:56:54,517 [INFO] [102/121] 신촌·이대역 (primary=KEY_2)
2026-08-18 03:56:55,874 [INFO] [103/121] 쌍문역 (primary=KEY_3)
2026-08-18 03:56:57,226 [INFO] [104/121] 양재역 (primary=KEY_4)
2026-08-18 03:56:58,597 [INFO] [105/121] 역삼역 (primary=KEY_1)
2026-08-18 03:57:00,123 [INFO] [106/121] 연신내역 (primary=KEY_2)
2026-08-18 03:57:01,288 [INFO] [107/121] 오목교역·목동운동장 (primary=KEY_3)
2026-08-18 03:57:03,231 [INFO] [108/121] 왕십리역 (primary=KEY_4)
2026-08-18 03:57:04,597 [INFO] [109/121] 용산역 (primary=KEY_1)
2026-08-18 03:57:06,125 [INFO] [110/121] 이태원역 (primary=KEY_2)
2026-08-18 03:57:07,270 [INFO] [111/121] 잠실새내역 (primary=KEY_3)
2026-08-18 03:57:08,592 [INFO] [112/121] 잠실역 (primary=KEY_4)
2026-08-18 03:57:10,179 [INFO] [113/121] 장지역 (primary=KEY_1)
2026-08-18 03:57:12,466 [INFO] [114/121] 장한평역 (primary=KEY_2)
2026-08-18 03:57:13,822 [INFO] [115/121] 천호역 (primary=KEY_3)
2026-08-18 03:57:15,170 [INFO] [116/121] 총신대입구(이수)역 (primary=KEY_4)
2026-08-18 03:57:16,504 [INFO] [117/121] 충정로역 (primary=KEY_1)
2026-08-18 03:57:17,862 [INFO] [118/121] 합정역 (primary=KEY_2)
2026-08-18 03:57:19,206 [INFO] [119/121] 혜화역 (primary=KEY_3)
2026-08-18 03:57:20,527 [INFO] [120/121] 홍대입구역(2호선) (primary=KEY_4)
2026-08-18 03:57:21,874 [INFO] [121/121] 회기역 (primary=KEY_1)
2026-08-18 03:57:24,134 [INFO] === 수집 완료 | 성공 121, 실패 0 ===
2026-08-18 03:57:24,135 [INFO] 카테고리별 저장 결과:
2026-08-18 03:57:24,135 [INFO]    area_meta                 | 신규   121행 | 누적    484행 | 5컬럼
2026-08-18 03:57:24,135 [INFO]    bike                      | 신규    11행 | 누적     44행 | 12컬럼
2026-08-18 03:57:24,135 [INFO]    bike_sbike_stts           | 신규   567행 | 누적   2268행 | 12컬럼
2026-08-18 03:57:24,135 [INFO]    bus                       | 신규     3행 | 누적     12행 | 11컬럼
2026-08-18 03:57:24,135 [INFO]    bus_bus_stn_stts          | 신규  1745행 | 누적   6980행 | 11컬럼
2026-08-18 03:57:24,135 [INFO]    charger                   | 신규     4행 | 누적     16행 | 15컬럼
2026-08-18 03:57:24,135 [INFO]    charger_charger_stts      | 신규  1928행 | 누적   7660행 | 15컬럼
2026-08-18 03:57:24,135 [INFO]    cmrcl                     | 신규    82행 | 누적    328행 | 20컬럼
2026-08-18 03:57:24,135 [INFO]    events                    | 신규    11행 | 누적     44행 | 14컬럼
2026-08-18 03:57:24,135 [INFO]    events_event_stts         | 신규   135행 | 누적    540행 | 14컬럼
2026-08-18 03:57:24,135 [INFO]    parking                   | 신규     6행 | 누적     24행 | 21컬럼
2026-08-18 03:57:24,135 [INFO]    parking_prk_stts          | 신규  1834행 | 누적   7336행 | 21컬럼
2026-08-18 03:57:24,135 [INFO]    ppltn                     | 신규   121행 | 누적    484행 | 26컬럼
2026-08-18 03:57:24,135 [INFO]    road                      | 신규   121행 | 누적    484행 | 21컬럼
2026-08-18 03:57:24,135 [INFO]    road_road_traffic_stts    | 신규  5292행 | 누적  21168행 | 17컬럼
2026-08-18 03:57:24,135 [INFO]    subway                    | 신규    38행 | 누적    152행 | 13컬럼
2026-08-18 03:57:24,135 [INFO]    subway_sub_stts           | 신규   183행 | 누적    732행 | 13컬럼
2026-08-18 03:57:24,135 [INFO]    weather                   | 신규   119행 | 누적    476행 | 29컬럼
2026-08-18 03:57:24,135 [INFO] 키별 사용량:
2026-08-18 03:57:24,135 [INFO]    🟢 KEY_1 (31/1000) 
2026-08-18 03:57:24,135 [INFO]    🟢 KEY_2 (30/1000) 
2026-08-18 03:57:24,135 [INFO]    🟢 KEY_3 (30/1000) 
2026-08-18 03:57:24,135 [INFO]    🟢 KEY_4 (30/1000) 
2026-08-18 04:37:15,179 [INFO] 등록된 키: 4개, 합산 한도 4,000건/일
2026-08-18 04:37:15,180 [INFO] POI 로드: 매뉴얼 v8.5 기준 fallback 121개 (121개 전체)
2026-08-18 04:37:15,180 [INFO] === 수집 시작 2026-08-18T04:37:15.180123+09:00 ===
2026-08-18 04:37:15,180 [INFO] 대상 장소: 121개 | API: citydata (통합)
2026-08-18 04:37:15,180 [INFO] 키 풀: 4/4 활성 | 오늘 사용 0/4000건
2026-08-18 04:37:15,180 [INFO]   [KEY_1] 담당 31장소
2026-08-18 04:37:15,180 [INFO]   [KEY_2] 담당 30장소
2026-08-18 04:37:15,180 [INFO]   [KEY_3] 담당 30장소
2026-08-18 04:37:15,180 [INFO]   [KEY_4] 담당 30장소
2026-08-18 04:37:15,180 [INFO] [1/121] 경복궁 (primary=KEY_1)
2026-08-18 04:37:17,471 [INFO] [2/121] 광화문·덕수궁 (primary=KEY_2)
2026-08-18 04:37:20,007 [INFO] [3/121] 보신각 (primary=KEY_3)
2026-08-18 04:37:22,101 [INFO] [4/121] 서울 암사동 유적 (primary=KEY_4)
2026-08-18 04:37:23,975 [INFO] [5/121] 창덕궁·종묘 (primary=KEY_1)
2026-08-18 04:37:26,241 [INFO] [6/121] 강남 MICE 관광특구 (primary=KEY_2)
2026-08-18 04:37:28,378 [INFO] [7/121] 동대문 관광특구 (primary=KEY_3)
2026-08-18 04:37:30,725 [INFO] [8/121] 명동 관광특구 (primary=KEY_4)
2026-08-18 04:37:33,635 [INFO] [9/121] 이태원 관광특구 (primary=KEY_1)
2026-08-18 04:37:35,943 [INFO] [10/121] 잠실 관광특구 (primary=KEY_2)
2026-08-18 04:37:38,645 [INFO] [11/121] 종로·청계 관광특구 (primary=KEY_3)
2026-08-18 04:37:40,994 [INFO] [12/121] 홍대 관광특구 (primary=KEY_4)
2026-08-18 04:37:43,682 [INFO] [13/121] 강서한강공원 (primary=KEY_1)
2026-08-18 04:37:45,569 [INFO] [14/121] 고척돔 (primary=KEY_2)
2026-08-18 04:37:46,705 [INFO] [15/121] 광나루한강공원 (primary=KEY_3)
2026-08-18 04:37:48,031 [INFO] [16/121] 광화문광장 (primary=KEY_4)
2026-08-18 04:37:49,555 [INFO] [17/121] 국립중앙박물관·용산가족공원 (primary=KEY_1)
2026-08-18 04:37:51,656 [INFO] [18/121] 난지한강공원 (primary=KEY_2)
2026-08-18 04:37:52,785 [INFO] [19/121] 남산공원 (primary=KEY_3)
2026-08-18 04:37:55,455 [INFO] [20/121] 노들섬 (primary=KEY_4)
2026-08-18 04:37:56,582 [INFO] [21/121] 뚝섬한강공원 (primary=KEY_1)
2026-08-18 04:37:57,738 [INFO] [22/121] 망원한강공원 (primary=KEY_2)
2026-08-18 04:37:59,070 [INFO] [23/121] 반포한강공원 (primary=KEY_3)
2026-08-18 04:38:01,136 [INFO] [24/121] 보라매공원 (primary=KEY_4)
2026-08-18 04:38:03,060 [INFO] [25/121] 북서울꿈의숲 (primary=KEY_1)
2026-08-18 04:38:04,408 [INFO] [26/121] 서대문독립공원 (primary=KEY_2)
2026-08-18 04:38:05,553 [INFO] [27/121] 서리풀공원·몽마르뜨공원 (primary=KEY_3)
2026-08-18 04:38:06,718 [INFO] [28/121] 서울대공원 (primary=KEY_4)
2026-08-18 04:38:08,435 [INFO] [29/121] 서울숲공원 (primary=KEY_1)
2026-08-18 04:38:09,793 [INFO] [30/121] 송현녹지광장 (primary=KEY_2)
2026-08-18 04:38:11,126 [INFO] [31/121] 아차산 (primary=KEY_3)
2026-08-18 04:38:12,268 [INFO] [32/121] 안양천 (primary=KEY_4)
2026-08-18 04:38:13,975 [INFO] [33/121] 양화한강공원 (primary=KEY_1)
2026-08-18 04:38:15,102 [INFO] [34/121] 어린이대공원 (primary=KEY_2)
2026-08-18 04:38:17,560 [INFO] [35/121] 여의도한강공원 (primary=KEY_3)
2026-08-18 04:38:19,684 [INFO] [36/121] 여의서로 (primary=KEY_4)
2026-08-18 04:38:20,988 [INFO] [37/121] 올림픽공원 (primary=KEY_1)
2026-08-18 04:38:22,910 [INFO] [38/121] 월드컵공원 (primary=KEY_2)
2026-08-18 04:38:24,476 [INFO] [39/121] 응봉산 (primary=KEY_3)
2026-08-18 04:38:26,375 [INFO] [40/121] 이촌한강공원 (primary=KEY_4)
2026-08-18 04:38:27,500 [INFO] [41/121] 잠실종합운동장 (primary=KEY_1)
2026-08-18 04:38:28,640 [INFO] [42/121] 잠실한강공원 (primary=KEY_2)
2026-08-18 04:38:30,537 [INFO] [43/121] 잠원한강공원 (primary=KEY_3)
2026-08-18 04:38:31,675 [INFO] [44/121] 청계산 (primary=KEY_4)
2026-08-18 04:38:32,806 [INFO] [45/121] 홍제폭포 (primary=KEY_1)
2026-08-18 04:38:33,921 [INFO] [46/121] 가락시장 (primary=KEY_2)
2026-08-18 04:38:35,276 [INFO] [47/121] 가로수길 (primary=KEY_3)
2026-08-18 04:38:36,623 [INFO] [48/121] 광장(전통)시장 (primary=KEY_4)
2026-08-18 04:38:37,790 [INFO] [49/121] 김포공항 (primary=KEY_1)
2026-08-18 04:38:39,351 [INFO] [50/121] 남대문시장 (primary=KEY_2)
2026-08-18 04:38:40,695 [INFO] [51/121] 노량진 (primary=KEY_3)
2026-08-18 04:38:42,043 [INFO] [52/121] 덕수궁길·정동길 (primary=KEY_4)
2026-08-18 04:38:43,411 [INFO] [53/121] 북창동 먹자골목 (primary=KEY_1)
2026-08-18 04:38:44,748 [INFO] [54/121] 북촌한옥마을 (primary=KEY_2)
2026-08-18 04:38:47,244 [INFO] [55/121] 서촌 (primary=KEY_3)
2026-08-18 04:38:49,333 [INFO] [56/121] 성수카페거리 (primary=KEY_4)
2026-08-18 04:38:50,897 [INFO] [57/121] 송리단길·호수단길 (primary=KEY_1)
2026-08-18 04:38:52,267 [INFO] [58/121] 신촌 스타광장 (primary=KEY_2)
2026-08-18 04:38:53,424 [INFO] [59/121] 압구정로데오거리 (primary=KEY_3)
2026-08-18 04:38:54,765 [INFO] [60/121] 여의도 (primary=KEY_4)
2026-08-18 04:38:57,492 [INFO] [61/121] 연남동 (primary=KEY_1)
2026-08-18 04:38:58,835 [INFO] [62/121] 영등포 타임스퀘어 (primary=KEY_2)
2026-08-18 04:39:00,177 [INFO] [63/121] 용리단길 (primary=KEY_3)
2026-08-18 04:39:01,340 [INFO] [64/121] 이태원 앤틱가구거리 (primary=KEY_4)
2026-08-18 04:39:02,497 [INFO] [65/121] 익선동 (primary=KEY_1)
2026-08-18 04:39:03,853 [INFO] [66/121] 인사동 (primary=KEY_2)
2026-08-18 04:39:05,400 [INFO] [67/121] 잠실롯데타워·석촌호수 (primary=KEY_3)
2026-08-18 04:39:07,159 [INFO] [68/121] 창동 신경제 중심지 (primary=KEY_4)
2026-08-18 04:39:08,891 [INFO] [69/121] 청담동 명품거리 (primary=KEY_1)
2026-08-18 04:39:10,230 [INFO] [70/121] 청량리 제기동 일대 전통시장 (primary=KEY_2)
2026-08-18 04:39:11,575 [INFO] [71/121] 해방촌·경리단길 (primary=KEY_3)
2026-08-18 04:39:12,740 [INFO] [72/121] DDP(동대문디자인플라자) (primary=KEY_4)
2026-08-18 04:39:14,113 [INFO] [73/121] DMC(디지털미디어시티) (primary=KEY_1)
2026-08-18 04:39:15,865 [INFO] [74/121] 가산디지털단지역 (primary=KEY_2)
2026-08-18 04:39:17,832 [INFO] [75/121] 강남역 (primary=KEY_3)
2026-08-18 04:39:19,394 [INFO] [76/121] 건대입구역 (primary=KEY_4)
2026-08-18 04:39:20,746 [INFO] [77/121] 고덕역 (primary=KEY_1)
2026-08-18 04:39:23,006 [INFO] [78/121] 고속터미널역 (primary=KEY_2)
2026-08-18 04:39:24,375 [INFO] [79/121] 교대역 (primary=KEY_3)
2026-08-18 04:39:25,550 [INFO] [80/121] 구로디지털단지역 (primary=KEY_4)
2026-08-18 04:39:27,268 [INFO] [81/121] 구로역 (primary=KEY_1)
2026-08-18 04:39:28,579 [INFO] [82/121] 군자역 (primary=KEY_2)
2026-08-18 04:39:29,747 [INFO] [83/121] 대림역 (primary=KEY_3)
2026-08-18 04:39:31,100 [INFO] [84/121] 동대문역 (primary=KEY_4)
2026-08-18 04:39:32,433 [INFO] [85/121] 뚝섬역 (primary=KEY_1)
2026-08-18 04:39:33,783 [INFO] [86/121] 미아사거리역 (primary=KEY_2)
2026-08-18 04:39:35,129 [INFO] [87/121] 발산역 (primary=KEY_3)
2026-08-18 04:39:36,852 [INFO] [88/121] 사당역 (primary=KEY_4)
2026-08-18 04:39:38,200 [INFO] [89/121] 삼각지역 (primary=KEY_1)
2026-08-18 04:39:39,341 [INFO] [90/121] 서울대입구역 (primary=KEY_2)
2026-08-18 04:39:40,675 [INFO] [91/121] 서울식물원·마곡나루역 (primary=KEY_3)
2026-08-18 04:39:42,199 [INFO] [92/121] 서울역 (primary=KEY_4)
2026-08-18 04:39:43,588 [INFO] [93/121] 선릉역 (primary=KEY_1)
2026-08-18 04:39:45,348 [INFO] [94/121] 성신여대입구역 (primary=KEY_2)
2026-08-18 04:39:46,518 [INFO] [95/121] 수유역 (primary=KEY_3)
2026-08-18 04:39:47,855 [INFO] [96/121] 숭례문 (primary=KEY_4)
2026-08-18 04:39:49,381 [INFO] [97/121] 시의회 앞 (primary=KEY_1)
2026-08-18 04:39:50,708 [INFO] [98/121] 신논현역·논현역 (primary=KEY_2)
2026-08-18 04:39:52,082 [INFO] [99/121] 신도림역 (primary=KEY_3)
2026-08-18 04:39:53,237 [INFO] [100/121] 신림역 (primary=KEY_4)
2026-08-18 04:39:54,395 [INFO] [101/121] 신정네거리역 (primary=KEY_1)
2026-08-18 04:39:55,732 [INFO] [102/121] 신촌·이대역 (primary=KEY_2)
2026-08-18 04:39:57,087 [INFO] [103/121] 쌍문역 (primary=KEY_3)
2026-08-18 04:39:58,426 [INFO] [104/121] 양재역 (primary=KEY_4)
2026-08-18 04:39:59,787 [INFO] [105/121] 역삼역 (primary=KEY_1)
2026-08-18 04:40:01,322 [INFO] [106/121] 연신내역 (primary=KEY_2)
2026-08-18 04:40:02,872 [INFO] [107/121] 오목교역·목동운동장 (primary=KEY_3)
2026-08-18 04:40:04,830 [INFO] [108/121] 왕십리역 (primary=KEY_4)
2026-08-18 04:40:06,214 [INFO] [109/121] 용산역 (primary=KEY_1)
2026-08-18 04:40:07,721 [INFO] [110/121] 이태원역 (primary=KEY_2)
2026-08-18 04:40:08,863 [INFO] [111/121] 잠실새내역 (primary=KEY_3)
2026-08-18 04:40:10,268 [INFO] [112/121] 잠실역 (primary=KEY_4)
2026-08-18 04:40:11,828 [INFO] [113/121] 장지역 (primary=KEY_1)
2026-08-18 04:40:13,335 [INFO] [114/121] 장한평역 (primary=KEY_2)
2026-08-18 04:40:14,654 [INFO] [115/121] 천호역 (primary=KEY_3)
2026-08-18 04:40:16,004 [INFO] [116/121] 총신대입구(이수)역 (primary=KEY_4)
2026-08-18 04:40:17,366 [INFO] [117/121] 충정로역 (primary=KEY_1)
2026-08-18 04:40:18,716 [INFO] [118/121] 합정역 (primary=KEY_2)
2026-08-18 04:40:20,061 [INFO] [119/121] 혜화역 (primary=KEY_3)
2026-08-18 04:40:21,386 [INFO] [120/121] 홍대입구역(2호선) (primary=KEY_4)
2026-08-18 04:40:22,721 [INFO] [121/121] 회기역 (primary=KEY_1)
2026-08-18 04:40:25,225 [INFO] === 수집 완료 | 성공 121, 실패 0 ===
2026-08-18 04:40:25,226 [INFO] 카테고리별 저장 결과:
2026-08-18 04:40:25,226 [INFO]    accident                  | 신규     2행 | 누적      9행 | 16컬럼
2026-08-18 04:40:25,226 [INFO]    area_meta                 | 신규   121행 | 누적    605행 | 5컬럼
2026-08-18 04:40:25,226 [INFO]    bike                      | 신규    11행 | 누적     55행 | 12컬럼
2026-08-18 04:40:25,226 [INFO]    bike_sbike_stts           | 신규   567행 | 누적   2835행 | 12컬럼
2026-08-18 04:40:25,226 [INFO]    bus                       | 신규     3행 | 누적     15행 | 11컬럼
2026-08-18 04:40:25,226 [INFO]    bus_bus_stn_stts          | 신규  1745행 | 누적   8725행 | 11컬럼
2026-08-18 04:40:25,226 [INFO]    charger                   | 신규     4행 | 누적     20행 | 15컬럼
2026-08-18 04:40:25,226 [INFO]    charger_charger_stts      | 신규  1928행 | 누적   9575행 | 15컬럼
2026-08-18 04:40:25,226 [INFO]    cmrcl                     | 신규    82행 | 누적    410행 | 20컬럼
2026-08-18 04:40:25,226 [INFO]    events                    | 신규    11행 | 누적     55행 | 14컬럼
2026-08-18 04:40:25,226 [INFO]    events_event_stts         | 신규   135행 | 누적    675행 | 14컬럼
2026-08-18 04:40:25,226 [INFO]    parking                   | 신규     6행 | 누적     30행 | 21컬럼
2026-08-18 04:40:25,226 [INFO]    parking_prk_stts          | 신규  1834행 | 누적   9170행 | 21컬럼
2026-08-18 04:40:25,226 [INFO]    ppltn                     | 신규   121행 | 누적    605행 | 26컬럼
2026-08-18 04:40:25,226 [INFO]    road                      | 신규   121행 | 누적    605행 | 21컬럼
2026-08-18 04:40:25,226 [INFO]    road_road_traffic_stts    | 신규  5292행 | 누적  26460행 | 17컬럼
2026-08-18 04:40:25,226 [INFO]    subway                    | 신규    38행 | 누적    190행 | 13컬럼
2026-08-18 04:40:25,226 [INFO]    subway_sub_stts           | 신규   183행 | 누적    915행 | 13컬럼
2026-08-18 04:40:25,226 [INFO]    weather                   | 신규   119행 | 누적    595행 | 29컬럼
2026-08-18 04:40:25,226 [INFO] 키별 사용량:
2026-08-18 04:40:25,227 [INFO]    🟢 KEY_1 (31/1000) 
2026-08-18 04:40:25,227 [INFO]    🟢 KEY_2 (30/1000) 
2026-08-18 04:40:25,227 [INFO]    🟢 KEY_3 (30/1000) 
2026-08-18 04:40:25,227 [INFO]    🟢 KEY_4 (30/1000) 
2026-08-18 05:38:29,159 [INFO] 등록된 키: 4개, 합산 한도 4,000건/일
2026-08-18 05:38:29,159 [INFO] POI 로드: 매뉴얼 v8.5 기준 fallback 121개 (121개 전체)
2026-08-18 05:38:29,159 [INFO] === 수집 시작 2026-08-18T05:38:29.159870+09:00 ===
2026-08-18 05:38:29,159 [INFO] 대상 장소: 121개 | API: citydata (통합)
2026-08-18 05:38:29,160 [INFO] 키 풀: 4/4 활성 | 오늘 사용 0/4000건
2026-08-18 05:38:29,160 [INFO]   [KEY_1] 담당 31장소
2026-08-18 05:38:29,160 [INFO]   [KEY_2] 담당 30장소
2026-08-18 05:38:29,160 [INFO]   [KEY_3] 담당 30장소
2026-08-18 05:38:29,160 [INFO]   [KEY_4] 담당 30장소
2026-08-18 05:38:29,160 [INFO] [1/121] 경복궁 (primary=KEY_1)
2026-08-18 05:38:31,428 [INFO] [2/121] 광화문·덕수궁 (primary=KEY_2)
2026-08-18 05:38:34,291 [INFO] [3/121] 보신각 (primary=KEY_3)
2026-08-18 05:38:36,295 [INFO] [4/121] 서울 암사동 유적 (primary=KEY_4)
2026-08-18 05:38:38,526 [INFO] [5/121] 창덕궁·종묘 (primary=KEY_1)
2026-08-18 05:38:39,859 [INFO] [6/121] 강남 MICE 관광특구 (primary=KEY_2)
2026-08-18 05:38:41,806 [INFO] [7/121] 동대문 관광특구 (primary=KEY_3)
2026-08-18 05:38:44,619 [INFO] [8/121] 명동 관광특구 (primary=KEY_4)
2026-08-18 05:38:47,566 [INFO] [9/121] 이태원 관광특구 (primary=KEY_1)
2026-08-18 05:38:48,961 [INFO] [10/121] 잠실 관광특구 (primary=KEY_2)
2026-08-18 05:38:50,795 [INFO] [11/121] 종로·청계 관광특구 (primary=KEY_3)
2026-08-18 05:38:53,170 [INFO] [12/121] 홍대 관광특구 (primary=KEY_4)
2026-08-18 05:38:54,805 [INFO] [13/121] 강서한강공원 (primary=KEY_1)
2026-08-18 05:38:55,933 [INFO] [14/121] 고척돔 (primary=KEY_2)
2026-08-18 05:38:57,640 [INFO] [15/121] 광나루한강공원 (primary=KEY_3)
2026-08-18 05:38:59,709 [INFO] [16/121] 광화문광장 (primary=KEY_4)
2026-08-18 05:39:01,859 [INFO] [17/121] 국립중앙박물관·용산가족공원 (primary=KEY_1)
2026-08-18 05:39:03,023 [INFO] [18/121] 난지한강공원 (primary=KEY_2)
2026-08-18 05:39:04,150 [INFO] [19/121] 남산공원 (primary=KEY_3)
2026-08-18 05:39:06,894 [INFO] [20/121] 노들섬 (primary=KEY_4)
2026-08-18 05:39:08,011 [INFO] [21/121] 뚝섬한강공원 (primary=KEY_1)
2026-08-18 05:39:09,736 [INFO] [22/121] 망원한강공원 (primary=KEY_2)
2026-08-18 05:39:11,198 [INFO] [23/121] 반포한강공원 (primary=KEY_3)
2026-08-18 05:39:12,980 [INFO] [24/121] 보라매공원 (primary=KEY_4)
2026-08-18 05:39:14,132 [INFO] [25/121] 북서울꿈의숲 (primary=KEY_1)
2026-08-18 05:39:16,588 [INFO] [26/121] 서대문독립공원 (primary=KEY_2)
2026-08-18 05:39:17,741 [INFO] [27/121] 서리풀공원·몽마르뜨공원 (primary=KEY_3)
2026-08-18 05:39:19,281 [INFO] [28/121] 서울대공원 (primary=KEY_4)
2026-08-18 05:39:20,406 [INFO] [29/121] 서울숲공원 (primary=KEY_1)
2026-08-18 05:39:21,719 [INFO] [30/121] 송현녹지광장 (primary=KEY_2)
2026-08-18 05:39:23,068 [INFO] [31/121] 아차산 (primary=KEY_3)
2026-08-18 05:39:24,192 [INFO] [32/121] 안양천 (primary=KEY_4)
2026-08-18 05:39:25,322 [INFO] [33/121] 양화한강공원 (primary=KEY_1)
2026-08-18 05:39:26,453 [INFO] [34/121] 어린이대공원 (primary=KEY_2)
2026-08-18 05:39:28,539 [INFO] [35/121] 여의도한강공원 (primary=KEY_3)
2026-08-18 05:39:29,877 [INFO] [36/121] 여의서로 (primary=KEY_4)
2026-08-18 05:39:31,201 [INFO] [37/121] 올림픽공원 (primary=KEY_1)
2026-08-18 05:39:32,785 [INFO] [38/121] 월드컵공원 (primary=KEY_2)
2026-08-18 05:39:34,411 [INFO] [39/121] 응봉산 (primary=KEY_3)
2026-08-18 05:39:35,747 [INFO] [40/121] 이촌한강공원 (primary=KEY_4)
2026-08-18 05:39:36,871 [INFO] [41/121] 잠실종합운동장 (primary=KEY_1)
2026-08-18 05:39:38,778 [INFO] [42/121] 잠실한강공원 (primary=KEY_2)
2026-08-18 05:39:39,935 [INFO] [43/121] 잠원한강공원 (primary=KEY_3)
2026-08-18 05:39:42,187 [INFO] [44/121] 청계산 (primary=KEY_4)
2026-08-18 05:39:43,321 [INFO] [45/121] 홍제폭포 (primary=KEY_1)
2026-08-18 05:39:44,446 [INFO] [46/121] 가락시장 (primary=KEY_2)
2026-08-18 05:39:45,817 [INFO] [47/121] 가로수길 (primary=KEY_3)
2026-08-18 05:39:48,113 [INFO] [48/121] 광장(전통)시장 (primary=KEY_4)
2026-08-18 05:39:49,262 [INFO] [49/121] 김포공항 (primary=KEY_1)
2026-08-18 05:39:51,970 [INFO] [50/121] 남대문시장 (primary=KEY_2)
2026-08-18 05:39:53,310 [INFO] [51/121] 노량진 (primary=KEY_3)
2026-08-18 05:39:54,647 [INFO] [52/121] 덕수궁길·정동길 (primary=KEY_4)
2026-08-18 05:39:55,992 [INFO] [53/121] 북창동 먹자골목 (primary=KEY_1)
2026-08-18 05:39:57,310 [INFO] [54/121] 북촌한옥마을 (primary=KEY_2)
2026-08-18 05:39:58,831 [INFO] [55/121] 서촌 (primary=KEY_3)
2026-08-18 05:40:00,883 [INFO] [56/121] 성수카페거리 (primary=KEY_4)
2026-08-18 05:40:02,407 [INFO] [57/121] 송리단길·호수단길 (primary=KEY_1)
2026-08-18 05:40:03,769 [INFO] [58/121] 신촌 스타광장 (primary=KEY_2)
2026-08-18 05:40:05,119 [INFO] [59/121] 압구정로데오거리 (primary=KEY_3)
2026-08-18 05:40:07,220 [INFO] [60/121] 여의도 (primary=KEY_4)
2026-08-18 05:40:09,465 [INFO] [61/121] 연남동 (primary=KEY_1)
2026-08-18 05:40:10,784 [INFO] [62/121] 영등포 타임스퀘어 (primary=KEY_2)
2026-08-18 05:40:13,218 [INFO] [63/121] 용리단길 (primary=KEY_3)
2026-08-18 05:40:14,394 [INFO] [64/121] 이태원 앤틱가구거리 (primary=KEY_4)
2026-08-18 05:40:15,720 [INFO] [65/121] 익선동 (primary=KEY_1)
2026-08-18 05:40:17,736 [INFO] [66/121] 인사동 (primary=KEY_2)
2026-08-18 05:40:19,250 [INFO] [67/121] 잠실롯데타워·석촌호수 (primary=KEY_3)
2026-08-18 05:40:20,979 [INFO] [68/121] 창동 신경제 중심지 (primary=KEY_4)
2026-08-18 05:40:22,718 [INFO] [69/121] 청담동 명품거리 (primary=KEY_1)
2026-08-18 05:40:24,042 [INFO] [70/121] 청량리 제기동 일대 전통시장 (primary=KEY_2)
2026-08-18 05:40:25,428 [INFO] [71/121] 해방촌·경리단길 (primary=KEY_3)
2026-08-18 05:40:26,568 [INFO] [72/121] DDP(동대문디자인플라자) (primary=KEY_4)
2026-08-18 05:40:27,925 [INFO] [73/121] DMC(디지털미디어시티) (primary=KEY_1)
2026-08-18 05:40:29,676 [INFO] [74/121] 가산디지털단지역 (primary=KEY_2)
2026-08-18 05:40:31,588 [INFO] [75/121] 강남역 (primary=KEY_3)
2026-08-18 05:40:33,170 [INFO] [76/121] 건대입구역 (primary=KEY_4)
2026-08-18 05:40:34,537 [INFO] [77/121] 고덕역 (primary=KEY_1)
2026-08-18 05:40:35,876 [INFO] [78/121] 고속터미널역 (primary=KEY_2)
2026-08-18 05:40:37,266 [INFO] [79/121] 교대역 (primary=KEY_3)
2026-08-18 05:40:38,605 [INFO] [80/121] 구로디지털단지역 (primary=KEY_4)
2026-08-18 05:40:40,312 [INFO] [81/121] 구로역 (primary=KEY_1)
2026-08-18 05:40:41,631 [INFO] [82/121] 군자역 (primary=KEY_2)
2026-08-18 05:40:42,979 [INFO] [83/121] 대림역 (primary=KEY_3)
2026-08-18 05:40:44,315 [INFO] [84/121] 동대문역 (primary=KEY_4)
2026-08-18 05:40:45,663 [INFO] [85/121] 뚝섬역 (primary=KEY_1)
2026-08-18 05:40:46,992 [INFO] [86/121] 미아사거리역 (primary=KEY_2)
2026-08-18 05:40:48,354 [INFO] [87/121] 발산역 (primary=KEY_3)
2026-08-18 05:40:50,081 [INFO] [88/121] 사당역 (primary=KEY_4)
2026-08-18 05:40:51,491 [INFO] [89/121] 삼각지역 (primary=KEY_1)
2026-08-18 05:40:52,885 [INFO] [90/121] 서울대입구역 (primary=KEY_2)
2026-08-18 05:40:54,200 [INFO] [91/121] 서울식물원·마곡나루역 (primary=KEY_3)
2026-08-18 05:40:55,725 [INFO] [92/121] 서울역 (primary=KEY_4)
2026-08-18 05:40:57,295 [INFO] [93/121] 선릉역 (primary=KEY_1)
2026-08-18 05:40:59,053 [INFO] [94/121] 성신여대입구역 (primary=KEY_2)
2026-08-18 05:41:00,219 [INFO] [95/121] 수유역 (primary=KEY_3)
2026-08-18 05:41:01,551 [INFO] [96/121] 숭례문 (primary=KEY_4)
2026-08-18 05:41:03,078 [INFO] [97/121] 시의회 앞 (primary=KEY_1)
2026-08-18 05:41:04,445 [INFO] [98/121] 신논현역·논현역 (primary=KEY_2)
2026-08-18 05:41:05,795 [INFO] [99/121] 신도림역 (primary=KEY_3)
2026-08-18 05:41:06,945 [INFO] [100/121] 신림역 (primary=KEY_4)
2026-08-18 05:41:08,273 [INFO] [101/121] 신정네거리역 (primary=KEY_1)
2026-08-18 05:41:09,604 [INFO] [102/121] 신촌·이대역 (primary=KEY_2)
2026-08-18 05:41:10,950 [INFO] [103/121] 쌍문역 (primary=KEY_3)
2026-08-18 05:41:12,297 [INFO] [104/121] 양재역 (primary=KEY_4)
2026-08-18 05:41:13,663 [INFO] [105/121] 역삼역 (primary=KEY_1)
2026-08-18 05:41:15,193 [INFO] [106/121] 연신내역 (primary=KEY_2)
2026-08-18 05:41:16,368 [INFO] [107/121] 오목교역·목동운동장 (primary=KEY_3)
2026-08-18 05:41:18,272 [INFO] [108/121] 왕십리역 (primary=KEY_4)
2026-08-18 05:41:19,800 [INFO] [109/121] 용산역 (primary=KEY_1)
2026-08-18 05:41:21,351 [INFO] [110/121] 이태원역 (primary=KEY_2)
2026-08-18 05:41:22,495 [INFO] [111/121] 잠실새내역 (primary=KEY_3)
2026-08-18 05:41:23,878 [INFO] [112/121] 잠실역 (primary=KEY_4)
2026-08-18 05:41:25,427 [INFO] [113/121] 장지역 (primary=KEY_1)
2026-08-18 05:41:26,941 [INFO] [114/121] 장한평역 (primary=KEY_2)
2026-08-18 05:41:28,280 [INFO] [115/121] 천호역 (primary=KEY_3)
2026-08-18 05:41:29,618 [INFO] [116/121] 총신대입구(이수)역 (primary=KEY_4)
2026-08-18 05:41:30,968 [INFO] [117/121] 충정로역 (primary=KEY_1)
2026-08-18 05:41:32,314 [INFO] [118/121] 합정역 (primary=KEY_2)
2026-08-18 05:41:33,652 [INFO] [119/121] 혜화역 (primary=KEY_3)
2026-08-18 05:41:34,975 [INFO] [120/121] 홍대입구역(2호선) (primary=KEY_4)
2026-08-18 05:41:36,395 [INFO] [121/121] 회기역 (primary=KEY_1)
2026-08-18 05:41:39,232 [INFO] === 수집 완료 | 성공 121, 실패 0 ===
2026-08-18 05:41:39,232 [INFO] 카테고리별 저장 결과:
2026-08-18 05:41:39,232 [INFO]    accident                  | 신규     2행 | 누적     11행 | 16컬럼
2026-08-18 05:41:39,232 [INFO]    area_meta                 | 신규   121행 | 누적    726행 | 5컬럼
2026-08-18 05:41:39,232 [INFO]    bike                      | 신규    11행 | 누적     66행 | 12컬럼
2026-08-18 05:41:39,232 [INFO]    bike_sbike_stts           | 신규   567행 | 누적   3402행 | 12컬럼
2026-08-18 05:41:39,232 [INFO]    bus                       | 신규     3행 | 누적     18행 | 11컬럼
2026-08-18 05:41:39,232 [INFO]    bus_bus_stn_stts          | 신규  1745행 | 누적  10470행 | 11컬럼
2026-08-18 05:41:39,232 [INFO]    charger                   | 신규     4행 | 누적     24행 | 15컬럼
2026-08-18 05:41:39,232 [INFO]    charger_charger_stts      | 신규  1928행 | 누적  11490행 | 15컬럼
2026-08-18 05:41:39,232 [INFO]    cmrcl                     | 신규    82행 | 누적    492행 | 20컬럼
2026-08-18 05:41:39,232 [INFO]    events                    | 신규    12행 | 누적     67행 | 14컬럼
2026-08-18 05:41:39,232 [INFO]    events_event_stts         | 신규   134행 | 누적    809행 | 14컬럼
2026-08-18 05:41:39,232 [INFO]    parking                   | 신규     6행 | 누적     36행 | 21컬럼
2026-08-18 05:41:39,232 [INFO]    parking_prk_stts          | 신규  1834행 | 누적  11004행 | 21컬럼
2026-08-18 05:41:39,232 [INFO]    ppltn                     | 신규   121행 | 누적    726행 | 26컬럼
2026-08-18 05:41:39,232 [INFO]    road                      | 신규   121행 | 누적    726행 | 21컬럼
2026-08-18 05:41:39,232 [INFO]    road_road_traffic_stts    | 신규  5292행 | 누적  31752행 | 17컬럼
2026-08-18 05:41:39,232 [INFO]    subway                    | 신규    38행 | 누적    228행 | 13컬럼
2026-08-18 05:41:39,233 [INFO]    subway_sub_stts           | 신규   183행 | 누적   1098행 | 13컬럼
2026-08-18 05:41:39,233 [INFO]    weather                   | 신규   119행 | 누적    714행 | 30컬럼
2026-08-18 05:41:39,233 [INFO] 키별 사용량:
2026-08-18 05:41:39,233 [INFO]    🟢 KEY_1 (31/1000) 
2026-08-18 05:41:39,233 [INFO]    🟢 KEY_2 (30/1000) 
2026-08-18 05:41:39,233 [INFO]    🟢 KEY_3 (30/1000) 
2026-08-18 05:41:39,233 [INFO]    🟢 KEY_4 (30/1000) 
2026-08-18 06:35:57,473 [INFO] 등록된 키: 4개, 합산 한도 4,000건/일
2026-08-18 06:35:57,473 [INFO] POI 로드: 매뉴얼 v8.5 기준 fallback 121개 (121개 전체)
2026-08-18 06:35:57,473 [INFO] === 수집 시작 2026-08-18T06:35:57.473768+09:00 ===
2026-08-18 06:35:57,473 [INFO] 대상 장소: 121개 | API: citydata (통합)
2026-08-18 06:35:57,473 [INFO] 키 풀: 4/4 활성 | 오늘 사용 0/4000건
2026-08-18 06:35:57,473 [INFO]   [KEY_1] 담당 31장소
2026-08-18 06:35:57,473 [INFO]   [KEY_2] 담당 30장소
2026-08-18 06:35:57,474 [INFO]   [KEY_3] 담당 30장소
2026-08-18 06:35:57,474 [INFO]   [KEY_4] 담당 30장소
2026-08-18 06:35:57,474 [INFO] [1/121] 경복궁 (primary=KEY_1)
2026-08-18 06:35:58,723 [INFO] [2/121] 광화문·덕수궁 (primary=KEY_2)
2026-08-18 06:36:00,291 [INFO] [3/121] 보신각 (primary=KEY_3)
2026-08-18 06:36:02,117 [INFO] [4/121] 서울 암사동 유적 (primary=KEY_4)
2026-08-18 06:36:03,350 [INFO] [5/121] 창덕궁·종묘 (primary=KEY_1)
2026-08-18 06:36:04,452 [INFO] [6/121] 강남 MICE 관광특구 (primary=KEY_2)
2026-08-18 06:36:05,585 [INFO] [7/121] 동대문 관광특구 (primary=KEY_3)
2026-08-18 06:36:07,738 [INFO] [8/121] 명동 관광특구 (primary=KEY_4)
2026-08-18 06:36:09,293 [INFO] [9/121] 이태원 관광특구 (primary=KEY_1)
2026-08-18 06:36:10,456 [INFO] [10/121] 잠실 관광특구 (primary=KEY_2)
2026-08-18 06:36:11,928 [INFO] [11/121] 종로·청계 관광특구 (primary=KEY_3)
2026-08-18 06:36:13,339 [INFO] [12/121] 홍대 관광특구 (primary=KEY_4)
2026-08-18 06:36:14,682 [INFO] [13/121] 강서한강공원 (primary=KEY_1)
2026-08-18 06:36:15,784 [INFO] [14/121] 고척돔 (primary=KEY_2)
2026-08-18 06:36:16,754 [INFO] [15/121] 광나루한강공원 (primary=KEY_3)
2026-08-18 06:36:18,406 [INFO] [16/121] 광화문광장 (primary=KEY_4)
2026-08-18 06:36:20,092 [INFO] [17/121] 국립중앙박물관·용산가족공원 (primary=KEY_1)
2026-08-18 06:36:21,075 [INFO] [18/121] 난지한강공원 (primary=KEY_2)
2026-08-18 06:36:22,041 [INFO] [19/121] 남산공원 (primary=KEY_3)
2026-08-18 06:36:23,614 [INFO] [20/121] 노들섬 (primary=KEY_4)
2026-08-18 06:36:24,573 [INFO] [21/121] 뚝섬한강공원 (primary=KEY_1)
2026-08-18 06:36:25,550 [INFO] [22/121] 망원한강공원 (primary=KEY_2)
2026-08-18 06:36:26,703 [INFO] [23/121] 반포한강공원 (primary=KEY_3)
2026-08-18 06:36:27,672 [INFO] [24/121] 보라매공원 (primary=KEY_4)
2026-08-18 06:36:29,384 [INFO] [25/121] 북서울꿈의숲 (primary=KEY_1)
2026-08-18 06:36:30,510 [INFO] [26/121] 서대문독립공원 (primary=KEY_2)
2026-08-18 06:36:31,489 [INFO] [27/121] 서리풀공원·몽마르뜨공원 (primary=KEY_3)
2026-08-18 06:36:32,703 [INFO] [28/121] 서울대공원 (primary=KEY_4)
2026-08-18 06:36:33,674 [INFO] [29/121] 서울숲공원 (primary=KEY_1)
2026-08-18 06:36:34,810 [INFO] [30/121] 송현녹지광장 (primary=KEY_2)
2026-08-18 06:36:35,945 [INFO] [31/121] 아차산 (primary=KEY_3)
2026-08-18 06:36:36,923 [INFO] [32/121] 안양천 (primary=KEY_4)
2026-08-18 06:36:37,891 [INFO] [33/121] 양화한강공원 (primary=KEY_1)
2026-08-18 06:36:38,860 [INFO] [34/121] 어린이대공원 (primary=KEY_2)
2026-08-18 06:36:40,004 [INFO] [35/121] 여의도한강공원 (primary=KEY_3)
2026-08-18 06:36:41,122 [INFO] [36/121] 여의서로 (primary=KEY_4)
2026-08-18 06:36:42,226 [INFO] [37/121] 올림픽공원 (primary=KEY_1)
2026-08-18 06:36:43,531 [INFO] [38/121] 월드컵공원 (primary=KEY_2)
2026-08-18 06:36:44,819 [INFO] [39/121] 응봉산 (primary=KEY_3)
2026-08-18 06:36:45,931 [INFO] [40/121] 이촌한강공원 (primary=KEY_4)
2026-08-18 06:36:46,899 [INFO] [41/121] 잠실종합운동장 (primary=KEY_1)
2026-08-18 06:36:48,725 [INFO] [42/121] 잠실한강공원 (primary=KEY_2)
2026-08-18 06:36:49,722 [INFO] [43/121] 잠원한강공원 (primary=KEY_3)
2026-08-18 06:36:50,693 [INFO] [44/121] 청계산 (primary=KEY_4)
2026-08-18 06:36:51,656 [INFO] [45/121] 홍제폭포 (primary=KEY_1)
2026-08-18 06:36:52,620 [INFO] [46/121] 가락시장 (primary=KEY_2)
2026-08-18 06:36:53,756 [INFO] [47/121] 가로수길 (primary=KEY_3)
2026-08-18 06:36:55,009 [INFO] [48/121] 광장(전통)시장 (primary=KEY_4)
2026-08-18 06:36:56,056 [INFO] [49/121] 김포공항 (primary=KEY_1)
2026-08-18 06:36:57,357 [INFO] [50/121] 남대문시장 (primary=KEY_2)
2026-08-18 06:36:58,486 [INFO] [51/121] 노량진 (primary=KEY_3)
2026-08-18 06:36:59,614 [INFO] [52/121] 덕수궁길·정동길 (primary=KEY_4)
2026-08-18 06:37:00,751 [INFO] [53/121] 북창동 먹자골목 (primary=KEY_1)
2026-08-18 06:37:01,865 [INFO] [54/121] 북촌한옥마을 (primary=KEY_2)
2026-08-18 06:37:03,127 [INFO] [55/121] 서촌 (primary=KEY_3)
2026-08-18 06:37:04,239 [INFO] [56/121] 성수카페거리 (primary=KEY_4)
2026-08-18 06:37:05,522 [INFO] [57/121] 송리단길·호수단길 (primary=KEY_1)
2026-08-18 06:37:06,699 [INFO] [58/121] 신촌 스타광장 (primary=KEY_2)
2026-08-18 06:37:07,690 [INFO] [59/121] 압구정로데오거리 (primary=KEY_3)
2026-08-18 06:37:08,824 [INFO] [60/121] 여의도 (primary=KEY_4)
2026-08-18 06:37:10,642 [INFO] [61/121] 연남동 (primary=KEY_1)
2026-08-18 06:37:11,766 [INFO] [62/121] 영등포 타임스퀘어 (primary=KEY_2)
2026-08-18 06:37:12,881 [INFO] [63/121] 용리단길 (primary=KEY_3)
2026-08-18 06:37:13,946 [INFO] [64/121] 이태원 앤틱가구거리 (primary=KEY_4)
2026-08-18 06:37:15,073 [INFO] [65/121] 익선동 (primary=KEY_1)
2026-08-18 06:37:16,274 [INFO] [66/121] 인사동 (primary=KEY_2)
2026-08-18 06:37:17,564 [INFO] [67/121] 잠실롯데타워·석촌호수 (primary=KEY_3)
2026-08-18 06:37:18,989 [INFO] [68/121] 창동 신경제 중심지 (primary=KEY_4)
2026-08-18 06:37:20,430 [INFO] [69/121] 청담동 명품거리 (primary=KEY_1)
2026-08-18 06:37:21,563 [INFO] [70/121] 청량리 제기동 일대 전통시장 (primary=KEY_2)
2026-08-18 06:37:22,779 [INFO] [71/121] 해방촌·경리단길 (primary=KEY_3)
2026-08-18 06:37:23,770 [INFO] [72/121] DDP(동대문디자인플라자) (primary=KEY_4)
2026-08-18 06:37:24,929 [INFO] [73/121] DMC(디지털미디어시티) (primary=KEY_1)
2026-08-18 06:37:26,431 [INFO] [74/121] 가산디지털단지역 (primary=KEY_2)
2026-08-18 06:37:27,984 [INFO] [75/121] 강남역 (primary=KEY_3)
2026-08-18 06:37:29,298 [INFO] [76/121] 건대입구역 (primary=KEY_4)
2026-08-18 06:37:30,590 [INFO] [77/121] 고덕역 (primary=KEY_1)
2026-08-18 06:37:32,259 [INFO] [78/121] 고속터미널역 (primary=KEY_2)
2026-08-18 06:37:33,423 [INFO] [79/121] 교대역 (primary=KEY_3)
2026-08-18 06:37:34,688 [INFO] [80/121] 구로디지털단지역 (primary=KEY_4)
2026-08-18 06:37:36,099 [INFO] [81/121] 구로역 (primary=KEY_1)
2026-08-18 06:37:37,498 [INFO] [82/121] 군자역 (primary=KEY_2)
2026-08-18 06:37:38,658 [INFO] [83/121] 대림역 (primary=KEY_3)
2026-08-18 06:37:39,793 [INFO] [84/121] 동대문역 (primary=KEY_4)
2026-08-18 06:37:41,090 [INFO] [85/121] 뚝섬역 (primary=KEY_1)
2026-08-18 06:37:42,369 [INFO] [86/121] 미아사거리역 (primary=KEY_2)
2026-08-18 06:37:43,633 [INFO] [87/121] 발산역 (primary=KEY_3)
2026-08-18 06:37:45,035 [INFO] [88/121] 사당역 (primary=KEY_4)
2026-08-18 06:37:46,304 [INFO] [89/121] 삼각지역 (primary=KEY_1)
2026-08-18 06:37:47,459 [INFO] [90/121] 서울대입구역 (primary=KEY_2)
2026-08-18 06:37:49,120 [INFO] [91/121] 서울식물원·마곡나루역 (primary=KEY_3)
2026-08-18 06:37:50,513 [INFO] [92/121] 서울역 (primary=KEY_4)
2026-08-18 06:37:51,887 [INFO] [93/121] 선릉역 (primary=KEY_1)
2026-08-18 06:37:53,515 [INFO] [94/121] 성신여대입구역 (primary=KEY_2)
2026-08-18 06:37:54,538 [INFO] [95/121] 수유역 (primary=KEY_3)
2026-08-18 06:37:55,678 [INFO] [96/121] 숭례문 (primary=KEY_4)
2026-08-18 06:37:57,050 [INFO] [97/121] 시의회 앞 (primary=KEY_1)
2026-08-18 06:37:58,184 [INFO] [98/121] 신논현역·논현역 (primary=KEY_2)
2026-08-18 06:37:59,373 [INFO] [99/121] 신도림역 (primary=KEY_3)
2026-08-18 06:38:00,377 [INFO] [100/121] 신림역 (primary=KEY_4)
2026-08-18 06:38:01,543 [INFO] [101/121] 신정네거리역 (primary=KEY_1)
2026-08-18 06:38:02,681 [INFO] [102/121] 신촌·이대역 (primary=KEY_2)
2026-08-18 06:38:04,036 [INFO] [103/121] 쌍문역 (primary=KEY_3)
2026-08-18 06:38:05,178 [INFO] [104/121] 양재역 (primary=KEY_4)
2026-08-18 06:38:06,315 [INFO] [105/121] 역삼역 (primary=KEY_1)
2026-08-18 06:38:07,633 [INFO] [106/121] 연신내역 (primary=KEY_2)
2026-08-18 06:38:08,822 [INFO] [107/121] 오목교역·목동운동장 (primary=KEY_3)
2026-08-18 06:38:10,397 [INFO] [108/121] 왕십리역 (primary=KEY_4)
2026-08-18 06:38:11,751 [INFO] [109/121] 용산역 (primary=KEY_1)
2026-08-18 06:38:13,036 [INFO] [110/121] 이태원역 (primary=KEY_2)
2026-08-18 06:38:14,030 [INFO] [111/121] 잠실새내역 (primary=KEY_3)
2026-08-18 06:38:15,231 [INFO] [112/121] 잠실역 (primary=KEY_4)
2026-08-18 06:38:16,612 [INFO] [113/121] 장지역 (primary=KEY_1)
2026-08-18 06:38:17,888 [INFO] [114/121] 장한평역 (primary=KEY_2)
2026-08-18 06:38:19,049 [INFO] [115/121] 천호역 (primary=KEY_3)
2026-08-18 06:38:20,208 [INFO] [116/121] 총신대입구(이수)역 (primary=KEY_4)
2026-08-18 06:38:21,348 [INFO] [117/121] 충정로역 (primary=KEY_1)
2026-08-18 06:38:22,542 [INFO] [118/121] 합정역 (primary=KEY_2)
2026-08-18 06:38:23,697 [INFO] [119/121] 혜화역 (primary=KEY_3)
2026-08-18 06:38:25,626 [INFO] [120/121] 홍대입구역(2호선) (primary=KEY_4)
2026-08-18 06:38:26,852 [INFO] [121/121] 회기역 (primary=KEY_1)
2026-08-18 06:38:29,078 [INFO] === 수집 완료 | 성공 121, 실패 0 ===
2026-08-18 06:38:29,078 [INFO] 카테고리별 저장 결과:
2026-08-18 06:38:29,078 [INFO]    accident                  | 신규     2행 | 누적     13행 | 16컬럼
2026-08-18 06:38:29,078 [INFO]    area_meta                 | 신규   121행 | 누적    847행 | 5컬럼
2026-08-18 06:38:29,078 [INFO]    bike                      | 신규    11행 | 누적     77행 | 12컬럼
2026-08-18 06:38:29,078 [INFO]    bike_sbike_stts           | 신규   567행 | 누적   3969행 | 12컬럼
2026-08-18 06:38:29,078 [INFO]    bus                       | 신규     3행 | 누적     21행 | 11컬럼
2026-08-18 06:38:29,078 [INFO]    bus_bus_stn_stts          | 신규  1745행 | 누적  12215행 | 11컬럼
2026-08-18 06:38:29,078 [INFO]    charger                   | 신규     4행 | 누적     28행 | 15컬럼
2026-08-18 06:38:29,078 [INFO]    charger_charger_stts      | 신규  1928행 | 누적  13405행 | 15컬럼
2026-08-18 06:38:29,078 [INFO]    cmrcl                     | 신규    82행 | 누적    574행 | 20컬럼
2026-08-18 06:38:29,078 [INFO]    events                    | 신규    12행 | 누적     79행 | 14컬럼
2026-08-18 06:38:29,078 [INFO]    events_event_stts         | 신규   134행 | 누적    943행 | 14컬럼
2026-08-18 06:38:29,078 [INFO]    parking                   | 신규     6행 | 누적     42행 | 21컬럼
2026-08-18 06:38:29,078 [INFO]    parking_prk_stts          | 신규  1834행 | 누적  12838행 | 21컬럼
2026-08-18 06:38:29,078 [INFO]    ppltn                     | 신규   121행 | 누적    847행 | 26컬럼
2026-08-18 06:38:29,078 [INFO]    road                      | 신규   121행 | 누적    847행 | 21컬럼
2026-08-18 06:38:29,078 [INFO]    road_road_traffic_stts    | 신규  5292행 | 누적  37044행 | 17컬럼
2026-08-18 06:38:29,078 [INFO]    subway                    | 신규    38행 | 누적    266행 | 13컬럼
2026-08-18 06:38:29,078 [INFO]    subway_sub_stts           | 신규   183행 | 누적   1281행 | 13컬럼
2026-08-18 06:38:29,078 [INFO]    weather                   | 신규   119행 | 누적    833행 | 30컬럼
2026-08-18 06:38:29,078 [INFO] 키별 사용량:
2026-08-18 06:38:29,078 [INFO]    🟢 KEY_1 (31/1000) 
2026-08-18 06:38:29,078 [INFO]    🟢 KEY_2 (30/1000) 
2026-08-18 06:38:29,078 [INFO]    🟢 KEY_3 (30/1000) 
2026-08-18 06:38:29,079 [INFO]    🟢 KEY_4 (30/1000) 
2026-08-18 07:36:13,289 [INFO] 등록된 키: 4개, 합산 한도 4,000건/일
2026-08-18 07:36:13,290 [INFO] POI 로드: 매뉴얼 v8.5 기준 fallback 121개 (121개 전체)
2026-08-18 07:36:13,290 [INFO] === 수집 시작 2026-08-18T07:36:13.290547+09:00 ===
2026-08-18 07:36:13,290 [INFO] 대상 장소: 121개 | API: citydata (통합)
2026-08-18 07:36:13,290 [INFO] 키 풀: 4/4 활성 | 오늘 사용 0/4000건
2026-08-18 07:36:13,290 [INFO]   [KEY_1] 담당 31장소
2026-08-18 07:36:13,290 [INFO]   [KEY_2] 담당 30장소
2026-08-18 07:36:13,291 [INFO]   [KEY_3] 담당 30장소
2026-08-18 07:36:13,291 [INFO]   [KEY_4] 담당 30장소
2026-08-18 07:36:13,291 [INFO] [1/121] 경복궁 (primary=KEY_1)
2026-08-18 07:36:15,133 [INFO] [2/121] 광화문·덕수궁 (primary=KEY_2)
2026-08-18 07:36:17,519 [INFO] [3/121] 보신각 (primary=KEY_3)
2026-08-18 07:36:19,260 [INFO] [4/121] 서울 암사동 유적 (primary=KEY_4)
2026-08-18 07:36:20,839 [INFO] [5/121] 창덕궁·종묘 (primary=KEY_1)
2026-08-18 07:36:22,541 [INFO] [6/121] 강남 MICE 관광특구 (primary=KEY_2)
2026-08-18 07:36:23,650 [INFO] [7/121] 동대문 관광특구 (primary=KEY_3)
2026-08-18 07:36:25,625 [INFO] [8/121] 명동 관광특구 (primary=KEY_4)
2026-08-18 07:36:27,103 [INFO] [9/121] 이태원 관광특구 (primary=KEY_1)
2026-08-18 07:36:28,745 [INFO] [10/121] 잠실 관광특구 (primary=KEY_2)
2026-08-18 07:36:30,782 [INFO] [11/121] 종로·청계 관광특구 (primary=KEY_3)
2026-08-18 07:36:32,740 [INFO] [12/121] 홍대 관광특구 (primary=KEY_4)
2026-08-18 07:36:34,657 [INFO] [13/121] 강서한강공원 (primary=KEY_1)
2026-08-18 07:36:35,758 [INFO] [14/121] 고척돔 (primary=KEY_2)
2026-08-18 07:36:37,228 [INFO] [15/121] 광나루한강공원 (primary=KEY_3)
2026-08-18 07:36:38,306 [INFO] [16/121] 광화문광장 (primary=KEY_4)
2026-08-18 07:36:40,171 [INFO] [17/121] 국립중앙박물관·용산가족공원 (primary=KEY_1)
2026-08-18 07:36:41,136 [INFO] [18/121] 난지한강공원 (primary=KEY_2)
2026-08-18 07:36:42,082 [INFO] [19/121] 남산공원 (primary=KEY_3)
2026-08-18 07:36:43,348 [INFO] [20/121] 노들섬 (primary=KEY_4)
2026-08-18 07:36:45,046 [INFO] [21/121] 뚝섬한강공원 (primary=KEY_1)
2026-08-18 07:36:46,019 [INFO] [22/121] 망원한강공원 (primary=KEY_2)
2026-08-18 07:36:47,118 [INFO] [23/121] 반포한강공원 (primary=KEY_3)
2026-08-18 07:36:48,065 [INFO] [24/121] 보라매공원 (primary=KEY_4)
2026-08-18 07:36:49,053 [INFO] [25/121] 북서울꿈의숲 (primary=KEY_1)
2026-08-18 07:36:50,674 [INFO] [26/121] 서대문독립공원 (primary=KEY_2)
2026-08-18 07:36:51,645 [INFO] [27/121] 서리풀공원·몽마르뜨공원 (primary=KEY_3)
2026-08-18 07:36:52,884 [INFO] [28/121] 서울대공원 (primary=KEY_4)
2026-08-18 07:36:53,832 [INFO] [29/121] 서울숲공원 (primary=KEY_1)
2026-08-18 07:36:54,932 [INFO] [30/121] 송현녹지광장 (primary=KEY_2)
2026-08-18 07:36:56,025 [INFO] [31/121] 아차산 (primary=KEY_3)
2026-08-18 07:36:56,974 [INFO] [32/121] 안양천 (primary=KEY_4)
2026-08-18 07:36:58,559 [INFO] [33/121] 양화한강공원 (primary=KEY_1)
2026-08-18 07:36:59,509 [INFO] [34/121] 어린이대공원 (primary=KEY_2)
2026-08-18 07:37:01,266 [INFO] [35/121] 여의도한강공원 (primary=KEY_3)
2026-08-18 07:37:02,391 [INFO] [36/121] 여의서로 (primary=KEY_4)
2026-08-18 07:37:03,460 [INFO] [37/121] 올림픽공원 (primary=KEY_1)
2026-08-18 07:37:04,723 [INFO] [38/121] 월드컵공원 (primary=KEY_2)
2026-08-18 07:37:05,974 [INFO] [39/121] 응봉산 (primary=KEY_3)
2026-08-18 07:37:07,058 [INFO] [40/121] 이촌한강공원 (primary=KEY_4)
2026-08-18 07:37:08,001 [INFO] [41/121] 잠실종합운동장 (primary=KEY_1)
2026-08-18 07:37:08,975 [INFO] [42/121] 잠실한강공원 (primary=KEY_2)
2026-08-18 07:37:09,961 [INFO] [43/121] 잠원한강공원 (primary=KEY_3)
2026-08-18 07:37:10,901 [INFO] [44/121] 청계산 (primary=KEY_4)
2026-08-18 07:37:11,854 [INFO] [45/121] 홍제폭포 (primary=KEY_1)
2026-08-18 07:37:12,822 [INFO] [46/121] 가락시장 (primary=KEY_2)
2026-08-18 07:37:14,693 [INFO] [47/121] 가로수길 (primary=KEY_3)
2026-08-18 07:37:15,819 [INFO] [48/121] 광장(전통)시장 (primary=KEY_4)
2026-08-18 07:37:16,803 [INFO] [49/121] 김포공항 (primary=KEY_1)
2026-08-18 07:37:18,060 [INFO] [50/121] 남대문시장 (primary=KEY_2)
2026-08-18 07:37:19,170 [INFO] [51/121] 노량진 (primary=KEY_3)
2026-08-18 07:37:20,301 [INFO] [52/121] 덕수궁길·정동길 (primary=KEY_4)
2026-08-18 07:37:21,443 [INFO] [53/121] 북창동 먹자골목 (primary=KEY_1)
2026-08-18 07:37:22,527 [INFO] [54/121] 북촌한옥마을 (primary=KEY_2)
2026-08-18 07:37:23,758 [INFO] [55/121] 서촌 (primary=KEY_3)
2026-08-18 07:37:24,850 [INFO] [56/121] 성수카페거리 (primary=KEY_4)
2026-08-18 07:37:26,080 [INFO] [57/121] 송리단길·호수단길 (primary=KEY_1)
2026-08-18 07:37:27,289 [INFO] [58/121] 신촌 스타광장 (primary=KEY_2)
2026-08-18 07:37:28,287 [INFO] [59/121] 압구정로데오거리 (primary=KEY_3)
2026-08-18 07:37:29,388 [INFO] [60/121] 여의도 (primary=KEY_4)
2026-08-18 07:37:31,156 [INFO] [61/121] 연남동 (primary=KEY_1)
2026-08-18 07:37:32,246 [INFO] [62/121] 영등포 타임스퀘어 (primary=KEY_2)
2026-08-18 07:37:33,332 [INFO] [63/121] 용리단길 (primary=KEY_3)
2026-08-18 07:37:34,327 [INFO] [64/121] 이태원 앤틱가구거리 (primary=KEY_4)
2026-08-18 07:37:35,815 [INFO] [65/121] 익선동 (primary=KEY_1)
2026-08-18 07:37:37,017 [INFO] [66/121] 인사동 (primary=KEY_2)
2026-08-18 07:37:38,267 [INFO] [67/121] 잠실롯데타워·석촌호수 (primary=KEY_3)
2026-08-18 07:37:39,709 [INFO] [68/121] 창동 신경제 중심지 (primary=KEY_4)
2026-08-18 07:37:41,082 [INFO] [69/121] 청담동 명품거리 (primary=KEY_1)
2026-08-18 07:37:42,206 [INFO] [70/121] 청량리 제기동 일대 전통시장 (primary=KEY_2)
2026-08-18 07:37:43,426 [INFO] [71/121] 해방촌·경리단길 (primary=KEY_3)
2026-08-18 07:37:44,371 [INFO] [72/121] DDP(동대문디자인플라자) (primary=KEY_4)
2026-08-18 07:37:45,490 [INFO] [73/121] DMC(디지털미디어시티) (primary=KEY_1)
2026-08-18 07:37:46,932 [INFO] [74/121] 가산디지털단지역 (primary=KEY_2)
2026-08-18 07:37:48,477 [INFO] [75/121] 강남역 (primary=KEY_3)
2026-08-18 07:37:49,789 [INFO] [76/121] 건대입구역 (primary=KEY_4)
2026-08-18 07:37:50,932 [INFO] [77/121] 고덕역 (primary=KEY_1)
2026-08-18 07:37:52,085 [INFO] [78/121] 고속터미널역 (primary=KEY_2)
2026-08-18 07:37:53,520 [INFO] [79/121] 교대역 (primary=KEY_3)
2026-08-18 07:37:54,636 [INFO] [80/121] 구로디지털단지역 (primary=KEY_4)
2026-08-18 07:37:56,029 [INFO] [81/121] 구로역 (primary=KEY_1)
2026-08-18 07:37:57,117 [INFO] [82/121] 군자역 (primary=KEY_2)
2026-08-18 07:37:58,224 [INFO] [83/121] 대림역 (primary=KEY_3)
2026-08-18 07:37:59,347 [INFO] [84/121] 동대문역 (primary=KEY_4)
2026-08-18 07:38:00,454 [INFO] [85/121] 뚝섬역 (primary=KEY_1)
2026-08-18 07:38:01,571 [INFO] [86/121] 미아사거리역 (primary=KEY_2)
2026-08-18 07:38:02,687 [INFO] [87/121] 발산역 (primary=KEY_3)
2026-08-18 07:38:04,065 [INFO] [88/121] 사당역 (primary=KEY_4)
2026-08-18 07:38:05,173 [INFO] [89/121] 삼각지역 (primary=KEY_1)
2026-08-18 07:38:06,297 [INFO] [90/121] 서울대입구역 (primary=KEY_2)
2026-08-18 07:38:07,401 [INFO] [91/121] 서울식물원·마곡나루역 (primary=KEY_3)
2026-08-18 07:38:08,644 [INFO] [92/121] 서울역 (primary=KEY_4)
2026-08-18 07:38:09,955 [INFO] [93/121] 선릉역 (primary=KEY_1)
2026-08-18 07:38:11,437 [INFO] [94/121] 성신여대입구역 (primary=KEY_2)
2026-08-18 07:38:12,470 [INFO] [95/121] 수유역 (primary=KEY_3)
2026-08-18 07:38:13,573 [INFO] [96/121] 숭례문 (primary=KEY_4)
2026-08-18 07:38:14,817 [INFO] [97/121] 시의회 앞 (primary=KEY_1)
2026-08-18 07:38:15,943 [INFO] [98/121] 신논현역·논현역 (primary=KEY_2)
2026-08-18 07:38:17,112 [INFO] [99/121] 신도림역 (primary=KEY_3)
2026-08-18 07:38:18,087 [INFO] [100/121] 신림역 (primary=KEY_4)
2026-08-18 07:38:19,214 [INFO] [101/121] 신정네거리역 (primary=KEY_1)
2026-08-18 07:38:20,385 [INFO] [102/121] 신촌·이대역 (primary=KEY_2)
2026-08-18 07:38:21,502 [INFO] [103/121] 쌍문역 (primary=KEY_3)
2026-08-18 07:38:22,617 [INFO] [104/121] 양재역 (primary=KEY_4)
2026-08-18 07:38:23,739 [INFO] [105/121] 역삼역 (primary=KEY_1)
2026-08-18 07:38:25,008 [INFO] [106/121] 연신내역 (primary=KEY_2)
2026-08-18 07:38:26,091 [INFO] [107/121] 오목교역·목동운동장 (primary=KEY_3)
2026-08-18 07:38:27,638 [INFO] [108/121] 왕십리역 (primary=KEY_4)
2026-08-18 07:38:28,906 [INFO] [109/121] 용산역 (primary=KEY_1)
2026-08-18 07:38:30,151 [INFO] [110/121] 이태원역 (primary=KEY_2)
2026-08-18 07:38:31,151 [INFO] [111/121] 잠실새내역 (primary=KEY_3)
2026-08-18 07:38:32,329 [INFO] [112/121] 잠실역 (primary=KEY_4)
2026-08-18 07:38:33,576 [INFO] [113/121] 장지역 (primary=KEY_1)
2026-08-18 07:38:34,836 [INFO] [114/121] 장한평역 (primary=KEY_2)
2026-08-18 07:38:36,010 [INFO] [115/121] 천호역 (primary=KEY_3)
2026-08-18 07:38:37,151 [INFO] [116/121] 총신대입구(이수)역 (primary=KEY_4)
2026-08-18 07:38:38,424 [INFO] [117/121] 충정로역 (primary=KEY_1)
2026-08-18 07:38:39,590 [INFO] [118/121] 합정역 (primary=KEY_2)
2026-08-18 07:38:40,804 [INFO] [119/121] 혜화역 (primary=KEY_3)
2026-08-18 07:38:41,911 [INFO] [120/121] 홍대입구역(2호선) (primary=KEY_4)
2026-08-18 07:38:43,043 [INFO] [121/121] 회기역 (primary=KEY_1)
2026-08-18 07:38:45,894 [INFO] === 수집 완료 | 성공 121, 실패 0 ===
2026-08-18 07:38:45,894 [INFO] 카테고리별 저장 결과:
2026-08-18 07:38:45,894 [INFO]    accident                  | 신규     2행 | 누적     15행 | 16컬럼
2026-08-18 07:38:45,894 [INFO]    area_meta                 | 신규   121행 | 누적    968행 | 5컬럼
2026-08-18 07:38:45,895 [INFO]    bike                      | 신규    11행 | 누적     88행 | 12컬럼
2026-08-18 07:38:45,895 [INFO]    bike_sbike_stts           | 신규   567행 | 누적   4536행 | 12컬럼
2026-08-18 07:38:45,895 [INFO]    bus                       | 신규     3행 | 누적     24행 | 11컬럼
2026-08-18 07:38:45,895 [INFO]    bus_bus_stn_stts          | 신규  1745행 | 누적  13960행 | 11컬럼
2026-08-18 07:38:45,895 [INFO]    charger                   | 신규     4행 | 누적     32행 | 15컬럼
2026-08-18 07:38:45,895 [INFO]    charger_charger_stts      | 신규  1928행 | 누적  15320행 | 15컬럼
2026-08-18 07:38:45,895 [INFO]    cmrcl                     | 신규    82행 | 누적    656행 | 20컬럼
2026-08-18 07:38:45,895 [INFO]    events                    | 신규    12행 | 누적     91행 | 14컬럼
2026-08-18 07:38:45,895 [INFO]    events_event_stts         | 신규   134행 | 누적   1077행 | 14컬럼
2026-08-18 07:38:45,895 [INFO]    parking                   | 신규     6행 | 누적     48행 | 21컬럼
2026-08-18 07:38:45,895 [INFO]    parking_prk_stts          | 신규  1834행 | 누적  14672행 | 21컬럼
2026-08-18 07:38:45,895 [INFO]    ppltn                     | 신규   121행 | 누적    968행 | 26컬럼
2026-08-18 07:38:45,895 [INFO]    road                      | 신규   121행 | 누적    968행 | 21컬럼
2026-08-18 07:38:45,895 [INFO]    road_road_traffic_stts    | 신규  5292행 | 누적  42336행 | 17컬럼
2026-08-18 07:38:45,895 [INFO]    subway                    | 신규    38행 | 누적    304행 | 13컬럼
2026-08-18 07:38:45,896 [INFO]    subway_sub_stts           | 신규   183행 | 누적   1464행 | 13컬럼
2026-08-18 07:38:45,896 [INFO]    weather                   | 신규   119행 | 누적    952행 | 30컬럼
2026-08-18 07:38:45,896 [INFO] 키별 사용량:
2026-08-18 07:38:45,896 [INFO]    🟢 KEY_1 (31/1000) 
2026-08-18 07:38:45,896 [INFO]    🟢 KEY_2 (30/1000) 
2026-08-18 07:38:45,896 [INFO]    🟢 KEY_3 (30/1000) 
2026-08-18 07:38:45,896 [INFO]    🟢 KEY_4 (30/1000) 
2026-08-18 08:33:32,058 [INFO] 등록된 키: 4개, 합산 한도 4,000건/일
2026-08-18 08:33:32,059 [INFO] POI 로드: 매뉴얼 v8.5 기준 fallback 121개 (121개 전체)
2026-08-18 08:33:32,059 [INFO] === 수집 시작 2026-08-18T08:33:32.059135+09:00 ===
2026-08-18 08:33:32,059 [INFO] 대상 장소: 121개 | API: citydata (통합)
2026-08-18 08:33:32,059 [INFO] 키 풀: 4/4 활성 | 오늘 사용 0/4000건
2026-08-18 08:33:32,059 [INFO]   [KEY_1] 담당 31장소
2026-08-18 08:33:32,059 [INFO]   [KEY_2] 담당 30장소
2026-08-18 08:33:32,059 [INFO]   [KEY_3] 담당 30장소
2026-08-18 08:33:32,059 [INFO]   [KEY_4] 담당 30장소
2026-08-18 08:33:32,059 [INFO] [1/121] 경복궁 (primary=KEY_1)
2026-08-18 08:33:34,568 [INFO] [2/121] 광화문·덕수궁 (primary=KEY_2)
2026-08-18 08:33:37,161 [INFO] [3/121] 보신각 (primary=KEY_3)
2026-08-18 08:33:38,508 [INFO] [4/121] 서울 암사동 유적 (primary=KEY_4)
2026-08-18 08:33:40,590 [INFO] [5/121] 창덕궁·종묘 (primary=KEY_1)
2026-08-18 08:33:42,593 [INFO] [6/121] 강남 MICE 관광특구 (primary=KEY_2)
2026-08-18 08:33:44,640 [INFO] [7/121] 동대문 관광특구 (primary=KEY_3)
2026-08-18 08:33:46,292 [INFO] [8/121] 명동 관광특구 (primary=KEY_4)
2026-08-18 08:33:48,902 [INFO] [9/121] 이태원 관광특구 (primary=KEY_1)
2026-08-18 08:33:51,392 [INFO] [10/121] 잠실 관광특구 (primary=KEY_2)
2026-08-18 08:33:53,789 [INFO] [11/121] 종로·청계 관광특구 (primary=KEY_3)
2026-08-18 08:33:56,199 [INFO] [12/121] 홍대 관광특구 (primary=KEY_4)
2026-08-18 08:33:58,606 [INFO] [13/121] 강서한강공원 (primary=KEY_1)
2026-08-18 08:34:00,511 [INFO] [14/121] 고척돔 (primary=KEY_2)
2026-08-18 08:34:02,254 [INFO] [15/121] 광나루한강공원 (primary=KEY_3)
2026-08-18 08:34:03,584 [INFO] [16/121] 광화문광장 (primary=KEY_4)
2026-08-18 08:34:06,078 [INFO] [17/121] 국립중앙박물관·용산가족공원 (primary=KEY_1)
2026-08-18 08:34:08,103 [INFO] [18/121] 난지한강공원 (primary=KEY_2)
2026-08-18 08:34:09,252 [INFO] [19/121] 남산공원 (primary=KEY_3)
2026-08-18 08:34:11,640 [INFO] [20/121] 노들섬 (primary=KEY_4)
2026-08-18 08:34:13,523 [INFO] [21/121] 뚝섬한강공원 (primary=KEY_1)
2026-08-18 08:34:15,247 [INFO] [22/121] 망원한강공원 (primary=KEY_2)
2026-08-18 08:34:16,625 [INFO] [23/121] 반포한강공원 (primary=KEY_3)
2026-08-18 08:34:17,766 [INFO] [24/121] 보라매공원 (primary=KEY_4)
2026-08-18 08:34:18,947 [INFO] [25/121] 북서울꿈의숲 (primary=KEY_1)
2026-08-18 08:34:21,060 [INFO] [26/121] 서대문독립공원 (primary=KEY_2)
2026-08-18 08:34:22,224 [INFO] [27/121] 서리풀공원·몽마르뜨공원 (primary=KEY_3)
2026-08-18 08:34:23,589 [INFO] [28/121] 서울대공원 (primary=KEY_4)
2026-08-18 08:34:25,388 [INFO] [29/121] 서울숲공원 (primary=KEY_1)
2026-08-18 08:34:26,762 [INFO] [30/121] 송현녹지광장 (primary=KEY_2)
2026-08-18 08:34:28,094 [INFO] [31/121] 아차산 (primary=KEY_3)
2026-08-18 08:34:29,228 [INFO] [32/121] 안양천 (primary=KEY_4)
2026-08-18 08:34:31,135 [INFO] [33/121] 양화한강공원 (primary=KEY_1)
2026-08-18 08:34:32,271 [INFO] [34/121] 어린이대공원 (primary=KEY_2)
2026-08-18 08:34:34,370 [INFO] [35/121] 여의도한강공원 (primary=KEY_3)
2026-08-18 08:34:35,701 [INFO] [36/121] 여의서로 (primary=KEY_4)
2026-08-18 08:34:37,017 [INFO] [37/121] 올림픽공원 (primary=KEY_1)
2026-08-18 08:34:38,685 [INFO] [38/121] 월드컵공원 (primary=KEY_2)
2026-08-18 08:34:40,288 [INFO] [39/121] 응봉산 (primary=KEY_3)
2026-08-18 08:34:41,609 [INFO] [40/121] 이촌한강공원 (primary=KEY_4)
2026-08-18 08:34:43,673 [INFO] [41/121] 잠실종합운동장 (primary=KEY_1)
2026-08-18 08:34:45,448 [INFO] [42/121] 잠실한강공원 (primary=KEY_2)
2026-08-18 08:34:46,736 [INFO] [43/121] 잠원한강공원 (primary=KEY_3)
2026-08-18 08:34:47,863 [INFO] [44/121] 청계산 (primary=KEY_4)
2026-08-18 08:34:48,984 [INFO] [45/121] 홍제폭포 (primary=KEY_1)
2026-08-18 08:34:50,684 [INFO] [46/121] 가락시장 (primary=KEY_2)
2026-08-18 08:34:52,077 [INFO] [47/121] 가로수길 (primary=KEY_3)
2026-08-18 08:34:53,467 [INFO] [48/121] 광장(전통)시장 (primary=KEY_4)
2026-08-18 08:34:54,620 [INFO] [49/121] 김포공항 (primary=KEY_1)
2026-08-18 08:34:56,186 [INFO] [50/121] 남대문시장 (primary=KEY_2)
2026-08-18 08:34:57,534 [INFO] [51/121] 노량진 (primary=KEY_3)
2026-08-18 08:34:58,898 [INFO] [52/121] 덕수궁길·정동길 (primary=KEY_4)
2026-08-18 08:35:00,280 [INFO] [53/121] 북창동 먹자골목 (primary=KEY_1)
2026-08-18 08:35:02,404 [INFO] [54/121] 북촌한옥마을 (primary=KEY_2)
2026-08-18 08:35:03,971 [INFO] [55/121] 서촌 (primary=KEY_3)
2026-08-18 08:35:05,312 [INFO] [56/121] 성수카페거리 (primary=KEY_4)
2026-08-18 08:35:07,267 [INFO] [57/121] 송리단길·호수단길 (primary=KEY_1)
2026-08-18 08:35:08,700 [INFO] [58/121] 신촌 스타광장 (primary=KEY_2)
2026-08-18 08:35:09,856 [INFO] [59/121] 압구정로데오거리 (primary=KEY_3)
2026-08-18 08:35:11,341 [INFO] [60/121] 여의도 (primary=KEY_4)
2026-08-18 08:35:14,135 [INFO] [61/121] 연남동 (primary=KEY_1)
2026-08-18 08:35:15,454 [INFO] [62/121] 영등포 타임스퀘어 (primary=KEY_2)
2026-08-18 08:35:16,777 [INFO] [63/121] 용리단길 (primary=KEY_3)
2026-08-18 08:35:18,019 [INFO] [64/121] 이태원 앤틱가구거리 (primary=KEY_4)
2026-08-18 08:35:20,133 [INFO] [65/121] 익선동 (primary=KEY_1)
2026-08-18 08:35:21,514 [INFO] [66/121] 인사동 (primary=KEY_2)
2026-08-18 08:35:23,051 [INFO] [67/121] 잠실롯데타워·석촌호수 (primary=KEY_3)
2026-08-18 08:35:24,926 [INFO] [68/121] 창동 신경제 중심지 (primary=KEY_4)
2026-08-18 08:35:26,691 [INFO] [69/121] 청담동 명품거리 (primary=KEY_1)
2026-08-18 08:35:28,032 [INFO] [70/121] 청량리 제기동 일대 전통시장 (primary=KEY_2)
2026-08-18 08:35:29,409 [INFO] [71/121] 해방촌·경리단길 (primary=KEY_3)
2026-08-18 08:35:30,545 [INFO] [72/121] DDP(동대문디자인플라자) (primary=KEY_4)
2026-08-18 08:35:31,909 [INFO] [73/121] DMC(디지털미디어시티) (primary=KEY_1)
2026-08-18 08:35:34,074 [INFO] [74/121] 가산디지털단지역 (primary=KEY_2)
2026-08-18 08:35:36,003 [INFO] [75/121] 강남역 (primary=KEY_3)
2026-08-18 08:35:37,589 [INFO] [76/121] 건대입구역 (primary=KEY_4)
2026-08-18 08:35:38,967 [INFO] [77/121] 고덕역 (primary=KEY_1)
2026-08-18 08:35:40,305 [INFO] [78/121] 고속터미널역 (primary=KEY_2)
2026-08-18 08:35:41,746 [INFO] [79/121] 교대역 (primary=KEY_3)
2026-08-18 08:35:43,091 [INFO] [80/121] 구로디지털단지역 (primary=KEY_4)
2026-08-18 08:35:44,804 [INFO] [81/121] 구로역 (primary=KEY_1)
2026-08-18 08:35:46,126 [INFO] [82/121] 군자역 (primary=KEY_2)
2026-08-18 08:35:48,041 [INFO] [83/121] 대림역 (primary=KEY_3)
2026-08-18 08:35:49,434 [INFO] [84/121] 동대문역 (primary=KEY_4)
2026-08-18 08:35:50,784 [INFO] [85/121] 뚝섬역 (primary=KEY_1)
2026-08-18 08:35:52,119 [INFO] [86/121] 미아사거리역 (primary=KEY_2)
2026-08-18 08:35:53,483 [INFO] [87/121] 발산역 (primary=KEY_3)
2026-08-18 08:35:55,213 [INFO] [88/121] 사당역 (primary=KEY_4)
2026-08-18 08:35:56,571 [INFO] [89/121] 삼각지역 (primary=KEY_1)
2026-08-18 08:35:57,921 [INFO] [90/121] 서울대입구역 (primary=KEY_2)
2026-08-18 08:36:00,663 [INFO] [91/121] 서울식물원·마곡나루역 (primary=KEY_3)
2026-08-18 08:36:02,207 [INFO] [92/121] 서울역 (primary=KEY_4)
2026-08-18 08:36:03,821 [INFO] [93/121] 선릉역 (primary=KEY_1)
2026-08-18 08:36:05,581 [INFO] [94/121] 성신여대입구역 (primary=KEY_2)
2026-08-18 08:36:06,738 [INFO] [95/121] 수유역 (primary=KEY_3)
2026-08-18 08:36:08,389 [INFO] [96/121] 숭례문 (primary=KEY_4)
2026-08-18 08:36:09,940 [INFO] [97/121] 시의회 앞 (primary=KEY_1)
2026-08-18 08:36:11,352 [INFO] [98/121] 신논현역·논현역 (primary=KEY_2)
2026-08-18 08:36:12,769 [INFO] [99/121] 신도림역 (primary=KEY_3)
2026-08-18 08:36:13,913 [INFO] [100/121] 신림역 (primary=KEY_4)
2026-08-18 08:36:15,247 [INFO] [101/121] 신정네거리역 (primary=KEY_1)
2026-08-18 08:36:16,576 [INFO] [102/121] 신촌·이대역 (primary=KEY_2)
2026-08-18 08:36:17,924 [INFO] [103/121] 쌍문역 (primary=KEY_3)
2026-08-18 08:36:19,254 [INFO] [104/121] 양재역 (primary=KEY_4)
2026-08-18 08:36:20,659 [INFO] [105/121] 역삼역 (primary=KEY_1)
2026-08-18 08:36:22,195 [INFO] [106/121] 연신내역 (primary=KEY_2)
2026-08-18 08:36:23,717 [INFO] [107/121] 오목교역·목동운동장 (primary=KEY_3)
2026-08-18 08:36:25,654 [INFO] [108/121] 왕십리역 (primary=KEY_4)
2026-08-18 08:36:27,598 [INFO] [109/121] 용산역 (primary=KEY_1)
2026-08-18 08:36:29,142 [INFO] [110/121] 이태원역 (primary=KEY_2)
2026-08-18 08:36:30,309 [INFO] [111/121] 잠실새내역 (primary=KEY_3)
2026-08-18 08:36:31,699 [INFO] [112/121] 잠실역 (primary=KEY_4)
2026-08-18 08:36:33,237 [INFO] [113/121] 장지역 (primary=KEY_1)
2026-08-18 08:36:34,780 [INFO] [114/121] 장한평역 (primary=KEY_2)
2026-08-18 08:36:36,192 [INFO] [115/121] 천호역 (primary=KEY_3)
2026-08-18 08:36:37,564 [INFO] [116/121] 총신대입구(이수)역 (primary=KEY_4)
2026-08-18 08:36:38,947 [INFO] [117/121] 충정로역 (primary=KEY_1)
2026-08-18 08:36:40,406 [INFO] [118/121] 합정역 (primary=KEY_2)
2026-08-18 08:36:41,777 [INFO] [119/121] 혜화역 (primary=KEY_3)
2026-08-18 08:36:43,130 [INFO] [120/121] 홍대입구역(2호선) (primary=KEY_4)
2026-08-18 08:36:44,552 [INFO] [121/121] 회기역 (primary=KEY_1)
2026-08-18 08:36:47,620 [INFO] === 수집 완료 | 성공 121, 실패 0 ===
2026-08-18 08:36:47,620 [INFO] 카테고리별 저장 결과:
2026-08-18 08:36:47,620 [INFO]    accident                  | 신규     2행 | 누적     17행 | 16컬럼
2026-08-18 08:36:47,620 [INFO]    area_meta                 | 신규   121행 | 누적   1089행 | 5컬럼
2026-08-18 08:36:47,620 [INFO]    bike                      | 신규    11행 | 누적     99행 | 12컬럼
2026-08-18 08:36:47,620 [INFO]    bike_sbike_stts           | 신규   567행 | 누적   5103행 | 12컬럼
2026-08-18 08:36:47,620 [INFO]    bus                       | 신규     3행 | 누적     27행 | 11컬럼
2026-08-18 08:36:47,621 [INFO]    bus_bus_stn_stts          | 신규  1745행 | 누적  15705행 | 11컬럼
2026-08-18 08:36:47,621 [INFO]    charger                   | 신규     4행 | 누적     36행 | 15컬럼
2026-08-18 08:36:47,621 [INFO]    charger_charger_stts      | 신규  1928행 | 누적  17235행 | 15컬럼
2026-08-18 08:36:47,621 [INFO]    cmrcl                     | 신규    82행 | 누적    738행 | 20컬럼
2026-08-18 08:36:47,621 [INFO]    events                    | 신규    12행 | 누적    103행 | 14컬럼
2026-08-18 08:36:47,621 [INFO]    events_event_stts         | 신규   134행 | 누적   1211행 | 14컬럼
2026-08-18 08:36:47,621 [INFO]    parking                   | 신규     6행 | 누적     54행 | 21컬럼
2026-08-18 08:36:47,621 [INFO]    parking_prk_stts          | 신규  1834행 | 누적  16506행 | 21컬럼
2026-08-18 08:36:47,621 [INFO]    ppltn                     | 신규   121행 | 누적   1089행 | 26컬럼
2026-08-18 08:36:47,621 [INFO]    road                      | 신규   121행 | 누적   1089행 | 21컬럼
2026-08-18 08:36:47,621 [INFO]    road_road_traffic_stts    | 신규  5292행 | 누적  47628행 | 17컬럼
2026-08-18 08:36:47,621 [INFO]    subway                    | 신규    38행 | 누적    342행 | 13컬럼
2026-08-18 08:36:47,621 [INFO]    subway_sub_stts           | 신규   183행 | 누적   1647행 | 13컬럼
2026-08-18 08:36:47,621 [INFO]    weather                   | 신규   119행 | 누적   1071행 | 30컬럼
2026-08-18 08:36:47,621 [INFO] 키별 사용량:
2026-08-18 08:36:47,621 [INFO]    🟢 KEY_1 (31/1000) 
2026-08-18 08:36:47,622 [INFO]    🟢 KEY_2 (30/1000) 
2026-08-18 08:36:47,622 [INFO]    🟢 KEY_3 (30/1000) 
2026-08-18 08:36:47,622 [INFO]    🟢 KEY_4 (30/1000) 
2026-08-18 10:46:59,711 [INFO] 등록된 키: 4개, 합산 한도 4,000건/일
2026-08-18 10:46:59,712 [INFO] POI 로드: 매뉴얼 v8.5 기준 fallback 121개 (121개 전체)
2026-08-18 10:46:59,712 [INFO] === 수집 시작 2026-08-18T10:46:59.712156+09:00 ===
2026-08-18 10:46:59,712 [INFO] 대상 장소: 121개 | API: citydata (통합)
2026-08-18 10:46:59,712 [INFO] 키 풀: 4/4 활성 | 오늘 사용 0/4000건
2026-08-18 10:46:59,712 [INFO]   [KEY_1] 담당 31장소
2026-08-18 10:46:59,712 [INFO]   [KEY_2] 담당 30장소
2026-08-18 10:46:59,712 [INFO]   [KEY_3] 담당 30장소
2026-08-18 10:46:59,712 [INFO]   [KEY_4] 담당 30장소
2026-08-18 10:46:59,712 [INFO] [1/121] 경복궁 (primary=KEY_1)
2026-08-18 10:47:01,652 [INFO] [2/121] 광화문·덕수궁 (primary=KEY_2)
2026-08-18 10:47:03,926 [INFO] [3/121] 보신각 (primary=KEY_3)
2026-08-18 10:47:05,638 [INFO] [4/121] 서울 암사동 유적 (primary=KEY_4)
2026-08-18 10:47:06,743 [INFO] [5/121] 창덕궁·종묘 (primary=KEY_1)
2026-08-18 10:47:08,532 [INFO] [6/121] 강남 MICE 관광특구 (primary=KEY_2)
2026-08-18 10:47:10,341 [INFO] [7/121] 동대문 관광특구 (primary=KEY_3)
2026-08-18 10:47:11,712 [INFO] [8/121] 명동 관광특구 (primary=KEY_4)
2026-08-18 10:47:13,935 [INFO] [9/121] 이태원 관광특구 (primary=KEY_1)
2026-08-18 10:47:15,097 [INFO] [10/121] 잠실 관광특구 (primary=KEY_2)
2026-08-18 10:47:16,561 [INFO] [11/121] 종로·청계 관광특구 (primary=KEY_3)
2026-08-18 10:47:18,708 [INFO] [12/121] 홍대 관광특구 (primary=KEY_4)
2026-08-18 10:47:20,080 [INFO] [13/121] 강서한강공원 (primary=KEY_1)
2026-08-18 10:47:21,048 [INFO] [14/121] 고척돔 (primary=KEY_2)
2026-08-18 10:47:22,154 [INFO] [15/121] 광나루한강공원 (primary=KEY_3)
2026-08-18 10:47:23,942 [INFO] [16/121] 광화문광장 (primary=KEY_4)
2026-08-18 10:47:25,121 [INFO] [17/121] 국립중앙박물관·용산가족공원 (primary=KEY_1)
2026-08-18 10:47:26,113 [INFO] [18/121] 난지한강공원 (primary=KEY_2)
2026-08-18 10:47:27,097 [INFO] [19/121] 남산공원 (primary=KEY_3)
2026-08-18 10:47:28,400 [INFO] [20/121] 노들섬 (primary=KEY_4)
2026-08-18 10:47:29,394 [INFO] [21/121] 뚝섬한강공원 (primary=KEY_1)
2026-08-18 10:47:30,385 [INFO] [22/121] 망원한강공원 (primary=KEY_2)
2026-08-18 10:47:31,516 [INFO] [23/121] 반포한강공원 (primary=KEY_3)
2026-08-18 10:47:32,481 [INFO] [24/121] 보라매공원 (primary=KEY_4)
2026-08-18 10:47:33,491 [INFO] [25/121] 북서울꿈의숲 (primary=KEY_1)
2026-08-18 10:47:34,658 [INFO] [26/121] 서대문독립공원 (primary=KEY_2)
2026-08-18 10:47:36,198 [INFO] [27/121] 서리풀공원·몽마르뜨공원 (primary=KEY_3)
2026-08-18 10:47:37,451 [INFO] [28/121] 서울대공원 (primary=KEY_4)
2026-08-18 10:47:38,444 [INFO] [29/121] 서울숲공원 (primary=KEY_1)
2026-08-18 10:47:39,626 [INFO] [30/121] 송현녹지광장 (primary=KEY_2)
2026-08-18 10:47:41,466 [INFO] [31/121] 아차산 (primary=KEY_3)
2026-08-18 10:47:43,023 [INFO] [32/121] 안양천 (primary=KEY_4)
2026-08-18 10:47:44,026 [INFO] [33/121] 양화한강공원 (primary=KEY_1)
2026-08-18 10:47:45,058 [INFO] [34/121] 어린이대공원 (primary=KEY_2)
2026-08-18 10:47:46,733 [INFO] [35/121] 여의도한강공원 (primary=KEY_3)
2026-08-18 10:47:47,978 [INFO] [36/121] 여의서로 (primary=KEY_4)
2026-08-18 10:47:49,145 [INFO] [37/121] 올림픽공원 (primary=KEY_1)
2026-08-18 10:47:50,485 [INFO] [38/121] 월드컵공원 (primary=KEY_2)
2026-08-18 10:47:51,817 [INFO] [39/121] 응봉산 (primary=KEY_3)
2026-08-18 10:47:52,929 [INFO] [40/121] 이촌한강공원 (primary=KEY_4)
2026-08-18 10:47:53,913 [INFO] [41/121] 잠실종합운동장 (primary=KEY_1)
2026-08-18 10:47:54,930 [INFO] [42/121] 잠실한강공원 (primary=KEY_2)
2026-08-18 10:47:55,937 [INFO] [43/121] 잠원한강공원 (primary=KEY_3)
2026-08-18 10:47:56,930 [INFO] [44/121] 청계산 (primary=KEY_4)
2026-08-18 10:47:57,922 [INFO] [45/121] 홍제폭포 (primary=KEY_1)
2026-08-18 10:47:58,901 [INFO] [46/121] 가락시장 (primary=KEY_2)
2026-08-18 10:48:00,044 [INFO] [47/121] 가로수길 (primary=KEY_3)
2026-08-18 10:48:01,383 [INFO] [48/121] 광장(전통)시장 (primary=KEY_4)
2026-08-18 10:48:02,423 [INFO] [49/121] 김포공항 (primary=KEY_1)
2026-08-18 10:48:03,785 [INFO] [50/121] 남대문시장 (primary=KEY_2)
2026-08-18 10:48:04,913 [INFO] [51/121] 노량진 (primary=KEY_3)
2026-08-18 10:48:06,107 [INFO] [52/121] 덕수궁길·정동길 (primary=KEY_4)
2026-08-18 10:48:07,368 [INFO] [53/121] 북창동 먹자골목 (primary=KEY_1)
2026-08-18 10:48:08,492 [INFO] [54/121] 북촌한옥마을 (primary=KEY_2)
2026-08-18 10:48:09,781 [INFO] [55/121] 서촌 (primary=KEY_3)
2026-08-18 10:48:10,897 [INFO] [56/121] 성수카페거리 (primary=KEY_4)
2026-08-18 10:48:12,187 [INFO] [57/121] 송리단길·호수단길 (primary=KEY_1)
2026-08-18 10:48:13,379 [INFO] [58/121] 신촌 스타광장 (primary=KEY_2)
2026-08-18 10:48:14,368 [INFO] [59/121] 압구정로데오거리 (primary=KEY_3)
2026-08-18 10:48:15,510 [INFO] [60/121] 여의도 (primary=KEY_4)
2026-08-18 10:48:17,355 [INFO] [61/121] 연남동 (primary=KEY_1)
2026-08-18 10:48:18,488 [INFO] [62/121] 영등포 타임스퀘어 (primary=KEY_2)
2026-08-18 10:48:19,615 [INFO] [63/121] 용리단길 (primary=KEY_3)
2026-08-18 10:48:20,682 [INFO] [64/121] 이태원 앤틱가구거리 (primary=KEY_4)
2026-08-18 10:48:21,829 [INFO] [65/121] 익선동 (primary=KEY_1)
2026-08-18 10:48:23,026 [INFO] [66/121] 인사동 (primary=KEY_2)
2026-08-18 10:48:24,405 [INFO] [67/121] 잠실롯데타워·석촌호수 (primary=KEY_3)
2026-08-18 10:48:25,868 [INFO] [68/121] 창동 신경제 중심지 (primary=KEY_4)
2026-08-18 10:48:27,445 [INFO] [69/121] 청담동 명품거리 (primary=KEY_1)
2026-08-18 10:48:28,577 [INFO] [70/121] 청량리 제기동 일대 전통시장 (primary=KEY_2)
2026-08-18 10:48:29,753 [INFO] [71/121] 해방촌·경리단길 (primary=KEY_3)
2026-08-18 10:48:30,755 [INFO] [72/121] DDP(동대문디자인플라자) (primary=KEY_4)
2026-08-18 10:48:31,989 [INFO] [73/121] DMC(디지털미디어시티) (primary=KEY_1)
2026-08-18 10:48:33,445 [INFO] [74/121] 가산디지털단지역 (primary=KEY_2)
2026-08-18 10:48:35,038 [INFO] [75/121] 강남역 (primary=KEY_3)
2026-08-18 10:48:36,376 [INFO] [76/121] 건대입구역 (primary=KEY_4)
2026-08-18 10:48:37,543 [INFO] [77/121] 고덕역 (primary=KEY_1)
2026-08-18 10:48:38,785 [INFO] [78/121] 고속터미널역 (primary=KEY_2)
2026-08-18 10:48:40,003 [INFO] [79/121] 교대역 (primary=KEY_3)
2026-08-18 10:48:41,211 [INFO] [80/121] 구로디지털단지역 (primary=KEY_4)
2026-08-18 10:48:42,638 [INFO] [81/121] 구로역 (primary=KEY_1)
2026-08-18 10:48:43,778 [INFO] [82/121] 군자역 (primary=KEY_2)
2026-08-18 10:48:44,912 [INFO] [83/121] 대림역 (primary=KEY_3)
2026-08-18 10:48:46,091 [INFO] [84/121] 동대문역 (primary=KEY_4)
2026-08-18 10:48:47,391 [INFO] [85/121] 뚝섬역 (primary=KEY_1)
2026-08-18 10:48:48,539 [INFO] [86/121] 미아사거리역 (primary=KEY_2)
2026-08-18 10:48:49,709 [INFO] [87/121] 발산역 (primary=KEY_3)
2026-08-18 10:48:51,155 [INFO] [88/121] 사당역 (primary=KEY_4)
2026-08-18 10:48:52,351 [INFO] [89/121] 삼각지역 (primary=KEY_1)
2026-08-18 10:48:53,520 [INFO] [90/121] 서울대입구역 (primary=KEY_2)
2026-08-18 10:48:54,781 [INFO] [91/121] 서울식물원·마곡나루역 (primary=KEY_3)
2026-08-18 10:48:56,168 [INFO] [92/121] 서울역 (primary=KEY_4)
2026-08-18 10:48:57,546 [INFO] [93/121] 선릉역 (primary=KEY_1)
2026-08-18 10:48:59,029 [INFO] [94/121] 성신여대입구역 (primary=KEY_2)
2026-08-18 10:49:00,046 [INFO] [95/121] 수유역 (primary=KEY_3)
2026-08-18 10:49:01,193 [INFO] [96/121] 숭례문 (primary=KEY_4)
2026-08-18 10:49:02,550 [INFO] [97/121] 시의회 앞 (primary=KEY_1)
2026-08-18 10:49:03,784 [INFO] [98/121] 신논현역·논현역 (primary=KEY_2)
2026-08-18 10:49:05,006 [INFO] [99/121] 신도림역 (primary=KEY_3)
2026-08-18 10:49:06,082 [INFO] [100/121] 신림역 (primary=KEY_4)
2026-08-18 10:49:07,265 [INFO] [101/121] 신정네거리역 (primary=KEY_1)
2026-08-18 10:49:08,425 [INFO] [102/121] 신촌·이대역 (primary=KEY_2)
2026-08-18 10:49:09,559 [INFO] [103/121] 쌍문역 (primary=KEY_3)
2026-08-18 10:49:10,699 [INFO] [104/121] 양재역 (primary=KEY_4)
2026-08-18 10:49:11,873 [INFO] [105/121] 역삼역 (primary=KEY_1)
2026-08-18 10:49:13,169 [INFO] [106/121] 연신내역 (primary=KEY_2)
2026-08-18 10:49:14,212 [INFO] [107/121] 오목교역·목동운동장 (primary=KEY_3)
2026-08-18 10:49:15,804 [INFO] [108/121] 왕십리역 (primary=KEY_4)
2026-08-18 10:49:17,128 [INFO] [109/121] 용산역 (primary=KEY_1)
2026-08-18 10:49:18,412 [INFO] [110/121] 이태원역 (primary=KEY_2)
2026-08-18 10:49:19,459 [INFO] [111/121] 잠실새내역 (primary=KEY_3)
2026-08-18 10:49:20,675 [INFO] [112/121] 잠실역 (primary=KEY_4)
2026-08-18 10:49:21,974 [INFO] [113/121] 장지역 (primary=KEY_1)
2026-08-18 10:49:23,301 [INFO] [114/121] 장한평역 (primary=KEY_2)
2026-08-18 10:49:24,448 [INFO] [115/121] 천호역 (primary=KEY_3)
2026-08-18 10:49:25,775 [INFO] [116/121] 총신대입구(이수)역 (primary=KEY_4)
2026-08-18 10:49:26,952 [INFO] [117/121] 충정로역 (primary=KEY_1)
2026-08-18 10:49:28,161 [INFO] [118/121] 합정역 (primary=KEY_2)
2026-08-18 10:49:29,329 [INFO] [119/121] 혜화역 (primary=KEY_3)
2026-08-18 10:49:30,494 [INFO] [120/121] 홍대입구역(2호선) (primary=KEY_4)
2026-08-18 10:49:31,664 [INFO] [121/121] 회기역 (primary=KEY_1)
2026-08-18 10:49:34,696 [INFO] === 수집 완료 | 성공 121, 실패 0 ===
2026-08-18 10:49:34,696 [INFO] 카테고리별 저장 결과:
2026-08-18 10:49:34,696 [INFO]    accident                  | 신규     4행 | 누적     21행 | 16컬럼
2026-08-18 10:49:34,696 [INFO]    accident_acdnt_cntrl_stts | 신규     2행 | 누적      2행 | 16컬럼
2026-08-18 10:49:34,696 [INFO]    area_meta                 | 신규   121행 | 누적   1210행 | 5컬럼
2026-08-18 10:49:34,696 [INFO]    bike                      | 신규    11행 | 누적    110행 | 12컬럼
2026-08-18 10:49:34,696 [INFO]    bike_sbike_stts           | 신규   567행 | 누적   5670행 | 12컬럼
2026-08-18 10:49:34,697 [INFO]    bus                       | 신규     3행 | 누적     30행 | 11컬럼
2026-08-18 10:49:34,697 [INFO]    bus_bus_stn_stts          | 신규  1745행 | 누적  17450행 | 11컬럼
2026-08-18 10:49:34,697 [INFO]    charger                   | 신규     4행 | 누적     40행 | 15컬럼
2026-08-18 10:49:34,697 [INFO]    charger_charger_stts      | 신규  1928행 | 누적  19150행 | 15컬럼
2026-08-18 10:49:34,697 [INFO]    cmrcl                     | 신규    82행 | 누적    820행 | 20컬럼
2026-08-18 10:49:34,697 [INFO]    disaster                  | 신규     4행 | 누적      4행 | 9컬럼
2026-08-18 10:49:34,697 [INFO]    events                    | 신규    12행 | 누적    115행 | 14컬럼
2026-08-18 10:49:34,697 [INFO]    events_event_stts         | 신규   134행 | 누적   1345행 | 14컬럼
2026-08-18 10:49:34,697 [INFO]    parking                   | 신규     6행 | 누적     60행 | 21컬럼
2026-08-18 10:49:34,697 [INFO]    parking_prk_stts          | 신규  1834행 | 누적  18340행 | 21컬럼
2026-08-18 10:49:34,697 [INFO]    ppltn                     | 신규   121행 | 누적   1210행 | 26컬럼
2026-08-18 10:49:34,697 [INFO]    road                      | 신규   121행 | 누적   1210행 | 21컬럼
2026-08-18 10:49:34,697 [INFO]    road_road_traffic_stts    | 신규  5292행 | 누적  52920행 | 17컬럼
2026-08-18 10:49:34,697 [INFO]    subway                    | 신규    38행 | 누적    380행 | 13컬럼
2026-08-18 10:49:34,697 [INFO]    subway_sub_stts           | 신규   183행 | 누적   1830행 | 13컬럼
2026-08-18 10:49:34,697 [INFO]    weather                   | 신규   119행 | 누적   1190행 | 30컬럼
2026-08-18 10:49:34,697 [INFO] 키별 사용량:
2026-08-18 10:49:34,697 [INFO]    🟢 KEY_1 (31/1000) 
2026-08-18 10:49:34,697 [INFO]    🟢 KEY_2 (30/1000) 
2026-08-18 10:49:34,697 [INFO]    🟢 KEY_3 (30/1000) 
2026-08-18 10:49:34,698 [INFO]    🟢 KEY_4 (30/1000) 
2026-08-18 12:05:55,867 [INFO] 등록된 키: 4개, 합산 한도 4,000건/일
2026-08-18 12:05:55,867 [INFO] POI 로드: 매뉴얼 v8.5 기준 fallback 121개 (121개 전체)
2026-08-18 12:05:55,867 [INFO] === 수집 시작 2026-08-18T12:05:55.867621+09:00 ===
2026-08-18 12:05:55,867 [INFO] 대상 장소: 121개 | API: citydata (통합)
2026-08-18 12:05:55,867 [INFO] 키 풀: 4/4 활성 | 오늘 사용 0/4000건
2026-08-18 12:05:55,867 [INFO]   [KEY_1] 담당 31장소
2026-08-18 12:05:55,867 [INFO]   [KEY_2] 담당 30장소
2026-08-18 12:05:55,867 [INFO]   [KEY_3] 담당 30장소
2026-08-18 12:05:55,867 [INFO]   [KEY_4] 담당 30장소
2026-08-18 12:05:55,867 [INFO] [1/121] 경복궁 (primary=KEY_1)
2026-08-18 12:05:58,362 [INFO] [2/121] 광화문·덕수궁 (primary=KEY_2)
2026-08-18 12:06:00,099 [INFO] [3/121] 보신각 (primary=KEY_3)
2026-08-18 12:06:02,217 [INFO] [4/121] 서울 암사동 유적 (primary=KEY_4)
2026-08-18 12:06:04,528 [INFO] [5/121] 창덕궁·종묘 (primary=KEY_1)
2026-08-18 12:06:05,873 [INFO] [6/121] 강남 MICE 관광특구 (primary=KEY_2)
2026-08-18 12:06:07,886 [INFO] [7/121] 동대문 관광특구 (primary=KEY_3)
2026-08-18 12:06:09,654 [INFO] [8/121] 명동 관광특구 (primary=KEY_4)
2026-08-18 12:06:11,543 [INFO] [9/121] 이태원 관광특구 (primary=KEY_1)
2026-08-18 12:06:14,051 [INFO] [10/121] 잠실 관광특구 (primary=KEY_2)
2026-08-18 12:06:17,192 [INFO] [11/121] 종로·청계 관광특구 (primary=KEY_3)
2026-08-18 12:06:18,851 [INFO] [12/121] 홍대 관광특구 (primary=KEY_4)
2026-08-18 12:06:21,234 [INFO] [13/121] 강서한강공원 (primary=KEY_1)
2026-08-18 12:06:23,139 [INFO] [14/121] 고척돔 (primary=KEY_2)
2026-08-18 12:06:25,036 [INFO] [15/121] 광나루한강공원 (primary=KEY_3)
2026-08-18 12:06:26,343 [INFO] [16/121] 광화문광장 (primary=KEY_4)
2026-08-18 12:06:27,879 [INFO] [17/121] 국립중앙박물관·용산가족공원 (primary=KEY_1)
2026-08-18 12:06:29,816 [INFO] [18/121] 난지한강공원 (primary=KEY_2)
2026-08-18 12:06:31,875 [INFO] [19/121] 남산공원 (primary=KEY_3)
2026-08-18 12:06:33,699 [INFO] [20/121] 노들섬 (primary=KEY_4)
2026-08-18 12:06:34,819 [INFO] [21/121] 뚝섬한강공원 (primary=KEY_1)
2026-08-18 12:06:36,653 [INFO] [22/121] 망원한강공원 (primary=KEY_2)
2026-08-18 12:06:38,679 [INFO] [23/121] 반포한강공원 (primary=KEY_3)
2026-08-18 12:06:39,810 [INFO] [24/121] 보라매공원 (primary=KEY_4)
2026-08-18 12:06:42,201 [INFO] [25/121] 북서울꿈의숲 (primary=KEY_1)
2026-08-18 12:06:43,570 [INFO] [26/121] 서대문독립공원 (primary=KEY_2)
2026-08-18 12:06:44,918 [INFO] [27/121] 서리풀공원·몽마르뜨공원 (primary=KEY_3)
2026-08-18 12:06:46,292 [INFO] [28/121] 서울대공원 (primary=KEY_4)
2026-08-18 12:06:47,612 [INFO] [29/121] 서울숲공원 (primary=KEY_1)
2026-08-18 12:06:50,089 [INFO] [30/121] 송현녹지광장 (primary=KEY_2)
2026-08-18 12:06:52,265 [INFO] [31/121] 아차산 (primary=KEY_3)
2026-08-18 12:06:53,395 [INFO] [32/121] 안양천 (primary=KEY_4)
2026-08-18 12:06:55,287 [INFO] [33/121] 양화한강공원 (primary=KEY_1)
2026-08-18 12:06:57,577 [INFO] [34/121] 어린이대공원 (primary=KEY_2)
2026-08-18 12:06:58,969 [INFO] [35/121] 여의도한강공원 (primary=KEY_3)
2026-08-18 12:07:00,294 [INFO] [36/121] 여의서로 (primary=KEY_4)
2026-08-18 12:07:01,794 [INFO] [37/121] 올림픽공원 (primary=KEY_1)
2026-08-18 12:07:03,378 [INFO] [38/121] 월드컵공원 (primary=KEY_2)
2026-08-18 12:07:04,918 [INFO] [39/121] 응봉산 (primary=KEY_3)
2026-08-18 12:07:06,280 [INFO] [40/121] 이촌한강공원 (primary=KEY_4)
2026-08-18 12:07:07,404 [INFO] [41/121] 잠실종합운동장 (primary=KEY_1)
2026-08-18 12:07:08,541 [INFO] [42/121] 잠실한강공원 (primary=KEY_2)
2026-08-18 12:07:09,699 [INFO] [43/121] 잠원한강공원 (primary=KEY_3)
2026-08-18 12:07:10,828 [INFO] [44/121] 청계산 (primary=KEY_4)
2026-08-18 12:07:11,954 [INFO] [45/121] 홍제폭포 (primary=KEY_1)
2026-08-18 12:07:13,121 [INFO] [46/121] 가락시장 (primary=KEY_2)
2026-08-18 12:07:14,476 [INFO] [47/121] 가로수길 (primary=KEY_3)
2026-08-18 12:07:15,879 [INFO] [48/121] 광장(전통)시장 (primary=KEY_4)
2026-08-18 12:07:17,050 [INFO] [49/121] 김포공항 (primary=KEY_1)
2026-08-18 12:07:18,597 [INFO] [50/121] 남대문시장 (primary=KEY_2)
2026-08-18 12:07:19,935 [INFO] [51/121] 노량진 (primary=KEY_3)
2026-08-18 12:07:21,363 [INFO] [52/121] 덕수궁길·정동길 (primary=KEY_4)
2026-08-18 12:07:22,727 [INFO] [53/121] 북창동 먹자골목 (primary=KEY_1)
2026-08-18 12:07:24,059 [INFO] [54/121] 북촌한옥마을 (primary=KEY_2)
2026-08-18 12:07:25,589 [INFO] [55/121] 서촌 (primary=KEY_3)
2026-08-18 12:07:26,938 [INFO] [56/121] 성수카페거리 (primary=KEY_4)
2026-08-18 12:07:28,525 [INFO] [57/121] 송리단길·호수단길 (primary=KEY_1)
2026-08-18 12:07:29,891 [INFO] [58/121] 신촌 스타광장 (primary=KEY_2)
2026-08-18 12:07:31,047 [INFO] [59/121] 압구정로데오거리 (primary=KEY_3)
2026-08-18 12:07:32,399 [INFO] [60/121] 여의도 (primary=KEY_4)
2026-08-18 12:07:34,660 [INFO] [61/121] 연남동 (primary=KEY_1)
2026-08-18 12:07:35,978 [INFO] [62/121] 영등포 타임스퀘어 (primary=KEY_2)
2026-08-18 12:07:37,345 [INFO] [63/121] 용리단길 (primary=KEY_3)
2026-08-18 12:07:38,532 [INFO] [64/121] 이태원 앤틱가구거리 (primary=KEY_4)
2026-08-18 12:07:39,879 [INFO] [65/121] 익선동 (primary=KEY_1)
2026-08-18 12:07:41,258 [INFO] [66/121] 인사동 (primary=KEY_2)
2026-08-18 12:07:43,687 [INFO] [67/121] 잠실롯데타워·석촌호수 (primary=KEY_3)
2026-08-18 12:07:45,489 [INFO] [68/121] 창동 신경제 중심지 (primary=KEY_4)
2026-08-18 12:07:47,281 [INFO] [69/121] 청담동 명품거리 (primary=KEY_1)
2026-08-18 12:07:48,645 [INFO] [70/121] 청량리 제기동 일대 전통시장 (primary=KEY_2)
2026-08-18 12:07:50,004 [INFO] [71/121] 해방촌·경리단길 (primary=KEY_3)
2026-08-18 12:07:51,144 [INFO] [72/121] DDP(동대문디자인플라자) (primary=KEY_4)
2026-08-18 12:07:52,536 [INFO] [73/121] DMC(디지털미디어시티) (primary=KEY_1)
2026-08-18 12:07:54,940 [INFO] [74/121] 가산디지털단지역 (primary=KEY_2)
2026-08-18 12:07:57,282 [INFO] [75/121] 강남역 (primary=KEY_3)
2026-08-18 12:07:59,356 [INFO] [76/121] 건대입구역 (primary=KEY_4)
2026-08-18 12:08:00,912 [INFO] [77/121] 고덕역 (primary=KEY_1)
2026-08-18 12:08:03,385 [INFO] [78/121] 고속터미널역 (primary=KEY_2)
2026-08-18 12:08:05,731 [INFO] [79/121] 교대역 (primary=KEY_3)
2026-08-18 12:08:07,849 [INFO] [80/121] 구로디지털단지역 (primary=KEY_4)
2026-08-18 12:08:10,366 [INFO] [81/121] 구로역 (primary=KEY_1)
2026-08-18 12:08:12,458 [INFO] [82/121] 군자역 (primary=KEY_2)
2026-08-18 12:08:14,784 [INFO] [83/121] 대림역 (primary=KEY_3)
2026-08-18 12:08:16,194 [INFO] [84/121] 동대문역 (primary=KEY_4)
2026-08-18 12:08:18,521 [INFO] [85/121] 뚝섬역 (primary=KEY_1)
2026-08-18 12:08:21,010 [INFO] [86/121] 미아사거리역 (primary=KEY_2)
2026-08-18 12:08:23,357 [INFO] [87/121] 발산역 (primary=KEY_3)
2026-08-18 12:08:26,061 [INFO] [88/121] 사당역 (primary=KEY_4)
2026-08-18 12:08:28,182 [INFO] [89/121] 삼각지역 (primary=KEY_1)
2026-08-18 12:08:30,278 [INFO] [90/121] 서울대입구역 (primary=KEY_2)
2026-08-18 12:08:32,575 [INFO] [91/121] 서울식물원·마곡나루역 (primary=KEY_3)
2026-08-18 12:08:34,126 [INFO] [92/121] 서울역 (primary=KEY_4)
2026-08-18 12:08:36,103 [INFO] [93/121] 선릉역 (primary=KEY_1)
2026-08-18 12:08:37,861 [INFO] [94/121] 성신여대입구역 (primary=KEY_2)
2026-08-18 12:08:39,030 [INFO] [95/121] 수유역 (primary=KEY_3)
2026-08-18 12:08:40,756 [INFO] [96/121] 숭례문 (primary=KEY_4)
2026-08-18 12:08:42,334 [INFO] [97/121] 시의회 앞 (primary=KEY_1)
2026-08-18 12:08:43,752 [INFO] [98/121] 신논현역·논현역 (primary=KEY_2)
2026-08-18 12:08:45,287 [INFO] [99/121] 신도림역 (primary=KEY_3)
2026-08-18 12:08:46,451 [INFO] [100/121] 신림역 (primary=KEY_4)
2026-08-18 12:08:48,744 [INFO] [101/121] 신정네거리역 (primary=KEY_1)
2026-08-18 12:08:50,084 [INFO] [102/121] 신촌·이대역 (primary=KEY_2)
2026-08-18 12:08:51,510 [INFO] [103/121] 쌍문역 (primary=KEY_3)
2026-08-18 12:08:52,863 [INFO] [104/121] 양재역 (primary=KEY_4)
2026-08-18 12:08:54,221 [INFO] [105/121] 역삼역 (primary=KEY_1)
2026-08-18 12:08:55,938 [INFO] [106/121] 연신내역 (primary=KEY_2)
2026-08-18 12:08:57,192 [INFO] [107/121] 오목교역·목동운동장 (primary=KEY_3)
2026-08-18 12:08:59,115 [INFO] [108/121] 왕십리역 (primary=KEY_4)
2026-08-18 12:09:00,727 [INFO] [109/121] 용산역 (primary=KEY_1)
2026-08-18 12:09:02,295 [INFO] [110/121] 이태원역 (primary=KEY_2)
2026-08-18 12:09:03,452 [INFO] [111/121] 잠실새내역 (primary=KEY_3)
2026-08-18 12:09:04,786 [INFO] [112/121] 잠실역 (primary=KEY_4)
2026-08-18 12:09:07,461 [INFO] [113/121] 장지역 (primary=KEY_1)
2026-08-18 12:09:09,686 [INFO] [114/121] 장한평역 (primary=KEY_2)
2026-08-18 12:09:11,855 [INFO] [115/121] 천호역 (primary=KEY_3)
2026-08-18 12:09:13,396 [INFO] [116/121] 총신대입구(이수)역 (primary=KEY_4)
2026-08-18 12:09:14,763 [INFO] [117/121] 충정로역 (primary=KEY_1)
2026-08-18 12:09:16,118 [INFO] [118/121] 합정역 (primary=KEY_2)
2026-08-18 12:09:17,663 [INFO] [119/121] 혜화역 (primary=KEY_3)
2026-08-18 12:09:18,996 [INFO] [120/121] 홍대입구역(2호선) (primary=KEY_4)
2026-08-18 12:09:20,378 [INFO] [121/121] 회기역 (primary=KEY_1)
2026-08-18 12:09:23,440 [INFO] === 수집 완료 | 성공 121, 실패 0 ===
2026-08-18 12:09:23,440 [INFO] 카테고리별 저장 결과:
2026-08-18 12:09:23,440 [INFO]    accident                  | 신규     5행 | 누적     26행 | 16컬럼
2026-08-18 12:09:23,440 [INFO]    accident_acdnt_cntrl_stts | 신규     4행 | 누적      6행 | 16컬럼
2026-08-18 12:09:23,440 [INFO]    area_meta                 | 신규   121행 | 누적   1331행 | 5컬럼
2026-08-18 12:09:23,440 [INFO]    bike                      | 신규    11행 | 누적    121행 | 12컬럼
2026-08-18 12:09:23,440 [INFO]    bike_sbike_stts           | 신규   567행 | 누적   6237행 | 12컬럼
2026-08-18 12:09:23,440 [INFO]    bus                       | 신규     3행 | 누적     33행 | 11컬럼
2026-08-18 12:09:23,440 [INFO]    bus_bus_stn_stts          | 신규  1745행 | 누적  19195행 | 11컬럼
2026-08-18 12:09:23,440 [INFO]    charger                   | 신규     4행 | 누적     44행 | 15컬럼
2026-08-18 12:09:23,440 [INFO]    charger_charger_stts      | 신규  1928행 | 누적  21065행 | 15컬럼
2026-08-18 12:09:23,440 [INFO]    cmrcl                     | 신규    82행 | 누적    902행 | 20컬럼
2026-08-18 12:09:23,440 [INFO]    disaster                  | 신규    67행 | 누적     71행 | 9컬럼
2026-08-18 12:09:23,440 [INFO]    disaster_live_dst_message | 신규    10행 | 누적     10행 | 9컬럼
2026-08-18 12:09:23,440 [INFO]    events                    | 신규    12행 | 누적    127행 | 14컬럼
2026-08-18 12:09:23,440 [INFO]    events_event_stts         | 신규   134행 | 누적   1479행 | 14컬럼
2026-08-18 12:09:23,440 [INFO]    parking                   | 신규     6행 | 누적     66행 | 21컬럼
2026-08-18 12:09:23,440 [INFO]    parking_prk_stts          | 신규  1834행 | 누적  20174행 | 21컬럼
2026-08-18 12:09:23,441 [INFO]    ppltn                     | 신규   121행 | 누적   1331행 | 26컬럼
2026-08-18 12:09:23,441 [INFO]    road                      | 신규   121행 | 누적   1331행 | 21컬럼
2026-08-18 12:09:23,441 [INFO]    road_road_traffic_stts    | 신규  5292행 | 누적  58212행 | 17컬럼
2026-08-18 12:09:23,441 [INFO]    subway                    | 신규    38행 | 누적    418행 | 13컬럼
2026-08-18 12:09:23,441 [INFO]    subway_sub_stts           | 신규   183행 | 누적   2013행 | 13컬럼
2026-08-18 12:09:23,441 [INFO]    weather                   | 신규   119행 | 누적   1309행 | 30컬럼
2026-08-18 12:09:23,441 [INFO] 키별 사용량:
2026-08-18 12:09:23,441 [INFO]    🟢 KEY_1 (31/1000) 
2026-08-18 12:09:23,441 [INFO]    🟢 KEY_2 (30/1000) 
2026-08-18 12:09:23,441 [INFO]    🟢 KEY_3 (30/1000) 
2026-08-18 12:09:23,441 [INFO]    🟢 KEY_4 (30/1000) 
2026-08-18 12:55:50,537 [INFO] 등록된 키: 4개, 합산 한도 4,000건/일
2026-08-18 12:55:50,538 [INFO] POI 로드: 매뉴얼 v8.5 기준 fallback 121개 (121개 전체)
2026-08-18 12:55:50,538 [INFO] === 수집 시작 2026-08-18T12:55:50.538491+09:00 ===
2026-08-18 12:55:50,538 [INFO] 대상 장소: 121개 | API: citydata (통합)
2026-08-18 12:55:50,538 [INFO] 키 풀: 4/4 활성 | 오늘 사용 0/4000건
2026-08-18 12:55:50,538 [INFO]   [KEY_1] 담당 31장소
2026-08-18 12:55:50,538 [INFO]   [KEY_2] 담당 30장소
2026-08-18 12:55:50,538 [INFO]   [KEY_3] 담당 30장소
2026-08-18 12:55:50,539 [INFO]   [KEY_4] 담당 30장소
2026-08-18 12:55:50,539 [INFO] [1/121] 경복궁 (primary=KEY_1)
2026-08-18 12:55:52,659 [INFO] [2/121] 광화문·덕수궁 (primary=KEY_2)
2026-08-18 12:55:55,022 [INFO] [3/121] 보신각 (primary=KEY_3)
2026-08-18 12:55:57,155 [INFO] [4/121] 서울 암사동 유적 (primary=KEY_4)
2026-08-18 12:55:59,416 [INFO] [5/121] 창덕궁·종묘 (primary=KEY_1)
2026-08-18 12:56:01,508 [INFO] [6/121] 강남 MICE 관광특구 (primary=KEY_2)
2026-08-18 12:56:03,445 [INFO] [7/121] 동대문 관광특구 (primary=KEY_3)
2026-08-18 12:56:06,037 [INFO] [8/121] 명동 관광특구 (primary=KEY_4)
2026-08-18 12:56:07,910 [INFO] [9/121] 이태원 관광특구 (primary=KEY_1)
2026-08-18 12:56:09,465 [INFO] [10/121] 잠실 관광특구 (primary=KEY_2)
2026-08-18 12:56:11,450 [INFO] [11/121] 종로·청계 관광특구 (primary=KEY_3)
2026-08-18 12:56:13,253 [INFO] [12/121] 홍대 관광특구 (primary=KEY_4)
2026-08-18 12:56:15,772 [INFO] [13/121] 강서한강공원 (primary=KEY_1)
2026-08-18 12:56:17,715 [INFO] [14/121] 고척돔 (primary=KEY_2)
2026-08-18 12:56:19,043 [INFO] [15/121] 광나루한강공원 (primary=KEY_3)
2026-08-18 12:56:20,973 [INFO] [16/121] 광화문광장 (primary=KEY_4)
2026-08-18 12:56:22,508 [INFO] [17/121] 국립중앙박물관·용산가족공원 (primary=KEY_1)
2026-08-18 12:56:23,840 [INFO] [18/121] 난지한강공원 (primary=KEY_2)
2026-08-18 12:56:25,163 [INFO] [19/121] 남산공원 (primary=KEY_3)
2026-08-18 12:56:27,664 [INFO] [20/121] 노들섬 (primary=KEY_4)
2026-08-18 12:56:29,967 [INFO] [21/121] 뚝섬한강공원 (primary=KEY_1)
2026-08-18 12:56:31,301 [INFO] [22/121] 망원한강공원 (primary=KEY_2)
2026-08-18 12:56:32,861 [INFO] [23/121] 반포한강공원 (primary=KEY_3)
2026-08-18 12:56:33,980 [INFO] [24/121] 보라매공원 (primary=KEY_4)
2026-08-18 12:56:35,184 [INFO] [25/121] 북서울꿈의숲 (primary=KEY_1)
2026-08-18 12:56:36,552 [INFO] [26/121] 서대문독립공원 (primary=KEY_2)
2026-08-18 12:56:38,407 [INFO] [27/121] 서리풀공원·몽마르뜨공원 (primary=KEY_3)
2026-08-18 12:56:39,995 [INFO] [28/121] 서울대공원 (primary=KEY_4)
2026-08-18 12:56:41,303 [INFO] [29/121] 서울숲공원 (primary=KEY_1)
2026-08-18 12:56:42,647 [INFO] [30/121] 송현녹지광장 (primary=KEY_2)
2026-08-18 12:56:43,986 [INFO] [31/121] 아차산 (primary=KEY_3)
2026-08-18 12:56:45,136 [INFO] [32/121] 안양천 (primary=KEY_4)
2026-08-18 12:56:46,272 [INFO] [33/121] 양화한강공원 (primary=KEY_1)
2026-08-18 12:56:47,427 [INFO] [34/121] 어린이대공원 (primary=KEY_2)
2026-08-18 12:56:48,785 [INFO] [35/121] 여의도한강공원 (primary=KEY_3)
2026-08-18 12:56:50,113 [INFO] [36/121] 여의서로 (primary=KEY_4)
2026-08-18 12:56:51,439 [INFO] [37/121] 올림픽공원 (primary=KEY_1)
2026-08-18 12:56:53,181 [INFO] [38/121] 월드컵공원 (primary=KEY_2)
2026-08-18 12:56:55,556 [INFO] [39/121] 응봉산 (primary=KEY_3)
2026-08-18 12:56:56,881 [INFO] [40/121] 이촌한강공원 (primary=KEY_4)
2026-08-18 12:56:58,194 [INFO] [41/121] 잠실종합운동장 (primary=KEY_1)
2026-08-18 12:56:59,348 [INFO] [42/121] 잠실한강공원 (primary=KEY_2)
2026-08-18 12:57:00,491 [INFO] [43/121] 잠원한강공원 (primary=KEY_3)
2026-08-18 12:57:01,624 [INFO] [44/121] 청계산 (primary=KEY_4)
2026-08-18 12:57:02,771 [INFO] [45/121] 홍제폭포 (primary=KEY_1)
2026-08-18 12:57:03,898 [INFO] [46/121] 가락시장 (primary=KEY_2)
2026-08-18 12:57:06,422 [INFO] [47/121] 가로수길 (primary=KEY_3)
2026-08-18 12:57:07,774 [INFO] [48/121] 광장(전통)시장 (primary=KEY_4)
2026-08-18 12:57:08,937 [INFO] [49/121] 김포공항 (primary=KEY_1)
2026-08-18 12:57:10,704 [INFO] [50/121] 남대문시장 (primary=KEY_2)
2026-08-18 12:57:12,061 [INFO] [51/121] 노량진 (primary=KEY_3)
2026-08-18 12:57:13,600 [INFO] [52/121] 덕수궁길·정동길 (primary=KEY_4)
2026-08-18 12:57:14,983 [INFO] [53/121] 북창동 먹자골목 (primary=KEY_1)
2026-08-18 12:57:17,247 [INFO] [54/121] 북촌한옥마을 (primary=KEY_2)
2026-08-18 12:57:18,806 [INFO] [55/121] 서촌 (primary=KEY_3)
2026-08-18 12:57:20,316 [INFO] [56/121] 성수카페거리 (primary=KEY_4)
2026-08-18 12:57:21,857 [INFO] [57/121] 송리단길·호수단길 (primary=KEY_1)
2026-08-18 12:57:24,399 [INFO] [58/121] 신촌 스타광장 (primary=KEY_2)
2026-08-18 12:57:25,554 [INFO] [59/121] 압구정로데오거리 (primary=KEY_3)
2026-08-18 12:57:26,909 [INFO] [60/121] 여의도 (primary=KEY_4)
2026-08-18 12:57:29,108 [INFO] [61/121] 연남동 (primary=KEY_1)
2026-08-18 12:57:31,220 [INFO] [62/121] 영등포 타임스퀘어 (primary=KEY_2)
2026-08-18 12:57:32,586 [INFO] [63/121] 용리단길 (primary=KEY_3)
2026-08-18 12:57:33,759 [INFO] [64/121] 이태원 앤틱가구거리 (primary=KEY_4)
2026-08-18 12:57:35,118 [INFO] [65/121] 익선동 (primary=KEY_1)
2026-08-18 12:57:36,685 [INFO] [66/121] 인사동 (primary=KEY_2)
2026-08-18 12:57:38,256 [INFO] [67/121] 잠실롯데타워·석촌호수 (primary=KEY_3)
2026-08-18 12:57:40,068 [INFO] [68/121] 창동 신경제 중심지 (primary=KEY_4)
2026-08-18 12:57:41,876 [INFO] [69/121] 청담동 명품거리 (primary=KEY_1)
2026-08-18 12:57:43,235 [INFO] [70/121] 청량리 제기동 일대 전통시장 (primary=KEY_2)
2026-08-18 12:57:44,619 [INFO] [71/121] 해방촌·경리단길 (primary=KEY_3)
2026-08-18 12:57:45,766 [INFO] [72/121] DDP(동대문디자인플라자) (primary=KEY_4)
2026-08-18 12:57:47,164 [INFO] [73/121] DMC(디지털미디어시티) (primary=KEY_1)
2026-08-18 12:57:48,976 [INFO] [74/121] 가산디지털단지역 (primary=KEY_2)
2026-08-18 12:57:50,901 [INFO] [75/121] 강남역 (primary=KEY_3)
2026-08-18 12:57:52,738 [INFO] [76/121] 건대입구역 (primary=KEY_4)
2026-08-18 12:57:54,136 [INFO] [77/121] 고덕역 (primary=KEY_1)
2026-08-18 12:57:55,482 [INFO] [78/121] 고속터미널역 (primary=KEY_2)
2026-08-18 12:57:56,905 [INFO] [79/121] 교대역 (primary=KEY_3)
2026-08-18 12:57:58,266 [INFO] [80/121] 구로디지털단지역 (primary=KEY_4)
2026-08-18 12:57:59,987 [INFO] [81/121] 구로역 (primary=KEY_1)
2026-08-18 12:58:01,335 [INFO] [82/121] 군자역 (primary=KEY_2)
2026-08-18 12:58:02,734 [INFO] [83/121] 대림역 (primary=KEY_3)
2026-08-18 12:58:04,090 [INFO] [84/121] 동대문역 (primary=KEY_4)
2026-08-18 12:58:05,451 [INFO] [85/121] 뚝섬역 (primary=KEY_1)
2026-08-18 12:58:06,790 [INFO] [86/121] 미아사거리역 (primary=KEY_2)
2026-08-18 12:58:08,145 [INFO] [87/121] 발산역 (primary=KEY_3)
2026-08-18 12:58:09,897 [INFO] [88/121] 사당역 (primary=KEY_4)
2026-08-18 12:58:11,465 [INFO] [89/121] 삼각지역 (primary=KEY_1)
2026-08-18 12:58:12,829 [INFO] [90/121] 서울대입구역 (primary=KEY_2)
2026-08-18 12:58:14,169 [INFO] [91/121] 서울식물원·마곡나루역 (primary=KEY_3)
2026-08-18 12:58:15,742 [INFO] [92/121] 서울역 (primary=KEY_4)
2026-08-18 12:58:17,373 [INFO] [93/121] 선릉역 (primary=KEY_1)
2026-08-18 12:58:19,243 [INFO] [94/121] 성신여대입구역 (primary=KEY_2)
2026-08-18 12:58:20,603 [INFO] [95/121] 수유역 (primary=KEY_3)
2026-08-18 12:58:21,956 [INFO] [96/121] 숭례문 (primary=KEY_4)
2026-08-18 12:58:23,537 [INFO] [97/121] 시의회 앞 (primary=KEY_1)
2026-08-18 12:58:24,921 [INFO] [98/121] 신논현역·논현역 (primary=KEY_2)
2026-08-18 12:58:26,305 [INFO] [99/121] 신도림역 (primary=KEY_3)
2026-08-18 12:58:27,491 [INFO] [100/121] 신림역 (primary=KEY_4)
2026-08-18 12:58:28,838 [INFO] [101/121] 신정네거리역 (primary=KEY_1)
2026-08-18 12:58:30,193 [INFO] [102/121] 신촌·이대역 (primary=KEY_2)
2026-08-18 12:58:31,547 [INFO] [103/121] 쌍문역 (primary=KEY_3)
2026-08-18 12:58:32,897 [INFO] [104/121] 양재역 (primary=KEY_4)
2026-08-18 12:58:34,256 [INFO] [105/121] 역삼역 (primary=KEY_1)
2026-08-18 12:58:35,785 [INFO] [106/121] 연신내역 (primary=KEY_2)
2026-08-18 12:58:36,962 [INFO] [107/121] 오목교역·목동운동장 (primary=KEY_3)
2026-08-18 12:58:38,914 [INFO] [108/121] 왕십리역 (primary=KEY_4)
2026-08-18 12:58:40,566 [INFO] [109/121] 용산역 (primary=KEY_1)
2026-08-18 12:58:42,118 [INFO] [110/121] 이태원역 (primary=KEY_2)
2026-08-18 12:58:43,267 [INFO] [111/121] 잠실새내역 (primary=KEY_3)
2026-08-18 12:58:44,612 [INFO] [112/121] 잠실역 (primary=KEY_4)
2026-08-18 12:58:46,180 [INFO] [113/121] 장지역 (primary=KEY_1)
2026-08-18 12:58:47,728 [INFO] [114/121] 장한평역 (primary=KEY_2)
2026-08-18 12:58:49,069 [INFO] [115/121] 천호역 (primary=KEY_3)
2026-08-18 12:58:50,590 [INFO] [116/121] 총신대입구(이수)역 (primary=KEY_4)
2026-08-18 12:58:52,013 [INFO] [117/121] 충정로역 (primary=KEY_1)
2026-08-18 12:58:53,388 [INFO] [118/121] 합정역 (primary=KEY_2)
2026-08-18 12:58:54,990 [INFO] [119/121] 혜화역 (primary=KEY_3)
2026-08-18 12:58:56,331 [INFO] [120/121] 홍대입구역(2호선) (primary=KEY_4)
2026-08-18 12:58:57,708 [INFO] [121/121] 회기역 (primary=KEY_1)
2026-08-18 12:59:01,305 [INFO] === 수집 완료 | 성공 121, 실패 0 ===
2026-08-18 12:59:01,305 [INFO] 카테고리별 저장 결과:
2026-08-18 12:59:01,305 [INFO]    accident                  | 신규     5행 | 누적     31행 | 16컬럼
2026-08-18 12:59:01,305 [INFO]    accident_acdnt_cntrl_stts | 신규     4행 | 누적     10행 | 16컬럼
2026-08-18 12:59:01,305 [INFO]    area_meta                 | 신규   121행 | 누적   1452행 | 5컬럼
2026-08-18 12:59:01,305 [INFO]    bike                      | 신규    11행 | 누적    132행 | 12컬럼
2026-08-18 12:59:01,305 [INFO]    bike_sbike_stts           | 신규   567행 | 누적   6804행 | 12컬럼
2026-08-18 12:59:01,305 [INFO]    bus                       | 신규     3행 | 누적     36행 | 11컬럼
2026-08-18 12:59:01,305 [INFO]    bus_bus_stn_stts          | 신규  1745행 | 누적  20940행 | 11컬럼
2026-08-18 12:59:01,306 [INFO]    charger                   | 신규     4행 | 누적     48행 | 15컬럼
2026-08-18 12:59:01,306 [INFO]    charger_charger_stts      | 신규  1928행 | 누적  22980행 | 15컬럼
2026-08-18 12:59:01,306 [INFO]    cmrcl                     | 신규    82행 | 누적    984행 | 20컬럼
2026-08-18 12:59:01,306 [INFO]    disaster                  | 신규    67행 | 누적    138행 | 9컬럼
2026-08-18 12:59:01,306 [INFO]    disaster_live_dst_message | 신규    10행 | 누적     20행 | 9컬럼
2026-08-18 12:59:01,306 [INFO]    events                    | 신규    12행 | 누적    139행 | 14컬럼
2026-08-18 12:59:01,306 [INFO]    events_event_stts         | 신규   134행 | 누적   1613행 | 14컬럼
2026-08-18 12:59:01,306 [INFO]    parking                   | 신규     6행 | 누적     72행 | 21컬럼
2026-08-18 12:59:01,306 [INFO]    parking_prk_stts          | 신규  1834행 | 누적  22008행 | 21컬럼
2026-08-18 12:59:01,306 [INFO]    ppltn                     | 신규   121행 | 누적   1452행 | 26컬럼
2026-08-18 12:59:01,306 [INFO]    road                      | 신규   121행 | 누적   1452행 | 21컬럼
2026-08-18 12:59:01,306 [INFO]    road_road_traffic_stts    | 신규  5292행 | 누적  63504행 | 17컬럼
2026-08-18 12:59:01,306 [INFO]    subway                    | 신규    38행 | 누적    456행 | 13컬럼
2026-08-18 12:59:01,306 [INFO]    subway_sub_stts           | 신규   183행 | 누적   2196행 | 13컬럼
2026-08-18 12:59:01,306 [INFO]    weather                   | 신규   119행 | 누적   1428행 | 30컬럼
2026-08-18 12:59:01,307 [INFO] 키별 사용량:
2026-08-18 12:59:01,307 [INFO]    🟢 KEY_1 (31/1000) 
2026-08-18 12:59:01,307 [INFO]    🟢 KEY_2 (30/1000) 
2026-08-18 12:59:01,307 [INFO]    🟢 KEY_3 (30/1000) 
2026-08-18 12:59:01,307 [INFO]    🟢 KEY_4 (30/1000) 
2026-08-18 13:46:49,386 [INFO] 등록된 키: 4개, 합산 한도 4,000건/일
2026-08-18 13:46:49,386 [INFO] POI 로드: 매뉴얼 v8.5 기준 fallback 121개 (121개 전체)
2026-08-18 13:46:49,387 [INFO] === 수집 시작 2026-08-18T13:46:49.386991+09:00 ===
2026-08-18 13:46:49,387 [INFO] 대상 장소: 121개 | API: citydata (통합)
2026-08-18 13:46:49,387 [INFO] 키 풀: 4/4 활성 | 오늘 사용 0/4000건
2026-08-18 13:46:49,387 [INFO]   [KEY_1] 담당 31장소
2026-08-18 13:46:49,387 [INFO]   [KEY_2] 담당 30장소
2026-08-18 13:46:49,387 [INFO]   [KEY_3] 담당 30장소
2026-08-18 13:46:49,387 [INFO]   [KEY_4] 담당 30장소
2026-08-18 13:46:49,387 [INFO] [1/121] 경복궁 (primary=KEY_1)
2026-08-18 13:46:51,280 [INFO] [2/121] 광화문·덕수궁 (primary=KEY_2)
2026-08-18 13:46:52,679 [INFO] [3/121] 보신각 (primary=KEY_3)
2026-08-18 13:46:54,334 [INFO] [4/121] 서울 암사동 유적 (primary=KEY_4)
2026-08-18 13:46:56,073 [INFO] [5/121] 창덕궁·종묘 (primary=KEY_1)
2026-08-18 13:46:57,400 [INFO] [6/121] 강남 MICE 관광특구 (primary=KEY_2)
2026-08-18 13:46:58,586 [INFO] [7/121] 동대문 관광특구 (primary=KEY_3)
2026-08-18 13:47:00,554 [INFO] [8/121] 명동 관광특구 (primary=KEY_4)
2026-08-18 13:47:02,429 [INFO] [9/121] 이태원 관광특구 (primary=KEY_1)
2026-08-18 13:47:03,679 [INFO] [10/121] 잠실 관광특구 (primary=KEY_2)
2026-08-18 13:47:05,254 [INFO] [11/121] 종로·청계 관광특구 (primary=KEY_3)
2026-08-18 13:47:06,599 [INFO] [12/121] 홍대 관광특구 (primary=KEY_4)
2026-08-18 13:47:08,433 [INFO] [13/121] 강서한강공원 (primary=KEY_1)
2026-08-18 13:47:09,520 [INFO] [14/121] 고척돔 (primary=KEY_2)
2026-08-18 13:47:11,259 [INFO] [15/121] 광나루한강공원 (primary=KEY_3)
2026-08-18 13:47:12,477 [INFO] [16/121] 광화문광장 (primary=KEY_4)
2026-08-18 13:47:13,730 [INFO] [17/121] 국립중앙박물관·용산가족공원 (primary=KEY_1)
2026-08-18 13:47:15,342 [INFO] [18/121] 난지한강공원 (primary=KEY_2)
2026-08-18 13:47:16,428 [INFO] [19/121] 남산공원 (primary=KEY_3)
2026-08-18 13:47:17,912 [INFO] [20/121] 노들섬 (primary=KEY_4)
2026-08-18 13:47:19,017 [INFO] [21/121] 뚝섬한강공원 (primary=KEY_1)
2026-08-18 13:47:20,776 [INFO] [22/121] 망원한강공원 (primary=KEY_2)
2026-08-18 13:47:21,971 [INFO] [23/121] 반포한강공원 (primary=KEY_3)
2026-08-18 13:47:22,938 [INFO] [24/121] 보라매공원 (primary=KEY_4)
2026-08-18 13:47:24,563 [INFO] [25/121] 북서울꿈의숲 (primary=KEY_1)
2026-08-18 13:47:25,669 [INFO] [26/121] 서대문독립공원 (primary=KEY_2)
2026-08-18 13:47:26,676 [INFO] [27/121] 서리풀공원·몽마르뜨공원 (primary=KEY_3)
2026-08-18 13:47:28,377 [INFO] [28/121] 서울대공원 (primary=KEY_4)
2026-08-18 13:47:29,335 [INFO] [29/121] 서울숲공원 (primary=KEY_1)
2026-08-18 13:47:30,476 [INFO] [30/121] 송현녹지광장 (primary=KEY_2)
2026-08-18 13:47:32,223 [INFO] [31/121] 아차산 (primary=KEY_3)
2026-08-18 13:47:33,221 [INFO] [32/121] 안양천 (primary=KEY_4)
2026-08-18 13:47:34,191 [INFO] [33/121] 양화한강공원 (primary=KEY_1)
2026-08-18 13:47:35,144 [INFO] [34/121] 어린이대공원 (primary=KEY_2)
2026-08-18 13:47:36,290 [INFO] [35/121] 여의도한강공원 (primary=KEY_3)
2026-08-18 13:47:37,410 [INFO] [36/121] 여의서로 (primary=KEY_4)
2026-08-18 13:47:38,509 [INFO] [37/121] 올림픽공원 (primary=KEY_1)
2026-08-18 13:47:39,833 [INFO] [38/121] 월드컵공원 (primary=KEY_2)
2026-08-18 13:47:41,141 [INFO] [39/121] 응봉산 (primary=KEY_3)
2026-08-18 13:47:42,232 [INFO] [40/121] 이촌한강공원 (primary=KEY_4)
2026-08-18 13:47:43,199 [INFO] [41/121] 잠실종합운동장 (primary=KEY_1)
2026-08-18 13:47:44,199 [INFO] [42/121] 잠실한강공원 (primary=KEY_2)
2026-08-18 13:47:45,178 [INFO] [43/121] 잠원한강공원 (primary=KEY_3)
2026-08-18 13:47:46,161 [INFO] [44/121] 청계산 (primary=KEY_4)
2026-08-18 13:47:47,123 [INFO] [45/121] 홍제폭포 (primary=KEY_1)
2026-08-18 13:47:48,095 [INFO] [46/121] 가락시장 (primary=KEY_2)
2026-08-18 13:47:49,229 [INFO] [47/121] 가로수길 (primary=KEY_3)
2026-08-18 13:47:51,199 [INFO] [48/121] 광장(전통)시장 (primary=KEY_4)
2026-08-18 13:47:52,175 [INFO] [49/121] 김포공항 (primary=KEY_1)
2026-08-18 13:47:53,500 [INFO] [50/121] 남대문시장 (primary=KEY_2)
2026-08-18 13:47:54,619 [INFO] [51/121] 노량진 (primary=KEY_3)
2026-08-18 13:47:55,729 [INFO] [52/121] 덕수궁길·정동길 (primary=KEY_4)
2026-08-18 13:47:56,896 [INFO] [53/121] 북창동 먹자골목 (primary=KEY_1)
2026-08-18 13:47:57,991 [INFO] [54/121] 북촌한옥마을 (primary=KEY_2)
2026-08-18 13:47:59,292 [INFO] [55/121] 서촌 (primary=KEY_3)
2026-08-18 13:48:00,418 [INFO] [56/121] 성수카페거리 (primary=KEY_4)
2026-08-18 13:48:01,678 [INFO] [57/121] 송리단길·호수단길 (primary=KEY_1)
2026-08-18 13:48:02,918 [INFO] [58/121] 신촌 스타광장 (primary=KEY_2)
2026-08-18 13:48:03,908 [INFO] [59/121] 압구정로데오거리 (primary=KEY_3)
2026-08-18 13:48:05,019 [INFO] [60/121] 여의도 (primary=KEY_4)
2026-08-18 13:48:06,835 [INFO] [61/121] 연남동 (primary=KEY_1)
2026-08-18 13:48:07,952 [INFO] [62/121] 영등포 타임스퀘어 (primary=KEY_2)
2026-08-18 13:48:09,061 [INFO] [63/121] 용리단길 (primary=KEY_3)
2026-08-18 13:48:10,058 [INFO] [64/121] 이태원 앤틱가구거리 (primary=KEY_4)
2026-08-18 13:48:11,183 [INFO] [65/121] 익선동 (primary=KEY_1)
2026-08-18 13:48:12,370 [INFO] [66/121] 인사동 (primary=KEY_2)
2026-08-18 13:48:13,656 [INFO] [67/121] 잠실롯데타워·석촌호수 (primary=KEY_3)
2026-08-18 13:48:15,099 [INFO] [68/121] 창동 신경제 중심지 (primary=KEY_4)
2026-08-18 13:48:16,579 [INFO] [69/121] 청담동 명품거리 (primary=KEY_1)
2026-08-18 13:48:17,685 [INFO] [70/121] 청량리 제기동 일대 전통시장 (primary=KEY_2)
2026-08-18 13:48:18,853 [INFO] [71/121] 해방촌·경리단길 (primary=KEY_3)
2026-08-18 13:48:19,836 [INFO] [72/121] DDP(동대문디자인플라자) (primary=KEY_4)
2026-08-18 13:48:21,682 [INFO] [73/121] DMC(디지털미디어시티) (primary=KEY_1)
2026-08-18 13:48:23,118 [INFO] [74/121] 가산디지털단지역 (primary=KEY_2)
2026-08-18 13:48:24,643 [INFO] [75/121] 강남역 (primary=KEY_3)
2026-08-18 13:48:26,110 [INFO] [76/121] 건대입구역 (primary=KEY_4)
2026-08-18 13:48:27,274 [INFO] [77/121] 고덕역 (primary=KEY_1)
2026-08-18 13:48:28,426 [INFO] [78/121] 고속터미널역 (primary=KEY_2)
2026-08-18 13:48:29,577 [INFO] [79/121] 교대역 (primary=KEY_3)
2026-08-18 13:48:30,716 [INFO] [80/121] 구로디지털단지역 (primary=KEY_4)
2026-08-18 13:48:32,087 [INFO] [81/121] 구로역 (primary=KEY_1)
2026-08-18 13:48:33,218 [INFO] [82/121] 군자역 (primary=KEY_2)
2026-08-18 13:48:34,350 [INFO] [83/121] 대림역 (primary=KEY_3)
2026-08-18 13:48:35,528 [INFO] [84/121] 동대문역 (primary=KEY_4)
2026-08-18 13:48:36,672 [INFO] [85/121] 뚝섬역 (primary=KEY_1)
2026-08-18 13:48:37,799 [INFO] [86/121] 미아사거리역 (primary=KEY_2)
2026-08-18 13:48:38,922 [INFO] [87/121] 발산역 (primary=KEY_3)
2026-08-18 13:48:40,306 [INFO] [88/121] 사당역 (primary=KEY_4)
2026-08-18 13:48:41,435 [INFO] [89/121] 삼각지역 (primary=KEY_1)
2026-08-18 13:48:42,585 [INFO] [90/121] 서울대입구역 (primary=KEY_2)
2026-08-18 13:48:43,707 [INFO] [91/121] 서울식물원·마곡나루역 (primary=KEY_3)
2026-08-18 13:48:44,979 [INFO] [92/121] 서울역 (primary=KEY_4)
2026-08-18 13:48:46,315 [INFO] [93/121] 선릉역 (primary=KEY_1)
2026-08-18 13:48:47,738 [INFO] [94/121] 성신여대입구역 (primary=KEY_2)
2026-08-18 13:48:48,746 [INFO] [95/121] 수유역 (primary=KEY_3)
2026-08-18 13:48:49,889 [INFO] [96/121] 숭례문 (primary=KEY_4)
2026-08-18 13:48:51,179 [INFO] [97/121] 시의회 앞 (primary=KEY_1)
2026-08-18 13:48:52,321 [INFO] [98/121] 신논현역·논현역 (primary=KEY_2)
2026-08-18 13:48:53,634 [INFO] [99/121] 신도림역 (primary=KEY_3)
2026-08-18 13:48:54,645 [INFO] [100/121] 신림역 (primary=KEY_4)
2026-08-18 13:48:55,787 [INFO] [101/121] 신정네거리역 (primary=KEY_1)
2026-08-18 13:48:56,919 [INFO] [102/121] 신촌·이대역 (primary=KEY_2)
2026-08-18 13:48:58,067 [INFO] [103/121] 쌍문역 (primary=KEY_3)
2026-08-18 13:48:59,188 [INFO] [104/121] 양재역 (primary=KEY_4)
2026-08-18 13:49:00,330 [INFO] [105/121] 역삼역 (primary=KEY_1)
2026-08-18 13:49:01,662 [INFO] [106/121] 연신내역 (primary=KEY_2)
2026-08-18 13:49:02,702 [INFO] [107/121] 오목교역·목동운동장 (primary=KEY_3)
2026-08-18 13:49:04,274 [INFO] [108/121] 왕십리역 (primary=KEY_4)
2026-08-18 13:49:05,591 [INFO] [109/121] 용산역 (primary=KEY_1)
2026-08-18 13:49:06,858 [INFO] [110/121] 이태원역 (primary=KEY_2)
2026-08-18 13:49:07,829 [INFO] [111/121] 잠실새내역 (primary=KEY_3)
2026-08-18 13:49:08,943 [INFO] [112/121] 잠실역 (primary=KEY_4)
2026-08-18 13:49:10,205 [INFO] [113/121] 장지역 (primary=KEY_1)
2026-08-18 13:49:11,477 [INFO] [114/121] 장한평역 (primary=KEY_2)
2026-08-18 13:49:12,608 [INFO] [115/121] 천호역 (primary=KEY_3)
2026-08-18 13:49:13,876 [INFO] [116/121] 총신대입구(이수)역 (primary=KEY_4)
2026-08-18 13:49:14,977 [INFO] [117/121] 충정로역 (primary=KEY_1)
2026-08-18 13:49:16,132 [INFO] [118/121] 합정역 (primary=KEY_2)
2026-08-18 13:49:17,512 [INFO] [119/121] 혜화역 (primary=KEY_3)
2026-08-18 13:49:18,641 [INFO] [120/121] 홍대입구역(2호선) (primary=KEY_4)
2026-08-18 13:49:19,817 [INFO] [121/121] 회기역 (primary=KEY_1)
2026-08-18 13:49:23,361 [INFO] === 수집 완료 | 성공 121, 실패 0 ===
2026-08-18 13:49:23,361 [INFO] 카테고리별 저장 결과:
2026-08-18 13:49:23,361 [INFO]    accident                  | 신규     4행 | 누적     35행 | 16컬럼
2026-08-18 13:49:23,361 [INFO]    accident_acdnt_cntrl_stts | 신규     4행 | 누적     14행 | 16컬럼
2026-08-18 13:49:23,361 [INFO]    area_meta                 | 신규   121행 | 누적   1573행 | 5컬럼
2026-08-18 13:49:23,361 [INFO]    bike                      | 신규    11행 | 누적    143행 | 12컬럼
2026-08-18 13:49:23,361 [INFO]    bike_sbike_stts           | 신규   567행 | 누적   7371행 | 12컬럼
2026-08-18 13:49:23,361 [INFO]    bus                       | 신규     3행 | 누적     39행 | 11컬럼
2026-08-18 13:49:23,361 [INFO]    bus_bus_stn_stts          | 신규  1745행 | 누적  22685행 | 11컬럼
2026-08-18 13:49:23,361 [INFO]    charger                   | 신규     4행 | 누적     52행 | 15컬럼
2026-08-18 13:49:23,362 [INFO]    charger_charger_stts      | 신규  1928행 | 누적  24895행 | 15컬럼
2026-08-18 13:49:23,362 [INFO]    cmrcl                     | 신규    82행 | 누적   1066행 | 20컬럼
2026-08-18 13:49:23,362 [INFO]    disaster                  | 신규    67행 | 누적    205행 | 9컬럼
2026-08-18 13:49:23,362 [INFO]    disaster_live_dst_message | 신규    10행 | 누적     30행 | 9컬럼
2026-08-18 13:49:23,362 [INFO]    events                    | 신규    12행 | 누적    151행 | 14컬럼
2026-08-18 13:49:23,362 [INFO]    events_event_stts         | 신규   134행 | 누적   1747행 | 14컬럼
2026-08-18 13:49:23,362 [INFO]    parking                   | 신규     6행 | 누적     78행 | 21컬럼
2026-08-18 13:49:23,362 [INFO]    parking_prk_stts          | 신규  1834행 | 누적  23842행 | 21컬럼
2026-08-18 13:49:23,362 [INFO]    ppltn                     | 신규   121행 | 누적   1573행 | 26컬럼
2026-08-18 13:49:23,362 [INFO]    road                      | 신규   121행 | 누적   1573행 | 21컬럼
2026-08-18 13:49:23,362 [INFO]    road_road_traffic_stts    | 신규  5292행 | 누적  68796행 | 17컬럼
2026-08-18 13:49:23,362 [INFO]    subway                    | 신규    38행 | 누적    494행 | 13컬럼
2026-08-18 13:49:23,362 [INFO]    subway_sub_stts           | 신규   183행 | 누적   2379행 | 13컬럼
2026-08-18 13:49:23,362 [INFO]    weather                   | 신규   119행 | 누적   1547행 | 30컬럼
2026-08-18 13:49:23,362 [INFO] 키별 사용량:
2026-08-18 13:49:23,362 [INFO]    🟢 KEY_1 (31/1000) 
2026-08-18 13:49:23,363 [INFO]    🟢 KEY_2 (30/1000) 
2026-08-18 13:49:23,363 [INFO]    🟢 KEY_3 (30/1000) 
2026-08-18 13:49:23,363 [INFO]    🟢 KEY_4 (30/1000) 
