2026-08-14 00:09:18,765 [INFO] 등록된 키: 4개, 합산 한도 4,000건/일
2026-08-14 00:09:18,765 [INFO] POI 로드: 매뉴얼 v8.5 기준 fallback 121개 (121개 전체)
2026-08-14 00:09:18,765 [INFO] === 수집 시작 2026-08-14T00:09:18.765771+09:00 ===
2026-08-14 00:09:18,765 [INFO] 대상 장소: 121개 | API: citydata (통합)
2026-08-14 00:09:18,765 [INFO] 키 풀: 4/4 활성 | 오늘 사용 0/4000건
2026-08-14 00:09:18,765 [INFO]   [KEY_1] 담당 31장소
2026-08-14 00:09:18,765 [INFO]   [KEY_2] 담당 30장소
2026-08-14 00:09:18,765 [INFO]   [KEY_3] 담당 30장소
2026-08-14 00:09:18,765 [INFO]   [KEY_4] 담당 30장소
2026-08-14 00:09:18,766 [INFO] [1/121] 경복궁 (primary=KEY_1)
2026-08-14 00:09:20,348 [INFO] [2/121] 광화문·덕수궁 (primary=KEY_2)
2026-08-14 00:09:22,214 [INFO] [3/121] 보신각 (primary=KEY_3)
2026-08-14 00:09:23,339 [INFO] [4/121] 서울 암사동 유적 (primary=KEY_4)
2026-08-14 00:09:24,581 [INFO] [5/121] 창덕궁·종묘 (primary=KEY_1)
2026-08-14 00:09:25,850 [INFO] [6/121] 강남 MICE 관광특구 (primary=KEY_2)
2026-08-14 00:09:27,125 [INFO] [7/121] 동대문 관광특구 (primary=KEY_3)
2026-08-14 00:09:28,458 [INFO] [8/121] 명동 관광특구 (primary=KEY_4)
2026-08-14 00:09:34,029 [INFO] [9/121] 이태원 관광특구 (primary=KEY_1)
2026-08-14 00:09:35,176 [INFO] [10/121] 잠실 관광특구 (primary=KEY_2)
2026-08-14 00:09:36,792 [INFO] [11/121] 종로·청계 관광특구 (primary=KEY_3)
2026-08-14 00:09:38,120 [INFO] [12/121] 홍대 관광특구 (primary=KEY_4)
2026-08-14 00:09:39,458 [INFO] [13/121] 강서한강공원 (primary=KEY_1)
2026-08-14 00:09:41,177 [INFO] [14/121] 고척돔 (primary=KEY_2)
2026-08-14 00:09:42,168 [INFO] [15/121] 광나루한강공원 (primary=KEY_3)
2026-08-14 00:09:43,303 [INFO] [16/121] 광화문광장 (primary=KEY_4)
2026-08-14 00:09:44,456 [INFO] [17/121] 국립중앙박물관·용산가족공원 (primary=KEY_1)
2026-08-14 00:09:45,461 [INFO] [18/121] 난지한강공원 (primary=KEY_2)
2026-08-14 00:09:46,451 [INFO] [19/121] 남산공원 (primary=KEY_3)
2026-08-14 00:09:47,749 [INFO] [20/121] 노들섬 (primary=KEY_4)
2026-08-14 00:09:48,734 [INFO] [21/121] 뚝섬한강공원 (primary=KEY_1)
2026-08-14 00:09:49,845 [INFO] [22/121] 망원한강공원 (primary=KEY_2)
2026-08-14 00:09:51,142 [INFO] [23/121] 반포한강공원 (primary=KEY_3)
2026-08-14 00:09:52,126 [INFO] [24/121] 보라매공원 (primary=KEY_4)
2026-08-14 00:09:53,124 [INFO] [25/121] 북서울꿈의숲 (primary=KEY_1)
2026-08-14 00:09:54,285 [INFO] [26/121] 서대문독립공원 (primary=KEY_2)
2026-08-14 00:09:55,286 [INFO] [27/121] 서리풀공원·몽마르뜨공원 (primary=KEY_3)
2026-08-14 00:09:56,437 [INFO] [28/121] 서울대공원 (primary=KEY_4)
2026-08-14 00:09:57,412 [INFO] [29/121] 서울숲공원 (primary=KEY_1)
2026-08-14 00:09:58,561 [INFO] [30/121] 송현녹지광장 (primary=KEY_2)
2026-08-14 00:09:59,702 [INFO] [31/121] 아차산 (primary=KEY_3)
2026-08-14 00:10:00,691 [INFO] [32/121] 안양천 (primary=KEY_4)
2026-08-14 00:10:01,833 [INFO] [33/121] 양화한강공원 (primary=KEY_1)
2026-08-14 00:10:02,819 [INFO] [34/121] 어린이대공원 (primary=KEY_2)
2026-08-14 00:10:03,960 [INFO] [35/121] 여의도한강공원 (primary=KEY_3)
2026-08-14 00:10:05,107 [INFO] [36/121] 여의서로 (primary=KEY_4)
2026-08-14 00:10:06,226 [INFO] [37/121] 올림픽공원 (primary=KEY_1)
2026-08-14 00:10:07,488 [INFO] [38/121] 월드컵공원 (primary=KEY_2)
2026-08-14 00:10:08,769 [INFO] [39/121] 응봉산 (primary=KEY_3)
2026-08-14 00:10:09,887 [INFO] [40/121] 이촌한강공원 (primary=KEY_4)
2026-08-14 00:10:10,853 [INFO] [41/121] 잠실종합운동장 (primary=KEY_1)
2026-08-14 00:10:11,839 [INFO] [42/121] 잠실한강공원 (primary=KEY_2)
2026-08-14 00:10:12,822 [INFO] [43/121] 잠원한강공원 (primary=KEY_3)
2026-08-14 00:10:13,801 [INFO] [44/121] 청계산 (primary=KEY_4)
2026-08-14 00:10:14,814 [INFO] [45/121] 홍제폭포 (primary=KEY_1)
2026-08-14 00:10:15,789 [INFO] [46/121] 가락시장 (primary=KEY_2)
2026-08-14 00:10:16,935 [INFO] [47/121] 가로수길 (primary=KEY_3)
2026-08-14 00:10:18,071 [INFO] [48/121] 광장(전통)시장 (primary=KEY_4)
2026-08-14 00:10:19,072 [INFO] [49/121] 김포공항 (primary=KEY_1)
2026-08-14 00:10:20,335 [INFO] [50/121] 남대문시장 (primary=KEY_2)
2026-08-14 00:10:21,445 [INFO] [51/121] 노량진 (primary=KEY_3)
2026-08-14 00:10:22,583 [INFO] [52/121] 덕수궁길·정동길 (primary=KEY_4)
2026-08-14 00:10:23,868 [INFO] [53/121] 북창동 먹자골목 (primary=KEY_1)
2026-08-14 00:10:25,115 [INFO] [54/121] 북촌한옥마을 (primary=KEY_2)
2026-08-14 00:10:26,524 [INFO] [55/121] 서촌 (primary=KEY_3)
2026-08-14 00:10:27,801 [INFO] [56/121] 성수카페거리 (primary=KEY_4)
2026-08-14 00:10:29,211 [INFO] [57/121] 송리단길·호수단길 (primary=KEY_1)
2026-08-14 00:10:30,506 [INFO] [58/121] 신촌 스타광장 (primary=KEY_2)
2026-08-14 00:10:31,630 [INFO] [59/121] 압구정로데오거리 (primary=KEY_3)
2026-08-14 00:10:32,757 [INFO] [60/121] 여의도 (primary=KEY_4)
2026-08-14 00:10:34,529 [INFO] [61/121] 연남동 (primary=KEY_1)
2026-08-14 00:10:35,784 [INFO] [62/121] 영등포 타임스퀘어 (primary=KEY_2)
2026-08-14 00:10:36,906 [INFO] [63/121] 용리단길 (primary=KEY_3)
2026-08-14 00:10:37,929 [INFO] [64/121] 이태원 앤틱가구거리 (primary=KEY_4)
2026-08-14 00:10:39,097 [INFO] [65/121] 익선동 (primary=KEY_1)
2026-08-14 00:10:40,250 [INFO] [66/121] 인사동 (primary=KEY_2)
2026-08-14 00:10:41,535 [INFO] [67/121] 잠실롯데타워·석촌호수 (primary=KEY_3)
2026-08-14 00:10:43,079 [INFO] [68/121] 창동 신경제 중심지 (primary=KEY_4)
2026-08-14 00:10:44,677 [INFO] [69/121] 청담동 명품거리 (primary=KEY_1)
2026-08-14 00:10:45,814 [INFO] [70/121] 청량리 제기동 일대 전통시장 (primary=KEY_2)
2026-08-14 00:10:46,991 [INFO] [71/121] 해방촌·경리단길 (primary=KEY_3)
2026-08-14 00:10:47,970 [INFO] [72/121] DDP(동대문디자인플라자) (primary=KEY_4)
2026-08-14 00:10:49,128 [INFO] [73/121] DMC(디지털미디어시티) (primary=KEY_1)
2026-08-14 00:10:50,569 [INFO] [74/121] 가산디지털단지역 (primary=KEY_2)
2026-08-14 00:10:52,175 [INFO] [75/121] 강남역 (primary=KEY_3)
2026-08-14 00:10:53,483 [INFO] [76/121] 건대입구역 (primary=KEY_4)
2026-08-14 00:10:54,636 [INFO] [77/121] 고덕역 (primary=KEY_1)
2026-08-14 00:10:55,756 [INFO] [78/121] 고속터미널역 (primary=KEY_2)
2026-08-14 00:10:56,914 [INFO] [79/121] 교대역 (primary=KEY_3)
2026-08-14 00:10:58,040 [INFO] [80/121] 구로디지털단지역 (primary=KEY_4)
2026-08-14 00:10:59,464 [INFO] [81/121] 구로역 (primary=KEY_1)
2026-08-14 00:11:00,594 [INFO] [82/121] 군자역 (primary=KEY_2)
2026-08-14 00:11:01,737 [INFO] [83/121] 대림역 (primary=KEY_3)
2026-08-14 00:11:02,881 [INFO] [84/121] 동대문역 (primary=KEY_4)
2026-08-14 00:11:04,014 [INFO] [85/121] 뚝섬역 (primary=KEY_1)
2026-08-14 00:11:05,407 [INFO] [86/121] 미아사거리역 (primary=KEY_2)
2026-08-14 00:11:06,540 [INFO] [87/121] 발산역 (primary=KEY_3)
2026-08-14 00:11:07,989 [INFO] [88/121] 사당역 (primary=KEY_4)
2026-08-14 00:11:09,113 [INFO] [89/121] 삼각지역 (primary=KEY_1)
2026-08-14 00:11:10,231 [INFO] [90/121] 서울대입구역 (primary=KEY_2)
2026-08-14 00:11:11,393 [INFO] [91/121] 서울식물원·마곡나루역 (primary=KEY_3)
2026-08-14 00:11:12,663 [INFO] [92/121] 서울역 (primary=KEY_4)
2026-08-14 00:11:13,984 [INFO] [93/121] 선릉역 (primary=KEY_1)
2026-08-14 00:11:15,423 [INFO] [94/121] 성신여대입구역 (primary=KEY_2)
2026-08-14 00:11:16,420 [INFO] [95/121] 수유역 (primary=KEY_3)
2026-08-14 00:11:17,539 [INFO] [96/121] 숭례문 (primary=KEY_4)
2026-08-14 00:11:18,827 [INFO] [97/121] 시의회 앞 (primary=KEY_1)
2026-08-14 00:11:19,971 [INFO] [98/121] 신논현역·논현역 (primary=KEY_2)
2026-08-14 00:11:21,143 [INFO] [99/121] 신도림역 (primary=KEY_3)
2026-08-14 00:11:22,142 [INFO] [100/121] 신림역 (primary=KEY_4)
2026-08-14 00:11:23,261 [INFO] [101/121] 신정네거리역 (primary=KEY_1)
2026-08-14 00:11:24,380 [INFO] [102/121] 신촌·이대역 (primary=KEY_2)
2026-08-14 00:11:25,517 [INFO] [103/121] 쌍문역 (primary=KEY_3)
2026-08-14 00:11:26,640 [INFO] [104/121] 양재역 (primary=KEY_4)
2026-08-14 00:11:27,780 [INFO] [105/121] 역삼역 (primary=KEY_1)
2026-08-14 00:11:29,048 [INFO] [106/121] 연신내역 (primary=KEY_2)
2026-08-14 00:11:30,055 [INFO] [107/121] 오목교역·목동운동장 (primary=KEY_3)
2026-08-14 00:11:31,606 [INFO] [108/121] 왕십리역 (primary=KEY_4)
2026-08-14 00:11:32,910 [INFO] [109/121] 용산역 (primary=KEY_1)
2026-08-14 00:11:34,175 [INFO] [110/121] 이태원역 (primary=KEY_2)
2026-08-14 00:11:35,159 [INFO] [111/121] 잠실새내역 (primary=KEY_3)
2026-08-14 00:11:36,344 [INFO] [112/121] 잠실역 (primary=KEY_4)
2026-08-14 00:11:37,620 [INFO] [113/121] 장지역 (primary=KEY_1)
2026-08-14 00:11:38,910 [INFO] [114/121] 장한평역 (primary=KEY_2)
2026-08-14 00:11:40,047 [INFO] [115/121] 천호역 (primary=KEY_3)
2026-08-14 00:11:41,190 [INFO] [116/121] 총신대입구(이수)역 (primary=KEY_4)
2026-08-14 00:11:42,377 [INFO] [117/121] 충정로역 (primary=KEY_1)
2026-08-14 00:11:43,512 [INFO] [118/121] 합정역 (primary=KEY_2)
2026-08-14 00:11:44,662 [INFO] [119/121] 혜화역 (primary=KEY_3)
2026-08-14 00:11:45,798 [INFO] [120/121] 홍대입구역(2호선) (primary=KEY_4)
2026-08-14 00:11:46,963 [INFO] [121/121] 회기역 (primary=KEY_1)
2026-08-14 00:11:48,375 [INFO] === 수집 완료 | 성공 121, 실패 0 ===
2026-08-14 00:11:48,375 [INFO] 카테고리별 저장 결과:
2026-08-14 00:11:48,375 [INFO]    accident                  | 신규     5행 | 누적      5행 | 16컬럼
2026-08-14 00:11:48,375 [INFO]    accident_acdnt_cntrl_stts | 신규     5행 | 누적      5행 | 16컬럼
2026-08-14 00:11:48,375 [INFO]    area_meta                 | 신규   121행 | 누적    121행 | 5컬럼
2026-08-14 00:11:48,375 [INFO]    bike                      | 신규    11행 | 누적     11행 | 12컬럼
2026-08-14 00:11:48,375 [INFO]    bike_sbike_stts           | 신규   567행 | 누적    567행 | 12컬럼
2026-08-14 00:11:48,375 [INFO]    bus                       | 신규     3행 | 누적      3행 | 11컬럼
2026-08-14 00:11:48,375 [INFO]    bus_bus_stn_stts          | 신규  1745행 | 누적   1745행 | 11컬럼
2026-08-14 00:11:48,375 [INFO]    charger                   | 신규     4행 | 누적      4행 | 15컬럼
2026-08-14 00:11:48,375 [INFO]    charger_charger_stts      | 신규  1932행 | 누적   1932행 | 15컬럼
2026-08-14 00:11:48,375 [INFO]    cmrcl                     | 신규    82행 | 누적     82행 | 20컬럼
2026-08-14 00:11:48,375 [INFO]    events                    | 신규    15행 | 누적     15행 | 14컬럼
2026-08-14 00:11:48,375 [INFO]    events_event_stts         | 신규   145행 | 누적    145행 | 14컬럼
2026-08-14 00:11:48,375 [INFO]    parking                   | 신규     6행 | 누적      6행 | 21컬럼
2026-08-14 00:11:48,375 [INFO]    parking_prk_stts          | 신규  1834행 | 누적   1834행 | 21컬럼
2026-08-14 00:11:48,375 [INFO]    ppltn                     | 신규   121행 | 누적    121행 | 26컬럼
2026-08-14 00:11:48,375 [INFO]    road                      | 신규   121행 | 누적    121행 | 21컬럼
2026-08-14 00:11:48,375 [INFO]    road_road_traffic_stts    | 신규  5287행 | 누적   5287행 | 17컬럼
2026-08-14 00:11:48,375 [INFO]    subway                    | 신규    38행 | 누적     38행 | 12컬럼
2026-08-14 00:11:48,375 [INFO]    subway_sub_stts           | 신규   183행 | 누적    183행 | 13컬럼
2026-08-14 00:11:48,375 [INFO]    weather                   | 신규   119행 | 누적    119행 | 29컬럼
2026-08-14 00:11:48,376 [INFO] 키별 사용량:
2026-08-14 00:11:48,376 [INFO]    🟢 KEY_1 (31/1000) 
2026-08-14 00:11:48,376 [INFO]    🟢 KEY_2 (30/1000) 
2026-08-14 00:11:48,376 [INFO]    🟢 KEY_3 (30/1000) 
2026-08-14 00:11:48,376 [INFO]    🟢 KEY_4 (30/1000) 
2026-08-14 02:08:09,352 [INFO] 등록된 키: 4개, 합산 한도 4,000건/일
2026-08-14 02:08:09,353 [INFO] POI 로드: 매뉴얼 v8.5 기준 fallback 121개 (121개 전체)
2026-08-14 02:08:09,353 [INFO] === 수집 시작 2026-08-14T02:08:09.353531+09:00 ===
2026-08-14 02:08:09,353 [INFO] 대상 장소: 121개 | API: citydata (통합)
2026-08-14 02:08:09,353 [INFO] 키 풀: 4/4 활성 | 오늘 사용 0/4000건
2026-08-14 02:08:09,353 [INFO]   [KEY_1] 담당 31장소
2026-08-14 02:08:09,353 [INFO]   [KEY_2] 담당 30장소
2026-08-14 02:08:09,353 [INFO]   [KEY_3] 담당 30장소
2026-08-14 02:08:09,354 [INFO]   [KEY_4] 담당 30장소
2026-08-14 02:08:09,354 [INFO] [1/121] 경복궁 (primary=KEY_1)
2026-08-14 02:08:11,109 [INFO] [2/121] 광화문·덕수궁 (primary=KEY_2)
2026-08-14 02:08:13,012 [INFO] [3/121] 보신각 (primary=KEY_3)
2026-08-14 02:08:14,643 [INFO] [4/121] 서울 암사동 유적 (primary=KEY_4)
2026-08-14 02:08:16,112 [INFO] [5/121] 창덕궁·종묘 (primary=KEY_1)
2026-08-14 02:08:17,732 [INFO] [6/121] 강남 MICE 관광특구 (primary=KEY_2)
2026-08-14 02:08:19,001 [INFO] [7/121] 동대문 관광특구 (primary=KEY_3)
2026-08-14 02:08:20,311 [INFO] [8/121] 명동 관광특구 (primary=KEY_4)
2026-08-14 02:08:22,285 [INFO] [9/121] 이태원 관광특구 (primary=KEY_1)
2026-08-14 02:08:23,545 [INFO] [10/121] 잠실 관광특구 (primary=KEY_2)
2026-08-14 02:08:25,727 [INFO] [11/121] 종로·청계 관광특구 (primary=KEY_3)
2026-08-14 02:08:27,557 [INFO] [12/121] 홍대 관광특구 (primary=KEY_4)
2026-08-14 02:08:28,967 [INFO] [13/121] 강서한강공원 (primary=KEY_1)
2026-08-14 02:08:29,919 [INFO] [14/121] 고척돔 (primary=KEY_2)
2026-08-14 02:08:31,502 [INFO] [15/121] 광나루한강공원 (primary=KEY_3)
2026-08-14 02:08:32,576 [INFO] [16/121] 광화문광장 (primary=KEY_4)
2026-08-14 02:08:33,684 [INFO] [17/121] 국립중앙박물관·용산가족공원 (primary=KEY_1)
2026-08-14 02:08:34,658 [INFO] [18/121] 난지한강공원 (primary=KEY_2)
2026-08-14 02:08:36,239 [INFO] [19/121] 남산공원 (primary=KEY_3)
2026-08-14 02:08:37,522 [INFO] [20/121] 노들섬 (primary=KEY_4)
2026-08-14 02:08:38,470 [INFO] [21/121] 뚝섬한강공원 (primary=KEY_1)
2026-08-14 02:08:39,972 [INFO] [22/121] 망원한강공원 (primary=KEY_2)
2026-08-14 02:08:41,080 [INFO] [23/121] 반포한강공원 (primary=KEY_3)
2026-08-14 02:08:42,040 [INFO] [24/121] 보라매공원 (primary=KEY_4)
2026-08-14 02:08:43,525 [INFO] [25/121] 북서울꿈의숲 (primary=KEY_1)
2026-08-14 02:08:44,649 [INFO] [26/121] 서대문독립공원 (primary=KEY_2)
2026-08-14 02:08:45,619 [INFO] [27/121] 서리풀공원·몽마르뜨공원 (primary=KEY_3)
2026-08-14 02:08:47,146 [INFO] [28/121] 서울대공원 (primary=KEY_4)
2026-08-14 02:08:48,091 [INFO] [29/121] 서울숲공원 (primary=KEY_1)
2026-08-14 02:08:49,189 [INFO] [30/121] 송현녹지광장 (primary=KEY_2)
2026-08-14 02:08:50,279 [INFO] [31/121] 아차산 (primary=KEY_3)
2026-08-14 02:08:51,228 [INFO] [32/121] 안양천 (primary=KEY_4)
2026-08-14 02:08:52,183 [INFO] [33/121] 양화한강공원 (primary=KEY_1)
2026-08-14 02:08:53,134 [INFO] [34/121] 어린이대공원 (primary=KEY_2)
2026-08-14 02:08:54,236 [INFO] [35/121] 여의도한강공원 (primary=KEY_3)
2026-08-14 02:08:55,332 [INFO] [36/121] 여의서로 (primary=KEY_4)
2026-08-14 02:08:56,417 [INFO] [37/121] 올림픽공원 (primary=KEY_1)
2026-08-14 02:08:57,539 [INFO] [38/121] 월드컵공원 (primary=KEY_2)
2026-08-14 02:08:58,783 [INFO] [39/121] 응봉산 (primary=KEY_3)
2026-08-14 02:08:59,873 [INFO] [40/121] 이촌한강공원 (primary=KEY_4)
2026-08-14 02:09:00,818 [INFO] [41/121] 잠실종합운동장 (primary=KEY_1)
2026-08-14 02:09:02,914 [INFO] [42/121] 잠실한강공원 (primary=KEY_2)
2026-08-14 02:09:03,902 [INFO] [43/121] 잠원한강공원 (primary=KEY_3)
2026-08-14 02:09:04,844 [INFO] [44/121] 청계산 (primary=KEY_4)
2026-08-14 02:09:05,779 [INFO] [45/121] 홍제폭포 (primary=KEY_1)
2026-08-14 02:09:06,725 [INFO] [46/121] 가락시장 (primary=KEY_2)
2026-08-14 02:09:07,851 [INFO] [47/121] 가로수길 (primary=KEY_3)
2026-08-14 02:09:08,969 [INFO] [48/121] 광장(전통)시장 (primary=KEY_4)
2026-08-14 02:09:09,933 [INFO] [49/121] 김포공항 (primary=KEY_1)
2026-08-14 02:09:11,191 [INFO] [50/121] 남대문시장 (primary=KEY_2)
2026-08-14 02:09:12,287 [INFO] [51/121] 노량진 (primary=KEY_3)
2026-08-14 02:09:13,396 [INFO] [52/121] 덕수궁길·정동길 (primary=KEY_4)
2026-08-14 02:09:14,533 [INFO] [53/121] 북창동 먹자골목 (primary=KEY_1)
2026-08-14 02:09:15,622 [INFO] [54/121] 북촌한옥마을 (primary=KEY_2)
2026-08-14 02:09:16,854 [INFO] [55/121] 서촌 (primary=KEY_3)
2026-08-14 02:09:17,950 [INFO] [56/121] 성수카페거리 (primary=KEY_4)
2026-08-14 02:09:19,206 [INFO] [57/121] 송리단길·호수단길 (primary=KEY_1)
2026-08-14 02:09:20,329 [INFO] [58/121] 신촌 스타광장 (primary=KEY_2)
2026-08-14 02:09:21,317 [INFO] [59/121] 압구정로데오거리 (primary=KEY_3)
2026-08-14 02:09:22,432 [INFO] [60/121] 여의도 (primary=KEY_4)
2026-08-14 02:09:24,122 [INFO] [61/121] 연남동 (primary=KEY_1)
2026-08-14 02:09:25,960 [INFO] [62/121] 영등포 타임스퀘어 (primary=KEY_2)
2026-08-14 02:09:27,573 [INFO] [63/121] 용리단길 (primary=KEY_3)
2026-08-14 02:09:28,674 [INFO] [64/121] 이태원 앤틱가구거리 (primary=KEY_4)
2026-08-14 02:09:30,295 [INFO] [65/121] 익선동 (primary=KEY_1)
2026-08-14 02:09:32,165 [INFO] [66/121] 인사동 (primary=KEY_2)
2026-08-14 02:09:33,945 [INFO] [67/121] 잠실롯데타워·석촌호수 (primary=KEY_3)
2026-08-14 02:09:35,970 [INFO] [68/121] 창동 신경제 중심지 (primary=KEY_4)
2026-08-14 02:09:38,527 [INFO] [69/121] 청담동 명품거리 (primary=KEY_1)
2026-08-14 02:09:39,748 [INFO] [70/121] 청량리 제기동 일대 전통시장 (primary=KEY_2)
2026-08-14 02:09:40,919 [INFO] [71/121] 해방촌·경리단길 (primary=KEY_3)
2026-08-14 02:09:41,882 [INFO] [72/121] DDP(동대문디자인플라자) (primary=KEY_4)
2026-08-14 02:09:43,504 [INFO] [73/121] DMC(디지털미디어시티) (primary=KEY_1)
2026-08-14 02:09:45,548 [INFO] [74/121] 가산디지털단지역 (primary=KEY_2)
2026-08-14 02:09:47,825 [INFO] [75/121] 강남역 (primary=KEY_3)
2026-08-14 02:09:49,609 [INFO] [76/121] 건대입구역 (primary=KEY_4)
2026-08-14 02:09:50,729 [INFO] [77/121] 고덕역 (primary=KEY_1)
2026-08-14 02:09:51,826 [INFO] [78/121] 고속터미널역 (primary=KEY_2)
2026-08-14 02:09:52,946 [INFO] [79/121] 교대역 (primary=KEY_3)
2026-08-14 02:09:53,945 [INFO] [80/121] 구로디지털단지역 (primary=KEY_4)
2026-08-14 02:09:56,091 [INFO] [81/121] 구로역 (primary=KEY_1)
2026-08-14 02:09:57,188 [INFO] [82/121] 군자역 (primary=KEY_2)
2026-08-14 02:09:58,951 [INFO] [83/121] 대림역 (primary=KEY_3)
2026-08-14 02:10:00,576 [INFO] [84/121] 동대문역 (primary=KEY_4)
2026-08-14 02:10:01,677 [INFO] [85/121] 뚝섬역 (primary=KEY_1)
2026-08-14 02:10:02,785 [INFO] [86/121] 미아사거리역 (primary=KEY_2)
2026-08-14 02:10:03,881 [INFO] [87/121] 발산역 (primary=KEY_3)
2026-08-14 02:10:05,242 [INFO] [88/121] 사당역 (primary=KEY_4)
2026-08-14 02:10:06,357 [INFO] [89/121] 삼각지역 (primary=KEY_1)
2026-08-14 02:10:07,308 [INFO] [90/121] 서울대입구역 (primary=KEY_2)
2026-08-14 02:10:09,033 [INFO] [91/121] 서울식물원·마곡나루역 (primary=KEY_3)
2026-08-14 02:10:10,253 [INFO] [92/121] 서울역 (primary=KEY_4)
2026-08-14 02:10:11,375 [INFO] [93/121] 선릉역 (primary=KEY_1)
2026-08-14 02:10:12,736 [INFO] [94/121] 성신여대입구역 (primary=KEY_2)
2026-08-14 02:10:13,712 [INFO] [95/121] 수유역 (primary=KEY_3)
2026-08-14 02:10:14,795 [INFO] [96/121] 숭례문 (primary=KEY_4)
2026-08-14 02:10:16,012 [INFO] [97/121] 시의회 앞 (primary=KEY_1)
2026-08-14 02:10:17,097 [INFO] [98/121] 신논현역·논현역 (primary=KEY_2)
2026-08-14 02:10:18,205 [INFO] [99/121] 신도림역 (primary=KEY_3)
2026-08-14 02:10:19,173 [INFO] [100/121] 신림역 (primary=KEY_4)
2026-08-14 02:10:20,142 [INFO] [101/121] 신정네거리역 (primary=KEY_1)
2026-08-14 02:10:21,225 [INFO] [102/121] 신촌·이대역 (primary=KEY_2)
2026-08-14 02:10:22,325 [INFO] [103/121] 쌍문역 (primary=KEY_3)
2026-08-14 02:10:23,402 [INFO] [104/121] 양재역 (primary=KEY_4)
2026-08-14 02:10:24,500 [INFO] [105/121] 역삼역 (primary=KEY_1)
2026-08-14 02:10:25,723 [INFO] [106/121] 연신내역 (primary=KEY_2)
2026-08-14 02:10:27,464 [INFO] [107/121] 오목교역·목동운동장 (primary=KEY_3)
2026-08-14 02:10:28,956 [INFO] [108/121] 왕십리역 (primary=KEY_4)
2026-08-14 02:10:30,083 [INFO] [109/121] 용산역 (primary=KEY_1)
2026-08-14 02:10:31,311 [INFO] [110/121] 이태원역 (primary=KEY_2)
2026-08-14 02:10:32,282 [INFO] [111/121] 잠실새내역 (primary=KEY_3)
2026-08-14 02:10:33,446 [INFO] [112/121] 잠실역 (primary=KEY_4)
2026-08-14 02:10:34,680 [INFO] [113/121] 장지역 (primary=KEY_1)
2026-08-14 02:10:35,909 [INFO] [114/121] 장한평역 (primary=KEY_2)
2026-08-14 02:10:37,011 [INFO] [115/121] 천호역 (primary=KEY_3)
2026-08-14 02:10:38,127 [INFO] [116/121] 총신대입구(이수)역 (primary=KEY_4)
2026-08-14 02:10:39,224 [INFO] [117/121] 충정로역 (primary=KEY_1)
2026-08-14 02:10:40,329 [INFO] [118/121] 합정역 (primary=KEY_2)
2026-08-14 02:10:41,436 [INFO] [119/121] 혜화역 (primary=KEY_3)
2026-08-14 02:10:42,537 [INFO] [120/121] 홍대입구역(2호선) (primary=KEY_4)
2026-08-14 02:10:43,653 [INFO] [121/121] 회기역 (primary=KEY_1)
2026-08-14 02:10:45,523 [INFO] === 수집 완료 | 성공 121, 실패 0 ===
2026-08-14 02:10:45,523 [INFO] 카테고리별 저장 결과:
2026-08-14 02:10:45,523 [INFO]    accident                  | 신규     5행 | 누적     10행 | 16컬럼
2026-08-14 02:10:45,523 [INFO]    accident_acdnt_cntrl_stts | 신규     5행 | 누적     10행 | 16컬럼
2026-08-14 02:10:45,523 [INFO]    area_meta                 | 신규   121행 | 누적    242행 | 5컬럼
2026-08-14 02:10:45,523 [INFO]    bike                      | 신규    11행 | 누적     22행 | 12컬럼
2026-08-14 02:10:45,523 [INFO]    bike_sbike_stts           | 신규   567행 | 누적   1134행 | 12컬럼
2026-08-14 02:10:45,523 [INFO]    bus                       | 신규     3행 | 누적      6행 | 11컬럼
2026-08-14 02:10:45,523 [INFO]    bus_bus_stn_stts          | 신규  1745행 | 누적   3490행 | 11컬럼
2026-08-14 02:10:45,523 [INFO]    charger                   | 신규     4행 | 누적      8행 | 15컬럼
2026-08-14 02:10:45,523 [INFO]    charger_charger_stts      | 신규  1932행 | 누적   3838행 | 15컬럼
2026-08-14 02:10:45,523 [INFO]    cmrcl                     | 신규    82행 | 누적    164행 | 20컬럼
2026-08-14 02:10:45,523 [INFO]    events                    | 신규    15행 | 누적     30행 | 14컬럼
2026-08-14 02:10:45,523 [INFO]    events_event_stts         | 신규   145행 | 누적    290행 | 14컬럼
2026-08-14 02:10:45,523 [INFO]    parking                   | 신규     6행 | 누적     12행 | 21컬럼
2026-08-14 02:10:45,523 [INFO]    parking_prk_stts          | 신규  1834행 | 누적   3668행 | 21컬럼
2026-08-14 02:10:45,524 [INFO]    ppltn                     | 신규   121행 | 누적    242행 | 26컬럼
2026-08-14 02:10:45,524 [INFO]    road                      | 신규   121행 | 누적    242행 | 21컬럼
2026-08-14 02:10:45,524 [INFO]    road_road_traffic_stts    | 신규  5287행 | 누적  10574행 | 17컬럼
2026-08-14 02:10:45,524 [INFO]    subway                    | 신규    38행 | 누적     76행 | 12컬럼
2026-08-14 02:10:45,524 [INFO]    subway_sub_stts           | 신규   183행 | 누적    366행 | 13컬럼
2026-08-14 02:10:45,524 [INFO]    weather                   | 신규   119행 | 누적    238행 | 29컬럼
2026-08-14 02:10:45,524 [INFO] 키별 사용량:
2026-08-14 02:10:45,524 [INFO]    🟢 KEY_1 (31/1000) 
2026-08-14 02:10:45,524 [INFO]    🟢 KEY_2 (30/1000) 
2026-08-14 02:10:45,524 [INFO]    🟢 KEY_3 (30/1000) 
2026-08-14 02:10:45,524 [INFO]    🟢 KEY_4 (30/1000) 
2026-08-14 04:17:08,996 [INFO] 등록된 키: 4개, 합산 한도 4,000건/일
2026-08-14 04:17:08,996 [INFO] POI 로드: 매뉴얼 v8.5 기준 fallback 121개 (121개 전체)
2026-08-14 04:17:08,996 [INFO] === 수집 시작 2026-08-14T04:17:08.996837+09:00 ===
2026-08-14 04:17:08,996 [INFO] 대상 장소: 121개 | API: citydata (통합)
2026-08-14 04:17:08,997 [INFO] 키 풀: 4/4 활성 | 오늘 사용 0/4000건
2026-08-14 04:17:08,997 [INFO]   [KEY_1] 담당 31장소
2026-08-14 04:17:08,997 [INFO]   [KEY_2] 담당 30장소
2026-08-14 04:17:08,997 [INFO]   [KEY_3] 담당 30장소
2026-08-14 04:17:08,997 [INFO]   [KEY_4] 담당 30장소
2026-08-14 04:17:08,997 [INFO] [1/121] 경복궁 (primary=KEY_1)
2026-08-14 04:17:10,753 [INFO] [2/121] 광화문·덕수궁 (primary=KEY_2)
2026-08-14 04:17:13,242 [INFO] [3/121] 보신각 (primary=KEY_3)
2026-08-14 04:17:15,171 [INFO] [4/121] 서울 암사동 유적 (primary=KEY_4)
2026-08-14 04:17:17,043 [INFO] [5/121] 창덕궁·종묘 (primary=KEY_1)
2026-08-14 04:17:19,134 [INFO] [6/121] 강남 MICE 관광특구 (primary=KEY_2)
2026-08-14 04:17:21,227 [INFO] [7/121] 동대문 관광특구 (primary=KEY_3)
2026-08-14 04:17:23,958 [INFO] [8/121] 명동 관광특구 (primary=KEY_4)
2026-08-14 04:17:25,766 [INFO] [9/121] 이태원 관광특구 (primary=KEY_1)
2026-08-14 04:17:27,859 [INFO] [10/121] 잠실 관광특구 (primary=KEY_2)
2026-08-14 04:17:30,379 [INFO] [11/121] 종로·청계 관광특구 (primary=KEY_3)
2026-08-14 04:17:31,947 [INFO] [12/121] 홍대 관광특구 (primary=KEY_4)
2026-08-14 04:17:33,506 [INFO] [13/121] 강서한강공원 (primary=KEY_1)
2026-08-14 04:17:34,821 [INFO] [14/121] 고척돔 (primary=KEY_2)
2026-08-14 04:17:35,958 [INFO] [15/121] 광나루한강공원 (primary=KEY_3)
2026-08-14 04:17:37,846 [INFO] [16/121] 광화문광장 (primary=KEY_4)
2026-08-14 04:17:39,176 [INFO] [17/121] 국립중앙박물관·용산가족공원 (primary=KEY_1)
2026-08-14 04:17:41,121 [INFO] [18/121] 난지한강공원 (primary=KEY_2)
2026-08-14 04:17:43,005 [INFO] [19/121] 남산공원 (primary=KEY_3)
2026-08-14 04:17:44,600 [INFO] [20/121] 노들섬 (primary=KEY_4)
2026-08-14 04:17:45,728 [INFO] [21/121] 뚝섬한강공원 (primary=KEY_1)
2026-08-14 04:17:46,873 [INFO] [22/121] 망원한강공원 (primary=KEY_2)
2026-08-14 04:17:48,207 [INFO] [23/121] 반포한강공원 (primary=KEY_3)
2026-08-14 04:17:49,331 [INFO] [24/121] 보라매공원 (primary=KEY_4)
2026-08-14 04:17:50,474 [INFO] [25/121] 북서울꿈의숲 (primary=KEY_1)
2026-08-14 04:17:52,389 [INFO] [26/121] 서대문독립공원 (primary=KEY_2)
2026-08-14 04:17:53,522 [INFO] [27/121] 서리풀공원·몽마르뜨공원 (primary=KEY_3)
2026-08-14 04:17:54,676 [INFO] [28/121] 서울대공원 (primary=KEY_4)
2026-08-14 04:17:55,789 [INFO] [29/121] 서울숲공원 (primary=KEY_1)
2026-08-14 04:17:57,116 [INFO] [30/121] 송현녹지광장 (primary=KEY_2)
2026-08-14 04:17:58,452 [INFO] [31/121] 아차산 (primary=KEY_3)
2026-08-14 04:17:59,583 [INFO] [32/121] 안양천 (primary=KEY_4)
2026-08-14 04:18:00,711 [INFO] [33/121] 양화한강공원 (primary=KEY_1)
2026-08-14 04:18:01,833 [INFO] [34/121] 어린이대공원 (primary=KEY_2)
2026-08-14 04:18:03,930 [INFO] [35/121] 여의도한강공원 (primary=KEY_3)
2026-08-14 04:18:05,245 [INFO] [36/121] 여의서로 (primary=KEY_4)
2026-08-14 04:18:07,312 [INFO] [37/121] 올림픽공원 (primary=KEY_1)
2026-08-14 04:18:08,712 [INFO] [38/121] 월드컵공원 (primary=KEY_2)
2026-08-14 04:18:10,245 [INFO] [39/121] 응봉산 (primary=KEY_3)
2026-08-14 04:18:11,567 [INFO] [40/121] 이촌한강공원 (primary=KEY_4)
2026-08-14 04:18:13,451 [INFO] [41/121] 잠실종합운동장 (primary=KEY_1)
2026-08-14 04:18:14,615 [INFO] [42/121] 잠실한강공원 (primary=KEY_2)
2026-08-14 04:18:16,534 [INFO] [43/121] 잠원한강공원 (primary=KEY_3)
2026-08-14 04:18:17,665 [INFO] [44/121] 청계산 (primary=KEY_4)
2026-08-14 04:18:19,371 [INFO] [45/121] 홍제폭포 (primary=KEY_1)
2026-08-14 04:18:20,493 [INFO] [46/121] 가락시장 (primary=KEY_2)
2026-08-14 04:18:21,864 [INFO] [47/121] 가로수길 (primary=KEY_3)
2026-08-14 04:18:23,227 [INFO] [48/121] 광장(전통)시장 (primary=KEY_4)
2026-08-14 04:18:24,371 [INFO] [49/121] 김포공항 (primary=KEY_1)
2026-08-14 04:18:25,933 [INFO] [50/121] 남대문시장 (primary=KEY_2)
2026-08-14 04:18:27,287 [INFO] [51/121] 노량진 (primary=KEY_3)
2026-08-14 04:18:28,668 [INFO] [52/121] 덕수궁길·정동길 (primary=KEY_4)
2026-08-14 04:18:30,045 [INFO] [53/121] 북창동 먹자골목 (primary=KEY_1)
2026-08-14 04:18:31,371 [INFO] [54/121] 북촌한옥마을 (primary=KEY_2)
2026-08-14 04:18:32,934 [INFO] [55/121] 서촌 (primary=KEY_3)
2026-08-14 04:18:34,257 [INFO] [56/121] 성수카페거리 (primary=KEY_4)
2026-08-14 04:18:35,840 [INFO] [57/121] 송리단길·호수단길 (primary=KEY_1)
2026-08-14 04:18:37,204 [INFO] [58/121] 신촌 스타광장 (primary=KEY_2)
2026-08-14 04:18:38,352 [INFO] [59/121] 압구정로데오거리 (primary=KEY_3)
2026-08-14 04:18:39,720 [INFO] [60/121] 여의도 (primary=KEY_4)
2026-08-14 04:18:41,882 [INFO] [61/121] 연남동 (primary=KEY_1)
2026-08-14 04:18:43,241 [INFO] [62/121] 영등포 타임스퀘어 (primary=KEY_2)
2026-08-14 04:18:44,583 [INFO] [63/121] 용리단길 (primary=KEY_3)
2026-08-14 04:18:45,753 [INFO] [64/121] 이태원 앤틱가구거리 (primary=KEY_4)
2026-08-14 04:18:46,941 [INFO] [65/121] 익선동 (primary=KEY_1)
2026-08-14 04:18:48,860 [INFO] [66/121] 인사동 (primary=KEY_2)
2026-08-14 04:18:50,437 [INFO] [67/121] 잠실롯데타워·석촌호수 (primary=KEY_3)
2026-08-14 04:18:52,202 [INFO] [68/121] 창동 신경제 중심지 (primary=KEY_4)
2026-08-14 04:18:53,940 [INFO] [69/121] 청담동 명품거리 (primary=KEY_1)
2026-08-14 04:18:55,281 [INFO] [70/121] 청량리 제기동 일대 전통시장 (primary=KEY_2)
2026-08-14 04:18:56,666 [INFO] [71/121] 해방촌·경리단길 (primary=KEY_3)
2026-08-14 04:18:57,851 [INFO] [72/121] DDP(동대문디자인플라자) (primary=KEY_4)
2026-08-14 04:18:59,205 [INFO] [73/121] DMC(디지털미디어시티) (primary=KEY_1)
2026-08-14 04:19:00,981 [INFO] [74/121] 가산디지털단지역 (primary=KEY_2)
2026-08-14 04:19:03,666 [INFO] [75/121] 강남역 (primary=KEY_3)
2026-08-14 04:19:06,001 [INFO] [76/121] 건대입구역 (primary=KEY_4)
2026-08-14 04:19:07,949 [INFO] [77/121] 고덕역 (primary=KEY_1)
2026-08-14 04:19:10,246 [INFO] [78/121] 고속터미널역 (primary=KEY_2)
2026-08-14 04:19:12,549 [INFO] [79/121] 교대역 (primary=KEY_3)
2026-08-14 04:19:15,194 [INFO] [80/121] 구로디지털단지역 (primary=KEY_4)
2026-08-14 04:19:18,069 [INFO] [81/121] 구로역 (primary=KEY_1)
2026-08-14 04:19:19,418 [INFO] [82/121] 군자역 (primary=KEY_2)
2026-08-14 04:19:21,245 [INFO] [83/121] 대림역 (primary=KEY_3)
2026-08-14 04:19:23,556 [INFO] [84/121] 동대문역 (primary=KEY_4)
2026-08-14 04:19:25,575 [INFO] [85/121] 뚝섬역 (primary=KEY_1)
2026-08-14 04:19:28,023 [INFO] [86/121] 미아사거리역 (primary=KEY_2)
2026-08-14 04:19:30,489 [INFO] [87/121] 발산역 (primary=KEY_3)
2026-08-14 04:19:32,215 [INFO] [88/121] 사당역 (primary=KEY_4)
2026-08-14 04:19:33,593 [INFO] [89/121] 삼각지역 (primary=KEY_1)
2026-08-14 04:19:35,889 [INFO] [90/121] 서울대입구역 (primary=KEY_2)
2026-08-14 04:19:38,160 [INFO] [91/121] 서울식물원·마곡나루역 (primary=KEY_3)
2026-08-14 04:19:40,864 [INFO] [92/121] 서울역 (primary=KEY_4)
2026-08-14 04:19:42,432 [INFO] [93/121] 선릉역 (primary=KEY_1)
2026-08-14 04:19:44,966 [INFO] [94/121] 성신여대입구역 (primary=KEY_2)
2026-08-14 04:19:47,085 [INFO] [95/121] 수유역 (primary=KEY_3)
2026-08-14 04:19:49,187 [INFO] [96/121] 숭례문 (primary=KEY_4)
2026-08-14 04:19:50,735 [INFO] [97/121] 시의회 앞 (primary=KEY_1)
2026-08-14 04:19:52,836 [INFO] [98/121] 신논현역·논현역 (primary=KEY_2)
2026-08-14 04:19:54,198 [INFO] [99/121] 신도림역 (primary=KEY_3)
2026-08-14 04:19:55,367 [INFO] [100/121] 신림역 (primary=KEY_4)
2026-08-14 04:19:56,543 [INFO] [101/121] 신정네거리역 (primary=KEY_1)
2026-08-14 04:19:57,882 [INFO] [102/121] 신촌·이대역 (primary=KEY_2)
2026-08-14 04:19:59,235 [INFO] [103/121] 쌍문역 (primary=KEY_3)
2026-08-14 04:20:00,566 [INFO] [104/121] 양재역 (primary=KEY_4)
2026-08-14 04:20:01,924 [INFO] [105/121] 역삼역 (primary=KEY_1)
2026-08-14 04:20:03,449 [INFO] [106/121] 연신내역 (primary=KEY_2)
2026-08-14 04:20:05,557 [INFO] [107/121] 오목교역·목동운동장 (primary=KEY_3)
2026-08-14 04:20:07,516 [INFO] [108/121] 왕십리역 (primary=KEY_4)
2026-08-14 04:20:08,873 [INFO] [109/121] 용산역 (primary=KEY_1)
2026-08-14 04:20:10,390 [INFO] [110/121] 이태원역 (primary=KEY_2)
2026-08-14 04:20:11,553 [INFO] [111/121] 잠실새내역 (primary=KEY_3)
2026-08-14 04:20:12,940 [INFO] [112/121] 잠실역 (primary=KEY_4)
2026-08-14 04:20:14,458 [INFO] [113/121] 장지역 (primary=KEY_1)
2026-08-14 04:20:17,105 [INFO] [114/121] 장한평역 (primary=KEY_2)
2026-08-14 04:20:18,439 [INFO] [115/121] 천호역 (primary=KEY_3)
2026-08-14 04:20:19,775 [INFO] [116/121] 총신대입구(이수)역 (primary=KEY_4)
2026-08-14 04:20:21,102 [INFO] [117/121] 충정로역 (primary=KEY_1)
2026-08-14 04:20:22,442 [INFO] [118/121] 합정역 (primary=KEY_2)
2026-08-14 04:20:23,786 [INFO] [119/121] 혜화역 (primary=KEY_3)
2026-08-14 04:20:25,107 [INFO] [120/121] 홍대입구역(2호선) (primary=KEY_4)
2026-08-14 04:20:26,446 [INFO] [121/121] 회기역 (primary=KEY_1)
2026-08-14 04:20:28,694 [INFO] === 수집 완료 | 성공 121, 실패 0 ===
2026-08-14 04:20:28,694 [INFO] 카테고리별 저장 결과:
2026-08-14 04:20:28,694 [INFO]    accident                  | 신규     4행 | 누적     14행 | 16컬럼
2026-08-14 04:20:28,694 [INFO]    accident_acdnt_cntrl_stts | 신규     5행 | 누적     15행 | 16컬럼
2026-08-14 04:20:28,694 [INFO]    area_meta                 | 신규   121행 | 누적    363행 | 5컬럼
2026-08-14 04:20:28,694 [INFO]    bike                      | 신규    11행 | 누적     33행 | 12컬럼
2026-08-14 04:20:28,694 [INFO]    bike_sbike_stts           | 신규   567행 | 누적   1701행 | 12컬럼
2026-08-14 04:20:28,694 [INFO]    bus                       | 신규     3행 | 누적      9행 | 11컬럼
2026-08-14 04:20:28,694 [INFO]    bus_bus_stn_stts          | 신규  1745행 | 누적   5235행 | 11컬럼
2026-08-14 04:20:28,694 [INFO]    charger                   | 신규     4행 | 누적     12행 | 15컬럼
2026-08-14 04:20:28,694 [INFO]    charger_charger_stts      | 신규  1932행 | 누적   5757행 | 15컬럼
2026-08-14 04:20:28,694 [INFO]    cmrcl                     | 신규    82행 | 누적    246행 | 20컬럼
2026-08-14 04:20:28,694 [INFO]    events                    | 신규    15행 | 누적     45행 | 14컬럼
2026-08-14 04:20:28,694 [INFO]    events_event_stts         | 신규   145행 | 누적    435행 | 14컬럼
2026-08-14 04:20:28,694 [INFO]    parking                   | 신규     6행 | 누적     18행 | 21컬럼
2026-08-14 04:20:28,694 [INFO]    parking_prk_stts          | 신규  1834행 | 누적   5502행 | 21컬럼
2026-08-14 04:20:28,694 [INFO]    ppltn                     | 신규   121행 | 누적    363행 | 26컬럼
2026-08-14 04:20:28,694 [INFO]    road                      | 신규   121행 | 누적    363행 | 21컬럼
2026-08-14 04:20:28,694 [INFO]    road_road_traffic_stts    | 신규  5287행 | 누적  15861행 | 17컬럼
2026-08-14 04:20:28,694 [INFO]    subway                    | 신규    38행 | 누적    114행 | 12컬럼
2026-08-14 04:20:28,694 [INFO]    subway_sub_stts           | 신규   183행 | 누적    549행 | 13컬럼
2026-08-14 04:20:28,694 [INFO]    weather                   | 신규   119행 | 누적    357행 | 29컬럼
2026-08-14 04:20:28,694 [INFO] 키별 사용량:
2026-08-14 04:20:28,694 [INFO]    🟢 KEY_1 (31/1000) 
2026-08-14 04:20:28,694 [INFO]    🟢 KEY_2 (30/1000) 
2026-08-14 04:20:28,694 [INFO]    🟢 KEY_3 (30/1000) 
2026-08-14 04:20:28,695 [INFO]    🟢 KEY_4 (30/1000) 
2026-08-14 05:56:46,265 [INFO] 등록된 키: 4개, 합산 한도 4,000건/일
2026-08-14 05:56:46,265 [INFO] POI 로드: 매뉴얼 v8.5 기준 fallback 121개 (121개 전체)
2026-08-14 05:56:46,265 [INFO] === 수집 시작 2026-08-14T05:56:46.265950+09:00 ===
2026-08-14 05:56:46,266 [INFO] 대상 장소: 121개 | API: citydata (통합)
2026-08-14 05:56:46,266 [INFO] 키 풀: 4/4 활성 | 오늘 사용 0/4000건
2026-08-14 05:56:46,266 [INFO]   [KEY_1] 담당 31장소
2026-08-14 05:56:46,266 [INFO]   [KEY_2] 담당 30장소
2026-08-14 05:56:46,266 [INFO]   [KEY_3] 담당 30장소
2026-08-14 05:56:46,266 [INFO]   [KEY_4] 담당 30장소
2026-08-14 05:56:46,266 [INFO] [1/121] 경복궁 (primary=KEY_1)
2026-08-14 05:56:48,193 [INFO] [2/121] 광화문·덕수궁 (primary=KEY_2)
2026-08-14 05:56:49,747 [INFO] [3/121] 보신각 (primary=KEY_3)
2026-08-14 05:56:51,665 [INFO] [4/121] 서울 암사동 유적 (primary=KEY_4)
2026-08-14 05:56:52,653 [INFO] [5/121] 창덕궁·종묘 (primary=KEY_1)
2026-08-14 05:56:54,565 [INFO] [6/121] 강남 MICE 관광특구 (primary=KEY_2)
2026-08-14 05:56:55,703 [INFO] [7/121] 동대문 관광특구 (primary=KEY_3)
2026-08-14 05:56:57,812 [INFO] [8/121] 명동 관광특구 (primary=KEY_4)
2026-08-14 05:56:59,963 [INFO] [9/121] 이태원 관광특구 (primary=KEY_1)
2026-08-14 05:57:01,661 [INFO] [10/121] 잠실 관광특구 (primary=KEY_2)
2026-08-14 05:57:03,126 [INFO] [11/121] 종로·청계 관광특구 (primary=KEY_3)
2026-08-14 05:57:05,131 [INFO] [12/121] 홍대 관광특구 (primary=KEY_4)
2026-08-14 05:57:06,564 [INFO] [13/121] 강서한강공원 (primary=KEY_1)
2026-08-14 05:57:07,536 [INFO] [14/121] 고척돔 (primary=KEY_2)
2026-08-14 05:57:08,647 [INFO] [15/121] 광나루한강공원 (primary=KEY_3)
2026-08-14 05:57:09,748 [INFO] [16/121] 광화문광장 (primary=KEY_4)
2026-08-14 05:57:10,876 [INFO] [17/121] 국립중앙박물관·용산가족공원 (primary=KEY_1)
2026-08-14 05:57:11,856 [INFO] [18/121] 난지한강공원 (primary=KEY_2)
2026-08-14 05:57:12,820 [INFO] [19/121] 남산공원 (primary=KEY_3)
2026-08-14 05:57:14,220 [INFO] [20/121] 노들섬 (primary=KEY_4)
2026-08-14 05:57:15,186 [INFO] [21/121] 뚝섬한강공원 (primary=KEY_1)
2026-08-14 05:57:16,706 [INFO] [22/121] 망원한강공원 (primary=KEY_2)
2026-08-14 05:57:17,825 [INFO] [23/121] 반포한강공원 (primary=KEY_3)
2026-08-14 05:57:18,932 [INFO] [24/121] 보라매공원 (primary=KEY_4)
2026-08-14 05:57:19,962 [INFO] [25/121] 북서울꿈의숲 (primary=KEY_1)
2026-08-14 05:57:21,081 [INFO] [26/121] 서대문독립공원 (primary=KEY_2)
2026-08-14 05:57:22,070 [INFO] [27/121] 서리풀공원·몽마르뜨공원 (primary=KEY_3)
2026-08-14 05:57:23,204 [INFO] [28/121] 서울대공원 (primary=KEY_4)
2026-08-14 05:57:24,300 [INFO] [29/121] 서울숲공원 (primary=KEY_1)
2026-08-14 05:57:25,547 [INFO] [30/121] 송현녹지광장 (primary=KEY_2)
2026-08-14 05:57:26,660 [INFO] [31/121] 아차산 (primary=KEY_3)
2026-08-14 05:57:27,627 [INFO] [32/121] 안양천 (primary=KEY_4)
2026-08-14 05:57:28,599 [INFO] [33/121] 양화한강공원 (primary=KEY_1)
2026-08-14 05:57:29,566 [INFO] [34/121] 어린이대공원 (primary=KEY_2)
2026-08-14 05:57:30,682 [INFO] [35/121] 여의도한강공원 (primary=KEY_3)
2026-08-14 05:57:31,843 [INFO] [36/121] 여의서로 (primary=KEY_4)
2026-08-14 05:57:32,949 [INFO] [37/121] 올림픽공원 (primary=KEY_1)
2026-08-14 05:57:34,220 [INFO] [38/121] 월드컵공원 (primary=KEY_2)
2026-08-14 05:57:35,503 [INFO] [39/121] 응봉산 (primary=KEY_3)
2026-08-14 05:57:36,605 [INFO] [40/121] 이촌한강공원 (primary=KEY_4)
2026-08-14 05:57:37,567 [INFO] [41/121] 잠실종합운동장 (primary=KEY_1)
2026-08-14 05:57:38,569 [INFO] [42/121] 잠실한강공원 (primary=KEY_2)
2026-08-14 05:57:39,549 [INFO] [43/121] 잠원한강공원 (primary=KEY_3)
2026-08-14 05:57:40,526 [INFO] [44/121] 청계산 (primary=KEY_4)
2026-08-14 05:57:41,491 [INFO] [45/121] 홍제폭포 (primary=KEY_1)
2026-08-14 05:57:42,464 [INFO] [46/121] 가락시장 (primary=KEY_2)
2026-08-14 05:57:43,600 [INFO] [47/121] 가로수길 (primary=KEY_3)
2026-08-14 05:57:44,742 [INFO] [48/121] 광장(전통)시장 (primary=KEY_4)
2026-08-14 05:57:45,730 [INFO] [49/121] 김포공항 (primary=KEY_1)
2026-08-14 05:57:47,011 [INFO] [50/121] 남대문시장 (primary=KEY_2)
2026-08-14 05:57:48,121 [INFO] [51/121] 노량진 (primary=KEY_3)
2026-08-14 05:57:49,262 [INFO] [52/121] 덕수궁길·정동길 (primary=KEY_4)
2026-08-14 05:57:50,404 [INFO] [53/121] 북창동 먹자골목 (primary=KEY_1)
2026-08-14 05:57:51,514 [INFO] [54/121] 북촌한옥마을 (primary=KEY_2)
2026-08-14 05:57:52,770 [INFO] [55/121] 서촌 (primary=KEY_3)
2026-08-14 05:57:53,879 [INFO] [56/121] 성수카페거리 (primary=KEY_4)
2026-08-14 05:57:55,143 [INFO] [57/121] 송리단길·호수단길 (primary=KEY_1)
2026-08-14 05:57:56,304 [INFO] [58/121] 신촌 스타광장 (primary=KEY_2)
2026-08-14 05:57:57,292 [INFO] [59/121] 압구정로데오거리 (primary=KEY_3)
2026-08-14 05:57:58,457 [INFO] [60/121] 여의도 (primary=KEY_4)
2026-08-14 05:58:00,220 [INFO] [61/121] 연남동 (primary=KEY_1)
2026-08-14 05:58:01,349 [INFO] [62/121] 영등포 타임스퀘어 (primary=KEY_2)
2026-08-14 05:58:02,460 [INFO] [63/121] 용리단길 (primary=KEY_3)
2026-08-14 05:58:03,476 [INFO] [64/121] 이태원 앤틱가구거리 (primary=KEY_4)
2026-08-14 05:58:04,606 [INFO] [65/121] 익선동 (primary=KEY_1)
2026-08-14 05:58:05,750 [INFO] [66/121] 인사동 (primary=KEY_2)
2026-08-14 05:58:07,027 [INFO] [67/121] 잠실롯데타워·석촌호수 (primary=KEY_3)
2026-08-14 05:58:08,447 [INFO] [68/121] 창동 신경제 중심지 (primary=KEY_4)
2026-08-14 05:58:09,853 [INFO] [69/121] 청담동 명품거리 (primary=KEY_1)
2026-08-14 05:58:11,784 [INFO] [70/121] 청량리 제기동 일대 전통시장 (primary=KEY_2)
2026-08-14 05:58:12,956 [INFO] [71/121] 해방촌·경리단길 (primary=KEY_3)
2026-08-14 05:58:13,945 [INFO] [72/121] DDP(동대문디자인플라자) (primary=KEY_4)
2026-08-14 05:58:15,087 [INFO] [73/121] DMC(디지털미디어시티) (primary=KEY_1)
2026-08-14 05:58:16,517 [INFO] [74/121] 가산디지털단지역 (primary=KEY_2)
2026-08-14 05:58:18,051 [INFO] [75/121] 강남역 (primary=KEY_3)
2026-08-14 05:58:19,362 [INFO] [76/121] 건대입구역 (primary=KEY_4)
2026-08-14 05:58:20,516 [INFO] [77/121] 고덕역 (primary=KEY_1)
2026-08-14 05:58:21,643 [INFO] [78/121] 고속터미널역 (primary=KEY_2)
2026-08-14 05:58:22,815 [INFO] [79/121] 교대역 (primary=KEY_3)
2026-08-14 05:58:24,070 [INFO] [80/121] 구로디지털단지역 (primary=KEY_4)
2026-08-14 05:58:26,022 [INFO] [81/121] 구로역 (primary=KEY_1)
2026-08-14 05:58:27,153 [INFO] [82/121] 군자역 (primary=KEY_2)
2026-08-14 05:58:28,837 [INFO] [83/121] 대림역 (primary=KEY_3)
2026-08-14 05:58:30,514 [INFO] [84/121] 동대문역 (primary=KEY_4)
2026-08-14 05:58:32,201 [INFO] [85/121] 뚝섬역 (primary=KEY_1)
2026-08-14 05:58:33,349 [INFO] [86/121] 미아사거리역 (primary=KEY_2)
2026-08-14 05:58:34,487 [INFO] [87/121] 발산역 (primary=KEY_3)
2026-08-14 05:58:36,424 [INFO] [88/121] 사당역 (primary=KEY_4)
2026-08-14 05:58:37,573 [INFO] [89/121] 삼각지역 (primary=KEY_1)
2026-08-14 05:58:38,828 [INFO] [90/121] 서울대입구역 (primary=KEY_2)
2026-08-14 05:58:40,488 [INFO] [91/121] 서울식물원·마곡나루역 (primary=KEY_3)
2026-08-14 05:58:41,766 [INFO] [92/121] 서울역 (primary=KEY_4)
2026-08-14 05:58:43,624 [INFO] [93/121] 선릉역 (primary=KEY_1)
2026-08-14 05:58:45,749 [INFO] [94/121] 성신여대입구역 (primary=KEY_2)
2026-08-14 05:58:46,749 [INFO] [95/121] 수유역 (primary=KEY_3)
2026-08-14 05:58:48,420 [INFO] [96/121] 숭례문 (primary=KEY_4)
2026-08-14 05:58:49,715 [INFO] [97/121] 시의회 앞 (primary=KEY_1)
2026-08-14 05:58:51,398 [INFO] [98/121] 신논현역·논현역 (primary=KEY_2)
2026-08-14 05:58:52,570 [INFO] [99/121] 신도림역 (primary=KEY_3)
2026-08-14 05:58:53,576 [INFO] [100/121] 신림역 (primary=KEY_4)
2026-08-14 05:58:54,711 [INFO] [101/121] 신정네거리역 (primary=KEY_1)
2026-08-14 05:58:55,843 [INFO] [102/121] 신촌·이대역 (primary=KEY_2)
2026-08-14 05:58:56,965 [INFO] [103/121] 쌍문역 (primary=KEY_3)
2026-08-14 05:58:58,085 [INFO] [104/121] 양재역 (primary=KEY_4)
2026-08-14 05:58:59,225 [INFO] [105/121] 역삼역 (primary=KEY_1)
2026-08-14 05:59:01,318 [INFO] [106/121] 연신내역 (primary=KEY_2)
2026-08-14 05:59:02,337 [INFO] [107/121] 오목교역·목동운동장 (primary=KEY_3)
2026-08-14 05:59:03,913 [INFO] [108/121] 왕십리역 (primary=KEY_4)
2026-08-14 05:59:05,221 [INFO] [109/121] 용산역 (primary=KEY_1)
2026-08-14 05:59:06,503 [INFO] [110/121] 이태원역 (primary=KEY_2)
2026-08-14 05:59:08,313 [INFO] [111/121] 잠실새내역 (primary=KEY_3)
2026-08-14 05:59:09,525 [INFO] [112/121] 잠실역 (primary=KEY_4)
2026-08-14 05:59:10,912 [INFO] [113/121] 장지역 (primary=KEY_1)
2026-08-14 05:59:12,222 [INFO] [114/121] 장한평역 (primary=KEY_2)
2026-08-14 05:59:13,345 [INFO] [115/121] 천호역 (primary=KEY_3)
2026-08-14 05:59:14,501 [INFO] [116/121] 총신대입구(이수)역 (primary=KEY_4)
2026-08-14 05:59:15,649 [INFO] [117/121] 충정로역 (primary=KEY_1)
2026-08-14 05:59:16,798 [INFO] [118/121] 합정역 (primary=KEY_2)
2026-08-14 05:59:17,935 [INFO] [119/121] 혜화역 (primary=KEY_3)
2026-08-14 05:59:19,065 [INFO] [120/121] 홍대입구역(2호선) (primary=KEY_4)
2026-08-14 05:59:20,212 [INFO] [121/121] 회기역 (primary=KEY_1)
2026-08-14 05:59:22,411 [INFO] === 수집 완료 | 성공 121, 실패 0 ===
2026-08-14 05:59:22,411 [INFO] 카테고리별 저장 결과:
2026-08-14 05:59:22,411 [INFO]    accident                  | 신규     4행 | 누적     18행 | 16컬럼
2026-08-14 05:59:22,411 [INFO]    accident_acdnt_cntrl_stts | 신규     2행 | 누적     17행 | 16컬럼
2026-08-14 05:59:22,411 [INFO]    area_meta                 | 신규   121행 | 누적    484행 | 5컬럼
2026-08-14 05:59:22,411 [INFO]    bike                      | 신규    11행 | 누적     44행 | 12컬럼
2026-08-14 05:59:22,411 [INFO]    bike_sbike_stts           | 신규   567행 | 누적   2268행 | 12컬럼
2026-08-14 05:59:22,411 [INFO]    bus                       | 신규     3행 | 누적     12행 | 11컬럼
2026-08-14 05:59:22,411 [INFO]    bus_bus_stn_stts          | 신규  1745행 | 누적   6980행 | 11컬럼
2026-08-14 05:59:22,411 [INFO]    charger                   | 신규     4행 | 누적     16행 | 15컬럼
2026-08-14 05:59:22,411 [INFO]    charger_charger_stts      | 신규  1932행 | 누적   7676행 | 15컬럼
2026-08-14 05:59:22,411 [INFO]    cmrcl                     | 신규    82행 | 누적    328행 | 20컬럼
2026-08-14 05:59:22,411 [INFO]    events                    | 신규    16행 | 누적     61행 | 14컬럼
2026-08-14 05:59:22,411 [INFO]    events_event_stts         | 신규   142행 | 누적    577행 | 14컬럼
2026-08-14 05:59:22,411 [INFO]    parking                   | 신규     6행 | 누적     24행 | 21컬럼
2026-08-14 05:59:22,412 [INFO]    parking_prk_stts          | 신규  1834행 | 누적   7336행 | 21컬럼
2026-08-14 05:59:22,412 [INFO]    ppltn                     | 신규   121행 | 누적    484행 | 26컬럼
2026-08-14 05:59:22,412 [INFO]    road                      | 신규   121행 | 누적    484행 | 21컬럼
2026-08-14 05:59:22,412 [INFO]    road_road_traffic_stts    | 신규  5287행 | 누적  21148행 | 17컬럼
2026-08-14 05:59:22,412 [INFO]    subway                    | 신규    38행 | 누적    152행 | 12컬럼
2026-08-14 05:59:22,412 [INFO]    subway_sub_stts           | 신규   183행 | 누적    732행 | 13컬럼
2026-08-14 05:59:22,412 [INFO]    weather                   | 신규   119행 | 누적    476행 | 29컬럼
2026-08-14 05:59:22,412 [INFO] 키별 사용량:
2026-08-14 05:59:22,412 [INFO]    🟢 KEY_1 (31/1000) 
2026-08-14 05:59:22,412 [INFO]    🟢 KEY_2 (30/1000) 
2026-08-14 05:59:22,412 [INFO]    🟢 KEY_3 (30/1000) 
2026-08-14 05:59:22,412 [INFO]    🟢 KEY_4 (30/1000) 
2026-08-14 06:58:03,119 [INFO] 등록된 키: 4개, 합산 한도 4,000건/일
2026-08-14 06:58:03,119 [INFO] POI 로드: 매뉴얼 v8.5 기준 fallback 121개 (121개 전체)
2026-08-14 06:58:03,120 [INFO] === 수집 시작 2026-08-14T06:58:03.119992+09:00 ===
2026-08-14 06:58:03,120 [INFO] 대상 장소: 121개 | API: citydata (통합)
2026-08-14 06:58:03,120 [INFO] 키 풀: 4/4 활성 | 오늘 사용 0/4000건
2026-08-14 06:58:03,120 [INFO]   [KEY_1] 담당 31장소
2026-08-14 06:58:03,120 [INFO]   [KEY_2] 담당 30장소
2026-08-14 06:58:03,120 [INFO]   [KEY_3] 담당 30장소
2026-08-14 06:58:03,120 [INFO]   [KEY_4] 담당 30장소
2026-08-14 06:58:03,120 [INFO] [1/121] 경복궁 (primary=KEY_1)
2026-08-14 06:58:05,098 [INFO] [2/121] 광화문·덕수궁 (primary=KEY_2)
2026-08-14 06:58:06,977 [INFO] [3/121] 보신각 (primary=KEY_3)
2026-08-14 06:58:08,459 [INFO] [4/121] 서울 암사동 유적 (primary=KEY_4)
2026-08-14 06:58:09,710 [INFO] [5/121] 창덕궁·종묘 (primary=KEY_1)
2026-08-14 06:58:11,672 [INFO] [6/121] 강남 MICE 관광특구 (primary=KEY_2)
2026-08-14 06:58:13,667 [INFO] [7/121] 동대문 관광특구 (primary=KEY_3)
2026-08-14 06:58:15,373 [INFO] [8/121] 명동 관광특구 (primary=KEY_4)
2026-08-14 06:58:18,256 [INFO] [9/121] 이태원 관광특구 (primary=KEY_1)
2026-08-14 06:58:19,564 [INFO] [10/121] 잠실 관광특구 (primary=KEY_2)
2026-08-14 06:58:21,424 [INFO] [11/121] 종로·청계 관광특구 (primary=KEY_3)
2026-08-14 06:58:22,924 [INFO] [12/121] 홍대 관광특구 (primary=KEY_4)
2026-08-14 06:58:24,589 [INFO] [13/121] 강서한강공원 (primary=KEY_1)
2026-08-14 06:58:25,670 [INFO] [14/121] 고척돔 (primary=KEY_2)
2026-08-14 06:58:26,759 [INFO] [15/121] 광나루한강공원 (primary=KEY_3)
2026-08-14 06:58:28,013 [INFO] [16/121] 광화문광장 (primary=KEY_4)
2026-08-14 06:58:29,284 [INFO] [17/121] 국립중앙박물관·용산가족공원 (primary=KEY_1)
2026-08-14 06:58:30,394 [INFO] [18/121] 난지한강공원 (primary=KEY_2)
2026-08-14 06:58:31,488 [INFO] [19/121] 남산공원 (primary=KEY_3)
2026-08-14 06:58:32,957 [INFO] [20/121] 노들섬 (primary=KEY_4)
2026-08-14 06:58:34,046 [INFO] [21/121] 뚝섬한강공원 (primary=KEY_1)
2026-08-14 06:58:35,857 [INFO] [22/121] 망원한강공원 (primary=KEY_2)
2026-08-14 06:58:37,147 [INFO] [23/121] 반포한강공원 (primary=KEY_3)
2026-08-14 06:58:38,230 [INFO] [24/121] 보라매공원 (primary=KEY_4)
2026-08-14 06:58:39,331 [INFO] [25/121] 북서울꿈의숲 (primary=KEY_1)
2026-08-14 06:58:40,614 [INFO] [26/121] 서대문독립공원 (primary=KEY_2)
2026-08-14 06:58:41,729 [INFO] [27/121] 서리풀공원·몽마르뜨공원 (primary=KEY_3)
2026-08-14 06:58:43,028 [INFO] [28/121] 서울대공원 (primary=KEY_4)
2026-08-14 06:58:44,110 [INFO] [29/121] 서울숲공원 (primary=KEY_1)
2026-08-14 06:58:45,388 [INFO] [30/121] 송현녹지광장 (primary=KEY_2)
2026-08-14 06:58:46,661 [INFO] [31/121] 아차산 (primary=KEY_3)
2026-08-14 06:58:47,747 [INFO] [32/121] 안양천 (primary=KEY_4)
2026-08-14 06:58:48,847 [INFO] [33/121] 양화한강공원 (primary=KEY_1)
2026-08-14 06:58:50,777 [INFO] [34/121] 어린이대공원 (primary=KEY_2)
2026-08-14 06:58:52,062 [INFO] [35/121] 여의도한강공원 (primary=KEY_3)
2026-08-14 06:58:53,328 [INFO] [36/121] 여의서로 (primary=KEY_4)
2026-08-14 06:58:54,771 [INFO] [37/121] 올림픽공원 (primary=KEY_1)
2026-08-14 06:58:56,245 [INFO] [38/121] 월드컵공원 (primary=KEY_2)
2026-08-14 06:58:57,735 [INFO] [39/121] 응봉산 (primary=KEY_3)
2026-08-14 06:58:58,988 [INFO] [40/121] 이촌한강공원 (primary=KEY_4)
2026-08-14 06:59:00,067 [INFO] [41/121] 잠실종합운동장 (primary=KEY_1)
2026-08-14 06:59:01,154 [INFO] [42/121] 잠실한강공원 (primary=KEY_2)
2026-08-14 06:59:02,265 [INFO] [43/121] 잠원한강공원 (primary=KEY_3)
2026-08-14 06:59:03,356 [INFO] [44/121] 청계산 (primary=KEY_4)
2026-08-14 06:59:04,439 [INFO] [45/121] 홍제폭포 (primary=KEY_1)
2026-08-14 06:59:05,519 [INFO] [46/121] 가락시장 (primary=KEY_2)
2026-08-14 06:59:06,800 [INFO] [47/121] 가로수길 (primary=KEY_3)
2026-08-14 06:59:08,116 [INFO] [48/121] 광장(전통)시장 (primary=KEY_4)
2026-08-14 06:59:09,230 [INFO] [49/121] 김포공항 (primary=KEY_1)
2026-08-14 06:59:10,717 [INFO] [50/121] 남대문시장 (primary=KEY_2)
2026-08-14 06:59:12,012 [INFO] [51/121] 노량진 (primary=KEY_3)
2026-08-14 06:59:13,292 [INFO] [52/121] 덕수궁길·정동길 (primary=KEY_4)
2026-08-14 06:59:14,577 [INFO] [53/121] 북창동 먹자골목 (primary=KEY_1)
2026-08-14 06:59:15,842 [INFO] [54/121] 북촌한옥마을 (primary=KEY_2)
2026-08-14 06:59:17,306 [INFO] [55/121] 서촌 (primary=KEY_3)
2026-08-14 06:59:18,580 [INFO] [56/121] 성수카페거리 (primary=KEY_4)
2026-08-14 06:59:20,031 [INFO] [57/121] 송리단길·호수단길 (primary=KEY_1)
2026-08-14 06:59:21,332 [INFO] [58/121] 신촌 스타광장 (primary=KEY_2)
2026-08-14 06:59:22,448 [INFO] [59/121] 압구정로데오거리 (primary=KEY_3)
2026-08-14 06:59:23,736 [INFO] [60/121] 여의도 (primary=KEY_4)
2026-08-14 06:59:25,843 [INFO] [61/121] 연남동 (primary=KEY_1)
2026-08-14 06:59:27,807 [INFO] [62/121] 영등포 타임스퀘어 (primary=KEY_2)
2026-08-14 06:59:29,245 [INFO] [63/121] 용리단길 (primary=KEY_3)
2026-08-14 06:59:31,107 [INFO] [64/121] 이태원 앤틱가구거리 (primary=KEY_4)
2026-08-14 06:59:32,377 [INFO] [65/121] 익선동 (primary=KEY_1)
2026-08-14 06:59:33,853 [INFO] [66/121] 인사동 (primary=KEY_2)
2026-08-14 06:59:36,061 [INFO] [67/121] 잠실롯데타워·석촌호수 (primary=KEY_3)
2026-08-14 06:59:37,873 [INFO] [68/121] 창동 신경제 중심지 (primary=KEY_4)
2026-08-14 06:59:40,230 [INFO] [69/121] 청담동 명품거리 (primary=KEY_1)
2026-08-14 06:59:41,509 [INFO] [70/121] 청량리 제기동 일대 전통시장 (primary=KEY_2)
2026-08-14 06:59:42,788 [INFO] [71/121] 해방촌·경리단길 (primary=KEY_3)
2026-08-14 06:59:44,783 [INFO] [72/121] DDP(동대문디자인플라자) (primary=KEY_4)
2026-08-14 06:59:46,680 [INFO] [73/121] DMC(디지털미디어시티) (primary=KEY_1)
2026-08-14 06:59:48,524 [INFO] [74/121] 가산디지털단지역 (primary=KEY_2)
2026-08-14 06:59:50,360 [INFO] [75/121] 강남역 (primary=KEY_3)
2026-08-14 06:59:51,850 [INFO] [76/121] 건대입구역 (primary=KEY_4)
2026-08-14 06:59:53,137 [INFO] [77/121] 고덕역 (primary=KEY_1)
2026-08-14 06:59:55,185 [INFO] [78/121] 고속터미널역 (primary=KEY_2)
2026-08-14 06:59:56,487 [INFO] [79/121] 교대역 (primary=KEY_3)
2026-08-14 06:59:57,777 [INFO] [80/121] 구로디지털단지역 (primary=KEY_4)
2026-08-14 06:59:59,414 [INFO] [81/121] 구로역 (primary=KEY_1)
2026-08-14 07:00:00,667 [INFO] [82/121] 군자역 (primary=KEY_2)
2026-08-14 07:00:01,945 [INFO] [83/121] 대림역 (primary=KEY_3)
2026-08-14 07:00:03,273 [INFO] [84/121] 동대문역 (primary=KEY_4)
2026-08-14 07:00:04,555 [INFO] [85/121] 뚝섬역 (primary=KEY_1)
2026-08-14 07:00:05,865 [INFO] [86/121] 미아사거리역 (primary=KEY_2)
2026-08-14 07:00:07,209 [INFO] [87/121] 발산역 (primary=KEY_3)
2026-08-14 07:00:08,842 [INFO] [88/121] 사당역 (primary=KEY_4)
2026-08-14 07:00:10,300 [INFO] [89/121] 삼각지역 (primary=KEY_1)
2026-08-14 07:00:11,600 [INFO] [90/121] 서울대입구역 (primary=KEY_2)
2026-08-14 07:00:12,905 [INFO] [91/121] 서울식물원·마곡나루역 (primary=KEY_3)
2026-08-14 07:00:14,358 [INFO] [92/121] 서울역 (primary=KEY_4)
2026-08-14 07:00:15,872 [INFO] [93/121] 선릉역 (primary=KEY_1)
2026-08-14 07:00:17,508 [INFO] [94/121] 성신여대입구역 (primary=KEY_2)
2026-08-14 07:00:18,616 [INFO] [95/121] 수유역 (primary=KEY_3)
2026-08-14 07:00:19,882 [INFO] [96/121] 숭례문 (primary=KEY_4)
2026-08-14 07:00:22,144 [INFO] [97/121] 시의회 앞 (primary=KEY_1)
2026-08-14 07:00:23,440 [INFO] [98/121] 신논현역·논현역 (primary=KEY_2)
2026-08-14 07:00:24,720 [INFO] [99/121] 신도림역 (primary=KEY_3)
2026-08-14 07:00:25,815 [INFO] [100/121] 신림역 (primary=KEY_4)
2026-08-14 07:00:27,088 [INFO] [101/121] 신정네거리역 (primary=KEY_1)
2026-08-14 07:00:28,356 [INFO] [102/121] 신촌·이대역 (primary=KEY_2)
2026-08-14 07:00:29,654 [INFO] [103/121] 쌍문역 (primary=KEY_3)
2026-08-14 07:00:30,938 [INFO] [104/121] 양재역 (primary=KEY_4)
2026-08-14 07:00:32,215 [INFO] [105/121] 역삼역 (primary=KEY_1)
2026-08-14 07:00:33,662 [INFO] [106/121] 연신내역 (primary=KEY_2)
2026-08-14 07:00:34,777 [INFO] [107/121] 오목교역·목동운동장 (primary=KEY_3)
2026-08-14 07:00:36,591 [INFO] [108/121] 왕십리역 (primary=KEY_4)
2026-08-14 07:00:38,055 [INFO] [109/121] 용산역 (primary=KEY_1)
2026-08-14 07:00:39,497 [INFO] [110/121] 이태원역 (primary=KEY_2)
2026-08-14 07:00:40,599 [INFO] [111/121] 잠실새내역 (primary=KEY_3)
2026-08-14 07:00:41,942 [INFO] [112/121] 잠실역 (primary=KEY_4)
2026-08-14 07:00:43,414 [INFO] [113/121] 장지역 (primary=KEY_1)
2026-08-14 07:00:44,881 [INFO] [114/121] 장한평역 (primary=KEY_2)
2026-08-14 07:00:46,144 [INFO] [115/121] 천호역 (primary=KEY_3)
2026-08-14 07:00:47,447 [INFO] [116/121] 총신대입구(이수)역 (primary=KEY_4)
2026-08-14 07:00:48,724 [INFO] [117/121] 충정로역 (primary=KEY_1)
2026-08-14 07:00:50,037 [INFO] [118/121] 합정역 (primary=KEY_2)
2026-08-14 07:00:51,334 [INFO] [119/121] 혜화역 (primary=KEY_3)
2026-08-14 07:00:52,612 [INFO] [120/121] 홍대입구역(2호선) (primary=KEY_4)
2026-08-14 07:00:53,906 [INFO] [121/121] 회기역 (primary=KEY_1)
2026-08-14 07:00:56,325 [INFO] === 수집 완료 | 성공 121, 실패 0 ===
2026-08-14 07:00:56,326 [INFO] 카테고리별 저장 결과:
2026-08-14 07:00:56,326 [INFO]    accident                  | 신규     2행 | 누적     20행 | 16컬럼
2026-08-14 07:00:56,326 [INFO]    area_meta                 | 신규   121행 | 누적    605행 | 5컬럼
2026-08-14 07:00:56,326 [INFO]    bike                      | 신규    11행 | 누적     55행 | 12컬럼
2026-08-14 07:00:56,326 [INFO]    bike_sbike_stts           | 신규   567행 | 누적   2835행 | 12컬럼
2026-08-14 07:00:56,326 [INFO]    bus                       | 신규     3행 | 누적     15행 | 11컬럼
2026-08-14 07:00:56,326 [INFO]    bus_bus_stn_stts          | 신규  1745행 | 누적   8725행 | 11컬럼
2026-08-14 07:00:56,326 [INFO]    charger                   | 신규     4행 | 누적     20행 | 15컬럼
2026-08-14 07:00:56,326 [INFO]    charger_charger_stts      | 신규  1932행 | 누적   9595행 | 15컬럼
2026-08-14 07:00:56,326 [INFO]    cmrcl                     | 신규    82행 | 누적    410행 | 20컬럼
2026-08-14 07:00:56,326 [INFO]    events                    | 신규    16행 | 누적     77행 | 14컬럼
2026-08-14 07:00:56,326 [INFO]    events_event_stts         | 신규   142행 | 누적    719행 | 14컬럼
2026-08-14 07:00:56,326 [INFO]    parking                   | 신규     6행 | 누적     30행 | 21컬럼
2026-08-14 07:00:56,326 [INFO]    parking_prk_stts          | 신규  1834행 | 누적   9170행 | 21컬럼
2026-08-14 07:00:56,326 [INFO]    ppltn                     | 신규   121행 | 누적    605행 | 26컬럼
2026-08-14 07:00:56,326 [INFO]    road                      | 신규   121행 | 누적    605행 | 21컬럼
2026-08-14 07:00:56,326 [INFO]    road_road_traffic_stts    | 신규  5287행 | 누적  26435행 | 17컬럼
2026-08-14 07:00:56,326 [INFO]    subway                    | 신규    38행 | 누적    190행 | 12컬럼
2026-08-14 07:00:56,326 [INFO]    subway_sub_stts           | 신규   183행 | 누적    915행 | 13컬럼
2026-08-14 07:00:56,326 [INFO]    weather                   | 신규   119행 | 누적    595행 | 30컬럼
2026-08-14 07:00:56,326 [INFO] 키별 사용량:
2026-08-14 07:00:56,326 [INFO]    🟢 KEY_1 (31/1000) 
2026-08-14 07:00:56,326 [INFO]    🟢 KEY_2 (30/1000) 
2026-08-14 07:00:56,326 [INFO]    🟢 KEY_3 (30/1000) 
2026-08-14 07:00:56,326 [INFO]    🟢 KEY_4 (30/1000) 
2026-08-14 07:56:35,517 [INFO] 등록된 키: 4개, 합산 한도 4,000건/일
2026-08-14 07:56:35,518 [INFO] POI 로드: 매뉴얼 v8.5 기준 fallback 121개 (121개 전체)
2026-08-14 07:56:35,518 [INFO] === 수집 시작 2026-08-14T07:56:35.518317+09:00 ===
2026-08-14 07:56:35,518 [INFO] 대상 장소: 121개 | API: citydata (통합)
2026-08-14 07:56:35,518 [INFO] 키 풀: 4/4 활성 | 오늘 사용 0/4000건
2026-08-14 07:56:35,518 [INFO]   [KEY_1] 담당 31장소
2026-08-14 07:56:35,518 [INFO]   [KEY_2] 담당 30장소
2026-08-14 07:56:35,518 [INFO]   [KEY_3] 담당 30장소
2026-08-14 07:56:35,518 [INFO]   [KEY_4] 담당 30장소
2026-08-14 07:56:35,518 [INFO] [1/121] 경복궁 (primary=KEY_1)
2026-08-14 07:56:37,494 [INFO] [2/121] 광화문·덕수궁 (primary=KEY_2)
2026-08-14 07:56:39,747 [INFO] [3/121] 보신각 (primary=KEY_3)
2026-08-14 07:56:42,074 [INFO] [4/121] 서울 암사동 유적 (primary=KEY_4)
2026-08-14 07:56:43,852 [INFO] [5/121] 창덕궁·종묘 (primary=KEY_1)
2026-08-14 07:56:45,806 [INFO] [6/121] 강남 MICE 관광특구 (primary=KEY_2)
2026-08-14 07:56:47,804 [INFO] [7/121] 동대문 관광특구 (primary=KEY_3)
2026-08-14 07:56:49,916 [INFO] [8/121] 명동 관광특구 (primary=KEY_4)
2026-08-14 07:56:52,733 [INFO] [9/121] 이태원 관광특구 (primary=KEY_1)
2026-08-14 07:56:54,108 [INFO] [10/121] 잠실 관광특구 (primary=KEY_2)
2026-08-14 07:56:55,877 [INFO] [11/121] 종로·청계 관광특구 (primary=KEY_3)
2026-08-14 07:56:57,620 [INFO] [12/121] 홍대 관광특구 (primary=KEY_4)
2026-08-14 07:56:59,137 [INFO] [13/121] 강서한강공원 (primary=KEY_1)
2026-08-14 07:57:00,246 [INFO] [14/121] 고척돔 (primary=KEY_2)
2026-08-14 07:57:01,337 [INFO] [15/121] 광나루한강공원 (primary=KEY_3)
2026-08-14 07:57:02,602 [INFO] [16/121] 광화문광장 (primary=KEY_4)
2026-08-14 07:57:04,453 [INFO] [17/121] 국립중앙박물관·용산가족공원 (primary=KEY_1)
2026-08-14 07:57:05,549 [INFO] [18/121] 난지한강공원 (primary=KEY_2)
2026-08-14 07:57:06,628 [INFO] [19/121] 남산공원 (primary=KEY_3)
2026-08-14 07:57:08,112 [INFO] [20/121] 노들섬 (primary=KEY_4)
2026-08-14 07:57:09,196 [INFO] [21/121] 뚝섬한강공원 (primary=KEY_1)
2026-08-14 07:57:10,290 [INFO] [22/121] 망원한강공원 (primary=KEY_2)
2026-08-14 07:57:12,323 [INFO] [23/121] 반포한강공원 (primary=KEY_3)
2026-08-14 07:57:13,410 [INFO] [24/121] 보라매공원 (primary=KEY_4)
2026-08-14 07:57:14,510 [INFO] [25/121] 북서울꿈의숲 (primary=KEY_1)
2026-08-14 07:57:15,797 [INFO] [26/121] 서대문독립공원 (primary=KEY_2)
2026-08-14 07:57:16,902 [INFO] [27/121] 서리풀공원·몽마르뜨공원 (primary=KEY_3)
2026-08-14 07:57:18,198 [INFO] [28/121] 서울대공원 (primary=KEY_4)
2026-08-14 07:57:19,980 [INFO] [29/121] 서울숲공원 (primary=KEY_1)
2026-08-14 07:57:21,278 [INFO] [30/121] 송현녹지광장 (primary=KEY_2)
2026-08-14 07:57:22,556 [INFO] [31/121] 아차산 (primary=KEY_3)
2026-08-14 07:57:23,654 [INFO] [32/121] 안양천 (primary=KEY_4)
2026-08-14 07:57:24,742 [INFO] [33/121] 양화한강공원 (primary=KEY_1)
2026-08-14 07:57:25,814 [INFO] [34/121] 어린이대공원 (primary=KEY_2)
2026-08-14 07:57:27,076 [INFO] [35/121] 여의도한강공원 (primary=KEY_3)
2026-08-14 07:57:28,337 [INFO] [36/121] 여의서로 (primary=KEY_4)
2026-08-14 07:57:29,593 [INFO] [37/121] 올림픽공원 (primary=KEY_1)
2026-08-14 07:57:32,295 [INFO] [38/121] 월드컵공원 (primary=KEY_2)
2026-08-14 07:57:33,784 [INFO] [39/121] 응봉산 (primary=KEY_3)
2026-08-14 07:57:35,036 [INFO] [40/121] 이촌한강공원 (primary=KEY_4)
2026-08-14 07:57:36,118 [INFO] [41/121] 잠실종합운동장 (primary=KEY_1)
2026-08-14 07:57:37,228 [INFO] [42/121] 잠실한강공원 (primary=KEY_2)
2026-08-14 07:57:38,331 [INFO] [43/121] 잠원한강공원 (primary=KEY_3)
2026-08-14 07:57:39,407 [INFO] [44/121] 청계산 (primary=KEY_4)
2026-08-14 07:57:40,499 [INFO] [45/121] 홍제폭포 (primary=KEY_1)
2026-08-14 07:57:41,578 [INFO] [46/121] 가락시장 (primary=KEY_2)
2026-08-14 07:57:42,865 [INFO] [47/121] 가로수길 (primary=KEY_3)
2026-08-14 07:57:44,167 [INFO] [48/121] 광장(전통)시장 (primary=KEY_4)
2026-08-14 07:57:45,291 [INFO] [49/121] 김포공항 (primary=KEY_1)
2026-08-14 07:57:46,787 [INFO] [50/121] 남대문시장 (primary=KEY_2)
2026-08-14 07:57:48,065 [INFO] [51/121] 노량진 (primary=KEY_3)
2026-08-14 07:57:49,353 [INFO] [52/121] 덕수궁길·정동길 (primary=KEY_4)
2026-08-14 07:57:50,659 [INFO] [53/121] 북창동 먹자골목 (primary=KEY_1)
2026-08-14 07:57:51,926 [INFO] [54/121] 북촌한옥마을 (primary=KEY_2)
2026-08-14 07:57:53,378 [INFO] [55/121] 서촌 (primary=KEY_3)
2026-08-14 07:57:54,646 [INFO] [56/121] 성수카페거리 (primary=KEY_4)
2026-08-14 07:57:56,127 [INFO] [57/121] 송리단길·호수단길 (primary=KEY_1)
2026-08-14 07:57:57,428 [INFO] [58/121] 신촌 스타광장 (primary=KEY_2)
2026-08-14 07:57:58,547 [INFO] [59/121] 압구정로데오거리 (primary=KEY_3)
2026-08-14 07:57:59,847 [INFO] [60/121] 여의도 (primary=KEY_4)
2026-08-14 07:58:01,994 [INFO] [61/121] 연남동 (primary=KEY_1)
2026-08-14 07:58:03,255 [INFO] [62/121] 영등포 타임스퀘어 (primary=KEY_2)
2026-08-14 07:58:04,543 [INFO] [63/121] 용리단길 (primary=KEY_3)
2026-08-14 07:58:05,692 [INFO] [64/121] 이태원 앤틱가구거리 (primary=KEY_4)
2026-08-14 07:58:06,964 [INFO] [65/121] 익선동 (primary=KEY_1)
2026-08-14 07:58:08,254 [INFO] [66/121] 인사동 (primary=KEY_2)
2026-08-14 07:58:09,724 [INFO] [67/121] 잠실롯데타워·석촌호수 (primary=KEY_3)
2026-08-14 07:58:11,363 [INFO] [68/121] 창동 신경제 중심지 (primary=KEY_4)
2026-08-14 07:58:13,063 [INFO] [69/121] 청담동 명품거리 (primary=KEY_1)
2026-08-14 07:58:14,357 [INFO] [70/121] 청량리 제기동 일대 전통시장 (primary=KEY_2)
2026-08-14 07:58:15,668 [INFO] [71/121] 해방촌·경리단길 (primary=KEY_3)
2026-08-14 07:58:16,805 [INFO] [72/121] DDP(동대문디자인플라자) (primary=KEY_4)
2026-08-14 07:58:18,112 [INFO] [73/121] DMC(디지털미디어시티) (primary=KEY_1)
2026-08-14 07:58:19,779 [INFO] [74/121] 가산디지털단지역 (primary=KEY_2)
2026-08-14 07:58:21,605 [INFO] [75/121] 강남역 (primary=KEY_3)
2026-08-14 07:58:23,158 [INFO] [76/121] 건대입구역 (primary=KEY_4)
2026-08-14 07:58:24,460 [INFO] [77/121] 고덕역 (primary=KEY_1)
2026-08-14 07:58:25,752 [INFO] [78/121] 고속터미널역 (primary=KEY_2)
2026-08-14 07:58:27,087 [INFO] [79/121] 교대역 (primary=KEY_3)
2026-08-14 07:58:28,372 [INFO] [80/121] 구로디지털단지역 (primary=KEY_4)
2026-08-14 07:58:30,031 [INFO] [81/121] 구로역 (primary=KEY_1)
2026-08-14 07:58:31,294 [INFO] [82/121] 군자역 (primary=KEY_2)
2026-08-14 07:58:32,582 [INFO] [83/121] 대림역 (primary=KEY_3)
2026-08-14 07:58:33,877 [INFO] [84/121] 동대문역 (primary=KEY_4)
2026-08-14 07:58:35,193 [INFO] [85/121] 뚝섬역 (primary=KEY_1)
2026-08-14 07:58:36,515 [INFO] [86/121] 미아사거리역 (primary=KEY_2)
2026-08-14 07:58:37,818 [INFO] [87/121] 발산역 (primary=KEY_3)
2026-08-14 07:58:39,474 [INFO] [88/121] 사당역 (primary=KEY_4)
2026-08-14 07:58:40,772 [INFO] [89/121] 삼각지역 (primary=KEY_1)
2026-08-14 07:58:42,058 [INFO] [90/121] 서울대입구역 (primary=KEY_2)
2026-08-14 07:58:43,341 [INFO] [91/121] 서울식물원·마곡나루역 (primary=KEY_3)
2026-08-14 07:58:44,814 [INFO] [92/121] 서울역 (primary=KEY_4)
2026-08-14 07:58:46,386 [INFO] [93/121] 선릉역 (primary=KEY_1)
2026-08-14 07:58:48,097 [INFO] [94/121] 성신여대입구역 (primary=KEY_2)
2026-08-14 07:58:49,790 [INFO] [95/121] 수유역 (primary=KEY_3)
2026-08-14 07:58:51,089 [INFO] [96/121] 숭례문 (primary=KEY_4)
2026-08-14 07:58:52,567 [INFO] [97/121] 시의회 앞 (primary=KEY_1)
2026-08-14 07:58:53,863 [INFO] [98/121] 신논현역·논현역 (primary=KEY_2)
2026-08-14 07:58:55,187 [INFO] [99/121] 신도림역 (primary=KEY_3)
2026-08-14 07:58:56,296 [INFO] [100/121] 신림역 (primary=KEY_4)
2026-08-14 07:58:57,588 [INFO] [101/121] 신정네거리역 (primary=KEY_1)
2026-08-14 07:58:58,875 [INFO] [102/121] 신촌·이대역 (primary=KEY_2)
2026-08-14 07:59:00,173 [INFO] [103/121] 쌍문역 (primary=KEY_3)
2026-08-14 07:59:01,471 [INFO] [104/121] 양재역 (primary=KEY_4)
2026-08-14 07:59:02,762 [INFO] [105/121] 역삼역 (primary=KEY_1)
2026-08-14 07:59:04,207 [INFO] [106/121] 연신내역 (primary=KEY_2)
2026-08-14 07:59:05,390 [INFO] [107/121] 오목교역·목동운동장 (primary=KEY_3)
2026-08-14 07:59:07,220 [INFO] [108/121] 왕십리역 (primary=KEY_4)
2026-08-14 07:59:08,737 [INFO] [109/121] 용산역 (primary=KEY_1)
2026-08-14 07:59:10,218 [INFO] [110/121] 이태원역 (primary=KEY_2)
2026-08-14 07:59:11,347 [INFO] [111/121] 잠실새내역 (primary=KEY_3)
2026-08-14 07:59:12,678 [INFO] [112/121] 잠실역 (primary=KEY_4)
2026-08-14 07:59:14,146 [INFO] [113/121] 장지역 (primary=KEY_1)
2026-08-14 07:59:15,617 [INFO] [114/121] 장한평역 (primary=KEY_2)
2026-08-14 07:59:16,916 [INFO] [115/121] 천호역 (primary=KEY_3)
2026-08-14 07:59:18,217 [INFO] [116/121] 총신대입구(이수)역 (primary=KEY_4)
2026-08-14 07:59:19,523 [INFO] [117/121] 충정로역 (primary=KEY_1)
2026-08-14 07:59:20,844 [INFO] [118/121] 합정역 (primary=KEY_2)
2026-08-14 07:59:22,158 [INFO] [119/121] 혜화역 (primary=KEY_3)
2026-08-14 07:59:23,450 [INFO] [120/121] 홍대입구역(2호선) (primary=KEY_4)
2026-08-14 07:59:24,765 [INFO] [121/121] 회기역 (primary=KEY_1)
2026-08-14 07:59:27,288 [INFO] === 수집 완료 | 성공 121, 실패 0 ===
2026-08-14 07:59:27,288 [INFO] 카테고리별 저장 결과:
2026-08-14 07:59:27,289 [INFO]    accident                  | 신규     2행 | 누적     22행 | 16컬럼
2026-08-14 07:59:27,289 [INFO]    area_meta                 | 신규   121행 | 누적    726행 | 5컬럼
2026-08-14 07:59:27,289 [INFO]    bike                      | 신규    11행 | 누적     66행 | 12컬럼
2026-08-14 07:59:27,289 [INFO]    bike_sbike_stts           | 신규   567행 | 누적   3402행 | 12컬럼
2026-08-14 07:59:27,289 [INFO]    bus                       | 신규     3행 | 누적     18행 | 11컬럼
2026-08-14 07:59:27,289 [INFO]    bus_bus_stn_stts          | 신규  1745행 | 누적  10470행 | 11컬럼
2026-08-14 07:59:27,289 [INFO]    charger                   | 신규     4행 | 누적     24행 | 15컬럼
2026-08-14 07:59:27,289 [INFO]    charger_charger_stts      | 신규  1932행 | 누적  11514행 | 15컬럼
2026-08-14 07:59:27,289 [INFO]    cmrcl                     | 신규    82행 | 누적    492행 | 20컬럼
2026-08-14 07:59:27,289 [INFO]    events                    | 신규    16행 | 누적     93행 | 14컬럼
2026-08-14 07:59:27,289 [INFO]    events_event_stts         | 신규   142행 | 누적    861행 | 14컬럼
2026-08-14 07:59:27,289 [INFO]    parking                   | 신규     6행 | 누적     36행 | 21컬럼
2026-08-14 07:59:27,289 [INFO]    parking_prk_stts          | 신규  1834행 | 누적  11004행 | 21컬럼
2026-08-14 07:59:27,289 [INFO]    ppltn                     | 신규   121행 | 누적    726행 | 26컬럼
2026-08-14 07:59:27,289 [INFO]    road                      | 신규   121행 | 누적    726행 | 21컬럼
2026-08-14 07:59:27,289 [INFO]    road_road_traffic_stts    | 신규  5287행 | 누적  31722행 | 17컬럼
2026-08-14 07:59:27,289 [INFO]    subway                    | 신규    38행 | 누적    228행 | 12컬럼
2026-08-14 07:59:27,289 [INFO]    subway_sub_stts           | 신규   183행 | 누적   1098행 | 13컬럼
2026-08-14 07:59:27,289 [INFO]    weather                   | 신규   119행 | 누적    714행 | 30컬럼
2026-08-14 07:59:27,289 [INFO] 키별 사용량:
2026-08-14 07:59:27,289 [INFO]    🟢 KEY_1 (31/1000) 
2026-08-14 07:59:27,289 [INFO]    🟢 KEY_2 (30/1000) 
2026-08-14 07:59:27,290 [INFO]    🟢 KEY_3 (30/1000) 
2026-08-14 07:59:27,290 [INFO]    🟢 KEY_4 (30/1000) 
2026-08-14 08:53:57,451 [INFO] 등록된 키: 4개, 합산 한도 4,000건/일
2026-08-14 08:53:57,452 [INFO] POI 로드: 매뉴얼 v8.5 기준 fallback 121개 (121개 전체)
2026-08-14 08:53:57,452 [INFO] === 수집 시작 2026-08-14T08:53:57.452560+09:00 ===
2026-08-14 08:53:57,452 [INFO] 대상 장소: 121개 | API: citydata (통합)
2026-08-14 08:53:57,452 [INFO] 키 풀: 4/4 활성 | 오늘 사용 0/4000건
2026-08-14 08:53:57,452 [INFO]   [KEY_1] 담당 31장소
2026-08-14 08:53:57,452 [INFO]   [KEY_2] 담당 30장소
2026-08-14 08:53:57,452 [INFO]   [KEY_3] 담당 30장소
2026-08-14 08:53:57,452 [INFO]   [KEY_4] 담당 30장소
2026-08-14 08:53:57,453 [INFO] [1/121] 경복궁 (primary=KEY_1)
2026-08-14 08:53:59,645 [INFO] [2/121] 광화문·덕수궁 (primary=KEY_2)
2026-08-14 08:54:01,383 [INFO] [3/121] 보신각 (primary=KEY_3)
2026-08-14 08:54:03,176 [INFO] [4/121] 서울 암사동 유적 (primary=KEY_4)
2026-08-14 08:54:05,180 [INFO] [5/121] 창덕궁·종묘 (primary=KEY_1)
2026-08-14 08:54:07,040 [INFO] [6/121] 강남 MICE 관광특구 (primary=KEY_2)
2026-08-14 08:54:08,272 [INFO] [7/121] 동대문 관광특구 (primary=KEY_3)
2026-08-14 08:54:10,413 [INFO] [8/121] 명동 관광특구 (primary=KEY_4)
2026-08-14 08:54:12,040 [INFO] [9/121] 이태원 관광특구 (primary=KEY_1)
2026-08-14 08:54:13,278 [INFO] [10/121] 잠실 관광특구 (primary=KEY_2)
2026-08-14 08:54:15,513 [INFO] [11/121] 종로·청계 관광특구 (primary=KEY_3)
2026-08-14 08:54:17,571 [INFO] [12/121] 홍대 관광특구 (primary=KEY_4)
2026-08-14 08:54:19,041 [INFO] [13/121] 강서한강공원 (primary=KEY_1)
2026-08-14 08:54:20,731 [INFO] [14/121] 고척돔 (primary=KEY_2)
2026-08-14 08:54:22,357 [INFO] [15/121] 광나루한강공원 (primary=KEY_3)
2026-08-14 08:54:24,233 [INFO] [16/121] 광화문광장 (primary=KEY_4)
2026-08-14 08:54:26,039 [INFO] [17/121] 국립중앙박물관·용산가족공원 (primary=KEY_1)
2026-08-14 08:54:27,100 [INFO] [18/121] 난지한강공원 (primary=KEY_2)
2026-08-14 08:54:28,140 [INFO] [19/121] 남산공원 (primary=KEY_3)
2026-08-14 08:54:30,173 [INFO] [20/121] 노들섬 (primary=KEY_4)
2026-08-14 08:54:31,235 [INFO] [21/121] 뚝섬한강공원 (primary=KEY_1)
2026-08-14 08:54:32,316 [INFO] [22/121] 망원한강공원 (primary=KEY_2)
2026-08-14 08:54:33,538 [INFO] [23/121] 반포한강공원 (primary=KEY_3)
2026-08-14 08:54:34,587 [INFO] [24/121] 보라매공원 (primary=KEY_4)
2026-08-14 08:54:35,644 [INFO] [25/121] 북서울꿈의숲 (primary=KEY_1)
2026-08-14 08:54:37,537 [INFO] [26/121] 서대문독립공원 (primary=KEY_2)
2026-08-14 08:54:38,620 [INFO] [27/121] 서리풀공원·몽마르뜨공원 (primary=KEY_3)
2026-08-14 08:54:39,859 [INFO] [28/121] 서울대공원 (primary=KEY_4)
2026-08-14 08:54:41,467 [INFO] [29/121] 서울숲공원 (primary=KEY_1)
2026-08-14 08:54:42,711 [INFO] [30/121] 송현녹지광장 (primary=KEY_2)
2026-08-14 08:54:44,506 [INFO] [31/121] 아차산 (primary=KEY_3)
2026-08-14 08:54:45,553 [INFO] [32/121] 안양천 (primary=KEY_4)
2026-08-14 08:54:47,246 [INFO] [33/121] 양화한강공원 (primary=KEY_1)
2026-08-14 08:54:48,935 [INFO] [34/121] 어린이대공원 (primary=KEY_2)
2026-08-14 08:54:50,171 [INFO] [35/121] 여의도한강공원 (primary=KEY_3)
2026-08-14 08:54:52,058 [INFO] [36/121] 여의서로 (primary=KEY_4)
2026-08-14 08:54:53,266 [INFO] [37/121] 올림픽공원 (primary=KEY_1)
2026-08-14 08:54:54,662 [INFO] [38/121] 월드컵공원 (primary=KEY_2)
2026-08-14 08:54:57,055 [INFO] [39/121] 응봉산 (primary=KEY_3)
2026-08-14 08:54:58,271 [INFO] [40/121] 이촌한강공원 (primary=KEY_4)
2026-08-14 08:54:59,317 [INFO] [41/121] 잠실종합운동장 (primary=KEY_1)
2026-08-14 08:55:00,382 [INFO] [42/121] 잠실한강공원 (primary=KEY_2)
2026-08-14 08:55:01,442 [INFO] [43/121] 잠원한강공원 (primary=KEY_3)
2026-08-14 08:55:02,486 [INFO] [44/121] 청계산 (primary=KEY_4)
2026-08-14 08:55:03,523 [INFO] [45/121] 홍제폭포 (primary=KEY_1)
2026-08-14 08:55:04,589 [INFO] [46/121] 가락시장 (primary=KEY_2)
2026-08-14 08:55:10,693 [INFO] [47/121] 가로수길 (primary=KEY_3)
2026-08-14 08:55:11,942 [INFO] [48/121] 광장(전통)시장 (primary=KEY_4)
2026-08-14 08:55:13,005 [INFO] [49/121] 김포공항 (primary=KEY_1)
2026-08-14 08:55:15,050 [INFO] [50/121] 남대문시장 (primary=KEY_2)
2026-08-14 08:55:16,955 [INFO] [51/121] 노량진 (primary=KEY_3)
2026-08-14 08:55:18,835 [INFO] [52/121] 덕수궁길·정동길 (primary=KEY_4)
2026-08-14 08:55:20,724 [INFO] [53/121] 북창동 먹자골목 (primary=KEY_1)
2026-08-14 08:55:22,578 [INFO] [54/121] 북촌한옥마을 (primary=KEY_2)
2026-08-14 08:55:24,597 [INFO] [55/121] 서촌 (primary=KEY_3)
2026-08-14 08:55:25,812 [INFO] [56/121] 성수카페거리 (primary=KEY_4)
2026-08-14 08:55:27,214 [INFO] [57/121] 송리단길·호수단길 (primary=KEY_1)
2026-08-14 08:55:29,726 [INFO] [58/121] 신촌 스타광장 (primary=KEY_2)
2026-08-14 08:55:31,365 [INFO] [59/121] 압구정로데오거리 (primary=KEY_3)
2026-08-14 08:55:33,559 [INFO] [60/121] 여의도 (primary=KEY_4)
2026-08-14 08:55:36,262 [INFO] [61/121] 연남동 (primary=KEY_1)
2026-08-14 08:55:37,469 [INFO] [62/121] 영등포 타임스퀘어 (primary=KEY_2)
2026-08-14 08:55:39,338 [INFO] [63/121] 용리단길 (primary=KEY_3)
2026-08-14 08:55:40,458 [INFO] [64/121] 이태원 앤틱가구거리 (primary=KEY_4)
2026-08-14 08:55:41,671 [INFO] [65/121] 익선동 (primary=KEY_1)
2026-08-14 08:55:42,935 [INFO] [66/121] 인사동 (primary=KEY_2)
2026-08-14 08:55:44,914 [INFO] [67/121] 잠실롯데타워·석촌호수 (primary=KEY_3)
2026-08-14 08:55:47,160 [INFO] [68/121] 창동 신경제 중심지 (primary=KEY_4)
2026-08-14 08:55:48,734 [INFO] [69/121] 청담동 명품거리 (primary=KEY_1)
2026-08-14 08:55:50,001 [INFO] [70/121] 청량리 제기동 일대 전통시장 (primary=KEY_2)
2026-08-14 08:55:51,246 [INFO] [71/121] 해방촌·경리단길 (primary=KEY_3)
2026-08-14 08:55:52,351 [INFO] [72/121] DDP(동대문디자인플라자) (primary=KEY_4)
2026-08-14 08:55:54,175 [INFO] [73/121] DMC(디지털미디어시티) (primary=KEY_1)
2026-08-14 08:55:56,385 [INFO] [74/121] 가산디지털단지역 (primary=KEY_2)
2026-08-14 08:55:58,772 [INFO] [75/121] 강남역 (primary=KEY_3)
2026-08-14 08:56:00,198 [INFO] [76/121] 건대입구역 (primary=KEY_4)
2026-08-14 08:56:01,457 [INFO] [77/121] 고덕역 (primary=KEY_1)
2026-08-14 08:56:02,678 [INFO] [78/121] 고속터미널역 (primary=KEY_2)
2026-08-14 08:56:03,918 [INFO] [79/121] 교대역 (primary=KEY_3)
2026-08-14 08:56:05,164 [INFO] [80/121] 구로디지털단지역 (primary=KEY_4)
2026-08-14 08:56:07,697 [INFO] [81/121] 구로역 (primary=KEY_1)
2026-08-14 08:56:09,861 [INFO] [82/121] 군자역 (primary=KEY_2)
2026-08-14 08:56:11,086 [INFO] [83/121] 대림역 (primary=KEY_3)
2026-08-14 08:56:12,893 [INFO] [84/121] 동대문역 (primary=KEY_4)
2026-08-14 08:56:14,113 [INFO] [85/121] 뚝섬역 (primary=KEY_1)
2026-08-14 08:56:15,379 [INFO] [86/121] 미아사거리역 (primary=KEY_2)
2026-08-14 08:56:16,618 [INFO] [87/121] 발산역 (primary=KEY_3)
2026-08-14 08:56:18,181 [INFO] [88/121] 사당역 (primary=KEY_4)
2026-08-14 08:56:19,415 [INFO] [89/121] 삼각지역 (primary=KEY_1)
2026-08-14 08:56:20,655 [INFO] [90/121] 서울대입구역 (primary=KEY_2)
2026-08-14 08:56:22,469 [INFO] [91/121] 서울식물원·마곡나루역 (primary=KEY_3)
2026-08-14 08:56:23,900 [INFO] [92/121] 서울역 (primary=KEY_4)
2026-08-14 08:56:25,349 [INFO] [93/121] 선릉역 (primary=KEY_1)
2026-08-14 08:56:26,930 [INFO] [94/121] 성신여대입구역 (primary=KEY_2)
2026-08-14 08:56:27,999 [INFO] [95/121] 수유역 (primary=KEY_3)
2026-08-14 08:56:29,226 [INFO] [96/121] 숭례문 (primary=KEY_4)
2026-08-14 08:56:31,303 [INFO] [97/121] 시의회 앞 (primary=KEY_1)
2026-08-14 08:56:32,567 [INFO] [98/121] 신논현역·논현역 (primary=KEY_2)
2026-08-14 08:56:33,837 [INFO] [99/121] 신도림역 (primary=KEY_3)
2026-08-14 08:56:34,910 [INFO] [100/121] 신림역 (primary=KEY_4)
2026-08-14 08:56:36,144 [INFO] [101/121] 신정네거리역 (primary=KEY_1)
2026-08-14 08:56:37,371 [INFO] [102/121] 신촌·이대역 (primary=KEY_2)
2026-08-14 08:56:38,618 [INFO] [103/121] 쌍문역 (primary=KEY_3)
2026-08-14 08:56:39,835 [INFO] [104/121] 양재역 (primary=KEY_4)
2026-08-14 08:56:41,094 [INFO] [105/121] 역삼역 (primary=KEY_1)
2026-08-14 08:56:42,487 [INFO] [106/121] 연신내역 (primary=KEY_2)
2026-08-14 08:56:43,575 [INFO] [107/121] 오목교역·목동운동장 (primary=KEY_3)
2026-08-14 08:56:45,324 [INFO] [108/121] 왕십리역 (primary=KEY_4)
2026-08-14 08:56:46,834 [INFO] [109/121] 용산역 (primary=KEY_1)
2026-08-14 08:56:48,238 [INFO] [110/121] 이태원역 (primary=KEY_2)
2026-08-14 08:56:49,882 [INFO] [111/121] 잠실새내역 (primary=KEY_3)
2026-08-14 08:56:51,177 [INFO] [112/121] 잠실역 (primary=KEY_4)
2026-08-14 08:56:52,577 [INFO] [113/121] 장지역 (primary=KEY_1)
2026-08-14 08:56:53,982 [INFO] [114/121] 장한평역 (primary=KEY_2)
2026-08-14 08:56:55,232 [INFO] [115/121] 천호역 (primary=KEY_3)
2026-08-14 08:56:56,479 [INFO] [116/121] 총신대입구(이수)역 (primary=KEY_4)
2026-08-14 08:56:57,763 [INFO] [117/121] 충정로역 (primary=KEY_1)
2026-08-14 08:56:59,148 [INFO] [118/121] 합정역 (primary=KEY_2)
2026-08-14 08:57:00,409 [INFO] [119/121] 혜화역 (primary=KEY_3)
2026-08-14 08:57:01,663 [INFO] [120/121] 홍대입구역(2호선) (primary=KEY_4)
2026-08-14 08:57:02,927 [INFO] [121/121] 회기역 (primary=KEY_1)
2026-08-14 08:57:05,586 [INFO] === 수집 완료 | 성공 121, 실패 0 ===
2026-08-14 08:57:05,586 [INFO] 카테고리별 저장 결과:
2026-08-14 08:57:05,586 [INFO]    accident                  | 신규     2행 | 누적     24행 | 16컬럼
2026-08-14 08:57:05,586 [INFO]    area_meta                 | 신규   121행 | 누적    847행 | 5컬럼
2026-08-14 08:57:05,586 [INFO]    bike                      | 신규    11행 | 누적     77행 | 12컬럼
2026-08-14 08:57:05,586 [INFO]    bike_sbike_stts           | 신규   567행 | 누적   3969행 | 12컬럼
2026-08-14 08:57:05,586 [INFO]    bus                       | 신규     3행 | 누적     21행 | 11컬럼
2026-08-14 08:57:05,586 [INFO]    bus_bus_stn_stts          | 신규  1745행 | 누적  12215행 | 11컬럼
2026-08-14 08:57:05,586 [INFO]    charger                   | 신규     4행 | 누적     28행 | 15컬럼
2026-08-14 08:57:05,586 [INFO]    charger_charger_stts      | 신규  1932행 | 누적  13433행 | 15컬럼
2026-08-14 08:57:05,587 [INFO]    cmrcl                     | 신규    82행 | 누적    574행 | 20컬럼
2026-08-14 08:57:05,587 [INFO]    events                    | 신규    16행 | 누적    109행 | 14컬럼
2026-08-14 08:57:05,587 [INFO]    events_event_stts         | 신규   142행 | 누적   1003행 | 14컬럼
2026-08-14 08:57:05,587 [INFO]    parking                   | 신규     6행 | 누적     42행 | 21컬럼
2026-08-14 08:57:05,587 [INFO]    parking_prk_stts          | 신규  1834행 | 누적  12838행 | 21컬럼
2026-08-14 08:57:05,587 [INFO]    ppltn                     | 신규   121행 | 누적    847행 | 26컬럼
2026-08-14 08:57:05,587 [INFO]    road                      | 신규   121행 | 누적    847행 | 21컬럼
2026-08-14 08:57:05,587 [INFO]    road_road_traffic_stts    | 신규  5287행 | 누적  37009행 | 17컬럼
2026-08-14 08:57:05,587 [INFO]    subway                    | 신규    38행 | 누적    266행 | 12컬럼
2026-08-14 08:57:05,587 [INFO]    subway_sub_stts           | 신규   183행 | 누적   1281행 | 13컬럼
2026-08-14 08:57:05,587 [INFO]    weather                   | 신규   119행 | 누적    833행 | 30컬럼
2026-08-14 08:57:05,587 [INFO] 키별 사용량:
2026-08-14 08:57:05,587 [INFO]    🟢 KEY_1 (31/1000) 
2026-08-14 08:57:05,587 [INFO]    🟢 KEY_2 (30/1000) 
2026-08-14 08:57:05,587 [INFO]    🟢 KEY_3 (30/1000) 
2026-08-14 08:57:05,587 [INFO]    🟢 KEY_4 (30/1000) 
2026-08-14 11:38:25,538 [INFO] 등록된 키: 4개, 합산 한도 4,000건/일
2026-08-14 11:38:25,539 [INFO] POI 로드: 매뉴얼 v8.5 기준 fallback 121개 (121개 전체)
2026-08-14 11:38:25,539 [INFO] === 수집 시작 2026-08-14T11:38:25.539491+09:00 ===
2026-08-14 11:38:25,539 [INFO] 대상 장소: 121개 | API: citydata (통합)
2026-08-14 11:38:25,539 [INFO] 키 풀: 4/4 활성 | 오늘 사용 0/4000건
2026-08-14 11:38:25,539 [INFO]   [KEY_1] 담당 31장소
2026-08-14 11:38:25,539 [INFO]   [KEY_2] 담당 30장소
2026-08-14 11:38:25,539 [INFO]   [KEY_3] 담당 30장소
2026-08-14 11:38:25,539 [INFO]   [KEY_4] 담당 30장소
2026-08-14 11:38:25,540 [INFO] [1/121] 경복궁 (primary=KEY_1)
2026-08-14 11:38:27,681 [INFO] [2/121] 광화문·덕수궁 (primary=KEY_2)
2026-08-14 11:38:30,568 [INFO] [3/121] 보신각 (primary=KEY_3)
2026-08-14 11:38:32,524 [INFO] [4/121] 서울 암사동 유적 (primary=KEY_4)
2026-08-14 11:38:34,450 [INFO] [5/121] 창덕궁·종묘 (primary=KEY_1)
2026-08-14 11:38:36,780 [INFO] [6/121] 강남 MICE 관광특구 (primary=KEY_2)
2026-08-14 11:38:38,904 [INFO] [7/121] 동대문 관광특구 (primary=KEY_3)
2026-08-14 11:38:41,454 [INFO] [8/121] 명동 관광특구 (primary=KEY_4)
2026-08-14 11:38:44,434 [INFO] [9/121] 이태원 관광특구 (primary=KEY_1)
2026-08-14 11:38:45,789 [INFO] [10/121] 잠실 관광특구 (primary=KEY_2)
2026-08-14 11:38:47,817 [INFO] [11/121] 종로·청계 관광특구 (primary=KEY_3)
2026-08-14 11:38:50,180 [INFO] [12/121] 홍대 관광특구 (primary=KEY_4)
2026-08-14 11:38:52,912 [INFO] [13/121] 강서한강공원 (primary=KEY_1)
2026-08-14 11:38:55,195 [INFO] [14/121] 고척돔 (primary=KEY_2)
2026-08-14 11:38:57,101 [INFO] [15/121] 광나루한강공원 (primary=KEY_3)
2026-08-14 11:38:58,449 [INFO] [16/121] 광화문광장 (primary=KEY_4)
2026-08-14 11:39:00,568 [INFO] [17/121] 국립중앙박물관·용산가족공원 (primary=KEY_1)
2026-08-14 11:39:02,311 [INFO] [18/121] 난지한강공원 (primary=KEY_2)
2026-08-14 11:39:04,391 [INFO] [19/121] 남산공원 (primary=KEY_3)
2026-08-14 11:39:06,763 [INFO] [20/121] 노들섬 (primary=KEY_4)
2026-08-14 11:39:07,906 [INFO] [21/121] 뚝섬한강공원 (primary=KEY_1)
2026-08-14 11:39:09,068 [INFO] [22/121] 망원한강공원 (primary=KEY_2)
2026-08-14 11:39:11,559 [INFO] [23/121] 반포한강공원 (primary=KEY_3)
2026-08-14 11:39:12,702 [INFO] [24/121] 보라매공원 (primary=KEY_4)
2026-08-14 11:39:14,630 [INFO] [25/121] 북서울꿈의숲 (primary=KEY_1)
2026-08-14 11:39:15,984 [INFO] [26/121] 서대문독립공원 (primary=KEY_2)
2026-08-14 11:39:17,146 [INFO] [27/121] 서리풀공원·몽마르뜨공원 (primary=KEY_3)
2026-08-14 11:39:19,304 [INFO] [28/121] 서울대공원 (primary=KEY_4)
2026-08-14 11:39:21,023 [INFO] [29/121] 서울숲공원 (primary=KEY_1)
2026-08-14 11:39:23,084 [INFO] [30/121] 송현녹지광장 (primary=KEY_2)
2026-08-14 11:39:24,468 [INFO] [31/121] 아차산 (primary=KEY_3)
2026-08-14 11:39:25,621 [INFO] [32/121] 안양천 (primary=KEY_4)
2026-08-14 11:39:26,760 [INFO] [33/121] 양화한강공원 (primary=KEY_1)
2026-08-14 11:39:27,890 [INFO] [34/121] 어린이대공원 (primary=KEY_2)
2026-08-14 11:39:29,237 [INFO] [35/121] 여의도한강공원 (primary=KEY_3)
2026-08-14 11:39:30,597 [INFO] [36/121] 여의서로 (primary=KEY_4)
2026-08-14 11:39:31,966 [INFO] [37/121] 올림픽공원 (primary=KEY_1)
2026-08-14 11:39:33,530 [INFO] [38/121] 월드컵공원 (primary=KEY_2)
2026-08-14 11:39:35,084 [INFO] [39/121] 응봉산 (primary=KEY_3)
2026-08-14 11:39:36,404 [INFO] [40/121] 이촌한강공원 (primary=KEY_4)
2026-08-14 11:39:37,557 [INFO] [41/121] 잠실종합운동장 (primary=KEY_1)
2026-08-14 11:39:38,720 [INFO] [42/121] 잠실한강공원 (primary=KEY_2)
2026-08-14 11:39:39,880 [INFO] [43/121] 잠원한강공원 (primary=KEY_3)
2026-08-14 11:39:41,020 [INFO] [44/121] 청계산 (primary=KEY_4)
2026-08-14 11:39:42,149 [INFO] [45/121] 홍제폭포 (primary=KEY_1)
2026-08-14 11:39:43,306 [INFO] [46/121] 가락시장 (primary=KEY_2)
2026-08-14 11:39:44,691 [INFO] [47/121] 가로수길 (primary=KEY_3)
2026-08-14 11:39:46,076 [INFO] [48/121] 광장(전통)시장 (primary=KEY_4)
2026-08-14 11:39:48,727 [INFO] [49/121] 김포공항 (primary=KEY_1)
2026-08-14 11:39:51,047 [INFO] [50/121] 남대문시장 (primary=KEY_2)
2026-08-14 11:39:52,413 [INFO] [51/121] 노량진 (primary=KEY_3)
2026-08-14 11:39:53,788 [INFO] [52/121] 덕수궁길·정동길 (primary=KEY_4)
2026-08-14 11:39:55,176 [INFO] [53/121] 북창동 먹자골목 (primary=KEY_1)
2026-08-14 11:39:56,518 [INFO] [54/121] 북촌한옥마을 (primary=KEY_2)
2026-08-14 11:39:58,077 [INFO] [55/121] 서촌 (primary=KEY_3)
2026-08-14 11:39:59,441 [INFO] [56/121] 성수카페거리 (primary=KEY_4)
2026-08-14 11:40:01,046 [INFO] [57/121] 송리단길·호수단길 (primary=KEY_1)
2026-08-14 11:40:02,386 [INFO] [58/121] 신촌 스타광장 (primary=KEY_2)
2026-08-14 11:40:03,681 [INFO] [59/121] 압구정로데오거리 (primary=KEY_3)
2026-08-14 11:40:07,100 [INFO] [60/121] 여의도 (primary=KEY_4)
2026-08-14 11:40:09,387 [INFO] [61/121] 연남동 (primary=KEY_1)
2026-08-14 11:40:10,702 [INFO] [62/121] 영등포 타임스퀘어 (primary=KEY_2)
2026-08-14 11:40:12,047 [INFO] [63/121] 용리단길 (primary=KEY_3)
2026-08-14 11:40:13,794 [INFO] [64/121] 이태원 앤틱가구거리 (primary=KEY_4)
2026-08-14 11:40:15,892 [INFO] [65/121] 익선동 (primary=KEY_1)
2026-08-14 11:40:17,314 [INFO] [66/121] 인사동 (primary=KEY_2)
2026-08-14 11:40:19,655 [INFO] [67/121] 잠실롯데타워·석촌호수 (primary=KEY_3)
2026-08-14 11:40:21,395 [INFO] [68/121] 창동 신경제 중심지 (primary=KEY_4)
2026-08-14 11:40:23,152 [INFO] [69/121] 청담동 명품거리 (primary=KEY_1)
2026-08-14 11:40:24,549 [INFO] [70/121] 청량리 제기동 일대 전통시장 (primary=KEY_2)
2026-08-14 11:40:25,889 [INFO] [71/121] 해방촌·경리단길 (primary=KEY_3)
2026-08-14 11:40:27,041 [INFO] [72/121] DDP(동대문디자인플라자) (primary=KEY_4)
2026-08-14 11:40:28,394 [INFO] [73/121] DMC(디지털미디어시티) (primary=KEY_1)
2026-08-14 11:40:30,173 [INFO] [74/121] 가산디지털단지역 (primary=KEY_2)
2026-08-14 11:40:32,124 [INFO] [75/121] 강남역 (primary=KEY_3)
2026-08-14 11:40:33,726 [INFO] [76/121] 건대입구역 (primary=KEY_4)
2026-08-14 11:40:35,121 [INFO] [77/121] 고덕역 (primary=KEY_1)
2026-08-14 11:40:36,454 [INFO] [78/121] 고속터미널역 (primary=KEY_2)
2026-08-14 11:40:37,814 [INFO] [79/121] 교대역 (primary=KEY_3)
2026-08-14 11:40:39,186 [INFO] [80/121] 구로디지털단지역 (primary=KEY_4)
2026-08-14 11:40:40,947 [INFO] [81/121] 구로역 (primary=KEY_1)
2026-08-14 11:40:42,292 [INFO] [82/121] 군자역 (primary=KEY_2)
2026-08-14 11:40:43,645 [INFO] [83/121] 대림역 (primary=KEY_3)
2026-08-14 11:40:45,002 [INFO] [84/121] 동대문역 (primary=KEY_4)
2026-08-14 11:40:47,137 [INFO] [85/121] 뚝섬역 (primary=KEY_1)
2026-08-14 11:40:48,470 [INFO] [86/121] 미아사거리역 (primary=KEY_2)
2026-08-14 11:40:49,852 [INFO] [87/121] 발산역 (primary=KEY_3)
2026-08-14 11:40:51,582 [INFO] [88/121] 사당역 (primary=KEY_4)
2026-08-14 11:40:52,934 [INFO] [89/121] 삼각지역 (primary=KEY_1)
2026-08-14 11:40:54,293 [INFO] [90/121] 서울대입구역 (primary=KEY_2)
2026-08-14 11:40:55,622 [INFO] [91/121] 서울식물원·마곡나루역 (primary=KEY_3)
2026-08-14 11:40:57,198 [INFO] [92/121] 서울역 (primary=KEY_4)
2026-08-14 11:40:58,771 [INFO] [93/121] 선릉역 (primary=KEY_1)
2026-08-14 11:41:00,540 [INFO] [94/121] 성신여대입구역 (primary=KEY_2)
2026-08-14 11:41:01,739 [INFO] [95/121] 수유역 (primary=KEY_3)
2026-08-14 11:41:03,058 [INFO] [96/121] 숭례문 (primary=KEY_4)
2026-08-14 11:41:04,651 [INFO] [97/121] 시의회 앞 (primary=KEY_1)
2026-08-14 11:41:05,997 [INFO] [98/121] 신논현역·논현역 (primary=KEY_2)
2026-08-14 11:41:07,370 [INFO] [99/121] 신도림역 (primary=KEY_3)
2026-08-14 11:41:08,528 [INFO] [100/121] 신림역 (primary=KEY_4)
2026-08-14 11:41:09,863 [INFO] [101/121] 신정네거리역 (primary=KEY_1)
2026-08-14 11:41:11,235 [INFO] [102/121] 신촌·이대역 (primary=KEY_2)
2026-08-14 11:41:12,582 [INFO] [103/121] 쌍문역 (primary=KEY_3)
2026-08-14 11:41:13,917 [INFO] [104/121] 양재역 (primary=KEY_4)
2026-08-14 11:41:15,279 [INFO] [105/121] 역삼역 (primary=KEY_1)
2026-08-14 11:41:16,799 [INFO] [106/121] 연신내역 (primary=KEY_2)
2026-08-14 11:41:17,979 [INFO] [107/121] 오목교역·목동운동장 (primary=KEY_3)
2026-08-14 11:41:19,917 [INFO] [108/121] 왕십리역 (primary=KEY_4)
2026-08-14 11:41:21,506 [INFO] [109/121] 용산역 (primary=KEY_1)
2026-08-14 11:41:23,071 [INFO] [110/121] 이태원역 (primary=KEY_2)
2026-08-14 11:41:24,269 [INFO] [111/121] 잠실새내역 (primary=KEY_3)
2026-08-14 11:41:25,630 [INFO] [112/121] 잠실역 (primary=KEY_4)
2026-08-14 11:41:27,169 [INFO] [113/121] 장지역 (primary=KEY_1)
2026-08-14 11:41:28,706 [INFO] [114/121] 장한평역 (primary=KEY_2)
2026-08-14 11:41:30,053 [INFO] [115/121] 천호역 (primary=KEY_3)
2026-08-14 11:41:31,592 [INFO] [116/121] 총신대입구(이수)역 (primary=KEY_4)
2026-08-14 11:41:32,967 [INFO] [117/121] 충정로역 (primary=KEY_1)
2026-08-14 11:41:35,126 [INFO] [118/121] 합정역 (primary=KEY_2)
2026-08-14 11:41:37,246 [INFO] [119/121] 혜화역 (primary=KEY_3)
2026-08-14 11:41:39,734 [INFO] [120/121] 홍대입구역(2호선) (primary=KEY_4)
2026-08-14 11:41:41,865 [INFO] [121/121] 회기역 (primary=KEY_1)
2026-08-14 11:41:45,791 [INFO] === 수집 완료 | 성공 121, 실패 0 ===
2026-08-14 11:41:45,792 [INFO] 카테고리별 저장 결과:
2026-08-14 11:41:45,792 [INFO]    accident                  | 신규     4행 | 누적     28행 | 16컬럼
2026-08-14 11:41:45,792 [INFO]    accident_acdnt_cntrl_stts | 신규     2행 | 누적     19행 | 16컬럼
2026-08-14 11:41:45,792 [INFO]    area_meta                 | 신규   121행 | 누적    968행 | 5컬럼
2026-08-14 11:41:45,792 [INFO]    bike                      | 신규    11행 | 누적     88행 | 12컬럼
2026-08-14 11:41:45,792 [INFO]    bike_sbike_stts           | 신규   567행 | 누적   4536행 | 12컬럼
2026-08-14 11:41:45,792 [INFO]    bus                       | 신규     3행 | 누적     24행 | 11컬럼
2026-08-14 11:41:45,792 [INFO]    bus_bus_stn_stts          | 신규  1745행 | 누적  13960행 | 11컬럼
2026-08-14 11:41:45,792 [INFO]    charger                   | 신규     4행 | 누적     32행 | 15컬럼
2026-08-14 11:41:45,792 [INFO]    charger_charger_stts      | 신규  1931행 | 누적  15351행 | 15컬럼
2026-08-14 11:41:45,792 [INFO]    cmrcl                     | 신규    82행 | 누적    656행 | 20컬럼
2026-08-14 11:41:45,792 [INFO]    disaster                  | 신규    29행 | 누적     29행 | 9컬럼
2026-08-14 11:41:45,792 [INFO]    events                    | 신규    16행 | 누적    125행 | 14컬럼
2026-08-14 11:41:45,792 [INFO]    events_event_stts         | 신규   142행 | 누적   1145행 | 14컬럼
2026-08-14 11:41:45,792 [INFO]    parking                   | 신규     6행 | 누적     48행 | 21컬럼
2026-08-14 11:41:45,792 [INFO]    parking_prk_stts          | 신규  1834행 | 누적  14672행 | 21컬럼
2026-08-14 11:41:45,792 [INFO]    ppltn                     | 신규   121행 | 누적    968행 | 26컬럼
2026-08-14 11:41:45,793 [INFO]    road                      | 신규   121행 | 누적    968행 | 21컬럼
2026-08-14 11:41:45,793 [INFO]    road_road_traffic_stts    | 신규  5287행 | 누적  42296행 | 17컬럼
2026-08-14 11:41:45,793 [INFO]    subway                    | 신규    38행 | 누적    304행 | 12컬럼
2026-08-14 11:41:45,793 [INFO]    subway_sub_stts           | 신규   183행 | 누적   1464행 | 13컬럼
2026-08-14 11:41:45,793 [INFO]    weather                   | 신규   119행 | 누적    952행 | 30컬럼
2026-08-14 11:41:45,793 [INFO] 키별 사용량:
2026-08-14 11:41:45,793 [INFO]    🟢 KEY_1 (31/1000) 
2026-08-14 11:41:45,793 [INFO]    🟢 KEY_2 (30/1000) 
2026-08-14 11:41:45,793 [INFO]    🟢 KEY_3 (30/1000) 
2026-08-14 11:41:45,793 [INFO]    🟢 KEY_4 (30/1000) 
2026-08-14 13:58:10,245 [INFO] 등록된 키: 4개, 합산 한도 4,000건/일
2026-08-14 13:58:10,246 [INFO] POI 로드: 매뉴얼 v8.5 기준 fallback 121개 (121개 전체)
2026-08-14 13:58:10,246 [INFO] === 수집 시작 2026-08-14T13:58:10.246694+09:00 ===
2026-08-14 13:58:10,246 [INFO] 대상 장소: 121개 | API: citydata (통합)
2026-08-14 13:58:10,246 [INFO] 키 풀: 4/4 활성 | 오늘 사용 0/4000건
2026-08-14 13:58:10,247 [INFO]   [KEY_1] 담당 31장소
2026-08-14 13:58:10,247 [INFO]   [KEY_2] 담당 30장소
2026-08-14 13:58:10,247 [INFO]   [KEY_3] 담당 30장소
2026-08-14 13:58:10,247 [INFO]   [KEY_4] 담당 30장소
2026-08-14 13:58:10,247 [INFO] [1/121] 경복궁 (primary=KEY_1)
2026-08-14 13:58:11,525 [INFO] [2/121] 광화문·덕수궁 (primary=KEY_2)
2026-08-14 13:58:13,071 [INFO] [3/121] 보신각 (primary=KEY_3)
2026-08-14 13:58:14,868 [INFO] [4/121] 서울 암사동 유적 (primary=KEY_4)
2026-08-14 13:58:15,981 [INFO] [5/121] 창덕궁·종묘 (primary=KEY_1)
2026-08-14 13:58:17,658 [INFO] [6/121] 강남 MICE 관광특구 (primary=KEY_2)
2026-08-14 13:58:19,465 [INFO] [7/121] 동대문 관광특구 (primary=KEY_3)
2026-08-14 13:58:20,775 [INFO] [8/121] 명동 관광특구 (primary=KEY_4)
2026-08-14 13:58:22,307 [INFO] [9/121] 이태원 관광특구 (primary=KEY_1)
2026-08-14 13:58:24,003 [INFO] [10/121] 잠실 관광특구 (primary=KEY_2)
2026-08-14 13:58:25,720 [INFO] [11/121] 종로·청계 관광특구 (primary=KEY_3)
2026-08-14 13:58:27,715 [INFO] [12/121] 홍대 관광특구 (primary=KEY_4)
2026-08-14 13:58:29,589 [INFO] [13/121] 강서한강공원 (primary=KEY_1)
2026-08-14 13:58:31,357 [INFO] [14/121] 고척돔 (primary=KEY_2)
2026-08-14 13:58:32,340 [INFO] [15/121] 광나루한강공원 (primary=KEY_3)
2026-08-14 13:58:33,437 [INFO] [16/121] 광화문광장 (primary=KEY_4)
2026-08-14 13:58:35,269 [INFO] [17/121] 국립중앙박물관·용산가족공원 (primary=KEY_1)
2026-08-14 13:58:36,255 [INFO] [18/121] 난지한강공원 (primary=KEY_2)
2026-08-14 13:58:37,368 [INFO] [19/121] 남산공원 (primary=KEY_3)
2026-08-14 13:58:38,655 [INFO] [20/121] 노들섬 (primary=KEY_4)
2026-08-14 13:58:39,644 [INFO] [21/121] 뚝섬한강공원 (primary=KEY_1)
2026-08-14 13:58:40,788 [INFO] [22/121] 망원한강공원 (primary=KEY_2)
2026-08-14 13:58:41,940 [INFO] [23/121] 반포한강공원 (primary=KEY_3)
2026-08-14 13:58:42,921 [INFO] [24/121] 보라매공원 (primary=KEY_4)
2026-08-14 13:58:43,931 [INFO] [25/121] 북서울꿈의숲 (primary=KEY_1)
2026-08-14 13:58:45,035 [INFO] [26/121] 서대문독립공원 (primary=KEY_2)
2026-08-14 13:58:46,025 [INFO] [27/121] 서리풀공원·몽마르뜨공원 (primary=KEY_3)
2026-08-14 13:58:47,175 [INFO] [28/121] 서울대공원 (primary=KEY_4)
2026-08-14 13:58:48,155 [INFO] [29/121] 서울숲공원 (primary=KEY_1)
2026-08-14 13:58:49,290 [INFO] [30/121] 송현녹지광장 (primary=KEY_2)
2026-08-14 13:58:50,417 [INFO] [31/121] 아차산 (primary=KEY_3)
2026-08-14 13:58:51,396 [INFO] [32/121] 안양천 (primary=KEY_4)
2026-08-14 13:58:52,376 [INFO] [33/121] 양화한강공원 (primary=KEY_1)
2026-08-14 13:58:53,352 [INFO] [34/121] 어린이대공원 (primary=KEY_2)
2026-08-14 13:58:54,504 [INFO] [35/121] 여의도한강공원 (primary=KEY_3)
2026-08-14 13:58:55,618 [INFO] [36/121] 여의서로 (primary=KEY_4)
2026-08-14 13:58:56,721 [INFO] [37/121] 올림픽공원 (primary=KEY_1)
2026-08-14 13:58:58,005 [INFO] [38/121] 월드컵공원 (primary=KEY_2)
2026-08-14 13:58:59,293 [INFO] [39/121] 응봉산 (primary=KEY_3)
2026-08-14 13:59:00,404 [INFO] [40/121] 이촌한강공원 (primary=KEY_4)
2026-08-14 13:59:01,394 [INFO] [41/121] 잠실종합운동장 (primary=KEY_1)
2026-08-14 13:59:02,370 [INFO] [42/121] 잠실한강공원 (primary=KEY_2)
2026-08-14 13:59:03,353 [INFO] [43/121] 잠원한강공원 (primary=KEY_3)
2026-08-14 13:59:04,323 [INFO] [44/121] 청계산 (primary=KEY_4)
2026-08-14 13:59:05,290 [INFO] [45/121] 홍제폭포 (primary=KEY_1)
2026-08-14 13:59:06,255 [INFO] [46/121] 가락시장 (primary=KEY_2)
2026-08-14 13:59:07,395 [INFO] [47/121] 가로수길 (primary=KEY_3)
2026-08-14 13:59:08,567 [INFO] [48/121] 광장(전통)시장 (primary=KEY_4)
2026-08-14 13:59:09,544 [INFO] [49/121] 김포공항 (primary=KEY_1)
2026-08-14 13:59:10,826 [INFO] [50/121] 남대문시장 (primary=KEY_2)
2026-08-14 13:59:11,949 [INFO] [51/121] 노량진 (primary=KEY_3)
2026-08-14 13:59:13,624 [INFO] [52/121] 덕수궁길·정동길 (primary=KEY_4)
2026-08-14 13:59:14,756 [INFO] [53/121] 북창동 먹자골목 (primary=KEY_1)
2026-08-14 13:59:15,887 [INFO] [54/121] 북촌한옥마을 (primary=KEY_2)
2026-08-14 13:59:17,149 [INFO] [55/121] 서촌 (primary=KEY_3)
2026-08-14 13:59:18,271 [INFO] [56/121] 성수카페거리 (primary=KEY_4)
2026-08-14 13:59:19,553 [INFO] [57/121] 송리단길·호수단길 (primary=KEY_1)
2026-08-14 13:59:20,705 [INFO] [58/121] 신촌 스타광장 (primary=KEY_2)
2026-08-14 13:59:21,707 [INFO] [59/121] 압구정로데오거리 (primary=KEY_3)
2026-08-14 13:59:22,864 [INFO] [60/121] 여의도 (primary=KEY_4)
2026-08-14 13:59:24,698 [INFO] [61/121] 연남동 (primary=KEY_1)
2026-08-14 13:59:25,815 [INFO] [62/121] 영등포 타임스퀘어 (primary=KEY_2)
2026-08-14 13:59:26,941 [INFO] [63/121] 용리단길 (primary=KEY_3)
2026-08-14 13:59:27,946 [INFO] [64/121] 이태원 앤틱가구거리 (primary=KEY_4)
2026-08-14 13:59:29,065 [INFO] [65/121] 익선동 (primary=KEY_1)
2026-08-14 13:59:30,227 [INFO] [66/121] 인사동 (primary=KEY_2)
2026-08-14 13:59:31,503 [INFO] [67/121] 잠실롯데타워·석촌호수 (primary=KEY_3)
2026-08-14 13:59:32,924 [INFO] [68/121] 창동 신경제 중심지 (primary=KEY_4)
2026-08-14 13:59:34,352 [INFO] [69/121] 청담동 명품거리 (primary=KEY_1)
2026-08-14 13:59:35,512 [INFO] [70/121] 청량리 제기동 일대 전통시장 (primary=KEY_2)
2026-08-14 13:59:36,673 [INFO] [71/121] 해방촌·경리단길 (primary=KEY_3)
2026-08-14 13:59:37,649 [INFO] [72/121] DDP(동대문디자인플라자) (primary=KEY_4)
2026-08-14 13:59:38,794 [INFO] [73/121] DMC(디지털미디어시티) (primary=KEY_1)
2026-08-14 13:59:40,283 [INFO] [74/121] 가산디지털단지역 (primary=KEY_2)
2026-08-14 13:59:41,850 [INFO] [75/121] 강남역 (primary=KEY_3)
2026-08-14 13:59:43,312 [INFO] [76/121] 건대입구역 (primary=KEY_4)
2026-08-14 13:59:44,454 [INFO] [77/121] 고덕역 (primary=KEY_1)
2026-08-14 13:59:45,561 [INFO] [78/121] 고속터미널역 (primary=KEY_2)
2026-08-14 13:59:46,696 [INFO] [79/121] 교대역 (primary=KEY_3)
2026-08-14 13:59:47,818 [INFO] [80/121] 구로디지털단지역 (primary=KEY_4)
2026-08-14 13:59:49,218 [INFO] [81/121] 구로역 (primary=KEY_1)
2026-08-14 13:59:50,345 [INFO] [82/121] 군자역 (primary=KEY_2)
2026-08-14 13:59:51,475 [INFO] [83/121] 대림역 (primary=KEY_3)
2026-08-14 13:59:52,610 [INFO] [84/121] 동대문역 (primary=KEY_4)
2026-08-14 13:59:53,740 [INFO] [85/121] 뚝섬역 (primary=KEY_1)
2026-08-14 13:59:54,871 [INFO] [86/121] 미아사거리역 (primary=KEY_2)
2026-08-14 13:59:56,018 [INFO] [87/121] 발산역 (primary=KEY_3)
2026-08-14 13:59:57,449 [INFO] [88/121] 사당역 (primary=KEY_4)
2026-08-14 13:59:58,578 [INFO] [89/121] 삼각지역 (primary=KEY_1)
2026-08-14 13:59:59,694 [INFO] [90/121] 서울대입구역 (primary=KEY_2)
2026-08-14 14:00:00,837 [INFO] [91/121] 서울식물원·마곡나루역 (primary=KEY_3)
2026-08-14 14:00:02,167 [INFO] [92/121] 서울역 (primary=KEY_4)
2026-08-14 14:00:04,572 [INFO] [93/121] 선릉역 (primary=KEY_1)
2026-08-14 14:00:06,280 [INFO] [94/121] 성신여대입구역 (primary=KEY_2)
2026-08-14 14:00:07,286 [INFO] [95/121] 수유역 (primary=KEY_3)
2026-08-14 14:00:08,439 [INFO] [96/121] 숭례문 (primary=KEY_4)
2026-08-14 14:00:09,704 [INFO] [97/121] 시의회 앞 (primary=KEY_1)
2026-08-14 14:00:10,860 [INFO] [98/121] 신논현역·논현역 (primary=KEY_2)
2026-08-14 14:00:11,992 [INFO] [99/121] 신도림역 (primary=KEY_3)
2026-08-14 14:00:12,991 [INFO] [100/121] 신림역 (primary=KEY_4)
2026-08-14 14:00:14,118 [INFO] [101/121] 신정네거리역 (primary=KEY_1)
2026-08-14 14:00:15,236 [INFO] [102/121] 신촌·이대역 (primary=KEY_2)
2026-08-14 14:00:16,417 [INFO] [103/121] 쌍문역 (primary=KEY_3)
2026-08-14 14:00:17,544 [INFO] [104/121] 양재역 (primary=KEY_4)
2026-08-14 14:00:18,680 [INFO] [105/121] 역삼역 (primary=KEY_1)
2026-08-14 14:00:19,959 [INFO] [106/121] 연신내역 (primary=KEY_2)
2026-08-14 14:00:21,020 [INFO] [107/121] 오목교역·목동운동장 (primary=KEY_3)
2026-08-14 14:00:22,575 [INFO] [108/121] 왕십리역 (primary=KEY_4)
2026-08-14 14:00:23,851 [INFO] [109/121] 용산역 (primary=KEY_1)
2026-08-14 14:00:25,109 [INFO] [110/121] 이태원역 (primary=KEY_2)
2026-08-14 14:00:26,159 [INFO] [111/121] 잠실새내역 (primary=KEY_3)
2026-08-14 14:00:27,283 [INFO] [112/121] 잠실역 (primary=KEY_4)
2026-08-14 14:00:28,549 [INFO] [113/121] 장지역 (primary=KEY_1)
2026-08-14 14:00:29,810 [INFO] [114/121] 장한평역 (primary=KEY_2)
2026-08-14 14:00:30,929 [INFO] [115/121] 천호역 (primary=KEY_3)
2026-08-14 14:00:32,208 [INFO] [116/121] 총신대입구(이수)역 (primary=KEY_4)
2026-08-14 14:00:33,363 [INFO] [117/121] 충정로역 (primary=KEY_1)
2026-08-14 14:00:34,495 [INFO] [118/121] 합정역 (primary=KEY_2)
2026-08-14 14:00:35,756 [INFO] [119/121] 혜화역 (primary=KEY_3)
2026-08-14 14:00:36,885 [INFO] [120/121] 홍대입구역(2호선) (primary=KEY_4)
2026-08-14 14:00:38,026 [INFO] [121/121] 회기역 (primary=KEY_1)
2026-08-14 14:00:40,961 [INFO] === 수집 완료 | 성공 121, 실패 0 ===
2026-08-14 14:00:40,961 [INFO] 카테고리별 저장 결과:
2026-08-14 14:00:40,961 [INFO]    accident                  | 신규     4행 | 누적     32행 | 16컬럼
2026-08-14 14:00:40,962 [INFO]    accident_acdnt_cntrl_stts | 신규     2행 | 누적     21행 | 16컬럼
2026-08-14 14:00:40,962 [INFO]    area_meta                 | 신규   121행 | 누적   1089행 | 5컬럼
2026-08-14 14:00:40,962 [INFO]    bike                      | 신규    11행 | 누적     99행 | 12컬럼
2026-08-14 14:00:40,962 [INFO]    bike_sbike_stts           | 신규   567행 | 누적   5103행 | 12컬럼
2026-08-14 14:00:40,962 [INFO]    bus                       | 신규     3행 | 누적     27행 | 11컬럼
2026-08-14 14:00:40,962 [INFO]    bus_bus_stn_stts          | 신규  1745행 | 누적  15705행 | 11컬럼
2026-08-14 14:00:40,962 [INFO]    charger                   | 신규     4행 | 누적     36행 | 15컬럼
2026-08-14 14:00:40,962 [INFO]    charger_charger_stts      | 신규  1931행 | 누적  17269행 | 15컬럼
2026-08-14 14:00:40,962 [INFO]    cmrcl                     | 신규    82행 | 누적    738행 | 20컬럼
2026-08-14 14:00:40,962 [INFO]    disaster                  | 신규    29행 | 누적     58행 | 9컬럼
2026-08-14 14:00:40,962 [INFO]    events                    | 신규    16행 | 누적    141행 | 14컬럼
2026-08-14 14:00:40,962 [INFO]    events_event_stts         | 신규   142행 | 누적   1287행 | 14컬럼
2026-08-14 14:00:40,962 [INFO]    parking                   | 신규     6행 | 누적     54행 | 21컬럼
2026-08-14 14:00:40,962 [INFO]    parking_prk_stts          | 신규  1834행 | 누적  16506행 | 21컬럼
2026-08-14 14:00:40,962 [INFO]    ppltn                     | 신규   121행 | 누적   1089행 | 26컬럼
2026-08-14 14:00:40,963 [INFO]    road                      | 신규   121행 | 누적   1089행 | 21컬럼
2026-08-14 14:00:40,963 [INFO]    road_road_traffic_stts    | 신규  5287행 | 누적  47583행 | 17컬럼
2026-08-14 14:00:40,963 [INFO]    subway                    | 신규    38행 | 누적    342행 | 12컬럼
2026-08-14 14:00:40,963 [INFO]    subway_sub_stts           | 신규   183행 | 누적   1647행 | 13컬럼
2026-08-14 14:00:40,963 [INFO]    weather                   | 신규   119행 | 누적   1071행 | 30컬럼
2026-08-14 14:00:40,963 [INFO] 키별 사용량:
2026-08-14 14:00:40,963 [INFO]    🟢 KEY_1 (31/1000) 
2026-08-14 14:00:40,963 [INFO]    🟢 KEY_2 (30/1000) 
2026-08-14 14:00:40,963 [INFO]    🟢 KEY_3 (30/1000) 
2026-08-14 14:00:40,963 [INFO]    🟢 KEY_4 (30/1000) 
2026-08-14 15:23:46,102 [INFO] 등록된 키: 4개, 합산 한도 4,000건/일
2026-08-14 15:23:46,103 [INFO] POI 로드: 매뉴얼 v8.5 기준 fallback 121개 (121개 전체)
2026-08-14 15:23:46,103 [INFO] === 수집 시작 2026-08-14T15:23:46.103715+09:00 ===
2026-08-14 15:23:46,103 [INFO] 대상 장소: 121개 | API: citydata (통합)
2026-08-14 15:23:46,103 [INFO] 키 풀: 4/4 활성 | 오늘 사용 0/4000건
2026-08-14 15:23:46,104 [INFO]   [KEY_1] 담당 31장소
2026-08-14 15:23:46,104 [INFO]   [KEY_2] 담당 30장소
2026-08-14 15:23:46,104 [INFO]   [KEY_3] 담당 30장소
2026-08-14 15:23:46,104 [INFO]   [KEY_4] 담당 30장소
2026-08-14 15:23:46,104 [INFO] [1/121] 경복궁 (primary=KEY_1)
2026-08-14 15:23:48,249 [INFO] [2/121] 광화문·덕수궁 (primary=KEY_2)
2026-08-14 15:23:50,688 [INFO] [3/121] 보신각 (primary=KEY_3)
2026-08-14 15:23:52,678 [INFO] [4/121] 서울 암사동 유적 (primary=KEY_4)
2026-08-14 15:23:54,630 [INFO] [5/121] 창덕궁·종묘 (primary=KEY_1)
2026-08-14 15:23:56,569 [INFO] [6/121] 강남 MICE 관광특구 (primary=KEY_2)
2026-08-14 15:23:58,560 [INFO] [7/121] 동대문 관광특구 (primary=KEY_3)
2026-08-14 15:24:01,013 [INFO] [8/121] 명동 관광특구 (primary=KEY_4)
2026-08-14 15:24:03,686 [INFO] [9/121] 이태원 관광특구 (primary=KEY_1)
2026-08-14 15:24:04,969 [INFO] [10/121] 잠실 관광특구 (primary=KEY_2)
2026-08-14 15:24:06,736 [INFO] [11/121] 종로·청계 관광특구 (primary=KEY_3)
2026-08-14 15:24:08,823 [INFO] [12/121] 홍대 관광특구 (primary=KEY_4)
2026-08-14 15:24:10,344 [INFO] [13/121] 강서한강공원 (primary=KEY_1)
2026-08-14 15:24:11,428 [INFO] [14/121] 고척돔 (primary=KEY_2)
2026-08-14 15:24:12,518 [INFO] [15/121] 광나루한강공원 (primary=KEY_3)
2026-08-14 15:24:13,771 [INFO] [16/121] 광화문광장 (primary=KEY_4)
2026-08-14 15:24:15,089 [INFO] [17/121] 국립중앙박물관·용산가족공원 (primary=KEY_1)
2026-08-14 15:24:16,891 [INFO] [18/121] 난지한강공원 (primary=KEY_2)
2026-08-14 15:24:17,968 [INFO] [19/121] 남산공원 (primary=KEY_3)
2026-08-14 15:24:19,443 [INFO] [20/121] 노들섬 (primary=KEY_4)
2026-08-14 15:24:20,543 [INFO] [21/121] 뚝섬한강공원 (primary=KEY_1)
2026-08-14 15:24:21,636 [INFO] [22/121] 망원한강공원 (primary=KEY_2)
2026-08-14 15:24:22,928 [INFO] [23/121] 반포한강공원 (primary=KEY_3)
2026-08-14 15:24:24,013 [INFO] [24/121] 보라매공원 (primary=KEY_4)
2026-08-14 15:24:25,113 [INFO] [25/121] 북서울꿈의숲 (primary=KEY_1)
2026-08-14 15:24:26,370 [INFO] [26/121] 서대문독립공원 (primary=KEY_2)
2026-08-14 15:24:27,497 [INFO] [27/121] 서리풀공원·몽마르뜨공원 (primary=KEY_3)
2026-08-14 15:24:28,810 [INFO] [28/121] 서울대공원 (primary=KEY_4)
2026-08-14 15:24:30,066 [INFO] [29/121] 서울숲공원 (primary=KEY_1)
2026-08-14 15:24:31,356 [INFO] [30/121] 송현녹지광장 (primary=KEY_2)
2026-08-14 15:24:33,337 [INFO] [31/121] 아차산 (primary=KEY_3)
2026-08-14 15:24:34,413 [INFO] [32/121] 안양천 (primary=KEY_4)
2026-08-14 15:24:35,511 [INFO] [33/121] 양화한강공원 (primary=KEY_1)
2026-08-14 15:24:36,588 [INFO] [34/121] 어린이대공원 (primary=KEY_2)
2026-08-14 15:24:37,884 [INFO] [35/121] 여의도한강공원 (primary=KEY_3)
2026-08-14 15:24:39,143 [INFO] [36/121] 여의서로 (primary=KEY_4)
2026-08-14 15:24:40,403 [INFO] [37/121] 올림픽공원 (primary=KEY_1)
2026-08-14 15:24:41,848 [INFO] [38/121] 월드컵공원 (primary=KEY_2)
2026-08-14 15:24:43,321 [INFO] [39/121] 응봉산 (primary=KEY_3)
2026-08-14 15:24:45,165 [INFO] [40/121] 이촌한강공원 (primary=KEY_4)
2026-08-14 15:24:46,252 [INFO] [41/121] 잠실종합운동장 (primary=KEY_1)
2026-08-14 15:24:47,344 [INFO] [42/121] 잠실한강공원 (primary=KEY_2)
2026-08-14 15:24:48,453 [INFO] [43/121] 잠원한강공원 (primary=KEY_3)
2026-08-14 15:24:49,531 [INFO] [44/121] 청계산 (primary=KEY_4)
2026-08-14 15:24:50,614 [INFO] [45/121] 홍제폭포 (primary=KEY_1)
2026-08-14 15:24:51,699 [INFO] [46/121] 가락시장 (primary=KEY_2)
2026-08-14 15:24:52,986 [INFO] [47/121] 가로수길 (primary=KEY_3)
2026-08-14 15:24:54,292 [INFO] [48/121] 광장(전통)시장 (primary=KEY_4)
2026-08-14 15:24:55,390 [INFO] [49/121] 김포공항 (primary=KEY_1)
2026-08-14 15:24:56,927 [INFO] [50/121] 남대문시장 (primary=KEY_2)
2026-08-14 15:24:58,234 [INFO] [51/121] 노량진 (primary=KEY_3)
2026-08-14 15:24:59,540 [INFO] [52/121] 덕수궁길·정동길 (primary=KEY_4)
2026-08-14 15:25:00,831 [INFO] [53/121] 북창동 먹자골목 (primary=KEY_1)
2026-08-14 15:25:02,089 [INFO] [54/121] 북촌한옥마을 (primary=KEY_2)
2026-08-14 15:25:03,647 [INFO] [55/121] 서촌 (primary=KEY_3)
2026-08-14 15:25:04,913 [INFO] [56/121] 성수카페거리 (primary=KEY_4)
2026-08-14 15:25:06,394 [INFO] [57/121] 송리단길·호수단길 (primary=KEY_1)
2026-08-14 15:25:07,736 [INFO] [58/121] 신촌 스타광장 (primary=KEY_2)
2026-08-14 15:25:08,835 [INFO] [59/121] 압구정로데오거리 (primary=KEY_3)
2026-08-14 15:25:10,125 [INFO] [60/121] 여의도 (primary=KEY_4)
2026-08-14 15:25:12,217 [INFO] [61/121] 연남동 (primary=KEY_1)
2026-08-14 15:25:13,475 [INFO] [62/121] 영등포 타임스퀘어 (primary=KEY_2)
2026-08-14 15:25:14,758 [INFO] [63/121] 용리단길 (primary=KEY_3)
2026-08-14 15:25:15,869 [INFO] [64/121] 이태원 앤틱가구거리 (primary=KEY_4)
2026-08-14 15:25:17,126 [INFO] [65/121] 익선동 (primary=KEY_1)
2026-08-14 15:25:18,414 [INFO] [66/121] 인사동 (primary=KEY_2)
2026-08-14 15:25:19,894 [INFO] [67/121] 잠실롯데타워·석촌호수 (primary=KEY_3)
2026-08-14 15:25:21,561 [INFO] [68/121] 창동 신경제 중심지 (primary=KEY_4)
2026-08-14 15:25:23,237 [INFO] [69/121] 청담동 명품거리 (primary=KEY_1)
2026-08-14 15:25:24,544 [INFO] [70/121] 청량리 제기동 일대 전통시장 (primary=KEY_2)
2026-08-14 15:25:25,874 [INFO] [71/121] 해방촌·경리단길 (primary=KEY_3)
2026-08-14 15:25:26,975 [INFO] [72/121] DDP(동대문디자인플라자) (primary=KEY_4)
2026-08-14 15:25:28,274 [INFO] [73/121] DMC(디지털미디어시티) (primary=KEY_1)
2026-08-14 15:25:29,927 [INFO] [74/121] 가산디지털단지역 (primary=KEY_2)
2026-08-14 15:25:31,794 [INFO] [75/121] 강남역 (primary=KEY_3)
2026-08-14 15:25:33,439 [INFO] [76/121] 건대입구역 (primary=KEY_4)
2026-08-14 15:25:34,736 [INFO] [77/121] 고덕역 (primary=KEY_1)
2026-08-14 15:25:36,010 [INFO] [78/121] 고속터미널역 (primary=KEY_2)
2026-08-14 15:25:37,306 [INFO] [79/121] 교대역 (primary=KEY_3)
2026-08-14 15:25:38,589 [INFO] [80/121] 구로디지털단지역 (primary=KEY_4)
2026-08-14 15:25:40,263 [INFO] [81/121] 구로역 (primary=KEY_1)
2026-08-14 15:25:41,519 [INFO] [82/121] 군자역 (primary=KEY_2)
2026-08-14 15:25:42,779 [INFO] [83/121] 대림역 (primary=KEY_3)
2026-08-14 15:25:44,065 [INFO] [84/121] 동대문역 (primary=KEY_4)
2026-08-14 15:25:45,336 [INFO] [85/121] 뚝섬역 (primary=KEY_1)
2026-08-14 15:25:46,608 [INFO] [86/121] 미아사거리역 (primary=KEY_2)
2026-08-14 15:25:47,898 [INFO] [87/121] 발산역 (primary=KEY_3)
2026-08-14 15:25:49,525 [INFO] [88/121] 사당역 (primary=KEY_4)
2026-08-14 15:25:50,793 [INFO] [89/121] 삼각지역 (primary=KEY_1)
2026-08-14 15:25:52,062 [INFO] [90/121] 서울대입구역 (primary=KEY_2)
2026-08-14 15:25:53,328 [INFO] [91/121] 서울식물원·마곡나루역 (primary=KEY_3)
2026-08-14 15:25:54,792 [INFO] [92/121] 서울역 (primary=KEY_4)
2026-08-14 15:25:56,405 [INFO] [93/121] 선릉역 (primary=KEY_1)
2026-08-14 15:25:58,073 [INFO] [94/121] 성신여대입구역 (primary=KEY_2)
2026-08-14 15:25:59,196 [INFO] [95/121] 수유역 (primary=KEY_3)
2026-08-14 15:26:00,470 [INFO] [96/121] 숭례문 (primary=KEY_4)
2026-08-14 15:26:01,910 [INFO] [97/121] 시의회 앞 (primary=KEY_1)
2026-08-14 15:26:03,194 [INFO] [98/121] 신논현역·논현역 (primary=KEY_2)
2026-08-14 15:26:04,508 [INFO] [99/121] 신도림역 (primary=KEY_3)
2026-08-14 15:26:05,620 [INFO] [100/121] 신림역 (primary=KEY_4)
2026-08-14 15:26:06,894 [INFO] [101/121] 신정네거리역 (primary=KEY_1)
2026-08-14 15:26:08,158 [INFO] [102/121] 신촌·이대역 (primary=KEY_2)
2026-08-14 15:26:09,422 [INFO] [103/121] 쌍문역 (primary=KEY_3)
2026-08-14 15:26:10,696 [INFO] [104/121] 양재역 (primary=KEY_4)
2026-08-14 15:26:11,998 [INFO] [105/121] 역삼역 (primary=KEY_1)
2026-08-14 15:26:13,459 [INFO] [106/121] 연신내역 (primary=KEY_2)
2026-08-14 15:26:14,581 [INFO] [107/121] 오목교역·목동운동장 (primary=KEY_3)
2026-08-14 15:26:16,394 [INFO] [108/121] 왕십리역 (primary=KEY_4)
2026-08-14 15:26:17,889 [INFO] [109/121] 용산역 (primary=KEY_1)
2026-08-14 15:26:19,379 [INFO] [110/121] 이태원역 (primary=KEY_2)
2026-08-14 15:26:20,551 [INFO] [111/121] 잠실새내역 (primary=KEY_3)
2026-08-14 15:26:21,828 [INFO] [112/121] 잠실역 (primary=KEY_4)
2026-08-14 15:26:23,269 [INFO] [113/121] 장지역 (primary=KEY_1)
2026-08-14 15:26:24,716 [INFO] [114/121] 장한평역 (primary=KEY_2)
2026-08-14 15:26:26,020 [INFO] [115/121] 천호역 (primary=KEY_3)
2026-08-14 15:26:27,493 [INFO] [116/121] 총신대입구(이수)역 (primary=KEY_4)
2026-08-14 15:26:28,769 [INFO] [117/121] 충정로역 (primary=KEY_1)
2026-08-14 15:26:30,077 [INFO] [118/121] 합정역 (primary=KEY_2)
2026-08-14 15:26:31,521 [INFO] [119/121] 혜화역 (primary=KEY_3)
2026-08-14 15:26:32,803 [INFO] [120/121] 홍대입구역(2호선) (primary=KEY_4)
2026-08-14 15:26:34,116 [INFO] [121/121] 회기역 (primary=KEY_1)
2026-08-14 15:26:37,265 [INFO] === 수집 완료 | 성공 121, 실패 0 ===
2026-08-14 15:26:37,266 [INFO] 카테고리별 저장 결과:
2026-08-14 15:26:37,266 [INFO]    accident                  | 신규     4행 | 누적     36행 | 16컬럼
2026-08-14 15:26:37,266 [INFO]    area_meta                 | 신규   121행 | 누적   1210행 | 5컬럼
2026-08-14 15:26:37,266 [INFO]    bike                      | 신규    11행 | 누적    110행 | 12컬럼
2026-08-14 15:26:37,266 [INFO]    bike_sbike_stts           | 신규   567행 | 누적   5670행 | 12컬럼
2026-08-14 15:26:37,266 [INFO]    bus                       | 신규     3행 | 누적     30행 | 11컬럼
2026-08-14 15:26:37,266 [INFO]    bus_bus_stn_stts          | 신규  1745행 | 누적  17450행 | 11컬럼
2026-08-14 15:26:37,266 [INFO]    charger                   | 신규     4행 | 누적     40행 | 15컬럼
2026-08-14 15:26:37,266 [INFO]    charger_charger_stts      | 신규  1931행 | 누적  19187행 | 15컬럼
2026-08-14 15:26:37,266 [INFO]    cmrcl                     | 신규    82행 | 누적    820행 | 20컬럼
2026-08-14 15:26:37,266 [INFO]    disaster                  | 신규    29행 | 누적     87행 | 9컬럼
2026-08-14 15:26:37,266 [INFO]    events                    | 신규    16행 | 누적    157행 | 14컬럼
2026-08-14 15:26:37,266 [INFO]    events_event_stts         | 신규   142행 | 누적   1429행 | 14컬럼
2026-08-14 15:26:37,266 [INFO]    parking                   | 신규     6행 | 누적     60행 | 21컬럼
2026-08-14 15:26:37,267 [INFO]    parking_prk_stts          | 신규  1834행 | 누적  18340행 | 21컬럼
2026-08-14 15:26:37,267 [INFO]    ppltn                     | 신규   121행 | 누적   1210행 | 26컬럼
2026-08-14 15:26:37,267 [INFO]    road                      | 신규   121행 | 누적   1210행 | 21컬럼
2026-08-14 15:26:37,267 [INFO]    road_road_traffic_stts    | 신규  5287행 | 누적  52870행 | 17컬럼
2026-08-14 15:26:37,267 [INFO]    subway                    | 신규    38행 | 누적    380행 | 12컬럼
2026-08-14 15:26:37,267 [INFO]    subway_sub_stts           | 신규   183행 | 누적   1830행 | 13컬럼
2026-08-14 15:26:37,267 [INFO]    weather                   | 신규   119행 | 누적   1190행 | 30컬럼
2026-08-14 15:26:37,267 [INFO] 키별 사용량:
2026-08-14 15:26:37,267 [INFO]    🟢 KEY_1 (31/1000) 
2026-08-14 15:26:37,267 [INFO]    🟢 KEY_2 (30/1000) 
2026-08-14 15:26:37,267 [INFO]    🟢 KEY_3 (30/1000) 
2026-08-14 15:26:37,267 [INFO]    🟢 KEY_4 (30/1000) 
2026-08-14 17:25:36,694 [INFO] 등록된 키: 4개, 합산 한도 4,000건/일
2026-08-14 17:25:36,694 [INFO] POI 로드: 매뉴얼 v8.5 기준 fallback 121개 (121개 전체)
2026-08-14 17:25:36,695 [INFO] === 수집 시작 2026-08-14T17:25:36.694993+09:00 ===
2026-08-14 17:25:36,695 [INFO] 대상 장소: 121개 | API: citydata (통합)
2026-08-14 17:25:36,695 [INFO] 키 풀: 4/4 활성 | 오늘 사용 0/4000건
2026-08-14 17:25:36,695 [INFO]   [KEY_1] 담당 31장소
2026-08-14 17:25:36,695 [INFO]   [KEY_2] 담당 30장소
2026-08-14 17:25:36,695 [INFO]   [KEY_3] 담당 30장소
2026-08-14 17:25:36,695 [INFO]   [KEY_4] 담당 30장소
2026-08-14 17:25:36,695 [INFO] [1/121] 경복궁 (primary=KEY_1)
2026-08-14 17:25:38,621 [INFO] [2/121] 광화문·덕수궁 (primary=KEY_2)
2026-08-14 17:25:40,884 [INFO] [3/121] 보신각 (primary=KEY_3)
2026-08-14 17:25:42,796 [INFO] [4/121] 서울 암사동 유적 (primary=KEY_4)
2026-08-14 17:25:44,840 [INFO] [5/121] 창덕궁·종묘 (primary=KEY_1)
2026-08-14 17:25:46,700 [INFO] [6/121] 강남 MICE 관광특구 (primary=KEY_2)
2026-08-14 17:25:47,931 [INFO] [7/121] 동대문 관광특구 (primary=KEY_3)
2026-08-14 17:25:50,035 [INFO] [8/121] 명동 관광특구 (primary=KEY_4)
2026-08-14 17:25:52,638 [INFO] [9/121] 이태원 관광특구 (primary=KEY_1)
2026-08-14 17:25:53,876 [INFO] [10/121] 잠실 관광특구 (primary=KEY_2)
2026-08-14 17:25:56,142 [INFO] [11/121] 종로·청계 관광특구 (primary=KEY_3)
2026-08-14 17:25:57,611 [INFO] [12/121] 홍대 관광특구 (primary=KEY_4)
2026-08-14 17:25:59,722 [INFO] [13/121] 강서한강공원 (primary=KEY_1)
2026-08-14 17:26:00,760 [INFO] [14/121] 고척돔 (primary=KEY_2)
2026-08-14 17:26:02,458 [INFO] [15/121] 광나루한강공원 (primary=KEY_3)
2026-08-14 17:26:04,313 [INFO] [16/121] 광화문광장 (primary=KEY_4)
2026-08-14 17:26:05,556 [INFO] [17/121] 국립중앙박물관·용산가족공원 (primary=KEY_1)
2026-08-14 17:26:07,523 [INFO] [18/121] 난지한강공원 (primary=KEY_2)
2026-08-14 17:26:08,571 [INFO] [19/121] 남산공원 (primary=KEY_3)
2026-08-14 17:26:10,572 [INFO] [20/121] 노들섬 (primary=KEY_4)
2026-08-14 17:26:12,217 [INFO] [21/121] 뚝섬한강공원 (primary=KEY_1)
2026-08-14 17:26:13,945 [INFO] [22/121] 망원한강공원 (primary=KEY_2)
2026-08-14 17:26:15,166 [INFO] [23/121] 반포한강공원 (primary=KEY_3)
2026-08-14 17:26:16,884 [INFO] [24/121] 보라매공원 (primary=KEY_4)
2026-08-14 17:26:18,520 [INFO] [25/121] 북서울꿈의숲 (primary=KEY_1)
2026-08-14 17:26:20,365 [INFO] [26/121] 서대문독립공원 (primary=KEY_2)
2026-08-14 17:26:22,041 [INFO] [27/121] 서리풀공원·몽마르뜨공원 (primary=KEY_3)
2026-08-14 17:26:24,093 [INFO] [28/121] 서울대공원 (primary=KEY_4)
2026-08-14 17:26:25,137 [INFO] [29/121] 서울숲공원 (primary=KEY_1)
2026-08-14 17:26:27,198 [INFO] [30/121] 송현녹지광장 (primary=KEY_2)
2026-08-14 17:26:28,408 [INFO] [31/121] 아차산 (primary=KEY_3)
2026-08-14 17:26:29,472 [INFO] [32/121] 안양천 (primary=KEY_4)
2026-08-14 17:26:30,531 [INFO] [33/121] 양화한강공원 (primary=KEY_1)
2026-08-14 17:26:31,569 [INFO] [34/121] 어린이대공원 (primary=KEY_2)
2026-08-14 17:26:33,445 [INFO] [35/121] 여의도한강공원 (primary=KEY_3)
2026-08-14 17:26:34,686 [INFO] [36/121] 여의서로 (primary=KEY_4)
2026-08-14 17:26:36,880 [INFO] [37/121] 올림픽공원 (primary=KEY_1)
2026-08-14 17:26:39,102 [INFO] [38/121] 월드컵공원 (primary=KEY_2)
2026-08-14 17:26:40,530 [INFO] [39/121] 응봉산 (primary=KEY_3)
2026-08-14 17:26:41,766 [INFO] [40/121] 이촌한강공원 (primary=KEY_4)
2026-08-14 17:26:42,814 [INFO] [41/121] 잠실종합운동장 (primary=KEY_1)
2026-08-14 17:26:44,522 [INFO] [42/121] 잠실한강공원 (primary=KEY_2)
2026-08-14 17:26:46,376 [INFO] [43/121] 잠원한강공원 (primary=KEY_3)
2026-08-14 17:26:47,426 [INFO] [44/121] 청계산 (primary=KEY_4)
2026-08-14 17:26:49,315 [INFO] [45/121] 홍제폭포 (primary=KEY_1)
2026-08-14 17:26:50,367 [INFO] [46/121] 가락시장 (primary=KEY_2)
2026-08-14 17:26:51,619 [INFO] [47/121] 가로수길 (primary=KEY_3)
2026-08-14 17:26:52,874 [INFO] [48/121] 광장(전통)시장 (primary=KEY_4)
2026-08-14 17:26:55,608 [INFO] [49/121] 김포공항 (primary=KEY_1)
2026-08-14 17:26:57,026 [INFO] [50/121] 남대문시장 (primary=KEY_2)
2026-08-14 17:26:58,267 [INFO] [51/121] 노량진 (primary=KEY_3)
2026-08-14 17:27:00,196 [INFO] [52/121] 덕수궁길·정동길 (primary=KEY_4)
2026-08-14 17:27:01,497 [INFO] [53/121] 북창동 먹자골목 (primary=KEY_1)
2026-08-14 17:27:02,739 [INFO] [54/121] 북촌한옥마을 (primary=KEY_2)
2026-08-14 17:27:04,125 [INFO] [55/121] 서촌 (primary=KEY_3)
2026-08-14 17:27:06,003 [INFO] [56/121] 성수카페거리 (primary=KEY_4)
2026-08-14 17:27:07,401 [INFO] [57/121] 송리단길·호수단길 (primary=KEY_1)
2026-08-14 17:27:09,310 [INFO] [58/121] 신촌 스타광장 (primary=KEY_2)
2026-08-14 17:27:10,375 [INFO] [59/121] 압구정로데오거리 (primary=KEY_3)
2026-08-14 17:27:11,612 [INFO] [60/121] 여의도 (primary=KEY_4)
2026-08-14 17:27:13,659 [INFO] [61/121] 연남동 (primary=KEY_1)
2026-08-14 17:27:14,891 [INFO] [62/121] 영등포 타임스퀘어 (primary=KEY_2)
2026-08-14 17:27:16,114 [INFO] [63/121] 용리단길 (primary=KEY_3)
2026-08-14 17:27:17,218 [INFO] [64/121] 이태원 앤틱가구거리 (primary=KEY_4)
2026-08-14 17:27:18,446 [INFO] [65/121] 익선동 (primary=KEY_1)
2026-08-14 17:27:19,690 [INFO] [66/121] 인사동 (primary=KEY_2)
2026-08-14 17:27:21,098 [INFO] [67/121] 잠실롯데타워·석촌호수 (primary=KEY_3)
2026-08-14 17:27:22,672 [INFO] [68/121] 창동 신경제 중심지 (primary=KEY_4)
2026-08-14 17:27:24,293 [INFO] [69/121] 청담동 명품거리 (primary=KEY_1)
2026-08-14 17:27:26,358 [INFO] [70/121] 청량리 제기동 일대 전통시장 (primary=KEY_2)
2026-08-14 17:27:27,594 [INFO] [71/121] 해방촌·경리단길 (primary=KEY_3)
2026-08-14 17:27:28,656 [INFO] [72/121] DDP(동대문디자인플라자) (primary=KEY_4)
2026-08-14 17:27:29,943 [INFO] [73/121] DMC(디지털미디어시티) (primary=KEY_1)
2026-08-14 17:27:31,572 [INFO] [74/121] 가산디지털단지역 (primary=KEY_2)
2026-08-14 17:27:33,407 [INFO] [75/121] 강남역 (primary=KEY_3)
2026-08-14 17:27:34,838 [INFO] [76/121] 건대입구역 (primary=KEY_4)
2026-08-14 17:27:36,112 [INFO] [77/121] 고덕역 (primary=KEY_1)
2026-08-14 17:27:37,344 [INFO] [78/121] 고속터미널역 (primary=KEY_2)
2026-08-14 17:27:38,611 [INFO] [79/121] 교대역 (primary=KEY_3)
2026-08-14 17:27:39,876 [INFO] [80/121] 구로디지털단지역 (primary=KEY_4)
2026-08-14 17:27:42,028 [INFO] [81/121] 구로역 (primary=KEY_1)
2026-08-14 17:27:43,248 [INFO] [82/121] 군자역 (primary=KEY_2)
2026-08-14 17:27:44,485 [INFO] [83/121] 대림역 (primary=KEY_3)
2026-08-14 17:27:45,723 [INFO] [84/121] 동대문역 (primary=KEY_4)
2026-08-14 17:27:46,966 [INFO] [85/121] 뚝섬역 (primary=KEY_1)
2026-08-14 17:27:48,255 [INFO] [86/121] 미아사거리역 (primary=KEY_2)
2026-08-14 17:27:49,494 [INFO] [87/121] 발산역 (primary=KEY_3)
2026-08-14 17:27:51,047 [INFO] [88/121] 사당역 (primary=KEY_4)
2026-08-14 17:27:52,298 [INFO] [89/121] 삼각지역 (primary=KEY_1)
2026-08-14 17:27:53,552 [INFO] [90/121] 서울대입구역 (primary=KEY_2)
2026-08-14 17:27:54,783 [INFO] [91/121] 서울식물원·마곡나루역 (primary=KEY_3)
2026-08-14 17:27:56,249 [INFO] [92/121] 서울역 (primary=KEY_4)
2026-08-14 17:27:57,716 [INFO] [93/121] 선릉역 (primary=KEY_1)
2026-08-14 17:27:59,347 [INFO] [94/121] 성신여대입구역 (primary=KEY_2)
2026-08-14 17:28:00,435 [INFO] [95/121] 수유역 (primary=KEY_3)
2026-08-14 17:28:01,686 [INFO] [96/121] 숭례문 (primary=KEY_4)
2026-08-14 17:28:03,130 [INFO] [97/121] 시의회 앞 (primary=KEY_1)
2026-08-14 17:28:04,419 [INFO] [98/121] 신논현역·논현역 (primary=KEY_2)
2026-08-14 17:28:05,671 [INFO] [99/121] 신도림역 (primary=KEY_3)
2026-08-14 17:28:07,699 [INFO] [100/121] 신림역 (primary=KEY_4)
2026-08-14 17:28:08,953 [INFO] [101/121] 신정네거리역 (primary=KEY_1)
2026-08-14 17:28:10,214 [INFO] [102/121] 신촌·이대역 (primary=KEY_2)
2026-08-14 17:28:11,495 [INFO] [103/121] 쌍문역 (primary=KEY_3)
2026-08-14 17:28:12,723 [INFO] [104/121] 양재역 (primary=KEY_4)
2026-08-14 17:28:13,959 [INFO] [105/121] 역삼역 (primary=KEY_1)
2026-08-14 17:28:15,354 [INFO] [106/121] 연신내역 (primary=KEY_2)
2026-08-14 17:28:16,485 [INFO] [107/121] 오목교역·목동운동장 (primary=KEY_3)
2026-08-14 17:28:18,260 [INFO] [108/121] 왕십리역 (primary=KEY_4)
2026-08-14 17:28:19,677 [INFO] [109/121] 용산역 (primary=KEY_1)
2026-08-14 17:28:21,087 [INFO] [110/121] 이태원역 (primary=KEY_2)
2026-08-14 17:28:22,276 [INFO] [111/121] 잠실새내역 (primary=KEY_3)
2026-08-14 17:28:23,511 [INFO] [112/121] 잠실역 (primary=KEY_4)
2026-08-14 17:28:24,920 [INFO] [113/121] 장지역 (primary=KEY_1)
2026-08-14 17:28:26,374 [INFO] [114/121] 장한평역 (primary=KEY_2)
2026-08-14 17:28:27,594 [INFO] [115/121] 천호역 (primary=KEY_3)
2026-08-14 17:28:29,048 [INFO] [116/121] 총신대입구(이수)역 (primary=KEY_4)
2026-08-14 17:28:30,295 [INFO] [117/121] 충정로역 (primary=KEY_1)
2026-08-14 17:28:31,599 [INFO] [118/121] 합정역 (primary=KEY_2)
2026-08-14 17:28:33,013 [INFO] [119/121] 혜화역 (primary=KEY_3)
2026-08-14 17:28:34,260 [INFO] [120/121] 홍대입구역(2호선) (primary=KEY_4)
2026-08-14 17:28:35,499 [INFO] [121/121] 회기역 (primary=KEY_1)
2026-08-14 17:28:38,779 [INFO] === 수집 완료 | 성공 121, 실패 0 ===
2026-08-14 17:28:38,779 [INFO] 카테고리별 저장 결과:
2026-08-14 17:28:38,779 [INFO]    accident_acdnt_cntrl_stts | 신규     4행 | 누적     25행 | 16컬럼
2026-08-14 17:28:38,779 [INFO]    area_meta                 | 신규   121행 | 누적   1331행 | 5컬럼
2026-08-14 17:28:38,779 [INFO]    bike                      | 신규    11행 | 누적    121행 | 12컬럼
2026-08-14 17:28:38,779 [INFO]    bike_sbike_stts           | 신규   567행 | 누적   6237행 | 12컬럼
2026-08-14 17:28:38,779 [INFO]    bus                       | 신규     3행 | 누적     33행 | 11컬럼
2026-08-14 17:28:38,779 [INFO]    bus_bus_stn_stts          | 신규  1745행 | 누적  19195행 | 11컬럼
2026-08-14 17:28:38,779 [INFO]    charger                   | 신규     4행 | 누적     44행 | 15컬럼
2026-08-14 17:28:38,779 [INFO]    charger_charger_stts      | 신규  1930행 | 누적  21104행 | 15컬럼
2026-08-14 17:28:38,779 [INFO]    cmrcl                     | 신규    82행 | 누적    902행 | 20컬럼
2026-08-14 17:28:38,779 [INFO]    disaster                  | 신규    29행 | 누적    116행 | 9컬럼
2026-08-14 17:28:38,779 [INFO]    events                    | 신규    16행 | 누적    173행 | 14컬럼
2026-08-14 17:28:38,779 [INFO]    events_event_stts         | 신규   142행 | 누적   1571행 | 14컬럼
2026-08-14 17:28:38,779 [INFO]    parking                   | 신규     6행 | 누적     66행 | 21컬럼
2026-08-14 17:28:38,779 [INFO]    parking_prk_stts          | 신규  1834행 | 누적  20174행 | 21컬럼
2026-08-14 17:28:38,779 [INFO]    ppltn                     | 신규   121행 | 누적   1331행 | 26컬럼
2026-08-14 17:28:38,779 [INFO]    road                      | 신규   121행 | 누적   1331행 | 21컬럼
2026-08-14 17:28:38,779 [INFO]    road_road_traffic_stts    | 신규  5287행 | 누적  58157행 | 17컬럼
2026-08-14 17:28:38,779 [INFO]    subway                    | 신규    38행 | 누적    418행 | 12컬럼
2026-08-14 17:28:38,780 [INFO]    subway_sub_stts           | 신규   183행 | 누적   2013행 | 13컬럼
2026-08-14 17:28:38,780 [INFO]    weather                   | 신규   119행 | 누적   1309행 | 30컬럼
2026-08-14 17:28:38,780 [INFO] 키별 사용량:
2026-08-14 17:28:38,780 [INFO]    🟢 KEY_1 (31/1000) 
2026-08-14 17:28:38,780 [INFO]    🟢 KEY_2 (30/1000) 
2026-08-14 17:28:38,780 [INFO]    🟢 KEY_3 (30/1000) 
2026-08-14 17:28:38,780 [INFO]    🟢 KEY_4 (30/1000) 
2026-08-14 19:14:44,818 [INFO] 등록된 키: 4개, 합산 한도 4,000건/일
2026-08-14 19:14:44,818 [INFO] POI 로드: 매뉴얼 v8.5 기준 fallback 121개 (121개 전체)
2026-08-14 19:14:44,818 [INFO] === 수집 시작 2026-08-14T19:14:44.818807+09:00 ===
2026-08-14 19:14:44,818 [INFO] 대상 장소: 121개 | API: citydata (통합)
2026-08-14 19:14:44,819 [INFO] 키 풀: 4/4 활성 | 오늘 사용 0/4000건
2026-08-14 19:14:44,819 [INFO]   [KEY_1] 담당 31장소
2026-08-14 19:14:44,819 [INFO]   [KEY_2] 담당 30장소
2026-08-14 19:14:44,819 [INFO]   [KEY_3] 담당 30장소
2026-08-14 19:14:44,819 [INFO]   [KEY_4] 담당 30장소
2026-08-14 19:14:44,819 [INFO] [1/121] 경복궁 (primary=KEY_1)
2026-08-14 19:14:47,051 [INFO] [2/121] 광화문·덕수궁 (primary=KEY_2)
2026-08-14 19:14:49,311 [INFO] [3/121] 보신각 (primary=KEY_3)
2026-08-14 19:14:51,145 [INFO] [4/121] 서울 암사동 유적 (primary=KEY_4)
2026-08-14 19:14:52,208 [INFO] [5/121] 창덕궁·종묘 (primary=KEY_1)
2026-08-14 19:14:53,427 [INFO] [6/121] 강남 MICE 관광특구 (primary=KEY_2)
2026-08-14 19:14:55,268 [INFO] [7/121] 동대문 관광특구 (primary=KEY_3)
2026-08-14 19:14:57,386 [INFO] [8/121] 명동 관광특구 (primary=KEY_4)
2026-08-14 19:14:59,158 [INFO] [9/121] 이태원 관광특구 (primary=KEY_1)
2026-08-14 19:15:01,100 [INFO] [10/121] 잠실 관광특구 (primary=KEY_2)
2026-08-14 19:15:03,547 [INFO] [11/121] 종로·청계 관광특구 (primary=KEY_3)
2026-08-14 19:15:05,570 [INFO] [12/121] 홍대 관광특구 (primary=KEY_4)
2026-08-14 19:15:06,998 [INFO] [13/121] 강서한강공원 (primary=KEY_1)
2026-08-14 19:15:08,698 [INFO] [14/121] 고척돔 (primary=KEY_2)
2026-08-14 19:15:09,762 [INFO] [15/121] 광나루한강공원 (primary=KEY_3)
2026-08-14 19:15:10,975 [INFO] [16/121] 광화문광장 (primary=KEY_4)
2026-08-14 19:15:12,783 [INFO] [17/121] 국립중앙박물관·용산가족공원 (primary=KEY_1)
2026-08-14 19:15:14,500 [INFO] [18/121] 난지한강공원 (primary=KEY_2)
2026-08-14 19:15:16,378 [INFO] [19/121] 남산공원 (primary=KEY_3)
2026-08-14 19:15:17,819 [INFO] [20/121] 노들섬 (primary=KEY_4)
2026-08-14 19:15:19,544 [INFO] [21/121] 뚝섬한강공원 (primary=KEY_1)
2026-08-14 19:15:20,593 [INFO] [22/121] 망원한강공원 (primary=KEY_2)
2026-08-14 19:15:21,813 [INFO] [23/121] 반포한강공원 (primary=KEY_3)
2026-08-14 19:15:22,866 [INFO] [24/121] 보라매공원 (primary=KEY_4)
2026-08-14 19:15:24,766 [INFO] [25/121] 북서울꿈의숲 (primary=KEY_1)
2026-08-14 19:15:26,667 [INFO] [26/121] 서대문독립공원 (primary=KEY_2)
2026-08-14 19:15:28,400 [INFO] [27/121] 서리풀공원·몽마르뜨공원 (primary=KEY_3)
2026-08-14 19:15:29,631 [INFO] [28/121] 서울대공원 (primary=KEY_4)
2026-08-14 19:15:31,488 [INFO] [29/121] 서울숲공원 (primary=KEY_1)
2026-08-14 19:15:33,406 [INFO] [30/121] 송현녹지광장 (primary=KEY_2)
2026-08-14 19:15:34,629 [INFO] [31/121] 아차산 (primary=KEY_3)
2026-08-14 19:15:35,711 [INFO] [32/121] 안양천 (primary=KEY_4)
2026-08-14 19:15:37,321 [INFO] [33/121] 양화한강공원 (primary=KEY_1)
2026-08-14 19:15:38,379 [INFO] [34/121] 어린이대공원 (primary=KEY_2)
2026-08-14 19:15:39,603 [INFO] [35/121] 여의도한강공원 (primary=KEY_3)
2026-08-14 19:15:40,840 [INFO] [36/121] 여의서로 (primary=KEY_4)
2026-08-14 19:15:42,053 [INFO] [37/121] 올림픽공원 (primary=KEY_1)
2026-08-14 19:15:44,120 [INFO] [38/121] 월드컵공원 (primary=KEY_2)
2026-08-14 19:15:45,525 [INFO] [39/121] 응봉산 (primary=KEY_3)
2026-08-14 19:15:46,742 [INFO] [40/121] 이촌한강공원 (primary=KEY_4)
2026-08-14 19:15:47,807 [INFO] [41/121] 잠실종합운동장 (primary=KEY_1)
2026-08-14 19:15:48,859 [INFO] [42/121] 잠실한강공원 (primary=KEY_2)
2026-08-14 19:15:49,929 [INFO] [43/121] 잠원한강공원 (primary=KEY_3)
2026-08-14 19:15:50,991 [INFO] [44/121] 청계산 (primary=KEY_4)
2026-08-14 19:15:52,037 [INFO] [45/121] 홍제폭포 (primary=KEY_1)
2026-08-14 19:15:53,084 [INFO] [46/121] 가락시장 (primary=KEY_2)
2026-08-14 19:15:54,337 [INFO] [47/121] 가로수길 (primary=KEY_3)
2026-08-14 19:15:55,613 [INFO] [48/121] 광장(전통)시장 (primary=KEY_4)
2026-08-14 19:15:56,686 [INFO] [49/121] 김포공항 (primary=KEY_1)
2026-08-14 19:15:58,091 [INFO] [50/121] 남대문시장 (primary=KEY_2)
2026-08-14 19:15:59,332 [INFO] [51/121] 노량진 (primary=KEY_3)
2026-08-14 19:16:00,562 [INFO] [52/121] 덕수궁길·정동길 (primary=KEY_4)
2026-08-14 19:16:01,864 [INFO] [53/121] 북창동 먹자골목 (primary=KEY_1)
2026-08-14 19:16:03,088 [INFO] [54/121] 북촌한옥마을 (primary=KEY_2)
2026-08-14 19:16:05,041 [INFO] [55/121] 서촌 (primary=KEY_3)
2026-08-14 19:16:06,265 [INFO] [56/121] 성수카페거리 (primary=KEY_4)
2026-08-14 19:16:07,669 [INFO] [57/121] 송리단길·호수단길 (primary=KEY_1)
2026-08-14 19:16:08,910 [INFO] [58/121] 신촌 스타광장 (primary=KEY_2)
2026-08-14 19:16:09,988 [INFO] [59/121] 압구정로데오거리 (primary=KEY_3)
2026-08-14 19:16:11,235 [INFO] [60/121] 여의도 (primary=KEY_4)
2026-08-14 19:16:13,241 [INFO] [61/121] 연남동 (primary=KEY_1)
2026-08-14 19:16:14,462 [INFO] [62/121] 영등포 타임스퀘어 (primary=KEY_2)
2026-08-14 19:16:15,676 [INFO] [63/121] 용리단길 (primary=KEY_3)
2026-08-14 19:16:16,797 [INFO] [64/121] 이태원 앤틱가구거리 (primary=KEY_4)
2026-08-14 19:16:18,037 [INFO] [65/121] 익선동 (primary=KEY_1)
2026-08-14 19:16:19,297 [INFO] [66/121] 인사동 (primary=KEY_2)
2026-08-14 19:16:20,694 [INFO] [67/121] 잠실롯데타워·석촌호수 (primary=KEY_3)
2026-08-14 19:16:22,301 [INFO] [68/121] 창동 신경제 중심지 (primary=KEY_4)
2026-08-14 19:16:23,862 [INFO] [69/121] 청담동 명품거리 (primary=KEY_1)
2026-08-14 19:16:25,177 [INFO] [70/121] 청량리 제기동 일대 전통시장 (primary=KEY_2)
2026-08-14 19:16:26,429 [INFO] [71/121] 해방촌·경리단길 (primary=KEY_3)
2026-08-14 19:16:27,490 [INFO] [72/121] DDP(동대문디자인플라자) (primary=KEY_4)
2026-08-14 19:16:28,748 [INFO] [73/121] DMC(디지털미디어시티) (primary=KEY_1)
2026-08-14 19:16:30,409 [INFO] [74/121] 가산디지털단지역 (primary=KEY_2)
2026-08-14 19:16:32,174 [INFO] [75/121] 강남역 (primary=KEY_3)
2026-08-14 19:16:33,599 [INFO] [76/121] 건대입구역 (primary=KEY_4)
2026-08-14 19:16:34,860 [INFO] [77/121] 고덕역 (primary=KEY_1)
2026-08-14 19:16:36,089 [INFO] [78/121] 고속터미널역 (primary=KEY_2)
2026-08-14 19:16:37,336 [INFO] [79/121] 교대역 (primary=KEY_3)
2026-08-14 19:16:38,563 [INFO] [80/121] 구로디지털단지역 (primary=KEY_4)
2026-08-14 19:16:40,140 [INFO] [81/121] 구로역 (primary=KEY_1)
2026-08-14 19:16:41,358 [INFO] [82/121] 군자역 (primary=KEY_2)
2026-08-14 19:16:42,585 [INFO] [83/121] 대림역 (primary=KEY_3)
2026-08-14 19:16:43,829 [INFO] [84/121] 동대문역 (primary=KEY_4)
2026-08-14 19:16:45,090 [INFO] [85/121] 뚝섬역 (primary=KEY_1)
2026-08-14 19:16:46,315 [INFO] [86/121] 미아사거리역 (primary=KEY_2)
2026-08-14 19:16:47,550 [INFO] [87/121] 발산역 (primary=KEY_3)
2026-08-14 19:16:49,110 [INFO] [88/121] 사당역 (primary=KEY_4)
2026-08-14 19:16:50,340 [INFO] [89/121] 삼각지역 (primary=KEY_1)
2026-08-14 19:16:51,573 [INFO] [90/121] 서울대입구역 (primary=KEY_2)
2026-08-14 19:16:52,799 [INFO] [91/121] 서울식물원·마곡나루역 (primary=KEY_3)
2026-08-14 19:16:54,202 [INFO] [92/121] 서울역 (primary=KEY_4)
2026-08-14 19:16:55,639 [INFO] [93/121] 선릉역 (primary=KEY_1)
2026-08-14 19:16:57,227 [INFO] [94/121] 성신여대입구역 (primary=KEY_2)
2026-08-14 19:16:58,460 [INFO] [95/121] 수유역 (primary=KEY_3)
2026-08-14 19:16:59,695 [INFO] [96/121] 숭례문 (primary=KEY_4)
2026-08-14 19:17:01,108 [INFO] [97/121] 시의회 앞 (primary=KEY_1)
2026-08-14 19:17:02,515 [INFO] [98/121] 신논현역·논현역 (primary=KEY_2)
2026-08-14 19:17:03,806 [INFO] [99/121] 신도림역 (primary=KEY_3)
2026-08-14 19:17:04,878 [INFO] [100/121] 신림역 (primary=KEY_4)
2026-08-14 19:17:06,104 [INFO] [101/121] 신정네거리역 (primary=KEY_1)
2026-08-14 19:17:07,338 [INFO] [102/121] 신촌·이대역 (primary=KEY_2)
2026-08-14 19:17:08,575 [INFO] [103/121] 쌍문역 (primary=KEY_3)
2026-08-14 19:17:09,795 [INFO] [104/121] 양재역 (primary=KEY_4)
2026-08-14 19:17:11,040 [INFO] [105/121] 역삼역 (primary=KEY_1)
2026-08-14 19:17:12,432 [INFO] [106/121] 연신내역 (primary=KEY_2)
2026-08-14 19:17:13,517 [INFO] [107/121] 오목교역·목동운동장 (primary=KEY_3)
2026-08-14 19:17:15,270 [INFO] [108/121] 왕십리역 (primary=KEY_4)
2026-08-14 19:17:16,717 [INFO] [109/121] 용산역 (primary=KEY_1)
2026-08-14 19:17:18,120 [INFO] [110/121] 이태원역 (primary=KEY_2)
2026-08-14 19:17:20,618 [INFO] [111/121] 잠실새내역 (primary=KEY_3)
2026-08-14 19:17:22,546 [INFO] [112/121] 잠실역 (primary=KEY_4)
2026-08-14 19:17:23,952 [INFO] [113/121] 장지역 (primary=KEY_1)
2026-08-14 19:17:26,006 [INFO] [114/121] 장한평역 (primary=KEY_2)
2026-08-14 19:17:28,048 [INFO] [115/121] 천호역 (primary=KEY_3)
2026-08-14 19:17:30,414 [INFO] [116/121] 총신대입구(이수)역 (primary=KEY_4)
2026-08-14 19:17:32,646 [INFO] [117/121] 충정로역 (primary=KEY_1)
2026-08-14 19:17:34,869 [INFO] [118/121] 합정역 (primary=KEY_2)
2026-08-14 19:17:36,924 [INFO] [119/121] 혜화역 (primary=KEY_3)
2026-08-14 19:17:38,956 [INFO] [120/121] 홍대입구역(2호선) (primary=KEY_4)
2026-08-14 19:17:40,240 [INFO] [121/121] 회기역 (primary=KEY_1)
2026-08-14 19:17:44,623 [INFO] === 수집 완료 | 성공 121, 실패 0 ===
2026-08-14 19:17:44,623 [INFO] 카테고리별 저장 결과:
2026-08-14 19:17:44,623 [INFO]    accident_acdnt_cntrl_stts | 신규     4행 | 누적     29행 | 16컬럼
2026-08-14 19:17:44,623 [INFO]    area_meta                 | 신규   121행 | 누적   1452행 | 5컬럼
2026-08-14 19:17:44,623 [INFO]    bike                      | 신규    11행 | 누적    132행 | 12컬럼
2026-08-14 19:17:44,623 [INFO]    bike_sbike_stts           | 신규   567행 | 누적   6804행 | 12컬럼
2026-08-14 19:17:44,623 [INFO]    bus                       | 신규     3행 | 누적     36행 | 11컬럼
2026-08-14 19:17:44,623 [INFO]    bus_bus_stn_stts          | 신규  1745행 | 누적  20940행 | 11컬럼
2026-08-14 19:17:44,623 [INFO]    charger                   | 신규     4행 | 누적     48행 | 15컬럼
2026-08-14 19:17:44,623 [INFO]    charger_charger_stts      | 신규  1930행 | 누적  23021행 | 15컬럼
2026-08-14 19:17:44,623 [INFO]    cmrcl                     | 신규    82행 | 누적    984행 | 20컬럼
2026-08-14 19:17:44,623 [INFO]    disaster                  | 신규    29행 | 누적    145행 | 9컬럼
2026-08-14 19:17:44,623 [INFO]    events                    | 신규    16행 | 누적    189행 | 14컬럼
2026-08-14 19:17:44,623 [INFO]    events_event_stts         | 신규   142행 | 누적   1713행 | 14컬럼
2026-08-14 19:17:44,623 [INFO]    parking                   | 신규     6행 | 누적     72행 | 21컬럼
2026-08-14 19:17:44,623 [INFO]    parking_prk_stts          | 신규  1834행 | 누적  22008행 | 21컬럼
2026-08-14 19:17:44,623 [INFO]    ppltn                     | 신규   121행 | 누적   1452행 | 26컬럼
2026-08-14 19:17:44,624 [INFO]    road                      | 신규   121행 | 누적   1452행 | 21컬럼
2026-08-14 19:17:44,624 [INFO]    road_road_traffic_stts    | 신규  5287행 | 누적  63444행 | 17컬럼
2026-08-14 19:17:44,624 [INFO]    subway                    | 신규    38행 | 누적    456행 | 12컬럼
2026-08-14 19:17:44,624 [INFO]    subway_sub_stts           | 신규   183행 | 누적   2196행 | 13컬럼
2026-08-14 19:17:44,624 [INFO]    weather                   | 신규   119행 | 누적   1428행 | 30컬럼
2026-08-14 19:17:44,624 [INFO] 키별 사용량:
2026-08-14 19:17:44,624 [INFO]    🟢 KEY_1 (31/1000) 
2026-08-14 19:17:44,624 [INFO]    🟢 KEY_2 (30/1000) 
2026-08-14 19:17:44,624 [INFO]    🟢 KEY_3 (30/1000) 
2026-08-14 19:17:44,624 [INFO]    🟢 KEY_4 (30/1000) 
