2026-05-29 00:23:09,903 [INFO] 등록된 키: 4개, 합산 한도 4,000건/일
2026-05-29 00:23:09,904 [INFO] POI 로드: 매뉴얼 v8.5 기준 fallback 121개 (121개 전체)
2026-05-29 00:23:09,904 [INFO] === 수집 시작 2026-05-29T00:23:09.904774+09:00 ===
2026-05-29 00:23:09,904 [INFO] 대상 장소: 121개 | API: citydata (통합)
2026-05-29 00:23:09,904 [INFO] 키 풀: 4/4 활성 | 오늘 사용 0/4000건
2026-05-29 00:23:09,905 [INFO]   [KEY_1] 담당 31장소
2026-05-29 00:23:09,905 [INFO]   [KEY_2] 담당 30장소
2026-05-29 00:23:09,905 [INFO]   [KEY_3] 담당 30장소
2026-05-29 00:23:09,905 [INFO]   [KEY_4] 담당 30장소
2026-05-29 00:23:09,905 [INFO] [1/121] 경복궁 (primary=KEY_1)
2026-05-29 00:23:12,033 [INFO] [2/121] 광화문·덕수궁 (primary=KEY_2)
2026-05-29 00:23:14,395 [INFO] [3/121] 보신각 (primary=KEY_3)
2026-05-29 00:23:16,303 [INFO] [4/121] 서울 암사동 유적 (primary=KEY_4)
2026-05-29 00:23:18,203 [INFO] [5/121] 창덕궁·종묘 (primary=KEY_1)
2026-05-29 00:23:20,317 [INFO] [6/121] 강남 MICE 관광특구 (primary=KEY_2)
2026-05-29 00:23:22,445 [INFO] [7/121] 동대문 관광특구 (primary=KEY_3)
2026-05-29 00:23:25,001 [INFO] [8/121] 명동 관광특구 (primary=KEY_4)
2026-05-29 00:23:27,632 [INFO] [9/121] 이태원 관광특구 (primary=KEY_1)
2026-05-29 00:23:29,574 [INFO] [10/121] 잠실 관광특구 (primary=KEY_2)
2026-05-29 00:23:32,138 [INFO] [11/121] 종로·청계 관광특구 (primary=KEY_3)
2026-05-29 00:23:33,694 [INFO] [12/121] 홍대 관광특구 (primary=KEY_4)
2026-05-29 00:23:35,308 [INFO] [13/121] 강서한강공원 (primary=KEY_1)
2026-05-29 00:23:36,467 [INFO] [14/121] 고척돔 (primary=KEY_2)
2026-05-29 00:23:38,395 [INFO] [15/121] 광나루한강공원 (primary=KEY_3)
2026-05-29 00:23:39,737 [INFO] [16/121] 광화문광장 (primary=KEY_4)
2026-05-29 00:23:41,857 [INFO] [17/121] 국립중앙박물관·용산가족공원 (primary=KEY_1)
2026-05-29 00:23:43,020 [INFO] [18/121] 난지한강공원 (primary=KEY_2)
2026-05-29 00:23:44,164 [INFO] [19/121] 남산공원 (primary=KEY_3)
2026-05-29 00:23:45,761 [INFO] [20/121] 노들섬 (primary=KEY_4)
2026-05-29 00:23:46,880 [INFO] [21/121] 뚝섬한강공원 (primary=KEY_1)
2026-05-29 00:23:48,009 [INFO] [22/121] 망원한강공원 (primary=KEY_2)
2026-05-29 00:23:49,368 [INFO] [23/121] 반포한강공원 (primary=KEY_3)
2026-05-29 00:23:51,306 [INFO] [24/121] 보라매공원 (primary=KEY_4)
2026-05-29 00:23:53,033 [INFO] [25/121] 북서울꿈의숲 (primary=KEY_1)
2026-05-29 00:23:55,185 [INFO] [26/121] 서대문독립공원 (primary=KEY_2)
2026-05-29 00:23:56,353 [INFO] [27/121] 서리풀공원·몽마르뜨공원 (primary=KEY_3)
2026-05-29 00:23:58,519 [INFO] [28/121] 서울대공원 (primary=KEY_4)
2026-05-29 00:23:59,680 [INFO] [29/121] 서울숲공원 (primary=KEY_1)
2026-05-29 00:24:01,026 [INFO] [30/121] 송현녹지광장 (primary=KEY_2)
2026-05-29 00:24:02,393 [INFO] [31/121] 아차산 (primary=KEY_3)
2026-05-29 00:24:04,495 [INFO] [32/121] 안양천 (primary=KEY_4)
2026-05-29 00:24:05,656 [INFO] [33/121] 양화한강공원 (primary=KEY_1)
2026-05-29 00:24:06,786 [INFO] [34/121] 어린이대공원 (primary=KEY_2)
2026-05-29 00:24:08,150 [INFO] [35/121] 여의도한강공원 (primary=KEY_3)
2026-05-29 00:24:09,504 [INFO] [36/121] 여의서로 (primary=KEY_4)
2026-05-29 00:24:10,869 [INFO] [37/121] 올림픽공원 (primary=KEY_1)
2026-05-29 00:24:12,458 [INFO] [38/121] 월드컵공원 (primary=KEY_2)
2026-05-29 00:24:14,780 [INFO] [39/121] 응봉산 (primary=KEY_3)
2026-05-29 00:24:16,860 [INFO] [40/121] 이촌한강공원 (primary=KEY_4)
2026-05-29 00:24:17,989 [INFO] [41/121] 잠실종합운동장 (primary=KEY_1)
2026-05-29 00:24:19,179 [INFO] [42/121] 잠실한강공원 (primary=KEY_2)
2026-05-29 00:24:21,100 [INFO] [43/121] 잠원한강공원 (primary=KEY_3)
2026-05-29 00:24:22,251 [INFO] [44/121] 청계산 (primary=KEY_4)
2026-05-29 00:24:23,391 [INFO] [45/121] 홍제폭포 (primary=KEY_1)
2026-05-29 00:24:24,526 [INFO] [46/121] 가락시장 (primary=KEY_2)
2026-05-29 00:24:25,924 [INFO] [47/121] 가로수길 (primary=KEY_3)
2026-05-29 00:24:27,319 [INFO] [48/121] 광장(전통)시장 (primary=KEY_4)
2026-05-29 00:24:28,480 [INFO] [49/121] 김포공항 (primary=KEY_1)
2026-05-29 00:24:30,631 [INFO] [50/121] 남대문시장 (primary=KEY_2)
2026-05-29 00:24:31,994 [INFO] [51/121] 노량진 (primary=KEY_3)
2026-05-29 00:24:33,376 [INFO] [52/121] 덕수궁길·정동길 (primary=KEY_4)
2026-05-29 00:24:34,734 [INFO] [53/121] 북창동 먹자골목 (primary=KEY_1)
2026-05-29 00:24:36,093 [INFO] [54/121] 북촌한옥마을 (primary=KEY_2)
2026-05-29 00:24:37,611 [INFO] [55/121] 서촌 (primary=KEY_3)
2026-05-29 00:24:38,975 [INFO] [56/121] 성수카페거리 (primary=KEY_4)
2026-05-29 00:24:40,509 [INFO] [57/121] 송리단길·호수단길 (primary=KEY_1)
2026-05-29 00:24:43,044 [INFO] [58/121] 신촌 스타광장 (primary=KEY_2)
2026-05-29 00:24:44,216 [INFO] [59/121] 압구정로데오거리 (primary=KEY_3)
2026-05-29 00:24:45,575 [INFO] [60/121] 여의도 (primary=KEY_4)
2026-05-29 00:24:47,835 [INFO] [61/121] 연남동 (primary=KEY_1)
2026-05-29 00:24:49,160 [INFO] [62/121] 영등포 타임스퀘어 (primary=KEY_2)
2026-05-29 00:24:50,508 [INFO] [63/121] 용리단길 (primary=KEY_3)
2026-05-29 00:24:51,699 [INFO] [64/121] 이태원 앤틱가구거리 (primary=KEY_4)
2026-05-29 00:24:53,058 [INFO] [65/121] 익선동 (primary=KEY_1)
2026-05-29 00:24:54,413 [INFO] [66/121] 인사동 (primary=KEY_2)
2026-05-29 00:24:55,940 [INFO] [67/121] 잠실롯데타워·석촌호수 (primary=KEY_3)
2026-05-29 00:24:57,731 [INFO] [68/121] 창동 신경제 중심지 (primary=KEY_4)
2026-05-29 00:24:59,494 [INFO] [69/121] 청담동 명품거리 (primary=KEY_1)
2026-05-29 00:25:00,880 [INFO] [70/121] 청량리 제기동 일대 전통시장 (primary=KEY_2)
2026-05-29 00:25:02,257 [INFO] [71/121] 해방촌·경리단길 (primary=KEY_3)
2026-05-29 00:25:03,405 [INFO] [72/121] DDP(동대문디자인플라자) (primary=KEY_4)
2026-05-29 00:25:04,791 [INFO] [73/121] DMC(디지털미디어시티) (primary=KEY_1)
2026-05-29 00:25:07,104 [INFO] [74/121] 가산디지털단지역 (primary=KEY_2)
2026-05-29 00:25:09,074 [INFO] [75/121] 강남역 (primary=KEY_3)
2026-05-29 00:25:10,649 [INFO] [76/121] 건대입구역 (primary=KEY_4)
2026-05-29 00:25:11,985 [INFO] [77/121] 고덕역 (primary=KEY_1)
2026-05-29 00:25:13,341 [INFO] [78/121] 고속터미널역 (primary=KEY_2)
2026-05-29 00:25:14,699 [INFO] [79/121] 교대역 (primary=KEY_3)
2026-05-29 00:25:16,037 [INFO] [80/121] 구로디지털단지역 (primary=KEY_4)
2026-05-29 00:25:17,725 [INFO] [81/121] 구로역 (primary=KEY_1)
2026-05-29 00:25:19,050 [INFO] [82/121] 군자역 (primary=KEY_2)
2026-05-29 00:25:20,402 [INFO] [83/121] 대림역 (primary=KEY_3)
2026-05-29 00:25:21,765 [INFO] [84/121] 동대문역 (primary=KEY_4)
2026-05-29 00:25:23,099 [INFO] [85/121] 뚝섬역 (primary=KEY_1)
2026-05-29 00:25:24,448 [INFO] [86/121] 미아사거리역 (primary=KEY_2)
2026-05-29 00:25:25,770 [INFO] [87/121] 발산역 (primary=KEY_3)
2026-05-29 00:25:27,684 [INFO] [88/121] 사당역 (primary=KEY_4)
2026-05-29 00:25:29,033 [INFO] [89/121] 삼각지역 (primary=KEY_1)
2026-05-29 00:25:30,193 [INFO] [90/121] 서울대입구역 (primary=KEY_2)
2026-05-29 00:25:31,550 [INFO] [91/121] 서울식물원·마곡나루역 (primary=KEY_3)
2026-05-29 00:25:33,090 [INFO] [92/121] 서울역 (primary=KEY_4)
2026-05-29 00:25:34,664 [INFO] [93/121] 선릉역 (primary=KEY_1)
2026-05-29 00:25:36,436 [INFO] [94/121] 성신여대입구역 (primary=KEY_2)
2026-05-29 00:25:37,589 [INFO] [95/121] 수유역 (primary=KEY_3)
2026-05-29 00:25:38,950 [INFO] [96/121] 숭례문 (primary=KEY_4)
2026-05-29 00:25:41,075 [INFO] [97/121] 시의회 앞 (primary=KEY_1)
2026-05-29 00:25:42,450 [INFO] [98/121] 신논현역·논현역 (primary=KEY_2)
2026-05-29 00:25:43,794 [INFO] [99/121] 신도림역 (primary=KEY_3)
2026-05-29 00:25:44,978 [INFO] [100/121] 신림역 (primary=KEY_4)
2026-05-29 00:25:46,334 [INFO] [101/121] 신정네거리역 (primary=KEY_1)
2026-05-29 00:25:47,676 [INFO] [102/121] 신촌·이대역 (primary=KEY_2)
2026-05-29 00:25:49,013 [INFO] [103/121] 쌍문역 (primary=KEY_3)
2026-05-29 00:25:50,369 [INFO] [104/121] 양재역 (primary=KEY_4)
2026-05-29 00:25:51,755 [INFO] [105/121] 역삼역 (primary=KEY_1)
2026-05-29 00:25:53,311 [INFO] [106/121] 연신내역 (primary=KEY_2)
2026-05-29 00:25:54,517 [INFO] [107/121] 오목교역·목동운동장 (primary=KEY_3)
2026-05-29 00:25:56,452 [INFO] [108/121] 왕십리역 (primary=KEY_4)
2026-05-29 00:25:58,044 [INFO] [109/121] 용산역 (primary=KEY_1)
2026-05-29 00:25:59,623 [INFO] [110/121] 이태원역 (primary=KEY_2)
2026-05-29 00:26:00,859 [INFO] [111/121] 잠실새내역 (primary=KEY_3)
2026-05-29 00:26:02,209 [INFO] [112/121] 잠실역 (primary=KEY_4)
2026-05-29 00:26:03,777 [INFO] [113/121] 장지역 (primary=KEY_1)
2026-05-29 00:26:05,333 [INFO] [114/121] 장한평역 (primary=KEY_2)
2026-05-29 00:26:06,696 [INFO] [115/121] 천호역 (primary=KEY_3)
2026-05-29 00:26:08,048 [INFO] [116/121] 총신대입구(이수)역 (primary=KEY_4)
2026-05-29 00:26:09,419 [INFO] [117/121] 충정로역 (primary=KEY_1)
2026-05-29 00:26:10,791 [INFO] [118/121] 합정역 (primary=KEY_2)
2026-05-29 00:26:12,912 [INFO] [119/121] 혜화역 (primary=KEY_3)
2026-05-29 00:26:14,232 [INFO] [120/121] 홍대입구역(2호선) (primary=KEY_4)
2026-05-29 00:26:15,623 [INFO] [121/121] 회기역 (primary=KEY_1)
2026-05-29 00:26:17,345 [INFO] === 수집 완료 | 성공 121, 실패 0 ===
2026-05-29 00:26:17,345 [INFO] 카테고리별 저장 결과:
2026-05-29 00:26:17,345 [INFO]    accident                  | 신규     2행 | 누적      2행 | 16컬럼
2026-05-29 00:26:17,345 [INFO]    area_meta                 | 신규   121행 | 누적    121행 | 5컬럼
2026-05-29 00:26:17,345 [INFO]    bike                      | 신규    10행 | 누적     10행 | 12컬럼
2026-05-29 00:26:17,345 [INFO]    bike_sbike_stts           | 신규   556행 | 누적    556행 | 12컬럼
2026-05-29 00:26:17,345 [INFO]    bus                       | 신규     3행 | 누적      3행 | 11컬럼
2026-05-29 00:26:17,345 [INFO]    bus_bus_stn_stts          | 신규  1745행 | 누적   1745행 | 11컬럼
2026-05-29 00:26:17,345 [INFO]    charger                   | 신규     4행 | 누적      4행 | 15컬럼
2026-05-29 00:26:17,345 [INFO]    charger_charger_stts      | 신규  1870행 | 누적   1870행 | 15컬럼
2026-05-29 00:26:17,345 [INFO]    cmrcl                     | 신규    82행 | 누적     82행 | 20컬럼
2026-05-29 00:26:17,345 [INFO]    events                    | 신규    12행 | 누적     12행 | 14컬럼
2026-05-29 00:26:17,345 [INFO]    events_event_stts         | 신규   177행 | 누적    177행 | 14컬럼
2026-05-29 00:26:17,345 [INFO]    parking                   | 신규     6행 | 누적      6행 | 21컬럼
2026-05-29 00:26:17,345 [INFO]    parking_prk_stts          | 신규  1835행 | 누적   1835행 | 21컬럼
2026-05-29 00:26:17,345 [INFO]    ppltn                     | 신규   121행 | 누적    121행 | 26컬럼
2026-05-29 00:26:17,345 [INFO]    road                      | 신규   121행 | 누적    121행 | 21컬럼
2026-05-29 00:26:17,345 [INFO]    road_road_traffic_stts    | 신규  5253행 | 누적   5253행 | 17컬럼
2026-05-29 00:26:17,345 [INFO]    subway                    | 신규    38행 | 누적     38행 | 12컬럼
2026-05-29 00:26:17,346 [INFO]    subway_sub_stts           | 신규   183행 | 누적    183행 | 13컬럼
2026-05-29 00:26:17,346 [INFO]    weather                   | 신규   119행 | 누적    119행 | 29컬럼
2026-05-29 00:26:17,346 [INFO] 키별 사용량:
2026-05-29 00:26:17,346 [INFO]    🟢 KEY_1 (31/1000) 
2026-05-29 00:26:17,346 [INFO]    🟢 KEY_2 (30/1000) 
2026-05-29 00:26:17,346 [INFO]    🟢 KEY_3 (30/1000) 
2026-05-29 00:26:17,346 [INFO]    🟢 KEY_4 (30/1000) 
2026-05-29 02:27:42,817 [INFO] 등록된 키: 4개, 합산 한도 4,000건/일
2026-05-29 02:27:42,818 [INFO] POI 로드: 매뉴얼 v8.5 기준 fallback 121개 (121개 전체)
2026-05-29 02:27:42,818 [INFO] === 수집 시작 2026-05-29T02:27:42.818322+09:00 ===
2026-05-29 02:27:42,818 [INFO] 대상 장소: 121개 | API: citydata (통합)
2026-05-29 02:27:42,818 [INFO] 키 풀: 4/4 활성 | 오늘 사용 0/4000건
2026-05-29 02:27:42,818 [INFO]   [KEY_1] 담당 31장소
2026-05-29 02:27:42,818 [INFO]   [KEY_2] 담당 30장소
2026-05-29 02:27:42,818 [INFO]   [KEY_3] 담당 30장소
2026-05-29 02:27:42,818 [INFO]   [KEY_4] 담당 30장소
2026-05-29 02:27:42,818 [INFO] [1/121] 경복궁 (primary=KEY_1)
2026-05-29 02:27:44,373 [INFO] [2/121] 광화문·덕수궁 (primary=KEY_2)
2026-05-29 02:27:46,352 [INFO] [3/121] 보신각 (primary=KEY_3)
2026-05-29 02:27:47,469 [INFO] [4/121] 서울 암사동 유적 (primary=KEY_4)
2026-05-29 02:27:48,998 [INFO] [5/121] 창덕궁·종묘 (primary=KEY_1)
2026-05-29 02:27:50,918 [INFO] [6/121] 강남 MICE 관광특구 (primary=KEY_2)
2026-05-29 02:27:52,184 [INFO] [7/121] 동대문 관광특구 (primary=KEY_3)
2026-05-29 02:27:54,049 [INFO] [8/121] 명동 관광특구 (primary=KEY_4)
2026-05-29 02:27:55,543 [INFO] [9/121] 이태원 관광특구 (primary=KEY_1)
2026-05-29 02:27:56,823 [INFO] [10/121] 잠실 관광특구 (primary=KEY_2)
2026-05-29 02:27:58,424 [INFO] [11/121] 종로·청계 관광특구 (primary=KEY_3)
2026-05-29 02:28:00,286 [INFO] [12/121] 홍대 관광특구 (primary=KEY_4)
2026-05-29 02:28:01,610 [INFO] [13/121] 강서한강공원 (primary=KEY_1)
2026-05-29 02:28:02,570 [INFO] [14/121] 고척돔 (primary=KEY_2)
2026-05-29 02:28:03,548 [INFO] [15/121] 광나루한강공원 (primary=KEY_3)
2026-05-29 02:28:04,651 [INFO] [16/121] 광화문광장 (primary=KEY_4)
2026-05-29 02:28:06,369 [INFO] [17/121] 국립중앙박물관·용산가족공원 (primary=KEY_1)
2026-05-29 02:28:07,361 [INFO] [18/121] 난지한강공원 (primary=KEY_2)
2026-05-29 02:28:08,325 [INFO] [19/121] 남산공원 (primary=KEY_3)
2026-05-29 02:28:09,624 [INFO] [20/121] 노들섬 (primary=KEY_4)
2026-05-29 02:28:10,598 [INFO] [21/121] 뚝섬한강공원 (primary=KEY_1)
2026-05-29 02:28:12,112 [INFO] [22/121] 망원한강공원 (primary=KEY_2)
2026-05-29 02:28:13,777 [INFO] [23/121] 반포한강공원 (primary=KEY_3)
2026-05-29 02:28:14,782 [INFO] [24/121] 보라매공원 (primary=KEY_4)
2026-05-29 02:28:15,775 [INFO] [25/121] 북서울꿈의숲 (primary=KEY_1)
2026-05-29 02:28:16,897 [INFO] [26/121] 서대문독립공원 (primary=KEY_2)
2026-05-29 02:28:17,877 [INFO] [27/121] 서리풀공원·몽마르뜨공원 (primary=KEY_3)
2026-05-29 02:28:18,901 [INFO] [28/121] 서울대공원 (primary=KEY_4)
2026-05-29 02:28:19,867 [INFO] [29/121] 서울숲공원 (primary=KEY_1)
2026-05-29 02:28:21,001 [INFO] [30/121] 송현녹지광장 (primary=KEY_2)
2026-05-29 02:28:22,129 [INFO] [31/121] 아차산 (primary=KEY_3)
2026-05-29 02:28:23,107 [INFO] [32/121] 안양천 (primary=KEY_4)
2026-05-29 02:28:24,618 [INFO] [33/121] 양화한강공원 (primary=KEY_1)
2026-05-29 02:28:26,126 [INFO] [34/121] 어린이대공원 (primary=KEY_2)
2026-05-29 02:28:27,291 [INFO] [35/121] 여의도한강공원 (primary=KEY_3)
2026-05-29 02:28:28,409 [INFO] [36/121] 여의서로 (primary=KEY_4)
2026-05-29 02:28:29,520 [INFO] [37/121] 올림픽공원 (primary=KEY_1)
2026-05-29 02:28:30,688 [INFO] [38/121] 월드컵공원 (primary=KEY_2)
2026-05-29 02:28:32,001 [INFO] [39/121] 응봉산 (primary=KEY_3)
2026-05-29 02:28:33,098 [INFO] [40/121] 이촌한강공원 (primary=KEY_4)
2026-05-29 02:28:34,076 [INFO] [41/121] 잠실종합운동장 (primary=KEY_1)
2026-05-29 02:28:35,061 [INFO] [42/121] 잠실한강공원 (primary=KEY_2)
2026-05-29 02:28:36,069 [INFO] [43/121] 잠원한강공원 (primary=KEY_3)
2026-05-29 02:28:37,036 [INFO] [44/121] 청계산 (primary=KEY_4)
2026-05-29 02:28:38,000 [INFO] [45/121] 홍제폭포 (primary=KEY_1)
2026-05-29 02:28:38,971 [INFO] [46/121] 가락시장 (primary=KEY_2)
2026-05-29 02:28:40,117 [INFO] [47/121] 가로수길 (primary=KEY_3)
2026-05-29 02:28:41,267 [INFO] [48/121] 광장(전통)시장 (primary=KEY_4)
2026-05-29 02:28:42,262 [INFO] [49/121] 김포공항 (primary=KEY_1)
2026-05-29 02:28:43,420 [INFO] [50/121] 남대문시장 (primary=KEY_2)
2026-05-29 02:28:44,552 [INFO] [51/121] 노량진 (primary=KEY_3)
2026-05-29 02:28:45,699 [INFO] [52/121] 덕수궁길·정동길 (primary=KEY_4)
2026-05-29 02:28:46,831 [INFO] [53/121] 북창동 먹자골목 (primary=KEY_1)
2026-05-29 02:28:47,952 [INFO] [54/121] 북촌한옥마을 (primary=KEY_2)
2026-05-29 02:28:49,226 [INFO] [55/121] 서촌 (primary=KEY_3)
2026-05-29 02:28:50,346 [INFO] [56/121] 성수카페거리 (primary=KEY_4)
2026-05-29 02:28:51,633 [INFO] [57/121] 송리단길·호수단길 (primary=KEY_1)
2026-05-29 02:28:52,782 [INFO] [58/121] 신촌 스타광장 (primary=KEY_2)
2026-05-29 02:28:53,774 [INFO] [59/121] 압구정로데오거리 (primary=KEY_3)
2026-05-29 02:28:54,905 [INFO] [60/121] 여의도 (primary=KEY_4)
2026-05-29 02:28:56,686 [INFO] [61/121] 연남동 (primary=KEY_1)
2026-05-29 02:28:57,798 [INFO] [62/121] 영등포 타임스퀘어 (primary=KEY_2)
2026-05-29 02:28:58,924 [INFO] [63/121] 용리단길 (primary=KEY_3)
2026-05-29 02:28:59,931 [INFO] [64/121] 이태원 앤틱가구거리 (primary=KEY_4)
2026-05-29 02:29:00,935 [INFO] [65/121] 익선동 (primary=KEY_1)
2026-05-29 02:29:02,093 [INFO] [66/121] 인사동 (primary=KEY_2)
2026-05-29 02:29:03,245 [INFO] [67/121] 잠실롯데타워·석촌호수 (primary=KEY_3)
2026-05-29 02:29:04,663 [INFO] [68/121] 창동 신경제 중심지 (primary=KEY_4)
2026-05-29 02:29:06,098 [INFO] [69/121] 청담동 명품거리 (primary=KEY_1)
2026-05-29 02:29:07,282 [INFO] [70/121] 청량리 제기동 일대 전통시장 (primary=KEY_2)
2026-05-29 02:29:08,411 [INFO] [71/121] 해방촌·경리단길 (primary=KEY_3)
2026-05-29 02:29:09,421 [INFO] [72/121] DDP(동대문디자인플라자) (primary=KEY_4)
2026-05-29 02:29:10,593 [INFO] [73/121] DMC(디지털미디어시티) (primary=KEY_1)
2026-05-29 02:29:12,047 [INFO] [74/121] 가산디지털단지역 (primary=KEY_2)
2026-05-29 02:29:13,628 [INFO] [75/121] 강남역 (primary=KEY_3)
2026-05-29 02:29:14,935 [INFO] [76/121] 건대입구역 (primary=KEY_4)
2026-05-29 02:29:16,110 [INFO] [77/121] 고덕역 (primary=KEY_1)
2026-05-29 02:29:17,271 [INFO] [78/121] 고속터미널역 (primary=KEY_2)
2026-05-29 02:29:18,433 [INFO] [79/121] 교대역 (primary=KEY_3)
2026-05-29 02:29:19,479 [INFO] [80/121] 구로디지털단지역 (primary=KEY_4)
2026-05-29 02:29:20,885 [INFO] [81/121] 구로역 (primary=KEY_1)
2026-05-29 02:29:22,014 [INFO] [82/121] 군자역 (primary=KEY_2)
2026-05-29 02:29:23,046 [INFO] [83/121] 대림역 (primary=KEY_3)
2026-05-29 02:29:24,197 [INFO] [84/121] 동대문역 (primary=KEY_4)
2026-05-29 02:29:25,355 [INFO] [85/121] 뚝섬역 (primary=KEY_1)
2026-05-29 02:29:26,511 [INFO] [86/121] 미아사거리역 (primary=KEY_2)
2026-05-29 02:29:27,657 [INFO] [87/121] 발산역 (primary=KEY_3)
2026-05-29 02:29:29,075 [INFO] [88/121] 사당역 (primary=KEY_4)
2026-05-29 02:29:30,242 [INFO] [89/121] 삼각지역 (primary=KEY_1)
2026-05-29 02:29:31,254 [INFO] [90/121] 서울대입구역 (primary=KEY_2)
2026-05-29 02:29:32,371 [INFO] [91/121] 서울식물원·마곡나루역 (primary=KEY_3)
2026-05-29 02:29:33,674 [INFO] [92/121] 서울역 (primary=KEY_4)
2026-05-29 02:29:34,867 [INFO] [93/121] 선릉역 (primary=KEY_1)
2026-05-29 02:29:36,300 [INFO] [94/121] 성신여대입구역 (primary=KEY_2)
2026-05-29 02:29:37,325 [INFO] [95/121] 수유역 (primary=KEY_3)
2026-05-29 02:29:38,466 [INFO] [96/121] 숭례문 (primary=KEY_4)
2026-05-29 02:29:39,618 [INFO] [97/121] 시의회 앞 (primary=KEY_1)
2026-05-29 02:29:40,788 [INFO] [98/121] 신논현역·논현역 (primary=KEY_2)
2026-05-29 02:29:41,953 [INFO] [99/121] 신도림역 (primary=KEY_3)
2026-05-29 02:29:42,947 [INFO] [100/121] 신림역 (primary=KEY_4)
2026-05-29 02:29:43,964 [INFO] [101/121] 신정네거리역 (primary=KEY_1)
2026-05-29 02:29:45,110 [INFO] [102/121] 신촌·이대역 (primary=KEY_2)
2026-05-29 02:29:46,244 [INFO] [103/121] 쌍문역 (primary=KEY_3)
2026-05-29 02:29:47,377 [INFO] [104/121] 양재역 (primary=KEY_4)
2026-05-29 02:29:48,520 [INFO] [105/121] 역삼역 (primary=KEY_1)
2026-05-29 02:29:49,791 [INFO] [106/121] 연신내역 (primary=KEY_2)
2026-05-29 02:29:50,816 [INFO] [107/121] 오목교역·목동운동장 (primary=KEY_3)
2026-05-29 02:29:52,407 [INFO] [108/121] 왕십리역 (primary=KEY_4)
2026-05-29 02:29:53,552 [INFO] [109/121] 용산역 (primary=KEY_1)
2026-05-29 02:29:54,859 [INFO] [110/121] 이태원역 (primary=KEY_2)
2026-05-29 02:29:55,929 [INFO] [111/121] 잠실새내역 (primary=KEY_3)
2026-05-29 02:29:57,049 [INFO] [112/121] 잠실역 (primary=KEY_4)
2026-05-29 02:29:58,341 [INFO] [113/121] 장지역 (primary=KEY_1)
2026-05-29 02:29:59,642 [INFO] [114/121] 장한평역 (primary=KEY_2)
2026-05-29 02:30:00,780 [INFO] [115/121] 천호역 (primary=KEY_3)
2026-05-29 02:30:01,929 [INFO] [116/121] 총신대입구(이수)역 (primary=KEY_4)
2026-05-29 02:30:03,053 [INFO] [117/121] 충정로역 (primary=KEY_1)
2026-05-29 02:30:04,184 [INFO] [118/121] 합정역 (primary=KEY_2)
2026-05-29 02:30:05,340 [INFO] [119/121] 혜화역 (primary=KEY_3)
2026-05-29 02:30:06,477 [INFO] [120/121] 홍대입구역(2호선) (primary=KEY_4)
2026-05-29 02:30:07,622 [INFO] [121/121] 회기역 (primary=KEY_1)
2026-05-29 02:30:09,646 [INFO] === 수집 완료 | 성공 121, 실패 0 ===
2026-05-29 02:30:09,646 [INFO] 카테고리별 저장 결과:
2026-05-29 02:30:09,646 [INFO]    accident                  | 신규     2행 | 누적      4행 | 16컬럼
2026-05-29 02:30:09,646 [INFO]    area_meta                 | 신규   121행 | 누적    242행 | 5컬럼
2026-05-29 02:30:09,646 [INFO]    bike                      | 신규    10행 | 누적     20행 | 12컬럼
2026-05-29 02:30:09,646 [INFO]    bike_sbike_stts           | 신규   556행 | 누적   1112행 | 12컬럼
2026-05-29 02:30:09,646 [INFO]    bus                       | 신규     3행 | 누적      6행 | 11컬럼
2026-05-29 02:30:09,646 [INFO]    bus_bus_stn_stts          | 신규  1745행 | 누적   3490행 | 11컬럼
2026-05-29 02:30:09,646 [INFO]    charger                   | 신규     4행 | 누적      8행 | 15컬럼
2026-05-29 02:30:09,647 [INFO]    charger_charger_stts      | 신규  1870행 | 누적   3710행 | 15컬럼
2026-05-29 02:30:09,647 [INFO]    cmrcl                     | 신규    82행 | 누적    164행 | 20컬럼
2026-05-29 02:30:09,647 [INFO]    events                    | 신규    12행 | 누적     24행 | 14컬럼
2026-05-29 02:30:09,647 [INFO]    events_event_stts         | 신규   177행 | 누적    354행 | 14컬럼
2026-05-29 02:30:09,647 [INFO]    parking                   | 신규     6행 | 누적     12행 | 21컬럼
2026-05-29 02:30:09,647 [INFO]    parking_prk_stts          | 신규  1835행 | 누적   3670행 | 21컬럼
2026-05-29 02:30:09,647 [INFO]    ppltn                     | 신규   121행 | 누적    242행 | 26컬럼
2026-05-29 02:30:09,647 [INFO]    road                      | 신규   121행 | 누적    242행 | 21컬럼
2026-05-29 02:30:09,647 [INFO]    road_road_traffic_stts    | 신규  5253행 | 누적  10506행 | 17컬럼
2026-05-29 02:30:09,647 [INFO]    subway                    | 신규    38행 | 누적     76행 | 12컬럼
2026-05-29 02:30:09,647 [INFO]    subway_sub_stts           | 신규   183행 | 누적    366행 | 13컬럼
2026-05-29 02:30:09,647 [INFO]    weather                   | 신규   119행 | 누적    238행 | 29컬럼
2026-05-29 02:30:09,647 [INFO] 키별 사용량:
2026-05-29 02:30:09,647 [INFO]    🟢 KEY_1 (31/1000) 
2026-05-29 02:30:09,648 [INFO]    🟢 KEY_2 (30/1000) 
2026-05-29 02:30:09,648 [INFO]    🟢 KEY_3 (30/1000) 
2026-05-29 02:30:09,648 [INFO]    🟢 KEY_4 (30/1000) 
2026-05-29 04:06:54,300 [INFO] 등록된 키: 4개, 합산 한도 4,000건/일
2026-05-29 04:06:54,301 [INFO] POI 로드: 매뉴얼 v8.5 기준 fallback 121개 (121개 전체)
2026-05-29 04:06:54,301 [INFO] === 수집 시작 2026-05-29T04:06:54.301793+09:00 ===
2026-05-29 04:06:54,301 [INFO] 대상 장소: 121개 | API: citydata (통합)
2026-05-29 04:06:54,301 [INFO] 키 풀: 4/4 활성 | 오늘 사용 0/4000건
2026-05-29 04:06:54,302 [INFO]   [KEY_1] 담당 31장소
2026-05-29 04:06:54,302 [INFO]   [KEY_2] 담당 30장소
2026-05-29 04:06:54,302 [INFO]   [KEY_3] 담당 30장소
2026-05-29 04:06:54,302 [INFO]   [KEY_4] 담당 30장소
2026-05-29 04:06:54,302 [INFO] [1/121] 경복궁 (primary=KEY_1)
2026-05-29 04:06:56,399 [INFO] [2/121] 광화문·덕수궁 (primary=KEY_2)
2026-05-29 04:06:57,827 [INFO] [3/121] 보신각 (primary=KEY_3)
2026-05-29 04:06:59,502 [INFO] [4/121] 서울 암사동 유적 (primary=KEY_4)
2026-05-29 04:07:01,042 [INFO] [5/121] 창덕궁·종묘 (primary=KEY_1)
2026-05-29 04:07:02,147 [INFO] [6/121] 강남 MICE 관광특구 (primary=KEY_2)
2026-05-29 04:07:03,392 [INFO] [7/121] 동대문 관광특구 (primary=KEY_3)
2026-05-29 04:07:04,691 [INFO] [8/121] 명동 관광특구 (primary=KEY_4)
2026-05-29 04:07:06,698 [INFO] [9/121] 이태원 관광특구 (primary=KEY_1)
2026-05-29 04:07:08,384 [INFO] [10/121] 잠실 관광특구 (primary=KEY_2)
2026-05-29 04:07:09,862 [INFO] [11/121] 종로·청계 관광특구 (primary=KEY_3)
2026-05-29 04:07:11,201 [INFO] [12/121] 홍대 관광특구 (primary=KEY_4)
2026-05-29 04:07:13,063 [INFO] [13/121] 강서한강공원 (primary=KEY_1)
2026-05-29 04:07:14,030 [INFO] [14/121] 고척돔 (primary=KEY_2)
2026-05-29 04:07:15,545 [INFO] [15/121] 광나루한강공원 (primary=KEY_3)
2026-05-29 04:07:17,454 [INFO] [16/121] 광화문광장 (primary=KEY_4)
2026-05-29 04:07:19,157 [INFO] [17/121] 국립중앙박물관·용산가족공원 (primary=KEY_1)
2026-05-29 04:07:20,679 [INFO] [18/121] 난지한강공원 (primary=KEY_2)
2026-05-29 04:07:21,648 [INFO] [19/121] 남산공원 (primary=KEY_3)
2026-05-29 04:07:22,943 [INFO] [20/121] 노들섬 (primary=KEY_4)
2026-05-29 04:07:23,919 [INFO] [21/121] 뚝섬한강공원 (primary=KEY_1)
2026-05-29 04:07:24,909 [INFO] [22/121] 망원한강공원 (primary=KEY_2)
2026-05-29 04:07:26,045 [INFO] [23/121] 반포한강공원 (primary=KEY_3)
2026-05-29 04:07:27,059 [INFO] [24/121] 보라매공원 (primary=KEY_4)
2026-05-29 04:07:28,061 [INFO] [25/121] 북서울꿈의숲 (primary=KEY_1)
2026-05-29 04:07:29,175 [INFO] [26/121] 서대문독립공원 (primary=KEY_2)
2026-05-29 04:07:30,175 [INFO] [27/121] 서리풀공원·몽마르뜨공원 (primary=KEY_3)
2026-05-29 04:07:31,731 [INFO] [28/121] 서울대공원 (primary=KEY_4)
2026-05-29 04:07:33,226 [INFO] [29/121] 서울숲공원 (primary=KEY_1)
2026-05-29 04:07:34,355 [INFO] [30/121] 송현녹지광장 (primary=KEY_2)
2026-05-29 04:07:35,468 [INFO] [31/121] 아차산 (primary=KEY_3)
2026-05-29 04:07:36,443 [INFO] [32/121] 안양천 (primary=KEY_4)
2026-05-29 04:07:37,428 [INFO] [33/121] 양화한강공원 (primary=KEY_1)
2026-05-29 04:07:38,389 [INFO] [34/121] 어린이대공원 (primary=KEY_2)
2026-05-29 04:07:39,511 [INFO] [35/121] 여의도한강공원 (primary=KEY_3)
2026-05-29 04:07:40,623 [INFO] [36/121] 여의서로 (primary=KEY_4)
2026-05-29 04:07:41,729 [INFO] [37/121] 올림픽공원 (primary=KEY_1)
2026-05-29 04:07:42,877 [INFO] [38/121] 월드컵공원 (primary=KEY_2)
2026-05-29 04:07:44,138 [INFO] [39/121] 응봉산 (primary=KEY_3)
2026-05-29 04:07:45,254 [INFO] [40/121] 이촌한강공원 (primary=KEY_4)
2026-05-29 04:07:46,233 [INFO] [41/121] 잠실종합운동장 (primary=KEY_1)
2026-05-29 04:07:47,219 [INFO] [42/121] 잠실한강공원 (primary=KEY_2)
2026-05-29 04:07:48,201 [INFO] [43/121] 잠원한강공원 (primary=KEY_3)
2026-05-29 04:07:49,181 [INFO] [44/121] 청계산 (primary=KEY_4)
2026-05-29 04:07:50,145 [INFO] [45/121] 홍제폭포 (primary=KEY_1)
2026-05-29 04:07:51,113 [INFO] [46/121] 가락시장 (primary=KEY_2)
2026-05-29 04:07:52,254 [INFO] [47/121] 가로수길 (primary=KEY_3)
2026-05-29 04:07:53,400 [INFO] [48/121] 광장(전통)시장 (primary=KEY_4)
2026-05-29 04:07:54,396 [INFO] [49/121] 김포공항 (primary=KEY_1)
2026-05-29 04:07:56,148 [INFO] [50/121] 남대문시장 (primary=KEY_2)
2026-05-29 04:07:57,254 [INFO] [51/121] 노량진 (primary=KEY_3)
2026-05-29 04:07:58,380 [INFO] [52/121] 덕수궁길·정동길 (primary=KEY_4)
2026-05-29 04:07:59,512 [INFO] [53/121] 북창동 먹자골목 (primary=KEY_1)
2026-05-29 04:08:00,663 [INFO] [54/121] 북촌한옥마을 (primary=KEY_2)
2026-05-29 04:08:01,923 [INFO] [55/121] 서촌 (primary=KEY_3)
2026-05-29 04:08:03,028 [INFO] [56/121] 성수카페거리 (primary=KEY_4)
2026-05-29 04:08:04,286 [INFO] [57/121] 송리단길·호수단길 (primary=KEY_1)
2026-05-29 04:08:05,415 [INFO] [58/121] 신촌 스타광장 (primary=KEY_2)
2026-05-29 04:08:06,407 [INFO] [59/121] 압구정로데오거리 (primary=KEY_3)
2026-05-29 04:08:07,528 [INFO] [60/121] 여의도 (primary=KEY_4)
2026-05-29 04:08:09,293 [INFO] [61/121] 연남동 (primary=KEY_1)
2026-05-29 04:08:10,400 [INFO] [62/121] 영등포 타임스퀘어 (primary=KEY_2)
2026-05-29 04:08:11,516 [INFO] [63/121] 용리단길 (primary=KEY_3)
2026-05-29 04:08:12,524 [INFO] [64/121] 이태원 앤틱가구거리 (primary=KEY_4)
2026-05-29 04:08:13,514 [INFO] [65/121] 익선동 (primary=KEY_1)
2026-05-29 04:08:14,644 [INFO] [66/121] 인사동 (primary=KEY_2)
2026-05-29 04:08:15,770 [INFO] [67/121] 잠실롯데타워·석촌호수 (primary=KEY_3)
2026-05-29 04:08:17,186 [INFO] [68/121] 창동 신경제 중심지 (primary=KEY_4)
2026-05-29 04:08:18,608 [INFO] [69/121] 청담동 명품거리 (primary=KEY_1)
2026-05-29 04:08:19,775 [INFO] [70/121] 청량리 제기동 일대 전통시장 (primary=KEY_2)
2026-05-29 04:08:20,897 [INFO] [71/121] 해방촌·경리단길 (primary=KEY_3)
2026-05-29 04:08:21,876 [INFO] [72/121] DDP(동대문디자인플라자) (primary=KEY_4)
2026-05-29 04:08:23,026 [INFO] [73/121] DMC(디지털미디어시티) (primary=KEY_1)
2026-05-29 04:08:24,468 [INFO] [74/121] 가산디지털단지역 (primary=KEY_2)
2026-05-29 04:08:25,999 [INFO] [75/121] 강남역 (primary=KEY_3)
2026-05-29 04:08:27,294 [INFO] [76/121] 건대입구역 (primary=KEY_4)
2026-05-29 04:08:28,435 [INFO] [77/121] 고덕역 (primary=KEY_1)
2026-05-29 04:08:29,554 [INFO] [78/121] 고속터미널역 (primary=KEY_2)
2026-05-29 04:08:30,702 [INFO] [79/121] 교대역 (primary=KEY_3)
2026-05-29 04:08:31,713 [INFO] [80/121] 구로디지털단지역 (primary=KEY_4)
2026-05-29 04:08:33,098 [INFO] [81/121] 구로역 (primary=KEY_1)
2026-05-29 04:08:34,221 [INFO] [82/121] 군자역 (primary=KEY_2)
2026-05-29 04:08:35,237 [INFO] [83/121] 대림역 (primary=KEY_3)
2026-05-29 04:08:36,351 [INFO] [84/121] 동대문역 (primary=KEY_4)
2026-05-29 04:08:37,503 [INFO] [85/121] 뚝섬역 (primary=KEY_1)
2026-05-29 04:08:38,619 [INFO] [86/121] 미아사거리역 (primary=KEY_2)
2026-05-29 04:08:39,744 [INFO] [87/121] 발산역 (primary=KEY_3)
2026-05-29 04:08:41,165 [INFO] [88/121] 사당역 (primary=KEY_4)
2026-05-29 04:08:42,285 [INFO] [89/121] 삼각지역 (primary=KEY_1)
2026-05-29 04:08:43,290 [INFO] [90/121] 서울대입구역 (primary=KEY_2)
2026-05-29 04:08:44,405 [INFO] [91/121] 서울식물원·마곡나루역 (primary=KEY_3)
2026-05-29 04:08:45,678 [INFO] [92/121] 서울역 (primary=KEY_4)
2026-05-29 04:08:46,839 [INFO] [93/121] 선릉역 (primary=KEY_1)
2026-05-29 04:08:48,262 [INFO] [94/121] 성신여대입구역 (primary=KEY_2)
2026-05-29 04:08:49,263 [INFO] [95/121] 수유역 (primary=KEY_3)
2026-05-29 04:08:50,387 [INFO] [96/121] 숭례문 (primary=KEY_4)
2026-05-29 04:08:51,531 [INFO] [97/121] 시의회 앞 (primary=KEY_1)
2026-05-29 04:08:52,660 [INFO] [98/121] 신논현역·논현역 (primary=KEY_2)
2026-05-29 04:08:53,817 [INFO] [99/121] 신도림역 (primary=KEY_3)
2026-05-29 04:08:54,814 [INFO] [100/121] 신림역 (primary=KEY_4)
2026-05-29 04:08:55,812 [INFO] [101/121] 신정네거리역 (primary=KEY_1)
2026-05-29 04:08:56,934 [INFO] [102/121] 신촌·이대역 (primary=KEY_2)
2026-05-29 04:08:58,077 [INFO] [103/121] 쌍문역 (primary=KEY_3)
2026-05-29 04:08:59,188 [INFO] [104/121] 양재역 (primary=KEY_4)
2026-05-29 04:09:00,338 [INFO] [105/121] 역삼역 (primary=KEY_1)
2026-05-29 04:09:01,606 [INFO] [106/121] 연신내역 (primary=KEY_2)
2026-05-29 04:09:02,623 [INFO] [107/121] 오목교역·목동운동장 (primary=KEY_3)
2026-05-29 04:09:04,164 [INFO] [108/121] 왕십리역 (primary=KEY_4)
2026-05-29 04:09:05,331 [INFO] [109/121] 용산역 (primary=KEY_1)
2026-05-29 04:09:06,609 [INFO] [110/121] 이태원역 (primary=KEY_2)
2026-05-29 04:09:07,671 [INFO] [111/121] 잠실새내역 (primary=KEY_3)
2026-05-29 04:09:08,790 [INFO] [112/121] 잠실역 (primary=KEY_4)
2026-05-29 04:09:10,098 [INFO] [113/121] 장지역 (primary=KEY_1)
2026-05-29 04:09:11,364 [INFO] [114/121] 장한평역 (primary=KEY_2)
2026-05-29 04:09:12,498 [INFO] [115/121] 천호역 (primary=KEY_3)
2026-05-29 04:09:13,625 [INFO] [116/121] 총신대입구(이수)역 (primary=KEY_4)
2026-05-29 04:09:14,750 [INFO] [117/121] 충정로역 (primary=KEY_1)
2026-05-29 04:09:15,897 [INFO] [118/121] 합정역 (primary=KEY_2)
2026-05-29 04:09:17,090 [INFO] [119/121] 혜화역 (primary=KEY_3)
2026-05-29 04:09:18,212 [INFO] [120/121] 홍대입구역(2호선) (primary=KEY_4)
2026-05-29 04:09:19,375 [INFO] [121/121] 회기역 (primary=KEY_1)
2026-05-29 04:09:21,432 [INFO] === 수집 완료 | 성공 121, 실패 0 ===
2026-05-29 04:09:21,432 [INFO] 카테고리별 저장 결과:
2026-05-29 04:09:21,432 [INFO]    accident                  | 신규     2행 | 누적      6행 | 16컬럼
2026-05-29 04:09:21,432 [INFO]    area_meta                 | 신규   121행 | 누적    363행 | 5컬럼
2026-05-29 04:09:21,433 [INFO]    bike                      | 신규    10행 | 누적     30행 | 12컬럼
2026-05-29 04:09:21,433 [INFO]    bike_sbike_stts           | 신규   556행 | 누적   1668행 | 12컬럼
2026-05-29 04:09:21,433 [INFO]    bus                       | 신규     3행 | 누적      9행 | 11컬럼
2026-05-29 04:09:21,433 [INFO]    bus_bus_stn_stts          | 신규  1745행 | 누적   5235행 | 11컬럼
2026-05-29 04:09:21,433 [INFO]    charger                   | 신규     4행 | 누적     12행 | 15컬럼
2026-05-29 04:09:21,433 [INFO]    charger_charger_stts      | 신규  1870행 | 누적   5565행 | 15컬럼
2026-05-29 04:09:21,433 [INFO]    cmrcl                     | 신규    82행 | 누적    246행 | 20컬럼
2026-05-29 04:09:21,433 [INFO]    events                    | 신규    12행 | 누적     36행 | 14컬럼
2026-05-29 04:09:21,433 [INFO]    events_event_stts         | 신규   177행 | 누적    531행 | 14컬럼
2026-05-29 04:09:21,433 [INFO]    parking                   | 신규     6행 | 누적     18행 | 21컬럼
2026-05-29 04:09:21,433 [INFO]    parking_prk_stts          | 신규  1835행 | 누적   5505행 | 21컬럼
2026-05-29 04:09:21,433 [INFO]    ppltn                     | 신규   120행 | 누적    362행 | 26컬럼
2026-05-29 04:09:21,433 [INFO]    road                      | 신규   121행 | 누적    363행 | 21컬럼
2026-05-29 04:09:21,434 [INFO]    road_road_traffic_stts    | 신규  5253행 | 누적  15759행 | 17컬럼
2026-05-29 04:09:21,434 [INFO]    subway                    | 신규    38행 | 누적    114행 | 12컬럼
2026-05-29 04:09:21,434 [INFO]    subway_sub_stts           | 신규   183행 | 누적    549행 | 13컬럼
2026-05-29 04:09:21,434 [INFO]    weather                   | 신규   119행 | 누적    357행 | 29컬럼
2026-05-29 04:09:21,434 [INFO] 키별 사용량:
2026-05-29 04:09:21,434 [INFO]    🟢 KEY_1 (31/1000) 
2026-05-29 04:09:21,434 [INFO]    🟢 KEY_2 (30/1000) 
2026-05-29 04:09:21,434 [INFO]    🟢 KEY_3 (30/1000) 
2026-05-29 04:09:21,434 [INFO]    🟢 KEY_4 (30/1000) 
2026-05-29 05:57:02,697 [INFO] 등록된 키: 4개, 합산 한도 4,000건/일
2026-05-29 05:57:02,698 [INFO] POI 로드: 매뉴얼 v8.5 기준 fallback 121개 (121개 전체)
2026-05-29 05:57:02,698 [INFO] === 수집 시작 2026-05-29T05:57:02.698329+09:00 ===
2026-05-29 05:57:02,698 [INFO] 대상 장소: 121개 | API: citydata (통합)
2026-05-29 05:57:02,698 [INFO] 키 풀: 4/4 활성 | 오늘 사용 0/4000건
2026-05-29 05:57:02,698 [INFO]   [KEY_1] 담당 31장소
2026-05-29 05:57:02,698 [INFO]   [KEY_2] 담당 30장소
2026-05-29 05:57:02,698 [INFO]   [KEY_3] 담당 30장소
2026-05-29 05:57:02,698 [INFO]   [KEY_4] 담당 30장소
2026-05-29 05:57:02,698 [INFO] [1/121] 경복궁 (primary=KEY_1)
2026-05-29 05:57:04,405 [INFO] [2/121] 광화문·덕수궁 (primary=KEY_2)
2026-05-29 05:57:05,981 [INFO] [3/121] 보신각 (primary=KEY_3)
2026-05-29 05:57:07,669 [INFO] [4/121] 서울 암사동 유적 (primary=KEY_4)
2026-05-29 05:57:09,665 [INFO] [5/121] 창덕궁·종묘 (primary=KEY_1)
2026-05-29 05:57:11,363 [INFO] [6/121] 강남 MICE 관광특구 (primary=KEY_2)
2026-05-29 05:57:13,100 [INFO] [7/121] 동대문 관광특구 (primary=KEY_3)
2026-05-29 05:57:14,436 [INFO] [8/121] 명동 관광특구 (primary=KEY_4)
2026-05-29 05:57:17,049 [INFO] [9/121] 이태원 관광특구 (primary=KEY_1)
2026-05-29 05:57:18,193 [INFO] [10/121] 잠실 관광특구 (primary=KEY_2)
2026-05-29 05:57:20,231 [INFO] [11/121] 종로·청계 관광특구 (primary=KEY_3)
2026-05-29 05:57:21,549 [INFO] [12/121] 홍대 관광특구 (primary=KEY_4)
2026-05-29 05:57:22,869 [INFO] [13/121] 강서한강공원 (primary=KEY_1)
2026-05-29 05:57:23,846 [INFO] [14/121] 고척돔 (primary=KEY_2)
2026-05-29 05:57:24,837 [INFO] [15/121] 광나루한강공원 (primary=KEY_3)
2026-05-29 05:57:26,492 [INFO] [16/121] 광화문광장 (primary=KEY_4)
2026-05-29 05:57:27,645 [INFO] [17/121] 국립중앙박물관·용산가족공원 (primary=KEY_1)
2026-05-29 05:57:29,212 [INFO] [18/121] 난지한강공원 (primary=KEY_2)
2026-05-29 05:57:30,197 [INFO] [19/121] 남산공원 (primary=KEY_3)
2026-05-29 05:57:31,485 [INFO] [20/121] 노들섬 (primary=KEY_4)
2026-05-29 05:57:32,468 [INFO] [21/121] 뚝섬한강공원 (primary=KEY_1)
2026-05-29 05:57:33,458 [INFO] [22/121] 망원한강공원 (primary=KEY_2)
2026-05-29 05:57:34,590 [INFO] [23/121] 반포한강공원 (primary=KEY_3)
2026-05-29 05:57:35,602 [INFO] [24/121] 보라매공원 (primary=KEY_4)
2026-05-29 05:57:36,610 [INFO] [25/121] 북서울꿈의숲 (primary=KEY_1)
2026-05-29 05:57:37,759 [INFO] [26/121] 서대문독립공원 (primary=KEY_2)
2026-05-29 05:57:38,763 [INFO] [27/121] 서리풀공원·몽마르뜨공원 (primary=KEY_3)
2026-05-29 05:57:39,941 [INFO] [28/121] 서울대공원 (primary=KEY_4)
2026-05-29 05:57:40,913 [INFO] [29/121] 서울숲공원 (primary=KEY_1)
2026-05-29 05:57:42,071 [INFO] [30/121] 송현녹지광장 (primary=KEY_2)
2026-05-29 05:57:43,202 [INFO] [31/121] 아차산 (primary=KEY_3)
2026-05-29 05:57:44,199 [INFO] [32/121] 안양천 (primary=KEY_4)
2026-05-29 05:57:45,738 [INFO] [33/121] 양화한강공원 (primary=KEY_1)
2026-05-29 05:57:46,720 [INFO] [34/121] 어린이대공원 (primary=KEY_2)
2026-05-29 05:57:47,872 [INFO] [35/121] 여의도한강공원 (primary=KEY_3)
2026-05-29 05:57:49,014 [INFO] [36/121] 여의서로 (primary=KEY_4)
2026-05-29 05:57:50,143 [INFO] [37/121] 올림픽공원 (primary=KEY_1)
2026-05-29 05:57:51,451 [INFO] [38/121] 월드컵공원 (primary=KEY_2)
2026-05-29 05:57:52,748 [INFO] [39/121] 응봉산 (primary=KEY_3)
2026-05-29 05:57:53,873 [INFO] [40/121] 이촌한강공원 (primary=KEY_4)
2026-05-29 05:57:54,865 [INFO] [41/121] 잠실종합운동장 (primary=KEY_1)
2026-05-29 05:57:55,861 [INFO] [42/121] 잠실한강공원 (primary=KEY_2)
2026-05-29 05:57:56,862 [INFO] [43/121] 잠원한강공원 (primary=KEY_3)
2026-05-29 05:57:57,842 [INFO] [44/121] 청계산 (primary=KEY_4)
2026-05-29 05:57:58,822 [INFO] [45/121] 홍제폭포 (primary=KEY_1)
2026-05-29 05:57:59,820 [INFO] [46/121] 가락시장 (primary=KEY_2)
2026-05-29 05:58:00,994 [INFO] [47/121] 가로수길 (primary=KEY_3)
2026-05-29 05:58:02,153 [INFO] [48/121] 광장(전통)시장 (primary=KEY_4)
2026-05-29 05:58:03,165 [INFO] [49/121] 김포공항 (primary=KEY_1)
2026-05-29 05:58:04,479 [INFO] [50/121] 남대문시장 (primary=KEY_2)
2026-05-29 05:58:05,623 [INFO] [51/121] 노량진 (primary=KEY_3)
2026-05-29 05:58:06,752 [INFO] [52/121] 덕수궁길·정동길 (primary=KEY_4)
2026-05-29 05:58:07,934 [INFO] [53/121] 북창동 먹자골목 (primary=KEY_1)
2026-05-29 05:58:09,102 [INFO] [54/121] 북촌한옥마을 (primary=KEY_2)
2026-05-29 05:58:10,368 [INFO] [55/121] 서촌 (primary=KEY_3)
2026-05-29 05:58:11,498 [INFO] [56/121] 성수카페거리 (primary=KEY_4)
2026-05-29 05:58:12,799 [INFO] [57/121] 송리단길·호수단길 (primary=KEY_1)
2026-05-29 05:58:13,972 [INFO] [58/121] 신촌 스타광장 (primary=KEY_2)
2026-05-29 05:58:14,977 [INFO] [59/121] 압구정로데오거리 (primary=KEY_3)
2026-05-29 05:58:16,131 [INFO] [60/121] 여의도 (primary=KEY_4)
2026-05-29 05:58:17,958 [INFO] [61/121] 연남동 (primary=KEY_1)
2026-05-29 05:58:19,093 [INFO] [62/121] 영등포 타임스퀘어 (primary=KEY_2)
2026-05-29 05:58:20,215 [INFO] [63/121] 용리단길 (primary=KEY_3)
2026-05-29 05:58:21,232 [INFO] [64/121] 이태원 앤틱가구거리 (primary=KEY_4)
2026-05-29 05:58:22,362 [INFO] [65/121] 익선동 (primary=KEY_1)
2026-05-29 05:58:23,510 [INFO] [66/121] 인사동 (primary=KEY_2)
2026-05-29 05:58:24,796 [INFO] [67/121] 잠실롯데타워·석촌호수 (primary=KEY_3)
2026-05-29 05:58:26,227 [INFO] [68/121] 창동 신경제 중심지 (primary=KEY_4)
2026-05-29 05:58:27,683 [INFO] [69/121] 청담동 명품거리 (primary=KEY_1)
2026-05-29 05:58:28,861 [INFO] [70/121] 청량리 제기동 일대 전통시장 (primary=KEY_2)
2026-05-29 05:58:30,002 [INFO] [71/121] 해방촌·경리단길 (primary=KEY_3)
2026-05-29 05:58:30,989 [INFO] [72/121] DDP(동대문디자인플라자) (primary=KEY_4)
2026-05-29 05:58:32,187 [INFO] [73/121] DMC(디지털미디어시티) (primary=KEY_1)
2026-05-29 05:58:33,635 [INFO] [74/121] 가산디지털단지역 (primary=KEY_2)
2026-05-29 05:58:35,198 [INFO] [75/121] 강남역 (primary=KEY_3)
2026-05-29 05:58:36,526 [INFO] [76/121] 건대입구역 (primary=KEY_4)
2026-05-29 05:58:37,713 [INFO] [77/121] 고덕역 (primary=KEY_1)
2026-05-29 05:58:38,854 [INFO] [78/121] 고속터미널역 (primary=KEY_2)
2026-05-29 05:58:40,017 [INFO] [79/121] 교대역 (primary=KEY_3)
2026-05-29 05:58:41,189 [INFO] [80/121] 구로디지털단지역 (primary=KEY_4)
2026-05-29 05:58:42,599 [INFO] [81/121] 구로역 (primary=KEY_1)
2026-05-29 05:58:43,744 [INFO] [82/121] 군자역 (primary=KEY_2)
2026-05-29 05:58:44,885 [INFO] [83/121] 대림역 (primary=KEY_3)
2026-05-29 05:58:46,047 [INFO] [84/121] 동대문역 (primary=KEY_4)
2026-05-29 05:58:47,206 [INFO] [85/121] 뚝섬역 (primary=KEY_1)
2026-05-29 05:58:48,361 [INFO] [86/121] 미아사거리역 (primary=KEY_2)
2026-05-29 05:58:49,516 [INFO] [87/121] 발산역 (primary=KEY_3)
2026-05-29 05:58:50,817 [INFO] [88/121] 사당역 (primary=KEY_4)
2026-05-29 05:58:51,962 [INFO] [89/121] 삼각지역 (primary=KEY_1)
2026-05-29 05:58:52,984 [INFO] [90/121] 서울대입구역 (primary=KEY_2)
2026-05-29 05:58:54,126 [INFO] [91/121] 서울식물원·마곡나루역 (primary=KEY_3)
2026-05-29 05:58:55,415 [INFO] [92/121] 서울역 (primary=KEY_4)
2026-05-29 05:58:56,744 [INFO] [93/121] 선릉역 (primary=KEY_1)
2026-05-29 05:58:58,171 [INFO] [94/121] 성신여대입구역 (primary=KEY_2)
2026-05-29 05:58:59,201 [INFO] [95/121] 수유역 (primary=KEY_3)
2026-05-29 05:59:00,338 [INFO] [96/121] 숭례문 (primary=KEY_4)
2026-05-29 05:59:01,509 [INFO] [97/121] 시의회 앞 (primary=KEY_1)
2026-05-29 05:59:02,649 [INFO] [98/121] 신논현역·논현역 (primary=KEY_2)
2026-05-29 05:59:03,827 [INFO] [99/121] 신도림역 (primary=KEY_3)
2026-05-29 05:59:04,828 [INFO] [100/121] 신림역 (primary=KEY_4)
2026-05-29 05:59:05,958 [INFO] [101/121] 신정네거리역 (primary=KEY_1)
2026-05-29 05:59:07,124 [INFO] [102/121] 신촌·이대역 (primary=KEY_2)
2026-05-29 05:59:08,332 [INFO] [103/121] 쌍문역 (primary=KEY_3)
2026-05-29 05:59:09,482 [INFO] [104/121] 양재역 (primary=KEY_4)
2026-05-29 05:59:10,638 [INFO] [105/121] 역삼역 (primary=KEY_1)
2026-05-29 05:59:11,933 [INFO] [106/121] 연신내역 (primary=KEY_2)
2026-05-29 05:59:12,948 [INFO] [107/121] 오목교역·목동운동장 (primary=KEY_3)
2026-05-29 05:59:14,500 [INFO] [108/121] 왕십리역 (primary=KEY_4)
2026-05-29 05:59:15,825 [INFO] [109/121] 용산역 (primary=KEY_1)
2026-05-29 05:59:17,119 [INFO] [110/121] 이태원역 (primary=KEY_2)
2026-05-29 05:59:18,186 [INFO] [111/121] 잠실새내역 (primary=KEY_3)
2026-05-29 05:59:19,347 [INFO] [112/121] 잠실역 (primary=KEY_4)
2026-05-29 05:59:20,642 [INFO] [113/121] 장지역 (primary=KEY_1)
2026-05-29 05:59:21,941 [INFO] [114/121] 장한평역 (primary=KEY_2)
2026-05-29 05:59:23,089 [INFO] [115/121] 천호역 (primary=KEY_3)
2026-05-29 05:59:24,267 [INFO] [116/121] 총신대입구(이수)역 (primary=KEY_4)
2026-05-29 05:59:25,437 [INFO] [117/121] 충정로역 (primary=KEY_1)
2026-05-29 05:59:26,631 [INFO] [118/121] 합정역 (primary=KEY_2)
2026-05-29 05:59:27,779 [INFO] [119/121] 혜화역 (primary=KEY_3)
2026-05-29 05:59:28,920 [INFO] [120/121] 홍대입구역(2호선) (primary=KEY_4)
2026-05-29 05:59:30,082 [INFO] [121/121] 회기역 (primary=KEY_1)
2026-05-29 05:59:32,188 [INFO] === 수집 완료 | 성공 121, 실패 0 ===
2026-05-29 05:59:32,189 [INFO] 카테고리별 저장 결과:
2026-05-29 05:59:32,189 [INFO]    accident                  | 신규     1행 | 누적      7행 | 16컬럼
2026-05-29 05:59:32,189 [INFO]    area_meta                 | 신규   121행 | 누적    484행 | 5컬럼
2026-05-29 05:59:32,189 [INFO]    bike                      | 신규    10행 | 누적     40행 | 12컬럼
2026-05-29 05:59:32,189 [INFO]    bike_sbike_stts           | 신규   556행 | 누적   2224행 | 12컬럼
2026-05-29 05:59:32,189 [INFO]    bus                       | 신규     3행 | 누적     12행 | 11컬럼
2026-05-29 05:59:32,189 [INFO]    bus_bus_stn_stts          | 신규  1745행 | 누적   6980행 | 11컬럼
2026-05-29 05:59:32,189 [INFO]    charger                   | 신규     4행 | 누적     16행 | 15컬럼
2026-05-29 05:59:32,189 [INFO]    charger_charger_stts      | 신규  1870행 | 누적   7420행 | 15컬럼
2026-05-29 05:59:32,189 [INFO]    cmrcl                     | 신규    82행 | 누적    328행 | 20컬럼
2026-05-29 05:59:32,189 [INFO]    events                    | 신규    13행 | 누적     49행 | 14컬럼
2026-05-29 05:59:32,189 [INFO]    events_event_stts         | 신규   174행 | 누적    705행 | 14컬럼
2026-05-29 05:59:32,189 [INFO]    parking                   | 신규     6행 | 누적     24행 | 21컬럼
2026-05-29 05:59:32,189 [INFO]    parking_prk_stts          | 신규  1835행 | 누적   7340행 | 21컬럼
2026-05-29 05:59:32,189 [INFO]    ppltn                     | 신규   121행 | 누적    483행 | 26컬럼
2026-05-29 05:59:32,189 [INFO]    road                      | 신규   121행 | 누적    484행 | 21컬럼
2026-05-29 05:59:32,189 [INFO]    road_road_traffic_stts    | 신규  5253행 | 누적  21012행 | 17컬럼
2026-05-29 05:59:32,189 [INFO]    subway                    | 신규    38행 | 누적    152행 | 12컬럼
2026-05-29 05:59:32,189 [INFO]    subway_sub_stts           | 신규   183행 | 누적    732행 | 13컬럼
2026-05-29 05:59:32,189 [INFO]    weather                   | 신규   119행 | 누적    476행 | 29컬럼
2026-05-29 05:59:32,189 [INFO] 키별 사용량:
2026-05-29 05:59:32,189 [INFO]    🟢 KEY_1 (31/1000) 
2026-05-29 05:59:32,189 [INFO]    🟢 KEY_2 (30/1000) 
2026-05-29 05:59:32,189 [INFO]    🟢 KEY_3 (30/1000) 
2026-05-29 05:59:32,189 [INFO]    🟢 KEY_4 (30/1000) 
2026-05-29 06:46:37,496 [INFO] 등록된 키: 4개, 합산 한도 4,000건/일
2026-05-29 06:46:37,497 [INFO] POI 로드: 매뉴얼 v8.5 기준 fallback 121개 (121개 전체)
2026-05-29 06:46:37,497 [INFO] === 수집 시작 2026-05-29T06:46:37.497332+09:00 ===
2026-05-29 06:46:37,497 [INFO] 대상 장소: 121개 | API: citydata (통합)
2026-05-29 06:46:37,497 [INFO] 키 풀: 4/4 활성 | 오늘 사용 0/4000건
2026-05-29 06:46:37,497 [INFO]   [KEY_1] 담당 31장소
2026-05-29 06:46:37,497 [INFO]   [KEY_2] 담당 30장소
2026-05-29 06:46:37,497 [INFO]   [KEY_3] 담당 30장소
2026-05-29 06:46:37,497 [INFO]   [KEY_4] 담당 30장소
2026-05-29 06:46:37,497 [INFO] [1/121] 경복궁 (primary=KEY_1)
2026-05-29 06:46:39,644 [INFO] [2/121] 광화문·덕수궁 (primary=KEY_2)
2026-05-29 06:46:41,993 [INFO] [3/121] 보신각 (primary=KEY_3)
2026-05-29 06:46:44,133 [INFO] [4/121] 서울 암사동 유적 (primary=KEY_4)
2026-05-29 06:46:46,051 [INFO] [5/121] 창덕궁·종묘 (primary=KEY_1)
2026-05-29 06:46:48,153 [INFO] [6/121] 강남 MICE 관광특구 (primary=KEY_2)
2026-05-29 06:46:49,556 [INFO] [7/121] 동대문 관광특구 (primary=KEY_3)
2026-05-29 06:46:51,714 [INFO] [8/121] 명동 관광특구 (primary=KEY_4)
2026-05-29 06:46:54,308 [INFO] [9/121] 이태원 관광특구 (primary=KEY_1)
2026-05-29 06:46:55,876 [INFO] [10/121] 잠실 관광특구 (primary=KEY_2)
2026-05-29 06:46:58,638 [INFO] [11/121] 종로·청계 관광특구 (primary=KEY_3)
2026-05-29 06:47:01,004 [INFO] [12/121] 홍대 관광특구 (primary=KEY_4)
2026-05-29 06:47:02,602 [INFO] [13/121] 강서한강공원 (primary=KEY_1)
2026-05-29 06:47:04,498 [INFO] [14/121] 고척돔 (primary=KEY_2)
2026-05-29 06:47:06,214 [INFO] [15/121] 광나루한강공원 (primary=KEY_3)
2026-05-29 06:47:07,547 [INFO] [16/121] 광화문광장 (primary=KEY_4)
2026-05-29 06:47:09,503 [INFO] [17/121] 국립중앙박물관·용산가족공원 (primary=KEY_1)
2026-05-29 06:47:11,245 [INFO] [18/121] 난지한강공원 (primary=KEY_2)
2026-05-29 06:47:12,387 [INFO] [19/121] 남산공원 (primary=KEY_3)
2026-05-29 06:47:13,958 [INFO] [20/121] 노들섬 (primary=KEY_4)
2026-05-29 06:47:15,163 [INFO] [21/121] 뚝섬한강공원 (primary=KEY_1)
2026-05-29 06:47:16,307 [INFO] [22/121] 망원한강공원 (primary=KEY_2)
2026-05-29 06:47:17,668 [INFO] [23/121] 반포한강공원 (primary=KEY_3)
2026-05-29 06:47:19,587 [INFO] [24/121] 보라매공원 (primary=KEY_4)
2026-05-29 06:47:20,733 [INFO] [25/121] 북서울꿈의숲 (primary=KEY_1)
2026-05-29 06:47:22,067 [INFO] [26/121] 서대문독립공원 (primary=KEY_2)
2026-05-29 06:47:23,993 [INFO] [27/121] 서리풀공원·몽마르뜨공원 (primary=KEY_3)
2026-05-29 06:47:25,412 [INFO] [28/121] 서울대공원 (primary=KEY_4)
2026-05-29 06:47:26,555 [INFO] [29/121] 서울숲공원 (primary=KEY_1)
2026-05-29 06:47:28,671 [INFO] [30/121] 송현녹지광장 (primary=KEY_2)
2026-05-29 06:47:30,015 [INFO] [31/121] 아차산 (primary=KEY_3)
2026-05-29 06:47:31,152 [INFO] [32/121] 안양천 (primary=KEY_4)
2026-05-29 06:47:32,297 [INFO] [33/121] 양화한강공원 (primary=KEY_1)
2026-05-29 06:47:34,015 [INFO] [34/121] 어린이대공원 (primary=KEY_2)
2026-05-29 06:47:35,369 [INFO] [35/121] 여의도한강공원 (primary=KEY_3)
2026-05-29 06:47:36,707 [INFO] [36/121] 여의서로 (primary=KEY_4)
2026-05-29 06:47:38,028 [INFO] [37/121] 올림픽공원 (primary=KEY_1)
2026-05-29 06:47:40,174 [INFO] [38/121] 월드컵공원 (primary=KEY_2)
2026-05-29 06:47:41,740 [INFO] [39/121] 응봉산 (primary=KEY_3)
2026-05-29 06:47:43,067 [INFO] [40/121] 이촌한강공원 (primary=KEY_4)
2026-05-29 06:47:44,199 [INFO] [41/121] 잠실종합운동장 (primary=KEY_1)
2026-05-29 06:47:45,353 [INFO] [42/121] 잠실한강공원 (primary=KEY_2)
2026-05-29 06:47:46,502 [INFO] [43/121] 잠원한강공원 (primary=KEY_3)
2026-05-29 06:47:48,205 [INFO] [44/121] 청계산 (primary=KEY_4)
2026-05-29 06:47:50,101 [INFO] [45/121] 홍제폭포 (primary=KEY_1)
2026-05-29 06:47:51,242 [INFO] [46/121] 가락시장 (primary=KEY_2)
2026-05-29 06:47:52,607 [INFO] [47/121] 가로수길 (primary=KEY_3)
2026-05-29 06:47:54,017 [INFO] [48/121] 광장(전통)시장 (primary=KEY_4)
2026-05-29 06:47:55,942 [INFO] [49/121] 김포공항 (primary=KEY_1)
2026-05-29 06:47:57,524 [INFO] [50/121] 남대문시장 (primary=KEY_2)
2026-05-29 06:47:58,874 [INFO] [51/121] 노량진 (primary=KEY_3)
2026-05-29 06:48:00,224 [INFO] [52/121] 덕수궁길·정동길 (primary=KEY_4)
2026-05-29 06:48:01,606 [INFO] [53/121] 북창동 먹자골목 (primary=KEY_1)
2026-05-29 06:48:02,949 [INFO] [54/121] 북촌한옥마을 (primary=KEY_2)
2026-05-29 06:48:04,496 [INFO] [55/121] 서촌 (primary=KEY_3)
2026-05-29 06:48:05,829 [INFO] [56/121] 성수카페거리 (primary=KEY_4)
2026-05-29 06:48:07,425 [INFO] [57/121] 송리단길·호수단길 (primary=KEY_1)
2026-05-29 06:48:08,829 [INFO] [58/121] 신촌 스타광장 (primary=KEY_2)
2026-05-29 06:48:09,995 [INFO] [59/121] 압구정로데오거리 (primary=KEY_3)
2026-05-29 06:48:11,365 [INFO] [60/121] 여의도 (primary=KEY_4)
2026-05-29 06:48:13,574 [INFO] [61/121] 연남동 (primary=KEY_1)
2026-05-29 06:48:14,907 [INFO] [62/121] 영등포 타임스퀘어 (primary=KEY_2)
2026-05-29 06:48:16,248 [INFO] [63/121] 용리단길 (primary=KEY_3)
2026-05-29 06:48:17,448 [INFO] [64/121] 이태원 앤틱가구거리 (primary=KEY_4)
2026-05-29 06:48:18,791 [INFO] [65/121] 익선동 (primary=KEY_1)
2026-05-29 06:48:20,172 [INFO] [66/121] 인사동 (primary=KEY_2)
2026-05-29 06:48:22,506 [INFO] [67/121] 잠실롯데타워·석촌호수 (primary=KEY_3)
2026-05-29 06:48:24,261 [INFO] [68/121] 창동 신경제 중심지 (primary=KEY_4)
2026-05-29 06:48:26,062 [INFO] [69/121] 청담동 명품거리 (primary=KEY_1)
2026-05-29 06:48:27,484 [INFO] [70/121] 청량리 제기동 일대 전통시장 (primary=KEY_2)
2026-05-29 06:48:28,855 [INFO] [71/121] 해방촌·경리단길 (primary=KEY_3)
2026-05-29 06:48:30,009 [INFO] [72/121] DDP(동대문디자인플라자) (primary=KEY_4)
2026-05-29 06:48:31,446 [INFO] [73/121] DMC(디지털미디어시티) (primary=KEY_1)
2026-05-29 06:48:33,279 [INFO] [74/121] 가산디지털단지역 (primary=KEY_2)
2026-05-29 06:48:35,243 [INFO] [75/121] 강남역 (primary=KEY_3)
2026-05-29 06:48:36,835 [INFO] [76/121] 건대입구역 (primary=KEY_4)
2026-05-29 06:48:38,952 [INFO] [77/121] 고덕역 (primary=KEY_1)
2026-05-29 06:48:40,301 [INFO] [78/121] 고속터미널역 (primary=KEY_2)
2026-05-29 06:48:41,678 [INFO] [79/121] 교대역 (primary=KEY_3)
2026-05-29 06:48:43,050 [INFO] [80/121] 구로디지털단지역 (primary=KEY_4)
2026-05-29 06:48:44,661 [INFO] [81/121] 구로역 (primary=KEY_1)
2026-05-29 06:48:46,003 [INFO] [82/121] 군자역 (primary=KEY_2)
2026-05-29 06:48:47,352 [INFO] [83/121] 대림역 (primary=KEY_3)
2026-05-29 06:48:48,724 [INFO] [84/121] 동대문역 (primary=KEY_4)
2026-05-29 06:48:50,093 [INFO] [85/121] 뚝섬역 (primary=KEY_1)
2026-05-29 06:48:51,444 [INFO] [86/121] 미아사거리역 (primary=KEY_2)
2026-05-29 06:48:52,786 [INFO] [87/121] 발산역 (primary=KEY_3)
2026-05-29 06:48:54,360 [INFO] [88/121] 사당역 (primary=KEY_4)
2026-05-29 06:48:55,716 [INFO] [89/121] 삼각지역 (primary=KEY_1)
2026-05-29 06:48:56,885 [INFO] [90/121] 서울대입구역 (primary=KEY_2)
2026-05-29 06:48:58,237 [INFO] [91/121] 서울식물원·마곡나루역 (primary=KEY_3)
2026-05-29 06:48:59,777 [INFO] [92/121] 서울역 (primary=KEY_4)
2026-05-29 06:49:01,389 [INFO] [93/121] 선릉역 (primary=KEY_1)
2026-05-29 06:49:03,178 [INFO] [94/121] 성신여대입구역 (primary=KEY_2)
2026-05-29 06:49:04,359 [INFO] [95/121] 수유역 (primary=KEY_3)
2026-05-29 06:49:05,723 [INFO] [96/121] 숭례문 (primary=KEY_4)
2026-05-29 06:49:07,146 [INFO] [97/121] 시의회 앞 (primary=KEY_1)
2026-05-29 06:49:08,532 [INFO] [98/121] 신논현역·논현역 (primary=KEY_2)
2026-05-29 06:49:09,933 [INFO] [99/121] 신도림역 (primary=KEY_3)
2026-05-29 06:49:11,097 [INFO] [100/121] 신림역 (primary=KEY_4)
2026-05-29 06:49:12,447 [INFO] [101/121] 신정네거리역 (primary=KEY_1)
2026-05-29 06:49:13,787 [INFO] [102/121] 신촌·이대역 (primary=KEY_2)
2026-05-29 06:49:15,137 [INFO] [103/121] 쌍문역 (primary=KEY_3)
2026-05-29 06:49:17,063 [INFO] [104/121] 양재역 (primary=KEY_4)
2026-05-29 06:49:18,416 [INFO] [105/121] 역삼역 (primary=KEY_1)
2026-05-29 06:49:19,986 [INFO] [106/121] 연신내역 (primary=KEY_2)
2026-05-29 06:49:21,173 [INFO] [107/121] 오목교역·목동운동장 (primary=KEY_3)
2026-05-29 06:49:23,136 [INFO] [108/121] 왕십리역 (primary=KEY_4)
2026-05-29 06:49:24,711 [INFO] [109/121] 용산역 (primary=KEY_1)
2026-05-29 06:49:26,290 [INFO] [110/121] 이태원역 (primary=KEY_2)
2026-05-29 06:49:27,535 [INFO] [111/121] 잠실새내역 (primary=KEY_3)
2026-05-29 06:49:28,894 [INFO] [112/121] 잠실역 (primary=KEY_4)
2026-05-29 06:49:30,447 [INFO] [113/121] 장지역 (primary=KEY_1)
2026-05-29 06:49:32,003 [INFO] [114/121] 장한평역 (primary=KEY_2)
2026-05-29 06:49:33,362 [INFO] [115/121] 천호역 (primary=KEY_3)
2026-05-29 06:49:34,746 [INFO] [116/121] 총신대입구(이수)역 (primary=KEY_4)
2026-05-29 06:49:36,113 [INFO] [117/121] 충정로역 (primary=KEY_1)
2026-05-29 06:49:37,488 [INFO] [118/121] 합정역 (primary=KEY_2)
2026-05-29 06:49:38,859 [INFO] [119/121] 혜화역 (primary=KEY_3)
2026-05-29 06:49:40,197 [INFO] [120/121] 홍대입구역(2호선) (primary=KEY_4)
2026-05-29 06:49:41,571 [INFO] [121/121] 회기역 (primary=KEY_1)
2026-05-29 06:49:44,077 [INFO] === 수집 완료 | 성공 121, 실패 0 ===
2026-05-29 06:49:44,077 [INFO] 카테고리별 저장 결과:
2026-05-29 06:49:44,077 [INFO]    accident                  | 신규     1행 | 누적      8행 | 16컬럼
2026-05-29 06:49:44,077 [INFO]    area_meta                 | 신규   121행 | 누적    605행 | 5컬럼
2026-05-29 06:49:44,077 [INFO]    bike                      | 신규    10행 | 누적     50행 | 12컬럼
2026-05-29 06:49:44,077 [INFO]    bike_sbike_stts           | 신규   556행 | 누적   2780행 | 12컬럼
2026-05-29 06:49:44,077 [INFO]    bus                       | 신규     3행 | 누적     15행 | 11컬럼
2026-05-29 06:49:44,077 [INFO]    bus_bus_stn_stts          | 신규  1745행 | 누적   8725행 | 11컬럼
2026-05-29 06:49:44,077 [INFO]    charger                   | 신규     4행 | 누적     20행 | 15컬럼
2026-05-29 06:49:44,077 [INFO]    charger_charger_stts      | 신규  1870행 | 누적   9275행 | 15컬럼
2026-05-29 06:49:44,077 [INFO]    cmrcl                     | 신규    82행 | 누적    410행 | 20컬럼
2026-05-29 06:49:44,077 [INFO]    events                    | 신규    13행 | 누적     62행 | 14컬럼
2026-05-29 06:49:44,077 [INFO]    events_event_stts         | 신규   174행 | 누적    879행 | 14컬럼
2026-05-29 06:49:44,077 [INFO]    parking                   | 신규     6행 | 누적     30행 | 21컬럼
2026-05-29 06:49:44,077 [INFO]    parking_prk_stts          | 신규  1835행 | 누적   9175행 | 21컬럼
2026-05-29 06:49:44,077 [INFO]    ppltn                     | 신규   121행 | 누적    604행 | 26컬럼
2026-05-29 06:49:44,077 [INFO]    road                      | 신규   121행 | 누적    605행 | 21컬럼
2026-05-29 06:49:44,078 [INFO]    road_road_traffic_stts    | 신규  5253행 | 누적  26265행 | 17컬럼
2026-05-29 06:49:44,078 [INFO]    subway                    | 신규    38행 | 누적    190행 | 12컬럼
2026-05-29 06:49:44,078 [INFO]    subway_sub_stts           | 신규   183행 | 누적    915행 | 13컬럼
2026-05-29 06:49:44,078 [INFO]    weather                   | 신규   119행 | 누적    595행 | 29컬럼
2026-05-29 06:49:44,078 [INFO] 키별 사용량:
2026-05-29 06:49:44,078 [INFO]    🟢 KEY_1 (31/1000) 
2026-05-29 06:49:44,078 [INFO]    🟢 KEY_2 (30/1000) 
2026-05-29 06:49:44,078 [INFO]    🟢 KEY_3 (30/1000) 
2026-05-29 06:49:44,078 [INFO]    🟢 KEY_4 (30/1000) 
2026-05-29 07:41:15,783 [INFO] 등록된 키: 4개, 합산 한도 4,000건/일
2026-05-29 07:41:15,783 [INFO] POI 로드: 매뉴얼 v8.5 기준 fallback 121개 (121개 전체)
2026-05-29 07:41:15,783 [INFO] === 수집 시작 2026-05-29T07:41:15.783747+09:00 ===
2026-05-29 07:41:15,783 [INFO] 대상 장소: 121개 | API: citydata (통합)
2026-05-29 07:41:15,783 [INFO] 키 풀: 4/4 활성 | 오늘 사용 0/4000건
2026-05-29 07:41:15,783 [INFO]   [KEY_1] 담당 31장소
2026-05-29 07:41:15,783 [INFO]   [KEY_2] 담당 30장소
2026-05-29 07:41:15,784 [INFO]   [KEY_3] 담당 30장소
2026-05-29 07:41:15,784 [INFO]   [KEY_4] 담당 30장소
2026-05-29 07:41:15,784 [INFO] [1/121] 경복궁 (primary=KEY_1)
2026-05-29 07:41:17,448 [INFO] [2/121] 광화문·덕수궁 (primary=KEY_2)
2026-05-29 07:41:19,376 [INFO] [3/121] 보신각 (primary=KEY_3)
2026-05-29 07:41:21,303 [INFO] [4/121] 서울 암사동 유적 (primary=KEY_4)
2026-05-29 07:41:22,936 [INFO] [5/121] 창덕궁·종묘 (primary=KEY_1)
2026-05-29 07:41:24,161 [INFO] [6/121] 강남 MICE 관광특구 (primary=KEY_2)
2026-05-29 07:41:25,279 [INFO] [7/121] 동대문 관광특구 (primary=KEY_3)
2026-05-29 07:41:26,559 [INFO] [8/121] 명동 관광특구 (primary=KEY_4)
2026-05-29 07:41:28,188 [INFO] [9/121] 이태원 관광특구 (primary=KEY_1)
2026-05-29 07:41:29,429 [INFO] [10/121] 잠실 관광특구 (primary=KEY_2)
2026-05-29 07:41:30,848 [INFO] [11/121] 종로·청계 관광특구 (primary=KEY_3)
2026-05-29 07:41:32,737 [INFO] [12/121] 홍대 관광특구 (primary=KEY_4)
2026-05-29 07:41:34,035 [INFO] [13/121] 강서한강공원 (primary=KEY_1)
2026-05-29 07:41:35,006 [INFO] [14/121] 고척돔 (primary=KEY_2)
2026-05-29 07:41:35,961 [INFO] [15/121] 광나루한강공원 (primary=KEY_3)
2026-05-29 07:41:37,853 [INFO] [16/121] 광화문광장 (primary=KEY_4)
2026-05-29 07:41:38,984 [INFO] [17/121] 국립중앙박물관·용산가족공원 (primary=KEY_1)
2026-05-29 07:41:39,976 [INFO] [18/121] 난지한강공원 (primary=KEY_2)
2026-05-29 07:41:40,939 [INFO] [19/121] 남산공원 (primary=KEY_3)
2026-05-29 07:41:42,358 [INFO] [20/121] 노들섬 (primary=KEY_4)
2026-05-29 07:41:43,318 [INFO] [21/121] 뚝섬한강공원 (primary=KEY_1)
2026-05-29 07:41:44,285 [INFO] [22/121] 망원한강공원 (primary=KEY_2)
2026-05-29 07:41:45,414 [INFO] [23/121] 반포한강공원 (primary=KEY_3)
2026-05-29 07:41:46,384 [INFO] [24/121] 보라매공원 (primary=KEY_4)
2026-05-29 07:41:47,371 [INFO] [25/121] 북서울꿈의숲 (primary=KEY_1)
2026-05-29 07:41:48,349 [INFO] [26/121] 서대문독립공원 (primary=KEY_2)
2026-05-29 07:41:49,323 [INFO] [27/121] 서리풀공원·몽마르뜨공원 (primary=KEY_3)
2026-05-29 07:41:50,447 [INFO] [28/121] 서울대공원 (primary=KEY_4)
2026-05-29 07:41:51,411 [INFO] [29/121] 서울숲공원 (primary=KEY_1)
2026-05-29 07:41:52,528 [INFO] [30/121] 송현녹지광장 (primary=KEY_2)
2026-05-29 07:41:53,635 [INFO] [31/121] 아차산 (primary=KEY_3)
2026-05-29 07:41:54,599 [INFO] [32/121] 안양천 (primary=KEY_4)
2026-05-29 07:41:55,558 [INFO] [33/121] 양화한강공원 (primary=KEY_1)
2026-05-29 07:41:56,528 [INFO] [34/121] 어린이대공원 (primary=KEY_2)
2026-05-29 07:41:57,530 [INFO] [35/121] 여의도한강공원 (primary=KEY_3)
2026-05-29 07:41:58,637 [INFO] [36/121] 여의서로 (primary=KEY_4)
2026-05-29 07:41:59,744 [INFO] [37/121] 올림픽공원 (primary=KEY_1)
2026-05-29 07:42:01,018 [INFO] [38/121] 월드컵공원 (primary=KEY_2)
2026-05-29 07:42:02,279 [INFO] [39/121] 응봉산 (primary=KEY_3)
2026-05-29 07:42:03,372 [INFO] [40/121] 이촌한강공원 (primary=KEY_4)
2026-05-29 07:42:04,335 [INFO] [41/121] 잠실종합운동장 (primary=KEY_1)
2026-05-29 07:42:05,307 [INFO] [42/121] 잠실한강공원 (primary=KEY_2)
2026-05-29 07:42:06,273 [INFO] [43/121] 잠원한강공원 (primary=KEY_3)
2026-05-29 07:42:07,233 [INFO] [44/121] 청계산 (primary=KEY_4)
2026-05-29 07:42:08,184 [INFO] [45/121] 홍제폭포 (primary=KEY_1)
2026-05-29 07:42:09,136 [INFO] [46/121] 가락시장 (primary=KEY_2)
2026-05-29 07:42:10,242 [INFO] [47/121] 가로수길 (primary=KEY_3)
2026-05-29 07:42:11,361 [INFO] [48/121] 광장(전통)시장 (primary=KEY_4)
2026-05-29 07:42:12,335 [INFO] [49/121] 김포공항 (primary=KEY_1)
2026-05-29 07:42:13,459 [INFO] [50/121] 남대문시장 (primary=KEY_2)
2026-05-29 07:42:14,449 [INFO] [51/121] 노량진 (primary=KEY_3)
2026-05-29 07:42:15,560 [INFO] [52/121] 덕수궁길·정동길 (primary=KEY_4)
2026-05-29 07:42:16,679 [INFO] [53/121] 북창동 먹자골목 (primary=KEY_1)
2026-05-29 07:42:17,661 [INFO] [54/121] 북촌한옥마을 (primary=KEY_2)
2026-05-29 07:42:18,776 [INFO] [55/121] 서촌 (primary=KEY_3)
2026-05-29 07:42:19,884 [INFO] [56/121] 성수카페거리 (primary=KEY_4)
2026-05-29 07:42:20,991 [INFO] [57/121] 송리단길·호수단길 (primary=KEY_1)
2026-05-29 07:42:22,118 [INFO] [58/121] 신촌 스타광장 (primary=KEY_2)
2026-05-29 07:42:23,087 [INFO] [59/121] 압구정로데오거리 (primary=KEY_3)
2026-05-29 07:42:24,193 [INFO] [60/121] 여의도 (primary=KEY_4)
2026-05-29 07:42:25,798 [INFO] [61/121] 연남동 (primary=KEY_1)
2026-05-29 07:42:26,906 [INFO] [62/121] 영등포 타임스퀘어 (primary=KEY_2)
2026-05-29 07:42:28,014 [INFO] [63/121] 용리단길 (primary=KEY_3)
2026-05-29 07:42:29,011 [INFO] [64/121] 이태원 앤틱가구거리 (primary=KEY_4)
2026-05-29 07:42:29,994 [INFO] [65/121] 익선동 (primary=KEY_1)
2026-05-29 07:42:31,179 [INFO] [66/121] 인사동 (primary=KEY_2)
2026-05-29 07:42:32,305 [INFO] [67/121] 잠실롯데타워·석촌호수 (primary=KEY_3)
2026-05-29 07:42:33,433 [INFO] [68/121] 창동 신경제 중심지 (primary=KEY_4)
2026-05-29 07:42:34,714 [INFO] [69/121] 청담동 명품거리 (primary=KEY_1)
2026-05-29 07:42:35,827 [INFO] [70/121] 청량리 제기동 일대 전통시장 (primary=KEY_2)
2026-05-29 07:42:36,949 [INFO] [71/121] 해방촌·경리단길 (primary=KEY_3)
2026-05-29 07:42:37,924 [INFO] [72/121] DDP(동대문디자인플라자) (primary=KEY_4)
2026-05-29 07:42:39,084 [INFO] [73/121] DMC(디지털미디어시티) (primary=KEY_1)
2026-05-29 07:42:40,366 [INFO] [74/121] 가산디지털단지역 (primary=KEY_2)
2026-05-29 07:42:41,625 [INFO] [75/121] 강남역 (primary=KEY_3)
2026-05-29 07:42:42,910 [INFO] [76/121] 건대입구역 (primary=KEY_4)
2026-05-29 07:42:44,046 [INFO] [77/121] 고덕역 (primary=KEY_1)
2026-05-29 07:42:45,156 [INFO] [78/121] 고속터미널역 (primary=KEY_2)
2026-05-29 07:42:46,146 [INFO] [79/121] 교대역 (primary=KEY_3)
2026-05-29 07:42:47,142 [INFO] [80/121] 구로디지털단지역 (primary=KEY_4)
2026-05-29 07:42:48,264 [INFO] [81/121] 구로역 (primary=KEY_1)
2026-05-29 07:42:49,247 [INFO] [82/121] 군자역 (primary=KEY_2)
2026-05-29 07:42:50,236 [INFO] [83/121] 대림역 (primary=KEY_3)
2026-05-29 07:42:51,354 [INFO] [84/121] 동대문역 (primary=KEY_4)
2026-05-29 07:42:52,492 [INFO] [85/121] 뚝섬역 (primary=KEY_1)
2026-05-29 07:42:53,598 [INFO] [86/121] 미아사거리역 (primary=KEY_2)
2026-05-29 07:42:54,714 [INFO] [87/121] 발산역 (primary=KEY_3)
2026-05-29 07:42:55,954 [INFO] [88/121] 사당역 (primary=KEY_4)
2026-05-29 07:42:57,068 [INFO] [89/121] 삼각지역 (primary=KEY_1)
2026-05-29 07:42:58,043 [INFO] [90/121] 서울대입구역 (primary=KEY_2)
2026-05-29 07:42:59,024 [INFO] [91/121] 서울식물원·마곡나루역 (primary=KEY_3)
2026-05-29 07:43:00,131 [INFO] [92/121] 서울역 (primary=KEY_4)
2026-05-29 07:43:01,307 [INFO] [93/121] 선릉역 (primary=KEY_1)
2026-05-29 07:43:02,575 [INFO] [94/121] 성신여대입구역 (primary=KEY_2)
2026-05-29 07:43:03,571 [INFO] [95/121] 수유역 (primary=KEY_3)
2026-05-29 07:43:04,670 [INFO] [96/121] 숭례문 (primary=KEY_4)
2026-05-29 07:43:05,789 [INFO] [97/121] 시의회 앞 (primary=KEY_1)
2026-05-29 07:43:06,914 [INFO] [98/121] 신논현역·논현역 (primary=KEY_2)
2026-05-29 07:43:08,112 [INFO] [99/121] 신도림역 (primary=KEY_3)
2026-05-29 07:43:09,082 [INFO] [100/121] 신림역 (primary=KEY_4)
2026-05-29 07:43:10,087 [INFO] [101/121] 신정네거리역 (primary=KEY_1)
2026-05-29 07:43:11,102 [INFO] [102/121] 신촌·이대역 (primary=KEY_2)
2026-05-29 07:43:12,763 [INFO] [103/121] 쌍문역 (primary=KEY_3)
2026-05-29 07:43:13,746 [INFO] [104/121] 양재역 (primary=KEY_4)
2026-05-29 07:43:14,860 [INFO] [105/121] 역삼역 (primary=KEY_1)
2026-05-29 07:43:15,974 [INFO] [106/121] 연신내역 (primary=KEY_2)
2026-05-29 07:43:16,974 [INFO] [107/121] 오목교역·목동운동장 (primary=KEY_3)
2026-05-29 07:43:18,239 [INFO] [108/121] 왕십리역 (primary=KEY_4)
2026-05-29 07:43:19,378 [INFO] [109/121] 용산역 (primary=KEY_1)
2026-05-29 07:43:20,490 [INFO] [110/121] 이태원역 (primary=KEY_2)
2026-05-29 07:43:21,470 [INFO] [111/121] 잠실새내역 (primary=KEY_3)
2026-05-29 07:43:22,588 [INFO] [112/121] 잠실역 (primary=KEY_4)
2026-05-29 07:43:23,716 [INFO] [113/121] 장지역 (primary=KEY_1)
2026-05-29 07:43:24,826 [INFO] [114/121] 장한평역 (primary=KEY_2)
2026-05-29 07:43:25,935 [INFO] [115/121] 천호역 (primary=KEY_3)
2026-05-29 07:43:27,076 [INFO] [116/121] 총신대입구(이수)역 (primary=KEY_4)
2026-05-29 07:43:28,261 [INFO] [117/121] 충정로역 (primary=KEY_1)
2026-05-29 07:43:29,247 [INFO] [118/121] 합정역 (primary=KEY_2)
2026-05-29 07:43:30,375 [INFO] [119/121] 혜화역 (primary=KEY_3)
2026-05-29 07:43:31,485 [INFO] [120/121] 홍대입구역(2호선) (primary=KEY_4)
2026-05-29 07:43:32,660 [INFO] [121/121] 회기역 (primary=KEY_1)
2026-05-29 07:43:34,732 [INFO] === 수집 완료 | 성공 121, 실패 0 ===
2026-05-29 07:43:34,732 [INFO] 카테고리별 저장 결과:
2026-05-29 07:43:34,732 [INFO]    accident                  | 신규     1행 | 누적      9행 | 16컬럼
2026-05-29 07:43:34,732 [INFO]    area_meta                 | 신규   121행 | 누적    726행 | 5컬럼
2026-05-29 07:43:34,732 [INFO]    bike                      | 신규    10행 | 누적     60행 | 12컬럼
2026-05-29 07:43:34,732 [INFO]    bike_sbike_stts           | 신규   556행 | 누적   3336행 | 12컬럼
2026-05-29 07:43:34,732 [INFO]    bus                       | 신규     3행 | 누적     18행 | 11컬럼
2026-05-29 07:43:34,732 [INFO]    bus_bus_stn_stts          | 신규  1745행 | 누적  10470행 | 11컬럼
2026-05-29 07:43:34,732 [INFO]    charger                   | 신규    24행 | 누적     44행 | 15컬럼
2026-05-29 07:43:34,732 [INFO]    charger_charger_stts      | 신규   375행 | 누적   9647행 | 15컬럼
2026-05-29 07:43:34,732 [INFO]    cmrcl                     | 신규    82행 | 누적    492행 | 20컬럼
2026-05-29 07:43:34,732 [INFO]    events                    | 신규    13행 | 누적     75행 | 14컬럼
2026-05-29 07:43:34,732 [INFO]    events_event_stts         | 신규   174행 | 누적   1053행 | 14컬럼
2026-05-29 07:43:34,732 [INFO]    parking                   | 신규     6행 | 누적     36행 | 21컬럼
2026-05-29 07:43:34,732 [INFO]    parking_prk_stts          | 신규  1835행 | 누적  11010행 | 21컬럼
2026-05-29 07:43:34,732 [INFO]    ppltn                     | 신규   121행 | 누적    725행 | 26컬럼
2026-05-29 07:43:34,732 [INFO]    road                      | 신규   121행 | 누적    726행 | 21컬럼
2026-05-29 07:43:34,732 [INFO]    road_road_traffic_stts    | 신규  5253행 | 누적  31518행 | 17컬럼
2026-05-29 07:43:34,732 [INFO]    subway                    | 신규    38행 | 누적    228행 | 12컬럼
2026-05-29 07:43:34,733 [INFO]    subway_sub_stts           | 신규   183행 | 누적   1098행 | 13컬럼
2026-05-29 07:43:34,733 [INFO]    weather                   | 신규   119행 | 누적    714행 | 29컬럼
2026-05-29 07:43:34,733 [INFO] 키별 사용량:
2026-05-29 07:43:34,733 [INFO]    🟢 KEY_1 (31/1000) 
2026-05-29 07:43:34,733 [INFO]    🟢 KEY_2 (30/1000) 
2026-05-29 07:43:34,733 [INFO]    🟢 KEY_3 (30/1000) 
2026-05-29 07:43:34,733 [INFO]    🟢 KEY_4 (30/1000) 
2026-05-29 08:40:55,918 [INFO] 등록된 키: 4개, 합산 한도 4,000건/일
2026-05-29 08:40:55,919 [INFO] POI 로드: 매뉴얼 v8.5 기준 fallback 121개 (121개 전체)
2026-05-29 08:40:55,919 [INFO] === 수집 시작 2026-05-29T08:40:55.919202+09:00 ===
2026-05-29 08:40:55,919 [INFO] 대상 장소: 121개 | API: citydata (통합)
2026-05-29 08:40:55,919 [INFO] 키 풀: 4/4 활성 | 오늘 사용 0/4000건
2026-05-29 08:40:55,919 [INFO]   [KEY_1] 담당 31장소
2026-05-29 08:40:55,919 [INFO]   [KEY_2] 담당 30장소
2026-05-29 08:40:55,919 [INFO]   [KEY_3] 담당 30장소
2026-05-29 08:40:55,919 [INFO]   [KEY_4] 담당 30장소
2026-05-29 08:40:55,919 [INFO] [1/121] 경복궁 (primary=KEY_1)
2026-05-29 08:40:57,921 [INFO] [2/121] 광화문·덕수궁 (primary=KEY_2)
2026-05-29 08:41:00,401 [INFO] [3/121] 보신각 (primary=KEY_3)
2026-05-29 08:41:02,388 [INFO] [4/121] 서울 암사동 유적 (primary=KEY_4)
2026-05-29 08:41:04,514 [INFO] [5/121] 창덕궁·종묘 (primary=KEY_1)
2026-05-29 08:41:06,356 [INFO] [6/121] 강남 MICE 관광특구 (primary=KEY_2)
2026-05-29 08:41:08,706 [INFO] [7/121] 동대문 관광특구 (primary=KEY_3)
2026-05-29 08:41:10,405 [INFO] [8/121] 명동 관광특구 (primary=KEY_4)
2026-05-29 08:41:12,736 [INFO] [9/121] 이태원 관광특구 (primary=KEY_1)
2026-05-29 08:41:14,032 [INFO] [10/121] 잠실 관광특구 (primary=KEY_2)
2026-05-29 08:41:15,752 [INFO] [11/121] 종로·청계 관광특구 (primary=KEY_3)
2026-05-29 08:41:17,276 [INFO] [12/121] 홍대 관광특구 (primary=KEY_4)
2026-05-29 08:41:18,778 [INFO] [13/121] 강서한강공원 (primary=KEY_1)
2026-05-29 08:41:20,569 [INFO] [14/121] 고척돔 (primary=KEY_2)
2026-05-29 08:41:21,659 [INFO] [15/121] 광나루한강공원 (primary=KEY_3)
2026-05-29 08:41:22,916 [INFO] [16/121] 광화문광장 (primary=KEY_4)
2026-05-29 08:41:25,123 [INFO] [17/121] 국립중앙박물관·용산가족공원 (primary=KEY_1)
2026-05-29 08:41:27,296 [INFO] [18/121] 난지한강공원 (primary=KEY_2)
2026-05-29 08:41:28,391 [INFO] [19/121] 남산공원 (primary=KEY_3)
2026-05-29 08:41:29,882 [INFO] [20/121] 노들섬 (primary=KEY_4)
2026-05-29 08:41:30,978 [INFO] [21/121] 뚝섬한강공원 (primary=KEY_1)
2026-05-29 08:41:32,085 [INFO] [22/121] 망원한강공원 (primary=KEY_2)
2026-05-29 08:41:33,352 [INFO] [23/121] 반포한강공원 (primary=KEY_3)
2026-05-29 08:41:34,469 [INFO] [24/121] 보라매공원 (primary=KEY_4)
2026-05-29 08:41:35,575 [INFO] [25/121] 북서울꿈의숲 (primary=KEY_1)
2026-05-29 08:41:36,683 [INFO] [26/121] 서대문독립공원 (primary=KEY_2)
2026-05-29 08:41:37,781 [INFO] [27/121] 서리풀공원·몽마르뜨공원 (primary=KEY_3)
2026-05-29 08:41:39,098 [INFO] [28/121] 서울대공원 (primary=KEY_4)
2026-05-29 08:41:40,177 [INFO] [29/121] 서울숲공원 (primary=KEY_1)
2026-05-29 08:41:41,462 [INFO] [30/121] 송현녹지광장 (primary=KEY_2)
2026-05-29 08:41:42,741 [INFO] [31/121] 아차산 (primary=KEY_3)
2026-05-29 08:41:43,838 [INFO] [32/121] 안양천 (primary=KEY_4)
2026-05-29 08:41:44,932 [INFO] [33/121] 양화한강공원 (primary=KEY_1)
2026-05-29 08:41:46,923 [INFO] [34/121] 어린이대공원 (primary=KEY_2)
2026-05-29 08:41:48,075 [INFO] [35/121] 여의도한강공원 (primary=KEY_3)
2026-05-29 08:41:50,271 [INFO] [36/121] 여의서로 (primary=KEY_4)
2026-05-29 08:41:51,376 [INFO] [37/121] 올림픽공원 (primary=KEY_1)
2026-05-29 08:41:52,690 [INFO] [38/121] 월드컵공원 (primary=KEY_2)
2026-05-29 08:41:54,182 [INFO] [39/121] 응봉산 (primary=KEY_3)
2026-05-29 08:41:55,458 [INFO] [40/121] 이촌한강공원 (primary=KEY_4)
2026-05-29 08:41:56,535 [INFO] [41/121] 잠실종합운동장 (primary=KEY_1)
2026-05-29 08:41:57,655 [INFO] [42/121] 잠실한강공원 (primary=KEY_2)
2026-05-29 08:41:58,756 [INFO] [43/121] 잠원한강공원 (primary=KEY_3)
2026-05-29 08:41:59,845 [INFO] [44/121] 청계산 (primary=KEY_4)
2026-05-29 08:42:00,943 [INFO] [45/121] 홍제폭포 (primary=KEY_1)
2026-05-29 08:42:02,040 [INFO] [46/121] 가락시장 (primary=KEY_2)
2026-05-29 08:42:03,313 [INFO] [47/121] 가로수길 (primary=KEY_3)
2026-05-29 08:42:04,616 [INFO] [48/121] 광장(전통)시장 (primary=KEY_4)
2026-05-29 08:42:05,716 [INFO] [49/121] 김포공항 (primary=KEY_1)
2026-05-29 08:42:07,016 [INFO] [50/121] 남대문시장 (primary=KEY_2)
2026-05-29 08:42:08,137 [INFO] [51/121] 노량진 (primary=KEY_3)
2026-05-29 08:42:09,428 [INFO] [52/121] 덕수궁길·정동길 (primary=KEY_4)
2026-05-29 08:42:10,700 [INFO] [53/121] 북창동 먹자골목 (primary=KEY_1)
2026-05-29 08:42:11,806 [INFO] [54/121] 북촌한옥마을 (primary=KEY_2)
2026-05-29 08:42:13,090 [INFO] [55/121] 서촌 (primary=KEY_3)
2026-05-29 08:42:14,338 [INFO] [56/121] 성수카페거리 (primary=KEY_4)
2026-05-29 08:42:15,656 [INFO] [57/121] 송리단길·호수단길 (primary=KEY_1)
2026-05-29 08:42:16,987 [INFO] [58/121] 신촌 스타광장 (primary=KEY_2)
2026-05-29 08:42:18,086 [INFO] [59/121] 압구정로데오거리 (primary=KEY_3)
2026-05-29 08:42:19,407 [INFO] [60/121] 여의도 (primary=KEY_4)
2026-05-29 08:42:21,318 [INFO] [61/121] 연남동 (primary=KEY_1)
2026-05-29 08:42:22,614 [INFO] [62/121] 영등포 타임스퀘어 (primary=KEY_2)
2026-05-29 08:42:23,917 [INFO] [63/121] 용리단길 (primary=KEY_3)
2026-05-29 08:42:25,034 [INFO] [64/121] 이태원 앤틱가구거리 (primary=KEY_4)
2026-05-29 08:42:26,154 [INFO] [65/121] 익선동 (primary=KEY_1)
2026-05-29 08:42:27,461 [INFO] [66/121] 인사동 (primary=KEY_2)
2026-05-29 08:42:28,754 [INFO] [67/121] 잠실롯데타워·석촌호수 (primary=KEY_3)
2026-05-29 08:42:30,061 [INFO] [68/121] 창동 신경제 중심지 (primary=KEY_4)
2026-05-29 08:42:31,586 [INFO] [69/121] 청담동 명품거리 (primary=KEY_1)
2026-05-29 08:42:32,849 [INFO] [70/121] 청량리 제기동 일대 전통시장 (primary=KEY_2)
2026-05-29 08:42:34,150 [INFO] [71/121] 해방촌·경리단길 (primary=KEY_3)
2026-05-29 08:42:35,292 [INFO] [72/121] DDP(동대문디자인플라자) (primary=KEY_4)
2026-05-29 08:42:36,608 [INFO] [73/121] DMC(디지털미디어시티) (primary=KEY_1)
2026-05-29 08:42:38,070 [INFO] [74/121] 가산디지털단지역 (primary=KEY_2)
2026-05-29 08:42:39,544 [INFO] [75/121] 강남역 (primary=KEY_3)
2026-05-29 08:42:41,031 [INFO] [76/121] 건대입구역 (primary=KEY_4)
2026-05-29 08:42:42,329 [INFO] [77/121] 고덕역 (primary=KEY_1)
2026-05-29 08:42:43,614 [INFO] [78/121] 고속터미널역 (primary=KEY_2)
2026-05-29 08:42:44,742 [INFO] [79/121] 교대역 (primary=KEY_3)
2026-05-29 08:42:45,846 [INFO] [80/121] 구로디지털단지역 (primary=KEY_4)
2026-05-29 08:42:47,181 [INFO] [81/121] 구로역 (primary=KEY_1)
2026-05-29 08:42:48,265 [INFO] [82/121] 군자역 (primary=KEY_2)
2026-05-29 08:42:49,374 [INFO] [83/121] 대림역 (primary=KEY_3)
2026-05-29 08:42:50,689 [INFO] [84/121] 동대문역 (primary=KEY_4)
2026-05-29 08:42:51,999 [INFO] [85/121] 뚝섬역 (primary=KEY_1)
2026-05-29 08:42:53,265 [INFO] [86/121] 미아사거리역 (primary=KEY_2)
2026-05-29 08:42:54,555 [INFO] [87/121] 발산역 (primary=KEY_3)
2026-05-29 08:42:56,005 [INFO] [88/121] 사당역 (primary=KEY_4)
2026-05-29 08:42:57,305 [INFO] [89/121] 삼각지역 (primary=KEY_1)
2026-05-29 08:42:58,436 [INFO] [90/121] 서울대입구역 (primary=KEY_2)
2026-05-29 08:42:59,561 [INFO] [91/121] 서울식물원·마곡나루역 (primary=KEY_3)
2026-05-29 08:43:00,831 [INFO] [92/121] 서울역 (primary=KEY_4)
2026-05-29 08:43:02,184 [INFO] [93/121] 선릉역 (primary=KEY_1)
2026-05-29 08:43:03,683 [INFO] [94/121] 성신여대입구역 (primary=KEY_2)
2026-05-29 08:43:04,799 [INFO] [95/121] 수유역 (primary=KEY_3)
2026-05-29 08:43:06,114 [INFO] [96/121] 숭례문 (primary=KEY_4)
2026-05-29 08:43:07,465 [INFO] [97/121] 시의회 앞 (primary=KEY_1)
2026-05-29 08:43:08,775 [INFO] [98/121] 신논현역·논현역 (primary=KEY_2)
2026-05-29 08:43:10,068 [INFO] [99/121] 신도림역 (primary=KEY_3)
2026-05-29 08:43:11,175 [INFO] [100/121] 신림역 (primary=KEY_4)
2026-05-29 08:43:12,282 [INFO] [101/121] 신정네거리역 (primary=KEY_1)
2026-05-29 08:43:13,398 [INFO] [102/121] 신촌·이대역 (primary=KEY_2)
2026-05-29 08:43:14,698 [INFO] [103/121] 쌍문역 (primary=KEY_3)
2026-05-29 08:43:15,831 [INFO] [104/121] 양재역 (primary=KEY_4)
2026-05-29 08:43:17,101 [INFO] [105/121] 역삼역 (primary=KEY_1)
2026-05-29 08:43:18,430 [INFO] [106/121] 연신내역 (primary=KEY_2)
2026-05-29 08:43:19,582 [INFO] [107/121] 오목교역·목동운동장 (primary=KEY_3)
2026-05-29 08:43:21,066 [INFO] [108/121] 왕십리역 (primary=KEY_4)
2026-05-29 08:43:22,395 [INFO] [109/121] 용산역 (primary=KEY_1)
2026-05-29 08:43:23,700 [INFO] [110/121] 이태원역 (primary=KEY_2)
2026-05-29 08:43:24,805 [INFO] [111/121] 잠실새내역 (primary=KEY_3)
2026-05-29 08:43:26,087 [INFO] [112/121] 잠실역 (primary=KEY_4)
2026-05-29 08:43:27,408 [INFO] [113/121] 장지역 (primary=KEY_1)
2026-05-29 08:43:28,710 [INFO] [114/121] 장한평역 (primary=KEY_2)
2026-05-29 08:43:30,002 [INFO] [115/121] 천호역 (primary=KEY_3)
2026-05-29 08:43:31,374 [INFO] [116/121] 총신대입구(이수)역 (primary=KEY_4)
2026-05-29 08:43:32,666 [INFO] [117/121] 충정로역 (primary=KEY_1)
2026-05-29 08:43:33,972 [INFO] [118/121] 합정역 (primary=KEY_2)
2026-05-29 08:43:35,272 [INFO] [119/121] 혜화역 (primary=KEY_3)
2026-05-29 08:43:36,563 [INFO] [120/121] 홍대입구역(2호선) (primary=KEY_4)
2026-05-29 08:43:37,869 [INFO] [121/121] 회기역 (primary=KEY_1)
2026-05-29 08:43:40,512 [INFO] === 수집 완료 | 성공 121, 실패 0 ===
2026-05-29 08:43:40,512 [INFO] 카테고리별 저장 결과:
2026-05-29 08:43:40,512 [INFO]    accident                  | 신규     3행 | 누적     12행 | 16컬럼
2026-05-29 08:43:40,512 [INFO]    area_meta                 | 신규   121행 | 누적    847행 | 5컬럼
2026-05-29 08:43:40,512 [INFO]    bike                      | 신규    10행 | 누적     70행 | 12컬럼
2026-05-29 08:43:40,512 [INFO]    bike_sbike_stts           | 신규   556행 | 누적   3892행 | 12컬럼
2026-05-29 08:43:40,513 [INFO]    bus                       | 신규     3행 | 누적     21행 | 11컬럼
2026-05-29 08:43:40,513 [INFO]    bus_bus_stn_stts          | 신규  1745행 | 누적  12215행 | 11컬럼
2026-05-29 08:43:40,513 [INFO]    charger                   | 신규    22행 | 누적     66행 | 15컬럼
2026-05-29 08:43:40,513 [INFO]    charger_charger_stts      | 신규   577행 | 누적  10217행 | 15컬럼
2026-05-29 08:43:40,513 [INFO]    cmrcl                     | 신규    82행 | 누적    574행 | 20컬럼
2026-05-29 08:43:40,513 [INFO]    events                    | 신규    13행 | 누적     88행 | 14컬럼
2026-05-29 08:43:40,513 [INFO]    events_event_stts         | 신규   174행 | 누적   1227행 | 14컬럼
2026-05-29 08:43:40,513 [INFO]    parking                   | 신규     6행 | 누적     42행 | 21컬럼
2026-05-29 08:43:40,513 [INFO]    parking_prk_stts          | 신규  1835행 | 누적  12845행 | 21컬럼
2026-05-29 08:43:40,513 [INFO]    ppltn                     | 신규   121행 | 누적    846행 | 26컬럼
2026-05-29 08:43:40,513 [INFO]    road                      | 신규   121행 | 누적    847행 | 21컬럼
2026-05-29 08:43:40,513 [INFO]    road_road_traffic_stts    | 신규  5253행 | 누적  36771행 | 17컬럼
2026-05-29 08:43:40,513 [INFO]    subway                    | 신규    38행 | 누적    266행 | 12컬럼
2026-05-29 08:43:40,513 [INFO]    subway_sub_stts           | 신규   183행 | 누적   1281행 | 13컬럼
2026-05-29 08:43:40,513 [INFO]    weather                   | 신규   119행 | 누적    833행 | 29컬럼
2026-05-29 08:43:40,513 [INFO] 키별 사용량:
2026-05-29 08:43:40,513 [INFO]    🟢 KEY_1 (31/1000) 
2026-05-29 08:43:40,513 [INFO]    🟢 KEY_2 (30/1000) 
2026-05-29 08:43:40,513 [INFO]    🟢 KEY_3 (30/1000) 
2026-05-29 08:43:40,514 [INFO]    🟢 KEY_4 (30/1000) 
2026-05-29 10:18:51,046 [INFO] 등록된 키: 4개, 합산 한도 4,000건/일
2026-05-29 10:18:51,047 [INFO] POI 로드: 매뉴얼 v8.5 기준 fallback 121개 (121개 전체)
2026-05-29 10:18:51,047 [INFO] === 수집 시작 2026-05-29T10:18:51.047201+09:00 ===
2026-05-29 10:18:51,047 [INFO] 대상 장소: 121개 | API: citydata (통합)
2026-05-29 10:18:51,047 [INFO] 키 풀: 4/4 활성 | 오늘 사용 0/4000건
2026-05-29 10:18:51,047 [INFO]   [KEY_1] 담당 31장소
2026-05-29 10:18:51,047 [INFO]   [KEY_2] 담당 30장소
2026-05-29 10:18:51,047 [INFO]   [KEY_3] 담당 30장소
2026-05-29 10:18:51,047 [INFO]   [KEY_4] 담당 30장소
2026-05-29 10:18:51,047 [INFO] [1/121] 경복궁 (primary=KEY_1)
2026-05-29 10:18:53,582 [INFO] [2/121] 광화문·덕수궁 (primary=KEY_2)
2026-05-29 10:18:55,832 [INFO] [3/121] 보신각 (primary=KEY_3)
2026-05-29 10:18:57,938 [INFO] [4/121] 서울 암사동 유적 (primary=KEY_4)
2026-05-29 10:18:59,859 [INFO] [5/121] 창덕궁·종묘 (primary=KEY_1)
2026-05-29 10:19:01,797 [INFO] [6/121] 강남 MICE 관광특구 (primary=KEY_2)
2026-05-29 10:19:03,595 [INFO] [7/121] 동대문 관광특구 (primary=KEY_3)
2026-05-29 10:19:06,350 [INFO] [8/121] 명동 관광특구 (primary=KEY_4)
2026-05-29 10:19:08,225 [INFO] [9/121] 이태원 관광특구 (primary=KEY_1)
2026-05-29 10:19:10,384 [INFO] [10/121] 잠실 관광특구 (primary=KEY_2)
2026-05-29 10:19:12,608 [INFO] [11/121] 종로·청계 관광특구 (primary=KEY_3)
2026-05-29 10:19:14,801 [INFO] [12/121] 홍대 관광특구 (primary=KEY_4)
2026-05-29 10:19:17,188 [INFO] [13/121] 강서한강공원 (primary=KEY_1)
2026-05-29 10:19:19,116 [INFO] [14/121] 고척돔 (primary=KEY_2)
2026-05-29 10:19:20,272 [INFO] [15/121] 광나루한강공원 (primary=KEY_3)
2026-05-29 10:19:21,623 [INFO] [16/121] 광화문광장 (primary=KEY_4)
2026-05-29 10:19:23,239 [INFO] [17/121] 국립중앙박물관·용산가족공원 (primary=KEY_1)
2026-05-29 10:19:25,188 [INFO] [18/121] 난지한강공원 (primary=KEY_2)
2026-05-29 10:19:26,324 [INFO] [19/121] 남산공원 (primary=KEY_3)
2026-05-29 10:19:28,686 [INFO] [20/121] 노들섬 (primary=KEY_4)
2026-05-29 10:19:30,443 [INFO] [21/121] 뚝섬한강공원 (primary=KEY_1)
2026-05-29 10:19:31,627 [INFO] [22/121] 망원한강공원 (primary=KEY_2)
2026-05-29 10:19:34,164 [INFO] [23/121] 반포한강공원 (primary=KEY_3)
2026-05-29 10:19:35,315 [INFO] [24/121] 보라매공원 (primary=KEY_4)
2026-05-29 10:19:37,320 [INFO] [25/121] 북서울꿈의숲 (primary=KEY_1)
2026-05-29 10:19:38,496 [INFO] [26/121] 서대문독립공원 (primary=KEY_2)
2026-05-29 10:19:40,248 [INFO] [27/121] 서리풀공원·몽마르뜨공원 (primary=KEY_3)
2026-05-29 10:19:41,657 [INFO] [28/121] 서울대공원 (primary=KEY_4)
2026-05-29 10:19:42,812 [INFO] [29/121] 서울숲공원 (primary=KEY_1)
2026-05-29 10:19:44,967 [INFO] [30/121] 송현녹지광장 (primary=KEY_2)
2026-05-29 10:19:46,337 [INFO] [31/121] 아차산 (primary=KEY_3)
2026-05-29 10:19:48,258 [INFO] [32/121] 안양천 (primary=KEY_4)
2026-05-29 10:19:49,403 [INFO] [33/121] 양화한강공원 (primary=KEY_1)
2026-05-29 10:19:50,539 [INFO] [34/121] 어린이대공원 (primary=KEY_2)
2026-05-29 10:19:51,693 [INFO] [35/121] 여의도한강공원 (primary=KEY_3)
2026-05-29 10:19:53,808 [INFO] [36/121] 여의서로 (primary=KEY_4)
2026-05-29 10:19:54,944 [INFO] [37/121] 올림픽공원 (primary=KEY_1)
2026-05-29 10:19:56,337 [INFO] [38/121] 월드컵공원 (primary=KEY_2)
2026-05-29 10:19:57,876 [INFO] [39/121] 응봉산 (primary=KEY_3)
2026-05-29 10:19:59,225 [INFO] [40/121] 이촌한강공원 (primary=KEY_4)
2026-05-29 10:20:00,965 [INFO] [41/121] 잠실종합운동장 (primary=KEY_1)
2026-05-29 10:20:02,113 [INFO] [42/121] 잠실한강공원 (primary=KEY_2)
2026-05-29 10:20:03,255 [INFO] [43/121] 잠원한강공원 (primary=KEY_3)
2026-05-29 10:20:04,385 [INFO] [44/121] 청계산 (primary=KEY_4)
2026-05-29 10:20:05,568 [INFO] [45/121] 홍제폭포 (primary=KEY_1)
2026-05-29 10:20:06,722 [INFO] [46/121] 가락시장 (primary=KEY_2)
2026-05-29 10:20:08,050 [INFO] [47/121] 가로수길 (primary=KEY_3)
2026-05-29 10:20:10,213 [INFO] [48/121] 광장(전통)시장 (primary=KEY_4)
2026-05-29 10:20:11,375 [INFO] [49/121] 김포공항 (primary=KEY_1)
2026-05-29 10:20:13,776 [INFO] [50/121] 남대문시장 (primary=KEY_2)
2026-05-29 10:20:15,126 [INFO] [51/121] 노량진 (primary=KEY_3)
2026-05-29 10:20:17,296 [INFO] [52/121] 덕수궁길·정동길 (primary=KEY_4)
2026-05-29 10:20:18,682 [INFO] [53/121] 북창동 먹자골목 (primary=KEY_1)
2026-05-29 10:20:20,988 [INFO] [54/121] 북촌한옥마을 (primary=KEY_2)
2026-05-29 10:20:22,360 [INFO] [55/121] 서촌 (primary=KEY_3)
2026-05-29 10:20:23,734 [INFO] [56/121] 성수카페거리 (primary=KEY_4)
2026-05-29 10:20:25,088 [INFO] [57/121] 송리단길·호수단길 (primary=KEY_1)
2026-05-29 10:20:26,476 [INFO] [58/121] 신촌 스타광장 (primary=KEY_2)
2026-05-29 10:20:28,389 [INFO] [59/121] 압구정로데오거리 (primary=KEY_3)
2026-05-29 10:20:29,759 [INFO] [60/121] 여의도 (primary=KEY_4)
2026-05-29 10:20:31,799 [INFO] [61/121] 연남동 (primary=KEY_1)
2026-05-29 10:20:33,135 [INFO] [62/121] 영등포 타임스퀘어 (primary=KEY_2)
2026-05-29 10:20:34,504 [INFO] [63/121] 용리단길 (primary=KEY_3)
2026-05-29 10:20:35,712 [INFO] [64/121] 이태원 앤틱가구거리 (primary=KEY_4)
2026-05-29 10:20:36,865 [INFO] [65/121] 익선동 (primary=KEY_1)
2026-05-29 10:20:38,275 [INFO] [66/121] 인사동 (primary=KEY_2)
2026-05-29 10:20:39,649 [INFO] [67/121] 잠실롯데타워·석촌호수 (primary=KEY_3)
2026-05-29 10:20:41,018 [INFO] [68/121] 창동 신경제 중심지 (primary=KEY_4)
2026-05-29 10:20:42,594 [INFO] [69/121] 청담동 명품거리 (primary=KEY_1)
2026-05-29 10:20:43,946 [INFO] [70/121] 청량리 제기동 일대 전통시장 (primary=KEY_2)
2026-05-29 10:20:45,317 [INFO] [71/121] 해방촌·경리단길 (primary=KEY_3)
2026-05-29 10:20:46,501 [INFO] [72/121] DDP(동대문디자인플라자) (primary=KEY_4)
2026-05-29 10:20:47,916 [INFO] [73/121] DMC(디지털미디어시티) (primary=KEY_1)
2026-05-29 10:20:49,522 [INFO] [74/121] 가산디지털단지역 (primary=KEY_2)
2026-05-29 10:20:51,088 [INFO] [75/121] 강남역 (primary=KEY_3)
2026-05-29 10:20:52,679 [INFO] [76/121] 건대입구역 (primary=KEY_4)
2026-05-29 10:20:54,042 [INFO] [77/121] 고덕역 (primary=KEY_1)
2026-05-29 10:20:55,484 [INFO] [78/121] 고속터미널역 (primary=KEY_2)
2026-05-29 10:20:56,667 [INFO] [79/121] 교대역 (primary=KEY_3)
2026-05-29 10:20:57,838 [INFO] [80/121] 구로디지털단지역 (primary=KEY_4)
2026-05-29 10:20:59,184 [INFO] [81/121] 구로역 (primary=KEY_1)
2026-05-29 10:21:00,336 [INFO] [82/121] 군자역 (primary=KEY_2)
2026-05-29 10:21:01,541 [INFO] [83/121] 대림역 (primary=KEY_3)
2026-05-29 10:21:02,905 [INFO] [84/121] 동대문역 (primary=KEY_4)
2026-05-29 10:21:04,271 [INFO] [85/121] 뚝섬역 (primary=KEY_1)
2026-05-29 10:21:05,618 [INFO] [86/121] 미아사거리역 (primary=KEY_2)
2026-05-29 10:21:06,967 [INFO] [87/121] 발산역 (primary=KEY_3)
2026-05-29 10:21:08,527 [INFO] [88/121] 사당역 (primary=KEY_4)
2026-05-29 10:21:09,855 [INFO] [89/121] 삼각지역 (primary=KEY_1)
2026-05-29 10:21:10,995 [INFO] [90/121] 서울대입구역 (primary=KEY_2)
2026-05-29 10:21:12,156 [INFO] [91/121] 서울식물원·마곡나루역 (primary=KEY_3)
2026-05-29 10:21:13,511 [INFO] [92/121] 서울역 (primary=KEY_4)
2026-05-29 10:21:14,907 [INFO] [93/121] 선릉역 (primary=KEY_1)
2026-05-29 10:21:16,485 [INFO] [94/121] 성신여대입구역 (primary=KEY_2)
2026-05-29 10:21:17,677 [INFO] [95/121] 수유역 (primary=KEY_3)
2026-05-29 10:21:19,032 [INFO] [96/121] 숭례문 (primary=KEY_4)
2026-05-29 10:21:20,439 [INFO] [97/121] 시의회 앞 (primary=KEY_1)
2026-05-29 10:21:21,806 [INFO] [98/121] 신논현역·논현역 (primary=KEY_2)
2026-05-29 10:21:23,188 [INFO] [99/121] 신도림역 (primary=KEY_3)
2026-05-29 10:21:24,343 [INFO] [100/121] 신림역 (primary=KEY_4)
2026-05-29 10:21:25,511 [INFO] [101/121] 신정네거리역 (primary=KEY_1)
2026-05-29 10:21:26,666 [INFO] [102/121] 신촌·이대역 (primary=KEY_2)
2026-05-29 10:21:28,042 [INFO] [103/121] 쌍문역 (primary=KEY_3)
2026-05-29 10:21:29,402 [INFO] [104/121] 양재역 (primary=KEY_4)
2026-05-29 10:21:30,765 [INFO] [105/121] 역삼역 (primary=KEY_1)
2026-05-29 10:21:32,119 [INFO] [106/121] 연신내역 (primary=KEY_2)
2026-05-29 10:21:33,285 [INFO] [107/121] 오목교역·목동운동장 (primary=KEY_3)
2026-05-29 10:21:34,851 [INFO] [108/121] 왕십리역 (primary=KEY_4)
2026-05-29 10:21:36,264 [INFO] [109/121] 용산역 (primary=KEY_1)
2026-05-29 10:21:37,637 [INFO] [110/121] 이태원역 (primary=KEY_2)
2026-05-29 10:21:38,785 [INFO] [111/121] 잠실새내역 (primary=KEY_3)
2026-05-29 10:21:40,153 [INFO] [112/121] 잠실역 (primary=KEY_4)
2026-05-29 10:21:41,507 [INFO] [113/121] 장지역 (primary=KEY_1)
2026-05-29 10:21:42,886 [INFO] [114/121] 장한평역 (primary=KEY_2)
2026-05-29 10:21:44,276 [INFO] [115/121] 천호역 (primary=KEY_3)
2026-05-29 10:21:45,671 [INFO] [116/121] 총신대입구(이수)역 (primary=KEY_4)
2026-05-29 10:21:46,998 [INFO] [117/121] 충정로역 (primary=KEY_1)
2026-05-29 10:21:48,365 [INFO] [118/121] 합정역 (primary=KEY_2)
2026-05-29 10:21:49,713 [INFO] [119/121] 혜화역 (primary=KEY_3)
2026-05-29 10:21:51,038 [INFO] [120/121] 홍대입구역(2호선) (primary=KEY_4)
2026-05-29 10:21:52,405 [INFO] [121/121] 회기역 (primary=KEY_1)
2026-05-29 10:21:55,214 [INFO] === 수집 완료 | 성공 121, 실패 0 ===
2026-05-29 10:21:55,214 [INFO] 카테고리별 저장 결과:
2026-05-29 10:21:55,214 [INFO]    accident                  | 신규     5행 | 누적     17행 | 16컬럼
2026-05-29 10:21:55,214 [INFO]    accident_acdnt_cntrl_stts | 신규     2행 | 누적      2행 | 16컬럼
2026-05-29 10:21:55,214 [INFO]    area_meta                 | 신규   121행 | 누적    968행 | 5컬럼
2026-05-29 10:21:55,214 [INFO]    bike                      | 신규    10행 | 누적     80행 | 12컬럼
2026-05-29 10:21:55,214 [INFO]    bike_sbike_stts           | 신규   556행 | 누적   4448행 | 12컬럼
2026-05-29 10:21:55,214 [INFO]    bus                       | 신규     3행 | 누적     24행 | 11컬럼
2026-05-29 10:21:55,214 [INFO]    bus_bus_stn_stts          | 신규  1745행 | 누적  13960행 | 11컬럼
2026-05-29 10:21:55,214 [INFO]    charger                   | 신규    25행 | 누적     91행 | 15컬럼
2026-05-29 10:21:55,214 [INFO]    charger_charger_stts      | 신규   322행 | 누적  10537행 | 15컬럼
2026-05-29 10:21:55,214 [INFO]    cmrcl                     | 신규    82행 | 누적    656행 | 20컬럼
2026-05-29 10:21:55,214 [INFO]    disaster                  | 신규    17행 | 누적     17행 | 9컬럼
2026-05-29 10:21:55,214 [INFO]    events                    | 신규    13행 | 누적    101행 | 14컬럼
2026-05-29 10:21:55,214 [INFO]    events_event_stts         | 신규   174행 | 누적   1401행 | 14컬럼
2026-05-29 10:21:55,214 [INFO]    parking                   | 신규     6행 | 누적     48행 | 21컬럼
2026-05-29 10:21:55,214 [INFO]    parking_prk_stts          | 신규  1835행 | 누적  14680행 | 21컬럼
2026-05-29 10:21:55,214 [INFO]    ppltn                     | 신규   121행 | 누적    967행 | 26컬럼
2026-05-29 10:21:55,214 [INFO]    road                      | 신규   121행 | 누적    968행 | 21컬럼
2026-05-29 10:21:55,214 [INFO]    road_road_traffic_stts    | 신규  5253행 | 누적  42024행 | 17컬럼
2026-05-29 10:21:55,215 [INFO]    subway                    | 신규    38행 | 누적    304행 | 12컬럼
2026-05-29 10:21:55,215 [INFO]    subway_sub_stts           | 신규   183행 | 누적   1464행 | 13컬럼
2026-05-29 10:21:55,215 [INFO]    weather                   | 신규   119행 | 누적    952행 | 29컬럼
2026-05-29 10:21:55,215 [INFO] 키별 사용량:
2026-05-29 10:21:55,215 [INFO]    🟢 KEY_1 (31/1000) 
2026-05-29 10:21:55,215 [INFO]    🟢 KEY_2 (30/1000) 
2026-05-29 10:21:55,215 [INFO]    🟢 KEY_3 (30/1000) 
2026-05-29 10:21:55,215 [INFO]    🟢 KEY_4 (30/1000) 
2026-05-29 12:23:33,115 [INFO] 등록된 키: 4개, 합산 한도 4,000건/일
2026-05-29 12:23:33,115 [INFO] POI 로드: 매뉴얼 v8.5 기준 fallback 121개 (121개 전체)
2026-05-29 12:23:33,115 [INFO] === 수집 시작 2026-05-29T12:23:33.115852+09:00 ===
2026-05-29 12:23:33,115 [INFO] 대상 장소: 121개 | API: citydata (통합)
2026-05-29 12:23:33,116 [INFO] 키 풀: 4/4 활성 | 오늘 사용 0/4000건
2026-05-29 12:23:33,116 [INFO]   [KEY_1] 담당 31장소
2026-05-29 12:23:33,116 [INFO]   [KEY_2] 담당 30장소
2026-05-29 12:23:33,116 [INFO]   [KEY_3] 담당 30장소
2026-05-29 12:23:33,116 [INFO]   [KEY_4] 담당 30장소
2026-05-29 12:23:33,116 [INFO] [1/121] 경복궁 (primary=KEY_1)
2026-05-29 12:23:35,064 [INFO] [2/121] 광화문·덕수궁 (primary=KEY_2)
2026-05-29 12:23:37,310 [INFO] [3/121] 보신각 (primary=KEY_3)
2026-05-29 12:23:39,251 [INFO] [4/121] 서울 암사동 유적 (primary=KEY_4)
2026-05-29 12:23:40,359 [INFO] [5/121] 창덕궁·종묘 (primary=KEY_1)
2026-05-29 12:23:42,033 [INFO] [6/121] 강남 MICE 관광특구 (primary=KEY_2)
2026-05-29 12:23:43,301 [INFO] [7/121] 동대문 관광특구 (primary=KEY_3)
2026-05-29 12:23:45,303 [INFO] [8/121] 명동 관광특구 (primary=KEY_4)
2026-05-29 12:23:46,815 [INFO] [9/121] 이태원 관광특구 (primary=KEY_1)
2026-05-29 12:23:47,947 [INFO] [10/121] 잠실 관광특구 (primary=KEY_2)
2026-05-29 12:23:49,557 [INFO] [11/121] 종로·청계 관광특구 (primary=KEY_3)
2026-05-29 12:23:50,897 [INFO] [12/121] 홍대 관광특구 (primary=KEY_4)
2026-05-29 12:23:52,218 [INFO] [13/121] 강서한강공원 (primary=KEY_1)
2026-05-29 12:23:53,216 [INFO] [14/121] 고척돔 (primary=KEY_2)
2026-05-29 12:23:54,201 [INFO] [15/121] 광나루한강공원 (primary=KEY_3)
2026-05-29 12:23:55,311 [INFO] [16/121] 광화문광장 (primary=KEY_4)
2026-05-29 12:23:56,432 [INFO] [17/121] 국립중앙박물관·용산가족공원 (primary=KEY_1)
2026-05-29 12:23:57,969 [INFO] [18/121] 난지한강공원 (primary=KEY_2)
2026-05-29 12:23:58,936 [INFO] [19/121] 남산공원 (primary=KEY_3)
2026-05-29 12:24:01,042 [INFO] [20/121] 노들섬 (primary=KEY_4)
2026-05-29 12:24:02,013 [INFO] [21/121] 뚝섬한강공원 (primary=KEY_1)
2026-05-29 12:24:03,129 [INFO] [22/121] 망원한강공원 (primary=KEY_2)
2026-05-29 12:24:04,285 [INFO] [23/121] 반포한강공원 (primary=KEY_3)
2026-05-29 12:24:05,269 [INFO] [24/121] 보라매공원 (primary=KEY_4)
2026-05-29 12:24:06,279 [INFO] [25/121] 북서울꿈의숲 (primary=KEY_1)
2026-05-29 12:24:07,947 [INFO] [26/121] 서대문독립공원 (primary=KEY_2)
2026-05-29 12:24:08,948 [INFO] [27/121] 서리풀공원·몽마르뜨공원 (primary=KEY_3)
2026-05-29 12:24:10,089 [INFO] [28/121] 서울대공원 (primary=KEY_4)
2026-05-29 12:24:11,064 [INFO] [29/121] 서울숲공원 (primary=KEY_1)
2026-05-29 12:24:12,746 [INFO] [30/121] 송현녹지광장 (primary=KEY_2)
2026-05-29 12:24:14,408 [INFO] [31/121] 아차산 (primary=KEY_3)
2026-05-29 12:24:15,396 [INFO] [32/121] 안양천 (primary=KEY_4)
2026-05-29 12:24:16,378 [INFO] [33/121] 양화한강공원 (primary=KEY_1)
2026-05-29 12:24:17,349 [INFO] [34/121] 어린이대공원 (primary=KEY_2)
2026-05-29 12:24:18,486 [INFO] [35/121] 여의도한강공원 (primary=KEY_3)
2026-05-29 12:24:19,601 [INFO] [36/121] 여의서로 (primary=KEY_4)
2026-05-29 12:24:21,529 [INFO] [37/121] 올림픽공원 (primary=KEY_1)
2026-05-29 12:24:22,832 [INFO] [38/121] 월드컵공원 (primary=KEY_2)
2026-05-29 12:24:24,122 [INFO] [39/121] 응봉산 (primary=KEY_3)
2026-05-29 12:24:25,237 [INFO] [40/121] 이촌한강공원 (primary=KEY_4)
2026-05-29 12:24:26,209 [INFO] [41/121] 잠실종합운동장 (primary=KEY_1)
2026-05-29 12:24:27,204 [INFO] [42/121] 잠실한강공원 (primary=KEY_2)
2026-05-29 12:24:28,193 [INFO] [43/121] 잠원한강공원 (primary=KEY_3)
2026-05-29 12:24:29,173 [INFO] [44/121] 청계산 (primary=KEY_4)
2026-05-29 12:24:30,160 [INFO] [45/121] 홍제폭포 (primary=KEY_1)
2026-05-29 12:24:31,147 [INFO] [46/121] 가락시장 (primary=KEY_2)
2026-05-29 12:24:33,106 [INFO] [47/121] 가로수길 (primary=KEY_3)
2026-05-29 12:24:34,273 [INFO] [48/121] 광장(전통)시장 (primary=KEY_4)
2026-05-29 12:24:35,273 [INFO] [49/121] 김포공항 (primary=KEY_1)
2026-05-29 12:24:36,566 [INFO] [50/121] 남대문시장 (primary=KEY_2)
2026-05-29 12:24:37,708 [INFO] [51/121] 노량진 (primary=KEY_3)
2026-05-29 12:24:38,847 [INFO] [52/121] 덕수궁길·정동길 (primary=KEY_4)
2026-05-29 12:24:39,994 [INFO] [53/121] 북창동 먹자골목 (primary=KEY_1)
2026-05-29 12:24:41,130 [INFO] [54/121] 북촌한옥마을 (primary=KEY_2)
2026-05-29 12:24:42,410 [INFO] [55/121] 서촌 (primary=KEY_3)
2026-05-29 12:24:43,540 [INFO] [56/121] 성수카페거리 (primary=KEY_4)
2026-05-29 12:24:44,837 [INFO] [57/121] 송리단길·호수단길 (primary=KEY_1)
2026-05-29 12:24:46,053 [INFO] [58/121] 신촌 스타광장 (primary=KEY_2)
2026-05-29 12:24:47,069 [INFO] [59/121] 압구정로데오거리 (primary=KEY_3)
2026-05-29 12:24:48,221 [INFO] [60/121] 여의도 (primary=KEY_4)
2026-05-29 12:24:50,008 [INFO] [61/121] 연남동 (primary=KEY_1)
2026-05-29 12:24:51,141 [INFO] [62/121] 영등포 타임스퀘어 (primary=KEY_2)
2026-05-29 12:24:52,277 [INFO] [63/121] 용리단길 (primary=KEY_3)
2026-05-29 12:24:53,474 [INFO] [64/121] 이태원 앤틱가구거리 (primary=KEY_4)
2026-05-29 12:24:54,615 [INFO] [65/121] 익선동 (primary=KEY_1)
2026-05-29 12:24:55,775 [INFO] [66/121] 인사동 (primary=KEY_2)
2026-05-29 12:24:57,099 [INFO] [67/121] 잠실롯데타워·석촌호수 (primary=KEY_3)
2026-05-29 12:24:58,526 [INFO] [68/121] 창동 신경제 중심지 (primary=KEY_4)
2026-05-29 12:24:59,968 [INFO] [69/121] 청담동 명품거리 (primary=KEY_1)
2026-05-29 12:25:01,098 [INFO] [70/121] 청량리 제기동 일대 전통시장 (primary=KEY_2)
2026-05-29 12:25:02,236 [INFO] [71/121] 해방촌·경리단길 (primary=KEY_3)
2026-05-29 12:25:03,344 [INFO] [72/121] DDP(동대문디자인플라자) (primary=KEY_4)
2026-05-29 12:25:04,487 [INFO] [73/121] DMC(디지털미디어시티) (primary=KEY_1)
2026-05-29 12:25:05,917 [INFO] [74/121] 가산디지털단지역 (primary=KEY_2)
2026-05-29 12:25:07,467 [INFO] [75/121] 강남역 (primary=KEY_3)
2026-05-29 12:25:08,885 [INFO] [76/121] 건대입구역 (primary=KEY_4)
2026-05-29 12:25:10,019 [INFO] [77/121] 고덕역 (primary=KEY_1)
2026-05-29 12:25:11,165 [INFO] [78/121] 고속터미널역 (primary=KEY_2)
2026-05-29 12:25:12,289 [INFO] [79/121] 교대역 (primary=KEY_3)
2026-05-29 12:25:13,420 [INFO] [80/121] 구로디지털단지역 (primary=KEY_4)
2026-05-29 12:25:14,810 [INFO] [81/121] 구로역 (primary=KEY_1)
2026-05-29 12:25:15,919 [INFO] [82/121] 군자역 (primary=KEY_2)
2026-05-29 12:25:17,041 [INFO] [83/121] 대림역 (primary=KEY_3)
2026-05-29 12:25:18,175 [INFO] [84/121] 동대문역 (primary=KEY_4)
2026-05-29 12:25:19,303 [INFO] [85/121] 뚝섬역 (primary=KEY_1)
2026-05-29 12:25:20,419 [INFO] [86/121] 미아사거리역 (primary=KEY_2)
2026-05-29 12:25:21,548 [INFO] [87/121] 발산역 (primary=KEY_3)
2026-05-29 12:25:22,952 [INFO] [88/121] 사당역 (primary=KEY_4)
2026-05-29 12:25:24,076 [INFO] [89/121] 삼각지역 (primary=KEY_1)
2026-05-29 12:25:25,061 [INFO] [90/121] 서울대입구역 (primary=KEY_2)
2026-05-29 12:25:26,173 [INFO] [91/121] 서울식물원·마곡나루역 (primary=KEY_3)
2026-05-29 12:25:27,447 [INFO] [92/121] 서울역 (primary=KEY_4)
2026-05-29 12:25:28,762 [INFO] [93/121] 선릉역 (primary=KEY_1)
2026-05-29 12:25:30,189 [INFO] [94/121] 성신여대입구역 (primary=KEY_2)
2026-05-29 12:25:31,330 [INFO] [95/121] 수유역 (primary=KEY_3)
2026-05-29 12:25:32,452 [INFO] [96/121] 숭례문 (primary=KEY_4)
2026-05-29 12:25:33,713 [INFO] [97/121] 시의회 앞 (primary=KEY_1)
2026-05-29 12:25:34,878 [INFO] [98/121] 신논현역·논현역 (primary=KEY_2)
2026-05-29 12:25:36,030 [INFO] [99/121] 신도림역 (primary=KEY_3)
2026-05-29 12:25:37,016 [INFO] [100/121] 신림역 (primary=KEY_4)
2026-05-29 12:25:38,158 [INFO] [101/121] 신정네거리역 (primary=KEY_1)
2026-05-29 12:25:39,286 [INFO] [102/121] 신촌·이대역 (primary=KEY_2)
2026-05-29 12:25:40,426 [INFO] [103/121] 쌍문역 (primary=KEY_3)
2026-05-29 12:25:41,549 [INFO] [104/121] 양재역 (primary=KEY_4)
2026-05-29 12:25:42,737 [INFO] [105/121] 역삼역 (primary=KEY_1)
2026-05-29 12:25:44,008 [INFO] [106/121] 연신내역 (primary=KEY_2)
2026-05-29 12:25:45,024 [INFO] [107/121] 오목교역·목동운동장 (primary=KEY_3)
2026-05-29 12:25:46,593 [INFO] [108/121] 왕십리역 (primary=KEY_4)
2026-05-29 12:25:47,880 [INFO] [109/121] 용산역 (primary=KEY_1)
2026-05-29 12:25:49,149 [INFO] [110/121] 이태원역 (primary=KEY_2)
2026-05-29 12:25:50,152 [INFO] [111/121] 잠실새내역 (primary=KEY_3)
2026-05-29 12:25:51,300 [INFO] [112/121] 잠실역 (primary=KEY_4)
2026-05-29 12:25:52,596 [INFO] [113/121] 장지역 (primary=KEY_1)
2026-05-29 12:25:53,867 [INFO] [114/121] 장한평역 (primary=KEY_2)
2026-05-29 12:25:54,999 [INFO] [115/121] 천호역 (primary=KEY_3)
2026-05-29 12:25:56,275 [INFO] [116/121] 총신대입구(이수)역 (primary=KEY_4)
2026-05-29 12:25:57,422 [INFO] [117/121] 충정로역 (primary=KEY_1)
2026-05-29 12:25:58,576 [INFO] [118/121] 합정역 (primary=KEY_2)
2026-05-29 12:25:59,839 [INFO] [119/121] 혜화역 (primary=KEY_3)
2026-05-29 12:26:00,973 [INFO] [120/121] 홍대입구역(2호선) (primary=KEY_4)
2026-05-29 12:26:02,123 [INFO] [121/121] 회기역 (primary=KEY_1)
2026-05-29 12:26:04,902 [INFO] === 수집 완료 | 성공 121, 실패 0 ===
2026-05-29 12:26:04,902 [INFO] 카테고리별 저장 결과:
2026-05-29 12:26:04,903 [INFO]    accident                  | 신규     6행 | 누적     23행 | 16컬럼
2026-05-29 12:26:04,903 [INFO]    accident_acdnt_cntrl_stts | 신규     2행 | 누적      4행 | 16컬럼
2026-05-29 12:26:04,903 [INFO]    area_meta                 | 신규   121행 | 누적   1089행 | 5컬럼
2026-05-29 12:26:04,903 [INFO]    bike                      | 신규    10행 | 누적     90행 | 12컬럼
2026-05-29 12:26:04,903 [INFO]    bike_sbike_stts           | 신규   556행 | 누적   5004행 | 12컬럼
2026-05-29 12:26:04,903 [INFO]    bus                       | 신규     3행 | 누적     27행 | 11컬럼
2026-05-29 12:26:04,903 [INFO]    bus_bus_stn_stts          | 신규  1745행 | 누적  15705행 | 11컬럼
2026-05-29 12:26:04,903 [INFO]    charger                   | 신규     4행 | 누적     95행 | 15컬럼
2026-05-29 12:26:04,903 [INFO]    charger_charger_stts      | 신규  1870행 | 누적  12392행 | 15컬럼
2026-05-29 12:26:04,903 [INFO]    cmrcl                     | 신규    82행 | 누적    738행 | 20컬럼
2026-05-29 12:26:04,903 [INFO]    disaster                  | 신규    17행 | 누적     34행 | 9컬럼
2026-05-29 12:26:04,903 [INFO]    events                    | 신규    13행 | 누적    114행 | 14컬럼
2026-05-29 12:26:04,903 [INFO]    events_event_stts         | 신규   174행 | 누적   1575행 | 14컬럼
2026-05-29 12:26:04,903 [INFO]    news                      | 신규   120행 | 누적    120행 | 10컬럼
2026-05-29 12:26:04,903 [INFO]    parking                   | 신규     6행 | 누적     54행 | 21컬럼
2026-05-29 12:26:04,903 [INFO]    parking_prk_stts          | 신규  1835행 | 누적  16515행 | 21컬럼
2026-05-29 12:26:04,903 [INFO]    ppltn                     | 신규   121행 | 누적   1088행 | 26컬럼
2026-05-29 12:26:04,903 [INFO]    road                      | 신규   121행 | 누적   1089행 | 21컬럼
2026-05-29 12:26:04,903 [INFO]    road_road_traffic_stts    | 신규  5253행 | 누적  47277행 | 17컬럼
2026-05-29 12:26:04,903 [INFO]    subway                    | 신규    38행 | 누적    342행 | 12컬럼
2026-05-29 12:26:04,903 [INFO]    subway_sub_stts           | 신규   183행 | 누적   1647행 | 13컬럼
2026-05-29 12:26:04,903 [INFO]    weather                   | 신규   119행 | 누적   1071행 | 29컬럼
2026-05-29 12:26:04,903 [INFO] 키별 사용량:
2026-05-29 12:26:04,903 [INFO]    🟢 KEY_1 (31/1000) 
2026-05-29 12:26:04,903 [INFO]    🟢 KEY_2 (30/1000) 
2026-05-29 12:26:04,903 [INFO]    🟢 KEY_3 (30/1000) 
2026-05-29 12:26:04,903 [INFO]    🟢 KEY_4 (30/1000) 
2026-05-29 14:39:21,732 [INFO] 등록된 키: 4개, 합산 한도 4,000건/일
2026-05-29 14:39:21,733 [INFO] POI 로드: 매뉴얼 v8.5 기준 fallback 121개 (121개 전체)
2026-05-29 14:39:21,733 [INFO] === 수집 시작 2026-05-29T14:39:21.733594+09:00 ===
2026-05-29 14:39:21,733 [INFO] 대상 장소: 121개 | API: citydata (통합)
2026-05-29 14:39:21,733 [INFO] 키 풀: 4/4 활성 | 오늘 사용 0/4000건
2026-05-29 14:39:21,733 [INFO]   [KEY_1] 담당 31장소
2026-05-29 14:39:21,733 [INFO]   [KEY_2] 담당 30장소
2026-05-29 14:39:21,734 [INFO]   [KEY_3] 담당 30장소
2026-05-29 14:39:21,734 [INFO]   [KEY_4] 담당 30장소
2026-05-29 14:39:21,734 [INFO] [1/121] 경복궁 (primary=KEY_1)
2026-05-29 14:39:23,470 [INFO] [2/121] 광화문·덕수궁 (primary=KEY_2)
2026-05-29 14:39:25,525 [INFO] [3/121] 보신각 (primary=KEY_3)
2026-05-29 14:39:26,806 [INFO] [4/121] 서울 암사동 유적 (primary=KEY_4)
2026-05-29 14:39:28,356 [INFO] [5/121] 창덕궁·종묘 (primary=KEY_1)
2026-05-29 14:39:29,494 [INFO] [6/121] 강남 MICE 관광특구 (primary=KEY_2)
2026-05-29 14:39:30,654 [INFO] [7/121] 동대문 관광특구 (primary=KEY_3)
2026-05-29 14:39:32,015 [INFO] [8/121] 명동 관광특구 (primary=KEY_4)
2026-05-29 14:39:33,524 [INFO] [9/121] 이태원 관광특구 (primary=KEY_1)
2026-05-29 14:39:34,685 [INFO] [10/121] 잠실 관광특구 (primary=KEY_2)
2026-05-29 14:39:36,902 [INFO] [11/121] 종로·청계 관광특구 (primary=KEY_3)
2026-05-29 14:39:38,820 [INFO] [12/121] 홍대 관광특구 (primary=KEY_4)
2026-05-29 14:39:40,763 [INFO] [13/121] 강서한강공원 (primary=KEY_1)
2026-05-29 14:39:42,316 [INFO] [14/121] 고척돔 (primary=KEY_2)
2026-05-29 14:39:43,890 [INFO] [15/121] 광나루한강공원 (primary=KEY_3)
2026-05-29 14:39:45,024 [INFO] [16/121] 광화문광장 (primary=KEY_4)
2026-05-29 14:39:46,186 [INFO] [17/121] 국립중앙박물관·용산가족공원 (primary=KEY_1)
2026-05-29 14:39:47,197 [INFO] [18/121] 난지한강공원 (primary=KEY_2)
2026-05-29 14:39:48,186 [INFO] [19/121] 남산공원 (primary=KEY_3)
2026-05-29 14:39:49,514 [INFO] [20/121] 노들섬 (primary=KEY_4)
2026-05-29 14:39:50,496 [INFO] [21/121] 뚝섬한강공원 (primary=KEY_1)
2026-05-29 14:39:51,519 [INFO] [22/121] 망원한강공원 (primary=KEY_2)
2026-05-29 14:39:52,723 [INFO] [23/121] 반포한강공원 (primary=KEY_3)
2026-05-29 14:39:54,300 [INFO] [24/121] 보라매공원 (primary=KEY_4)
2026-05-29 14:39:55,311 [INFO] [25/121] 북서울꿈의숲 (primary=KEY_1)
2026-05-29 14:39:56,440 [INFO] [26/121] 서대문독립공원 (primary=KEY_2)
2026-05-29 14:39:57,437 [INFO] [27/121] 서리풀공원·몽마르뜨공원 (primary=KEY_3)
2026-05-29 14:39:58,605 [INFO] [28/121] 서울대공원 (primary=KEY_4)
2026-05-29 14:39:59,600 [INFO] [29/121] 서울숲공원 (primary=KEY_1)
2026-05-29 14:40:00,749 [INFO] [30/121] 송현녹지광장 (primary=KEY_2)
2026-05-29 14:40:01,899 [INFO] [31/121] 아차산 (primary=KEY_3)
2026-05-29 14:40:02,880 [INFO] [32/121] 안양천 (primary=KEY_4)
2026-05-29 14:40:03,861 [INFO] [33/121] 양화한강공원 (primary=KEY_1)
2026-05-29 14:40:04,839 [INFO] [34/121] 어린이대공원 (primary=KEY_2)
2026-05-29 14:40:05,984 [INFO] [35/121] 여의도한강공원 (primary=KEY_3)
2026-05-29 14:40:07,147 [INFO] [36/121] 여의서로 (primary=KEY_4)
2026-05-29 14:40:08,265 [INFO] [37/121] 올림픽공원 (primary=KEY_1)
2026-05-29 14:40:09,552 [INFO] [38/121] 월드컵공원 (primary=KEY_2)
2026-05-29 14:40:10,841 [INFO] [39/121] 응봉산 (primary=KEY_3)
2026-05-29 14:40:12,529 [INFO] [40/121] 이촌한강공원 (primary=KEY_4)
2026-05-29 14:40:13,531 [INFO] [41/121] 잠실종합운동장 (primary=KEY_1)
2026-05-29 14:40:14,528 [INFO] [42/121] 잠실한강공원 (primary=KEY_2)
2026-05-29 14:40:15,518 [INFO] [43/121] 잠원한강공원 (primary=KEY_3)
2026-05-29 14:40:16,503 [INFO] [44/121] 청계산 (primary=KEY_4)
2026-05-29 14:40:17,484 [INFO] [45/121] 홍제폭포 (primary=KEY_1)
2026-05-29 14:40:18,485 [INFO] [46/121] 가락시장 (primary=KEY_2)
2026-05-29 14:40:19,673 [INFO] [47/121] 가로수길 (primary=KEY_3)
2026-05-29 14:40:20,861 [INFO] [48/121] 광장(전통)시장 (primary=KEY_4)
2026-05-29 14:40:21,848 [INFO] [49/121] 김포공항 (primary=KEY_1)
2026-05-29 14:40:23,143 [INFO] [50/121] 남대문시장 (primary=KEY_2)
2026-05-29 14:40:24,296 [INFO] [51/121] 노량진 (primary=KEY_3)
2026-05-29 14:40:25,470 [INFO] [52/121] 덕수궁길·정동길 (primary=KEY_4)
2026-05-29 14:40:26,647 [INFO] [53/121] 북창동 먹자골목 (primary=KEY_1)
2026-05-29 14:40:27,809 [INFO] [54/121] 북촌한옥마을 (primary=KEY_2)
2026-05-29 14:40:29,090 [INFO] [55/121] 서촌 (primary=KEY_3)
2026-05-29 14:40:30,217 [INFO] [56/121] 성수카페거리 (primary=KEY_4)
2026-05-29 14:40:31,528 [INFO] [57/121] 송리단길·호수단길 (primary=KEY_1)
2026-05-29 14:40:32,695 [INFO] [58/121] 신촌 스타광장 (primary=KEY_2)
2026-05-29 14:40:33,718 [INFO] [59/121] 압구정로데오거리 (primary=KEY_3)
2026-05-29 14:40:34,867 [INFO] [60/121] 여의도 (primary=KEY_4)
2026-05-29 14:40:36,703 [INFO] [61/121] 연남동 (primary=KEY_1)
2026-05-29 14:40:37,853 [INFO] [62/121] 영등포 타임스퀘어 (primary=KEY_2)
2026-05-29 14:40:39,019 [INFO] [63/121] 용리단길 (primary=KEY_3)
2026-05-29 14:40:40,208 [INFO] [64/121] 이태원 앤틱가구거리 (primary=KEY_4)
2026-05-29 14:40:41,358 [INFO] [65/121] 익선동 (primary=KEY_1)
2026-05-29 14:40:42,528 [INFO] [66/121] 인사동 (primary=KEY_2)
2026-05-29 14:40:43,825 [INFO] [67/121] 잠실롯데타워·석촌호수 (primary=KEY_3)
2026-05-29 14:40:45,303 [INFO] [68/121] 창동 신경제 중심지 (primary=KEY_4)
2026-05-29 14:40:46,787 [INFO] [69/121] 청담동 명품거리 (primary=KEY_1)
2026-05-29 14:40:47,967 [INFO] [70/121] 청량리 제기동 일대 전통시장 (primary=KEY_2)
2026-05-29 14:40:49,125 [INFO] [71/121] 해방촌·경리단길 (primary=KEY_3)
2026-05-29 14:40:50,264 [INFO] [72/121] DDP(동대문디자인플라자) (primary=KEY_4)
2026-05-29 14:40:51,455 [INFO] [73/121] DMC(디지털미디어시티) (primary=KEY_1)
2026-05-29 14:40:52,961 [INFO] [74/121] 가산디지털단지역 (primary=KEY_2)
2026-05-29 14:40:54,580 [INFO] [75/121] 강남역 (primary=KEY_3)
2026-05-29 14:40:56,071 [INFO] [76/121] 건대입구역 (primary=KEY_4)
2026-05-29 14:40:57,390 [INFO] [77/121] 고덕역 (primary=KEY_1)
2026-05-29 14:40:58,535 [INFO] [78/121] 고속터미널역 (primary=KEY_2)
2026-05-29 14:40:59,722 [INFO] [79/121] 교대역 (primary=KEY_3)
2026-05-29 14:41:00,891 [INFO] [80/121] 구로디지털단지역 (primary=KEY_4)
2026-05-29 14:41:02,348 [INFO] [81/121] 구로역 (primary=KEY_1)
2026-05-29 14:41:03,510 [INFO] [82/121] 군자역 (primary=KEY_2)
2026-05-29 14:41:04,665 [INFO] [83/121] 대림역 (primary=KEY_3)
2026-05-29 14:41:05,823 [INFO] [84/121] 동대문역 (primary=KEY_4)
2026-05-29 14:41:06,988 [INFO] [85/121] 뚝섬역 (primary=KEY_1)
2026-05-29 14:41:08,983 [INFO] [86/121] 미아사거리역 (primary=KEY_2)
2026-05-29 14:41:10,143 [INFO] [87/121] 발산역 (primary=KEY_3)
2026-05-29 14:41:11,587 [INFO] [88/121] 사당역 (primary=KEY_4)
2026-05-29 14:41:12,736 [INFO] [89/121] 삼각지역 (primary=KEY_1)
2026-05-29 14:41:13,752 [INFO] [90/121] 서울대입구역 (primary=KEY_2)
2026-05-29 14:41:14,894 [INFO] [91/121] 서울식물원·마곡나루역 (primary=KEY_3)
2026-05-29 14:41:16,221 [INFO] [92/121] 서울역 (primary=KEY_4)
2026-05-29 14:41:17,574 [INFO] [93/121] 선릉역 (primary=KEY_1)
2026-05-29 14:41:19,047 [INFO] [94/121] 성신여대입구역 (primary=KEY_2)
2026-05-29 14:41:20,188 [INFO] [95/121] 수유역 (primary=KEY_3)
2026-05-29 14:41:21,337 [INFO] [96/121] 숭례문 (primary=KEY_4)
2026-05-29 14:41:22,492 [INFO] [97/121] 시의회 앞 (primary=KEY_1)
2026-05-29 14:41:23,656 [INFO] [98/121] 신논현역·논현역 (primary=KEY_2)
2026-05-29 14:41:24,835 [INFO] [99/121] 신도림역 (primary=KEY_3)
2026-05-29 14:41:25,848 [INFO] [100/121] 신림역 (primary=KEY_4)
2026-05-29 14:41:26,981 [INFO] [101/121] 신정네거리역 (primary=KEY_1)
2026-05-29 14:41:28,119 [INFO] [102/121] 신촌·이대역 (primary=KEY_2)
2026-05-29 14:41:29,258 [INFO] [103/121] 쌍문역 (primary=KEY_3)
2026-05-29 14:41:30,411 [INFO] [104/121] 양재역 (primary=KEY_4)
2026-05-29 14:41:32,218 [INFO] [105/121] 역삼역 (primary=KEY_1)
2026-05-29 14:41:34,097 [INFO] [106/121] 연신내역 (primary=KEY_2)
2026-05-29 14:41:35,695 [INFO] [107/121] 오목교역·목동운동장 (primary=KEY_3)
2026-05-29 14:41:37,882 [INFO] [108/121] 왕십리역 (primary=KEY_4)
2026-05-29 14:41:39,749 [INFO] [109/121] 용산역 (primary=KEY_1)
2026-05-29 14:41:41,631 [INFO] [110/121] 이태원역 (primary=KEY_2)
2026-05-29 14:41:42,636 [INFO] [111/121] 잠실새내역 (primary=KEY_3)
2026-05-29 14:41:43,785 [INFO] [112/121] 잠실역 (primary=KEY_4)
2026-05-29 14:41:45,672 [INFO] [113/121] 장지역 (primary=KEY_1)
2026-05-29 14:41:47,546 [INFO] [114/121] 장한평역 (primary=KEY_2)
2026-05-29 14:41:48,730 [INFO] [115/121] 천호역 (primary=KEY_3)
2026-05-29 14:41:50,025 [INFO] [116/121] 총신대입구(이수)역 (primary=KEY_4)
2026-05-29 14:41:51,190 [INFO] [117/121] 충정로역 (primary=KEY_1)
2026-05-29 14:41:52,355 [INFO] [118/121] 합정역 (primary=KEY_2)
2026-05-29 14:41:53,641 [INFO] [119/121] 혜화역 (primary=KEY_3)
2026-05-29 14:41:54,769 [INFO] [120/121] 홍대입구역(2호선) (primary=KEY_4)
2026-05-29 14:41:56,529 [INFO] [121/121] 회기역 (primary=KEY_1)
2026-05-29 14:41:59,512 [INFO] === 수집 완료 | 성공 121, 실패 0 ===
2026-05-29 14:41:59,512 [INFO] 카테고리별 저장 결과:
2026-05-29 14:41:59,512 [INFO]    accident                  | 신규     3행 | 누적     26행 | 16컬럼
2026-05-29 14:41:59,513 [INFO]    area_meta                 | 신규   121행 | 누적   1210행 | 5컬럼
2026-05-29 14:41:59,513 [INFO]    bike                      | 신규    10행 | 누적    100행 | 12컬럼
2026-05-29 14:41:59,513 [INFO]    bike_sbike_stts           | 신규   556행 | 누적   5560행 | 12컬럼
2026-05-29 14:41:59,513 [INFO]    bus                       | 신규     3행 | 누적     30행 | 11컬럼
2026-05-29 14:41:59,513 [INFO]    bus_bus_stn_stts          | 신규  1745행 | 누적  17450행 | 11컬럼
2026-05-29 14:41:59,513 [INFO]    charger                   | 신규     4행 | 누적     99행 | 15컬럼
2026-05-29 14:41:59,513 [INFO]    charger_charger_stts      | 신규  1871행 | 누적  14248행 | 15컬럼
2026-05-29 14:41:59,513 [INFO]    cmrcl                     | 신규    82행 | 누적    820행 | 20컬럼
2026-05-29 14:41:59,513 [INFO]    disaster                  | 신규    17행 | 누적     51행 | 9컬럼
2026-05-29 14:41:59,513 [INFO]    events                    | 신규    13행 | 누적    127행 | 14컬럼
2026-05-29 14:41:59,513 [INFO]    events_event_stts         | 신규   174행 | 누적   1749행 | 14컬럼
2026-05-29 14:41:59,513 [INFO]    news                      | 신규   120행 | 누적    240행 | 10컬럼
2026-05-29 14:41:59,513 [INFO]    parking                   | 신규     6행 | 누적     60행 | 21컬럼
2026-05-29 14:41:59,513 [INFO]    parking_prk_stts          | 신규  1835행 | 누적  18350행 | 21컬럼
2026-05-29 14:41:59,513 [INFO]    ppltn                     | 신규   121행 | 누적   1209행 | 26컬럼
2026-05-29 14:41:59,513 [INFO]    road                      | 신규   121행 | 누적   1210행 | 21컬럼
2026-05-29 14:41:59,513 [INFO]    road_road_traffic_stts    | 신규  5253행 | 누적  52530행 | 17컬럼
2026-05-29 14:41:59,513 [INFO]    subway                    | 신규    38행 | 누적    380행 | 12컬럼
2026-05-29 14:41:59,514 [INFO]    subway_sub_stts           | 신규   183행 | 누적   1830행 | 13컬럼
2026-05-29 14:41:59,514 [INFO]    weather                   | 신규   119행 | 누적   1190행 | 29컬럼
2026-05-29 14:41:59,514 [INFO] 키별 사용량:
2026-05-29 14:41:59,514 [INFO]    🟢 KEY_1 (31/1000) 
2026-05-29 14:41:59,514 [INFO]    🟢 KEY_2 (30/1000) 
2026-05-29 14:41:59,514 [INFO]    🟢 KEY_3 (30/1000) 
2026-05-29 14:41:59,514 [INFO]    🟢 KEY_4 (30/1000) 
2026-05-29 16:38:30,465 [INFO] 등록된 키: 4개, 합산 한도 4,000건/일
2026-05-29 16:38:30,466 [INFO] POI 로드: 매뉴얼 v8.5 기준 fallback 121개 (121개 전체)
2026-05-29 16:38:30,466 [INFO] === 수집 시작 2026-05-29T16:38:30.466351+09:00 ===
2026-05-29 16:38:30,466 [INFO] 대상 장소: 121개 | API: citydata (통합)
2026-05-29 16:38:30,466 [INFO] 키 풀: 4/4 활성 | 오늘 사용 0/4000건
2026-05-29 16:38:30,466 [INFO]   [KEY_1] 담당 31장소
2026-05-29 16:38:30,466 [INFO]   [KEY_2] 담당 30장소
2026-05-29 16:38:30,466 [INFO]   [KEY_3] 담당 30장소
2026-05-29 16:38:30,466 [INFO]   [KEY_4] 담당 30장소
2026-05-29 16:38:30,466 [INFO] [1/121] 경복궁 (primary=KEY_1)
2026-05-29 16:38:32,977 [INFO] [2/121] 광화문·덕수궁 (primary=KEY_2)
2026-05-29 16:38:35,447 [INFO] [3/121] 보신각 (primary=KEY_3)
2026-05-29 16:38:37,589 [INFO] [4/121] 서울 암사동 유적 (primary=KEY_4)
2026-05-29 16:38:39,224 [INFO] [5/121] 창덕궁·종묘 (primary=KEY_1)
2026-05-29 16:38:40,781 [INFO] [6/121] 강남 MICE 관광특구 (primary=KEY_2)
2026-05-29 16:38:42,667 [INFO] [7/121] 동대문 관광특구 (primary=KEY_3)
2026-05-29 16:38:45,227 [INFO] [8/121] 명동 관광특구 (primary=KEY_4)
2026-05-29 16:38:47,190 [INFO] [9/121] 이태원 관광특구 (primary=KEY_1)
2026-05-29 16:38:49,177 [INFO] [10/121] 잠실 관광특구 (primary=KEY_2)
2026-05-29 16:38:50,984 [INFO] [11/121] 종로·청계 관광특구 (primary=KEY_3)
2026-05-29 16:38:52,834 [INFO] [12/121] 홍대 관광특구 (primary=KEY_4)
2026-05-29 16:38:55,202 [INFO] [13/121] 강서한강공원 (primary=KEY_1)
2026-05-29 16:38:56,537 [INFO] [14/121] 고척돔 (primary=KEY_2)
2026-05-29 16:38:57,905 [INFO] [15/121] 광나루한강공원 (primary=KEY_3)
2026-05-29 16:38:59,480 [INFO] [16/121] 광화문광장 (primary=KEY_4)
2026-05-29 16:39:01,061 [INFO] [17/121] 국립중앙박물관·용산가족공원 (primary=KEY_1)
2026-05-29 16:39:03,397 [INFO] [18/121] 난지한강공원 (primary=KEY_2)
2026-05-29 16:39:04,543 [INFO] [19/121] 남산공원 (primary=KEY_3)
2026-05-29 16:39:06,171 [INFO] [20/121] 노들섬 (primary=KEY_4)
2026-05-29 16:39:07,329 [INFO] [21/121] 뚝섬한강공원 (primary=KEY_1)
2026-05-29 16:39:08,464 [INFO] [22/121] 망원한강공원 (primary=KEY_2)
2026-05-29 16:39:10,613 [INFO] [23/121] 반포한강공원 (primary=KEY_3)
2026-05-29 16:39:11,788 [INFO] [24/121] 보라매공원 (primary=KEY_4)
2026-05-29 16:39:12,978 [INFO] [25/121] 북서울꿈의숲 (primary=KEY_1)
2026-05-29 16:39:15,103 [INFO] [26/121] 서대문독립공원 (primary=KEY_2)
2026-05-29 16:39:16,473 [INFO] [27/121] 서리풀공원·몽마르뜨공원 (primary=KEY_3)
2026-05-29 16:39:19,071 [INFO] [28/121] 서울대공원 (primary=KEY_4)
2026-05-29 16:39:20,218 [INFO] [29/121] 서울숲공원 (primary=KEY_1)
2026-05-29 16:39:21,790 [INFO] [30/121] 송현녹지광장 (primary=KEY_2)
2026-05-29 16:39:23,185 [INFO] [31/121] 아차산 (primary=KEY_3)
2026-05-29 16:39:24,323 [INFO] [32/121] 안양천 (primary=KEY_4)
2026-05-29 16:39:25,632 [INFO] [33/121] 양화한강공원 (primary=KEY_1)
2026-05-29 16:39:26,773 [INFO] [34/121] 어린이대공원 (primary=KEY_2)
2026-05-29 16:39:28,174 [INFO] [35/121] 여의도한강공원 (primary=KEY_3)
2026-05-29 16:39:29,541 [INFO] [36/121] 여의서로 (primary=KEY_4)
2026-05-29 16:39:30,888 [INFO] [37/121] 올림픽공원 (primary=KEY_1)
2026-05-29 16:39:32,262 [INFO] [38/121] 월드컵공원 (primary=KEY_2)
2026-05-29 16:39:33,846 [INFO] [39/121] 응봉산 (primary=KEY_3)
2026-05-29 16:39:35,424 [INFO] [40/121] 이촌한강공원 (primary=KEY_4)
2026-05-29 16:39:36,586 [INFO] [41/121] 잠실종합운동장 (primary=KEY_1)
2026-05-29 16:39:38,129 [INFO] [42/121] 잠실한강공원 (primary=KEY_2)
2026-05-29 16:39:39,266 [INFO] [43/121] 잠원한강공원 (primary=KEY_3)
2026-05-29 16:39:40,421 [INFO] [44/121] 청계산 (primary=KEY_4)
2026-05-29 16:39:41,577 [INFO] [45/121] 홍제폭포 (primary=KEY_1)
2026-05-29 16:39:42,702 [INFO] [46/121] 가락시장 (primary=KEY_2)
2026-05-29 16:39:45,056 [INFO] [47/121] 가로수길 (primary=KEY_3)
2026-05-29 16:39:46,454 [INFO] [48/121] 광장(전통)시장 (primary=KEY_4)
2026-05-29 16:39:47,610 [INFO] [49/121] 김포공항 (primary=KEY_1)
2026-05-29 16:39:49,000 [INFO] [50/121] 남대문시장 (primary=KEY_2)
2026-05-29 16:39:50,338 [INFO] [51/121] 노량진 (primary=KEY_3)
2026-05-29 16:39:51,743 [INFO] [52/121] 덕수궁길·정동길 (primary=KEY_4)
2026-05-29 16:39:53,282 [INFO] [53/121] 북창동 먹자골목 (primary=KEY_1)
2026-05-29 16:39:54,629 [INFO] [54/121] 북촌한옥마을 (primary=KEY_2)
2026-05-29 16:39:56,178 [INFO] [55/121] 서촌 (primary=KEY_3)
2026-05-29 16:39:57,536 [INFO] [56/121] 성수카페거리 (primary=KEY_4)
2026-05-29 16:39:59,096 [INFO] [57/121] 송리단길·호수단길 (primary=KEY_1)
2026-05-29 16:40:00,507 [INFO] [58/121] 신촌 스타광장 (primary=KEY_2)
2026-05-29 16:40:01,662 [INFO] [59/121] 압구정로데오거리 (primary=KEY_3)
2026-05-29 16:40:03,061 [INFO] [60/121] 여의도 (primary=KEY_4)
2026-05-29 16:40:05,132 [INFO] [61/121] 연남동 (primary=KEY_1)
2026-05-29 16:40:06,492 [INFO] [62/121] 영등포 타임스퀘어 (primary=KEY_2)
2026-05-29 16:40:07,834 [INFO] [63/121] 용리단길 (primary=KEY_3)
2026-05-29 16:40:09,942 [INFO] [64/121] 이태원 앤틱가구거리 (primary=KEY_4)
2026-05-29 16:40:12,074 [INFO] [65/121] 익선동 (primary=KEY_1)
2026-05-29 16:40:13,448 [INFO] [66/121] 인사동 (primary=KEY_2)
2026-05-29 16:40:14,899 [INFO] [67/121] 잠실롯데타워·석촌호수 (primary=KEY_3)
2026-05-29 16:40:16,297 [INFO] [68/121] 창동 신경제 중심지 (primary=KEY_4)
2026-05-29 16:40:17,905 [INFO] [69/121] 청담동 명품거리 (primary=KEY_1)
2026-05-29 16:40:19,238 [INFO] [70/121] 청량리 제기동 일대 전통시장 (primary=KEY_2)
2026-05-29 16:40:20,595 [INFO] [71/121] 해방촌·경리단길 (primary=KEY_3)
2026-05-29 16:40:21,728 [INFO] [72/121] DDP(동대문디자인플라자) (primary=KEY_4)
2026-05-29 16:40:23,147 [INFO] [73/121] DMC(디지털미디어시티) (primary=KEY_1)
2026-05-29 16:40:24,753 [INFO] [74/121] 가산디지털단지역 (primary=KEY_2)
2026-05-29 16:40:26,325 [INFO] [75/121] 강남역 (primary=KEY_3)
2026-05-29 16:40:27,930 [INFO] [76/121] 건대입구역 (primary=KEY_4)
2026-05-29 16:40:29,300 [INFO] [77/121] 고덕역 (primary=KEY_1)
2026-05-29 16:40:30,671 [INFO] [78/121] 고속터미널역 (primary=KEY_2)
2026-05-29 16:40:32,044 [INFO] [79/121] 교대역 (primary=KEY_3)
2026-05-29 16:40:33,204 [INFO] [80/121] 구로디지털단지역 (primary=KEY_4)
2026-05-29 16:40:34,604 [INFO] [81/121] 구로역 (primary=KEY_1)
2026-05-29 16:40:36,434 [INFO] [82/121] 군자역 (primary=KEY_2)
2026-05-29 16:40:37,785 [INFO] [83/121] 대림역 (primary=KEY_3)
2026-05-29 16:40:39,183 [INFO] [84/121] 동대문역 (primary=KEY_4)
2026-05-29 16:40:40,580 [INFO] [85/121] 뚝섬역 (primary=KEY_1)
2026-05-29 16:40:41,963 [INFO] [86/121] 미아사거리역 (primary=KEY_2)
2026-05-29 16:40:43,336 [INFO] [87/121] 발산역 (primary=KEY_3)
2026-05-29 16:40:44,879 [INFO] [88/121] 사당역 (primary=KEY_4)
2026-05-29 16:40:46,258 [INFO] [89/121] 삼각지역 (primary=KEY_1)
2026-05-29 16:40:47,440 [INFO] [90/121] 서울대입구역 (primary=KEY_2)
2026-05-29 16:40:48,810 [INFO] [91/121] 서울식물원·마곡나루역 (primary=KEY_3)
2026-05-29 16:40:50,188 [INFO] [92/121] 서울역 (primary=KEY_4)
2026-05-29 16:40:51,781 [INFO] [93/121] 선릉역 (primary=KEY_1)
2026-05-29 16:40:53,376 [INFO] [94/121] 성신여대입구역 (primary=KEY_2)
2026-05-29 16:40:54,738 [INFO] [95/121] 수유역 (primary=KEY_3)
2026-05-29 16:40:56,077 [INFO] [96/121] 숭례문 (primary=KEY_4)
2026-05-29 16:40:57,438 [INFO] [97/121] 시의회 앞 (primary=KEY_1)
2026-05-29 16:40:58,786 [INFO] [98/121] 신논현역·논현역 (primary=KEY_2)
2026-05-29 16:41:00,171 [INFO] [99/121] 신도림역 (primary=KEY_3)
2026-05-29 16:41:01,336 [INFO] [100/121] 신림역 (primary=KEY_4)
2026-05-29 16:41:02,696 [INFO] [101/121] 신정네거리역 (primary=KEY_1)
2026-05-29 16:41:03,854 [INFO] [102/121] 신촌·이대역 (primary=KEY_2)
2026-05-29 16:41:05,224 [INFO] [103/121] 쌍문역 (primary=KEY_3)
2026-05-29 16:41:06,572 [INFO] [104/121] 양재역 (primary=KEY_4)
2026-05-29 16:41:07,931 [INFO] [105/121] 역삼역 (primary=KEY_1)
2026-05-29 16:41:09,317 [INFO] [106/121] 연신내역 (primary=KEY_2)
2026-05-29 16:41:10,580 [INFO] [107/121] 오목교역·목동운동장 (primary=KEY_3)
2026-05-29 16:41:12,339 [INFO] [108/121] 왕십리역 (primary=KEY_4)
2026-05-29 16:41:13,709 [INFO] [109/121] 용산역 (primary=KEY_1)
2026-05-29 16:41:15,292 [INFO] [110/121] 이태원역 (primary=KEY_2)
2026-05-29 16:41:16,469 [INFO] [111/121] 잠실새내역 (primary=KEY_3)
2026-05-29 16:41:17,830 [INFO] [112/121] 잠실역 (primary=KEY_4)
2026-05-29 16:41:19,182 [INFO] [113/121] 장지역 (primary=KEY_1)
2026-05-29 16:41:20,728 [INFO] [114/121] 장한평역 (primary=KEY_2)
2026-05-29 16:41:22,082 [INFO] [115/121] 천호역 (primary=KEY_3)
2026-05-29 16:41:23,495 [INFO] [116/121] 총신대입구(이수)역 (primary=KEY_4)
2026-05-29 16:41:24,861 [INFO] [117/121] 충정로역 (primary=KEY_1)
2026-05-29 16:41:26,219 [INFO] [118/121] 합정역 (primary=KEY_2)
2026-05-29 16:41:27,584 [INFO] [119/121] 혜화역 (primary=KEY_3)
2026-05-29 16:41:29,534 [INFO] [120/121] 홍대입구역(2호선) (primary=KEY_4)
2026-05-29 16:41:30,893 [INFO] [121/121] 회기역 (primary=KEY_1)
2026-05-29 16:41:34,299 [INFO] === 수집 완료 | 성공 121, 실패 0 ===
2026-05-29 16:41:34,299 [INFO] 카테고리별 저장 결과:
2026-05-29 16:41:34,299 [INFO]    accident                  | 신규     9행 | 누적     35행 | 16컬럼
2026-05-29 16:41:34,299 [INFO]    accident_acdnt_cntrl_stts | 신규     2행 | 누적      6행 | 16컬럼
2026-05-29 16:41:34,299 [INFO]    area_meta                 | 신규   121행 | 누적   1331행 | 5컬럼
2026-05-29 16:41:34,299 [INFO]    bike                      | 신규    10행 | 누적    110행 | 12컬럼
2026-05-29 16:41:34,299 [INFO]    bike_sbike_stts           | 신규   556행 | 누적   6116행 | 12컬럼
2026-05-29 16:41:34,299 [INFO]    bus                       | 신규     3행 | 누적     33행 | 11컬럼
2026-05-29 16:41:34,299 [INFO]    bus_bus_stn_stts          | 신규  1745행 | 누적  19195행 | 11컬럼
2026-05-29 16:41:34,299 [INFO]    charger                   | 신규    13행 | 누적    112행 | 15컬럼
2026-05-29 16:41:34,299 [INFO]    charger_charger_stts      | 신규   704행 | 누적  14947행 | 15컬럼
2026-05-29 16:41:34,299 [INFO]    cmrcl                     | 신규    82행 | 누적    902행 | 20컬럼
2026-05-29 16:41:34,299 [INFO]    disaster                  | 신규    17행 | 누적     68행 | 9컬럼
2026-05-29 16:41:34,299 [INFO]    events                    | 신규    13행 | 누적    140행 | 14컬럼
2026-05-29 16:41:34,299 [INFO]    events_event_stts         | 신규   174행 | 누적   1923행 | 14컬럼
2026-05-29 16:41:34,299 [INFO]    news_live_yna_news        | 신규   243행 | 누적    243행 | 10컬럼
2026-05-29 16:41:34,299 [INFO]    parking                   | 신규     6행 | 누적     66행 | 21컬럼
2026-05-29 16:41:34,300 [INFO]    parking_prk_stts          | 신규  1835행 | 누적  20185행 | 21컬럼
2026-05-29 16:41:34,300 [INFO]    ppltn                     | 신규   121행 | 누적   1330행 | 26컬럼
2026-05-29 16:41:34,300 [INFO]    road                      | 신규   121행 | 누적   1331행 | 21컬럼
2026-05-29 16:41:34,300 [INFO]    road_road_traffic_stts    | 신규  5253행 | 누적  57783행 | 17컬럼
2026-05-29 16:41:34,300 [INFO]    subway                    | 신규    38행 | 누적    418행 | 12컬럼
2026-05-29 16:41:34,300 [INFO]    subway_sub_stts           | 신규   183행 | 누적   2013행 | 13컬럼
2026-05-29 16:41:34,300 [INFO]    weather                   | 신규   119행 | 누적   1309행 | 29컬럼
2026-05-29 16:41:34,300 [INFO] 키별 사용량:
2026-05-29 16:41:34,300 [INFO]    🟢 KEY_1 (31/1000) 
2026-05-29 16:41:34,300 [INFO]    🟢 KEY_2 (30/1000) 
2026-05-29 16:41:34,300 [INFO]    🟢 KEY_3 (30/1000) 
2026-05-29 16:41:34,300 [INFO]    🟢 KEY_4 (30/1000) 
2026-05-29 18:26:29,963 [INFO] 등록된 키: 4개, 합산 한도 4,000건/일
2026-05-29 18:26:29,964 [INFO] POI 로드: 매뉴얼 v8.5 기준 fallback 121개 (121개 전체)
2026-05-29 18:26:29,964 [INFO] === 수집 시작 2026-05-29T18:26:29.964652+09:00 ===
2026-05-29 18:26:29,964 [INFO] 대상 장소: 121개 | API: citydata (통합)
2026-05-29 18:26:29,964 [INFO] 키 풀: 4/4 활성 | 오늘 사용 0/4000건
2026-05-29 18:26:29,964 [INFO]   [KEY_1] 담당 31장소
2026-05-29 18:26:29,964 [INFO]   [KEY_2] 담당 30장소
2026-05-29 18:26:29,965 [INFO]   [KEY_3] 담당 30장소
2026-05-29 18:26:29,965 [INFO]   [KEY_4] 담당 30장소
2026-05-29 18:26:29,965 [INFO] [1/121] 경복궁 (primary=KEY_1)
2026-05-29 18:26:32,504 [INFO] [2/121] 광화문·덕수궁 (primary=KEY_2)
2026-05-29 18:26:34,065 [INFO] [3/121] 보신각 (primary=KEY_3)
2026-05-29 18:26:36,380 [INFO] [4/121] 서울 암사동 유적 (primary=KEY_4)
2026-05-29 18:26:38,104 [INFO] [5/121] 창덕궁·종묘 (primary=KEY_1)
2026-05-29 18:26:40,306 [INFO] [6/121] 강남 MICE 관광특구 (primary=KEY_2)
2026-05-29 18:26:42,260 [INFO] [7/121] 동대문 관광특구 (primary=KEY_3)
2026-05-29 18:26:44,799 [INFO] [8/121] 명동 관광특구 (primary=KEY_4)
2026-05-29 18:26:47,263 [INFO] [9/121] 이태원 관광특구 (primary=KEY_1)
2026-05-29 18:26:48,653 [INFO] [10/121] 잠실 관광특구 (primary=KEY_2)
2026-05-29 18:26:50,802 [INFO] [11/121] 종로·청계 관광특구 (primary=KEY_3)
2026-05-29 18:26:52,472 [INFO] [12/121] 홍대 관광특구 (primary=KEY_4)
2026-05-29 18:26:54,733 [INFO] [13/121] 강서한강공원 (primary=KEY_1)
2026-05-29 18:26:55,871 [INFO] [14/121] 고척돔 (primary=KEY_2)
2026-05-29 18:26:58,147 [INFO] [15/121] 광나루한강공원 (primary=KEY_3)
2026-05-29 18:26:59,473 [INFO] [16/121] 광화문광장 (primary=KEY_4)
2026-05-29 18:27:01,013 [INFO] [17/121] 국립중앙박물관·용산가족공원 (primary=KEY_1)
2026-05-29 18:27:02,207 [INFO] [18/121] 난지한강공원 (primary=KEY_2)
2026-05-29 18:27:04,361 [INFO] [19/121] 남산공원 (primary=KEY_3)
2026-05-29 18:27:06,733 [INFO] [20/121] 노들섬 (primary=KEY_4)
2026-05-29 18:27:07,860 [INFO] [21/121] 뚝섬한강공원 (primary=KEY_1)
2026-05-29 18:27:09,134 [INFO] [22/121] 망원한강공원 (primary=KEY_2)
2026-05-29 18:27:11,251 [INFO] [23/121] 반포한강공원 (primary=KEY_3)
2026-05-29 18:27:13,192 [INFO] [24/121] 보라매공원 (primary=KEY_4)
2026-05-29 18:27:14,361 [INFO] [25/121] 북서울꿈의숲 (primary=KEY_1)
2026-05-29 18:27:15,707 [INFO] [26/121] 서대문독립공원 (primary=KEY_2)
2026-05-29 18:27:16,856 [INFO] [27/121] 서리풀공원·몽마르뜨공원 (primary=KEY_3)
2026-05-29 18:27:18,201 [INFO] [28/121] 서울대공원 (primary=KEY_4)
2026-05-29 18:27:19,335 [INFO] [29/121] 서울숲공원 (primary=KEY_1)
2026-05-29 18:27:21,367 [INFO] [30/121] 송현녹지광장 (primary=KEY_2)
2026-05-29 18:27:22,685 [INFO] [31/121] 아차산 (primary=KEY_3)
2026-05-29 18:27:24,478 [INFO] [32/121] 안양천 (primary=KEY_4)
2026-05-29 18:27:25,819 [INFO] [33/121] 양화한강공원 (primary=KEY_1)
2026-05-29 18:27:27,714 [INFO] [34/121] 어린이대공원 (primary=KEY_2)
2026-05-29 18:27:29,091 [INFO] [35/121] 여의도한강공원 (primary=KEY_3)
2026-05-29 18:27:31,163 [INFO] [36/121] 여의서로 (primary=KEY_4)
2026-05-29 18:27:33,469 [INFO] [37/121] 올림픽공원 (primary=KEY_1)
2026-05-29 18:27:34,841 [INFO] [38/121] 월드컵공원 (primary=KEY_2)
2026-05-29 18:27:36,416 [INFO] [39/121] 응봉산 (primary=KEY_3)
2026-05-29 18:27:37,707 [INFO] [40/121] 이촌한강공원 (primary=KEY_4)
2026-05-29 18:27:38,836 [INFO] [41/121] 잠실종합운동장 (primary=KEY_1)
2026-05-29 18:27:39,996 [INFO] [42/121] 잠실한강공원 (primary=KEY_2)
2026-05-29 18:27:41,174 [INFO] [43/121] 잠원한강공원 (primary=KEY_3)
2026-05-29 18:27:42,308 [INFO] [44/121] 청계산 (primary=KEY_4)
2026-05-29 18:27:43,456 [INFO] [45/121] 홍제폭포 (primary=KEY_1)
2026-05-29 18:27:44,594 [INFO] [46/121] 가락시장 (primary=KEY_2)
2026-05-29 18:27:45,932 [INFO] [47/121] 가로수길 (primary=KEY_3)
2026-05-29 18:27:47,313 [INFO] [48/121] 광장(전통)시장 (primary=KEY_4)
2026-05-29 18:27:48,481 [INFO] [49/121] 김포공항 (primary=KEY_1)
2026-05-29 18:27:49,861 [INFO] [50/121] 남대문시장 (primary=KEY_2)
2026-05-29 18:27:51,218 [INFO] [51/121] 노량진 (primary=KEY_3)
2026-05-29 18:27:53,362 [INFO] [52/121] 덕수궁길·정동길 (primary=KEY_4)
2026-05-29 18:27:55,305 [INFO] [53/121] 북창동 먹자골목 (primary=KEY_1)
2026-05-29 18:27:56,647 [INFO] [54/121] 북촌한옥마을 (primary=KEY_2)
2026-05-29 18:27:58,008 [INFO] [55/121] 서촌 (primary=KEY_3)
2026-05-29 18:27:59,363 [INFO] [56/121] 성수카페거리 (primary=KEY_4)
2026-05-29 18:28:00,722 [INFO] [57/121] 송리단길·호수단길 (primary=KEY_1)
2026-05-29 18:28:02,077 [INFO] [58/121] 신촌 스타광장 (primary=KEY_2)
2026-05-29 18:28:03,221 [INFO] [59/121] 압구정로데오거리 (primary=KEY_3)
2026-05-29 18:28:04,590 [INFO] [60/121] 여의도 (primary=KEY_4)
2026-05-29 18:28:06,648 [INFO] [61/121] 연남동 (primary=KEY_1)
2026-05-29 18:28:07,987 [INFO] [62/121] 영등포 타임스퀘어 (primary=KEY_2)
2026-05-29 18:28:09,333 [INFO] [63/121] 용리단길 (primary=KEY_3)
2026-05-29 18:28:10,659 [INFO] [64/121] 이태원 앤틱가구거리 (primary=KEY_4)
2026-05-29 18:28:12,022 [INFO] [65/121] 익선동 (primary=KEY_1)
2026-05-29 18:28:13,413 [INFO] [66/121] 인사동 (primary=KEY_2)
2026-05-29 18:28:14,793 [INFO] [67/121] 잠실롯데타워·석촌호수 (primary=KEY_3)
2026-05-29 18:28:16,150 [INFO] [68/121] 창동 신경제 중심지 (primary=KEY_4)
2026-05-29 18:28:17,772 [INFO] [69/121] 청담동 명품거리 (primary=KEY_1)
2026-05-29 18:28:19,100 [INFO] [70/121] 청량리 제기동 일대 전통시장 (primary=KEY_2)
2026-05-29 18:28:20,456 [INFO] [71/121] 해방촌·경리단길 (primary=KEY_3)
2026-05-29 18:28:21,611 [INFO] [72/121] DDP(동대문디자인플라자) (primary=KEY_4)
2026-05-29 18:28:22,958 [INFO] [73/121] DMC(디지털미디어시티) (primary=KEY_1)
2026-05-29 18:28:24,589 [INFO] [74/121] 가산디지털단지역 (primary=KEY_2)
2026-05-29 18:28:26,145 [INFO] [75/121] 강남역 (primary=KEY_3)
2026-05-29 18:28:27,738 [INFO] [76/121] 건대입구역 (primary=KEY_4)
2026-05-29 18:28:29,082 [INFO] [77/121] 고덕역 (primary=KEY_1)
2026-05-29 18:28:30,405 [INFO] [78/121] 고속터미널역 (primary=KEY_2)
2026-05-29 18:28:31,792 [INFO] [79/121] 교대역 (primary=KEY_3)
2026-05-29 18:28:33,164 [INFO] [80/121] 구로디지털단지역 (primary=KEY_4)
2026-05-29 18:28:34,534 [INFO] [81/121] 구로역 (primary=KEY_1)
2026-05-29 18:28:35,695 [INFO] [82/121] 군자역 (primary=KEY_2)
2026-05-29 18:28:37,661 [INFO] [83/121] 대림역 (primary=KEY_3)
2026-05-29 18:28:39,013 [INFO] [84/121] 동대문역 (primary=KEY_4)
2026-05-29 18:28:40,373 [INFO] [85/121] 뚝섬역 (primary=KEY_1)
2026-05-29 18:28:41,734 [INFO] [86/121] 미아사거리역 (primary=KEY_2)
2026-05-29 18:28:43,094 [INFO] [87/121] 발산역 (primary=KEY_3)
2026-05-29 18:28:44,622 [INFO] [88/121] 사당역 (primary=KEY_4)
2026-05-29 18:28:45,960 [INFO] [89/121] 삼각지역 (primary=KEY_1)
2026-05-29 18:28:47,108 [INFO] [90/121] 서울대입구역 (primary=KEY_2)
2026-05-29 18:28:48,436 [INFO] [91/121] 서울식물원·마곡나루역 (primary=KEY_3)
2026-05-29 18:28:49,855 [INFO] [92/121] 서울역 (primary=KEY_4)
2026-05-29 18:28:51,244 [INFO] [93/121] 선릉역 (primary=KEY_1)
2026-05-29 18:28:53,561 [INFO] [94/121] 성신여대입구역 (primary=KEY_2)
2026-05-29 18:28:55,581 [INFO] [95/121] 수유역 (primary=KEY_3)
2026-05-29 18:28:56,960 [INFO] [96/121] 숭례문 (primary=KEY_4)
2026-05-29 18:28:58,355 [INFO] [97/121] 시의회 앞 (primary=KEY_1)
2026-05-29 18:28:59,704 [INFO] [98/121] 신논현역·논현역 (primary=KEY_2)
2026-05-29 18:29:01,078 [INFO] [99/121] 신도림역 (primary=KEY_3)
2026-05-29 18:29:02,229 [INFO] [100/121] 신림역 (primary=KEY_4)
2026-05-29 18:29:03,569 [INFO] [101/121] 신정네거리역 (primary=KEY_1)
2026-05-29 18:29:04,729 [INFO] [102/121] 신촌·이대역 (primary=KEY_2)
2026-05-29 18:29:06,085 [INFO] [103/121] 쌍문역 (primary=KEY_3)
2026-05-29 18:29:07,465 [INFO] [104/121] 양재역 (primary=KEY_4)
2026-05-29 18:29:11,037 [INFO] [105/121] 역삼역 (primary=KEY_1)
2026-05-29 18:29:12,425 [INFO] [106/121] 연신내역 (primary=KEY_2)
2026-05-29 18:29:13,619 [INFO] [107/121] 오목교역·목동운동장 (primary=KEY_3)
2026-05-29 18:29:15,342 [INFO] [108/121] 왕십리역 (primary=KEY_4)
2026-05-29 18:29:16,764 [INFO] [109/121] 용산역 (primary=KEY_1)
2026-05-29 18:29:18,298 [INFO] [110/121] 이태원역 (primary=KEY_2)
2026-05-29 18:29:19,450 [INFO] [111/121] 잠실새내역 (primary=KEY_3)
2026-05-29 18:29:20,815 [INFO] [112/121] 잠실역 (primary=KEY_4)
2026-05-29 18:29:22,176 [INFO] [113/121] 장지역 (primary=KEY_1)
2026-05-29 18:29:23,539 [INFO] [114/121] 장한평역 (primary=KEY_2)
2026-05-29 18:29:24,887 [INFO] [115/121] 천호역 (primary=KEY_3)
2026-05-29 18:29:26,270 [INFO] [116/121] 총신대입구(이수)역 (primary=KEY_4)
2026-05-29 18:29:27,677 [INFO] [117/121] 충정로역 (primary=KEY_1)
2026-05-29 18:29:29,037 [INFO] [118/121] 합정역 (primary=KEY_2)
2026-05-29 18:29:30,414 [INFO] [119/121] 혜화역 (primary=KEY_3)
2026-05-29 18:29:31,782 [INFO] [120/121] 홍대입구역(2호선) (primary=KEY_4)
2026-05-29 18:29:33,150 [INFO] [121/121] 회기역 (primary=KEY_1)
2026-05-29 18:29:36,578 [INFO] === 수집 완료 | 성공 121, 실패 0 ===
2026-05-29 18:29:36,578 [INFO] 카테고리별 저장 결과:
2026-05-29 18:29:36,578 [INFO]    accident                  | 신규     2행 | 누적     37행 | 16컬럼
2026-05-29 18:29:36,578 [INFO]    area_meta                 | 신규   121행 | 누적   1452행 | 5컬럼
2026-05-29 18:29:36,578 [INFO]    bike                      | 신규    10행 | 누적    120행 | 12컬럼
2026-05-29 18:29:36,578 [INFO]    bike_sbike_stts           | 신규   556행 | 누적   6672행 | 12컬럼
2026-05-29 18:29:36,578 [INFO]    bus                       | 신규     3행 | 누적     36행 | 11컬럼
2026-05-29 18:29:36,578 [INFO]    bus_bus_stn_stts          | 신규  1745행 | 누적  20940행 | 11컬럼
2026-05-29 18:29:36,578 [INFO]    charger                   | 신규    25행 | 누적    137행 | 15컬럼
2026-05-29 18:29:36,578 [INFO]    charger_charger_stts      | 신규   323행 | 누적  15268행 | 15컬럼
2026-05-29 18:29:36,578 [INFO]    cmrcl                     | 신규    82행 | 누적    984행 | 20컬럼
2026-05-29 18:29:36,578 [INFO]    disaster                  | 신규    17행 | 누적     85행 | 9컬럼
2026-05-29 18:29:36,578 [INFO]    events                    | 신규    13행 | 누적    153행 | 14컬럼
2026-05-29 18:29:36,578 [INFO]    events_event_stts         | 신규   174행 | 누적   2097행 | 14컬럼
2026-05-29 18:29:36,578 [INFO]    news_live_yna_news        | 신규   243행 | 누적    486행 | 10컬럼
2026-05-29 18:29:36,579 [INFO]    parking                   | 신규     6행 | 누적     72행 | 21컬럼
2026-05-29 18:29:36,579 [INFO]    parking_prk_stts          | 신규  1835행 | 누적  22020행 | 21컬럼
2026-05-29 18:29:36,579 [INFO]    ppltn                     | 신규   121행 | 누적   1451행 | 26컬럼
2026-05-29 18:29:36,579 [INFO]    road                      | 신규   121행 | 누적   1452행 | 21컬럼
2026-05-29 18:29:36,579 [INFO]    road_road_traffic_stts    | 신규  5253행 | 누적  63036행 | 17컬럼
2026-05-29 18:29:36,579 [INFO]    subway                    | 신규    38행 | 누적    456행 | 12컬럼
2026-05-29 18:29:36,579 [INFO]    subway_sub_stts           | 신규   183행 | 누적   2196행 | 13컬럼
2026-05-29 18:29:36,579 [INFO]    weather                   | 신규   119행 | 누적   1428행 | 29컬럼
2026-05-29 18:29:36,579 [INFO] 키별 사용량:
2026-05-29 18:29:36,579 [INFO]    🟢 KEY_1 (31/1000) 
2026-05-29 18:29:36,579 [INFO]    🟢 KEY_2 (30/1000) 
2026-05-29 18:29:36,579 [INFO]    🟢 KEY_3 (30/1000) 
2026-05-29 18:29:36,579 [INFO]    🟢 KEY_4 (30/1000) 
