2026-06-26 01:57:24,204 [INFO] 등록된 키: 4개, 합산 한도 4,000건/일
2026-06-26 01:57:24,205 [INFO] POI 로드: 매뉴얼 v8.5 기준 fallback 121개 (121개 전체)
2026-06-26 01:57:24,205 [INFO] === 수집 시작 2026-06-26T01:57:24.205462+09:00 ===
2026-06-26 01:57:24,205 [INFO] 대상 장소: 121개 | API: citydata (통합)
2026-06-26 01:57:24,205 [INFO] 키 풀: 4/4 활성 | 오늘 사용 0/4000건
2026-06-26 01:57:24,205 [INFO]   [KEY_1] 담당 31장소
2026-06-26 01:57:24,205 [INFO]   [KEY_2] 담당 30장소
2026-06-26 01:57:24,205 [INFO]   [KEY_3] 담당 30장소
2026-06-26 01:57:24,205 [INFO]   [KEY_4] 담당 30장소
2026-06-26 01:57:24,206 [INFO] [1/121] 경복궁 (primary=KEY_1)
2026-06-26 01:57:26,319 [INFO] [2/121] 광화문·덕수궁 (primary=KEY_2)
2026-06-26 01:57:28,617 [INFO] [3/121] 보신각 (primary=KEY_3)
2026-06-26 01:57:30,707 [INFO] [4/121] 서울 암사동 유적 (primary=KEY_4)
2026-06-26 01:57:32,017 [INFO] [5/121] 창덕궁·종묘 (primary=KEY_1)
2026-06-26 01:57:34,092 [INFO] [6/121] 강남 MICE 관광특구 (primary=KEY_2)
2026-06-26 01:57:36,234 [INFO] [7/121] 동대문 관광특구 (primary=KEY_3)
2026-06-26 01:57:38,749 [INFO] [8/121] 명동 관광특구 (primary=KEY_4)
2026-06-26 01:57:41,673 [INFO] [9/121] 이태원 관광특구 (primary=KEY_1)
2026-06-26 01:57:43,783 [INFO] [10/121] 잠실 관광특구 (primary=KEY_2)
2026-06-26 01:57:45,950 [INFO] [11/121] 종로·청계 관광특구 (primary=KEY_3)
2026-06-26 01:57:48,468 [INFO] [12/121] 홍대 관광특구 (primary=KEY_4)
2026-06-26 01:57:51,001 [INFO] [13/121] 강서한강공원 (primary=KEY_1)
2026-06-26 01:57:52,319 [INFO] [14/121] 고척돔 (primary=KEY_2)
2026-06-26 01:57:54,572 [INFO] [15/121] 광나루한강공원 (primary=KEY_3)
2026-06-26 01:57:56,656 [INFO] [16/121] 광화문광장 (primary=KEY_4)
2026-06-26 01:57:58,773 [INFO] [17/121] 국립중앙박물관·용산가족공원 (primary=KEY_1)
2026-06-26 01:58:00,505 [INFO] [18/121] 난지한강공원 (primary=KEY_2)
2026-06-26 01:58:01,647 [INFO] [19/121] 남산공원 (primary=KEY_3)
2026-06-26 01:58:03,763 [INFO] [20/121] 노들섬 (primary=KEY_4)
2026-06-26 01:58:05,650 [INFO] [21/121] 뚝섬한강공원 (primary=KEY_1)
2026-06-26 01:58:06,800 [INFO] [22/121] 망원한강공원 (primary=KEY_2)
2026-06-26 01:58:08,141 [INFO] [23/121] 반포한강공원 (primary=KEY_3)
2026-06-26 01:58:09,268 [INFO] [24/121] 보라매공원 (primary=KEY_4)
2026-06-26 01:58:11,406 [INFO] [25/121] 북서울꿈의숲 (primary=KEY_1)
2026-06-26 01:58:12,560 [INFO] [26/121] 서대문독립공원 (primary=KEY_2)
2026-06-26 01:58:13,704 [INFO] [27/121] 서리풀공원·몽마르뜨공원 (primary=KEY_3)
2026-06-26 01:58:14,883 [INFO] [28/121] 서울대공원 (primary=KEY_4)
2026-06-26 01:58:16,023 [INFO] [29/121] 서울숲공원 (primary=KEY_1)
2026-06-26 01:58:18,477 [INFO] [30/121] 송현녹지광장 (primary=KEY_2)
2026-06-26 01:58:19,803 [INFO] [31/121] 아차산 (primary=KEY_3)
2026-06-26 01:58:20,940 [INFO] [32/121] 안양천 (primary=KEY_4)
2026-06-26 01:58:22,071 [INFO] [33/121] 양화한강공원 (primary=KEY_1)
2026-06-26 01:58:23,215 [INFO] [34/121] 어린이대공원 (primary=KEY_2)
2026-06-26 01:58:24,378 [INFO] [35/121] 여의도한강공원 (primary=KEY_3)
2026-06-26 01:58:25,696 [INFO] [36/121] 여의서로 (primary=KEY_4)
2026-06-26 01:58:26,844 [INFO] [37/121] 올림픽공원 (primary=KEY_1)
2026-06-26 01:58:28,196 [INFO] [38/121] 월드컵공원 (primary=KEY_2)
2026-06-26 01:58:29,920 [INFO] [39/121] 응봉산 (primary=KEY_3)
2026-06-26 01:58:31,227 [INFO] [40/121] 이촌한강공원 (primary=KEY_4)
2026-06-26 01:58:32,362 [INFO] [41/121] 잠실종합운동장 (primary=KEY_1)
2026-06-26 01:58:33,510 [INFO] [42/121] 잠실한강공원 (primary=KEY_2)
2026-06-26 01:58:35,417 [INFO] [43/121] 잠원한강공원 (primary=KEY_3)
2026-06-26 01:58:36,551 [INFO] [44/121] 청계산 (primary=KEY_4)
2026-06-26 01:58:38,430 [INFO] [45/121] 홍제폭포 (primary=KEY_1)
2026-06-26 01:58:39,559 [INFO] [46/121] 가락시장 (primary=KEY_2)
2026-06-26 01:58:40,923 [INFO] [47/121] 가로수길 (primary=KEY_3)
2026-06-26 01:58:42,284 [INFO] [48/121] 광장(전통)시장 (primary=KEY_4)
2026-06-26 01:58:43,442 [INFO] [49/121] 김포공항 (primary=KEY_1)
2026-06-26 01:58:44,791 [INFO] [50/121] 남대문시장 (primary=KEY_2)
2026-06-26 01:58:45,946 [INFO] [51/121] 노량진 (primary=KEY_3)
2026-06-26 01:58:47,120 [INFO] [52/121] 덕수궁길·정동길 (primary=KEY_4)
2026-06-26 01:58:48,476 [INFO] [53/121] 북창동 먹자골목 (primary=KEY_1)
2026-06-26 01:58:49,631 [INFO] [54/121] 북촌한옥마을 (primary=KEY_2)
2026-06-26 01:58:50,969 [INFO] [55/121] 서촌 (primary=KEY_3)
2026-06-26 01:58:52,317 [INFO] [56/121] 성수카페거리 (primary=KEY_4)
2026-06-26 01:58:53,661 [INFO] [57/121] 송리단길·호수단길 (primary=KEY_1)
2026-06-26 01:58:55,013 [INFO] [58/121] 신촌 스타광장 (primary=KEY_2)
2026-06-26 01:58:56,158 [INFO] [59/121] 압구정로데오거리 (primary=KEY_3)
2026-06-26 01:58:57,508 [INFO] [60/121] 여의도 (primary=KEY_4)
2026-06-26 01:58:59,491 [INFO] [61/121] 연남동 (primary=KEY_1)
2026-06-26 01:59:00,819 [INFO] [62/121] 영등포 타임스퀘어 (primary=KEY_2)
2026-06-26 01:59:02,154 [INFO] [63/121] 용리단길 (primary=KEY_3)
2026-06-26 01:59:03,319 [INFO] [64/121] 이태원 앤틱가구거리 (primary=KEY_4)
2026-06-26 01:59:05,410 [INFO] [65/121] 익선동 (primary=KEY_1)
2026-06-26 01:59:06,772 [INFO] [66/121] 인사동 (primary=KEY_2)
2026-06-26 01:59:08,120 [INFO] [67/121] 잠실롯데타워·석촌호수 (primary=KEY_3)
2026-06-26 01:59:09,487 [INFO] [68/121] 창동 신경제 중심지 (primary=KEY_4)
2026-06-26 01:59:11,064 [INFO] [69/121] 청담동 명품거리 (primary=KEY_1)
2026-06-26 01:59:12,405 [INFO] [70/121] 청량리 제기동 일대 전통시장 (primary=KEY_2)
2026-06-26 01:59:13,752 [INFO] [71/121] 해방촌·경리단길 (primary=KEY_3)
2026-06-26 01:59:14,891 [INFO] [72/121] DDP(동대문디자인플라자) (primary=KEY_4)
2026-06-26 01:59:16,308 [INFO] [73/121] DMC(디지털미디어시티) (primary=KEY_1)
2026-06-26 01:59:18,620 [INFO] [74/121] 가산디지털단지역 (primary=KEY_2)
2026-06-26 01:59:20,923 [INFO] [75/121] 강남역 (primary=KEY_3)
2026-06-26 01:59:23,604 [INFO] [76/121] 건대입구역 (primary=KEY_4)
2026-06-26 01:59:25,910 [INFO] [77/121] 고덕역 (primary=KEY_1)
2026-06-26 01:59:28,184 [INFO] [78/121] 고속터미널역 (primary=KEY_2)
2026-06-26 01:59:29,361 [INFO] [79/121] 교대역 (primary=KEY_3)
2026-06-26 01:59:31,286 [INFO] [80/121] 구로디지털단지역 (primary=KEY_4)
2026-06-26 01:59:33,370 [INFO] [81/121] 구로역 (primary=KEY_1)
2026-06-26 01:59:35,645 [INFO] [82/121] 군자역 (primary=KEY_2)
2026-06-26 01:59:37,565 [INFO] [83/121] 대림역 (primary=KEY_3)
2026-06-26 01:59:38,733 [INFO] [84/121] 동대문역 (primary=KEY_4)
2026-06-26 01:59:40,655 [INFO] [85/121] 뚝섬역 (primary=KEY_1)
2026-06-26 01:59:42,004 [INFO] [86/121] 미아사거리역 (primary=KEY_2)
2026-06-26 01:59:43,351 [INFO] [87/121] 발산역 (primary=KEY_3)
2026-06-26 01:59:45,656 [INFO] [88/121] 사당역 (primary=KEY_4)
2026-06-26 01:59:47,593 [INFO] [89/121] 삼각지역 (primary=KEY_1)
2026-06-26 01:59:49,498 [INFO] [90/121] 서울대입구역 (primary=KEY_2)
2026-06-26 01:59:51,417 [INFO] [91/121] 서울식물원·마곡나루역 (primary=KEY_3)
2026-06-26 01:59:52,776 [INFO] [92/121] 서울역 (primary=KEY_4)
2026-06-26 01:59:54,169 [INFO] [93/121] 선릉역 (primary=KEY_1)
2026-06-26 01:59:56,483 [INFO] [94/121] 성신여대입구역 (primary=KEY_2)
2026-06-26 01:59:57,641 [INFO] [95/121] 수유역 (primary=KEY_3)
2026-06-26 01:59:59,755 [INFO] [96/121] 숭례문 (primary=KEY_4)
2026-06-26 02:00:01,214 [INFO] [97/121] 시의회 앞 (primary=KEY_1)
2026-06-26 02:00:03,327 [INFO] [98/121] 신논현역·논현역 (primary=KEY_2)
2026-06-26 02:00:05,454 [INFO] [99/121] 신도림역 (primary=KEY_3)
2026-06-26 02:00:07,356 [INFO] [100/121] 신림역 (primary=KEY_4)
2026-06-26 02:00:09,263 [INFO] [101/121] 신정네거리역 (primary=KEY_1)
2026-06-26 02:00:10,413 [INFO] [102/121] 신촌·이대역 (primary=KEY_2)
2026-06-26 02:00:11,742 [INFO] [103/121] 쌍문역 (primary=KEY_3)
2026-06-26 02:00:12,892 [INFO] [104/121] 양재역 (primary=KEY_4)
2026-06-26 02:00:14,040 [INFO] [105/121] 역삼역 (primary=KEY_1)
2026-06-26 02:00:15,367 [INFO] [106/121] 연신내역 (primary=KEY_2)
2026-06-26 02:00:16,520 [INFO] [107/121] 오목교역·목동운동장 (primary=KEY_3)
2026-06-26 02:00:18,032 [INFO] [108/121] 왕십리역 (primary=KEY_4)
2026-06-26 02:00:19,384 [INFO] [109/121] 용산역 (primary=KEY_1)
2026-06-26 02:00:21,486 [INFO] [110/121] 이태원역 (primary=KEY_2)
2026-06-26 02:00:22,660 [INFO] [111/121] 잠실새내역 (primary=KEY_3)
2026-06-26 02:00:23,988 [INFO] [112/121] 잠실역 (primary=KEY_4)
2026-06-26 02:00:26,075 [INFO] [113/121] 장지역 (primary=KEY_1)
2026-06-26 02:00:27,401 [INFO] [114/121] 장한평역 (primary=KEY_2)
2026-06-26 02:00:28,733 [INFO] [115/121] 천호역 (primary=KEY_3)
2026-06-26 02:00:30,070 [INFO] [116/121] 총신대입구(이수)역 (primary=KEY_4)
2026-06-26 02:00:32,593 [INFO] [117/121] 충정로역 (primary=KEY_1)
2026-06-26 02:00:33,745 [INFO] [118/121] 합정역 (primary=KEY_2)
2026-06-26 02:00:35,099 [INFO] [119/121] 혜화역 (primary=KEY_3)
2026-06-26 02:00:37,020 [INFO] [120/121] 홍대입구역(2호선) (primary=KEY_4)
2026-06-26 02:00:38,174 [INFO] [121/121] 회기역 (primary=KEY_1)
2026-06-26 02:00:39,904 [INFO] === 수집 완료 | 성공 121, 실패 0 ===
2026-06-26 02:00:39,904 [INFO] 카테고리별 저장 결과:
2026-06-26 02:00:39,904 [INFO]    accident                  | 신규     4행 | 누적      4행 | 16컬럼
2026-06-26 02:00:39,904 [INFO]    area_meta                 | 신규   121행 | 누적    121행 | 5컬럼
2026-06-26 02:00:39,904 [INFO]    bike                      | 신규    12행 | 누적     12행 | 12컬럼
2026-06-26 02:00:39,904 [INFO]    bike_sbike_stts           | 신규   555행 | 누적    555행 | 12컬럼
2026-06-26 02:00:39,904 [INFO]    bus                       | 신규     3행 | 누적      3행 | 11컬럼
2026-06-26 02:00:39,904 [INFO]    bus_bus_stn_stts          | 신규  1745행 | 누적   1745행 | 11컬럼
2026-06-26 02:00:39,905 [INFO]    charger                   | 신규    25행 | 누적     25행 | 15컬럼
2026-06-26 02:00:39,905 [INFO]    charger_charger_stts      | 신규   344행 | 누적    344행 | 15컬럼
2026-06-26 02:00:39,905 [INFO]    cmrcl                     | 신규    82행 | 누적     82행 | 20컬럼
2026-06-26 02:00:39,905 [INFO]    events                    | 신규    10행 | 누적     10행 | 14컬럼
2026-06-26 02:00:39,905 [INFO]    events_event_stts         | 신규   148행 | 누적    148행 | 14컬럼
2026-06-26 02:00:39,905 [INFO]    parking                   | 신규     6행 | 누적      6행 | 21컬럼
2026-06-26 02:00:39,905 [INFO]    parking_prk_stts          | 신규  1833행 | 누적   1833행 | 21컬럼
2026-06-26 02:00:39,905 [INFO]    ppltn                     | 신규   121행 | 누적    121행 | 26컬럼
2026-06-26 02:00:39,905 [INFO]    road                      | 신규   121행 | 누적    121행 | 21컬럼
2026-06-26 02:00:39,905 [INFO]    road_road_traffic_stts    | 신규  5259행 | 누적   5259행 | 17컬럼
2026-06-26 02:00:39,905 [INFO]    subway                    | 신규    38행 | 누적     38행 | 12컬럼
2026-06-26 02:00:39,905 [INFO]    subway_sub_stts           | 신규   183행 | 누적    183행 | 13컬럼
2026-06-26 02:00:39,905 [INFO]    weather                   | 신규   119행 | 누적    119행 | 29컬럼
2026-06-26 02:00:39,905 [INFO] 키별 사용량:
2026-06-26 02:00:39,905 [INFO]    🟢 KEY_1 (31/1000) 
2026-06-26 02:00:39,905 [INFO]    🟢 KEY_2 (30/1000) 
2026-06-26 02:00:39,906 [INFO]    🟢 KEY_3 (30/1000) 
2026-06-26 02:00:39,906 [INFO]    🟢 KEY_4 (30/1000) 
2026-06-26 02:55:15,898 [INFO] 등록된 키: 4개, 합산 한도 4,000건/일
2026-06-26 02:55:15,898 [INFO] POI 로드: 매뉴얼 v8.5 기준 fallback 121개 (121개 전체)
2026-06-26 02:55:15,899 [INFO] === 수집 시작 2026-06-26T02:55:15.898981+09:00 ===
2026-06-26 02:55:15,899 [INFO] 대상 장소: 121개 | API: citydata (통합)
2026-06-26 02:55:15,899 [INFO] 키 풀: 4/4 활성 | 오늘 사용 0/4000건
2026-06-26 02:55:15,899 [INFO]   [KEY_1] 담당 31장소
2026-06-26 02:55:15,899 [INFO]   [KEY_2] 담당 30장소
2026-06-26 02:55:15,899 [INFO]   [KEY_3] 담당 30장소
2026-06-26 02:55:15,899 [INFO]   [KEY_4] 담당 30장소
2026-06-26 02:55:15,899 [INFO] [1/121] 경복궁 (primary=KEY_1)
2026-06-26 02:55:17,831 [INFO] [2/121] 광화문·덕수궁 (primary=KEY_2)
2026-06-26 02:55:19,964 [INFO] [3/121] 보신각 (primary=KEY_3)
2026-06-26 02:55:22,029 [INFO] [4/121] 서울 암사동 유적 (primary=KEY_4)
2026-06-26 02:55:24,470 [INFO] [5/121] 창덕궁·종묘 (primary=KEY_1)
2026-06-26 02:55:26,940 [INFO] [6/121] 강남 MICE 관광특구 (primary=KEY_2)
2026-06-26 02:55:28,104 [INFO] [7/121] 동대문 관광특구 (primary=KEY_3)
2026-06-26 02:55:30,484 [INFO] [8/121] 명동 관광특구 (primary=KEY_4)
2026-06-26 02:55:32,103 [INFO] [9/121] 이태원 관광특구 (primary=KEY_1)
2026-06-26 02:55:33,464 [INFO] [10/121] 잠실 관광특구 (primary=KEY_2)
2026-06-26 02:55:35,236 [INFO] [11/121] 종로·청계 관광특구 (primary=KEY_3)
2026-06-26 02:55:37,984 [INFO] [12/121] 홍대 관광특구 (primary=KEY_4)
2026-06-26 02:55:39,571 [INFO] [13/121] 강서한강공원 (primary=KEY_1)
2026-06-26 02:55:41,489 [INFO] [14/121] 고척돔 (primary=KEY_2)
2026-06-26 02:55:42,643 [INFO] [15/121] 광나루한강공원 (primary=KEY_3)
2026-06-26 02:55:43,978 [INFO] [16/121] 광화문광장 (primary=KEY_4)
2026-06-26 02:55:46,174 [INFO] [17/121] 국립중앙박물관·용산가족공원 (primary=KEY_1)
2026-06-26 02:55:47,366 [INFO] [18/121] 난지한강공원 (primary=KEY_2)
2026-06-26 02:55:48,516 [INFO] [19/121] 남산공원 (primary=KEY_3)
2026-06-26 02:55:50,860 [INFO] [20/121] 노들섬 (primary=KEY_4)
2026-06-26 02:55:52,778 [INFO] [21/121] 뚝섬한강공원 (primary=KEY_1)
2026-06-26 02:55:53,939 [INFO] [22/121] 망원한강공원 (primary=KEY_2)
2026-06-26 02:55:55,297 [INFO] [23/121] 반포한강공원 (primary=KEY_3)
2026-06-26 02:55:56,441 [INFO] [24/121] 보라매공원 (primary=KEY_4)
2026-06-26 02:55:58,593 [INFO] [25/121] 북서울꿈의숲 (primary=KEY_1)
2026-06-26 02:56:00,675 [INFO] [26/121] 서대문독립공원 (primary=KEY_2)
2026-06-26 02:56:02,395 [INFO] [27/121] 서리풀공원·몽마르뜨공원 (primary=KEY_3)
2026-06-26 02:56:03,565 [INFO] [28/121] 서울대공원 (primary=KEY_4)
2026-06-26 02:56:05,496 [INFO] [29/121] 서울숲공원 (primary=KEY_1)
2026-06-26 02:56:06,843 [INFO] [30/121] 송현녹지광장 (primary=KEY_2)
2026-06-26 02:56:08,188 [INFO] [31/121] 아차산 (primary=KEY_3)
2026-06-26 02:56:10,151 [INFO] [32/121] 안양천 (primary=KEY_4)
2026-06-26 02:56:11,282 [INFO] [33/121] 양화한강공원 (primary=KEY_1)
2026-06-26 02:56:12,425 [INFO] [34/121] 어린이대공원 (primary=KEY_2)
2026-06-26 02:56:13,582 [INFO] [35/121] 여의도한강공원 (primary=KEY_3)
2026-06-26 02:56:15,751 [INFO] [36/121] 여의서로 (primary=KEY_4)
2026-06-26 02:56:17,651 [INFO] [37/121] 올림픽공원 (primary=KEY_1)
2026-06-26 02:56:19,037 [INFO] [38/121] 월드컵공원 (primary=KEY_2)
2026-06-26 02:56:20,599 [INFO] [39/121] 응봉산 (primary=KEY_3)
2026-06-26 02:56:21,924 [INFO] [40/121] 이촌한강공원 (primary=KEY_4)
2026-06-26 02:56:23,874 [INFO] [41/121] 잠실종합운동장 (primary=KEY_1)
2026-06-26 02:56:25,826 [INFO] [42/121] 잠실한강공원 (primary=KEY_2)
2026-06-26 02:56:26,991 [INFO] [43/121] 잠원한강공원 (primary=KEY_3)
2026-06-26 02:56:28,125 [INFO] [44/121] 청계산 (primary=KEY_4)
2026-06-26 02:56:29,256 [INFO] [45/121] 홍제폭포 (primary=KEY_1)
2026-06-26 02:56:30,396 [INFO] [46/121] 가락시장 (primary=KEY_2)
2026-06-26 02:56:31,765 [INFO] [47/121] 가로수길 (primary=KEY_3)
2026-06-26 02:56:33,131 [INFO] [48/121] 광장(전통)시장 (primary=KEY_4)
2026-06-26 02:56:34,300 [INFO] [49/121] 김포공항 (primary=KEY_1)
2026-06-26 02:56:35,655 [INFO] [50/121] 남대문시장 (primary=KEY_2)
2026-06-26 02:56:36,840 [INFO] [51/121] 노량진 (primary=KEY_3)
2026-06-26 02:56:38,200 [INFO] [52/121] 덕수궁길·정동길 (primary=KEY_4)
2026-06-26 02:56:39,561 [INFO] [53/121] 북창동 먹자골목 (primary=KEY_1)
2026-06-26 02:56:40,720 [INFO] [54/121] 북촌한옥마을 (primary=KEY_2)
2026-06-26 02:56:42,084 [INFO] [55/121] 서촌 (primary=KEY_3)
2026-06-26 02:56:44,197 [INFO] [56/121] 성수카페거리 (primary=KEY_4)
2026-06-26 02:56:45,556 [INFO] [57/121] 송리단길·호수단길 (primary=KEY_1)
2026-06-26 02:56:46,944 [INFO] [58/121] 신촌 스타광장 (primary=KEY_2)
2026-06-26 02:56:48,878 [INFO] [59/121] 압구정로데오거리 (primary=KEY_3)
2026-06-26 02:56:50,236 [INFO] [60/121] 여의도 (primary=KEY_4)
2026-06-26 02:56:52,245 [INFO] [61/121] 연남동 (primary=KEY_1)
2026-06-26 02:56:53,596 [INFO] [62/121] 영등포 타임스퀘어 (primary=KEY_2)
2026-06-26 02:56:54,953 [INFO] [63/121] 용리단길 (primary=KEY_3)
2026-06-26 02:56:56,162 [INFO] [64/121] 이태원 앤틱가구거리 (primary=KEY_4)
2026-06-26 02:56:57,332 [INFO] [65/121] 익선동 (primary=KEY_1)
2026-06-26 02:56:58,721 [INFO] [66/121] 인사동 (primary=KEY_2)
2026-06-26 02:57:00,094 [INFO] [67/121] 잠실롯데타워·석촌호수 (primary=KEY_3)
2026-06-26 02:57:01,509 [INFO] [68/121] 창동 신경제 중심지 (primary=KEY_4)
2026-06-26 02:57:03,102 [INFO] [69/121] 청담동 명품거리 (primary=KEY_1)
2026-06-26 02:57:04,470 [INFO] [70/121] 청량리 제기동 일대 전통시장 (primary=KEY_2)
2026-06-26 02:57:05,858 [INFO] [71/121] 해방촌·경리단길 (primary=KEY_3)
2026-06-26 02:57:07,017 [INFO] [72/121] DDP(동대문디자인플라자) (primary=KEY_4)
2026-06-26 02:57:08,431 [INFO] [73/121] DMC(디지털미디어시티) (primary=KEY_1)
2026-06-26 02:57:09,994 [INFO] [74/121] 가산디지털단지역 (primary=KEY_2)
2026-06-26 02:57:11,567 [INFO] [75/121] 강남역 (primary=KEY_3)
2026-06-26 02:57:13,151 [INFO] [76/121] 건대입구역 (primary=KEY_4)
2026-06-26 02:57:14,509 [INFO] [77/121] 고덕역 (primary=KEY_1)
2026-06-26 02:57:15,669 [INFO] [78/121] 고속터미널역 (primary=KEY_2)
2026-06-26 02:57:16,852 [INFO] [79/121] 교대역 (primary=KEY_3)
2026-06-26 02:57:18,028 [INFO] [80/121] 구로디지털단지역 (primary=KEY_4)
2026-06-26 02:57:19,394 [INFO] [81/121] 구로역 (primary=KEY_1)
2026-06-26 02:57:20,562 [INFO] [82/121] 군자역 (primary=KEY_2)
2026-06-26 02:57:21,760 [INFO] [83/121] 대림역 (primary=KEY_3)
2026-06-26 02:57:22,922 [INFO] [84/121] 동대문역 (primary=KEY_4)
2026-06-26 02:57:24,117 [INFO] [85/121] 뚝섬역 (primary=KEY_1)
2026-06-26 02:57:25,467 [INFO] [86/121] 미아사거리역 (primary=KEY_2)
2026-06-26 02:57:26,811 [INFO] [87/121] 발산역 (primary=KEY_3)
2026-06-26 02:57:29,166 [INFO] [88/121] 사당역 (primary=KEY_4)
2026-06-26 02:57:30,520 [INFO] [89/121] 삼각지역 (primary=KEY_1)
2026-06-26 02:57:31,675 [INFO] [90/121] 서울대입구역 (primary=KEY_2)
2026-06-26 02:57:32,849 [INFO] [91/121] 서울식물원·마곡나루역 (primary=KEY_3)
2026-06-26 02:57:34,210 [INFO] [92/121] 서울역 (primary=KEY_4)
2026-06-26 02:57:35,591 [INFO] [93/121] 선릉역 (primary=KEY_1)
2026-06-26 02:57:37,175 [INFO] [94/121] 성신여대입구역 (primary=KEY_2)
2026-06-26 02:57:38,348 [INFO] [95/121] 수유역 (primary=KEY_3)
2026-06-26 02:57:39,715 [INFO] [96/121] 숭례문 (primary=KEY_4)
2026-06-26 02:57:41,088 [INFO] [97/121] 시의회 앞 (primary=KEY_1)
2026-06-26 02:57:42,457 [INFO] [98/121] 신논현역·논현역 (primary=KEY_2)
2026-06-26 02:57:43,857 [INFO] [99/121] 신도림역 (primary=KEY_3)
2026-06-26 02:57:45,023 [INFO] [100/121] 신림역 (primary=KEY_4)
2026-06-26 02:57:46,215 [INFO] [101/121] 신정네거리역 (primary=KEY_1)
2026-06-26 02:57:47,388 [INFO] [102/121] 신촌·이대역 (primary=KEY_2)
2026-06-26 02:57:48,752 [INFO] [103/121] 쌍문역 (primary=KEY_3)
2026-06-26 02:57:49,939 [INFO] [104/121] 양재역 (primary=KEY_4)
2026-06-26 02:57:52,286 [INFO] [105/121] 역삼역 (primary=KEY_1)
2026-06-26 02:57:54,434 [INFO] [106/121] 연신내역 (primary=KEY_2)
2026-06-26 02:57:56,395 [INFO] [107/121] 오목교역·목동운동장 (primary=KEY_3)
2026-06-26 02:57:58,740 [INFO] [108/121] 왕십리역 (primary=KEY_4)
2026-06-26 02:58:00,127 [INFO] [109/121] 용산역 (primary=KEY_1)
2026-06-26 02:58:02,266 [INFO] [110/121] 이태원역 (primary=KEY_2)
2026-06-26 02:58:04,622 [INFO] [111/121] 잠실새내역 (primary=KEY_3)
2026-06-26 02:58:06,586 [INFO] [112/121] 잠실역 (primary=KEY_4)
2026-06-26 02:58:08,541 [INFO] [113/121] 장지역 (primary=KEY_1)
2026-06-26 02:58:10,736 [INFO] [114/121] 장한평역 (primary=KEY_2)
2026-06-26 02:58:13,217 [INFO] [115/121] 천호역 (primary=KEY_3)
2026-06-26 02:58:14,607 [INFO] [116/121] 총신대입구(이수)역 (primary=KEY_4)
2026-06-26 02:58:16,039 [INFO] [117/121] 충정로역 (primary=KEY_1)
2026-06-26 02:58:17,235 [INFO] [118/121] 합정역 (primary=KEY_2)
2026-06-26 02:58:19,545 [INFO] [119/121] 혜화역 (primary=KEY_3)
2026-06-26 02:58:20,727 [INFO] [120/121] 홍대입구역(2호선) (primary=KEY_4)
2026-06-26 02:58:21,918 [INFO] [121/121] 회기역 (primary=KEY_1)
2026-06-26 02:58:24,934 [INFO] === 수집 완료 | 성공 121, 실패 0 ===
2026-06-26 02:58:24,935 [INFO] 카테고리별 저장 결과:
2026-06-26 02:58:24,935 [INFO]    accident                  | 신규     4행 | 누적      8행 | 16컬럼
2026-06-26 02:58:24,935 [INFO]    area_meta                 | 신규   121행 | 누적    242행 | 5컬럼
2026-06-26 02:58:24,935 [INFO]    bike                      | 신규    12행 | 누적     24행 | 12컬럼
2026-06-26 02:58:24,935 [INFO]    bike_sbike_stts           | 신규   555행 | 누적   1110행 | 12컬럼
2026-06-26 02:58:24,935 [INFO]    bus                       | 신규     3행 | 누적      6행 | 11컬럼
2026-06-26 02:58:24,935 [INFO]    bus_bus_stn_stts          | 신규  1745행 | 누적   3490행 | 11컬럼
2026-06-26 02:58:24,935 [INFO]    charger                   | 신규    25행 | 누적     50행 | 15컬럼
2026-06-26 02:58:24,935 [INFO]    charger_charger_stts      | 신규   344행 | 누적    684행 | 15컬럼
2026-06-26 02:58:24,935 [INFO]    cmrcl                     | 신규    82행 | 누적    164행 | 20컬럼
2026-06-26 02:58:24,935 [INFO]    events                    | 신규    10행 | 누적     20행 | 14컬럼
2026-06-26 02:58:24,935 [INFO]    events_event_stts         | 신규   148행 | 누적    296행 | 14컬럼
2026-06-26 02:58:24,935 [INFO]    parking                   | 신규     6행 | 누적     12행 | 21컬럼
2026-06-26 02:58:24,935 [INFO]    parking_prk_stts          | 신규  1833행 | 누적   3666행 | 21컬럼
2026-06-26 02:58:24,935 [INFO]    ppltn                     | 신규   121행 | 누적    242행 | 26컬럼
2026-06-26 02:58:24,935 [INFO]    road                      | 신규   121행 | 누적    242행 | 21컬럼
2026-06-26 02:58:24,935 [INFO]    road_road_traffic_stts    | 신규  5259행 | 누적  10518행 | 17컬럼
2026-06-26 02:58:24,935 [INFO]    subway                    | 신규    38행 | 누적     76행 | 12컬럼
2026-06-26 02:58:24,935 [INFO]    subway_sub_stts           | 신규   183행 | 누적    366행 | 13컬럼
2026-06-26 02:58:24,935 [INFO]    weather                   | 신규   119행 | 누적    238행 | 29컬럼
2026-06-26 02:58:24,935 [INFO] 키별 사용량:
2026-06-26 02:58:24,935 [INFO]    🟢 KEY_1 (31/1000) 
2026-06-26 02:58:24,936 [INFO]    🟢 KEY_2 (30/1000) 
2026-06-26 02:58:24,936 [INFO]    🟢 KEY_3 (30/1000) 
2026-06-26 02:58:24,936 [INFO]    🟢 KEY_4 (30/1000) 
2026-06-26 03:56:57,650 [INFO] 등록된 키: 4개, 합산 한도 4,000건/일
2026-06-26 03:56:57,651 [INFO] POI 로드: 매뉴얼 v8.5 기준 fallback 121개 (121개 전체)
2026-06-26 03:56:57,651 [INFO] === 수집 시작 2026-06-26T03:56:57.651155+09:00 ===
2026-06-26 03:56:57,651 [INFO] 대상 장소: 121개 | API: citydata (통합)
2026-06-26 03:56:57,651 [INFO] 키 풀: 4/4 활성 | 오늘 사용 0/4000건
2026-06-26 03:56:57,651 [INFO]   [KEY_1] 담당 31장소
2026-06-26 03:56:57,651 [INFO]   [KEY_2] 담당 30장소
2026-06-26 03:56:57,651 [INFO]   [KEY_3] 담당 30장소
2026-06-26 03:56:57,651 [INFO]   [KEY_4] 담당 30장소
2026-06-26 03:56:57,651 [INFO] [1/121] 경복궁 (primary=KEY_1)
2026-06-26 03:56:59,779 [INFO] [2/121] 광화문·덕수궁 (primary=KEY_2)
2026-06-26 03:57:02,273 [INFO] [3/121] 보신각 (primary=KEY_3)
2026-06-26 03:57:04,534 [INFO] [4/121] 서울 암사동 유적 (primary=KEY_4)
2026-06-26 03:57:06,588 [INFO] [5/121] 창덕궁·종묘 (primary=KEY_1)
2026-06-26 03:57:08,817 [INFO] [6/121] 강남 MICE 관광특구 (primary=KEY_2)
2026-06-26 03:57:10,879 [INFO] [7/121] 동대문 관광특구 (primary=KEY_3)
2026-06-26 03:57:13,570 [INFO] [8/121] 명동 관광특구 (primary=KEY_4)
2026-06-26 03:57:16,074 [INFO] [9/121] 이태원 관광특구 (primary=KEY_1)
2026-06-26 03:57:19,367 [INFO] [10/121] 잠실 관광특구 (primary=KEY_2)
2026-06-26 03:57:22,040 [INFO] [11/121] 종로·청계 관광특구 (primary=KEY_3)
2026-06-26 03:57:24,531 [INFO] [12/121] 홍대 관광특구 (primary=KEY_4)
2026-06-26 03:57:27,020 [INFO] [13/121] 강서한강공원 (primary=KEY_1)
2026-06-26 03:57:28,895 [INFO] [14/121] 고척돔 (primary=KEY_2)
2026-06-26 03:57:31,156 [INFO] [15/121] 광나루한강공원 (primary=KEY_3)
2026-06-26 03:57:32,473 [INFO] [16/121] 광화문광장 (primary=KEY_4)
2026-06-26 03:57:33,821 [INFO] [17/121] 국립중앙박물관·용산가족공원 (primary=KEY_1)
2026-06-26 03:57:35,878 [INFO] [18/121] 난지한강공원 (primary=KEY_2)
2026-06-26 03:57:37,755 [INFO] [19/121] 남산공원 (primary=KEY_3)
2026-06-26 03:57:39,285 [INFO] [20/121] 노들섬 (primary=KEY_4)
2026-06-26 03:57:41,152 [INFO] [21/121] 뚝섬한강공원 (primary=KEY_1)
2026-06-26 03:57:42,488 [INFO] [22/121] 망원한강공원 (primary=KEY_2)
2026-06-26 03:57:44,416 [INFO] [23/121] 반포한강공원 (primary=KEY_3)
2026-06-26 03:57:45,565 [INFO] [24/121] 보라매공원 (primary=KEY_4)
2026-06-26 03:57:47,528 [INFO] [25/121] 북서울꿈의숲 (primary=KEY_1)
2026-06-26 03:57:48,666 [INFO] [26/121] 서대문독립공원 (primary=KEY_2)
2026-06-26 03:57:49,821 [INFO] [27/121] 서리풀공원·몽마르뜨공원 (primary=KEY_3)
2026-06-26 03:57:51,048 [INFO] [28/121] 서울대공원 (primary=KEY_4)
2026-06-26 03:57:53,130 [INFO] [29/121] 서울숲공원 (primary=KEY_1)
2026-06-26 03:57:54,467 [INFO] [30/121] 송현녹지광장 (primary=KEY_2)
2026-06-26 03:57:55,798 [INFO] [31/121] 아차산 (primary=KEY_3)
2026-06-26 03:57:57,684 [INFO] [32/121] 안양천 (primary=KEY_4)
2026-06-26 03:57:58,814 [INFO] [33/121] 양화한강공원 (primary=KEY_1)
2026-06-26 03:57:59,945 [INFO] [34/121] 어린이대공원 (primary=KEY_2)
2026-06-26 03:58:01,129 [INFO] [35/121] 여의도한강공원 (primary=KEY_3)
2026-06-26 03:58:02,463 [INFO] [36/121] 여의서로 (primary=KEY_4)
2026-06-26 03:58:03,604 [INFO] [37/121] 올림픽공원 (primary=KEY_1)
2026-06-26 03:58:04,944 [INFO] [38/121] 월드컵공원 (primary=KEY_2)
2026-06-26 03:58:06,485 [INFO] [39/121] 응봉산 (primary=KEY_3)
2026-06-26 03:58:07,799 [INFO] [40/121] 이촌한강공원 (primary=KEY_4)
2026-06-26 03:58:10,044 [INFO] [41/121] 잠실종합운동장 (primary=KEY_1)
2026-06-26 03:58:11,224 [INFO] [42/121] 잠실한강공원 (primary=KEY_2)
2026-06-26 03:58:12,366 [INFO] [43/121] 잠원한강공원 (primary=KEY_3)
2026-06-26 03:58:13,501 [INFO] [44/121] 청계산 (primary=KEY_4)
2026-06-26 03:58:15,395 [INFO] [45/121] 홍제폭포 (primary=KEY_1)
2026-06-26 03:58:16,530 [INFO] [46/121] 가락시장 (primary=KEY_2)
2026-06-26 03:58:18,864 [INFO] [47/121] 가로수길 (primary=KEY_3)
2026-06-26 03:58:20,228 [INFO] [48/121] 광장(전통)시장 (primary=KEY_4)
2026-06-26 03:58:21,385 [INFO] [49/121] 김포공항 (primary=KEY_1)
2026-06-26 03:58:23,498 [INFO] [50/121] 남대문시장 (primary=KEY_2)
2026-06-26 03:58:24,667 [INFO] [51/121] 노량진 (primary=KEY_3)
2026-06-26 03:58:25,844 [INFO] [52/121] 덕수궁길·정동길 (primary=KEY_4)
2026-06-26 03:58:27,191 [INFO] [53/121] 북창동 먹자골목 (primary=KEY_1)
2026-06-26 03:58:28,329 [INFO] [54/121] 북촌한옥마을 (primary=KEY_2)
2026-06-26 03:58:29,669 [INFO] [55/121] 서촌 (primary=KEY_3)
2026-06-26 03:58:30,994 [INFO] [56/121] 성수카페거리 (primary=KEY_4)
2026-06-26 03:58:33,074 [INFO] [57/121] 송리단길·호수단길 (primary=KEY_1)
2026-06-26 03:58:34,440 [INFO] [58/121] 신촌 스타광장 (primary=KEY_2)
2026-06-26 03:58:35,605 [INFO] [59/121] 압구정로데오거리 (primary=KEY_3)
2026-06-26 03:58:36,959 [INFO] [60/121] 여의도 (primary=KEY_4)
2026-06-26 03:58:38,927 [INFO] [61/121] 연남동 (primary=KEY_1)
2026-06-26 03:58:40,254 [INFO] [62/121] 영등포 타임스퀘어 (primary=KEY_2)
2026-06-26 03:58:41,579 [INFO] [63/121] 용리단길 (primary=KEY_3)
2026-06-26 03:58:42,760 [INFO] [64/121] 이태원 앤틱가구거리 (primary=KEY_4)
2026-06-26 03:58:43,932 [INFO] [65/121] 익선동 (primary=KEY_1)
2026-06-26 03:58:45,310 [INFO] [66/121] 인사동 (primary=KEY_2)
2026-06-26 03:58:46,670 [INFO] [67/121] 잠실롯데타워·석촌호수 (primary=KEY_3)
2026-06-26 03:58:49,174 [INFO] [68/121] 창동 신경제 중심지 (primary=KEY_4)
2026-06-26 03:58:50,734 [INFO] [69/121] 청담동 명품거리 (primary=KEY_1)
2026-06-26 03:58:52,091 [INFO] [70/121] 청량리 제기동 일대 전통시장 (primary=KEY_2)
2026-06-26 03:58:53,462 [INFO] [71/121] 해방촌·경리단길 (primary=KEY_3)
2026-06-26 03:58:54,615 [INFO] [72/121] DDP(동대문디자인플라자) (primary=KEY_4)
2026-06-26 03:58:56,000 [INFO] [73/121] DMC(디지털미디어시티) (primary=KEY_1)
2026-06-26 03:58:57,557 [INFO] [74/121] 가산디지털단지역 (primary=KEY_2)
2026-06-26 03:58:59,103 [INFO] [75/121] 강남역 (primary=KEY_3)
2026-06-26 03:59:00,650 [INFO] [76/121] 건대입구역 (primary=KEY_4)
2026-06-26 03:59:02,004 [INFO] [77/121] 고덕역 (primary=KEY_1)
2026-06-26 03:59:03,165 [INFO] [78/121] 고속터미널역 (primary=KEY_2)
2026-06-26 03:59:04,339 [INFO] [79/121] 교대역 (primary=KEY_3)
2026-06-26 03:59:05,521 [INFO] [80/121] 구로디지털단지역 (primary=KEY_4)
2026-06-26 03:59:06,869 [INFO] [81/121] 구로역 (primary=KEY_1)
2026-06-26 03:59:08,030 [INFO] [82/121] 군자역 (primary=KEY_2)
2026-06-26 03:59:09,207 [INFO] [83/121] 대림역 (primary=KEY_3)
2026-06-26 03:59:10,372 [INFO] [84/121] 동대문역 (primary=KEY_4)
2026-06-26 03:59:11,546 [INFO] [85/121] 뚝섬역 (primary=KEY_1)
2026-06-26 03:59:12,884 [INFO] [86/121] 미아사거리역 (primary=KEY_2)
2026-06-26 03:59:14,222 [INFO] [87/121] 발산역 (primary=KEY_3)
2026-06-26 03:59:15,744 [INFO] [88/121] 사당역 (primary=KEY_4)
2026-06-26 03:59:17,085 [INFO] [89/121] 삼각지역 (primary=KEY_1)
2026-06-26 03:59:18,260 [INFO] [90/121] 서울대입구역 (primary=KEY_2)
2026-06-26 03:59:19,420 [INFO] [91/121] 서울식물원·마곡나루역 (primary=KEY_3)
2026-06-26 03:59:20,780 [INFO] [92/121] 서울역 (primary=KEY_4)
2026-06-26 03:59:22,170 [INFO] [93/121] 선릉역 (primary=KEY_1)
2026-06-26 03:59:23,720 [INFO] [94/121] 성신여대입구역 (primary=KEY_2)
2026-06-26 03:59:24,883 [INFO] [95/121] 수유역 (primary=KEY_3)
2026-06-26 03:59:26,236 [INFO] [96/121] 숭례문 (primary=KEY_4)
2026-06-26 03:59:27,595 [INFO] [97/121] 시의회 앞 (primary=KEY_1)
2026-06-26 03:59:28,944 [INFO] [98/121] 신논현역·논현역 (primary=KEY_2)
2026-06-26 03:59:30,306 [INFO] [99/121] 신도림역 (primary=KEY_3)
2026-06-26 03:59:31,456 [INFO] [100/121] 신림역 (primary=KEY_4)
2026-06-26 03:59:32,629 [INFO] [101/121] 신정네거리역 (primary=KEY_1)
2026-06-26 03:59:33,795 [INFO] [102/121] 신촌·이대역 (primary=KEY_2)
2026-06-26 03:59:35,145 [INFO] [103/121] 쌍문역 (primary=KEY_3)
2026-06-26 03:59:36,312 [INFO] [104/121] 양재역 (primary=KEY_4)
2026-06-26 03:59:37,455 [INFO] [105/121] 역삼역 (primary=KEY_1)
2026-06-26 03:59:38,792 [INFO] [106/121] 연신내역 (primary=KEY_2)
2026-06-26 03:59:39,981 [INFO] [107/121] 오목교역·목동운동장 (primary=KEY_3)
2026-06-26 03:59:41,520 [INFO] [108/121] 왕십리역 (primary=KEY_4)
2026-06-26 03:59:42,889 [INFO] [109/121] 용산역 (primary=KEY_1)
2026-06-26 03:59:44,235 [INFO] [110/121] 이태원역 (primary=KEY_2)
2026-06-26 03:59:45,385 [INFO] [111/121] 잠실새내역 (primary=KEY_3)
2026-06-26 03:59:46,727 [INFO] [112/121] 잠실역 (primary=KEY_4)
2026-06-26 03:59:48,108 [INFO] [113/121] 장지역 (primary=KEY_1)
2026-06-26 03:59:49,445 [INFO] [114/121] 장한평역 (primary=KEY_2)
2026-06-26 03:59:50,790 [INFO] [115/121] 천호역 (primary=KEY_3)
2026-06-26 03:59:52,140 [INFO] [116/121] 총신대입구(이수)역 (primary=KEY_4)
2026-06-26 03:59:53,534 [INFO] [117/121] 충정로역 (primary=KEY_1)
2026-06-26 03:59:54,703 [INFO] [118/121] 합정역 (primary=KEY_2)
2026-06-26 03:59:56,051 [INFO] [119/121] 혜화역 (primary=KEY_3)
2026-06-26 03:59:57,221 [INFO] [120/121] 홍대입구역(2호선) (primary=KEY_4)
2026-06-26 03:59:58,406 [INFO] [121/121] 회기역 (primary=KEY_1)
2026-06-26 04:00:00,532 [INFO] === 수집 완료 | 성공 121, 실패 0 ===
2026-06-26 04:00:00,532 [INFO] 카테고리별 저장 결과:
2026-06-26 04:00:00,533 [INFO]    area_meta                 | 신규   121행 | 누적    363행 | 5컬럼
2026-06-26 04:00:00,533 [INFO]    bike                      | 신규    12행 | 누적     36행 | 12컬럼
2026-06-26 04:00:00,533 [INFO]    bike_sbike_stts           | 신규   555행 | 누적   1665행 | 12컬럼
2026-06-26 04:00:00,533 [INFO]    bus                       | 신규     3행 | 누적      9행 | 11컬럼
2026-06-26 04:00:00,533 [INFO]    bus_bus_stn_stts          | 신규  1745행 | 누적   5235행 | 11컬럼
2026-06-26 04:00:00,533 [INFO]    charger                   | 신규    25행 | 누적     75행 | 15컬럼
2026-06-26 04:00:00,533 [INFO]    charger_charger_stts      | 신규   344행 | 누적   1026행 | 15컬럼
2026-06-26 04:00:00,533 [INFO]    cmrcl                     | 신규    82행 | 누적    246행 | 20컬럼
2026-06-26 04:00:00,533 [INFO]    events                    | 신규    10행 | 누적     30행 | 14컬럼
2026-06-26 04:00:00,533 [INFO]    events_event_stts         | 신규   148행 | 누적    444행 | 14컬럼
2026-06-26 04:00:00,533 [INFO]    parking                   | 신규     6행 | 누적     18행 | 21컬럼
2026-06-26 04:00:00,533 [INFO]    parking_prk_stts          | 신규  1833행 | 누적   5499행 | 21컬럼
2026-06-26 04:00:00,533 [INFO]    ppltn                     | 신규   121행 | 누적    363행 | 26컬럼
2026-06-26 04:00:00,533 [INFO]    road                      | 신규   121행 | 누적    363행 | 21컬럼
2026-06-26 04:00:00,533 [INFO]    road_road_traffic_stts    | 신규  5259행 | 누적  15777행 | 17컬럼
2026-06-26 04:00:00,533 [INFO]    subway                    | 신규    38행 | 누적    114행 | 12컬럼
2026-06-26 04:00:00,533 [INFO]    subway_sub_stts           | 신규   183행 | 누적    549행 | 13컬럼
2026-06-26 04:00:00,534 [INFO]    weather                   | 신규   119행 | 누적    357행 | 29컬럼
2026-06-26 04:00:00,534 [INFO] 키별 사용량:
2026-06-26 04:00:00,534 [INFO]    🟢 KEY_1 (31/1000) 
2026-06-26 04:00:00,534 [INFO]    🟢 KEY_2 (30/1000) 
2026-06-26 04:00:00,534 [INFO]    🟢 KEY_3 (30/1000) 
2026-06-26 04:00:00,534 [INFO]    🟢 KEY_4 (30/1000) 
2026-06-26 04:43:48,973 [INFO] 등록된 키: 4개, 합산 한도 4,000건/일
2026-06-26 04:43:48,973 [INFO] POI 로드: 매뉴얼 v8.5 기준 fallback 121개 (121개 전체)
2026-06-26 04:43:48,973 [INFO] === 수집 시작 2026-06-26T04:43:48.973939+09:00 ===
2026-06-26 04:43:48,974 [INFO] 대상 장소: 121개 | API: citydata (통합)
2026-06-26 04:43:48,974 [INFO] 키 풀: 4/4 활성 | 오늘 사용 0/4000건
2026-06-26 04:43:48,974 [INFO]   [KEY_1] 담당 31장소
2026-06-26 04:43:48,974 [INFO]   [KEY_2] 담당 30장소
2026-06-26 04:43:48,974 [INFO]   [KEY_3] 담당 30장소
2026-06-26 04:43:48,974 [INFO]   [KEY_4] 담당 30장소
2026-06-26 04:43:48,974 [INFO] [1/121] 경복궁 (primary=KEY_1)
2026-06-26 04:43:50,797 [INFO] [2/121] 광화문·덕수궁 (primary=KEY_2)
2026-06-26 04:43:52,461 [INFO] [3/121] 보신각 (primary=KEY_3)
2026-06-26 04:43:53,735 [INFO] [4/121] 서울 암사동 유적 (primary=KEY_4)
2026-06-26 04:43:55,517 [INFO] [5/121] 창덕궁·종묘 (primary=KEY_1)
2026-06-26 04:43:56,776 [INFO] [6/121] 강남 MICE 관광특구 (primary=KEY_2)
2026-06-26 04:43:58,576 [INFO] [7/121] 동대문 관광특구 (primary=KEY_3)
2026-06-26 04:44:00,794 [INFO] [8/121] 명동 관광특구 (primary=KEY_4)
2026-06-26 04:44:02,467 [INFO] [9/121] 이태원 관광특구 (primary=KEY_1)
2026-06-26 04:44:04,448 [INFO] [10/121] 잠실 관광특구 (primary=KEY_2)
2026-06-26 04:44:06,524 [INFO] [11/121] 종로·청계 관광특구 (primary=KEY_3)
2026-06-26 04:44:08,033 [INFO] [12/121] 홍대 관광특구 (primary=KEY_4)
2026-06-26 04:44:10,565 [INFO] [13/121] 강서한강공원 (primary=KEY_1)
2026-06-26 04:44:11,648 [INFO] [14/121] 고척돔 (primary=KEY_2)
2026-06-26 04:44:12,759 [INFO] [15/121] 광나루한강공원 (primary=KEY_3)
2026-06-26 04:44:14,017 [INFO] [16/121] 광화문광장 (primary=KEY_4)
2026-06-26 04:44:15,312 [INFO] [17/121] 국립중앙박물관·용산가족공원 (primary=KEY_1)
2026-06-26 04:44:16,403 [INFO] [18/121] 난지한강공원 (primary=KEY_2)
2026-06-26 04:44:17,497 [INFO] [19/121] 남산공원 (primary=KEY_3)
2026-06-26 04:44:20,018 [INFO] [20/121] 노들섬 (primary=KEY_4)
2026-06-26 04:44:21,109 [INFO] [21/121] 뚝섬한강공원 (primary=KEY_1)
2026-06-26 04:44:22,230 [INFO] [22/121] 망원한강공원 (primary=KEY_2)
2026-06-26 04:44:23,492 [INFO] [23/121] 반포한강공원 (primary=KEY_3)
2026-06-26 04:44:24,591 [INFO] [24/121] 보라매공원 (primary=KEY_4)
2026-06-26 04:44:25,730 [INFO] [25/121] 북서울꿈의숲 (primary=KEY_1)
2026-06-26 04:44:26,834 [INFO] [26/121] 서대문독립공원 (primary=KEY_2)
2026-06-26 04:44:27,957 [INFO] [27/121] 서리풀공원·몽마르뜨공원 (primary=KEY_3)
2026-06-26 04:44:29,072 [INFO] [28/121] 서울대공원 (primary=KEY_4)
2026-06-26 04:44:30,145 [INFO] [29/121] 서울숲공원 (primary=KEY_1)
2026-06-26 04:44:31,415 [INFO] [30/121] 송현녹지광장 (primary=KEY_2)
2026-06-26 04:44:32,671 [INFO] [31/121] 아차산 (primary=KEY_3)
2026-06-26 04:44:33,774 [INFO] [32/121] 안양천 (primary=KEY_4)
2026-06-26 04:44:34,865 [INFO] [33/121] 양화한강공원 (primary=KEY_1)
2026-06-26 04:44:35,955 [INFO] [34/121] 어린이대공원 (primary=KEY_2)
2026-06-26 04:44:38,118 [INFO] [35/121] 여의도한강공원 (primary=KEY_3)
2026-06-26 04:44:40,067 [INFO] [36/121] 여의서로 (primary=KEY_4)
2026-06-26 04:44:41,166 [INFO] [37/121] 올림픽공원 (primary=KEY_1)
2026-06-26 04:44:42,464 [INFO] [38/121] 월드컵공원 (primary=KEY_2)
2026-06-26 04:44:44,847 [INFO] [39/121] 응봉산 (primary=KEY_3)
2026-06-26 04:44:46,109 [INFO] [40/121] 이촌한강공원 (primary=KEY_4)
2026-06-26 04:44:47,203 [INFO] [41/121] 잠실종합운동장 (primary=KEY_1)
2026-06-26 04:44:48,304 [INFO] [42/121] 잠실한강공원 (primary=KEY_2)
2026-06-26 04:44:49,410 [INFO] [43/121] 잠원한강공원 (primary=KEY_3)
2026-06-26 04:44:50,496 [INFO] [44/121] 청계산 (primary=KEY_4)
2026-06-26 04:44:51,586 [INFO] [45/121] 홍제폭포 (primary=KEY_1)
2026-06-26 04:44:52,675 [INFO] [46/121] 가락시장 (primary=KEY_2)
2026-06-26 04:44:53,969 [INFO] [47/121] 가로수길 (primary=KEY_3)
2026-06-26 04:44:55,970 [INFO] [48/121] 광장(전통)시장 (primary=KEY_4)
2026-06-26 04:44:57,074 [INFO] [49/121] 김포공항 (primary=KEY_1)
2026-06-26 04:44:58,367 [INFO] [50/121] 남대문시장 (primary=KEY_2)
2026-06-26 04:44:59,471 [INFO] [51/121] 노량진 (primary=KEY_3)
2026-06-26 04:45:00,571 [INFO] [52/121] 덕수궁길·정동길 (primary=KEY_4)
2026-06-26 04:45:01,863 [INFO] [53/121] 북창동 먹자골목 (primary=KEY_1)
2026-06-26 04:45:02,973 [INFO] [54/121] 북촌한옥마을 (primary=KEY_2)
2026-06-26 04:45:04,236 [INFO] [55/121] 서촌 (primary=KEY_3)
2026-06-26 04:45:05,488 [INFO] [56/121] 성수카페거리 (primary=KEY_4)
2026-06-26 04:45:06,756 [INFO] [57/121] 송리단길·호수단길 (primary=KEY_1)
2026-06-26 04:45:08,008 [INFO] [58/121] 신촌 스타광장 (primary=KEY_2)
2026-06-26 04:45:09,089 [INFO] [59/121] 압구정로데오거리 (primary=KEY_3)
2026-06-26 04:45:10,350 [INFO] [60/121] 여의도 (primary=KEY_4)
2026-06-26 04:45:12,202 [INFO] [61/121] 연남동 (primary=KEY_1)
2026-06-26 04:45:13,454 [INFO] [62/121] 영등포 타임스퀘어 (primary=KEY_2)
2026-06-26 04:45:14,744 [INFO] [63/121] 용리단길 (primary=KEY_3)
2026-06-26 04:45:15,843 [INFO] [64/121] 이태원 앤틱가구거리 (primary=KEY_4)
2026-06-26 04:45:16,939 [INFO] [65/121] 익선동 (primary=KEY_1)
2026-06-26 04:45:18,910 [INFO] [66/121] 인사동 (primary=KEY_2)
2026-06-26 04:45:20,877 [INFO] [67/121] 잠실롯데타워·석촌호수 (primary=KEY_3)
2026-06-26 04:45:22,918 [INFO] [68/121] 창동 신경제 중심지 (primary=KEY_4)
2026-06-26 04:45:25,094 [INFO] [69/121] 청담동 명품거리 (primary=KEY_1)
2026-06-26 04:45:27,040 [INFO] [70/121] 청량리 제기동 일대 전통시장 (primary=KEY_2)
2026-06-26 04:45:29,007 [INFO] [71/121] 해방촌·경리단길 (primary=KEY_3)
2026-06-26 04:45:30,117 [INFO] [72/121] DDP(동대문디자인플라자) (primary=KEY_4)
2026-06-26 04:45:32,119 [INFO] [73/121] DMC(디지털미디어시티) (primary=KEY_1)
2026-06-26 04:45:34,292 [INFO] [74/121] 가산디지털단지역 (primary=KEY_2)
2026-06-26 04:45:35,734 [INFO] [75/121] 강남역 (primary=KEY_3)
2026-06-26 04:45:37,214 [INFO] [76/121] 건대입구역 (primary=KEY_4)
2026-06-26 04:45:38,476 [INFO] [77/121] 고덕역 (primary=KEY_1)
2026-06-26 04:45:39,776 [INFO] [78/121] 고속터미널역 (primary=KEY_2)
2026-06-26 04:45:40,879 [INFO] [79/121] 교대역 (primary=KEY_3)
2026-06-26 04:45:43,064 [INFO] [80/121] 구로디지털단지역 (primary=KEY_4)
2026-06-26 04:45:44,342 [INFO] [81/121] 구로역 (primary=KEY_1)
2026-06-26 04:45:45,426 [INFO] [82/121] 군자역 (primary=KEY_2)
2026-06-26 04:45:47,238 [INFO] [83/121] 대림역 (primary=KEY_3)
2026-06-26 04:45:48,333 [INFO] [84/121] 동대문역 (primary=KEY_4)
2026-06-26 04:45:49,615 [INFO] [85/121] 뚝섬역 (primary=KEY_1)
2026-06-26 04:45:50,873 [INFO] [86/121] 미아사거리역 (primary=KEY_2)
2026-06-26 04:45:52,845 [INFO] [87/121] 발산역 (primary=KEY_3)
2026-06-26 04:45:54,292 [INFO] [88/121] 사당역 (primary=KEY_4)
2026-06-26 04:45:55,554 [INFO] [89/121] 삼각지역 (primary=KEY_1)
2026-06-26 04:45:56,664 [INFO] [90/121] 서울대입구역 (primary=KEY_2)
2026-06-26 04:45:57,765 [INFO] [91/121] 서울식물원·마곡나루역 (primary=KEY_3)
2026-06-26 04:45:59,049 [INFO] [92/121] 서울역 (primary=KEY_4)
2026-06-26 04:46:00,345 [INFO] [93/121] 선릉역 (primary=KEY_1)
2026-06-26 04:46:01,824 [INFO] [94/121] 성신여대입구역 (primary=KEY_2)
2026-06-26 04:46:02,937 [INFO] [95/121] 수유역 (primary=KEY_3)
2026-06-26 04:46:04,204 [INFO] [96/121] 숭례문 (primary=KEY_4)
2026-06-26 04:46:05,491 [INFO] [97/121] 시의회 앞 (primary=KEY_1)
2026-06-26 04:46:06,779 [INFO] [98/121] 신논현역·논현역 (primary=KEY_2)
2026-06-26 04:46:08,060 [INFO] [99/121] 신도림역 (primary=KEY_3)
2026-06-26 04:46:09,162 [INFO] [100/121] 신림역 (primary=KEY_4)
2026-06-26 04:46:10,260 [INFO] [101/121] 신정네거리역 (primary=KEY_1)
2026-06-26 04:46:11,392 [INFO] [102/121] 신촌·이대역 (primary=KEY_2)
2026-06-26 04:46:12,655 [INFO] [103/121] 쌍문역 (primary=KEY_3)
2026-06-26 04:46:13,760 [INFO] [104/121] 양재역 (primary=KEY_4)
2026-06-26 04:46:15,604 [INFO] [105/121] 역삼역 (primary=KEY_1)
2026-06-26 04:46:16,864 [INFO] [106/121] 연신내역 (primary=KEY_2)
2026-06-26 04:46:17,969 [INFO] [107/121] 오목교역·목동운동장 (primary=KEY_3)
2026-06-26 04:46:19,435 [INFO] [108/121] 왕십리역 (primary=KEY_4)
2026-06-26 04:46:20,720 [INFO] [109/121] 용산역 (primary=KEY_1)
2026-06-26 04:46:22,000 [INFO] [110/121] 이태원역 (primary=KEY_2)
2026-06-26 04:46:23,095 [INFO] [111/121] 잠실새내역 (primary=KEY_3)
2026-06-26 04:46:24,351 [INFO] [112/121] 잠실역 (primary=KEY_4)
2026-06-26 04:46:25,614 [INFO] [113/121] 장지역 (primary=KEY_1)
2026-06-26 04:46:26,884 [INFO] [114/121] 장한평역 (primary=KEY_2)
2026-06-26 04:46:28,164 [INFO] [115/121] 천호역 (primary=KEY_3)
2026-06-26 04:46:29,513 [INFO] [116/121] 총신대입구(이수)역 (primary=KEY_4)
2026-06-26 04:46:31,511 [INFO] [117/121] 충정로역 (primary=KEY_1)
2026-06-26 04:46:32,626 [INFO] [118/121] 합정역 (primary=KEY_2)
2026-06-26 04:46:33,912 [INFO] [119/121] 혜화역 (primary=KEY_3)
2026-06-26 04:46:35,019 [INFO] [120/121] 홍대입구역(2호선) (primary=KEY_4)
2026-06-26 04:46:36,138 [INFO] [121/121] 회기역 (primary=KEY_1)
2026-06-26 04:46:38,304 [INFO] === 수집 완료 | 성공 121, 실패 0 ===
2026-06-26 04:46:38,304 [INFO] 카테고리별 저장 결과:
2026-06-26 04:46:38,304 [INFO]    accident                  | 신규     4행 | 누적     12행 | 16컬럼
2026-06-26 04:46:38,304 [INFO]    area_meta                 | 신규   121행 | 누적    484행 | 5컬럼
2026-06-26 04:46:38,304 [INFO]    bike                      | 신규    12행 | 누적     48행 | 12컬럼
2026-06-26 04:46:38,304 [INFO]    bike_sbike_stts           | 신규   555행 | 누적   2220행 | 12컬럼
2026-06-26 04:46:38,304 [INFO]    bus                       | 신규     3행 | 누적     12행 | 11컬럼
2026-06-26 04:46:38,304 [INFO]    bus_bus_stn_stts          | 신규  1745행 | 누적   6980행 | 11컬럼
2026-06-26 04:46:38,305 [INFO]    charger                   | 신규    25행 | 누적    100행 | 15컬럼
2026-06-26 04:46:38,305 [INFO]    charger_charger_stts      | 신규   344행 | 누적   1368행 | 15컬럼
2026-06-26 04:46:38,305 [INFO]    cmrcl                     | 신규    82행 | 누적    328행 | 20컬럼
2026-06-26 04:46:38,305 [INFO]    events                    | 신규    10행 | 누적     40행 | 14컬럼
2026-06-26 04:46:38,305 [INFO]    events_event_stts         | 신규   148행 | 누적    592행 | 14컬럼
2026-06-26 04:46:38,305 [INFO]    parking                   | 신규     6행 | 누적     24행 | 21컬럼
2026-06-26 04:46:38,305 [INFO]    parking_prk_stts          | 신규  1833행 | 누적   7332행 | 21컬럼
2026-06-26 04:46:38,305 [INFO]    ppltn                     | 신규   121행 | 누적    484행 | 26컬럼
2026-06-26 04:46:38,305 [INFO]    road                      | 신규   121행 | 누적    484행 | 21컬럼
2026-06-26 04:46:38,305 [INFO]    road_road_traffic_stts    | 신규  5259행 | 누적  21036행 | 17컬럼
2026-06-26 04:46:38,305 [INFO]    subway                    | 신규    38행 | 누적    152행 | 13컬럼
2026-06-26 04:46:38,305 [INFO]    subway_sub_stts           | 신규   183행 | 누적    732행 | 13컬럼
2026-06-26 04:46:38,305 [INFO]    weather                   | 신규   119행 | 누적    476행 | 29컬럼
2026-06-26 04:46:38,305 [INFO] 키별 사용량:
2026-06-26 04:46:38,305 [INFO]    🟢 KEY_1 (31/1000) 
2026-06-26 04:46:38,305 [INFO]    🟢 KEY_2 (30/1000) 
2026-06-26 04:46:38,305 [INFO]    🟢 KEY_3 (30/1000) 
2026-06-26 04:46:38,305 [INFO]    🟢 KEY_4 (30/1000) 
2026-06-26 05:50:33,871 [INFO] 등록된 키: 4개, 합산 한도 4,000건/일
2026-06-26 05:50:33,872 [INFO] POI 로드: 매뉴얼 v8.5 기준 fallback 121개 (121개 전체)
2026-06-26 05:50:33,872 [INFO] === 수집 시작 2026-06-26T05:50:33.872137+09:00 ===
2026-06-26 05:50:33,872 [INFO] 대상 장소: 121개 | API: citydata (통합)
2026-06-26 05:50:33,872 [INFO] 키 풀: 4/4 활성 | 오늘 사용 0/4000건
2026-06-26 05:50:33,872 [INFO]   [KEY_1] 담당 31장소
2026-06-26 05:50:33,872 [INFO]   [KEY_2] 담당 30장소
2026-06-26 05:50:33,872 [INFO]   [KEY_3] 담당 30장소
2026-06-26 05:50:33,872 [INFO]   [KEY_4] 담당 30장소
2026-06-26 05:50:33,872 [INFO] [1/121] 경복궁 (primary=KEY_1)
2026-06-26 05:50:35,974 [INFO] [2/121] 광화문·덕수궁 (primary=KEY_2)
2026-06-26 05:50:38,279 [INFO] [3/121] 보신각 (primary=KEY_3)
2026-06-26 05:50:40,558 [INFO] [4/121] 서울 암사동 유적 (primary=KEY_4)
2026-06-26 05:50:42,447 [INFO] [5/121] 창덕궁·종묘 (primary=KEY_1)
2026-06-26 05:50:44,529 [INFO] [6/121] 강남 MICE 관광특구 (primary=KEY_2)
2026-06-26 05:50:46,625 [INFO] [7/121] 동대문 관광특구 (primary=KEY_3)
2026-06-26 05:50:49,316 [INFO] [8/121] 명동 관광특구 (primary=KEY_4)
2026-06-26 05:50:51,923 [INFO] [9/121] 이태원 관광특구 (primary=KEY_1)
2026-06-26 05:50:54,020 [INFO] [10/121] 잠실 관광특구 (primary=KEY_2)
2026-06-26 05:50:56,532 [INFO] [11/121] 종로·청계 관광특구 (primary=KEY_3)
2026-06-26 05:50:58,107 [INFO] [12/121] 홍대 관광특구 (primary=KEY_4)
2026-06-26 05:51:00,428 [INFO] [13/121] 강서한강공원 (primary=KEY_1)
2026-06-26 05:51:02,292 [INFO] [14/121] 고척돔 (primary=KEY_2)
2026-06-26 05:51:03,417 [INFO] [15/121] 광나루한강공원 (primary=KEY_3)
2026-06-26 05:51:05,675 [INFO] [16/121] 광화문광장 (primary=KEY_4)
2026-06-26 05:51:07,592 [INFO] [17/121] 국립중앙박물관·용산가족공원 (primary=KEY_1)
2026-06-26 05:51:08,725 [INFO] [18/121] 난지한강공원 (primary=KEY_2)
2026-06-26 05:51:10,790 [INFO] [19/121] 남산공원 (primary=KEY_3)
2026-06-26 05:51:13,077 [INFO] [20/121] 노들섬 (primary=KEY_4)
2026-06-26 05:51:14,204 [INFO] [21/121] 뚝섬한강공원 (primary=KEY_1)
2026-06-26 05:51:16,330 [INFO] [22/121] 망원한강공원 (primary=KEY_2)
2026-06-26 05:51:17,663 [INFO] [23/121] 반포한강공원 (primary=KEY_3)
2026-06-26 05:51:19,543 [INFO] [24/121] 보라매공원 (primary=KEY_4)
2026-06-26 05:51:20,709 [INFO] [25/121] 북서울꿈의숲 (primary=KEY_1)
2026-06-26 05:51:22,015 [INFO] [26/121] 서대문독립공원 (primary=KEY_2)
2026-06-26 05:51:23,150 [INFO] [27/121] 서리풀공원·몽마르뜨공원 (primary=KEY_3)
2026-06-26 05:51:25,599 [INFO] [28/121] 서울대공원 (primary=KEY_4)
2026-06-26 05:51:26,714 [INFO] [29/121] 서울숲공원 (primary=KEY_1)
2026-06-26 05:51:29,174 [INFO] [30/121] 송현녹지광장 (primary=KEY_2)
2026-06-26 05:51:30,509 [INFO] [31/121] 아차산 (primary=KEY_3)
2026-06-26 05:51:32,388 [INFO] [32/121] 안양천 (primary=KEY_4)
2026-06-26 05:51:33,521 [INFO] [33/121] 양화한강공원 (primary=KEY_1)
2026-06-26 05:51:34,651 [INFO] [34/121] 어린이대공원 (primary=KEY_2)
2026-06-26 05:51:35,811 [INFO] [35/121] 여의도한강공원 (primary=KEY_3)
2026-06-26 05:51:38,170 [INFO] [36/121] 여의서로 (primary=KEY_4)
2026-06-26 05:51:39,299 [INFO] [37/121] 올림픽공원 (primary=KEY_1)
2026-06-26 05:51:41,823 [INFO] [38/121] 월드컵공원 (primary=KEY_2)
2026-06-26 05:51:43,353 [INFO] [39/121] 응봉산 (primary=KEY_3)
2026-06-26 05:51:44,687 [INFO] [40/121] 이촌한강공원 (primary=KEY_4)
2026-06-26 05:51:46,564 [INFO] [41/121] 잠실종합운동장 (primary=KEY_1)
2026-06-26 05:51:47,705 [INFO] [42/121] 잠실한강공원 (primary=KEY_2)
2026-06-26 05:51:48,852 [INFO] [43/121] 잠원한강공원 (primary=KEY_3)
2026-06-26 05:51:50,743 [INFO] [44/121] 청계산 (primary=KEY_4)
2026-06-26 05:51:51,877 [INFO] [45/121] 홍제폭포 (primary=KEY_1)
2026-06-26 05:51:52,997 [INFO] [46/121] 가락시장 (primary=KEY_2)
2026-06-26 05:51:54,339 [INFO] [47/121] 가로수길 (primary=KEY_3)
2026-06-26 05:51:55,683 [INFO] [48/121] 광장(전통)시장 (primary=KEY_4)
2026-06-26 05:51:56,837 [INFO] [49/121] 김포공항 (primary=KEY_1)
2026-06-26 05:51:58,190 [INFO] [50/121] 남대문시장 (primary=KEY_2)
2026-06-26 05:51:59,351 [INFO] [51/121] 노량진 (primary=KEY_3)
2026-06-26 05:52:00,498 [INFO] [52/121] 덕수궁길·정동길 (primary=KEY_4)
2026-06-26 05:52:01,840 [INFO] [53/121] 북창동 먹자골목 (primary=KEY_1)
2026-06-26 05:52:02,977 [INFO] [54/121] 북촌한옥마을 (primary=KEY_2)
2026-06-26 05:52:05,253 [INFO] [55/121] 서촌 (primary=KEY_3)
2026-06-26 05:52:06,584 [INFO] [56/121] 성수카페거리 (primary=KEY_4)
2026-06-26 05:52:07,938 [INFO] [57/121] 송리단길·호수단길 (primary=KEY_1)
2026-06-26 05:52:09,291 [INFO] [58/121] 신촌 스타광장 (primary=KEY_2)
2026-06-26 05:52:11,579 [INFO] [59/121] 압구정로데오거리 (primary=KEY_3)
2026-06-26 05:52:12,910 [INFO] [60/121] 여의도 (primary=KEY_4)
2026-06-26 05:52:14,880 [INFO] [61/121] 연남동 (primary=KEY_1)
2026-06-26 05:52:16,197 [INFO] [62/121] 영등포 타임스퀘어 (primary=KEY_2)
2026-06-26 05:52:18,145 [INFO] [63/121] 용리단길 (primary=KEY_3)
2026-06-26 05:52:19,311 [INFO] [64/121] 이태원 앤틱가구거리 (primary=KEY_4)
2026-06-26 05:52:20,457 [INFO] [65/121] 익선동 (primary=KEY_1)
2026-06-26 05:52:21,836 [INFO] [66/121] 인사동 (primary=KEY_2)
2026-06-26 05:52:23,181 [INFO] [67/121] 잠실롯데타워·석촌호수 (primary=KEY_3)
2026-06-26 05:52:24,525 [INFO] [68/121] 창동 신경제 중심지 (primary=KEY_4)
2026-06-26 05:52:26,064 [INFO] [69/121] 청담동 명품거리 (primary=KEY_1)
2026-06-26 05:52:27,374 [INFO] [70/121] 청량리 제기동 일대 전통시장 (primary=KEY_2)
2026-06-26 05:52:28,727 [INFO] [71/121] 해방촌·경리단길 (primary=KEY_3)
2026-06-26 05:52:29,865 [INFO] [72/121] DDP(동대문디자인플라자) (primary=KEY_4)
2026-06-26 05:52:31,330 [INFO] [73/121] DMC(디지털미디어시티) (primary=KEY_1)
2026-06-26 05:52:32,887 [INFO] [74/121] 가산디지털단지역 (primary=KEY_2)
2026-06-26 05:52:34,402 [INFO] [75/121] 강남역 (primary=KEY_3)
2026-06-26 05:52:35,952 [INFO] [76/121] 건대입구역 (primary=KEY_4)
2026-06-26 05:52:37,289 [INFO] [77/121] 고덕역 (primary=KEY_1)
2026-06-26 05:52:38,625 [INFO] [78/121] 고속터미널역 (primary=KEY_2)
2026-06-26 05:52:39,812 [INFO] [79/121] 교대역 (primary=KEY_3)
2026-06-26 05:52:40,982 [INFO] [80/121] 구로디지털단지역 (primary=KEY_4)
2026-06-26 05:52:42,310 [INFO] [81/121] 구로역 (primary=KEY_1)
2026-06-26 05:52:43,450 [INFO] [82/121] 군자역 (primary=KEY_2)
2026-06-26 05:52:44,785 [INFO] [83/121] 대림역 (primary=KEY_3)
2026-06-26 05:52:46,149 [INFO] [84/121] 동대문역 (primary=KEY_4)
2026-06-26 05:52:47,489 [INFO] [85/121] 뚝섬역 (primary=KEY_1)
2026-06-26 05:52:48,828 [INFO] [86/121] 미아사거리역 (primary=KEY_2)
2026-06-26 05:52:50,162 [INFO] [87/121] 발산역 (primary=KEY_3)
2026-06-26 05:52:51,694 [INFO] [88/121] 사당역 (primary=KEY_4)
2026-06-26 05:52:53,075 [INFO] [89/121] 삼각지역 (primary=KEY_1)
2026-06-26 05:52:54,235 [INFO] [90/121] 서울대입구역 (primary=KEY_2)
2026-06-26 05:52:55,374 [INFO] [91/121] 서울식물원·마곡나루역 (primary=KEY_3)
2026-06-26 05:52:56,720 [INFO] [92/121] 서울역 (primary=KEY_4)
2026-06-26 05:52:58,110 [INFO] [93/121] 선릉역 (primary=KEY_1)
2026-06-26 05:52:59,647 [INFO] [94/121] 성신여대입구역 (primary=KEY_2)
2026-06-26 05:53:00,807 [INFO] [95/121] 수유역 (primary=KEY_3)
2026-06-26 05:53:02,142 [INFO] [96/121] 숭례문 (primary=KEY_4)
2026-06-26 05:53:03,470 [INFO] [97/121] 시의회 앞 (primary=KEY_1)
2026-06-26 05:53:04,804 [INFO] [98/121] 신논현역·논현역 (primary=KEY_2)
2026-06-26 05:53:06,160 [INFO] [99/121] 신도림역 (primary=KEY_3)
2026-06-26 05:53:07,313 [INFO] [100/121] 신림역 (primary=KEY_4)
2026-06-26 05:53:08,464 [INFO] [101/121] 신정네거리역 (primary=KEY_1)
2026-06-26 05:53:09,599 [INFO] [102/121] 신촌·이대역 (primary=KEY_2)
2026-06-26 05:53:11,724 [INFO] [103/121] 쌍문역 (primary=KEY_3)
2026-06-26 05:53:13,721 [INFO] [104/121] 양재역 (primary=KEY_4)
2026-06-26 05:53:15,819 [INFO] [105/121] 역삼역 (primary=KEY_1)
2026-06-26 05:53:17,903 [INFO] [106/121] 연신내역 (primary=KEY_2)
2026-06-26 05:53:19,816 [INFO] [107/121] 오목교역·목동운동장 (primary=KEY_3)
2026-06-26 05:53:22,097 [INFO] [108/121] 왕십리역 (primary=KEY_4)
2026-06-26 05:53:24,216 [INFO] [109/121] 용산역 (primary=KEY_1)
2026-06-26 05:53:26,338 [INFO] [110/121] 이태원역 (primary=KEY_2)
2026-06-26 05:53:28,371 [INFO] [111/121] 잠실새내역 (primary=KEY_3)
2026-06-26 05:53:30,472 [INFO] [112/121] 잠실역 (primary=KEY_4)
2026-06-26 05:53:32,593 [INFO] [113/121] 장지역 (primary=KEY_1)
2026-06-26 05:53:34,692 [INFO] [114/121] 장한평역 (primary=KEY_2)
2026-06-26 05:53:36,030 [INFO] [115/121] 천호역 (primary=KEY_3)
2026-06-26 05:53:38,383 [INFO] [116/121] 총신대입구(이수)역 (primary=KEY_4)
2026-06-26 05:53:39,731 [INFO] [117/121] 충정로역 (primary=KEY_1)
2026-06-26 05:53:41,071 [INFO] [118/121] 합정역 (primary=KEY_2)
2026-06-26 05:53:43,170 [INFO] [119/121] 혜화역 (primary=KEY_3)
2026-06-26 05:53:44,515 [INFO] [120/121] 홍대입구역(2호선) (primary=KEY_4)
2026-06-26 05:53:45,698 [INFO] [121/121] 회기역 (primary=KEY_1)
2026-06-26 05:53:48,061 [INFO] === 수집 완료 | 성공 121, 실패 0 ===
2026-06-26 05:53:48,061 [INFO] 카테고리별 저장 결과:
2026-06-26 05:53:48,061 [INFO]    accident                  | 신규     4행 | 누적     16행 | 16컬럼
2026-06-26 05:53:48,061 [INFO]    area_meta                 | 신규   121행 | 누적    605행 | 5컬럼
2026-06-26 05:53:48,061 [INFO]    bike                      | 신규    12행 | 누적     60행 | 12컬럼
2026-06-26 05:53:48,061 [INFO]    bike_sbike_stts           | 신규   555행 | 누적   2775행 | 12컬럼
2026-06-26 05:53:48,061 [INFO]    bus                       | 신규     3행 | 누적     15행 | 11컬럼
2026-06-26 05:53:48,061 [INFO]    bus_bus_stn_stts          | 신규  1745행 | 누적   8725행 | 11컬럼
2026-06-26 05:53:48,061 [INFO]    charger                   | 신규    25행 | 누적    125행 | 15컬럼
2026-06-26 05:53:48,061 [INFO]    charger_charger_stts      | 신규   344행 | 누적   1710행 | 15컬럼
2026-06-26 05:53:48,061 [INFO]    cmrcl                     | 신규    82행 | 누적    410행 | 20컬럼
2026-06-26 05:53:48,061 [INFO]    events                    | 신규    11행 | 누적     51행 | 14컬럼
2026-06-26 05:53:48,061 [INFO]    events_event_stts         | 신규   144행 | 누적    736행 | 14컬럼
2026-06-26 05:53:48,061 [INFO]    parking                   | 신규     6행 | 누적     30행 | 21컬럼
2026-06-26 05:53:48,061 [INFO]    parking_prk_stts          | 신규  1833행 | 누적   9165행 | 21컬럼
2026-06-26 05:53:48,061 [INFO]    ppltn                     | 신규   121행 | 누적    605행 | 26컬럼
2026-06-26 05:53:48,061 [INFO]    road                      | 신규   121행 | 누적    605행 | 21컬럼
2026-06-26 05:53:48,061 [INFO]    road_road_traffic_stts    | 신규  5259행 | 누적  26295행 | 17컬럼
2026-06-26 05:53:48,061 [INFO]    subway                    | 신규    38행 | 누적    190행 | 13컬럼
2026-06-26 05:53:48,062 [INFO]    subway_sub_stts           | 신규   183행 | 누적    915행 | 13컬럼
2026-06-26 05:53:48,062 [INFO]    weather                   | 신규   119행 | 누적    595행 | 29컬럼
2026-06-26 05:53:48,062 [INFO] 키별 사용량:
2026-06-26 05:53:48,062 [INFO]    🟢 KEY_1 (31/1000) 
2026-06-26 05:53:48,062 [INFO]    🟢 KEY_2 (30/1000) 
2026-06-26 05:53:48,062 [INFO]    🟢 KEY_3 (30/1000) 
2026-06-26 05:53:48,062 [INFO]    🟢 KEY_4 (30/1000) 
2026-06-26 06:41:28,619 [INFO] 등록된 키: 4개, 합산 한도 4,000건/일
2026-06-26 06:41:28,620 [INFO] POI 로드: 매뉴얼 v8.5 기준 fallback 121개 (121개 전체)
2026-06-26 06:41:28,620 [INFO] === 수집 시작 2026-06-26T06:41:28.620740+09:00 ===
2026-06-26 06:41:28,620 [INFO] 대상 장소: 121개 | API: citydata (통합)
2026-06-26 06:41:28,620 [INFO] 키 풀: 4/4 활성 | 오늘 사용 0/4000건
2026-06-26 06:41:28,621 [INFO]   [KEY_1] 담당 31장소
2026-06-26 06:41:28,621 [INFO]   [KEY_2] 담당 30장소
2026-06-26 06:41:28,621 [INFO]   [KEY_3] 담당 30장소
2026-06-26 06:41:28,621 [INFO]   [KEY_4] 담당 30장소
2026-06-26 06:41:28,621 [INFO] [1/121] 경복궁 (primary=KEY_1)
2026-06-26 06:41:31,010 [INFO] [2/121] 광화문·덕수궁 (primary=KEY_2)
2026-06-26 06:41:32,345 [INFO] [3/121] 보신각 (primary=KEY_3)
2026-06-26 06:41:34,382 [INFO] [4/121] 서울 암사동 유적 (primary=KEY_4)
2026-06-26 06:41:35,990 [INFO] [5/121] 창덕궁·종묘 (primary=KEY_1)
2026-06-26 06:41:37,144 [INFO] [6/121] 강남 MICE 관광특구 (primary=KEY_2)
2026-06-26 06:41:38,741 [INFO] [7/121] 동대문 관광특구 (primary=KEY_3)
2026-06-26 06:41:40,102 [INFO] [8/121] 명동 관광특구 (primary=KEY_4)
2026-06-26 06:41:42,519 [INFO] [9/121] 이태원 관광특구 (primary=KEY_1)
2026-06-26 06:41:43,852 [INFO] [10/121] 잠실 관광특구 (primary=KEY_2)
2026-06-26 06:41:45,817 [INFO] [11/121] 종로·청계 관광특구 (primary=KEY_3)
2026-06-26 06:41:48,431 [INFO] [12/121] 홍대 관광특구 (primary=KEY_4)
2026-06-26 06:41:49,796 [INFO] [13/121] 강서한강공원 (primary=KEY_1)
2026-06-26 06:41:50,803 [INFO] [14/121] 고척돔 (primary=KEY_2)
2026-06-26 06:41:52,371 [INFO] [15/121] 광나루한강공원 (primary=KEY_3)
2026-06-26 06:41:54,118 [INFO] [16/121] 광화문광장 (primary=KEY_4)
2026-06-26 06:41:55,336 [INFO] [17/121] 국립중앙박물관·용산가족공원 (primary=KEY_1)
2026-06-26 06:41:56,509 [INFO] [18/121] 난지한강공원 (primary=KEY_2)
2026-06-26 06:41:57,528 [INFO] [19/121] 남산공원 (primary=KEY_3)
2026-06-26 06:41:58,879 [INFO] [20/121] 노들섬 (primary=KEY_4)
2026-06-26 06:41:59,887 [INFO] [21/121] 뚝섬한강공원 (primary=KEY_1)
2026-06-26 06:42:00,953 [INFO] [22/121] 망원한강공원 (primary=KEY_2)
2026-06-26 06:42:02,714 [INFO] [23/121] 반포한강공원 (primary=KEY_3)
2026-06-26 06:42:04,295 [INFO] [24/121] 보라매공원 (primary=KEY_4)
2026-06-26 06:42:05,338 [INFO] [25/121] 북서울꿈의숲 (primary=KEY_1)
2026-06-26 06:42:06,960 [INFO] [26/121] 서대문독립공원 (primary=KEY_2)
2026-06-26 06:42:08,566 [INFO] [27/121] 서리풀공원·몽마르뜨공원 (primary=KEY_3)
2026-06-26 06:42:09,749 [INFO] [28/121] 서울대공원 (primary=KEY_4)
2026-06-26 06:42:11,328 [INFO] [29/121] 서울숲공원 (primary=KEY_1)
2026-06-26 06:42:12,491 [INFO] [30/121] 송현녹지광장 (primary=KEY_2)
2026-06-26 06:42:13,646 [INFO] [31/121] 아차산 (primary=KEY_3)
2026-06-26 06:42:14,643 [INFO] [32/121] 안양천 (primary=KEY_4)
2026-06-26 06:42:16,827 [INFO] [33/121] 양화한강공원 (primary=KEY_1)
2026-06-26 06:42:19,191 [INFO] [34/121] 어린이대공원 (primary=KEY_2)
2026-06-26 06:42:20,233 [INFO] [35/121] 여의도한강공원 (primary=KEY_3)
2026-06-26 06:42:22,131 [INFO] [36/121] 여의서로 (primary=KEY_4)
2026-06-26 06:42:23,143 [INFO] [37/121] 올림픽공원 (primary=KEY_1)
2026-06-26 06:42:24,336 [INFO] [38/121] 월드컵공원 (primary=KEY_2)
2026-06-26 06:42:25,684 [INFO] [39/121] 응봉산 (primary=KEY_3)
2026-06-26 06:42:27,402 [INFO] [40/121] 이촌한강공원 (primary=KEY_4)
2026-06-26 06:42:28,414 [INFO] [41/121] 잠실종합운동장 (primary=KEY_1)
2026-06-26 06:42:29,425 [INFO] [42/121] 잠실한강공원 (primary=KEY_2)
2026-06-26 06:42:31,339 [INFO] [43/121] 잠원한강공원 (primary=KEY_3)
2026-06-26 06:42:32,339 [INFO] [44/121] 청계산 (primary=KEY_4)
2026-06-26 06:42:33,340 [INFO] [45/121] 홍제폭포 (primary=KEY_1)
2026-06-26 06:42:34,348 [INFO] [46/121] 가락시장 (primary=KEY_2)
2026-06-26 06:42:35,533 [INFO] [47/121] 가로수길 (primary=KEY_3)
2026-06-26 06:42:36,724 [INFO] [48/121] 광장(전통)시장 (primary=KEY_4)
2026-06-26 06:42:37,758 [INFO] [49/121] 김포공항 (primary=KEY_1)
2026-06-26 06:42:38,960 [INFO] [50/121] 남대문시장 (primary=KEY_2)
2026-06-26 06:42:40,966 [INFO] [51/121] 노량진 (primary=KEY_3)
2026-06-26 06:42:42,162 [INFO] [52/121] 덕수궁길·정동길 (primary=KEY_4)
2026-06-26 06:42:43,367 [INFO] [53/121] 북창동 먹자골목 (primary=KEY_1)
2026-06-26 06:42:44,382 [INFO] [54/121] 북촌한옥마을 (primary=KEY_2)
2026-06-26 06:42:45,572 [INFO] [55/121] 서촌 (primary=KEY_3)
2026-06-26 06:42:46,752 [INFO] [56/121] 성수카페거리 (primary=KEY_4)
2026-06-26 06:42:47,931 [INFO] [57/121] 송리단길·호수단길 (primary=KEY_1)
2026-06-26 06:42:49,715 [INFO] [58/121] 신촌 스타광장 (primary=KEY_2)
2026-06-26 06:42:50,752 [INFO] [59/121] 압구정로데오거리 (primary=KEY_3)
2026-06-26 06:42:52,553 [INFO] [60/121] 여의도 (primary=KEY_4)
2026-06-26 06:42:54,997 [INFO] [61/121] 연남동 (primary=KEY_1)
2026-06-26 06:42:56,773 [INFO] [62/121] 영등포 타임스퀘어 (primary=KEY_2)
2026-06-26 06:42:57,936 [INFO] [63/121] 용리단길 (primary=KEY_3)
2026-06-26 06:42:58,973 [INFO] [64/121] 이태원 앤틱가구거리 (primary=KEY_4)
2026-06-26 06:42:59,998 [INFO] [65/121] 익선동 (primary=KEY_1)
2026-06-26 06:43:01,229 [INFO] [66/121] 인사동 (primary=KEY_2)
2026-06-26 06:43:03,008 [INFO] [67/121] 잠실롯데타워·석촌호수 (primary=KEY_3)
2026-06-26 06:43:04,213 [INFO] [68/121] 창동 신경제 중심지 (primary=KEY_4)
2026-06-26 06:43:05,574 [INFO] [69/121] 청담동 명품거리 (primary=KEY_1)
2026-06-26 06:43:06,753 [INFO] [70/121] 청량리 제기동 일대 전통시장 (primary=KEY_2)
2026-06-26 06:43:07,971 [INFO] [71/121] 해방촌·경리단길 (primary=KEY_3)
2026-06-26 06:43:08,994 [INFO] [72/121] DDP(동대문디자인플라자) (primary=KEY_4)
2026-06-26 06:43:10,220 [INFO] [73/121] DMC(디지털미디어시티) (primary=KEY_1)
2026-06-26 06:43:11,598 [INFO] [74/121] 가산디지털단지역 (primary=KEY_2)
2026-06-26 06:43:12,928 [INFO] [75/121] 강남역 (primary=KEY_3)
2026-06-26 06:43:14,331 [INFO] [76/121] 건대입구역 (primary=KEY_4)
2026-06-26 06:43:16,137 [INFO] [77/121] 고덕역 (primary=KEY_1)
2026-06-26 06:43:18,143 [INFO] [78/121] 고속터미널역 (primary=KEY_2)
2026-06-26 06:43:19,173 [INFO] [79/121] 교대역 (primary=KEY_3)
2026-06-26 06:43:20,219 [INFO] [80/121] 구로디지털단지역 (primary=KEY_4)
2026-06-26 06:43:21,399 [INFO] [81/121] 구로역 (primary=KEY_1)
2026-06-26 06:43:22,422 [INFO] [82/121] 군자역 (primary=KEY_2)
2026-06-26 06:43:23,602 [INFO] [83/121] 대림역 (primary=KEY_3)
2026-06-26 06:43:24,782 [INFO] [84/121] 동대문역 (primary=KEY_4)
2026-06-26 06:43:26,554 [INFO] [85/121] 뚝섬역 (primary=KEY_1)
2026-06-26 06:43:27,720 [INFO] [86/121] 미아사거리역 (primary=KEY_2)
2026-06-26 06:43:28,934 [INFO] [87/121] 발산역 (primary=KEY_3)
2026-06-26 06:43:30,265 [INFO] [88/121] 사당역 (primary=KEY_4)
2026-06-26 06:43:32,342 [INFO] [89/121] 삼각지역 (primary=KEY_1)
2026-06-26 06:43:33,970 [INFO] [90/121] 서울대입구역 (primary=KEY_2)
2026-06-26 06:43:35,930 [INFO] [91/121] 서울식물원·마곡나루역 (primary=KEY_3)
2026-06-26 06:43:37,129 [INFO] [92/121] 서울역 (primary=KEY_4)
2026-06-26 06:43:38,953 [INFO] [93/121] 선릉역 (primary=KEY_1)
2026-06-26 06:43:40,307 [INFO] [94/121] 성신여대입구역 (primary=KEY_2)
2026-06-26 06:43:42,541 [INFO] [95/121] 수유역 (primary=KEY_3)
2026-06-26 06:43:44,466 [INFO] [96/121] 숭례문 (primary=KEY_4)
2026-06-26 06:43:45,640 [INFO] [97/121] 시의회 앞 (primary=KEY_1)
2026-06-26 06:43:47,417 [INFO] [98/121] 신논현역·논현역 (primary=KEY_2)
2026-06-26 06:43:54,261 [INFO] [99/121] 신도림역 (primary=KEY_3)
2026-06-26 06:43:55,883 [INFO] [100/121] 신림역 (primary=KEY_4)
2026-06-26 06:43:56,950 [INFO] [101/121] 신정네거리역 (primary=KEY_1)
2026-06-26 06:43:57,988 [INFO] [102/121] 신촌·이대역 (primary=KEY_2)
2026-06-26 06:43:59,174 [INFO] [103/121] 쌍문역 (primary=KEY_3)
2026-06-26 06:44:00,219 [INFO] [104/121] 양재역 (primary=KEY_4)
2026-06-26 06:44:01,400 [INFO] [105/121] 역삼역 (primary=KEY_1)
2026-06-26 06:44:03,148 [INFO] [106/121] 연신내역 (primary=KEY_2)
2026-06-26 06:44:04,933 [INFO] [107/121] 오목교역·목동운동장 (primary=KEY_3)
2026-06-26 06:44:06,846 [INFO] [108/121] 왕십리역 (primary=KEY_4)
2026-06-26 06:44:08,089 [INFO] [109/121] 용산역 (primary=KEY_1)
2026-06-26 06:44:09,273 [INFO] [110/121] 이태원역 (primary=KEY_2)
2026-06-26 06:44:10,300 [INFO] [111/121] 잠실새내역 (primary=KEY_3)
2026-06-26 06:44:11,467 [INFO] [112/121] 잠실역 (primary=KEY_4)
2026-06-26 06:44:12,657 [INFO] [113/121] 장지역 (primary=KEY_1)
2026-06-26 06:44:14,434 [INFO] [114/121] 장한평역 (primary=KEY_2)
2026-06-26 06:44:15,602 [INFO] [115/121] 천호역 (primary=KEY_3)
2026-06-26 06:44:16,846 [INFO] [116/121] 총신대입구(이수)역 (primary=KEY_4)
2026-06-26 06:44:18,022 [INFO] [117/121] 충정로역 (primary=KEY_1)
2026-06-26 06:44:20,108 [INFO] [118/121] 합정역 (primary=KEY_2)
2026-06-26 06:44:21,300 [INFO] [119/121] 혜화역 (primary=KEY_3)
2026-06-26 06:44:22,466 [INFO] [120/121] 홍대입구역(2호선) (primary=KEY_4)
2026-06-26 06:44:23,654 [INFO] [121/121] 회기역 (primary=KEY_1)
2026-06-26 06:44:26,082 [INFO] === 수집 완료 | 성공 121, 실패 0 ===
2026-06-26 06:44:26,082 [INFO] 카테고리별 저장 결과:
2026-06-26 06:44:26,082 [INFO]    accident                  | 신규     5행 | 누적     21행 | 16컬럼
2026-06-26 06:44:26,082 [INFO]    area_meta                 | 신규   121행 | 누적    726행 | 5컬럼
2026-06-26 06:44:26,082 [INFO]    bike                      | 신규    12행 | 누적     72행 | 12컬럼
2026-06-26 06:44:26,082 [INFO]    bike_sbike_stts           | 신규   555행 | 누적   3330행 | 12컬럼
2026-06-26 06:44:26,082 [INFO]    bus                       | 신규     3행 | 누적     18행 | 11컬럼
2026-06-26 06:44:26,082 [INFO]    bus_bus_stn_stts          | 신규  1745행 | 누적  10470행 | 11컬럼
2026-06-26 06:44:26,082 [INFO]    charger                   | 신규    25행 | 누적    150행 | 15컬럼
2026-06-26 06:44:26,082 [INFO]    charger_charger_stts      | 신규   344행 | 누적   2052행 | 15컬럼
2026-06-26 06:44:26,082 [INFO]    cmrcl                     | 신규    82행 | 누적    492행 | 20컬럼
2026-06-26 06:44:26,082 [INFO]    events                    | 신규    11행 | 누적     62행 | 14컬럼
2026-06-26 06:44:26,083 [INFO]    events_event_stts         | 신규   144행 | 누적    880행 | 14컬럼
2026-06-26 06:44:26,083 [INFO]    parking                   | 신규     6행 | 누적     36행 | 21컬럼
2026-06-26 06:44:26,083 [INFO]    parking_prk_stts          | 신규  1833행 | 누적  10998행 | 21컬럼
2026-06-26 06:44:26,083 [INFO]    ppltn                     | 신규   121행 | 누적    726행 | 26컬럼
2026-06-26 06:44:26,083 [INFO]    road                      | 신규   121행 | 누적    726행 | 21컬럼
2026-06-26 06:44:26,083 [INFO]    road_road_traffic_stts    | 신규  5259행 | 누적  31554행 | 17컬럼
2026-06-26 06:44:26,083 [INFO]    subway                    | 신규    38행 | 누적    228행 | 13컬럼
2026-06-26 06:44:26,083 [INFO]    subway_sub_stts           | 신규   183행 | 누적   1098행 | 13컬럼
2026-06-26 06:44:26,083 [INFO]    weather                   | 신규   119행 | 누적    714행 | 29컬럼
2026-06-26 06:44:26,083 [INFO] 키별 사용량:
2026-06-26 06:44:26,083 [INFO]    🟢 KEY_1 (31/1000) 
2026-06-26 06:44:26,083 [INFO]    🟢 KEY_2 (30/1000) 
2026-06-26 06:44:26,083 [INFO]    🟢 KEY_3 (30/1000) 
2026-06-26 06:44:26,083 [INFO]    🟢 KEY_4 (30/1000) 
2026-06-26 07:40:42,545 [INFO] 등록된 키: 4개, 합산 한도 4,000건/일
2026-06-26 07:40:42,546 [INFO] POI 로드: 매뉴얼 v8.5 기준 fallback 121개 (121개 전체)
2026-06-26 07:40:42,546 [INFO] === 수집 시작 2026-06-26T07:40:42.546487+09:00 ===
2026-06-26 07:40:42,546 [INFO] 대상 장소: 121개 | API: citydata (통합)
2026-06-26 07:40:42,546 [INFO] 키 풀: 4/4 활성 | 오늘 사용 0/4000건
2026-06-26 07:40:42,546 [INFO]   [KEY_1] 담당 31장소
2026-06-26 07:40:42,546 [INFO]   [KEY_2] 담당 30장소
2026-06-26 07:40:42,546 [INFO]   [KEY_3] 담당 30장소
2026-06-26 07:40:42,546 [INFO]   [KEY_4] 담당 30장소
2026-06-26 07:40:42,546 [INFO] [1/121] 경복궁 (primary=KEY_1)
2026-06-26 07:40:44,574 [INFO] [2/121] 광화문·덕수궁 (primary=KEY_2)
2026-06-26 07:40:47,280 [INFO] [3/121] 보신각 (primary=KEY_3)
2026-06-26 07:40:49,341 [INFO] [4/121] 서울 암사동 유적 (primary=KEY_4)
2026-06-26 07:40:51,356 [INFO] [5/121] 창덕궁·종묘 (primary=KEY_1)
2026-06-26 07:40:52,591 [INFO] [6/121] 강남 MICE 관광특구 (primary=KEY_2)
2026-06-26 07:40:54,573 [INFO] [7/121] 동대문 관광특구 (primary=KEY_3)
2026-06-26 07:40:56,802 [INFO] [8/121] 명동 관광특구 (primary=KEY_4)
2026-06-26 07:40:58,886 [INFO] [9/121] 이태원 관광특구 (primary=KEY_1)
2026-06-26 07:41:00,164 [INFO] [10/121] 잠실 관광특구 (primary=KEY_2)
2026-06-26 07:41:02,879 [INFO] [11/121] 종로·청계 관광특구 (primary=KEY_3)
2026-06-26 07:41:05,067 [INFO] [12/121] 홍대 관광특구 (primary=KEY_4)
2026-06-26 07:41:07,232 [INFO] [13/121] 강서한강공원 (primary=KEY_1)
2026-06-26 07:41:09,346 [INFO] [14/121] 고척돔 (primary=KEY_2)
2026-06-26 07:41:10,430 [INFO] [15/121] 광나루한강공원 (primary=KEY_3)
2026-06-26 07:41:11,676 [INFO] [16/121] 광화문광장 (primary=KEY_4)
2026-06-26 07:41:12,942 [INFO] [17/121] 국립중앙박물관·용산가족공원 (primary=KEY_1)
2026-06-26 07:41:14,013 [INFO] [18/121] 난지한강공원 (primary=KEY_2)
2026-06-26 07:41:15,091 [INFO] [19/121] 남산공원 (primary=KEY_3)
2026-06-26 07:41:16,550 [INFO] [20/121] 노들섬 (primary=KEY_4)
2026-06-26 07:41:17,625 [INFO] [21/121] 뚝섬한강공원 (primary=KEY_1)
2026-06-26 07:41:18,722 [INFO] [22/121] 망원한강공원 (primary=KEY_2)
2026-06-26 07:41:20,028 [INFO] [23/121] 반포한강공원 (primary=KEY_3)
2026-06-26 07:41:21,157 [INFO] [24/121] 보라매공원 (primary=KEY_4)
2026-06-26 07:41:23,311 [INFO] [25/121] 북서울꿈의숲 (primary=KEY_1)
2026-06-26 07:41:24,550 [INFO] [26/121] 서대문독립공원 (primary=KEY_2)
2026-06-26 07:41:25,631 [INFO] [27/121] 서리풀공원·몽마르뜨공원 (primary=KEY_3)
2026-06-26 07:41:26,914 [INFO] [28/121] 서울대공원 (primary=KEY_4)
2026-06-26 07:41:28,683 [INFO] [29/121] 서울숲공원 (primary=KEY_1)
2026-06-26 07:41:29,956 [INFO] [30/121] 송현녹지광장 (primary=KEY_2)
2026-06-26 07:41:31,220 [INFO] [31/121] 아차산 (primary=KEY_3)
2026-06-26 07:41:32,297 [INFO] [32/121] 안양천 (primary=KEY_4)
2026-06-26 07:41:33,380 [INFO] [33/121] 양화한강공원 (primary=KEY_1)
2026-06-26 07:41:34,456 [INFO] [34/121] 어린이대공원 (primary=KEY_2)
2026-06-26 07:41:35,727 [INFO] [35/121] 여의도한강공원 (primary=KEY_3)
2026-06-26 07:41:37,880 [INFO] [36/121] 여의서로 (primary=KEY_4)
2026-06-26 07:41:39,130 [INFO] [37/121] 올림픽공원 (primary=KEY_1)
2026-06-26 07:41:41,356 [INFO] [38/121] 월드컵공원 (primary=KEY_2)
2026-06-26 07:41:42,827 [INFO] [39/121] 응봉산 (primary=KEY_3)
2026-06-26 07:41:44,084 [INFO] [40/121] 이촌한강공원 (primary=KEY_4)
2026-06-26 07:41:45,158 [INFO] [41/121] 잠실종합운동장 (primary=KEY_1)
2026-06-26 07:41:46,255 [INFO] [42/121] 잠실한강공원 (primary=KEY_2)
2026-06-26 07:41:47,357 [INFO] [43/121] 잠원한강공원 (primary=KEY_3)
2026-06-26 07:41:48,438 [INFO] [44/121] 청계산 (primary=KEY_4)
2026-06-26 07:41:49,519 [INFO] [45/121] 홍제폭포 (primary=KEY_1)
2026-06-26 07:41:50,594 [INFO] [46/121] 가락시장 (primary=KEY_2)
2026-06-26 07:41:51,899 [INFO] [47/121] 가로수길 (primary=KEY_3)
2026-06-26 07:41:53,235 [INFO] [48/121] 광장(전통)시장 (primary=KEY_4)
2026-06-26 07:41:54,325 [INFO] [49/121] 김포공항 (primary=KEY_1)
2026-06-26 07:41:55,784 [INFO] [50/121] 남대문시장 (primary=KEY_2)
2026-06-26 07:41:57,046 [INFO] [51/121] 노량진 (primary=KEY_3)
2026-06-26 07:41:58,321 [INFO] [52/121] 덕수궁길·정동길 (primary=KEY_4)
2026-06-26 07:41:59,613 [INFO] [53/121] 북창동 먹자골목 (primary=KEY_1)
2026-06-26 07:42:00,704 [INFO] [54/121] 북촌한옥마을 (primary=KEY_2)
2026-06-26 07:42:01,978 [INFO] [55/121] 서촌 (primary=KEY_3)
2026-06-26 07:42:03,238 [INFO] [56/121] 성수카페거리 (primary=KEY_4)
2026-06-26 07:42:04,547 [INFO] [57/121] 송리단길·호수단길 (primary=KEY_1)
2026-06-26 07:42:05,831 [INFO] [58/121] 신촌 스타광장 (primary=KEY_2)
2026-06-26 07:42:06,925 [INFO] [59/121] 압구정로데오거리 (primary=KEY_3)
2026-06-26 07:42:08,198 [INFO] [60/121] 여의도 (primary=KEY_4)
2026-06-26 07:42:10,206 [INFO] [61/121] 연남동 (primary=KEY_1)
2026-06-26 07:42:11,487 [INFO] [62/121] 영등포 타임스퀘어 (primary=KEY_2)
2026-06-26 07:42:12,742 [INFO] [63/121] 용리단길 (primary=KEY_3)
2026-06-26 07:42:13,892 [INFO] [64/121] 이태원 앤틱가구거리 (primary=KEY_4)
2026-06-26 07:42:14,983 [INFO] [65/121] 익선동 (primary=KEY_1)
2026-06-26 07:42:16,257 [INFO] [66/121] 인사동 (primary=KEY_2)
2026-06-26 07:42:17,523 [INFO] [67/121] 잠실롯데타워·석촌호수 (primary=KEY_3)
2026-06-26 07:42:18,978 [INFO] [68/121] 창동 신경제 중심지 (primary=KEY_4)
2026-06-26 07:42:20,444 [INFO] [69/121] 청담동 명품거리 (primary=KEY_1)
2026-06-26 07:42:21,700 [INFO] [70/121] 청량리 제기동 일대 전통시장 (primary=KEY_2)
2026-06-26 07:42:23,056 [INFO] [71/121] 해방촌·경리단길 (primary=KEY_3)
2026-06-26 07:42:24,146 [INFO] [72/121] DDP(동대문디자인플라자) (primary=KEY_4)
2026-06-26 07:42:25,435 [INFO] [73/121] DMC(디지털미디어시티) (primary=KEY_1)
2026-06-26 07:42:26,892 [INFO] [74/121] 가산디지털단지역 (primary=KEY_2)
2026-06-26 07:42:28,338 [INFO] [75/121] 강남역 (primary=KEY_3)
2026-06-26 07:42:29,806 [INFO] [76/121] 건대입구역 (primary=KEY_4)
2026-06-26 07:42:31,078 [INFO] [77/121] 고덕역 (primary=KEY_1)
2026-06-26 07:42:32,337 [INFO] [78/121] 고속터미널역 (primary=KEY_2)
2026-06-26 07:42:33,654 [INFO] [79/121] 교대역 (primary=KEY_3)
2026-06-26 07:42:34,764 [INFO] [80/121] 구로디지털단지역 (primary=KEY_4)
2026-06-26 07:42:36,026 [INFO] [81/121] 구로역 (primary=KEY_1)
2026-06-26 07:42:37,112 [INFO] [82/121] 군자역 (primary=KEY_2)
2026-06-26 07:42:38,371 [INFO] [83/121] 대림역 (primary=KEY_3)
2026-06-26 07:42:39,646 [INFO] [84/121] 동대문역 (primary=KEY_4)
2026-06-26 07:42:40,916 [INFO] [85/121] 뚝섬역 (primary=KEY_1)
2026-06-26 07:42:42,177 [INFO] [86/121] 미아사거리역 (primary=KEY_2)
2026-06-26 07:42:43,446 [INFO] [87/121] 발산역 (primary=KEY_3)
2026-06-26 07:42:44,883 [INFO] [88/121] 사당역 (primary=KEY_4)
2026-06-26 07:42:46,152 [INFO] [89/121] 삼각지역 (primary=KEY_1)
2026-06-26 07:42:47,259 [INFO] [90/121] 서울대입구역 (primary=KEY_2)
2026-06-26 07:42:48,365 [INFO] [91/121] 서울식물원·마곡나루역 (primary=KEY_3)
2026-06-26 07:42:49,672 [INFO] [92/121] 서울역 (primary=KEY_4)
2026-06-26 07:42:51,165 [INFO] [93/121] 선릉역 (primary=KEY_1)
2026-06-26 07:42:52,621 [INFO] [94/121] 성신여대입구역 (primary=KEY_2)
2026-06-26 07:42:53,733 [INFO] [95/121] 수유역 (primary=KEY_3)
2026-06-26 07:42:54,994 [INFO] [96/121] 숭례문 (primary=KEY_4)
2026-06-26 07:42:56,257 [INFO] [97/121] 시의회 앞 (primary=KEY_1)
2026-06-26 07:42:58,566 [INFO] [98/121] 신논현역·논현역 (primary=KEY_2)
2026-06-26 07:42:59,866 [INFO] [99/121] 신도림역 (primary=KEY_3)
2026-06-26 07:43:01,009 [INFO] [100/121] 신림역 (primary=KEY_4)
2026-06-26 07:43:02,110 [INFO] [101/121] 신정네거리역 (primary=KEY_1)
2026-06-26 07:43:03,200 [INFO] [102/121] 신촌·이대역 (primary=KEY_2)
2026-06-26 07:43:04,475 [INFO] [103/121] 쌍문역 (primary=KEY_3)
2026-06-26 07:43:05,581 [INFO] [104/121] 양재역 (primary=KEY_4)
2026-06-26 07:43:06,867 [INFO] [105/121] 역삼역 (primary=KEY_1)
2026-06-26 07:43:08,150 [INFO] [106/121] 연신내역 (primary=KEY_2)
2026-06-26 07:43:09,265 [INFO] [107/121] 오목교역·목동운동장 (primary=KEY_3)
2026-06-26 07:43:10,864 [INFO] [108/121] 왕십리역 (primary=KEY_4)
2026-06-26 07:43:12,198 [INFO] [109/121] 용산역 (primary=KEY_1)
2026-06-26 07:43:13,634 [INFO] [110/121] 이태원역 (primary=KEY_2)
2026-06-26 07:43:14,726 [INFO] [111/121] 잠실새내역 (primary=KEY_3)
2026-06-26 07:43:15,988 [INFO] [112/121] 잠실역 (primary=KEY_4)
2026-06-26 07:43:17,338 [INFO] [113/121] 장지역 (primary=KEY_1)
2026-06-26 07:43:18,606 [INFO] [114/121] 장한평역 (primary=KEY_2)
2026-06-26 07:43:19,990 [INFO] [115/121] 천호역 (primary=KEY_3)
2026-06-26 07:43:21,284 [INFO] [116/121] 총신대입구(이수)역 (primary=KEY_4)
2026-06-26 07:43:22,561 [INFO] [117/121] 충정로역 (primary=KEY_1)
2026-06-26 07:43:23,832 [INFO] [118/121] 합정역 (primary=KEY_2)
2026-06-26 07:43:25,116 [INFO] [119/121] 혜화역 (primary=KEY_3)
2026-06-26 07:43:26,370 [INFO] [120/121] 홍대입구역(2호선) (primary=KEY_4)
2026-06-26 07:43:27,640 [INFO] [121/121] 회기역 (primary=KEY_1)
2026-06-26 07:43:30,184 [INFO] === 수집 완료 | 성공 121, 실패 0 ===
2026-06-26 07:43:30,184 [INFO] 카테고리별 저장 결과:
2026-06-26 07:43:30,184 [INFO]    accident                  | 신규     3행 | 누적     24행 | 16컬럼
2026-06-26 07:43:30,184 [INFO]    accident_acdnt_cntrl_stts | 신규     2행 | 누적      2행 | 16컬럼
2026-06-26 07:43:30,184 [INFO]    area_meta                 | 신규   121행 | 누적    847행 | 5컬럼
2026-06-26 07:43:30,184 [INFO]    bike                      | 신규    12행 | 누적     84행 | 12컬럼
2026-06-26 07:43:30,184 [INFO]    bike_sbike_stts           | 신규   555행 | 누적   3885행 | 12컬럼
2026-06-26 07:43:30,184 [INFO]    bus                       | 신규     3행 | 누적     21행 | 11컬럼
2026-06-26 07:43:30,185 [INFO]    bus_bus_stn_stts          | 신규  1745행 | 누적  12215행 | 11컬럼
2026-06-26 07:43:30,185 [INFO]    charger                   | 신규    10행 | 누적    160행 | 15컬럼
2026-06-26 07:43:30,185 [INFO]    charger_charger_stts      | 신규   999행 | 누적   3044행 | 15컬럼
2026-06-26 07:43:30,185 [INFO]    cmrcl                     | 신규    82행 | 누적    574행 | 20컬럼
2026-06-26 07:43:30,185 [INFO]    events                    | 신규    11행 | 누적     73행 | 14컬럼
2026-06-26 07:43:30,185 [INFO]    events_event_stts         | 신규   144행 | 누적   1024행 | 14컬럼
2026-06-26 07:43:30,185 [INFO]    parking                   | 신규     6행 | 누적     42행 | 21컬럼
2026-06-26 07:43:30,185 [INFO]    parking_prk_stts          | 신규  1833행 | 누적  12831행 | 21컬럼
2026-06-26 07:43:30,185 [INFO]    ppltn                     | 신규   121행 | 누적    847행 | 26컬럼
2026-06-26 07:43:30,185 [INFO]    road                      | 신규   121행 | 누적    847행 | 21컬럼
2026-06-26 07:43:30,185 [INFO]    road_road_traffic_stts    | 신규  5259행 | 누적  36813행 | 17컬럼
2026-06-26 07:43:30,185 [INFO]    subway                    | 신규    38행 | 누적    266행 | 13컬럼
2026-06-26 07:43:30,185 [INFO]    subway_sub_stts           | 신규   183행 | 누적   1281행 | 13컬럼
2026-06-26 07:43:30,185 [INFO]    weather                   | 신규   119행 | 누적    833행 | 29컬럼
2026-06-26 07:43:30,185 [INFO] 키별 사용량:
2026-06-26 07:43:30,185 [INFO]    🟢 KEY_1 (31/1000) 
2026-06-26 07:43:30,185 [INFO]    🟢 KEY_2 (30/1000) 
2026-06-26 07:43:30,185 [INFO]    🟢 KEY_3 (30/1000) 
2026-06-26 07:43:30,185 [INFO]    🟢 KEY_4 (30/1000) 
2026-06-26 08:39:08,364 [INFO] 등록된 키: 4개, 합산 한도 4,000건/일
2026-06-26 08:39:08,364 [INFO] POI 로드: 매뉴얼 v8.5 기준 fallback 121개 (121개 전체)
2026-06-26 08:39:08,364 [INFO] === 수집 시작 2026-06-26T08:39:08.364926+09:00 ===
2026-06-26 08:39:08,365 [INFO] 대상 장소: 121개 | API: citydata (통합)
2026-06-26 08:39:08,365 [INFO] 키 풀: 4/4 활성 | 오늘 사용 0/4000건
2026-06-26 08:39:08,365 [INFO]   [KEY_1] 담당 31장소
2026-06-26 08:39:08,365 [INFO]   [KEY_2] 담당 30장소
2026-06-26 08:39:08,365 [INFO]   [KEY_3] 담당 30장소
2026-06-26 08:39:08,365 [INFO]   [KEY_4] 담당 30장소
2026-06-26 08:39:08,365 [INFO] [1/121] 경복궁 (primary=KEY_1)
2026-06-26 08:39:10,458 [INFO] [2/121] 광화문·덕수궁 (primary=KEY_2)
2026-06-26 08:39:13,057 [INFO] [3/121] 보신각 (primary=KEY_3)
2026-06-26 08:39:15,538 [INFO] [4/121] 서울 암사동 유적 (primary=KEY_4)
2026-06-26 08:39:17,456 [INFO] [5/121] 창덕궁·종묘 (primary=KEY_1)
2026-06-26 08:39:18,804 [INFO] [6/121] 강남 MICE 관광특구 (primary=KEY_2)
2026-06-26 08:39:20,957 [INFO] [7/121] 동대문 관광특구 (primary=KEY_3)
2026-06-26 08:39:23,366 [INFO] [8/121] 명동 관광특구 (primary=KEY_4)
2026-06-26 08:39:25,976 [INFO] [9/121] 이태원 관광특구 (primary=KEY_1)
2026-06-26 08:39:27,744 [INFO] [10/121] 잠실 관광특구 (primary=KEY_2)
2026-06-26 08:39:30,286 [INFO] [11/121] 종로·청계 관광특구 (primary=KEY_3)
2026-06-26 08:39:32,629 [INFO] [12/121] 홍대 관광특구 (primary=KEY_4)
2026-06-26 08:39:34,222 [INFO] [13/121] 강서한강공원 (primary=KEY_1)
2026-06-26 08:39:35,536 [INFO] [14/121] 고척돔 (primary=KEY_2)
2026-06-26 08:39:36,690 [INFO] [15/121] 광나루한강공원 (primary=KEY_3)
2026-06-26 08:39:38,026 [INFO] [16/121] 광화문광장 (primary=KEY_4)
2026-06-26 08:39:40,149 [INFO] [17/121] 국립중앙박물관·용산가족공원 (primary=KEY_1)
2026-06-26 08:39:41,474 [INFO] [18/121] 난지한강공원 (primary=KEY_2)
2026-06-26 08:39:42,636 [INFO] [19/121] 남산공원 (primary=KEY_3)
2026-06-26 08:39:45,141 [INFO] [20/121] 노들섬 (primary=KEY_4)
2026-06-26 08:39:46,280 [INFO] [21/121] 뚝섬한강공원 (primary=KEY_1)
2026-06-26 08:39:47,453 [INFO] [22/121] 망원한강공원 (primary=KEY_2)
2026-06-26 08:39:49,550 [INFO] [23/121] 반포한강공원 (primary=KEY_3)
2026-06-26 08:39:51,835 [INFO] [24/121] 보라매공원 (primary=KEY_4)
2026-06-26 08:39:52,990 [INFO] [25/121] 북서울꿈의숲 (primary=KEY_1)
2026-06-26 08:39:54,377 [INFO] [26/121] 서대문독립공원 (primary=KEY_2)
2026-06-26 08:39:55,524 [INFO] [27/121] 서리풀공원·몽마르뜨공원 (primary=KEY_3)
2026-06-26 08:39:56,893 [INFO] [28/121] 서울대공원 (primary=KEY_4)
2026-06-26 08:39:58,048 [INFO] [29/121] 서울숲공원 (primary=KEY_1)
2026-06-26 08:40:00,150 [INFO] [30/121] 송현녹지광장 (primary=KEY_2)
2026-06-26 08:40:02,623 [INFO] [31/121] 아차산 (primary=KEY_3)
2026-06-26 08:40:03,766 [INFO] [32/121] 안양천 (primary=KEY_4)
2026-06-26 08:40:04,902 [INFO] [33/121] 양화한강공원 (primary=KEY_1)
2026-06-26 08:40:07,173 [INFO] [34/121] 어린이대공원 (primary=KEY_2)
2026-06-26 08:40:08,527 [INFO] [35/121] 여의도한강공원 (primary=KEY_3)
2026-06-26 08:40:09,855 [INFO] [36/121] 여의서로 (primary=KEY_4)
2026-06-26 08:40:11,173 [INFO] [37/121] 올림픽공원 (primary=KEY_1)
2026-06-26 08:40:12,712 [INFO] [38/121] 월드컵공원 (primary=KEY_2)
2026-06-26 08:40:15,055 [INFO] [39/121] 응봉산 (primary=KEY_3)
2026-06-26 08:40:16,405 [INFO] [40/121] 이촌한강공원 (primary=KEY_4)
2026-06-26 08:40:17,544 [INFO] [41/121] 잠실종합운동장 (primary=KEY_1)
2026-06-26 08:40:18,676 [INFO] [42/121] 잠실한강공원 (primary=KEY_2)
2026-06-26 08:40:19,830 [INFO] [43/121] 잠원한강공원 (primary=KEY_3)
2026-06-26 08:40:20,973 [INFO] [44/121] 청계산 (primary=KEY_4)
2026-06-26 08:40:22,101 [INFO] [45/121] 홍제폭포 (primary=KEY_1)
2026-06-26 08:40:23,245 [INFO] [46/121] 가락시장 (primary=KEY_2)
2026-06-26 08:40:24,620 [INFO] [47/121] 가로수길 (primary=KEY_3)
2026-06-26 08:40:26,011 [INFO] [48/121] 광장(전통)시장 (primary=KEY_4)
2026-06-26 08:40:27,905 [INFO] [49/121] 김포공항 (primary=KEY_1)
2026-06-26 08:40:29,456 [INFO] [50/121] 남대문시장 (primary=KEY_2)
2026-06-26 08:40:31,641 [INFO] [51/121] 노량진 (primary=KEY_3)
2026-06-26 08:40:32,992 [INFO] [52/121] 덕수궁길·정동길 (primary=KEY_4)
2026-06-26 08:40:34,365 [INFO] [53/121] 북창동 먹자골목 (primary=KEY_1)
2026-06-26 08:40:35,715 [INFO] [54/121] 북촌한옥마을 (primary=KEY_2)
2026-06-26 08:40:38,027 [INFO] [55/121] 서촌 (primary=KEY_3)
2026-06-26 08:40:39,363 [INFO] [56/121] 성수카페거리 (primary=KEY_4)
2026-06-26 08:40:40,920 [INFO] [57/121] 송리단길·호수단길 (primary=KEY_1)
2026-06-26 08:40:44,162 [INFO] [58/121] 신촌 스타광장 (primary=KEY_2)
2026-06-26 08:40:46,464 [INFO] [59/121] 압구정로데오거리 (primary=KEY_3)
2026-06-26 08:40:48,008 [INFO] [60/121] 여의도 (primary=KEY_4)
2026-06-26 08:40:50,426 [INFO] [61/121] 연남동 (primary=KEY_1)
2026-06-26 08:40:51,774 [INFO] [62/121] 영등포 타임스퀘어 (primary=KEY_2)
2026-06-26 08:40:54,067 [INFO] [63/121] 용리단길 (primary=KEY_3)
2026-06-26 08:40:56,371 [INFO] [64/121] 이태원 앤틱가구거리 (primary=KEY_4)
2026-06-26 08:40:58,511 [INFO] [65/121] 익선동 (primary=KEY_1)
2026-06-26 08:41:00,098 [INFO] [66/121] 인사동 (primary=KEY_2)
2026-06-26 08:41:02,426 [INFO] [67/121] 잠실롯데타워·석촌호수 (primary=KEY_3)
2026-06-26 08:41:05,281 [INFO] [68/121] 창동 신경제 중심지 (primary=KEY_4)
2026-06-26 08:41:07,852 [INFO] [69/121] 청담동 명품거리 (primary=KEY_1)
2026-06-26 08:41:10,226 [INFO] [70/121] 청량리 제기동 일대 전통시장 (primary=KEY_2)
2026-06-26 08:41:11,645 [INFO] [71/121] 해방촌·경리단길 (primary=KEY_3)
2026-06-26 08:41:12,784 [INFO] [72/121] DDP(동대문디자인플라자) (primary=KEY_4)
2026-06-26 08:41:15,258 [INFO] [73/121] DMC(디지털미디어시티) (primary=KEY_1)
2026-06-26 08:41:17,015 [INFO] [74/121] 가산디지털단지역 (primary=KEY_2)
2026-06-26 08:41:19,894 [INFO] [75/121] 강남역 (primary=KEY_3)
2026-06-26 08:41:22,223 [INFO] [76/121] 건대입구역 (primary=KEY_4)
2026-06-26 08:41:24,354 [INFO] [77/121] 고덕역 (primary=KEY_1)
2026-06-26 08:41:25,706 [INFO] [78/121] 고속터미널역 (primary=KEY_2)
2026-06-26 08:41:27,641 [INFO] [79/121] 교대역 (primary=KEY_3)
2026-06-26 08:41:29,004 [INFO] [80/121] 구로디지털단지역 (primary=KEY_4)
2026-06-26 08:41:30,736 [INFO] [81/121] 구로역 (primary=KEY_1)
2026-06-26 08:41:32,054 [INFO] [82/121] 군자역 (primary=KEY_2)
2026-06-26 08:41:33,402 [INFO] [83/121] 대림역 (primary=KEY_3)
2026-06-26 08:41:34,805 [INFO] [84/121] 동대문역 (primary=KEY_4)
2026-06-26 08:41:36,166 [INFO] [85/121] 뚝섬역 (primary=KEY_1)
2026-06-26 08:41:37,517 [INFO] [86/121] 미아사거리역 (primary=KEY_2)
2026-06-26 08:41:38,865 [INFO] [87/121] 발산역 (primary=KEY_3)
2026-06-26 08:41:40,775 [INFO] [88/121] 사당역 (primary=KEY_4)
2026-06-26 08:41:42,128 [INFO] [89/121] 삼각지역 (primary=KEY_1)
2026-06-26 08:41:43,509 [INFO] [90/121] 서울대입구역 (primary=KEY_2)
2026-06-26 08:41:45,103 [INFO] [91/121] 서울식물원·마곡나루역 (primary=KEY_3)
2026-06-26 08:41:46,839 [INFO] [92/121] 서울역 (primary=KEY_4)
2026-06-26 08:41:49,583 [INFO] [93/121] 선릉역 (primary=KEY_1)
2026-06-26 08:41:52,504 [INFO] [94/121] 성신여대입구역 (primary=KEY_2)
2026-06-26 08:41:53,665 [INFO] [95/121] 수유역 (primary=KEY_3)
2026-06-26 08:41:55,025 [INFO] [96/121] 숭례문 (primary=KEY_4)
2026-06-26 08:41:56,555 [INFO] [97/121] 시의회 앞 (primary=KEY_1)
2026-06-26 08:41:58,085 [INFO] [98/121] 신논현역·논현역 (primary=KEY_2)
2026-06-26 08:41:59,477 [INFO] [99/121] 신도림역 (primary=KEY_3)
2026-06-26 08:42:00,621 [INFO] [100/121] 신림역 (primary=KEY_4)
2026-06-26 08:42:02,897 [INFO] [101/121] 신정네거리역 (primary=KEY_1)
2026-06-26 08:42:04,261 [INFO] [102/121] 신촌·이대역 (primary=KEY_2)
2026-06-26 08:42:05,593 [INFO] [103/121] 쌍문역 (primary=KEY_3)
2026-06-26 08:42:07,019 [INFO] [104/121] 양재역 (primary=KEY_4)
2026-06-26 08:42:08,385 [INFO] [105/121] 역삼역 (primary=KEY_1)
2026-06-26 08:42:09,929 [INFO] [106/121] 연신내역 (primary=KEY_2)
2026-06-26 08:42:11,252 [INFO] [107/121] 오목교역·목동운동장 (primary=KEY_3)
2026-06-26 08:42:13,172 [INFO] [108/121] 왕십리역 (primary=KEY_4)
2026-06-26 08:42:14,735 [INFO] [109/121] 용산역 (primary=KEY_1)
2026-06-26 08:42:16,357 [INFO] [110/121] 이태원역 (primary=KEY_2)
2026-06-26 08:42:17,513 [INFO] [111/121] 잠실새내역 (primary=KEY_3)
2026-06-26 08:42:18,866 [INFO] [112/121] 잠실역 (primary=KEY_4)
2026-06-26 08:42:20,413 [INFO] [113/121] 장지역 (primary=KEY_1)
2026-06-26 08:42:21,950 [INFO] [114/121] 장한평역 (primary=KEY_2)
2026-06-26 08:42:23,356 [INFO] [115/121] 천호역 (primary=KEY_3)
2026-06-26 08:42:24,728 [INFO] [116/121] 총신대입구(이수)역 (primary=KEY_4)
2026-06-26 08:42:26,120 [INFO] [117/121] 충정로역 (primary=KEY_1)
2026-06-26 08:42:28,405 [INFO] [118/121] 합정역 (primary=KEY_2)
2026-06-26 08:42:29,770 [INFO] [119/121] 혜화역 (primary=KEY_3)
2026-06-26 08:42:32,815 [INFO] [120/121] 홍대입구역(2호선) (primary=KEY_4)
2026-06-26 08:42:34,243 [INFO] [121/121] 회기역 (primary=KEY_1)
2026-06-26 08:42:37,217 [INFO] === 수집 완료 | 성공 121, 실패 0 ===
2026-06-26 08:42:37,217 [INFO] 카테고리별 저장 결과:
2026-06-26 08:42:37,217 [INFO]    accident                  | 신규     3행 | 누적     27행 | 16컬럼
2026-06-26 08:42:37,217 [INFO]    accident_acdnt_cntrl_stts | 신규     2행 | 누적      4행 | 16컬럼
2026-06-26 08:42:37,217 [INFO]    area_meta                 | 신규   121행 | 누적    968행 | 5컬럼
2026-06-26 08:42:37,217 [INFO]    bike                      | 신규    12행 | 누적     96행 | 12컬럼
2026-06-26 08:42:37,217 [INFO]    bike_sbike_stts           | 신규   555행 | 누적   4440행 | 12컬럼
2026-06-26 08:42:37,217 [INFO]    bus                       | 신규     3행 | 누적     24행 | 11컬럼
2026-06-26 08:42:37,217 [INFO]    bus_bus_stn_stts          | 신규  1745행 | 누적  13960행 | 11컬럼
2026-06-26 08:42:37,218 [INFO]    charger                   | 신규     4행 | 누적    164행 | 15컬럼
2026-06-26 08:42:37,218 [INFO]    charger_charger_stts      | 신규  1919행 | 누적   4948행 | 15컬럼
2026-06-26 08:42:37,218 [INFO]    cmrcl                     | 신규    82행 | 누적    656행 | 20컬럼
2026-06-26 08:42:37,218 [INFO]    events                    | 신규    11행 | 누적     84행 | 14컬럼
2026-06-26 08:42:37,218 [INFO]    events_event_stts         | 신규   144행 | 누적   1168행 | 14컬럼
2026-06-26 08:42:37,218 [INFO]    parking                   | 신규     6행 | 누적     48행 | 21컬럼
2026-06-26 08:42:37,218 [INFO]    parking_prk_stts          | 신규  1833행 | 누적  14664행 | 21컬럼
2026-06-26 08:42:37,218 [INFO]    ppltn                     | 신규   121행 | 누적    968행 | 26컬럼
2026-06-26 08:42:37,218 [INFO]    road                      | 신규   121행 | 누적    968행 | 21컬럼
2026-06-26 08:42:37,218 [INFO]    road_road_traffic_stts    | 신규  5259행 | 누적  42072행 | 17컬럼
2026-06-26 08:42:37,218 [INFO]    subway                    | 신규    38행 | 누적    304행 | 13컬럼
2026-06-26 08:42:37,218 [INFO]    subway_sub_stts           | 신규   183행 | 누적   1464행 | 13컬럼
2026-06-26 08:42:37,218 [INFO]    weather                   | 신규   119행 | 누적    952행 | 29컬럼
2026-06-26 08:42:37,218 [INFO] 키별 사용량:
2026-06-26 08:42:37,218 [INFO]    🟢 KEY_1 (31/1000) 
2026-06-26 08:42:37,218 [INFO]    🟢 KEY_2 (30/1000) 
2026-06-26 08:42:37,218 [INFO]    🟢 KEY_3 (30/1000) 
2026-06-26 08:42:37,218 [INFO]    🟢 KEY_4 (30/1000) 
2026-06-26 10:18:36,899 [INFO] 등록된 키: 4개, 합산 한도 4,000건/일
2026-06-26 10:18:36,900 [INFO] POI 로드: 매뉴얼 v8.5 기준 fallback 121개 (121개 전체)
2026-06-26 10:18:36,900 [INFO] === 수집 시작 2026-06-26T10:18:36.900220+09:00 ===
2026-06-26 10:18:36,900 [INFO] 대상 장소: 121개 | API: citydata (통합)
2026-06-26 10:18:36,900 [INFO] 키 풀: 4/4 활성 | 오늘 사용 0/4000건
2026-06-26 10:18:36,900 [INFO]   [KEY_1] 담당 31장소
2026-06-26 10:18:36,900 [INFO]   [KEY_2] 담당 30장소
2026-06-26 10:18:36,900 [INFO]   [KEY_3] 담당 30장소
2026-06-26 10:18:36,900 [INFO]   [KEY_4] 담당 30장소
2026-06-26 10:18:36,900 [INFO] [1/121] 경복궁 (primary=KEY_1)
2026-06-26 10:18:38,322 [INFO] [2/121] 광화문·덕수궁 (primary=KEY_2)
2026-06-26 10:18:40,417 [INFO] [3/121] 보신각 (primary=KEY_3)
2026-06-26 10:18:41,712 [INFO] [4/121] 서울 암사동 유적 (primary=KEY_4)
2026-06-26 10:18:42,816 [INFO] [5/121] 창덕궁·종묘 (primary=KEY_1)
2026-06-26 10:18:43,947 [INFO] [6/121] 강남 MICE 관광특구 (primary=KEY_2)
2026-06-26 10:18:45,212 [INFO] [7/121] 동대문 관광특구 (primary=KEY_3)
2026-06-26 10:18:46,678 [INFO] [8/121] 명동 관광특구 (primary=KEY_4)
2026-06-26 10:18:48,156 [INFO] [9/121] 이태원 관광특구 (primary=KEY_1)
2026-06-26 10:18:49,288 [INFO] [10/121] 잠실 관광특구 (primary=KEY_2)
2026-06-26 10:18:51,142 [INFO] [11/121] 종로·청계 관광특구 (primary=KEY_3)
2026-06-26 10:18:52,477 [INFO] [12/121] 홍대 관광특구 (primary=KEY_4)
2026-06-26 10:18:54,542 [INFO] [13/121] 강서한강공원 (primary=KEY_1)
2026-06-26 10:18:55,511 [INFO] [14/121] 고척돔 (primary=KEY_2)
2026-06-26 10:18:56,493 [INFO] [15/121] 광나루한강공원 (primary=KEY_3)
2026-06-26 10:18:57,730 [INFO] [16/121] 광화문광장 (primary=KEY_4)
2026-06-26 10:18:58,854 [INFO] [17/121] 국립중앙박물관·용산가족공원 (primary=KEY_1)
2026-06-26 10:18:59,853 [INFO] [18/121] 난지한강공원 (primary=KEY_2)
2026-06-26 10:19:01,103 [INFO] [19/121] 남산공원 (primary=KEY_3)
2026-06-26 10:19:02,395 [INFO] [20/121] 노들섬 (primary=KEY_4)
2026-06-26 10:19:03,368 [INFO] [21/121] 뚝섬한강공원 (primary=KEY_1)
2026-06-26 10:19:04,356 [INFO] [22/121] 망원한강공원 (primary=KEY_2)
2026-06-26 10:19:06,037 [INFO] [23/121] 반포한강공원 (primary=KEY_3)
2026-06-26 10:19:07,010 [INFO] [24/121] 보라매공원 (primary=KEY_4)
2026-06-26 10:19:08,036 [INFO] [25/121] 북서울꿈의숲 (primary=KEY_1)
2026-06-26 10:19:09,023 [INFO] [26/121] 서대문독립공원 (primary=KEY_2)
2026-06-26 10:19:10,047 [INFO] [27/121] 서리풀공원·몽마르뜨공원 (primary=KEY_3)
2026-06-26 10:19:11,261 [INFO] [28/121] 서울대공원 (primary=KEY_4)
2026-06-26 10:19:12,223 [INFO] [29/121] 서울숲공원 (primary=KEY_1)
2026-06-26 10:19:13,350 [INFO] [30/121] 송현녹지광장 (primary=KEY_2)
2026-06-26 10:19:14,490 [INFO] [31/121] 아차산 (primary=KEY_3)
2026-06-26 10:19:15,459 [INFO] [32/121] 안양천 (primary=KEY_4)
2026-06-26 10:19:16,434 [INFO] [33/121] 양화한강공원 (primary=KEY_1)
2026-06-26 10:19:17,410 [INFO] [34/121] 어린이대공원 (primary=KEY_2)
2026-06-26 10:19:18,407 [INFO] [35/121] 여의도한강공원 (primary=KEY_3)
2026-06-26 10:19:19,517 [INFO] [36/121] 여의서로 (primary=KEY_4)
2026-06-26 10:19:20,768 [INFO] [37/121] 올림픽공원 (primary=KEY_1)
2026-06-26 10:19:22,598 [INFO] [38/121] 월드컵공원 (primary=KEY_2)
2026-06-26 10:19:23,882 [INFO] [39/121] 응봉산 (primary=KEY_3)
2026-06-26 10:19:24,983 [INFO] [40/121] 이촌한강공원 (primary=KEY_4)
2026-06-26 10:19:25,965 [INFO] [41/121] 잠실종합운동장 (primary=KEY_1)
2026-06-26 10:19:26,947 [INFO] [42/121] 잠실한강공원 (primary=KEY_2)
2026-06-26 10:19:27,934 [INFO] [43/121] 잠원한강공원 (primary=KEY_3)
2026-06-26 10:19:28,909 [INFO] [44/121] 청계산 (primary=KEY_4)
2026-06-26 10:19:29,873 [INFO] [45/121] 홍제폭포 (primary=KEY_1)
2026-06-26 10:19:30,838 [INFO] [46/121] 가락시장 (primary=KEY_2)
2026-06-26 10:19:31,985 [INFO] [47/121] 가로수길 (primary=KEY_3)
2026-06-26 10:19:33,136 [INFO] [48/121] 광장(전통)시장 (primary=KEY_4)
2026-06-26 10:19:34,130 [INFO] [49/121] 김포공항 (primary=KEY_1)
2026-06-26 10:19:35,441 [INFO] [50/121] 남대문시장 (primary=KEY_2)
2026-06-26 10:19:36,569 [INFO] [51/121] 노량진 (primary=KEY_3)
2026-06-26 10:19:37,702 [INFO] [52/121] 덕수궁길·정동길 (primary=KEY_4)
2026-06-26 10:19:38,842 [INFO] [53/121] 북창동 먹자골목 (primary=KEY_1)
2026-06-26 10:19:39,959 [INFO] [54/121] 북촌한옥마을 (primary=KEY_2)
2026-06-26 10:19:41,106 [INFO] [55/121] 서촌 (primary=KEY_3)
2026-06-26 10:19:42,243 [INFO] [56/121] 성수카페거리 (primary=KEY_4)
2026-06-26 10:19:43,394 [INFO] [57/121] 송리단길·호수단길 (primary=KEY_1)
2026-06-26 10:19:44,551 [INFO] [58/121] 신촌 스타광장 (primary=KEY_2)
2026-06-26 10:19:45,561 [INFO] [59/121] 압구정로데오거리 (primary=KEY_3)
2026-06-26 10:19:46,712 [INFO] [60/121] 여의도 (primary=KEY_4)
2026-06-26 10:19:49,161 [INFO] [61/121] 연남동 (primary=KEY_1)
2026-06-26 10:19:50,277 [INFO] [62/121] 영등포 타임스퀘어 (primary=KEY_2)
2026-06-26 10:19:51,395 [INFO] [63/121] 용리단길 (primary=KEY_3)
2026-06-26 10:19:52,423 [INFO] [64/121] 이태원 앤틱가구거리 (primary=KEY_4)
2026-06-26 10:19:53,423 [INFO] [65/121] 익선동 (primary=KEY_1)
2026-06-26 10:19:54,582 [INFO] [66/121] 인사동 (primary=KEY_2)
2026-06-26 10:19:55,736 [INFO] [67/121] 잠실롯데타워·석촌호수 (primary=KEY_3)
2026-06-26 10:19:57,024 [INFO] [68/121] 창동 신경제 중심지 (primary=KEY_4)
2026-06-26 10:19:58,329 [INFO] [69/121] 청담동 명품거리 (primary=KEY_1)
2026-06-26 10:19:59,467 [INFO] [70/121] 청량리 제기동 일대 전통시장 (primary=KEY_2)
2026-06-26 10:20:00,611 [INFO] [71/121] 해방촌·경리단길 (primary=KEY_3)
2026-06-26 10:20:01,633 [INFO] [72/121] DDP(동대문디자인플라자) (primary=KEY_4)
2026-06-26 10:20:02,777 [INFO] [73/121] DMC(디지털미디어시티) (primary=KEY_1)
2026-06-26 10:20:04,062 [INFO] [74/121] 가산디지털단지역 (primary=KEY_2)
2026-06-26 10:20:05,322 [INFO] [75/121] 강남역 (primary=KEY_3)
2026-06-26 10:20:06,596 [INFO] [76/121] 건대입구역 (primary=KEY_4)
2026-06-26 10:20:07,715 [INFO] [77/121] 고덕역 (primary=KEY_1)
2026-06-26 10:20:08,854 [INFO] [78/121] 고속터미널역 (primary=KEY_2)
2026-06-26 10:20:09,996 [INFO] [79/121] 교대역 (primary=KEY_3)
2026-06-26 10:20:11,015 [INFO] [80/121] 구로디지털단지역 (primary=KEY_4)
2026-06-26 10:20:12,143 [INFO] [81/121] 구로역 (primary=KEY_1)
2026-06-26 10:20:13,363 [INFO] [82/121] 군자역 (primary=KEY_2)
2026-06-26 10:20:15,024 [INFO] [83/121] 대림역 (primary=KEY_3)
2026-06-26 10:20:16,964 [INFO] [84/121] 동대문역 (primary=KEY_4)
2026-06-26 10:20:18,376 [INFO] [85/121] 뚝섬역 (primary=KEY_1)
2026-06-26 10:20:19,749 [INFO] [86/121] 미아사거리역 (primary=KEY_2)
2026-06-26 10:20:20,867 [INFO] [87/121] 발산역 (primary=KEY_3)
2026-06-26 10:20:22,802 [INFO] [88/121] 사당역 (primary=KEY_4)
2026-06-26 10:20:23,942 [INFO] [89/121] 삼각지역 (primary=KEY_1)
2026-06-26 10:20:25,470 [INFO] [90/121] 서울대입구역 (primary=KEY_2)
2026-06-26 10:20:26,449 [INFO] [91/121] 서울식물원·마곡나루역 (primary=KEY_3)
2026-06-26 10:20:28,410 [INFO] [92/121] 서울역 (primary=KEY_4)
2026-06-26 10:20:29,846 [INFO] [93/121] 선릉역 (primary=KEY_1)
2026-06-26 10:20:31,168 [INFO] [94/121] 성신여대입구역 (primary=KEY_2)
2026-06-26 10:20:32,187 [INFO] [95/121] 수유역 (primary=KEY_3)
2026-06-26 10:20:33,303 [INFO] [96/121] 숭례문 (primary=KEY_4)
2026-06-26 10:20:34,438 [INFO] [97/121] 시의회 앞 (primary=KEY_1)
2026-06-26 10:20:35,716 [INFO] [98/121] 신논현역·논현역 (primary=KEY_2)
2026-06-26 10:20:36,889 [INFO] [99/121] 신도림역 (primary=KEY_3)
2026-06-26 10:20:38,708 [INFO] [100/121] 신림역 (primary=KEY_4)
2026-06-26 10:20:39,702 [INFO] [101/121] 신정네거리역 (primary=KEY_1)
2026-06-26 10:20:40,699 [INFO] [102/121] 신촌·이대역 (primary=KEY_2)
2026-06-26 10:20:41,960 [INFO] [103/121] 쌍문역 (primary=KEY_3)
2026-06-26 10:20:43,091 [INFO] [104/121] 양재역 (primary=KEY_4)
2026-06-26 10:20:44,215 [INFO] [105/121] 역삼역 (primary=KEY_1)
2026-06-26 10:20:45,363 [INFO] [106/121] 연신내역 (primary=KEY_2)
2026-06-26 10:20:46,415 [INFO] [107/121] 오목교역·목동운동장 (primary=KEY_3)
2026-06-26 10:20:47,829 [INFO] [108/121] 왕십리역 (primary=KEY_4)
2026-06-26 10:20:48,970 [INFO] [109/121] 용산역 (primary=KEY_1)
2026-06-26 10:20:50,228 [INFO] [110/121] 이태원역 (primary=KEY_2)
2026-06-26 10:20:51,246 [INFO] [111/121] 잠실새내역 (primary=KEY_3)
2026-06-26 10:20:52,379 [INFO] [112/121] 잠실역 (primary=KEY_4)
2026-06-26 10:20:53,513 [INFO] [113/121] 장지역 (primary=KEY_1)
2026-06-26 10:20:54,642 [INFO] [114/121] 장한평역 (primary=KEY_2)
2026-06-26 10:20:56,093 [INFO] [115/121] 천호역 (primary=KEY_3)
2026-06-26 10:20:57,238 [INFO] [116/121] 총신대입구(이수)역 (primary=KEY_4)
2026-06-26 10:20:58,367 [INFO] [117/121] 충정로역 (primary=KEY_1)
2026-06-26 10:20:59,643 [INFO] [118/121] 합정역 (primary=KEY_2)
2026-06-26 10:21:00,783 [INFO] [119/121] 혜화역 (primary=KEY_3)
2026-06-26 10:21:01,908 [INFO] [120/121] 홍대입구역(2호선) (primary=KEY_4)
2026-06-26 10:21:03,068 [INFO] [121/121] 회기역 (primary=KEY_1)
2026-06-26 10:21:05,766 [INFO] === 수집 완료 | 성공 121, 실패 0 ===
2026-06-26 10:21:05,766 [INFO] 카테고리별 저장 결과:
2026-06-26 10:21:05,766 [INFO]    accident                  | 신규     4행 | 누적     31행 | 16컬럼
2026-06-26 10:21:05,766 [INFO]    accident_acdnt_cntrl_stts | 신규     4행 | 누적      8행 | 16컬럼
2026-06-26 10:21:05,766 [INFO]    area_meta                 | 신규   121행 | 누적   1089행 | 5컬럼
2026-06-26 10:21:05,766 [INFO]    bike                      | 신규    12행 | 누적    108행 | 12컬럼
2026-06-26 10:21:05,766 [INFO]    bike_sbike_stts           | 신규   555행 | 누적   4995행 | 12컬럼
2026-06-26 10:21:05,766 [INFO]    bus                       | 신규     3행 | 누적     27행 | 11컬럼
2026-06-26 10:21:05,766 [INFO]    bus_bus_stn_stts          | 신규  1745행 | 누적  15705행 | 11컬럼
2026-06-26 10:21:05,766 [INFO]    charger                   | 신규    11행 | 누적    175행 | 15컬럼
2026-06-26 10:21:05,766 [INFO]    charger_charger_stts      | 신규   729행 | 누적   5672행 | 15컬럼
2026-06-26 10:21:05,766 [INFO]    cmrcl                     | 신규    82행 | 누적    738행 | 20컬럼
2026-06-26 10:21:05,766 [INFO]    events                    | 신규    11행 | 누적     95행 | 14컬럼
2026-06-26 10:21:05,766 [INFO]    events_event_stts         | 신규   144행 | 누적   1312행 | 14컬럼
2026-06-26 10:21:05,766 [INFO]    news                      | 신규     1행 | 누적      1행 | 10컬럼
2026-06-26 10:21:05,766 [INFO]    parking                   | 신규     6행 | 누적     54행 | 21컬럼
2026-06-26 10:21:05,767 [INFO]    parking_prk_stts          | 신규  1833행 | 누적  16497행 | 21컬럼
2026-06-26 10:21:05,767 [INFO]    ppltn                     | 신규   121행 | 누적   1089행 | 26컬럼
2026-06-26 10:21:05,767 [INFO]    road                      | 신규   121행 | 누적   1089행 | 21컬럼
2026-06-26 10:21:05,767 [INFO]    road_road_traffic_stts    | 신규  5259행 | 누적  47331행 | 17컬럼
2026-06-26 10:21:05,767 [INFO]    subway                    | 신규    38행 | 누적    342행 | 13컬럼
2026-06-26 10:21:05,767 [INFO]    subway_sub_stts           | 신규   183행 | 누적   1647행 | 13컬럼
2026-06-26 10:21:05,767 [INFO]    weather                   | 신규   119행 | 누적   1071행 | 29컬럼
2026-06-26 10:21:05,767 [INFO] 키별 사용량:
2026-06-26 10:21:05,767 [INFO]    🟢 KEY_1 (31/1000) 
2026-06-26 10:21:05,767 [INFO]    🟢 KEY_2 (30/1000) 
2026-06-26 10:21:05,767 [INFO]    🟢 KEY_3 (30/1000) 
2026-06-26 10:21:05,767 [INFO]    🟢 KEY_4 (30/1000) 
2026-06-26 12:22:14,856 [INFO] 등록된 키: 4개, 합산 한도 4,000건/일
2026-06-26 12:22:14,856 [INFO] POI 로드: 매뉴얼 v8.5 기준 fallback 121개 (121개 전체)
2026-06-26 12:22:14,856 [INFO] === 수집 시작 2026-06-26T12:22:14.856877+09:00 ===
2026-06-26 12:22:14,856 [INFO] 대상 장소: 121개 | API: citydata (통합)
2026-06-26 12:22:14,857 [INFO] 키 풀: 4/4 활성 | 오늘 사용 0/4000건
2026-06-26 12:22:14,857 [INFO]   [KEY_1] 담당 31장소
2026-06-26 12:22:14,857 [INFO]   [KEY_2] 담당 30장소
2026-06-26 12:22:14,857 [INFO]   [KEY_3] 담당 30장소
2026-06-26 12:22:14,857 [INFO]   [KEY_4] 담당 30장소
2026-06-26 12:22:14,857 [INFO] [1/121] 경복궁 (primary=KEY_1)
2026-06-26 12:22:16,836 [INFO] [2/121] 광화문·덕수궁 (primary=KEY_2)
2026-06-26 12:22:19,524 [INFO] [3/121] 보신각 (primary=KEY_3)
2026-06-26 12:22:21,519 [INFO] [4/121] 서울 암사동 유적 (primary=KEY_4)
2026-06-26 12:22:22,592 [INFO] [5/121] 창덕궁·종묘 (primary=KEY_1)
2026-06-26 12:22:24,548 [INFO] [6/121] 강남 MICE 관광특구 (primary=KEY_2)
2026-06-26 12:22:25,832 [INFO] [7/121] 동대문 관광특구 (primary=KEY_3)
2026-06-26 12:22:27,332 [INFO] [8/121] 명동 관광특구 (primary=KEY_4)
2026-06-26 12:22:29,191 [INFO] [9/121] 이태원 관광특구 (primary=KEY_1)
2026-06-26 12:22:30,483 [INFO] [10/121] 잠실 관광특구 (primary=KEY_2)
2026-06-26 12:22:32,852 [INFO] [11/121] 종로·청계 관광특구 (primary=KEY_3)
2026-06-26 12:22:34,355 [INFO] [12/121] 홍대 관광특구 (primary=KEY_4)
2026-06-26 12:22:36,442 [INFO] [13/121] 강서한강공원 (primary=KEY_1)
2026-06-26 12:22:38,215 [INFO] [14/121] 고척돔 (primary=KEY_2)
2026-06-26 12:22:39,300 [INFO] [15/121] 광나루한강공원 (primary=KEY_3)
2026-06-26 12:22:40,556 [INFO] [16/121] 광화문광장 (primary=KEY_4)
2026-06-26 12:22:41,838 [INFO] [17/121] 국립중앙박물관·용산가족공원 (primary=KEY_1)
2026-06-26 12:22:42,953 [INFO] [18/121] 난지한강공원 (primary=KEY_2)
2026-06-26 12:22:44,901 [INFO] [19/121] 남산공원 (primary=KEY_3)
2026-06-26 12:22:47,246 [INFO] [20/121] 노들섬 (primary=KEY_4)
2026-06-26 12:22:48,319 [INFO] [21/121] 뚝섬한강공원 (primary=KEY_1)
2026-06-26 12:22:49,422 [INFO] [22/121] 망원한강공원 (primary=KEY_2)
2026-06-26 12:22:51,446 [INFO] [23/121] 반포한강공원 (primary=KEY_3)
2026-06-26 12:22:52,537 [INFO] [24/121] 보라매공원 (primary=KEY_4)
2026-06-26 12:22:53,650 [INFO] [25/121] 북서울꿈의숲 (primary=KEY_1)
2026-06-26 12:22:55,076 [INFO] [26/121] 서대문독립공원 (primary=KEY_2)
2026-06-26 12:22:56,171 [INFO] [27/121] 서리풀공원·몽마르뜨공원 (primary=KEY_3)
2026-06-26 12:22:57,454 [INFO] [28/121] 서울대공원 (primary=KEY_4)
2026-06-26 12:22:58,519 [INFO] [29/121] 서울숲공원 (primary=KEY_1)
2026-06-26 12:22:59,791 [INFO] [30/121] 송현녹지광장 (primary=KEY_2)
2026-06-26 12:23:01,059 [INFO] [31/121] 아차산 (primary=KEY_3)
2026-06-26 12:23:02,152 [INFO] [32/121] 안양천 (primary=KEY_4)
2026-06-26 12:23:03,249 [INFO] [33/121] 양화한강공원 (primary=KEY_1)
2026-06-26 12:23:05,037 [INFO] [34/121] 어린이대공원 (primary=KEY_2)
2026-06-26 12:23:06,323 [INFO] [35/121] 여의도한강공원 (primary=KEY_3)
2026-06-26 12:23:07,584 [INFO] [36/121] 여의서로 (primary=KEY_4)
2026-06-26 12:23:08,836 [INFO] [37/121] 올림픽공원 (primary=KEY_1)
2026-06-26 12:23:10,308 [INFO] [38/121] 월드컵공원 (primary=KEY_2)
2026-06-26 12:23:11,774 [INFO] [39/121] 응봉산 (primary=KEY_3)
2026-06-26 12:23:13,033 [INFO] [40/121] 이촌한강공원 (primary=KEY_4)
2026-06-26 12:23:14,112 [INFO] [41/121] 잠실종합운동장 (primary=KEY_1)
2026-06-26 12:23:15,224 [INFO] [42/121] 잠실한강공원 (primary=KEY_2)
2026-06-26 12:23:16,323 [INFO] [43/121] 잠원한강공원 (primary=KEY_3)
2026-06-26 12:23:17,401 [INFO] [44/121] 청계산 (primary=KEY_4)
2026-06-26 12:23:18,497 [INFO] [45/121] 홍제폭포 (primary=KEY_1)
2026-06-26 12:23:19,590 [INFO] [46/121] 가락시장 (primary=KEY_2)
2026-06-26 12:23:20,879 [INFO] [47/121] 가로수길 (primary=KEY_3)
2026-06-26 12:23:22,180 [INFO] [48/121] 광장(전통)시장 (primary=KEY_4)
2026-06-26 12:23:23,292 [INFO] [49/121] 김포공항 (primary=KEY_1)
2026-06-26 12:23:25,465 [INFO] [50/121] 남대문시장 (primary=KEY_2)
2026-06-26 12:23:26,739 [INFO] [51/121] 노량진 (primary=KEY_3)
2026-06-26 12:23:28,013 [INFO] [52/121] 덕수궁길·정동길 (primary=KEY_4)
2026-06-26 12:23:29,378 [INFO] [53/121] 북창동 먹자골목 (primary=KEY_1)
2026-06-26 12:23:30,650 [INFO] [54/121] 북촌한옥마을 (primary=KEY_2)
2026-06-26 12:23:32,104 [INFO] [55/121] 서촌 (primary=KEY_3)
2026-06-26 12:23:33,374 [INFO] [56/121] 성수카페거리 (primary=KEY_4)
2026-06-26 12:23:34,848 [INFO] [57/121] 송리단길·호수단길 (primary=KEY_1)
2026-06-26 12:23:36,173 [INFO] [58/121] 신촌 스타광장 (primary=KEY_2)
2026-06-26 12:23:37,305 [INFO] [59/121] 압구정로데오거리 (primary=KEY_3)
2026-06-26 12:23:38,632 [INFO] [60/121] 여의도 (primary=KEY_4)
2026-06-26 12:23:40,678 [INFO] [61/121] 연남동 (primary=KEY_1)
2026-06-26 12:23:41,969 [INFO] [62/121] 영등포 타임스퀘어 (primary=KEY_2)
2026-06-26 12:23:43,257 [INFO] [63/121] 용리단길 (primary=KEY_3)
2026-06-26 12:23:44,428 [INFO] [64/121] 이태원 앤틱가구거리 (primary=KEY_4)
2026-06-26 12:23:45,699 [INFO] [65/121] 익선동 (primary=KEY_1)
2026-06-26 12:23:46,993 [INFO] [66/121] 인사동 (primary=KEY_2)
2026-06-26 12:23:48,449 [INFO] [67/121] 잠실롯데타워·석촌호수 (primary=KEY_3)
2026-06-26 12:23:50,121 [INFO] [68/121] 창동 신경제 중심지 (primary=KEY_4)
2026-06-26 12:23:51,815 [INFO] [69/121] 청담동 명품거리 (primary=KEY_1)
2026-06-26 12:23:53,098 [INFO] [70/121] 청량리 제기동 일대 전통시장 (primary=KEY_2)
2026-06-26 12:23:54,377 [INFO] [71/121] 해방촌·경리단길 (primary=KEY_3)
2026-06-26 12:23:55,472 [INFO] [72/121] DDP(동대문디자인플라자) (primary=KEY_4)
2026-06-26 12:23:56,759 [INFO] [73/121] DMC(디지털미디어시티) (primary=KEY_1)
2026-06-26 12:23:58,424 [INFO] [74/121] 가산디지털단지역 (primary=KEY_2)
2026-06-26 12:24:00,239 [INFO] [75/121] 강남역 (primary=KEY_3)
2026-06-26 12:24:01,750 [INFO] [76/121] 건대입구역 (primary=KEY_4)
2026-06-26 12:24:03,044 [INFO] [77/121] 고덕역 (primary=KEY_1)
2026-06-26 12:24:04,318 [INFO] [78/121] 고속터미널역 (primary=KEY_2)
2026-06-26 12:24:05,613 [INFO] [79/121] 교대역 (primary=KEY_3)
2026-06-26 12:24:06,904 [INFO] [80/121] 구로디지털단지역 (primary=KEY_4)
2026-06-26 12:24:08,539 [INFO] [81/121] 구로역 (primary=KEY_1)
2026-06-26 12:24:09,799 [INFO] [82/121] 군자역 (primary=KEY_2)
2026-06-26 12:24:11,114 [INFO] [83/121] 대림역 (primary=KEY_3)
2026-06-26 12:24:12,414 [INFO] [84/121] 동대문역 (primary=KEY_4)
2026-06-26 12:24:13,701 [INFO] [85/121] 뚝섬역 (primary=KEY_1)
2026-06-26 12:24:14,987 [INFO] [86/121] 미아사거리역 (primary=KEY_2)
2026-06-26 12:24:16,265 [INFO] [87/121] 발산역 (primary=KEY_3)
2026-06-26 12:24:18,610 [INFO] [88/121] 사당역 (primary=KEY_4)
2026-06-26 12:24:20,753 [INFO] [89/121] 삼각지역 (primary=KEY_1)
2026-06-26 12:24:22,758 [INFO] [90/121] 서울대입구역 (primary=KEY_2)
2026-06-26 12:24:25,077 [INFO] [91/121] 서울식물원·마곡나루역 (primary=KEY_3)
2026-06-26 12:24:27,595 [INFO] [92/121] 서울역 (primary=KEY_4)
2026-06-26 12:24:29,108 [INFO] [93/121] 선릉역 (primary=KEY_1)
2026-06-26 12:24:30,793 [INFO] [94/121] 성신여대입구역 (primary=KEY_2)
2026-06-26 12:24:31,937 [INFO] [95/121] 수유역 (primary=KEY_3)
2026-06-26 12:24:33,210 [INFO] [96/121] 숭례문 (primary=KEY_4)
2026-06-26 12:24:35,386 [INFO] [97/121] 시의회 앞 (primary=KEY_1)
2026-06-26 12:24:37,380 [INFO] [98/121] 신논현역·논현역 (primary=KEY_2)
2026-06-26 12:24:38,679 [INFO] [99/121] 신도림역 (primary=KEY_3)
2026-06-26 12:24:39,835 [INFO] [100/121] 신림역 (primary=KEY_4)
2026-06-26 12:24:41,115 [INFO] [101/121] 신정네거리역 (primary=KEY_1)
2026-06-26 12:24:42,387 [INFO] [102/121] 신촌·이대역 (primary=KEY_2)
2026-06-26 12:24:43,700 [INFO] [103/121] 쌍문역 (primary=KEY_3)
2026-06-26 12:24:44,983 [INFO] [104/121] 양재역 (primary=KEY_4)
2026-06-26 12:24:46,285 [INFO] [105/121] 역삼역 (primary=KEY_1)
2026-06-26 12:24:47,724 [INFO] [106/121] 연신내역 (primary=KEY_2)
2026-06-26 12:24:48,853 [INFO] [107/121] 오목교역·목동운동장 (primary=KEY_3)
2026-06-26 12:24:51,264 [INFO] [108/121] 왕십리역 (primary=KEY_4)
2026-06-26 12:24:52,761 [INFO] [109/121] 용산역 (primary=KEY_1)
2026-06-26 12:24:54,278 [INFO] [110/121] 이태원역 (primary=KEY_2)
2026-06-26 12:24:56,418 [INFO] [111/121] 잠실새내역 (primary=KEY_3)
2026-06-26 12:24:57,696 [INFO] [112/121] 잠실역 (primary=KEY_4)
2026-06-26 12:24:59,191 [INFO] [113/121] 장지역 (primary=KEY_1)
2026-06-26 12:25:01,373 [INFO] [114/121] 장한평역 (primary=KEY_2)
2026-06-26 12:25:03,341 [INFO] [115/121] 천호역 (primary=KEY_3)
2026-06-26 12:25:04,788 [INFO] [116/121] 총신대입구(이수)역 (primary=KEY_4)
2026-06-26 12:25:06,127 [INFO] [117/121] 충정로역 (primary=KEY_1)
2026-06-26 12:25:08,090 [INFO] [118/121] 합정역 (primary=KEY_2)
2026-06-26 12:25:09,538 [INFO] [119/121] 혜화역 (primary=KEY_3)
2026-06-26 12:25:10,796 [INFO] [120/121] 홍대입구역(2호선) (primary=KEY_4)
2026-06-26 12:25:12,082 [INFO] [121/121] 회기역 (primary=KEY_1)
2026-06-26 12:25:15,020 [INFO] === 수집 완료 | 성공 121, 실패 0 ===
2026-06-26 12:25:15,021 [INFO] 카테고리별 저장 결과:
2026-06-26 12:25:15,021 [INFO]    accident                  | 신규    10행 | 누적     41행 | 16컬럼
2026-06-26 12:25:15,021 [INFO]    accident_acdnt_cntrl_stts | 신규     4행 | 누적     12행 | 16컬럼
2026-06-26 12:25:15,021 [INFO]    area_meta                 | 신규   121행 | 누적   1210행 | 5컬럼
2026-06-26 12:25:15,021 [INFO]    bike                      | 신규    12행 | 누적    120행 | 12컬럼
2026-06-26 12:25:15,021 [INFO]    bike_sbike_stts           | 신규   555행 | 누적   5550행 | 12컬럼
2026-06-26 12:25:15,021 [INFO]    bus                       | 신규     3행 | 누적     30행 | 11컬럼
2026-06-26 12:25:15,021 [INFO]    bus_bus_stn_stts          | 신규  1745행 | 누적  17450행 | 11컬럼
2026-06-26 12:25:15,021 [INFO]    charger                   | 신규     4행 | 누적    179행 | 15컬럼
2026-06-26 12:25:15,021 [INFO]    charger_charger_stts      | 신규  1919행 | 누적   7576행 | 15컬럼
2026-06-26 12:25:15,021 [INFO]    cmrcl                     | 신규    82행 | 누적    820행 | 20컬럼
2026-06-26 12:25:15,021 [INFO]    events                    | 신규    11행 | 누적    106행 | 14컬럼
2026-06-26 12:25:15,021 [INFO]    events_event_stts         | 신규   144행 | 누적   1456행 | 14컬럼
2026-06-26 12:25:15,021 [INFO]    news                      | 신규     4행 | 누적      5행 | 10컬럼
2026-06-26 12:25:15,021 [INFO]    parking                   | 신규     6행 | 누적     60행 | 21컬럼
2026-06-26 12:25:15,021 [INFO]    parking_prk_stts          | 신규  1833행 | 누적  18330행 | 21컬럼
2026-06-26 12:25:15,021 [INFO]    ppltn                     | 신규   121행 | 누적   1210행 | 26컬럼
2026-06-26 12:25:15,021 [INFO]    road                      | 신규   121행 | 누적   1210행 | 21컬럼
2026-06-26 12:25:15,021 [INFO]    road_road_traffic_stts    | 신규  5259행 | 누적  52590행 | 17컬럼
2026-06-26 12:25:15,021 [INFO]    subway                    | 신규    38행 | 누적    380행 | 13컬럼
2026-06-26 12:25:15,021 [INFO]    subway_sub_stts           | 신규   183행 | 누적   1830행 | 13컬럼
2026-06-26 12:25:15,021 [INFO]    weather                   | 신규   119행 | 누적   1190행 | 29컬럼
2026-06-26 12:25:15,021 [INFO] 키별 사용량:
2026-06-26 12:25:15,021 [INFO]    🟢 KEY_1 (31/1000) 
2026-06-26 12:25:15,022 [INFO]    🟢 KEY_2 (30/1000) 
2026-06-26 12:25:15,022 [INFO]    🟢 KEY_3 (30/1000) 
2026-06-26 12:25:15,022 [INFO]    🟢 KEY_4 (30/1000) 
2026-06-26 14:38:26,354 [INFO] 등록된 키: 4개, 합산 한도 4,000건/일
2026-06-26 14:38:26,355 [INFO] POI 로드: 매뉴얼 v8.5 기준 fallback 121개 (121개 전체)
2026-06-26 14:38:26,355 [INFO] === 수집 시작 2026-06-26T14:38:26.355217+09:00 ===
2026-06-26 14:38:26,355 [INFO] 대상 장소: 121개 | API: citydata (통합)
2026-06-26 14:38:26,355 [INFO] 키 풀: 4/4 활성 | 오늘 사용 0/4000건
2026-06-26 14:38:26,355 [INFO]   [KEY_1] 담당 31장소
2026-06-26 14:38:26,355 [INFO]   [KEY_2] 담당 30장소
2026-06-26 14:38:26,355 [INFO]   [KEY_3] 담당 30장소
2026-06-26 14:38:26,355 [INFO]   [KEY_4] 담당 30장소
2026-06-26 14:38:26,355 [INFO] [1/121] 경복궁 (primary=KEY_1)
2026-06-26 14:38:28,196 [INFO] [2/121] 광화문·덕수궁 (primary=KEY_2)
2026-06-26 14:38:30,031 [INFO] [3/121] 보신각 (primary=KEY_3)
2026-06-26 14:38:31,828 [INFO] [4/121] 서울 암사동 유적 (primary=KEY_4)
2026-06-26 14:38:33,360 [INFO] [5/121] 창덕궁·종묘 (primary=KEY_1)
2026-06-26 14:38:34,745 [INFO] [6/121] 강남 MICE 관광특구 (primary=KEY_2)
2026-06-26 14:38:35,778 [INFO] [7/121] 동대문 관광특구 (primary=KEY_3)
2026-06-26 14:38:37,632 [INFO] [8/121] 명동 관광특구 (primary=KEY_4)
2026-06-26 14:38:39,136 [INFO] [9/121] 이태원 관광특구 (primary=KEY_1)
2026-06-26 14:38:40,273 [INFO] [10/121] 잠실 관광특구 (primary=KEY_2)
2026-06-26 14:38:41,708 [INFO] [11/121] 종로·청계 관광특구 (primary=KEY_3)
2026-06-26 14:38:43,584 [INFO] [12/121] 홍대 관광특구 (primary=KEY_4)
2026-06-26 14:38:45,586 [INFO] [13/121] 강서한강공원 (primary=KEY_1)
2026-06-26 14:38:46,556 [INFO] [14/121] 고척돔 (primary=KEY_2)
2026-06-26 14:38:48,086 [INFO] [15/121] 광나루한강공원 (primary=KEY_3)
2026-06-26 14:38:49,192 [INFO] [16/121] 광화문광장 (primary=KEY_4)
2026-06-26 14:38:50,328 [INFO] [17/121] 국립중앙박물관·용산가족공원 (primary=KEY_1)
2026-06-26 14:38:51,328 [INFO] [18/121] 난지한강공원 (primary=KEY_2)
2026-06-26 14:38:52,301 [INFO] [19/121] 남산공원 (primary=KEY_3)
2026-06-26 14:38:54,002 [INFO] [20/121] 노들섬 (primary=KEY_4)
2026-06-26 14:38:55,171 [INFO] [21/121] 뚝섬한강공원 (primary=KEY_1)
2026-06-26 14:38:56,151 [INFO] [22/121] 망원한강공원 (primary=KEY_2)
2026-06-26 14:38:57,322 [INFO] [23/121] 반포한강공원 (primary=KEY_3)
2026-06-26 14:38:58,290 [INFO] [24/121] 보라매공원 (primary=KEY_4)
2026-06-26 14:38:59,294 [INFO] [25/121] 북서울꿈의숲 (primary=KEY_1)
2026-06-26 14:39:00,806 [INFO] [26/121] 서대문독립공원 (primary=KEY_2)
2026-06-26 14:39:02,713 [INFO] [27/121] 서리풀공원·몽마르뜨공원 (primary=KEY_3)
2026-06-26 14:39:03,836 [INFO] [28/121] 서울대공원 (primary=KEY_4)
2026-06-26 14:39:04,952 [INFO] [29/121] 서울숲공원 (primary=KEY_1)
2026-06-26 14:39:06,083 [INFO] [30/121] 송현녹지광장 (primary=KEY_2)
2026-06-26 14:39:07,198 [INFO] [31/121] 아차산 (primary=KEY_3)
2026-06-26 14:39:08,168 [INFO] [32/121] 안양천 (primary=KEY_4)
2026-06-26 14:39:09,161 [INFO] [33/121] 양화한강공원 (primary=KEY_1)
2026-06-26 14:39:10,148 [INFO] [34/121] 어린이대공원 (primary=KEY_2)
2026-06-26 14:39:11,143 [INFO] [35/121] 여의도한강공원 (primary=KEY_3)
2026-06-26 14:39:12,276 [INFO] [36/121] 여의서로 (primary=KEY_4)
2026-06-26 14:39:13,258 [INFO] [37/121] 올림픽공원 (primary=KEY_1)
2026-06-26 14:39:14,389 [INFO] [38/121] 월드컵공원 (primary=KEY_2)
2026-06-26 14:39:15,688 [INFO] [39/121] 응봉산 (primary=KEY_3)
2026-06-26 14:39:16,794 [INFO] [40/121] 이촌한강공원 (primary=KEY_4)
2026-06-26 14:39:17,767 [INFO] [41/121] 잠실종합운동장 (primary=KEY_1)
2026-06-26 14:39:18,766 [INFO] [42/121] 잠실한강공원 (primary=KEY_2)
2026-06-26 14:39:19,751 [INFO] [43/121] 잠원한강공원 (primary=KEY_3)
2026-06-26 14:39:20,729 [INFO] [44/121] 청계산 (primary=KEY_4)
2026-06-26 14:39:21,705 [INFO] [45/121] 홍제폭포 (primary=KEY_1)
2026-06-26 14:39:22,693 [INFO] [46/121] 가락시장 (primary=KEY_2)
2026-06-26 14:39:23,836 [INFO] [47/121] 가로수길 (primary=KEY_3)
2026-06-26 14:39:25,027 [INFO] [48/121] 광장(전통)시장 (primary=KEY_4)
2026-06-26 14:39:26,062 [INFO] [49/121] 김포공항 (primary=KEY_1)
2026-06-26 14:39:27,236 [INFO] [50/121] 남대문시장 (primary=KEY_2)
2026-06-26 14:39:28,361 [INFO] [51/121] 노량진 (primary=KEY_3)
2026-06-26 14:39:29,517 [INFO] [52/121] 덕수궁길·정동길 (primary=KEY_4)
2026-06-26 14:39:30,653 [INFO] [53/121] 북창동 먹자골목 (primary=KEY_1)
2026-06-26 14:39:31,643 [INFO] [54/121] 북촌한옥마을 (primary=KEY_2)
2026-06-26 14:39:32,774 [INFO] [55/121] 서촌 (primary=KEY_3)
2026-06-26 14:39:33,960 [INFO] [56/121] 성수카페거리 (primary=KEY_4)
2026-06-26 14:39:35,080 [INFO] [57/121] 송리단길·호수단길 (primary=KEY_1)
2026-06-26 14:39:36,248 [INFO] [58/121] 신촌 스타광장 (primary=KEY_2)
2026-06-26 14:39:37,247 [INFO] [59/121] 압구정로데오거리 (primary=KEY_3)
2026-06-26 14:39:38,394 [INFO] [60/121] 여의도 (primary=KEY_4)
2026-06-26 14:39:40,035 [INFO] [61/121] 연남동 (primary=KEY_1)
2026-06-26 14:39:41,165 [INFO] [62/121] 영등포 타임스퀘어 (primary=KEY_2)
2026-06-26 14:39:42,288 [INFO] [63/121] 용리단길 (primary=KEY_3)
2026-06-26 14:39:43,311 [INFO] [64/121] 이태원 앤틱가구거리 (primary=KEY_4)
2026-06-26 14:39:44,428 [INFO] [65/121] 익선동 (primary=KEY_1)
2026-06-26 14:39:45,574 [INFO] [66/121] 인사동 (primary=KEY_2)
2026-06-26 14:39:46,709 [INFO] [67/121] 잠실롯데타워·석촌호수 (primary=KEY_3)
2026-06-26 14:39:47,865 [INFO] [68/121] 창동 신경제 중심지 (primary=KEY_4)
2026-06-26 14:39:49,196 [INFO] [69/121] 청담동 명품거리 (primary=KEY_1)
2026-06-26 14:39:50,321 [INFO] [70/121] 청량리 제기동 일대 전통시장 (primary=KEY_2)
2026-06-26 14:39:51,460 [INFO] [71/121] 해방촌·경리단길 (primary=KEY_3)
2026-06-26 14:39:52,443 [INFO] [72/121] DDP(동대문디자인플라자) (primary=KEY_4)
2026-06-26 14:39:53,665 [INFO] [73/121] DMC(디지털미디어시티) (primary=KEY_1)
2026-06-26 14:39:54,958 [INFO] [74/121] 가산디지털단지역 (primary=KEY_2)
2026-06-26 14:39:56,269 [INFO] [75/121] 강남역 (primary=KEY_3)
2026-06-26 14:39:57,602 [INFO] [76/121] 건대입구역 (primary=KEY_4)
2026-06-26 14:39:58,736 [INFO] [77/121] 고덕역 (primary=KEY_1)
2026-06-26 14:39:59,849 [INFO] [78/121] 고속터미널역 (primary=KEY_2)
2026-06-26 14:40:00,848 [INFO] [79/121] 교대역 (primary=KEY_3)
2026-06-26 14:40:01,832 [INFO] [80/121] 구로디지털단지역 (primary=KEY_4)
2026-06-26 14:40:02,953 [INFO] [81/121] 구로역 (primary=KEY_1)
2026-06-26 14:40:03,930 [INFO] [82/121] 군자역 (primary=KEY_2)
2026-06-26 14:40:05,054 [INFO] [83/121] 대림역 (primary=KEY_3)
2026-06-26 14:40:06,181 [INFO] [84/121] 동대문역 (primary=KEY_4)
2026-06-26 14:40:07,302 [INFO] [85/121] 뚝섬역 (primary=KEY_1)
2026-06-26 14:40:08,452 [INFO] [86/121] 미아사거리역 (primary=KEY_2)
2026-06-26 14:40:09,568 [INFO] [87/121] 발산역 (primary=KEY_3)
2026-06-26 14:40:10,817 [INFO] [88/121] 사당역 (primary=KEY_4)
2026-06-26 14:40:11,973 [INFO] [89/121] 삼각지역 (primary=KEY_1)
2026-06-26 14:40:12,944 [INFO] [90/121] 서울대입구역 (primary=KEY_2)
2026-06-26 14:40:14,056 [INFO] [91/121] 서울식물원·마곡나루역 (primary=KEY_3)
2026-06-26 14:40:15,187 [INFO] [92/121] 서울역 (primary=KEY_4)
2026-06-26 14:40:16,338 [INFO] [93/121] 선릉역 (primary=KEY_1)
2026-06-26 14:40:17,615 [INFO] [94/121] 성신여대입구역 (primary=KEY_2)
2026-06-26 14:40:18,602 [INFO] [95/121] 수유역 (primary=KEY_3)
2026-06-26 14:40:19,710 [INFO] [96/121] 숭례문 (primary=KEY_4)
2026-06-26 14:40:20,836 [INFO] [97/121] 시의회 앞 (primary=KEY_1)
2026-06-26 14:40:21,964 [INFO] [98/121] 신논현역·논현역 (primary=KEY_2)
2026-06-26 14:40:23,108 [INFO] [99/121] 신도림역 (primary=KEY_3)
2026-06-26 14:40:24,097 [INFO] [100/121] 신림역 (primary=KEY_4)
2026-06-26 14:40:25,100 [INFO] [101/121] 신정네거리역 (primary=KEY_1)
2026-06-26 14:40:26,088 [INFO] [102/121] 신촌·이대역 (primary=KEY_2)
2026-06-26 14:40:27,209 [INFO] [103/121] 쌍문역 (primary=KEY_3)
2026-06-26 14:40:28,324 [INFO] [104/121] 양재역 (primary=KEY_4)
2026-06-26 14:40:29,450 [INFO] [105/121] 역삼역 (primary=KEY_1)
2026-06-26 14:40:30,580 [INFO] [106/121] 연신내역 (primary=KEY_2)
2026-06-26 14:40:31,681 [INFO] [107/121] 오목교역·목동운동장 (primary=KEY_3)
2026-06-26 14:40:32,938 [INFO] [108/121] 왕십리역 (primary=KEY_4)
2026-06-26 14:40:34,079 [INFO] [109/121] 용산역 (primary=KEY_1)
2026-06-26 14:40:35,340 [INFO] [110/121] 이태원역 (primary=KEY_2)
2026-06-26 14:40:36,330 [INFO] [111/121] 잠실새내역 (primary=KEY_3)
2026-06-26 14:40:37,445 [INFO] [112/121] 잠실역 (primary=KEY_4)
2026-06-26 14:40:38,576 [INFO] [113/121] 장지역 (primary=KEY_1)
2026-06-26 14:40:39,689 [INFO] [114/121] 장한평역 (primary=KEY_2)
2026-06-26 14:40:40,811 [INFO] [115/121] 천호역 (primary=KEY_3)
2026-06-26 14:40:42,013 [INFO] [116/121] 총신대입구(이수)역 (primary=KEY_4)
2026-06-26 14:40:43,141 [INFO] [117/121] 충정로역 (primary=KEY_1)
2026-06-26 14:40:44,270 [INFO] [118/121] 합정역 (primary=KEY_2)
2026-06-26 14:40:45,436 [INFO] [119/121] 혜화역 (primary=KEY_3)
2026-06-26 14:40:46,566 [INFO] [120/121] 홍대입구역(2호선) (primary=KEY_4)
2026-06-26 14:40:47,692 [INFO] [121/121] 회기역 (primary=KEY_1)
2026-06-26 14:40:51,433 [INFO] === 수집 완료 | 성공 121, 실패 0 ===
2026-06-26 14:40:51,433 [INFO] 카테고리별 저장 결과:
2026-06-26 14:40:51,433 [INFO]    accident                  | 신규     5행 | 누적     46행 | 16컬럼
2026-06-26 14:40:51,433 [INFO]    accident_acdnt_cntrl_stts | 신규     2행 | 누적     14행 | 16컬럼
2026-06-26 14:40:51,433 [INFO]    area_meta                 | 신규   121행 | 누적   1331행 | 5컬럼
2026-06-26 14:40:51,433 [INFO]    bike                      | 신규    12행 | 누적    132행 | 12컬럼
2026-06-26 14:40:51,433 [INFO]    bike_sbike_stts           | 신규   555행 | 누적   6105행 | 12컬럼
2026-06-26 14:40:51,433 [INFO]    bus                       | 신규     3행 | 누적     33행 | 11컬럼
2026-06-26 14:40:51,433 [INFO]    bus_bus_stn_stts          | 신규  1745행 | 누적  19195행 | 11컬럼
2026-06-26 14:40:51,433 [INFO]    charger                   | 신규    25행 | 누적    204행 | 15컬럼
2026-06-26 14:40:51,433 [INFO]    charger_charger_stts      | 신규   340행 | 누적   7914행 | 15컬럼
2026-06-26 14:40:51,433 [INFO]    cmrcl                     | 신규    82행 | 누적    902행 | 21컬럼
2026-06-26 14:40:51,434 [INFO]    events                    | 신규    11행 | 누적    117행 | 14컬럼
2026-06-26 14:40:51,434 [INFO]    events_event_stts         | 신규   144행 | 누적   1600행 | 14컬럼
2026-06-26 14:40:51,434 [INFO]    news                      | 신규     4행 | 누적      9행 | 10컬럼
2026-06-26 14:40:51,434 [INFO]    parking                   | 신규     6행 | 누적     66행 | 21컬럼
2026-06-26 14:40:51,434 [INFO]    parking_prk_stts          | 신규  1833행 | 누적  20163행 | 21컬럼
2026-06-26 14:40:51,434 [INFO]    ppltn                     | 신규   121행 | 누적   1331행 | 26컬럼
2026-06-26 14:40:51,434 [INFO]    road                      | 신규   121행 | 누적   1331행 | 21컬럼
2026-06-26 14:40:51,434 [INFO]    road_road_traffic_stts    | 신규  5259행 | 누적  57849행 | 17컬럼
2026-06-26 14:40:51,434 [INFO]    subway                    | 신규    38행 | 누적    418행 | 13컬럼
2026-06-26 14:40:51,434 [INFO]    subway_sub_stts           | 신규   183행 | 누적   2013행 | 13컬럼
2026-06-26 14:40:51,434 [INFO]    weather                   | 신규   119행 | 누적   1309행 | 29컬럼
2026-06-26 14:40:51,434 [INFO] 키별 사용량:
2026-06-26 14:40:51,434 [INFO]    🟢 KEY_1 (31/1000) 
2026-06-26 14:40:51,434 [INFO]    🟢 KEY_2 (30/1000) 
2026-06-26 14:40:51,434 [INFO]    🟢 KEY_3 (30/1000) 
2026-06-26 14:40:51,434 [INFO]    🟢 KEY_4 (30/1000) 
2026-06-26 16:35:20,180 [INFO] 등록된 키: 4개, 합산 한도 4,000건/일
2026-06-26 16:35:20,181 [INFO] POI 로드: 매뉴얼 v8.5 기준 fallback 121개 (121개 전체)
2026-06-26 16:35:20,181 [INFO] === 수집 시작 2026-06-26T16:35:20.181713+09:00 ===
2026-06-26 16:35:20,181 [INFO] 대상 장소: 121개 | API: citydata (통합)
2026-06-26 16:35:20,181 [INFO] 키 풀: 4/4 활성 | 오늘 사용 0/4000건
2026-06-26 16:35:20,182 [INFO]   [KEY_1] 담당 31장소
2026-06-26 16:35:20,182 [INFO]   [KEY_2] 담당 30장소
2026-06-26 16:35:20,182 [INFO]   [KEY_3] 담당 30장소
2026-06-26 16:35:20,182 [INFO]   [KEY_4] 담당 30장소
2026-06-26 16:35:20,182 [INFO] [1/121] 경복궁 (primary=KEY_1)
2026-06-26 16:35:21,890 [INFO] [2/121] 광화문·덕수궁 (primary=KEY_2)
2026-06-26 16:35:23,934 [INFO] [3/121] 보신각 (primary=KEY_3)
2026-06-26 16:35:25,725 [INFO] [4/121] 서울 암사동 유적 (primary=KEY_4)
2026-06-26 16:35:27,235 [INFO] [5/121] 창덕궁·종묘 (primary=KEY_1)
2026-06-26 16:35:28,361 [INFO] [6/121] 강남 MICE 관광특구 (primary=KEY_2)
2026-06-26 16:35:29,485 [INFO] [7/121] 동대문 관광특구 (primary=KEY_3)
2026-06-26 16:35:30,818 [INFO] [8/121] 명동 관광특구 (primary=KEY_4)
2026-06-26 16:35:32,879 [INFO] [9/121] 이태원 관광특구 (primary=KEY_1)
2026-06-26 16:35:34,042 [INFO] [10/121] 잠실 관광특구 (primary=KEY_2)
2026-06-26 16:35:36,325 [INFO] [11/121] 종로·청계 관광특구 (primary=KEY_3)
2026-06-26 16:35:37,703 [INFO] [12/121] 홍대 관광특구 (primary=KEY_4)
2026-06-26 16:35:39,543 [INFO] [13/121] 강서한강공원 (primary=KEY_1)
2026-06-26 16:35:41,074 [INFO] [14/121] 고척돔 (primary=KEY_2)
2026-06-26 16:35:42,048 [INFO] [15/121] 광나루한강공원 (primary=KEY_3)
2026-06-26 16:35:43,157 [INFO] [16/121] 광화문광장 (primary=KEY_4)
2026-06-26 16:35:44,305 [INFO] [17/121] 국립중앙박물관·용산가족공원 (primary=KEY_1)
2026-06-26 16:35:45,543 [INFO] [18/121] 난지한강공원 (primary=KEY_2)
2026-06-26 16:35:46,643 [INFO] [19/121] 남산공원 (primary=KEY_3)
2026-06-26 16:35:48,769 [INFO] [20/121] 노들섬 (primary=KEY_4)
2026-06-26 16:35:49,732 [INFO] [21/121] 뚝섬한강공원 (primary=KEY_1)
2026-06-26 16:35:50,727 [INFO] [22/121] 망원한강공원 (primary=KEY_2)
2026-06-26 16:35:51,840 [INFO] [23/121] 반포한강공원 (primary=KEY_3)
2026-06-26 16:35:52,829 [INFO] [24/121] 보라매공원 (primary=KEY_4)
2026-06-26 16:35:54,377 [INFO] [25/121] 북서울꿈의숲 (primary=KEY_1)
2026-06-26 16:35:55,349 [INFO] [26/121] 서대문독립공원 (primary=KEY_2)
2026-06-26 16:35:56,325 [INFO] [27/121] 서리풀공원·몽마르뜨공원 (primary=KEY_3)
2026-06-26 16:35:58,186 [INFO] [28/121] 서울대공원 (primary=KEY_4)
2026-06-26 16:35:59,150 [INFO] [29/121] 서울숲공원 (primary=KEY_1)
2026-06-26 16:36:00,271 [INFO] [30/121] 송현녹지광장 (primary=KEY_2)
2026-06-26 16:36:01,387 [INFO] [31/121] 아차산 (primary=KEY_3)
2026-06-26 16:36:02,372 [INFO] [32/121] 안양천 (primary=KEY_4)
2026-06-26 16:36:03,338 [INFO] [33/121] 양화한강공원 (primary=KEY_1)
2026-06-26 16:36:04,303 [INFO] [34/121] 어린이대공원 (primary=KEY_2)
2026-06-26 16:36:05,307 [INFO] [35/121] 여의도한강공원 (primary=KEY_3)
2026-06-26 16:36:06,421 [INFO] [36/121] 여의서로 (primary=KEY_4)
2026-06-26 16:36:07,521 [INFO] [37/121] 올림픽공원 (primary=KEY_1)
2026-06-26 16:36:08,807 [INFO] [38/121] 월드컵공원 (primary=KEY_2)
2026-06-26 16:36:10,071 [INFO] [39/121] 응봉산 (primary=KEY_3)
2026-06-26 16:36:11,179 [INFO] [40/121] 이촌한강공원 (primary=KEY_4)
2026-06-26 16:36:12,157 [INFO] [41/121] 잠실종합운동장 (primary=KEY_1)
2026-06-26 16:36:13,126 [INFO] [42/121] 잠실한강공원 (primary=KEY_2)
2026-06-26 16:36:14,095 [INFO] [43/121] 잠원한강공원 (primary=KEY_3)
2026-06-26 16:36:15,067 [INFO] [44/121] 청계산 (primary=KEY_4)
2026-06-26 16:36:16,025 [INFO] [45/121] 홍제폭포 (primary=KEY_1)
2026-06-26 16:36:16,987 [INFO] [46/121] 가락시장 (primary=KEY_2)
2026-06-26 16:36:18,123 [INFO] [47/121] 가로수길 (primary=KEY_3)
2026-06-26 16:36:19,273 [INFO] [48/121] 광장(전통)시장 (primary=KEY_4)
2026-06-26 16:36:20,248 [INFO] [49/121] 김포공항 (primary=KEY_1)
2026-06-26 16:36:21,527 [INFO] [50/121] 남대문시장 (primary=KEY_2)
2026-06-26 16:36:22,647 [INFO] [51/121] 노량진 (primary=KEY_3)
2026-06-26 16:36:23,776 [INFO] [52/121] 덕수궁길·정동길 (primary=KEY_4)
2026-06-26 16:36:24,914 [INFO] [53/121] 북창동 먹자골목 (primary=KEY_1)
2026-06-26 16:36:26,041 [INFO] [54/121] 북촌한옥마을 (primary=KEY_2)
2026-06-26 16:36:27,300 [INFO] [55/121] 서촌 (primary=KEY_3)
2026-06-26 16:36:28,412 [INFO] [56/121] 성수카페거리 (primary=KEY_4)
2026-06-26 16:36:29,670 [INFO] [57/121] 송리단길·호수단길 (primary=KEY_1)
2026-06-26 16:36:30,813 [INFO] [58/121] 신촌 스타광장 (primary=KEY_2)
2026-06-26 16:36:31,793 [INFO] [59/121] 압구정로데오거리 (primary=KEY_3)
2026-06-26 16:36:32,959 [INFO] [60/121] 여의도 (primary=KEY_4)
2026-06-26 16:36:34,706 [INFO] [61/121] 연남동 (primary=KEY_1)
2026-06-26 16:36:35,817 [INFO] [62/121] 영등포 타임스퀘어 (primary=KEY_2)
2026-06-26 16:36:36,932 [INFO] [63/121] 용리단길 (primary=KEY_3)
2026-06-26 16:36:37,939 [INFO] [64/121] 이태원 앤틱가구거리 (primary=KEY_4)
2026-06-26 16:36:39,067 [INFO] [65/121] 익선동 (primary=KEY_1)
2026-06-26 16:36:40,218 [INFO] [66/121] 인사동 (primary=KEY_2)
2026-06-26 16:36:41,501 [INFO] [67/121] 잠실롯데타워·석촌호수 (primary=KEY_3)
2026-06-26 16:36:42,929 [INFO] [68/121] 창동 신경제 중심지 (primary=KEY_4)
2026-06-26 16:36:44,362 [INFO] [69/121] 청담동 명품거리 (primary=KEY_1)
2026-06-26 16:36:45,493 [INFO] [70/121] 청량리 제기동 일대 전통시장 (primary=KEY_2)
2026-06-26 16:36:46,709 [INFO] [71/121] 해방촌·경리단길 (primary=KEY_3)
2026-06-26 16:36:47,709 [INFO] [72/121] DDP(동대문디자인플라자) (primary=KEY_4)
2026-06-26 16:36:48,921 [INFO] [73/121] DMC(디지털미디어시티) (primary=KEY_1)
2026-06-26 16:36:50,354 [INFO] [74/121] 가산디지털단지역 (primary=KEY_2)
2026-06-26 16:36:51,761 [INFO] [75/121] 강남역 (primary=KEY_3)
2026-06-26 16:36:53,052 [INFO] [76/121] 건대입구역 (primary=KEY_4)
2026-06-26 16:36:54,214 [INFO] [77/121] 고덕역 (primary=KEY_1)
2026-06-26 16:36:55,329 [INFO] [78/121] 고속터미널역 (primary=KEY_2)
2026-06-26 16:36:56,470 [INFO] [79/121] 교대역 (primary=KEY_3)
2026-06-26 16:36:57,498 [INFO] [80/121] 구로디지털단지역 (primary=KEY_4)
2026-06-26 16:36:58,756 [INFO] [81/121] 구로역 (primary=KEY_1)
2026-06-26 16:36:59,741 [INFO] [82/121] 군자역 (primary=KEY_2)
2026-06-26 16:37:00,885 [INFO] [83/121] 대림역 (primary=KEY_3)
2026-06-26 16:37:02,031 [INFO] [84/121] 동대문역 (primary=KEY_4)
2026-06-26 16:37:03,167 [INFO] [85/121] 뚝섬역 (primary=KEY_1)
2026-06-26 16:37:04,291 [INFO] [86/121] 미아사거리역 (primary=KEY_2)
2026-06-26 16:37:05,411 [INFO] [87/121] 발산역 (primary=KEY_3)
2026-06-26 16:37:06,688 [INFO] [88/121] 사당역 (primary=KEY_4)
2026-06-26 16:37:07,826 [INFO] [89/121] 삼각지역 (primary=KEY_1)
2026-06-26 16:37:08,812 [INFO] [90/121] 서울대입구역 (primary=KEY_2)
2026-06-26 16:37:09,930 [INFO] [91/121] 서울식물원·마곡나루역 (primary=KEY_3)
2026-06-26 16:37:11,078 [INFO] [92/121] 서울역 (primary=KEY_4)
2026-06-26 16:37:12,374 [INFO] [93/121] 선릉역 (primary=KEY_1)
2026-06-26 16:37:13,654 [INFO] [94/121] 성신여대입구역 (primary=KEY_2)
2026-06-26 16:37:14,659 [INFO] [95/121] 수유역 (primary=KEY_3)
2026-06-26 16:37:15,778 [INFO] [96/121] 숭례문 (primary=KEY_4)
2026-06-26 16:37:16,956 [INFO] [97/121] 시의회 앞 (primary=KEY_1)
2026-06-26 16:37:18,106 [INFO] [98/121] 신논현역·논현역 (primary=KEY_2)
2026-06-26 16:37:19,253 [INFO] [99/121] 신도림역 (primary=KEY_3)
2026-06-26 16:37:20,238 [INFO] [100/121] 신림역 (primary=KEY_4)
2026-06-26 16:37:21,247 [INFO] [101/121] 신정네거리역 (primary=KEY_1)
2026-06-26 16:37:22,369 [INFO] [102/121] 신촌·이대역 (primary=KEY_2)
2026-06-26 16:37:23,497 [INFO] [103/121] 쌍문역 (primary=KEY_3)
2026-06-26 16:37:24,616 [INFO] [104/121] 양재역 (primary=KEY_4)
2026-06-26 16:37:25,748 [INFO] [105/121] 역삼역 (primary=KEY_1)
2026-06-26 16:37:27,015 [INFO] [106/121] 연신내역 (primary=KEY_2)
2026-06-26 16:37:28,028 [INFO] [107/121] 오목교역·목동운동장 (primary=KEY_3)
2026-06-26 16:37:29,442 [INFO] [108/121] 왕십리역 (primary=KEY_4)
2026-06-26 16:37:30,588 [INFO] [109/121] 용산역 (primary=KEY_1)
2026-06-26 16:37:31,849 [INFO] [110/121] 이태원역 (primary=KEY_2)
2026-06-26 16:37:32,840 [INFO] [111/121] 잠실새내역 (primary=KEY_3)
2026-06-26 16:37:34,022 [INFO] [112/121] 잠실역 (primary=KEY_4)
2026-06-26 16:37:35,285 [INFO] [113/121] 장지역 (primary=KEY_1)
2026-06-26 16:37:36,554 [INFO] [114/121] 장한평역 (primary=KEY_2)
2026-06-26 16:37:37,675 [INFO] [115/121] 천호역 (primary=KEY_3)
2026-06-26 16:37:38,804 [INFO] [116/121] 총신대입구(이수)역 (primary=KEY_4)
2026-06-26 16:37:39,929 [INFO] [117/121] 충정로역 (primary=KEY_1)
2026-06-26 16:37:41,085 [INFO] [118/121] 합정역 (primary=KEY_2)
2026-06-26 16:37:42,217 [INFO] [119/121] 혜화역 (primary=KEY_3)
2026-06-26 16:37:43,326 [INFO] [120/121] 홍대입구역(2호선) (primary=KEY_4)
2026-06-26 16:37:44,474 [INFO] [121/121] 회기역 (primary=KEY_1)
2026-06-26 16:37:47,658 [INFO] === 수집 완료 | 성공 121, 실패 0 ===
2026-06-26 16:37:47,658 [INFO] 카테고리별 저장 결과:
2026-06-26 16:37:47,658 [INFO]    accident                  | 신규     3행 | 누적     49행 | 16컬럼
2026-06-26 16:37:47,658 [INFO]    accident_acdnt_cntrl_stts | 신규     4행 | 누적     18행 | 16컬럼
2026-06-26 16:37:47,658 [INFO]    area_meta                 | 신규   121행 | 누적   1452행 | 5컬럼
2026-06-26 16:37:47,658 [INFO]    bike                      | 신규    12행 | 누적    144행 | 12컬럼
2026-06-26 16:37:47,658 [INFO]    bike_sbike_stts           | 신규   555행 | 누적   6660행 | 12컬럼
2026-06-26 16:37:47,658 [INFO]    bus                       | 신규     3행 | 누적     36행 | 11컬럼
2026-06-26 16:37:47,658 [INFO]    bus_bus_stn_stts          | 신규  1745행 | 누적  20940행 | 11컬럼
2026-06-26 16:37:47,658 [INFO]    charger                   | 신규    10행 | 누적    214행 | 15컬럼
2026-06-26 16:37:47,658 [INFO]    charger_charger_stts      | 신규  1276행 | 누적   9180행 | 15컬럼
2026-06-26 16:37:47,659 [INFO]    cmrcl                     | 신규    82행 | 누적    984행 | 21컬럼
2026-06-26 16:37:47,659 [INFO]    events                    | 신규    11행 | 누적    128행 | 14컬럼
2026-06-26 16:37:47,659 [INFO]    events_event_stts         | 신규   144행 | 누적   1744행 | 14컬럼
2026-06-26 16:37:47,659 [INFO]    news                      | 신규     4행 | 누적     13행 | 10컬럼
2026-06-26 16:37:47,659 [INFO]    parking                   | 신규     6행 | 누적     72행 | 21컬럼
2026-06-26 16:37:47,659 [INFO]    parking_prk_stts          | 신규  1833행 | 누적  21996행 | 21컬럼
2026-06-26 16:37:47,659 [INFO]    ppltn                     | 신규   121행 | 누적   1452행 | 26컬럼
2026-06-26 16:37:47,659 [INFO]    road                      | 신규   121행 | 누적   1452행 | 21컬럼
2026-06-26 16:37:47,659 [INFO]    road_road_traffic_stts    | 신규  5259행 | 누적  63108행 | 17컬럼
2026-06-26 16:37:47,659 [INFO]    subway                    | 신규    38행 | 누적    456행 | 13컬럼
2026-06-26 16:37:47,659 [INFO]    subway_sub_stts           | 신규   183행 | 누적   2196행 | 13컬럼
2026-06-26 16:37:47,659 [INFO]    weather                   | 신규   119행 | 누적   1428행 | 29컬럼
2026-06-26 16:37:47,659 [INFO] 키별 사용량:
2026-06-26 16:37:47,659 [INFO]    🟢 KEY_1 (31/1000) 
2026-06-26 16:37:47,659 [INFO]    🟢 KEY_2 (30/1000) 
2026-06-26 16:37:47,659 [INFO]    🟢 KEY_3 (30/1000) 
2026-06-26 16:37:47,659 [INFO]    🟢 KEY_4 (30/1000) 
