2026-05-28 00:21:02,998 [INFO] 등록된 키: 4개, 합산 한도 4,000건/일
2026-05-28 00:21:02,999 [INFO] POI 로드: 매뉴얼 v8.5 기준 fallback 121개 (121개 전체)
2026-05-28 00:21:02,999 [INFO] === 수집 시작 2026-05-28T00:21:02.999418+09:00 ===
2026-05-28 00:21:02,999 [INFO] 대상 장소: 121개 | API: citydata (통합)
2026-05-28 00:21:02,999 [INFO] 키 풀: 4/4 활성 | 오늘 사용 0/4000건
2026-05-28 00:21:02,999 [INFO]   [KEY_1] 담당 31장소
2026-05-28 00:21:02,999 [INFO]   [KEY_2] 담당 30장소
2026-05-28 00:21:02,999 [INFO]   [KEY_3] 담당 30장소
2026-05-28 00:21:02,999 [INFO]   [KEY_4] 담당 30장소
2026-05-28 00:21:02,999 [INFO] [1/121] 경복궁 (primary=KEY_1)
2026-05-28 00:21:04,980 [INFO] [2/121] 광화문·덕수궁 (primary=KEY_2)
2026-05-28 00:21:07,289 [INFO] [3/121] 보신각 (primary=KEY_3)
2026-05-28 00:21:09,465 [INFO] [4/121] 서울 암사동 유적 (primary=KEY_4)
2026-05-28 00:21:11,266 [INFO] [5/121] 창덕궁·종묘 (primary=KEY_1)
2026-05-28 00:21:13,236 [INFO] [6/121] 강남 MICE 관광특구 (primary=KEY_2)
2026-05-28 00:21:14,359 [INFO] [7/121] 동대문 관광특구 (primary=KEY_3)
2026-05-28 00:21:16,604 [INFO] [8/121] 명동 관광특구 (primary=KEY_4)
2026-05-28 00:21:19,736 [INFO] [9/121] 이태원 관광특구 (primary=KEY_1)
2026-05-28 00:21:21,011 [INFO] [10/121] 잠실 관광특구 (primary=KEY_2)
2026-05-28 00:21:23,230 [INFO] [11/121] 종로·청계 관광특구 (primary=KEY_3)
2026-05-28 00:21:24,979 [INFO] [12/121] 홍대 관광특구 (primary=KEY_4)
2026-05-28 00:21:26,476 [INFO] [13/121] 강서한강공원 (primary=KEY_1)
2026-05-28 00:21:27,554 [INFO] [14/121] 고척돔 (primary=KEY_2)
2026-05-28 00:21:28,653 [INFO] [15/121] 광나루한강공원 (primary=KEY_3)
2026-05-28 00:21:29,948 [INFO] [16/121] 광화문광장 (primary=KEY_4)
2026-05-28 00:21:31,265 [INFO] [17/121] 국립중앙박물관·용산가족공원 (primary=KEY_1)
2026-05-28 00:21:33,108 [INFO] [18/121] 난지한강공원 (primary=KEY_2)
2026-05-28 00:21:34,926 [INFO] [19/121] 남산공원 (primary=KEY_3)
2026-05-28 00:21:36,425 [INFO] [20/121] 노들섬 (primary=KEY_4)
2026-05-28 00:21:37,530 [INFO] [21/121] 뚝섬한강공원 (primary=KEY_1)
2026-05-28 00:21:38,637 [INFO] [22/121] 망원한강공원 (primary=KEY_2)
2026-05-28 00:21:39,981 [INFO] [23/121] 반포한강공원 (primary=KEY_3)
2026-05-28 00:21:41,060 [INFO] [24/121] 보라매공원 (primary=KEY_4)
2026-05-28 00:21:42,178 [INFO] [25/121] 북서울꿈의숲 (primary=KEY_1)
2026-05-28 00:21:43,277 [INFO] [26/121] 서대문독립공원 (primary=KEY_2)
2026-05-28 00:21:44,402 [INFO] [27/121] 서리풀공원·몽마르뜨공원 (primary=KEY_3)
2026-05-28 00:21:46,162 [INFO] [28/121] 서울대공원 (primary=KEY_4)
2026-05-28 00:21:47,264 [INFO] [29/121] 서울숲공원 (primary=KEY_1)
2026-05-28 00:21:48,538 [INFO] [30/121] 송현녹지광장 (primary=KEY_2)
2026-05-28 00:21:49,789 [INFO] [31/121] 아차산 (primary=KEY_3)
2026-05-28 00:21:50,905 [INFO] [32/121] 안양천 (primary=KEY_4)
2026-05-28 00:21:52,000 [INFO] [33/121] 양화한강공원 (primary=KEY_1)
2026-05-28 00:21:53,104 [INFO] [34/121] 어린이대공원 (primary=KEY_2)
2026-05-28 00:21:54,254 [INFO] [35/121] 여의도한강공원 (primary=KEY_3)
2026-05-28 00:21:55,521 [INFO] [36/121] 여의서로 (primary=KEY_4)
2026-05-28 00:21:56,601 [INFO] [37/121] 올림픽공원 (primary=KEY_1)
2026-05-28 00:21:57,923 [INFO] [38/121] 월드컵공원 (primary=KEY_2)
2026-05-28 00:21:59,391 [INFO] [39/121] 응봉산 (primary=KEY_3)
2026-05-28 00:22:01,385 [INFO] [40/121] 이촌한강공원 (primary=KEY_4)
2026-05-28 00:22:02,488 [INFO] [41/121] 잠실종합운동장 (primary=KEY_1)
2026-05-28 00:22:03,562 [INFO] [42/121] 잠실한강공원 (primary=KEY_2)
2026-05-28 00:22:04,670 [INFO] [43/121] 잠원한강공원 (primary=KEY_3)
2026-05-28 00:22:05,749 [INFO] [44/121] 청계산 (primary=KEY_4)
2026-05-28 00:22:06,827 [INFO] [45/121] 홍제폭포 (primary=KEY_1)
2026-05-28 00:22:07,933 [INFO] [46/121] 가락시장 (primary=KEY_2)
2026-05-28 00:22:09,229 [INFO] [47/121] 가로수길 (primary=KEY_3)
2026-05-28 00:22:10,531 [INFO] [48/121] 광장(전통)시장 (primary=KEY_4)
2026-05-28 00:22:11,656 [INFO] [49/121] 김포공항 (primary=KEY_1)
2026-05-28 00:22:12,970 [INFO] [50/121] 남대문시장 (primary=KEY_2)
2026-05-28 00:22:14,072 [INFO] [51/121] 노량진 (primary=KEY_3)
2026-05-28 00:22:15,208 [INFO] [52/121] 덕수궁길·정동길 (primary=KEY_4)
2026-05-28 00:22:16,518 [INFO] [53/121] 북창동 먹자골목 (primary=KEY_1)
2026-05-28 00:22:17,610 [INFO] [54/121] 북촌한옥마을 (primary=KEY_2)
2026-05-28 00:22:19,119 [INFO] [55/121] 서촌 (primary=KEY_3)
2026-05-28 00:22:20,422 [INFO] [56/121] 성수카페거리 (primary=KEY_4)
2026-05-28 00:22:21,879 [INFO] [57/121] 송리단길·호수단길 (primary=KEY_1)
2026-05-28 00:22:23,212 [INFO] [58/121] 신촌 스타광장 (primary=KEY_2)
2026-05-28 00:22:24,304 [INFO] [59/121] 압구정로데오거리 (primary=KEY_3)
2026-05-28 00:22:25,612 [INFO] [60/121] 여의도 (primary=KEY_4)
2026-05-28 00:22:27,771 [INFO] [61/121] 연남동 (primary=KEY_1)
2026-05-28 00:22:29,041 [INFO] [62/121] 영등포 타임스퀘어 (primary=KEY_2)
2026-05-28 00:22:30,339 [INFO] [63/121] 용리단길 (primary=KEY_3)
2026-05-28 00:22:31,456 [INFO] [64/121] 이태원 앤틱가구거리 (primary=KEY_4)
2026-05-28 00:22:32,751 [INFO] [65/121] 익선동 (primary=KEY_1)
2026-05-28 00:22:34,061 [INFO] [66/121] 인사동 (primary=KEY_2)
2026-05-28 00:22:35,559 [INFO] [67/121] 잠실롯데타워·석촌호수 (primary=KEY_3)
2026-05-28 00:22:37,255 [INFO] [68/121] 창동 신경제 중심지 (primary=KEY_4)
2026-05-28 00:22:38,893 [INFO] [69/121] 청담동 명품거리 (primary=KEY_1)
2026-05-28 00:22:40,211 [INFO] [70/121] 청량리 제기동 일대 전통시장 (primary=KEY_2)
2026-05-28 00:22:41,493 [INFO] [71/121] 해방촌·경리단길 (primary=KEY_3)
2026-05-28 00:22:42,651 [INFO] [72/121] DDP(동대문디자인플라자) (primary=KEY_4)
2026-05-28 00:22:43,987 [INFO] [73/121] DMC(디지털미디어시티) (primary=KEY_1)
2026-05-28 00:22:45,703 [INFO] [74/121] 가산디지털단지역 (primary=KEY_2)
2026-05-28 00:22:47,513 [INFO] [75/121] 강남역 (primary=KEY_3)
2026-05-28 00:22:49,043 [INFO] [76/121] 건대입구역 (primary=KEY_4)
2026-05-28 00:22:50,376 [INFO] [77/121] 고덕역 (primary=KEY_1)
2026-05-28 00:22:51,691 [INFO] [78/121] 고속터미널역 (primary=KEY_2)
2026-05-28 00:22:52,990 [INFO] [79/121] 교대역 (primary=KEY_3)
2026-05-28 00:22:54,267 [INFO] [80/121] 구로디지털단지역 (primary=KEY_4)
2026-05-28 00:22:55,794 [INFO] [81/121] 구로역 (primary=KEY_1)
2026-05-28 00:22:57,092 [INFO] [82/121] 군자역 (primary=KEY_2)
2026-05-28 00:22:58,416 [INFO] [83/121] 대림역 (primary=KEY_3)
2026-05-28 00:22:59,703 [INFO] [84/121] 동대문역 (primary=KEY_4)
2026-05-28 00:23:00,993 [INFO] [85/121] 뚝섬역 (primary=KEY_1)
2026-05-28 00:23:02,294 [INFO] [86/121] 미아사거리역 (primary=KEY_2)
2026-05-28 00:23:03,640 [INFO] [87/121] 발산역 (primary=KEY_3)
2026-05-28 00:23:05,350 [INFO] [88/121] 사당역 (primary=KEY_4)
2026-05-28 00:23:06,680 [INFO] [89/121] 삼각지역 (primary=KEY_1)
2026-05-28 00:23:07,783 [INFO] [90/121] 서울대입구역 (primary=KEY_2)
2026-05-28 00:23:09,062 [INFO] [91/121] 서울식물원·마곡나루역 (primary=KEY_3)
2026-05-28 00:23:10,565 [INFO] [92/121] 서울역 (primary=KEY_4)
2026-05-28 00:23:12,105 [INFO] [93/121] 선릉역 (primary=KEY_1)
2026-05-28 00:23:13,822 [INFO] [94/121] 성신여대입구역 (primary=KEY_2)
2026-05-28 00:23:14,979 [INFO] [95/121] 수유역 (primary=KEY_3)
2026-05-28 00:23:16,248 [INFO] [96/121] 숭례문 (primary=KEY_4)
2026-05-28 00:23:17,567 [INFO] [97/121] 시의회 앞 (primary=KEY_1)
2026-05-28 00:23:18,894 [INFO] [98/121] 신논현역·논현역 (primary=KEY_2)
2026-05-28 00:23:20,223 [INFO] [99/121] 신도림역 (primary=KEY_3)
2026-05-28 00:23:21,351 [INFO] [100/121] 신림역 (primary=KEY_4)
2026-05-28 00:23:22,622 [INFO] [101/121] 신정네거리역 (primary=KEY_1)
2026-05-28 00:23:23,889 [INFO] [102/121] 신촌·이대역 (primary=KEY_2)
2026-05-28 00:23:25,195 [INFO] [103/121] 쌍문역 (primary=KEY_3)
2026-05-28 00:23:26,492 [INFO] [104/121] 양재역 (primary=KEY_4)
2026-05-28 00:23:27,810 [INFO] [105/121] 역삼역 (primary=KEY_1)
2026-05-28 00:23:29,258 [INFO] [106/121] 연신내역 (primary=KEY_2)
2026-05-28 00:23:30,385 [INFO] [107/121] 오목교역·목동운동장 (primary=KEY_3)
2026-05-28 00:23:32,207 [INFO] [108/121] 왕십리역 (primary=KEY_4)
2026-05-28 00:23:33,698 [INFO] [109/121] 용산역 (primary=KEY_1)
2026-05-28 00:23:35,140 [INFO] [110/121] 이태원역 (primary=KEY_2)
2026-05-28 00:23:36,257 [INFO] [111/121] 잠실새내역 (primary=KEY_3)
2026-05-28 00:23:37,532 [INFO] [112/121] 잠실역 (primary=KEY_4)
2026-05-28 00:23:39,047 [INFO] [113/121] 장지역 (primary=KEY_1)
2026-05-28 00:23:40,516 [INFO] [114/121] 장한평역 (primary=KEY_2)
2026-05-28 00:23:41,795 [INFO] [115/121] 천호역 (primary=KEY_3)
2026-05-28 00:23:43,121 [INFO] [116/121] 총신대입구(이수)역 (primary=KEY_4)
2026-05-28 00:23:44,411 [INFO] [117/121] 충정로역 (primary=KEY_1)
2026-05-28 00:23:45,697 [INFO] [118/121] 합정역 (primary=KEY_2)
2026-05-28 00:23:46,974 [INFO] [119/121] 혜화역 (primary=KEY_3)
2026-05-28 00:23:48,256 [INFO] [120/121] 홍대입구역(2호선) (primary=KEY_4)
2026-05-28 00:23:49,546 [INFO] [121/121] 회기역 (primary=KEY_1)
2026-05-28 00:23:51,229 [INFO] === 수집 완료 | 성공 121, 실패 0 ===
2026-05-28 00:23:51,229 [INFO] 카테고리별 저장 결과:
2026-05-28 00:23:51,229 [INFO]    accident                  | 신규     1행 | 누적      1행 | 16컬럼
2026-05-28 00:23:51,229 [INFO]    area_meta                 | 신규   121행 | 누적    121행 | 5컬럼
2026-05-28 00:23:51,229 [INFO]    bike                      | 신규    11행 | 누적     11행 | 12컬럼
2026-05-28 00:23:51,229 [INFO]    bike_sbike_stts           | 신규   557행 | 누적    557행 | 12컬럼
2026-05-28 00:23:51,229 [INFO]    bus                       | 신규     3행 | 누적      3행 | 11컬럼
2026-05-28 00:23:51,229 [INFO]    bus_bus_stn_stts          | 신규  1745행 | 누적   1745행 | 11컬럼
2026-05-28 00:23:51,229 [INFO]    charger                   | 신규    13행 | 누적     13행 | 15컬럼
2026-05-28 00:23:51,229 [INFO]    charger_charger_stts      | 신규  1483행 | 누적   1483행 | 15컬럼
2026-05-28 00:23:51,229 [INFO]    cmrcl                     | 신규    82행 | 누적     82행 | 20컬럼
2026-05-28 00:23:51,229 [INFO]    events                    | 신규    12행 | 누적     12행 | 14컬럼
2026-05-28 00:23:51,230 [INFO]    events_event_stts         | 신규   175행 | 누적    175행 | 14컬럼
2026-05-28 00:23:51,230 [INFO]    parking                   | 신규     6행 | 누적      6행 | 21컬럼
2026-05-28 00:23:51,230 [INFO]    parking_prk_stts          | 신규  1835행 | 누적   1835행 | 21컬럼
2026-05-28 00:23:51,230 [INFO]    ppltn                     | 신규   121행 | 누적    121행 | 26컬럼
2026-05-28 00:23:51,230 [INFO]    road                      | 신규   121행 | 누적    121행 | 21컬럼
2026-05-28 00:23:51,230 [INFO]    road_road_traffic_stts    | 신규  5253행 | 누적   5253행 | 17컬럼
2026-05-28 00:23:51,230 [INFO]    subway                    | 신규    38행 | 누적     38행 | 12컬럼
2026-05-28 00:23:51,230 [INFO]    subway_sub_stts           | 신규   183행 | 누적    183행 | 13컬럼
2026-05-28 00:23:51,230 [INFO]    weather                   | 신규   119행 | 누적    119행 | 29컬럼
2026-05-28 00:23:51,230 [INFO] 키별 사용량:
2026-05-28 00:23:51,230 [INFO]    🟢 KEY_1 (31/1000) 
2026-05-28 00:23:51,230 [INFO]    🟢 KEY_2 (30/1000) 
2026-05-28 00:23:51,230 [INFO]    🟢 KEY_3 (30/1000) 
2026-05-28 00:23:51,230 [INFO]    🟢 KEY_4 (30/1000) 
2026-05-28 02:17:04,541 [INFO] 등록된 키: 4개, 합산 한도 4,000건/일
2026-05-28 02:17:04,541 [INFO] POI 로드: 매뉴얼 v8.5 기준 fallback 121개 (121개 전체)
2026-05-28 02:17:04,542 [INFO] === 수집 시작 2026-05-28T02:17:04.541998+09:00 ===
2026-05-28 02:17:04,542 [INFO] 대상 장소: 121개 | API: citydata (통합)
2026-05-28 02:17:04,542 [INFO] 키 풀: 4/4 활성 | 오늘 사용 0/4000건
2026-05-28 02:17:04,542 [INFO]   [KEY_1] 담당 31장소
2026-05-28 02:17:04,542 [INFO]   [KEY_2] 담당 30장소
2026-05-28 02:17:04,542 [INFO]   [KEY_3] 담당 30장소
2026-05-28 02:17:04,542 [INFO]   [KEY_4] 담당 30장소
2026-05-28 02:17:04,542 [INFO] [1/121] 경복궁 (primary=KEY_1)
2026-05-28 02:17:05,970 [INFO] [2/121] 광화문·덕수궁 (primary=KEY_2)
2026-05-28 02:17:08,402 [INFO] [3/121] 보신각 (primary=KEY_3)
2026-05-28 02:17:10,550 [INFO] [4/121] 서울 암사동 유적 (primary=KEY_4)
2026-05-28 02:17:12,672 [INFO] [5/121] 창덕궁·종묘 (primary=KEY_1)
2026-05-28 02:17:14,732 [INFO] [6/121] 강남 MICE 관광특구 (primary=KEY_2)
2026-05-28 02:17:17,096 [INFO] [7/121] 동대문 관광특구 (primary=KEY_3)
2026-05-28 02:17:19,297 [INFO] [8/121] 명동 관광특구 (primary=KEY_4)
2026-05-28 02:17:21,140 [INFO] [9/121] 이태원 관광특구 (primary=KEY_1)
2026-05-28 02:17:22,566 [INFO] [10/121] 잠실 관광특구 (primary=KEY_2)
2026-05-28 02:17:24,972 [INFO] [11/121] 종로·청계 관광특구 (primary=KEY_3)
2026-05-28 02:17:26,564 [INFO] [12/121] 홍대 관광특구 (primary=KEY_4)
2026-05-28 02:17:28,754 [INFO] [13/121] 강서한강공원 (primary=KEY_1)
2026-05-28 02:17:30,091 [INFO] [14/121] 고척돔 (primary=KEY_2)
2026-05-28 02:17:31,430 [INFO] [15/121] 광나루한강공원 (primary=KEY_3)
2026-05-28 02:17:33,447 [INFO] [16/121] 광화문광장 (primary=KEY_4)
2026-05-28 02:17:34,803 [INFO] [17/121] 국립중앙박물관·용산가족공원 (primary=KEY_1)
2026-05-28 02:17:36,574 [INFO] [18/121] 난지한강공원 (primary=KEY_2)
2026-05-28 02:17:37,721 [INFO] [19/121] 남산공원 (primary=KEY_3)
2026-05-28 02:17:39,912 [INFO] [20/121] 노들섬 (primary=KEY_4)
2026-05-28 02:17:41,049 [INFO] [21/121] 뚝섬한강공원 (primary=KEY_1)
2026-05-28 02:17:42,220 [INFO] [22/121] 망원한강공원 (primary=KEY_2)
2026-05-28 02:17:43,590 [INFO] [23/121] 반포한강공원 (primary=KEY_3)
2026-05-28 02:17:44,763 [INFO] [24/121] 보라매공원 (primary=KEY_4)
2026-05-28 02:17:45,941 [INFO] [25/121] 북서울꿈의숲 (primary=KEY_1)
2026-05-28 02:17:47,924 [INFO] [26/121] 서대문독립공원 (primary=KEY_2)
2026-05-28 02:17:49,072 [INFO] [27/121] 서리풀공원·몽마르뜨공원 (primary=KEY_3)
2026-05-28 02:17:50,263 [INFO] [28/121] 서울대공원 (primary=KEY_4)
2026-05-28 02:17:52,188 [INFO] [29/121] 서울숲공원 (primary=KEY_1)
2026-05-28 02:17:54,545 [INFO] [30/121] 송현녹지광장 (primary=KEY_2)
2026-05-28 02:17:55,910 [INFO] [31/121] 아차산 (primary=KEY_3)
2026-05-28 02:17:57,071 [INFO] [32/121] 안양천 (primary=KEY_4)
2026-05-28 02:17:58,221 [INFO] [33/121] 양화한강공원 (primary=KEY_1)
2026-05-28 02:18:00,136 [INFO] [34/121] 어린이대공원 (primary=KEY_2)
2026-05-28 02:18:01,297 [INFO] [35/121] 여의도한강공원 (primary=KEY_3)
2026-05-28 02:18:02,645 [INFO] [36/121] 여의서로 (primary=KEY_4)
2026-05-28 02:18:04,569 [INFO] [37/121] 올림픽공원 (primary=KEY_1)
2026-05-28 02:18:05,939 [INFO] [38/121] 월드컵공원 (primary=KEY_2)
2026-05-28 02:18:07,516 [INFO] [39/121] 응봉산 (primary=KEY_3)
2026-05-28 02:18:09,652 [INFO] [40/121] 이촌한강공원 (primary=KEY_4)
2026-05-28 02:18:10,994 [INFO] [41/121] 잠실종합운동장 (primary=KEY_1)
2026-05-28 02:18:12,334 [INFO] [42/121] 잠실한강공원 (primary=KEY_2)
2026-05-28 02:18:14,260 [INFO] [43/121] 잠원한강공원 (primary=KEY_3)
2026-05-28 02:18:16,009 [INFO] [44/121] 청계산 (primary=KEY_4)
2026-05-28 02:18:17,168 [INFO] [45/121] 홍제폭포 (primary=KEY_1)
2026-05-28 02:18:18,323 [INFO] [46/121] 가락시장 (primary=KEY_2)
2026-05-28 02:18:19,721 [INFO] [47/121] 가로수길 (primary=KEY_3)
2026-05-28 02:18:21,138 [INFO] [48/121] 광장(전통)시장 (primary=KEY_4)
2026-05-28 02:18:22,317 [INFO] [49/121] 김포공항 (primary=KEY_1)
2026-05-28 02:18:23,693 [INFO] [50/121] 남대문시장 (primary=KEY_2)
2026-05-28 02:18:24,876 [INFO] [51/121] 노량진 (primary=KEY_3)
2026-05-28 02:18:26,073 [INFO] [52/121] 덕수궁길·정동길 (primary=KEY_4)
2026-05-28 02:18:27,457 [INFO] [53/121] 북창동 먹자골목 (primary=KEY_1)
2026-05-28 02:18:28,626 [INFO] [54/121] 북촌한옥마을 (primary=KEY_2)
2026-05-28 02:18:30,002 [INFO] [55/121] 서촌 (primary=KEY_3)
2026-05-28 02:18:31,551 [INFO] [56/121] 성수카페거리 (primary=KEY_4)
2026-05-28 02:18:32,926 [INFO] [57/121] 송리단길·호수단길 (primary=KEY_1)
2026-05-28 02:18:34,321 [INFO] [58/121] 신촌 스타광장 (primary=KEY_2)
2026-05-28 02:18:35,501 [INFO] [59/121] 압구정로데오거리 (primary=KEY_3)
2026-05-28 02:18:36,887 [INFO] [60/121] 여의도 (primary=KEY_4)
2026-05-28 02:18:39,607 [INFO] [61/121] 연남동 (primary=KEY_1)
2026-05-28 02:18:40,939 [INFO] [62/121] 영등포 타임스퀘어 (primary=KEY_2)
2026-05-28 02:18:42,297 [INFO] [63/121] 용리단길 (primary=KEY_3)
2026-05-28 02:18:43,493 [INFO] [64/121] 이태원 앤틱가구거리 (primary=KEY_4)
2026-05-28 02:18:44,665 [INFO] [65/121] 익선동 (primary=KEY_1)
2026-05-28 02:18:46,055 [INFO] [66/121] 인사동 (primary=KEY_2)
2026-05-28 02:18:47,446 [INFO] [67/121] 잠실롯데타워·석촌호수 (primary=KEY_3)
2026-05-28 02:18:48,838 [INFO] [68/121] 창동 신경제 중심지 (primary=KEY_4)
2026-05-28 02:18:50,430 [INFO] [69/121] 청담동 명품거리 (primary=KEY_1)
2026-05-28 02:18:51,795 [INFO] [70/121] 청량리 제기동 일대 전통시장 (primary=KEY_2)
2026-05-28 02:18:54,367 [INFO] [71/121] 해방촌·경리단길 (primary=KEY_3)
2026-05-28 02:18:55,508 [INFO] [72/121] DDP(동대문디자인플라자) (primary=KEY_4)
2026-05-28 02:18:56,930 [INFO] [73/121] DMC(디지털미디어시티) (primary=KEY_1)
2026-05-28 02:18:58,512 [INFO] [74/121] 가산디지털단지역 (primary=KEY_2)
2026-05-28 02:19:00,077 [INFO] [75/121] 강남역 (primary=KEY_3)
2026-05-28 02:19:01,650 [INFO] [76/121] 건대입구역 (primary=KEY_4)
2026-05-28 02:19:03,010 [INFO] [77/121] 고덕역 (primary=KEY_1)
2026-05-28 02:19:04,189 [INFO] [78/121] 고속터미널역 (primary=KEY_2)
2026-05-28 02:19:05,342 [INFO] [79/121] 교대역 (primary=KEY_3)
2026-05-28 02:19:06,519 [INFO] [80/121] 구로디지털단지역 (primary=KEY_4)
2026-05-28 02:19:07,875 [INFO] [81/121] 구로역 (primary=KEY_1)
2026-05-28 02:19:09,031 [INFO] [82/121] 군자역 (primary=KEY_2)
2026-05-28 02:19:10,206 [INFO] [83/121] 대림역 (primary=KEY_3)
2026-05-28 02:19:11,416 [INFO] [84/121] 동대문역 (primary=KEY_4)
2026-05-28 02:19:12,595 [INFO] [85/121] 뚝섬역 (primary=KEY_1)
2026-05-28 02:19:13,960 [INFO] [86/121] 미아사거리역 (primary=KEY_2)
2026-05-28 02:19:15,319 [INFO] [87/121] 발산역 (primary=KEY_3)
2026-05-28 02:19:16,876 [INFO] [88/121] 사당역 (primary=KEY_4)
2026-05-28 02:19:18,252 [INFO] [89/121] 삼각지역 (primary=KEY_1)
2026-05-28 02:19:19,440 [INFO] [90/121] 서울대입구역 (primary=KEY_2)
2026-05-28 02:19:20,594 [INFO] [91/121] 서울식물원·마곡나루역 (primary=KEY_3)
2026-05-28 02:19:21,992 [INFO] [92/121] 서울역 (primary=KEY_4)
2026-05-28 02:19:23,405 [INFO] [93/121] 선릉역 (primary=KEY_1)
2026-05-28 02:19:25,698 [INFO] [94/121] 성신여대입구역 (primary=KEY_2)
2026-05-28 02:19:26,884 [INFO] [95/121] 수유역 (primary=KEY_3)
2026-05-28 02:19:28,258 [INFO] [96/121] 숭례문 (primary=KEY_4)
2026-05-28 02:19:29,642 [INFO] [97/121] 시의회 앞 (primary=KEY_1)
2026-05-28 02:19:31,057 [INFO] [98/121] 신논현역·논현역 (primary=KEY_2)
2026-05-28 02:19:32,469 [INFO] [99/121] 신도림역 (primary=KEY_3)
2026-05-28 02:19:33,669 [INFO] [100/121] 신림역 (primary=KEY_4)
2026-05-28 02:19:34,849 [INFO] [101/121] 신정네거리역 (primary=KEY_1)
2026-05-28 02:19:36,032 [INFO] [102/121] 신촌·이대역 (primary=KEY_2)
2026-05-28 02:19:37,403 [INFO] [103/121] 쌍문역 (primary=KEY_3)
2026-05-28 02:19:38,619 [INFO] [104/121] 양재역 (primary=KEY_4)
2026-05-28 02:19:39,795 [INFO] [105/121] 역삼역 (primary=KEY_1)
2026-05-28 02:19:41,165 [INFO] [106/121] 연신내역 (primary=KEY_2)
2026-05-28 02:19:42,351 [INFO] [107/121] 오목교역·목동운동장 (primary=KEY_3)
2026-05-28 02:19:43,917 [INFO] [108/121] 왕십리역 (primary=KEY_4)
2026-05-28 02:19:45,306 [INFO] [109/121] 용산역 (primary=KEY_1)
2026-05-28 02:19:46,690 [INFO] [110/121] 이태원역 (primary=KEY_2)
2026-05-28 02:19:47,878 [INFO] [111/121] 잠실새내역 (primary=KEY_3)
2026-05-28 02:19:49,248 [INFO] [112/121] 잠실역 (primary=KEY_4)
2026-05-28 02:19:50,610 [INFO] [113/121] 장지역 (primary=KEY_1)
2026-05-28 02:19:51,970 [INFO] [114/121] 장한평역 (primary=KEY_2)
2026-05-28 02:19:53,325 [INFO] [115/121] 천호역 (primary=KEY_3)
2026-05-28 02:19:54,696 [INFO] [116/121] 총신대입구(이수)역 (primary=KEY_4)
2026-05-28 02:19:56,120 [INFO] [117/121] 충정로역 (primary=KEY_1)
2026-05-28 02:19:57,317 [INFO] [118/121] 합정역 (primary=KEY_2)
2026-05-28 02:19:58,675 [INFO] [119/121] 혜화역 (primary=KEY_3)
2026-05-28 02:19:59,870 [INFO] [120/121] 홍대입구역(2호선) (primary=KEY_4)
2026-05-28 02:20:01,043 [INFO] [121/121] 회기역 (primary=KEY_1)
2026-05-28 02:20:03,025 [INFO] === 수집 완료 | 성공 121, 실패 0 ===
2026-05-28 02:20:03,025 [INFO] 카테고리별 저장 결과:
2026-05-28 02:20:03,025 [INFO]    accident                  | 신규     1행 | 누적      2행 | 16컬럼
2026-05-28 02:20:03,026 [INFO]    area_meta                 | 신규   121행 | 누적    242행 | 5컬럼
2026-05-28 02:20:03,026 [INFO]    bike                      | 신규    11행 | 누적     22행 | 12컬럼
2026-05-28 02:20:03,026 [INFO]    bike_sbike_stts           | 신규   557행 | 누적   1114행 | 12컬럼
2026-05-28 02:20:03,026 [INFO]    bus                       | 신규     3행 | 누적      6행 | 11컬럼
2026-05-28 02:20:03,026 [INFO]    bus_bus_stn_stts          | 신규  1745행 | 누적   3490행 | 11컬럼
2026-05-28 02:20:03,026 [INFO]    charger                   | 신규    25행 | 누적     38행 | 15컬럼
2026-05-28 02:20:03,026 [INFO]    charger_charger_stts      | 신규   322행 | 누적   1793행 | 15컬럼
2026-05-28 02:20:03,026 [INFO]    cmrcl                     | 신규    82행 | 누적    164행 | 20컬럼
2026-05-28 02:20:03,026 [INFO]    events                    | 신규    12행 | 누적     24행 | 14컬럼
2026-05-28 02:20:03,026 [INFO]    events_event_stts         | 신규   175행 | 누적    350행 | 14컬럼
2026-05-28 02:20:03,026 [INFO]    parking                   | 신규     6행 | 누적     12행 | 21컬럼
2026-05-28 02:20:03,026 [INFO]    parking_prk_stts          | 신규  1835행 | 누적   3670행 | 21컬럼
2026-05-28 02:20:03,026 [INFO]    ppltn                     | 신규   121행 | 누적    242행 | 26컬럼
2026-05-28 02:20:03,026 [INFO]    road                      | 신규   121행 | 누적    242행 | 21컬럼
2026-05-28 02:20:03,026 [INFO]    road_road_traffic_stts    | 신규  5253행 | 누적  10506행 | 17컬럼
2026-05-28 02:20:03,026 [INFO]    subway                    | 신규    38행 | 누적     76행 | 12컬럼
2026-05-28 02:20:03,026 [INFO]    subway_sub_stts           | 신규   183행 | 누적    366행 | 13컬럼
2026-05-28 02:20:03,026 [INFO]    weather                   | 신규   119행 | 누적    238행 | 29컬럼
2026-05-28 02:20:03,026 [INFO] 키별 사용량:
2026-05-28 02:20:03,026 [INFO]    🟢 KEY_1 (31/1000) 
2026-05-28 02:20:03,026 [INFO]    🟢 KEY_2 (30/1000) 
2026-05-28 02:20:03,026 [INFO]    🟢 KEY_3 (30/1000) 
2026-05-28 02:20:03,026 [INFO]    🟢 KEY_4 (30/1000) 
2026-05-28 04:01:52,611 [INFO] 등록된 키: 4개, 합산 한도 4,000건/일
2026-05-28 04:01:52,611 [INFO] POI 로드: 매뉴얼 v8.5 기준 fallback 121개 (121개 전체)
2026-05-28 04:01:52,611 [INFO] === 수집 시작 2026-05-28T04:01:52.611808+09:00 ===
2026-05-28 04:01:52,611 [INFO] 대상 장소: 121개 | API: citydata (통합)
2026-05-28 04:01:52,611 [INFO] 키 풀: 4/4 활성 | 오늘 사용 0/4000건
2026-05-28 04:01:52,612 [INFO]   [KEY_1] 담당 31장소
2026-05-28 04:01:52,612 [INFO]   [KEY_2] 담당 30장소
2026-05-28 04:01:52,612 [INFO]   [KEY_3] 담당 30장소
2026-05-28 04:01:52,612 [INFO]   [KEY_4] 담당 30장소
2026-05-28 04:01:52,612 [INFO] [1/121] 경복궁 (primary=KEY_1)
2026-05-28 04:01:54,605 [INFO] [2/121] 광화문·덕수궁 (primary=KEY_2)
2026-05-28 04:01:57,005 [INFO] [3/121] 보신각 (primary=KEY_3)
2026-05-28 04:01:59,550 [INFO] [4/121] 서울 암사동 유적 (primary=KEY_4)
2026-05-28 04:02:01,497 [INFO] [5/121] 창덕궁·종묘 (primary=KEY_1)
2026-05-28 04:02:03,619 [INFO] [6/121] 강남 MICE 관광특구 (primary=KEY_2)
2026-05-28 04:02:06,293 [INFO] [7/121] 동대문 관광특구 (primary=KEY_3)
2026-05-28 04:02:08,672 [INFO] [8/121] 명동 관광특구 (primary=KEY_4)
2026-05-28 04:02:11,199 [INFO] [9/121] 이태원 관광특구 (primary=KEY_1)
2026-05-28 04:02:13,388 [INFO] [10/121] 잠실 관광특구 (primary=KEY_2)
2026-05-28 04:02:15,223 [INFO] [11/121] 종로·청계 관광특구 (primary=KEY_3)
2026-05-28 04:02:17,524 [INFO] [12/121] 홍대 관광특구 (primary=KEY_4)
2026-05-28 04:02:19,724 [INFO] [13/121] 강서한강공원 (primary=KEY_1)
2026-05-28 04:02:21,464 [INFO] [14/121] 고척돔 (primary=KEY_2)
2026-05-28 04:02:23,418 [INFO] [15/121] 광나루한강공원 (primary=KEY_3)
2026-05-28 04:02:25,357 [INFO] [16/121] 광화문광장 (primary=KEY_4)
2026-05-28 04:02:26,753 [INFO] [17/121] 국립중앙박물관·용산가족공원 (primary=KEY_1)
2026-05-28 04:02:28,707 [INFO] [18/121] 난지한강공원 (primary=KEY_2)
2026-05-28 04:02:31,037 [INFO] [19/121] 남산공원 (primary=KEY_3)
2026-05-28 04:02:32,626 [INFO] [20/121] 노들섬 (primary=KEY_4)
2026-05-28 04:02:34,563 [INFO] [21/121] 뚝섬한강공원 (primary=KEY_1)
2026-05-28 04:02:35,737 [INFO] [22/121] 망원한강공원 (primary=KEY_2)
2026-05-28 04:02:37,098 [INFO] [23/121] 반포한강공원 (primary=KEY_3)
2026-05-28 04:02:38,277 [INFO] [24/121] 보라매공원 (primary=KEY_4)
2026-05-28 04:02:39,452 [INFO] [25/121] 북서울꿈의숲 (primary=KEY_1)
2026-05-28 04:02:40,808 [INFO] [26/121] 서대문독립공원 (primary=KEY_2)
2026-05-28 04:02:41,975 [INFO] [27/121] 서리풀공원·몽마르뜨공원 (primary=KEY_3)
2026-05-28 04:02:43,171 [INFO] [28/121] 서울대공원 (primary=KEY_4)
2026-05-28 04:02:45,119 [INFO] [29/121] 서울숲공원 (primary=KEY_1)
2026-05-28 04:02:46,488 [INFO] [30/121] 송현녹지광장 (primary=KEY_2)
2026-05-28 04:02:47,858 [INFO] [31/121] 아차산 (primary=KEY_3)
2026-05-28 04:02:49,014 [INFO] [32/121] 안양천 (primary=KEY_4)
2026-05-28 04:02:50,790 [INFO] [33/121] 양화한강공원 (primary=KEY_1)
2026-05-28 04:02:51,942 [INFO] [34/121] 어린이대공원 (primary=KEY_2)
2026-05-28 04:02:53,316 [INFO] [35/121] 여의도한강공원 (primary=KEY_3)
2026-05-28 04:02:54,658 [INFO] [36/121] 여의서로 (primary=KEY_4)
2026-05-28 04:02:55,988 [INFO] [37/121] 올림픽공원 (primary=KEY_1)
2026-05-28 04:02:57,372 [INFO] [38/121] 월드컵공원 (primary=KEY_2)
2026-05-28 04:02:59,558 [INFO] [39/121] 응봉산 (primary=KEY_3)
2026-05-28 04:03:00,896 [INFO] [40/121] 이촌한강공원 (primary=KEY_4)
2026-05-28 04:03:02,055 [INFO] [41/121] 잠실종합운동장 (primary=KEY_1)
2026-05-28 04:03:03,984 [INFO] [42/121] 잠실한강공원 (primary=KEY_2)
2026-05-28 04:03:06,133 [INFO] [43/121] 잠원한강공원 (primary=KEY_3)
2026-05-28 04:03:07,277 [INFO] [44/121] 청계산 (primary=KEY_4)
2026-05-28 04:03:09,210 [INFO] [45/121] 홍제폭포 (primary=KEY_1)
2026-05-28 04:03:10,361 [INFO] [46/121] 가락시장 (primary=KEY_2)
2026-05-28 04:03:11,730 [INFO] [47/121] 가로수길 (primary=KEY_3)
2026-05-28 04:03:13,123 [INFO] [48/121] 광장(전통)시장 (primary=KEY_4)
2026-05-28 04:03:14,884 [INFO] [49/121] 김포공항 (primary=KEY_1)
2026-05-28 04:03:16,273 [INFO] [50/121] 남대문시장 (primary=KEY_2)
2026-05-28 04:03:17,636 [INFO] [51/121] 노량진 (primary=KEY_3)
2026-05-28 04:03:19,807 [INFO] [52/121] 덕수궁길·정동길 (primary=KEY_4)
2026-05-28 04:03:21,200 [INFO] [53/121] 북창동 먹자골목 (primary=KEY_1)
2026-05-28 04:03:22,555 [INFO] [54/121] 북촌한옥마을 (primary=KEY_2)
2026-05-28 04:03:24,116 [INFO] [55/121] 서촌 (primary=KEY_3)
2026-05-28 04:03:26,292 [INFO] [56/121] 성수카페거리 (primary=KEY_4)
2026-05-28 04:03:27,866 [INFO] [57/121] 송리단길·호수단길 (primary=KEY_1)
2026-05-28 04:03:29,239 [INFO] [58/121] 신촌 스타광장 (primary=KEY_2)
2026-05-28 04:03:30,399 [INFO] [59/121] 압구정로데오거리 (primary=KEY_3)
2026-05-28 04:03:31,777 [INFO] [60/121] 여의도 (primary=KEY_4)
2026-05-28 04:03:34,048 [INFO] [61/121] 연남동 (primary=KEY_1)
2026-05-28 04:03:35,416 [INFO] [62/121] 영등포 타임스퀘어 (primary=KEY_2)
2026-05-28 04:03:37,383 [INFO] [63/121] 용리단길 (primary=KEY_3)
2026-05-28 04:03:38,631 [INFO] [64/121] 이태원 앤틱가구거리 (primary=KEY_4)
2026-05-28 04:03:39,813 [INFO] [65/121] 익선동 (primary=KEY_1)
2026-05-28 04:03:41,782 [INFO] [66/121] 인사동 (primary=KEY_2)
2026-05-28 04:03:43,166 [INFO] [67/121] 잠실롯데타워·석촌호수 (primary=KEY_3)
2026-05-28 04:03:44,963 [INFO] [68/121] 창동 신경제 중심지 (primary=KEY_4)
2026-05-28 04:03:46,760 [INFO] [69/121] 청담동 명품거리 (primary=KEY_1)
2026-05-28 04:03:48,174 [INFO] [70/121] 청량리 제기동 일대 전통시장 (primary=KEY_2)
2026-05-28 04:03:49,543 [INFO] [71/121] 해방촌·경리단길 (primary=KEY_3)
2026-05-28 04:03:50,703 [INFO] [72/121] DDP(동대문디자인플라자) (primary=KEY_4)
2026-05-28 04:03:52,079 [INFO] [73/121] DMC(디지털미디어시티) (primary=KEY_1)
2026-05-28 04:03:53,890 [INFO] [74/121] 가산디지털단지역 (primary=KEY_2)
2026-05-28 04:03:55,881 [INFO] [75/121] 강남역 (primary=KEY_3)
2026-05-28 04:03:57,494 [INFO] [76/121] 건대입구역 (primary=KEY_4)
2026-05-28 04:03:59,071 [INFO] [77/121] 고덕역 (primary=KEY_1)
2026-05-28 04:04:00,447 [INFO] [78/121] 고속터미널역 (primary=KEY_2)
2026-05-28 04:04:01,834 [INFO] [79/121] 교대역 (primary=KEY_3)
2026-05-28 04:04:03,027 [INFO] [80/121] 구로디지털단지역 (primary=KEY_4)
2026-05-28 04:04:04,780 [INFO] [81/121] 구로역 (primary=KEY_1)
2026-05-28 04:04:06,126 [INFO] [82/121] 군자역 (primary=KEY_2)
2026-05-28 04:04:07,317 [INFO] [83/121] 대림역 (primary=KEY_3)
2026-05-28 04:04:08,692 [INFO] [84/121] 동대문역 (primary=KEY_4)
2026-05-28 04:04:10,053 [INFO] [85/121] 뚝섬역 (primary=KEY_1)
2026-05-28 04:04:11,414 [INFO] [86/121] 미아사거리역 (primary=KEY_2)
2026-05-28 04:04:12,781 [INFO] [87/121] 발산역 (primary=KEY_3)
2026-05-28 04:04:14,375 [INFO] [88/121] 사당역 (primary=KEY_4)
2026-05-28 04:04:15,757 [INFO] [89/121] 삼각지역 (primary=KEY_1)
2026-05-28 04:04:16,938 [INFO] [90/121] 서울대입구역 (primary=KEY_2)
2026-05-28 04:04:18,314 [INFO] [91/121] 서울식물원·마곡나루역 (primary=KEY_3)
2026-05-28 04:04:19,899 [INFO] [92/121] 서울역 (primary=KEY_4)
2026-05-28 04:04:21,348 [INFO] [93/121] 선릉역 (primary=KEY_1)
2026-05-28 04:04:23,154 [INFO] [94/121] 성신여대입구역 (primary=KEY_2)
2026-05-28 04:04:24,341 [INFO] [95/121] 수유역 (primary=KEY_3)
2026-05-28 04:04:25,723 [INFO] [96/121] 숭례문 (primary=KEY_4)
2026-05-28 04:04:27,144 [INFO] [97/121] 시의회 앞 (primary=KEY_1)
2026-05-28 04:04:28,527 [INFO] [98/121] 신논현역·논현역 (primary=KEY_2)
2026-05-28 04:04:29,923 [INFO] [99/121] 신도림역 (primary=KEY_3)
2026-05-28 04:04:31,105 [INFO] [100/121] 신림역 (primary=KEY_4)
2026-05-28 04:04:32,280 [INFO] [101/121] 신정네거리역 (primary=KEY_1)
2026-05-28 04:04:33,649 [INFO] [102/121] 신촌·이대역 (primary=KEY_2)
2026-05-28 04:04:35,040 [INFO] [103/121] 쌍문역 (primary=KEY_3)
2026-05-28 04:04:36,417 [INFO] [104/121] 양재역 (primary=KEY_4)
2026-05-28 04:04:37,820 [INFO] [105/121] 역삼역 (primary=KEY_1)
2026-05-28 04:04:39,394 [INFO] [106/121] 연신내역 (primary=KEY_2)
2026-05-28 04:04:40,601 [INFO] [107/121] 오목교역·목동운동장 (primary=KEY_3)
2026-05-28 04:04:42,591 [INFO] [108/121] 왕십리역 (primary=KEY_4)
2026-05-28 04:04:43,985 [INFO] [109/121] 용산역 (primary=KEY_1)
2026-05-28 04:04:45,558 [INFO] [110/121] 이태원역 (primary=KEY_2)
2026-05-28 04:04:46,820 [INFO] [111/121] 잠실새내역 (primary=KEY_3)
2026-05-28 04:04:48,194 [INFO] [112/121] 잠실역 (primary=KEY_4)
2026-05-28 04:04:49,774 [INFO] [113/121] 장지역 (primary=KEY_1)
2026-05-28 04:04:51,352 [INFO] [114/121] 장한평역 (primary=KEY_2)
2026-05-28 04:04:52,730 [INFO] [115/121] 천호역 (primary=KEY_3)
2026-05-28 04:04:54,133 [INFO] [116/121] 총신대입구(이수)역 (primary=KEY_4)
2026-05-28 04:04:55,516 [INFO] [117/121] 충정로역 (primary=KEY_1)
2026-05-28 04:04:56,895 [INFO] [118/121] 합정역 (primary=KEY_2)
2026-05-28 04:04:58,281 [INFO] [119/121] 혜화역 (primary=KEY_3)
2026-05-28 04:04:59,648 [INFO] [120/121] 홍대입구역(2호선) (primary=KEY_4)
2026-05-28 04:05:01,033 [INFO] [121/121] 회기역 (primary=KEY_1)
2026-05-28 04:05:03,185 [INFO] === 수집 완료 | 성공 121, 실패 0 ===
2026-05-28 04:05:03,185 [INFO] 카테고리별 저장 결과:
2026-05-28 04:05:03,185 [INFO]    accident                  | 신규     1행 | 누적      3행 | 16컬럼
2026-05-28 04:05:03,185 [INFO]    area_meta                 | 신규   121행 | 누적    363행 | 5컬럼
2026-05-28 04:05:03,185 [INFO]    bike                      | 신규    11행 | 누적     33행 | 12컬럼
2026-05-28 04:05:03,185 [INFO]    bike_sbike_stts           | 신규   557행 | 누적   1671행 | 12컬럼
2026-05-28 04:05:03,185 [INFO]    bus                       | 신규     3행 | 누적      9행 | 11컬럼
2026-05-28 04:05:03,185 [INFO]    bus_bus_stn_stts          | 신규  1745행 | 누적   5235행 | 11컬럼
2026-05-28 04:05:03,185 [INFO]    charger                   | 신규     4행 | 누적     42행 | 15컬럼
2026-05-28 04:05:03,185 [INFO]    charger_charger_stts      | 신규  1870행 | 누적   3648행 | 15컬럼
2026-05-28 04:05:03,185 [INFO]    cmrcl                     | 신규    82행 | 누적    246행 | 20컬럼
2026-05-28 04:05:03,185 [INFO]    events                    | 신규    12행 | 누적     36행 | 14컬럼
2026-05-28 04:05:03,185 [INFO]    events_event_stts         | 신규   175행 | 누적    525행 | 14컬럼
2026-05-28 04:05:03,185 [INFO]    parking                   | 신규     6행 | 누적     18행 | 21컬럼
2026-05-28 04:05:03,185 [INFO]    parking_prk_stts          | 신규  1835행 | 누적   5505행 | 21컬럼
2026-05-28 04:05:03,185 [INFO]    ppltn                     | 신규   121행 | 누적    363행 | 26컬럼
2026-05-28 04:05:03,185 [INFO]    road                      | 신규   121행 | 누적    363행 | 21컬럼
2026-05-28 04:05:03,185 [INFO]    road_road_traffic_stts    | 신규  5253행 | 누적  15759행 | 17컬럼
2026-05-28 04:05:03,185 [INFO]    subway                    | 신규    38행 | 누적    114행 | 12컬럼
2026-05-28 04:05:03,186 [INFO]    subway_sub_stts           | 신규   183행 | 누적    549행 | 13컬럼
2026-05-28 04:05:03,186 [INFO]    weather                   | 신규   119행 | 누적    357행 | 29컬럼
2026-05-28 04:05:03,186 [INFO] 키별 사용량:
2026-05-28 04:05:03,186 [INFO]    🟢 KEY_1 (31/1000) 
2026-05-28 04:05:03,186 [INFO]    🟢 KEY_2 (30/1000) 
2026-05-28 04:05:03,186 [INFO]    🟢 KEY_3 (30/1000) 
2026-05-28 04:05:03,186 [INFO]    🟢 KEY_4 (30/1000) 
2026-05-28 04:53:48,980 [INFO] 등록된 키: 4개, 합산 한도 4,000건/일
2026-05-28 04:53:48,980 [INFO] POI 로드: 매뉴얼 v8.5 기준 fallback 121개 (121개 전체)
2026-05-28 04:53:48,980 [INFO] === 수집 시작 2026-05-28T04:53:48.980955+09:00 ===
2026-05-28 04:53:48,981 [INFO] 대상 장소: 121개 | API: citydata (통합)
2026-05-28 04:53:48,981 [INFO] 키 풀: 4/4 활성 | 오늘 사용 0/4000건
2026-05-28 04:53:48,981 [INFO]   [KEY_1] 담당 31장소
2026-05-28 04:53:48,981 [INFO]   [KEY_2] 담당 30장소
2026-05-28 04:53:48,981 [INFO]   [KEY_3] 담당 30장소
2026-05-28 04:53:48,981 [INFO]   [KEY_4] 담당 30장소
2026-05-28 04:53:48,981 [INFO] [1/121] 경복궁 (primary=KEY_1)
2026-05-28 04:53:50,767 [INFO] [2/121] 광화문·덕수궁 (primary=KEY_2)
2026-05-28 04:53:52,731 [INFO] [3/121] 보신각 (primary=KEY_3)
2026-05-28 04:53:53,997 [INFO] [4/121] 서울 암사동 유적 (primary=KEY_4)
2026-05-28 04:53:56,046 [INFO] [5/121] 창덕궁·종묘 (primary=KEY_1)
2026-05-28 04:53:57,143 [INFO] [6/121] 강남 MICE 관광특구 (primary=KEY_2)
2026-05-28 04:53:58,945 [INFO] [7/121] 동대문 관광특구 (primary=KEY_3)
2026-05-28 04:54:00,817 [INFO] [8/121] 명동 관광특구 (primary=KEY_4)
2026-05-28 04:54:02,303 [INFO] [9/121] 이태원 관광특구 (primary=KEY_1)
2026-05-28 04:54:03,436 [INFO] [10/121] 잠실 관광특구 (primary=KEY_2)
2026-05-28 04:54:05,139 [INFO] [11/121] 종로·청계 관광특구 (primary=KEY_3)
2026-05-28 04:54:06,448 [INFO] [12/121] 홍대 관광특구 (primary=KEY_4)
2026-05-28 04:54:07,746 [INFO] [13/121] 강서한강공원 (primary=KEY_1)
2026-05-28 04:54:08,718 [INFO] [14/121] 고척돔 (primary=KEY_2)
2026-05-28 04:54:09,692 [INFO] [15/121] 광나루한강공원 (primary=KEY_3)
2026-05-28 04:54:11,468 [INFO] [16/121] 광화문광장 (primary=KEY_4)
2026-05-28 04:54:12,588 [INFO] [17/121] 국립중앙박물관·용산가족공원 (primary=KEY_1)
2026-05-28 04:54:13,568 [INFO] [18/121] 난지한강공원 (primary=KEY_2)
2026-05-28 04:54:15,601 [INFO] [19/121] 남산공원 (primary=KEY_3)
2026-05-28 04:54:17,423 [INFO] [20/121] 노들섬 (primary=KEY_4)
2026-05-28 04:54:18,389 [INFO] [21/121] 뚝섬한강공원 (primary=KEY_1)
2026-05-28 04:54:19,366 [INFO] [22/121] 망원한강공원 (primary=KEY_2)
2026-05-28 04:54:20,486 [INFO] [23/121] 반포한강공원 (primary=KEY_3)
2026-05-28 04:54:21,482 [INFO] [24/121] 보라매공원 (primary=KEY_4)
2026-05-28 04:54:22,467 [INFO] [25/121] 북서울꿈의숲 (primary=KEY_1)
2026-05-28 04:54:23,578 [INFO] [26/121] 서대문독립공원 (primary=KEY_2)
2026-05-28 04:54:25,344 [INFO] [27/121] 서리풀공원·몽마르뜨공원 (primary=KEY_3)
2026-05-28 04:54:26,358 [INFO] [28/121] 서울대공원 (primary=KEY_4)
2026-05-28 04:54:27,320 [INFO] [29/121] 서울숲공원 (primary=KEY_1)
2026-05-28 04:54:28,981 [INFO] [30/121] 송현녹지광장 (primary=KEY_2)
2026-05-28 04:54:30,100 [INFO] [31/121] 아차산 (primary=KEY_3)
2026-05-28 04:54:31,072 [INFO] [32/121] 안양천 (primary=KEY_4)
2026-05-28 04:54:32,039 [INFO] [33/121] 양화한강공원 (primary=KEY_1)
2026-05-28 04:54:32,998 [INFO] [34/121] 어린이대공원 (primary=KEY_2)
2026-05-28 04:54:34,139 [INFO] [35/121] 여의도한강공원 (primary=KEY_3)
2026-05-28 04:54:35,253 [INFO] [36/121] 여의서로 (primary=KEY_4)
2026-05-28 04:54:36,365 [INFO] [37/121] 올림픽공원 (primary=KEY_1)
2026-05-28 04:54:37,659 [INFO] [38/121] 월드컵공원 (primary=KEY_2)
2026-05-28 04:54:38,943 [INFO] [39/121] 응봉산 (primary=KEY_3)
2026-05-28 04:54:40,053 [INFO] [40/121] 이촌한강공원 (primary=KEY_4)
2026-05-28 04:54:41,027 [INFO] [41/121] 잠실종합운동장 (primary=KEY_1)
2026-05-28 04:54:42,016 [INFO] [42/121] 잠실한강공원 (primary=KEY_2)
2026-05-28 04:54:43,004 [INFO] [43/121] 잠원한강공원 (primary=KEY_3)
2026-05-28 04:54:43,972 [INFO] [44/121] 청계산 (primary=KEY_4)
2026-05-28 04:54:44,931 [INFO] [45/121] 홍제폭포 (primary=KEY_1)
2026-05-28 04:54:45,901 [INFO] [46/121] 가락시장 (primary=KEY_2)
2026-05-28 04:54:47,040 [INFO] [47/121] 가로수길 (primary=KEY_3)
2026-05-28 04:54:48,215 [INFO] [48/121] 광장(전통)시장 (primary=KEY_4)
2026-05-28 04:54:49,747 [INFO] [49/121] 김포공항 (primary=KEY_1)
2026-05-28 04:54:50,902 [INFO] [50/121] 남대문시장 (primary=KEY_2)
2026-05-28 04:54:52,025 [INFO] [51/121] 노량진 (primary=KEY_3)
2026-05-28 04:54:53,151 [INFO] [52/121] 덕수궁길·정동길 (primary=KEY_4)
2026-05-28 04:54:54,314 [INFO] [53/121] 북창동 먹자골목 (primary=KEY_1)
2026-05-28 04:54:55,429 [INFO] [54/121] 북촌한옥마을 (primary=KEY_2)
2026-05-28 04:54:56,708 [INFO] [55/121] 서촌 (primary=KEY_3)
2026-05-28 04:54:57,822 [INFO] [56/121] 성수카페거리 (primary=KEY_4)
2026-05-28 04:54:59,085 [INFO] [57/121] 송리단길·호수단길 (primary=KEY_1)
2026-05-28 04:55:00,222 [INFO] [58/121] 신촌 스타광장 (primary=KEY_2)
2026-05-28 04:55:01,204 [INFO] [59/121] 압구정로데오거리 (primary=KEY_3)
2026-05-28 04:55:02,322 [INFO] [60/121] 여의도 (primary=KEY_4)
2026-05-28 04:55:04,098 [INFO] [61/121] 연남동 (primary=KEY_1)
2026-05-28 04:55:05,203 [INFO] [62/121] 영등포 타임스퀘어 (primary=KEY_2)
2026-05-28 04:55:06,309 [INFO] [63/121] 용리단길 (primary=KEY_3)
2026-05-28 04:55:07,296 [INFO] [64/121] 이태원 앤틱가구거리 (primary=KEY_4)
2026-05-28 04:55:08,282 [INFO] [65/121] 익선동 (primary=KEY_1)
2026-05-28 04:55:09,406 [INFO] [66/121] 인사동 (primary=KEY_2)
2026-05-28 04:55:10,669 [INFO] [67/121] 잠실롯데타워·석촌호수 (primary=KEY_3)
2026-05-28 04:55:12,072 [INFO] [68/121] 창동 신경제 중심지 (primary=KEY_4)
2026-05-28 04:55:13,479 [INFO] [69/121] 청담동 명품거리 (primary=KEY_1)
2026-05-28 04:55:14,630 [INFO] [70/121] 청량리 제기동 일대 전통시장 (primary=KEY_2)
2026-05-28 04:55:15,752 [INFO] [71/121] 해방촌·경리단길 (primary=KEY_3)
2026-05-28 04:55:16,730 [INFO] [72/121] DDP(동대문디자인플라자) (primary=KEY_4)
2026-05-28 04:55:17,854 [INFO] [73/121] DMC(디지털미디어시티) (primary=KEY_1)
2026-05-28 04:55:19,293 [INFO] [74/121] 가산디지털단지역 (primary=KEY_2)
2026-05-28 04:55:20,865 [INFO] [75/121] 강남역 (primary=KEY_3)
2026-05-28 04:55:22,144 [INFO] [76/121] 건대입구역 (primary=KEY_4)
2026-05-28 04:55:23,303 [INFO] [77/121] 고덕역 (primary=KEY_1)
2026-05-28 04:55:24,449 [INFO] [78/121] 고속터미널역 (primary=KEY_2)
2026-05-28 04:55:25,583 [INFO] [79/121] 교대역 (primary=KEY_3)
2026-05-28 04:55:26,582 [INFO] [80/121] 구로디지털단지역 (primary=KEY_4)
2026-05-28 04:55:27,988 [INFO] [81/121] 구로역 (primary=KEY_1)
2026-05-28 04:55:29,092 [INFO] [82/121] 군자역 (primary=KEY_2)
2026-05-28 04:55:30,227 [INFO] [83/121] 대림역 (primary=KEY_3)
2026-05-28 04:55:31,362 [INFO] [84/121] 동대문역 (primary=KEY_4)
2026-05-28 04:55:32,493 [INFO] [85/121] 뚝섬역 (primary=KEY_1)
2026-05-28 04:55:33,619 [INFO] [86/121] 미아사거리역 (primary=KEY_2)
2026-05-28 04:55:34,746 [INFO] [87/121] 발산역 (primary=KEY_3)
2026-05-28 04:55:36,142 [INFO] [88/121] 사당역 (primary=KEY_4)
2026-05-28 04:55:37,266 [INFO] [89/121] 삼각지역 (primary=KEY_1)
2026-05-28 04:55:38,254 [INFO] [90/121] 서울대입구역 (primary=KEY_2)
2026-05-28 04:55:39,378 [INFO] [91/121] 서울식물원·마곡나루역 (primary=KEY_3)
2026-05-28 04:55:40,641 [INFO] [92/121] 서울역 (primary=KEY_4)
2026-05-28 04:55:41,801 [INFO] [93/121] 선릉역 (primary=KEY_1)
2026-05-28 04:55:43,233 [INFO] [94/121] 성신여대입구역 (primary=KEY_2)
2026-05-28 04:55:44,243 [INFO] [95/121] 수유역 (primary=KEY_3)
2026-05-28 04:55:45,371 [INFO] [96/121] 숭례문 (primary=KEY_4)
2026-05-28 04:55:46,509 [INFO] [97/121] 시의회 앞 (primary=KEY_1)
2026-05-28 04:55:47,653 [INFO] [98/121] 신논현역·논현역 (primary=KEY_2)
2026-05-28 04:55:48,813 [INFO] [99/121] 신도림역 (primary=KEY_3)
2026-05-28 04:55:49,801 [INFO] [100/121] 신림역 (primary=KEY_4)
2026-05-28 04:55:50,799 [INFO] [101/121] 신정네거리역 (primary=KEY_1)
2026-05-28 04:55:51,912 [INFO] [102/121] 신촌·이대역 (primary=KEY_2)
2026-05-28 04:55:53,032 [INFO] [103/121] 쌍문역 (primary=KEY_3)
2026-05-28 04:55:54,159 [INFO] [104/121] 양재역 (primary=KEY_4)
2026-05-28 04:55:55,296 [INFO] [105/121] 역삼역 (primary=KEY_1)
2026-05-28 04:55:56,570 [INFO] [106/121] 연신내역 (primary=KEY_2)
2026-05-28 04:55:57,585 [INFO] [107/121] 오목교역·목동운동장 (primary=KEY_3)
2026-05-28 04:55:59,134 [INFO] [108/121] 왕십리역 (primary=KEY_4)
2026-05-28 04:56:00,285 [INFO] [109/121] 용산역 (primary=KEY_1)
2026-05-28 04:56:01,552 [INFO] [110/121] 이태원역 (primary=KEY_2)
2026-05-28 04:56:02,600 [INFO] [111/121] 잠실새내역 (primary=KEY_3)
2026-05-28 04:56:03,713 [INFO] [112/121] 잠실역 (primary=KEY_4)
2026-05-28 04:56:04,970 [INFO] [113/121] 장지역 (primary=KEY_1)
2026-05-28 04:56:06,248 [INFO] [114/121] 장한평역 (primary=KEY_2)
2026-05-28 04:56:07,377 [INFO] [115/121] 천호역 (primary=KEY_3)
2026-05-28 04:56:08,498 [INFO] [116/121] 총신대입구(이수)역 (primary=KEY_4)
2026-05-28 04:56:09,651 [INFO] [117/121] 충정로역 (primary=KEY_1)
2026-05-28 04:56:10,806 [INFO] [118/121] 합정역 (primary=KEY_2)
2026-05-28 04:56:11,948 [INFO] [119/121] 혜화역 (primary=KEY_3)
2026-05-28 04:56:13,054 [INFO] [120/121] 홍대입구역(2호선) (primary=KEY_4)
2026-05-28 04:56:14,181 [INFO] [121/121] 회기역 (primary=KEY_1)
2026-05-28 04:56:16,309 [INFO] === 수집 완료 | 성공 121, 실패 0 ===
2026-05-28 04:56:16,309 [INFO] 카테고리별 저장 결과:
2026-05-28 04:56:16,309 [INFO]    accident                  | 신규     1행 | 누적      4행 | 16컬럼
2026-05-28 04:56:16,309 [INFO]    area_meta                 | 신규   121행 | 누적    484행 | 5컬럼
2026-05-28 04:56:16,309 [INFO]    bike                      | 신규    11행 | 누적     44행 | 12컬럼
2026-05-28 04:56:16,309 [INFO]    bike_sbike_stts           | 신규   557행 | 누적   2228행 | 12컬럼
2026-05-28 04:56:16,310 [INFO]    bus                       | 신규     3행 | 누적     12행 | 11컬럼
2026-05-28 04:56:16,310 [INFO]    bus_bus_stn_stts          | 신규  1745행 | 누적   6980행 | 11컬럼
2026-05-28 04:56:16,310 [INFO]    charger                   | 신규     4행 | 누적     46행 | 15컬럼
2026-05-28 04:56:16,310 [INFO]    charger_charger_stts      | 신규  1870행 | 누적   5503행 | 15컬럼
2026-05-28 04:56:16,310 [INFO]    cmrcl                     | 신규    82행 | 누적    328행 | 20컬럼
2026-05-28 04:56:16,310 [INFO]    events                    | 신규    12행 | 누적     48행 | 14컬럼
2026-05-28 04:56:16,310 [INFO]    events_event_stts         | 신규   175행 | 누적    700행 | 14컬럼
2026-05-28 04:56:16,310 [INFO]    parking                   | 신규     6행 | 누적     24행 | 21컬럼
2026-05-28 04:56:16,310 [INFO]    parking_prk_stts          | 신규  1835행 | 누적   7340행 | 21컬럼
2026-05-28 04:56:16,310 [INFO]    ppltn                     | 신규   121행 | 누적    484행 | 26컬럼
2026-05-28 04:56:16,310 [INFO]    road                      | 신규   121행 | 누적    484행 | 21컬럼
2026-05-28 04:56:16,310 [INFO]    road_road_traffic_stts    | 신규  5253행 | 누적  21012행 | 17컬럼
2026-05-28 04:56:16,310 [INFO]    subway                    | 신규    38행 | 누적    152행 | 13컬럼
2026-05-28 04:56:16,310 [INFO]    subway_sub_stts           | 신규   183행 | 누적    732행 | 13컬럼
2026-05-28 04:56:16,310 [INFO]    weather                   | 신규   119행 | 누적    476행 | 29컬럼
2026-05-28 04:56:16,310 [INFO] 키별 사용량:
2026-05-28 04:56:16,310 [INFO]    🟢 KEY_1 (31/1000) 
2026-05-28 04:56:16,310 [INFO]    🟢 KEY_2 (30/1000) 
2026-05-28 04:56:16,310 [INFO]    🟢 KEY_3 (30/1000) 
2026-05-28 04:56:16,311 [INFO]    🟢 KEY_4 (30/1000) 
2026-05-28 05:52:50,686 [INFO] 등록된 키: 4개, 합산 한도 4,000건/일
2026-05-28 05:52:50,687 [INFO] POI 로드: 매뉴얼 v8.5 기준 fallback 121개 (121개 전체)
2026-05-28 05:52:50,687 [INFO] === 수집 시작 2026-05-28T05:52:50.687142+09:00 ===
2026-05-28 05:52:50,687 [INFO] 대상 장소: 121개 | API: citydata (통합)
2026-05-28 05:52:50,687 [INFO] 키 풀: 4/4 활성 | 오늘 사용 0/4000건
2026-05-28 05:52:50,687 [INFO]   [KEY_1] 담당 31장소
2026-05-28 05:52:50,687 [INFO]   [KEY_2] 담당 30장소
2026-05-28 05:52:50,687 [INFO]   [KEY_3] 담당 30장소
2026-05-28 05:52:50,687 [INFO]   [KEY_4] 담당 30장소
2026-05-28 05:52:50,687 [INFO] [1/121] 경복궁 (primary=KEY_1)
2026-05-28 05:52:53,139 [INFO] [2/121] 광화문·덕수궁 (primary=KEY_2)
2026-05-28 05:52:54,584 [INFO] [3/121] 보신각 (primary=KEY_3)
2026-05-28 05:52:56,321 [INFO] [4/121] 서울 암사동 유적 (primary=KEY_4)
2026-05-28 05:52:57,772 [INFO] [5/121] 창덕궁·종묘 (primary=KEY_1)
2026-05-28 05:52:58,972 [INFO] [6/121] 강남 MICE 관광특구 (primary=KEY_2)
2026-05-28 05:53:00,601 [INFO] [7/121] 동대문 관광특구 (primary=KEY_3)
2026-05-28 05:53:02,533 [INFO] [8/121] 명동 관광특구 (primary=KEY_4)
2026-05-28 05:53:04,721 [INFO] [9/121] 이태원 관광특구 (primary=KEY_1)
2026-05-28 05:53:05,826 [INFO] [10/121] 잠실 관광특구 (primary=KEY_2)
2026-05-28 05:53:07,760 [INFO] [11/121] 종로·청계 관광특구 (primary=KEY_3)
2026-05-28 05:53:09,042 [INFO] [12/121] 홍대 관광특구 (primary=KEY_4)
2026-05-28 05:53:10,319 [INFO] [13/121] 강서한강공원 (primary=KEY_1)
2026-05-28 05:53:11,778 [INFO] [14/121] 고척돔 (primary=KEY_2)
2026-05-28 05:53:13,493 [INFO] [15/121] 광나루한강공원 (primary=KEY_3)
2026-05-28 05:53:14,577 [INFO] [16/121] 광화문광장 (primary=KEY_4)
2026-05-28 05:53:15,711 [INFO] [17/121] 국립중앙박물관·용산가족공원 (primary=KEY_1)
2026-05-28 05:53:16,688 [INFO] [18/121] 난지한강공원 (primary=KEY_2)
2026-05-28 05:53:18,265 [INFO] [19/121] 남산공원 (primary=KEY_3)
2026-05-28 05:53:20,155 [INFO] [20/121] 노들섬 (primary=KEY_4)
2026-05-28 05:53:21,119 [INFO] [21/121] 뚝섬한강공원 (primary=KEY_1)
2026-05-28 05:53:22,076 [INFO] [22/121] 망원한강공원 (primary=KEY_2)
2026-05-28 05:53:23,168 [INFO] [23/121] 반포한강공원 (primary=KEY_3)
2026-05-28 05:53:24,150 [INFO] [24/121] 보라매공원 (primary=KEY_4)
2026-05-28 05:53:25,771 [INFO] [25/121] 북서울꿈의숲 (primary=KEY_1)
2026-05-28 05:53:26,854 [INFO] [26/121] 서대문독립공원 (primary=KEY_2)
2026-05-28 05:53:27,819 [INFO] [27/121] 서리풀공원·몽마르뜨공원 (primary=KEY_3)
2026-05-28 05:53:29,698 [INFO] [28/121] 서울대공원 (primary=KEY_4)
2026-05-28 05:53:31,396 [INFO] [29/121] 서울숲공원 (primary=KEY_1)
2026-05-28 05:53:32,509 [INFO] [30/121] 송현녹지광장 (primary=KEY_2)
2026-05-28 05:53:33,594 [INFO] [31/121] 아차산 (primary=KEY_3)
2026-05-28 05:53:34,557 [INFO] [32/121] 안양천 (primary=KEY_4)
2026-05-28 05:53:36,155 [INFO] [33/121] 양화한강공원 (primary=KEY_1)
2026-05-28 05:53:37,106 [INFO] [34/121] 어린이대공원 (primary=KEY_2)
2026-05-28 05:53:38,213 [INFO] [35/121] 여의도한강공원 (primary=KEY_3)
2026-05-28 05:53:39,312 [INFO] [36/121] 여의서로 (primary=KEY_4)
2026-05-28 05:53:40,382 [INFO] [37/121] 올림픽공원 (primary=KEY_1)
2026-05-28 05:53:41,616 [INFO] [38/121] 월드컵공원 (primary=KEY_2)
2026-05-28 05:53:42,886 [INFO] [39/121] 응봉산 (primary=KEY_3)
2026-05-28 05:53:43,975 [INFO] [40/121] 이촌한강공원 (primary=KEY_4)
2026-05-28 05:53:45,437 [INFO] [41/121] 잠실종합운동장 (primary=KEY_1)
2026-05-28 05:53:46,387 [INFO] [42/121] 잠실한강공원 (primary=KEY_2)
2026-05-28 05:53:47,359 [INFO] [43/121] 잠원한강공원 (primary=KEY_3)
2026-05-28 05:53:48,317 [INFO] [44/121] 청계산 (primary=KEY_4)
2026-05-28 05:53:49,262 [INFO] [45/121] 홍제폭포 (primary=KEY_1)
2026-05-28 05:53:50,213 [INFO] [46/121] 가락시장 (primary=KEY_2)
2026-05-28 05:53:51,339 [INFO] [47/121] 가로수길 (primary=KEY_3)
2026-05-28 05:53:52,459 [INFO] [48/121] 광장(전통)시장 (primary=KEY_4)
2026-05-28 05:53:53,423 [INFO] [49/121] 김포공항 (primary=KEY_1)
2026-05-28 05:53:54,652 [INFO] [50/121] 남대문시장 (primary=KEY_2)
2026-05-28 05:53:55,739 [INFO] [51/121] 노량진 (primary=KEY_3)
2026-05-28 05:53:56,845 [INFO] [52/121] 덕수궁길·정동길 (primary=KEY_4)
2026-05-28 05:53:57,974 [INFO] [53/121] 북창동 먹자골목 (primary=KEY_1)
2026-05-28 05:53:59,017 [INFO] [54/121] 북촌한옥마을 (primary=KEY_2)
2026-05-28 05:54:00,243 [INFO] [55/121] 서촌 (primary=KEY_3)
2026-05-28 05:54:01,327 [INFO] [56/121] 성수카페거리 (primary=KEY_4)
2026-05-28 05:54:02,574 [INFO] [57/121] 송리단길·호수단길 (primary=KEY_1)
2026-05-28 05:54:03,680 [INFO] [58/121] 신촌 스타광장 (primary=KEY_2)
2026-05-28 05:54:04,659 [INFO] [59/121] 압구정로데오거리 (primary=KEY_3)
2026-05-28 05:54:05,759 [INFO] [60/121] 여의도 (primary=KEY_4)
2026-05-28 05:54:07,458 [INFO] [61/121] 연남동 (primary=KEY_1)
2026-05-28 05:54:08,554 [INFO] [62/121] 영등포 타임스퀘어 (primary=KEY_2)
2026-05-28 05:54:09,652 [INFO] [63/121] 용리단길 (primary=KEY_3)
2026-05-28 05:54:11,391 [INFO] [64/121] 이태원 앤틱가구거리 (primary=KEY_4)
2026-05-28 05:54:12,364 [INFO] [65/121] 익선동 (primary=KEY_1)
2026-05-28 05:54:13,518 [INFO] [66/121] 인사동 (primary=KEY_2)
2026-05-28 05:54:14,753 [INFO] [67/121] 잠실롯데타워·석촌호수 (primary=KEY_3)
2026-05-28 05:54:16,128 [INFO] [68/121] 창동 신경제 중심지 (primary=KEY_4)
2026-05-28 05:54:17,533 [INFO] [69/121] 청담동 명품거리 (primary=KEY_1)
2026-05-28 05:54:18,683 [INFO] [70/121] 청량리 제기동 일대 전통시장 (primary=KEY_2)
2026-05-28 05:54:19,782 [INFO] [71/121] 해방촌·경리단길 (primary=KEY_3)
2026-05-28 05:54:20,743 [INFO] [72/121] DDP(동대문디자인플라자) (primary=KEY_4)
2026-05-28 05:54:21,883 [INFO] [73/121] DMC(디지털미디어시티) (primary=KEY_1)
2026-05-28 05:54:23,306 [INFO] [74/121] 가산디지털단지역 (primary=KEY_2)
2026-05-28 05:54:24,813 [INFO] [75/121] 강남역 (primary=KEY_3)
2026-05-28 05:54:26,093 [INFO] [76/121] 건대입구역 (primary=KEY_4)
2026-05-28 05:54:27,209 [INFO] [77/121] 고덕역 (primary=KEY_1)
2026-05-28 05:54:28,307 [INFO] [78/121] 고속터미널역 (primary=KEY_2)
2026-05-28 05:54:29,447 [INFO] [79/121] 교대역 (primary=KEY_3)
2026-05-28 05:54:30,552 [INFO] [80/121] 구로디지털단지역 (primary=KEY_4)
2026-05-28 05:54:31,805 [INFO] [81/121] 구로역 (primary=KEY_1)
2026-05-28 05:54:32,896 [INFO] [82/121] 군자역 (primary=KEY_2)
2026-05-28 05:54:34,004 [INFO] [83/121] 대림역 (primary=KEY_3)
2026-05-28 05:54:35,125 [INFO] [84/121] 동대문역 (primary=KEY_4)
2026-05-28 05:54:36,239 [INFO] [85/121] 뚝섬역 (primary=KEY_1)
2026-05-28 05:54:37,359 [INFO] [86/121] 미아사거리역 (primary=KEY_2)
2026-05-28 05:54:38,452 [INFO] [87/121] 발산역 (primary=KEY_3)
2026-05-28 05:54:39,819 [INFO] [88/121] 사당역 (primary=KEY_4)
2026-05-28 05:54:40,938 [INFO] [89/121] 삼각지역 (primary=KEY_1)
2026-05-28 05:54:41,913 [INFO] [90/121] 서울대입구역 (primary=KEY_2)
2026-05-28 05:54:43,004 [INFO] [91/121] 서울식물원·마곡나루역 (primary=KEY_3)
2026-05-28 05:54:44,245 [INFO] [92/121] 서울역 (primary=KEY_4)
2026-05-28 05:54:45,542 [INFO] [93/121] 선릉역 (primary=KEY_1)
2026-05-28 05:54:46,944 [INFO] [94/121] 성신여대입구역 (primary=KEY_2)
2026-05-28 05:54:47,944 [INFO] [95/121] 수유역 (primary=KEY_3)
2026-05-28 05:54:49,053 [INFO] [96/121] 숭례문 (primary=KEY_4)
2026-05-28 05:54:50,157 [INFO] [97/121] 시의회 앞 (primary=KEY_1)
2026-05-28 05:54:51,275 [INFO] [98/121] 신논현역·논현역 (primary=KEY_2)
2026-05-28 05:54:52,414 [INFO] [99/121] 신도림역 (primary=KEY_3)
2026-05-28 05:54:53,391 [INFO] [100/121] 신림역 (primary=KEY_4)
2026-05-28 05:54:54,386 [INFO] [101/121] 신정네거리역 (primary=KEY_1)
2026-05-28 05:54:55,474 [INFO] [102/121] 신촌·이대역 (primary=KEY_2)
2026-05-28 05:54:56,572 [INFO] [103/121] 쌍문역 (primary=KEY_3)
2026-05-28 05:54:57,678 [INFO] [104/121] 양재역 (primary=KEY_4)
2026-05-28 05:54:58,789 [INFO] [105/121] 역삼역 (primary=KEY_1)
2026-05-28 05:55:00,039 [INFO] [106/121] 연신내역 (primary=KEY_2)
2026-05-28 05:55:01,027 [INFO] [107/121] 오목교역·목동운동장 (primary=KEY_3)
2026-05-28 05:55:02,519 [INFO] [108/121] 왕십리역 (primary=KEY_4)
2026-05-28 05:55:03,744 [INFO] [109/121] 용산역 (primary=KEY_1)
2026-05-28 05:55:04,964 [INFO] [110/121] 이태원역 (primary=KEY_2)
2026-05-28 05:55:06,010 [INFO] [111/121] 잠실새내역 (primary=KEY_3)
2026-05-28 05:55:07,091 [INFO] [112/121] 잠실역 (primary=KEY_4)
2026-05-28 05:55:08,306 [INFO] [113/121] 장지역 (primary=KEY_1)
2026-05-28 05:55:09,528 [INFO] [114/121] 장한평역 (primary=KEY_2)
2026-05-28 05:55:10,606 [INFO] [115/121] 천호역 (primary=KEY_3)
2026-05-28 05:55:11,704 [INFO] [116/121] 총신대입구(이수)역 (primary=KEY_4)
2026-05-28 05:55:12,806 [INFO] [117/121] 충정로역 (primary=KEY_1)
2026-05-28 05:55:13,918 [INFO] [118/121] 합정역 (primary=KEY_2)
2026-05-28 05:55:15,018 [INFO] [119/121] 혜화역 (primary=KEY_3)
2026-05-28 05:55:16,120 [INFO] [120/121] 홍대입구역(2호선) (primary=KEY_4)
2026-05-28 05:55:17,230 [INFO] [121/121] 회기역 (primary=KEY_1)
2026-05-28 05:55:19,573 [INFO] === 수집 완료 | 성공 121, 실패 0 ===
2026-05-28 05:55:19,573 [INFO] 카테고리별 저장 결과:
2026-05-28 05:55:19,573 [INFO]    accident                  | 신규     1행 | 누적      5행 | 16컬럼
2026-05-28 05:55:19,573 [INFO]    area_meta                 | 신규   121행 | 누적    605행 | 5컬럼
2026-05-28 05:55:19,574 [INFO]    bike                      | 신규    11행 | 누적     55행 | 12컬럼
2026-05-28 05:55:19,574 [INFO]    bike_sbike_stts           | 신규   557행 | 누적   2785행 | 12컬럼
2026-05-28 05:55:19,574 [INFO]    bus                       | 신규     3행 | 누적     15행 | 11컬럼
2026-05-28 05:55:19,574 [INFO]    bus_bus_stn_stts          | 신규  1745행 | 누적   8725행 | 11컬럼
2026-05-28 05:55:19,574 [INFO]    charger                   | 신규     4행 | 누적     50행 | 15컬럼
2026-05-28 05:55:19,574 [INFO]    charger_charger_stts      | 신규  1870행 | 누적   7358행 | 15컬럼
2026-05-28 05:55:19,574 [INFO]    cmrcl                     | 신규    82행 | 누적    410행 | 20컬럼
2026-05-28 05:55:19,574 [INFO]    events                    | 신규    12행 | 누적     60행 | 14컬럼
2026-05-28 05:55:19,574 [INFO]    events_event_stts         | 신규   177행 | 누적    877행 | 14컬럼
2026-05-28 05:55:19,574 [INFO]    parking                   | 신규     6행 | 누적     30행 | 21컬럼
2026-05-28 05:55:19,574 [INFO]    parking_prk_stts          | 신규  1835행 | 누적   9175행 | 21컬럼
2026-05-28 05:55:19,574 [INFO]    ppltn                     | 신규   121행 | 누적    605행 | 26컬럼
2026-05-28 05:55:19,574 [INFO]    road                      | 신규   121행 | 누적    605행 | 21컬럼
2026-05-28 05:55:19,574 [INFO]    road_road_traffic_stts    | 신규  5253행 | 누적  26265행 | 17컬럼
2026-05-28 05:55:19,574 [INFO]    subway                    | 신규    38행 | 누적    190행 | 13컬럼
2026-05-28 05:55:19,574 [INFO]    subway_sub_stts           | 신규   183행 | 누적    915행 | 13컬럼
2026-05-28 05:55:19,574 [INFO]    weather                   | 신규   119행 | 누적    595행 | 29컬럼
2026-05-28 05:55:19,575 [INFO] 키별 사용량:
2026-05-28 05:55:19,575 [INFO]    🟢 KEY_1 (31/1000) 
2026-05-28 05:55:19,575 [INFO]    🟢 KEY_2 (30/1000) 
2026-05-28 05:55:19,575 [INFO]    🟢 KEY_3 (30/1000) 
2026-05-28 05:55:19,575 [INFO]    🟢 KEY_4 (30/1000) 
2026-05-28 06:43:11,833 [INFO] 등록된 키: 4개, 합산 한도 4,000건/일
2026-05-28 06:43:11,833 [INFO] POI 로드: 매뉴얼 v8.5 기준 fallback 121개 (121개 전체)
2026-05-28 06:43:11,833 [INFO] === 수집 시작 2026-05-28T06:43:11.833916+09:00 ===
2026-05-28 06:43:11,834 [INFO] 대상 장소: 121개 | API: citydata (통합)
2026-05-28 06:43:11,834 [INFO] 키 풀: 4/4 활성 | 오늘 사용 0/4000건
2026-05-28 06:43:11,834 [INFO]   [KEY_1] 담당 31장소
2026-05-28 06:43:11,834 [INFO]   [KEY_2] 담당 30장소
2026-05-28 06:43:11,834 [INFO]   [KEY_3] 담당 30장소
2026-05-28 06:43:11,834 [INFO]   [KEY_4] 담당 30장소
2026-05-28 06:43:11,834 [INFO] [1/121] 경복궁 (primary=KEY_1)
2026-05-28 06:43:13,729 [INFO] [2/121] 광화문·덕수궁 (primary=KEY_2)
2026-05-28 06:43:15,885 [INFO] [3/121] 보신각 (primary=KEY_3)
2026-05-28 06:43:17,697 [INFO] [4/121] 서울 암사동 유적 (primary=KEY_4)
2026-05-28 06:43:19,429 [INFO] [5/121] 창덕궁·종묘 (primary=KEY_1)
2026-05-28 06:43:20,632 [INFO] [6/121] 강남 MICE 관광특구 (primary=KEY_2)
2026-05-28 06:43:22,545 [INFO] [7/121] 동대문 관광특구 (primary=KEY_3)
2026-05-28 06:43:23,984 [INFO] [8/121] 명동 관광특구 (primary=KEY_4)
2026-05-28 06:43:25,641 [INFO] [9/121] 이태원 관광특구 (primary=KEY_1)
2026-05-28 06:43:27,458 [INFO] [10/121] 잠실 관광특구 (primary=KEY_2)
2026-05-28 06:43:29,069 [INFO] [11/121] 종로·청계 관광특구 (primary=KEY_3)
2026-05-28 06:43:31,166 [INFO] [12/121] 홍대 관광특구 (primary=KEY_4)
2026-05-28 06:43:33,254 [INFO] [13/121] 강서한강공원 (primary=KEY_1)
2026-05-28 06:43:34,885 [INFO] [14/121] 고척돔 (primary=KEY_2)
2026-05-28 06:43:35,956 [INFO] [15/121] 광나루한강공원 (primary=KEY_3)
2026-05-28 06:43:37,727 [INFO] [16/121] 광화문광장 (primary=KEY_4)
2026-05-28 06:43:39,638 [INFO] [17/121] 국립중앙박물관·용산가족공원 (primary=KEY_1)
2026-05-28 06:43:40,854 [INFO] [18/121] 난지한강공원 (primary=KEY_2)
2026-05-28 06:43:42,559 [INFO] [19/121] 남산공원 (primary=KEY_3)
2026-05-28 06:43:44,593 [INFO] [20/121] 노들섬 (primary=KEY_4)
2026-05-28 06:43:45,655 [INFO] [21/121] 뚝섬한강공원 (primary=KEY_1)
2026-05-28 06:43:47,298 [INFO] [22/121] 망원한강공원 (primary=KEY_2)
2026-05-28 06:43:49,176 [INFO] [23/121] 반포한강공원 (primary=KEY_3)
2026-05-28 06:43:50,854 [INFO] [24/121] 보라매공원 (primary=KEY_4)
2026-05-28 06:43:51,912 [INFO] [25/121] 북서울꿈의숲 (primary=KEY_1)
2026-05-28 06:43:53,775 [INFO] [26/121] 서대문독립공원 (primary=KEY_2)
2026-05-28 06:43:54,848 [INFO] [27/121] 서리풀공원·몽마르뜨공원 (primary=KEY_3)
2026-05-28 06:43:56,104 [INFO] [28/121] 서울대공원 (primary=KEY_4)
2026-05-28 06:43:57,149 [INFO] [29/121] 서울숲공원 (primary=KEY_1)
2026-05-28 06:43:58,367 [INFO] [30/121] 송현녹지광장 (primary=KEY_2)
2026-05-28 06:43:59,599 [INFO] [31/121] 아차산 (primary=KEY_3)
2026-05-28 06:44:00,658 [INFO] [32/121] 안양천 (primary=KEY_4)
2026-05-28 06:44:01,711 [INFO] [33/121] 양화한강공원 (primary=KEY_1)
2026-05-28 06:44:02,772 [INFO] [34/121] 어린이대공원 (primary=KEY_2)
2026-05-28 06:44:03,999 [INFO] [35/121] 여의도한강공원 (primary=KEY_3)
2026-05-28 06:44:05,225 [INFO] [36/121] 여의서로 (primary=KEY_4)
2026-05-28 06:44:07,011 [INFO] [37/121] 올림픽공원 (primary=KEY_1)
2026-05-28 06:44:08,412 [INFO] [38/121] 월드컵공원 (primary=KEY_2)
2026-05-28 06:44:09,839 [INFO] [39/121] 응봉산 (primary=KEY_3)
2026-05-28 06:44:11,052 [INFO] [40/121] 이촌한강공원 (primary=KEY_4)
2026-05-28 06:44:12,744 [INFO] [41/121] 잠실종합운동장 (primary=KEY_1)
2026-05-28 06:44:13,808 [INFO] [42/121] 잠실한강공원 (primary=KEY_2)
2026-05-28 06:44:14,888 [INFO] [43/121] 잠원한강공원 (primary=KEY_3)
2026-05-28 06:44:15,933 [INFO] [44/121] 청계산 (primary=KEY_4)
2026-05-28 06:44:16,992 [INFO] [45/121] 홍제폭포 (primary=KEY_1)
2026-05-28 06:44:18,037 [INFO] [46/121] 가락시장 (primary=KEY_2)
2026-05-28 06:44:19,274 [INFO] [47/121] 가로수길 (primary=KEY_3)
2026-05-28 06:44:21,124 [INFO] [48/121] 광장(전통)시장 (primary=KEY_4)
2026-05-28 06:44:22,189 [INFO] [49/121] 김포공항 (primary=KEY_1)
2026-05-28 06:44:23,602 [INFO] [50/121] 남대문시장 (primary=KEY_2)
2026-05-28 06:44:24,828 [INFO] [51/121] 노량진 (primary=KEY_3)
2026-05-28 06:44:26,075 [INFO] [52/121] 덕수궁길·정동길 (primary=KEY_4)
2026-05-28 06:44:27,355 [INFO] [53/121] 북창동 먹자골목 (primary=KEY_1)
2026-05-28 06:44:28,566 [INFO] [54/121] 북촌한옥마을 (primary=KEY_2)
2026-05-28 06:44:29,967 [INFO] [55/121] 서촌 (primary=KEY_3)
2026-05-28 06:44:31,773 [INFO] [56/121] 성수카페거리 (primary=KEY_4)
2026-05-28 06:44:33,188 [INFO] [57/121] 송리단길·호수단길 (primary=KEY_1)
2026-05-28 06:44:34,430 [INFO] [58/121] 신촌 스타광장 (primary=KEY_2)
2026-05-28 06:44:35,486 [INFO] [59/121] 압구정로데오거리 (primary=KEY_3)
2026-05-28 06:44:36,782 [INFO] [60/121] 여의도 (primary=KEY_4)
2026-05-28 06:44:38,849 [INFO] [61/121] 연남동 (primary=KEY_1)
2026-05-28 06:44:40,069 [INFO] [62/121] 영등포 타임스퀘어 (primary=KEY_2)
2026-05-28 06:44:41,308 [INFO] [63/121] 용리단길 (primary=KEY_3)
2026-05-28 06:44:42,391 [INFO] [64/121] 이태원 앤틱가구거리 (primary=KEY_4)
2026-05-28 06:44:43,623 [INFO] [65/121] 익선동 (primary=KEY_1)
2026-05-28 06:44:44,883 [INFO] [66/121] 인사동 (primary=KEY_2)
2026-05-28 06:44:46,312 [INFO] [67/121] 잠실롯데타워·석촌호수 (primary=KEY_3)
2026-05-28 06:44:47,896 [INFO] [68/121] 창동 신경제 중심지 (primary=KEY_4)
2026-05-28 06:44:49,497 [INFO] [69/121] 청담동 명품거리 (primary=KEY_1)
2026-05-28 06:44:50,751 [INFO] [70/121] 청량리 제기동 일대 전통시장 (primary=KEY_2)
2026-05-28 06:44:52,044 [INFO] [71/121] 해방촌·경리단길 (primary=KEY_3)
2026-05-28 06:44:53,111 [INFO] [72/121] DDP(동대문디자인플라자) (primary=KEY_4)
2026-05-28 06:44:54,357 [INFO] [73/121] DMC(디지털미디어시티) (primary=KEY_1)
2026-05-28 06:44:55,983 [INFO] [74/121] 가산디지털단지역 (primary=KEY_2)
2026-05-28 06:44:57,729 [INFO] [75/121] 강남역 (primary=KEY_3)
2026-05-28 06:44:59,141 [INFO] [76/121] 건대입구역 (primary=KEY_4)
2026-05-28 06:45:00,389 [INFO] [77/121] 고덕역 (primary=KEY_1)
2026-05-28 06:45:01,602 [INFO] [78/121] 고속터미널역 (primary=KEY_2)
2026-05-28 06:45:02,829 [INFO] [79/121] 교대역 (primary=KEY_3)
2026-05-28 06:45:04,048 [INFO] [80/121] 구로디지털단지역 (primary=KEY_4)
2026-05-28 06:45:05,435 [INFO] [81/121] 구로역 (primary=KEY_1)
2026-05-28 06:45:06,636 [INFO] [82/121] 군자역 (primary=KEY_2)
2026-05-28 06:45:07,855 [INFO] [83/121] 대림역 (primary=KEY_3)
2026-05-28 06:45:09,086 [INFO] [84/121] 동대문역 (primary=KEY_4)
2026-05-28 06:45:10,353 [INFO] [85/121] 뚝섬역 (primary=KEY_1)
2026-05-28 06:45:11,568 [INFO] [86/121] 미아사거리역 (primary=KEY_2)
2026-05-28 06:45:12,774 [INFO] [87/121] 발산역 (primary=KEY_3)
2026-05-28 06:45:14,320 [INFO] [88/121] 사당역 (primary=KEY_4)
2026-05-28 06:45:15,529 [INFO] [89/121] 삼각지역 (primary=KEY_1)
2026-05-28 06:45:16,592 [INFO] [90/121] 서울대입구역 (primary=KEY_2)
2026-05-28 06:45:17,806 [INFO] [91/121] 서울식물원·마곡나루역 (primary=KEY_3)
2026-05-28 06:45:19,208 [INFO] [92/121] 서울역 (primary=KEY_4)
2026-05-28 06:45:20,656 [INFO] [93/121] 선릉역 (primary=KEY_1)
2026-05-28 06:45:22,229 [INFO] [94/121] 성신여대입구역 (primary=KEY_2)
2026-05-28 06:45:23,305 [INFO] [95/121] 수유역 (primary=KEY_3)
2026-05-28 06:45:24,595 [INFO] [96/121] 숭례문 (primary=KEY_4)
2026-05-28 06:45:25,838 [INFO] [97/121] 시의회 앞 (primary=KEY_1)
2026-05-28 06:45:27,056 [INFO] [98/121] 신논현역·논현역 (primary=KEY_2)
2026-05-28 06:45:28,300 [INFO] [99/121] 신도림역 (primary=KEY_3)
2026-05-28 06:45:29,356 [INFO] [100/121] 신림역 (primary=KEY_4)
2026-05-28 06:45:30,584 [INFO] [101/121] 신정네거리역 (primary=KEY_1)
2026-05-28 06:45:31,808 [INFO] [102/121] 신촌·이대역 (primary=KEY_2)
2026-05-28 06:45:33,020 [INFO] [103/121] 쌍문역 (primary=KEY_3)
2026-05-28 06:45:34,243 [INFO] [104/121] 양재역 (primary=KEY_4)
2026-05-28 06:45:35,491 [INFO] [105/121] 역삼역 (primary=KEY_1)
2026-05-28 06:45:36,891 [INFO] [106/121] 연신내역 (primary=KEY_2)
2026-05-28 06:45:37,986 [INFO] [107/121] 오목교역·목동운동장 (primary=KEY_3)
2026-05-28 06:45:39,719 [INFO] [108/121] 왕십리역 (primary=KEY_4)
2026-05-28 06:45:41,148 [INFO] [109/121] 용산역 (primary=KEY_1)
2026-05-28 06:45:42,536 [INFO] [110/121] 이태원역 (primary=KEY_2)
2026-05-28 06:45:43,666 [INFO] [111/121] 잠실새내역 (primary=KEY_3)
2026-05-28 06:45:44,888 [INFO] [112/121] 잠실역 (primary=KEY_4)
2026-05-28 06:45:46,286 [INFO] [113/121] 장지역 (primary=KEY_1)
2026-05-28 06:45:47,688 [INFO] [114/121] 장한평역 (primary=KEY_2)
2026-05-28 06:45:48,917 [INFO] [115/121] 천호역 (primary=KEY_3)
2026-05-28 06:45:50,172 [INFO] [116/121] 총신대입구(이수)역 (primary=KEY_4)
2026-05-28 06:45:51,403 [INFO] [117/121] 충정로역 (primary=KEY_1)
2026-05-28 06:45:52,635 [INFO] [118/121] 합정역 (primary=KEY_2)
2026-05-28 06:45:53,865 [INFO] [119/121] 혜화역 (primary=KEY_3)
2026-05-28 06:45:55,076 [INFO] [120/121] 홍대입구역(2호선) (primary=KEY_4)
2026-05-28 06:45:56,370 [INFO] [121/121] 회기역 (primary=KEY_1)
2026-05-28 06:45:58,778 [INFO] === 수집 완료 | 성공 121, 실패 0 ===
2026-05-28 06:45:58,778 [INFO] 카테고리별 저장 결과:
2026-05-28 06:45:58,778 [INFO]    accident                  | 신규     1행 | 누적      6행 | 16컬럼
2026-05-28 06:45:58,778 [INFO]    area_meta                 | 신규   121행 | 누적    726행 | 5컬럼
2026-05-28 06:45:58,778 [INFO]    bike                      | 신규    11행 | 누적     66행 | 12컬럼
2026-05-28 06:45:58,778 [INFO]    bike_sbike_stts           | 신규   557행 | 누적   3342행 | 12컬럼
2026-05-28 06:45:58,778 [INFO]    bus                       | 신규     3행 | 누적     18행 | 11컬럼
2026-05-28 06:45:58,778 [INFO]    bus_bus_stn_stts          | 신규  1745행 | 누적  10470행 | 11컬럼
2026-05-28 06:45:58,778 [INFO]    charger                   | 신규     4행 | 누적     54행 | 15컬럼
2026-05-28 06:45:58,778 [INFO]    charger_charger_stts      | 신규  1870행 | 누적   9213행 | 15컬럼
2026-05-28 06:45:58,778 [INFO]    cmrcl                     | 신규    82행 | 누적    492행 | 20컬럼
2026-05-28 06:45:58,778 [INFO]    events                    | 신규    12행 | 누적     72행 | 14컬럼
2026-05-28 06:45:58,778 [INFO]    events_event_stts         | 신규   177행 | 누적   1054행 | 14컬럼
2026-05-28 06:45:58,778 [INFO]    parking                   | 신규     6행 | 누적     36행 | 21컬럼
2026-05-28 06:45:58,778 [INFO]    parking_prk_stts          | 신규  1835행 | 누적  11010행 | 21컬럼
2026-05-28 06:45:58,779 [INFO]    ppltn                     | 신규   121행 | 누적    726행 | 26컬럼
2026-05-28 06:45:58,779 [INFO]    road                      | 신규   121행 | 누적    726행 | 21컬럼
2026-05-28 06:45:58,779 [INFO]    road_road_traffic_stts    | 신규  5253행 | 누적  31518행 | 17컬럼
2026-05-28 06:45:58,779 [INFO]    subway                    | 신규    38행 | 누적    228행 | 13컬럼
2026-05-28 06:45:58,779 [INFO]    subway_sub_stts           | 신규   183행 | 누적   1098행 | 13컬럼
2026-05-28 06:45:58,779 [INFO]    weather                   | 신규   119행 | 누적    714행 | 29컬럼
2026-05-28 06:45:58,779 [INFO] 키별 사용량:
2026-05-28 06:45:58,779 [INFO]    🟢 KEY_1 (31/1000) 
2026-05-28 06:45:58,779 [INFO]    🟢 KEY_2 (30/1000) 
2026-05-28 06:45:58,779 [INFO]    🟢 KEY_3 (30/1000) 
2026-05-28 06:45:58,779 [INFO]    🟢 KEY_4 (30/1000) 
2026-05-28 07:40:55,569 [INFO] 등록된 키: 4개, 합산 한도 4,000건/일
2026-05-28 07:40:55,570 [INFO] POI 로드: 매뉴얼 v8.5 기준 fallback 121개 (121개 전체)
2026-05-28 07:40:55,570 [INFO] === 수집 시작 2026-05-28T07:40:55.570636+09:00 ===
2026-05-28 07:40:55,570 [INFO] 대상 장소: 121개 | API: citydata (통합)
2026-05-28 07:40:55,570 [INFO] 키 풀: 4/4 활성 | 오늘 사용 0/4000건
2026-05-28 07:40:55,570 [INFO]   [KEY_1] 담당 31장소
2026-05-28 07:40:55,570 [INFO]   [KEY_2] 담당 30장소
2026-05-28 07:40:55,571 [INFO]   [KEY_3] 담당 30장소
2026-05-28 07:40:55,571 [INFO]   [KEY_4] 담당 30장소
2026-05-28 07:40:55,571 [INFO] [1/121] 경복궁 (primary=KEY_1)
2026-05-28 07:40:57,793 [INFO] [2/121] 광화문·덕수궁 (primary=KEY_2)
2026-05-28 07:40:59,802 [INFO] [3/121] 보신각 (primary=KEY_3)
2026-05-28 07:41:01,507 [INFO] [4/121] 서울 암사동 유적 (primary=KEY_4)
2026-05-28 07:41:02,481 [INFO] [5/121] 창덕궁·종묘 (primary=KEY_1)
2026-05-28 07:41:03,580 [INFO] [6/121] 강남 MICE 관광특구 (primary=KEY_2)
2026-05-28 07:41:05,397 [INFO] [7/121] 동대문 관광특구 (primary=KEY_3)
2026-05-28 07:41:06,697 [INFO] [8/121] 명동 관광특구 (primary=KEY_4)
2026-05-28 07:41:08,936 [INFO] [9/121] 이태원 관광특구 (primary=KEY_1)
2026-05-28 07:41:10,630 [INFO] [10/121] 잠실 관광특구 (primary=KEY_2)
2026-05-28 07:41:12,643 [INFO] [11/121] 종로·청계 관광특구 (primary=KEY_3)
2026-05-28 07:41:13,948 [INFO] [12/121] 홍대 관광특구 (primary=KEY_4)
2026-05-28 07:41:15,273 [INFO] [13/121] 강서한강공원 (primary=KEY_1)
2026-05-28 07:41:16,805 [INFO] [14/121] 고척돔 (primary=KEY_2)
2026-05-28 07:41:18,898 [INFO] [15/121] 광나루한강공원 (primary=KEY_3)
2026-05-28 07:41:20,124 [INFO] [16/121] 광화문광장 (primary=KEY_4)
2026-05-28 07:41:21,259 [INFO] [17/121] 국립중앙박물관·용산가족공원 (primary=KEY_1)
2026-05-28 07:41:22,259 [INFO] [18/121] 난지한강공원 (primary=KEY_2)
2026-05-28 07:41:23,235 [INFO] [19/121] 남산공원 (primary=KEY_3)
2026-05-28 07:41:24,513 [INFO] [20/121] 노들섬 (primary=KEY_4)
2026-05-28 07:41:25,488 [INFO] [21/121] 뚝섬한강공원 (primary=KEY_1)
2026-05-28 07:41:26,463 [INFO] [22/121] 망원한강공원 (primary=KEY_2)
2026-05-28 07:41:27,581 [INFO] [23/121] 반포한강공원 (primary=KEY_3)
2026-05-28 07:41:28,589 [INFO] [24/121] 보라매공원 (primary=KEY_4)
2026-05-28 07:41:30,152 [INFO] [25/121] 북서울꿈의숲 (primary=KEY_1)
2026-05-28 07:41:31,121 [INFO] [26/121] 서대문독립공원 (primary=KEY_2)
2026-05-28 07:41:32,114 [INFO] [27/121] 서리풀공원·몽마르뜨공원 (primary=KEY_3)
2026-05-28 07:41:33,276 [INFO] [28/121] 서울대공원 (primary=KEY_4)
2026-05-28 07:41:34,240 [INFO] [29/121] 서울숲공원 (primary=KEY_1)
2026-05-28 07:41:35,401 [INFO] [30/121] 송현녹지광장 (primary=KEY_2)
2026-05-28 07:41:36,522 [INFO] [31/121] 아차산 (primary=KEY_3)
2026-05-28 07:41:37,509 [INFO] [32/121] 안양천 (primary=KEY_4)
2026-05-28 07:41:38,487 [INFO] [33/121] 양화한강공원 (primary=KEY_1)
2026-05-28 07:41:39,443 [INFO] [34/121] 어린이대공원 (primary=KEY_2)
2026-05-28 07:41:40,438 [INFO] [35/121] 여의도한강공원 (primary=KEY_3)
2026-05-28 07:41:41,556 [INFO] [36/121] 여의서로 (primary=KEY_4)
2026-05-28 07:41:42,542 [INFO] [37/121] 올림픽공원 (primary=KEY_1)
2026-05-28 07:41:43,705 [INFO] [38/121] 월드컵공원 (primary=KEY_2)
2026-05-28 07:41:45,053 [INFO] [39/121] 응봉산 (primary=KEY_3)
2026-05-28 07:41:46,170 [INFO] [40/121] 이촌한강공원 (primary=KEY_4)
2026-05-28 07:41:47,142 [INFO] [41/121] 잠실종합운동장 (primary=KEY_1)
2026-05-28 07:41:48,115 [INFO] [42/121] 잠실한강공원 (primary=KEY_2)
2026-05-28 07:41:49,119 [INFO] [43/121] 잠원한강공원 (primary=KEY_3)
2026-05-28 07:41:50,100 [INFO] [44/121] 청계산 (primary=KEY_4)
2026-05-28 07:41:51,058 [INFO] [45/121] 홍제폭포 (primary=KEY_1)
2026-05-28 07:41:52,029 [INFO] [46/121] 가락시장 (primary=KEY_2)
2026-05-28 07:41:53,191 [INFO] [47/121] 가로수길 (primary=KEY_3)
2026-05-28 07:41:54,334 [INFO] [48/121] 광장(전통)시장 (primary=KEY_4)
2026-05-28 07:41:55,314 [INFO] [49/121] 김포공항 (primary=KEY_1)
2026-05-28 07:41:56,493 [INFO] [50/121] 남대문시장 (primary=KEY_2)
2026-05-28 07:41:57,489 [INFO] [51/121] 노량진 (primary=KEY_3)
2026-05-28 07:41:58,616 [INFO] [52/121] 덕수궁길·정동길 (primary=KEY_4)
2026-05-28 07:41:59,780 [INFO] [53/121] 북창동 먹자골목 (primary=KEY_1)
2026-05-28 07:42:00,761 [INFO] [54/121] 북촌한옥마을 (primary=KEY_2)
2026-05-28 07:42:01,889 [INFO] [55/121] 서촌 (primary=KEY_3)
2026-05-28 07:42:03,021 [INFO] [56/121] 성수카페거리 (primary=KEY_4)
2026-05-28 07:42:04,162 [INFO] [57/121] 송리단길·호수단길 (primary=KEY_1)
2026-05-28 07:42:05,291 [INFO] [58/121] 신촌 스타광장 (primary=KEY_2)
2026-05-28 07:42:06,278 [INFO] [59/121] 압구정로데오거리 (primary=KEY_3)
2026-05-28 07:42:07,403 [INFO] [60/121] 여의도 (primary=KEY_4)
2026-05-28 07:42:09,009 [INFO] [61/121] 연남동 (primary=KEY_1)
2026-05-28 07:42:10,138 [INFO] [62/121] 영등포 타임스퀘어 (primary=KEY_2)
2026-05-28 07:42:11,251 [INFO] [63/121] 용리단길 (primary=KEY_3)
2026-05-28 07:42:12,252 [INFO] [64/121] 이태원 앤틱가구거리 (primary=KEY_4)
2026-05-28 07:42:13,245 [INFO] [65/121] 익선동 (primary=KEY_1)
2026-05-28 07:42:14,421 [INFO] [66/121] 인사동 (primary=KEY_2)
2026-05-28 07:42:15,556 [INFO] [67/121] 잠실롯데타워·석촌호수 (primary=KEY_3)
2026-05-28 07:42:16,710 [INFO] [68/121] 창동 신경제 중심지 (primary=KEY_4)
2026-05-28 07:42:18,044 [INFO] [69/121] 청담동 명품거리 (primary=KEY_1)
2026-05-28 07:42:19,175 [INFO] [70/121] 청량리 제기동 일대 전통시장 (primary=KEY_2)
2026-05-28 07:42:20,321 [INFO] [71/121] 해방촌·경리단길 (primary=KEY_3)
2026-05-28 07:42:21,303 [INFO] [72/121] DDP(동대문디자인플라자) (primary=KEY_4)
2026-05-28 07:42:22,479 [INFO] [73/121] DMC(디지털미디어시티) (primary=KEY_1)
2026-05-28 07:42:23,807 [INFO] [74/121] 가산디지털단지역 (primary=KEY_2)
2026-05-28 07:42:25,074 [INFO] [75/121] 강남역 (primary=KEY_3)
2026-05-28 07:42:26,370 [INFO] [76/121] 건대입구역 (primary=KEY_4)
2026-05-28 07:42:27,521 [INFO] [77/121] 고덕역 (primary=KEY_1)
2026-05-28 07:42:28,674 [INFO] [78/121] 고속터미널역 (primary=KEY_2)
2026-05-28 07:42:29,702 [INFO] [79/121] 교대역 (primary=KEY_3)
2026-05-28 07:42:30,730 [INFO] [80/121] 구로디지털단지역 (primary=KEY_4)
2026-05-28 07:42:31,874 [INFO] [81/121] 구로역 (primary=KEY_1)
2026-05-28 07:42:32,857 [INFO] [82/121] 군자역 (primary=KEY_2)
2026-05-28 07:42:34,014 [INFO] [83/121] 대림역 (primary=KEY_3)
2026-05-28 07:42:35,163 [INFO] [84/121] 동대문역 (primary=KEY_4)
2026-05-28 07:42:36,337 [INFO] [85/121] 뚝섬역 (primary=KEY_1)
2026-05-28 07:42:37,488 [INFO] [86/121] 미아사거리역 (primary=KEY_2)
2026-05-28 07:42:38,619 [INFO] [87/121] 발산역 (primary=KEY_3)
2026-05-28 07:42:39,902 [INFO] [88/121] 사당역 (primary=KEY_4)
2026-05-28 07:42:41,060 [INFO] [89/121] 삼각지역 (primary=KEY_1)
2026-05-28 07:42:42,065 [INFO] [90/121] 서울대입구역 (primary=KEY_2)
2026-05-28 07:42:43,056 [INFO] [91/121] 서울식물원·마곡나루역 (primary=KEY_3)
2026-05-28 07:42:44,270 [INFO] [92/121] 서울역 (primary=KEY_4)
2026-05-28 07:42:45,461 [INFO] [93/121] 선릉역 (primary=KEY_1)
2026-05-28 07:42:46,768 [INFO] [94/121] 성신여대입구역 (primary=KEY_2)
2026-05-28 07:42:47,777 [INFO] [95/121] 수유역 (primary=KEY_3)
2026-05-28 07:42:48,908 [INFO] [96/121] 숭례문 (primary=KEY_4)
2026-05-28 07:42:50,050 [INFO] [97/121] 시의회 앞 (primary=KEY_1)
2026-05-28 07:42:51,242 [INFO] [98/121] 신논현역·논현역 (primary=KEY_2)
2026-05-28 07:42:52,411 [INFO] [99/121] 신도림역 (primary=KEY_3)
2026-05-28 07:42:53,409 [INFO] [100/121] 신림역 (primary=KEY_4)
2026-05-28 07:42:54,423 [INFO] [101/121] 신정네거리역 (primary=KEY_1)
2026-05-28 07:42:55,423 [INFO] [102/121] 신촌·이대역 (primary=KEY_2)
2026-05-28 07:42:56,581 [INFO] [103/121] 쌍문역 (primary=KEY_3)
2026-05-28 07:42:57,604 [INFO] [104/121] 양재역 (primary=KEY_4)
2026-05-28 07:42:58,737 [INFO] [105/121] 역삼역 (primary=KEY_1)
2026-05-28 07:42:59,873 [INFO] [106/121] 연신내역 (primary=KEY_2)
2026-05-28 07:43:00,902 [INFO] [107/121] 오목교역·목동운동장 (primary=KEY_3)
2026-05-28 07:43:02,214 [INFO] [108/121] 왕십리역 (primary=KEY_4)
2026-05-28 07:43:03,382 [INFO] [109/121] 용산역 (primary=KEY_1)
2026-05-28 07:43:04,543 [INFO] [110/121] 이태원역 (primary=KEY_2)
2026-05-28 07:43:05,527 [INFO] [111/121] 잠실새내역 (primary=KEY_3)
2026-05-28 07:43:06,674 [INFO] [112/121] 잠실역 (primary=KEY_4)
2026-05-28 07:43:07,816 [INFO] [113/121] 장지역 (primary=KEY_1)
2026-05-28 07:43:08,943 [INFO] [114/121] 장한평역 (primary=KEY_2)
2026-05-28 07:43:10,070 [INFO] [115/121] 천호역 (primary=KEY_3)
2026-05-28 07:43:11,303 [INFO] [116/121] 총신대입구(이수)역 (primary=KEY_4)
2026-05-28 07:43:12,471 [INFO] [117/121] 충정로역 (primary=KEY_1)
2026-05-28 07:43:13,472 [INFO] [118/121] 합정역 (primary=KEY_2)
2026-05-28 07:43:14,617 [INFO] [119/121] 혜화역 (primary=KEY_3)
2026-05-28 07:43:15,741 [INFO] [120/121] 홍대입구역(2호선) (primary=KEY_4)
2026-05-28 07:43:16,886 [INFO] [121/121] 회기역 (primary=KEY_1)
2026-05-28 07:43:19,485 [INFO] === 수집 완료 | 성공 121, 실패 0 ===
2026-05-28 07:43:19,485 [INFO] 카테고리별 저장 결과:
2026-05-28 07:43:19,485 [INFO]    accident                  | 신규     1행 | 누적      7행 | 16컬럼
2026-05-28 07:43:19,485 [INFO]    area_meta                 | 신규   121행 | 누적    847행 | 5컬럼
2026-05-28 07:43:19,485 [INFO]    bike                      | 신규    11행 | 누적     77행 | 12컬럼
2026-05-28 07:43:19,485 [INFO]    bike_sbike_stts           | 신규   557행 | 누적   3899행 | 12컬럼
2026-05-28 07:43:19,485 [INFO]    bus                       | 신규     3행 | 누적     21행 | 11컬럼
2026-05-28 07:43:19,485 [INFO]    bus_bus_stn_stts          | 신규  1745행 | 누적  12215행 | 11컬럼
2026-05-28 07:43:19,485 [INFO]    charger                   | 신규    20행 | 누적     74행 | 15컬럼
2026-05-28 07:43:19,485 [INFO]    charger_charger_stts      | 신규   588행 | 누적   9794행 | 15컬럼
2026-05-28 07:43:19,485 [INFO]    cmrcl                     | 신규    82행 | 누적    574행 | 20컬럼
2026-05-28 07:43:19,485 [INFO]    events                    | 신규    12행 | 누적     84행 | 14컬럼
2026-05-28 07:43:19,486 [INFO]    events_event_stts         | 신규   177행 | 누적   1231행 | 14컬럼
2026-05-28 07:43:19,486 [INFO]    parking                   | 신규     6행 | 누적     42행 | 21컬럼
2026-05-28 07:43:19,486 [INFO]    parking_prk_stts          | 신규  1835행 | 누적  12845행 | 21컬럼
2026-05-28 07:43:19,486 [INFO]    ppltn                     | 신규   121행 | 누적    847행 | 26컬럼
2026-05-28 07:43:19,486 [INFO]    road                      | 신규   121행 | 누적    847행 | 21컬럼
2026-05-28 07:43:19,486 [INFO]    road_road_traffic_stts    | 신규  5253행 | 누적  36771행 | 17컬럼
2026-05-28 07:43:19,486 [INFO]    subway                    | 신규    38행 | 누적    266행 | 13컬럼
2026-05-28 07:43:19,486 [INFO]    subway_sub_stts           | 신규   183행 | 누적   1281행 | 13컬럼
2026-05-28 07:43:19,486 [INFO]    weather                   | 신규   119행 | 누적    833행 | 29컬럼
2026-05-28 07:43:19,486 [INFO] 키별 사용량:
2026-05-28 07:43:19,486 [INFO]    🟢 KEY_1 (31/1000) 
2026-05-28 07:43:19,486 [INFO]    🟢 KEY_2 (30/1000) 
2026-05-28 07:43:19,486 [INFO]    🟢 KEY_3 (30/1000) 
2026-05-28 07:43:19,486 [INFO]    🟢 KEY_4 (30/1000) 
2026-05-28 08:36:56,170 [INFO] 등록된 키: 4개, 합산 한도 4,000건/일
2026-05-28 08:36:56,171 [INFO] POI 로드: 매뉴얼 v8.5 기준 fallback 121개 (121개 전체)
2026-05-28 08:36:56,171 [INFO] === 수집 시작 2026-05-28T08:36:56.171412+09:00 ===
2026-05-28 08:36:56,171 [INFO] 대상 장소: 121개 | API: citydata (통합)
2026-05-28 08:36:56,171 [INFO] 키 풀: 4/4 활성 | 오늘 사용 0/4000건
2026-05-28 08:36:56,171 [INFO]   [KEY_1] 담당 31장소
2026-05-28 08:36:56,171 [INFO]   [KEY_2] 담당 30장소
2026-05-28 08:36:56,171 [INFO]   [KEY_3] 담당 30장소
2026-05-28 08:36:56,172 [INFO]   [KEY_4] 담당 30장소
2026-05-28 08:36:56,172 [INFO] [1/121] 경복궁 (primary=KEY_1)
2026-05-28 08:36:58,140 [INFO] [2/121] 광화문·덕수궁 (primary=KEY_2)
2026-05-28 08:37:00,437 [INFO] [3/121] 보신각 (primary=KEY_3)
2026-05-28 08:37:01,871 [INFO] [4/121] 서울 암사동 유적 (primary=KEY_4)
2026-05-28 08:37:02,955 [INFO] [5/121] 창덕궁·종묘 (primary=KEY_1)
2026-05-28 08:37:04,913 [INFO] [6/121] 강남 MICE 관광특구 (primary=KEY_2)
2026-05-28 08:37:06,223 [INFO] [7/121] 동대문 관광특구 (primary=KEY_3)
2026-05-28 08:37:08,517 [INFO] [8/121] 명동 관광특구 (primary=KEY_4)
2026-05-28 08:37:11,237 [INFO] [9/121] 이태원 관광특구 (primary=KEY_1)
2026-05-28 08:37:12,527 [INFO] [10/121] 잠실 관광특구 (primary=KEY_2)
2026-05-28 08:37:15,100 [INFO] [11/121] 종로·청계 관광특구 (primary=KEY_3)
2026-05-28 08:37:17,489 [INFO] [12/121] 홍대 관광특구 (primary=KEY_4)
2026-05-28 08:37:18,985 [INFO] [13/121] 강서한강공원 (primary=KEY_1)
2026-05-28 08:37:20,056 [INFO] [14/121] 고척돔 (primary=KEY_2)
2026-05-28 08:37:22,168 [INFO] [15/121] 광나루한강공원 (primary=KEY_3)
2026-05-28 08:37:24,087 [INFO] [16/121] 광화문광장 (primary=KEY_4)
2026-05-28 08:37:25,384 [INFO] [17/121] 국립중앙박물관·용산가족공원 (primary=KEY_1)
2026-05-28 08:37:26,513 [INFO] [18/121] 난지한강공원 (primary=KEY_2)
2026-05-28 08:37:27,585 [INFO] [19/121] 남산공원 (primary=KEY_3)
2026-05-28 08:37:29,079 [INFO] [20/121] 노들섬 (primary=KEY_4)
2026-05-28 08:37:30,149 [INFO] [21/121] 뚝섬한강공원 (primary=KEY_1)
2026-05-28 08:37:31,230 [INFO] [22/121] 망원한강공원 (primary=KEY_2)
2026-05-28 08:37:32,514 [INFO] [23/121] 반포한강공원 (primary=KEY_3)
2026-05-28 08:37:34,654 [INFO] [24/121] 보라매공원 (primary=KEY_4)
2026-05-28 08:37:35,738 [INFO] [25/121] 북서울꿈의숲 (primary=KEY_1)
2026-05-28 08:37:36,989 [INFO] [26/121] 서대문독립공원 (primary=KEY_2)
2026-05-28 08:37:38,093 [INFO] [27/121] 서리풀공원·몽마르뜨공원 (primary=KEY_3)
2026-05-28 08:37:39,377 [INFO] [28/121] 서울대공원 (primary=KEY_4)
2026-05-28 08:37:40,433 [INFO] [29/121] 서울숲공원 (primary=KEY_1)
2026-05-28 08:37:41,712 [INFO] [30/121] 송현녹지광장 (primary=KEY_2)
2026-05-28 08:37:42,980 [INFO] [31/121] 아차산 (primary=KEY_3)
2026-05-28 08:37:44,092 [INFO] [32/121] 안양천 (primary=KEY_4)
2026-05-28 08:37:45,154 [INFO] [33/121] 양화한강공원 (primary=KEY_1)
2026-05-28 08:37:46,222 [INFO] [34/121] 어린이대공원 (primary=KEY_2)
2026-05-28 08:37:47,473 [INFO] [35/121] 여의도한강공원 (primary=KEY_3)
2026-05-28 08:37:48,746 [INFO] [36/121] 여의서로 (primary=KEY_4)
2026-05-28 08:37:49,988 [INFO] [37/121] 올림픽공원 (primary=KEY_1)
2026-05-28 08:37:51,475 [INFO] [38/121] 월드컵공원 (primary=KEY_2)
2026-05-28 08:37:52,941 [INFO] [39/121] 응봉산 (primary=KEY_3)
2026-05-28 08:37:55,230 [INFO] [40/121] 이촌한강공원 (primary=KEY_4)
2026-05-28 08:37:56,313 [INFO] [41/121] 잠실종합운동장 (primary=KEY_1)
2026-05-28 08:37:57,391 [INFO] [42/121] 잠실한강공원 (primary=KEY_2)
2026-05-28 08:37:58,497 [INFO] [43/121] 잠원한강공원 (primary=KEY_3)
2026-05-28 08:37:59,566 [INFO] [44/121] 청계산 (primary=KEY_4)
2026-05-28 08:38:00,639 [INFO] [45/121] 홍제폭포 (primary=KEY_1)
2026-05-28 08:38:01,712 [INFO] [46/121] 가락시장 (primary=KEY_2)
2026-05-28 08:38:03,025 [INFO] [47/121] 가로수길 (primary=KEY_3)
2026-05-28 08:38:04,424 [INFO] [48/121] 광장(전통)시장 (primary=KEY_4)
2026-05-28 08:38:05,524 [INFO] [49/121] 김포공항 (primary=KEY_1)
2026-05-28 08:38:06,966 [INFO] [50/121] 남대문시장 (primary=KEY_2)
2026-05-28 08:38:08,239 [INFO] [51/121] 노량진 (primary=KEY_3)
2026-05-28 08:38:09,529 [INFO] [52/121] 덕수궁길·정동길 (primary=KEY_4)
2026-05-28 08:38:10,812 [INFO] [53/121] 북창동 먹자골목 (primary=KEY_1)
2026-05-28 08:38:12,072 [INFO] [54/121] 북촌한옥마을 (primary=KEY_2)
2026-05-28 08:38:13,518 [INFO] [55/121] 서촌 (primary=KEY_3)
2026-05-28 08:38:14,781 [INFO] [56/121] 성수카페거리 (primary=KEY_4)
2026-05-28 08:38:16,251 [INFO] [57/121] 송리단길·호수단길 (primary=KEY_1)
2026-05-28 08:38:17,526 [INFO] [58/121] 신촌 스타광장 (primary=KEY_2)
2026-05-28 08:38:18,631 [INFO] [59/121] 압구정로데오거리 (primary=KEY_3)
2026-05-28 08:38:19,906 [INFO] [60/121] 여의도 (primary=KEY_4)
2026-05-28 08:38:22,012 [INFO] [61/121] 연남동 (primary=KEY_1)
2026-05-28 08:38:23,293 [INFO] [62/121] 영등포 타임스퀘어 (primary=KEY_2)
2026-05-28 08:38:24,596 [INFO] [63/121] 용리단길 (primary=KEY_3)
2026-05-28 08:38:25,947 [INFO] [64/121] 이태원 앤틱가구거리 (primary=KEY_4)
2026-05-28 08:38:27,216 [INFO] [65/121] 익선동 (primary=KEY_1)
2026-05-28 08:38:28,489 [INFO] [66/121] 인사동 (primary=KEY_2)
2026-05-28 08:38:29,938 [INFO] [67/121] 잠실롯데타워·석촌호수 (primary=KEY_3)
2026-05-28 08:38:31,622 [INFO] [68/121] 창동 신경제 중심지 (primary=KEY_4)
2026-05-28 08:38:33,286 [INFO] [69/121] 청담동 명품거리 (primary=KEY_1)
2026-05-28 08:38:34,620 [INFO] [70/121] 청량리 제기동 일대 전통시장 (primary=KEY_2)
2026-05-28 08:38:35,902 [INFO] [71/121] 해방촌·경리단길 (primary=KEY_3)
2026-05-28 08:38:37,004 [INFO] [72/121] DDP(동대문디자인플라자) (primary=KEY_4)
2026-05-28 08:38:38,408 [INFO] [73/121] DMC(디지털미디어시티) (primary=KEY_1)
2026-05-28 08:38:40,061 [INFO] [74/121] 가산디지털단지역 (primary=KEY_2)
2026-05-28 08:38:41,893 [INFO] [75/121] 강남역 (primary=KEY_3)
2026-05-28 08:38:43,394 [INFO] [76/121] 건대입구역 (primary=KEY_4)
2026-05-28 08:38:44,686 [INFO] [77/121] 고덕역 (primary=KEY_1)
2026-05-28 08:38:46,133 [INFO] [78/121] 고속터미널역 (primary=KEY_2)
2026-05-28 08:38:47,435 [INFO] [79/121] 교대역 (primary=KEY_3)
2026-05-28 08:38:48,718 [INFO] [80/121] 구로디지털단지역 (primary=KEY_4)
2026-05-28 08:38:50,163 [INFO] [81/121] 구로역 (primary=KEY_1)
2026-05-28 08:38:51,427 [INFO] [82/121] 군자역 (primary=KEY_2)
2026-05-28 08:38:52,706 [INFO] [83/121] 대림역 (primary=KEY_3)
2026-05-28 08:38:53,968 [INFO] [84/121] 동대문역 (primary=KEY_4)
2026-05-28 08:38:55,257 [INFO] [85/121] 뚝섬역 (primary=KEY_1)
2026-05-28 08:38:56,579 [INFO] [86/121] 미아사거리역 (primary=KEY_2)
2026-05-28 08:38:57,844 [INFO] [87/121] 발산역 (primary=KEY_3)
2026-05-28 08:38:59,462 [INFO] [88/121] 사당역 (primary=KEY_4)
2026-05-28 08:39:00,732 [INFO] [89/121] 삼각지역 (primary=KEY_1)
2026-05-28 08:39:01,832 [INFO] [90/121] 서울대입구역 (primary=KEY_2)
2026-05-28 08:39:03,114 [INFO] [91/121] 서울식물원·마곡나루역 (primary=KEY_3)
2026-05-28 08:39:04,569 [INFO] [92/121] 서울역 (primary=KEY_4)
2026-05-28 08:39:06,086 [INFO] [93/121] 선릉역 (primary=KEY_1)
2026-05-28 08:39:07,745 [INFO] [94/121] 성신여대입구역 (primary=KEY_2)
2026-05-28 08:39:08,854 [INFO] [95/121] 수유역 (primary=KEY_3)
2026-05-28 08:39:10,160 [INFO] [96/121] 숭례문 (primary=KEY_4)
2026-05-28 08:39:11,426 [INFO] [97/121] 시의회 앞 (primary=KEY_1)
2026-05-28 08:39:12,721 [INFO] [98/121] 신논현역·논현역 (primary=KEY_2)
2026-05-28 08:39:14,045 [INFO] [99/121] 신도림역 (primary=KEY_3)
2026-05-28 08:39:15,138 [INFO] [100/121] 신림역 (primary=KEY_4)
2026-05-28 08:39:16,393 [INFO] [101/121] 신정네거리역 (primary=KEY_1)
2026-05-28 08:39:17,694 [INFO] [102/121] 신촌·이대역 (primary=KEY_2)
2026-05-28 08:39:18,960 [INFO] [103/121] 쌍문역 (primary=KEY_3)
2026-05-28 08:39:20,934 [INFO] [104/121] 양재역 (primary=KEY_4)
2026-05-28 08:39:22,939 [INFO] [105/121] 역삼역 (primary=KEY_1)
2026-05-28 08:39:25,051 [INFO] [106/121] 연신내역 (primary=KEY_2)
2026-05-28 08:39:26,180 [INFO] [107/121] 오목교역·목동운동장 (primary=KEY_3)
2026-05-28 08:39:27,995 [INFO] [108/121] 왕십리역 (primary=KEY_4)
2026-05-28 08:39:30,062 [INFO] [109/121] 용산역 (primary=KEY_1)
2026-05-28 08:39:32,072 [INFO] [110/121] 이태원역 (primary=KEY_2)
2026-05-28 08:39:33,815 [INFO] [111/121] 잠실새내역 (primary=KEY_3)
2026-05-28 08:39:35,101 [INFO] [112/121] 잠실역 (primary=KEY_4)
2026-05-28 08:39:36,573 [INFO] [113/121] 장지역 (primary=KEY_1)
2026-05-28 08:39:38,740 [INFO] [114/121] 장한평역 (primary=KEY_2)
2026-05-28 08:39:40,011 [INFO] [115/121] 천호역 (primary=KEY_3)
2026-05-28 08:39:41,863 [INFO] [116/121] 총신대입구(이수)역 (primary=KEY_4)
2026-05-28 08:39:43,157 [INFO] [117/121] 충정로역 (primary=KEY_1)
2026-05-28 08:39:44,451 [INFO] [118/121] 합정역 (primary=KEY_2)
2026-05-28 08:39:45,734 [INFO] [119/121] 혜화역 (primary=KEY_3)
2026-05-28 08:39:47,000 [INFO] [120/121] 홍대입구역(2호선) (primary=KEY_4)
2026-05-28 08:39:48,317 [INFO] [121/121] 회기역 (primary=KEY_1)
2026-05-28 08:39:51,356 [INFO] === 수집 완료 | 성공 121, 실패 0 ===
2026-05-28 08:39:51,356 [INFO] 카테고리별 저장 결과:
2026-05-28 08:39:51,356 [INFO]    accident                  | 신규     2행 | 누적      9행 | 16컬럼
2026-05-28 08:39:51,356 [INFO]    area_meta                 | 신규   121행 | 누적    968행 | 5컬럼
2026-05-28 08:39:51,356 [INFO]    bike                      | 신규    11행 | 누적     88행 | 12컬럼
2026-05-28 08:39:51,357 [INFO]    bike_sbike_stts           | 신규   557행 | 누적   4456행 | 12컬럼
2026-05-28 08:39:51,357 [INFO]    bus                       | 신규     3행 | 누적     24행 | 11컬럼
2026-05-28 08:39:51,357 [INFO]    bus_bus_stn_stts          | 신규  1745행 | 누적  13960행 | 11컬럼
2026-05-28 08:39:51,357 [INFO]    charger                   | 신규     4행 | 누적     78행 | 15컬럼
2026-05-28 08:39:51,357 [INFO]    charger_charger_stts      | 신규  1870행 | 누적  11649행 | 15컬럼
2026-05-28 08:39:51,357 [INFO]    cmrcl                     | 신규    82행 | 누적    656행 | 20컬럼
2026-05-28 08:39:51,357 [INFO]    events                    | 신규    12행 | 누적     96행 | 14컬럼
2026-05-28 08:39:51,357 [INFO]    events_event_stts         | 신규   177행 | 누적   1408행 | 14컬럼
2026-05-28 08:39:51,357 [INFO]    parking                   | 신규     6행 | 누적     48행 | 21컬럼
2026-05-28 08:39:51,357 [INFO]    parking_prk_stts          | 신규  1835행 | 누적  14680행 | 21컬럼
2026-05-28 08:39:51,357 [INFO]    ppltn                     | 신규   121행 | 누적    968행 | 26컬럼
2026-05-28 08:39:51,357 [INFO]    road                      | 신규   121행 | 누적    968행 | 21컬럼
2026-05-28 08:39:51,357 [INFO]    road_road_traffic_stts    | 신규  5253행 | 누적  42024행 | 17컬럼
2026-05-28 08:39:51,357 [INFO]    subway                    | 신규    38행 | 누적    304행 | 13컬럼
2026-05-28 08:39:51,357 [INFO]    subway_sub_stts           | 신규   183행 | 누적   1464행 | 13컬럼
2026-05-28 08:39:51,357 [INFO]    weather                   | 신규   119행 | 누적    952행 | 29컬럼
2026-05-28 08:39:51,358 [INFO] 키별 사용량:
2026-05-28 08:39:51,358 [INFO]    🟢 KEY_1 (31/1000) 
2026-05-28 08:39:51,358 [INFO]    🟢 KEY_2 (30/1000) 
2026-05-28 08:39:51,358 [INFO]    🟢 KEY_3 (30/1000) 
2026-05-28 08:39:51,358 [INFO]    🟢 KEY_4 (30/1000) 
2026-05-28 10:09:30,973 [INFO] 등록된 키: 4개, 합산 한도 4,000건/일
2026-05-28 10:09:30,973 [INFO] POI 로드: 매뉴얼 v8.5 기준 fallback 121개 (121개 전체)
2026-05-28 10:09:30,974 [INFO] === 수집 시작 2026-05-28T10:09:30.973999+09:00 ===
2026-05-28 10:09:30,974 [INFO] 대상 장소: 121개 | API: citydata (통합)
2026-05-28 10:09:30,974 [INFO] 키 풀: 4/4 활성 | 오늘 사용 0/4000건
2026-05-28 10:09:30,974 [INFO]   [KEY_1] 담당 31장소
2026-05-28 10:09:30,974 [INFO]   [KEY_2] 담당 30장소
2026-05-28 10:09:30,974 [INFO]   [KEY_3] 담당 30장소
2026-05-28 10:09:30,974 [INFO]   [KEY_4] 담당 30장소
2026-05-28 10:09:30,974 [INFO] [1/121] 경복궁 (primary=KEY_1)
2026-05-28 10:09:33,052 [INFO] [2/121] 광화문·덕수궁 (primary=KEY_2)
2026-05-28 10:09:35,270 [INFO] [3/121] 보신각 (primary=KEY_3)
2026-05-28 10:09:36,743 [INFO] [4/121] 서울 암사동 유적 (primary=KEY_4)
2026-05-28 10:09:38,631 [INFO] [5/121] 창덕궁·종묘 (primary=KEY_1)
2026-05-28 10:09:39,883 [INFO] [6/121] 강남 MICE 관광특구 (primary=KEY_2)
2026-05-28 10:09:41,920 [INFO] [7/121] 동대문 관광특구 (primary=KEY_3)
2026-05-28 10:09:44,134 [INFO] [8/121] 명동 관광특구 (primary=KEY_4)
2026-05-28 10:09:46,702 [INFO] [9/121] 이태원 관광특구 (primary=KEY_1)
2026-05-28 10:09:47,995 [INFO] [10/121] 잠실 관광특구 (primary=KEY_2)
2026-05-28 10:09:49,514 [INFO] [11/121] 종로·청계 관광특구 (primary=KEY_3)
2026-05-28 10:09:51,664 [INFO] [12/121] 홍대 관광특구 (primary=KEY_4)
2026-05-28 10:09:53,201 [INFO] [13/121] 강서한강공원 (primary=KEY_1)
2026-05-28 10:09:54,276 [INFO] [14/121] 고척돔 (primary=KEY_2)
2026-05-28 10:09:56,258 [INFO] [15/121] 광나루한강공원 (primary=KEY_3)
2026-05-28 10:09:57,518 [INFO] [16/121] 광화문광장 (primary=KEY_4)
2026-05-28 10:09:59,551 [INFO] [17/121] 국립중앙박물관·용산가족공원 (primary=KEY_1)
2026-05-28 10:10:00,650 [INFO] [18/121] 난지한강공원 (primary=KEY_2)
2026-05-28 10:10:01,723 [INFO] [19/121] 남산공원 (primary=KEY_3)
2026-05-28 10:10:04,089 [INFO] [20/121] 노들섬 (primary=KEY_4)
2026-05-28 10:10:05,156 [INFO] [21/121] 뚝섬한강공원 (primary=KEY_1)
2026-05-28 10:10:06,257 [INFO] [22/121] 망원한강공원 (primary=KEY_2)
2026-05-28 10:10:07,536 [INFO] [23/121] 반포한강공원 (primary=KEY_3)
2026-05-28 10:10:09,330 [INFO] [24/121] 보라매공원 (primary=KEY_4)
2026-05-28 10:10:10,456 [INFO] [25/121] 북서울꿈의숲 (primary=KEY_1)
2026-05-28 10:10:11,557 [INFO] [26/121] 서대문독립공원 (primary=KEY_2)
2026-05-28 10:10:12,654 [INFO] [27/121] 서리풀공원·몽마르뜨공원 (primary=KEY_3)
2026-05-28 10:10:13,938 [INFO] [28/121] 서울대공원 (primary=KEY_4)
2026-05-28 10:10:15,005 [INFO] [29/121] 서울숲공원 (primary=KEY_1)
2026-05-28 10:10:16,262 [INFO] [30/121] 송현녹지광장 (primary=KEY_2)
2026-05-28 10:10:17,575 [INFO] [31/121] 아차산 (primary=KEY_3)
2026-05-28 10:10:18,668 [INFO] [32/121] 안양천 (primary=KEY_4)
2026-05-28 10:10:19,758 [INFO] [33/121] 양화한강공원 (primary=KEY_1)
2026-05-28 10:10:20,834 [INFO] [34/121] 어린이대공원 (primary=KEY_2)
2026-05-28 10:10:21,949 [INFO] [35/121] 여의도한강공원 (primary=KEY_3)
2026-05-28 10:10:23,208 [INFO] [36/121] 여의서로 (primary=KEY_4)
2026-05-28 10:10:24,310 [INFO] [37/121] 올림픽공원 (primary=KEY_1)
2026-05-28 10:10:25,619 [INFO] [38/121] 월드컵공원 (primary=KEY_2)
2026-05-28 10:10:27,100 [INFO] [39/121] 응봉산 (primary=KEY_3)
2026-05-28 10:10:28,352 [INFO] [40/121] 이촌한강공원 (primary=KEY_4)
2026-05-28 10:10:29,439 [INFO] [41/121] 잠실종합운동장 (primary=KEY_1)
2026-05-28 10:10:30,529 [INFO] [42/121] 잠실한강공원 (primary=KEY_2)
2026-05-28 10:10:31,630 [INFO] [43/121] 잠원한강공원 (primary=KEY_3)
2026-05-28 10:10:32,770 [INFO] [44/121] 청계산 (primary=KEY_4)
2026-05-28 10:10:33,871 [INFO] [45/121] 홍제폭포 (primary=KEY_1)
2026-05-28 10:10:34,944 [INFO] [46/121] 가락시장 (primary=KEY_2)
2026-05-28 10:10:36,244 [INFO] [47/121] 가로수길 (primary=KEY_3)
2026-05-28 10:10:37,531 [INFO] [48/121] 광장(전통)시장 (primary=KEY_4)
2026-05-28 10:10:38,645 [INFO] [49/121] 김포공항 (primary=KEY_1)
2026-05-28 10:10:39,949 [INFO] [50/121] 남대문시장 (primary=KEY_2)
2026-05-28 10:10:41,243 [INFO] [51/121] 노량진 (primary=KEY_3)
2026-05-28 10:10:42,529 [INFO] [52/121] 덕수궁길·정동길 (primary=KEY_4)
2026-05-28 10:10:43,829 [INFO] [53/121] 북창동 먹자골목 (primary=KEY_1)
2026-05-28 10:10:44,925 [INFO] [54/121] 북촌한옥마을 (primary=KEY_2)
2026-05-28 10:10:46,237 [INFO] [55/121] 서촌 (primary=KEY_3)
2026-05-28 10:10:47,521 [INFO] [56/121] 성수카페거리 (primary=KEY_4)
2026-05-28 10:10:48,829 [INFO] [57/121] 송리단길·호수단길 (primary=KEY_1)
2026-05-28 10:10:50,121 [INFO] [58/121] 신촌 스타광장 (primary=KEY_2)
2026-05-28 10:10:51,226 [INFO] [59/121] 압구정로데오거리 (primary=KEY_3)
2026-05-28 10:10:52,511 [INFO] [60/121] 여의도 (primary=KEY_4)
2026-05-28 10:10:54,408 [INFO] [61/121] 연남동 (primary=KEY_1)
2026-05-28 10:10:55,696 [INFO] [62/121] 영등포 타임스퀘어 (primary=KEY_2)
2026-05-28 10:10:58,040 [INFO] [63/121] 용리단길 (primary=KEY_3)
2026-05-28 10:10:59,158 [INFO] [64/121] 이태원 앤틱가구거리 (primary=KEY_4)
2026-05-28 10:11:00,264 [INFO] [65/121] 익선동 (primary=KEY_1)
2026-05-28 10:11:01,571 [INFO] [66/121] 인사동 (primary=KEY_2)
2026-05-28 10:11:02,870 [INFO] [67/121] 잠실롯데타워·석촌호수 (primary=KEY_3)
2026-05-28 10:11:04,157 [INFO] [68/121] 창동 신경제 중심지 (primary=KEY_4)
2026-05-28 10:11:05,659 [INFO] [69/121] 청담동 명품거리 (primary=KEY_1)
2026-05-28 10:11:06,916 [INFO] [70/121] 청량리 제기동 일대 전통시장 (primary=KEY_2)
2026-05-28 10:11:08,193 [INFO] [71/121] 해방촌·경리단길 (primary=KEY_3)
2026-05-28 10:11:09,300 [INFO] [72/121] DDP(동대문디자인플라자) (primary=KEY_4)
2026-05-28 10:11:10,632 [INFO] [73/121] DMC(디지털미디어시티) (primary=KEY_1)
2026-05-28 10:11:12,116 [INFO] [74/121] 가산디지털단지역 (primary=KEY_2)
2026-05-28 10:11:13,582 [INFO] [75/121] 강남역 (primary=KEY_3)
2026-05-28 10:11:15,048 [INFO] [76/121] 건대입구역 (primary=KEY_4)
2026-05-28 10:11:16,334 [INFO] [77/121] 고덕역 (primary=KEY_1)
2026-05-28 10:11:17,593 [INFO] [78/121] 고속터미널역 (primary=KEY_2)
2026-05-28 10:11:18,719 [INFO] [79/121] 교대역 (primary=KEY_3)
2026-05-28 10:11:19,830 [INFO] [80/121] 구로디지털단지역 (primary=KEY_4)
2026-05-28 10:11:21,152 [INFO] [81/121] 구로역 (primary=KEY_1)
2026-05-28 10:11:23,131 [INFO] [82/121] 군자역 (primary=KEY_2)
2026-05-28 10:11:24,591 [INFO] [83/121] 대림역 (primary=KEY_3)
2026-05-28 10:11:26,718 [INFO] [84/121] 동대문역 (primary=KEY_4)
2026-05-28 10:11:29,070 [INFO] [85/121] 뚝섬역 (primary=KEY_1)
2026-05-28 10:11:30,528 [INFO] [86/121] 미아사거리역 (primary=KEY_2)
2026-05-28 10:11:32,837 [INFO] [87/121] 발산역 (primary=KEY_3)
2026-05-28 10:11:34,289 [INFO] [88/121] 사당역 (primary=KEY_4)
2026-05-28 10:11:35,589 [INFO] [89/121] 삼각지역 (primary=KEY_1)
2026-05-28 10:11:36,706 [INFO] [90/121] 서울대입구역 (primary=KEY_2)
2026-05-28 10:11:38,887 [INFO] [91/121] 서울식물원·마곡나루역 (primary=KEY_3)
2026-05-28 10:11:40,865 [INFO] [92/121] 서울역 (primary=KEY_4)
2026-05-28 10:11:42,165 [INFO] [93/121] 선릉역 (primary=KEY_1)
2026-05-28 10:11:43,675 [INFO] [94/121] 성신여대입구역 (primary=KEY_2)
2026-05-28 10:11:44,795 [INFO] [95/121] 수유역 (primary=KEY_3)
2026-05-28 10:11:46,090 [INFO] [96/121] 숭례문 (primary=KEY_4)
2026-05-28 10:11:48,089 [INFO] [97/121] 시의회 앞 (primary=KEY_1)
2026-05-28 10:11:49,378 [INFO] [98/121] 신논현역·논현역 (primary=KEY_2)
2026-05-28 10:11:50,688 [INFO] [99/121] 신도림역 (primary=KEY_3)
2026-05-28 10:11:51,806 [INFO] [100/121] 신림역 (primary=KEY_4)
2026-05-28 10:11:52,960 [INFO] [101/121] 신정네거리역 (primary=KEY_1)
2026-05-28 10:11:54,067 [INFO] [102/121] 신촌·이대역 (primary=KEY_2)
2026-05-28 10:11:55,344 [INFO] [103/121] 쌍문역 (primary=KEY_3)
2026-05-28 10:11:56,614 [INFO] [104/121] 양재역 (primary=KEY_4)
2026-05-28 10:11:57,912 [INFO] [105/121] 역삼역 (primary=KEY_1)
2026-05-28 10:11:59,377 [INFO] [106/121] 연신내역 (primary=KEY_2)
2026-05-28 10:12:00,514 [INFO] [107/121] 오목교역·목동운동장 (primary=KEY_3)
2026-05-28 10:12:02,656 [INFO] [108/121] 왕십리역 (primary=KEY_4)
2026-05-28 10:12:03,937 [INFO] [109/121] 용산역 (primary=KEY_1)
2026-05-28 10:12:06,106 [INFO] [110/121] 이태원역 (primary=KEY_2)
2026-05-28 10:12:07,214 [INFO] [111/121] 잠실새내역 (primary=KEY_3)
2026-05-28 10:12:08,506 [INFO] [112/121] 잠실역 (primary=KEY_4)
2026-05-28 10:12:09,774 [INFO] [113/121] 장지역 (primary=KEY_1)
2026-05-28 10:12:11,042 [INFO] [114/121] 장한평역 (primary=KEY_2)
2026-05-28 10:12:12,317 [INFO] [115/121] 천호역 (primary=KEY_3)
2026-05-28 10:12:13,671 [INFO] [116/121] 총신대입구(이수)역 (primary=KEY_4)
2026-05-28 10:12:14,970 [INFO] [117/121] 충정로역 (primary=KEY_1)
2026-05-28 10:12:16,239 [INFO] [118/121] 합정역 (primary=KEY_2)
2026-05-28 10:12:17,541 [INFO] [119/121] 혜화역 (primary=KEY_3)
2026-05-28 10:12:18,809 [INFO] [120/121] 홍대입구역(2호선) (primary=KEY_4)
2026-05-28 10:12:20,106 [INFO] [121/121] 회기역 (primary=KEY_1)
2026-05-28 10:12:23,104 [INFO] === 수집 완료 | 성공 121, 실패 0 ===
2026-05-28 10:12:23,104 [INFO] 카테고리별 저장 결과:
2026-05-28 10:12:23,104 [INFO]    accident                  | 신규     3행 | 누적     12행 | 16컬럼
2026-05-28 10:12:23,104 [INFO]    accident_acdnt_cntrl_stts | 신규     3행 | 누적      3행 | 16컬럼
2026-05-28 10:12:23,104 [INFO]    area_meta                 | 신규   121행 | 누적   1089행 | 5컬럼
2026-05-28 10:12:23,104 [INFO]    bike                      | 신규    11행 | 누적     99행 | 12컬럼
2026-05-28 10:12:23,104 [INFO]    bike_sbike_stts           | 신규   557행 | 누적   5013행 | 12컬럼
2026-05-28 10:12:23,104 [INFO]    bus                       | 신규     3행 | 누적     27행 | 11컬럼
2026-05-28 10:12:23,104 [INFO]    bus_bus_stn_stts          | 신규  1745행 | 누적  15705행 | 11컬럼
2026-05-28 10:12:23,104 [INFO]    charger                   | 신규    25행 | 누적    103행 | 15컬럼
2026-05-28 10:12:23,104 [INFO]    charger_charger_stts      | 신규   322행 | 누적  11969행 | 15컬럼
2026-05-28 10:12:23,104 [INFO]    cmrcl                     | 신규    82행 | 누적    738행 | 20컬럼
2026-05-28 10:12:23,104 [INFO]    events                    | 신규    12행 | 누적    108행 | 14컬럼
2026-05-28 10:12:23,104 [INFO]    events_event_stts         | 신규   177행 | 누적   1585행 | 14컬럼
2026-05-28 10:12:23,104 [INFO]    news                      | 신규     6행 | 누적      6행 | 10컬럼
2026-05-28 10:12:23,104 [INFO]    parking                   | 신규     6행 | 누적     54행 | 21컬럼
2026-05-28 10:12:23,104 [INFO]    parking_prk_stts          | 신규  1835행 | 누적  16515행 | 21컬럼
2026-05-28 10:12:23,105 [INFO]    ppltn                     | 신규   121행 | 누적   1089행 | 26컬럼
2026-05-28 10:12:23,105 [INFO]    road                      | 신규   121행 | 누적   1089행 | 21컬럼
2026-05-28 10:12:23,105 [INFO]    road_road_traffic_stts    | 신규  5253행 | 누적  47277행 | 17컬럼
2026-05-28 10:12:23,105 [INFO]    subway                    | 신규    38행 | 누적    342행 | 13컬럼
2026-05-28 10:12:23,105 [INFO]    subway_sub_stts           | 신규   183행 | 누적   1647행 | 13컬럼
2026-05-28 10:12:23,105 [INFO]    weather                   | 신규   119행 | 누적   1071행 | 29컬럼
2026-05-28 10:12:23,105 [INFO] 키별 사용량:
2026-05-28 10:12:23,105 [INFO]    🟢 KEY_1 (31/1000) 
2026-05-28 10:12:23,105 [INFO]    🟢 KEY_2 (30/1000) 
2026-05-28 10:12:23,105 [INFO]    🟢 KEY_3 (30/1000) 
2026-05-28 10:12:23,105 [INFO]    🟢 KEY_4 (30/1000) 
2026-05-28 12:25:28,518 [INFO] 등록된 키: 4개, 합산 한도 4,000건/일
2026-05-28 12:25:28,519 [INFO] POI 로드: 매뉴얼 v8.5 기준 fallback 121개 (121개 전체)
2026-05-28 12:25:28,519 [INFO] === 수집 시작 2026-05-28T12:25:28.519325+09:00 ===
2026-05-28 12:25:28,519 [INFO] 대상 장소: 121개 | API: citydata (통합)
2026-05-28 12:25:28,519 [INFO] 키 풀: 4/4 활성 | 오늘 사용 0/4000건
2026-05-28 12:25:28,519 [INFO]   [KEY_1] 담당 31장소
2026-05-28 12:25:28,519 [INFO]   [KEY_2] 담당 30장소
2026-05-28 12:25:28,519 [INFO]   [KEY_3] 담당 30장소
2026-05-28 12:25:28,519 [INFO]   [KEY_4] 담당 30장소
2026-05-28 12:25:28,519 [INFO] [1/121] 경복궁 (primary=KEY_1)
2026-05-28 12:25:30,322 [INFO] [2/121] 광화문·덕수궁 (primary=KEY_2)
2026-05-28 12:25:32,259 [INFO] [3/121] 보신각 (primary=KEY_3)
2026-05-28 12:25:33,927 [INFO] [4/121] 서울 암사동 유적 (primary=KEY_4)
2026-05-28 12:25:35,450 [INFO] [5/121] 창덕궁·종묘 (primary=KEY_1)
2026-05-28 12:25:37,351 [INFO] [6/121] 강남 MICE 관광특구 (primary=KEY_2)
2026-05-28 12:25:38,663 [INFO] [7/121] 동대문 관광특구 (primary=KEY_3)
2026-05-28 12:25:39,964 [INFO] [8/121] 명동 관광특구 (primary=KEY_4)
2026-05-28 12:25:42,084 [INFO] [9/121] 이태원 관광특구 (primary=KEY_1)
2026-05-28 12:25:43,223 [INFO] [10/121] 잠실 관광특구 (primary=KEY_2)
2026-05-28 12:25:45,229 [INFO] [11/121] 종로·청계 관광특구 (primary=KEY_3)
2026-05-28 12:25:46,711 [INFO] [12/121] 홍대 관광특구 (primary=KEY_4)
2026-05-28 12:25:48,038 [INFO] [13/121] 강서한강공원 (primary=KEY_1)
2026-05-28 12:25:48,998 [INFO] [14/121] 고척돔 (primary=KEY_2)
2026-05-28 12:25:50,639 [INFO] [15/121] 광나루한강공원 (primary=KEY_3)
2026-05-28 12:25:51,728 [INFO] [16/121] 광화문광장 (primary=KEY_4)
2026-05-28 12:25:53,425 [INFO] [17/121] 국립중앙박물관·용산가족공원 (primary=KEY_1)
2026-05-28 12:25:54,394 [INFO] [18/121] 난지한강공원 (primary=KEY_2)
2026-05-28 12:25:55,369 [INFO] [19/121] 남산공원 (primary=KEY_3)
2026-05-28 12:25:56,663 [INFO] [20/121] 노들섬 (primary=KEY_4)
2026-05-28 12:25:57,623 [INFO] [21/121] 뚝섬한강공원 (primary=KEY_1)
2026-05-28 12:25:58,600 [INFO] [22/121] 망원한강공원 (primary=KEY_2)
2026-05-28 12:25:59,718 [INFO] [23/121] 반포한강공원 (primary=KEY_3)
2026-05-28 12:26:00,695 [INFO] [24/121] 보라매공원 (primary=KEY_4)
2026-05-28 12:26:01,712 [INFO] [25/121] 북서울꿈의숲 (primary=KEY_1)
2026-05-28 12:26:02,817 [INFO] [26/121] 서대문독립공원 (primary=KEY_2)
2026-05-28 12:26:03,800 [INFO] [27/121] 서리풀공원·몽마르뜨공원 (primary=KEY_3)
2026-05-28 12:26:05,240 [INFO] [28/121] 서울대공원 (primary=KEY_4)
2026-05-28 12:26:06,213 [INFO] [29/121] 서울숲공원 (primary=KEY_1)
2026-05-28 12:26:07,327 [INFO] [30/121] 송현녹지광장 (primary=KEY_2)
2026-05-28 12:26:08,449 [INFO] [31/121] 아차산 (primary=KEY_3)
2026-05-28 12:26:09,409 [INFO] [32/121] 안양천 (primary=KEY_4)
2026-05-28 12:26:10,364 [INFO] [33/121] 양화한강공원 (primary=KEY_1)
2026-05-28 12:26:11,465 [INFO] [34/121] 어린이대공원 (primary=KEY_2)
2026-05-28 12:26:12,567 [INFO] [35/121] 여의도한강공원 (primary=KEY_3)
2026-05-28 12:26:13,670 [INFO] [36/121] 여의서로 (primary=KEY_4)
2026-05-28 12:26:14,758 [INFO] [37/121] 올림픽공원 (primary=KEY_1)
2026-05-28 12:26:16,022 [INFO] [38/121] 월드컵공원 (primary=KEY_2)
2026-05-28 12:26:17,295 [INFO] [39/121] 응봉산 (primary=KEY_3)
2026-05-28 12:26:18,386 [INFO] [40/121] 이촌한강공원 (primary=KEY_4)
2026-05-28 12:26:19,356 [INFO] [41/121] 잠실종합운동장 (primary=KEY_1)
2026-05-28 12:26:20,332 [INFO] [42/121] 잠실한강공원 (primary=KEY_2)
2026-05-28 12:26:21,304 [INFO] [43/121] 잠원한강공원 (primary=KEY_3)
2026-05-28 12:26:22,267 [INFO] [44/121] 청계산 (primary=KEY_4)
2026-05-28 12:26:23,228 [INFO] [45/121] 홍제폭포 (primary=KEY_1)
2026-05-28 12:26:24,183 [INFO] [46/121] 가락시장 (primary=KEY_2)
2026-05-28 12:26:25,334 [INFO] [47/121] 가로수길 (primary=KEY_3)
2026-05-28 12:26:26,481 [INFO] [48/121] 광장(전통)시장 (primary=KEY_4)
2026-05-28 12:26:27,466 [INFO] [49/121] 김포공항 (primary=KEY_1)
2026-05-28 12:26:28,748 [INFO] [50/121] 남대문시장 (primary=KEY_2)
2026-05-28 12:26:29,857 [INFO] [51/121] 노량진 (primary=KEY_3)
2026-05-28 12:26:31,782 [INFO] [52/121] 덕수궁길·정동길 (primary=KEY_4)
2026-05-28 12:26:32,927 [INFO] [53/121] 북창동 먹자골목 (primary=KEY_1)
2026-05-28 12:26:34,028 [INFO] [54/121] 북촌한옥마을 (primary=KEY_2)
2026-05-28 12:26:35,287 [INFO] [55/121] 서촌 (primary=KEY_3)
2026-05-28 12:26:36,385 [INFO] [56/121] 성수카페거리 (primary=KEY_4)
2026-05-28 12:26:37,655 [INFO] [57/121] 송리단길·호수단길 (primary=KEY_1)
2026-05-28 12:26:38,785 [INFO] [58/121] 신촌 스타광장 (primary=KEY_2)
2026-05-28 12:26:39,770 [INFO] [59/121] 압구정로데오거리 (primary=KEY_3)
2026-05-28 12:26:40,884 [INFO] [60/121] 여의도 (primary=KEY_4)
2026-05-28 12:26:42,668 [INFO] [61/121] 연남동 (primary=KEY_1)
2026-05-28 12:26:43,788 [INFO] [62/121] 영등포 타임스퀘어 (primary=KEY_2)
2026-05-28 12:26:44,903 [INFO] [63/121] 용리단길 (primary=KEY_3)
2026-05-28 12:26:45,910 [INFO] [64/121] 이태원 앤틱가구거리 (primary=KEY_4)
2026-05-28 12:26:47,022 [INFO] [65/121] 익선동 (primary=KEY_1)
2026-05-28 12:26:48,196 [INFO] [66/121] 인사동 (primary=KEY_2)
2026-05-28 12:26:49,452 [INFO] [67/121] 잠실롯데타워·석촌호수 (primary=KEY_3)
2026-05-28 12:26:50,857 [INFO] [68/121] 창동 신경제 중심지 (primary=KEY_4)
2026-05-28 12:26:52,297 [INFO] [69/121] 청담동 명품거리 (primary=KEY_1)
2026-05-28 12:26:53,402 [INFO] [70/121] 청량리 제기동 일대 전통시장 (primary=KEY_2)
2026-05-28 12:26:55,365 [INFO] [71/121] 해방촌·경리단길 (primary=KEY_3)
2026-05-28 12:26:56,353 [INFO] [72/121] DDP(동대문디자인플라자) (primary=KEY_4)
2026-05-28 12:26:57,480 [INFO] [73/121] DMC(디지털미디어시티) (primary=KEY_1)
2026-05-28 12:26:58,904 [INFO] [74/121] 가산디지털단지역 (primary=KEY_2)
2026-05-28 12:27:00,470 [INFO] [75/121] 강남역 (primary=KEY_3)
2026-05-28 12:27:01,770 [INFO] [76/121] 건대입구역 (primary=KEY_4)
2026-05-28 12:27:02,901 [INFO] [77/121] 고덕역 (primary=KEY_1)
2026-05-28 12:27:04,004 [INFO] [78/121] 고속터미널역 (primary=KEY_2)
2026-05-28 12:27:05,172 [INFO] [79/121] 교대역 (primary=KEY_3)
2026-05-28 12:27:06,293 [INFO] [80/121] 구로디지털단지역 (primary=KEY_4)
2026-05-28 12:27:07,677 [INFO] [81/121] 구로역 (primary=KEY_1)
2026-05-28 12:27:08,778 [INFO] [82/121] 군자역 (primary=KEY_2)
2026-05-28 12:27:09,895 [INFO] [83/121] 대림역 (primary=KEY_3)
2026-05-28 12:27:11,070 [INFO] [84/121] 동대문역 (primary=KEY_4)
2026-05-28 12:27:12,198 [INFO] [85/121] 뚝섬역 (primary=KEY_1)
2026-05-28 12:27:13,317 [INFO] [86/121] 미아사거리역 (primary=KEY_2)
2026-05-28 12:27:14,442 [INFO] [87/121] 발산역 (primary=KEY_3)
2026-05-28 12:27:15,837 [INFO] [88/121] 사당역 (primary=KEY_4)
2026-05-28 12:27:16,962 [INFO] [89/121] 삼각지역 (primary=KEY_1)
2026-05-28 12:27:17,954 [INFO] [90/121] 서울대입구역 (primary=KEY_2)
2026-05-28 12:27:19,069 [INFO] [91/121] 서울식물원·마곡나루역 (primary=KEY_3)
2026-05-28 12:27:20,337 [INFO] [92/121] 서울역 (primary=KEY_4)
2026-05-28 12:27:21,745 [INFO] [93/121] 선릉역 (primary=KEY_1)
2026-05-28 12:27:23,162 [INFO] [94/121] 성신여대입구역 (primary=KEY_2)
2026-05-28 12:27:24,277 [INFO] [95/121] 수유역 (primary=KEY_3)
2026-05-28 12:27:25,420 [INFO] [96/121] 숭례문 (primary=KEY_4)
2026-05-28 12:27:26,560 [INFO] [97/121] 시의회 앞 (primary=KEY_1)
2026-05-28 12:27:27,673 [INFO] [98/121] 신논현역·논현역 (primary=KEY_2)
2026-05-28 12:27:28,832 [INFO] [99/121] 신도림역 (primary=KEY_3)
2026-05-28 12:27:29,831 [INFO] [100/121] 신림역 (primary=KEY_4)
2026-05-28 12:27:30,948 [INFO] [101/121] 신정네거리역 (primary=KEY_1)
2026-05-28 12:27:32,069 [INFO] [102/121] 신촌·이대역 (primary=KEY_2)
2026-05-28 12:27:33,200 [INFO] [103/121] 쌍문역 (primary=KEY_3)
2026-05-28 12:27:34,306 [INFO] [104/121] 양재역 (primary=KEY_4)
2026-05-28 12:27:35,429 [INFO] [105/121] 역삼역 (primary=KEY_1)
2026-05-28 12:27:36,687 [INFO] [106/121] 연신내역 (primary=KEY_2)
2026-05-28 12:27:37,685 [INFO] [107/121] 오목교역·목동운동장 (primary=KEY_3)
2026-05-28 12:27:39,215 [INFO] [108/121] 왕십리역 (primary=KEY_4)
2026-05-28 12:27:40,532 [INFO] [109/121] 용산역 (primary=KEY_1)
2026-05-28 12:27:41,861 [INFO] [110/121] 이태원역 (primary=KEY_2)
2026-05-28 12:27:42,847 [INFO] [111/121] 잠실새내역 (primary=KEY_3)
2026-05-28 12:27:43,976 [INFO] [112/121] 잠실역 (primary=KEY_4)
2026-05-28 12:27:45,254 [INFO] [113/121] 장지역 (primary=KEY_1)
2026-05-28 12:27:46,502 [INFO] [114/121] 장한평역 (primary=KEY_2)
2026-05-28 12:27:47,634 [INFO] [115/121] 천호역 (primary=KEY_3)
2026-05-28 12:27:48,926 [INFO] [116/121] 총신대입구(이수)역 (primary=KEY_4)
2026-05-28 12:27:50,062 [INFO] [117/121] 충정로역 (primary=KEY_1)
2026-05-28 12:27:51,195 [INFO] [118/121] 합정역 (primary=KEY_2)
2026-05-28 12:27:52,469 [INFO] [119/121] 혜화역 (primary=KEY_3)
2026-05-28 12:27:53,635 [INFO] [120/121] 홍대입구역(2호선) (primary=KEY_4)
2026-05-28 12:27:54,781 [INFO] [121/121] 회기역 (primary=KEY_1)
2026-05-28 12:27:57,444 [INFO] === 수집 완료 | 성공 121, 실패 0 ===
2026-05-28 12:27:57,444 [INFO] 카테고리별 저장 결과:
2026-05-28 12:27:57,444 [INFO]    accident                  | 신규     7행 | 누적     19행 | 16컬럼
2026-05-28 12:27:57,444 [INFO]    area_meta                 | 신규   121행 | 누적   1210행 | 5컬럼
2026-05-28 12:27:57,444 [INFO]    bike                      | 신규    11행 | 누적    110행 | 12컬럼
2026-05-28 12:27:57,444 [INFO]    bike_sbike_stts           | 신규   556행 | 누적   5569행 | 12컬럼
2026-05-28 12:27:57,444 [INFO]    bus                       | 신규     3행 | 누적     30행 | 11컬럼
2026-05-28 12:27:57,444 [INFO]    bus_bus_stn_stts          | 신규  1745행 | 누적  17450행 | 11컬럼
2026-05-28 12:27:57,444 [INFO]    charger                   | 신규     4행 | 누적    107행 | 15컬럼
2026-05-28 12:27:57,444 [INFO]    charger_charger_stts      | 신규  1870행 | 누적  13824행 | 15컬럼
2026-05-28 12:27:57,444 [INFO]    cmrcl                     | 신규    82행 | 누적    820행 | 20컬럼
2026-05-28 12:27:57,444 [INFO]    events                    | 신규    12행 | 누적    120행 | 14컬럼
2026-05-28 12:27:57,444 [INFO]    events_event_stts         | 신규   177행 | 누적   1762행 | 14컬럼
2026-05-28 12:27:57,444 [INFO]    news                      | 신규    15행 | 누적     21행 | 10컬럼
2026-05-28 12:27:57,444 [INFO]    parking                   | 신규     6행 | 누적     60행 | 21컬럼
2026-05-28 12:27:57,444 [INFO]    parking_prk_stts          | 신규  1835행 | 누적  18350행 | 21컬럼
2026-05-28 12:27:57,444 [INFO]    ppltn                     | 신규   121행 | 누적   1210행 | 26컬럼
2026-05-28 12:27:57,444 [INFO]    road                      | 신규   121행 | 누적   1210행 | 21컬럼
2026-05-28 12:27:57,444 [INFO]    road_road_traffic_stts    | 신규  5253행 | 누적  52530행 | 17컬럼
2026-05-28 12:27:57,444 [INFO]    subway                    | 신규    38행 | 누적    380행 | 13컬럼
2026-05-28 12:27:57,444 [INFO]    subway_sub_stts           | 신규   183행 | 누적   1830행 | 13컬럼
2026-05-28 12:27:57,444 [INFO]    weather                   | 신규   119행 | 누적   1190행 | 29컬럼
2026-05-28 12:27:57,444 [INFO] 키별 사용량:
2026-05-28 12:27:57,444 [INFO]    🟢 KEY_1 (31/1000) 
2026-05-28 12:27:57,445 [INFO]    🟢 KEY_2 (30/1000) 
2026-05-28 12:27:57,445 [INFO]    🟢 KEY_3 (30/1000) 
2026-05-28 12:27:57,445 [INFO]    🟢 KEY_4 (30/1000) 
2026-05-28 14:36:08,770 [INFO] 등록된 키: 4개, 합산 한도 4,000건/일
2026-05-28 14:36:08,770 [INFO] POI 로드: 매뉴얼 v8.5 기준 fallback 121개 (121개 전체)
2026-05-28 14:36:08,770 [INFO] === 수집 시작 2026-05-28T14:36:08.770896+09:00 ===
2026-05-28 14:36:08,770 [INFO] 대상 장소: 121개 | API: citydata (통합)
2026-05-28 14:36:08,771 [INFO] 키 풀: 4/4 활성 | 오늘 사용 0/4000건
2026-05-28 14:36:08,771 [INFO]   [KEY_1] 담당 31장소
2026-05-28 14:36:08,771 [INFO]   [KEY_2] 담당 30장소
2026-05-28 14:36:08,771 [INFO]   [KEY_3] 담당 30장소
2026-05-28 14:36:08,771 [INFO]   [KEY_4] 담당 30장소
2026-05-28 14:36:08,771 [INFO] [1/121] 경복궁 (primary=KEY_1)
2026-05-28 14:36:10,960 [INFO] [2/121] 광화문·덕수궁 (primary=KEY_2)
2026-05-28 14:36:13,362 [INFO] [3/121] 보신각 (primary=KEY_3)
2026-05-28 14:36:14,717 [INFO] [4/121] 서울 암사동 유적 (primary=KEY_4)
2026-05-28 14:36:16,638 [INFO] [5/121] 창덕궁·종묘 (primary=KEY_1)
2026-05-28 14:36:18,599 [INFO] [6/121] 강남 MICE 관광특구 (primary=KEY_2)
2026-05-28 14:36:20,772 [INFO] [7/121] 동대문 관광특구 (primary=KEY_3)
2026-05-28 14:36:23,542 [INFO] [8/121] 명동 관광특구 (primary=KEY_4)
2026-05-28 14:36:25,550 [INFO] [9/121] 이태원 관광특구 (primary=KEY_1)
2026-05-28 14:36:27,741 [INFO] [10/121] 잠실 관광특구 (primary=KEY_2)
2026-05-28 14:36:29,585 [INFO] [11/121] 종로·청계 관광특구 (primary=KEY_3)
2026-05-28 14:36:31,388 [INFO] [12/121] 홍대 관광특구 (primary=KEY_4)
2026-05-28 14:36:33,817 [INFO] [13/121] 강서한강공원 (primary=KEY_1)
2026-05-28 14:36:35,543 [INFO] [14/121] 고척돔 (primary=KEY_2)
2026-05-28 14:36:37,287 [INFO] [15/121] 광나루한강공원 (primary=KEY_3)
2026-05-28 14:36:38,604 [INFO] [16/121] 광화문광장 (primary=KEY_4)
2026-05-28 14:36:40,752 [INFO] [17/121] 국립중앙박물관·용산가족공원 (primary=KEY_1)
2026-05-28 14:36:41,935 [INFO] [18/121] 난지한강공원 (primary=KEY_2)
2026-05-28 14:36:43,681 [INFO] [19/121] 남산공원 (primary=KEY_3)
2026-05-28 14:36:46,541 [INFO] [20/121] 노들섬 (primary=KEY_4)
2026-05-28 14:36:48,485 [INFO] [21/121] 뚝섬한강공원 (primary=KEY_1)
2026-05-28 14:36:50,447 [INFO] [22/121] 망원한강공원 (primary=KEY_2)
2026-05-28 14:36:52,619 [INFO] [23/121] 반포한강공원 (primary=KEY_3)
2026-05-28 14:36:53,778 [INFO] [24/121] 보라매공원 (primary=KEY_4)
2026-05-28 14:36:54,961 [INFO] [25/121] 북서울꿈의숲 (primary=KEY_1)
2026-05-28 14:36:56,920 [INFO] [26/121] 서대문독립공원 (primary=KEY_2)
2026-05-28 14:36:58,084 [INFO] [27/121] 서리풀공원·몽마르뜨공원 (primary=KEY_3)
2026-05-28 14:37:00,272 [INFO] [28/121] 서울대공원 (primary=KEY_4)
2026-05-28 14:37:01,415 [INFO] [29/121] 서울숲공원 (primary=KEY_1)
2026-05-28 14:37:02,774 [INFO] [30/121] 송현녹지광장 (primary=KEY_2)
2026-05-28 14:37:04,135 [INFO] [31/121] 아차산 (primary=KEY_3)
2026-05-28 14:37:05,272 [INFO] [32/121] 안양천 (primary=KEY_4)
2026-05-28 14:37:06,425 [INFO] [33/121] 양화한강공원 (primary=KEY_1)
2026-05-28 14:37:08,195 [INFO] [34/121] 어린이대공원 (primary=KEY_2)
2026-05-28 14:37:09,563 [INFO] [35/121] 여의도한강공원 (primary=KEY_3)
2026-05-28 14:37:10,906 [INFO] [36/121] 여의서로 (primary=KEY_4)
2026-05-28 14:37:12,260 [INFO] [37/121] 올림픽공원 (primary=KEY_1)
2026-05-28 14:37:13,828 [INFO] [38/121] 월드컵공원 (primary=KEY_2)
2026-05-28 14:37:16,223 [INFO] [39/121] 응봉산 (primary=KEY_3)
2026-05-28 14:37:17,561 [INFO] [40/121] 이촌한강공원 (primary=KEY_4)
2026-05-28 14:37:18,708 [INFO] [41/121] 잠실종합운동장 (primary=KEY_1)
2026-05-28 14:37:20,681 [INFO] [42/121] 잠실한강공원 (primary=KEY_2)
2026-05-28 14:37:21,876 [INFO] [43/121] 잠원한강공원 (primary=KEY_3)
2026-05-28 14:37:23,060 [INFO] [44/121] 청계산 (primary=KEY_4)
2026-05-28 14:37:24,241 [INFO] [45/121] 홍제폭포 (primary=KEY_1)
2026-05-28 14:37:25,389 [INFO] [46/121] 가락시장 (primary=KEY_2)
2026-05-28 14:37:26,762 [INFO] [47/121] 가로수길 (primary=KEY_3)
2026-05-28 14:37:28,148 [INFO] [48/121] 광장(전통)시장 (primary=KEY_4)
2026-05-28 14:37:29,287 [INFO] [49/121] 김포공항 (primary=KEY_1)
2026-05-28 14:37:31,665 [INFO] [50/121] 남대문시장 (primary=KEY_2)
2026-05-28 14:37:33,052 [INFO] [51/121] 노량진 (primary=KEY_3)
2026-05-28 14:37:34,382 [INFO] [52/121] 덕수궁길·정동길 (primary=KEY_4)
2026-05-28 14:37:35,762 [INFO] [53/121] 북창동 먹자골목 (primary=KEY_1)
2026-05-28 14:37:37,122 [INFO] [54/121] 북촌한옥마을 (primary=KEY_2)
2026-05-28 14:37:39,664 [INFO] [55/121] 서촌 (primary=KEY_3)
2026-05-28 14:37:41,035 [INFO] [56/121] 성수카페거리 (primary=KEY_4)
2026-05-28 14:37:42,604 [INFO] [57/121] 송리단길·호수단길 (primary=KEY_1)
2026-05-28 14:37:44,002 [INFO] [58/121] 신촌 스타광장 (primary=KEY_2)
2026-05-28 14:37:45,183 [INFO] [59/121] 압구정로데오거리 (primary=KEY_3)
2026-05-28 14:37:46,551 [INFO] [60/121] 여의도 (primary=KEY_4)
2026-05-28 14:37:48,827 [INFO] [61/121] 연남동 (primary=KEY_1)
2026-05-28 14:37:50,169 [INFO] [62/121] 영등포 타임스퀘어 (primary=KEY_2)
2026-05-28 14:37:51,524 [INFO] [63/121] 용리단길 (primary=KEY_3)
2026-05-28 14:37:52,707 [INFO] [64/121] 이태원 앤틱가구거리 (primary=KEY_4)
2026-05-28 14:37:54,057 [INFO] [65/121] 익선동 (primary=KEY_1)
2026-05-28 14:37:55,449 [INFO] [66/121] 인사동 (primary=KEY_2)
2026-05-28 14:37:56,989 [INFO] [67/121] 잠실롯데타워·석촌호수 (primary=KEY_3)
2026-05-28 14:37:58,798 [INFO] [68/121] 창동 신경제 중심지 (primary=KEY_4)
2026-05-28 14:38:00,624 [INFO] [69/121] 청담동 명품거리 (primary=KEY_1)
2026-05-28 14:38:02,001 [INFO] [70/121] 청량리 제기동 일대 전통시장 (primary=KEY_2)
2026-05-28 14:38:03,927 [INFO] [71/121] 해방촌·경리단길 (primary=KEY_3)
2026-05-28 14:38:05,087 [INFO] [72/121] DDP(동대문디자인플라자) (primary=KEY_4)
2026-05-28 14:38:06,521 [INFO] [73/121] DMC(디지털미디어시티) (primary=KEY_1)
2026-05-28 14:38:08,367 [INFO] [74/121] 가산디지털단지역 (primary=KEY_2)
2026-05-28 14:38:10,346 [INFO] [75/121] 강남역 (primary=KEY_3)
2026-05-28 14:38:12,103 [INFO] [76/121] 건대입구역 (primary=KEY_4)
2026-05-28 14:38:13,480 [INFO] [77/121] 고덕역 (primary=KEY_1)
2026-05-28 14:38:14,877 [INFO] [78/121] 고속터미널역 (primary=KEY_2)
2026-05-28 14:38:16,264 [INFO] [79/121] 교대역 (primary=KEY_3)
2026-05-28 14:38:17,644 [INFO] [80/121] 구로디지털단지역 (primary=KEY_4)
2026-05-28 14:38:19,407 [INFO] [81/121] 구로역 (primary=KEY_1)
2026-05-28 14:38:20,784 [INFO] [82/121] 군자역 (primary=KEY_2)
2026-05-28 14:38:23,331 [INFO] [83/121] 대림역 (primary=KEY_3)
2026-05-28 14:38:24,714 [INFO] [84/121] 동대문역 (primary=KEY_4)
2026-05-28 14:38:26,103 [INFO] [85/121] 뚝섬역 (primary=KEY_1)
2026-05-28 14:38:27,478 [INFO] [86/121] 미아사거리역 (primary=KEY_2)
2026-05-28 14:38:29,441 [INFO] [87/121] 발산역 (primary=KEY_3)
2026-05-28 14:38:31,213 [INFO] [88/121] 사당역 (primary=KEY_4)
2026-05-28 14:38:32,590 [INFO] [89/121] 삼각지역 (primary=KEY_1)
2026-05-28 14:38:33,766 [INFO] [90/121] 서울대입구역 (primary=KEY_2)
2026-05-28 14:38:35,127 [INFO] [91/121] 서울식물원·마곡나루역 (primary=KEY_3)
2026-05-28 14:38:36,740 [INFO] [92/121] 서울역 (primary=KEY_4)
2026-05-28 14:38:38,352 [INFO] [93/121] 선릉역 (primary=KEY_1)
2026-05-28 14:38:40,136 [INFO] [94/121] 성신여대입구역 (primary=KEY_2)
2026-05-28 14:38:41,395 [INFO] [95/121] 수유역 (primary=KEY_3)
2026-05-28 14:38:42,781 [INFO] [96/121] 숭례문 (primary=KEY_4)
2026-05-28 14:38:44,168 [INFO] [97/121] 시의회 앞 (primary=KEY_1)
2026-05-28 14:38:46,134 [INFO] [98/121] 신논현역·논현역 (primary=KEY_2)
2026-05-28 14:38:47,554 [INFO] [99/121] 신도림역 (primary=KEY_3)
2026-05-28 14:38:48,714 [INFO] [100/121] 신림역 (primary=KEY_4)
2026-05-28 14:38:50,070 [INFO] [101/121] 신정네거리역 (primary=KEY_1)
2026-05-28 14:38:51,437 [INFO] [102/121] 신촌·이대역 (primary=KEY_2)
2026-05-28 14:38:52,819 [INFO] [103/121] 쌍문역 (primary=KEY_3)
2026-05-28 14:38:54,217 [INFO] [104/121] 양재역 (primary=KEY_4)
2026-05-28 14:38:55,588 [INFO] [105/121] 역삼역 (primary=KEY_1)
2026-05-28 14:38:57,117 [INFO] [106/121] 연신내역 (primary=KEY_2)
2026-05-28 14:38:58,309 [INFO] [107/121] 오목교역·목동운동장 (primary=KEY_3)
2026-05-28 14:39:00,948 [INFO] [108/121] 왕십리역 (primary=KEY_4)
2026-05-28 14:39:02,633 [INFO] [109/121] 용산역 (primary=KEY_1)
2026-05-28 14:39:04,249 [INFO] [110/121] 이태원역 (primary=KEY_2)
2026-05-28 14:39:05,384 [INFO] [111/121] 잠실새내역 (primary=KEY_3)
2026-05-28 14:39:06,770 [INFO] [112/121] 잠실역 (primary=KEY_4)
2026-05-28 14:39:08,341 [INFO] [113/121] 장지역 (primary=KEY_1)
2026-05-28 14:39:09,884 [INFO] [114/121] 장한평역 (primary=KEY_2)
2026-05-28 14:39:11,265 [INFO] [115/121] 천호역 (primary=KEY_3)
2026-05-28 14:39:12,820 [INFO] [116/121] 총신대입구(이수)역 (primary=KEY_4)
2026-05-28 14:39:14,151 [INFO] [117/121] 충정로역 (primary=KEY_1)
2026-05-28 14:39:15,579 [INFO] [118/121] 합정역 (primary=KEY_2)
2026-05-28 14:39:16,960 [INFO] [119/121] 혜화역 (primary=KEY_3)
2026-05-28 14:39:18,337 [INFO] [120/121] 홍대입구역(2호선) (primary=KEY_4)
2026-05-28 14:39:19,693 [INFO] [121/121] 회기역 (primary=KEY_1)
2026-05-28 14:39:22,982 [INFO] === 수집 완료 | 성공 121, 실패 0 ===
2026-05-28 14:39:22,982 [INFO] 카테고리별 저장 결과:
2026-05-28 14:39:22,982 [INFO]    accident                  | 신규     2행 | 누적     21행 | 16컬럼
2026-05-28 14:39:22,982 [INFO]    accident_acdnt_cntrl_stts | 신규     6행 | 누적      9행 | 16컬럼
2026-05-28 14:39:22,983 [INFO]    area_meta                 | 신규   121행 | 누적   1331행 | 5컬럼
2026-05-28 14:39:22,983 [INFO]    bike                      | 신규    11행 | 누적    121행 | 12컬럼
2026-05-28 14:39:22,983 [INFO]    bike_sbike_stts           | 신규   556행 | 누적   6125행 | 12컬럼
2026-05-28 14:39:22,983 [INFO]    bus                       | 신규     3행 | 누적     33행 | 11컬럼
2026-05-28 14:39:22,983 [INFO]    bus_bus_stn_stts          | 신규  1745행 | 누적  19195행 | 11컬럼
2026-05-28 14:39:22,983 [INFO]    charger                   | 신규     4행 | 누적    111행 | 15컬럼
2026-05-28 14:39:22,983 [INFO]    charger_charger_stts      | 신규  1870행 | 누적  15679행 | 15컬럼
2026-05-28 14:39:22,983 [INFO]    cmrcl                     | 신규    82행 | 누적    902행 | 20컬럼
2026-05-28 14:39:22,983 [INFO]    disaster                  | 신규    21행 | 누적     21행 | 9컬럼
2026-05-28 14:39:22,983 [INFO]    events                    | 신규    12행 | 누적    132행 | 14컬럼
2026-05-28 14:39:22,983 [INFO]    events_event_stts         | 신규   177행 | 누적   1939행 | 14컬럼
2026-05-28 14:39:22,983 [INFO]    news                      | 신규    19행 | 누적     40행 | 10컬럼
2026-05-28 14:39:22,983 [INFO]    parking                   | 신규     6행 | 누적     66행 | 21컬럼
2026-05-28 14:39:22,983 [INFO]    parking_prk_stts          | 신규  1835행 | 누적  20185행 | 21컬럼
2026-05-28 14:39:22,983 [INFO]    ppltn                     | 신규   121행 | 누적   1331행 | 26컬럼
2026-05-28 14:39:22,983 [INFO]    road                      | 신규   121행 | 누적   1331행 | 21컬럼
2026-05-28 14:39:22,983 [INFO]    road_road_traffic_stts    | 신규  5253행 | 누적  57783행 | 17컬럼
2026-05-28 14:39:22,983 [INFO]    subway                    | 신규    38행 | 누적    418행 | 13컬럼
2026-05-28 14:39:22,983 [INFO]    subway_sub_stts           | 신규   183행 | 누적   2013행 | 13컬럼
2026-05-28 14:39:22,983 [INFO]    weather                   | 신규   119행 | 누적   1309행 | 29컬럼
2026-05-28 14:39:22,983 [INFO] 키별 사용량:
2026-05-28 14:39:22,983 [INFO]    🟢 KEY_1 (31/1000) 
2026-05-28 14:39:22,983 [INFO]    🟢 KEY_2 (30/1000) 
2026-05-28 14:39:22,983 [INFO]    🟢 KEY_3 (30/1000) 
2026-05-28 14:39:22,983 [INFO]    🟢 KEY_4 (30/1000) 
2026-05-28 16:39:54,393 [INFO] 등록된 키: 4개, 합산 한도 4,000건/일
2026-05-28 16:39:54,394 [INFO] POI 로드: 매뉴얼 v8.5 기준 fallback 121개 (121개 전체)
2026-05-28 16:39:54,394 [INFO] === 수집 시작 2026-05-28T16:39:54.394117+09:00 ===
2026-05-28 16:39:54,394 [INFO] 대상 장소: 121개 | API: citydata (통합)
2026-05-28 16:39:54,394 [INFO] 키 풀: 4/4 활성 | 오늘 사용 0/4000건
2026-05-28 16:39:54,394 [INFO]   [KEY_1] 담당 31장소
2026-05-28 16:39:54,394 [INFO]   [KEY_2] 담당 30장소
2026-05-28 16:39:54,394 [INFO]   [KEY_3] 담당 30장소
2026-05-28 16:39:54,394 [INFO]   [KEY_4] 담당 30장소
2026-05-28 16:39:54,394 [INFO] [1/121] 경복궁 (primary=KEY_1)
2026-05-28 16:39:56,356 [INFO] [2/121] 광화문·덕수궁 (primary=KEY_2)
2026-05-28 16:39:58,539 [INFO] [3/121] 보신각 (primary=KEY_3)
2026-05-28 16:40:00,687 [INFO] [4/121] 서울 암사동 유적 (primary=KEY_4)
2026-05-28 16:40:02,613 [INFO] [5/121] 창덕궁·종묘 (primary=KEY_1)
2026-05-28 16:40:04,728 [INFO] [6/121] 강남 MICE 관광특구 (primary=KEY_2)
2026-05-28 16:40:06,580 [INFO] [7/121] 동대문 관광특구 (primary=KEY_3)
2026-05-28 16:40:08,200 [INFO] [8/121] 명동 관광특구 (primary=KEY_4)
2026-05-28 16:40:10,770 [INFO] [9/121] 이태원 관광특구 (primary=KEY_1)
2026-05-28 16:40:13,151 [INFO] [10/121] 잠실 관광특구 (primary=KEY_2)
2026-05-28 16:40:14,731 [INFO] [11/121] 종로·청계 관광특구 (primary=KEY_3)
2026-05-28 16:40:17,153 [INFO] [12/121] 홍대 관광특구 (primary=KEY_4)
2026-05-28 16:40:19,333 [INFO] [13/121] 강서한강공원 (primary=KEY_1)
2026-05-28 16:40:21,259 [INFO] [14/121] 고척돔 (primary=KEY_2)
2026-05-28 16:40:22,404 [INFO] [15/121] 광나루한강공원 (primary=KEY_3)
2026-05-28 16:40:24,537 [INFO] [16/121] 광화문광장 (primary=KEY_4)
2026-05-28 16:40:26,490 [INFO] [17/121] 국립중앙박물관·용산가족공원 (primary=KEY_1)
2026-05-28 16:40:28,812 [INFO] [18/121] 난지한강공원 (primary=KEY_2)
2026-05-28 16:40:29,975 [INFO] [19/121] 남산공원 (primary=KEY_3)
2026-05-28 16:40:32,323 [INFO] [20/121] 노들섬 (primary=KEY_4)
2026-05-28 16:40:33,470 [INFO] [21/121] 뚝섬한강공원 (primary=KEY_1)
2026-05-28 16:40:34,830 [INFO] [22/121] 망원한강공원 (primary=KEY_2)
2026-05-28 16:40:36,240 [INFO] [23/121] 반포한강공원 (primary=KEY_3)
2026-05-28 16:40:38,158 [INFO] [24/121] 보라매공원 (primary=KEY_4)
2026-05-28 16:40:39,916 [INFO] [25/121] 북서울꿈의숲 (primary=KEY_1)
2026-05-28 16:40:41,086 [INFO] [26/121] 서대문독립공원 (primary=KEY_2)
2026-05-28 16:40:42,816 [INFO] [27/121] 서리풀공원·몽마르뜨공원 (primary=KEY_3)
2026-05-28 16:40:44,194 [INFO] [28/121] 서울대공원 (primary=KEY_4)
2026-05-28 16:40:45,329 [INFO] [29/121] 서울숲공원 (primary=KEY_1)
2026-05-28 16:40:47,262 [INFO] [30/121] 송현녹지광장 (primary=KEY_2)
2026-05-28 16:40:48,626 [INFO] [31/121] 아차산 (primary=KEY_3)
2026-05-28 16:40:49,771 [INFO] [32/121] 안양천 (primary=KEY_4)
2026-05-28 16:40:50,955 [INFO] [33/121] 양화한강공원 (primary=KEY_1)
2026-05-28 16:40:52,100 [INFO] [34/121] 어린이대공원 (primary=KEY_2)
2026-05-28 16:40:53,437 [INFO] [35/121] 여의도한강공원 (primary=KEY_3)
2026-05-28 16:40:55,538 [INFO] [36/121] 여의서로 (primary=KEY_4)
2026-05-28 16:40:56,905 [INFO] [37/121] 올림픽공원 (primary=KEY_1)
2026-05-28 16:40:58,304 [INFO] [38/121] 월드컵공원 (primary=KEY_2)
2026-05-28 16:40:59,888 [INFO] [39/121] 응봉산 (primary=KEY_3)
2026-05-28 16:41:01,260 [INFO] [40/121] 이촌한강공원 (primary=KEY_4)
2026-05-28 16:41:02,432 [INFO] [41/121] 잠실종합운동장 (primary=KEY_1)
2026-05-28 16:41:03,608 [INFO] [42/121] 잠실한강공원 (primary=KEY_2)
2026-05-28 16:41:04,790 [INFO] [43/121] 잠원한강공원 (primary=KEY_3)
2026-05-28 16:41:05,932 [INFO] [44/121] 청계산 (primary=KEY_4)
2026-05-28 16:41:07,073 [INFO] [45/121] 홍제폭포 (primary=KEY_1)
2026-05-28 16:41:08,235 [INFO] [46/121] 가락시장 (primary=KEY_2)
2026-05-28 16:41:10,232 [INFO] [47/121] 가로수길 (primary=KEY_3)
2026-05-28 16:41:11,644 [INFO] [48/121] 광장(전통)시장 (primary=KEY_4)
2026-05-28 16:41:12,801 [INFO] [49/121] 김포공항 (primary=KEY_1)
2026-05-28 16:41:14,179 [INFO] [50/121] 남대문시장 (primary=KEY_2)
2026-05-28 16:41:16,524 [INFO] [51/121] 노량진 (primary=KEY_3)
2026-05-28 16:41:18,505 [INFO] [52/121] 덕수궁길·정동길 (primary=KEY_4)
2026-05-28 16:41:19,873 [INFO] [53/121] 북창동 먹자골목 (primary=KEY_1)
2026-05-28 16:41:21,029 [INFO] [54/121] 북촌한옥마을 (primary=KEY_2)
2026-05-28 16:41:22,472 [INFO] [55/121] 서촌 (primary=KEY_3)
2026-05-28 16:41:23,842 [INFO] [56/121] 성수카페거리 (primary=KEY_4)
2026-05-28 16:41:25,969 [INFO] [57/121] 송리단길·호수단길 (primary=KEY_1)
2026-05-28 16:41:27,312 [INFO] [58/121] 신촌 스타광장 (primary=KEY_2)
2026-05-28 16:41:28,471 [INFO] [59/121] 압구정로데오거리 (primary=KEY_3)
2026-05-28 16:41:29,800 [INFO] [60/121] 여의도 (primary=KEY_4)
2026-05-28 16:41:31,850 [INFO] [61/121] 연남동 (primary=KEY_1)
2026-05-28 16:41:33,245 [INFO] [62/121] 영등포 타임스퀘어 (primary=KEY_2)
2026-05-28 16:41:34,555 [INFO] [63/121] 용리단길 (primary=KEY_3)
2026-05-28 16:41:35,768 [INFO] [64/121] 이태원 앤틱가구거리 (primary=KEY_4)
2026-05-28 16:41:37,140 [INFO] [65/121] 익선동 (primary=KEY_1)
2026-05-28 16:41:38,490 [INFO] [66/121] 인사동 (primary=KEY_2)
2026-05-28 16:41:39,865 [INFO] [67/121] 잠실롯데타워·석촌호수 (primary=KEY_3)
2026-05-28 16:41:41,267 [INFO] [68/121] 창동 신경제 중심지 (primary=KEY_4)
2026-05-28 16:41:42,892 [INFO] [69/121] 청담동 명품거리 (primary=KEY_1)
2026-05-28 16:41:45,049 [INFO] [70/121] 청량리 제기동 일대 전통시장 (primary=KEY_2)
2026-05-28 16:41:46,382 [INFO] [71/121] 해방촌·경리단길 (primary=KEY_3)
2026-05-28 16:41:48,289 [INFO] [72/121] DDP(동대문디자인플라자) (primary=KEY_4)
2026-05-28 16:41:49,674 [INFO] [73/121] DMC(디지털미디어시티) (primary=KEY_1)
2026-05-28 16:41:51,263 [INFO] [74/121] 가산디지털단지역 (primary=KEY_2)
2026-05-28 16:41:52,824 [INFO] [75/121] 강남역 (primary=KEY_3)
2026-05-28 16:41:54,393 [INFO] [76/121] 건대입구역 (primary=KEY_4)
2026-05-28 16:41:55,731 [INFO] [77/121] 고덕역 (primary=KEY_1)
2026-05-28 16:41:57,083 [INFO] [78/121] 고속터미널역 (primary=KEY_2)
2026-05-28 16:41:58,278 [INFO] [79/121] 교대역 (primary=KEY_3)
2026-05-28 16:41:59,726 [INFO] [80/121] 구로디지털단지역 (primary=KEY_4)
2026-05-28 16:42:01,082 [INFO] [81/121] 구로역 (primary=KEY_1)
2026-05-28 16:42:02,248 [INFO] [82/121] 군자역 (primary=KEY_2)
2026-05-28 16:42:03,593 [INFO] [83/121] 대림역 (primary=KEY_3)
2026-05-28 16:42:05,021 [INFO] [84/121] 동대문역 (primary=KEY_4)
2026-05-28 16:42:06,380 [INFO] [85/121] 뚝섬역 (primary=KEY_1)
2026-05-28 16:42:08,328 [INFO] [86/121] 미아사거리역 (primary=KEY_2)
2026-05-28 16:42:09,689 [INFO] [87/121] 발산역 (primary=KEY_3)
2026-05-28 16:42:11,255 [INFO] [88/121] 사당역 (primary=KEY_4)
2026-05-28 16:42:12,626 [INFO] [89/121] 삼각지역 (primary=KEY_1)
2026-05-28 16:42:14,401 [INFO] [90/121] 서울대입구역 (primary=KEY_2)
2026-05-28 16:42:15,739 [INFO] [91/121] 서울식물원·마곡나루역 (primary=KEY_3)
2026-05-28 16:42:17,309 [INFO] [92/121] 서울역 (primary=KEY_4)
2026-05-28 16:42:19,174 [INFO] [93/121] 선릉역 (primary=KEY_1)
2026-05-28 16:42:20,988 [INFO] [94/121] 성신여대입구역 (primary=KEY_2)
2026-05-28 16:42:22,309 [INFO] [95/121] 수유역 (primary=KEY_3)
2026-05-28 16:42:23,704 [INFO] [96/121] 숭례문 (primary=KEY_4)
2026-05-28 16:42:25,079 [INFO] [97/121] 시의회 앞 (primary=KEY_1)
2026-05-28 16:42:26,498 [INFO] [98/121] 신논현역·논현역 (primary=KEY_2)
2026-05-28 16:42:27,943 [INFO] [99/121] 신도림역 (primary=KEY_3)
2026-05-28 16:42:29,116 [INFO] [100/121] 신림역 (primary=KEY_4)
2026-05-28 16:42:30,506 [INFO] [101/121] 신정네거리역 (primary=KEY_1)
2026-05-28 16:42:31,866 [INFO] [102/121] 신촌·이대역 (primary=KEY_2)
2026-05-28 16:42:33,249 [INFO] [103/121] 쌍문역 (primary=KEY_3)
2026-05-28 16:42:34,623 [INFO] [104/121] 양재역 (primary=KEY_4)
2026-05-28 16:42:35,998 [INFO] [105/121] 역삼역 (primary=KEY_1)
2026-05-28 16:42:37,553 [INFO] [106/121] 연신내역 (primary=KEY_2)
2026-05-28 16:42:38,736 [INFO] [107/121] 오목교역·목동운동장 (primary=KEY_3)
2026-05-28 16:42:40,759 [INFO] [108/121] 왕십리역 (primary=KEY_4)
2026-05-28 16:42:42,570 [INFO] [109/121] 용산역 (primary=KEY_1)
2026-05-28 16:42:44,182 [INFO] [110/121] 이태원역 (primary=KEY_2)
2026-05-28 16:42:45,378 [INFO] [111/121] 잠실새내역 (primary=KEY_3)
2026-05-28 16:42:46,772 [INFO] [112/121] 잠실역 (primary=KEY_4)
2026-05-28 16:42:48,360 [INFO] [113/121] 장지역 (primary=KEY_1)
2026-05-28 16:42:49,941 [INFO] [114/121] 장한평역 (primary=KEY_2)
2026-05-28 16:42:51,362 [INFO] [115/121] 천호역 (primary=KEY_3)
2026-05-28 16:42:52,981 [INFO] [116/121] 총신대입구(이수)역 (primary=KEY_4)
2026-05-28 16:42:54,353 [INFO] [117/121] 충정로역 (primary=KEY_1)
2026-05-28 16:42:55,736 [INFO] [118/121] 합정역 (primary=KEY_2)
2026-05-28 16:42:57,311 [INFO] [119/121] 혜화역 (primary=KEY_3)
2026-05-28 16:42:58,651 [INFO] [120/121] 홍대입구역(2호선) (primary=KEY_4)
2026-05-28 16:43:00,029 [INFO] [121/121] 회기역 (primary=KEY_1)
2026-05-28 16:43:03,476 [INFO] === 수집 완료 | 성공 121, 실패 0 ===
2026-05-28 16:43:03,476 [INFO] 카테고리별 저장 결과:
2026-05-28 16:43:03,476 [INFO]    accident                  | 신규     4행 | 누적     25행 | 16컬럼
2026-05-28 16:43:03,476 [INFO]    area_meta                 | 신규   121행 | 누적   1452행 | 5컬럼
2026-05-28 16:43:03,476 [INFO]    bike                      | 신규    11행 | 누적    132행 | 12컬럼
2026-05-28 16:43:03,476 [INFO]    bike_sbike_stts           | 신규   556행 | 누적   6681행 | 12컬럼
2026-05-28 16:43:03,477 [INFO]    bus                       | 신규     3행 | 누적     36행 | 11컬럼
2026-05-28 16:43:03,477 [INFO]    bus_bus_stn_stts          | 신규  1745행 | 누적  20940행 | 11컬럼
2026-05-28 16:43:03,477 [INFO]    charger                   | 신규    21행 | 누적    132행 | 15컬럼
2026-05-28 16:43:03,477 [INFO]    charger_charger_stts      | 신규   833행 | 누적  16506행 | 15컬럼
2026-05-28 16:43:03,477 [INFO]    cmrcl                     | 신규    82행 | 누적    984행 | 20컬럼
2026-05-28 16:43:03,477 [INFO]    disaster                  | 신규    21행 | 누적     42행 | 9컬럼
2026-05-28 16:43:03,477 [INFO]    events                    | 신규    12행 | 누적    144행 | 14컬럼
2026-05-28 16:43:03,477 [INFO]    events_event_stts         | 신규   177행 | 누적   2116행 | 14컬럼
2026-05-28 16:43:03,477 [INFO]    news                      | 신규   101행 | 누적    141행 | 10컬럼
2026-05-28 16:43:03,477 [INFO]    news_live_yna_news        | 신규    42행 | 누적     42행 | 10컬럼
2026-05-28 16:43:03,477 [INFO]    parking                   | 신규     6행 | 누적     72행 | 21컬럼
2026-05-28 16:43:03,477 [INFO]    parking_prk_stts          | 신규  1835행 | 누적  22020행 | 21컬럼
2026-05-28 16:43:03,477 [INFO]    ppltn                     | 신규   121행 | 누적   1452행 | 26컬럼
2026-05-28 16:43:03,477 [INFO]    road                      | 신규   121행 | 누적   1452행 | 21컬럼
2026-05-28 16:43:03,477 [INFO]    road_road_traffic_stts    | 신규  5253행 | 누적  63036행 | 17컬럼
2026-05-28 16:43:03,477 [INFO]    subway                    | 신규    38행 | 누적    456행 | 13컬럼
2026-05-28 16:43:03,477 [INFO]    subway_sub_stts           | 신규   183행 | 누적   2196행 | 13컬럼
2026-05-28 16:43:03,477 [INFO]    weather                   | 신규   119행 | 누적   1428행 | 29컬럼
2026-05-28 16:43:03,477 [INFO] 키별 사용량:
2026-05-28 16:43:03,477 [INFO]    🟢 KEY_1 (31/1000) 
2026-05-28 16:43:03,477 [INFO]    🟢 KEY_2 (30/1000) 
2026-05-28 16:43:03,477 [INFO]    🟢 KEY_3 (30/1000) 
2026-05-28 16:43:03,477 [INFO]    🟢 KEY_4 (30/1000) 
2026-05-28 18:31:49,305 [INFO] 등록된 키: 4개, 합산 한도 4,000건/일
2026-05-28 18:31:49,306 [INFO] POI 로드: 매뉴얼 v8.5 기준 fallback 121개 (121개 전체)
2026-05-28 18:31:49,306 [INFO] === 수집 시작 2026-05-28T18:31:49.306719+09:00 ===
2026-05-28 18:31:49,306 [INFO] 대상 장소: 121개 | API: citydata (통합)
2026-05-28 18:31:49,306 [INFO] 키 풀: 4/4 활성 | 오늘 사용 0/4000건
2026-05-28 18:31:49,306 [INFO]   [KEY_1] 담당 31장소
2026-05-28 18:31:49,307 [INFO]   [KEY_2] 담당 30장소
2026-05-28 18:31:49,307 [INFO]   [KEY_3] 담당 30장소
2026-05-28 18:31:49,307 [INFO]   [KEY_4] 담당 30장소
2026-05-28 18:31:49,307 [INFO] [1/121] 경복궁 (primary=KEY_1)
2026-05-28 18:31:51,273 [INFO] [2/121] 광화문·덕수궁 (primary=KEY_2)
2026-05-28 18:31:53,835 [INFO] [3/121] 보신각 (primary=KEY_3)
2026-05-28 18:31:55,765 [INFO] [4/121] 서울 암사동 유적 (primary=KEY_4)
2026-05-28 18:31:58,850 [INFO] [5/121] 창덕궁·종묘 (primary=KEY_1)
2026-05-28 18:32:00,203 [INFO] [6/121] 강남 MICE 관광특구 (primary=KEY_2)
2026-05-28 18:32:02,373 [INFO] [7/121] 동대문 관광특구 (primary=KEY_3)
2026-05-28 18:32:04,872 [INFO] [8/121] 명동 관광특구 (primary=KEY_4)
2026-05-28 18:32:07,277 [INFO] [9/121] 이태원 관광특구 (primary=KEY_1)
2026-05-28 18:32:08,617 [INFO] [10/121] 잠실 관광특구 (primary=KEY_2)
2026-05-28 18:32:10,415 [INFO] [11/121] 종로·청계 관광특구 (primary=KEY_3)
2026-05-28 18:32:12,650 [INFO] [12/121] 홍대 관광특구 (primary=KEY_4)
2026-05-28 18:32:15,055 [INFO] [13/121] 강서한강공원 (primary=KEY_1)
2026-05-28 18:32:16,174 [INFO] [14/121] 고척돔 (primary=KEY_2)
2026-05-28 18:32:17,334 [INFO] [15/121] 광나루한강공원 (primary=KEY_3)
2026-05-28 18:32:18,878 [INFO] [16/121] 광화문광장 (primary=KEY_4)
2026-05-28 18:32:20,256 [INFO] [17/121] 국립중앙박물관·용산가족공원 (primary=KEY_1)
2026-05-28 18:32:22,002 [INFO] [18/121] 난지한강공원 (primary=KEY_2)
2026-05-28 18:32:23,739 [INFO] [19/121] 남산공원 (primary=KEY_3)
2026-05-28 18:32:25,915 [INFO] [20/121] 노들섬 (primary=KEY_4)
2026-05-28 18:32:28,223 [INFO] [21/121] 뚝섬한강공원 (primary=KEY_1)
2026-05-28 18:32:29,382 [INFO] [22/121] 망원한강공원 (primary=KEY_2)
2026-05-28 18:32:30,772 [INFO] [23/121] 반포한강공원 (primary=KEY_3)
2026-05-28 18:32:33,097 [INFO] [24/121] 보라매공원 (primary=KEY_4)
2026-05-28 18:32:34,265 [INFO] [25/121] 북서울꿈의숲 (primary=KEY_1)
2026-05-28 18:32:35,830 [INFO] [26/121] 서대문독립공원 (primary=KEY_2)
2026-05-28 18:32:37,586 [INFO] [27/121] 서리풀공원·몽마르뜨공원 (primary=KEY_3)
2026-05-28 18:32:39,599 [INFO] [28/121] 서울대공원 (primary=KEY_4)
2026-05-28 18:32:41,343 [INFO] [29/121] 서울숲공원 (primary=KEY_1)
2026-05-28 18:32:43,222 [INFO] [30/121] 송현녹지광장 (primary=KEY_2)
2026-05-28 18:32:44,580 [INFO] [31/121] 아차산 (primary=KEY_3)
2026-05-28 18:32:45,748 [INFO] [32/121] 안양천 (primary=KEY_4)
2026-05-28 18:32:46,903 [INFO] [33/121] 양화한강공원 (primary=KEY_1)
2026-05-28 18:32:48,829 [INFO] [34/121] 어린이대공원 (primary=KEY_2)
2026-05-28 18:32:50,995 [INFO] [35/121] 여의도한강공원 (primary=KEY_3)
2026-05-28 18:32:52,934 [INFO] [36/121] 여의서로 (primary=KEY_4)
2026-05-28 18:32:54,264 [INFO] [37/121] 올림픽공원 (primary=KEY_1)
2026-05-28 18:32:55,861 [INFO] [38/121] 월드컵공원 (primary=KEY_2)
2026-05-28 18:32:57,449 [INFO] [39/121] 응봉산 (primary=KEY_3)
2026-05-28 18:32:58,800 [INFO] [40/121] 이촌한강공원 (primary=KEY_4)
2026-05-28 18:33:00,539 [INFO] [41/121] 잠실종합운동장 (primary=KEY_1)
2026-05-28 18:33:01,887 [INFO] [42/121] 잠실한강공원 (primary=KEY_2)
2026-05-28 18:33:03,039 [INFO] [43/121] 잠원한강공원 (primary=KEY_3)
2026-05-28 18:33:04,190 [INFO] [44/121] 청계산 (primary=KEY_4)
2026-05-28 18:33:06,134 [INFO] [45/121] 홍제폭포 (primary=KEY_1)
2026-05-28 18:33:07,255 [INFO] [46/121] 가락시장 (primary=KEY_2)
2026-05-28 18:33:09,434 [INFO] [47/121] 가로수길 (primary=KEY_3)
2026-05-28 18:33:10,783 [INFO] [48/121] 광장(전통)시장 (primary=KEY_4)
2026-05-28 18:33:11,975 [INFO] [49/121] 김포공항 (primary=KEY_1)
2026-05-28 18:33:13,529 [INFO] [50/121] 남대문시장 (primary=KEY_2)
2026-05-28 18:33:14,888 [INFO] [51/121] 노량진 (primary=KEY_3)
2026-05-28 18:33:16,271 [INFO] [52/121] 덕수궁길·정동길 (primary=KEY_4)
2026-05-28 18:33:18,434 [INFO] [53/121] 북창동 먹자골목 (primary=KEY_1)
2026-05-28 18:33:19,784 [INFO] [54/121] 북촌한옥마을 (primary=KEY_2)
2026-05-28 18:33:21,300 [INFO] [55/121] 서촌 (primary=KEY_3)
2026-05-28 18:33:22,615 [INFO] [56/121] 성수카페거리 (primary=KEY_4)
2026-05-28 18:33:24,173 [INFO] [57/121] 송리단길·호수단길 (primary=KEY_1)
2026-05-28 18:33:25,556 [INFO] [58/121] 신촌 스타광장 (primary=KEY_2)
2026-05-28 18:33:26,755 [INFO] [59/121] 압구정로데오거리 (primary=KEY_3)
2026-05-28 18:33:28,119 [INFO] [60/121] 여의도 (primary=KEY_4)
2026-05-28 18:33:30,287 [INFO] [61/121] 연남동 (primary=KEY_1)
2026-05-28 18:33:31,611 [INFO] [62/121] 영등포 타임스퀘어 (primary=KEY_2)
2026-05-28 18:33:32,956 [INFO] [63/121] 용리단길 (primary=KEY_3)
2026-05-28 18:33:34,145 [INFO] [64/121] 이태원 앤틱가구거리 (primary=KEY_4)
2026-05-28 18:33:35,508 [INFO] [65/121] 익선동 (primary=KEY_1)
2026-05-28 18:33:36,857 [INFO] [66/121] 인사동 (primary=KEY_2)
2026-05-28 18:33:38,488 [INFO] [67/121] 잠실롯데타워·석촌호수 (primary=KEY_3)
2026-05-28 18:33:40,227 [INFO] [68/121] 창동 신경제 중심지 (primary=KEY_4)
2026-05-28 18:33:42,054 [INFO] [69/121] 청담동 명품거리 (primary=KEY_1)
2026-05-28 18:33:43,399 [INFO] [70/121] 청량리 제기동 일대 전통시장 (primary=KEY_2)
2026-05-28 18:33:44,787 [INFO] [71/121] 해방촌·경리단길 (primary=KEY_3)
2026-05-28 18:33:45,945 [INFO] [72/121] DDP(동대문디자인플라자) (primary=KEY_4)
2026-05-28 18:33:47,375 [INFO] [73/121] DMC(디지털미디어시티) (primary=KEY_1)
2026-05-28 18:33:49,495 [INFO] [74/121] 가산디지털단지역 (primary=KEY_2)
2026-05-28 18:33:51,479 [INFO] [75/121] 강남역 (primary=KEY_3)
2026-05-28 18:33:53,071 [INFO] [76/121] 건대입구역 (primary=KEY_4)
2026-05-28 18:33:54,417 [INFO] [77/121] 고덕역 (primary=KEY_1)
2026-05-28 18:33:55,780 [INFO] [78/121] 고속터미널역 (primary=KEY_2)
2026-05-28 18:33:57,208 [INFO] [79/121] 교대역 (primary=KEY_3)
2026-05-28 18:33:58,574 [INFO] [80/121] 구로디지털단지역 (primary=KEY_4)
2026-05-28 18:34:00,347 [INFO] [81/121] 구로역 (primary=KEY_1)
2026-05-28 18:34:01,710 [INFO] [82/121] 군자역 (primary=KEY_2)
2026-05-28 18:34:03,080 [INFO] [83/121] 대림역 (primary=KEY_3)
2026-05-28 18:34:04,459 [INFO] [84/121] 동대문역 (primary=KEY_4)
2026-05-28 18:34:05,862 [INFO] [85/121] 뚝섬역 (primary=KEY_1)
2026-05-28 18:34:07,239 [INFO] [86/121] 미아사거리역 (primary=KEY_2)
2026-05-28 18:34:08,633 [INFO] [87/121] 발산역 (primary=KEY_3)
2026-05-28 18:34:10,362 [INFO] [88/121] 사당역 (primary=KEY_4)
2026-05-28 18:34:11,790 [INFO] [89/121] 삼각지역 (primary=KEY_1)
2026-05-28 18:34:12,977 [INFO] [90/121] 서울대입구역 (primary=KEY_2)
2026-05-28 18:34:14,343 [INFO] [91/121] 서울식물원·마곡나루역 (primary=KEY_3)
2026-05-28 18:34:15,907 [INFO] [92/121] 서울역 (primary=KEY_4)
2026-05-28 18:34:17,554 [INFO] [93/121] 선릉역 (primary=KEY_1)
2026-05-28 18:34:19,394 [INFO] [94/121] 성신여대입구역 (primary=KEY_2)
2026-05-28 18:34:20,768 [INFO] [95/121] 수유역 (primary=KEY_3)
2026-05-28 18:34:22,125 [INFO] [96/121] 숭례문 (primary=KEY_4)
2026-05-28 18:34:23,456 [INFO] [97/121] 시의회 앞 (primary=KEY_1)
2026-05-28 18:34:24,816 [INFO] [98/121] 신논현역·논현역 (primary=KEY_2)
2026-05-28 18:34:26,197 [INFO] [99/121] 신도림역 (primary=KEY_3)
2026-05-28 18:34:27,390 [INFO] [100/121] 신림역 (primary=KEY_4)
2026-05-28 18:34:28,728 [INFO] [101/121] 신정네거리역 (primary=KEY_1)
2026-05-28 18:34:30,089 [INFO] [102/121] 신촌·이대역 (primary=KEY_2)
2026-05-28 18:34:31,474 [INFO] [103/121] 쌍문역 (primary=KEY_3)
2026-05-28 18:34:32,824 [INFO] [104/121] 양재역 (primary=KEY_4)
2026-05-28 18:34:34,164 [INFO] [105/121] 역삼역 (primary=KEY_1)
2026-05-28 18:34:35,806 [INFO] [106/121] 연신내역 (primary=KEY_2)
2026-05-28 18:34:37,032 [INFO] [107/121] 오목교역·목동운동장 (primary=KEY_3)
2026-05-28 18:34:39,072 [INFO] [108/121] 왕십리역 (primary=KEY_4)
2026-05-28 18:34:41,817 [INFO] [109/121] 용산역 (primary=KEY_1)
2026-05-28 18:34:43,354 [INFO] [110/121] 이태원역 (primary=KEY_2)
2026-05-28 18:34:44,561 [INFO] [111/121] 잠실새내역 (primary=KEY_3)
2026-05-28 18:34:45,925 [INFO] [112/121] 잠실역 (primary=KEY_4)
2026-05-28 18:34:47,534 [INFO] [113/121] 장지역 (primary=KEY_1)
2026-05-28 18:34:49,075 [INFO] [114/121] 장한평역 (primary=KEY_2)
2026-05-28 18:34:50,434 [INFO] [115/121] 천호역 (primary=KEY_3)
2026-05-28 18:34:52,016 [INFO] [116/121] 총신대입구(이수)역 (primary=KEY_4)
2026-05-28 18:34:53,381 [INFO] [117/121] 충정로역 (primary=KEY_1)
2026-05-28 18:34:54,764 [INFO] [118/121] 합정역 (primary=KEY_2)
2026-05-28 18:34:56,401 [INFO] [119/121] 혜화역 (primary=KEY_3)
2026-05-28 18:34:57,785 [INFO] [120/121] 홍대입구역(2호선) (primary=KEY_4)
2026-05-28 18:34:59,453 [INFO] [121/121] 회기역 (primary=KEY_1)
2026-05-28 18:35:03,123 [INFO] === 수집 완료 | 성공 121, 실패 0 ===
2026-05-28 18:35:03,123 [INFO] 카테고리별 저장 결과:
2026-05-28 18:35:03,123 [INFO]    accident                  | 신규     1행 | 누적     26행 | 16컬럼
2026-05-28 18:35:03,123 [INFO]    area_meta                 | 신규   121행 | 누적   1573행 | 5컬럼
2026-05-28 18:35:03,123 [INFO]    bike                      | 신규    10행 | 누적    142행 | 12컬럼
2026-05-28 18:35:03,123 [INFO]    bike_sbike_stts           | 신규   556행 | 누적   7237행 | 12컬럼
2026-05-28 18:35:03,123 [INFO]    bus                       | 신규     3행 | 누적     39행 | 11컬럼
2026-05-28 18:35:03,123 [INFO]    bus_bus_stn_stts          | 신규  1745행 | 누적  22685행 | 11컬럼
2026-05-28 18:35:03,123 [INFO]    charger                   | 신규     4행 | 누적    136행 | 15컬럼
2026-05-28 18:35:03,123 [INFO]    charger_charger_stts      | 신규  1859행 | 누적  18350행 | 15컬럼
2026-05-28 18:35:03,123 [INFO]    cmrcl                     | 신규    82행 | 누적   1066행 | 20컬럼
2026-05-28 18:35:03,123 [INFO]    disaster                  | 신규    21행 | 누적     63행 | 9컬럼
2026-05-28 18:35:03,123 [INFO]    events                    | 신규    12행 | 누적    156행 | 14컬럼
2026-05-28 18:35:03,124 [INFO]    events_event_stts         | 신규   177행 | 누적   2293행 | 14컬럼
2026-05-28 18:35:03,124 [INFO]    news                      | 신규   101행 | 누적    242행 | 10컬럼
2026-05-28 18:35:03,124 [INFO]    news_live_yna_news        | 신규    42행 | 누적     84행 | 10컬럼
2026-05-28 18:35:03,124 [INFO]    parking                   | 신규     6행 | 누적     78행 | 21컬럼
2026-05-28 18:35:03,124 [INFO]    parking_prk_stts          | 신규  1835행 | 누적  23855행 | 21컬럼
2026-05-28 18:35:03,124 [INFO]    ppltn                     | 신규   120행 | 누적   1572행 | 26컬럼
2026-05-28 18:35:03,124 [INFO]    road                      | 신규   121행 | 누적   1573행 | 21컬럼
2026-05-28 18:35:03,124 [INFO]    road_road_traffic_stts    | 신규  5253행 | 누적  68289행 | 17컬럼
2026-05-28 18:35:03,124 [INFO]    subway                    | 신규    38행 | 누적    494행 | 13컬럼
2026-05-28 18:35:03,124 [INFO]    subway_sub_stts           | 신규   183행 | 누적   2379행 | 13컬럼
2026-05-28 18:35:03,124 [INFO]    weather                   | 신규   119행 | 누적   1547행 | 29컬럼
2026-05-28 18:35:03,124 [INFO] 키별 사용량:
2026-05-28 18:35:03,124 [INFO]    🟢 KEY_1 (31/1000) 
2026-05-28 18:35:03,124 [INFO]    🟢 KEY_2 (30/1000) 
2026-05-28 18:35:03,124 [INFO]    🟢 KEY_3 (30/1000) 
2026-05-28 18:35:03,124 [INFO]    🟢 KEY_4 (30/1000) 
