2026-07-25 00:43:25,828 [INFO] 등록된 키: 4개, 합산 한도 4,000건/일
2026-07-25 00:43:25,828 [INFO] POI 로드: 매뉴얼 v8.5 기준 fallback 121개 (121개 전체)
2026-07-25 00:43:25,828 [INFO] === 수집 시작 2026-07-25T00:43:25.828778+09:00 ===
2026-07-25 00:43:25,828 [INFO] 대상 장소: 121개 | API: citydata (통합)
2026-07-25 00:43:25,828 [INFO] 키 풀: 4/4 활성 | 오늘 사용 0/4000건
2026-07-25 00:43:25,828 [INFO]   [KEY_1] 담당 31장소
2026-07-25 00:43:25,828 [INFO]   [KEY_2] 담당 30장소
2026-07-25 00:43:25,829 [INFO]   [KEY_3] 담당 30장소
2026-07-25 00:43:25,829 [INFO]   [KEY_4] 담당 30장소
2026-07-25 00:43:25,829 [INFO] [1/121] 경복궁 (primary=KEY_1)
2026-07-25 00:43:27,906 [INFO] [2/121] 광화문·덕수궁 (primary=KEY_2)
2026-07-25 00:43:30,291 [INFO] [3/121] 보신각 (primary=KEY_3)
2026-07-25 00:43:32,352 [INFO] [4/121] 서울 암사동 유적 (primary=KEY_4)
2026-07-25 00:43:34,407 [INFO] [5/121] 창덕궁·종묘 (primary=KEY_1)
2026-07-25 00:43:35,792 [INFO] [6/121] 강남 MICE 관광특구 (primary=KEY_2)
2026-07-25 00:43:37,871 [INFO] [7/121] 동대문 관광특구 (primary=KEY_3)
2026-07-25 00:43:39,972 [INFO] [8/121] 명동 관광특구 (primary=KEY_4)
2026-07-25 00:43:42,250 [INFO] [9/121] 이태원 관광특구 (primary=KEY_1)
2026-07-25 00:43:44,092 [INFO] [10/121] 잠실 관광특구 (primary=KEY_2)
2026-07-25 00:43:46,387 [INFO] [11/121] 종로·청계 관광특구 (primary=KEY_3)
2026-07-25 00:43:48,424 [INFO] [12/121] 홍대 관광특구 (primary=KEY_4)
2026-07-25 00:43:49,853 [INFO] [13/121] 강서한강공원 (primary=KEY_1)
2026-07-25 00:43:50,905 [INFO] [14/121] 고척돔 (primary=KEY_2)
2026-07-25 00:43:51,976 [INFO] [15/121] 광나루한강공원 (primary=KEY_3)
2026-07-25 00:43:53,855 [INFO] [16/121] 광화문광장 (primary=KEY_4)
2026-07-25 00:43:55,751 [INFO] [17/121] 국립중앙박물관·용산가족공원 (primary=KEY_1)
2026-07-25 00:43:57,674 [INFO] [18/121] 난지한강공원 (primary=KEY_2)
2026-07-25 00:43:58,716 [INFO] [19/121] 남산공원 (primary=KEY_3)
2026-07-25 00:44:00,144 [INFO] [20/121] 노들섬 (primary=KEY_4)
2026-07-25 00:44:01,187 [INFO] [21/121] 뚝섬한강공원 (primary=KEY_1)
2026-07-25 00:44:02,243 [INFO] [22/121] 망원한강공원 (primary=KEY_2)
2026-07-25 00:44:03,482 [INFO] [23/121] 반포한강공원 (primary=KEY_3)
2026-07-25 00:44:05,219 [INFO] [24/121] 보라매공원 (primary=KEY_4)
2026-07-25 00:44:07,302 [INFO] [25/121] 북서울꿈의숲 (primary=KEY_1)
2026-07-25 00:44:08,537 [INFO] [26/121] 서대문독립공원 (primary=KEY_2)
2026-07-25 00:44:09,632 [INFO] [27/121] 서리풀공원·몽마르뜨공원 (primary=KEY_3)
2026-07-25 00:44:10,876 [INFO] [28/121] 서울대공원 (primary=KEY_4)
2026-07-25 00:44:12,758 [INFO] [29/121] 서울숲공원 (primary=KEY_1)
2026-07-25 00:44:13,988 [INFO] [30/121] 송현녹지광장 (primary=KEY_2)
2026-07-25 00:44:15,218 [INFO] [31/121] 아차산 (primary=KEY_3)
2026-07-25 00:44:16,267 [INFO] [32/121] 안양천 (primary=KEY_4)
2026-07-25 00:44:17,330 [INFO] [33/121] 양화한강공원 (primary=KEY_1)
2026-07-25 00:44:18,383 [INFO] [34/121] 어린이대공원 (primary=KEY_2)
2026-07-25 00:44:19,624 [INFO] [35/121] 여의도한강공원 (primary=KEY_3)
2026-07-25 00:44:20,841 [INFO] [36/121] 여의서로 (primary=KEY_4)
2026-07-25 00:44:22,065 [INFO] [37/121] 올림픽공원 (primary=KEY_1)
2026-07-25 00:44:23,310 [INFO] [38/121] 월드컵공원 (primary=KEY_2)
2026-07-25 00:44:24,717 [INFO] [39/121] 응봉산 (primary=KEY_3)
2026-07-25 00:44:26,515 [INFO] [40/121] 이촌한강공원 (primary=KEY_4)
2026-07-25 00:44:28,240 [INFO] [41/121] 잠실종합운동장 (primary=KEY_1)
2026-07-25 00:44:29,987 [INFO] [42/121] 잠실한강공원 (primary=KEY_2)
2026-07-25 00:44:31,060 [INFO] [43/121] 잠원한강공원 (primary=KEY_3)
2026-07-25 00:44:32,111 [INFO] [44/121] 청계산 (primary=KEY_4)
2026-07-25 00:44:33,161 [INFO] [45/121] 홍제폭포 (primary=KEY_1)
2026-07-25 00:44:34,216 [INFO] [46/121] 가락시장 (primary=KEY_2)
2026-07-25 00:44:35,454 [INFO] [47/121] 가로수길 (primary=KEY_3)
2026-07-25 00:44:36,720 [INFO] [48/121] 광장(전통)시장 (primary=KEY_4)
2026-07-25 00:44:37,784 [INFO] [49/121] 김포공항 (primary=KEY_1)
2026-07-25 00:44:39,186 [INFO] [50/121] 남대문시장 (primary=KEY_2)
2026-07-25 00:44:40,421 [INFO] [51/121] 노량진 (primary=KEY_3)
2026-07-25 00:44:41,658 [INFO] [52/121] 덕수궁길·정동길 (primary=KEY_4)
2026-07-25 00:44:42,889 [INFO] [53/121] 북창동 먹자골목 (primary=KEY_1)
2026-07-25 00:44:44,102 [INFO] [54/121] 북촌한옥마을 (primary=KEY_2)
2026-07-25 00:44:45,486 [INFO] [55/121] 서촌 (primary=KEY_3)
2026-07-25 00:44:46,720 [INFO] [56/121] 성수카페거리 (primary=KEY_4)
2026-07-25 00:44:48,152 [INFO] [57/121] 송리단길·호수단길 (primary=KEY_1)
2026-07-25 00:44:50,053 [INFO] [58/121] 신촌 스타광장 (primary=KEY_2)
2026-07-25 00:44:51,109 [INFO] [59/121] 압구정로데오거리 (primary=KEY_3)
2026-07-25 00:44:52,349 [INFO] [60/121] 여의도 (primary=KEY_4)
2026-07-25 00:44:54,308 [INFO] [61/121] 연남동 (primary=KEY_1)
2026-07-25 00:44:55,529 [INFO] [62/121] 영등포 타임스퀘어 (primary=KEY_2)
2026-07-25 00:44:56,770 [INFO] [63/121] 용리단길 (primary=KEY_3)
2026-07-25 00:44:57,874 [INFO] [64/121] 이태원 앤틱가구거리 (primary=KEY_4)
2026-07-25 00:44:59,096 [INFO] [65/121] 익선동 (primary=KEY_1)
2026-07-25 00:45:00,330 [INFO] [66/121] 인사동 (primary=KEY_2)
2026-07-25 00:45:01,721 [INFO] [67/121] 잠실롯데타워·석촌호수 (primary=KEY_3)
2026-07-25 00:45:03,300 [INFO] [68/121] 창동 신경제 중심지 (primary=KEY_4)
2026-07-25 00:45:04,924 [INFO] [69/121] 청담동 명품거리 (primary=KEY_1)
2026-07-25 00:45:06,139 [INFO] [70/121] 청량리 제기동 일대 전통시장 (primary=KEY_2)
2026-07-25 00:45:07,384 [INFO] [71/121] 해방촌·경리단길 (primary=KEY_3)
2026-07-25 00:45:08,535 [INFO] [72/121] DDP(동대문디자인플라자) (primary=KEY_4)
2026-07-25 00:45:09,789 [INFO] [73/121] DMC(디지털미디어시티) (primary=KEY_1)
2026-07-25 00:45:11,351 [INFO] [74/121] 가산디지털단지역 (primary=KEY_2)
2026-07-25 00:45:13,105 [INFO] [75/121] 강남역 (primary=KEY_3)
2026-07-25 00:45:14,505 [INFO] [76/121] 건대입구역 (primary=KEY_4)
2026-07-25 00:45:15,736 [INFO] [77/121] 고덕역 (primary=KEY_1)
2026-07-25 00:45:16,979 [INFO] [78/121] 고속터미널역 (primary=KEY_2)
2026-07-25 00:45:18,210 [INFO] [79/121] 교대역 (primary=KEY_3)
2026-07-25 00:45:19,449 [INFO] [80/121] 구로디지털단지역 (primary=KEY_4)
2026-07-25 00:45:21,011 [INFO] [81/121] 구로역 (primary=KEY_1)
2026-07-25 00:45:22,227 [INFO] [82/121] 군자역 (primary=KEY_2)
2026-07-25 00:45:23,452 [INFO] [83/121] 대림역 (primary=KEY_3)
2026-07-25 00:45:24,679 [INFO] [84/121] 동대문역 (primary=KEY_4)
2026-07-25 00:45:25,926 [INFO] [85/121] 뚝섬역 (primary=KEY_1)
2026-07-25 00:45:27,150 [INFO] [86/121] 미아사거리역 (primary=KEY_2)
2026-07-25 00:45:28,375 [INFO] [87/121] 발산역 (primary=KEY_3)
2026-07-25 00:45:29,770 [INFO] [88/121] 사당역 (primary=KEY_4)
2026-07-25 00:45:31,027 [INFO] [89/121] 삼각지역 (primary=KEY_1)
2026-07-25 00:45:32,262 [INFO] [90/121] 서울대입구역 (primary=KEY_2)
2026-07-25 00:45:33,517 [INFO] [91/121] 서울식물원·마곡나루역 (primary=KEY_3)
2026-07-25 00:45:34,913 [INFO] [92/121] 서울역 (primary=KEY_4)
2026-07-25 00:45:36,332 [INFO] [93/121] 선릉역 (primary=KEY_1)
2026-07-25 00:45:37,939 [INFO] [94/121] 성신여대입구역 (primary=KEY_2)
2026-07-25 00:45:39,030 [INFO] [95/121] 수유역 (primary=KEY_3)
2026-07-25 00:45:40,285 [INFO] [96/121] 숭례문 (primary=KEY_4)
2026-07-25 00:45:41,714 [INFO] [97/121] 시의회 앞 (primary=KEY_1)
2026-07-25 00:45:42,979 [INFO] [98/121] 신논현역·논현역 (primary=KEY_2)
2026-07-25 00:45:44,248 [INFO] [99/121] 신도림역 (primary=KEY_3)
2026-07-25 00:45:45,322 [INFO] [100/121] 신림역 (primary=KEY_4)
2026-07-25 00:45:46,566 [INFO] [101/121] 신정네거리역 (primary=KEY_1)
2026-07-25 00:45:47,810 [INFO] [102/121] 신촌·이대역 (primary=KEY_2)
2026-07-25 00:45:49,055 [INFO] [103/121] 쌍문역 (primary=KEY_3)
2026-07-25 00:45:50,276 [INFO] [104/121] 양재역 (primary=KEY_4)
2026-07-25 00:45:51,503 [INFO] [105/121] 역삼역 (primary=KEY_1)
2026-07-25 00:45:52,904 [INFO] [106/121] 연신내역 (primary=KEY_2)
2026-07-25 00:45:54,008 [INFO] [107/121] 오목교역·목동운동장 (primary=KEY_3)
2026-07-25 00:45:55,743 [INFO] [108/121] 왕십리역 (primary=KEY_4)
2026-07-25 00:45:57,157 [INFO] [109/121] 용산역 (primary=KEY_1)
2026-07-25 00:45:58,731 [INFO] [110/121] 이태원역 (primary=KEY_2)
2026-07-25 00:45:59,802 [INFO] [111/121] 잠실새내역 (primary=KEY_3)
2026-07-25 00:46:01,046 [INFO] [112/121] 잠실역 (primary=KEY_4)
2026-07-25 00:46:02,481 [INFO] [113/121] 장지역 (primary=KEY_1)
2026-07-25 00:46:03,862 [INFO] [114/121] 장한평역 (primary=KEY_2)
2026-07-25 00:46:05,091 [INFO] [115/121] 천호역 (primary=KEY_3)
2026-07-25 00:46:06,321 [INFO] [116/121] 총신대입구(이수)역 (primary=KEY_4)
2026-07-25 00:46:07,554 [INFO] [117/121] 충정로역 (primary=KEY_1)
2026-07-25 00:46:08,789 [INFO] [118/121] 합정역 (primary=KEY_2)
2026-07-25 00:46:10,036 [INFO] [119/121] 혜화역 (primary=KEY_3)
2026-07-25 00:46:11,255 [INFO] [120/121] 홍대입구역(2호선) (primary=KEY_4)
2026-07-25 00:46:12,494 [INFO] [121/121] 회기역 (primary=KEY_1)
2026-07-25 00:46:14,085 [INFO] === 수집 완료 | 성공 121, 실패 0 ===
2026-07-25 00:46:14,086 [INFO] 카테고리별 저장 결과:
2026-07-25 00:46:14,086 [INFO]    accident                  | 신규     5행 | 누적      5행 | 16컬럼
2026-07-25 00:46:14,086 [INFO]    accident_acdnt_cntrl_stts | 신규     2행 | 누적      2행 | 16컬럼
2026-07-25 00:46:14,086 [INFO]    area_meta                 | 신규   121행 | 누적    121행 | 5컬럼
2026-07-25 00:46:14,086 [INFO]    bike                      | 신규    11행 | 누적     11행 | 12컬럼
2026-07-25 00:46:14,086 [INFO]    bike_sbike_stts           | 신규   571행 | 누적    571행 | 12컬럼
2026-07-25 00:46:14,086 [INFO]    bus                       | 신규     3행 | 누적      3행 | 11컬럼
2026-07-25 00:46:14,086 [INFO]    bus_bus_stn_stts          | 신규  1745행 | 누적   1745행 | 11컬럼
2026-07-25 00:46:14,086 [INFO]    charger                   | 신규     4행 | 누적      4행 | 15컬럼
2026-07-25 00:46:14,086 [INFO]    charger_charger_stts      | 신규  1919행 | 누적   1919행 | 15컬럼
2026-07-25 00:46:14,086 [INFO]    cmrcl                     | 신규    82행 | 누적     82행 | 20컬럼
2026-07-25 00:46:14,086 [INFO]    events                    | 신규    13행 | 누적     13행 | 14컬럼
2026-07-25 00:46:14,086 [INFO]    events_event_stts         | 신규   138행 | 누적    138행 | 14컬럼
2026-07-25 00:46:14,086 [INFO]    parking                   | 신규     6행 | 누적      6행 | 21컬럼
2026-07-25 00:46:14,086 [INFO]    parking_prk_stts          | 신규  1834행 | 누적   1834행 | 21컬럼
2026-07-25 00:46:14,086 [INFO]    ppltn                     | 신규   121행 | 누적    121행 | 26컬럼
2026-07-25 00:46:14,086 [INFO]    road                      | 신규   121행 | 누적    121행 | 21컬럼
2026-07-25 00:46:14,086 [INFO]    road_road_traffic_stts    | 신규  5274행 | 누적   5274행 | 17컬럼
2026-07-25 00:46:14,086 [INFO]    subway                    | 신규    38행 | 누적     38행 | 12컬럼
2026-07-25 00:46:14,086 [INFO]    subway_sub_stts           | 신규   183행 | 누적    183행 | 13컬럼
2026-07-25 00:46:14,086 [INFO]    weather                   | 신규   119행 | 누적    119행 | 29컬럼
2026-07-25 00:46:14,086 [INFO] 키별 사용량:
2026-07-25 00:46:14,086 [INFO]    🟢 KEY_1 (31/1000) 
2026-07-25 00:46:14,086 [INFO]    🟢 KEY_2 (30/1000) 
2026-07-25 00:46:14,086 [INFO]    🟢 KEY_3 (30/1000) 
2026-07-25 00:46:14,086 [INFO]    🟢 KEY_4 (30/1000) 
2026-07-25 02:47:52,925 [INFO] 등록된 키: 4개, 합산 한도 4,000건/일
2026-07-25 02:47:52,925 [INFO] POI 로드: 매뉴얼 v8.5 기준 fallback 121개 (121개 전체)
2026-07-25 02:47:52,925 [INFO] === 수집 시작 2026-07-25T02:47:52.925678+09:00 ===
2026-07-25 02:47:52,925 [INFO] 대상 장소: 121개 | API: citydata (통합)
2026-07-25 02:47:52,925 [INFO] 키 풀: 4/4 활성 | 오늘 사용 0/4000건
2026-07-25 02:47:52,925 [INFO]   [KEY_1] 담당 31장소
2026-07-25 02:47:52,925 [INFO]   [KEY_2] 담당 30장소
2026-07-25 02:47:52,926 [INFO]   [KEY_3] 담당 30장소
2026-07-25 02:47:52,926 [INFO]   [KEY_4] 담당 30장소
2026-07-25 02:47:52,926 [INFO] [1/121] 경복궁 (primary=KEY_1)
2026-07-25 02:47:55,288 [INFO] [2/121] 광화문·덕수궁 (primary=KEY_2)
2026-07-25 02:47:57,743 [INFO] [3/121] 보신각 (primary=KEY_3)
2026-07-25 02:47:59,873 [INFO] [4/121] 서울 암사동 유적 (primary=KEY_4)
2026-07-25 02:48:01,612 [INFO] [5/121] 창덕궁·종묘 (primary=KEY_1)
2026-07-25 02:48:03,161 [INFO] [6/121] 강남 MICE 관광특구 (primary=KEY_2)
2026-07-25 02:48:05,308 [INFO] [7/121] 동대문 관광특구 (primary=KEY_3)
2026-07-25 02:48:07,671 [INFO] [8/121] 명동 관광특구 (primary=KEY_4)
2026-07-25 02:48:10,282 [INFO] [9/121] 이태원 관광특구 (primary=KEY_1)
2026-07-25 02:48:12,440 [INFO] [10/121] 잠실 관광특구 (primary=KEY_2)
2026-07-25 02:48:14,245 [INFO] [11/121] 종로·청계 관광특구 (primary=KEY_3)
2026-07-25 02:48:16,826 [INFO] [12/121] 홍대 관광특구 (primary=KEY_4)
2026-07-25 02:48:19,195 [INFO] [13/121] 강서한강공원 (primary=KEY_1)
2026-07-25 02:48:20,338 [INFO] [14/121] 고척돔 (primary=KEY_2)
2026-07-25 02:48:22,067 [INFO] [15/121] 광나루한강공원 (primary=KEY_3)
2026-07-25 02:48:24,073 [INFO] [16/121] 광화문광장 (primary=KEY_4)
2026-07-25 02:48:26,211 [INFO] [17/121] 국립중앙박물관·용산가족공원 (primary=KEY_1)
2026-07-25 02:48:27,366 [INFO] [18/121] 난지한강공원 (primary=KEY_2)
2026-07-25 02:48:29,094 [INFO] [19/121] 남산공원 (primary=KEY_3)
2026-07-25 02:48:31,265 [INFO] [20/121] 노들섬 (primary=KEY_4)
2026-07-25 02:48:33,591 [INFO] [21/121] 뚝섬한강공원 (primary=KEY_1)
2026-07-25 02:48:34,753 [INFO] [22/121] 망원한강공원 (primary=KEY_2)
2026-07-25 02:48:36,114 [INFO] [23/121] 반포한강공원 (primary=KEY_3)
2026-07-25 02:48:37,259 [INFO] [24/121] 보라매공원 (primary=KEY_4)
2026-07-25 02:48:38,423 [INFO] [25/121] 북서울꿈의숲 (primary=KEY_1)
2026-07-25 02:48:40,558 [INFO] [26/121] 서대문독립공원 (primary=KEY_2)
2026-07-25 02:48:42,525 [INFO] [27/121] 서리풀공원·몽마르뜨공원 (primary=KEY_3)
2026-07-25 02:48:44,851 [INFO] [28/121] 서울대공원 (primary=KEY_4)
2026-07-25 02:48:46,754 [INFO] [29/121] 서울숲공원 (primary=KEY_1)
2026-07-25 02:48:48,111 [INFO] [30/121] 송현녹지광장 (primary=KEY_2)
2026-07-25 02:48:49,459 [INFO] [31/121] 아차산 (primary=KEY_3)
2026-07-25 02:48:50,602 [INFO] [32/121] 안양천 (primary=KEY_4)
2026-07-25 02:48:51,776 [INFO] [33/121] 양화한강공원 (primary=KEY_1)
2026-07-25 02:48:53,515 [INFO] [34/121] 어린이대공원 (primary=KEY_2)
2026-07-25 02:48:55,650 [INFO] [35/121] 여의도한강공원 (primary=KEY_3)
2026-07-25 02:48:56,987 [INFO] [36/121] 여의서로 (primary=KEY_4)
2026-07-25 02:48:58,313 [INFO] [37/121] 올림픽공원 (primary=KEY_1)
2026-07-25 02:48:59,686 [INFO] [38/121] 월드컵공원 (primary=KEY_2)
2026-07-25 02:49:01,240 [INFO] [39/121] 응봉산 (primary=KEY_3)
2026-07-25 02:49:02,585 [INFO] [40/121] 이촌한강공원 (primary=KEY_4)
2026-07-25 02:49:03,742 [INFO] [41/121] 잠실종합운동장 (primary=KEY_1)
2026-07-25 02:49:04,908 [INFO] [42/121] 잠실한강공원 (primary=KEY_2)
2026-07-25 02:49:06,062 [INFO] [43/121] 잠원한강공원 (primary=KEY_3)
2026-07-25 02:49:07,210 [INFO] [44/121] 청계산 (primary=KEY_4)
2026-07-25 02:49:08,342 [INFO] [45/121] 홍제폭포 (primary=KEY_1)
2026-07-25 02:49:09,488 [INFO] [46/121] 가락시장 (primary=KEY_2)
2026-07-25 02:49:10,894 [INFO] [47/121] 가로수길 (primary=KEY_3)
2026-07-25 02:49:12,279 [INFO] [48/121] 광장(전통)시장 (primary=KEY_4)
2026-07-25 02:49:13,438 [INFO] [49/121] 김포공항 (primary=KEY_1)
2026-07-25 02:49:15,021 [INFO] [50/121] 남대문시장 (primary=KEY_2)
2026-07-25 02:49:17,526 [INFO] [51/121] 노량진 (primary=KEY_3)
2026-07-25 02:49:18,890 [INFO] [52/121] 덕수궁길·정동길 (primary=KEY_4)
2026-07-25 02:49:20,263 [INFO] [53/121] 북창동 먹자골목 (primary=KEY_1)
2026-07-25 02:49:21,603 [INFO] [54/121] 북촌한옥마을 (primary=KEY_2)
2026-07-25 02:49:23,164 [INFO] [55/121] 서촌 (primary=KEY_3)
2026-07-25 02:49:24,525 [INFO] [56/121] 성수카페거리 (primary=KEY_4)
2026-07-25 02:49:26,102 [INFO] [57/121] 송리단길·호수단길 (primary=KEY_1)
2026-07-25 02:49:27,487 [INFO] [58/121] 신촌 스타광장 (primary=KEY_2)
2026-07-25 02:49:28,646 [INFO] [59/121] 압구정로데오거리 (primary=KEY_3)
2026-07-25 02:49:30,012 [INFO] [60/121] 여의도 (primary=KEY_4)
2026-07-25 02:49:32,228 [INFO] [61/121] 연남동 (primary=KEY_1)
2026-07-25 02:49:33,573 [INFO] [62/121] 영등포 타임스퀘어 (primary=KEY_2)
2026-07-25 02:49:34,925 [INFO] [63/121] 용리단길 (primary=KEY_3)
2026-07-25 02:49:36,156 [INFO] [64/121] 이태원 앤틱가구거리 (primary=KEY_4)
2026-07-25 02:49:37,916 [INFO] [65/121] 익선동 (primary=KEY_1)
2026-07-25 02:49:39,284 [INFO] [66/121] 인사동 (primary=KEY_2)
2026-07-25 02:49:41,813 [INFO] [67/121] 잠실롯데타워·석촌호수 (primary=KEY_3)
2026-07-25 02:49:43,583 [INFO] [68/121] 창동 신경제 중심지 (primary=KEY_4)
2026-07-25 02:49:46,091 [INFO] [69/121] 청담동 명품거리 (primary=KEY_1)
2026-07-25 02:49:48,226 [INFO] [70/121] 청량리 제기동 일대 전통시장 (primary=KEY_2)
2026-07-25 02:49:50,731 [INFO] [71/121] 해방촌·경리단길 (primary=KEY_3)
2026-07-25 02:49:51,883 [INFO] [72/121] DDP(동대문디자인플라자) (primary=KEY_4)
2026-07-25 02:49:54,454 [INFO] [73/121] DMC(디지털미디어시티) (primary=KEY_1)
2026-07-25 02:49:56,231 [INFO] [74/121] 가산디지털단지역 (primary=KEY_2)
2026-07-25 02:49:58,933 [INFO] [75/121] 강남역 (primary=KEY_3)
2026-07-25 02:50:00,583 [INFO] [76/121] 건대입구역 (primary=KEY_4)
2026-07-25 02:50:03,134 [INFO] [77/121] 고덕역 (primary=KEY_1)
2026-07-25 02:50:05,253 [INFO] [78/121] 고속터미널역 (primary=KEY_2)
2026-07-25 02:50:06,616 [INFO] [79/121] 교대역 (primary=KEY_3)
2026-07-25 02:50:07,784 [INFO] [80/121] 구로디지털단지역 (primary=KEY_4)
2026-07-25 02:50:10,467 [INFO] [81/121] 구로역 (primary=KEY_1)
2026-07-25 02:50:12,489 [INFO] [82/121] 군자역 (primary=KEY_2)
2026-07-25 02:50:13,638 [INFO] [83/121] 대림역 (primary=KEY_3)
2026-07-25 02:50:15,947 [INFO] [84/121] 동대문역 (primary=KEY_4)
2026-07-25 02:50:17,293 [INFO] [85/121] 뚝섬역 (primary=KEY_1)
2026-07-25 02:50:19,403 [INFO] [86/121] 미아사거리역 (primary=KEY_2)
2026-07-25 02:50:21,435 [INFO] [87/121] 발산역 (primary=KEY_3)
2026-07-25 02:50:23,926 [INFO] [88/121] 사당역 (primary=KEY_4)
2026-07-25 02:50:26,419 [INFO] [89/121] 삼각지역 (primary=KEY_1)
2026-07-25 02:50:27,577 [INFO] [90/121] 서울대입구역 (primary=KEY_2)
2026-07-25 02:50:28,912 [INFO] [91/121] 서울식물원·마곡나루역 (primary=KEY_3)
2026-07-25 02:50:31,040 [INFO] [92/121] 서울역 (primary=KEY_4)
2026-07-25 02:50:32,427 [INFO] [93/121] 선릉역 (primary=KEY_1)
2026-07-25 02:50:34,183 [INFO] [94/121] 성신여대입구역 (primary=KEY_2)
2026-07-25 02:50:35,397 [INFO] [95/121] 수유역 (primary=KEY_3)
2026-07-25 02:50:36,767 [INFO] [96/121] 숭례문 (primary=KEY_4)
2026-07-25 02:50:38,991 [INFO] [97/121] 시의회 앞 (primary=KEY_1)
2026-07-25 02:50:40,369 [INFO] [98/121] 신논현역·논현역 (primary=KEY_2)
2026-07-25 02:50:42,755 [INFO] [99/121] 신도림역 (primary=KEY_3)
2026-07-25 02:50:44,504 [INFO] [100/121] 신림역 (primary=KEY_4)
2026-07-25 02:50:45,680 [INFO] [101/121] 신정네거리역 (primary=KEY_1)
2026-07-25 02:50:47,040 [INFO] [102/121] 신촌·이대역 (primary=KEY_2)
2026-07-25 02:50:48,400 [INFO] [103/121] 쌍문역 (primary=KEY_3)
2026-07-25 02:50:49,754 [INFO] [104/121] 양재역 (primary=KEY_4)
2026-07-25 02:50:51,127 [INFO] [105/121] 역삼역 (primary=KEY_1)
2026-07-25 02:50:52,684 [INFO] [106/121] 연신내역 (primary=KEY_2)
2026-07-25 02:50:54,633 [INFO] [107/121] 오목교역·목동운동장 (primary=KEY_3)
2026-07-25 02:50:56,592 [INFO] [108/121] 왕십리역 (primary=KEY_4)
2026-07-25 02:50:57,975 [INFO] [109/121] 용산역 (primary=KEY_1)
2026-07-25 02:50:59,536 [INFO] [110/121] 이태원역 (primary=KEY_2)
2026-07-25 02:51:00,701 [INFO] [111/121] 잠실새내역 (primary=KEY_3)
2026-07-25 02:51:02,041 [INFO] [112/121] 잠실역 (primary=KEY_4)
2026-07-25 02:51:03,673 [INFO] [113/121] 장지역 (primary=KEY_1)
2026-07-25 02:51:05,244 [INFO] [114/121] 장한평역 (primary=KEY_2)
2026-07-25 02:51:06,602 [INFO] [115/121] 천호역 (primary=KEY_3)
2026-07-25 02:51:07,968 [INFO] [116/121] 총신대입구(이수)역 (primary=KEY_4)
2026-07-25 02:51:09,905 [INFO] [117/121] 충정로역 (primary=KEY_1)
2026-07-25 02:51:11,263 [INFO] [118/121] 합정역 (primary=KEY_2)
2026-07-25 02:51:12,620 [INFO] [119/121] 혜화역 (primary=KEY_3)
2026-07-25 02:51:13,971 [INFO] [120/121] 홍대입구역(2호선) (primary=KEY_4)
2026-07-25 02:51:15,913 [INFO] [121/121] 회기역 (primary=KEY_1)
2026-07-25 02:51:17,991 [INFO] === 수집 완료 | 성공 121, 실패 0 ===
2026-07-25 02:51:17,991 [INFO] 카테고리별 저장 결과:
2026-07-25 02:51:17,991 [INFO]    accident                  | 신규     5행 | 누적     10행 | 16컬럼
2026-07-25 02:51:17,991 [INFO]    accident_acdnt_cntrl_stts | 신규     4행 | 누적      6행 | 16컬럼
2026-07-25 02:51:17,991 [INFO]    area_meta                 | 신규   121행 | 누적    242행 | 5컬럼
2026-07-25 02:51:17,991 [INFO]    bike                      | 신규    11행 | 누적     22행 | 12컬럼
2026-07-25 02:51:17,991 [INFO]    bike_sbike_stts           | 신규   571행 | 누적   1142행 | 12컬럼
2026-07-25 02:51:17,991 [INFO]    bus                       | 신규     3행 | 누적      6행 | 11컬럼
2026-07-25 02:51:17,991 [INFO]    bus_bus_stn_stts          | 신규  1745행 | 누적   3490행 | 11컬럼
2026-07-25 02:51:17,991 [INFO]    charger                   | 신규     4행 | 누적      8행 | 15컬럼
2026-07-25 02:51:17,991 [INFO]    charger_charger_stts      | 신규  1919행 | 누적   3812행 | 15컬럼
2026-07-25 02:51:17,991 [INFO]    cmrcl                     | 신규    82행 | 누적    164행 | 20컬럼
2026-07-25 02:51:17,991 [INFO]    events                    | 신규    13행 | 누적     26행 | 14컬럼
2026-07-25 02:51:17,991 [INFO]    events_event_stts         | 신규   138행 | 누적    276행 | 14컬럼
2026-07-25 02:51:17,991 [INFO]    parking                   | 신규     6행 | 누적     12행 | 21컬럼
2026-07-25 02:51:17,991 [INFO]    parking_prk_stts          | 신규  1834행 | 누적   3668행 | 21컬럼
2026-07-25 02:51:17,992 [INFO]    ppltn                     | 신규   121행 | 누적    242행 | 26컬럼
2026-07-25 02:51:17,992 [INFO]    road                      | 신규   121행 | 누적    242행 | 21컬럼
2026-07-25 02:51:17,992 [INFO]    road_road_traffic_stts    | 신규  5274행 | 누적  10548행 | 17컬럼
2026-07-25 02:51:17,992 [INFO]    subway                    | 신규    38행 | 누적     76행 | 12컬럼
2026-07-25 02:51:17,992 [INFO]    subway_sub_stts           | 신규   183행 | 누적    366행 | 13컬럼
2026-07-25 02:51:17,992 [INFO]    weather                   | 신규   119행 | 누적    238행 | 29컬럼
2026-07-25 02:51:17,992 [INFO] 키별 사용량:
2026-07-25 02:51:17,992 [INFO]    🟢 KEY_1 (31/1000) 
2026-07-25 02:51:17,992 [INFO]    🟢 KEY_2 (30/1000) 
2026-07-25 02:51:17,992 [INFO]    🟢 KEY_3 (30/1000) 
2026-07-25 02:51:17,992 [INFO]    🟢 KEY_4 (30/1000) 
2026-07-25 04:43:51,557 [INFO] 등록된 키: 4개, 합산 한도 4,000건/일
2026-07-25 04:43:51,557 [INFO] POI 로드: 매뉴얼 v8.5 기준 fallback 121개 (121개 전체)
2026-07-25 04:43:51,557 [INFO] === 수집 시작 2026-07-25T04:43:51.557831+09:00 ===
2026-07-25 04:43:51,557 [INFO] 대상 장소: 121개 | API: citydata (통합)
2026-07-25 04:43:51,557 [INFO] 키 풀: 4/4 활성 | 오늘 사용 0/4000건
2026-07-25 04:43:51,558 [INFO]   [KEY_1] 담당 31장소
2026-07-25 04:43:51,558 [INFO]   [KEY_2] 담당 30장소
2026-07-25 04:43:51,558 [INFO]   [KEY_3] 담당 30장소
2026-07-25 04:43:51,558 [INFO]   [KEY_4] 담당 30장소
2026-07-25 04:43:51,558 [INFO] [1/121] 경복궁 (primary=KEY_1)
2026-07-25 04:43:53,753 [INFO] [2/121] 광화문·덕수궁 (primary=KEY_2)
2026-07-25 04:43:56,492 [INFO] [3/121] 보신각 (primary=KEY_3)
2026-07-25 04:43:57,791 [INFO] [4/121] 서울 암사동 유적 (primary=KEY_4)
2026-07-25 04:43:59,589 [INFO] [5/121] 창덕궁·종묘 (primary=KEY_1)
2026-07-25 04:44:01,604 [INFO] [6/121] 강남 MICE 관광특구 (primary=KEY_2)
2026-07-25 04:44:03,708 [INFO] [7/121] 동대문 관광특구 (primary=KEY_3)
2026-07-25 04:44:05,216 [INFO] [8/121] 명동 관광특구 (primary=KEY_4)
2026-07-25 04:44:07,676 [INFO] [9/121] 이태원 관광특구 (primary=KEY_1)
2026-07-25 04:44:09,733 [INFO] [10/121] 잠실 관광특구 (primary=KEY_2)
2026-07-25 04:44:11,460 [INFO] [11/121] 종로·청계 관광특구 (primary=KEY_3)
2026-07-25 04:44:12,986 [INFO] [12/121] 홍대 관광특구 (primary=KEY_4)
2026-07-25 04:44:15,226 [INFO] [13/121] 강서한강공원 (primary=KEY_1)
2026-07-25 04:44:17,042 [INFO] [14/121] 고척돔 (primary=KEY_2)
2026-07-25 04:44:18,149 [INFO] [15/121] 광나루한강공원 (primary=KEY_3)
2026-07-25 04:44:20,121 [INFO] [16/121] 광화문광장 (primary=KEY_4)
2026-07-25 04:44:21,438 [INFO] [17/121] 국립중앙박물관·용산가족공원 (primary=KEY_1)
2026-07-25 04:44:22,554 [INFO] [18/121] 난지한강공원 (primary=KEY_2)
2026-07-25 04:44:23,652 [INFO] [19/121] 남산공원 (primary=KEY_3)
2026-07-25 04:44:25,186 [INFO] [20/121] 노들섬 (primary=KEY_4)
2026-07-25 04:44:26,270 [INFO] [21/121] 뚝섬한강공원 (primary=KEY_1)
2026-07-25 04:44:27,555 [INFO] [22/121] 망원한강공원 (primary=KEY_2)
2026-07-25 04:44:28,855 [INFO] [23/121] 반포한강공원 (primary=KEY_3)
2026-07-25 04:44:29,983 [INFO] [24/121] 보라매공원 (primary=KEY_4)
2026-07-25 04:44:31,114 [INFO] [25/121] 북서울꿈의숲 (primary=KEY_1)
2026-07-25 04:44:32,415 [INFO] [26/121] 서대문독립공원 (primary=KEY_2)
2026-07-25 04:44:33,542 [INFO] [27/121] 서리풀공원·몽마르뜨공원 (primary=KEY_3)
2026-07-25 04:44:34,694 [INFO] [28/121] 서울대공원 (primary=KEY_4)
2026-07-25 04:44:35,800 [INFO] [29/121] 서울숲공원 (primary=KEY_1)
2026-07-25 04:44:37,118 [INFO] [30/121] 송현녹지광장 (primary=KEY_2)
2026-07-25 04:44:39,533 [INFO] [31/121] 아차산 (primary=KEY_3)
2026-07-25 04:44:40,638 [INFO] [32/121] 안양천 (primary=KEY_4)
2026-07-25 04:44:41,744 [INFO] [33/121] 양화한강공원 (primary=KEY_1)
2026-07-25 04:44:42,847 [INFO] [34/121] 어린이대공원 (primary=KEY_2)
2026-07-25 04:44:44,153 [INFO] [35/121] 여의도한강공원 (primary=KEY_3)
2026-07-25 04:44:45,451 [INFO] [36/121] 여의서로 (primary=KEY_4)
2026-07-25 04:44:46,729 [INFO] [37/121] 올림픽공원 (primary=KEY_1)
2026-07-25 04:44:48,051 [INFO] [38/121] 월드컵공원 (primary=KEY_2)
2026-07-25 04:44:49,531 [INFO] [39/121] 응봉산 (primary=KEY_3)
2026-07-25 04:44:51,636 [INFO] [40/121] 이촌한강공원 (primary=KEY_4)
2026-07-25 04:44:52,744 [INFO] [41/121] 잠실종합운동장 (primary=KEY_1)
2026-07-25 04:44:53,867 [INFO] [42/121] 잠실한강공원 (primary=KEY_2)
2026-07-25 04:44:54,986 [INFO] [43/121] 잠원한강공원 (primary=KEY_3)
2026-07-25 04:44:56,076 [INFO] [44/121] 청계산 (primary=KEY_4)
2026-07-25 04:44:57,246 [INFO] [45/121] 홍제폭포 (primary=KEY_1)
2026-07-25 04:44:58,339 [INFO] [46/121] 가락시장 (primary=KEY_2)
2026-07-25 04:44:59,674 [INFO] [47/121] 가로수길 (primary=KEY_3)
2026-07-25 04:45:00,981 [INFO] [48/121] 광장(전통)시장 (primary=KEY_4)
2026-07-25 04:45:02,085 [INFO] [49/121] 김포공항 (primary=KEY_1)
2026-07-25 04:45:03,571 [INFO] [50/121] 남대문시장 (primary=KEY_2)
2026-07-25 04:45:04,861 [INFO] [51/121] 노량진 (primary=KEY_3)
2026-07-25 04:45:06,158 [INFO] [52/121] 덕수궁길·정동길 (primary=KEY_4)
2026-07-25 04:45:07,469 [INFO] [53/121] 북창동 먹자골목 (primary=KEY_1)
2026-07-25 04:45:08,730 [INFO] [54/121] 북촌한옥마을 (primary=KEY_2)
2026-07-25 04:45:10,195 [INFO] [55/121] 서촌 (primary=KEY_3)
2026-07-25 04:45:11,478 [INFO] [56/121] 성수카페거리 (primary=KEY_4)
2026-07-25 04:45:12,925 [INFO] [57/121] 송리단길·호수단길 (primary=KEY_1)
2026-07-25 04:45:14,229 [INFO] [58/121] 신촌 스타광장 (primary=KEY_2)
2026-07-25 04:45:15,334 [INFO] [59/121] 압구정로데오거리 (primary=KEY_3)
2026-07-25 04:45:16,613 [INFO] [60/121] 여의도 (primary=KEY_4)
2026-07-25 04:45:18,708 [INFO] [61/121] 연남동 (primary=KEY_1)
2026-07-25 04:45:19,968 [INFO] [62/121] 영등포 타임스퀘어 (primary=KEY_2)
2026-07-25 04:45:21,255 [INFO] [63/121] 용리단길 (primary=KEY_3)
2026-07-25 04:45:22,374 [INFO] [64/121] 이태원 앤틱가구거리 (primary=KEY_4)
2026-07-25 04:45:23,646 [INFO] [65/121] 익선동 (primary=KEY_1)
2026-07-25 04:45:24,930 [INFO] [66/121] 인사동 (primary=KEY_2)
2026-07-25 04:45:26,449 [INFO] [67/121] 잠실롯데타워·석촌호수 (primary=KEY_3)
2026-07-25 04:45:28,088 [INFO] [68/121] 창동 신경제 중심지 (primary=KEY_4)
2026-07-25 04:45:29,746 [INFO] [69/121] 청담동 명품거리 (primary=KEY_1)
2026-07-25 04:45:31,030 [INFO] [70/121] 청량리 제기동 일대 전통시장 (primary=KEY_2)
2026-07-25 04:45:32,303 [INFO] [71/121] 해방촌·경리단길 (primary=KEY_3)
2026-07-25 04:45:33,459 [INFO] [72/121] DDP(동대문디자인플라자) (primary=KEY_4)
2026-07-25 04:45:34,761 [INFO] [73/121] DMC(디지털미디어시티) (primary=KEY_1)
2026-07-25 04:45:36,407 [INFO] [74/121] 가산디지털단지역 (primary=KEY_2)
2026-07-25 04:45:38,255 [INFO] [75/121] 강남역 (primary=KEY_3)
2026-07-25 04:45:39,744 [INFO] [76/121] 건대입구역 (primary=KEY_4)
2026-07-25 04:45:41,057 [INFO] [77/121] 고덕역 (primary=KEY_1)
2026-07-25 04:45:42,338 [INFO] [78/121] 고속터미널역 (primary=KEY_2)
2026-07-25 04:45:43,616 [INFO] [79/121] 교대역 (primary=KEY_3)
2026-07-25 04:45:44,740 [INFO] [80/121] 구로디지털단지역 (primary=KEY_4)
2026-07-25 04:45:46,388 [INFO] [81/121] 구로역 (primary=KEY_1)
2026-07-25 04:45:47,654 [INFO] [82/121] 군자역 (primary=KEY_2)
2026-07-25 04:45:48,786 [INFO] [83/121] 대림역 (primary=KEY_3)
2026-07-25 04:45:50,090 [INFO] [84/121] 동대문역 (primary=KEY_4)
2026-07-25 04:45:51,384 [INFO] [85/121] 뚝섬역 (primary=KEY_1)
2026-07-25 04:45:52,657 [INFO] [86/121] 미아사거리역 (primary=KEY_2)
2026-07-25 04:45:53,952 [INFO] [87/121] 발산역 (primary=KEY_3)
2026-07-25 04:45:55,427 [INFO] [88/121] 사당역 (primary=KEY_4)
2026-07-25 04:45:56,728 [INFO] [89/121] 삼각지역 (primary=KEY_1)
2026-07-25 04:45:57,851 [INFO] [90/121] 서울대입구역 (primary=KEY_2)
2026-07-25 04:45:59,156 [INFO] [91/121] 서울식물원·마곡나루역 (primary=KEY_3)
2026-07-25 04:46:00,618 [INFO] [92/121] 서울역 (primary=KEY_4)
2026-07-25 04:46:01,947 [INFO] [93/121] 선릉역 (primary=KEY_1)
2026-07-25 04:46:03,613 [INFO] [94/121] 성신여대입구역 (primary=KEY_2)
2026-07-25 04:46:04,745 [INFO] [95/121] 수유역 (primary=KEY_3)
2026-07-25 04:46:06,038 [INFO] [96/121] 숭례문 (primary=KEY_4)
2026-07-25 04:46:07,514 [INFO] [97/121] 시의회 앞 (primary=KEY_1)
2026-07-25 04:46:08,827 [INFO] [98/121] 신논현역·논현역 (primary=KEY_2)
2026-07-25 04:46:10,133 [INFO] [99/121] 신도림역 (primary=KEY_3)
2026-07-25 04:46:11,252 [INFO] [100/121] 신림역 (primary=KEY_4)
2026-07-25 04:46:12,384 [INFO] [101/121] 신정네거리역 (primary=KEY_1)
2026-07-25 04:46:13,661 [INFO] [102/121] 신촌·이대역 (primary=KEY_2)
2026-07-25 04:46:14,934 [INFO] [103/121] 쌍문역 (primary=KEY_3)
2026-07-25 04:46:16,236 [INFO] [104/121] 양재역 (primary=KEY_4)
2026-07-25 04:46:17,518 [INFO] [105/121] 역삼역 (primary=KEY_1)
2026-07-25 04:46:19,005 [INFO] [106/121] 연신내역 (primary=KEY_2)
2026-07-25 04:46:20,142 [INFO] [107/121] 오목교역·목동운동장 (primary=KEY_3)
2026-07-25 04:46:22,000 [INFO] [108/121] 왕십리역 (primary=KEY_4)
2026-07-25 04:46:23,295 [INFO] [109/121] 용산역 (primary=KEY_1)
2026-07-25 04:46:24,769 [INFO] [110/121] 이태원역 (primary=KEY_2)
2026-07-25 04:46:25,890 [INFO] [111/121] 잠실새내역 (primary=KEY_3)
2026-07-25 04:46:27,187 [INFO] [112/121] 잠실역 (primary=KEY_4)
2026-07-25 04:46:28,744 [INFO] [113/121] 장지역 (primary=KEY_1)
2026-07-25 04:46:30,228 [INFO] [114/121] 장한평역 (primary=KEY_2)
2026-07-25 04:46:31,524 [INFO] [115/121] 천호역 (primary=KEY_3)
2026-07-25 04:46:32,885 [INFO] [116/121] 총신대입구(이수)역 (primary=KEY_4)
2026-07-25 04:46:34,184 [INFO] [117/121] 충정로역 (primary=KEY_1)
2026-07-25 04:46:35,474 [INFO] [118/121] 합정역 (primary=KEY_2)
2026-07-25 04:46:36,791 [INFO] [119/121] 혜화역 (primary=KEY_3)
2026-07-25 04:46:39,097 [INFO] [120/121] 홍대입구역(2호선) (primary=KEY_4)
2026-07-25 04:46:40,422 [INFO] [121/121] 회기역 (primary=KEY_1)
2026-07-25 04:46:42,622 [INFO] === 수집 완료 | 성공 121, 실패 0 ===
2026-07-25 04:46:42,622 [INFO] 카테고리별 저장 결과:
2026-07-25 04:46:42,622 [INFO]    accident                  | 신규     5행 | 누적     15행 | 16컬럼
2026-07-25 04:46:42,622 [INFO]    accident_acdnt_cntrl_stts | 신규     4행 | 누적     10행 | 16컬럼
2026-07-25 04:46:42,622 [INFO]    area_meta                 | 신규   121행 | 누적    363행 | 5컬럼
2026-07-25 04:46:42,622 [INFO]    bike                      | 신규    11행 | 누적     33행 | 12컬럼
2026-07-25 04:46:42,622 [INFO]    bike_sbike_stts           | 신규   571행 | 누적   1713행 | 12컬럼
2026-07-25 04:46:42,623 [INFO]    bus                       | 신규     3행 | 누적      9행 | 11컬럼
2026-07-25 04:46:42,623 [INFO]    bus_bus_stn_stts          | 신규  1745행 | 누적   5235행 | 11컬럼
2026-07-25 04:46:42,623 [INFO]    charger                   | 신규     4행 | 누적     12행 | 15컬럼
2026-07-25 04:46:42,623 [INFO]    charger_charger_stts      | 신규  1919행 | 누적   5718행 | 15컬럼
2026-07-25 04:46:42,623 [INFO]    cmrcl                     | 신규    82행 | 누적    246행 | 20컬럼
2026-07-25 04:46:42,623 [INFO]    events                    | 신규    13행 | 누적     39행 | 14컬럼
2026-07-25 04:46:42,623 [INFO]    events_event_stts         | 신규   138행 | 누적    414행 | 14컬럼
2026-07-25 04:46:42,623 [INFO]    parking                   | 신규     6행 | 누적     18행 | 21컬럼
2026-07-25 04:46:42,623 [INFO]    parking_prk_stts          | 신규  1834행 | 누적   5502행 | 21컬럼
2026-07-25 04:46:42,623 [INFO]    ppltn                     | 신규   121행 | 누적    363행 | 26컬럼
2026-07-25 04:46:42,623 [INFO]    road                      | 신규   121행 | 누적    363행 | 21컬럼
2026-07-25 04:46:42,623 [INFO]    road_road_traffic_stts    | 신규  5274행 | 누적  15822행 | 17컬럼
2026-07-25 04:46:42,623 [INFO]    subway                    | 신규    38행 | 누적    114행 | 13컬럼
2026-07-25 04:46:42,623 [INFO]    subway_sub_stts           | 신규   183행 | 누적    549행 | 13컬럼
2026-07-25 04:46:42,623 [INFO]    weather                   | 신규   119행 | 누적    357행 | 29컬럼
2026-07-25 04:46:42,623 [INFO] 키별 사용량:
2026-07-25 04:46:42,623 [INFO]    🟢 KEY_1 (31/1000) 
2026-07-25 04:46:42,623 [INFO]    🟢 KEY_2 (30/1000) 
2026-07-25 04:46:42,623 [INFO]    🟢 KEY_3 (30/1000) 
2026-07-25 04:46:42,623 [INFO]    🟢 KEY_4 (30/1000) 
2026-07-25 06:16:39,758 [INFO] 등록된 키: 4개, 합산 한도 4,000건/일
2026-07-25 06:16:39,759 [INFO] POI 로드: 매뉴얼 v8.5 기준 fallback 121개 (121개 전체)
2026-07-25 06:16:39,759 [INFO] === 수집 시작 2026-07-25T06:16:39.759301+09:00 ===
2026-07-25 06:16:39,759 [INFO] 대상 장소: 121개 | API: citydata (통합)
2026-07-25 06:16:39,759 [INFO] 키 풀: 4/4 활성 | 오늘 사용 0/4000건
2026-07-25 06:16:39,759 [INFO]   [KEY_1] 담당 31장소
2026-07-25 06:16:39,759 [INFO]   [KEY_2] 담당 30장소
2026-07-25 06:16:39,759 [INFO]   [KEY_3] 담당 30장소
2026-07-25 06:16:39,759 [INFO]   [KEY_4] 담당 30장소
2026-07-25 06:16:39,759 [INFO] [1/121] 경복궁 (primary=KEY_1)
2026-07-25 06:16:41,566 [INFO] [2/121] 광화문·덕수궁 (primary=KEY_2)
2026-07-25 06:16:43,655 [INFO] [3/121] 보신각 (primary=KEY_3)
2026-07-25 06:16:45,421 [INFO] [4/121] 서울 암사동 유적 (primary=KEY_4)
2026-07-25 06:16:46,439 [INFO] [5/121] 창덕궁·종묘 (primary=KEY_1)
2026-07-25 06:16:48,191 [INFO] [6/121] 강남 MICE 관광특구 (primary=KEY_2)
2026-07-25 06:16:49,535 [INFO] [7/121] 동대문 관광특구 (primary=KEY_3)
2026-07-25 06:16:50,961 [INFO] [8/121] 명동 관광특구 (primary=KEY_4)
2026-07-25 06:16:52,528 [INFO] [9/121] 이태원 관광특구 (primary=KEY_1)
2026-07-25 06:16:53,743 [INFO] [10/121] 잠실 관광특구 (primary=KEY_2)
2026-07-25 06:16:55,299 [INFO] [11/121] 종로·청계 관광특구 (primary=KEY_3)
2026-07-25 06:16:56,713 [INFO] [12/121] 홍대 관광특구 (primary=KEY_4)
2026-07-25 06:16:58,110 [INFO] [13/121] 강서한강공원 (primary=KEY_1)
2026-07-25 06:16:59,127 [INFO] [14/121] 고척돔 (primary=KEY_2)
2026-07-25 06:17:00,759 [INFO] [15/121] 광나루한강공원 (primary=KEY_3)
2026-07-25 06:17:01,930 [INFO] [16/121] 광화문광장 (primary=KEY_4)
2026-07-25 06:17:03,114 [INFO] [17/121] 국립중앙박물관·용산가족공원 (primary=KEY_1)
2026-07-25 06:17:04,731 [INFO] [18/121] 난지한강공원 (primary=KEY_2)
2026-07-25 06:17:06,481 [INFO] [19/121] 남산공원 (primary=KEY_3)
2026-07-25 06:17:07,855 [INFO] [20/121] 노들섬 (primary=KEY_4)
2026-07-25 06:17:09,031 [INFO] [21/121] 뚝섬한강공원 (primary=KEY_1)
2026-07-25 06:17:10,062 [INFO] [22/121] 망원한강공원 (primary=KEY_2)
2026-07-25 06:17:12,453 [INFO] [23/121] 반포한강공원 (primary=KEY_3)
2026-07-25 06:17:13,462 [INFO] [24/121] 보라매공원 (primary=KEY_4)
2026-07-25 06:17:15,254 [INFO] [25/121] 북서울꿈의숲 (primary=KEY_1)
2026-07-25 06:17:17,134 [INFO] [26/121] 서대문독립공원 (primary=KEY_2)
2026-07-25 06:17:18,182 [INFO] [27/121] 서리풀공원·몽마르뜨공원 (primary=KEY_3)
2026-07-25 06:17:19,379 [INFO] [28/121] 서울대공원 (primary=KEY_4)
2026-07-25 06:17:20,379 [INFO] [29/121] 서울숲공원 (primary=KEY_1)
2026-07-25 06:17:21,559 [INFO] [30/121] 송현녹지광장 (primary=KEY_2)
2026-07-25 06:17:22,754 [INFO] [31/121] 아차산 (primary=KEY_3)
2026-07-25 06:17:23,771 [INFO] [32/121] 안양천 (primary=KEY_4)
2026-07-25 06:17:24,775 [INFO] [33/121] 양화한강공원 (primary=KEY_1)
2026-07-25 06:17:25,794 [INFO] [34/121] 어린이대공원 (primary=KEY_2)
2026-07-25 06:17:26,984 [INFO] [35/121] 여의도한강공원 (primary=KEY_3)
2026-07-25 06:17:28,138 [INFO] [36/121] 여의서로 (primary=KEY_4)
2026-07-25 06:17:29,303 [INFO] [37/121] 올림픽공원 (primary=KEY_1)
2026-07-25 06:17:30,692 [INFO] [38/121] 월드컵공원 (primary=KEY_2)
2026-07-25 06:17:32,037 [INFO] [39/121] 응봉산 (primary=KEY_3)
2026-07-25 06:17:33,210 [INFO] [40/121] 이촌한강공원 (primary=KEY_4)
2026-07-25 06:17:34,813 [INFO] [41/121] 잠실종합운동장 (primary=KEY_1)
2026-07-25 06:17:35,845 [INFO] [42/121] 잠실한강공원 (primary=KEY_2)
2026-07-25 06:17:36,868 [INFO] [43/121] 잠원한강공원 (primary=KEY_3)
2026-07-25 06:17:37,881 [INFO] [44/121] 청계산 (primary=KEY_4)
2026-07-25 06:17:38,885 [INFO] [45/121] 홍제폭포 (primary=KEY_1)
2026-07-25 06:17:39,896 [INFO] [46/121] 가락시장 (primary=KEY_2)
2026-07-25 06:17:41,137 [INFO] [47/121] 가로수길 (primary=KEY_3)
2026-07-25 06:17:43,210 [INFO] [48/121] 광장(전통)시장 (primary=KEY_4)
2026-07-25 06:17:45,135 [INFO] [49/121] 김포공항 (primary=KEY_1)
2026-07-25 06:17:46,472 [INFO] [50/121] 남대문시장 (primary=KEY_2)
2026-07-25 06:17:47,667 [INFO] [51/121] 노량진 (primary=KEY_3)
2026-07-25 06:17:48,861 [INFO] [52/121] 덕수궁길·정동길 (primary=KEY_4)
2026-07-25 06:17:50,067 [INFO] [53/121] 북창동 먹자골목 (primary=KEY_1)
2026-07-25 06:17:51,226 [INFO] [54/121] 북촌한옥마을 (primary=KEY_2)
2026-07-25 06:17:52,572 [INFO] [55/121] 서촌 (primary=KEY_3)
2026-07-25 06:17:54,482 [INFO] [56/121] 성수카페거리 (primary=KEY_4)
2026-07-25 06:17:56,146 [INFO] [57/121] 송리단길·호수단길 (primary=KEY_1)
2026-07-25 06:17:57,384 [INFO] [58/121] 신촌 스타광장 (primary=KEY_2)
2026-07-25 06:17:58,413 [INFO] [59/121] 압구정로데오거리 (primary=KEY_3)
2026-07-25 06:17:59,608 [INFO] [60/121] 여의도 (primary=KEY_4)
2026-07-25 06:18:02,061 [INFO] [61/121] 연남동 (primary=KEY_1)
2026-07-25 06:18:03,271 [INFO] [62/121] 영등포 타임스퀘어 (primary=KEY_2)
2026-07-25 06:18:04,420 [INFO] [63/121] 용리단길 (primary=KEY_3)
2026-07-25 06:18:05,454 [INFO] [64/121] 이태원 앤틱가구거리 (primary=KEY_4)
2026-07-25 06:18:06,650 [INFO] [65/121] 익선동 (primary=KEY_1)
2026-07-25 06:18:07,826 [INFO] [66/121] 인사동 (primary=KEY_2)
2026-07-25 06:18:09,163 [INFO] [67/121] 잠실롯데타워·석촌호수 (primary=KEY_3)
2026-07-25 06:18:10,708 [INFO] [68/121] 창동 신경제 중심지 (primary=KEY_4)
2026-07-25 06:18:12,234 [INFO] [69/121] 청담동 명품거리 (primary=KEY_1)
2026-07-25 06:18:13,422 [INFO] [70/121] 청량리 제기동 일대 전통시장 (primary=KEY_2)
2026-07-25 06:18:14,609 [INFO] [71/121] 해방촌·경리단길 (primary=KEY_3)
2026-07-25 06:18:15,628 [INFO] [72/121] DDP(동대문디자인플라자) (primary=KEY_4)
2026-07-25 06:18:16,863 [INFO] [73/121] DMC(디지털미디어시티) (primary=KEY_1)
2026-07-25 06:18:18,398 [INFO] [74/121] 가산디지털단지역 (primary=KEY_2)
2026-07-25 06:18:20,643 [INFO] [75/121] 강남역 (primary=KEY_3)
2026-07-25 06:18:22,016 [INFO] [76/121] 건대입구역 (primary=KEY_4)
2026-07-25 06:18:23,807 [INFO] [77/121] 고덕역 (primary=KEY_1)
2026-07-25 06:18:25,000 [INFO] [78/121] 고속터미널역 (primary=KEY_2)
2026-07-25 06:18:26,190 [INFO] [79/121] 교대역 (primary=KEY_3)
2026-07-25 06:18:27,389 [INFO] [80/121] 구로디지털단지역 (primary=KEY_4)
2026-07-25 06:18:28,875 [INFO] [81/121] 구로역 (primary=KEY_1)
2026-07-25 06:18:30,625 [INFO] [82/121] 군자역 (primary=KEY_2)
2026-07-25 06:18:31,816 [INFO] [83/121] 대림역 (primary=KEY_3)
2026-07-25 06:18:33,006 [INFO] [84/121] 동대문역 (primary=KEY_4)
2026-07-25 06:18:34,211 [INFO] [85/121] 뚝섬역 (primary=KEY_1)
2026-07-25 06:18:35,388 [INFO] [86/121] 미아사거리역 (primary=KEY_2)
2026-07-25 06:18:36,574 [INFO] [87/121] 발산역 (primary=KEY_3)
2026-07-25 06:18:38,642 [INFO] [88/121] 사당역 (primary=KEY_4)
2026-07-25 06:18:40,437 [INFO] [89/121] 삼각지역 (primary=KEY_1)
2026-07-25 06:18:41,631 [INFO] [90/121] 서울대입구역 (primary=KEY_2)
2026-07-25 06:18:43,704 [INFO] [91/121] 서울식물원·마곡나루역 (primary=KEY_3)
2026-07-25 06:18:45,053 [INFO] [92/121] 서울역 (primary=KEY_4)
2026-07-25 06:18:46,435 [INFO] [93/121] 선릉역 (primary=KEY_1)
2026-07-25 06:18:47,979 [INFO] [94/121] 성신여대입구역 (primary=KEY_2)
2026-07-25 06:18:49,027 [INFO] [95/121] 수유역 (primary=KEY_3)
2026-07-25 06:18:50,819 [INFO] [96/121] 숭례문 (primary=KEY_4)
2026-07-25 06:18:52,204 [INFO] [97/121] 시의회 앞 (primary=KEY_1)
2026-07-25 06:18:53,391 [INFO] [98/121] 신논현역·논현역 (primary=KEY_2)
2026-07-25 06:18:54,619 [INFO] [99/121] 신도림역 (primary=KEY_3)
2026-07-25 06:18:55,665 [INFO] [100/121] 신림역 (primary=KEY_4)
2026-07-25 06:18:56,863 [INFO] [101/121] 신정네거리역 (primary=KEY_1)
2026-07-25 06:18:58,046 [INFO] [102/121] 신촌·이대역 (primary=KEY_2)
2026-07-25 06:18:59,231 [INFO] [103/121] 쌍문역 (primary=KEY_3)
2026-07-25 06:19:00,409 [INFO] [104/121] 양재역 (primary=KEY_4)
2026-07-25 06:19:02,216 [INFO] [105/121] 역삼역 (primary=KEY_1)
2026-07-25 06:19:04,199 [INFO] [106/121] 연신내역 (primary=KEY_2)
2026-07-25 06:19:05,242 [INFO] [107/121] 오목교역·목동운동장 (primary=KEY_3)
2026-07-25 06:19:07,497 [INFO] [108/121] 왕십리역 (primary=KEY_4)
2026-07-25 06:19:09,609 [INFO] [109/121] 용산역 (primary=KEY_1)
2026-07-25 06:19:10,966 [INFO] [110/121] 이태원역 (primary=KEY_2)
2026-07-25 06:19:12,000 [INFO] [111/121] 잠실새내역 (primary=KEY_3)
2026-07-25 06:19:13,181 [INFO] [112/121] 잠실역 (primary=KEY_4)
2026-07-25 06:19:14,631 [INFO] [113/121] 장지역 (primary=KEY_1)
2026-07-25 06:19:16,595 [INFO] [114/121] 장한평역 (primary=KEY_2)
2026-07-25 06:19:18,372 [INFO] [115/121] 천호역 (primary=KEY_3)
2026-07-25 06:19:19,605 [INFO] [116/121] 총신대입구(이수)역 (primary=KEY_4)
2026-07-25 06:19:20,789 [INFO] [117/121] 충정로역 (primary=KEY_1)
2026-07-25 06:19:22,758 [INFO] [118/121] 합정역 (primary=KEY_2)
2026-07-25 06:19:24,114 [INFO] [119/121] 혜화역 (primary=KEY_3)
2026-07-25 06:19:25,899 [INFO] [120/121] 홍대입구역(2호선) (primary=KEY_4)
2026-07-25 06:19:27,118 [INFO] [121/121] 회기역 (primary=KEY_1)
2026-07-25 06:19:30,246 [INFO] === 수집 완료 | 성공 121, 실패 0 ===
2026-07-25 06:19:30,246 [INFO] 카테고리별 저장 결과:
2026-07-25 06:19:30,247 [INFO]    accident                  | 신규     3행 | 누적     18행 | 16컬럼
2026-07-25 06:19:30,247 [INFO]    accident_acdnt_cntrl_stts | 신규     2행 | 누적     12행 | 16컬럼
2026-07-25 06:19:30,247 [INFO]    area_meta                 | 신규   121행 | 누적    484행 | 5컬럼
2026-07-25 06:19:30,247 [INFO]    bike                      | 신규    11행 | 누적     44행 | 12컬럼
2026-07-25 06:19:30,247 [INFO]    bike_sbike_stts           | 신규   571행 | 누적   2284행 | 12컬럼
2026-07-25 06:19:30,247 [INFO]    bus                       | 신규     3행 | 누적     12행 | 11컬럼
2026-07-25 06:19:30,247 [INFO]    bus_bus_stn_stts          | 신규  1745행 | 누적   6980행 | 11컬럼
2026-07-25 06:19:30,247 [INFO]    charger                   | 신규     4행 | 누적     16행 | 15컬럼
2026-07-25 06:19:30,247 [INFO]    charger_charger_stts      | 신규  1919행 | 누적   7624행 | 15컬럼
2026-07-25 06:19:30,247 [INFO]    cmrcl                     | 신규    82행 | 누적    328행 | 20컬럼
2026-07-25 06:19:30,247 [INFO]    events                    | 신규    14행 | 누적     53행 | 14컬럼
2026-07-25 06:19:30,247 [INFO]    events_event_stts         | 신규   146행 | 누적    560행 | 14컬럼
2026-07-25 06:19:30,247 [INFO]    parking                   | 신규     6행 | 누적     24행 | 21컬럼
2026-07-25 06:19:30,247 [INFO]    parking_prk_stts          | 신규  1834행 | 누적   7336행 | 21컬럼
2026-07-25 06:19:30,247 [INFO]    ppltn                     | 신규   121행 | 누적    484행 | 26컬럼
2026-07-25 06:19:30,247 [INFO]    road                      | 신규   121행 | 누적    484행 | 21컬럼
2026-07-25 06:19:30,247 [INFO]    road_road_traffic_stts    | 신규  5274행 | 누적  21096행 | 17컬럼
2026-07-25 06:19:30,247 [INFO]    subway                    | 신규    38행 | 누적    152행 | 13컬럼
2026-07-25 06:19:30,247 [INFO]    subway_sub_stts           | 신규   183행 | 누적    732행 | 13컬럼
2026-07-25 06:19:30,247 [INFO]    weather                   | 신규   119행 | 누적    476행 | 29컬럼
2026-07-25 06:19:30,248 [INFO] 키별 사용량:
2026-07-25 06:19:30,248 [INFO]    🟢 KEY_1 (31/1000) 
2026-07-25 06:19:30,248 [INFO]    🟢 KEY_2 (30/1000) 
2026-07-25 06:19:30,248 [INFO]    🟢 KEY_3 (30/1000) 
2026-07-25 06:19:30,248 [INFO]    🟢 KEY_4 (30/1000) 
2026-07-25 08:12:46,358 [INFO] 등록된 키: 4개, 합산 한도 4,000건/일
2026-07-25 08:12:46,359 [INFO] POI 로드: 매뉴얼 v8.5 기준 fallback 121개 (121개 전체)
2026-07-25 08:12:46,359 [INFO] === 수집 시작 2026-07-25T08:12:46.359454+09:00 ===
2026-07-25 08:12:46,359 [INFO] 대상 장소: 121개 | API: citydata (통합)
2026-07-25 08:12:46,359 [INFO] 키 풀: 4/4 활성 | 오늘 사용 0/4000건
2026-07-25 08:12:46,359 [INFO]   [KEY_1] 담당 31장소
2026-07-25 08:12:46,359 [INFO]   [KEY_2] 담당 30장소
2026-07-25 08:12:46,359 [INFO]   [KEY_3] 담당 30장소
2026-07-25 08:12:46,359 [INFO]   [KEY_4] 담당 30장소
2026-07-25 08:12:46,359 [INFO] [1/121] 경복궁 (primary=KEY_1)
2026-07-25 08:12:47,610 [INFO] [2/121] 광화문·덕수궁 (primary=KEY_2)
2026-07-25 08:12:49,290 [INFO] [3/121] 보신각 (primary=KEY_3)
2026-07-25 08:12:50,527 [INFO] [4/121] 서울 암사동 유적 (primary=KEY_4)
2026-07-25 08:12:51,490 [INFO] [5/121] 창덕궁·종묘 (primary=KEY_1)
2026-07-25 08:12:52,865 [INFO] [6/121] 강남 MICE 관광특구 (primary=KEY_2)
2026-07-25 08:12:54,793 [INFO] [7/121] 동대문 관광특구 (primary=KEY_3)
2026-07-25 08:12:56,255 [INFO] [8/121] 명동 관광특구 (primary=KEY_4)
2026-07-25 08:12:57,811 [INFO] [9/121] 이태원 관광특구 (primary=KEY_1)
2026-07-25 08:12:59,617 [INFO] [10/121] 잠실 관광특구 (primary=KEY_2)
2026-07-25 08:13:01,075 [INFO] [11/121] 종로·청계 관광특구 (primary=KEY_3)
2026-07-25 08:13:02,382 [INFO] [12/121] 홍대 관광특구 (primary=KEY_4)
2026-07-25 08:13:03,821 [INFO] [13/121] 강서한강공원 (primary=KEY_1)
2026-07-25 08:13:05,450 [INFO] [14/121] 고척돔 (primary=KEY_2)
2026-07-25 08:13:06,433 [INFO] [15/121] 광나루한강공원 (primary=KEY_3)
2026-07-25 08:13:08,219 [INFO] [16/121] 광화문광장 (primary=KEY_4)
2026-07-25 08:13:09,328 [INFO] [17/121] 국립중앙박물관·용산가족공원 (primary=KEY_1)
2026-07-25 08:13:10,456 [INFO] [18/121] 난지한강공원 (primary=KEY_2)
2026-07-25 08:13:11,549 [INFO] [19/121] 남산공원 (primary=KEY_3)
2026-07-25 08:13:12,811 [INFO] [20/121] 노들섬 (primary=KEY_4)
2026-07-25 08:13:13,768 [INFO] [21/121] 뚝섬한강공원 (primary=KEY_1)
2026-07-25 08:13:14,739 [INFO] [22/121] 망원한강공원 (primary=KEY_2)
2026-07-25 08:13:15,854 [INFO] [23/121] 반포한강공원 (primary=KEY_3)
2026-07-25 08:13:16,817 [INFO] [24/121] 보라매공원 (primary=KEY_4)
2026-07-25 08:13:17,811 [INFO] [25/121] 북서울꿈의숲 (primary=KEY_1)
2026-07-25 08:13:18,911 [INFO] [26/121] 서대문독립공원 (primary=KEY_2)
2026-07-25 08:13:19,904 [INFO] [27/121] 서리풀공원·몽마르뜨공원 (primary=KEY_3)
2026-07-25 08:13:21,074 [INFO] [28/121] 서울대공원 (primary=KEY_4)
2026-07-25 08:13:22,036 [INFO] [29/121] 서울숲공원 (primary=KEY_1)
2026-07-25 08:13:23,155 [INFO] [30/121] 송현녹지광장 (primary=KEY_2)
2026-07-25 08:13:24,397 [INFO] [31/121] 아차산 (primary=KEY_3)
2026-07-25 08:13:25,508 [INFO] [32/121] 안양천 (primary=KEY_4)
2026-07-25 08:13:26,485 [INFO] [33/121] 양화한강공원 (primary=KEY_1)
2026-07-25 08:13:27,458 [INFO] [34/121] 어린이대공원 (primary=KEY_2)
2026-07-25 08:13:28,567 [INFO] [35/121] 여의도한강공원 (primary=KEY_3)
2026-07-25 08:13:29,670 [INFO] [36/121] 여의서로 (primary=KEY_4)
2026-07-25 08:13:30,779 [INFO] [37/121] 올림픽공원 (primary=KEY_1)
2026-07-25 08:13:32,042 [INFO] [38/121] 월드컵공원 (primary=KEY_2)
2026-07-25 08:13:33,326 [INFO] [39/121] 응봉산 (primary=KEY_3)
2026-07-25 08:13:34,561 [INFO] [40/121] 이촌한강공원 (primary=KEY_4)
2026-07-25 08:13:35,519 [INFO] [41/121] 잠실종합운동장 (primary=KEY_1)
2026-07-25 08:13:36,487 [INFO] [42/121] 잠실한강공원 (primary=KEY_2)
2026-07-25 08:13:37,455 [INFO] [43/121] 잠원한강공원 (primary=KEY_3)
2026-07-25 08:13:38,442 [INFO] [44/121] 청계산 (primary=KEY_4)
2026-07-25 08:13:39,405 [INFO] [45/121] 홍제폭포 (primary=KEY_1)
2026-07-25 08:13:40,374 [INFO] [46/121] 가락시장 (primary=KEY_2)
2026-07-25 08:13:41,529 [INFO] [47/121] 가로수길 (primary=KEY_3)
2026-07-25 08:13:42,652 [INFO] [48/121] 광장(전통)시장 (primary=KEY_4)
2026-07-25 08:13:43,651 [INFO] [49/121] 김포공항 (primary=KEY_1)
2026-07-25 08:13:44,918 [INFO] [50/121] 남대문시장 (primary=KEY_2)
2026-07-25 08:13:46,052 [INFO] [51/121] 노량진 (primary=KEY_3)
2026-07-25 08:13:47,186 [INFO] [52/121] 덕수궁길·정동길 (primary=KEY_4)
2026-07-25 08:13:48,447 [INFO] [53/121] 북창동 먹자골목 (primary=KEY_1)
2026-07-25 08:13:49,813 [INFO] [54/121] 북촌한옥마을 (primary=KEY_2)
2026-07-25 08:13:51,161 [INFO] [55/121] 서촌 (primary=KEY_3)
2026-07-25 08:13:52,807 [INFO] [56/121] 성수카페거리 (primary=KEY_4)
2026-07-25 08:13:54,200 [INFO] [57/121] 송리단길·호수단길 (primary=KEY_1)
2026-07-25 08:13:55,468 [INFO] [58/121] 신촌 스타광장 (primary=KEY_2)
2026-07-25 08:13:56,580 [INFO] [59/121] 압구정로데오거리 (primary=KEY_3)
2026-07-25 08:13:57,840 [INFO] [60/121] 여의도 (primary=KEY_4)
2026-07-25 08:13:59,590 [INFO] [61/121] 연남동 (primary=KEY_1)
2026-07-25 08:14:00,840 [INFO] [62/121] 영등포 타임스퀘어 (primary=KEY_2)
2026-07-25 08:14:02,789 [INFO] [63/121] 용리단길 (primary=KEY_3)
2026-07-25 08:14:03,785 [INFO] [64/121] 이태원 앤틱가구거리 (primary=KEY_4)
2026-07-25 08:14:04,931 [INFO] [65/121] 익선동 (primary=KEY_1)
2026-07-25 08:14:06,065 [INFO] [66/121] 인사동 (primary=KEY_2)
2026-07-25 08:14:07,352 [INFO] [67/121] 잠실롯데타워·석촌호수 (primary=KEY_3)
2026-07-25 08:14:08,777 [INFO] [68/121] 창동 신경제 중심지 (primary=KEY_4)
2026-07-25 08:14:10,186 [INFO] [69/121] 청담동 명품거리 (primary=KEY_1)
2026-07-25 08:14:11,435 [INFO] [70/121] 청량리 제기동 일대 전통시장 (primary=KEY_2)
2026-07-25 08:14:12,551 [INFO] [71/121] 해방촌·경리단길 (primary=KEY_3)
2026-07-25 08:14:13,663 [INFO] [72/121] DDP(동대문디자인플라자) (primary=KEY_4)
2026-07-25 08:14:14,833 [INFO] [73/121] DMC(디지털미디어시티) (primary=KEY_1)
2026-07-25 08:14:16,428 [INFO] [74/121] 가산디지털단지역 (primary=KEY_2)
2026-07-25 08:14:17,989 [INFO] [75/121] 강남역 (primary=KEY_3)
2026-07-25 08:14:19,277 [INFO] [76/121] 건대입구역 (primary=KEY_4)
2026-07-25 08:14:20,419 [INFO] [77/121] 고덕역 (primary=KEY_1)
2026-07-25 08:14:21,659 [INFO] [78/121] 고속터미널역 (primary=KEY_2)
2026-07-25 08:14:22,803 [INFO] [79/121] 교대역 (primary=KEY_3)
2026-07-25 08:14:23,928 [INFO] [80/121] 구로디지털단지역 (primary=KEY_4)
2026-07-25 08:14:25,329 [INFO] [81/121] 구로역 (primary=KEY_1)
2026-07-25 08:14:26,431 [INFO] [82/121] 군자역 (primary=KEY_2)
2026-07-25 08:14:27,694 [INFO] [83/121] 대림역 (primary=KEY_3)
2026-07-25 08:14:28,819 [INFO] [84/121] 동대문역 (primary=KEY_4)
2026-07-25 08:14:30,042 [INFO] [85/121] 뚝섬역 (primary=KEY_1)
2026-07-25 08:14:31,156 [INFO] [86/121] 미아사거리역 (primary=KEY_2)
2026-07-25 08:14:32,276 [INFO] [87/121] 발산역 (primary=KEY_3)
2026-07-25 08:14:33,690 [INFO] [88/121] 사당역 (primary=KEY_4)
2026-07-25 08:14:34,821 [INFO] [89/121] 삼각지역 (primary=KEY_1)
2026-07-25 08:14:35,952 [INFO] [90/121] 서울대입구역 (primary=KEY_2)
2026-07-25 08:14:37,079 [INFO] [91/121] 서울식물원·마곡나루역 (primary=KEY_3)
2026-07-25 08:14:38,349 [INFO] [92/121] 서울역 (primary=KEY_4)
2026-07-25 08:14:39,672 [INFO] [93/121] 선릉역 (primary=KEY_1)
2026-07-25 08:14:41,089 [INFO] [94/121] 성신여대입구역 (primary=KEY_2)
2026-07-25 08:14:42,091 [INFO] [95/121] 수유역 (primary=KEY_3)
2026-07-25 08:14:43,246 [INFO] [96/121] 숭례문 (primary=KEY_4)
2026-07-25 08:14:44,501 [INFO] [97/121] 시의회 앞 (primary=KEY_1)
2026-07-25 08:14:45,701 [INFO] [98/121] 신논현역·논현역 (primary=KEY_2)
2026-07-25 08:14:46,869 [INFO] [99/121] 신도림역 (primary=KEY_3)
2026-07-25 08:14:47,857 [INFO] [100/121] 신림역 (primary=KEY_4)
2026-07-25 08:14:49,109 [INFO] [101/121] 신정네거리역 (primary=KEY_1)
2026-07-25 08:14:50,219 [INFO] [102/121] 신촌·이대역 (primary=KEY_2)
2026-07-25 08:14:51,346 [INFO] [103/121] 쌍문역 (primary=KEY_3)
2026-07-25 08:14:52,465 [INFO] [104/121] 양재역 (primary=KEY_4)
2026-07-25 08:14:53,591 [INFO] [105/121] 역삼역 (primary=KEY_1)
2026-07-25 08:14:54,857 [INFO] [106/121] 연신내역 (primary=KEY_2)
2026-07-25 08:14:55,851 [INFO] [107/121] 오목교역·목동운동장 (primary=KEY_3)
2026-07-25 08:14:57,421 [INFO] [108/121] 왕십리역 (primary=KEY_4)
2026-07-25 08:14:58,710 [INFO] [109/121] 용산역 (primary=KEY_1)
2026-07-25 08:14:59,955 [INFO] [110/121] 이태원역 (primary=KEY_2)
2026-07-25 08:15:00,949 [INFO] [111/121] 잠실새내역 (primary=KEY_3)
2026-07-25 08:15:02,069 [INFO] [112/121] 잠실역 (primary=KEY_4)
2026-07-25 08:15:03,377 [INFO] [113/121] 장지역 (primary=KEY_1)
2026-07-25 08:15:04,663 [INFO] [114/121] 장한평역 (primary=KEY_2)
2026-07-25 08:15:05,763 [INFO] [115/121] 천호역 (primary=KEY_3)
2026-07-25 08:15:06,894 [INFO] [116/121] 총신대입구(이수)역 (primary=KEY_4)
2026-07-25 08:15:08,018 [INFO] [117/121] 충정로역 (primary=KEY_1)
2026-07-25 08:15:09,131 [INFO] [118/121] 합정역 (primary=KEY_2)
2026-07-25 08:15:10,274 [INFO] [119/121] 혜화역 (primary=KEY_3)
2026-07-25 08:15:11,373 [INFO] [120/121] 홍대입구역(2호선) (primary=KEY_4)
2026-07-25 08:15:12,498 [INFO] [121/121] 회기역 (primary=KEY_1)
2026-07-25 08:15:14,702 [INFO] === 수집 완료 | 성공 121, 실패 0 ===
2026-07-25 08:15:14,702 [INFO] 카테고리별 저장 결과:
2026-07-25 08:15:14,703 [INFO]    accident                  | 신규     3행 | 누적     21행 | 16컬럼
2026-07-25 08:15:14,703 [INFO]    accident_acdnt_cntrl_stts | 신규     2행 | 누적     14행 | 16컬럼
2026-07-25 08:15:14,703 [INFO]    area_meta                 | 신규   121행 | 누적    605행 | 5컬럼
2026-07-25 08:15:14,703 [INFO]    bike                      | 신규    11행 | 누적     55행 | 12컬럼
2026-07-25 08:15:14,703 [INFO]    bike_sbike_stts           | 신규   571행 | 누적   2855행 | 12컬럼
2026-07-25 08:15:14,703 [INFO]    bus                       | 신규     3행 | 누적     15행 | 11컬럼
2026-07-25 08:15:14,703 [INFO]    bus_bus_stn_stts          | 신규  1745행 | 누적   8725행 | 11컬럼
2026-07-25 08:15:14,703 [INFO]    charger                   | 신규     4행 | 누적     20행 | 15컬럼
2026-07-25 08:15:14,703 [INFO]    charger_charger_stts      | 신규  1919행 | 누적   9530행 | 15컬럼
2026-07-25 08:15:14,703 [INFO]    cmrcl                     | 신규    82행 | 누적    410행 | 20컬럼
2026-07-25 08:15:14,703 [INFO]    events                    | 신규    14행 | 누적     67행 | 14컬럼
2026-07-25 08:15:14,703 [INFO]    events_event_stts         | 신규   146행 | 누적    706행 | 14컬럼
2026-07-25 08:15:14,703 [INFO]    parking                   | 신규     6행 | 누적     30행 | 21컬럼
2026-07-25 08:15:14,703 [INFO]    parking_prk_stts          | 신규  1834행 | 누적   9170행 | 21컬럼
2026-07-25 08:15:14,703 [INFO]    ppltn                     | 신규   121행 | 누적    605행 | 26컬럼
2026-07-25 08:15:14,703 [INFO]    road                      | 신규   121행 | 누적    605행 | 21컬럼
2026-07-25 08:15:14,703 [INFO]    road_road_traffic_stts    | 신규  5274행 | 누적  26370행 | 17컬럼
2026-07-25 08:15:14,703 [INFO]    subway                    | 신규    38행 | 누적    190행 | 13컬럼
2026-07-25 08:15:14,703 [INFO]    subway_sub_stts           | 신규   183행 | 누적    915행 | 13컬럼
2026-07-25 08:15:14,703 [INFO]    weather                   | 신규   119행 | 누적    595행 | 29컬럼
2026-07-25 08:15:14,703 [INFO] 키별 사용량:
2026-07-25 08:15:14,703 [INFO]    🟢 KEY_1 (31/1000) 
2026-07-25 08:15:14,703 [INFO]    🟢 KEY_2 (30/1000) 
2026-07-25 08:15:14,703 [INFO]    🟢 KEY_3 (30/1000) 
2026-07-25 08:15:14,703 [INFO]    🟢 KEY_4 (30/1000) 
2026-07-25 12:33:24,828 [INFO] 등록된 키: 4개, 합산 한도 4,000건/일
2026-07-25 12:33:24,828 [INFO] POI 로드: 매뉴얼 v8.5 기준 fallback 121개 (121개 전체)
2026-07-25 12:33:24,828 [INFO] === 수집 시작 2026-07-25T12:33:24.828869+09:00 ===
2026-07-25 12:33:24,828 [INFO] 대상 장소: 121개 | API: citydata (통합)
2026-07-25 12:33:24,829 [INFO] 키 풀: 4/4 활성 | 오늘 사용 0/4000건
2026-07-25 12:33:24,829 [INFO]   [KEY_1] 담당 31장소
2026-07-25 12:33:24,829 [INFO]   [KEY_2] 담당 30장소
2026-07-25 12:33:24,829 [INFO]   [KEY_3] 담당 30장소
2026-07-25 12:33:24,829 [INFO]   [KEY_4] 담당 30장소
2026-07-25 12:33:24,829 [INFO] [1/121] 경복궁 (primary=KEY_1)
2026-07-25 12:33:26,638 [INFO] [2/121] 광화문·덕수궁 (primary=KEY_2)
2026-07-25 12:33:28,209 [INFO] [3/121] 보신각 (primary=KEY_3)
2026-07-25 12:33:29,996 [INFO] [4/121] 서울 암사동 유적 (primary=KEY_4)
2026-07-25 12:33:31,766 [INFO] [5/121] 창덕궁·종묘 (primary=KEY_1)
2026-07-25 12:33:33,005 [INFO] [6/121] 강남 MICE 관광특구 (primary=KEY_2)
2026-07-25 12:33:34,272 [INFO] [7/121] 동대문 관광특구 (primary=KEY_3)
2026-07-25 12:33:35,854 [INFO] [8/121] 명동 관광특구 (primary=KEY_4)
2026-07-25 12:33:37,332 [INFO] [9/121] 이태원 관광특구 (primary=KEY_1)
2026-07-25 12:33:38,480 [INFO] [10/121] 잠실 관광특구 (primary=KEY_2)
2026-07-25 12:33:40,081 [INFO] [11/121] 종로·청계 관광특구 (primary=KEY_3)
2026-07-25 12:33:41,534 [INFO] [12/121] 홍대 관광특구 (primary=KEY_4)
2026-07-25 12:33:42,855 [INFO] [13/121] 강서한강공원 (primary=KEY_1)
2026-07-25 12:33:43,818 [INFO] [14/121] 고척돔 (primary=KEY_2)
2026-07-25 12:33:45,592 [INFO] [15/121] 광나루한강공원 (primary=KEY_3)
2026-07-25 12:33:46,835 [INFO] [16/121] 광화문광장 (primary=KEY_4)
2026-07-25 12:33:48,099 [INFO] [17/121] 국립중앙박물관·용산가족공원 (primary=KEY_1)
2026-07-25 12:33:49,078 [INFO] [18/121] 난지한강공원 (primary=KEY_2)
2026-07-25 12:33:50,038 [INFO] [19/121] 남산공원 (primary=KEY_3)
2026-07-25 12:33:52,018 [INFO] [20/121] 노들섬 (primary=KEY_4)
2026-07-25 12:33:53,003 [INFO] [21/121] 뚝섬한강공원 (primary=KEY_1)
2026-07-25 12:33:54,782 [INFO] [22/121] 망원한강공원 (primary=KEY_2)
2026-07-25 12:33:55,916 [INFO] [23/121] 반포한강공원 (primary=KEY_3)
2026-07-25 12:33:56,882 [INFO] [24/121] 보라매공원 (primary=KEY_4)
2026-07-25 12:33:57,875 [INFO] [25/121] 북서울꿈의숲 (primary=KEY_1)
2026-07-25 12:33:58,982 [INFO] [26/121] 서대문독립공원 (primary=KEY_2)
2026-07-25 12:34:00,098 [INFO] [27/121] 서리풀공원·몽마르뜨공원 (primary=KEY_3)
2026-07-25 12:34:01,259 [INFO] [28/121] 서울대공원 (primary=KEY_4)
2026-07-25 12:34:02,227 [INFO] [29/121] 서울숲공원 (primary=KEY_1)
2026-07-25 12:34:03,349 [INFO] [30/121] 송현녹지광장 (primary=KEY_2)
2026-07-25 12:34:04,470 [INFO] [31/121] 아차산 (primary=KEY_3)
2026-07-25 12:34:05,446 [INFO] [32/121] 안양천 (primary=KEY_4)
2026-07-25 12:34:06,420 [INFO] [33/121] 양화한강공원 (primary=KEY_1)
2026-07-25 12:34:07,394 [INFO] [34/121] 어린이대공원 (primary=KEY_2)
2026-07-25 12:34:08,524 [INFO] [35/121] 여의도한강공원 (primary=KEY_3)
2026-07-25 12:34:09,632 [INFO] [36/121] 여의서로 (primary=KEY_4)
2026-07-25 12:34:10,731 [INFO] [37/121] 올림픽공원 (primary=KEY_1)
2026-07-25 12:34:12,050 [INFO] [38/121] 월드컵공원 (primary=KEY_2)
2026-07-25 12:34:13,335 [INFO] [39/121] 응봉산 (primary=KEY_3)
2026-07-25 12:34:14,447 [INFO] [40/121] 이촌한강공원 (primary=KEY_4)
2026-07-25 12:34:15,418 [INFO] [41/121] 잠실종합운동장 (primary=KEY_1)
2026-07-25 12:34:16,402 [INFO] [42/121] 잠실한강공원 (primary=KEY_2)
2026-07-25 12:34:17,417 [INFO] [43/121] 잠원한강공원 (primary=KEY_3)
2026-07-25 12:34:18,382 [INFO] [44/121] 청계산 (primary=KEY_4)
2026-07-25 12:34:19,346 [INFO] [45/121] 홍제폭포 (primary=KEY_1)
2026-07-25 12:34:20,319 [INFO] [46/121] 가락시장 (primary=KEY_2)
2026-07-25 12:34:21,452 [INFO] [47/121] 가로수길 (primary=KEY_3)
2026-07-25 12:34:22,613 [INFO] [48/121] 광장(전통)시장 (primary=KEY_4)
2026-07-25 12:34:23,598 [INFO] [49/121] 김포공항 (primary=KEY_1)
2026-07-25 12:34:24,865 [INFO] [50/121] 남대문시장 (primary=KEY_2)
2026-07-25 12:34:25,989 [INFO] [51/121] 노량진 (primary=KEY_3)
2026-07-25 12:34:27,128 [INFO] [52/121] 덕수궁길·정동길 (primary=KEY_4)
2026-07-25 12:34:28,266 [INFO] [53/121] 북창동 먹자골목 (primary=KEY_1)
2026-07-25 12:34:29,655 [INFO] [54/121] 북촌한옥마을 (primary=KEY_2)
2026-07-25 12:34:31,593 [INFO] [55/121] 서촌 (primary=KEY_3)
2026-07-25 12:34:33,256 [INFO] [56/121] 성수카페거리 (primary=KEY_4)
2026-07-25 12:34:34,659 [INFO] [57/121] 송리단길·호수단길 (primary=KEY_1)
2026-07-25 12:34:36,091 [INFO] [58/121] 신촌 스타광장 (primary=KEY_2)
2026-07-25 12:34:37,242 [INFO] [59/121] 압구정로데오거리 (primary=KEY_3)
2026-07-25 12:34:38,420 [INFO] [60/121] 여의도 (primary=KEY_4)
2026-07-25 12:34:40,848 [INFO] [61/121] 연남동 (primary=KEY_1)
2026-07-25 12:34:42,089 [INFO] [62/121] 영등포 타임스퀘어 (primary=KEY_2)
2026-07-25 12:34:43,210 [INFO] [63/121] 용리단길 (primary=KEY_3)
2026-07-25 12:34:44,220 [INFO] [64/121] 이태원 앤틱가구거리 (primary=KEY_4)
2026-07-25 12:34:45,337 [INFO] [65/121] 익선동 (primary=KEY_1)
2026-07-25 12:34:46,479 [INFO] [66/121] 인사동 (primary=KEY_2)
2026-07-25 12:34:47,761 [INFO] [67/121] 잠실롯데타워·석촌호수 (primary=KEY_3)
2026-07-25 12:34:49,194 [INFO] [68/121] 창동 신경제 중심지 (primary=KEY_4)
2026-07-25 12:34:50,614 [INFO] [69/121] 청담동 명품거리 (primary=KEY_1)
2026-07-25 12:34:51,746 [INFO] [70/121] 청량리 제기동 일대 전통시장 (primary=KEY_2)
2026-07-25 12:34:52,879 [INFO] [71/121] 해방촌·경리단길 (primary=KEY_3)
2026-07-25 12:34:54,704 [INFO] [72/121] DDP(동대문디자인플라자) (primary=KEY_4)
2026-07-25 12:34:55,982 [INFO] [73/121] DMC(디지털미디어시티) (primary=KEY_1)
2026-07-25 12:34:57,419 [INFO] [74/121] 가산디지털단지역 (primary=KEY_2)
2026-07-25 12:34:58,979 [INFO] [75/121] 강남역 (primary=KEY_3)
2026-07-25 12:35:00,406 [INFO] [76/121] 건대입구역 (primary=KEY_4)
2026-07-25 12:35:01,580 [INFO] [77/121] 고덕역 (primary=KEY_1)
2026-07-25 12:35:02,704 [INFO] [78/121] 고속터미널역 (primary=KEY_2)
2026-07-25 12:35:03,845 [INFO] [79/121] 교대역 (primary=KEY_3)
2026-07-25 12:35:05,110 [INFO] [80/121] 구로디지털단지역 (primary=KEY_4)
2026-07-25 12:35:06,504 [INFO] [81/121] 구로역 (primary=KEY_1)
2026-07-25 12:35:07,610 [INFO] [82/121] 군자역 (primary=KEY_2)
2026-07-25 12:35:08,865 [INFO] [83/121] 대림역 (primary=KEY_3)
2026-07-25 12:35:09,990 [INFO] [84/121] 동대문역 (primary=KEY_4)
2026-07-25 12:35:11,117 [INFO] [85/121] 뚝섬역 (primary=KEY_1)
2026-07-25 12:35:12,363 [INFO] [86/121] 미아사거리역 (primary=KEY_2)
2026-07-25 12:35:13,472 [INFO] [87/121] 발산역 (primary=KEY_3)
2026-07-25 12:35:14,853 [INFO] [88/121] 사당역 (primary=KEY_4)
2026-07-25 12:35:16,001 [INFO] [89/121] 삼각지역 (primary=KEY_1)
2026-07-25 12:35:17,113 [INFO] [90/121] 서울대입구역 (primary=KEY_2)
2026-07-25 12:35:18,236 [INFO] [91/121] 서울식물원·마곡나루역 (primary=KEY_3)
2026-07-25 12:35:19,507 [INFO] [92/121] 서울역 (primary=KEY_4)
2026-07-25 12:35:20,830 [INFO] [93/121] 선릉역 (primary=KEY_1)
2026-07-25 12:35:22,273 [INFO] [94/121] 성신여대입구역 (primary=KEY_2)
2026-07-25 12:35:23,269 [INFO] [95/121] 수유역 (primary=KEY_3)
2026-07-25 12:35:24,399 [INFO] [96/121] 숭례문 (primary=KEY_4)
2026-07-25 12:35:25,669 [INFO] [97/121] 시의회 앞 (primary=KEY_1)
2026-07-25 12:35:27,509 [INFO] [98/121] 신논현역·논현역 (primary=KEY_2)
2026-07-25 12:35:28,651 [INFO] [99/121] 신도림역 (primary=KEY_3)
2026-07-25 12:35:29,638 [INFO] [100/121] 신림역 (primary=KEY_4)
2026-07-25 12:35:30,771 [INFO] [101/121] 신정네거리역 (primary=KEY_1)
2026-07-25 12:35:31,904 [INFO] [102/121] 신촌·이대역 (primary=KEY_2)
2026-07-25 12:35:33,020 [INFO] [103/121] 쌍문역 (primary=KEY_3)
2026-07-25 12:35:34,154 [INFO] [104/121] 양재역 (primary=KEY_4)
2026-07-25 12:35:35,292 [INFO] [105/121] 역삼역 (primary=KEY_1)
2026-07-25 12:35:36,549 [INFO] [106/121] 연신내역 (primary=KEY_2)
2026-07-25 12:35:37,559 [INFO] [107/121] 오목교역·목동운동장 (primary=KEY_3)
2026-07-25 12:35:39,133 [INFO] [108/121] 왕십리역 (primary=KEY_4)
2026-07-25 12:35:41,113 [INFO] [109/121] 용산역 (primary=KEY_1)
2026-07-25 12:35:42,393 [INFO] [110/121] 이태원역 (primary=KEY_2)
2026-07-25 12:35:43,390 [INFO] [111/121] 잠실새내역 (primary=KEY_3)
2026-07-25 12:35:44,597 [INFO] [112/121] 잠실역 (primary=KEY_4)
2026-07-25 12:35:45,875 [INFO] [113/121] 장지역 (primary=KEY_1)
2026-07-25 12:35:47,173 [INFO] [114/121] 장한평역 (primary=KEY_2)
2026-07-25 12:35:48,318 [INFO] [115/121] 천호역 (primary=KEY_3)
2026-07-25 12:35:49,586 [INFO] [116/121] 총신대입구(이수)역 (primary=KEY_4)
2026-07-25 12:35:50,723 [INFO] [117/121] 충정로역 (primary=KEY_1)
2026-07-25 12:35:51,889 [INFO] [118/121] 합정역 (primary=KEY_2)
2026-07-25 12:35:53,159 [INFO] [119/121] 혜화역 (primary=KEY_3)
2026-07-25 12:35:54,291 [INFO] [120/121] 홍대입구역(2호선) (primary=KEY_4)
2026-07-25 12:35:55,434 [INFO] [121/121] 회기역 (primary=KEY_1)
2026-07-25 12:35:58,196 [INFO] === 수집 완료 | 성공 121, 실패 0 ===
2026-07-25 12:35:58,196 [INFO] 카테고리별 저장 결과:
2026-07-25 12:35:58,196 [INFO]    accident                  | 신규     7행 | 누적     28행 | 16컬럼
2026-07-25 12:35:58,197 [INFO]    accident_acdnt_cntrl_stts | 신규     6행 | 누적     20행 | 16컬럼
2026-07-25 12:35:58,197 [INFO]    area_meta                 | 신규   121행 | 누적    726행 | 5컬럼
2026-07-25 12:35:58,197 [INFO]    bike                      | 신규    11행 | 누적     66행 | 12컬럼
2026-07-25 12:35:58,197 [INFO]    bike_sbike_stts           | 신규   571행 | 누적   3426행 | 12컬럼
2026-07-25 12:35:58,197 [INFO]    bus                       | 신규     3행 | 누적     18행 | 11컬럼
2026-07-25 12:35:58,197 [INFO]    bus_bus_stn_stts          | 신규  1745행 | 누적  10470행 | 11컬럼
2026-07-25 12:35:58,197 [INFO]    charger                   | 신규     4행 | 누적     24행 | 15컬럼
2026-07-25 12:35:58,197 [INFO]    charger_charger_stts      | 신규  1919행 | 누적  11436행 | 15컬럼
2026-07-25 12:35:58,197 [INFO]    cmrcl                     | 신규    82행 | 누적    492행 | 21컬럼
2026-07-25 12:35:58,197 [INFO]    events                    | 신규    14행 | 누적     81행 | 14컬럼
2026-07-25 12:35:58,197 [INFO]    events_event_stts         | 신규   146행 | 누적    852행 | 14컬럼
2026-07-25 12:35:58,197 [INFO]    parking                   | 신규     6행 | 누적     36행 | 21컬럼
2026-07-25 12:35:58,197 [INFO]    parking_prk_stts          | 신규  1834행 | 누적  11004행 | 21컬럼
2026-07-25 12:35:58,197 [INFO]    ppltn                     | 신규   121행 | 누적    726행 | 26컬럼
2026-07-25 12:35:58,197 [INFO]    road                      | 신규   121행 | 누적    726행 | 21컬럼
2026-07-25 12:35:58,197 [INFO]    road_road_traffic_stts    | 신규  5276행 | 누적  31646행 | 17컬럼
2026-07-25 12:35:58,197 [INFO]    subway                    | 신규    38행 | 누적    228행 | 13컬럼
2026-07-25 12:35:58,197 [INFO]    subway_sub_stts           | 신규   183행 | 누적   1098행 | 13컬럼
2026-07-25 12:35:58,197 [INFO]    weather                   | 신규   119행 | 누적    714행 | 29컬럼
2026-07-25 12:35:58,197 [INFO] 키별 사용량:
2026-07-25 12:35:58,197 [INFO]    🟢 KEY_1 (31/1000) 
2026-07-25 12:35:58,197 [INFO]    🟢 KEY_2 (30/1000) 
2026-07-25 12:35:58,197 [INFO]    🟢 KEY_3 (30/1000) 
2026-07-25 12:35:58,198 [INFO]    🟢 KEY_4 (30/1000) 
2026-07-25 15:27:39,754 [INFO] 등록된 키: 4개, 합산 한도 4,000건/일
2026-07-25 15:27:39,754 [INFO] POI 로드: 매뉴얼 v8.5 기준 fallback 121개 (121개 전체)
2026-07-25 15:27:39,754 [INFO] === 수집 시작 2026-07-25T15:27:39.754686+09:00 ===
2026-07-25 15:27:39,754 [INFO] 대상 장소: 121개 | API: citydata (통합)
2026-07-25 15:27:39,754 [INFO] 키 풀: 4/4 활성 | 오늘 사용 0/4000건
2026-07-25 15:27:39,754 [INFO]   [KEY_1] 담당 31장소
2026-07-25 15:27:39,754 [INFO]   [KEY_2] 담당 30장소
2026-07-25 15:27:39,754 [INFO]   [KEY_3] 담당 30장소
2026-07-25 15:27:39,755 [INFO]   [KEY_4] 담당 30장소
2026-07-25 15:27:39,755 [INFO] [1/121] 경복궁 (primary=KEY_1)
2026-07-25 15:27:41,565 [INFO] [2/121] 광화문·덕수궁 (primary=KEY_2)
2026-07-25 15:27:43,666 [INFO] [3/121] 보신각 (primary=KEY_3)
2026-07-25 15:27:44,841 [INFO] [4/121] 서울 암사동 유적 (primary=KEY_4)
2026-07-25 15:27:46,453 [INFO] [5/121] 창덕궁·종묘 (primary=KEY_1)
2026-07-25 15:27:47,659 [INFO] [6/121] 강남 MICE 관광특구 (primary=KEY_2)
2026-07-25 15:27:49,440 [INFO] [7/121] 동대문 관광특구 (primary=KEY_3)
2026-07-25 15:27:50,816 [INFO] [8/121] 명동 관광특구 (primary=KEY_4)
2026-07-25 15:27:52,527 [INFO] [9/121] 이태원 관광특구 (primary=KEY_1)
2026-07-25 15:27:53,709 [INFO] [10/121] 잠실 관광특구 (primary=KEY_2)
2026-07-25 15:27:55,441 [INFO] [11/121] 종로·청계 관광특구 (primary=KEY_3)
2026-07-25 15:27:57,430 [INFO] [12/121] 홍대 관광특구 (primary=KEY_4)
2026-07-25 15:27:58,836 [INFO] [13/121] 강서한강공원 (primary=KEY_1)
2026-07-25 15:28:00,585 [INFO] [14/121] 고척돔 (primary=KEY_2)
2026-07-25 15:28:01,636 [INFO] [15/121] 광나루한강공원 (primary=KEY_3)
2026-07-25 15:28:03,401 [INFO] [16/121] 광화문광장 (primary=KEY_4)
2026-07-25 15:28:05,195 [INFO] [17/121] 국립중앙박물관·용산가족공원 (primary=KEY_1)
2026-07-25 15:28:06,248 [INFO] [18/121] 난지한강공원 (primary=KEY_2)
2026-07-25 15:28:07,281 [INFO] [19/121] 남산공원 (primary=KEY_3)
2026-07-25 15:28:08,648 [INFO] [20/121] 노들섬 (primary=KEY_4)
2026-07-25 15:28:09,811 [INFO] [21/121] 뚝섬한강공원 (primary=KEY_1)
2026-07-25 15:28:10,845 [INFO] [22/121] 망원한강공원 (primary=KEY_2)
2026-07-25 15:28:12,024 [INFO] [23/121] 반포한강공원 (primary=KEY_3)
2026-07-25 15:28:13,629 [INFO] [24/121] 보라매공원 (primary=KEY_4)
2026-07-25 15:28:14,668 [INFO] [25/121] 북서울꿈의숲 (primary=KEY_1)
2026-07-25 15:28:15,885 [INFO] [26/121] 서대문독립공원 (primary=KEY_2)
2026-07-25 15:28:16,933 [INFO] [27/121] 서리풀공원·몽마르뜨공원 (primary=KEY_3)
2026-07-25 15:28:18,158 [INFO] [28/121] 서울대공원 (primary=KEY_4)
2026-07-25 15:28:19,192 [INFO] [29/121] 서울숲공원 (primary=KEY_1)
2026-07-25 15:28:20,369 [INFO] [30/121] 송현녹지광장 (primary=KEY_2)
2026-07-25 15:28:21,535 [INFO] [31/121] 아차산 (primary=KEY_3)
2026-07-25 15:28:22,565 [INFO] [32/121] 안양천 (primary=KEY_4)
2026-07-25 15:28:23,577 [INFO] [33/121] 양화한강공원 (primary=KEY_1)
2026-07-25 15:28:25,229 [INFO] [34/121] 어린이대공원 (primary=KEY_2)
2026-07-25 15:28:26,436 [INFO] [35/121] 여의도한강공원 (primary=KEY_3)
2026-07-25 15:28:27,625 [INFO] [36/121] 여의서로 (primary=KEY_4)
2026-07-25 15:28:28,792 [INFO] [37/121] 올림픽공원 (primary=KEY_1)
2026-07-25 15:28:30,122 [INFO] [38/121] 월드컵공원 (primary=KEY_2)
2026-07-25 15:28:31,487 [INFO] [39/121] 응봉산 (primary=KEY_3)
2026-07-25 15:28:32,663 [INFO] [40/121] 이촌한강공원 (primary=KEY_4)
2026-07-25 15:28:33,678 [INFO] [41/121] 잠실종합운동장 (primary=KEY_1)
2026-07-25 15:28:34,851 [INFO] [42/121] 잠실한강공원 (primary=KEY_2)
2026-07-25 15:28:35,868 [INFO] [43/121] 잠원한강공원 (primary=KEY_3)
2026-07-25 15:28:36,878 [INFO] [44/121] 청계산 (primary=KEY_4)
2026-07-25 15:28:37,890 [INFO] [45/121] 홍제폭포 (primary=KEY_1)
2026-07-25 15:28:38,910 [INFO] [46/121] 가락시장 (primary=KEY_2)
2026-07-25 15:28:40,113 [INFO] [47/121] 가로수길 (primary=KEY_3)
2026-07-25 15:28:41,335 [INFO] [48/121] 광장(전통)시장 (primary=KEY_4)
2026-07-25 15:28:42,364 [INFO] [49/121] 김포공항 (primary=KEY_1)
2026-07-25 15:28:43,732 [INFO] [50/121] 남대문시장 (primary=KEY_2)
2026-07-25 15:28:44,900 [INFO] [51/121] 노량진 (primary=KEY_3)
2026-07-25 15:28:46,094 [INFO] [52/121] 덕수궁길·정동길 (primary=KEY_4)
2026-07-25 15:28:47,301 [INFO] [53/121] 북창동 먹자골목 (primary=KEY_1)
2026-07-25 15:28:48,474 [INFO] [54/121] 북촌한옥마을 (primary=KEY_2)
2026-07-25 15:28:49,807 [INFO] [55/121] 서촌 (primary=KEY_3)
2026-07-25 15:28:50,981 [INFO] [56/121] 성수카페거리 (primary=KEY_4)
2026-07-25 15:28:52,382 [INFO] [57/121] 송리단길·호수단길 (primary=KEY_1)
2026-07-25 15:28:53,580 [INFO] [58/121] 신촌 스타광장 (primary=KEY_2)
2026-07-25 15:28:54,612 [INFO] [59/121] 압구정로데오거리 (primary=KEY_3)
2026-07-25 15:28:55,797 [INFO] [60/121] 여의도 (primary=KEY_4)
2026-07-25 15:28:57,726 [INFO] [61/121] 연남동 (primary=KEY_1)
2026-07-25 15:28:58,889 [INFO] [62/121] 영등포 타임스퀘어 (primary=KEY_2)
2026-07-25 15:29:00,645 [INFO] [63/121] 용리단길 (primary=KEY_3)
2026-07-25 15:29:02,522 [INFO] [64/121] 이태원 앤틱가구거리 (primary=KEY_4)
2026-07-25 15:29:03,688 [INFO] [65/121] 익선동 (primary=KEY_1)
2026-07-25 15:29:04,898 [INFO] [66/121] 인사동 (primary=KEY_2)
2026-07-25 15:29:06,259 [INFO] [67/121] 잠실롯데타워·석촌호수 (primary=KEY_3)
2026-07-25 15:29:08,383 [INFO] [68/121] 창동 신경제 중심지 (primary=KEY_4)
2026-07-25 15:29:09,891 [INFO] [69/121] 청담동 명품거리 (primary=KEY_1)
2026-07-25 15:29:11,086 [INFO] [70/121] 청량리 제기동 일대 전통시장 (primary=KEY_2)
2026-07-25 15:29:12,264 [INFO] [71/121] 해방촌·경리단길 (primary=KEY_3)
2026-07-25 15:29:13,341 [INFO] [72/121] DDP(동대문디자인플라자) (primary=KEY_4)
2026-07-25 15:29:14,541 [INFO] [73/121] DMC(디지털미디어시티) (primary=KEY_1)
2026-07-25 15:29:16,082 [INFO] [74/121] 가산디지털단지역 (primary=KEY_2)
2026-07-25 15:29:17,717 [INFO] [75/121] 강남역 (primary=KEY_3)
2026-07-25 15:29:19,136 [INFO] [76/121] 건대입구역 (primary=KEY_4)
2026-07-25 15:29:20,315 [INFO] [77/121] 고덕역 (primary=KEY_1)
2026-07-25 15:29:22,069 [INFO] [78/121] 고속터미널역 (primary=KEY_2)
2026-07-25 15:29:23,335 [INFO] [79/121] 교대역 (primary=KEY_3)
2026-07-25 15:29:24,662 [INFO] [80/121] 구로디지털단지역 (primary=KEY_4)
2026-07-25 15:29:26,135 [INFO] [81/121] 구로역 (primary=KEY_1)
2026-07-25 15:29:27,309 [INFO] [82/121] 군자역 (primary=KEY_2)
2026-07-25 15:29:28,536 [INFO] [83/121] 대림역 (primary=KEY_3)
2026-07-25 15:29:29,725 [INFO] [84/121] 동대문역 (primary=KEY_4)
2026-07-25 15:29:30,991 [INFO] [85/121] 뚝섬역 (primary=KEY_1)
2026-07-25 15:29:32,164 [INFO] [86/121] 미아사거리역 (primary=KEY_2)
2026-07-25 15:29:33,474 [INFO] [87/121] 발산역 (primary=KEY_3)
2026-07-25 15:29:34,943 [INFO] [88/121] 사당역 (primary=KEY_4)
2026-07-25 15:29:36,280 [INFO] [89/121] 삼각지역 (primary=KEY_1)
2026-07-25 15:29:37,440 [INFO] [90/121] 서울대입구역 (primary=KEY_2)
2026-07-25 15:29:38,623 [INFO] [91/121] 서울식물원·마곡나루역 (primary=KEY_3)
2026-07-25 15:29:39,962 [INFO] [92/121] 서울역 (primary=KEY_4)
2026-07-25 15:29:41,363 [INFO] [93/121] 선릉역 (primary=KEY_1)
2026-07-25 15:29:42,896 [INFO] [94/121] 성신여대입구역 (primary=KEY_2)
2026-07-25 15:29:44,080 [INFO] [95/121] 수유역 (primary=KEY_3)
2026-07-25 15:29:45,263 [INFO] [96/121] 숭례문 (primary=KEY_4)
2026-07-25 15:29:46,631 [INFO] [97/121] 시의회 앞 (primary=KEY_1)
2026-07-25 15:29:47,980 [INFO] [98/121] 신논현역·논현역 (primary=KEY_2)
2026-07-25 15:29:49,199 [INFO] [99/121] 신도림역 (primary=KEY_3)
2026-07-25 15:29:50,222 [INFO] [100/121] 신림역 (primary=KEY_4)
2026-07-25 15:29:51,415 [INFO] [101/121] 신정네거리역 (primary=KEY_1)
2026-07-25 15:29:52,603 [INFO] [102/121] 신촌·이대역 (primary=KEY_2)
2026-07-25 15:29:53,772 [INFO] [103/121] 쌍문역 (primary=KEY_3)
2026-07-25 15:29:54,937 [INFO] [104/121] 양재역 (primary=KEY_4)
2026-07-25 15:29:56,158 [INFO] [105/121] 역삼역 (primary=KEY_1)
2026-07-25 15:29:57,502 [INFO] [106/121] 연신내역 (primary=KEY_2)
2026-07-25 15:29:58,534 [INFO] [107/121] 오목교역·목동운동장 (primary=KEY_3)
2026-07-25 15:30:00,148 [INFO] [108/121] 왕십리역 (primary=KEY_4)
2026-07-25 15:30:01,490 [INFO] [109/121] 용산역 (primary=KEY_1)
2026-07-25 15:30:03,485 [INFO] [110/121] 이태원역 (primary=KEY_2)
2026-07-25 15:30:04,515 [INFO] [111/121] 잠실새내역 (primary=KEY_3)
2026-07-25 15:30:05,703 [INFO] [112/121] 잠실역 (primary=KEY_4)
2026-07-25 15:30:07,083 [INFO] [113/121] 장지역 (primary=KEY_1)
2026-07-25 15:30:08,415 [INFO] [114/121] 장한평역 (primary=KEY_2)
2026-07-25 15:30:09,599 [INFO] [115/121] 천호역 (primary=KEY_3)
2026-07-25 15:30:10,967 [INFO] [116/121] 총신대입구(이수)역 (primary=KEY_4)
2026-07-25 15:30:12,142 [INFO] [117/121] 충정로역 (primary=KEY_1)
2026-07-25 15:30:13,385 [INFO] [118/121] 합정역 (primary=KEY_2)
2026-07-25 15:30:14,751 [INFO] [119/121] 혜화역 (primary=KEY_3)
2026-07-25 15:30:15,907 [INFO] [120/121] 홍대입구역(2호선) (primary=KEY_4)
2026-07-25 15:30:17,130 [INFO] [121/121] 회기역 (primary=KEY_1)
2026-07-25 15:30:19,513 [INFO] === 수집 완료 | 성공 121, 실패 0 ===
2026-07-25 15:30:19,513 [INFO] 카테고리별 저장 결과:
2026-07-25 15:30:19,513 [INFO]    accident                  | 신규     8행 | 누적     36행 | 16컬럼
2026-07-25 15:30:19,513 [INFO]    accident_acdnt_cntrl_stts | 신규     8행 | 누적     28행 | 16컬럼
2026-07-25 15:30:19,513 [INFO]    area_meta                 | 신규   121행 | 누적    847행 | 5컬럼
2026-07-25 15:30:19,513 [INFO]    bike                      | 신규    11행 | 누적     77행 | 12컬럼
2026-07-25 15:30:19,513 [INFO]    bike_sbike_stts           | 신규   571행 | 누적   3997행 | 12컬럼
2026-07-25 15:30:19,513 [INFO]    bus                       | 신규     3행 | 누적     21행 | 11컬럼
2026-07-25 15:30:19,513 [INFO]    bus_bus_stn_stts          | 신규  1745행 | 누적  12215행 | 11컬럼
2026-07-25 15:30:19,513 [INFO]    charger                   | 신규     4행 | 누적     28행 | 15컬럼
2026-07-25 15:30:19,513 [INFO]    charger_charger_stts      | 신규  1919행 | 누적  13342행 | 15컬럼
2026-07-25 15:30:19,513 [INFO]    cmrcl                     | 신규    82행 | 누적    574행 | 21컬럼
2026-07-25 15:30:19,513 [INFO]    disaster                  | 신규     1행 | 누적      1행 | 9컬럼
2026-07-25 15:30:19,513 [INFO]    events                    | 신규    14행 | 누적     95행 | 14컬럼
2026-07-25 15:30:19,513 [INFO]    events_event_stts         | 신규   146행 | 누적    998행 | 14컬럼
2026-07-25 15:30:19,513 [INFO]    parking                   | 신규     6행 | 누적     42행 | 21컬럼
2026-07-25 15:30:19,513 [INFO]    parking_prk_stts          | 신규  1834행 | 누적  12838행 | 21컬럼
2026-07-25 15:30:19,513 [INFO]    ppltn                     | 신규   121행 | 누적    847행 | 26컬럼
2026-07-25 15:30:19,513 [INFO]    road                      | 신규   121행 | 누적    847행 | 21컬럼
2026-07-25 15:30:19,513 [INFO]    road_road_traffic_stts    | 신규  5276행 | 누적  36922행 | 17컬럼
2026-07-25 15:30:19,513 [INFO]    subway                    | 신규    38행 | 누적    266행 | 13컬럼
2026-07-25 15:30:19,513 [INFO]    subway_sub_stts           | 신규   183행 | 누적   1281행 | 13컬럼
2026-07-25 15:30:19,513 [INFO]    weather                   | 신규   119행 | 누적    833행 | 29컬럼
2026-07-25 15:30:19,514 [INFO] 키별 사용량:
2026-07-25 15:30:19,514 [INFO]    🟢 KEY_1 (31/1000) 
2026-07-25 15:30:19,514 [INFO]    🟢 KEY_2 (30/1000) 
2026-07-25 15:30:19,514 [INFO]    🟢 KEY_3 (30/1000) 
2026-07-25 15:30:19,514 [INFO]    🟢 KEY_4 (30/1000) 
2026-07-25 18:08:44,822 [INFO] 등록된 키: 4개, 합산 한도 4,000건/일
2026-07-25 18:08:44,822 [INFO] POI 로드: 매뉴얼 v8.5 기준 fallback 121개 (121개 전체)
2026-07-25 18:08:44,822 [INFO] === 수집 시작 2026-07-25T18:08:44.822787+09:00 ===
2026-07-25 18:08:44,822 [INFO] 대상 장소: 121개 | API: citydata (통합)
2026-07-25 18:08:44,822 [INFO] 키 풀: 4/4 활성 | 오늘 사용 0/4000건
2026-07-25 18:08:44,823 [INFO]   [KEY_1] 담당 31장소
2026-07-25 18:08:44,823 [INFO]   [KEY_2] 담당 30장소
2026-07-25 18:08:44,823 [INFO]   [KEY_3] 담당 30장소
2026-07-25 18:08:44,823 [INFO]   [KEY_4] 담당 30장소
2026-07-25 18:08:44,823 [INFO] [1/121] 경복궁 (primary=KEY_1)
2026-07-25 18:08:47,162 [INFO] [2/121] 광화문·덕수궁 (primary=KEY_2)
2026-07-25 18:08:50,004 [INFO] [3/121] 보신각 (primary=KEY_3)
2026-07-25 18:08:52,163 [INFO] [4/121] 서울 암사동 유적 (primary=KEY_4)
2026-07-25 18:08:54,120 [INFO] [5/121] 창덕궁·종묘 (primary=KEY_1)
2026-07-25 18:08:56,237 [INFO] [6/121] 강남 MICE 관광특구 (primary=KEY_2)
2026-07-25 18:08:58,450 [INFO] [7/121] 동대문 관광특구 (primary=KEY_3)
2026-07-25 18:09:00,814 [INFO] [8/121] 명동 관광특구 (primary=KEY_4)
2026-07-25 18:09:03,477 [INFO] [9/121] 이태원 관광특구 (primary=KEY_1)
2026-07-25 18:09:04,860 [INFO] [10/121] 잠실 관광특구 (primary=KEY_2)
2026-07-25 18:09:06,952 [INFO] [11/121] 종로·청계 관광특구 (primary=KEY_3)
2026-07-25 18:09:09,418 [INFO] [12/121] 홍대 관광특구 (primary=KEY_4)
2026-07-25 18:09:11,799 [INFO] [13/121] 강서한강공원 (primary=KEY_1)
2026-07-25 18:09:13,750 [INFO] [14/121] 고척돔 (primary=KEY_2)
2026-07-25 18:09:15,584 [INFO] [15/121] 광나루한강공원 (primary=KEY_3)
2026-07-25 18:09:17,517 [INFO] [16/121] 광화문광장 (primary=KEY_4)
2026-07-25 18:09:20,048 [INFO] [17/121] 국립중앙박물관·용산가족공원 (primary=KEY_1)
2026-07-25 18:09:21,968 [INFO] [18/121] 난지한강공원 (primary=KEY_2)
2026-07-25 18:09:23,114 [INFO] [19/121] 남산공원 (primary=KEY_3)
2026-07-25 18:09:24,676 [INFO] [20/121] 노들섬 (primary=KEY_4)
2026-07-25 18:09:25,846 [INFO] [21/121] 뚝섬한강공원 (primary=KEY_1)
2026-07-25 18:09:27,806 [INFO] [22/121] 망원한강공원 (primary=KEY_2)
2026-07-25 18:09:29,931 [INFO] [23/121] 반포한강공원 (primary=KEY_3)
2026-07-25 18:09:31,080 [INFO] [24/121] 보라매공원 (primary=KEY_4)
2026-07-25 18:09:32,236 [INFO] [25/121] 북서울꿈의숲 (primary=KEY_1)
2026-07-25 18:09:34,584 [INFO] [26/121] 서대문독립공원 (primary=KEY_2)
2026-07-25 18:09:36,517 [INFO] [27/121] 서리풀공원·몽마르뜨공원 (primary=KEY_3)
2026-07-25 18:09:38,596 [INFO] [28/121] 서울대공원 (primary=KEY_4)
2026-07-25 18:09:39,721 [INFO] [29/121] 서울숲공원 (primary=KEY_1)
2026-07-25 18:09:41,113 [INFO] [30/121] 송현녹지광장 (primary=KEY_2)
2026-07-25 18:09:42,498 [INFO] [31/121] 아차산 (primary=KEY_3)
2026-07-25 18:09:43,647 [INFO] [32/121] 안양천 (primary=KEY_4)
2026-07-25 18:09:44,819 [INFO] [33/121] 양화한강공원 (primary=KEY_1)
2026-07-25 18:09:45,960 [INFO] [34/121] 어린이대공원 (primary=KEY_2)
2026-07-25 18:09:47,309 [INFO] [35/121] 여의도한강공원 (primary=KEY_3)
2026-07-25 18:09:48,694 [INFO] [36/121] 여의서로 (primary=KEY_4)
2026-07-25 18:09:50,050 [INFO] [37/121] 올림픽공원 (primary=KEY_1)
2026-07-25 18:09:52,410 [INFO] [38/121] 월드컵공원 (primary=KEY_2)
2026-07-25 18:09:53,978 [INFO] [39/121] 응봉산 (primary=KEY_3)
2026-07-25 18:09:55,355 [INFO] [40/121] 이촌한강공원 (primary=KEY_4)
2026-07-25 18:09:56,523 [INFO] [41/121] 잠실종합운동장 (primary=KEY_1)
2026-07-25 18:09:57,652 [INFO] [42/121] 잠실한강공원 (primary=KEY_2)
2026-07-25 18:09:58,850 [INFO] [43/121] 잠원한강공원 (primary=KEY_3)
2026-07-25 18:09:59,996 [INFO] [44/121] 청계산 (primary=KEY_4)
2026-07-25 18:10:01,175 [INFO] [45/121] 홍제폭포 (primary=KEY_1)
2026-07-25 18:10:03,375 [INFO] [46/121] 가락시장 (primary=KEY_2)
2026-07-25 18:10:04,808 [INFO] [47/121] 가로수길 (primary=KEY_3)
2026-07-25 18:10:06,166 [INFO] [48/121] 광장(전통)시장 (primary=KEY_4)
2026-07-25 18:10:07,321 [INFO] [49/121] 김포공항 (primary=KEY_1)
2026-07-25 18:10:09,720 [INFO] [50/121] 남대문시장 (primary=KEY_2)
2026-07-25 18:10:11,097 [INFO] [51/121] 노량진 (primary=KEY_3)
2026-07-25 18:10:12,490 [INFO] [52/121] 덕수궁길·정동길 (primary=KEY_4)
2026-07-25 18:10:13,845 [INFO] [53/121] 북창동 먹자골목 (primary=KEY_1)
2026-07-25 18:10:15,181 [INFO] [54/121] 북촌한옥마을 (primary=KEY_2)
2026-07-25 18:10:16,760 [INFO] [55/121] 서촌 (primary=KEY_3)
2026-07-25 18:10:18,143 [INFO] [56/121] 성수카페거리 (primary=KEY_4)
2026-07-25 18:10:19,731 [INFO] [57/121] 송리단길·호수단길 (primary=KEY_1)
2026-07-25 18:10:21,091 [INFO] [58/121] 신촌 스타광장 (primary=KEY_2)
2026-07-25 18:10:22,272 [INFO] [59/121] 압구정로데오거리 (primary=KEY_3)
2026-07-25 18:10:23,671 [INFO] [60/121] 여의도 (primary=KEY_4)
2026-07-25 18:10:27,129 [INFO] [61/121] 연남동 (primary=KEY_1)
2026-07-25 18:10:29,143 [INFO] [62/121] 영등포 타임스퀘어 (primary=KEY_2)
2026-07-25 18:10:30,518 [INFO] [63/121] 용리단길 (primary=KEY_3)
2026-07-25 18:10:31,745 [INFO] [64/121] 이태원 앤틱가구거리 (primary=KEY_4)
2026-07-25 18:10:34,255 [INFO] [65/121] 익선동 (primary=KEY_1)
2026-07-25 18:10:36,581 [INFO] [66/121] 인사동 (primary=KEY_2)
2026-07-25 18:10:38,978 [INFO] [67/121] 잠실롯데타워·석촌호수 (primary=KEY_3)
2026-07-25 18:10:41,001 [INFO] [68/121] 창동 신경제 중심지 (primary=KEY_4)
2026-07-25 18:10:43,701 [INFO] [69/121] 청담동 명품거리 (primary=KEY_1)
2026-07-25 18:10:45,840 [INFO] [70/121] 청량리 제기동 일대 전통시장 (primary=KEY_2)
2026-07-25 18:10:48,020 [INFO] [71/121] 해방촌·경리단길 (primary=KEY_3)
2026-07-25 18:10:49,895 [INFO] [72/121] DDP(동대문디자인플라자) (primary=KEY_4)
2026-07-25 18:10:52,446 [INFO] [73/121] DMC(디지털미디어시티) (primary=KEY_1)
2026-07-25 18:10:54,233 [INFO] [74/121] 가산디지털단지역 (primary=KEY_2)
2026-07-25 18:10:56,153 [INFO] [75/121] 강남역 (primary=KEY_3)
2026-07-25 18:10:57,942 [INFO] [76/121] 건대입구역 (primary=KEY_4)
2026-07-25 18:10:59,311 [INFO] [77/121] 고덕역 (primary=KEY_1)
2026-07-25 18:11:01,438 [INFO] [78/121] 고속터미널역 (primary=KEY_2)
2026-07-25 18:11:02,824 [INFO] [79/121] 교대역 (primary=KEY_3)
2026-07-25 18:11:04,794 [INFO] [80/121] 구로디지털단지역 (primary=KEY_4)
2026-07-25 18:11:06,546 [INFO] [81/121] 구로역 (primary=KEY_1)
2026-07-25 18:11:07,889 [INFO] [82/121] 군자역 (primary=KEY_2)
2026-07-25 18:11:10,021 [INFO] [83/121] 대림역 (primary=KEY_3)
2026-07-25 18:11:12,072 [INFO] [84/121] 동대문역 (primary=KEY_4)
2026-07-25 18:11:14,092 [INFO] [85/121] 뚝섬역 (primary=KEY_1)
2026-07-25 18:11:15,416 [INFO] [86/121] 미아사거리역 (primary=KEY_2)
2026-07-25 18:11:17,535 [INFO] [87/121] 발산역 (primary=KEY_3)
2026-07-25 18:11:19,287 [INFO] [88/121] 사당역 (primary=KEY_4)
2026-07-25 18:11:21,233 [INFO] [89/121] 삼각지역 (primary=KEY_1)
2026-07-25 18:11:22,576 [INFO] [90/121] 서울대입구역 (primary=KEY_2)
2026-07-25 18:11:24,771 [INFO] [91/121] 서울식물원·마곡나루역 (primary=KEY_3)
2026-07-25 18:11:27,321 [INFO] [92/121] 서울역 (primary=KEY_4)
2026-07-25 18:11:28,895 [INFO] [93/121] 선릉역 (primary=KEY_1)
2026-07-25 18:11:30,654 [INFO] [94/121] 성신여대입구역 (primary=KEY_2)
2026-07-25 18:11:32,991 [INFO] [95/121] 수유역 (primary=KEY_3)
2026-07-25 18:11:35,114 [INFO] [96/121] 숭례문 (primary=KEY_4)
2026-07-25 18:11:36,651 [INFO] [97/121] 시의회 앞 (primary=KEY_1)
2026-07-25 18:11:38,004 [INFO] [98/121] 신논현역·논현역 (primary=KEY_2)
2026-07-25 18:11:39,376 [INFO] [99/121] 신도림역 (primary=KEY_3)
2026-07-25 18:11:40,530 [INFO] [100/121] 신림역 (primary=KEY_4)
2026-07-25 18:11:42,635 [INFO] [101/121] 신정네거리역 (primary=KEY_1)
2026-07-25 18:11:43,980 [INFO] [102/121] 신촌·이대역 (primary=KEY_2)
2026-07-25 18:11:46,900 [INFO] [103/121] 쌍문역 (primary=KEY_3)
2026-07-25 18:11:49,014 [INFO] [104/121] 양재역 (primary=KEY_4)
2026-07-25 18:11:50,368 [INFO] [105/121] 역삼역 (primary=KEY_1)
2026-07-25 18:11:51,907 [INFO] [106/121] 연신내역 (primary=KEY_2)
2026-07-25 18:11:54,220 [INFO] [107/121] 오목교역·목동운동장 (primary=KEY_3)
2026-07-25 18:11:56,164 [INFO] [108/121] 왕십리역 (primary=KEY_4)
2026-07-25 18:11:57,724 [INFO] [109/121] 용산역 (primary=KEY_1)
2026-07-25 18:11:59,318 [INFO] [110/121] 이태원역 (primary=KEY_2)
2026-07-25 18:12:00,486 [INFO] [111/121] 잠실새내역 (primary=KEY_3)
2026-07-25 18:12:01,877 [INFO] [112/121] 잠실역 (primary=KEY_4)
2026-07-25 18:12:03,404 [INFO] [113/121] 장지역 (primary=KEY_1)
2026-07-25 18:12:04,953 [INFO] [114/121] 장한평역 (primary=KEY_2)
2026-07-25 18:12:06,363 [INFO] [115/121] 천호역 (primary=KEY_3)
2026-07-25 18:12:08,587 [INFO] [116/121] 총신대입구(이수)역 (primary=KEY_4)
2026-07-25 18:12:09,937 [INFO] [117/121] 충정로역 (primary=KEY_1)
2026-07-25 18:12:12,243 [INFO] [118/121] 합정역 (primary=KEY_2)
2026-07-25 18:12:13,767 [INFO] [119/121] 혜화역 (primary=KEY_3)
2026-07-25 18:12:15,169 [INFO] [120/121] 홍대입구역(2호선) (primary=KEY_4)
2026-07-25 18:12:16,532 [INFO] [121/121] 회기역 (primary=KEY_1)
2026-07-25 18:12:19,665 [INFO] === 수집 완료 | 성공 121, 실패 0 ===
2026-07-25 18:12:19,665 [INFO] 카테고리별 저장 결과:
2026-07-25 18:12:19,665 [INFO]    accident                  | 신규     6행 | 누적     42행 | 16컬럼
2026-07-25 18:12:19,665 [INFO]    accident_acdnt_cntrl_stts | 신규     6행 | 누적     34행 | 16컬럼
2026-07-25 18:12:19,665 [INFO]    area_meta                 | 신규   121행 | 누적    968행 | 5컬럼
2026-07-25 18:12:19,665 [INFO]    bike                      | 신규    11행 | 누적     88행 | 12컬럼
2026-07-25 18:12:19,665 [INFO]    bike_sbike_stts           | 신규   571행 | 누적   4568행 | 12컬럼
2026-07-25 18:12:19,665 [INFO]    bus                       | 신규     3행 | 누적     24행 | 11컬럼
2026-07-25 18:12:19,665 [INFO]    bus_bus_stn_stts          | 신규  1745행 | 누적  13960행 | 11컬럼
2026-07-25 18:12:19,665 [INFO]    charger                   | 신규     4행 | 누적     32행 | 15컬럼
2026-07-25 18:12:19,665 [INFO]    charger_charger_stts      | 신규  1919행 | 누적  15248행 | 15컬럼
2026-07-25 18:12:19,665 [INFO]    cmrcl                     | 신규    82행 | 누적    656행 | 21컬럼
2026-07-25 18:12:19,665 [INFO]    disaster                  | 신규     4행 | 누적      5행 | 9컬럼
2026-07-25 18:12:19,665 [INFO]    events                    | 신규    14행 | 누적    109행 | 14컬럼
2026-07-25 18:12:19,666 [INFO]    events_event_stts         | 신규   146행 | 누적   1144행 | 14컬럼
2026-07-25 18:12:19,666 [INFO]    parking                   | 신규     6행 | 누적     48행 | 21컬럼
2026-07-25 18:12:19,666 [INFO]    parking_prk_stts          | 신규  1834행 | 누적  14672행 | 21컬럼
2026-07-25 18:12:19,666 [INFO]    ppltn                     | 신규   121행 | 누적    968행 | 26컬럼
2026-07-25 18:12:19,666 [INFO]    road                      | 신규   121행 | 누적    968행 | 21컬럼
2026-07-25 18:12:19,666 [INFO]    road_road_traffic_stts    | 신규  5276행 | 누적  42198행 | 17컬럼
2026-07-25 18:12:19,666 [INFO]    subway                    | 신규    38행 | 누적    304행 | 13컬럼
2026-07-25 18:12:19,666 [INFO]    subway_sub_stts           | 신규   183행 | 누적   1464행 | 13컬럼
2026-07-25 18:12:19,666 [INFO]    weather                   | 신규   119행 | 누적    952행 | 30컬럼
2026-07-25 18:12:19,666 [INFO] 키별 사용량:
2026-07-25 18:12:19,666 [INFO]    🟢 KEY_1 (31/1000) 
2026-07-25 18:12:19,666 [INFO]    🟢 KEY_2 (30/1000) 
2026-07-25 18:12:19,666 [INFO]    🟢 KEY_3 (30/1000) 
2026-07-25 18:12:19,666 [INFO]    🟢 KEY_4 (30/1000) 
2026-07-25 20:22:14,946 [INFO] 등록된 키: 4개, 합산 한도 4,000건/일
2026-07-25 20:22:14,947 [INFO] POI 로드: 매뉴얼 v8.5 기준 fallback 121개 (121개 전체)
2026-07-25 20:22:14,947 [INFO] === 수집 시작 2026-07-25T20:22:14.947534+09:00 ===
2026-07-25 20:22:14,947 [INFO] 대상 장소: 121개 | API: citydata (통합)
2026-07-25 20:22:14,947 [INFO] 키 풀: 4/4 활성 | 오늘 사용 0/4000건
2026-07-25 20:22:14,947 [INFO]   [KEY_1] 담당 31장소
2026-07-25 20:22:14,947 [INFO]   [KEY_2] 담당 30장소
2026-07-25 20:22:14,947 [INFO]   [KEY_3] 담당 30장소
2026-07-25 20:22:14,947 [INFO]   [KEY_4] 담당 30장소
2026-07-25 20:22:14,947 [INFO] [1/121] 경복궁 (primary=KEY_1)
2026-07-25 20:22:16,882 [INFO] [2/121] 광화문·덕수궁 (primary=KEY_2)
2026-07-25 20:22:19,223 [INFO] [3/121] 보신각 (primary=KEY_3)
2026-07-25 20:22:21,343 [INFO] [4/121] 서울 암사동 유적 (primary=KEY_4)
2026-07-25 20:22:23,254 [INFO] [5/121] 창덕궁·종묘 (primary=KEY_1)
2026-07-25 20:22:24,580 [INFO] [6/121] 강남 MICE 관광특구 (primary=KEY_2)
2026-07-25 20:22:26,742 [INFO] [7/121] 동대문 관광특구 (primary=KEY_3)
2026-07-25 20:22:29,331 [INFO] [8/121] 명동 관광특구 (primary=KEY_4)
2026-07-25 20:22:31,160 [INFO] [9/121] 이태원 관광특구 (primary=KEY_1)
2026-07-25 20:22:32,524 [INFO] [10/121] 잠실 관광특구 (primary=KEY_2)
2026-07-25 20:22:35,117 [INFO] [11/121] 종로·청계 관광특구 (primary=KEY_3)
2026-07-25 20:22:37,876 [INFO] [12/121] 홍대 관광특구 (primary=KEY_4)
2026-07-25 20:22:40,263 [INFO] [13/121] 강서한강공원 (primary=KEY_1)
2026-07-25 20:22:41,402 [INFO] [14/121] 고척돔 (primary=KEY_2)
2026-07-25 20:22:43,315 [INFO] [15/121] 광나루한강공원 (primary=KEY_3)
2026-07-25 20:22:45,435 [INFO] [16/121] 광화문광장 (primary=KEY_4)
2026-07-25 20:22:47,955 [INFO] [17/121] 국립중앙박물관·용산가족공원 (primary=KEY_1)
2026-07-25 20:22:49,122 [INFO] [18/121] 난지한강공원 (primary=KEY_2)
2026-07-25 20:22:50,267 [INFO] [19/121] 남산공원 (primary=KEY_3)
2026-07-25 20:22:51,867 [INFO] [20/121] 노들섬 (primary=KEY_4)
2026-07-25 20:22:53,007 [INFO] [21/121] 뚝섬한강공원 (primary=KEY_1)
2026-07-25 20:22:54,942 [INFO] [22/121] 망원한강공원 (primary=KEY_2)
2026-07-25 20:22:56,907 [INFO] [23/121] 반포한강공원 (primary=KEY_3)
2026-07-25 20:22:59,021 [INFO] [24/121] 보라매공원 (primary=KEY_4)
2026-07-25 20:23:00,772 [INFO] [25/121] 북서울꿈의숲 (primary=KEY_1)
2026-07-25 20:23:02,700 [INFO] [26/121] 서대문독립공원 (primary=KEY_2)
2026-07-25 20:23:04,443 [INFO] [27/121] 서리풀공원·몽마르뜨공원 (primary=KEY_3)
2026-07-25 20:23:06,607 [INFO] [28/121] 서울대공원 (primary=KEY_4)
2026-07-25 20:23:08,544 [INFO] [29/121] 서울숲공원 (primary=KEY_1)
2026-07-25 20:23:10,865 [INFO] [30/121] 송현녹지광장 (primary=KEY_2)
2026-07-25 20:23:12,976 [INFO] [31/121] 아차산 (primary=KEY_3)
2026-07-25 20:23:14,878 [INFO] [32/121] 안양천 (primary=KEY_4)
2026-07-25 20:23:17,162 [INFO] [33/121] 양화한강공원 (primary=KEY_1)
2026-07-25 20:23:19,096 [INFO] [34/121] 어린이대공원 (primary=KEY_2)
2026-07-25 20:23:21,246 [INFO] [35/121] 여의도한강공원 (primary=KEY_3)
2026-07-25 20:23:22,586 [INFO] [36/121] 여의서로 (primary=KEY_4)
2026-07-25 20:23:24,483 [INFO] [37/121] 올림픽공원 (primary=KEY_1)
2026-07-25 20:23:26,631 [INFO] [38/121] 월드컵공원 (primary=KEY_2)
2026-07-25 20:23:28,791 [INFO] [39/121] 응봉산 (primary=KEY_3)
2026-07-25 20:23:30,115 [INFO] [40/121] 이촌한강공원 (primary=KEY_4)
2026-07-25 20:23:31,254 [INFO] [41/121] 잠실종합운동장 (primary=KEY_1)
2026-07-25 20:23:33,549 [INFO] [42/121] 잠실한강공원 (primary=KEY_2)
2026-07-25 20:23:34,709 [INFO] [43/121] 잠원한강공원 (primary=KEY_3)
2026-07-25 20:23:35,859 [INFO] [44/121] 청계산 (primary=KEY_4)
2026-07-25 20:23:37,003 [INFO] [45/121] 홍제폭포 (primary=KEY_1)
2026-07-25 20:23:38,144 [INFO] [46/121] 가락시장 (primary=KEY_2)
2026-07-25 20:23:40,094 [INFO] [47/121] 가로수길 (primary=KEY_3)
2026-07-25 20:23:41,473 [INFO] [48/121] 광장(전통)시장 (primary=KEY_4)
2026-07-25 20:23:42,666 [INFO] [49/121] 김포공항 (primary=KEY_1)
2026-07-25 20:23:44,238 [INFO] [50/121] 남대문시장 (primary=KEY_2)
2026-07-25 20:23:45,589 [INFO] [51/121] 노량진 (primary=KEY_3)
2026-07-25 20:23:46,960 [INFO] [52/121] 덕수궁길·정동길 (primary=KEY_4)
2026-07-25 20:23:48,320 [INFO] [53/121] 북창동 먹자골목 (primary=KEY_1)
2026-07-25 20:23:49,656 [INFO] [54/121] 북촌한옥마을 (primary=KEY_2)
2026-07-25 20:23:51,195 [INFO] [55/121] 서촌 (primary=KEY_3)
2026-07-25 20:23:52,546 [INFO] [56/121] 성수카페거리 (primary=KEY_4)
2026-07-25 20:23:54,101 [INFO] [57/121] 송리단길·호수단길 (primary=KEY_1)
2026-07-25 20:23:55,476 [INFO] [58/121] 신촌 스타광장 (primary=KEY_2)
2026-07-25 20:23:57,426 [INFO] [59/121] 압구정로데오거리 (primary=KEY_3)
2026-07-25 20:23:58,796 [INFO] [60/121] 여의도 (primary=KEY_4)
2026-07-25 20:24:01,018 [INFO] [61/121] 연남동 (primary=KEY_1)
2026-07-25 20:24:02,955 [INFO] [62/121] 영등포 타임스퀘어 (primary=KEY_2)
2026-07-25 20:24:04,313 [INFO] [63/121] 용리단길 (primary=KEY_3)
2026-07-25 20:24:05,512 [INFO] [64/121] 이태원 앤틱가구거리 (primary=KEY_4)
2026-07-25 20:24:06,854 [INFO] [65/121] 익선동 (primary=KEY_1)
2026-07-25 20:24:08,229 [INFO] [66/121] 인사동 (primary=KEY_2)
2026-07-25 20:24:10,542 [INFO] [67/121] 잠실롯데타워·석촌호수 (primary=KEY_3)
2026-07-25 20:24:12,895 [INFO] [68/121] 창동 신경제 중심지 (primary=KEY_4)
2026-07-25 20:24:14,652 [INFO] [69/121] 청담동 명품거리 (primary=KEY_1)
2026-07-25 20:24:16,008 [INFO] [70/121] 청량리 제기동 일대 전통시장 (primary=KEY_2)
2026-07-25 20:24:17,367 [INFO] [71/121] 해방촌·경리단길 (primary=KEY_3)
2026-07-25 20:24:18,561 [INFO] [72/121] DDP(동대문디자인플라자) (primary=KEY_4)
2026-07-25 20:24:19,936 [INFO] [73/121] DMC(디지털미디어시티) (primary=KEY_1)
2026-07-25 20:24:21,747 [INFO] [74/121] 가산디지털단지역 (primary=KEY_2)
2026-07-25 20:24:23,705 [INFO] [75/121] 강남역 (primary=KEY_3)
2026-07-25 20:24:25,469 [INFO] [76/121] 건대입구역 (primary=KEY_4)
2026-07-25 20:24:26,833 [INFO] [77/121] 고덕역 (primary=KEY_1)
2026-07-25 20:24:28,167 [INFO] [78/121] 고속터미널역 (primary=KEY_2)
2026-07-25 20:24:29,564 [INFO] [79/121] 교대역 (primary=KEY_3)
2026-07-25 20:24:30,928 [INFO] [80/121] 구로디지털단지역 (primary=KEY_4)
2026-07-25 20:24:32,672 [INFO] [81/121] 구로역 (primary=KEY_1)
2026-07-25 20:24:34,796 [INFO] [82/121] 군자역 (primary=KEY_2)
2026-07-25 20:24:36,164 [INFO] [83/121] 대림역 (primary=KEY_3)
2026-07-25 20:24:37,530 [INFO] [84/121] 동대문역 (primary=KEY_4)
2026-07-25 20:24:38,889 [INFO] [85/121] 뚝섬역 (primary=KEY_1)
2026-07-25 20:24:40,237 [INFO] [86/121] 미아사거리역 (primary=KEY_2)
2026-07-25 20:24:41,633 [INFO] [87/121] 발산역 (primary=KEY_3)
2026-07-25 20:24:43,366 [INFO] [88/121] 사당역 (primary=KEY_4)
2026-07-25 20:24:44,721 [INFO] [89/121] 삼각지역 (primary=KEY_1)
2026-07-25 20:24:46,066 [INFO] [90/121] 서울대입구역 (primary=KEY_2)
2026-07-25 20:24:47,402 [INFO] [91/121] 서울식물원·마곡나루역 (primary=KEY_3)
2026-07-25 20:24:48,942 [INFO] [92/121] 서울역 (primary=KEY_4)
2026-07-25 20:24:50,581 [INFO] [93/121] 선릉역 (primary=KEY_1)
2026-07-25 20:24:52,936 [INFO] [94/121] 성신여대입구역 (primary=KEY_2)
2026-07-25 20:24:54,291 [INFO] [95/121] 수유역 (primary=KEY_3)
2026-07-25 20:24:55,647 [INFO] [96/121] 숭례문 (primary=KEY_4)
2026-07-25 20:24:57,204 [INFO] [97/121] 시의회 앞 (primary=KEY_1)
2026-07-25 20:24:58,560 [INFO] [98/121] 신논현역·논현역 (primary=KEY_2)
2026-07-25 20:24:59,945 [INFO] [99/121] 신도림역 (primary=KEY_3)
2026-07-25 20:25:01,168 [INFO] [100/121] 신림역 (primary=KEY_4)
2026-07-25 20:25:02,511 [INFO] [101/121] 신정네거리역 (primary=KEY_1)
2026-07-25 20:25:03,863 [INFO] [102/121] 신촌·이대역 (primary=KEY_2)
2026-07-25 20:25:05,215 [INFO] [103/121] 쌍문역 (primary=KEY_3)
2026-07-25 20:25:06,548 [INFO] [104/121] 양재역 (primary=KEY_4)
2026-07-25 20:25:07,901 [INFO] [105/121] 역삼역 (primary=KEY_1)
2026-07-25 20:25:09,435 [INFO] [106/121] 연신내역 (primary=KEY_2)
2026-07-25 20:25:10,618 [INFO] [107/121] 오목교역·목동운동장 (primary=KEY_3)
2026-07-25 20:25:12,556 [INFO] [108/121] 왕십리역 (primary=KEY_4)
2026-07-25 20:25:14,110 [INFO] [109/121] 용산역 (primary=KEY_1)
2026-07-25 20:25:16,445 [INFO] [110/121] 이태원역 (primary=KEY_2)
2026-07-25 20:25:17,599 [INFO] [111/121] 잠실새내역 (primary=KEY_3)
2026-07-25 20:25:18,933 [INFO] [112/121] 잠실역 (primary=KEY_4)
2026-07-25 20:25:20,551 [INFO] [113/121] 장지역 (primary=KEY_1)
2026-07-25 20:25:22,094 [INFO] [114/121] 장한평역 (primary=KEY_2)
2026-07-25 20:25:23,449 [INFO] [115/121] 천호역 (primary=KEY_3)
2026-07-25 20:25:24,994 [INFO] [116/121] 총신대입구(이수)역 (primary=KEY_4)
2026-07-25 20:25:26,355 [INFO] [117/121] 충정로역 (primary=KEY_1)
2026-07-25 20:25:27,718 [INFO] [118/121] 합정역 (primary=KEY_2)
2026-07-25 20:25:29,328 [INFO] [119/121] 혜화역 (primary=KEY_3)
2026-07-25 20:25:30,680 [INFO] [120/121] 홍대입구역(2호선) (primary=KEY_4)
2026-07-25 20:25:32,043 [INFO] [121/121] 회기역 (primary=KEY_1)
2026-07-25 20:25:35,196 [INFO] === 수집 완료 | 성공 121, 실패 0 ===
2026-07-25 20:25:35,196 [INFO] 카테고리별 저장 결과:
2026-07-25 20:25:35,196 [INFO]    accident                  | 신규     4행 | 누적     46행 | 16컬럼
2026-07-25 20:25:35,196 [INFO]    accident_acdnt_cntrl_stts | 신규     4행 | 누적     38행 | 16컬럼
2026-07-25 20:25:35,196 [INFO]    area_meta                 | 신규   121행 | 누적   1089행 | 5컬럼
2026-07-25 20:25:35,196 [INFO]    bike                      | 신규    11행 | 누적     99행 | 12컬럼
2026-07-25 20:25:35,196 [INFO]    bike_sbike_stts           | 신규   571행 | 누적   5139행 | 12컬럼
2026-07-25 20:25:35,196 [INFO]    bus                       | 신규     3행 | 누적     27행 | 11컬럼
2026-07-25 20:25:35,196 [INFO]    bus_bus_stn_stts          | 신규  1745행 | 누적  15705행 | 11컬럼
2026-07-25 20:25:35,196 [INFO]    charger                   | 신규     4행 | 누적     36행 | 15컬럼
2026-07-25 20:25:35,196 [INFO]    charger_charger_stts      | 신규  1919행 | 누적  17154행 | 15컬럼
2026-07-25 20:25:35,196 [INFO]    cmrcl                     | 신규    82행 | 누적    738행 | 21컬럼
2026-07-25 20:25:35,196 [INFO]    disaster                  | 신규     4행 | 누적      9행 | 9컬럼
2026-07-25 20:25:35,196 [INFO]    events                    | 신규    14행 | 누적    123행 | 14컬럼
2026-07-25 20:25:35,196 [INFO]    events_event_stts         | 신규   146행 | 누적   1290행 | 14컬럼
2026-07-25 20:25:35,196 [INFO]    parking                   | 신규     6행 | 누적     54행 | 21컬럼
2026-07-25 20:25:35,196 [INFO]    parking_prk_stts          | 신규  1834행 | 누적  16506행 | 21컬럼
2026-07-25 20:25:35,197 [INFO]    ppltn                     | 신규   121행 | 누적   1089행 | 26컬럼
2026-07-25 20:25:35,197 [INFO]    road                      | 신규   121행 | 누적   1089행 | 21컬럼
2026-07-25 20:25:35,197 [INFO]    road_road_traffic_stts    | 신규  5276행 | 누적  47474행 | 17컬럼
2026-07-25 20:25:35,197 [INFO]    subway                    | 신규    38행 | 누적    342행 | 13컬럼
2026-07-25 20:25:35,197 [INFO]    subway_sub_stts           | 신규   183행 | 누적   1647행 | 13컬럼
2026-07-25 20:25:35,197 [INFO]    weather                   | 신규   119행 | 누적   1071행 | 30컬럼
2026-07-25 20:25:35,197 [INFO] 키별 사용량:
2026-07-25 20:25:35,197 [INFO]    🟢 KEY_1 (31/1000) 
2026-07-25 20:25:35,197 [INFO]    🟢 KEY_2 (30/1000) 
2026-07-25 20:25:35,197 [INFO]    🟢 KEY_3 (30/1000) 
2026-07-25 20:25:35,197 [INFO]    🟢 KEY_4 (30/1000) 
2026-07-25 22:57:22,173 [INFO] 등록된 키: 4개, 합산 한도 4,000건/일
2026-07-25 22:57:22,174 [INFO] POI 로드: 매뉴얼 v8.5 기준 fallback 121개 (121개 전체)
2026-07-25 22:57:22,174 [INFO] === 수집 시작 2026-07-25T22:57:22.174567+09:00 ===
2026-07-25 22:57:22,174 [INFO] 대상 장소: 121개 | API: citydata (통합)
2026-07-25 22:57:22,174 [INFO] 키 풀: 4/4 활성 | 오늘 사용 0/4000건
2026-07-25 22:57:22,174 [INFO]   [KEY_1] 담당 31장소
2026-07-25 22:57:22,174 [INFO]   [KEY_2] 담당 30장소
2026-07-25 22:57:22,174 [INFO]   [KEY_3] 담당 30장소
2026-07-25 22:57:22,174 [INFO]   [KEY_4] 담당 30장소
2026-07-25 22:57:22,175 [INFO] [1/121] 경복궁 (primary=KEY_1)
2026-07-25 22:57:24,231 [INFO] [2/121] 광화문·덕수궁 (primary=KEY_2)
2026-07-25 22:57:26,491 [INFO] [3/121] 보신각 (primary=KEY_3)
2026-07-25 22:57:27,892 [INFO] [4/121] 서울 암사동 유적 (primary=KEY_4)
2026-07-25 22:57:29,916 [INFO] [5/121] 창덕궁·종묘 (primary=KEY_1)
2026-07-25 22:57:31,960 [INFO] [6/121] 강남 MICE 관광특구 (primary=KEY_2)
2026-07-25 22:57:33,361 [INFO] [7/121] 동대문 관광특구 (primary=KEY_3)
2026-07-25 22:57:34,834 [INFO] [8/121] 명동 관광특구 (primary=KEY_4)
2026-07-25 22:57:36,550 [INFO] [9/121] 이태원 관광특구 (primary=KEY_1)
2026-07-25 22:57:37,956 [INFO] [10/121] 잠실 관광특구 (primary=KEY_2)
2026-07-25 22:57:39,584 [INFO] [11/121] 종로·청계 관광특구 (primary=KEY_3)
2026-07-25 22:57:41,893 [INFO] [12/121] 홍대 관광특구 (primary=KEY_4)
2026-07-25 22:57:43,989 [INFO] [13/121] 강서한강공원 (primary=KEY_1)
2026-07-25 22:57:45,058 [INFO] [14/121] 고척돔 (primary=KEY_2)
2026-07-25 22:57:46,933 [INFO] [15/121] 광나루한강공원 (primary=KEY_3)
2026-07-25 22:57:48,169 [INFO] [16/121] 광화문광장 (primary=KEY_4)
2026-07-25 22:57:49,420 [INFO] [17/121] 국립중앙박물관·용산가족공원 (primary=KEY_1)
2026-07-25 22:57:51,142 [INFO] [18/121] 난지한강공원 (primary=KEY_2)
2026-07-25 22:57:52,793 [INFO] [19/121] 남산공원 (primary=KEY_3)
2026-07-25 22:57:54,824 [INFO] [20/121] 노들섬 (primary=KEY_4)
2026-07-25 22:57:55,893 [INFO] [21/121] 뚝섬한강공원 (primary=KEY_1)
2026-07-25 22:57:56,956 [INFO] [22/121] 망원한강공원 (primary=KEY_2)
2026-07-25 22:57:58,193 [INFO] [23/121] 반포한강공원 (primary=KEY_3)
2026-07-25 22:57:59,900 [INFO] [24/121] 보라매공원 (primary=KEY_4)
2026-07-25 22:58:01,954 [INFO] [25/121] 북서울꿈의숲 (primary=KEY_1)
2026-07-25 22:58:03,171 [INFO] [26/121] 서대문독립공원 (primary=KEY_2)
2026-07-25 22:58:04,911 [INFO] [27/121] 서리풀공원·몽마르뜨공원 (primary=KEY_3)
2026-07-25 22:58:06,172 [INFO] [28/121] 서울대공원 (primary=KEY_4)
2026-07-25 22:58:07,233 [INFO] [29/121] 서울숲공원 (primary=KEY_1)
2026-07-25 22:58:08,464 [INFO] [30/121] 송현녹지광장 (primary=KEY_2)
2026-07-25 22:58:09,699 [INFO] [31/121] 아차산 (primary=KEY_3)
2026-07-25 22:58:10,759 [INFO] [32/121] 안양천 (primary=KEY_4)
2026-07-25 22:58:11,812 [INFO] [33/121] 양화한강공원 (primary=KEY_1)
2026-07-25 22:58:12,859 [INFO] [34/121] 어린이대공원 (primary=KEY_2)
2026-07-25 22:58:14,105 [INFO] [35/121] 여의도한강공원 (primary=KEY_3)
2026-07-25 22:58:15,329 [INFO] [36/121] 여의서로 (primary=KEY_4)
2026-07-25 22:58:16,561 [INFO] [37/121] 올림픽공원 (primary=KEY_1)
2026-07-25 22:58:17,970 [INFO] [38/121] 월드컵공원 (primary=KEY_2)
2026-07-25 22:58:19,394 [INFO] [39/121] 응봉산 (primary=KEY_3)
2026-07-25 22:58:21,270 [INFO] [40/121] 이촌한강공원 (primary=KEY_4)
2026-07-25 22:58:22,335 [INFO] [41/121] 잠실종합운동장 (primary=KEY_1)
2026-07-25 22:58:23,405 [INFO] [42/121] 잠실한강공원 (primary=KEY_2)
2026-07-25 22:58:24,472 [INFO] [43/121] 잠원한강공원 (primary=KEY_3)
2026-07-25 22:58:25,524 [INFO] [44/121] 청계산 (primary=KEY_4)
2026-07-25 22:58:26,569 [INFO] [45/121] 홍제폭포 (primary=KEY_1)
2026-07-25 22:58:27,618 [INFO] [46/121] 가락시장 (primary=KEY_2)
2026-07-25 22:58:28,860 [INFO] [47/121] 가로수길 (primary=KEY_3)
2026-07-25 22:58:30,792 [INFO] [48/121] 광장(전통)시장 (primary=KEY_4)
2026-07-25 22:58:31,866 [INFO] [49/121] 김포공항 (primary=KEY_1)
2026-07-25 22:58:33,287 [INFO] [50/121] 남대문시장 (primary=KEY_2)
2026-07-25 22:58:34,527 [INFO] [51/121] 노량진 (primary=KEY_3)
2026-07-25 22:58:36,586 [INFO] [52/121] 덕수궁길·정동길 (primary=KEY_4)
2026-07-25 22:58:37,842 [INFO] [53/121] 북창동 먹자골목 (primary=KEY_1)
2026-07-25 22:58:39,062 [INFO] [54/121] 북촌한옥마을 (primary=KEY_2)
2026-07-25 22:58:40,459 [INFO] [55/121] 서촌 (primary=KEY_3)
2026-07-25 22:58:41,693 [INFO] [56/121] 성수카페거리 (primary=KEY_4)
2026-07-25 22:58:43,145 [INFO] [57/121] 송리단길·호수단길 (primary=KEY_1)
2026-07-25 22:58:44,396 [INFO] [58/121] 신촌 스타광장 (primary=KEY_2)
2026-07-25 22:58:45,498 [INFO] [59/121] 압구정로데오거리 (primary=KEY_3)
2026-07-25 22:58:46,754 [INFO] [60/121] 여의도 (primary=KEY_4)
2026-07-25 22:58:48,748 [INFO] [61/121] 연남동 (primary=KEY_1)
2026-07-25 22:58:49,977 [INFO] [62/121] 영등포 타임스퀘어 (primary=KEY_2)
2026-07-25 22:58:51,201 [INFO] [63/121] 용리단길 (primary=KEY_3)
2026-07-25 22:58:52,309 [INFO] [64/121] 이태원 앤틱가구거리 (primary=KEY_4)
2026-07-25 22:58:53,542 [INFO] [65/121] 익선동 (primary=KEY_1)
2026-07-25 22:58:55,774 [INFO] [66/121] 인사동 (primary=KEY_2)
2026-07-25 22:58:57,179 [INFO] [67/121] 잠실롯데타워·석촌호수 (primary=KEY_3)
2026-07-25 22:58:58,761 [INFO] [68/121] 창동 신경제 중심지 (primary=KEY_4)
2026-07-25 22:59:00,365 [INFO] [69/121] 청담동 명품거리 (primary=KEY_1)
2026-07-25 22:59:01,614 [INFO] [70/121] 청량리 제기동 일대 전통시장 (primary=KEY_2)
2026-07-25 22:59:02,848 [INFO] [71/121] 해방촌·경리단길 (primary=KEY_3)
2026-07-25 22:59:03,917 [INFO] [72/121] DDP(동대문디자인플라자) (primary=KEY_4)
2026-07-25 22:59:05,228 [INFO] [73/121] DMC(디지털미디어시티) (primary=KEY_1)
2026-07-25 22:59:07,673 [INFO] [74/121] 가산디지털단지역 (primary=KEY_2)
2026-07-25 22:59:09,453 [INFO] [75/121] 강남역 (primary=KEY_3)
2026-07-25 22:59:10,890 [INFO] [76/121] 건대입구역 (primary=KEY_4)
2026-07-25 22:59:12,150 [INFO] [77/121] 고덕역 (primary=KEY_1)
2026-07-25 22:59:13,379 [INFO] [78/121] 고속터미널역 (primary=KEY_2)
2026-07-25 22:59:14,663 [INFO] [79/121] 교대역 (primary=KEY_3)
2026-07-25 22:59:15,906 [INFO] [80/121] 구로디지털단지역 (primary=KEY_4)
2026-07-25 22:59:17,476 [INFO] [81/121] 구로역 (primary=KEY_1)
2026-07-25 22:59:18,718 [INFO] [82/121] 군자역 (primary=KEY_2)
2026-07-25 22:59:19,979 [INFO] [83/121] 대림역 (primary=KEY_3)
2026-07-25 22:59:21,249 [INFO] [84/121] 동대문역 (primary=KEY_4)
2026-07-25 22:59:22,511 [INFO] [85/121] 뚝섬역 (primary=KEY_1)
2026-07-25 22:59:23,769 [INFO] [86/121] 미아사거리역 (primary=KEY_2)
2026-07-25 22:59:25,018 [INFO] [87/121] 발산역 (primary=KEY_3)
2026-07-25 22:59:26,621 [INFO] [88/121] 사당역 (primary=KEY_4)
2026-07-25 22:59:27,873 [INFO] [89/121] 삼각지역 (primary=KEY_1)
2026-07-25 22:59:30,100 [INFO] [90/121] 서울대입구역 (primary=KEY_2)
2026-07-25 22:59:31,337 [INFO] [91/121] 서울식물원·마곡나루역 (primary=KEY_3)
2026-07-25 22:59:32,760 [INFO] [92/121] 서울역 (primary=KEY_4)
2026-07-25 22:59:34,220 [INFO] [93/121] 선릉역 (primary=KEY_1)
2026-07-25 22:59:35,811 [INFO] [94/121] 성신여대입구역 (primary=KEY_2)
2026-07-25 22:59:36,913 [INFO] [95/121] 수유역 (primary=KEY_3)
2026-07-25 22:59:38,138 [INFO] [96/121] 숭례문 (primary=KEY_4)
2026-07-25 22:59:39,557 [INFO] [97/121] 시의회 앞 (primary=KEY_1)
2026-07-25 22:59:40,830 [INFO] [98/121] 신논현역·논현역 (primary=KEY_2)
2026-07-25 22:59:42,107 [INFO] [99/121] 신도림역 (primary=KEY_3)
2026-07-25 22:59:43,191 [INFO] [100/121] 신림역 (primary=KEY_4)
2026-07-25 22:59:44,441 [INFO] [101/121] 신정네거리역 (primary=KEY_1)
2026-07-25 22:59:45,673 [INFO] [102/121] 신촌·이대역 (primary=KEY_2)
2026-07-25 22:59:46,947 [INFO] [103/121] 쌍문역 (primary=KEY_3)
2026-07-25 22:59:48,183 [INFO] [104/121] 양재역 (primary=KEY_4)
2026-07-25 22:59:49,427 [INFO] [105/121] 역삼역 (primary=KEY_1)
2026-07-25 22:59:50,850 [INFO] [106/121] 연신내역 (primary=KEY_2)
2026-07-25 22:59:51,950 [INFO] [107/121] 오목교역·목동운동장 (primary=KEY_3)
2026-07-25 22:59:53,727 [INFO] [108/121] 왕십리역 (primary=KEY_4)
2026-07-25 22:59:55,165 [INFO] [109/121] 용산역 (primary=KEY_1)
2026-07-25 22:59:56,569 [INFO] [110/121] 이태원역 (primary=KEY_2)
2026-07-25 22:59:57,668 [INFO] [111/121] 잠실새내역 (primary=KEY_3)
2026-07-25 22:59:58,899 [INFO] [112/121] 잠실역 (primary=KEY_4)
2026-07-25 23:00:00,385 [INFO] [113/121] 장지역 (primary=KEY_1)
2026-07-25 23:00:01,805 [INFO] [114/121] 장한평역 (primary=KEY_2)
2026-07-25 23:00:03,094 [INFO] [115/121] 천호역 (primary=KEY_3)
2026-07-25 23:00:04,543 [INFO] [116/121] 총신대입구(이수)역 (primary=KEY_4)
2026-07-25 23:00:05,877 [INFO] [117/121] 충정로역 (primary=KEY_1)
2026-07-25 23:00:07,171 [INFO] [118/121] 합정역 (primary=KEY_2)
2026-07-25 23:00:08,649 [INFO] [119/121] 혜화역 (primary=KEY_3)
2026-07-25 23:00:09,932 [INFO] [120/121] 홍대입구역(2호선) (primary=KEY_4)
2026-07-25 23:00:11,229 [INFO] [121/121] 회기역 (primary=KEY_1)
2026-07-25 23:00:14,435 [INFO] === 수집 완료 | 성공 121, 실패 0 ===
2026-07-25 23:00:14,435 [INFO] 카테고리별 저장 결과:
2026-07-25 23:00:14,435 [INFO]    accident                  | 신규     2행 | 누적     48행 | 16컬럼
2026-07-25 23:00:14,435 [INFO]    accident_acdnt_cntrl_stts | 신규     2행 | 누적     40행 | 16컬럼
2026-07-25 23:00:14,435 [INFO]    area_meta                 | 신규   121행 | 누적   1210행 | 5컬럼
2026-07-25 23:00:14,435 [INFO]    bike                      | 신규    11행 | 누적    110행 | 12컬럼
2026-07-25 23:00:14,435 [INFO]    bike_sbike_stts           | 신규   571행 | 누적   5710행 | 12컬럼
2026-07-25 23:00:14,435 [INFO]    bus                       | 신규     3행 | 누적     30행 | 11컬럼
2026-07-25 23:00:14,435 [INFO]    bus_bus_stn_stts          | 신규  1745행 | 누적  17450행 | 11컬럼
2026-07-25 23:00:14,435 [INFO]    charger                   | 신규     4행 | 누적     40행 | 15컬럼
2026-07-25 23:00:14,435 [INFO]    charger_charger_stts      | 신규  1919행 | 누적  19060행 | 15컬럼
2026-07-25 23:00:14,435 [INFO]    cmrcl                     | 신규    82행 | 누적    820행 | 21컬럼
2026-07-25 23:00:14,435 [INFO]    disaster                  | 신규     4행 | 누적     13행 | 9컬럼
2026-07-25 23:00:14,435 [INFO]    events                    | 신규    14행 | 누적    137행 | 14컬럼
2026-07-25 23:00:14,435 [INFO]    events_event_stts         | 신규   146행 | 누적   1436행 | 14컬럼
2026-07-25 23:00:14,435 [INFO]    parking                   | 신규     6행 | 누적     60행 | 21컬럼
2026-07-25 23:00:14,435 [INFO]    parking_prk_stts          | 신규  1834행 | 누적  18340행 | 21컬럼
2026-07-25 23:00:14,435 [INFO]    ppltn                     | 신규   121행 | 누적   1210행 | 26컬럼
2026-07-25 23:00:14,435 [INFO]    road                      | 신규   121행 | 누적   1210행 | 21컬럼
2026-07-25 23:00:14,435 [INFO]    road_road_traffic_stts    | 신규  5276행 | 누적  52750행 | 17컬럼
2026-07-25 23:00:14,435 [INFO]    subway                    | 신규    38행 | 누적    380행 | 13컬럼
2026-07-25 23:00:14,435 [INFO]    subway_sub_stts           | 신규   183행 | 누적   1830행 | 13컬럼
2026-07-25 23:00:14,436 [INFO]    weather                   | 신규   119행 | 누적   1190행 | 30컬럼
2026-07-25 23:00:14,436 [INFO] 키별 사용량:
2026-07-25 23:00:14,436 [INFO]    🟢 KEY_1 (31/1000) 
2026-07-25 23:00:14,436 [INFO]    🟢 KEY_2 (30/1000) 
2026-07-25 23:00:14,436 [INFO]    🟢 KEY_3 (30/1000) 
2026-07-25 23:00:14,436 [INFO]    🟢 KEY_4 (30/1000) 
