2026-06-29 00:37:27,976 [INFO] 등록된 키: 4개, 합산 한도 4,000건/일
2026-06-29 00:37:27,976 [INFO] POI 로드: 매뉴얼 v8.5 기준 fallback 121개 (121개 전체)
2026-06-29 00:37:27,976 [INFO] === 수집 시작 2026-06-29T00:37:27.976964+09:00 ===
2026-06-29 00:37:27,977 [INFO] 대상 장소: 121개 | API: citydata (통합)
2026-06-29 00:37:27,977 [INFO] 키 풀: 4/4 활성 | 오늘 사용 0/4000건
2026-06-29 00:37:27,977 [INFO]   [KEY_1] 담당 31장소
2026-06-29 00:37:27,977 [INFO]   [KEY_2] 담당 30장소
2026-06-29 00:37:27,977 [INFO]   [KEY_3] 담당 30장소
2026-06-29 00:37:27,977 [INFO]   [KEY_4] 담당 30장소
2026-06-29 00:37:27,977 [INFO] [1/121] 경복궁 (primary=KEY_1)
2026-06-29 00:37:30,441 [INFO] [2/121] 광화문·덕수궁 (primary=KEY_2)
2026-06-29 00:37:32,754 [INFO] [3/121] 보신각 (primary=KEY_3)
2026-06-29 00:37:34,845 [INFO] [4/121] 서울 암사동 유적 (primary=KEY_4)
2026-06-29 00:37:36,735 [INFO] [5/121] 창덕궁·종묘 (primary=KEY_1)
2026-06-29 00:37:38,229 [INFO] [6/121] 강남 MICE 관광특구 (primary=KEY_2)
2026-06-29 00:37:39,578 [INFO] [7/121] 동대문 관광특구 (primary=KEY_3)
2026-06-29 00:37:41,895 [INFO] [8/121] 명동 관광특구 (primary=KEY_4)
2026-06-29 00:37:44,259 [INFO] [9/121] 이태원 관광특구 (primary=KEY_1)
2026-06-29 00:37:46,371 [INFO] [10/121] 잠실 관광특구 (primary=KEY_2)
2026-06-29 00:37:48,710 [INFO] [11/121] 종로·청계 관광특구 (primary=KEY_3)
2026-06-29 00:37:50,288 [INFO] [12/121] 홍대 관광특구 (primary=KEY_4)
2026-06-29 00:37:52,207 [INFO] [13/121] 강서한강공원 (primary=KEY_1)
2026-06-29 00:37:53,346 [INFO] [14/121] 고척돔 (primary=KEY_2)
2026-06-29 00:37:55,613 [INFO] [15/121] 광나루한강공원 (primary=KEY_3)
2026-06-29 00:37:57,119 [INFO] [16/121] 광화문광장 (primary=KEY_4)
2026-06-29 00:37:58,659 [INFO] [17/121] 국립중앙박물관·용산가족공원 (primary=KEY_1)
2026-06-29 00:38:00,373 [INFO] [18/121] 난지한강공원 (primary=KEY_2)
2026-06-29 00:38:02,251 [INFO] [19/121] 남산공원 (primary=KEY_3)
2026-06-29 00:38:03,812 [INFO] [20/121] 노들섬 (primary=KEY_4)
2026-06-29 00:38:05,869 [INFO] [21/121] 뚝섬한강공원 (primary=KEY_1)
2026-06-29 00:38:07,005 [INFO] [22/121] 망원한강공원 (primary=KEY_2)
2026-06-29 00:38:08,351 [INFO] [23/121] 반포한강공원 (primary=KEY_3)
2026-06-29 00:38:09,490 [INFO] [24/121] 보라매공원 (primary=KEY_4)
2026-06-29 00:38:10,666 [INFO] [25/121] 북서울꿈의숲 (primary=KEY_1)
2026-06-29 00:38:11,799 [INFO] [26/121] 서대문독립공원 (primary=KEY_2)
2026-06-29 00:38:12,944 [INFO] [27/121] 서리풀공원·몽마르뜨공원 (primary=KEY_3)
2026-06-29 00:38:14,128 [INFO] [28/121] 서울대공원 (primary=KEY_4)
2026-06-29 00:38:15,256 [INFO] [29/121] 서울숲공원 (primary=KEY_1)
2026-06-29 00:38:17,354 [INFO] [30/121] 송현녹지광장 (primary=KEY_2)
2026-06-29 00:38:19,794 [INFO] [31/121] 아차산 (primary=KEY_3)
2026-06-29 00:38:22,050 [INFO] [32/121] 안양천 (primary=KEY_4)
2026-06-29 00:38:23,186 [INFO] [33/121] 양화한강공원 (primary=KEY_1)
2026-06-29 00:38:24,330 [INFO] [34/121] 어린이대공원 (primary=KEY_2)
2026-06-29 00:38:25,523 [INFO] [35/121] 여의도한강공원 (primary=KEY_3)
2026-06-29 00:38:26,861 [INFO] [36/121] 여의서로 (primary=KEY_4)
2026-06-29 00:38:27,994 [INFO] [37/121] 올림픽공원 (primary=KEY_1)
2026-06-29 00:38:29,353 [INFO] [38/121] 월드컵공원 (primary=KEY_2)
2026-06-29 00:38:30,901 [INFO] [39/121] 응봉산 (primary=KEY_3)
2026-06-29 00:38:32,226 [INFO] [40/121] 이촌한강공원 (primary=KEY_4)
2026-06-29 00:38:33,359 [INFO] [41/121] 잠실종합운동장 (primary=KEY_1)
2026-06-29 00:38:35,282 [INFO] [42/121] 잠실한강공원 (primary=KEY_2)
2026-06-29 00:38:36,460 [INFO] [43/121] 잠원한강공원 (primary=KEY_3)
2026-06-29 00:38:37,603 [INFO] [44/121] 청계산 (primary=KEY_4)
2026-06-29 00:38:38,739 [INFO] [45/121] 홍제폭포 (primary=KEY_1)
2026-06-29 00:38:39,863 [INFO] [46/121] 가락시장 (primary=KEY_2)
2026-06-29 00:38:41,206 [INFO] [47/121] 가로수길 (primary=KEY_3)
2026-06-29 00:38:42,569 [INFO] [48/121] 광장(전통)시장 (primary=KEY_4)
2026-06-29 00:38:44,380 [INFO] [49/121] 김포공항 (primary=KEY_1)
2026-06-29 00:38:46,501 [INFO] [50/121] 남대문시장 (primary=KEY_2)
2026-06-29 00:38:48,785 [INFO] [51/121] 노량진 (primary=KEY_3)
2026-06-29 00:38:49,949 [INFO] [52/121] 덕수궁길·정동길 (primary=KEY_4)
2026-06-29 00:38:52,450 [INFO] [53/121] 북창동 먹자골목 (primary=KEY_1)
2026-06-29 00:38:53,593 [INFO] [54/121] 북촌한옥마을 (primary=KEY_2)
2026-06-29 00:38:54,947 [INFO] [55/121] 서촌 (primary=KEY_3)
2026-06-29 00:38:56,272 [INFO] [56/121] 성수카페거리 (primary=KEY_4)
2026-06-29 00:38:57,621 [INFO] [57/121] 송리단길·호수단길 (primary=KEY_1)
2026-06-29 00:38:58,971 [INFO] [58/121] 신촌 스타광장 (primary=KEY_2)
2026-06-29 00:39:00,311 [INFO] [59/121] 압구정로데오거리 (primary=KEY_3)
2026-06-29 00:39:01,663 [INFO] [60/121] 여의도 (primary=KEY_4)
2026-06-29 00:39:03,634 [INFO] [61/121] 연남동 (primary=KEY_1)
2026-06-29 00:39:04,975 [INFO] [62/121] 영등포 타임스퀘어 (primary=KEY_2)
2026-06-29 00:39:07,065 [INFO] [63/121] 용리단길 (primary=KEY_3)
2026-06-29 00:39:08,230 [INFO] [64/121] 이태원 앤틱가구거리 (primary=KEY_4)
2026-06-29 00:39:09,389 [INFO] [65/121] 익선동 (primary=KEY_1)
2026-06-29 00:39:10,757 [INFO] [66/121] 인사동 (primary=KEY_2)
2026-06-29 00:39:12,105 [INFO] [67/121] 잠실롯데타워·석촌호수 (primary=KEY_3)
2026-06-29 00:39:13,458 [INFO] [68/121] 창동 신경제 중심지 (primary=KEY_4)
2026-06-29 00:39:15,969 [INFO] [69/121] 청담동 명품거리 (primary=KEY_1)
2026-06-29 00:39:17,314 [INFO] [70/121] 청량리 제기동 일대 전통시장 (primary=KEY_2)
2026-06-29 00:39:18,662 [INFO] [71/121] 해방촌·경리단길 (primary=KEY_3)
2026-06-29 00:39:19,809 [INFO] [72/121] DDP(동대문디자인플라자) (primary=KEY_4)
2026-06-29 00:39:21,216 [INFO] [73/121] DMC(디지털미디어시티) (primary=KEY_1)
2026-06-29 00:39:22,767 [INFO] [74/121] 가산디지털단지역 (primary=KEY_2)
2026-06-29 00:39:24,298 [INFO] [75/121] 강남역 (primary=KEY_3)
2026-06-29 00:39:25,856 [INFO] [76/121] 건대입구역 (primary=KEY_4)
2026-06-29 00:39:27,205 [INFO] [77/121] 고덕역 (primary=KEY_1)
2026-06-29 00:39:28,742 [INFO] [78/121] 고속터미널역 (primary=KEY_2)
2026-06-29 00:39:29,928 [INFO] [79/121] 교대역 (primary=KEY_3)
2026-06-29 00:39:31,094 [INFO] [80/121] 구로디지털단지역 (primary=KEY_4)
2026-06-29 00:39:32,435 [INFO] [81/121] 구로역 (primary=KEY_1)
2026-06-29 00:39:33,589 [INFO] [82/121] 군자역 (primary=KEY_2)
2026-06-29 00:39:34,760 [INFO] [83/121] 대림역 (primary=KEY_3)
2026-06-29 00:39:36,089 [INFO] [84/121] 동대문역 (primary=KEY_4)
2026-06-29 00:39:37,437 [INFO] [85/121] 뚝섬역 (primary=KEY_1)
2026-06-29 00:39:38,793 [INFO] [86/121] 미아사거리역 (primary=KEY_2)
2026-06-29 00:39:40,125 [INFO] [87/121] 발산역 (primary=KEY_3)
2026-06-29 00:39:41,667 [INFO] [88/121] 사당역 (primary=KEY_4)
2026-06-29 00:39:43,012 [INFO] [89/121] 삼각지역 (primary=KEY_1)
2026-06-29 00:39:44,165 [INFO] [90/121] 서울대입구역 (primary=KEY_2)
2026-06-29 00:39:45,328 [INFO] [91/121] 서울식물원·마곡나루역 (primary=KEY_3)
2026-06-29 00:39:46,685 [INFO] [92/121] 서울역 (primary=KEY_4)
2026-06-29 00:39:48,072 [INFO] [93/121] 선릉역 (primary=KEY_1)
2026-06-29 00:39:49,634 [INFO] [94/121] 성신여대입구역 (primary=KEY_2)
2026-06-29 00:39:50,793 [INFO] [95/121] 수유역 (primary=KEY_3)
2026-06-29 00:39:52,135 [INFO] [96/121] 숭례문 (primary=KEY_4)
2026-06-29 00:39:53,486 [INFO] [97/121] 시의회 앞 (primary=KEY_1)
2026-06-29 00:39:54,837 [INFO] [98/121] 신논현역·논현역 (primary=KEY_2)
2026-06-29 00:39:56,212 [INFO] [99/121] 신도림역 (primary=KEY_3)
2026-06-29 00:39:57,374 [INFO] [100/121] 신림역 (primary=KEY_4)
2026-06-29 00:39:58,573 [INFO] [101/121] 신정네거리역 (primary=KEY_1)
2026-06-29 00:39:59,721 [INFO] [102/121] 신촌·이대역 (primary=KEY_2)
2026-06-29 00:40:01,062 [INFO] [103/121] 쌍문역 (primary=KEY_3)
2026-06-29 00:40:02,210 [INFO] [104/121] 양재역 (primary=KEY_4)
2026-06-29 00:40:03,535 [INFO] [105/121] 역삼역 (primary=KEY_1)
2026-06-29 00:40:04,869 [INFO] [106/121] 연신내역 (primary=KEY_2)
2026-06-29 00:40:06,050 [INFO] [107/121] 오목교역·목동운동장 (primary=KEY_3)
2026-06-29 00:40:07,569 [INFO] [108/121] 왕십리역 (primary=KEY_4)
2026-06-29 00:40:08,916 [INFO] [109/121] 용산역 (primary=KEY_1)
2026-06-29 00:40:10,252 [INFO] [110/121] 이태원역 (primary=KEY_2)
2026-06-29 00:40:11,397 [INFO] [111/121] 잠실새내역 (primary=KEY_3)
2026-06-29 00:40:12,727 [INFO] [112/121] 잠실역 (primary=KEY_4)
2026-06-29 00:40:14,063 [INFO] [113/121] 장지역 (primary=KEY_1)
2026-06-29 00:40:15,408 [INFO] [114/121] 장한평역 (primary=KEY_2)
2026-06-29 00:40:16,745 [INFO] [115/121] 천호역 (primary=KEY_3)
2026-06-29 00:40:18,153 [INFO] [116/121] 총신대입구(이수)역 (primary=KEY_4)
2026-06-29 00:40:19,536 [INFO] [117/121] 충정로역 (primary=KEY_1)
2026-06-29 00:40:20,705 [INFO] [118/121] 합정역 (primary=KEY_2)
2026-06-29 00:40:22,054 [INFO] [119/121] 혜화역 (primary=KEY_3)
2026-06-29 00:40:23,198 [INFO] [120/121] 홍대입구역(2호선) (primary=KEY_4)
2026-06-29 00:40:24,375 [INFO] [121/121] 회기역 (primary=KEY_1)
2026-06-29 00:40:26,129 [INFO] === 수집 완료 | 성공 121, 실패 0 ===
2026-06-29 00:40:26,129 [INFO] 카테고리별 저장 결과:
2026-06-29 00:40:26,129 [INFO]    accident                  | 신규     4행 | 누적      4행 | 16컬럼
2026-06-29 00:40:26,130 [INFO]    area_meta                 | 신규   121행 | 누적    121행 | 5컬럼
2026-06-29 00:40:26,130 [INFO]    bike                      | 신규    12행 | 누적     12행 | 12컬럼
2026-06-29 00:40:26,130 [INFO]    bike_sbike_stts           | 신규   555행 | 누적    555행 | 12컬럼
2026-06-29 00:40:26,130 [INFO]    bus                       | 신규     3행 | 누적      3행 | 11컬럼
2026-06-29 00:40:26,130 [INFO]    bus_bus_stn_stts          | 신규  1745행 | 누적   1745행 | 11컬럼
2026-06-29 00:40:26,130 [INFO]    charger                   | 신규    25행 | 누적     25행 | 15컬럼
2026-06-29 00:40:26,130 [INFO]    charger_charger_stts      | 신규   340행 | 누적    340행 | 15컬럼
2026-06-29 00:40:26,130 [INFO]    cmrcl                     | 신규    82행 | 누적     82행 | 20컬럼
2026-06-29 00:40:26,130 [INFO]    events                    | 신규     9행 | 누적      9행 | 14컬럼
2026-06-29 00:40:26,130 [INFO]    events_event_stts         | 신규   134행 | 누적    134행 | 14컬럼
2026-06-29 00:40:26,130 [INFO]    parking                   | 신규     6행 | 누적      6행 | 21컬럼
2026-06-29 00:40:26,130 [INFO]    parking_prk_stts          | 신규  1833행 | 누적   1833행 | 21컬럼
2026-06-29 00:40:26,130 [INFO]    ppltn                     | 신규   121행 | 누적    121행 | 26컬럼
2026-06-29 00:40:26,130 [INFO]    road                      | 신규   121행 | 누적    121행 | 21컬럼
2026-06-29 00:40:26,130 [INFO]    road_road_traffic_stts    | 신규  5260행 | 누적   5260행 | 17컬럼
2026-06-29 00:40:26,130 [INFO]    subway                    | 신규    38행 | 누적     38행 | 13컬럼
2026-06-29 00:40:26,130 [INFO]    subway_sub_stts           | 신규   183행 | 누적    183행 | 13컬럼
2026-06-29 00:40:26,130 [INFO]    weather                   | 신규   119행 | 누적    119행 | 29컬럼
2026-06-29 00:40:26,131 [INFO] 키별 사용량:
2026-06-29 00:40:26,131 [INFO]    🟢 KEY_1 (31/1000) 
2026-06-29 00:40:26,131 [INFO]    🟢 KEY_2 (30/1000) 
2026-06-29 00:40:26,131 [INFO]    🟢 KEY_3 (30/1000) 
2026-06-29 00:40:26,131 [INFO]    🟢 KEY_4 (30/1000) 
2026-06-29 01:37:05,138 [INFO] 등록된 키: 4개, 합산 한도 4,000건/일
2026-06-29 01:37:05,139 [INFO] POI 로드: 매뉴얼 v8.5 기준 fallback 121개 (121개 전체)
2026-06-29 01:37:05,139 [INFO] === 수집 시작 2026-06-29T01:37:05.139156+09:00 ===
2026-06-29 01:37:05,139 [INFO] 대상 장소: 121개 | API: citydata (통합)
2026-06-29 01:37:05,139 [INFO] 키 풀: 4/4 활성 | 오늘 사용 0/4000건
2026-06-29 01:37:05,139 [INFO]   [KEY_1] 담당 31장소
2026-06-29 01:37:05,139 [INFO]   [KEY_2] 담당 30장소
2026-06-29 01:37:05,139 [INFO]   [KEY_3] 담당 30장소
2026-06-29 01:37:05,139 [INFO]   [KEY_4] 담당 30장소
2026-06-29 01:37:05,139 [INFO] [1/121] 경복궁 (primary=KEY_1)
2026-06-29 01:37:06,941 [INFO] [2/121] 광화문·덕수궁 (primary=KEY_2)
2026-06-29 01:37:09,169 [INFO] [3/121] 보신각 (primary=KEY_3)
2026-06-29 01:37:11,091 [INFO] [4/121] 서울 암사동 유적 (primary=KEY_4)
2026-06-29 01:37:12,194 [INFO] [5/121] 창덕궁·종묘 (primary=KEY_1)
2026-06-29 01:37:14,122 [INFO] [6/121] 강남 MICE 관광특구 (primary=KEY_2)
2026-06-29 01:37:15,254 [INFO] [7/121] 동대문 관광특구 (primary=KEY_3)
2026-06-29 01:37:17,115 [INFO] [8/121] 명동 관광특구 (primary=KEY_4)
2026-06-29 01:37:18,597 [INFO] [9/121] 이태원 관광특구 (primary=KEY_1)
2026-06-29 01:37:20,544 [INFO] [10/121] 잠실 관광특구 (primary=KEY_2)
2026-06-29 01:37:22,551 [INFO] [11/121] 종로·청계 관광특구 (primary=KEY_3)
2026-06-29 01:37:23,837 [INFO] [12/121] 홍대 관광특구 (primary=KEY_4)
2026-06-29 01:37:25,268 [INFO] [13/121] 강서한강공원 (primary=KEY_1)
2026-06-29 01:37:26,225 [INFO] [14/121] 고척돔 (primary=KEY_2)
2026-06-29 01:37:27,199 [INFO] [15/121] 광나루한강공원 (primary=KEY_3)
2026-06-29 01:37:28,967 [INFO] [16/121] 광화문광장 (primary=KEY_4)
2026-06-29 01:37:30,098 [INFO] [17/121] 국립중앙박물관·용산가족공원 (primary=KEY_1)
2026-06-29 01:37:31,624 [INFO] [18/121] 난지한강공원 (primary=KEY_2)
2026-06-29 01:37:32,586 [INFO] [19/121] 남산공원 (primary=KEY_3)
2026-06-29 01:37:33,879 [INFO] [20/121] 노들섬 (primary=KEY_4)
2026-06-29 01:37:34,845 [INFO] [21/121] 뚝섬한강공원 (primary=KEY_1)
2026-06-29 01:37:35,817 [INFO] [22/121] 망원한강공원 (primary=KEY_2)
2026-06-29 01:37:36,924 [INFO] [23/121] 반포한강공원 (primary=KEY_3)
2026-06-29 01:37:37,909 [INFO] [24/121] 보라매공원 (primary=KEY_4)
2026-06-29 01:37:38,905 [INFO] [25/121] 북서울꿈의숲 (primary=KEY_1)
2026-06-29 01:37:40,011 [INFO] [26/121] 서대문독립공원 (primary=KEY_2)
2026-06-29 01:37:41,002 [INFO] [27/121] 서리풀공원·몽마르뜨공원 (primary=KEY_3)
2026-06-29 01:37:42,042 [INFO] [28/121] 서울대공원 (primary=KEY_4)
2026-06-29 01:37:43,008 [INFO] [29/121] 서울숲공원 (primary=KEY_1)
2026-06-29 01:37:44,141 [INFO] [30/121] 송현녹지광장 (primary=KEY_2)
2026-06-29 01:37:45,268 [INFO] [31/121] 아차산 (primary=KEY_3)
2026-06-29 01:37:46,249 [INFO] [32/121] 안양천 (primary=KEY_4)
2026-06-29 01:37:47,237 [INFO] [33/121] 양화한강공원 (primary=KEY_1)
2026-06-29 01:37:48,214 [INFO] [34/121] 어린이대공원 (primary=KEY_2)
2026-06-29 01:37:49,359 [INFO] [35/121] 여의도한강공원 (primary=KEY_3)
2026-06-29 01:37:51,286 [INFO] [36/121] 여의서로 (primary=KEY_4)
2026-06-29 01:37:52,396 [INFO] [37/121] 올림픽공원 (primary=KEY_1)
2026-06-29 01:37:53,557 [INFO] [38/121] 월드컵공원 (primary=KEY_2)
2026-06-29 01:37:54,843 [INFO] [39/121] 응봉산 (primary=KEY_3)
2026-06-29 01:37:56,766 [INFO] [40/121] 이촌한강공원 (primary=KEY_4)
2026-06-29 01:37:57,744 [INFO] [41/121] 잠실종합운동장 (primary=KEY_1)
2026-06-29 01:37:59,405 [INFO] [42/121] 잠실한강공원 (primary=KEY_2)
2026-06-29 01:38:00,946 [INFO] [43/121] 잠원한강공원 (primary=KEY_3)
2026-06-29 01:38:03,275 [INFO] [44/121] 청계산 (primary=KEY_4)
2026-06-29 01:38:04,249 [INFO] [45/121] 홍제폭포 (primary=KEY_1)
2026-06-29 01:38:05,762 [INFO] [46/121] 가락시장 (primary=KEY_2)
2026-06-29 01:38:07,707 [INFO] [47/121] 가로수길 (primary=KEY_3)
2026-06-29 01:38:09,400 [INFO] [48/121] 광장(전통)시장 (primary=KEY_4)
2026-06-29 01:38:11,066 [INFO] [49/121] 김포공항 (primary=KEY_1)
2026-06-29 01:38:13,161 [INFO] [50/121] 남대문시장 (primary=KEY_2)
2026-06-29 01:38:14,305 [INFO] [51/121] 노량진 (primary=KEY_3)
2026-06-29 01:38:16,119 [INFO] [52/121] 덕수궁길·정동길 (primary=KEY_4)
2026-06-29 01:38:17,255 [INFO] [53/121] 북창동 먹자골목 (primary=KEY_1)
2026-06-29 01:38:18,375 [INFO] [54/121] 북촌한옥마을 (primary=KEY_2)
2026-06-29 01:38:19,646 [INFO] [55/121] 서촌 (primary=KEY_3)
2026-06-29 01:38:20,772 [INFO] [56/121] 성수카페거리 (primary=KEY_4)
2026-06-29 01:38:22,741 [INFO] [57/121] 송리단길·호수단길 (primary=KEY_1)
2026-06-29 01:38:23,882 [INFO] [58/121] 신촌 스타광장 (primary=KEY_2)
2026-06-29 01:38:25,424 [INFO] [59/121] 압구정로데오거리 (primary=KEY_3)
2026-06-29 01:38:26,611 [INFO] [60/121] 여의도 (primary=KEY_4)
2026-06-29 01:38:28,389 [INFO] [61/121] 연남동 (primary=KEY_1)
2026-06-29 01:38:29,522 [INFO] [62/121] 영등포 타임스퀘어 (primary=KEY_2)
2026-06-29 01:38:30,648 [INFO] [63/121] 용리단길 (primary=KEY_3)
2026-06-29 01:38:32,323 [INFO] [64/121] 이태원 앤틱가구거리 (primary=KEY_4)
2026-06-29 01:38:33,336 [INFO] [65/121] 익선동 (primary=KEY_1)
2026-06-29 01:38:34,487 [INFO] [66/121] 인사동 (primary=KEY_2)
2026-06-29 01:38:35,775 [INFO] [67/121] 잠실롯데타워·석촌호수 (primary=KEY_3)
2026-06-29 01:38:37,222 [INFO] [68/121] 창동 신경제 중심지 (primary=KEY_4)
2026-06-29 01:38:38,652 [INFO] [69/121] 청담동 명품거리 (primary=KEY_1)
2026-06-29 01:38:39,847 [INFO] [70/121] 청량리 제기동 일대 전통시장 (primary=KEY_2)
2026-06-29 01:38:40,982 [INFO] [71/121] 해방촌·경리단길 (primary=KEY_3)
2026-06-29 01:38:41,974 [INFO] [72/121] DDP(동대문디자인플라자) (primary=KEY_4)
2026-06-29 01:38:43,150 [INFO] [73/121] DMC(디지털미디어시티) (primary=KEY_1)
2026-06-29 01:38:44,641 [INFO] [74/121] 가산디지털단지역 (primary=KEY_2)
2026-06-29 01:38:46,180 [INFO] [75/121] 강남역 (primary=KEY_3)
2026-06-29 01:38:47,510 [INFO] [76/121] 건대입구역 (primary=KEY_4)
2026-06-29 01:38:48,641 [INFO] [77/121] 고덕역 (primary=KEY_1)
2026-06-29 01:38:49,790 [INFO] [78/121] 고속터미널역 (primary=KEY_2)
2026-06-29 01:38:50,938 [INFO] [79/121] 교대역 (primary=KEY_3)
2026-06-29 01:38:51,937 [INFO] [80/121] 구로디지털단지역 (primary=KEY_4)
2026-06-29 01:38:53,336 [INFO] [81/121] 구로역 (primary=KEY_1)
2026-06-29 01:38:54,448 [INFO] [82/121] 군자역 (primary=KEY_2)
2026-06-29 01:38:55,450 [INFO] [83/121] 대림역 (primary=KEY_3)
2026-06-29 01:38:56,608 [INFO] [84/121] 동대문역 (primary=KEY_4)
2026-06-29 01:38:57,744 [INFO] [85/121] 뚝섬역 (primary=KEY_1)
2026-06-29 01:38:58,866 [INFO] [86/121] 미아사거리역 (primary=KEY_2)
2026-06-29 01:38:59,991 [INFO] [87/121] 발산역 (primary=KEY_3)
2026-06-29 01:39:01,390 [INFO] [88/121] 사당역 (primary=KEY_4)
2026-06-29 01:39:02,526 [INFO] [89/121] 삼각지역 (primary=KEY_1)
2026-06-29 01:39:03,520 [INFO] [90/121] 서울대입구역 (primary=KEY_2)
2026-06-29 01:39:04,639 [INFO] [91/121] 서울식물원·마곡나루역 (primary=KEY_3)
2026-06-29 01:39:05,925 [INFO] [92/121] 서울역 (primary=KEY_4)
2026-06-29 01:39:07,106 [INFO] [93/121] 선릉역 (primary=KEY_1)
2026-06-29 01:39:08,541 [INFO] [94/121] 성신여대입구역 (primary=KEY_2)
2026-06-29 01:39:09,541 [INFO] [95/121] 수유역 (primary=KEY_3)
2026-06-29 01:39:10,681 [INFO] [96/121] 숭례문 (primary=KEY_4)
2026-06-29 01:39:11,946 [INFO] [97/121] 시의회 앞 (primary=KEY_1)
2026-06-29 01:39:13,064 [INFO] [98/121] 신논현역·논현역 (primary=KEY_2)
2026-06-29 01:39:14,202 [INFO] [99/121] 신도림역 (primary=KEY_3)
2026-06-29 01:39:15,188 [INFO] [100/121] 신림역 (primary=KEY_4)
2026-06-29 01:39:16,193 [INFO] [101/121] 신정네거리역 (primary=KEY_1)
2026-06-29 01:39:17,308 [INFO] [102/121] 신촌·이대역 (primary=KEY_2)
2026-06-29 01:39:18,437 [INFO] [103/121] 쌍문역 (primary=KEY_3)
2026-06-29 01:39:19,566 [INFO] [104/121] 양재역 (primary=KEY_4)
2026-06-29 01:39:20,706 [INFO] [105/121] 역삼역 (primary=KEY_1)
2026-06-29 01:39:21,985 [INFO] [106/121] 연신내역 (primary=KEY_2)
2026-06-29 01:39:22,990 [INFO] [107/121] 오목교역·목동운동장 (primary=KEY_3)
2026-06-29 01:39:24,562 [INFO] [108/121] 왕십리역 (primary=KEY_4)
2026-06-29 01:39:25,728 [INFO] [109/121] 용산역 (primary=KEY_1)
2026-06-29 01:39:27,061 [INFO] [110/121] 이태원역 (primary=KEY_2)
2026-06-29 01:39:28,039 [INFO] [111/121] 잠실새내역 (primary=KEY_3)
2026-06-29 01:39:29,178 [INFO] [112/121] 잠실역 (primary=KEY_4)
2026-06-29 01:39:30,453 [INFO] [113/121] 장지역 (primary=KEY_1)
2026-06-29 01:39:31,716 [INFO] [114/121] 장한평역 (primary=KEY_2)
2026-06-29 01:39:32,850 [INFO] [115/121] 천호역 (primary=KEY_3)
2026-06-29 01:39:33,985 [INFO] [116/121] 총신대입구(이수)역 (primary=KEY_4)
2026-06-29 01:39:35,120 [INFO] [117/121] 충정로역 (primary=KEY_1)
2026-06-29 01:39:36,260 [INFO] [118/121] 합정역 (primary=KEY_2)
2026-06-29 01:39:37,409 [INFO] [119/121] 혜화역 (primary=KEY_3)
2026-06-29 01:39:38,534 [INFO] [120/121] 홍대입구역(2호선) (primary=KEY_4)
2026-06-29 01:39:39,678 [INFO] [121/121] 회기역 (primary=KEY_1)
2026-06-29 01:39:41,536 [INFO] === 수집 완료 | 성공 121, 실패 0 ===
2026-06-29 01:39:41,536 [INFO] 카테고리별 저장 결과:
2026-06-29 01:39:41,536 [INFO]    accident                  | 신규     4행 | 누적      8행 | 16컬럼
2026-06-29 01:39:41,536 [INFO]    area_meta                 | 신규   121행 | 누적    242행 | 5컬럼
2026-06-29 01:39:41,536 [INFO]    bike                      | 신규    12행 | 누적     24행 | 12컬럼
2026-06-29 01:39:41,536 [INFO]    bike_sbike_stts           | 신규   555행 | 누적   1110행 | 12컬럼
2026-06-29 01:39:41,536 [INFO]    bus                       | 신규     3행 | 누적      6행 | 11컬럼
2026-06-29 01:39:41,536 [INFO]    bus_bus_stn_stts          | 신규  1745행 | 누적   3490행 | 11컬럼
2026-06-29 01:39:41,536 [INFO]    charger                   | 신규     4행 | 누적     29행 | 15컬럼
2026-06-29 01:39:41,536 [INFO]    charger_charger_stts      | 신규  1915행 | 누적   2238행 | 15컬럼
2026-06-29 01:39:41,536 [INFO]    cmrcl                     | 신규    82행 | 누적    164행 | 20컬럼
2026-06-29 01:39:41,536 [INFO]    events                    | 신규     9행 | 누적     18행 | 14컬럼
2026-06-29 01:39:41,536 [INFO]    events_event_stts         | 신규   134행 | 누적    268행 | 14컬럼
2026-06-29 01:39:41,536 [INFO]    parking                   | 신규     6행 | 누적     12행 | 21컬럼
2026-06-29 01:39:41,537 [INFO]    parking_prk_stts          | 신규  1833행 | 누적   3666행 | 21컬럼
2026-06-29 01:39:41,537 [INFO]    ppltn                     | 신규   120행 | 누적    241행 | 26컬럼
2026-06-29 01:39:41,537 [INFO]    road                      | 신규   121행 | 누적    242행 | 21컬럼
2026-06-29 01:39:41,537 [INFO]    road_road_traffic_stts    | 신규  5260행 | 누적  10520행 | 17컬럼
2026-06-29 01:39:41,537 [INFO]    subway                    | 신규    38행 | 누적     76행 | 13컬럼
2026-06-29 01:39:41,537 [INFO]    subway_sub_stts           | 신규   183행 | 누적    366행 | 13컬럼
2026-06-29 01:39:41,537 [INFO]    weather                   | 신규   119행 | 누적    238행 | 29컬럼
2026-06-29 01:39:41,537 [INFO] 키별 사용량:
2026-06-29 01:39:41,537 [INFO]    🟢 KEY_1 (31/1000) 
2026-06-29 01:39:41,537 [INFO]    🟢 KEY_2 (30/1000) 
2026-06-29 01:39:41,537 [INFO]    🟢 KEY_3 (30/1000) 
2026-06-29 01:39:41,537 [INFO]    🟢 KEY_4 (30/1000) 
2026-06-29 02:35:34,541 [INFO] 등록된 키: 4개, 합산 한도 4,000건/일
2026-06-29 02:35:34,542 [INFO] POI 로드: 매뉴얼 v8.5 기준 fallback 121개 (121개 전체)
2026-06-29 02:35:34,542 [INFO] === 수집 시작 2026-06-29T02:35:34.542562+09:00 ===
2026-06-29 02:35:34,542 [INFO] 대상 장소: 121개 | API: citydata (통합)
2026-06-29 02:35:34,542 [INFO] 키 풀: 4/4 활성 | 오늘 사용 0/4000건
2026-06-29 02:35:34,542 [INFO]   [KEY_1] 담당 31장소
2026-06-29 02:35:34,542 [INFO]   [KEY_2] 담당 30장소
2026-06-29 02:35:34,543 [INFO]   [KEY_3] 담당 30장소
2026-06-29 02:35:34,543 [INFO]   [KEY_4] 담당 30장소
2026-06-29 02:35:34,543 [INFO] [1/121] 경복궁 (primary=KEY_1)
2026-06-29 02:35:36,116 [INFO] [2/121] 광화문·덕수궁 (primary=KEY_2)
2026-06-29 02:35:38,123 [INFO] [3/121] 보신각 (primary=KEY_3)
2026-06-29 02:35:39,964 [INFO] [4/121] 서울 암사동 유적 (primary=KEY_4)
2026-06-29 02:35:41,480 [INFO] [5/121] 창덕궁·종묘 (primary=KEY_1)
2026-06-29 02:35:42,747 [INFO] [6/121] 강남 MICE 관광특구 (primary=KEY_2)
2026-06-29 02:35:43,901 [INFO] [7/121] 동대문 관광특구 (primary=KEY_3)
2026-06-29 02:35:45,784 [INFO] [8/121] 명동 관광특구 (primary=KEY_4)
2026-06-29 02:35:47,304 [INFO] [9/121] 이태원 관광특구 (primary=KEY_1)
2026-06-29 02:35:49,025 [INFO] [10/121] 잠실 관광특구 (primary=KEY_2)
2026-06-29 02:35:51,068 [INFO] [11/121] 종로·청계 관광특구 (primary=KEY_3)
2026-06-29 02:35:52,436 [INFO] [12/121] 홍대 관광특구 (primary=KEY_4)
2026-06-29 02:35:53,764 [INFO] [13/121] 강서한강공원 (primary=KEY_1)
2026-06-29 02:35:55,294 [INFO] [14/121] 고척돔 (primary=KEY_2)
2026-06-29 02:35:56,279 [INFO] [15/121] 광나루한강공원 (primary=KEY_3)
2026-06-29 02:35:57,404 [INFO] [16/121] 광화문광장 (primary=KEY_4)
2026-06-29 02:35:59,139 [INFO] [17/121] 국립중앙박물관·용산가족공원 (primary=KEY_1)
2026-06-29 02:36:00,128 [INFO] [18/121] 난지한강공원 (primary=KEY_2)
2026-06-29 02:36:01,108 [INFO] [19/121] 남산공원 (primary=KEY_3)
2026-06-29 02:36:02,402 [INFO] [20/121] 노들섬 (primary=KEY_4)
2026-06-29 02:36:03,389 [INFO] [21/121] 뚝섬한강공원 (primary=KEY_1)
2026-06-29 02:36:04,374 [INFO] [22/121] 망원한강공원 (primary=KEY_2)
2026-06-29 02:36:05,519 [INFO] [23/121] 반포한강공원 (primary=KEY_3)
2026-06-29 02:36:06,518 [INFO] [24/121] 보라매공원 (primary=KEY_4)
2026-06-29 02:36:07,508 [INFO] [25/121] 북서울꿈의숲 (primary=KEY_1)
2026-06-29 02:36:08,628 [INFO] [26/121] 서대문독립공원 (primary=KEY_2)
2026-06-29 02:36:09,615 [INFO] [27/121] 서리풀공원·몽마르뜨공원 (primary=KEY_3)
2026-06-29 02:36:10,612 [INFO] [28/121] 서울대공원 (primary=KEY_4)
2026-06-29 02:36:11,588 [INFO] [29/121] 서울숲공원 (primary=KEY_1)
2026-06-29 02:36:12,718 [INFO] [30/121] 송현녹지광장 (primary=KEY_2)
2026-06-29 02:36:13,833 [INFO] [31/121] 아차산 (primary=KEY_3)
2026-06-29 02:36:14,808 [INFO] [32/121] 안양천 (primary=KEY_4)
2026-06-29 02:36:16,348 [INFO] [33/121] 양화한강공원 (primary=KEY_1)
2026-06-29 02:36:17,319 [INFO] [34/121] 어린이대공원 (primary=KEY_2)
2026-06-29 02:36:18,446 [INFO] [35/121] 여의도한강공원 (primary=KEY_3)
2026-06-29 02:36:19,572 [INFO] [36/121] 여의서로 (primary=KEY_4)
2026-06-29 02:36:20,681 [INFO] [37/121] 올림픽공원 (primary=KEY_1)
2026-06-29 02:36:21,856 [INFO] [38/121] 월드컵공원 (primary=KEY_2)
2026-06-29 02:36:23,154 [INFO] [39/121] 응봉산 (primary=KEY_3)
2026-06-29 02:36:24,276 [INFO] [40/121] 이촌한강공원 (primary=KEY_4)
2026-06-29 02:36:25,262 [INFO] [41/121] 잠실종합운동장 (primary=KEY_1)
2026-06-29 02:36:26,246 [INFO] [42/121] 잠실한강공원 (primary=KEY_2)
2026-06-29 02:36:27,239 [INFO] [43/121] 잠원한강공원 (primary=KEY_3)
2026-06-29 02:36:28,221 [INFO] [44/121] 청계산 (primary=KEY_4)
2026-06-29 02:36:29,208 [INFO] [45/121] 홍제폭포 (primary=KEY_1)
2026-06-29 02:36:30,201 [INFO] [46/121] 가락시장 (primary=KEY_2)
2026-06-29 02:36:31,341 [INFO] [47/121] 가로수길 (primary=KEY_3)
2026-06-29 02:36:32,494 [INFO] [48/121] 광장(전통)시장 (primary=KEY_4)
2026-06-29 02:36:33,496 [INFO] [49/121] 김포공항 (primary=KEY_1)
2026-06-29 02:36:34,794 [INFO] [50/121] 남대문시장 (primary=KEY_2)
2026-06-29 02:36:35,941 [INFO] [51/121] 노량진 (primary=KEY_3)
2026-06-29 02:36:37,085 [INFO] [52/121] 덕수궁길·정동길 (primary=KEY_4)
2026-06-29 02:36:38,244 [INFO] [53/121] 북창동 먹자골목 (primary=KEY_1)
2026-06-29 02:36:39,373 [INFO] [54/121] 북촌한옥마을 (primary=KEY_2)
2026-06-29 02:36:40,649 [INFO] [55/121] 서촌 (primary=KEY_3)
2026-06-29 02:36:41,771 [INFO] [56/121] 성수카페거리 (primary=KEY_4)
2026-06-29 02:36:43,080 [INFO] [57/121] 송리단길·호수단길 (primary=KEY_1)
2026-06-29 02:36:44,230 [INFO] [58/121] 신촌 스타광장 (primary=KEY_2)
2026-06-29 02:36:45,225 [INFO] [59/121] 압구정로데오거리 (primary=KEY_3)
2026-06-29 02:36:46,362 [INFO] [60/121] 여의도 (primary=KEY_4)
2026-06-29 02:36:48,156 [INFO] [61/121] 연남동 (primary=KEY_1)
2026-06-29 02:36:49,280 [INFO] [62/121] 영등포 타임스퀘어 (primary=KEY_2)
2026-06-29 02:36:50,428 [INFO] [63/121] 용리단길 (primary=KEY_3)
2026-06-29 02:36:51,436 [INFO] [64/121] 이태원 앤틱가구거리 (primary=KEY_4)
2026-06-29 02:36:52,445 [INFO] [65/121] 익선동 (primary=KEY_1)
2026-06-29 02:36:53,584 [INFO] [66/121] 인사동 (primary=KEY_2)
2026-06-29 02:36:54,865 [INFO] [67/121] 잠실롯데타워·석촌호수 (primary=KEY_3)
2026-06-29 02:36:56,296 [INFO] [68/121] 창동 신경제 중심지 (primary=KEY_4)
2026-06-29 02:36:57,757 [INFO] [69/121] 청담동 명품거리 (primary=KEY_1)
2026-06-29 02:36:58,938 [INFO] [70/121] 청량리 제기동 일대 전통시장 (primary=KEY_2)
2026-06-29 02:37:00,078 [INFO] [71/121] 해방촌·경리단길 (primary=KEY_3)
2026-06-29 02:37:01,081 [INFO] [72/121] DDP(동대문디자인플라자) (primary=KEY_4)
2026-06-29 02:37:02,229 [INFO] [73/121] DMC(디지털미디어시티) (primary=KEY_1)
2026-06-29 02:37:03,670 [INFO] [74/121] 가산디지털단지역 (primary=KEY_2)
2026-06-29 02:37:05,251 [INFO] [75/121] 강남역 (primary=KEY_3)
2026-06-29 02:37:06,546 [INFO] [76/121] 건대입구역 (primary=KEY_4)
2026-06-29 02:37:07,704 [INFO] [77/121] 고덕역 (primary=KEY_1)
2026-06-29 02:37:08,838 [INFO] [78/121] 고속터미널역 (primary=KEY_2)
2026-06-29 02:37:09,986 [INFO] [79/121] 교대역 (primary=KEY_3)
2026-06-29 02:37:10,995 [INFO] [80/121] 구로디지털단지역 (primary=KEY_4)
2026-06-29 02:37:12,434 [INFO] [81/121] 구로역 (primary=KEY_1)
2026-06-29 02:37:13,553 [INFO] [82/121] 군자역 (primary=KEY_2)
2026-06-29 02:37:14,558 [INFO] [83/121] 대림역 (primary=KEY_3)
2026-06-29 02:37:15,704 [INFO] [84/121] 동대문역 (primary=KEY_4)
2026-06-29 02:37:16,843 [INFO] [85/121] 뚝섬역 (primary=KEY_1)
2026-06-29 02:37:17,984 [INFO] [86/121] 미아사거리역 (primary=KEY_2)
2026-06-29 02:37:19,135 [INFO] [87/121] 발산역 (primary=KEY_3)
2026-06-29 02:37:20,552 [INFO] [88/121] 사당역 (primary=KEY_4)
2026-06-29 02:37:21,708 [INFO] [89/121] 삼각지역 (primary=KEY_1)
2026-06-29 02:37:22,699 [INFO] [90/121] 서울대입구역 (primary=KEY_2)
2026-06-29 02:37:23,823 [INFO] [91/121] 서울식물원·마곡나루역 (primary=KEY_3)
2026-06-29 02:37:25,096 [INFO] [92/121] 서울역 (primary=KEY_4)
2026-06-29 02:37:26,298 [INFO] [93/121] 선릉역 (primary=KEY_1)
2026-06-29 02:37:27,723 [INFO] [94/121] 성신여대입구역 (primary=KEY_2)
2026-06-29 02:37:28,743 [INFO] [95/121] 수유역 (primary=KEY_3)
2026-06-29 02:37:29,882 [INFO] [96/121] 숭례문 (primary=KEY_4)
2026-06-29 02:37:31,164 [INFO] [97/121] 시의회 앞 (primary=KEY_1)
2026-06-29 02:37:32,307 [INFO] [98/121] 신논현역·논현역 (primary=KEY_2)
2026-06-29 02:37:33,472 [INFO] [99/121] 신도림역 (primary=KEY_3)
2026-06-29 02:37:34,476 [INFO] [100/121] 신림역 (primary=KEY_4)
2026-06-29 02:37:35,504 [INFO] [101/121] 신정네거리역 (primary=KEY_1)
2026-06-29 02:37:36,653 [INFO] [102/121] 신촌·이대역 (primary=KEY_2)
2026-06-29 02:37:37,780 [INFO] [103/121] 쌍문역 (primary=KEY_3)
2026-06-29 02:37:38,910 [INFO] [104/121] 양재역 (primary=KEY_4)
2026-06-29 02:37:40,061 [INFO] [105/121] 역삼역 (primary=KEY_1)
2026-06-29 02:37:41,346 [INFO] [106/121] 연신내역 (primary=KEY_2)
2026-06-29 02:37:42,366 [INFO] [107/121] 오목교역·목동운동장 (primary=KEY_3)
2026-06-29 02:37:43,949 [INFO] [108/121] 왕십리역 (primary=KEY_4)
2026-06-29 02:37:45,118 [INFO] [109/121] 용산역 (primary=KEY_1)
2026-06-29 02:37:46,415 [INFO] [110/121] 이태원역 (primary=KEY_2)
2026-06-29 02:37:47,509 [INFO] [111/121] 잠실새내역 (primary=KEY_3)
2026-06-29 02:37:48,641 [INFO] [112/121] 잠실역 (primary=KEY_4)
2026-06-29 02:37:49,943 [INFO] [113/121] 장지역 (primary=KEY_1)
2026-06-29 02:37:51,233 [INFO] [114/121] 장한평역 (primary=KEY_2)
2026-06-29 02:37:52,392 [INFO] [115/121] 천호역 (primary=KEY_3)
2026-06-29 02:37:53,565 [INFO] [116/121] 총신대입구(이수)역 (primary=KEY_4)
2026-06-29 02:37:54,727 [INFO] [117/121] 충정로역 (primary=KEY_1)
2026-06-29 02:37:55,885 [INFO] [118/121] 합정역 (primary=KEY_2)
2026-06-29 02:37:57,059 [INFO] [119/121] 혜화역 (primary=KEY_3)
2026-06-29 02:37:58,887 [INFO] [120/121] 홍대입구역(2호선) (primary=KEY_4)
2026-06-29 02:38:00,612 [INFO] [121/121] 회기역 (primary=KEY_1)
2026-06-29 02:38:03,149 [INFO] === 수집 완료 | 성공 121, 실패 0 ===
2026-06-29 02:38:03,150 [INFO] 카테고리별 저장 결과:
2026-06-29 02:38:03,150 [INFO]    accident                  | 신규     4행 | 누적     12행 | 16컬럼
2026-06-29 02:38:03,150 [INFO]    area_meta                 | 신규   121행 | 누적    363행 | 5컬럼
2026-06-29 02:38:03,150 [INFO]    bike                      | 신규    12행 | 누적     36행 | 12컬럼
2026-06-29 02:38:03,150 [INFO]    bike_sbike_stts           | 신규   555행 | 누적   1665행 | 12컬럼
2026-06-29 02:38:03,150 [INFO]    bus                       | 신규     3행 | 누적      9행 | 11컬럼
2026-06-29 02:38:03,150 [INFO]    bus_bus_stn_stts          | 신규  1745행 | 누적   5235행 | 11컬럼
2026-06-29 02:38:03,150 [INFO]    charger                   | 신규     4행 | 누적     33행 | 15컬럼
2026-06-29 02:38:03,150 [INFO]    charger_charger_stts      | 신규  1915행 | 누적   4138행 | 15컬럼
2026-06-29 02:38:03,150 [INFO]    cmrcl                     | 신규    82행 | 누적    246행 | 20컬럼
2026-06-29 02:38:03,150 [INFO]    events                    | 신규     9행 | 누적     27행 | 14컬럼
2026-06-29 02:38:03,150 [INFO]    events_event_stts         | 신규   134행 | 누적    402행 | 14컬럼
2026-06-29 02:38:03,150 [INFO]    parking                   | 신규     6행 | 누적     18행 | 21컬럼
2026-06-29 02:38:03,150 [INFO]    parking_prk_stts          | 신규  1833행 | 누적   5499행 | 21컬럼
2026-06-29 02:38:03,151 [INFO]    ppltn                     | 신규   121행 | 누적    362행 | 26컬럼
2026-06-29 02:38:03,151 [INFO]    road                      | 신규   121행 | 누적    363행 | 21컬럼
2026-06-29 02:38:03,151 [INFO]    road_road_traffic_stts    | 신규  5260행 | 누적  15780행 | 17컬럼
2026-06-29 02:38:03,151 [INFO]    subway                    | 신규    38행 | 누적    114행 | 13컬럼
2026-06-29 02:38:03,151 [INFO]    subway_sub_stts           | 신규   183행 | 누적    549행 | 13컬럼
2026-06-29 02:38:03,151 [INFO]    weather                   | 신규   119행 | 누적    357행 | 29컬럼
2026-06-29 02:38:03,151 [INFO] 키별 사용량:
2026-06-29 02:38:03,151 [INFO]    🟢 KEY_1 (31/1000) 
2026-06-29 02:38:03,151 [INFO]    🟢 KEY_2 (30/1000) 
2026-06-29 02:38:03,151 [INFO]    🟢 KEY_3 (30/1000) 
2026-06-29 02:38:03,151 [INFO]    🟢 KEY_4 (30/1000) 
2026-06-29 03:37:33,033 [INFO] 등록된 키: 4개, 합산 한도 4,000건/일
2026-06-29 03:37:33,034 [INFO] POI 로드: 매뉴얼 v8.5 기준 fallback 121개 (121개 전체)
2026-06-29 03:37:33,034 [INFO] === 수집 시작 2026-06-29T03:37:33.034259+09:00 ===
2026-06-29 03:37:33,034 [INFO] 대상 장소: 121개 | API: citydata (통합)
2026-06-29 03:37:33,034 [INFO] 키 풀: 4/4 활성 | 오늘 사용 0/4000건
2026-06-29 03:37:33,034 [INFO]   [KEY_1] 담당 31장소
2026-06-29 03:37:33,034 [INFO]   [KEY_2] 담당 30장소
2026-06-29 03:37:33,034 [INFO]   [KEY_3] 담당 30장소
2026-06-29 03:37:33,034 [INFO]   [KEY_4] 담당 30장소
2026-06-29 03:37:33,034 [INFO] [1/121] 경복궁 (primary=KEY_1)
2026-06-29 03:37:34,854 [INFO] [2/121] 광화문·덕수궁 (primary=KEY_2)
2026-06-29 03:37:36,119 [INFO] [3/121] 보신각 (primary=KEY_3)
2026-06-29 03:37:37,916 [INFO] [4/121] 서울 암사동 유적 (primary=KEY_4)
2026-06-29 03:37:39,553 [INFO] [5/121] 창덕궁·종묘 (primary=KEY_1)
2026-06-29 03:37:40,798 [INFO] [6/121] 강남 MICE 관광특구 (primary=KEY_2)
2026-06-29 03:37:42,484 [INFO] [7/121] 동대문 관광특구 (primary=KEY_3)
2026-06-29 03:37:44,333 [INFO] [8/121] 명동 관광특구 (primary=KEY_4)
2026-06-29 03:37:45,668 [INFO] [9/121] 이태원 관광특구 (primary=KEY_1)
2026-06-29 03:37:46,939 [INFO] [10/121] 잠실 관광특구 (primary=KEY_2)
2026-06-29 03:37:48,827 [INFO] [11/121] 종로·청계 관광특구 (primary=KEY_3)
2026-06-29 03:37:50,915 [INFO] [12/121] 홍대 관광특구 (primary=KEY_4)
2026-06-29 03:37:52,235 [INFO] [13/121] 강서한강공원 (primary=KEY_1)
2026-06-29 03:37:53,202 [INFO] [14/121] 고척돔 (primary=KEY_2)
2026-06-29 03:37:54,302 [INFO] [15/121] 광나루한강공원 (primary=KEY_3)
2026-06-29 03:37:55,967 [INFO] [16/121] 광화문광장 (primary=KEY_4)
2026-06-29 03:37:57,100 [INFO] [17/121] 국립중앙박물관·용산가족공원 (primary=KEY_1)
2026-06-29 03:37:58,097 [INFO] [18/121] 난지한강공원 (primary=KEY_2)
2026-06-29 03:37:59,071 [INFO] [19/121] 남산공원 (primary=KEY_3)
2026-06-29 03:38:00,354 [INFO] [20/121] 노들섬 (primary=KEY_4)
2026-06-29 03:38:01,468 [INFO] [21/121] 뚝섬한강공원 (primary=KEY_1)
2026-06-29 03:38:02,725 [INFO] [22/121] 망원한강공원 (primary=KEY_2)
2026-06-29 03:38:03,840 [INFO] [23/121] 반포한강공원 (primary=KEY_3)
2026-06-29 03:38:04,808 [INFO] [24/121] 보라매공원 (primary=KEY_4)
2026-06-29 03:38:05,820 [INFO] [25/121] 북서울꿈의숲 (primary=KEY_1)
2026-06-29 03:38:06,803 [INFO] [26/121] 서대문독립공원 (primary=KEY_2)
2026-06-29 03:38:07,795 [INFO] [27/121] 서리풀공원·몽마르뜨공원 (primary=KEY_3)
2026-06-29 03:38:09,481 [INFO] [28/121] 서울대공원 (primary=KEY_4)
2026-06-29 03:38:10,447 [INFO] [29/121] 서울숲공원 (primary=KEY_1)
2026-06-29 03:38:11,567 [INFO] [30/121] 송현녹지광장 (primary=KEY_2)
2026-06-29 03:38:12,680 [INFO] [31/121] 아차산 (primary=KEY_3)
2026-06-29 03:38:14,325 [INFO] [32/121] 안양천 (primary=KEY_4)
2026-06-29 03:38:15,304 [INFO] [33/121] 양화한강공원 (primary=KEY_1)
2026-06-29 03:38:16,278 [INFO] [34/121] 어린이대공원 (primary=KEY_2)
2026-06-29 03:38:17,272 [INFO] [35/121] 여의도한강공원 (primary=KEY_3)
2026-06-29 03:38:18,385 [INFO] [36/121] 여의서로 (primary=KEY_4)
2026-06-29 03:38:19,367 [INFO] [37/121] 올림픽공원 (primary=KEY_1)
2026-06-29 03:38:20,513 [INFO] [38/121] 월드컵공원 (primary=KEY_2)
2026-06-29 03:38:21,787 [INFO] [39/121] 응봉산 (primary=KEY_3)
2026-06-29 03:38:22,891 [INFO] [40/121] 이촌한강공원 (primary=KEY_4)
2026-06-29 03:38:23,867 [INFO] [41/121] 잠실종합운동장 (primary=KEY_1)
2026-06-29 03:38:24,837 [INFO] [42/121] 잠실한강공원 (primary=KEY_2)
2026-06-29 03:38:25,840 [INFO] [43/121] 잠원한강공원 (primary=KEY_3)
2026-06-29 03:38:26,808 [INFO] [44/121] 청계산 (primary=KEY_4)
2026-06-29 03:38:27,786 [INFO] [45/121] 홍제폭포 (primary=KEY_1)
2026-06-29 03:38:28,764 [INFO] [46/121] 가락시장 (primary=KEY_2)
2026-06-29 03:38:29,943 [INFO] [47/121] 가로수길 (primary=KEY_3)
2026-06-29 03:38:31,093 [INFO] [48/121] 광장(전통)시장 (primary=KEY_4)
2026-06-29 03:38:32,079 [INFO] [49/121] 김포공항 (primary=KEY_1)
2026-06-29 03:38:33,218 [INFO] [50/121] 남대문시장 (primary=KEY_2)
2026-06-29 03:38:34,209 [INFO] [51/121] 노량진 (primary=KEY_3)
2026-06-29 03:38:35,212 [INFO] [52/121] 덕수궁길·정동길 (primary=KEY_4)
2026-06-29 03:38:36,341 [INFO] [53/121] 북창동 먹자골목 (primary=KEY_1)
2026-06-29 03:38:37,325 [INFO] [54/121] 북촌한옥마을 (primary=KEY_2)
2026-06-29 03:38:38,467 [INFO] [55/121] 서촌 (primary=KEY_3)
2026-06-29 03:38:39,582 [INFO] [56/121] 성수카페거리 (primary=KEY_4)
2026-06-29 03:38:40,728 [INFO] [57/121] 송리단길·호수단길 (primary=KEY_1)
2026-06-29 03:38:41,870 [INFO] [58/121] 신촌 스타광장 (primary=KEY_2)
2026-06-29 03:38:42,875 [INFO] [59/121] 압구정로데오거리 (primary=KEY_3)
2026-06-29 03:38:44,003 [INFO] [60/121] 여의도 (primary=KEY_4)
2026-06-29 03:38:45,610 [INFO] [61/121] 연남동 (primary=KEY_1)
2026-06-29 03:38:46,720 [INFO] [62/121] 영등포 타임스퀘어 (primary=KEY_2)
2026-06-29 03:38:47,849 [INFO] [63/121] 용리단길 (primary=KEY_3)
2026-06-29 03:38:48,850 [INFO] [64/121] 이태원 앤틱가구거리 (primary=KEY_4)
2026-06-29 03:38:49,850 [INFO] [65/121] 익선동 (primary=KEY_1)
2026-06-29 03:38:51,007 [INFO] [66/121] 인사동 (primary=KEY_2)
2026-06-29 03:38:52,152 [INFO] [67/121] 잠실롯데타워·석촌호수 (primary=KEY_3)
2026-06-29 03:38:53,325 [INFO] [68/121] 창동 신경제 중심지 (primary=KEY_4)
2026-06-29 03:38:54,628 [INFO] [69/121] 청담동 명품거리 (primary=KEY_1)
2026-06-29 03:38:55,743 [INFO] [70/121] 청량리 제기동 일대 전통시장 (primary=KEY_2)
2026-06-29 03:38:56,888 [INFO] [71/121] 해방촌·경리단길 (primary=KEY_3)
2026-06-29 03:38:57,890 [INFO] [72/121] DDP(동대문디자인플라자) (primary=KEY_4)
2026-06-29 03:38:59,099 [INFO] [73/121] DMC(디지털미디어시티) (primary=KEY_1)
2026-06-29 03:39:00,403 [INFO] [74/121] 가산디지털단지역 (primary=KEY_2)
2026-06-29 03:39:01,659 [INFO] [75/121] 강남역 (primary=KEY_3)
2026-06-29 03:39:02,956 [INFO] [76/121] 건대입구역 (primary=KEY_4)
2026-06-29 03:39:04,092 [INFO] [77/121] 고덕역 (primary=KEY_1)
2026-06-29 03:39:05,112 [INFO] [78/121] 고속터미널역 (primary=KEY_2)
2026-06-29 03:39:06,126 [INFO] [79/121] 교대역 (primary=KEY_3)
2026-06-29 03:39:07,115 [INFO] [80/121] 구로디지털단지역 (primary=KEY_4)
2026-06-29 03:39:08,244 [INFO] [81/121] 구로역 (primary=KEY_1)
2026-06-29 03:39:09,224 [INFO] [82/121] 군자역 (primary=KEY_2)
2026-06-29 03:39:10,231 [INFO] [83/121] 대림역 (primary=KEY_3)
2026-06-29 03:39:11,215 [INFO] [84/121] 동대문역 (primary=KEY_4)
2026-06-29 03:39:12,215 [INFO] [85/121] 뚝섬역 (primary=KEY_1)
2026-06-29 03:39:13,338 [INFO] [86/121] 미아사거리역 (primary=KEY_2)
2026-06-29 03:39:14,460 [INFO] [87/121] 발산역 (primary=KEY_3)
2026-06-29 03:39:15,733 [INFO] [88/121] 사당역 (primary=KEY_4)
2026-06-29 03:39:16,869 [INFO] [89/121] 삼각지역 (primary=KEY_1)
2026-06-29 03:39:17,891 [INFO] [90/121] 서울대입구역 (primary=KEY_2)
2026-06-29 03:39:18,889 [INFO] [91/121] 서울식물원·마곡나루역 (primary=KEY_3)
2026-06-29 03:39:20,033 [INFO] [92/121] 서울역 (primary=KEY_4)
2026-06-29 03:39:21,203 [INFO] [93/121] 선릉역 (primary=KEY_1)
2026-06-29 03:39:22,499 [INFO] [94/121] 성신여대입구역 (primary=KEY_2)
2026-06-29 03:39:23,497 [INFO] [95/121] 수유역 (primary=KEY_3)
2026-06-29 03:39:24,649 [INFO] [96/121] 숭례문 (primary=KEY_4)
2026-06-29 03:39:25,785 [INFO] [97/121] 시의회 앞 (primary=KEY_1)
2026-06-29 03:39:26,932 [INFO] [98/121] 신논현역·논현역 (primary=KEY_2)
2026-06-29 03:39:28,083 [INFO] [99/121] 신도림역 (primary=KEY_3)
2026-06-29 03:39:29,073 [INFO] [100/121] 신림역 (primary=KEY_4)
2026-06-29 03:39:30,089 [INFO] [101/121] 신정네거리역 (primary=KEY_1)
2026-06-29 03:39:31,076 [INFO] [102/121] 신촌·이대역 (primary=KEY_2)
2026-06-29 03:39:32,194 [INFO] [103/121] 쌍문역 (primary=KEY_3)
2026-06-29 03:39:33,199 [INFO] [104/121] 양재역 (primary=KEY_4)
2026-06-29 03:39:34,214 [INFO] [105/121] 역삼역 (primary=KEY_1)
2026-06-29 03:39:35,365 [INFO] [106/121] 연신내역 (primary=KEY_2)
2026-06-29 03:39:36,375 [INFO] [107/121] 오목교역·목동운동장 (primary=KEY_3)
2026-06-29 03:39:37,653 [INFO] [108/121] 왕십리역 (primary=KEY_4)
2026-06-29 03:39:38,791 [INFO] [109/121] 용산역 (primary=KEY_1)
2026-06-29 03:39:39,927 [INFO] [110/121] 이태원역 (primary=KEY_2)
2026-06-29 03:39:40,925 [INFO] [111/121] 잠실새내역 (primary=KEY_3)
2026-06-29 03:39:42,044 [INFO] [112/121] 잠실역 (primary=KEY_4)
2026-06-29 03:39:43,180 [INFO] [113/121] 장지역 (primary=KEY_1)
2026-06-29 03:39:44,318 [INFO] [114/121] 장한평역 (primary=KEY_2)
2026-06-29 03:39:45,449 [INFO] [115/121] 천호역 (primary=KEY_3)
2026-06-29 03:39:46,593 [INFO] [116/121] 총신대입구(이수)역 (primary=KEY_4)
2026-06-29 03:39:47,785 [INFO] [117/121] 충정로역 (primary=KEY_1)
2026-06-29 03:39:48,785 [INFO] [118/121] 합정역 (primary=KEY_2)
2026-06-29 03:39:49,923 [INFO] [119/121] 혜화역 (primary=KEY_3)
2026-06-29 03:39:50,923 [INFO] [120/121] 홍대입구역(2호선) (primary=KEY_4)
2026-06-29 03:39:51,914 [INFO] [121/121] 회기역 (primary=KEY_1)
2026-06-29 03:39:54,011 [INFO] === 수집 완료 | 성공 121, 실패 0 ===
2026-06-29 03:39:54,011 [INFO] 카테고리별 저장 결과:
2026-06-29 03:39:54,012 [INFO]    area_meta                 | 신규   121행 | 누적    484행 | 5컬럼
2026-06-29 03:39:54,012 [INFO]    bike                      | 신규    12행 | 누적     48행 | 12컬럼
2026-06-29 03:39:54,012 [INFO]    bike_sbike_stts           | 신규   555행 | 누적   2220행 | 12컬럼
2026-06-29 03:39:54,012 [INFO]    bus                       | 신규     3행 | 누적     12행 | 11컬럼
2026-06-29 03:39:54,012 [INFO]    bus_bus_stn_stts          | 신규  1745행 | 누적   6980행 | 11컬럼
2026-06-29 03:39:54,012 [INFO]    charger                   | 신규    25행 | 누적     58행 | 15컬럼
2026-06-29 03:39:54,012 [INFO]    charger_charger_stts      | 신규   340행 | 누적   4476행 | 15컬럼
2026-06-29 03:39:54,012 [INFO]    cmrcl                     | 신규    82행 | 누적    328행 | 20컬럼
2026-06-29 03:39:54,012 [INFO]    events                    | 신규     9행 | 누적     36행 | 14컬럼
2026-06-29 03:39:54,012 [INFO]    events_event_stts         | 신규   134행 | 누적    536행 | 14컬럼
2026-06-29 03:39:54,012 [INFO]    parking                   | 신규     6행 | 누적     24행 | 21컬럼
2026-06-29 03:39:54,012 [INFO]    parking_prk_stts          | 신규  1833행 | 누적   7332행 | 21컬럼
2026-06-29 03:39:54,012 [INFO]    ppltn                     | 신규   121행 | 누적    483행 | 26컬럼
2026-06-29 03:39:54,012 [INFO]    road                      | 신규   121행 | 누적    484행 | 21컬럼
2026-06-29 03:39:54,012 [INFO]    road_road_traffic_stts    | 신규  5260행 | 누적  21040행 | 17컬럼
2026-06-29 03:39:54,012 [INFO]    subway                    | 신규    38행 | 누적    152행 | 13컬럼
2026-06-29 03:39:54,012 [INFO]    subway_sub_stts           | 신규   183행 | 누적    732행 | 13컬럼
2026-06-29 03:39:54,012 [INFO]    weather                   | 신규   119행 | 누적    476행 | 29컬럼
2026-06-29 03:39:54,012 [INFO] 키별 사용량:
2026-06-29 03:39:54,012 [INFO]    🟢 KEY_1 (31/1000) 
2026-06-29 03:39:54,012 [INFO]    🟢 KEY_2 (30/1000) 
2026-06-29 03:39:54,012 [INFO]    🟢 KEY_3 (30/1000) 
2026-06-29 03:39:54,012 [INFO]    🟢 KEY_4 (30/1000) 
2026-06-29 04:40:11,555 [INFO] 등록된 키: 4개, 합산 한도 4,000건/일
2026-06-29 04:40:11,556 [INFO] POI 로드: 매뉴얼 v8.5 기준 fallback 121개 (121개 전체)
2026-06-29 04:40:11,556 [INFO] === 수집 시작 2026-06-29T04:40:11.556503+09:00 ===
2026-06-29 04:40:11,556 [INFO] 대상 장소: 121개 | API: citydata (통합)
2026-06-29 04:40:11,556 [INFO] 키 풀: 4/4 활성 | 오늘 사용 0/4000건
2026-06-29 04:40:11,556 [INFO]   [KEY_1] 담당 31장소
2026-06-29 04:40:11,556 [INFO]   [KEY_2] 담당 30장소
2026-06-29 04:40:11,556 [INFO]   [KEY_3] 담당 30장소
2026-06-29 04:40:11,557 [INFO]   [KEY_4] 담당 30장소
2026-06-29 04:40:11,557 [INFO] [1/121] 경복궁 (primary=KEY_1)
2026-06-29 04:40:13,469 [INFO] [2/121] 광화문·덕수궁 (primary=KEY_2)
2026-06-29 04:40:15,979 [INFO] [3/121] 보신각 (primary=KEY_3)
2026-06-29 04:40:18,073 [INFO] [4/121] 서울 암사동 유적 (primary=KEY_4)
2026-06-29 04:40:19,948 [INFO] [5/121] 창덕궁·종묘 (primary=KEY_1)
2026-06-29 04:40:22,377 [INFO] [6/121] 강남 MICE 관광특구 (primary=KEY_2)
2026-06-29 04:40:24,505 [INFO] [7/121] 동대문 관광특구 (primary=KEY_3)
2026-06-29 04:40:26,669 [INFO] [8/121] 명동 관광특구 (primary=KEY_4)
2026-06-29 04:40:29,595 [INFO] [9/121] 이태원 관광특구 (primary=KEY_1)
2026-06-29 04:40:30,943 [INFO] [10/121] 잠실 관광특구 (primary=KEY_2)
2026-06-29 04:40:33,105 [INFO] [11/121] 종로·청계 관광특구 (primary=KEY_3)
2026-06-29 04:40:35,249 [INFO] [12/121] 홍대 관광특구 (primary=KEY_4)
2026-06-29 04:40:37,928 [INFO] [13/121] 강서한강공원 (primary=KEY_1)
2026-06-29 04:40:40,006 [INFO] [14/121] 고척돔 (primary=KEY_2)
2026-06-29 04:40:42,089 [INFO] [15/121] 광나루한강공원 (primary=KEY_3)
2026-06-29 04:40:43,576 [INFO] [16/121] 광화문광장 (primary=KEY_4)
2026-06-29 04:40:45,686 [INFO] [17/121] 국립중앙박물관·용산가족공원 (primary=KEY_1)
2026-06-29 04:40:46,829 [INFO] [18/121] 난지한강공원 (primary=KEY_2)
2026-06-29 04:40:48,326 [INFO] [19/121] 남산공원 (primary=KEY_3)
2026-06-29 04:40:49,892 [INFO] [20/121] 노들섬 (primary=KEY_4)
2026-06-29 04:40:51,005 [INFO] [21/121] 뚝섬한강공원 (primary=KEY_1)
2026-06-29 04:40:53,119 [INFO] [22/121] 망원한강공원 (primary=KEY_2)
2026-06-29 04:40:55,195 [INFO] [23/121] 반포한강공원 (primary=KEY_3)
2026-06-29 04:40:56,328 [INFO] [24/121] 보라매공원 (primary=KEY_4)
2026-06-29 04:40:58,601 [INFO] [25/121] 북서울꿈의숲 (primary=KEY_1)
2026-06-29 04:40:59,738 [INFO] [26/121] 서대문독립공원 (primary=KEY_2)
2026-06-29 04:41:00,879 [INFO] [27/121] 서리풀공원·몽마르뜨공원 (primary=KEY_3)
2026-06-29 04:41:02,033 [INFO] [28/121] 서울대공원 (primary=KEY_4)
2026-06-29 04:41:03,157 [INFO] [29/121] 서울숲공원 (primary=KEY_1)
2026-06-29 04:41:05,631 [INFO] [30/121] 송현녹지광장 (primary=KEY_2)
2026-06-29 04:41:06,962 [INFO] [31/121] 아차산 (primary=KEY_3)
2026-06-29 04:41:08,087 [INFO] [32/121] 안양천 (primary=KEY_4)
2026-06-29 04:41:09,226 [INFO] [33/121] 양화한강공원 (primary=KEY_1)
2026-06-29 04:41:10,354 [INFO] [34/121] 어린이대공원 (primary=KEY_2)
2026-06-29 04:41:11,500 [INFO] [35/121] 여의도한강공원 (primary=KEY_3)
2026-06-29 04:41:12,805 [INFO] [36/121] 여의서로 (primary=KEY_4)
2026-06-29 04:41:13,948 [INFO] [37/121] 올림픽공원 (primary=KEY_1)
2026-06-29 04:41:15,289 [INFO] [38/121] 월드컵공원 (primary=KEY_2)
2026-06-29 04:41:16,818 [INFO] [39/121] 응봉산 (primary=KEY_3)
2026-06-29 04:41:18,890 [INFO] [40/121] 이촌한강공원 (primary=KEY_4)
2026-06-29 04:41:20,007 [INFO] [41/121] 잠실종합운동장 (primary=KEY_1)
2026-06-29 04:41:21,141 [INFO] [42/121] 잠실한강공원 (primary=KEY_2)
2026-06-29 04:41:23,396 [INFO] [43/121] 잠원한강공원 (primary=KEY_3)
2026-06-29 04:41:24,525 [INFO] [44/121] 청계산 (primary=KEY_4)
2026-06-29 04:41:26,586 [INFO] [45/121] 홍제폭포 (primary=KEY_1)
2026-06-29 04:41:27,714 [INFO] [46/121] 가락시장 (primary=KEY_2)
2026-06-29 04:41:29,047 [INFO] [47/121] 가로수길 (primary=KEY_3)
2026-06-29 04:41:31,542 [INFO] [48/121] 광장(전통)시장 (primary=KEY_4)
2026-06-29 04:41:33,626 [INFO] [49/121] 김포공항 (primary=KEY_1)
2026-06-29 04:41:35,743 [INFO] [50/121] 남대문시장 (primary=KEY_2)
2026-06-29 04:41:37,644 [INFO] [51/121] 노량진 (primary=KEY_3)
2026-06-29 04:41:38,998 [INFO] [52/121] 덕수궁길·정동길 (primary=KEY_4)
2026-06-29 04:41:40,376 [INFO] [53/121] 북창동 먹자골목 (primary=KEY_1)
2026-06-29 04:41:41,529 [INFO] [54/121] 북촌한옥마을 (primary=KEY_2)
2026-06-29 04:41:42,878 [INFO] [55/121] 서촌 (primary=KEY_3)
2026-06-29 04:41:44,205 [INFO] [56/121] 성수카페거리 (primary=KEY_4)
2026-06-29 04:41:45,540 [INFO] [57/121] 송리단길·호수단길 (primary=KEY_1)
2026-06-29 04:41:46,888 [INFO] [58/121] 신촌 스타광장 (primary=KEY_2)
2026-06-29 04:41:48,036 [INFO] [59/121] 압구정로데오거리 (primary=KEY_3)
2026-06-29 04:41:49,379 [INFO] [60/121] 여의도 (primary=KEY_4)
2026-06-29 04:41:51,366 [INFO] [61/121] 연남동 (primary=KEY_1)
2026-06-29 04:41:52,690 [INFO] [62/121] 영등포 타임스퀘어 (primary=KEY_2)
2026-06-29 04:41:54,025 [INFO] [63/121] 용리단길 (primary=KEY_3)
2026-06-29 04:41:55,194 [INFO] [64/121] 이태원 앤틱가구거리 (primary=KEY_4)
2026-06-29 04:41:56,372 [INFO] [65/121] 익선동 (primary=KEY_1)
2026-06-29 04:41:57,725 [INFO] [66/121] 인사동 (primary=KEY_2)
2026-06-29 04:41:59,077 [INFO] [67/121] 잠실롯데타워·석촌호수 (primary=KEY_3)
2026-06-29 04:42:00,435 [INFO] [68/121] 창동 신경제 중심지 (primary=KEY_4)
2026-06-29 04:42:02,006 [INFO] [69/121] 청담동 명품거리 (primary=KEY_1)
2026-06-29 04:42:03,340 [INFO] [70/121] 청량리 제기동 일대 전통시장 (primary=KEY_2)
2026-06-29 04:42:04,684 [INFO] [71/121] 해방촌·경리단길 (primary=KEY_3)
2026-06-29 04:42:05,865 [INFO] [72/121] DDP(동대문디자인플라자) (primary=KEY_4)
2026-06-29 04:42:07,202 [INFO] [73/121] DMC(디지털미디어시티) (primary=KEY_1)
2026-06-29 04:42:08,756 [INFO] [74/121] 가산디지털단지역 (primary=KEY_2)
2026-06-29 04:42:10,284 [INFO] [75/121] 강남역 (primary=KEY_3)
2026-06-29 04:42:11,838 [INFO] [76/121] 건대입구역 (primary=KEY_4)
2026-06-29 04:42:13,188 [INFO] [77/121] 고덕역 (primary=KEY_1)
2026-06-29 04:42:14,511 [INFO] [78/121] 고속터미널역 (primary=KEY_2)
2026-06-29 04:42:15,844 [INFO] [79/121] 교대역 (primary=KEY_3)
2026-06-29 04:42:16,991 [INFO] [80/121] 구로디지털단지역 (primary=KEY_4)
2026-06-29 04:42:18,339 [INFO] [81/121] 구로역 (primary=KEY_1)
2026-06-29 04:42:19,472 [INFO] [82/121] 군자역 (primary=KEY_2)
2026-06-29 04:42:20,621 [INFO] [83/121] 대림역 (primary=KEY_3)
2026-06-29 04:42:21,947 [INFO] [84/121] 동대문역 (primary=KEY_4)
2026-06-29 04:42:23,307 [INFO] [85/121] 뚝섬역 (primary=KEY_1)
2026-06-29 04:42:24,645 [INFO] [86/121] 미아사거리역 (primary=KEY_2)
2026-06-29 04:42:25,985 [INFO] [87/121] 발산역 (primary=KEY_3)
2026-06-29 04:42:27,515 [INFO] [88/121] 사당역 (primary=KEY_4)
2026-06-29 04:42:28,852 [INFO] [89/121] 삼각지역 (primary=KEY_1)
2026-06-29 04:42:29,997 [INFO] [90/121] 서울대입구역 (primary=KEY_2)
2026-06-29 04:42:31,155 [INFO] [91/121] 서울식물원·마곡나루역 (primary=KEY_3)
2026-06-29 04:42:32,502 [INFO] [92/121] 서울역 (primary=KEY_4)
2026-06-29 04:42:35,558 [INFO] [93/121] 선릉역 (primary=KEY_1)
2026-06-29 04:42:37,111 [INFO] [94/121] 성신여대입구역 (primary=KEY_2)
2026-06-29 04:42:38,301 [INFO] [95/121] 수유역 (primary=KEY_3)
2026-06-29 04:42:39,625 [INFO] [96/121] 숭례문 (primary=KEY_4)
2026-06-29 04:42:40,975 [INFO] [97/121] 시의회 앞 (primary=KEY_1)
2026-06-29 04:42:42,314 [INFO] [98/121] 신논현역·논현역 (primary=KEY_2)
2026-06-29 04:42:43,695 [INFO] [99/121] 신도림역 (primary=KEY_3)
2026-06-29 04:42:44,866 [INFO] [100/121] 신림역 (primary=KEY_4)
2026-06-29 04:42:46,035 [INFO] [101/121] 신정네거리역 (primary=KEY_1)
2026-06-29 04:42:47,186 [INFO] [102/121] 신촌·이대역 (primary=KEY_2)
2026-06-29 04:42:48,542 [INFO] [103/121] 쌍문역 (primary=KEY_3)
2026-06-29 04:42:49,693 [INFO] [104/121] 양재역 (primary=KEY_4)
2026-06-29 04:42:52,149 [INFO] [105/121] 역삼역 (primary=KEY_1)
2026-06-29 04:42:53,504 [INFO] [106/121] 연신내역 (primary=KEY_2)
2026-06-29 04:42:54,669 [INFO] [107/121] 오목교역·목동운동장 (primary=KEY_3)
2026-06-29 04:42:56,402 [INFO] [108/121] 왕십리역 (primary=KEY_4)
2026-06-29 04:42:57,752 [INFO] [109/121] 용산역 (primary=KEY_1)
2026-06-29 04:42:59,278 [INFO] [110/121] 이태원역 (primary=KEY_2)
2026-06-29 04:43:00,436 [INFO] [111/121] 잠실새내역 (primary=KEY_3)
2026-06-29 04:43:01,808 [INFO] [112/121] 잠실역 (primary=KEY_4)
2026-06-29 04:43:03,140 [INFO] [113/121] 장지역 (primary=KEY_1)
2026-06-29 04:43:04,471 [INFO] [114/121] 장한평역 (primary=KEY_2)
2026-06-29 04:43:05,877 [INFO] [115/121] 천호역 (primary=KEY_3)
2026-06-29 04:43:07,242 [INFO] [116/121] 총신대입구(이수)역 (primary=KEY_4)
2026-06-29 04:43:08,592 [INFO] [117/121] 충정로역 (primary=KEY_1)
2026-06-29 04:43:09,934 [INFO] [118/121] 합정역 (primary=KEY_2)
2026-06-29 04:43:11,283 [INFO] [119/121] 혜화역 (primary=KEY_3)
2026-06-29 04:43:12,607 [INFO] [120/121] 홍대입구역(2호선) (primary=KEY_4)
2026-06-29 04:43:13,779 [INFO] [121/121] 회기역 (primary=KEY_1)
2026-06-29 04:43:16,234 [INFO] === 수집 완료 | 성공 121, 실패 0 ===
2026-06-29 04:43:16,234 [INFO] 카테고리별 저장 결과:
2026-06-29 04:43:16,235 [INFO]    accident                  | 신규     4행 | 누적     16행 | 16컬럼
2026-06-29 04:43:16,235 [INFO]    area_meta                 | 신규   121행 | 누적    605행 | 5컬럼
2026-06-29 04:43:16,235 [INFO]    bike                      | 신규    12행 | 누적     60행 | 12컬럼
2026-06-29 04:43:16,235 [INFO]    bike_sbike_stts           | 신규   555행 | 누적   2775행 | 12컬럼
2026-06-29 04:43:16,235 [INFO]    bus                       | 신규     3행 | 누적     15행 | 11컬럼
2026-06-29 04:43:16,235 [INFO]    bus_bus_stn_stts          | 신규  1745행 | 누적   8725행 | 11컬럼
2026-06-29 04:43:16,235 [INFO]    charger                   | 신규    11행 | 누적     69행 | 15컬럼
2026-06-29 04:43:16,235 [INFO]    charger_charger_stts      | 신규   725행 | 누적   5196행 | 15컬럼
2026-06-29 04:43:16,235 [INFO]    cmrcl                     | 신규    82행 | 누적    410행 | 20컬럼
2026-06-29 04:43:16,235 [INFO]    events                    | 신규     9행 | 누적     45행 | 14컬럼
2026-06-29 04:43:16,235 [INFO]    events_event_stts         | 신규   134행 | 누적    670행 | 14컬럼
2026-06-29 04:43:16,235 [INFO]    parking                   | 신규     6행 | 누적     30행 | 21컬럼
2026-06-29 04:43:16,235 [INFO]    parking_prk_stts          | 신규  1833행 | 누적   9165행 | 21컬럼
2026-06-29 04:43:16,235 [INFO]    ppltn                     | 신규   121행 | 누적    604행 | 26컬럼
2026-06-29 04:43:16,236 [INFO]    road                      | 신규   121행 | 누적    605행 | 21컬럼
2026-06-29 04:43:16,236 [INFO]    road_road_traffic_stts    | 신규  5260행 | 누적  26300행 | 17컬럼
2026-06-29 04:43:16,236 [INFO]    subway                    | 신규    38행 | 누적    190행 | 13컬럼
2026-06-29 04:43:16,236 [INFO]    subway_sub_stts           | 신규   183행 | 누적    915행 | 13컬럼
2026-06-29 04:43:16,236 [INFO]    weather                   | 신규   119행 | 누적    595행 | 29컬럼
2026-06-29 04:43:16,236 [INFO] 키별 사용량:
2026-06-29 04:43:16,236 [INFO]    🟢 KEY_1 (31/1000) 
2026-06-29 04:43:16,236 [INFO]    🟢 KEY_2 (30/1000) 
2026-06-29 04:43:16,236 [INFO]    🟢 KEY_3 (30/1000) 
2026-06-29 04:43:16,236 [INFO]    🟢 KEY_4 (30/1000) 
2026-06-29 05:37:22,945 [INFO] 등록된 키: 4개, 합산 한도 4,000건/일
2026-06-29 05:37:22,946 [INFO] POI 로드: 매뉴얼 v8.5 기준 fallback 121개 (121개 전체)
2026-06-29 05:37:22,946 [INFO] === 수집 시작 2026-06-29T05:37:22.946419+09:00 ===
2026-06-29 05:37:22,946 [INFO] 대상 장소: 121개 | API: citydata (통합)
2026-06-29 05:37:22,946 [INFO] 키 풀: 4/4 활성 | 오늘 사용 0/4000건
2026-06-29 05:37:22,946 [INFO]   [KEY_1] 담당 31장소
2026-06-29 05:37:22,946 [INFO]   [KEY_2] 담당 30장소
2026-06-29 05:37:22,946 [INFO]   [KEY_3] 담당 30장소
2026-06-29 05:37:22,947 [INFO]   [KEY_4] 담당 30장소
2026-06-29 05:37:22,947 [INFO] [1/121] 경복궁 (primary=KEY_1)
2026-06-29 05:37:25,399 [INFO] [2/121] 광화문·덕수궁 (primary=KEY_2)
2026-06-29 05:37:27,494 [INFO] [3/121] 보신각 (primary=KEY_3)
2026-06-29 05:37:28,729 [INFO] [4/121] 서울 암사동 유적 (primary=KEY_4)
2026-06-29 05:37:30,238 [INFO] [5/121] 창덕궁·종묘 (primary=KEY_1)
2026-06-29 05:37:31,882 [INFO] [6/121] 강남 MICE 관광특구 (primary=KEY_2)
2026-06-29 05:37:33,011 [INFO] [7/121] 동대문 관광특구 (primary=KEY_3)
2026-06-29 05:37:34,330 [INFO] [8/121] 명동 관광특구 (primary=KEY_4)
2026-06-29 05:37:35,814 [INFO] [9/121] 이태원 관광특구 (primary=KEY_1)
2026-06-29 05:37:37,086 [INFO] [10/121] 잠실 관광특구 (primary=KEY_2)
2026-06-29 05:37:38,766 [INFO] [11/121] 종로·청계 관광특구 (primary=KEY_3)
2026-06-29 05:37:40,871 [INFO] [12/121] 홍대 관광특구 (primary=KEY_4)
2026-06-29 05:37:42,180 [INFO] [13/121] 강서한강공원 (primary=KEY_1)
2026-06-29 05:37:43,285 [INFO] [14/121] 고척돔 (primary=KEY_2)
2026-06-29 05:37:44,264 [INFO] [15/121] 광나루한강공원 (primary=KEY_3)
2026-06-29 05:37:45,642 [INFO] [16/121] 광화문광장 (primary=KEY_4)
2026-06-29 05:37:47,559 [INFO] [17/121] 국립중앙박물관·용산가족공원 (primary=KEY_1)
2026-06-29 05:37:49,349 [INFO] [18/121] 난지한강공원 (primary=KEY_2)
2026-06-29 05:37:50,457 [INFO] [19/121] 남산공원 (primary=KEY_3)
2026-06-29 05:37:52,405 [INFO] [20/121] 노들섬 (primary=KEY_4)
2026-06-29 05:37:53,514 [INFO] [21/121] 뚝섬한강공원 (primary=KEY_1)
2026-06-29 05:37:54,508 [INFO] [22/121] 망원한강공원 (primary=KEY_2)
2026-06-29 05:37:55,660 [INFO] [23/121] 반포한강공원 (primary=KEY_3)
2026-06-29 05:37:56,890 [INFO] [24/121] 보라매공원 (primary=KEY_4)
2026-06-29 05:37:57,908 [INFO] [25/121] 북서울꿈의숲 (primary=KEY_1)
2026-06-29 05:37:58,885 [INFO] [26/121] 서대문독립공원 (primary=KEY_2)
2026-06-29 05:37:59,877 [INFO] [27/121] 서리풀공원·몽마르뜨공원 (primary=KEY_3)
2026-06-29 05:38:01,019 [INFO] [28/121] 서울대공원 (primary=KEY_4)
2026-06-29 05:38:01,987 [INFO] [29/121] 서울숲공원 (primary=KEY_1)
2026-06-29 05:38:03,133 [INFO] [30/121] 송현녹지광장 (primary=KEY_2)
2026-06-29 05:38:04,259 [INFO] [31/121] 아차산 (primary=KEY_3)
2026-06-29 05:38:05,770 [INFO] [32/121] 안양천 (primary=KEY_4)
2026-06-29 05:38:06,749 [INFO] [33/121] 양화한강공원 (primary=KEY_1)
2026-06-29 05:38:08,517 [INFO] [34/121] 어린이대공원 (primary=KEY_2)
2026-06-29 05:38:09,524 [INFO] [35/121] 여의도한강공원 (primary=KEY_3)
2026-06-29 05:38:10,763 [INFO] [36/121] 여의서로 (primary=KEY_4)
2026-06-29 05:38:12,664 [INFO] [37/121] 올림픽공원 (primary=KEY_1)
2026-06-29 05:38:14,615 [INFO] [38/121] 월드컵공원 (primary=KEY_2)
2026-06-29 05:38:15,899 [INFO] [39/121] 응봉산 (primary=KEY_3)
2026-06-29 05:38:17,017 [INFO] [40/121] 이촌한강공원 (primary=KEY_4)
2026-06-29 05:38:17,988 [INFO] [41/121] 잠실종합운동장 (primary=KEY_1)
2026-06-29 05:38:18,986 [INFO] [42/121] 잠실한강공원 (primary=KEY_2)
2026-06-29 05:38:20,766 [INFO] [43/121] 잠원한강공원 (primary=KEY_3)
2026-06-29 05:38:21,739 [INFO] [44/121] 청계산 (primary=KEY_4)
2026-06-29 05:38:22,704 [INFO] [45/121] 홍제폭포 (primary=KEY_1)
2026-06-29 05:38:23,679 [INFO] [46/121] 가락시장 (primary=KEY_2)
2026-06-29 05:38:24,823 [INFO] [47/121] 가로수길 (primary=KEY_3)
2026-06-29 05:38:25,967 [INFO] [48/121] 광장(전통)시장 (primary=KEY_4)
2026-06-29 05:38:27,749 [INFO] [49/121] 김포공항 (primary=KEY_1)
2026-06-29 05:38:29,048 [INFO] [50/121] 남대문시장 (primary=KEY_2)
2026-06-29 05:38:30,161 [INFO] [51/121] 노량진 (primary=KEY_3)
2026-06-29 05:38:31,318 [INFO] [52/121] 덕수궁길·정동길 (primary=KEY_4)
2026-06-29 05:38:32,466 [INFO] [53/121] 북창동 먹자골목 (primary=KEY_1)
2026-06-29 05:38:33,450 [INFO] [54/121] 북촌한옥마을 (primary=KEY_2)
2026-06-29 05:38:34,589 [INFO] [55/121] 서촌 (primary=KEY_3)
2026-06-29 05:38:35,703 [INFO] [56/121] 성수카페거리 (primary=KEY_4)
2026-06-29 05:38:36,852 [INFO] [57/121] 송리단길·호수단길 (primary=KEY_1)
2026-06-29 05:38:37,988 [INFO] [58/121] 신촌 스타광장 (primary=KEY_2)
2026-06-29 05:38:38,997 [INFO] [59/121] 압구정로데오거리 (primary=KEY_3)
2026-06-29 05:38:40,121 [INFO] [60/121] 여의도 (primary=KEY_4)
2026-06-29 05:38:41,773 [INFO] [61/121] 연남동 (primary=KEY_1)
2026-06-29 05:38:42,903 [INFO] [62/121] 영등포 타임스퀘어 (primary=KEY_2)
2026-06-29 05:38:44,018 [INFO] [63/121] 용리단길 (primary=KEY_3)
2026-06-29 05:38:45,032 [INFO] [64/121] 이태원 앤틱가구거리 (primary=KEY_4)
2026-06-29 05:38:46,048 [INFO] [65/121] 익선동 (primary=KEY_1)
2026-06-29 05:38:47,192 [INFO] [66/121] 인사동 (primary=KEY_2)
2026-06-29 05:38:48,333 [INFO] [67/121] 잠실롯데타워·석촌호수 (primary=KEY_3)
2026-06-29 05:38:49,617 [INFO] [68/121] 창동 신경제 중심지 (primary=KEY_4)
2026-06-29 05:38:51,064 [INFO] [69/121] 청담동 명품거리 (primary=KEY_1)
2026-06-29 05:38:52,758 [INFO] [70/121] 청량리 제기동 일대 전통시장 (primary=KEY_2)
2026-06-29 05:38:53,892 [INFO] [71/121] 해방촌·경리단길 (primary=KEY_3)
2026-06-29 05:38:54,930 [INFO] [72/121] DDP(동대문디자인플라자) (primary=KEY_4)
2026-06-29 05:38:56,076 [INFO] [73/121] DMC(디지털미디어시티) (primary=KEY_1)
2026-06-29 05:38:57,387 [INFO] [74/121] 가산디지털단지역 (primary=KEY_2)
2026-06-29 05:38:58,813 [INFO] [75/121] 강남역 (primary=KEY_3)
2026-06-29 05:39:00,121 [INFO] [76/121] 건대입구역 (primary=KEY_4)
2026-06-29 05:39:01,294 [INFO] [77/121] 고덕역 (primary=KEY_1)
2026-06-29 05:39:02,434 [INFO] [78/121] 고속터미널역 (primary=KEY_2)
2026-06-29 05:39:03,596 [INFO] [79/121] 교대역 (primary=KEY_3)
2026-06-29 05:39:04,637 [INFO] [80/121] 구로디지털단지역 (primary=KEY_4)
2026-06-29 05:39:05,784 [INFO] [81/121] 구로역 (primary=KEY_1)
2026-06-29 05:39:06,770 [INFO] [82/121] 군자역 (primary=KEY_2)
2026-06-29 05:39:07,918 [INFO] [83/121] 대림역 (primary=KEY_3)
2026-06-29 05:39:09,062 [INFO] [84/121] 동대문역 (primary=KEY_4)
2026-06-29 05:39:10,193 [INFO] [85/121] 뚝섬역 (primary=KEY_1)
2026-06-29 05:39:11,320 [INFO] [86/121] 미아사거리역 (primary=KEY_2)
2026-06-29 05:39:12,445 [INFO] [87/121] 발산역 (primary=KEY_3)
2026-06-29 05:39:13,711 [INFO] [88/121] 사당역 (primary=KEY_4)
2026-06-29 05:39:14,842 [INFO] [89/121] 삼각지역 (primary=KEY_1)
2026-06-29 05:39:15,835 [INFO] [90/121] 서울대입구역 (primary=KEY_2)
2026-06-29 05:39:16,836 [INFO] [91/121] 서울식물원·마곡나루역 (primary=KEY_3)
2026-06-29 05:39:17,968 [INFO] [92/121] 서울역 (primary=KEY_4)
2026-06-29 05:39:19,294 [INFO] [93/121] 선릉역 (primary=KEY_1)
2026-06-29 05:39:20,599 [INFO] [94/121] 성신여대입구역 (primary=KEY_2)
2026-06-29 05:39:21,603 [INFO] [95/121] 수유역 (primary=KEY_3)
2026-06-29 05:39:22,719 [INFO] [96/121] 숭례문 (primary=KEY_4)
2026-06-29 05:39:23,861 [INFO] [97/121] 시의회 앞 (primary=KEY_1)
2026-06-29 05:39:25,007 [INFO] [98/121] 신논현역·논현역 (primary=KEY_2)
2026-06-29 05:39:26,162 [INFO] [99/121] 신도림역 (primary=KEY_3)
2026-06-29 05:39:27,162 [INFO] [100/121] 신림역 (primary=KEY_4)
2026-06-29 05:39:28,153 [INFO] [101/121] 신정네거리역 (primary=KEY_1)
2026-06-29 05:39:29,297 [INFO] [102/121] 신촌·이대역 (primary=KEY_2)
2026-06-29 05:39:30,433 [INFO] [103/121] 쌍문역 (primary=KEY_3)
2026-06-29 05:39:31,431 [INFO] [104/121] 양재역 (primary=KEY_4)
2026-06-29 05:39:32,572 [INFO] [105/121] 역삼역 (primary=KEY_1)
2026-06-29 05:39:33,701 [INFO] [106/121] 연신내역 (primary=KEY_2)
2026-06-29 05:39:34,785 [INFO] [107/121] 오목교역·목동운동장 (primary=KEY_3)
2026-06-29 05:39:36,197 [INFO] [108/121] 왕십리역 (primary=KEY_4)
2026-06-29 05:39:37,354 [INFO] [109/121] 용산역 (primary=KEY_1)
2026-06-29 05:39:38,642 [INFO] [110/121] 이태원역 (primary=KEY_2)
2026-06-29 05:39:39,637 [INFO] [111/121] 잠실새내역 (primary=KEY_3)
2026-06-29 05:39:40,764 [INFO] [112/121] 잠실역 (primary=KEY_4)
2026-06-29 05:39:41,924 [INFO] [113/121] 장지역 (primary=KEY_1)
2026-06-29 05:39:43,276 [INFO] [114/121] 장한평역 (primary=KEY_2)
2026-06-29 05:39:44,420 [INFO] [115/121] 천호역 (primary=KEY_3)
2026-06-29 05:39:45,574 [INFO] [116/121] 총신대입구(이수)역 (primary=KEY_4)
2026-06-29 05:39:46,696 [INFO] [117/121] 충정로역 (primary=KEY_1)
2026-06-29 05:39:47,829 [INFO] [118/121] 합정역 (primary=KEY_2)
2026-06-29 05:39:48,974 [INFO] [119/121] 혜화역 (primary=KEY_3)
2026-06-29 05:39:50,098 [INFO] [120/121] 홍대입구역(2호선) (primary=KEY_4)
2026-06-29 05:39:51,244 [INFO] [121/121] 회기역 (primary=KEY_1)
2026-06-29 05:39:53,706 [INFO] === 수집 완료 | 성공 121, 실패 0 ===
2026-06-29 05:39:53,706 [INFO] 카테고리별 저장 결과:
2026-06-29 05:39:53,706 [INFO]    accident                  | 신규     4행 | 누적     20행 | 16컬럼
2026-06-29 05:39:53,706 [INFO]    area_meta                 | 신규   121행 | 누적    726행 | 5컬럼
2026-06-29 05:39:53,706 [INFO]    bike                      | 신규    12행 | 누적     72행 | 12컬럼
2026-06-29 05:39:53,706 [INFO]    bike_sbike_stts           | 신규   555행 | 누적   3330행 | 12컬럼
2026-06-29 05:39:53,706 [INFO]    bus                       | 신규     3행 | 누적     18행 | 11컬럼
2026-06-29 05:39:53,707 [INFO]    bus_bus_stn_stts          | 신규  1745행 | 누적  10470행 | 11컬럼
2026-06-29 05:39:53,707 [INFO]    charger                   | 신규     9행 | 누적     78행 | 15컬럼
2026-06-29 05:39:53,707 [INFO]    charger_charger_stts      | 신규  1039행 | 누적   6226행 | 15컬럼
2026-06-29 05:39:53,707 [INFO]    cmrcl                     | 신규    82행 | 누적    492행 | 20컬럼
2026-06-29 05:39:53,707 [INFO]    events                    | 신규     8행 | 누적     53행 | 14컬럼
2026-06-29 05:39:53,707 [INFO]    events_event_stts         | 신규   132행 | 누적    802행 | 14컬럼
2026-06-29 05:39:53,707 [INFO]    parking                   | 신규     6행 | 누적     36행 | 21컬럼
2026-06-29 05:39:53,707 [INFO]    parking_prk_stts          | 신규  1833행 | 누적  10998행 | 21컬럼
2026-06-29 05:39:53,707 [INFO]    ppltn                     | 신규   121행 | 누적    725행 | 26컬럼
2026-06-29 05:39:53,707 [INFO]    road                      | 신규   121행 | 누적    726행 | 21컬럼
2026-06-29 05:39:53,707 [INFO]    road_road_traffic_stts    | 신규  5260행 | 누적  31560행 | 17컬럼
2026-06-29 05:39:53,707 [INFO]    subway                    | 신규    38행 | 누적    228행 | 13컬럼
2026-06-29 05:39:53,707 [INFO]    subway_sub_stts           | 신규   183행 | 누적   1098행 | 13컬럼
2026-06-29 05:39:53,707 [INFO]    weather                   | 신규   119행 | 누적    714행 | 29컬럼
2026-06-29 05:39:53,707 [INFO] 키별 사용량:
2026-06-29 05:39:53,707 [INFO]    🟢 KEY_1 (31/1000) 
2026-06-29 05:39:53,707 [INFO]    🟢 KEY_2 (30/1000) 
2026-06-29 05:39:53,708 [INFO]    🟢 KEY_3 (30/1000) 
2026-06-29 05:39:53,708 [INFO]    🟢 KEY_4 (30/1000) 
2026-06-29 06:32:19,505 [INFO] 등록된 키: 4개, 합산 한도 4,000건/일
2026-06-29 06:32:19,506 [INFO] POI 로드: 매뉴얼 v8.5 기준 fallback 121개 (121개 전체)
2026-06-29 06:32:19,506 [INFO] === 수집 시작 2026-06-29T06:32:19.506577+09:00 ===
2026-06-29 06:32:19,506 [INFO] 대상 장소: 121개 | API: citydata (통합)
2026-06-29 06:32:19,506 [INFO] 키 풀: 4/4 활성 | 오늘 사용 0/4000건
2026-06-29 06:32:19,506 [INFO]   [KEY_1] 담당 31장소
2026-06-29 06:32:19,506 [INFO]   [KEY_2] 담당 30장소
2026-06-29 06:32:19,506 [INFO]   [KEY_3] 담당 30장소
2026-06-29 06:32:19,506 [INFO]   [KEY_4] 담당 30장소
2026-06-29 06:32:19,506 [INFO] [1/121] 경복궁 (primary=KEY_1)
2026-06-29 06:32:21,540 [INFO] [2/121] 광화문·덕수궁 (primary=KEY_2)
2026-06-29 06:32:23,761 [INFO] [3/121] 보신각 (primary=KEY_3)
2026-06-29 06:32:26,281 [INFO] [4/121] 서울 암사동 유적 (primary=KEY_4)
2026-06-29 06:32:28,137 [INFO] [5/121] 창덕궁·종묘 (primary=KEY_1)
2026-06-29 06:32:29,992 [INFO] [6/121] 강남 MICE 관광특구 (primary=KEY_2)
2026-06-29 06:32:31,721 [INFO] [7/121] 동대문 관광특구 (primary=KEY_3)
2026-06-29 06:32:33,353 [INFO] [8/121] 명동 관광특구 (primary=KEY_4)
2026-06-29 06:32:35,925 [INFO] [9/121] 이태원 관광특구 (primary=KEY_1)
2026-06-29 06:32:37,168 [INFO] [10/121] 잠실 관광특구 (primary=KEY_2)
2026-06-29 06:32:39,567 [INFO] [11/121] 종로·청계 관광특구 (primary=KEY_3)
2026-06-29 06:32:41,811 [INFO] [12/121] 홍대 관광특구 (primary=KEY_4)
2026-06-29 06:32:44,194 [INFO] [13/121] 강서한강공원 (primary=KEY_1)
2026-06-29 06:32:45,246 [INFO] [14/121] 고척돔 (primary=KEY_2)
2026-06-29 06:32:47,107 [INFO] [15/121] 광나루한강공원 (primary=KEY_3)
2026-06-29 06:32:48,323 [INFO] [16/121] 광화문광장 (primary=KEY_4)
2026-06-29 06:32:49,550 [INFO] [17/121] 국립중앙박물관·용산가족공원 (primary=KEY_1)
2026-06-29 06:32:51,266 [INFO] [18/121] 난지한강공원 (primary=KEY_2)
2026-06-29 06:32:52,318 [INFO] [19/121] 남산공원 (primary=KEY_3)
2026-06-29 06:32:54,300 [INFO] [20/121] 노들섬 (primary=KEY_4)
2026-06-29 06:32:55,350 [INFO] [21/121] 뚝섬한강공원 (primary=KEY_1)
2026-06-29 06:32:57,048 [INFO] [22/121] 망원한강공원 (primary=KEY_2)
2026-06-29 06:32:58,272 [INFO] [23/121] 반포한강공원 (primary=KEY_3)
2026-06-29 06:32:59,972 [INFO] [24/121] 보라매공원 (primary=KEY_4)
2026-06-29 06:33:01,707 [INFO] [25/121] 북서울꿈의숲 (primary=KEY_1)
2026-06-29 06:33:02,770 [INFO] [26/121] 서대문독립공원 (primary=KEY_2)
2026-06-29 06:33:03,822 [INFO] [27/121] 서리풀공원·몽마르뜨공원 (primary=KEY_3)
2026-06-29 06:33:05,060 [INFO] [28/121] 서울대공원 (primary=KEY_4)
2026-06-29 06:33:06,096 [INFO] [29/121] 서울숲공원 (primary=KEY_1)
2026-06-29 06:33:08,298 [INFO] [30/121] 송현녹지광장 (primary=KEY_2)
2026-06-29 06:33:10,323 [INFO] [31/121] 아차산 (primary=KEY_3)
2026-06-29 06:33:11,368 [INFO] [32/121] 안양천 (primary=KEY_4)
2026-06-29 06:33:12,415 [INFO] [33/121] 양화한강공원 (primary=KEY_1)
2026-06-29 06:33:13,456 [INFO] [34/121] 어린이대공원 (primary=KEY_2)
2026-06-29 06:33:14,520 [INFO] [35/121] 여의도한강공원 (primary=KEY_3)
2026-06-29 06:33:15,733 [INFO] [36/121] 여의서로 (primary=KEY_4)
2026-06-29 06:33:17,590 [INFO] [37/121] 올림픽공원 (primary=KEY_1)
2026-06-29 06:33:19,475 [INFO] [38/121] 월드컵공원 (primary=KEY_2)
2026-06-29 06:33:20,898 [INFO] [39/121] 응봉산 (primary=KEY_3)
2026-06-29 06:33:22,109 [INFO] [40/121] 이촌한강공원 (primary=KEY_4)
2026-06-29 06:33:23,163 [INFO] [41/121] 잠실종합운동장 (primary=KEY_1)
2026-06-29 06:33:24,218 [INFO] [42/121] 잠실한강공원 (primary=KEY_2)
2026-06-29 06:33:25,282 [INFO] [43/121] 잠원한강공원 (primary=KEY_3)
2026-06-29 06:33:26,326 [INFO] [44/121] 청계산 (primary=KEY_4)
2026-06-29 06:33:27,376 [INFO] [45/121] 홍제폭포 (primary=KEY_1)
2026-06-29 06:33:28,423 [INFO] [46/121] 가락시장 (primary=KEY_2)
2026-06-29 06:33:29,653 [INFO] [47/121] 가로수길 (primary=KEY_3)
2026-06-29 06:33:30,903 [INFO] [48/121] 광장(전통)시장 (primary=KEY_4)
2026-06-29 06:33:31,975 [INFO] [49/121] 김포공항 (primary=KEY_1)
2026-06-29 06:33:33,907 [INFO] [50/121] 남대문시장 (primary=KEY_2)
2026-06-29 06:33:35,062 [INFO] [51/121] 노량진 (primary=KEY_3)
2026-06-29 06:33:36,324 [INFO] [52/121] 덕수궁길·정동길 (primary=KEY_4)
2026-06-29 06:33:37,622 [INFO] [53/121] 북창동 먹자골목 (primary=KEY_1)
2026-06-29 06:33:38,678 [INFO] [54/121] 북촌한옥마을 (primary=KEY_2)
2026-06-29 06:33:39,913 [INFO] [55/121] 서촌 (primary=KEY_3)
2026-06-29 06:33:41,135 [INFO] [56/121] 성수카페거리 (primary=KEY_4)
2026-06-29 06:33:42,378 [INFO] [57/121] 송리단길·호수단길 (primary=KEY_1)
2026-06-29 06:33:43,637 [INFO] [58/121] 신촌 스타광장 (primary=KEY_2)
2026-06-29 06:33:44,713 [INFO] [59/121] 압구정로데오거리 (primary=KEY_3)
2026-06-29 06:33:45,966 [INFO] [60/121] 여의도 (primary=KEY_4)
2026-06-29 06:33:47,759 [INFO] [61/121] 연남동 (primary=KEY_1)
2026-06-29 06:33:48,980 [INFO] [62/121] 영등포 타임스퀘어 (primary=KEY_2)
2026-06-29 06:33:50,205 [INFO] [63/121] 용리단길 (primary=KEY_3)
2026-06-29 06:33:51,302 [INFO] [64/121] 이태원 앤틱가구거리 (primary=KEY_4)
2026-06-29 06:33:52,381 [INFO] [65/121] 익선동 (primary=KEY_1)
2026-06-29 06:33:53,663 [INFO] [66/121] 인사동 (primary=KEY_2)
2026-06-29 06:33:54,913 [INFO] [67/121] 잠실롯데타워·석촌호수 (primary=KEY_3)
2026-06-29 06:33:56,186 [INFO] [68/121] 창동 신경제 중심지 (primary=KEY_4)
2026-06-29 06:33:57,612 [INFO] [69/121] 청담동 명품거리 (primary=KEY_1)
2026-06-29 06:33:58,859 [INFO] [70/121] 청량리 제기동 일대 전통시장 (primary=KEY_2)
2026-06-29 06:34:00,121 [INFO] [71/121] 해방촌·경리단길 (primary=KEY_3)
2026-06-29 06:34:01,172 [INFO] [72/121] DDP(동대문디자인플라자) (primary=KEY_4)
2026-06-29 06:34:02,456 [INFO] [73/121] DMC(디지털미디어시티) (primary=KEY_1)
2026-06-29 06:34:03,882 [INFO] [74/121] 가산디지털단지역 (primary=KEY_2)
2026-06-29 06:34:05,276 [INFO] [75/121] 강남역 (primary=KEY_3)
2026-06-29 06:34:06,711 [INFO] [76/121] 건대입구역 (primary=KEY_4)
2026-06-29 06:34:07,946 [INFO] [77/121] 고덕역 (primary=KEY_1)
2026-06-29 06:34:09,164 [INFO] [78/121] 고속터미널역 (primary=KEY_2)
2026-06-29 06:34:10,246 [INFO] [79/121] 교대역 (primary=KEY_3)
2026-06-29 06:34:11,320 [INFO] [80/121] 구로디지털단지역 (primary=KEY_4)
2026-06-29 06:34:12,560 [INFO] [81/121] 구로역 (primary=KEY_1)
2026-06-29 06:34:13,615 [INFO] [82/121] 군자역 (primary=KEY_2)
2026-06-29 06:34:14,861 [INFO] [83/121] 대림역 (primary=KEY_3)
2026-06-29 06:34:16,099 [INFO] [84/121] 동대문역 (primary=KEY_4)
2026-06-29 06:34:17,326 [INFO] [85/121] 뚝섬역 (primary=KEY_1)
2026-06-29 06:34:18,553 [INFO] [86/121] 미아사거리역 (primary=KEY_2)
2026-06-29 06:34:19,785 [INFO] [87/121] 발산역 (primary=KEY_3)
2026-06-29 06:34:21,188 [INFO] [88/121] 사당역 (primary=KEY_4)
2026-06-29 06:34:22,427 [INFO] [89/121] 삼각지역 (primary=KEY_1)
2026-06-29 06:34:23,511 [INFO] [90/121] 서울대입구역 (primary=KEY_2)
2026-06-29 06:34:24,585 [INFO] [91/121] 서울식물원·마곡나루역 (primary=KEY_3)
2026-06-29 06:34:25,814 [INFO] [92/121] 서울역 (primary=KEY_4)
2026-06-29 06:34:27,096 [INFO] [93/121] 선릉역 (primary=KEY_1)
2026-06-29 06:34:28,523 [INFO] [94/121] 성신여대입구역 (primary=KEY_2)
2026-06-29 06:34:29,604 [INFO] [95/121] 수유역 (primary=KEY_3)
2026-06-29 06:34:30,837 [INFO] [96/121] 숭례문 (primary=KEY_4)
2026-06-29 06:34:32,113 [INFO] [97/121] 시의회 앞 (primary=KEY_1)
2026-06-29 06:34:33,352 [INFO] [98/121] 신논현역·논현역 (primary=KEY_2)
2026-06-29 06:34:34,610 [INFO] [99/121] 신도림역 (primary=KEY_3)
2026-06-29 06:34:35,689 [INFO] [100/121] 신림역 (primary=KEY_4)
2026-06-29 06:34:36,772 [INFO] [101/121] 신정네거리역 (primary=KEY_1)
2026-06-29 06:34:37,843 [INFO] [102/121] 신촌·이대역 (primary=KEY_2)
2026-06-29 06:34:39,074 [INFO] [103/121] 쌍문역 (primary=KEY_3)
2026-06-29 06:34:40,153 [INFO] [104/121] 양재역 (primary=KEY_4)
2026-06-29 06:34:41,423 [INFO] [105/121] 역삼역 (primary=KEY_1)
2026-06-29 06:34:42,658 [INFO] [106/121] 연신내역 (primary=KEY_2)
2026-06-29 06:34:43,755 [INFO] [107/121] 오목교역·목동운동장 (primary=KEY_3)
2026-06-29 06:34:45,165 [INFO] [108/121] 왕십리역 (primary=KEY_4)
2026-06-29 06:34:47,030 [INFO] [109/121] 용산역 (primary=KEY_1)
2026-06-29 06:34:48,912 [INFO] [110/121] 이태원역 (primary=KEY_2)
2026-06-29 06:34:50,939 [INFO] [111/121] 잠실새내역 (primary=KEY_3)
2026-06-29 06:34:52,962 [INFO] [112/121] 잠실역 (primary=KEY_4)
2026-06-29 06:34:54,212 [INFO] [113/121] 장지역 (primary=KEY_1)
2026-06-29 06:34:55,446 [INFO] [114/121] 장한평역 (primary=KEY_2)
2026-06-29 06:34:57,503 [INFO] [115/121] 천호역 (primary=KEY_3)
2026-06-29 06:34:59,459 [INFO] [116/121] 총신대입구(이수)역 (primary=KEY_4)
2026-06-29 06:35:01,644 [INFO] [117/121] 충정로역 (primary=KEY_1)
2026-06-29 06:35:03,526 [INFO] [118/121] 합정역 (primary=KEY_2)
2026-06-29 06:35:04,748 [INFO] [119/121] 혜화역 (primary=KEY_3)
2026-06-29 06:35:05,969 [INFO] [120/121] 홍대입구역(2호선) (primary=KEY_4)
2026-06-29 06:35:07,802 [INFO] [121/121] 회기역 (primary=KEY_1)
2026-06-29 06:35:10,965 [INFO] === 수집 완료 | 성공 121, 실패 0 ===
2026-06-29 06:35:10,966 [INFO] 카테고리별 저장 결과:
2026-06-29 06:35:10,966 [INFO]    accident                  | 신규     4행 | 누적     24행 | 16컬럼
2026-06-29 06:35:10,966 [INFO]    area_meta                 | 신규   121행 | 누적    847행 | 5컬럼
2026-06-29 06:35:10,966 [INFO]    bike                      | 신규    12행 | 누적     84행 | 12컬럼
2026-06-29 06:35:10,966 [INFO]    bike_sbike_stts           | 신규   555행 | 누적   3885행 | 12컬럼
2026-06-29 06:35:10,966 [INFO]    bus                       | 신규     3행 | 누적     21행 | 11컬럼
2026-06-29 06:35:10,966 [INFO]    bus_bus_stn_stts          | 신규  1745행 | 누적  12215행 | 11컬럼
2026-06-29 06:35:10,966 [INFO]    charger                   | 신규    25행 | 누적    103행 | 15컬럼
2026-06-29 06:35:10,966 [INFO]    charger_charger_stts      | 신규   340행 | 누적   6564행 | 15컬럼
2026-06-29 06:35:10,966 [INFO]    cmrcl                     | 신규    82행 | 누적    574행 | 20컬럼
2026-06-29 06:35:10,966 [INFO]    events                    | 신규     8행 | 누적     61행 | 14컬럼
2026-06-29 06:35:10,966 [INFO]    events_event_stts         | 신규   132행 | 누적    934행 | 14컬럼
2026-06-29 06:35:10,966 [INFO]    parking                   | 신규     6행 | 누적     42행 | 21컬럼
2026-06-29 06:35:10,966 [INFO]    parking_prk_stts          | 신규  1833행 | 누적  12831행 | 21컬럼
2026-06-29 06:35:10,966 [INFO]    ppltn                     | 신규   121행 | 누적    846행 | 26컬럼
2026-06-29 06:35:10,966 [INFO]    road                      | 신규   121행 | 누적    847행 | 21컬럼
2026-06-29 06:35:10,966 [INFO]    road_road_traffic_stts    | 신규  5260행 | 누적  36820행 | 17컬럼
2026-06-29 06:35:10,966 [INFO]    subway                    | 신규    38행 | 누적    266행 | 13컬럼
2026-06-29 06:35:10,966 [INFO]    subway_sub_stts           | 신규   183행 | 누적   1281행 | 13컬럼
2026-06-29 06:35:10,966 [INFO]    weather                   | 신규   119행 | 누적    833행 | 29컬럼
2026-06-29 06:35:10,966 [INFO] 키별 사용량:
2026-06-29 06:35:10,966 [INFO]    🟢 KEY_1 (31/1000) 
2026-06-29 06:35:10,966 [INFO]    🟢 KEY_2 (30/1000) 
2026-06-29 06:35:10,967 [INFO]    🟢 KEY_3 (30/1000) 
2026-06-29 06:35:10,967 [INFO]    🟢 KEY_4 (30/1000) 
2026-06-29 07:31:29,344 [INFO] 등록된 키: 4개, 합산 한도 4,000건/일
2026-06-29 07:31:29,344 [INFO] POI 로드: 매뉴얼 v8.5 기준 fallback 121개 (121개 전체)
2026-06-29 07:31:29,345 [INFO] === 수집 시작 2026-06-29T07:31:29.345046+09:00 ===
2026-06-29 07:31:29,345 [INFO] 대상 장소: 121개 | API: citydata (통합)
2026-06-29 07:31:29,345 [INFO] 키 풀: 4/4 활성 | 오늘 사용 0/4000건
2026-06-29 07:31:29,345 [INFO]   [KEY_1] 담당 31장소
2026-06-29 07:31:29,345 [INFO]   [KEY_2] 담당 30장소
2026-06-29 07:31:29,345 [INFO]   [KEY_3] 담당 30장소
2026-06-29 07:31:29,345 [INFO]   [KEY_4] 담당 30장소
2026-06-29 07:31:29,345 [INFO] [1/121] 경복궁 (primary=KEY_1)
2026-06-29 07:31:31,327 [INFO] [2/121] 광화문·덕수궁 (primary=KEY_2)
2026-06-29 07:31:33,652 [INFO] [3/121] 보신각 (primary=KEY_3)
2026-06-29 07:31:35,106 [INFO] [4/121] 서울 암사동 유적 (primary=KEY_4)
2026-06-29 07:31:36,899 [INFO] [5/121] 창덕궁·종묘 (primary=KEY_1)
2026-06-29 07:31:38,731 [INFO] [6/121] 강남 MICE 관광특구 (primary=KEY_2)
2026-06-29 07:31:40,013 [INFO] [7/121] 동대문 관광특구 (primary=KEY_3)
2026-06-29 07:31:42,246 [INFO] [8/121] 명동 관광특구 (primary=KEY_4)
2026-06-29 07:31:43,954 [INFO] [9/121] 이태원 관광특구 (primary=KEY_1)
2026-06-29 07:31:45,276 [INFO] [10/121] 잠실 관광특구 (primary=KEY_2)
2026-06-29 07:31:46,968 [INFO] [11/121] 종로·청계 관광특구 (primary=KEY_3)
2026-06-29 07:31:48,473 [INFO] [12/121] 홍대 관광특구 (primary=KEY_4)
2026-06-29 07:31:49,961 [INFO] [13/121] 강서한강공원 (primary=KEY_1)
2026-06-29 07:31:51,758 [INFO] [14/121] 고척돔 (primary=KEY_2)
2026-06-29 07:31:52,852 [INFO] [15/121] 광나루한강공원 (primary=KEY_3)
2026-06-29 07:31:54,680 [INFO] [16/121] 광화문광장 (primary=KEY_4)
2026-06-29 07:31:56,666 [INFO] [17/121] 국립중앙박물관·용산가족공원 (primary=KEY_1)
2026-06-29 07:31:57,762 [INFO] [18/121] 난지한강공원 (primary=KEY_2)
2026-06-29 07:31:59,431 [INFO] [19/121] 남산공원 (primary=KEY_3)
2026-06-29 07:32:01,614 [INFO] [20/121] 노들섬 (primary=KEY_4)
2026-06-29 07:32:03,564 [INFO] [21/121] 뚝섬한강공원 (primary=KEY_1)
2026-06-29 07:32:05,236 [INFO] [22/121] 망원한강공원 (primary=KEY_2)
2026-06-29 07:32:07,226 [INFO] [23/121] 반포한강공원 (primary=KEY_3)
2026-06-29 07:32:09,029 [INFO] [24/121] 보라매공원 (primary=KEY_4)
2026-06-29 07:32:10,822 [INFO] [25/121] 북서울꿈의숲 (primary=KEY_1)
2026-06-29 07:32:12,771 [INFO] [26/121] 서대문독립공원 (primary=KEY_2)
2026-06-29 07:32:13,876 [INFO] [27/121] 서리풀공원·몽마르뜨공원 (primary=KEY_3)
2026-06-29 07:32:15,178 [INFO] [28/121] 서울대공원 (primary=KEY_4)
2026-06-29 07:32:16,257 [INFO] [29/121] 서울숲공원 (primary=KEY_1)
2026-06-29 07:32:18,223 [INFO] [30/121] 송현녹지광장 (primary=KEY_2)
2026-06-29 07:32:19,511 [INFO] [31/121] 아차산 (primary=KEY_3)
2026-06-29 07:32:21,319 [INFO] [32/121] 안양천 (primary=KEY_4)
2026-06-29 07:32:22,414 [INFO] [33/121] 양화한강공원 (primary=KEY_1)
2026-06-29 07:32:24,198 [INFO] [34/121] 어린이대공원 (primary=KEY_2)
2026-06-29 07:32:25,491 [INFO] [35/121] 여의도한강공원 (primary=KEY_3)
2026-06-29 07:32:27,468 [INFO] [36/121] 여의서로 (primary=KEY_4)
2026-06-29 07:32:29,432 [INFO] [37/121] 올림픽공원 (primary=KEY_1)
2026-06-29 07:32:30,951 [INFO] [38/121] 월드컵공원 (primary=KEY_2)
2026-06-29 07:32:32,424 [INFO] [39/121] 응봉산 (primary=KEY_3)
2026-06-29 07:32:33,681 [INFO] [40/121] 이촌한강공원 (primary=KEY_4)
2026-06-29 07:32:34,767 [INFO] [41/121] 잠실종합운동장 (primary=KEY_1)
2026-06-29 07:32:35,876 [INFO] [42/121] 잠실한강공원 (primary=KEY_2)
2026-06-29 07:32:36,972 [INFO] [43/121] 잠원한강공원 (primary=KEY_3)
2026-06-29 07:32:38,062 [INFO] [44/121] 청계산 (primary=KEY_4)
2026-06-29 07:32:39,838 [INFO] [45/121] 홍제폭포 (primary=KEY_1)
2026-06-29 07:32:40,922 [INFO] [46/121] 가락시장 (primary=KEY_2)
2026-06-29 07:32:42,231 [INFO] [47/121] 가로수길 (primary=KEY_3)
2026-06-29 07:32:43,534 [INFO] [48/121] 광장(전통)시장 (primary=KEY_4)
2026-06-29 07:32:44,635 [INFO] [49/121] 김포공항 (primary=KEY_1)
2026-06-29 07:32:46,117 [INFO] [50/121] 남대문시장 (primary=KEY_2)
2026-06-29 07:32:47,382 [INFO] [51/121] 노량진 (primary=KEY_3)
2026-06-29 07:32:48,669 [INFO] [52/121] 덕수궁길·정동길 (primary=KEY_4)
2026-06-29 07:32:49,958 [INFO] [53/121] 북창동 먹자골목 (primary=KEY_1)
2026-06-29 07:32:51,222 [INFO] [54/121] 북촌한옥마을 (primary=KEY_2)
2026-06-29 07:32:52,681 [INFO] [55/121] 서촌 (primary=KEY_3)
2026-06-29 07:32:53,935 [INFO] [56/121] 성수카페거리 (primary=KEY_4)
2026-06-29 07:32:55,413 [INFO] [57/121] 송리단길·호수단길 (primary=KEY_1)
2026-06-29 07:32:56,709 [INFO] [58/121] 신촌 스타광장 (primary=KEY_2)
2026-06-29 07:32:57,857 [INFO] [59/121] 압구정로데오거리 (primary=KEY_3)
2026-06-29 07:32:59,139 [INFO] [60/121] 여의도 (primary=KEY_4)
2026-06-29 07:33:01,191 [INFO] [61/121] 연남동 (primary=KEY_1)
2026-06-29 07:33:02,452 [INFO] [62/121] 영등포 타임스퀘어 (primary=KEY_2)
2026-06-29 07:33:03,723 [INFO] [63/121] 용리단길 (primary=KEY_3)
2026-06-29 07:33:04,836 [INFO] [64/121] 이태원 앤틱가구거리 (primary=KEY_4)
2026-06-29 07:33:06,109 [INFO] [65/121] 익선동 (primary=KEY_1)
2026-06-29 07:33:07,420 [INFO] [66/121] 인사동 (primary=KEY_2)
2026-06-29 07:33:08,866 [INFO] [67/121] 잠실롯데타워·석촌호수 (primary=KEY_3)
2026-06-29 07:33:10,501 [INFO] [68/121] 창동 신경제 중심지 (primary=KEY_4)
2026-06-29 07:33:12,155 [INFO] [69/121] 청담동 명품거리 (primary=KEY_1)
2026-06-29 07:33:13,473 [INFO] [70/121] 청량리 제기동 일대 전통시장 (primary=KEY_2)
2026-06-29 07:33:14,783 [INFO] [71/121] 해방촌·경리단길 (primary=KEY_3)
2026-06-29 07:33:15,888 [INFO] [72/121] DDP(동대문디자인플라자) (primary=KEY_4)
2026-06-29 07:33:17,212 [INFO] [73/121] DMC(디지털미디어시티) (primary=KEY_1)
2026-06-29 07:33:18,907 [INFO] [74/121] 가산디지털단지역 (primary=KEY_2)
2026-06-29 07:33:20,718 [INFO] [75/121] 강남역 (primary=KEY_3)
2026-06-29 07:33:22,212 [INFO] [76/121] 건대입구역 (primary=KEY_4)
2026-06-29 07:33:23,505 [INFO] [77/121] 고덕역 (primary=KEY_1)
2026-06-29 07:33:24,781 [INFO] [78/121] 고속터미널역 (primary=KEY_2)
2026-06-29 07:33:26,086 [INFO] [79/121] 교대역 (primary=KEY_3)
2026-06-29 07:33:27,368 [INFO] [80/121] 구로디지털단지역 (primary=KEY_4)
2026-06-29 07:33:28,991 [INFO] [81/121] 구로역 (primary=KEY_1)
2026-06-29 07:33:30,250 [INFO] [82/121] 군자역 (primary=KEY_2)
2026-06-29 07:33:31,546 [INFO] [83/121] 대림역 (primary=KEY_3)
2026-06-29 07:33:32,828 [INFO] [84/121] 동대문역 (primary=KEY_4)
2026-06-29 07:33:34,135 [INFO] [85/121] 뚝섬역 (primary=KEY_1)
2026-06-29 07:33:35,440 [INFO] [86/121] 미아사거리역 (primary=KEY_2)
2026-06-29 07:33:36,728 [INFO] [87/121] 발산역 (primary=KEY_3)
2026-06-29 07:33:38,205 [INFO] [88/121] 사당역 (primary=KEY_4)
2026-06-29 07:33:39,498 [INFO] [89/121] 삼각지역 (primary=KEY_1)
2026-06-29 07:33:40,790 [INFO] [90/121] 서울대입구역 (primary=KEY_2)
2026-06-29 07:33:42,070 [INFO] [91/121] 서울식물원·마곡나루역 (primary=KEY_3)
2026-06-29 07:33:43,533 [INFO] [92/121] 서울역 (primary=KEY_4)
2026-06-29 07:33:45,070 [INFO] [93/121] 선릉역 (primary=KEY_1)
2026-06-29 07:33:46,792 [INFO] [94/121] 성신여대입구역 (primary=KEY_2)
2026-06-29 07:33:47,930 [INFO] [95/121] 수유역 (primary=KEY_3)
2026-06-29 07:33:49,209 [INFO] [96/121] 숭례문 (primary=KEY_4)
2026-06-29 07:33:50,703 [INFO] [97/121] 시의회 앞 (primary=KEY_1)
2026-06-29 07:33:51,985 [INFO] [98/121] 신논현역·논현역 (primary=KEY_2)
2026-06-29 07:33:53,335 [INFO] [99/121] 신도림역 (primary=KEY_3)
2026-06-29 07:33:54,459 [INFO] [100/121] 신림역 (primary=KEY_4)
2026-06-29 07:33:55,760 [INFO] [101/121] 신정네거리역 (primary=KEY_1)
2026-06-29 07:33:57,039 [INFO] [102/121] 신촌·이대역 (primary=KEY_2)
2026-06-29 07:33:58,327 [INFO] [103/121] 쌍문역 (primary=KEY_3)
2026-06-29 07:33:59,602 [INFO] [104/121] 양재역 (primary=KEY_4)
2026-06-29 07:34:00,887 [INFO] [105/121] 역삼역 (primary=KEY_1)
2026-06-29 07:34:02,352 [INFO] [106/121] 연신내역 (primary=KEY_2)
2026-06-29 07:34:03,531 [INFO] [107/121] 오목교역·목동운동장 (primary=KEY_3)
2026-06-29 07:34:05,370 [INFO] [108/121] 왕십리역 (primary=KEY_4)
2026-06-29 07:34:06,851 [INFO] [109/121] 용산역 (primary=KEY_1)
2026-06-29 07:34:08,452 [INFO] [110/121] 이태원역 (primary=KEY_2)
2026-06-29 07:34:09,587 [INFO] [111/121] 잠실새내역 (primary=KEY_3)
2026-06-29 07:34:10,855 [INFO] [112/121] 잠실역 (primary=KEY_4)
2026-06-29 07:34:12,315 [INFO] [113/121] 장지역 (primary=KEY_1)
2026-06-29 07:34:13,767 [INFO] [114/121] 장한평역 (primary=KEY_2)
2026-06-29 07:34:15,046 [INFO] [115/121] 천호역 (primary=KEY_3)
2026-06-29 07:34:16,338 [INFO] [116/121] 총신대입구(이수)역 (primary=KEY_4)
2026-06-29 07:34:17,620 [INFO] [117/121] 충정로역 (primary=KEY_1)
2026-06-29 07:34:18,911 [INFO] [118/121] 합정역 (primary=KEY_2)
2026-06-29 07:34:20,196 [INFO] [119/121] 혜화역 (primary=KEY_3)
2026-06-29 07:34:21,470 [INFO] [120/121] 홍대입구역(2호선) (primary=KEY_4)
2026-06-29 07:34:22,760 [INFO] [121/121] 회기역 (primary=KEY_1)
2026-06-29 07:34:25,493 [INFO] === 수집 완료 | 성공 121, 실패 0 ===
2026-06-29 07:34:25,493 [INFO] 카테고리별 저장 결과:
2026-06-29 07:34:25,493 [INFO]    accident                  | 신규     4행 | 누적     28행 | 16컬럼
2026-06-29 07:34:25,494 [INFO]    accident_acdnt_cntrl_stts | 신규     2행 | 누적      2행 | 16컬럼
2026-06-29 07:34:25,494 [INFO]    area_meta                 | 신규   121행 | 누적    968행 | 5컬럼
2026-06-29 07:34:25,494 [INFO]    bike                      | 신규    12행 | 누적     96행 | 12컬럼
2026-06-29 07:34:25,494 [INFO]    bike_sbike_stts           | 신규   555행 | 누적   4440행 | 12컬럼
2026-06-29 07:34:25,494 [INFO]    bus                       | 신규     3행 | 누적     24행 | 11컬럼
2026-06-29 07:34:25,494 [INFO]    bus_bus_stn_stts          | 신규  1745행 | 누적  13960행 | 11컬럼
2026-06-29 07:34:25,494 [INFO]    charger                   | 신규     4행 | 누적    107행 | 15컬럼
2026-06-29 07:34:25,494 [INFO]    charger_charger_stts      | 신규  1915행 | 누적   8464행 | 15컬럼
2026-06-29 07:34:25,494 [INFO]    cmrcl                     | 신규    82행 | 누적    656행 | 20컬럼
2026-06-29 07:34:25,494 [INFO]    events                    | 신규     8행 | 누적     69행 | 14컬럼
2026-06-29 07:34:25,494 [INFO]    events_event_stts         | 신규   132행 | 누적   1066행 | 14컬럼
2026-06-29 07:34:25,494 [INFO]    parking                   | 신규     6행 | 누적     48행 | 21컬럼
2026-06-29 07:34:25,494 [INFO]    parking_prk_stts          | 신규  1833행 | 누적  14664행 | 21컬럼
2026-06-29 07:34:25,494 [INFO]    ppltn                     | 신규   121행 | 누적    967행 | 26컬럼
2026-06-29 07:34:25,494 [INFO]    road                      | 신규   121행 | 누적    968행 | 21컬럼
2026-06-29 07:34:25,494 [INFO]    road_road_traffic_stts    | 신규  5260행 | 누적  42080행 | 17컬럼
2026-06-29 07:34:25,494 [INFO]    subway                    | 신규    38행 | 누적    304행 | 13컬럼
2026-06-29 07:34:25,495 [INFO]    subway_sub_stts           | 신규   183행 | 누적   1464행 | 13컬럼
2026-06-29 07:34:25,495 [INFO]    weather                   | 신규   119행 | 누적    952행 | 29컬럼
2026-06-29 07:34:25,495 [INFO] 키별 사용량:
2026-06-29 07:34:25,495 [INFO]    🟢 KEY_1 (31/1000) 
2026-06-29 07:34:25,495 [INFO]    🟢 KEY_2 (30/1000) 
2026-06-29 07:34:25,495 [INFO]    🟢 KEY_3 (30/1000) 
2026-06-29 07:34:25,495 [INFO]    🟢 KEY_4 (30/1000) 
2026-06-29 08:32:33,536 [INFO] 등록된 키: 4개, 합산 한도 4,000건/일
2026-06-29 08:32:33,537 [INFO] POI 로드: 매뉴얼 v8.5 기준 fallback 121개 (121개 전체)
2026-06-29 08:32:33,537 [INFO] === 수집 시작 2026-06-29T08:32:33.537456+09:00 ===
2026-06-29 08:32:33,537 [INFO] 대상 장소: 121개 | API: citydata (통합)
2026-06-29 08:32:33,537 [INFO] 키 풀: 4/4 활성 | 오늘 사용 0/4000건
2026-06-29 08:32:33,537 [INFO]   [KEY_1] 담당 31장소
2026-06-29 08:32:33,537 [INFO]   [KEY_2] 담당 30장소
2026-06-29 08:32:33,537 [INFO]   [KEY_3] 담당 30장소
2026-06-29 08:32:33,537 [INFO]   [KEY_4] 담당 30장소
2026-06-29 08:32:33,538 [INFO] [1/121] 경복궁 (primary=KEY_1)
2026-06-29 08:32:35,345 [INFO] [2/121] 광화문·덕수궁 (primary=KEY_2)
2026-06-29 08:32:36,622 [INFO] [3/121] 보신각 (primary=KEY_3)
2026-06-29 08:32:38,386 [INFO] [4/121] 서울 암사동 유적 (primary=KEY_4)
2026-06-29 08:32:39,359 [INFO] [5/121] 창덕궁·종묘 (primary=KEY_1)
2026-06-29 08:32:41,002 [INFO] [6/121] 강남 MICE 관광특구 (primary=KEY_2)
2026-06-29 08:32:42,528 [INFO] [7/121] 동대문 관광특구 (primary=KEY_3)
2026-06-29 08:32:44,340 [INFO] [8/121] 명동 관광특구 (primary=KEY_4)
2026-06-29 08:32:46,365 [INFO] [9/121] 이태원 관광특구 (primary=KEY_1)
2026-06-29 08:32:48,030 [INFO] [10/121] 잠실 관광특구 (primary=KEY_2)
2026-06-29 08:32:49,343 [INFO] [11/121] 종로·청계 관광특구 (primary=KEY_3)
2026-06-29 08:32:51,176 [INFO] [12/121] 홍대 관광특구 (primary=KEY_4)
2026-06-29 08:32:52,601 [INFO] [13/121] 강서한강공원 (primary=KEY_1)
2026-06-29 08:32:53,559 [INFO] [14/121] 고척돔 (primary=KEY_2)
2026-06-29 08:32:54,526 [INFO] [15/121] 광나루한강공원 (primary=KEY_3)
2026-06-29 08:32:55,765 [INFO] [16/121] 광화문광장 (primary=KEY_4)
2026-06-29 08:32:56,871 [INFO] [17/121] 국립중앙박물관·용산가족공원 (primary=KEY_1)
2026-06-29 08:32:57,849 [INFO] [18/121] 난지한강공원 (primary=KEY_2)
2026-06-29 08:32:58,818 [INFO] [19/121] 남산공원 (primary=KEY_3)
2026-06-29 08:33:00,094 [INFO] [20/121] 노들섬 (primary=KEY_4)
2026-06-29 08:33:01,055 [INFO] [21/121] 뚝섬한강공원 (primary=KEY_1)
2026-06-29 08:33:02,034 [INFO] [22/121] 망원한강공원 (primary=KEY_2)
2026-06-29 08:33:03,940 [INFO] [23/121] 반포한강공원 (primary=KEY_3)
2026-06-29 08:33:04,900 [INFO] [24/121] 보라매공원 (primary=KEY_4)
2026-06-29 08:33:05,918 [INFO] [25/121] 북서울꿈의숲 (primary=KEY_1)
2026-06-29 08:33:06,883 [INFO] [26/121] 서대문독립공원 (primary=KEY_2)
2026-06-29 08:33:07,875 [INFO] [27/121] 서리풀공원·몽마르뜨공원 (primary=KEY_3)
2026-06-29 08:33:09,007 [INFO] [28/121] 서울대공원 (primary=KEY_4)
2026-06-29 08:33:09,970 [INFO] [29/121] 서울숲공원 (primary=KEY_1)
2026-06-29 08:33:11,075 [INFO] [30/121] 송현녹지광장 (primary=KEY_2)
2026-06-29 08:33:12,175 [INFO] [31/121] 아차산 (primary=KEY_3)
2026-06-29 08:33:13,132 [INFO] [32/121] 안양천 (primary=KEY_4)
2026-06-29 08:33:14,113 [INFO] [33/121] 양화한강공원 (primary=KEY_1)
2026-06-29 08:33:15,076 [INFO] [34/121] 어린이대공원 (primary=KEY_2)
2026-06-29 08:33:16,069 [INFO] [35/121] 여의도한강공원 (primary=KEY_3)
2026-06-29 08:33:17,190 [INFO] [36/121] 여의서로 (primary=KEY_4)
2026-06-29 08:33:18,199 [INFO] [37/121] 올림픽공원 (primary=KEY_1)
2026-06-29 08:33:19,342 [INFO] [38/121] 월드컵공원 (primary=KEY_2)
2026-06-29 08:33:20,601 [INFO] [39/121] 응봉산 (primary=KEY_3)
2026-06-29 08:33:21,722 [INFO] [40/121] 이촌한강공원 (primary=KEY_4)
2026-06-29 08:33:22,694 [INFO] [41/121] 잠실종합운동장 (primary=KEY_1)
2026-06-29 08:33:23,672 [INFO] [42/121] 잠실한강공원 (primary=KEY_2)
2026-06-29 08:33:25,445 [INFO] [43/121] 잠원한강공원 (primary=KEY_3)
2026-06-29 08:33:26,419 [INFO] [44/121] 청계산 (primary=KEY_4)
2026-06-29 08:33:27,376 [INFO] [45/121] 홍제폭포 (primary=KEY_1)
2026-06-29 08:33:28,340 [INFO] [46/121] 가락시장 (primary=KEY_2)
2026-06-29 08:33:29,488 [INFO] [47/121] 가로수길 (primary=KEY_3)
2026-06-29 08:33:30,627 [INFO] [48/121] 광장(전통)시장 (primary=KEY_4)
2026-06-29 08:33:31,602 [INFO] [49/121] 김포공항 (primary=KEY_1)
2026-06-29 08:33:32,737 [INFO] [50/121] 남대문시장 (primary=KEY_2)
2026-06-29 08:33:33,726 [INFO] [51/121] 노량진 (primary=KEY_3)
2026-06-29 08:33:34,859 [INFO] [52/121] 덕수궁길·정동길 (primary=KEY_4)
2026-06-29 08:33:36,062 [INFO] [53/121] 북창동 먹자골목 (primary=KEY_1)
2026-06-29 08:33:37,585 [INFO] [54/121] 북촌한옥마을 (primary=KEY_2)
2026-06-29 08:33:38,702 [INFO] [55/121] 서촌 (primary=KEY_3)
2026-06-29 08:33:39,807 [INFO] [56/121] 성수카페거리 (primary=KEY_4)
2026-06-29 08:33:40,934 [INFO] [57/121] 송리단길·호수단길 (primary=KEY_1)
2026-06-29 08:33:42,092 [INFO] [58/121] 신촌 스타광장 (primary=KEY_2)
2026-06-29 08:33:43,080 [INFO] [59/121] 압구정로데오거리 (primary=KEY_3)
2026-06-29 08:33:44,209 [INFO] [60/121] 여의도 (primary=KEY_4)
2026-06-29 08:33:45,843 [INFO] [61/121] 연남동 (primary=KEY_1)
2026-06-29 08:33:46,948 [INFO] [62/121] 영등포 타임스퀘어 (primary=KEY_2)
2026-06-29 08:33:48,054 [INFO] [63/121] 용리단길 (primary=KEY_3)
2026-06-29 08:33:49,050 [INFO] [64/121] 이태원 앤틱가구거리 (primary=KEY_4)
2026-06-29 08:33:50,048 [INFO] [65/121] 익선동 (primary=KEY_1)
2026-06-29 08:33:51,195 [INFO] [66/121] 인사동 (primary=KEY_2)
2026-06-29 08:33:52,342 [INFO] [67/121] 잠실롯데타워·석촌호수 (primary=KEY_3)
2026-06-29 08:33:53,485 [INFO] [68/121] 창동 신경제 중심지 (primary=KEY_4)
2026-06-29 08:33:54,752 [INFO] [69/121] 청담동 명품거리 (primary=KEY_1)
2026-06-29 08:33:55,873 [INFO] [70/121] 청량리 제기동 일대 전통시장 (primary=KEY_2)
2026-06-29 08:33:57,003 [INFO] [71/121] 해방촌·경리단길 (primary=KEY_3)
2026-06-29 08:33:57,992 [INFO] [72/121] DDP(동대문디자인플라자) (primary=KEY_4)
2026-06-29 08:33:59,200 [INFO] [73/121] DMC(디지털미디어시티) (primary=KEY_1)
2026-06-29 08:34:00,494 [INFO] [74/121] 가산디지털단지역 (primary=KEY_2)
2026-06-29 08:34:01,754 [INFO] [75/121] 강남역 (primary=KEY_3)
2026-06-29 08:34:03,062 [INFO] [76/121] 건대입구역 (primary=KEY_4)
2026-06-29 08:34:04,200 [INFO] [77/121] 고덕역 (primary=KEY_1)
2026-06-29 08:34:05,327 [INFO] [78/121] 고속터미널역 (primary=KEY_2)
2026-06-29 08:34:06,323 [INFO] [79/121] 교대역 (primary=KEY_3)
2026-06-29 08:34:07,315 [INFO] [80/121] 구로디지털단지역 (primary=KEY_4)
2026-06-29 08:34:08,438 [INFO] [81/121] 구로역 (primary=KEY_1)
2026-06-29 08:34:09,415 [INFO] [82/121] 군자역 (primary=KEY_2)
2026-06-29 08:34:10,533 [INFO] [83/121] 대림역 (primary=KEY_3)
2026-06-29 08:34:11,657 [INFO] [84/121] 동대문역 (primary=KEY_4)
2026-06-29 08:34:12,796 [INFO] [85/121] 뚝섬역 (primary=KEY_1)
2026-06-29 08:34:13,919 [INFO] [86/121] 미아사거리역 (primary=KEY_2)
2026-06-29 08:34:15,030 [INFO] [87/121] 발산역 (primary=KEY_3)
2026-06-29 08:34:16,282 [INFO] [88/121] 사당역 (primary=KEY_4)
2026-06-29 08:34:17,429 [INFO] [89/121] 삼각지역 (primary=KEY_1)
2026-06-29 08:34:18,420 [INFO] [90/121] 서울대입구역 (primary=KEY_2)
2026-06-29 08:34:19,425 [INFO] [91/121] 서울식물원·마곡나루역 (primary=KEY_3)
2026-06-29 08:34:20,556 [INFO] [92/121] 서울역 (primary=KEY_4)
2026-06-29 08:34:21,713 [INFO] [93/121] 선릉역 (primary=KEY_1)
2026-06-29 08:34:23,065 [INFO] [94/121] 성신여대입구역 (primary=KEY_2)
2026-06-29 08:34:24,110 [INFO] [95/121] 수유역 (primary=KEY_3)
2026-06-29 08:34:25,230 [INFO] [96/121] 숭례문 (primary=KEY_4)
2026-06-29 08:34:26,439 [INFO] [97/121] 시의회 앞 (primary=KEY_1)
2026-06-29 08:34:27,588 [INFO] [98/121] 신논현역·논현역 (primary=KEY_2)
2026-06-29 08:34:28,760 [INFO] [99/121] 신도림역 (primary=KEY_3)
2026-06-29 08:34:29,750 [INFO] [100/121] 신림역 (primary=KEY_4)
2026-06-29 08:34:30,749 [INFO] [101/121] 신정네거리역 (primary=KEY_1)
2026-06-29 08:34:31,737 [INFO] [102/121] 신촌·이대역 (primary=KEY_2)
2026-06-29 08:34:32,892 [INFO] [103/121] 쌍문역 (primary=KEY_3)
2026-06-29 08:34:33,884 [INFO] [104/121] 양재역 (primary=KEY_4)
2026-06-29 08:34:35,002 [INFO] [105/121] 역삼역 (primary=KEY_1)
2026-06-29 08:34:36,133 [INFO] [106/121] 연신내역 (primary=KEY_2)
2026-06-29 08:34:37,141 [INFO] [107/121] 오목교역·목동운동장 (primary=KEY_3)
2026-06-29 08:34:38,420 [INFO] [108/121] 왕십리역 (primary=KEY_4)
2026-06-29 08:34:39,653 [INFO] [109/121] 용산역 (primary=KEY_1)
2026-06-29 08:34:40,773 [INFO] [110/121] 이태원역 (primary=KEY_2)
2026-06-29 08:34:41,757 [INFO] [111/121] 잠실새내역 (primary=KEY_3)
2026-06-29 08:34:42,870 [INFO] [112/121] 잠실역 (primary=KEY_4)
2026-06-29 08:34:43,995 [INFO] [113/121] 장지역 (primary=KEY_1)
2026-06-29 08:34:45,114 [INFO] [114/121] 장한평역 (primary=KEY_2)
2026-06-29 08:34:46,246 [INFO] [115/121] 천호역 (primary=KEY_3)
2026-06-29 08:34:47,449 [INFO] [116/121] 총신대입구(이수)역 (primary=KEY_4)
2026-06-29 08:34:48,581 [INFO] [117/121] 충정로역 (primary=KEY_1)
2026-06-29 08:34:49,694 [INFO] [118/121] 합정역 (primary=KEY_2)
2026-06-29 08:34:50,873 [INFO] [119/121] 혜화역 (primary=KEY_3)
2026-06-29 08:34:52,008 [INFO] [120/121] 홍대입구역(2호선) (primary=KEY_4)
2026-06-29 08:34:53,015 [INFO] [121/121] 회기역 (primary=KEY_1)
2026-06-29 08:34:55,855 [INFO] === 수집 완료 | 성공 121, 실패 0 ===
2026-06-29 08:34:55,855 [INFO] 카테고리별 저장 결과:
2026-06-29 08:34:55,855 [INFO]    accident                  | 신규     3행 | 누적     31행 | 16컬럼
2026-06-29 08:34:55,855 [INFO]    accident_acdnt_cntrl_stts | 신규     2행 | 누적      4행 | 16컬럼
2026-06-29 08:34:55,855 [INFO]    area_meta                 | 신규   121행 | 누적   1089행 | 5컬럼
2026-06-29 08:34:55,855 [INFO]    bike                      | 신규    12행 | 누적    108행 | 12컬럼
2026-06-29 08:34:55,855 [INFO]    bike_sbike_stts           | 신규   555행 | 누적   4995행 | 12컬럼
2026-06-29 08:34:55,855 [INFO]    bus                       | 신규     3행 | 누적     27행 | 11컬럼
2026-06-29 08:34:55,855 [INFO]    bus_bus_stn_stts          | 신규  1745행 | 누적  15705행 | 11컬럼
2026-06-29 08:34:55,855 [INFO]    charger                   | 신규    25행 | 누적    132행 | 15컬럼
2026-06-29 08:34:55,855 [INFO]    charger_charger_stts      | 신규   340행 | 누적   8802행 | 15컬럼
2026-06-29 08:34:55,855 [INFO]    cmrcl                     | 신규    82행 | 누적    738행 | 20컬럼
2026-06-29 08:34:55,855 [INFO]    events                    | 신규     8행 | 누적     77행 | 14컬럼
2026-06-29 08:34:55,856 [INFO]    events_event_stts         | 신규   132행 | 누적   1198행 | 14컬럼
2026-06-29 08:34:55,856 [INFO]    parking                   | 신규     6행 | 누적     54행 | 21컬럼
2026-06-29 08:34:55,856 [INFO]    parking_prk_stts          | 신규  1833행 | 누적  16497행 | 21컬럼
2026-06-29 08:34:55,856 [INFO]    ppltn                     | 신규   121행 | 누적   1088행 | 26컬럼
2026-06-29 08:34:55,856 [INFO]    road                      | 신규   121행 | 누적   1089행 | 21컬럼
2026-06-29 08:34:55,856 [INFO]    road_road_traffic_stts    | 신규  5260행 | 누적  47340행 | 17컬럼
2026-06-29 08:34:55,856 [INFO]    subway                    | 신규    38행 | 누적    342행 | 13컬럼
2026-06-29 08:34:55,856 [INFO]    subway_sub_stts           | 신규   183행 | 누적   1647행 | 13컬럼
2026-06-29 08:34:55,856 [INFO]    weather                   | 신규   119행 | 누적   1071행 | 29컬럼
2026-06-29 08:34:55,856 [INFO] 키별 사용량:
2026-06-29 08:34:55,856 [INFO]    🟢 KEY_1 (31/1000) 
2026-06-29 08:34:55,856 [INFO]    🟢 KEY_2 (30/1000) 
2026-06-29 08:34:55,856 [INFO]    🟢 KEY_3 (30/1000) 
2026-06-29 08:34:55,856 [INFO]    🟢 KEY_4 (30/1000) 
2026-06-29 10:21:22,288 [INFO] 등록된 키: 4개, 합산 한도 4,000건/일
2026-06-29 10:21:22,289 [INFO] POI 로드: 매뉴얼 v8.5 기준 fallback 121개 (121개 전체)
2026-06-29 10:21:22,289 [INFO] === 수집 시작 2026-06-29T10:21:22.289557+09:00 ===
2026-06-29 10:21:22,289 [INFO] 대상 장소: 121개 | API: citydata (통합)
2026-06-29 10:21:22,289 [INFO] 키 풀: 4/4 활성 | 오늘 사용 0/4000건
2026-06-29 10:21:22,289 [INFO]   [KEY_1] 담당 31장소
2026-06-29 10:21:22,289 [INFO]   [KEY_2] 담당 30장소
2026-06-29 10:21:22,289 [INFO]   [KEY_3] 담당 30장소
2026-06-29 10:21:22,289 [INFO]   [KEY_4] 담당 30장소
2026-06-29 10:21:22,290 [INFO] [1/121] 경복궁 (primary=KEY_1)
2026-06-29 10:21:24,789 [INFO] [2/121] 광화문·덕수궁 (primary=KEY_2)
2026-06-29 10:21:27,711 [INFO] [3/121] 보신각 (primary=KEY_3)
2026-06-29 10:21:29,716 [INFO] [4/121] 서울 암사동 유적 (primary=KEY_4)
2026-06-29 10:21:30,850 [INFO] [5/121] 창덕궁·종묘 (primary=KEY_1)
2026-06-29 10:21:33,367 [INFO] [6/121] 강남 MICE 관광특구 (primary=KEY_2)
2026-06-29 10:21:34,712 [INFO] [7/121] 동대문 관광특구 (primary=KEY_3)
2026-06-29 10:21:36,312 [INFO] [8/121] 명동 관광특구 (primary=KEY_4)
2026-06-29 10:21:38,107 [INFO] [9/121] 이태원 관광특구 (primary=KEY_1)
2026-06-29 10:21:39,659 [INFO] [10/121] 잠실 관광특구 (primary=KEY_2)
2026-06-29 10:21:41,642 [INFO] [11/121] 종로·청계 관광특구 (primary=KEY_3)
2026-06-29 10:21:44,384 [INFO] [12/121] 홍대 관광특구 (primary=KEY_4)
2026-06-29 10:21:46,740 [INFO] [13/121] 강서한강공원 (primary=KEY_1)
2026-06-29 10:21:47,894 [INFO] [14/121] 고척돔 (primary=KEY_2)
2026-06-29 10:21:50,193 [INFO] [15/121] 광나루한강공원 (primary=KEY_3)
2026-06-29 10:21:52,685 [INFO] [16/121] 광화문광장 (primary=KEY_4)
2026-06-29 10:21:54,036 [INFO] [17/121] 국립중앙박물관·용산가족공원 (primary=KEY_1)
2026-06-29 10:21:56,144 [INFO] [18/121] 난지한강공원 (primary=KEY_2)
2026-06-29 10:21:57,296 [INFO] [19/121] 남산공원 (primary=KEY_3)
2026-06-29 10:21:59,809 [INFO] [20/121] 노들섬 (primary=KEY_4)
2026-06-29 10:22:00,952 [INFO] [21/121] 뚝섬한강공원 (primary=KEY_1)
2026-06-29 10:22:03,051 [INFO] [22/121] 망원한강공원 (primary=KEY_2)
2026-06-29 10:22:05,178 [INFO] [23/121] 반포한강공원 (primary=KEY_3)
2026-06-29 10:22:06,318 [INFO] [24/121] 보라매공원 (primary=KEY_4)
2026-06-29 10:22:08,668 [INFO] [25/121] 북서울꿈의숲 (primary=KEY_1)
2026-06-29 10:22:10,764 [INFO] [26/121] 서대문독립공원 (primary=KEY_2)
2026-06-29 10:22:12,487 [INFO] [27/121] 서리풀공원·몽마르뜨공원 (primary=KEY_3)
2026-06-29 10:22:13,834 [INFO] [28/121] 서울대공원 (primary=KEY_4)
2026-06-29 10:22:14,972 [INFO] [29/121] 서울숲공원 (primary=KEY_1)
2026-06-29 10:22:16,318 [INFO] [30/121] 송현녹지광장 (primary=KEY_2)
2026-06-29 10:22:17,679 [INFO] [31/121] 아차산 (primary=KEY_3)
2026-06-29 10:22:18,819 [INFO] [32/121] 안양천 (primary=KEY_4)
2026-06-29 10:22:21,109 [INFO] [33/121] 양화한강공원 (primary=KEY_1)
2026-06-29 10:22:23,205 [INFO] [34/121] 어린이대공원 (primary=KEY_2)
2026-06-29 10:22:24,557 [INFO] [35/121] 여의도한강공원 (primary=KEY_3)
2026-06-29 10:22:27,034 [INFO] [36/121] 여의서로 (primary=KEY_4)
2026-06-29 10:22:29,510 [INFO] [37/121] 올림픽공원 (primary=KEY_1)
2026-06-29 10:22:31,073 [INFO] [38/121] 월드컵공원 (primary=KEY_2)
2026-06-29 10:22:32,676 [INFO] [39/121] 응봉산 (primary=KEY_3)
2026-06-29 10:22:34,005 [INFO] [40/121] 이촌한강공원 (primary=KEY_4)
2026-06-29 10:22:35,136 [INFO] [41/121] 잠실종합운동장 (primary=KEY_1)
2026-06-29 10:22:36,291 [INFO] [42/121] 잠실한강공원 (primary=KEY_2)
2026-06-29 10:22:38,597 [INFO] [43/121] 잠원한강공원 (primary=KEY_3)
2026-06-29 10:22:40,512 [INFO] [44/121] 청계산 (primary=KEY_4)
2026-06-29 10:22:41,644 [INFO] [45/121] 홍제폭포 (primary=KEY_1)
2026-06-29 10:22:42,790 [INFO] [46/121] 가락시장 (primary=KEY_2)
2026-06-29 10:22:44,139 [INFO] [47/121] 가로수길 (primary=KEY_3)
2026-06-29 10:22:45,500 [INFO] [48/121] 광장(전통)시장 (primary=KEY_4)
2026-06-29 10:22:47,426 [INFO] [49/121] 김포공항 (primary=KEY_1)
2026-06-29 10:22:48,998 [INFO] [50/121] 남대문시장 (primary=KEY_2)
2026-06-29 10:22:50,351 [INFO] [51/121] 노량진 (primary=KEY_3)
2026-06-29 10:22:51,713 [INFO] [52/121] 덕수궁길·정동길 (primary=KEY_4)
2026-06-29 10:22:53,072 [INFO] [53/121] 북창동 먹자골목 (primary=KEY_1)
2026-06-29 10:22:54,402 [INFO] [54/121] 북촌한옥마을 (primary=KEY_2)
2026-06-29 10:22:55,941 [INFO] [55/121] 서촌 (primary=KEY_3)
2026-06-29 10:22:57,271 [INFO] [56/121] 성수카페거리 (primary=KEY_4)
2026-06-29 10:22:58,826 [INFO] [57/121] 송리단길·호수단길 (primary=KEY_1)
2026-06-29 10:23:00,188 [INFO] [58/121] 신촌 스타광장 (primary=KEY_2)
2026-06-29 10:23:02,134 [INFO] [59/121] 압구정로데오거리 (primary=KEY_3)
2026-06-29 10:23:03,473 [INFO] [60/121] 여의도 (primary=KEY_4)
2026-06-29 10:23:05,677 [INFO] [61/121] 연남동 (primary=KEY_1)
2026-06-29 10:23:07,024 [INFO] [62/121] 영등포 타임스퀘어 (primary=KEY_2)
2026-06-29 10:23:08,355 [INFO] [63/121] 용리단길 (primary=KEY_3)
2026-06-29 10:23:09,557 [INFO] [64/121] 이태원 앤틱가구거리 (primary=KEY_4)
2026-06-29 10:23:10,895 [INFO] [65/121] 익선동 (primary=KEY_1)
2026-06-29 10:23:12,263 [INFO] [66/121] 인사동 (primary=KEY_2)
2026-06-29 10:23:13,814 [INFO] [67/121] 잠실롯데타워·석촌호수 (primary=KEY_3)
2026-06-29 10:23:15,564 [INFO] [68/121] 창동 신경제 중심지 (primary=KEY_4)
2026-06-29 10:23:17,311 [INFO] [69/121] 청담동 명품거리 (primary=KEY_1)
2026-06-29 10:23:18,667 [INFO] [70/121] 청량리 제기동 일대 전통시장 (primary=KEY_2)
2026-06-29 10:23:20,089 [INFO] [71/121] 해방촌·경리단길 (primary=KEY_3)
2026-06-29 10:23:21,248 [INFO] [72/121] DDP(동대문디자인플라자) (primary=KEY_4)
2026-06-29 10:23:22,630 [INFO] [73/121] DMC(디지털미디어시티) (primary=KEY_1)
2026-06-29 10:23:24,418 [INFO] [74/121] 가산디지털단지역 (primary=KEY_2)
2026-06-29 10:23:26,366 [INFO] [75/121] 강남역 (primary=KEY_3)
2026-06-29 10:23:27,941 [INFO] [76/121] 건대입구역 (primary=KEY_4)
2026-06-29 10:23:29,323 [INFO] [77/121] 고덕역 (primary=KEY_1)
2026-06-29 10:23:30,670 [INFO] [78/121] 고속터미널역 (primary=KEY_2)
2026-06-29 10:23:32,067 [INFO] [79/121] 교대역 (primary=KEY_3)
2026-06-29 10:23:33,438 [INFO] [80/121] 구로디지털단지역 (primary=KEY_4)
2026-06-29 10:23:35,188 [INFO] [81/121] 구로역 (primary=KEY_1)
2026-06-29 10:23:36,527 [INFO] [82/121] 군자역 (primary=KEY_2)
2026-06-29 10:23:37,880 [INFO] [83/121] 대림역 (primary=KEY_3)
2026-06-29 10:23:39,228 [INFO] [84/121] 동대문역 (primary=KEY_4)
2026-06-29 10:23:40,574 [INFO] [85/121] 뚝섬역 (primary=KEY_1)
2026-06-29 10:23:41,916 [INFO] [86/121] 미아사거리역 (primary=KEY_2)
2026-06-29 10:23:43,274 [INFO] [87/121] 발산역 (primary=KEY_3)
2026-06-29 10:23:45,003 [INFO] [88/121] 사당역 (primary=KEY_4)
2026-06-29 10:23:46,351 [INFO] [89/121] 삼각지역 (primary=KEY_1)
2026-06-29 10:23:47,704 [INFO] [90/121] 서울대입구역 (primary=KEY_2)
2026-06-29 10:23:49,050 [INFO] [91/121] 서울식물원·마곡나루역 (primary=KEY_3)
2026-06-29 10:23:50,602 [INFO] [92/121] 서울역 (primary=KEY_4)
2026-06-29 10:23:52,218 [INFO] [93/121] 선릉역 (primary=KEY_1)
2026-06-29 10:23:54,012 [INFO] [94/121] 성신여대입구역 (primary=KEY_2)
2026-06-29 10:23:55,183 [INFO] [95/121] 수유역 (primary=KEY_3)
2026-06-29 10:23:56,545 [INFO] [96/121] 숭례문 (primary=KEY_4)
2026-06-29 10:23:58,104 [INFO] [97/121] 시의회 앞 (primary=KEY_1)
2026-06-29 10:23:59,466 [INFO] [98/121] 신논현역·논현역 (primary=KEY_2)
2026-06-29 10:24:00,835 [INFO] [99/121] 신도림역 (primary=KEY_3)
2026-06-29 10:24:02,090 [INFO] [100/121] 신림역 (primary=KEY_4)
2026-06-29 10:24:03,251 [INFO] [101/121] 신정네거리역 (primary=KEY_1)
2026-06-29 10:24:04,589 [INFO] [102/121] 신촌·이대역 (primary=KEY_2)
2026-06-29 10:24:05,953 [INFO] [103/121] 쌍문역 (primary=KEY_3)
2026-06-29 10:24:07,305 [INFO] [104/121] 양재역 (primary=KEY_4)
2026-06-29 10:24:08,656 [INFO] [105/121] 역삼역 (primary=KEY_1)
2026-06-29 10:24:10,194 [INFO] [106/121] 연신내역 (primary=KEY_2)
2026-06-29 10:24:11,404 [INFO] [107/121] 오목교역·목동운동장 (primary=KEY_3)
2026-06-29 10:24:13,343 [INFO] [108/121] 왕십리역 (primary=KEY_4)
2026-06-29 10:24:14,709 [INFO] [109/121] 용산역 (primary=KEY_1)
2026-06-29 10:24:16,256 [INFO] [110/121] 이태원역 (primary=KEY_2)
2026-06-29 10:24:18,179 [INFO] [111/121] 잠실새내역 (primary=KEY_3)
2026-06-29 10:24:20,186 [INFO] [112/121] 잠실역 (primary=KEY_4)
2026-06-29 10:24:22,504 [INFO] [113/121] 장지역 (primary=KEY_1)
2026-06-29 10:24:24,826 [INFO] [114/121] 장한평역 (primary=KEY_2)
2026-06-29 10:24:27,350 [INFO] [115/121] 천호역 (primary=KEY_3)
2026-06-29 10:24:28,900 [INFO] [116/121] 총신대입구(이수)역 (primary=KEY_4)
2026-06-29 10:24:30,818 [INFO] [117/121] 충정로역 (primary=KEY_1)
2026-06-29 10:24:32,364 [INFO] [118/121] 합정역 (primary=KEY_2)
2026-06-29 10:24:34,483 [INFO] [119/121] 혜화역 (primary=KEY_3)
2026-06-29 10:24:36,580 [INFO] [120/121] 홍대입구역(2호선) (primary=KEY_4)
2026-06-29 10:24:38,170 [INFO] [121/121] 회기역 (primary=KEY_1)
2026-06-29 10:24:41,535 [INFO] === 수집 완료 | 성공 121, 실패 0 ===
2026-06-29 10:24:41,535 [INFO] 카테고리별 저장 결과:
2026-06-29 10:24:41,535 [INFO]    accident                  | 신규     9행 | 누적     40행 | 16컬럼
2026-06-29 10:24:41,535 [INFO]    accident_acdnt_cntrl_stts | 신규     2행 | 누적      6행 | 16컬럼
2026-06-29 10:24:41,535 [INFO]    area_meta                 | 신규   121행 | 누적   1210행 | 5컬럼
2026-06-29 10:24:41,535 [INFO]    bike                      | 신규    12행 | 누적    120행 | 12컬럼
2026-06-29 10:24:41,535 [INFO]    bike_sbike_stts           | 신규   555행 | 누적   5550행 | 12컬럼
2026-06-29 10:24:41,535 [INFO]    bus                       | 신규     3행 | 누적     30행 | 11컬럼
2026-06-29 10:24:41,535 [INFO]    bus_bus_stn_stts          | 신규  1745행 | 누적  17450행 | 11컬럼
2026-06-29 10:24:41,535 [INFO]    charger                   | 신규     7행 | 누적    139행 | 15컬럼
2026-06-29 10:24:41,535 [INFO]    charger_charger_stts      | 신규  1744행 | 누적  10531행 | 15컬럼
2026-06-29 10:24:41,536 [INFO]    cmrcl                     | 신규    82행 | 누적    820행 | 20컬럼
2026-06-29 10:24:41,536 [INFO]    events                    | 신규     8행 | 누적     85행 | 14컬럼
2026-06-29 10:24:41,536 [INFO]    events_event_stts         | 신규   132행 | 누적   1330행 | 14컬럼
2026-06-29 10:24:41,536 [INFO]    parking                   | 신규     6행 | 누적     60행 | 21컬럼
2026-06-29 10:24:41,536 [INFO]    parking_prk_stts          | 신규  1833행 | 누적  18330행 | 21컬럼
2026-06-29 10:24:41,536 [INFO]    ppltn                     | 신규   121행 | 누적   1209행 | 26컬럼
2026-06-29 10:24:41,536 [INFO]    road                      | 신규   121행 | 누적   1210행 | 21컬럼
2026-06-29 10:24:41,536 [INFO]    road_road_traffic_stts    | 신규  5260행 | 누적  52600행 | 17컬럼
2026-06-29 10:24:41,536 [INFO]    subway                    | 신규    38행 | 누적    380행 | 13컬럼
2026-06-29 10:24:41,536 [INFO]    subway_sub_stts           | 신규   183행 | 누적   1830행 | 13컬럼
2026-06-29 10:24:41,536 [INFO]    weather                   | 신규   119행 | 누적   1190행 | 29컬럼
2026-06-29 10:24:41,536 [INFO] 키별 사용량:
2026-06-29 10:24:41,536 [INFO]    🟢 KEY_1 (31/1000) 
2026-06-29 10:24:41,536 [INFO]    🟢 KEY_2 (30/1000) 
2026-06-29 10:24:41,536 [INFO]    🟢 KEY_3 (30/1000) 
2026-06-29 10:24:41,536 [INFO]    🟢 KEY_4 (30/1000) 
2026-06-29 12:25:21,860 [INFO] 등록된 키: 4개, 합산 한도 4,000건/일
2026-06-29 12:25:21,861 [INFO] POI 로드: 매뉴얼 v8.5 기준 fallback 121개 (121개 전체)
2026-06-29 12:25:21,861 [INFO] === 수집 시작 2026-06-29T12:25:21.861484+09:00 ===
2026-06-29 12:25:21,861 [INFO] 대상 장소: 121개 | API: citydata (통합)
2026-06-29 12:25:21,861 [INFO] 키 풀: 4/4 활성 | 오늘 사용 0/4000건
2026-06-29 12:25:21,861 [INFO]   [KEY_1] 담당 31장소
2026-06-29 12:25:21,861 [INFO]   [KEY_2] 담당 30장소
2026-06-29 12:25:21,861 [INFO]   [KEY_3] 담당 30장소
2026-06-29 12:25:21,861 [INFO]   [KEY_4] 담당 30장소
2026-06-29 12:25:21,862 [INFO] [1/121] 경복궁 (primary=KEY_1)
2026-06-29 12:25:23,279 [INFO] [2/121] 광화문·덕수궁 (primary=KEY_2)
2026-06-29 12:25:25,255 [INFO] [3/121] 보신각 (primary=KEY_3)
2026-06-29 12:25:27,073 [INFO] [4/121] 서울 암사동 유적 (primary=KEY_4)
2026-06-29 12:25:28,851 [INFO] [5/121] 창덕궁·종묘 (primary=KEY_1)
2026-06-29 12:25:30,221 [INFO] [6/121] 강남 MICE 관광특구 (primary=KEY_2)
2026-06-29 12:25:31,218 [INFO] [7/121] 동대문 관광특구 (primary=KEY_3)
2026-06-29 12:25:33,348 [INFO] [8/121] 명동 관광특구 (primary=KEY_4)
2026-06-29 12:25:35,617 [INFO] [9/121] 이태원 관광특구 (primary=KEY_1)
2026-06-29 12:25:37,439 [INFO] [10/121] 잠실 관광특구 (primary=KEY_2)
2026-06-29 12:25:39,010 [INFO] [11/121] 종로·청계 관광특구 (primary=KEY_3)
2026-06-29 12:25:40,869 [INFO] [12/121] 홍대 관광특구 (primary=KEY_4)
2026-06-29 12:25:42,854 [INFO] [13/121] 강서한강공원 (primary=KEY_1)
2026-06-29 12:25:43,836 [INFO] [14/121] 고척돔 (primary=KEY_2)
2026-06-29 12:25:44,942 [INFO] [15/121] 광나루한강공원 (primary=KEY_3)
2026-06-29 12:25:46,062 [INFO] [16/121] 광화문광장 (primary=KEY_4)
2026-06-29 12:25:47,867 [INFO] [17/121] 국립중앙박물관·용산가족공원 (primary=KEY_1)
2026-06-29 12:25:48,858 [INFO] [18/121] 난지한강공원 (primary=KEY_2)
2026-06-29 12:25:49,831 [INFO] [19/121] 남산공원 (primary=KEY_3)
2026-06-29 12:25:51,108 [INFO] [20/121] 노들섬 (primary=KEY_4)
2026-06-29 12:25:52,086 [INFO] [21/121] 뚝섬한강공원 (primary=KEY_1)
2026-06-29 12:25:53,875 [INFO] [22/121] 망원한강공원 (primary=KEY_2)
2026-06-29 12:25:55,027 [INFO] [23/121] 반포한강공원 (primary=KEY_3)
2026-06-29 12:25:55,997 [INFO] [24/121] 보라매공원 (primary=KEY_4)
2026-06-29 12:25:56,984 [INFO] [25/121] 북서울꿈의숲 (primary=KEY_1)
2026-06-29 12:25:57,962 [INFO] [26/121] 서대문독립공원 (primary=KEY_2)
2026-06-29 12:25:58,941 [INFO] [27/121] 서리풀공원·몽마르뜨공원 (primary=KEY_3)
2026-06-29 12:26:00,085 [INFO] [28/121] 서울대공원 (primary=KEY_4)
2026-06-29 12:26:01,060 [INFO] [29/121] 서울숲공원 (primary=KEY_1)
2026-06-29 12:26:02,339 [INFO] [30/121] 송현녹지광장 (primary=KEY_2)
2026-06-29 12:26:03,446 [INFO] [31/121] 아차산 (primary=KEY_3)
2026-06-29 12:26:04,424 [INFO] [32/121] 안양천 (primary=KEY_4)
2026-06-29 12:26:05,390 [INFO] [33/121] 양화한강공원 (primary=KEY_1)
2026-06-29 12:26:06,366 [INFO] [34/121] 어린이대공원 (primary=KEY_2)
2026-06-29 12:26:07,496 [INFO] [35/121] 여의도한강공원 (primary=KEY_3)
2026-06-29 12:26:08,605 [INFO] [36/121] 여의서로 (primary=KEY_4)
2026-06-29 12:26:09,586 [INFO] [37/121] 올림픽공원 (primary=KEY_1)
2026-06-29 12:26:10,728 [INFO] [38/121] 월드컵공원 (primary=KEY_2)
2026-06-29 12:26:12,004 [INFO] [39/121] 응봉산 (primary=KEY_3)
2026-06-29 12:26:13,101 [INFO] [40/121] 이촌한강공원 (primary=KEY_4)
2026-06-29 12:26:14,069 [INFO] [41/121] 잠실종합운동장 (primary=KEY_1)
2026-06-29 12:26:15,044 [INFO] [42/121] 잠실한강공원 (primary=KEY_2)
2026-06-29 12:26:16,038 [INFO] [43/121] 잠원한강공원 (primary=KEY_3)
2026-06-29 12:26:17,007 [INFO] [44/121] 청계산 (primary=KEY_4)
2026-06-29 12:26:17,987 [INFO] [45/121] 홍제폭포 (primary=KEY_1)
2026-06-29 12:26:18,958 [INFO] [46/121] 가락시장 (primary=KEY_2)
2026-06-29 12:26:20,086 [INFO] [47/121] 가로수길 (primary=KEY_3)
2026-06-29 12:26:21,233 [INFO] [48/121] 광장(전통)시장 (primary=KEY_4)
2026-06-29 12:26:22,240 [INFO] [49/121] 김포공항 (primary=KEY_1)
2026-06-29 12:26:23,383 [INFO] [50/121] 남대문시장 (primary=KEY_2)
2026-06-29 12:26:24,508 [INFO] [51/121] 노량진 (primary=KEY_3)
2026-06-29 12:26:25,651 [INFO] [52/121] 덕수궁길·정동길 (primary=KEY_4)
2026-06-29 12:26:26,797 [INFO] [53/121] 북창동 먹자골목 (primary=KEY_1)
2026-06-29 12:26:27,794 [INFO] [54/121] 북촌한옥마을 (primary=KEY_2)
2026-06-29 12:26:28,924 [INFO] [55/121] 서촌 (primary=KEY_3)
2026-06-29 12:26:30,043 [INFO] [56/121] 성수카페거리 (primary=KEY_4)
2026-06-29 12:26:31,188 [INFO] [57/121] 송리단길·호수단길 (primary=KEY_1)
2026-06-29 12:26:32,328 [INFO] [58/121] 신촌 스타광장 (primary=KEY_2)
2026-06-29 12:26:33,325 [INFO] [59/121] 압구정로데오거리 (primary=KEY_3)
2026-06-29 12:26:34,460 [INFO] [60/121] 여의도 (primary=KEY_4)
2026-06-29 12:26:36,068 [INFO] [61/121] 연남동 (primary=KEY_1)
2026-06-29 12:26:37,199 [INFO] [62/121] 영등포 타임스퀘어 (primary=KEY_2)
2026-06-29 12:26:38,326 [INFO] [63/121] 용리단길 (primary=KEY_3)
2026-06-29 12:26:39,337 [INFO] [64/121] 이태원 앤틱가구거리 (primary=KEY_4)
2026-06-29 12:26:40,452 [INFO] [65/121] 익선동 (primary=KEY_1)
2026-06-29 12:26:41,616 [INFO] [66/121] 인사동 (primary=KEY_2)
2026-06-29 12:26:42,771 [INFO] [67/121] 잠실롯데타워·석촌호수 (primary=KEY_3)
2026-06-29 12:26:43,912 [INFO] [68/121] 창동 신경제 중심지 (primary=KEY_4)
2026-06-29 12:26:45,230 [INFO] [69/121] 청담동 명품거리 (primary=KEY_1)
2026-06-29 12:26:46,345 [INFO] [70/121] 청량리 제기동 일대 전통시장 (primary=KEY_2)
2026-06-29 12:26:47,484 [INFO] [71/121] 해방촌·경리단길 (primary=KEY_3)
2026-06-29 12:26:48,463 [INFO] [72/121] DDP(동대문디자인플라자) (primary=KEY_4)
2026-06-29 12:26:49,627 [INFO] [73/121] DMC(디지털미디어시티) (primary=KEY_1)
2026-06-29 12:26:50,927 [INFO] [74/121] 가산디지털단지역 (primary=KEY_2)
2026-06-29 12:26:52,222 [INFO] [75/121] 강남역 (primary=KEY_3)
2026-06-29 12:26:53,502 [INFO] [76/121] 건대입구역 (primary=KEY_4)
2026-06-29 12:26:54,663 [INFO] [77/121] 고덕역 (primary=KEY_1)
2026-06-29 12:26:55,790 [INFO] [78/121] 고속터미널역 (primary=KEY_2)
2026-06-29 12:26:56,810 [INFO] [79/121] 교대역 (primary=KEY_3)
2026-06-29 12:26:57,800 [INFO] [80/121] 구로디지털단지역 (primary=KEY_4)
2026-06-29 12:26:58,942 [INFO] [81/121] 구로역 (primary=KEY_1)
2026-06-29 12:26:59,942 [INFO] [82/121] 군자역 (primary=KEY_2)
2026-06-29 12:27:01,064 [INFO] [83/121] 대림역 (primary=KEY_3)
2026-06-29 12:27:02,213 [INFO] [84/121] 동대문역 (primary=KEY_4)
2026-06-29 12:27:03,346 [INFO] [85/121] 뚝섬역 (primary=KEY_1)
2026-06-29 12:27:04,489 [INFO] [86/121] 미아사거리역 (primary=KEY_2)
2026-06-29 12:27:05,628 [INFO] [87/121] 발산역 (primary=KEY_3)
2026-06-29 12:27:06,883 [INFO] [88/121] 사당역 (primary=KEY_4)
2026-06-29 12:27:08,025 [INFO] [89/121] 삼각지역 (primary=KEY_1)
2026-06-29 12:27:09,012 [INFO] [90/121] 서울대입구역 (primary=KEY_2)
2026-06-29 12:27:10,127 [INFO] [91/121] 서울식물원·마곡나루역 (primary=KEY_3)
2026-06-29 12:27:11,293 [INFO] [92/121] 서울역 (primary=KEY_4)
2026-06-29 12:27:12,459 [INFO] [93/121] 선릉역 (primary=KEY_1)
2026-06-29 12:27:13,736 [INFO] [94/121] 성신여대입구역 (primary=KEY_2)
2026-06-29 12:27:14,727 [INFO] [95/121] 수유역 (primary=KEY_3)
2026-06-29 12:27:15,844 [INFO] [96/121] 숭례문 (primary=KEY_4)
2026-06-29 12:27:16,973 [INFO] [97/121] 시의회 앞 (primary=KEY_1)
2026-06-29 12:27:18,100 [INFO] [98/121] 신논현역·논현역 (primary=KEY_2)
2026-06-29 12:27:19,249 [INFO] [99/121] 신도림역 (primary=KEY_3)
2026-06-29 12:27:20,226 [INFO] [100/121] 신림역 (primary=KEY_4)
2026-06-29 12:27:21,234 [INFO] [101/121] 신정네거리역 (primary=KEY_1)
2026-06-29 12:27:22,219 [INFO] [102/121] 신촌·이대역 (primary=KEY_2)
2026-06-29 12:27:24,720 [INFO] [103/121] 쌍문역 (primary=KEY_3)
2026-06-29 12:27:25,840 [INFO] [104/121] 양재역 (primary=KEY_4)
2026-06-29 12:27:27,003 [INFO] [105/121] 역삼역 (primary=KEY_1)
2026-06-29 12:27:28,143 [INFO] [106/121] 연신내역 (primary=KEY_2)
2026-06-29 12:27:29,145 [INFO] [107/121] 오목교역·목동운동장 (primary=KEY_3)
2026-06-29 12:27:30,425 [INFO] [108/121] 왕십리역 (primary=KEY_4)
2026-06-29 12:27:31,575 [INFO] [109/121] 용산역 (primary=KEY_1)
2026-06-29 12:27:32,919 [INFO] [110/121] 이태원역 (primary=KEY_2)
2026-06-29 12:27:33,898 [INFO] [111/121] 잠실새내역 (primary=KEY_3)
2026-06-29 12:27:35,011 [INFO] [112/121] 잠실역 (primary=KEY_4)
2026-06-29 12:27:36,131 [INFO] [113/121] 장지역 (primary=KEY_1)
2026-06-29 12:27:37,250 [INFO] [114/121] 장한평역 (primary=KEY_2)
2026-06-29 12:27:38,387 [INFO] [115/121] 천호역 (primary=KEY_3)
2026-06-29 12:27:39,518 [INFO] [116/121] 총신대입구(이수)역 (primary=KEY_4)
2026-06-29 12:27:40,656 [INFO] [117/121] 충정로역 (primary=KEY_1)
2026-06-29 12:27:41,790 [INFO] [118/121] 합정역 (primary=KEY_2)
2026-06-29 12:27:42,932 [INFO] [119/121] 혜화역 (primary=KEY_3)
2026-06-29 12:27:44,058 [INFO] [120/121] 홍대입구역(2호선) (primary=KEY_4)
2026-06-29 12:27:45,190 [INFO] [121/121] 회기역 (primary=KEY_1)
2026-06-29 12:27:48,416 [INFO] === 수집 완료 | 성공 121, 실패 0 ===
2026-06-29 12:27:48,416 [INFO] 카테고리별 저장 결과:
2026-06-29 12:27:48,416 [INFO]    accident                  | 신규     5행 | 누적     45행 | 16컬럼
2026-06-29 12:27:48,417 [INFO]    accident_acdnt_cntrl_stts | 신규     4행 | 누적     10행 | 16컬럼
2026-06-29 12:27:48,417 [INFO]    area_meta                 | 신규   121행 | 누적   1331행 | 5컬럼
2026-06-29 12:27:48,417 [INFO]    bike                      | 신규    12행 | 누적    132행 | 12컬럼
2026-06-29 12:27:48,417 [INFO]    bike_sbike_stts           | 신규   555행 | 누적   6105행 | 12컬럼
2026-06-29 12:27:48,417 [INFO]    bus                       | 신규     3행 | 누적     33행 | 11컬럼
2026-06-29 12:27:48,417 [INFO]    bus_bus_stn_stts          | 신규  1745행 | 누적  19195행 | 11컬럼
2026-06-29 12:27:48,417 [INFO]    charger                   | 신규    25행 | 누적    164행 | 15컬럼
2026-06-29 12:27:48,417 [INFO]    charger_charger_stts      | 신규   340행 | 누적  10869행 | 15컬럼
2026-06-29 12:27:48,417 [INFO]    cmrcl                     | 신규    82행 | 누적    902행 | 20컬럼
2026-06-29 12:27:48,417 [INFO]    events                    | 신규     8행 | 누적     93행 | 14컬럼
2026-06-29 12:27:48,417 [INFO]    events_event_stts         | 신규   132행 | 누적   1462행 | 14컬럼
2026-06-29 12:27:48,417 [INFO]    news                      | 신규   120행 | 누적    120행 | 10컬럼
2026-06-29 12:27:48,417 [INFO]    parking                   | 신규     6행 | 누적     66행 | 21컬럼
2026-06-29 12:27:48,417 [INFO]    parking_prk_stts          | 신규  1833행 | 누적  20163행 | 21컬럼
2026-06-29 12:27:48,417 [INFO]    ppltn                     | 신규   121행 | 누적   1330행 | 26컬럼
2026-06-29 12:27:48,417 [INFO]    road                      | 신규   121행 | 누적   1331행 | 21컬럼
2026-06-29 12:27:48,417 [INFO]    road_road_traffic_stts    | 신규  5260행 | 누적  57860행 | 17컬럼
2026-06-29 12:27:48,417 [INFO]    subway                    | 신규    38행 | 누적    418행 | 13컬럼
2026-06-29 12:27:48,417 [INFO]    subway_sub_stts           | 신규   183행 | 누적   2013행 | 13컬럼
2026-06-29 12:27:48,418 [INFO]    weather                   | 신규   119행 | 누적   1309행 | 29컬럼
2026-06-29 12:27:48,418 [INFO] 키별 사용량:
2026-06-29 12:27:48,418 [INFO]    🟢 KEY_1 (31/1000) 
2026-06-29 12:27:48,418 [INFO]    🟢 KEY_2 (30/1000) 
2026-06-29 12:27:48,418 [INFO]    🟢 KEY_3 (30/1000) 
2026-06-29 12:27:48,418 [INFO]    🟢 KEY_4 (30/1000) 
2026-06-29 14:48:58,048 [INFO] 등록된 키: 4개, 합산 한도 4,000건/일
2026-06-29 14:48:58,048 [INFO] POI 로드: 매뉴얼 v8.5 기준 fallback 121개 (121개 전체)
2026-06-29 14:48:58,049 [INFO] === 수집 시작 2026-06-29T14:48:58.049062+09:00 ===
2026-06-29 14:48:58,049 [INFO] 대상 장소: 121개 | API: citydata (통합)
2026-06-29 14:48:58,049 [INFO] 키 풀: 4/4 활성 | 오늘 사용 0/4000건
2026-06-29 14:48:58,049 [INFO]   [KEY_1] 담당 31장소
2026-06-29 14:48:58,049 [INFO]   [KEY_2] 담당 30장소
2026-06-29 14:48:58,049 [INFO]   [KEY_3] 담당 30장소
2026-06-29 14:48:58,049 [INFO]   [KEY_4] 담당 30장소
2026-06-29 14:48:58,049 [INFO] [1/121] 경복궁 (primary=KEY_1)
2026-06-29 14:49:00,195 [INFO] [2/121] 광화문·덕수궁 (primary=KEY_2)
2026-06-29 14:49:02,384 [INFO] [3/121] 보신각 (primary=KEY_3)
2026-06-29 14:49:03,666 [INFO] [4/121] 서울 암사동 유적 (primary=KEY_4)
2026-06-29 14:49:05,787 [INFO] [5/121] 창덕궁·종묘 (primary=KEY_1)
2026-06-29 14:49:07,849 [INFO] [6/121] 강남 MICE 관광특구 (primary=KEY_2)
2026-06-29 14:49:09,661 [INFO] [7/121] 동대문 관광특구 (primary=KEY_3)
2026-06-29 14:49:11,851 [INFO] [8/121] 명동 관광특구 (primary=KEY_4)
2026-06-29 14:49:13,535 [INFO] [9/121] 이태원 관광특구 (primary=KEY_1)
2026-06-29 14:49:15,871 [INFO] [10/121] 잠실 관광특구 (primary=KEY_2)
2026-06-29 14:49:18,059 [INFO] [11/121] 종로·청계 관광특구 (primary=KEY_3)
2026-06-29 14:49:19,570 [INFO] [12/121] 홍대 관광특구 (primary=KEY_4)
2026-06-29 14:49:21,081 [INFO] [13/121] 강서한강공원 (primary=KEY_1)
2026-06-29 14:49:22,758 [INFO] [14/121] 고척돔 (primary=KEY_2)
2026-06-29 14:49:24,632 [INFO] [15/121] 광나루한강공원 (primary=KEY_3)
2026-06-29 14:49:25,879 [INFO] [16/121] 광화문광장 (primary=KEY_4)
2026-06-29 14:49:27,180 [INFO] [17/121] 국립중앙박물관·용산가족공원 (primary=KEY_1)
2026-06-29 14:49:28,285 [INFO] [18/121] 난지한강공원 (primary=KEY_2)
2026-06-29 14:49:29,371 [INFO] [19/121] 남산공원 (primary=KEY_3)
2026-06-29 14:49:30,849 [INFO] [20/121] 노들섬 (primary=KEY_4)
2026-06-29 14:49:31,931 [INFO] [21/121] 뚝섬한강공원 (primary=KEY_1)
2026-06-29 14:49:33,024 [INFO] [22/121] 망원한강공원 (primary=KEY_2)
2026-06-29 14:49:34,297 [INFO] [23/121] 반포한강공원 (primary=KEY_3)
2026-06-29 14:49:35,398 [INFO] [24/121] 보라매공원 (primary=KEY_4)
2026-06-29 14:49:36,513 [INFO] [25/121] 북서울꿈의숲 (primary=KEY_1)
2026-06-29 14:49:37,608 [INFO] [26/121] 서대문독립공원 (primary=KEY_2)
2026-06-29 14:49:38,697 [INFO] [27/121] 서리풀공원·몽마르뜨공원 (primary=KEY_3)
2026-06-29 14:49:39,988 [INFO] [28/121] 서울대공원 (primary=KEY_4)
2026-06-29 14:49:41,067 [INFO] [29/121] 서울숲공원 (primary=KEY_1)
2026-06-29 14:49:42,356 [INFO] [30/121] 송현녹지광장 (primary=KEY_2)
2026-06-29 14:49:43,643 [INFO] [31/121] 아차산 (primary=KEY_3)
2026-06-29 14:49:44,737 [INFO] [32/121] 안양천 (primary=KEY_4)
2026-06-29 14:49:46,534 [INFO] [33/121] 양화한강공원 (primary=KEY_1)
2026-06-29 14:49:47,611 [INFO] [34/121] 어린이대공원 (primary=KEY_2)
2026-06-29 14:49:48,896 [INFO] [35/121] 여의도한강공원 (primary=KEY_3)
2026-06-29 14:49:50,867 [INFO] [36/121] 여의서로 (primary=KEY_4)
2026-06-29 14:49:51,962 [INFO] [37/121] 올림픽공원 (primary=KEY_1)
2026-06-29 14:49:53,259 [INFO] [38/121] 월드컵공원 (primary=KEY_2)
2026-06-29 14:49:54,718 [INFO] [39/121] 응봉산 (primary=KEY_3)
2026-06-29 14:49:55,980 [INFO] [40/121] 이촌한강공원 (primary=KEY_4)
2026-06-29 14:49:57,080 [INFO] [41/121] 잠실종합운동장 (primary=KEY_1)
2026-06-29 14:49:58,175 [INFO] [42/121] 잠실한강공원 (primary=KEY_2)
2026-06-29 14:49:59,285 [INFO] [43/121] 잠원한강공원 (primary=KEY_3)
2026-06-29 14:50:00,377 [INFO] [44/121] 청계산 (primary=KEY_4)
2026-06-29 14:50:01,619 [INFO] [45/121] 홍제폭포 (primary=KEY_1)
2026-06-29 14:50:02,700 [INFO] [46/121] 가락시장 (primary=KEY_2)
2026-06-29 14:50:04,011 [INFO] [47/121] 가로수길 (primary=KEY_3)
2026-06-29 14:50:05,295 [INFO] [48/121] 광장(전통)시장 (primary=KEY_4)
2026-06-29 14:50:06,389 [INFO] [49/121] 김포공항 (primary=KEY_1)
2026-06-29 14:50:07,675 [INFO] [50/121] 남대문시장 (primary=KEY_2)
2026-06-29 14:50:08,926 [INFO] [51/121] 노량진 (primary=KEY_3)
2026-06-29 14:50:10,202 [INFO] [52/121] 덕수궁길·정동길 (primary=KEY_4)
2026-06-29 14:50:11,496 [INFO] [53/121] 북창동 먹자골목 (primary=KEY_1)
2026-06-29 14:50:12,573 [INFO] [54/121] 북촌한옥마을 (primary=KEY_2)
2026-06-29 14:50:13,852 [INFO] [55/121] 서촌 (primary=KEY_3)
2026-06-29 14:50:15,111 [INFO] [56/121] 성수카페거리 (primary=KEY_4)
2026-06-29 14:50:16,387 [INFO] [57/121] 송리단길·호수단길 (primary=KEY_1)
2026-06-29 14:50:17,672 [INFO] [58/121] 신촌 스타광장 (primary=KEY_2)
2026-06-29 14:50:18,788 [INFO] [59/121] 압구정로데오거리 (primary=KEY_3)
2026-06-29 14:50:20,049 [INFO] [60/121] 여의도 (primary=KEY_4)
2026-06-29 14:50:21,924 [INFO] [61/121] 연남동 (primary=KEY_1)
2026-06-29 14:50:23,175 [INFO] [62/121] 영등포 타임스퀘어 (primary=KEY_2)
2026-06-29 14:50:24,440 [INFO] [63/121] 용리단길 (primary=KEY_3)
2026-06-29 14:50:25,559 [INFO] [64/121] 이태원 앤틱가구거리 (primary=KEY_4)
2026-06-29 14:50:26,829 [INFO] [65/121] 익선동 (primary=KEY_1)
2026-06-29 14:50:28,152 [INFO] [66/121] 인사동 (primary=KEY_2)
2026-06-29 14:50:29,447 [INFO] [67/121] 잠실롯데타워·석촌호수 (primary=KEY_3)
2026-06-29 14:50:30,732 [INFO] [68/121] 창동 신경제 중심지 (primary=KEY_4)
2026-06-29 14:50:32,247 [INFO] [69/121] 청담동 명품거리 (primary=KEY_1)
2026-06-29 14:50:33,520 [INFO] [70/121] 청량리 제기동 일대 전통시장 (primary=KEY_2)
2026-06-29 14:50:34,787 [INFO] [71/121] 해방촌·경리단길 (primary=KEY_3)
2026-06-29 14:50:35,895 [INFO] [72/121] DDP(동대문디자인플라자) (primary=KEY_4)
2026-06-29 14:50:37,174 [INFO] [73/121] DMC(디지털미디어시티) (primary=KEY_1)
2026-06-29 14:50:38,669 [INFO] [74/121] 가산디지털단지역 (primary=KEY_2)
2026-06-29 14:50:40,118 [INFO] [75/121] 강남역 (primary=KEY_3)
2026-06-29 14:50:41,602 [INFO] [76/121] 건대입구역 (primary=KEY_4)
2026-06-29 14:50:42,881 [INFO] [77/121] 고덕역 (primary=KEY_1)
2026-06-29 14:50:44,149 [INFO] [78/121] 고속터미널역 (primary=KEY_2)
2026-06-29 14:50:45,288 [INFO] [79/121] 교대역 (primary=KEY_3)
2026-06-29 14:50:46,422 [INFO] [80/121] 구로디지털단지역 (primary=KEY_4)
2026-06-29 14:50:47,698 [INFO] [81/121] 구로역 (primary=KEY_1)
2026-06-29 14:50:48,811 [INFO] [82/121] 군자역 (primary=KEY_2)
2026-06-29 14:50:50,788 [INFO] [83/121] 대림역 (primary=KEY_3)
2026-06-29 14:50:52,065 [INFO] [84/121] 동대문역 (primary=KEY_4)
2026-06-29 14:50:54,038 [INFO] [85/121] 뚝섬역 (primary=KEY_1)
2026-06-29 14:50:55,877 [INFO] [86/121] 미아사거리역 (primary=KEY_2)
2026-06-29 14:50:57,730 [INFO] [87/121] 발산역 (primary=KEY_3)
2026-06-29 14:50:59,183 [INFO] [88/121] 사당역 (primary=KEY_4)
2026-06-29 14:51:01,166 [INFO] [89/121] 삼각지역 (primary=KEY_1)
2026-06-29 14:51:02,845 [INFO] [90/121] 서울대입구역 (primary=KEY_2)
2026-06-29 14:51:04,787 [INFO] [91/121] 서울식물원·마곡나루역 (primary=KEY_3)
2026-06-29 14:51:06,098 [INFO] [92/121] 서울역 (primary=KEY_4)
2026-06-29 14:51:07,444 [INFO] [93/121] 선릉역 (primary=KEY_1)
2026-06-29 14:51:09,605 [INFO] [94/121] 성신여대입구역 (primary=KEY_2)
2026-06-29 14:51:10,695 [INFO] [95/121] 수유역 (primary=KEY_3)
2026-06-29 14:51:12,538 [INFO] [96/121] 숭례문 (primary=KEY_4)
2026-06-29 14:51:14,513 [INFO] [97/121] 시의회 앞 (primary=KEY_1)
2026-06-29 14:51:15,790 [INFO] [98/121] 신논현역·논현역 (primary=KEY_2)
2026-06-29 14:51:17,084 [INFO] [99/121] 신도림역 (primary=KEY_3)
2026-06-29 14:51:18,165 [INFO] [100/121] 신림역 (primary=KEY_4)
2026-06-29 14:51:19,268 [INFO] [101/121] 신정네거리역 (primary=KEY_1)
2026-06-29 14:51:20,365 [INFO] [102/121] 신촌·이대역 (primary=KEY_2)
2026-06-29 14:51:21,637 [INFO] [103/121] 쌍문역 (primary=KEY_3)
2026-06-29 14:51:22,982 [INFO] [104/121] 양재역 (primary=KEY_4)
2026-06-29 14:51:24,252 [INFO] [105/121] 역삼역 (primary=KEY_1)
2026-06-29 14:51:26,120 [INFO] [106/121] 연신내역 (primary=KEY_2)
2026-06-29 14:51:27,227 [INFO] [107/121] 오목교역·목동운동장 (primary=KEY_3)
2026-06-29 14:51:28,691 [INFO] [108/121] 왕십리역 (primary=KEY_4)
2026-06-29 14:51:29,994 [INFO] [109/121] 용산역 (primary=KEY_1)
2026-06-29 14:51:31,462 [INFO] [110/121] 이태원역 (primary=KEY_2)
2026-06-29 14:51:32,543 [INFO] [111/121] 잠실새내역 (primary=KEY_3)
2026-06-29 14:51:33,791 [INFO] [112/121] 잠실역 (primary=KEY_4)
2026-06-29 14:51:35,064 [INFO] [113/121] 장지역 (primary=KEY_1)
2026-06-29 14:51:37,030 [INFO] [114/121] 장한평역 (primary=KEY_2)
2026-06-29 14:51:38,318 [INFO] [115/121] 천호역 (primary=KEY_3)
2026-06-29 14:51:39,594 [INFO] [116/121] 총신대입구(이수)역 (primary=KEY_4)
2026-06-29 14:51:41,545 [INFO] [117/121] 충정로역 (primary=KEY_1)
2026-06-29 14:51:42,815 [INFO] [118/121] 합정역 (primary=KEY_2)
2026-06-29 14:51:44,095 [INFO] [119/121] 혜화역 (primary=KEY_3)
2026-06-29 14:51:45,373 [INFO] [120/121] 홍대입구역(2호선) (primary=KEY_4)
2026-06-29 14:51:46,663 [INFO] [121/121] 회기역 (primary=KEY_1)
2026-06-29 14:51:50,085 [INFO] === 수집 완료 | 성공 121, 실패 0 ===
2026-06-29 14:51:50,085 [INFO] 카테고리별 저장 결과:
2026-06-29 14:51:50,085 [INFO]    accident                  | 신규     8행 | 누적     53행 | 16컬럼
2026-06-29 14:51:50,085 [INFO]    accident_acdnt_cntrl_stts | 신규     2행 | 누적     12행 | 16컬럼
2026-06-29 14:51:50,085 [INFO]    area_meta                 | 신규   121행 | 누적   1452행 | 5컬럼
2026-06-29 14:51:50,085 [INFO]    bike                      | 신규    12행 | 누적    144행 | 12컬럼
2026-06-29 14:51:50,085 [INFO]    bike_sbike_stts           | 신규   554행 | 누적   6659행 | 12컬럼
2026-06-29 14:51:50,085 [INFO]    bus                       | 신규     3행 | 누적     36행 | 11컬럼
2026-06-29 14:51:50,085 [INFO]    bus_bus_stn_stts          | 신규  1745행 | 누적  20940행 | 11컬럼
2026-06-29 14:51:50,085 [INFO]    charger                   | 신규    25행 | 누적    189행 | 15컬럼
2026-06-29 14:51:50,085 [INFO]    charger_charger_stts      | 신규   340행 | 누적  11207행 | 15컬럼
2026-06-29 14:51:50,085 [INFO]    cmrcl                     | 신규    82행 | 누적    984행 | 21컬럼
2026-06-29 14:51:50,085 [INFO]    disaster                  | 신규     4행 | 누적      4행 | 9컬럼
2026-06-29 14:51:50,085 [INFO]    events                    | 신규     8행 | 누적    101행 | 14컬럼
2026-06-29 14:51:50,085 [INFO]    events_event_stts         | 신규   132행 | 누적   1594행 | 14컬럼
2026-06-29 14:51:50,086 [INFO]    news                      | 신규   120행 | 누적    240행 | 10컬럼
2026-06-29 14:51:50,086 [INFO]    parking                   | 신규     6행 | 누적     72행 | 21컬럼
2026-06-29 14:51:50,086 [INFO]    parking_prk_stts          | 신규  1833행 | 누적  21996행 | 21컬럼
2026-06-29 14:51:50,086 [INFO]    ppltn                     | 신규   121행 | 누적   1451행 | 26컬럼
2026-06-29 14:51:50,086 [INFO]    road                      | 신규   121행 | 누적   1452행 | 21컬럼
2026-06-29 14:51:50,086 [INFO]    road_road_traffic_stts    | 신규  5260행 | 누적  63120행 | 17컬럼
2026-06-29 14:51:50,086 [INFO]    subway                    | 신규    38행 | 누적    456행 | 13컬럼
2026-06-29 14:51:50,086 [INFO]    subway_sub_stts           | 신규   183행 | 누적   2196행 | 13컬럼
2026-06-29 14:51:50,086 [INFO]    weather                   | 신규   119행 | 누적   1428행 | 29컬럼
2026-06-29 14:51:50,086 [INFO] 키별 사용량:
2026-06-29 14:51:50,086 [INFO]    🟢 KEY_1 (31/1000) 
2026-06-29 14:51:50,086 [INFO]    🟢 KEY_2 (30/1000) 
2026-06-29 14:51:50,086 [INFO]    🟢 KEY_3 (30/1000) 
2026-06-29 14:51:50,086 [INFO]    🟢 KEY_4 (30/1000) 
2026-06-29 17:07:11,013 [INFO] 등록된 키: 4개, 합산 한도 4,000건/일
2026-06-29 17:07:11,014 [INFO] POI 로드: 매뉴얼 v8.5 기준 fallback 121개 (121개 전체)
2026-06-29 17:07:11,014 [INFO] === 수집 시작 2026-06-29T17:07:11.014173+09:00 ===
2026-06-29 17:07:11,014 [INFO] 대상 장소: 121개 | API: citydata (통합)
2026-06-29 17:07:11,014 [INFO] 키 풀: 4/4 활성 | 오늘 사용 0/4000건
2026-06-29 17:07:11,014 [INFO]   [KEY_1] 담당 31장소
2026-06-29 17:07:11,014 [INFO]   [KEY_2] 담당 30장소
2026-06-29 17:07:11,014 [INFO]   [KEY_3] 담당 30장소
2026-06-29 17:07:11,014 [INFO]   [KEY_4] 담당 30장소
2026-06-29 17:07:11,014 [INFO] [1/121] 경복궁 (primary=KEY_1)
2026-06-29 17:07:13,524 [INFO] [2/121] 광화문·덕수궁 (primary=KEY_2)
2026-06-29 17:07:16,229 [INFO] [3/121] 보신각 (primary=KEY_3)
2026-06-29 17:07:18,532 [INFO] [4/121] 서울 암사동 유적 (primary=KEY_4)
2026-06-29 17:07:20,614 [INFO] [5/121] 창덕궁·종묘 (primary=KEY_1)
2026-06-29 17:07:22,891 [INFO] [6/121] 강남 MICE 관광특구 (primary=KEY_2)
2026-06-29 17:07:24,832 [INFO] [7/121] 동대문 관광특구 (primary=KEY_3)
2026-06-29 17:07:27,189 [INFO] [8/121] 명동 관광특구 (primary=KEY_4)
2026-06-29 17:07:29,955 [INFO] [9/121] 이태원 관광특구 (primary=KEY_1)
2026-06-29 17:07:31,349 [INFO] [10/121] 잠실 관광특구 (primary=KEY_2)
2026-06-29 17:07:34,649 [INFO] [11/121] 종로·청계 관광특구 (primary=KEY_3)
2026-06-29 17:07:37,379 [INFO] [12/121] 홍대 관광특구 (primary=KEY_4)
2026-06-29 17:07:39,742 [INFO] [13/121] 강서한강공원 (primary=KEY_1)
2026-06-29 17:07:41,839 [INFO] [14/121] 고척돔 (primary=KEY_2)
2026-06-29 17:07:44,133 [INFO] [15/121] 광나루한강공원 (primary=KEY_3)
2026-06-29 17:07:46,240 [INFO] [16/121] 광화문광장 (primary=KEY_4)
2026-06-29 17:07:48,740 [INFO] [17/121] 국립중앙박물관·용산가족공원 (primary=KEY_1)
2026-06-29 17:07:49,917 [INFO] [18/121] 난지한강공원 (primary=KEY_2)
2026-06-29 17:07:51,054 [INFO] [19/121] 남산공원 (primary=KEY_3)
2026-06-29 17:07:53,212 [INFO] [20/121] 노들섬 (primary=KEY_4)
2026-06-29 17:07:54,358 [INFO] [21/121] 뚝섬한강공원 (primary=KEY_1)
2026-06-29 17:07:56,306 [INFO] [22/121] 망원한강공원 (primary=KEY_2)
2026-06-29 17:07:58,462 [INFO] [23/121] 반포한강공원 (primary=KEY_3)
2026-06-29 17:08:00,579 [INFO] [24/121] 보라매공원 (primary=KEY_4)
2026-06-29 17:08:02,714 [INFO] [25/121] 북서울꿈의숲 (primary=KEY_1)
2026-06-29 17:08:03,861 [INFO] [26/121] 서대문독립공원 (primary=KEY_2)
2026-06-29 17:08:05,016 [INFO] [27/121] 서리풀공원·몽마르뜨공원 (primary=KEY_3)
2026-06-29 17:08:06,393 [INFO] [28/121] 서울대공원 (primary=KEY_4)
2026-06-29 17:08:07,538 [INFO] [29/121] 서울숲공원 (primary=KEY_1)
2026-06-29 17:08:08,933 [INFO] [30/121] 송현녹지광장 (primary=KEY_2)
2026-06-29 17:08:10,300 [INFO] [31/121] 아차산 (primary=KEY_3)
2026-06-29 17:08:11,440 [INFO] [32/121] 안양천 (primary=KEY_4)
2026-06-29 17:08:12,590 [INFO] [33/121] 양화한강공원 (primary=KEY_1)
2026-06-29 17:08:13,733 [INFO] [34/121] 어린이대공원 (primary=KEY_2)
2026-06-29 17:08:15,093 [INFO] [35/121] 여의도한강공원 (primary=KEY_3)
2026-06-29 17:08:17,221 [INFO] [36/121] 여의서로 (primary=KEY_4)
2026-06-29 17:08:19,137 [INFO] [37/121] 올림픽공원 (primary=KEY_1)
2026-06-29 17:08:20,520 [INFO] [38/121] 월드컵공원 (primary=KEY_2)
2026-06-29 17:08:22,084 [INFO] [39/121] 응봉산 (primary=KEY_3)
2026-06-29 17:08:24,399 [INFO] [40/121] 이촌한강공원 (primary=KEY_4)
2026-06-29 17:08:25,539 [INFO] [41/121] 잠실종합운동장 (primary=KEY_1)
2026-06-29 17:08:26,692 [INFO] [42/121] 잠실한강공원 (primary=KEY_2)
2026-06-29 17:08:27,833 [INFO] [43/121] 잠원한강공원 (primary=KEY_3)
2026-06-29 17:08:28,981 [INFO] [44/121] 청계산 (primary=KEY_4)
2026-06-29 17:08:30,128 [INFO] [45/121] 홍제폭포 (primary=KEY_1)
2026-06-29 17:08:31,476 [INFO] [46/121] 가락시장 (primary=KEY_2)
2026-06-29 17:08:33,618 [INFO] [47/121] 가로수길 (primary=KEY_3)
2026-06-29 17:08:34,978 [INFO] [48/121] 광장(전통)시장 (primary=KEY_4)
2026-06-29 17:08:36,159 [INFO] [49/121] 김포공항 (primary=KEY_1)
2026-06-29 17:08:37,713 [INFO] [50/121] 남대문시장 (primary=KEY_2)
2026-06-29 17:08:39,082 [INFO] [51/121] 노량진 (primary=KEY_3)
2026-06-29 17:08:40,455 [INFO] [52/121] 덕수궁길·정동길 (primary=KEY_4)
2026-06-29 17:08:41,840 [INFO] [53/121] 북창동 먹자골목 (primary=KEY_1)
2026-06-29 17:08:43,956 [INFO] [54/121] 북촌한옥마을 (primary=KEY_2)
2026-06-29 17:08:45,483 [INFO] [55/121] 서촌 (primary=KEY_3)
2026-06-29 17:08:46,841 [INFO] [56/121] 성수카페거리 (primary=KEY_4)
2026-06-29 17:08:48,201 [INFO] [57/121] 송리단길·호수단길 (primary=KEY_1)
2026-06-29 17:08:49,571 [INFO] [58/121] 신촌 스타광장 (primary=KEY_2)
2026-06-29 17:08:50,739 [INFO] [59/121] 압구정로데오거리 (primary=KEY_3)
2026-06-29 17:08:52,127 [INFO] [60/121] 여의도 (primary=KEY_4)
2026-06-29 17:08:54,167 [INFO] [61/121] 연남동 (primary=KEY_1)
2026-06-29 17:08:55,500 [INFO] [62/121] 영등포 타임스퀘어 (primary=KEY_2)
2026-06-29 17:08:56,836 [INFO] [63/121] 용리단길 (primary=KEY_3)
2026-06-29 17:08:58,049 [INFO] [64/121] 이태원 앤틱가구거리 (primary=KEY_4)
2026-06-29 17:08:59,413 [INFO] [65/121] 익선동 (primary=KEY_1)
2026-06-29 17:09:00,790 [INFO] [66/121] 인사동 (primary=KEY_2)
2026-06-29 17:09:02,155 [INFO] [67/121] 잠실롯데타워·석촌호수 (primary=KEY_3)
2026-06-29 17:09:03,704 [INFO] [68/121] 창동 신경제 중심지 (primary=KEY_4)
2026-06-29 17:09:06,478 [INFO] [69/121] 청담동 명품거리 (primary=KEY_1)
2026-06-29 17:09:07,844 [INFO] [70/121] 청량리 제기동 일대 전통시장 (primary=KEY_2)
2026-06-29 17:09:09,223 [INFO] [71/121] 해방촌·경리단길 (primary=KEY_3)
2026-06-29 17:09:10,375 [INFO] [72/121] DDP(동대문디자인플라자) (primary=KEY_4)
2026-06-29 17:09:11,738 [INFO] [73/121] DMC(디지털미디어시티) (primary=KEY_1)
2026-06-29 17:09:13,322 [INFO] [74/121] 가산디지털단지역 (primary=KEY_2)
2026-06-29 17:09:14,877 [INFO] [75/121] 강남역 (primary=KEY_3)
2026-06-29 17:09:16,508 [INFO] [76/121] 건대입구역 (primary=KEY_4)
2026-06-29 17:09:17,892 [INFO] [77/121] 고덕역 (primary=KEY_1)
2026-06-29 17:09:19,261 [INFO] [78/121] 고속터미널역 (primary=KEY_2)
2026-06-29 17:09:20,637 [INFO] [79/121] 교대역 (primary=KEY_3)
2026-06-29 17:09:21,812 [INFO] [80/121] 구로디지털단지역 (primary=KEY_4)
2026-06-29 17:09:23,175 [INFO] [81/121] 구로역 (primary=KEY_1)
2026-06-29 17:09:24,324 [INFO] [82/121] 군자역 (primary=KEY_2)
2026-06-29 17:09:25,688 [INFO] [83/121] 대림역 (primary=KEY_3)
2026-06-29 17:09:27,058 [INFO] [84/121] 동대문역 (primary=KEY_4)
2026-06-29 17:09:29,164 [INFO] [85/121] 뚝섬역 (primary=KEY_1)
2026-06-29 17:09:30,512 [INFO] [86/121] 미아사거리역 (primary=KEY_2)
2026-06-29 17:09:31,858 [INFO] [87/121] 발산역 (primary=KEY_3)
2026-06-29 17:09:33,398 [INFO] [88/121] 사당역 (primary=KEY_4)
2026-06-29 17:09:34,765 [INFO] [89/121] 삼각지역 (primary=KEY_1)
2026-06-29 17:09:35,931 [INFO] [90/121] 서울대입구역 (primary=KEY_2)
2026-06-29 17:09:37,271 [INFO] [91/121] 서울식물원·마곡나루역 (primary=KEY_3)
2026-06-29 17:09:38,634 [INFO] [92/121] 서울역 (primary=KEY_4)
2026-06-29 17:09:40,227 [INFO] [93/121] 선릉역 (primary=KEY_1)
2026-06-29 17:09:41,829 [INFO] [94/121] 성신여대입구역 (primary=KEY_2)
2026-06-29 17:09:43,068 [INFO] [95/121] 수유역 (primary=KEY_3)
2026-06-29 17:09:44,423 [INFO] [96/121] 숭례문 (primary=KEY_4)
2026-06-29 17:09:45,781 [INFO] [97/121] 시의회 앞 (primary=KEY_1)
2026-06-29 17:09:47,149 [INFO] [98/121] 신논현역·논현역 (primary=KEY_2)
2026-06-29 17:09:48,539 [INFO] [99/121] 신도림역 (primary=KEY_3)
2026-06-29 17:09:50,468 [INFO] [100/121] 신림역 (primary=KEY_4)
2026-06-29 17:09:51,635 [INFO] [101/121] 신정네거리역 (primary=KEY_1)
2026-06-29 17:09:52,789 [INFO] [102/121] 신촌·이대역 (primary=KEY_2)
2026-06-29 17:09:54,139 [INFO] [103/121] 쌍문역 (primary=KEY_3)
2026-06-29 17:09:55,509 [INFO] [104/121] 양재역 (primary=KEY_4)
2026-06-29 17:09:56,898 [INFO] [105/121] 역삼역 (primary=KEY_1)
2026-06-29 17:09:58,244 [INFO] [106/121] 연신내역 (primary=KEY_2)
2026-06-29 17:09:59,409 [INFO] [107/121] 오목교역·목동운동장 (primary=KEY_3)
2026-06-29 17:10:01,149 [INFO] [108/121] 왕십리역 (primary=KEY_4)
2026-06-29 17:10:02,574 [INFO] [109/121] 용산역 (primary=KEY_1)
2026-06-29 17:10:04,098 [INFO] [110/121] 이태원역 (primary=KEY_2)
2026-06-29 17:10:05,274 [INFO] [111/121] 잠실새내역 (primary=KEY_3)
2026-06-29 17:10:06,610 [INFO] [112/121] 잠실역 (primary=KEY_4)
2026-06-29 17:10:07,972 [INFO] [113/121] 장지역 (primary=KEY_1)
2026-06-29 17:10:09,316 [INFO] [114/121] 장한평역 (primary=KEY_2)
2026-06-29 17:10:10,668 [INFO] [115/121] 천호역 (primary=KEY_3)
2026-06-29 17:10:12,012 [INFO] [116/121] 총신대입구(이수)역 (primary=KEY_4)
2026-06-29 17:10:13,344 [INFO] [117/121] 충정로역 (primary=KEY_1)
2026-06-29 17:10:14,688 [INFO] [118/121] 합정역 (primary=KEY_2)
2026-06-29 17:10:16,044 [INFO] [119/121] 혜화역 (primary=KEY_3)
2026-06-29 17:10:17,378 [INFO] [120/121] 홍대입구역(2호선) (primary=KEY_4)
2026-06-29 17:10:18,733 [INFO] [121/121] 회기역 (primary=KEY_1)
2026-06-29 17:10:22,156 [INFO] === 수집 완료 | 성공 121, 실패 0 ===
2026-06-29 17:10:22,156 [INFO] 카테고리별 저장 결과:
2026-06-29 17:10:22,156 [INFO]    accident                  | 신규     4행 | 누적     57행 | 16컬럼
2026-06-29 17:10:22,156 [INFO]    accident_acdnt_cntrl_stts | 신규     2행 | 누적     14행 | 16컬럼
2026-06-29 17:10:22,156 [INFO]    area_meta                 | 신규   121행 | 누적   1573행 | 5컬럼
2026-06-29 17:10:22,156 [INFO]    bike                      | 신규    12행 | 누적    156행 | 12컬럼
2026-06-29 17:10:22,156 [INFO]    bike_sbike_stts           | 신규   554행 | 누적   7213행 | 12컬럼
2026-06-29 17:10:22,156 [INFO]    bus                       | 신규     3행 | 누적     39행 | 11컬럼
2026-06-29 17:10:22,157 [INFO]    bus_bus_stn_stts          | 신규  1745행 | 누적  22685행 | 11컬럼
2026-06-29 17:10:22,157 [INFO]    charger                   | 신규    11행 | 누적    200행 | 15컬럼
2026-06-29 17:10:22,157 [INFO]    charger_charger_stts      | 신규   725행 | 누적  11927행 | 15컬럼
2026-06-29 17:10:22,157 [INFO]    cmrcl                     | 신규    82행 | 누적   1066행 | 21컬럼
2026-06-29 17:10:22,157 [INFO]    disaster                  | 신규     9행 | 누적     13행 | 9컬럼
2026-06-29 17:10:22,157 [INFO]    events                    | 신규     8행 | 누적    109행 | 14컬럼
2026-06-29 17:10:22,157 [INFO]    events_event_stts         | 신규   132행 | 누적   1726행 | 14컬럼
2026-06-29 17:10:22,157 [INFO]    news                      | 신규   120행 | 누적    360행 | 10컬럼
2026-06-29 17:10:22,157 [INFO]    parking                   | 신규     6행 | 누적     78행 | 21컬럼
2026-06-29 17:10:22,157 [INFO]    parking_prk_stts          | 신규  1833행 | 누적  23829행 | 21컬럼
2026-06-29 17:10:22,157 [INFO]    ppltn                     | 신규   121행 | 누적   1572행 | 26컬럼
2026-06-29 17:10:22,157 [INFO]    road                      | 신규   121행 | 누적   1573행 | 21컬럼
2026-06-29 17:10:22,157 [INFO]    road_road_traffic_stts    | 신규  5260행 | 누적  68380행 | 17컬럼
2026-06-29 17:10:22,157 [INFO]    subway                    | 신규    38행 | 누적    494행 | 13컬럼
2026-06-29 17:10:22,157 [INFO]    subway_sub_stts           | 신규   183행 | 누적   2379행 | 13컬럼
2026-06-29 17:10:22,157 [INFO]    weather                   | 신규   119행 | 누적   1547행 | 29컬럼
2026-06-29 17:10:22,157 [INFO] 키별 사용량:
2026-06-29 17:10:22,158 [INFO]    🟢 KEY_1 (31/1000) 
2026-06-29 17:10:22,158 [INFO]    🟢 KEY_2 (30/1000) 
2026-06-29 17:10:22,158 [INFO]    🟢 KEY_3 (30/1000) 
2026-06-29 17:10:22,158 [INFO]    🟢 KEY_4 (30/1000) 
2026-06-29 19:46:17,158 [INFO] 등록된 키: 4개, 합산 한도 4,000건/일
2026-06-29 19:46:17,159 [INFO] POI 로드: 매뉴얼 v8.5 기준 fallback 121개 (121개 전체)
2026-06-29 19:46:17,159 [INFO] === 수집 시작 2026-06-29T19:46:17.159170+09:00 ===
2026-06-29 19:46:17,159 [INFO] 대상 장소: 121개 | API: citydata (통합)
2026-06-29 19:46:17,159 [INFO] 키 풀: 4/4 활성 | 오늘 사용 0/4000건
2026-06-29 19:46:17,159 [INFO]   [KEY_1] 담당 31장소
2026-06-29 19:46:17,159 [INFO]   [KEY_2] 담당 30장소
2026-06-29 19:46:17,159 [INFO]   [KEY_3] 담당 30장소
2026-06-29 19:46:17,159 [INFO]   [KEY_4] 담당 30장소
2026-06-29 19:46:17,159 [INFO] [1/121] 경복궁 (primary=KEY_1)
2026-06-29 19:46:19,626 [INFO] [2/121] 광화문·덕수궁 (primary=KEY_2)
2026-06-29 19:46:22,147 [INFO] [3/121] 보신각 (primary=KEY_3)
2026-06-29 19:46:24,278 [INFO] [4/121] 서울 암사동 유적 (primary=KEY_4)
2026-06-29 19:46:26,212 [INFO] [5/121] 창덕궁·종묘 (primary=KEY_1)
2026-06-29 19:46:28,335 [INFO] [6/121] 강남 MICE 관광특구 (primary=KEY_2)
2026-06-29 19:46:29,702 [INFO] [7/121] 동대문 관광특구 (primary=KEY_3)
2026-06-29 19:46:32,058 [INFO] [8/121] 명동 관광특구 (primary=KEY_4)
2026-06-29 19:46:33,873 [INFO] [9/121] 이태원 관광특구 (primary=KEY_1)
2026-06-29 19:46:35,260 [INFO] [10/121] 잠실 관광특구 (primary=KEY_2)
2026-06-29 19:46:37,856 [INFO] [11/121] 종로·청계 관광특구 (primary=KEY_3)
2026-06-29 19:46:40,587 [INFO] [12/121] 홍대 관광특구 (primary=KEY_4)
2026-06-29 19:46:43,303 [INFO] [13/121] 강서한강공원 (primary=KEY_1)
2026-06-29 19:46:44,632 [INFO] [14/121] 고척돔 (primary=KEY_2)
2026-06-29 19:46:45,778 [INFO] [15/121] 광나루한강공원 (primary=KEY_3)
2026-06-29 19:46:47,113 [INFO] [16/121] 광화문광장 (primary=KEY_4)
2026-06-29 19:46:49,810 [INFO] [17/121] 국립중앙박물관·용산가족공원 (primary=KEY_1)
2026-06-29 19:46:51,953 [INFO] [18/121] 난지한강공원 (primary=KEY_2)
2026-06-29 19:46:54,022 [INFO] [19/121] 남산공원 (primary=KEY_3)
2026-06-29 19:46:56,368 [INFO] [20/121] 노들섬 (primary=KEY_4)
2026-06-29 19:46:58,467 [INFO] [21/121] 뚝섬한강공원 (primary=KEY_1)
2026-06-29 19:47:00,760 [INFO] [22/121] 망원한강공원 (primary=KEY_2)
2026-06-29 19:47:02,905 [INFO] [23/121] 반포한강공원 (primary=KEY_3)
2026-06-29 19:47:05,187 [INFO] [24/121] 보라매공원 (primary=KEY_4)
2026-06-29 19:47:06,357 [INFO] [25/121] 북서울꿈의숲 (primary=KEY_1)
2026-06-29 19:47:07,697 [INFO] [26/121] 서대문독립공원 (primary=KEY_2)
2026-06-29 19:47:09,976 [INFO] [27/121] 서리풀공원·몽마르뜨공원 (primary=KEY_3)
2026-06-29 19:47:12,156 [INFO] [28/121] 서울대공원 (primary=KEY_4)
2026-06-29 19:47:13,294 [INFO] [29/121] 서울숲공원 (primary=KEY_1)
2026-06-29 19:47:15,782 [INFO] [30/121] 송현녹지광장 (primary=KEY_2)
2026-06-29 19:47:17,917 [INFO] [31/121] 아차산 (primary=KEY_3)
2026-06-29 19:47:19,066 [INFO] [32/121] 안양천 (primary=KEY_4)
2026-06-29 19:47:20,984 [INFO] [33/121] 양화한강공원 (primary=KEY_1)
2026-06-29 19:47:22,133 [INFO] [34/121] 어린이대공원 (primary=KEY_2)
2026-06-29 19:47:23,477 [INFO] [35/121] 여의도한강공원 (primary=KEY_3)
2026-06-29 19:47:24,847 [INFO] [36/121] 여의서로 (primary=KEY_4)
2026-06-29 19:47:26,184 [INFO] [37/121] 올림픽공원 (primary=KEY_1)
2026-06-29 19:47:27,753 [INFO] [38/121] 월드컵공원 (primary=KEY_2)
2026-06-29 19:47:29,325 [INFO] [39/121] 응봉산 (primary=KEY_3)
2026-06-29 19:47:30,655 [INFO] [40/121] 이촌한강공원 (primary=KEY_4)
2026-06-29 19:47:32,107 [INFO] [41/121] 잠실종합운동장 (primary=KEY_1)
2026-06-29 19:47:33,253 [INFO] [42/121] 잠실한강공원 (primary=KEY_2)
2026-06-29 19:47:34,409 [INFO] [43/121] 잠원한강공원 (primary=KEY_3)
2026-06-29 19:47:35,564 [INFO] [44/121] 청계산 (primary=KEY_4)
2026-06-29 19:47:36,714 [INFO] [45/121] 홍제폭포 (primary=KEY_1)
2026-06-29 19:47:38,614 [INFO] [46/121] 가락시장 (primary=KEY_2)
2026-06-29 19:47:39,973 [INFO] [47/121] 가로수길 (primary=KEY_3)
2026-06-29 19:47:41,346 [INFO] [48/121] 광장(전통)시장 (primary=KEY_4)
2026-06-29 19:47:42,507 [INFO] [49/121] 김포공항 (primary=KEY_1)
2026-06-29 19:47:44,078 [INFO] [50/121] 남대문시장 (primary=KEY_2)
2026-06-29 19:47:45,419 [INFO] [51/121] 노량진 (primary=KEY_3)
2026-06-29 19:47:46,776 [INFO] [52/121] 덕수궁길·정동길 (primary=KEY_4)
2026-06-29 19:47:48,184 [INFO] [53/121] 북창동 먹자골목 (primary=KEY_1)
2026-06-29 19:47:49,721 [INFO] [54/121] 북촌한옥마을 (primary=KEY_2)
2026-06-29 19:47:51,270 [INFO] [55/121] 서촌 (primary=KEY_3)
2026-06-29 19:47:52,602 [INFO] [56/121] 성수카페거리 (primary=KEY_4)
2026-06-29 19:47:54,907 [INFO] [57/121] 송리단길·호수단길 (primary=KEY_1)
2026-06-29 19:47:56,329 [INFO] [58/121] 신촌 스타광장 (primary=KEY_2)
2026-06-29 19:47:57,488 [INFO] [59/121] 압구정로데오거리 (primary=KEY_3)
2026-06-29 19:47:58,869 [INFO] [60/121] 여의도 (primary=KEY_4)
2026-06-29 19:48:01,111 [INFO] [61/121] 연남동 (primary=KEY_1)
2026-06-29 19:48:02,447 [INFO] [62/121] 영등포 타임스퀘어 (primary=KEY_2)
2026-06-29 19:48:03,823 [INFO] [63/121] 용리단길 (primary=KEY_3)
2026-06-29 19:48:05,193 [INFO] [64/121] 이태원 앤틱가구거리 (primary=KEY_4)
2026-06-29 19:48:06,546 [INFO] [65/121] 익선동 (primary=KEY_1)
2026-06-29 19:48:07,910 [INFO] [66/121] 인사동 (primary=KEY_2)
2026-06-29 19:48:09,493 [INFO] [67/121] 잠실롯데타워·석촌호수 (primary=KEY_3)
2026-06-29 19:48:12,031 [INFO] [68/121] 창동 신경제 중심지 (primary=KEY_4)
2026-06-29 19:48:13,792 [INFO] [69/121] 청담동 명품거리 (primary=KEY_1)
2026-06-29 19:48:15,142 [INFO] [70/121] 청량리 제기동 일대 전통시장 (primary=KEY_2)
2026-06-29 19:48:16,484 [INFO] [71/121] 해방촌·경리단길 (primary=KEY_3)
2026-06-29 19:48:17,838 [INFO] [72/121] DDP(동대문디자인플라자) (primary=KEY_4)
2026-06-29 19:48:19,215 [INFO] [73/121] DMC(디지털미디어시티) (primary=KEY_1)
2026-06-29 19:48:21,019 [INFO] [74/121] 가산디지털단지역 (primary=KEY_2)
2026-06-29 19:48:22,970 [INFO] [75/121] 강남역 (primary=KEY_3)
2026-06-29 19:48:24,545 [INFO] [76/121] 건대입구역 (primary=KEY_4)
2026-06-29 19:48:25,928 [INFO] [77/121] 고덕역 (primary=KEY_1)
2026-06-29 19:48:27,293 [INFO] [78/121] 고속터미널역 (primary=KEY_2)
2026-06-29 19:48:28,680 [INFO] [79/121] 교대역 (primary=KEY_3)
2026-06-29 19:48:30,058 [INFO] [80/121] 구로디지털단지역 (primary=KEY_4)
2026-06-29 19:48:31,808 [INFO] [81/121] 구로역 (primary=KEY_1)
2026-06-29 19:48:33,157 [INFO] [82/121] 군자역 (primary=KEY_2)
2026-06-29 19:48:34,534 [INFO] [83/121] 대림역 (primary=KEY_3)
2026-06-29 19:48:36,660 [INFO] [84/121] 동대문역 (primary=KEY_4)
2026-06-29 19:48:38,042 [INFO] [85/121] 뚝섬역 (primary=KEY_1)
2026-06-29 19:48:40,218 [INFO] [86/121] 미아사거리역 (primary=KEY_2)
2026-06-29 19:48:43,499 [INFO] [87/121] 발산역 (primary=KEY_3)
2026-06-29 19:48:46,038 [INFO] [88/121] 사당역 (primary=KEY_4)
2026-06-29 19:48:48,164 [INFO] [89/121] 삼각지역 (primary=KEY_1)
2026-06-29 19:48:50,284 [INFO] [90/121] 서울대입구역 (primary=KEY_2)
2026-06-29 19:48:52,435 [INFO] [91/121] 서울식물원·마곡나루역 (primary=KEY_3)
2026-06-29 19:48:54,765 [INFO] [92/121] 서울역 (primary=KEY_4)
2026-06-29 19:48:57,123 [INFO] [93/121] 선릉역 (primary=KEY_1)
2026-06-29 19:48:59,674 [INFO] [94/121] 성신여대입구역 (primary=KEY_2)
2026-06-29 19:49:01,912 [INFO] [95/121] 수유역 (primary=KEY_3)
2026-06-29 19:49:04,032 [INFO] [96/121] 숭례문 (primary=KEY_4)
2026-06-29 19:49:05,609 [INFO] [97/121] 시의회 앞 (primary=KEY_1)
2026-06-29 19:49:06,967 [INFO] [98/121] 신논현역·논현역 (primary=KEY_2)
2026-06-29 19:49:08,349 [INFO] [99/121] 신도림역 (primary=KEY_3)
2026-06-29 19:49:10,307 [INFO] [100/121] 신림역 (primary=KEY_4)
2026-06-29 19:49:12,445 [INFO] [101/121] 신정네거리역 (primary=KEY_1)
2026-06-29 19:49:13,781 [INFO] [102/121] 신촌·이대역 (primary=KEY_2)
2026-06-29 19:49:15,737 [INFO] [103/121] 쌍문역 (primary=KEY_3)
2026-06-29 19:49:18,250 [INFO] [104/121] 양재역 (primary=KEY_4)
2026-06-29 19:49:20,369 [INFO] [105/121] 역삼역 (primary=KEY_1)
2026-06-29 19:49:21,970 [INFO] [106/121] 연신내역 (primary=KEY_2)
2026-06-29 19:49:23,153 [INFO] [107/121] 오목교역·목동운동장 (primary=KEY_3)
2026-06-29 19:49:25,910 [INFO] [108/121] 왕십리역 (primary=KEY_4)
2026-06-29 19:49:28,415 [INFO] [109/121] 용산역 (primary=KEY_1)
2026-06-29 19:49:30,925 [INFO] [110/121] 이태원역 (primary=KEY_2)
2026-06-29 19:49:32,856 [INFO] [111/121] 잠실새내역 (primary=KEY_3)
2026-06-29 19:49:34,223 [INFO] [112/121] 잠실역 (primary=KEY_4)
2026-06-29 19:49:36,531 [INFO] [113/121] 장지역 (primary=KEY_1)
2026-06-29 19:49:38,859 [INFO] [114/121] 장한평역 (primary=KEY_2)
2026-06-29 19:49:40,227 [INFO] [115/121] 천호역 (primary=KEY_3)
2026-06-29 19:49:41,791 [INFO] [116/121] 총신대입구(이수)역 (primary=KEY_4)
2026-06-29 19:49:44,108 [INFO] [117/121] 충정로역 (primary=KEY_1)
2026-06-29 19:49:45,475 [INFO] [118/121] 합정역 (primary=KEY_2)
2026-06-29 19:49:47,024 [INFO] [119/121] 혜화역 (primary=KEY_3)
2026-06-29 19:49:48,399 [INFO] [120/121] 홍대입구역(2호선) (primary=KEY_4)
2026-06-29 19:49:49,775 [INFO] [121/121] 회기역 (primary=KEY_1)
2026-06-29 19:49:53,528 [INFO] === 수집 완료 | 성공 121, 실패 0 ===
2026-06-29 19:49:53,528 [INFO] 카테고리별 저장 결과:
2026-06-29 19:49:53,528 [INFO]    accident                  | 신규     3행 | 누적     60행 | 16컬럼
2026-06-29 19:49:53,528 [INFO]    accident_acdnt_cntrl_stts | 신규     2행 | 누적     16행 | 16컬럼
2026-06-29 19:49:53,528 [INFO]    area_meta                 | 신규   121행 | 누적   1694행 | 5컬럼
2026-06-29 19:49:53,528 [INFO]    bike                      | 신규    12행 | 누적    168행 | 12컬럼
2026-06-29 19:49:53,528 [INFO]    bike_sbike_stts           | 신규   554행 | 누적   7767행 | 12컬럼
2026-06-29 19:49:53,528 [INFO]    bus                       | 신규     3행 | 누적     42행 | 11컬럼
2026-06-29 19:49:53,528 [INFO]    bus_bus_stn_stts          | 신규  1745행 | 누적  24430행 | 11컬럼
2026-06-29 19:49:53,528 [INFO]    charger                   | 신규     4행 | 누적    204행 | 15컬럼
2026-06-29 19:49:53,528 [INFO]    charger_charger_stts      | 신규  1915행 | 누적  13827행 | 15컬럼
2026-06-29 19:49:53,528 [INFO]    cmrcl                     | 신규    82행 | 누적   1148행 | 21컬럼
2026-06-29 19:49:53,529 [INFO]    disaster                  | 신규     9행 | 누적     22행 | 9컬럼
2026-06-29 19:49:53,529 [INFO]    events                    | 신규     8행 | 누적    117행 | 14컬럼
2026-06-29 19:49:53,529 [INFO]    events_event_stts         | 신규   132행 | 누적   1858행 | 14컬럼
2026-06-29 19:49:53,529 [INFO]    news                      | 신규   120행 | 누적    480행 | 10컬럼
2026-06-29 19:49:53,529 [INFO]    parking                   | 신규     6행 | 누적     84행 | 21컬럼
2026-06-29 19:49:53,529 [INFO]    parking_prk_stts          | 신규  1833행 | 누적  25662행 | 21컬럼
2026-06-29 19:49:53,529 [INFO]    ppltn                     | 신규   121행 | 누적   1693행 | 26컬럼
2026-06-29 19:49:53,529 [INFO]    road                      | 신규   121행 | 누적   1694행 | 21컬럼
2026-06-29 19:49:53,529 [INFO]    road_road_traffic_stts    | 신규  5260행 | 누적  73640행 | 17컬럼
2026-06-29 19:49:53,529 [INFO]    subway                    | 신규    38행 | 누적    532행 | 13컬럼
2026-06-29 19:49:53,529 [INFO]    subway_sub_stts           | 신규   183행 | 누적   2562행 | 13컬럼
2026-06-29 19:49:53,529 [INFO]    weather                   | 신규   119행 | 누적   1666행 | 29컬럼
2026-06-29 19:49:53,529 [INFO] 키별 사용량:
2026-06-29 19:49:53,529 [INFO]    🟢 KEY_1 (31/1000) 
2026-06-29 19:49:53,529 [INFO]    🟢 KEY_2 (30/1000) 
2026-06-29 19:49:53,529 [INFO]    🟢 KEY_3 (30/1000) 
2026-06-29 19:49:53,530 [INFO]    🟢 KEY_4 (30/1000) 
2026-06-29 21:40:35,951 [INFO] 등록된 키: 4개, 합산 한도 4,000건/일
2026-06-29 21:40:35,952 [INFO] POI 로드: 매뉴얼 v8.5 기준 fallback 121개 (121개 전체)
2026-06-29 21:40:35,952 [INFO] === 수집 시작 2026-06-29T21:40:35.952361+09:00 ===
2026-06-29 21:40:35,952 [INFO] 대상 장소: 121개 | API: citydata (통합)
2026-06-29 21:40:35,952 [INFO] 키 풀: 4/4 활성 | 오늘 사용 0/4000건
2026-06-29 21:40:35,952 [INFO]   [KEY_1] 담당 31장소
2026-06-29 21:40:35,952 [INFO]   [KEY_2] 담당 30장소
2026-06-29 21:40:35,952 [INFO]   [KEY_3] 담당 30장소
2026-06-29 21:40:35,952 [INFO]   [KEY_4] 담당 30장소
2026-06-29 21:40:35,952 [INFO] [1/121] 경복궁 (primary=KEY_1)
2026-06-29 21:40:38,256 [INFO] [2/121] 광화문·덕수궁 (primary=KEY_2)
2026-06-29 21:40:40,619 [INFO] [3/121] 보신각 (primary=KEY_3)
2026-06-29 21:40:42,619 [INFO] [4/121] 서울 암사동 유적 (primary=KEY_4)
2026-06-29 21:40:44,533 [INFO] [5/121] 창덕궁·종묘 (primary=KEY_1)
2026-06-29 21:40:47,010 [INFO] [6/121] 강남 MICE 관광특구 (primary=KEY_2)
2026-06-29 21:40:48,932 [INFO] [7/121] 동대문 관광특구 (primary=KEY_3)
2026-06-29 21:40:51,299 [INFO] [8/121] 명동 관광특구 (primary=KEY_4)
2026-06-29 21:40:53,107 [INFO] [9/121] 이태원 관광특구 (primary=KEY_1)
2026-06-29 21:40:54,467 [INFO] [10/121] 잠실 관광특구 (primary=KEY_2)
2026-06-29 21:40:56,272 [INFO] [11/121] 종로·청계 관광특구 (primary=KEY_3)
2026-06-29 21:40:58,816 [INFO] [12/121] 홍대 관광특구 (primary=KEY_4)
2026-06-29 21:41:01,588 [INFO] [13/121] 강서한강공원 (primary=KEY_1)
2026-06-29 21:41:03,513 [INFO] [14/121] 고척돔 (primary=KEY_2)
2026-06-29 21:41:05,436 [INFO] [15/121] 광나루한강공원 (primary=KEY_3)
2026-06-29 21:41:06,774 [INFO] [16/121] 광화문광장 (primary=KEY_4)
2026-06-29 21:41:08,131 [INFO] [17/121] 국립중앙박물관·용산가족공원 (primary=KEY_1)
2026-06-29 21:41:10,421 [INFO] [18/121] 난지한강공원 (primary=KEY_2)
2026-06-29 21:41:11,565 [INFO] [19/121] 남산공원 (primary=KEY_3)
2026-06-29 21:41:13,123 [INFO] [20/121] 노들섬 (primary=KEY_4)
2026-06-29 21:41:15,032 [INFO] [21/121] 뚝섬한강공원 (primary=KEY_1)
2026-06-29 21:41:17,335 [INFO] [22/121] 망원한강공원 (primary=KEY_2)
2026-06-29 21:41:18,702 [INFO] [23/121] 반포한강공원 (primary=KEY_3)
2026-06-29 21:41:19,845 [INFO] [24/121] 보라매공원 (primary=KEY_4)
2026-06-29 21:41:21,005 [INFO] [25/121] 북서울꿈의숲 (primary=KEY_1)
2026-06-29 21:41:23,128 [INFO] [26/121] 서대문독립공원 (primary=KEY_2)
2026-06-29 21:41:25,443 [INFO] [27/121] 서리풀공원·몽마르뜨공원 (primary=KEY_3)
2026-06-29 21:41:27,756 [INFO] [28/121] 서울대공원 (primary=KEY_4)
2026-06-29 21:41:28,903 [INFO] [29/121] 서울숲공원 (primary=KEY_1)
2026-06-29 21:41:31,040 [INFO] [30/121] 송현녹지광장 (primary=KEY_2)
2026-06-29 21:41:33,369 [INFO] [31/121] 아차산 (primary=KEY_3)
2026-06-29 21:41:35,461 [INFO] [32/121] 안양천 (primary=KEY_4)
2026-06-29 21:41:36,601 [INFO] [33/121] 양화한강공원 (primary=KEY_1)
2026-06-29 21:41:37,744 [INFO] [34/121] 어린이대공원 (primary=KEY_2)
2026-06-29 21:41:38,925 [INFO] [35/121] 여의도한강공원 (primary=KEY_3)
2026-06-29 21:41:40,270 [INFO] [36/121] 여의서로 (primary=KEY_4)
2026-06-29 21:41:41,412 [INFO] [37/121] 올림픽공원 (primary=KEY_1)
2026-06-29 21:41:42,787 [INFO] [38/121] 월드컵공원 (primary=KEY_2)
2026-06-29 21:41:44,366 [INFO] [39/121] 응봉산 (primary=KEY_3)
2026-06-29 21:41:45,697 [INFO] [40/121] 이촌한강공원 (primary=KEY_4)
2026-06-29 21:41:46,846 [INFO] [41/121] 잠실종합운동장 (primary=KEY_1)
2026-06-29 21:41:47,987 [INFO] [42/121] 잠실한강공원 (primary=KEY_2)
2026-06-29 21:41:49,146 [INFO] [43/121] 잠원한강공원 (primary=KEY_3)
2026-06-29 21:41:50,293 [INFO] [44/121] 청계산 (primary=KEY_4)
2026-06-29 21:41:51,440 [INFO] [45/121] 홍제폭포 (primary=KEY_1)
2026-06-29 21:41:52,579 [INFO] [46/121] 가락시장 (primary=KEY_2)
2026-06-29 21:41:53,934 [INFO] [47/121] 가로수길 (primary=KEY_3)
2026-06-29 21:41:55,287 [INFO] [48/121] 광장(전통)시장 (primary=KEY_4)
2026-06-29 21:41:56,464 [INFO] [49/121] 김포공항 (primary=KEY_1)
2026-06-29 21:41:57,844 [INFO] [50/121] 남대문시장 (primary=KEY_2)
2026-06-29 21:41:59,193 [INFO] [51/121] 노량진 (primary=KEY_3)
2026-06-29 21:42:00,544 [INFO] [52/121] 덕수궁길·정동길 (primary=KEY_4)
2026-06-29 21:42:02,673 [INFO] [53/121] 북창동 먹자골목 (primary=KEY_1)
2026-06-29 21:42:03,824 [INFO] [54/121] 북촌한옥마을 (primary=KEY_2)
2026-06-29 21:42:05,200 [INFO] [55/121] 서촌 (primary=KEY_3)
2026-06-29 21:42:06,538 [INFO] [56/121] 성수카페거리 (primary=KEY_4)
2026-06-29 21:42:07,887 [INFO] [57/121] 송리단길·호수단길 (primary=KEY_1)
2026-06-29 21:42:10,014 [INFO] [58/121] 신촌 스타광장 (primary=KEY_2)
2026-06-29 21:42:11,163 [INFO] [59/121] 압구정로데오거리 (primary=KEY_3)
2026-06-29 21:42:12,499 [INFO] [60/121] 여의도 (primary=KEY_4)
2026-06-29 21:42:14,481 [INFO] [61/121] 연남동 (primary=KEY_1)
2026-06-29 21:42:15,823 [INFO] [62/121] 영등포 타임스퀘어 (primary=KEY_2)
2026-06-29 21:42:17,171 [INFO] [63/121] 용리단길 (primary=KEY_3)
2026-06-29 21:42:18,353 [INFO] [64/121] 이태원 앤틱가구거리 (primary=KEY_4)
2026-06-29 21:42:19,684 [INFO] [65/121] 익선동 (primary=KEY_1)
2026-06-29 21:42:21,044 [INFO] [66/121] 인사동 (primary=KEY_2)
2026-06-29 21:42:22,409 [INFO] [67/121] 잠실롯데타워·석촌호수 (primary=KEY_3)
2026-06-29 21:42:24,772 [INFO] [68/121] 창동 신경제 중심지 (primary=KEY_4)
2026-06-29 21:42:26,389 [INFO] [69/121] 청담동 명품거리 (primary=KEY_1)
2026-06-29 21:42:27,743 [INFO] [70/121] 청량리 제기동 일대 전통시장 (primary=KEY_2)
2026-06-29 21:42:29,119 [INFO] [71/121] 해방촌·경리단길 (primary=KEY_3)
2026-06-29 21:42:30,290 [INFO] [72/121] DDP(동대문디자인플라자) (primary=KEY_4)
2026-06-29 21:42:31,654 [INFO] [73/121] DMC(디지털미디어시티) (primary=KEY_1)
2026-06-29 21:42:33,222 [INFO] [74/121] 가산디지털단지역 (primary=KEY_2)
2026-06-29 21:42:34,774 [INFO] [75/121] 강남역 (primary=KEY_3)
2026-06-29 21:42:36,331 [INFO] [76/121] 건대입구역 (primary=KEY_4)
2026-06-29 21:42:37,683 [INFO] [77/121] 고덕역 (primary=KEY_1)
2026-06-29 21:42:39,021 [INFO] [78/121] 고속터미널역 (primary=KEY_2)
2026-06-29 21:42:40,183 [INFO] [79/121] 교대역 (primary=KEY_3)
2026-06-29 21:42:41,351 [INFO] [80/121] 구로디지털단지역 (primary=KEY_4)
2026-06-29 21:42:42,698 [INFO] [81/121] 구로역 (primary=KEY_1)
2026-06-29 21:42:43,850 [INFO] [82/121] 군자역 (primary=KEY_2)
2026-06-29 21:42:45,217 [INFO] [83/121] 대림역 (primary=KEY_3)
2026-06-29 21:42:46,573 [INFO] [84/121] 동대문역 (primary=KEY_4)
2026-06-29 21:42:47,935 [INFO] [85/121] 뚝섬역 (primary=KEY_1)
2026-06-29 21:42:49,310 [INFO] [86/121] 미아사거리역 (primary=KEY_2)
2026-06-29 21:42:50,670 [INFO] [87/121] 발산역 (primary=KEY_3)
2026-06-29 21:42:52,237 [INFO] [88/121] 사당역 (primary=KEY_4)
2026-06-29 21:42:53,603 [INFO] [89/121] 삼각지역 (primary=KEY_1)
2026-06-29 21:42:54,763 [INFO] [90/121] 서울대입구역 (primary=KEY_2)
2026-06-29 21:42:56,114 [INFO] [91/121] 서울식물원·마곡나루역 (primary=KEY_3)
2026-06-29 21:42:58,249 [INFO] [92/121] 서울역 (primary=KEY_4)
2026-06-29 21:42:59,654 [INFO] [93/121] 선릉역 (primary=KEY_1)
2026-06-29 21:43:01,243 [INFO] [94/121] 성신여대입구역 (primary=KEY_2)
2026-06-29 21:43:02,417 [INFO] [95/121] 수유역 (primary=KEY_3)
2026-06-29 21:43:03,780 [INFO] [96/121] 숭례문 (primary=KEY_4)
2026-06-29 21:43:05,168 [INFO] [97/121] 시의회 앞 (primary=KEY_1)
2026-06-29 21:43:06,571 [INFO] [98/121] 신논현역·논현역 (primary=KEY_2)
2026-06-29 21:43:07,937 [INFO] [99/121] 신도림역 (primary=KEY_3)
2026-06-29 21:43:09,124 [INFO] [100/121] 신림역 (primary=KEY_4)
2026-06-29 21:43:10,307 [INFO] [101/121] 신정네거리역 (primary=KEY_1)
2026-06-29 21:43:11,467 [INFO] [102/121] 신촌·이대역 (primary=KEY_2)
2026-06-29 21:43:12,833 [INFO] [103/121] 쌍문역 (primary=KEY_3)
2026-06-29 21:43:14,176 [INFO] [104/121] 양재역 (primary=KEY_4)
2026-06-29 21:43:15,532 [INFO] [105/121] 역삼역 (primary=KEY_1)
2026-06-29 21:43:16,902 [INFO] [106/121] 연신내역 (primary=KEY_2)
2026-06-29 21:43:18,073 [INFO] [107/121] 오목교역·목동운동장 (primary=KEY_3)
2026-06-29 21:43:20,384 [INFO] [108/121] 왕십리역 (primary=KEY_4)
2026-06-29 21:43:22,957 [INFO] [109/121] 용산역 (primary=KEY_1)
2026-06-29 21:43:25,306 [INFO] [110/121] 이태원역 (primary=KEY_2)
2026-06-29 21:43:26,476 [INFO] [111/121] 잠실새내역 (primary=KEY_3)
2026-06-29 21:43:27,825 [INFO] [112/121] 잠실역 (primary=KEY_4)
2026-06-29 21:43:30,142 [INFO] [113/121] 장지역 (primary=KEY_1)
2026-06-29 21:43:32,465 [INFO] [114/121] 장한평역 (primary=KEY_2)
2026-06-29 21:43:34,603 [INFO] [115/121] 천호역 (primary=KEY_3)
2026-06-29 21:43:37,128 [INFO] [116/121] 총신대입구(이수)역 (primary=KEY_4)
2026-06-29 21:43:38,485 [INFO] [117/121] 충정로역 (primary=KEY_1)
2026-06-29 21:43:41,012 [INFO] [118/121] 합정역 (primary=KEY_2)
2026-06-29 21:43:42,404 [INFO] [119/121] 혜화역 (primary=KEY_3)
2026-06-29 21:43:43,759 [INFO] [120/121] 홍대입구역(2호선) (primary=KEY_4)
2026-06-29 21:43:45,893 [INFO] [121/121] 회기역 (primary=KEY_1)
2026-06-29 21:43:49,726 [INFO] === 수집 완료 | 성공 121, 실패 0 ===
2026-06-29 21:43:49,727 [INFO] 카테고리별 저장 결과:
2026-06-29 21:43:49,727 [INFO]    accident                  | 신규    11행 | 누적     71행 | 16컬럼
2026-06-29 21:43:49,727 [INFO]    area_meta                 | 신규   121행 | 누적   1815행 | 5컬럼
2026-06-29 21:43:49,727 [INFO]    bike                      | 신규    12행 | 누적    180행 | 12컬럼
2026-06-29 21:43:49,727 [INFO]    bike_sbike_stts           | 신규   554행 | 누적   8321행 | 12컬럼
2026-06-29 21:43:49,727 [INFO]    bus                       | 신규     3행 | 누적     45행 | 11컬럼
2026-06-29 21:43:49,727 [INFO]    bus_bus_stn_stts          | 신규  1745행 | 누적  26175행 | 11컬럼
2026-06-29 21:43:49,727 [INFO]    charger                   | 신규    25행 | 누적    229행 | 15컬럼
2026-06-29 21:43:49,727 [INFO]    charger_charger_stts      | 신규   340행 | 누적  14165행 | 15컬럼
2026-06-29 21:43:49,727 [INFO]    cmrcl                     | 신규    82행 | 누적   1230행 | 21컬럼
2026-06-29 21:43:49,727 [INFO]    disaster                  | 신규     9행 | 누적     31행 | 9컬럼
2026-06-29 21:43:49,727 [INFO]    events                    | 신규     8행 | 누적    125행 | 14컬럼
2026-06-29 21:43:49,727 [INFO]    events_event_stts         | 신규   132행 | 누적   1990행 | 14컬럼
2026-06-29 21:43:49,727 [INFO]    news                      | 신규   120행 | 누적    600행 | 10컬럼
2026-06-29 21:43:49,727 [INFO]    parking                   | 신규     6행 | 누적     90행 | 21컬럼
2026-06-29 21:43:49,727 [INFO]    parking_prk_stts          | 신규  1833행 | 누적  27495행 | 21컬럼
2026-06-29 21:43:49,727 [INFO]    ppltn                     | 신규   121행 | 누적   1814행 | 26컬럼
2026-06-29 21:43:49,727 [INFO]    road                      | 신규   121행 | 누적   1815행 | 21컬럼
2026-06-29 21:43:49,727 [INFO]    road_road_traffic_stts    | 신규  5260행 | 누적  78900행 | 17컬럼
2026-06-29 21:43:49,727 [INFO]    subway                    | 신규    38행 | 누적    570행 | 13컬럼
2026-06-29 21:43:49,727 [INFO]    subway_sub_stts           | 신규   183행 | 누적   2745행 | 13컬럼
2026-06-29 21:43:49,728 [INFO]    weather                   | 신규   119행 | 누적   1785행 | 29컬럼
2026-06-29 21:43:49,728 [INFO] 키별 사용량:
2026-06-29 21:43:49,728 [INFO]    🟢 KEY_1 (31/1000) 
2026-06-29 21:43:49,728 [INFO]    🟢 KEY_2 (30/1000) 
2026-06-29 21:43:49,728 [INFO]    🟢 KEY_3 (30/1000) 
2026-06-29 21:43:49,728 [INFO]    🟢 KEY_4 (30/1000) 
2026-06-29 23:31:41,934 [INFO] 등록된 키: 4개, 합산 한도 4,000건/일
2026-06-29 23:31:41,935 [INFO] POI 로드: 매뉴얼 v8.5 기준 fallback 121개 (121개 전체)
2026-06-29 23:31:41,935 [INFO] === 수집 시작 2026-06-29T23:31:41.935554+09:00 ===
2026-06-29 23:31:41,935 [INFO] 대상 장소: 121개 | API: citydata (통합)
2026-06-29 23:31:41,935 [INFO] 키 풀: 4/4 활성 | 오늘 사용 0/4000건
2026-06-29 23:31:41,935 [INFO]   [KEY_1] 담당 31장소
2026-06-29 23:31:41,935 [INFO]   [KEY_2] 담당 30장소
2026-06-29 23:31:41,935 [INFO]   [KEY_3] 담당 30장소
2026-06-29 23:31:41,936 [INFO]   [KEY_4] 담당 30장소
2026-06-29 23:31:41,936 [INFO] [1/121] 경복궁 (primary=KEY_1)
2026-06-29 23:31:43,631 [INFO] [2/121] 광화문·덕수궁 (primary=KEY_2)
2026-06-29 23:31:45,616 [INFO] [3/121] 보신각 (primary=KEY_3)
2026-06-29 23:31:46,747 [INFO] [4/121] 서울 암사동 유적 (primary=KEY_4)
2026-06-29 23:31:48,269 [INFO] [5/121] 창덕궁·종묘 (primary=KEY_1)
2026-06-29 23:31:49,934 [INFO] [6/121] 강남 MICE 관광특구 (primary=KEY_2)
2026-06-29 23:31:51,632 [INFO] [7/121] 동대문 관광특구 (primary=KEY_3)
2026-06-29 23:31:53,067 [INFO] [8/121] 명동 관광특구 (primary=KEY_4)
2026-06-29 23:31:54,514 [INFO] [9/121] 이태원 관광특구 (primary=KEY_1)
2026-06-29 23:31:55,777 [INFO] [10/121] 잠실 관광특구 (primary=KEY_2)
2026-06-29 23:31:57,101 [INFO] [11/121] 종로·청계 관광특구 (primary=KEY_3)
2026-06-29 23:31:58,504 [INFO] [12/121] 홍대 관광특구 (primary=KEY_4)
2026-06-29 23:32:00,602 [INFO] [13/121] 강서한강공원 (primary=KEY_1)
2026-06-29 23:32:01,576 [INFO] [14/121] 고척돔 (primary=KEY_2)
2026-06-29 23:32:03,411 [INFO] [15/121] 광나루한강공원 (primary=KEY_3)
2026-06-29 23:32:04,515 [INFO] [16/121] 광화문광장 (primary=KEY_4)
2026-06-29 23:32:05,653 [INFO] [17/121] 국립중앙박물관·용산가족공원 (primary=KEY_1)
2026-06-29 23:32:06,776 [INFO] [18/121] 난지한강공원 (primary=KEY_2)
2026-06-29 23:32:07,753 [INFO] [19/121] 남산공원 (primary=KEY_3)
2026-06-29 23:32:09,863 [INFO] [20/121] 노들섬 (primary=KEY_4)
2026-06-29 23:32:10,970 [INFO] [21/121] 뚝섬한강공원 (primary=KEY_1)
2026-06-29 23:32:11,970 [INFO] [22/121] 망원한강공원 (primary=KEY_2)
2026-06-29 23:32:13,103 [INFO] [23/121] 반포한강공원 (primary=KEY_3)
2026-06-29 23:32:14,074 [INFO] [24/121] 보라매공원 (primary=KEY_4)
2026-06-29 23:32:15,074 [INFO] [25/121] 북서울꿈의숲 (primary=KEY_1)
2026-06-29 23:32:16,059 [INFO] [26/121] 서대문독립공원 (primary=KEY_2)
2026-06-29 23:32:17,169 [INFO] [27/121] 서리풀공원·몽마르뜨공원 (primary=KEY_3)
2026-06-29 23:32:18,337 [INFO] [28/121] 서울대공원 (primary=KEY_4)
2026-06-29 23:32:19,308 [INFO] [29/121] 서울숲공원 (primary=KEY_1)
2026-06-29 23:32:20,437 [INFO] [30/121] 송현녹지광장 (primary=KEY_2)
2026-06-29 23:32:21,547 [INFO] [31/121] 아차산 (primary=KEY_3)
2026-06-29 23:32:22,542 [INFO] [32/121] 안양천 (primary=KEY_4)
2026-06-29 23:32:23,527 [INFO] [33/121] 양화한강공원 (primary=KEY_1)
2026-06-29 23:32:25,185 [INFO] [34/121] 어린이대공원 (primary=KEY_2)
2026-06-29 23:32:26,439 [INFO] [35/121] 여의도한강공원 (primary=KEY_3)
2026-06-29 23:32:27,690 [INFO] [36/121] 여의서로 (primary=KEY_4)
2026-06-29 23:32:28,801 [INFO] [37/121] 올림픽공원 (primary=KEY_1)
2026-06-29 23:32:29,995 [INFO] [38/121] 월드컵공원 (primary=KEY_2)
2026-06-29 23:32:31,566 [INFO] [39/121] 응봉산 (primary=KEY_3)
2026-06-29 23:32:32,805 [INFO] [40/121] 이촌한강공원 (primary=KEY_4)
2026-06-29 23:32:33,788 [INFO] [41/121] 잠실종합운동장 (primary=KEY_1)
2026-06-29 23:32:34,778 [INFO] [42/121] 잠실한강공원 (primary=KEY_2)
2026-06-29 23:32:35,751 [INFO] [43/121] 잠원한강공원 (primary=KEY_3)
2026-06-29 23:32:36,729 [INFO] [44/121] 청계산 (primary=KEY_4)
2026-06-29 23:32:37,689 [INFO] [45/121] 홍제폭포 (primary=KEY_1)
2026-06-29 23:32:38,666 [INFO] [46/121] 가락시장 (primary=KEY_2)
2026-06-29 23:32:40,471 [INFO] [47/121] 가로수길 (primary=KEY_3)
2026-06-29 23:32:42,159 [INFO] [48/121] 광장(전통)시장 (primary=KEY_4)
2026-06-29 23:32:43,464 [INFO] [49/121] 김포공항 (primary=KEY_1)
2026-06-29 23:32:44,619 [INFO] [50/121] 남대문시장 (primary=KEY_2)
2026-06-29 23:32:45,742 [INFO] [51/121] 노량진 (primary=KEY_3)
2026-06-29 23:32:46,875 [INFO] [52/121] 덕수궁길·정동길 (primary=KEY_4)
2026-06-29 23:32:48,018 [INFO] [53/121] 북창동 먹자골목 (primary=KEY_1)
2026-06-29 23:32:49,549 [INFO] [54/121] 북촌한옥마을 (primary=KEY_2)
2026-06-29 23:32:50,679 [INFO] [55/121] 서촌 (primary=KEY_3)
2026-06-29 23:32:51,824 [INFO] [56/121] 성수카페거리 (primary=KEY_4)
2026-06-29 23:32:52,982 [INFO] [57/121] 송리단길·호수단길 (primary=KEY_1)
2026-06-29 23:32:54,138 [INFO] [58/121] 신촌 스타광장 (primary=KEY_2)
2026-06-29 23:32:55,132 [INFO] [59/121] 압구정로데오거리 (primary=KEY_3)
2026-06-29 23:32:56,416 [INFO] [60/121] 여의도 (primary=KEY_4)
2026-06-29 23:32:58,032 [INFO] [61/121] 연남동 (primary=KEY_1)
2026-06-29 23:32:59,157 [INFO] [62/121] 영등포 타임스퀘어 (primary=KEY_2)
2026-06-29 23:33:00,281 [INFO] [63/121] 용리단길 (primary=KEY_3)
2026-06-29 23:33:01,348 [INFO] [64/121] 이태원 앤틱가구거리 (primary=KEY_4)
2026-06-29 23:33:02,476 [INFO] [65/121] 익선동 (primary=KEY_1)
2026-06-29 23:33:03,640 [INFO] [66/121] 인사동 (primary=KEY_2)
2026-06-29 23:33:04,785 [INFO] [67/121] 잠실롯데타워·석촌호수 (primary=KEY_3)
2026-06-29 23:33:06,616 [INFO] [68/121] 창동 신경제 중심지 (primary=KEY_4)
2026-06-29 23:33:07,944 [INFO] [69/121] 청담동 명품거리 (primary=KEY_1)
2026-06-29 23:33:09,899 [INFO] [70/121] 청량리 제기동 일대 전통시장 (primary=KEY_2)
2026-06-29 23:33:11,048 [INFO] [71/121] 해방촌·경리단길 (primary=KEY_3)
2026-06-29 23:33:12,022 [INFO] [72/121] DDP(동대문디자인플라자) (primary=KEY_4)
2026-06-29 23:33:13,183 [INFO] [73/121] DMC(디지털미디어시티) (primary=KEY_1)
2026-06-29 23:33:14,483 [INFO] [74/121] 가산디지털단지역 (primary=KEY_2)
2026-06-29 23:33:15,770 [INFO] [75/121] 강남역 (primary=KEY_3)
2026-06-29 23:33:17,119 [INFO] [76/121] 건대입구역 (primary=KEY_4)
2026-06-29 23:33:18,853 [INFO] [77/121] 고덕역 (primary=KEY_1)
2026-06-29 23:33:19,978 [INFO] [78/121] 고속터미널역 (primary=KEY_2)
2026-06-29 23:33:21,136 [INFO] [79/121] 교대역 (primary=KEY_3)
2026-06-29 23:33:22,148 [INFO] [80/121] 구로디지털단지역 (primary=KEY_4)
2026-06-29 23:33:23,290 [INFO] [81/121] 구로역 (primary=KEY_1)
2026-06-29 23:33:24,278 [INFO] [82/121] 군자역 (primary=KEY_2)
2026-06-29 23:33:25,491 [INFO] [83/121] 대림역 (primary=KEY_3)
2026-06-29 23:33:26,635 [INFO] [84/121] 동대문역 (primary=KEY_4)
2026-06-29 23:33:27,769 [INFO] [85/121] 뚝섬역 (primary=KEY_1)
2026-06-29 23:33:28,886 [INFO] [86/121] 미아사거리역 (primary=KEY_2)
2026-06-29 23:33:30,010 [INFO] [87/121] 발산역 (primary=KEY_3)
2026-06-29 23:33:31,295 [INFO] [88/121] 사당역 (primary=KEY_4)
2026-06-29 23:33:32,492 [INFO] [89/121] 삼각지역 (primary=KEY_1)
2026-06-29 23:33:33,493 [INFO] [90/121] 서울대입구역 (primary=KEY_2)
2026-06-29 23:33:34,631 [INFO] [91/121] 서울식물원·마곡나루역 (primary=KEY_3)
2026-06-29 23:33:35,906 [INFO] [92/121] 서울역 (primary=KEY_4)
2026-06-29 23:33:37,217 [INFO] [93/121] 선릉역 (primary=KEY_1)
2026-06-29 23:33:38,519 [INFO] [94/121] 성신여대입구역 (primary=KEY_2)
2026-06-29 23:33:39,526 [INFO] [95/121] 수유역 (primary=KEY_3)
2026-06-29 23:33:40,659 [INFO] [96/121] 숭례문 (primary=KEY_4)
2026-06-29 23:33:41,797 [INFO] [97/121] 시의회 앞 (primary=KEY_1)
2026-06-29 23:33:42,972 [INFO] [98/121] 신논현역·논현역 (primary=KEY_2)
2026-06-29 23:33:44,145 [INFO] [99/121] 신도림역 (primary=KEY_3)
2026-06-29 23:33:45,141 [INFO] [100/121] 신림역 (primary=KEY_4)
2026-06-29 23:33:46,155 [INFO] [101/121] 신정네거리역 (primary=KEY_1)
2026-06-29 23:33:47,159 [INFO] [102/121] 신촌·이대역 (primary=KEY_2)
2026-06-29 23:33:48,306 [INFO] [103/121] 쌍문역 (primary=KEY_3)
2026-06-29 23:33:49,437 [INFO] [104/121] 양재역 (primary=KEY_4)
2026-06-29 23:33:50,570 [INFO] [105/121] 역삼역 (primary=KEY_1)
2026-06-29 23:33:51,716 [INFO] [106/121] 연신내역 (primary=KEY_2)
2026-06-29 23:33:52,720 [INFO] [107/121] 오목교역·목동운동장 (primary=KEY_3)
2026-06-29 23:33:54,184 [INFO] [108/121] 왕십리역 (primary=KEY_4)
2026-06-29 23:33:55,340 [INFO] [109/121] 용산역 (primary=KEY_1)
2026-06-29 23:33:56,644 [INFO] [110/121] 이태원역 (primary=KEY_2)
2026-06-29 23:33:57,630 [INFO] [111/121] 잠실새내역 (primary=KEY_3)
2026-06-29 23:33:58,749 [INFO] [112/121] 잠실역 (primary=KEY_4)
2026-06-29 23:33:59,903 [INFO] [113/121] 장지역 (primary=KEY_1)
2026-06-29 23:34:01,032 [INFO] [114/121] 장한평역 (primary=KEY_2)
2026-06-29 23:34:02,205 [INFO] [115/121] 천호역 (primary=KEY_3)
2026-06-29 23:34:03,359 [INFO] [116/121] 총신대입구(이수)역 (primary=KEY_4)
2026-06-29 23:34:04,482 [INFO] [117/121] 충정로역 (primary=KEY_1)
2026-06-29 23:34:05,637 [INFO] [118/121] 합정역 (primary=KEY_2)
2026-06-29 23:34:06,770 [INFO] [119/121] 혜화역 (primary=KEY_3)
2026-06-29 23:34:07,890 [INFO] [120/121] 홍대입구역(2호선) (primary=KEY_4)
2026-06-29 23:34:09,041 [INFO] [121/121] 회기역 (primary=KEY_1)
2026-06-29 23:34:12,944 [INFO] === 수집 완료 | 성공 121, 실패 0 ===
2026-06-29 23:34:12,944 [INFO] 카테고리별 저장 결과:
2026-06-29 23:34:12,944 [INFO]    accident                  | 신규     9행 | 누적     80행 | 16컬럼
2026-06-29 23:34:12,945 [INFO]    accident_acdnt_cntrl_stts | 신규     2행 | 누적     18행 | 16컬럼
2026-06-29 23:34:12,945 [INFO]    area_meta                 | 신규   121행 | 누적   1936행 | 5컬럼
2026-06-29 23:34:12,945 [INFO]    bike                      | 신규    12행 | 누적    192행 | 12컬럼
2026-06-29 23:34:12,945 [INFO]    bike_sbike_stts           | 신규   554행 | 누적   8875행 | 12컬럼
2026-06-29 23:34:12,945 [INFO]    bus                       | 신규     3행 | 누적     48행 | 11컬럼
2026-06-29 23:34:12,945 [INFO]    bus_bus_stn_stts          | 신규  1745행 | 누적  27920행 | 11컬럼
2026-06-29 23:34:12,945 [INFO]    charger                   | 신규    20행 | 누적    249행 | 15컬럼
2026-06-29 23:34:12,945 [INFO]    charger_charger_stts      | 신규   559행 | 누적  14722행 | 15컬럼
2026-06-29 23:34:12,945 [INFO]    cmrcl                     | 신규    82행 | 누적   1312행 | 21컬럼
2026-06-29 23:34:12,945 [INFO]    disaster                  | 신규     9행 | 누적     40행 | 9컬럼
2026-06-29 23:34:12,945 [INFO]    events                    | 신규     8행 | 누적    133행 | 14컬럼
2026-06-29 23:34:12,945 [INFO]    events_event_stts         | 신규   132행 | 누적   2122행 | 14컬럼
2026-06-29 23:34:12,945 [INFO]    news                      | 신규   120행 | 누적    720행 | 10컬럼
2026-06-29 23:34:12,945 [INFO]    parking                   | 신규     6행 | 누적     96행 | 21컬럼
2026-06-29 23:34:12,945 [INFO]    parking_prk_stts          | 신규  1833행 | 누적  29328행 | 21컬럼
2026-06-29 23:34:12,945 [INFO]    ppltn                     | 신규   121행 | 누적   1935행 | 26컬럼
2026-06-29 23:34:12,945 [INFO]    road                      | 신규   121행 | 누적   1936행 | 21컬럼
2026-06-29 23:34:12,945 [INFO]    road_road_traffic_stts    | 신규  5260행 | 누적  84160행 | 17컬럼
2026-06-29 23:34:12,946 [INFO]    subway                    | 신규    38행 | 누적    608행 | 13컬럼
2026-06-29 23:34:12,946 [INFO]    subway_sub_stts           | 신규   183행 | 누적   2928행 | 13컬럼
2026-06-29 23:34:12,946 [INFO]    weather                   | 신규   119행 | 누적   1904행 | 29컬럼
2026-06-29 23:34:12,946 [INFO] 키별 사용량:
2026-06-29 23:34:12,946 [INFO]    🟢 KEY_1 (31/1000) 
2026-06-29 23:34:12,946 [INFO]    🟢 KEY_2 (30/1000) 
2026-06-29 23:34:12,946 [INFO]    🟢 KEY_3 (30/1000) 
2026-06-29 23:34:12,946 [INFO]    🟢 KEY_4 (30/1000) 
