2026-07-24 00:20:59,391 [INFO] 등록된 키: 4개, 합산 한도 4,000건/일
2026-07-24 00:20:59,391 [INFO] POI 로드: 매뉴얼 v8.5 기준 fallback 121개 (121개 전체)
2026-07-24 00:20:59,392 [INFO] === 수집 시작 2026-07-24T00:20:59.392013+09:00 ===
2026-07-24 00:20:59,392 [INFO] 대상 장소: 121개 | API: citydata (통합)
2026-07-24 00:20:59,392 [INFO] 키 풀: 4/4 활성 | 오늘 사용 0/4000건
2026-07-24 00:20:59,392 [INFO]   [KEY_1] 담당 31장소
2026-07-24 00:20:59,392 [INFO]   [KEY_2] 담당 30장소
2026-07-24 00:20:59,392 [INFO]   [KEY_3] 담당 30장소
2026-07-24 00:20:59,392 [INFO]   [KEY_4] 담당 30장소
2026-07-24 00:20:59,392 [INFO] [1/121] 경복궁 (primary=KEY_1)
2026-07-24 00:21:01,486 [INFO] [2/121] 광화문·덕수궁 (primary=KEY_2)
2026-07-24 00:21:03,995 [INFO] [3/121] 보신각 (primary=KEY_3)
2026-07-24 00:21:06,328 [INFO] [4/121] 서울 암사동 유적 (primary=KEY_4)
2026-07-24 00:21:08,038 [INFO] [5/121] 창덕궁·종묘 (primary=KEY_1)
2026-07-24 00:21:09,941 [INFO] [6/121] 강남 MICE 관광특구 (primary=KEY_2)
2026-07-24 00:21:11,841 [INFO] [7/121] 동대문 관광특구 (primary=KEY_3)
2026-07-24 00:21:14,207 [INFO] [8/121] 명동 관광특구 (primary=KEY_4)
2026-07-24 00:21:16,747 [INFO] [9/121] 이태원 관광특구 (primary=KEY_1)
2026-07-24 00:21:18,775 [INFO] [10/121] 잠실 관광특구 (primary=KEY_2)
2026-07-24 00:21:20,550 [INFO] [11/121] 종로·청계 관광특구 (primary=KEY_3)
2026-07-24 00:21:23,266 [INFO] [12/121] 홍대 관광특구 (primary=KEY_4)
2026-07-24 00:21:25,879 [INFO] [13/121] 강서한강공원 (primary=KEY_1)
2026-07-24 00:21:27,003 [INFO] [14/121] 고척돔 (primary=KEY_2)
2026-07-24 00:21:29,261 [INFO] [15/121] 광나루한강공원 (primary=KEY_3)
2026-07-24 00:21:30,580 [INFO] [16/121] 광화문광장 (primary=KEY_4)
2026-07-24 00:21:31,919 [INFO] [17/121] 국립중앙박물관·용산가족공원 (primary=KEY_1)
2026-07-24 00:21:33,837 [INFO] [18/121] 난지한강공원 (primary=KEY_2)
2026-07-24 00:21:35,152 [INFO] [19/121] 남산공원 (primary=KEY_3)
2026-07-24 00:21:36,699 [INFO] [20/121] 노들섬 (primary=KEY_4)
2026-07-24 00:21:39,357 [INFO] [21/121] 뚝섬한강공원 (primary=KEY_1)
2026-07-24 00:21:40,497 [INFO] [22/121] 망원한강공원 (primary=KEY_2)
2026-07-24 00:21:41,851 [INFO] [23/121] 반포한강공원 (primary=KEY_3)
2026-07-24 00:21:42,989 [INFO] [24/121] 보라매공원 (primary=KEY_4)
2026-07-24 00:21:45,260 [INFO] [25/121] 북서울꿈의숲 (primary=KEY_1)
2026-07-24 00:21:47,527 [INFO] [26/121] 서대문독립공원 (primary=KEY_2)
2026-07-24 00:21:48,715 [INFO] [27/121] 서리풀공원·몽마르뜨공원 (primary=KEY_3)
2026-07-24 00:21:50,284 [INFO] [28/121] 서울대공원 (primary=KEY_4)
2026-07-24 00:21:52,196 [INFO] [29/121] 서울숲공원 (primary=KEY_1)
2026-07-24 00:21:53,530 [INFO] [30/121] 송현녹지광장 (primary=KEY_2)
2026-07-24 00:21:54,869 [INFO] [31/121] 아차산 (primary=KEY_3)
2026-07-24 00:21:56,002 [INFO] [32/121] 안양천 (primary=KEY_4)
2026-07-24 00:21:57,132 [INFO] [33/121] 양화한강공원 (primary=KEY_1)
2026-07-24 00:21:58,256 [INFO] [34/121] 어린이대공원 (primary=KEY_2)
2026-07-24 00:21:59,595 [INFO] [35/121] 여의도한강공원 (primary=KEY_3)
2026-07-24 00:22:00,918 [INFO] [36/121] 여의서로 (primary=KEY_4)
2026-07-24 00:22:02,234 [INFO] [37/121] 올림픽공원 (primary=KEY_1)
2026-07-24 00:22:03,588 [INFO] [38/121] 월드컵공원 (primary=KEY_2)
2026-07-24 00:22:05,123 [INFO] [39/121] 응봉산 (primary=KEY_3)
2026-07-24 00:22:07,016 [INFO] [40/121] 이촌한강공원 (primary=KEY_4)
2026-07-24 00:22:09,261 [INFO] [41/121] 잠실종합운동장 (primary=KEY_1)
2026-07-24 00:22:10,404 [INFO] [42/121] 잠실한강공원 (primary=KEY_2)
2026-07-24 00:22:11,542 [INFO] [43/121] 잠원한강공원 (primary=KEY_3)
2026-07-24 00:22:13,629 [INFO] [44/121] 청계산 (primary=KEY_4)
2026-07-24 00:22:14,755 [INFO] [45/121] 홍제폭포 (primary=KEY_1)
2026-07-24 00:22:17,023 [INFO] [46/121] 가락시장 (primary=KEY_2)
2026-07-24 00:22:18,952 [INFO] [47/121] 가로수길 (primary=KEY_3)
2026-07-24 00:22:20,882 [INFO] [48/121] 광장(전통)시장 (primary=KEY_4)
2026-07-24 00:22:22,774 [INFO] [49/121] 김포공항 (primary=KEY_1)
2026-07-24 00:22:25,256 [INFO] [50/121] 남대문시장 (primary=KEY_2)
2026-07-24 00:22:27,161 [INFO] [51/121] 노량진 (primary=KEY_3)
2026-07-24 00:22:29,632 [INFO] [52/121] 덕수궁길·정동길 (primary=KEY_4)
2026-07-24 00:22:31,755 [INFO] [53/121] 북창동 먹자골목 (primary=KEY_1)
2026-07-24 00:22:33,859 [INFO] [54/121] 북촌한옥마을 (primary=KEY_2)
2026-07-24 00:22:36,142 [INFO] [55/121] 서촌 (primary=KEY_3)
2026-07-24 00:22:38,043 [INFO] [56/121] 성수카페거리 (primary=KEY_4)
2026-07-24 00:22:40,150 [INFO] [57/121] 송리단길·호수단길 (primary=KEY_1)
2026-07-24 00:22:42,619 [INFO] [58/121] 신촌 스타광장 (primary=KEY_2)
2026-07-24 00:22:44,332 [INFO] [59/121] 압구정로데오거리 (primary=KEY_3)
2026-07-24 00:22:45,671 [INFO] [60/121] 여의도 (primary=KEY_4)
2026-07-24 00:22:47,849 [INFO] [61/121] 연남동 (primary=KEY_1)
2026-07-24 00:22:49,940 [INFO] [62/121] 영등포 타임스퀘어 (primary=KEY_2)
2026-07-24 00:22:51,852 [INFO] [63/121] 용리단길 (primary=KEY_3)
2026-07-24 00:22:53,028 [INFO] [64/121] 이태원 앤틱가구거리 (primary=KEY_4)
2026-07-24 00:22:54,360 [INFO] [65/121] 익선동 (primary=KEY_1)
2026-07-24 00:22:56,833 [INFO] [66/121] 인사동 (primary=KEY_2)
2026-07-24 00:22:58,369 [INFO] [67/121] 잠실롯데타워·석촌호수 (primary=KEY_3)
2026-07-24 00:23:00,112 [INFO] [68/121] 창동 신경제 중심지 (primary=KEY_4)
2026-07-24 00:23:01,846 [INFO] [69/121] 청담동 명품거리 (primary=KEY_1)
2026-07-24 00:23:03,189 [INFO] [70/121] 청량리 제기동 일대 전통시장 (primary=KEY_2)
2026-07-24 00:23:05,126 [INFO] [71/121] 해방촌·경리단길 (primary=KEY_3)
2026-07-24 00:23:06,275 [INFO] [72/121] DDP(동대문디자인플라자) (primary=KEY_4)
2026-07-24 00:23:07,727 [INFO] [73/121] DMC(디지털미디어시티) (primary=KEY_1)
2026-07-24 00:23:09,501 [INFO] [74/121] 가산디지털단지역 (primary=KEY_2)
2026-07-24 00:23:12,181 [INFO] [75/121] 강남역 (primary=KEY_3)
2026-07-24 00:23:13,751 [INFO] [76/121] 건대입구역 (primary=KEY_4)
2026-07-24 00:23:15,106 [INFO] [77/121] 고덕역 (primary=KEY_1)
2026-07-24 00:23:16,629 [INFO] [78/121] 고속터미널역 (primary=KEY_2)
2026-07-24 00:23:17,980 [INFO] [79/121] 교대역 (primary=KEY_3)
2026-07-24 00:23:19,306 [INFO] [80/121] 구로디지털단지역 (primary=KEY_4)
2026-07-24 00:23:21,796 [INFO] [81/121] 구로역 (primary=KEY_1)
2026-07-24 00:23:23,120 [INFO] [82/121] 군자역 (primary=KEY_2)
2026-07-24 00:23:25,209 [INFO] [83/121] 대림역 (primary=KEY_3)
2026-07-24 00:23:26,554 [INFO] [84/121] 동대문역 (primary=KEY_4)
2026-07-24 00:23:27,889 [INFO] [85/121] 뚝섬역 (primary=KEY_1)
2026-07-24 00:23:29,224 [INFO] [86/121] 미아사거리역 (primary=KEY_2)
2026-07-24 00:23:30,556 [INFO] [87/121] 발산역 (primary=KEY_3)
2026-07-24 00:23:32,280 [INFO] [88/121] 사당역 (primary=KEY_4)
2026-07-24 00:23:33,608 [INFO] [89/121] 삼각지역 (primary=KEY_1)
2026-07-24 00:23:34,932 [INFO] [90/121] 서울대입구역 (primary=KEY_2)
2026-07-24 00:23:36,257 [INFO] [91/121] 서울식물원·마곡나루역 (primary=KEY_3)
2026-07-24 00:23:38,585 [INFO] [92/121] 서울역 (primary=KEY_4)
2026-07-24 00:23:40,138 [INFO] [93/121] 선릉역 (primary=KEY_1)
2026-07-24 00:23:41,891 [INFO] [94/121] 성신여대입구역 (primary=KEY_2)
2026-07-24 00:23:43,047 [INFO] [95/121] 수유역 (primary=KEY_3)
2026-07-24 00:23:44,377 [INFO] [96/121] 숭례문 (primary=KEY_4)
2026-07-24 00:23:45,908 [INFO] [97/121] 시의회 앞 (primary=KEY_1)
2026-07-24 00:23:47,265 [INFO] [98/121] 신논현역·논현역 (primary=KEY_2)
2026-07-24 00:23:48,634 [INFO] [99/121] 신도림역 (primary=KEY_3)
2026-07-24 00:23:49,793 [INFO] [100/121] 신림역 (primary=KEY_4)
2026-07-24 00:23:51,156 [INFO] [101/121] 신정네거리역 (primary=KEY_1)
2026-07-24 00:23:52,497 [INFO] [102/121] 신촌·이대역 (primary=KEY_2)
2026-07-24 00:23:53,854 [INFO] [103/121] 쌍문역 (primary=KEY_3)
2026-07-24 00:23:55,192 [INFO] [104/121] 양재역 (primary=KEY_4)
2026-07-24 00:23:56,535 [INFO] [105/121] 역삼역 (primary=KEY_1)
2026-07-24 00:23:58,841 [INFO] [106/121] 연신내역 (primary=KEY_2)
2026-07-24 00:24:00,012 [INFO] [107/121] 오목교역·목동운동장 (primary=KEY_3)
2026-07-24 00:24:01,957 [INFO] [108/121] 왕십리역 (primary=KEY_4)
2026-07-24 00:24:03,511 [INFO] [109/121] 용산역 (primary=KEY_1)
2026-07-24 00:24:05,050 [INFO] [110/121] 이태원역 (primary=KEY_2)
2026-07-24 00:24:06,207 [INFO] [111/121] 잠실새내역 (primary=KEY_3)
2026-07-24 00:24:07,546 [INFO] [112/121] 잠실역 (primary=KEY_4)
2026-07-24 00:24:09,725 [INFO] [113/121] 장지역 (primary=KEY_1)
2026-07-24 00:24:11,267 [INFO] [114/121] 장한평역 (primary=KEY_2)
2026-07-24 00:24:13,558 [INFO] [115/121] 천호역 (primary=KEY_3)
2026-07-24 00:24:14,924 [INFO] [116/121] 총신대입구(이수)역 (primary=KEY_4)
2026-07-24 00:24:16,276 [INFO] [117/121] 충정로역 (primary=KEY_1)
2026-07-24 00:24:17,633 [INFO] [118/121] 합정역 (primary=KEY_2)
2026-07-24 00:24:18,998 [INFO] [119/121] 혜화역 (primary=KEY_3)
2026-07-24 00:24:20,337 [INFO] [120/121] 홍대입구역(2호선) (primary=KEY_4)
2026-07-24 00:24:21,711 [INFO] [121/121] 회기역 (primary=KEY_1)
2026-07-24 00:24:23,466 [INFO] === 수집 완료 | 성공 121, 실패 0 ===
2026-07-24 00:24:23,466 [INFO] 카테고리별 저장 결과:
2026-07-24 00:24:23,466 [INFO]    accident                  | 신규     3행 | 누적      3행 | 16컬럼
2026-07-24 00:24:23,466 [INFO]    area_meta                 | 신규   121행 | 누적    121행 | 5컬럼
2026-07-24 00:24:23,466 [INFO]    bike                      | 신규    11행 | 누적     11행 | 12컬럼
2026-07-24 00:24:23,466 [INFO]    bike_sbike_stts           | 신규   570행 | 누적    570행 | 12컬럼
2026-07-24 00:24:23,466 [INFO]    bus                       | 신규     3행 | 누적      3행 | 11컬럼
2026-07-24 00:24:23,467 [INFO]    bus_bus_stn_stts          | 신규  1745행 | 누적   1745행 | 11컬럼
2026-07-24 00:24:23,467 [INFO]    charger                   | 신규     4행 | 누적      4행 | 15컬럼
2026-07-24 00:24:23,467 [INFO]    charger_charger_stts      | 신규  1920행 | 누적   1920행 | 15컬럼
2026-07-24 00:24:23,467 [INFO]    cmrcl                     | 신규    82행 | 누적     82행 | 20컬럼
2026-07-24 00:24:23,467 [INFO]    events                    | 신규    13행 | 누적     13행 | 14컬럼
2026-07-24 00:24:23,467 [INFO]    events_event_stts         | 신규   136행 | 누적    136행 | 14컬럼
2026-07-24 00:24:23,467 [INFO]    parking                   | 신규     6행 | 누적      6행 | 21컬럼
2026-07-24 00:24:23,467 [INFO]    parking_prk_stts          | 신규  1834행 | 누적   1834행 | 21컬럼
2026-07-24 00:24:23,467 [INFO]    ppltn                     | 신규   121행 | 누적    121행 | 26컬럼
2026-07-24 00:24:23,467 [INFO]    road                      | 신규   121행 | 누적    121행 | 21컬럼
2026-07-24 00:24:23,467 [INFO]    road_road_traffic_stts    | 신규  5273행 | 누적   5273행 | 17컬럼
2026-07-24 00:24:23,467 [INFO]    subway                    | 신규    38행 | 누적     38행 | 12컬럼
2026-07-24 00:24:23,467 [INFO]    subway_sub_stts           | 신규   183행 | 누적    183행 | 13컬럼
2026-07-24 00:24:23,467 [INFO]    weather                   | 신규   119행 | 누적    119행 | 29컬럼
2026-07-24 00:24:23,467 [INFO] 키별 사용량:
2026-07-24 00:24:23,467 [INFO]    🟢 KEY_1 (31/1000) 
2026-07-24 00:24:23,467 [INFO]    🟢 KEY_2 (30/1000) 
2026-07-24 00:24:23,467 [INFO]    🟢 KEY_3 (30/1000) 
2026-07-24 00:24:23,467 [INFO]    🟢 KEY_4 (30/1000) 
2026-07-24 02:42:59,551 [INFO] 등록된 키: 4개, 합산 한도 4,000건/일
2026-07-24 02:42:59,552 [INFO] POI 로드: 매뉴얼 v8.5 기준 fallback 121개 (121개 전체)
2026-07-24 02:42:59,552 [INFO] === 수집 시작 2026-07-24T02:42:59.552579+09:00 ===
2026-07-24 02:42:59,552 [INFO] 대상 장소: 121개 | API: citydata (통합)
2026-07-24 02:42:59,552 [INFO] 키 풀: 4/4 활성 | 오늘 사용 0/4000건
2026-07-24 02:42:59,552 [INFO]   [KEY_1] 담당 31장소
2026-07-24 02:42:59,552 [INFO]   [KEY_2] 담당 30장소
2026-07-24 02:42:59,553 [INFO]   [KEY_3] 담당 30장소
2026-07-24 02:42:59,553 [INFO]   [KEY_4] 담당 30장소
2026-07-24 02:42:59,553 [INFO] [1/121] 경복궁 (primary=KEY_1)
2026-07-24 02:43:01,230 [INFO] [2/121] 광화문·덕수궁 (primary=KEY_2)
2026-07-24 02:43:02,941 [INFO] [3/121] 보신각 (primary=KEY_3)
2026-07-24 02:43:04,878 [INFO] [4/121] 서울 암사동 유적 (primary=KEY_4)
2026-07-24 02:43:05,854 [INFO] [5/121] 창덕궁·종묘 (primary=KEY_1)
2026-07-24 02:43:06,978 [INFO] [6/121] 강남 MICE 관광특구 (primary=KEY_2)
2026-07-24 02:43:09,312 [INFO] [7/121] 동대문 관광특구 (primary=KEY_3)
2026-07-24 02:43:10,750 [INFO] [8/121] 명동 관광특구 (primary=KEY_4)
2026-07-24 02:43:12,884 [INFO] [9/121] 이태원 관광특구 (primary=KEY_1)
2026-07-24 02:43:14,157 [INFO] [10/121] 잠실 관광특구 (primary=KEY_2)
2026-07-24 02:43:15,748 [INFO] [11/121] 종로·청계 관광특구 (primary=KEY_3)
2026-07-24 02:43:17,058 [INFO] [12/121] 홍대 관광특구 (primary=KEY_4)
2026-07-24 02:43:18,934 [INFO] [13/121] 강서한강공원 (primary=KEY_1)
2026-07-24 02:43:20,585 [INFO] [14/121] 고척돔 (primary=KEY_2)
2026-07-24 02:43:21,562 [INFO] [15/121] 광나루한강공원 (primary=KEY_3)
2026-07-24 02:43:22,665 [INFO] [16/121] 광화문광장 (primary=KEY_4)
2026-07-24 02:43:23,796 [INFO] [17/121] 국립중앙박물관·용산가족공원 (primary=KEY_1)
2026-07-24 02:43:24,778 [INFO] [18/121] 난지한강공원 (primary=KEY_2)
2026-07-24 02:43:26,427 [INFO] [19/121] 남산공원 (primary=KEY_3)
2026-07-24 02:43:27,704 [INFO] [20/121] 노들섬 (primary=KEY_4)
2026-07-24 02:43:28,804 [INFO] [21/121] 뚝섬한강공원 (primary=KEY_1)
2026-07-24 02:43:29,786 [INFO] [22/121] 망원한강공원 (primary=KEY_2)
2026-07-24 02:43:31,044 [INFO] [23/121] 반포한강공원 (primary=KEY_3)
2026-07-24 02:43:32,016 [INFO] [24/121] 보라매공원 (primary=KEY_4)
2026-07-24 02:43:33,021 [INFO] [25/121] 북서울꿈의숲 (primary=KEY_1)
2026-07-24 02:43:34,146 [INFO] [26/121] 서대문독립공원 (primary=KEY_2)
2026-07-24 02:43:35,160 [INFO] [27/121] 서리풀공원·몽마르뜨공원 (primary=KEY_3)
2026-07-24 02:43:36,161 [INFO] [28/121] 서울대공원 (primary=KEY_4)
2026-07-24 02:43:37,131 [INFO] [29/121] 서울숲공원 (primary=KEY_1)
2026-07-24 02:43:38,249 [INFO] [30/121] 송현녹지광장 (primary=KEY_2)
2026-07-24 02:43:39,372 [INFO] [31/121] 아차산 (primary=KEY_3)
2026-07-24 02:43:40,349 [INFO] [32/121] 안양천 (primary=KEY_4)
2026-07-24 02:43:41,314 [INFO] [33/121] 양화한강공원 (primary=KEY_1)
2026-07-24 02:43:42,295 [INFO] [34/121] 어린이대공원 (primary=KEY_2)
2026-07-24 02:43:43,413 [INFO] [35/121] 여의도한강공원 (primary=KEY_3)
2026-07-24 02:43:44,521 [INFO] [36/121] 여의서로 (primary=KEY_4)
2026-07-24 02:43:45,635 [INFO] [37/121] 올림픽공원 (primary=KEY_1)
2026-07-24 02:43:46,792 [INFO] [38/121] 월드컵공원 (primary=KEY_2)
2026-07-24 02:43:48,634 [INFO] [39/121] 응봉산 (primary=KEY_3)
2026-07-24 02:43:49,743 [INFO] [40/121] 이촌한강공원 (primary=KEY_4)
2026-07-24 02:43:50,712 [INFO] [41/121] 잠실종합운동장 (primary=KEY_1)
2026-07-24 02:43:51,712 [INFO] [42/121] 잠실한강공원 (primary=KEY_2)
2026-07-24 02:43:52,692 [INFO] [43/121] 잠원한강공원 (primary=KEY_3)
2026-07-24 02:43:53,792 [INFO] [44/121] 청계산 (primary=KEY_4)
2026-07-24 02:43:54,766 [INFO] [45/121] 홍제폭포 (primary=KEY_1)
2026-07-24 02:43:55,740 [INFO] [46/121] 가락시장 (primary=KEY_2)
2026-07-24 02:43:56,883 [INFO] [47/121] 가로수길 (primary=KEY_3)
2026-07-24 02:43:58,048 [INFO] [48/121] 광장(전통)시장 (primary=KEY_4)
2026-07-24 02:43:59,045 [INFO] [49/121] 김포공항 (primary=KEY_1)
2026-07-24 02:44:00,326 [INFO] [50/121] 남대문시장 (primary=KEY_2)
2026-07-24 02:44:01,459 [INFO] [51/121] 노량진 (primary=KEY_3)
2026-07-24 02:44:02,603 [INFO] [52/121] 덕수궁길·정동길 (primary=KEY_4)
2026-07-24 02:44:03,751 [INFO] [53/121] 북창동 먹자골목 (primary=KEY_1)
2026-07-24 02:44:04,867 [INFO] [54/121] 북촌한옥마을 (primary=KEY_2)
2026-07-24 02:44:06,120 [INFO] [55/121] 서촌 (primary=KEY_3)
2026-07-24 02:44:07,243 [INFO] [56/121] 성수카페거리 (primary=KEY_4)
2026-07-24 02:44:08,537 [INFO] [57/121] 송리단길·호수단길 (primary=KEY_1)
2026-07-24 02:44:09,688 [INFO] [58/121] 신촌 스타광장 (primary=KEY_2)
2026-07-24 02:44:10,682 [INFO] [59/121] 압구정로데오거리 (primary=KEY_3)
2026-07-24 02:44:11,814 [INFO] [60/121] 여의도 (primary=KEY_4)
2026-07-24 02:44:13,569 [INFO] [61/121] 연남동 (primary=KEY_1)
2026-07-24 02:44:14,692 [INFO] [62/121] 영등포 타임스퀘어 (primary=KEY_2)
2026-07-24 02:44:15,811 [INFO] [63/121] 용리단길 (primary=KEY_3)
2026-07-24 02:44:16,813 [INFO] [64/121] 이태원 앤틱가구거리 (primary=KEY_4)
2026-07-24 02:44:18,346 [INFO] [65/121] 익선동 (primary=KEY_1)
2026-07-24 02:44:20,293 [INFO] [66/121] 인사동 (primary=KEY_2)
2026-07-24 02:44:21,697 [INFO] [67/121] 잠실롯데타워·석촌호수 (primary=KEY_3)
2026-07-24 02:44:23,647 [INFO] [68/121] 창동 신경제 중심지 (primary=KEY_4)
2026-07-24 02:44:25,088 [INFO] [69/121] 청담동 명품거리 (primary=KEY_1)
2026-07-24 02:44:26,747 [INFO] [70/121] 청량리 제기동 일대 전통시장 (primary=KEY_2)
2026-07-24 02:44:28,150 [INFO] [71/121] 해방촌·경리단길 (primary=KEY_3)
2026-07-24 02:44:29,147 [INFO] [72/121] DDP(동대문디자인플라자) (primary=KEY_4)
2026-07-24 02:44:30,862 [INFO] [73/121] DMC(디지털미디어시티) (primary=KEY_1)
2026-07-24 02:44:32,305 [INFO] [74/121] 가산디지털단지역 (primary=KEY_2)
2026-07-24 02:44:34,533 [INFO] [75/121] 강남역 (primary=KEY_3)
2026-07-24 02:44:35,822 [INFO] [76/121] 건대입구역 (primary=KEY_4)
2026-07-24 02:44:37,120 [INFO] [77/121] 고덕역 (primary=KEY_1)
2026-07-24 02:44:38,236 [INFO] [78/121] 고속터미널역 (primary=KEY_2)
2026-07-24 02:44:39,379 [INFO] [79/121] 교대역 (primary=KEY_3)
2026-07-24 02:44:40,369 [INFO] [80/121] 구로디지털단지역 (primary=KEY_4)
2026-07-24 02:44:41,817 [INFO] [81/121] 구로역 (primary=KEY_1)
2026-07-24 02:44:43,075 [INFO] [82/121] 군자역 (primary=KEY_2)
2026-07-24 02:44:44,064 [INFO] [83/121] 대림역 (primary=KEY_3)
2026-07-24 02:44:45,191 [INFO] [84/121] 동대문역 (primary=KEY_4)
2026-07-24 02:44:46,309 [INFO] [85/121] 뚝섬역 (primary=KEY_1)
2026-07-24 02:44:47,433 [INFO] [86/121] 미아사거리역 (primary=KEY_2)
2026-07-24 02:44:48,561 [INFO] [87/121] 발산역 (primary=KEY_3)
2026-07-24 02:44:49,957 [INFO] [88/121] 사당역 (primary=KEY_4)
2026-07-24 02:44:51,078 [INFO] [89/121] 삼각지역 (primary=KEY_1)
2026-07-24 02:44:52,205 [INFO] [90/121] 서울대입구역 (primary=KEY_2)
2026-07-24 02:44:53,328 [INFO] [91/121] 서울식물원·마곡나루역 (primary=KEY_3)
2026-07-24 02:44:54,594 [INFO] [92/121] 서울역 (primary=KEY_4)
2026-07-24 02:44:55,778 [INFO] [93/121] 선릉역 (primary=KEY_1)
2026-07-24 02:44:57,479 [INFO] [94/121] 성신여대입구역 (primary=KEY_2)
2026-07-24 02:44:59,291 [INFO] [95/121] 수유역 (primary=KEY_3)
2026-07-24 02:45:00,416 [INFO] [96/121] 숭례문 (primary=KEY_4)
2026-07-24 02:45:01,836 [INFO] [97/121] 시의회 앞 (primary=KEY_1)
2026-07-24 02:45:02,988 [INFO] [98/121] 신논현역·논현역 (primary=KEY_2)
2026-07-24 02:45:04,128 [INFO] [99/121] 신도림역 (primary=KEY_3)
2026-07-24 02:45:05,519 [INFO] [100/121] 신림역 (primary=KEY_4)
2026-07-24 02:45:06,514 [INFO] [101/121] 신정네거리역 (primary=KEY_1)
2026-07-24 02:45:07,632 [INFO] [102/121] 신촌·이대역 (primary=KEY_2)
2026-07-24 02:45:08,820 [INFO] [103/121] 쌍문역 (primary=KEY_3)
2026-07-24 02:45:09,936 [INFO] [104/121] 양재역 (primary=KEY_4)
2026-07-24 02:45:11,055 [INFO] [105/121] 역삼역 (primary=KEY_1)
2026-07-24 02:45:12,306 [INFO] [106/121] 연신내역 (primary=KEY_2)
2026-07-24 02:45:13,298 [INFO] [107/121] 오목교역·목동운동장 (primary=KEY_3)
2026-07-24 02:45:14,841 [INFO] [108/121] 왕십리역 (primary=KEY_4)
2026-07-24 02:45:15,978 [INFO] [109/121] 용산역 (primary=KEY_1)
2026-07-24 02:45:17,241 [INFO] [110/121] 이태원역 (primary=KEY_2)
2026-07-24 02:45:18,219 [INFO] [111/121] 잠실새내역 (primary=KEY_3)
2026-07-24 02:45:19,340 [INFO] [112/121] 잠실역 (primary=KEY_4)
2026-07-24 02:45:20,603 [INFO] [113/121] 장지역 (primary=KEY_1)
2026-07-24 02:45:21,931 [INFO] [114/121] 장한평역 (primary=KEY_2)
2026-07-24 02:45:23,057 [INFO] [115/121] 천호역 (primary=KEY_3)
2026-07-24 02:45:24,195 [INFO] [116/121] 총신대입구(이수)역 (primary=KEY_4)
2026-07-24 02:45:25,312 [INFO] [117/121] 충정로역 (primary=KEY_1)
2026-07-24 02:45:26,437 [INFO] [118/121] 합정역 (primary=KEY_2)
2026-07-24 02:45:27,562 [INFO] [119/121] 혜화역 (primary=KEY_3)
2026-07-24 02:45:28,679 [INFO] [120/121] 홍대입구역(2호선) (primary=KEY_4)
2026-07-24 02:45:29,810 [INFO] [121/121] 회기역 (primary=KEY_1)
2026-07-24 02:45:31,765 [INFO] === 수집 완료 | 성공 121, 실패 0 ===
2026-07-24 02:45:31,765 [INFO] 카테고리별 저장 결과:
2026-07-24 02:45:31,765 [INFO]    accident                  | 신규     3행 | 누적      6행 | 16컬럼
2026-07-24 02:45:31,765 [INFO]    area_meta                 | 신규   121행 | 누적    242행 | 5컬럼
2026-07-24 02:45:31,765 [INFO]    bike                      | 신규    11행 | 누적     22행 | 12컬럼
2026-07-24 02:45:31,765 [INFO]    bike_sbike_stts           | 신규   570행 | 누적   1140행 | 12컬럼
2026-07-24 02:45:31,765 [INFO]    bus                       | 신규     3행 | 누적      6행 | 11컬럼
2026-07-24 02:45:31,765 [INFO]    bus_bus_stn_stts          | 신규  1745행 | 누적   3490행 | 11컬럼
2026-07-24 02:45:31,765 [INFO]    charger                   | 신규     4행 | 누적      8행 | 15컬럼
2026-07-24 02:45:31,766 [INFO]    charger_charger_stts      | 신규  1920행 | 누적   3814행 | 15컬럼
2026-07-24 02:45:31,766 [INFO]    cmrcl                     | 신규    82행 | 누적    164행 | 20컬럼
2026-07-24 02:45:31,766 [INFO]    events                    | 신규    13행 | 누적     26행 | 14컬럼
2026-07-24 02:45:31,766 [INFO]    events_event_stts         | 신규   136행 | 누적    272행 | 14컬럼
2026-07-24 02:45:31,766 [INFO]    parking                   | 신규     6행 | 누적     12행 | 21컬럼
2026-07-24 02:45:31,766 [INFO]    parking_prk_stts          | 신규  1834행 | 누적   3668행 | 21컬럼
2026-07-24 02:45:31,766 [INFO]    ppltn                     | 신규   121행 | 누적    242행 | 26컬럼
2026-07-24 02:45:31,766 [INFO]    road                      | 신규   121행 | 누적    242행 | 21컬럼
2026-07-24 02:45:31,766 [INFO]    road_road_traffic_stts    | 신규  5273행 | 누적  10546행 | 17컬럼
2026-07-24 02:45:31,766 [INFO]    subway                    | 신규    38행 | 누적     76행 | 12컬럼
2026-07-24 02:45:31,766 [INFO]    subway_sub_stts           | 신규   183행 | 누적    366행 | 13컬럼
2026-07-24 02:45:31,766 [INFO]    weather                   | 신규   119행 | 누적    238행 | 29컬럼
2026-07-24 02:45:31,766 [INFO] 키별 사용량:
2026-07-24 02:45:31,766 [INFO]    🟢 KEY_1 (31/1000) 
2026-07-24 02:45:31,766 [INFO]    🟢 KEY_2 (30/1000) 
2026-07-24 02:45:31,766 [INFO]    🟢 KEY_3 (30/1000) 
2026-07-24 02:45:31,766 [INFO]    🟢 KEY_4 (30/1000) 
2026-07-24 04:41:06,360 [INFO] 등록된 키: 4개, 합산 한도 4,000건/일
2026-07-24 04:41:06,361 [INFO] POI 로드: 매뉴얼 v8.5 기준 fallback 121개 (121개 전체)
2026-07-24 04:41:06,361 [INFO] === 수집 시작 2026-07-24T04:41:06.361151+09:00 ===
2026-07-24 04:41:06,361 [INFO] 대상 장소: 121개 | API: citydata (통합)
2026-07-24 04:41:06,361 [INFO] 키 풀: 4/4 활성 | 오늘 사용 0/4000건
2026-07-24 04:41:06,361 [INFO]   [KEY_1] 담당 31장소
2026-07-24 04:41:06,361 [INFO]   [KEY_2] 담당 30장소
2026-07-24 04:41:06,361 [INFO]   [KEY_3] 담당 30장소
2026-07-24 04:41:06,361 [INFO]   [KEY_4] 담당 30장소
2026-07-24 04:41:06,361 [INFO] [1/121] 경복궁 (primary=KEY_1)
2026-07-24 04:41:07,930 [INFO] [2/121] 광화문·덕수궁 (primary=KEY_2)
2026-07-24 04:41:09,909 [INFO] [3/121] 보신각 (primary=KEY_3)
2026-07-24 04:41:11,212 [INFO] [4/121] 서울 암사동 유적 (primary=KEY_4)
2026-07-24 04:41:12,740 [INFO] [5/121] 창덕궁·종묘 (primary=KEY_1)
2026-07-24 04:41:13,838 [INFO] [6/121] 강남 MICE 관광특구 (primary=KEY_2)
2026-07-24 04:41:14,965 [INFO] [7/121] 동대문 관광특구 (primary=KEY_3)
2026-07-24 04:41:16,820 [INFO] [8/121] 명동 관광특구 (primary=KEY_4)
2026-07-24 04:41:18,313 [INFO] [9/121] 이태원 관광특구 (primary=KEY_1)
2026-07-24 04:41:19,455 [INFO] [10/121] 잠실 관광특구 (primary=KEY_2)
2026-07-24 04:41:20,932 [INFO] [11/121] 종로·청계 관광특구 (primary=KEY_3)
2026-07-24 04:41:22,253 [INFO] [12/121] 홍대 관광특구 (primary=KEY_4)
2026-07-24 04:41:23,692 [INFO] [13/121] 강서한강공원 (primary=KEY_1)
2026-07-24 04:41:24,692 [INFO] [14/121] 고척돔 (primary=KEY_2)
2026-07-24 04:41:25,678 [INFO] [15/121] 광나루한강공원 (primary=KEY_3)
2026-07-24 04:41:27,346 [INFO] [16/121] 광화문광장 (primary=KEY_4)
2026-07-24 04:41:28,478 [INFO] [17/121] 국립중앙박물관·용산가족공원 (primary=KEY_1)
2026-07-24 04:41:29,601 [INFO] [18/121] 난지한강공원 (primary=KEY_2)
2026-07-24 04:41:30,578 [INFO] [19/121] 남산공원 (primary=KEY_3)
2026-07-24 04:41:31,862 [INFO] [20/121] 노들섬 (primary=KEY_4)
2026-07-24 04:41:32,838 [INFO] [21/121] 뚝섬한강공원 (primary=KEY_1)
2026-07-24 04:41:33,820 [INFO] [22/121] 망원한강공원 (primary=KEY_2)
2026-07-24 04:41:34,925 [INFO] [23/121] 반포한강공원 (primary=KEY_3)
2026-07-24 04:41:35,928 [INFO] [24/121] 보라매공원 (primary=KEY_4)
2026-07-24 04:41:36,920 [INFO] [25/121] 북서울꿈의숲 (primary=KEY_1)
2026-07-24 04:41:38,043 [INFO] [26/121] 서대문독립공원 (primary=KEY_2)
2026-07-24 04:41:39,046 [INFO] [27/121] 서리풀공원·몽마르뜨공원 (primary=KEY_3)
2026-07-24 04:41:40,072 [INFO] [28/121] 서울대공원 (primary=KEY_4)
2026-07-24 04:41:41,037 [INFO] [29/121] 서울숲공원 (primary=KEY_1)
2026-07-24 04:41:42,189 [INFO] [30/121] 송현녹지광장 (primary=KEY_2)
2026-07-24 04:41:43,859 [INFO] [31/121] 아차산 (primary=KEY_3)
2026-07-24 04:41:44,860 [INFO] [32/121] 안양천 (primary=KEY_4)
2026-07-24 04:41:46,402 [INFO] [33/121] 양화한강공원 (primary=KEY_1)
2026-07-24 04:41:47,380 [INFO] [34/121] 어린이대공원 (primary=KEY_2)
2026-07-24 04:41:48,521 [INFO] [35/121] 여의도한강공원 (primary=KEY_3)
2026-07-24 04:41:49,632 [INFO] [36/121] 여의서로 (primary=KEY_4)
2026-07-24 04:41:51,327 [INFO] [37/121] 올림픽공원 (primary=KEY_1)
2026-07-24 04:41:52,512 [INFO] [38/121] 월드컵공원 (primary=KEY_2)
2026-07-24 04:41:53,796 [INFO] [39/121] 응봉산 (primary=KEY_3)
2026-07-24 04:41:54,966 [INFO] [40/121] 이촌한강공원 (primary=KEY_4)
2026-07-24 04:41:55,933 [INFO] [41/121] 잠실종합운동장 (primary=KEY_1)
2026-07-24 04:41:56,932 [INFO] [42/121] 잠실한강공원 (primary=KEY_2)
2026-07-24 04:41:57,941 [INFO] [43/121] 잠원한강공원 (primary=KEY_3)
2026-07-24 04:41:58,947 [INFO] [44/121] 청계산 (primary=KEY_4)
2026-07-24 04:41:59,934 [INFO] [45/121] 홍제폭포 (primary=KEY_1)
2026-07-24 04:42:00,910 [INFO] [46/121] 가락시장 (primary=KEY_2)
2026-07-24 04:42:02,037 [INFO] [47/121] 가로수길 (primary=KEY_3)
2026-07-24 04:42:03,186 [INFO] [48/121] 광장(전통)시장 (primary=KEY_4)
2026-07-24 04:42:04,184 [INFO] [49/121] 김포공항 (primary=KEY_1)
2026-07-24 04:42:05,480 [INFO] [50/121] 남대문시장 (primary=KEY_2)
2026-07-24 04:42:06,593 [INFO] [51/121] 노량진 (primary=KEY_3)
2026-07-24 04:42:07,717 [INFO] [52/121] 덕수궁길·정동길 (primary=KEY_4)
2026-07-24 04:42:08,865 [INFO] [53/121] 북창동 먹자골목 (primary=KEY_1)
2026-07-24 04:42:09,987 [INFO] [54/121] 북촌한옥마을 (primary=KEY_2)
2026-07-24 04:42:11,269 [INFO] [55/121] 서촌 (primary=KEY_3)
2026-07-24 04:42:12,442 [INFO] [56/121] 성수카페거리 (primary=KEY_4)
2026-07-24 04:42:13,704 [INFO] [57/121] 송리단길·호수단길 (primary=KEY_1)
2026-07-24 04:42:15,423 [INFO] [58/121] 신촌 스타광장 (primary=KEY_2)
2026-07-24 04:42:16,421 [INFO] [59/121] 압구정로데오거리 (primary=KEY_3)
2026-07-24 04:42:18,110 [INFO] [60/121] 여의도 (primary=KEY_4)
2026-07-24 04:42:20,676 [INFO] [61/121] 연남동 (primary=KEY_1)
2026-07-24 04:42:22,507 [INFO] [62/121] 영등포 타임스퀘어 (primary=KEY_2)
2026-07-24 04:42:24,204 [INFO] [63/121] 용리단길 (primary=KEY_3)
2026-07-24 04:42:25,912 [INFO] [64/121] 이태원 앤틱가구거리 (primary=KEY_4)
2026-07-24 04:42:26,933 [INFO] [65/121] 익선동 (primary=KEY_1)
2026-07-24 04:42:28,661 [INFO] [66/121] 인사동 (primary=KEY_2)
2026-07-24 04:42:29,962 [INFO] [67/121] 잠실롯데타워·석촌호수 (primary=KEY_3)
2026-07-24 04:42:31,420 [INFO] [68/121] 창동 신경제 중심지 (primary=KEY_4)
2026-07-24 04:42:32,866 [INFO] [69/121] 청담동 명품거리 (primary=KEY_1)
2026-07-24 04:42:34,007 [INFO] [70/121] 청량리 제기동 일대 전통시장 (primary=KEY_2)
2026-07-24 04:42:35,167 [INFO] [71/121] 해방촌·경리단길 (primary=KEY_3)
2026-07-24 04:42:36,180 [INFO] [72/121] DDP(동대문디자인플라자) (primary=KEY_4)
2026-07-24 04:42:37,404 [INFO] [73/121] DMC(디지털미디어시티) (primary=KEY_1)
2026-07-24 04:42:39,402 [INFO] [74/121] 가산디지털단지역 (primary=KEY_2)
2026-07-24 04:42:41,504 [INFO] [75/121] 강남역 (primary=KEY_3)
2026-07-24 04:42:42,833 [INFO] [76/121] 건대입구역 (primary=KEY_4)
2026-07-24 04:42:43,981 [INFO] [77/121] 고덕역 (primary=KEY_1)
2026-07-24 04:42:45,133 [INFO] [78/121] 고속터미널역 (primary=KEY_2)
2026-07-24 04:42:46,260 [INFO] [79/121] 교대역 (primary=KEY_3)
2026-07-24 04:42:47,832 [INFO] [80/121] 구로디지털단지역 (primary=KEY_4)
2026-07-24 04:42:49,249 [INFO] [81/121] 구로역 (primary=KEY_1)
2026-07-24 04:42:50,527 [INFO] [82/121] 군자역 (primary=KEY_2)
2026-07-24 04:42:51,536 [INFO] [83/121] 대림역 (primary=KEY_3)
2026-07-24 04:42:52,680 [INFO] [84/121] 동대문역 (primary=KEY_4)
2026-07-24 04:42:53,814 [INFO] [85/121] 뚝섬역 (primary=KEY_1)
2026-07-24 04:42:54,952 [INFO] [86/121] 미아사거리역 (primary=KEY_2)
2026-07-24 04:42:56,070 [INFO] [87/121] 발산역 (primary=KEY_3)
2026-07-24 04:42:57,356 [INFO] [88/121] 사당역 (primary=KEY_4)
2026-07-24 04:42:58,496 [INFO] [89/121] 삼각지역 (primary=KEY_1)
2026-07-24 04:42:59,507 [INFO] [90/121] 서울대입구역 (primary=KEY_2)
2026-07-24 04:43:00,634 [INFO] [91/121] 서울식물원·마곡나루역 (primary=KEY_3)
2026-07-24 04:43:01,907 [INFO] [92/121] 서울역 (primary=KEY_4)
2026-07-24 04:43:03,109 [INFO] [93/121] 선릉역 (primary=KEY_1)
2026-07-24 04:43:04,527 [INFO] [94/121] 성신여대입구역 (primary=KEY_2)
2026-07-24 04:43:05,542 [INFO] [95/121] 수유역 (primary=KEY_3)
2026-07-24 04:43:06,673 [INFO] [96/121] 숭례문 (primary=KEY_4)
2026-07-24 04:43:07,953 [INFO] [97/121] 시의회 앞 (primary=KEY_1)
2026-07-24 04:43:09,094 [INFO] [98/121] 신논현역·논현역 (primary=KEY_2)
2026-07-24 04:43:10,290 [INFO] [99/121] 신도림역 (primary=KEY_3)
2026-07-24 04:43:11,307 [INFO] [100/121] 신림역 (primary=KEY_4)
2026-07-24 04:43:12,311 [INFO] [101/121] 신정네거리역 (primary=KEY_1)
2026-07-24 04:43:13,453 [INFO] [102/121] 신촌·이대역 (primary=KEY_2)
2026-07-24 04:43:14,600 [INFO] [103/121] 쌍문역 (primary=KEY_3)
2026-07-24 04:43:15,749 [INFO] [104/121] 양재역 (primary=KEY_4)
2026-07-24 04:43:16,904 [INFO] [105/121] 역삼역 (primary=KEY_1)
2026-07-24 04:43:18,201 [INFO] [106/121] 연신내역 (primary=KEY_2)
2026-07-24 04:43:19,232 [INFO] [107/121] 오목교역·목동운동장 (primary=KEY_3)
2026-07-24 04:43:20,803 [INFO] [108/121] 왕십리역 (primary=KEY_4)
2026-07-24 04:43:21,969 [INFO] [109/121] 용산역 (primary=KEY_1)
2026-07-24 04:43:23,267 [INFO] [110/121] 이태원역 (primary=KEY_2)
2026-07-24 04:43:24,285 [INFO] [111/121] 잠실새내역 (primary=KEY_3)
2026-07-24 04:43:25,410 [INFO] [112/121] 잠실역 (primary=KEY_4)
2026-07-24 04:43:26,683 [INFO] [113/121] 장지역 (primary=KEY_1)
2026-07-24 04:43:28,055 [INFO] [114/121] 장한평역 (primary=KEY_2)
2026-07-24 04:43:29,191 [INFO] [115/121] 천호역 (primary=KEY_3)
2026-07-24 04:43:30,357 [INFO] [116/121] 총신대입구(이수)역 (primary=KEY_4)
2026-07-24 04:43:31,509 [INFO] [117/121] 충정로역 (primary=KEY_1)
2026-07-24 04:43:32,687 [INFO] [118/121] 합정역 (primary=KEY_2)
2026-07-24 04:43:33,833 [INFO] [119/121] 혜화역 (primary=KEY_3)
2026-07-24 04:43:34,970 [INFO] [120/121] 홍대입구역(2호선) (primary=KEY_4)
2026-07-24 04:43:36,112 [INFO] [121/121] 회기역 (primary=KEY_1)
2026-07-24 04:43:37,879 [INFO] === 수집 완료 | 성공 121, 실패 0 ===
2026-07-24 04:43:37,879 [INFO] 카테고리별 저장 결과:
2026-07-24 04:43:37,879 [INFO]    accident                  | 신규     3행 | 누적      9행 | 16컬럼
2026-07-24 04:43:37,879 [INFO]    area_meta                 | 신규   121행 | 누적    363행 | 5컬럼
2026-07-24 04:43:37,879 [INFO]    bike                      | 신규    11행 | 누적     33행 | 12컬럼
2026-07-24 04:43:37,879 [INFO]    bike_sbike_stts           | 신규   570행 | 누적   1710행 | 12컬럼
2026-07-24 04:43:37,879 [INFO]    bus                       | 신규     3행 | 누적      9행 | 11컬럼
2026-07-24 04:43:37,879 [INFO]    bus_bus_stn_stts          | 신규  1745행 | 누적   5235행 | 11컬럼
2026-07-24 04:43:37,879 [INFO]    charger                   | 신규     4행 | 누적     12행 | 15컬럼
2026-07-24 04:43:37,879 [INFO]    charger_charger_stts      | 신규  1920행 | 누적   5721행 | 15컬럼
2026-07-24 04:43:37,879 [INFO]    cmrcl                     | 신규    82행 | 누적    246행 | 20컬럼
2026-07-24 04:43:37,879 [INFO]    events                    | 신규    13행 | 누적     39행 | 14컬럼
2026-07-24 04:43:37,879 [INFO]    events_event_stts         | 신규   136행 | 누적    408행 | 14컬럼
2026-07-24 04:43:37,879 [INFO]    parking                   | 신규     6행 | 누적     18행 | 21컬럼
2026-07-24 04:43:37,879 [INFO]    parking_prk_stts          | 신규  1834행 | 누적   5502행 | 21컬럼
2026-07-24 04:43:37,879 [INFO]    ppltn                     | 신규   120행 | 누적    362행 | 26컬럼
2026-07-24 04:43:37,879 [INFO]    road                      | 신규   121행 | 누적    363행 | 21컬럼
2026-07-24 04:43:37,879 [INFO]    road_road_traffic_stts    | 신규  5273행 | 누적  15819행 | 17컬럼
2026-07-24 04:43:37,879 [INFO]    subway                    | 신규    38행 | 누적    114행 | 13컬럼
2026-07-24 04:43:37,879 [INFO]    subway_sub_stts           | 신규   183행 | 누적    549행 | 13컬럼
2026-07-24 04:43:37,879 [INFO]    weather                   | 신규   119행 | 누적    357행 | 29컬럼
2026-07-24 04:43:37,879 [INFO] 키별 사용량:
2026-07-24 04:43:37,879 [INFO]    🟢 KEY_1 (31/1000) 
2026-07-24 04:43:37,879 [INFO]    🟢 KEY_2 (30/1000) 
2026-07-24 04:43:37,879 [INFO]    🟢 KEY_3 (30/1000) 
2026-07-24 04:43:37,879 [INFO]    🟢 KEY_4 (30/1000) 
2026-07-24 06:18:45,231 [INFO] 등록된 키: 4개, 합산 한도 4,000건/일
2026-07-24 06:18:45,231 [INFO] POI 로드: 매뉴얼 v8.5 기준 fallback 121개 (121개 전체)
2026-07-24 06:18:45,231 [INFO] === 수집 시작 2026-07-24T06:18:45.231850+09:00 ===
2026-07-24 06:18:45,231 [INFO] 대상 장소: 121개 | API: citydata (통합)
2026-07-24 06:18:45,232 [INFO] 키 풀: 4/4 활성 | 오늘 사용 0/4000건
2026-07-24 06:18:45,232 [INFO]   [KEY_1] 담당 31장소
2026-07-24 06:18:45,232 [INFO]   [KEY_2] 담당 30장소
2026-07-24 06:18:45,232 [INFO]   [KEY_3] 담당 30장소
2026-07-24 06:18:45,232 [INFO]   [KEY_4] 담당 30장소
2026-07-24 06:18:45,232 [INFO] [1/121] 경복궁 (primary=KEY_1)
2026-07-24 06:18:46,496 [INFO] [2/121] 광화문·덕수궁 (primary=KEY_2)
2026-07-24 06:18:48,070 [INFO] [3/121] 보신각 (primary=KEY_3)
2026-07-24 06:18:49,206 [INFO] [4/121] 서울 암사동 유적 (primary=KEY_4)
2026-07-24 06:18:50,865 [INFO] [5/121] 창덕궁·종묘 (primary=KEY_1)
2026-07-24 06:18:52,100 [INFO] [6/121] 강남 MICE 관광특구 (primary=KEY_2)
2026-07-24 06:18:53,241 [INFO] [7/121] 동대문 관광특구 (primary=KEY_3)
2026-07-24 06:18:54,751 [INFO] [8/121] 명동 관광특구 (primary=KEY_4)
2026-07-24 06:18:56,470 [INFO] [9/121] 이태원 관광특구 (primary=KEY_1)
2026-07-24 06:18:57,621 [INFO] [10/121] 잠실 관광특구 (primary=KEY_2)
2026-07-24 06:18:59,121 [INFO] [11/121] 종로·청계 관광특구 (primary=KEY_3)
2026-07-24 06:19:00,434 [INFO] [12/121] 홍대 관광특구 (primary=KEY_4)
2026-07-24 06:19:01,753 [INFO] [13/121] 강서한강공원 (primary=KEY_1)
2026-07-24 06:19:02,851 [INFO] [14/121] 고척돔 (primary=KEY_2)
2026-07-24 06:19:03,816 [INFO] [15/121] 광나루한강공원 (primary=KEY_3)
2026-07-24 06:19:05,582 [INFO] [16/121] 광화문광장 (primary=KEY_4)
2026-07-24 06:19:06,702 [INFO] [17/121] 국립중앙박물관·용산가족공원 (primary=KEY_1)
2026-07-24 06:19:07,684 [INFO] [18/121] 난지한강공원 (primary=KEY_2)
2026-07-24 06:19:08,665 [INFO] [19/121] 남산공원 (primary=KEY_3)
2026-07-24 06:19:09,954 [INFO] [20/121] 노들섬 (primary=KEY_4)
2026-07-24 06:19:11,724 [INFO] [21/121] 뚝섬한강공원 (primary=KEY_1)
2026-07-24 06:19:12,831 [INFO] [22/121] 망원한강공원 (primary=KEY_2)
2026-07-24 06:19:14,197 [INFO] [23/121] 반포한강공원 (primary=KEY_3)
2026-07-24 06:19:15,416 [INFO] [24/121] 보라매공원 (primary=KEY_4)
2026-07-24 06:19:16,548 [INFO] [25/121] 북서울꿈의숲 (primary=KEY_1)
2026-07-24 06:19:17,658 [INFO] [26/121] 서대문독립공원 (primary=KEY_2)
2026-07-24 06:19:18,797 [INFO] [27/121] 서리풀공원·몽마르뜨공원 (primary=KEY_3)
2026-07-24 06:19:20,060 [INFO] [28/121] 서울대공원 (primary=KEY_4)
2026-07-24 06:19:21,703 [INFO] [29/121] 서울숲공원 (primary=KEY_1)
2026-07-24 06:19:22,833 [INFO] [30/121] 송현녹지광장 (primary=KEY_2)
2026-07-24 06:19:24,483 [INFO] [31/121] 아차산 (primary=KEY_3)
2026-07-24 06:19:25,464 [INFO] [32/121] 안양천 (primary=KEY_4)
2026-07-24 06:19:26,430 [INFO] [33/121] 양화한강공원 (primary=KEY_1)
2026-07-24 06:19:27,672 [INFO] [34/121] 어린이대공원 (primary=KEY_2)
2026-07-24 06:19:28,935 [INFO] [35/121] 여의도한강공원 (primary=KEY_3)
2026-07-24 06:19:30,719 [INFO] [36/121] 여의서로 (primary=KEY_4)
2026-07-24 06:19:31,824 [INFO] [37/121] 올림픽공원 (primary=KEY_1)
2026-07-24 06:19:33,390 [INFO] [38/121] 월드컵공원 (primary=KEY_2)
2026-07-24 06:19:34,686 [INFO] [39/121] 응봉산 (primary=KEY_3)
2026-07-24 06:19:35,799 [INFO] [40/121] 이촌한강공원 (primary=KEY_4)
2026-07-24 06:19:36,774 [INFO] [41/121] 잠실종합운동장 (primary=KEY_1)
2026-07-24 06:19:37,763 [INFO] [42/121] 잠실한강공원 (primary=KEY_2)
2026-07-24 06:19:39,006 [INFO] [43/121] 잠원한강공원 (primary=KEY_3)
2026-07-24 06:19:39,975 [INFO] [44/121] 청계산 (primary=KEY_4)
2026-07-24 06:19:40,940 [INFO] [45/121] 홍제폭포 (primary=KEY_1)
2026-07-24 06:19:41,913 [INFO] [46/121] 가락시장 (primary=KEY_2)
2026-07-24 06:19:43,059 [INFO] [47/121] 가로수길 (primary=KEY_3)
2026-07-24 06:19:44,219 [INFO] [48/121] 광장(전통)시장 (primary=KEY_4)
2026-07-24 06:19:45,209 [INFO] [49/121] 김포공항 (primary=KEY_1)
2026-07-24 06:19:46,502 [INFO] [50/121] 남대문시장 (primary=KEY_2)
2026-07-24 06:19:47,624 [INFO] [51/121] 노량진 (primary=KEY_3)
2026-07-24 06:19:48,769 [INFO] [52/121] 덕수궁길·정동길 (primary=KEY_4)
2026-07-24 06:19:49,939 [INFO] [53/121] 북창동 먹자골목 (primary=KEY_1)
2026-07-24 06:19:51,183 [INFO] [54/121] 북촌한옥마을 (primary=KEY_2)
2026-07-24 06:19:52,458 [INFO] [55/121] 서촌 (primary=KEY_3)
2026-07-24 06:19:53,582 [INFO] [56/121] 성수카페거리 (primary=KEY_4)
2026-07-24 06:19:54,867 [INFO] [57/121] 송리단길·호수단길 (primary=KEY_1)
2026-07-24 06:19:56,033 [INFO] [58/121] 신촌 스타광장 (primary=KEY_2)
2026-07-24 06:19:57,021 [INFO] [59/121] 압구정로데오거리 (primary=KEY_3)
2026-07-24 06:19:58,141 [INFO] [60/121] 여의도 (primary=KEY_4)
2026-07-24 06:19:59,907 [INFO] [61/121] 연남동 (primary=KEY_1)
2026-07-24 06:20:01,021 [INFO] [62/121] 영등포 타임스퀘어 (primary=KEY_2)
2026-07-24 06:20:02,134 [INFO] [63/121] 용리단길 (primary=KEY_3)
2026-07-24 06:20:03,248 [INFO] [64/121] 이태원 앤틱가구거리 (primary=KEY_4)
2026-07-24 06:20:04,376 [INFO] [65/121] 익선동 (primary=KEY_1)
2026-07-24 06:20:05,501 [INFO] [66/121] 인사동 (primary=KEY_2)
2026-07-24 06:20:06,760 [INFO] [67/121] 잠실롯데타워·석촌호수 (primary=KEY_3)
2026-07-24 06:20:08,172 [INFO] [68/121] 창동 신경제 중심지 (primary=KEY_4)
2026-07-24 06:20:09,624 [INFO] [69/121] 청담동 명품거리 (primary=KEY_1)
2026-07-24 06:20:10,743 [INFO] [70/121] 청량리 제기동 일대 전통시장 (primary=KEY_2)
2026-07-24 06:20:11,862 [INFO] [71/121] 해방촌·경리단길 (primary=KEY_3)
2026-07-24 06:20:12,877 [INFO] [72/121] DDP(동대문디자인플라자) (primary=KEY_4)
2026-07-24 06:20:14,013 [INFO] [73/121] DMC(디지털미디어시티) (primary=KEY_1)
2026-07-24 06:20:15,429 [INFO] [74/121] 가산디지털단지역 (primary=KEY_2)
2026-07-24 06:20:16,982 [INFO] [75/121] 강남역 (primary=KEY_3)
2026-07-24 06:20:18,269 [INFO] [76/121] 건대입구역 (primary=KEY_4)
2026-07-24 06:20:19,395 [INFO] [77/121] 고덕역 (primary=KEY_1)
2026-07-24 06:20:20,513 [INFO] [78/121] 고속터미널역 (primary=KEY_2)
2026-07-24 06:20:21,645 [INFO] [79/121] 교대역 (primary=KEY_3)
2026-07-24 06:20:22,752 [INFO] [80/121] 구로디지털단지역 (primary=KEY_4)
2026-07-24 06:20:24,161 [INFO] [81/121] 구로역 (primary=KEY_1)
2026-07-24 06:20:25,276 [INFO] [82/121] 군자역 (primary=KEY_2)
2026-07-24 06:20:26,386 [INFO] [83/121] 대림역 (primary=KEY_3)
2026-07-24 06:20:27,510 [INFO] [84/121] 동대문역 (primary=KEY_4)
2026-07-24 06:20:28,632 [INFO] [85/121] 뚝섬역 (primary=KEY_1)
2026-07-24 06:20:29,755 [INFO] [86/121] 미아사거리역 (primary=KEY_2)
2026-07-24 06:20:30,884 [INFO] [87/121] 발산역 (primary=KEY_3)
2026-07-24 06:20:32,293 [INFO] [88/121] 사당역 (primary=KEY_4)
2026-07-24 06:20:33,413 [INFO] [89/121] 삼각지역 (primary=KEY_1)
2026-07-24 06:20:34,526 [INFO] [90/121] 서울대입구역 (primary=KEY_2)
2026-07-24 06:20:35,648 [INFO] [91/121] 서울식물원·마곡나루역 (primary=KEY_3)
2026-07-24 06:20:36,911 [INFO] [92/121] 서울역 (primary=KEY_4)
2026-07-24 06:20:38,106 [INFO] [93/121] 선릉역 (primary=KEY_1)
2026-07-24 06:20:39,545 [INFO] [94/121] 성신여대입구역 (primary=KEY_2)
2026-07-24 06:20:40,531 [INFO] [95/121] 수유역 (primary=KEY_3)
2026-07-24 06:20:41,657 [INFO] [96/121] 숭례문 (primary=KEY_4)
2026-07-24 06:20:42,924 [INFO] [97/121] 시의회 앞 (primary=KEY_1)
2026-07-24 06:20:44,085 [INFO] [98/121] 신논현역·논현역 (primary=KEY_2)
2026-07-24 06:20:45,256 [INFO] [99/121] 신도림역 (primary=KEY_3)
2026-07-24 06:20:46,259 [INFO] [100/121] 신림역 (primary=KEY_4)
2026-07-24 06:20:47,397 [INFO] [101/121] 신정네거리역 (primary=KEY_1)
2026-07-24 06:20:48,526 [INFO] [102/121] 신촌·이대역 (primary=KEY_2)
2026-07-24 06:20:49,672 [INFO] [103/121] 쌍문역 (primary=KEY_3)
2026-07-24 06:20:50,797 [INFO] [104/121] 양재역 (primary=KEY_4)
2026-07-24 06:20:51,951 [INFO] [105/121] 역삼역 (primary=KEY_1)
2026-07-24 06:20:53,235 [INFO] [106/121] 연신내역 (primary=KEY_2)
2026-07-24 06:20:54,242 [INFO] [107/121] 오목교역·목동운동장 (primary=KEY_3)
2026-07-24 06:20:55,803 [INFO] [108/121] 왕십리역 (primary=KEY_4)
2026-07-24 06:20:57,078 [INFO] [109/121] 용산역 (primary=KEY_1)
2026-07-24 06:20:58,354 [INFO] [110/121] 이태원역 (primary=KEY_2)
2026-07-24 06:20:59,334 [INFO] [111/121] 잠실새내역 (primary=KEY_3)
2026-07-24 06:21:00,459 [INFO] [112/121] 잠실역 (primary=KEY_4)
2026-07-24 06:21:01,775 [INFO] [113/121] 장지역 (primary=KEY_1)
2026-07-24 06:21:03,042 [INFO] [114/121] 장한평역 (primary=KEY_2)
2026-07-24 06:21:04,163 [INFO] [115/121] 천호역 (primary=KEY_3)
2026-07-24 06:21:05,313 [INFO] [116/121] 총신대입구(이수)역 (primary=KEY_4)
2026-07-24 06:21:06,445 [INFO] [117/121] 충정로역 (primary=KEY_1)
2026-07-24 06:21:07,607 [INFO] [118/121] 합정역 (primary=KEY_2)
2026-07-24 06:21:08,753 [INFO] [119/121] 혜화역 (primary=KEY_3)
2026-07-24 06:21:09,876 [INFO] [120/121] 홍대입구역(2호선) (primary=KEY_4)
2026-07-24 06:21:11,030 [INFO] [121/121] 회기역 (primary=KEY_1)
2026-07-24 06:21:13,239 [INFO] === 수집 완료 | 성공 121, 실패 0 ===
2026-07-24 06:21:13,239 [INFO] 카테고리별 저장 결과:
2026-07-24 06:21:13,239 [INFO]    accident                  | 신규     3행 | 누적     12행 | 16컬럼
2026-07-24 06:21:13,239 [INFO]    area_meta                 | 신규   121행 | 누적    484행 | 5컬럼
2026-07-24 06:21:13,239 [INFO]    bike                      | 신규    11행 | 누적     44행 | 12컬럼
2026-07-24 06:21:13,239 [INFO]    bike_sbike_stts           | 신규   570행 | 누적   2280행 | 12컬럼
2026-07-24 06:21:13,239 [INFO]    bus                       | 신규     3행 | 누적     12행 | 11컬럼
2026-07-24 06:21:13,240 [INFO]    bus_bus_stn_stts          | 신규  1745행 | 누적   6980행 | 11컬럼
2026-07-24 06:21:13,240 [INFO]    charger                   | 신규     4행 | 누적     16행 | 15컬럼
2026-07-24 06:21:13,240 [INFO]    charger_charger_stts      | 신규  1920행 | 누적   7628행 | 15컬럼
2026-07-24 06:21:13,240 [INFO]    cmrcl                     | 신규    82행 | 누적    328행 | 20컬럼
2026-07-24 06:21:13,240 [INFO]    events                    | 신규    13행 | 누적     52행 | 14컬럼
2026-07-24 06:21:13,240 [INFO]    events_event_stts         | 신규   138행 | 누적    546행 | 14컬럼
2026-07-24 06:21:13,240 [INFO]    parking                   | 신규     6행 | 누적     24행 | 21컬럼
2026-07-24 06:21:13,240 [INFO]    parking_prk_stts          | 신규  1834행 | 누적   7336행 | 21컬럼
2026-07-24 06:21:13,240 [INFO]    ppltn                     | 신규   121행 | 누적    483행 | 26컬럼
2026-07-24 06:21:13,240 [INFO]    road                      | 신규   121행 | 누적    484행 | 21컬럼
2026-07-24 06:21:13,240 [INFO]    road_road_traffic_stts    | 신규  5273행 | 누적  21092행 | 17컬럼
2026-07-24 06:21:13,240 [INFO]    subway                    | 신규    38행 | 누적    152행 | 13컬럼
2026-07-24 06:21:13,240 [INFO]    subway_sub_stts           | 신규   183행 | 누적    732행 | 13컬럼
2026-07-24 06:21:13,240 [INFO]    weather                   | 신규   119행 | 누적    476행 | 29컬럼
2026-07-24 06:21:13,240 [INFO] 키별 사용량:
2026-07-24 06:21:13,240 [INFO]    🟢 KEY_1 (31/1000) 
2026-07-24 06:21:13,240 [INFO]    🟢 KEY_2 (30/1000) 
2026-07-24 06:21:13,240 [INFO]    🟢 KEY_3 (30/1000) 
2026-07-24 06:21:13,240 [INFO]    🟢 KEY_4 (30/1000) 
2026-07-24 08:08:20,935 [INFO] 등록된 키: 4개, 합산 한도 4,000건/일
2026-07-24 08:08:20,935 [INFO] POI 로드: 매뉴얼 v8.5 기준 fallback 121개 (121개 전체)
2026-07-24 08:08:20,935 [INFO] === 수집 시작 2026-07-24T08:08:20.935882+09:00 ===
2026-07-24 08:08:20,935 [INFO] 대상 장소: 121개 | API: citydata (통합)
2026-07-24 08:08:20,936 [INFO] 키 풀: 4/4 활성 | 오늘 사용 0/4000건
2026-07-24 08:08:20,936 [INFO]   [KEY_1] 담당 31장소
2026-07-24 08:08:20,936 [INFO]   [KEY_2] 담당 30장소
2026-07-24 08:08:20,936 [INFO]   [KEY_3] 담당 30장소
2026-07-24 08:08:20,936 [INFO]   [KEY_4] 담당 30장소
2026-07-24 08:08:20,936 [INFO] [1/121] 경복궁 (primary=KEY_1)
2026-07-24 08:08:22,566 [INFO] [2/121] 광화문·덕수궁 (primary=KEY_2)
2026-07-24 08:08:24,600 [INFO] [3/121] 보신각 (primary=KEY_3)
2026-07-24 08:08:25,829 [INFO] [4/121] 서울 암사동 유적 (primary=KEY_4)
2026-07-24 08:08:27,439 [INFO] [5/121] 창덕궁·종묘 (primary=KEY_1)
2026-07-24 08:08:29,299 [INFO] [6/121] 강남 MICE 관광특구 (primary=KEY_2)
2026-07-24 08:08:30,936 [INFO] [7/121] 동대문 관광특구 (primary=KEY_3)
2026-07-24 08:08:32,352 [INFO] [8/121] 명동 관광특구 (primary=KEY_4)
2026-07-24 08:08:33,904 [INFO] [9/121] 이태원 관광특구 (primary=KEY_1)
2026-07-24 08:08:35,563 [INFO] [10/121] 잠실 관광특구 (primary=KEY_2)
2026-07-24 08:08:37,742 [INFO] [11/121] 종로·청계 관광특구 (primary=KEY_3)
2026-07-24 08:08:39,889 [INFO] [12/121] 홍대 관광특구 (primary=KEY_4)
2026-07-24 08:08:41,229 [INFO] [13/121] 강서한강공원 (primary=KEY_1)
2026-07-24 08:08:42,169 [INFO] [14/121] 고척돔 (primary=KEY_2)
2026-07-24 08:08:43,124 [INFO] [15/121] 광나루한강공원 (primary=KEY_3)
2026-07-24 08:08:44,204 [INFO] [16/121] 광화문광장 (primary=KEY_4)
2026-07-24 08:08:45,333 [INFO] [17/121] 국립중앙박물관·용산가족공원 (primary=KEY_1)
2026-07-24 08:08:46,835 [INFO] [18/121] 난지한강공원 (primary=KEY_2)
2026-07-24 08:08:48,297 [INFO] [19/121] 남산공원 (primary=KEY_3)
2026-07-24 08:08:49,545 [INFO] [20/121] 노들섬 (primary=KEY_4)
2026-07-24 08:08:50,491 [INFO] [21/121] 뚝섬한강공원 (primary=KEY_1)
2026-07-24 08:08:51,439 [INFO] [22/121] 망원한강공원 (primary=KEY_2)
2026-07-24 08:08:52,534 [INFO] [23/121] 반포한강공원 (primary=KEY_3)
2026-07-24 08:08:53,983 [INFO] [24/121] 보라매공원 (primary=KEY_4)
2026-07-24 08:08:54,950 [INFO] [25/121] 북서울꿈의숲 (primary=KEY_1)
2026-07-24 08:08:56,672 [INFO] [26/121] 서대문독립공원 (primary=KEY_2)
2026-07-24 08:08:58,399 [INFO] [27/121] 서리풀공원·몽마르뜨공원 (primary=KEY_3)
2026-07-24 08:08:59,509 [INFO] [28/121] 서울대공원 (primary=KEY_4)
2026-07-24 08:09:00,454 [INFO] [29/121] 서울숲공원 (primary=KEY_1)
2026-07-24 08:09:01,550 [INFO] [30/121] 송현녹지광장 (primary=KEY_2)
2026-07-24 08:09:02,664 [INFO] [31/121] 아차산 (primary=KEY_3)
2026-07-24 08:09:03,608 [INFO] [32/121] 안양천 (primary=KEY_4)
2026-07-24 08:09:04,553 [INFO] [33/121] 양화한강공원 (primary=KEY_1)
2026-07-24 08:09:05,620 [INFO] [34/121] 어린이대공원 (primary=KEY_2)
2026-07-24 08:09:06,736 [INFO] [35/121] 여의도한강공원 (primary=KEY_3)
2026-07-24 08:09:07,835 [INFO] [36/121] 여의서로 (primary=KEY_4)
2026-07-24 08:09:08,909 [INFO] [37/121] 올림픽공원 (primary=KEY_1)
2026-07-24 08:09:10,038 [INFO] [38/121] 월드컵공원 (primary=KEY_2)
2026-07-24 08:09:11,338 [INFO] [39/121] 응봉산 (primary=KEY_3)
2026-07-24 08:09:12,411 [INFO] [40/121] 이촌한강공원 (primary=KEY_4)
2026-07-24 08:09:13,374 [INFO] [41/121] 잠실종합운동장 (primary=KEY_1)
2026-07-24 08:09:14,331 [INFO] [42/121] 잠실한강공원 (primary=KEY_2)
2026-07-24 08:09:15,310 [INFO] [43/121] 잠원한강공원 (primary=KEY_3)
2026-07-24 08:09:16,257 [INFO] [44/121] 청계산 (primary=KEY_4)
2026-07-24 08:09:17,201 [INFO] [45/121] 홍제폭포 (primary=KEY_1)
2026-07-24 08:09:18,150 [INFO] [46/121] 가락시장 (primary=KEY_2)
2026-07-24 08:09:19,278 [INFO] [47/121] 가로수길 (primary=KEY_3)
2026-07-24 08:09:20,397 [INFO] [48/121] 광장(전통)시장 (primary=KEY_4)
2026-07-24 08:09:21,364 [INFO] [49/121] 김포공항 (primary=KEY_1)
2026-07-24 08:09:22,595 [INFO] [50/121] 남대문시장 (primary=KEY_2)
2026-07-24 08:09:23,677 [INFO] [51/121] 노량진 (primary=KEY_3)
2026-07-24 08:09:25,403 [INFO] [52/121] 덕수궁길·정동길 (primary=KEY_4)
2026-07-24 08:09:26,536 [INFO] [53/121] 북창동 먹자골목 (primary=KEY_1)
2026-07-24 08:09:27,618 [INFO] [54/121] 북촌한옥마을 (primary=KEY_2)
2026-07-24 08:09:28,843 [INFO] [55/121] 서촌 (primary=KEY_3)
2026-07-24 08:09:29,938 [INFO] [56/121] 성수카페거리 (primary=KEY_4)
2026-07-24 08:09:31,186 [INFO] [57/121] 송리단길·호수단길 (primary=KEY_1)
2026-07-24 08:09:32,326 [INFO] [58/121] 신촌 스타광장 (primary=KEY_2)
2026-07-24 08:09:33,286 [INFO] [59/121] 압구정로데오거리 (primary=KEY_3)
2026-07-24 08:09:34,400 [INFO] [60/121] 여의도 (primary=KEY_4)
2026-07-24 08:09:36,103 [INFO] [61/121] 연남동 (primary=KEY_1)
2026-07-24 08:09:37,187 [INFO] [62/121] 영등포 타임스퀘어 (primary=KEY_2)
2026-07-24 08:09:38,274 [INFO] [63/121] 용리단길 (primary=KEY_3)
2026-07-24 08:09:39,899 [INFO] [64/121] 이태원 앤틱가구거리 (primary=KEY_4)
2026-07-24 08:09:41,008 [INFO] [65/121] 익선동 (primary=KEY_1)
2026-07-24 08:09:42,182 [INFO] [66/121] 인사동 (primary=KEY_2)
2026-07-24 08:09:43,402 [INFO] [67/121] 잠실롯데타워·석촌호수 (primary=KEY_3)
2026-07-24 08:09:44,780 [INFO] [68/121] 창동 신경제 중심지 (primary=KEY_4)
2026-07-24 08:09:46,162 [INFO] [69/121] 청담동 명품거리 (primary=KEY_1)
2026-07-24 08:09:47,272 [INFO] [70/121] 청량리 제기동 일대 전통시장 (primary=KEY_2)
2026-07-24 08:09:48,379 [INFO] [71/121] 해방촌·경리단길 (primary=KEY_3)
2026-07-24 08:09:49,386 [INFO] [72/121] DDP(동대문디자인플라자) (primary=KEY_4)
2026-07-24 08:09:50,496 [INFO] [73/121] DMC(디지털미디어시티) (primary=KEY_1)
2026-07-24 08:09:51,898 [INFO] [74/121] 가산디지털단지역 (primary=KEY_2)
2026-07-24 08:09:53,385 [INFO] [75/121] 강남역 (primary=KEY_3)
2026-07-24 08:09:54,655 [INFO] [76/121] 건대입구역 (primary=KEY_4)
2026-07-24 08:09:55,774 [INFO] [77/121] 고덕역 (primary=KEY_1)
2026-07-24 08:09:56,869 [INFO] [78/121] 고속터미널역 (primary=KEY_2)
2026-07-24 08:09:57,987 [INFO] [79/121] 교대역 (primary=KEY_3)
2026-07-24 08:09:59,090 [INFO] [80/121] 구로디지털단지역 (primary=KEY_4)
2026-07-24 08:10:00,437 [INFO] [81/121] 구로역 (primary=KEY_1)
2026-07-24 08:10:01,525 [INFO] [82/121] 군자역 (primary=KEY_2)
2026-07-24 08:10:02,734 [INFO] [83/121] 대림역 (primary=KEY_3)
2026-07-24 08:10:03,874 [INFO] [84/121] 동대문역 (primary=KEY_4)
2026-07-24 08:10:04,991 [INFO] [85/121] 뚝섬역 (primary=KEY_1)
2026-07-24 08:10:06,706 [INFO] [86/121] 미아사거리역 (primary=KEY_2)
2026-07-24 08:10:08,505 [INFO] [87/121] 발산역 (primary=KEY_3)
2026-07-24 08:10:10,487 [INFO] [88/121] 사당역 (primary=KEY_4)
2026-07-24 08:10:11,699 [INFO] [89/121] 삼각지역 (primary=KEY_1)
2026-07-24 08:10:12,770 [INFO] [90/121] 서울대입구역 (primary=KEY_2)
2026-07-24 08:10:14,489 [INFO] [91/121] 서울식물원·마곡나루역 (primary=KEY_3)
2026-07-24 08:10:16,375 [INFO] [92/121] 서울역 (primary=KEY_4)
2026-07-24 08:10:18,408 [INFO] [93/121] 선릉역 (primary=KEY_1)
2026-07-24 08:10:20,497 [INFO] [94/121] 성신여대입구역 (primary=KEY_2)
2026-07-24 08:10:21,975 [INFO] [95/121] 수유역 (primary=KEY_3)
2026-07-24 08:10:23,053 [INFO] [96/121] 숭례문 (primary=KEY_4)
2026-07-24 08:10:24,296 [INFO] [97/121] 시의회 앞 (primary=KEY_1)
2026-07-24 08:10:25,400 [INFO] [98/121] 신논현역·논현역 (primary=KEY_2)
2026-07-24 08:10:27,155 [INFO] [99/121] 신도림역 (primary=KEY_3)
2026-07-24 08:10:28,744 [INFO] [100/121] 신림역 (primary=KEY_4)
2026-07-24 08:10:29,842 [INFO] [101/121] 신정네거리역 (primary=KEY_1)
2026-07-24 08:10:30,936 [INFO] [102/121] 신촌·이대역 (primary=KEY_2)
2026-07-24 08:10:32,031 [INFO] [103/121] 쌍문역 (primary=KEY_3)
2026-07-24 08:10:33,644 [INFO] [104/121] 양재역 (primary=KEY_4)
2026-07-24 08:10:34,757 [INFO] [105/121] 역삼역 (primary=KEY_1)
2026-07-24 08:10:36,501 [INFO] [106/121] 연신내역 (primary=KEY_2)
2026-07-24 08:10:38,250 [INFO] [107/121] 오목교역·목동운동장 (primary=KEY_3)
2026-07-24 08:10:39,765 [INFO] [108/121] 왕십리역 (primary=KEY_4)
2026-07-24 08:10:41,012 [INFO] [109/121] 용산역 (primary=KEY_1)
2026-07-24 08:10:42,246 [INFO] [110/121] 이태원역 (primary=KEY_2)
2026-07-24 08:10:43,221 [INFO] [111/121] 잠실새내역 (primary=KEY_3)
2026-07-24 08:10:44,839 [INFO] [112/121] 잠실역 (primary=KEY_4)
2026-07-24 08:10:46,653 [INFO] [113/121] 장지역 (primary=KEY_1)
2026-07-24 08:10:47,884 [INFO] [114/121] 장한평역 (primary=KEY_2)
2026-07-24 08:10:49,526 [INFO] [115/121] 천호역 (primary=KEY_3)
2026-07-24 08:10:50,677 [INFO] [116/121] 총신대입구(이수)역 (primary=KEY_4)
2026-07-24 08:10:51,770 [INFO] [117/121] 충정로역 (primary=KEY_1)
2026-07-24 08:10:52,869 [INFO] [118/121] 합정역 (primary=KEY_2)
2026-07-24 08:10:53,997 [INFO] [119/121] 혜화역 (primary=KEY_3)
2026-07-24 08:10:55,088 [INFO] [120/121] 홍대입구역(2호선) (primary=KEY_4)
2026-07-24 08:10:56,197 [INFO] [121/121] 회기역 (primary=KEY_1)
2026-07-24 08:10:58,512 [INFO] === 수집 완료 | 성공 121, 실패 0 ===
2026-07-24 08:10:58,512 [INFO] 카테고리별 저장 결과:
2026-07-24 08:10:58,512 [INFO]    accident                  | 신규     2행 | 누적     14행 | 16컬럼
2026-07-24 08:10:58,512 [INFO]    accident_acdnt_cntrl_stts | 신규     2행 | 누적      2행 | 16컬럼
2026-07-24 08:10:58,512 [INFO]    area_meta                 | 신규   121행 | 누적    605행 | 5컬럼
2026-07-24 08:10:58,512 [INFO]    bike                      | 신규    11행 | 누적     55행 | 12컬럼
2026-07-24 08:10:58,513 [INFO]    bike_sbike_stts           | 신규   570행 | 누적   2850행 | 12컬럼
2026-07-24 08:10:58,513 [INFO]    bus                       | 신규     3행 | 누적     15행 | 11컬럼
2026-07-24 08:10:58,513 [INFO]    bus_bus_stn_stts          | 신규  1745행 | 누적   8725행 | 11컬럼
2026-07-24 08:10:58,513 [INFO]    charger                   | 신규     4행 | 누적     20행 | 15컬럼
2026-07-24 08:10:58,513 [INFO]    charger_charger_stts      | 신규  1920행 | 누적   9535행 | 15컬럼
2026-07-24 08:10:58,513 [INFO]    cmrcl                     | 신규    82행 | 누적    410행 | 20컬럼
2026-07-24 08:10:58,513 [INFO]    events                    | 신규    13행 | 누적     65행 | 14컬럼
2026-07-24 08:10:58,513 [INFO]    events_event_stts         | 신규   138행 | 누적    684행 | 14컬럼
2026-07-24 08:10:58,513 [INFO]    parking                   | 신규     6행 | 누적     30행 | 21컬럼
2026-07-24 08:10:58,513 [INFO]    parking_prk_stts          | 신규  1834행 | 누적   9170행 | 21컬럼
2026-07-24 08:10:58,513 [INFO]    ppltn                     | 신규   121행 | 누적    604행 | 26컬럼
2026-07-24 08:10:58,513 [INFO]    road                      | 신규   121행 | 누적    605행 | 21컬럼
2026-07-24 08:10:58,513 [INFO]    road_road_traffic_stts    | 신규  5273행 | 누적  26365행 | 17컬럼
2026-07-24 08:10:58,514 [INFO]    subway                    | 신규    38행 | 누적    190행 | 13컬럼
2026-07-24 08:10:58,514 [INFO]    subway_sub_stts           | 신규   183행 | 누적    915행 | 13컬럼
2026-07-24 08:10:58,514 [INFO]    weather                   | 신규   119행 | 누적    595행 | 29컬럼
2026-07-24 08:10:58,514 [INFO] 키별 사용량:
2026-07-24 08:10:58,514 [INFO]    🟢 KEY_1 (31/1000) 
2026-07-24 08:10:58,514 [INFO]    🟢 KEY_2 (30/1000) 
2026-07-24 08:10:58,514 [INFO]    🟢 KEY_3 (30/1000) 
2026-07-24 08:10:58,514 [INFO]    🟢 KEY_4 (30/1000) 
2026-07-24 12:36:25,299 [INFO] 등록된 키: 4개, 합산 한도 4,000건/일
2026-07-24 12:36:25,299 [INFO] POI 로드: 매뉴얼 v8.5 기준 fallback 121개 (121개 전체)
2026-07-24 12:36:25,300 [INFO] === 수집 시작 2026-07-24T12:36:25.300061+09:00 ===
2026-07-24 12:36:25,300 [INFO] 대상 장소: 121개 | API: citydata (통합)
2026-07-24 12:36:25,300 [INFO] 키 풀: 4/4 활성 | 오늘 사용 0/4000건
2026-07-24 12:36:25,300 [INFO]   [KEY_1] 담당 31장소
2026-07-24 12:36:25,300 [INFO]   [KEY_2] 담당 30장소
2026-07-24 12:36:25,300 [INFO]   [KEY_3] 담당 30장소
2026-07-24 12:36:25,300 [INFO]   [KEY_4] 담당 30장소
2026-07-24 12:36:25,300 [INFO] [1/121] 경복궁 (primary=KEY_1)
2026-07-24 12:36:27,451 [INFO] [2/121] 광화문·덕수궁 (primary=KEY_2)
2026-07-24 12:36:30,160 [INFO] [3/121] 보신각 (primary=KEY_3)
2026-07-24 12:36:32,103 [INFO] [4/121] 서울 암사동 유적 (primary=KEY_4)
2026-07-24 12:36:34,225 [INFO] [5/121] 창덕궁·종묘 (primary=KEY_1)
2026-07-24 12:36:36,528 [INFO] [6/121] 강남 MICE 관광특구 (primary=KEY_2)
2026-07-24 12:36:38,647 [INFO] [7/121] 동대문 관광특구 (primary=KEY_3)
2026-07-24 12:36:41,033 [INFO] [8/121] 명동 관광특구 (primary=KEY_4)
2026-07-24 12:36:44,080 [INFO] [9/121] 이태원 관광특구 (primary=KEY_1)
2026-07-24 12:36:46,112 [INFO] [10/121] 잠실 관광특구 (primary=KEY_2)
2026-07-24 12:36:49,079 [INFO] [11/121] 종로·청계 관광특구 (primary=KEY_3)
2026-07-24 12:36:51,825 [INFO] [12/121] 홍대 관광특구 (primary=KEY_4)
2026-07-24 12:36:53,419 [INFO] [13/121] 강서한강공원 (primary=KEY_1)
2026-07-24 12:36:54,556 [INFO] [14/121] 고척돔 (primary=KEY_2)
2026-07-24 12:36:55,906 [INFO] [15/121] 광나루한강공원 (primary=KEY_3)
2026-07-24 12:36:58,015 [INFO] [16/121] 광화문광장 (primary=KEY_4)
2026-07-24 12:37:00,044 [INFO] [17/121] 국립중앙박물관·용산가족공원 (primary=KEY_1)
2026-07-24 12:37:01,252 [INFO] [18/121] 난지한강공원 (primary=KEY_2)
2026-07-24 12:37:03,542 [INFO] [19/121] 남산공원 (primary=KEY_3)
2026-07-24 12:37:06,051 [INFO] [20/121] 노들섬 (primary=KEY_4)
2026-07-24 12:37:07,952 [INFO] [21/121] 뚝섬한강공원 (primary=KEY_1)
2026-07-24 12:37:09,092 [INFO] [22/121] 망원한강공원 (primary=KEY_2)
2026-07-24 12:37:10,455 [INFO] [23/121] 반포한강공원 (primary=KEY_3)
2026-07-24 12:37:11,589 [INFO] [24/121] 보라매공원 (primary=KEY_4)
2026-07-24 12:37:12,738 [INFO] [25/121] 북서울꿈의숲 (primary=KEY_1)
2026-07-24 12:37:15,667 [INFO] [26/121] 서대문독립공원 (primary=KEY_2)
2026-07-24 12:37:17,427 [INFO] [27/121] 서리풀공원·몽마르뜨공원 (primary=KEY_3)
2026-07-24 12:37:18,785 [INFO] [28/121] 서울대공원 (primary=KEY_4)
2026-07-24 12:37:19,918 [INFO] [29/121] 서울숲공원 (primary=KEY_1)
2026-07-24 12:37:21,281 [INFO] [30/121] 송현녹지광장 (primary=KEY_2)
2026-07-24 12:37:23,382 [INFO] [31/121] 아차산 (primary=KEY_3)
2026-07-24 12:37:24,535 [INFO] [32/121] 안양천 (primary=KEY_4)
2026-07-24 12:37:25,678 [INFO] [33/121] 양화한강공원 (primary=KEY_1)
2026-07-24 12:37:26,805 [INFO] [34/121] 어린이대공원 (primary=KEY_2)
2026-07-24 12:37:28,159 [INFO] [35/121] 여의도한강공원 (primary=KEY_3)
2026-07-24 12:37:29,492 [INFO] [36/121] 여의서로 (primary=KEY_4)
2026-07-24 12:37:30,822 [INFO] [37/121] 올림픽공원 (primary=KEY_1)
2026-07-24 12:37:33,345 [INFO] [38/121] 월드컵공원 (primary=KEY_2)
2026-07-24 12:37:34,897 [INFO] [39/121] 응봉산 (primary=KEY_3)
2026-07-24 12:37:36,220 [INFO] [40/121] 이촌한강공원 (primary=KEY_4)
2026-07-24 12:37:37,358 [INFO] [41/121] 잠실종합운동장 (primary=KEY_1)
2026-07-24 12:37:38,505 [INFO] [42/121] 잠실한강공원 (primary=KEY_2)
2026-07-24 12:37:39,642 [INFO] [43/121] 잠원한강공원 (primary=KEY_3)
2026-07-24 12:37:40,780 [INFO] [44/121] 청계산 (primary=KEY_4)
2026-07-24 12:37:41,909 [INFO] [45/121] 홍제폭포 (primary=KEY_1)
2026-07-24 12:37:43,800 [INFO] [46/121] 가락시장 (primary=KEY_2)
2026-07-24 12:37:45,153 [INFO] [47/121] 가로수길 (primary=KEY_3)
2026-07-24 12:37:46,544 [INFO] [48/121] 광장(전통)시장 (primary=KEY_4)
2026-07-24 12:37:47,705 [INFO] [49/121] 김포공항 (primary=KEY_1)
2026-07-24 12:37:49,917 [INFO] [50/121] 남대문시장 (primary=KEY_2)
2026-07-24 12:37:51,263 [INFO] [51/121] 노량진 (primary=KEY_3)
2026-07-24 12:37:52,607 [INFO] [52/121] 덕수궁길·정동길 (primary=KEY_4)
2026-07-24 12:37:53,968 [INFO] [53/121] 북창동 먹자골목 (primary=KEY_1)
2026-07-24 12:37:56,464 [INFO] [54/121] 북촌한옥마을 (primary=KEY_2)
2026-07-24 12:37:58,580 [INFO] [55/121] 서촌 (primary=KEY_3)
2026-07-24 12:37:59,910 [INFO] [56/121] 성수카페거리 (primary=KEY_4)
2026-07-24 12:38:01,458 [INFO] [57/121] 송리단길·호수단길 (primary=KEY_1)
2026-07-24 12:38:02,831 [INFO] [58/121] 신촌 스타광장 (primary=KEY_2)
2026-07-24 12:38:04,006 [INFO] [59/121] 압구정로데오거리 (primary=KEY_3)
2026-07-24 12:38:05,354 [INFO] [60/121] 여의도 (primary=KEY_4)
2026-07-24 12:38:07,735 [INFO] [61/121] 연남동 (primary=KEY_1)
2026-07-24 12:38:10,013 [INFO] [62/121] 영등포 타임스퀘어 (primary=KEY_2)
2026-07-24 12:38:12,515 [INFO] [63/121] 용리단길 (primary=KEY_3)
2026-07-24 12:38:14,462 [INFO] [64/121] 이태원 앤틱가구거리 (primary=KEY_4)
2026-07-24 12:38:15,802 [INFO] [65/121] 익선동 (primary=KEY_1)
2026-07-24 12:38:17,180 [INFO] [66/121] 인사동 (primary=KEY_2)
2026-07-24 12:38:18,721 [INFO] [67/121] 잠실롯데타워·석촌호수 (primary=KEY_3)
2026-07-24 12:38:20,487 [INFO] [68/121] 창동 신경제 중심지 (primary=KEY_4)
2026-07-24 12:38:22,617 [INFO] [69/121] 청담동 명품거리 (primary=KEY_1)
2026-07-24 12:38:23,963 [INFO] [70/121] 청량리 제기동 일대 전통시장 (primary=KEY_2)
2026-07-24 12:38:25,312 [INFO] [71/121] 해방촌·경리단길 (primary=KEY_3)
2026-07-24 12:38:26,459 [INFO] [72/121] DDP(동대문디자인플라자) (primary=KEY_4)
2026-07-24 12:38:27,890 [INFO] [73/121] DMC(디지털미디어시티) (primary=KEY_1)
2026-07-24 12:38:29,687 [INFO] [74/121] 가산디지털단지역 (primary=KEY_2)
2026-07-24 12:38:31,613 [INFO] [75/121] 강남역 (primary=KEY_3)
2026-07-24 12:38:33,179 [INFO] [76/121] 건대입구역 (primary=KEY_4)
2026-07-24 12:38:34,540 [INFO] [77/121] 고덕역 (primary=KEY_1)
2026-07-24 12:38:35,876 [INFO] [78/121] 고속터미널역 (primary=KEY_2)
2026-07-24 12:38:37,263 [INFO] [79/121] 교대역 (primary=KEY_3)
2026-07-24 12:38:38,614 [INFO] [80/121] 구로디지털단지역 (primary=KEY_4)
2026-07-24 12:38:40,349 [INFO] [81/121] 구로역 (primary=KEY_1)
2026-07-24 12:38:41,718 [INFO] [82/121] 군자역 (primary=KEY_2)
2026-07-24 12:38:43,067 [INFO] [83/121] 대림역 (primary=KEY_3)
2026-07-24 12:38:44,449 [INFO] [84/121] 동대문역 (primary=KEY_4)
2026-07-24 12:38:45,798 [INFO] [85/121] 뚝섬역 (primary=KEY_1)
2026-07-24 12:38:47,144 [INFO] [86/121] 미아사거리역 (primary=KEY_2)
2026-07-24 12:38:48,516 [INFO] [87/121] 발산역 (primary=KEY_3)
2026-07-24 12:38:50,252 [INFO] [88/121] 사당역 (primary=KEY_4)
2026-07-24 12:38:51,647 [INFO] [89/121] 삼각지역 (primary=KEY_1)
2026-07-24 12:38:53,007 [INFO] [90/121] 서울대입구역 (primary=KEY_2)
2026-07-24 12:38:54,356 [INFO] [91/121] 서울식물원·마곡나루역 (primary=KEY_3)
2026-07-24 12:38:55,941 [INFO] [92/121] 서울역 (primary=KEY_4)
2026-07-24 12:38:57,532 [INFO] [93/121] 선릉역 (primary=KEY_1)
2026-07-24 12:38:59,340 [INFO] [94/121] 성신여대입구역 (primary=KEY_2)
2026-07-24 12:39:00,696 [INFO] [95/121] 수유역 (primary=KEY_3)
2026-07-24 12:39:02,058 [INFO] [96/121] 숭례문 (primary=KEY_4)
2026-07-24 12:39:03,614 [INFO] [97/121] 시의회 앞 (primary=KEY_1)
2026-07-24 12:39:04,985 [INFO] [98/121] 신논현역·논현역 (primary=KEY_2)
2026-07-24 12:39:06,376 [INFO] [99/121] 신도림역 (primary=KEY_3)
2026-07-24 12:39:07,522 [INFO] [100/121] 신림역 (primary=KEY_4)
2026-07-24 12:39:08,867 [INFO] [101/121] 신정네거리역 (primary=KEY_1)
2026-07-24 12:39:10,231 [INFO] [102/121] 신촌·이대역 (primary=KEY_2)
2026-07-24 12:39:11,606 [INFO] [103/121] 쌍문역 (primary=KEY_3)
2026-07-24 12:39:12,963 [INFO] [104/121] 양재역 (primary=KEY_4)
2026-07-24 12:39:15,098 [INFO] [105/121] 역삼역 (primary=KEY_1)
2026-07-24 12:39:16,643 [INFO] [106/121] 연신내역 (primary=KEY_2)
2026-07-24 12:39:17,824 [INFO] [107/121] 오목교역·목동운동장 (primary=KEY_3)
2026-07-24 12:39:19,762 [INFO] [108/121] 왕십리역 (primary=KEY_4)
2026-07-24 12:39:21,342 [INFO] [109/121] 용산역 (primary=KEY_1)
2026-07-24 12:39:22,886 [INFO] [110/121] 이태원역 (primary=KEY_2)
2026-07-24 12:39:24,040 [INFO] [111/121] 잠실새내역 (primary=KEY_3)
2026-07-24 12:39:25,401 [INFO] [112/121] 잠실역 (primary=KEY_4)
2026-07-24 12:39:27,031 [INFO] [113/121] 장지역 (primary=KEY_1)
2026-07-24 12:39:28,601 [INFO] [114/121] 장한평역 (primary=KEY_2)
2026-07-24 12:39:29,958 [INFO] [115/121] 천호역 (primary=KEY_3)
2026-07-24 12:39:31,543 [INFO] [116/121] 총신대입구(이수)역 (primary=KEY_4)
2026-07-24 12:39:32,910 [INFO] [117/121] 충정로역 (primary=KEY_1)
2026-07-24 12:39:34,261 [INFO] [118/121] 합정역 (primary=KEY_2)
2026-07-24 12:39:35,841 [INFO] [119/121] 혜화역 (primary=KEY_3)
2026-07-24 12:39:37,198 [INFO] [120/121] 홍대입구역(2호선) (primary=KEY_4)
2026-07-24 12:39:38,560 [INFO] [121/121] 회기역 (primary=KEY_1)
2026-07-24 12:39:41,392 [INFO] === 수집 완료 | 성공 121, 실패 0 ===
2026-07-24 12:39:41,392 [INFO] 카테고리별 저장 결과:
2026-07-24 12:39:41,392 [INFO]    accident                  | 신규     2행 | 누적     16행 | 16컬럼
2026-07-24 12:39:41,392 [INFO]    accident_acdnt_cntrl_stts | 신규     4행 | 누적      6행 | 16컬럼
2026-07-24 12:39:41,392 [INFO]    area_meta                 | 신규   121행 | 누적    726행 | 5컬럼
2026-07-24 12:39:41,392 [INFO]    bike                      | 신규    11행 | 누적     66행 | 12컬럼
2026-07-24 12:39:41,393 [INFO]    bike_sbike_stts           | 신규   571행 | 누적   3421행 | 12컬럼
2026-07-24 12:39:41,393 [INFO]    bus                       | 신규     3행 | 누적     18행 | 11컬럼
2026-07-24 12:39:41,393 [INFO]    bus_bus_stn_stts          | 신규  1745행 | 누적  10470행 | 11컬럼
2026-07-24 12:39:41,393 [INFO]    charger                   | 신규     4행 | 누적     24행 | 15컬럼
2026-07-24 12:39:41,393 [INFO]    charger_charger_stts      | 신규  1919행 | 누적  11441행 | 15컬럼
2026-07-24 12:39:41,393 [INFO]    cmrcl                     | 신규    82행 | 누적    492행 | 20컬럼
2026-07-24 12:39:41,393 [INFO]    events                    | 신규    13행 | 누적     78행 | 14컬럼
2026-07-24 12:39:41,393 [INFO]    events_event_stts         | 신규   138행 | 누적    822행 | 14컬럼
2026-07-24 12:39:41,393 [INFO]    parking                   | 신규     6행 | 누적     36행 | 21컬럼
2026-07-24 12:39:41,393 [INFO]    parking_prk_stts          | 신규  1834행 | 누적  11004행 | 21컬럼
2026-07-24 12:39:41,393 [INFO]    ppltn                     | 신규   121행 | 누적    725행 | 26컬럼
2026-07-24 12:39:41,393 [INFO]    road                      | 신규   121행 | 누적    726행 | 21컬럼
2026-07-24 12:39:41,393 [INFO]    road_road_traffic_stts    | 신규  5273행 | 누적  31638행 | 17컬럼
2026-07-24 12:39:41,393 [INFO]    subway                    | 신규    38행 | 누적    228행 | 13컬럼
2026-07-24 12:39:41,393 [INFO]    subway_sub_stts           | 신규   183행 | 누적   1098행 | 13컬럼
2026-07-24 12:39:41,393 [INFO]    weather                   | 신규   119행 | 누적    714행 | 29컬럼
2026-07-24 12:39:41,393 [INFO] 키별 사용량:
2026-07-24 12:39:41,393 [INFO]    🟢 KEY_1 (31/1000) 
2026-07-24 12:39:41,393 [INFO]    🟢 KEY_2 (30/1000) 
2026-07-24 12:39:41,394 [INFO]    🟢 KEY_3 (30/1000) 
2026-07-24 12:39:41,394 [INFO]    🟢 KEY_4 (30/1000) 
2026-07-24 15:37:00,036 [INFO] 등록된 키: 4개, 합산 한도 4,000건/일
2026-07-24 15:37:00,037 [INFO] POI 로드: 매뉴얼 v8.5 기준 fallback 121개 (121개 전체)
2026-07-24 15:37:00,037 [INFO] === 수집 시작 2026-07-24T15:37:00.037660+09:00 ===
2026-07-24 15:37:00,037 [INFO] 대상 장소: 121개 | API: citydata (통합)
2026-07-24 15:37:00,037 [INFO] 키 풀: 4/4 활성 | 오늘 사용 0/4000건
2026-07-24 15:37:00,037 [INFO]   [KEY_1] 담당 31장소
2026-07-24 15:37:00,038 [INFO]   [KEY_2] 담당 30장소
2026-07-24 15:37:00,038 [INFO]   [KEY_3] 담당 30장소
2026-07-24 15:37:00,038 [INFO]   [KEY_4] 담당 30장소
2026-07-24 15:37:00,038 [INFO] [1/121] 경복궁 (primary=KEY_1)
2026-07-24 15:37:01,804 [INFO] [2/121] 광화문·덕수궁 (primary=KEY_2)
2026-07-24 15:37:03,728 [INFO] [3/121] 보신각 (primary=KEY_3)
2026-07-24 15:37:05,493 [INFO] [4/121] 서울 암사동 유적 (primary=KEY_4)
2026-07-24 15:37:06,455 [INFO] [5/121] 창덕궁·종묘 (primary=KEY_1)
2026-07-24 15:37:08,369 [INFO] [6/121] 강남 MICE 관광특구 (primary=KEY_2)
2026-07-24 15:37:10,246 [INFO] [7/121] 동대문 관광특구 (primary=KEY_3)
2026-07-24 15:37:11,676 [INFO] [8/121] 명동 관광특구 (primary=KEY_4)
2026-07-24 15:37:13,998 [INFO] [9/121] 이태원 관광특구 (primary=KEY_1)
2026-07-24 15:37:15,233 [INFO] [10/121] 잠실 관광특구 (primary=KEY_2)
2026-07-24 15:37:17,319 [INFO] [11/121] 종로·청계 관광특구 (primary=KEY_3)
2026-07-24 15:37:18,667 [INFO] [12/121] 홍대 관광특구 (primary=KEY_4)
2026-07-24 15:37:19,929 [INFO] [13/121] 강서한강공원 (primary=KEY_1)
2026-07-24 15:37:21,015 [INFO] [14/121] 고척돔 (primary=KEY_2)
2026-07-24 15:37:22,489 [INFO] [15/121] 광나루한강공원 (primary=KEY_3)
2026-07-24 15:37:23,584 [INFO] [16/121] 광화문광장 (primary=KEY_4)
2026-07-24 15:37:24,702 [INFO] [17/121] 국립중앙박물관·용산가족공원 (primary=KEY_1)
2026-07-24 15:37:25,678 [INFO] [18/121] 난지한강공원 (primary=KEY_2)
2026-07-24 15:37:26,621 [INFO] [19/121] 남산공원 (primary=KEY_3)
2026-07-24 15:37:28,386 [INFO] [20/121] 노들섬 (primary=KEY_4)
2026-07-24 15:37:29,341 [INFO] [21/121] 뚝섬한강공원 (primary=KEY_1)
2026-07-24 15:37:30,295 [INFO] [22/121] 망원한강공원 (primary=KEY_2)
2026-07-24 15:37:32,083 [INFO] [23/121] 반포한강공원 (primary=KEY_3)
2026-07-24 15:37:33,687 [INFO] [24/121] 보라매공원 (primary=KEY_4)
2026-07-24 15:37:34,660 [INFO] [25/121] 북서울꿈의숲 (primary=KEY_1)
2026-07-24 15:37:35,771 [INFO] [26/121] 서대문독립공원 (primary=KEY_2)
2026-07-24 15:37:36,750 [INFO] [27/121] 서리풀공원·몽마르뜨공원 (primary=KEY_3)
2026-07-24 15:37:37,880 [INFO] [28/121] 서울대공원 (primary=KEY_4)
2026-07-24 15:37:38,829 [INFO] [29/121] 서울숲공원 (primary=KEY_1)
2026-07-24 15:37:39,925 [INFO] [30/121] 송현녹지광장 (primary=KEY_2)
2026-07-24 15:37:41,019 [INFO] [31/121] 아차산 (primary=KEY_3)
2026-07-24 15:37:41,978 [INFO] [32/121] 안양천 (primary=KEY_4)
2026-07-24 15:37:42,928 [INFO] [33/121] 양화한강공원 (primary=KEY_1)
2026-07-24 15:37:43,882 [INFO] [34/121] 어린이대공원 (primary=KEY_2)
2026-07-24 15:37:45,001 [INFO] [35/121] 여의도한강공원 (primary=KEY_3)
2026-07-24 15:37:46,632 [INFO] [36/121] 여의서로 (primary=KEY_4)
2026-07-24 15:37:47,708 [INFO] [37/121] 올림픽공원 (primary=KEY_1)
2026-07-24 15:37:48,977 [INFO] [38/121] 월드컵공원 (primary=KEY_2)
2026-07-24 15:37:50,231 [INFO] [39/121] 응봉산 (primary=KEY_3)
2026-07-24 15:37:51,969 [INFO] [40/121] 이촌한강공원 (primary=KEY_4)
2026-07-24 15:37:52,930 [INFO] [41/121] 잠실종합운동장 (primary=KEY_1)
2026-07-24 15:37:53,891 [INFO] [42/121] 잠실한강공원 (primary=KEY_2)
2026-07-24 15:37:54,873 [INFO] [43/121] 잠원한강공원 (primary=KEY_3)
2026-07-24 15:37:55,831 [INFO] [44/121] 청계산 (primary=KEY_4)
2026-07-24 15:37:57,575 [INFO] [45/121] 홍제폭포 (primary=KEY_1)
2026-07-24 15:37:58,519 [INFO] [46/121] 가락시장 (primary=KEY_2)
2026-07-24 15:37:59,642 [INFO] [47/121] 가로수길 (primary=KEY_3)
2026-07-24 15:38:00,749 [INFO] [48/121] 광장(전통)시장 (primary=KEY_4)
2026-07-24 15:38:01,729 [INFO] [49/121] 김포공항 (primary=KEY_1)
2026-07-24 15:38:02,976 [INFO] [50/121] 남대문시장 (primary=KEY_2)
2026-07-24 15:38:04,080 [INFO] [51/121] 노량진 (primary=KEY_3)
2026-07-24 15:38:05,184 [INFO] [52/121] 덕수궁길·정동길 (primary=KEY_4)
2026-07-24 15:38:06,307 [INFO] [53/121] 북창동 먹자골목 (primary=KEY_1)
2026-07-24 15:38:07,396 [INFO] [54/121] 북촌한옥마을 (primary=KEY_2)
2026-07-24 15:38:08,642 [INFO] [55/121] 서촌 (primary=KEY_3)
2026-07-24 15:38:09,742 [INFO] [56/121] 성수카페거리 (primary=KEY_4)
2026-07-24 15:38:10,995 [INFO] [57/121] 송리단길·호수단길 (primary=KEY_1)
2026-07-24 15:38:12,115 [INFO] [58/121] 신촌 스타광장 (primary=KEY_2)
2026-07-24 15:38:13,088 [INFO] [59/121] 압구정로데오거리 (primary=KEY_3)
2026-07-24 15:38:14,192 [INFO] [60/121] 여의도 (primary=KEY_4)
2026-07-24 15:38:15,934 [INFO] [61/121] 연남동 (primary=KEY_1)
2026-07-24 15:38:17,031 [INFO] [62/121] 영등포 타임스퀘어 (primary=KEY_2)
2026-07-24 15:38:18,135 [INFO] [63/121] 용리단길 (primary=KEY_3)
2026-07-24 15:38:19,778 [INFO] [64/121] 이태원 앤틱가구거리 (primary=KEY_4)
2026-07-24 15:38:20,887 [INFO] [65/121] 익선동 (primary=KEY_1)
2026-07-24 15:38:22,002 [INFO] [66/121] 인사동 (primary=KEY_2)
2026-07-24 15:38:23,256 [INFO] [67/121] 잠실롯데타워·석촌호수 (primary=KEY_3)
2026-07-24 15:38:24,640 [INFO] [68/121] 창동 신경제 중심지 (primary=KEY_4)
2026-07-24 15:38:26,040 [INFO] [69/121] 청담동 명품거리 (primary=KEY_1)
2026-07-24 15:38:27,132 [INFO] [70/121] 청량리 제기동 일대 전통시장 (primary=KEY_2)
2026-07-24 15:38:28,255 [INFO] [71/121] 해방촌·경리단길 (primary=KEY_3)
2026-07-24 15:38:29,214 [INFO] [72/121] DDP(동대문디자인플라자) (primary=KEY_4)
2026-07-24 15:38:30,390 [INFO] [73/121] DMC(디지털미디어시티) (primary=KEY_1)
2026-07-24 15:38:31,815 [INFO] [74/121] 가산디지털단지역 (primary=KEY_2)
2026-07-24 15:38:33,346 [INFO] [75/121] 강남역 (primary=KEY_3)
2026-07-24 15:38:34,608 [INFO] [76/121] 건대입구역 (primary=KEY_4)
2026-07-24 15:38:35,728 [INFO] [77/121] 고덕역 (primary=KEY_1)
2026-07-24 15:38:36,849 [INFO] [78/121] 고속터미널역 (primary=KEY_2)
2026-07-24 15:38:37,967 [INFO] [79/121] 교대역 (primary=KEY_3)
2026-07-24 15:38:39,076 [INFO] [80/121] 구로디지털단지역 (primary=KEY_4)
2026-07-24 15:38:40,468 [INFO] [81/121] 구로역 (primary=KEY_1)
2026-07-24 15:38:42,217 [INFO] [82/121] 군자역 (primary=KEY_2)
2026-07-24 15:38:44,037 [INFO] [83/121] 대림역 (primary=KEY_3)
2026-07-24 15:38:45,820 [INFO] [84/121] 동대문역 (primary=KEY_4)
2026-07-24 15:38:46,923 [INFO] [85/121] 뚝섬역 (primary=KEY_1)
2026-07-24 15:38:48,813 [INFO] [86/121] 미아사거리역 (primary=KEY_2)
2026-07-24 15:38:49,906 [INFO] [87/121] 발산역 (primary=KEY_3)
2026-07-24 15:38:51,847 [INFO] [88/121] 사당역 (primary=KEY_4)
2026-07-24 15:38:53,475 [INFO] [89/121] 삼각지역 (primary=KEY_1)
2026-07-24 15:38:55,104 [INFO] [90/121] 서울대입구역 (primary=KEY_2)
2026-07-24 15:38:56,732 [INFO] [91/121] 서울식물원·마곡나루역 (primary=KEY_3)
2026-07-24 15:38:58,664 [INFO] [92/121] 서울역 (primary=KEY_4)
2026-07-24 15:38:59,942 [INFO] [93/121] 선릉역 (primary=KEY_1)
2026-07-24 15:39:01,895 [INFO] [94/121] 성신여대입구역 (primary=KEY_2)
2026-07-24 15:39:03,399 [INFO] [95/121] 수유역 (primary=KEY_3)
2026-07-24 15:39:04,492 [INFO] [96/121] 숭례문 (primary=KEY_4)
2026-07-24 15:39:05,757 [INFO] [97/121] 시의회 앞 (primary=KEY_1)
2026-07-24 15:39:06,867 [INFO] [98/121] 신논현역·논현역 (primary=KEY_2)
2026-07-24 15:39:07,982 [INFO] [99/121] 신도림역 (primary=KEY_3)
2026-07-24 15:39:09,013 [INFO] [100/121] 신림역 (primary=KEY_4)
2026-07-24 15:39:10,763 [INFO] [101/121] 신정네거리역 (primary=KEY_1)
2026-07-24 15:39:11,862 [INFO] [102/121] 신촌·이대역 (primary=KEY_2)
2026-07-24 15:39:13,009 [INFO] [103/121] 쌍문역 (primary=KEY_3)
2026-07-24 15:39:14,101 [INFO] [104/121] 양재역 (primary=KEY_4)
2026-07-24 15:39:15,864 [INFO] [105/121] 역삼역 (primary=KEY_1)
2026-07-24 15:39:17,110 [INFO] [106/121] 연신내역 (primary=KEY_2)
2026-07-24 15:39:18,111 [INFO] [107/121] 오목교역·목동운동장 (primary=KEY_3)
2026-07-24 15:39:19,649 [INFO] [108/121] 왕십리역 (primary=KEY_4)
2026-07-24 15:39:20,938 [INFO] [109/121] 용산역 (primary=KEY_1)
2026-07-24 15:39:22,173 [INFO] [110/121] 이태원역 (primary=KEY_2)
2026-07-24 15:39:23,161 [INFO] [111/121] 잠실새내역 (primary=KEY_3)
2026-07-24 15:39:24,267 [INFO] [112/121] 잠실역 (primary=KEY_4)
2026-07-24 15:39:25,630 [INFO] [113/121] 장지역 (primary=KEY_1)
2026-07-24 15:39:26,864 [INFO] [114/121] 장한평역 (primary=KEY_2)
2026-07-24 15:39:27,999 [INFO] [115/121] 천호역 (primary=KEY_3)
2026-07-24 15:39:29,250 [INFO] [116/121] 총신대입구(이수)역 (primary=KEY_4)
2026-07-24 15:39:30,366 [INFO] [117/121] 충정로역 (primary=KEY_1)
2026-07-24 15:39:32,027 [INFO] [118/121] 합정역 (primary=KEY_2)
2026-07-24 15:39:33,262 [INFO] [119/121] 혜화역 (primary=KEY_3)
2026-07-24 15:39:35,051 [INFO] [120/121] 홍대입구역(2호선) (primary=KEY_4)
2026-07-24 15:39:36,187 [INFO] [121/121] 회기역 (primary=KEY_1)
2026-07-24 15:39:39,077 [INFO] === 수집 완료 | 성공 121, 실패 0 ===
2026-07-24 15:39:39,077 [INFO] 카테고리별 저장 결과:
2026-07-24 15:39:39,077 [INFO]    accident                  | 신규    10행 | 누적     26행 | 16컬럼
2026-07-24 15:39:39,077 [INFO]    accident_acdnt_cntrl_stts | 신규     2행 | 누적      8행 | 16컬럼
2026-07-24 15:39:39,077 [INFO]    area_meta                 | 신규   121행 | 누적    847행 | 5컬럼
2026-07-24 15:39:39,077 [INFO]    bike                      | 신규    11행 | 누적     77행 | 12컬럼
2026-07-24 15:39:39,077 [INFO]    bike_sbike_stts           | 신규   571행 | 누적   3992행 | 12컬럼
2026-07-24 15:39:39,077 [INFO]    bus                       | 신규     3행 | 누적     21행 | 11컬럼
2026-07-24 15:39:39,077 [INFO]    bus_bus_stn_stts          | 신규  1745행 | 누적  12215행 | 11컬럼
2026-07-24 15:39:39,077 [INFO]    charger                   | 신규     4행 | 누적     28행 | 15컬럼
2026-07-24 15:39:39,077 [INFO]    charger_charger_stts      | 신규  1919행 | 누적  13347행 | 15컬럼
2026-07-24 15:39:39,077 [INFO]    cmrcl                     | 신규    82행 | 누적    574행 | 20컬럼
2026-07-24 15:39:39,077 [INFO]    disaster_live_dst_message | 신규    10행 | 누적     10행 | 9컬럼
2026-07-24 15:39:39,077 [INFO]    events                    | 신규    13행 | 누적     91행 | 14컬럼
2026-07-24 15:39:39,077 [INFO]    events_event_stts         | 신규   138행 | 누적    960행 | 14컬럼
2026-07-24 15:39:39,077 [INFO]    parking                   | 신규     6행 | 누적     42행 | 21컬럼
2026-07-24 15:39:39,078 [INFO]    parking_prk_stts          | 신규  1834행 | 누적  12838행 | 21컬럼
2026-07-24 15:39:39,078 [INFO]    ppltn                     | 신규   121행 | 누적    846행 | 26컬럼
2026-07-24 15:39:39,078 [INFO]    road                      | 신규   121행 | 누적    847행 | 21컬럼
2026-07-24 15:39:39,078 [INFO]    road_road_traffic_stts    | 신규  5273행 | 누적  36911행 | 17컬럼
2026-07-24 15:39:39,078 [INFO]    subway                    | 신규    38행 | 누적    266행 | 13컬럼
2026-07-24 15:39:39,078 [INFO]    subway_sub_stts           | 신규   183행 | 누적   1281행 | 13컬럼
2026-07-24 15:39:39,078 [INFO]    weather                   | 신규   119행 | 누적    833행 | 29컬럼
2026-07-24 15:39:39,078 [INFO] 키별 사용량:
2026-07-24 15:39:39,078 [INFO]    🟢 KEY_1 (31/1000) 
2026-07-24 15:39:39,078 [INFO]    🟢 KEY_2 (30/1000) 
2026-07-24 15:39:39,078 [INFO]    🟢 KEY_3 (30/1000) 
2026-07-24 15:39:39,078 [INFO]    🟢 KEY_4 (30/1000) 
2026-07-24 18:29:36,192 [INFO] 등록된 키: 4개, 합산 한도 4,000건/일
2026-07-24 18:29:36,192 [INFO] POI 로드: 매뉴얼 v8.5 기준 fallback 121개 (121개 전체)
2026-07-24 18:29:36,192 [INFO] === 수집 시작 2026-07-24T18:29:36.192926+09:00 ===
2026-07-24 18:29:36,193 [INFO] 대상 장소: 121개 | API: citydata (통합)
2026-07-24 18:29:36,193 [INFO] 키 풀: 4/4 활성 | 오늘 사용 0/4000건
2026-07-24 18:29:36,193 [INFO]   [KEY_1] 담당 31장소
2026-07-24 18:29:36,193 [INFO]   [KEY_2] 담당 30장소
2026-07-24 18:29:36,193 [INFO]   [KEY_3] 담당 30장소
2026-07-24 18:29:36,193 [INFO]   [KEY_4] 담당 30장소
2026-07-24 18:29:36,193 [INFO] [1/121] 경복궁 (primary=KEY_1)
2026-07-24 18:29:38,196 [INFO] [2/121] 광화문·덕수궁 (primary=KEY_2)
2026-07-24 18:29:40,246 [INFO] [3/121] 보신각 (primary=KEY_3)
2026-07-24 18:29:42,242 [INFO] [4/121] 서울 암사동 유적 (primary=KEY_4)
2026-07-24 18:29:43,777 [INFO] [5/121] 창덕궁·종묘 (primary=KEY_1)
2026-07-24 18:29:44,916 [INFO] [6/121] 강남 MICE 관광특구 (primary=KEY_2)
2026-07-24 18:29:46,932 [INFO] [7/121] 동대문 관광특구 (primary=KEY_3)
2026-07-24 18:29:48,258 [INFO] [8/121] 명동 관광특구 (primary=KEY_4)
2026-07-24 18:29:50,643 [INFO] [9/121] 이태원 관광특구 (primary=KEY_1)
2026-07-24 18:29:52,354 [INFO] [10/121] 잠실 관광특구 (primary=KEY_2)
2026-07-24 18:29:54,453 [INFO] [11/121] 종로·청계 관광특구 (primary=KEY_3)
2026-07-24 18:29:55,800 [INFO] [12/121] 홍대 관광특구 (primary=KEY_4)
2026-07-24 18:29:57,116 [INFO] [13/121] 강서한강공원 (primary=KEY_1)
2026-07-24 18:29:58,129 [INFO] [14/121] 고척돔 (primary=KEY_2)
2026-07-24 18:29:59,170 [INFO] [15/121] 광나루한강공원 (primary=KEY_3)
2026-07-24 18:30:00,451 [INFO] [16/121] 광화문광장 (primary=KEY_4)
2026-07-24 18:30:01,600 [INFO] [17/121] 국립중앙박물관·용산가족공원 (primary=KEY_1)
2026-07-24 18:30:02,663 [INFO] [18/121] 난지한강공원 (primary=KEY_2)
2026-07-24 18:30:03,769 [INFO] [19/121] 남산공원 (primary=KEY_3)
2026-07-24 18:30:05,657 [INFO] [20/121] 노들섬 (primary=KEY_4)
2026-07-24 18:30:07,467 [INFO] [21/121] 뚝섬한강공원 (primary=KEY_1)
2026-07-24 18:30:09,146 [INFO] [22/121] 망원한강공원 (primary=KEY_2)
2026-07-24 18:30:10,983 [INFO] [23/121] 반포한강공원 (primary=KEY_3)
2026-07-24 18:30:12,537 [INFO] [24/121] 보라매공원 (primary=KEY_4)
2026-07-24 18:30:14,241 [INFO] [25/121] 북서울꿈의숲 (primary=KEY_1)
2026-07-24 18:30:15,357 [INFO] [26/121] 서대문독립공원 (primary=KEY_2)
2026-07-24 18:30:16,923 [INFO] [27/121] 서리풀공원·몽마르뜨공원 (primary=KEY_3)
2026-07-24 18:30:18,105 [INFO] [28/121] 서울대공원 (primary=KEY_4)
2026-07-24 18:30:19,104 [INFO] [29/121] 서울숲공원 (primary=KEY_1)
2026-07-24 18:30:20,245 [INFO] [30/121] 송현녹지광장 (primary=KEY_2)
2026-07-24 18:30:22,100 [INFO] [31/121] 아차산 (primary=KEY_3)
2026-07-24 18:30:23,662 [INFO] [32/121] 안양천 (primary=KEY_4)
2026-07-24 18:30:24,641 [INFO] [33/121] 양화한강공원 (primary=KEY_1)
2026-07-24 18:30:25,612 [INFO] [34/121] 어린이대공원 (primary=KEY_2)
2026-07-24 18:30:26,776 [INFO] [35/121] 여의도한강공원 (primary=KEY_3)
2026-07-24 18:30:27,925 [INFO] [36/121] 여의서로 (primary=KEY_4)
2026-07-24 18:30:29,055 [INFO] [37/121] 올림픽공원 (primary=KEY_1)
2026-07-24 18:30:30,384 [INFO] [38/121] 월드컵공원 (primary=KEY_2)
2026-07-24 18:30:31,727 [INFO] [39/121] 응봉산 (primary=KEY_3)
2026-07-24 18:30:32,841 [INFO] [40/121] 이촌한강공원 (primary=KEY_4)
2026-07-24 18:30:34,528 [INFO] [41/121] 잠실종합운동장 (primary=KEY_1)
2026-07-24 18:30:35,529 [INFO] [42/121] 잠실한강공원 (primary=KEY_2)
2026-07-24 18:30:36,545 [INFO] [43/121] 잠원한강공원 (primary=KEY_3)
2026-07-24 18:30:38,105 [INFO] [44/121] 청계산 (primary=KEY_4)
2026-07-24 18:30:39,078 [INFO] [45/121] 홍제폭포 (primary=KEY_1)
2026-07-24 18:30:40,059 [INFO] [46/121] 가락시장 (primary=KEY_2)
2026-07-24 18:30:41,256 [INFO] [47/121] 가로수길 (primary=KEY_3)
2026-07-24 18:30:42,430 [INFO] [48/121] 광장(전통)시장 (primary=KEY_4)
2026-07-24 18:30:43,445 [INFO] [49/121] 김포공항 (primary=KEY_1)
2026-07-24 18:30:44,748 [INFO] [50/121] 남대문시장 (primary=KEY_2)
2026-07-24 18:30:45,871 [INFO] [51/121] 노량진 (primary=KEY_3)
2026-07-24 18:30:47,032 [INFO] [52/121] 덕수궁길·정동길 (primary=KEY_4)
2026-07-24 18:30:48,219 [INFO] [53/121] 북창동 먹자골목 (primary=KEY_1)
2026-07-24 18:30:49,368 [INFO] [54/121] 북촌한옥마을 (primary=KEY_2)
2026-07-24 18:30:50,671 [INFO] [55/121] 서촌 (primary=KEY_3)
2026-07-24 18:30:51,823 [INFO] [56/121] 성수카페거리 (primary=KEY_4)
2026-07-24 18:30:53,105 [INFO] [57/121] 송리단길·호수단길 (primary=KEY_1)
2026-07-24 18:30:54,290 [INFO] [58/121] 신촌 스타광장 (primary=KEY_2)
2026-07-24 18:30:55,355 [INFO] [59/121] 압구정로데오거리 (primary=KEY_3)
2026-07-24 18:30:56,541 [INFO] [60/121] 여의도 (primary=KEY_4)
2026-07-24 18:30:58,331 [INFO] [61/121] 연남동 (primary=KEY_1)
2026-07-24 18:30:59,474 [INFO] [62/121] 영등포 타임스퀘어 (primary=KEY_2)
2026-07-24 18:31:00,605 [INFO] [63/121] 용리단길 (primary=KEY_3)
2026-07-24 18:31:01,677 [INFO] [64/121] 이태원 앤틱가구거리 (primary=KEY_4)
2026-07-24 18:31:02,819 [INFO] [65/121] 익선동 (primary=KEY_1)
2026-07-24 18:31:04,018 [INFO] [66/121] 인사동 (primary=KEY_2)
2026-07-24 18:31:05,299 [INFO] [67/121] 잠실롯데타워·석촌호수 (primary=KEY_3)
2026-07-24 18:31:06,752 [INFO] [68/121] 창동 신경제 중심지 (primary=KEY_4)
2026-07-24 18:31:08,265 [INFO] [69/121] 청담동 명품거리 (primary=KEY_1)
2026-07-24 18:31:09,423 [INFO] [70/121] 청량리 제기동 일대 전통시장 (primary=KEY_2)
2026-07-24 18:31:10,591 [INFO] [71/121] 해방촌·경리단길 (primary=KEY_3)
2026-07-24 18:31:11,593 [INFO] [72/121] DDP(동대문디자인플라자) (primary=KEY_4)
2026-07-24 18:31:12,756 [INFO] [73/121] DMC(디지털미디어시티) (primary=KEY_1)
2026-07-24 18:31:14,220 [INFO] [74/121] 가산디지털단지역 (primary=KEY_2)
2026-07-24 18:31:15,840 [INFO] [75/121] 강남역 (primary=KEY_3)
2026-07-24 18:31:17,298 [INFO] [76/121] 건대입구역 (primary=KEY_4)
2026-07-24 18:31:18,431 [INFO] [77/121] 고덕역 (primary=KEY_1)
2026-07-24 18:31:19,585 [INFO] [78/121] 고속터미널역 (primary=KEY_2)
2026-07-24 18:31:20,749 [INFO] [79/121] 교대역 (primary=KEY_3)
2026-07-24 18:31:21,905 [INFO] [80/121] 구로디지털단지역 (primary=KEY_4)
2026-07-24 18:31:23,332 [INFO] [81/121] 구로역 (primary=KEY_1)
2026-07-24 18:31:24,471 [INFO] [82/121] 군자역 (primary=KEY_2)
2026-07-24 18:31:25,641 [INFO] [83/121] 대림역 (primary=KEY_3)
2026-07-24 18:31:26,802 [INFO] [84/121] 동대문역 (primary=KEY_4)
2026-07-24 18:31:27,977 [INFO] [85/121] 뚝섬역 (primary=KEY_1)
2026-07-24 18:31:29,124 [INFO] [86/121] 미아사거리역 (primary=KEY_2)
2026-07-24 18:31:30,264 [INFO] [87/121] 발산역 (primary=KEY_3)
2026-07-24 18:31:31,710 [INFO] [88/121] 사당역 (primary=KEY_4)
2026-07-24 18:31:32,841 [INFO] [89/121] 삼각지역 (primary=KEY_1)
2026-07-24 18:31:33,979 [INFO] [90/121] 서울대입구역 (primary=KEY_2)
2026-07-24 18:31:35,141 [INFO] [91/121] 서울식물원·마곡나루역 (primary=KEY_3)
2026-07-24 18:31:36,488 [INFO] [92/121] 서울역 (primary=KEY_4)
2026-07-24 18:31:37,848 [INFO] [93/121] 선릉역 (primary=KEY_1)
2026-07-24 18:31:39,312 [INFO] [94/121] 성신여대입구역 (primary=KEY_2)
2026-07-24 18:31:40,453 [INFO] [95/121] 수유역 (primary=KEY_3)
2026-07-24 18:31:41,615 [INFO] [96/121] 숭례문 (primary=KEY_4)
2026-07-24 18:31:42,893 [INFO] [97/121] 시의회 앞 (primary=KEY_1)
2026-07-24 18:31:44,061 [INFO] [98/121] 신논현역·논현역 (primary=KEY_2)
2026-07-24 18:31:45,224 [INFO] [99/121] 신도림역 (primary=KEY_3)
2026-07-24 18:31:46,231 [INFO] [100/121] 신림역 (primary=KEY_4)
2026-07-24 18:31:47,382 [INFO] [101/121] 신정네거리역 (primary=KEY_1)
2026-07-24 18:31:48,553 [INFO] [102/121] 신촌·이대역 (primary=KEY_2)
2026-07-24 18:31:49,678 [INFO] [103/121] 쌍문역 (primary=KEY_3)
2026-07-24 18:31:50,830 [INFO] [104/121] 양재역 (primary=KEY_4)
2026-07-24 18:31:51,997 [INFO] [105/121] 역삼역 (primary=KEY_1)
2026-07-24 18:31:53,291 [INFO] [106/121] 연신내역 (primary=KEY_2)
2026-07-24 18:31:54,311 [INFO] [107/121] 오목교역·목동운동장 (primary=KEY_3)
2026-07-24 18:31:55,986 [INFO] [108/121] 왕십리역 (primary=KEY_4)
2026-07-24 18:31:57,266 [INFO] [109/121] 용산역 (primary=KEY_1)
2026-07-24 18:31:58,544 [INFO] [110/121] 이태원역 (primary=KEY_2)
2026-07-24 18:31:59,554 [INFO] [111/121] 잠실새내역 (primary=KEY_3)
2026-07-24 18:32:00,687 [INFO] [112/121] 잠실역 (primary=KEY_4)
2026-07-24 18:32:02,001 [INFO] [113/121] 장지역 (primary=KEY_1)
2026-07-24 18:32:03,316 [INFO] [114/121] 장한평역 (primary=KEY_2)
2026-07-24 18:32:04,441 [INFO] [115/121] 천호역 (primary=KEY_3)
2026-07-24 18:32:05,752 [INFO] [116/121] 총신대입구(이수)역 (primary=KEY_4)
2026-07-24 18:32:06,943 [INFO] [117/121] 충정로역 (primary=KEY_1)
2026-07-24 18:32:08,091 [INFO] [118/121] 합정역 (primary=KEY_2)
2026-07-24 18:32:09,393 [INFO] [119/121] 혜화역 (primary=KEY_3)
2026-07-24 18:32:10,554 [INFO] [120/121] 홍대입구역(2호선) (primary=KEY_4)
2026-07-24 18:32:11,725 [INFO] [121/121] 회기역 (primary=KEY_1)
2026-07-24 18:32:14,382 [INFO] === 수집 완료 | 성공 121, 실패 0 ===
2026-07-24 18:32:14,382 [INFO] 카테고리별 저장 결과:
2026-07-24 18:32:14,383 [INFO]    accident                  | 신규     4행 | 누적     30행 | 16컬럼
2026-07-24 18:32:14,383 [INFO]    accident_acdnt_cntrl_stts | 신규     2행 | 누적     10행 | 16컬럼
2026-07-24 18:32:14,383 [INFO]    area_meta                 | 신규   121행 | 누적    968행 | 5컬럼
2026-07-24 18:32:14,383 [INFO]    bike                      | 신규    11행 | 누적     88행 | 12컬럼
2026-07-24 18:32:14,383 [INFO]    bike_sbike_stts           | 신규   571행 | 누적   4563행 | 12컬럼
2026-07-24 18:32:14,383 [INFO]    bus                       | 신규     3행 | 누적     24행 | 11컬럼
2026-07-24 18:32:14,383 [INFO]    bus_bus_stn_stts          | 신규  1745행 | 누적  13960행 | 11컬럼
2026-07-24 18:32:14,383 [INFO]    charger                   | 신규     4행 | 누적     32행 | 15컬럼
2026-07-24 18:32:14,383 [INFO]    charger_charger_stts      | 신규  1919행 | 누적  15253행 | 15컬럼
2026-07-24 18:32:14,383 [INFO]    cmrcl                     | 신규    82행 | 누적    656행 | 20컬럼
2026-07-24 18:32:14,383 [INFO]    disaster                  | 신규   114행 | 누적    114행 | 9컬럼
2026-07-24 18:32:14,383 [INFO]    disaster_live_dst_message | 신규    17행 | 누적     27행 | 9컬럼
2026-07-24 18:32:14,383 [INFO]    events                    | 신규    13행 | 누적    104행 | 14컬럼
2026-07-24 18:32:14,383 [INFO]    events_event_stts         | 신규   138행 | 누적   1098행 | 14컬럼
2026-07-24 18:32:14,383 [INFO]    parking                   | 신규     6행 | 누적     48행 | 21컬럼
2026-07-24 18:32:14,383 [INFO]    parking_prk_stts          | 신규  1834행 | 누적  14672행 | 21컬럼
2026-07-24 18:32:14,383 [INFO]    ppltn                     | 신규   121행 | 누적    967행 | 26컬럼
2026-07-24 18:32:14,383 [INFO]    road                      | 신규   121행 | 누적    968행 | 21컬럼
2026-07-24 18:32:14,383 [INFO]    road_road_traffic_stts    | 신규  5273행 | 누적  42184행 | 17컬럼
2026-07-24 18:32:14,383 [INFO]    subway                    | 신규    38행 | 누적    304행 | 13컬럼
2026-07-24 18:32:14,383 [INFO]    subway_sub_stts           | 신규   183행 | 누적   1464행 | 13컬럼
2026-07-24 18:32:14,383 [INFO]    weather                   | 신규   119행 | 누적    952행 | 29컬럼
2026-07-24 18:32:14,383 [INFO] 키별 사용량:
2026-07-24 18:32:14,383 [INFO]    🟢 KEY_1 (31/1000) 
2026-07-24 18:32:14,383 [INFO]    🟢 KEY_2 (30/1000) 
2026-07-24 18:32:14,383 [INFO]    🟢 KEY_3 (30/1000) 
2026-07-24 18:32:14,383 [INFO]    🟢 KEY_4 (30/1000) 
2026-07-24 20:51:56,281 [INFO] 등록된 키: 4개, 합산 한도 4,000건/일
2026-07-24 20:51:56,282 [INFO] POI 로드: 매뉴얼 v8.5 기준 fallback 121개 (121개 전체)
2026-07-24 20:51:56,282 [INFO] === 수집 시작 2026-07-24T20:51:56.282620+09:00 ===
2026-07-24 20:51:56,282 [INFO] 대상 장소: 121개 | API: citydata (통합)
2026-07-24 20:51:56,282 [INFO] 키 풀: 4/4 활성 | 오늘 사용 0/4000건
2026-07-24 20:51:56,282 [INFO]   [KEY_1] 담당 31장소
2026-07-24 20:51:56,282 [INFO]   [KEY_2] 담당 30장소
2026-07-24 20:51:56,282 [INFO]   [KEY_3] 담당 30장소
2026-07-24 20:51:56,282 [INFO]   [KEY_4] 담당 30장소
2026-07-24 20:51:56,283 [INFO] [1/121] 경복궁 (primary=KEY_1)
2026-07-24 20:51:58,432 [INFO] [2/121] 광화문·덕수궁 (primary=KEY_2)
2026-07-24 20:52:00,769 [INFO] [3/121] 보신각 (primary=KEY_3)
2026-07-24 20:52:02,291 [INFO] [4/121] 서울 암사동 유적 (primary=KEY_4)
2026-07-24 20:52:03,424 [INFO] [5/121] 창덕궁·종묘 (primary=KEY_1)
2026-07-24 20:52:04,762 [INFO] [6/121] 강남 MICE 관광특구 (primary=KEY_2)
2026-07-24 20:52:06,888 [INFO] [7/121] 동대문 관광특구 (primary=KEY_3)
2026-07-24 20:52:08,538 [INFO] [8/121] 명동 관광특구 (primary=KEY_4)
2026-07-24 20:52:11,116 [INFO] [9/121] 이태원 관광특구 (primary=KEY_1)
2026-07-24 20:52:13,433 [INFO] [10/121] 잠실 관광특구 (primary=KEY_2)
2026-07-24 20:52:16,026 [INFO] [11/121] 종로·청계 관광특구 (primary=KEY_3)
2026-07-24 20:52:19,153 [INFO] [12/121] 홍대 관광특구 (primary=KEY_4)
2026-07-24 20:52:20,742 [INFO] [13/121] 강서한강공원 (primary=KEY_1)
2026-07-24 20:52:21,898 [INFO] [14/121] 고척돔 (primary=KEY_2)
2026-07-24 20:52:24,572 [INFO] [15/121] 광나루한강공원 (primary=KEY_3)
2026-07-24 20:52:26,466 [INFO] [16/121] 광화문광장 (primary=KEY_4)
2026-07-24 20:52:28,410 [INFO] [17/121] 국립중앙박물관·용산가족공원 (primary=KEY_1)
2026-07-24 20:52:29,583 [INFO] [18/121] 난지한강공원 (primary=KEY_2)
2026-07-24 20:52:31,302 [INFO] [19/121] 남산공원 (primary=KEY_3)
2026-07-24 20:52:32,860 [INFO] [20/121] 노들섬 (primary=KEY_4)
2026-07-24 20:52:34,788 [INFO] [21/121] 뚝섬한강공원 (primary=KEY_1)
2026-07-24 20:52:36,714 [INFO] [22/121] 망원한강공원 (primary=KEY_2)
2026-07-24 20:52:38,980 [INFO] [23/121] 반포한강공원 (primary=KEY_3)
2026-07-24 20:52:40,902 [INFO] [24/121] 보라매공원 (primary=KEY_4)
2026-07-24 20:52:42,120 [INFO] [25/121] 북서울꿈의숲 (primary=KEY_1)
2026-07-24 20:52:43,471 [INFO] [26/121] 서대문독립공원 (primary=KEY_2)
2026-07-24 20:52:44,628 [INFO] [27/121] 서리풀공원·몽마르뜨공원 (primary=KEY_3)
2026-07-24 20:52:45,977 [INFO] [28/121] 서울대공원 (primary=KEY_4)
2026-07-24 20:52:47,883 [INFO] [29/121] 서울숲공원 (primary=KEY_1)
2026-07-24 20:52:49,253 [INFO] [30/121] 송현녹지광장 (primary=KEY_2)
2026-07-24 20:52:51,179 [INFO] [31/121] 아차산 (primary=KEY_3)
2026-07-24 20:52:53,115 [INFO] [32/121] 안양천 (primary=KEY_4)
2026-07-24 20:52:54,246 [INFO] [33/121] 양화한강공원 (primary=KEY_1)
2026-07-24 20:52:55,398 [INFO] [34/121] 어린이대공원 (primary=KEY_2)
2026-07-24 20:52:56,747 [INFO] [35/121] 여의도한강공원 (primary=KEY_3)
2026-07-24 20:52:58,079 [INFO] [36/121] 여의서로 (primary=KEY_4)
2026-07-24 20:53:00,003 [INFO] [37/121] 올림픽공원 (primary=KEY_1)
2026-07-24 20:53:01,597 [INFO] [38/121] 월드컵공원 (primary=KEY_2)
2026-07-24 20:53:03,171 [INFO] [39/121] 응봉산 (primary=KEY_3)
2026-07-24 20:53:04,489 [INFO] [40/121] 이촌한강공원 (primary=KEY_4)
2026-07-24 20:53:06,404 [INFO] [41/121] 잠실종합운동장 (primary=KEY_1)
2026-07-24 20:53:07,534 [INFO] [42/121] 잠실한강공원 (primary=KEY_2)
2026-07-24 20:53:08,697 [INFO] [43/121] 잠원한강공원 (primary=KEY_3)
2026-07-24 20:53:09,832 [INFO] [44/121] 청계산 (primary=KEY_4)
2026-07-24 20:53:11,917 [INFO] [45/121] 홍제폭포 (primary=KEY_1)
2026-07-24 20:53:13,827 [INFO] [46/121] 가락시장 (primary=KEY_2)
2026-07-24 20:53:15,963 [INFO] [47/121] 가로수길 (primary=KEY_3)
2026-07-24 20:53:17,343 [INFO] [48/121] 광장(전통)시장 (primary=KEY_4)
2026-07-24 20:53:18,480 [INFO] [49/121] 김포공항 (primary=KEY_1)
2026-07-24 20:53:20,035 [INFO] [50/121] 남대문시장 (primary=KEY_2)
2026-07-24 20:53:21,405 [INFO] [51/121] 노량진 (primary=KEY_3)
2026-07-24 20:53:22,748 [INFO] [52/121] 덕수궁길·정동길 (primary=KEY_4)
2026-07-24 20:53:24,102 [INFO] [53/121] 북창동 먹자골목 (primary=KEY_1)
2026-07-24 20:53:25,428 [INFO] [54/121] 북촌한옥마을 (primary=KEY_2)
2026-07-24 20:53:26,961 [INFO] [55/121] 서촌 (primary=KEY_3)
2026-07-24 20:53:28,287 [INFO] [56/121] 성수카페거리 (primary=KEY_4)
2026-07-24 20:53:29,832 [INFO] [57/121] 송리단길·호수단길 (primary=KEY_1)
2026-07-24 20:53:31,211 [INFO] [58/121] 신촌 스타광장 (primary=KEY_2)
2026-07-24 20:53:32,364 [INFO] [59/121] 압구정로데오거리 (primary=KEY_3)
2026-07-24 20:53:34,325 [INFO] [60/121] 여의도 (primary=KEY_4)
2026-07-24 20:53:36,506 [INFO] [61/121] 연남동 (primary=KEY_1)
2026-07-24 20:53:37,836 [INFO] [62/121] 영등포 타임스퀘어 (primary=KEY_2)
2026-07-24 20:53:39,845 [INFO] [63/121] 용리단길 (primary=KEY_3)
2026-07-24 20:53:41,063 [INFO] [64/121] 이태원 앤틱가구거리 (primary=KEY_4)
2026-07-24 20:53:42,448 [INFO] [65/121] 익선동 (primary=KEY_1)
2026-07-24 20:53:43,836 [INFO] [66/121] 인사동 (primary=KEY_2)
2026-07-24 20:53:46,546 [INFO] [67/121] 잠실롯데타워·석촌호수 (primary=KEY_3)
2026-07-24 20:53:48,311 [INFO] [68/121] 창동 신경제 중심지 (primary=KEY_4)
2026-07-24 20:53:50,126 [INFO] [69/121] 청담동 명품거리 (primary=KEY_1)
2026-07-24 20:53:51,507 [INFO] [70/121] 청량리 제기동 일대 전통시장 (primary=KEY_2)
2026-07-24 20:53:52,851 [INFO] [71/121] 해방촌·경리단길 (primary=KEY_3)
2026-07-24 20:53:53,994 [INFO] [72/121] DDP(동대문디자인플라자) (primary=KEY_4)
2026-07-24 20:53:55,381 [INFO] [73/121] DMC(디지털미디어시티) (primary=KEY_1)
2026-07-24 20:53:57,158 [INFO] [74/121] 가산디지털단지역 (primary=KEY_2)
2026-07-24 20:53:59,093 [INFO] [75/121] 강남역 (primary=KEY_3)
2026-07-24 20:54:00,672 [INFO] [76/121] 건대입구역 (primary=KEY_4)
2026-07-24 20:54:02,041 [INFO] [77/121] 고덕역 (primary=KEY_1)
2026-07-24 20:54:03,393 [INFO] [78/121] 고속터미널역 (primary=KEY_2)
2026-07-24 20:54:04,751 [INFO] [79/121] 교대역 (primary=KEY_3)
2026-07-24 20:54:06,104 [INFO] [80/121] 구로디지털단지역 (primary=KEY_4)
2026-07-24 20:54:07,844 [INFO] [81/121] 구로역 (primary=KEY_1)
2026-07-24 20:54:09,777 [INFO] [82/121] 군자역 (primary=KEY_2)
2026-07-24 20:54:11,105 [INFO] [83/121] 대림역 (primary=KEY_3)
2026-07-24 20:54:12,469 [INFO] [84/121] 동대문역 (primary=KEY_4)
2026-07-24 20:54:13,835 [INFO] [85/121] 뚝섬역 (primary=KEY_1)
2026-07-24 20:54:15,192 [INFO] [86/121] 미아사거리역 (primary=KEY_2)
2026-07-24 20:54:16,542 [INFO] [87/121] 발산역 (primary=KEY_3)
2026-07-24 20:54:18,259 [INFO] [88/121] 사당역 (primary=KEY_4)
2026-07-24 20:54:19,613 [INFO] [89/121] 삼각지역 (primary=KEY_1)
2026-07-24 20:54:20,951 [INFO] [90/121] 서울대입구역 (primary=KEY_2)
2026-07-24 20:54:22,297 [INFO] [91/121] 서울식물원·마곡나루역 (primary=KEY_3)
2026-07-24 20:54:23,868 [INFO] [92/121] 서울역 (primary=KEY_4)
2026-07-24 20:54:25,466 [INFO] [93/121] 선릉역 (primary=KEY_1)
2026-07-24 20:54:27,261 [INFO] [94/121] 성신여대입구역 (primary=KEY_2)
2026-07-24 20:54:28,621 [INFO] [95/121] 수유역 (primary=KEY_3)
2026-07-24 20:54:29,965 [INFO] [96/121] 숭례문 (primary=KEY_4)
2026-07-24 20:54:31,586 [INFO] [97/121] 시의회 앞 (primary=KEY_1)
2026-07-24 20:54:32,951 [INFO] [98/121] 신논현역·논현역 (primary=KEY_2)
2026-07-24 20:54:34,325 [INFO] [99/121] 신도림역 (primary=KEY_3)
2026-07-24 20:54:35,491 [INFO] [100/121] 신림역 (primary=KEY_4)
2026-07-24 20:54:36,864 [INFO] [101/121] 신정네거리역 (primary=KEY_1)
2026-07-24 20:54:38,207 [INFO] [102/121] 신촌·이대역 (primary=KEY_2)
2026-07-24 20:54:39,550 [INFO] [103/121] 쌍문역 (primary=KEY_3)
2026-07-24 20:54:41,672 [INFO] [104/121] 양재역 (primary=KEY_4)
2026-07-24 20:54:43,026 [INFO] [105/121] 역삼역 (primary=KEY_1)
2026-07-24 20:54:44,579 [INFO] [106/121] 연신내역 (primary=KEY_2)
2026-07-24 20:54:45,772 [INFO] [107/121] 오목교역·목동운동장 (primary=KEY_3)
2026-07-24 20:54:47,793 [INFO] [108/121] 왕십리역 (primary=KEY_4)
2026-07-24 20:54:49,377 [INFO] [109/121] 용산역 (primary=KEY_1)
2026-07-24 20:54:50,903 [INFO] [110/121] 이태원역 (primary=KEY_2)
2026-07-24 20:54:52,062 [INFO] [111/121] 잠실새내역 (primary=KEY_3)
2026-07-24 20:54:53,425 [INFO] [112/121] 잠실역 (primary=KEY_4)
2026-07-24 20:54:54,974 [INFO] [113/121] 장지역 (primary=KEY_1)
2026-07-24 20:54:56,520 [INFO] [114/121] 장한평역 (primary=KEY_2)
2026-07-24 20:54:57,858 [INFO] [115/121] 천호역 (primary=KEY_3)
2026-07-24 20:54:59,391 [INFO] [116/121] 총신대입구(이수)역 (primary=KEY_4)
2026-07-24 20:55:00,736 [INFO] [117/121] 충정로역 (primary=KEY_1)
2026-07-24 20:55:02,084 [INFO] [118/121] 합정역 (primary=KEY_2)
2026-07-24 20:55:03,630 [INFO] [119/121] 혜화역 (primary=KEY_3)
2026-07-24 20:55:04,964 [INFO] [120/121] 홍대입구역(2호선) (primary=KEY_4)
2026-07-24 20:55:06,323 [INFO] [121/121] 회기역 (primary=KEY_1)
2026-07-24 20:55:09,608 [INFO] === 수집 완료 | 성공 121, 실패 0 ===
2026-07-24 20:55:09,608 [INFO] 카테고리별 저장 결과:
2026-07-24 20:55:09,608 [INFO]    accident                  | 신규     3행 | 누적     33행 | 16컬럼
2026-07-24 20:55:09,608 [INFO]    area_meta                 | 신규   121행 | 누적   1089행 | 5컬럼
2026-07-24 20:55:09,608 [INFO]    bike                      | 신규    11행 | 누적     99행 | 12컬럼
2026-07-24 20:55:09,608 [INFO]    bike_sbike_stts           | 신규   571행 | 누적   5134행 | 12컬럼
2026-07-24 20:55:09,608 [INFO]    bus                       | 신규     3행 | 누적     27행 | 11컬럼
2026-07-24 20:55:09,608 [INFO]    bus_bus_stn_stts          | 신규  1745행 | 누적  15705행 | 11컬럼
2026-07-24 20:55:09,608 [INFO]    charger                   | 신규     4행 | 누적     36행 | 15컬럼
2026-07-24 20:55:09,608 [INFO]    charger_charger_stts      | 신규  1919행 | 누적  17159행 | 15컬럼
2026-07-24 20:55:09,608 [INFO]    cmrcl                     | 신규    82행 | 누적    738행 | 20컬럼
2026-07-24 20:55:09,608 [INFO]    disaster                  | 신규   114행 | 누적    228행 | 9컬럼
2026-07-24 20:55:09,608 [INFO]    disaster_live_dst_message | 신규    17행 | 누적     44행 | 9컬럼
2026-07-24 20:55:09,608 [INFO]    events                    | 신규    13행 | 누적    117행 | 14컬럼
2026-07-24 20:55:09,608 [INFO]    events_event_stts         | 신규   138행 | 누적   1236행 | 14컬럼
2026-07-24 20:55:09,608 [INFO]    parking                   | 신규     6행 | 누적     54행 | 21컬럼
2026-07-24 20:55:09,608 [INFO]    parking_prk_stts          | 신규  1834행 | 누적  16506행 | 21컬럼
2026-07-24 20:55:09,608 [INFO]    ppltn                     | 신규   120행 | 누적   1087행 | 26컬럼
2026-07-24 20:55:09,608 [INFO]    road                      | 신규   121행 | 누적   1089행 | 21컬럼
2026-07-24 20:55:09,608 [INFO]    road_road_traffic_stts    | 신규  5274행 | 누적  47458행 | 17컬럼
2026-07-24 20:55:09,608 [INFO]    subway                    | 신규    38행 | 누적    342행 | 13컬럼
2026-07-24 20:55:09,608 [INFO]    subway_sub_stts           | 신규   183행 | 누적   1647행 | 13컬럼
2026-07-24 20:55:09,608 [INFO]    weather                   | 신규   119행 | 누적   1071행 | 29컬럼
2026-07-24 20:55:09,608 [INFO] 키별 사용량:
2026-07-24 20:55:09,609 [INFO]    🟢 KEY_1 (31/1000) 
2026-07-24 20:55:09,609 [INFO]    🟢 KEY_2 (30/1000) 
2026-07-24 20:55:09,609 [INFO]    🟢 KEY_3 (30/1000) 
2026-07-24 20:55:09,609 [INFO]    🟢 KEY_4 (30/1000) 
2026-07-24 23:06:09,655 [INFO] 등록된 키: 4개, 합산 한도 4,000건/일
2026-07-24 23:06:09,655 [INFO] POI 로드: 매뉴얼 v8.5 기준 fallback 121개 (121개 전체)
2026-07-24 23:06:09,655 [INFO] === 수집 시작 2026-07-24T23:06:09.655927+09:00 ===
2026-07-24 23:06:09,656 [INFO] 대상 장소: 121개 | API: citydata (통합)
2026-07-24 23:06:09,656 [INFO] 키 풀: 4/4 활성 | 오늘 사용 0/4000건
2026-07-24 23:06:09,656 [INFO]   [KEY_1] 담당 31장소
2026-07-24 23:06:09,656 [INFO]   [KEY_2] 담당 30장소
2026-07-24 23:06:09,656 [INFO]   [KEY_3] 담당 30장소
2026-07-24 23:06:09,656 [INFO]   [KEY_4] 담당 30장소
2026-07-24 23:06:09,656 [INFO] [1/121] 경복궁 (primary=KEY_1)
2026-07-24 23:06:11,865 [INFO] [2/121] 광화문·덕수궁 (primary=KEY_2)
2026-07-24 23:06:14,041 [INFO] [3/121] 보신각 (primary=KEY_3)
2026-07-24 23:06:15,270 [INFO] [4/121] 서울 암사동 유적 (primary=KEY_4)
2026-07-24 23:06:16,978 [INFO] [5/121] 창덕궁·종묘 (primary=KEY_1)
2026-07-24 23:06:18,846 [INFO] [6/121] 강남 MICE 관광특구 (primary=KEY_2)
2026-07-24 23:06:20,076 [INFO] [7/121] 동대문 관광특구 (primary=KEY_3)
2026-07-24 23:06:22,256 [INFO] [8/121] 명동 관광특구 (primary=KEY_4)
2026-07-24 23:06:24,562 [INFO] [9/121] 이태원 관광특구 (primary=KEY_1)
2026-07-24 23:06:25,806 [INFO] [10/121] 잠실 관광특구 (primary=KEY_2)
2026-07-24 23:06:27,476 [INFO] [11/121] 종로·청계 관광특구 (primary=KEY_3)
2026-07-24 23:06:29,586 [INFO] [12/121] 홍대 관광특구 (primary=KEY_4)
2026-07-24 23:06:31,184 [INFO] [13/121] 강서한강공원 (primary=KEY_1)
2026-07-24 23:06:32,227 [INFO] [14/121] 고척돔 (primary=KEY_2)
2026-07-24 23:06:33,941 [INFO] [15/121] 광나루한강공원 (primary=KEY_3)
2026-07-24 23:06:35,806 [INFO] [16/121] 광화문광장 (primary=KEY_4)
2026-07-24 23:06:38,029 [INFO] [17/121] 국립중앙박물관·용산가족공원 (primary=KEY_1)
2026-07-24 23:06:39,758 [INFO] [18/121] 난지한강공원 (primary=KEY_2)
2026-07-24 23:06:40,971 [INFO] [19/121] 남산공원 (primary=KEY_3)
2026-07-24 23:06:43,202 [INFO] [20/121] 노들섬 (primary=KEY_4)
2026-07-24 23:06:44,917 [INFO] [21/121] 뚝섬한강공원 (primary=KEY_1)
2026-07-24 23:06:45,978 [INFO] [22/121] 망원한강공원 (primary=KEY_2)
2026-07-24 23:06:47,216 [INFO] [23/121] 반포한강공원 (primary=KEY_3)
2026-07-24 23:06:48,934 [INFO] [24/121] 보라매공원 (primary=KEY_4)
2026-07-24 23:06:50,013 [INFO] [25/121] 북서울꿈의숲 (primary=KEY_1)
2026-07-24 23:06:51,828 [INFO] [26/121] 서대문독립공원 (primary=KEY_2)
2026-07-24 23:06:53,491 [INFO] [27/121] 서리풀공원·몽마르뜨공원 (primary=KEY_3)
2026-07-24 23:06:54,739 [INFO] [28/121] 서울대공원 (primary=KEY_4)
2026-07-24 23:06:55,797 [INFO] [29/121] 서울숲공원 (primary=KEY_1)
2026-07-24 23:06:57,053 [INFO] [30/121] 송현녹지광장 (primary=KEY_2)
2026-07-24 23:06:58,285 [INFO] [31/121] 아차산 (primary=KEY_3)
2026-07-24 23:06:59,345 [INFO] [32/121] 안양천 (primary=KEY_4)
2026-07-24 23:07:01,001 [INFO] [33/121] 양화한강공원 (primary=KEY_1)
2026-07-24 23:07:02,639 [INFO] [34/121] 어린이대공원 (primary=KEY_2)
2026-07-24 23:07:04,553 [INFO] [35/121] 여의도한강공원 (primary=KEY_3)
2026-07-24 23:07:06,615 [INFO] [36/121] 여의서로 (primary=KEY_4)
2026-07-24 23:07:08,409 [INFO] [37/121] 올림픽공원 (primary=KEY_1)
2026-07-24 23:07:10,481 [INFO] [38/121] 월드컵공원 (primary=KEY_2)
2026-07-24 23:07:12,713 [INFO] [39/121] 응봉산 (primary=KEY_3)
2026-07-24 23:07:14,590 [INFO] [40/121] 이촌한강공원 (primary=KEY_4)
2026-07-24 23:07:16,332 [INFO] [41/121] 잠실종합운동장 (primary=KEY_1)
2026-07-24 23:07:18,059 [INFO] [42/121] 잠실한강공원 (primary=KEY_2)
2026-07-24 23:07:19,118 [INFO] [43/121] 잠원한강공원 (primary=KEY_3)
2026-07-24 23:07:20,828 [INFO] [44/121] 청계산 (primary=KEY_4)
2026-07-24 23:07:22,058 [INFO] [45/121] 홍제폭포 (primary=KEY_1)
2026-07-24 23:07:23,774 [INFO] [46/121] 가락시장 (primary=KEY_2)
2026-07-24 23:07:25,041 [INFO] [47/121] 가로수길 (primary=KEY_3)
2026-07-24 23:07:26,313 [INFO] [48/121] 광장(전통)시장 (primary=KEY_4)
2026-07-24 23:07:28,050 [INFO] [49/121] 김포공항 (primary=KEY_1)
2026-07-24 23:07:30,075 [INFO] [50/121] 남대문시장 (primary=KEY_2)
2026-07-24 23:07:31,323 [INFO] [51/121] 노량진 (primary=KEY_3)
2026-07-24 23:07:33,246 [INFO] [52/121] 덕수궁길·정동길 (primary=KEY_4)
2026-07-24 23:07:34,508 [INFO] [53/121] 북창동 먹자골목 (primary=KEY_1)
2026-07-24 23:07:35,719 [INFO] [54/121] 북촌한옥마을 (primary=KEY_2)
2026-07-24 23:07:37,968 [INFO] [55/121] 서촌 (primary=KEY_3)
2026-07-24 23:07:39,197 [INFO] [56/121] 성수카페거리 (primary=KEY_4)
2026-07-24 23:07:40,613 [INFO] [57/121] 송리단길·호수단길 (primary=KEY_1)
2026-07-24 23:07:41,867 [INFO] [58/121] 신촌 스타광장 (primary=KEY_2)
2026-07-24 23:07:42,948 [INFO] [59/121] 압구정로데오거리 (primary=KEY_3)
2026-07-24 23:07:44,194 [INFO] [60/121] 여의도 (primary=KEY_4)
2026-07-24 23:07:46,193 [INFO] [61/121] 연남동 (primary=KEY_1)
2026-07-24 23:07:48,264 [INFO] [62/121] 영등포 타임스퀘어 (primary=KEY_2)
2026-07-24 23:07:49,500 [INFO] [63/121] 용리단길 (primary=KEY_3)
2026-07-24 23:07:50,599 [INFO] [64/121] 이태원 앤틱가구거리 (primary=KEY_4)
2026-07-24 23:07:51,826 [INFO] [65/121] 익선동 (primary=KEY_1)
2026-07-24 23:07:53,095 [INFO] [66/121] 인사동 (primary=KEY_2)
2026-07-24 23:07:54,528 [INFO] [67/121] 잠실롯데타워·석촌호수 (primary=KEY_3)
2026-07-24 23:07:56,125 [INFO] [68/121] 창동 신경제 중심지 (primary=KEY_4)
2026-07-24 23:07:57,777 [INFO] [69/121] 청담동 명품거리 (primary=KEY_1)
2026-07-24 23:07:59,000 [INFO] [70/121] 청량리 제기동 일대 전통시장 (primary=KEY_2)
2026-07-24 23:08:00,243 [INFO] [71/121] 해방촌·경리단길 (primary=KEY_3)
2026-07-24 23:08:01,328 [INFO] [72/121] DDP(동대문디자인플라자) (primary=KEY_4)
2026-07-24 23:08:02,593 [INFO] [73/121] DMC(디지털미디어시티) (primary=KEY_1)
2026-07-24 23:08:04,201 [INFO] [74/121] 가산디지털단지역 (primary=KEY_2)
2026-07-24 23:08:05,968 [INFO] [75/121] 강남역 (primary=KEY_3)
2026-07-24 23:08:07,398 [INFO] [76/121] 건대입구역 (primary=KEY_4)
2026-07-24 23:08:08,664 [INFO] [77/121] 고덕역 (primary=KEY_1)
2026-07-24 23:08:09,916 [INFO] [78/121] 고속터미널역 (primary=KEY_2)
2026-07-24 23:08:11,198 [INFO] [79/121] 교대역 (primary=KEY_3)
2026-07-24 23:08:12,461 [INFO] [80/121] 구로디지털단지역 (primary=KEY_4)
2026-07-24 23:08:14,029 [INFO] [81/121] 구로역 (primary=KEY_1)
2026-07-24 23:08:15,262 [INFO] [82/121] 군자역 (primary=KEY_2)
2026-07-24 23:08:16,507 [INFO] [83/121] 대림역 (primary=KEY_3)
2026-07-24 23:08:17,755 [INFO] [84/121] 동대문역 (primary=KEY_4)
2026-07-24 23:08:19,034 [INFO] [85/121] 뚝섬역 (primary=KEY_1)
2026-07-24 23:08:20,271 [INFO] [86/121] 미아사거리역 (primary=KEY_2)
2026-07-24 23:08:22,389 [INFO] [87/121] 발산역 (primary=KEY_3)
2026-07-24 23:08:23,949 [INFO] [88/121] 사당역 (primary=KEY_4)
2026-07-24 23:08:25,190 [INFO] [89/121] 삼각지역 (primary=KEY_1)
2026-07-24 23:08:26,450 [INFO] [90/121] 서울대입구역 (primary=KEY_2)
2026-07-24 23:08:27,664 [INFO] [91/121] 서울식물원·마곡나루역 (primary=KEY_3)
2026-07-24 23:08:29,755 [INFO] [92/121] 서울역 (primary=KEY_4)
2026-07-24 23:08:31,208 [INFO] [93/121] 선릉역 (primary=KEY_1)
2026-07-24 23:08:33,501 [INFO] [94/121] 성신여대입구역 (primary=KEY_2)
2026-07-24 23:08:34,592 [INFO] [95/121] 수유역 (primary=KEY_3)
2026-07-24 23:08:35,826 [INFO] [96/121] 숭례문 (primary=KEY_4)
2026-07-24 23:08:37,258 [INFO] [97/121] 시의회 앞 (primary=KEY_1)
2026-07-24 23:08:38,504 [INFO] [98/121] 신논현역·논현역 (primary=KEY_2)
2026-07-24 23:08:39,776 [INFO] [99/121] 신도림역 (primary=KEY_3)
2026-07-24 23:08:40,850 [INFO] [100/121] 신림역 (primary=KEY_4)
2026-07-24 23:08:42,088 [INFO] [101/121] 신정네거리역 (primary=KEY_1)
2026-07-24 23:08:43,310 [INFO] [102/121] 신촌·이대역 (primary=KEY_2)
2026-07-24 23:08:44,557 [INFO] [103/121] 쌍문역 (primary=KEY_3)
2026-07-24 23:08:45,818 [INFO] [104/121] 양재역 (primary=KEY_4)
2026-07-24 23:08:47,053 [INFO] [105/121] 역삼역 (primary=KEY_1)
2026-07-24 23:08:49,120 [INFO] [106/121] 연신내역 (primary=KEY_2)
2026-07-24 23:08:50,198 [INFO] [107/121] 오목교역·목동운동장 (primary=KEY_3)
2026-07-24 23:08:52,006 [INFO] [108/121] 왕십리역 (primary=KEY_4)
2026-07-24 23:08:53,439 [INFO] [109/121] 용산역 (primary=KEY_1)
2026-07-24 23:08:54,828 [INFO] [110/121] 이태원역 (primary=KEY_2)
2026-07-24 23:08:55,892 [INFO] [111/121] 잠실새내역 (primary=KEY_3)
2026-07-24 23:08:57,133 [INFO] [112/121] 잠실역 (primary=KEY_4)
2026-07-24 23:08:58,572 [INFO] [113/121] 장지역 (primary=KEY_1)
2026-07-24 23:09:00,000 [INFO] [114/121] 장한평역 (primary=KEY_2)
2026-07-24 23:09:01,267 [INFO] [115/121] 천호역 (primary=KEY_3)
2026-07-24 23:09:02,672 [INFO] [116/121] 총신대입구(이수)역 (primary=KEY_4)
2026-07-24 23:09:03,904 [INFO] [117/121] 충정로역 (primary=KEY_1)
2026-07-24 23:09:05,132 [INFO] [118/121] 합정역 (primary=KEY_2)
2026-07-24 23:09:07,089 [INFO] [119/121] 혜화역 (primary=KEY_3)
2026-07-24 23:09:08,343 [INFO] [120/121] 홍대입구역(2호선) (primary=KEY_4)
2026-07-24 23:09:09,588 [INFO] [121/121] 회기역 (primary=KEY_1)
2026-07-24 23:09:12,742 [INFO] === 수집 완료 | 성공 121, 실패 0 ===
2026-07-24 23:09:12,742 [INFO] 카테고리별 저장 결과:
2026-07-24 23:09:12,742 [INFO]    accident                  | 신규     3행 | 누적     36행 | 16컬럼
2026-07-24 23:09:12,742 [INFO]    area_meta                 | 신규   121행 | 누적   1210행 | 5컬럼
2026-07-24 23:09:12,742 [INFO]    bike                      | 신규    11행 | 누적    110행 | 12컬럼
2026-07-24 23:09:12,742 [INFO]    bike_sbike_stts           | 신규   571행 | 누적   5705행 | 12컬럼
2026-07-24 23:09:12,742 [INFO]    bus                       | 신규     3행 | 누적     30행 | 11컬럼
2026-07-24 23:09:12,742 [INFO]    bus_bus_stn_stts          | 신규  1745행 | 누적  17450행 | 11컬럼
2026-07-24 23:09:12,742 [INFO]    charger                   | 신규     4행 | 누적     40행 | 15컬럼
2026-07-24 23:09:12,742 [INFO]    charger_charger_stts      | 신규  1919행 | 누적  19065행 | 15컬럼
2026-07-24 23:09:12,742 [INFO]    cmrcl                     | 신규    82행 | 누적    820행 | 20컬럼
2026-07-24 23:09:12,742 [INFO]    disaster                  | 신규   114행 | 누적    342행 | 9컬럼
2026-07-24 23:09:12,742 [INFO]    disaster_live_dst_message | 신규    17행 | 누적     61행 | 9컬럼
2026-07-24 23:09:12,742 [INFO]    events                    | 신규    13행 | 누적    130행 | 14컬럼
2026-07-24 23:09:12,742 [INFO]    events_event_stts         | 신규   138행 | 누적   1374행 | 14컬럼
2026-07-24 23:09:12,742 [INFO]    parking                   | 신규     6행 | 누적     60행 | 21컬럼
2026-07-24 23:09:12,743 [INFO]    parking_prk_stts          | 신규  1834행 | 누적  18340행 | 21컬럼
2026-07-24 23:09:12,743 [INFO]    ppltn                     | 신규   121행 | 누적   1208행 | 26컬럼
2026-07-24 23:09:12,743 [INFO]    road                      | 신규   121행 | 누적   1210행 | 21컬럼
2026-07-24 23:09:12,743 [INFO]    road_road_traffic_stts    | 신규  5274행 | 누적  52732행 | 17컬럼
2026-07-24 23:09:12,743 [INFO]    subway                    | 신규    38행 | 누적    380행 | 13컬럼
2026-07-24 23:09:12,743 [INFO]    subway_sub_stts           | 신규   183행 | 누적   1830행 | 13컬럼
2026-07-24 23:09:12,743 [INFO]    weather                   | 신규   119행 | 누적   1190행 | 29컬럼
2026-07-24 23:09:12,743 [INFO] 키별 사용량:
2026-07-24 23:09:12,743 [INFO]    🟢 KEY_1 (31/1000) 
2026-07-24 23:09:12,743 [INFO]    🟢 KEY_2 (30/1000) 
2026-07-24 23:09:12,743 [INFO]    🟢 KEY_3 (30/1000) 
2026-07-24 23:09:12,743 [INFO]    🟢 KEY_4 (30/1000) 
