2026-05-22 00:17:42,182 [INFO] 등록된 키: 4개, 합산 한도 4,000건/일
2026-05-22 00:17:42,182 [INFO] POI 로드: 매뉴얼 v8.5 기준 fallback 121개 (121개 전체)
2026-05-22 00:17:42,182 [INFO] === 수집 시작 2026-05-22T00:17:42.182954+09:00 ===
2026-05-22 00:17:42,183 [INFO] 대상 장소: 121개 | API: citydata (통합)
2026-05-22 00:17:42,183 [INFO] 키 풀: 4/4 활성 | 오늘 사용 0/4000건
2026-05-22 00:17:42,183 [INFO]   [KEY_1] 담당 31장소
2026-05-22 00:17:42,183 [INFO]   [KEY_2] 담당 30장소
2026-05-22 00:17:42,183 [INFO]   [KEY_3] 담당 30장소
2026-05-22 00:17:42,183 [INFO]   [KEY_4] 담당 30장소
2026-05-22 00:17:42,183 [INFO] [1/121] 경복궁 (primary=KEY_1)
2026-05-22 00:17:44,770 [INFO] [2/121] 광화문·덕수궁 (primary=KEY_2)
2026-05-22 00:17:47,487 [INFO] [3/121] 보신각 (primary=KEY_3)
2026-05-22 00:17:49,789 [INFO] [4/121] 서울 암사동 유적 (primary=KEY_4)
2026-05-22 00:17:51,089 [INFO] [5/121] 창덕궁·종묘 (primary=KEY_1)
2026-05-22 00:17:53,292 [INFO] [6/121] 강남 MICE 관광특구 (primary=KEY_2)
2026-05-22 00:17:54,860 [INFO] [7/121] 동대문 관광특구 (primary=KEY_3)
2026-05-22 00:17:57,344 [INFO] [8/121] 명동 관광특구 (primary=KEY_4)
2026-05-22 00:17:59,722 [INFO] [9/121] 이태원 관광특구 (primary=KEY_1)
2026-05-22 00:18:02,287 [INFO] [10/121] 잠실 관광특구 (primary=KEY_2)
2026-05-22 00:18:05,031 [INFO] [11/121] 종로·청계 관광특구 (primary=KEY_3)
2026-05-22 00:18:07,121 [INFO] [12/121] 홍대 관광특구 (primary=KEY_4)
2026-05-22 00:18:09,862 [INFO] [13/121] 강서한강공원 (primary=KEY_1)
2026-05-22 00:18:11,660 [INFO] [14/121] 고척돔 (primary=KEY_2)
2026-05-22 00:18:13,836 [INFO] [15/121] 광나루한강공원 (primary=KEY_3)
2026-05-22 00:18:15,173 [INFO] [16/121] 광화문광장 (primary=KEY_4)
2026-05-22 00:18:16,537 [INFO] [17/121] 국립중앙박물관·용산가족공원 (primary=KEY_1)
2026-05-22 00:18:18,678 [INFO] [18/121] 난지한강공원 (primary=KEY_2)
2026-05-22 00:18:19,977 [INFO] [19/121] 남산공원 (primary=KEY_3)
2026-05-22 00:18:21,803 [INFO] [20/121] 노들섬 (primary=KEY_4)
2026-05-22 00:18:22,948 [INFO] [21/121] 뚝섬한강공원 (primary=KEY_1)
2026-05-22 00:18:24,105 [INFO] [22/121] 망원한강공원 (primary=KEY_2)
2026-05-22 00:18:25,669 [INFO] [23/121] 반포한강공원 (primary=KEY_3)
2026-05-22 00:18:26,987 [INFO] [24/121] 보라매공원 (primary=KEY_4)
2026-05-22 00:18:28,170 [INFO] [25/121] 북서울꿈의숲 (primary=KEY_1)
2026-05-22 00:18:30,394 [INFO] [26/121] 서대문독립공원 (primary=KEY_2)
2026-05-22 00:18:32,820 [INFO] [27/121] 서리풀공원·몽마르뜨공원 (primary=KEY_3)
2026-05-22 00:18:34,196 [INFO] [28/121] 서울대공원 (primary=KEY_4)
2026-05-22 00:18:35,484 [INFO] [29/121] 서울숲공원 (primary=KEY_1)
2026-05-22 00:18:36,847 [INFO] [30/121] 송현녹지광장 (primary=KEY_2)
2026-05-22 00:18:38,420 [INFO] [31/121] 아차산 (primary=KEY_3)
2026-05-22 00:18:39,573 [INFO] [32/121] 안양천 (primary=KEY_4)
2026-05-22 00:18:41,544 [INFO] [33/121] 양화한강공원 (primary=KEY_1)
2026-05-22 00:18:42,837 [INFO] [34/121] 어린이대공원 (primary=KEY_2)
2026-05-22 00:18:44,399 [INFO] [35/121] 여의도한강공원 (primary=KEY_3)
2026-05-22 00:18:46,899 [INFO] [36/121] 여의서로 (primary=KEY_4)
2026-05-22 00:18:50,294 [INFO] [37/121] 올림픽공원 (primary=KEY_1)
2026-05-22 00:18:52,125 [INFO] [38/121] 월드컵공원 (primary=KEY_2)
2026-05-22 00:18:54,931 [INFO] [39/121] 응봉산 (primary=KEY_3)
2026-05-22 00:18:56,472 [INFO] [40/121] 이촌한강공원 (primary=KEY_4)
2026-05-22 00:18:57,773 [INFO] [41/121] 잠실종합운동장 (primary=KEY_1)
2026-05-22 00:18:58,931 [INFO] [42/121] 잠실한강공원 (primary=KEY_2)
2026-05-22 00:19:00,110 [INFO] [43/121] 잠원한강공원 (primary=KEY_3)
2026-05-22 00:19:01,425 [INFO] [44/121] 청계산 (primary=KEY_4)
2026-05-22 00:19:02,592 [INFO] [45/121] 홍제폭포 (primary=KEY_1)
2026-05-22 00:19:03,892 [INFO] [46/121] 가락시장 (primary=KEY_2)
2026-05-22 00:19:06,261 [INFO] [47/121] 가로수길 (primary=KEY_3)
2026-05-22 00:19:07,669 [INFO] [48/121] 광장(전통)시장 (primary=KEY_4)
2026-05-22 00:19:08,991 [INFO] [49/121] 김포공항 (primary=KEY_1)
2026-05-22 00:19:11,750 [INFO] [50/121] 남대문시장 (primary=KEY_2)
2026-05-22 00:19:13,309 [INFO] [51/121] 노량진 (primary=KEY_3)
2026-05-22 00:19:14,876 [INFO] [52/121] 덕수궁길·정동길 (primary=KEY_4)
2026-05-22 00:19:17,086 [INFO] [53/121] 북창동 먹자골목 (primary=KEY_1)
2026-05-22 00:19:19,548 [INFO] [54/121] 북촌한옥마을 (primary=KEY_2)
2026-05-22 00:19:21,360 [INFO] [55/121] 서촌 (primary=KEY_3)
2026-05-22 00:19:22,725 [INFO] [56/121] 성수카페거리 (primary=KEY_4)
2026-05-22 00:19:24,535 [INFO] [57/121] 송리단길·호수단길 (primary=KEY_1)
2026-05-22 00:19:26,149 [INFO] [58/121] 신촌 스타광장 (primary=KEY_2)
2026-05-22 00:19:27,494 [INFO] [59/121] 압구정로데오거리 (primary=KEY_3)
2026-05-22 00:19:29,092 [INFO] [60/121] 여의도 (primary=KEY_4)
2026-05-22 00:19:31,765 [INFO] [61/121] 연남동 (primary=KEY_1)
2026-05-22 00:19:34,211 [INFO] [62/121] 영등포 타임스퀘어 (primary=KEY_2)
2026-05-22 00:19:36,697 [INFO] [63/121] 용리단길 (primary=KEY_3)
2026-05-22 00:19:38,042 [INFO] [64/121] 이태원 앤틱가구거리 (primary=KEY_4)
2026-05-22 00:19:39,216 [INFO] [65/121] 익선동 (primary=KEY_1)
2026-05-22 00:19:40,627 [INFO] [66/121] 인사동 (primary=KEY_2)
2026-05-22 00:19:42,454 [INFO] [67/121] 잠실롯데타워·석촌호수 (primary=KEY_3)
2026-05-22 00:19:44,564 [INFO] [68/121] 창동 신경제 중심지 (primary=KEY_4)
2026-05-22 00:19:46,687 [INFO] [69/121] 청담동 명품거리 (primary=KEY_1)
2026-05-22 00:19:49,193 [INFO] [70/121] 청량리 제기동 일대 전통시장 (primary=KEY_2)
2026-05-22 00:19:50,585 [INFO] [71/121] 해방촌·경리단길 (primary=KEY_3)
2026-05-22 00:19:52,594 [INFO] [72/121] DDP(동대문디자인플라자) (primary=KEY_4)
2026-05-22 00:19:54,001 [INFO] [73/121] DMC(디지털미디어시티) (primary=KEY_1)
2026-05-22 00:19:55,824 [INFO] [74/121] 가산디지털단지역 (primary=KEY_2)
2026-05-22 00:19:58,150 [INFO] [75/121] 강남역 (primary=KEY_3)
2026-05-22 00:19:59,778 [INFO] [76/121] 건대입구역 (primary=KEY_4)
2026-05-22 00:20:01,163 [INFO] [77/121] 고덕역 (primary=KEY_1)
2026-05-22 00:20:02,709 [INFO] [78/121] 고속터미널역 (primary=KEY_2)
2026-05-22 00:20:04,088 [INFO] [79/121] 교대역 (primary=KEY_3)
2026-05-22 00:20:05,641 [INFO] [80/121] 구로디지털단지역 (primary=KEY_4)
2026-05-22 00:20:07,392 [INFO] [81/121] 구로역 (primary=KEY_1)
2026-05-22 00:20:08,947 [INFO] [82/121] 군자역 (primary=KEY_2)
2026-05-22 00:20:10,581 [INFO] [83/121] 대림역 (primary=KEY_3)
2026-05-22 00:20:12,155 [INFO] [84/121] 동대문역 (primary=KEY_4)
2026-05-22 00:20:13,701 [INFO] [85/121] 뚝섬역 (primary=KEY_1)
2026-05-22 00:20:15,275 [INFO] [86/121] 미아사거리역 (primary=KEY_2)
2026-05-22 00:20:16,917 [INFO] [87/121] 발산역 (primary=KEY_3)
2026-05-22 00:20:18,988 [INFO] [88/121] 사당역 (primary=KEY_4)
2026-05-22 00:20:20,585 [INFO] [89/121] 삼각지역 (primary=KEY_1)
2026-05-22 00:20:21,907 [INFO] [90/121] 서울대입구역 (primary=KEY_2)
2026-05-22 00:20:23,472 [INFO] [91/121] 서울식물원·마곡나루역 (primary=KEY_3)
2026-05-22 00:20:25,305 [INFO] [92/121] 서울역 (primary=KEY_4)
2026-05-22 00:20:26,920 [INFO] [93/121] 선릉역 (primary=KEY_1)
2026-05-22 00:20:28,731 [INFO] [94/121] 성신여대입구역 (primary=KEY_2)
2026-05-22 00:20:30,046 [INFO] [95/121] 수유역 (primary=KEY_3)
2026-05-22 00:20:31,421 [INFO] [96/121] 숭례문 (primary=KEY_4)
2026-05-22 00:20:33,009 [INFO] [97/121] 시의회 앞 (primary=KEY_1)
2026-05-22 00:20:34,391 [INFO] [98/121] 신논현역·논현역 (primary=KEY_2)
2026-05-22 00:20:35,773 [INFO] [99/121] 신도림역 (primary=KEY_3)
2026-05-22 00:20:36,949 [INFO] [100/121] 신림역 (primary=KEY_4)
2026-05-22 00:20:38,307 [INFO] [101/121] 신정네거리역 (primary=KEY_1)
2026-05-22 00:20:39,660 [INFO] [102/121] 신촌·이대역 (primary=KEY_2)
2026-05-22 00:20:41,228 [INFO] [103/121] 쌍문역 (primary=KEY_3)
2026-05-22 00:20:42,766 [INFO] [104/121] 양재역 (primary=KEY_4)
2026-05-22 00:20:44,147 [INFO] [105/121] 역삼역 (primary=KEY_1)
2026-05-22 00:20:45,714 [INFO] [106/121] 연신내역 (primary=KEY_2)
2026-05-22 00:20:47,610 [INFO] [107/121] 오목교역·목동운동장 (primary=KEY_3)
2026-05-22 00:20:49,958 [INFO] [108/121] 왕십리역 (primary=KEY_4)
2026-05-22 00:20:51,801 [INFO] [109/121] 용산역 (primary=KEY_1)
2026-05-22 00:20:53,603 [INFO] [110/121] 이태원역 (primary=KEY_2)
2026-05-22 00:20:54,967 [INFO] [111/121] 잠실새내역 (primary=KEY_3)
2026-05-22 00:20:56,322 [INFO] [112/121] 잠실역 (primary=KEY_4)
2026-05-22 00:20:58,143 [INFO] [113/121] 장지역 (primary=KEY_1)
2026-05-22 00:20:59,977 [INFO] [114/121] 장한평역 (primary=KEY_2)
2026-05-22 00:21:01,559 [INFO] [115/121] 천호역 (primary=KEY_3)
2026-05-22 00:21:03,153 [INFO] [116/121] 총신대입구(이수)역 (primary=KEY_4)
2026-05-22 00:21:05,620 [INFO] [117/121] 충정로역 (primary=KEY_1)
2026-05-22 00:21:07,185 [INFO] [118/121] 합정역 (primary=KEY_2)
2026-05-22 00:21:08,764 [INFO] [119/121] 혜화역 (primary=KEY_3)
2026-05-22 00:21:10,317 [INFO] [120/121] 홍대입구역(2호선) (primary=KEY_4)
2026-05-22 00:21:11,686 [INFO] [121/121] 회기역 (primary=KEY_1)
2026-05-22 00:21:13,603 [INFO] === 수집 완료 | 성공 121, 실패 0 ===
2026-05-22 00:21:13,603 [INFO] 카테고리별 저장 결과:
2026-05-22 00:21:13,603 [INFO]    accident                  | 신규     2행 | 누적      2행 | 16컬럼
2026-05-22 00:21:13,603 [INFO]    area_meta                 | 신규   121행 | 누적    121행 | 5컬럼
2026-05-22 00:21:13,603 [INFO]    bike                      | 신규    11행 | 누적     11행 | 12컬럼
2026-05-22 00:21:13,603 [INFO]    bike_sbike_stts           | 신규   555행 | 누적    555행 | 12컬럼
2026-05-22 00:21:13,603 [INFO]    bus                       | 신규     3행 | 누적      3행 | 11컬럼
2026-05-22 00:21:13,603 [INFO]    bus_bus_stn_stts          | 신규  1745행 | 누적   1745행 | 11컬럼
2026-05-22 00:21:13,603 [INFO]    charger                   | 신규     4행 | 누적      4행 | 15컬럼
2026-05-22 00:21:13,603 [INFO]    charger_charger_stts      | 신규  1873행 | 누적   1873행 | 15컬럼
2026-05-22 00:21:13,603 [INFO]    cmrcl                     | 신규    82행 | 누적     82행 | 20컬럼
2026-05-22 00:21:13,603 [INFO]    events                    | 신규    13행 | 누적     13행 | 14컬럼
2026-05-22 00:21:13,603 [INFO]    events_event_stts         | 신규   174행 | 누적    174행 | 14컬럼
2026-05-22 00:21:13,603 [INFO]    parking                   | 신규     6행 | 누적      6행 | 21컬럼
2026-05-22 00:21:13,603 [INFO]    parking_prk_stts          | 신규  1835행 | 누적   1835행 | 21컬럼
2026-05-22 00:21:13,603 [INFO]    ppltn                     | 신규   121행 | 누적    121행 | 26컬럼
2026-05-22 00:21:13,603 [INFO]    road                      | 신규   121행 | 누적    121행 | 21컬럼
2026-05-22 00:21:13,604 [INFO]    road_road_traffic_stts    | 신규  5246행 | 누적   5246행 | 17컬럼
2026-05-22 00:21:13,604 [INFO]    subway                    | 신규    38행 | 누적     38행 | 12컬럼
2026-05-22 00:21:13,604 [INFO]    subway_sub_stts           | 신규   183행 | 누적    183행 | 13컬럼
2026-05-22 00:21:13,604 [INFO]    weather                   | 신규   119행 | 누적    119행 | 29컬럼
2026-05-22 00:21:13,604 [INFO] 키별 사용량:
2026-05-22 00:21:13,604 [INFO]    🟢 KEY_1 (31/1000) 
2026-05-22 00:21:13,604 [INFO]    🟢 KEY_2 (30/1000) 
2026-05-22 00:21:13,604 [INFO]    🟢 KEY_3 (30/1000) 
2026-05-22 00:21:13,604 [INFO]    🟢 KEY_4 (30/1000) 
2026-05-22 02:06:16,348 [INFO] 등록된 키: 4개, 합산 한도 4,000건/일
2026-05-22 02:06:16,349 [INFO] POI 로드: 매뉴얼 v8.5 기준 fallback 121개 (121개 전체)
2026-05-22 02:06:16,349 [INFO] === 수집 시작 2026-05-22T02:06:16.349534+09:00 ===
2026-05-22 02:06:16,349 [INFO] 대상 장소: 121개 | API: citydata (통합)
2026-05-22 02:06:16,349 [INFO] 키 풀: 4/4 활성 | 오늘 사용 0/4000건
2026-05-22 02:06:16,349 [INFO]   [KEY_1] 담당 31장소
2026-05-22 02:06:16,349 [INFO]   [KEY_2] 담당 30장소
2026-05-22 02:06:16,349 [INFO]   [KEY_3] 담당 30장소
2026-05-22 02:06:16,349 [INFO]   [KEY_4] 담당 30장소
2026-05-22 02:06:16,349 [INFO] [1/121] 경복궁 (primary=KEY_1)
2026-05-22 02:06:18,727 [INFO] [2/121] 광화문·덕수궁 (primary=KEY_2)
2026-05-22 02:06:21,305 [INFO] [3/121] 보신각 (primary=KEY_3)
2026-05-22 02:06:23,554 [INFO] [4/121] 서울 암사동 유적 (primary=KEY_4)
2026-05-22 02:06:25,295 [INFO] [5/121] 창덕궁·종묘 (primary=KEY_1)
2026-05-22 02:06:27,832 [INFO] [6/121] 강남 MICE 관광특구 (primary=KEY_2)
2026-05-22 02:06:30,272 [INFO] [7/121] 동대문 관광특구 (primary=KEY_3)
2026-05-22 02:06:32,678 [INFO] [8/121] 명동 관광특구 (primary=KEY_4)
2026-05-22 02:06:35,216 [INFO] [9/121] 이태원 관광특구 (primary=KEY_1)
2026-05-22 02:06:37,401 [INFO] [10/121] 잠실 관광특구 (primary=KEY_2)
2026-05-22 02:06:40,216 [INFO] [11/121] 종로·청계 관광특구 (primary=KEY_3)
2026-05-22 02:06:41,850 [INFO] [12/121] 홍대 관광특구 (primary=KEY_4)
2026-05-22 02:06:44,274 [INFO] [13/121] 강서한강공원 (primary=KEY_1)
2026-05-22 02:06:46,109 [INFO] [14/121] 고척돔 (primary=KEY_2)
2026-05-22 02:06:47,479 [INFO] [15/121] 광나루한강공원 (primary=KEY_3)
2026-05-22 02:06:48,848 [INFO] [16/121] 광화문광장 (primary=KEY_4)
2026-05-22 02:06:51,208 [INFO] [17/121] 국립중앙박물관·용산가족공원 (primary=KEY_1)
2026-05-22 02:06:52,965 [INFO] [18/121] 난지한강공원 (primary=KEY_2)
2026-05-22 02:06:54,119 [INFO] [19/121] 남산공원 (primary=KEY_3)
2026-05-22 02:06:55,767 [INFO] [20/121] 노들섬 (primary=KEY_4)
2026-05-22 02:06:57,742 [INFO] [21/121] 뚝섬한강공원 (primary=KEY_1)
2026-05-22 02:06:58,916 [INFO] [22/121] 망원한강공원 (primary=KEY_2)
2026-05-22 02:07:01,059 [INFO] [23/121] 반포한강공원 (primary=KEY_3)
2026-05-22 02:07:02,278 [INFO] [24/121] 보라매공원 (primary=KEY_4)
2026-05-22 02:07:03,449 [INFO] [25/121] 북서울꿈의숲 (primary=KEY_1)
2026-05-22 02:07:05,840 [INFO] [26/121] 서대문독립공원 (primary=KEY_2)
2026-05-22 02:07:08,092 [INFO] [27/121] 서리풀공원·몽마르뜨공원 (primary=KEY_3)
2026-05-22 02:07:09,279 [INFO] [28/121] 서울대공원 (primary=KEY_4)
2026-05-22 02:07:10,428 [INFO] [29/121] 서울숲공원 (primary=KEY_1)
2026-05-22 02:07:12,564 [INFO] [30/121] 송현녹지광장 (primary=KEY_2)
2026-05-22 02:07:14,603 [INFO] [31/121] 아차산 (primary=KEY_3)
2026-05-22 02:07:15,748 [INFO] [32/121] 안양천 (primary=KEY_4)
2026-05-22 02:07:16,892 [INFO] [33/121] 양화한강공원 (primary=KEY_1)
2026-05-22 02:07:18,041 [INFO] [34/121] 어린이대공원 (primary=KEY_2)
2026-05-22 02:07:20,626 [INFO] [35/121] 여의도한강공원 (primary=KEY_3)
2026-05-22 02:07:22,602 [INFO] [36/121] 여의서로 (primary=KEY_4)
2026-05-22 02:07:23,956 [INFO] [37/121] 올림픽공원 (primary=KEY_1)
2026-05-22 02:07:25,352 [INFO] [38/121] 월드컵공원 (primary=KEY_2)
2026-05-22 02:07:26,960 [INFO] [39/121] 응봉산 (primary=KEY_3)
2026-05-22 02:07:28,311 [INFO] [40/121] 이촌한강공원 (primary=KEY_4)
2026-05-22 02:07:29,453 [INFO] [41/121] 잠실종합운동장 (primary=KEY_1)
2026-05-22 02:07:31,395 [INFO] [42/121] 잠실한강공원 (primary=KEY_2)
2026-05-22 02:07:32,564 [INFO] [43/121] 잠원한강공원 (primary=KEY_3)
2026-05-22 02:07:33,738 [INFO] [44/121] 청계산 (primary=KEY_4)
2026-05-22 02:07:34,895 [INFO] [45/121] 홍제폭포 (primary=KEY_1)
2026-05-22 02:07:36,048 [INFO] [46/121] 가락시장 (primary=KEY_2)
2026-05-22 02:07:37,432 [INFO] [47/121] 가로수길 (primary=KEY_3)
2026-05-22 02:07:38,801 [INFO] [48/121] 광장(전통)시장 (primary=KEY_4)
2026-05-22 02:07:39,980 [INFO] [49/121] 김포공항 (primary=KEY_1)
2026-05-22 02:07:42,578 [INFO] [50/121] 남대문시장 (primary=KEY_2)
2026-05-22 02:07:43,938 [INFO] [51/121] 노량진 (primary=KEY_3)
2026-05-22 02:07:45,308 [INFO] [52/121] 덕수궁길·정동길 (primary=KEY_4)
2026-05-22 02:07:46,704 [INFO] [53/121] 북창동 먹자골목 (primary=KEY_1)
2026-05-22 02:07:48,077 [INFO] [54/121] 북촌한옥마을 (primary=KEY_2)
2026-05-22 02:07:49,641 [INFO] [55/121] 서촌 (primary=KEY_3)
2026-05-22 02:07:51,056 [INFO] [56/121] 성수카페거리 (primary=KEY_4)
2026-05-22 02:07:52,636 [INFO] [57/121] 송리단길·호수단길 (primary=KEY_1)
2026-05-22 02:07:54,070 [INFO] [58/121] 신촌 스타광장 (primary=KEY_2)
2026-05-22 02:07:56,032 [INFO] [59/121] 압구정로데오거리 (primary=KEY_3)
2026-05-22 02:07:57,437 [INFO] [60/121] 여의도 (primary=KEY_4)
2026-05-22 02:07:59,686 [INFO] [61/121] 연남동 (primary=KEY_1)
2026-05-22 02:08:01,038 [INFO] [62/121] 영등포 타임스퀘어 (primary=KEY_2)
2026-05-22 02:08:02,442 [INFO] [63/121] 용리단길 (primary=KEY_3)
2026-05-22 02:08:03,633 [INFO] [64/121] 이태원 앤틱가구거리 (primary=KEY_4)
2026-05-22 02:08:04,802 [INFO] [65/121] 익선동 (primary=KEY_1)
2026-05-22 02:08:07,153 [INFO] [66/121] 인사동 (primary=KEY_2)
2026-05-22 02:08:08,739 [INFO] [67/121] 잠실롯데타워·석촌호수 (primary=KEY_3)
2026-05-22 02:08:10,528 [INFO] [68/121] 창동 신경제 중심지 (primary=KEY_4)
2026-05-22 02:08:12,310 [INFO] [69/121] 청담동 명품거리 (primary=KEY_1)
2026-05-22 02:08:13,730 [INFO] [70/121] 청량리 제기동 일대 전통시장 (primary=KEY_2)
2026-05-22 02:08:15,112 [INFO] [71/121] 해방촌·경리단길 (primary=KEY_3)
2026-05-22 02:08:16,284 [INFO] [72/121] DDP(동대문디자인플라자) (primary=KEY_4)
2026-05-22 02:08:17,696 [INFO] [73/121] DMC(디지털미디어시티) (primary=KEY_1)
2026-05-22 02:08:20,655 [INFO] [74/121] 가산디지털단지역 (primary=KEY_2)
2026-05-22 02:08:22,624 [INFO] [75/121] 강남역 (primary=KEY_3)
2026-05-22 02:08:24,273 [INFO] [76/121] 건대입구역 (primary=KEY_4)
2026-05-22 02:08:25,647 [INFO] [77/121] 고덕역 (primary=KEY_1)
2026-05-22 02:08:27,027 [INFO] [78/121] 고속터미널역 (primary=KEY_2)
2026-05-22 02:08:28,416 [INFO] [79/121] 교대역 (primary=KEY_3)
2026-05-22 02:08:29,597 [INFO] [80/121] 구로디지털단지역 (primary=KEY_4)
2026-05-22 02:08:31,181 [INFO] [81/121] 구로역 (primary=KEY_1)
2026-05-22 02:08:33,721 [INFO] [82/121] 군자역 (primary=KEY_2)
2026-05-22 02:08:34,902 [INFO] [83/121] 대림역 (primary=KEY_3)
2026-05-22 02:08:36,279 [INFO] [84/121] 동대문역 (primary=KEY_4)
2026-05-22 02:08:37,640 [INFO] [85/121] 뚝섬역 (primary=KEY_1)
2026-05-22 02:08:39,010 [INFO] [86/121] 미아사거리역 (primary=KEY_2)
2026-05-22 02:08:40,419 [INFO] [87/121] 발산역 (primary=KEY_3)
2026-05-22 02:08:42,007 [INFO] [88/121] 사당역 (primary=KEY_4)
2026-05-22 02:08:43,421 [INFO] [89/121] 삼각지역 (primary=KEY_1)
2026-05-22 02:08:44,634 [INFO] [90/121] 서울대입구역 (primary=KEY_2)
2026-05-22 02:08:46,655 [INFO] [91/121] 서울식물원·마곡나루역 (primary=KEY_3)
2026-05-22 02:08:48,265 [INFO] [92/121] 서울역 (primary=KEY_4)
2026-05-22 02:08:49,696 [INFO] [93/121] 선릉역 (primary=KEY_1)
2026-05-22 02:08:51,504 [INFO] [94/121] 성신여대입구역 (primary=KEY_2)
2026-05-22 02:08:52,702 [INFO] [95/121] 수유역 (primary=KEY_3)
2026-05-22 02:08:54,072 [INFO] [96/121] 숭례문 (primary=KEY_4)
2026-05-22 02:08:55,433 [INFO] [97/121] 시의회 앞 (primary=KEY_1)
2026-05-22 02:08:56,827 [INFO] [98/121] 신논현역·논현역 (primary=KEY_2)
2026-05-22 02:08:58,224 [INFO] [99/121] 신도림역 (primary=KEY_3)
2026-05-22 02:08:59,391 [INFO] [100/121] 신림역 (primary=KEY_4)
2026-05-22 02:09:00,594 [INFO] [101/121] 신정네거리역 (primary=KEY_1)
2026-05-22 02:09:01,945 [INFO] [102/121] 신촌·이대역 (primary=KEY_2)
2026-05-22 02:09:03,309 [INFO] [103/121] 쌍문역 (primary=KEY_3)
2026-05-22 02:09:04,657 [INFO] [104/121] 양재역 (primary=KEY_4)
2026-05-22 02:09:06,033 [INFO] [105/121] 역삼역 (primary=KEY_1)
2026-05-22 02:09:07,623 [INFO] [106/121] 연신내역 (primary=KEY_2)
2026-05-22 02:09:08,806 [INFO] [107/121] 오목교역·목동운동장 (primary=KEY_3)
2026-05-22 02:09:10,780 [INFO] [108/121] 왕십리역 (primary=KEY_4)
2026-05-22 02:09:12,185 [INFO] [109/121] 용산역 (primary=KEY_1)
2026-05-22 02:09:13,755 [INFO] [110/121] 이태원역 (primary=KEY_2)
2026-05-22 02:09:15,048 [INFO] [111/121] 잠실새내역 (primary=KEY_3)
2026-05-22 02:09:16,414 [INFO] [112/121] 잠실역 (primary=KEY_4)
2026-05-22 02:09:17,979 [INFO] [113/121] 장지역 (primary=KEY_1)
2026-05-22 02:09:19,531 [INFO] [114/121] 장한평역 (primary=KEY_2)
2026-05-22 02:09:20,891 [INFO] [115/121] 천호역 (primary=KEY_3)
2026-05-22 02:09:22,279 [INFO] [116/121] 총신대입구(이수)역 (primary=KEY_4)
2026-05-22 02:09:23,658 [INFO] [117/121] 충정로역 (primary=KEY_1)
2026-05-22 02:09:25,024 [INFO] [118/121] 합정역 (primary=KEY_2)
2026-05-22 02:09:26,403 [INFO] [119/121] 혜화역 (primary=KEY_3)
2026-05-22 02:09:27,779 [INFO] [120/121] 홍대입구역(2호선) (primary=KEY_4)
2026-05-22 02:09:29,170 [INFO] [121/121] 회기역 (primary=KEY_1)
2026-05-22 02:09:31,266 [INFO] === 수집 완료 | 성공 121, 실패 0 ===
2026-05-22 02:09:31,266 [INFO] 카테고리별 저장 결과:
2026-05-22 02:09:31,267 [INFO]    accident                  | 신규     2행 | 누적      4행 | 16컬럼
2026-05-22 02:09:31,267 [INFO]    area_meta                 | 신규   121행 | 누적    242행 | 5컬럼
2026-05-22 02:09:31,267 [INFO]    bike                      | 신규    11행 | 누적     22행 | 12컬럼
2026-05-22 02:09:31,267 [INFO]    bike_sbike_stts           | 신규   555행 | 누적   1110행 | 12컬럼
2026-05-22 02:09:31,267 [INFO]    bus                       | 신규     3행 | 누적      6행 | 11컬럼
2026-05-22 02:09:31,267 [INFO]    bus_bus_stn_stts          | 신규  1745행 | 누적   3490행 | 11컬럼
2026-05-22 02:09:31,267 [INFO]    charger                   | 신규     4행 | 누적      8행 | 15컬럼
2026-05-22 02:09:31,267 [INFO]    charger_charger_stts      | 신규  1873행 | 누적   3716행 | 15컬럼
2026-05-22 02:09:31,267 [INFO]    cmrcl                     | 신규    82행 | 누적    164행 | 20컬럼
2026-05-22 02:09:31,267 [INFO]    events                    | 신규    13행 | 누적     26행 | 14컬럼
2026-05-22 02:09:31,267 [INFO]    events_event_stts         | 신규   174행 | 누적    348행 | 14컬럼
2026-05-22 02:09:31,267 [INFO]    parking                   | 신규     6행 | 누적     12행 | 21컬럼
2026-05-22 02:09:31,267 [INFO]    parking_prk_stts          | 신규  1835행 | 누적   3670행 | 21컬럼
2026-05-22 02:09:31,267 [INFO]    ppltn                     | 신규   121행 | 누적    242행 | 26컬럼
2026-05-22 02:09:31,267 [INFO]    road                      | 신규   121행 | 누적    242행 | 21컬럼
2026-05-22 02:09:31,267 [INFO]    road_road_traffic_stts    | 신규  5246행 | 누적  10492행 | 17컬럼
2026-05-22 02:09:31,267 [INFO]    subway                    | 신규    38행 | 누적     76행 | 12컬럼
2026-05-22 02:09:31,267 [INFO]    subway_sub_stts           | 신규   183행 | 누적    366행 | 13컬럼
2026-05-22 02:09:31,267 [INFO]    weather                   | 신규   119행 | 누적    238행 | 29컬럼
2026-05-22 02:09:31,267 [INFO] 키별 사용량:
2026-05-22 02:09:31,267 [INFO]    🟢 KEY_1 (31/1000) 
2026-05-22 02:09:31,267 [INFO]    🟢 KEY_2 (30/1000) 
2026-05-22 02:09:31,267 [INFO]    🟢 KEY_3 (30/1000) 
2026-05-22 02:09:31,267 [INFO]    🟢 KEY_4 (30/1000) 
2026-05-22 03:50:07,515 [INFO] 등록된 키: 4개, 합산 한도 4,000건/일
2026-05-22 03:50:07,515 [INFO] POI 로드: 매뉴얼 v8.5 기준 fallback 121개 (121개 전체)
2026-05-22 03:50:07,516 [INFO] === 수집 시작 2026-05-22T03:50:07.516033+09:00 ===
2026-05-22 03:50:07,516 [INFO] 대상 장소: 121개 | API: citydata (통합)
2026-05-22 03:50:07,516 [INFO] 키 풀: 4/4 활성 | 오늘 사용 0/4000건
2026-05-22 03:50:07,516 [INFO]   [KEY_1] 담당 31장소
2026-05-22 03:50:07,516 [INFO]   [KEY_2] 담당 30장소
2026-05-22 03:50:07,516 [INFO]   [KEY_3] 담당 30장소
2026-05-22 03:50:07,516 [INFO]   [KEY_4] 담당 30장소
2026-05-22 03:50:07,516 [INFO] [1/121] 경복궁 (primary=KEY_1)
2026-05-22 03:50:09,316 [INFO] [2/121] 광화문·덕수궁 (primary=KEY_2)
2026-05-22 03:50:11,142 [INFO] [3/121] 보신각 (primary=KEY_3)
2026-05-22 03:50:12,801 [INFO] [4/121] 서울 암사동 유적 (primary=KEY_4)
2026-05-22 03:50:14,311 [INFO] [5/121] 창덕궁·종묘 (primary=KEY_1)
2026-05-22 03:50:15,407 [INFO] [6/121] 강남 MICE 관광특구 (primary=KEY_2)
2026-05-22 03:50:16,950 [INFO] [7/121] 동대문 관광특구 (primary=KEY_3)
2026-05-22 03:50:18,783 [INFO] [8/121] 명동 관광특구 (primary=KEY_4)
2026-05-22 03:50:20,655 [INFO] [9/121] 이태원 관광특구 (primary=KEY_1)
2026-05-22 03:50:21,785 [INFO] [10/121] 잠실 관광특구 (primary=KEY_2)
2026-05-22 03:50:23,094 [INFO] [11/121] 종로·청계 관광특구 (primary=KEY_3)
2026-05-22 03:50:24,384 [INFO] [12/121] 홍대 관광특구 (primary=KEY_4)
2026-05-22 03:50:25,727 [INFO] [13/121] 강서한강공원 (primary=KEY_1)
2026-05-22 03:50:26,689 [INFO] [14/121] 고척돔 (primary=KEY_2)
2026-05-22 03:50:28,211 [INFO] [15/121] 광나루한강공원 (primary=KEY_3)
2026-05-22 03:50:29,866 [INFO] [16/121] 광화문광장 (primary=KEY_4)
2026-05-22 03:50:31,575 [INFO] [17/121] 국립중앙박물관·용산가족공원 (primary=KEY_1)
2026-05-22 03:50:33,232 [INFO] [18/121] 난지한강공원 (primary=KEY_2)
2026-05-22 03:50:34,200 [INFO] [19/121] 남산공원 (primary=KEY_3)
2026-05-22 03:50:35,486 [INFO] [20/121] 노들섬 (primary=KEY_4)
2026-05-22 03:50:36,452 [INFO] [21/121] 뚝섬한강공원 (primary=KEY_1)
2026-05-22 03:50:37,436 [INFO] [22/121] 망원한강공원 (primary=KEY_2)
2026-05-22 03:50:38,579 [INFO] [23/121] 반포한강공원 (primary=KEY_3)
2026-05-22 03:50:40,222 [INFO] [24/121] 보라매공원 (primary=KEY_4)
2026-05-22 03:50:41,226 [INFO] [25/121] 북서울꿈의숲 (primary=KEY_1)
2026-05-22 03:50:42,763 [INFO] [26/121] 서대문독립공원 (primary=KEY_2)
2026-05-22 03:50:43,869 [INFO] [27/121] 서리풀공원·몽마르뜨공원 (primary=KEY_3)
2026-05-22 03:50:44,879 [INFO] [28/121] 서울대공원 (primary=KEY_4)
2026-05-22 03:50:45,836 [INFO] [29/121] 서울숲공원 (primary=KEY_1)
2026-05-22 03:50:46,945 [INFO] [30/121] 송현녹지광장 (primary=KEY_2)
2026-05-22 03:50:48,062 [INFO] [31/121] 아차산 (primary=KEY_3)
2026-05-22 03:50:49,027 [INFO] [32/121] 안양천 (primary=KEY_4)
2026-05-22 03:50:50,001 [INFO] [33/121] 양화한강공원 (primary=KEY_1)
2026-05-22 03:50:50,970 [INFO] [34/121] 어린이대공원 (primary=KEY_2)
2026-05-22 03:50:51,960 [INFO] [35/121] 여의도한강공원 (primary=KEY_3)
2026-05-22 03:50:53,078 [INFO] [36/121] 여의서로 (primary=KEY_4)
2026-05-22 03:50:54,055 [INFO] [37/121] 올림픽공원 (primary=KEY_1)
2026-05-22 03:50:55,195 [INFO] [38/121] 월드컵공원 (primary=KEY_2)
2026-05-22 03:50:56,473 [INFO] [39/121] 응봉산 (primary=KEY_3)
2026-05-22 03:50:57,567 [INFO] [40/121] 이촌한강공원 (primary=KEY_4)
2026-05-22 03:50:58,534 [INFO] [41/121] 잠실종합운동장 (primary=KEY_1)
2026-05-22 03:50:59,526 [INFO] [42/121] 잠실한강공원 (primary=KEY_2)
2026-05-22 03:51:01,072 [INFO] [43/121] 잠원한강공원 (primary=KEY_3)
2026-05-22 03:51:02,049 [INFO] [44/121] 청계산 (primary=KEY_4)
2026-05-22 03:51:03,012 [INFO] [45/121] 홍제폭포 (primary=KEY_1)
2026-05-22 03:51:03,986 [INFO] [46/121] 가락시장 (primary=KEY_2)
2026-05-22 03:51:05,116 [INFO] [47/121] 가로수길 (primary=KEY_3)
2026-05-22 03:51:06,261 [INFO] [48/121] 광장(전통)시장 (primary=KEY_4)
2026-05-22 03:51:07,240 [INFO] [49/121] 김포공항 (primary=KEY_1)
2026-05-22 03:51:08,383 [INFO] [50/121] 남대문시장 (primary=KEY_2)
2026-05-22 03:51:09,369 [INFO] [51/121] 노량진 (primary=KEY_3)
2026-05-22 03:51:10,366 [INFO] [52/121] 덕수궁길·정동길 (primary=KEY_4)
2026-05-22 03:51:11,491 [INFO] [53/121] 북창동 먹자골목 (primary=KEY_1)
2026-05-22 03:51:12,472 [INFO] [54/121] 북촌한옥마을 (primary=KEY_2)
2026-05-22 03:51:13,591 [INFO] [55/121] 서촌 (primary=KEY_3)
2026-05-22 03:51:14,713 [INFO] [56/121] 성수카페거리 (primary=KEY_4)
2026-05-22 03:51:15,843 [INFO] [57/121] 송리단길·호수단길 (primary=KEY_1)
2026-05-22 03:51:16,973 [INFO] [58/121] 신촌 스타광장 (primary=KEY_2)
2026-05-22 03:51:17,953 [INFO] [59/121] 압구정로데오거리 (primary=KEY_3)
2026-05-22 03:51:19,070 [INFO] [60/121] 여의도 (primary=KEY_4)
2026-05-22 03:51:20,671 [INFO] [61/121] 연남동 (primary=KEY_1)
2026-05-22 03:51:21,780 [INFO] [62/121] 영등포 타임스퀘어 (primary=KEY_2)
2026-05-22 03:51:22,897 [INFO] [63/121] 용리단길 (primary=KEY_3)
2026-05-22 03:51:23,902 [INFO] [64/121] 이태원 앤틱가구거리 (primary=KEY_4)
2026-05-22 03:51:24,925 [INFO] [65/121] 익선동 (primary=KEY_1)
2026-05-22 03:51:26,058 [INFO] [66/121] 인사동 (primary=KEY_2)
2026-05-22 03:51:27,189 [INFO] [67/121] 잠실롯데타워·석촌호수 (primary=KEY_3)
2026-05-22 03:51:28,336 [INFO] [68/121] 창동 신경제 중심지 (primary=KEY_4)
2026-05-22 03:51:29,657 [INFO] [69/121] 청담동 명품거리 (primary=KEY_1)
2026-05-22 03:51:30,779 [INFO] [70/121] 청량리 제기동 일대 전통시장 (primary=KEY_2)
2026-05-22 03:51:31,916 [INFO] [71/121] 해방촌·경리단길 (primary=KEY_3)
2026-05-22 03:51:32,903 [INFO] [72/121] DDP(동대문디자인플라자) (primary=KEY_4)
2026-05-22 03:51:34,102 [INFO] [73/121] DMC(디지털미디어시티) (primary=KEY_1)
2026-05-22 03:51:35,412 [INFO] [74/121] 가산디지털단지역 (primary=KEY_2)
2026-05-22 03:51:37,357 [INFO] [75/121] 강남역 (primary=KEY_3)
2026-05-22 03:51:39,454 [INFO] [76/121] 건대입구역 (primary=KEY_4)
2026-05-22 03:51:41,140 [INFO] [77/121] 고덕역 (primary=KEY_1)
2026-05-22 03:51:42,157 [INFO] [78/121] 고속터미널역 (primary=KEY_2)
2026-05-22 03:51:43,191 [INFO] [79/121] 교대역 (primary=KEY_3)
2026-05-22 03:51:44,742 [INFO] [80/121] 구로디지털단지역 (primary=KEY_4)
2026-05-22 03:51:46,670 [INFO] [81/121] 구로역 (primary=KEY_1)
2026-05-22 03:51:47,657 [INFO] [82/121] 군자역 (primary=KEY_2)
2026-05-22 03:51:49,485 [INFO] [83/121] 대림역 (primary=KEY_3)
2026-05-22 03:51:50,500 [INFO] [84/121] 동대문역 (primary=KEY_4)
2026-05-22 03:51:51,515 [INFO] [85/121] 뚝섬역 (primary=KEY_1)
2026-05-22 03:51:52,644 [INFO] [86/121] 미아사거리역 (primary=KEY_2)
2026-05-22 03:51:54,321 [INFO] [87/121] 발산역 (primary=KEY_3)
2026-05-22 03:51:55,587 [INFO] [88/121] 사당역 (primary=KEY_4)
2026-05-22 03:51:57,412 [INFO] [89/121] 삼각지역 (primary=KEY_1)
2026-05-22 03:51:58,428 [INFO] [90/121] 서울대입구역 (primary=KEY_2)
2026-05-22 03:51:59,983 [INFO] [91/121] 서울식물원·마곡나루역 (primary=KEY_3)
2026-05-22 03:52:01,128 [INFO] [92/121] 서울역 (primary=KEY_4)
2026-05-22 03:52:03,119 [INFO] [93/121] 선릉역 (primary=KEY_1)
2026-05-22 03:52:05,350 [INFO] [94/121] 성신여대입구역 (primary=KEY_2)
2026-05-22 03:52:06,358 [INFO] [95/121] 수유역 (primary=KEY_3)
2026-05-22 03:52:07,485 [INFO] [96/121] 숭례문 (primary=KEY_4)
2026-05-22 03:52:09,302 [INFO] [97/121] 시의회 앞 (primary=KEY_1)
2026-05-22 03:52:10,450 [INFO] [98/121] 신논현역·논현역 (primary=KEY_2)
2026-05-22 03:52:11,626 [INFO] [99/121] 신도림역 (primary=KEY_3)
2026-05-22 03:52:12,746 [INFO] [100/121] 신림역 (primary=KEY_4)
2026-05-22 03:52:13,749 [INFO] [101/121] 신정네거리역 (primary=KEY_1)
2026-05-22 03:52:14,882 [INFO] [102/121] 신촌·이대역 (primary=KEY_2)
2026-05-22 03:52:16,016 [INFO] [103/121] 쌍문역 (primary=KEY_3)
2026-05-22 03:52:17,144 [INFO] [104/121] 양재역 (primary=KEY_4)
2026-05-22 03:52:18,281 [INFO] [105/121] 역삼역 (primary=KEY_1)
2026-05-22 03:52:19,552 [INFO] [106/121] 연신내역 (primary=KEY_2)
2026-05-22 03:52:20,572 [INFO] [107/121] 오목교역·목동운동장 (primary=KEY_3)
2026-05-22 03:52:22,134 [INFO] [108/121] 왕십리역 (primary=KEY_4)
2026-05-22 03:52:23,292 [INFO] [109/121] 용산역 (primary=KEY_1)
2026-05-22 03:52:24,565 [INFO] [110/121] 이태원역 (primary=KEY_2)
2026-05-22 03:52:25,546 [INFO] [111/121] 잠실새내역 (primary=KEY_3)
2026-05-22 03:52:26,681 [INFO] [112/121] 잠실역 (primary=KEY_4)
2026-05-22 03:52:28,496 [INFO] [113/121] 장지역 (primary=KEY_1)
2026-05-22 03:52:29,780 [INFO] [114/121] 장한평역 (primary=KEY_2)
2026-05-22 03:52:30,916 [INFO] [115/121] 천호역 (primary=KEY_3)
2026-05-22 03:52:32,117 [INFO] [116/121] 총신대입구(이수)역 (primary=KEY_4)
2026-05-22 03:52:33,265 [INFO] [117/121] 충정로역 (primary=KEY_1)
2026-05-22 03:52:34,398 [INFO] [118/121] 합정역 (primary=KEY_2)
2026-05-22 03:52:35,556 [INFO] [119/121] 혜화역 (primary=KEY_3)
2026-05-22 03:52:36,684 [INFO] [120/121] 홍대입구역(2호선) (primary=KEY_4)
2026-05-22 03:52:37,831 [INFO] [121/121] 회기역 (primary=KEY_1)
2026-05-22 03:52:39,782 [INFO] === 수집 완료 | 성공 121, 실패 0 ===
2026-05-22 03:52:39,782 [INFO] 카테고리별 저장 결과:
2026-05-22 03:52:39,782 [INFO]    area_meta                 | 신규   121행 | 누적    363행 | 5컬럼
2026-05-22 03:52:39,782 [INFO]    bike                      | 신규    11행 | 누적     33행 | 12컬럼
2026-05-22 03:52:39,782 [INFO]    bike_sbike_stts           | 신규   555행 | 누적   1665행 | 12컬럼
2026-05-22 03:52:39,782 [INFO]    bus                       | 신규     3행 | 누적      9행 | 11컬럼
2026-05-22 03:52:39,782 [INFO]    bus_bus_stn_stts          | 신규  1745행 | 누적   5235행 | 11컬럼
2026-05-22 03:52:39,782 [INFO]    charger                   | 신규    21행 | 누적     29행 | 15컬럼
2026-05-22 03:52:39,782 [INFO]    charger_charger_stts      | 신규   761행 | 누적   4471행 | 15컬럼
2026-05-22 03:52:39,782 [INFO]    cmrcl                     | 신규    82행 | 누적    246행 | 20컬럼
2026-05-22 03:52:39,782 [INFO]    events                    | 신규    13행 | 누적     39행 | 14컬럼
2026-05-22 03:52:39,782 [INFO]    events_event_stts         | 신규   174행 | 누적    522행 | 14컬럼
2026-05-22 03:52:39,782 [INFO]    parking                   | 신규     6행 | 누적     18행 | 21컬럼
2026-05-22 03:52:39,783 [INFO]    parking_prk_stts          | 신규  1835행 | 누적   5505행 | 21컬럼
2026-05-22 03:52:39,783 [INFO]    ppltn                     | 신규   121행 | 누적    363행 | 26컬럼
2026-05-22 03:52:39,783 [INFO]    road                      | 신규   121행 | 누적    363행 | 21컬럼
2026-05-22 03:52:39,783 [INFO]    road_road_traffic_stts    | 신규  5246행 | 누적  15738행 | 17컬럼
2026-05-22 03:52:39,783 [INFO]    subway                    | 신규    38행 | 누적    114행 | 12컬럼
2026-05-22 03:52:39,783 [INFO]    subway_sub_stts           | 신규   183행 | 누적    549행 | 13컬럼
2026-05-22 03:52:39,783 [INFO]    weather                   | 신규   119행 | 누적    357행 | 29컬럼
2026-05-22 03:52:39,783 [INFO] 키별 사용량:
2026-05-22 03:52:39,783 [INFO]    🟢 KEY_1 (31/1000) 
2026-05-22 03:52:39,783 [INFO]    🟢 KEY_2 (30/1000) 
2026-05-22 03:52:39,783 [INFO]    🟢 KEY_3 (30/1000) 
2026-05-22 03:52:39,783 [INFO]    🟢 KEY_4 (30/1000) 
2026-05-22 04:42:51,501 [INFO] 등록된 키: 4개, 합산 한도 4,000건/일
2026-05-22 04:42:51,502 [INFO] POI 로드: 매뉴얼 v8.5 기준 fallback 121개 (121개 전체)
2026-05-22 04:42:51,502 [INFO] === 수집 시작 2026-05-22T04:42:51.502107+09:00 ===
2026-05-22 04:42:51,502 [INFO] 대상 장소: 121개 | API: citydata (통합)
2026-05-22 04:42:51,502 [INFO] 키 풀: 4/4 활성 | 오늘 사용 0/4000건
2026-05-22 04:42:51,502 [INFO]   [KEY_1] 담당 31장소
2026-05-22 04:42:51,502 [INFO]   [KEY_2] 담당 30장소
2026-05-22 04:42:51,502 [INFO]   [KEY_3] 담당 30장소
2026-05-22 04:42:51,502 [INFO]   [KEY_4] 담당 30장소
2026-05-22 04:42:51,502 [INFO] [1/121] 경복궁 (primary=KEY_1)
2026-05-22 04:42:53,209 [INFO] [2/121] 광화문·덕수궁 (primary=KEY_2)
2026-05-22 04:42:54,489 [INFO] [3/121] 보신각 (primary=KEY_3)
2026-05-22 04:42:56,146 [INFO] [4/121] 서울 암사동 유적 (primary=KEY_4)
2026-05-22 04:42:57,247 [INFO] [5/121] 창덕궁·종묘 (primary=KEY_1)
2026-05-22 04:42:59,021 [INFO] [6/121] 강남 MICE 관광특구 (primary=KEY_2)
2026-05-22 04:43:00,705 [INFO] [7/121] 동대문 관광특구 (primary=KEY_3)
2026-05-22 04:43:02,148 [INFO] [8/121] 명동 관광특구 (primary=KEY_4)
2026-05-22 04:43:03,503 [INFO] [9/121] 이태원 관광특구 (primary=KEY_1)
2026-05-22 04:43:04,785 [INFO] [10/121] 잠실 관광특구 (primary=KEY_2)
2026-05-22 04:43:06,255 [INFO] [11/121] 종로·청계 관광특구 (primary=KEY_3)
2026-05-22 04:43:07,578 [INFO] [12/121] 홍대 관광특구 (primary=KEY_4)
2026-05-22 04:43:09,713 [INFO] [13/121] 강서한강공원 (primary=KEY_1)
2026-05-22 04:43:10,689 [INFO] [14/121] 고척돔 (primary=KEY_2)
2026-05-22 04:43:12,197 [INFO] [15/121] 광나루한강공원 (primary=KEY_3)
2026-05-22 04:43:13,968 [INFO] [16/121] 광화문광장 (primary=KEY_4)
2026-05-22 04:43:15,786 [INFO] [17/121] 국립중앙박물관·용산가족공원 (primary=KEY_1)
2026-05-22 04:43:16,774 [INFO] [18/121] 난지한강공원 (primary=KEY_2)
2026-05-22 04:43:17,879 [INFO] [19/121] 남산공원 (primary=KEY_3)
2026-05-22 04:43:19,147 [INFO] [20/121] 노들섬 (primary=KEY_4)
2026-05-22 04:43:20,110 [INFO] [21/121] 뚝섬한강공원 (primary=KEY_1)
2026-05-22 04:43:21,108 [INFO] [22/121] 망원한강공원 (primary=KEY_2)
2026-05-22 04:43:22,784 [INFO] [23/121] 반포한강공원 (primary=KEY_3)
2026-05-22 04:43:23,761 [INFO] [24/121] 보라매공원 (primary=KEY_4)
2026-05-22 04:43:24,749 [INFO] [25/121] 북서울꿈의숲 (primary=KEY_1)
2026-05-22 04:43:25,749 [INFO] [26/121] 서대문독립공원 (primary=KEY_2)
2026-05-22 04:43:26,747 [INFO] [27/121] 서리풀공원·몽마르뜨공원 (primary=KEY_3)
2026-05-22 04:43:27,781 [INFO] [28/121] 서울대공원 (primary=KEY_4)
2026-05-22 04:43:28,747 [INFO] [29/121] 서울숲공원 (primary=KEY_1)
2026-05-22 04:43:29,875 [INFO] [30/121] 송현녹지광장 (primary=KEY_2)
2026-05-22 04:43:30,991 [INFO] [31/121] 아차산 (primary=KEY_3)
2026-05-22 04:43:31,965 [INFO] [32/121] 안양천 (primary=KEY_4)
2026-05-22 04:43:32,943 [INFO] [33/121] 양화한강공원 (primary=KEY_1)
2026-05-22 04:43:33,930 [INFO] [34/121] 어린이대공원 (primary=KEY_2)
2026-05-22 04:43:34,933 [INFO] [35/121] 여의도한강공원 (primary=KEY_3)
2026-05-22 04:43:36,053 [INFO] [36/121] 여의서로 (primary=KEY_4)
2026-05-22 04:43:37,036 [INFO] [37/121] 올림픽공원 (primary=KEY_1)
2026-05-22 04:43:38,178 [INFO] [38/121] 월드컵공원 (primary=KEY_2)
2026-05-22 04:43:39,464 [INFO] [39/121] 응봉산 (primary=KEY_3)
2026-05-22 04:43:40,561 [INFO] [40/121] 이촌한강공원 (primary=KEY_4)
2026-05-22 04:43:41,531 [INFO] [41/121] 잠실종합운동장 (primary=KEY_1)
2026-05-22 04:43:42,515 [INFO] [42/121] 잠실한강공원 (primary=KEY_2)
2026-05-22 04:43:43,491 [INFO] [43/121] 잠원한강공원 (primary=KEY_3)
2026-05-22 04:43:44,458 [INFO] [44/121] 청계산 (primary=KEY_4)
2026-05-22 04:43:45,436 [INFO] [45/121] 홍제폭포 (primary=KEY_1)
2026-05-22 04:43:46,424 [INFO] [46/121] 가락시장 (primary=KEY_2)
2026-05-22 04:43:48,248 [INFO] [47/121] 가로수길 (primary=KEY_3)
2026-05-22 04:43:49,405 [INFO] [48/121] 광장(전통)시장 (primary=KEY_4)
2026-05-22 04:43:50,404 [INFO] [49/121] 김포공항 (primary=KEY_1)
2026-05-22 04:43:51,562 [INFO] [50/121] 남대문시장 (primary=KEY_2)
2026-05-22 04:43:52,560 [INFO] [51/121] 노량진 (primary=KEY_3)
2026-05-22 04:43:53,556 [INFO] [52/121] 덕수궁길·정동길 (primary=KEY_4)
2026-05-22 04:43:54,686 [INFO] [53/121] 북창동 먹자골목 (primary=KEY_1)
2026-05-22 04:43:55,672 [INFO] [54/121] 북촌한옥마을 (primary=KEY_2)
2026-05-22 04:43:56,801 [INFO] [55/121] 서촌 (primary=KEY_3)
2026-05-22 04:43:57,917 [INFO] [56/121] 성수카페거리 (primary=KEY_4)
2026-05-22 04:43:59,042 [INFO] [57/121] 송리단길·호수단길 (primary=KEY_1)
2026-05-22 04:44:00,211 [INFO] [58/121] 신촌 스타광장 (primary=KEY_2)
2026-05-22 04:44:01,204 [INFO] [59/121] 압구정로데오거리 (primary=KEY_3)
2026-05-22 04:44:02,320 [INFO] [60/121] 여의도 (primary=KEY_4)
2026-05-22 04:44:03,899 [INFO] [61/121] 연남동 (primary=KEY_1)
2026-05-22 04:44:05,009 [INFO] [62/121] 영등포 타임스퀘어 (primary=KEY_2)
2026-05-22 04:44:06,103 [INFO] [63/121] 용리단길 (primary=KEY_3)
2026-05-22 04:44:07,084 [INFO] [64/121] 이태원 앤틱가구거리 (primary=KEY_4)
2026-05-22 04:44:08,089 [INFO] [65/121] 익선동 (primary=KEY_1)
2026-05-22 04:44:09,231 [INFO] [66/121] 인사동 (primary=KEY_2)
2026-05-22 04:44:10,344 [INFO] [67/121] 잠실롯데타워·석촌호수 (primary=KEY_3)
2026-05-22 04:44:11,480 [INFO] [68/121] 창동 신경제 중심지 (primary=KEY_4)
2026-05-22 04:44:12,762 [INFO] [69/121] 청담동 명품거리 (primary=KEY_1)
2026-05-22 04:44:13,868 [INFO] [70/121] 청량리 제기동 일대 전통시장 (primary=KEY_2)
2026-05-22 04:44:15,011 [INFO] [71/121] 해방촌·경리단길 (primary=KEY_3)
2026-05-22 04:44:16,006 [INFO] [72/121] DDP(동대문디자인플라자) (primary=KEY_4)
2026-05-22 04:44:17,161 [INFO] [73/121] DMC(디지털미디어시티) (primary=KEY_1)
2026-05-22 04:44:18,438 [INFO] [74/121] 가산디지털단지역 (primary=KEY_2)
2026-05-22 04:44:19,683 [INFO] [75/121] 강남역 (primary=KEY_3)
2026-05-22 04:44:20,970 [INFO] [76/121] 건대입구역 (primary=KEY_4)
2026-05-22 04:44:22,082 [INFO] [77/121] 고덕역 (primary=KEY_1)
2026-05-22 04:44:23,182 [INFO] [78/121] 고속터미널역 (primary=KEY_2)
2026-05-22 04:44:24,192 [INFO] [79/121] 교대역 (primary=KEY_3)
2026-05-22 04:44:25,175 [INFO] [80/121] 구로디지털단지역 (primary=KEY_4)
2026-05-22 04:44:26,293 [INFO] [81/121] 구로역 (primary=KEY_1)
2026-05-22 04:44:27,259 [INFO] [82/121] 군자역 (primary=KEY_2)
2026-05-22 04:44:28,252 [INFO] [83/121] 대림역 (primary=KEY_3)
2026-05-22 04:44:29,267 [INFO] [84/121] 동대문역 (primary=KEY_4)
2026-05-22 04:44:30,389 [INFO] [85/121] 뚝섬역 (primary=KEY_1)
2026-05-22 04:44:31,625 [INFO] [86/121] 미아사거리역 (primary=KEY_2)
2026-05-22 04:44:32,735 [INFO] [87/121] 발산역 (primary=KEY_3)
2026-05-22 04:44:33,984 [INFO] [88/121] 사당역 (primary=KEY_4)
2026-05-22 04:44:35,099 [INFO] [89/121] 삼각지역 (primary=KEY_1)
2026-05-22 04:44:36,084 [INFO] [90/121] 서울대입구역 (primary=KEY_2)
2026-05-22 04:44:37,066 [INFO] [91/121] 서울식물원·마곡나루역 (primary=KEY_3)
2026-05-22 04:44:38,185 [INFO] [92/121] 서울역 (primary=KEY_4)
2026-05-22 04:44:39,346 [INFO] [93/121] 선릉역 (primary=KEY_1)
2026-05-22 04:44:40,625 [INFO] [94/121] 성신여대입구역 (primary=KEY_2)
2026-05-22 04:44:41,624 [INFO] [95/121] 수유역 (primary=KEY_3)
2026-05-22 04:44:42,729 [INFO] [96/121] 숭례문 (primary=KEY_4)
2026-05-22 04:44:43,854 [INFO] [97/121] 시의회 앞 (primary=KEY_1)
2026-05-22 04:44:44,993 [INFO] [98/121] 신논현역·논현역 (primary=KEY_2)
2026-05-22 04:44:46,152 [INFO] [99/121] 신도림역 (primary=KEY_3)
2026-05-22 04:44:47,128 [INFO] [100/121] 신림역 (primary=KEY_4)
2026-05-22 04:44:48,132 [INFO] [101/121] 신정네거리역 (primary=KEY_1)
2026-05-22 04:44:49,113 [INFO] [102/121] 신촌·이대역 (primary=KEY_2)
2026-05-22 04:44:50,222 [INFO] [103/121] 쌍문역 (primary=KEY_3)
2026-05-22 04:44:51,211 [INFO] [104/121] 양재역 (primary=KEY_4)
2026-05-22 04:44:52,342 [INFO] [105/121] 역삼역 (primary=KEY_1)
2026-05-22 04:44:53,481 [INFO] [106/121] 연신내역 (primary=KEY_2)
2026-05-22 04:44:54,472 [INFO] [107/121] 오목교역·목동운동장 (primary=KEY_3)
2026-05-22 04:44:55,864 [INFO] [108/121] 왕십리역 (primary=KEY_4)
2026-05-22 04:44:57,041 [INFO] [109/121] 용산역 (primary=KEY_1)
2026-05-22 04:44:58,160 [INFO] [110/121] 이태원역 (primary=KEY_2)
2026-05-22 04:44:59,137 [INFO] [111/121] 잠실새내역 (primary=KEY_3)
2026-05-22 04:45:00,256 [INFO] [112/121] 잠실역 (primary=KEY_4)
2026-05-22 04:45:01,370 [INFO] [113/121] 장지역 (primary=KEY_1)
2026-05-22 04:45:02,503 [INFO] [114/121] 장한평역 (primary=KEY_2)
2026-05-22 04:45:03,613 [INFO] [115/121] 천호역 (primary=KEY_3)
2026-05-22 04:45:04,738 [INFO] [116/121] 총신대입구(이수)역 (primary=KEY_4)
2026-05-22 04:45:05,907 [INFO] [117/121] 충정로역 (primary=KEY_1)
2026-05-22 04:45:06,887 [INFO] [118/121] 합정역 (primary=KEY_2)
2026-05-22 04:45:08,002 [INFO] [119/121] 혜화역 (primary=KEY_3)
2026-05-22 04:45:08,989 [INFO] [120/121] 홍대입구역(2호선) (primary=KEY_4)
2026-05-22 04:45:09,980 [INFO] [121/121] 회기역 (primary=KEY_1)
2026-05-22 04:45:11,822 [INFO] === 수집 완료 | 성공 121, 실패 0 ===
2026-05-22 04:45:11,822 [INFO] 카테고리별 저장 결과:
2026-05-22 04:45:11,823 [INFO]    accident                  | 신규     1행 | 누적      5행 | 16컬럼
2026-05-22 04:45:11,823 [INFO]    area_meta                 | 신규   121행 | 누적    484행 | 5컬럼
2026-05-22 04:45:11,823 [INFO]    bike                      | 신규    11행 | 누적     44행 | 12컬럼
2026-05-22 04:45:11,823 [INFO]    bike_sbike_stts           | 신규   555행 | 누적   2220행 | 12컬럼
2026-05-22 04:45:11,823 [INFO]    bus                       | 신규     3행 | 누적     12행 | 11컬럼
2026-05-22 04:45:11,823 [INFO]    bus_bus_stn_stts          | 신규  1745행 | 누적   6980행 | 11컬럼
2026-05-22 04:45:11,823 [INFO]    charger                   | 신규    25행 | 누적     54행 | 15컬럼
2026-05-22 04:45:11,823 [INFO]    charger_charger_stts      | 신규   327행 | 누적   4796행 | 15컬럼
2026-05-22 04:45:11,823 [INFO]    cmrcl                     | 신규    82행 | 누적    328행 | 20컬럼
2026-05-22 04:45:11,823 [INFO]    events                    | 신규    13행 | 누적     52행 | 14컬럼
2026-05-22 04:45:11,823 [INFO]    events_event_stts         | 신규   174행 | 누적    696행 | 14컬럼
2026-05-22 04:45:11,823 [INFO]    parking                   | 신규     6행 | 누적     24행 | 21컬럼
2026-05-22 04:45:11,823 [INFO]    parking_prk_stts          | 신규  1835행 | 누적   7340행 | 21컬럼
2026-05-22 04:45:11,823 [INFO]    ppltn                     | 신규   121행 | 누적    484행 | 26컬럼
2026-05-22 04:45:11,823 [INFO]    road                      | 신규   121행 | 누적    484행 | 21컬럼
2026-05-22 04:45:11,823 [INFO]    road_road_traffic_stts    | 신규  5246행 | 누적  20984행 | 17컬럼
2026-05-22 04:45:11,823 [INFO]    subway                    | 신규    38행 | 누적    152행 | 13컬럼
2026-05-22 04:45:11,823 [INFO]    subway_sub_stts           | 신규   183행 | 누적    732행 | 13컬럼
2026-05-22 04:45:11,823 [INFO]    weather                   | 신규   119행 | 누적    476행 | 29컬럼
2026-05-22 04:45:11,823 [INFO] 키별 사용량:
2026-05-22 04:45:11,823 [INFO]    🟢 KEY_1 (31/1000) 
2026-05-22 04:45:11,823 [INFO]    🟢 KEY_2 (30/1000) 
2026-05-22 04:45:11,823 [INFO]    🟢 KEY_3 (30/1000) 
2026-05-22 04:45:11,823 [INFO]    🟢 KEY_4 (30/1000) 
2026-05-22 05:45:44,507 [INFO] 등록된 키: 4개, 합산 한도 4,000건/일
2026-05-22 05:45:44,508 [INFO] POI 로드: 매뉴얼 v8.5 기준 fallback 121개 (121개 전체)
2026-05-22 05:45:44,508 [INFO] === 수집 시작 2026-05-22T05:45:44.508143+09:00 ===
2026-05-22 05:45:44,508 [INFO] 대상 장소: 121개 | API: citydata (통합)
2026-05-22 05:45:44,508 [INFO] 키 풀: 4/4 활성 | 오늘 사용 0/4000건
2026-05-22 05:45:44,508 [INFO]   [KEY_1] 담당 31장소
2026-05-22 05:45:44,508 [INFO]   [KEY_2] 담당 30장소
2026-05-22 05:45:44,508 [INFO]   [KEY_3] 담당 30장소
2026-05-22 05:45:44,508 [INFO]   [KEY_4] 담당 30장소
2026-05-22 05:45:44,508 [INFO] [1/121] 경복궁 (primary=KEY_1)
2026-05-22 05:45:46,807 [INFO] [2/121] 광화문·덕수궁 (primary=KEY_2)
2026-05-22 05:45:48,975 [INFO] [3/121] 보신각 (primary=KEY_3)
2026-05-22 05:45:50,961 [INFO] [4/121] 서울 암사동 유적 (primary=KEY_4)
2026-05-22 05:45:52,720 [INFO] [5/121] 창덕궁·종묘 (primary=KEY_1)
2026-05-22 05:45:55,558 [INFO] [6/121] 강남 MICE 관광특구 (primary=KEY_2)
2026-05-22 05:45:56,690 [INFO] [7/121] 동대문 관광특구 (primary=KEY_3)
2026-05-22 05:45:58,190 [INFO] [8/121] 명동 관광특구 (primary=KEY_4)
2026-05-22 05:46:00,472 [INFO] [9/121] 이태원 관광특구 (primary=KEY_1)
2026-05-22 05:46:02,454 [INFO] [10/121] 잠실 관광특구 (primary=KEY_2)
2026-05-22 05:46:03,942 [INFO] [11/121] 종로·청계 관광특구 (primary=KEY_3)
2026-05-22 05:46:05,459 [INFO] [12/121] 홍대 관광특구 (primary=KEY_4)
2026-05-22 05:46:06,946 [INFO] [13/121] 강서한강공원 (primary=KEY_1)
2026-05-22 05:46:08,018 [INFO] [14/121] 고척돔 (primary=KEY_2)
2026-05-22 05:46:09,099 [INFO] [15/121] 광나루한강공원 (primary=KEY_3)
2026-05-22 05:46:10,339 [INFO] [16/121] 광화문광장 (primary=KEY_4)
2026-05-22 05:46:12,304 [INFO] [17/121] 국립중앙박물관·용산가족공원 (primary=KEY_1)
2026-05-22 05:46:14,428 [INFO] [18/121] 난지한강공원 (primary=KEY_2)
2026-05-22 05:46:15,512 [INFO] [19/121] 남산공원 (primary=KEY_3)
2026-05-22 05:46:16,988 [INFO] [20/121] 노들섬 (primary=KEY_4)
2026-05-22 05:46:18,752 [INFO] [21/121] 뚝섬한강공원 (primary=KEY_1)
2026-05-22 05:46:19,833 [INFO] [22/121] 망원한강공원 (primary=KEY_2)
2026-05-22 05:46:21,823 [INFO] [23/121] 반포한강공원 (primary=KEY_3)
2026-05-22 05:46:22,903 [INFO] [24/121] 보라매공원 (primary=KEY_4)
2026-05-22 05:46:24,059 [INFO] [25/121] 북서울꿈의숲 (primary=KEY_1)
2026-05-22 05:46:25,159 [INFO] [26/121] 서대문독립공원 (primary=KEY_2)
2026-05-22 05:46:26,251 [INFO] [27/121] 서리풀공원·몽마르뜨공원 (primary=KEY_3)
2026-05-22 05:46:27,377 [INFO] [28/121] 서울대공원 (primary=KEY_4)
2026-05-22 05:46:28,444 [INFO] [29/121] 서울숲공원 (primary=KEY_1)
2026-05-22 05:46:29,715 [INFO] [30/121] 송현녹지광장 (primary=KEY_2)
2026-05-22 05:46:30,975 [INFO] [31/121] 아차산 (primary=KEY_3)
2026-05-22 05:46:32,043 [INFO] [32/121] 안양천 (primary=KEY_4)
2026-05-22 05:46:33,127 [INFO] [33/121] 양화한강공원 (primary=KEY_1)
2026-05-22 05:46:34,211 [INFO] [34/121] 어린이대공원 (primary=KEY_2)
2026-05-22 05:46:35,312 [INFO] [35/121] 여의도한강공원 (primary=KEY_3)
2026-05-22 05:46:37,256 [INFO] [36/121] 여의서로 (primary=KEY_4)
2026-05-22 05:46:39,051 [INFO] [37/121] 올림픽공원 (primary=KEY_1)
2026-05-22 05:46:40,348 [INFO] [38/121] 월드컵공원 (primary=KEY_2)
2026-05-22 05:46:41,842 [INFO] [39/121] 응봉산 (primary=KEY_3)
2026-05-22 05:46:43,093 [INFO] [40/121] 이촌한강공원 (primary=KEY_4)
2026-05-22 05:46:44,174 [INFO] [41/121] 잠실종합운동장 (primary=KEY_1)
2026-05-22 05:46:45,272 [INFO] [42/121] 잠실한강공원 (primary=KEY_2)
2026-05-22 05:46:46,373 [INFO] [43/121] 잠원한강공원 (primary=KEY_3)
2026-05-22 05:46:47,462 [INFO] [44/121] 청계산 (primary=KEY_4)
2026-05-22 05:46:48,542 [INFO] [45/121] 홍제폭포 (primary=KEY_1)
2026-05-22 05:46:49,622 [INFO] [46/121] 가락시장 (primary=KEY_2)
2026-05-22 05:46:50,905 [INFO] [47/121] 가로수길 (primary=KEY_3)
2026-05-22 05:46:52,263 [INFO] [48/121] 광장(전통)시장 (primary=KEY_4)
2026-05-22 05:46:53,366 [INFO] [49/121] 김포공항 (primary=KEY_1)
2026-05-22 05:46:54,659 [INFO] [50/121] 남대문시장 (primary=KEY_2)
2026-05-22 05:46:55,771 [INFO] [51/121] 노량진 (primary=KEY_3)
2026-05-22 05:46:56,892 [INFO] [52/121] 덕수궁길·정동길 (primary=KEY_4)
2026-05-22 05:46:58,173 [INFO] [53/121] 북창동 먹자골목 (primary=KEY_1)
2026-05-22 05:46:59,264 [INFO] [54/121] 북촌한옥마을 (primary=KEY_2)
2026-05-22 05:47:00,547 [INFO] [55/121] 서촌 (primary=KEY_3)
2026-05-22 05:47:01,825 [INFO] [56/121] 성수카페거리 (primary=KEY_4)
2026-05-22 05:47:03,119 [INFO] [57/121] 송리단길·호수단길 (primary=KEY_1)
2026-05-22 05:47:04,388 [INFO] [58/121] 신촌 스타광장 (primary=KEY_2)
2026-05-22 05:47:05,492 [INFO] [59/121] 압구정로데오거리 (primary=KEY_3)
2026-05-22 05:47:06,764 [INFO] [60/121] 여의도 (primary=KEY_4)
2026-05-22 05:47:08,638 [INFO] [61/121] 연남동 (primary=KEY_1)
2026-05-22 05:47:09,912 [INFO] [62/121] 영등포 타임스퀘어 (primary=KEY_2)
2026-05-22 05:47:11,181 [INFO] [63/121] 용리단길 (primary=KEY_3)
2026-05-22 05:47:12,296 [INFO] [64/121] 이태원 앤틱가구거리 (primary=KEY_4)
2026-05-22 05:47:13,384 [INFO] [65/121] 익선동 (primary=KEY_1)
2026-05-22 05:47:14,671 [INFO] [66/121] 인사동 (primary=KEY_2)
2026-05-22 05:47:15,975 [INFO] [67/121] 잠실롯데타워·석촌호수 (primary=KEY_3)
2026-05-22 05:47:17,292 [INFO] [68/121] 창동 신경제 중심지 (primary=KEY_4)
2026-05-22 05:47:18,784 [INFO] [69/121] 청담동 명품거리 (primary=KEY_1)
2026-05-22 05:47:20,040 [INFO] [70/121] 청량리 제기동 일대 전통시장 (primary=KEY_2)
2026-05-22 05:47:21,318 [INFO] [71/121] 해방촌·경리단길 (primary=KEY_3)
2026-05-22 05:47:22,409 [INFO] [72/121] DDP(동대문디자인플라자) (primary=KEY_4)
2026-05-22 05:47:23,817 [INFO] [73/121] DMC(디지털미디어시티) (primary=KEY_1)
2026-05-22 05:47:25,333 [INFO] [74/121] 가산디지털단지역 (primary=KEY_2)
2026-05-22 05:47:26,845 [INFO] [75/121] 강남역 (primary=KEY_3)
2026-05-22 05:47:28,324 [INFO] [76/121] 건대입구역 (primary=KEY_4)
2026-05-22 05:47:29,634 [INFO] [77/121] 고덕역 (primary=KEY_1)
2026-05-22 05:47:30,898 [INFO] [78/121] 고속터미널역 (primary=KEY_2)
2026-05-22 05:47:32,040 [INFO] [79/121] 교대역 (primary=KEY_3)
2026-05-22 05:47:33,160 [INFO] [80/121] 구로디지털단지역 (primary=KEY_4)
2026-05-22 05:47:34,450 [INFO] [81/121] 구로역 (primary=KEY_1)
2026-05-22 05:47:35,529 [INFO] [82/121] 군자역 (primary=KEY_2)
2026-05-22 05:47:36,819 [INFO] [83/121] 대림역 (primary=KEY_3)
2026-05-22 05:47:38,099 [INFO] [84/121] 동대문역 (primary=KEY_4)
2026-05-22 05:47:39,441 [INFO] [85/121] 뚝섬역 (primary=KEY_1)
2026-05-22 05:47:40,701 [INFO] [86/121] 미아사거리역 (primary=KEY_2)
2026-05-22 05:47:41,998 [INFO] [87/121] 발산역 (primary=KEY_3)
2026-05-22 05:47:43,445 [INFO] [88/121] 사당역 (primary=KEY_4)
2026-05-22 05:47:44,752 [INFO] [89/121] 삼각지역 (primary=KEY_1)
2026-05-22 05:47:45,866 [INFO] [90/121] 서울대입구역 (primary=KEY_2)
2026-05-22 05:47:46,967 [INFO] [91/121] 서울식물원·마곡나루역 (primary=KEY_3)
2026-05-22 05:47:48,270 [INFO] [92/121] 서울역 (primary=KEY_4)
2026-05-22 05:47:49,605 [INFO] [93/121] 선릉역 (primary=KEY_1)
2026-05-22 05:47:51,065 [INFO] [94/121] 성신여대입구역 (primary=KEY_2)
2026-05-22 05:47:52,176 [INFO] [95/121] 수유역 (primary=KEY_3)
2026-05-22 05:47:53,452 [INFO] [96/121] 숭례문 (primary=KEY_4)
2026-05-22 05:47:54,757 [INFO] [97/121] 시의회 앞 (primary=KEY_1)
2026-05-22 05:47:56,051 [INFO] [98/121] 신논현역·논현역 (primary=KEY_2)
2026-05-22 05:47:57,372 [INFO] [99/121] 신도림역 (primary=KEY_3)
2026-05-22 05:47:58,463 [INFO] [100/121] 신림역 (primary=KEY_4)
2026-05-22 05:47:59,615 [INFO] [101/121] 신정네거리역 (primary=KEY_1)
2026-05-22 05:48:00,716 [INFO] [102/121] 신촌·이대역 (primary=KEY_2)
2026-05-22 05:48:02,010 [INFO] [103/121] 쌍문역 (primary=KEY_3)
2026-05-22 05:48:03,129 [INFO] [104/121] 양재역 (primary=KEY_4)
2026-05-22 05:48:04,393 [INFO] [105/121] 역삼역 (primary=KEY_1)
2026-05-22 05:48:05,674 [INFO] [106/121] 연신내역 (primary=KEY_2)
2026-05-22 05:48:06,800 [INFO] [107/121] 오목교역·목동운동장 (primary=KEY_3)
2026-05-22 05:48:08,435 [INFO] [108/121] 왕십리역 (primary=KEY_4)
2026-05-22 05:48:09,781 [INFO] [109/121] 용산역 (primary=KEY_1)
2026-05-22 05:48:11,095 [INFO] [110/121] 이태원역 (primary=KEY_2)
2026-05-22 05:48:12,197 [INFO] [111/121] 잠실새내역 (primary=KEY_3)
2026-05-22 05:48:13,505 [INFO] [112/121] 잠실역 (primary=KEY_4)
2026-05-22 05:48:14,780 [INFO] [113/121] 장지역 (primary=KEY_1)
2026-05-22 05:48:16,058 [INFO] [114/121] 장한평역 (primary=KEY_2)
2026-05-22 05:48:17,333 [INFO] [115/121] 천호역 (primary=KEY_3)
2026-05-22 05:48:18,633 [INFO] [116/121] 총신대입구(이수)역 (primary=KEY_4)
2026-05-22 05:48:20,020 [INFO] [117/121] 충정로역 (primary=KEY_1)
2026-05-22 05:48:21,148 [INFO] [118/121] 합정역 (primary=KEY_2)
2026-05-22 05:48:22,440 [INFO] [119/121] 혜화역 (primary=KEY_3)
2026-05-22 05:48:23,712 [INFO] [120/121] 홍대입구역(2호선) (primary=KEY_4)
2026-05-22 05:48:24,840 [INFO] [121/121] 회기역 (primary=KEY_1)
2026-05-22 05:48:27,348 [INFO] === 수집 완료 | 성공 121, 실패 0 ===
2026-05-22 05:48:27,348 [INFO] 카테고리별 저장 결과:
2026-05-22 05:48:27,348 [INFO]    accident                  | 신규     1행 | 누적      6행 | 16컬럼
2026-05-22 05:48:27,348 [INFO]    area_meta                 | 신규   121행 | 누적    605행 | 5컬럼
2026-05-22 05:48:27,348 [INFO]    bike                      | 신규    11행 | 누적     55행 | 12컬럼
2026-05-22 05:48:27,349 [INFO]    bike_sbike_stts           | 신규   555행 | 누적   2775행 | 12컬럼
2026-05-22 05:48:27,349 [INFO]    bus                       | 신규     3행 | 누적     15행 | 11컬럼
2026-05-22 05:48:27,349 [INFO]    bus_bus_stn_stts          | 신규  1745행 | 누적   8725행 | 11컬럼
2026-05-22 05:48:27,349 [INFO]    charger                   | 신규    25행 | 누적     79행 | 15컬럼
2026-05-22 05:48:27,349 [INFO]    charger_charger_stts      | 신규   327행 | 누적   5121행 | 15컬럼
2026-05-22 05:48:27,349 [INFO]    cmrcl                     | 신규    82행 | 누적    410행 | 20컬럼
2026-05-22 05:48:27,349 [INFO]    events                    | 신규    13행 | 누적     65행 | 14컬럼
2026-05-22 05:48:27,349 [INFO]    events_event_stts         | 신규   180행 | 누적    876행 | 14컬럼
2026-05-22 05:48:27,349 [INFO]    parking                   | 신규     6행 | 누적     30행 | 21컬럼
2026-05-22 05:48:27,349 [INFO]    parking_prk_stts          | 신규  1835행 | 누적   9175행 | 21컬럼
2026-05-22 05:48:27,349 [INFO]    ppltn                     | 신규   121행 | 누적    605행 | 26컬럼
2026-05-22 05:48:27,349 [INFO]    road                      | 신규   121행 | 누적    605행 | 21컬럼
2026-05-22 05:48:27,349 [INFO]    road_road_traffic_stts    | 신규  5246행 | 누적  26230행 | 17컬럼
2026-05-22 05:48:27,349 [INFO]    subway                    | 신규    38행 | 누적    190행 | 13컬럼
2026-05-22 05:48:27,349 [INFO]    subway_sub_stts           | 신규   183행 | 누적    915행 | 13컬럼
2026-05-22 05:48:27,349 [INFO]    weather                   | 신규   119행 | 누적    595행 | 29컬럼
2026-05-22 05:48:27,349 [INFO] 키별 사용량:
2026-05-22 05:48:27,349 [INFO]    🟢 KEY_1 (31/1000) 
2026-05-22 05:48:27,350 [INFO]    🟢 KEY_2 (30/1000) 
2026-05-22 05:48:27,350 [INFO]    🟢 KEY_3 (30/1000) 
2026-05-22 05:48:27,350 [INFO]    🟢 KEY_4 (30/1000) 
2026-05-22 06:40:06,412 [INFO] 등록된 키: 4개, 합산 한도 4,000건/일
2026-05-22 06:40:06,413 [INFO] POI 로드: 매뉴얼 v8.5 기준 fallback 121개 (121개 전체)
2026-05-22 06:40:06,413 [INFO] === 수집 시작 2026-05-22T06:40:06.413150+09:00 ===
2026-05-22 06:40:06,413 [INFO] 대상 장소: 121개 | API: citydata (통합)
2026-05-22 06:40:06,413 [INFO] 키 풀: 4/4 활성 | 오늘 사용 0/4000건
2026-05-22 06:40:06,413 [INFO]   [KEY_1] 담당 31장소
2026-05-22 06:40:06,413 [INFO]   [KEY_2] 담당 30장소
2026-05-22 06:40:06,413 [INFO]   [KEY_3] 담당 30장소
2026-05-22 06:40:06,413 [INFO]   [KEY_4] 담당 30장소
2026-05-22 06:40:06,413 [INFO] [1/121] 경복궁 (primary=KEY_1)
2026-05-22 06:40:08,198 [INFO] [2/121] 광화문·덕수궁 (primary=KEY_2)
2026-05-22 06:40:10,174 [INFO] [3/121] 보신각 (primary=KEY_3)
2026-05-22 06:40:11,814 [INFO] [4/121] 서울 암사동 유적 (primary=KEY_4)
2026-05-22 06:40:13,315 [INFO] [5/121] 창덕궁·종묘 (primary=KEY_1)
2026-05-22 06:40:14,414 [INFO] [6/121] 강남 MICE 관광특구 (primary=KEY_2)
2026-05-22 06:40:15,430 [INFO] [7/121] 동대문 관광특구 (primary=KEY_3)
2026-05-22 06:40:16,752 [INFO] [8/121] 명동 관광특구 (primary=KEY_4)
2026-05-22 06:40:18,215 [INFO] [9/121] 이태원 관광특구 (primary=KEY_1)
2026-05-22 06:40:20,135 [INFO] [10/121] 잠실 관광특구 (primary=KEY_2)
2026-05-22 06:40:21,461 [INFO] [11/121] 종로·청계 관광특구 (primary=KEY_3)
2026-05-22 06:40:23,365 [INFO] [12/121] 홍대 관광특구 (primary=KEY_4)
2026-05-22 06:40:25,226 [INFO] [13/121] 강서한강공원 (primary=KEY_1)
2026-05-22 06:40:26,986 [INFO] [14/121] 고척돔 (primary=KEY_2)
2026-05-22 06:40:28,497 [INFO] [15/121] 광나루한강공원 (primary=KEY_3)
2026-05-22 06:40:29,596 [INFO] [16/121] 광화문광장 (primary=KEY_4)
2026-05-22 06:40:31,269 [INFO] [17/121] 국립중앙박물관·용산가족공원 (primary=KEY_1)
2026-05-22 06:40:32,260 [INFO] [18/121] 난지한강공원 (primary=KEY_2)
2026-05-22 06:40:33,226 [INFO] [19/121] 남산공원 (primary=KEY_3)
2026-05-22 06:40:34,506 [INFO] [20/121] 노들섬 (primary=KEY_4)
2026-05-22 06:40:36,008 [INFO] [21/121] 뚝섬한강공원 (primary=KEY_1)
2026-05-22 06:40:37,544 [INFO] [22/121] 망원한강공원 (primary=KEY_2)
2026-05-22 06:40:38,811 [INFO] [23/121] 반포한강공원 (primary=KEY_3)
2026-05-22 06:40:39,789 [INFO] [24/121] 보라매공원 (primary=KEY_4)
2026-05-22 06:40:40,812 [INFO] [25/121] 북서울꿈의숲 (primary=KEY_1)
2026-05-22 06:40:41,786 [INFO] [26/121] 서대문독립공원 (primary=KEY_2)
2026-05-22 06:40:42,770 [INFO] [27/121] 서리풀공원·몽마르뜨공원 (primary=KEY_3)
2026-05-22 06:40:43,918 [INFO] [28/121] 서울대공원 (primary=KEY_4)
2026-05-22 06:40:44,883 [INFO] [29/121] 서울숲공원 (primary=KEY_1)
2026-05-22 06:40:46,542 [INFO] [30/121] 송현녹지광장 (primary=KEY_2)
2026-05-22 06:40:47,675 [INFO] [31/121] 아차산 (primary=KEY_3)
2026-05-22 06:40:48,636 [INFO] [32/121] 안양천 (primary=KEY_4)
2026-05-22 06:40:49,606 [INFO] [33/121] 양화한강공원 (primary=KEY_1)
2026-05-22 06:40:50,568 [INFO] [34/121] 어린이대공원 (primary=KEY_2)
2026-05-22 06:40:51,561 [INFO] [35/121] 여의도한강공원 (primary=KEY_3)
2026-05-22 06:40:52,676 [INFO] [36/121] 여의서로 (primary=KEY_4)
2026-05-22 06:40:53,635 [INFO] [37/121] 올림픽공원 (primary=KEY_1)
2026-05-22 06:40:54,806 [INFO] [38/121] 월드컵공원 (primary=KEY_2)
2026-05-22 06:40:56,081 [INFO] [39/121] 응봉산 (primary=KEY_3)
2026-05-22 06:40:57,171 [INFO] [40/121] 이촌한강공원 (primary=KEY_4)
2026-05-22 06:40:58,136 [INFO] [41/121] 잠실종합운동장 (primary=KEY_1)
2026-05-22 06:40:59,102 [INFO] [42/121] 잠실한강공원 (primary=KEY_2)
2026-05-22 06:41:00,070 [INFO] [43/121] 잠원한강공원 (primary=KEY_3)
2026-05-22 06:41:01,052 [INFO] [44/121] 청계산 (primary=KEY_4)
2026-05-22 06:41:02,007 [INFO] [45/121] 홍제폭포 (primary=KEY_1)
2026-05-22 06:41:02,964 [INFO] [46/121] 가락시장 (primary=KEY_2)
2026-05-22 06:41:04,115 [INFO] [47/121] 가로수길 (primary=KEY_3)
2026-05-22 06:41:05,245 [INFO] [48/121] 광장(전통)시장 (primary=KEY_4)
2026-05-22 06:41:06,213 [INFO] [49/121] 김포공항 (primary=KEY_1)
2026-05-22 06:41:07,345 [INFO] [50/121] 남대문시장 (primary=KEY_2)
2026-05-22 06:41:08,320 [INFO] [51/121] 노량진 (primary=KEY_3)
2026-05-22 06:41:09,307 [INFO] [52/121] 덕수궁길·정동길 (primary=KEY_4)
2026-05-22 06:41:10,431 [INFO] [53/121] 북창동 먹자골목 (primary=KEY_1)
2026-05-22 06:41:11,405 [INFO] [54/121] 북촌한옥마을 (primary=KEY_2)
2026-05-22 06:41:12,527 [INFO] [55/121] 서촌 (primary=KEY_3)
2026-05-22 06:41:14,175 [INFO] [56/121] 성수카페거리 (primary=KEY_4)
2026-05-22 06:41:15,298 [INFO] [57/121] 송리단길·호수단길 (primary=KEY_1)
2026-05-22 06:41:16,443 [INFO] [58/121] 신촌 스타광장 (primary=KEY_2)
2026-05-22 06:41:17,426 [INFO] [59/121] 압구정로데오거리 (primary=KEY_3)
2026-05-22 06:41:18,542 [INFO] [60/121] 여의도 (primary=KEY_4)
2026-05-22 06:41:20,174 [INFO] [61/121] 연남동 (primary=KEY_1)
2026-05-22 06:41:21,283 [INFO] [62/121] 영등포 타임스퀘어 (primary=KEY_2)
2026-05-22 06:41:22,396 [INFO] [63/121] 용리단길 (primary=KEY_3)
2026-05-22 06:41:23,402 [INFO] [64/121] 이태원 앤틱가구거리 (primary=KEY_4)
2026-05-22 06:41:24,385 [INFO] [65/121] 익선동 (primary=KEY_1)
2026-05-22 06:41:25,524 [INFO] [66/121] 인사동 (primary=KEY_2)
2026-05-22 06:41:26,662 [INFO] [67/121] 잠실롯데타워·석촌호수 (primary=KEY_3)
2026-05-22 06:41:27,795 [INFO] [68/121] 창동 신경제 중심지 (primary=KEY_4)
2026-05-22 06:41:29,104 [INFO] [69/121] 청담동 명품거리 (primary=KEY_1)
2026-05-22 06:41:30,216 [INFO] [70/121] 청량리 제기동 일대 전통시장 (primary=KEY_2)
2026-05-22 06:41:31,344 [INFO] [71/121] 해방촌·경리단길 (primary=KEY_3)
2026-05-22 06:41:32,325 [INFO] [72/121] DDP(동대문디자인플라자) (primary=KEY_4)
2026-05-22 06:41:33,513 [INFO] [73/121] DMC(디지털미디어시티) (primary=KEY_1)
2026-05-22 06:41:34,800 [INFO] [74/121] 가산디지털단지역 (primary=KEY_2)
2026-05-22 06:41:36,074 [INFO] [75/121] 강남역 (primary=KEY_3)
2026-05-22 06:41:37,350 [INFO] [76/121] 건대입구역 (primary=KEY_4)
2026-05-22 06:41:38,478 [INFO] [77/121] 고덕역 (primary=KEY_1)
2026-05-22 06:41:39,591 [INFO] [78/121] 고속터미널역 (primary=KEY_2)
2026-05-22 06:41:40,592 [INFO] [79/121] 교대역 (primary=KEY_3)
2026-05-22 06:41:41,602 [INFO] [80/121] 구로디지털단지역 (primary=KEY_4)
2026-05-22 06:41:42,711 [INFO] [81/121] 구로역 (primary=KEY_1)
2026-05-22 06:41:43,687 [INFO] [82/121] 군자역 (primary=KEY_2)
2026-05-22 06:41:44,819 [INFO] [83/121] 대림역 (primary=KEY_3)
2026-05-22 06:41:45,947 [INFO] [84/121] 동대문역 (primary=KEY_4)
2026-05-22 06:41:47,073 [INFO] [85/121] 뚝섬역 (primary=KEY_1)
2026-05-22 06:41:48,185 [INFO] [86/121] 미아사거리역 (primary=KEY_2)
2026-05-22 06:41:49,310 [INFO] [87/121] 발산역 (primary=KEY_3)
2026-05-22 06:41:50,576 [INFO] [88/121] 사당역 (primary=KEY_4)
2026-05-22 06:41:51,711 [INFO] [89/121] 삼각지역 (primary=KEY_1)
2026-05-22 06:41:52,735 [INFO] [90/121] 서울대입구역 (primary=KEY_2)
2026-05-22 06:41:53,719 [INFO] [91/121] 서울식물원·마곡나루역 (primary=KEY_3)
2026-05-22 06:41:54,855 [INFO] [92/121] 서울역 (primary=KEY_4)
2026-05-22 06:41:56,090 [INFO] [93/121] 선릉역 (primary=KEY_1)
2026-05-22 06:41:57,368 [INFO] [94/121] 성신여대입구역 (primary=KEY_2)
2026-05-22 06:41:58,364 [INFO] [95/121] 수유역 (primary=KEY_3)
2026-05-22 06:41:59,490 [INFO] [96/121] 숭례문 (primary=KEY_4)
2026-05-22 06:42:00,634 [INFO] [97/121] 시의회 앞 (primary=KEY_1)
2026-05-22 06:42:01,755 [INFO] [98/121] 신논현역·논현역 (primary=KEY_2)
2026-05-22 06:42:02,905 [INFO] [99/121] 신도림역 (primary=KEY_3)
2026-05-22 06:42:03,884 [INFO] [100/121] 신림역 (primary=KEY_4)
2026-05-22 06:42:04,880 [INFO] [101/121] 신정네거리역 (primary=KEY_1)
2026-05-22 06:42:05,861 [INFO] [102/121] 신촌·이대역 (primary=KEY_2)
2026-05-22 06:42:06,983 [INFO] [103/121] 쌍문역 (primary=KEY_3)
2026-05-22 06:42:07,965 [INFO] [104/121] 양재역 (primary=KEY_4)
2026-05-22 06:42:09,099 [INFO] [105/121] 역삼역 (primary=KEY_1)
2026-05-22 06:42:10,217 [INFO] [106/121] 연신내역 (primary=KEY_2)
2026-05-22 06:42:11,228 [INFO] [107/121] 오목교역·목동운동장 (primary=KEY_3)
2026-05-22 06:42:12,533 [INFO] [108/121] 왕십리역 (primary=KEY_4)
2026-05-22 06:42:13,678 [INFO] [109/121] 용산역 (primary=KEY_1)
2026-05-22 06:42:14,800 [INFO] [110/121] 이태원역 (primary=KEY_2)
2026-05-22 06:42:15,804 [INFO] [111/121] 잠실새내역 (primary=KEY_3)
2026-05-22 06:42:16,919 [INFO] [112/121] 잠실역 (primary=KEY_4)
2026-05-22 06:42:18,043 [INFO] [113/121] 장지역 (primary=KEY_1)
2026-05-22 06:42:19,166 [INFO] [114/121] 장한평역 (primary=KEY_2)
2026-05-22 06:42:20,287 [INFO] [115/121] 천호역 (primary=KEY_3)
2026-05-22 06:42:21,459 [INFO] [116/121] 총신대입구(이수)역 (primary=KEY_4)
2026-05-22 06:42:22,665 [INFO] [117/121] 충정로역 (primary=KEY_1)
2026-05-22 06:42:23,798 [INFO] [118/121] 합정역 (primary=KEY_2)
2026-05-22 06:42:24,947 [INFO] [119/121] 혜화역 (primary=KEY_3)
2026-05-22 06:42:26,145 [INFO] [120/121] 홍대입구역(2호선) (primary=KEY_4)
2026-05-22 06:42:27,274 [INFO] [121/121] 회기역 (primary=KEY_1)
2026-05-22 06:42:29,750 [INFO] === 수집 완료 | 성공 121, 실패 0 ===
2026-05-22 06:42:29,750 [INFO] 카테고리별 저장 결과:
2026-05-22 06:42:29,750 [INFO]    accident                  | 신규     1행 | 누적      7행 | 16컬럼
2026-05-22 06:42:29,750 [INFO]    area_meta                 | 신규   121행 | 누적    726행 | 5컬럼
2026-05-22 06:42:29,750 [INFO]    bike                      | 신규    11행 | 누적     66행 | 12컬럼
2026-05-22 06:42:29,750 [INFO]    bike_sbike_stts           | 신규   555행 | 누적   3330행 | 12컬럼
2026-05-22 06:42:29,750 [INFO]    bus                       | 신규     3행 | 누적     18행 | 11컬럼
2026-05-22 06:42:29,750 [INFO]    bus_bus_stn_stts          | 신규  1745행 | 누적  10470행 | 11컬럼
2026-05-22 06:42:29,750 [INFO]    charger                   | 신규    25행 | 누적    104행 | 15컬럼
2026-05-22 06:42:29,750 [INFO]    charger_charger_stts      | 신규   327행 | 누적   5446행 | 15컬럼
2026-05-22 06:42:29,750 [INFO]    cmrcl                     | 신규    82행 | 누적    492행 | 20컬럼
2026-05-22 06:42:29,750 [INFO]    events                    | 신규    13행 | 누적     78행 | 14컬럼
2026-05-22 06:42:29,750 [INFO]    events_event_stts         | 신규   180행 | 누적   1056행 | 14컬럼
2026-05-22 06:42:29,750 [INFO]    parking                   | 신규     6행 | 누적     36행 | 21컬럼
2026-05-22 06:42:29,750 [INFO]    parking_prk_stts          | 신규  1835행 | 누적  11010행 | 21컬럼
2026-05-22 06:42:29,751 [INFO]    ppltn                     | 신규   121행 | 누적    726행 | 26컬럼
2026-05-22 06:42:29,751 [INFO]    road                      | 신규   121행 | 누적    726행 | 21컬럼
2026-05-22 06:42:29,751 [INFO]    road_road_traffic_stts    | 신규  5246행 | 누적  31476행 | 17컬럼
2026-05-22 06:42:29,751 [INFO]    subway                    | 신규    38행 | 누적    228행 | 13컬럼
2026-05-22 06:42:29,751 [INFO]    subway_sub_stts           | 신규   183행 | 누적   1098행 | 13컬럼
2026-05-22 06:42:29,751 [INFO]    weather                   | 신규   119행 | 누적    714행 | 29컬럼
2026-05-22 06:42:29,751 [INFO] 키별 사용량:
2026-05-22 06:42:29,751 [INFO]    🟢 KEY_1 (31/1000) 
2026-05-22 06:42:29,751 [INFO]    🟢 KEY_2 (30/1000) 
2026-05-22 06:42:29,751 [INFO]    🟢 KEY_3 (30/1000) 
2026-05-22 06:42:29,751 [INFO]    🟢 KEY_4 (30/1000) 
2026-05-22 07:38:19,345 [INFO] 등록된 키: 4개, 합산 한도 4,000건/일
2026-05-22 07:38:19,346 [INFO] POI 로드: 매뉴얼 v8.5 기준 fallback 121개 (121개 전체)
2026-05-22 07:38:19,346 [INFO] === 수집 시작 2026-05-22T07:38:19.346499+09:00 ===
2026-05-22 07:38:19,346 [INFO] 대상 장소: 121개 | API: citydata (통합)
2026-05-22 07:38:19,346 [INFO] 키 풀: 4/4 활성 | 오늘 사용 0/4000건
2026-05-22 07:38:19,346 [INFO]   [KEY_1] 담당 31장소
2026-05-22 07:38:19,346 [INFO]   [KEY_2] 담당 30장소
2026-05-22 07:38:19,346 [INFO]   [KEY_3] 담당 30장소
2026-05-22 07:38:19,346 [INFO]   [KEY_4] 담당 30장소
2026-05-22 07:38:19,346 [INFO] [1/121] 경복궁 (primary=KEY_1)
2026-05-22 07:38:21,545 [INFO] [2/121] 광화문·덕수궁 (primary=KEY_2)
2026-05-22 07:38:24,032 [INFO] [3/121] 보신각 (primary=KEY_3)
2026-05-22 07:38:25,711 [INFO] [4/121] 서울 암사동 유적 (primary=KEY_4)
2026-05-22 07:38:28,018 [INFO] [5/121] 창덕궁·종묘 (primary=KEY_1)
2026-05-22 07:38:30,138 [INFO] [6/121] 강남 MICE 관광특구 (primary=KEY_2)
2026-05-22 07:38:31,521 [INFO] [7/121] 동대문 관광특구 (primary=KEY_3)
2026-05-22 07:38:33,155 [INFO] [8/121] 명동 관광특구 (primary=KEY_4)
2026-05-22 07:38:35,589 [INFO] [9/121] 이태원 관광특구 (primary=KEY_1)
2026-05-22 07:38:37,756 [INFO] [10/121] 잠실 관광특구 (primary=KEY_2)
2026-05-22 07:38:40,533 [INFO] [11/121] 종로·청계 관광특구 (primary=KEY_3)
2026-05-22 07:38:42,287 [INFO] [12/121] 홍대 관광특구 (primary=KEY_4)
2026-05-22 07:38:44,146 [INFO] [13/121] 강서한강공원 (primary=KEY_1)
2026-05-22 07:38:45,292 [INFO] [14/121] 고척돔 (primary=KEY_2)
2026-05-22 07:38:47,047 [INFO] [15/121] 광나루한강공원 (primary=KEY_3)
2026-05-22 07:38:48,975 [INFO] [16/121] 광화문광장 (primary=KEY_4)
2026-05-22 07:38:51,136 [INFO] [17/121] 국립중앙박물관·용산가족공원 (primary=KEY_1)
2026-05-22 07:38:52,878 [INFO] [18/121] 난지한강공원 (primary=KEY_2)
2026-05-22 07:38:54,826 [INFO] [19/121] 남산공원 (primary=KEY_3)
2026-05-22 07:38:56,449 [INFO] [20/121] 노들섬 (primary=KEY_4)
2026-05-22 07:38:58,420 [INFO] [21/121] 뚝섬한강공원 (primary=KEY_1)
2026-05-22 07:38:59,721 [INFO] [22/121] 망원한강공원 (primary=KEY_2)
2026-05-22 07:39:01,111 [INFO] [23/121] 반포한강공원 (primary=KEY_3)
2026-05-22 07:39:02,269 [INFO] [24/121] 보라매공원 (primary=KEY_4)
2026-05-22 07:39:03,433 [INFO] [25/121] 북서울꿈의숲 (primary=KEY_1)
2026-05-22 07:39:05,733 [INFO] [26/121] 서대문독립공원 (primary=KEY_2)
2026-05-22 07:39:07,093 [INFO] [27/121] 서리풀공원·몽마르뜨공원 (primary=KEY_3)
2026-05-22 07:39:09,118 [INFO] [28/121] 서울대공원 (primary=KEY_4)
2026-05-22 07:39:10,262 [INFO] [29/121] 서울숲공원 (primary=KEY_1)
2026-05-22 07:39:11,622 [INFO] [30/121] 송현녹지광장 (primary=KEY_2)
2026-05-22 07:39:13,266 [INFO] [31/121] 아차산 (primary=KEY_3)
2026-05-22 07:39:14,570 [INFO] [32/121] 안양천 (primary=KEY_4)
2026-05-22 07:39:15,710 [INFO] [33/121] 양화한강공원 (primary=KEY_1)
2026-05-22 07:39:17,050 [INFO] [34/121] 어린이대공원 (primary=KEY_2)
2026-05-22 07:39:18,605 [INFO] [35/121] 여의도한강공원 (primary=KEY_3)
2026-05-22 07:39:19,964 [INFO] [36/121] 여의서로 (primary=KEY_4)
2026-05-22 07:39:21,298 [INFO] [37/121] 올림픽공원 (primary=KEY_1)
2026-05-22 07:39:22,869 [INFO] [38/121] 월드컵공원 (primary=KEY_2)
2026-05-22 07:39:24,564 [INFO] [39/121] 응봉산 (primary=KEY_3)
2026-05-22 07:39:25,917 [INFO] [40/121] 이촌한강공원 (primary=KEY_4)
2026-05-22 07:39:28,020 [INFO] [41/121] 잠실종합운동장 (primary=KEY_1)
2026-05-22 07:39:29,177 [INFO] [42/121] 잠실한강공원 (primary=KEY_2)
2026-05-22 07:39:30,341 [INFO] [43/121] 잠원한강공원 (primary=KEY_3)
2026-05-22 07:39:31,488 [INFO] [44/121] 청계산 (primary=KEY_4)
2026-05-22 07:39:33,217 [INFO] [45/121] 홍제폭포 (primary=KEY_1)
2026-05-22 07:39:34,365 [INFO] [46/121] 가락시장 (primary=KEY_2)
2026-05-22 07:39:35,754 [INFO] [47/121] 가로수길 (primary=KEY_3)
2026-05-22 07:39:37,760 [INFO] [48/121] 광장(전통)시장 (primary=KEY_4)
2026-05-22 07:39:38,928 [INFO] [49/121] 김포공항 (primary=KEY_1)
2026-05-22 07:39:41,098 [INFO] [50/121] 남대문시장 (primary=KEY_2)
2026-05-22 07:39:42,471 [INFO] [51/121] 노량진 (primary=KEY_3)
2026-05-22 07:39:43,843 [INFO] [52/121] 덕수궁길·정동길 (primary=KEY_4)
2026-05-22 07:39:45,254 [INFO] [53/121] 북창동 먹자골목 (primary=KEY_1)
2026-05-22 07:39:46,598 [INFO] [54/121] 북촌한옥마을 (primary=KEY_2)
2026-05-22 07:39:48,147 [INFO] [55/121] 서촌 (primary=KEY_3)
2026-05-22 07:39:49,504 [INFO] [56/121] 성수카페거리 (primary=KEY_4)
2026-05-22 07:39:51,083 [INFO] [57/121] 송리단길·호수단길 (primary=KEY_1)
2026-05-22 07:39:52,491 [INFO] [58/121] 신촌 스타광장 (primary=KEY_2)
2026-05-22 07:39:53,655 [INFO] [59/121] 압구정로데오거리 (primary=KEY_3)
2026-05-22 07:39:55,024 [INFO] [60/121] 여의도 (primary=KEY_4)
2026-05-22 07:39:57,267 [INFO] [61/121] 연남동 (primary=KEY_1)
2026-05-22 07:39:58,612 [INFO] [62/121] 영등포 타임스퀘어 (primary=KEY_2)
2026-05-22 07:40:00,145 [INFO] [63/121] 용리단길 (primary=KEY_3)
2026-05-22 07:40:01,921 [INFO] [64/121] 이태원 앤틱가구거리 (primary=KEY_4)
2026-05-22 07:40:03,267 [INFO] [65/121] 익선동 (primary=KEY_1)
2026-05-22 07:40:04,650 [INFO] [66/121] 인사동 (primary=KEY_2)
2026-05-22 07:40:06,225 [INFO] [67/121] 잠실롯데타워·석촌호수 (primary=KEY_3)
2026-05-22 07:40:08,018 [INFO] [68/121] 창동 신경제 중심지 (primary=KEY_4)
2026-05-22 07:40:09,795 [INFO] [69/121] 청담동 명품거리 (primary=KEY_1)
2026-05-22 07:40:11,219 [INFO] [70/121] 청량리 제기동 일대 전통시장 (primary=KEY_2)
2026-05-22 07:40:12,793 [INFO] [71/121] 해방촌·경리단길 (primary=KEY_3)
2026-05-22 07:40:13,945 [INFO] [72/121] DDP(동대문디자인플라자) (primary=KEY_4)
2026-05-22 07:40:15,350 [INFO] [73/121] DMC(디지털미디어시티) (primary=KEY_1)
2026-05-22 07:40:17,140 [INFO] [74/121] 가산디지털단지역 (primary=KEY_2)
2026-05-22 07:40:19,104 [INFO] [75/121] 강남역 (primary=KEY_3)
2026-05-22 07:40:20,712 [INFO] [76/121] 건대입구역 (primary=KEY_4)
2026-05-22 07:40:22,085 [INFO] [77/121] 고덕역 (primary=KEY_1)
2026-05-22 07:40:23,447 [INFO] [78/121] 고속터미널역 (primary=KEY_2)
2026-05-22 07:40:24,830 [INFO] [79/121] 교대역 (primary=KEY_3)
2026-05-22 07:40:26,214 [INFO] [80/121] 구로디지털단지역 (primary=KEY_4)
2026-05-22 07:40:27,950 [INFO] [81/121] 구로역 (primary=KEY_1)
2026-05-22 07:40:29,286 [INFO] [82/121] 군자역 (primary=KEY_2)
2026-05-22 07:40:30,637 [INFO] [83/121] 대림역 (primary=KEY_3)
2026-05-22 07:40:31,998 [INFO] [84/121] 동대문역 (primary=KEY_4)
2026-05-22 07:40:33,364 [INFO] [85/121] 뚝섬역 (primary=KEY_1)
2026-05-22 07:40:34,720 [INFO] [86/121] 미아사거리역 (primary=KEY_2)
2026-05-22 07:40:36,095 [INFO] [87/121] 발산역 (primary=KEY_3)
2026-05-22 07:40:37,849 [INFO] [88/121] 사당역 (primary=KEY_4)
2026-05-22 07:40:39,255 [INFO] [89/121] 삼각지역 (primary=KEY_1)
2026-05-22 07:40:40,457 [INFO] [90/121] 서울대입구역 (primary=KEY_2)
2026-05-22 07:40:41,819 [INFO] [91/121] 서울식물원·마곡나루역 (primary=KEY_3)
2026-05-22 07:40:43,976 [INFO] [92/121] 서울역 (primary=KEY_4)
2026-05-22 07:40:45,601 [INFO] [93/121] 선릉역 (primary=KEY_1)
2026-05-22 07:40:47,397 [INFO] [94/121] 성신여대입구역 (primary=KEY_2)
2026-05-22 07:40:48,578 [INFO] [95/121] 수유역 (primary=KEY_3)
2026-05-22 07:40:49,938 [INFO] [96/121] 숭례문 (primary=KEY_4)
2026-05-22 07:40:51,360 [INFO] [97/121] 시의회 앞 (primary=KEY_1)
2026-05-22 07:40:52,736 [INFO] [98/121] 신논현역·논현역 (primary=KEY_2)
2026-05-22 07:40:54,130 [INFO] [99/121] 신도림역 (primary=KEY_3)
2026-05-22 07:40:55,308 [INFO] [100/121] 신림역 (primary=KEY_4)
2026-05-22 07:40:56,699 [INFO] [101/121] 신정네거리역 (primary=KEY_1)
2026-05-22 07:40:58,058 [INFO] [102/121] 신촌·이대역 (primary=KEY_2)
2026-05-22 07:40:59,427 [INFO] [103/121] 쌍문역 (primary=KEY_3)
2026-05-22 07:41:00,785 [INFO] [104/121] 양재역 (primary=KEY_4)
2026-05-22 07:41:02,168 [INFO] [105/121] 역삼역 (primary=KEY_1)
2026-05-22 07:41:03,724 [INFO] [106/121] 연신내역 (primary=KEY_2)
2026-05-22 07:41:04,920 [INFO] [107/121] 오목교역·목동운동장 (primary=KEY_3)
2026-05-22 07:41:06,928 [INFO] [108/121] 왕십리역 (primary=KEY_4)
2026-05-22 07:41:08,554 [INFO] [109/121] 용산역 (primary=KEY_1)
2026-05-22 07:41:10,100 [INFO] [110/121] 이태원역 (primary=KEY_2)
2026-05-22 07:41:11,338 [INFO] [111/121] 잠실새내역 (primary=KEY_3)
2026-05-22 07:41:12,690 [INFO] [112/121] 잠실역 (primary=KEY_4)
2026-05-22 07:41:14,271 [INFO] [113/121] 장지역 (primary=KEY_1)
2026-05-22 07:41:15,832 [INFO] [114/121] 장한평역 (primary=KEY_2)
2026-05-22 07:41:17,214 [INFO] [115/121] 천호역 (primary=KEY_3)
2026-05-22 07:41:18,582 [INFO] [116/121] 총신대입구(이수)역 (primary=KEY_4)
2026-05-22 07:41:19,959 [INFO] [117/121] 충정로역 (primary=KEY_1)
2026-05-22 07:41:21,355 [INFO] [118/121] 합정역 (primary=KEY_2)
2026-05-22 07:41:22,732 [INFO] [119/121] 혜화역 (primary=KEY_3)
2026-05-22 07:41:24,085 [INFO] [120/121] 홍대입구역(2호선) (primary=KEY_4)
2026-05-22 07:41:25,466 [INFO] [121/121] 회기역 (primary=KEY_1)
2026-05-22 07:41:28,176 [INFO] === 수집 완료 | 성공 121, 실패 0 ===
2026-05-22 07:41:28,177 [INFO] 카테고리별 저장 결과:
2026-05-22 07:41:28,177 [INFO]    accident                  | 신규     1행 | 누적      8행 | 16컬럼
2026-05-22 07:41:28,177 [INFO]    area_meta                 | 신규   121행 | 누적    847행 | 5컬럼
2026-05-22 07:41:28,177 [INFO]    bike                      | 신규    11행 | 누적     77행 | 12컬럼
2026-05-22 07:41:28,177 [INFO]    bike_sbike_stts           | 신규   555행 | 누적   3885행 | 12컬럼
2026-05-22 07:41:28,177 [INFO]    bus                       | 신규     3행 | 누적     21행 | 11컬럼
2026-05-22 07:41:28,177 [INFO]    bus_bus_stn_stts          | 신규  1745행 | 누적  12215행 | 11컬럼
2026-05-22 07:41:28,177 [INFO]    charger                   | 신규     4행 | 누적    108행 | 15컬럼
2026-05-22 07:41:28,177 [INFO]    charger_charger_stts      | 신규  1873행 | 누적   7304행 | 15컬럼
2026-05-22 07:41:28,177 [INFO]    cmrcl                     | 신규    82행 | 누적    574행 | 20컬럼
2026-05-22 07:41:28,177 [INFO]    events                    | 신규    13행 | 누적     91행 | 14컬럼
2026-05-22 07:41:28,177 [INFO]    events_event_stts         | 신규   180행 | 누적   1236행 | 14컬럼
2026-05-22 07:41:28,177 [INFO]    parking                   | 신규     6행 | 누적     42행 | 21컬럼
2026-05-22 07:41:28,177 [INFO]    parking_prk_stts          | 신규  1835행 | 누적  12845행 | 21컬럼
2026-05-22 07:41:28,177 [INFO]    ppltn                     | 신규   121행 | 누적    847행 | 26컬럼
2026-05-22 07:41:28,177 [INFO]    road                      | 신규   121행 | 누적    847행 | 21컬럼
2026-05-22 07:41:28,177 [INFO]    road_road_traffic_stts    | 신규  5246행 | 누적  36722행 | 17컬럼
2026-05-22 07:41:28,177 [INFO]    subway                    | 신규    38행 | 누적    266행 | 13컬럼
2026-05-22 07:41:28,177 [INFO]    subway_sub_stts           | 신규   183행 | 누적   1281행 | 13컬럼
2026-05-22 07:41:28,177 [INFO]    weather                   | 신규   119행 | 누적    833행 | 29컬럼
2026-05-22 07:41:28,177 [INFO] 키별 사용량:
2026-05-22 07:41:28,177 [INFO]    🟢 KEY_1 (31/1000) 
2026-05-22 07:41:28,177 [INFO]    🟢 KEY_2 (30/1000) 
2026-05-22 07:41:28,177 [INFO]    🟢 KEY_3 (30/1000) 
2026-05-22 07:41:28,178 [INFO]    🟢 KEY_4 (30/1000) 
2026-05-22 08:30:55,712 [INFO] 등록된 키: 4개, 합산 한도 4,000건/일
2026-05-22 08:30:55,713 [INFO] POI 로드: 매뉴얼 v8.5 기준 fallback 121개 (121개 전체)
2026-05-22 08:30:55,713 [INFO] === 수집 시작 2026-05-22T08:30:55.713263+09:00 ===
2026-05-22 08:30:55,713 [INFO] 대상 장소: 121개 | API: citydata (통합)
2026-05-22 08:30:55,713 [INFO] 키 풀: 4/4 활성 | 오늘 사용 0/4000건
2026-05-22 08:30:55,713 [INFO]   [KEY_1] 담당 31장소
2026-05-22 08:30:55,713 [INFO]   [KEY_2] 담당 30장소
2026-05-22 08:30:55,713 [INFO]   [KEY_3] 담당 30장소
2026-05-22 08:30:55,713 [INFO]   [KEY_4] 담당 30장소
2026-05-22 08:30:55,713 [INFO] [1/121] 경복궁 (primary=KEY_1)
2026-05-22 08:30:57,993 [INFO] [2/121] 광화문·덕수궁 (primary=KEY_2)
2026-05-22 08:31:00,698 [INFO] [3/121] 보신각 (primary=KEY_3)
2026-05-22 08:31:02,814 [INFO] [4/121] 서울 암사동 유적 (primary=KEY_4)
2026-05-22 08:31:04,711 [INFO] [5/121] 창덕궁·종묘 (primary=KEY_1)
2026-05-22 08:31:06,806 [INFO] [6/121] 강남 MICE 관광특구 (primary=KEY_2)
2026-05-22 08:31:08,919 [INFO] [7/121] 동대문 관광특구 (primary=KEY_3)
2026-05-22 08:31:10,498 [INFO] [8/121] 명동 관광특구 (primary=KEY_4)
2026-05-22 08:31:13,049 [INFO] [9/121] 이태원 관광특구 (primary=KEY_1)
2026-05-22 08:31:15,532 [INFO] [10/121] 잠실 관광특구 (primary=KEY_2)
2026-05-22 08:31:17,982 [INFO] [11/121] 종로·청계 관광특구 (primary=KEY_3)
2026-05-22 08:31:19,586 [INFO] [12/121] 홍대 관광특구 (primary=KEY_4)
2026-05-22 08:31:21,179 [INFO] [13/121] 강서한강공원 (primary=KEY_1)
2026-05-22 08:31:22,500 [INFO] [14/121] 고척돔 (primary=KEY_2)
2026-05-22 08:31:24,216 [INFO] [15/121] 광나루한강공원 (primary=KEY_3)
2026-05-22 08:31:25,542 [INFO] [16/121] 광화문광장 (primary=KEY_4)
2026-05-22 08:31:27,649 [INFO] [17/121] 국립중앙박물관·용산가족공원 (primary=KEY_1)
2026-05-22 08:31:29,598 [INFO] [18/121] 난지한강공원 (primary=KEY_2)
2026-05-22 08:31:31,492 [INFO] [19/121] 남산공원 (primary=KEY_3)
2026-05-22 08:31:33,625 [INFO] [20/121] 노들섬 (primary=KEY_4)
2026-05-22 08:31:34,942 [INFO] [21/121] 뚝섬한강공원 (primary=KEY_1)
2026-05-22 08:31:36,092 [INFO] [22/121] 망원한강공원 (primary=KEY_2)
2026-05-22 08:31:38,000 [INFO] [23/121] 반포한강공원 (primary=KEY_3)
2026-05-22 08:31:39,161 [INFO] [24/121] 보라매공원 (primary=KEY_4)
2026-05-22 08:31:41,088 [INFO] [25/121] 북서울꿈의숲 (primary=KEY_1)
2026-05-22 08:31:42,416 [INFO] [26/121] 서대문독립공원 (primary=KEY_2)
2026-05-22 08:31:43,566 [INFO] [27/121] 서리풀공원·몽마르뜨공원 (primary=KEY_3)
2026-05-22 08:31:44,931 [INFO] [28/121] 서울대공원 (primary=KEY_4)
2026-05-22 08:31:46,062 [INFO] [29/121] 서울숲공원 (primary=KEY_1)
2026-05-22 08:31:47,406 [INFO] [30/121] 송현녹지광장 (primary=KEY_2)
2026-05-22 08:31:48,747 [INFO] [31/121] 아차산 (primary=KEY_3)
2026-05-22 08:31:49,876 [INFO] [32/121] 안양천 (primary=KEY_4)
2026-05-22 08:31:51,011 [INFO] [33/121] 양화한강공원 (primary=KEY_1)
2026-05-22 08:31:52,143 [INFO] [34/121] 어린이대공원 (primary=KEY_2)
2026-05-22 08:31:53,493 [INFO] [35/121] 여의도한강공원 (primary=KEY_3)
2026-05-22 08:31:54,826 [INFO] [36/121] 여의서로 (primary=KEY_4)
2026-05-22 08:31:56,921 [INFO] [37/121] 올림픽공원 (primary=KEY_1)
2026-05-22 08:31:58,479 [INFO] [38/121] 월드컵공원 (primary=KEY_2)
2026-05-22 08:32:00,103 [INFO] [39/121] 응봉산 (primary=KEY_3)
2026-05-22 08:32:01,443 [INFO] [40/121] 이촌한강공원 (primary=KEY_4)
2026-05-22 08:32:02,578 [INFO] [41/121] 잠실종합운동장 (primary=KEY_1)
2026-05-22 08:32:04,487 [INFO] [42/121] 잠실한강공원 (primary=KEY_2)
2026-05-22 08:32:05,632 [INFO] [43/121] 잠원한강공원 (primary=KEY_3)
2026-05-22 08:32:06,763 [INFO] [44/121] 청계산 (primary=KEY_4)
2026-05-22 08:32:08,658 [INFO] [45/121] 홍제폭포 (primary=KEY_1)
2026-05-22 08:32:09,798 [INFO] [46/121] 가락시장 (primary=KEY_2)
2026-05-22 08:32:11,161 [INFO] [47/121] 가로수길 (primary=KEY_3)
2026-05-22 08:32:12,528 [INFO] [48/121] 광장(전통)시장 (primary=KEY_4)
2026-05-22 08:32:13,682 [INFO] [49/121] 김포공항 (primary=KEY_1)
2026-05-22 08:32:15,217 [INFO] [50/121] 남대문시장 (primary=KEY_2)
2026-05-22 08:32:17,323 [INFO] [51/121] 노량진 (primary=KEY_3)
2026-05-22 08:32:18,678 [INFO] [52/121] 덕수궁길·정동길 (primary=KEY_4)
2026-05-22 08:32:20,033 [INFO] [53/121] 북창동 먹자골목 (primary=KEY_1)
2026-05-22 08:32:21,374 [INFO] [54/121] 북촌한옥마을 (primary=KEY_2)
2026-05-22 08:32:22,913 [INFO] [55/121] 서촌 (primary=KEY_3)
2026-05-22 08:32:24,250 [INFO] [56/121] 성수카페거리 (primary=KEY_4)
2026-05-22 08:32:25,815 [INFO] [57/121] 송리단길·호수단길 (primary=KEY_1)
2026-05-22 08:32:27,178 [INFO] [58/121] 신촌 스타광장 (primary=KEY_2)
2026-05-22 08:32:28,348 [INFO] [59/121] 압구정로데오거리 (primary=KEY_3)
2026-05-22 08:32:29,688 [INFO] [60/121] 여의도 (primary=KEY_4)
2026-05-22 08:32:32,028 [INFO] [61/121] 연남동 (primary=KEY_1)
2026-05-22 08:32:33,359 [INFO] [62/121] 영등포 타임스퀘어 (primary=KEY_2)
2026-05-22 08:32:34,693 [INFO] [63/121] 용리단길 (primary=KEY_3)
2026-05-22 08:32:35,880 [INFO] [64/121] 이태원 앤틱가구거리 (primary=KEY_4)
2026-05-22 08:32:37,784 [INFO] [65/121] 익선동 (primary=KEY_1)
2026-05-22 08:32:39,145 [INFO] [66/121] 인사동 (primary=KEY_2)
2026-05-22 08:32:40,708 [INFO] [67/121] 잠실롯데타워·석촌호수 (primary=KEY_3)
2026-05-22 08:32:43,205 [INFO] [68/121] 창동 신경제 중심지 (primary=KEY_4)
2026-05-22 08:32:44,941 [INFO] [69/121] 청담동 명품거리 (primary=KEY_1)
2026-05-22 08:32:46,335 [INFO] [70/121] 청량리 제기동 일대 전통시장 (primary=KEY_2)
2026-05-22 08:32:48,471 [INFO] [71/121] 해방촌·경리단길 (primary=KEY_3)
2026-05-22 08:32:49,630 [INFO] [72/121] DDP(동대문디자인플라자) (primary=KEY_4)
2026-05-22 08:32:50,998 [INFO] [73/121] DMC(디지털미디어시티) (primary=KEY_1)
2026-05-22 08:32:52,766 [INFO] [74/121] 가산디지털단지역 (primary=KEY_2)
2026-05-22 08:32:54,697 [INFO] [75/121] 강남역 (primary=KEY_3)
2026-05-22 08:32:56,265 [INFO] [76/121] 건대입구역 (primary=KEY_4)
2026-05-22 08:32:57,623 [INFO] [77/121] 고덕역 (primary=KEY_1)
2026-05-22 08:32:58,986 [INFO] [78/121] 고속터미널역 (primary=KEY_2)
2026-05-22 08:33:00,368 [INFO] [79/121] 교대역 (primary=KEY_3)
2026-05-22 08:33:01,767 [INFO] [80/121] 구로디지털단지역 (primary=KEY_4)
2026-05-22 08:33:03,501 [INFO] [81/121] 구로역 (primary=KEY_1)
2026-05-22 08:33:04,827 [INFO] [82/121] 군자역 (primary=KEY_2)
2026-05-22 08:33:06,195 [INFO] [83/121] 대림역 (primary=KEY_3)
2026-05-22 08:33:07,553 [INFO] [84/121] 동대문역 (primary=KEY_4)
2026-05-22 08:33:08,915 [INFO] [85/121] 뚝섬역 (primary=KEY_1)
2026-05-22 08:33:10,252 [INFO] [86/121] 미아사거리역 (primary=KEY_2)
2026-05-22 08:33:11,614 [INFO] [87/121] 발산역 (primary=KEY_3)
2026-05-22 08:33:13,369 [INFO] [88/121] 사당역 (primary=KEY_4)
2026-05-22 08:33:14,725 [INFO] [89/121] 삼각지역 (primary=KEY_1)
2026-05-22 08:33:15,890 [INFO] [90/121] 서울대입구역 (primary=KEY_2)
2026-05-22 08:33:17,241 [INFO] [91/121] 서울식물원·마곡나루역 (primary=KEY_3)
2026-05-22 08:33:18,793 [INFO] [92/121] 서울역 (primary=KEY_4)
2026-05-22 08:33:20,463 [INFO] [93/121] 선릉역 (primary=KEY_1)
2026-05-22 08:33:22,253 [INFO] [94/121] 성신여대입구역 (primary=KEY_2)
2026-05-22 08:33:23,416 [INFO] [95/121] 수유역 (primary=KEY_3)
2026-05-22 08:33:24,748 [INFO] [96/121] 숭례문 (primary=KEY_4)
2026-05-22 08:33:26,157 [INFO] [97/121] 시의회 앞 (primary=KEY_1)
2026-05-22 08:33:27,527 [INFO] [98/121] 신논현역·논현역 (primary=KEY_2)
2026-05-22 08:33:28,891 [INFO] [99/121] 신도림역 (primary=KEY_3)
2026-05-22 08:33:30,056 [INFO] [100/121] 신림역 (primary=KEY_4)
2026-05-22 08:33:31,453 [INFO] [101/121] 신정네거리역 (primary=KEY_1)
2026-05-22 08:33:32,806 [INFO] [102/121] 신촌·이대역 (primary=KEY_2)
2026-05-22 08:33:34,168 [INFO] [103/121] 쌍문역 (primary=KEY_3)
2026-05-22 08:33:35,523 [INFO] [104/121] 양재역 (primary=KEY_4)
2026-05-22 08:33:36,970 [INFO] [105/121] 역삼역 (primary=KEY_1)
2026-05-22 08:33:38,521 [INFO] [106/121] 연신내역 (primary=KEY_2)
2026-05-22 08:33:39,728 [INFO] [107/121] 오목교역·목동운동장 (primary=KEY_3)
2026-05-22 08:33:41,668 [INFO] [108/121] 왕십리역 (primary=KEY_4)
2026-05-22 08:33:43,232 [INFO] [109/121] 용산역 (primary=KEY_1)
2026-05-22 08:33:44,777 [INFO] [110/121] 이태원역 (primary=KEY_2)
2026-05-22 08:33:45,989 [INFO] [111/121] 잠실새내역 (primary=KEY_3)
2026-05-22 08:33:47,361 [INFO] [112/121] 잠실역 (primary=KEY_4)
2026-05-22 08:33:48,913 [INFO] [113/121] 장지역 (primary=KEY_1)
2026-05-22 08:33:50,476 [INFO] [114/121] 장한평역 (primary=KEY_2)
2026-05-22 08:33:51,828 [INFO] [115/121] 천호역 (primary=KEY_3)
2026-05-22 08:33:53,206 [INFO] [116/121] 총신대입구(이수)역 (primary=KEY_4)
2026-05-22 08:33:54,558 [INFO] [117/121] 충정로역 (primary=KEY_1)
2026-05-22 08:33:55,917 [INFO] [118/121] 합정역 (primary=KEY_2)
2026-05-22 08:33:57,268 [INFO] [119/121] 혜화역 (primary=KEY_3)
2026-05-22 08:33:58,635 [INFO] [120/121] 홍대입구역(2호선) (primary=KEY_4)
2026-05-22 08:34:00,026 [INFO] [121/121] 회기역 (primary=KEY_1)
2026-05-22 08:34:02,834 [INFO] === 수집 완료 | 성공 121, 실패 0 ===
2026-05-22 08:34:02,834 [INFO] 카테고리별 저장 결과:
2026-05-22 08:34:02,834 [INFO]    accident                  | 신규     2행 | 누적     10행 | 16컬럼
2026-05-22 08:34:02,834 [INFO]    area_meta                 | 신규   121행 | 누적    968행 | 5컬럼
2026-05-22 08:34:02,834 [INFO]    bike                      | 신규    11행 | 누적     88행 | 12컬럼
2026-05-22 08:34:02,835 [INFO]    bike_sbike_stts           | 신규   555행 | 누적   4440행 | 12컬럼
2026-05-22 08:34:02,835 [INFO]    bus                       | 신규     3행 | 누적     24행 | 11컬럼
2026-05-22 08:34:02,835 [INFO]    bus_bus_stn_stts          | 신규  1745행 | 누적  13960행 | 11컬럼
2026-05-22 08:34:02,835 [INFO]    charger                   | 신규     4행 | 누적    112행 | 15컬럼
2026-05-22 08:34:02,835 [INFO]    charger_charger_stts      | 신규  1873행 | 누적   9162행 | 15컬럼
2026-05-22 08:34:02,835 [INFO]    cmrcl                     | 신규    82행 | 누적    656행 | 20컬럼
2026-05-22 08:34:02,835 [INFO]    events                    | 신규    13행 | 누적    104행 | 14컬럼
2026-05-22 08:34:02,835 [INFO]    events_event_stts         | 신규   180행 | 누적   1416행 | 14컬럼
2026-05-22 08:34:02,835 [INFO]    parking                   | 신규     6행 | 누적     48행 | 21컬럼
2026-05-22 08:34:02,835 [INFO]    parking_prk_stts          | 신규  1835행 | 누적  14680행 | 21컬럼
2026-05-22 08:34:02,835 [INFO]    ppltn                     | 신규   121행 | 누적    968행 | 26컬럼
2026-05-22 08:34:02,835 [INFO]    road                      | 신규   121행 | 누적    968행 | 21컬럼
2026-05-22 08:34:02,835 [INFO]    road_road_traffic_stts    | 신규  5246행 | 누적  41968행 | 17컬럼
2026-05-22 08:34:02,835 [INFO]    subway                    | 신규    38행 | 누적    304행 | 13컬럼
2026-05-22 08:34:02,835 [INFO]    subway_sub_stts           | 신규   183행 | 누적   1464행 | 13컬럼
2026-05-22 08:34:02,835 [INFO]    weather                   | 신규   119행 | 누적    952행 | 29컬럼
2026-05-22 08:34:02,835 [INFO] 키별 사용량:
2026-05-22 08:34:02,835 [INFO]    🟢 KEY_1 (31/1000) 
2026-05-22 08:34:02,835 [INFO]    🟢 KEY_2 (30/1000) 
2026-05-22 08:34:02,835 [INFO]    🟢 KEY_3 (30/1000) 
2026-05-22 08:34:02,835 [INFO]    🟢 KEY_4 (30/1000) 
2026-05-22 10:15:31,553 [INFO] 등록된 키: 4개, 합산 한도 4,000건/일
2026-05-22 10:15:31,554 [INFO] POI 로드: 매뉴얼 v8.5 기준 fallback 121개 (121개 전체)
2026-05-22 10:15:31,554 [INFO] === 수집 시작 2026-05-22T10:15:31.554232+09:00 ===
2026-05-22 10:15:31,554 [INFO] 대상 장소: 121개 | API: citydata (통합)
2026-05-22 10:15:31,554 [INFO] 키 풀: 4/4 활성 | 오늘 사용 0/4000건
2026-05-22 10:15:31,554 [INFO]   [KEY_1] 담당 31장소
2026-05-22 10:15:31,554 [INFO]   [KEY_2] 담당 30장소
2026-05-22 10:15:31,554 [INFO]   [KEY_3] 담당 30장소
2026-05-22 10:15:31,554 [INFO]   [KEY_4] 담당 30장소
2026-05-22 10:15:31,554 [INFO] [1/121] 경복궁 (primary=KEY_1)
2026-05-22 10:15:33,712 [INFO] [2/121] 광화문·덕수궁 (primary=KEY_2)
2026-05-22 10:15:36,077 [INFO] [3/121] 보신각 (primary=KEY_3)
2026-05-22 10:15:37,617 [INFO] [4/121] 서울 암사동 유적 (primary=KEY_4)
2026-05-22 10:15:39,459 [INFO] [5/121] 창덕궁·종묘 (primary=KEY_1)
2026-05-22 10:15:41,577 [INFO] [6/121] 강남 MICE 관광특구 (primary=KEY_2)
2026-05-22 10:15:42,935 [INFO] [7/121] 동대문 관광특구 (primary=KEY_3)
2026-05-22 10:15:45,261 [INFO] [8/121] 명동 관광특구 (primary=KEY_4)
2026-05-22 10:15:47,787 [INFO] [9/121] 이태원 관광특구 (primary=KEY_1)
2026-05-22 10:15:49,774 [INFO] [10/121] 잠실 관광특구 (primary=KEY_2)
2026-05-22 10:15:52,182 [INFO] [11/121] 종로·청계 관광특구 (primary=KEY_3)
2026-05-22 10:15:53,973 [INFO] [12/121] 홍대 관광특구 (primary=KEY_4)
2026-05-22 10:15:56,755 [INFO] [13/121] 강서한강공원 (primary=KEY_1)
2026-05-22 10:15:57,905 [INFO] [14/121] 고척돔 (primary=KEY_2)
2026-05-22 10:15:59,715 [INFO] [15/121] 광나루한강공원 (primary=KEY_3)
2026-05-22 10:16:01,046 [INFO] [16/121] 광화문광장 (primary=KEY_4)
2026-05-22 10:16:02,421 [INFO] [17/121] 국립중앙박물관·용산가족공원 (primary=KEY_1)
2026-05-22 10:16:04,378 [INFO] [18/121] 난지한강공원 (primary=KEY_2)
2026-05-22 10:16:05,719 [INFO] [19/121] 남산공원 (primary=KEY_3)
2026-05-22 10:16:07,959 [INFO] [20/121] 노들섬 (primary=KEY_4)
2026-05-22 10:16:09,110 [INFO] [21/121] 뚝섬한강공원 (primary=KEY_1)
2026-05-22 10:16:10,905 [INFO] [22/121] 망원한강공원 (primary=KEY_2)
2026-05-22 10:16:12,321 [INFO] [23/121] 반포한강공원 (primary=KEY_3)
2026-05-22 10:16:13,463 [INFO] [24/121] 보라매공원 (primary=KEY_4)
2026-05-22 10:16:15,255 [INFO] [25/121] 북서울꿈의숲 (primary=KEY_1)
2026-05-22 10:16:17,584 [INFO] [26/121] 서대문독립공원 (primary=KEY_2)
2026-05-22 10:16:19,351 [INFO] [27/121] 서리풀공원·몽마르뜨공원 (primary=KEY_3)
2026-05-22 10:16:21,713 [INFO] [28/121] 서울대공원 (primary=KEY_4)
2026-05-22 10:16:22,845 [INFO] [29/121] 서울숲공원 (primary=KEY_1)
2026-05-22 10:16:24,992 [INFO] [30/121] 송현녹지광장 (primary=KEY_2)
2026-05-22 10:16:26,347 [INFO] [31/121] 아차산 (primary=KEY_3)
2026-05-22 10:16:28,500 [INFO] [32/121] 안양천 (primary=KEY_4)
2026-05-22 10:16:29,645 [INFO] [33/121] 양화한강공원 (primary=KEY_1)
2026-05-22 10:16:30,826 [INFO] [34/121] 어린이대공원 (primary=KEY_2)
2026-05-22 10:16:32,791 [INFO] [35/121] 여의도한강공원 (primary=KEY_3)
2026-05-22 10:16:34,927 [INFO] [36/121] 여의서로 (primary=KEY_4)
2026-05-22 10:16:36,065 [INFO] [37/121] 올림픽공원 (primary=KEY_1)
2026-05-22 10:16:38,249 [INFO] [38/121] 월드컵공원 (primary=KEY_2)
2026-05-22 10:16:39,812 [INFO] [39/121] 응봉산 (primary=KEY_3)
2026-05-22 10:16:41,195 [INFO] [40/121] 이촌한강공원 (primary=KEY_4)
2026-05-22 10:16:42,342 [INFO] [41/121] 잠실종합운동장 (primary=KEY_1)
2026-05-22 10:16:44,292 [INFO] [42/121] 잠실한강공원 (primary=KEY_2)
2026-05-22 10:16:45,446 [INFO] [43/121] 잠원한강공원 (primary=KEY_3)
2026-05-22 10:16:46,587 [INFO] [44/121] 청계산 (primary=KEY_4)
2026-05-22 10:16:47,757 [INFO] [45/121] 홍제폭포 (primary=KEY_1)
2026-05-22 10:16:48,893 [INFO] [46/121] 가락시장 (primary=KEY_2)
2026-05-22 10:16:50,266 [INFO] [47/121] 가로수길 (primary=KEY_3)
2026-05-22 10:16:51,644 [INFO] [48/121] 광장(전통)시장 (primary=KEY_4)
2026-05-22 10:16:52,820 [INFO] [49/121] 김포공항 (primary=KEY_1)
2026-05-22 10:16:54,195 [INFO] [50/121] 남대문시장 (primary=KEY_2)
2026-05-22 10:16:55,548 [INFO] [51/121] 노량진 (primary=KEY_3)
2026-05-22 10:16:56,953 [INFO] [52/121] 덕수궁길·정동길 (primary=KEY_4)
2026-05-22 10:16:58,325 [INFO] [53/121] 북창동 먹자골목 (primary=KEY_1)
2026-05-22 10:16:59,485 [INFO] [54/121] 북촌한옥마을 (primary=KEY_2)
2026-05-22 10:17:00,846 [INFO] [55/121] 서촌 (primary=KEY_3)
2026-05-22 10:17:02,217 [INFO] [56/121] 성수카페거리 (primary=KEY_4)
2026-05-22 10:17:04,826 [INFO] [57/121] 송리단길·호수단길 (primary=KEY_1)
2026-05-22 10:17:06,206 [INFO] [58/121] 신촌 스타광장 (primary=KEY_2)
2026-05-22 10:17:07,366 [INFO] [59/121] 압구정로데오거리 (primary=KEY_3)
2026-05-22 10:17:08,738 [INFO] [60/121] 여의도 (primary=KEY_4)
2026-05-22 10:17:10,756 [INFO] [61/121] 연남동 (primary=KEY_1)
2026-05-22 10:17:12,141 [INFO] [62/121] 영등포 타임스퀘어 (primary=KEY_2)
2026-05-22 10:17:13,483 [INFO] [63/121] 용리단길 (primary=KEY_3)
2026-05-22 10:17:14,659 [INFO] [64/121] 이태원 앤틱가구거리 (primary=KEY_4)
2026-05-22 10:17:15,835 [INFO] [65/121] 익선동 (primary=KEY_1)
2026-05-22 10:17:17,288 [INFO] [66/121] 인사동 (primary=KEY_2)
2026-05-22 10:17:18,653 [INFO] [67/121] 잠실롯데타워·석촌호수 (primary=KEY_3)
2026-05-22 10:17:20,087 [INFO] [68/121] 창동 신경제 중심지 (primary=KEY_4)
2026-05-22 10:17:21,666 [INFO] [69/121] 청담동 명품거리 (primary=KEY_1)
2026-05-22 10:17:23,017 [INFO] [70/121] 청량리 제기동 일대 전통시장 (primary=KEY_2)
2026-05-22 10:17:24,503 [INFO] [71/121] 해방촌·경리단길 (primary=KEY_3)
2026-05-22 10:17:25,654 [INFO] [72/121] DDP(동대문디자인플라자) (primary=KEY_4)
2026-05-22 10:17:27,106 [INFO] [73/121] DMC(디지털미디어시티) (primary=KEY_1)
2026-05-22 10:17:28,689 [INFO] [74/121] 가산디지털단지역 (primary=KEY_2)
2026-05-22 10:17:30,235 [INFO] [75/121] 강남역 (primary=KEY_3)
2026-05-22 10:17:31,843 [INFO] [76/121] 건대입구역 (primary=KEY_4)
2026-05-22 10:17:33,209 [INFO] [77/121] 고덕역 (primary=KEY_1)
2026-05-22 10:17:34,607 [INFO] [78/121] 고속터미널역 (primary=KEY_2)
2026-05-22 10:17:35,794 [INFO] [79/121] 교대역 (primary=KEY_3)
2026-05-22 10:17:36,967 [INFO] [80/121] 구로디지털단지역 (primary=KEY_4)
2026-05-22 10:17:38,361 [INFO] [81/121] 구로역 (primary=KEY_1)
2026-05-22 10:17:39,527 [INFO] [82/121] 군자역 (primary=KEY_2)
2026-05-22 10:17:40,883 [INFO] [83/121] 대림역 (primary=KEY_3)
2026-05-22 10:17:42,294 [INFO] [84/121] 동대문역 (primary=KEY_4)
2026-05-22 10:17:43,665 [INFO] [85/121] 뚝섬역 (primary=KEY_1)
2026-05-22 10:17:45,029 [INFO] [86/121] 미아사거리역 (primary=KEY_2)
2026-05-22 10:17:47,183 [INFO] [87/121] 발산역 (primary=KEY_3)
2026-05-22 10:17:48,747 [INFO] [88/121] 사당역 (primary=KEY_4)
2026-05-22 10:17:50,178 [INFO] [89/121] 삼각지역 (primary=KEY_1)
2026-05-22 10:17:51,344 [INFO] [90/121] 서울대입구역 (primary=KEY_2)
2026-05-22 10:17:52,520 [INFO] [91/121] 서울식물원·마곡나루역 (primary=KEY_3)
2026-05-22 10:17:53,907 [INFO] [92/121] 서울역 (primary=KEY_4)
2026-05-22 10:17:55,321 [INFO] [93/121] 선릉역 (primary=KEY_1)
2026-05-22 10:17:56,918 [INFO] [94/121] 성신여대입구역 (primary=KEY_2)
2026-05-22 10:17:58,108 [INFO] [95/121] 수유역 (primary=KEY_3)
2026-05-22 10:17:59,461 [INFO] [96/121] 숭례문 (primary=KEY_4)
2026-05-22 10:18:00,833 [INFO] [97/121] 시의회 앞 (primary=KEY_1)
2026-05-22 10:18:02,276 [INFO] [98/121] 신논현역·논현역 (primary=KEY_2)
2026-05-22 10:18:03,655 [INFO] [99/121] 신도림역 (primary=KEY_3)
2026-05-22 10:18:04,820 [INFO] [100/121] 신림역 (primary=KEY_4)
2026-05-22 10:18:06,003 [INFO] [101/121] 신정네거리역 (primary=KEY_1)
2026-05-22 10:18:07,157 [INFO] [102/121] 신촌·이대역 (primary=KEY_2)
2026-05-22 10:18:08,550 [INFO] [103/121] 쌍문역 (primary=KEY_3)
2026-05-22 10:18:09,957 [INFO] [104/121] 양재역 (primary=KEY_4)
2026-05-22 10:18:11,449 [INFO] [105/121] 역삼역 (primary=KEY_1)
2026-05-22 10:18:12,823 [INFO] [106/121] 연신내역 (primary=KEY_2)
2026-05-22 10:18:14,025 [INFO] [107/121] 오목교역·목동운동장 (primary=KEY_3)
2026-05-22 10:18:15,784 [INFO] [108/121] 왕십리역 (primary=KEY_4)
2026-05-22 10:18:17,210 [INFO] [109/121] 용산역 (primary=KEY_1)
2026-05-22 10:18:18,571 [INFO] [110/121] 이태원역 (primary=KEY_2)
2026-05-22 10:18:19,755 [INFO] [111/121] 잠실새내역 (primary=KEY_3)
2026-05-22 10:18:21,122 [INFO] [112/121] 잠실역 (primary=KEY_4)
2026-05-22 10:18:22,490 [INFO] [113/121] 장지역 (primary=KEY_1)
2026-05-22 10:18:23,869 [INFO] [114/121] 장한평역 (primary=KEY_2)
2026-05-22 10:18:25,228 [INFO] [115/121] 천호역 (primary=KEY_3)
2026-05-22 10:18:26,607 [INFO] [116/121] 총신대입구(이수)역 (primary=KEY_4)
2026-05-22 10:18:28,017 [INFO] [117/121] 충정로역 (primary=KEY_1)
2026-05-22 10:18:29,383 [INFO] [118/121] 합정역 (primary=KEY_2)
2026-05-22 10:18:30,753 [INFO] [119/121] 혜화역 (primary=KEY_3)
2026-05-22 10:18:32,105 [INFO] [120/121] 홍대입구역(2호선) (primary=KEY_4)
2026-05-22 10:18:33,466 [INFO] [121/121] 회기역 (primary=KEY_1)
2026-05-22 10:18:36,461 [INFO] === 수집 완료 | 성공 121, 실패 0 ===
2026-05-22 10:18:36,461 [INFO] 카테고리별 저장 결과:
2026-05-22 10:18:36,461 [INFO]    accident                  | 신규     4행 | 누적     14행 | 16컬럼
2026-05-22 10:18:36,461 [INFO]    accident_acdnt_cntrl_stts | 신규     2행 | 누적      2행 | 16컬럼
2026-05-22 10:18:36,461 [INFO]    area_meta                 | 신규   121행 | 누적   1089행 | 5컬럼
2026-05-22 10:18:36,461 [INFO]    bike                      | 신규    11행 | 누적     99행 | 12컬럼
2026-05-22 10:18:36,461 [INFO]    bike_sbike_stts           | 신규   555행 | 누적   4995행 | 12컬럼
2026-05-22 10:18:36,461 [INFO]    bus                       | 신규     3행 | 누적     27행 | 11컬럼
2026-05-22 10:18:36,461 [INFO]    bus_bus_stn_stts          | 신규  1745행 | 누적  15705행 | 11컬럼
2026-05-22 10:18:36,461 [INFO]    charger                   | 신규    25행 | 누적    137행 | 15컬럼
2026-05-22 10:18:36,461 [INFO]    charger_charger_stts      | 신규   327행 | 누적   9487행 | 15컬럼
2026-05-22 10:18:36,462 [INFO]    cmrcl                     | 신규    82행 | 누적    738행 | 20컬럼
2026-05-22 10:18:36,462 [INFO]    events                    | 신규    13행 | 누적    117행 | 14컬럼
2026-05-22 10:18:36,462 [INFO]    events_event_stts         | 신규   180행 | 누적   1596행 | 14컬럼
2026-05-22 10:18:36,462 [INFO]    parking                   | 신규     6행 | 누적     54행 | 21컬럼
2026-05-22 10:18:36,462 [INFO]    parking_prk_stts          | 신규  1835행 | 누적  16515행 | 21컬럼
2026-05-22 10:18:36,462 [INFO]    ppltn                     | 신규   121행 | 누적   1089행 | 26컬럼
2026-05-22 10:18:36,462 [INFO]    road                      | 신규   121행 | 누적   1089행 | 21컬럼
2026-05-22 10:18:36,462 [INFO]    road_road_traffic_stts    | 신규  5246행 | 누적  47214행 | 17컬럼
2026-05-22 10:18:36,462 [INFO]    subway                    | 신규    38행 | 누적    342행 | 13컬럼
2026-05-22 10:18:36,462 [INFO]    subway_sub_stts           | 신규   183행 | 누적   1647행 | 13컬럼
2026-05-22 10:18:36,462 [INFO]    weather                   | 신규   119행 | 누적   1071행 | 29컬럼
2026-05-22 10:18:36,462 [INFO] 키별 사용량:
2026-05-22 10:18:36,462 [INFO]    🟢 KEY_1 (31/1000) 
2026-05-22 10:18:36,462 [INFO]    🟢 KEY_2 (30/1000) 
2026-05-22 10:18:36,462 [INFO]    🟢 KEY_3 (30/1000) 
2026-05-22 10:18:36,462 [INFO]    🟢 KEY_4 (30/1000) 
2026-05-22 12:22:24,906 [INFO] 등록된 키: 4개, 합산 한도 4,000건/일
2026-05-22 12:22:24,907 [INFO] POI 로드: 매뉴얼 v8.5 기준 fallback 121개 (121개 전체)
2026-05-22 12:22:24,907 [INFO] === 수집 시작 2026-05-22T12:22:24.907611+09:00 ===
2026-05-22 12:22:24,907 [INFO] 대상 장소: 121개 | API: citydata (통합)
2026-05-22 12:22:24,907 [INFO] 키 풀: 4/4 활성 | 오늘 사용 0/4000건
2026-05-22 12:22:24,907 [INFO]   [KEY_1] 담당 31장소
2026-05-22 12:22:24,907 [INFO]   [KEY_2] 담당 30장소
2026-05-22 12:22:24,908 [INFO]   [KEY_3] 담당 30장소
2026-05-22 12:22:24,908 [INFO]   [KEY_4] 담당 30장소
2026-05-22 12:22:24,908 [INFO] [1/121] 경복궁 (primary=KEY_1)
2026-05-22 12:22:26,648 [INFO] [2/121] 광화문·덕수궁 (primary=KEY_2)
2026-05-22 12:22:28,678 [INFO] [3/121] 보신각 (primary=KEY_3)
2026-05-22 12:22:30,391 [INFO] [4/121] 서울 암사동 유적 (primary=KEY_4)
2026-05-22 12:22:31,360 [INFO] [5/121] 창덕궁·종묘 (primary=KEY_1)
2026-05-22 12:22:33,029 [INFO] [6/121] 강남 MICE 관광특구 (primary=KEY_2)
2026-05-22 12:22:34,166 [INFO] [7/121] 동대문 관광특구 (primary=KEY_3)
2026-05-22 12:22:36,096 [INFO] [8/121] 명동 관광특구 (primary=KEY_4)
2026-05-22 12:22:38,139 [INFO] [9/121] 이태원 관광특구 (primary=KEY_1)
2026-05-22 12:22:39,843 [INFO] [10/121] 잠실 관광특구 (primary=KEY_2)
2026-05-22 12:22:41,366 [INFO] [11/121] 종로·청계 관광특구 (primary=KEY_3)
2026-05-22 12:22:43,312 [INFO] [12/121] 홍대 관광특구 (primary=KEY_4)
2026-05-22 12:22:44,653 [INFO] [13/121] 강서한강공원 (primary=KEY_1)
2026-05-22 12:22:46,205 [INFO] [14/121] 고척돔 (primary=KEY_2)
2026-05-22 12:22:47,198 [INFO] [15/121] 광나루한강공원 (primary=KEY_3)
2026-05-22 12:22:48,307 [INFO] [16/121] 광화문광장 (primary=KEY_4)
2026-05-22 12:22:49,477 [INFO] [17/121] 국립중앙박물관·용산가족공원 (primary=KEY_1)
2026-05-22 12:22:50,484 [INFO] [18/121] 난지한강공원 (primary=KEY_2)
2026-05-22 12:22:51,461 [INFO] [19/121] 남산공원 (primary=KEY_3)
2026-05-22 12:22:52,775 [INFO] [20/121] 노들섬 (primary=KEY_4)
2026-05-22 12:22:53,753 [INFO] [21/121] 뚝섬한강공원 (primary=KEY_1)
2026-05-22 12:22:54,761 [INFO] [22/121] 망원한강공원 (primary=KEY_2)
2026-05-22 12:22:55,921 [INFO] [23/121] 반포한강공원 (primary=KEY_3)
2026-05-22 12:22:56,939 [INFO] [24/121] 보라매공원 (primary=KEY_4)
2026-05-22 12:22:57,963 [INFO] [25/121] 북서울꿈의숲 (primary=KEY_1)
2026-05-22 12:22:59,075 [INFO] [26/121] 서대문독립공원 (primary=KEY_2)
2026-05-22 12:23:00,063 [INFO] [27/121] 서리풀공원·몽마르뜨공원 (primary=KEY_3)
2026-05-22 12:23:01,233 [INFO] [28/121] 서울대공원 (primary=KEY_4)
2026-05-22 12:23:02,201 [INFO] [29/121] 서울숲공원 (primary=KEY_1)
2026-05-22 12:23:03,490 [INFO] [30/121] 송현녹지광장 (primary=KEY_2)
2026-05-22 12:23:05,189 [INFO] [31/121] 아차산 (primary=KEY_3)
2026-05-22 12:23:06,764 [INFO] [32/121] 안양천 (primary=KEY_4)
2026-05-22 12:23:07,748 [INFO] [33/121] 양화한강공원 (primary=KEY_1)
2026-05-22 12:23:09,288 [INFO] [34/121] 어린이대공원 (primary=KEY_2)
2026-05-22 12:23:10,989 [INFO] [35/121] 여의도한강공원 (primary=KEY_3)
2026-05-22 12:23:12,668 [INFO] [36/121] 여의서로 (primary=KEY_4)
2026-05-22 12:23:13,779 [INFO] [37/121] 올림픽공원 (primary=KEY_1)
2026-05-22 12:23:15,089 [INFO] [38/121] 월드컵공원 (primary=KEY_2)
2026-05-22 12:23:16,956 [INFO] [39/121] 응봉산 (primary=KEY_3)
2026-05-22 12:23:18,636 [INFO] [40/121] 이촌한강공원 (primary=KEY_4)
2026-05-22 12:23:19,613 [INFO] [41/121] 잠실종합운동장 (primary=KEY_1)
2026-05-22 12:23:20,615 [INFO] [42/121] 잠실한강공원 (primary=KEY_2)
2026-05-22 12:23:21,619 [INFO] [43/121] 잠원한강공원 (primary=KEY_3)
2026-05-22 12:23:22,603 [INFO] [44/121] 청계산 (primary=KEY_4)
2026-05-22 12:23:24,150 [INFO] [45/121] 홍제폭포 (primary=KEY_1)
2026-05-22 12:23:25,124 [INFO] [46/121] 가락시장 (primary=KEY_2)
2026-05-22 12:23:26,280 [INFO] [47/121] 가로수길 (primary=KEY_3)
2026-05-22 12:23:27,440 [INFO] [48/121] 광장(전통)시장 (primary=KEY_4)
2026-05-22 12:23:28,460 [INFO] [49/121] 김포공항 (primary=KEY_1)
2026-05-22 12:23:30,326 [INFO] [50/121] 남대문시장 (primary=KEY_2)
2026-05-22 12:23:31,460 [INFO] [51/121] 노량진 (primary=KEY_3)
2026-05-22 12:23:32,610 [INFO] [52/121] 덕수궁길·정동길 (primary=KEY_4)
2026-05-22 12:23:34,346 [INFO] [53/121] 북창동 먹자골목 (primary=KEY_1)
2026-05-22 12:23:35,479 [INFO] [54/121] 북촌한옥마을 (primary=KEY_2)
2026-05-22 12:23:36,763 [INFO] [55/121] 서촌 (primary=KEY_3)
2026-05-22 12:23:37,878 [INFO] [56/121] 성수카페거리 (primary=KEY_4)
2026-05-22 12:23:39,168 [INFO] [57/121] 송리단길·호수단길 (primary=KEY_1)
2026-05-22 12:23:40,359 [INFO] [58/121] 신촌 스타광장 (primary=KEY_2)
2026-05-22 12:23:41,360 [INFO] [59/121] 압구정로데오거리 (primary=KEY_3)
2026-05-22 12:23:42,503 [INFO] [60/121] 여의도 (primary=KEY_4)
2026-05-22 12:23:44,305 [INFO] [61/121] 연남동 (primary=KEY_1)
2026-05-22 12:23:45,420 [INFO] [62/121] 영등포 타임스퀘어 (primary=KEY_2)
2026-05-22 12:23:46,543 [INFO] [63/121] 용리단길 (primary=KEY_3)
2026-05-22 12:23:47,563 [INFO] [64/121] 이태원 앤틱가구거리 (primary=KEY_4)
2026-05-22 12:23:48,698 [INFO] [65/121] 익선동 (primary=KEY_1)
2026-05-22 12:23:49,853 [INFO] [66/121] 인사동 (primary=KEY_2)
2026-05-22 12:23:51,137 [INFO] [67/121] 잠실롯데타워·석촌호수 (primary=KEY_3)
2026-05-22 12:23:52,578 [INFO] [68/121] 창동 신경제 중심지 (primary=KEY_4)
2026-05-22 12:23:54,040 [INFO] [69/121] 청담동 명품거리 (primary=KEY_1)
2026-05-22 12:23:55,187 [INFO] [70/121] 청량리 제기동 일대 전통시장 (primary=KEY_2)
2026-05-22 12:23:56,343 [INFO] [71/121] 해방촌·경리단길 (primary=KEY_3)
2026-05-22 12:23:57,355 [INFO] [72/121] DDP(동대문디자인플라자) (primary=KEY_4)
2026-05-22 12:23:58,526 [INFO] [73/121] DMC(디지털미디어시티) (primary=KEY_1)
2026-05-22 12:23:59,970 [INFO] [74/121] 가산디지털단지역 (primary=KEY_2)
2026-05-22 12:24:02,135 [INFO] [75/121] 강남역 (primary=KEY_3)
2026-05-22 12:24:03,573 [INFO] [76/121] 건대입구역 (primary=KEY_4)
2026-05-22 12:24:04,728 [INFO] [77/121] 고덕역 (primary=KEY_1)
2026-05-22 12:24:05,874 [INFO] [78/121] 고속터미널역 (primary=KEY_2)
2026-05-22 12:24:07,024 [INFO] [79/121] 교대역 (primary=KEY_3)
2026-05-22 12:24:08,175 [INFO] [80/121] 구로디지털단지역 (primary=KEY_4)
2026-05-22 12:24:09,592 [INFO] [81/121] 구로역 (primary=KEY_1)
2026-05-22 12:24:10,715 [INFO] [82/121] 군자역 (primary=KEY_2)
2026-05-22 12:24:11,861 [INFO] [83/121] 대림역 (primary=KEY_3)
2026-05-22 12:24:13,016 [INFO] [84/121] 동대문역 (primary=KEY_4)
2026-05-22 12:24:14,159 [INFO] [85/121] 뚝섬역 (primary=KEY_1)
2026-05-22 12:24:15,309 [INFO] [86/121] 미아사거리역 (primary=KEY_2)
2026-05-22 12:24:16,447 [INFO] [87/121] 발산역 (primary=KEY_3)
2026-05-22 12:24:17,861 [INFO] [88/121] 사당역 (primary=KEY_4)
2026-05-22 12:24:19,010 [INFO] [89/121] 삼각지역 (primary=KEY_1)
2026-05-22 12:24:20,026 [INFO] [90/121] 서울대입구역 (primary=KEY_2)
2026-05-22 12:24:21,180 [INFO] [91/121] 서울식물원·마곡나루역 (primary=KEY_3)
2026-05-22 12:24:22,489 [INFO] [92/121] 서울역 (primary=KEY_4)
2026-05-22 12:24:23,827 [INFO] [93/121] 선릉역 (primary=KEY_1)
2026-05-22 12:24:25,278 [INFO] [94/121] 성신여대입구역 (primary=KEY_2)
2026-05-22 12:24:26,420 [INFO] [95/121] 수유역 (primary=KEY_3)
2026-05-22 12:24:27,544 [INFO] [96/121] 숭례문 (primary=KEY_4)
2026-05-22 12:24:28,692 [INFO] [97/121] 시의회 앞 (primary=KEY_1)
2026-05-22 12:24:29,893 [INFO] [98/121] 신논현역·논현역 (primary=KEY_2)
2026-05-22 12:24:31,090 [INFO] [99/121] 신도림역 (primary=KEY_3)
2026-05-22 12:24:32,087 [INFO] [100/121] 신림역 (primary=KEY_4)
2026-05-22 12:24:33,225 [INFO] [101/121] 신정네거리역 (primary=KEY_1)
2026-05-22 12:24:34,357 [INFO] [102/121] 신촌·이대역 (primary=KEY_2)
2026-05-22 12:24:35,497 [INFO] [103/121] 쌍문역 (primary=KEY_3)
2026-05-22 12:24:36,647 [INFO] [104/121] 양재역 (primary=KEY_4)
2026-05-22 12:24:37,798 [INFO] [105/121] 역삼역 (primary=KEY_1)
2026-05-22 12:24:39,083 [INFO] [106/121] 연신내역 (primary=KEY_2)
2026-05-22 12:24:40,103 [INFO] [107/121] 오목교역·목동운동장 (primary=KEY_3)
2026-05-22 12:24:41,737 [INFO] [108/121] 왕십리역 (primary=KEY_4)
2026-05-22 12:24:43,037 [INFO] [109/121] 용산역 (primary=KEY_1)
2026-05-22 12:24:44,386 [INFO] [110/121] 이태원역 (primary=KEY_2)
2026-05-22 12:24:45,387 [INFO] [111/121] 잠실새내역 (primary=KEY_3)
2026-05-22 12:24:46,514 [INFO] [112/121] 잠실역 (primary=KEY_4)
2026-05-22 12:24:47,821 [INFO] [113/121] 장지역 (primary=KEY_1)
2026-05-22 12:24:49,113 [INFO] [114/121] 장한평역 (primary=KEY_2)
2026-05-22 12:24:50,258 [INFO] [115/121] 천호역 (primary=KEY_3)
2026-05-22 12:24:51,567 [INFO] [116/121] 총신대입구(이수)역 (primary=KEY_4)
2026-05-22 12:24:52,723 [INFO] [117/121] 충정로역 (primary=KEY_1)
2026-05-22 12:24:53,918 [INFO] [118/121] 합정역 (primary=KEY_2)
2026-05-22 12:24:55,200 [INFO] [119/121] 혜화역 (primary=KEY_3)
2026-05-22 12:24:56,336 [INFO] [120/121] 홍대입구역(2호선) (primary=KEY_4)
2026-05-22 12:24:57,516 [INFO] [121/121] 회기역 (primary=KEY_1)
2026-05-22 12:25:00,504 [INFO] === 수집 완료 | 성공 121, 실패 0 ===
2026-05-22 12:25:00,504 [INFO] 카테고리별 저장 결과:
2026-05-22 12:25:00,504 [INFO]    accident                  | 신규     5행 | 누적     19행 | 16컬럼
2026-05-22 12:25:00,505 [INFO]    accident_acdnt_cntrl_stts | 신규     3행 | 누적      5행 | 16컬럼
2026-05-22 12:25:00,505 [INFO]    area_meta                 | 신규   121행 | 누적   1210행 | 5컬럼
2026-05-22 12:25:00,505 [INFO]    bike                      | 신규    11행 | 누적    110행 | 12컬럼
2026-05-22 12:25:00,505 [INFO]    bike_sbike_stts           | 신규   555행 | 누적   5550행 | 12컬럼
2026-05-22 12:25:00,505 [INFO]    bus                       | 신규     3행 | 누적     30행 | 11컬럼
2026-05-22 12:25:00,505 [INFO]    bus_bus_stn_stts          | 신규  1745행 | 누적  17450행 | 11컬럼
2026-05-22 12:25:00,505 [INFO]    charger                   | 신규     4행 | 누적    141행 | 15컬럼
2026-05-22 12:25:00,505 [INFO]    charger_charger_stts      | 신규  1874행 | 누적  11346행 | 15컬럼
2026-05-22 12:25:00,505 [INFO]    cmrcl                     | 신규    82행 | 누적    820행 | 20컬럼
2026-05-22 12:25:00,505 [INFO]    events                    | 신규    13행 | 누적    130행 | 14컬럼
2026-05-22 12:25:00,505 [INFO]    events_event_stts         | 신규   180행 | 누적   1776행 | 14컬럼
2026-05-22 12:25:00,505 [INFO]    news                      | 신규    13행 | 누적     13행 | 10컬럼
2026-05-22 12:25:00,505 [INFO]    parking                   | 신규     6행 | 누적     60행 | 21컬럼
2026-05-22 12:25:00,505 [INFO]    parking_prk_stts          | 신규  1835행 | 누적  18350행 | 21컬럼
2026-05-22 12:25:00,505 [INFO]    ppltn                     | 신규   121행 | 누적   1210행 | 26컬럼
2026-05-22 12:25:00,505 [INFO]    road                      | 신규   121행 | 누적   1210행 | 21컬럼
2026-05-22 12:25:00,505 [INFO]    road_road_traffic_stts    | 신규  5246행 | 누적  52460행 | 17컬럼
2026-05-22 12:25:00,505 [INFO]    subway                    | 신규    38행 | 누적    380행 | 13컬럼
2026-05-22 12:25:00,506 [INFO]    subway_sub_stts           | 신규   183행 | 누적   1830행 | 13컬럼
2026-05-22 12:25:00,506 [INFO]    weather                   | 신규   119행 | 누적   1190행 | 29컬럼
2026-05-22 12:25:00,506 [INFO] 키별 사용량:
2026-05-22 12:25:00,506 [INFO]    🟢 KEY_1 (31/1000) 
2026-05-22 12:25:00,506 [INFO]    🟢 KEY_2 (30/1000) 
2026-05-22 12:25:00,506 [INFO]    🟢 KEY_3 (30/1000) 
2026-05-22 12:25:00,506 [INFO]    🟢 KEY_4 (30/1000) 
2026-05-22 14:33:06,460 [INFO] 등록된 키: 4개, 합산 한도 4,000건/일
2026-05-22 14:33:06,461 [INFO] POI 로드: 매뉴얼 v8.5 기준 fallback 121개 (121개 전체)
2026-05-22 14:33:06,461 [INFO] === 수집 시작 2026-05-22T14:33:06.461539+09:00 ===
2026-05-22 14:33:06,461 [INFO] 대상 장소: 121개 | API: citydata (통합)
2026-05-22 14:33:06,461 [INFO] 키 풀: 4/4 활성 | 오늘 사용 0/4000건
2026-05-22 14:33:06,461 [INFO]   [KEY_1] 담당 31장소
2026-05-22 14:33:06,461 [INFO]   [KEY_2] 담당 30장소
2026-05-22 14:33:06,461 [INFO]   [KEY_3] 담당 30장소
2026-05-22 14:33:06,461 [INFO]   [KEY_4] 담당 30장소
2026-05-22 14:33:06,462 [INFO] [1/121] 경복궁 (primary=KEY_1)
2026-05-22 14:33:08,476 [INFO] [2/121] 광화문·덕수궁 (primary=KEY_2)
2026-05-22 14:33:11,094 [INFO] [3/121] 보신각 (primary=KEY_3)
2026-05-22 14:33:13,162 [INFO] [4/121] 서울 암사동 유적 (primary=KEY_4)
2026-05-22 14:33:15,033 [INFO] [5/121] 창덕궁·종묘 (primary=KEY_1)
2026-05-22 14:33:16,413 [INFO] [6/121] 강남 MICE 관광특구 (primary=KEY_2)
2026-05-22 14:33:18,414 [INFO] [7/121] 동대문 관광특구 (primary=KEY_3)
2026-05-22 14:33:20,708 [INFO] [8/121] 명동 관광특구 (primary=KEY_4)
2026-05-22 14:33:22,615 [INFO] [9/121] 이태원 관광특구 (primary=KEY_1)
2026-05-22 14:33:24,863 [INFO] [10/121] 잠실 관광특구 (primary=KEY_2)
2026-05-22 14:33:26,953 [INFO] [11/121] 종로·청계 관광특구 (primary=KEY_3)
2026-05-22 14:33:28,617 [INFO] [12/121] 홍대 관광특구 (primary=KEY_4)
2026-05-22 14:33:30,432 [INFO] [13/121] 강서한강공원 (primary=KEY_1)
2026-05-22 14:33:31,596 [INFO] [14/121] 고척돔 (primary=KEY_2)
2026-05-22 14:33:33,902 [INFO] [15/121] 광나루한강공원 (primary=KEY_3)
2026-05-22 14:33:35,268 [INFO] [16/121] 광화문광장 (primary=KEY_4)
2026-05-22 14:33:36,695 [INFO] [17/121] 국립중앙박물관·용산가족공원 (primary=KEY_1)
2026-05-22 14:33:38,672 [INFO] [18/121] 난지한강공원 (primary=KEY_2)
2026-05-22 14:33:39,854 [INFO] [19/121] 남산공원 (primary=KEY_3)
2026-05-22 14:33:42,306 [INFO] [20/121] 노들섬 (primary=KEY_4)
2026-05-22 14:33:43,452 [INFO] [21/121] 뚝섬한강공원 (primary=KEY_1)
2026-05-22 14:33:45,866 [INFO] [22/121] 망원한강공원 (primary=KEY_2)
2026-05-22 14:33:48,040 [INFO] [23/121] 반포한강공원 (primary=KEY_3)
2026-05-22 14:33:49,219 [INFO] [24/121] 보라매공원 (primary=KEY_4)
2026-05-22 14:33:50,626 [INFO] [25/121] 북서울꿈의숲 (primary=KEY_1)
2026-05-22 14:33:51,970 [INFO] [26/121] 서대문독립공원 (primary=KEY_2)
2026-05-22 14:33:54,123 [INFO] [27/121] 서리풀공원·몽마르뜨공원 (primary=KEY_3)
2026-05-22 14:33:55,525 [INFO] [28/121] 서울대공원 (primary=KEY_4)
2026-05-22 14:33:57,459 [INFO] [29/121] 서울숲공원 (primary=KEY_1)
2026-05-22 14:33:59,018 [INFO] [30/121] 송현녹지광장 (primary=KEY_2)
2026-05-22 14:34:01,236 [INFO] [31/121] 아차산 (primary=KEY_3)
2026-05-22 14:34:03,103 [INFO] [32/121] 안양천 (primary=KEY_4)
2026-05-22 14:34:04,240 [INFO] [33/121] 양화한강공원 (primary=KEY_1)
2026-05-22 14:34:05,583 [INFO] [34/121] 어린이대공원 (primary=KEY_2)
2026-05-22 14:34:06,980 [INFO] [35/121] 여의도한강공원 (primary=KEY_3)
2026-05-22 14:34:08,561 [INFO] [36/121] 여의서로 (primary=KEY_4)
2026-05-22 14:34:10,728 [INFO] [37/121] 올림픽공원 (primary=KEY_1)
2026-05-22 14:34:12,313 [INFO] [38/121] 월드컵공원 (primary=KEY_2)
2026-05-22 14:34:13,892 [INFO] [39/121] 응봉산 (primary=KEY_3)
2026-05-22 14:34:15,231 [INFO] [40/121] 이촌한강공원 (primary=KEY_4)
2026-05-22 14:34:16,394 [INFO] [41/121] 잠실종합운동장 (primary=KEY_1)
2026-05-22 14:34:17,566 [INFO] [42/121] 잠실한강공원 (primary=KEY_2)
2026-05-22 14:34:18,753 [INFO] [43/121] 잠원한강공원 (primary=KEY_3)
2026-05-22 14:34:19,921 [INFO] [44/121] 청계산 (primary=KEY_4)
2026-05-22 14:34:21,064 [INFO] [45/121] 홍제폭포 (primary=KEY_1)
2026-05-22 14:34:23,022 [INFO] [46/121] 가락시장 (primary=KEY_2)
2026-05-22 14:34:24,393 [INFO] [47/121] 가로수길 (primary=KEY_3)
2026-05-22 14:34:25,791 [INFO] [48/121] 광장(전통)시장 (primary=KEY_4)
2026-05-22 14:34:26,956 [INFO] [49/121] 김포공항 (primary=KEY_1)
2026-05-22 14:34:28,518 [INFO] [50/121] 남대문시장 (primary=KEY_2)
2026-05-22 14:34:29,875 [INFO] [51/121] 노량진 (primary=KEY_3)
2026-05-22 14:34:32,060 [INFO] [52/121] 덕수궁길·정동길 (primary=KEY_4)
2026-05-22 14:34:33,482 [INFO] [53/121] 북창동 먹자골목 (primary=KEY_1)
2026-05-22 14:34:34,843 [INFO] [54/121] 북촌한옥마을 (primary=KEY_2)
2026-05-22 14:34:36,426 [INFO] [55/121] 서촌 (primary=KEY_3)
2026-05-22 14:34:37,808 [INFO] [56/121] 성수카페거리 (primary=KEY_4)
2026-05-22 14:34:39,454 [INFO] [57/121] 송리단길·호수단길 (primary=KEY_1)
2026-05-22 14:34:40,874 [INFO] [58/121] 신촌 스타광장 (primary=KEY_2)
2026-05-22 14:34:42,256 [INFO] [59/121] 압구정로데오거리 (primary=KEY_3)
2026-05-22 14:34:43,679 [INFO] [60/121] 여의도 (primary=KEY_4)
2026-05-22 14:34:46,177 [INFO] [61/121] 연남동 (primary=KEY_1)
2026-05-22 14:34:47,572 [INFO] [62/121] 영등포 타임스퀘어 (primary=KEY_2)
2026-05-22 14:34:48,957 [INFO] [63/121] 용리단길 (primary=KEY_3)
2026-05-22 14:34:50,169 [INFO] [64/121] 이태원 앤틱가구거리 (primary=KEY_4)
2026-05-22 14:34:51,524 [INFO] [65/121] 익선동 (primary=KEY_1)
2026-05-22 14:34:52,904 [INFO] [66/121] 인사동 (primary=KEY_2)
2026-05-22 14:34:54,523 [INFO] [67/121] 잠실롯데타워·석촌호수 (primary=KEY_3)
2026-05-22 14:34:56,553 [INFO] [68/121] 창동 신경제 중심지 (primary=KEY_4)
2026-05-22 14:34:58,394 [INFO] [69/121] 청담동 명품거리 (primary=KEY_1)
2026-05-22 14:34:59,804 [INFO] [70/121] 청량리 제기동 일대 전통시장 (primary=KEY_2)
2026-05-22 14:35:01,201 [INFO] [71/121] 해방촌·경리단길 (primary=KEY_3)
2026-05-22 14:35:02,351 [INFO] [72/121] DDP(동대문디자인플라자) (primary=KEY_4)
2026-05-22 14:35:03,741 [INFO] [73/121] DMC(디지털미디어시티) (primary=KEY_1)
2026-05-22 14:35:05,601 [INFO] [74/121] 가산디지털단지역 (primary=KEY_2)
2026-05-22 14:35:07,606 [INFO] [75/121] 강남역 (primary=KEY_3)
2026-05-22 14:35:09,210 [INFO] [76/121] 건대입구역 (primary=KEY_4)
2026-05-22 14:35:10,610 [INFO] [77/121] 고덕역 (primary=KEY_1)
2026-05-22 14:35:11,989 [INFO] [78/121] 고속터미널역 (primary=KEY_2)
2026-05-22 14:35:14,577 [INFO] [79/121] 교대역 (primary=KEY_3)
2026-05-22 14:35:15,977 [INFO] [80/121] 구로디지털단지역 (primary=KEY_4)
2026-05-22 14:35:17,774 [INFO] [81/121] 구로역 (primary=KEY_1)
2026-05-22 14:35:19,120 [INFO] [82/121] 군자역 (primary=KEY_2)
2026-05-22 14:35:20,526 [INFO] [83/121] 대림역 (primary=KEY_3)
2026-05-22 14:35:21,923 [INFO] [84/121] 동대문역 (primary=KEY_4)
2026-05-22 14:35:23,291 [INFO] [85/121] 뚝섬역 (primary=KEY_1)
2026-05-22 14:35:24,656 [INFO] [86/121] 미아사거리역 (primary=KEY_2)
2026-05-22 14:35:26,057 [INFO] [87/121] 발산역 (primary=KEY_3)
2026-05-22 14:35:27,637 [INFO] [88/121] 사당역 (primary=KEY_4)
2026-05-22 14:35:29,047 [INFO] [89/121] 삼각지역 (primary=KEY_1)
2026-05-22 14:35:30,234 [INFO] [90/121] 서울대입구역 (primary=KEY_2)
2026-05-22 14:35:32,427 [INFO] [91/121] 서울식물원·마곡나루역 (primary=KEY_3)
2026-05-22 14:35:35,058 [INFO] [92/121] 서울역 (primary=KEY_4)
2026-05-22 14:35:36,723 [INFO] [93/121] 선릉역 (primary=KEY_1)
2026-05-22 14:35:38,522 [INFO] [94/121] 성신여대입구역 (primary=KEY_2)
2026-05-22 14:35:39,923 [INFO] [95/121] 수유역 (primary=KEY_3)
2026-05-22 14:35:41,292 [INFO] [96/121] 숭례문 (primary=KEY_4)
2026-05-22 14:35:42,702 [INFO] [97/121] 시의회 앞 (primary=KEY_1)
2026-05-22 14:35:44,086 [INFO] [98/121] 신논현역·논현역 (primary=KEY_2)
2026-05-22 14:35:45,476 [INFO] [99/121] 신도림역 (primary=KEY_3)
2026-05-22 14:35:46,636 [INFO] [100/121] 신림역 (primary=KEY_4)
2026-05-22 14:35:48,028 [INFO] [101/121] 신정네거리역 (primary=KEY_1)
2026-05-22 14:35:49,403 [INFO] [102/121] 신촌·이대역 (primary=KEY_2)
2026-05-22 14:35:50,807 [INFO] [103/121] 쌍문역 (primary=KEY_3)
2026-05-22 14:35:52,163 [INFO] [104/121] 양재역 (primary=KEY_4)
2026-05-22 14:35:53,540 [INFO] [105/121] 역삼역 (primary=KEY_1)
2026-05-22 14:35:55,150 [INFO] [106/121] 연신내역 (primary=KEY_2)
2026-05-22 14:35:56,349 [INFO] [107/121] 오목교역·목동운동장 (primary=KEY_3)
2026-05-22 14:35:58,387 [INFO] [108/121] 왕십리역 (primary=KEY_4)
2026-05-22 14:35:59,962 [INFO] [109/121] 용산역 (primary=KEY_1)
2026-05-22 14:36:01,629 [INFO] [110/121] 이태원역 (primary=KEY_2)
2026-05-22 14:36:02,810 [INFO] [111/121] 잠실새내역 (primary=KEY_3)
2026-05-22 14:36:04,195 [INFO] [112/121] 잠실역 (primary=KEY_4)
2026-05-22 14:36:05,803 [INFO] [113/121] 장지역 (primary=KEY_1)
2026-05-22 14:36:07,405 [INFO] [114/121] 장한평역 (primary=KEY_2)
2026-05-22 14:36:08,763 [INFO] [115/121] 천호역 (primary=KEY_3)
2026-05-22 14:36:10,360 [INFO] [116/121] 총신대입구(이수)역 (primary=KEY_4)
2026-05-22 14:36:11,746 [INFO] [117/121] 충정로역 (primary=KEY_1)
2026-05-22 14:36:13,149 [INFO] [118/121] 합정역 (primary=KEY_2)
2026-05-22 14:36:14,552 [INFO] [119/121] 혜화역 (primary=KEY_3)
2026-05-22 14:36:15,906 [INFO] [120/121] 홍대입구역(2호선) (primary=KEY_4)
2026-05-22 14:36:17,308 [INFO] [121/121] 회기역 (primary=KEY_1)
2026-05-22 14:36:20,581 [INFO] === 수집 완료 | 성공 121, 실패 0 ===
2026-05-22 14:36:20,581 [INFO] 카테고리별 저장 결과:
2026-05-22 14:36:20,581 [INFO]    accident                  | 신규     1행 | 누적     20행 | 16컬럼
2026-05-22 14:36:20,581 [INFO]    accident_acdnt_cntrl_stts | 신규     2행 | 누적      7행 | 16컬럼
2026-05-22 14:36:20,581 [INFO]    area_meta                 | 신규   121행 | 누적   1331행 | 5컬럼
2026-05-22 14:36:20,581 [INFO]    bike                      | 신규    11행 | 누적    121행 | 12컬럼
2026-05-22 14:36:20,581 [INFO]    bike_sbike_stts           | 신규   556행 | 누적   6106행 | 12컬럼
2026-05-22 14:36:20,581 [INFO]    bus                       | 신규     3행 | 누적     33행 | 11컬럼
2026-05-22 14:36:20,581 [INFO]    bus_bus_stn_stts          | 신규  1745행 | 누적  19195행 | 11컬럼
2026-05-22 14:36:20,581 [INFO]    charger                   | 신규     4행 | 누적    145행 | 15컬럼
2026-05-22 14:36:20,582 [INFO]    charger_charger_stts      | 신규  1874행 | 누적  13205행 | 15컬럼
2026-05-22 14:36:20,582 [INFO]    cmrcl                     | 신규    82행 | 누적    902행 | 20컬럼
2026-05-22 14:36:20,582 [INFO]    events                    | 신규    13행 | 누적    143행 | 14컬럼
2026-05-22 14:36:20,582 [INFO]    events_event_stts         | 신규   180행 | 누적   1956행 | 14컬럼
2026-05-22 14:36:20,582 [INFO]    news                      | 신규    13행 | 누적     26행 | 10컬럼
2026-05-22 14:36:20,582 [INFO]    parking                   | 신규     6행 | 누적     66행 | 21컬럼
2026-05-22 14:36:20,582 [INFO]    parking_prk_stts          | 신규  1835행 | 누적  20185행 | 21컬럼
2026-05-22 14:36:20,582 [INFO]    ppltn                     | 신규   121행 | 누적   1331행 | 26컬럼
2026-05-22 14:36:20,582 [INFO]    road                      | 신규   121행 | 누적   1331행 | 21컬럼
2026-05-22 14:36:20,582 [INFO]    road_road_traffic_stts    | 신규  5246행 | 누적  57706행 | 17컬럼
2026-05-22 14:36:20,582 [INFO]    subway                    | 신규    38행 | 누적    418행 | 13컬럼
2026-05-22 14:36:20,582 [INFO]    subway_sub_stts           | 신규   183행 | 누적   2013행 | 13컬럼
2026-05-22 14:36:20,582 [INFO]    weather                   | 신규   119행 | 누적   1309행 | 29컬럼
2026-05-22 14:36:20,582 [INFO] 키별 사용량:
2026-05-22 14:36:20,582 [INFO]    🟢 KEY_1 (31/1000) 
2026-05-22 14:36:20,582 [INFO]    🟢 KEY_2 (30/1000) 
2026-05-22 14:36:20,582 [INFO]    🟢 KEY_3 (30/1000) 
2026-05-22 14:36:20,582 [INFO]    🟢 KEY_4 (30/1000) 
2026-05-22 16:31:31,286 [INFO] 등록된 키: 4개, 합산 한도 4,000건/일
2026-05-22 16:31:31,287 [INFO] POI 로드: 매뉴얼 v8.5 기준 fallback 121개 (121개 전체)
2026-05-22 16:31:31,287 [INFO] === 수집 시작 2026-05-22T16:31:31.287526+09:00 ===
2026-05-22 16:31:31,287 [INFO] 대상 장소: 121개 | API: citydata (통합)
2026-05-22 16:31:31,287 [INFO] 키 풀: 4/4 활성 | 오늘 사용 0/4000건
2026-05-22 16:31:31,287 [INFO]   [KEY_1] 담당 31장소
2026-05-22 16:31:31,287 [INFO]   [KEY_2] 담당 30장소
2026-05-22 16:31:31,288 [INFO]   [KEY_3] 담당 30장소
2026-05-22 16:31:31,288 [INFO]   [KEY_4] 담당 30장소
2026-05-22 16:31:31,288 [INFO] [1/121] 경복궁 (primary=KEY_1)
2026-05-22 16:31:33,484 [INFO] [2/121] 광화문·덕수궁 (primary=KEY_2)
2026-05-22 16:31:35,704 [INFO] [3/121] 보신각 (primary=KEY_3)
2026-05-22 16:31:37,725 [INFO] [4/121] 서울 암사동 유적 (primary=KEY_4)
2026-05-22 16:31:39,539 [INFO] [5/121] 창덕궁·종묘 (primary=KEY_1)
2026-05-22 16:31:41,706 [INFO] [6/121] 강남 MICE 관광특구 (primary=KEY_2)
2026-05-22 16:31:43,562 [INFO] [7/121] 동대문 관광특구 (primary=KEY_3)
2026-05-22 16:31:45,982 [INFO] [8/121] 명동 관광특구 (primary=KEY_4)
2026-05-22 16:31:47,734 [INFO] [9/121] 이태원 관광특구 (primary=KEY_1)
2026-05-22 16:31:49,930 [INFO] [10/121] 잠실 관광특구 (primary=KEY_2)
2026-05-22 16:31:52,341 [INFO] [11/121] 종로·청계 관광특구 (primary=KEY_3)
2026-05-22 16:31:54,773 [INFO] [12/121] 홍대 관광특구 (primary=KEY_4)
2026-05-22 16:31:56,344 [INFO] [13/121] 강서한강공원 (primary=KEY_1)
2026-05-22 16:31:57,430 [INFO] [14/121] 고척돔 (primary=KEY_2)
2026-05-22 16:31:58,673 [INFO] [15/121] 광나루한강공원 (primary=KEY_3)
2026-05-22 16:31:59,955 [INFO] [16/121] 광화문광장 (primary=KEY_4)
2026-05-22 16:32:02,337 [INFO] [17/121] 국립중앙박물관·용산가족공원 (primary=KEY_1)
2026-05-22 16:32:03,465 [INFO] [18/121] 난지한강공원 (primary=KEY_2)
2026-05-22 16:32:05,626 [INFO] [19/121] 남산공원 (primary=KEY_3)
2026-05-22 16:32:07,094 [INFO] [20/121] 노들섬 (primary=KEY_4)
2026-05-22 16:32:08,189 [INFO] [21/121] 뚝섬한강공원 (primary=KEY_1)
2026-05-22 16:32:09,294 [INFO] [22/121] 망원한강공원 (primary=KEY_2)
2026-05-22 16:32:10,604 [INFO] [23/121] 반포한강공원 (primary=KEY_3)
2026-05-22 16:32:11,691 [INFO] [24/121] 보라매공원 (primary=KEY_4)
2026-05-22 16:32:12,802 [INFO] [25/121] 북서울꿈의숲 (primary=KEY_1)
2026-05-22 16:32:14,045 [INFO] [26/121] 서대문독립공원 (primary=KEY_2)
2026-05-22 16:32:15,171 [INFO] [27/121] 서리풀공원·몽마르뜨공원 (primary=KEY_3)
2026-05-22 16:32:16,493 [INFO] [28/121] 서울대공원 (primary=KEY_4)
2026-05-22 16:32:17,578 [INFO] [29/121] 서울숲공원 (primary=KEY_1)
2026-05-22 16:32:18,856 [INFO] [30/121] 송현녹지광장 (primary=KEY_2)
2026-05-22 16:32:20,153 [INFO] [31/121] 아차산 (primary=KEY_3)
2026-05-22 16:32:21,224 [INFO] [32/121] 안양천 (primary=KEY_4)
2026-05-22 16:32:22,324 [INFO] [33/121] 양화한강공원 (primary=KEY_1)
2026-05-22 16:32:23,428 [INFO] [34/121] 어린이대공원 (primary=KEY_2)
2026-05-22 16:32:24,709 [INFO] [35/121] 여의도한강공원 (primary=KEY_3)
2026-05-22 16:32:25,980 [INFO] [36/121] 여의서로 (primary=KEY_4)
2026-05-22 16:32:27,251 [INFO] [37/121] 올림픽공원 (primary=KEY_1)
2026-05-22 16:32:29,431 [INFO] [38/121] 월드컵공원 (primary=KEY_2)
2026-05-22 16:32:31,657 [INFO] [39/121] 응봉산 (primary=KEY_3)
2026-05-22 16:32:33,650 [INFO] [40/121] 이촌한강공원 (primary=KEY_4)
2026-05-22 16:32:35,453 [INFO] [41/121] 잠실종합운동장 (primary=KEY_1)
2026-05-22 16:32:37,599 [INFO] [42/121] 잠실한강공원 (primary=KEY_2)
2026-05-22 16:32:39,417 [INFO] [43/121] 잠원한강공원 (primary=KEY_3)
2026-05-22 16:32:41,408 [INFO] [44/121] 청계산 (primary=KEY_4)
2026-05-22 16:32:43,080 [INFO] [45/121] 홍제폭포 (primary=KEY_1)
2026-05-22 16:32:44,719 [INFO] [46/121] 가락시장 (primary=KEY_2)
2026-05-22 16:32:46,760 [INFO] [47/121] 가로수길 (primary=KEY_3)
2026-05-22 16:32:48,099 [INFO] [48/121] 광장(전통)시장 (primary=KEY_4)
2026-05-22 16:32:49,215 [INFO] [49/121] 김포공항 (primary=KEY_1)
2026-05-22 16:32:50,697 [INFO] [50/121] 남대문시장 (primary=KEY_2)
2026-05-22 16:32:51,974 [INFO] [51/121] 노량진 (primary=KEY_3)
2026-05-22 16:32:53,303 [INFO] [52/121] 덕수궁길·정동길 (primary=KEY_4)
2026-05-22 16:32:54,617 [INFO] [53/121] 북창동 먹자골목 (primary=KEY_1)
2026-05-22 16:32:55,916 [INFO] [54/121] 북촌한옥마을 (primary=KEY_2)
2026-05-22 16:32:57,374 [INFO] [55/121] 서촌 (primary=KEY_3)
2026-05-22 16:32:59,536 [INFO] [56/121] 성수카페거리 (primary=KEY_4)
2026-05-22 16:33:00,980 [INFO] [57/121] 송리단길·호수단길 (primary=KEY_1)
2026-05-22 16:33:02,296 [INFO] [58/121] 신촌 스타광장 (primary=KEY_2)
2026-05-22 16:33:03,420 [INFO] [59/121] 압구정로데오거리 (primary=KEY_3)
2026-05-22 16:33:04,702 [INFO] [60/121] 여의도 (primary=KEY_4)
2026-05-22 16:33:06,858 [INFO] [61/121] 연남동 (primary=KEY_1)
2026-05-22 16:33:08,139 [INFO] [62/121] 영등포 타임스퀘어 (primary=KEY_2)
2026-05-22 16:33:09,381 [INFO] [63/121] 용리단길 (primary=KEY_3)
2026-05-22 16:33:10,516 [INFO] [64/121] 이태원 앤틱가구거리 (primary=KEY_4)
2026-05-22 16:33:11,820 [INFO] [65/121] 익선동 (primary=KEY_1)
2026-05-22 16:33:13,127 [INFO] [66/121] 인사동 (primary=KEY_2)
2026-05-22 16:33:14,624 [INFO] [67/121] 잠실롯데타워·석촌호수 (primary=KEY_3)
2026-05-22 16:33:16,313 [INFO] [68/121] 창동 신경제 중심지 (primary=KEY_4)
2026-05-22 16:33:17,972 [INFO] [69/121] 청담동 명품거리 (primary=KEY_1)
2026-05-22 16:33:19,263 [INFO] [70/121] 청량리 제기동 일대 전통시장 (primary=KEY_2)
2026-05-22 16:33:20,750 [INFO] [71/121] 해방촌·경리단길 (primary=KEY_3)
2026-05-22 16:33:21,854 [INFO] [72/121] DDP(동대문디자인플라자) (primary=KEY_4)
2026-05-22 16:33:23,169 [INFO] [73/121] DMC(디지털미디어시티) (primary=KEY_1)
2026-05-22 16:33:24,823 [INFO] [74/121] 가산디지털단지역 (primary=KEY_2)
2026-05-22 16:33:26,680 [INFO] [75/121] 강남역 (primary=KEY_3)
2026-05-22 16:33:28,206 [INFO] [76/121] 건대입구역 (primary=KEY_4)
2026-05-22 16:33:29,504 [INFO] [77/121] 고덕역 (primary=KEY_1)
2026-05-22 16:33:30,791 [INFO] [78/121] 고속터미널역 (primary=KEY_2)
2026-05-22 16:33:32,094 [INFO] [79/121] 교대역 (primary=KEY_3)
2026-05-22 16:33:33,400 [INFO] [80/121] 구로디지털단지역 (primary=KEY_4)
2026-05-22 16:33:35,089 [INFO] [81/121] 구로역 (primary=KEY_1)
2026-05-22 16:33:36,349 [INFO] [82/121] 군자역 (primary=KEY_2)
2026-05-22 16:33:37,653 [INFO] [83/121] 대림역 (primary=KEY_3)
2026-05-22 16:33:38,942 [INFO] [84/121] 동대문역 (primary=KEY_4)
2026-05-22 16:33:40,268 [INFO] [85/121] 뚝섬역 (primary=KEY_1)
2026-05-22 16:33:41,582 [INFO] [86/121] 미아사거리역 (primary=KEY_2)
2026-05-22 16:33:42,891 [INFO] [87/121] 발산역 (primary=KEY_3)
2026-05-22 16:33:44,537 [INFO] [88/121] 사당역 (primary=KEY_4)
2026-05-22 16:33:46,010 [INFO] [89/121] 삼각지역 (primary=KEY_1)
2026-05-22 16:33:47,109 [INFO] [90/121] 서울대입구역 (primary=KEY_2)
2026-05-22 16:33:48,394 [INFO] [91/121] 서울식물원·마곡나루역 (primary=KEY_3)
2026-05-22 16:33:49,908 [INFO] [92/121] 서울역 (primary=KEY_4)
2026-05-22 16:33:51,481 [INFO] [93/121] 선릉역 (primary=KEY_1)
2026-05-22 16:33:53,200 [INFO] [94/121] 성신여대입구역 (primary=KEY_2)
2026-05-22 16:33:54,301 [INFO] [95/121] 수유역 (primary=KEY_3)
2026-05-22 16:33:55,603 [INFO] [96/121] 숭례문 (primary=KEY_4)
2026-05-22 16:33:56,926 [INFO] [97/121] 시의회 앞 (primary=KEY_1)
2026-05-22 16:33:58,248 [INFO] [98/121] 신논현역·논현역 (primary=KEY_2)
2026-05-22 16:33:59,575 [INFO] [99/121] 신도림역 (primary=KEY_3)
2026-05-22 16:34:00,656 [INFO] [100/121] 신림역 (primary=KEY_4)
2026-05-22 16:34:01,967 [INFO] [101/121] 신정네거리역 (primary=KEY_1)
2026-05-22 16:34:03,260 [INFO] [102/121] 신촌·이대역 (primary=KEY_2)
2026-05-22 16:34:04,569 [INFO] [103/121] 쌍문역 (primary=KEY_3)
2026-05-22 16:34:05,864 [INFO] [104/121] 양재역 (primary=KEY_4)
2026-05-22 16:34:07,164 [INFO] [105/121] 역삼역 (primary=KEY_1)
2026-05-22 16:34:08,605 [INFO] [106/121] 연신내역 (primary=KEY_2)
2026-05-22 16:34:09,793 [INFO] [107/121] 오목교역·목동운동장 (primary=KEY_3)
2026-05-22 16:34:11,686 [INFO] [108/121] 왕십리역 (primary=KEY_4)
2026-05-22 16:34:13,257 [INFO] [109/121] 용산역 (primary=KEY_1)
2026-05-22 16:34:14,765 [INFO] [110/121] 이태원역 (primary=KEY_2)
2026-05-22 16:34:15,842 [INFO] [111/121] 잠실새내역 (primary=KEY_3)
2026-05-22 16:34:17,140 [INFO] [112/121] 잠실역 (primary=KEY_4)
2026-05-22 16:34:18,613 [INFO] [113/121] 장지역 (primary=KEY_1)
2026-05-22 16:34:20,085 [INFO] [114/121] 장한평역 (primary=KEY_2)
2026-05-22 16:34:21,403 [INFO] [115/121] 천호역 (primary=KEY_3)
2026-05-22 16:34:22,691 [INFO] [116/121] 총신대입구(이수)역 (primary=KEY_4)
2026-05-22 16:34:24,000 [INFO] [117/121] 충정로역 (primary=KEY_1)
2026-05-22 16:34:25,371 [INFO] [118/121] 합정역 (primary=KEY_2)
2026-05-22 16:34:26,679 [INFO] [119/121] 혜화역 (primary=KEY_3)
2026-05-22 16:34:27,985 [INFO] [120/121] 홍대입구역(2호선) (primary=KEY_4)
2026-05-22 16:34:29,260 [INFO] [121/121] 회기역 (primary=KEY_1)
2026-05-22 16:34:32,812 [INFO] === 수집 완료 | 성공 121, 실패 0 ===
2026-05-22 16:34:32,812 [INFO] 카테고리별 저장 결과:
2026-05-22 16:34:32,812 [INFO]    accident                  | 신규    12행 | 누적     32행 | 16컬럼
2026-05-22 16:34:32,812 [INFO]    area_meta                 | 신규   121행 | 누적   1452행 | 5컬럼
2026-05-22 16:34:32,812 [INFO]    bike                      | 신규    11행 | 누적    132행 | 12컬럼
2026-05-22 16:34:32,812 [INFO]    bike_sbike_stts           | 신규   556행 | 누적   6662행 | 12컬럼
2026-05-22 16:34:32,812 [INFO]    bus                       | 신규     3행 | 누적     36행 | 11컬럼
2026-05-22 16:34:32,812 [INFO]    bus_bus_stn_stts          | 신규  1745행 | 누적  20940행 | 11컬럼
2026-05-22 16:34:32,813 [INFO]    charger                   | 신규     4행 | 누적    149행 | 15컬럼
2026-05-22 16:34:32,813 [INFO]    charger_charger_stts      | 신규  1867행 | 누적  15057행 | 15컬럼
2026-05-22 16:34:32,813 [INFO]    cmrcl                     | 신규    82행 | 누적    984행 | 20컬럼
2026-05-22 16:34:32,813 [INFO]    events                    | 신규    13행 | 누적    156행 | 14컬럼
2026-05-22 16:34:32,813 [INFO]    events_event_stts         | 신규   180행 | 누적   2136행 | 14컬럼
2026-05-22 16:34:32,813 [INFO]    news                      | 신규    13행 | 누적     39행 | 10컬럼
2026-05-22 16:34:32,813 [INFO]    parking                   | 신규     6행 | 누적     72행 | 21컬럼
2026-05-22 16:34:32,813 [INFO]    parking_prk_stts          | 신규  1835행 | 누적  22020행 | 21컬럼
2026-05-22 16:34:32,813 [INFO]    ppltn                     | 신규   121행 | 누적   1452행 | 26컬럼
2026-05-22 16:34:32,813 [INFO]    road                      | 신규   121행 | 누적   1452행 | 21컬럼
2026-05-22 16:34:32,813 [INFO]    road_road_traffic_stts    | 신규  5247행 | 누적  62953행 | 17컬럼
2026-05-22 16:34:32,813 [INFO]    subway                    | 신규    38행 | 누적    456행 | 13컬럼
2026-05-22 16:34:32,813 [INFO]    subway_sub_stts           | 신규   183행 | 누적   2196행 | 13컬럼
2026-05-22 16:34:32,813 [INFO]    weather                   | 신규   119행 | 누적   1428행 | 29컬럼
2026-05-22 16:34:32,813 [INFO] 키별 사용량:
2026-05-22 16:34:32,813 [INFO]    🟢 KEY_1 (31/1000) 
2026-05-22 16:34:32,813 [INFO]    🟢 KEY_2 (30/1000) 
2026-05-22 16:34:32,814 [INFO]    🟢 KEY_3 (30/1000) 
2026-05-22 16:34:32,814 [INFO]    🟢 KEY_4 (30/1000) 
2026-05-22 18:23:00,133 [INFO] 등록된 키: 4개, 합산 한도 4,000건/일
2026-05-22 18:23:00,134 [INFO] POI 로드: 매뉴얼 v8.5 기준 fallback 121개 (121개 전체)
2026-05-22 18:23:00,134 [INFO] === 수집 시작 2026-05-22T18:23:00.134412+09:00 ===
2026-05-22 18:23:00,134 [INFO] 대상 장소: 121개 | API: citydata (통합)
2026-05-22 18:23:00,134 [INFO] 키 풀: 4/4 활성 | 오늘 사용 0/4000건
2026-05-22 18:23:00,134 [INFO]   [KEY_1] 담당 31장소
2026-05-22 18:23:00,134 [INFO]   [KEY_2] 담당 30장소
2026-05-22 18:23:00,134 [INFO]   [KEY_3] 담당 30장소
2026-05-22 18:23:00,134 [INFO]   [KEY_4] 담당 30장소
2026-05-22 18:23:00,134 [INFO] [1/121] 경복궁 (primary=KEY_1)
2026-05-22 18:23:02,315 [INFO] [2/121] 광화문·덕수궁 (primary=KEY_2)
2026-05-22 18:23:04,861 [INFO] [3/121] 보신각 (primary=KEY_3)
2026-05-22 18:23:06,416 [INFO] [4/121] 서울 암사동 유적 (primary=KEY_4)
2026-05-22 18:23:07,753 [INFO] [5/121] 창덕궁·종묘 (primary=KEY_1)
2026-05-22 18:23:09,865 [INFO] [6/121] 강남 MICE 관광특구 (primary=KEY_2)
2026-05-22 18:23:11,274 [INFO] [7/121] 동대문 관광특구 (primary=KEY_3)
2026-05-22 18:23:13,105 [INFO] [8/121] 명동 관광특구 (primary=KEY_4)
2026-05-22 18:23:15,648 [INFO] [9/121] 이태원 관광특구 (primary=KEY_1)
2026-05-22 18:23:17,607 [INFO] [10/121] 잠실 관광특구 (primary=KEY_2)
2026-05-22 18:23:20,398 [INFO] [11/121] 종로·청계 관광특구 (primary=KEY_3)
2026-05-22 18:23:22,014 [INFO] [12/121] 홍대 관광특구 (primary=KEY_4)
2026-05-22 18:23:23,704 [INFO] [13/121] 강서한강공원 (primary=KEY_1)
2026-05-22 18:23:25,626 [INFO] [14/121] 고척돔 (primary=KEY_2)
2026-05-22 18:23:26,773 [INFO] [15/121] 광나루한강공원 (primary=KEY_3)
2026-05-22 18:23:28,908 [INFO] [16/121] 광화문광장 (primary=KEY_4)
2026-05-22 18:23:31,319 [INFO] [17/121] 국립중앙박물관·용산가족공원 (primary=KEY_1)
2026-05-22 18:23:32,487 [INFO] [18/121] 난지한강공원 (primary=KEY_2)
2026-05-22 18:23:34,402 [INFO] [19/121] 남산공원 (primary=KEY_3)
2026-05-22 18:23:36,053 [INFO] [20/121] 노들섬 (primary=KEY_4)
2026-05-22 18:23:37,207 [INFO] [21/121] 뚝섬한강공원 (primary=KEY_1)
2026-05-22 18:23:38,554 [INFO] [22/121] 망원한강공원 (primary=KEY_2)
2026-05-22 18:23:39,927 [INFO] [23/121] 반포한강공원 (primary=KEY_3)
2026-05-22 18:23:41,859 [INFO] [24/121] 보라매공원 (primary=KEY_4)
2026-05-22 18:23:44,080 [INFO] [25/121] 북서울꿈의숲 (primary=KEY_1)
2026-05-22 18:23:46,109 [INFO] [26/121] 서대문독립공원 (primary=KEY_2)
2026-05-22 18:23:47,468 [INFO] [27/121] 서리풀공원·몽마르뜨공원 (primary=KEY_3)
2026-05-22 18:23:48,853 [INFO] [28/121] 서울대공원 (primary=KEY_4)
2026-05-22 18:23:49,989 [INFO] [29/121] 서울숲공원 (primary=KEY_1)
2026-05-22 18:23:51,360 [INFO] [30/121] 송현녹지광장 (primary=KEY_2)
2026-05-22 18:23:53,517 [INFO] [31/121] 아차산 (primary=KEY_3)
2026-05-22 18:23:54,665 [INFO] [32/121] 안양천 (primary=KEY_4)
2026-05-22 18:23:55,811 [INFO] [33/121] 양화한강공원 (primary=KEY_1)
2026-05-22 18:23:56,987 [INFO] [34/121] 어린이대공원 (primary=KEY_2)
2026-05-22 18:23:58,364 [INFO] [35/121] 여의도한강공원 (primary=KEY_3)
2026-05-22 18:23:59,715 [INFO] [36/121] 여의서로 (primary=KEY_4)
2026-05-22 18:24:01,060 [INFO] [37/121] 올림픽공원 (primary=KEY_1)
2026-05-22 18:24:02,646 [INFO] [38/121] 월드컵공원 (primary=KEY_2)
2026-05-22 18:24:05,008 [INFO] [39/121] 응봉산 (primary=KEY_3)
2026-05-22 18:24:06,351 [INFO] [40/121] 이촌한강공원 (primary=KEY_4)
2026-05-22 18:24:07,491 [INFO] [41/121] 잠실종합운동장 (primary=KEY_1)
2026-05-22 18:24:08,642 [INFO] [42/121] 잠실한강공원 (primary=KEY_2)
2026-05-22 18:24:09,789 [INFO] [43/121] 잠원한강공원 (primary=KEY_3)
2026-05-22 18:24:10,933 [INFO] [44/121] 청계산 (primary=KEY_4)
2026-05-22 18:24:12,077 [INFO] [45/121] 홍제폭포 (primary=KEY_1)
2026-05-22 18:24:13,909 [INFO] [46/121] 가락시장 (primary=KEY_2)
2026-05-22 18:24:15,286 [INFO] [47/121] 가로수길 (primary=KEY_3)
2026-05-22 18:24:16,683 [INFO] [48/121] 광장(전통)시장 (primary=KEY_4)
2026-05-22 18:24:17,835 [INFO] [49/121] 김포공항 (primary=KEY_1)
2026-05-22 18:24:19,416 [INFO] [50/121] 남대문시장 (primary=KEY_2)
2026-05-22 18:24:21,462 [INFO] [51/121] 노량진 (primary=KEY_3)
2026-05-22 18:24:22,845 [INFO] [52/121] 덕수궁길·정동길 (primary=KEY_4)
2026-05-22 18:24:24,298 [INFO] [53/121] 북창동 먹자골목 (primary=KEY_1)
2026-05-22 18:24:26,239 [INFO] [54/121] 북촌한옥마을 (primary=KEY_2)
2026-05-22 18:24:27,791 [INFO] [55/121] 서촌 (primary=KEY_3)
2026-05-22 18:24:29,154 [INFO] [56/121] 성수카페거리 (primary=KEY_4)
2026-05-22 18:24:30,719 [INFO] [57/121] 송리단길·호수단길 (primary=KEY_1)
2026-05-22 18:24:32,689 [INFO] [58/121] 신촌 스타광장 (primary=KEY_2)
2026-05-22 18:24:33,853 [INFO] [59/121] 압구정로데오거리 (primary=KEY_3)
2026-05-22 18:24:35,225 [INFO] [60/121] 여의도 (primary=KEY_4)
2026-05-22 18:24:37,493 [INFO] [61/121] 연남동 (primary=KEY_1)
2026-05-22 18:24:39,041 [INFO] [62/121] 영등포 타임스퀘어 (primary=KEY_2)
2026-05-22 18:24:40,610 [INFO] [63/121] 용리단길 (primary=KEY_3)
2026-05-22 18:24:41,799 [INFO] [64/121] 이태원 앤틱가구거리 (primary=KEY_4)
2026-05-22 18:24:43,164 [INFO] [65/121] 익선동 (primary=KEY_1)
2026-05-22 18:24:44,565 [INFO] [66/121] 인사동 (primary=KEY_2)
2026-05-22 18:24:46,140 [INFO] [67/121] 잠실롯데타워·석촌호수 (primary=KEY_3)
2026-05-22 18:24:47,906 [INFO] [68/121] 창동 신경제 중심지 (primary=KEY_4)
2026-05-22 18:24:49,700 [INFO] [69/121] 청담동 명품거리 (primary=KEY_1)
2026-05-22 18:24:51,108 [INFO] [70/121] 청량리 제기동 일대 전통시장 (primary=KEY_2)
2026-05-22 18:24:52,476 [INFO] [71/121] 해방촌·경리단길 (primary=KEY_3)
2026-05-22 18:24:54,242 [INFO] [72/121] DDP(동대문디자인플라자) (primary=KEY_4)
2026-05-22 18:24:56,608 [INFO] [73/121] DMC(디지털미디어시티) (primary=KEY_1)
2026-05-22 18:24:58,424 [INFO] [74/121] 가산디지털단지역 (primary=KEY_2)
2026-05-22 18:25:00,392 [INFO] [75/121] 강남역 (primary=KEY_3)
2026-05-22 18:25:02,026 [INFO] [76/121] 건대입구역 (primary=KEY_4)
2026-05-22 18:25:03,404 [INFO] [77/121] 고덕역 (primary=KEY_1)
2026-05-22 18:25:04,758 [INFO] [78/121] 고속터미널역 (primary=KEY_2)
2026-05-22 18:25:06,139 [INFO] [79/121] 교대역 (primary=KEY_3)
2026-05-22 18:25:07,495 [INFO] [80/121] 구로디지털단지역 (primary=KEY_4)
2026-05-22 18:25:09,238 [INFO] [81/121] 구로역 (primary=KEY_1)
2026-05-22 18:25:10,580 [INFO] [82/121] 군자역 (primary=KEY_2)
2026-05-22 18:25:11,928 [INFO] [83/121] 대림역 (primary=KEY_3)
2026-05-22 18:25:13,280 [INFO] [84/121] 동대문역 (primary=KEY_4)
2026-05-22 18:25:14,627 [INFO] [85/121] 뚝섬역 (primary=KEY_1)
2026-05-22 18:25:15,978 [INFO] [86/121] 미아사거리역 (primary=KEY_2)
2026-05-22 18:25:17,347 [INFO] [87/121] 발산역 (primary=KEY_3)
2026-05-22 18:25:18,916 [INFO] [88/121] 사당역 (primary=KEY_4)
2026-05-22 18:25:20,264 [INFO] [89/121] 삼각지역 (primary=KEY_1)
2026-05-22 18:25:21,421 [INFO] [90/121] 서울대입구역 (primary=KEY_2)
2026-05-22 18:25:22,768 [INFO] [91/121] 서울식물원·마곡나루역 (primary=KEY_3)
2026-05-22 18:25:24,348 [INFO] [92/121] 서울역 (primary=KEY_4)
2026-05-22 18:25:25,958 [INFO] [93/121] 선릉역 (primary=KEY_1)
2026-05-22 18:25:27,548 [INFO] [94/121] 성신여대입구역 (primary=KEY_2)
2026-05-22 18:25:28,929 [INFO] [95/121] 수유역 (primary=KEY_3)
2026-05-22 18:25:30,293 [INFO] [96/121] 숭례문 (primary=KEY_4)
2026-05-22 18:25:31,667 [INFO] [97/121] 시의회 앞 (primary=KEY_1)
2026-05-22 18:25:33,047 [INFO] [98/121] 신논현역·논현역 (primary=KEY_2)
2026-05-22 18:25:34,428 [INFO] [99/121] 신도림역 (primary=KEY_3)
2026-05-22 18:25:35,610 [INFO] [100/121] 신림역 (primary=KEY_4)
2026-05-22 18:25:36,976 [INFO] [101/121] 신정네거리역 (primary=KEY_1)
2026-05-22 18:25:38,331 [INFO] [102/121] 신촌·이대역 (primary=KEY_2)
2026-05-22 18:25:39,718 [INFO] [103/121] 쌍문역 (primary=KEY_3)
2026-05-22 18:25:41,082 [INFO] [104/121] 양재역 (primary=KEY_4)
2026-05-22 18:25:42,447 [INFO] [105/121] 역삼역 (primary=KEY_1)
2026-05-22 18:25:44,061 [INFO] [106/121] 연신내역 (primary=KEY_2)
2026-05-22 18:25:45,253 [INFO] [107/121] 오목교역·목동운동장 (primary=KEY_3)
2026-05-22 18:25:47,213 [INFO] [108/121] 왕십리역 (primary=KEY_4)
2026-05-22 18:25:48,802 [INFO] [109/121] 용산역 (primary=KEY_1)
2026-05-22 18:25:50,411 [INFO] [110/121] 이태원역 (primary=KEY_2)
2026-05-22 18:25:52,175 [INFO] [111/121] 잠실새내역 (primary=KEY_3)
2026-05-22 18:25:53,562 [INFO] [112/121] 잠실역 (primary=KEY_4)
2026-05-22 18:25:55,181 [INFO] [113/121] 장지역 (primary=KEY_1)
2026-05-22 18:25:56,749 [INFO] [114/121] 장한평역 (primary=KEY_2)
2026-05-22 18:25:58,113 [INFO] [115/121] 천호역 (primary=KEY_3)
2026-05-22 18:25:59,676 [INFO] [116/121] 총신대입구(이수)역 (primary=KEY_4)
2026-05-22 18:26:01,051 [INFO] [117/121] 충정로역 (primary=KEY_1)
2026-05-22 18:26:02,453 [INFO] [118/121] 합정역 (primary=KEY_2)
2026-05-22 18:26:03,831 [INFO] [119/121] 혜화역 (primary=KEY_3)
2026-05-22 18:26:05,210 [INFO] [120/121] 홍대입구역(2호선) (primary=KEY_4)
2026-05-22 18:26:06,582 [INFO] [121/121] 회기역 (primary=KEY_1)
2026-05-22 18:26:10,073 [INFO] === 수집 완료 | 성공 121, 실패 0 ===
2026-05-22 18:26:10,073 [INFO] 카테고리별 저장 결과:
2026-05-22 18:26:10,073 [INFO]    accident                  | 신규     5행 | 누적     37행 | 16컬럼
2026-05-22 18:26:10,073 [INFO]    accident_acdnt_cntrl_stts | 신규     2행 | 누적      9행 | 16컬럼
2026-05-22 18:26:10,073 [INFO]    area_meta                 | 신규   121행 | 누적   1573행 | 5컬럼
2026-05-22 18:26:10,073 [INFO]    bike                      | 신규    11행 | 누적    143행 | 12컬럼
2026-05-22 18:26:10,073 [INFO]    bike_sbike_stts           | 신규   556행 | 누적   7218행 | 12컬럼
2026-05-22 18:26:10,073 [INFO]    bus                       | 신규     3행 | 누적     39행 | 11컬럼
2026-05-22 18:26:10,073 [INFO]    bus_bus_stn_stts          | 신규  1745행 | 누적  22685행 | 11컬럼
2026-05-22 18:26:10,073 [INFO]    charger                   | 신규     4행 | 누적    153행 | 15컬럼
2026-05-22 18:26:10,073 [INFO]    charger_charger_stts      | 신규  1867행 | 누적  16909행 | 15컬럼
2026-05-22 18:26:10,073 [INFO]    cmrcl                     | 신규    82행 | 누적   1066행 | 20컬럼
2026-05-22 18:26:10,073 [INFO]    events                    | 신규    13행 | 누적    169행 | 14컬럼
2026-05-22 18:26:10,073 [INFO]    events_event_stts         | 신규   180행 | 누적   2316행 | 14컬럼
2026-05-22 18:26:10,073 [INFO]    news                      | 신규    13행 | 누적     52행 | 10컬럼
2026-05-22 18:26:10,074 [INFO]    parking                   | 신규     6행 | 누적     78행 | 21컬럼
2026-05-22 18:26:10,074 [INFO]    parking_prk_stts          | 신규  1835행 | 누적  23855행 | 21컬럼
2026-05-22 18:26:10,074 [INFO]    ppltn                     | 신규   121행 | 누적   1573행 | 26컬럼
2026-05-22 18:26:10,074 [INFO]    road                      | 신규   121행 | 누적   1573행 | 21컬럼
2026-05-22 18:26:10,074 [INFO]    road_road_traffic_stts    | 신규  5247행 | 누적  68200행 | 17컬럼
2026-05-22 18:26:10,074 [INFO]    subway                    | 신규    38행 | 누적    494행 | 13컬럼
2026-05-22 18:26:10,074 [INFO]    subway_sub_stts           | 신규   183행 | 누적   2379행 | 13컬럼
2026-05-22 18:26:10,074 [INFO]    weather                   | 신규   119행 | 누적   1547행 | 29컬럼
2026-05-22 18:26:10,074 [INFO] 키별 사용량:
2026-05-22 18:26:10,074 [INFO]    🟢 KEY_1 (31/1000) 
2026-05-22 18:26:10,074 [INFO]    🟢 KEY_2 (30/1000) 
2026-05-22 18:26:10,074 [INFO]    🟢 KEY_3 (30/1000) 
2026-05-22 18:26:10,074 [INFO]    🟢 KEY_4 (30/1000) 
2026-05-22 20:12:18,020 [INFO] 등록된 키: 4개, 합산 한도 4,000건/일
2026-05-22 20:12:18,021 [INFO] POI 로드: 매뉴얼 v8.5 기준 fallback 121개 (121개 전체)
2026-05-22 20:12:18,021 [INFO] === 수집 시작 2026-05-22T20:12:18.021130+09:00 ===
2026-05-22 20:12:18,021 [INFO] 대상 장소: 121개 | API: citydata (통합)
2026-05-22 20:12:18,021 [INFO] 키 풀: 4/4 활성 | 오늘 사용 0/4000건
2026-05-22 20:12:18,021 [INFO]   [KEY_1] 담당 31장소
2026-05-22 20:12:18,021 [INFO]   [KEY_2] 담당 30장소
2026-05-22 20:12:18,021 [INFO]   [KEY_3] 담당 30장소
2026-05-22 20:12:18,021 [INFO]   [KEY_4] 담당 30장소
2026-05-22 20:12:18,021 [INFO] [1/121] 경복궁 (primary=KEY_1)
2026-05-22 20:12:20,127 [INFO] [2/121] 광화문·덕수궁 (primary=KEY_2)
2026-05-22 20:12:22,677 [INFO] [3/121] 보신각 (primary=KEY_3)
2026-05-22 20:12:24,836 [INFO] [4/121] 서울 암사동 유적 (primary=KEY_4)
2026-05-22 20:12:26,791 [INFO] [5/121] 창덕궁·종묘 (primary=KEY_1)
2026-05-22 20:12:28,744 [INFO] [6/121] 강남 MICE 관광특구 (primary=KEY_2)
2026-05-22 20:12:31,070 [INFO] [7/121] 동대문 관광특구 (primary=KEY_3)
2026-05-22 20:12:33,469 [INFO] [8/121] 명동 관광특구 (primary=KEY_4)
2026-05-22 20:12:35,491 [INFO] [9/121] 이태원 관광특구 (primary=KEY_1)
2026-05-22 20:12:37,623 [INFO] [10/121] 잠실 관광특구 (primary=KEY_2)
2026-05-22 20:12:39,604 [INFO] [11/121] 종로·청계 관광특구 (primary=KEY_3)
2026-05-22 20:12:41,784 [INFO] [12/121] 홍대 관광특구 (primary=KEY_4)
2026-05-22 20:12:44,080 [INFO] [13/121] 강서한강공원 (primary=KEY_1)
2026-05-22 20:12:46,455 [INFO] [14/121] 고척돔 (primary=KEY_2)
2026-05-22 20:12:47,643 [INFO] [15/121] 광나루한강공원 (primary=KEY_3)
2026-05-22 20:12:48,966 [INFO] [16/121] 광화문광장 (primary=KEY_4)
2026-05-22 20:12:50,313 [INFO] [17/121] 국립중앙박물관·용산가족공원 (primary=KEY_1)
2026-05-22 20:12:51,691 [INFO] [18/121] 난지한강공원 (primary=KEY_2)
2026-05-22 20:12:53,603 [INFO] [19/121] 남산공원 (primary=KEY_3)
2026-05-22 20:12:55,240 [INFO] [20/121] 노들섬 (primary=KEY_4)
2026-05-22 20:12:57,125 [INFO] [21/121] 뚝섬한강공원 (primary=KEY_1)
2026-05-22 20:12:58,276 [INFO] [22/121] 망원한강공원 (primary=KEY_2)
2026-05-22 20:13:00,774 [INFO] [23/121] 반포한강공원 (primary=KEY_3)
2026-05-22 20:13:01,961 [INFO] [24/121] 보라매공원 (primary=KEY_4)
2026-05-22 20:13:03,116 [INFO] [25/121] 북서울꿈의숲 (primary=KEY_1)
2026-05-22 20:13:04,449 [INFO] [26/121] 서대문독립공원 (primary=KEY_2)
2026-05-22 20:13:05,626 [INFO] [27/121] 서리풀공원·몽마르뜨공원 (primary=KEY_3)
2026-05-22 20:13:07,002 [INFO] [28/121] 서울대공원 (primary=KEY_4)
2026-05-22 20:13:08,919 [INFO] [29/121] 서울숲공원 (primary=KEY_1)
2026-05-22 20:13:10,824 [INFO] [30/121] 송현녹지광장 (primary=KEY_2)
2026-05-22 20:13:13,133 [INFO] [31/121] 아차산 (primary=KEY_3)
2026-05-22 20:13:15,465 [INFO] [32/121] 안양천 (primary=KEY_4)
2026-05-22 20:13:17,412 [INFO] [33/121] 양화한강공원 (primary=KEY_1)
2026-05-22 20:13:23,281 [INFO] [34/121] 어린이대공원 (primary=KEY_2)
2026-05-22 20:13:24,654 [INFO] [35/121] 여의도한강공원 (primary=KEY_3)
2026-05-22 20:13:26,570 [INFO] [36/121] 여의서로 (primary=KEY_4)
2026-05-22 20:13:27,902 [INFO] [37/121] 올림픽공원 (primary=KEY_1)
2026-05-22 20:13:29,472 [INFO] [38/121] 월드컵공원 (primary=KEY_2)
2026-05-22 20:13:31,726 [INFO] [39/121] 응봉산 (primary=KEY_3)
2026-05-22 20:13:33,069 [INFO] [40/121] 이촌한강공원 (primary=KEY_4)
2026-05-22 20:13:34,253 [INFO] [41/121] 잠실종합운동장 (primary=KEY_1)
2026-05-22 20:13:35,428 [INFO] [42/121] 잠실한강공원 (primary=KEY_2)
2026-05-22 20:13:36,576 [INFO] [43/121] 잠원한강공원 (primary=KEY_3)
2026-05-22 20:13:37,732 [INFO] [44/121] 청계산 (primary=KEY_4)
2026-05-22 20:13:38,881 [INFO] [45/121] 홍제폭포 (primary=KEY_1)
2026-05-22 20:13:40,026 [INFO] [46/121] 가락시장 (primary=KEY_2)
2026-05-22 20:13:41,957 [INFO] [47/121] 가로수길 (primary=KEY_3)
2026-05-22 20:13:43,340 [INFO] [48/121] 광장(전통)시장 (primary=KEY_4)
2026-05-22 20:13:44,493 [INFO] [49/121] 김포공항 (primary=KEY_1)
2026-05-22 20:13:46,075 [INFO] [50/121] 남대문시장 (primary=KEY_2)
2026-05-22 20:13:47,416 [INFO] [51/121] 노량진 (primary=KEY_3)
2026-05-22 20:13:48,768 [INFO] [52/121] 덕수궁길·정동길 (primary=KEY_4)
2026-05-22 20:13:50,180 [INFO] [53/121] 북창동 먹자골목 (primary=KEY_1)
2026-05-22 20:13:51,513 [INFO] [54/121] 북촌한옥마을 (primary=KEY_2)
2026-05-22 20:13:53,064 [INFO] [55/121] 서촌 (primary=KEY_3)
2026-05-22 20:13:54,404 [INFO] [56/121] 성수카페거리 (primary=KEY_4)
2026-05-22 20:13:55,966 [INFO] [57/121] 송리단길·호수단길 (primary=KEY_1)
2026-05-22 20:13:57,350 [INFO] [58/121] 신촌 스타광장 (primary=KEY_2)
2026-05-22 20:13:58,511 [INFO] [59/121] 압구정로데오거리 (primary=KEY_3)
2026-05-22 20:13:59,877 [INFO] [60/121] 여의도 (primary=KEY_4)
2026-05-22 20:14:02,180 [INFO] [61/121] 연남동 (primary=KEY_1)
2026-05-22 20:14:03,520 [INFO] [62/121] 영등포 타임스퀘어 (primary=KEY_2)
2026-05-22 20:14:04,889 [INFO] [63/121] 용리단길 (primary=KEY_3)
2026-05-22 20:14:06,098 [INFO] [64/121] 이태원 앤틱가구거리 (primary=KEY_4)
2026-05-22 20:14:07,450 [INFO] [65/121] 익선동 (primary=KEY_1)
2026-05-22 20:14:08,847 [INFO] [66/121] 인사동 (primary=KEY_2)
2026-05-22 20:14:10,405 [INFO] [67/121] 잠실롯데타워·석촌호수 (primary=KEY_3)
2026-05-22 20:14:12,166 [INFO] [68/121] 창동 신경제 중심지 (primary=KEY_4)
2026-05-22 20:14:13,991 [INFO] [69/121] 청담동 명품거리 (primary=KEY_1)
2026-05-22 20:14:15,337 [INFO] [70/121] 청량리 제기동 일대 전통시장 (primary=KEY_2)
2026-05-22 20:14:16,691 [INFO] [71/121] 해방촌·경리단길 (primary=KEY_3)
2026-05-22 20:14:17,845 [INFO] [72/121] DDP(동대문디자인플라자) (primary=KEY_4)
2026-05-22 20:14:19,218 [INFO] [73/121] DMC(디지털미디어시티) (primary=KEY_1)
2026-05-22 20:14:21,065 [INFO] [74/121] 가산디지털단지역 (primary=KEY_2)
2026-05-22 20:14:23,026 [INFO] [75/121] 강남역 (primary=KEY_3)
2026-05-22 20:14:24,713 [INFO] [76/121] 건대입구역 (primary=KEY_4)
2026-05-22 20:14:26,085 [INFO] [77/121] 고덕역 (primary=KEY_1)
2026-05-22 20:14:27,488 [INFO] [78/121] 고속터미널역 (primary=KEY_2)
2026-05-22 20:14:28,862 [INFO] [79/121] 교대역 (primary=KEY_3)
2026-05-22 20:14:30,254 [INFO] [80/121] 구로디지털단지역 (primary=KEY_4)
2026-05-22 20:14:32,003 [INFO] [81/121] 구로역 (primary=KEY_1)
2026-05-22 20:14:33,336 [INFO] [82/121] 군자역 (primary=KEY_2)
2026-05-22 20:14:34,700 [INFO] [83/121] 대림역 (primary=KEY_3)
2026-05-22 20:14:36,063 [INFO] [84/121] 동대문역 (primary=KEY_4)
2026-05-22 20:14:37,484 [INFO] [85/121] 뚝섬역 (primary=KEY_1)
2026-05-22 20:14:38,835 [INFO] [86/121] 미아사거리역 (primary=KEY_2)
2026-05-22 20:14:40,175 [INFO] [87/121] 발산역 (primary=KEY_3)
2026-05-22 20:14:41,914 [INFO] [88/121] 사당역 (primary=KEY_4)
2026-05-22 20:14:43,290 [INFO] [89/121] 삼각지역 (primary=KEY_1)
2026-05-22 20:14:44,456 [INFO] [90/121] 서울대입구역 (primary=KEY_2)
2026-05-22 20:14:45,795 [INFO] [91/121] 서울식물원·마곡나루역 (primary=KEY_3)
2026-05-22 20:14:47,408 [INFO] [92/121] 서울역 (primary=KEY_4)
2026-05-22 20:14:49,009 [INFO] [93/121] 선릉역 (primary=KEY_1)
2026-05-22 20:14:50,797 [INFO] [94/121] 성신여대입구역 (primary=KEY_2)
2026-05-22 20:14:52,166 [INFO] [95/121] 수유역 (primary=KEY_3)
2026-05-22 20:14:53,519 [INFO] [96/121] 숭례문 (primary=KEY_4)
2026-05-22 20:14:54,896 [INFO] [97/121] 시의회 앞 (primary=KEY_1)
2026-05-22 20:14:56,287 [INFO] [98/121] 신논현역·논현역 (primary=KEY_2)
2026-05-22 20:14:57,673 [INFO] [99/121] 신도림역 (primary=KEY_3)
2026-05-22 20:14:58,833 [INFO] [100/121] 신림역 (primary=KEY_4)
2026-05-22 20:15:00,204 [INFO] [101/121] 신정네거리역 (primary=KEY_1)
2026-05-22 20:15:01,543 [INFO] [102/121] 신촌·이대역 (primary=KEY_2)
2026-05-22 20:15:02,898 [INFO] [103/121] 쌍문역 (primary=KEY_3)
2026-05-22 20:15:04,238 [INFO] [104/121] 양재역 (primary=KEY_4)
2026-05-22 20:15:06,190 [INFO] [105/121] 역삼역 (primary=KEY_1)
2026-05-22 20:15:07,819 [INFO] [106/121] 연신내역 (primary=KEY_2)
2026-05-22 20:15:08,984 [INFO] [107/121] 오목교역·목동운동장 (primary=KEY_3)
2026-05-22 20:15:10,998 [INFO] [108/121] 왕십리역 (primary=KEY_4)
2026-05-22 20:15:12,631 [INFO] [109/121] 용산역 (primary=KEY_1)
2026-05-22 20:15:14,264 [INFO] [110/121] 이태원역 (primary=KEY_2)
2026-05-22 20:15:15,430 [INFO] [111/121] 잠실새내역 (primary=KEY_3)
2026-05-22 20:15:16,788 [INFO] [112/121] 잠실역 (primary=KEY_4)
2026-05-22 20:15:18,328 [INFO] [113/121] 장지역 (primary=KEY_1)
2026-05-22 20:15:19,872 [INFO] [114/121] 장한평역 (primary=KEY_2)
2026-05-22 20:15:21,244 [INFO] [115/121] 천호역 (primary=KEY_3)
2026-05-22 20:15:22,849 [INFO] [116/121] 총신대입구(이수)역 (primary=KEY_4)
2026-05-22 20:15:24,233 [INFO] [117/121] 충정로역 (primary=KEY_1)
2026-05-22 20:15:25,576 [INFO] [118/121] 합정역 (primary=KEY_2)
2026-05-22 20:15:27,109 [INFO] [119/121] 혜화역 (primary=KEY_3)
2026-05-22 20:15:28,448 [INFO] [120/121] 홍대입구역(2호선) (primary=KEY_4)
2026-05-22 20:15:29,827 [INFO] [121/121] 회기역 (primary=KEY_1)
2026-05-22 20:15:33,556 [INFO] === 수집 완료 | 성공 121, 실패 0 ===
2026-05-22 20:15:33,556 [INFO] 카테고리별 저장 결과:
2026-05-22 20:15:33,556 [INFO]    accident                  | 신규     4행 | 누적     41행 | 16컬럼
2026-05-22 20:15:33,556 [INFO]    area_meta                 | 신규   121행 | 누적   1694행 | 5컬럼
2026-05-22 20:15:33,556 [INFO]    bike                      | 신규    11행 | 누적    154행 | 12컬럼
2026-05-22 20:15:33,556 [INFO]    bike_sbike_stts           | 신규   556행 | 누적   7774행 | 12컬럼
2026-05-22 20:15:33,556 [INFO]    bus                       | 신규     3행 | 누적     42행 | 11컬럼
2026-05-22 20:15:33,556 [INFO]    bus_bus_stn_stts          | 신규  1745행 | 누적  24430행 | 11컬럼
2026-05-22 20:15:33,556 [INFO]    charger                   | 신규     4행 | 누적    157행 | 15컬럼
2026-05-22 20:15:33,556 [INFO]    charger_charger_stts      | 신규  1867행 | 누적  18761행 | 15컬럼
2026-05-22 20:15:33,556 [INFO]    cmrcl                     | 신규    82행 | 누적   1148행 | 20컬럼
2026-05-22 20:15:33,557 [INFO]    events                    | 신규    13행 | 누적    182행 | 14컬럼
2026-05-22 20:15:33,557 [INFO]    events_event_stts         | 신규   180행 | 누적   2496행 | 14컬럼
2026-05-22 20:15:33,557 [INFO]    news                      | 신규    13행 | 누적     65행 | 10컬럼
2026-05-22 20:15:33,557 [INFO]    parking                   | 신규     6행 | 누적     84행 | 21컬럼
2026-05-22 20:15:33,557 [INFO]    parking_prk_stts          | 신규  1835행 | 누적  25690행 | 21컬럼
2026-05-22 20:15:33,557 [INFO]    ppltn                     | 신규   121행 | 누적   1694행 | 26컬럼
2026-05-22 20:15:33,557 [INFO]    road                      | 신규   121행 | 누적   1694행 | 21컬럼
2026-05-22 20:15:33,557 [INFO]    road_road_traffic_stts    | 신규  5247행 | 누적  73447행 | 17컬럼
2026-05-22 20:15:33,557 [INFO]    subway                    | 신규    38행 | 누적    532행 | 13컬럼
2026-05-22 20:15:33,557 [INFO]    subway_sub_stts           | 신규   183행 | 누적   2562행 | 13컬럼
2026-05-22 20:15:33,557 [INFO]    weather                   | 신규   119행 | 누적   1666행 | 29컬럼
2026-05-22 20:15:33,557 [INFO] 키별 사용량:
2026-05-22 20:15:33,557 [INFO]    🟢 KEY_1 (31/1000) 
2026-05-22 20:15:33,557 [INFO]    🟢 KEY_2 (30/1000) 
2026-05-22 20:15:33,557 [INFO]    🟢 KEY_3 (30/1000) 
2026-05-22 20:15:33,557 [INFO]    🟢 KEY_4 (30/1000) 
2026-05-22 22:09:21,028 [INFO] 등록된 키: 4개, 합산 한도 4,000건/일
2026-05-22 22:09:21,028 [INFO] POI 로드: 매뉴얼 v8.5 기준 fallback 121개 (121개 전체)
2026-05-22 22:09:21,028 [INFO] === 수집 시작 2026-05-22T22:09:21.028878+09:00 ===
2026-05-22 22:09:21,028 [INFO] 대상 장소: 121개 | API: citydata (통합)
2026-05-22 22:09:21,028 [INFO] 키 풀: 4/4 활성 | 오늘 사용 0/4000건
2026-05-22 22:09:21,029 [INFO]   [KEY_1] 담당 31장소
2026-05-22 22:09:21,029 [INFO]   [KEY_2] 담당 30장소
2026-05-22 22:09:21,029 [INFO]   [KEY_3] 담당 30장소
2026-05-22 22:09:21,029 [INFO]   [KEY_4] 담당 30장소
2026-05-22 22:09:21,029 [INFO] [1/121] 경복궁 (primary=KEY_1)
2026-05-22 22:09:22,739 [INFO] [2/121] 광화문·덕수궁 (primary=KEY_2)
2026-05-22 22:09:24,992 [INFO] [3/121] 보신각 (primary=KEY_3)
2026-05-22 22:09:26,131 [INFO] [4/121] 서울 암사동 유적 (primary=KEY_4)
2026-05-22 22:09:27,721 [INFO] [5/121] 창덕궁·종묘 (primary=KEY_1)
2026-05-22 22:09:29,389 [INFO] [6/121] 강남 MICE 관광특구 (primary=KEY_2)
2026-05-22 22:09:30,518 [INFO] [7/121] 동대문 관광특구 (primary=KEY_3)
2026-05-22 22:09:32,639 [INFO] [8/121] 명동 관광특구 (primary=KEY_4)
2026-05-22 22:09:34,651 [INFO] [9/121] 이태원 관광특구 (primary=KEY_1)
2026-05-22 22:09:36,366 [INFO] [10/121] 잠실 관광특구 (primary=KEY_2)
2026-05-22 22:09:37,821 [INFO] [11/121] 종로·청계 관광특구 (primary=KEY_3)
2026-05-22 22:09:39,805 [INFO] [12/121] 홍대 관광특구 (primary=KEY_4)
2026-05-22 22:09:41,117 [INFO] [13/121] 강서한강공원 (primary=KEY_1)
2026-05-22 22:09:42,071 [INFO] [14/121] 고척돔 (primary=KEY_2)
2026-05-22 22:09:43,759 [INFO] [15/121] 광나루한강공원 (primary=KEY_3)
2026-05-22 22:09:45,564 [INFO] [16/121] 광화문광장 (primary=KEY_4)
2026-05-22 22:09:46,696 [INFO] [17/121] 국립중앙박물관·용산가족공원 (primary=KEY_1)
2026-05-22 22:09:47,711 [INFO] [18/121] 난지한강공원 (primary=KEY_2)
2026-05-22 22:09:48,841 [INFO] [19/121] 남산공원 (primary=KEY_3)
2026-05-22 22:09:50,117 [INFO] [20/121] 노들섬 (primary=KEY_4)
2026-05-22 22:09:51,295 [INFO] [21/121] 뚝섬한강공원 (primary=KEY_1)
2026-05-22 22:09:52,276 [INFO] [22/121] 망원한강공원 (primary=KEY_2)
2026-05-22 22:09:53,394 [INFO] [23/121] 반포한강공원 (primary=KEY_3)
2026-05-22 22:09:54,374 [INFO] [24/121] 보라매공원 (primary=KEY_4)
2026-05-22 22:09:55,483 [INFO] [25/121] 북서울꿈의숲 (primary=KEY_1)
2026-05-22 22:09:56,608 [INFO] [26/121] 서대문독립공원 (primary=KEY_2)
2026-05-22 22:09:58,426 [INFO] [27/121] 서리풀공원·몽마르뜨공원 (primary=KEY_3)
2026-05-22 22:10:00,382 [INFO] [28/121] 서울대공원 (primary=KEY_4)
2026-05-22 22:10:01,346 [INFO] [29/121] 서울숲공원 (primary=KEY_1)
2026-05-22 22:10:02,514 [INFO] [30/121] 송현녹지광장 (primary=KEY_2)
2026-05-22 22:10:03,661 [INFO] [31/121] 아차산 (primary=KEY_3)
2026-05-22 22:10:04,616 [INFO] [32/121] 안양천 (primary=KEY_4)
2026-05-22 22:10:05,595 [INFO] [33/121] 양화한강공원 (primary=KEY_1)
2026-05-22 22:10:06,560 [INFO] [34/121] 어린이대공원 (primary=KEY_2)
2026-05-22 22:10:07,690 [INFO] [35/121] 여의도한강공원 (primary=KEY_3)
2026-05-22 22:10:08,862 [INFO] [36/121] 여의서로 (primary=KEY_4)
2026-05-22 22:10:09,950 [INFO] [37/121] 올림픽공원 (primary=KEY_1)
2026-05-22 22:10:11,218 [INFO] [38/121] 월드컵공원 (primary=KEY_2)
2026-05-22 22:10:12,491 [INFO] [39/121] 응봉산 (primary=KEY_3)
2026-05-22 22:10:13,609 [INFO] [40/121] 이촌한강공원 (primary=KEY_4)
2026-05-22 22:10:14,592 [INFO] [41/121] 잠실종합운동장 (primary=KEY_1)
2026-05-22 22:10:15,560 [INFO] [42/121] 잠실한강공원 (primary=KEY_2)
2026-05-22 22:10:16,527 [INFO] [43/121] 잠원한강공원 (primary=KEY_3)
2026-05-22 22:10:17,482 [INFO] [44/121] 청계산 (primary=KEY_4)
2026-05-22 22:10:18,447 [INFO] [45/121] 홍제폭포 (primary=KEY_1)
2026-05-22 22:10:19,410 [INFO] [46/121] 가락시장 (primary=KEY_2)
2026-05-22 22:10:20,573 [INFO] [47/121] 가로수길 (primary=KEY_3)
2026-05-22 22:10:21,730 [INFO] [48/121] 광장(전통)시장 (primary=KEY_4)
2026-05-22 22:10:22,988 [INFO] [49/121] 김포공항 (primary=KEY_1)
2026-05-22 22:10:24,271 [INFO] [50/121] 남대문시장 (primary=KEY_2)
2026-05-22 22:10:25,396 [INFO] [51/121] 노량진 (primary=KEY_3)
2026-05-22 22:10:26,536 [INFO] [52/121] 덕수궁길·정동길 (primary=KEY_4)
2026-05-22 22:10:27,660 [INFO] [53/121] 북창동 먹자골목 (primary=KEY_1)
2026-05-22 22:10:28,772 [INFO] [54/121] 북촌한옥마을 (primary=KEY_2)
2026-05-22 22:10:30,009 [INFO] [55/121] 서촌 (primary=KEY_3)
2026-05-22 22:10:31,108 [INFO] [56/121] 성수카페거리 (primary=KEY_4)
2026-05-22 22:10:32,404 [INFO] [57/121] 송리단길·호수단길 (primary=KEY_1)
2026-05-22 22:10:33,548 [INFO] [58/121] 신촌 스타광장 (primary=KEY_2)
2026-05-22 22:10:34,521 [INFO] [59/121] 압구정로데오거리 (primary=KEY_3)
2026-05-22 22:10:35,661 [INFO] [60/121] 여의도 (primary=KEY_4)
2026-05-22 22:10:37,450 [INFO] [61/121] 연남동 (primary=KEY_1)
2026-05-22 22:10:38,559 [INFO] [62/121] 영등포 타임스퀘어 (primary=KEY_2)
2026-05-22 22:10:39,669 [INFO] [63/121] 용리단길 (primary=KEY_3)
2026-05-22 22:10:40,666 [INFO] [64/121] 이태원 앤틱가구거리 (primary=KEY_4)
2026-05-22 22:10:41,811 [INFO] [65/121] 익선동 (primary=KEY_1)
2026-05-22 22:10:42,979 [INFO] [66/121] 인사동 (primary=KEY_2)
2026-05-22 22:10:44,251 [INFO] [67/121] 잠실롯데타워·석촌호수 (primary=KEY_3)
2026-05-22 22:10:45,684 [INFO] [68/121] 창동 신경제 중심지 (primary=KEY_4)
2026-05-22 22:10:47,146 [INFO] [69/121] 청담동 명품거리 (primary=KEY_1)
2026-05-22 22:10:48,351 [INFO] [70/121] 청량리 제기동 일대 전통시장 (primary=KEY_2)
2026-05-22 22:10:49,491 [INFO] [71/121] 해방촌·경리단길 (primary=KEY_3)
2026-05-22 22:10:50,462 [INFO] [72/121] DDP(동대문디자인플라자) (primary=KEY_4)
2026-05-22 22:10:51,609 [INFO] [73/121] DMC(디지털미디어시티) (primary=KEY_1)
2026-05-22 22:10:53,078 [INFO] [74/121] 가산디지털단지역 (primary=KEY_2)
2026-05-22 22:10:54,638 [INFO] [75/121] 강남역 (primary=KEY_3)
2026-05-22 22:10:55,960 [INFO] [76/121] 건대입구역 (primary=KEY_4)
2026-05-22 22:10:57,095 [INFO] [77/121] 고덕역 (primary=KEY_1)
2026-05-22 22:10:58,223 [INFO] [78/121] 고속터미널역 (primary=KEY_2)
2026-05-22 22:10:59,402 [INFO] [79/121] 교대역 (primary=KEY_3)
2026-05-22 22:11:00,529 [INFO] [80/121] 구로디지털단지역 (primary=KEY_4)
2026-05-22 22:11:01,915 [INFO] [81/121] 구로역 (primary=KEY_1)
2026-05-22 22:11:03,029 [INFO] [82/121] 군자역 (primary=KEY_2)
2026-05-22 22:11:04,140 [INFO] [83/121] 대림역 (primary=KEY_3)
2026-05-22 22:11:05,306 [INFO] [84/121] 동대문역 (primary=KEY_4)
2026-05-22 22:11:06,457 [INFO] [85/121] 뚝섬역 (primary=KEY_1)
2026-05-22 22:11:07,581 [INFO] [86/121] 미아사거리역 (primary=KEY_2)
2026-05-22 22:11:08,690 [INFO] [87/121] 발산역 (primary=KEY_3)
2026-05-22 22:11:09,964 [INFO] [88/121] 사당역 (primary=KEY_4)
2026-05-22 22:11:11,175 [INFO] [89/121] 삼각지역 (primary=KEY_1)
2026-05-22 22:11:12,149 [INFO] [90/121] 서울대입구역 (primary=KEY_2)
2026-05-22 22:11:13,248 [INFO] [91/121] 서울식물원·마곡나루역 (primary=KEY_3)
2026-05-22 22:11:14,503 [INFO] [92/121] 서울역 (primary=KEY_4)
2026-05-22 22:11:15,815 [INFO] [93/121] 선릉역 (primary=KEY_1)
2026-05-22 22:11:17,246 [INFO] [94/121] 성신여대입구역 (primary=KEY_2)
2026-05-22 22:11:18,387 [INFO] [95/121] 수유역 (primary=KEY_3)
2026-05-22 22:11:19,500 [INFO] [96/121] 숭례문 (primary=KEY_4)
2026-05-22 22:11:20,673 [INFO] [97/121] 시의회 앞 (primary=KEY_1)
2026-05-22 22:11:21,816 [INFO] [98/121] 신논현역·논현역 (primary=KEY_2)
2026-05-22 22:11:22,992 [INFO] [99/121] 신도림역 (primary=KEY_3)
2026-05-22 22:11:23,978 [INFO] [100/121] 신림역 (primary=KEY_4)
2026-05-22 22:11:25,116 [INFO] [101/121] 신정네거리역 (primary=KEY_1)
2026-05-22 22:11:26,231 [INFO] [102/121] 신촌·이대역 (primary=KEY_2)
2026-05-22 22:11:27,351 [INFO] [103/121] 쌍문역 (primary=KEY_3)
2026-05-22 22:11:28,464 [INFO] [104/121] 양재역 (primary=KEY_4)
2026-05-22 22:11:29,618 [INFO] [105/121] 역삼역 (primary=KEY_1)
2026-05-22 22:11:30,899 [INFO] [106/121] 연신내역 (primary=KEY_2)
2026-05-22 22:11:31,892 [INFO] [107/121] 오목교역·목동운동장 (primary=KEY_3)
2026-05-22 22:11:33,452 [INFO] [108/121] 왕십리역 (primary=KEY_4)
2026-05-22 22:11:34,751 [INFO] [109/121] 용산역 (primary=KEY_1)
2026-05-22 22:11:36,080 [INFO] [110/121] 이태원역 (primary=KEY_2)
2026-05-22 22:11:37,077 [INFO] [111/121] 잠실새내역 (primary=KEY_3)
2026-05-22 22:11:38,198 [INFO] [112/121] 잠실역 (primary=KEY_4)
2026-05-22 22:11:39,465 [INFO] [113/121] 장지역 (primary=KEY_1)
2026-05-22 22:11:40,742 [INFO] [114/121] 장한평역 (primary=KEY_2)
2026-05-22 22:11:41,901 [INFO] [115/121] 천호역 (primary=KEY_3)
2026-05-22 22:11:43,208 [INFO] [116/121] 총신대입구(이수)역 (primary=KEY_4)
2026-05-22 22:11:44,360 [INFO] [117/121] 충정로역 (primary=KEY_1)
2026-05-22 22:11:45,519 [INFO] [118/121] 합정역 (primary=KEY_2)
2026-05-22 22:11:46,775 [INFO] [119/121] 혜화역 (primary=KEY_3)
2026-05-22 22:11:47,905 [INFO] [120/121] 홍대입구역(2호선) (primary=KEY_4)
2026-05-22 22:11:49,067 [INFO] [121/121] 회기역 (primary=KEY_1)
2026-05-22 22:11:52,231 [INFO] === 수집 완료 | 성공 121, 실패 0 ===
2026-05-22 22:11:52,231 [INFO] 카테고리별 저장 결과:
2026-05-22 22:11:52,232 [INFO]    accident                  | 신규     2행 | 누적     43행 | 16컬럼
2026-05-22 22:11:52,232 [INFO]    accident_acdnt_cntrl_stts | 신규     2행 | 누적     11행 | 16컬럼
2026-05-22 22:11:52,232 [INFO]    area_meta                 | 신규   121행 | 누적   1815행 | 5컬럼
2026-05-22 22:11:52,232 [INFO]    bike                      | 신규    11행 | 누적    165행 | 12컬럼
2026-05-22 22:11:52,232 [INFO]    bike_sbike_stts           | 신규   556행 | 누적   8330행 | 12컬럼
2026-05-22 22:11:52,232 [INFO]    bus                       | 신규     3행 | 누적     45행 | 11컬럼
2026-05-22 22:11:52,232 [INFO]    bus_bus_stn_stts          | 신규  1745행 | 누적  26175행 | 11컬럼
2026-05-22 22:11:52,232 [INFO]    charger                   | 신규     4행 | 누적    161행 | 15컬럼
2026-05-22 22:11:52,232 [INFO]    charger_charger_stts      | 신규  1867행 | 누적  20613행 | 15컬럼
2026-05-22 22:11:52,232 [INFO]    cmrcl                     | 신규    82행 | 누적   1230행 | 20컬럼
2026-05-22 22:11:52,232 [INFO]    events                    | 신규    13행 | 누적    195행 | 14컬럼
2026-05-22 22:11:52,232 [INFO]    events_event_stts         | 신규   180행 | 누적   2676행 | 14컬럼
2026-05-22 22:11:52,232 [INFO]    news                      | 신규    13행 | 누적     78행 | 10컬럼
2026-05-22 22:11:52,232 [INFO]    parking                   | 신규     6행 | 누적     90행 | 21컬럼
2026-05-22 22:11:52,232 [INFO]    parking_prk_stts          | 신규  1835행 | 누적  27525행 | 21컬럼
2026-05-22 22:11:52,232 [INFO]    ppltn                     | 신규   121행 | 누적   1815행 | 26컬럼
2026-05-22 22:11:52,232 [INFO]    road                      | 신규   121행 | 누적   1815행 | 21컬럼
2026-05-22 22:11:52,232 [INFO]    road_road_traffic_stts    | 신규  5248행 | 누적  78695행 | 17컬럼
2026-05-22 22:11:52,232 [INFO]    subway                    | 신규    38행 | 누적    570행 | 13컬럼
2026-05-22 22:11:52,232 [INFO]    subway_sub_stts           | 신규   183행 | 누적   2745행 | 13컬럼
2026-05-22 22:11:52,232 [INFO]    weather                   | 신규   119행 | 누적   1785행 | 29컬럼
2026-05-22 22:11:52,232 [INFO] 키별 사용량:
2026-05-22 22:11:52,232 [INFO]    🟢 KEY_1 (31/1000) 
2026-05-22 22:11:52,232 [INFO]    🟢 KEY_2 (30/1000) 
2026-05-22 22:11:52,232 [INFO]    🟢 KEY_3 (30/1000) 
2026-05-22 22:11:52,232 [INFO]    🟢 KEY_4 (30/1000) 
