2026-05-27 00:17:08,867 [INFO] 등록된 키: 4개, 합산 한도 4,000건/일
2026-05-27 00:17:08,867 [INFO] POI 로드: 매뉴얼 v8.5 기준 fallback 121개 (121개 전체)
2026-05-27 00:17:08,867 [INFO] === 수집 시작 2026-05-27T00:17:08.867885+09:00 ===
2026-05-27 00:17:08,867 [INFO] 대상 장소: 121개 | API: citydata (통합)
2026-05-27 00:17:08,868 [INFO] 키 풀: 4/4 활성 | 오늘 사용 0/4000건
2026-05-27 00:17:08,868 [INFO]   [KEY_1] 담당 31장소
2026-05-27 00:17:08,868 [INFO]   [KEY_2] 담당 30장소
2026-05-27 00:17:08,868 [INFO]   [KEY_3] 담당 30장소
2026-05-27 00:17:08,868 [INFO]   [KEY_4] 담당 30장소
2026-05-27 00:17:08,868 [INFO] [1/121] 경복궁 (primary=KEY_1)
2026-05-27 00:17:10,847 [INFO] [2/121] 광화문·덕수궁 (primary=KEY_2)
2026-05-27 00:17:13,232 [INFO] [3/121] 보신각 (primary=KEY_3)
2026-05-27 00:17:15,188 [INFO] [4/121] 서울 암사동 유적 (primary=KEY_4)
2026-05-27 00:17:17,290 [INFO] [5/121] 창덕궁·종묘 (primary=KEY_1)
2026-05-27 00:17:19,496 [INFO] [6/121] 강남 MICE 관광특구 (primary=KEY_2)
2026-05-27 00:17:21,830 [INFO] [7/121] 동대문 관광특구 (primary=KEY_3)
2026-05-27 00:17:24,240 [INFO] [8/121] 명동 관광특구 (primary=KEY_4)
2026-05-27 00:17:26,994 [INFO] [9/121] 이태원 관광특구 (primary=KEY_1)
2026-05-27 00:17:28,527 [INFO] [10/121] 잠실 관광특구 (primary=KEY_2)
2026-05-27 00:17:30,722 [INFO] [11/121] 종로·청계 관광특구 (primary=KEY_3)
2026-05-27 00:17:32,368 [INFO] [12/121] 홍대 관광특구 (primary=KEY_4)
2026-05-27 00:17:33,979 [INFO] [13/121] 강서한강공원 (primary=KEY_1)
2026-05-27 00:17:35,102 [INFO] [14/121] 고척돔 (primary=KEY_2)
2026-05-27 00:17:36,243 [INFO] [15/121] 광나루한강공원 (primary=KEY_3)
2026-05-27 00:17:37,584 [INFO] [16/121] 광화문광장 (primary=KEY_4)
2026-05-27 00:17:39,513 [INFO] [17/121] 국립중앙박물관·용산가족공원 (primary=KEY_1)
2026-05-27 00:17:40,689 [INFO] [18/121] 난지한강공원 (primary=KEY_2)
2026-05-27 00:17:42,588 [INFO] [19/121] 남산공원 (primary=KEY_3)
2026-05-27 00:17:44,155 [INFO] [20/121] 노들섬 (primary=KEY_4)
2026-05-27 00:17:45,282 [INFO] [21/121] 뚝섬한강공원 (primary=KEY_1)
2026-05-27 00:17:46,454 [INFO] [22/121] 망원한강공원 (primary=KEY_2)
2026-05-27 00:17:48,396 [INFO] [23/121] 반포한강공원 (primary=KEY_3)
2026-05-27 00:17:49,531 [INFO] [24/121] 보라매공원 (primary=KEY_4)
2026-05-27 00:17:50,686 [INFO] [25/121] 북서울꿈의숲 (primary=KEY_1)
2026-05-27 00:17:52,624 [INFO] [26/121] 서대문독립공원 (primary=KEY_2)
2026-05-27 00:17:53,767 [INFO] [27/121] 서리풀공원·몽마르뜨공원 (primary=KEY_3)
2026-05-27 00:17:54,984 [INFO] [28/121] 서울대공원 (primary=KEY_4)
2026-05-27 00:17:56,718 [INFO] [29/121] 서울숲공원 (primary=KEY_1)
2026-05-27 00:17:58,861 [INFO] [30/121] 송현녹지광장 (primary=KEY_2)
2026-05-27 00:18:00,201 [INFO] [31/121] 아차산 (primary=KEY_3)
2026-05-27 00:18:01,330 [INFO] [32/121] 안양천 (primary=KEY_4)
2026-05-27 00:18:02,464 [INFO] [33/121] 양화한강공원 (primary=KEY_1)
2026-05-27 00:18:04,369 [INFO] [34/121] 어린이대공원 (primary=KEY_2)
2026-05-27 00:18:05,521 [INFO] [35/121] 여의도한강공원 (primary=KEY_3)
2026-05-27 00:18:06,867 [INFO] [36/121] 여의서로 (primary=KEY_4)
2026-05-27 00:18:07,999 [INFO] [37/121] 올림픽공원 (primary=KEY_1)
2026-05-27 00:18:09,348 [INFO] [38/121] 월드컵공원 (primary=KEY_2)
2026-05-27 00:18:10,924 [INFO] [39/121] 응봉산 (primary=KEY_3)
2026-05-27 00:18:12,836 [INFO] [40/121] 이촌한강공원 (primary=KEY_4)
2026-05-27 00:18:13,981 [INFO] [41/121] 잠실종합운동장 (primary=KEY_1)
2026-05-27 00:18:15,154 [INFO] [42/121] 잠실한강공원 (primary=KEY_2)
2026-05-27 00:18:16,313 [INFO] [43/121] 잠원한강공원 (primary=KEY_3)
2026-05-27 00:18:17,446 [INFO] [44/121] 청계산 (primary=KEY_4)
2026-05-27 00:18:19,171 [INFO] [45/121] 홍제폭포 (primary=KEY_1)
2026-05-27 00:18:20,309 [INFO] [46/121] 가락시장 (primary=KEY_2)
2026-05-27 00:18:21,696 [INFO] [47/121] 가로수길 (primary=KEY_3)
2026-05-27 00:18:23,079 [INFO] [48/121] 광장(전통)시장 (primary=KEY_4)
2026-05-27 00:18:24,234 [INFO] [49/121] 김포공항 (primary=KEY_1)
2026-05-27 00:18:25,598 [INFO] [50/121] 남대문시장 (primary=KEY_2)
2026-05-27 00:18:27,335 [INFO] [51/121] 노량진 (primary=KEY_3)
2026-05-27 00:18:28,514 [INFO] [52/121] 덕수궁길·정동길 (primary=KEY_4)
2026-05-27 00:18:29,918 [INFO] [53/121] 북창동 먹자골목 (primary=KEY_1)
2026-05-27 00:18:31,070 [INFO] [54/121] 북촌한옥마을 (primary=KEY_2)
2026-05-27 00:18:32,400 [INFO] [55/121] 서촌 (primary=KEY_3)
2026-05-27 00:18:33,763 [INFO] [56/121] 성수카페거리 (primary=KEY_4)
2026-05-27 00:18:35,114 [INFO] [57/121] 송리단길·호수단길 (primary=KEY_1)
2026-05-27 00:18:37,308 [INFO] [58/121] 신촌 스타광장 (primary=KEY_2)
2026-05-27 00:18:38,485 [INFO] [59/121] 압구정로데오거리 (primary=KEY_3)
2026-05-27 00:18:39,827 [INFO] [60/121] 여의도 (primary=KEY_4)
2026-05-27 00:18:42,467 [INFO] [61/121] 연남동 (primary=KEY_1)
2026-05-27 00:18:43,795 [INFO] [62/121] 영등포 타임스퀘어 (primary=KEY_2)
2026-05-27 00:18:45,161 [INFO] [63/121] 용리단길 (primary=KEY_3)
2026-05-27 00:18:46,320 [INFO] [64/121] 이태원 앤틱가구거리 (primary=KEY_4)
2026-05-27 00:18:47,448 [INFO] [65/121] 익선동 (primary=KEY_1)
2026-05-27 00:18:48,810 [INFO] [66/121] 인사동 (primary=KEY_2)
2026-05-27 00:18:50,181 [INFO] [67/121] 잠실롯데타워·석촌호수 (primary=KEY_3)
2026-05-27 00:18:51,565 [INFO] [68/121] 창동 신경제 중심지 (primary=KEY_4)
2026-05-27 00:18:53,127 [INFO] [69/121] 청담동 명품거리 (primary=KEY_1)
2026-05-27 00:18:54,502 [INFO] [70/121] 청량리 제기동 일대 전통시장 (primary=KEY_2)
2026-05-27 00:18:55,870 [INFO] [71/121] 해방촌·경리단길 (primary=KEY_3)
2026-05-27 00:18:57,788 [INFO] [72/121] DDP(동대문디자인플라자) (primary=KEY_4)
2026-05-27 00:18:59,230 [INFO] [73/121] DMC(디지털미디어시티) (primary=KEY_1)
2026-05-27 00:19:00,832 [INFO] [74/121] 가산디지털단지역 (primary=KEY_2)
2026-05-27 00:19:02,403 [INFO] [75/121] 강남역 (primary=KEY_3)
2026-05-27 00:19:04,001 [INFO] [76/121] 건대입구역 (primary=KEY_4)
2026-05-27 00:19:05,359 [INFO] [77/121] 고덕역 (primary=KEY_1)
2026-05-27 00:19:06,698 [INFO] [78/121] 고속터미널역 (primary=KEY_2)
2026-05-27 00:19:07,873 [INFO] [79/121] 교대역 (primary=KEY_3)
2026-05-27 00:19:09,061 [INFO] [80/121] 구로디지털단지역 (primary=KEY_4)
2026-05-27 00:19:10,448 [INFO] [81/121] 구로역 (primary=KEY_1)
2026-05-27 00:19:11,598 [INFO] [82/121] 군자역 (primary=KEY_2)
2026-05-27 00:19:12,963 [INFO] [83/121] 대림역 (primary=KEY_3)
2026-05-27 00:19:14,295 [INFO] [84/121] 동대문역 (primary=KEY_4)
2026-05-27 00:19:15,658 [INFO] [85/121] 뚝섬역 (primary=KEY_1)
2026-05-27 00:19:16,994 [INFO] [86/121] 미아사거리역 (primary=KEY_2)
2026-05-27 00:19:18,346 [INFO] [87/121] 발산역 (primary=KEY_3)
2026-05-27 00:19:19,896 [INFO] [88/121] 사당역 (primary=KEY_4)
2026-05-27 00:19:21,251 [INFO] [89/121] 삼각지역 (primary=KEY_1)
2026-05-27 00:19:22,426 [INFO] [90/121] 서울대입구역 (primary=KEY_2)
2026-05-27 00:19:23,584 [INFO] [91/121] 서울식물원·마곡나루역 (primary=KEY_3)
2026-05-27 00:19:25,715 [INFO] [92/121] 서울역 (primary=KEY_4)
2026-05-27 00:19:27,109 [INFO] [93/121] 선릉역 (primary=KEY_1)
2026-05-27 00:19:28,689 [INFO] [94/121] 성신여대입구역 (primary=KEY_2)
2026-05-27 00:19:29,866 [INFO] [95/121] 수유역 (primary=KEY_3)
2026-05-27 00:19:31,230 [INFO] [96/121] 숭례문 (primary=KEY_4)
2026-05-27 00:19:32,613 [INFO] [97/121] 시의회 앞 (primary=KEY_1)
2026-05-27 00:19:33,983 [INFO] [98/121] 신논현역·논현역 (primary=KEY_2)
2026-05-27 00:19:35,369 [INFO] [99/121] 신도림역 (primary=KEY_3)
2026-05-27 00:19:36,516 [INFO] [100/121] 신림역 (primary=KEY_4)
2026-05-27 00:19:37,696 [INFO] [101/121] 신정네거리역 (primary=KEY_1)
2026-05-27 00:19:38,859 [INFO] [102/121] 신촌·이대역 (primary=KEY_2)
2026-05-27 00:19:40,223 [INFO] [103/121] 쌍문역 (primary=KEY_3)
2026-05-27 00:19:41,408 [INFO] [104/121] 양재역 (primary=KEY_4)
2026-05-27 00:19:42,774 [INFO] [105/121] 역삼역 (primary=KEY_1)
2026-05-27 00:19:44,108 [INFO] [106/121] 연신내역 (primary=KEY_2)
2026-05-27 00:19:45,320 [INFO] [107/121] 오목교역·목동운동장 (primary=KEY_3)
2026-05-27 00:19:46,883 [INFO] [108/121] 왕십리역 (primary=KEY_4)
2026-05-27 00:19:48,270 [INFO] [109/121] 용산역 (primary=KEY_1)
2026-05-27 00:19:49,651 [INFO] [110/121] 이태원역 (primary=KEY_2)
2026-05-27 00:19:50,794 [INFO] [111/121] 잠실새내역 (primary=KEY_3)
2026-05-27 00:19:52,144 [INFO] [112/121] 잠실역 (primary=KEY_4)
2026-05-27 00:19:53,479 [INFO] [113/121] 장지역 (primary=KEY_1)
2026-05-27 00:19:54,822 [INFO] [114/121] 장한평역 (primary=KEY_2)
2026-05-27 00:19:56,174 [INFO] [115/121] 천호역 (primary=KEY_3)
2026-05-27 00:19:57,539 [INFO] [116/121] 총신대입구(이수)역 (primary=KEY_4)
2026-05-27 00:19:58,946 [INFO] [117/121] 충정로역 (primary=KEY_1)
2026-05-27 00:20:00,178 [INFO] [118/121] 합정역 (primary=KEY_2)
2026-05-27 00:20:01,522 [INFO] [119/121] 혜화역 (primary=KEY_3)
2026-05-27 00:20:02,857 [INFO] [120/121] 홍대입구역(2호선) (primary=KEY_4)
2026-05-27 00:20:04,061 [INFO] [121/121] 회기역 (primary=KEY_1)
2026-05-27 00:20:05,742 [INFO] === 수집 완료 | 성공 121, 실패 0 ===
2026-05-27 00:20:05,742 [INFO] 카테고리별 저장 결과:
2026-05-27 00:20:05,743 [INFO]    accident                  | 신규     1행 | 누적      1행 | 16컬럼
2026-05-27 00:20:05,743 [INFO]    area_meta                 | 신규   121행 | 누적    121행 | 5컬럼
2026-05-27 00:20:05,743 [INFO]    bike                      | 신규    11행 | 누적     11행 | 12컬럼
2026-05-27 00:20:05,743 [INFO]    bike_sbike_stts           | 신규   557행 | 누적    557행 | 12컬럼
2026-05-27 00:20:05,743 [INFO]    bus                       | 신규     3행 | 누적      3행 | 11컬럼
2026-05-27 00:20:05,743 [INFO]    bus_bus_stn_stts          | 신규  1745행 | 누적   1745행 | 11컬럼
2026-05-27 00:20:05,743 [INFO]    charger                   | 신규    25행 | 누적     25행 | 15컬럼
2026-05-27 00:20:05,743 [INFO]    charger_charger_stts      | 신규   322행 | 누적    322행 | 15컬럼
2026-05-27 00:20:05,743 [INFO]    cmrcl                     | 신규    82행 | 누적     82행 | 20컬럼
2026-05-27 00:20:05,743 [INFO]    events                    | 신규    11행 | 누적     11행 | 14컬럼
2026-05-27 00:20:05,743 [INFO]    events_event_stts         | 신규   168행 | 누적    168행 | 14컬럼
2026-05-27 00:20:05,743 [INFO]    parking                   | 신규     6행 | 누적      6행 | 21컬럼
2026-05-27 00:20:05,743 [INFO]    parking_prk_stts          | 신규  1835행 | 누적   1835행 | 21컬럼
2026-05-27 00:20:05,743 [INFO]    ppltn                     | 신규   121행 | 누적    121행 | 26컬럼
2026-05-27 00:20:05,743 [INFO]    road                      | 신규   121행 | 누적    121행 | 21컬럼
2026-05-27 00:20:05,743 [INFO]    road_road_traffic_stts    | 신규  5252행 | 누적   5252행 | 17컬럼
2026-05-27 00:20:05,743 [INFO]    subway                    | 신규    38행 | 누적     38행 | 12컬럼
2026-05-27 00:20:05,743 [INFO]    subway_sub_stts           | 신규   183행 | 누적    183행 | 13컬럼
2026-05-27 00:20:05,743 [INFO]    weather                   | 신규   119행 | 누적    119행 | 29컬럼
2026-05-27 00:20:05,743 [INFO] 키별 사용량:
2026-05-27 00:20:05,743 [INFO]    🟢 KEY_1 (31/1000) 
2026-05-27 00:20:05,743 [INFO]    🟢 KEY_2 (30/1000) 
2026-05-27 00:20:05,744 [INFO]    🟢 KEY_3 (30/1000) 
2026-05-27 00:20:05,744 [INFO]    🟢 KEY_4 (30/1000) 
2026-05-27 02:17:18,376 [INFO] 등록된 키: 4개, 합산 한도 4,000건/일
2026-05-27 02:17:18,377 [INFO] POI 로드: 매뉴얼 v8.5 기준 fallback 121개 (121개 전체)
2026-05-27 02:17:18,377 [INFO] === 수집 시작 2026-05-27T02:17:18.377316+09:00 ===
2026-05-27 02:17:18,377 [INFO] 대상 장소: 121개 | API: citydata (통합)
2026-05-27 02:17:18,377 [INFO] 키 풀: 4/4 활성 | 오늘 사용 0/4000건
2026-05-27 02:17:18,377 [INFO]   [KEY_1] 담당 31장소
2026-05-27 02:17:18,377 [INFO]   [KEY_2] 담당 30장소
2026-05-27 02:17:18,377 [INFO]   [KEY_3] 담당 30장소
2026-05-27 02:17:18,377 [INFO]   [KEY_4] 담당 30장소
2026-05-27 02:17:18,377 [INFO] [1/121] 경복궁 (primary=KEY_1)
2026-05-27 02:17:20,177 [INFO] [2/121] 광화문·덕수궁 (primary=KEY_2)
2026-05-27 02:17:22,949 [INFO] [3/121] 보신각 (primary=KEY_3)
2026-05-27 02:17:24,907 [INFO] [4/121] 서울 암사동 유적 (primary=KEY_4)
2026-05-27 02:17:26,842 [INFO] [5/121] 창덕궁·종묘 (primary=KEY_1)
2026-05-27 02:17:28,975 [INFO] [6/121] 강남 MICE 관광특구 (primary=KEY_2)
2026-05-27 02:17:30,941 [INFO] [7/121] 동대문 관광특구 (primary=KEY_3)
2026-05-27 02:17:33,376 [INFO] [8/121] 명동 관광특구 (primary=KEY_4)
2026-05-27 02:17:35,400 [INFO] [9/121] 이태원 관광특구 (primary=KEY_1)
2026-05-27 02:17:37,563 [INFO] [10/121] 잠실 관광특구 (primary=KEY_2)
2026-05-27 02:17:39,577 [INFO] [11/121] 종로·청계 관광특구 (primary=KEY_3)
2026-05-27 02:17:41,966 [INFO] [12/121] 홍대 관광특구 (primary=KEY_4)
2026-05-27 02:17:43,780 [INFO] [13/121] 강서한강공원 (primary=KEY_1)
2026-05-27 02:17:44,931 [INFO] [14/121] 고척돔 (primary=KEY_2)
2026-05-27 02:17:46,278 [INFO] [15/121] 광나루한강공원 (primary=KEY_3)
2026-05-27 02:17:48,340 [INFO] [16/121] 광화문광장 (primary=KEY_4)
2026-05-27 02:17:50,715 [INFO] [17/121] 국립중앙박물관·용산가족공원 (primary=KEY_1)
2026-05-27 02:17:51,882 [INFO] [18/121] 난지한강공원 (primary=KEY_2)
2026-05-27 02:17:53,624 [INFO] [19/121] 남산공원 (primary=KEY_3)
2026-05-27 02:17:55,908 [INFO] [20/121] 노들섬 (primary=KEY_4)
2026-05-27 02:17:57,834 [INFO] [21/121] 뚝섬한강공원 (primary=KEY_1)
2026-05-27 02:17:58,996 [INFO] [22/121] 망원한강공원 (primary=KEY_2)
2026-05-27 02:18:00,357 [INFO] [23/121] 반포한강공원 (primary=KEY_3)
2026-05-27 02:18:01,551 [INFO] [24/121] 보라매공원 (primary=KEY_4)
2026-05-27 02:18:02,727 [INFO] [25/121] 북서울꿈의숲 (primary=KEY_1)
2026-05-27 02:18:04,085 [INFO] [26/121] 서대문독립공원 (primary=KEY_2)
2026-05-27 02:18:06,219 [INFO] [27/121] 서리풀공원·몽마르뜨공원 (primary=KEY_3)
2026-05-27 02:18:07,409 [INFO] [28/121] 서울대공원 (primary=KEY_4)
2026-05-27 02:18:08,561 [INFO] [29/121] 서울숲공원 (primary=KEY_1)
2026-05-27 02:18:09,910 [INFO] [30/121] 송현녹지광장 (primary=KEY_2)
2026-05-27 02:18:11,314 [INFO] [31/121] 아차산 (primary=KEY_3)
2026-05-27 02:18:12,475 [INFO] [32/121] 안양천 (primary=KEY_4)
2026-05-27 02:18:13,628 [INFO] [33/121] 양화한강공원 (primary=KEY_1)
2026-05-27 02:18:14,777 [INFO] [34/121] 어린이대공원 (primary=KEY_2)
2026-05-27 02:18:16,152 [INFO] [35/121] 여의도한강공원 (primary=KEY_3)
2026-05-27 02:18:18,508 [INFO] [36/121] 여의서로 (primary=KEY_4)
2026-05-27 02:18:19,865 [INFO] [37/121] 올림픽공원 (primary=KEY_1)
2026-05-27 02:18:21,252 [INFO] [38/121] 월드컵공원 (primary=KEY_2)
2026-05-27 02:18:22,826 [INFO] [39/121] 응봉산 (primary=KEY_3)
2026-05-27 02:18:24,190 [INFO] [40/121] 이촌한강공원 (primary=KEY_4)
2026-05-27 02:18:26,118 [INFO] [41/121] 잠실종합운동장 (primary=KEY_1)
2026-05-27 02:18:27,285 [INFO] [42/121] 잠실한강공원 (primary=KEY_2)
2026-05-27 02:18:28,449 [INFO] [43/121] 잠원한강공원 (primary=KEY_3)
2026-05-27 02:18:30,407 [INFO] [44/121] 청계산 (primary=KEY_4)
2026-05-27 02:18:32,361 [INFO] [45/121] 홍제폭포 (primary=KEY_1)
2026-05-27 02:18:33,510 [INFO] [46/121] 가락시장 (primary=KEY_2)
2026-05-27 02:18:34,904 [INFO] [47/121] 가로수길 (primary=KEY_3)
2026-05-27 02:18:36,304 [INFO] [48/121] 광장(전통)시장 (primary=KEY_4)
2026-05-27 02:18:37,475 [INFO] [49/121] 김포공항 (primary=KEY_1)
2026-05-27 02:18:39,482 [INFO] [50/121] 남대문시장 (primary=KEY_2)
2026-05-27 02:18:41,436 [INFO] [51/121] 노량진 (primary=KEY_3)
2026-05-27 02:18:42,823 [INFO] [52/121] 덕수궁길·정동길 (primary=KEY_4)
2026-05-27 02:18:44,198 [INFO] [53/121] 북창동 먹자골목 (primary=KEY_1)
2026-05-27 02:18:45,578 [INFO] [54/121] 북촌한옥마을 (primary=KEY_2)
2026-05-27 02:18:47,146 [INFO] [55/121] 서촌 (primary=KEY_3)
2026-05-27 02:18:48,503 [INFO] [56/121] 성수카페거리 (primary=KEY_4)
2026-05-27 02:18:50,091 [INFO] [57/121] 송리단길·호수단길 (primary=KEY_1)
2026-05-27 02:18:51,491 [INFO] [58/121] 신촌 스타광장 (primary=KEY_2)
2026-05-27 02:18:52,668 [INFO] [59/121] 압구정로데오거리 (primary=KEY_3)
2026-05-27 02:18:54,044 [INFO] [60/121] 여의도 (primary=KEY_4)
2026-05-27 02:18:56,292 [INFO] [61/121] 연남동 (primary=KEY_1)
2026-05-27 02:18:57,671 [INFO] [62/121] 영등포 타임스퀘어 (primary=KEY_2)
2026-05-27 02:18:59,040 [INFO] [63/121] 용리단길 (primary=KEY_3)
2026-05-27 02:19:00,244 [INFO] [64/121] 이태원 앤틱가구거리 (primary=KEY_4)
2026-05-27 02:19:01,420 [INFO] [65/121] 익선동 (primary=KEY_1)
2026-05-27 02:19:02,838 [INFO] [66/121] 인사동 (primary=KEY_2)
2026-05-27 02:19:04,221 [INFO] [67/121] 잠실롯데타워·석촌호수 (primary=KEY_3)
2026-05-27 02:19:06,046 [INFO] [68/121] 창동 신경제 중심지 (primary=KEY_4)
2026-05-27 02:19:07,830 [INFO] [69/121] 청담동 명품거리 (primary=KEY_1)
2026-05-27 02:19:09,244 [INFO] [70/121] 청량리 제기동 일대 전통시장 (primary=KEY_2)
2026-05-27 02:19:11,204 [INFO] [71/121] 해방촌·경리단길 (primary=KEY_3)
2026-05-27 02:19:12,965 [INFO] [72/121] DDP(동대문디자인플라자) (primary=KEY_4)
2026-05-27 02:19:15,538 [INFO] [73/121] DMC(디지털미디어시티) (primary=KEY_1)
2026-05-27 02:19:17,933 [INFO] [74/121] 가산디지털단지역 (primary=KEY_2)
2026-05-27 02:19:20,702 [INFO] [75/121] 강남역 (primary=KEY_3)
2026-05-27 02:19:23,086 [INFO] [76/121] 건대입구역 (primary=KEY_4)
2026-05-27 02:19:25,076 [INFO] [77/121] 고덕역 (primary=KEY_1)
2026-05-27 02:19:27,246 [INFO] [78/121] 고속터미널역 (primary=KEY_2)
2026-05-27 02:19:29,221 [INFO] [79/121] 교대역 (primary=KEY_3)
2026-05-27 02:19:31,201 [INFO] [80/121] 구로디지털단지역 (primary=KEY_4)
2026-05-27 02:19:33,753 [INFO] [81/121] 구로역 (primary=KEY_1)
2026-05-27 02:19:35,720 [INFO] [82/121] 군자역 (primary=KEY_2)
2026-05-27 02:19:36,909 [INFO] [83/121] 대림역 (primary=KEY_3)
2026-05-27 02:19:38,271 [INFO] [84/121] 동대문역 (primary=KEY_4)
2026-05-27 02:19:39,638 [INFO] [85/121] 뚝섬역 (primary=KEY_1)
2026-05-27 02:19:41,795 [INFO] [86/121] 미아사거리역 (primary=KEY_2)
2026-05-27 02:19:43,181 [INFO] [87/121] 발산역 (primary=KEY_3)
2026-05-27 02:19:45,744 [INFO] [88/121] 사당역 (primary=KEY_4)
2026-05-27 02:19:47,735 [INFO] [89/121] 삼각지역 (primary=KEY_1)
2026-05-27 02:19:48,921 [INFO] [90/121] 서울대입구역 (primary=KEY_2)
2026-05-27 02:19:50,296 [INFO] [91/121] 서울식물원·마곡나루역 (primary=KEY_3)
2026-05-27 02:19:51,896 [INFO] [92/121] 서울역 (primary=KEY_4)
2026-05-27 02:19:53,942 [INFO] [93/121] 선릉역 (primary=KEY_1)
2026-05-27 02:19:56,731 [INFO] [94/121] 성신여대입구역 (primary=KEY_2)
2026-05-27 02:19:58,888 [INFO] [95/121] 수유역 (primary=KEY_3)
2026-05-27 02:20:00,272 [INFO] [96/121] 숭례문 (primary=KEY_4)
2026-05-27 02:20:02,414 [INFO] [97/121] 시의회 앞 (primary=KEY_1)
2026-05-27 02:20:03,770 [INFO] [98/121] 신논현역·논현역 (primary=KEY_2)
2026-05-27 02:20:05,730 [INFO] [99/121] 신도림역 (primary=KEY_3)
2026-05-27 02:20:06,904 [INFO] [100/121] 신림역 (primary=KEY_4)
2026-05-27 02:20:08,073 [INFO] [101/121] 신정네거리역 (primary=KEY_1)
2026-05-27 02:20:09,423 [INFO] [102/121] 신촌·이대역 (primary=KEY_2)
2026-05-27 02:20:10,796 [INFO] [103/121] 쌍문역 (primary=KEY_3)
2026-05-27 02:20:12,147 [INFO] [104/121] 양재역 (primary=KEY_4)
2026-05-27 02:20:14,668 [INFO] [105/121] 역삼역 (primary=KEY_1)
2026-05-27 02:20:16,222 [INFO] [106/121] 연신내역 (primary=KEY_2)
2026-05-27 02:20:17,394 [INFO] [107/121] 오목교역·목동운동장 (primary=KEY_3)
2026-05-27 02:20:19,380 [INFO] [108/121] 왕십리역 (primary=KEY_4)
2026-05-27 02:20:20,789 [INFO] [109/121] 용산역 (primary=KEY_1)
2026-05-27 02:20:22,976 [INFO] [110/121] 이태원역 (primary=KEY_2)
2026-05-27 02:20:24,214 [INFO] [111/121] 잠실새내역 (primary=KEY_3)
2026-05-27 02:20:25,578 [INFO] [112/121] 잠실역 (primary=KEY_4)
2026-05-27 02:20:27,163 [INFO] [113/121] 장지역 (primary=KEY_1)
2026-05-27 02:20:29,533 [INFO] [114/121] 장한평역 (primary=KEY_2)
2026-05-27 02:20:30,900 [INFO] [115/121] 천호역 (primary=KEY_3)
2026-05-27 02:20:32,874 [INFO] [116/121] 총신대입구(이수)역 (primary=KEY_4)
2026-05-27 02:20:34,268 [INFO] [117/121] 충정로역 (primary=KEY_1)
2026-05-27 02:20:35,650 [INFO] [118/121] 합정역 (primary=KEY_2)
2026-05-27 02:20:37,835 [INFO] [119/121] 혜화역 (primary=KEY_3)
2026-05-27 02:20:39,209 [INFO] [120/121] 홍대입구역(2호선) (primary=KEY_4)
2026-05-27 02:20:40,586 [INFO] [121/121] 회기역 (primary=KEY_1)
2026-05-27 02:20:43,312 [INFO] === 수집 완료 | 성공 121, 실패 0 ===
2026-05-27 02:20:43,312 [INFO] 카테고리별 저장 결과:
2026-05-27 02:20:43,312 [INFO]    accident                  | 신규     1행 | 누적      2행 | 16컬럼
2026-05-27 02:20:43,312 [INFO]    area_meta                 | 신규   121행 | 누적    242행 | 5컬럼
2026-05-27 02:20:43,312 [INFO]    bike                      | 신규    11행 | 누적     22행 | 12컬럼
2026-05-27 02:20:43,313 [INFO]    bike_sbike_stts           | 신규   557행 | 누적   1114행 | 12컬럼
2026-05-27 02:20:43,313 [INFO]    bus                       | 신규     3행 | 누적      6행 | 11컬럼
2026-05-27 02:20:43,313 [INFO]    bus_bus_stn_stts          | 신규  1745행 | 누적   3490행 | 11컬럼
2026-05-27 02:20:43,313 [INFO]    charger                   | 신규     4행 | 누적     29행 | 15컬럼
2026-05-27 02:20:43,313 [INFO]    charger_charger_stts      | 신규  1870행 | 누적   2175행 | 15컬럼
2026-05-27 02:20:43,313 [INFO]    cmrcl                     | 신규    82행 | 누적    164행 | 20컬럼
2026-05-27 02:20:43,313 [INFO]    events                    | 신규    11행 | 누적     22행 | 14컬럼
2026-05-27 02:20:43,313 [INFO]    events_event_stts         | 신규   168행 | 누적    336행 | 14컬럼
2026-05-27 02:20:43,313 [INFO]    parking                   | 신규     6행 | 누적     12행 | 21컬럼
2026-05-27 02:20:43,313 [INFO]    parking_prk_stts          | 신규  1835행 | 누적   3670행 | 21컬럼
2026-05-27 02:20:43,313 [INFO]    ppltn                     | 신규   121행 | 누적    242행 | 26컬럼
2026-05-27 02:20:43,313 [INFO]    road                      | 신규   121행 | 누적    242행 | 21컬럼
2026-05-27 02:20:43,313 [INFO]    road_road_traffic_stts    | 신규  5252행 | 누적  10504행 | 17컬럼
2026-05-27 02:20:43,313 [INFO]    subway                    | 신규    38행 | 누적     76행 | 12컬럼
2026-05-27 02:20:43,313 [INFO]    subway_sub_stts           | 신규   183행 | 누적    366행 | 13컬럼
2026-05-27 02:20:43,313 [INFO]    weather                   | 신규   119행 | 누적    238행 | 29컬럼
2026-05-27 02:20:43,313 [INFO] 키별 사용량:
2026-05-27 02:20:43,314 [INFO]    🟢 KEY_1 (31/1000) 
2026-05-27 02:20:43,314 [INFO]    🟢 KEY_2 (30/1000) 
2026-05-27 02:20:43,314 [INFO]    🟢 KEY_3 (30/1000) 
2026-05-27 02:20:43,314 [INFO]    🟢 KEY_4 (30/1000) 
2026-05-27 04:01:23,288 [INFO] 등록된 키: 4개, 합산 한도 4,000건/일
2026-05-27 04:01:23,288 [INFO] POI 로드: 매뉴얼 v8.5 기준 fallback 121개 (121개 전체)
2026-05-27 04:01:23,288 [INFO] === 수집 시작 2026-05-27T04:01:23.288852+09:00 ===
2026-05-27 04:01:23,288 [INFO] 대상 장소: 121개 | API: citydata (통합)
2026-05-27 04:01:23,289 [INFO] 키 풀: 4/4 활성 | 오늘 사용 0/4000건
2026-05-27 04:01:23,289 [INFO]   [KEY_1] 담당 31장소
2026-05-27 04:01:23,289 [INFO]   [KEY_2] 담당 30장소
2026-05-27 04:01:23,289 [INFO]   [KEY_3] 담당 30장소
2026-05-27 04:01:23,289 [INFO]   [KEY_4] 담당 30장소
2026-05-27 04:01:23,289 [INFO] [1/121] 경복궁 (primary=KEY_1)
2026-05-27 04:01:25,177 [INFO] [2/121] 광화문·덕수궁 (primary=KEY_2)
2026-05-27 04:01:27,583 [INFO] [3/121] 보신각 (primary=KEY_3)
2026-05-27 04:01:29,664 [INFO] [4/121] 서울 암사동 유적 (primary=KEY_4)
2026-05-27 04:01:31,297 [INFO] [5/121] 창덕궁·종묘 (primary=KEY_1)
2026-05-27 04:01:33,481 [INFO] [6/121] 강남 MICE 관광특구 (primary=KEY_2)
2026-05-27 04:01:34,712 [INFO] [7/121] 동대문 관광특구 (primary=KEY_3)
2026-05-27 04:01:36,146 [INFO] [8/121] 명동 관광특구 (primary=KEY_4)
2026-05-27 04:01:38,407 [INFO] [9/121] 이태원 관광특구 (primary=KEY_1)
2026-05-27 04:01:40,294 [INFO] [10/121] 잠실 관광특구 (primary=KEY_2)
2026-05-27 04:01:42,486 [INFO] [11/121] 종로·청계 관광특구 (primary=KEY_3)
2026-05-27 04:01:43,920 [INFO] [12/121] 홍대 관광특구 (primary=KEY_4)
2026-05-27 04:01:45,362 [INFO] [13/121] 강서한강공원 (primary=KEY_1)
2026-05-27 04:01:46,418 [INFO] [14/121] 고척돔 (primary=KEY_2)
2026-05-27 04:01:48,271 [INFO] [15/121] 광나루한강공원 (primary=KEY_3)
2026-05-27 04:01:50,436 [INFO] [16/121] 광화문광장 (primary=KEY_4)
2026-05-27 04:01:51,676 [INFO] [17/121] 국립중앙박물관·용산가족공원 (primary=KEY_1)
2026-05-27 04:01:53,310 [INFO] [18/121] 난지한강공원 (primary=KEY_2)
2026-05-27 04:01:54,513 [INFO] [19/121] 남산공원 (primary=KEY_3)
2026-05-27 04:01:55,936 [INFO] [20/121] 노들섬 (primary=KEY_4)
2026-05-27 04:01:57,830 [INFO] [21/121] 뚝섬한강공원 (primary=KEY_1)
2026-05-27 04:01:58,878 [INFO] [22/121] 망원한강공원 (primary=KEY_2)
2026-05-27 04:02:00,700 [INFO] [23/121] 반포한강공원 (primary=KEY_3)
2026-05-27 04:02:01,798 [INFO] [24/121] 보라매공원 (primary=KEY_4)
2026-05-27 04:02:03,523 [INFO] [25/121] 북서울꿈의숲 (primary=KEY_1)
2026-05-27 04:02:04,738 [INFO] [26/121] 서대문독립공원 (primary=KEY_2)
2026-05-27 04:02:05,798 [INFO] [27/121] 서리풀공원·몽마르뜨공원 (primary=KEY_3)
2026-05-27 04:02:06,895 [INFO] [28/121] 서울대공원 (primary=KEY_4)
2026-05-27 04:02:07,932 [INFO] [29/121] 서울숲공원 (primary=KEY_1)
2026-05-27 04:02:09,171 [INFO] [30/121] 송현녹지광장 (primary=KEY_2)
2026-05-27 04:02:10,394 [INFO] [31/121] 아차산 (primary=KEY_3)
2026-05-27 04:02:12,130 [INFO] [32/121] 안양천 (primary=KEY_4)
2026-05-27 04:02:13,766 [INFO] [33/121] 양화한강공원 (primary=KEY_1)
2026-05-27 04:02:14,820 [INFO] [34/121] 어린이대공원 (primary=KEY_2)
2026-05-27 04:02:16,042 [INFO] [35/121] 여의도한강공원 (primary=KEY_3)
2026-05-27 04:02:17,254 [INFO] [36/121] 여의서로 (primary=KEY_4)
2026-05-27 04:02:18,461 [INFO] [37/121] 올림픽공원 (primary=KEY_1)
2026-05-27 04:02:19,721 [INFO] [38/121] 월드컵공원 (primary=KEY_2)
2026-05-27 04:02:21,128 [INFO] [39/121] 응봉산 (primary=KEY_3)
2026-05-27 04:02:22,336 [INFO] [40/121] 이촌한강공원 (primary=KEY_4)
2026-05-27 04:02:24,042 [INFO] [41/121] 잠실종합운동장 (primary=KEY_1)
2026-05-27 04:02:25,956 [INFO] [42/121] 잠실한강공원 (primary=KEY_2)
2026-05-27 04:02:27,016 [INFO] [43/121] 잠원한강공원 (primary=KEY_3)
2026-05-27 04:02:28,072 [INFO] [44/121] 청계산 (primary=KEY_4)
2026-05-27 04:02:29,131 [INFO] [45/121] 홍제폭포 (primary=KEY_1)
2026-05-27 04:02:30,187 [INFO] [46/121] 가락시장 (primary=KEY_2)
2026-05-27 04:02:31,447 [INFO] [47/121] 가로수길 (primary=KEY_3)
2026-05-27 04:02:32,707 [INFO] [48/121] 광장(전통)시장 (primary=KEY_4)
2026-05-27 04:02:34,384 [INFO] [49/121] 김포공항 (primary=KEY_1)
2026-05-27 04:02:35,657 [INFO] [50/121] 남대문시장 (primary=KEY_2)
2026-05-27 04:02:36,900 [INFO] [51/121] 노량진 (primary=KEY_3)
2026-05-27 04:02:38,136 [INFO] [52/121] 덕수궁길·정동길 (primary=KEY_4)
2026-05-27 04:02:39,398 [INFO] [53/121] 북창동 먹자골목 (primary=KEY_1)
2026-05-27 04:02:40,632 [INFO] [54/121] 북촌한옥마을 (primary=KEY_2)
2026-05-27 04:02:42,029 [INFO] [55/121] 서촌 (primary=KEY_3)
2026-05-27 04:02:43,253 [INFO] [56/121] 성수카페거리 (primary=KEY_4)
2026-05-27 04:02:44,661 [INFO] [57/121] 송리단길·호수단길 (primary=KEY_1)
2026-05-27 04:02:45,902 [INFO] [58/121] 신촌 스타광장 (primary=KEY_2)
2026-05-27 04:02:46,978 [INFO] [59/121] 압구정로데오거리 (primary=KEY_3)
2026-05-27 04:02:48,209 [INFO] [60/121] 여의도 (primary=KEY_4)
2026-05-27 04:02:50,209 [INFO] [61/121] 연남동 (primary=KEY_1)
2026-05-27 04:02:51,440 [INFO] [62/121] 영등포 타임스퀘어 (primary=KEY_2)
2026-05-27 04:02:52,659 [INFO] [63/121] 용리단길 (primary=KEY_3)
2026-05-27 04:02:53,745 [INFO] [64/121] 이태원 앤틱가구거리 (primary=KEY_4)
2026-05-27 04:02:54,824 [INFO] [65/121] 익선동 (primary=KEY_1)
2026-05-27 04:02:56,076 [INFO] [66/121] 인사동 (primary=KEY_2)
2026-05-27 04:02:57,324 [INFO] [67/121] 잠실롯데타워·석촌호수 (primary=KEY_3)
2026-05-27 04:02:59,748 [INFO] [68/121] 창동 신경제 중심지 (primary=KEY_4)
2026-05-27 04:03:01,326 [INFO] [69/121] 청담동 명품거리 (primary=KEY_1)
2026-05-27 04:03:02,589 [INFO] [70/121] 청량리 제기동 일대 전통시장 (primary=KEY_2)
2026-05-27 04:03:04,646 [INFO] [71/121] 해방촌·경리단길 (primary=KEY_3)
2026-05-27 04:03:05,700 [INFO] [72/121] DDP(동대문디자인플라자) (primary=KEY_4)
2026-05-27 04:03:06,961 [INFO] [73/121] DMC(디지털미디어시티) (primary=KEY_1)
2026-05-27 04:03:08,562 [INFO] [74/121] 가산디지털단지역 (primary=KEY_2)
2026-05-27 04:03:10,291 [INFO] [75/121] 강남역 (primary=KEY_3)
2026-05-27 04:03:11,736 [INFO] [76/121] 건대입구역 (primary=KEY_4)
2026-05-27 04:03:12,991 [INFO] [77/121] 고덕역 (primary=KEY_1)
2026-05-27 04:03:14,230 [INFO] [78/121] 고속터미널역 (primary=KEY_2)
2026-05-27 04:03:15,491 [INFO] [79/121] 교대역 (primary=KEY_3)
2026-05-27 04:03:16,565 [INFO] [80/121] 구로디지털단지역 (primary=KEY_4)
2026-05-27 04:03:18,138 [INFO] [81/121] 구로역 (primary=KEY_1)
2026-05-27 04:03:19,343 [INFO] [82/121] 군자역 (primary=KEY_2)
2026-05-27 04:03:20,429 [INFO] [83/121] 대림역 (primary=KEY_3)
2026-05-27 04:03:21,670 [INFO] [84/121] 동대문역 (primary=KEY_4)
2026-05-27 04:03:22,899 [INFO] [85/121] 뚝섬역 (primary=KEY_1)
2026-05-27 04:03:24,128 [INFO] [86/121] 미아사거리역 (primary=KEY_2)
2026-05-27 04:03:25,344 [INFO] [87/121] 발산역 (primary=KEY_3)
2026-05-27 04:03:26,756 [INFO] [88/121] 사당역 (primary=KEY_4)
2026-05-27 04:03:27,999 [INFO] [89/121] 삼각지역 (primary=KEY_1)
2026-05-27 04:03:29,061 [INFO] [90/121] 서울대입구역 (primary=KEY_2)
2026-05-27 04:03:30,283 [INFO] [91/121] 서울식물원·마곡나루역 (primary=KEY_3)
2026-05-27 04:03:31,686 [INFO] [92/121] 서울역 (primary=KEY_4)
2026-05-27 04:03:32,962 [INFO] [93/121] 선릉역 (primary=KEY_1)
2026-05-27 04:03:34,559 [INFO] [94/121] 성신여대입구역 (primary=KEY_2)
2026-05-27 04:03:35,633 [INFO] [95/121] 수유역 (primary=KEY_3)
2026-05-27 04:03:36,865 [INFO] [96/121] 숭례문 (primary=KEY_4)
2026-05-27 04:03:38,107 [INFO] [97/121] 시의회 앞 (primary=KEY_1)
2026-05-27 04:03:39,343 [INFO] [98/121] 신논현역·논현역 (primary=KEY_2)
2026-05-27 04:03:40,596 [INFO] [99/121] 신도림역 (primary=KEY_3)
2026-05-27 04:03:41,662 [INFO] [100/121] 신림역 (primary=KEY_4)
2026-05-27 04:03:42,740 [INFO] [101/121] 신정네거리역 (primary=KEY_1)
2026-05-27 04:03:43,970 [INFO] [102/121] 신촌·이대역 (primary=KEY_2)
2026-05-27 04:03:45,199 [INFO] [103/121] 쌍문역 (primary=KEY_3)
2026-05-27 04:03:46,436 [INFO] [104/121] 양재역 (primary=KEY_4)
2026-05-27 04:03:47,679 [INFO] [105/121] 역삼역 (primary=KEY_1)
2026-05-27 04:03:49,083 [INFO] [106/121] 연신내역 (primary=KEY_2)
2026-05-27 04:03:50,177 [INFO] [107/121] 오목교역·목동운동장 (primary=KEY_3)
2026-05-27 04:03:51,911 [INFO] [108/121] 왕십리역 (primary=KEY_4)
2026-05-27 04:03:53,188 [INFO] [109/121] 용산역 (primary=KEY_1)
2026-05-27 04:03:54,597 [INFO] [110/121] 이태원역 (primary=KEY_2)
2026-05-27 04:03:55,733 [INFO] [111/121] 잠실새내역 (primary=KEY_3)
2026-05-27 04:03:56,962 [INFO] [112/121] 잠실역 (primary=KEY_4)
2026-05-27 04:03:58,366 [INFO] [113/121] 장지역 (primary=KEY_1)
2026-05-27 04:03:59,775 [INFO] [114/121] 장한평역 (primary=KEY_2)
2026-05-27 04:04:01,021 [INFO] [115/121] 천호역 (primary=KEY_3)
2026-05-27 04:04:02,273 [INFO] [116/121] 총신대입구(이수)역 (primary=KEY_4)
2026-05-27 04:04:03,516 [INFO] [117/121] 충정로역 (primary=KEY_1)
2026-05-27 04:04:04,763 [INFO] [118/121] 합정역 (primary=KEY_2)
2026-05-27 04:04:06,013 [INFO] [119/121] 혜화역 (primary=KEY_3)
2026-05-27 04:04:07,250 [INFO] [120/121] 홍대입구역(2호선) (primary=KEY_4)
2026-05-27 04:04:08,491 [INFO] [121/121] 회기역 (primary=KEY_1)
2026-05-27 04:04:10,537 [INFO] === 수집 완료 | 성공 121, 실패 0 ===
2026-05-27 04:04:10,537 [INFO] 카테고리별 저장 결과:
2026-05-27 04:04:10,537 [INFO]    accident                  | 신규     1행 | 누적      3행 | 16컬럼
2026-05-27 04:04:10,537 [INFO]    area_meta                 | 신규   121행 | 누적    363행 | 5컬럼
2026-05-27 04:04:10,537 [INFO]    bike                      | 신규    11행 | 누적     33행 | 12컬럼
2026-05-27 04:04:10,537 [INFO]    bike_sbike_stts           | 신규   557행 | 누적   1671행 | 12컬럼
2026-05-27 04:04:10,537 [INFO]    bus                       | 신규     3행 | 누적      9행 | 11컬럼
2026-05-27 04:04:10,538 [INFO]    bus_bus_stn_stts          | 신규  1745행 | 누적   5235행 | 11컬럼
2026-05-27 04:04:10,538 [INFO]    charger                   | 신규     4행 | 누적     33행 | 15컬럼
2026-05-27 04:04:10,538 [INFO]    charger_charger_stts      | 신규  1870행 | 누적   4030행 | 15컬럼
2026-05-27 04:04:10,538 [INFO]    cmrcl                     | 신규    82행 | 누적    246행 | 20컬럼
2026-05-27 04:04:10,538 [INFO]    events                    | 신규    11행 | 누적     33행 | 14컬럼
2026-05-27 04:04:10,538 [INFO]    events_event_stts         | 신규   168행 | 누적    504행 | 14컬럼
2026-05-27 04:04:10,538 [INFO]    parking                   | 신규     6행 | 누적     18행 | 21컬럼
2026-05-27 04:04:10,538 [INFO]    parking_prk_stts          | 신규  1835행 | 누적   5505행 | 21컬럼
2026-05-27 04:04:10,538 [INFO]    ppltn                     | 신규   121행 | 누적    363행 | 26컬럼
2026-05-27 04:04:10,538 [INFO]    road                      | 신규   121행 | 누적    363행 | 21컬럼
2026-05-27 04:04:10,538 [INFO]    road_road_traffic_stts    | 신규  5252행 | 누적  15756행 | 17컬럼
2026-05-27 04:04:10,538 [INFO]    subway                    | 신규    38행 | 누적    114행 | 12컬럼
2026-05-27 04:04:10,538 [INFO]    subway_sub_stts           | 신규   183행 | 누적    549행 | 13컬럼
2026-05-27 04:04:10,538 [INFO]    weather                   | 신규   119행 | 누적    357행 | 29컬럼
2026-05-27 04:04:10,538 [INFO] 키별 사용량:
2026-05-27 04:04:10,538 [INFO]    🟢 KEY_1 (31/1000) 
2026-05-27 04:04:10,538 [INFO]    🟢 KEY_2 (30/1000) 
2026-05-27 04:04:10,538 [INFO]    🟢 KEY_3 (30/1000) 
2026-05-27 04:04:10,538 [INFO]    🟢 KEY_4 (30/1000) 
2026-05-27 04:47:30,135 [INFO] 등록된 키: 4개, 합산 한도 4,000건/일
2026-05-27 04:47:30,136 [INFO] POI 로드: 매뉴얼 v8.5 기준 fallback 121개 (121개 전체)
2026-05-27 04:47:30,136 [INFO] === 수집 시작 2026-05-27T04:47:30.136227+09:00 ===
2026-05-27 04:47:30,136 [INFO] 대상 장소: 121개 | API: citydata (통합)
2026-05-27 04:47:30,136 [INFO] 키 풀: 4/4 활성 | 오늘 사용 0/4000건
2026-05-27 04:47:30,136 [INFO]   [KEY_1] 담당 31장소
2026-05-27 04:47:30,136 [INFO]   [KEY_2] 담당 30장소
2026-05-27 04:47:30,136 [INFO]   [KEY_3] 담당 30장소
2026-05-27 04:47:30,136 [INFO]   [KEY_4] 담당 30장소
2026-05-27 04:47:30,136 [INFO] [1/121] 경복궁 (primary=KEY_1)
2026-05-27 04:47:32,137 [INFO] [2/121] 광화문·덕수궁 (primary=KEY_2)
2026-05-27 04:47:34,721 [INFO] [3/121] 보신각 (primary=KEY_3)
2026-05-27 04:47:36,882 [INFO] [4/121] 서울 암사동 유적 (primary=KEY_4)
2026-05-27 04:47:38,236 [INFO] [5/121] 창덕궁·종묘 (primary=KEY_1)
2026-05-27 04:47:40,190 [INFO] [6/121] 강남 MICE 관광특구 (primary=KEY_2)
2026-05-27 04:47:42,182 [INFO] [7/121] 동대문 관광특구 (primary=KEY_3)
2026-05-27 04:47:44,614 [INFO] [8/121] 명동 관광특구 (primary=KEY_4)
2026-05-27 04:47:47,061 [INFO] [9/121] 이태원 관광특구 (primary=KEY_1)
2026-05-27 04:47:49,265 [INFO] [10/121] 잠실 관광특구 (primary=KEY_2)
2026-05-27 04:47:51,888 [INFO] [11/121] 종로·청계 관광특구 (primary=KEY_3)
2026-05-27 04:47:54,325 [INFO] [12/121] 홍대 관광특구 (primary=KEY_4)
2026-05-27 04:47:55,973 [INFO] [13/121] 강서한강공원 (primary=KEY_1)
2026-05-27 04:47:57,723 [INFO] [14/121] 고척돔 (primary=KEY_2)
2026-05-27 04:48:00,057 [INFO] [15/121] 광나루한강공원 (primary=KEY_3)
2026-05-27 04:48:01,408 [INFO] [16/121] 광화문광장 (primary=KEY_4)
2026-05-27 04:48:03,575 [INFO] [17/121] 국립중앙박물관·용산가족공원 (primary=KEY_1)
2026-05-27 04:48:05,536 [INFO] [18/121] 난지한강공원 (primary=KEY_2)
2026-05-27 04:48:07,280 [INFO] [19/121] 남산공원 (primary=KEY_3)
2026-05-27 04:48:09,477 [INFO] [20/121] 노들섬 (primary=KEY_4)
2026-05-27 04:48:11,230 [INFO] [21/121] 뚝섬한강공원 (primary=KEY_1)
2026-05-27 04:48:13,002 [INFO] [22/121] 망원한강공원 (primary=KEY_2)
2026-05-27 04:48:14,383 [INFO] [23/121] 반포한강공원 (primary=KEY_3)
2026-05-27 04:48:16,158 [INFO] [24/121] 보라매공원 (primary=KEY_4)
2026-05-27 04:48:17,328 [INFO] [25/121] 북서울꿈의숲 (primary=KEY_1)
2026-05-27 04:48:18,688 [INFO] [26/121] 서대문독립공원 (primary=KEY_2)
2026-05-27 04:48:19,857 [INFO] [27/121] 서리풀공원·몽마르뜨공원 (primary=KEY_3)
2026-05-27 04:48:21,666 [INFO] [28/121] 서울대공원 (primary=KEY_4)
2026-05-27 04:48:22,812 [INFO] [29/121] 서울숲공원 (primary=KEY_1)
2026-05-27 04:48:24,964 [INFO] [30/121] 송현녹지광장 (primary=KEY_2)
2026-05-27 04:48:26,322 [INFO] [31/121] 아차산 (primary=KEY_3)
2026-05-27 04:48:28,093 [INFO] [32/121] 안양천 (primary=KEY_4)
2026-05-27 04:48:29,841 [INFO] [33/121] 양화한강공원 (primary=KEY_1)
2026-05-27 04:48:31,001 [INFO] [34/121] 어린이대공원 (primary=KEY_2)
2026-05-27 04:48:32,377 [INFO] [35/121] 여의도한강공원 (primary=KEY_3)
2026-05-27 04:48:33,744 [INFO] [36/121] 여의서로 (primary=KEY_4)
2026-05-27 04:48:35,689 [INFO] [37/121] 올림픽공원 (primary=KEY_1)
2026-05-27 04:48:37,088 [INFO] [38/121] 월드컵공원 (primary=KEY_2)
2026-05-27 04:48:38,675 [INFO] [39/121] 응봉산 (primary=KEY_3)
2026-05-27 04:48:40,024 [INFO] [40/121] 이촌한강공원 (primary=KEY_4)
2026-05-27 04:48:41,190 [INFO] [41/121] 잠실종합운동장 (primary=KEY_1)
2026-05-27 04:48:42,364 [INFO] [42/121] 잠실한강공원 (primary=KEY_2)
2026-05-27 04:48:43,525 [INFO] [43/121] 잠원한강공원 (primary=KEY_3)
2026-05-27 04:48:44,685 [INFO] [44/121] 청계산 (primary=KEY_4)
2026-05-27 04:48:45,839 [INFO] [45/121] 홍제폭포 (primary=KEY_1)
2026-05-27 04:48:46,994 [INFO] [46/121] 가락시장 (primary=KEY_2)
2026-05-27 04:48:48,378 [INFO] [47/121] 가로수길 (primary=KEY_3)
2026-05-27 04:48:49,787 [INFO] [48/121] 광장(전통)시장 (primary=KEY_4)
2026-05-27 04:48:50,970 [INFO] [49/121] 김포공항 (primary=KEY_1)
2026-05-27 04:48:52,384 [INFO] [50/121] 남대문시장 (primary=KEY_2)
2026-05-27 04:48:53,746 [INFO] [51/121] 노량진 (primary=KEY_3)
2026-05-27 04:48:55,126 [INFO] [52/121] 덕수궁길·정동길 (primary=KEY_4)
2026-05-27 04:48:56,519 [INFO] [53/121] 북창동 먹자골목 (primary=KEY_1)
2026-05-27 04:48:57,881 [INFO] [54/121] 북촌한옥마을 (primary=KEY_2)
2026-05-27 04:48:59,464 [INFO] [55/121] 서촌 (primary=KEY_3)
2026-05-27 04:49:00,830 [INFO] [56/121] 성수카페거리 (primary=KEY_4)
2026-05-27 04:49:02,415 [INFO] [57/121] 송리단길·호수단길 (primary=KEY_1)
2026-05-27 04:49:03,808 [INFO] [58/121] 신촌 스타광장 (primary=KEY_2)
2026-05-27 04:49:04,979 [INFO] [59/121] 압구정로데오거리 (primary=KEY_3)
2026-05-27 04:49:06,363 [INFO] [60/121] 여의도 (primary=KEY_4)
2026-05-27 04:49:09,227 [INFO] [61/121] 연남동 (primary=KEY_1)
2026-05-27 04:49:10,597 [INFO] [62/121] 영등포 타임스퀘어 (primary=KEY_2)
2026-05-27 04:49:11,972 [INFO] [63/121] 용리단길 (primary=KEY_3)
2026-05-27 04:49:13,814 [INFO] [64/121] 이태원 앤틱가구거리 (primary=KEY_4)
2026-05-27 04:49:15,005 [INFO] [65/121] 익선동 (primary=KEY_1)
2026-05-27 04:49:16,407 [INFO] [66/121] 인사동 (primary=KEY_2)
2026-05-27 04:49:17,997 [INFO] [67/121] 잠실롯데타워·석촌호수 (primary=KEY_3)
2026-05-27 04:49:19,798 [INFO] [68/121] 창동 신경제 중심지 (primary=KEY_4)
2026-05-27 04:49:21,601 [INFO] [69/121] 청담동 명품거리 (primary=KEY_1)
2026-05-27 04:49:23,038 [INFO] [70/121] 청량리 제기동 일대 전통시장 (primary=KEY_2)
2026-05-27 04:49:24,503 [INFO] [71/121] 해방촌·경리단길 (primary=KEY_3)
2026-05-27 04:49:25,671 [INFO] [72/121] DDP(동대문디자인플라자) (primary=KEY_4)
2026-05-27 04:49:27,060 [INFO] [73/121] DMC(디지털미디어시티) (primary=KEY_1)
2026-05-27 04:49:29,695 [INFO] [74/121] 가산디지털단지역 (primary=KEY_2)
2026-05-27 04:49:31,493 [INFO] [75/121] 강남역 (primary=KEY_3)
2026-05-27 04:49:33,171 [INFO] [76/121] 건대입구역 (primary=KEY_4)
2026-05-27 04:49:34,551 [INFO] [77/121] 고덕역 (primary=KEY_1)
2026-05-27 04:49:35,934 [INFO] [78/121] 고속터미널역 (primary=KEY_2)
2026-05-27 04:49:37,328 [INFO] [79/121] 교대역 (primary=KEY_3)
2026-05-27 04:49:38,537 [INFO] [80/121] 구로디지털단지역 (primary=KEY_4)
2026-05-27 04:49:41,271 [INFO] [81/121] 구로역 (primary=KEY_1)
2026-05-27 04:49:43,222 [INFO] [82/121] 군자역 (primary=KEY_2)
2026-05-27 04:49:45,396 [INFO] [83/121] 대림역 (primary=KEY_3)
2026-05-27 04:49:47,569 [INFO] [84/121] 동대문역 (primary=KEY_4)
2026-05-27 04:49:48,970 [INFO] [85/121] 뚝섬역 (primary=KEY_1)
2026-05-27 04:49:50,958 [INFO] [86/121] 미아사거리역 (primary=KEY_2)
2026-05-27 04:49:52,336 [INFO] [87/121] 발산역 (primary=KEY_3)
2026-05-27 04:49:54,925 [INFO] [88/121] 사당역 (primary=KEY_4)
2026-05-27 04:49:57,089 [INFO] [89/121] 삼각지역 (primary=KEY_1)
2026-05-27 04:49:58,272 [INFO] [90/121] 서울대입구역 (primary=KEY_2)
2026-05-27 04:50:00,242 [INFO] [91/121] 서울식물원·마곡나루역 (primary=KEY_3)
2026-05-27 04:50:02,438 [INFO] [92/121] 서울역 (primary=KEY_4)
2026-05-27 04:50:03,846 [INFO] [93/121] 선릉역 (primary=KEY_1)
2026-05-27 04:50:06,605 [INFO] [94/121] 성신여대입구역 (primary=KEY_2)
2026-05-27 04:50:07,858 [INFO] [95/121] 수유역 (primary=KEY_3)
2026-05-27 04:50:10,029 [INFO] [96/121] 숭례문 (primary=KEY_4)
2026-05-27 04:50:11,398 [INFO] [97/121] 시의회 앞 (primary=KEY_1)
2026-05-27 04:50:13,366 [INFO] [98/121] 신논현역·논현역 (primary=KEY_2)
2026-05-27 04:50:14,762 [INFO] [99/121] 신도림역 (primary=KEY_3)
2026-05-27 04:50:15,935 [INFO] [100/121] 신림역 (primary=KEY_4)
2026-05-27 04:50:17,125 [INFO] [101/121] 신정네거리역 (primary=KEY_1)
2026-05-27 04:50:18,490 [INFO] [102/121] 신촌·이대역 (primary=KEY_2)
2026-05-27 04:50:20,441 [INFO] [103/121] 쌍문역 (primary=KEY_3)
2026-05-27 04:50:22,405 [INFO] [104/121] 양재역 (primary=KEY_4)
2026-05-27 04:50:24,411 [INFO] [105/121] 역삼역 (primary=KEY_1)
2026-05-27 04:50:26,780 [INFO] [106/121] 연신내역 (primary=KEY_2)
2026-05-27 04:50:27,963 [INFO] [107/121] 오목교역·목동운동장 (primary=KEY_3)
2026-05-27 04:50:30,558 [INFO] [108/121] 왕십리역 (primary=KEY_4)
2026-05-27 04:50:32,015 [INFO] [109/121] 용산역 (primary=KEY_1)
2026-05-27 04:50:34,373 [INFO] [110/121] 이태원역 (primary=KEY_2)
2026-05-27 04:50:36,221 [INFO] [111/121] 잠실새내역 (primary=KEY_3)
2026-05-27 04:50:37,595 [INFO] [112/121] 잠실역 (primary=KEY_4)
2026-05-27 04:50:39,195 [INFO] [113/121] 장지역 (primary=KEY_1)
2026-05-27 04:50:40,788 [INFO] [114/121] 장한평역 (primary=KEY_2)
2026-05-27 04:50:42,178 [INFO] [115/121] 천호역 (primary=KEY_3)
2026-05-27 04:50:43,562 [INFO] [116/121] 총신대입구(이수)역 (primary=KEY_4)
2026-05-27 04:50:45,720 [INFO] [117/121] 충정로역 (primary=KEY_1)
2026-05-27 04:50:47,918 [INFO] [118/121] 합정역 (primary=KEY_2)
2026-05-27 04:50:49,310 [INFO] [119/121] 혜화역 (primary=KEY_3)
2026-05-27 04:50:50,680 [INFO] [120/121] 홍대입구역(2호선) (primary=KEY_4)
2026-05-27 04:50:52,050 [INFO] [121/121] 회기역 (primary=KEY_1)
2026-05-27 04:50:54,462 [INFO] === 수집 완료 | 성공 121, 실패 0 ===
2026-05-27 04:50:54,462 [INFO] 카테고리별 저장 결과:
2026-05-27 04:50:54,462 [INFO]    accident                  | 신규     1행 | 누적      4행 | 16컬럼
2026-05-27 04:50:54,462 [INFO]    area_meta                 | 신규   121행 | 누적    484행 | 5컬럼
2026-05-27 04:50:54,462 [INFO]    bike                      | 신규    11행 | 누적     44행 | 12컬럼
2026-05-27 04:50:54,462 [INFO]    bike_sbike_stts           | 신규   557행 | 누적   2228행 | 12컬럼
2026-05-27 04:50:54,462 [INFO]    bus                       | 신규     3행 | 누적     12행 | 11컬럼
2026-05-27 04:50:54,462 [INFO]    bus_bus_stn_stts          | 신규  1745행 | 누적   6980행 | 11컬럼
2026-05-27 04:50:54,462 [INFO]    charger                   | 신규     4행 | 누적     37행 | 15컬럼
2026-05-27 04:50:54,463 [INFO]    charger_charger_stts      | 신규  1870행 | 누적   5885행 | 15컬럼
2026-05-27 04:50:54,463 [INFO]    cmrcl                     | 신규    82행 | 누적    328행 | 20컬럼
2026-05-27 04:50:54,463 [INFO]    events                    | 신규    11행 | 누적     44행 | 14컬럼
2026-05-27 04:50:54,463 [INFO]    events_event_stts         | 신규   168행 | 누적    672행 | 14컬럼
2026-05-27 04:50:54,463 [INFO]    parking                   | 신규     6행 | 누적     24행 | 21컬럼
2026-05-27 04:50:54,463 [INFO]    parking_prk_stts          | 신규  1835행 | 누적   7340행 | 21컬럼
2026-05-27 04:50:54,463 [INFO]    ppltn                     | 신규   121행 | 누적    484행 | 26컬럼
2026-05-27 04:50:54,463 [INFO]    road                      | 신규   121행 | 누적    484행 | 21컬럼
2026-05-27 04:50:54,463 [INFO]    road_road_traffic_stts    | 신규  5252행 | 누적  21008행 | 17컬럼
2026-05-27 04:50:54,463 [INFO]    subway                    | 신규    38행 | 누적    152행 | 13컬럼
2026-05-27 04:50:54,463 [INFO]    subway_sub_stts           | 신규   183행 | 누적    732행 | 13컬럼
2026-05-27 04:50:54,463 [INFO]    weather                   | 신규   119행 | 누적    476행 | 29컬럼
2026-05-27 04:50:54,463 [INFO] 키별 사용량:
2026-05-27 04:50:54,463 [INFO]    🟢 KEY_1 (31/1000) 
2026-05-27 04:50:54,463 [INFO]    🟢 KEY_2 (30/1000) 
2026-05-27 04:50:54,463 [INFO]    🟢 KEY_3 (30/1000) 
2026-05-27 04:50:54,463 [INFO]    🟢 KEY_4 (30/1000) 
2026-05-27 05:49:17,621 [INFO] 등록된 키: 4개, 합산 한도 4,000건/일
2026-05-27 05:49:17,621 [INFO] POI 로드: 매뉴얼 v8.5 기준 fallback 121개 (121개 전체)
2026-05-27 05:49:17,621 [INFO] === 수집 시작 2026-05-27T05:49:17.621939+09:00 ===
2026-05-27 05:49:17,622 [INFO] 대상 장소: 121개 | API: citydata (통합)
2026-05-27 05:49:17,622 [INFO] 키 풀: 4/4 활성 | 오늘 사용 0/4000건
2026-05-27 05:49:17,622 [INFO]   [KEY_1] 담당 31장소
2026-05-27 05:49:17,622 [INFO]   [KEY_2] 담당 30장소
2026-05-27 05:49:17,622 [INFO]   [KEY_3] 담당 30장소
2026-05-27 05:49:17,622 [INFO]   [KEY_4] 담당 30장소
2026-05-27 05:49:17,622 [INFO] [1/121] 경복궁 (primary=KEY_1)
2026-05-27 05:49:19,805 [INFO] [2/121] 광화문·덕수궁 (primary=KEY_2)
2026-05-27 05:49:21,970 [INFO] [3/121] 보신각 (primary=KEY_3)
2026-05-27 05:49:23,520 [INFO] [4/121] 서울 암사동 유적 (primary=KEY_4)
2026-05-27 05:49:25,424 [INFO] [5/121] 창덕궁·종묘 (primary=KEY_1)
2026-05-27 05:49:27,507 [INFO] [6/121] 강남 MICE 관광특구 (primary=KEY_2)
2026-05-27 05:49:28,707 [INFO] [7/121] 동대문 관광특구 (primary=KEY_3)
2026-05-27 05:49:31,071 [INFO] [8/121] 명동 관광특구 (primary=KEY_4)
2026-05-27 05:49:33,551 [INFO] [9/121] 이태원 관광특구 (primary=KEY_1)
2026-05-27 05:49:34,925 [INFO] [10/121] 잠실 관광특구 (primary=KEY_2)
2026-05-27 05:49:37,328 [INFO] [11/121] 종로·청계 관광특구 (primary=KEY_3)
2026-05-27 05:49:39,707 [INFO] [12/121] 홍대 관광특구 (primary=KEY_4)
2026-05-27 05:49:42,097 [INFO] [13/121] 강서한강공원 (primary=KEY_1)
2026-05-27 05:49:43,911 [INFO] [14/121] 고척돔 (primary=KEY_2)
2026-05-27 05:49:45,602 [INFO] [15/121] 광나루한강공원 (primary=KEY_3)
2026-05-27 05:49:46,931 [INFO] [16/121] 광화문광장 (primary=KEY_4)
2026-05-27 05:49:48,889 [INFO] [17/121] 국립중앙박물관·용산가족공원 (primary=KEY_1)
2026-05-27 05:49:50,809 [INFO] [18/121] 난지한강공원 (primary=KEY_2)
2026-05-27 05:49:51,963 [INFO] [19/121] 남산공원 (primary=KEY_3)
2026-05-27 05:49:54,316 [INFO] [20/121] 노들섬 (primary=KEY_4)
2026-05-27 05:49:55,484 [INFO] [21/121] 뚝섬한강공원 (primary=KEY_1)
2026-05-27 05:49:57,225 [INFO] [22/121] 망원한강공원 (primary=KEY_2)
2026-05-27 05:49:58,588 [INFO] [23/121] 반포한강공원 (primary=KEY_3)
2026-05-27 05:49:59,722 [INFO] [24/121] 보라매공원 (primary=KEY_4)
2026-05-27 05:50:00,908 [INFO] [25/121] 북서울꿈의숲 (primary=KEY_1)
2026-05-27 05:50:02,695 [INFO] [26/121] 서대문독립공원 (primary=KEY_2)
2026-05-27 05:50:04,609 [INFO] [27/121] 서리풀공원·몽마르뜨공원 (primary=KEY_3)
2026-05-27 05:50:05,975 [INFO] [28/121] 서울대공원 (primary=KEY_4)
2026-05-27 05:50:07,104 [INFO] [29/121] 서울숲공원 (primary=KEY_1)
2026-05-27 05:50:08,441 [INFO] [30/121] 송현녹지광장 (primary=KEY_2)
2026-05-27 05:50:09,771 [INFO] [31/121] 아차산 (primary=KEY_3)
2026-05-27 05:50:11,687 [INFO] [32/121] 안양천 (primary=KEY_4)
2026-05-27 05:50:12,820 [INFO] [33/121] 양화한강공원 (primary=KEY_1)
2026-05-27 05:50:13,952 [INFO] [34/121] 어린이대공원 (primary=KEY_2)
2026-05-27 05:50:15,105 [INFO] [35/121] 여의도한강공원 (primary=KEY_3)
2026-05-27 05:50:16,445 [INFO] [36/121] 여의서로 (primary=KEY_4)
2026-05-27 05:50:17,560 [INFO] [37/121] 올림픽공원 (primary=KEY_1)
2026-05-27 05:50:18,928 [INFO] [38/121] 월드컵공원 (primary=KEY_2)
2026-05-27 05:50:20,484 [INFO] [39/121] 응봉산 (primary=KEY_3)
2026-05-27 05:50:22,473 [INFO] [40/121] 이촌한강공원 (primary=KEY_4)
2026-05-27 05:50:24,159 [INFO] [41/121] 잠실종합운동장 (primary=KEY_1)
2026-05-27 05:50:25,301 [INFO] [42/121] 잠실한강공원 (primary=KEY_2)
2026-05-27 05:50:26,452 [INFO] [43/121] 잠원한강공원 (primary=KEY_3)
2026-05-27 05:50:28,153 [INFO] [44/121] 청계산 (primary=KEY_4)
2026-05-27 05:50:29,288 [INFO] [45/121] 홍제폭포 (primary=KEY_1)
2026-05-27 05:50:30,413 [INFO] [46/121] 가락시장 (primary=KEY_2)
2026-05-27 05:50:31,763 [INFO] [47/121] 가로수길 (primary=KEY_3)
2026-05-27 05:50:33,129 [INFO] [48/121] 광장(전통)시장 (primary=KEY_4)
2026-05-27 05:50:34,269 [INFO] [49/121] 김포공항 (primary=KEY_1)
2026-05-27 05:50:35,646 [INFO] [50/121] 남대문시장 (primary=KEY_2)
2026-05-27 05:50:36,807 [INFO] [51/121] 노량진 (primary=KEY_3)
2026-05-27 05:50:37,976 [INFO] [52/121] 덕수궁길·정동길 (primary=KEY_4)
2026-05-27 05:50:39,342 [INFO] [53/121] 북창동 먹자골목 (primary=KEY_1)
2026-05-27 05:50:40,489 [INFO] [54/121] 북촌한옥마을 (primary=KEY_2)
2026-05-27 05:50:41,833 [INFO] [55/121] 서촌 (primary=KEY_3)
2026-05-27 05:50:43,185 [INFO] [56/121] 성수카페거리 (primary=KEY_4)
2026-05-27 05:50:44,562 [INFO] [57/121] 송리단길·호수단길 (primary=KEY_1)
2026-05-27 05:50:45,914 [INFO] [58/121] 신촌 스타광장 (primary=KEY_2)
2026-05-27 05:50:47,084 [INFO] [59/121] 압구정로데오거리 (primary=KEY_3)
2026-05-27 05:50:48,454 [INFO] [60/121] 여의도 (primary=KEY_4)
2026-05-27 05:50:50,467 [INFO] [61/121] 연남동 (primary=KEY_1)
2026-05-27 05:50:51,811 [INFO] [62/121] 영등포 타임스퀘어 (primary=KEY_2)
2026-05-27 05:50:53,120 [INFO] [63/121] 용리단길 (primary=KEY_3)
2026-05-27 05:50:54,287 [INFO] [64/121] 이태원 앤틱가구거리 (primary=KEY_4)
2026-05-27 05:50:55,448 [INFO] [65/121] 익선동 (primary=KEY_1)
2026-05-27 05:50:56,808 [INFO] [66/121] 인사동 (primary=KEY_2)
2026-05-27 05:50:58,157 [INFO] [67/121] 잠실롯데타워·석촌호수 (primary=KEY_3)
2026-05-27 05:50:59,511 [INFO] [68/121] 창동 신경제 중심지 (primary=KEY_4)
2026-05-27 05:51:01,059 [INFO] [69/121] 청담동 명품거리 (primary=KEY_1)
2026-05-27 05:51:02,419 [INFO] [70/121] 청량리 제기동 일대 전통시장 (primary=KEY_2)
2026-05-27 05:51:03,786 [INFO] [71/121] 해방촌·경리단길 (primary=KEY_3)
2026-05-27 05:51:05,687 [INFO] [72/121] DDP(동대문디자인플라자) (primary=KEY_4)
2026-05-27 05:51:07,086 [INFO] [73/121] DMC(디지털미디어시티) (primary=KEY_1)
2026-05-27 05:51:08,611 [INFO] [74/121] 가산디지털단지역 (primary=KEY_2)
2026-05-27 05:51:10,140 [INFO] [75/121] 강남역 (primary=KEY_3)
2026-05-27 05:51:12,283 [INFO] [76/121] 건대입구역 (primary=KEY_4)
2026-05-27 05:51:13,630 [INFO] [77/121] 고덕역 (primary=KEY_1)
2026-05-27 05:51:14,972 [INFO] [78/121] 고속터미널역 (primary=KEY_2)
2026-05-27 05:51:16,134 [INFO] [79/121] 교대역 (primary=KEY_3)
2026-05-27 05:51:17,291 [INFO] [80/121] 구로디지털단지역 (primary=KEY_4)
2026-05-27 05:51:18,637 [INFO] [81/121] 구로역 (primary=KEY_1)
2026-05-27 05:51:19,782 [INFO] [82/121] 군자역 (primary=KEY_2)
2026-05-27 05:51:21,128 [INFO] [83/121] 대림역 (primary=KEY_3)
2026-05-27 05:51:22,495 [INFO] [84/121] 동대문역 (primary=KEY_4)
2026-05-27 05:51:23,854 [INFO] [85/121] 뚝섬역 (primary=KEY_1)
2026-05-27 05:51:25,200 [INFO] [86/121] 미아사거리역 (primary=KEY_2)
2026-05-27 05:51:26,588 [INFO] [87/121] 발산역 (primary=KEY_3)
2026-05-27 05:51:28,132 [INFO] [88/121] 사당역 (primary=KEY_4)
2026-05-27 05:51:29,481 [INFO] [89/121] 삼각지역 (primary=KEY_1)
2026-05-27 05:51:30,621 [INFO] [90/121] 서울대입구역 (primary=KEY_2)
2026-05-27 05:51:31,779 [INFO] [91/121] 서울식물원·마곡나루역 (primary=KEY_3)
2026-05-27 05:51:33,128 [INFO] [92/121] 서울역 (primary=KEY_4)
2026-05-27 05:51:34,536 [INFO] [93/121] 선릉역 (primary=KEY_1)
2026-05-27 05:51:36,867 [INFO] [94/121] 성신여대입구역 (primary=KEY_2)
2026-05-27 05:51:38,033 [INFO] [95/121] 수유역 (primary=KEY_3)
2026-05-27 05:51:39,358 [INFO] [96/121] 숭례문 (primary=KEY_4)
2026-05-27 05:51:40,712 [INFO] [97/121] 시의회 앞 (primary=KEY_1)
2026-05-27 05:51:42,063 [INFO] [98/121] 신논현역·논현역 (primary=KEY_2)
2026-05-27 05:51:43,428 [INFO] [99/121] 신도림역 (primary=KEY_3)
2026-05-27 05:51:44,578 [INFO] [100/121] 신림역 (primary=KEY_4)
2026-05-27 05:51:45,741 [INFO] [101/121] 신정네거리역 (primary=KEY_1)
2026-05-27 05:51:46,892 [INFO] [102/121] 신촌·이대역 (primary=KEY_2)
2026-05-27 05:51:48,237 [INFO] [103/121] 쌍문역 (primary=KEY_3)
2026-05-27 05:51:49,400 [INFO] [104/121] 양재역 (primary=KEY_4)
2026-05-27 05:51:50,732 [INFO] [105/121] 역삼역 (primary=KEY_1)
2026-05-27 05:51:52,082 [INFO] [106/121] 연신내역 (primary=KEY_2)
2026-05-27 05:51:53,251 [INFO] [107/121] 오목교역·목동운동장 (primary=KEY_3)
2026-05-27 05:51:54,776 [INFO] [108/121] 왕십리역 (primary=KEY_4)
2026-05-27 05:51:56,154 [INFO] [109/121] 용산역 (primary=KEY_1)
2026-05-27 05:51:57,513 [INFO] [110/121] 이태원역 (primary=KEY_2)
2026-05-27 05:51:58,682 [INFO] [111/121] 잠실새내역 (primary=KEY_3)
2026-05-27 05:52:00,022 [INFO] [112/121] 잠실역 (primary=KEY_4)
2026-05-27 05:52:01,391 [INFO] [113/121] 장지역 (primary=KEY_1)
2026-05-27 05:52:02,736 [INFO] [114/121] 장한평역 (primary=KEY_2)
2026-05-27 05:52:04,077 [INFO] [115/121] 천호역 (primary=KEY_3)
2026-05-27 05:52:05,413 [INFO] [116/121] 총신대입구(이수)역 (primary=KEY_4)
2026-05-27 05:52:06,829 [INFO] [117/121] 충정로역 (primary=KEY_1)
2026-05-27 05:52:08,179 [INFO] [118/121] 합정역 (primary=KEY_2)
2026-05-27 05:52:09,509 [INFO] [119/121] 혜화역 (primary=KEY_3)
2026-05-27 05:52:10,858 [INFO] [120/121] 홍대입구역(2호선) (primary=KEY_4)
2026-05-27 05:52:12,041 [INFO] [121/121] 회기역 (primary=KEY_1)
2026-05-27 05:52:14,410 [INFO] === 수집 완료 | 성공 121, 실패 0 ===
2026-05-27 05:52:14,410 [INFO] 카테고리별 저장 결과:
2026-05-27 05:52:14,410 [INFO]    accident                  | 신규     1행 | 누적      5행 | 16컬럼
2026-05-27 05:52:14,410 [INFO]    area_meta                 | 신규   121행 | 누적    605행 | 5컬럼
2026-05-27 05:52:14,410 [INFO]    bike                      | 신규    11행 | 누적     55행 | 12컬럼
2026-05-27 05:52:14,410 [INFO]    bike_sbike_stts           | 신규   557행 | 누적   2785행 | 12컬럼
2026-05-27 05:52:14,410 [INFO]    bus                       | 신규     3행 | 누적     15행 | 11컬럼
2026-05-27 05:52:14,410 [INFO]    bus_bus_stn_stts          | 신규  1745행 | 누적   8725행 | 11컬럼
2026-05-27 05:52:14,410 [INFO]    charger                   | 신규    25행 | 누적     62행 | 15컬럼
2026-05-27 05:52:14,410 [INFO]    charger_charger_stts      | 신규   322행 | 누적   6205행 | 15컬럼
2026-05-27 05:52:14,410 [INFO]    cmrcl                     | 신규    82행 | 누적    410행 | 20컬럼
2026-05-27 05:52:14,410 [INFO]    events                    | 신규    12행 | 누적     56행 | 14컬럼
2026-05-27 05:52:14,410 [INFO]    events_event_stts         | 신규   175행 | 누적    847행 | 14컬럼
2026-05-27 05:52:14,410 [INFO]    parking                   | 신규     6행 | 누적     30행 | 21컬럼
2026-05-27 05:52:14,410 [INFO]    parking_prk_stts          | 신규  1835행 | 누적   9175행 | 21컬럼
2026-05-27 05:52:14,410 [INFO]    ppltn                     | 신규   121행 | 누적    605행 | 26컬럼
2026-05-27 05:52:14,410 [INFO]    road                      | 신규   121행 | 누적    605행 | 21컬럼
2026-05-27 05:52:14,410 [INFO]    road_road_traffic_stts    | 신규  5252행 | 누적  26260행 | 17컬럼
2026-05-27 05:52:14,410 [INFO]    subway                    | 신규    38행 | 누적    190행 | 13컬럼
2026-05-27 05:52:14,410 [INFO]    subway_sub_stts           | 신규   183행 | 누적    915행 | 13컬럼
2026-05-27 05:52:14,410 [INFO]    weather                   | 신규   119행 | 누적    595행 | 29컬럼
2026-05-27 05:52:14,410 [INFO] 키별 사용량:
2026-05-27 05:52:14,410 [INFO]    🟢 KEY_1 (31/1000) 
2026-05-27 05:52:14,410 [INFO]    🟢 KEY_2 (30/1000) 
2026-05-27 05:52:14,410 [INFO]    🟢 KEY_3 (30/1000) 
2026-05-27 05:52:14,410 [INFO]    🟢 KEY_4 (30/1000) 
2026-05-27 06:41:38,855 [INFO] 등록된 키: 4개, 합산 한도 4,000건/일
2026-05-27 06:41:38,856 [INFO] POI 로드: 매뉴얼 v8.5 기준 fallback 121개 (121개 전체)
2026-05-27 06:41:38,856 [INFO] === 수집 시작 2026-05-27T06:41:38.856630+09:00 ===
2026-05-27 06:41:38,856 [INFO] 대상 장소: 121개 | API: citydata (통합)
2026-05-27 06:41:38,856 [INFO] 키 풀: 4/4 활성 | 오늘 사용 0/4000건
2026-05-27 06:41:38,856 [INFO]   [KEY_1] 담당 31장소
2026-05-27 06:41:38,856 [INFO]   [KEY_2] 담당 30장소
2026-05-27 06:41:38,856 [INFO]   [KEY_3] 담당 30장소
2026-05-27 06:41:38,856 [INFO]   [KEY_4] 담당 30장소
2026-05-27 06:41:38,857 [INFO] [1/121] 경복궁 (primary=KEY_1)
2026-05-27 06:41:40,993 [INFO] [2/121] 광화문·덕수궁 (primary=KEY_2)
2026-05-27 06:41:43,163 [INFO] [3/121] 보신각 (primary=KEY_3)
2026-05-27 06:41:44,456 [INFO] [4/121] 서울 암사동 유적 (primary=KEY_4)
2026-05-27 06:41:46,408 [INFO] [5/121] 창덕궁·종묘 (primary=KEY_1)
2026-05-27 06:41:48,345 [INFO] [6/121] 강남 MICE 관광특구 (primary=KEY_2)
2026-05-27 06:41:50,331 [INFO] [7/121] 동대문 관광특구 (primary=KEY_3)
2026-05-27 06:41:52,545 [INFO] [8/121] 명동 관광특구 (primary=KEY_4)
2026-05-27 06:41:54,233 [INFO] [9/121] 이태원 관광특구 (primary=KEY_1)
2026-05-27 06:41:56,367 [INFO] [10/121] 잠실 관광특구 (primary=KEY_2)
2026-05-27 06:41:57,850 [INFO] [11/121] 종로·청계 관광특구 (primary=KEY_3)
2026-05-27 06:42:00,211 [INFO] [12/121] 홍대 관광특구 (primary=KEY_4)
2026-05-27 06:42:01,686 [INFO] [13/121] 강서한강공원 (primary=KEY_1)
2026-05-27 06:42:02,773 [INFO] [14/121] 고척돔 (primary=KEY_2)
2026-05-27 06:42:04,021 [INFO] [15/121] 광나루한강공원 (primary=KEY_3)
2026-05-27 06:42:05,248 [INFO] [16/121] 광화문광장 (primary=KEY_4)
2026-05-27 06:42:06,517 [INFO] [17/121] 국립중앙박물관·용산가족공원 (primary=KEY_1)
2026-05-27 06:42:07,621 [INFO] [18/121] 난지한강공원 (primary=KEY_2)
2026-05-27 06:42:08,699 [INFO] [19/121] 남산공원 (primary=KEY_3)
2026-05-27 06:42:10,338 [INFO] [20/121] 노들섬 (primary=KEY_4)
2026-05-27 06:42:11,416 [INFO] [21/121] 뚝섬한강공원 (primary=KEY_1)
2026-05-27 06:42:13,576 [INFO] [22/121] 망원한강공원 (primary=KEY_2)
2026-05-27 06:42:14,857 [INFO] [23/121] 반포한강공원 (primary=KEY_3)
2026-05-27 06:42:16,786 [INFO] [24/121] 보라매공원 (primary=KEY_4)
2026-05-27 06:42:17,864 [INFO] [25/121] 북서울꿈의숲 (primary=KEY_1)
2026-05-27 06:42:18,964 [INFO] [26/121] 서대문독립공원 (primary=KEY_2)
2026-05-27 06:42:20,061 [INFO] [27/121] 서리풀공원·몽마르뜨공원 (primary=KEY_3)
2026-05-27 06:42:21,401 [INFO] [28/121] 서울대공원 (primary=KEY_4)
2026-05-27 06:42:22,474 [INFO] [29/121] 서울숲공원 (primary=KEY_1)
2026-05-27 06:42:23,759 [INFO] [30/121] 송현녹지광장 (primary=KEY_2)
2026-05-27 06:42:25,056 [INFO] [31/121] 아차산 (primary=KEY_3)
2026-05-27 06:42:26,118 [INFO] [32/121] 안양천 (primary=KEY_4)
2026-05-27 06:42:28,073 [INFO] [33/121] 양화한강공원 (primary=KEY_1)
2026-05-27 06:42:29,169 [INFO] [34/121] 어린이대공원 (primary=KEY_2)
2026-05-27 06:42:30,468 [INFO] [35/121] 여의도한강공원 (primary=KEY_3)
2026-05-27 06:42:31,748 [INFO] [36/121] 여의서로 (primary=KEY_4)
2026-05-27 06:42:33,011 [INFO] [37/121] 올림픽공원 (primary=KEY_1)
2026-05-27 06:42:34,493 [INFO] [38/121] 월드컵공원 (primary=KEY_2)
2026-05-27 06:42:35,961 [INFO] [39/121] 응봉산 (primary=KEY_3)
2026-05-27 06:42:37,230 [INFO] [40/121] 이촌한강공원 (primary=KEY_4)
2026-05-27 06:42:38,335 [INFO] [41/121] 잠실종합운동장 (primary=KEY_1)
2026-05-27 06:42:39,425 [INFO] [42/121] 잠실한강공원 (primary=KEY_2)
2026-05-27 06:42:40,516 [INFO] [43/121] 잠원한강공원 (primary=KEY_3)
2026-05-27 06:42:41,594 [INFO] [44/121] 청계산 (primary=KEY_4)
2026-05-27 06:42:42,698 [INFO] [45/121] 홍제폭포 (primary=KEY_1)
2026-05-27 06:42:43,778 [INFO] [46/121] 가락시장 (primary=KEY_2)
2026-05-27 06:42:45,067 [INFO] [47/121] 가로수길 (primary=KEY_3)
2026-05-27 06:42:46,470 [INFO] [48/121] 광장(전통)시장 (primary=KEY_4)
2026-05-27 06:42:47,590 [INFO] [49/121] 김포공항 (primary=KEY_1)
2026-05-27 06:42:49,091 [INFO] [50/121] 남대문시장 (primary=KEY_2)
2026-05-27 06:42:50,384 [INFO] [51/121] 노량진 (primary=KEY_3)
2026-05-27 06:42:51,658 [INFO] [52/121] 덕수궁길·정동길 (primary=KEY_4)
2026-05-27 06:42:52,970 [INFO] [53/121] 북창동 먹자골목 (primary=KEY_1)
2026-05-27 06:42:54,216 [INFO] [54/121] 북촌한옥마을 (primary=KEY_2)
2026-05-27 06:42:55,686 [INFO] [55/121] 서촌 (primary=KEY_3)
2026-05-27 06:42:56,957 [INFO] [56/121] 성수카페거리 (primary=KEY_4)
2026-05-27 06:42:58,416 [INFO] [57/121] 송리단길·호수단길 (primary=KEY_1)
2026-05-27 06:42:59,702 [INFO] [58/121] 신촌 스타광장 (primary=KEY_2)
2026-05-27 06:43:00,806 [INFO] [59/121] 압구정로데오거리 (primary=KEY_3)
2026-05-27 06:43:02,098 [INFO] [60/121] 여의도 (primary=KEY_4)
2026-05-27 06:43:04,156 [INFO] [61/121] 연남동 (primary=KEY_1)
2026-05-27 06:43:05,408 [INFO] [62/121] 영등포 타임스퀘어 (primary=KEY_2)
2026-05-27 06:43:06,665 [INFO] [63/121] 용리단길 (primary=KEY_3)
2026-05-27 06:43:07,852 [INFO] [64/121] 이태원 앤틱가구거리 (primary=KEY_4)
2026-05-27 06:43:09,111 [INFO] [65/121] 익선동 (primary=KEY_1)
2026-05-27 06:43:10,431 [INFO] [66/121] 인사동 (primary=KEY_2)
2026-05-27 06:43:11,916 [INFO] [67/121] 잠실롯데타워·석촌호수 (primary=KEY_3)
2026-05-27 06:43:13,574 [INFO] [68/121] 창동 신경제 중심지 (primary=KEY_4)
2026-05-27 06:43:15,214 [INFO] [69/121] 청담동 명품거리 (primary=KEY_1)
2026-05-27 06:43:16,479 [INFO] [70/121] 청량리 제기동 일대 전통시장 (primary=KEY_2)
2026-05-27 06:43:17,793 [INFO] [71/121] 해방촌·경리단길 (primary=KEY_3)
2026-05-27 06:43:18,916 [INFO] [72/121] DDP(동대문디자인플라자) (primary=KEY_4)
2026-05-27 06:43:20,216 [INFO] [73/121] DMC(디지털미디어시티) (primary=KEY_1)
2026-05-27 06:43:21,916 [INFO] [74/121] 가산디지털단지역 (primary=KEY_2)
2026-05-27 06:43:23,758 [INFO] [75/121] 강남역 (primary=KEY_3)
2026-05-27 06:43:25,270 [INFO] [76/121] 건대입구역 (primary=KEY_4)
2026-05-27 06:43:26,575 [INFO] [77/121] 고덕역 (primary=KEY_1)
2026-05-27 06:43:27,853 [INFO] [78/121] 고속터미널역 (primary=KEY_2)
2026-05-27 06:43:29,178 [INFO] [79/121] 교대역 (primary=KEY_3)
2026-05-27 06:43:30,476 [INFO] [80/121] 구로디지털단지역 (primary=KEY_4)
2026-05-27 06:43:31,959 [INFO] [81/121] 구로역 (primary=KEY_1)
2026-05-27 06:43:33,206 [INFO] [82/121] 군자역 (primary=KEY_2)
2026-05-27 06:43:34,495 [INFO] [83/121] 대림역 (primary=KEY_3)
2026-05-27 06:43:35,788 [INFO] [84/121] 동대문역 (primary=KEY_4)
2026-05-27 06:43:37,083 [INFO] [85/121] 뚝섬역 (primary=KEY_1)
2026-05-27 06:43:38,364 [INFO] [86/121] 미아사거리역 (primary=KEY_2)
2026-05-27 06:43:39,638 [INFO] [87/121] 발산역 (primary=KEY_3)
2026-05-27 06:43:41,122 [INFO] [88/121] 사당역 (primary=KEY_4)
2026-05-27 06:43:42,402 [INFO] [89/121] 삼각지역 (primary=KEY_1)
2026-05-27 06:43:43,521 [INFO] [90/121] 서울대입구역 (primary=KEY_2)
2026-05-27 06:43:44,782 [INFO] [91/121] 서울식물원·마곡나루역 (primary=KEY_3)
2026-05-27 06:43:46,269 [INFO] [92/121] 서울역 (primary=KEY_4)
2026-05-27 06:43:47,772 [INFO] [93/121] 선릉역 (primary=KEY_1)
2026-05-27 06:43:49,403 [INFO] [94/121] 성신여대입구역 (primary=KEY_2)
2026-05-27 06:43:50,525 [INFO] [95/121] 수유역 (primary=KEY_3)
2026-05-27 06:43:51,817 [INFO] [96/121] 숭례문 (primary=KEY_4)
2026-05-27 06:43:53,113 [INFO] [97/121] 시의회 앞 (primary=KEY_1)
2026-05-27 06:43:54,381 [INFO] [98/121] 신논현역·논현역 (primary=KEY_2)
2026-05-27 06:43:55,687 [INFO] [99/121] 신도림역 (primary=KEY_3)
2026-05-27 06:43:56,781 [INFO] [100/121] 신림역 (primary=KEY_4)
2026-05-27 06:43:58,046 [INFO] [101/121] 신정네거리역 (primary=KEY_1)
2026-05-27 06:43:59,320 [INFO] [102/121] 신촌·이대역 (primary=KEY_2)
2026-05-27 06:44:00,581 [INFO] [103/121] 쌍문역 (primary=KEY_3)
2026-05-27 06:44:01,862 [INFO] [104/121] 양재역 (primary=KEY_4)
2026-05-27 06:44:03,189 [INFO] [105/121] 역삼역 (primary=KEY_1)
2026-05-27 06:44:04,668 [INFO] [106/121] 연신내역 (primary=KEY_2)
2026-05-27 06:44:05,807 [INFO] [107/121] 오목교역·목동운동장 (primary=KEY_3)
2026-05-27 06:44:07,653 [INFO] [108/121] 왕십리역 (primary=KEY_4)
2026-05-27 06:44:09,135 [INFO] [109/121] 용산역 (primary=KEY_1)
2026-05-27 06:44:10,604 [INFO] [110/121] 이태원역 (primary=KEY_2)
2026-05-27 06:44:11,725 [INFO] [111/121] 잠실새내역 (primary=KEY_3)
2026-05-27 06:44:13,056 [INFO] [112/121] 잠실역 (primary=KEY_4)
2026-05-27 06:44:14,563 [INFO] [113/121] 장지역 (primary=KEY_1)
2026-05-27 06:44:16,029 [INFO] [114/121] 장한평역 (primary=KEY_2)
2026-05-27 06:44:17,314 [INFO] [115/121] 천호역 (primary=KEY_3)
2026-05-27 06:44:18,615 [INFO] [116/121] 총신대입구(이수)역 (primary=KEY_4)
2026-05-27 06:44:19,914 [INFO] [117/121] 충정로역 (primary=KEY_1)
2026-05-27 06:44:21,229 [INFO] [118/121] 합정역 (primary=KEY_2)
2026-05-27 06:44:22,511 [INFO] [119/121] 혜화역 (primary=KEY_3)
2026-05-27 06:44:23,790 [INFO] [120/121] 홍대입구역(2호선) (primary=KEY_4)
2026-05-27 06:44:25,169 [INFO] [121/121] 회기역 (primary=KEY_1)
2026-05-27 06:44:27,657 [INFO] === 수집 완료 | 성공 121, 실패 0 ===
2026-05-27 06:44:27,657 [INFO] 카테고리별 저장 결과:
2026-05-27 06:44:27,657 [INFO]    accident                  | 신규     1행 | 누적      6행 | 16컬럼
2026-05-27 06:44:27,657 [INFO]    area_meta                 | 신규   121행 | 누적    726행 | 5컬럼
2026-05-27 06:44:27,657 [INFO]    bike                      | 신규    11행 | 누적     66행 | 12컬럼
2026-05-27 06:44:27,657 [INFO]    bike_sbike_stts           | 신규   557행 | 누적   3342행 | 12컬럼
2026-05-27 06:44:27,657 [INFO]    bus                       | 신규     3행 | 누적     18행 | 11컬럼
2026-05-27 06:44:27,657 [INFO]    bus_bus_stn_stts          | 신규  1745행 | 누적  10470행 | 11컬럼
2026-05-27 06:44:27,657 [INFO]    charger                   | 신규    12행 | 누적     74행 | 15컬럼
2026-05-27 06:44:27,657 [INFO]    charger_charger_stts      | 신규  1562행 | 누적   7757행 | 15컬럼
2026-05-27 06:44:27,658 [INFO]    cmrcl                     | 신규    82행 | 누적    492행 | 20컬럼
2026-05-27 06:44:27,658 [INFO]    events                    | 신규    12행 | 누적     68행 | 14컬럼
2026-05-27 06:44:27,658 [INFO]    events_event_stts         | 신규   175행 | 누적   1022행 | 14컬럼
2026-05-27 06:44:27,658 [INFO]    parking                   | 신규     6행 | 누적     36행 | 21컬럼
2026-05-27 06:44:27,658 [INFO]    parking_prk_stts          | 신규  1835행 | 누적  11010행 | 21컬럼
2026-05-27 06:44:27,658 [INFO]    ppltn                     | 신규   121행 | 누적    726행 | 26컬럼
2026-05-27 06:44:27,658 [INFO]    road                      | 신규   121행 | 누적    726행 | 21컬럼
2026-05-27 06:44:27,658 [INFO]    road_road_traffic_stts    | 신규  5252행 | 누적  31512행 | 17컬럼
2026-05-27 06:44:27,658 [INFO]    subway                    | 신규    38행 | 누적    228행 | 13컬럼
2026-05-27 06:44:27,658 [INFO]    subway_sub_stts           | 신규   183행 | 누적   1098행 | 13컬럼
2026-05-27 06:44:27,658 [INFO]    weather                   | 신규   119행 | 누적    714행 | 29컬럼
2026-05-27 06:44:27,658 [INFO] 키별 사용량:
2026-05-27 06:44:27,658 [INFO]    🟢 KEY_1 (31/1000) 
2026-05-27 06:44:27,658 [INFO]    🟢 KEY_2 (30/1000) 
2026-05-27 06:44:27,658 [INFO]    🟢 KEY_3 (30/1000) 
2026-05-27 06:44:27,658 [INFO]    🟢 KEY_4 (30/1000) 
2026-05-27 07:37:27,231 [INFO] 등록된 키: 4개, 합산 한도 4,000건/일
2026-05-27 07:37:27,231 [INFO] POI 로드: 매뉴얼 v8.5 기준 fallback 121개 (121개 전체)
2026-05-27 07:37:27,231 [INFO] === 수집 시작 2026-05-27T07:37:27.231803+09:00 ===
2026-05-27 07:37:27,231 [INFO] 대상 장소: 121개 | API: citydata (통합)
2026-05-27 07:37:27,231 [INFO] 키 풀: 4/4 활성 | 오늘 사용 0/4000건
2026-05-27 07:37:27,232 [INFO]   [KEY_1] 담당 31장소
2026-05-27 07:37:27,232 [INFO]   [KEY_2] 담당 30장소
2026-05-27 07:37:27,232 [INFO]   [KEY_3] 담당 30장소
2026-05-27 07:37:27,232 [INFO]   [KEY_4] 담당 30장소
2026-05-27 07:37:27,232 [INFO] [1/121] 경복궁 (primary=KEY_1)
2026-05-27 07:37:29,172 [INFO] [2/121] 광화문·덕수궁 (primary=KEY_2)
2026-05-27 07:37:31,543 [INFO] [3/121] 보신각 (primary=KEY_3)
2026-05-27 07:37:33,656 [INFO] [4/121] 서울 암사동 유적 (primary=KEY_4)
2026-05-27 07:37:35,461 [INFO] [5/121] 창덕궁·종묘 (primary=KEY_1)
2026-05-27 07:37:36,788 [INFO] [6/121] 강남 MICE 관광특구 (primary=KEY_2)
2026-05-27 07:37:38,714 [INFO] [7/121] 동대문 관광특구 (primary=KEY_3)
2026-05-27 07:37:41,075 [INFO] [8/121] 명동 관광특구 (primary=KEY_4)
2026-05-27 07:37:43,647 [INFO] [9/121] 이태원 관광특구 (primary=KEY_1)
2026-05-27 07:37:45,779 [INFO] [10/121] 잠실 관광특구 (primary=KEY_2)
2026-05-27 07:37:47,363 [INFO] [11/121] 종로·청계 관광특구 (primary=KEY_3)
2026-05-27 07:37:49,787 [INFO] [12/121] 홍대 관광특구 (primary=KEY_4)
2026-05-27 07:37:51,965 [INFO] [13/121] 강서한강공원 (primary=KEY_1)
2026-05-27 07:37:53,101 [INFO] [14/121] 고척돔 (primary=KEY_2)
2026-05-27 07:37:54,812 [INFO] [15/121] 광나루한강공원 (primary=KEY_3)
2026-05-27 07:37:56,705 [INFO] [16/121] 광화문광장 (primary=KEY_4)
2026-05-27 07:37:58,074 [INFO] [17/121] 국립중앙박물관·용산가족공원 (primary=KEY_1)
2026-05-27 07:37:59,407 [INFO] [18/121] 난지한강공원 (primary=KEY_2)
2026-05-27 07:38:01,158 [INFO] [19/121] 남산공원 (primary=KEY_3)
2026-05-27 07:38:02,700 [INFO] [20/121] 노들섬 (primary=KEY_4)
2026-05-27 07:38:04,595 [INFO] [21/121] 뚝섬한강공원 (primary=KEY_1)
2026-05-27 07:38:05,739 [INFO] [22/121] 망원한강공원 (primary=KEY_2)
2026-05-27 07:38:07,098 [INFO] [23/121] 반포한강공원 (primary=KEY_3)
2026-05-27 07:38:08,238 [INFO] [24/121] 보라매공원 (primary=KEY_4)
2026-05-27 07:38:09,407 [INFO] [25/121] 북서울꿈의숲 (primary=KEY_1)
2026-05-27 07:38:10,544 [INFO] [26/121] 서대문독립공원 (primary=KEY_2)
2026-05-27 07:38:11,703 [INFO] [27/121] 서리풀공원·몽마르뜨공원 (primary=KEY_3)
2026-05-27 07:38:13,091 [INFO] [28/121] 서울대공원 (primary=KEY_4)
2026-05-27 07:38:14,217 [INFO] [29/121] 서울숲공원 (primary=KEY_1)
2026-05-27 07:38:15,543 [INFO] [30/121] 송현녹지광장 (primary=KEY_2)
2026-05-27 07:38:17,646 [INFO] [31/121] 아차산 (primary=KEY_3)
2026-05-27 07:38:18,781 [INFO] [32/121] 안양천 (primary=KEY_4)
2026-05-27 07:38:19,909 [INFO] [33/121] 양화한강공원 (primary=KEY_1)
2026-05-27 07:38:21,045 [INFO] [34/121] 어린이대공원 (primary=KEY_2)
2026-05-27 07:38:22,815 [INFO] [35/121] 여의도한강공원 (primary=KEY_3)
2026-05-27 07:38:24,905 [INFO] [36/121] 여의서로 (primary=KEY_4)
2026-05-27 07:38:26,039 [INFO] [37/121] 올림픽공원 (primary=KEY_1)
2026-05-27 07:38:27,408 [INFO] [38/121] 월드컵공원 (primary=KEY_2)
2026-05-27 07:38:28,949 [INFO] [39/121] 응봉산 (primary=KEY_3)
2026-05-27 07:38:30,265 [INFO] [40/121] 이촌한강공원 (primary=KEY_4)
2026-05-27 07:38:31,396 [INFO] [41/121] 잠실종합운동장 (primary=KEY_1)
2026-05-27 07:38:32,538 [INFO] [42/121] 잠실한강공원 (primary=KEY_2)
2026-05-27 07:38:34,443 [INFO] [43/121] 잠원한강공원 (primary=KEY_3)
2026-05-27 07:38:35,576 [INFO] [44/121] 청계산 (primary=KEY_4)
2026-05-27 07:38:37,275 [INFO] [45/121] 홍제폭포 (primary=KEY_1)
2026-05-27 07:38:38,991 [INFO] [46/121] 가락시장 (primary=KEY_2)
2026-05-27 07:38:40,855 [INFO] [47/121] 가로수길 (primary=KEY_3)
2026-05-27 07:38:42,218 [INFO] [48/121] 광장(전통)시장 (primary=KEY_4)
2026-05-27 07:38:43,367 [INFO] [49/121] 김포공항 (primary=KEY_1)
2026-05-27 07:38:44,766 [INFO] [50/121] 남대문시장 (primary=KEY_2)
2026-05-27 07:38:45,917 [INFO] [51/121] 노량진 (primary=KEY_3)
2026-05-27 07:38:47,266 [INFO] [52/121] 덕수궁길·정동길 (primary=KEY_4)
2026-05-27 07:38:48,650 [INFO] [53/121] 북창동 먹자골목 (primary=KEY_1)
2026-05-27 07:38:49,784 [INFO] [54/121] 북촌한옥마을 (primary=KEY_2)
2026-05-27 07:38:51,129 [INFO] [55/121] 서촌 (primary=KEY_3)
2026-05-27 07:38:52,453 [INFO] [56/121] 성수카페거리 (primary=KEY_4)
2026-05-27 07:38:53,808 [INFO] [57/121] 송리단길·호수단길 (primary=KEY_1)
2026-05-27 07:38:55,183 [INFO] [58/121] 신촌 스타광장 (primary=KEY_2)
2026-05-27 07:38:56,330 [INFO] [59/121] 압구정로데오거리 (primary=KEY_3)
2026-05-27 07:38:57,678 [INFO] [60/121] 여의도 (primary=KEY_4)
2026-05-27 07:38:59,661 [INFO] [61/121] 연남동 (primary=KEY_1)
2026-05-27 07:39:00,993 [INFO] [62/121] 영등포 타임스퀘어 (primary=KEY_2)
2026-05-27 07:39:02,342 [INFO] [63/121] 용리단길 (primary=KEY_3)
2026-05-27 07:39:03,512 [INFO] [64/121] 이태원 앤틱가구거리 (primary=KEY_4)
2026-05-27 07:39:04,659 [INFO] [65/121] 익선동 (primary=KEY_1)
2026-05-27 07:39:06,004 [INFO] [66/121] 인사동 (primary=KEY_2)
2026-05-27 07:39:07,349 [INFO] [67/121] 잠실롯데타워·석촌호수 (primary=KEY_3)
2026-05-27 07:39:08,703 [INFO] [68/121] 창동 신경제 중심지 (primary=KEY_4)
2026-05-27 07:39:10,258 [INFO] [69/121] 청담동 명품거리 (primary=KEY_1)
2026-05-27 07:39:12,190 [INFO] [70/121] 청량리 제기동 일대 전통시장 (primary=KEY_2)
2026-05-27 07:39:13,546 [INFO] [71/121] 해방촌·경리단길 (primary=KEY_3)
2026-05-27 07:39:14,686 [INFO] [72/121] DDP(동대문디자인플라자) (primary=KEY_4)
2026-05-27 07:39:16,075 [INFO] [73/121] DMC(디지털미디어시티) (primary=KEY_1)
2026-05-27 07:39:17,647 [INFO] [74/121] 가산디지털단지역 (primary=KEY_2)
2026-05-27 07:39:19,180 [INFO] [75/121] 강남역 (primary=KEY_3)
2026-05-27 07:39:21,546 [INFO] [76/121] 건대입구역 (primary=KEY_4)
2026-05-27 07:39:22,901 [INFO] [77/121] 고덕역 (primary=KEY_1)
2026-05-27 07:39:24,235 [INFO] [78/121] 고속터미널역 (primary=KEY_2)
2026-05-27 07:39:25,977 [INFO] [79/121] 교대역 (primary=KEY_3)
2026-05-27 07:39:27,162 [INFO] [80/121] 구로디지털단지역 (primary=KEY_4)
2026-05-27 07:39:28,505 [INFO] [81/121] 구로역 (primary=KEY_1)
2026-05-27 07:39:29,653 [INFO] [82/121] 군자역 (primary=KEY_2)
2026-05-27 07:39:31,002 [INFO] [83/121] 대림역 (primary=KEY_3)
2026-05-27 07:39:32,354 [INFO] [84/121] 동대문역 (primary=KEY_4)
2026-05-27 07:39:33,743 [INFO] [85/121] 뚝섬역 (primary=KEY_1)
2026-05-27 07:39:35,087 [INFO] [86/121] 미아사거리역 (primary=KEY_2)
2026-05-27 07:39:36,432 [INFO] [87/121] 발산역 (primary=KEY_3)
2026-05-27 07:39:37,963 [INFO] [88/121] 사당역 (primary=KEY_4)
2026-05-27 07:39:39,314 [INFO] [89/121] 삼각지역 (primary=KEY_1)
2026-05-27 07:39:40,472 [INFO] [90/121] 서울대입구역 (primary=KEY_2)
2026-05-27 07:39:41,627 [INFO] [91/121] 서울식물원·마곡나루역 (primary=KEY_3)
2026-05-27 07:39:43,031 [INFO] [92/121] 서울역 (primary=KEY_4)
2026-05-27 07:39:44,453 [INFO] [93/121] 선릉역 (primary=KEY_1)
2026-05-27 07:39:46,032 [INFO] [94/121] 성신여대입구역 (primary=KEY_2)
2026-05-27 07:39:47,215 [INFO] [95/121] 수유역 (primary=KEY_3)
2026-05-27 07:39:48,541 [INFO] [96/121] 숭례문 (primary=KEY_4)
2026-05-27 07:39:49,885 [INFO] [97/121] 시의회 앞 (primary=KEY_1)
2026-05-27 07:39:51,285 [INFO] [98/121] 신논현역·논현역 (primary=KEY_2)
2026-05-27 07:39:52,662 [INFO] [99/121] 신도림역 (primary=KEY_3)
2026-05-27 07:39:53,809 [INFO] [100/121] 신림역 (primary=KEY_4)
2026-05-27 07:39:54,969 [INFO] [101/121] 신정네거리역 (primary=KEY_1)
2026-05-27 07:39:56,126 [INFO] [102/121] 신촌·이대역 (primary=KEY_2)
2026-05-27 07:39:57,469 [INFO] [103/121] 쌍문역 (primary=KEY_3)
2026-05-27 07:39:58,648 [INFO] [104/121] 양재역 (primary=KEY_4)
2026-05-27 07:39:59,996 [INFO] [105/121] 역삼역 (primary=KEY_1)
2026-05-27 07:40:01,393 [INFO] [106/121] 연신내역 (primary=KEY_2)
2026-05-27 07:40:02,560 [INFO] [107/121] 오목교역·목동운동장 (primary=KEY_3)
2026-05-27 07:40:04,139 [INFO] [108/121] 왕십리역 (primary=KEY_4)
2026-05-27 07:40:05,489 [INFO] [109/121] 용산역 (primary=KEY_1)
2026-05-27 07:40:06,823 [INFO] [110/121] 이태원역 (primary=KEY_2)
2026-05-27 07:40:08,007 [INFO] [111/121] 잠실새내역 (primary=KEY_3)
2026-05-27 07:40:09,340 [INFO] [112/121] 잠실역 (primary=KEY_4)
2026-05-27 07:40:10,685 [INFO] [113/121] 장지역 (primary=KEY_1)
2026-05-27 07:40:12,027 [INFO] [114/121] 장한평역 (primary=KEY_2)
2026-05-27 07:40:13,358 [INFO] [115/121] 천호역 (primary=KEY_3)
2026-05-27 07:40:14,706 [INFO] [116/121] 총신대입구(이수)역 (primary=KEY_4)
2026-05-27 07:40:16,115 [INFO] [117/121] 충정로역 (primary=KEY_1)
2026-05-27 07:40:17,470 [INFO] [118/121] 합정역 (primary=KEY_2)
2026-05-27 07:40:18,825 [INFO] [119/121] 혜화역 (primary=KEY_3)
2026-05-27 07:40:20,172 [INFO] [120/121] 홍대입구역(2호선) (primary=KEY_4)
2026-05-27 07:40:21,539 [INFO] [121/121] 회기역 (primary=KEY_1)
2026-05-27 07:40:24,221 [INFO] === 수집 완료 | 성공 121, 실패 0 ===
2026-05-27 07:40:24,221 [INFO] 카테고리별 저장 결과:
2026-05-27 07:40:24,222 [INFO]    accident                  | 신규     1행 | 누적      7행 | 16컬럼
2026-05-27 07:40:24,222 [INFO]    area_meta                 | 신규   121행 | 누적    847행 | 5컬럼
2026-05-27 07:40:24,222 [INFO]    bike                      | 신규    11행 | 누적     77행 | 12컬럼
2026-05-27 07:40:24,222 [INFO]    bike_sbike_stts           | 신규   557행 | 누적   3899행 | 12컬럼
2026-05-27 07:40:24,222 [INFO]    bus                       | 신규     3행 | 누적     21행 | 11컬럼
2026-05-27 07:40:24,222 [INFO]    bus_bus_stn_stts          | 신규  1745행 | 누적  12215행 | 11컬럼
2026-05-27 07:40:24,222 [INFO]    charger                   | 신규    25행 | 누적     99행 | 15컬럼
2026-05-27 07:40:24,222 [INFO]    charger_charger_stts      | 신규   322행 | 누적   8077행 | 15컬럼
2026-05-27 07:40:24,222 [INFO]    cmrcl                     | 신규    82행 | 누적    574행 | 20컬럼
2026-05-27 07:40:24,222 [INFO]    events                    | 신규    12행 | 누적     80행 | 14컬럼
2026-05-27 07:40:24,222 [INFO]    events_event_stts         | 신규   175행 | 누적   1197행 | 14컬럼
2026-05-27 07:40:24,222 [INFO]    parking                   | 신규     6행 | 누적     42행 | 21컬럼
2026-05-27 07:40:24,222 [INFO]    parking_prk_stts          | 신규  1835행 | 누적  12845행 | 21컬럼
2026-05-27 07:40:24,222 [INFO]    ppltn                     | 신규   121행 | 누적    847행 | 26컬럼
2026-05-27 07:40:24,222 [INFO]    road                      | 신규   121행 | 누적    847행 | 21컬럼
2026-05-27 07:40:24,222 [INFO]    road_road_traffic_stts    | 신규  5252행 | 누적  36764행 | 17컬럼
2026-05-27 07:40:24,222 [INFO]    subway                    | 신규    38행 | 누적    266행 | 13컬럼
2026-05-27 07:40:24,222 [INFO]    subway_sub_stts           | 신규   183행 | 누적   1281행 | 13컬럼
2026-05-27 07:40:24,222 [INFO]    weather                   | 신규   119행 | 누적    833행 | 29컬럼
2026-05-27 07:40:24,222 [INFO] 키별 사용량:
2026-05-27 07:40:24,222 [INFO]    🟢 KEY_1 (31/1000) 
2026-05-27 07:40:24,222 [INFO]    🟢 KEY_2 (30/1000) 
2026-05-27 07:40:24,222 [INFO]    🟢 KEY_3 (30/1000) 
2026-05-27 07:40:24,223 [INFO]    🟢 KEY_4 (30/1000) 
2026-05-27 08:33:53,387 [INFO] 등록된 키: 4개, 합산 한도 4,000건/일
2026-05-27 08:33:53,388 [INFO] POI 로드: 매뉴얼 v8.5 기준 fallback 121개 (121개 전체)
2026-05-27 08:33:53,388 [INFO] === 수집 시작 2026-05-27T08:33:53.388307+09:00 ===
2026-05-27 08:33:53,388 [INFO] 대상 장소: 121개 | API: citydata (통합)
2026-05-27 08:33:53,388 [INFO] 키 풀: 4/4 활성 | 오늘 사용 0/4000건
2026-05-27 08:33:53,388 [INFO]   [KEY_1] 담당 31장소
2026-05-27 08:33:53,388 [INFO]   [KEY_2] 담당 30장소
2026-05-27 08:33:53,388 [INFO]   [KEY_3] 담당 30장소
2026-05-27 08:33:53,388 [INFO]   [KEY_4] 담당 30장소
2026-05-27 08:33:53,388 [INFO] [1/121] 경복궁 (primary=KEY_1)
2026-05-27 08:33:55,310 [INFO] [2/121] 광화문·덕수궁 (primary=KEY_2)
2026-05-27 08:33:57,270 [INFO] [3/121] 보신각 (primary=KEY_3)
2026-05-27 08:33:58,644 [INFO] [4/121] 서울 암사동 유적 (primary=KEY_4)
2026-05-27 08:34:00,155 [INFO] [5/121] 창덕궁·종묘 (primary=KEY_1)
2026-05-27 08:34:01,270 [INFO] [6/121] 강남 MICE 관광특구 (primary=KEY_2)
2026-05-27 08:34:02,397 [INFO] [7/121] 동대문 관광특구 (primary=KEY_3)
2026-05-27 08:34:03,833 [INFO] [8/121] 명동 관광특구 (primary=KEY_4)
2026-05-27 08:34:05,853 [INFO] [9/121] 이태원 관광특구 (primary=KEY_1)
2026-05-27 08:34:07,542 [INFO] [10/121] 잠실 관광특구 (primary=KEY_2)
2026-05-27 08:34:09,562 [INFO] [11/121] 종로·청계 관광특구 (primary=KEY_3)
2026-05-27 08:34:10,909 [INFO] [12/121] 홍대 관광특구 (primary=KEY_4)
2026-05-27 08:34:12,238 [INFO] [13/121] 강서한강공원 (primary=KEY_1)
2026-05-27 08:34:13,191 [INFO] [14/121] 고척돔 (primary=KEY_2)
2026-05-27 08:34:14,974 [INFO] [15/121] 광나루한강공원 (primary=KEY_3)
2026-05-27 08:34:16,068 [INFO] [16/121] 광화문광장 (primary=KEY_4)
2026-05-27 08:34:17,740 [INFO] [17/121] 국립중앙박물관·용산가족공원 (primary=KEY_1)
2026-05-27 08:34:18,722 [INFO] [18/121] 난지한강공원 (primary=KEY_2)
2026-05-27 08:34:20,224 [INFO] [19/121] 남산공원 (primary=KEY_3)
2026-05-27 08:34:21,504 [INFO] [20/121] 노들섬 (primary=KEY_4)
2026-05-27 08:34:23,013 [INFO] [21/121] 뚝섬한강공원 (primary=KEY_1)
2026-05-27 08:34:23,997 [INFO] [22/121] 망원한강공원 (primary=KEY_2)
2026-05-27 08:34:25,124 [INFO] [23/121] 반포한강공원 (primary=KEY_3)
2026-05-27 08:34:26,122 [INFO] [24/121] 보라매공원 (primary=KEY_4)
2026-05-27 08:34:27,100 [INFO] [25/121] 북서울꿈의숲 (primary=KEY_1)
2026-05-27 08:34:28,754 [INFO] [26/121] 서대문독립공원 (primary=KEY_2)
2026-05-27 08:34:29,737 [INFO] [27/121] 서리풀공원·몽마르뜨공원 (primary=KEY_3)
2026-05-27 08:34:30,910 [INFO] [28/121] 서울대공원 (primary=KEY_4)
2026-05-27 08:34:31,863 [INFO] [29/121] 서울숲공원 (primary=KEY_1)
2026-05-27 08:34:32,979 [INFO] [30/121] 송현녹지광장 (primary=KEY_2)
2026-05-27 08:34:34,071 [INFO] [31/121] 아차산 (primary=KEY_3)
2026-05-27 08:34:35,039 [INFO] [32/121] 안양천 (primary=KEY_4)
2026-05-27 08:34:36,008 [INFO] [33/121] 양화한강공원 (primary=KEY_1)
2026-05-27 08:34:36,968 [INFO] [34/121] 어린이대공원 (primary=KEY_2)
2026-05-27 08:34:38,107 [INFO] [35/121] 여의도한강공원 (primary=KEY_3)
2026-05-27 08:34:39,218 [INFO] [36/121] 여의서로 (primary=KEY_4)
2026-05-27 08:34:40,435 [INFO] [37/121] 올림픽공원 (primary=KEY_1)
2026-05-27 08:34:41,701 [INFO] [38/121] 월드컵공원 (primary=KEY_2)
2026-05-27 08:34:42,983 [INFO] [39/121] 응봉산 (primary=KEY_3)
2026-05-27 08:34:44,099 [INFO] [40/121] 이촌한강공원 (primary=KEY_4)
2026-05-27 08:34:45,065 [INFO] [41/121] 잠실종합운동장 (primary=KEY_1)
2026-05-27 08:34:46,053 [INFO] [42/121] 잠실한강공원 (primary=KEY_2)
2026-05-27 08:34:47,018 [INFO] [43/121] 잠원한강공원 (primary=KEY_3)
2026-05-27 08:34:47,986 [INFO] [44/121] 청계산 (primary=KEY_4)
2026-05-27 08:34:48,943 [INFO] [45/121] 홍제폭포 (primary=KEY_1)
2026-05-27 08:34:49,912 [INFO] [46/121] 가락시장 (primary=KEY_2)
2026-05-27 08:34:51,046 [INFO] [47/121] 가로수길 (primary=KEY_3)
2026-05-27 08:34:52,191 [INFO] [48/121] 광장(전통)시장 (primary=KEY_4)
2026-05-27 08:34:53,173 [INFO] [49/121] 김포공항 (primary=KEY_1)
2026-05-27 08:34:54,443 [INFO] [50/121] 남대문시장 (primary=KEY_2)
2026-05-27 08:34:55,574 [INFO] [51/121] 노량진 (primary=KEY_3)
2026-05-27 08:34:57,404 [INFO] [52/121] 덕수궁길·정동길 (primary=KEY_4)
2026-05-27 08:34:58,556 [INFO] [53/121] 북창동 먹자골목 (primary=KEY_1)
2026-05-27 08:34:59,648 [INFO] [54/121] 북촌한옥마을 (primary=KEY_2)
2026-05-27 08:35:00,907 [INFO] [55/121] 서촌 (primary=KEY_3)
2026-05-27 08:35:02,013 [INFO] [56/121] 성수카페거리 (primary=KEY_4)
2026-05-27 08:35:03,265 [INFO] [57/121] 송리단길·호수단길 (primary=KEY_1)
2026-05-27 08:35:04,389 [INFO] [58/121] 신촌 스타광장 (primary=KEY_2)
2026-05-27 08:35:05,362 [INFO] [59/121] 압구정로데오거리 (primary=KEY_3)
2026-05-27 08:35:06,466 [INFO] [60/121] 여의도 (primary=KEY_4)
2026-05-27 08:35:08,356 [INFO] [61/121] 연남동 (primary=KEY_1)
2026-05-27 08:35:09,460 [INFO] [62/121] 영등포 타임스퀘어 (primary=KEY_2)
2026-05-27 08:35:10,567 [INFO] [63/121] 용리단길 (primary=KEY_3)
2026-05-27 08:35:11,570 [INFO] [64/121] 이태원 앤틱가구거리 (primary=KEY_4)
2026-05-27 08:35:12,675 [INFO] [65/121] 익선동 (primary=KEY_1)
2026-05-27 08:35:13,795 [INFO] [66/121] 인사동 (primary=KEY_2)
2026-05-27 08:35:15,071 [INFO] [67/121] 잠실롯데타워·석촌호수 (primary=KEY_3)
2026-05-27 08:35:16,503 [INFO] [68/121] 창동 신경제 중심지 (primary=KEY_4)
2026-05-27 08:35:17,935 [INFO] [69/121] 청담동 명품거리 (primary=KEY_1)
2026-05-27 08:35:19,104 [INFO] [70/121] 청량리 제기동 일대 전통시장 (primary=KEY_2)
2026-05-27 08:35:20,220 [INFO] [71/121] 해방촌·경리단길 (primary=KEY_3)
2026-05-27 08:35:21,191 [INFO] [72/121] DDP(동대문디자인플라자) (primary=KEY_4)
2026-05-27 08:35:22,335 [INFO] [73/121] DMC(디지털미디어시티) (primary=KEY_1)
2026-05-27 08:35:23,798 [INFO] [74/121] 가산디지털단지역 (primary=KEY_2)
2026-05-27 08:35:25,355 [INFO] [75/121] 강남역 (primary=KEY_3)
2026-05-27 08:35:26,661 [INFO] [76/121] 건대입구역 (primary=KEY_4)
2026-05-27 08:35:27,782 [INFO] [77/121] 고덕역 (primary=KEY_1)
2026-05-27 08:35:28,891 [INFO] [78/121] 고속터미널역 (primary=KEY_2)
2026-05-27 08:35:30,026 [INFO] [79/121] 교대역 (primary=KEY_3)
2026-05-27 08:35:31,160 [INFO] [80/121] 구로디지털단지역 (primary=KEY_4)
2026-05-27 08:35:32,548 [INFO] [81/121] 구로역 (primary=KEY_1)
2026-05-27 08:35:33,649 [INFO] [82/121] 군자역 (primary=KEY_2)
2026-05-27 08:35:34,762 [INFO] [83/121] 대림역 (primary=KEY_3)
2026-05-27 08:35:35,884 [INFO] [84/121] 동대문역 (primary=KEY_4)
2026-05-27 08:35:37,021 [INFO] [85/121] 뚝섬역 (primary=KEY_1)
2026-05-27 08:35:38,146 [INFO] [86/121] 미아사거리역 (primary=KEY_2)
2026-05-27 08:35:39,264 [INFO] [87/121] 발산역 (primary=KEY_3)
2026-05-27 08:35:40,670 [INFO] [88/121] 사당역 (primary=KEY_4)
2026-05-27 08:35:41,796 [INFO] [89/121] 삼각지역 (primary=KEY_1)
2026-05-27 08:35:42,840 [INFO] [90/121] 서울대입구역 (primary=KEY_2)
2026-05-27 08:35:43,953 [INFO] [91/121] 서울식물원·마곡나루역 (primary=KEY_3)
2026-05-27 08:35:45,251 [INFO] [92/121] 서울역 (primary=KEY_4)
2026-05-27 08:35:46,564 [INFO] [93/121] 선릉역 (primary=KEY_1)
2026-05-27 08:35:47,993 [INFO] [94/121] 성신여대입구역 (primary=KEY_2)
2026-05-27 08:35:48,985 [INFO] [95/121] 수유역 (primary=KEY_3)
2026-05-27 08:35:50,097 [INFO] [96/121] 숭례문 (primary=KEY_4)
2026-05-27 08:35:51,253 [INFO] [97/121] 시의회 앞 (primary=KEY_1)
2026-05-27 08:35:52,390 [INFO] [98/121] 신논현역·논현역 (primary=KEY_2)
2026-05-27 08:35:53,526 [INFO] [99/121] 신도림역 (primary=KEY_3)
2026-05-27 08:35:54,513 [INFO] [100/121] 신림역 (primary=KEY_4)
2026-05-27 08:35:55,617 [INFO] [101/121] 신정네거리역 (primary=KEY_1)
2026-05-27 08:35:56,726 [INFO] [102/121] 신촌·이대역 (primary=KEY_2)
2026-05-27 08:35:57,871 [INFO] [103/121] 쌍문역 (primary=KEY_3)
2026-05-27 08:35:58,981 [INFO] [104/121] 양재역 (primary=KEY_4)
2026-05-27 08:36:00,104 [INFO] [105/121] 역삼역 (primary=KEY_1)
2026-05-27 08:36:01,364 [INFO] [106/121] 연신내역 (primary=KEY_2)
2026-05-27 08:36:02,366 [INFO] [107/121] 오목교역·목동운동장 (primary=KEY_3)
2026-05-27 08:36:03,911 [INFO] [108/121] 왕십리역 (primary=KEY_4)
2026-05-27 08:36:05,220 [INFO] [109/121] 용산역 (primary=KEY_1)
2026-05-27 08:36:06,500 [INFO] [110/121] 이태원역 (primary=KEY_2)
2026-05-27 08:36:07,541 [INFO] [111/121] 잠실새내역 (primary=KEY_3)
2026-05-27 08:36:08,681 [INFO] [112/121] 잠실역 (primary=KEY_4)
2026-05-27 08:36:09,929 [INFO] [113/121] 장지역 (primary=KEY_1)
2026-05-27 08:36:11,193 [INFO] [114/121] 장한평역 (primary=KEY_2)
2026-05-27 08:36:12,319 [INFO] [115/121] 천호역 (primary=KEY_3)
2026-05-27 08:36:13,474 [INFO] [116/121] 총신대입구(이수)역 (primary=KEY_4)
2026-05-27 08:36:14,597 [INFO] [117/121] 충정로역 (primary=KEY_1)
2026-05-27 08:36:15,722 [INFO] [118/121] 합정역 (primary=KEY_2)
2026-05-27 08:36:16,895 [INFO] [119/121] 혜화역 (primary=KEY_3)
2026-05-27 08:36:18,001 [INFO] [120/121] 홍대입구역(2호선) (primary=KEY_4)
2026-05-27 08:36:19,152 [INFO] [121/121] 회기역 (primary=KEY_1)
2026-05-27 08:36:21,865 [INFO] === 수집 완료 | 성공 121, 실패 0 ===
2026-05-27 08:36:21,865 [INFO] 카테고리별 저장 결과:
2026-05-27 08:36:21,865 [INFO]    accident                  | 신규     1행 | 누적      8행 | 16컬럼
2026-05-27 08:36:21,865 [INFO]    area_meta                 | 신규   121행 | 누적    968행 | 5컬럼
2026-05-27 08:36:21,866 [INFO]    bike                      | 신규    11행 | 누적     88행 | 12컬럼
2026-05-27 08:36:21,866 [INFO]    bike_sbike_stts           | 신규   557행 | 누적   4456행 | 12컬럼
2026-05-27 08:36:21,866 [INFO]    bus                       | 신규     3행 | 누적     24행 | 11컬럼
2026-05-27 08:36:21,866 [INFO]    bus_bus_stn_stts          | 신규  1745행 | 누적  13960행 | 11컬럼
2026-05-27 08:36:21,866 [INFO]    charger                   | 신규     4행 | 누적    103행 | 15컬럼
2026-05-27 08:36:21,866 [INFO]    charger_charger_stts      | 신규  1870행 | 누적   9932행 | 15컬럼
2026-05-27 08:36:21,866 [INFO]    cmrcl                     | 신규    82행 | 누적    656행 | 20컬럼
2026-05-27 08:36:21,866 [INFO]    events                    | 신규    12행 | 누적     92행 | 14컬럼
2026-05-27 08:36:21,866 [INFO]    events_event_stts         | 신규   175행 | 누적   1372행 | 14컬럼
2026-05-27 08:36:21,866 [INFO]    parking                   | 신규     6행 | 누적     48행 | 21컬럼
2026-05-27 08:36:21,866 [INFO]    parking_prk_stts          | 신규  1835행 | 누적  14680행 | 21컬럼
2026-05-27 08:36:21,866 [INFO]    ppltn                     | 신규   121행 | 누적    968행 | 26컬럼
2026-05-27 08:36:21,866 [INFO]    road                      | 신규   121행 | 누적    968행 | 21컬럼
2026-05-27 08:36:21,866 [INFO]    road_road_traffic_stts    | 신규  5252행 | 누적  42016행 | 17컬럼
2026-05-27 08:36:21,866 [INFO]    subway                    | 신규    38행 | 누적    304행 | 13컬럼
2026-05-27 08:36:21,866 [INFO]    subway_sub_stts           | 신규   183행 | 누적   1464행 | 13컬럼
2026-05-27 08:36:21,866 [INFO]    weather                   | 신규   119행 | 누적    952행 | 29컬럼
2026-05-27 08:36:21,866 [INFO] 키별 사용량:
2026-05-27 08:36:21,867 [INFO]    🟢 KEY_1 (31/1000) 
2026-05-27 08:36:21,867 [INFO]    🟢 KEY_2 (30/1000) 
2026-05-27 08:36:21,867 [INFO]    🟢 KEY_3 (30/1000) 
2026-05-27 08:36:21,867 [INFO]    🟢 KEY_4 (30/1000) 
2026-05-27 10:17:04,739 [INFO] 등록된 키: 4개, 합산 한도 4,000건/일
2026-05-27 10:17:04,740 [INFO] POI 로드: 매뉴얼 v8.5 기준 fallback 121개 (121개 전체)
2026-05-27 10:17:04,740 [INFO] === 수집 시작 2026-05-27T10:17:04.740366+09:00 ===
2026-05-27 10:17:04,740 [INFO] 대상 장소: 121개 | API: citydata (통합)
2026-05-27 10:17:04,740 [INFO] 키 풀: 4/4 활성 | 오늘 사용 0/4000건
2026-05-27 10:17:04,740 [INFO]   [KEY_1] 담당 31장소
2026-05-27 10:17:04,740 [INFO]   [KEY_2] 담당 30장소
2026-05-27 10:17:04,740 [INFO]   [KEY_3] 담당 30장소
2026-05-27 10:17:04,740 [INFO]   [KEY_4] 담당 30장소
2026-05-27 10:17:04,740 [INFO] [1/121] 경복궁 (primary=KEY_1)
2026-05-27 10:17:06,801 [INFO] [2/121] 광화문·덕수궁 (primary=KEY_2)
2026-05-27 10:17:09,165 [INFO] [3/121] 보신각 (primary=KEY_3)
2026-05-27 10:17:10,546 [INFO] [4/121] 서울 암사동 유적 (primary=KEY_4)
2026-05-27 10:17:12,266 [INFO] [5/121] 창덕궁·종묘 (primary=KEY_1)
2026-05-27 10:17:14,287 [INFO] [6/121] 강남 MICE 관광특구 (primary=KEY_2)
2026-05-27 10:17:16,452 [INFO] [7/121] 동대문 관광특구 (primary=KEY_3)
2026-05-27 10:17:18,072 [INFO] [8/121] 명동 관광특구 (primary=KEY_4)
2026-05-27 10:17:20,900 [INFO] [9/121] 이태원 관광특구 (primary=KEY_1)
2026-05-27 10:17:23,057 [INFO] [10/121] 잠실 관광특구 (primary=KEY_2)
2026-05-27 10:17:25,092 [INFO] [11/121] 종로·청계 관광특구 (primary=KEY_3)
2026-05-27 10:17:27,490 [INFO] [12/121] 홍대 관광특구 (primary=KEY_4)
2026-05-27 10:17:29,138 [INFO] [13/121] 강서한강공원 (primary=KEY_1)
2026-05-27 10:17:31,084 [INFO] [14/121] 고척돔 (primary=KEY_2)
2026-05-27 10:17:32,919 [INFO] [15/121] 광나루한강공원 (primary=KEY_3)
2026-05-27 10:17:34,438 [INFO] [16/121] 광화문광장 (primary=KEY_4)
2026-05-27 10:17:35,815 [INFO] [17/121] 국립중앙박물관·용산가족공원 (primary=KEY_1)
2026-05-27 10:17:37,563 [INFO] [18/121] 난지한강공원 (primary=KEY_2)
2026-05-27 10:17:39,313 [INFO] [19/121] 남산공원 (primary=KEY_3)
2026-05-27 10:17:40,936 [INFO] [20/121] 노들섬 (primary=KEY_4)
2026-05-27 10:17:42,099 [INFO] [21/121] 뚝섬한강공원 (primary=KEY_1)
2026-05-27 10:17:43,257 [INFO] [22/121] 망원한강공원 (primary=KEY_2)
2026-05-27 10:17:45,305 [INFO] [23/121] 반포한강공원 (primary=KEY_3)
2026-05-27 10:17:46,482 [INFO] [24/121] 보라매공원 (primary=KEY_4)
2026-05-27 10:17:47,648 [INFO] [25/121] 북서울꿈의숲 (primary=KEY_1)
2026-05-27 10:17:49,001 [INFO] [26/121] 서대문독립공원 (primary=KEY_2)
2026-05-27 10:17:50,745 [INFO] [27/121] 서리풀공원·몽마르뜨공원 (primary=KEY_3)
2026-05-27 10:17:52,925 [INFO] [28/121] 서울대공원 (primary=KEY_4)
2026-05-27 10:17:54,668 [INFO] [29/121] 서울숲공원 (primary=KEY_1)
2026-05-27 10:17:57,220 [INFO] [30/121] 송현녹지광장 (primary=KEY_2)
2026-05-27 10:17:58,570 [INFO] [31/121] 아차산 (primary=KEY_3)
2026-05-27 10:17:59,722 [INFO] [32/121] 안양천 (primary=KEY_4)
2026-05-27 10:18:01,471 [INFO] [33/121] 양화한강공원 (primary=KEY_1)
2026-05-27 10:18:02,615 [INFO] [34/121] 어린이대공원 (primary=KEY_2)
2026-05-27 10:18:05,150 [INFO] [35/121] 여의도한강공원 (primary=KEY_3)
2026-05-27 10:18:06,512 [INFO] [36/121] 여의서로 (primary=KEY_4)
2026-05-27 10:18:07,871 [INFO] [37/121] 올림픽공원 (primary=KEY_1)
2026-05-27 10:18:10,064 [INFO] [38/121] 월드컵공원 (primary=KEY_2)
2026-05-27 10:18:11,676 [INFO] [39/121] 응봉산 (primary=KEY_3)
2026-05-27 10:18:13,016 [INFO] [40/121] 이촌한강공원 (primary=KEY_4)
2026-05-27 10:18:14,940 [INFO] [41/121] 잠실종합운동장 (primary=KEY_1)
2026-05-27 10:18:16,118 [INFO] [42/121] 잠실한강공원 (primary=KEY_2)
2026-05-27 10:18:17,282 [INFO] [43/121] 잠원한강공원 (primary=KEY_3)
2026-05-27 10:18:19,218 [INFO] [44/121] 청계산 (primary=KEY_4)
2026-05-27 10:18:20,361 [INFO] [45/121] 홍제폭포 (primary=KEY_1)
2026-05-27 10:18:22,479 [INFO] [46/121] 가락시장 (primary=KEY_2)
2026-05-27 10:18:23,861 [INFO] [47/121] 가로수길 (primary=KEY_3)
2026-05-27 10:18:25,240 [INFO] [48/121] 광장(전통)시장 (primary=KEY_4)
2026-05-27 10:18:26,403 [INFO] [49/121] 김포공항 (primary=KEY_1)
2026-05-27 10:18:28,717 [INFO] [50/121] 남대문시장 (primary=KEY_2)
2026-05-27 10:18:30,067 [INFO] [51/121] 노량진 (primary=KEY_3)
2026-05-27 10:18:31,431 [INFO] [52/121] 덕수궁길·정동길 (primary=KEY_4)
2026-05-27 10:18:32,808 [INFO] [53/121] 북창동 먹자골목 (primary=KEY_1)
2026-05-27 10:18:34,150 [INFO] [54/121] 북촌한옥마을 (primary=KEY_2)
2026-05-27 10:18:35,718 [INFO] [55/121] 서촌 (primary=KEY_3)
2026-05-27 10:18:37,101 [INFO] [56/121] 성수카페거리 (primary=KEY_4)
2026-05-27 10:18:38,693 [INFO] [57/121] 송리단길·호수단길 (primary=KEY_1)
2026-05-27 10:18:40,751 [INFO] [58/121] 신촌 스타광장 (primary=KEY_2)
2026-05-27 10:18:41,940 [INFO] [59/121] 압구정로데오거리 (primary=KEY_3)
2026-05-27 10:18:43,310 [INFO] [60/121] 여의도 (primary=KEY_4)
2026-05-27 10:18:46,132 [INFO] [61/121] 연남동 (primary=KEY_1)
2026-05-27 10:18:47,475 [INFO] [62/121] 영등포 타임스퀘어 (primary=KEY_2)
2026-05-27 10:18:48,812 [INFO] [63/121] 용리단길 (primary=KEY_3)
2026-05-27 10:18:49,996 [INFO] [64/121] 이태원 앤틱가구거리 (primary=KEY_4)
2026-05-27 10:18:51,371 [INFO] [65/121] 익선동 (primary=KEY_1)
2026-05-27 10:18:52,795 [INFO] [66/121] 인사동 (primary=KEY_2)
2026-05-27 10:18:54,391 [INFO] [67/121] 잠실롯데타워·석촌호수 (primary=KEY_3)
2026-05-27 10:18:56,160 [INFO] [68/121] 창동 신경제 중심지 (primary=KEY_4)
2026-05-27 10:18:57,952 [INFO] [69/121] 청담동 명품거리 (primary=KEY_1)
2026-05-27 10:18:59,372 [INFO] [70/121] 청량리 제기동 일대 전통시장 (primary=KEY_2)
2026-05-27 10:19:00,789 [INFO] [71/121] 해방촌·경리단길 (primary=KEY_3)
2026-05-27 10:19:01,956 [INFO] [72/121] DDP(동대문디자인플라자) (primary=KEY_4)
2026-05-27 10:19:03,315 [INFO] [73/121] DMC(디지털미디어시티) (primary=KEY_1)
2026-05-27 10:19:05,136 [INFO] [74/121] 가산디지털단지역 (primary=KEY_2)
2026-05-27 10:19:07,131 [INFO] [75/121] 강남역 (primary=KEY_3)
2026-05-27 10:19:08,742 [INFO] [76/121] 건대입구역 (primary=KEY_4)
2026-05-27 10:19:10,114 [INFO] [77/121] 고덕역 (primary=KEY_1)
2026-05-27 10:19:11,484 [INFO] [78/121] 고속터미널역 (primary=KEY_2)
2026-05-27 10:19:12,898 [INFO] [79/121] 교대역 (primary=KEY_3)
2026-05-27 10:19:14,248 [INFO] [80/121] 구로디지털단지역 (primary=KEY_4)
2026-05-27 10:19:15,981 [INFO] [81/121] 구로역 (primary=KEY_1)
2026-05-27 10:19:17,337 [INFO] [82/121] 군자역 (primary=KEY_2)
2026-05-27 10:19:18,728 [INFO] [83/121] 대림역 (primary=KEY_3)
2026-05-27 10:19:20,076 [INFO] [84/121] 동대문역 (primary=KEY_4)
2026-05-27 10:19:21,429 [INFO] [85/121] 뚝섬역 (primary=KEY_1)
2026-05-27 10:19:22,814 [INFO] [86/121] 미아사거리역 (primary=KEY_2)
2026-05-27 10:19:24,199 [INFO] [87/121] 발산역 (primary=KEY_3)
2026-05-27 10:19:25,974 [INFO] [88/121] 사당역 (primary=KEY_4)
2026-05-27 10:19:27,385 [INFO] [89/121] 삼각지역 (primary=KEY_1)
2026-05-27 10:19:28,538 [INFO] [90/121] 서울대입구역 (primary=KEY_2)
2026-05-27 10:19:29,915 [INFO] [91/121] 서울식물원·마곡나루역 (primary=KEY_3)
2026-05-27 10:19:32,455 [INFO] [92/121] 서울역 (primary=KEY_4)
2026-05-27 10:19:34,090 [INFO] [93/121] 선릉역 (primary=KEY_1)
2026-05-27 10:19:35,929 [INFO] [94/121] 성신여대입구역 (primary=KEY_2)
2026-05-27 10:19:37,115 [INFO] [95/121] 수유역 (primary=KEY_3)
2026-05-27 10:19:38,493 [INFO] [96/121] 숭례문 (primary=KEY_4)
2026-05-27 10:19:39,868 [INFO] [97/121] 시의회 앞 (primary=KEY_1)
2026-05-27 10:19:41,274 [INFO] [98/121] 신논현역·논현역 (primary=KEY_2)
2026-05-27 10:19:42,676 [INFO] [99/121] 신도림역 (primary=KEY_3)
2026-05-27 10:19:43,837 [INFO] [100/121] 신림역 (primary=KEY_4)
2026-05-27 10:19:45,195 [INFO] [101/121] 신정네거리역 (primary=KEY_1)
2026-05-27 10:19:46,521 [INFO] [102/121] 신촌·이대역 (primary=KEY_2)
2026-05-27 10:19:47,876 [INFO] [103/121] 쌍문역 (primary=KEY_3)
2026-05-27 10:19:49,242 [INFO] [104/121] 양재역 (primary=KEY_4)
2026-05-27 10:19:50,587 [INFO] [105/121] 역삼역 (primary=KEY_1)
2026-05-27 10:19:52,144 [INFO] [106/121] 연신내역 (primary=KEY_2)
2026-05-27 10:19:53,329 [INFO] [107/121] 오목교역·목동운동장 (primary=KEY_3)
2026-05-27 10:19:55,260 [INFO] [108/121] 왕십리역 (primary=KEY_4)
2026-05-27 10:19:56,847 [INFO] [109/121] 용산역 (primary=KEY_1)
2026-05-27 10:19:58,379 [INFO] [110/121] 이태원역 (primary=KEY_2)
2026-05-27 10:19:59,598 [INFO] [111/121] 잠실새내역 (primary=KEY_3)
2026-05-27 10:20:00,967 [INFO] [112/121] 잠실역 (primary=KEY_4)
2026-05-27 10:20:02,556 [INFO] [113/121] 장지역 (primary=KEY_1)
2026-05-27 10:20:04,071 [INFO] [114/121] 장한평역 (primary=KEY_2)
2026-05-27 10:20:06,249 [INFO] [115/121] 천호역 (primary=KEY_3)
2026-05-27 10:20:07,631 [INFO] [116/121] 총신대입구(이수)역 (primary=KEY_4)
2026-05-27 10:20:09,018 [INFO] [117/121] 충정로역 (primary=KEY_1)
2026-05-27 10:20:10,373 [INFO] [118/121] 합정역 (primary=KEY_2)
2026-05-27 10:20:11,710 [INFO] [119/121] 혜화역 (primary=KEY_3)
2026-05-27 10:20:13,032 [INFO] [120/121] 홍대입구역(2호선) (primary=KEY_4)
2026-05-27 10:20:14,400 [INFO] [121/121] 회기역 (primary=KEY_1)
2026-05-27 10:20:17,385 [INFO] === 수집 완료 | 성공 121, 실패 0 ===
2026-05-27 10:20:17,385 [INFO] 카테고리별 저장 결과:
2026-05-27 10:20:17,385 [INFO]    accident                  | 신규     3행 | 누적     11행 | 16컬럼
2026-05-27 10:20:17,385 [INFO]    area_meta                 | 신규   121행 | 누적   1089행 | 5컬럼
2026-05-27 10:20:17,385 [INFO]    bike                      | 신규    11행 | 누적     99행 | 12컬럼
2026-05-27 10:20:17,385 [INFO]    bike_sbike_stts           | 신규   557행 | 누적   5013행 | 12컬럼
2026-05-27 10:20:17,385 [INFO]    bus                       | 신규     3행 | 누적     27행 | 11컬럼
2026-05-27 10:20:17,385 [INFO]    bus_bus_stn_stts          | 신규  1745행 | 누적  15705행 | 11컬럼
2026-05-27 10:20:17,385 [INFO]    charger                   | 신규     4행 | 누적    107행 | 15컬럼
2026-05-27 10:20:17,385 [INFO]    charger_charger_stts      | 신규  1870행 | 누적  11787행 | 15컬럼
2026-05-27 10:20:17,385 [INFO]    cmrcl                     | 신규    82행 | 누적    738행 | 20컬럼
2026-05-27 10:20:17,385 [INFO]    events                    | 신규    12행 | 누적    104행 | 14컬럼
2026-05-27 10:20:17,385 [INFO]    events_event_stts         | 신규   175행 | 누적   1547행 | 14컬럼
2026-05-27 10:20:17,385 [INFO]    parking                   | 신규     6행 | 누적     54행 | 21컬럼
2026-05-27 10:20:17,385 [INFO]    parking_prk_stts          | 신규  1835행 | 누적  16515행 | 21컬럼
2026-05-27 10:20:17,385 [INFO]    ppltn                     | 신규   121행 | 누적   1089행 | 26컬럼
2026-05-27 10:20:17,385 [INFO]    road                      | 신규   121행 | 누적   1089행 | 21컬럼
2026-05-27 10:20:17,385 [INFO]    road_road_traffic_stts    | 신규  5252행 | 누적  47268행 | 17컬럼
2026-05-27 10:20:17,386 [INFO]    subway                    | 신규    38행 | 누적    342행 | 13컬럼
2026-05-27 10:20:17,386 [INFO]    subway_sub_stts           | 신규   183행 | 누적   1647행 | 13컬럼
2026-05-27 10:20:17,386 [INFO]    weather                   | 신규   119행 | 누적   1071행 | 29컬럼
2026-05-27 10:20:17,386 [INFO] 키별 사용량:
2026-05-27 10:20:17,386 [INFO]    🟢 KEY_1 (31/1000) 
2026-05-27 10:20:17,386 [INFO]    🟢 KEY_2 (30/1000) 
2026-05-27 10:20:17,386 [INFO]    🟢 KEY_3 (30/1000) 
2026-05-27 10:20:17,386 [INFO]    🟢 KEY_4 (30/1000) 
2026-05-27 12:23:09,869 [INFO] 등록된 키: 4개, 합산 한도 4,000건/일
2026-05-27 12:23:09,869 [INFO] POI 로드: 매뉴얼 v8.5 기준 fallback 121개 (121개 전체)
2026-05-27 12:23:09,870 [INFO] === 수집 시작 2026-05-27T12:23:09.869999+09:00 ===
2026-05-27 12:23:09,870 [INFO] 대상 장소: 121개 | API: citydata (통합)
2026-05-27 12:23:09,870 [INFO] 키 풀: 4/4 활성 | 오늘 사용 0/4000건
2026-05-27 12:23:09,870 [INFO]   [KEY_1] 담당 31장소
2026-05-27 12:23:09,870 [INFO]   [KEY_2] 담당 30장소
2026-05-27 12:23:09,870 [INFO]   [KEY_3] 담당 30장소
2026-05-27 12:23:09,870 [INFO]   [KEY_4] 담당 30장소
2026-05-27 12:23:09,870 [INFO] [1/121] 경복궁 (primary=KEY_1)
2026-05-27 12:23:12,155 [INFO] [2/121] 광화문·덕수궁 (primary=KEY_2)
2026-05-27 12:23:14,682 [INFO] [3/121] 보신각 (primary=KEY_3)
2026-05-27 12:23:16,234 [INFO] [4/121] 서울 암사동 유적 (primary=KEY_4)
2026-05-27 12:23:18,529 [INFO] [5/121] 창덕궁·종묘 (primary=KEY_1)
2026-05-27 12:23:20,831 [INFO] [6/121] 강남 MICE 관광특구 (primary=KEY_2)
2026-05-27 12:23:22,796 [INFO] [7/121] 동대문 관광특구 (primary=KEY_3)
2026-05-27 12:23:25,017 [INFO] [8/121] 명동 관광특구 (primary=KEY_4)
2026-05-27 12:23:26,858 [INFO] [9/121] 이태원 관광특구 (primary=KEY_1)
2026-05-27 12:23:30,152 [INFO] [10/121] 잠실 관광특구 (primary=KEY_2)
2026-05-27 12:23:32,936 [INFO] [11/121] 종로·청계 관광특구 (primary=KEY_3)
2026-05-27 12:23:34,548 [INFO] [12/121] 홍대 관광특구 (primary=KEY_4)
2026-05-27 12:23:36,128 [INFO] [13/121] 강서한강공원 (primary=KEY_1)
2026-05-27 12:23:38,046 [INFO] [14/121] 고척돔 (primary=KEY_2)
2026-05-27 12:23:40,342 [INFO] [15/121] 광나루한강공원 (primary=KEY_3)
2026-05-27 12:23:41,681 [INFO] [16/121] 광화문광장 (primary=KEY_4)
2026-05-27 12:23:44,013 [INFO] [17/121] 국립중앙박물관·용산가족공원 (primary=KEY_1)
2026-05-27 12:23:45,175 [INFO] [18/121] 난지한강공원 (primary=KEY_2)
2026-05-27 12:23:46,923 [INFO] [19/121] 남산공원 (primary=KEY_3)
2026-05-27 12:23:48,530 [INFO] [20/121] 노들섬 (primary=KEY_4)
2026-05-27 12:23:49,685 [INFO] [21/121] 뚝섬한강공원 (primary=KEY_1)
2026-05-27 12:23:50,882 [INFO] [22/121] 망원한강공원 (primary=KEY_2)
2026-05-27 12:23:53,194 [INFO] [23/121] 반포한강공원 (primary=KEY_3)
2026-05-27 12:23:55,281 [INFO] [24/121] 보라매공원 (primary=KEY_4)
2026-05-27 12:23:56,456 [INFO] [25/121] 북서울꿈의숲 (primary=KEY_1)
2026-05-27 12:23:57,808 [INFO] [26/121] 서대문독립공원 (primary=KEY_2)
2026-05-27 12:23:59,537 [INFO] [27/121] 서리풀공원·몽마르뜨공원 (primary=KEY_3)
2026-05-27 12:24:00,925 [INFO] [28/121] 서울대공원 (primary=KEY_4)
2026-05-27 12:24:02,054 [INFO] [29/121] 서울숲공원 (primary=KEY_1)
2026-05-27 12:24:03,422 [INFO] [30/121] 송현녹지광장 (primary=KEY_2)
2026-05-27 12:24:04,779 [INFO] [31/121] 아차산 (primary=KEY_3)
2026-05-27 12:24:05,922 [INFO] [32/121] 안양천 (primary=KEY_4)
2026-05-27 12:24:07,823 [INFO] [33/121] 양화한강공원 (primary=KEY_1)
2026-05-27 12:24:09,722 [INFO] [34/121] 어린이대공원 (primary=KEY_2)
2026-05-27 12:24:11,062 [INFO] [35/121] 여의도한강공원 (primary=KEY_3)
2026-05-27 12:24:12,401 [INFO] [36/121] 여의서로 (primary=KEY_4)
2026-05-27 12:24:13,743 [INFO] [37/121] 올림픽공원 (primary=KEY_1)
2026-05-27 12:24:16,481 [INFO] [38/121] 월드컵공원 (primary=KEY_2)
2026-05-27 12:24:18,022 [INFO] [39/121] 응봉산 (primary=KEY_3)
2026-05-27 12:24:19,355 [INFO] [40/121] 이촌한강공원 (primary=KEY_4)
2026-05-27 12:24:20,492 [INFO] [41/121] 잠실종합운동장 (primary=KEY_1)
2026-05-27 12:24:21,631 [INFO] [42/121] 잠실한강공원 (primary=KEY_2)
2026-05-27 12:24:22,774 [INFO] [43/121] 잠원한강공원 (primary=KEY_3)
2026-05-27 12:24:24,489 [INFO] [44/121] 청계산 (primary=KEY_4)
2026-05-27 12:24:25,617 [INFO] [45/121] 홍제폭포 (primary=KEY_1)
2026-05-27 12:24:26,768 [INFO] [46/121] 가락시장 (primary=KEY_2)
2026-05-27 12:24:28,163 [INFO] [47/121] 가로수길 (primary=KEY_3)
2026-05-27 12:24:29,574 [INFO] [48/121] 광장(전통)시장 (primary=KEY_4)
2026-05-27 12:24:30,770 [INFO] [49/121] 김포공항 (primary=KEY_1)
2026-05-27 12:24:32,377 [INFO] [50/121] 남대문시장 (primary=KEY_2)
2026-05-27 12:24:33,753 [INFO] [51/121] 노량진 (primary=KEY_3)
2026-05-27 12:24:35,145 [INFO] [52/121] 덕수궁길·정동길 (primary=KEY_4)
2026-05-27 12:24:36,544 [INFO] [53/121] 북창동 먹자골목 (primary=KEY_1)
2026-05-27 12:24:37,887 [INFO] [54/121] 북촌한옥마을 (primary=KEY_2)
2026-05-27 12:24:39,431 [INFO] [55/121] 서촌 (primary=KEY_3)
2026-05-27 12:24:40,747 [INFO] [56/121] 성수카페거리 (primary=KEY_4)
2026-05-27 12:24:42,286 [INFO] [57/121] 송리단길·호수단길 (primary=KEY_1)
2026-05-27 12:24:43,667 [INFO] [58/121] 신촌 스타광장 (primary=KEY_2)
2026-05-27 12:24:44,829 [INFO] [59/121] 압구정로데오거리 (primary=KEY_3)
2026-05-27 12:24:46,171 [INFO] [60/121] 여의도 (primary=KEY_4)
2026-05-27 12:24:48,437 [INFO] [61/121] 연남동 (primary=KEY_1)
2026-05-27 12:24:49,777 [INFO] [62/121] 영등포 타임스퀘어 (primary=KEY_2)
2026-05-27 12:24:51,717 [INFO] [63/121] 용리단길 (primary=KEY_3)
2026-05-27 12:24:53,798 [INFO] [64/121] 이태원 앤틱가구거리 (primary=KEY_4)
2026-05-27 12:24:55,141 [INFO] [65/121] 익선동 (primary=KEY_1)
2026-05-27 12:24:56,503 [INFO] [66/121] 인사동 (primary=KEY_2)
2026-05-27 12:24:58,080 [INFO] [67/121] 잠실롯데타워·석촌호수 (primary=KEY_3)
2026-05-27 12:24:59,837 [INFO] [68/121] 창동 신경제 중심지 (primary=KEY_4)
2026-05-27 12:25:01,617 [INFO] [69/121] 청담동 명품거리 (primary=KEY_1)
2026-05-27 12:25:02,995 [INFO] [70/121] 청량리 제기동 일대 전통시장 (primary=KEY_2)
2026-05-27 12:25:04,355 [INFO] [71/121] 해방촌·경리단길 (primary=KEY_3)
2026-05-27 12:25:05,666 [INFO] [72/121] DDP(동대문디자인플라자) (primary=KEY_4)
2026-05-27 12:25:07,032 [INFO] [73/121] DMC(디지털미디어시티) (primary=KEY_1)
2026-05-27 12:25:08,845 [INFO] [74/121] 가산디지털단지역 (primary=KEY_2)
2026-05-27 12:25:10,835 [INFO] [75/121] 강남역 (primary=KEY_3)
2026-05-27 12:25:12,417 [INFO] [76/121] 건대입구역 (primary=KEY_4)
2026-05-27 12:25:13,951 [INFO] [77/121] 고덕역 (primary=KEY_1)
2026-05-27 12:25:15,301 [INFO] [78/121] 고속터미널역 (primary=KEY_2)
2026-05-27 12:25:16,688 [INFO] [79/121] 교대역 (primary=KEY_3)
2026-05-27 12:25:18,052 [INFO] [80/121] 구로디지털단지역 (primary=KEY_4)
2026-05-27 12:25:19,795 [INFO] [81/121] 구로역 (primary=KEY_1)
2026-05-27 12:25:21,116 [INFO] [82/121] 군자역 (primary=KEY_2)
2026-05-27 12:25:23,455 [INFO] [83/121] 대림역 (primary=KEY_3)
2026-05-27 12:25:24,793 [INFO] [84/121] 동대문역 (primary=KEY_4)
2026-05-27 12:25:26,177 [INFO] [85/121] 뚝섬역 (primary=KEY_1)
2026-05-27 12:25:27,547 [INFO] [86/121] 미아사거리역 (primary=KEY_2)
2026-05-27 12:25:28,872 [INFO] [87/121] 발산역 (primary=KEY_3)
2026-05-27 12:25:31,372 [INFO] [88/121] 사당역 (primary=KEY_4)
2026-05-27 12:25:32,712 [INFO] [89/121] 삼각지역 (primary=KEY_1)
2026-05-27 12:25:34,067 [INFO] [90/121] 서울대입구역 (primary=KEY_2)
2026-05-27 12:25:35,415 [INFO] [91/121] 서울식물원·마곡나루역 (primary=KEY_3)
2026-05-27 12:25:36,947 [INFO] [92/121] 서울역 (primary=KEY_4)
2026-05-27 12:25:38,561 [INFO] [93/121] 선릉역 (primary=KEY_1)
2026-05-27 12:25:40,379 [INFO] [94/121] 성신여대입구역 (primary=KEY_2)
2026-05-27 12:25:41,739 [INFO] [95/121] 수유역 (primary=KEY_3)
2026-05-27 12:25:43,099 [INFO] [96/121] 숭례문 (primary=KEY_4)
2026-05-27 12:25:44,462 [INFO] [97/121] 시의회 앞 (primary=KEY_1)
2026-05-27 12:25:45,868 [INFO] [98/121] 신논현역·논현역 (primary=KEY_2)
2026-05-27 12:25:47,277 [INFO] [99/121] 신도림역 (primary=KEY_3)
2026-05-27 12:25:48,445 [INFO] [100/121] 신림역 (primary=KEY_4)
2026-05-27 12:25:49,832 [INFO] [101/121] 신정네거리역 (primary=KEY_1)
2026-05-27 12:25:51,225 [INFO] [102/121] 신촌·이대역 (primary=KEY_2)
2026-05-27 12:25:52,610 [INFO] [103/121] 쌍문역 (primary=KEY_3)
2026-05-27 12:25:53,977 [INFO] [104/121] 양재역 (primary=KEY_4)
2026-05-27 12:25:55,413 [INFO] [105/121] 역삼역 (primary=KEY_1)
2026-05-27 12:25:56,985 [INFO] [106/121] 연신내역 (primary=KEY_2)
2026-05-27 12:25:58,162 [INFO] [107/121] 오목교역·목동운동장 (primary=KEY_3)
2026-05-27 12:26:00,142 [INFO] [108/121] 왕십리역 (primary=KEY_4)
2026-05-27 12:26:01,761 [INFO] [109/121] 용산역 (primary=KEY_1)
2026-05-27 12:26:03,303 [INFO] [110/121] 이태원역 (primary=KEY_2)
2026-05-27 12:26:04,462 [INFO] [111/121] 잠실새내역 (primary=KEY_3)
2026-05-27 12:26:05,807 [INFO] [112/121] 잠실역 (primary=KEY_4)
2026-05-27 12:26:07,374 [INFO] [113/121] 장지역 (primary=KEY_1)
2026-05-27 12:26:08,914 [INFO] [114/121] 장한평역 (primary=KEY_2)
2026-05-27 12:26:10,272 [INFO] [115/121] 천호역 (primary=KEY_3)
2026-05-27 12:26:11,804 [INFO] [116/121] 총신대입구(이수)역 (primary=KEY_4)
2026-05-27 12:26:13,171 [INFO] [117/121] 충정로역 (primary=KEY_1)
2026-05-27 12:26:14,543 [INFO] [118/121] 합정역 (primary=KEY_2)
2026-05-27 12:26:16,089 [INFO] [119/121] 혜화역 (primary=KEY_3)
2026-05-27 12:26:17,449 [INFO] [120/121] 홍대입구역(2호선) (primary=KEY_4)
2026-05-27 12:26:18,830 [INFO] [121/121] 회기역 (primary=KEY_1)
2026-05-27 12:26:22,040 [INFO] === 수집 완료 | 성공 121, 실패 0 ===
2026-05-27 12:26:22,040 [INFO] 카테고리별 저장 결과:
2026-05-27 12:26:22,040 [INFO]    accident                  | 신규     5행 | 누적     16행 | 16컬럼
2026-05-27 12:26:22,040 [INFO]    area_meta                 | 신규   121행 | 누적   1210행 | 5컬럼
2026-05-27 12:26:22,040 [INFO]    bike                      | 신규    11행 | 누적    110행 | 12컬럼
2026-05-27 12:26:22,040 [INFO]    bike_sbike_stts           | 신규   557행 | 누적   5570행 | 12컬럼
2026-05-27 12:26:22,040 [INFO]    bus                       | 신규     3행 | 누적     30행 | 11컬럼
2026-05-27 12:26:22,040 [INFO]    bus_bus_stn_stts          | 신규  1745행 | 누적  17450행 | 11컬럼
2026-05-27 12:26:22,040 [INFO]    charger                   | 신규     4행 | 누적    111행 | 15컬럼
2026-05-27 12:26:22,040 [INFO]    charger_charger_stts      | 신규  1870행 | 누적  13642행 | 15컬럼
2026-05-27 12:26:22,040 [INFO]    cmrcl                     | 신규    82행 | 누적    820행 | 20컬럼
2026-05-27 12:26:22,040 [INFO]    events                    | 신규    12행 | 누적    116행 | 14컬럼
2026-05-27 12:26:22,040 [INFO]    events_event_stts         | 신규   175행 | 누적   1722행 | 14컬럼
2026-05-27 12:26:22,040 [INFO]    news                      | 신규   120행 | 누적    120행 | 10컬럼
2026-05-27 12:26:22,040 [INFO]    parking                   | 신규     6행 | 누적     60행 | 21컬럼
2026-05-27 12:26:22,040 [INFO]    parking_prk_stts          | 신규  1835행 | 누적  18350행 | 21컬럼
2026-05-27 12:26:22,040 [INFO]    ppltn                     | 신규   121행 | 누적   1210행 | 26컬럼
2026-05-27 12:26:22,040 [INFO]    road                      | 신규   121행 | 누적   1210행 | 21컬럼
2026-05-27 12:26:22,041 [INFO]    road_road_traffic_stts    | 신규  5252행 | 누적  52520행 | 17컬럼
2026-05-27 12:26:22,041 [INFO]    subway                    | 신규    38행 | 누적    380행 | 13컬럼
2026-05-27 12:26:22,041 [INFO]    subway_sub_stts           | 신규   183행 | 누적   1830행 | 13컬럼
2026-05-27 12:26:22,041 [INFO]    weather                   | 신규   119행 | 누적   1190행 | 29컬럼
2026-05-27 12:26:22,041 [INFO] 키별 사용량:
2026-05-27 12:26:22,041 [INFO]    🟢 KEY_1 (31/1000) 
2026-05-27 12:26:22,041 [INFO]    🟢 KEY_2 (30/1000) 
2026-05-27 12:26:22,041 [INFO]    🟢 KEY_3 (30/1000) 
2026-05-27 12:26:22,041 [INFO]    🟢 KEY_4 (30/1000) 
2026-05-27 14:40:17,747 [INFO] 등록된 키: 4개, 합산 한도 4,000건/일
2026-05-27 14:40:17,748 [INFO] POI 로드: 매뉴얼 v8.5 기준 fallback 121개 (121개 전체)
2026-05-27 14:40:17,748 [INFO] === 수집 시작 2026-05-27T14:40:17.748074+09:00 ===
2026-05-27 14:40:17,748 [INFO] 대상 장소: 121개 | API: citydata (통합)
2026-05-27 14:40:17,748 [INFO] 키 풀: 4/4 활성 | 오늘 사용 0/4000건
2026-05-27 14:40:17,748 [INFO]   [KEY_1] 담당 31장소
2026-05-27 14:40:17,748 [INFO]   [KEY_2] 담당 30장소
2026-05-27 14:40:17,748 [INFO]   [KEY_3] 담당 30장소
2026-05-27 14:40:17,748 [INFO]   [KEY_4] 담당 30장소
2026-05-27 14:40:17,748 [INFO] [1/121] 경복궁 (primary=KEY_1)
2026-05-27 14:40:19,508 [INFO] [2/121] 광화문·덕수궁 (primary=KEY_2)
2026-05-27 14:40:21,414 [INFO] [3/121] 보신각 (primary=KEY_3)
2026-05-27 14:40:23,121 [INFO] [4/121] 서울 암사동 유적 (primary=KEY_4)
2026-05-27 14:40:24,229 [INFO] [5/121] 창덕궁·종묘 (primary=KEY_1)
2026-05-27 14:40:25,920 [INFO] [6/121] 강남 MICE 관광특구 (primary=KEY_2)
2026-05-27 14:40:27,534 [INFO] [7/121] 동대문 관광특구 (primary=KEY_3)
2026-05-27 14:40:28,913 [INFO] [8/121] 명동 관광특구 (primary=KEY_4)
2026-05-27 14:40:30,933 [INFO] [9/121] 이태원 관광특구 (primary=KEY_1)
2026-05-27 14:40:32,090 [INFO] [10/121] 잠실 관광특구 (primary=KEY_2)
2026-05-27 14:40:33,987 [INFO] [11/121] 종로·청계 관광특구 (primary=KEY_3)
2026-05-27 14:40:35,872 [INFO] [12/121] 홍대 관광특구 (primary=KEY_4)
2026-05-27 14:40:37,219 [INFO] [13/121] 강서한강공원 (primary=KEY_1)
2026-05-27 14:40:38,178 [INFO] [14/121] 고척돔 (primary=KEY_2)
2026-05-27 14:40:39,163 [INFO] [15/121] 광나루한강공원 (primary=KEY_3)
2026-05-27 14:40:40,869 [INFO] [16/121] 광화문광장 (primary=KEY_4)
2026-05-27 14:40:42,025 [INFO] [17/121] 국립중앙박물관·용산가족공원 (primary=KEY_1)
2026-05-27 14:40:43,035 [INFO] [18/121] 난지한강공원 (primary=KEY_2)
2026-05-27 14:40:44,025 [INFO] [19/121] 남산공원 (primary=KEY_3)
2026-05-27 14:40:45,311 [INFO] [20/121] 노들섬 (primary=KEY_4)
2026-05-27 14:40:46,292 [INFO] [21/121] 뚝섬한강공원 (primary=KEY_1)
2026-05-27 14:40:47,294 [INFO] [22/121] 망원한강공원 (primary=KEY_2)
2026-05-27 14:40:48,463 [INFO] [23/121] 반포한강공원 (primary=KEY_3)
2026-05-27 14:40:49,440 [INFO] [24/121] 보라매공원 (primary=KEY_4)
2026-05-27 14:40:50,412 [INFO] [25/121] 북서울꿈의숲 (primary=KEY_1)
2026-05-27 14:40:51,402 [INFO] [26/121] 서대문독립공원 (primary=KEY_2)
2026-05-27 14:40:52,405 [INFO] [27/121] 서리풀공원·몽마르뜨공원 (primary=KEY_3)
2026-05-27 14:40:53,567 [INFO] [28/121] 서울대공원 (primary=KEY_4)
2026-05-27 14:40:54,533 [INFO] [29/121] 서울숲공원 (primary=KEY_1)
2026-05-27 14:40:55,689 [INFO] [30/121] 송현녹지광장 (primary=KEY_2)
2026-05-27 14:40:56,826 [INFO] [31/121] 아차산 (primary=KEY_3)
2026-05-27 14:40:57,810 [INFO] [32/121] 안양천 (primary=KEY_4)
2026-05-27 14:40:58,800 [INFO] [33/121] 양화한강공원 (primary=KEY_1)
2026-05-27 14:40:59,783 [INFO] [34/121] 어린이대공원 (primary=KEY_2)
2026-05-27 14:41:00,915 [INFO] [35/121] 여의도한강공원 (primary=KEY_3)
2026-05-27 14:41:02,049 [INFO] [36/121] 여의서로 (primary=KEY_4)
2026-05-27 14:41:03,168 [INFO] [37/121] 올림픽공원 (primary=KEY_1)
2026-05-27 14:41:04,316 [INFO] [38/121] 월드컵공원 (primary=KEY_2)
2026-05-27 14:41:05,651 [INFO] [39/121] 응봉산 (primary=KEY_3)
2026-05-27 14:41:06,784 [INFO] [40/121] 이촌한강공원 (primary=KEY_4)
2026-05-27 14:41:07,770 [INFO] [41/121] 잠실종합운동장 (primary=KEY_1)
2026-05-27 14:41:08,776 [INFO] [42/121] 잠실한강공원 (primary=KEY_2)
2026-05-27 14:41:09,770 [INFO] [43/121] 잠원한강공원 (primary=KEY_3)
2026-05-27 14:41:10,751 [INFO] [44/121] 청계산 (primary=KEY_4)
2026-05-27 14:41:11,732 [INFO] [45/121] 홍제폭포 (primary=KEY_1)
2026-05-27 14:41:12,693 [INFO] [46/121] 가락시장 (primary=KEY_2)
2026-05-27 14:41:14,395 [INFO] [47/121] 가로수길 (primary=KEY_3)
2026-05-27 14:41:15,555 [INFO] [48/121] 광장(전통)시장 (primary=KEY_4)
2026-05-27 14:41:16,601 [INFO] [49/121] 김포공항 (primary=KEY_1)
2026-05-27 14:41:17,811 [INFO] [50/121] 남대문시장 (primary=KEY_2)
2026-05-27 14:41:18,954 [INFO] [51/121] 노량진 (primary=KEY_3)
2026-05-27 14:41:20,093 [INFO] [52/121] 덕수궁길·정동길 (primary=KEY_4)
2026-05-27 14:41:21,251 [INFO] [53/121] 북창동 먹자골목 (primary=KEY_1)
2026-05-27 14:41:22,244 [INFO] [54/121] 북촌한옥마을 (primary=KEY_2)
2026-05-27 14:41:23,360 [INFO] [55/121] 서촌 (primary=KEY_3)
2026-05-27 14:41:24,477 [INFO] [56/121] 성수카페거리 (primary=KEY_4)
2026-05-27 14:41:25,680 [INFO] [57/121] 송리단길·호수단길 (primary=KEY_1)
2026-05-27 14:41:26,824 [INFO] [58/121] 신촌 스타광장 (primary=KEY_2)
2026-05-27 14:41:27,822 [INFO] [59/121] 압구정로데오거리 (primary=KEY_3)
2026-05-27 14:41:28,976 [INFO] [60/121] 여의도 (primary=KEY_4)
2026-05-27 14:41:30,570 [INFO] [61/121] 연남동 (primary=KEY_1)
2026-05-27 14:41:31,685 [INFO] [62/121] 영등포 타임스퀘어 (primary=KEY_2)
2026-05-27 14:41:32,820 [INFO] [63/121] 용리단길 (primary=KEY_3)
2026-05-27 14:41:33,848 [INFO] [64/121] 이태원 앤틱가구거리 (primary=KEY_4)
2026-05-27 14:41:34,845 [INFO] [65/121] 익선동 (primary=KEY_1)
2026-05-27 14:41:36,019 [INFO] [66/121] 인사동 (primary=KEY_2)
2026-05-27 14:41:37,182 [INFO] [67/121] 잠실롯데타워·석촌호수 (primary=KEY_3)
2026-05-27 14:41:38,395 [INFO] [68/121] 창동 신경제 중심지 (primary=KEY_4)
2026-05-27 14:41:39,749 [INFO] [69/121] 청담동 명품거리 (primary=KEY_1)
2026-05-27 14:41:40,888 [INFO] [70/121] 청량리 제기동 일대 전통시장 (primary=KEY_2)
2026-05-27 14:41:42,038 [INFO] [71/121] 해방촌·경리단길 (primary=KEY_3)
2026-05-27 14:41:43,031 [INFO] [72/121] DDP(동대문디자인플라자) (primary=KEY_4)
2026-05-27 14:41:44,198 [INFO] [73/121] DMC(디지털미디어시티) (primary=KEY_1)
2026-05-27 14:41:45,552 [INFO] [74/121] 가산디지털단지역 (primary=KEY_2)
2026-05-27 14:41:46,854 [INFO] [75/121] 강남역 (primary=KEY_3)
2026-05-27 14:41:48,142 [INFO] [76/121] 건대입구역 (primary=KEY_4)
2026-05-27 14:41:49,318 [INFO] [77/121] 고덕역 (primary=KEY_1)
2026-05-27 14:41:50,464 [INFO] [78/121] 고속터미널역 (primary=KEY_2)
2026-05-27 14:41:51,644 [INFO] [79/121] 교대역 (primary=KEY_3)
2026-05-27 14:41:52,665 [INFO] [80/121] 구로디지털단지역 (primary=KEY_4)
2026-05-27 14:41:53,869 [INFO] [81/121] 구로역 (primary=KEY_1)
2026-05-27 14:41:54,845 [INFO] [82/121] 군자역 (primary=KEY_2)
2026-05-27 14:41:56,007 [INFO] [83/121] 대림역 (primary=KEY_3)
2026-05-27 14:41:57,180 [INFO] [84/121] 동대문역 (primary=KEY_4)
2026-05-27 14:41:58,344 [INFO] [85/121] 뚝섬역 (primary=KEY_1)
2026-05-27 14:41:59,497 [INFO] [86/121] 미아사거리역 (primary=KEY_2)
2026-05-27 14:42:00,669 [INFO] [87/121] 발산역 (primary=KEY_3)
2026-05-27 14:42:01,963 [INFO] [88/121] 사당역 (primary=KEY_4)
2026-05-27 14:42:03,146 [INFO] [89/121] 삼각지역 (primary=KEY_1)
2026-05-27 14:42:04,136 [INFO] [90/121] 서울대입구역 (primary=KEY_2)
2026-05-27 14:42:05,262 [INFO] [91/121] 서울식물원·마곡나루역 (primary=KEY_3)
2026-05-27 14:42:06,407 [INFO] [92/121] 서울역 (primary=KEY_4)
2026-05-27 14:42:07,583 [INFO] [93/121] 선릉역 (primary=KEY_1)
2026-05-27 14:42:08,901 [INFO] [94/121] 성신여대입구역 (primary=KEY_2)
2026-05-27 14:42:09,885 [INFO] [95/121] 수유역 (primary=KEY_3)
2026-05-27 14:42:11,039 [INFO] [96/121] 숭례문 (primary=KEY_4)
2026-05-27 14:42:12,192 [INFO] [97/121] 시의회 앞 (primary=KEY_1)
2026-05-27 14:42:13,362 [INFO] [98/121] 신논현역·논현역 (primary=KEY_2)
2026-05-27 14:42:14,526 [INFO] [99/121] 신도림역 (primary=KEY_3)
2026-05-27 14:42:15,540 [INFO] [100/121] 신림역 (primary=KEY_4)
2026-05-27 14:42:16,721 [INFO] [101/121] 신정네거리역 (primary=KEY_1)
2026-05-27 14:42:17,872 [INFO] [102/121] 신촌·이대역 (primary=KEY_2)
2026-05-27 14:42:19,018 [INFO] [103/121] 쌍문역 (primary=KEY_3)
2026-05-27 14:42:20,161 [INFO] [104/121] 양재역 (primary=KEY_4)
2026-05-27 14:42:21,304 [INFO] [105/121] 역삼역 (primary=KEY_1)
2026-05-27 14:42:22,616 [INFO] [106/121] 연신내역 (primary=KEY_2)
2026-05-27 14:42:23,785 [INFO] [107/121] 오목교역·목동운동장 (primary=KEY_3)
2026-05-27 14:42:25,438 [INFO] [108/121] 왕십리역 (primary=KEY_4)
2026-05-27 14:42:26,798 [INFO] [109/121] 용산역 (primary=KEY_1)
2026-05-27 14:42:28,082 [INFO] [110/121] 이태원역 (primary=KEY_2)
2026-05-27 14:42:29,101 [INFO] [111/121] 잠실새내역 (primary=KEY_3)
2026-05-27 14:42:30,262 [INFO] [112/121] 잠실역 (primary=KEY_4)
2026-05-27 14:42:31,570 [INFO] [113/121] 장지역 (primary=KEY_1)
2026-05-27 14:42:32,887 [INFO] [114/121] 장한평역 (primary=KEY_2)
2026-05-27 14:42:34,045 [INFO] [115/121] 천호역 (primary=KEY_3)
2026-05-27 14:42:35,360 [INFO] [116/121] 총신대입구(이수)역 (primary=KEY_4)
2026-05-27 14:42:36,505 [INFO] [117/121] 충정로역 (primary=KEY_1)
2026-05-27 14:42:37,675 [INFO] [118/121] 합정역 (primary=KEY_2)
2026-05-27 14:42:38,954 [INFO] [119/121] 혜화역 (primary=KEY_3)
2026-05-27 14:42:40,099 [INFO] [120/121] 홍대입구역(2호선) (primary=KEY_4)
2026-05-27 14:42:41,253 [INFO] [121/121] 회기역 (primary=KEY_1)
2026-05-27 14:42:44,424 [INFO] === 수집 완료 | 성공 121, 실패 0 ===
2026-05-27 14:42:44,424 [INFO] 카테고리별 저장 결과:
2026-05-27 14:42:44,424 [INFO]    accident                  | 신규     5행 | 누적     21행 | 16컬럼
2026-05-27 14:42:44,424 [INFO]    area_meta                 | 신규   121행 | 누적   1331행 | 5컬럼
2026-05-27 14:42:44,424 [INFO]    bike                      | 신규    11행 | 누적    121행 | 12컬럼
2026-05-27 14:42:44,424 [INFO]    bike_sbike_stts           | 신규   557행 | 누적   6127행 | 12컬럼
2026-05-27 14:42:44,424 [INFO]    bus                       | 신규     3행 | 누적     33행 | 11컬럼
2026-05-27 14:42:44,424 [INFO]    bus_bus_stn_stts          | 신규  1745행 | 누적  19195행 | 11컬럼
2026-05-27 14:42:44,424 [INFO]    charger                   | 신규    21행 | 누적    132행 | 15컬럼
2026-05-27 14:42:44,424 [INFO]    charger_charger_stts      | 신규   674행 | 누적  14312행 | 15컬럼
2026-05-27 14:42:44,424 [INFO]    cmrcl                     | 신규    82행 | 누적    902행 | 21컬럼
2026-05-27 14:42:44,424 [INFO]    events                    | 신규    12행 | 누적    128행 | 14컬럼
2026-05-27 14:42:44,424 [INFO]    events_event_stts         | 신규   175행 | 누적   1897행 | 14컬럼
2026-05-27 14:42:44,424 [INFO]    news                      | 신규   120행 | 누적    240행 | 10컬럼
2026-05-27 14:42:44,424 [INFO]    parking                   | 신규     6행 | 누적     66행 | 21컬럼
2026-05-27 14:42:44,424 [INFO]    parking_prk_stts          | 신규  1835행 | 누적  20185행 | 21컬럼
2026-05-27 14:42:44,424 [INFO]    ppltn                     | 신규   121행 | 누적   1331행 | 26컬럼
2026-05-27 14:42:44,424 [INFO]    road                      | 신규   121행 | 누적   1331행 | 21컬럼
2026-05-27 14:42:44,424 [INFO]    road_road_traffic_stts    | 신규  5253행 | 누적  57773행 | 17컬럼
2026-05-27 14:42:44,425 [INFO]    subway                    | 신규    38행 | 누적    418행 | 13컬럼
2026-05-27 14:42:44,425 [INFO]    subway_sub_stts           | 신규   183행 | 누적   2013행 | 13컬럼
2026-05-27 14:42:44,425 [INFO]    weather                   | 신규   119행 | 누적   1309행 | 30컬럼
2026-05-27 14:42:44,425 [INFO] 키별 사용량:
2026-05-27 14:42:44,425 [INFO]    🟢 KEY_1 (31/1000) 
2026-05-27 14:42:44,425 [INFO]    🟢 KEY_2 (30/1000) 
2026-05-27 14:42:44,425 [INFO]    🟢 KEY_3 (30/1000) 
2026-05-27 14:42:44,425 [INFO]    🟢 KEY_4 (30/1000) 
2026-05-27 16:44:11,104 [INFO] 등록된 키: 4개, 합산 한도 4,000건/일
2026-05-27 16:44:11,104 [INFO] POI 로드: 매뉴얼 v8.5 기준 fallback 121개 (121개 전체)
2026-05-27 16:44:11,104 [INFO] === 수집 시작 2026-05-27T16:44:11.104891+09:00 ===
2026-05-27 16:44:11,105 [INFO] 대상 장소: 121개 | API: citydata (통합)
2026-05-27 16:44:11,105 [INFO] 키 풀: 4/4 활성 | 오늘 사용 0/4000건
2026-05-27 16:44:11,105 [INFO]   [KEY_1] 담당 31장소
2026-05-27 16:44:11,105 [INFO]   [KEY_2] 담당 30장소
2026-05-27 16:44:11,105 [INFO]   [KEY_3] 담당 30장소
2026-05-27 16:44:11,105 [INFO]   [KEY_4] 담당 30장소
2026-05-27 16:44:11,105 [INFO] [1/121] 경복궁 (primary=KEY_1)
2026-05-27 16:44:12,857 [INFO] [2/121] 광화문·덕수궁 (primary=KEY_2)
2026-05-27 16:44:14,876 [INFO] [3/121] 보신각 (primary=KEY_3)
2026-05-27 16:44:16,602 [INFO] [4/121] 서울 암사동 유적 (primary=KEY_4)
2026-05-27 16:44:17,580 [INFO] [5/121] 창덕궁·종묘 (primary=KEY_1)
2026-05-27 16:44:18,721 [INFO] [6/121] 강남 MICE 관광특구 (primary=KEY_2)
2026-05-27 16:44:20,439 [INFO] [7/121] 동대문 관광특구 (primary=KEY_3)
2026-05-27 16:44:22,355 [INFO] [8/121] 명동 관광특구 (primary=KEY_4)
2026-05-27 16:44:24,582 [INFO] [9/121] 이태원 관광특구 (primary=KEY_1)
2026-05-27 16:44:25,743 [INFO] [10/121] 잠실 관광특구 (primary=KEY_2)
2026-05-27 16:44:27,356 [INFO] [11/121] 종로·청계 관광특구 (primary=KEY_3)
2026-05-27 16:44:29,282 [INFO] [12/121] 홍대 관광특구 (primary=KEY_4)
2026-05-27 16:44:31,228 [INFO] [13/121] 강서한강공원 (primary=KEY_1)
2026-05-27 16:44:32,227 [INFO] [14/121] 고척돔 (primary=KEY_2)
2026-05-27 16:44:33,207 [INFO] [15/121] 광나루한강공원 (primary=KEY_3)
2026-05-27 16:44:34,324 [INFO] [16/121] 광화문광장 (primary=KEY_4)
2026-05-27 16:44:35,449 [INFO] [17/121] 국립중앙박물관·용산가족공원 (primary=KEY_1)
2026-05-27 16:44:36,443 [INFO] [18/121] 난지한강공원 (primary=KEY_2)
2026-05-27 16:44:37,420 [INFO] [19/121] 남산공원 (primary=KEY_3)
2026-05-27 16:44:38,727 [INFO] [20/121] 노들섬 (primary=KEY_4)
2026-05-27 16:44:39,715 [INFO] [21/121] 뚝섬한강공원 (primary=KEY_1)
2026-05-27 16:44:40,755 [INFO] [22/121] 망원한강공원 (primary=KEY_2)
2026-05-27 16:44:41,882 [INFO] [23/121] 반포한강공원 (primary=KEY_3)
2026-05-27 16:44:42,863 [INFO] [24/121] 보라매공원 (primary=KEY_4)
2026-05-27 16:44:43,865 [INFO] [25/121] 북서울꿈의숲 (primary=KEY_1)
2026-05-27 16:44:44,995 [INFO] [26/121] 서대문독립공원 (primary=KEY_2)
2026-05-27 16:44:45,986 [INFO] [27/121] 서리풀공원·몽마르뜨공원 (primary=KEY_3)
2026-05-27 16:44:47,139 [INFO] [28/121] 서울대공원 (primary=KEY_4)
2026-05-27 16:44:48,117 [INFO] [29/121] 서울숲공원 (primary=KEY_1)
2026-05-27 16:44:49,250 [INFO] [30/121] 송현녹지광장 (primary=KEY_2)
2026-05-27 16:44:50,426 [INFO] [31/121] 아차산 (primary=KEY_3)
2026-05-27 16:44:51,404 [INFO] [32/121] 안양천 (primary=KEY_4)
2026-05-27 16:44:52,380 [INFO] [33/121] 양화한강공원 (primary=KEY_1)
2026-05-27 16:44:53,357 [INFO] [34/121] 어린이대공원 (primary=KEY_2)
2026-05-27 16:44:54,514 [INFO] [35/121] 여의도한강공원 (primary=KEY_3)
2026-05-27 16:44:55,625 [INFO] [36/121] 여의서로 (primary=KEY_4)
2026-05-27 16:44:57,320 [INFO] [37/121] 올림픽공원 (primary=KEY_1)
2026-05-27 16:44:58,619 [INFO] [38/121] 월드컵공원 (primary=KEY_2)
2026-05-27 16:44:59,918 [INFO] [39/121] 응봉산 (primary=KEY_3)
2026-05-27 16:45:01,038 [INFO] [40/121] 이촌한강공원 (primary=KEY_4)
2026-05-27 16:45:02,018 [INFO] [41/121] 잠실종합운동장 (primary=KEY_1)
2026-05-27 16:45:02,990 [INFO] [42/121] 잠실한강공원 (primary=KEY_2)
2026-05-27 16:45:03,972 [INFO] [43/121] 잠원한강공원 (primary=KEY_3)
2026-05-27 16:45:04,937 [INFO] [44/121] 청계산 (primary=KEY_4)
2026-05-27 16:45:05,921 [INFO] [45/121] 홍제폭포 (primary=KEY_1)
2026-05-27 16:45:06,902 [INFO] [46/121] 가락시장 (primary=KEY_2)
2026-05-27 16:45:08,035 [INFO] [47/121] 가로수길 (primary=KEY_3)
2026-05-27 16:45:09,194 [INFO] [48/121] 광장(전통)시장 (primary=KEY_4)
2026-05-27 16:45:10,188 [INFO] [49/121] 김포공항 (primary=KEY_1)
2026-05-27 16:45:11,590 [INFO] [50/121] 남대문시장 (primary=KEY_2)
2026-05-27 16:45:12,715 [INFO] [51/121] 노량진 (primary=KEY_3)
2026-05-27 16:45:13,847 [INFO] [52/121] 덕수궁길·정동길 (primary=KEY_4)
2026-05-27 16:45:14,993 [INFO] [53/121] 북창동 먹자골목 (primary=KEY_1)
2026-05-27 16:45:16,124 [INFO] [54/121] 북촌한옥마을 (primary=KEY_2)
2026-05-27 16:45:17,404 [INFO] [55/121] 서촌 (primary=KEY_3)
2026-05-27 16:45:18,511 [INFO] [56/121] 성수카페거리 (primary=KEY_4)
2026-05-27 16:45:19,789 [INFO] [57/121] 송리단길·호수단길 (primary=KEY_1)
2026-05-27 16:45:20,932 [INFO] [58/121] 신촌 스타광장 (primary=KEY_2)
2026-05-27 16:45:21,922 [INFO] [59/121] 압구정로데오거리 (primary=KEY_3)
2026-05-27 16:45:23,070 [INFO] [60/121] 여의도 (primary=KEY_4)
2026-05-27 16:45:24,850 [INFO] [61/121] 연남동 (primary=KEY_1)
2026-05-27 16:45:25,955 [INFO] [62/121] 영등포 타임스퀘어 (primary=KEY_2)
2026-05-27 16:45:27,083 [INFO] [63/121] 용리단길 (primary=KEY_3)
2026-05-27 16:45:28,216 [INFO] [64/121] 이태원 앤틱가구거리 (primary=KEY_4)
2026-05-27 16:45:29,336 [INFO] [65/121] 익선동 (primary=KEY_1)
2026-05-27 16:45:30,511 [INFO] [66/121] 인사동 (primary=KEY_2)
2026-05-27 16:45:31,834 [INFO] [67/121] 잠실롯데타워·석촌호수 (primary=KEY_3)
2026-05-27 16:45:33,272 [INFO] [68/121] 창동 신경제 중심지 (primary=KEY_4)
2026-05-27 16:45:35,272 [INFO] [69/121] 청담동 명품거리 (primary=KEY_1)
2026-05-27 16:45:36,404 [INFO] [70/121] 청량리 제기동 일대 전통시장 (primary=KEY_2)
2026-05-27 16:45:37,554 [INFO] [71/121] 해방촌·경리단길 (primary=KEY_3)
2026-05-27 16:45:38,670 [INFO] [72/121] DDP(동대문디자인플라자) (primary=KEY_4)
2026-05-27 16:45:39,798 [INFO] [73/121] DMC(디지털미디어시티) (primary=KEY_1)
2026-05-27 16:45:41,249 [INFO] [74/121] 가산디지털단지역 (primary=KEY_2)
2026-05-27 16:45:42,829 [INFO] [75/121] 강남역 (primary=KEY_3)
2026-05-27 16:45:44,299 [INFO] [76/121] 건대입구역 (primary=KEY_4)
2026-05-27 16:45:45,585 [INFO] [77/121] 고덕역 (primary=KEY_1)
2026-05-27 16:45:46,723 [INFO] [78/121] 고속터미널역 (primary=KEY_2)
2026-05-27 16:45:47,863 [INFO] [79/121] 교대역 (primary=KEY_3)
2026-05-27 16:45:48,998 [INFO] [80/121] 구로디지털단지역 (primary=KEY_4)
2026-05-27 16:45:50,423 [INFO] [81/121] 구로역 (primary=KEY_1)
2026-05-27 16:45:51,537 [INFO] [82/121] 군자역 (primary=KEY_2)
2026-05-27 16:45:52,686 [INFO] [83/121] 대림역 (primary=KEY_3)
2026-05-27 16:45:53,867 [INFO] [84/121] 동대문역 (primary=KEY_4)
2026-05-27 16:45:54,991 [INFO] [85/121] 뚝섬역 (primary=KEY_1)
2026-05-27 16:45:56,148 [INFO] [86/121] 미아사거리역 (primary=KEY_2)
2026-05-27 16:45:57,283 [INFO] [87/121] 발산역 (primary=KEY_3)
2026-05-27 16:45:58,716 [INFO] [88/121] 사당역 (primary=KEY_4)
2026-05-27 16:45:59,869 [INFO] [89/121] 삼각지역 (primary=KEY_1)
2026-05-27 16:46:01,012 [INFO] [90/121] 서울대입구역 (primary=KEY_2)
2026-05-27 16:46:02,150 [INFO] [91/121] 서울식물원·마곡나루역 (primary=KEY_3)
2026-05-27 16:46:03,442 [INFO] [92/121] 서울역 (primary=KEY_4)
2026-05-27 16:46:04,763 [INFO] [93/121] 선릉역 (primary=KEY_1)
2026-05-27 16:46:06,213 [INFO] [94/121] 성신여대입구역 (primary=KEY_2)
2026-05-27 16:46:07,349 [INFO] [95/121] 수유역 (primary=KEY_3)
2026-05-27 16:46:08,519 [INFO] [96/121] 숭례문 (primary=KEY_4)
2026-05-27 16:46:09,644 [INFO] [97/121] 시의회 앞 (primary=KEY_1)
2026-05-27 16:46:10,795 [INFO] [98/121] 신논현역·논현역 (primary=KEY_2)
2026-05-27 16:46:11,946 [INFO] [99/121] 신도림역 (primary=KEY_3)
2026-05-27 16:46:12,930 [INFO] [100/121] 신림역 (primary=KEY_4)
2026-05-27 16:46:14,093 [INFO] [101/121] 신정네거리역 (primary=KEY_1)
2026-05-27 16:46:15,233 [INFO] [102/121] 신촌·이대역 (primary=KEY_2)
2026-05-27 16:46:16,354 [INFO] [103/121] 쌍문역 (primary=KEY_3)
2026-05-27 16:46:17,482 [INFO] [104/121] 양재역 (primary=KEY_4)
2026-05-27 16:46:18,688 [INFO] [105/121] 역삼역 (primary=KEY_1)
2026-05-27 16:46:19,958 [INFO] [106/121] 연신내역 (primary=KEY_2)
2026-05-27 16:46:20,995 [INFO] [107/121] 오목교역·목동운동장 (primary=KEY_3)
2026-05-27 16:46:22,595 [INFO] [108/121] 왕십리역 (primary=KEY_4)
2026-05-27 16:46:23,908 [INFO] [109/121] 용산역 (primary=KEY_1)
2026-05-27 16:46:25,164 [INFO] [110/121] 이태원역 (primary=KEY_2)
2026-05-27 16:46:26,160 [INFO] [111/121] 잠실새내역 (primary=KEY_3)
2026-05-27 16:46:27,303 [INFO] [112/121] 잠실역 (primary=KEY_4)
2026-05-27 16:46:28,583 [INFO] [113/121] 장지역 (primary=KEY_1)
2026-05-27 16:46:29,882 [INFO] [114/121] 장한평역 (primary=KEY_2)
2026-05-27 16:46:31,011 [INFO] [115/121] 천호역 (primary=KEY_3)
2026-05-27 16:46:32,313 [INFO] [116/121] 총신대입구(이수)역 (primary=KEY_4)
2026-05-27 16:46:33,488 [INFO] [117/121] 충정로역 (primary=KEY_1)
2026-05-27 16:46:34,723 [INFO] [118/121] 합정역 (primary=KEY_2)
2026-05-27 16:46:36,058 [INFO] [119/121] 혜화역 (primary=KEY_3)
2026-05-27 16:46:37,216 [INFO] [120/121] 홍대입구역(2호선) (primary=KEY_4)
2026-05-27 16:46:38,362 [INFO] [121/121] 회기역 (primary=KEY_1)
2026-05-27 16:46:41,610 [INFO] === 수집 완료 | 성공 121, 실패 0 ===
2026-05-27 16:46:41,610 [INFO] 카테고리별 저장 결과:
2026-05-27 16:46:41,610 [INFO]    accident                  | 신규    12행 | 누적     33행 | 16컬럼
2026-05-27 16:46:41,610 [INFO]    area_meta                 | 신규   121행 | 누적   1452행 | 5컬럼
2026-05-27 16:46:41,610 [INFO]    bike                      | 신규    11행 | 누적    132행 | 12컬럼
2026-05-27 16:46:41,611 [INFO]    bike_sbike_stts           | 신규   557행 | 누적   6684행 | 12컬럼
2026-05-27 16:46:41,611 [INFO]    bus                       | 신규     3행 | 누적     36행 | 11컬럼
2026-05-27 16:46:41,611 [INFO]    bus_bus_stn_stts          | 신규  1745행 | 누적  20940행 | 11컬럼
2026-05-27 16:46:41,611 [INFO]    charger                   | 신규     4행 | 누적    136행 | 15컬럼
2026-05-27 16:46:41,611 [INFO]    charger_charger_stts      | 신규  1870행 | 누적  16167행 | 15컬럼
2026-05-27 16:46:41,611 [INFO]    cmrcl                     | 신규    82행 | 누적    984행 | 21컬럼
2026-05-27 16:46:41,611 [INFO]    events                    | 신규    12행 | 누적    140행 | 14컬럼
2026-05-27 16:46:41,611 [INFO]    events_event_stts         | 신규   175행 | 누적   2072행 | 14컬럼
2026-05-27 16:46:41,611 [INFO]    news                      | 신규   120행 | 누적    360행 | 10컬럼
2026-05-27 16:46:41,611 [INFO]    parking                   | 신규     6행 | 누적     72행 | 21컬럼
2026-05-27 16:46:41,611 [INFO]    parking_prk_stts          | 신규  1835행 | 누적  22020행 | 21컬럼
2026-05-27 16:46:41,611 [INFO]    ppltn                     | 신규   121행 | 누적   1452행 | 26컬럼
2026-05-27 16:46:41,611 [INFO]    road                      | 신규   121행 | 누적   1452행 | 21컬럼
2026-05-27 16:46:41,611 [INFO]    road_road_traffic_stts    | 신규  5253행 | 누적  63026행 | 17컬럼
2026-05-27 16:46:41,611 [INFO]    subway                    | 신규    38행 | 누적    456행 | 13컬럼
2026-05-27 16:46:41,611 [INFO]    subway_sub_stts           | 신규   183행 | 누적   2196행 | 13컬럼
2026-05-27 16:46:41,611 [INFO]    weather                   | 신규   119행 | 누적   1428행 | 30컬럼
2026-05-27 16:46:41,612 [INFO] 키별 사용량:
2026-05-27 16:46:41,612 [INFO]    🟢 KEY_1 (31/1000) 
2026-05-27 16:46:41,612 [INFO]    🟢 KEY_2 (30/1000) 
2026-05-27 16:46:41,612 [INFO]    🟢 KEY_3 (30/1000) 
2026-05-27 16:46:41,612 [INFO]    🟢 KEY_4 (30/1000) 
