2026-05-17 00:30:10,712 [INFO] 등록된 키: 4개, 합산 한도 4,000건/일
2026-05-17 00:30:10,713 [INFO] POI 로드: 매뉴얼 v8.5 기준 fallback 121개 (121개 전체)
2026-05-17 00:30:10,713 [INFO] === 수집 시작 2026-05-17T00:30:10.713144+09:00 ===
2026-05-17 00:30:10,713 [INFO] 대상 장소: 121개 | API: citydata (통합)
2026-05-17 00:30:10,713 [INFO] 키 풀: 4/4 활성 | 오늘 사용 0/4000건
2026-05-17 00:30:10,713 [INFO]   [KEY_1] 담당 31장소
2026-05-17 00:30:10,713 [INFO]   [KEY_2] 담당 30장소
2026-05-17 00:30:10,713 [INFO]   [KEY_3] 담당 30장소
2026-05-17 00:30:10,713 [INFO]   [KEY_4] 담당 30장소
2026-05-17 00:30:10,713 [INFO] [1/121] 경복궁 (primary=KEY_1)
2026-05-17 00:30:13,286 [INFO] [2/121] 광화문·덕수궁 (primary=KEY_2)
2026-05-17 00:30:15,870 [INFO] [3/121] 보신각 (primary=KEY_3)
2026-05-17 00:30:18,413 [INFO] [4/121] 서울 암사동 유적 (primary=KEY_4)
2026-05-17 00:30:20,358 [INFO] [5/121] 창덕궁·종묘 (primary=KEY_1)
2026-05-17 00:30:22,699 [INFO] [6/121] 강남 MICE 관광특구 (primary=KEY_2)
2026-05-17 00:30:24,876 [INFO] [7/121] 동대문 관광특구 (primary=KEY_3)
2026-05-17 00:30:26,497 [INFO] [8/121] 명동 관광특구 (primary=KEY_4)
2026-05-17 00:30:29,523 [INFO] [9/121] 이태원 관광특구 (primary=KEY_1)
2026-05-17 00:30:31,529 [INFO] [10/121] 잠실 관광특구 (primary=KEY_2)
2026-05-17 00:30:34,154 [INFO] [11/121] 종로·청계 관광특구 (primary=KEY_3)
2026-05-17 00:30:36,561 [INFO] [12/121] 홍대 관광특구 (primary=KEY_4)
2026-05-17 00:30:38,177 [INFO] [13/121] 강서한강공원 (primary=KEY_1)
2026-05-17 00:30:40,126 [INFO] [14/121] 고척돔 (primary=KEY_2)
2026-05-17 00:30:41,281 [INFO] [15/121] 광나루한강공원 (primary=KEY_3)
2026-05-17 00:30:42,615 [INFO] [16/121] 광화문광장 (primary=KEY_4)
2026-05-17 00:30:44,765 [INFO] [17/121] 국립중앙박물관·용산가족공원 (primary=KEY_1)
2026-05-17 00:30:46,111 [INFO] [18/121] 난지한강공원 (primary=KEY_2)
2026-05-17 00:30:48,052 [INFO] [19/121] 남산공원 (primary=KEY_3)
2026-05-17 00:30:50,235 [INFO] [20/121] 노들섬 (primary=KEY_4)
2026-05-17 00:30:51,377 [INFO] [21/121] 뚝섬한강공원 (primary=KEY_1)
2026-05-17 00:30:53,345 [INFO] [22/121] 망원한강공원 (primary=KEY_2)
2026-05-17 00:30:55,536 [INFO] [23/121] 반포한강공원 (primary=KEY_3)
2026-05-17 00:30:57,287 [INFO] [24/121] 보라매공원 (primary=KEY_4)
2026-05-17 00:30:58,447 [INFO] [25/121] 북서울꿈의숲 (primary=KEY_1)
2026-05-17 00:31:00,388 [INFO] [26/121] 서대문독립공원 (primary=KEY_2)
2026-05-17 00:31:01,576 [INFO] [27/121] 서리풀공원·몽마르뜨공원 (primary=KEY_3)
2026-05-17 00:31:02,781 [INFO] [28/121] 서울대공원 (primary=KEY_4)
2026-05-17 00:31:04,615 [INFO] [29/121] 서울숲공원 (primary=KEY_1)
2026-05-17 00:31:05,980 [INFO] [30/121] 송현녹지광장 (primary=KEY_2)
2026-05-17 00:31:08,131 [INFO] [31/121] 아차산 (primary=KEY_3)
2026-05-17 00:31:09,302 [INFO] [32/121] 안양천 (primary=KEY_4)
2026-05-17 00:31:10,445 [INFO] [33/121] 양화한강공원 (primary=KEY_1)
2026-05-17 00:31:11,617 [INFO] [34/121] 어린이대공원 (primary=KEY_2)
2026-05-17 00:31:12,980 [INFO] [35/121] 여의도한강공원 (primary=KEY_3)
2026-05-17 00:31:15,140 [INFO] [36/121] 여의서로 (primary=KEY_4)
2026-05-17 00:31:16,475 [INFO] [37/121] 올림픽공원 (primary=KEY_1)
2026-05-17 00:31:18,060 [INFO] [38/121] 월드컵공원 (primary=KEY_2)
2026-05-17 00:31:19,641 [INFO] [39/121] 응봉산 (primary=KEY_3)
2026-05-17 00:31:20,991 [INFO] [40/121] 이촌한강공원 (primary=KEY_4)
2026-05-17 00:31:22,937 [INFO] [41/121] 잠실종합운동장 (primary=KEY_1)
2026-05-17 00:31:24,103 [INFO] [42/121] 잠실한강공원 (primary=KEY_2)
2026-05-17 00:31:25,258 [INFO] [43/121] 잠원한강공원 (primary=KEY_3)
2026-05-17 00:31:27,189 [INFO] [44/121] 청계산 (primary=KEY_4)
2026-05-17 00:31:29,319 [INFO] [45/121] 홍제폭포 (primary=KEY_1)
2026-05-17 00:31:30,483 [INFO] [46/121] 가락시장 (primary=KEY_2)
2026-05-17 00:31:31,848 [INFO] [47/121] 가로수길 (primary=KEY_3)
2026-05-17 00:31:33,239 [INFO] [48/121] 광장(전통)시장 (primary=KEY_4)
2026-05-17 00:31:34,405 [INFO] [49/121] 김포공항 (primary=KEY_1)
2026-05-17 00:31:35,804 [INFO] [50/121] 남대문시장 (primary=KEY_2)
2026-05-17 00:31:36,982 [INFO] [51/121] 노량진 (primary=KEY_3)
2026-05-17 00:31:38,780 [INFO] [52/121] 덕수궁길·정동길 (primary=KEY_4)
2026-05-17 00:31:40,159 [INFO] [53/121] 북창동 먹자골목 (primary=KEY_1)
2026-05-17 00:31:41,322 [INFO] [54/121] 북촌한옥마을 (primary=KEY_2)
2026-05-17 00:31:42,697 [INFO] [55/121] 서촌 (primary=KEY_3)
2026-05-17 00:31:44,053 [INFO] [56/121] 성수카페거리 (primary=KEY_4)
2026-05-17 00:31:45,439 [INFO] [57/121] 송리단길·호수단길 (primary=KEY_1)
2026-05-17 00:31:46,816 [INFO] [58/121] 신촌 스타광장 (primary=KEY_2)
2026-05-17 00:31:47,996 [INFO] [59/121] 압구정로데오거리 (primary=KEY_3)
2026-05-17 00:31:49,372 [INFO] [60/121] 여의도 (primary=KEY_4)
2026-05-17 00:31:51,401 [INFO] [61/121] 연남동 (primary=KEY_1)
2026-05-17 00:31:52,761 [INFO] [62/121] 영등포 타임스퀘어 (primary=KEY_2)
2026-05-17 00:31:54,098 [INFO] [63/121] 용리단길 (primary=KEY_3)
2026-05-17 00:31:55,291 [INFO] [64/121] 이태원 앤틱가구거리 (primary=KEY_4)
2026-05-17 00:31:56,459 [INFO] [65/121] 익선동 (primary=KEY_1)
2026-05-17 00:31:57,874 [INFO] [66/121] 인사동 (primary=KEY_2)
2026-05-17 00:31:59,268 [INFO] [67/121] 잠실롯데타워·석촌호수 (primary=KEY_3)
2026-05-17 00:32:00,661 [INFO] [68/121] 창동 신경제 중심지 (primary=KEY_4)
2026-05-17 00:32:02,229 [INFO] [69/121] 청담동 명품거리 (primary=KEY_1)
2026-05-17 00:32:03,584 [INFO] [70/121] 청량리 제기동 일대 전통시장 (primary=KEY_2)
2026-05-17 00:32:04,992 [INFO] [71/121] 해방촌·경리단길 (primary=KEY_3)
2026-05-17 00:32:06,148 [INFO] [72/121] DDP(동대문디자인플라자) (primary=KEY_4)
2026-05-17 00:32:07,506 [INFO] [73/121] DMC(디지털미디어시티) (primary=KEY_1)
2026-05-17 00:32:09,091 [INFO] [74/121] 가산디지털단지역 (primary=KEY_2)
2026-05-17 00:32:10,669 [INFO] [75/121] 강남역 (primary=KEY_3)
2026-05-17 00:32:12,259 [INFO] [76/121] 건대입구역 (primary=KEY_4)
2026-05-17 00:32:13,620 [INFO] [77/121] 고덕역 (primary=KEY_1)
2026-05-17 00:32:14,981 [INFO] [78/121] 고속터미널역 (primary=KEY_2)
2026-05-17 00:32:16,156 [INFO] [79/121] 교대역 (primary=KEY_3)
2026-05-17 00:32:17,315 [INFO] [80/121] 구로디지털단지역 (primary=KEY_4)
2026-05-17 00:32:18,697 [INFO] [81/121] 구로역 (primary=KEY_1)
2026-05-17 00:32:19,857 [INFO] [82/121] 군자역 (primary=KEY_2)
2026-05-17 00:32:21,047 [INFO] [83/121] 대림역 (primary=KEY_3)
2026-05-17 00:32:22,415 [INFO] [84/121] 동대문역 (primary=KEY_4)
2026-05-17 00:32:23,790 [INFO] [85/121] 뚝섬역 (primary=KEY_1)
2026-05-17 00:32:25,158 [INFO] [86/121] 미아사거리역 (primary=KEY_2)
2026-05-17 00:32:26,521 [INFO] [87/121] 발산역 (primary=KEY_3)
2026-05-17 00:32:28,106 [INFO] [88/121] 사당역 (primary=KEY_4)
2026-05-17 00:32:29,472 [INFO] [89/121] 삼각지역 (primary=KEY_1)
2026-05-17 00:32:30,637 [INFO] [90/121] 서울대입구역 (primary=KEY_2)
2026-05-17 00:32:31,814 [INFO] [91/121] 서울식물원·마곡나루역 (primary=KEY_3)
2026-05-17 00:32:33,188 [INFO] [92/121] 서울역 (primary=KEY_4)
2026-05-17 00:32:34,587 [INFO] [93/121] 선릉역 (primary=KEY_1)
2026-05-17 00:32:36,182 [INFO] [94/121] 성신여대입구역 (primary=KEY_2)
2026-05-17 00:32:37,367 [INFO] [95/121] 수유역 (primary=KEY_3)
2026-05-17 00:32:38,733 [INFO] [96/121] 숭례문 (primary=KEY_4)
2026-05-17 00:32:40,105 [INFO] [97/121] 시의회 앞 (primary=KEY_1)
2026-05-17 00:32:41,484 [INFO] [98/121] 신논현역·논현역 (primary=KEY_2)
2026-05-17 00:32:42,868 [INFO] [99/121] 신도림역 (primary=KEY_3)
2026-05-17 00:32:44,048 [INFO] [100/121] 신림역 (primary=KEY_4)
2026-05-17 00:32:45,239 [INFO] [101/121] 신정네거리역 (primary=KEY_1)
2026-05-17 00:32:46,430 [INFO] [102/121] 신촌·이대역 (primary=KEY_2)
2026-05-17 00:32:47,806 [INFO] [103/121] 쌍문역 (primary=KEY_3)
2026-05-17 00:32:48,999 [INFO] [104/121] 양재역 (primary=KEY_4)
2026-05-17 00:32:50,358 [INFO] [105/121] 역삼역 (primary=KEY_1)
2026-05-17 00:32:51,739 [INFO] [106/121] 연신내역 (primary=KEY_2)
2026-05-17 00:32:52,944 [INFO] [107/121] 오목교역·목동운동장 (primary=KEY_3)
2026-05-17 00:32:54,753 [INFO] [108/121] 왕십리역 (primary=KEY_4)
2026-05-17 00:32:56,144 [INFO] [109/121] 용산역 (primary=KEY_1)
2026-05-17 00:32:57,529 [INFO] [110/121] 이태원역 (primary=KEY_2)
2026-05-17 00:32:58,712 [INFO] [111/121] 잠실새내역 (primary=KEY_3)
2026-05-17 00:33:00,076 [INFO] [112/121] 잠실역 (primary=KEY_4)
2026-05-17 00:33:01,463 [INFO] [113/121] 장지역 (primary=KEY_1)
2026-05-17 00:33:02,895 [INFO] [114/121] 장한평역 (primary=KEY_2)
2026-05-17 00:33:04,271 [INFO] [115/121] 천호역 (primary=KEY_3)
2026-05-17 00:33:05,649 [INFO] [116/121] 총신대입구(이수)역 (primary=KEY_4)
2026-05-17 00:33:07,012 [INFO] [117/121] 충정로역 (primary=KEY_1)
2026-05-17 00:33:08,202 [INFO] [118/121] 합정역 (primary=KEY_2)
2026-05-17 00:33:09,585 [INFO] [119/121] 혜화역 (primary=KEY_3)
2026-05-17 00:33:10,948 [INFO] [120/121] 홍대입구역(2호선) (primary=KEY_4)
2026-05-17 00:33:12,120 [INFO] [121/121] 회기역 (primary=KEY_1)
2026-05-17 00:33:13,825 [INFO] === 수집 완료 | 성공 121, 실패 0 ===
2026-05-17 00:33:13,825 [INFO] 카테고리별 저장 결과:
2026-05-17 00:33:13,825 [INFO]    accident                  | 신규     6행 | 누적      6행 | 16컬럼
2026-05-17 00:33:13,825 [INFO]    accident_acdnt_cntrl_stts | 신규    17행 | 누적     17행 | 16컬럼
2026-05-17 00:33:13,825 [INFO]    area_meta                 | 신규   121행 | 누적    121행 | 5컬럼
2026-05-17 00:33:13,825 [INFO]    bike                      | 신규    10행 | 누적     10행 | 12컬럼
2026-05-17 00:33:13,825 [INFO]    bike_sbike_stts           | 신규   558행 | 누적    558행 | 12컬럼
2026-05-17 00:33:13,825 [INFO]    bus                       | 신규     3행 | 누적      3행 | 11컬럼
2026-05-17 00:33:13,825 [INFO]    bus_bus_stn_stts          | 신규  1745행 | 누적   1745행 | 11컬럼
2026-05-17 00:33:13,825 [INFO]    charger                   | 신규    17행 | 누적     17행 | 15컬럼
2026-05-17 00:33:13,825 [INFO]    charger_charger_stts      | 신규   669행 | 누적    669행 | 15컬럼
2026-05-17 00:33:13,825 [INFO]    cmrcl                     | 신규    82행 | 누적     82행 | 20컬럼
2026-05-17 00:33:13,825 [INFO]    events                    | 신규    10행 | 누적     10행 | 14컬럼
2026-05-17 00:33:13,825 [INFO]    events_event_stts         | 신규   190행 | 누적    190행 | 14컬럼
2026-05-17 00:33:13,825 [INFO]    parking                   | 신규     6행 | 누적      6행 | 21컬럼
2026-05-17 00:33:13,825 [INFO]    parking_prk_stts          | 신규  1835행 | 누적   1835행 | 21컬럼
2026-05-17 00:33:13,825 [INFO]    ppltn                     | 신규   121행 | 누적    121행 | 26컬럼
2026-05-17 00:33:13,825 [INFO]    road                      | 신규   121행 | 누적    121행 | 21컬럼
2026-05-17 00:33:13,826 [INFO]    road_road_traffic_stts    | 신규  5244행 | 누적   5244행 | 17컬럼
2026-05-17 00:33:13,826 [INFO]    subway                    | 신규    38행 | 누적     38행 | 13컬럼
2026-05-17 00:33:13,826 [INFO]    subway_sub_stts           | 신규   183행 | 누적    183행 | 13컬럼
2026-05-17 00:33:13,826 [INFO]    weather                   | 신규   119행 | 누적    119행 | 29컬럼
2026-05-17 00:33:13,826 [INFO] 키별 사용량:
2026-05-17 00:33:13,826 [INFO]    🟢 KEY_1 (31/1000) 
2026-05-17 00:33:13,826 [INFO]    🟢 KEY_2 (30/1000) 
2026-05-17 00:33:13,826 [INFO]    🟢 KEY_3 (30/1000) 
2026-05-17 00:33:13,826 [INFO]    🟢 KEY_4 (30/1000) 
2026-05-17 01:27:52,159 [INFO] 등록된 키: 4개, 합산 한도 4,000건/일
2026-05-17 01:27:52,160 [INFO] POI 로드: 매뉴얼 v8.5 기준 fallback 121개 (121개 전체)
2026-05-17 01:27:52,160 [INFO] === 수집 시작 2026-05-17T01:27:52.160769+09:00 ===
2026-05-17 01:27:52,160 [INFO] 대상 장소: 121개 | API: citydata (통합)
2026-05-17 01:27:52,160 [INFO] 키 풀: 4/4 활성 | 오늘 사용 0/4000건
2026-05-17 01:27:52,161 [INFO]   [KEY_1] 담당 31장소
2026-05-17 01:27:52,161 [INFO]   [KEY_2] 담당 30장소
2026-05-17 01:27:52,161 [INFO]   [KEY_3] 담당 30장소
2026-05-17 01:27:52,161 [INFO]   [KEY_4] 담당 30장소
2026-05-17 01:27:52,161 [INFO] [1/121] 경복궁 (primary=KEY_1)
2026-05-17 01:27:54,155 [INFO] [2/121] 광화문·덕수궁 (primary=KEY_2)
2026-05-17 01:27:56,766 [INFO] [3/121] 보신각 (primary=KEY_3)
2026-05-17 01:27:58,902 [INFO] [4/121] 서울 암사동 유적 (primary=KEY_4)
2026-05-17 01:28:00,806 [INFO] [5/121] 창덕궁·종묘 (primary=KEY_1)
2026-05-17 01:28:02,179 [INFO] [6/121] 강남 MICE 관광특구 (primary=KEY_2)
2026-05-17 01:28:03,563 [INFO] [7/121] 동대문 관광특구 (primary=KEY_3)
2026-05-17 01:28:05,737 [INFO] [8/121] 명동 관광특구 (primary=KEY_4)
2026-05-17 01:28:08,285 [INFO] [9/121] 이태원 관광특구 (primary=KEY_1)
2026-05-17 01:28:10,441 [INFO] [10/121] 잠실 관광특구 (primary=KEY_2)
2026-05-17 01:28:12,888 [INFO] [11/121] 종로·청계 관광특구 (primary=KEY_3)
2026-05-17 01:28:14,482 [INFO] [12/121] 홍대 관광특구 (primary=KEY_4)
2026-05-17 01:28:16,847 [INFO] [13/121] 강서한강공원 (primary=KEY_1)
2026-05-17 01:28:18,734 [INFO] [14/121] 고척돔 (primary=KEY_2)
2026-05-17 01:28:19,916 [INFO] [15/121] 광나루한강공원 (primary=KEY_3)
2026-05-17 01:28:21,444 [INFO] [16/121] 광화문광장 (primary=KEY_4)
2026-05-17 01:28:22,818 [INFO] [17/121] 국립중앙박물관·용산가족공원 (primary=KEY_1)
2026-05-17 01:28:24,719 [INFO] [18/121] 난지한강공원 (primary=KEY_2)
2026-05-17 01:28:25,896 [INFO] [19/121] 남산공원 (primary=KEY_3)
2026-05-17 01:28:27,469 [INFO] [20/121] 노들섬 (primary=KEY_4)
2026-05-17 01:28:32,629 [INFO] [21/121] 뚝섬한강공원 (primary=KEY_1)
2026-05-17 01:28:33,833 [INFO] [22/121] 망원한강공원 (primary=KEY_2)
2026-05-17 01:28:35,759 [INFO] [23/121] 반포한강공원 (primary=KEY_3)
2026-05-17 01:28:36,938 [INFO] [24/121] 보라매공원 (primary=KEY_4)
2026-05-17 01:28:38,098 [INFO] [25/121] 북서울꿈의숲 (primary=KEY_1)
2026-05-17 01:28:39,409 [INFO] [26/121] 서대문독립공원 (primary=KEY_2)
2026-05-17 01:28:41,328 [INFO] [27/121] 서리풀공원·몽마르뜨공원 (primary=KEY_3)
2026-05-17 01:28:42,517 [INFO] [28/121] 서울대공원 (primary=KEY_4)
2026-05-17 01:28:43,702 [INFO] [29/121] 서울숲공원 (primary=KEY_1)
2026-05-17 01:28:45,046 [INFO] [30/121] 송현녹지광장 (primary=KEY_2)
2026-05-17 01:28:47,170 [INFO] [31/121] 아차산 (primary=KEY_3)
2026-05-17 01:28:48,305 [INFO] [32/121] 안양천 (primary=KEY_4)
2026-05-17 01:28:49,478 [INFO] [33/121] 양화한강공원 (primary=KEY_1)
2026-05-17 01:28:50,613 [INFO] [34/121] 어린이대공원 (primary=KEY_2)
2026-05-17 01:28:51,968 [INFO] [35/121] 여의도한강공원 (primary=KEY_3)
2026-05-17 01:28:53,315 [INFO] [36/121] 여의서로 (primary=KEY_4)
2026-05-17 01:28:55,208 [INFO] [37/121] 올림픽공원 (primary=KEY_1)
2026-05-17 01:28:57,378 [INFO] [38/121] 월드컵공원 (primary=KEY_2)
2026-05-17 01:28:58,959 [INFO] [39/121] 응봉산 (primary=KEY_3)
2026-05-17 01:29:00,326 [INFO] [40/121] 이촌한강공원 (primary=KEY_4)
2026-05-17 01:29:01,473 [INFO] [41/121] 잠실종합운동장 (primary=KEY_1)
2026-05-17 01:29:02,633 [INFO] [42/121] 잠실한강공원 (primary=KEY_2)
2026-05-17 01:29:03,805 [INFO] [43/121] 잠원한강공원 (primary=KEY_3)
2026-05-17 01:29:05,939 [INFO] [44/121] 청계산 (primary=KEY_4)
2026-05-17 01:29:07,097 [INFO] [45/121] 홍제폭포 (primary=KEY_1)
2026-05-17 01:29:08,267 [INFO] [46/121] 가락시장 (primary=KEY_2)
2026-05-17 01:29:10,243 [INFO] [47/121] 가로수길 (primary=KEY_3)
2026-05-17 01:29:11,657 [INFO] [48/121] 광장(전통)시장 (primary=KEY_4)
2026-05-17 01:29:12,823 [INFO] [49/121] 김포공항 (primary=KEY_1)
2026-05-17 01:29:14,185 [INFO] [50/121] 남대문시장 (primary=KEY_2)
2026-05-17 01:29:16,329 [INFO] [51/121] 노량진 (primary=KEY_3)
2026-05-17 01:29:17,729 [INFO] [52/121] 덕수궁길·정동길 (primary=KEY_4)
2026-05-17 01:29:19,153 [INFO] [53/121] 북창동 먹자골목 (primary=KEY_1)
2026-05-17 01:29:20,522 [INFO] [54/121] 북촌한옥마을 (primary=KEY_2)
2026-05-17 01:29:22,062 [INFO] [55/121] 서촌 (primary=KEY_3)
2026-05-17 01:29:23,417 [INFO] [56/121] 성수카페거리 (primary=KEY_4)
2026-05-17 01:29:24,971 [INFO] [57/121] 송리단길·호수단길 (primary=KEY_1)
2026-05-17 01:29:26,381 [INFO] [58/121] 신촌 스타광장 (primary=KEY_2)
2026-05-17 01:29:27,563 [INFO] [59/121] 압구정로데오거리 (primary=KEY_3)
2026-05-17 01:29:28,924 [INFO] [60/121] 여의도 (primary=KEY_4)
2026-05-17 01:29:31,159 [INFO] [61/121] 연남동 (primary=KEY_1)
2026-05-17 01:29:32,495 [INFO] [62/121] 영등포 타임스퀘어 (primary=KEY_2)
2026-05-17 01:29:34,676 [INFO] [63/121] 용리단길 (primary=KEY_3)
2026-05-17 01:29:35,863 [INFO] [64/121] 이태원 앤틱가구거리 (primary=KEY_4)
2026-05-17 01:29:37,034 [INFO] [65/121] 익선동 (primary=KEY_1)
2026-05-17 01:29:38,414 [INFO] [66/121] 인사동 (primary=KEY_2)
2026-05-17 01:29:40,019 [INFO] [67/121] 잠실롯데타워·석촌호수 (primary=KEY_3)
2026-05-17 01:29:41,852 [INFO] [68/121] 창동 신경제 중심지 (primary=KEY_4)
2026-05-17 01:29:43,603 [INFO] [69/121] 청담동 명품거리 (primary=KEY_1)
2026-05-17 01:29:45,004 [INFO] [70/121] 청량리 제기동 일대 전통시장 (primary=KEY_2)
2026-05-17 01:29:47,138 [INFO] [71/121] 해방촌·경리단길 (primary=KEY_3)
2026-05-17 01:29:48,308 [INFO] [72/121] DDP(동대문디자인플라자) (primary=KEY_4)
2026-05-17 01:29:49,680 [INFO] [73/121] DMC(디지털미디어시티) (primary=KEY_1)
2026-05-17 01:29:51,485 [INFO] [74/121] 가산디지털단지역 (primary=KEY_2)
2026-05-17 01:29:53,433 [INFO] [75/121] 강남역 (primary=KEY_3)
2026-05-17 01:29:55,077 [INFO] [76/121] 건대입구역 (primary=KEY_4)
2026-05-17 01:29:57,242 [INFO] [77/121] 고덕역 (primary=KEY_1)
2026-05-17 01:29:59,366 [INFO] [78/121] 고속터미널역 (primary=KEY_2)
2026-05-17 01:30:00,735 [INFO] [79/121] 교대역 (primary=KEY_3)
2026-05-17 01:30:02,474 [INFO] [80/121] 구로디지털단지역 (primary=KEY_4)
2026-05-17 01:30:04,321 [INFO] [81/121] 구로역 (primary=KEY_1)
2026-05-17 01:30:05,644 [INFO] [82/121] 군자역 (primary=KEY_2)
2026-05-17 01:30:07,386 [INFO] [83/121] 대림역 (primary=KEY_3)
2026-05-17 01:30:08,733 [INFO] [84/121] 동대문역 (primary=KEY_4)
2026-05-17 01:30:10,108 [INFO] [85/121] 뚝섬역 (primary=KEY_1)
2026-05-17 01:30:11,456 [INFO] [86/121] 미아사거리역 (primary=KEY_2)
2026-05-17 01:30:12,791 [INFO] [87/121] 발산역 (primary=KEY_3)
2026-05-17 01:30:14,328 [INFO] [88/121] 사당역 (primary=KEY_4)
2026-05-17 01:30:15,685 [INFO] [89/121] 삼각지역 (primary=KEY_1)
2026-05-17 01:30:16,812 [INFO] [90/121] 서울대입구역 (primary=KEY_2)
2026-05-17 01:30:18,716 [INFO] [91/121] 서울식물원·마곡나루역 (primary=KEY_3)
2026-05-17 01:30:20,049 [INFO] [92/121] 서울역 (primary=KEY_4)
2026-05-17 01:30:21,419 [INFO] [93/121] 선릉역 (primary=KEY_1)
2026-05-17 01:30:23,670 [INFO] [94/121] 성신여대입구역 (primary=KEY_2)
2026-05-17 01:30:24,837 [INFO] [95/121] 수유역 (primary=KEY_3)
2026-05-17 01:30:26,158 [INFO] [96/121] 숭례문 (primary=KEY_4)
2026-05-17 01:30:27,486 [INFO] [97/121] 시의회 앞 (primary=KEY_1)
2026-05-17 01:30:28,852 [INFO] [98/121] 신논현역·논현역 (primary=KEY_2)
2026-05-17 01:30:30,203 [INFO] [99/121] 신도림역 (primary=KEY_3)
2026-05-17 01:30:31,340 [INFO] [100/121] 신림역 (primary=KEY_4)
2026-05-17 01:30:32,499 [INFO] [101/121] 신정네거리역 (primary=KEY_1)
2026-05-17 01:30:33,816 [INFO] [102/121] 신촌·이대역 (primary=KEY_2)
2026-05-17 01:30:35,169 [INFO] [103/121] 쌍문역 (primary=KEY_3)
2026-05-17 01:30:36,573 [INFO] [104/121] 양재역 (primary=KEY_4)
2026-05-17 01:30:37,921 [INFO] [105/121] 역삼역 (primary=KEY_1)
2026-05-17 01:30:39,484 [INFO] [106/121] 연신내역 (primary=KEY_2)
2026-05-17 01:30:40,669 [INFO] [107/121] 오목교역·목동운동장 (primary=KEY_3)
2026-05-17 01:30:42,559 [INFO] [108/121] 왕십리역 (primary=KEY_4)
2026-05-17 01:30:43,897 [INFO] [109/121] 용산역 (primary=KEY_1)
2026-05-17 01:30:45,444 [INFO] [110/121] 이태원역 (primary=KEY_2)
2026-05-17 01:30:46,647 [INFO] [111/121] 잠실새내역 (primary=KEY_3)
2026-05-17 01:30:48,026 [INFO] [112/121] 잠실역 (primary=KEY_4)
2026-05-17 01:30:49,567 [INFO] [113/121] 장지역 (primary=KEY_1)
2026-05-17 01:30:51,099 [INFO] [114/121] 장한평역 (primary=KEY_2)
2026-05-17 01:30:52,420 [INFO] [115/121] 천호역 (primary=KEY_3)
2026-05-17 01:30:53,808 [INFO] [116/121] 총신대입구(이수)역 (primary=KEY_4)
2026-05-17 01:30:55,186 [INFO] [117/121] 충정로역 (primary=KEY_1)
2026-05-17 01:30:56,535 [INFO] [118/121] 합정역 (primary=KEY_2)
2026-05-17 01:30:57,917 [INFO] [119/121] 혜화역 (primary=KEY_3)
2026-05-17 01:30:59,306 [INFO] [120/121] 홍대입구역(2호선) (primary=KEY_4)
2026-05-17 01:31:00,732 [INFO] [121/121] 회기역 (primary=KEY_1)
2026-05-17 01:31:02,793 [INFO] === 수집 완료 | 성공 121, 실패 0 ===
2026-05-17 01:31:02,794 [INFO] 카테고리별 저장 결과:
2026-05-17 01:31:02,794 [INFO]    accident                  | 신규     7행 | 누적     13행 | 16컬럼
2026-05-17 01:31:02,794 [INFO]    area_meta                 | 신규   121행 | 누적    242행 | 5컬럼
2026-05-17 01:31:02,794 [INFO]    bike                      | 신규    10행 | 누적     20행 | 12컬럼
2026-05-17 01:31:02,794 [INFO]    bike_sbike_stts           | 신규   558행 | 누적   1116행 | 12컬럼
2026-05-17 01:31:02,794 [INFO]    bus                       | 신규     3행 | 누적      6행 | 11컬럼
2026-05-17 01:31:02,794 [INFO]    bus_bus_stn_stts          | 신규  1745행 | 누적   3490행 | 11컬럼
2026-05-17 01:31:02,794 [INFO]    charger                   | 신규     4행 | 누적     21행 | 15컬럼
2026-05-17 01:31:02,794 [INFO]    charger_charger_stts      | 신규  1885행 | 누적   2532행 | 15컬럼
2026-05-17 01:31:02,794 [INFO]    cmrcl                     | 신규    82행 | 누적    164행 | 20컬럼
2026-05-17 01:31:02,794 [INFO]    events                    | 신규    10행 | 누적     20행 | 14컬럼
2026-05-17 01:31:02,794 [INFO]    events_event_stts         | 신규   190행 | 누적    380행 | 14컬럼
2026-05-17 01:31:02,794 [INFO]    parking                   | 신규     6행 | 누적     12행 | 21컬럼
2026-05-17 01:31:02,794 [INFO]    parking_prk_stts          | 신규  1835행 | 누적   3670행 | 21컬럼
2026-05-17 01:31:02,794 [INFO]    ppltn                     | 신규   121행 | 누적    242행 | 26컬럼
2026-05-17 01:31:02,794 [INFO]    road                      | 신규   121행 | 누적    242행 | 21컬럼
2026-05-17 01:31:02,794 [INFO]    road_road_traffic_stts    | 신규  5244행 | 누적  10488행 | 17컬럼
2026-05-17 01:31:02,794 [INFO]    subway                    | 신규    38행 | 누적     76행 | 13컬럼
2026-05-17 01:31:02,794 [INFO]    subway_sub_stts           | 신규   183행 | 누적    366행 | 13컬럼
2026-05-17 01:31:02,794 [INFO]    weather                   | 신규   119행 | 누적    238행 | 30컬럼
2026-05-17 01:31:02,794 [INFO] 키별 사용량:
2026-05-17 01:31:02,794 [INFO]    🟢 KEY_1 (31/1000) 
2026-05-17 01:31:02,795 [INFO]    🟢 KEY_2 (30/1000) 
2026-05-17 01:31:02,795 [INFO]    🟢 KEY_3 (30/1000) 
2026-05-17 01:31:02,795 [INFO]    🟢 KEY_4 (30/1000) 
2026-05-17 02:28:37,960 [INFO] 등록된 키: 4개, 합산 한도 4,000건/일
2026-05-17 02:28:37,961 [INFO] POI 로드: 매뉴얼 v8.5 기준 fallback 121개 (121개 전체)
2026-05-17 02:28:37,961 [INFO] === 수집 시작 2026-05-17T02:28:37.961108+09:00 ===
2026-05-17 02:28:37,961 [INFO] 대상 장소: 121개 | API: citydata (통합)
2026-05-17 02:28:37,961 [INFO] 키 풀: 4/4 활성 | 오늘 사용 0/4000건
2026-05-17 02:28:37,961 [INFO]   [KEY_1] 담당 31장소
2026-05-17 02:28:37,961 [INFO]   [KEY_2] 담당 30장소
2026-05-17 02:28:37,961 [INFO]   [KEY_3] 담당 30장소
2026-05-17 02:28:37,961 [INFO]   [KEY_4] 담당 30장소
2026-05-17 02:28:37,961 [INFO] [1/121] 경복궁 (primary=KEY_1)
2026-05-17 02:28:39,521 [INFO] [2/121] 광화문·덕수궁 (primary=KEY_2)
2026-05-17 02:28:41,529 [INFO] [3/121] 보신각 (primary=KEY_3)
2026-05-17 02:28:43,238 [INFO] [4/121] 서울 암사동 유적 (primary=KEY_4)
2026-05-17 02:28:44,220 [INFO] [5/121] 창덕궁·종묘 (primary=KEY_1)
2026-05-17 02:28:45,881 [INFO] [6/121] 강남 MICE 관광특구 (primary=KEY_2)
2026-05-17 02:28:47,016 [INFO] [7/121] 동대문 관광특구 (primary=KEY_3)
2026-05-17 02:28:48,888 [INFO] [8/121] 명동 관광특구 (primary=KEY_4)
2026-05-17 02:28:50,390 [INFO] [9/121] 이태원 관광특구 (primary=KEY_1)
2026-05-17 02:28:52,126 [INFO] [10/121] 잠실 관광특구 (primary=KEY_2)
2026-05-17 02:28:54,173 [INFO] [11/121] 종로·청계 관광특구 (primary=KEY_3)
2026-05-17 02:28:55,493 [INFO] [12/121] 홍대 관광특구 (primary=KEY_4)
2026-05-17 02:28:56,866 [INFO] [13/121] 강서한강공원 (primary=KEY_1)
2026-05-17 02:28:57,852 [INFO] [14/121] 고척돔 (primary=KEY_2)
2026-05-17 02:28:58,836 [INFO] [15/121] 광나루한강공원 (primary=KEY_3)
2026-05-17 02:29:00,505 [INFO] [16/121] 광화문광장 (primary=KEY_4)
2026-05-17 02:29:01,657 [INFO] [17/121] 국립중앙박물관·용산가족공원 (primary=KEY_1)
2026-05-17 02:29:02,654 [INFO] [18/121] 난지한강공원 (primary=KEY_2)
2026-05-17 02:29:03,636 [INFO] [19/121] 남산공원 (primary=KEY_3)
2026-05-17 02:29:04,934 [INFO] [20/121] 노들섬 (primary=KEY_4)
2026-05-17 02:29:06,472 [INFO] [21/121] 뚝섬한강공원 (primary=KEY_1)
2026-05-17 02:29:07,477 [INFO] [22/121] 망원한강공원 (primary=KEY_2)
2026-05-17 02:29:08,653 [INFO] [23/121] 반포한강공원 (primary=KEY_3)
2026-05-17 02:29:09,633 [INFO] [24/121] 보라매공원 (primary=KEY_4)
2026-05-17 02:29:11,222 [INFO] [25/121] 북서울꿈의숲 (primary=KEY_1)
2026-05-17 02:29:12,344 [INFO] [26/121] 서대문독립공원 (primary=KEY_2)
2026-05-17 02:29:13,333 [INFO] [27/121] 서리풀공원·몽마르뜨공원 (primary=KEY_3)
2026-05-17 02:29:14,381 [INFO] [28/121] 서울대공원 (primary=KEY_4)
2026-05-17 02:29:15,370 [INFO] [29/121] 서울숲공원 (primary=KEY_1)
2026-05-17 02:29:16,490 [INFO] [30/121] 송현녹지광장 (primary=KEY_2)
2026-05-17 02:29:17,651 [INFO] [31/121] 아차산 (primary=KEY_3)
2026-05-17 02:29:18,642 [INFO] [32/121] 안양천 (primary=KEY_4)
2026-05-17 02:29:19,641 [INFO] [33/121] 양화한강공원 (primary=KEY_1)
2026-05-17 02:29:20,639 [INFO] [34/121] 어린이대공원 (primary=KEY_2)
2026-05-17 02:29:22,360 [INFO] [35/121] 여의도한강공원 (primary=KEY_3)
2026-05-17 02:29:23,492 [INFO] [36/121] 여의서로 (primary=KEY_4)
2026-05-17 02:29:24,615 [INFO] [37/121] 올림픽공원 (primary=KEY_1)
2026-05-17 02:29:25,809 [INFO] [38/121] 월드컵공원 (primary=KEY_2)
2026-05-17 02:29:27,130 [INFO] [39/121] 응봉산 (primary=KEY_3)
2026-05-17 02:29:28,266 [INFO] [40/121] 이촌한강공원 (primary=KEY_4)
2026-05-17 02:29:29,252 [INFO] [41/121] 잠실종합운동장 (primary=KEY_1)
2026-05-17 02:29:30,243 [INFO] [42/121] 잠실한강공원 (primary=KEY_2)
2026-05-17 02:29:31,257 [INFO] [43/121] 잠원한강공원 (primary=KEY_3)
2026-05-17 02:29:32,251 [INFO] [44/121] 청계산 (primary=KEY_4)
2026-05-17 02:29:33,228 [INFO] [45/121] 홍제폭포 (primary=KEY_1)
2026-05-17 02:29:34,221 [INFO] [46/121] 가락시장 (primary=KEY_2)
2026-05-17 02:29:35,381 [INFO] [47/121] 가로수길 (primary=KEY_3)
2026-05-17 02:29:36,561 [INFO] [48/121] 광장(전통)시장 (primary=KEY_4)
2026-05-17 02:29:37,564 [INFO] [49/121] 김포공항 (primary=KEY_1)
2026-05-17 02:29:38,756 [INFO] [50/121] 남대문시장 (primary=KEY_2)
2026-05-17 02:29:39,903 [INFO] [51/121] 노량진 (primary=KEY_3)
2026-05-17 02:29:41,064 [INFO] [52/121] 덕수궁길·정동길 (primary=KEY_4)
2026-05-17 02:29:42,223 [INFO] [53/121] 북창동 먹자골목 (primary=KEY_1)
2026-05-17 02:29:43,351 [INFO] [54/121] 북촌한옥마을 (primary=KEY_2)
2026-05-17 02:29:44,638 [INFO] [55/121] 서촌 (primary=KEY_3)
2026-05-17 02:29:45,771 [INFO] [56/121] 성수카페거리 (primary=KEY_4)
2026-05-17 02:29:47,094 [INFO] [57/121] 송리단길·호수단길 (primary=KEY_1)
2026-05-17 02:29:48,247 [INFO] [58/121] 신촌 스타광장 (primary=KEY_2)
2026-05-17 02:29:49,261 [INFO] [59/121] 압구정로데오거리 (primary=KEY_3)
2026-05-17 02:29:50,393 [INFO] [60/121] 여의도 (primary=KEY_4)
2026-05-17 02:29:52,202 [INFO] [61/121] 연남동 (primary=KEY_1)
2026-05-17 02:29:53,334 [INFO] [62/121] 영등포 타임스퀘어 (primary=KEY_2)
2026-05-17 02:29:54,504 [INFO] [63/121] 용리단길 (primary=KEY_3)
2026-05-17 02:29:55,523 [INFO] [64/121] 이태원 앤틱가구거리 (primary=KEY_4)
2026-05-17 02:29:56,534 [INFO] [65/121] 익선동 (primary=KEY_1)
2026-05-17 02:29:57,744 [INFO] [66/121] 인사동 (primary=KEY_2)
2026-05-17 02:29:59,057 [INFO] [67/121] 잠실롯데타워·석촌호수 (primary=KEY_3)
2026-05-17 02:30:00,521 [INFO] [68/121] 창동 신경제 중심지 (primary=KEY_4)
2026-05-17 02:30:01,971 [INFO] [69/121] 청담동 명품거리 (primary=KEY_1)
2026-05-17 02:30:03,129 [INFO] [70/121] 청량리 제기동 일대 전통시장 (primary=KEY_2)
2026-05-17 02:30:04,263 [INFO] [71/121] 해방촌·경리단길 (primary=KEY_3)
2026-05-17 02:30:05,268 [INFO] [72/121] DDP(동대문디자인플라자) (primary=KEY_4)
2026-05-17 02:30:06,437 [INFO] [73/121] DMC(디지털미디어시티) (primary=KEY_1)
2026-05-17 02:30:07,889 [INFO] [74/121] 가산디지털단지역 (primary=KEY_2)
2026-05-17 02:30:09,460 [INFO] [75/121] 강남역 (primary=KEY_3)
2026-05-17 02:30:10,753 [INFO] [76/121] 건대입구역 (primary=KEY_4)
2026-05-17 02:30:11,894 [INFO] [77/121] 고덕역 (primary=KEY_1)
2026-05-17 02:30:13,052 [INFO] [78/121] 고속터미널역 (primary=KEY_2)
2026-05-17 02:30:14,224 [INFO] [79/121] 교대역 (primary=KEY_3)
2026-05-17 02:30:15,233 [INFO] [80/121] 구로디지털단지역 (primary=KEY_4)
2026-05-17 02:30:16,527 [INFO] [81/121] 구로역 (primary=KEY_1)
2026-05-17 02:30:17,675 [INFO] [82/121] 군자역 (primary=KEY_2)
2026-05-17 02:30:18,664 [INFO] [83/121] 대림역 (primary=KEY_3)
2026-05-17 02:30:19,824 [INFO] [84/121] 동대문역 (primary=KEY_4)
2026-05-17 02:30:20,977 [INFO] [85/121] 뚝섬역 (primary=KEY_1)
2026-05-17 02:30:22,108 [INFO] [86/121] 미아사거리역 (primary=KEY_2)
2026-05-17 02:30:23,262 [INFO] [87/121] 발산역 (primary=KEY_3)
2026-05-17 02:30:24,587 [INFO] [88/121] 사당역 (primary=KEY_4)
2026-05-17 02:30:25,746 [INFO] [89/121] 삼각지역 (primary=KEY_1)
2026-05-17 02:30:26,747 [INFO] [90/121] 서울대입구역 (primary=KEY_2)
2026-05-17 02:30:27,877 [INFO] [91/121] 서울식물원·마곡나루역 (primary=KEY_3)
2026-05-17 02:30:29,172 [INFO] [92/121] 서울역 (primary=KEY_4)
2026-05-17 02:30:30,352 [INFO] [93/121] 선릉역 (primary=KEY_1)
2026-05-17 02:30:31,672 [INFO] [94/121] 성신여대입구역 (primary=KEY_2)
2026-05-17 02:30:32,690 [INFO] [95/121] 수유역 (primary=KEY_3)
2026-05-17 02:30:33,824 [INFO] [96/121] 숭례문 (primary=KEY_4)
2026-05-17 02:30:34,967 [INFO] [97/121] 시의회 앞 (primary=KEY_1)
2026-05-17 02:30:36,107 [INFO] [98/121] 신논현역·논현역 (primary=KEY_2)
2026-05-17 02:30:37,274 [INFO] [99/121] 신도림역 (primary=KEY_3)
2026-05-17 02:30:38,279 [INFO] [100/121] 신림역 (primary=KEY_4)
2026-05-17 02:30:39,273 [INFO] [101/121] 신정네거리역 (primary=KEY_1)
2026-05-17 02:30:40,410 [INFO] [102/121] 신촌·이대역 (primary=KEY_2)
2026-05-17 02:30:41,553 [INFO] [103/121] 쌍문역 (primary=KEY_3)
2026-05-17 02:30:42,681 [INFO] [104/121] 양재역 (primary=KEY_4)
2026-05-17 02:30:43,831 [INFO] [105/121] 역삼역 (primary=KEY_1)
2026-05-17 02:30:45,098 [INFO] [106/121] 연신내역 (primary=KEY_2)
2026-05-17 02:30:46,092 [INFO] [107/121] 오목교역·목동운동장 (primary=KEY_3)
2026-05-17 02:30:47,697 [INFO] [108/121] 왕십리역 (primary=KEY_4)
2026-05-17 02:30:48,856 [INFO] [109/121] 용산역 (primary=KEY_1)
2026-05-17 02:30:50,165 [INFO] [110/121] 이태원역 (primary=KEY_2)
2026-05-17 02:30:51,160 [INFO] [111/121] 잠실새내역 (primary=KEY_3)
2026-05-17 02:30:52,291 [INFO] [112/121] 잠실역 (primary=KEY_4)
2026-05-17 02:30:53,615 [INFO] [113/121] 장지역 (primary=KEY_1)
2026-05-17 02:30:54,913 [INFO] [114/121] 장한평역 (primary=KEY_2)
2026-05-17 02:30:56,054 [INFO] [115/121] 천호역 (primary=KEY_3)
2026-05-17 02:30:57,197 [INFO] [116/121] 총신대입구(이수)역 (primary=KEY_4)
2026-05-17 02:30:58,321 [INFO] [117/121] 충정로역 (primary=KEY_1)
2026-05-17 02:30:59,484 [INFO] [118/121] 합정역 (primary=KEY_2)
2026-05-17 02:31:00,651 [INFO] [119/121] 혜화역 (primary=KEY_3)
2026-05-17 02:31:01,794 [INFO] [120/121] 홍대입구역(2호선) (primary=KEY_4)
2026-05-17 02:31:02,994 [INFO] [121/121] 회기역 (primary=KEY_1)
2026-05-17 02:31:04,923 [INFO] === 수집 완료 | 성공 121, 실패 0 ===
2026-05-17 02:31:04,923 [INFO] 카테고리별 저장 결과:
2026-05-17 02:31:04,923 [INFO]    accident                  | 신규     8행 | 누적     21행 | 16컬럼
2026-05-17 02:31:04,923 [INFO]    accident_acdnt_cntrl_stts | 신규     2행 | 누적     19행 | 16컬럼
2026-05-17 02:31:04,923 [INFO]    area_meta                 | 신규   121행 | 누적    363행 | 5컬럼
2026-05-17 02:31:04,923 [INFO]    bike                      | 신규    10행 | 누적     30행 | 12컬럼
2026-05-17 02:31:04,924 [INFO]    bike_sbike_stts           | 신규   558행 | 누적   1674행 | 12컬럼
2026-05-17 02:31:04,924 [INFO]    bus                       | 신규     3행 | 누적      9행 | 11컬럼
2026-05-17 02:31:04,924 [INFO]    bus_bus_stn_stts          | 신규  1745행 | 누적   5235행 | 11컬럼
2026-05-17 02:31:04,924 [INFO]    charger                   | 신규     4행 | 누적     25행 | 15컬럼
2026-05-17 02:31:04,924 [INFO]    charger_charger_stts      | 신규  1885행 | 누적   4402행 | 15컬럼
2026-05-17 02:31:04,924 [INFO]    cmrcl                     | 신규    82행 | 누적    246행 | 20컬럼
2026-05-17 02:31:04,924 [INFO]    events                    | 신규    10행 | 누적     30행 | 14컬럼
2026-05-17 02:31:04,924 [INFO]    events_event_stts         | 신규   190행 | 누적    570행 | 14컬럼
2026-05-17 02:31:04,924 [INFO]    parking                   | 신규     6행 | 누적     18행 | 21컬럼
2026-05-17 02:31:04,924 [INFO]    parking_prk_stts          | 신규  1835행 | 누적   5505행 | 21컬럼
2026-05-17 02:31:04,924 [INFO]    ppltn                     | 신규   121행 | 누적    363행 | 26컬럼
2026-05-17 02:31:04,924 [INFO]    road                      | 신규   121행 | 누적    363행 | 21컬럼
2026-05-17 02:31:04,924 [INFO]    road_road_traffic_stts    | 신규  5244행 | 누적  15732행 | 17컬럼
2026-05-17 02:31:04,924 [INFO]    subway                    | 신규    38행 | 누적    114행 | 13컬럼
2026-05-17 02:31:04,924 [INFO]    subway_sub_stts           | 신규   183행 | 누적    549행 | 13컬럼
2026-05-17 02:31:04,924 [INFO]    weather                   | 신규   119행 | 누적    357행 | 30컬럼
2026-05-17 02:31:04,924 [INFO] 키별 사용량:
2026-05-17 02:31:04,924 [INFO]    🟢 KEY_1 (31/1000) 
2026-05-17 02:31:04,924 [INFO]    🟢 KEY_2 (30/1000) 
2026-05-17 02:31:04,924 [INFO]    🟢 KEY_3 (30/1000) 
2026-05-17 02:31:04,924 [INFO]    🟢 KEY_4 (30/1000) 
2026-05-17 03:30:30,069 [INFO] 등록된 키: 4개, 합산 한도 4,000건/일
2026-05-17 03:30:30,069 [INFO] POI 로드: 매뉴얼 v8.5 기준 fallback 121개 (121개 전체)
2026-05-17 03:30:30,069 [INFO] === 수집 시작 2026-05-17T03:30:30.069774+09:00 ===
2026-05-17 03:30:30,069 [INFO] 대상 장소: 121개 | API: citydata (통합)
2026-05-17 03:30:30,069 [INFO] 키 풀: 4/4 활성 | 오늘 사용 0/4000건
2026-05-17 03:30:30,070 [INFO]   [KEY_1] 담당 31장소
2026-05-17 03:30:30,070 [INFO]   [KEY_2] 담당 30장소
2026-05-17 03:30:30,070 [INFO]   [KEY_3] 담당 30장소
2026-05-17 03:30:30,070 [INFO]   [KEY_4] 담당 30장소
2026-05-17 03:30:30,070 [INFO] [1/121] 경복궁 (primary=KEY_1)
2026-05-17 03:30:32,041 [INFO] [2/121] 광화문·덕수궁 (primary=KEY_2)
2026-05-17 03:30:34,267 [INFO] [3/121] 보신각 (primary=KEY_3)
2026-05-17 03:30:36,389 [INFO] [4/121] 서울 암사동 유적 (primary=KEY_4)
2026-05-17 03:30:38,089 [INFO] [5/121] 창덕궁·종묘 (primary=KEY_1)
2026-05-17 03:30:40,169 [INFO] [6/121] 강남 MICE 관광특구 (primary=KEY_2)
2026-05-17 03:30:42,075 [INFO] [7/121] 동대문 관광특구 (primary=KEY_3)
2026-05-17 03:30:44,399 [INFO] [8/121] 명동 관광특구 (primary=KEY_4)
2026-05-17 03:30:46,740 [INFO] [9/121] 이태원 관광특구 (primary=KEY_1)
2026-05-17 03:30:48,857 [INFO] [10/121] 잠실 관광특구 (primary=KEY_2)
2026-05-17 03:30:51,351 [INFO] [11/121] 종로·청계 관광특구 (primary=KEY_3)
2026-05-17 03:30:52,916 [INFO] [12/121] 홍대 관광특구 (primary=KEY_4)
2026-05-17 03:30:54,501 [INFO] [13/121] 강서한강공원 (primary=KEY_1)
2026-05-17 03:30:56,770 [INFO] [14/121] 고척돔 (primary=KEY_2)
2026-05-17 03:30:58,660 [INFO] [15/121] 광나루한강공원 (primary=KEY_3)
2026-05-17 03:30:59,960 [INFO] [16/121] 광화문광장 (primary=KEY_4)
2026-05-17 03:31:02,274 [INFO] [17/121] 국립중앙박물관·용산가족공원 (primary=KEY_1)
2026-05-17 03:31:04,177 [INFO] [18/121] 난지한강공원 (primary=KEY_2)
2026-05-17 03:31:05,975 [INFO] [19/121] 남산공원 (primary=KEY_3)
2026-05-17 03:31:07,538 [INFO] [20/121] 노들섬 (primary=KEY_4)
2026-05-17 03:31:08,702 [INFO] [21/121] 뚝섬한강공원 (primary=KEY_1)
2026-05-17 03:31:09,850 [INFO] [22/121] 망원한강공원 (primary=KEY_2)
2026-05-17 03:31:11,935 [INFO] [23/121] 반포한강공원 (primary=KEY_3)
2026-05-17 03:31:13,834 [INFO] [24/121] 보라매공원 (primary=KEY_4)
2026-05-17 03:31:15,750 [INFO] [25/121] 북서울꿈의숲 (primary=KEY_1)
2026-05-17 03:31:16,921 [INFO] [26/121] 서대문독립공원 (primary=KEY_2)
2026-05-17 03:31:18,071 [INFO] [27/121] 서리풀공원·몽마르뜨공원 (primary=KEY_3)
2026-05-17 03:31:19,234 [INFO] [28/121] 서울대공원 (primary=KEY_4)
2026-05-17 03:31:20,362 [INFO] [29/121] 서울숲공원 (primary=KEY_1)
2026-05-17 03:31:21,697 [INFO] [30/121] 송현녹지광장 (primary=KEY_2)
2026-05-17 03:31:23,025 [INFO] [31/121] 아차산 (primary=KEY_3)
2026-05-17 03:31:24,928 [INFO] [32/121] 안양천 (primary=KEY_4)
2026-05-17 03:31:26,994 [INFO] [33/121] 양화한강공원 (primary=KEY_1)
2026-05-17 03:31:28,129 [INFO] [34/121] 어린이대공원 (primary=KEY_2)
2026-05-17 03:31:29,282 [INFO] [35/121] 여의도한강공원 (primary=KEY_3)
2026-05-17 03:31:30,581 [INFO] [36/121] 여의서로 (primary=KEY_4)
2026-05-17 03:31:31,729 [INFO] [37/121] 올림픽공원 (primary=KEY_1)
2026-05-17 03:31:33,090 [INFO] [38/121] 월드컵공원 (primary=KEY_2)
2026-05-17 03:31:34,647 [INFO] [39/121] 응봉산 (primary=KEY_3)
2026-05-17 03:31:35,973 [INFO] [40/121] 이촌한강공원 (primary=KEY_4)
2026-05-17 03:31:37,676 [INFO] [41/121] 잠실종합운동장 (primary=KEY_1)
2026-05-17 03:31:38,816 [INFO] [42/121] 잠실한강공원 (primary=KEY_2)
2026-05-17 03:31:40,519 [INFO] [43/121] 잠원한강공원 (primary=KEY_3)
2026-05-17 03:31:41,659 [INFO] [44/121] 청계산 (primary=KEY_4)
2026-05-17 03:31:42,802 [INFO] [45/121] 홍제폭포 (primary=KEY_1)
2026-05-17 03:31:43,933 [INFO] [46/121] 가락시장 (primary=KEY_2)
2026-05-17 03:31:45,311 [INFO] [47/121] 가로수길 (primary=KEY_3)
2026-05-17 03:31:47,437 [INFO] [48/121] 광장(전통)시장 (primary=KEY_4)
2026-05-17 03:31:48,601 [INFO] [49/121] 김포공항 (primary=KEY_1)
2026-05-17 03:31:50,742 [INFO] [50/121] 남대문시장 (primary=KEY_2)
2026-05-17 03:31:52,310 [INFO] [51/121] 노량진 (primary=KEY_3)
2026-05-17 03:31:53,691 [INFO] [52/121] 덕수궁길·정동길 (primary=KEY_4)
2026-05-17 03:31:55,067 [INFO] [53/121] 북창동 먹자골목 (primary=KEY_1)
2026-05-17 03:31:56,423 [INFO] [54/121] 북촌한옥마을 (primary=KEY_2)
2026-05-17 03:31:57,972 [INFO] [55/121] 서촌 (primary=KEY_3)
2026-05-17 03:31:59,311 [INFO] [56/121] 성수카페거리 (primary=KEY_4)
2026-05-17 03:32:00,867 [INFO] [57/121] 송리단길·호수단길 (primary=KEY_1)
2026-05-17 03:32:02,227 [INFO] [58/121] 신촌 스타광장 (primary=KEY_2)
2026-05-17 03:32:03,382 [INFO] [59/121] 압구정로데오거리 (primary=KEY_3)
2026-05-17 03:32:04,729 [INFO] [60/121] 여의도 (primary=KEY_4)
2026-05-17 03:32:06,932 [INFO] [61/121] 연남동 (primary=KEY_1)
2026-05-17 03:32:08,258 [INFO] [62/121] 영등포 타임스퀘어 (primary=KEY_2)
2026-05-17 03:32:09,602 [INFO] [63/121] 용리단길 (primary=KEY_3)
2026-05-17 03:32:10,790 [INFO] [64/121] 이태원 앤틱가구거리 (primary=KEY_4)
2026-05-17 03:32:11,940 [INFO] [65/121] 익선동 (primary=KEY_1)
2026-05-17 03:32:13,278 [INFO] [66/121] 인사동 (primary=KEY_2)
2026-05-17 03:32:14,807 [INFO] [67/121] 잠실롯데타워·석촌호수 (primary=KEY_3)
2026-05-17 03:32:16,553 [INFO] [68/121] 창동 신경제 중심지 (primary=KEY_4)
2026-05-17 03:32:18,281 [INFO] [69/121] 청담동 명품거리 (primary=KEY_1)
2026-05-17 03:32:19,633 [INFO] [70/121] 청량리 제기동 일대 전통시장 (primary=KEY_2)
2026-05-17 03:32:21,361 [INFO] [71/121] 해방촌·경리단길 (primary=KEY_3)
2026-05-17 03:32:23,128 [INFO] [72/121] DDP(동대문디자인플라자) (primary=KEY_4)
2026-05-17 03:32:25,062 [INFO] [73/121] DMC(디지털미디어시티) (primary=KEY_1)
2026-05-17 03:32:27,405 [INFO] [74/121] 가산디지털단지역 (primary=KEY_2)
2026-05-17 03:32:30,096 [INFO] [75/121] 강남역 (primary=KEY_3)
2026-05-17 03:32:31,660 [INFO] [76/121] 건대입구역 (primary=KEY_4)
2026-05-17 03:32:34,188 [INFO] [77/121] 고덕역 (primary=KEY_1)
2026-05-17 03:32:36,324 [INFO] [78/121] 고속터미널역 (primary=KEY_2)
2026-05-17 03:32:38,439 [INFO] [79/121] 교대역 (primary=KEY_3)
2026-05-17 03:32:40,177 [INFO] [80/121] 구로디지털단지역 (primary=KEY_4)
2026-05-17 03:32:41,728 [INFO] [81/121] 구로역 (primary=KEY_1)
2026-05-17 03:32:44,007 [INFO] [82/121] 군자역 (primary=KEY_2)
2026-05-17 03:32:45,168 [INFO] [83/121] 대림역 (primary=KEY_3)
2026-05-17 03:32:46,530 [INFO] [84/121] 동대문역 (primary=KEY_4)
2026-05-17 03:32:48,998 [INFO] [85/121] 뚝섬역 (primary=KEY_1)
2026-05-17 03:32:50,361 [INFO] [86/121] 미아사거리역 (primary=KEY_2)
2026-05-17 03:32:52,461 [INFO] [87/121] 발산역 (primary=KEY_3)
2026-05-17 03:32:54,015 [INFO] [88/121] 사당역 (primary=KEY_4)
2026-05-17 03:32:56,137 [INFO] [89/121] 삼각지역 (primary=KEY_1)
2026-05-17 03:32:57,288 [INFO] [90/121] 서울대입구역 (primary=KEY_2)
2026-05-17 03:32:59,026 [INFO] [91/121] 서울식물원·마곡나루역 (primary=KEY_3)
2026-05-17 03:33:00,568 [INFO] [92/121] 서울역 (primary=KEY_4)
2026-05-17 03:33:01,973 [INFO] [93/121] 선릉역 (primary=KEY_1)
2026-05-17 03:33:03,749 [INFO] [94/121] 성신여대입구역 (primary=KEY_2)
2026-05-17 03:33:05,682 [INFO] [95/121] 수유역 (primary=KEY_3)
2026-05-17 03:33:07,032 [INFO] [96/121] 숭례문 (primary=KEY_4)
2026-05-17 03:33:09,181 [INFO] [97/121] 시의회 앞 (primary=KEY_1)
2026-05-17 03:33:11,294 [INFO] [98/121] 신논현역·논현역 (primary=KEY_2)
2026-05-17 03:33:13,422 [INFO] [99/121] 신도림역 (primary=KEY_3)
2026-05-17 03:33:16,097 [INFO] [100/121] 신림역 (primary=KEY_4)
2026-05-17 03:33:17,266 [INFO] [101/121] 신정네거리역 (primary=KEY_1)
2026-05-17 03:33:18,616 [INFO] [102/121] 신촌·이대역 (primary=KEY_2)
2026-05-17 03:33:19,973 [INFO] [103/121] 쌍문역 (primary=KEY_3)
2026-05-17 03:33:21,319 [INFO] [104/121] 양재역 (primary=KEY_4)
2026-05-17 03:33:22,690 [INFO] [105/121] 역삼역 (primary=KEY_1)
2026-05-17 03:33:24,833 [INFO] [106/121] 연신내역 (primary=KEY_2)
2026-05-17 03:33:26,005 [INFO] [107/121] 오목교역·목동운동장 (primary=KEY_3)
2026-05-17 03:33:27,961 [INFO] [108/121] 왕십리역 (primary=KEY_4)
2026-05-17 03:33:29,347 [INFO] [109/121] 용산역 (primary=KEY_1)
2026-05-17 03:33:30,909 [INFO] [110/121] 이태원역 (primary=KEY_2)
2026-05-17 03:33:32,077 [INFO] [111/121] 잠실새내역 (primary=KEY_3)
2026-05-17 03:33:33,430 [INFO] [112/121] 잠실역 (primary=KEY_4)
2026-05-17 03:33:35,062 [INFO] [113/121] 장지역 (primary=KEY_1)
2026-05-17 03:33:36,632 [INFO] [114/121] 장한평역 (primary=KEY_2)
2026-05-17 03:33:38,574 [INFO] [115/121] 천호역 (primary=KEY_3)
2026-05-17 03:33:39,944 [INFO] [116/121] 총신대입구(이수)역 (primary=KEY_4)
2026-05-17 03:33:41,304 [INFO] [117/121] 충정로역 (primary=KEY_1)
2026-05-17 03:33:43,215 [INFO] [118/121] 합정역 (primary=KEY_2)
2026-05-17 03:33:44,578 [INFO] [119/121] 혜화역 (primary=KEY_3)
2026-05-17 03:33:45,941 [INFO] [120/121] 홍대입구역(2호선) (primary=KEY_4)
2026-05-17 03:33:47,310 [INFO] [121/121] 회기역 (primary=KEY_1)
2026-05-17 03:33:49,613 [INFO] === 수집 완료 | 성공 121, 실패 0 ===
2026-05-17 03:33:49,613 [INFO] 카테고리별 저장 결과:
2026-05-17 03:33:49,614 [INFO]    area_meta                 | 신규   121행 | 누적    484행 | 5컬럼
2026-05-17 03:33:49,614 [INFO]    bike                      | 신규    10행 | 누적     40행 | 12컬럼
2026-05-17 03:33:49,614 [INFO]    bike_sbike_stts           | 신규   558행 | 누적   2232행 | 12컬럼
2026-05-17 03:33:49,614 [INFO]    bus                       | 신규     3행 | 누적     12행 | 11컬럼
2026-05-17 03:33:49,614 [INFO]    bus_bus_stn_stts          | 신규  1745행 | 누적   6980행 | 11컬럼
2026-05-17 03:33:49,614 [INFO]    charger                   | 신규    11행 | 누적     36행 | 15컬럼
2026-05-17 03:33:49,614 [INFO]    charger_charger_stts      | 신규  1540행 | 누적   5932행 | 15컬럼
2026-05-17 03:33:49,614 [INFO]    cmrcl                     | 신규    82행 | 누적    328행 | 20컬럼
2026-05-17 03:33:49,614 [INFO]    events                    | 신규    10행 | 누적     40행 | 14컬럼
2026-05-17 03:33:49,614 [INFO]    events_event_stts         | 신규   190행 | 누적    760행 | 14컬럼
2026-05-17 03:33:49,614 [INFO]    parking                   | 신규     6행 | 누적     24행 | 21컬럼
2026-05-17 03:33:49,614 [INFO]    parking_prk_stts          | 신규  1835행 | 누적   7340행 | 21컬럼
2026-05-17 03:33:49,614 [INFO]    ppltn                     | 신규   121행 | 누적    484행 | 26컬럼
2026-05-17 03:33:49,614 [INFO]    road                      | 신규   121행 | 누적    484행 | 21컬럼
2026-05-17 03:33:49,614 [INFO]    road_road_traffic_stts    | 신규  5244행 | 누적  20976행 | 17컬럼
2026-05-17 03:33:49,614 [INFO]    subway                    | 신규    38행 | 누적    152행 | 13컬럼
2026-05-17 03:33:49,614 [INFO]    subway_sub_stts           | 신규   183행 | 누적    732행 | 13컬럼
2026-05-17 03:33:49,614 [INFO]    weather                   | 신규   119행 | 누적    476행 | 30컬럼
2026-05-17 03:33:49,614 [INFO] 키별 사용량:
2026-05-17 03:33:49,614 [INFO]    🟢 KEY_1 (31/1000) 
2026-05-17 03:33:49,614 [INFO]    🟢 KEY_2 (30/1000) 
2026-05-17 03:33:49,614 [INFO]    🟢 KEY_3 (30/1000) 
2026-05-17 03:33:49,614 [INFO]    🟢 KEY_4 (30/1000) 
2026-05-17 04:33:17,807 [INFO] 등록된 키: 4개, 합산 한도 4,000건/일
2026-05-17 04:33:17,808 [INFO] POI 로드: 매뉴얼 v8.5 기준 fallback 121개 (121개 전체)
2026-05-17 04:33:17,808 [INFO] === 수집 시작 2026-05-17T04:33:17.808384+09:00 ===
2026-05-17 04:33:17,808 [INFO] 대상 장소: 121개 | API: citydata (통합)
2026-05-17 04:33:17,808 [INFO] 키 풀: 4/4 활성 | 오늘 사용 0/4000건
2026-05-17 04:33:17,808 [INFO]   [KEY_1] 담당 31장소
2026-05-17 04:33:17,808 [INFO]   [KEY_2] 담당 30장소
2026-05-17 04:33:17,808 [INFO]   [KEY_3] 담당 30장소
2026-05-17 04:33:17,808 [INFO]   [KEY_4] 담당 30장소
2026-05-17 04:33:17,808 [INFO] [1/121] 경복궁 (primary=KEY_1)
2026-05-17 04:33:19,993 [INFO] [2/121] 광화문·덕수궁 (primary=KEY_2)
2026-05-17 04:33:22,235 [INFO] [3/121] 보신각 (primary=KEY_3)
2026-05-17 04:33:24,123 [INFO] [4/121] 서울 암사동 유적 (primary=KEY_4)
2026-05-17 04:33:25,825 [INFO] [5/121] 창덕궁·종묘 (primary=KEY_1)
2026-05-17 04:33:27,685 [INFO] [6/121] 강남 MICE 관광특구 (primary=KEY_2)
2026-05-17 04:33:29,086 [INFO] [7/121] 동대문 관광특구 (primary=KEY_3)
2026-05-17 04:33:31,197 [INFO] [8/121] 명동 관광특구 (primary=KEY_4)
2026-05-17 04:33:32,919 [INFO] [9/121] 이태원 관광특구 (primary=KEY_1)
2026-05-17 04:33:34,827 [INFO] [10/121] 잠실 관광특구 (primary=KEY_2)
2026-05-17 04:33:37,109 [INFO] [11/121] 종로·청계 관광특구 (primary=KEY_3)
2026-05-17 04:33:39,214 [INFO] [12/121] 홍대 관광특구 (primary=KEY_4)
2026-05-17 04:33:40,668 [INFO] [13/121] 강서한강공원 (primary=KEY_1)
2026-05-17 04:33:41,709 [INFO] [14/121] 고척돔 (primary=KEY_2)
2026-05-17 04:33:42,763 [INFO] [15/121] 광나루한강공원 (primary=KEY_3)
2026-05-17 04:33:44,626 [INFO] [16/121] 광화문광장 (primary=KEY_4)
2026-05-17 04:33:45,887 [INFO] [17/121] 국립중앙박물관·용산가족공원 (primary=KEY_1)
2026-05-17 04:33:46,954 [INFO] [18/121] 난지한강공원 (primary=KEY_2)
2026-05-17 04:33:48,808 [INFO] [19/121] 남산공원 (primary=KEY_3)
2026-05-17 04:33:50,220 [INFO] [20/121] 노들섬 (primary=KEY_4)
2026-05-17 04:33:51,253 [INFO] [21/121] 뚝섬한강공원 (primary=KEY_1)
2026-05-17 04:33:52,885 [INFO] [22/121] 망원한강공원 (primary=KEY_2)
2026-05-17 04:33:54,117 [INFO] [23/121] 반포한강공원 (primary=KEY_3)
2026-05-17 04:33:55,830 [INFO] [24/121] 보라매공원 (primary=KEY_4)
2026-05-17 04:33:57,532 [INFO] [25/121] 북서울꿈의숲 (primary=KEY_1)
2026-05-17 04:33:58,741 [INFO] [26/121] 서대문독립공원 (primary=KEY_2)
2026-05-17 04:34:00,755 [INFO] [27/121] 서리풀공원·몽마르뜨공원 (primary=KEY_3)
2026-05-17 04:34:01,835 [INFO] [28/121] 서울대공원 (primary=KEY_4)
2026-05-17 04:34:03,514 [INFO] [29/121] 서울숲공원 (primary=KEY_1)
2026-05-17 04:34:04,741 [INFO] [30/121] 송현녹지광장 (primary=KEY_2)
2026-05-17 04:34:05,952 [INFO] [31/121] 아차산 (primary=KEY_3)
2026-05-17 04:34:06,999 [INFO] [32/121] 안양천 (primary=KEY_4)
2026-05-17 04:34:08,059 [INFO] [33/121] 양화한강공원 (primary=KEY_1)
2026-05-17 04:34:09,109 [INFO] [34/121] 어린이대공원 (primary=KEY_2)
2026-05-17 04:34:10,998 [INFO] [35/121] 여의도한강공원 (primary=KEY_3)
2026-05-17 04:34:12,216 [INFO] [36/121] 여의서로 (primary=KEY_4)
2026-05-17 04:34:13,436 [INFO] [37/121] 올림픽공원 (primary=KEY_1)
2026-05-17 04:34:14,694 [INFO] [38/121] 월드컵공원 (primary=KEY_2)
2026-05-17 04:34:16,089 [INFO] [39/121] 응봉산 (primary=KEY_3)
2026-05-17 04:34:17,306 [INFO] [40/121] 이촌한강공원 (primary=KEY_4)
2026-05-17 04:34:18,350 [INFO] [41/121] 잠실종합운동장 (primary=KEY_1)
2026-05-17 04:34:19,436 [INFO] [42/121] 잠실한강공원 (primary=KEY_2)
2026-05-17 04:34:20,503 [INFO] [43/121] 잠원한강공원 (primary=KEY_3)
2026-05-17 04:34:21,547 [INFO] [44/121] 청계산 (primary=KEY_4)
2026-05-17 04:34:22,601 [INFO] [45/121] 홍제폭포 (primary=KEY_1)
2026-05-17 04:34:24,963 [INFO] [46/121] 가락시장 (primary=KEY_2)
2026-05-17 04:34:26,215 [INFO] [47/121] 가로수길 (primary=KEY_3)
2026-05-17 04:34:27,475 [INFO] [48/121] 광장(전통)시장 (primary=KEY_4)
2026-05-17 04:34:28,557 [INFO] [49/121] 김포공항 (primary=KEY_1)
2026-05-17 04:34:30,478 [INFO] [50/121] 남대문시장 (primary=KEY_2)
2026-05-17 04:34:31,712 [INFO] [51/121] 노량진 (primary=KEY_3)
2026-05-17 04:34:32,951 [INFO] [52/121] 덕수궁길·정동길 (primary=KEY_4)
2026-05-17 04:34:34,204 [INFO] [53/121] 북창동 먹자골목 (primary=KEY_1)
2026-05-17 04:34:35,407 [INFO] [54/121] 북촌한옥마을 (primary=KEY_2)
2026-05-17 04:34:36,805 [INFO] [55/121] 서촌 (primary=KEY_3)
2026-05-17 04:34:38,037 [INFO] [56/121] 성수카페거리 (primary=KEY_4)
2026-05-17 04:34:39,450 [INFO] [57/121] 송리단길·호수단길 (primary=KEY_1)
2026-05-17 04:34:40,706 [INFO] [58/121] 신촌 스타광장 (primary=KEY_2)
2026-05-17 04:34:41,785 [INFO] [59/121] 압구정로데오거리 (primary=KEY_3)
2026-05-17 04:34:43,018 [INFO] [60/121] 여의도 (primary=KEY_4)
2026-05-17 04:34:45,031 [INFO] [61/121] 연남동 (primary=KEY_1)
2026-05-17 04:34:46,263 [INFO] [62/121] 영등포 타임스퀘어 (primary=KEY_2)
2026-05-17 04:34:47,485 [INFO] [63/121] 용리단길 (primary=KEY_3)
2026-05-17 04:34:48,574 [INFO] [64/121] 이태원 앤틱가구거리 (primary=KEY_4)
2026-05-17 04:34:49,643 [INFO] [65/121] 익선동 (primary=KEY_1)
2026-05-17 04:34:50,891 [INFO] [66/121] 인사동 (primary=KEY_2)
2026-05-17 04:34:52,298 [INFO] [67/121] 잠실롯데타워·석촌호수 (primary=KEY_3)
2026-05-17 04:34:53,891 [INFO] [68/121] 창동 신경제 중심지 (primary=KEY_4)
2026-05-17 04:34:55,477 [INFO] [69/121] 청담동 명품거리 (primary=KEY_1)
2026-05-17 04:34:56,753 [INFO] [70/121] 청량리 제기동 일대 전통시장 (primary=KEY_2)
2026-05-17 04:34:57,976 [INFO] [71/121] 해방촌·경리단길 (primary=KEY_3)
2026-05-17 04:34:59,041 [INFO] [72/121] DDP(동대문디자인플라자) (primary=KEY_4)
2026-05-17 04:35:00,291 [INFO] [73/121] DMC(디지털미디어시티) (primary=KEY_1)
2026-05-17 04:35:01,870 [INFO] [74/121] 가산디지털단지역 (primary=KEY_2)
2026-05-17 04:35:03,598 [INFO] [75/121] 강남역 (primary=KEY_3)
2026-05-17 04:35:05,014 [INFO] [76/121] 건대입구역 (primary=KEY_4)
2026-05-17 04:35:06,235 [INFO] [77/121] 고덕역 (primary=KEY_1)
2026-05-17 04:35:07,447 [INFO] [78/121] 고속터미널역 (primary=KEY_2)
2026-05-17 04:35:08,675 [INFO] [79/121] 교대역 (primary=KEY_3)
2026-05-17 04:35:09,740 [INFO] [80/121] 구로디지털단지역 (primary=KEY_4)
2026-05-17 04:35:11,287 [INFO] [81/121] 구로역 (primary=KEY_1)
2026-05-17 04:35:12,487 [INFO] [82/121] 군자역 (primary=KEY_2)
2026-05-17 04:35:14,204 [INFO] [83/121] 대림역 (primary=KEY_3)
2026-05-17 04:35:15,429 [INFO] [84/121] 동대문역 (primary=KEY_4)
2026-05-17 04:35:16,670 [INFO] [85/121] 뚝섬역 (primary=KEY_1)
2026-05-17 04:35:17,887 [INFO] [86/121] 미아사거리역 (primary=KEY_2)
2026-05-17 04:35:19,118 [INFO] [87/121] 발산역 (primary=KEY_3)
2026-05-17 04:35:20,525 [INFO] [88/121] 사당역 (primary=KEY_4)
2026-05-17 04:35:21,752 [INFO] [89/121] 삼각지역 (primary=KEY_1)
2026-05-17 04:35:22,808 [INFO] [90/121] 서울대입구역 (primary=KEY_2)
2026-05-17 04:35:24,028 [INFO] [91/121] 서울식물원·마곡나루역 (primary=KEY_3)
2026-05-17 04:35:25,426 [INFO] [92/121] 서울역 (primary=KEY_4)
2026-05-17 04:35:26,683 [INFO] [93/121] 선릉역 (primary=KEY_1)
2026-05-17 04:35:28,452 [INFO] [94/121] 성신여대입구역 (primary=KEY_2)
2026-05-17 04:35:29,529 [INFO] [95/121] 수유역 (primary=KEY_3)
2026-05-17 04:35:30,763 [INFO] [96/121] 숭례문 (primary=KEY_4)
2026-05-17 04:35:31,995 [INFO] [97/121] 시의회 앞 (primary=KEY_1)
2026-05-17 04:35:33,214 [INFO] [98/121] 신논현역·논현역 (primary=KEY_2)
2026-05-17 04:35:34,473 [INFO] [99/121] 신도림역 (primary=KEY_3)
2026-05-17 04:35:35,524 [INFO] [100/121] 신림역 (primary=KEY_4)
2026-05-17 04:35:36,596 [INFO] [101/121] 신정네거리역 (primary=KEY_1)
2026-05-17 04:35:37,817 [INFO] [102/121] 신촌·이대역 (primary=KEY_2)
2026-05-17 04:35:39,041 [INFO] [103/121] 쌍문역 (primary=KEY_3)
2026-05-17 04:35:40,275 [INFO] [104/121] 양재역 (primary=KEY_4)
2026-05-17 04:35:41,516 [INFO] [105/121] 역삼역 (primary=KEY_1)
2026-05-17 04:35:42,919 [INFO] [106/121] 연신내역 (primary=KEY_2)
2026-05-17 04:35:44,002 [INFO] [107/121] 오목교역·목동운동장 (primary=KEY_3)
2026-05-17 04:35:45,730 [INFO] [108/121] 왕십리역 (primary=KEY_4)
2026-05-17 04:35:46,982 [INFO] [109/121] 용산역 (primary=KEY_1)
2026-05-17 04:35:48,393 [INFO] [110/121] 이태원역 (primary=KEY_2)
2026-05-17 04:35:49,517 [INFO] [111/121] 잠실새내역 (primary=KEY_3)
2026-05-17 04:35:50,745 [INFO] [112/121] 잠실역 (primary=KEY_4)
2026-05-17 04:35:52,153 [INFO] [113/121] 장지역 (primary=KEY_1)
2026-05-17 04:35:53,543 [INFO] [114/121] 장한평역 (primary=KEY_2)
2026-05-17 04:35:54,788 [INFO] [115/121] 천호역 (primary=KEY_3)
2026-05-17 04:35:56,034 [INFO] [116/121] 총신대입구(이수)역 (primary=KEY_4)
2026-05-17 04:35:57,266 [INFO] [117/121] 충정로역 (primary=KEY_1)
2026-05-17 04:35:58,484 [INFO] [118/121] 합정역 (primary=KEY_2)
2026-05-17 04:35:59,715 [INFO] [119/121] 혜화역 (primary=KEY_3)
2026-05-17 04:36:00,937 [INFO] [120/121] 홍대입구역(2호선) (primary=KEY_4)
2026-05-17 04:36:02,173 [INFO] [121/121] 회기역 (primary=KEY_1)
2026-05-17 04:36:04,463 [INFO] === 수집 완료 | 성공 121, 실패 0 ===
2026-05-17 04:36:04,463 [INFO] 카테고리별 저장 결과:
2026-05-17 04:36:04,463 [INFO]    accident                  | 신규     2행 | 누적     23행 | 16컬럼
2026-05-17 04:36:04,463 [INFO]    area_meta                 | 신규   121행 | 누적    605행 | 5컬럼
2026-05-17 04:36:04,463 [INFO]    bike                      | 신규    10행 | 누적     50행 | 12컬럼
2026-05-17 04:36:04,463 [INFO]    bike_sbike_stts           | 신규   558행 | 누적   2790행 | 12컬럼
2026-05-17 04:36:04,463 [INFO]    bus                       | 신규     3행 | 누적     15행 | 11컬럼
2026-05-17 04:36:04,463 [INFO]    bus_bus_stn_stts          | 신규  1745행 | 누적   8725행 | 11컬럼
2026-05-17 04:36:04,463 [INFO]    charger                   | 신규     4행 | 누적     40행 | 15컬럼
2026-05-17 04:36:04,463 [INFO]    charger_charger_stts      | 신규  1885행 | 누적   7802행 | 15컬럼
2026-05-17 04:36:04,463 [INFO]    cmrcl                     | 신규    82행 | 누적    410행 | 20컬럼
2026-05-17 04:36:04,463 [INFO]    events                    | 신규    10행 | 누적     50행 | 14컬럼
2026-05-17 04:36:04,463 [INFO]    events_event_stts         | 신규   190행 | 누적    950행 | 14컬럼
2026-05-17 04:36:04,463 [INFO]    parking                   | 신규     6행 | 누적     30행 | 21컬럼
2026-05-17 04:36:04,463 [INFO]    parking_prk_stts          | 신규  1835행 | 누적   9175행 | 21컬럼
2026-05-17 04:36:04,463 [INFO]    ppltn                     | 신규   121행 | 누적    605행 | 26컬럼
2026-05-17 04:36:04,463 [INFO]    road                      | 신규   121행 | 누적    605행 | 21컬럼
2026-05-17 04:36:04,463 [INFO]    road_road_traffic_stts    | 신규  5244행 | 누적  26220행 | 17컬럼
2026-05-17 04:36:04,463 [INFO]    subway                    | 신규    38행 | 누적    190행 | 13컬럼
2026-05-17 04:36:04,463 [INFO]    subway_sub_stts           | 신규   183행 | 누적    915행 | 13컬럼
2026-05-17 04:36:04,463 [INFO]    weather                   | 신규   119행 | 누적    595행 | 30컬럼
2026-05-17 04:36:04,463 [INFO] 키별 사용량:
2026-05-17 04:36:04,463 [INFO]    🟢 KEY_1 (31/1000) 
2026-05-17 04:36:04,464 [INFO]    🟢 KEY_2 (30/1000) 
2026-05-17 04:36:04,464 [INFO]    🟢 KEY_3 (30/1000) 
2026-05-17 04:36:04,464 [INFO]    🟢 KEY_4 (30/1000) 
2026-05-17 05:23:45,764 [INFO] 등록된 키: 4개, 합산 한도 4,000건/일
2026-05-17 05:23:45,765 [INFO] POI 로드: 매뉴얼 v8.5 기준 fallback 121개 (121개 전체)
2026-05-17 05:23:45,765 [INFO] === 수집 시작 2026-05-17T05:23:45.765115+09:00 ===
2026-05-17 05:23:45,765 [INFO] 대상 장소: 121개 | API: citydata (통합)
2026-05-17 05:23:45,765 [INFO] 키 풀: 4/4 활성 | 오늘 사용 0/4000건
2026-05-17 05:23:45,765 [INFO]   [KEY_1] 담당 31장소
2026-05-17 05:23:45,765 [INFO]   [KEY_2] 담당 30장소
2026-05-17 05:23:45,765 [INFO]   [KEY_3] 담당 30장소
2026-05-17 05:23:45,765 [INFO]   [KEY_4] 담당 30장소
2026-05-17 05:23:45,765 [INFO] [1/121] 경복궁 (primary=KEY_1)
2026-05-17 05:23:47,977 [INFO] [2/121] 광화문·덕수궁 (primary=KEY_2)
2026-05-17 05:23:50,572 [INFO] [3/121] 보신각 (primary=KEY_3)
2026-05-17 05:23:52,555 [INFO] [4/121] 서울 암사동 유적 (primary=KEY_4)
2026-05-17 05:23:54,508 [INFO] [5/121] 창덕궁·종묘 (primary=KEY_1)
2026-05-17 05:23:56,438 [INFO] [6/121] 강남 MICE 관광특구 (primary=KEY_2)
2026-05-17 05:23:58,442 [INFO] [7/121] 동대문 관광특구 (primary=KEY_3)
2026-05-17 05:24:00,657 [INFO] [8/121] 명동 관광특구 (primary=KEY_4)
2026-05-17 05:24:03,500 [INFO] [9/121] 이태원 관광특구 (primary=KEY_1)
2026-05-17 05:24:05,467 [INFO] [10/121] 잠실 관광특구 (primary=KEY_2)
2026-05-17 05:24:08,463 [INFO] [11/121] 종로·청계 관광특구 (primary=KEY_3)
2026-05-17 05:24:10,083 [INFO] [12/121] 홍대 관광특구 (primary=KEY_4)
2026-05-17 05:24:12,290 [INFO] [13/121] 강서한강공원 (primary=KEY_1)
2026-05-17 05:24:13,640 [INFO] [14/121] 고척돔 (primary=KEY_2)
2026-05-17 05:24:15,569 [INFO] [15/121] 광나루한강공원 (primary=KEY_3)
2026-05-17 05:24:16,936 [INFO] [16/121] 광화문광장 (primary=KEY_4)
2026-05-17 05:24:19,151 [INFO] [17/121] 국립중앙박물관·용산가족공원 (primary=KEY_1)
2026-05-17 05:24:20,334 [INFO] [18/121] 난지한강공원 (primary=KEY_2)
2026-05-17 05:24:21,479 [INFO] [19/121] 남산공원 (primary=KEY_3)
2026-05-17 05:24:23,063 [INFO] [20/121] 노들섬 (primary=KEY_4)
2026-05-17 05:24:24,994 [INFO] [21/121] 뚝섬한강공원 (primary=KEY_1)
2026-05-17 05:24:26,974 [INFO] [22/121] 망원한강공원 (primary=KEY_2)
2026-05-17 05:24:28,338 [INFO] [23/121] 반포한강공원 (primary=KEY_3)
2026-05-17 05:24:29,518 [INFO] [24/121] 보라매공원 (primary=KEY_4)
2026-05-17 05:24:30,683 [INFO] [25/121] 북서울꿈의숲 (primary=KEY_1)
2026-05-17 05:24:32,842 [INFO] [26/121] 서대문독립공원 (primary=KEY_2)
2026-05-17 05:24:34,011 [INFO] [27/121] 서리풀공원·몽마르뜨공원 (primary=KEY_3)
2026-05-17 05:24:35,802 [INFO] [28/121] 서울대공원 (primary=KEY_4)
2026-05-17 05:24:37,760 [INFO] [29/121] 서울숲공원 (primary=KEY_1)
2026-05-17 05:24:39,145 [INFO] [30/121] 송현녹지광장 (primary=KEY_2)
2026-05-17 05:24:40,539 [INFO] [31/121] 아차산 (primary=KEY_3)
2026-05-17 05:24:42,896 [INFO] [32/121] 안양천 (primary=KEY_4)
2026-05-17 05:24:44,856 [INFO] [33/121] 양화한강공원 (primary=KEY_1)
2026-05-17 05:24:46,014 [INFO] [34/121] 어린이대공원 (primary=KEY_2)
2026-05-17 05:24:47,418 [INFO] [35/121] 여의도한강공원 (primary=KEY_3)
2026-05-17 05:24:48,798 [INFO] [36/121] 여의서로 (primary=KEY_4)
2026-05-17 05:24:50,137 [INFO] [37/121] 올림픽공원 (primary=KEY_1)
2026-05-17 05:24:52,375 [INFO] [38/121] 월드컵공원 (primary=KEY_2)
2026-05-17 05:24:54,592 [INFO] [39/121] 응봉산 (primary=KEY_3)
2026-05-17 05:24:55,943 [INFO] [40/121] 이촌한강공원 (primary=KEY_4)
2026-05-17 05:24:57,120 [INFO] [41/121] 잠실종합운동장 (primary=KEY_1)
2026-05-17 05:24:58,292 [INFO] [42/121] 잠실한강공원 (primary=KEY_2)
2026-05-17 05:24:59,471 [INFO] [43/121] 잠원한강공원 (primary=KEY_3)
2026-05-17 05:25:01,405 [INFO] [44/121] 청계산 (primary=KEY_4)
2026-05-17 05:25:02,552 [INFO] [45/121] 홍제폭포 (primary=KEY_1)
2026-05-17 05:25:03,705 [INFO] [46/121] 가락시장 (primary=KEY_2)
2026-05-17 05:25:05,090 [INFO] [47/121] 가로수길 (primary=KEY_3)
2026-05-17 05:25:06,484 [INFO] [48/121] 광장(전통)시장 (primary=KEY_4)
2026-05-17 05:25:08,320 [INFO] [49/121] 김포공항 (primary=KEY_1)
2026-05-17 05:25:09,898 [INFO] [50/121] 남대문시장 (primary=KEY_2)
2026-05-17 05:25:11,275 [INFO] [51/121] 노량진 (primary=KEY_3)
2026-05-17 05:25:12,648 [INFO] [52/121] 덕수궁길·정동길 (primary=KEY_4)
2026-05-17 05:25:14,034 [INFO] [53/121] 북창동 먹자골목 (primary=KEY_1)
2026-05-17 05:25:15,376 [INFO] [54/121] 북촌한옥마을 (primary=KEY_2)
2026-05-17 05:25:16,918 [INFO] [55/121] 서촌 (primary=KEY_3)
2026-05-17 05:25:19,045 [INFO] [56/121] 성수카페거리 (primary=KEY_4)
2026-05-17 05:25:20,595 [INFO] [57/121] 송리단길·호수단길 (primary=KEY_1)
2026-05-17 05:25:21,979 [INFO] [58/121] 신촌 스타광장 (primary=KEY_2)
2026-05-17 05:25:23,138 [INFO] [59/121] 압구정로데오거리 (primary=KEY_3)
2026-05-17 05:25:24,506 [INFO] [60/121] 여의도 (primary=KEY_4)
2026-05-17 05:25:26,777 [INFO] [61/121] 연남동 (primary=KEY_1)
2026-05-17 05:25:28,137 [INFO] [62/121] 영등포 타임스퀘어 (primary=KEY_2)
2026-05-17 05:25:29,494 [INFO] [63/121] 용리단길 (primary=KEY_3)
2026-05-17 05:25:30,700 [INFO] [64/121] 이태원 앤틱가구거리 (primary=KEY_4)
2026-05-17 05:25:32,065 [INFO] [65/121] 익선동 (primary=KEY_1)
2026-05-17 05:25:33,453 [INFO] [66/121] 인사동 (primary=KEY_2)
2026-05-17 05:25:35,042 [INFO] [67/121] 잠실롯데타워·석촌호수 (primary=KEY_3)
2026-05-17 05:25:36,859 [INFO] [68/121] 창동 신경제 중심지 (primary=KEY_4)
2026-05-17 05:25:38,636 [INFO] [69/121] 청담동 명품거리 (primary=KEY_1)
2026-05-17 05:25:40,064 [INFO] [70/121] 청량리 제기동 일대 전통시장 (primary=KEY_2)
2026-05-17 05:25:41,430 [INFO] [71/121] 해방촌·경리단길 (primary=KEY_3)
2026-05-17 05:25:42,595 [INFO] [72/121] DDP(동대문디자인플라자) (primary=KEY_4)
2026-05-17 05:25:44,000 [INFO] [73/121] DMC(디지털미디어시티) (primary=KEY_1)
2026-05-17 05:25:45,814 [INFO] [74/121] 가산디지털단지역 (primary=KEY_2)
2026-05-17 05:25:47,784 [INFO] [75/121] 강남역 (primary=KEY_3)
2026-05-17 05:25:49,408 [INFO] [76/121] 건대입구역 (primary=KEY_4)
2026-05-17 05:25:50,811 [INFO] [77/121] 고덕역 (primary=KEY_1)
2026-05-17 05:25:52,174 [INFO] [78/121] 고속터미널역 (primary=KEY_2)
2026-05-17 05:25:53,554 [INFO] [79/121] 교대역 (primary=KEY_3)
2026-05-17 05:25:54,922 [INFO] [80/121] 구로디지털단지역 (primary=KEY_4)
2026-05-17 05:25:56,687 [INFO] [81/121] 구로역 (primary=KEY_1)
2026-05-17 05:25:58,052 [INFO] [82/121] 군자역 (primary=KEY_2)
2026-05-17 05:25:59,426 [INFO] [83/121] 대림역 (primary=KEY_3)
2026-05-17 05:26:00,795 [INFO] [84/121] 동대문역 (primary=KEY_4)
2026-05-17 05:26:02,165 [INFO] [85/121] 뚝섬역 (primary=KEY_1)
2026-05-17 05:26:03,519 [INFO] [86/121] 미아사거리역 (primary=KEY_2)
2026-05-17 05:26:04,879 [INFO] [87/121] 발산역 (primary=KEY_3)
2026-05-17 05:26:06,643 [INFO] [88/121] 사당역 (primary=KEY_4)
2026-05-17 05:26:08,011 [INFO] [89/121] 삼각지역 (primary=KEY_1)
2026-05-17 05:26:09,173 [INFO] [90/121] 서울대입구역 (primary=KEY_2)
2026-05-17 05:26:10,529 [INFO] [91/121] 서울식물원·마곡나루역 (primary=KEY_3)
2026-05-17 05:26:12,089 [INFO] [92/121] 서울역 (primary=KEY_4)
2026-05-17 05:26:13,691 [INFO] [93/121] 선릉역 (primary=KEY_1)
2026-05-17 05:26:16,089 [INFO] [94/121] 성신여대입구역 (primary=KEY_2)
2026-05-17 05:26:17,276 [INFO] [95/121] 수유역 (primary=KEY_3)
2026-05-17 05:26:18,645 [INFO] [96/121] 숭례문 (primary=KEY_4)
2026-05-17 05:26:20,028 [INFO] [97/121] 시의회 앞 (primary=KEY_1)
2026-05-17 05:26:21,413 [INFO] [98/121] 신논현역·논현역 (primary=KEY_2)
2026-05-17 05:26:22,794 [INFO] [99/121] 신도림역 (primary=KEY_3)
2026-05-17 05:26:23,959 [INFO] [100/121] 신림역 (primary=KEY_4)
2026-05-17 05:26:25,142 [INFO] [101/121] 신정네거리역 (primary=KEY_1)
2026-05-17 05:26:26,506 [INFO] [102/121] 신촌·이대역 (primary=KEY_2)
2026-05-17 05:26:27,870 [INFO] [103/121] 쌍문역 (primary=KEY_3)
2026-05-17 05:26:29,253 [INFO] [104/121] 양재역 (primary=KEY_4)
2026-05-17 05:26:30,663 [INFO] [105/121] 역삼역 (primary=KEY_1)
2026-05-17 05:26:32,242 [INFO] [106/121] 연신내역 (primary=KEY_2)
2026-05-17 05:26:33,442 [INFO] [107/121] 오목교역·목동운동장 (primary=KEY_3)
2026-05-17 05:26:35,430 [INFO] [108/121] 왕십리역 (primary=KEY_4)
2026-05-17 05:26:37,033 [INFO] [109/121] 용산역 (primary=KEY_1)
2026-05-17 05:26:38,602 [INFO] [110/121] 이태원역 (primary=KEY_2)
2026-05-17 05:26:39,881 [INFO] [111/121] 잠실새내역 (primary=KEY_3)
2026-05-17 05:26:41,255 [INFO] [112/121] 잠실역 (primary=KEY_4)
2026-05-17 05:26:42,848 [INFO] [113/121] 장지역 (primary=KEY_1)
2026-05-17 05:26:44,413 [INFO] [114/121] 장한평역 (primary=KEY_2)
2026-05-17 05:26:45,799 [INFO] [115/121] 천호역 (primary=KEY_3)
2026-05-17 05:26:47,188 [INFO] [116/121] 총신대입구(이수)역 (primary=KEY_4)
2026-05-17 05:26:48,570 [INFO] [117/121] 충정로역 (primary=KEY_1)
2026-05-17 05:26:50,764 [INFO] [118/121] 합정역 (primary=KEY_2)
2026-05-17 05:26:52,178 [INFO] [119/121] 혜화역 (primary=KEY_3)
2026-05-17 05:26:53,556 [INFO] [120/121] 홍대입구역(2호선) (primary=KEY_4)
2026-05-17 05:26:54,949 [INFO] [121/121] 회기역 (primary=KEY_1)
2026-05-17 05:26:57,540 [INFO] === 수집 완료 | 성공 121, 실패 0 ===
2026-05-17 05:26:57,540 [INFO] 카테고리별 저장 결과:
2026-05-17 05:26:57,540 [INFO]    accident                  | 신규     2행 | 누적     25행 | 16컬럼
2026-05-17 05:26:57,540 [INFO]    area_meta                 | 신규   121행 | 누적    726행 | 5컬럼
2026-05-17 05:26:57,540 [INFO]    bike                      | 신규    10행 | 누적     60행 | 12컬럼
2026-05-17 05:26:57,540 [INFO]    bike_sbike_stts           | 신규   558행 | 누적   3348행 | 12컬럼
2026-05-17 05:26:57,540 [INFO]    bus                       | 신규     3행 | 누적     18행 | 11컬럼
2026-05-17 05:26:57,540 [INFO]    bus_bus_stn_stts          | 신규  1745행 | 누적  10470행 | 11컬럼
2026-05-17 05:26:57,540 [INFO]    charger                   | 신규     4행 | 누적     44행 | 15컬럼
2026-05-17 05:26:57,540 [INFO]    charger_charger_stts      | 신규  1885행 | 누적   9672행 | 15컬럼
2026-05-17 05:26:57,540 [INFO]    cmrcl                     | 신규    82행 | 누적    492행 | 20컬럼
2026-05-17 05:26:57,540 [INFO]    events                    | 신규    12행 | 누적     62행 | 14컬럼
2026-05-17 05:26:57,540 [INFO]    events_event_stts         | 신규   174행 | 누적   1124행 | 14컬럼
2026-05-17 05:26:57,541 [INFO]    parking                   | 신규     6행 | 누적     36행 | 21컬럼
2026-05-17 05:26:57,541 [INFO]    parking_prk_stts          | 신규  1835행 | 누적  11010행 | 21컬럼
2026-05-17 05:26:57,541 [INFO]    ppltn                     | 신규   121행 | 누적    726행 | 26컬럼
2026-05-17 05:26:57,541 [INFO]    road                      | 신규   121행 | 누적    726행 | 21컬럼
2026-05-17 05:26:57,541 [INFO]    road_road_traffic_stts    | 신규  5244행 | 누적  31464행 | 17컬럼
2026-05-17 05:26:57,541 [INFO]    subway                    | 신규    38행 | 누적    228행 | 13컬럼
2026-05-17 05:26:57,541 [INFO]    subway_sub_stts           | 신규   183행 | 누적   1098행 | 13컬럼
2026-05-17 05:26:57,541 [INFO]    weather                   | 신규   119행 | 누적    714행 | 30컬럼
2026-05-17 05:26:57,541 [INFO] 키별 사용량:
2026-05-17 05:26:57,541 [INFO]    🟢 KEY_1 (31/1000) 
2026-05-17 05:26:57,541 [INFO]    🟢 KEY_2 (30/1000) 
2026-05-17 05:26:57,541 [INFO]    🟢 KEY_3 (30/1000) 
2026-05-17 05:26:57,541 [INFO]    🟢 KEY_4 (30/1000) 
2026-05-17 06:24:43,556 [INFO] 등록된 키: 4개, 합산 한도 4,000건/일
2026-05-17 06:24:43,557 [INFO] POI 로드: 매뉴얼 v8.5 기준 fallback 121개 (121개 전체)
2026-05-17 06:24:43,557 [INFO] === 수집 시작 2026-05-17T06:24:43.557197+09:00 ===
2026-05-17 06:24:43,557 [INFO] 대상 장소: 121개 | API: citydata (통합)
2026-05-17 06:24:43,557 [INFO] 키 풀: 4/4 활성 | 오늘 사용 0/4000건
2026-05-17 06:24:43,557 [INFO]   [KEY_1] 담당 31장소
2026-05-17 06:24:43,557 [INFO]   [KEY_2] 담당 30장소
2026-05-17 06:24:43,557 [INFO]   [KEY_3] 담당 30장소
2026-05-17 06:24:43,557 [INFO]   [KEY_4] 담당 30장소
2026-05-17 06:24:43,557 [INFO] [1/121] 경복궁 (primary=KEY_1)
2026-05-17 06:24:45,723 [INFO] [2/121] 광화문·덕수궁 (primary=KEY_2)
2026-05-17 06:24:48,286 [INFO] [3/121] 보신각 (primary=KEY_3)
2026-05-17 06:24:50,233 [INFO] [4/121] 서울 암사동 유적 (primary=KEY_4)
2026-05-17 06:24:51,570 [INFO] [5/121] 창덕궁·종묘 (primary=KEY_1)
2026-05-17 06:24:53,698 [INFO] [6/121] 강남 MICE 관광특구 (primary=KEY_2)
2026-05-17 06:24:55,860 [INFO] [7/121] 동대문 관광특구 (primary=KEY_3)
2026-05-17 06:24:58,142 [INFO] [8/121] 명동 관광특구 (primary=KEY_4)
2026-05-17 06:25:00,802 [INFO] [9/121] 이태원 관광특구 (primary=KEY_1)
2026-05-17 06:25:02,937 [INFO] [10/121] 잠실 관광특구 (primary=KEY_2)
2026-05-17 06:25:04,787 [INFO] [11/121] 종로·청계 관광특구 (primary=KEY_3)
2026-05-17 06:25:07,177 [INFO] [12/121] 홍대 관광특구 (primary=KEY_4)
2026-05-17 06:25:09,578 [INFO] [13/121] 강서한강공원 (primary=KEY_1)
2026-05-17 06:25:10,722 [INFO] [14/121] 고척돔 (primary=KEY_2)
2026-05-17 06:25:12,620 [INFO] [15/121] 광나루한강공원 (primary=KEY_3)
2026-05-17 06:25:13,990 [INFO] [16/121] 광화문광장 (primary=KEY_4)
2026-05-17 06:25:15,921 [INFO] [17/121] 국립중앙박물관·용산가족공원 (primary=KEY_1)
2026-05-17 06:25:17,666 [INFO] [18/121] 난지한강공원 (primary=KEY_2)
2026-05-17 06:25:18,816 [INFO] [19/121] 남산공원 (primary=KEY_3)
2026-05-17 06:25:21,183 [INFO] [20/121] 노들섬 (primary=KEY_4)
2026-05-17 06:25:22,900 [INFO] [21/121] 뚝섬한강공원 (primary=KEY_1)
2026-05-17 06:25:24,252 [INFO] [22/121] 망원한강공원 (primary=KEY_2)
2026-05-17 06:25:25,620 [INFO] [23/121] 반포한강공원 (primary=KEY_3)
2026-05-17 06:25:26,790 [INFO] [24/121] 보라매공원 (primary=KEY_4)
2026-05-17 06:25:28,735 [INFO] [25/121] 북서울꿈의숲 (primary=KEY_1)
2026-05-17 06:25:30,073 [INFO] [26/121] 서대문독립공원 (primary=KEY_2)
2026-05-17 06:25:31,863 [INFO] [27/121] 서리풀공원·몽마르뜨공원 (primary=KEY_3)
2026-05-17 06:25:34,028 [INFO] [28/121] 서울대공원 (primary=KEY_4)
2026-05-17 06:25:35,341 [INFO] [29/121] 서울숲공원 (primary=KEY_1)
2026-05-17 06:25:36,711 [INFO] [30/121] 송현녹지광장 (primary=KEY_2)
2026-05-17 06:25:38,844 [INFO] [31/121] 아차산 (primary=KEY_3)
2026-05-17 06:25:40,935 [INFO] [32/121] 안양천 (primary=KEY_4)
2026-05-17 06:25:42,655 [INFO] [33/121] 양화한강공원 (primary=KEY_1)
2026-05-17 06:25:44,570 [INFO] [34/121] 어린이대공원 (primary=KEY_2)
2026-05-17 06:25:46,705 [INFO] [35/121] 여의도한강공원 (primary=KEY_3)
2026-05-17 06:25:48,830 [INFO] [36/121] 여의서로 (primary=KEY_4)
2026-05-17 06:25:50,935 [INFO] [37/121] 올림픽공원 (primary=KEY_1)
2026-05-17 06:25:52,546 [INFO] [38/121] 월드컵공원 (primary=KEY_2)
2026-05-17 06:25:54,929 [INFO] [39/121] 응봉산 (primary=KEY_3)
2026-05-17 06:25:57,050 [INFO] [40/121] 이촌한강공원 (primary=KEY_4)
2026-05-17 06:25:58,191 [INFO] [41/121] 잠실종합운동장 (primary=KEY_1)
2026-05-17 06:25:59,362 [INFO] [42/121] 잠실한강공원 (primary=KEY_2)
2026-05-17 06:26:00,527 [INFO] [43/121] 잠원한강공원 (primary=KEY_3)
2026-05-17 06:26:02,045 [INFO] [44/121] 청계산 (primary=KEY_4)
2026-05-17 06:26:03,782 [INFO] [45/121] 홍제폭포 (primary=KEY_1)
2026-05-17 06:26:05,685 [INFO] [46/121] 가락시장 (primary=KEY_2)
2026-05-17 06:26:07,739 [INFO] [47/121] 가로수길 (primary=KEY_3)
2026-05-17 06:26:09,710 [INFO] [48/121] 광장(전통)시장 (primary=KEY_4)
2026-05-17 06:26:10,888 [INFO] [49/121] 김포공항 (primary=KEY_1)
2026-05-17 06:26:13,110 [INFO] [50/121] 남대문시장 (primary=KEY_2)
2026-05-17 06:26:15,235 [INFO] [51/121] 노량진 (primary=KEY_3)
2026-05-17 06:26:16,607 [INFO] [52/121] 덕수궁길·정동길 (primary=KEY_4)
2026-05-17 06:26:18,591 [INFO] [53/121] 북창동 먹자골목 (primary=KEY_1)
2026-05-17 06:26:19,929 [INFO] [54/121] 북촌한옥마을 (primary=KEY_2)
2026-05-17 06:26:22,280 [INFO] [55/121] 서촌 (primary=KEY_3)
2026-05-17 06:26:23,638 [INFO] [56/121] 성수카페거리 (primary=KEY_4)
2026-05-17 06:26:25,252 [INFO] [57/121] 송리단길·호수단길 (primary=KEY_1)
2026-05-17 06:26:26,628 [INFO] [58/121] 신촌 스타광장 (primary=KEY_2)
2026-05-17 06:26:27,795 [INFO] [59/121] 압구정로데오거리 (primary=KEY_3)
2026-05-17 06:26:29,167 [INFO] [60/121] 여의도 (primary=KEY_4)
2026-05-17 06:26:32,291 [INFO] [61/121] 연남동 (primary=KEY_1)
2026-05-17 06:26:34,191 [INFO] [62/121] 영등포 타임스퀘어 (primary=KEY_2)
2026-05-17 06:26:35,547 [INFO] [63/121] 용리단길 (primary=KEY_3)
2026-05-17 06:26:36,735 [INFO] [64/121] 이태원 앤틱가구거리 (primary=KEY_4)
2026-05-17 06:26:38,701 [INFO] [65/121] 익선동 (primary=KEY_1)
2026-05-17 06:26:40,104 [INFO] [66/121] 인사동 (primary=KEY_2)
2026-05-17 06:26:41,676 [INFO] [67/121] 잠실롯데타워·석촌호수 (primary=KEY_3)
2026-05-17 06:26:43,474 [INFO] [68/121] 창동 신경제 중심지 (primary=KEY_4)
2026-05-17 06:26:45,266 [INFO] [69/121] 청담동 명품거리 (primary=KEY_1)
2026-05-17 06:26:46,674 [INFO] [70/121] 청량리 제기동 일대 전통시장 (primary=KEY_2)
2026-05-17 06:26:48,074 [INFO] [71/121] 해방촌·경리단길 (primary=KEY_3)
2026-05-17 06:26:49,214 [INFO] [72/121] DDP(동대문디자인플라자) (primary=KEY_4)
2026-05-17 06:26:50,595 [INFO] [73/121] DMC(디지털미디어시티) (primary=KEY_1)
2026-05-17 06:26:52,617 [INFO] [74/121] 가산디지털단지역 (primary=KEY_2)
2026-05-17 06:26:55,376 [INFO] [75/121] 강남역 (primary=KEY_3)
2026-05-17 06:26:56,964 [INFO] [76/121] 건대입구역 (primary=KEY_4)
2026-05-17 06:26:58,358 [INFO] [77/121] 고덕역 (primary=KEY_1)
2026-05-17 06:26:59,730 [INFO] [78/121] 고속터미널역 (primary=KEY_2)
2026-05-17 06:27:01,134 [INFO] [79/121] 교대역 (primary=KEY_3)
2026-05-17 06:27:02,501 [INFO] [80/121] 구로디지털단지역 (primary=KEY_4)
2026-05-17 06:27:04,229 [INFO] [81/121] 구로역 (primary=KEY_1)
2026-05-17 06:27:05,590 [INFO] [82/121] 군자역 (primary=KEY_2)
2026-05-17 06:27:07,913 [INFO] [83/121] 대림역 (primary=KEY_3)
2026-05-17 06:27:09,290 [INFO] [84/121] 동대문역 (primary=KEY_4)
2026-05-17 06:27:10,679 [INFO] [85/121] 뚝섬역 (primary=KEY_1)
2026-05-17 06:27:12,054 [INFO] [86/121] 미아사거리역 (primary=KEY_2)
2026-05-17 06:27:14,210 [INFO] [87/121] 발산역 (primary=KEY_3)
2026-05-17 06:27:16,019 [INFO] [88/121] 사당역 (primary=KEY_4)
2026-05-17 06:27:17,405 [INFO] [89/121] 삼각지역 (primary=KEY_1)
2026-05-17 06:27:18,564 [INFO] [90/121] 서울대입구역 (primary=KEY_2)
2026-05-17 06:27:19,940 [INFO] [91/121] 서울식물원·마곡나루역 (primary=KEY_3)
2026-05-17 06:27:21,559 [INFO] [92/121] 서울역 (primary=KEY_4)
2026-05-17 06:27:23,171 [INFO] [93/121] 선릉역 (primary=KEY_1)
2026-05-17 06:27:25,015 [INFO] [94/121] 성신여대입구역 (primary=KEY_2)
2026-05-17 06:27:26,188 [INFO] [95/121] 수유역 (primary=KEY_3)
2026-05-17 06:27:27,569 [INFO] [96/121] 숭례문 (primary=KEY_4)
2026-05-17 06:27:29,575 [INFO] [97/121] 시의회 앞 (primary=KEY_1)
2026-05-17 06:27:30,954 [INFO] [98/121] 신논현역·논현역 (primary=KEY_2)
2026-05-17 06:27:32,386 [INFO] [99/121] 신도림역 (primary=KEY_3)
2026-05-17 06:27:33,577 [INFO] [100/121] 신림역 (primary=KEY_4)
2026-05-17 06:27:34,954 [INFO] [101/121] 신정네거리역 (primary=KEY_1)
2026-05-17 06:27:36,337 [INFO] [102/121] 신촌·이대역 (primary=KEY_2)
2026-05-17 06:27:37,709 [INFO] [103/121] 쌍문역 (primary=KEY_3)
2026-05-17 06:27:39,094 [INFO] [104/121] 양재역 (primary=KEY_4)
2026-05-17 06:27:40,467 [INFO] [105/121] 역삼역 (primary=KEY_1)
2026-05-17 06:27:42,052 [INFO] [106/121] 연신내역 (primary=KEY_2)
2026-05-17 06:27:43,244 [INFO] [107/121] 오목교역·목동운동장 (primary=KEY_3)
2026-05-17 06:27:45,227 [INFO] [108/121] 왕십리역 (primary=KEY_4)
2026-05-17 06:27:46,830 [INFO] [109/121] 용산역 (primary=KEY_1)
2026-05-17 06:27:48,383 [INFO] [110/121] 이태원역 (primary=KEY_2)
2026-05-17 06:27:49,601 [INFO] [111/121] 잠실새내역 (primary=KEY_3)
2026-05-17 06:27:50,956 [INFO] [112/121] 잠실역 (primary=KEY_4)
2026-05-17 06:27:52,531 [INFO] [113/121] 장지역 (primary=KEY_1)
2026-05-17 06:27:54,101 [INFO] [114/121] 장한평역 (primary=KEY_2)
2026-05-17 06:27:55,456 [INFO] [115/121] 천호역 (primary=KEY_3)
2026-05-17 06:27:56,857 [INFO] [116/121] 총신대입구(이수)역 (primary=KEY_4)
2026-05-17 06:27:58,232 [INFO] [117/121] 충정로역 (primary=KEY_1)
2026-05-17 06:27:59,618 [INFO] [118/121] 합정역 (primary=KEY_2)
2026-05-17 06:28:01,000 [INFO] [119/121] 혜화역 (primary=KEY_3)
2026-05-17 06:28:02,346 [INFO] [120/121] 홍대입구역(2호선) (primary=KEY_4)
2026-05-17 06:28:03,727 [INFO] [121/121] 회기역 (primary=KEY_1)
2026-05-17 06:28:06,512 [INFO] === 수집 완료 | 성공 121, 실패 0 ===
2026-05-17 06:28:06,512 [INFO] 카테고리별 저장 결과:
2026-05-17 06:28:06,512 [INFO]    accident                  | 신규     2행 | 누적     27행 | 16컬럼
2026-05-17 06:28:06,512 [INFO]    area_meta                 | 신규   121행 | 누적    847행 | 5컬럼
2026-05-17 06:28:06,512 [INFO]    bike                      | 신규    10행 | 누적     70행 | 12컬럼
2026-05-17 06:28:06,512 [INFO]    bike_sbike_stts           | 신규   558행 | 누적   3906행 | 12컬럼
2026-05-17 06:28:06,512 [INFO]    bus                       | 신규     3행 | 누적     21행 | 11컬럼
2026-05-17 06:28:06,512 [INFO]    bus_bus_stn_stts          | 신규  1745행 | 누적  12215행 | 11컬럼
2026-05-17 06:28:06,512 [INFO]    charger                   | 신규     4행 | 누적     48행 | 15컬럼
2026-05-17 06:28:06,512 [INFO]    charger_charger_stts      | 신규  1885행 | 누적  11542행 | 15컬럼
2026-05-17 06:28:06,513 [INFO]    cmrcl                     | 신규    82행 | 누적    574행 | 20컬럼
2026-05-17 06:28:06,513 [INFO]    events                    | 신규    12행 | 누적     74행 | 14컬럼
2026-05-17 06:28:06,513 [INFO]    events_event_stts         | 신규   174행 | 누적   1298행 | 14컬럼
2026-05-17 06:28:06,513 [INFO]    parking                   | 신규     6행 | 누적     42행 | 21컬럼
2026-05-17 06:28:06,513 [INFO]    parking_prk_stts          | 신규  1835행 | 누적  12845행 | 21컬럼
2026-05-17 06:28:06,513 [INFO]    ppltn                     | 신규   121행 | 누적    847행 | 26컬럼
2026-05-17 06:28:06,513 [INFO]    road                      | 신규   121행 | 누적    847행 | 21컬럼
2026-05-17 06:28:06,513 [INFO]    road_road_traffic_stts    | 신규  5244행 | 누적  36708행 | 17컬럼
2026-05-17 06:28:06,513 [INFO]    subway                    | 신규    38행 | 누적    266행 | 13컬럼
2026-05-17 06:28:06,513 [INFO]    subway_sub_stts           | 신규   183행 | 누적   1281행 | 13컬럼
2026-05-17 06:28:06,513 [INFO]    weather                   | 신규   119행 | 누적    833행 | 30컬럼
2026-05-17 06:28:06,513 [INFO] 키별 사용량:
2026-05-17 06:28:06,513 [INFO]    🟢 KEY_1 (31/1000) 
2026-05-17 06:28:06,513 [INFO]    🟢 KEY_2 (30/1000) 
2026-05-17 06:28:06,513 [INFO]    🟢 KEY_3 (30/1000) 
2026-05-17 06:28:06,513 [INFO]    🟢 KEY_4 (30/1000) 
2026-05-17 07:24:04,553 [INFO] 등록된 키: 4개, 합산 한도 4,000건/일
2026-05-17 07:24:04,554 [INFO] POI 로드: 매뉴얼 v8.5 기준 fallback 121개 (121개 전체)
2026-05-17 07:24:04,554 [INFO] === 수집 시작 2026-05-17T07:24:04.554497+09:00 ===
2026-05-17 07:24:04,554 [INFO] 대상 장소: 121개 | API: citydata (통합)
2026-05-17 07:24:04,554 [INFO] 키 풀: 4/4 활성 | 오늘 사용 0/4000건
2026-05-17 07:24:04,554 [INFO]   [KEY_1] 담당 31장소
2026-05-17 07:24:04,554 [INFO]   [KEY_2] 담당 30장소
2026-05-17 07:24:04,554 [INFO]   [KEY_3] 담당 30장소
2026-05-17 07:24:04,554 [INFO]   [KEY_4] 담당 30장소
2026-05-17 07:24:04,554 [INFO] [1/121] 경복궁 (primary=KEY_1)
2026-05-17 07:24:06,490 [INFO] [2/121] 광화문·덕수궁 (primary=KEY_2)
2026-05-17 07:24:08,665 [INFO] [3/121] 보신각 (primary=KEY_3)
2026-05-17 07:24:10,486 [INFO] [4/121] 서울 암사동 유적 (primary=KEY_4)
2026-05-17 07:24:12,175 [INFO] [5/121] 창덕궁·종묘 (primary=KEY_1)
2026-05-17 07:24:13,990 [INFO] [6/121] 강남 MICE 관광특구 (primary=KEY_2)
2026-05-17 07:24:15,922 [INFO] [7/121] 동대문 관광특구 (primary=KEY_3)
2026-05-17 07:24:17,373 [INFO] [8/121] 명동 관광특구 (primary=KEY_4)
2026-05-17 07:24:19,606 [INFO] [9/121] 이태원 관광특구 (primary=KEY_1)
2026-05-17 07:24:21,499 [INFO] [10/121] 잠실 관광특구 (primary=KEY_2)
2026-05-17 07:24:23,935 [INFO] [11/121] 종로·청계 관광특구 (primary=KEY_3)
2026-05-17 07:24:26,050 [INFO] [12/121] 홍대 관광특구 (primary=KEY_4)
2026-05-17 07:24:27,510 [INFO] [13/121] 강서한강공원 (primary=KEY_1)
2026-05-17 07:24:28,552 [INFO] [14/121] 고척돔 (primary=KEY_2)
2026-05-17 07:24:29,604 [INFO] [15/121] 광나루한강공원 (primary=KEY_3)
2026-05-17 07:24:30,808 [INFO] [16/121] 광화문광장 (primary=KEY_4)
2026-05-17 07:24:32,026 [INFO] [17/121] 국립중앙박물관·용산가족공원 (primary=KEY_1)
2026-05-17 07:24:33,076 [INFO] [18/121] 난지한강공원 (primary=KEY_2)
2026-05-17 07:24:34,701 [INFO] [19/121] 남산공원 (primary=KEY_3)
2026-05-17 07:24:37,439 [INFO] [20/121] 노들섬 (primary=KEY_4)
2026-05-17 07:24:38,467 [INFO] [21/121] 뚝섬한강공원 (primary=KEY_1)
2026-05-17 07:24:40,088 [INFO] [22/121] 망원한강공원 (primary=KEY_2)
2026-05-17 07:24:41,326 [INFO] [23/121] 반포한강공원 (primary=KEY_3)
2026-05-17 07:24:42,379 [INFO] [24/121] 보라매공원 (primary=KEY_4)
2026-05-17 07:24:43,449 [INFO] [25/121] 북서울꿈의숲 (primary=KEY_1)
2026-05-17 07:24:44,643 [INFO] [26/121] 서대문독립공원 (primary=KEY_2)
2026-05-17 07:24:45,693 [INFO] [27/121] 서리풀공원·몽마르뜨공원 (primary=KEY_3)
2026-05-17 07:24:46,919 [INFO] [28/121] 서울대공원 (primary=KEY_4)
2026-05-17 07:24:48,595 [INFO] [29/121] 서울숲공원 (primary=KEY_1)
2026-05-17 07:24:49,818 [INFO] [30/121] 송현녹지광장 (primary=KEY_2)
2026-05-17 07:24:51,039 [INFO] [31/121] 아차산 (primary=KEY_3)
2026-05-17 07:24:52,078 [INFO] [32/121] 안양천 (primary=KEY_4)
2026-05-17 07:24:53,777 [INFO] [33/121] 양화한강공원 (primary=KEY_1)
2026-05-17 07:24:54,818 [INFO] [34/121] 어린이대공원 (primary=KEY_2)
2026-05-17 07:24:56,714 [INFO] [35/121] 여의도한강공원 (primary=KEY_3)
2026-05-17 07:24:57,917 [INFO] [36/121] 여의서로 (primary=KEY_4)
2026-05-17 07:24:59,118 [INFO] [37/121] 올림픽공원 (primary=KEY_1)
2026-05-17 07:25:01,185 [INFO] [38/121] 월드컵공원 (primary=KEY_2)
2026-05-17 07:25:03,517 [INFO] [39/121] 응봉산 (primary=KEY_3)
2026-05-17 07:25:04,710 [INFO] [40/121] 이촌한강공원 (primary=KEY_4)
2026-05-17 07:25:05,774 [INFO] [41/121] 잠실종합운동장 (primary=KEY_1)
2026-05-17 07:25:06,820 [INFO] [42/121] 잠실한강공원 (primary=KEY_2)
2026-05-17 07:25:07,855 [INFO] [43/121] 잠원한강공원 (primary=KEY_3)
2026-05-17 07:25:08,901 [INFO] [44/121] 청계산 (primary=KEY_4)
2026-05-17 07:25:10,507 [INFO] [45/121] 홍제폭포 (primary=KEY_1)
2026-05-17 07:25:12,129 [INFO] [46/121] 가락시장 (primary=KEY_2)
2026-05-17 07:25:13,356 [INFO] [47/121] 가로수길 (primary=KEY_3)
2026-05-17 07:25:14,613 [INFO] [48/121] 광장(전통)시장 (primary=KEY_4)
2026-05-17 07:25:16,264 [INFO] [49/121] 김포공항 (primary=KEY_1)
2026-05-17 07:25:17,658 [INFO] [50/121] 남대문시장 (primary=KEY_2)
2026-05-17 07:25:18,877 [INFO] [51/121] 노량진 (primary=KEY_3)
2026-05-17 07:25:20,109 [INFO] [52/121] 덕수궁길·정동길 (primary=KEY_4)
2026-05-17 07:25:21,977 [INFO] [53/121] 북창동 먹자골목 (primary=KEY_1)
2026-05-17 07:25:23,181 [INFO] [54/121] 북촌한옥마을 (primary=KEY_2)
2026-05-17 07:25:24,565 [INFO] [55/121] 서촌 (primary=KEY_3)
2026-05-17 07:25:25,786 [INFO] [56/121] 성수카페거리 (primary=KEY_4)
2026-05-17 07:25:27,178 [INFO] [57/121] 송리단길·호수단길 (primary=KEY_1)
2026-05-17 07:25:28,411 [INFO] [58/121] 신촌 스타광장 (primary=KEY_2)
2026-05-17 07:25:29,464 [INFO] [59/121] 압구정로데오거리 (primary=KEY_3)
2026-05-17 07:25:30,705 [INFO] [60/121] 여의도 (primary=KEY_4)
2026-05-17 07:25:32,691 [INFO] [61/121] 연남동 (primary=KEY_1)
2026-05-17 07:25:33,909 [INFO] [62/121] 영등포 타임스퀘어 (primary=KEY_2)
2026-05-17 07:25:35,385 [INFO] [63/121] 용리단길 (primary=KEY_3)
2026-05-17 07:25:36,490 [INFO] [64/121] 이태원 앤틱가구거리 (primary=KEY_4)
2026-05-17 07:25:37,700 [INFO] [65/121] 익선동 (primary=KEY_1)
2026-05-17 07:25:38,934 [INFO] [66/121] 인사동 (primary=KEY_2)
2026-05-17 07:25:40,310 [INFO] [67/121] 잠실롯데타워·석촌호수 (primary=KEY_3)
2026-05-17 07:25:41,926 [INFO] [68/121] 창동 신경제 중심지 (primary=KEY_4)
2026-05-17 07:25:43,504 [INFO] [69/121] 청담동 명품거리 (primary=KEY_1)
2026-05-17 07:25:44,759 [INFO] [70/121] 청량리 제기동 일대 전통시장 (primary=KEY_2)
2026-05-17 07:25:46,009 [INFO] [71/121] 해방촌·경리단길 (primary=KEY_3)
2026-05-17 07:25:47,063 [INFO] [72/121] DDP(동대문디자인플라자) (primary=KEY_4)
2026-05-17 07:25:48,324 [INFO] [73/121] DMC(디지털미디어시티) (primary=KEY_1)
2026-05-17 07:25:50,068 [INFO] [74/121] 가산디지털단지역 (primary=KEY_2)
2026-05-17 07:25:51,783 [INFO] [75/121] 강남역 (primary=KEY_3)
2026-05-17 07:25:53,206 [INFO] [76/121] 건대입구역 (primary=KEY_4)
2026-05-17 07:25:54,464 [INFO] [77/121] 고덕역 (primary=KEY_1)
2026-05-17 07:25:55,702 [INFO] [78/121] 고속터미널역 (primary=KEY_2)
2026-05-17 07:25:56,980 [INFO] [79/121] 교대역 (primary=KEY_3)
2026-05-17 07:25:58,187 [INFO] [80/121] 구로디지털단지역 (primary=KEY_4)
2026-05-17 07:25:59,735 [INFO] [81/121] 구로역 (primary=KEY_1)
2026-05-17 07:26:00,940 [INFO] [82/121] 군자역 (primary=KEY_2)
2026-05-17 07:26:02,158 [INFO] [83/121] 대림역 (primary=KEY_3)
2026-05-17 07:26:03,385 [INFO] [84/121] 동대문역 (primary=KEY_4)
2026-05-17 07:26:04,603 [INFO] [85/121] 뚝섬역 (primary=KEY_1)
2026-05-17 07:26:05,816 [INFO] [86/121] 미아사거리역 (primary=KEY_2)
2026-05-17 07:26:07,030 [INFO] [87/121] 발산역 (primary=KEY_3)
2026-05-17 07:26:08,559 [INFO] [88/121] 사당역 (primary=KEY_4)
2026-05-17 07:26:09,791 [INFO] [89/121] 삼각지역 (primary=KEY_1)
2026-05-17 07:26:10,850 [INFO] [90/121] 서울대입구역 (primary=KEY_2)
2026-05-17 07:26:12,071 [INFO] [91/121] 서울식물원·마곡나루역 (primary=KEY_3)
2026-05-17 07:26:13,465 [INFO] [92/121] 서울역 (primary=KEY_4)
2026-05-17 07:26:14,899 [INFO] [93/121] 선릉역 (primary=KEY_1)
2026-05-17 07:26:16,509 [INFO] [94/121] 성신여대입구역 (primary=KEY_2)
2026-05-17 07:26:17,575 [INFO] [95/121] 수유역 (primary=KEY_3)
2026-05-17 07:26:18,794 [INFO] [96/121] 숭례문 (primary=KEY_4)
2026-05-17 07:26:20,028 [INFO] [97/121] 시의회 앞 (primary=KEY_1)
2026-05-17 07:26:21,288 [INFO] [98/121] 신논현역·논현역 (primary=KEY_2)
2026-05-17 07:26:22,523 [INFO] [99/121] 신도림역 (primary=KEY_3)
2026-05-17 07:26:23,616 [INFO] [100/121] 신림역 (primary=KEY_4)
2026-05-17 07:26:24,847 [INFO] [101/121] 신정네거리역 (primary=KEY_1)
2026-05-17 07:26:26,074 [INFO] [102/121] 신촌·이대역 (primary=KEY_2)
2026-05-17 07:26:27,311 [INFO] [103/121] 쌍문역 (primary=KEY_3)
2026-05-17 07:26:28,581 [INFO] [104/121] 양재역 (primary=KEY_4)
2026-05-17 07:26:29,837 [INFO] [105/121] 역삼역 (primary=KEY_1)
2026-05-17 07:26:31,227 [INFO] [106/121] 연신내역 (primary=KEY_2)
2026-05-17 07:26:32,304 [INFO] [107/121] 오목교역·목동운동장 (primary=KEY_3)
2026-05-17 07:26:34,049 [INFO] [108/121] 왕십리역 (primary=KEY_4)
2026-05-17 07:26:35,462 [INFO] [109/121] 용산역 (primary=KEY_1)
2026-05-17 07:26:36,839 [INFO] [110/121] 이태원역 (primary=KEY_2)
2026-05-17 07:26:37,957 [INFO] [111/121] 잠실새내역 (primary=KEY_3)
2026-05-17 07:26:39,190 [INFO] [112/121] 잠실역 (primary=KEY_4)
2026-05-17 07:26:40,585 [INFO] [113/121] 장지역 (primary=KEY_1)
2026-05-17 07:26:41,967 [INFO] [114/121] 장한평역 (primary=KEY_2)
2026-05-17 07:26:43,190 [INFO] [115/121] 천호역 (primary=KEY_3)
2026-05-17 07:26:44,427 [INFO] [116/121] 총신대입구(이수)역 (primary=KEY_4)
2026-05-17 07:26:45,658 [INFO] [117/121] 충정로역 (primary=KEY_1)
2026-05-17 07:26:46,906 [INFO] [118/121] 합정역 (primary=KEY_2)
2026-05-17 07:26:48,150 [INFO] [119/121] 혜화역 (primary=KEY_3)
2026-05-17 07:26:49,373 [INFO] [120/121] 홍대입구역(2호선) (primary=KEY_4)
2026-05-17 07:26:50,622 [INFO] [121/121] 회기역 (primary=KEY_1)
2026-05-17 07:26:53,292 [INFO] === 수집 완료 | 성공 121, 실패 0 ===
2026-05-17 07:26:53,293 [INFO] 카테고리별 저장 결과:
2026-05-17 07:26:53,293 [INFO]    accident                  | 신규     2행 | 누적     29행 | 16컬럼
2026-05-17 07:26:53,293 [INFO]    area_meta                 | 신규   121행 | 누적    968행 | 5컬럼
2026-05-17 07:26:53,293 [INFO]    bike                      | 신규    10행 | 누적     80행 | 12컬럼
2026-05-17 07:26:53,293 [INFO]    bike_sbike_stts           | 신규   558행 | 누적   4464행 | 12컬럼
2026-05-17 07:26:53,293 [INFO]    bus                       | 신규     3행 | 누적     24행 | 11컬럼
2026-05-17 07:26:53,293 [INFO]    bus_bus_stn_stts          | 신규  1745행 | 누적  13960행 | 11컬럼
2026-05-17 07:26:53,293 [INFO]    charger                   | 신규     4행 | 누적     52행 | 15컬럼
2026-05-17 07:26:53,293 [INFO]    charger_charger_stts      | 신규  1885행 | 누적  13412행 | 15컬럼
2026-05-17 07:26:53,293 [INFO]    cmrcl                     | 신규    82행 | 누적    656행 | 21컬럼
2026-05-17 07:26:53,293 [INFO]    events                    | 신규    12행 | 누적     86행 | 14컬럼
2026-05-17 07:26:53,293 [INFO]    events_event_stts         | 신규   174행 | 누적   1472행 | 14컬럼
2026-05-17 07:26:53,293 [INFO]    parking                   | 신규     6행 | 누적     48행 | 21컬럼
2026-05-17 07:26:53,293 [INFO]    parking_prk_stts          | 신규  1835행 | 누적  14680행 | 21컬럼
2026-05-17 07:26:53,293 [INFO]    ppltn                     | 신규   121행 | 누적    968행 | 26컬럼
2026-05-17 07:26:53,293 [INFO]    road                      | 신규   121행 | 누적    968행 | 21컬럼
2026-05-17 07:26:53,293 [INFO]    road_road_traffic_stts    | 신규  5244행 | 누적  41952행 | 17컬럼
2026-05-17 07:26:53,293 [INFO]    subway                    | 신규    38행 | 누적    304행 | 13컬럼
2026-05-17 07:26:53,293 [INFO]    subway_sub_stts           | 신규   183행 | 누적   1464행 | 13컬럼
2026-05-17 07:26:53,293 [INFO]    weather                   | 신규   119행 | 누적    952행 | 30컬럼
2026-05-17 07:26:53,293 [INFO] 키별 사용량:
2026-05-17 07:26:53,294 [INFO]    🟢 KEY_1 (31/1000) 
2026-05-17 07:26:53,294 [INFO]    🟢 KEY_2 (30/1000) 
2026-05-17 07:26:53,294 [INFO]    🟢 KEY_3 (30/1000) 
2026-05-17 07:26:53,294 [INFO]    🟢 KEY_4 (30/1000) 
2026-05-17 08:25:47,153 [INFO] 등록된 키: 4개, 합산 한도 4,000건/일
2026-05-17 08:25:47,154 [INFO] POI 로드: 매뉴얼 v8.5 기준 fallback 121개 (121개 전체)
2026-05-17 08:25:47,154 [INFO] === 수집 시작 2026-05-17T08:25:47.154610+09:00 ===
2026-05-17 08:25:47,154 [INFO] 대상 장소: 121개 | API: citydata (통합)
2026-05-17 08:25:47,154 [INFO] 키 풀: 4/4 활성 | 오늘 사용 0/4000건
2026-05-17 08:25:47,154 [INFO]   [KEY_1] 담당 31장소
2026-05-17 08:25:47,154 [INFO]   [KEY_2] 담당 30장소
2026-05-17 08:25:47,154 [INFO]   [KEY_3] 담당 30장소
2026-05-17 08:25:47,154 [INFO]   [KEY_4] 담당 30장소
2026-05-17 08:25:47,155 [INFO] [1/121] 경복궁 (primary=KEY_1)
2026-05-17 08:25:49,133 [INFO] [2/121] 광화문·덕수궁 (primary=KEY_2)
2026-05-17 08:25:50,769 [INFO] [3/121] 보신각 (primary=KEY_3)
2026-05-17 08:25:52,613 [INFO] [4/121] 서울 암사동 유적 (primary=KEY_4)
2026-05-17 08:25:54,376 [INFO] [5/121] 창덕궁·종묘 (primary=KEY_1)
2026-05-17 08:25:56,316 [INFO] [6/121] 강남 MICE 관광특구 (primary=KEY_2)
2026-05-17 08:25:58,279 [INFO] [7/121] 동대문 관광특구 (primary=KEY_3)
2026-05-17 08:26:00,349 [INFO] [8/121] 명동 관광특구 (primary=KEY_4)
2026-05-17 08:26:02,738 [INFO] [9/121] 이태원 관광특구 (primary=KEY_1)
2026-05-17 08:26:04,018 [INFO] [10/121] 잠실 관광특구 (primary=KEY_2)
2026-05-17 08:26:05,709 [INFO] [11/121] 종로·청계 관광특구 (primary=KEY_3)
2026-05-17 08:26:07,763 [INFO] [12/121] 홍대 관광특구 (primary=KEY_4)
2026-05-17 08:26:10,112 [INFO] [13/121] 강서한강공원 (primary=KEY_1)
2026-05-17 08:26:11,868 [INFO] [14/121] 고척돔 (primary=KEY_2)
2026-05-17 08:26:12,946 [INFO] [15/121] 광나루한강공원 (primary=KEY_3)
2026-05-17 08:26:14,167 [INFO] [16/121] 광화문광장 (primary=KEY_4)
2026-05-17 08:26:15,422 [INFO] [17/121] 국립중앙박물관·용산가족공원 (primary=KEY_1)
2026-05-17 08:26:16,505 [INFO] [18/121] 난지한강공원 (primary=KEY_2)
2026-05-17 08:26:17,582 [INFO] [19/121] 남산공원 (primary=KEY_3)
2026-05-17 08:26:19,064 [INFO] [20/121] 노들섬 (primary=KEY_4)
2026-05-17 08:26:20,135 [INFO] [21/121] 뚝섬한강공원 (primary=KEY_1)
2026-05-17 08:26:21,973 [INFO] [22/121] 망원한강공원 (primary=KEY_2)
2026-05-17 08:26:23,244 [INFO] [23/121] 반포한강공원 (primary=KEY_3)
2026-05-17 08:26:25,036 [INFO] [24/121] 보라매공원 (primary=KEY_4)
2026-05-17 08:26:26,308 [INFO] [25/121] 북서울꿈의숲 (primary=KEY_1)
2026-05-17 08:26:27,548 [INFO] [26/121] 서대문독립공원 (primary=KEY_2)
2026-05-17 08:26:28,624 [INFO] [27/121] 서리풀공원·몽마르뜨공원 (primary=KEY_3)
2026-05-17 08:26:29,907 [INFO] [28/121] 서울대공원 (primary=KEY_4)
2026-05-17 08:26:30,965 [INFO] [29/121] 서울숲공원 (primary=KEY_1)
2026-05-17 08:26:32,256 [INFO] [30/121] 송현녹지광장 (primary=KEY_2)
2026-05-17 08:26:33,513 [INFO] [31/121] 아차산 (primary=KEY_3)
2026-05-17 08:26:34,594 [INFO] [32/121] 안양천 (primary=KEY_4)
2026-05-17 08:26:35,669 [INFO] [33/121] 양화한강공원 (primary=KEY_1)
2026-05-17 08:26:36,729 [INFO] [34/121] 어린이대공원 (primary=KEY_2)
2026-05-17 08:26:38,006 [INFO] [35/121] 여의도한강공원 (primary=KEY_3)
2026-05-17 08:26:39,259 [INFO] [36/121] 여의서로 (primary=KEY_4)
2026-05-17 08:26:40,495 [INFO] [37/121] 올림픽공원 (primary=KEY_1)
2026-05-17 08:26:41,994 [INFO] [38/121] 월드컵공원 (primary=KEY_2)
2026-05-17 08:26:43,450 [INFO] [39/121] 응봉산 (primary=KEY_3)
2026-05-17 08:26:44,686 [INFO] [40/121] 이촌한강공원 (primary=KEY_4)
2026-05-17 08:26:45,764 [INFO] [41/121] 잠실종합운동장 (primary=KEY_1)
2026-05-17 08:26:46,868 [INFO] [42/121] 잠실한강공원 (primary=KEY_2)
2026-05-17 08:26:47,958 [INFO] [43/121] 잠원한강공원 (primary=KEY_3)
2026-05-17 08:26:49,037 [INFO] [44/121] 청계산 (primary=KEY_4)
2026-05-17 08:26:50,114 [INFO] [45/121] 홍제폭포 (primary=KEY_1)
2026-05-17 08:26:51,197 [INFO] [46/121] 가락시장 (primary=KEY_2)
2026-05-17 08:26:52,488 [INFO] [47/121] 가로수길 (primary=KEY_3)
2026-05-17 08:26:53,795 [INFO] [48/121] 광장(전통)시장 (primary=KEY_4)
2026-05-17 08:26:54,884 [INFO] [49/121] 김포공항 (primary=KEY_1)
2026-05-17 08:26:56,402 [INFO] [50/121] 남대문시장 (primary=KEY_2)
2026-05-17 08:26:57,670 [INFO] [51/121] 노량진 (primary=KEY_3)
2026-05-17 08:26:58,961 [INFO] [52/121] 덕수궁길·정동길 (primary=KEY_4)
2026-05-17 08:27:00,249 [INFO] [53/121] 북창동 먹자골목 (primary=KEY_1)
2026-05-17 08:27:01,500 [INFO] [54/121] 북촌한옥마을 (primary=KEY_2)
2026-05-17 08:27:02,942 [INFO] [55/121] 서촌 (primary=KEY_3)
2026-05-17 08:27:04,203 [INFO] [56/121] 성수카페거리 (primary=KEY_4)
2026-05-17 08:27:05,653 [INFO] [57/121] 송리단길·호수단길 (primary=KEY_1)
2026-05-17 08:27:06,963 [INFO] [58/121] 신촌 스타광장 (primary=KEY_2)
2026-05-17 08:27:08,046 [INFO] [59/121] 압구정로데오거리 (primary=KEY_3)
2026-05-17 08:27:09,325 [INFO] [60/121] 여의도 (primary=KEY_4)
2026-05-17 08:27:11,381 [INFO] [61/121] 연남동 (primary=KEY_1)
2026-05-17 08:27:12,627 [INFO] [62/121] 영등포 타임스퀘어 (primary=KEY_2)
2026-05-17 08:27:13,871 [INFO] [63/121] 용리단길 (primary=KEY_3)
2026-05-17 08:27:14,981 [INFO] [64/121] 이태원 앤틱가구거리 (primary=KEY_4)
2026-05-17 08:27:16,239 [INFO] [65/121] 익선동 (primary=KEY_1)
2026-05-17 08:27:17,513 [INFO] [66/121] 인사동 (primary=KEY_2)
2026-05-17 08:27:18,978 [INFO] [67/121] 잠실롯데타워·석촌호수 (primary=KEY_3)
2026-05-17 08:27:20,597 [INFO] [68/121] 창동 신경제 중심지 (primary=KEY_4)
2026-05-17 08:27:22,239 [INFO] [69/121] 청담동 명품거리 (primary=KEY_1)
2026-05-17 08:27:23,555 [INFO] [70/121] 청량리 제기동 일대 전통시장 (primary=KEY_2)
2026-05-17 08:27:24,867 [INFO] [71/121] 해방촌·경리단길 (primary=KEY_3)
2026-05-17 08:27:25,965 [INFO] [72/121] DDP(동대문디자인플라자) (primary=KEY_4)
2026-05-17 08:27:27,245 [INFO] [73/121] DMC(디지털미디어시티) (primary=KEY_1)
2026-05-17 08:27:28,905 [INFO] [74/121] 가산디지털단지역 (primary=KEY_2)
2026-05-17 08:27:30,701 [INFO] [75/121] 강남역 (primary=KEY_3)
2026-05-17 08:27:32,190 [INFO] [76/121] 건대입구역 (primary=KEY_4)
2026-05-17 08:27:33,476 [INFO] [77/121] 고덕역 (primary=KEY_1)
2026-05-17 08:27:34,742 [INFO] [78/121] 고속터미널역 (primary=KEY_2)
2026-05-17 08:27:36,027 [INFO] [79/121] 교대역 (primary=KEY_3)
2026-05-17 08:27:37,312 [INFO] [80/121] 구로디지털단지역 (primary=KEY_4)
2026-05-17 08:27:38,916 [INFO] [81/121] 구로역 (primary=KEY_1)
2026-05-17 08:27:40,190 [INFO] [82/121] 군자역 (primary=KEY_2)
2026-05-17 08:27:41,507 [INFO] [83/121] 대림역 (primary=KEY_3)
2026-05-17 08:27:42,795 [INFO] [84/121] 동대문역 (primary=KEY_4)
2026-05-17 08:27:44,083 [INFO] [85/121] 뚝섬역 (primary=KEY_1)
2026-05-17 08:27:45,368 [INFO] [86/121] 미아사거리역 (primary=KEY_2)
2026-05-17 08:27:46,625 [INFO] [87/121] 발산역 (primary=KEY_3)
2026-05-17 08:27:48,258 [INFO] [88/121] 사당역 (primary=KEY_4)
2026-05-17 08:27:49,552 [INFO] [89/121] 삼각지역 (primary=KEY_1)
2026-05-17 08:27:50,649 [INFO] [90/121] 서울대입구역 (primary=KEY_2)
2026-05-17 08:27:51,922 [INFO] [91/121] 서울식물원·마곡나루역 (primary=KEY_3)
2026-05-17 08:27:53,357 [INFO] [92/121] 서울역 (primary=KEY_4)
2026-05-17 08:27:54,864 [INFO] [93/121] 선릉역 (primary=KEY_1)
2026-05-17 08:27:56,546 [INFO] [94/121] 성신여대입구역 (primary=KEY_2)
2026-05-17 08:27:57,652 [INFO] [95/121] 수유역 (primary=KEY_3)
2026-05-17 08:27:58,936 [INFO] [96/121] 숭례문 (primary=KEY_4)
2026-05-17 08:28:00,231 [INFO] [97/121] 시의회 앞 (primary=KEY_1)
2026-05-17 08:28:01,575 [INFO] [98/121] 신논현역·논현역 (primary=KEY_2)
2026-05-17 08:28:02,871 [INFO] [99/121] 신도림역 (primary=KEY_3)
2026-05-17 08:28:03,971 [INFO] [100/121] 신림역 (primary=KEY_4)
2026-05-17 08:28:05,249 [INFO] [101/121] 신정네거리역 (primary=KEY_1)
2026-05-17 08:28:06,520 [INFO] [102/121] 신촌·이대역 (primary=KEY_2)
2026-05-17 08:28:07,818 [INFO] [103/121] 쌍문역 (primary=KEY_3)
2026-05-17 08:28:09,082 [INFO] [104/121] 양재역 (primary=KEY_4)
2026-05-17 08:28:10,344 [INFO] [105/121] 역삼역 (primary=KEY_1)
2026-05-17 08:28:11,830 [INFO] [106/121] 연신내역 (primary=KEY_2)
2026-05-17 08:28:12,950 [INFO] [107/121] 오목교역·목동운동장 (primary=KEY_3)
2026-05-17 08:28:14,781 [INFO] [108/121] 왕십리역 (primary=KEY_4)
2026-05-17 08:28:16,239 [INFO] [109/121] 용산역 (primary=KEY_1)
2026-05-17 08:28:17,680 [INFO] [110/121] 이태원역 (primary=KEY_2)
2026-05-17 08:28:18,825 [INFO] [111/121] 잠실새내역 (primary=KEY_3)
2026-05-17 08:28:20,106 [INFO] [112/121] 잠실역 (primary=KEY_4)
2026-05-17 08:28:21,554 [INFO] [113/121] 장지역 (primary=KEY_1)
2026-05-17 08:28:23,027 [INFO] [114/121] 장한평역 (primary=KEY_2)
2026-05-17 08:28:24,300 [INFO] [115/121] 천호역 (primary=KEY_3)
2026-05-17 08:28:25,586 [INFO] [116/121] 총신대입구(이수)역 (primary=KEY_4)
2026-05-17 08:28:26,869 [INFO] [117/121] 충정로역 (primary=KEY_1)
2026-05-17 08:28:28,142 [INFO] [118/121] 합정역 (primary=KEY_2)
2026-05-17 08:28:29,427 [INFO] [119/121] 혜화역 (primary=KEY_3)
2026-05-17 08:28:30,689 [INFO] [120/121] 홍대입구역(2호선) (primary=KEY_4)
2026-05-17 08:28:32,030 [INFO] [121/121] 회기역 (primary=KEY_1)
2026-05-17 08:28:34,983 [INFO] === 수집 완료 | 성공 121, 실패 0 ===
2026-05-17 08:28:34,983 [INFO] 카테고리별 저장 결과:
2026-05-17 08:28:34,983 [INFO]    accident                  | 신규     2행 | 누적     31행 | 16컬럼
2026-05-17 08:28:34,983 [INFO]    area_meta                 | 신규   121행 | 누적   1089행 | 5컬럼
2026-05-17 08:28:34,983 [INFO]    bike                      | 신규    11행 | 누적     91행 | 12컬럼
2026-05-17 08:28:34,983 [INFO]    bike_sbike_stts           | 신규   558행 | 누적   5022행 | 12컬럼
2026-05-17 08:28:34,983 [INFO]    bus                       | 신규     3행 | 누적     27행 | 11컬럼
2026-05-17 08:28:34,983 [INFO]    bus_bus_stn_stts          | 신규  1745행 | 누적  15705행 | 11컬럼
2026-05-17 08:28:34,983 [INFO]    charger                   | 신규     4행 | 누적     56행 | 15컬럼
2026-05-17 08:28:34,983 [INFO]    charger_charger_stts      | 신규  1885행 | 누적  15282행 | 15컬럼
2026-05-17 08:28:34,983 [INFO]    cmrcl                     | 신규    82행 | 누적    738행 | 21컬럼
2026-05-17 08:28:34,983 [INFO]    events                    | 신규    12행 | 누적     98행 | 14컬럼
2026-05-17 08:28:34,983 [INFO]    events_event_stts         | 신규   174행 | 누적   1646행 | 14컬럼
2026-05-17 08:28:34,983 [INFO]    parking                   | 신규     6행 | 누적     54행 | 21컬럼
2026-05-17 08:28:34,983 [INFO]    parking_prk_stts          | 신규  1835행 | 누적  16515행 | 21컬럼
2026-05-17 08:28:34,983 [INFO]    ppltn                     | 신규   121행 | 누적   1089행 | 26컬럼
2026-05-17 08:28:34,983 [INFO]    road                      | 신규   121행 | 누적   1089행 | 21컬럼
2026-05-17 08:28:34,983 [INFO]    road_road_traffic_stts    | 신규  5244행 | 누적  47196행 | 17컬럼
2026-05-17 08:28:34,983 [INFO]    subway                    | 신규    38행 | 누적    342행 | 13컬럼
2026-05-17 08:28:34,983 [INFO]    subway_sub_stts           | 신규   183행 | 누적   1647행 | 13컬럼
2026-05-17 08:28:34,983 [INFO]    weather                   | 신규   119행 | 누적   1071행 | 30컬럼
2026-05-17 08:28:34,983 [INFO] 키별 사용량:
2026-05-17 08:28:34,984 [INFO]    🟢 KEY_1 (31/1000) 
2026-05-17 08:28:34,984 [INFO]    🟢 KEY_2 (30/1000) 
2026-05-17 08:28:34,984 [INFO]    🟢 KEY_3 (30/1000) 
2026-05-17 08:28:34,984 [INFO]    🟢 KEY_4 (30/1000) 
2026-05-17 10:14:09,517 [INFO] 등록된 키: 4개, 합산 한도 4,000건/일
2026-05-17 10:14:09,518 [INFO] POI 로드: 매뉴얼 v8.5 기준 fallback 121개 (121개 전체)
2026-05-17 10:14:09,518 [INFO] === 수집 시작 2026-05-17T10:14:09.518302+09:00 ===
2026-05-17 10:14:09,518 [INFO] 대상 장소: 121개 | API: citydata (통합)
2026-05-17 10:14:09,518 [INFO] 키 풀: 4/4 활성 | 오늘 사용 0/4000건
2026-05-17 10:14:09,518 [INFO]   [KEY_1] 담당 31장소
2026-05-17 10:14:09,518 [INFO]   [KEY_2] 담당 30장소
2026-05-17 10:14:09,518 [INFO]   [KEY_3] 담당 30장소
2026-05-17 10:14:09,518 [INFO]   [KEY_4] 담당 30장소
2026-05-17 10:14:09,518 [INFO] [1/121] 경복궁 (primary=KEY_1)
2026-05-17 10:14:11,295 [INFO] [2/121] 광화문·덕수궁 (primary=KEY_2)
2026-05-17 10:14:14,374 [INFO] [3/121] 보신각 (primary=KEY_3)
2026-05-17 10:14:16,101 [INFO] [4/121] 서울 암사동 유적 (primary=KEY_4)
2026-05-17 10:14:17,100 [INFO] [5/121] 창덕궁·종묘 (primary=KEY_1)
2026-05-17 10:14:18,797 [INFO] [6/121] 강남 MICE 관광특구 (primary=KEY_2)
2026-05-17 10:14:19,952 [INFO] [7/121] 동대문 관광특구 (primary=KEY_3)
2026-05-17 10:14:22,447 [INFO] [8/121] 명동 관광특구 (primary=KEY_4)
2026-05-17 10:14:23,972 [INFO] [9/121] 이태원 관광특구 (primary=KEY_1)
2026-05-17 10:14:25,138 [INFO] [10/121] 잠실 관광특구 (primary=KEY_2)
2026-05-17 10:14:27,344 [INFO] [11/121] 종로·청계 관광특구 (primary=KEY_3)
2026-05-17 10:14:29,458 [INFO] [12/121] 홍대 관광특구 (primary=KEY_4)
2026-05-17 10:14:30,789 [INFO] [13/121] 강서한강공원 (primary=KEY_1)
2026-05-17 10:14:32,334 [INFO] [14/121] 고척돔 (primary=KEY_2)
2026-05-17 10:14:33,313 [INFO] [15/121] 광나루한강공원 (primary=KEY_3)
2026-05-17 10:14:34,562 [INFO] [16/121] 광화문광장 (primary=KEY_4)
2026-05-17 10:14:35,713 [INFO] [17/121] 국립중앙박물관·용산가족공원 (primary=KEY_1)
2026-05-17 10:14:36,720 [INFO] [18/121] 난지한강공원 (primary=KEY_2)
2026-05-17 10:14:37,688 [INFO] [19/121] 남산공원 (primary=KEY_3)
2026-05-17 10:14:38,999 [INFO] [20/121] 노들섬 (primary=KEY_4)
2026-05-17 10:14:39,977 [INFO] [21/121] 뚝섬한강공원 (primary=KEY_1)
2026-05-17 10:14:40,994 [INFO] [22/121] 망원한강공원 (primary=KEY_2)
2026-05-17 10:14:42,143 [INFO] [23/121] 반포한강공원 (primary=KEY_3)
2026-05-17 10:14:43,742 [INFO] [24/121] 보라매공원 (primary=KEY_4)
2026-05-17 10:14:44,745 [INFO] [25/121] 북서울꿈의숲 (primary=KEY_1)
2026-05-17 10:14:45,873 [INFO] [26/121] 서대문독립공원 (primary=KEY_2)
2026-05-17 10:14:46,870 [INFO] [27/121] 서리풀공원·몽마르뜨공원 (primary=KEY_3)
2026-05-17 10:14:48,035 [INFO] [28/121] 서울대공원 (primary=KEY_4)
2026-05-17 10:14:49,019 [INFO] [29/121] 서울숲공원 (primary=KEY_1)
2026-05-17 10:14:50,152 [INFO] [30/121] 송현녹지광장 (primary=KEY_2)
2026-05-17 10:14:51,274 [INFO] [31/121] 아차산 (primary=KEY_3)
2026-05-17 10:14:52,269 [INFO] [32/121] 안양천 (primary=KEY_4)
2026-05-17 10:14:53,254 [INFO] [33/121] 양화한강공원 (primary=KEY_1)
2026-05-17 10:14:54,229 [INFO] [34/121] 어린이대공원 (primary=KEY_2)
2026-05-17 10:14:55,381 [INFO] [35/121] 여의도한강공원 (primary=KEY_3)
2026-05-17 10:14:56,541 [INFO] [36/121] 여의서로 (primary=KEY_4)
2026-05-17 10:14:57,641 [INFO] [37/121] 올림픽공원 (primary=KEY_1)
2026-05-17 10:14:58,960 [INFO] [38/121] 월드컵공원 (primary=KEY_2)
2026-05-17 10:15:00,289 [INFO] [39/121] 응봉산 (primary=KEY_3)
2026-05-17 10:15:01,399 [INFO] [40/121] 이촌한강공원 (primary=KEY_4)
2026-05-17 10:15:02,382 [INFO] [41/121] 잠실종합운동장 (primary=KEY_1)
2026-05-17 10:15:03,369 [INFO] [42/121] 잠실한강공원 (primary=KEY_2)
2026-05-17 10:15:04,366 [INFO] [43/121] 잠원한강공원 (primary=KEY_3)
2026-05-17 10:15:05,891 [INFO] [44/121] 청계산 (primary=KEY_4)
2026-05-17 10:15:06,879 [INFO] [45/121] 홍제폭포 (primary=KEY_1)
2026-05-17 10:15:07,848 [INFO] [46/121] 가락시장 (primary=KEY_2)
2026-05-17 10:15:09,016 [INFO] [47/121] 가로수길 (primary=KEY_3)
2026-05-17 10:15:10,172 [INFO] [48/121] 광장(전통)시장 (primary=KEY_4)
2026-05-17 10:15:11,764 [INFO] [49/121] 김포공항 (primary=KEY_1)
2026-05-17 10:15:13,075 [INFO] [50/121] 남대문시장 (primary=KEY_2)
2026-05-17 10:15:14,205 [INFO] [51/121] 노량진 (primary=KEY_3)
2026-05-17 10:15:15,337 [INFO] [52/121] 덕수궁길·정동길 (primary=KEY_4)
2026-05-17 10:15:16,510 [INFO] [53/121] 북창동 먹자골목 (primary=KEY_1)
2026-05-17 10:15:17,630 [INFO] [54/121] 북촌한옥마을 (primary=KEY_2)
2026-05-17 10:15:18,894 [INFO] [55/121] 서촌 (primary=KEY_3)
2026-05-17 10:15:20,015 [INFO] [56/121] 성수카페거리 (primary=KEY_4)
2026-05-17 10:15:21,327 [INFO] [57/121] 송리단길·호수단길 (primary=KEY_1)
2026-05-17 10:15:22,523 [INFO] [58/121] 신촌 스타광장 (primary=KEY_2)
2026-05-17 10:15:23,530 [INFO] [59/121] 압구정로데오거리 (primary=KEY_3)
2026-05-17 10:15:24,665 [INFO] [60/121] 여의도 (primary=KEY_4)
2026-05-17 10:15:26,809 [INFO] [61/121] 연남동 (primary=KEY_1)
2026-05-17 10:15:27,923 [INFO] [62/121] 영등포 타임스퀘어 (primary=KEY_2)
2026-05-17 10:15:29,056 [INFO] [63/121] 용리단길 (primary=KEY_3)
2026-05-17 10:15:30,078 [INFO] [64/121] 이태원 앤틱가구거리 (primary=KEY_4)
2026-05-17 10:15:31,220 [INFO] [65/121] 익선동 (primary=KEY_1)
2026-05-17 10:15:32,368 [INFO] [66/121] 인사동 (primary=KEY_2)
2026-05-17 10:15:33,630 [INFO] [67/121] 잠실롯데타워·석촌호수 (primary=KEY_3)
2026-05-17 10:15:35,065 [INFO] [68/121] 창동 신경제 중심지 (primary=KEY_4)
2026-05-17 10:15:36,546 [INFO] [69/121] 청담동 명품거리 (primary=KEY_1)
2026-05-17 10:15:37,715 [INFO] [70/121] 청량리 제기동 일대 전통시장 (primary=KEY_2)
2026-05-17 10:15:38,852 [INFO] [71/121] 해방촌·경리단길 (primary=KEY_3)
2026-05-17 10:15:39,842 [INFO] [72/121] DDP(동대문디자인플라자) (primary=KEY_4)
2026-05-17 10:15:41,201 [INFO] [73/121] DMC(디지털미디어시티) (primary=KEY_1)
2026-05-17 10:15:42,662 [INFO] [74/121] 가산디지털단지역 (primary=KEY_2)
2026-05-17 10:15:44,256 [INFO] [75/121] 강남역 (primary=KEY_3)
2026-05-17 10:15:45,594 [INFO] [76/121] 건대입구역 (primary=KEY_4)
2026-05-17 10:15:46,743 [INFO] [77/121] 고덕역 (primary=KEY_1)
2026-05-17 10:15:53,064 [INFO] [78/121] 고속터미널역 (primary=KEY_2)
2026-05-17 10:15:54,220 [INFO] [79/121] 교대역 (primary=KEY_3)
2026-05-17 10:15:55,359 [INFO] [80/121] 구로디지털단지역 (primary=KEY_4)
2026-05-17 10:15:56,829 [INFO] [81/121] 구로역 (primary=KEY_1)
2026-05-17 10:15:57,953 [INFO] [82/121] 군자역 (primary=KEY_2)
2026-05-17 10:15:59,086 [INFO] [83/121] 대림역 (primary=KEY_3)
2026-05-17 10:16:05,262 [INFO] [84/121] 동대문역 (primary=KEY_4)
2026-05-17 10:16:06,440 [INFO] [85/121] 뚝섬역 (primary=KEY_1)
2026-05-17 10:16:07,575 [INFO] [86/121] 미아사거리역 (primary=KEY_2)
2026-05-17 10:16:08,713 [INFO] [87/121] 발산역 (primary=KEY_3)
2026-05-17 10:16:09,996 [INFO] [88/121] 사당역 (primary=KEY_4)
2026-05-17 10:16:11,150 [INFO] [89/121] 삼각지역 (primary=KEY_1)
2026-05-17 10:16:13,364 [INFO] [90/121] 서울대입구역 (primary=KEY_2)
2026-05-17 10:16:14,504 [INFO] [91/121] 서울식물원·마곡나루역 (primary=KEY_3)
2026-05-17 10:16:15,797 [INFO] [92/121] 서울역 (primary=KEY_4)
2026-05-17 10:16:17,130 [INFO] [93/121] 선릉역 (primary=KEY_1)
2026-05-17 10:16:18,600 [INFO] [94/121] 성신여대입구역 (primary=KEY_2)
2026-05-17 10:16:19,601 [INFO] [95/121] 수유역 (primary=KEY_3)
2026-05-17 10:16:35,717 [INFO] [96/121] 숭례문 (primary=KEY_4)
2026-05-17 10:16:36,911 [INFO] [97/121] 시의회 앞 (primary=KEY_1)
2026-05-17 10:16:38,062 [INFO] [98/121] 신논현역·논현역 (primary=KEY_2)
2026-05-17 10:16:39,246 [INFO] [99/121] 신도림역 (primary=KEY_3)
2026-05-17 10:16:40,253 [INFO] [100/121] 신림역 (primary=KEY_4)
2026-05-17 10:16:41,414 [INFO] [101/121] 신정네거리역 (primary=KEY_1)
2026-05-17 10:16:42,557 [INFO] [102/121] 신촌·이대역 (primary=KEY_2)
2026-05-17 10:16:43,729 [INFO] [103/121] 쌍문역 (primary=KEY_3)
2026-05-17 10:16:44,883 [INFO] [104/121] 양재역 (primary=KEY_4)
2026-05-17 10:16:46,064 [INFO] [105/121] 역삼역 (primary=KEY_1)
2026-05-17 10:16:47,370 [INFO] [106/121] 연신내역 (primary=KEY_2)
2026-05-17 10:16:48,399 [INFO] [107/121] 오목교역·목동운동장 (primary=KEY_3)
2026-05-17 10:16:49,991 [INFO] [108/121] 왕십리역 (primary=KEY_4)
2026-05-17 10:16:51,336 [INFO] [109/121] 용산역 (primary=KEY_1)
2026-05-17 10:16:52,641 [INFO] [110/121] 이태원역 (primary=KEY_2)
2026-05-17 10:16:53,698 [INFO] [111/121] 잠실새내역 (primary=KEY_3)
2026-05-17 10:16:54,863 [INFO] [112/121] 잠실역 (primary=KEY_4)
2026-05-17 10:16:56,193 [INFO] [113/121] 장지역 (primary=KEY_1)
2026-05-17 10:16:57,504 [INFO] [114/121] 장한평역 (primary=KEY_2)
2026-05-17 10:16:58,658 [INFO] [115/121] 천호역 (primary=KEY_3)
2026-05-17 10:16:59,824 [INFO] [116/121] 총신대입구(이수)역 (primary=KEY_4)
2026-05-17 10:17:00,992 [INFO] [117/121] 충정로역 (primary=KEY_1)
2026-05-17 10:17:02,155 [INFO] [118/121] 합정역 (primary=KEY_2)
2026-05-17 10:17:03,312 [INFO] [119/121] 혜화역 (primary=KEY_3)
2026-05-17 10:17:04,471 [INFO] [120/121] 홍대입구역(2호선) (primary=KEY_4)
2026-05-17 10:17:05,638 [INFO] [121/121] 회기역 (primary=KEY_1)
2026-05-17 10:17:08,641 [INFO] === 수집 완료 | 성공 121, 실패 0 ===
2026-05-17 10:17:08,641 [INFO] 카테고리별 저장 결과:
2026-05-17 10:17:08,641 [INFO]    accident                  | 신규     2행 | 누적     33행 | 16컬럼
2026-05-17 10:17:08,641 [INFO]    accident_acdnt_cntrl_stts | 신규     2행 | 누적     21행 | 16컬럼
2026-05-17 10:17:08,641 [INFO]    area_meta                 | 신규   121행 | 누적   1210행 | 5컬럼
2026-05-17 10:17:08,641 [INFO]    bike                      | 신규    11행 | 누적    102행 | 12컬럼
2026-05-17 10:17:08,641 [INFO]    bike_sbike_stts           | 신규   558행 | 누적   5580행 | 12컬럼
2026-05-17 10:17:08,641 [INFO]    bus                       | 신규     3행 | 누적     30행 | 11컬럼
2026-05-17 10:17:08,641 [INFO]    bus_bus_stn_stts          | 신규  1745행 | 누적  17450행 | 11컬럼
2026-05-17 10:17:08,641 [INFO]    charger                   | 신규     4행 | 누적     60행 | 15컬럼
2026-05-17 10:17:08,642 [INFO]    charger_charger_stts      | 신규  1885행 | 누적  17152행 | 15컬럼
2026-05-17 10:17:08,642 [INFO]    cmrcl                     | 신규    82행 | 누적    820행 | 21컬럼
2026-05-17 10:17:08,642 [INFO]    events                    | 신규    12행 | 누적    110행 | 14컬럼
2026-05-17 10:17:08,642 [INFO]    events_event_stts         | 신규   174행 | 누적   1820행 | 14컬럼
2026-05-17 10:17:08,642 [INFO]    parking                   | 신규     6행 | 누적     60행 | 21컬럼
2026-05-17 10:17:08,642 [INFO]    parking_prk_stts          | 신규  1835행 | 누적  18350행 | 21컬럼
2026-05-17 10:17:08,642 [INFO]    ppltn                     | 신규   121행 | 누적   1210행 | 26컬럼
2026-05-17 10:17:08,642 [INFO]    road                      | 신규   121행 | 누적   1210행 | 21컬럼
2026-05-17 10:17:08,642 [INFO]    road_road_traffic_stts    | 신규  5244행 | 누적  52440행 | 17컬럼
2026-05-17 10:17:08,642 [INFO]    subway                    | 신규    38행 | 누적    380행 | 13컬럼
2026-05-17 10:17:08,642 [INFO]    subway_sub_stts           | 신규   183행 | 누적   1830행 | 13컬럼
2026-05-17 10:17:08,642 [INFO]    weather                   | 신규   119행 | 누적   1190행 | 30컬럼
2026-05-17 10:17:08,642 [INFO] 키별 사용량:
2026-05-17 10:17:08,642 [INFO]    🟢 KEY_1 (31/1000) 
2026-05-17 10:17:08,642 [INFO]    🟢 KEY_2 (30/1000) 
2026-05-17 10:17:08,642 [INFO]    🟢 KEY_3 (30/1000) 
2026-05-17 10:17:08,643 [INFO]    🟢 KEY_4 (30/1000) 
2026-05-17 12:20:46,635 [INFO] 등록된 키: 4개, 합산 한도 4,000건/일
2026-05-17 12:20:46,635 [INFO] POI 로드: 매뉴얼 v8.5 기준 fallback 121개 (121개 전체)
2026-05-17 12:20:46,635 [INFO] === 수집 시작 2026-05-17T12:20:46.635913+09:00 ===
2026-05-17 12:20:46,636 [INFO] 대상 장소: 121개 | API: citydata (통합)
2026-05-17 12:20:46,636 [INFO] 키 풀: 4/4 활성 | 오늘 사용 0/4000건
2026-05-17 12:20:46,636 [INFO]   [KEY_1] 담당 31장소
2026-05-17 12:20:46,636 [INFO]   [KEY_2] 담당 30장소
2026-05-17 12:20:46,636 [INFO]   [KEY_3] 담당 30장소
2026-05-17 12:20:46,636 [INFO]   [KEY_4] 담당 30장소
2026-05-17 12:20:46,636 [INFO] [1/121] 경복궁 (primary=KEY_1)
2026-05-17 12:20:48,315 [INFO] [2/121] 광화문·덕수궁 (primary=KEY_2)
2026-05-17 12:20:50,308 [INFO] [3/121] 보신각 (primary=KEY_3)
2026-05-17 12:20:52,020 [INFO] [4/121] 서울 암사동 유적 (primary=KEY_4)
2026-05-17 12:20:53,539 [INFO] [5/121] 창덕궁·종묘 (primary=KEY_1)
2026-05-17 12:20:55,194 [INFO] [6/121] 강남 MICE 관광특구 (primary=KEY_2)
2026-05-17 12:20:56,855 [INFO] [7/121] 동대문 관광특구 (primary=KEY_3)
2026-05-17 12:20:58,338 [INFO] [8/121] 명동 관광특구 (primary=KEY_4)
2026-05-17 12:21:00,436 [INFO] [9/121] 이태원 관광특구 (primary=KEY_1)
2026-05-17 12:21:02,148 [INFO] [10/121] 잠실 관광특구 (primary=KEY_2)
2026-05-17 12:21:03,743 [INFO] [11/121] 종로·청계 관광특구 (primary=KEY_3)
2026-05-17 12:21:05,085 [INFO] [12/121] 홍대 관광특구 (primary=KEY_4)
2026-05-17 12:21:06,940 [INFO] [13/121] 강서한강공원 (primary=KEY_1)
2026-05-17 12:21:07,899 [INFO] [14/121] 고척돔 (primary=KEY_2)
2026-05-17 12:21:08,867 [INFO] [15/121] 광나루한강공원 (primary=KEY_3)
2026-05-17 12:21:09,966 [INFO] [16/121] 광화문광장 (primary=KEY_4)
2026-05-17 12:21:11,098 [INFO] [17/121] 국립중앙박물관·용산가족공원 (primary=KEY_1)
2026-05-17 12:21:12,640 [INFO] [18/121] 난지한강공원 (primary=KEY_2)
2026-05-17 12:21:13,606 [INFO] [19/121] 남산공원 (primary=KEY_3)
2026-05-17 12:21:14,886 [INFO] [20/121] 노들섬 (primary=KEY_4)
2026-05-17 12:21:16,656 [INFO] [21/121] 뚝섬한강공원 (primary=KEY_1)
2026-05-17 12:21:17,649 [INFO] [22/121] 망원한강공원 (primary=KEY_2)
2026-05-17 12:21:18,766 [INFO] [23/121] 반포한강공원 (primary=KEY_3)
2026-05-17 12:21:19,733 [INFO] [24/121] 보라매공원 (primary=KEY_4)
2026-05-17 12:21:20,715 [INFO] [25/121] 북서울꿈의숲 (primary=KEY_1)
2026-05-17 12:21:21,815 [INFO] [26/121] 서대문독립공원 (primary=KEY_2)
2026-05-17 12:21:22,800 [INFO] [27/121] 서리풀공원·몽마르뜨공원 (primary=KEY_3)
2026-05-17 12:21:23,936 [INFO] [28/121] 서울대공원 (primary=KEY_4)
2026-05-17 12:21:24,895 [INFO] [29/121] 서울숲공원 (primary=KEY_1)
2026-05-17 12:21:26,044 [INFO] [30/121] 송현녹지광장 (primary=KEY_2)
2026-05-17 12:21:27,150 [INFO] [31/121] 아차산 (primary=KEY_3)
2026-05-17 12:21:28,784 [INFO] [32/121] 안양천 (primary=KEY_4)
2026-05-17 12:21:29,748 [INFO] [33/121] 양화한강공원 (primary=KEY_1)
2026-05-17 12:21:30,712 [INFO] [34/121] 어린이대공원 (primary=KEY_2)
2026-05-17 12:21:31,863 [INFO] [35/121] 여의도한강공원 (primary=KEY_3)
2026-05-17 12:21:32,961 [INFO] [36/121] 여의서로 (primary=KEY_4)
2026-05-17 12:21:33,932 [INFO] [37/121] 올림픽공원 (primary=KEY_1)
2026-05-17 12:21:35,626 [INFO] [38/121] 월드컵공원 (primary=KEY_2)
2026-05-17 12:21:36,903 [INFO] [39/121] 응봉산 (primary=KEY_3)
2026-05-17 12:21:38,028 [INFO] [40/121] 이촌한강공원 (primary=KEY_4)
2026-05-17 12:21:38,998 [INFO] [41/121] 잠실종합운동장 (primary=KEY_1)
2026-05-17 12:21:39,976 [INFO] [42/121] 잠실한강공원 (primary=KEY_2)
2026-05-17 12:21:40,964 [INFO] [43/121] 잠원한강공원 (primary=KEY_3)
2026-05-17 12:21:41,945 [INFO] [44/121] 청계산 (primary=KEY_4)
2026-05-17 12:21:42,920 [INFO] [45/121] 홍제폭포 (primary=KEY_1)
2026-05-17 12:21:44,436 [INFO] [46/121] 가락시장 (primary=KEY_2)
2026-05-17 12:21:45,594 [INFO] [47/121] 가로수길 (primary=KEY_3)
2026-05-17 12:21:46,744 [INFO] [48/121] 광장(전통)시장 (primary=KEY_4)
2026-05-17 12:21:47,741 [INFO] [49/121] 김포공항 (primary=KEY_1)
2026-05-17 12:21:48,888 [INFO] [50/121] 남대문시장 (primary=KEY_2)
2026-05-17 12:21:50,026 [INFO] [51/121] 노량진 (primary=KEY_3)
2026-05-17 12:21:51,159 [INFO] [52/121] 덕수궁길·정동길 (primary=KEY_4)
2026-05-17 12:21:52,311 [INFO] [53/121] 북창동 먹자골목 (primary=KEY_1)
2026-05-17 12:21:53,311 [INFO] [54/121] 북촌한옥마을 (primary=KEY_2)
2026-05-17 12:21:54,433 [INFO] [55/121] 서촌 (primary=KEY_3)
2026-05-17 12:21:55,551 [INFO] [56/121] 성수카페거리 (primary=KEY_4)
2026-05-17 12:21:56,705 [INFO] [57/121] 송리단길·호수단길 (primary=KEY_1)
2026-05-17 12:21:57,851 [INFO] [58/121] 신촌 스타광장 (primary=KEY_2)
2026-05-17 12:21:58,848 [INFO] [59/121] 압구정로데오거리 (primary=KEY_3)
2026-05-17 12:21:59,981 [INFO] [60/121] 여의도 (primary=KEY_4)
2026-05-17 12:22:01,647 [INFO] [61/121] 연남동 (primary=KEY_1)
2026-05-17 12:22:02,781 [INFO] [62/121] 영등포 타임스퀘어 (primary=KEY_2)
2026-05-17 12:22:03,885 [INFO] [63/121] 용리단길 (primary=KEY_3)
2026-05-17 12:22:04,883 [INFO] [64/121] 이태원 앤틱가구거리 (primary=KEY_4)
2026-05-17 12:22:06,016 [INFO] [65/121] 익선동 (primary=KEY_1)
2026-05-17 12:22:07,158 [INFO] [66/121] 인사동 (primary=KEY_2)
2026-05-17 12:22:08,288 [INFO] [67/121] 잠실롯데타워·석촌호수 (primary=KEY_3)
2026-05-17 12:22:09,463 [INFO] [68/121] 창동 신경제 중심지 (primary=KEY_4)
2026-05-17 12:22:10,758 [INFO] [69/121] 청담동 명품거리 (primary=KEY_1)
2026-05-17 12:22:11,905 [INFO] [70/121] 청량리 제기동 일대 전통시장 (primary=KEY_2)
2026-05-17 12:22:13,044 [INFO] [71/121] 해방촌·경리단길 (primary=KEY_3)
2026-05-17 12:22:14,023 [INFO] [72/121] DDP(동대문디자인플라자) (primary=KEY_4)
2026-05-17 12:22:15,155 [INFO] [73/121] DMC(디지털미디어시티) (primary=KEY_1)
2026-05-17 12:22:16,446 [INFO] [74/121] 가산디지털단지역 (primary=KEY_2)
2026-05-17 12:22:17,716 [INFO] [75/121] 강남역 (primary=KEY_3)
2026-05-17 12:22:19,007 [INFO] [76/121] 건대입구역 (primary=KEY_4)
2026-05-17 12:22:20,137 [INFO] [77/121] 고덕역 (primary=KEY_1)
2026-05-17 12:22:21,260 [INFO] [78/121] 고속터미널역 (primary=KEY_2)
2026-05-17 12:22:22,286 [INFO] [79/121] 교대역 (primary=KEY_3)
2026-05-17 12:22:23,281 [INFO] [80/121] 구로디지털단지역 (primary=KEY_4)
2026-05-17 12:22:24,453 [INFO] [81/121] 구로역 (primary=KEY_1)
2026-05-17 12:22:25,431 [INFO] [82/121] 군자역 (primary=KEY_2)
2026-05-17 12:22:26,560 [INFO] [83/121] 대림역 (primary=KEY_3)
2026-05-17 12:22:27,688 [INFO] [84/121] 동대문역 (primary=KEY_4)
2026-05-17 12:22:28,823 [INFO] [85/121] 뚝섬역 (primary=KEY_1)
2026-05-17 12:22:29,974 [INFO] [86/121] 미아사거리역 (primary=KEY_2)
2026-05-17 12:22:31,113 [INFO] [87/121] 발산역 (primary=KEY_3)
2026-05-17 12:22:32,387 [INFO] [88/121] 사당역 (primary=KEY_4)
2026-05-17 12:22:33,534 [INFO] [89/121] 삼각지역 (primary=KEY_1)
2026-05-17 12:22:34,534 [INFO] [90/121] 서울대입구역 (primary=KEY_2)
2026-05-17 12:22:35,661 [INFO] [91/121] 서울식물원·마곡나루역 (primary=KEY_3)
2026-05-17 12:22:36,798 [INFO] [92/121] 서울역 (primary=KEY_4)
2026-05-17 12:22:37,995 [INFO] [93/121] 선릉역 (primary=KEY_1)
2026-05-17 12:22:39,318 [INFO] [94/121] 성신여대입구역 (primary=KEY_2)
2026-05-17 12:22:40,326 [INFO] [95/121] 수유역 (primary=KEY_3)
2026-05-17 12:22:41,451 [INFO] [96/121] 숭례문 (primary=KEY_4)
2026-05-17 12:22:42,622 [INFO] [97/121] 시의회 앞 (primary=KEY_1)
2026-05-17 12:22:43,756 [INFO] [98/121] 신논현역·논현역 (primary=KEY_2)
2026-05-17 12:22:44,914 [INFO] [99/121] 신도림역 (primary=KEY_3)
2026-05-17 12:22:45,921 [INFO] [100/121] 신림역 (primary=KEY_4)
2026-05-17 12:22:46,928 [INFO] [101/121] 신정네거리역 (primary=KEY_1)
2026-05-17 12:22:47,912 [INFO] [102/121] 신촌·이대역 (primary=KEY_2)
2026-05-17 12:22:49,047 [INFO] [103/121] 쌍문역 (primary=KEY_3)
2026-05-17 12:22:50,183 [INFO] [104/121] 양재역 (primary=KEY_4)
2026-05-17 12:22:51,323 [INFO] [105/121] 역삼역 (primary=KEY_1)
2026-05-17 12:22:52,494 [INFO] [106/121] 연신내역 (primary=KEY_2)
2026-05-17 12:22:53,519 [INFO] [107/121] 오목교역·목동운동장 (primary=KEY_3)
2026-05-17 12:22:54,948 [INFO] [108/121] 왕십리역 (primary=KEY_4)
2026-05-17 12:22:56,159 [INFO] [109/121] 용산역 (primary=KEY_1)
2026-05-17 12:22:57,430 [INFO] [110/121] 이태원역 (primary=KEY_2)
2026-05-17 12:22:58,427 [INFO] [111/121] 잠실새내역 (primary=KEY_3)
2026-05-17 12:22:59,557 [INFO] [112/121] 잠실역 (primary=KEY_4)
2026-05-17 12:23:00,716 [INFO] [113/121] 장지역 (primary=KEY_1)
2026-05-17 12:23:01,842 [INFO] [114/121] 장한평역 (primary=KEY_2)
2026-05-17 12:23:02,983 [INFO] [115/121] 천호역 (primary=KEY_3)
2026-05-17 12:23:04,133 [INFO] [116/121] 총신대입구(이수)역 (primary=KEY_4)
2026-05-17 12:23:05,265 [INFO] [117/121] 충정로역 (primary=KEY_1)
2026-05-17 12:23:06,416 [INFO] [118/121] 합정역 (primary=KEY_2)
2026-05-17 12:23:07,560 [INFO] [119/121] 혜화역 (primary=KEY_3)
2026-05-17 12:23:08,697 [INFO] [120/121] 홍대입구역(2호선) (primary=KEY_4)
2026-05-17 12:23:09,859 [INFO] [121/121] 회기역 (primary=KEY_1)
2026-05-17 12:23:12,968 [INFO] === 수집 완료 | 성공 121, 실패 0 ===
2026-05-17 12:23:12,968 [INFO] 카테고리별 저장 결과:
2026-05-17 12:23:12,968 [INFO]    accident                  | 신규     5행 | 누적     38행 | 16컬럼
2026-05-17 12:23:12,968 [INFO]    accident_acdnt_cntrl_stts | 신규     8행 | 누적     29행 | 16컬럼
2026-05-17 12:23:12,968 [INFO]    area_meta                 | 신규   121행 | 누적   1331행 | 5컬럼
2026-05-17 12:23:12,969 [INFO]    bike                      | 신규    11행 | 누적    113행 | 12컬럼
2026-05-17 12:23:12,969 [INFO]    bike_sbike_stts           | 신규   558행 | 누적   6138행 | 12컬럼
2026-05-17 12:23:12,969 [INFO]    bus                       | 신규     3행 | 누적     33행 | 11컬럼
2026-05-17 12:23:12,969 [INFO]    bus_bus_stn_stts          | 신규  1745행 | 누적  19195행 | 11컬럼
2026-05-17 12:23:12,969 [INFO]    charger                   | 신규    17행 | 누적     77행 | 15컬럼
2026-05-17 12:23:12,969 [INFO]    charger_charger_stts      | 신규   625행 | 누적  17770행 | 15컬럼
2026-05-17 12:23:12,969 [INFO]    cmrcl                     | 신규    82행 | 누적    902행 | 21컬럼
2026-05-17 12:23:12,969 [INFO]    events                    | 신규    12행 | 누적    122행 | 14컬럼
2026-05-17 12:23:12,969 [INFO]    events_event_stts         | 신규   174행 | 누적   1994행 | 14컬럼
2026-05-17 12:23:12,969 [INFO]    news                      | 신규   111행 | 누적    111행 | 10컬럼
2026-05-17 12:23:12,969 [INFO]    news_live_yna_news        | 신규    18행 | 누적     18행 | 10컬럼
2026-05-17 12:23:12,969 [INFO]    parking                   | 신규     6행 | 누적     66행 | 21컬럼
2026-05-17 12:23:12,969 [INFO]    parking_prk_stts          | 신규  1835행 | 누적  20185행 | 21컬럼
2026-05-17 12:23:12,969 [INFO]    ppltn                     | 신규   121행 | 누적   1331행 | 26컬럼
2026-05-17 12:23:12,969 [INFO]    road                      | 신규   121행 | 누적   1331행 | 21컬럼
2026-05-17 12:23:12,970 [INFO]    road_road_traffic_stts    | 신규  5244행 | 누적  57684행 | 17컬럼
2026-05-17 12:23:12,970 [INFO]    subway                    | 신규    38행 | 누적    418행 | 13컬럼
2026-05-17 12:23:12,970 [INFO]    subway_sub_stts           | 신규   183행 | 누적   2013행 | 13컬럼
2026-05-17 12:23:12,970 [INFO]    weather                   | 신규   119행 | 누적   1309행 | 30컬럼
2026-05-17 12:23:12,970 [INFO] 키별 사용량:
2026-05-17 12:23:12,970 [INFO]    🟢 KEY_1 (31/1000) 
2026-05-17 12:23:12,970 [INFO]    🟢 KEY_2 (30/1000) 
2026-05-17 12:23:12,970 [INFO]    🟢 KEY_3 (30/1000) 
2026-05-17 12:23:12,970 [INFO]    🟢 KEY_4 (30/1000) 
2026-05-17 14:27:09,997 [INFO] 등록된 키: 4개, 합산 한도 4,000건/일
2026-05-17 14:27:09,997 [INFO] POI 로드: 매뉴얼 v8.5 기준 fallback 121개 (121개 전체)
2026-05-17 14:27:09,997 [INFO] === 수집 시작 2026-05-17T14:27:09.997765+09:00 ===
2026-05-17 14:27:09,997 [INFO] 대상 장소: 121개 | API: citydata (통합)
2026-05-17 14:27:09,997 [INFO] 키 풀: 4/4 활성 | 오늘 사용 0/4000건
2026-05-17 14:27:09,998 [INFO]   [KEY_1] 담당 31장소
2026-05-17 14:27:09,998 [INFO]   [KEY_2] 담당 30장소
2026-05-17 14:27:09,998 [INFO]   [KEY_3] 담당 30장소
2026-05-17 14:27:09,998 [INFO]   [KEY_4] 담당 30장소
2026-05-17 14:27:09,998 [INFO] [1/121] 경복궁 (primary=KEY_1)
2026-05-17 14:27:11,747 [INFO] [2/121] 광화문·덕수궁 (primary=KEY_2)
2026-05-17 14:27:14,143 [INFO] [3/121] 보신각 (primary=KEY_3)
2026-05-17 14:27:15,914 [INFO] [4/121] 서울 암사동 유적 (primary=KEY_4)
2026-05-17 14:27:17,077 [INFO] [5/121] 창덕궁·종묘 (primary=KEY_1)
2026-05-17 14:27:18,226 [INFO] [6/121] 강남 MICE 관광특구 (primary=KEY_2)
2026-05-17 14:27:19,404 [INFO] [7/121] 동대문 관광특구 (primary=KEY_3)
2026-05-17 14:27:20,802 [INFO] [8/121] 명동 관광특구 (primary=KEY_4)
2026-05-17 14:27:22,988 [INFO] [9/121] 이태원 관광특구 (primary=KEY_1)
2026-05-17 14:27:24,253 [INFO] [10/121] 잠실 관광특구 (primary=KEY_2)
2026-05-17 14:27:26,558 [INFO] [11/121] 종로·청계 관광특구 (primary=KEY_3)
2026-05-17 14:27:27,952 [INFO] [12/121] 홍대 관광특구 (primary=KEY_4)
2026-05-17 14:27:29,363 [INFO] [13/121] 강서한강공원 (primary=KEY_1)
2026-05-17 14:27:30,977 [INFO] [14/121] 고척돔 (primary=KEY_2)
2026-05-17 14:27:32,006 [INFO] [15/121] 광나루한강공원 (primary=KEY_3)
2026-05-17 14:27:33,157 [INFO] [16/121] 광화문광장 (primary=KEY_4)
2026-05-17 14:27:34,331 [INFO] [17/121] 국립중앙박물관·용산가족공원 (primary=KEY_1)
2026-05-17 14:27:35,359 [INFO] [18/121] 난지한강공원 (primary=KEY_2)
2026-05-17 14:27:36,382 [INFO] [19/121] 남산공원 (primary=KEY_3)
2026-05-17 14:27:37,735 [INFO] [20/121] 노들섬 (primary=KEY_4)
2026-05-17 14:27:38,745 [INFO] [21/121] 뚝섬한강공원 (primary=KEY_1)
2026-05-17 14:27:39,790 [INFO] [22/121] 망원한강공원 (primary=KEY_2)
2026-05-17 14:27:40,965 [INFO] [23/121] 반포한강공원 (primary=KEY_3)
2026-05-17 14:27:41,972 [INFO] [24/121] 보라매공원 (primary=KEY_4)
2026-05-17 14:27:42,996 [INFO] [25/121] 북서울꿈의숲 (primary=KEY_1)
2026-05-17 14:27:44,166 [INFO] [26/121] 서대문독립공원 (primary=KEY_2)
2026-05-17 14:27:45,197 [INFO] [27/121] 서리풀공원·몽마르뜨공원 (primary=KEY_3)
2026-05-17 14:27:46,397 [INFO] [28/121] 서울대공원 (primary=KEY_4)
2026-05-17 14:27:47,401 [INFO] [29/121] 서울숲공원 (primary=KEY_1)
2026-05-17 14:27:48,584 [INFO] [30/121] 송현녹지광장 (primary=KEY_2)
2026-05-17 14:27:49,755 [INFO] [31/121] 아차산 (primary=KEY_3)
2026-05-17 14:27:50,771 [INFO] [32/121] 안양천 (primary=KEY_4)
2026-05-17 14:27:51,776 [INFO] [33/121] 양화한강공원 (primary=KEY_1)
2026-05-17 14:27:52,788 [INFO] [34/121] 어린이대공원 (primary=KEY_2)
2026-05-17 14:27:53,975 [INFO] [35/121] 여의도한강공원 (primary=KEY_3)
2026-05-17 14:27:55,144 [INFO] [36/121] 여의서로 (primary=KEY_4)
2026-05-17 14:27:56,299 [INFO] [37/121] 올림픽공원 (primary=KEY_1)
2026-05-17 14:27:57,652 [INFO] [38/121] 월드컵공원 (primary=KEY_2)
2026-05-17 14:27:59,009 [INFO] [39/121] 응봉산 (primary=KEY_3)
2026-05-17 14:28:00,184 [INFO] [40/121] 이촌한강공원 (primary=KEY_4)
2026-05-17 14:28:01,190 [INFO] [41/121] 잠실종합운동장 (primary=KEY_1)
2026-05-17 14:28:02,224 [INFO] [42/121] 잠실한강공원 (primary=KEY_2)
2026-05-17 14:28:03,252 [INFO] [43/121] 잠원한강공원 (primary=KEY_3)
2026-05-17 14:28:04,256 [INFO] [44/121] 청계산 (primary=KEY_4)
2026-05-17 14:28:05,265 [INFO] [45/121] 홍제폭포 (primary=KEY_1)
2026-05-17 14:28:06,286 [INFO] [46/121] 가락시장 (primary=KEY_2)
2026-05-17 14:28:07,473 [INFO] [47/121] 가로수길 (primary=KEY_3)
2026-05-17 14:28:08,666 [INFO] [48/121] 광장(전통)시장 (primary=KEY_4)
2026-05-17 14:28:09,683 [INFO] [49/121] 김포공항 (primary=KEY_1)
2026-05-17 14:28:11,017 [INFO] [50/121] 남대문시장 (primary=KEY_2)
2026-05-17 14:28:12,192 [INFO] [51/121] 노량진 (primary=KEY_3)
2026-05-17 14:28:13,368 [INFO] [52/121] 덕수궁길·정동길 (primary=KEY_4)
2026-05-17 14:28:14,563 [INFO] [53/121] 북창동 먹자골목 (primary=KEY_1)
2026-05-17 14:28:15,733 [INFO] [54/121] 북촌한옥마을 (primary=KEY_2)
2026-05-17 14:28:17,083 [INFO] [55/121] 서촌 (primary=KEY_3)
2026-05-17 14:28:18,261 [INFO] [56/121] 성수카페거리 (primary=KEY_4)
2026-05-17 14:28:19,592 [INFO] [57/121] 송리단길·호수단길 (primary=KEY_1)
2026-05-17 14:28:20,804 [INFO] [58/121] 신촌 스타광장 (primary=KEY_2)
2026-05-17 14:28:21,833 [INFO] [59/121] 압구정로데오거리 (primary=KEY_3)
2026-05-17 14:28:23,025 [INFO] [60/121] 여의도 (primary=KEY_4)
2026-05-17 14:28:24,916 [INFO] [61/121] 연남동 (primary=KEY_1)
2026-05-17 14:28:26,079 [INFO] [62/121] 영등포 타임스퀘어 (primary=KEY_2)
2026-05-17 14:28:27,265 [INFO] [63/121] 용리단길 (primary=KEY_3)
2026-05-17 14:28:28,321 [INFO] [64/121] 이태원 앤틱가구거리 (primary=KEY_4)
2026-05-17 14:28:29,486 [INFO] [65/121] 익선동 (primary=KEY_1)
2026-05-17 14:28:30,683 [INFO] [66/121] 인사동 (primary=KEY_2)
2026-05-17 14:28:32,086 [INFO] [67/121] 잠실롯데타워·석촌호수 (primary=KEY_3)
2026-05-17 14:28:33,578 [INFO] [68/121] 창동 신경제 중심지 (primary=KEY_4)
2026-05-17 14:28:35,082 [INFO] [69/121] 청담동 명품거리 (primary=KEY_1)
2026-05-17 14:28:36,259 [INFO] [70/121] 청량리 제기동 일대 전통시장 (primary=KEY_2)
2026-05-17 14:28:37,454 [INFO] [71/121] 해방촌·경리단길 (primary=KEY_3)
2026-05-17 14:28:38,611 [INFO] [72/121] DDP(동대문디자인플라자) (primary=KEY_4)
2026-05-17 14:28:39,802 [INFO] [73/121] DMC(디지털미디어시티) (primary=KEY_1)
2026-05-17 14:28:41,323 [INFO] [74/121] 가산디지털단지역 (primary=KEY_2)
2026-05-17 14:28:42,955 [INFO] [75/121] 강남역 (primary=KEY_3)
2026-05-17 14:28:44,440 [INFO] [76/121] 건대입구역 (primary=KEY_4)
2026-05-17 14:28:45,643 [INFO] [77/121] 고덕역 (primary=KEY_1)
2026-05-17 14:28:46,860 [INFO] [78/121] 고속터미널역 (primary=KEY_2)
2026-05-17 14:28:48,051 [INFO] [79/121] 교대역 (primary=KEY_3)
2026-05-17 14:28:49,228 [INFO] [80/121] 구로디지털단지역 (primary=KEY_4)
2026-05-17 14:28:50,708 [INFO] [81/121] 구로역 (primary=KEY_1)
2026-05-17 14:28:51,870 [INFO] [82/121] 군자역 (primary=KEY_2)
2026-05-17 14:28:53,077 [INFO] [83/121] 대림역 (primary=KEY_3)
2026-05-17 14:28:54,265 [INFO] [84/121] 동대문역 (primary=KEY_4)
2026-05-17 14:28:55,438 [INFO] [85/121] 뚝섬역 (primary=KEY_1)
2026-05-17 14:28:56,622 [INFO] [86/121] 미아사거리역 (primary=KEY_2)
2026-05-17 14:28:57,797 [INFO] [87/121] 발산역 (primary=KEY_3)
2026-05-17 14:28:59,275 [INFO] [88/121] 사당역 (primary=KEY_4)
2026-05-17 14:29:00,461 [INFO] [89/121] 삼각지역 (primary=KEY_1)
2026-05-17 14:29:01,495 [INFO] [90/121] 서울대입구역 (primary=KEY_2)
2026-05-17 14:29:02,663 [INFO] [91/121] 서울식물원·마곡나루역 (primary=KEY_3)
2026-05-17 14:29:04,015 [INFO] [92/121] 서울역 (primary=KEY_4)
2026-05-17 14:29:05,462 [INFO] [93/121] 선릉역 (primary=KEY_1)
2026-05-17 14:29:06,959 [INFO] [94/121] 성신여대입구역 (primary=KEY_2)
2026-05-17 14:29:08,015 [INFO] [95/121] 수유역 (primary=KEY_3)
2026-05-17 14:29:09,201 [INFO] [96/121] 숭례문 (primary=KEY_4)
2026-05-17 14:29:10,377 [INFO] [97/121] 시의회 앞 (primary=KEY_1)
2026-05-17 14:29:11,563 [INFO] [98/121] 신논현역·논현역 (primary=KEY_2)
2026-05-17 14:29:12,764 [INFO] [99/121] 신도림역 (primary=KEY_3)
2026-05-17 14:29:13,799 [INFO] [100/121] 신림역 (primary=KEY_4)
2026-05-17 14:29:14,994 [INFO] [101/121] 신정네거리역 (primary=KEY_1)
2026-05-17 14:29:16,182 [INFO] [102/121] 신촌·이대역 (primary=KEY_2)
2026-05-17 14:29:17,358 [INFO] [103/121] 쌍문역 (primary=KEY_3)
2026-05-17 14:29:18,540 [INFO] [104/121] 양재역 (primary=KEY_4)
2026-05-17 14:29:19,781 [INFO] [105/121] 역삼역 (primary=KEY_1)
2026-05-17 14:29:21,117 [INFO] [106/121] 연신내역 (primary=KEY_2)
2026-05-17 14:29:22,166 [INFO] [107/121] 오목교역·목동운동장 (primary=KEY_3)
2026-05-17 14:29:23,853 [INFO] [108/121] 왕십리역 (primary=KEY_4)
2026-05-17 14:29:25,212 [INFO] [109/121] 용산역 (primary=KEY_1)
2026-05-17 14:29:26,536 [INFO] [110/121] 이태원역 (primary=KEY_2)
2026-05-17 14:29:27,582 [INFO] [111/121] 잠실새내역 (primary=KEY_3)
2026-05-17 14:29:28,758 [INFO] [112/121] 잠실역 (primary=KEY_4)
2026-05-17 14:29:30,098 [INFO] [113/121] 장지역 (primary=KEY_1)
2026-05-17 14:29:31,417 [INFO] [114/121] 장한평역 (primary=KEY_2)
2026-05-17 14:29:32,602 [INFO] [115/121] 천호역 (primary=KEY_3)
2026-05-17 14:29:33,956 [INFO] [116/121] 총신대입구(이수)역 (primary=KEY_4)
2026-05-17 14:29:35,142 [INFO] [117/121] 충정로역 (primary=KEY_1)
2026-05-17 14:29:36,339 [INFO] [118/121] 합정역 (primary=KEY_2)
2026-05-17 14:29:37,728 [INFO] [119/121] 혜화역 (primary=KEY_3)
2026-05-17 14:29:38,950 [INFO] [120/121] 홍대입구역(2호선) (primary=KEY_4)
2026-05-17 14:29:40,136 [INFO] [121/121] 회기역 (primary=KEY_1)
2026-05-17 14:29:43,425 [INFO] === 수집 완료 | 성공 121, 실패 0 ===
2026-05-17 14:29:43,425 [INFO] 카테고리별 저장 결과:
2026-05-17 14:29:43,425 [INFO]    accident                  | 신규     8행 | 누적     46행 | 16컬럼
2026-05-17 14:29:43,425 [INFO]    accident_acdnt_cntrl_stts | 신규     7행 | 누적     36행 | 16컬럼
2026-05-17 14:29:43,425 [INFO]    area_meta                 | 신규   121행 | 누적   1452행 | 5컬럼
2026-05-17 14:29:43,426 [INFO]    bike                      | 신규    11행 | 누적    124행 | 12컬럼
2026-05-17 14:29:43,426 [INFO]    bike_sbike_stts           | 신규   558행 | 누적   6696행 | 12컬럼
2026-05-17 14:29:43,426 [INFO]    bus                       | 신규     3행 | 누적     36행 | 11컬럼
2026-05-17 14:29:43,426 [INFO]    bus_bus_stn_stts          | 신규  1745행 | 누적  20940행 | 11컬럼
2026-05-17 14:29:43,426 [INFO]    charger                   | 신규     4행 | 누적     81행 | 15컬럼
2026-05-17 14:29:43,426 [INFO]    charger_charger_stts      | 신규  1885행 | 누적  19640행 | 15컬럼
2026-05-17 14:29:43,426 [INFO]    cmrcl                     | 신규    82행 | 누적    984행 | 21컬럼
2026-05-17 14:29:43,426 [INFO]    events                    | 신규    12행 | 누적    134행 | 14컬럼
2026-05-17 14:29:43,426 [INFO]    events_event_stts         | 신규   174행 | 누적   2168행 | 14컬럼
2026-05-17 14:29:43,426 [INFO]    news                      | 신규   111행 | 누적    222행 | 10컬럼
2026-05-17 14:29:43,426 [INFO]    news_live_yna_news        | 신규    18행 | 누적     36행 | 10컬럼
2026-05-17 14:29:43,426 [INFO]    parking                   | 신규     6행 | 누적     72행 | 21컬럼
2026-05-17 14:29:43,426 [INFO]    parking_prk_stts          | 신규  1835행 | 누적  22020행 | 21컬럼
2026-05-17 14:29:43,426 [INFO]    ppltn                     | 신규   121행 | 누적   1452행 | 26컬럼
2026-05-17 14:29:43,426 [INFO]    road                      | 신규   121행 | 누적   1452행 | 21컬럼
2026-05-17 14:29:43,427 [INFO]    road_road_traffic_stts    | 신규  5244행 | 누적  62928행 | 17컬럼
2026-05-17 14:29:43,427 [INFO]    subway                    | 신규    38행 | 누적    456행 | 13컬럼
2026-05-17 14:29:43,427 [INFO]    subway_sub_stts           | 신규   183행 | 누적   2196행 | 13컬럼
2026-05-17 14:29:43,427 [INFO]    weather                   | 신규   119행 | 누적   1428행 | 30컬럼
2026-05-17 14:29:43,427 [INFO] 키별 사용량:
2026-05-17 14:29:43,427 [INFO]    🟢 KEY_1 (31/1000) 
2026-05-17 14:29:43,427 [INFO]    🟢 KEY_2 (30/1000) 
2026-05-17 14:29:43,427 [INFO]    🟢 KEY_3 (30/1000) 
2026-05-17 14:29:43,427 [INFO]    🟢 KEY_4 (30/1000) 
2026-05-17 16:12:20,240 [INFO] 등록된 키: 4개, 합산 한도 4,000건/일
2026-05-17 16:12:20,241 [INFO] POI 로드: 매뉴얼 v8.5 기준 fallback 121개 (121개 전체)
2026-05-17 16:12:20,241 [INFO] === 수집 시작 2026-05-17T16:12:20.241664+09:00 ===
2026-05-17 16:12:20,241 [INFO] 대상 장소: 121개 | API: citydata (통합)
2026-05-17 16:12:20,241 [INFO] 키 풀: 4/4 활성 | 오늘 사용 0/4000건
2026-05-17 16:12:20,241 [INFO]   [KEY_1] 담당 31장소
2026-05-17 16:12:20,242 [INFO]   [KEY_2] 담당 30장소
2026-05-17 16:12:20,242 [INFO]   [KEY_3] 담당 30장소
2026-05-17 16:12:20,242 [INFO]   [KEY_4] 담당 30장소
2026-05-17 16:12:20,242 [INFO] [1/121] 경복궁 (primary=KEY_1)
2026-05-17 16:12:22,689 [INFO] [2/121] 광화문·덕수궁 (primary=KEY_2)
2026-05-17 16:12:25,259 [INFO] [3/121] 보신각 (primary=KEY_3)
2026-05-17 16:12:27,411 [INFO] [4/121] 서울 암사동 유적 (primary=KEY_4)
2026-05-17 16:12:29,364 [INFO] [5/121] 창덕궁·종묘 (primary=KEY_1)
2026-05-17 16:12:31,504 [INFO] [6/121] 강남 MICE 관광특구 (primary=KEY_2)
2026-05-17 16:12:32,894 [INFO] [7/121] 동대문 관광특구 (primary=KEY_3)
2026-05-17 16:12:35,135 [INFO] [8/121] 명동 관광특구 (primary=KEY_4)
2026-05-17 16:12:38,029 [INFO] [9/121] 이태원 관광특구 (primary=KEY_1)
2026-05-17 16:12:40,966 [INFO] [10/121] 잠실 관광특구 (primary=KEY_2)
2026-05-17 16:12:43,753 [INFO] [11/121] 종로·청계 관광특구 (primary=KEY_3)
2026-05-17 16:12:46,079 [INFO] [12/121] 홍대 관광특구 (primary=KEY_4)
2026-05-17 16:12:47,716 [INFO] [13/121] 강서한강공원 (primary=KEY_1)
2026-05-17 16:12:49,669 [INFO] [14/121] 고척돔 (primary=KEY_2)
2026-05-17 16:12:51,417 [INFO] [15/121] 광나루한강공원 (primary=KEY_3)
2026-05-17 16:12:52,774 [INFO] [16/121] 광화문광장 (primary=KEY_4)
2026-05-17 16:12:54,165 [INFO] [17/121] 국립중앙박물관·용산가족공원 (primary=KEY_1)
2026-05-17 16:12:55,919 [INFO] [18/121] 난지한강공원 (primary=KEY_2)
2026-05-17 16:12:57,072 [INFO] [19/121] 남산공원 (primary=KEY_3)
2026-05-17 16:12:59,456 [INFO] [20/121] 노들섬 (primary=KEY_4)
2026-05-17 16:13:00,623 [INFO] [21/121] 뚝섬한강공원 (primary=KEY_1)
2026-05-17 16:13:02,430 [INFO] [22/121] 망원한강공원 (primary=KEY_2)
2026-05-17 16:13:04,395 [INFO] [23/121] 반포한강공원 (primary=KEY_3)
2026-05-17 16:13:05,547 [INFO] [24/121] 보라매공원 (primary=KEY_4)
2026-05-17 16:13:07,519 [INFO] [25/121] 북서울꿈의숲 (primary=KEY_1)
2026-05-17 16:13:08,865 [INFO] [26/121] 서대문독립공원 (primary=KEY_2)
2026-05-17 16:13:10,024 [INFO] [27/121] 서리풀공원·몽마르뜨공원 (primary=KEY_3)
2026-05-17 16:13:11,402 [INFO] [28/121] 서울대공원 (primary=KEY_4)
2026-05-17 16:13:12,546 [INFO] [29/121] 서울숲공원 (primary=KEY_1)
2026-05-17 16:13:14,715 [INFO] [30/121] 송현녹지광장 (primary=KEY_2)
2026-05-17 16:13:17,166 [INFO] [31/121] 아차산 (primary=KEY_3)
2026-05-17 16:13:19,123 [INFO] [32/121] 안양천 (primary=KEY_4)
2026-05-17 16:13:20,296 [INFO] [33/121] 양화한강공원 (primary=KEY_1)
2026-05-17 16:13:21,442 [INFO] [34/121] 어린이대공원 (primary=KEY_2)
2026-05-17 16:13:22,815 [INFO] [35/121] 여의도한강공원 (primary=KEY_3)
2026-05-17 16:13:24,809 [INFO] [36/121] 여의서로 (primary=KEY_4)
2026-05-17 16:13:26,171 [INFO] [37/121] 올림픽공원 (primary=KEY_1)
2026-05-17 16:13:27,761 [INFO] [38/121] 월드컵공원 (primary=KEY_2)
2026-05-17 16:13:29,344 [INFO] [39/121] 응봉산 (primary=KEY_3)
2026-05-17 16:13:30,732 [INFO] [40/121] 이촌한강공원 (primary=KEY_4)
2026-05-17 16:13:32,676 [INFO] [41/121] 잠실종합운동장 (primary=KEY_1)
2026-05-17 16:13:33,825 [INFO] [42/121] 잠실한강공원 (primary=KEY_2)
2026-05-17 16:13:35,040 [INFO] [43/121] 잠원한강공원 (primary=KEY_3)
2026-05-17 16:13:36,227 [INFO] [44/121] 청계산 (primary=KEY_4)
2026-05-17 16:13:37,393 [INFO] [45/121] 홍제폭포 (primary=KEY_1)
2026-05-17 16:13:38,551 [INFO] [46/121] 가락시장 (primary=KEY_2)
2026-05-17 16:13:39,944 [INFO] [47/121] 가로수길 (primary=KEY_3)
2026-05-17 16:13:41,351 [INFO] [48/121] 광장(전통)시장 (primary=KEY_4)
2026-05-17 16:13:43,112 [INFO] [49/121] 김포공항 (primary=KEY_1)
2026-05-17 16:13:44,733 [INFO] [50/121] 남대문시장 (primary=KEY_2)
2026-05-17 16:13:46,096 [INFO] [51/121] 노량진 (primary=KEY_3)
2026-05-17 16:13:47,470 [INFO] [52/121] 덕수궁길·정동길 (primary=KEY_4)
2026-05-17 16:13:49,632 [INFO] [53/121] 북창동 먹자골목 (primary=KEY_1)
2026-05-17 16:13:51,011 [INFO] [54/121] 북촌한옥마을 (primary=KEY_2)
2026-05-17 16:13:52,638 [INFO] [55/121] 서촌 (primary=KEY_3)
2026-05-17 16:13:53,985 [INFO] [56/121] 성수카페거리 (primary=KEY_4)
2026-05-17 16:13:55,571 [INFO] [57/121] 송리단길·호수단길 (primary=KEY_1)
2026-05-17 16:13:56,976 [INFO] [58/121] 신촌 스타광장 (primary=KEY_2)
2026-05-17 16:13:58,751 [INFO] [59/121] 압구정로데오거리 (primary=KEY_3)
2026-05-17 16:14:00,141 [INFO] [60/121] 여의도 (primary=KEY_4)
2026-05-17 16:14:02,525 [INFO] [61/121] 연남동 (primary=KEY_1)
2026-05-17 16:14:03,907 [INFO] [62/121] 영등포 타임스퀘어 (primary=KEY_2)
2026-05-17 16:14:05,249 [INFO] [63/121] 용리단길 (primary=KEY_3)
2026-05-17 16:14:06,465 [INFO] [64/121] 이태원 앤틱가구거리 (primary=KEY_4)
2026-05-17 16:14:07,847 [INFO] [65/121] 익선동 (primary=KEY_1)
2026-05-17 16:14:09,259 [INFO] [66/121] 인사동 (primary=KEY_2)
2026-05-17 16:14:10,900 [INFO] [67/121] 잠실롯데타워·석촌호수 (primary=KEY_3)
2026-05-17 16:14:12,693 [INFO] [68/121] 창동 신경제 중심지 (primary=KEY_4)
2026-05-17 16:14:14,517 [INFO] [69/121] 청담동 명품거리 (primary=KEY_1)
2026-05-17 16:14:15,925 [INFO] [70/121] 청량리 제기동 일대 전통시장 (primary=KEY_2)
2026-05-17 16:14:17,300 [INFO] [71/121] 해방촌·경리단길 (primary=KEY_3)
2026-05-17 16:14:18,663 [INFO] [72/121] DDP(동대문디자인플라자) (primary=KEY_4)
2026-05-17 16:14:20,282 [INFO] [73/121] DMC(디지털미디어시티) (primary=KEY_1)
2026-05-17 16:14:22,142 [INFO] [74/121] 가산디지털단지역 (primary=KEY_2)
2026-05-17 16:14:24,115 [INFO] [75/121] 강남역 (primary=KEY_3)
2026-05-17 16:14:25,926 [INFO] [76/121] 건대입구역 (primary=KEY_4)
2026-05-17 16:14:27,328 [INFO] [77/121] 고덕역 (primary=KEY_1)
2026-05-17 16:14:28,708 [INFO] [78/121] 고속터미널역 (primary=KEY_2)
2026-05-17 16:14:30,104 [INFO] [79/121] 교대역 (primary=KEY_3)
2026-05-17 16:14:32,078 [INFO] [80/121] 구로디지털단지역 (primary=KEY_4)
2026-05-17 16:14:33,843 [INFO] [81/121] 구로역 (primary=KEY_1)
2026-05-17 16:14:35,197 [INFO] [82/121] 군자역 (primary=KEY_2)
2026-05-17 16:14:36,645 [INFO] [83/121] 대림역 (primary=KEY_3)
2026-05-17 16:14:38,021 [INFO] [84/121] 동대문역 (primary=KEY_4)
2026-05-17 16:14:39,408 [INFO] [85/121] 뚝섬역 (primary=KEY_1)
2026-05-17 16:14:40,773 [INFO] [86/121] 미아사거리역 (primary=KEY_2)
2026-05-17 16:14:42,142 [INFO] [87/121] 발산역 (primary=KEY_3)
2026-05-17 16:14:43,928 [INFO] [88/121] 사당역 (primary=KEY_4)
2026-05-17 16:14:45,323 [INFO] [89/121] 삼각지역 (primary=KEY_1)
2026-05-17 16:14:46,524 [INFO] [90/121] 서울대입구역 (primary=KEY_2)
2026-05-17 16:14:47,872 [INFO] [91/121] 서울식물원·마곡나루역 (primary=KEY_3)
2026-05-17 16:14:49,452 [INFO] [92/121] 서울역 (primary=KEY_4)
2026-05-17 16:14:51,125 [INFO] [93/121] 선릉역 (primary=KEY_1)
2026-05-17 16:14:52,947 [INFO] [94/121] 성신여대입구역 (primary=KEY_2)
2026-05-17 16:14:54,132 [INFO] [95/121] 수유역 (primary=KEY_3)
2026-05-17 16:14:55,484 [INFO] [96/121] 숭례문 (primary=KEY_4)
2026-05-17 16:14:56,859 [INFO] [97/121] 시의회 앞 (primary=KEY_1)
2026-05-17 16:14:58,293 [INFO] [98/121] 신논현역·논현역 (primary=KEY_2)
2026-05-17 16:14:59,724 [INFO] [99/121] 신도림역 (primary=KEY_3)
2026-05-17 16:15:01,677 [INFO] [100/121] 신림역 (primary=KEY_4)
2026-05-17 16:15:03,047 [INFO] [101/121] 신정네거리역 (primary=KEY_1)
2026-05-17 16:15:04,427 [INFO] [102/121] 신촌·이대역 (primary=KEY_2)
2026-05-17 16:15:05,813 [INFO] [103/121] 쌍문역 (primary=KEY_3)
2026-05-17 16:15:07,162 [INFO] [104/121] 양재역 (primary=KEY_4)
2026-05-17 16:15:08,607 [INFO] [105/121] 역삼역 (primary=KEY_1)
2026-05-17 16:15:10,169 [INFO] [106/121] 연신내역 (primary=KEY_2)
2026-05-17 16:15:11,341 [INFO] [107/121] 오목교역·목동운동장 (primary=KEY_3)
2026-05-17 16:15:13,308 [INFO] [108/121] 왕십리역 (primary=KEY_4)
2026-05-17 16:15:14,877 [INFO] [109/121] 용산역 (primary=KEY_1)
2026-05-17 16:15:16,439 [INFO] [110/121] 이태원역 (primary=KEY_2)
2026-05-17 16:15:17,603 [INFO] [111/121] 잠실새내역 (primary=KEY_3)
2026-05-17 16:15:18,961 [INFO] [112/121] 잠실역 (primary=KEY_4)
2026-05-17 16:15:20,526 [INFO] [113/121] 장지역 (primary=KEY_1)
2026-05-17 16:15:22,093 [INFO] [114/121] 장한평역 (primary=KEY_2)
2026-05-17 16:15:23,460 [INFO] [115/121] 천호역 (primary=KEY_3)
2026-05-17 16:15:25,046 [INFO] [116/121] 총신대입구(이수)역 (primary=KEY_4)
2026-05-17 16:15:26,417 [INFO] [117/121] 충정로역 (primary=KEY_1)
2026-05-17 16:15:27,778 [INFO] [118/121] 합정역 (primary=KEY_2)
2026-05-17 16:15:29,379 [INFO] [119/121] 혜화역 (primary=KEY_3)
2026-05-17 16:15:30,771 [INFO] [120/121] 홍대입구역(2호선) (primary=KEY_4)
2026-05-17 16:15:32,192 [INFO] [121/121] 회기역 (primary=KEY_1)
2026-05-17 16:15:35,813 [INFO] === 수집 완료 | 성공 121, 실패 0 ===
2026-05-17 16:15:35,813 [INFO] 카테고리별 저장 결과:
2026-05-17 16:15:35,813 [INFO]    accident                  | 신규     8행 | 누적     54행 | 16컬럼
2026-05-17 16:15:35,813 [INFO]    accident_acdnt_cntrl_stts | 신규     7행 | 누적     43행 | 16컬럼
2026-05-17 16:15:35,813 [INFO]    area_meta                 | 신규   121행 | 누적   1573행 | 5컬럼
2026-05-17 16:15:35,813 [INFO]    bike                      | 신규    11행 | 누적    135행 | 12컬럼
2026-05-17 16:15:35,813 [INFO]    bike_sbike_stts           | 신규   558행 | 누적   7254행 | 12컬럼
2026-05-17 16:15:35,813 [INFO]    bus                       | 신규     3행 | 누적     39행 | 11컬럼
2026-05-17 16:15:35,813 [INFO]    bus_bus_stn_stts          | 신규  1745행 | 누적  22685행 | 11컬럼
2026-05-17 16:15:35,813 [INFO]    charger                   | 신규     4행 | 누적     85행 | 15컬럼
2026-05-17 16:15:35,813 [INFO]    charger_charger_stts      | 신규  1885행 | 누적  21510행 | 15컬럼
2026-05-17 16:15:35,813 [INFO]    cmrcl                     | 신규    82행 | 누적   1066행 | 21컬럼
2026-05-17 16:15:35,813 [INFO]    events                    | 신규    12행 | 누적    146행 | 14컬럼
2026-05-17 16:15:35,813 [INFO]    events_event_stts         | 신규   174행 | 누적   2342행 | 14컬럼
2026-05-17 16:15:35,813 [INFO]    news                      | 신규   111행 | 누적    333행 | 10컬럼
2026-05-17 16:15:35,813 [INFO]    news_live_yna_news        | 신규    18행 | 누적     54행 | 10컬럼
2026-05-17 16:15:35,813 [INFO]    parking                   | 신규     6행 | 누적     78행 | 21컬럼
2026-05-17 16:15:35,813 [INFO]    parking_prk_stts          | 신규  1835행 | 누적  23855행 | 21컬럼
2026-05-17 16:15:35,813 [INFO]    ppltn                     | 신규   120행 | 누적   1572행 | 26컬럼
2026-05-17 16:15:35,813 [INFO]    road                      | 신규   121행 | 누적   1573행 | 21컬럼
2026-05-17 16:15:35,814 [INFO]    road_road_traffic_stts    | 신규  5244행 | 누적  68172행 | 17컬럼
2026-05-17 16:15:35,814 [INFO]    subway                    | 신규    38행 | 누적    494행 | 13컬럼
2026-05-17 16:15:35,814 [INFO]    subway_sub_stts           | 신규   183행 | 누적   2379행 | 13컬럼
2026-05-17 16:15:35,814 [INFO]    weather                   | 신규   119행 | 누적   1547행 | 30컬럼
2026-05-17 16:15:35,814 [INFO] 키별 사용량:
2026-05-17 16:15:35,814 [INFO]    🟢 KEY_1 (31/1000) 
2026-05-17 16:15:35,814 [INFO]    🟢 KEY_2 (30/1000) 
2026-05-17 16:15:35,814 [INFO]    🟢 KEY_3 (30/1000) 
2026-05-17 16:15:35,814 [INFO]    🟢 KEY_4 (30/1000) 
2026-05-17 17:53:26,187 [INFO] 등록된 키: 4개, 합산 한도 4,000건/일
2026-05-17 17:53:26,188 [INFO] POI 로드: 매뉴얼 v8.5 기준 fallback 121개 (121개 전체)
2026-05-17 17:53:26,188 [INFO] === 수집 시작 2026-05-17T17:53:26.188614+09:00 ===
2026-05-17 17:53:26,188 [INFO] 대상 장소: 121개 | API: citydata (통합)
2026-05-17 17:53:26,188 [INFO] 키 풀: 4/4 활성 | 오늘 사용 0/4000건
2026-05-17 17:53:26,188 [INFO]   [KEY_1] 담당 31장소
2026-05-17 17:53:26,188 [INFO]   [KEY_2] 담당 30장소
2026-05-17 17:53:26,188 [INFO]   [KEY_3] 담당 30장소
2026-05-17 17:53:26,189 [INFO]   [KEY_4] 담당 30장소
2026-05-17 17:53:26,189 [INFO] [1/121] 경복궁 (primary=KEY_1)
2026-05-17 17:53:27,881 [INFO] [2/121] 광화문·덕수궁 (primary=KEY_2)
2026-05-17 17:53:30,109 [INFO] [3/121] 보신각 (primary=KEY_3)
2026-05-17 17:53:31,783 [INFO] [4/121] 서울 암사동 유적 (primary=KEY_4)
2026-05-17 17:53:33,428 [INFO] [5/121] 창덕궁·종묘 (primary=KEY_1)
2026-05-17 17:53:35,087 [INFO] [6/121] 강남 MICE 관광특구 (primary=KEY_2)
2026-05-17 17:53:37,027 [INFO] [7/121] 동대문 관광특구 (primary=KEY_3)
2026-05-17 17:53:38,399 [INFO] [8/121] 명동 관광특구 (primary=KEY_4)
2026-05-17 17:53:40,739 [INFO] [9/121] 이태원 관광특구 (primary=KEY_1)
2026-05-17 17:53:42,434 [INFO] [10/121] 잠실 관광특구 (primary=KEY_2)
2026-05-17 17:53:44,022 [INFO] [11/121] 종로·청계 관광특구 (primary=KEY_3)
2026-05-17 17:53:45,348 [INFO] [12/121] 홍대 관광특구 (primary=KEY_4)
2026-05-17 17:53:46,683 [INFO] [13/121] 강서한강공원 (primary=KEY_1)
2026-05-17 17:53:48,446 [INFO] [14/121] 고척돔 (primary=KEY_2)
2026-05-17 17:53:49,964 [INFO] [15/121] 광나루한강공원 (primary=KEY_3)
2026-05-17 17:53:51,329 [INFO] [16/121] 광화문광장 (primary=KEY_4)
2026-05-17 17:53:52,451 [INFO] [17/121] 국립중앙박물관·용산가족공원 (primary=KEY_1)
2026-05-17 17:53:53,437 [INFO] [18/121] 난지한강공원 (primary=KEY_2)
2026-05-17 17:53:54,407 [INFO] [19/121] 남산공원 (primary=KEY_3)
2026-05-17 17:53:55,687 [INFO] [20/121] 노들섬 (primary=KEY_4)
2026-05-17 17:53:56,653 [INFO] [21/121] 뚝섬한강공원 (primary=KEY_1)
2026-05-17 17:53:57,645 [INFO] [22/121] 망원한강공원 (primary=KEY_2)
2026-05-17 17:53:58,789 [INFO] [23/121] 반포한강공원 (primary=KEY_3)
2026-05-17 17:53:59,767 [INFO] [24/121] 보라매공원 (primary=KEY_4)
2026-05-17 17:54:00,767 [INFO] [25/121] 북서울꿈의숲 (primary=KEY_1)
2026-05-17 17:54:02,419 [INFO] [26/121] 서대문독립공원 (primary=KEY_2)
2026-05-17 17:54:03,409 [INFO] [27/121] 서리풀공원·몽마르뜨공원 (primary=KEY_3)
2026-05-17 17:54:05,092 [INFO] [28/121] 서울대공원 (primary=KEY_4)
2026-05-17 17:54:06,191 [INFO] [29/121] 서울숲공원 (primary=KEY_1)
2026-05-17 17:54:07,321 [INFO] [30/121] 송현녹지광장 (primary=KEY_2)
2026-05-17 17:54:08,437 [INFO] [31/121] 아차산 (primary=KEY_3)
2026-05-17 17:54:09,401 [INFO] [32/121] 안양천 (primary=KEY_4)
2026-05-17 17:54:10,367 [INFO] [33/121] 양화한강공원 (primary=KEY_1)
2026-05-17 17:54:11,336 [INFO] [34/121] 어린이대공원 (primary=KEY_2)
2026-05-17 17:54:12,465 [INFO] [35/121] 여의도한강공원 (primary=KEY_3)
2026-05-17 17:54:13,573 [INFO] [36/121] 여의서로 (primary=KEY_4)
2026-05-17 17:54:14,684 [INFO] [37/121] 올림픽공원 (primary=KEY_1)
2026-05-17 17:54:15,988 [INFO] [38/121] 월드컵공원 (primary=KEY_2)
2026-05-17 17:54:17,328 [INFO] [39/121] 응봉산 (primary=KEY_3)
2026-05-17 17:54:18,439 [INFO] [40/121] 이촌한강공원 (primary=KEY_4)
2026-05-17 17:54:19,420 [INFO] [41/121] 잠실종합운동장 (primary=KEY_1)
2026-05-17 17:54:20,405 [INFO] [42/121] 잠실한강공원 (primary=KEY_2)
2026-05-17 17:54:21,396 [INFO] [43/121] 잠원한강공원 (primary=KEY_3)
2026-05-17 17:54:22,358 [INFO] [44/121] 청계산 (primary=KEY_4)
2026-05-17 17:54:23,328 [INFO] [45/121] 홍제폭포 (primary=KEY_1)
2026-05-17 17:54:24,296 [INFO] [46/121] 가락시장 (primary=KEY_2)
2026-05-17 17:54:25,439 [INFO] [47/121] 가로수길 (primary=KEY_3)
2026-05-17 17:54:26,588 [INFO] [48/121] 광장(전통)시장 (primary=KEY_4)
2026-05-17 17:54:27,568 [INFO] [49/121] 김포공항 (primary=KEY_1)
2026-05-17 17:54:28,854 [INFO] [50/121] 남대문시장 (primary=KEY_2)
2026-05-17 17:54:29,992 [INFO] [51/121] 노량진 (primary=KEY_3)
2026-05-17 17:54:31,159 [INFO] [52/121] 덕수궁길·정동길 (primary=KEY_4)
2026-05-17 17:54:32,291 [INFO] [53/121] 북창동 먹자골목 (primary=KEY_1)
2026-05-17 17:54:33,406 [INFO] [54/121] 북촌한옥마을 (primary=KEY_2)
2026-05-17 17:54:34,688 [INFO] [55/121] 서촌 (primary=KEY_3)
2026-05-17 17:54:35,803 [INFO] [56/121] 성수카페거리 (primary=KEY_4)
2026-05-17 17:54:37,071 [INFO] [57/121] 송리단길·호수단길 (primary=KEY_1)
2026-05-17 17:54:38,209 [INFO] [58/121] 신촌 스타광장 (primary=KEY_2)
2026-05-17 17:54:39,186 [INFO] [59/121] 압구정로데오거리 (primary=KEY_3)
2026-05-17 17:54:41,150 [INFO] [60/121] 여의도 (primary=KEY_4)
2026-05-17 17:54:42,918 [INFO] [61/121] 연남동 (primary=KEY_1)
2026-05-17 17:54:44,047 [INFO] [62/121] 영등포 타임스퀘어 (primary=KEY_2)
2026-05-17 17:54:45,161 [INFO] [63/121] 용리단길 (primary=KEY_3)
2026-05-17 17:54:46,177 [INFO] [64/121] 이태원 앤틱가구거리 (primary=KEY_4)
2026-05-17 17:54:47,305 [INFO] [65/121] 익선동 (primary=KEY_1)
2026-05-17 17:54:48,469 [INFO] [66/121] 인사동 (primary=KEY_2)
2026-05-17 17:54:49,810 [INFO] [67/121] 잠실롯데타워·석촌호수 (primary=KEY_3)
2026-05-17 17:54:51,273 [INFO] [68/121] 창동 신경제 중심지 (primary=KEY_4)
2026-05-17 17:54:52,716 [INFO] [69/121] 청담동 명품거리 (primary=KEY_1)
2026-05-17 17:54:53,842 [INFO] [70/121] 청량리 제기동 일대 전통시장 (primary=KEY_2)
2026-05-17 17:54:54,971 [INFO] [71/121] 해방촌·경리단길 (primary=KEY_3)
2026-05-17 17:54:56,077 [INFO] [72/121] DDP(동대문디자인플라자) (primary=KEY_4)
2026-05-17 17:54:57,222 [INFO] [73/121] DMC(디지털미디어시티) (primary=KEY_1)
2026-05-17 17:54:58,679 [INFO] [74/121] 가산디지털단지역 (primary=KEY_2)
2026-05-17 17:55:00,256 [INFO] [75/121] 강남역 (primary=KEY_3)
2026-05-17 17:55:01,675 [INFO] [76/121] 건대입구역 (primary=KEY_4)
2026-05-17 17:55:02,964 [INFO] [77/121] 고덕역 (primary=KEY_1)
2026-05-17 17:55:04,097 [INFO] [78/121] 고속터미널역 (primary=KEY_2)
2026-05-17 17:55:05,233 [INFO] [79/121] 교대역 (primary=KEY_3)
2026-05-17 17:55:06,364 [INFO] [80/121] 구로디지털단지역 (primary=KEY_4)
2026-05-17 17:55:07,765 [INFO] [81/121] 구로역 (primary=KEY_1)
2026-05-17 17:55:08,867 [INFO] [82/121] 군자역 (primary=KEY_2)
2026-05-17 17:55:09,983 [INFO] [83/121] 대림역 (primary=KEY_3)
2026-05-17 17:55:11,139 [INFO] [84/121] 동대문역 (primary=KEY_4)
2026-05-17 17:55:12,272 [INFO] [85/121] 뚝섬역 (primary=KEY_1)
2026-05-17 17:55:13,399 [INFO] [86/121] 미아사거리역 (primary=KEY_2)
2026-05-17 17:55:14,520 [INFO] [87/121] 발산역 (primary=KEY_3)
2026-05-17 17:55:15,918 [INFO] [88/121] 사당역 (primary=KEY_4)
2026-05-17 17:55:17,044 [INFO] [89/121] 삼각지역 (primary=KEY_1)
2026-05-17 17:55:18,031 [INFO] [90/121] 서울대입구역 (primary=KEY_2)
2026-05-17 17:55:19,148 [INFO] [91/121] 서울식물원·마곡나루역 (primary=KEY_3)
2026-05-17 17:55:20,449 [INFO] [92/121] 서울역 (primary=KEY_4)
2026-05-17 17:55:21,836 [INFO] [93/121] 선릉역 (primary=KEY_1)
2026-05-17 17:55:23,270 [INFO] [94/121] 성신여대입구역 (primary=KEY_2)
2026-05-17 17:55:24,395 [INFO] [95/121] 수유역 (primary=KEY_3)
2026-05-17 17:55:25,521 [INFO] [96/121] 숭례문 (primary=KEY_4)
2026-05-17 17:55:26,670 [INFO] [97/121] 시의회 앞 (primary=KEY_1)
2026-05-17 17:55:27,806 [INFO] [98/121] 신논현역·논현역 (primary=KEY_2)
2026-05-17 17:55:28,960 [INFO] [99/121] 신도림역 (primary=KEY_3)
2026-05-17 17:55:29,943 [INFO] [100/121] 신림역 (primary=KEY_4)
2026-05-17 17:55:31,128 [INFO] [101/121] 신정네거리역 (primary=KEY_1)
2026-05-17 17:55:32,252 [INFO] [102/121] 신촌·이대역 (primary=KEY_2)
2026-05-17 17:55:33,405 [INFO] [103/121] 쌍문역 (primary=KEY_3)
2026-05-17 17:55:34,530 [INFO] [104/121] 양재역 (primary=KEY_4)
2026-05-17 17:55:35,719 [INFO] [105/121] 역삼역 (primary=KEY_1)
2026-05-17 17:55:37,019 [INFO] [106/121] 연신내역 (primary=KEY_2)
2026-05-17 17:55:38,020 [INFO] [107/121] 오목교역·목동운동장 (primary=KEY_3)
2026-05-17 17:55:39,582 [INFO] [108/121] 왕십리역 (primary=KEY_4)
2026-05-17 17:55:40,858 [INFO] [109/121] 용산역 (primary=KEY_1)
2026-05-17 17:55:42,124 [INFO] [110/121] 이태원역 (primary=KEY_2)
2026-05-17 17:55:43,108 [INFO] [111/121] 잠실새내역 (primary=KEY_3)
2026-05-17 17:55:44,226 [INFO] [112/121] 잠실역 (primary=KEY_4)
2026-05-17 17:55:45,492 [INFO] [113/121] 장지역 (primary=KEY_1)
2026-05-17 17:55:46,754 [INFO] [114/121] 장한평역 (primary=KEY_2)
2026-05-17 17:55:47,889 [INFO] [115/121] 천호역 (primary=KEY_3)
2026-05-17 17:55:49,158 [INFO] [116/121] 총신대입구(이수)역 (primary=KEY_4)
2026-05-17 17:55:50,308 [INFO] [117/121] 충정로역 (primary=KEY_1)
2026-05-17 17:55:51,431 [INFO] [118/121] 합정역 (primary=KEY_2)
2026-05-17 17:55:52,719 [INFO] [119/121] 혜화역 (primary=KEY_3)
2026-05-17 17:55:53,828 [INFO] [120/121] 홍대입구역(2호선) (primary=KEY_4)
2026-05-17 17:55:54,966 [INFO] [121/121] 회기역 (primary=KEY_1)
2026-05-17 17:55:58,552 [INFO] === 수집 완료 | 성공 121, 실패 0 ===
2026-05-17 17:55:58,552 [INFO] 카테고리별 저장 결과:
2026-05-17 17:55:58,552 [INFO]    accident                  | 신규     5행 | 누적     59행 | 16컬럼
2026-05-17 17:55:58,552 [INFO]    accident_acdnt_cntrl_stts | 신규     6행 | 누적     49행 | 16컬럼
2026-05-17 17:55:58,553 [INFO]    area_meta                 | 신규   121행 | 누적   1694행 | 5컬럼
2026-05-17 17:55:58,553 [INFO]    bike                      | 신규    11행 | 누적    146행 | 12컬럼
2026-05-17 17:55:58,553 [INFO]    bike_sbike_stts           | 신규   558행 | 누적   7812행 | 12컬럼
2026-05-17 17:55:58,553 [INFO]    bus                       | 신규     3행 | 누적     42행 | 11컬럼
2026-05-17 17:55:58,553 [INFO]    bus_bus_stn_stts          | 신규  1745행 | 누적  24430행 | 11컬럼
2026-05-17 17:55:58,553 [INFO]    charger                   | 신규     4행 | 누적     89행 | 15컬럼
2026-05-17 17:55:58,553 [INFO]    charger_charger_stts      | 신규  1885행 | 누적  23380행 | 15컬럼
2026-05-17 17:55:58,553 [INFO]    cmrcl                     | 신규    82행 | 누적   1148행 | 21컬럼
2026-05-17 17:55:58,553 [INFO]    events                    | 신규    12행 | 누적    158행 | 14컬럼
2026-05-17 17:55:58,553 [INFO]    events_event_stts         | 신규   174행 | 누적   2516행 | 14컬럼
2026-05-17 17:55:58,553 [INFO]    news                      | 신규   111행 | 누적    444행 | 10컬럼
2026-05-17 17:55:58,553 [INFO]    news_live_yna_news        | 신규    18행 | 누적     72행 | 10컬럼
2026-05-17 17:55:58,553 [INFO]    parking                   | 신규     6행 | 누적     84행 | 21컬럼
2026-05-17 17:55:58,554 [INFO]    parking_prk_stts          | 신규  1835행 | 누적  25690행 | 21컬럼
2026-05-17 17:55:58,554 [INFO]    ppltn                     | 신규   121행 | 누적   1693행 | 26컬럼
2026-05-17 17:55:58,554 [INFO]    road                      | 신규   121행 | 누적   1694행 | 21컬럼
2026-05-17 17:55:58,554 [INFO]    road_road_traffic_stts    | 신규  5244행 | 누적  73416행 | 17컬럼
2026-05-17 17:55:58,554 [INFO]    subway                    | 신규    38행 | 누적    532행 | 13컬럼
2026-05-17 17:55:58,554 [INFO]    subway_sub_stts           | 신규   183행 | 누적   2562행 | 13컬럼
2026-05-17 17:55:58,554 [INFO]    weather                   | 신규   119행 | 누적   1666행 | 30컬럼
2026-05-17 17:55:58,554 [INFO] 키별 사용량:
2026-05-17 17:55:58,554 [INFO]    🟢 KEY_1 (31/1000) 
2026-05-17 17:55:58,554 [INFO]    🟢 KEY_2 (30/1000) 
2026-05-17 17:55:58,554 [INFO]    🟢 KEY_3 (30/1000) 
2026-05-17 17:55:58,554 [INFO]    🟢 KEY_4 (30/1000) 
2026-05-17 18:42:10,868 [INFO] 등록된 키: 4개, 합산 한도 4,000건/일
2026-05-17 18:42:10,869 [INFO] POI 로드: 매뉴얼 v8.5 기준 fallback 121개 (121개 전체)
2026-05-17 18:42:10,869 [INFO] === 수집 시작 2026-05-17T18:42:10.869136+09:00 ===
2026-05-17 18:42:10,869 [INFO] 대상 장소: 121개 | API: citydata (통합)
2026-05-17 18:42:10,869 [INFO] 키 풀: 4/4 활성 | 오늘 사용 0/4000건
2026-05-17 18:42:10,869 [INFO]   [KEY_1] 담당 31장소
2026-05-17 18:42:10,869 [INFO]   [KEY_2] 담당 30장소
2026-05-17 18:42:10,869 [INFO]   [KEY_3] 담당 30장소
2026-05-17 18:42:10,869 [INFO]   [KEY_4] 담당 30장소
2026-05-17 18:42:10,869 [INFO] [1/121] 경복궁 (primary=KEY_1)
2026-05-17 18:42:12,939 [INFO] [2/121] 광화문·덕수궁 (primary=KEY_2)
2026-05-17 18:42:15,448 [INFO] [3/121] 보신각 (primary=KEY_3)
2026-05-17 18:42:17,408 [INFO] [4/121] 서울 암사동 유적 (primary=KEY_4)
2026-05-17 18:42:19,212 [INFO] [5/121] 창덕궁·종묘 (primary=KEY_1)
2026-05-17 18:42:21,506 [INFO] [6/121] 강남 MICE 관광특구 (primary=KEY_2)
2026-05-17 18:42:22,774 [INFO] [7/121] 동대문 관광특구 (primary=KEY_3)
2026-05-17 18:42:25,210 [INFO] [8/121] 명동 관광특구 (primary=KEY_4)
2026-05-17 18:42:27,069 [INFO] [9/121] 이태원 관광특구 (primary=KEY_1)
2026-05-17 18:42:29,060 [INFO] [10/121] 잠실 관광특구 (primary=KEY_2)
2026-05-17 18:42:30,923 [INFO] [11/121] 종로·청계 관광특구 (primary=KEY_3)
2026-05-17 18:42:33,350 [INFO] [12/121] 홍대 관광특구 (primary=KEY_4)
2026-05-17 18:42:34,845 [INFO] [13/121] 강서한강공원 (primary=KEY_1)
2026-05-17 18:42:35,925 [INFO] [14/121] 고척돔 (primary=KEY_2)
2026-05-17 18:42:37,000 [INFO] [15/121] 광나루한강공원 (primary=KEY_3)
2026-05-17 18:42:38,410 [INFO] [16/121] 광화문광장 (primary=KEY_4)
2026-05-17 18:42:39,700 [INFO] [17/121] 국립중앙박물관·용산가족공원 (primary=KEY_1)
2026-05-17 18:42:40,818 [INFO] [18/121] 난지한강공원 (primary=KEY_2)
2026-05-17 18:42:42,923 [INFO] [19/121] 남산공원 (primary=KEY_3)
2026-05-17 18:42:44,431 [INFO] [20/121] 노들섬 (primary=KEY_4)
2026-05-17 18:42:45,531 [INFO] [21/121] 뚝섬한강공원 (primary=KEY_1)
2026-05-17 18:42:46,641 [INFO] [22/121] 망원한강공원 (primary=KEY_2)
2026-05-17 18:42:47,915 [INFO] [23/121] 반포한강공원 (primary=KEY_3)
2026-05-17 18:42:49,022 [INFO] [24/121] 보라매공원 (primary=KEY_4)
2026-05-17 18:42:50,120 [INFO] [25/121] 북서울꿈의숲 (primary=KEY_1)
2026-05-17 18:42:51,418 [INFO] [26/121] 서대문독립공원 (primary=KEY_2)
2026-05-17 18:42:52,550 [INFO] [27/121] 서리풀공원·몽마르뜨공원 (primary=KEY_3)
2026-05-17 18:42:53,866 [INFO] [28/121] 서울대공원 (primary=KEY_4)
2026-05-17 18:42:54,944 [INFO] [29/121] 서울숲공원 (primary=KEY_1)
2026-05-17 18:42:56,959 [INFO] [30/121] 송현녹지광장 (primary=KEY_2)
2026-05-17 18:42:58,260 [INFO] [31/121] 아차산 (primary=KEY_3)
2026-05-17 18:42:59,333 [INFO] [32/121] 안양천 (primary=KEY_4)
2026-05-17 18:43:00,439 [INFO] [33/121] 양화한강공원 (primary=KEY_1)
2026-05-17 18:43:01,516 [INFO] [34/121] 어린이대공원 (primary=KEY_2)
2026-05-17 18:43:02,801 [INFO] [35/121] 여의도한강공원 (primary=KEY_3)
2026-05-17 18:43:04,085 [INFO] [36/121] 여의서로 (primary=KEY_4)
2026-05-17 18:43:05,341 [INFO] [37/121] 올림픽공원 (primary=KEY_1)
2026-05-17 18:43:06,813 [INFO] [38/121] 월드컵공원 (primary=KEY_2)
2026-05-17 18:43:08,263 [INFO] [39/121] 응봉산 (primary=KEY_3)
2026-05-17 18:43:09,503 [INFO] [40/121] 이촌한강공원 (primary=KEY_4)
2026-05-17 18:43:10,569 [INFO] [41/121] 잠실종합운동장 (primary=KEY_1)
2026-05-17 18:43:12,453 [INFO] [42/121] 잠실한강공원 (primary=KEY_2)
2026-05-17 18:43:13,553 [INFO] [43/121] 잠원한강공원 (primary=KEY_3)
2026-05-17 18:43:14,628 [INFO] [44/121] 청계산 (primary=KEY_4)
2026-05-17 18:43:15,690 [INFO] [45/121] 홍제폭포 (primary=KEY_1)
2026-05-17 18:43:16,816 [INFO] [46/121] 가락시장 (primary=KEY_2)
2026-05-17 18:43:18,155 [INFO] [47/121] 가로수길 (primary=KEY_3)
2026-05-17 18:43:19,465 [INFO] [48/121] 광장(전통)시장 (primary=KEY_4)
2026-05-17 18:43:20,559 [INFO] [49/121] 김포공항 (primary=KEY_1)
2026-05-17 18:43:22,036 [INFO] [50/121] 남대문시장 (primary=KEY_2)
2026-05-17 18:43:23,298 [INFO] [51/121] 노량진 (primary=KEY_3)
2026-05-17 18:43:24,585 [INFO] [52/121] 덕수궁길·정동길 (primary=KEY_4)
2026-05-17 18:43:25,856 [INFO] [53/121] 북창동 먹자골목 (primary=KEY_1)
2026-05-17 18:43:27,112 [INFO] [54/121] 북촌한옥마을 (primary=KEY_2)
2026-05-17 18:43:28,566 [INFO] [55/121] 서촌 (primary=KEY_3)
2026-05-17 18:43:29,826 [INFO] [56/121] 성수카페거리 (primary=KEY_4)
2026-05-17 18:43:31,287 [INFO] [57/121] 송리단길·호수단길 (primary=KEY_1)
2026-05-17 18:43:32,576 [INFO] [58/121] 신촌 스타광장 (primary=KEY_2)
2026-05-17 18:43:33,702 [INFO] [59/121] 압구정로데오거리 (primary=KEY_3)
2026-05-17 18:43:34,973 [INFO] [60/121] 여의도 (primary=KEY_4)
2026-05-17 18:43:37,217 [INFO] [61/121] 연남동 (primary=KEY_1)
2026-05-17 18:43:38,487 [INFO] [62/121] 영등포 타임스퀘어 (primary=KEY_2)
2026-05-17 18:43:39,758 [INFO] [63/121] 용리단길 (primary=KEY_3)
2026-05-17 18:43:41,054 [INFO] [64/121] 이태원 앤틱가구거리 (primary=KEY_4)
2026-05-17 18:43:42,305 [INFO] [65/121] 익선동 (primary=KEY_1)
2026-05-17 18:43:43,597 [INFO] [66/121] 인사동 (primary=KEY_2)
2026-05-17 18:43:45,099 [INFO] [67/121] 잠실롯데타워·석촌호수 (primary=KEY_3)
2026-05-17 18:43:46,733 [INFO] [68/121] 창동 신경제 중심지 (primary=KEY_4)
2026-05-17 18:43:48,441 [INFO] [69/121] 청담동 명품거리 (primary=KEY_1)
2026-05-17 18:43:49,719 [INFO] [70/121] 청량리 제기동 일대 전통시장 (primary=KEY_2)
2026-05-17 18:43:50,993 [INFO] [71/121] 해방촌·경리단길 (primary=KEY_3)
2026-05-17 18:43:52,237 [INFO] [72/121] DDP(동대문디자인플라자) (primary=KEY_4)
2026-05-17 18:43:53,522 [INFO] [73/121] DMC(디지털미디어시티) (primary=KEY_1)
2026-05-17 18:43:55,189 [INFO] [74/121] 가산디지털단지역 (primary=KEY_2)
2026-05-17 18:43:57,011 [INFO] [75/121] 강남역 (primary=KEY_3)
2026-05-17 18:43:58,682 [INFO] [76/121] 건대입구역 (primary=KEY_4)
2026-05-17 18:44:00,897 [INFO] [77/121] 고덕역 (primary=KEY_1)
2026-05-17 18:44:02,225 [INFO] [78/121] 고속터미널역 (primary=KEY_2)
2026-05-17 18:44:03,522 [INFO] [79/121] 교대역 (primary=KEY_3)
2026-05-17 18:44:04,802 [INFO] [80/121] 구로디지털단지역 (primary=KEY_4)
2026-05-17 18:44:06,479 [INFO] [81/121] 구로역 (primary=KEY_1)
2026-05-17 18:44:07,771 [INFO] [82/121] 군자역 (primary=KEY_2)
2026-05-17 18:44:09,112 [INFO] [83/121] 대림역 (primary=KEY_3)
2026-05-17 18:44:10,390 [INFO] [84/121] 동대문역 (primary=KEY_4)
2026-05-17 18:44:11,680 [INFO] [85/121] 뚝섬역 (primary=KEY_1)
2026-05-17 18:44:12,995 [INFO] [86/121] 미아사거리역 (primary=KEY_2)
2026-05-17 18:44:14,269 [INFO] [87/121] 발산역 (primary=KEY_3)
2026-05-17 18:44:15,908 [INFO] [88/121] 사당역 (primary=KEY_4)
2026-05-17 18:44:17,202 [INFO] [89/121] 삼각지역 (primary=KEY_1)
2026-05-17 18:44:18,337 [INFO] [90/121] 서울대입구역 (primary=KEY_2)
2026-05-17 18:44:19,647 [INFO] [91/121] 서울식물원·마곡나루역 (primary=KEY_3)
2026-05-17 18:44:21,170 [INFO] [92/121] 서울역 (primary=KEY_4)
2026-05-17 18:44:22,715 [INFO] [93/121] 선릉역 (primary=KEY_1)
2026-05-17 18:44:24,373 [INFO] [94/121] 성신여대입구역 (primary=KEY_2)
2026-05-17 18:44:25,690 [INFO] [95/121] 수유역 (primary=KEY_3)
2026-05-17 18:44:27,011 [INFO] [96/121] 숭례문 (primary=KEY_4)
2026-05-17 18:44:28,307 [INFO] [97/121] 시의회 앞 (primary=KEY_1)
2026-05-17 18:44:29,630 [INFO] [98/121] 신논현역·논현역 (primary=KEY_2)
2026-05-17 18:44:30,955 [INFO] [99/121] 신도림역 (primary=KEY_3)
2026-05-17 18:44:32,087 [INFO] [100/121] 신림역 (primary=KEY_4)
2026-05-17 18:44:33,382 [INFO] [101/121] 신정네거리역 (primary=KEY_1)
2026-05-17 18:44:34,651 [INFO] [102/121] 신촌·이대역 (primary=KEY_2)
2026-05-17 18:44:35,937 [INFO] [103/121] 쌍문역 (primary=KEY_3)
2026-05-17 18:44:37,276 [INFO] [104/121] 양재역 (primary=KEY_4)
2026-05-17 18:44:38,565 [INFO] [105/121] 역삼역 (primary=KEY_1)
2026-05-17 18:44:40,147 [INFO] [106/121] 연신내역 (primary=KEY_2)
2026-05-17 18:44:41,271 [INFO] [107/121] 오목교역·목동운동장 (primary=KEY_3)
2026-05-17 18:44:43,087 [INFO] [108/121] 왕십리역 (primary=KEY_4)
2026-05-17 18:44:44,595 [INFO] [109/121] 용산역 (primary=KEY_1)
2026-05-17 18:44:46,063 [INFO] [110/121] 이태원역 (primary=KEY_2)
2026-05-17 18:44:47,166 [INFO] [111/121] 잠실새내역 (primary=KEY_3)
2026-05-17 18:44:48,449 [INFO] [112/121] 잠실역 (primary=KEY_4)
2026-05-17 18:44:49,962 [INFO] [113/121] 장지역 (primary=KEY_1)
2026-05-17 18:44:51,424 [INFO] [114/121] 장한평역 (primary=KEY_2)
2026-05-17 18:44:52,717 [INFO] [115/121] 천호역 (primary=KEY_3)
2026-05-17 18:44:54,185 [INFO] [116/121] 총신대입구(이수)역 (primary=KEY_4)
2026-05-17 18:44:55,506 [INFO] [117/121] 충정로역 (primary=KEY_1)
2026-05-17 18:44:56,785 [INFO] [118/121] 합정역 (primary=KEY_2)
2026-05-17 18:44:58,283 [INFO] [119/121] 혜화역 (primary=KEY_3)
2026-05-17 18:44:59,557 [INFO] [120/121] 홍대입구역(2호선) (primary=KEY_4)
2026-05-17 18:45:00,865 [INFO] [121/121] 회기역 (primary=KEY_1)
2026-05-17 18:45:04,634 [INFO] === 수집 완료 | 성공 121, 실패 0 ===
2026-05-17 18:45:04,634 [INFO] 카테고리별 저장 결과:
2026-05-17 18:45:04,634 [INFO]    accident                  | 신규     2행 | 누적     61행 | 16컬럼
2026-05-17 18:45:04,634 [INFO]    accident_acdnt_cntrl_stts | 신규     2행 | 누적     51행 | 16컬럼
2026-05-17 18:45:04,634 [INFO]    area_meta                 | 신규   121행 | 누적   1815행 | 5컬럼
2026-05-17 18:45:04,634 [INFO]    bike                      | 신규    11행 | 누적    157행 | 12컬럼
2026-05-17 18:45:04,634 [INFO]    bike_sbike_stts           | 신규   558행 | 누적   8370행 | 12컬럼
2026-05-17 18:45:04,634 [INFO]    bus                       | 신규     3행 | 누적     45행 | 11컬럼
2026-05-17 18:45:04,634 [INFO]    bus_bus_stn_stts          | 신규  1745행 | 누적  26175행 | 11컬럼
2026-05-17 18:45:04,635 [INFO]    charger                   | 신규     4행 | 누적     93행 | 15컬럼
2026-05-17 18:45:04,635 [INFO]    charger_charger_stts      | 신규  1885행 | 누적  25250행 | 15컬럼
2026-05-17 18:45:04,635 [INFO]    cmrcl                     | 신규    82행 | 누적   1230행 | 21컬럼
2026-05-17 18:45:04,635 [INFO]    events                    | 신규    12행 | 누적    170행 | 14컬럼
2026-05-17 18:45:04,635 [INFO]    events_event_stts         | 신규   174행 | 누적   2690행 | 14컬럼
2026-05-17 18:45:04,635 [INFO]    news                      | 신규   111행 | 누적    555행 | 10컬럼
2026-05-17 18:45:04,635 [INFO]    news_live_yna_news        | 신규    18행 | 누적     90행 | 10컬럼
2026-05-17 18:45:04,635 [INFO]    parking                   | 신규     6행 | 누적     90행 | 21컬럼
2026-05-17 18:45:04,635 [INFO]    parking_prk_stts          | 신규  1835행 | 누적  27525행 | 21컬럼
2026-05-17 18:45:04,635 [INFO]    ppltn                     | 신규   121행 | 누적   1814행 | 26컬럼
2026-05-17 18:45:04,635 [INFO]    road                      | 신규   121행 | 누적   1815행 | 21컬럼
2026-05-17 18:45:04,635 [INFO]    road_road_traffic_stts    | 신규  5244행 | 누적  78660행 | 17컬럼
2026-05-17 18:45:04,635 [INFO]    subway                    | 신규    38행 | 누적    570행 | 13컬럼
2026-05-17 18:45:04,635 [INFO]    subway_sub_stts           | 신규   183행 | 누적   2745행 | 13컬럼
2026-05-17 18:45:04,635 [INFO]    weather                   | 신규   119행 | 누적   1785행 | 30컬럼
2026-05-17 18:45:04,635 [INFO] 키별 사용량:
2026-05-17 18:45:04,635 [INFO]    🟢 KEY_1 (31/1000) 
2026-05-17 18:45:04,635 [INFO]    🟢 KEY_2 (30/1000) 
2026-05-17 18:45:04,635 [INFO]    🟢 KEY_3 (30/1000) 
2026-05-17 18:45:04,635 [INFO]    🟢 KEY_4 (30/1000) 
2026-05-17 19:37:55,776 [INFO] 등록된 키: 4개, 합산 한도 4,000건/일
2026-05-17 19:37:55,777 [INFO] POI 로드: 매뉴얼 v8.5 기준 fallback 121개 (121개 전체)
2026-05-17 19:37:55,777 [INFO] === 수집 시작 2026-05-17T19:37:55.777290+09:00 ===
2026-05-17 19:37:55,777 [INFO] 대상 장소: 121개 | API: citydata (통합)
2026-05-17 19:37:55,777 [INFO] 키 풀: 4/4 활성 | 오늘 사용 0/4000건
2026-05-17 19:37:55,777 [INFO]   [KEY_1] 담당 31장소
2026-05-17 19:37:55,777 [INFO]   [KEY_2] 담당 30장소
2026-05-17 19:37:55,777 [INFO]   [KEY_3] 담당 30장소
2026-05-17 19:37:55,777 [INFO]   [KEY_4] 담당 30장소
2026-05-17 19:37:55,777 [INFO] [1/121] 경복궁 (primary=KEY_1)
2026-05-17 19:37:57,536 [INFO] [2/121] 광화문·덕수궁 (primary=KEY_2)
2026-05-17 19:37:59,556 [INFO] [3/121] 보신각 (primary=KEY_3)
2026-05-17 19:38:01,289 [INFO] [4/121] 서울 암사동 유적 (primary=KEY_4)
2026-05-17 19:38:02,844 [INFO] [5/121] 창덕궁·종묘 (primary=KEY_1)
2026-05-17 19:38:04,532 [INFO] [6/121] 강남 MICE 관광특구 (primary=KEY_2)
2026-05-17 19:38:06,103 [INFO] [7/121] 동대문 관광특구 (primary=KEY_3)
2026-05-17 19:38:07,424 [INFO] [8/121] 명동 관광특구 (primary=KEY_4)
2026-05-17 19:38:08,919 [INFO] [9/121] 이태원 관광특구 (primary=KEY_1)
2026-05-17 19:38:10,836 [INFO] [10/121] 잠실 관광특구 (primary=KEY_2)
2026-05-17 19:38:12,163 [INFO] [11/121] 종로·청계 관광특구 (primary=KEY_3)
2026-05-17 19:38:13,533 [INFO] [12/121] 홍대 관광특구 (primary=KEY_4)
2026-05-17 19:38:14,867 [INFO] [13/121] 강서한강공원 (primary=KEY_1)
2026-05-17 19:38:16,420 [INFO] [14/121] 고척돔 (primary=KEY_2)
2026-05-17 19:38:17,411 [INFO] [15/121] 광나루한강공원 (primary=KEY_3)
2026-05-17 19:38:18,671 [INFO] [16/121] 광화문광장 (primary=KEY_4)
2026-05-17 19:38:19,818 [INFO] [17/121] 국립중앙박물관·용산가족공원 (primary=KEY_1)
2026-05-17 19:38:21,374 [INFO] [18/121] 난지한강공원 (primary=KEY_2)
2026-05-17 19:38:22,365 [INFO] [19/121] 남산공원 (primary=KEY_3)
2026-05-17 19:38:23,690 [INFO] [20/121] 노들섬 (primary=KEY_4)
2026-05-17 19:38:24,668 [INFO] [21/121] 뚝섬한강공원 (primary=KEY_1)
2026-05-17 19:38:25,653 [INFO] [22/121] 망원한강공원 (primary=KEY_2)
2026-05-17 19:38:26,787 [INFO] [23/121] 반포한강공원 (primary=KEY_3)
2026-05-17 19:38:27,791 [INFO] [24/121] 보라매공원 (primary=KEY_4)
2026-05-17 19:38:28,787 [INFO] [25/121] 북서울꿈의숲 (primary=KEY_1)
2026-05-17 19:38:29,788 [INFO] [26/121] 서대문독립공원 (primary=KEY_2)
2026-05-17 19:38:30,807 [INFO] [27/121] 서리풀공원·몽마르뜨공원 (primary=KEY_3)
2026-05-17 19:38:31,973 [INFO] [28/121] 서울대공원 (primary=KEY_4)
2026-05-17 19:38:32,942 [INFO] [29/121] 서울숲공원 (primary=KEY_1)
2026-05-17 19:38:35,226 [INFO] [30/121] 송현녹지광장 (primary=KEY_2)
2026-05-17 19:38:36,378 [INFO] [31/121] 아차산 (primary=KEY_3)
2026-05-17 19:38:37,359 [INFO] [32/121] 안양천 (primary=KEY_4)
2026-05-17 19:38:38,334 [INFO] [33/121] 양화한강공원 (primary=KEY_1)
2026-05-17 19:38:39,303 [INFO] [34/121] 어린이대공원 (primary=KEY_2)
2026-05-17 19:38:40,438 [INFO] [35/121] 여의도한강공원 (primary=KEY_3)
2026-05-17 19:38:41,573 [INFO] [36/121] 여의서로 (primary=KEY_4)
2026-05-17 19:38:42,565 [INFO] [37/121] 올림픽공원 (primary=KEY_1)
2026-05-17 19:38:43,739 [INFO] [38/121] 월드컵공원 (primary=KEY_2)
2026-05-17 19:38:45,063 [INFO] [39/121] 응봉산 (primary=KEY_3)
2026-05-17 19:38:46,184 [INFO] [40/121] 이촌한강공원 (primary=KEY_4)
2026-05-17 19:38:47,171 [INFO] [41/121] 잠실종합운동장 (primary=KEY_1)
2026-05-17 19:38:48,166 [INFO] [42/121] 잠실한강공원 (primary=KEY_2)
2026-05-17 19:38:49,172 [INFO] [43/121] 잠원한강공원 (primary=KEY_3)
2026-05-17 19:38:50,152 [INFO] [44/121] 청계산 (primary=KEY_4)
2026-05-17 19:38:51,141 [INFO] [45/121] 홍제폭포 (primary=KEY_1)
2026-05-17 19:38:52,123 [INFO] [46/121] 가락시장 (primary=KEY_2)
2026-05-17 19:38:53,275 [INFO] [47/121] 가로수길 (primary=KEY_3)
2026-05-17 19:38:54,433 [INFO] [48/121] 광장(전통)시장 (primary=KEY_4)
2026-05-17 19:38:55,455 [INFO] [49/121] 김포공항 (primary=KEY_1)
2026-05-17 19:38:56,621 [INFO] [50/121] 남대문시장 (primary=KEY_2)
2026-05-17 19:38:57,762 [INFO] [51/121] 노량진 (primary=KEY_3)
2026-05-17 19:38:58,921 [INFO] [52/121] 덕수궁길·정동길 (primary=KEY_4)
2026-05-17 19:39:00,082 [INFO] [53/121] 북창동 먹자골목 (primary=KEY_1)
2026-05-17 19:39:01,084 [INFO] [54/121] 북촌한옥마을 (primary=KEY_2)
2026-05-17 19:39:02,246 [INFO] [55/121] 서촌 (primary=KEY_3)
2026-05-17 19:39:03,379 [INFO] [56/121] 성수카페거리 (primary=KEY_4)
2026-05-17 19:39:04,525 [INFO] [57/121] 송리단길·호수단길 (primary=KEY_1)
2026-05-17 19:39:05,704 [INFO] [58/121] 신촌 스타광장 (primary=KEY_2)
2026-05-17 19:39:06,706 [INFO] [59/121] 압구정로데오거리 (primary=KEY_3)
2026-05-17 19:39:07,864 [INFO] [60/121] 여의도 (primary=KEY_4)
2026-05-17 19:39:09,513 [INFO] [61/121] 연남동 (primary=KEY_1)
2026-05-17 19:39:10,643 [INFO] [62/121] 영등포 타임스퀘어 (primary=KEY_2)
2026-05-17 19:39:11,760 [INFO] [63/121] 용리단길 (primary=KEY_3)
2026-05-17 19:39:12,773 [INFO] [64/121] 이태원 앤틱가구거리 (primary=KEY_4)
2026-05-17 19:39:13,904 [INFO] [65/121] 익선동 (primary=KEY_1)
2026-05-17 19:39:15,068 [INFO] [66/121] 인사동 (primary=KEY_2)
2026-05-17 19:39:16,226 [INFO] [67/121] 잠실롯데타워·석촌호수 (primary=KEY_3)
2026-05-17 19:39:17,402 [INFO] [68/121] 창동 신경제 중심지 (primary=KEY_4)
2026-05-17 19:39:18,765 [INFO] [69/121] 청담동 명품거리 (primary=KEY_1)
2026-05-17 19:39:19,907 [INFO] [70/121] 청량리 제기동 일대 전통시장 (primary=KEY_2)
2026-05-17 19:39:21,085 [INFO] [71/121] 해방촌·경리단길 (primary=KEY_3)
2026-05-17 19:39:22,090 [INFO] [72/121] DDP(동대문디자인플라자) (primary=KEY_4)
2026-05-17 19:39:23,264 [INFO] [73/121] DMC(디지털미디어시티) (primary=KEY_1)
2026-05-17 19:39:24,591 [INFO] [74/121] 가산디지털단지역 (primary=KEY_2)
2026-05-17 19:39:25,869 [INFO] [75/121] 강남역 (primary=KEY_3)
2026-05-17 19:39:27,206 [INFO] [76/121] 건대입구역 (primary=KEY_4)
2026-05-17 19:39:28,361 [INFO] [77/121] 고덕역 (primary=KEY_1)
2026-05-17 19:39:29,513 [INFO] [78/121] 고속터미널역 (primary=KEY_2)
2026-05-17 19:39:30,560 [INFO] [79/121] 교대역 (primary=KEY_3)
2026-05-17 19:39:31,588 [INFO] [80/121] 구로디지털단지역 (primary=KEY_4)
2026-05-17 19:39:32,733 [INFO] [81/121] 구로역 (primary=KEY_1)
2026-05-17 19:39:33,740 [INFO] [82/121] 군자역 (primary=KEY_2)
2026-05-17 19:39:34,883 [INFO] [83/121] 대림역 (primary=KEY_3)
2026-05-17 19:39:36,055 [INFO] [84/121] 동대문역 (primary=KEY_4)
2026-05-17 19:39:37,215 [INFO] [85/121] 뚝섬역 (primary=KEY_1)
2026-05-17 19:39:38,373 [INFO] [86/121] 미아사거리역 (primary=KEY_2)
2026-05-17 19:39:39,508 [INFO] [87/121] 발산역 (primary=KEY_3)
2026-05-17 19:39:40,815 [INFO] [88/121] 사당역 (primary=KEY_4)
2026-05-17 19:39:41,968 [INFO] [89/121] 삼각지역 (primary=KEY_1)
2026-05-17 19:39:42,962 [INFO] [90/121] 서울대입구역 (primary=KEY_2)
2026-05-17 19:39:44,193 [INFO] [91/121] 서울식물원·마곡나루역 (primary=KEY_3)
2026-05-17 19:39:45,331 [INFO] [92/121] 서울역 (primary=KEY_4)
2026-05-17 19:39:46,511 [INFO] [93/121] 선릉역 (primary=KEY_1)
2026-05-17 19:39:47,815 [INFO] [94/121] 성신여대입구역 (primary=KEY_2)
2026-05-17 19:39:48,810 [INFO] [95/121] 수유역 (primary=KEY_3)
2026-05-17 19:39:49,947 [INFO] [96/121] 숭례문 (primary=KEY_4)
2026-05-17 19:39:51,134 [INFO] [97/121] 시의회 앞 (primary=KEY_1)
2026-05-17 19:39:52,281 [INFO] [98/121] 신논현역·논현역 (primary=KEY_2)
2026-05-17 19:39:53,496 [INFO] [99/121] 신도림역 (primary=KEY_3)
2026-05-17 19:39:54,486 [INFO] [100/121] 신림역 (primary=KEY_4)
2026-05-17 19:39:55,491 [INFO] [101/121] 신정네거리역 (primary=KEY_1)
2026-05-17 19:39:56,484 [INFO] [102/121] 신촌·이대역 (primary=KEY_2)
2026-05-17 19:39:57,610 [INFO] [103/121] 쌍문역 (primary=KEY_3)
2026-05-17 19:39:58,730 [INFO] [104/121] 양재역 (primary=KEY_4)
2026-05-17 19:39:59,900 [INFO] [105/121] 역삼역 (primary=KEY_1)
2026-05-17 19:40:01,020 [INFO] [106/121] 연신내역 (primary=KEY_2)
2026-05-17 19:40:02,019 [INFO] [107/121] 오목교역·목동운동장 (primary=KEY_3)
2026-05-17 19:40:03,445 [INFO] [108/121] 왕십리역 (primary=KEY_4)
2026-05-17 19:40:04,585 [INFO] [109/121] 용산역 (primary=KEY_1)
2026-05-17 19:40:05,899 [INFO] [110/121] 이태원역 (primary=KEY_2)
2026-05-17 19:40:06,892 [INFO] [111/121] 잠실새내역 (primary=KEY_3)
2026-05-17 19:40:08,011 [INFO] [112/121] 잠실역 (primary=KEY_4)
2026-05-17 19:40:09,147 [INFO] [113/121] 장지역 (primary=KEY_1)
2026-05-17 19:40:10,266 [INFO] [114/121] 장한평역 (primary=KEY_2)
2026-05-17 19:40:11,390 [INFO] [115/121] 천호역 (primary=KEY_3)
2026-05-17 19:40:12,511 [INFO] [116/121] 총신대입구(이수)역 (primary=KEY_4)
2026-05-17 19:40:13,660 [INFO] [117/121] 충정로역 (primary=KEY_1)
2026-05-17 19:40:14,788 [INFO] [118/121] 합정역 (primary=KEY_2)
2026-05-17 19:40:15,918 [INFO] [119/121] 혜화역 (primary=KEY_3)
2026-05-17 19:40:17,039 [INFO] [120/121] 홍대입구역(2호선) (primary=KEY_4)
2026-05-17 19:40:18,172 [INFO] [121/121] 회기역 (primary=KEY_1)
2026-05-17 19:40:21,990 [INFO] === 수집 완료 | 성공 121, 실패 0 ===
2026-05-17 19:40:21,990 [INFO] 카테고리별 저장 결과:
2026-05-17 19:40:21,990 [INFO]    accident                  | 신규     3행 | 누적     64행 | 16컬럼
2026-05-17 19:40:21,990 [INFO]    accident_acdnt_cntrl_stts | 신규     2행 | 누적     53행 | 16컬럼
2026-05-17 19:40:21,990 [INFO]    area_meta                 | 신규   121행 | 누적   1936행 | 5컬럼
2026-05-17 19:40:21,990 [INFO]    bike                      | 신규    11행 | 누적    168행 | 12컬럼
2026-05-17 19:40:21,990 [INFO]    bike_sbike_stts           | 신규   558행 | 누적   8928행 | 12컬럼
2026-05-17 19:40:21,990 [INFO]    bus                       | 신규     3행 | 누적     48행 | 11컬럼
2026-05-17 19:40:21,990 [INFO]    bus_bus_stn_stts          | 신규  1745행 | 누적  27920행 | 11컬럼
2026-05-17 19:40:21,990 [INFO]    charger                   | 신규    25행 | 누적    118행 | 15컬럼
2026-05-17 19:40:21,990 [INFO]    charger_charger_stts      | 신규   324행 | 누적  25572행 | 15컬럼
2026-05-17 19:40:21,990 [INFO]    cmrcl                     | 신규    82행 | 누적   1312행 | 21컬럼
2026-05-17 19:40:21,990 [INFO]    events                    | 신규    12행 | 누적    182행 | 14컬럼
2026-05-17 19:40:21,990 [INFO]    events_event_stts         | 신규   174행 | 누적   2864행 | 14컬럼
2026-05-17 19:40:21,991 [INFO]    news                      | 신규   111행 | 누적    666행 | 10컬럼
2026-05-17 19:40:21,991 [INFO]    news_live_yna_news        | 신규    18행 | 누적    108행 | 10컬럼
2026-05-17 19:40:21,991 [INFO]    parking                   | 신규     6행 | 누적     96행 | 21컬럼
2026-05-17 19:40:21,991 [INFO]    parking_prk_stts          | 신규  1835행 | 누적  29360행 | 21컬럼
2026-05-17 19:40:21,991 [INFO]    ppltn                     | 신규   121행 | 누적   1935행 | 26컬럼
2026-05-17 19:40:21,991 [INFO]    road                      | 신규   121행 | 누적   1936행 | 21컬럼
2026-05-17 19:40:21,991 [INFO]    road_road_traffic_stts    | 신규  5244행 | 누적  83904행 | 17컬럼
2026-05-17 19:40:21,991 [INFO]    subway                    | 신규    38행 | 누적    608행 | 13컬럼
2026-05-17 19:40:21,991 [INFO]    subway_sub_stts           | 신규   183행 | 누적   2928행 | 13컬럼
2026-05-17 19:40:21,991 [INFO]    weather                   | 신규   119행 | 누적   1904행 | 30컬럼
2026-05-17 19:40:21,991 [INFO] 키별 사용량:
2026-05-17 19:40:21,991 [INFO]    🟢 KEY_1 (31/1000) 
2026-05-17 19:40:21,991 [INFO]    🟢 KEY_2 (30/1000) 
2026-05-17 19:40:21,991 [INFO]    🟢 KEY_3 (30/1000) 
2026-05-17 19:40:21,991 [INFO]    🟢 KEY_4 (30/1000) 
2026-05-17 20:33:21,829 [INFO] 등록된 키: 4개, 합산 한도 4,000건/일
2026-05-17 20:33:21,830 [INFO] POI 로드: 매뉴얼 v8.5 기준 fallback 121개 (121개 전체)
2026-05-17 20:33:21,830 [INFO] === 수집 시작 2026-05-17T20:33:21.830448+09:00 ===
2026-05-17 20:33:21,830 [INFO] 대상 장소: 121개 | API: citydata (통합)
2026-05-17 20:33:21,830 [INFO] 키 풀: 4/4 활성 | 오늘 사용 0/4000건
2026-05-17 20:33:21,830 [INFO]   [KEY_1] 담당 31장소
2026-05-17 20:33:21,830 [INFO]   [KEY_2] 담당 30장소
2026-05-17 20:33:21,830 [INFO]   [KEY_3] 담당 30장소
2026-05-17 20:33:21,830 [INFO]   [KEY_4] 담당 30장소
2026-05-17 20:33:21,830 [INFO] [1/121] 경복궁 (primary=KEY_1)
2026-05-17 20:33:23,596 [INFO] [2/121] 광화문·덕수궁 (primary=KEY_2)
2026-05-17 20:33:25,681 [INFO] [3/121] 보신각 (primary=KEY_3)
2026-05-17 20:33:27,435 [INFO] [4/121] 서울 암사동 유적 (primary=KEY_4)
2026-05-17 20:33:28,438 [INFO] [5/121] 창덕궁·종묘 (primary=KEY_1)
2026-05-17 20:33:29,767 [INFO] [6/121] 강남 MICE 관광특구 (primary=KEY_2)
2026-05-17 20:33:31,687 [INFO] [7/121] 동대문 관광특구 (primary=KEY_3)
2026-05-17 20:33:33,061 [INFO] [8/121] 명동 관광특구 (primary=KEY_4)
2026-05-17 20:33:34,650 [INFO] [9/121] 이태원 관광특구 (primary=KEY_1)
2026-05-17 20:33:35,850 [INFO] [10/121] 잠실 관광특구 (primary=KEY_2)
2026-05-17 20:33:37,465 [INFO] [11/121] 종로·청계 관광특구 (primary=KEY_3)
2026-05-17 20:33:38,880 [INFO] [12/121] 홍대 관광특구 (primary=KEY_4)
2026-05-17 20:33:40,273 [INFO] [13/121] 강서한강공원 (primary=KEY_1)
2026-05-17 20:33:41,282 [INFO] [14/121] 고척돔 (primary=KEY_2)
2026-05-17 20:33:42,297 [INFO] [15/121] 광나루한강공원 (primary=KEY_3)
2026-05-17 20:33:44,029 [INFO] [16/121] 광화문광장 (primary=KEY_4)
2026-05-17 20:33:45,225 [INFO] [17/121] 국립중앙박물관·용산가족공원 (primary=KEY_1)
2026-05-17 20:33:46,250 [INFO] [18/121] 난지한강공원 (primary=KEY_2)
2026-05-17 20:33:47,872 [INFO] [19/121] 남산공원 (primary=KEY_3)
2026-05-17 20:33:49,232 [INFO] [20/121] 노들섬 (primary=KEY_4)
2026-05-17 20:33:50,237 [INFO] [21/121] 뚝섬한강공원 (primary=KEY_1)
2026-05-17 20:33:51,272 [INFO] [22/121] 망원한강공원 (primary=KEY_2)
2026-05-17 20:33:52,450 [INFO] [23/121] 반포한강공원 (primary=KEY_3)
2026-05-17 20:33:53,459 [INFO] [24/121] 보라매공원 (primary=KEY_4)
2026-05-17 20:33:54,492 [INFO] [25/121] 북서울꿈의숲 (primary=KEY_1)
2026-05-17 20:33:55,650 [INFO] [26/121] 서대문독립공원 (primary=KEY_2)
2026-05-17 20:33:56,683 [INFO] [27/121] 서리풀공원·몽마르뜨공원 (primary=KEY_3)
2026-05-17 20:33:57,895 [INFO] [28/121] 서울대공원 (primary=KEY_4)
2026-05-17 20:33:58,889 [INFO] [29/121] 서울숲공원 (primary=KEY_1)
2026-05-17 20:34:00,078 [INFO] [30/121] 송현녹지광장 (primary=KEY_2)
2026-05-17 20:34:01,270 [INFO] [31/121] 아차산 (primary=KEY_3)
2026-05-17 20:34:02,284 [INFO] [32/121] 안양천 (primary=KEY_4)
2026-05-17 20:34:03,284 [INFO] [33/121] 양화한강공원 (primary=KEY_1)
2026-05-17 20:34:04,286 [INFO] [34/121] 어린이대공원 (primary=KEY_2)
2026-05-17 20:34:05,454 [INFO] [35/121] 여의도한강공원 (primary=KEY_3)
2026-05-17 20:34:06,626 [INFO] [36/121] 여의서로 (primary=KEY_4)
2026-05-17 20:34:07,776 [INFO] [37/121] 올림픽공원 (primary=KEY_1)
2026-05-17 20:34:09,151 [INFO] [38/121] 월드컵공원 (primary=KEY_2)
2026-05-17 20:34:10,509 [INFO] [39/121] 응봉산 (primary=KEY_3)
2026-05-17 20:34:11,670 [INFO] [40/121] 이촌한강공원 (primary=KEY_4)
2026-05-17 20:34:12,683 [INFO] [41/121] 잠실종합운동장 (primary=KEY_1)
2026-05-17 20:34:13,729 [INFO] [42/121] 잠실한강공원 (primary=KEY_2)
2026-05-17 20:34:14,763 [INFO] [43/121] 잠원한강공원 (primary=KEY_3)
2026-05-17 20:34:15,768 [INFO] [44/121] 청계산 (primary=KEY_4)
2026-05-17 20:34:16,778 [INFO] [45/121] 홍제폭포 (primary=KEY_1)
2026-05-17 20:34:17,775 [INFO] [46/121] 가락시장 (primary=KEY_2)
2026-05-17 20:34:18,958 [INFO] [47/121] 가로수길 (primary=KEY_3)
2026-05-17 20:34:20,181 [INFO] [48/121] 광장(전통)시장 (primary=KEY_4)
2026-05-17 20:34:21,215 [INFO] [49/121] 김포공항 (primary=KEY_1)
2026-05-17 20:34:22,560 [INFO] [50/121] 남대문시장 (primary=KEY_2)
2026-05-17 20:34:23,754 [INFO] [51/121] 노량진 (primary=KEY_3)
2026-05-17 20:34:24,989 [INFO] [52/121] 덕수궁길·정동길 (primary=KEY_4)
2026-05-17 20:34:26,201 [INFO] [53/121] 북창동 먹자골목 (primary=KEY_1)
2026-05-17 20:34:27,355 [INFO] [54/121] 북촌한옥마을 (primary=KEY_2)
2026-05-17 20:34:28,685 [INFO] [55/121] 서촌 (primary=KEY_3)
2026-05-17 20:34:29,864 [INFO] [56/121] 성수카페거리 (primary=KEY_4)
2026-05-17 20:34:31,221 [INFO] [57/121] 송리단길·호수단길 (primary=KEY_1)
2026-05-17 20:34:32,405 [INFO] [58/121] 신촌 스타광장 (primary=KEY_2)
2026-05-17 20:34:33,420 [INFO] [59/121] 압구정로데오거리 (primary=KEY_3)
2026-05-17 20:34:34,598 [INFO] [60/121] 여의도 (primary=KEY_4)
2026-05-17 20:34:36,475 [INFO] [61/121] 연남동 (primary=KEY_1)
2026-05-17 20:34:37,648 [INFO] [62/121] 영등포 타임스퀘어 (primary=KEY_2)
2026-05-17 20:34:38,804 [INFO] [63/121] 용리단길 (primary=KEY_3)
2026-05-17 20:34:39,883 [INFO] [64/121] 이태원 앤틱가구거리 (primary=KEY_4)
2026-05-17 20:34:41,061 [INFO] [65/121] 익선동 (primary=KEY_1)
2026-05-17 20:34:42,249 [INFO] [66/121] 인사동 (primary=KEY_2)
2026-05-17 20:34:43,636 [INFO] [67/121] 잠실롯데타워·석촌호수 (primary=KEY_3)
2026-05-17 20:34:45,141 [INFO] [68/121] 창동 신경제 중심지 (primary=KEY_4)
2026-05-17 20:34:46,705 [INFO] [69/121] 청담동 명품거리 (primary=KEY_1)
2026-05-17 20:34:47,872 [INFO] [70/121] 청량리 제기동 일대 전통시장 (primary=KEY_2)
2026-05-17 20:34:49,088 [INFO] [71/121] 해방촌·경리단길 (primary=KEY_3)
2026-05-17 20:34:50,250 [INFO] [72/121] DDP(동대문디자인플라자) (primary=KEY_4)
2026-05-17 20:34:51,474 [INFO] [73/121] DMC(디지털미디어시티) (primary=KEY_1)
2026-05-17 20:34:53,013 [INFO] [74/121] 가산디지털단지역 (primary=KEY_2)
2026-05-17 20:34:54,700 [INFO] [75/121] 강남역 (primary=KEY_3)
2026-05-17 20:34:56,203 [INFO] [76/121] 건대입구역 (primary=KEY_4)
2026-05-17 20:34:57,402 [INFO] [77/121] 고덕역 (primary=KEY_1)
2026-05-17 20:34:58,578 [INFO] [78/121] 고속터미널역 (primary=KEY_2)
2026-05-17 20:34:59,788 [INFO] [79/121] 교대역 (primary=KEY_3)
2026-05-17 20:35:00,991 [INFO] [80/121] 구로디지털단지역 (primary=KEY_4)
2026-05-17 20:35:02,495 [INFO] [81/121] 구로역 (primary=KEY_1)
2026-05-17 20:35:03,650 [INFO] [82/121] 군자역 (primary=KEY_2)
2026-05-17 20:35:04,826 [INFO] [83/121] 대림역 (primary=KEY_3)
2026-05-17 20:35:06,017 [INFO] [84/121] 동대문역 (primary=KEY_4)
2026-05-17 20:35:07,206 [INFO] [85/121] 뚝섬역 (primary=KEY_1)
2026-05-17 20:35:08,398 [INFO] [86/121] 미아사거리역 (primary=KEY_2)
2026-05-17 20:35:09,591 [INFO] [87/121] 발산역 (primary=KEY_3)
2026-05-17 20:35:11,067 [INFO] [88/121] 사당역 (primary=KEY_4)
2026-05-17 20:35:12,257 [INFO] [89/121] 삼각지역 (primary=KEY_1)
2026-05-17 20:35:13,294 [INFO] [90/121] 서울대입구역 (primary=KEY_2)
2026-05-17 20:35:14,474 [INFO] [91/121] 서울식물원·마곡나루역 (primary=KEY_3)
2026-05-17 20:35:15,846 [INFO] [92/121] 서울역 (primary=KEY_4)
2026-05-17 20:35:17,210 [INFO] [93/121] 선릉역 (primary=KEY_1)
2026-05-17 20:35:18,580 [INFO] [94/121] 성신여대입구역 (primary=KEY_2)
2026-05-17 20:35:19,766 [INFO] [95/121] 수유역 (primary=KEY_3)
2026-05-17 20:35:20,938 [INFO] [96/121] 숭례문 (primary=KEY_4)
2026-05-17 20:35:22,147 [INFO] [97/121] 시의회 앞 (primary=KEY_1)
2026-05-17 20:35:23,331 [INFO] [98/121] 신논현역·논현역 (primary=KEY_2)
2026-05-17 20:35:24,545 [INFO] [99/121] 신도림역 (primary=KEY_3)
2026-05-17 20:35:25,579 [INFO] [100/121] 신림역 (primary=KEY_4)
2026-05-17 20:35:26,782 [INFO] [101/121] 신정네거리역 (primary=KEY_1)
2026-05-17 20:35:27,952 [INFO] [102/121] 신촌·이대역 (primary=KEY_2)
2026-05-17 20:35:29,160 [INFO] [103/121] 쌍문역 (primary=KEY_3)
2026-05-17 20:35:30,353 [INFO] [104/121] 양재역 (primary=KEY_4)
2026-05-17 20:35:31,543 [INFO] [105/121] 역삼역 (primary=KEY_1)
2026-05-17 20:35:32,941 [INFO] [106/121] 연신내역 (primary=KEY_2)
2026-05-17 20:35:34,009 [INFO] [107/121] 오목교역·목동운동장 (primary=KEY_3)
2026-05-17 20:35:35,679 [INFO] [108/121] 왕십리역 (primary=KEY_4)
2026-05-17 20:35:37,135 [INFO] [109/121] 용산역 (primary=KEY_1)
2026-05-17 20:35:38,472 [INFO] [110/121] 이태원역 (primary=KEY_2)
2026-05-17 20:35:39,502 [INFO] [111/121] 잠실새내역 (primary=KEY_3)
2026-05-17 20:35:40,671 [INFO] [112/121] 잠실역 (primary=KEY_4)
2026-05-17 20:35:42,025 [INFO] [113/121] 장지역 (primary=KEY_1)
2026-05-17 20:35:43,399 [INFO] [114/121] 장한평역 (primary=KEY_2)
2026-05-17 20:35:44,580 [INFO] [115/121] 천호역 (primary=KEY_3)
2026-05-17 20:35:45,929 [INFO] [116/121] 총신대입구(이수)역 (primary=KEY_4)
2026-05-17 20:35:47,104 [INFO] [117/121] 충정로역 (primary=KEY_1)
2026-05-17 20:35:48,271 [INFO] [118/121] 합정역 (primary=KEY_2)
2026-05-17 20:35:49,588 [INFO] [119/121] 혜화역 (primary=KEY_3)
2026-05-17 20:35:50,789 [INFO] [120/121] 홍대입구역(2호선) (primary=KEY_4)
2026-05-17 20:35:51,977 [INFO] [121/121] 회기역 (primary=KEY_1)
2026-05-17 20:35:56,516 [INFO] === 수집 완료 | 성공 121, 실패 0 ===
2026-05-17 20:35:56,516 [INFO] 카테고리별 저장 결과:
2026-05-17 20:35:56,516 [INFO]    accident                  | 신규     2행 | 누적     66행 | 16컬럼
2026-05-17 20:35:56,516 [INFO]    accident_acdnt_cntrl_stts | 신규     2행 | 누적     55행 | 16컬럼
2026-05-17 20:35:56,516 [INFO]    area_meta                 | 신규   121행 | 누적   2057행 | 5컬럼
2026-05-17 20:35:56,516 [INFO]    bike                      | 신규    11행 | 누적    179행 | 12컬럼
2026-05-17 20:35:56,516 [INFO]    bike_sbike_stts           | 신규   558행 | 누적   9486행 | 12컬럼
2026-05-17 20:35:56,516 [INFO]    bus                       | 신규     3행 | 누적     51행 | 11컬럼
2026-05-17 20:35:56,516 [INFO]    bus_bus_stn_stts          | 신규  1745행 | 누적  29665행 | 11컬럼
2026-05-17 20:35:56,516 [INFO]    charger                   | 신규     4행 | 누적    122행 | 15컬럼
2026-05-17 20:35:56,517 [INFO]    charger_charger_stts      | 신규  1885행 | 누적  27442행 | 15컬럼
2026-05-17 20:35:56,517 [INFO]    cmrcl                     | 신규    82행 | 누적   1394행 | 21컬럼
2026-05-17 20:35:56,517 [INFO]    events                    | 신규    12행 | 누적    194행 | 14컬럼
2026-05-17 20:35:56,517 [INFO]    events_event_stts         | 신규   174행 | 누적   3038행 | 14컬럼
2026-05-17 20:35:56,517 [INFO]    news                      | 신규   111행 | 누적    777행 | 10컬럼
2026-05-17 20:35:56,517 [INFO]    news_live_yna_news        | 신규    18행 | 누적    126행 | 10컬럼
2026-05-17 20:35:56,517 [INFO]    parking                   | 신규     6행 | 누적    102행 | 21컬럼
2026-05-17 20:35:56,517 [INFO]    parking_prk_stts          | 신규  1835행 | 누적  31195행 | 21컬럼
2026-05-17 20:35:56,517 [INFO]    ppltn                     | 신규   121행 | 누적   2056행 | 26컬럼
2026-05-17 20:35:56,517 [INFO]    road                      | 신규   121행 | 누적   2057행 | 21컬럼
2026-05-17 20:35:56,517 [INFO]    road_road_traffic_stts    | 신규  5244행 | 누적  89148행 | 17컬럼
2026-05-17 20:35:56,517 [INFO]    subway                    | 신규    38행 | 누적    646행 | 13컬럼
2026-05-17 20:35:56,517 [INFO]    subway_sub_stts           | 신규   183행 | 누적   3111행 | 13컬럼
2026-05-17 20:35:56,517 [INFO]    weather                   | 신규   119행 | 누적   2023행 | 30컬럼
2026-05-17 20:35:56,517 [INFO] 키별 사용량:
2026-05-17 20:35:56,517 [INFO]    🟢 KEY_1 (31/1000) 
2026-05-17 20:35:56,517 [INFO]    🟢 KEY_2 (30/1000) 
2026-05-17 20:35:56,517 [INFO]    🟢 KEY_3 (30/1000) 
2026-05-17 20:35:56,517 [INFO]    🟢 KEY_4 (30/1000) 
2026-05-17 21:34:13,226 [INFO] 등록된 키: 4개, 합산 한도 4,000건/일
2026-05-17 21:34:13,226 [INFO] POI 로드: 매뉴얼 v8.5 기준 fallback 121개 (121개 전체)
2026-05-17 21:34:13,226 [INFO] === 수집 시작 2026-05-17T21:34:13.226962+09:00 ===
2026-05-17 21:34:13,227 [INFO] 대상 장소: 121개 | API: citydata (통합)
2026-05-17 21:34:13,227 [INFO] 키 풀: 4/4 활성 | 오늘 사용 0/4000건
2026-05-17 21:34:13,227 [INFO]   [KEY_1] 담당 31장소
2026-05-17 21:34:13,227 [INFO]   [KEY_2] 담당 30장소
2026-05-17 21:34:13,227 [INFO]   [KEY_3] 담당 30장소
2026-05-17 21:34:13,227 [INFO]   [KEY_4] 담당 30장소
2026-05-17 21:34:13,227 [INFO] [1/121] 경복궁 (primary=KEY_1)
2026-05-17 21:34:15,461 [INFO] [2/121] 광화문·덕수궁 (primary=KEY_2)
2026-05-17 21:34:17,729 [INFO] [3/121] 보신각 (primary=KEY_3)
2026-05-17 21:34:19,798 [INFO] [4/121] 서울 암사동 유적 (primary=KEY_4)
2026-05-17 21:34:20,873 [INFO] [5/121] 창덕궁·종묘 (primary=KEY_1)
2026-05-17 21:34:22,749 [INFO] [6/121] 강남 MICE 관광특구 (primary=KEY_2)
2026-05-17 21:34:24,965 [INFO] [7/121] 동대문 관광특구 (primary=KEY_3)
2026-05-17 21:34:27,070 [INFO] [8/121] 명동 관광특구 (primary=KEY_4)
2026-05-17 21:34:29,275 [INFO] [9/121] 이태원 관광특구 (primary=KEY_1)
2026-05-17 21:34:31,240 [INFO] [10/121] 잠실 관광특구 (primary=KEY_2)
2026-05-17 21:34:33,674 [INFO] [11/121] 종로·청계 관광특구 (primary=KEY_3)
2026-05-17 21:34:36,131 [INFO] [12/121] 홍대 관광특구 (primary=KEY_4)
2026-05-17 21:34:37,801 [INFO] [13/121] 강서한강공원 (primary=KEY_1)
2026-05-17 21:34:38,870 [INFO] [14/121] 고척돔 (primary=KEY_2)
2026-05-17 21:34:40,513 [INFO] [15/121] 광나루한강공원 (primary=KEY_3)
2026-05-17 21:34:41,710 [INFO] [16/121] 광화문광장 (primary=KEY_4)
2026-05-17 21:34:43,950 [INFO] [17/121] 국립중앙박물관·용산가족공원 (primary=KEY_1)
2026-05-17 21:34:45,718 [INFO] [18/121] 난지한강공원 (primary=KEY_2)
2026-05-17 21:34:46,758 [INFO] [19/121] 남산공원 (primary=KEY_3)
2026-05-17 21:34:48,159 [INFO] [20/121] 노들섬 (primary=KEY_4)
2026-05-17 21:34:49,947 [INFO] [21/121] 뚝섬한강공원 (primary=KEY_1)
2026-05-17 21:34:51,065 [INFO] [22/121] 망원한강공원 (primary=KEY_2)
2026-05-17 21:34:52,971 [INFO] [23/121] 반포한강공원 (primary=KEY_3)
2026-05-17 21:34:54,089 [INFO] [24/121] 보라매공원 (primary=KEY_4)
2026-05-17 21:34:55,177 [INFO] [25/121] 북서울꿈의숲 (primary=KEY_1)
2026-05-17 21:34:56,429 [INFO] [26/121] 서대문독립공원 (primary=KEY_2)
2026-05-17 21:34:57,497 [INFO] [27/121] 서리풀공원·몽마르뜨공원 (primary=KEY_3)
2026-05-17 21:34:58,734 [INFO] [28/121] 서울대공원 (primary=KEY_4)
2026-05-17 21:34:59,770 [INFO] [29/121] 서울숲공원 (primary=KEY_1)
2026-05-17 21:35:01,032 [INFO] [30/121] 송현녹지광장 (primary=KEY_2)
2026-05-17 21:35:02,255 [INFO] [31/121] 아차산 (primary=KEY_3)
2026-05-17 21:35:03,899 [INFO] [32/121] 안양천 (primary=KEY_4)
2026-05-17 21:35:04,934 [INFO] [33/121] 양화한강공원 (primary=KEY_1)
2026-05-17 21:35:06,686 [INFO] [34/121] 어린이대공원 (primary=KEY_2)
2026-05-17 21:35:07,947 [INFO] [35/121] 여의도한강공원 (primary=KEY_3)
2026-05-17 21:35:09,177 [INFO] [36/121] 여의서로 (primary=KEY_4)
2026-05-17 21:35:10,385 [INFO] [37/121] 올림픽공원 (primary=KEY_1)
2026-05-17 21:35:11,832 [INFO] [38/121] 월드컵공원 (primary=KEY_2)
2026-05-17 21:35:13,281 [INFO] [39/121] 응봉산 (primary=KEY_3)
2026-05-17 21:35:14,488 [INFO] [40/121] 이촌한강공원 (primary=KEY_4)
2026-05-17 21:35:15,530 [INFO] [41/121] 잠실종합운동장 (primary=KEY_1)
2026-05-17 21:35:16,576 [INFO] [42/121] 잠실한강공원 (primary=KEY_2)
2026-05-17 21:35:17,659 [INFO] [43/121] 잠원한강공원 (primary=KEY_3)
2026-05-17 21:35:18,705 [INFO] [44/121] 청계산 (primary=KEY_4)
2026-05-17 21:35:19,771 [INFO] [45/121] 홍제폭포 (primary=KEY_1)
2026-05-17 21:35:20,802 [INFO] [46/121] 가락시장 (primary=KEY_2)
2026-05-17 21:35:22,077 [INFO] [47/121] 가로수길 (primary=KEY_3)
2026-05-17 21:35:23,351 [INFO] [48/121] 광장(전통)시장 (primary=KEY_4)
2026-05-17 21:35:24,433 [INFO] [49/121] 김포공항 (primary=KEY_1)
2026-05-17 21:35:26,533 [INFO] [50/121] 남대문시장 (primary=KEY_2)
2026-05-17 21:35:27,792 [INFO] [51/121] 노량진 (primary=KEY_3)
2026-05-17 21:35:29,017 [INFO] [52/121] 덕수궁길·정동길 (primary=KEY_4)
2026-05-17 21:35:30,263 [INFO] [53/121] 북창동 먹자골목 (primary=KEY_1)
2026-05-17 21:35:31,472 [INFO] [54/121] 북촌한옥마을 (primary=KEY_2)
2026-05-17 21:35:32,900 [INFO] [55/121] 서촌 (primary=KEY_3)
2026-05-17 21:35:34,118 [INFO] [56/121] 성수카페거리 (primary=KEY_4)
2026-05-17 21:35:35,522 [INFO] [57/121] 송리단길·호수단길 (primary=KEY_1)
2026-05-17 21:35:36,798 [INFO] [58/121] 신촌 스타광장 (primary=KEY_2)
2026-05-17 21:35:37,888 [INFO] [59/121] 압구정로데오거리 (primary=KEY_3)
2026-05-17 21:35:39,144 [INFO] [60/121] 여의도 (primary=KEY_4)
2026-05-17 21:35:41,167 [INFO] [61/121] 연남동 (primary=KEY_1)
2026-05-17 21:35:42,386 [INFO] [62/121] 영등포 타임스퀘어 (primary=KEY_2)
2026-05-17 21:35:43,643 [INFO] [63/121] 용리단길 (primary=KEY_3)
2026-05-17 21:35:44,752 [INFO] [64/121] 이태원 앤틱가구거리 (primary=KEY_4)
2026-05-17 21:35:46,004 [INFO] [65/121] 익선동 (primary=KEY_1)
2026-05-17 21:35:47,313 [INFO] [66/121] 인사동 (primary=KEY_2)
2026-05-17 21:35:48,743 [INFO] [67/121] 잠실롯데타워·석촌호수 (primary=KEY_3)
2026-05-17 21:35:50,335 [INFO] [68/121] 창동 신경제 중심지 (primary=KEY_4)
2026-05-17 21:35:51,923 [INFO] [69/121] 청담동 명품거리 (primary=KEY_1)
2026-05-17 21:35:53,145 [INFO] [70/121] 청량리 제기동 일대 전통시장 (primary=KEY_2)
2026-05-17 21:35:54,403 [INFO] [71/121] 해방촌·경리단길 (primary=KEY_3)
2026-05-17 21:35:55,600 [INFO] [72/121] DDP(동대문디자인플라자) (primary=KEY_4)
2026-05-17 21:35:56,872 [INFO] [73/121] DMC(디지털미디어시티) (primary=KEY_1)
2026-05-17 21:35:58,487 [INFO] [74/121] 가산디지털단지역 (primary=KEY_2)
2026-05-17 21:36:00,227 [INFO] [75/121] 강남역 (primary=KEY_3)
2026-05-17 21:36:01,679 [INFO] [76/121] 건대입구역 (primary=KEY_4)
2026-05-17 21:36:03,509 [INFO] [77/121] 고덕역 (primary=KEY_1)
2026-05-17 21:36:04,727 [INFO] [78/121] 고속터미널역 (primary=KEY_2)
2026-05-17 21:36:05,961 [INFO] [79/121] 교대역 (primary=KEY_3)
2026-05-17 21:36:07,179 [INFO] [80/121] 구로디지털단지역 (primary=KEY_4)
2026-05-17 21:36:09,200 [INFO] [81/121] 구로역 (primary=KEY_1)
2026-05-17 21:36:10,442 [INFO] [82/121] 군자역 (primary=KEY_2)
2026-05-17 21:36:11,670 [INFO] [83/121] 대림역 (primary=KEY_3)
2026-05-17 21:36:12,928 [INFO] [84/121] 동대문역 (primary=KEY_4)
2026-05-17 21:36:14,189 [INFO] [85/121] 뚝섬역 (primary=KEY_1)
2026-05-17 21:36:15,399 [INFO] [86/121] 미아사거리역 (primary=KEY_2)
2026-05-17 21:36:16,622 [INFO] [87/121] 발산역 (primary=KEY_3)
2026-05-17 21:36:18,177 [INFO] [88/121] 사당역 (primary=KEY_4)
2026-05-17 21:36:19,441 [INFO] [89/121] 삼각지역 (primary=KEY_1)
2026-05-17 21:36:20,526 [INFO] [90/121] 서울대입구역 (primary=KEY_2)
2026-05-17 21:36:21,756 [INFO] [91/121] 서울식물원·마곡나루역 (primary=KEY_3)
2026-05-17 21:36:23,189 [INFO] [92/121] 서울역 (primary=KEY_4)
2026-05-17 21:36:24,615 [INFO] [93/121] 선릉역 (primary=KEY_1)
2026-05-17 21:36:26,244 [INFO] [94/121] 성신여대입구역 (primary=KEY_2)
2026-05-17 21:36:27,480 [INFO] [95/121] 수유역 (primary=KEY_3)
2026-05-17 21:36:28,705 [INFO] [96/121] 숭례문 (primary=KEY_4)
2026-05-17 21:36:29,958 [INFO] [97/121] 시의회 앞 (primary=KEY_1)
2026-05-17 21:36:31,241 [INFO] [98/121] 신논현역·논현역 (primary=KEY_2)
2026-05-17 21:36:32,516 [INFO] [99/121] 신도림역 (primary=KEY_3)
2026-05-17 21:36:33,638 [INFO] [100/121] 신림역 (primary=KEY_4)
2026-05-17 21:36:34,868 [INFO] [101/121] 신정네거리역 (primary=KEY_1)
2026-05-17 21:36:36,143 [INFO] [102/121] 신촌·이대역 (primary=KEY_2)
2026-05-17 21:36:37,389 [INFO] [103/121] 쌍문역 (primary=KEY_3)
2026-05-17 21:36:39,475 [INFO] [104/121] 양재역 (primary=KEY_4)
2026-05-17 21:36:40,758 [INFO] [105/121] 역삼역 (primary=KEY_1)
2026-05-17 21:36:42,267 [INFO] [106/121] 연신내역 (primary=KEY_2)
2026-05-17 21:36:43,390 [INFO] [107/121] 오목교역·목동운동장 (primary=KEY_3)
2026-05-17 21:36:45,132 [INFO] [108/121] 왕십리역 (primary=KEY_4)
2026-05-17 21:36:46,586 [INFO] [109/121] 용산역 (primary=KEY_1)
2026-05-17 21:36:47,986 [INFO] [110/121] 이태원역 (primary=KEY_2)
2026-05-17 21:36:49,043 [INFO] [111/121] 잠실새내역 (primary=KEY_3)
2026-05-17 21:36:50,265 [INFO] [112/121] 잠실역 (primary=KEY_4)
2026-05-17 21:36:51,690 [INFO] [113/121] 장지역 (primary=KEY_1)
2026-05-17 21:36:53,113 [INFO] [114/121] 장한평역 (primary=KEY_2)
2026-05-17 21:36:54,355 [INFO] [115/121] 천호역 (primary=KEY_3)
2026-05-17 21:36:55,811 [INFO] [116/121] 총신대입구(이수)역 (primary=KEY_4)
2026-05-17 21:36:57,076 [INFO] [117/121] 충정로역 (primary=KEY_1)
2026-05-17 21:36:58,349 [INFO] [118/121] 합정역 (primary=KEY_2)
2026-05-17 21:36:59,772 [INFO] [119/121] 혜화역 (primary=KEY_3)
2026-05-17 21:37:01,028 [INFO] [120/121] 홍대입구역(2호선) (primary=KEY_4)
2026-05-17 21:37:02,277 [INFO] [121/121] 회기역 (primary=KEY_1)
2026-05-17 21:37:06,434 [INFO] === 수집 완료 | 성공 121, 실패 0 ===
2026-05-17 21:37:06,434 [INFO] 카테고리별 저장 결과:
2026-05-17 21:37:06,434 [INFO]    accident                  | 신규     2행 | 누적     68행 | 16컬럼
2026-05-17 21:37:06,434 [INFO]    accident_acdnt_cntrl_stts | 신규     2행 | 누적     57행 | 16컬럼
2026-05-17 21:37:06,434 [INFO]    area_meta                 | 신규   121행 | 누적   2178행 | 5컬럼
2026-05-17 21:37:06,434 [INFO]    bike                      | 신규    11행 | 누적    190행 | 12컬럼
2026-05-17 21:37:06,434 [INFO]    bike_sbike_stts           | 신규   558행 | 누적  10044행 | 12컬럼
2026-05-17 21:37:06,434 [INFO]    bus                       | 신규     3행 | 누적     54행 | 11컬럼
2026-05-17 21:37:06,434 [INFO]    bus_bus_stn_stts          | 신규  1745행 | 누적  31410행 | 11컬럼
2026-05-17 21:37:06,434 [INFO]    charger                   | 신규     4행 | 누적    126행 | 15컬럼
2026-05-17 21:37:06,434 [INFO]    charger_charger_stts      | 신규  1885행 | 누적  29312행 | 15컬럼
2026-05-17 21:37:06,434 [INFO]    cmrcl                     | 신규    82행 | 누적   1476행 | 21컬럼
2026-05-17 21:37:06,434 [INFO]    events                    | 신규    12행 | 누적    206행 | 14컬럼
2026-05-17 21:37:06,434 [INFO]    events_event_stts         | 신규   174행 | 누적   3212행 | 14컬럼
2026-05-17 21:37:06,434 [INFO]    news                      | 신규   111행 | 누적    888행 | 10컬럼
2026-05-17 21:37:06,434 [INFO]    news_live_yna_news        | 신규    18행 | 누적    144행 | 10컬럼
2026-05-17 21:37:06,434 [INFO]    parking                   | 신규     6행 | 누적    108행 | 21컬럼
2026-05-17 21:37:06,434 [INFO]    parking_prk_stts          | 신규  1835행 | 누적  33030행 | 21컬럼
2026-05-17 21:37:06,434 [INFO]    ppltn                     | 신규   121행 | 누적   2177행 | 26컬럼
2026-05-17 21:37:06,435 [INFO]    road                      | 신규   121행 | 누적   2178행 | 21컬럼
2026-05-17 21:37:06,435 [INFO]    road_road_traffic_stts    | 신규  5244행 | 누적  94392행 | 17컬럼
2026-05-17 21:37:06,435 [INFO]    subway                    | 신규    38행 | 누적    684행 | 13컬럼
2026-05-17 21:37:06,435 [INFO]    subway_sub_stts           | 신규   183행 | 누적   3294행 | 13컬럼
2026-05-17 21:37:06,435 [INFO]    weather                   | 신규   119행 | 누적   2142행 | 30컬럼
2026-05-17 21:37:06,435 [INFO] 키별 사용량:
2026-05-17 21:37:06,435 [INFO]    🟢 KEY_1 (31/1000) 
2026-05-17 21:37:06,435 [INFO]    🟢 KEY_2 (30/1000) 
2026-05-17 21:37:06,435 [INFO]    🟢 KEY_3 (30/1000) 
2026-05-17 21:37:06,435 [INFO]    🟢 KEY_4 (30/1000) 
2026-05-17 22:39:43,882 [INFO] 등록된 키: 4개, 합산 한도 4,000건/일
2026-05-17 22:39:43,883 [INFO] POI 로드: 매뉴얼 v8.5 기준 fallback 121개 (121개 전체)
2026-05-17 22:39:43,883 [INFO] === 수집 시작 2026-05-17T22:39:43.883141+09:00 ===
2026-05-17 22:39:43,883 [INFO] 대상 장소: 121개 | API: citydata (통합)
2026-05-17 22:39:43,883 [INFO] 키 풀: 4/4 활성 | 오늘 사용 0/4000건
2026-05-17 22:39:43,883 [INFO]   [KEY_1] 담당 31장소
2026-05-17 22:39:43,883 [INFO]   [KEY_2] 담당 30장소
2026-05-17 22:39:43,883 [INFO]   [KEY_3] 담당 30장소
2026-05-17 22:39:43,883 [INFO]   [KEY_4] 담당 30장소
2026-05-17 22:39:43,883 [INFO] [1/121] 경복궁 (primary=KEY_1)
2026-05-17 22:39:45,573 [INFO] [2/121] 광화문·덕수궁 (primary=KEY_2)
2026-05-17 22:39:47,019 [INFO] [3/121] 보신각 (primary=KEY_3)
2026-05-17 22:39:48,832 [INFO] [4/121] 서울 암사동 유적 (primary=KEY_4)
2026-05-17 22:39:50,351 [INFO] [5/121] 창덕궁·종묘 (primary=KEY_1)
2026-05-17 22:39:52,020 [INFO] [6/121] 강남 MICE 관광특구 (primary=KEY_2)
2026-05-17 22:39:53,719 [INFO] [7/121] 동대문 관광특구 (primary=KEY_3)
2026-05-17 22:39:55,184 [INFO] [8/121] 명동 관광특구 (primary=KEY_4)
2026-05-17 22:39:57,972 [INFO] [9/121] 이태원 관광특구 (primary=KEY_1)
2026-05-17 22:39:59,135 [INFO] [10/121] 잠실 관광특구 (primary=KEY_2)
2026-05-17 22:40:00,613 [INFO] [11/121] 종로·청계 관광특구 (primary=KEY_3)
2026-05-17 22:40:02,579 [INFO] [12/121] 홍대 관광특구 (primary=KEY_4)
2026-05-17 22:40:03,904 [INFO] [13/121] 강서한강공원 (primary=KEY_1)
2026-05-17 22:40:04,860 [INFO] [14/121] 고척돔 (primary=KEY_2)
2026-05-17 22:40:06,515 [INFO] [15/121] 광나루한강공원 (primary=KEY_3)
2026-05-17 22:40:07,622 [INFO] [16/121] 광화문광장 (primary=KEY_4)
2026-05-17 22:40:09,557 [INFO] [17/121] 국립중앙박물관·용산가족공원 (primary=KEY_1)
2026-05-17 22:40:10,526 [INFO] [18/121] 난지한강공원 (primary=KEY_2)
2026-05-17 22:40:11,490 [INFO] [19/121] 남산공원 (primary=KEY_3)
2026-05-17 22:40:13,328 [INFO] [20/121] 노들섬 (primary=KEY_4)
2026-05-17 22:40:14,289 [INFO] [21/121] 뚝섬한강공원 (primary=KEY_1)
2026-05-17 22:40:15,280 [INFO] [22/121] 망원한강공원 (primary=KEY_2)
2026-05-17 22:40:17,229 [INFO] [23/121] 반포한강공원 (primary=KEY_3)
2026-05-17 22:40:18,190 [INFO] [24/121] 보라매공원 (primary=KEY_4)
2026-05-17 22:40:19,171 [INFO] [25/121] 북서울꿈의숲 (primary=KEY_1)
2026-05-17 22:40:20,269 [INFO] [26/121] 서대문독립공원 (primary=KEY_2)
2026-05-17 22:40:21,262 [INFO] [27/121] 서리풀공원·몽마르뜨공원 (primary=KEY_3)
2026-05-17 22:40:22,404 [INFO] [28/121] 서울대공원 (primary=KEY_4)
2026-05-17 22:40:23,367 [INFO] [29/121] 서울숲공원 (primary=KEY_1)
2026-05-17 22:40:24,491 [INFO] [30/121] 송현녹지광장 (primary=KEY_2)
2026-05-17 22:40:26,146 [INFO] [31/121] 아차산 (primary=KEY_3)
2026-05-17 22:40:27,103 [INFO] [32/121] 안양천 (primary=KEY_4)
2026-05-17 22:40:28,087 [INFO] [33/121] 양화한강공원 (primary=KEY_1)
2026-05-17 22:40:29,055 [INFO] [34/121] 어린이대공원 (primary=KEY_2)
2026-05-17 22:40:30,172 [INFO] [35/121] 여의도한강공원 (primary=KEY_3)
2026-05-17 22:40:31,821 [INFO] [36/121] 여의서로 (primary=KEY_4)
2026-05-17 22:40:32,922 [INFO] [37/121] 올림픽공원 (primary=KEY_1)
2026-05-17 22:40:34,191 [INFO] [38/121] 월드컵공원 (primary=KEY_2)
2026-05-17 22:40:35,465 [INFO] [39/121] 응봉산 (primary=KEY_3)
2026-05-17 22:40:36,605 [INFO] [40/121] 이촌한강공원 (primary=KEY_4)
2026-05-17 22:40:37,583 [INFO] [41/121] 잠실종합운동장 (primary=KEY_1)
2026-05-17 22:40:38,556 [INFO] [42/121] 잠실한강공원 (primary=KEY_2)
2026-05-17 22:40:39,547 [INFO] [43/121] 잠원한강공원 (primary=KEY_3)
2026-05-17 22:40:40,509 [INFO] [44/121] 청계산 (primary=KEY_4)
2026-05-17 22:40:41,473 [INFO] [45/121] 홍제폭포 (primary=KEY_1)
2026-05-17 22:40:42,437 [INFO] [46/121] 가락시장 (primary=KEY_2)
2026-05-17 22:40:43,576 [INFO] [47/121] 가로수길 (primary=KEY_3)
2026-05-17 22:40:45,548 [INFO] [48/121] 광장(전통)시장 (primary=KEY_4)
2026-05-17 22:40:46,562 [INFO] [49/121] 김포공항 (primary=KEY_1)
2026-05-17 22:40:47,841 [INFO] [50/121] 남대문시장 (primary=KEY_2)
2026-05-17 22:40:48,966 [INFO] [51/121] 노량진 (primary=KEY_3)
2026-05-17 22:40:50,098 [INFO] [52/121] 덕수궁길·정동길 (primary=KEY_4)
2026-05-17 22:40:51,262 [INFO] [53/121] 북창동 먹자골목 (primary=KEY_1)
2026-05-17 22:40:52,380 [INFO] [54/121] 북촌한옥마을 (primary=KEY_2)
2026-05-17 22:40:53,636 [INFO] [55/121] 서촌 (primary=KEY_3)
2026-05-17 22:40:54,756 [INFO] [56/121] 성수카페거리 (primary=KEY_4)
2026-05-17 22:40:56,018 [INFO] [57/121] 송리단길·호수단길 (primary=KEY_1)
2026-05-17 22:40:57,167 [INFO] [58/121] 신촌 스타광장 (primary=KEY_2)
2026-05-17 22:40:58,155 [INFO] [59/121] 압구정로데오거리 (primary=KEY_3)
2026-05-17 22:40:59,279 [INFO] [60/121] 여의도 (primary=KEY_4)
2026-05-17 22:41:01,110 [INFO] [61/121] 연남동 (primary=KEY_1)
2026-05-17 22:41:02,232 [INFO] [62/121] 영등포 타임스퀘어 (primary=KEY_2)
2026-05-17 22:41:03,342 [INFO] [63/121] 용리단길 (primary=KEY_3)
2026-05-17 22:41:04,351 [INFO] [64/121] 이태원 앤틱가구거리 (primary=KEY_4)
2026-05-17 22:41:05,495 [INFO] [65/121] 익선동 (primary=KEY_1)
2026-05-17 22:41:06,662 [INFO] [66/121] 인사동 (primary=KEY_2)
2026-05-17 22:41:07,971 [INFO] [67/121] 잠실롯데타워·석촌호수 (primary=KEY_3)
2026-05-17 22:41:09,395 [INFO] [68/121] 창동 신경제 중심지 (primary=KEY_4)
2026-05-17 22:41:10,814 [INFO] [69/121] 청담동 명품거리 (primary=KEY_1)
2026-05-17 22:41:11,933 [INFO] [70/121] 청량리 제기동 일대 전통시장 (primary=KEY_2)
2026-05-17 22:41:13,060 [INFO] [71/121] 해방촌·경리단길 (primary=KEY_3)
2026-05-17 22:41:14,053 [INFO] [72/121] DDP(동대문디자인플라자) (primary=KEY_4)
2026-05-17 22:41:15,186 [INFO] [73/121] DMC(디지털미디어시티) (primary=KEY_1)
2026-05-17 22:41:16,617 [INFO] [74/121] 가산디지털단지역 (primary=KEY_2)
2026-05-17 22:41:18,168 [INFO] [75/121] 강남역 (primary=KEY_3)
2026-05-17 22:41:19,471 [INFO] [76/121] 건대입구역 (primary=KEY_4)
2026-05-17 22:41:20,614 [INFO] [77/121] 고덕역 (primary=KEY_1)
2026-05-17 22:41:21,739 [INFO] [78/121] 고속터미널역 (primary=KEY_2)
2026-05-17 22:41:22,892 [INFO] [79/121] 교대역 (primary=KEY_3)
2026-05-17 22:41:24,021 [INFO] [80/121] 구로디지털단지역 (primary=KEY_4)
2026-05-17 22:41:25,462 [INFO] [81/121] 구로역 (primary=KEY_1)
2026-05-17 22:41:26,577 [INFO] [82/121] 군자역 (primary=KEY_2)
2026-05-17 22:41:27,714 [INFO] [83/121] 대림역 (primary=KEY_3)
2026-05-17 22:41:28,850 [INFO] [84/121] 동대문역 (primary=KEY_4)
2026-05-17 22:41:29,989 [INFO] [85/121] 뚝섬역 (primary=KEY_1)
2026-05-17 22:41:31,135 [INFO] [86/121] 미아사거리역 (primary=KEY_2)
2026-05-17 22:41:32,256 [INFO] [87/121] 발산역 (primary=KEY_3)
2026-05-17 22:41:33,524 [INFO] [88/121] 사당역 (primary=KEY_4)
2026-05-17 22:41:34,659 [INFO] [89/121] 삼각지역 (primary=KEY_1)
2026-05-17 22:41:35,649 [INFO] [90/121] 서울대입구역 (primary=KEY_2)
2026-05-17 22:41:36,756 [INFO] [91/121] 서울식물원·마곡나루역 (primary=KEY_3)
2026-05-17 22:41:38,040 [INFO] [92/121] 서울역 (primary=KEY_4)
2026-05-17 22:41:39,372 [INFO] [93/121] 선릉역 (primary=KEY_1)
2026-05-17 22:41:40,821 [INFO] [94/121] 성신여대입구역 (primary=KEY_2)
2026-05-17 22:41:41,826 [INFO] [95/121] 수유역 (primary=KEY_3)
2026-05-17 22:41:42,949 [INFO] [96/121] 숭례문 (primary=KEY_4)
2026-05-17 22:41:44,089 [INFO] [97/121] 시의회 앞 (primary=KEY_1)
2026-05-17 22:41:45,226 [INFO] [98/121] 신논현역·논현역 (primary=KEY_2)
2026-05-17 22:41:46,377 [INFO] [99/121] 신도림역 (primary=KEY_3)
2026-05-17 22:41:47,361 [INFO] [100/121] 신림역 (primary=KEY_4)
2026-05-17 22:41:48,487 [INFO] [101/121] 신정네거리역 (primary=KEY_1)
2026-05-17 22:41:49,622 [INFO] [102/121] 신촌·이대역 (primary=KEY_2)
2026-05-17 22:41:50,749 [INFO] [103/121] 쌍문역 (primary=KEY_3)
2026-05-17 22:41:51,873 [INFO] [104/121] 양재역 (primary=KEY_4)
2026-05-17 22:41:53,008 [INFO] [105/121] 역삼역 (primary=KEY_1)
2026-05-17 22:41:55,136 [INFO] [106/121] 연신내역 (primary=KEY_2)
2026-05-17 22:41:56,836 [INFO] [107/121] 오목교역·목동운동장 (primary=KEY_3)
2026-05-17 22:41:58,972 [INFO] [108/121] 왕십리역 (primary=KEY_4)
2026-05-17 22:42:01,070 [INFO] [109/121] 용산역 (primary=KEY_1)
2026-05-17 22:42:02,756 [INFO] [110/121] 이태원역 (primary=KEY_2)
2026-05-17 22:42:04,550 [INFO] [111/121] 잠실새내역 (primary=KEY_3)
2026-05-17 22:42:06,506 [INFO] [112/121] 잠실역 (primary=KEY_4)
2026-05-17 22:42:08,318 [INFO] [113/121] 장지역 (primary=KEY_1)
2026-05-17 22:42:10,396 [INFO] [114/121] 장한평역 (primary=KEY_2)
2026-05-17 22:42:12,170 [INFO] [115/121] 천호역 (primary=KEY_3)
2026-05-17 22:42:13,436 [INFO] [116/121] 총신대입구(이수)역 (primary=KEY_4)
2026-05-17 22:42:14,564 [INFO] [117/121] 충정로역 (primary=KEY_1)
2026-05-17 22:42:16,388 [INFO] [118/121] 합정역 (primary=KEY_2)
2026-05-17 22:42:18,201 [INFO] [119/121] 혜화역 (primary=KEY_3)
2026-05-17 22:42:19,343 [INFO] [120/121] 홍대입구역(2호선) (primary=KEY_4)
2026-05-17 22:42:20,473 [INFO] [121/121] 회기역 (primary=KEY_1)
2026-05-17 22:42:25,240 [INFO] === 수집 완료 | 성공 121, 실패 0 ===
2026-05-17 22:42:25,240 [INFO] 카테고리별 저장 결과:
2026-05-17 22:42:25,240 [INFO]    accident                  | 신규     2행 | 누적     70행 | 16컬럼
2026-05-17 22:42:25,240 [INFO]    area_meta                 | 신규   121행 | 누적   2299행 | 5컬럼
2026-05-17 22:42:25,240 [INFO]    bike                      | 신규    11행 | 누적    201행 | 12컬럼
2026-05-17 22:42:25,240 [INFO]    bike_sbike_stts           | 신규   558행 | 누적  10602행 | 12컬럼
2026-05-17 22:42:25,240 [INFO]    bus                       | 신규     3행 | 누적     57행 | 11컬럼
2026-05-17 22:42:25,240 [INFO]    bus_bus_stn_stts          | 신규  1745행 | 누적  33155행 | 11컬럼
2026-05-17 22:42:25,240 [INFO]    charger                   | 신규     4행 | 누적    130행 | 15컬럼
2026-05-17 22:42:25,240 [INFO]    charger_charger_stts      | 신규  1847행 | 누적  31144행 | 15컬럼
2026-05-17 22:42:25,241 [INFO]    cmrcl                     | 신규    82행 | 누적   1558행 | 21컬럼
2026-05-17 22:42:25,241 [INFO]    events                    | 신규    12행 | 누적    218행 | 14컬럼
2026-05-17 22:42:25,241 [INFO]    events_event_stts         | 신규   174행 | 누적   3386행 | 14컬럼
2026-05-17 22:42:25,241 [INFO]    news                      | 신규   111행 | 누적    999행 | 10컬럼
2026-05-17 22:42:25,241 [INFO]    news_live_yna_news        | 신규    18행 | 누적    162행 | 10컬럼
2026-05-17 22:42:25,241 [INFO]    parking                   | 신규     6행 | 누적    114행 | 21컬럼
2026-05-17 22:42:25,241 [INFO]    parking_prk_stts          | 신규  1835행 | 누적  34865행 | 21컬럼
2026-05-17 22:42:25,241 [INFO]    ppltn                     | 신규   121행 | 누적   2298행 | 26컬럼
2026-05-17 22:42:25,241 [INFO]    road                      | 신규   121행 | 누적   2299행 | 21컬럼
2026-05-17 22:42:25,241 [INFO]    road_road_traffic_stts    | 신규  5244행 | 누적  99636행 | 17컬럼
2026-05-17 22:42:25,241 [INFO]    subway                    | 신규    38행 | 누적    722행 | 13컬럼
2026-05-17 22:42:25,241 [INFO]    subway_sub_stts           | 신규   183행 | 누적   3477행 | 13컬럼
2026-05-17 22:42:25,241 [INFO]    weather                   | 신규   119행 | 누적   2261행 | 30컬럼
2026-05-17 22:42:25,241 [INFO] 키별 사용량:
2026-05-17 22:42:25,241 [INFO]    🟢 KEY_1 (31/1000) 
2026-05-17 22:42:25,241 [INFO]    🟢 KEY_2 (30/1000) 
2026-05-17 22:42:25,241 [INFO]    🟢 KEY_3 (30/1000) 
2026-05-17 22:42:25,241 [INFO]    🟢 KEY_4 (30/1000) 
2026-05-17 23:38:50,624 [INFO] 등록된 키: 4개, 합산 한도 4,000건/일
2026-05-17 23:38:50,625 [INFO] POI 로드: 매뉴얼 v8.5 기준 fallback 121개 (121개 전체)
2026-05-17 23:38:50,625 [INFO] === 수집 시작 2026-05-17T23:38:50.625078+09:00 ===
2026-05-17 23:38:50,625 [INFO] 대상 장소: 121개 | API: citydata (통합)
2026-05-17 23:38:50,625 [INFO] 키 풀: 4/4 활성 | 오늘 사용 0/4000건
2026-05-17 23:38:50,625 [INFO]   [KEY_1] 담당 31장소
2026-05-17 23:38:50,625 [INFO]   [KEY_2] 담당 30장소
2026-05-17 23:38:50,625 [INFO]   [KEY_3] 담당 30장소
2026-05-17 23:38:50,625 [INFO]   [KEY_4] 담당 30장소
2026-05-17 23:38:50,625 [INFO] [1/121] 경복궁 (primary=KEY_1)
2026-05-17 23:38:52,316 [INFO] [2/121] 광화문·덕수궁 (primary=KEY_2)
2026-05-17 23:38:53,995 [INFO] [3/121] 보신각 (primary=KEY_3)
2026-05-17 23:38:55,250 [INFO] [4/121] 서울 암사동 유적 (primary=KEY_4)
2026-05-17 23:38:57,034 [INFO] [5/121] 창덕궁·종묘 (primary=KEY_1)
2026-05-17 23:38:58,298 [INFO] [6/121] 강남 MICE 관광특구 (primary=KEY_2)
2026-05-17 23:38:59,985 [INFO] [7/121] 동대문 관광특구 (primary=KEY_3)
2026-05-17 23:39:01,352 [INFO] [8/121] 명동 관광특구 (primary=KEY_4)
2026-05-17 23:39:02,839 [INFO] [9/121] 이태원 관광특구 (primary=KEY_1)
2026-05-17 23:39:04,113 [INFO] [10/121] 잠실 관광특구 (primary=KEY_2)
2026-05-17 23:39:05,703 [INFO] [11/121] 종로·청계 관광특구 (primary=KEY_3)
2026-05-17 23:39:07,031 [INFO] [12/121] 홍대 관광특구 (primary=KEY_4)
2026-05-17 23:39:08,922 [INFO] [13/121] 강서한강공원 (primary=KEY_1)
2026-05-17 23:39:09,897 [INFO] [14/121] 고척돔 (primary=KEY_2)
2026-05-17 23:39:11,547 [INFO] [15/121] 광나루한강공원 (primary=KEY_3)
2026-05-17 23:39:12,658 [INFO] [16/121] 광화문광장 (primary=KEY_4)
2026-05-17 23:39:13,789 [INFO] [17/121] 국립중앙박물관·용산가족공원 (primary=KEY_1)
2026-05-17 23:39:14,799 [INFO] [18/121] 난지한강공원 (primary=KEY_2)
2026-05-17 23:39:15,779 [INFO] [19/121] 남산공원 (primary=KEY_3)
2026-05-17 23:39:17,084 [INFO] [20/121] 노들섬 (primary=KEY_4)
2026-05-17 23:39:18,061 [INFO] [21/121] 뚝섬한강공원 (primary=KEY_1)
2026-05-17 23:39:19,085 [INFO] [22/121] 망원한강공원 (primary=KEY_2)
2026-05-17 23:39:20,218 [INFO] [23/121] 반포한강공원 (primary=KEY_3)
2026-05-17 23:39:21,198 [INFO] [24/121] 보라매공원 (primary=KEY_4)
2026-05-17 23:39:22,189 [INFO] [25/121] 북서울꿈의숲 (primary=KEY_1)
2026-05-17 23:39:23,292 [INFO] [26/121] 서대문독립공원 (primary=KEY_2)
2026-05-17 23:39:24,279 [INFO] [27/121] 서리풀공원·몽마르뜨공원 (primary=KEY_3)
2026-05-17 23:39:25,435 [INFO] [28/121] 서울대공원 (primary=KEY_4)
2026-05-17 23:39:26,396 [INFO] [29/121] 서울숲공원 (primary=KEY_1)
2026-05-17 23:39:27,533 [INFO] [30/121] 송현녹지광장 (primary=KEY_2)
2026-05-17 23:39:28,678 [INFO] [31/121] 아차산 (primary=KEY_3)
2026-05-17 23:39:29,786 [INFO] [32/121] 안양천 (primary=KEY_4)
2026-05-17 23:39:30,752 [INFO] [33/121] 양화한강공원 (primary=KEY_1)
2026-05-17 23:39:32,534 [INFO] [34/121] 어린이대공원 (primary=KEY_2)
2026-05-17 23:39:33,670 [INFO] [35/121] 여의도한강공원 (primary=KEY_3)
2026-05-17 23:39:34,779 [INFO] [36/121] 여의서로 (primary=KEY_4)
2026-05-17 23:39:35,911 [INFO] [37/121] 올림픽공원 (primary=KEY_1)
2026-05-17 23:39:37,191 [INFO] [38/121] 월드컵공원 (primary=KEY_2)
2026-05-17 23:39:38,497 [INFO] [39/121] 응봉산 (primary=KEY_3)
2026-05-17 23:39:39,604 [INFO] [40/121] 이촌한강공원 (primary=KEY_4)
2026-05-17 23:39:40,581 [INFO] [41/121] 잠실종합운동장 (primary=KEY_1)
2026-05-17 23:39:41,567 [INFO] [42/121] 잠실한강공원 (primary=KEY_2)
2026-05-17 23:39:42,565 [INFO] [43/121] 잠원한강공원 (primary=KEY_3)
2026-05-17 23:39:43,537 [INFO] [44/121] 청계산 (primary=KEY_4)
2026-05-17 23:39:45,062 [INFO] [45/121] 홍제폭포 (primary=KEY_1)
2026-05-17 23:39:46,162 [INFO] [46/121] 가락시장 (primary=KEY_2)
2026-05-17 23:39:47,885 [INFO] [47/121] 가로수길 (primary=KEY_3)
2026-05-17 23:39:49,843 [INFO] [48/121] 광장(전통)시장 (primary=KEY_4)
2026-05-17 23:39:51,381 [INFO] [49/121] 김포공항 (primary=KEY_1)
2026-05-17 23:39:53,213 [INFO] [50/121] 남대문시장 (primary=KEY_2)
2026-05-17 23:39:54,353 [INFO] [51/121] 노량진 (primary=KEY_3)
2026-05-17 23:39:55,495 [INFO] [52/121] 덕수궁길·정동길 (primary=KEY_4)
2026-05-17 23:39:56,669 [INFO] [53/121] 북창동 먹자골목 (primary=KEY_1)
2026-05-17 23:39:57,802 [INFO] [54/121] 북촌한옥마을 (primary=KEY_2)
2026-05-17 23:39:59,099 [INFO] [55/121] 서촌 (primary=KEY_3)
2026-05-17 23:40:00,769 [INFO] [56/121] 성수카페거리 (primary=KEY_4)
2026-05-17 23:40:02,154 [INFO] [57/121] 송리단길·호수단길 (primary=KEY_1)
2026-05-17 23:40:03,820 [INFO] [58/121] 신촌 스타광장 (primary=KEY_2)
2026-05-17 23:40:04,801 [INFO] [59/121] 압구정로데오거리 (primary=KEY_3)
2026-05-17 23:40:06,139 [INFO] [60/121] 여의도 (primary=KEY_4)
2026-05-17 23:40:07,900 [INFO] [61/121] 연남동 (primary=KEY_1)
2026-05-17 23:40:09,000 [INFO] [62/121] 영등포 타임스퀘어 (primary=KEY_2)
2026-05-17 23:40:10,104 [INFO] [63/121] 용리단길 (primary=KEY_3)
2026-05-17 23:40:11,112 [INFO] [64/121] 이태원 앤틱가구거리 (primary=KEY_4)
2026-05-17 23:40:12,260 [INFO] [65/121] 익선동 (primary=KEY_1)
2026-05-17 23:40:13,418 [INFO] [66/121] 인사동 (primary=KEY_2)
2026-05-17 23:40:14,710 [INFO] [67/121] 잠실롯데타워·석촌호수 (primary=KEY_3)
2026-05-17 23:40:16,122 [INFO] [68/121] 창동 신경제 중심지 (primary=KEY_4)
2026-05-17 23:40:17,553 [INFO] [69/121] 청담동 명품거리 (primary=KEY_1)
2026-05-17 23:40:18,825 [INFO] [70/121] 청량리 제기동 일대 전통시장 (primary=KEY_2)
2026-05-17 23:40:19,972 [INFO] [71/121] 해방촌·경리단길 (primary=KEY_3)
2026-05-17 23:40:20,954 [INFO] [72/121] DDP(동대문디자인플라자) (primary=KEY_4)
2026-05-17 23:40:22,107 [INFO] [73/121] DMC(디지털미디어시티) (primary=KEY_1)
2026-05-17 23:40:23,545 [INFO] [74/121] 가산디지털단지역 (primary=KEY_2)
2026-05-17 23:40:25,084 [INFO] [75/121] 강남역 (primary=KEY_3)
2026-05-17 23:40:26,411 [INFO] [76/121] 건대입구역 (primary=KEY_4)
2026-05-17 23:40:27,574 [INFO] [77/121] 고덕역 (primary=KEY_1)
2026-05-17 23:40:28,703 [INFO] [78/121] 고속터미널역 (primary=KEY_2)
2026-05-17 23:40:29,832 [INFO] [79/121] 교대역 (primary=KEY_3)
2026-05-17 23:40:30,985 [INFO] [80/121] 구로디지털단지역 (primary=KEY_4)
2026-05-17 23:40:32,378 [INFO] [81/121] 구로역 (primary=KEY_1)
2026-05-17 23:40:33,521 [INFO] [82/121] 군자역 (primary=KEY_2)
2026-05-17 23:40:34,669 [INFO] [83/121] 대림역 (primary=KEY_3)
2026-05-17 23:40:35,803 [INFO] [84/121] 동대문역 (primary=KEY_4)
2026-05-17 23:40:36,934 [INFO] [85/121] 뚝섬역 (primary=KEY_1)
2026-05-17 23:40:38,074 [INFO] [86/121] 미아사거리역 (primary=KEY_2)
2026-05-17 23:40:39,747 [INFO] [87/121] 발산역 (primary=KEY_3)
2026-05-17 23:40:41,173 [INFO] [88/121] 사당역 (primary=KEY_4)
2026-05-17 23:40:42,324 [INFO] [89/121] 삼각지역 (primary=KEY_1)
2026-05-17 23:40:43,320 [INFO] [90/121] 서울대입구역 (primary=KEY_2)
2026-05-17 23:40:44,441 [INFO] [91/121] 서울식물원·마곡나루역 (primary=KEY_3)
2026-05-17 23:40:45,712 [INFO] [92/121] 서울역 (primary=KEY_4)
2026-05-17 23:40:47,013 [INFO] [93/121] 선릉역 (primary=KEY_1)
2026-05-17 23:40:48,473 [INFO] [94/121] 성신여대입구역 (primary=KEY_2)
2026-05-17 23:40:49,484 [INFO] [95/121] 수유역 (primary=KEY_3)
2026-05-17 23:40:50,643 [INFO] [96/121] 숭례문 (primary=KEY_4)
2026-05-17 23:40:51,791 [INFO] [97/121] 시의회 앞 (primary=KEY_1)
2026-05-17 23:40:52,926 [INFO] [98/121] 신논현역·논현역 (primary=KEY_2)
2026-05-17 23:40:54,071 [INFO] [99/121] 신도림역 (primary=KEY_3)
2026-05-17 23:40:55,107 [INFO] [100/121] 신림역 (primary=KEY_4)
2026-05-17 23:40:56,252 [INFO] [101/121] 신정네거리역 (primary=KEY_1)
2026-05-17 23:40:57,372 [INFO] [102/121] 신촌·이대역 (primary=KEY_2)
2026-05-17 23:40:58,509 [INFO] [103/121] 쌍문역 (primary=KEY_3)
2026-05-17 23:40:59,638 [INFO] [104/121] 양재역 (primary=KEY_4)
2026-05-17 23:41:00,779 [INFO] [105/121] 역삼역 (primary=KEY_1)
2026-05-17 23:41:02,129 [INFO] [106/121] 연신내역 (primary=KEY_2)
2026-05-17 23:41:03,173 [INFO] [107/121] 오목교역·목동운동장 (primary=KEY_3)
2026-05-17 23:41:04,769 [INFO] [108/121] 왕십리역 (primary=KEY_4)
2026-05-17 23:41:06,095 [INFO] [109/121] 용산역 (primary=KEY_1)
2026-05-17 23:41:07,365 [INFO] [110/121] 이태원역 (primary=KEY_2)
2026-05-17 23:41:08,342 [INFO] [111/121] 잠실새내역 (primary=KEY_3)
2026-05-17 23:41:09,480 [INFO] [112/121] 잠실역 (primary=KEY_4)
2026-05-17 23:41:10,768 [INFO] [113/121] 장지역 (primary=KEY_1)
2026-05-17 23:41:12,030 [INFO] [114/121] 장한평역 (primary=KEY_2)
2026-05-17 23:41:13,145 [INFO] [115/121] 천호역 (primary=KEY_3)
2026-05-17 23:41:14,404 [INFO] [116/121] 총신대입구(이수)역 (primary=KEY_4)
2026-05-17 23:41:15,528 [INFO] [117/121] 충정로역 (primary=KEY_1)
2026-05-17 23:41:16,675 [INFO] [118/121] 합정역 (primary=KEY_2)
2026-05-17 23:41:17,959 [INFO] [119/121] 혜화역 (primary=KEY_3)
2026-05-17 23:41:19,074 [INFO] [120/121] 홍대입구역(2호선) (primary=KEY_4)
2026-05-17 23:41:20,209 [INFO] [121/121] 회기역 (primary=KEY_1)
2026-05-17 23:41:24,735 [INFO] === 수집 완료 | 성공 121, 실패 0 ===
2026-05-17 23:41:24,735 [INFO] 카테고리별 저장 결과:
2026-05-17 23:41:24,735 [INFO]    accident                  | 신규     2행 | 누적     72행 | 16컬럼
2026-05-17 23:41:24,735 [INFO]    area_meta                 | 신규   121행 | 누적   2420행 | 5컬럼
2026-05-17 23:41:24,735 [INFO]    bike                      | 신규    11행 | 누적    212행 | 12컬럼
2026-05-17 23:41:24,735 [INFO]    bike_sbike_stts           | 신규   558행 | 누적  11160행 | 12컬럼
2026-05-17 23:41:24,735 [INFO]    bus                       | 신규     3행 | 누적     60행 | 11컬럼
2026-05-17 23:41:24,735 [INFO]    bus_bus_stn_stts          | 신규  1745행 | 누적  34900행 | 11컬럼
2026-05-17 23:41:24,735 [INFO]    charger                   | 신규     4행 | 누적    134행 | 15컬럼
2026-05-17 23:41:24,735 [INFO]    charger_charger_stts      | 신규  1885행 | 누적  33014행 | 15컬럼
2026-05-17 23:41:24,735 [INFO]    cmrcl                     | 신규    82행 | 누적   1640행 | 21컬럼
2026-05-17 23:41:24,735 [INFO]    events                    | 신규    12행 | 누적    230행 | 14컬럼
2026-05-17 23:41:24,736 [INFO]    events_event_stts         | 신규   174행 | 누적   3560행 | 14컬럼
2026-05-17 23:41:24,736 [INFO]    news                      | 신규   111행 | 누적   1110행 | 10컬럼
2026-05-17 23:41:24,736 [INFO]    news_live_yna_news        | 신규    18행 | 누적    180행 | 10컬럼
2026-05-17 23:41:24,736 [INFO]    parking                   | 신규     6행 | 누적    120행 | 21컬럼
2026-05-17 23:41:24,736 [INFO]    parking_prk_stts          | 신규  1835행 | 누적  36700행 | 21컬럼
2026-05-17 23:41:24,736 [INFO]    ppltn                     | 신규   121행 | 누적   2419행 | 26컬럼
2026-05-17 23:41:24,736 [INFO]    road                      | 신규   121행 | 누적   2420행 | 21컬럼
2026-05-17 23:41:24,736 [INFO]    road_road_traffic_stts    | 신규  5244행 | 누적 104880행 | 17컬럼
2026-05-17 23:41:24,736 [INFO]    subway                    | 신규    38행 | 누적    760행 | 13컬럼
2026-05-17 23:41:24,736 [INFO]    subway_sub_stts           | 신규   183행 | 누적   3660행 | 13컬럼
2026-05-17 23:41:24,736 [INFO]    weather                   | 신규   119행 | 누적   2380행 | 30컬럼
2026-05-17 23:41:24,736 [INFO] 키별 사용량:
2026-05-17 23:41:24,736 [INFO]    🟢 KEY_1 (31/1000) 
2026-05-17 23:41:24,736 [INFO]    🟢 KEY_2 (30/1000) 
2026-05-17 23:41:24,736 [INFO]    🟢 KEY_3 (30/1000) 
2026-05-17 23:41:24,736 [INFO]    🟢 KEY_4 (30/1000) 
