2026-06-20 01:10:27,796 [INFO] 등록된 키: 4개, 합산 한도 4,000건/일
2026-06-20 01:10:27,796 [INFO] POI 로드: 매뉴얼 v8.5 기준 fallback 121개 (121개 전체)
2026-06-20 01:10:27,796 [INFO] === 수집 시작 2026-06-20T01:10:27.796922+09:00 ===
2026-06-20 01:10:27,797 [INFO] 대상 장소: 121개 | API: citydata (통합)
2026-06-20 01:10:27,797 [INFO] 키 풀: 4/4 활성 | 오늘 사용 0/4000건
2026-06-20 01:10:27,797 [INFO]   [KEY_1] 담당 31장소
2026-06-20 01:10:27,797 [INFO]   [KEY_2] 담당 30장소
2026-06-20 01:10:27,797 [INFO]   [KEY_3] 담당 30장소
2026-06-20 01:10:27,797 [INFO]   [KEY_4] 담당 30장소
2026-06-20 01:10:27,797 [INFO] [1/121] 경복궁 (primary=KEY_1)
2026-06-20 01:10:30,276 [INFO] [2/121] 광화문·덕수궁 (primary=KEY_2)
2026-06-20 01:10:33,009 [INFO] [3/121] 보신각 (primary=KEY_3)
2026-06-20 01:10:34,444 [INFO] [4/121] 서울 암사동 유적 (primary=KEY_4)
2026-06-20 01:10:36,324 [INFO] [5/121] 창덕궁·종묘 (primary=KEY_1)
2026-06-20 01:10:38,216 [INFO] [6/121] 강남 MICE 관광특구 (primary=KEY_2)
2026-06-20 01:10:39,367 [INFO] [7/121] 동대문 관광특구 (primary=KEY_3)
2026-06-20 01:10:40,943 [INFO] [8/121] 명동 관광특구 (primary=KEY_4)
2026-06-20 01:10:43,081 [INFO] [9/121] 이태원 관광특구 (primary=KEY_1)
2026-06-20 01:10:44,715 [INFO] [10/121] 잠실 관광특구 (primary=KEY_2)
2026-06-20 01:10:46,468 [INFO] [11/121] 종로·청계 관광특구 (primary=KEY_3)
2026-06-20 01:10:48,595 [INFO] [12/121] 홍대 관광특구 (primary=KEY_4)
2026-06-20 01:10:50,164 [INFO] [13/121] 강서한강공원 (primary=KEY_1)
2026-06-20 01:10:51,976 [INFO] [14/121] 고척돔 (primary=KEY_2)
2026-06-20 01:10:53,097 [INFO] [15/121] 광나루한강공원 (primary=KEY_3)
2026-06-20 01:10:55,340 [INFO] [16/121] 광화문광장 (primary=KEY_4)
2026-06-20 01:10:56,680 [INFO] [17/121] 국립중앙박물관·용산가족공원 (primary=KEY_1)
2026-06-20 01:10:57,814 [INFO] [18/121] 난지한강공원 (primary=KEY_2)
2026-06-20 01:10:59,023 [INFO] [19/121] 남산공원 (primary=KEY_3)
2026-06-20 01:11:01,133 [INFO] [20/121] 노들섬 (primary=KEY_4)
2026-06-20 01:11:03,205 [INFO] [21/121] 뚝섬한강공원 (primary=KEY_1)
2026-06-20 01:11:04,349 [INFO] [22/121] 망원한강공원 (primary=KEY_2)
2026-06-20 01:11:05,678 [INFO] [23/121] 반포한강공원 (primary=KEY_3)
2026-06-20 01:11:07,575 [INFO] [24/121] 보라매공원 (primary=KEY_4)
2026-06-20 01:11:09,178 [INFO] [25/121] 북서울꿈의숲 (primary=KEY_1)
2026-06-20 01:11:10,298 [INFO] [26/121] 서대문독립공원 (primary=KEY_2)
2026-06-20 01:11:11,419 [INFO] [27/121] 서리풀공원·몽마르뜨공원 (primary=KEY_3)
2026-06-20 01:11:13,394 [INFO] [28/121] 서울대공원 (primary=KEY_4)
2026-06-20 01:11:14,521 [INFO] [29/121] 서울숲공원 (primary=KEY_1)
2026-06-20 01:11:16,312 [INFO] [30/121] 송현녹지광장 (primary=KEY_2)
2026-06-20 01:11:17,633 [INFO] [31/121] 아차산 (primary=KEY_3)
2026-06-20 01:11:18,750 [INFO] [32/121] 안양천 (primary=KEY_4)
2026-06-20 01:11:20,148 [INFO] [33/121] 양화한강공원 (primary=KEY_1)
2026-06-20 01:11:21,273 [INFO] [34/121] 어린이대공원 (primary=KEY_2)
2026-06-20 01:11:22,505 [INFO] [35/121] 여의도한강공원 (primary=KEY_3)
2026-06-20 01:11:24,020 [INFO] [36/121] 여의서로 (primary=KEY_4)
2026-06-20 01:11:26,194 [INFO] [37/121] 올림픽공원 (primary=KEY_1)
2026-06-20 01:11:27,541 [INFO] [38/121] 월드컵공원 (primary=KEY_2)
2026-06-20 01:11:29,223 [INFO] [39/121] 응봉산 (primary=KEY_3)
2026-06-20 01:11:30,734 [INFO] [40/121] 이촌한강공원 (primary=KEY_4)
2026-06-20 01:11:31,857 [INFO] [41/121] 잠실종합운동장 (primary=KEY_1)
2026-06-20 01:11:33,259 [INFO] [42/121] 잠실한강공원 (primary=KEY_2)
2026-06-20 01:11:34,407 [INFO] [43/121] 잠원한강공원 (primary=KEY_3)
2026-06-20 01:11:35,539 [INFO] [44/121] 청계산 (primary=KEY_4)
2026-06-20 01:11:36,947 [INFO] [45/121] 홍제폭포 (primary=KEY_1)
2026-06-20 01:11:39,042 [INFO] [46/121] 가락시장 (primary=KEY_2)
2026-06-20 01:11:40,487 [INFO] [47/121] 가로수길 (primary=KEY_3)
2026-06-20 01:11:42,438 [INFO] [48/121] 광장(전통)시장 (primary=KEY_4)
2026-06-20 01:11:43,593 [INFO] [49/121] 김포공항 (primary=KEY_1)
2026-06-20 01:11:44,947 [INFO] [50/121] 남대문시장 (primary=KEY_2)
2026-06-20 01:11:46,262 [INFO] [51/121] 노량진 (primary=KEY_3)
2026-06-20 01:11:47,714 [INFO] [52/121] 덕수궁길·정동길 (primary=KEY_4)
2026-06-20 01:11:49,054 [INFO] [53/121] 북창동 먹자골목 (primary=KEY_1)
2026-06-20 01:11:50,201 [INFO] [54/121] 북촌한옥마을 (primary=KEY_2)
2026-06-20 01:11:51,551 [INFO] [55/121] 서촌 (primary=KEY_3)
2026-06-20 01:11:52,879 [INFO] [56/121] 성수카페거리 (primary=KEY_4)
2026-06-20 01:11:54,219 [INFO] [57/121] 송리단길·호수단길 (primary=KEY_1)
2026-06-20 01:11:55,559 [INFO] [58/121] 신촌 스타광장 (primary=KEY_2)
2026-06-20 01:11:56,701 [INFO] [59/121] 압구정로데오거리 (primary=KEY_3)
2026-06-20 01:11:58,223 [INFO] [60/121] 여의도 (primary=KEY_4)
2026-06-20 01:12:00,198 [INFO] [61/121] 연남동 (primary=KEY_1)
2026-06-20 01:12:01,518 [INFO] [62/121] 영등포 타임스퀘어 (primary=KEY_2)
2026-06-20 01:12:02,825 [INFO] [63/121] 용리단길 (primary=KEY_3)
2026-06-20 01:12:03,973 [INFO] [64/121] 이태원 앤틱가구거리 (primary=KEY_4)
2026-06-20 01:12:05,108 [INFO] [65/121] 익선동 (primary=KEY_1)
2026-06-20 01:12:06,444 [INFO] [66/121] 인사동 (primary=KEY_2)
2026-06-20 01:12:07,775 [INFO] [67/121] 잠실롯데타워·석촌호수 (primary=KEY_3)
2026-06-20 01:12:09,116 [INFO] [68/121] 창동 신경제 중심지 (primary=KEY_4)
2026-06-20 01:12:10,674 [INFO] [69/121] 청담동 명품거리 (primary=KEY_1)
2026-06-20 01:12:12,925 [INFO] [70/121] 청량리 제기동 일대 전통시장 (primary=KEY_2)
2026-06-20 01:12:14,254 [INFO] [71/121] 해방촌·경리단길 (primary=KEY_3)
2026-06-20 01:12:15,397 [INFO] [72/121] DDP(동대문디자인플라자) (primary=KEY_4)
2026-06-20 01:12:16,761 [INFO] [73/121] DMC(디지털미디어시티) (primary=KEY_1)
2026-06-20 01:12:18,295 [INFO] [74/121] 가산디지털단지역 (primary=KEY_2)
2026-06-20 01:12:19,807 [INFO] [75/121] 강남역 (primary=KEY_3)
2026-06-20 01:12:21,345 [INFO] [76/121] 건대입구역 (primary=KEY_4)
2026-06-20 01:12:22,693 [INFO] [77/121] 고덕역 (primary=KEY_1)
2026-06-20 01:12:24,013 [INFO] [78/121] 고속터미널역 (primary=KEY_2)
2026-06-20 01:12:25,713 [INFO] [79/121] 교대역 (primary=KEY_3)
2026-06-20 01:12:26,868 [INFO] [80/121] 구로디지털단지역 (primary=KEY_4)
2026-06-20 01:12:28,195 [INFO] [81/121] 구로역 (primary=KEY_1)
2026-06-20 01:12:29,321 [INFO] [82/121] 군자역 (primary=KEY_2)
2026-06-20 01:12:30,656 [INFO] [83/121] 대림역 (primary=KEY_3)
2026-06-20 01:12:31,994 [INFO] [84/121] 동대문역 (primary=KEY_4)
2026-06-20 01:12:33,314 [INFO] [85/121] 뚝섬역 (primary=KEY_1)
2026-06-20 01:12:34,669 [INFO] [86/121] 미아사거리역 (primary=KEY_2)
2026-06-20 01:12:36,397 [INFO] [87/121] 발산역 (primary=KEY_3)
2026-06-20 01:12:37,931 [INFO] [88/121] 사당역 (primary=KEY_4)
2026-06-20 01:12:39,279 [INFO] [89/121] 삼각지역 (primary=KEY_1)
2026-06-20 01:12:40,464 [INFO] [90/121] 서울대입구역 (primary=KEY_2)
2026-06-20 01:12:41,617 [INFO] [91/121] 서울식물원·마곡나루역 (primary=KEY_3)
2026-06-20 01:12:42,994 [INFO] [92/121] 서울역 (primary=KEY_4)
2026-06-20 01:12:44,387 [INFO] [93/121] 선릉역 (primary=KEY_1)
2026-06-20 01:12:45,930 [INFO] [94/121] 성신여대입구역 (primary=KEY_2)
2026-06-20 01:12:47,073 [INFO] [95/121] 수유역 (primary=KEY_3)
2026-06-20 01:12:48,410 [INFO] [96/121] 숭례문 (primary=KEY_4)
2026-06-20 01:12:49,742 [INFO] [97/121] 시의회 앞 (primary=KEY_1)
2026-06-20 01:12:51,084 [INFO] [98/121] 신논현역·논현역 (primary=KEY_2)
2026-06-20 01:12:52,433 [INFO] [99/121] 신도림역 (primary=KEY_3)
2026-06-20 01:12:53,600 [INFO] [100/121] 신림역 (primary=KEY_4)
2026-06-20 01:12:54,742 [INFO] [101/121] 신정네거리역 (primary=KEY_1)
2026-06-20 01:12:55,884 [INFO] [102/121] 신촌·이대역 (primary=KEY_2)
2026-06-20 01:12:57,216 [INFO] [103/121] 쌍문역 (primary=KEY_3)
2026-06-20 01:12:58,370 [INFO] [104/121] 양재역 (primary=KEY_4)
2026-06-20 01:12:59,706 [INFO] [105/121] 역삼역 (primary=KEY_1)
2026-06-20 01:13:01,054 [INFO] [106/121] 연신내역 (primary=KEY_2)
2026-06-20 01:13:02,209 [INFO] [107/121] 오목교역·목동운동장 (primary=KEY_3)
2026-06-20 01:13:03,907 [INFO] [108/121] 왕십리역 (primary=KEY_4)
2026-06-20 01:13:05,258 [INFO] [109/121] 용산역 (primary=KEY_1)
2026-06-20 01:13:06,777 [INFO] [110/121] 이태원역 (primary=KEY_2)
2026-06-20 01:13:07,928 [INFO] [111/121] 잠실새내역 (primary=KEY_3)
2026-06-20 01:13:09,241 [INFO] [112/121] 잠실역 (primary=KEY_4)
2026-06-20 01:13:10,574 [INFO] [113/121] 장지역 (primary=KEY_1)
2026-06-20 01:13:11,906 [INFO] [114/121] 장한평역 (primary=KEY_2)
2026-06-20 01:13:13,243 [INFO] [115/121] 천호역 (primary=KEY_3)
2026-06-20 01:13:14,632 [INFO] [116/121] 총신대입구(이수)역 (primary=KEY_4)
2026-06-20 01:13:15,999 [INFO] [117/121] 충정로역 (primary=KEY_1)
2026-06-20 01:13:17,342 [INFO] [118/121] 합정역 (primary=KEY_2)
2026-06-20 01:13:19,297 [INFO] [119/121] 혜화역 (primary=KEY_3)
2026-06-20 01:13:21,743 [INFO] [120/121] 홍대입구역(2호선) (primary=KEY_4)
2026-06-20 01:13:24,211 [INFO] [121/121] 회기역 (primary=KEY_1)
2026-06-20 01:13:26,730 [INFO] === 수집 완료 | 성공 121, 실패 0 ===
2026-06-20 01:13:26,730 [INFO] 카테고리별 저장 결과:
2026-06-20 01:13:26,731 [INFO]    accident                  | 신규     4행 | 누적      4행 | 16컬럼
2026-06-20 01:13:26,731 [INFO]    area_meta                 | 신규   121행 | 누적    121행 | 5컬럼
2026-06-20 01:13:26,731 [INFO]    bike                      | 신규    12행 | 누적     12행 | 12컬럼
2026-06-20 01:13:26,731 [INFO]    bike_sbike_stts           | 신규   543행 | 누적    543행 | 12컬럼
2026-06-20 01:13:26,731 [INFO]    bus                       | 신규     3행 | 누적      3행 | 11컬럼
2026-06-20 01:13:26,731 [INFO]    bus_bus_stn_stts          | 신규  1745행 | 누적   1745행 | 11컬럼
2026-06-20 01:13:26,731 [INFO]    charger                   | 신규    17행 | 누적     17행 | 15컬럼
2026-06-20 01:13:26,731 [INFO]    charger_charger_stts      | 신규   620행 | 누적    620행 | 15컬럼
2026-06-20 01:13:26,731 [INFO]    cmrcl                     | 신규    82행 | 누적     82행 | 20컬럼
2026-06-20 01:13:26,731 [INFO]    events                    | 신규    13행 | 누적     13행 | 14컬럼
2026-06-20 01:13:26,731 [INFO]    events_event_stts         | 신규   158행 | 누적    158행 | 14컬럼
2026-06-20 01:13:26,731 [INFO]    parking                   | 신규     6행 | 누적      6행 | 21컬럼
2026-06-20 01:13:26,731 [INFO]    parking_prk_stts          | 신규  1836행 | 누적   1836행 | 21컬럼
2026-06-20 01:13:26,731 [INFO]    ppltn                     | 신규   121행 | 누적    121행 | 26컬럼
2026-06-20 01:13:26,731 [INFO]    road                      | 신규   121행 | 누적    121행 | 21컬럼
2026-06-20 01:13:26,731 [INFO]    road_road_traffic_stts    | 신규  5256행 | 누적   5256행 | 17컬럼
2026-06-20 01:13:26,731 [INFO]    subway                    | 신규    38행 | 누적     38행 | 13컬럼
2026-06-20 01:13:26,731 [INFO]    subway_sub_stts           | 신규   183행 | 누적    183행 | 13컬럼
2026-06-20 01:13:26,731 [INFO]    weather                   | 신규   119행 | 누적    119행 | 29컬럼
2026-06-20 01:13:26,731 [INFO] 키별 사용량:
2026-06-20 01:13:26,731 [INFO]    🟢 KEY_1 (31/1000) 
2026-06-20 01:13:26,731 [INFO]    🟢 KEY_2 (30/1000) 
2026-06-20 01:13:26,731 [INFO]    🟢 KEY_3 (30/1000) 
2026-06-20 01:13:26,731 [INFO]    🟢 KEY_4 (30/1000) 
2026-06-20 02:45:44,433 [INFO] 등록된 키: 4개, 합산 한도 4,000건/일
2026-06-20 02:45:44,434 [INFO] POI 로드: 매뉴얼 v8.5 기준 fallback 121개 (121개 전체)
2026-06-20 02:45:44,434 [INFO] === 수집 시작 2026-06-20T02:45:44.434262+09:00 ===
2026-06-20 02:45:44,434 [INFO] 대상 장소: 121개 | API: citydata (통합)
2026-06-20 02:45:44,434 [INFO] 키 풀: 4/4 활성 | 오늘 사용 0/4000건
2026-06-20 02:45:44,434 [INFO]   [KEY_1] 담당 31장소
2026-06-20 02:45:44,434 [INFO]   [KEY_2] 담당 30장소
2026-06-20 02:45:44,434 [INFO]   [KEY_3] 담당 30장소
2026-06-20 02:45:44,434 [INFO]   [KEY_4] 담당 30장소
2026-06-20 02:45:44,434 [INFO] [1/121] 경복궁 (primary=KEY_1)
2026-06-20 02:45:46,050 [INFO] [2/121] 광화문·덕수궁 (primary=KEY_2)
2026-06-20 02:45:47,983 [INFO] [3/121] 보신각 (primary=KEY_3)
2026-06-20 02:45:50,018 [INFO] [4/121] 서울 암사동 유적 (primary=KEY_4)
2026-06-20 02:45:51,593 [INFO] [5/121] 창덕궁·종묘 (primary=KEY_1)
2026-06-20 02:45:53,321 [INFO] [6/121] 강남 MICE 관광특구 (primary=KEY_2)
2026-06-20 02:45:54,354 [INFO] [7/121] 동대문 관광특구 (primary=KEY_3)
2026-06-20 02:45:55,685 [INFO] [8/121] 명동 관광특구 (primary=KEY_4)
2026-06-20 02:45:57,048 [INFO] [9/121] 이태원 관광특구 (primary=KEY_1)
2026-06-20 02:45:58,220 [INFO] [10/121] 잠실 관광특구 (primary=KEY_2)
2026-06-20 02:46:00,140 [INFO] [11/121] 종로·청계 관광특구 (primary=KEY_3)
2026-06-20 02:46:01,479 [INFO] [12/121] 홍대 관광특구 (primary=KEY_4)
2026-06-20 02:46:03,403 [INFO] [13/121] 강서한강공원 (primary=KEY_1)
2026-06-20 02:46:04,401 [INFO] [14/121] 고척돔 (primary=KEY_2)
2026-06-20 02:46:05,415 [INFO] [15/121] 광나루한강공원 (primary=KEY_3)
2026-06-20 02:46:07,287 [INFO] [16/121] 광화문광장 (primary=KEY_4)
2026-06-20 02:46:08,436 [INFO] [17/121] 국립중앙박물관·용산가족공원 (primary=KEY_1)
2026-06-20 02:46:09,446 [INFO] [18/121] 난지한강공원 (primary=KEY_2)
2026-06-20 02:46:10,441 [INFO] [19/121] 남산공원 (primary=KEY_3)
2026-06-20 02:46:12,926 [INFO] [20/121] 노들섬 (primary=KEY_4)
2026-06-20 02:46:13,926 [INFO] [21/121] 뚝섬한강공원 (primary=KEY_1)
2026-06-20 02:46:14,928 [INFO] [22/121] 망원한강공원 (primary=KEY_2)
2026-06-20 02:46:16,073 [INFO] [23/121] 반포한강공원 (primary=KEY_3)
2026-06-20 02:46:17,069 [INFO] [24/121] 보라매공원 (primary=KEY_4)
2026-06-20 02:46:18,110 [INFO] [25/121] 북서울꿈의숲 (primary=KEY_1)
2026-06-20 02:46:19,119 [INFO] [26/121] 서대문독립공원 (primary=KEY_2)
2026-06-20 02:46:20,722 [INFO] [27/121] 서리풀공원·몽마르뜨공원 (primary=KEY_3)
2026-06-20 02:46:21,749 [INFO] [28/121] 서울대공원 (primary=KEY_4)
2026-06-20 02:46:22,740 [INFO] [29/121] 서울숲공원 (primary=KEY_1)
2026-06-20 02:46:23,894 [INFO] [30/121] 송현녹지광장 (primary=KEY_2)
2026-06-20 02:46:25,051 [INFO] [31/121] 아차산 (primary=KEY_3)
2026-06-20 02:46:26,049 [INFO] [32/121] 안양천 (primary=KEY_4)
2026-06-20 02:46:27,058 [INFO] [33/121] 양화한강공원 (primary=KEY_1)
2026-06-20 02:46:29,523 [INFO] [34/121] 어린이대공원 (primary=KEY_2)
2026-06-20 02:46:31,137 [INFO] [35/121] 여의도한강공원 (primary=KEY_3)
2026-06-20 02:46:32,288 [INFO] [36/121] 여의서로 (primary=KEY_4)
2026-06-20 02:46:34,034 [INFO] [37/121] 올림픽공원 (primary=KEY_1)
2026-06-20 02:46:35,237 [INFO] [38/121] 월드컵공원 (primary=KEY_2)
2026-06-20 02:46:36,565 [INFO] [39/121] 응봉산 (primary=KEY_3)
2026-06-20 02:46:37,712 [INFO] [40/121] 이촌한강공원 (primary=KEY_4)
2026-06-20 02:46:38,724 [INFO] [41/121] 잠실종합운동장 (primary=KEY_1)
2026-06-20 02:46:39,724 [INFO] [42/121] 잠실한강공원 (primary=KEY_2)
2026-06-20 02:46:40,742 [INFO] [43/121] 잠원한강공원 (primary=KEY_3)
2026-06-20 02:46:41,739 [INFO] [44/121] 청계산 (primary=KEY_4)
2026-06-20 02:46:42,741 [INFO] [45/121] 홍제폭포 (primary=KEY_1)
2026-06-20 02:46:43,739 [INFO] [46/121] 가락시장 (primary=KEY_2)
2026-06-20 02:46:45,660 [INFO] [47/121] 가로수길 (primary=KEY_3)
2026-06-20 02:46:47,742 [INFO] [48/121] 광장(전통)시장 (primary=KEY_4)
2026-06-20 02:46:48,758 [INFO] [49/121] 김포공항 (primary=KEY_1)
2026-06-20 02:46:50,535 [INFO] [50/121] 남대문시장 (primary=KEY_2)
2026-06-20 02:46:51,554 [INFO] [51/121] 노량진 (primary=KEY_3)
2026-06-20 02:46:52,605 [INFO] [52/121] 덕수궁길·정동길 (primary=KEY_4)
2026-06-20 02:46:53,805 [INFO] [53/121] 북창동 먹자골목 (primary=KEY_1)
2026-06-20 02:46:54,817 [INFO] [54/121] 북촌한옥마을 (primary=KEY_2)
2026-06-20 02:46:56,567 [INFO] [55/121] 서촌 (primary=KEY_3)
2026-06-20 02:46:57,722 [INFO] [56/121] 성수카페거리 (primary=KEY_4)
2026-06-20 02:46:58,914 [INFO] [57/121] 송리단길·호수단길 (primary=KEY_1)
2026-06-20 02:47:00,695 [INFO] [58/121] 신촌 스타광장 (primary=KEY_2)
2026-06-20 02:47:01,719 [INFO] [59/121] 압구정로데오거리 (primary=KEY_3)
2026-06-20 02:47:02,894 [INFO] [60/121] 여의도 (primary=KEY_4)
2026-06-20 02:47:05,296 [INFO] [61/121] 연남동 (primary=KEY_1)
2026-06-20 02:47:06,449 [INFO] [62/121] 영등포 타임스퀘어 (primary=KEY_2)
2026-06-20 02:47:08,197 [INFO] [63/121] 용리단길 (primary=KEY_3)
2026-06-20 02:47:09,224 [INFO] [64/121] 이태원 앤틱가구거리 (primary=KEY_4)
2026-06-20 02:47:10,239 [INFO] [65/121] 익선동 (primary=KEY_1)
2026-06-20 02:47:12,017 [INFO] [66/121] 인사동 (primary=KEY_2)
2026-06-20 02:47:13,181 [INFO] [67/121] 잠실롯데타워·석촌호수 (primary=KEY_3)
2026-06-20 02:47:15,208 [INFO] [68/121] 창동 신경제 중심지 (primary=KEY_4)
2026-06-20 02:47:16,534 [INFO] [69/121] 청담동 명품거리 (primary=KEY_1)
2026-06-20 02:47:18,273 [INFO] [70/121] 청량리 제기동 일대 전통시장 (primary=KEY_2)
2026-06-20 02:47:20,022 [INFO] [71/121] 해방촌·경리단길 (primary=KEY_3)
2026-06-20 02:47:21,027 [INFO] [72/121] DDP(동대문디자인플라자) (primary=KEY_4)
2026-06-20 02:47:22,244 [INFO] [73/121] DMC(디지털미디어시티) (primary=KEY_1)
2026-06-20 02:47:23,593 [INFO] [74/121] 가산디지털단지역 (primary=KEY_2)
2026-06-20 02:47:24,903 [INFO] [75/121] 강남역 (primary=KEY_3)
2026-06-20 02:47:26,258 [INFO] [76/121] 건대입구역 (primary=KEY_4)
2026-06-20 02:47:27,435 [INFO] [77/121] 고덕역 (primary=KEY_1)
2026-06-20 02:47:28,448 [INFO] [78/121] 고속터미널역 (primary=KEY_2)
2026-06-20 02:47:29,480 [INFO] [79/121] 교대역 (primary=KEY_3)
2026-06-20 02:47:30,507 [INFO] [80/121] 구로디지털단지역 (primary=KEY_4)
2026-06-20 02:47:31,686 [INFO] [81/121] 구로역 (primary=KEY_1)
2026-06-20 02:47:32,698 [INFO] [82/121] 군자역 (primary=KEY_2)
2026-06-20 02:47:34,318 [INFO] [83/121] 대림역 (primary=KEY_3)
2026-06-20 02:47:35,338 [INFO] [84/121] 동대문역 (primary=KEY_4)
2026-06-20 02:47:36,358 [INFO] [85/121] 뚝섬역 (primary=KEY_1)
2026-06-20 02:47:37,517 [INFO] [86/121] 미아사거리역 (primary=KEY_2)
2026-06-20 02:47:38,680 [INFO] [87/121] 발산역 (primary=KEY_3)
2026-06-20 02:47:39,996 [INFO] [88/121] 사당역 (primary=KEY_4)
2026-06-20 02:47:41,172 [INFO] [89/121] 삼각지역 (primary=KEY_1)
2026-06-20 02:47:42,183 [INFO] [90/121] 서울대입구역 (primary=KEY_2)
2026-06-20 02:47:43,200 [INFO] [91/121] 서울식물원·마곡나루역 (primary=KEY_3)
2026-06-20 02:47:44,377 [INFO] [92/121] 서울역 (primary=KEY_4)
2026-06-20 02:47:45,582 [INFO] [93/121] 선릉역 (primary=KEY_1)
2026-06-20 02:47:46,917 [INFO] [94/121] 성신여대입구역 (primary=KEY_2)
2026-06-20 02:47:47,943 [INFO] [95/121] 수유역 (primary=KEY_3)
2026-06-20 02:47:49,105 [INFO] [96/121] 숭례문 (primary=KEY_4)
2026-06-20 02:47:50,297 [INFO] [97/121] 시의회 앞 (primary=KEY_1)
2026-06-20 02:47:51,472 [INFO] [98/121] 신논현역·논현역 (primary=KEY_2)
2026-06-20 02:47:52,669 [INFO] [99/121] 신도림역 (primary=KEY_3)
2026-06-20 02:47:53,682 [INFO] [100/121] 신림역 (primary=KEY_4)
2026-06-20 02:47:54,706 [INFO] [101/121] 신정네거리역 (primary=KEY_1)
2026-06-20 02:47:55,733 [INFO] [102/121] 신촌·이대역 (primary=KEY_2)
2026-06-20 02:47:56,918 [INFO] [103/121] 쌍문역 (primary=KEY_3)
2026-06-20 02:47:57,947 [INFO] [104/121] 양재역 (primary=KEY_4)
2026-06-20 02:47:58,990 [INFO] [105/121] 역삼역 (primary=KEY_1)
2026-06-20 02:48:00,151 [INFO] [106/121] 연신내역 (primary=KEY_2)
2026-06-20 02:48:02,025 [INFO] [107/121] 오목교역·목동운동장 (primary=KEY_3)
2026-06-20 02:48:03,350 [INFO] [108/121] 왕십리역 (primary=KEY_4)
2026-06-20 02:48:04,530 [INFO] [109/121] 용산역 (primary=KEY_1)
2026-06-20 02:48:05,691 [INFO] [110/121] 이태원역 (primary=KEY_2)
2026-06-20 02:48:07,548 [INFO] [111/121] 잠실새내역 (primary=KEY_3)
2026-06-20 02:48:08,724 [INFO] [112/121] 잠실역 (primary=KEY_4)
2026-06-20 02:48:10,500 [INFO] [113/121] 장지역 (primary=KEY_1)
2026-06-20 02:48:11,665 [INFO] [114/121] 장한평역 (primary=KEY_2)
2026-06-20 02:48:12,825 [INFO] [115/121] 천호역 (primary=KEY_3)
2026-06-20 02:48:14,084 [INFO] [116/121] 총신대입구(이수)역 (primary=KEY_4)
2026-06-20 02:48:15,267 [INFO] [117/121] 충정로역 (primary=KEY_1)
2026-06-20 02:48:16,289 [INFO] [118/121] 합정역 (primary=KEY_2)
2026-06-20 02:48:17,467 [INFO] [119/121] 혜화역 (primary=KEY_3)
2026-06-20 02:48:18,501 [INFO] [120/121] 홍대입구역(2호선) (primary=KEY_4)
2026-06-20 02:48:19,567 [INFO] [121/121] 회기역 (primary=KEY_1)
2026-06-20 02:48:21,245 [INFO] === 수집 완료 | 성공 121, 실패 0 ===
2026-06-20 02:48:21,245 [INFO] 카테고리별 저장 결과:
2026-06-20 02:48:21,245 [INFO]    accident                  | 신규     4행 | 누적      8행 | 16컬럼
2026-06-20 02:48:21,245 [INFO]    area_meta                 | 신규   121행 | 누적    242행 | 5컬럼
2026-06-20 02:48:21,245 [INFO]    bike                      | 신규    12행 | 누적     24행 | 12컬럼
2026-06-20 02:48:21,245 [INFO]    bike_sbike_stts           | 신규   543행 | 누적   1086행 | 12컬럼
2026-06-20 02:48:21,245 [INFO]    bus                       | 신규     3행 | 누적      6행 | 11컬럼
2026-06-20 02:48:21,245 [INFO]    bus_bus_stn_stts          | 신규  1745행 | 누적   3490행 | 11컬럼
2026-06-20 02:48:21,245 [INFO]    charger                   | 신규    25행 | 누적     42행 | 15컬럼
2026-06-20 02:48:21,245 [INFO]    charger_charger_stts      | 신규   336행 | 누적    952행 | 15컬럼
2026-06-20 02:48:21,245 [INFO]    cmrcl                     | 신규    82행 | 누적    164행 | 20컬럼
2026-06-20 02:48:21,245 [INFO]    events                    | 신규    13행 | 누적     26행 | 14컬럼
2026-06-20 02:48:21,245 [INFO]    events_event_stts         | 신규   158행 | 누적    316행 | 14컬럼
2026-06-20 02:48:21,245 [INFO]    parking                   | 신규     6행 | 누적     12행 | 21컬럼
2026-06-20 02:48:21,245 [INFO]    parking_prk_stts          | 신규  1836행 | 누적   3672행 | 21컬럼
2026-06-20 02:48:21,245 [INFO]    ppltn                     | 신규   121행 | 누적    242행 | 26컬럼
2026-06-20 02:48:21,245 [INFO]    road                      | 신규   121행 | 누적    242행 | 21컬럼
2026-06-20 02:48:21,245 [INFO]    road_road_traffic_stts    | 신규  5256행 | 누적  10512행 | 17컬럼
2026-06-20 02:48:21,245 [INFO]    subway                    | 신규    38행 | 누적     76행 | 13컬럼
2026-06-20 02:48:21,245 [INFO]    subway_sub_stts           | 신규   183행 | 누적    366행 | 13컬럼
2026-06-20 02:48:21,245 [INFO]    weather                   | 신규   119행 | 누적    238행 | 29컬럼
2026-06-20 02:48:21,245 [INFO] 키별 사용량:
2026-06-20 02:48:21,246 [INFO]    🟢 KEY_1 (31/1000) 
2026-06-20 02:48:21,246 [INFO]    🟢 KEY_2 (30/1000) 
2026-06-20 02:48:21,246 [INFO]    🟢 KEY_3 (30/1000) 
2026-06-20 02:48:21,246 [INFO]    🟢 KEY_4 (30/1000) 
2026-06-20 03:50:17,076 [INFO] 등록된 키: 4개, 합산 한도 4,000건/일
2026-06-20 03:50:17,076 [INFO] POI 로드: 매뉴얼 v8.5 기준 fallback 121개 (121개 전체)
2026-06-20 03:50:17,077 [INFO] === 수집 시작 2026-06-20T03:50:17.076987+09:00 ===
2026-06-20 03:50:17,077 [INFO] 대상 장소: 121개 | API: citydata (통합)
2026-06-20 03:50:17,077 [INFO] 키 풀: 4/4 활성 | 오늘 사용 0/4000건
2026-06-20 03:50:17,077 [INFO]   [KEY_1] 담당 31장소
2026-06-20 03:50:17,077 [INFO]   [KEY_2] 담당 30장소
2026-06-20 03:50:17,077 [INFO]   [KEY_3] 담당 30장소
2026-06-20 03:50:17,077 [INFO]   [KEY_4] 담당 30장소
2026-06-20 03:50:17,077 [INFO] [1/121] 경복궁 (primary=KEY_1)
2026-06-20 03:50:18,800 [INFO] [2/121] 광화문·덕수궁 (primary=KEY_2)
2026-06-20 03:50:21,027 [INFO] [3/121] 보신각 (primary=KEY_3)
2026-06-20 03:50:22,902 [INFO] [4/121] 서울 암사동 유적 (primary=KEY_4)
2026-06-20 03:50:24,523 [INFO] [5/121] 창덕궁·종묘 (primary=KEY_1)
2026-06-20 03:50:26,388 [INFO] [6/121] 강남 MICE 관광특구 (primary=KEY_2)
2026-06-20 03:50:27,614 [INFO] [7/121] 동대문 관광특구 (primary=KEY_3)
2026-06-20 03:50:29,043 [INFO] [8/121] 명동 관광특구 (primary=KEY_4)
2026-06-20 03:50:31,301 [INFO] [9/121] 이태원 관광특구 (primary=KEY_1)
2026-06-20 03:50:33,202 [INFO] [10/121] 잠실 관광특구 (primary=KEY_2)
2026-06-20 03:50:35,468 [INFO] [11/121] 종로·청계 관광특구 (primary=KEY_3)
2026-06-20 03:50:37,205 [INFO] [12/121] 홍대 관광특구 (primary=KEY_4)
2026-06-20 03:50:39,219 [INFO] [13/121] 강서한강공원 (primary=KEY_1)
2026-06-20 03:50:40,580 [INFO] [14/121] 고척돔 (primary=KEY_2)
2026-06-20 03:50:42,299 [INFO] [15/121] 광나루한강공원 (primary=KEY_3)
2026-06-20 03:50:44,065 [INFO] [16/121] 광화문광장 (primary=KEY_4)
2026-06-20 03:50:45,960 [INFO] [17/121] 국립중앙박물관·용산가족공원 (primary=KEY_1)
2026-06-20 03:50:47,044 [INFO] [18/121] 난지한강공원 (primary=KEY_2)
2026-06-20 03:50:48,087 [INFO] [19/121] 남산공원 (primary=KEY_3)
2026-06-20 03:50:50,175 [INFO] [20/121] 노들섬 (primary=KEY_4)
2026-06-20 03:50:51,222 [INFO] [21/121] 뚝섬한강공원 (primary=KEY_1)
2026-06-20 03:50:52,282 [INFO] [22/121] 망원한강공원 (primary=KEY_2)
2026-06-20 03:50:53,511 [INFO] [23/121] 반포한강공원 (primary=KEY_3)
2026-06-20 03:50:55,199 [INFO] [24/121] 보라매공원 (primary=KEY_4)
2026-06-20 03:50:56,289 [INFO] [25/121] 북서울꿈의숲 (primary=KEY_1)
2026-06-20 03:50:57,342 [INFO] [26/121] 서대문독립공원 (primary=KEY_2)
2026-06-20 03:50:58,396 [INFO] [27/121] 서리풀공원·몽마르뜨공원 (primary=KEY_3)
2026-06-20 03:50:59,487 [INFO] [28/121] 서울대공원 (primary=KEY_4)
2026-06-20 03:51:00,529 [INFO] [29/121] 서울숲공원 (primary=KEY_1)
2026-06-20 03:51:01,754 [INFO] [30/121] 송현녹지광장 (primary=KEY_2)
2026-06-20 03:51:02,961 [INFO] [31/121] 아차산 (primary=KEY_3)
2026-06-20 03:51:03,999 [INFO] [32/121] 안양천 (primary=KEY_4)
2026-06-20 03:51:05,715 [INFO] [33/121] 양화한강공원 (primary=KEY_1)
2026-06-20 03:51:06,768 [INFO] [34/121] 어린이대공원 (primary=KEY_2)
2026-06-20 03:51:07,979 [INFO] [35/121] 여의도한강공원 (primary=KEY_3)
2026-06-20 03:51:09,187 [INFO] [36/121] 여의서로 (primary=KEY_4)
2026-06-20 03:51:10,986 [INFO] [37/121] 올림픽공원 (primary=KEY_1)
2026-06-20 03:51:12,230 [INFO] [38/121] 월드컵공원 (primary=KEY_2)
2026-06-20 03:51:13,626 [INFO] [39/121] 응봉산 (primary=KEY_3)
2026-06-20 03:51:14,838 [INFO] [40/121] 이촌한강공원 (primary=KEY_4)
2026-06-20 03:51:15,879 [INFO] [41/121] 잠실종합운동장 (primary=KEY_1)
2026-06-20 03:51:17,591 [INFO] [42/121] 잠실한강공원 (primary=KEY_2)
2026-06-20 03:51:19,319 [INFO] [43/121] 잠원한강공원 (primary=KEY_3)
2026-06-20 03:51:20,375 [INFO] [44/121] 청계산 (primary=KEY_4)
2026-06-20 03:51:21,447 [INFO] [45/121] 홍제폭포 (primary=KEY_1)
2026-06-20 03:51:22,498 [INFO] [46/121] 가락시장 (primary=KEY_2)
2026-06-20 03:51:24,298 [INFO] [47/121] 가로수길 (primary=KEY_3)
2026-06-20 03:51:25,546 [INFO] [48/121] 광장(전통)시장 (primary=KEY_4)
2026-06-20 03:51:26,609 [INFO] [49/121] 김포공항 (primary=KEY_1)
2026-06-20 03:51:27,852 [INFO] [50/121] 남대문시장 (primary=KEY_2)
2026-06-20 03:51:29,715 [INFO] [51/121] 노량진 (primary=KEY_3)
2026-06-20 03:51:30,943 [INFO] [52/121] 덕수궁길·정동길 (primary=KEY_4)
2026-06-20 03:51:32,189 [INFO] [53/121] 북창동 먹자골목 (primary=KEY_1)
2026-06-20 03:51:33,254 [INFO] [54/121] 북촌한옥마을 (primary=KEY_2)
2026-06-20 03:51:34,490 [INFO] [55/121] 서촌 (primary=KEY_3)
2026-06-20 03:51:35,726 [INFO] [56/121] 성수카페거리 (primary=KEY_4)
2026-06-20 03:51:37,125 [INFO] [57/121] 송리단길·호수단길 (primary=KEY_1)
2026-06-20 03:51:38,366 [INFO] [58/121] 신촌 스타광장 (primary=KEY_2)
2026-06-20 03:51:39,427 [INFO] [59/121] 압구정로데오거리 (primary=KEY_3)
2026-06-20 03:51:40,671 [INFO] [60/121] 여의도 (primary=KEY_4)
2026-06-20 03:51:42,647 [INFO] [61/121] 연남동 (primary=KEY_1)
2026-06-20 03:51:43,864 [INFO] [62/121] 영등포 타임스퀘어 (primary=KEY_2)
2026-06-20 03:51:45,075 [INFO] [63/121] 용리단길 (primary=KEY_3)
2026-06-20 03:51:46,157 [INFO] [64/121] 이태원 앤틱가구거리 (primary=KEY_4)
2026-06-20 03:51:47,226 [INFO] [65/121] 익선동 (primary=KEY_1)
2026-06-20 03:51:48,474 [INFO] [66/121] 인사동 (primary=KEY_2)
2026-06-20 03:51:49,718 [INFO] [67/121] 잠실롯데타워·석촌호수 (primary=KEY_3)
2026-06-20 03:51:51,179 [INFO] [68/121] 창동 신경제 중심지 (primary=KEY_4)
2026-06-20 03:51:52,750 [INFO] [69/121] 청담동 명품거리 (primary=KEY_1)
2026-06-20 03:51:53,977 [INFO] [70/121] 청량리 제기동 일대 전통시장 (primary=KEY_2)
2026-06-20 03:51:55,280 [INFO] [71/121] 해방촌·경리단길 (primary=KEY_3)
2026-06-20 03:51:56,359 [INFO] [72/121] DDP(동대문디자인플라자) (primary=KEY_4)
2026-06-20 03:51:57,607 [INFO] [73/121] DMC(디지털미디어시티) (primary=KEY_1)
2026-06-20 03:51:59,236 [INFO] [74/121] 가산디지털단지역 (primary=KEY_2)
2026-06-20 03:52:00,813 [INFO] [75/121] 강남역 (primary=KEY_3)
2026-06-20 03:52:02,242 [INFO] [76/121] 건대입구역 (primary=KEY_4)
2026-06-20 03:52:03,497 [INFO] [77/121] 고덕역 (primary=KEY_1)
2026-06-20 03:52:04,742 [INFO] [78/121] 고속터미널역 (primary=KEY_2)
2026-06-20 03:52:05,995 [INFO] [79/121] 교대역 (primary=KEY_3)
2026-06-20 03:52:07,079 [INFO] [80/121] 구로디지털단지역 (primary=KEY_4)
2026-06-20 03:52:08,478 [INFO] [81/121] 구로역 (primary=KEY_1)
2026-06-20 03:52:09,535 [INFO] [82/121] 군자역 (primary=KEY_2)
2026-06-20 03:52:10,615 [INFO] [83/121] 대림역 (primary=KEY_3)
2026-06-20 03:52:11,843 [INFO] [84/121] 동대문역 (primary=KEY_4)
2026-06-20 03:52:13,069 [INFO] [85/121] 뚝섬역 (primary=KEY_1)
2026-06-20 03:52:14,302 [INFO] [86/121] 미아사거리역 (primary=KEY_2)
2026-06-20 03:52:15,542 [INFO] [87/121] 발산역 (primary=KEY_3)
2026-06-20 03:52:16,935 [INFO] [88/121] 사당역 (primary=KEY_4)
2026-06-20 03:52:18,181 [INFO] [89/121] 삼각지역 (primary=KEY_1)
2026-06-20 03:52:19,250 [INFO] [90/121] 서울대입구역 (primary=KEY_2)
2026-06-20 03:52:20,486 [INFO] [91/121] 서울식물원·마곡나루역 (primary=KEY_3)
2026-06-20 03:52:22,385 [INFO] [92/121] 서울역 (primary=KEY_4)
2026-06-20 03:52:24,312 [INFO] [93/121] 선릉역 (primary=KEY_1)
2026-06-20 03:52:26,473 [INFO] [94/121] 성신여대입구역 (primary=KEY_2)
2026-06-20 03:52:27,544 [INFO] [95/121] 수유역 (primary=KEY_3)
2026-06-20 03:52:29,431 [INFO] [96/121] 숭례문 (primary=KEY_4)
2026-06-20 03:52:31,375 [INFO] [97/121] 시의회 앞 (primary=KEY_1)
2026-06-20 03:52:33,219 [INFO] [98/121] 신논현역·논현역 (primary=KEY_2)
2026-06-20 03:52:34,473 [INFO] [99/121] 신도림역 (primary=KEY_3)
2026-06-20 03:52:36,216 [INFO] [100/121] 신림역 (primary=KEY_4)
2026-06-20 03:52:38,095 [INFO] [101/121] 신정네거리역 (primary=KEY_1)
2026-06-20 03:52:39,913 [INFO] [102/121] 신촌·이대역 (primary=KEY_2)
2026-06-20 03:52:41,792 [INFO] [103/121] 쌍문역 (primary=KEY_3)
2026-06-20 03:52:43,620 [INFO] [104/121] 양재역 (primary=KEY_4)
2026-06-20 03:52:45,430 [INFO] [105/121] 역삼역 (primary=KEY_1)
2026-06-20 03:52:47,419 [INFO] [106/121] 연신내역 (primary=KEY_2)
2026-06-20 03:52:48,497 [INFO] [107/121] 오목교역·목동운동장 (primary=KEY_3)
2026-06-20 03:52:50,082 [INFO] [108/121] 왕십리역 (primary=KEY_4)
2026-06-20 03:52:51,343 [INFO] [109/121] 용산역 (primary=KEY_1)
2026-06-20 03:52:53,398 [INFO] [110/121] 이태원역 (primary=KEY_2)
2026-06-20 03:52:54,471 [INFO] [111/121] 잠실새내역 (primary=KEY_3)
2026-06-20 03:52:56,366 [INFO] [112/121] 잠실역 (primary=KEY_4)
2026-06-20 03:52:58,525 [INFO] [113/121] 장지역 (primary=KEY_1)
2026-06-20 03:52:59,927 [INFO] [114/121] 장한평역 (primary=KEY_2)
2026-06-20 03:53:01,173 [INFO] [115/121] 천호역 (primary=KEY_3)
2026-06-20 03:53:02,420 [INFO] [116/121] 총신대입구(이수)역 (primary=KEY_4)
2026-06-20 03:53:03,645 [INFO] [117/121] 충정로역 (primary=KEY_1)
2026-06-20 03:53:04,878 [INFO] [118/121] 합정역 (primary=KEY_2)
2026-06-20 03:53:06,140 [INFO] [119/121] 혜화역 (primary=KEY_3)
2026-06-20 03:53:07,943 [INFO] [120/121] 홍대입구역(2호선) (primary=KEY_4)
2026-06-20 03:53:09,193 [INFO] [121/121] 회기역 (primary=KEY_1)
2026-06-20 03:53:11,914 [INFO] === 수집 완료 | 성공 121, 실패 0 ===
2026-06-20 03:53:11,914 [INFO] 카테고리별 저장 결과:
2026-06-20 03:53:11,914 [INFO]    area_meta                 | 신규   121행 | 누적    363행 | 5컬럼
2026-06-20 03:53:11,914 [INFO]    bike                      | 신규    12행 | 누적     36행 | 12컬럼
2026-06-20 03:53:11,914 [INFO]    bike_sbike_stts           | 신규   543행 | 누적   1629행 | 12컬럼
2026-06-20 03:53:11,915 [INFO]    bus                       | 신규     3행 | 누적      9행 | 11컬럼
2026-06-20 03:53:11,915 [INFO]    bus_bus_stn_stts          | 신규  1745행 | 누적   5235행 | 11컬럼
2026-06-20 03:53:11,915 [INFO]    charger                   | 신규     9행 | 누적     51행 | 15컬럼
2026-06-20 03:53:11,915 [INFO]    charger_charger_stts      | 신규  1520행 | 누적   2462행 | 15컬럼
2026-06-20 03:53:11,915 [INFO]    cmrcl                     | 신규    82행 | 누적    246행 | 20컬럼
2026-06-20 03:53:11,915 [INFO]    events                    | 신규    13행 | 누적     39행 | 14컬럼
2026-06-20 03:53:11,915 [INFO]    events_event_stts         | 신규   158행 | 누적    474행 | 14컬럼
2026-06-20 03:53:11,915 [INFO]    parking                   | 신규     6행 | 누적     18행 | 21컬럼
2026-06-20 03:53:11,915 [INFO]    parking_prk_stts          | 신규  1836행 | 누적   5508행 | 21컬럼
2026-06-20 03:53:11,915 [INFO]    ppltn                     | 신규   121행 | 누적    363행 | 26컬럼
2026-06-20 03:53:11,915 [INFO]    road                      | 신규   121행 | 누적    363행 | 21컬럼
2026-06-20 03:53:11,915 [INFO]    road_road_traffic_stts    | 신규  5256행 | 누적  15768행 | 17컬럼
2026-06-20 03:53:11,915 [INFO]    subway                    | 신규    38행 | 누적    114행 | 13컬럼
2026-06-20 03:53:11,915 [INFO]    subway_sub_stts           | 신규   183행 | 누적    549행 | 13컬럼
2026-06-20 03:53:11,915 [INFO]    weather                   | 신규   119행 | 누적    357행 | 29컬럼
2026-06-20 03:53:11,915 [INFO] 키별 사용량:
2026-06-20 03:53:11,915 [INFO]    🟢 KEY_1 (31/1000) 
2026-06-20 03:53:11,915 [INFO]    🟢 KEY_2 (30/1000) 
2026-06-20 03:53:11,915 [INFO]    🟢 KEY_3 (30/1000) 
2026-06-20 03:53:11,916 [INFO]    🟢 KEY_4 (30/1000) 
2026-06-20 04:42:24,205 [INFO] 등록된 키: 4개, 합산 한도 4,000건/일
2026-06-20 04:42:24,205 [INFO] POI 로드: 매뉴얼 v8.5 기준 fallback 121개 (121개 전체)
2026-06-20 04:42:24,205 [INFO] === 수집 시작 2026-06-20T04:42:24.205907+09:00 ===
2026-06-20 04:42:24,206 [INFO] 대상 장소: 121개 | API: citydata (통합)
2026-06-20 04:42:24,206 [INFO] 키 풀: 4/4 활성 | 오늘 사용 0/4000건
2026-06-20 04:42:24,206 [INFO]   [KEY_1] 담당 31장소
2026-06-20 04:42:24,206 [INFO]   [KEY_2] 담당 30장소
2026-06-20 04:42:24,206 [INFO]   [KEY_3] 담당 30장소
2026-06-20 04:42:24,206 [INFO]   [KEY_4] 담당 30장소
2026-06-20 04:42:24,206 [INFO] [1/121] 경복궁 (primary=KEY_1)
2026-06-20 04:42:25,784 [INFO] [2/121] 광화문·덕수궁 (primary=KEY_2)
2026-06-20 04:42:27,643 [INFO] [3/121] 보신각 (primary=KEY_3)
2026-06-20 04:42:29,319 [INFO] [4/121] 서울 암사동 유적 (primary=KEY_4)
2026-06-20 04:42:30,848 [INFO] [5/121] 창덕궁·종묘 (primary=KEY_1)
2026-06-20 04:42:31,977 [INFO] [6/121] 강남 MICE 관광특구 (primary=KEY_2)
2026-06-20 04:42:33,104 [INFO] [7/121] 동대문 관광특구 (primary=KEY_3)
2026-06-20 04:42:34,410 [INFO] [8/121] 명동 관광특구 (primary=KEY_4)
2026-06-20 04:42:36,308 [INFO] [9/121] 이태원 관광특구 (primary=KEY_1)
2026-06-20 04:42:37,458 [INFO] [10/121] 잠실 관광특구 (primary=KEY_2)
2026-06-20 04:42:39,321 [INFO] [11/121] 종로·청계 관광특구 (primary=KEY_3)
2026-06-20 04:42:40,619 [INFO] [12/121] 홍대 관광특구 (primary=KEY_4)
2026-06-20 04:42:41,937 [INFO] [13/121] 강서한강공원 (primary=KEY_1)
2026-06-20 04:42:42,921 [INFO] [14/121] 고척돔 (primary=KEY_2)
2026-06-20 04:42:44,440 [INFO] [15/121] 광나루한강공원 (primary=KEY_3)
2026-06-20 04:42:46,100 [INFO] [16/121] 광화문광장 (primary=KEY_4)
2026-06-20 04:42:47,780 [INFO] [17/121] 국립중앙박물관·용산가족공원 (primary=KEY_1)
2026-06-20 04:42:48,760 [INFO] [18/121] 난지한강공원 (primary=KEY_2)
2026-06-20 04:42:49,733 [INFO] [19/121] 남산공원 (primary=KEY_3)
2026-06-20 04:42:51,014 [INFO] [20/121] 노들섬 (primary=KEY_4)
2026-06-20 04:42:51,986 [INFO] [21/121] 뚝섬한강공원 (primary=KEY_1)
2026-06-20 04:42:52,963 [INFO] [22/121] 망원한강공원 (primary=KEY_2)
2026-06-20 04:42:54,090 [INFO] [23/121] 반포한강공원 (primary=KEY_3)
2026-06-20 04:42:55,065 [INFO] [24/121] 보라매공원 (primary=KEY_4)
2026-06-20 04:42:56,081 [INFO] [25/121] 북서울꿈의숲 (primary=KEY_1)
2026-06-20 04:42:57,056 [INFO] [26/121] 서대문독립공원 (primary=KEY_2)
2026-06-20 04:42:58,047 [INFO] [27/121] 서리풀공원·몽마르뜨공원 (primary=KEY_3)
2026-06-20 04:42:59,069 [INFO] [28/121] 서울대공원 (primary=KEY_4)
2026-06-20 04:43:00,039 [INFO] [29/121] 서울숲공원 (primary=KEY_1)
2026-06-20 04:43:01,165 [INFO] [30/121] 송현녹지광장 (primary=KEY_2)
2026-06-20 04:43:02,290 [INFO] [31/121] 아차산 (primary=KEY_3)
2026-06-20 04:43:03,269 [INFO] [32/121] 안양천 (primary=KEY_4)
2026-06-20 04:43:04,803 [INFO] [33/121] 양화한강공원 (primary=KEY_1)
2026-06-20 04:43:05,785 [INFO] [34/121] 어린이대공원 (primary=KEY_2)
2026-06-20 04:43:06,804 [INFO] [35/121] 여의도한강공원 (primary=KEY_3)
2026-06-20 04:43:07,932 [INFO] [36/121] 여의서로 (primary=KEY_4)
2026-06-20 04:43:08,917 [INFO] [37/121] 올림픽공원 (primary=KEY_1)
2026-06-20 04:43:10,055 [INFO] [38/121] 월드컵공원 (primary=KEY_2)
2026-06-20 04:43:11,356 [INFO] [39/121] 응봉산 (primary=KEY_3)
2026-06-20 04:43:12,476 [INFO] [40/121] 이촌한강공원 (primary=KEY_4)
2026-06-20 04:43:13,458 [INFO] [41/121] 잠실종합운동장 (primary=KEY_1)
2026-06-20 04:43:14,442 [INFO] [42/121] 잠실한강공원 (primary=KEY_2)
2026-06-20 04:43:15,428 [INFO] [43/121] 잠원한강공원 (primary=KEY_3)
2026-06-20 04:43:16,415 [INFO] [44/121] 청계산 (primary=KEY_4)
2026-06-20 04:43:17,386 [INFO] [45/121] 홍제폭포 (primary=KEY_1)
2026-06-20 04:43:18,365 [INFO] [46/121] 가락시장 (primary=KEY_2)
2026-06-20 04:43:19,508 [INFO] [47/121] 가로수길 (primary=KEY_3)
2026-06-20 04:43:20,661 [INFO] [48/121] 광장(전통)시장 (primary=KEY_4)
2026-06-20 04:43:21,657 [INFO] [49/121] 김포공항 (primary=KEY_1)
2026-06-20 04:43:22,817 [INFO] [50/121] 남대문시장 (primary=KEY_2)
2026-06-20 04:43:23,835 [INFO] [51/121] 노량진 (primary=KEY_3)
2026-06-20 04:43:24,837 [INFO] [52/121] 덕수궁길·정동길 (primary=KEY_4)
2026-06-20 04:43:25,986 [INFO] [53/121] 북창동 먹자골목 (primary=KEY_1)
2026-06-20 04:43:26,983 [INFO] [54/121] 북촌한옥마을 (primary=KEY_2)
2026-06-20 04:43:28,120 [INFO] [55/121] 서촌 (primary=KEY_3)
2026-06-20 04:43:29,240 [INFO] [56/121] 성수카페거리 (primary=KEY_4)
2026-06-20 04:43:30,379 [INFO] [57/121] 송리단길·호수단길 (primary=KEY_1)
2026-06-20 04:43:31,545 [INFO] [58/121] 신촌 스타광장 (primary=KEY_2)
2026-06-20 04:43:32,546 [INFO] [59/121] 압구정로데오거리 (primary=KEY_3)
2026-06-20 04:43:33,679 [INFO] [60/121] 여의도 (primary=KEY_4)
2026-06-20 04:43:35,307 [INFO] [61/121] 연남동 (primary=KEY_1)
2026-06-20 04:43:36,430 [INFO] [62/121] 영등포 타임스퀘어 (primary=KEY_2)
2026-06-20 04:43:37,548 [INFO] [63/121] 용리단길 (primary=KEY_3)
2026-06-20 04:43:38,555 [INFO] [64/121] 이태원 앤틱가구거리 (primary=KEY_4)
2026-06-20 04:43:39,549 [INFO] [65/121] 익선동 (primary=KEY_1)
2026-06-20 04:43:40,698 [INFO] [66/121] 인사동 (primary=KEY_2)
2026-06-20 04:43:41,835 [INFO] [67/121] 잠실롯데타워·석촌호수 (primary=KEY_3)
2026-06-20 04:43:42,997 [INFO] [68/121] 창동 신경제 중심지 (primary=KEY_4)
2026-06-20 04:43:44,292 [INFO] [69/121] 청담동 명품거리 (primary=KEY_1)
2026-06-20 04:43:45,413 [INFO] [70/121] 청량리 제기동 일대 전통시장 (primary=KEY_2)
2026-06-20 04:43:46,542 [INFO] [71/121] 해방촌·경리단길 (primary=KEY_3)
2026-06-20 04:43:47,534 [INFO] [72/121] DDP(동대문디자인플라자) (primary=KEY_4)
2026-06-20 04:43:48,717 [INFO] [73/121] DMC(디지털미디어시티) (primary=KEY_1)
2026-06-20 04:43:50,024 [INFO] [74/121] 가산디지털단지역 (primary=KEY_2)
2026-06-20 04:43:51,303 [INFO] [75/121] 강남역 (primary=KEY_3)
2026-06-20 04:43:52,610 [INFO] [76/121] 건대입구역 (primary=KEY_4)
2026-06-20 04:43:53,754 [INFO] [77/121] 고덕역 (primary=KEY_1)
2026-06-20 04:43:54,890 [INFO] [78/121] 고속터미널역 (primary=KEY_2)
2026-06-20 04:43:55,907 [INFO] [79/121] 교대역 (primary=KEY_3)
2026-06-20 04:43:56,907 [INFO] [80/121] 구로디지털단지역 (primary=KEY_4)
2026-06-20 04:43:58,036 [INFO] [81/121] 구로역 (primary=KEY_1)
2026-06-20 04:43:59,034 [INFO] [82/121] 군자역 (primary=KEY_2)
2026-06-20 04:44:00,030 [INFO] [83/121] 대림역 (primary=KEY_3)
2026-06-20 04:44:01,042 [INFO] [84/121] 동대문역 (primary=KEY_4)
2026-06-20 04:44:02,189 [INFO] [85/121] 뚝섬역 (primary=KEY_1)
2026-06-20 04:44:03,315 [INFO] [86/121] 미아사거리역 (primary=KEY_2)
2026-06-20 04:44:04,439 [INFO] [87/121] 발산역 (primary=KEY_3)
2026-06-20 04:44:05,714 [INFO] [88/121] 사당역 (primary=KEY_4)
2026-06-20 04:44:06,855 [INFO] [89/121] 삼각지역 (primary=KEY_1)
2026-06-20 04:44:07,855 [INFO] [90/121] 서울대입구역 (primary=KEY_2)
2026-06-20 04:44:08,860 [INFO] [91/121] 서울식물원·마곡나루역 (primary=KEY_3)
2026-06-20 04:44:09,993 [INFO] [92/121] 서울역 (primary=KEY_4)
2026-06-20 04:44:11,167 [INFO] [93/121] 선릉역 (primary=KEY_1)
2026-06-20 04:44:12,469 [INFO] [94/121] 성신여대입구역 (primary=KEY_2)
2026-06-20 04:44:13,472 [INFO] [95/121] 수유역 (primary=KEY_3)
2026-06-20 04:44:14,599 [INFO] [96/121] 숭례문 (primary=KEY_4)
2026-06-20 04:44:15,756 [INFO] [97/121] 시의회 앞 (primary=KEY_1)
2026-06-20 04:44:16,891 [INFO] [98/121] 신논현역·논현역 (primary=KEY_2)
2026-06-20 04:44:18,048 [INFO] [99/121] 신도림역 (primary=KEY_3)
2026-06-20 04:44:19,043 [INFO] [100/121] 신림역 (primary=KEY_4)
2026-06-20 04:44:20,042 [INFO] [101/121] 신정네거리역 (primary=KEY_1)
2026-06-20 04:44:21,033 [INFO] [102/121] 신촌·이대역 (primary=KEY_2)
2026-06-20 04:44:22,165 [INFO] [103/121] 쌍문역 (primary=KEY_3)
2026-06-20 04:44:23,173 [INFO] [104/121] 양재역 (primary=KEY_4)
2026-06-20 04:44:24,342 [INFO] [105/121] 역삼역 (primary=KEY_1)
2026-06-20 04:44:25,485 [INFO] [106/121] 연신내역 (primary=KEY_2)
2026-06-20 04:44:26,505 [INFO] [107/121] 오목교역·목동운동장 (primary=KEY_3)
2026-06-20 04:44:27,794 [INFO] [108/121] 왕십리역 (primary=KEY_4)
2026-06-20 04:44:28,953 [INFO] [109/121] 용산역 (primary=KEY_1)
2026-06-20 04:44:30,101 [INFO] [110/121] 이태원역 (primary=KEY_2)
2026-06-20 04:44:31,089 [INFO] [111/121] 잠실새내역 (primary=KEY_3)
2026-06-20 04:44:32,211 [INFO] [112/121] 잠실역 (primary=KEY_4)
2026-06-20 04:44:33,350 [INFO] [113/121] 장지역 (primary=KEY_1)
2026-06-20 04:44:34,478 [INFO] [114/121] 장한평역 (primary=KEY_2)
2026-06-20 04:44:35,620 [INFO] [115/121] 천호역 (primary=KEY_3)
2026-06-20 04:44:36,810 [INFO] [116/121] 총신대입구(이수)역 (primary=KEY_4)
2026-06-20 04:44:37,969 [INFO] [117/121] 충정로역 (primary=KEY_1)
2026-06-20 04:44:38,978 [INFO] [118/121] 합정역 (primary=KEY_2)
2026-06-20 04:44:40,120 [INFO] [119/121] 혜화역 (primary=KEY_3)
2026-06-20 04:44:41,123 [INFO] [120/121] 홍대입구역(2호선) (primary=KEY_4)
2026-06-20 04:44:42,128 [INFO] [121/121] 회기역 (primary=KEY_1)
2026-06-20 04:44:44,280 [INFO] === 수집 완료 | 성공 121, 실패 0 ===
2026-06-20 04:44:44,280 [INFO] 카테고리별 저장 결과:
2026-06-20 04:44:44,280 [INFO]    accident                  | 신규     4행 | 누적     12행 | 16컬럼
2026-06-20 04:44:44,280 [INFO]    area_meta                 | 신규   121행 | 누적    484행 | 5컬럼
2026-06-20 04:44:44,280 [INFO]    bike                      | 신규    12행 | 누적     48행 | 12컬럼
2026-06-20 04:44:44,280 [INFO]    bike_sbike_stts           | 신규   543행 | 누적   2172행 | 12컬럼
2026-06-20 04:44:44,280 [INFO]    bus                       | 신규     3행 | 누적     12행 | 11컬럼
2026-06-20 04:44:44,280 [INFO]    bus_bus_stn_stts          | 신규  1745행 | 누적   6980행 | 11컬럼
2026-06-20 04:44:44,280 [INFO]    charger                   | 신규    25행 | 누적     76행 | 15컬럼
2026-06-20 04:44:44,280 [INFO]    charger_charger_stts      | 신규   336행 | 누적   2796행 | 15컬럼
2026-06-20 04:44:44,280 [INFO]    cmrcl                     | 신규    82행 | 누적    328행 | 20컬럼
2026-06-20 04:44:44,280 [INFO]    events                    | 신규    13행 | 누적     52행 | 14컬럼
2026-06-20 04:44:44,280 [INFO]    events_event_stts         | 신규   158행 | 누적    632행 | 14컬럼
2026-06-20 04:44:44,280 [INFO]    parking                   | 신규     6행 | 누적     24행 | 21컬럼
2026-06-20 04:44:44,281 [INFO]    parking_prk_stts          | 신규  1836행 | 누적   7344행 | 21컬럼
2026-06-20 04:44:44,281 [INFO]    ppltn                     | 신규   121행 | 누적    484행 | 26컬럼
2026-06-20 04:44:44,281 [INFO]    road                      | 신규   121행 | 누적    484행 | 21컬럼
2026-06-20 04:44:44,281 [INFO]    road_road_traffic_stts    | 신규  5256행 | 누적  21024행 | 17컬럼
2026-06-20 04:44:44,281 [INFO]    subway                    | 신규    38행 | 누적    152행 | 13컬럼
2026-06-20 04:44:44,281 [INFO]    subway_sub_stts           | 신규   183행 | 누적    732행 | 13컬럼
2026-06-20 04:44:44,281 [INFO]    weather                   | 신규   119행 | 누적    476행 | 29컬럼
2026-06-20 04:44:44,281 [INFO] 키별 사용량:
2026-06-20 04:44:44,281 [INFO]    🟢 KEY_1 (31/1000) 
2026-06-20 04:44:44,281 [INFO]    🟢 KEY_2 (30/1000) 
2026-06-20 04:44:44,281 [INFO]    🟢 KEY_3 (30/1000) 
2026-06-20 04:44:44,281 [INFO]    🟢 KEY_4 (30/1000) 
2026-06-20 05:40:58,204 [INFO] 등록된 키: 4개, 합산 한도 4,000건/일
2026-06-20 05:40:58,205 [INFO] POI 로드: 매뉴얼 v8.5 기준 fallback 121개 (121개 전체)
2026-06-20 05:40:58,205 [INFO] === 수집 시작 2026-06-20T05:40:58.205107+09:00 ===
2026-06-20 05:40:58,205 [INFO] 대상 장소: 121개 | API: citydata (통합)
2026-06-20 05:40:58,205 [INFO] 키 풀: 4/4 활성 | 오늘 사용 0/4000건
2026-06-20 05:40:58,205 [INFO]   [KEY_1] 담당 31장소
2026-06-20 05:40:58,205 [INFO]   [KEY_2] 담당 30장소
2026-06-20 05:40:58,205 [INFO]   [KEY_3] 담당 30장소
2026-06-20 05:40:58,205 [INFO]   [KEY_4] 담당 30장소
2026-06-20 05:40:58,205 [INFO] [1/121] 경복궁 (primary=KEY_1)
2026-06-20 05:41:00,176 [INFO] [2/121] 광화문·덕수궁 (primary=KEY_2)
2026-06-20 05:41:02,412 [INFO] [3/121] 보신각 (primary=KEY_3)
2026-06-20 05:41:04,704 [INFO] [4/121] 서울 암사동 유적 (primary=KEY_4)
2026-06-20 05:41:05,957 [INFO] [5/121] 창덕궁·종묘 (primary=KEY_1)
2026-06-20 05:41:07,898 [INFO] [6/121] 강남 MICE 관광특구 (primary=KEY_2)
2026-06-20 05:41:09,747 [INFO] [7/121] 동대문 관광특구 (primary=KEY_3)
2026-06-20 05:41:11,234 [INFO] [8/121] 명동 관광특구 (primary=KEY_4)
2026-06-20 05:41:12,929 [INFO] [9/121] 이태원 관광특구 (primary=KEY_1)
2026-06-20 05:41:14,205 [INFO] [10/121] 잠실 관광특구 (primary=KEY_2)
2026-06-20 05:41:16,718 [INFO] [11/121] 종로·청계 관광특구 (primary=KEY_3)
2026-06-20 05:41:18,900 [INFO] [12/121] 홍대 관광특구 (primary=KEY_4)
2026-06-20 05:41:21,017 [INFO] [13/121] 강서한강공원 (primary=KEY_1)
2026-06-20 05:41:22,959 [INFO] [14/121] 고척돔 (primary=KEY_2)
2026-06-20 05:41:24,046 [INFO] [15/121] 광나루한강공원 (primary=KEY_3)
2026-06-20 05:41:25,876 [INFO] [16/121] 광화문광장 (primary=KEY_4)
2026-06-20 05:41:27,148 [INFO] [17/121] 국립중앙박물관·용산가족공원 (primary=KEY_1)
2026-06-20 05:41:28,257 [INFO] [18/121] 난지한강공원 (primary=KEY_2)
2026-06-20 05:41:29,352 [INFO] [19/121] 남산공원 (primary=KEY_3)
2026-06-20 05:41:31,523 [INFO] [20/121] 노들섬 (primary=KEY_4)
2026-06-20 05:41:32,604 [INFO] [21/121] 뚝섬한강공원 (primary=KEY_1)
2026-06-20 05:41:33,697 [INFO] [22/121] 망원한강공원 (primary=KEY_2)
2026-06-20 05:41:34,974 [INFO] [23/121] 반포한강공원 (primary=KEY_3)
2026-06-20 05:41:36,070 [INFO] [24/121] 보라매공원 (primary=KEY_4)
2026-06-20 05:41:37,194 [INFO] [25/121] 북서울꿈의숲 (primary=KEY_1)
2026-06-20 05:41:38,296 [INFO] [26/121] 서대문독립공원 (primary=KEY_2)
2026-06-20 05:41:39,419 [INFO] [27/121] 서리풀공원·몽마르뜨공원 (primary=KEY_3)
2026-06-20 05:41:40,698 [INFO] [28/121] 서울대공원 (primary=KEY_4)
2026-06-20 05:41:41,780 [INFO] [29/121] 서울숲공원 (primary=KEY_1)
2026-06-20 05:41:43,065 [INFO] [30/121] 송현녹지광장 (primary=KEY_2)
2026-06-20 05:41:44,328 [INFO] [31/121] 아차산 (primary=KEY_3)
2026-06-20 05:41:45,410 [INFO] [32/121] 안양천 (primary=KEY_4)
2026-06-20 05:41:46,497 [INFO] [33/121] 양화한강공원 (primary=KEY_1)
2026-06-20 05:41:47,575 [INFO] [34/121] 어린이대공원 (primary=KEY_2)
2026-06-20 05:41:48,854 [INFO] [35/121] 여의도한강공원 (primary=KEY_3)
2026-06-20 05:41:50,112 [INFO] [36/121] 여의서로 (primary=KEY_4)
2026-06-20 05:41:51,372 [INFO] [37/121] 올림픽공원 (primary=KEY_1)
2026-06-20 05:41:52,931 [INFO] [38/121] 월드컵공원 (primary=KEY_2)
2026-06-20 05:41:54,412 [INFO] [39/121] 응봉산 (primary=KEY_3)
2026-06-20 05:41:55,672 [INFO] [40/121] 이촌한강공원 (primary=KEY_4)
2026-06-20 05:41:57,483 [INFO] [41/121] 잠실종합운동장 (primary=KEY_1)
2026-06-20 05:41:58,586 [INFO] [42/121] 잠실한강공원 (primary=KEY_2)
2026-06-20 05:41:59,689 [INFO] [43/121] 잠원한강공원 (primary=KEY_3)
2026-06-20 05:42:00,771 [INFO] [44/121] 청계산 (primary=KEY_4)
2026-06-20 05:42:01,856 [INFO] [45/121] 홍제폭포 (primary=KEY_1)
2026-06-20 05:42:02,938 [INFO] [46/121] 가락시장 (primary=KEY_2)
2026-06-20 05:42:04,225 [INFO] [47/121] 가로수길 (primary=KEY_3)
2026-06-20 05:42:05,538 [INFO] [48/121] 광장(전통)시장 (primary=KEY_4)
2026-06-20 05:42:06,681 [INFO] [49/121] 김포공항 (primary=KEY_1)
2026-06-20 05:42:08,151 [INFO] [50/121] 남대문시장 (primary=KEY_2)
2026-06-20 05:42:09,412 [INFO] [51/121] 노량진 (primary=KEY_3)
2026-06-20 05:42:10,694 [INFO] [52/121] 덕수궁길·정동길 (primary=KEY_4)
2026-06-20 05:42:11,970 [INFO] [53/121] 북창동 먹자골목 (primary=KEY_1)
2026-06-20 05:42:13,237 [INFO] [54/121] 북촌한옥마을 (primary=KEY_2)
2026-06-20 05:42:14,527 [INFO] [55/121] 서촌 (primary=KEY_3)
2026-06-20 05:42:15,786 [INFO] [56/121] 성수카페거리 (primary=KEY_4)
2026-06-20 05:42:17,258 [INFO] [57/121] 송리단길·호수단길 (primary=KEY_1)
2026-06-20 05:42:18,548 [INFO] [58/121] 신촌 스타광장 (primary=KEY_2)
2026-06-20 05:42:19,640 [INFO] [59/121] 압구정로데오거리 (primary=KEY_3)
2026-06-20 05:42:20,917 [INFO] [60/121] 여의도 (primary=KEY_4)
2026-06-20 05:42:22,955 [INFO] [61/121] 연남동 (primary=KEY_1)
2026-06-20 05:42:24,221 [INFO] [62/121] 영등포 타임스퀘어 (primary=KEY_2)
2026-06-20 05:42:25,488 [INFO] [63/121] 용리단길 (primary=KEY_3)
2026-06-20 05:42:26,606 [INFO] [64/121] 이태원 앤틱가구거리 (primary=KEY_4)
2026-06-20 05:42:27,898 [INFO] [65/121] 익선동 (primary=KEY_1)
2026-06-20 05:42:29,184 [INFO] [66/121] 인사동 (primary=KEY_2)
2026-06-20 05:42:30,632 [INFO] [67/121] 잠실롯데타워·석촌호수 (primary=KEY_3)
2026-06-20 05:42:32,123 [INFO] [68/121] 창동 신경제 중심지 (primary=KEY_4)
2026-06-20 05:42:33,790 [INFO] [69/121] 청담동 명품거리 (primary=KEY_1)
2026-06-20 05:42:35,055 [INFO] [70/121] 청량리 제기동 일대 전통시장 (primary=KEY_2)
2026-06-20 05:42:36,395 [INFO] [71/121] 해방촌·경리단길 (primary=KEY_3)
2026-06-20 05:42:37,483 [INFO] [72/121] DDP(동대문디자인플라자) (primary=KEY_4)
2026-06-20 05:42:38,762 [INFO] [73/121] DMC(디지털미디어시티) (primary=KEY_1)
2026-06-20 05:42:40,412 [INFO] [74/121] 가산디지털단지역 (primary=KEY_2)
2026-06-20 05:42:42,056 [INFO] [75/121] 강남역 (primary=KEY_3)
2026-06-20 05:42:43,554 [INFO] [76/121] 건대입구역 (primary=KEY_4)
2026-06-20 05:42:44,848 [INFO] [77/121] 고덕역 (primary=KEY_1)
2026-06-20 05:42:46,140 [INFO] [78/121] 고속터미널역 (primary=KEY_2)
2026-06-20 05:42:47,447 [INFO] [79/121] 교대역 (primary=KEY_3)
2026-06-20 05:42:48,563 [INFO] [80/121] 구로디지털단지역 (primary=KEY_4)
2026-06-20 05:42:50,033 [INFO] [81/121] 구로역 (primary=KEY_1)
2026-06-20 05:42:51,143 [INFO] [82/121] 군자역 (primary=KEY_2)
2026-06-20 05:42:52,427 [INFO] [83/121] 대림역 (primary=KEY_3)
2026-06-20 05:42:53,698 [INFO] [84/121] 동대문역 (primary=KEY_4)
2026-06-20 05:42:54,978 [INFO] [85/121] 뚝섬역 (primary=KEY_1)
2026-06-20 05:42:56,254 [INFO] [86/121] 미아사거리역 (primary=KEY_2)
2026-06-20 05:42:57,535 [INFO] [87/121] 발산역 (primary=KEY_3)
2026-06-20 05:42:59,001 [INFO] [88/121] 사당역 (primary=KEY_4)
2026-06-20 05:43:00,293 [INFO] [89/121] 삼각지역 (primary=KEY_1)
2026-06-20 05:43:01,396 [INFO] [90/121] 서울대입구역 (primary=KEY_2)
2026-06-20 05:43:02,689 [INFO] [91/121] 서울식물원·마곡나루역 (primary=KEY_3)
2026-06-20 05:43:03,986 [INFO] [92/121] 서울역 (primary=KEY_4)
2026-06-20 05:43:05,494 [INFO] [93/121] 선릉역 (primary=KEY_1)
2026-06-20 05:43:07,164 [INFO] [94/121] 성신여대입구역 (primary=KEY_2)
2026-06-20 05:43:08,305 [INFO] [95/121] 수유역 (primary=KEY_3)
2026-06-20 05:43:09,592 [INFO] [96/121] 숭례문 (primary=KEY_4)
2026-06-20 05:43:11,063 [INFO] [97/121] 시의회 앞 (primary=KEY_1)
2026-06-20 05:43:12,365 [INFO] [98/121] 신논현역·논현역 (primary=KEY_2)
2026-06-20 05:43:13,676 [INFO] [99/121] 신도림역 (primary=KEY_3)
2026-06-20 05:43:14,805 [INFO] [100/121] 신림역 (primary=KEY_4)
2026-06-20 05:43:15,930 [INFO] [101/121] 신정네거리역 (primary=KEY_1)
2026-06-20 05:43:17,222 [INFO] [102/121] 신촌·이대역 (primary=KEY_2)
2026-06-20 05:43:18,510 [INFO] [103/121] 쌍문역 (primary=KEY_3)
2026-06-20 05:43:19,780 [INFO] [104/121] 양재역 (primary=KEY_4)
2026-06-20 05:43:21,070 [INFO] [105/121] 역삼역 (primary=KEY_1)
2026-06-20 05:43:22,518 [INFO] [106/121] 연신내역 (primary=KEY_2)
2026-06-20 05:43:23,642 [INFO] [107/121] 오목교역·목동운동장 (primary=KEY_3)
2026-06-20 05:43:25,295 [INFO] [108/121] 왕십리역 (primary=KEY_4)
2026-06-20 05:43:26,604 [INFO] [109/121] 용산역 (primary=KEY_1)
2026-06-20 05:43:28,056 [INFO] [110/121] 이태원역 (primary=KEY_2)
2026-06-20 05:43:29,168 [INFO] [111/121] 잠실새내역 (primary=KEY_3)
2026-06-20 05:43:30,528 [INFO] [112/121] 잠실역 (primary=KEY_4)
2026-06-20 05:43:32,008 [INFO] [113/121] 장지역 (primary=KEY_1)
2026-06-20 05:43:33,482 [INFO] [114/121] 장한평역 (primary=KEY_2)
2026-06-20 05:43:34,761 [INFO] [115/121] 천호역 (primary=KEY_3)
2026-06-20 05:43:36,055 [INFO] [116/121] 총신대입구(이수)역 (primary=KEY_4)
2026-06-20 05:43:37,323 [INFO] [117/121] 충정로역 (primary=KEY_1)
2026-06-20 05:43:38,607 [INFO] [118/121] 합정역 (primary=KEY_2)
2026-06-20 05:43:39,916 [INFO] [119/121] 혜화역 (primary=KEY_3)
2026-06-20 05:43:41,210 [INFO] [120/121] 홍대입구역(2호선) (primary=KEY_4)
2026-06-20 05:43:42,476 [INFO] [121/121] 회기역 (primary=KEY_1)
2026-06-20 05:43:44,832 [INFO] === 수집 완료 | 성공 121, 실패 0 ===
2026-06-20 05:43:44,832 [INFO] 카테고리별 저장 결과:
2026-06-20 05:43:44,832 [INFO]    accident                  | 신규     4행 | 누적     16행 | 16컬럼
2026-06-20 05:43:44,832 [INFO]    area_meta                 | 신규   121행 | 누적    605행 | 5컬럼
2026-06-20 05:43:44,832 [INFO]    bike                      | 신규    12행 | 누적     60행 | 12컬럼
2026-06-20 05:43:44,832 [INFO]    bike_sbike_stts           | 신규   543행 | 누적   2715행 | 12컬럼
2026-06-20 05:43:44,832 [INFO]    bus                       | 신규     3행 | 누적     15행 | 11컬럼
2026-06-20 05:43:44,832 [INFO]    bus_bus_stn_stts          | 신규  1745행 | 누적   8725행 | 11컬럼
2026-06-20 05:43:44,832 [INFO]    charger                   | 신규     9행 | 누적     85행 | 15컬럼
2026-06-20 05:43:44,832 [INFO]    charger_charger_stts      | 신규  1520행 | 누적   4306행 | 15컬럼
2026-06-20 05:43:44,833 [INFO]    cmrcl                     | 신규    82행 | 누적    410행 | 20컬럼
2026-06-20 05:43:44,833 [INFO]    events                    | 신규    13행 | 누적     65행 | 14컬럼
2026-06-20 05:43:44,833 [INFO]    events_event_stts         | 신규   156행 | 누적    788행 | 14컬럼
2026-06-20 05:43:44,833 [INFO]    parking                   | 신규     6행 | 누적     30행 | 21컬럼
2026-06-20 05:43:44,833 [INFO]    parking_prk_stts          | 신규  1836행 | 누적   9180행 | 21컬럼
2026-06-20 05:43:44,833 [INFO]    ppltn                     | 신규   121행 | 누적    605행 | 26컬럼
2026-06-20 05:43:44,833 [INFO]    road                      | 신규   121행 | 누적    605행 | 21컬럼
2026-06-20 05:43:44,833 [INFO]    road_road_traffic_stts    | 신규  5256행 | 누적  26280행 | 17컬럼
2026-06-20 05:43:44,833 [INFO]    subway                    | 신규    38행 | 누적    190행 | 13컬럼
2026-06-20 05:43:44,833 [INFO]    subway_sub_stts           | 신규   183행 | 누적    915행 | 13컬럼
2026-06-20 05:43:44,833 [INFO]    weather                   | 신규   119행 | 누적    595행 | 29컬럼
2026-06-20 05:43:44,833 [INFO] 키별 사용량:
2026-06-20 05:43:44,833 [INFO]    🟢 KEY_1 (31/1000) 
2026-06-20 05:43:44,833 [INFO]    🟢 KEY_2 (30/1000) 
2026-06-20 05:43:44,833 [INFO]    🟢 KEY_3 (30/1000) 
2026-06-20 05:43:44,833 [INFO]    🟢 KEY_4 (30/1000) 
2026-06-20 07:29:20,961 [INFO] 등록된 키: 4개, 합산 한도 4,000건/일
2026-06-20 07:29:20,962 [INFO] POI 로드: 매뉴얼 v8.5 기준 fallback 121개 (121개 전체)
2026-06-20 07:29:20,962 [INFO] === 수집 시작 2026-06-20T07:29:20.962356+09:00 ===
2026-06-20 07:29:20,962 [INFO] 대상 장소: 121개 | API: citydata (통합)
2026-06-20 07:29:20,962 [INFO] 키 풀: 4/4 활성 | 오늘 사용 0/4000건
2026-06-20 07:29:20,962 [INFO]   [KEY_1] 담당 31장소
2026-06-20 07:29:20,962 [INFO]   [KEY_2] 담당 30장소
2026-06-20 07:29:20,962 [INFO]   [KEY_3] 담당 30장소
2026-06-20 07:29:20,962 [INFO]   [KEY_4] 담당 30장소
2026-06-20 07:29:20,963 [INFO] [1/121] 경복궁 (primary=KEY_1)
2026-06-20 07:29:23,131 [INFO] [2/121] 광화문·덕수궁 (primary=KEY_2)
2026-06-20 07:29:25,452 [INFO] [3/121] 보신각 (primary=KEY_3)
2026-06-20 07:29:27,380 [INFO] [4/121] 서울 암사동 유적 (primary=KEY_4)
2026-06-20 07:29:29,100 [INFO] [5/121] 창덕궁·종묘 (primary=KEY_1)
2026-06-20 07:29:30,993 [INFO] [6/121] 강남 MICE 관광특구 (primary=KEY_2)
2026-06-20 07:29:33,123 [INFO] [7/121] 동대문 관광특구 (primary=KEY_3)
2026-06-20 07:29:35,460 [INFO] [8/121] 명동 관광특구 (primary=KEY_4)
2026-06-20 07:29:37,253 [INFO] [9/121] 이태원 관광특구 (primary=KEY_1)
2026-06-20 07:29:39,192 [INFO] [10/121] 잠실 관광특구 (primary=KEY_2)
2026-06-20 07:29:40,971 [INFO] [11/121] 종로·청계 관광특구 (primary=KEY_3)
2026-06-20 07:29:42,617 [INFO] [12/121] 홍대 관광특구 (primary=KEY_4)
2026-06-20 07:29:44,772 [INFO] [13/121] 강서한강공원 (primary=KEY_1)
2026-06-20 07:29:46,480 [INFO] [14/121] 고척돔 (primary=KEY_2)
2026-06-20 07:29:48,181 [INFO] [15/121] 광나루한강공원 (primary=KEY_3)
2026-06-20 07:29:50,070 [INFO] [16/121] 광화문광장 (primary=KEY_4)
2026-06-20 07:29:51,433 [INFO] [17/121] 국립중앙박물관·용산가족공원 (primary=KEY_1)
2026-06-20 07:29:52,578 [INFO] [18/121] 난지한강공원 (primary=KEY_2)
2026-06-20 07:29:54,458 [INFO] [19/121] 남산공원 (primary=KEY_3)
2026-06-20 07:29:56,011 [INFO] [20/121] 노들섬 (primary=KEY_4)
2026-06-20 07:29:57,138 [INFO] [21/121] 뚝섬한강공원 (primary=KEY_1)
2026-06-20 07:29:59,050 [INFO] [22/121] 망원한강공원 (primary=KEY_2)
2026-06-20 07:30:00,376 [INFO] [23/121] 반포한강공원 (primary=KEY_3)
2026-06-20 07:30:02,470 [INFO] [24/121] 보라매공원 (primary=KEY_4)
2026-06-20 07:30:03,683 [INFO] [25/121] 북서울꿈의숲 (primary=KEY_1)
2026-06-20 07:30:05,190 [INFO] [26/121] 서대문독립공원 (primary=KEY_2)
2026-06-20 07:30:06,334 [INFO] [27/121] 서리풀공원·몽마르뜨공원 (primary=KEY_3)
2026-06-20 07:30:07,675 [INFO] [28/121] 서울대공원 (primary=KEY_4)
2026-06-20 07:30:09,371 [INFO] [29/121] 서울숲공원 (primary=KEY_1)
2026-06-20 07:30:10,698 [INFO] [30/121] 송현녹지광장 (primary=KEY_2)
2026-06-20 07:30:12,778 [INFO] [31/121] 아차산 (primary=KEY_3)
2026-06-20 07:30:14,509 [INFO] [32/121] 안양천 (primary=KEY_4)
2026-06-20 07:30:15,674 [INFO] [33/121] 양화한강공원 (primary=KEY_1)
2026-06-20 07:30:16,794 [INFO] [34/121] 어린이대공원 (primary=KEY_2)
2026-06-20 07:30:18,132 [INFO] [35/121] 여의도한강공원 (primary=KEY_3)
2026-06-20 07:30:19,450 [INFO] [36/121] 여의서로 (primary=KEY_4)
2026-06-20 07:30:20,759 [INFO] [37/121] 올림픽공원 (primary=KEY_1)
2026-06-20 07:30:22,301 [INFO] [38/121] 월드컵공원 (primary=KEY_2)
2026-06-20 07:30:23,832 [INFO] [39/121] 응봉산 (primary=KEY_3)
2026-06-20 07:30:26,091 [INFO] [40/121] 이촌한강공원 (primary=KEY_4)
2026-06-20 07:30:27,213 [INFO] [41/121] 잠실종합운동장 (primary=KEY_1)
2026-06-20 07:30:28,338 [INFO] [42/121] 잠실한강공원 (primary=KEY_2)
2026-06-20 07:30:29,480 [INFO] [43/121] 잠원한강공원 (primary=KEY_3)
2026-06-20 07:30:30,602 [INFO] [44/121] 청계산 (primary=KEY_4)
2026-06-20 07:30:31,725 [INFO] [45/121] 홍제폭포 (primary=KEY_1)
2026-06-20 07:30:33,425 [INFO] [46/121] 가락시장 (primary=KEY_2)
2026-06-20 07:30:34,790 [INFO] [47/121] 가로수길 (primary=KEY_3)
2026-06-20 07:30:36,156 [INFO] [48/121] 광장(전통)시장 (primary=KEY_4)
2026-06-20 07:30:38,062 [INFO] [49/121] 김포공항 (primary=KEY_1)
2026-06-20 07:30:39,619 [INFO] [50/121] 남대문시장 (primary=KEY_2)
2026-06-20 07:30:41,708 [INFO] [51/121] 노량진 (primary=KEY_3)
2026-06-20 07:30:43,053 [INFO] [52/121] 덕수궁길·정동길 (primary=KEY_4)
2026-06-20 07:30:44,405 [INFO] [53/121] 북창동 먹자골목 (primary=KEY_1)
2026-06-20 07:30:46,779 [INFO] [54/121] 북촌한옥마을 (primary=KEY_2)
2026-06-20 07:30:48,307 [INFO] [55/121] 서촌 (primary=KEY_3)
2026-06-20 07:30:50,389 [INFO] [56/121] 성수카페거리 (primary=KEY_4)
2026-06-20 07:30:51,933 [INFO] [57/121] 송리단길·호수단길 (primary=KEY_1)
2026-06-20 07:30:53,288 [INFO] [58/121] 신촌 스타광장 (primary=KEY_2)
2026-06-20 07:30:54,433 [INFO] [59/121] 압구정로데오거리 (primary=KEY_3)
2026-06-20 07:30:55,762 [INFO] [60/121] 여의도 (primary=KEY_4)
2026-06-20 07:30:57,987 [INFO] [61/121] 연남동 (primary=KEY_1)
2026-06-20 07:30:59,311 [INFO] [62/121] 영등포 타임스퀘어 (primary=KEY_2)
2026-06-20 07:31:00,629 [INFO] [63/121] 용리단길 (primary=KEY_3)
2026-06-20 07:31:01,788 [INFO] [64/121] 이태원 앤틱가구거리 (primary=KEY_4)
2026-06-20 07:31:03,112 [INFO] [65/121] 익선동 (primary=KEY_1)
2026-06-20 07:31:05,038 [INFO] [66/121] 인사동 (primary=KEY_2)
2026-06-20 07:31:06,563 [INFO] [67/121] 잠실롯데타워·석촌호수 (primary=KEY_3)
2026-06-20 07:31:08,336 [INFO] [68/121] 창동 신경제 중심지 (primary=KEY_4)
2026-06-20 07:31:10,052 [INFO] [69/121] 청담동 명품거리 (primary=KEY_1)
2026-06-20 07:31:11,430 [INFO] [70/121] 청량리 제기동 일대 전통시장 (primary=KEY_2)
2026-06-20 07:31:12,772 [INFO] [71/121] 해방촌·경리단길 (primary=KEY_3)
2026-06-20 07:31:13,928 [INFO] [72/121] DDP(동대문디자인플라자) (primary=KEY_4)
2026-06-20 07:31:15,271 [INFO] [73/121] DMC(디지털미디어시티) (primary=KEY_1)
2026-06-20 07:31:17,086 [INFO] [74/121] 가산디지털단지역 (primary=KEY_2)
2026-06-20 07:31:18,993 [INFO] [75/121] 강남역 (primary=KEY_3)
2026-06-20 07:31:20,597 [INFO] [76/121] 건대입구역 (primary=KEY_4)
2026-06-20 07:31:21,943 [INFO] [77/121] 고덕역 (primary=KEY_1)
2026-06-20 07:31:23,270 [INFO] [78/121] 고속터미널역 (primary=KEY_2)
2026-06-20 07:31:24,624 [INFO] [79/121] 교대역 (primary=KEY_3)
2026-06-20 07:31:26,154 [INFO] [80/121] 구로디지털단지역 (primary=KEY_4)
2026-06-20 07:31:27,869 [INFO] [81/121] 구로역 (primary=KEY_1)
2026-06-20 07:31:29,198 [INFO] [82/121] 군자역 (primary=KEY_2)
2026-06-20 07:31:30,542 [INFO] [83/121] 대림역 (primary=KEY_3)
2026-06-20 07:31:31,880 [INFO] [84/121] 동대문역 (primary=KEY_4)
2026-06-20 07:31:33,219 [INFO] [85/121] 뚝섬역 (primary=KEY_1)
2026-06-20 07:31:34,566 [INFO] [86/121] 미아사거리역 (primary=KEY_2)
2026-06-20 07:31:35,899 [INFO] [87/121] 발산역 (primary=KEY_3)
2026-06-20 07:31:37,616 [INFO] [88/121] 사당역 (primary=KEY_4)
2026-06-20 07:31:38,952 [INFO] [89/121] 삼각지역 (primary=KEY_1)
2026-06-20 07:31:40,273 [INFO] [90/121] 서울대입구역 (primary=KEY_2)
2026-06-20 07:31:41,600 [INFO] [91/121] 서울식물원·마곡나루역 (primary=KEY_3)
2026-06-20 07:31:43,137 [INFO] [92/121] 서울역 (primary=KEY_4)
2026-06-20 07:31:44,893 [INFO] [93/121] 선릉역 (primary=KEY_1)
2026-06-20 07:31:46,667 [INFO] [94/121] 성신여대입구역 (primary=KEY_2)
2026-06-20 07:31:47,839 [INFO] [95/121] 수유역 (primary=KEY_3)
2026-06-20 07:31:49,177 [INFO] [96/121] 숭례문 (primary=KEY_4)
2026-06-20 07:31:50,719 [INFO] [97/121] 시의회 앞 (primary=KEY_1)
2026-06-20 07:31:52,080 [INFO] [98/121] 신논현역·논현역 (primary=KEY_2)
2026-06-20 07:31:53,459 [INFO] [99/121] 신도림역 (primary=KEY_3)
2026-06-20 07:31:54,596 [INFO] [100/121] 신림역 (primary=KEY_4)
2026-06-20 07:31:55,762 [INFO] [101/121] 신정네거리역 (primary=KEY_1)
2026-06-20 07:31:56,969 [INFO] [102/121] 신촌·이대역 (primary=KEY_2)
2026-06-20 07:31:58,317 [INFO] [103/121] 쌍문역 (primary=KEY_3)
2026-06-20 07:32:00,046 [INFO] [104/121] 양재역 (primary=KEY_4)
2026-06-20 07:32:01,972 [INFO] [105/121] 역삼역 (primary=KEY_1)
2026-06-20 07:32:03,891 [INFO] [106/121] 연신내역 (primary=KEY_2)
2026-06-20 07:32:05,803 [INFO] [107/121] 오목교역·목동운동장 (primary=KEY_3)
2026-06-20 07:32:08,149 [INFO] [108/121] 왕십리역 (primary=KEY_4)
2026-06-20 07:32:10,168 [INFO] [109/121] 용산역 (primary=KEY_1)
2026-06-20 07:32:12,109 [INFO] [110/121] 이태원역 (primary=KEY_2)
2026-06-20 07:32:13,318 [INFO] [111/121] 잠실새내역 (primary=KEY_3)
2026-06-20 07:32:15,230 [INFO] [112/121] 잠실역 (primary=KEY_4)
2026-06-20 07:32:17,236 [INFO] [113/121] 장지역 (primary=KEY_1)
2026-06-20 07:32:19,133 [INFO] [114/121] 장한평역 (primary=KEY_2)
2026-06-20 07:32:20,470 [INFO] [115/121] 천호역 (primary=KEY_3)
2026-06-20 07:32:22,775 [INFO] [116/121] 총신대입구(이수)역 (primary=KEY_4)
2026-06-20 07:32:24,768 [INFO] [117/121] 충정로역 (primary=KEY_1)
2026-06-20 07:32:26,099 [INFO] [118/121] 합정역 (primary=KEY_2)
2026-06-20 07:32:27,453 [INFO] [119/121] 혜화역 (primary=KEY_3)
2026-06-20 07:32:28,779 [INFO] [120/121] 홍대입구역(2호선) (primary=KEY_4)
2026-06-20 07:32:29,940 [INFO] [121/121] 회기역 (primary=KEY_1)
2026-06-20 07:32:32,736 [INFO] === 수집 완료 | 성공 121, 실패 0 ===
2026-06-20 07:32:32,736 [INFO] 카테고리별 저장 결과:
2026-06-20 07:32:32,737 [INFO]    accident                  | 신규     4행 | 누적     20행 | 16컬럼
2026-06-20 07:32:32,737 [INFO]    accident_acdnt_cntrl_stts | 신규     4행 | 누적      4행 | 16컬럼
2026-06-20 07:32:32,737 [INFO]    area_meta                 | 신규   121행 | 누적    726행 | 5컬럼
2026-06-20 07:32:32,737 [INFO]    bike                      | 신규    12행 | 누적     72행 | 12컬럼
2026-06-20 07:32:32,737 [INFO]    bike_sbike_stts           | 신규   543행 | 누적   3258행 | 12컬럼
2026-06-20 07:32:32,737 [INFO]    bus                       | 신규     3행 | 누적     18행 | 11컬럼
2026-06-20 07:32:32,737 [INFO]    bus_bus_stn_stts          | 신규  1745행 | 누적  10470행 | 11컬럼
2026-06-20 07:32:32,737 [INFO]    charger                   | 신규     8행 | 누적     93행 | 15컬럼
2026-06-20 07:32:32,737 [INFO]    charger_charger_stts      | 신규  1573행 | 누적   5866행 | 15컬럼
2026-06-20 07:32:32,737 [INFO]    cmrcl                     | 신규    82행 | 누적    492행 | 20컬럼
2026-06-20 07:32:32,737 [INFO]    events                    | 신규    13행 | 누적     78행 | 14컬럼
2026-06-20 07:32:32,737 [INFO]    events_event_stts         | 신규   156행 | 누적    944행 | 14컬럼
2026-06-20 07:32:32,737 [INFO]    parking                   | 신규     6행 | 누적     36행 | 21컬럼
2026-06-20 07:32:32,737 [INFO]    parking_prk_stts          | 신규  1836행 | 누적  11016행 | 21컬럼
2026-06-20 07:32:32,737 [INFO]    ppltn                     | 신규   121행 | 누적    726행 | 26컬럼
2026-06-20 07:32:32,737 [INFO]    road                      | 신규   121행 | 누적    726행 | 21컬럼
2026-06-20 07:32:32,738 [INFO]    road_road_traffic_stts    | 신규  5256행 | 누적  31536행 | 17컬럼
2026-06-20 07:32:32,738 [INFO]    subway                    | 신규    38행 | 누적    228행 | 13컬럼
2026-06-20 07:32:32,738 [INFO]    subway_sub_stts           | 신규   183행 | 누적   1098행 | 13컬럼
2026-06-20 07:32:32,738 [INFO]    weather                   | 신규   119행 | 누적    714행 | 30컬럼
2026-06-20 07:32:32,738 [INFO] 키별 사용량:
2026-06-20 07:32:32,738 [INFO]    🟢 KEY_1 (31/1000) 
2026-06-20 07:32:32,738 [INFO]    🟢 KEY_2 (30/1000) 
2026-06-20 07:32:32,738 [INFO]    🟢 KEY_3 (30/1000) 
2026-06-20 07:32:32,738 [INFO]    🟢 KEY_4 (30/1000) 
2026-06-20 08:32:27,715 [INFO] 등록된 키: 4개, 합산 한도 4,000건/일
2026-06-20 08:32:27,715 [INFO] POI 로드: 매뉴얼 v8.5 기준 fallback 121개 (121개 전체)
2026-06-20 08:32:27,715 [INFO] === 수집 시작 2026-06-20T08:32:27.715943+09:00 ===
2026-06-20 08:32:27,716 [INFO] 대상 장소: 121개 | API: citydata (통합)
2026-06-20 08:32:27,716 [INFO] 키 풀: 4/4 활성 | 오늘 사용 0/4000건
2026-06-20 08:32:27,716 [INFO]   [KEY_1] 담당 31장소
2026-06-20 08:32:27,716 [INFO]   [KEY_2] 담당 30장소
2026-06-20 08:32:27,716 [INFO]   [KEY_3] 담당 30장소
2026-06-20 08:32:27,716 [INFO]   [KEY_4] 담당 30장소
2026-06-20 08:32:27,716 [INFO] [1/121] 경복궁 (primary=KEY_1)
2026-06-20 08:32:29,523 [INFO] [2/121] 광화문·덕수궁 (primary=KEY_2)
2026-06-20 08:32:31,469 [INFO] [3/121] 보신각 (primary=KEY_3)
2026-06-20 08:32:33,216 [INFO] [4/121] 서울 암사동 유적 (primary=KEY_4)
2026-06-20 08:32:34,228 [INFO] [5/121] 창덕궁·종묘 (primary=KEY_1)
2026-06-20 08:32:35,954 [INFO] [6/121] 강남 MICE 관광특구 (primary=KEY_2)
2026-06-20 08:32:37,120 [INFO] [7/121] 동대문 관광특구 (primary=KEY_3)
2026-06-20 08:32:39,048 [INFO] [8/121] 명동 관광특구 (primary=KEY_4)
2026-06-20 08:32:41,317 [INFO] [9/121] 이태원 관광특구 (primary=KEY_1)
2026-06-20 08:32:43,208 [INFO] [10/121] 잠실 관광특구 (primary=KEY_2)
2026-06-20 08:32:44,573 [INFO] [11/121] 종로·청계 관광특구 (primary=KEY_3)
2026-06-20 08:32:45,958 [INFO] [12/121] 홍대 관광특구 (primary=KEY_4)
2026-06-20 08:32:47,346 [INFO] [13/121] 강서한강공원 (primary=KEY_1)
2026-06-20 08:32:48,355 [INFO] [14/121] 고척돔 (primary=KEY_2)
2026-06-20 08:32:49,375 [INFO] [15/121] 광나루한강공원 (primary=KEY_3)
2026-06-20 08:32:50,685 [INFO] [16/121] 광화문광장 (primary=KEY_4)
2026-06-20 08:32:52,588 [INFO] [17/121] 국립중앙박물관·용산가족공원 (primary=KEY_1)
2026-06-20 08:32:53,755 [INFO] [18/121] 난지한강공원 (primary=KEY_2)
2026-06-20 08:32:54,777 [INFO] [19/121] 남산공원 (primary=KEY_3)
2026-06-20 08:32:56,122 [INFO] [20/121] 노들섬 (primary=KEY_4)
2026-06-20 08:32:57,715 [INFO] [21/121] 뚝섬한강공원 (primary=KEY_1)
2026-06-20 08:32:58,725 [INFO] [22/121] 망원한강공원 (primary=KEY_2)
2026-06-20 08:32:59,895 [INFO] [23/121] 반포한강공원 (primary=KEY_3)
2026-06-20 08:33:01,039 [INFO] [24/121] 보라매공원 (primary=KEY_4)
2026-06-20 08:33:02,247 [INFO] [25/121] 북서울꿈의숲 (primary=KEY_1)
2026-06-20 08:33:03,854 [INFO] [26/121] 서대문독립공원 (primary=KEY_2)
2026-06-20 08:33:04,867 [INFO] [27/121] 서리풀공원·몽마르뜨공원 (primary=KEY_3)
2026-06-20 08:33:06,883 [INFO] [28/121] 서울대공원 (primary=KEY_4)
2026-06-20 08:33:07,881 [INFO] [29/121] 서울숲공원 (primary=KEY_1)
2026-06-20 08:33:09,044 [INFO] [30/121] 송현녹지광장 (primary=KEY_2)
2026-06-20 08:33:10,214 [INFO] [31/121] 아차산 (primary=KEY_3)
2026-06-20 08:33:11,362 [INFO] [32/121] 안양천 (primary=KEY_4)
2026-06-20 08:33:12,370 [INFO] [33/121] 양화한강공원 (primary=KEY_1)
2026-06-20 08:33:13,373 [INFO] [34/121] 어린이대공원 (primary=KEY_2)
2026-06-20 08:33:14,401 [INFO] [35/121] 여의도한강공원 (primary=KEY_3)
2026-06-20 08:33:15,563 [INFO] [36/121] 여의서로 (primary=KEY_4)
2026-06-20 08:33:17,205 [INFO] [37/121] 올림픽공원 (primary=KEY_1)
2026-06-20 08:33:18,397 [INFO] [38/121] 월드컵공원 (primary=KEY_2)
2026-06-20 08:33:19,812 [INFO] [39/121] 응봉산 (primary=KEY_3)
2026-06-20 08:33:20,964 [INFO] [40/121] 이촌한강공원 (primary=KEY_4)
2026-06-20 08:33:21,980 [INFO] [41/121] 잠실종합운동장 (primary=KEY_1)
2026-06-20 08:33:22,999 [INFO] [42/121] 잠실한강공원 (primary=KEY_2)
2026-06-20 08:33:24,793 [INFO] [43/121] 잠원한강공원 (primary=KEY_3)
2026-06-20 08:33:25,810 [INFO] [44/121] 청계산 (primary=KEY_4)
2026-06-20 08:33:26,814 [INFO] [45/121] 홍제폭포 (primary=KEY_1)
2026-06-20 08:33:27,816 [INFO] [46/121] 가락시장 (primary=KEY_2)
2026-06-20 08:33:29,002 [INFO] [47/121] 가로수길 (primary=KEY_3)
2026-06-20 08:33:30,195 [INFO] [48/121] 광장(전통)시장 (primary=KEY_4)
2026-06-20 08:33:31,217 [INFO] [49/121] 김포공항 (primary=KEY_1)
2026-06-20 08:33:32,416 [INFO] [50/121] 남대문시장 (primary=KEY_2)
2026-06-20 08:33:33,446 [INFO] [51/121] 노량진 (primary=KEY_3)
2026-06-20 08:33:34,615 [INFO] [52/121] 덕수궁길·정동길 (primary=KEY_4)
2026-06-20 08:33:35,795 [INFO] [53/121] 북창동 먹자골목 (primary=KEY_1)
2026-06-20 08:33:36,822 [INFO] [54/121] 북촌한옥마을 (primary=KEY_2)
2026-06-20 08:33:38,038 [INFO] [55/121] 서촌 (primary=KEY_3)
2026-06-20 08:33:39,214 [INFO] [56/121] 성수카페거리 (primary=KEY_4)
2026-06-20 08:33:40,408 [INFO] [57/121] 송리단길·호수단길 (primary=KEY_1)
2026-06-20 08:33:41,774 [INFO] [58/121] 신촌 스타광장 (primary=KEY_2)
2026-06-20 08:33:42,818 [INFO] [59/121] 압구정로데오거리 (primary=KEY_3)
2026-06-20 08:33:43,998 [INFO] [60/121] 여의도 (primary=KEY_4)
2026-06-20 08:33:46,316 [INFO] [61/121] 연남동 (primary=KEY_1)
2026-06-20 08:33:47,469 [INFO] [62/121] 영등포 타임스퀘어 (primary=KEY_2)
2026-06-20 08:33:48,627 [INFO] [63/121] 용리단길 (primary=KEY_3)
2026-06-20 08:33:49,677 [INFO] [64/121] 이태원 앤틱가구거리 (primary=KEY_4)
2026-06-20 08:33:50,718 [INFO] [65/121] 익선동 (primary=KEY_1)
2026-06-20 08:33:51,921 [INFO] [66/121] 인사동 (primary=KEY_2)
2026-06-20 08:33:53,129 [INFO] [67/121] 잠실롯데타워·석촌호수 (primary=KEY_3)
2026-06-20 08:33:54,320 [INFO] [68/121] 창동 신경제 중심지 (primary=KEY_4)
2026-06-20 08:33:55,689 [INFO] [69/121] 청담동 명품거리 (primary=KEY_1)
2026-06-20 08:33:56,877 [INFO] [70/121] 청량리 제기동 일대 전통시장 (primary=KEY_2)
2026-06-20 08:33:58,665 [INFO] [71/121] 해방촌·경리단길 (primary=KEY_3)
2026-06-20 08:33:59,688 [INFO] [72/121] DDP(동대문디자인플라자) (primary=KEY_4)
2026-06-20 08:34:01,523 [INFO] [73/121] DMC(디지털미디어시티) (primary=KEY_1)
2026-06-20 08:34:02,861 [INFO] [74/121] 가산디지털단지역 (primary=KEY_2)
2026-06-20 08:34:04,182 [INFO] [75/121] 강남역 (primary=KEY_3)
2026-06-20 08:34:05,769 [INFO] [76/121] 건대입구역 (primary=KEY_4)
2026-06-20 08:34:07,535 [INFO] [77/121] 고덕역 (primary=KEY_1)
2026-06-20 08:34:08,710 [INFO] [78/121] 고속터미널역 (primary=KEY_2)
2026-06-20 08:34:10,370 [INFO] [79/121] 교대역 (primary=KEY_3)
2026-06-20 08:34:11,419 [INFO] [80/121] 구로디지털단지역 (primary=KEY_4)
2026-06-20 08:34:12,597 [INFO] [81/121] 구로역 (primary=KEY_1)
2026-06-20 08:34:13,624 [INFO] [82/121] 군자역 (primary=KEY_2)
2026-06-20 08:34:14,819 [INFO] [83/121] 대림역 (primary=KEY_3)
2026-06-20 08:34:15,999 [INFO] [84/121] 동대문역 (primary=KEY_4)
2026-06-20 08:34:17,173 [INFO] [85/121] 뚝섬역 (primary=KEY_1)
2026-06-20 08:34:18,484 [INFO] [86/121] 미아사거리역 (primary=KEY_2)
2026-06-20 08:34:19,654 [INFO] [87/121] 발산역 (primary=KEY_3)
2026-06-20 08:34:20,979 [INFO] [88/121] 사당역 (primary=KEY_4)
2026-06-20 08:34:22,148 [INFO] [89/121] 삼각지역 (primary=KEY_1)
2026-06-20 08:34:23,175 [INFO] [90/121] 서울대입구역 (primary=KEY_2)
2026-06-20 08:34:24,203 [INFO] [91/121] 서울식물원·마곡나루역 (primary=KEY_3)
2026-06-20 08:34:25,390 [INFO] [92/121] 서울역 (primary=KEY_4)
2026-06-20 08:34:27,311 [INFO] [93/121] 선릉역 (primary=KEY_1)
2026-06-20 08:34:28,662 [INFO] [94/121] 성신여대입구역 (primary=KEY_2)
2026-06-20 08:34:29,691 [INFO] [95/121] 수유역 (primary=KEY_3)
2026-06-20 08:34:30,872 [INFO] [96/121] 숭례문 (primary=KEY_4)
2026-06-20 08:34:32,051 [INFO] [97/121] 시의회 앞 (primary=KEY_1)
2026-06-20 08:34:33,237 [INFO] [98/121] 신논현역·논현역 (primary=KEY_2)
2026-06-20 08:34:34,437 [INFO] [99/121] 신도림역 (primary=KEY_3)
2026-06-20 08:34:35,469 [INFO] [100/121] 신림역 (primary=KEY_4)
2026-06-20 08:34:36,530 [INFO] [101/121] 신정네거리역 (primary=KEY_1)
2026-06-20 08:34:37,555 [INFO] [102/121] 신촌·이대역 (primary=KEY_2)
2026-06-20 08:34:38,736 [INFO] [103/121] 쌍문역 (primary=KEY_3)
2026-06-20 08:34:39,776 [INFO] [104/121] 양재역 (primary=KEY_4)
2026-06-20 08:34:40,962 [INFO] [105/121] 역삼역 (primary=KEY_1)
2026-06-20 08:34:42,159 [INFO] [106/121] 연신내역 (primary=KEY_2)
2026-06-20 08:34:43,205 [INFO] [107/121] 오목교역·목동운동장 (primary=KEY_3)
2026-06-20 08:34:44,537 [INFO] [108/121] 왕십리역 (primary=KEY_4)
2026-06-20 08:34:45,877 [INFO] [109/121] 용산역 (primary=KEY_1)
2026-06-20 08:34:47,072 [INFO] [110/121] 이태원역 (primary=KEY_2)
2026-06-20 08:34:48,113 [INFO] [111/121] 잠실새내역 (primary=KEY_3)
2026-06-20 08:34:49,298 [INFO] [112/121] 잠실역 (primary=KEY_4)
2026-06-20 08:34:50,487 [INFO] [113/121] 장지역 (primary=KEY_1)
2026-06-20 08:34:51,658 [INFO] [114/121] 장한평역 (primary=KEY_2)
2026-06-20 08:34:53,006 [INFO] [115/121] 천호역 (primary=KEY_3)
2026-06-20 08:34:54,304 [INFO] [116/121] 총신대입구(이수)역 (primary=KEY_4)
2026-06-20 08:34:55,473 [INFO] [117/121] 충정로역 (primary=KEY_1)
2026-06-20 08:34:56,764 [INFO] [118/121] 합정역 (primary=KEY_2)
2026-06-20 08:34:57,952 [INFO] [119/121] 혜화역 (primary=KEY_3)
2026-06-20 08:34:59,273 [INFO] [120/121] 홍대입구역(2호선) (primary=KEY_4)
2026-06-20 08:35:00,319 [INFO] [121/121] 회기역 (primary=KEY_1)
2026-06-20 08:35:02,832 [INFO] === 수집 완료 | 성공 121, 실패 0 ===
2026-06-20 08:35:02,832 [INFO] 카테고리별 저장 결과:
2026-06-20 08:35:02,832 [INFO]    accident                  | 신규     4행 | 누적     24행 | 16컬럼
2026-06-20 08:35:02,832 [INFO]    accident_acdnt_cntrl_stts | 신규     4행 | 누적      8행 | 16컬럼
2026-06-20 08:35:02,832 [INFO]    area_meta                 | 신규   121행 | 누적    847행 | 5컬럼
2026-06-20 08:35:02,832 [INFO]    bike                      | 신규    12행 | 누적     84행 | 12컬럼
2026-06-20 08:35:02,832 [INFO]    bike_sbike_stts           | 신규   543행 | 누적   3801행 | 12컬럼
2026-06-20 08:35:02,832 [INFO]    bus                       | 신규     3행 | 누적     21행 | 11컬럼
2026-06-20 08:35:02,832 [INFO]    bus_bus_stn_stts          | 신규  1745행 | 누적  12215행 | 11컬럼
2026-06-20 08:35:02,832 [INFO]    charger                   | 신규    25행 | 누적    118행 | 15컬럼
2026-06-20 08:35:02,833 [INFO]    charger_charger_stts      | 신규   336행 | 누적   6200행 | 15컬럼
2026-06-20 08:35:02,833 [INFO]    cmrcl                     | 신규    82행 | 누적    574행 | 20컬럼
2026-06-20 08:35:02,833 [INFO]    events                    | 신규    13행 | 누적     91행 | 14컬럼
2026-06-20 08:35:02,833 [INFO]    events_event_stts         | 신규   156행 | 누적   1100행 | 14컬럼
2026-06-20 08:35:02,833 [INFO]    parking                   | 신규     6행 | 누적     42행 | 21컬럼
2026-06-20 08:35:02,833 [INFO]    parking_prk_stts          | 신규  1836행 | 누적  12852행 | 21컬럼
2026-06-20 08:35:02,833 [INFO]    ppltn                     | 신규   121행 | 누적    847행 | 26컬럼
2026-06-20 08:35:02,833 [INFO]    road                      | 신규   121행 | 누적    847행 | 21컬럼
2026-06-20 08:35:02,833 [INFO]    road_road_traffic_stts    | 신규  5256행 | 누적  36792행 | 17컬럼
2026-06-20 08:35:02,833 [INFO]    subway                    | 신규    38행 | 누적    266행 | 13컬럼
2026-06-20 08:35:02,833 [INFO]    subway_sub_stts           | 신규   183행 | 누적   1281행 | 13컬럼
2026-06-20 08:35:02,833 [INFO]    weather                   | 신규   119행 | 누적    833행 | 30컬럼
2026-06-20 08:35:02,833 [INFO] 키별 사용량:
2026-06-20 08:35:02,833 [INFO]    🟢 KEY_1 (31/1000) 
2026-06-20 08:35:02,833 [INFO]    🟢 KEY_2 (30/1000) 
2026-06-20 08:35:02,833 [INFO]    🟢 KEY_3 (30/1000) 
2026-06-20 08:35:02,833 [INFO]    🟢 KEY_4 (30/1000) 
2026-06-20 10:19:20,646 [INFO] 등록된 키: 4개, 합산 한도 4,000건/일
2026-06-20 10:19:20,646 [INFO] POI 로드: 매뉴얼 v8.5 기준 fallback 121개 (121개 전체)
2026-06-20 10:19:20,646 [INFO] === 수집 시작 2026-06-20T10:19:20.646886+09:00 ===
2026-06-20 10:19:20,646 [INFO] 대상 장소: 121개 | API: citydata (통합)
2026-06-20 10:19:20,647 [INFO] 키 풀: 4/4 활성 | 오늘 사용 0/4000건
2026-06-20 10:19:20,647 [INFO]   [KEY_1] 담당 31장소
2026-06-20 10:19:20,647 [INFO]   [KEY_2] 담당 30장소
2026-06-20 10:19:20,647 [INFO]   [KEY_3] 담당 30장소
2026-06-20 10:19:20,647 [INFO]   [KEY_4] 담당 30장소
2026-06-20 10:19:20,647 [INFO] [1/121] 경복궁 (primary=KEY_1)
2026-06-20 10:19:22,322 [INFO] [2/121] 광화문·덕수궁 (primary=KEY_2)
2026-06-20 10:19:24,537 [INFO] [3/121] 보신각 (primary=KEY_3)
2026-06-20 10:19:26,358 [INFO] [4/121] 서울 암사동 유적 (primary=KEY_4)
2026-06-20 10:19:27,875 [INFO] [5/121] 창덕궁·종묘 (primary=KEY_1)
2026-06-20 10:19:28,995 [INFO] [6/121] 강남 MICE 관광특구 (primary=KEY_2)
2026-06-20 10:19:30,128 [INFO] [7/121] 동대문 관광특구 (primary=KEY_3)
2026-06-20 10:19:31,994 [INFO] [8/121] 명동 관광특구 (primary=KEY_4)
2026-06-20 10:19:34,128 [INFO] [9/121] 이태원 관광특구 (primary=KEY_1)
2026-06-20 10:19:35,279 [INFO] [10/121] 잠실 관광특구 (primary=KEY_2)
2026-06-20 10:19:37,685 [INFO] [11/121] 종로·청계 관광특구 (primary=KEY_3)
2026-06-20 10:19:39,011 [INFO] [12/121] 홍대 관광특구 (primary=KEY_4)
2026-06-20 10:19:40,337 [INFO] [13/121] 강서한강공원 (primary=KEY_1)
2026-06-20 10:19:41,439 [INFO] [14/121] 고척돔 (primary=KEY_2)
2026-06-20 10:19:42,424 [INFO] [15/121] 광나루한강공원 (primary=KEY_3)
2026-06-20 10:19:44,214 [INFO] [16/121] 광화문광장 (primary=KEY_4)
2026-06-20 10:19:45,346 [INFO] [17/121] 국립중앙박물관·용산가족공원 (primary=KEY_1)
2026-06-20 10:19:46,346 [INFO] [18/121] 난지한강공원 (primary=KEY_2)
2026-06-20 10:19:47,319 [INFO] [19/121] 남산공원 (primary=KEY_3)
2026-06-20 10:19:48,625 [INFO] [20/121] 노들섬 (primary=KEY_4)
2026-06-20 10:19:49,599 [INFO] [21/121] 뚝섬한강공원 (primary=KEY_1)
2026-06-20 10:19:50,581 [INFO] [22/121] 망원한강공원 (primary=KEY_2)
2026-06-20 10:19:51,779 [INFO] [23/121] 반포한강공원 (primary=KEY_3)
2026-06-20 10:19:52,767 [INFO] [24/121] 보라매공원 (primary=KEY_4)
2026-06-20 10:19:53,747 [INFO] [25/121] 북서울꿈의숲 (primary=KEY_1)
2026-06-20 10:19:54,986 [INFO] [26/121] 서대문독립공원 (primary=KEY_2)
2026-06-20 10:19:55,982 [INFO] [27/121] 서리풀공원·몽마르뜨공원 (primary=KEY_3)
2026-06-20 10:19:57,932 [INFO] [28/121] 서울대공원 (primary=KEY_4)
2026-06-20 10:19:59,435 [INFO] [29/121] 서울숲공원 (primary=KEY_1)
2026-06-20 10:20:00,569 [INFO] [30/121] 송현녹지광장 (primary=KEY_2)
2026-06-20 10:20:01,684 [INFO] [31/121] 아차산 (primary=KEY_3)
2026-06-20 10:20:02,692 [INFO] [32/121] 안양천 (primary=KEY_4)
2026-06-20 10:20:03,650 [INFO] [33/121] 양화한강공원 (primary=KEY_1)
2026-06-20 10:20:04,607 [INFO] [34/121] 어린이대공원 (primary=KEY_2)
2026-06-20 10:20:05,752 [INFO] [35/121] 여의도한강공원 (primary=KEY_3)
2026-06-20 10:20:06,841 [INFO] [36/121] 여의서로 (primary=KEY_4)
2026-06-20 10:20:07,925 [INFO] [37/121] 올림픽공원 (primary=KEY_1)
2026-06-20 10:20:09,216 [INFO] [38/121] 월드컵공원 (primary=KEY_2)
2026-06-20 10:20:10,483 [INFO] [39/121] 응봉산 (primary=KEY_3)
2026-06-20 10:20:11,595 [INFO] [40/121] 이촌한강공원 (primary=KEY_4)
2026-06-20 10:20:12,561 [INFO] [41/121] 잠실종합운동장 (primary=KEY_1)
2026-06-20 10:20:13,541 [INFO] [42/121] 잠실한강공원 (primary=KEY_2)
2026-06-20 10:20:14,503 [INFO] [43/121] 잠원한강공원 (primary=KEY_3)
2026-06-20 10:20:15,460 [INFO] [44/121] 청계산 (primary=KEY_4)
2026-06-20 10:20:16,410 [INFO] [45/121] 홍제폭포 (primary=KEY_1)
2026-06-20 10:20:17,371 [INFO] [46/121] 가락시장 (primary=KEY_2)
2026-06-20 10:20:18,486 [INFO] [47/121] 가로수길 (primary=KEY_3)
2026-06-20 10:20:19,624 [INFO] [48/121] 광장(전통)시장 (primary=KEY_4)
2026-06-20 10:20:20,594 [INFO] [49/121] 김포공항 (primary=KEY_1)
2026-06-20 10:20:21,851 [INFO] [50/121] 남대문시장 (primary=KEY_2)
2026-06-20 10:20:23,111 [INFO] [51/121] 노량진 (primary=KEY_3)
2026-06-20 10:20:24,235 [INFO] [52/121] 덕수궁길·정동길 (primary=KEY_4)
2026-06-20 10:20:25,368 [INFO] [53/121] 북창동 먹자골목 (primary=KEY_1)
2026-06-20 10:20:26,467 [INFO] [54/121] 북촌한옥마을 (primary=KEY_2)
2026-06-20 10:20:27,701 [INFO] [55/121] 서촌 (primary=KEY_3)
2026-06-20 10:20:28,802 [INFO] [56/121] 성수카페거리 (primary=KEY_4)
2026-06-20 10:20:30,069 [INFO] [57/121] 송리단길·호수단길 (primary=KEY_1)
2026-06-20 10:20:31,206 [INFO] [58/121] 신촌 스타광장 (primary=KEY_2)
2026-06-20 10:20:32,186 [INFO] [59/121] 압구정로데오거리 (primary=KEY_3)
2026-06-20 10:20:33,309 [INFO] [60/121] 여의도 (primary=KEY_4)
2026-06-20 10:20:35,048 [INFO] [61/121] 연남동 (primary=KEY_1)
2026-06-20 10:20:36,155 [INFO] [62/121] 영등포 타임스퀘어 (primary=KEY_2)
2026-06-20 10:20:37,263 [INFO] [63/121] 용리단길 (primary=KEY_3)
2026-06-20 10:20:38,264 [INFO] [64/121] 이태원 앤틱가구거리 (primary=KEY_4)
2026-06-20 10:20:40,510 [INFO] [65/121] 익선동 (primary=KEY_1)
2026-06-20 10:20:41,661 [INFO] [66/121] 인사동 (primary=KEY_2)
2026-06-20 10:20:42,931 [INFO] [67/121] 잠실롯데타워·석촌호수 (primary=KEY_3)
2026-06-20 10:20:44,351 [INFO] [68/121] 창동 신경제 중심지 (primary=KEY_4)
2026-06-20 10:20:45,770 [INFO] [69/121] 청담동 명품거리 (primary=KEY_1)
2026-06-20 10:20:46,929 [INFO] [70/121] 청량리 제기동 일대 전통시장 (primary=KEY_2)
2026-06-20 10:20:48,054 [INFO] [71/121] 해방촌·경리단길 (primary=KEY_3)
2026-06-20 10:20:49,045 [INFO] [72/121] DDP(동대문디자인플라자) (primary=KEY_4)
2026-06-20 10:20:50,174 [INFO] [73/121] DMC(디지털미디어시티) (primary=KEY_1)
2026-06-20 10:20:51,661 [INFO] [74/121] 가산디지털단지역 (primary=KEY_2)
2026-06-20 10:20:53,200 [INFO] [75/121] 강남역 (primary=KEY_3)
2026-06-20 10:20:54,492 [INFO] [76/121] 건대입구역 (primary=KEY_4)
2026-06-20 10:20:55,609 [INFO] [77/121] 고덕역 (primary=KEY_1)
2026-06-20 10:20:56,737 [INFO] [78/121] 고속터미널역 (primary=KEY_2)
2026-06-20 10:20:57,885 [INFO] [79/121] 교대역 (primary=KEY_3)
2026-06-20 10:20:59,003 [INFO] [80/121] 구로디지털단지역 (primary=KEY_4)
2026-06-20 10:21:00,399 [INFO] [81/121] 구로역 (primary=KEY_1)
2026-06-20 10:21:01,517 [INFO] [82/121] 군자역 (primary=KEY_2)
2026-06-20 10:21:02,639 [INFO] [83/121] 대림역 (primary=KEY_3)
2026-06-20 10:21:03,811 [INFO] [84/121] 동대문역 (primary=KEY_4)
2026-06-20 10:21:04,934 [INFO] [85/121] 뚝섬역 (primary=KEY_1)
2026-06-20 10:21:06,064 [INFO] [86/121] 미아사거리역 (primary=KEY_2)
2026-06-20 10:21:07,179 [INFO] [87/121] 발산역 (primary=KEY_3)
2026-06-20 10:21:08,564 [INFO] [88/121] 사당역 (primary=KEY_4)
2026-06-20 10:21:09,684 [INFO] [89/121] 삼각지역 (primary=KEY_1)
2026-06-20 10:21:10,796 [INFO] [90/121] 서울대입구역 (primary=KEY_2)
2026-06-20 10:21:11,920 [INFO] [91/121] 서울식물원·마곡나루역 (primary=KEY_3)
2026-06-20 10:21:13,184 [INFO] [92/121] 서울역 (primary=KEY_4)
2026-06-20 10:21:14,488 [INFO] [93/121] 선릉역 (primary=KEY_1)
2026-06-20 10:21:15,902 [INFO] [94/121] 성신여대입구역 (primary=KEY_2)
2026-06-20 10:21:16,954 [INFO] [95/121] 수유역 (primary=KEY_3)
2026-06-20 10:21:18,061 [INFO] [96/121] 숭례문 (primary=KEY_4)
2026-06-20 10:21:19,335 [INFO] [97/121] 시의회 앞 (primary=KEY_1)
2026-06-20 10:21:20,523 [INFO] [98/121] 신논현역·논현역 (primary=KEY_2)
2026-06-20 10:21:21,669 [INFO] [99/121] 신도림역 (primary=KEY_3)
2026-06-20 10:21:22,664 [INFO] [100/121] 신림역 (primary=KEY_4)
2026-06-20 10:21:23,779 [INFO] [101/121] 신정네거리역 (primary=KEY_1)
2026-06-20 10:21:24,885 [INFO] [102/121] 신촌·이대역 (primary=KEY_2)
2026-06-20 10:21:26,021 [INFO] [103/121] 쌍문역 (primary=KEY_3)
2026-06-20 10:21:27,147 [INFO] [104/121] 양재역 (primary=KEY_4)
2026-06-20 10:21:28,283 [INFO] [105/121] 역삼역 (primary=KEY_1)
2026-06-20 10:21:29,539 [INFO] [106/121] 연신내역 (primary=KEY_2)
2026-06-20 10:21:30,552 [INFO] [107/121] 오목교역·목동운동장 (primary=KEY_3)
2026-06-20 10:21:32,087 [INFO] [108/121] 왕십리역 (primary=KEY_4)
2026-06-20 10:21:33,369 [INFO] [109/121] 용산역 (primary=KEY_1)
2026-06-20 10:21:34,758 [INFO] [110/121] 이태원역 (primary=KEY_2)
2026-06-20 10:21:35,767 [INFO] [111/121] 잠실새내역 (primary=KEY_3)
2026-06-20 10:21:36,894 [INFO] [112/121] 잠실역 (primary=KEY_4)
2026-06-20 10:21:38,143 [INFO] [113/121] 장지역 (primary=KEY_1)
2026-06-20 10:21:39,399 [INFO] [114/121] 장한평역 (primary=KEY_2)
2026-06-20 10:21:40,516 [INFO] [115/121] 천호역 (primary=KEY_3)
2026-06-20 10:21:41,675 [INFO] [116/121] 총신대입구(이수)역 (primary=KEY_4)
2026-06-20 10:21:42,811 [INFO] [117/121] 충정로역 (primary=KEY_1)
2026-06-20 10:21:43,950 [INFO] [118/121] 합정역 (primary=KEY_2)
2026-06-20 10:21:45,085 [INFO] [119/121] 혜화역 (primary=KEY_3)
2026-06-20 10:21:46,213 [INFO] [120/121] 홍대입구역(2호선) (primary=KEY_4)
2026-06-20 10:21:47,367 [INFO] [121/121] 회기역 (primary=KEY_1)
2026-06-20 10:21:50,034 [INFO] === 수집 완료 | 성공 121, 실패 0 ===
2026-06-20 10:21:50,034 [INFO] 카테고리별 저장 결과:
2026-06-20 10:21:50,034 [INFO]    accident                  | 신규     6행 | 누적     30행 | 16컬럼
2026-06-20 10:21:50,034 [INFO]    accident_acdnt_cntrl_stts | 신규     6행 | 누적     14행 | 16컬럼
2026-06-20 10:21:50,034 [INFO]    area_meta                 | 신규   121행 | 누적    968행 | 5컬럼
2026-06-20 10:21:50,034 [INFO]    bike                      | 신규    12행 | 누적     96행 | 12컬럼
2026-06-20 10:21:50,034 [INFO]    bike_sbike_stts           | 신규   543행 | 누적   4344행 | 12컬럼
2026-06-20 10:21:50,034 [INFO]    bus                       | 신규     3행 | 누적     24행 | 11컬럼
2026-06-20 10:21:50,034 [INFO]    bus_bus_stn_stts          | 신규  1745행 | 누적  13960행 | 11컬럼
2026-06-20 10:21:50,035 [INFO]    charger                   | 신규     4행 | 누적    122행 | 15컬럼
2026-06-20 10:21:50,035 [INFO]    charger_charger_stts      | 신규  1908행 | 누적   8093행 | 15컬럼
2026-06-20 10:21:50,035 [INFO]    cmrcl                     | 신규    82행 | 누적    656행 | 20컬럼
2026-06-20 10:21:50,035 [INFO]    events                    | 신규    13행 | 누적    104행 | 14컬럼
2026-06-20 10:21:50,035 [INFO]    events_event_stts         | 신규   156행 | 누적   1256행 | 14컬럼
2026-06-20 10:21:50,035 [INFO]    parking                   | 신규     6행 | 누적     48행 | 21컬럼
2026-06-20 10:21:50,035 [INFO]    parking_prk_stts          | 신규  1836행 | 누적  14688행 | 21컬럼
2026-06-20 10:21:50,035 [INFO]    ppltn                     | 신규   121행 | 누적    968행 | 26컬럼
2026-06-20 10:21:50,035 [INFO]    road                      | 신규   121행 | 누적    968행 | 21컬럼
2026-06-20 10:21:50,035 [INFO]    road_road_traffic_stts    | 신규  5256행 | 누적  42048행 | 17컬럼
2026-06-20 10:21:50,035 [INFO]    subway                    | 신규    38행 | 누적    304행 | 13컬럼
2026-06-20 10:21:50,035 [INFO]    subway_sub_stts           | 신규   183행 | 누적   1464행 | 13컬럼
2026-06-20 10:21:50,035 [INFO]    weather                   | 신규   119행 | 누적    952행 | 30컬럼
2026-06-20 10:21:50,035 [INFO] 키별 사용량:
2026-06-20 10:21:50,035 [INFO]    🟢 KEY_1 (31/1000) 
2026-06-20 10:21:50,035 [INFO]    🟢 KEY_2 (30/1000) 
2026-06-20 10:21:50,035 [INFO]    🟢 KEY_3 (30/1000) 
2026-06-20 10:21:50,035 [INFO]    🟢 KEY_4 (30/1000) 
2026-06-20 12:21:31,908 [INFO] 등록된 키: 4개, 합산 한도 4,000건/일
2026-06-20 12:21:31,909 [INFO] POI 로드: 매뉴얼 v8.5 기준 fallback 121개 (121개 전체)
2026-06-20 12:21:31,909 [INFO] === 수집 시작 2026-06-20T12:21:31.909654+09:00 ===
2026-06-20 12:21:31,909 [INFO] 대상 장소: 121개 | API: citydata (통합)
2026-06-20 12:21:31,909 [INFO] 키 풀: 4/4 활성 | 오늘 사용 0/4000건
2026-06-20 12:21:31,909 [INFO]   [KEY_1] 담당 31장소
2026-06-20 12:21:31,910 [INFO]   [KEY_2] 담당 30장소
2026-06-20 12:21:31,910 [INFO]   [KEY_3] 담당 30장소
2026-06-20 12:21:31,910 [INFO]   [KEY_4] 담당 30장소
2026-06-20 12:21:31,910 [INFO] [1/121] 경복궁 (primary=KEY_1)
2026-06-20 12:21:34,021 [INFO] [2/121] 광화문·덕수궁 (primary=KEY_2)
2026-06-20 12:21:36,552 [INFO] [3/121] 보신각 (primary=KEY_3)
2026-06-20 12:21:38,679 [INFO] [4/121] 서울 암사동 유적 (primary=KEY_4)
2026-06-20 12:21:40,000 [INFO] [5/121] 창덕궁·종묘 (primary=KEY_1)
2026-06-20 12:21:41,990 [INFO] [6/121] 강남 MICE 관광특구 (primary=KEY_2)
2026-06-20 12:21:43,516 [INFO] [7/121] 동대문 관광특구 (primary=KEY_3)
2026-06-20 12:21:45,854 [INFO] [8/121] 명동 관광특구 (primary=KEY_4)
2026-06-20 12:21:48,328 [INFO] [9/121] 이태원 관광특구 (primary=KEY_1)
2026-06-20 12:21:49,671 [INFO] [10/121] 잠실 관광특구 (primary=KEY_2)
2026-06-20 12:21:52,031 [INFO] [11/121] 종로·청계 관광특구 (primary=KEY_3)
2026-06-20 12:21:53,751 [INFO] [12/121] 홍대 관광특구 (primary=KEY_4)
2026-06-20 12:21:55,899 [INFO] [13/121] 강서한강공원 (primary=KEY_1)
2026-06-20 12:21:58,162 [INFO] [14/121] 고척돔 (primary=KEY_2)
2026-06-20 12:22:00,084 [INFO] [15/121] 광나루한강공원 (primary=KEY_3)
2026-06-20 12:22:02,177 [INFO] [16/121] 광화문광장 (primary=KEY_4)
2026-06-20 12:22:03,506 [INFO] [17/121] 국립중앙박물관·용산가족공원 (primary=KEY_1)
2026-06-20 12:22:04,651 [INFO] [18/121] 난지한강공원 (primary=KEY_2)
2026-06-20 12:22:05,788 [INFO] [19/121] 남산공원 (primary=KEY_3)
2026-06-20 12:22:08,096 [INFO] [20/121] 노들섬 (primary=KEY_4)
2026-06-20 12:22:09,796 [INFO] [21/121] 뚝섬한강공원 (primary=KEY_1)
2026-06-20 12:22:11,120 [INFO] [22/121] 망원한강공원 (primary=KEY_2)
2026-06-20 12:22:13,017 [INFO] [23/121] 반포한강공원 (primary=KEY_3)
2026-06-20 12:22:14,170 [INFO] [24/121] 보라매공원 (primary=KEY_4)
2026-06-20 12:22:15,329 [INFO] [25/121] 북서울꿈의숲 (primary=KEY_1)
2026-06-20 12:22:16,458 [INFO] [26/121] 서대문독립공원 (primary=KEY_2)
2026-06-20 12:22:18,176 [INFO] [27/121] 서리풀공원·몽마르뜨공원 (primary=KEY_3)
2026-06-20 12:22:19,541 [INFO] [28/121] 서울대공원 (primary=KEY_4)
2026-06-20 12:22:20,664 [INFO] [29/121] 서울숲공원 (primary=KEY_1)
2026-06-20 12:22:22,007 [INFO] [30/121] 송현녹지광장 (primary=KEY_2)
2026-06-20 12:22:23,339 [INFO] [31/121] 아차산 (primary=KEY_3)
2026-06-20 12:22:24,664 [INFO] [32/121] 안양천 (primary=KEY_4)
2026-06-20 12:22:26,379 [INFO] [33/121] 양화한강공원 (primary=KEY_1)
2026-06-20 12:22:27,508 [INFO] [34/121] 어린이대공원 (primary=KEY_2)
2026-06-20 12:22:29,413 [INFO] [35/121] 여의도한강공원 (primary=KEY_3)
2026-06-20 12:22:30,734 [INFO] [36/121] 여의서로 (primary=KEY_4)
2026-06-20 12:22:32,051 [INFO] [37/121] 올림픽공원 (primary=KEY_1)
2026-06-20 12:22:33,594 [INFO] [38/121] 월드컵공원 (primary=KEY_2)
2026-06-20 12:22:35,126 [INFO] [39/121] 응봉산 (primary=KEY_3)
2026-06-20 12:22:36,449 [INFO] [40/121] 이촌한강공원 (primary=KEY_4)
2026-06-20 12:22:37,574 [INFO] [41/121] 잠실종합운동장 (primary=KEY_1)
2026-06-20 12:22:38,912 [INFO] [42/121] 잠실한강공원 (primary=KEY_2)
2026-06-20 12:22:41,045 [INFO] [43/121] 잠원한강공원 (primary=KEY_3)
2026-06-20 12:22:43,156 [INFO] [44/121] 청계산 (primary=KEY_4)
2026-06-20 12:22:44,293 [INFO] [45/121] 홍제폭포 (primary=KEY_1)
2026-06-20 12:22:45,420 [INFO] [46/121] 가락시장 (primary=KEY_2)
2026-06-20 12:22:46,794 [INFO] [47/121] 가로수길 (primary=KEY_3)
2026-06-20 12:22:48,164 [INFO] [48/121] 광장(전통)시장 (primary=KEY_4)
2026-06-20 12:22:49,331 [INFO] [49/121] 김포공항 (primary=KEY_1)
2026-06-20 12:22:50,885 [INFO] [50/121] 남대문시장 (primary=KEY_2)
2026-06-20 12:22:52,236 [INFO] [51/121] 노량진 (primary=KEY_3)
2026-06-20 12:22:54,333 [INFO] [52/121] 덕수궁길·정동길 (primary=KEY_4)
2026-06-20 12:22:55,715 [INFO] [53/121] 북창동 먹자골목 (primary=KEY_1)
2026-06-20 12:22:57,059 [INFO] [54/121] 북촌한옥마을 (primary=KEY_2)
2026-06-20 12:22:58,591 [INFO] [55/121] 서촌 (primary=KEY_3)
2026-06-20 12:22:59,930 [INFO] [56/121] 성수카페거리 (primary=KEY_4)
2026-06-20 12:23:01,494 [INFO] [57/121] 송리단길·호수단길 (primary=KEY_1)
2026-06-20 12:23:02,849 [INFO] [58/121] 신촌 스타광장 (primary=KEY_2)
2026-06-20 12:23:04,007 [INFO] [59/121] 압구정로데오거리 (primary=KEY_3)
2026-06-20 12:23:05,366 [INFO] [60/121] 여의도 (primary=KEY_4)
2026-06-20 12:23:07,559 [INFO] [61/121] 연남동 (primary=KEY_1)
2026-06-20 12:23:08,914 [INFO] [62/121] 영등포 타임스퀘어 (primary=KEY_2)
2026-06-20 12:23:10,262 [INFO] [63/121] 용리단길 (primary=KEY_3)
2026-06-20 12:23:11,438 [INFO] [64/121] 이태원 앤틱가구거리 (primary=KEY_4)
2026-06-20 12:23:12,795 [INFO] [65/121] 익선동 (primary=KEY_1)
2026-06-20 12:23:14,240 [INFO] [66/121] 인사동 (primary=KEY_2)
2026-06-20 12:23:15,788 [INFO] [67/121] 잠실롯데타워·석촌호수 (primary=KEY_3)
2026-06-20 12:23:17,589 [INFO] [68/121] 창동 신경제 중심지 (primary=KEY_4)
2026-06-20 12:23:19,324 [INFO] [69/121] 청담동 명품거리 (primary=KEY_1)
2026-06-20 12:23:20,713 [INFO] [70/121] 청량리 제기동 일대 전통시장 (primary=KEY_2)
2026-06-20 12:23:22,088 [INFO] [71/121] 해방촌·경리단길 (primary=KEY_3)
2026-06-20 12:23:23,229 [INFO] [72/121] DDP(동대문디자인플라자) (primary=KEY_4)
2026-06-20 12:23:24,594 [INFO] [73/121] DMC(디지털미디어시티) (primary=KEY_1)
2026-06-20 12:23:26,956 [INFO] [74/121] 가산디지털단지역 (primary=KEY_2)
2026-06-20 12:23:28,874 [INFO] [75/121] 강남역 (primary=KEY_3)
2026-06-20 12:23:30,445 [INFO] [76/121] 건대입구역 (primary=KEY_4)
2026-06-20 12:23:31,883 [INFO] [77/121] 고덕역 (primary=KEY_1)
2026-06-20 12:23:33,223 [INFO] [78/121] 고속터미널역 (primary=KEY_2)
2026-06-20 12:23:34,590 [INFO] [79/121] 교대역 (primary=KEY_3)
2026-06-20 12:23:35,940 [INFO] [80/121] 구로디지털단지역 (primary=KEY_4)
2026-06-20 12:23:37,488 [INFO] [81/121] 구로역 (primary=KEY_1)
2026-06-20 12:23:38,650 [INFO] [82/121] 군자역 (primary=KEY_2)
2026-06-20 12:23:40,000 [INFO] [83/121] 대림역 (primary=KEY_3)
2026-06-20 12:23:41,356 [INFO] [84/121] 동대문역 (primary=KEY_4)
2026-06-20 12:23:42,719 [INFO] [85/121] 뚝섬역 (primary=KEY_1)
2026-06-20 12:23:44,044 [INFO] [86/121] 미아사거리역 (primary=KEY_2)
2026-06-20 12:23:45,398 [INFO] [87/121] 발산역 (primary=KEY_3)
2026-06-20 12:23:46,977 [INFO] [88/121] 사당역 (primary=KEY_4)
2026-06-20 12:23:48,322 [INFO] [89/121] 삼각지역 (primary=KEY_1)
2026-06-20 12:23:49,478 [INFO] [90/121] 서울대입구역 (primary=KEY_2)
2026-06-20 12:23:50,826 [INFO] [91/121] 서울식물원·마곡나루역 (primary=KEY_3)
2026-06-20 12:23:52,191 [INFO] [92/121] 서울역 (primary=KEY_4)
2026-06-20 12:23:53,828 [INFO] [93/121] 선릉역 (primary=KEY_1)
2026-06-20 12:23:55,626 [INFO] [94/121] 성신여대입구역 (primary=KEY_2)
2026-06-20 12:23:57,153 [INFO] [95/121] 수유역 (primary=KEY_3)
2026-06-20 12:23:58,501 [INFO] [96/121] 숭례문 (primary=KEY_4)
2026-06-20 12:24:00,055 [INFO] [97/121] 시의회 앞 (primary=KEY_1)
2026-06-20 12:24:01,668 [INFO] [98/121] 신논현역·논현역 (primary=KEY_2)
2026-06-20 12:24:03,097 [INFO] [99/121] 신도림역 (primary=KEY_3)
2026-06-20 12:24:04,238 [INFO] [100/121] 신림역 (primary=KEY_4)
2026-06-20 12:24:05,605 [INFO] [101/121] 신정네거리역 (primary=KEY_1)
2026-06-20 12:24:06,941 [INFO] [102/121] 신촌·이대역 (primary=KEY_2)
2026-06-20 12:24:08,285 [INFO] [103/121] 쌍문역 (primary=KEY_3)
2026-06-20 12:24:09,629 [INFO] [104/121] 양재역 (primary=KEY_4)
2026-06-20 12:24:10,982 [INFO] [105/121] 역삼역 (primary=KEY_1)
2026-06-20 12:24:12,524 [INFO] [106/121] 연신내역 (primary=KEY_2)
2026-06-20 12:24:13,692 [INFO] [107/121] 오목교역·목동운동장 (primary=KEY_3)
2026-06-20 12:24:16,204 [INFO] [108/121] 왕십리역 (primary=KEY_4)
2026-06-20 12:24:18,528 [INFO] [109/121] 용산역 (primary=KEY_1)
2026-06-20 12:24:20,694 [INFO] [110/121] 이태원역 (primary=KEY_2)
2026-06-20 12:24:22,518 [INFO] [111/121] 잠실새내역 (primary=KEY_3)
2026-06-20 12:24:24,534 [INFO] [112/121] 잠실역 (primary=KEY_4)
2026-06-20 12:24:27,054 [INFO] [113/121] 장지역 (primary=KEY_1)
2026-06-20 12:24:29,172 [INFO] [114/121] 장한평역 (primary=KEY_2)
2026-06-20 12:24:31,094 [INFO] [115/121] 천호역 (primary=KEY_3)
2026-06-20 12:24:33,192 [INFO] [116/121] 총신대입구(이수)역 (primary=KEY_4)
2026-06-20 12:24:34,547 [INFO] [117/121] 충정로역 (primary=KEY_1)
2026-06-20 12:24:36,469 [INFO] [118/121] 합정역 (primary=KEY_2)
2026-06-20 12:24:37,836 [INFO] [119/121] 혜화역 (primary=KEY_3)
2026-06-20 12:24:39,774 [INFO] [120/121] 홍대입구역(2호선) (primary=KEY_4)
2026-06-20 12:24:41,713 [INFO] [121/121] 회기역 (primary=KEY_1)
2026-06-20 12:24:45,671 [INFO] === 수집 완료 | 성공 121, 실패 0 ===
2026-06-20 12:24:45,671 [INFO] 카테고리별 저장 결과:
2026-06-20 12:24:45,671 [INFO]    accident                  | 신규     9행 | 누적     39행 | 16컬럼
2026-06-20 12:24:45,671 [INFO]    accident_acdnt_cntrl_stts | 신규     9행 | 누적     23행 | 16컬럼
2026-06-20 12:24:45,671 [INFO]    area_meta                 | 신규   121행 | 누적   1089행 | 5컬럼
2026-06-20 12:24:45,671 [INFO]    bike                      | 신규    12행 | 누적    108행 | 12컬럼
2026-06-20 12:24:45,671 [INFO]    bike_sbike_stts           | 신규   543행 | 누적   4887행 | 12컬럼
2026-06-20 12:24:45,671 [INFO]    bus                       | 신규     3행 | 누적     27행 | 11컬럼
2026-06-20 12:24:45,671 [INFO]    bus_bus_stn_stts          | 신규  1745행 | 누적  15705행 | 11컬럼
2026-06-20 12:24:45,671 [INFO]    charger                   | 신규     8행 | 누적    130행 | 15컬럼
2026-06-20 12:24:45,671 [INFO]    charger_charger_stts      | 신규  1590행 | 누적   9673행 | 15컬럼
2026-06-20 12:24:45,671 [INFO]    cmrcl                     | 신규    82행 | 누적    738행 | 20컬럼
2026-06-20 12:24:45,671 [INFO]    events                    | 신규    13행 | 누적    117행 | 14컬럼
2026-06-20 12:24:45,671 [INFO]    events_event_stts         | 신규   156행 | 누적   1412행 | 14컬럼
2026-06-20 12:24:45,671 [INFO]    parking                   | 신규     6행 | 누적     54행 | 21컬럼
2026-06-20 12:24:45,672 [INFO]    parking_prk_stts          | 신규  1836행 | 누적  16524행 | 21컬럼
2026-06-20 12:24:45,672 [INFO]    ppltn                     | 신규   121행 | 누적   1089행 | 26컬럼
2026-06-20 12:24:45,672 [INFO]    road                      | 신규   121행 | 누적   1089행 | 21컬럼
2026-06-20 12:24:45,672 [INFO]    road_road_traffic_stts    | 신규  5256행 | 누적  47304행 | 17컬럼
2026-06-20 12:24:45,672 [INFO]    subway                    | 신규    38행 | 누적    342행 | 13컬럼
2026-06-20 12:24:45,672 [INFO]    subway_sub_stts           | 신규   183행 | 누적   1647행 | 13컬럼
2026-06-20 12:24:45,672 [INFO]    weather                   | 신규   119행 | 누적   1071행 | 30컬럼
2026-06-20 12:24:45,672 [INFO] 키별 사용량:
2026-06-20 12:24:45,672 [INFO]    🟢 KEY_1 (31/1000) 
2026-06-20 12:24:45,672 [INFO]    🟢 KEY_2 (30/1000) 
2026-06-20 12:24:45,672 [INFO]    🟢 KEY_3 (30/1000) 
2026-06-20 12:24:45,672 [INFO]    🟢 KEY_4 (30/1000) 
2026-06-20 14:42:02,989 [INFO] 등록된 키: 4개, 합산 한도 4,000건/일
2026-06-20 14:42:02,990 [INFO] POI 로드: 매뉴얼 v8.5 기준 fallback 121개 (121개 전체)
2026-06-20 14:42:02,990 [INFO] === 수집 시작 2026-06-20T14:42:02.990111+09:00 ===
2026-06-20 14:42:02,990 [INFO] 대상 장소: 121개 | API: citydata (통합)
2026-06-20 14:42:02,990 [INFO] 키 풀: 4/4 활성 | 오늘 사용 0/4000건
2026-06-20 14:42:02,990 [INFO]   [KEY_1] 담당 31장소
2026-06-20 14:42:02,990 [INFO]   [KEY_2] 담당 30장소
2026-06-20 14:42:02,990 [INFO]   [KEY_3] 담당 30장소
2026-06-20 14:42:02,990 [INFO]   [KEY_4] 담당 30장소
2026-06-20 14:42:02,990 [INFO] [1/121] 경복궁 (primary=KEY_1)
2026-06-20 14:42:05,092 [INFO] [2/121] 광화문·덕수궁 (primary=KEY_2)
2026-06-20 14:42:07,433 [INFO] [3/121] 보신각 (primary=KEY_3)
2026-06-20 14:42:09,323 [INFO] [4/121] 서울 암사동 유적 (primary=KEY_4)
2026-06-20 14:42:11,125 [INFO] [5/121] 창덕궁·종묘 (primary=KEY_1)
2026-06-20 14:42:13,388 [INFO] [6/121] 강남 MICE 관광특구 (primary=KEY_2)
2026-06-20 14:42:15,656 [INFO] [7/121] 동대문 관광특구 (primary=KEY_3)
2026-06-20 14:42:17,209 [INFO] [8/121] 명동 관광특구 (primary=KEY_4)
2026-06-20 14:42:19,741 [INFO] [9/121] 이태원 관광특구 (primary=KEY_1)
2026-06-20 14:42:21,821 [INFO] [10/121] 잠실 관광특구 (primary=KEY_2)
2026-06-20 14:42:23,583 [INFO] [11/121] 종로·청계 관광특구 (primary=KEY_3)
2026-06-20 14:42:25,150 [INFO] [12/121] 홍대 관광특구 (primary=KEY_4)
2026-06-20 14:42:27,550 [INFO] [13/121] 강서한강공원 (primary=KEY_1)
2026-06-20 14:42:28,687 [INFO] [14/121] 고척돔 (primary=KEY_2)
2026-06-20 14:42:29,822 [INFO] [15/121] 광나루한강공원 (primary=KEY_3)
2026-06-20 14:42:31,328 [INFO] [16/121] 광화문광장 (primary=KEY_4)
2026-06-20 14:42:33,368 [INFO] [17/121] 국립중앙박물관·용산가족공원 (primary=KEY_1)
2026-06-20 14:42:34,510 [INFO] [18/121] 난지한강공원 (primary=KEY_2)
2026-06-20 14:42:35,647 [INFO] [19/121] 남산공원 (primary=KEY_3)
2026-06-20 14:42:37,207 [INFO] [20/121] 노들섬 (primary=KEY_4)
2026-06-20 14:42:38,357 [INFO] [21/121] 뚝섬한강공원 (primary=KEY_1)
2026-06-20 14:42:39,496 [INFO] [22/121] 망원한강공원 (primary=KEY_2)
2026-06-20 14:42:41,400 [INFO] [23/121] 반포한강공원 (primary=KEY_3)
2026-06-20 14:42:43,201 [INFO] [24/121] 보라매공원 (primary=KEY_4)
2026-06-20 14:42:45,146 [INFO] [25/121] 북서울꿈의숲 (primary=KEY_1)
2026-06-20 14:42:46,291 [INFO] [26/121] 서대문독립공원 (primary=KEY_2)
2026-06-20 14:42:48,003 [INFO] [27/121] 서리풀공원·몽마르뜨공원 (primary=KEY_3)
2026-06-20 14:42:50,204 [INFO] [28/121] 서울대공원 (primary=KEY_4)
2026-06-20 14:42:52,270 [INFO] [29/121] 서울숲공원 (primary=KEY_1)
2026-06-20 14:42:54,364 [INFO] [30/121] 송현녹지광장 (primary=KEY_2)
2026-06-20 14:42:56,858 [INFO] [31/121] 아차산 (primary=KEY_3)
2026-06-20 14:42:58,650 [INFO] [32/121] 안양천 (primary=KEY_4)
2026-06-20 14:42:59,795 [INFO] [33/121] 양화한강공원 (primary=KEY_1)
2026-06-20 14:43:00,928 [INFO] [34/121] 어린이대공원 (primary=KEY_2)
2026-06-20 14:43:02,118 [INFO] [35/121] 여의도한강공원 (primary=KEY_3)
2026-06-20 14:43:03,447 [INFO] [36/121] 여의서로 (primary=KEY_4)
2026-06-20 14:43:04,584 [INFO] [37/121] 올림픽공원 (primary=KEY_1)
2026-06-20 14:43:05,948 [INFO] [38/121] 월드컵공원 (primary=KEY_2)
2026-06-20 14:43:07,504 [INFO] [39/121] 응봉산 (primary=KEY_3)
2026-06-20 14:43:09,697 [INFO] [40/121] 이촌한강공원 (primary=KEY_4)
2026-06-20 14:43:10,831 [INFO] [41/121] 잠실종합운동장 (primary=KEY_1)
2026-06-20 14:43:12,666 [INFO] [42/121] 잠실한강공원 (primary=KEY_2)
2026-06-20 14:43:13,808 [INFO] [43/121] 잠원한강공원 (primary=KEY_3)
2026-06-20 14:43:14,944 [INFO] [44/121] 청계산 (primary=KEY_4)
2026-06-20 14:43:16,070 [INFO] [45/121] 홍제폭포 (primary=KEY_1)
2026-06-20 14:43:17,206 [INFO] [46/121] 가락시장 (primary=KEY_2)
2026-06-20 14:43:18,571 [INFO] [47/121] 가로수길 (primary=KEY_3)
2026-06-20 14:43:19,927 [INFO] [48/121] 광장(전통)시장 (primary=KEY_4)
2026-06-20 14:43:21,075 [INFO] [49/121] 김포공항 (primary=KEY_1)
2026-06-20 14:43:22,440 [INFO] [50/121] 남대문시장 (primary=KEY_2)
2026-06-20 14:43:24,439 [INFO] [51/121] 노량진 (primary=KEY_3)
2026-06-20 14:43:25,813 [INFO] [52/121] 덕수궁길·정동길 (primary=KEY_4)
2026-06-20 14:43:27,747 [INFO] [53/121] 북창동 먹자골목 (primary=KEY_1)
2026-06-20 14:43:28,884 [INFO] [54/121] 북촌한옥마을 (primary=KEY_2)
2026-06-20 14:43:30,233 [INFO] [55/121] 서촌 (primary=KEY_3)
2026-06-20 14:43:31,565 [INFO] [56/121] 성수카페거리 (primary=KEY_4)
2026-06-20 14:43:32,917 [INFO] [57/121] 송리단길·호수단길 (primary=KEY_1)
2026-06-20 14:43:34,256 [INFO] [58/121] 신촌 스타광장 (primary=KEY_2)
2026-06-20 14:43:35,419 [INFO] [59/121] 압구정로데오거리 (primary=KEY_3)
2026-06-20 14:43:36,774 [INFO] [60/121] 여의도 (primary=KEY_4)
2026-06-20 14:43:38,819 [INFO] [61/121] 연남동 (primary=KEY_1)
2026-06-20 14:43:40,154 [INFO] [62/121] 영등포 타임스퀘어 (primary=KEY_2)
2026-06-20 14:43:41,507 [INFO] [63/121] 용리단길 (primary=KEY_3)
2026-06-20 14:43:42,688 [INFO] [64/121] 이태원 앤틱가구거리 (primary=KEY_4)
2026-06-20 14:43:43,862 [INFO] [65/121] 익선동 (primary=KEY_1)
2026-06-20 14:43:45,232 [INFO] [66/121] 인사동 (primary=KEY_2)
2026-06-20 14:43:46,616 [INFO] [67/121] 잠실롯데타워·석촌호수 (primary=KEY_3)
2026-06-20 14:43:47,984 [INFO] [68/121] 창동 신경제 중심지 (primary=KEY_4)
2026-06-20 14:43:49,531 [INFO] [69/121] 청담동 명품거리 (primary=KEY_1)
2026-06-20 14:43:50,871 [INFO] [70/121] 청량리 제기동 일대 전통시장 (primary=KEY_2)
2026-06-20 14:43:52,819 [INFO] [71/121] 해방촌·경리단길 (primary=KEY_3)
2026-06-20 14:43:55,101 [INFO] [72/121] DDP(동대문디자인플라자) (primary=KEY_4)
2026-06-20 14:43:56,501 [INFO] [73/121] DMC(디지털미디어시티) (primary=KEY_1)
2026-06-20 14:43:58,065 [INFO] [74/121] 가산디지털단지역 (primary=KEY_2)
2026-06-20 14:43:59,621 [INFO] [75/121] 강남역 (primary=KEY_3)
2026-06-20 14:44:01,191 [INFO] [76/121] 건대입구역 (primary=KEY_4)
2026-06-20 14:44:02,561 [INFO] [77/121] 고덕역 (primary=KEY_1)
2026-06-20 14:44:03,902 [INFO] [78/121] 고속터미널역 (primary=KEY_2)
2026-06-20 14:44:05,101 [INFO] [79/121] 교대역 (primary=KEY_3)
2026-06-20 14:44:06,263 [INFO] [80/121] 구로디지털단지역 (primary=KEY_4)
2026-06-20 14:44:07,592 [INFO] [81/121] 구로역 (primary=KEY_1)
2026-06-20 14:44:08,734 [INFO] [82/121] 군자역 (primary=KEY_2)
2026-06-20 14:44:10,107 [INFO] [83/121] 대림역 (primary=KEY_3)
2026-06-20 14:44:11,469 [INFO] [84/121] 동대문역 (primary=KEY_4)
2026-06-20 14:44:12,868 [INFO] [85/121] 뚝섬역 (primary=KEY_1)
2026-06-20 14:44:14,223 [INFO] [86/121] 미아사거리역 (primary=KEY_2)
2026-06-20 14:44:15,576 [INFO] [87/121] 발산역 (primary=KEY_3)
2026-06-20 14:44:17,125 [INFO] [88/121] 사당역 (primary=KEY_4)
2026-06-20 14:44:18,493 [INFO] [89/121] 삼각지역 (primary=KEY_1)
2026-06-20 14:44:19,642 [INFO] [90/121] 서울대입구역 (primary=KEY_2)
2026-06-20 14:44:20,972 [INFO] [91/121] 서울식물원·마곡나루역 (primary=KEY_3)
2026-06-20 14:44:22,330 [INFO] [92/121] 서울역 (primary=KEY_4)
2026-06-20 14:44:23,800 [INFO] [93/121] 선릉역 (primary=KEY_1)
2026-06-20 14:44:25,383 [INFO] [94/121] 성신여대입구역 (primary=KEY_2)
2026-06-20 14:44:26,583 [INFO] [95/121] 수유역 (primary=KEY_3)
2026-06-20 14:44:27,944 [INFO] [96/121] 숭례문 (primary=KEY_4)
2026-06-20 14:44:29,310 [INFO] [97/121] 시의회 앞 (primary=KEY_1)
2026-06-20 14:44:30,665 [INFO] [98/121] 신논현역·논현역 (primary=KEY_2)
2026-06-20 14:44:32,621 [INFO] [99/121] 신도림역 (primary=KEY_3)
2026-06-20 14:44:33,778 [INFO] [100/121] 신림역 (primary=KEY_4)
2026-06-20 14:44:34,949 [INFO] [101/121] 신정네거리역 (primary=KEY_1)
2026-06-20 14:44:36,121 [INFO] [102/121] 신촌·이대역 (primary=KEY_2)
2026-06-20 14:44:37,478 [INFO] [103/121] 쌍문역 (primary=KEY_3)
2026-06-20 14:44:38,830 [INFO] [104/121] 양재역 (primary=KEY_4)
2026-06-20 14:44:40,178 [INFO] [105/121] 역삼역 (primary=KEY_1)
2026-06-20 14:44:41,523 [INFO] [106/121] 연신내역 (primary=KEY_2)
2026-06-20 14:44:42,688 [INFO] [107/121] 오목교역·목동운동장 (primary=KEY_3)
2026-06-20 14:44:44,235 [INFO] [108/121] 왕십리역 (primary=KEY_4)
2026-06-20 14:44:45,607 [INFO] [109/121] 용산역 (primary=KEY_1)
2026-06-20 14:44:46,961 [INFO] [110/121] 이태원역 (primary=KEY_2)
2026-06-20 14:44:48,123 [INFO] [111/121] 잠실새내역 (primary=KEY_3)
2026-06-20 14:44:49,459 [INFO] [112/121] 잠실역 (primary=KEY_4)
2026-06-20 14:44:50,804 [INFO] [113/121] 장지역 (primary=KEY_1)
2026-06-20 14:44:53,101 [INFO] [114/121] 장한평역 (primary=KEY_2)
2026-06-20 14:44:54,470 [INFO] [115/121] 천호역 (primary=KEY_3)
2026-06-20 14:44:56,130 [INFO] [116/121] 총신대입구(이수)역 (primary=KEY_4)
2026-06-20 14:44:57,487 [INFO] [117/121] 충정로역 (primary=KEY_1)
2026-06-20 14:44:58,851 [INFO] [118/121] 합정역 (primary=KEY_2)
2026-06-20 14:45:00,374 [INFO] [119/121] 혜화역 (primary=KEY_3)
2026-06-20 14:45:01,708 [INFO] [120/121] 홍대입구역(2호선) (primary=KEY_4)
2026-06-20 14:45:03,628 [INFO] [121/121] 회기역 (primary=KEY_1)
2026-06-20 14:45:06,802 [INFO] === 수집 완료 | 성공 121, 실패 0 ===
2026-06-20 14:45:06,802 [INFO] 카테고리별 저장 결과:
2026-06-20 14:45:06,802 [INFO]    accident                  | 신규     7행 | 누적     46행 | 16컬럼
2026-06-20 14:45:06,803 [INFO]    accident_acdnt_cntrl_stts | 신규    19행 | 누적     41행 | 16컬럼
2026-06-20 14:45:06,803 [INFO]    area_meta                 | 신규   121행 | 누적   1210행 | 5컬럼
2026-06-20 14:45:06,803 [INFO]    bike                      | 신규    12행 | 누적    120행 | 12컬럼
2026-06-20 14:45:06,803 [INFO]    bike_sbike_stts           | 신규   543행 | 누적   5430행 | 12컬럼
2026-06-20 14:45:06,803 [INFO]    bus                       | 신규     3행 | 누적     30행 | 11컬럼
2026-06-20 14:45:06,803 [INFO]    bus_bus_stn_stts          | 신규  1745행 | 누적  17450행 | 11컬럼
2026-06-20 14:45:06,803 [INFO]    charger                   | 신규    22행 | 누적    152행 | 15컬럼
2026-06-20 14:45:06,803 [INFO]    charger_charger_stts      | 신규   455행 | 누적  10125행 | 15컬럼
2026-06-20 14:45:06,803 [INFO]    cmrcl                     | 신규    82행 | 누적    820행 | 20컬럼
2026-06-20 14:45:06,803 [INFO]    events                    | 신규    13행 | 누적    130행 | 14컬럼
2026-06-20 14:45:06,803 [INFO]    events_event_stts         | 신규   156행 | 누적   1568행 | 14컬럼
2026-06-20 14:45:06,803 [INFO]    parking                   | 신규     6행 | 누적     60행 | 21컬럼
2026-06-20 14:45:06,803 [INFO]    parking_prk_stts          | 신규  1836행 | 누적  18360행 | 21컬럼
2026-06-20 14:45:06,803 [INFO]    ppltn                     | 신규   121행 | 누적   1210행 | 26컬럼
2026-06-20 14:45:06,803 [INFO]    road                      | 신규   121행 | 누적   1210행 | 21컬럼
2026-06-20 14:45:06,803 [INFO]    road_road_traffic_stts    | 신규  5257행 | 누적  52561행 | 17컬럼
2026-06-20 14:45:06,803 [INFO]    subway                    | 신규    38행 | 누적    380행 | 13컬럼
2026-06-20 14:45:06,803 [INFO]    subway_sub_stts           | 신규   183행 | 누적   1830행 | 13컬럼
2026-06-20 14:45:06,803 [INFO]    weather                   | 신규   119행 | 누적   1190행 | 30컬럼
2026-06-20 14:45:06,803 [INFO] 키별 사용량:
2026-06-20 14:45:06,803 [INFO]    🟢 KEY_1 (31/1000) 
2026-06-20 14:45:06,803 [INFO]    🟢 KEY_2 (30/1000) 
2026-06-20 14:45:06,803 [INFO]    🟢 KEY_3 (30/1000) 
2026-06-20 14:45:06,803 [INFO]    🟢 KEY_4 (30/1000) 
