2026-06-10 00:16:33,240 [INFO] 등록된 키: 4개, 합산 한도 4,000건/일
2026-06-10 00:16:33,241 [INFO] POI 로드: 매뉴얼 v8.5 기준 fallback 121개 (121개 전체)
2026-06-10 00:16:33,241 [INFO] === 수집 시작 2026-06-10T00:16:33.241304+09:00 ===
2026-06-10 00:16:33,241 [INFO] 대상 장소: 121개 | API: citydata (통합)
2026-06-10 00:16:33,241 [INFO] 키 풀: 4/4 활성 | 오늘 사용 0/4000건
2026-06-10 00:16:33,241 [INFO]   [KEY_1] 담당 31장소
2026-06-10 00:16:33,241 [INFO]   [KEY_2] 담당 30장소
2026-06-10 00:16:33,241 [INFO]   [KEY_3] 담당 30장소
2026-06-10 00:16:33,241 [INFO]   [KEY_4] 담당 30장소
2026-06-10 00:16:33,241 [INFO] [1/121] 경복궁 (primary=KEY_1)
2026-06-10 00:16:35,368 [INFO] [2/121] 광화문·덕수궁 (primary=KEY_2)
2026-06-10 00:16:37,496 [INFO] [3/121] 보신각 (primary=KEY_3)
2026-06-10 00:16:39,435 [INFO] [4/121] 서울 암사동 유적 (primary=KEY_4)
2026-06-10 00:16:41,688 [INFO] [5/121] 창덕궁·종묘 (primary=KEY_1)
2026-06-10 00:16:43,014 [INFO] [6/121] 강남 MICE 관광특구 (primary=KEY_2)
2026-06-10 00:16:44,187 [INFO] [7/121] 동대문 관광특구 (primary=KEY_3)
2026-06-10 00:16:45,759 [INFO] [8/121] 명동 관광특구 (primary=KEY_4)
2026-06-10 00:16:48,277 [INFO] [9/121] 이태원 관광특구 (primary=KEY_1)
2026-06-10 00:16:50,392 [INFO] [10/121] 잠실 관광특구 (primary=KEY_2)
2026-06-10 00:16:51,954 [INFO] [11/121] 종로·청계 관광특구 (primary=KEY_3)
2026-06-10 00:16:54,271 [INFO] [12/121] 홍대 관광특구 (primary=KEY_4)
2026-06-10 00:16:56,471 [INFO] [13/121] 강서한강공원 (primary=KEY_1)
2026-06-10 00:16:58,567 [INFO] [14/121] 고척돔 (primary=KEY_2)
2026-06-10 00:16:59,710 [INFO] [15/121] 광나루한강공원 (primary=KEY_3)
2026-06-10 00:17:01,034 [INFO] [16/121] 광화문광장 (primary=KEY_4)
2026-06-10 00:17:02,399 [INFO] [17/121] 국립중앙박물관·용산가족공원 (primary=KEY_1)
2026-06-10 00:17:04,317 [INFO] [18/121] 난지한강공원 (primary=KEY_2)
2026-06-10 00:17:06,128 [INFO] [19/121] 남산공원 (primary=KEY_3)
2026-06-10 00:17:08,330 [INFO] [20/121] 노들섬 (primary=KEY_4)
2026-06-10 00:17:09,475 [INFO] [21/121] 뚝섬한강공원 (primary=KEY_1)
2026-06-10 00:17:11,293 [INFO] [22/121] 망원한강공원 (primary=KEY_2)
2026-06-10 00:17:12,650 [INFO] [23/121] 반포한강공원 (primary=KEY_3)
2026-06-10 00:17:13,791 [INFO] [24/121] 보라매공원 (primary=KEY_4)
2026-06-10 00:17:15,704 [INFO] [25/121] 북서울꿈의숲 (primary=KEY_1)
2026-06-10 00:17:16,854 [INFO] [26/121] 서대문독립공원 (primary=KEY_2)
2026-06-10 00:17:18,684 [INFO] [27/121] 서리풀공원·몽마르뜨공원 (primary=KEY_3)
2026-06-10 00:17:19,896 [INFO] [28/121] 서울대공원 (primary=KEY_4)
2026-06-10 00:17:21,033 [INFO] [29/121] 서울숲공원 (primary=KEY_1)
2026-06-10 00:17:22,413 [INFO] [30/121] 송현녹지광장 (primary=KEY_2)
2026-06-10 00:17:24,730 [INFO] [31/121] 아차산 (primary=KEY_3)
2026-06-10 00:17:27,026 [INFO] [32/121] 안양천 (primary=KEY_4)
2026-06-10 00:17:29,133 [INFO] [33/121] 양화한강공원 (primary=KEY_1)
2026-06-10 00:17:30,970 [INFO] [34/121] 어린이대공원 (primary=KEY_2)
2026-06-10 00:17:32,147 [INFO] [35/121] 여의도한강공원 (primary=KEY_3)
2026-06-10 00:17:33,462 [INFO] [36/121] 여의서로 (primary=KEY_4)
2026-06-10 00:17:34,619 [INFO] [37/121] 올림픽공원 (primary=KEY_1)
2026-06-10 00:17:35,944 [INFO] [38/121] 월드컵공원 (primary=KEY_2)
2026-06-10 00:17:38,477 [INFO] [39/121] 응봉산 (primary=KEY_3)
2026-06-10 00:17:39,819 [INFO] [40/121] 이촌한강공원 (primary=KEY_4)
2026-06-10 00:17:40,958 [INFO] [41/121] 잠실종합운동장 (primary=KEY_1)
2026-06-10 00:17:42,115 [INFO] [42/121] 잠실한강공원 (primary=KEY_2)
2026-06-10 00:17:43,472 [INFO] [43/121] 잠원한강공원 (primary=KEY_3)
2026-06-10 00:17:44,615 [INFO] [44/121] 청계산 (primary=KEY_4)
2026-06-10 00:17:45,775 [INFO] [45/121] 홍제폭포 (primary=KEY_1)
2026-06-10 00:17:46,913 [INFO] [46/121] 가락시장 (primary=KEY_2)
2026-06-10 00:17:48,258 [INFO] [47/121] 가로수길 (primary=KEY_3)
2026-06-10 00:17:49,661 [INFO] [48/121] 광장(전통)시장 (primary=KEY_4)
2026-06-10 00:17:50,826 [INFO] [49/121] 김포공항 (primary=KEY_1)
2026-06-10 00:17:52,171 [INFO] [50/121] 남대문시장 (primary=KEY_2)
2026-06-10 00:17:53,324 [INFO] [51/121] 노량진 (primary=KEY_3)
2026-06-10 00:17:54,499 [INFO] [52/121] 덕수궁길·정동길 (primary=KEY_4)
2026-06-10 00:17:55,860 [INFO] [53/121] 북창동 먹자골목 (primary=KEY_1)
2026-06-10 00:17:56,989 [INFO] [54/121] 북촌한옥마을 (primary=KEY_2)
2026-06-10 00:17:58,301 [INFO] [55/121] 서촌 (primary=KEY_3)
2026-06-10 00:17:59,613 [INFO] [56/121] 성수카페거리 (primary=KEY_4)
2026-06-10 00:18:01,742 [INFO] [57/121] 송리단길·호수단길 (primary=KEY_1)
2026-06-10 00:18:03,779 [INFO] [58/121] 신촌 스타광장 (primary=KEY_2)
2026-06-10 00:18:04,914 [INFO] [59/121] 압구정로데오거리 (primary=KEY_3)
2026-06-10 00:18:06,255 [INFO] [60/121] 여의도 (primary=KEY_4)
2026-06-10 00:18:08,262 [INFO] [61/121] 연남동 (primary=KEY_1)
2026-06-10 00:18:09,613 [INFO] [62/121] 영등포 타임스퀘어 (primary=KEY_2)
2026-06-10 00:18:10,954 [INFO] [63/121] 용리단길 (primary=KEY_3)
2026-06-10 00:18:12,777 [INFO] [64/121] 이태원 앤틱가구거리 (primary=KEY_4)
2026-06-10 00:18:13,923 [INFO] [65/121] 익선동 (primary=KEY_1)
2026-06-10 00:18:15,318 [INFO] [66/121] 인사동 (primary=KEY_2)
2026-06-10 00:18:16,675 [INFO] [67/121] 잠실롯데타워·석촌호수 (primary=KEY_3)
2026-06-10 00:18:18,040 [INFO] [68/121] 창동 신경제 중심지 (primary=KEY_4)
2026-06-10 00:18:19,596 [INFO] [69/121] 청담동 명품거리 (primary=KEY_1)
2026-06-10 00:18:20,943 [INFO] [70/121] 청량리 제기동 일대 전통시장 (primary=KEY_2)
2026-06-10 00:18:22,312 [INFO] [71/121] 해방촌·경리단길 (primary=KEY_3)
2026-06-10 00:18:23,467 [INFO] [72/121] DDP(동대문디자인플라자) (primary=KEY_4)
2026-06-10 00:18:24,841 [INFO] [73/121] DMC(디지털미디어시티) (primary=KEY_1)
2026-06-10 00:18:26,438 [INFO] [74/121] 가산디지털단지역 (primary=KEY_2)
2026-06-10 00:18:28,014 [INFO] [75/121] 강남역 (primary=KEY_3)
2026-06-10 00:18:29,587 [INFO] [76/121] 건대입구역 (primary=KEY_4)
2026-06-10 00:18:30,901 [INFO] [77/121] 고덕역 (primary=KEY_1)
2026-06-10 00:18:32,245 [INFO] [78/121] 고속터미널역 (primary=KEY_2)
2026-06-10 00:18:33,420 [INFO] [79/121] 교대역 (primary=KEY_3)
2026-06-10 00:18:34,582 [INFO] [80/121] 구로디지털단지역 (primary=KEY_4)
2026-06-10 00:18:35,972 [INFO] [81/121] 구로역 (primary=KEY_1)
2026-06-10 00:18:37,866 [INFO] [82/121] 군자역 (primary=KEY_2)
2026-06-10 00:18:39,222 [INFO] [83/121] 대림역 (primary=KEY_3)
2026-06-10 00:18:40,551 [INFO] [84/121] 동대문역 (primary=KEY_4)
2026-06-10 00:18:41,914 [INFO] [85/121] 뚝섬역 (primary=KEY_1)
2026-06-10 00:18:43,289 [INFO] [86/121] 미아사거리역 (primary=KEY_2)
2026-06-10 00:18:44,650 [INFO] [87/121] 발산역 (primary=KEY_3)
2026-06-10 00:18:46,199 [INFO] [88/121] 사당역 (primary=KEY_4)
2026-06-10 00:18:47,536 [INFO] [89/121] 삼각지역 (primary=KEY_1)
2026-06-10 00:18:48,689 [INFO] [90/121] 서울대입구역 (primary=KEY_2)
2026-06-10 00:18:49,820 [INFO] [91/121] 서울식물원·마곡나루역 (primary=KEY_3)
2026-06-10 00:18:51,162 [INFO] [92/121] 서울역 (primary=KEY_4)
2026-06-10 00:18:52,589 [INFO] [93/121] 선릉역 (primary=KEY_1)
2026-06-10 00:18:54,173 [INFO] [94/121] 성신여대입구역 (primary=KEY_2)
2026-06-10 00:18:55,333 [INFO] [95/121] 수유역 (primary=KEY_3)
2026-06-10 00:18:56,676 [INFO] [96/121] 숭례문 (primary=KEY_4)
2026-06-10 00:18:58,047 [INFO] [97/121] 시의회 앞 (primary=KEY_1)
2026-06-10 00:18:59,411 [INFO] [98/121] 신논현역·논현역 (primary=KEY_2)
2026-06-10 00:19:00,803 [INFO] [99/121] 신도림역 (primary=KEY_3)
2026-06-10 00:19:01,951 [INFO] [100/121] 신림역 (primary=KEY_4)
2026-06-10 00:19:03,126 [INFO] [101/121] 신정네거리역 (primary=KEY_1)
2026-06-10 00:19:04,289 [INFO] [102/121] 신촌·이대역 (primary=KEY_2)
2026-06-10 00:19:05,645 [INFO] [103/121] 쌍문역 (primary=KEY_3)
2026-06-10 00:19:06,814 [INFO] [104/121] 양재역 (primary=KEY_4)
2026-06-10 00:19:08,144 [INFO] [105/121] 역삼역 (primary=KEY_1)
2026-06-10 00:19:09,503 [INFO] [106/121] 연신내역 (primary=KEY_2)
2026-06-10 00:19:10,681 [INFO] [107/121] 오목교역·목동운동장 (primary=KEY_3)
2026-06-10 00:19:12,239 [INFO] [108/121] 왕십리역 (primary=KEY_4)
2026-06-10 00:19:13,620 [INFO] [109/121] 용산역 (primary=KEY_1)
2026-06-10 00:19:14,953 [INFO] [110/121] 이태원역 (primary=KEY_2)
2026-06-10 00:19:16,107 [INFO] [111/121] 잠실새내역 (primary=KEY_3)
2026-06-10 00:19:17,458 [INFO] [112/121] 잠실역 (primary=KEY_4)
2026-06-10 00:19:18,831 [INFO] [113/121] 장지역 (primary=KEY_1)
2026-06-10 00:19:20,196 [INFO] [114/121] 장한평역 (primary=KEY_2)
2026-06-10 00:19:21,542 [INFO] [115/121] 천호역 (primary=KEY_3)
2026-06-10 00:19:22,886 [INFO] [116/121] 총신대입구(이수)역 (primary=KEY_4)
2026-06-10 00:19:24,315 [INFO] [117/121] 충정로역 (primary=KEY_1)
2026-06-10 00:19:25,491 [INFO] [118/121] 합정역 (primary=KEY_2)
2026-06-10 00:19:26,922 [INFO] [119/121] 혜화역 (primary=KEY_3)
2026-06-10 00:19:28,276 [INFO] [120/121] 홍대입구역(2호선) (primary=KEY_4)
2026-06-10 00:19:29,458 [INFO] [121/121] 회기역 (primary=KEY_1)
2026-06-10 00:19:31,134 [INFO] === 수집 완료 | 성공 121, 실패 0 ===
2026-06-10 00:19:31,134 [INFO] 카테고리별 저장 결과:
2026-06-10 00:19:31,134 [INFO]    accident                  | 신규     2행 | 누적      2행 | 16컬럼
2026-06-10 00:19:31,134 [INFO]    accident_acdnt_cntrl_stts | 신규     2행 | 누적      2행 | 16컬럼
2026-06-10 00:19:31,134 [INFO]    area_meta                 | 신규   121행 | 누적    121행 | 5컬럼
2026-06-10 00:19:31,134 [INFO]    bike                      | 신규    11행 | 누적     11행 | 12컬럼
2026-06-10 00:19:31,134 [INFO]    bike_sbike_stts           | 신규   544행 | 누적    544행 | 12컬럼
2026-06-10 00:19:31,134 [INFO]    bus                       | 신규     3행 | 누적      3행 | 11컬럼
2026-06-10 00:19:31,134 [INFO]    bus_bus_stn_stts          | 신규  1745행 | 누적   1745행 | 11컬럼
2026-06-10 00:19:31,134 [INFO]    charger                   | 신규    25행 | 누적     25행 | 15컬럼
2026-06-10 00:19:31,134 [INFO]    charger_charger_stts      | 신규   324행 | 누적    324행 | 15컬럼
2026-06-10 00:19:31,134 [INFO]    cmrcl                     | 신규    82행 | 누적     82행 | 20컬럼
2026-06-10 00:19:31,134 [INFO]    events                    | 신규    16행 | 누적     16행 | 14컬럼
2026-06-10 00:19:31,134 [INFO]    events_event_stts         | 신규   162행 | 누적    162행 | 14컬럼
2026-06-10 00:19:31,134 [INFO]    parking                   | 신규     6행 | 누적      6행 | 21컬럼
2026-06-10 00:19:31,134 [INFO]    parking_prk_stts          | 신규  1831행 | 누적   1831행 | 21컬럼
2026-06-10 00:19:31,134 [INFO]    ppltn                     | 신규   121행 | 누적    121행 | 26컬럼
2026-06-10 00:19:31,134 [INFO]    road                      | 신규   121행 | 누적    121행 | 21컬럼
2026-06-10 00:19:31,134 [INFO]    road_road_traffic_stts    | 신규  5254행 | 누적   5254행 | 17컬럼
2026-06-10 00:19:31,135 [INFO]    subway                    | 신규    38행 | 누적     38행 | 12컬럼
2026-06-10 00:19:31,135 [INFO]    subway_sub_stts           | 신규   183행 | 누적    183행 | 13컬럼
2026-06-10 00:19:31,135 [INFO]    weather                   | 신규   119행 | 누적    119행 | 29컬럼
2026-06-10 00:19:31,135 [INFO] 키별 사용량:
2026-06-10 00:19:31,135 [INFO]    🟢 KEY_1 (31/1000) 
2026-06-10 00:19:31,135 [INFO]    🟢 KEY_2 (30/1000) 
2026-06-10 00:19:31,135 [INFO]    🟢 KEY_3 (30/1000) 
2026-06-10 00:19:31,135 [INFO]    🟢 KEY_4 (30/1000) 
2026-06-10 02:06:23,236 [INFO] 등록된 키: 4개, 합산 한도 4,000건/일
2026-06-10 02:06:23,236 [INFO] POI 로드: 매뉴얼 v8.5 기준 fallback 121개 (121개 전체)
2026-06-10 02:06:23,236 [INFO] === 수집 시작 2026-06-10T02:06:23.236858+09:00 ===
2026-06-10 02:06:23,236 [INFO] 대상 장소: 121개 | API: citydata (통합)
2026-06-10 02:06:23,237 [INFO] 키 풀: 4/4 활성 | 오늘 사용 0/4000건
2026-06-10 02:06:23,237 [INFO]   [KEY_1] 담당 31장소
2026-06-10 02:06:23,237 [INFO]   [KEY_2] 담당 30장소
2026-06-10 02:06:23,237 [INFO]   [KEY_3] 담당 30장소
2026-06-10 02:06:23,237 [INFO]   [KEY_4] 담당 30장소
2026-06-10 02:06:23,237 [INFO] [1/121] 경복궁 (primary=KEY_1)
2026-06-10 02:06:25,350 [INFO] [2/121] 광화문·덕수궁 (primary=KEY_2)
2026-06-10 02:06:27,096 [INFO] [3/121] 보신각 (primary=KEY_3)
2026-06-10 02:06:29,106 [INFO] [4/121] 서울 암사동 유적 (primary=KEY_4)
2026-06-10 02:06:31,031 [INFO] [5/121] 창덕궁·종묘 (primary=KEY_1)
2026-06-10 02:06:33,136 [INFO] [6/121] 강남 MICE 관광특구 (primary=KEY_2)
2026-06-10 02:06:35,050 [INFO] [7/121] 동대문 관광특구 (primary=KEY_3)
2026-06-10 02:06:37,200 [INFO] [8/121] 명동 관광특구 (primary=KEY_4)
2026-06-10 02:06:39,589 [INFO] [9/121] 이태원 관광특구 (primary=KEY_1)
2026-06-10 02:06:41,532 [INFO] [10/121] 잠실 관광특구 (primary=KEY_2)
2026-06-10 02:06:43,883 [INFO] [11/121] 종로·청계 관광특구 (primary=KEY_3)
2026-06-10 02:06:46,024 [INFO] [12/121] 홍대 관광특구 (primary=KEY_4)
2026-06-10 02:06:47,592 [INFO] [13/121] 강서한강공원 (primary=KEY_1)
2026-06-10 02:06:48,736 [INFO] [14/121] 고척돔 (primary=KEY_2)
2026-06-10 02:06:50,845 [INFO] [15/121] 광나루한강공원 (primary=KEY_3)
2026-06-10 02:06:52,175 [INFO] [16/121] 광화문광장 (primary=KEY_4)
2026-06-10 02:06:53,530 [INFO] [17/121] 국립중앙박물관·용산가족공원 (primary=KEY_1)
2026-06-10 02:06:55,242 [INFO] [18/121] 난지한강공원 (primary=KEY_2)
2026-06-10 02:06:56,958 [INFO] [19/121] 남산공원 (primary=KEY_3)
2026-06-10 02:06:59,295 [INFO] [20/121] 노들섬 (primary=KEY_4)
2026-06-10 02:07:01,012 [INFO] [21/121] 뚝섬한강공원 (primary=KEY_1)
2026-06-10 02:07:02,157 [INFO] [22/121] 망원한강공원 (primary=KEY_2)
2026-06-10 02:07:04,638 [INFO] [23/121] 반포한강공원 (primary=KEY_3)
2026-06-10 02:07:06,517 [INFO] [24/121] 보라매공원 (primary=KEY_4)
2026-06-10 02:07:07,736 [INFO] [25/121] 북서울꿈의숲 (primary=KEY_1)
2026-06-10 02:07:08,881 [INFO] [26/121] 서대문독립공원 (primary=KEY_2)
2026-06-10 02:07:10,041 [INFO] [27/121] 서리풀공원·몽마르뜨공원 (primary=KEY_3)
2026-06-10 02:07:12,341 [INFO] [28/121] 서울대공원 (primary=KEY_4)
2026-06-10 02:07:14,233 [INFO] [29/121] 서울숲공원 (primary=KEY_1)
2026-06-10 02:07:15,576 [INFO] [30/121] 송현녹지광장 (primary=KEY_2)
2026-06-10 02:07:16,913 [INFO] [31/121] 아차산 (primary=KEY_3)
2026-06-10 02:07:18,624 [INFO] [32/121] 안양천 (primary=KEY_4)
2026-06-10 02:07:20,338 [INFO] [33/121] 양화한강공원 (primary=KEY_1)
2026-06-10 02:07:22,074 [INFO] [34/121] 어린이대공원 (primary=KEY_2)
2026-06-10 02:07:23,252 [INFO] [35/121] 여의도한강공원 (primary=KEY_3)
2026-06-10 02:07:25,154 [INFO] [36/121] 여의서로 (primary=KEY_4)
2026-06-10 02:07:26,481 [INFO] [37/121] 올림픽공원 (primary=KEY_1)
2026-06-10 02:07:27,854 [INFO] [38/121] 월드컵공원 (primary=KEY_2)
2026-06-10 02:07:29,452 [INFO] [39/121] 응봉산 (primary=KEY_3)
2026-06-10 02:07:30,791 [INFO] [40/121] 이촌한강공원 (primary=KEY_4)
2026-06-10 02:07:31,941 [INFO] [41/121] 잠실종합운동장 (primary=KEY_1)
2026-06-10 02:07:33,090 [INFO] [42/121] 잠실한강공원 (primary=KEY_2)
2026-06-10 02:07:34,248 [INFO] [43/121] 잠원한강공원 (primary=KEY_3)
2026-06-10 02:07:35,399 [INFO] [44/121] 청계산 (primary=KEY_4)
2026-06-10 02:07:36,537 [INFO] [45/121] 홍제폭포 (primary=KEY_1)
2026-06-10 02:07:37,685 [INFO] [46/121] 가락시장 (primary=KEY_2)
2026-06-10 02:07:39,047 [INFO] [47/121] 가로수길 (primary=KEY_3)
2026-06-10 02:07:40,427 [INFO] [48/121] 광장(전통)시장 (primary=KEY_4)
2026-06-10 02:07:41,589 [INFO] [49/121] 김포공항 (primary=KEY_1)
2026-06-10 02:07:42,962 [INFO] [50/121] 남대문시장 (primary=KEY_2)
2026-06-10 02:07:44,124 [INFO] [51/121] 노량진 (primary=KEY_3)
2026-06-10 02:07:45,470 [INFO] [52/121] 덕수궁길·정동길 (primary=KEY_4)
2026-06-10 02:07:47,412 [INFO] [53/121] 북창동 먹자골목 (primary=KEY_1)
2026-06-10 02:07:48,563 [INFO] [54/121] 북촌한옥마을 (primary=KEY_2)
2026-06-10 02:07:49,970 [INFO] [55/121] 서촌 (primary=KEY_3)
2026-06-10 02:07:51,308 [INFO] [56/121] 성수카페거리 (primary=KEY_4)
2026-06-10 02:07:52,680 [INFO] [57/121] 송리단길·호수단길 (primary=KEY_1)
2026-06-10 02:07:54,057 [INFO] [58/121] 신촌 스타광장 (primary=KEY_2)
2026-06-10 02:07:55,228 [INFO] [59/121] 압구정로데오거리 (primary=KEY_3)
2026-06-10 02:07:56,602 [INFO] [60/121] 여의도 (primary=KEY_4)
2026-06-10 02:07:58,626 [INFO] [61/121] 연남동 (primary=KEY_1)
2026-06-10 02:07:59,965 [INFO] [62/121] 영등포 타임스퀘어 (primary=KEY_2)
2026-06-10 02:08:01,308 [INFO] [63/121] 용리단길 (primary=KEY_3)
2026-06-10 02:08:03,260 [INFO] [64/121] 이태원 앤틱가구거리 (primary=KEY_4)
2026-06-10 02:08:04,427 [INFO] [65/121] 익선동 (primary=KEY_1)
2026-06-10 02:08:05,792 [INFO] [66/121] 인사동 (primary=KEY_2)
2026-06-10 02:08:07,161 [INFO] [67/121] 잠실롯데타워·석촌호수 (primary=KEY_3)
2026-06-10 02:08:08,733 [INFO] [68/121] 창동 신경제 중심지 (primary=KEY_4)
2026-06-10 02:08:10,510 [INFO] [69/121] 청담동 명품거리 (primary=KEY_1)
2026-06-10 02:08:11,868 [INFO] [70/121] 청량리 제기동 일대 전통시장 (primary=KEY_2)
2026-06-10 02:08:13,231 [INFO] [71/121] 해방촌·경리단길 (primary=KEY_3)
2026-06-10 02:08:14,452 [INFO] [72/121] DDP(동대문디자인플라자) (primary=KEY_4)
2026-06-10 02:08:15,809 [INFO] [73/121] DMC(디지털미디어시티) (primary=KEY_1)
2026-06-10 02:08:17,408 [INFO] [74/121] 가산디지털단지역 (primary=KEY_2)
2026-06-10 02:08:19,152 [INFO] [75/121] 강남역 (primary=KEY_3)
2026-06-10 02:08:20,733 [INFO] [76/121] 건대입구역 (primary=KEY_4)
2026-06-10 02:08:22,105 [INFO] [77/121] 고덕역 (primary=KEY_1)
2026-06-10 02:08:23,464 [INFO] [78/121] 고속터미널역 (primary=KEY_2)
2026-06-10 02:08:24,820 [INFO] [79/121] 교대역 (primary=KEY_3)
2026-06-10 02:08:25,991 [INFO] [80/121] 구로디지털단지역 (primary=KEY_4)
2026-06-10 02:08:27,356 [INFO] [81/121] 구로역 (primary=KEY_1)
2026-06-10 02:08:28,510 [INFO] [82/121] 군자역 (primary=KEY_2)
2026-06-10 02:08:29,694 [INFO] [83/121] 대림역 (primary=KEY_3)
2026-06-10 02:08:31,044 [INFO] [84/121] 동대문역 (primary=KEY_4)
2026-06-10 02:08:32,243 [INFO] [85/121] 뚝섬역 (primary=KEY_1)
2026-06-10 02:08:33,594 [INFO] [86/121] 미아사거리역 (primary=KEY_2)
2026-06-10 02:08:34,972 [INFO] [87/121] 발산역 (primary=KEY_3)
2026-06-10 02:08:36,522 [INFO] [88/121] 사당역 (primary=KEY_4)
2026-06-10 02:08:37,902 [INFO] [89/121] 삼각지역 (primary=KEY_1)
2026-06-10 02:08:39,054 [INFO] [90/121] 서울대입구역 (primary=KEY_2)
2026-06-10 02:08:40,225 [INFO] [91/121] 서울식물원·마곡나루역 (primary=KEY_3)
2026-06-10 02:08:41,583 [INFO] [92/121] 서울역 (primary=KEY_4)
2026-06-10 02:08:42,996 [INFO] [93/121] 선릉역 (primary=KEY_1)
2026-06-10 02:08:44,580 [INFO] [94/121] 성신여대입구역 (primary=KEY_2)
2026-06-10 02:08:45,740 [INFO] [95/121] 수유역 (primary=KEY_3)
2026-06-10 02:08:47,092 [INFO] [96/121] 숭례문 (primary=KEY_4)
2026-06-10 02:08:48,459 [INFO] [97/121] 시의회 앞 (primary=KEY_1)
2026-06-10 02:08:49,817 [INFO] [98/121] 신논현역·논현역 (primary=KEY_2)
2026-06-10 02:08:51,218 [INFO] [99/121] 신도림역 (primary=KEY_3)
2026-06-10 02:08:52,372 [INFO] [100/121] 신림역 (primary=KEY_4)
2026-06-10 02:08:53,534 [INFO] [101/121] 신정네거리역 (primary=KEY_1)
2026-06-10 02:08:54,694 [INFO] [102/121] 신촌·이대역 (primary=KEY_2)
2026-06-10 02:08:56,048 [INFO] [103/121] 쌍문역 (primary=KEY_3)
2026-06-10 02:08:57,205 [INFO] [104/121] 양재역 (primary=KEY_4)
2026-06-10 02:08:58,548 [INFO] [105/121] 역삼역 (primary=KEY_1)
2026-06-10 02:08:59,901 [INFO] [106/121] 연신내역 (primary=KEY_2)
2026-06-10 02:09:01,071 [INFO] [107/121] 오목교역·목동운동장 (primary=KEY_3)
2026-06-10 02:09:02,825 [INFO] [108/121] 왕십리역 (primary=KEY_4)
2026-06-10 02:09:04,200 [INFO] [109/121] 용산역 (primary=KEY_1)
2026-06-10 02:09:05,749 [INFO] [110/121] 이태원역 (primary=KEY_2)
2026-06-10 02:09:06,912 [INFO] [111/121] 잠실새내역 (primary=KEY_3)
2026-06-10 02:09:08,272 [INFO] [112/121] 잠실역 (primary=KEY_4)
2026-06-10 02:09:09,638 [INFO] [113/121] 장지역 (primary=KEY_1)
2026-06-10 02:09:11,265 [INFO] [114/121] 장한평역 (primary=KEY_2)
2026-06-10 02:09:12,616 [INFO] [115/121] 천호역 (primary=KEY_3)
2026-06-10 02:09:13,991 [INFO] [116/121] 총신대입구(이수)역 (primary=KEY_4)
2026-06-10 02:09:15,346 [INFO] [117/121] 충정로역 (primary=KEY_1)
2026-06-10 02:09:16,748 [INFO] [118/121] 합정역 (primary=KEY_2)
2026-06-10 02:09:18,112 [INFO] [119/121] 혜화역 (primary=KEY_3)
2026-06-10 02:09:19,467 [INFO] [120/121] 홍대입구역(2호선) (primary=KEY_4)
2026-06-10 02:09:20,628 [INFO] [121/121] 회기역 (primary=KEY_1)
2026-06-10 02:09:22,724 [INFO] === 수집 완료 | 성공 121, 실패 0 ===
2026-06-10 02:09:22,724 [INFO] 카테고리별 저장 결과:
2026-06-10 02:09:22,724 [INFO]    accident                  | 신규     2행 | 누적      4행 | 16컬럼
2026-06-10 02:09:22,724 [INFO]    accident_acdnt_cntrl_stts | 신규     2행 | 누적      4행 | 16컬럼
2026-06-10 02:09:22,724 [INFO]    area_meta                 | 신규   121행 | 누적    242행 | 5컬럼
2026-06-10 02:09:22,724 [INFO]    bike                      | 신규    11행 | 누적     22행 | 12컬럼
2026-06-10 02:09:22,724 [INFO]    bike_sbike_stts           | 신규   544행 | 누적   1088행 | 12컬럼
2026-06-10 02:09:22,724 [INFO]    bus                       | 신규     3행 | 누적      6행 | 11컬럼
2026-06-10 02:09:22,724 [INFO]    bus_bus_stn_stts          | 신규  1745행 | 누적   3490행 | 11컬럼
2026-06-10 02:09:22,724 [INFO]    charger                   | 신규     8행 | 누적     33행 | 15컬럼
2026-06-10 02:09:22,724 [INFO]    charger_charger_stts      | 신규  1034행 | 누적   1347행 | 15컬럼
2026-06-10 02:09:22,725 [INFO]    cmrcl                     | 신규    82행 | 누적    164행 | 20컬럼
2026-06-10 02:09:22,725 [INFO]    events                    | 신규    16행 | 누적     32행 | 14컬럼
2026-06-10 02:09:22,725 [INFO]    events_event_stts         | 신규   162행 | 누적    324행 | 14컬럼
2026-06-10 02:09:22,725 [INFO]    parking                   | 신규     6행 | 누적     12행 | 21컬럼
2026-06-10 02:09:22,725 [INFO]    parking_prk_stts          | 신규  1831행 | 누적   3662행 | 21컬럼
2026-06-10 02:09:22,725 [INFO]    ppltn                     | 신규   121행 | 누적    242행 | 26컬럼
2026-06-10 02:09:22,725 [INFO]    road                      | 신규   121행 | 누적    242행 | 21컬럼
2026-06-10 02:09:22,725 [INFO]    road_road_traffic_stts    | 신규  5254행 | 누적  10508행 | 17컬럼
2026-06-10 02:09:22,725 [INFO]    subway                    | 신규    38행 | 누적     76행 | 12컬럼
2026-06-10 02:09:22,725 [INFO]    subway_sub_stts           | 신규   183행 | 누적    366행 | 13컬럼
2026-06-10 02:09:22,725 [INFO]    weather                   | 신규   119행 | 누적    238행 | 29컬럼
2026-06-10 02:09:22,725 [INFO] 키별 사용량:
2026-06-10 02:09:22,725 [INFO]    🟢 KEY_1 (31/1000) 
2026-06-10 02:09:22,725 [INFO]    🟢 KEY_2 (30/1000) 
2026-06-10 02:09:22,725 [INFO]    🟢 KEY_3 (30/1000) 
2026-06-10 02:09:22,725 [INFO]    🟢 KEY_4 (30/1000) 
2026-06-10 03:58:43,743 [INFO] 등록된 키: 4개, 합산 한도 4,000건/일
2026-06-10 03:58:43,744 [INFO] POI 로드: 매뉴얼 v8.5 기준 fallback 121개 (121개 전체)
2026-06-10 03:58:43,744 [INFO] === 수집 시작 2026-06-10T03:58:43.744508+09:00 ===
2026-06-10 03:58:43,744 [INFO] 대상 장소: 121개 | API: citydata (통합)
2026-06-10 03:58:43,744 [INFO] 키 풀: 4/4 활성 | 오늘 사용 0/4000건
2026-06-10 03:58:43,744 [INFO]   [KEY_1] 담당 31장소
2026-06-10 03:58:43,744 [INFO]   [KEY_2] 담당 30장소
2026-06-10 03:58:43,744 [INFO]   [KEY_3] 담당 30장소
2026-06-10 03:58:43,745 [INFO]   [KEY_4] 담당 30장소
2026-06-10 03:58:43,745 [INFO] [1/121] 경복궁 (primary=KEY_1)
2026-06-10 03:58:45,550 [INFO] [2/121] 광화문·덕수궁 (primary=KEY_2)
2026-06-10 03:58:47,521 [INFO] [3/121] 보신각 (primary=KEY_3)
2026-06-10 03:58:48,768 [INFO] [4/121] 서울 암사동 유적 (primary=KEY_4)
2026-06-10 03:58:49,741 [INFO] [5/121] 창덕궁·종묘 (primary=KEY_1)
2026-06-10 03:58:50,987 [INFO] [6/121] 강남 MICE 관광특구 (primary=KEY_2)
2026-06-10 03:58:52,112 [INFO] [7/121] 동대문 관광특구 (primary=KEY_3)
2026-06-10 03:58:54,088 [INFO] [8/121] 명동 관광특구 (primary=KEY_4)
2026-06-10 03:58:55,723 [INFO] [9/121] 이태원 관광특구 (primary=KEY_1)
2026-06-10 03:58:56,876 [INFO] [10/121] 잠실 관광특구 (primary=KEY_2)
2026-06-10 03:58:58,195 [INFO] [11/121] 종로·청계 관광특구 (primary=KEY_3)
2026-06-10 03:58:59,650 [INFO] [12/121] 홍대 관광특구 (primary=KEY_4)
2026-06-10 03:59:01,065 [INFO] [13/121] 강서한강공원 (primary=KEY_1)
2026-06-10 03:59:02,028 [INFO] [14/121] 고척돔 (primary=KEY_2)
2026-06-10 03:59:03,002 [INFO] [15/121] 광나루한강공원 (primary=KEY_3)
2026-06-10 03:59:04,776 [INFO] [16/121] 광화문광장 (primary=KEY_4)
2026-06-10 03:59:05,908 [INFO] [17/121] 국립중앙박물관·용산가족공원 (primary=KEY_1)
2026-06-10 03:59:06,905 [INFO] [18/121] 난지한강공원 (primary=KEY_2)
2026-06-10 03:59:07,871 [INFO] [19/121] 남산공원 (primary=KEY_3)
2026-06-10 03:59:09,172 [INFO] [20/121] 노들섬 (primary=KEY_4)
2026-06-10 03:59:10,140 [INFO] [21/121] 뚝섬한강공원 (primary=KEY_1)
2026-06-10 03:59:11,652 [INFO] [22/121] 망원한강공원 (primary=KEY_2)
2026-06-10 03:59:12,778 [INFO] [23/121] 반포한강공원 (primary=KEY_3)
2026-06-10 03:59:13,872 [INFO] [24/121] 보라매공원 (primary=KEY_4)
2026-06-10 03:59:14,859 [INFO] [25/121] 북서울꿈의숲 (primary=KEY_1)
2026-06-10 03:59:15,856 [INFO] [26/121] 서대문독립공원 (primary=KEY_2)
2026-06-10 03:59:16,829 [INFO] [27/121] 서리풀공원·몽마르뜨공원 (primary=KEY_3)
2026-06-10 03:59:17,850 [INFO] [28/121] 서울대공원 (primary=KEY_4)
2026-06-10 03:59:18,812 [INFO] [29/121] 서울숲공원 (primary=KEY_1)
2026-06-10 03:59:20,740 [INFO] [30/121] 송현녹지광장 (primary=KEY_2)
2026-06-10 03:59:21,856 [INFO] [31/121] 아차산 (primary=KEY_3)
2026-06-10 03:59:22,828 [INFO] [32/121] 안양천 (primary=KEY_4)
2026-06-10 03:59:23,801 [INFO] [33/121] 양화한강공원 (primary=KEY_1)
2026-06-10 03:59:24,766 [INFO] [34/121] 어린이대공원 (primary=KEY_2)
2026-06-10 03:59:25,768 [INFO] [35/121] 여의도한강공원 (primary=KEY_3)
2026-06-10 03:59:27,147 [INFO] [36/121] 여의서로 (primary=KEY_4)
2026-06-10 03:59:28,128 [INFO] [37/121] 올림픽공원 (primary=KEY_1)
2026-06-10 03:59:29,299 [INFO] [38/121] 월드컵공원 (primary=KEY_2)
2026-06-10 03:59:30,562 [INFO] [39/121] 응봉산 (primary=KEY_3)
2026-06-10 03:59:31,694 [INFO] [40/121] 이촌한강공원 (primary=KEY_4)
2026-06-10 03:59:32,663 [INFO] [41/121] 잠실종합운동장 (primary=KEY_1)
2026-06-10 03:59:33,650 [INFO] [42/121] 잠실한강공원 (primary=KEY_2)
2026-06-10 03:59:34,628 [INFO] [43/121] 잠원한강공원 (primary=KEY_3)
2026-06-10 03:59:35,599 [INFO] [44/121] 청계산 (primary=KEY_4)
2026-06-10 03:59:36,572 [INFO] [45/121] 홍제폭포 (primary=KEY_1)
2026-06-10 03:59:37,532 [INFO] [46/121] 가락시장 (primary=KEY_2)
2026-06-10 03:59:38,664 [INFO] [47/121] 가로수길 (primary=KEY_3)
2026-06-10 03:59:39,818 [INFO] [48/121] 광장(전통)시장 (primary=KEY_4)
2026-06-10 03:59:40,803 [INFO] [49/121] 김포공항 (primary=KEY_1)
2026-06-10 03:59:41,936 [INFO] [50/121] 남대문시장 (primary=KEY_2)
2026-06-10 03:59:42,920 [INFO] [51/121] 노량진 (primary=KEY_3)
2026-06-10 03:59:43,922 [INFO] [52/121] 덕수궁길·정동길 (primary=KEY_4)
2026-06-10 03:59:45,063 [INFO] [53/121] 북창동 먹자골목 (primary=KEY_1)
2026-06-10 03:59:46,072 [INFO] [54/121] 북촌한옥마을 (primary=KEY_2)
2026-06-10 03:59:47,207 [INFO] [55/121] 서촌 (primary=KEY_3)
2026-06-10 03:59:48,314 [INFO] [56/121] 성수카페거리 (primary=KEY_4)
2026-06-10 03:59:49,447 [INFO] [57/121] 송리단길·호수단길 (primary=KEY_1)
2026-06-10 03:59:50,577 [INFO] [58/121] 신촌 스타광장 (primary=KEY_2)
2026-06-10 03:59:51,568 [INFO] [59/121] 압구정로데오거리 (primary=KEY_3)
2026-06-10 03:59:52,703 [INFO] [60/121] 여의도 (primary=KEY_4)
2026-06-10 03:59:54,332 [INFO] [61/121] 연남동 (primary=KEY_1)
2026-06-10 03:59:55,447 [INFO] [62/121] 영등포 타임스퀘어 (primary=KEY_2)
2026-06-10 03:59:56,562 [INFO] [63/121] 용리단길 (primary=KEY_3)
2026-06-10 03:59:57,589 [INFO] [64/121] 이태원 앤틱가구거리 (primary=KEY_4)
2026-06-10 03:59:58,578 [INFO] [65/121] 익선동 (primary=KEY_1)
2026-06-10 03:59:59,704 [INFO] [66/121] 인사동 (primary=KEY_2)
2026-06-10 04:00:00,838 [INFO] [67/121] 잠실롯데타워·석촌호수 (primary=KEY_3)
2026-06-10 04:00:02,566 [INFO] [68/121] 창동 신경제 중심지 (primary=KEY_4)
2026-06-10 04:00:03,830 [INFO] [69/121] 청담동 명품거리 (primary=KEY_1)
2026-06-10 04:00:04,937 [INFO] [70/121] 청량리 제기동 일대 전통시장 (primary=KEY_2)
2026-06-10 04:00:07,996 [INFO] [71/121] 해방촌·경리단길 (primary=KEY_3)
2026-06-10 04:00:08,968 [INFO] [72/121] DDP(동대문디자인플라자) (primary=KEY_4)
2026-06-10 04:00:10,132 [INFO] [73/121] DMC(디지털미디어시티) (primary=KEY_1)
2026-06-10 04:00:11,389 [INFO] [74/121] 가산디지털단지역 (primary=KEY_2)
2026-06-10 04:00:12,630 [INFO] [75/121] 강남역 (primary=KEY_3)
2026-06-10 04:00:13,897 [INFO] [76/121] 건대입구역 (primary=KEY_4)
2026-06-10 04:00:15,145 [INFO] [77/121] 고덕역 (primary=KEY_1)
2026-06-10 04:00:16,121 [INFO] [78/121] 고속터미널역 (primary=KEY_2)
2026-06-10 04:00:17,113 [INFO] [79/121] 교대역 (primary=KEY_3)
2026-06-10 04:00:18,088 [INFO] [80/121] 구로디지털단지역 (primary=KEY_4)
2026-06-10 04:00:19,209 [INFO] [81/121] 구로역 (primary=KEY_1)
2026-06-10 04:00:20,173 [INFO] [82/121] 군자역 (primary=KEY_2)
2026-06-10 04:00:21,168 [INFO] [83/121] 대림역 (primary=KEY_3)
2026-06-10 04:00:22,144 [INFO] [84/121] 동대문역 (primary=KEY_4)
2026-06-10 04:00:23,252 [INFO] [85/121] 뚝섬역 (primary=KEY_1)
2026-06-10 04:00:24,365 [INFO] [86/121] 미아사거리역 (primary=KEY_2)
2026-06-10 04:00:25,470 [INFO] [87/121] 발산역 (primary=KEY_3)
2026-06-10 04:00:26,717 [INFO] [88/121] 사당역 (primary=KEY_4)
2026-06-10 04:00:27,824 [INFO] [89/121] 삼각지역 (primary=KEY_1)
2026-06-10 04:00:28,792 [INFO] [90/121] 서울대입구역 (primary=KEY_2)
2026-06-10 04:00:29,760 [INFO] [91/121] 서울식물원·마곡나루역 (primary=KEY_3)
2026-06-10 04:00:30,877 [INFO] [92/121] 서울역 (primary=KEY_4)
2026-06-10 04:00:32,022 [INFO] [93/121] 선릉역 (primary=KEY_1)
2026-06-10 04:00:33,277 [INFO] [94/121] 성신여대입구역 (primary=KEY_2)
2026-06-10 04:00:34,264 [INFO] [95/121] 수유역 (primary=KEY_3)
2026-06-10 04:00:35,376 [INFO] [96/121] 숭례문 (primary=KEY_4)
2026-06-10 04:00:36,494 [INFO] [97/121] 시의회 앞 (primary=KEY_1)
2026-06-10 04:00:37,616 [INFO] [98/121] 신논현역·논현역 (primary=KEY_2)
2026-06-10 04:00:38,751 [INFO] [99/121] 신도림역 (primary=KEY_3)
2026-06-10 04:00:39,731 [INFO] [100/121] 신림역 (primary=KEY_4)
2026-06-10 04:00:40,707 [INFO] [101/121] 신정네거리역 (primary=KEY_1)
2026-06-10 04:00:41,688 [INFO] [102/121] 신촌·이대역 (primary=KEY_2)
2026-06-10 04:00:42,790 [INFO] [103/121] 쌍문역 (primary=KEY_3)
2026-06-10 04:00:43,769 [INFO] [104/121] 양재역 (primary=KEY_4)
2026-06-10 04:00:44,763 [INFO] [105/121] 역삼역 (primary=KEY_1)
2026-06-10 04:00:45,884 [INFO] [106/121] 연신내역 (primary=KEY_2)
2026-06-10 04:00:46,877 [INFO] [107/121] 오목교역·목동운동장 (primary=KEY_3)
2026-06-10 04:00:48,204 [INFO] [108/121] 왕십리역 (primary=KEY_4)
2026-06-10 04:00:49,330 [INFO] [109/121] 용산역 (primary=KEY_1)
2026-06-10 04:00:50,453 [INFO] [110/121] 이태원역 (primary=KEY_2)
2026-06-10 04:00:51,435 [INFO] [111/121] 잠실새내역 (primary=KEY_3)
2026-06-10 04:00:52,548 [INFO] [112/121] 잠실역 (primary=KEY_4)
2026-06-10 04:00:53,668 [INFO] [113/121] 장지역 (primary=KEY_1)
2026-06-10 04:00:54,767 [INFO] [114/121] 장한평역 (primary=KEY_2)
2026-06-10 04:00:55,895 [INFO] [115/121] 천호역 (primary=KEY_3)
2026-06-10 04:00:57,033 [INFO] [116/121] 총신대입구(이수)역 (primary=KEY_4)
2026-06-10 04:00:58,206 [INFO] [117/121] 충정로역 (primary=KEY_1)
2026-06-10 04:00:59,184 [INFO] [118/121] 합정역 (primary=KEY_2)
2026-06-10 04:01:00,305 [INFO] [119/121] 혜화역 (primary=KEY_3)
2026-06-10 04:01:01,306 [INFO] [120/121] 홍대입구역(2호선) (primary=KEY_4)
2026-06-10 04:01:02,322 [INFO] [121/121] 회기역 (primary=KEY_1)
2026-06-10 04:01:04,264 [INFO] === 수집 완료 | 성공 121, 실패 0 ===
2026-06-10 04:01:04,264 [INFO] 카테고리별 저장 결과:
2026-06-10 04:01:04,264 [INFO]    area_meta                 | 신규   121행 | 누적    363행 | 5컬럼
2026-06-10 04:01:04,264 [INFO]    bike                      | 신규    11행 | 누적     33행 | 12컬럼
2026-06-10 04:01:04,264 [INFO]    bike_sbike_stts           | 신규   544행 | 누적   1632행 | 12컬럼
2026-06-10 04:01:04,264 [INFO]    bus                       | 신규     3행 | 누적      9행 | 11컬럼
2026-06-10 04:01:04,264 [INFO]    bus_bus_stn_stts          | 신규  1745행 | 누적   5235행 | 11컬럼
2026-06-10 04:01:04,265 [INFO]    charger                   | 신규    25행 | 누적     58행 | 15컬럼
2026-06-10 04:01:04,265 [INFO]    charger_charger_stts      | 신규   324행 | 누적   1669행 | 15컬럼
2026-06-10 04:01:04,265 [INFO]    cmrcl                     | 신규    82행 | 누적    246행 | 20컬럼
2026-06-10 04:01:04,265 [INFO]    events                    | 신규    16행 | 누적     48행 | 14컬럼
2026-06-10 04:01:04,265 [INFO]    events_event_stts         | 신규   162행 | 누적    486행 | 14컬럼
2026-06-10 04:01:04,265 [INFO]    parking                   | 신규     6행 | 누적     18행 | 21컬럼
2026-06-10 04:01:04,265 [INFO]    parking_prk_stts          | 신규  1831행 | 누적   5493행 | 21컬럼
2026-06-10 04:01:04,265 [INFO]    ppltn                     | 신규   121행 | 누적    363행 | 26컬럼
2026-06-10 04:01:04,265 [INFO]    road                      | 신규   121행 | 누적    363행 | 21컬럼
2026-06-10 04:01:04,265 [INFO]    road_road_traffic_stts    | 신규  5254행 | 누적  15762행 | 17컬럼
2026-06-10 04:01:04,265 [INFO]    subway                    | 신규    38행 | 누적    114행 | 12컬럼
2026-06-10 04:01:04,265 [INFO]    subway_sub_stts           | 신규   183행 | 누적    549행 | 13컬럼
2026-06-10 04:01:04,265 [INFO]    weather                   | 신규   119행 | 누적    357행 | 29컬럼
2026-06-10 04:01:04,265 [INFO] 키별 사용량:
2026-06-10 04:01:04,265 [INFO]    🟢 KEY_1 (31/1000) 
2026-06-10 04:01:04,265 [INFO]    🟢 KEY_2 (30/1000) 
2026-06-10 04:01:04,265 [INFO]    🟢 KEY_3 (30/1000) 
2026-06-10 04:01:04,265 [INFO]    🟢 KEY_4 (30/1000) 
2026-06-10 04:49:26,872 [INFO] 등록된 키: 4개, 합산 한도 4,000건/일
2026-06-10 04:49:26,873 [INFO] POI 로드: 매뉴얼 v8.5 기준 fallback 121개 (121개 전체)
2026-06-10 04:49:26,873 [INFO] === 수집 시작 2026-06-10T04:49:26.873488+09:00 ===
2026-06-10 04:49:26,873 [INFO] 대상 장소: 121개 | API: citydata (통합)
2026-06-10 04:49:26,873 [INFO] 키 풀: 4/4 활성 | 오늘 사용 0/4000건
2026-06-10 04:49:26,873 [INFO]   [KEY_1] 담당 31장소
2026-06-10 04:49:26,873 [INFO]   [KEY_2] 담당 30장소
2026-06-10 04:49:26,873 [INFO]   [KEY_3] 담당 30장소
2026-06-10 04:49:26,873 [INFO]   [KEY_4] 담당 30장소
2026-06-10 04:49:26,874 [INFO] [1/121] 경복궁 (primary=KEY_1)
2026-06-10 04:49:28,927 [INFO] [2/121] 광화문·덕수궁 (primary=KEY_2)
2026-06-10 04:49:31,203 [INFO] [3/121] 보신각 (primary=KEY_3)
2026-06-10 04:49:32,983 [INFO] [4/121] 서울 암사동 유적 (primary=KEY_4)
2026-06-10 04:49:34,737 [INFO] [5/121] 창덕궁·종묘 (primary=KEY_1)
2026-06-10 04:49:36,797 [INFO] [6/121] 강남 MICE 관광특구 (primary=KEY_2)
2026-06-10 04:49:37,999 [INFO] [7/121] 동대문 관광특구 (primary=KEY_3)
2026-06-10 04:49:39,522 [INFO] [8/121] 명동 관광특구 (primary=KEY_4)
2026-06-10 04:49:41,797 [INFO] [9/121] 이태원 관광특구 (primary=KEY_1)
2026-06-10 04:49:43,013 [INFO] [10/121] 잠실 관광특구 (primary=KEY_2)
2026-06-10 04:49:45,127 [INFO] [11/121] 종로·청계 관광특구 (primary=KEY_3)
2026-06-10 04:49:47,864 [INFO] [12/121] 홍대 관광특구 (primary=KEY_4)
2026-06-10 04:49:49,836 [INFO] [13/121] 강서한강공원 (primary=KEY_1)
2026-06-10 04:49:50,856 [INFO] [14/121] 고척돔 (primary=KEY_2)
2026-06-10 04:49:52,619 [INFO] [15/121] 광나루한강공원 (primary=KEY_3)
2026-06-10 04:49:55,272 [INFO] [16/121] 광화문광장 (primary=KEY_4)
2026-06-10 04:49:57,034 [INFO] [17/121] 국립중앙박물관·용산가족공원 (primary=KEY_1)
2026-06-10 04:49:58,766 [INFO] [18/121] 난지한강공원 (primary=KEY_2)
2026-06-10 04:49:59,775 [INFO] [19/121] 남산공원 (primary=KEY_3)
2026-06-10 04:50:01,173 [INFO] [20/121] 노들섬 (primary=KEY_4)
2026-06-10 04:50:02,179 [INFO] [21/121] 뚝섬한강공원 (primary=KEY_1)
2026-06-10 04:50:03,186 [INFO] [22/121] 망원한강공원 (primary=KEY_2)
2026-06-10 04:50:04,942 [INFO] [23/121] 반포한강공원 (primary=KEY_3)
2026-06-10 04:50:05,968 [INFO] [24/121] 보라매공원 (primary=KEY_4)
2026-06-10 04:50:07,004 [INFO] [25/121] 북서울꿈의숲 (primary=KEY_1)
2026-06-10 04:50:08,995 [INFO] [26/121] 서대문독립공원 (primary=KEY_2)
2026-06-10 04:50:10,026 [INFO] [27/121] 서리풀공원·몽마르뜨공원 (primary=KEY_3)
2026-06-10 04:50:11,059 [INFO] [28/121] 서울대공원 (primary=KEY_4)
2026-06-10 04:50:12,052 [INFO] [29/121] 서울숲공원 (primary=KEY_1)
2026-06-10 04:50:13,211 [INFO] [30/121] 송현녹지광장 (primary=KEY_2)
2026-06-10 04:50:14,372 [INFO] [31/121] 아차산 (primary=KEY_3)
2026-06-10 04:50:15,373 [INFO] [32/121] 안양천 (primary=KEY_4)
2026-06-10 04:50:16,948 [INFO] [33/121] 양화한강공원 (primary=KEY_1)
2026-06-10 04:50:17,950 [INFO] [34/121] 어린이대공원 (primary=KEY_2)
2026-06-10 04:50:19,123 [INFO] [35/121] 여의도한강공원 (primary=KEY_3)
2026-06-10 04:50:20,872 [INFO] [36/121] 여의서로 (primary=KEY_4)
2026-06-10 04:50:22,020 [INFO] [37/121] 올림픽공원 (primary=KEY_1)
2026-06-10 04:50:23,788 [INFO] [38/121] 월드컵공원 (primary=KEY_2)
2026-06-10 04:50:25,121 [INFO] [39/121] 응봉산 (primary=KEY_3)
2026-06-10 04:50:26,280 [INFO] [40/121] 이촌한강공원 (primary=KEY_4)
2026-06-10 04:50:27,285 [INFO] [41/121] 잠실종합운동장 (primary=KEY_1)
2026-06-10 04:50:28,296 [INFO] [42/121] 잠실한강공원 (primary=KEY_2)
2026-06-10 04:50:29,309 [INFO] [43/121] 잠원한강공원 (primary=KEY_3)
2026-06-10 04:50:30,331 [INFO] [44/121] 청계산 (primary=KEY_4)
2026-06-10 04:50:31,339 [INFO] [45/121] 홍제폭포 (primary=KEY_1)
2026-06-10 04:50:32,345 [INFO] [46/121] 가락시장 (primary=KEY_2)
2026-06-10 04:50:33,569 [INFO] [47/121] 가로수길 (primary=KEY_3)
2026-06-10 04:50:35,653 [INFO] [48/121] 광장(전통)시장 (primary=KEY_4)
2026-06-10 04:50:36,696 [INFO] [49/121] 김포공항 (primary=KEY_1)
2026-06-10 04:50:37,899 [INFO] [50/121] 남대문시장 (primary=KEY_2)
2026-06-10 04:50:39,069 [INFO] [51/121] 노량진 (primary=KEY_3)
2026-06-10 04:50:40,269 [INFO] [52/121] 덕수궁길·정동길 (primary=KEY_4)
2026-06-10 04:50:41,459 [INFO] [53/121] 북창동 먹자골목 (primary=KEY_1)
2026-06-10 04:50:42,623 [INFO] [54/121] 북촌한옥마을 (primary=KEY_2)
2026-06-10 04:50:43,824 [INFO] [55/121] 서촌 (primary=KEY_3)
2026-06-10 04:50:44,992 [INFO] [56/121] 성수카페거리 (primary=KEY_4)
2026-06-10 04:50:46,336 [INFO] [57/121] 송리단길·호수단길 (primary=KEY_1)
2026-06-10 04:50:47,526 [INFO] [58/121] 신촌 스타광장 (primary=KEY_2)
2026-06-10 04:50:48,546 [INFO] [59/121] 압구정로데오거리 (primary=KEY_3)
2026-06-10 04:50:49,730 [INFO] [60/121] 여의도 (primary=KEY_4)
2026-06-10 04:50:51,575 [INFO] [61/121] 연남동 (primary=KEY_1)
2026-06-10 04:50:52,734 [INFO] [62/121] 영등포 타임스퀘어 (primary=KEY_2)
2026-06-10 04:50:53,898 [INFO] [63/121] 용리단길 (primary=KEY_3)
2026-06-10 04:50:54,931 [INFO] [64/121] 이태원 앤틱가구거리 (primary=KEY_4)
2026-06-10 04:50:55,951 [INFO] [65/121] 익선동 (primary=KEY_1)
2026-06-10 04:50:57,155 [INFO] [66/121] 인사동 (primary=KEY_2)
2026-06-10 04:50:58,467 [INFO] [67/121] 잠실롯데타워·석촌호수 (primary=KEY_3)
2026-06-10 04:50:59,969 [INFO] [68/121] 창동 신경제 중심지 (primary=KEY_4)
2026-06-10 04:51:02,211 [INFO] [69/121] 청담동 명품거리 (primary=KEY_1)
2026-06-10 04:51:03,384 [INFO] [70/121] 청량리 제기동 일대 전통시장 (primary=KEY_2)
2026-06-10 04:51:04,588 [INFO] [71/121] 해방촌·경리단길 (primary=KEY_3)
2026-06-10 04:51:05,603 [INFO] [72/121] DDP(동대문디자인플라자) (primary=KEY_4)
2026-06-10 04:51:06,779 [INFO] [73/121] DMC(디지털미디어시티) (primary=KEY_1)
2026-06-10 04:51:08,281 [INFO] [74/121] 가산디지털단지역 (primary=KEY_2)
2026-06-10 04:51:10,504 [INFO] [75/121] 강남역 (primary=KEY_3)
2026-06-10 04:51:11,850 [INFO] [76/121] 건대입구역 (primary=KEY_4)
2026-06-10 04:51:13,060 [INFO] [77/121] 고덕역 (primary=KEY_1)
2026-06-10 04:51:14,220 [INFO] [78/121] 고속터미널역 (primary=KEY_2)
2026-06-10 04:51:16,010 [INFO] [79/121] 교대역 (primary=KEY_3)
2026-06-10 04:51:17,041 [INFO] [80/121] 구로디지털단지역 (primary=KEY_4)
2026-06-10 04:51:18,506 [INFO] [81/121] 구로역 (primary=KEY_1)
2026-06-10 04:51:19,672 [INFO] [82/121] 군자역 (primary=KEY_2)
2026-06-10 04:51:20,842 [INFO] [83/121] 대림역 (primary=KEY_3)
2026-06-10 04:51:22,009 [INFO] [84/121] 동대문역 (primary=KEY_4)
2026-06-10 04:51:23,178 [INFO] [85/121] 뚝섬역 (primary=KEY_1)
2026-06-10 04:51:24,347 [INFO] [86/121] 미아사거리역 (primary=KEY_2)
2026-06-10 04:51:26,363 [INFO] [87/121] 발산역 (primary=KEY_3)
2026-06-10 04:51:27,831 [INFO] [88/121] 사당역 (primary=KEY_4)
2026-06-10 04:51:29,008 [INFO] [89/121] 삼각지역 (primary=KEY_1)
2026-06-10 04:51:30,031 [INFO] [90/121] 서울대입구역 (primary=KEY_2)
2026-06-10 04:51:31,203 [INFO] [91/121] 서울식물원·마곡나루역 (primary=KEY_3)
2026-06-10 04:51:32,415 [INFO] [92/121] 서울역 (primary=KEY_4)
2026-06-10 04:51:33,644 [INFO] [93/121] 선릉역 (primary=KEY_1)
2026-06-10 04:51:35,155 [INFO] [94/121] 성신여대입구역 (primary=KEY_2)
2026-06-10 04:51:36,768 [INFO] [95/121] 수유역 (primary=KEY_3)
2026-06-10 04:51:37,954 [INFO] [96/121] 숭례문 (primary=KEY_4)
2026-06-10 04:51:39,138 [INFO] [97/121] 시의회 앞 (primary=KEY_1)
2026-06-10 04:51:40,329 [INFO] [98/121] 신논현역·논현역 (primary=KEY_2)
2026-06-10 04:51:41,537 [INFO] [99/121] 신도림역 (primary=KEY_3)
2026-06-10 04:51:42,573 [INFO] [100/121] 신림역 (primary=KEY_4)
2026-06-10 04:51:43,616 [INFO] [101/121] 신정네거리역 (primary=KEY_1)
2026-06-10 04:51:44,789 [INFO] [102/121] 신촌·이대역 (primary=KEY_2)
2026-06-10 04:51:45,970 [INFO] [103/121] 쌍문역 (primary=KEY_3)
2026-06-10 04:51:47,148 [INFO] [104/121] 양재역 (primary=KEY_4)
2026-06-10 04:51:48,344 [INFO] [105/121] 역삼역 (primary=KEY_1)
2026-06-10 04:51:49,686 [INFO] [106/121] 연신내역 (primary=KEY_2)
2026-06-10 04:51:50,740 [INFO] [107/121] 오목교역·목동운동장 (primary=KEY_3)
2026-06-10 04:51:52,406 [INFO] [108/121] 왕십리역 (primary=KEY_4)
2026-06-10 04:51:53,615 [INFO] [109/121] 용산역 (primary=KEY_1)
2026-06-10 04:51:54,944 [INFO] [110/121] 이태원역 (primary=KEY_2)
2026-06-10 04:51:56,036 [INFO] [111/121] 잠실새내역 (primary=KEY_3)
2026-06-10 04:51:57,201 [INFO] [112/121] 잠실역 (primary=KEY_4)
2026-06-10 04:51:58,543 [INFO] [113/121] 장지역 (primary=KEY_1)
2026-06-10 04:51:59,861 [INFO] [114/121] 장한평역 (primary=KEY_2)
2026-06-10 04:52:01,028 [INFO] [115/121] 천호역 (primary=KEY_3)
2026-06-10 04:52:02,204 [INFO] [116/121] 총신대입구(이수)역 (primary=KEY_4)
2026-06-10 04:52:03,369 [INFO] [117/121] 충정로역 (primary=KEY_1)
2026-06-10 04:52:04,539 [INFO] [118/121] 합정역 (primary=KEY_2)
2026-06-10 04:52:05,723 [INFO] [119/121] 혜화역 (primary=KEY_3)
2026-06-10 04:52:06,884 [INFO] [120/121] 홍대입구역(2호선) (primary=KEY_4)
2026-06-10 04:52:08,056 [INFO] [121/121] 회기역 (primary=KEY_1)
2026-06-10 04:52:10,181 [INFO] === 수집 완료 | 성공 121, 실패 0 ===
2026-06-10 04:52:10,181 [INFO] 카테고리별 저장 결과:
2026-06-10 04:52:10,181 [INFO]    accident                  | 신규     2행 | 누적      6행 | 16컬럼
2026-06-10 04:52:10,181 [INFO]    accident_acdnt_cntrl_stts | 신규     2행 | 누적      6행 | 16컬럼
2026-06-10 04:52:10,181 [INFO]    area_meta                 | 신규   121행 | 누적    484행 | 5컬럼
2026-06-10 04:52:10,181 [INFO]    bike                      | 신규    11행 | 누적     44행 | 12컬럼
2026-06-10 04:52:10,181 [INFO]    bike_sbike_stts           | 신규   544행 | 누적   2176행 | 12컬럼
2026-06-10 04:52:10,182 [INFO]    bus                       | 신규     3행 | 누적     12행 | 11컬럼
2026-06-10 04:52:10,182 [INFO]    bus_bus_stn_stts          | 신규  1745행 | 누적   6980행 | 11컬럼
2026-06-10 04:52:10,182 [INFO]    charger                   | 신규     4행 | 누적     62행 | 15컬럼
2026-06-10 04:52:10,182 [INFO]    charger_charger_stts      | 신규  1907행 | 누적   3561행 | 15컬럼
2026-06-10 04:52:10,182 [INFO]    cmrcl                     | 신규    82행 | 누적    328행 | 20컬럼
2026-06-10 04:52:10,182 [INFO]    events                    | 신규    16행 | 누적     64행 | 14컬럼
2026-06-10 04:52:10,182 [INFO]    events_event_stts         | 신규   162행 | 누적    648행 | 14컬럼
2026-06-10 04:52:10,182 [INFO]    parking                   | 신규     6행 | 누적     24행 | 21컬럼
2026-06-10 04:52:10,182 [INFO]    parking_prk_stts          | 신규  1831행 | 누적   7324행 | 21컬럼
2026-06-10 04:52:10,182 [INFO]    ppltn                     | 신규   121행 | 누적    484행 | 26컬럼
2026-06-10 04:52:10,182 [INFO]    road                      | 신규   121행 | 누적    484행 | 21컬럼
2026-06-10 04:52:10,182 [INFO]    road_road_traffic_stts    | 신규  5254행 | 누적  21016행 | 17컬럼
2026-06-10 04:52:10,182 [INFO]    subway                    | 신규    38행 | 누적    152행 | 13컬럼
2026-06-10 04:52:10,182 [INFO]    subway_sub_stts           | 신규   183행 | 누적    732행 | 13컬럼
2026-06-10 04:52:10,182 [INFO]    weather                   | 신규   119행 | 누적    476행 | 29컬럼
2026-06-10 04:52:10,182 [INFO] 키별 사용량:
2026-06-10 04:52:10,182 [INFO]    🟢 KEY_1 (31/1000) 
2026-06-10 04:52:10,182 [INFO]    🟢 KEY_2 (30/1000) 
2026-06-10 04:52:10,183 [INFO]    🟢 KEY_3 (30/1000) 
2026-06-10 04:52:10,183 [INFO]    🟢 KEY_4 (30/1000) 
2026-06-10 05:51:28,538 [INFO] 등록된 키: 4개, 합산 한도 4,000건/일
2026-06-10 05:51:28,538 [INFO] POI 로드: 매뉴얼 v8.5 기준 fallback 121개 (121개 전체)
2026-06-10 05:51:28,538 [INFO] === 수집 시작 2026-06-10T05:51:28.538838+09:00 ===
2026-06-10 05:51:28,538 [INFO] 대상 장소: 121개 | API: citydata (통합)
2026-06-10 05:51:28,538 [INFO] 키 풀: 4/4 활성 | 오늘 사용 0/4000건
2026-06-10 05:51:28,539 [INFO]   [KEY_1] 담당 31장소
2026-06-10 05:51:28,539 [INFO]   [KEY_2] 담당 30장소
2026-06-10 05:51:28,539 [INFO]   [KEY_3] 담당 30장소
2026-06-10 05:51:28,539 [INFO]   [KEY_4] 담당 30장소
2026-06-10 05:51:28,539 [INFO] [1/121] 경복궁 (primary=KEY_1)
2026-06-10 05:51:31,848 [INFO] [2/121] 광화문·덕수궁 (primary=KEY_2)
2026-06-10 05:51:34,769 [INFO] [3/121] 보신각 (primary=KEY_3)
2026-06-10 05:51:37,271 [INFO] [4/121] 서울 암사동 유적 (primary=KEY_4)
2026-06-10 05:51:38,412 [INFO] [5/121] 창덕궁·종묘 (primary=KEY_1)
2026-06-10 05:51:40,330 [INFO] [6/121] 강남 MICE 관광특구 (primary=KEY_2)
2026-06-10 05:51:42,477 [INFO] [7/121] 동대문 관광특구 (primary=KEY_3)
2026-06-10 05:51:45,197 [INFO] [8/121] 명동 관광특구 (primary=KEY_4)
2026-06-10 05:51:47,002 [INFO] [9/121] 이태원 관광특구 (primary=KEY_1)
2026-06-10 05:51:49,517 [INFO] [10/121] 잠실 관광특구 (primary=KEY_2)
2026-06-10 05:51:51,868 [INFO] [11/121] 종로·청계 관광특구 (primary=KEY_3)
2026-06-10 05:51:53,456 [INFO] [12/121] 홍대 관광특구 (primary=KEY_4)
2026-06-10 05:51:55,235 [INFO] [13/121] 강서한강공원 (primary=KEY_1)
2026-06-10 05:51:57,043 [INFO] [14/121] 고척돔 (primary=KEY_2)
2026-06-10 05:51:58,187 [INFO] [15/121] 광나루한강공원 (primary=KEY_3)
2026-06-10 05:51:59,524 [INFO] [16/121] 광화문광장 (primary=KEY_4)
2026-06-10 05:52:02,072 [INFO] [17/121] 국립중앙박물관·용산가족공원 (primary=KEY_1)
2026-06-10 05:52:03,906 [INFO] [18/121] 난지한강공원 (primary=KEY_2)
2026-06-10 05:52:05,803 [INFO] [19/121] 남산공원 (primary=KEY_3)
2026-06-10 05:52:07,367 [INFO] [20/121] 노들섬 (primary=KEY_4)
2026-06-10 05:52:08,518 [INFO] [21/121] 뚝섬한강공원 (primary=KEY_1)
2026-06-10 05:52:09,668 [INFO] [22/121] 망원한강공원 (primary=KEY_2)
2026-06-10 05:52:11,025 [INFO] [23/121] 반포한강공원 (primary=KEY_3)
2026-06-10 05:52:12,169 [INFO] [24/121] 보라매공원 (primary=KEY_4)
2026-06-10 05:52:13,356 [INFO] [25/121] 북서울꿈의숲 (primary=KEY_1)
2026-06-10 05:52:14,503 [INFO] [26/121] 서대문독립공원 (primary=KEY_2)
2026-06-10 05:52:15,668 [INFO] [27/121] 서리풀공원·몽마르뜨공원 (primary=KEY_3)
2026-06-10 05:52:17,446 [INFO] [28/121] 서울대공원 (primary=KEY_4)
2026-06-10 05:52:18,602 [INFO] [29/121] 서울숲공원 (primary=KEY_1)
2026-06-10 05:52:19,964 [INFO] [30/121] 송현녹지광장 (primary=KEY_2)
2026-06-10 05:52:22,453 [INFO] [31/121] 아차산 (primary=KEY_3)
2026-06-10 05:52:23,587 [INFO] [32/121] 안양천 (primary=KEY_4)
2026-06-10 05:52:24,728 [INFO] [33/121] 양화한강공원 (primary=KEY_1)
2026-06-10 05:52:26,640 [INFO] [34/121] 어린이대공원 (primary=KEY_2)
2026-06-10 05:52:27,816 [INFO] [35/121] 여의도한강공원 (primary=KEY_3)
2026-06-10 05:52:29,175 [INFO] [36/121] 여의서로 (primary=KEY_4)
2026-06-10 05:52:30,327 [INFO] [37/121] 올림픽공원 (primary=KEY_1)
2026-06-10 05:52:31,707 [INFO] [38/121] 월드컵공원 (primary=KEY_2)
2026-06-10 05:52:34,015 [INFO] [39/121] 응봉산 (primary=KEY_3)
2026-06-10 05:52:35,924 [INFO] [40/121] 이촌한강공원 (primary=KEY_4)
2026-06-10 05:52:37,074 [INFO] [41/121] 잠실종합운동장 (primary=KEY_1)
2026-06-10 05:52:38,217 [INFO] [42/121] 잠실한강공원 (primary=KEY_2)
2026-06-10 05:52:40,321 [INFO] [43/121] 잠원한강공원 (primary=KEY_3)
2026-06-10 05:52:41,461 [INFO] [44/121] 청계산 (primary=KEY_4)
2026-06-10 05:52:43,752 [INFO] [45/121] 홍제폭포 (primary=KEY_1)
2026-06-10 05:52:44,888 [INFO] [46/121] 가락시장 (primary=KEY_2)
2026-06-10 05:52:46,263 [INFO] [47/121] 가로수길 (primary=KEY_3)
2026-06-10 05:52:47,625 [INFO] [48/121] 광장(전통)시장 (primary=KEY_4)
2026-06-10 05:52:48,794 [INFO] [49/121] 김포공항 (primary=KEY_1)
2026-06-10 05:52:50,149 [INFO] [50/121] 남대문시장 (primary=KEY_2)
2026-06-10 05:52:51,327 [INFO] [51/121] 노량진 (primary=KEY_3)
2026-06-10 05:52:52,500 [INFO] [52/121] 덕수궁길·정동길 (primary=KEY_4)
2026-06-10 05:52:53,867 [INFO] [53/121] 북창동 먹자골목 (primary=KEY_1)
2026-06-10 05:52:55,694 [INFO] [54/121] 북촌한옥마을 (primary=KEY_2)
2026-06-10 05:52:57,047 [INFO] [55/121] 서촌 (primary=KEY_3)
2026-06-10 05:52:58,384 [INFO] [56/121] 성수카페거리 (primary=KEY_4)
2026-06-10 05:52:59,748 [INFO] [57/121] 송리단길·호수단길 (primary=KEY_1)
2026-06-10 05:53:01,116 [INFO] [58/121] 신촌 스타광장 (primary=KEY_2)
2026-06-10 05:53:02,267 [INFO] [59/121] 압구정로데오거리 (primary=KEY_3)
2026-06-10 05:53:03,642 [INFO] [60/121] 여의도 (primary=KEY_4)
2026-06-10 05:53:05,639 [INFO] [61/121] 연남동 (primary=KEY_1)
2026-06-10 05:53:07,547 [INFO] [62/121] 영등포 타임스퀘어 (primary=KEY_2)
2026-06-10 05:53:08,886 [INFO] [63/121] 용리단길 (primary=KEY_3)
2026-06-10 05:53:10,049 [INFO] [64/121] 이태원 앤틱가구거리 (primary=KEY_4)
2026-06-10 05:53:11,198 [INFO] [65/121] 익선동 (primary=KEY_1)
2026-06-10 05:53:12,569 [INFO] [66/121] 인사동 (primary=KEY_2)
2026-06-10 05:53:13,931 [INFO] [67/121] 잠실롯데타워·석촌호수 (primary=KEY_3)
2026-06-10 05:53:15,304 [INFO] [68/121] 창동 신경제 중심지 (primary=KEY_4)
2026-06-10 05:53:16,909 [INFO] [69/121] 청담동 명품거리 (primary=KEY_1)
2026-06-10 05:53:18,253 [INFO] [70/121] 청량리 제기동 일대 전통시장 (primary=KEY_2)
2026-06-10 05:53:19,617 [INFO] [71/121] 해방촌·경리단길 (primary=KEY_3)
2026-06-10 05:53:21,509 [INFO] [72/121] DDP(동대문디자인플라자) (primary=KEY_4)
2026-06-10 05:53:22,898 [INFO] [73/121] DMC(디지털미디어시티) (primary=KEY_1)
2026-06-10 05:53:24,483 [INFO] [74/121] 가산디지털단지역 (primary=KEY_2)
2026-06-10 05:53:26,608 [INFO] [75/121] 강남역 (primary=KEY_3)
2026-06-10 05:53:28,196 [INFO] [76/121] 건대입구역 (primary=KEY_4)
2026-06-10 05:53:29,566 [INFO] [77/121] 고덕역 (primary=KEY_1)
2026-06-10 05:53:30,917 [INFO] [78/121] 고속터미널역 (primary=KEY_2)
2026-06-10 05:53:32,089 [INFO] [79/121] 교대역 (primary=KEY_3)
2026-06-10 05:53:33,269 [INFO] [80/121] 구로디지털단지역 (primary=KEY_4)
2026-06-10 05:53:34,621 [INFO] [81/121] 구로역 (primary=KEY_1)
2026-06-10 05:53:35,771 [INFO] [82/121] 군자역 (primary=KEY_2)
2026-06-10 05:53:37,149 [INFO] [83/121] 대림역 (primary=KEY_3)
2026-06-10 05:53:38,521 [INFO] [84/121] 동대문역 (primary=KEY_4)
2026-06-10 05:53:39,911 [INFO] [85/121] 뚝섬역 (primary=KEY_1)
2026-06-10 05:53:41,288 [INFO] [86/121] 미아사거리역 (primary=KEY_2)
2026-06-10 05:53:42,654 [INFO] [87/121] 발산역 (primary=KEY_3)
2026-06-10 05:53:44,199 [INFO] [88/121] 사당역 (primary=KEY_4)
2026-06-10 05:53:45,544 [INFO] [89/121] 삼각지역 (primary=KEY_1)
2026-06-10 05:53:46,712 [INFO] [90/121] 서울대입구역 (primary=KEY_2)
2026-06-10 05:53:47,874 [INFO] [91/121] 서울식물원·마곡나루역 (primary=KEY_3)
2026-06-10 05:53:49,232 [INFO] [92/121] 서울역 (primary=KEY_4)
2026-06-10 05:53:50,684 [INFO] [93/121] 선릉역 (primary=KEY_1)
2026-06-10 05:53:52,264 [INFO] [94/121] 성신여대입구역 (primary=KEY_2)
2026-06-10 05:53:53,437 [INFO] [95/121] 수유역 (primary=KEY_3)
2026-06-10 05:53:54,795 [INFO] [96/121] 숭례문 (primary=KEY_4)
2026-06-10 05:53:56,196 [INFO] [97/121] 시의회 앞 (primary=KEY_1)
2026-06-10 05:53:57,555 [INFO] [98/121] 신논현역·논현역 (primary=KEY_2)
2026-06-10 05:53:58,947 [INFO] [99/121] 신도림역 (primary=KEY_3)
2026-06-10 05:54:00,105 [INFO] [100/121] 신림역 (primary=KEY_4)
2026-06-10 05:54:01,334 [INFO] [101/121] 신정네거리역 (primary=KEY_1)
2026-06-10 05:54:02,493 [INFO] [102/121] 신촌·이대역 (primary=KEY_2)
2026-06-10 05:54:03,844 [INFO] [103/121] 쌍문역 (primary=KEY_3)
2026-06-10 05:54:05,002 [INFO] [104/121] 양재역 (primary=KEY_4)
2026-06-10 05:54:06,408 [INFO] [105/121] 역삼역 (primary=KEY_1)
2026-06-10 05:54:07,743 [INFO] [106/121] 연신내역 (primary=KEY_2)
2026-06-10 05:54:08,906 [INFO] [107/121] 오목교역·목동운동장 (primary=KEY_3)
2026-06-10 05:54:10,455 [INFO] [108/121] 왕십리역 (primary=KEY_4)
2026-06-10 05:54:11,859 [INFO] [109/121] 용산역 (primary=KEY_1)
2026-06-10 05:54:13,214 [INFO] [110/121] 이태원역 (primary=KEY_2)
2026-06-10 05:54:14,362 [INFO] [111/121] 잠실새내역 (primary=KEY_3)
2026-06-10 05:54:15,701 [INFO] [112/121] 잠실역 (primary=KEY_4)
2026-06-10 05:54:17,072 [INFO] [113/121] 장지역 (primary=KEY_1)
2026-06-10 05:54:18,416 [INFO] [114/121] 장한평역 (primary=KEY_2)
2026-06-10 05:54:19,766 [INFO] [115/121] 천호역 (primary=KEY_3)
2026-06-10 05:54:21,124 [INFO] [116/121] 총신대입구(이수)역 (primary=KEY_4)
2026-06-10 05:54:22,569 [INFO] [117/121] 충정로역 (primary=KEY_1)
2026-06-10 05:54:23,724 [INFO] [118/121] 합정역 (primary=KEY_2)
2026-06-10 05:54:25,125 [INFO] [119/121] 혜화역 (primary=KEY_3)
2026-06-10 05:54:26,490 [INFO] [120/121] 홍대입구역(2호선) (primary=KEY_4)
2026-06-10 05:54:27,676 [INFO] [121/121] 회기역 (primary=KEY_1)
2026-06-10 05:54:30,090 [INFO] === 수집 완료 | 성공 121, 실패 0 ===
2026-06-10 05:54:30,090 [INFO] 카테고리별 저장 결과:
2026-06-10 05:54:30,091 [INFO]    accident                  | 신규     2행 | 누적      8행 | 16컬럼
2026-06-10 05:54:30,091 [INFO]    accident_acdnt_cntrl_stts | 신규     2행 | 누적      8행 | 16컬럼
2026-06-10 05:54:30,091 [INFO]    area_meta                 | 신규   121행 | 누적    605행 | 5컬럼
2026-06-10 05:54:30,091 [INFO]    bike                      | 신규    11행 | 누적     55행 | 12컬럼
2026-06-10 05:54:30,091 [INFO]    bike_sbike_stts           | 신규   544행 | 누적   2720행 | 12컬럼
2026-06-10 05:54:30,091 [INFO]    bus                       | 신규     3행 | 누적     15행 | 11컬럼
2026-06-10 05:54:30,091 [INFO]    bus_bus_stn_stts          | 신규  1745행 | 누적   8725행 | 11컬럼
2026-06-10 05:54:30,091 [INFO]    charger                   | 신규    22행 | 누적     84행 | 15컬럼
2026-06-10 05:54:30,091 [INFO]    charger_charger_stts      | 신규   395행 | 누적   3952행 | 15컬럼
2026-06-10 05:54:30,091 [INFO]    cmrcl                     | 신규    82행 | 누적    410행 | 20컬럼
2026-06-10 05:54:30,091 [INFO]    events                    | 신규    16행 | 누적     80행 | 14컬럼
2026-06-10 05:54:30,091 [INFO]    events_event_stts         | 신규   167행 | 누적    815행 | 14컬럼
2026-06-10 05:54:30,091 [INFO]    parking                   | 신규     6행 | 누적     30행 | 21컬럼
2026-06-10 05:54:30,091 [INFO]    parking_prk_stts          | 신규  1831행 | 누적   9155행 | 21컬럼
2026-06-10 05:54:30,091 [INFO]    ppltn                     | 신규   121행 | 누적    605행 | 26컬럼
2026-06-10 05:54:30,091 [INFO]    road                      | 신규   121행 | 누적    605행 | 21컬럼
2026-06-10 05:54:30,091 [INFO]    road_road_traffic_stts    | 신규  5254행 | 누적  26270행 | 17컬럼
2026-06-10 05:54:30,091 [INFO]    subway                    | 신규    38행 | 누적    190행 | 13컬럼
2026-06-10 05:54:30,091 [INFO]    subway_sub_stts           | 신규   183행 | 누적    915행 | 13컬럼
2026-06-10 05:54:30,091 [INFO]    weather                   | 신규   119행 | 누적    595행 | 29컬럼
2026-06-10 05:54:30,091 [INFO] 키별 사용량:
2026-06-10 05:54:30,091 [INFO]    🟢 KEY_1 (31/1000) 
2026-06-10 05:54:30,091 [INFO]    🟢 KEY_2 (30/1000) 
2026-06-10 05:54:30,091 [INFO]    🟢 KEY_3 (30/1000) 
2026-06-10 05:54:30,091 [INFO]    🟢 KEY_4 (30/1000) 
2026-06-10 06:42:47,018 [INFO] 등록된 키: 4개, 합산 한도 4,000건/일
2026-06-10 06:42:47,019 [INFO] POI 로드: 매뉴얼 v8.5 기준 fallback 121개 (121개 전체)
2026-06-10 06:42:47,019 [INFO] === 수집 시작 2026-06-10T06:42:47.019546+09:00 ===
2026-06-10 06:42:47,019 [INFO] 대상 장소: 121개 | API: citydata (통합)
2026-06-10 06:42:47,019 [INFO] 키 풀: 4/4 활성 | 오늘 사용 0/4000건
2026-06-10 06:42:47,019 [INFO]   [KEY_1] 담당 31장소
2026-06-10 06:42:47,019 [INFO]   [KEY_2] 담당 30장소
2026-06-10 06:42:47,019 [INFO]   [KEY_3] 담당 30장소
2026-06-10 06:42:47,020 [INFO]   [KEY_4] 담당 30장소
2026-06-10 06:42:47,020 [INFO] [1/121] 경복궁 (primary=KEY_1)
2026-06-10 06:42:48,864 [INFO] [2/121] 광화문·덕수궁 (primary=KEY_2)
2026-06-10 06:42:50,244 [INFO] [3/121] 보신각 (primary=KEY_3)
2026-06-10 06:42:51,843 [INFO] [4/121] 서울 암사동 유적 (primary=KEY_4)
2026-06-10 06:42:53,410 [INFO] [5/121] 창덕궁·종묘 (primary=KEY_1)
2026-06-10 06:42:54,488 [INFO] [6/121] 강남 MICE 관광특구 (primary=KEY_2)
2026-06-10 06:42:55,585 [INFO] [7/121] 동대문 관광특구 (primary=KEY_3)
2026-06-10 06:42:57,392 [INFO] [8/121] 명동 관광특구 (primary=KEY_4)
2026-06-10 06:42:58,833 [INFO] [9/121] 이태원 관광특구 (primary=KEY_1)
2026-06-10 06:43:00,451 [INFO] [10/121] 잠실 관광특구 (primary=KEY_2)
2026-06-10 06:43:02,402 [INFO] [11/121] 종로·청계 관광특구 (primary=KEY_3)
2026-06-10 06:43:04,194 [INFO] [12/121] 홍대 관광특구 (primary=KEY_4)
2026-06-10 06:43:05,723 [INFO] [13/121] 강서한강공원 (primary=KEY_1)
2026-06-10 06:43:07,181 [INFO] [14/121] 고척돔 (primary=KEY_2)
2026-06-10 06:43:08,871 [INFO] [15/121] 광나루한강공원 (primary=KEY_3)
2026-06-10 06:43:09,939 [INFO] [16/121] 광화문광장 (primary=KEY_4)
2026-06-10 06:43:11,542 [INFO] [17/121] 국립중앙박물관·용산가족공원 (primary=KEY_1)
2026-06-10 06:43:12,495 [INFO] [18/121] 난지한강공원 (primary=KEY_2)
2026-06-10 06:43:13,435 [INFO] [19/121] 남산공원 (primary=KEY_3)
2026-06-10 06:43:14,686 [INFO] [20/121] 노들섬 (primary=KEY_4)
2026-06-10 06:43:15,633 [INFO] [21/121] 뚝섬한강공원 (primary=KEY_1)
2026-06-10 06:43:16,589 [INFO] [22/121] 망원한강공원 (primary=KEY_2)
2026-06-10 06:43:17,681 [INFO] [23/121] 반포한강공원 (primary=KEY_3)
2026-06-10 06:43:18,650 [INFO] [24/121] 보라매공원 (primary=KEY_4)
2026-06-10 06:43:19,611 [INFO] [25/121] 북서울꿈의숲 (primary=KEY_1)
2026-06-10 06:43:20,675 [INFO] [26/121] 서대문독립공원 (primary=KEY_2)
2026-06-10 06:43:21,661 [INFO] [27/121] 서리풀공원·몽마르뜨공원 (primary=KEY_3)
2026-06-10 06:43:22,772 [INFO] [28/121] 서울대공원 (primary=KEY_4)
2026-06-10 06:43:23,709 [INFO] [29/121] 서울숲공원 (primary=KEY_1)
2026-06-10 06:43:24,793 [INFO] [30/121] 송현녹지광장 (primary=KEY_2)
2026-06-10 06:43:26,392 [INFO] [31/121] 아차산 (primary=KEY_3)
2026-06-10 06:43:27,337 [INFO] [32/121] 안양천 (primary=KEY_4)
2026-06-10 06:43:29,037 [INFO] [33/121] 양화한강공원 (primary=KEY_1)
2026-06-10 06:43:29,992 [INFO] [34/121] 어린이대공원 (primary=KEY_2)
2026-06-10 06:43:31,089 [INFO] [35/121] 여의도한강공원 (primary=KEY_3)
2026-06-10 06:43:32,296 [INFO] [36/121] 여의서로 (primary=KEY_4)
2026-06-10 06:43:33,368 [INFO] [37/121] 올림픽공원 (primary=KEY_1)
2026-06-10 06:43:34,603 [INFO] [38/121] 월드컵공원 (primary=KEY_2)
2026-06-10 06:43:35,848 [INFO] [39/121] 응봉산 (primary=KEY_3)
2026-06-10 06:43:36,915 [INFO] [40/121] 이촌한강공원 (primary=KEY_4)
2026-06-10 06:43:38,356 [INFO] [41/121] 잠실종합운동장 (primary=KEY_1)
2026-06-10 06:43:39,314 [INFO] [42/121] 잠실한강공원 (primary=KEY_2)
2026-06-10 06:43:40,271 [INFO] [43/121] 잠원한강공원 (primary=KEY_3)
2026-06-10 06:43:41,215 [INFO] [44/121] 청계산 (primary=KEY_4)
2026-06-10 06:43:42,156 [INFO] [45/121] 홍제폭포 (primary=KEY_1)
2026-06-10 06:43:43,087 [INFO] [46/121] 가락시장 (primary=KEY_2)
2026-06-10 06:43:44,191 [INFO] [47/121] 가로수길 (primary=KEY_3)
2026-06-10 06:43:45,310 [INFO] [48/121] 광장(전통)시장 (primary=KEY_4)
2026-06-10 06:43:46,273 [INFO] [49/121] 김포공항 (primary=KEY_1)
2026-06-10 06:43:47,495 [INFO] [50/121] 남대문시장 (primary=KEY_2)
2026-06-10 06:43:48,572 [INFO] [51/121] 노량진 (primary=KEY_3)
2026-06-10 06:43:50,218 [INFO] [52/121] 덕수궁길·정동길 (primary=KEY_4)
2026-06-10 06:43:51,341 [INFO] [53/121] 북창동 먹자골목 (primary=KEY_1)
2026-06-10 06:43:52,428 [INFO] [54/121] 북촌한옥마을 (primary=KEY_2)
2026-06-10 06:43:53,647 [INFO] [55/121] 서촌 (primary=KEY_3)
2026-06-10 06:43:54,724 [INFO] [56/121] 성수카페거리 (primary=KEY_4)
2026-06-10 06:43:55,964 [INFO] [57/121] 송리단길·호수단길 (primary=KEY_1)
2026-06-10 06:43:57,122 [INFO] [58/121] 신촌 스타광장 (primary=KEY_2)
2026-06-10 06:43:58,091 [INFO] [59/121] 압구정로데오거리 (primary=KEY_3)
2026-06-10 06:43:59,716 [INFO] [60/121] 여의도 (primary=KEY_4)
2026-06-10 06:44:01,411 [INFO] [61/121] 연남동 (primary=KEY_1)
2026-06-10 06:44:02,498 [INFO] [62/121] 영등포 타임스퀘어 (primary=KEY_2)
2026-06-10 06:44:03,578 [INFO] [63/121] 용리단길 (primary=KEY_3)
2026-06-10 06:44:04,562 [INFO] [64/121] 이태원 앤틱가구거리 (primary=KEY_4)
2026-06-10 06:44:05,637 [INFO] [65/121] 익선동 (primary=KEY_1)
2026-06-10 06:44:06,734 [INFO] [66/121] 인사동 (primary=KEY_2)
2026-06-10 06:44:07,975 [INFO] [67/121] 잠실롯데타워·석촌호수 (primary=KEY_3)
2026-06-10 06:44:09,342 [INFO] [68/121] 창동 신경제 중심지 (primary=KEY_4)
2026-06-10 06:44:10,710 [INFO] [69/121] 청담동 명품거리 (primary=KEY_1)
2026-06-10 06:44:11,794 [INFO] [70/121] 청량리 제기동 일대 전통시장 (primary=KEY_2)
2026-06-10 06:44:12,917 [INFO] [71/121] 해방촌·경리단길 (primary=KEY_3)
2026-06-10 06:44:13,881 [INFO] [72/121] DDP(동대문디자인플라자) (primary=KEY_4)
2026-06-10 06:44:15,000 [INFO] [73/121] DMC(디지털미디어시티) (primary=KEY_1)
2026-06-10 06:44:16,428 [INFO] [74/121] 가산디지털단지역 (primary=KEY_2)
2026-06-10 06:44:17,915 [INFO] [75/121] 강남역 (primary=KEY_3)
2026-06-10 06:44:19,186 [INFO] [76/121] 건대입구역 (primary=KEY_4)
2026-06-10 06:44:20,322 [INFO] [77/121] 고덕역 (primary=KEY_1)
2026-06-10 06:44:21,419 [INFO] [78/121] 고속터미널역 (primary=KEY_2)
2026-06-10 06:44:22,548 [INFO] [79/121] 교대역 (primary=KEY_3)
2026-06-10 06:44:23,631 [INFO] [80/121] 구로디지털단지역 (primary=KEY_4)
2026-06-10 06:44:24,979 [INFO] [81/121] 구로역 (primary=KEY_1)
2026-06-10 06:44:26,052 [INFO] [82/121] 군자역 (primary=KEY_2)
2026-06-10 06:44:27,139 [INFO] [83/121] 대림역 (primary=KEY_3)
2026-06-10 06:44:28,239 [INFO] [84/121] 동대문역 (primary=KEY_4)
2026-06-10 06:44:29,353 [INFO] [85/121] 뚝섬역 (primary=KEY_1)
2026-06-10 06:44:30,445 [INFO] [86/121] 미아사거리역 (primary=KEY_2)
2026-06-10 06:44:31,544 [INFO] [87/121] 발산역 (primary=KEY_3)
2026-06-10 06:44:32,888 [INFO] [88/121] 사당역 (primary=KEY_4)
2026-06-10 06:44:33,999 [INFO] [89/121] 삼각지역 (primary=KEY_1)
2026-06-10 06:44:35,082 [INFO] [90/121] 서울대입구역 (primary=KEY_2)
2026-06-10 06:44:36,224 [INFO] [91/121] 서울식물원·마곡나루역 (primary=KEY_3)
2026-06-10 06:44:37,451 [INFO] [92/121] 서울역 (primary=KEY_4)
2026-06-10 06:44:39,498 [INFO] [93/121] 선릉역 (primary=KEY_1)
2026-06-10 06:44:40,891 [INFO] [94/121] 성신여대입구역 (primary=KEY_2)
2026-06-10 06:44:41,860 [INFO] [95/121] 수유역 (primary=KEY_3)
2026-06-10 06:44:42,944 [INFO] [96/121] 숭례문 (primary=KEY_4)
2026-06-10 06:44:44,041 [INFO] [97/121] 시의회 앞 (primary=KEY_1)
2026-06-10 06:44:45,157 [INFO] [98/121] 신논현역·논현역 (primary=KEY_2)
2026-06-10 06:44:46,276 [INFO] [99/121] 신도림역 (primary=KEY_3)
2026-06-10 06:44:47,237 [INFO] [100/121] 신림역 (primary=KEY_4)
2026-06-10 06:44:48,334 [INFO] [101/121] 신정네거리역 (primary=KEY_1)
2026-06-10 06:44:49,446 [INFO] [102/121] 신촌·이대역 (primary=KEY_2)
2026-06-10 06:44:50,542 [INFO] [103/121] 쌍문역 (primary=KEY_3)
2026-06-10 06:44:51,636 [INFO] [104/121] 양재역 (primary=KEY_4)
2026-06-10 06:44:52,738 [INFO] [105/121] 역삼역 (primary=KEY_1)
2026-06-10 06:44:53,961 [INFO] [106/121] 연신내역 (primary=KEY_2)
2026-06-10 06:44:54,943 [INFO] [107/121] 오목교역·목동운동장 (primary=KEY_3)
2026-06-10 06:44:56,431 [INFO] [108/121] 왕십리역 (primary=KEY_4)
2026-06-10 06:44:57,690 [INFO] [109/121] 용산역 (primary=KEY_1)
2026-06-10 06:44:58,931 [INFO] [110/121] 이태원역 (primary=KEY_2)
2026-06-10 06:44:59,949 [INFO] [111/121] 잠실새내역 (primary=KEY_3)
2026-06-10 06:45:01,051 [INFO] [112/121] 잠실역 (primary=KEY_4)
2026-06-10 06:45:02,298 [INFO] [113/121] 장지역 (primary=KEY_1)
2026-06-10 06:45:03,505 [INFO] [114/121] 장한평역 (primary=KEY_2)
2026-06-10 06:45:04,588 [INFO] [115/121] 천호역 (primary=KEY_3)
2026-06-10 06:45:05,676 [INFO] [116/121] 총신대입구(이수)역 (primary=KEY_4)
2026-06-10 06:45:06,749 [INFO] [117/121] 충정로역 (primary=KEY_1)
2026-06-10 06:45:07,830 [INFO] [118/121] 합정역 (primary=KEY_2)
2026-06-10 06:45:08,919 [INFO] [119/121] 혜화역 (primary=KEY_3)
2026-06-10 06:45:09,998 [INFO] [120/121] 홍대입구역(2호선) (primary=KEY_4)
2026-06-10 06:45:11,117 [INFO] [121/121] 회기역 (primary=KEY_1)
2026-06-10 06:45:13,419 [INFO] === 수집 완료 | 성공 121, 실패 0 ===
2026-06-10 06:45:13,419 [INFO] 카테고리별 저장 결과:
2026-06-10 06:45:13,419 [INFO]    accident                  | 신규     1행 | 누적      9행 | 16컬럼
2026-06-10 06:45:13,419 [INFO]    area_meta                 | 신규   121행 | 누적    726행 | 5컬럼
2026-06-10 06:45:13,419 [INFO]    bike                      | 신규    11행 | 누적     66행 | 12컬럼
2026-06-10 06:45:13,419 [INFO]    bike_sbike_stts           | 신규   544행 | 누적   3264행 | 12컬럼
2026-06-10 06:45:13,419 [INFO]    bus                       | 신규     3행 | 누적     18행 | 11컬럼
2026-06-10 06:45:13,420 [INFO]    bus_bus_stn_stts          | 신규  1745행 | 누적  10470행 | 11컬럼
2026-06-10 06:45:13,420 [INFO]    charger                   | 신규     4행 | 누적     88행 | 15컬럼
2026-06-10 06:45:13,420 [INFO]    charger_charger_stts      | 신규  1907행 | 누적   5844행 | 15컬럼
2026-06-10 06:45:13,420 [INFO]    cmrcl                     | 신규    82행 | 누적    492행 | 20컬럼
2026-06-10 06:45:13,420 [INFO]    events                    | 신규    16행 | 누적     96행 | 14컬럼
2026-06-10 06:45:13,420 [INFO]    events_event_stts         | 신규   167행 | 누적    982행 | 14컬럼
2026-06-10 06:45:13,420 [INFO]    parking                   | 신규     6행 | 누적     36행 | 21컬럼
2026-06-10 06:45:13,420 [INFO]    parking_prk_stts          | 신규  1831행 | 누적  10986행 | 21컬럼
2026-06-10 06:45:13,420 [INFO]    ppltn                     | 신규   121행 | 누적    726행 | 26컬럼
2026-06-10 06:45:13,420 [INFO]    road                      | 신규   121행 | 누적    726행 | 21컬럼
2026-06-10 06:45:13,420 [INFO]    road_road_traffic_stts    | 신규  5254행 | 누적  31524행 | 17컬럼
2026-06-10 06:45:13,420 [INFO]    subway                    | 신규    38행 | 누적    228행 | 13컬럼
2026-06-10 06:45:13,420 [INFO]    subway_sub_stts           | 신규   183행 | 누적   1098행 | 13컬럼
2026-06-10 06:45:13,420 [INFO]    weather                   | 신규   119행 | 누적    714행 | 29컬럼
2026-06-10 06:45:13,420 [INFO] 키별 사용량:
2026-06-10 06:45:13,420 [INFO]    🟢 KEY_1 (31/1000) 
2026-06-10 06:45:13,420 [INFO]    🟢 KEY_2 (30/1000) 
2026-06-10 06:45:13,420 [INFO]    🟢 KEY_3 (30/1000) 
2026-06-10 06:45:13,420 [INFO]    🟢 KEY_4 (30/1000) 
2026-06-10 07:42:08,628 [INFO] 등록된 키: 4개, 합산 한도 4,000건/일
2026-06-10 07:42:08,628 [INFO] POI 로드: 매뉴얼 v8.5 기준 fallback 121개 (121개 전체)
2026-06-10 07:42:08,628 [INFO] === 수집 시작 2026-06-10T07:42:08.628844+09:00 ===
2026-06-10 07:42:08,628 [INFO] 대상 장소: 121개 | API: citydata (통합)
2026-06-10 07:42:08,629 [INFO] 키 풀: 4/4 활성 | 오늘 사용 0/4000건
2026-06-10 07:42:08,629 [INFO]   [KEY_1] 담당 31장소
2026-06-10 07:42:08,629 [INFO]   [KEY_2] 담당 30장소
2026-06-10 07:42:08,629 [INFO]   [KEY_3] 담당 30장소
2026-06-10 07:42:08,629 [INFO]   [KEY_4] 담당 30장소
2026-06-10 07:42:08,629 [INFO] [1/121] 경복궁 (primary=KEY_1)
2026-06-10 07:42:10,726 [INFO] [2/121] 광화문·덕수궁 (primary=KEY_2)
2026-06-10 07:42:13,391 [INFO] [3/121] 보신각 (primary=KEY_3)
2026-06-10 07:42:15,662 [INFO] [4/121] 서울 암사동 유적 (primary=KEY_4)
2026-06-10 07:42:17,456 [INFO] [5/121] 창덕궁·종묘 (primary=KEY_1)
2026-06-10 07:42:19,351 [INFO] [6/121] 강남 MICE 관광특구 (primary=KEY_2)
2026-06-10 07:42:21,446 [INFO] [7/121] 동대문 관광특구 (primary=KEY_3)
2026-06-10 07:42:23,680 [INFO] [8/121] 명동 관광특구 (primary=KEY_4)
2026-06-10 07:42:25,679 [INFO] [9/121] 이태원 관광특구 (primary=KEY_1)
2026-06-10 07:42:28,196 [INFO] [10/121] 잠실 관광특구 (primary=KEY_2)
2026-06-10 07:42:30,007 [INFO] [11/121] 종로·청계 관광특구 (primary=KEY_3)
2026-06-10 07:42:31,627 [INFO] [12/121] 홍대 관광특구 (primary=KEY_4)
2026-06-10 07:42:33,986 [INFO] [13/121] 강서한강공원 (primary=KEY_1)
2026-06-10 07:42:35,101 [INFO] [14/121] 고척돔 (primary=KEY_2)
2026-06-10 07:42:36,230 [INFO] [15/121] 광나루한강공원 (primary=KEY_3)
2026-06-10 07:42:37,551 [INFO] [16/121] 광화문광장 (primary=KEY_4)
2026-06-10 07:42:39,656 [INFO] [17/121] 국립중앙박물관·용산가족공원 (primary=KEY_1)
2026-06-10 07:42:40,801 [INFO] [18/121] 난지한강공원 (primary=KEY_2)
2026-06-10 07:42:41,922 [INFO] [19/121] 남산공원 (primary=KEY_3)
2026-06-10 07:42:44,264 [INFO] [20/121] 노들섬 (primary=KEY_4)
2026-06-10 07:42:46,517 [INFO] [21/121] 뚝섬한강공원 (primary=KEY_1)
2026-06-10 07:42:48,330 [INFO] [22/121] 망원한강공원 (primary=KEY_2)
2026-06-10 07:42:49,673 [INFO] [23/121] 반포한강공원 (primary=KEY_3)
2026-06-10 07:42:51,556 [INFO] [24/121] 보라매공원 (primary=KEY_4)
2026-06-10 07:42:52,905 [INFO] [25/121] 북서울꿈의숲 (primary=KEY_1)
2026-06-10 07:42:54,227 [INFO] [26/121] 서대문독립공원 (primary=KEY_2)
2026-06-10 07:42:55,387 [INFO] [27/121] 서리풀공원·몽마르뜨공원 (primary=KEY_3)
2026-06-10 07:42:57,844 [INFO] [28/121] 서울대공원 (primary=KEY_4)
2026-06-10 07:42:58,969 [INFO] [29/121] 서울숲공원 (primary=KEY_1)
2026-06-10 07:43:00,320 [INFO] [30/121] 송현녹지광장 (primary=KEY_2)
2026-06-10 07:43:01,652 [INFO] [31/121] 아차산 (primary=KEY_3)
2026-06-10 07:43:02,797 [INFO] [32/121] 안양천 (primary=KEY_4)
2026-06-10 07:43:03,921 [INFO] [33/121] 양화한강공원 (primary=KEY_1)
2026-06-10 07:43:05,811 [INFO] [34/121] 어린이대공원 (primary=KEY_2)
2026-06-10 07:43:07,174 [INFO] [35/121] 여의도한강공원 (primary=KEY_3)
2026-06-10 07:43:09,089 [INFO] [36/121] 여의서로 (primary=KEY_4)
2026-06-10 07:43:10,409 [INFO] [37/121] 올림픽공원 (primary=KEY_1)
2026-06-10 07:43:11,992 [INFO] [38/121] 월드컵공원 (primary=KEY_2)
2026-06-10 07:43:13,528 [INFO] [39/121] 응봉산 (primary=KEY_3)
2026-06-10 07:43:15,644 [INFO] [40/121] 이촌한강공원 (primary=KEY_4)
2026-06-10 07:43:16,785 [INFO] [41/121] 잠실종합운동장 (primary=KEY_1)
2026-06-10 07:43:17,935 [INFO] [42/121] 잠실한강공원 (primary=KEY_2)
2026-06-10 07:43:19,080 [INFO] [43/121] 잠원한강공원 (primary=KEY_3)
2026-06-10 07:43:20,210 [INFO] [44/121] 청계산 (primary=KEY_4)
2026-06-10 07:43:21,335 [INFO] [45/121] 홍제폭포 (primary=KEY_1)
2026-06-10 07:43:22,463 [INFO] [46/121] 가락시장 (primary=KEY_2)
2026-06-10 07:43:23,809 [INFO] [47/121] 가로수길 (primary=KEY_3)
2026-06-10 07:43:25,176 [INFO] [48/121] 광장(전통)시장 (primary=KEY_4)
2026-06-10 07:43:26,321 [INFO] [49/121] 김포공항 (primary=KEY_1)
2026-06-10 07:43:27,846 [INFO] [50/121] 남대문시장 (primary=KEY_2)
2026-06-10 07:43:29,174 [INFO] [51/121] 노량진 (primary=KEY_3)
2026-06-10 07:43:31,201 [INFO] [52/121] 덕수궁길·정동길 (primary=KEY_4)
2026-06-10 07:43:32,564 [INFO] [53/121] 북창동 먹자골목 (primary=KEY_1)
2026-06-10 07:43:34,066 [INFO] [54/121] 북촌한옥마을 (primary=KEY_2)
2026-06-10 07:43:35,564 [INFO] [55/121] 서촌 (primary=KEY_3)
2026-06-10 07:43:36,890 [INFO] [56/121] 성수카페거리 (primary=KEY_4)
2026-06-10 07:43:38,455 [INFO] [57/121] 송리단길·호수단길 (primary=KEY_1)
2026-06-10 07:43:39,823 [INFO] [58/121] 신촌 스타광장 (primary=KEY_2)
2026-06-10 07:43:40,958 [INFO] [59/121] 압구정로데오거리 (primary=KEY_3)
2026-06-10 07:43:42,295 [INFO] [60/121] 여의도 (primary=KEY_4)
2026-06-10 07:43:44,283 [INFO] [61/121] 연남동 (primary=KEY_1)
2026-06-10 07:43:46,290 [INFO] [62/121] 영등포 타임스퀘어 (primary=KEY_2)
2026-06-10 07:43:47,630 [INFO] [63/121] 용리단길 (primary=KEY_3)
2026-06-10 07:43:48,775 [INFO] [64/121] 이태원 앤틱가구거리 (primary=KEY_4)
2026-06-10 07:43:50,858 [INFO] [65/121] 익선동 (primary=KEY_1)
2026-06-10 07:43:52,902 [INFO] [66/121] 인사동 (primary=KEY_2)
2026-06-10 07:43:54,265 [INFO] [67/121] 잠실롯데타워·석촌호수 (primary=KEY_3)
2026-06-10 07:43:55,794 [INFO] [68/121] 창동 신경제 중심지 (primary=KEY_4)
2026-06-10 07:43:57,514 [INFO] [69/121] 청담동 명품거리 (primary=KEY_1)
2026-06-10 07:43:58,844 [INFO] [70/121] 청량리 제기동 일대 전통시장 (primary=KEY_2)
2026-06-10 07:44:00,997 [INFO] [71/121] 해방촌·경리단길 (primary=KEY_3)
2026-06-10 07:44:03,068 [INFO] [72/121] DDP(동대문디자인플라자) (primary=KEY_4)
2026-06-10 07:44:05,379 [INFO] [73/121] DMC(디지털미디어시티) (primary=KEY_1)
2026-06-10 07:44:07,958 [INFO] [74/121] 가산디지털단지역 (primary=KEY_2)
2026-06-10 07:44:10,452 [INFO] [75/121] 강남역 (primary=KEY_3)
2026-06-10 07:44:13,147 [INFO] [76/121] 건대입구역 (primary=KEY_4)
2026-06-10 07:44:15,101 [INFO] [77/121] 고덕역 (primary=KEY_1)
2026-06-10 07:44:16,453 [INFO] [78/121] 고속터미널역 (primary=KEY_2)
2026-06-10 07:44:18,559 [INFO] [79/121] 교대역 (primary=KEY_3)
2026-06-10 07:44:19,714 [INFO] [80/121] 구로디지털단지역 (primary=KEY_4)
2026-06-10 07:44:21,229 [INFO] [81/121] 구로역 (primary=KEY_1)
2026-06-10 07:44:22,372 [INFO] [82/121] 군자역 (primary=KEY_2)
2026-06-10 07:44:24,301 [INFO] [83/121] 대림역 (primary=KEY_3)
2026-06-10 07:44:26,422 [INFO] [84/121] 동대문역 (primary=KEY_4)
2026-06-10 07:44:27,761 [INFO] [85/121] 뚝섬역 (primary=KEY_1)
2026-06-10 07:44:29,869 [INFO] [86/121] 미아사거리역 (primary=KEY_2)
2026-06-10 07:44:31,271 [INFO] [87/121] 발산역 (primary=KEY_3)
2026-06-10 07:44:32,785 [INFO] [88/121] 사당역 (primary=KEY_4)
2026-06-10 07:44:35,069 [INFO] [89/121] 삼각지역 (primary=KEY_1)
2026-06-10 07:44:36,823 [INFO] [90/121] 서울대입구역 (primary=KEY_2)
2026-06-10 07:44:38,761 [INFO] [91/121] 서울식물원·마곡나루역 (primary=KEY_3)
2026-06-10 07:44:40,114 [INFO] [92/121] 서울역 (primary=KEY_4)
2026-06-10 07:44:41,736 [INFO] [93/121] 선릉역 (primary=KEY_1)
2026-06-10 07:44:43,304 [INFO] [94/121] 성신여대입구역 (primary=KEY_2)
2026-06-10 07:44:45,226 [INFO] [95/121] 수유역 (primary=KEY_3)
2026-06-10 07:44:46,599 [INFO] [96/121] 숭례문 (primary=KEY_4)
2026-06-10 07:44:49,104 [INFO] [97/121] 시의회 앞 (primary=KEY_1)
2026-06-10 07:44:50,472 [INFO] [98/121] 신논현역·논현역 (primary=KEY_2)
2026-06-10 07:44:52,605 [INFO] [99/121] 신도림역 (primary=KEY_3)
2026-06-10 07:44:54,541 [INFO] [100/121] 신림역 (primary=KEY_4)
2026-06-10 07:44:55,709 [INFO] [101/121] 신정네거리역 (primary=KEY_1)
2026-06-10 07:44:56,861 [INFO] [102/121] 신촌·이대역 (primary=KEY_2)
2026-06-10 07:44:58,212 [INFO] [103/121] 쌍문역 (primary=KEY_3)
2026-06-10 07:44:59,361 [INFO] [104/121] 양재역 (primary=KEY_4)
2026-06-10 07:45:00,881 [INFO] [105/121] 역삼역 (primary=KEY_1)
2026-06-10 07:45:02,248 [INFO] [106/121] 연신내역 (primary=KEY_2)
2026-06-10 07:45:03,402 [INFO] [107/121] 오목교역·목동운동장 (primary=KEY_3)
2026-06-10 07:45:05,691 [INFO] [108/121] 왕십리역 (primary=KEY_4)
2026-06-10 07:45:07,060 [INFO] [109/121] 용산역 (primary=KEY_1)
2026-06-10 07:45:08,574 [INFO] [110/121] 이태원역 (primary=KEY_2)
2026-06-10 07:45:10,485 [INFO] [111/121] 잠실새내역 (primary=KEY_3)
2026-06-10 07:45:11,888 [INFO] [112/121] 잠실역 (primary=KEY_4)
2026-06-10 07:45:13,223 [INFO] [113/121] 장지역 (primary=KEY_1)
2026-06-10 07:45:14,745 [INFO] [114/121] 장한평역 (primary=KEY_2)
2026-06-10 07:45:16,068 [INFO] [115/121] 천호역 (primary=KEY_3)
2026-06-10 07:45:17,977 [INFO] [116/121] 총신대입구(이수)역 (primary=KEY_4)
2026-06-10 07:45:19,339 [INFO] [117/121] 충정로역 (primary=KEY_1)
2026-06-10 07:45:20,664 [INFO] [118/121] 합정역 (primary=KEY_2)
2026-06-10 07:45:22,031 [INFO] [119/121] 혜화역 (primary=KEY_3)
2026-06-10 07:45:23,366 [INFO] [120/121] 홍대입구역(2호선) (primary=KEY_4)
2026-06-10 07:45:25,813 [INFO] [121/121] 회기역 (primary=KEY_1)
2026-06-10 07:45:28,570 [INFO] === 수집 완료 | 성공 121, 실패 0 ===
2026-06-10 07:45:28,570 [INFO] 카테고리별 저장 결과:
2026-06-10 07:45:28,570 [INFO]    accident                  | 신규     5행 | 누적     14행 | 16컬럼
2026-06-10 07:45:28,571 [INFO]    area_meta                 | 신규   121행 | 누적    847행 | 5컬럼
2026-06-10 07:45:28,571 [INFO]    bike                      | 신규    11행 | 누적     77행 | 12컬럼
2026-06-10 07:45:28,571 [INFO]    bike_sbike_stts           | 신규   544행 | 누적   3808행 | 12컬럼
2026-06-10 07:45:28,571 [INFO]    bus                       | 신규     3행 | 누적     21행 | 11컬럼
2026-06-10 07:45:28,571 [INFO]    bus_bus_stn_stts          | 신규  1745행 | 누적  12215행 | 11컬럼
2026-06-10 07:45:28,571 [INFO]    charger                   | 신규     6행 | 누적     94행 | 15컬럼
2026-06-10 07:45:28,571 [INFO]    charger_charger_stts      | 신규  1267행 | 누적   7101행 | 15컬럼
2026-06-10 07:45:28,571 [INFO]    cmrcl                     | 신규    82행 | 누적    574행 | 20컬럼
2026-06-10 07:45:28,571 [INFO]    events                    | 신규    16행 | 누적    112행 | 14컬럼
2026-06-10 07:45:28,571 [INFO]    events_event_stts         | 신규   167행 | 누적   1149행 | 14컬럼
2026-06-10 07:45:28,571 [INFO]    parking                   | 신규     6행 | 누적     42행 | 21컬럼
2026-06-10 07:45:28,571 [INFO]    parking_prk_stts          | 신규  1831행 | 누적  12817행 | 21컬럼
2026-06-10 07:45:28,571 [INFO]    ppltn                     | 신규   121행 | 누적    847행 | 26컬럼
2026-06-10 07:45:28,571 [INFO]    road                      | 신규   121행 | 누적    847행 | 21컬럼
2026-06-10 07:45:28,571 [INFO]    road_road_traffic_stts    | 신규  5254행 | 누적  36778행 | 17컬럼
2026-06-10 07:45:28,571 [INFO]    subway                    | 신규    38행 | 누적    266행 | 13컬럼
2026-06-10 07:45:28,572 [INFO]    subway_sub_stts           | 신규   183행 | 누적   1281행 | 13컬럼
2026-06-10 07:45:28,572 [INFO]    weather                   | 신규   119행 | 누적    833행 | 29컬럼
2026-06-10 07:45:28,572 [INFO] 키별 사용량:
2026-06-10 07:45:28,572 [INFO]    🟢 KEY_1 (31/1000) 
2026-06-10 07:45:28,572 [INFO]    🟢 KEY_2 (30/1000) 
2026-06-10 07:45:28,572 [INFO]    🟢 KEY_3 (30/1000) 
2026-06-10 07:45:28,572 [INFO]    🟢 KEY_4 (30/1000) 
2026-06-10 08:37:49,345 [INFO] 등록된 키: 4개, 합산 한도 4,000건/일
2026-06-10 08:37:49,346 [INFO] POI 로드: 매뉴얼 v8.5 기준 fallback 121개 (121개 전체)
2026-06-10 08:37:49,346 [INFO] === 수집 시작 2026-06-10T08:37:49.346700+09:00 ===
2026-06-10 08:37:49,346 [INFO] 대상 장소: 121개 | API: citydata (통합)
2026-06-10 08:37:49,346 [INFO] 키 풀: 4/4 활성 | 오늘 사용 0/4000건
2026-06-10 08:37:49,347 [INFO]   [KEY_1] 담당 31장소
2026-06-10 08:37:49,347 [INFO]   [KEY_2] 담당 30장소
2026-06-10 08:37:49,347 [INFO]   [KEY_3] 담당 30장소
2026-06-10 08:37:49,347 [INFO]   [KEY_4] 담당 30장소
2026-06-10 08:37:49,347 [INFO] [1/121] 경복궁 (primary=KEY_1)
2026-06-10 08:37:50,794 [INFO] [2/121] 광화문·덕수궁 (primary=KEY_2)
2026-06-10 08:37:52,913 [INFO] [3/121] 보신각 (primary=KEY_3)
2026-06-10 08:37:54,055 [INFO] [4/121] 서울 암사동 유적 (primary=KEY_4)
2026-06-10 08:37:55,573 [INFO] [5/121] 창덕궁·종묘 (primary=KEY_1)
2026-06-10 08:37:56,950 [INFO] [6/121] 강남 MICE 관광특구 (primary=KEY_2)
2026-06-10 08:37:58,078 [INFO] [7/121] 동대문 관광특구 (primary=KEY_3)
2026-06-10 08:37:59,960 [INFO] [8/121] 명동 관광특구 (primary=KEY_4)
2026-06-10 08:38:01,468 [INFO] [9/121] 이태원 관광특구 (primary=KEY_1)
2026-06-10 08:38:02,876 [INFO] [10/121] 잠실 관광특구 (primary=KEY_2)
2026-06-10 08:38:04,217 [INFO] [11/121] 종로·청계 관광특구 (primary=KEY_3)
2026-06-10 08:38:05,552 [INFO] [12/121] 홍대 관광특구 (primary=KEY_4)
2026-06-10 08:38:06,879 [INFO] [13/121] 강서한강공원 (primary=KEY_1)
2026-06-10 08:38:08,127 [INFO] [14/121] 고척돔 (primary=KEY_2)
2026-06-10 08:38:09,234 [INFO] [15/121] 광나루한강공원 (primary=KEY_3)
2026-06-10 08:38:10,350 [INFO] [16/121] 광화문광장 (primary=KEY_4)
2026-06-10 08:38:11,528 [INFO] [17/121] 국립중앙박물관·용산가족공원 (primary=KEY_1)
2026-06-10 08:38:12,517 [INFO] [18/121] 난지한강공원 (primary=KEY_2)
2026-06-10 08:38:13,617 [INFO] [19/121] 남산공원 (primary=KEY_3)
2026-06-10 08:38:14,915 [INFO] [20/121] 노들섬 (primary=KEY_4)
2026-06-10 08:38:16,146 [INFO] [21/121] 뚝섬한강공원 (primary=KEY_1)
2026-06-10 08:38:17,390 [INFO] [22/121] 망원한강공원 (primary=KEY_2)
2026-06-10 08:38:18,554 [INFO] [23/121] 반포한강공원 (primary=KEY_3)
2026-06-10 08:38:19,534 [INFO] [24/121] 보라매공원 (primary=KEY_4)
2026-06-10 08:38:20,590 [INFO] [25/121] 북서울꿈의숲 (primary=KEY_1)
2026-06-10 08:38:21,560 [INFO] [26/121] 서대문독립공원 (primary=KEY_2)
2026-06-10 08:38:22,554 [INFO] [27/121] 서리풀공원·몽마르뜨공원 (primary=KEY_3)
2026-06-10 08:38:23,716 [INFO] [28/121] 서울대공원 (primary=KEY_4)
2026-06-10 08:38:24,692 [INFO] [29/121] 서울숲공원 (primary=KEY_1)
2026-06-10 08:38:25,969 [INFO] [30/121] 송현녹지광장 (primary=KEY_2)
2026-06-10 08:38:27,096 [INFO] [31/121] 아차산 (primary=KEY_3)
2026-06-10 08:38:28,076 [INFO] [32/121] 안양천 (primary=KEY_4)
2026-06-10 08:38:29,045 [INFO] [33/121] 양화한강공원 (primary=KEY_1)
2026-06-10 08:38:30,050 [INFO] [34/121] 어린이대공원 (primary=KEY_2)
2026-06-10 08:38:31,058 [INFO] [35/121] 여의도한강공원 (primary=KEY_3)
2026-06-10 08:38:32,200 [INFO] [36/121] 여의서로 (primary=KEY_4)
2026-06-10 08:38:33,175 [INFO] [37/121] 올림픽공원 (primary=KEY_1)
2026-06-10 08:38:35,146 [INFO] [38/121] 월드컵공원 (primary=KEY_2)
2026-06-10 08:38:36,449 [INFO] [39/121] 응봉산 (primary=KEY_3)
2026-06-10 08:38:37,576 [INFO] [40/121] 이촌한강공원 (primary=KEY_4)
2026-06-10 08:38:38,540 [INFO] [41/121] 잠실종합운동장 (primary=KEY_1)
2026-06-10 08:38:39,514 [INFO] [42/121] 잠실한강공원 (primary=KEY_2)
2026-06-10 08:38:40,498 [INFO] [43/121] 잠원한강공원 (primary=KEY_3)
2026-06-10 08:38:41,477 [INFO] [44/121] 청계산 (primary=KEY_4)
2026-06-10 08:38:42,449 [INFO] [45/121] 홍제폭포 (primary=KEY_1)
2026-06-10 08:38:43,431 [INFO] [46/121] 가락시장 (primary=KEY_2)
2026-06-10 08:38:44,551 [INFO] [47/121] 가로수길 (primary=KEY_3)
2026-06-10 08:38:45,682 [INFO] [48/121] 광장(전통)시장 (primary=KEY_4)
2026-06-10 08:38:46,685 [INFO] [49/121] 김포공항 (primary=KEY_1)
2026-06-10 08:38:47,841 [INFO] [50/121] 남대문시장 (primary=KEY_2)
2026-06-10 08:38:48,832 [INFO] [51/121] 노량진 (primary=KEY_3)
2026-06-10 08:38:49,965 [INFO] [52/121] 덕수궁길·정동길 (primary=KEY_4)
2026-06-10 08:38:51,228 [INFO] [53/121] 북창동 먹자골목 (primary=KEY_1)
2026-06-10 08:38:52,233 [INFO] [54/121] 북촌한옥마을 (primary=KEY_2)
2026-06-10 08:38:53,493 [INFO] [55/121] 서촌 (primary=KEY_3)
2026-06-10 08:38:54,632 [INFO] [56/121] 성수카페거리 (primary=KEY_4)
2026-06-10 08:38:55,783 [INFO] [57/121] 송리단길·호수단길 (primary=KEY_1)
2026-06-10 08:38:56,913 [INFO] [58/121] 신촌 스타광장 (primary=KEY_2)
2026-06-10 08:38:57,951 [INFO] [59/121] 압구정로데오거리 (primary=KEY_3)
2026-06-10 08:38:59,105 [INFO] [60/121] 여의도 (primary=KEY_4)
2026-06-10 08:39:00,753 [INFO] [61/121] 연남동 (primary=KEY_1)
2026-06-10 08:39:01,864 [INFO] [62/121] 영등포 타임스퀘어 (primary=KEY_2)
2026-06-10 08:39:02,984 [INFO] [63/121] 용리단길 (primary=KEY_3)
2026-06-10 08:39:03,992 [INFO] [64/121] 이태원 앤틱가구거리 (primary=KEY_4)
2026-06-10 08:39:04,988 [INFO] [65/121] 익선동 (primary=KEY_1)
2026-06-10 08:39:06,131 [INFO] [66/121] 인사동 (primary=KEY_2)
2026-06-10 08:39:07,282 [INFO] [67/121] 잠실롯데타워·석촌호수 (primary=KEY_3)
2026-06-10 08:39:08,442 [INFO] [68/121] 창동 신경제 중심지 (primary=KEY_4)
2026-06-10 08:39:09,725 [INFO] [69/121] 청담동 명품거리 (primary=KEY_1)
2026-06-10 08:39:10,856 [INFO] [70/121] 청량리 제기동 일대 전통시장 (primary=KEY_2)
2026-06-10 08:39:12,012 [INFO] [71/121] 해방촌·경리단길 (primary=KEY_3)
2026-06-10 08:39:13,005 [INFO] [72/121] DDP(동대문디자인플라자) (primary=KEY_4)
2026-06-10 08:39:14,177 [INFO] [73/121] DMC(디지털미디어시티) (primary=KEY_1)
2026-06-10 08:39:15,506 [INFO] [74/121] 가산디지털단지역 (primary=KEY_2)
2026-06-10 08:39:16,788 [INFO] [75/121] 강남역 (primary=KEY_3)
2026-06-10 08:39:18,104 [INFO] [76/121] 건대입구역 (primary=KEY_4)
2026-06-10 08:39:19,223 [INFO] [77/121] 고덕역 (primary=KEY_1)
2026-06-10 08:39:20,360 [INFO] [78/121] 고속터미널역 (primary=KEY_2)
2026-06-10 08:39:21,360 [INFO] [79/121] 교대역 (primary=KEY_3)
2026-06-10 08:39:22,409 [INFO] [80/121] 구로디지털단지역 (primary=KEY_4)
2026-06-10 08:39:23,578 [INFO] [81/121] 구로역 (primary=KEY_1)
2026-06-10 08:39:24,573 [INFO] [82/121] 군자역 (primary=KEY_2)
2026-06-10 08:39:25,707 [INFO] [83/121] 대림역 (primary=KEY_3)
2026-06-10 08:39:26,831 [INFO] [84/121] 동대문역 (primary=KEY_4)
2026-06-10 08:39:27,975 [INFO] [85/121] 뚝섬역 (primary=KEY_1)
2026-06-10 08:39:29,108 [INFO] [86/121] 미아사거리역 (primary=KEY_2)
2026-06-10 08:39:30,249 [INFO] [87/121] 발산역 (primary=KEY_3)
2026-06-10 08:39:31,519 [INFO] [88/121] 사당역 (primary=KEY_4)
2026-06-10 08:39:33,210 [INFO] [89/121] 삼각지역 (primary=KEY_1)
2026-06-10 08:39:35,018 [INFO] [90/121] 서울대입구역 (primary=KEY_2)
2026-06-10 08:39:36,160 [INFO] [91/121] 서울식물원·마곡나루역 (primary=KEY_3)
2026-06-10 08:39:37,980 [INFO] [92/121] 서울역 (primary=KEY_4)
2026-06-10 08:39:39,319 [INFO] [93/121] 선릉역 (primary=KEY_1)
2026-06-10 08:39:41,321 [INFO] [94/121] 성신여대입구역 (primary=KEY_2)
2026-06-10 08:39:42,325 [INFO] [95/121] 수유역 (primary=KEY_3)
2026-06-10 08:39:44,281 [INFO] [96/121] 숭례문 (primary=KEY_4)
2026-06-10 08:39:46,249 [INFO] [97/121] 시의회 앞 (primary=KEY_1)
2026-06-10 08:39:48,236 [INFO] [98/121] 신논현역·논현역 (primary=KEY_2)
2026-06-10 08:39:50,211 [INFO] [99/121] 신도림역 (primary=KEY_3)
2026-06-10 08:39:51,325 [INFO] [100/121] 신림역 (primary=KEY_4)
2026-06-10 08:39:53,032 [INFO] [101/121] 신정네거리역 (primary=KEY_1)
2026-06-10 08:39:54,034 [INFO] [102/121] 신촌·이대역 (primary=KEY_2)
2026-06-10 08:39:55,156 [INFO] [103/121] 쌍문역 (primary=KEY_3)
2026-06-10 08:39:56,158 [INFO] [104/121] 양재역 (primary=KEY_4)
2026-06-10 08:39:58,110 [INFO] [105/121] 역삼역 (primary=KEY_1)
2026-06-10 08:39:59,234 [INFO] [106/121] 연신내역 (primary=KEY_2)
2026-06-10 08:40:00,242 [INFO] [107/121] 오목교역·목동운동장 (primary=KEY_3)
2026-06-10 08:40:01,613 [INFO] [108/121] 왕십리역 (primary=KEY_4)
2026-06-10 08:40:02,777 [INFO] [109/121] 용산역 (primary=KEY_1)
2026-06-10 08:40:03,927 [INFO] [110/121] 이태원역 (primary=KEY_2)
2026-06-10 08:40:04,910 [INFO] [111/121] 잠실새내역 (primary=KEY_3)
2026-06-10 08:40:06,050 [INFO] [112/121] 잠실역 (primary=KEY_4)
2026-06-10 08:40:08,221 [INFO] [113/121] 장지역 (primary=KEY_1)
2026-06-10 08:40:09,357 [INFO] [114/121] 장한평역 (primary=KEY_2)
2026-06-10 08:40:10,494 [INFO] [115/121] 천호역 (primary=KEY_3)
2026-06-10 08:40:11,712 [INFO] [116/121] 총신대입구(이수)역 (primary=KEY_4)
2026-06-10 08:40:13,041 [INFO] [117/121] 충정로역 (primary=KEY_1)
2026-06-10 08:40:14,168 [INFO] [118/121] 합정역 (primary=KEY_2)
2026-06-10 08:40:15,288 [INFO] [119/121] 혜화역 (primary=KEY_3)
2026-06-10 08:40:16,417 [INFO] [120/121] 홍대입구역(2호선) (primary=KEY_4)
2026-06-10 08:40:17,558 [INFO] [121/121] 회기역 (primary=KEY_1)
2026-06-10 08:40:20,267 [INFO] === 수집 완료 | 성공 121, 실패 0 ===
2026-06-10 08:40:20,267 [INFO] 카테고리별 저장 결과:
2026-06-10 08:40:20,267 [INFO]    accident                  | 신규     4행 | 누적     18행 | 16컬럼
2026-06-10 08:40:20,268 [INFO]    area_meta                 | 신규   121행 | 누적    968행 | 5컬럼
2026-06-10 08:40:20,268 [INFO]    bike                      | 신규    11행 | 누적     88행 | 12컬럼
2026-06-10 08:40:20,268 [INFO]    bike_sbike_stts           | 신규   544행 | 누적   4352행 | 12컬럼
2026-06-10 08:40:20,268 [INFO]    bus                       | 신규     3행 | 누적     24행 | 11컬럼
2026-06-10 08:40:20,268 [INFO]    bus_bus_stn_stts          | 신규  1745행 | 누적  13960행 | 11컬럼
2026-06-10 08:40:20,268 [INFO]    charger                   | 신규    25행 | 누적    119행 | 15컬럼
2026-06-10 08:40:20,268 [INFO]    charger_charger_stts      | 신규   324행 | 누적   7423행 | 15컬럼
2026-06-10 08:40:20,268 [INFO]    cmrcl                     | 신규    82행 | 누적    656행 | 20컬럼
2026-06-10 08:40:20,268 [INFO]    events                    | 신규    16행 | 누적    128행 | 14컬럼
2026-06-10 08:40:20,268 [INFO]    events_event_stts         | 신규   167행 | 누적   1316행 | 14컬럼
2026-06-10 08:40:20,268 [INFO]    parking                   | 신규     6행 | 누적     48행 | 21컬럼
2026-06-10 08:40:20,268 [INFO]    parking_prk_stts          | 신규  1831행 | 누적  14648행 | 21컬럼
2026-06-10 08:40:20,268 [INFO]    ppltn                     | 신규   121행 | 누적    968행 | 26컬럼
2026-06-10 08:40:20,268 [INFO]    road                      | 신규   121행 | 누적    968행 | 21컬럼
2026-06-10 08:40:20,268 [INFO]    road_road_traffic_stts    | 신규  5254행 | 누적  42032행 | 17컬럼
2026-06-10 08:40:20,268 [INFO]    subway                    | 신규    38행 | 누적    304행 | 13컬럼
2026-06-10 08:40:20,268 [INFO]    subway_sub_stts           | 신규   183행 | 누적   1464행 | 13컬럼
2026-06-10 08:40:20,268 [INFO]    weather                   | 신규   119행 | 누적    952행 | 29컬럼
2026-06-10 08:40:20,269 [INFO] 키별 사용량:
2026-06-10 08:40:20,269 [INFO]    🟢 KEY_1 (31/1000) 
2026-06-10 08:40:20,269 [INFO]    🟢 KEY_2 (30/1000) 
2026-06-10 08:40:20,269 [INFO]    🟢 KEY_3 (30/1000) 
2026-06-10 08:40:20,269 [INFO]    🟢 KEY_4 (30/1000) 
2026-06-10 10:23:17,364 [INFO] 등록된 키: 4개, 합산 한도 4,000건/일
2026-06-10 10:23:17,365 [INFO] POI 로드: 매뉴얼 v8.5 기준 fallback 121개 (121개 전체)
2026-06-10 10:23:17,365 [INFO] === 수집 시작 2026-06-10T10:23:17.365814+09:00 ===
2026-06-10 10:23:17,365 [INFO] 대상 장소: 121개 | API: citydata (통합)
2026-06-10 10:23:17,366 [INFO] 키 풀: 4/4 활성 | 오늘 사용 0/4000건
2026-06-10 10:23:17,366 [INFO]   [KEY_1] 담당 31장소
2026-06-10 10:23:17,366 [INFO]   [KEY_2] 담당 30장소
2026-06-10 10:23:17,366 [INFO]   [KEY_3] 담당 30장소
2026-06-10 10:23:17,366 [INFO]   [KEY_4] 담당 30장소
2026-06-10 10:23:17,366 [INFO] [1/121] 경복궁 (primary=KEY_1)
2026-06-10 10:23:19,249 [INFO] [2/121] 광화문·덕수궁 (primary=KEY_2)
2026-06-10 10:23:21,809 [INFO] [3/121] 보신각 (primary=KEY_3)
2026-06-10 10:23:24,152 [INFO] [4/121] 서울 암사동 유적 (primary=KEY_4)
2026-06-10 10:23:25,975 [INFO] [5/121] 창덕궁·종묘 (primary=KEY_1)
2026-06-10 10:23:27,949 [INFO] [6/121] 강남 MICE 관광특구 (primary=KEY_2)
2026-06-10 10:23:30,091 [INFO] [7/121] 동대문 관광특구 (primary=KEY_3)
2026-06-10 10:23:31,662 [INFO] [8/121] 명동 관광특구 (primary=KEY_4)
2026-06-10 10:23:33,417 [INFO] [9/121] 이태원 관광특구 (primary=KEY_1)
2026-06-10 10:23:34,750 [INFO] [10/121] 잠실 관광특구 (primary=KEY_2)
2026-06-10 10:23:37,067 [INFO] [11/121] 종로·청계 관광특구 (primary=KEY_3)
2026-06-10 10:23:38,762 [INFO] [12/121] 홍대 관광특구 (primary=KEY_4)
2026-06-10 10:23:40,293 [INFO] [13/121] 강서한강공원 (primary=KEY_1)
2026-06-10 10:23:41,393 [INFO] [14/121] 고척돔 (primary=KEY_2)
2026-06-10 10:23:42,494 [INFO] [15/121] 광나루한강공원 (primary=KEY_3)
2026-06-10 10:23:43,781 [INFO] [16/121] 광화문광장 (primary=KEY_4)
2026-06-10 10:23:45,817 [INFO] [17/121] 국립중앙박물관·용산가족공원 (primary=KEY_1)
2026-06-10 10:23:46,937 [INFO] [18/121] 난지한강공원 (primary=KEY_2)
2026-06-10 10:23:48,045 [INFO] [19/121] 남산공원 (primary=KEY_3)
2026-06-10 10:23:49,522 [INFO] [20/121] 노들섬 (primary=KEY_4)
2026-06-10 10:23:50,615 [INFO] [21/121] 뚝섬한강공원 (primary=KEY_1)
2026-06-10 10:23:51,721 [INFO] [22/121] 망원한강공원 (primary=KEY_2)
2026-06-10 10:23:52,991 [INFO] [23/121] 반포한강공원 (primary=KEY_3)
2026-06-10 10:23:54,399 [INFO] [24/121] 보라매공원 (primary=KEY_4)
2026-06-10 10:23:55,566 [INFO] [25/121] 북서울꿈의숲 (primary=KEY_1)
2026-06-10 10:23:57,905 [INFO] [26/121] 서대문독립공원 (primary=KEY_2)
2026-06-10 10:23:59,291 [INFO] [27/121] 서리풀공원·몽마르뜨공원 (primary=KEY_3)
2026-06-10 10:24:00,580 [INFO] [28/121] 서울대공원 (primary=KEY_4)
2026-06-10 10:24:01,682 [INFO] [29/121] 서울숲공원 (primary=KEY_1)
2026-06-10 10:24:02,982 [INFO] [30/121] 송현녹지광장 (primary=KEY_2)
2026-06-10 10:24:04,254 [INFO] [31/121] 아차산 (primary=KEY_3)
2026-06-10 10:24:05,356 [INFO] [32/121] 안양천 (primary=KEY_4)
2026-06-10 10:24:06,442 [INFO] [33/121] 양화한강공원 (primary=KEY_1)
2026-06-10 10:24:07,521 [INFO] [34/121] 어린이대공원 (primary=KEY_2)
2026-06-10 10:24:08,843 [INFO] [35/121] 여의도한강공원 (primary=KEY_3)
2026-06-10 10:24:10,129 [INFO] [36/121] 여의서로 (primary=KEY_4)
2026-06-10 10:24:11,392 [INFO] [37/121] 올림픽공원 (primary=KEY_1)
2026-06-10 10:24:12,884 [INFO] [38/121] 월드컵공원 (primary=KEY_2)
2026-06-10 10:24:14,401 [INFO] [39/121] 응봉산 (primary=KEY_3)
2026-06-10 10:24:15,683 [INFO] [40/121] 이촌한강공원 (primary=KEY_4)
2026-06-10 10:24:16,797 [INFO] [41/121] 잠실종합운동장 (primary=KEY_1)
2026-06-10 10:24:17,905 [INFO] [42/121] 잠실한강공원 (primary=KEY_2)
2026-06-10 10:24:19,011 [INFO] [43/121] 잠원한강공원 (primary=KEY_3)
2026-06-10 10:24:20,109 [INFO] [44/121] 청계산 (primary=KEY_4)
2026-06-10 10:24:22,007 [INFO] [45/121] 홍제폭포 (primary=KEY_1)
2026-06-10 10:24:23,090 [INFO] [46/121] 가락시장 (primary=KEY_2)
2026-06-10 10:24:24,411 [INFO] [47/121] 가로수길 (primary=KEY_3)
2026-06-10 10:24:25,712 [INFO] [48/121] 광장(전통)시장 (primary=KEY_4)
2026-06-10 10:24:26,822 [INFO] [49/121] 김포공항 (primary=KEY_1)
2026-06-10 10:24:28,298 [INFO] [50/121] 남대문시장 (primary=KEY_2)
2026-06-10 10:24:29,582 [INFO] [51/121] 노량진 (primary=KEY_3)
2026-06-10 10:24:30,867 [INFO] [52/121] 덕수궁길·정동길 (primary=KEY_4)
2026-06-10 10:24:32,179 [INFO] [53/121] 북창동 먹자골목 (primary=KEY_1)
2026-06-10 10:24:33,461 [INFO] [54/121] 북촌한옥마을 (primary=KEY_2)
2026-06-10 10:24:34,927 [INFO] [55/121] 서촌 (primary=KEY_3)
2026-06-10 10:24:36,197 [INFO] [56/121] 성수카페거리 (primary=KEY_4)
2026-06-10 10:24:37,659 [INFO] [57/121] 송리단길·호수단길 (primary=KEY_1)
2026-06-10 10:24:38,972 [INFO] [58/121] 신촌 스타광장 (primary=KEY_2)
2026-06-10 10:24:40,087 [INFO] [59/121] 압구정로데오거리 (primary=KEY_3)
2026-06-10 10:24:41,403 [INFO] [60/121] 여의도 (primary=KEY_4)
2026-06-10 10:24:43,476 [INFO] [61/121] 연남동 (primary=KEY_1)
2026-06-10 10:24:44,752 [INFO] [62/121] 영등포 타임스퀘어 (primary=KEY_2)
2026-06-10 10:24:46,050 [INFO] [63/121] 용리단길 (primary=KEY_3)
2026-06-10 10:24:47,210 [INFO] [64/121] 이태원 앤틱가구거리 (primary=KEY_4)
2026-06-10 10:24:48,479 [INFO] [65/121] 익선동 (primary=KEY_1)
2026-06-10 10:24:51,412 [INFO] [66/121] 인사동 (primary=KEY_2)
2026-06-10 10:24:52,707 [INFO] [67/121] 잠실롯데타워·석촌호수 (primary=KEY_3)
2026-06-10 10:24:54,374 [INFO] [68/121] 창동 신경제 중심지 (primary=KEY_4)
2026-06-10 10:24:56,076 [INFO] [69/121] 청담동 명품거리 (primary=KEY_1)
2026-06-10 10:24:57,426 [INFO] [70/121] 청량리 제기동 일대 전통시장 (primary=KEY_2)
2026-06-10 10:24:58,713 [INFO] [71/121] 해방촌·경리단길 (primary=KEY_3)
2026-06-10 10:24:59,801 [INFO] [72/121] DDP(동대문디자인플라자) (primary=KEY_4)
2026-06-10 10:25:01,106 [INFO] [73/121] DMC(디지털미디어시티) (primary=KEY_1)
2026-06-10 10:25:02,773 [INFO] [74/121] 가산디지털단지역 (primary=KEY_2)
2026-06-10 10:25:04,652 [INFO] [75/121] 강남역 (primary=KEY_3)
2026-06-10 10:25:06,142 [INFO] [76/121] 건대입구역 (primary=KEY_4)
2026-06-10 10:25:07,421 [INFO] [77/121] 고덕역 (primary=KEY_1)
2026-06-10 10:25:08,686 [INFO] [78/121] 고속터미널역 (primary=KEY_2)
2026-06-10 10:25:09,977 [INFO] [79/121] 교대역 (primary=KEY_3)
2026-06-10 10:25:11,284 [INFO] [80/121] 구로디지털단지역 (primary=KEY_4)
2026-06-10 10:25:12,912 [INFO] [81/121] 구로역 (primary=KEY_1)
2026-06-10 10:25:14,169 [INFO] [82/121] 군자역 (primary=KEY_2)
2026-06-10 10:25:15,489 [INFO] [83/121] 대림역 (primary=KEY_3)
2026-06-10 10:25:16,767 [INFO] [84/121] 동대문역 (primary=KEY_4)
2026-06-10 10:25:18,076 [INFO] [85/121] 뚝섬역 (primary=KEY_1)
2026-06-10 10:25:19,345 [INFO] [86/121] 미아사거리역 (primary=KEY_2)
2026-06-10 10:25:20,611 [INFO] [87/121] 발산역 (primary=KEY_3)
2026-06-10 10:25:22,230 [INFO] [88/121] 사당역 (primary=KEY_4)
2026-06-10 10:25:23,518 [INFO] [89/121] 삼각지역 (primary=KEY_1)
2026-06-10 10:25:24,810 [INFO] [90/121] 서울대입구역 (primary=KEY_2)
2026-06-10 10:25:26,091 [INFO] [91/121] 서울식물원·마곡나루역 (primary=KEY_3)
2026-06-10 10:25:27,371 [INFO] [92/121] 서울역 (primary=KEY_4)
2026-06-10 10:25:28,867 [INFO] [93/121] 선릉역 (primary=KEY_1)
2026-06-10 10:25:30,527 [INFO] [94/121] 성신여대입구역 (primary=KEY_2)
2026-06-10 10:25:31,635 [INFO] [95/121] 수유역 (primary=KEY_3)
2026-06-10 10:25:32,949 [INFO] [96/121] 숭례문 (primary=KEY_4)
2026-06-10 10:25:34,235 [INFO] [97/121] 시의회 앞 (primary=KEY_1)
2026-06-10 10:25:35,529 [INFO] [98/121] 신논현역·논현역 (primary=KEY_2)
2026-06-10 10:25:36,825 [INFO] [99/121] 신도림역 (primary=KEY_3)
2026-06-10 10:25:37,937 [INFO] [100/121] 신림역 (primary=KEY_4)
2026-06-10 10:25:39,051 [INFO] [101/121] 신정네거리역 (primary=KEY_1)
2026-06-10 10:25:40,352 [INFO] [102/121] 신촌·이대역 (primary=KEY_2)
2026-06-10 10:25:41,642 [INFO] [103/121] 쌍문역 (primary=KEY_3)
2026-06-10 10:25:42,915 [INFO] [104/121] 양재역 (primary=KEY_4)
2026-06-10 10:25:44,213 [INFO] [105/121] 역삼역 (primary=KEY_1)
2026-06-10 10:25:45,672 [INFO] [106/121] 연신내역 (primary=KEY_2)
2026-06-10 10:25:46,820 [INFO] [107/121] 오목교역·목동운동장 (primary=KEY_3)
2026-06-10 10:25:48,690 [INFO] [108/121] 왕십리역 (primary=KEY_4)
2026-06-10 10:25:49,996 [INFO] [109/121] 용산역 (primary=KEY_1)
2026-06-10 10:25:51,506 [INFO] [110/121] 이태원역 (primary=KEY_2)
2026-06-10 10:25:52,615 [INFO] [111/121] 잠실새내역 (primary=KEY_3)
2026-06-10 10:25:53,895 [INFO] [112/121] 잠실역 (primary=KEY_4)
2026-06-10 10:25:55,423 [INFO] [113/121] 장지역 (primary=KEY_1)
2026-06-10 10:25:56,919 [INFO] [114/121] 장한평역 (primary=KEY_2)
2026-06-10 10:25:58,198 [INFO] [115/121] 천호역 (primary=KEY_3)
2026-06-10 10:25:59,509 [INFO] [116/121] 총신대입구(이수)역 (primary=KEY_4)
2026-06-10 10:26:00,796 [INFO] [117/121] 충정로역 (primary=KEY_1)
2026-06-10 10:26:02,076 [INFO] [118/121] 합정역 (primary=KEY_2)
2026-06-10 10:26:03,378 [INFO] [119/121] 혜화역 (primary=KEY_3)
2026-06-10 10:26:04,668 [INFO] [120/121] 홍대입구역(2호선) (primary=KEY_4)
2026-06-10 10:26:05,990 [INFO] [121/121] 회기역 (primary=KEY_1)
2026-06-10 10:26:08,948 [INFO] === 수집 완료 | 성공 121, 실패 0 ===
2026-06-10 10:26:08,948 [INFO] 카테고리별 저장 결과:
2026-06-10 10:26:08,949 [INFO]    accident                  | 신규     8행 | 누적     26행 | 16컬럼
2026-06-10 10:26:08,949 [INFO]    accident_acdnt_cntrl_stts | 신규     4행 | 누적     12행 | 16컬럼
2026-06-10 10:26:08,949 [INFO]    area_meta                 | 신규   121행 | 누적   1089행 | 5컬럼
2026-06-10 10:26:08,949 [INFO]    bike                      | 신규    11행 | 누적     99행 | 12컬럼
2026-06-10 10:26:08,949 [INFO]    bike_sbike_stts           | 신규   544행 | 누적   4896행 | 12컬럼
2026-06-10 10:26:08,949 [INFO]    bus                       | 신규     3행 | 누적     27행 | 11컬럼
2026-06-10 10:26:08,949 [INFO]    bus_bus_stn_stts          | 신규  1745행 | 누적  15705행 | 11컬럼
2026-06-10 10:26:08,949 [INFO]    charger                   | 신규     7행 | 누적    126행 | 15컬럼
2026-06-10 10:26:08,949 [INFO]    charger_charger_stts      | 신규  1739행 | 누적   9147행 | 15컬럼
2026-06-10 10:26:08,949 [INFO]    cmrcl                     | 신규    82행 | 누적    738행 | 20컬럼
2026-06-10 10:26:08,949 [INFO]    events                    | 신규    16행 | 누적    144행 | 14컬럼
2026-06-10 10:26:08,949 [INFO]    events_event_stts         | 신규   167행 | 누적   1483행 | 14컬럼
2026-06-10 10:26:08,949 [INFO]    news                      | 신규     2행 | 누적      2행 | 10컬럼
2026-06-10 10:26:08,949 [INFO]    parking                   | 신규     6행 | 누적     54행 | 21컬럼
2026-06-10 10:26:08,949 [INFO]    parking_prk_stts          | 신규  1831행 | 누적  16479행 | 21컬럼
2026-06-10 10:26:08,949 [INFO]    ppltn                     | 신규   121행 | 누적   1089행 | 26컬럼
2026-06-10 10:26:08,949 [INFO]    road                      | 신규   121행 | 누적   1089행 | 21컬럼
2026-06-10 10:26:08,950 [INFO]    road_road_traffic_stts    | 신규  4958행 | 누적  46990행 | 17컬럼
2026-06-10 10:26:08,950 [INFO]    subway                    | 신규    38행 | 누적    342행 | 13컬럼
2026-06-10 10:26:08,950 [INFO]    subway_sub_stts           | 신규   183행 | 누적   1647행 | 13컬럼
2026-06-10 10:26:08,950 [INFO]    weather                   | 신규   119행 | 누적   1071행 | 29컬럼
2026-06-10 10:26:08,950 [INFO] 키별 사용량:
2026-06-10 10:26:08,950 [INFO]    🟢 KEY_1 (31/1000) 
2026-06-10 10:26:08,950 [INFO]    🟢 KEY_2 (30/1000) 
2026-06-10 10:26:08,950 [INFO]    🟢 KEY_3 (30/1000) 
2026-06-10 10:26:08,950 [INFO]    🟢 KEY_4 (30/1000) 
2026-06-10 12:22:34,523 [INFO] 등록된 키: 4개, 합산 한도 4,000건/일
2026-06-10 12:22:34,523 [INFO] POI 로드: 매뉴얼 v8.5 기준 fallback 121개 (121개 전체)
2026-06-10 12:22:34,524 [INFO] === 수집 시작 2026-06-10T12:22:34.524038+09:00 ===
2026-06-10 12:22:34,524 [INFO] 대상 장소: 121개 | API: citydata (통합)
2026-06-10 12:22:34,524 [INFO] 키 풀: 4/4 활성 | 오늘 사용 0/4000건
2026-06-10 12:22:34,524 [INFO]   [KEY_1] 담당 31장소
2026-06-10 12:22:34,524 [INFO]   [KEY_2] 담당 30장소
2026-06-10 12:22:34,524 [INFO]   [KEY_3] 담당 30장소
2026-06-10 12:22:34,524 [INFO]   [KEY_4] 담당 30장소
2026-06-10 12:22:34,524 [INFO] [1/121] 경복궁 (primary=KEY_1)
2026-06-10 12:22:37,100 [INFO] [2/121] 광화문·덕수궁 (primary=KEY_2)
2026-06-10 12:22:39,615 [INFO] [3/121] 보신각 (primary=KEY_3)
2026-06-10 12:22:41,680 [INFO] [4/121] 서울 암사동 유적 (primary=KEY_4)
2026-06-10 12:22:43,423 [INFO] [5/121] 창덕궁·종묘 (primary=KEY_1)
2026-06-10 12:22:44,980 [INFO] [6/121] 강남 MICE 관광특구 (primary=KEY_2)
2026-06-10 12:22:46,945 [INFO] [7/121] 동대문 관광특구 (primary=KEY_3)
2026-06-10 12:22:49,371 [INFO] [8/121] 명동 관광특구 (primary=KEY_4)
2026-06-10 12:22:52,441 [INFO] [9/121] 이태원 관광특구 (primary=KEY_1)
2026-06-10 12:22:54,536 [INFO] [10/121] 잠실 관광특구 (primary=KEY_2)
2026-06-10 12:22:56,985 [INFO] [11/121] 종로·청계 관광특구 (primary=KEY_3)
2026-06-10 12:22:59,413 [INFO] [12/121] 홍대 관광특구 (primary=KEY_4)
2026-06-10 12:23:01,066 [INFO] [13/121] 강서한강공원 (primary=KEY_1)
2026-06-10 12:23:02,794 [INFO] [14/121] 고척돔 (primary=KEY_2)
2026-06-10 12:23:05,119 [INFO] [15/121] 광나루한강공원 (primary=KEY_3)
2026-06-10 12:23:07,510 [INFO] [16/121] 광화문광장 (primary=KEY_4)
2026-06-10 12:23:09,481 [INFO] [17/121] 국립중앙박물관·용산가족공원 (primary=KEY_1)
2026-06-10 12:23:11,463 [INFO] [18/121] 난지한강공원 (primary=KEY_2)
2026-06-10 12:23:13,303 [INFO] [19/121] 남산공원 (primary=KEY_3)
2026-06-10 12:23:14,906 [INFO] [20/121] 노들섬 (primary=KEY_4)
2026-06-10 12:23:16,073 [INFO] [21/121] 뚝섬한강공원 (primary=KEY_1)
2026-06-10 12:23:17,322 [INFO] [22/121] 망원한강공원 (primary=KEY_2)
2026-06-10 12:23:19,829 [INFO] [23/121] 반포한강공원 (primary=KEY_3)
2026-06-10 12:23:20,992 [INFO] [24/121] 보라매공원 (primary=KEY_4)
2026-06-10 12:23:22,201 [INFO] [25/121] 북서울꿈의숲 (primary=KEY_1)
2026-06-10 12:23:23,372 [INFO] [26/121] 서대문독립공원 (primary=KEY_2)
2026-06-10 12:23:25,350 [INFO] [27/121] 서리풀공원·몽마르뜨공원 (primary=KEY_3)
2026-06-10 12:23:27,774 [INFO] [28/121] 서울대공원 (primary=KEY_4)
2026-06-10 12:23:29,689 [INFO] [29/121] 서울숲공원 (primary=KEY_1)
2026-06-10 12:23:31,074 [INFO] [30/121] 송현녹지광장 (primary=KEY_2)
2026-06-10 12:23:32,455 [INFO] [31/121] 아차산 (primary=KEY_3)
2026-06-10 12:23:33,646 [INFO] [32/121] 안양천 (primary=KEY_4)
2026-06-10 12:23:34,814 [INFO] [33/121] 양화한강공원 (primary=KEY_1)
2026-06-10 12:23:35,955 [INFO] [34/121] 어린이대공원 (primary=KEY_2)
2026-06-10 12:23:37,798 [INFO] [35/121] 여의도한강공원 (primary=KEY_3)
2026-06-10 12:23:40,013 [INFO] [36/121] 여의서로 (primary=KEY_4)
2026-06-10 12:23:41,385 [INFO] [37/121] 올림픽공원 (primary=KEY_1)
2026-06-10 12:23:42,795 [INFO] [38/121] 월드컵공원 (primary=KEY_2)
2026-06-10 12:23:44,394 [INFO] [39/121] 응봉산 (primary=KEY_3)
2026-06-10 12:23:46,352 [INFO] [40/121] 이촌한강공원 (primary=KEY_4)
2026-06-10 12:23:47,530 [INFO] [41/121] 잠실종합운동장 (primary=KEY_1)
2026-06-10 12:23:48,714 [INFO] [42/121] 잠실한강공원 (primary=KEY_2)
2026-06-10 12:23:50,882 [INFO] [43/121] 잠원한강공원 (primary=KEY_3)
2026-06-10 12:23:52,038 [INFO] [44/121] 청계산 (primary=KEY_4)
2026-06-10 12:23:53,178 [INFO] [45/121] 홍제폭포 (primary=KEY_1)
2026-06-10 12:23:55,311 [INFO] [46/121] 가락시장 (primary=KEY_2)
2026-06-10 12:23:57,525 [INFO] [47/121] 가로수길 (primary=KEY_3)
2026-06-10 12:23:58,908 [INFO] [48/121] 광장(전통)시장 (primary=KEY_4)
2026-06-10 12:24:00,082 [INFO] [49/121] 김포공항 (primary=KEY_1)
2026-06-10 12:24:01,675 [INFO] [50/121] 남대문시장 (primary=KEY_2)
2026-06-10 12:24:03,651 [INFO] [51/121] 노량진 (primary=KEY_3)
2026-06-10 12:24:05,033 [INFO] [52/121] 덕수궁길·정동길 (primary=KEY_4)
2026-06-10 12:24:06,408 [INFO] [53/121] 북창동 먹자골목 (primary=KEY_1)
2026-06-10 12:24:07,597 [INFO] [54/121] 북촌한옥마을 (primary=KEY_2)
2026-06-10 12:24:09,179 [INFO] [55/121] 서촌 (primary=KEY_3)
2026-06-10 12:24:10,520 [INFO] [56/121] 성수카페거리 (primary=KEY_4)
2026-06-10 12:24:11,918 [INFO] [57/121] 송리단길·호수단길 (primary=KEY_1)
2026-06-10 12:24:13,302 [INFO] [58/121] 신촌 스타광장 (primary=KEY_2)
2026-06-10 12:24:14,465 [INFO] [59/121] 압구정로데오거리 (primary=KEY_3)
2026-06-10 12:24:15,851 [INFO] [60/121] 여의도 (primary=KEY_4)
2026-06-10 12:24:18,062 [INFO] [61/121] 연남동 (primary=KEY_1)
2026-06-10 12:24:19,421 [INFO] [62/121] 영등포 타임스퀘어 (primary=KEY_2)
2026-06-10 12:24:20,783 [INFO] [63/121] 용리단길 (primary=KEY_3)
2026-06-10 12:24:21,944 [INFO] [64/121] 이태원 앤틱가구거리 (primary=KEY_4)
2026-06-10 12:24:23,333 [INFO] [65/121] 익선동 (primary=KEY_1)
2026-06-10 12:24:24,692 [INFO] [66/121] 인사동 (primary=KEY_2)
2026-06-10 12:24:26,075 [INFO] [67/121] 잠실롯데타워·석촌호수 (primary=KEY_3)
2026-06-10 12:24:27,731 [INFO] [68/121] 창동 신경제 중심지 (primary=KEY_4)
2026-06-10 12:24:29,481 [INFO] [69/121] 청담동 명품거리 (primary=KEY_1)
2026-06-10 12:24:30,837 [INFO] [70/121] 청량리 제기동 일대 전통시장 (primary=KEY_2)
2026-06-10 12:24:32,265 [INFO] [71/121] 해방촌·경리단길 (primary=KEY_3)
2026-06-10 12:24:33,436 [INFO] [72/121] DDP(동대문디자인플라자) (primary=KEY_4)
2026-06-10 12:24:34,793 [INFO] [73/121] DMC(디지털미디어시티) (primary=KEY_1)
2026-06-10 12:24:36,451 [INFO] [74/121] 가산디지털단지역 (primary=KEY_2)
2026-06-10 12:24:38,204 [INFO] [75/121] 강남역 (primary=KEY_3)
2026-06-10 12:24:39,847 [INFO] [76/121] 건대입구역 (primary=KEY_4)
2026-06-10 12:24:41,230 [INFO] [77/121] 고덕역 (primary=KEY_1)
2026-06-10 12:24:42,625 [INFO] [78/121] 고속터미널역 (primary=KEY_2)
2026-06-10 12:24:44,016 [INFO] [79/121] 교대역 (primary=KEY_3)
2026-06-10 12:24:45,919 [INFO] [80/121] 구로디지털단지역 (primary=KEY_4)
2026-06-10 12:24:47,510 [INFO] [81/121] 구로역 (primary=KEY_1)
2026-06-10 12:24:48,678 [INFO] [82/121] 군자역 (primary=KEY_2)
2026-06-10 12:24:50,069 [INFO] [83/121] 대림역 (primary=KEY_3)
2026-06-10 12:24:51,462 [INFO] [84/121] 동대문역 (primary=KEY_4)
2026-06-10 12:24:52,855 [INFO] [85/121] 뚝섬역 (primary=KEY_1)
2026-06-10 12:24:54,241 [INFO] [86/121] 미아사거리역 (primary=KEY_2)
2026-06-10 12:24:55,611 [INFO] [87/121] 발산역 (primary=KEY_3)
2026-06-10 12:24:57,181 [INFO] [88/121] 사당역 (primary=KEY_4)
2026-06-10 12:24:58,595 [INFO] [89/121] 삼각지역 (primary=KEY_1)
2026-06-10 12:25:00,569 [INFO] [90/121] 서울대입구역 (primary=KEY_2)
2026-06-10 12:25:02,710 [INFO] [91/121] 서울식물원·마곡나루역 (primary=KEY_3)
2026-06-10 12:25:04,646 [INFO] [92/121] 서울역 (primary=KEY_4)
2026-06-10 12:25:06,235 [INFO] [93/121] 선릉역 (primary=KEY_1)
2026-06-10 12:25:08,619 [INFO] [94/121] 성신여대입구역 (primary=KEY_2)
2026-06-10 12:25:11,415 [INFO] [95/121] 수유역 (primary=KEY_3)
2026-06-10 12:25:13,555 [INFO] [96/121] 숭례문 (primary=KEY_4)
2026-06-10 12:25:14,914 [INFO] [97/121] 시의회 앞 (primary=KEY_1)
2026-06-10 12:25:16,882 [INFO] [98/121] 신논현역·논현역 (primary=KEY_2)
2026-06-10 12:25:19,033 [INFO] [99/121] 신도림역 (primary=KEY_3)
2026-06-10 12:25:21,347 [INFO] [100/121] 신림역 (primary=KEY_4)
2026-06-10 12:25:22,502 [INFO] [101/121] 신정네거리역 (primary=KEY_1)
2026-06-10 12:25:24,633 [INFO] [102/121] 신촌·이대역 (primary=KEY_2)
2026-06-10 12:25:25,992 [INFO] [103/121] 쌍문역 (primary=KEY_3)
2026-06-10 12:25:27,344 [INFO] [104/121] 양재역 (primary=KEY_4)
2026-06-10 12:25:29,479 [INFO] [105/121] 역삼역 (primary=KEY_1)
2026-06-10 12:25:31,604 [INFO] [106/121] 연신내역 (primary=KEY_2)
2026-06-10 12:25:32,787 [INFO] [107/121] 오목교역·목동운동장 (primary=KEY_3)
2026-06-10 12:25:35,330 [INFO] [108/121] 왕십리역 (primary=KEY_4)
2026-06-10 12:25:37,904 [INFO] [109/121] 용산역 (primary=KEY_1)
2026-06-10 12:25:39,471 [INFO] [110/121] 이태원역 (primary=KEY_2)
2026-06-10 12:25:41,315 [INFO] [111/121] 잠실새내역 (primary=KEY_3)
2026-06-10 12:25:43,817 [INFO] [112/121] 잠실역 (primary=KEY_4)
2026-06-10 12:25:46,236 [INFO] [113/121] 장지역 (primary=KEY_1)
2026-06-10 12:25:48,762 [INFO] [114/121] 장한평역 (primary=KEY_2)
2026-06-10 12:25:50,150 [INFO] [115/121] 천호역 (primary=KEY_3)
2026-06-10 12:25:52,335 [INFO] [116/121] 총신대입구(이수)역 (primary=KEY_4)
2026-06-10 12:25:53,711 [INFO] [117/121] 충정로역 (primary=KEY_1)
2026-06-10 12:25:55,090 [INFO] [118/121] 합정역 (primary=KEY_2)
2026-06-10 12:25:56,456 [INFO] [119/121] 혜화역 (primary=KEY_3)
2026-06-10 12:25:58,532 [INFO] [120/121] 홍대입구역(2호선) (primary=KEY_4)
2026-06-10 12:26:00,509 [INFO] [121/121] 회기역 (primary=KEY_1)
2026-06-10 12:26:03,636 [INFO] === 수집 완료 | 성공 121, 실패 0 ===
2026-06-10 12:26:03,636 [INFO] 카테고리별 저장 결과:
2026-06-10 12:26:03,636 [INFO]    accident                  | 신규    10행 | 누적     36행 | 16컬럼
2026-06-10 12:26:03,636 [INFO]    accident_acdnt_cntrl_stts | 신규     7행 | 누적     19행 | 16컬럼
2026-06-10 12:26:03,636 [INFO]    area_meta                 | 신규   121행 | 누적   1210행 | 5컬럼
2026-06-10 12:26:03,637 [INFO]    bike                      | 신규    11행 | 누적    110행 | 12컬럼
2026-06-10 12:26:03,637 [INFO]    bike_sbike_stts           | 신규   544행 | 누적   5440행 | 12컬럼
2026-06-10 12:26:03,637 [INFO]    bus                       | 신규     3행 | 누적     30행 | 11컬럼
2026-06-10 12:26:03,637 [INFO]    bus_bus_stn_stts          | 신규  1745행 | 누적  17450행 | 11컬럼
2026-06-10 12:26:03,637 [INFO]    charger                   | 신규     8행 | 누적    134행 | 15컬럼
2026-06-10 12:26:03,637 [INFO]    charger_charger_stts      | 신규  1032행 | 누적  10171행 | 15컬럼
2026-06-10 12:26:03,637 [INFO]    cmrcl                     | 신규    82행 | 누적    820행 | 20컬럼
2026-06-10 12:26:03,637 [INFO]    events                    | 신규    16행 | 누적    160행 | 14컬럼
2026-06-10 12:26:03,637 [INFO]    events_event_stts         | 신규   167행 | 누적   1650행 | 14컬럼
2026-06-10 12:26:03,637 [INFO]    news                      | 신규     2행 | 누적      4행 | 10컬럼
2026-06-10 12:26:03,637 [INFO]    parking                   | 신규     6행 | 누적     60행 | 21컬럼
2026-06-10 12:26:03,637 [INFO]    parking_prk_stts          | 신규  1831행 | 누적  18310행 | 21컬럼
2026-06-10 12:26:03,637 [INFO]    ppltn                     | 신규   121행 | 누적   1210행 | 26컬럼
2026-06-10 12:26:03,637 [INFO]    road                      | 신규   121행 | 누적   1210행 | 21컬럼
2026-06-10 12:26:03,637 [INFO]    road_road_traffic_stts    | 신규  5005행 | 누적  51995행 | 17컬럼
2026-06-10 12:26:03,637 [INFO]    subway                    | 신규    38행 | 누적    380행 | 13컬럼
2026-06-10 12:26:03,637 [INFO]    subway_sub_stts           | 신규   183행 | 누적   1830행 | 13컬럼
2026-06-10 12:26:03,638 [INFO]    weather                   | 신규   119행 | 누적   1190행 | 29컬럼
2026-06-10 12:26:03,638 [INFO] 키별 사용량:
2026-06-10 12:26:03,638 [INFO]    🟢 KEY_1 (31/1000) 
2026-06-10 12:26:03,638 [INFO]    🟢 KEY_2 (30/1000) 
2026-06-10 12:26:03,638 [INFO]    🟢 KEY_3 (30/1000) 
2026-06-10 12:26:03,638 [INFO]    🟢 KEY_4 (30/1000) 
