fetched_at,place_name,AREA_NM,AREA_CD,_key_used,AREA_CMRCL_LVL,AREA_SH_PAYMENT_CNT,AREA_SH_PAYMENT_AMT_MIN,AREA_SH_PAYMENT_AMT_MAX,CMRCL_MALE_RATE,CMRCL_FEMALE_RATE,CMRCL_10_RATE,CMRCL_20_RATE,CMRCL_30_RATE,CMRCL_40_RATE,CMRCL_50_RATE,CMRCL_60_RATE,CMRCL_PERSONAL_RATE,CMRCL_CORPORATION_RATE,CMRCL_TIME,CMRCL_RSB
2026-08-03T00:13:09.738543+09:00,광화문·덕수궁,광화문·덕수궁,POI009,KEY_2,한산한,4,10000,20000,100.0,0.0,0.0,72.7,18.2,0.0,9.1,0.0,100.0,0.0,20260803 0000,
2026-08-03T00:13:09.738543+09:00,보신각,보신각,POI010,KEY_3,한산한,5,300000,350000,95.2,4.8,0.0,45.2,50.0,0.0,4.8,0.0,100.0,0.0,20260803 0000,
2026-08-03T00:13:09.738543+09:00,강남 MICE 관광특구,강남 MICE 관광특구,POI001,KEY_2,한산한,4,50000,60000,100.0,0.0,0.0,0.0,0.0,0.0,32.3,67.7,57.4,42.6,20260802 2320,
2026-08-03T00:13:09.738543+09:00,동대문 관광특구,동대문 관광특구,POI002,KEY_3,한산한,18,100000,150000,61.2,38.8,5.8,11.7,44.7,30.1,6.8,1.0,100.0,0.0,20260803 0000,
2026-08-03T00:13:09.738543+09:00,명동 관광특구,명동 관광특구,POI003,KEY_4,한산한,11,50000,60000,77.6,22.4,0.0,36.2,29.3,34.5,0.0,0.0,100.0,0.0,20260802 2350,
2026-08-03T00:13:09.738543+09:00,이태원 관광특구,이태원 관광특구,POI004,KEY_1,보통,30,600000,650000,61.9,38.1,0.0,45.1,45.3,6.3,3.4,0.0,90.3,9.7,20260803 0000,
2026-08-03T00:13:09.738543+09:00,잠실 관광특구,잠실 관광특구,POI005,KEY_2,보통,33,800000,850000,74.2,25.8,1.9,55.6,34.3,0.5,4.9,2.8,99.5,0.5,20260803 0000,
2026-08-03T00:13:09.738543+09:00,종로·청계 관광특구,종로·청계 관광특구,POI006,KEY_3,한산한,16,400000,450000,84.3,15.7,0.0,41.2,39.9,0.2,18.5,0.2,100.0,0.0,20260803 0000,
2026-08-03T00:13:09.738543+09:00,홍대 관광특구,홍대 관광특구,POI007,KEY_4,보통,107,2100000,2200000,64.5,35.5,2.5,44.4,40.3,6.0,5.7,1.1,100.0,0.0,20260803 0000,
2026-08-03T00:13:09.738543+09:00,가락시장,가락시장,POI058,KEY_2,한산한,4,300000,350000,100.0,0.0,0.0,0.0,0.0,12.8,87.2,0.0,13.9,86.1,20260803 0000,
2026-08-03T00:13:09.738543+09:00,가로수길,가로수길,POI059,KEY_3,한산한,12,300000,350000,42.1,57.9,0.0,32.4,62.9,0.0,4.7,0.0,100.0,0.0,20260803 0000,
2026-08-03T00:13:09.738543+09:00,광장(전통)시장,광장(전통)시장,POI060,KEY_4,한산한,5,350000,400000,12.7,87.3,0.0,78.2,0.0,2.5,12.7,6.6,100.0,0.0,20260802 2140,
2026-08-03T00:13:09.738543+09:00,김포공항,김포공항,POI061,KEY_1,보통,9,90000,100000,42.9,57.1,0.0,0.0,57.1,0.0,42.9,0.0,82.8,17.2,20260802 2200,
2026-08-03T00:13:09.738543+09:00,남대문시장,남대문시장,POI115,KEY_2,한산한,4,10000,20000,54.5,45.5,0.0,45.5,54.5,0.0,0.0,0.0,100.0,0.0,20260802 2350,
2026-08-03T00:13:09.738543+09:00,노량진,노량진,POI063,KEY_3,한산한,6,30000,40000,60.5,39.5,0.0,26.3,34.2,0.0,39.5,0.0,100.0,0.0,20260803 0000,
2026-08-03T00:13:09.738543+09:00,덕수궁길·정동길,덕수궁길·정동길,POI064,KEY_4,한산한,4,100000,150000,57.4,42.6,0.0,10.2,47.2,0.0,42.6,0.0,100.0,0.0,20260802 2030,
2026-08-03T00:13:09.738543+09:00,북창동 먹자골목,북창동 먹자골목,POI114,KEY_1,한산한,4,30000,40000,90.0,10.0,0.0,22.5,5.0,0.0,0.0,72.5,100.0,0.0,20260802 2310,
2026-08-03T00:13:09.738543+09:00,북촌한옥마을,북촌한옥마을,POI066,KEY_2,한산한,5,40000,50000,27.3,72.7,6.8,0.0,79.5,13.6,0.0,0.0,100.0,0.0,20260802 2300,
2026-08-03T00:13:09.738543+09:00,서촌,서촌,POI067,KEY_3,한산한,5,50000,60000,51.9,48.1,0.0,0.0,17.3,82.7,0.0,0.0,100.0,0.0,20260803 0000,
2026-08-03T00:13:09.738543+09:00,성수카페거리,성수카페거리,POI068,KEY_4,한산한,8,50000,60000,78.0,22.0,0.0,22.0,24.4,43.9,9.8,0.0,82.4,17.6,20260803 0000,
2026-08-03T00:13:09.738543+09:00,송리단길·호수단길,송리단길·호수단길,POI121,KEY_1,한산한,6,20000,30000,88.2,11.8,0.0,23.5,47.1,0.0,0.0,29.4,80.0,20.0,20260803 0000,
2026-08-03T00:13:09.738543+09:00,신촌 스타광장,신촌 스타광장,POI122,KEY_2,한산한,6,40000,50000,10.8,89.2,21.6,78.4,0.0,0.0,0.0,0.0,82.6,17.4,20260803 0000,
2026-08-03T00:13:09.738543+09:00,압구정로데오거리,압구정로데오거리,POI071,KEY_3,한산한,9,40000,50000,45.8,54.2,0.0,12.5,2.1,0.0,56.3,29.2,100.0,0.0,20260802 2350,
2026-08-03T00:13:09.738543+09:00,여의도,여의도,POI072,KEY_4,한산한,15,100000,150000,76.9,23.1,0.0,16.7,19.2,25.6,28.2,10.3,56.3,43.7,20260803 0000,
2026-08-03T00:13:09.738543+09:00,연남동,연남동,POI073,KEY_1,한산한,4,20000,30000,100.0,0.0,0.0,9.1,4.5,0.0,45.5,40.9,100.0,0.0,20260803 0000,
2026-08-03T00:13:09.738543+09:00,영등포 타임스퀘어,영등포 타임스퀘어,POI074,KEY_2,보통,26,700000,750000,34.9,65.1,0.0,37.9,42.0,18.3,1.9,0.0,99.3,0.7,20260803 0000,
2026-08-03T00:13:09.738543+09:00,용리단길,용리단길,POI076,KEY_3,보통,5,500000,550000,81.7,18.3,0.0,85.1,14.9,0.0,0.0,0.0,100.0,0.0,20260803 0000,
2026-08-03T00:13:09.738543+09:00,이태원 앤틱가구거리,이태원 앤틱가구거리,POI077,KEY_4,한산한,6,40000,50000,97.5,2.5,0.0,32.5,20.0,0.0,47.5,0.0,100.0,0.0,20260803 0000,
2026-08-03T00:13:09.738543+09:00,익선동,익선동,POI116,KEY_1,한산한,6,500000,550000,81.4,18.6,0.0,22.9,11.7,65.4,0.0,0.0,100.0,0.0,20260803 0000,
2026-08-03T00:13:09.738543+09:00,인사동,인사동,POI078,KEY_2,한산한,4,10000,20000,100.0,0.0,0.0,100.0,0.0,0.0,0.0,0.0,100.0,0.0,20260803 0000,
2026-08-03T00:13:09.738543+09:00,잠실롯데타워·석촌호수,잠실롯데타워·석촌호수,POI120,KEY_3,보통,29,800000,850000,74.5,25.5,2.0,55.4,34.3,0.5,5.0,2.8,100.0,0.0,20260803 0000,
2026-08-03T00:13:09.738543+09:00,창동 신경제 중심지,창동 신경제 중심지,POI079,KEY_4,한산한,19,90000,100000,54.7,45.3,0.0,50.5,30.5,5.3,13.7,0.0,100.0,0.0,20260803 0000,
2026-08-03T00:13:09.738543+09:00,청담동 명품거리,청담동 명품거리,POI080,KEY_1,한산한,4,20000,30000,100.0,0.0,0.0,46.2,0.0,53.8,0.0,0.0,100.0,0.0,20260802 2250,
2026-08-03T00:13:09.738543+09:00,청량리 제기동 일대 전통시장,청량리 제기동 일대 전통시장,POI081,KEY_2,한산한,4,50000,60000,66.7,33.3,0.0,38.9,61.1,0.0,0.0,0.0,100.0,0.0,20260802 2230,
2026-08-03T00:13:09.738543+09:00,해방촌·경리단길,해방촌·경리단길,POI082,KEY_3,한산한,4,90000,100000,100.0,0.0,0.0,0.0,78.8,21.2,0.0,0.0,100.0,0.0,20260803 0000,
2026-08-03T00:13:09.738543+09:00,DDP(동대문디자인플라자),DDP(동대문디자인플라자),POI083,KEY_4,한산한,4,10000,20000,100.0,0.0,0.0,0.0,0.0,100.0,0.0,0.0,100.0,0.0,20260803 0000,
2026-08-03T00:13:09.738543+09:00,DMC(디지털미디어시티),DMC(디지털미디어시티),POI084,KEY_1,한산한,8,50000,60000,64.2,35.8,0.0,32.1,54.7,7.5,0.0,5.7,100.0,0.0,20260803 0000,
2026-08-03T00:13:09.738543+09:00,가산디지털단지역,가산디지털단지역,POI013,KEY_2,한산한,4,30000,40000,90.3,9.7,0.0,9.7,90.3,0.0,0.0,0.0,100.0,0.0,20260802 2350,
2026-08-03T00:13:09.738543+09:00,강남역,강남역,POI014,KEY_3,한산한,35,850000,900000,72.5,27.5,2.8,45.9,22.3,28.6,0.5,0.0,100.0,0.0,20260803 0000,
2026-08-03T00:13:09.738543+09:00,건대입구역,건대입구역,POI015,KEY_4,보통,39,1700000,1800000,79.1,20.9,0.0,29.6,27.2,1.0,42.0,0.2,97.2,2.8,20260803 0000,
2026-08-03T00:13:09.738543+09:00,고덕역,고덕역,POI016,KEY_1,한산한,4,10000,20000,100.0,0.0,0.0,0.0,44.4,55.6,0.0,0.0,100.0,0.0,20260803 0000,
2026-08-03T00:13:09.738543+09:00,고속터미널역,고속터미널역,POI017,KEY_2,한산한,6,20000,30000,84.2,15.8,10.5,52.6,5.3,21.1,10.5,0.0,100.0,0.0,20260803 0000,
2026-08-03T00:13:09.738543+09:00,교대역,교대역,POI018,KEY_3,한산한,5,30000,40000,72.7,27.3,0.0,24.2,15.2,27.3,33.3,0.0,100.0,0.0,20260802 2340,
2026-08-03T00:13:09.738543+09:00,구로디지털단지역,구로디지털단지역,POI019,KEY_4,한산한,7,40000,50000,39.0,61.0,0.0,31.7,41.5,22.0,4.9,0.0,100.0,0.0,20260803 0000,
2026-08-03T00:13:09.738543+09:00,구로역,구로역,POI020,KEY_1,한산한,4,20000,30000,90.5,9.5,0.0,0.0,90.5,9.5,0.0,0.0,100.0,0.0,20260802 2210,
2026-08-03T00:13:09.738543+09:00,군자역,군자역,POI021,KEY_2,한산한,6,50000,60000,100.0,0.0,0.0,22.0,12.0,8.0,42.0,16.0,100.0,0.0,20260803 0000,
2026-08-03T00:13:09.738543+09:00,대림역,대림역,POI023,KEY_3,한산한,4,30000,40000,90.0,10.0,0.0,0.0,13.3,0.0,10.0,76.7,100.0,0.0,20260803 0000,
2026-08-03T00:13:09.738543+09:00,동대문역,동대문역,POI024,KEY_4,한산한,4,20000,30000,59.1,40.9,0.0,0.0,36.4,0.0,63.6,0.0,100.0,0.0,20260803 0000,
2026-08-03T00:13:09.738543+09:00,뚝섬역,뚝섬역,POI025,KEY_1,한산한,8,20000,30000,100.0,0.0,0.0,0.0,44.4,22.2,7.4,25.9,100.0,0.0,20260802 2340,
2026-08-03T00:13:09.738543+09:00,미아사거리역,미아사거리역,POI026,KEY_2,한산한,5,20000,30000,75.0,25.0,0.0,21.4,17.9,50.0,10.7,0.0,100.0,0.0,20260803 0000,
2026-08-03T00:13:09.738543+09:00,발산역,발산역,POI027,KEY_3,한산한,8,50000,60000,75.5,24.5,0.0,8.2,20.4,0.0,51.0,20.4,100.0,0.0,20260803 0000,
2026-08-03T00:13:09.738543+09:00,사당역,사당역,POI029,KEY_4,한산한,25,350000,400000,75.9,24.1,0.0,63.7,13.6,2.5,19.7,0.6,100.0,0.0,20260803 0000,
2026-08-03T00:13:09.738543+09:00,서울대입구역,서울대입구역,POI031,KEY_2,한산한,19,350000,400000,76.3,23.7,0.0,55.4,40.7,2.3,1.5,0.0,100.0,0.0,20260803 0000,
2026-08-03T00:13:09.738543+09:00,서울식물원·마곡나루역,서울식물원·마곡나루역,POI032,KEY_3,한산한,6,20000,30000,63.0,37.0,0.0,14.8,55.6,0.0,7.4,22.2,100.0,0.0,20260803 0000,
2026-08-03T00:13:09.738543+09:00,서울역,서울역,POI033,KEY_4,한산한,4,50000,60000,63.3,36.7,0.0,0.0,47.3,26.6,26.1,0.0,100.0,0.0,20260802 2220,
2026-08-03T00:13:09.738543+09:00,선릉역,선릉역,POI034,KEY_1,한산한,15,250000,300000,25.9,74.1,0.0,7.3,64.8,19.8,8.1,0.0,98.8,1.2,20260803 0000,
2026-08-03T00:13:09.738543+09:00,성신여대입구역,성신여대입구역,POI035,KEY_2,한산한,11,450000,500000,45.8,54.2,0.4,53.8,0.0,37.5,8.2,0.0,100.0,0.0,20260803 0000,
2026-08-03T00:13:09.738543+09:00,수유역,수유역,POI036,KEY_3,보통,20,500000,550000,37.5,62.5,8.0,23.8,47.0,13.0,4.2,4.0,100.0,0.0,20260803 0000,
2026-08-03T00:13:09.738543+09:00,신논현역·논현역,신논현역·논현역,POI037,KEY_2,한산한,10,70000,80000,46.7,53.3,0.0,6.7,89.3,0.0,4.0,0.0,100.0,0.0,20260803 0000,
2026-08-03T00:13:09.738543+09:00,신도림역,신도림역,POI038,KEY_3,바쁜,4,200000,250000,29.7,70.3,0.0,29.7,22.3,0.0,48.0,0.0,100.0,0.0,20260802 2140,
2026-08-03T00:13:09.738543+09:00,신림역,신림역,POI039,KEY_4,보통,75,750000,800000,68.2,31.8,0.5,58.2,34.1,2.3,4.9,0.0,100.0,0.0,20260803 0000,
2026-08-03T00:13:09.738543+09:00,신정네거리역,신정네거리역,POI117,KEY_1,한산한,5,30000,40000,76.9,23.1,0.0,15.4,84.6,0.0,0.0,0.0,100.0,0.0,20260802 2230,
2026-08-03T00:13:09.738543+09:00,신촌·이대역,신촌·이대역,POI040,KEY_2,보통,35,400000,450000,68.5,31.5,1.8,39.1,34.0,23.0,0.2,1.8,98.2,1.8,20260803 0000,
2026-08-03T00:13:09.738543+09:00,쌍문역,쌍문역,POI070,KEY_3,한산한,6,20000,30000,90.0,10.0,16.7,43.3,20.0,13.3,0.0,6.7,100.0,0.0,20260803 0000,
2026-08-03T00:13:09.738543+09:00,양재역,양재역,POI041,KEY_4,한산한,4,20000,30000,4.8,95.2,0.0,38.1,0.0,14.3,0.0,47.6,100.0,0.0,20260802 2350,
2026-08-03T00:13:09.738543+09:00,역삼역,역삼역,POI042,KEY_1,한산한,5,20000,30000,100.0,0.0,0.0,0.0,70.0,0.0,0.0,30.0,100.0,0.0,20260803 0000,
2026-08-03T00:13:09.738543+09:00,연신내역,연신내역,POI043,KEY_2,한산한,15,200000,250000,62.6,37.4,0.0,32.6,4.8,30.0,32.6,0.0,100.0,0.0,20260803 0000,
2026-08-03T00:13:09.738543+09:00,오목교역·목동운동장,오목교역·목동운동장,POI044,KEY_3,한산한,9,40000,50000,70.0,30.0,12.5,10.0,10.0,22.5,45.0,0.0,100.0,0.0,20260803 0000,
2026-08-03T00:13:09.738543+09:00,왕십리역,왕십리역,POI045,KEY_4,한산한,9,30000,40000,54.3,45.7,0.0,57.1,25.7,0.0,17.1,0.0,100.0,0.0,20260803 0000,
2026-08-03T00:13:09.738543+09:00,용산역,용산역,POI046,KEY_1,한산한,6,40000,50000,83.0,17.0,0.0,8.5,21.3,34.0,36.2,0.0,100.0,0.0,20260802 2350,
2026-08-03T00:13:09.738543+09:00,이태원역,이태원역,POI047,KEY_2,바쁜,30,600000,650000,61.9,38.1,0.0,45.1,45.3,6.3,3.4,0.0,90.3,9.7,20260803 0000,
2026-08-03T00:13:09.738543+09:00,잠실새내역,잠실새내역,POI118,KEY_3,한산한,12,250000,300000,33.2,66.8,0.0,38.3,28.5,21.1,8.6,3.5,100.0,0.0,20260803 0000,
2026-08-03T00:13:09.738543+09:00,잠실역,잠실역,POI119,KEY_4,한산한,5,20000,30000,94.7,5.3,10.5,84.2,0.0,5.3,0.0,0.0,100.0,0.0,20260803 0000,
2026-08-03T00:13:09.738543+09:00,장지역,장지역,POI048,KEY_1,한산한,10,30000,40000,75.0,25.0,0.0,38.9,19.4,25.0,13.9,2.8,100.0,0.0,20260803 0000,
2026-08-03T00:13:09.738543+09:00,장한평역,장한평역,POI049,KEY_2,한산한,6,80000,90000,88.4,11.6,0.0,11.6,0.0,4.7,81.4,2.3,100.0,0.0,20260802 2330,
2026-08-03T00:13:09.738543+09:00,천호역,천호역,POI050,KEY_3,한산한,8,60000,70000,83.9,16.1,0.0,16.1,79.0,0.0,4.8,0.0,100.0,0.0,20260803 0000,
2026-08-03T00:13:09.738543+09:00,총신대입구(이수)역,총신대입구(이수)역,POI051,KEY_4,한산한,4,20000,30000,100.0,0.0,0.0,9.1,0.0,68.2,22.7,0.0,100.0,0.0,20260802 2350,
2026-08-03T00:13:09.738543+09:00,충정로역,충정로역,POI052,KEY_1,한산한,5,30000,40000,71.4,28.6,0.0,42.9,28.6,28.6,0.0,0.0,65.6,34.4,20260802 2320,
2026-08-03T00:13:09.738543+09:00,합정역,합정역,POI053,KEY_2,한산한,6,40000,50000,41.3,58.7,0.0,37.0,13.0,41.3,8.7,0.0,100.0,0.0,20260803 0000,
2026-08-03T00:13:09.738543+09:00,혜화역,혜화역,POI054,KEY_3,한산한,4,250000,300000,100.0,0.0,0.0,47.0,16.4,0.0,36.7,0.0,100.0,0.0,20260803 0000,
2026-08-03T00:13:09.738543+09:00,홍대입구역(2호선),홍대입구역(2호선),POI055,KEY_4,한산한,5,40000,50000,37.8,62.2,0.0,77.8,0.0,22.2,0.0,0.0,100.0,0.0,20260803 0000,
2026-08-03T00:13:09.738543+09:00,회기역,회기역,POI056,KEY_1,한산한,7,200000,250000,91.5,8.5,0.0,14.6,85.4,0.0,0.0,0.0,82.5,17.5,20260803 0000,
2026-08-03T02:12:13.611082+09:00,광화문·덕수궁,광화문·덕수궁,POI009,KEY_2,한산한,4,10000,20000,100.0,0.0,0.0,72.7,18.2,0.0,9.1,0.0,100.0,0.0,20260803 0000,
2026-08-03T02:12:13.611082+09:00,보신각,보신각,POI010,KEY_3,한산한,5,300000,350000,95.2,4.8,0.0,45.2,50.0,0.0,4.8,0.0,100.0,0.0,20260803 0000,
2026-08-03T02:12:13.611082+09:00,강남 MICE 관광특구,강남 MICE 관광특구,POI001,KEY_2,한산한,7,60000,70000,12.7,87.3,0.0,0.0,12.7,54.0,33.3,0.0,100.0,0.0,20260803 0010,
2026-08-03T02:12:13.611082+09:00,동대문 관광특구,동대문 관광특구,POI002,KEY_3,한산한,12,60000,70000,61.9,38.1,0.0,11.1,12.7,33.3,27.0,15.9,100.0,0.0,20260803 0200,
2026-08-03T02:12:13.611082+09:00,명동 관광특구,명동 관광특구,POI003,KEY_4,한산한,5,30000,40000,94.3,5.7,0.0,11.4,0.0,22.9,65.7,0.0,100.0,0.0,20260803 0130,
2026-08-03T02:12:13.611082+09:00,이태원 관광특구,이태원 관광특구,POI004,KEY_1,보통,16,800000,850000,85.6,14.4,0.0,17.0,39.6,33.5,0.8,9.2,77.3,22.7,20260803 0200,
2026-08-03T02:12:13.611082+09:00,잠실 관광특구,잠실 관광특구,POI005,KEY_2,한산한,17,300000,350000,69.7,30.3,0.0,24.2,60.2,5.2,9.2,1.2,100.0,0.0,20260803 0150,
2026-08-03T02:12:13.611082+09:00,종로·청계 관광특구,종로·청계 관광특구,POI006,KEY_3,한산한,8,80000,90000,72.6,27.4,0.0,7.1,53.6,0.0,39.3,0.0,100.0,0.0,20260803 0200,
2026-08-03T02:12:13.611082+09:00,홍대 관광특구,홍대 관광특구,POI007,KEY_4,보통,54,1900000,2000000,69.8,30.2,8.4,19.5,54.4,3.7,7.5,6.5,100.0,0.0,20260803 0200,
2026-08-03T02:12:13.611082+09:00,가락시장,가락시장,POI058,KEY_2,한산한,6,100000,150000,37.8,62.2,0.0,0.0,0.0,41.7,20.5,37.8,86.4,13.6,20260803 0200,
2026-08-03T02:12:13.611082+09:00,가로수길,가로수길,POI059,KEY_3,한산한,5,70000,80000,3.6,96.4,0.0,10.7,1.8,0.0,0.0,87.5,80.3,19.7,20260803 0130,
2026-08-03T02:12:13.611082+09:00,광장(전통)시장,광장(전통)시장,POI060,KEY_4,한산한,5,350000,400000,12.7,87.3,0.0,78.2,0.0,2.5,12.7,6.6,100.0,0.0,20260802 2140,
2026-08-03T02:12:13.611082+09:00,김포공항,김포공항,POI061,KEY_1,보통,9,90000,100000,42.9,57.1,0.0,0.0,57.1,0.0,42.9,0.0,82.8,17.2,20260802 2200,
2026-08-03T02:12:13.611082+09:00,남대문시장,남대문시장,POI115,KEY_2,한산한,5,40000,50000,95.5,4.5,0.0,0.0,0.0,0.0,100.0,0.0,100.0,0.0,20260803 0040,
2026-08-03T02:12:13.611082+09:00,노량진,노량진,POI063,KEY_3,한산한,4,30000,40000,100.0,0.0,0.0,0.0,66.7,13.3,20.0,0.0,100.0,0.0,20260803 0130,
2026-08-03T02:12:13.611082+09:00,덕수궁길·정동길,덕수궁길·정동길,POI064,KEY_4,한산한,4,100000,150000,57.4,42.6,0.0,10.2,47.2,0.0,42.6,0.0,100.0,0.0,20260802 2030,
2026-08-03T02:12:13.611082+09:00,북창동 먹자골목,북창동 먹자골목,POI114,KEY_1,한산한,4,30000,40000,94.1,5.9,0.0,0.0,32.4,0.0,67.6,0.0,100.0,0.0,20260803 0040,
2026-08-03T02:12:13.611082+09:00,북촌한옥마을,북촌한옥마을,POI066,KEY_2,한산한,5,40000,50000,27.3,72.7,6.8,0.0,79.5,13.6,0.0,0.0,100.0,0.0,20260802 2300,
2026-08-03T02:12:13.611082+09:00,서촌,서촌,POI067,KEY_3,한산한,5,50000,60000,51.9,48.1,0.0,0.0,17.3,82.7,0.0,0.0,100.0,0.0,20260803 0000,
2026-08-03T02:12:13.611082+09:00,성수카페거리,성수카페거리,POI068,KEY_4,한산한,4,250000,300000,68.0,32.0,0.0,32.0,39.1,29.0,0.0,0.0,100.0,0.0,20260803 0200,
2026-08-03T02:12:13.611082+09:00,송리단길·호수단길,송리단길·호수단길,POI121,KEY_1,한산한,6,40000,50000,89.1,10.9,0.0,32.6,63.0,4.3,0.0,0.0,100.0,0.0,20260803 0010,
2026-08-03T02:12:13.611082+09:00,신촌 스타광장,신촌 스타광장,POI122,KEY_2,한산한,6,40000,50000,25.0,75.0,0.0,0.0,25.0,0.0,0.0,75.0,100.0,0.0,20260803 0000,
2026-08-03T02:12:13.611082+09:00,압구정로데오거리,압구정로데오거리,POI071,KEY_3,한산한,9,450000,500000,100.0,0.0,0.0,1.3,41.3,55.4,2.1,0.0,78.0,22.0,20260803 0140,
2026-08-03T02:12:13.611082+09:00,여의도,여의도,POI072,KEY_4,한산한,8,50000,60000,67.3,32.7,0.0,9.1,32.7,25.5,25.5,7.3,100.0,0.0,20260803 0150,
2026-08-03T02:12:13.611082+09:00,연남동,연남동,POI073,KEY_1,한산한,6,30000,40000,77.8,22.2,0.0,22.2,13.9,27.8,0.0,36.1,100.0,0.0,20260803 0130,
2026-08-03T02:12:13.611082+09:00,영등포 타임스퀘어,영등포 타임스퀘어,POI074,KEY_2,한산한,4,150000,200000,34.5,65.5,0.0,68.4,31.6,0.0,0.0,0.0,100.0,0.0,20260803 0200,
2026-08-03T02:12:13.611082+09:00,용리단길,용리단길,POI076,KEY_3,보통,5,500000,550000,81.7,18.3,0.0,85.1,14.9,0.0,0.0,0.0,100.0,0.0,20260803 0000,
2026-08-03T02:12:13.611082+09:00,이태원 앤틱가구거리,이태원 앤틱가구거리,POI077,KEY_4,한산한,4,50000,60000,86.8,13.2,0.0,2.2,82.4,0.0,0.0,15.4,100.0,0.0,20260803 0150,
2026-08-03T02:12:13.611082+09:00,익선동,익선동,POI116,KEY_1,한산한,4,20000,30000,82.6,17.4,0.0,17.4,56.5,26.1,0.0,0.0,100.0,0.0,20260803 0130,
2026-08-03T02:12:13.611082+09:00,인사동,인사동,POI078,KEY_2,한산한,4,10000,20000,100.0,0.0,0.0,100.0,0.0,0.0,0.0,0.0,100.0,0.0,20260803 0000,
2026-08-03T02:12:13.611082+09:00,잠실롯데타워·석촌호수,잠실롯데타워·석촌호수,POI120,KEY_3,한산한,17,300000,350000,69.7,30.3,0.0,24.2,60.2,5.2,9.2,1.2,100.0,0.0,20260803 0150,
2026-08-03T02:12:13.611082+09:00,창동 신경제 중심지,창동 신경제 중심지,POI079,KEY_4,한산한,4,20000,30000,80.0,20.0,0.0,80.0,20.0,0.0,0.0,0.0,100.0,0.0,20260803 0200,
2026-08-03T02:12:13.611082+09:00,청담동 명품거리,청담동 명품거리,POI080,KEY_1,한산한,4,20000,30000,100.0,0.0,0.0,46.2,0.0,53.8,0.0,0.0,100.0,0.0,20260802 2250,
2026-08-03T02:12:13.611082+09:00,청량리 제기동 일대 전통시장,청량리 제기동 일대 전통시장,POI081,KEY_2,한산한,4,50000,60000,66.7,33.3,0.0,38.9,61.1,0.0,0.0,0.0,100.0,0.0,20260802 2230,
2026-08-03T02:12:13.611082+09:00,해방촌·경리단길,해방촌·경리단길,POI082,KEY_3,한산한,4,50000,60000,100.0,0.0,0.0,0.0,100.0,0.0,0.0,0.0,100.0,0.0,20260803 0140,
2026-08-03T02:12:13.611082+09:00,DDP(동대문디자인플라자),DDP(동대문디자인플라자),POI083,KEY_4,한산한,4,10000,20000,100.0,0.0,0.0,0.0,0.0,100.0,0.0,0.0,100.0,0.0,20260803 0000,
2026-08-03T02:12:13.611082+09:00,DMC(디지털미디어시티),DMC(디지털미디어시티),POI084,KEY_1,한산한,4,30000,40000,64.5,35.5,0.0,35.5,16.1,0.0,48.4,0.0,88.6,11.4,20260803 0200,
2026-08-03T02:12:13.611082+09:00,가산디지털단지역,가산디지털단지역,POI013,KEY_2,한산한,4,30000,40000,100.0,0.0,0.0,22.6,0.0,35.5,41.9,0.0,100.0,0.0,20260803 0110,
2026-08-03T02:12:13.611082+09:00,강남역,강남역,POI014,KEY_3,한산한,6,20000,30000,85.1,14.9,11.9,11.9,71.6,0.0,0.0,4.5,100.0,0.0,20260803 0200,
2026-08-03T02:12:13.611082+09:00,건대입구역,건대입구역,POI015,KEY_4,한산한,12,250000,300000,89.8,10.2,11.4,28.5,58.5,1.6,0.0,0.0,89.8,10.2,20260803 0200,
2026-08-03T02:12:13.611082+09:00,고덕역,고덕역,POI016,KEY_1,한산한,4,10000,20000,100.0,0.0,0.0,0.0,44.4,55.6,0.0,0.0,100.0,0.0,20260803 0000,
2026-08-03T02:12:13.611082+09:00,고속터미널역,고속터미널역,POI017,KEY_2,한산한,5,20000,30000,50.0,50.0,3.8,0.0,38.5,50.0,7.7,0.0,100.0,0.0,20260803 0010,
2026-08-03T02:12:13.611082+09:00,교대역,교대역,POI018,KEY_3,한산한,5,30000,40000,72.7,27.3,0.0,24.2,15.2,27.3,33.3,0.0,100.0,0.0,20260802 2340,
2026-08-03T02:12:13.611082+09:00,구로디지털단지역,구로디지털단지역,POI019,KEY_4,한산한,5,30000,40000,100.0,0.0,0.0,100.0,0.0,0.0,0.0,0.0,100.0,0.0,20260803 0140,
2026-08-03T02:12:13.611082+09:00,구로역,구로역,POI020,KEY_1,한산한,4,20000,30000,90.5,9.5,0.0,0.0,90.5,9.5,0.0,0.0,100.0,0.0,20260802 2210,
2026-08-03T02:12:13.611082+09:00,군자역,군자역,POI021,KEY_2,한산한,6,60000,70000,6.7,93.3,6.7,6.7,28.3,50.0,8.3,0.0,100.0,0.0,20260803 0110,
2026-08-03T02:12:13.611082+09:00,대림역,대림역,POI023,KEY_3,한산한,4,150000,200000,83.5,16.5,0.0,16.5,31.8,51.7,0.0,0.0,100.0,0.0,20260803 0200,
2026-08-03T02:12:13.611082+09:00,동대문역,동대문역,POI024,KEY_4,한산한,5,40000,50000,38.6,61.4,0.0,22.7,13.6,0.0,63.6,0.0,100.0,0.0,20260803 0200,
2026-08-03T02:12:13.611082+09:00,뚝섬역,뚝섬역,POI025,KEY_1,한산한,5,10000,20000,40.0,60.0,0.0,6.7,0.0,33.3,26.7,33.3,100.0,0.0,20260803 0110,
2026-08-03T02:12:13.611082+09:00,미아사거리역,미아사거리역,POI026,KEY_2,한산한,5,40000,50000,76.2,23.8,0.0,19.0,47.6,0.0,0.0,33.3,100.0,0.0,20260803 0120,
2026-08-03T02:12:13.611082+09:00,발산역,발산역,POI027,KEY_3,한산한,6,50000,60000,57.7,42.3,0.0,0.0,32.7,42.3,25.0,0.0,100.0,0.0,20260803 0200,
2026-08-03T02:12:13.611082+09:00,사당역,사당역,POI029,KEY_4,한산한,7,40000,50000,93.2,6.8,18.2,6.8,38.6,6.8,29.5,0.0,100.0,0.0,20260803 0140,
2026-08-03T02:12:13.611082+09:00,서울대입구역,서울대입구역,POI031,KEY_2,한산한,4,20000,30000,25.0,75.0,0.0,25.0,55.0,0.0,0.0,20.0,100.0,0.0,20260803 0120,
2026-08-03T02:12:13.611082+09:00,서울식물원·마곡나루역,서울식물원·마곡나루역,POI032,KEY_3,한산한,6,20000,30000,63.0,37.0,0.0,14.8,55.6,0.0,7.4,22.2,100.0,0.0,20260803 0000,
2026-08-03T02:12:13.611082+09:00,서울역,서울역,POI033,KEY_4,한산한,4,50000,60000,63.3,36.7,0.0,0.0,47.3,26.6,26.1,0.0,100.0,0.0,20260802 2220,
2026-08-03T02:12:13.611082+09:00,선릉역,선릉역,POI034,KEY_1,한산한,6,50000,60000,74.1,25.9,0.0,16.7,27.8,20.4,35.2,0.0,100.0,0.0,20260803 0200,
2026-08-03T02:12:13.611082+09:00,성신여대입구역,성신여대입구역,POI035,KEY_2,한산한,5,30000,40000,62.2,37.8,0.0,16.2,62.2,0.0,21.6,0.0,100.0,0.0,20260803 0110,
2026-08-03T02:12:13.611082+09:00,수유역,수유역,POI036,KEY_3,한산한,6,30000,40000,94.7,5.3,0.0,63.2,0.0,15.8,21.1,0.0,100.0,0.0,20260803 0140,
2026-08-03T02:12:13.611082+09:00,신논현역·논현역,신논현역·논현역,POI037,KEY_2,한산한,9,400000,450000,36.0,64.0,0.0,9.3,22.7,68.0,0.0,0.0,100.0,0.0,20260803 0200,
2026-08-03T02:12:13.611082+09:00,신도림역,신도림역,POI038,KEY_3,바쁜,4,200000,250000,29.7,70.3,0.0,29.7,22.3,0.0,48.0,0.0,100.0,0.0,20260802 2140,
2026-08-03T02:12:13.611082+09:00,신림역,신림역,POI039,KEY_4,한산한,20,200000,250000,81.4,18.6,0.0,28.9,31.4,15.2,4.9,19.6,100.0,0.0,20260803 0200,
2026-08-03T02:12:13.611082+09:00,신정네거리역,신정네거리역,POI117,KEY_1,한산한,4,20000,30000,42.9,57.1,0.0,46.4,28.6,0.0,0.0,25.0,100.0,0.0,20260803 0040,
2026-08-03T02:12:13.611082+09:00,신촌·이대역,신촌·이대역,POI040,KEY_2,한산한,16,100000,150000,66.0,34.0,0.0,63.3,28.6,0.0,0.0,8.2,100.0,0.0,20260803 0200,
2026-08-03T02:12:13.611082+09:00,쌍문역,쌍문역,POI070,KEY_3,한산한,5,30000,40000,69.4,30.6,0.0,0.0,0.0,47.2,33.3,19.4,100.0,0.0,20260803 0120,
2026-08-03T02:12:13.611082+09:00,양재역,양재역,POI041,KEY_4,한산한,6,40000,50000,40.4,59.6,0.0,17.0,48.9,17.0,10.6,6.4,100.0,0.0,20260803 0050,
2026-08-03T02:12:13.611082+09:00,역삼역,역삼역,POI042,KEY_1,한산한,4,20000,30000,50.0,50.0,0.0,0.0,0.0,0.0,50.0,50.0,100.0,0.0,20260803 0200,
2026-08-03T02:12:13.611082+09:00,연신내역,연신내역,POI043,KEY_2,한산한,8,70000,80000,94.9,5.1,2.6,24.4,15.4,0.0,57.7,0.0,100.0,0.0,20260803 0110,
2026-08-03T02:12:13.611082+09:00,오목교역·목동운동장,오목교역·목동운동장,POI044,KEY_3,한산한,4,30000,40000,100.0,0.0,0.0,0.0,0.0,16.7,13.3,70.0,100.0,0.0,20260803 0200,
2026-08-03T02:12:13.611082+09:00,왕십리역,왕십리역,POI045,KEY_4,한산한,9,50000,60000,16.0,84.0,0.0,32.0,0.0,68.0,0.0,0.0,100.0,0.0,20260803 0200,
2026-08-03T02:12:13.611082+09:00,용산역,용산역,POI046,KEY_1,한산한,4,10000,20000,75.0,25.0,0.0,50.0,16.7,33.3,0.0,0.0,100.0,0.0,20260803 0010,
2026-08-03T02:12:13.611082+09:00,이태원역,이태원역,POI047,KEY_2,바쁜,15,800000,850000,85.3,14.7,0.0,17.4,38.1,34.3,0.8,9.4,76.9,23.1,20260803 0200,
2026-08-03T02:12:13.611082+09:00,잠실새내역,잠실새내역,POI118,KEY_3,한산한,4,30000,40000,89.7,10.3,0.0,69.0,20.7,10.3,0.0,0.0,80.0,20.0,20260803 0200,
2026-08-03T02:12:13.611082+09:00,잠실역,잠실역,POI119,KEY_4,한산한,9,60000,70000,83.1,16.9,0.0,29.2,61.5,0.0,9.2,0.0,100.0,0.0,20260803 0040,
2026-08-03T02:12:13.611082+09:00,장지역,장지역,POI048,KEY_1,한산한,6,40000,50000,46.8,53.2,0.0,0.0,31.9,14.9,46.8,6.4,100.0,0.0,20260803 0110,
2026-08-03T02:12:13.611082+09:00,장한평역,장한평역,POI049,KEY_2,한산한,4,10000,20000,100.0,0.0,0.0,18.2,45.5,36.4,0.0,0.0,100.0,0.0,20260803 0010,
2026-08-03T02:12:13.611082+09:00,천호역,천호역,POI050,KEY_3,한산한,6,300000,350000,75.9,24.1,0.0,77.5,0.0,0.0,22.5,0.0,100.0,0.0,20260803 0200,
2026-08-03T02:12:13.611082+09:00,총신대입구(이수)역,총신대입구(이수)역,POI051,KEY_4,한산한,4,10000,20000,86.7,13.3,0.0,13.3,13.3,66.7,6.7,0.0,100.0,0.0,20260803 0140,
2026-08-03T02:12:13.611082+09:00,충정로역,충정로역,POI052,KEY_1,한산한,5,30000,40000,71.4,28.6,0.0,42.9,28.6,28.6,0.0,0.0,65.6,34.4,20260802 2320,
2026-08-03T02:12:13.611082+09:00,합정역,합정역,POI053,KEY_2,한산한,12,90000,100000,46.1,53.9,0.0,30.3,49.4,5.6,14.6,0.0,100.0,0.0,20260803 0010,
2026-08-03T02:12:13.611082+09:00,혜화역,혜화역,POI054,KEY_3,한산한,4,10000,20000,93.3,6.7,0.0,33.3,60.0,0.0,0.0,6.7,100.0,0.0,20260803 0100,
2026-08-03T02:12:13.611082+09:00,홍대입구역(2호선),홍대입구역(2호선),POI055,KEY_4,한산한,5,40000,50000,0.0,100.0,0.0,16.4,17.8,0.0,48.1,17.8,100.0,0.0,20260803 0000,
2026-08-03T02:12:13.611082+09:00,회기역,회기역,POI056,KEY_1,한산한,4,20000,30000,19.0,81.0,14.3,14.3,0.0,19.0,52.4,0.0,100.0,0.0,20260803 0150,
2026-08-03T04:25:02.997501+09:00,광화문·덕수궁,광화문·덕수궁,POI009,KEY_2,한산한,4,10000,20000,72.7,27.3,0.0,0.0,0.0,72.7,27.3,0.0,100.0,0.0,20260803 0000,
2026-08-03T04:25:02.997501+09:00,보신각,보신각,POI010,KEY_3,한산한,5,300000,350000,95.2,4.8,0.0,45.2,50.0,0.0,4.8,0.0,100.0,0.0,20260803 0000,
2026-08-03T04:25:02.997501+09:00,강남 MICE 관광특구,강남 MICE 관광특구,POI001,KEY_2,한산한,7,60000,70000,12.7,87.3,0.0,0.0,12.7,54.0,33.3,0.0,100.0,0.0,20260803 0010,
2026-08-03T04:25:02.997501+09:00,동대문 관광특구,동대문 관광특구,POI002,KEY_3,한산한,8,40000,50000,68.1,31.9,0.0,29.8,38.3,31.9,0.0,0.0,100.0,0.0,20260803 0410,
2026-08-03T04:25:02.997501+09:00,명동 관광특구,명동 관광특구,POI003,KEY_4,한산한,4,20000,30000,52.2,47.8,0.0,0.0,13.0,21.7,47.8,17.4,100.0,0.0,20260803 0340,
2026-08-03T04:25:02.997501+09:00,이태원 관광특구,이태원 관광특구,POI004,KEY_1,한산한,5,100000,150000,87.0,13.0,0.0,26.0,63.0,0.0,11.0,0.0,100.0,0.0,20260803 0410,
2026-08-03T04:25:02.997501+09:00,잠실 관광특구,잠실 관광특구,POI005,KEY_2,한산한,4,40000,50000,75.7,24.3,0.0,24.3,54.1,21.6,0.0,0.0,87.8,12.2,20260803 0400,
2026-08-03T04:25:02.997501+09:00,종로·청계 관광특구,종로·청계 관광특구,POI006,KEY_3,한산한,6,40000,50000,75.5,24.5,0.0,4.1,18.4,77.6,0.0,0.0,100.0,0.0,20260803 0410,
2026-08-03T04:25:02.997501+09:00,홍대 관광특구,홍대 관광특구,POI007,KEY_4,한산한,23,550000,600000,71.0,29.0,20.5,34.1,15.6,0.0,0.9,28.9,100.0,0.0,20260803 0410,
2026-08-03T04:25:02.997501+09:00,가락시장,가락시장,POI058,KEY_2,보통,6,450000,500000,0.0,0.0,0.0,0.0,0.0,0.0,0.0,0.0,0.0,100.0,20260803 0350,
2026-08-03T04:25:02.997501+09:00,가로수길,가로수길,POI059,KEY_3,한산한,5,60000,70000,56.1,43.9,0.0,71.2,15.2,13.6,0.0,0.0,100.0,0.0,20260803 0230,
2026-08-03T04:25:02.997501+09:00,광장(전통)시장,광장(전통)시장,POI060,KEY_4,한산한,5,350000,400000,12.7,87.3,0.0,78.2,0.0,2.5,12.7,6.6,100.0,0.0,20260802 2140,
2026-08-03T04:25:02.997501+09:00,김포공항,김포공항,POI061,KEY_1,보통,9,90000,100000,42.9,57.1,0.0,0.0,57.1,0.0,42.9,0.0,82.8,17.2,20260802 2200,
2026-08-03T04:25:02.997501+09:00,남대문시장,남대문시장,POI115,KEY_2,한산한,5,40000,50000,95.5,4.5,0.0,0.0,0.0,0.0,100.0,0.0,100.0,0.0,20260803 0040,
2026-08-03T04:25:02.997501+09:00,노량진,노량진,POI063,KEY_3,한산한,4,30000,40000,100.0,0.0,0.0,0.0,59.0,0.0,41.0,0.0,100.0,0.0,20260803 0330,
2026-08-03T04:25:02.997501+09:00,덕수궁길·정동길,덕수궁길·정동길,POI064,KEY_4,한산한,4,100000,150000,57.4,42.6,0.0,10.2,47.2,0.0,42.6,0.0,100.0,0.0,20260802 2030,
2026-08-03T04:25:02.997501+09:00,북창동 먹자골목,북창동 먹자골목,POI114,KEY_1,한산한,4,30000,40000,94.1,5.9,0.0,0.0,32.4,0.0,67.6,0.0,100.0,0.0,20260803 0040,
2026-08-03T04:25:02.997501+09:00,북촌한옥마을,북촌한옥마을,POI066,KEY_2,한산한,5,40000,50000,27.3,72.7,6.8,0.0,79.5,13.6,0.0,0.0,100.0,0.0,20260802 2300,
2026-08-03T04:25:02.997501+09:00,서촌,서촌,POI067,KEY_3,한산한,5,50000,60000,51.9,48.1,0.0,0.0,17.3,82.7,0.0,0.0,100.0,0.0,20260803 0000,
2026-08-03T04:25:02.997501+09:00,성수카페거리,성수카페거리,POI068,KEY_4,한산한,4,250000,300000,68.0,32.0,0.0,32.0,39.1,29.0,0.0,0.0,100.0,0.0,20260803 0200,
2026-08-03T04:25:02.997501+09:00,송리단길·호수단길,송리단길·호수단길,POI121,KEY_1,한산한,6,40000,50000,89.1,10.9,0.0,32.6,63.0,4.3,0.0,0.0,100.0,0.0,20260803 0010,
2026-08-03T04:25:02.997501+09:00,신촌 스타광장,신촌 스타광장,POI122,KEY_2,한산한,6,40000,50000,25.0,75.0,0.0,0.0,25.0,0.0,0.0,75.0,100.0,0.0,20260803 0000,
2026-08-03T04:25:02.997501+09:00,압구정로데오거리,압구정로데오거리,POI071,KEY_3,한산한,5,30000,40000,25.6,74.4,0.0,0.0,20.5,0.0,5.1,74.4,100.0,0.0,20260803 0300,
2026-08-03T04:25:02.997501+09:00,여의도,여의도,POI072,KEY_4,한산한,4,20000,30000,90.0,10.0,5.0,50.0,35.0,0.0,0.0,10.0,100.0,0.0,20260803 0350,
2026-08-03T04:25:02.997501+09:00,연남동,연남동,POI073,KEY_1,한산한,4,40000,50000,79.2,20.8,0.0,15.1,5.7,54.7,7.5,17.0,100.0,0.0,20260803 0250,
2026-08-03T04:25:02.997501+09:00,영등포 타임스퀘어,영등포 타임스퀘어,POI074,KEY_2,한산한,6,80000,90000,71.1,28.9,0.0,12.0,83.1,0.0,4.8,0.0,100.0,0.0,20260803 0330,
2026-08-03T04:25:02.997501+09:00,용리단길,용리단길,POI076,KEY_3,보통,5,500000,550000,81.7,18.3,0.0,85.1,14.9,0.0,0.0,0.0,100.0,0.0,20260803 0000,
2026-08-03T04:25:02.997501+09:00,이태원 앤틱가구거리,이태원 앤틱가구거리,POI077,KEY_4,한산한,4,60000,70000,79.7,20.3,0.0,40.6,42.2,0.0,17.2,0.0,100.0,0.0,20260803 0410,
2026-08-03T04:25:02.997501+09:00,익선동,익선동,POI116,KEY_1,한산한,4,20000,30000,82.6,17.4,0.0,17.4,56.5,26.1,0.0,0.0,100.0,0.0,20260803 0130,
2026-08-03T04:25:02.997501+09:00,인사동,인사동,POI078,KEY_2,한산한,4,10000,20000,100.0,0.0,0.0,100.0,0.0,0.0,0.0,0.0,100.0,0.0,20260803 0000,
2026-08-03T04:25:02.997501+09:00,잠실롯데타워·석촌호수,잠실롯데타워·석촌호수,POI120,KEY_3,한산한,4,50000,60000,96.3,3.7,0.0,5.6,0.0,3.7,7.4,83.3,100.0,0.0,20260803 0330,
2026-08-03T04:25:02.997501+09:00,창동 신경제 중심지,창동 신경제 중심지,POI079,KEY_4,한산한,6,30000,40000,60.5,39.5,10.5,0.0,71.1,0.0,0.0,18.4,100.0,0.0,20260803 0320,
2026-08-03T04:25:02.997501+09:00,청담동 명품거리,청담동 명품거리,POI080,KEY_1,한산한,4,30000,40000,6.5,93.5,0.0,0.0,0.0,0.0,6.5,93.5,100.0,0.0,20260803 0300,
2026-08-03T04:25:02.997501+09:00,청량리 제기동 일대 전통시장,청량리 제기동 일대 전통시장,POI081,KEY_2,한산한,4,50000,60000,66.7,33.3,0.0,38.9,61.1,0.0,0.0,0.0,100.0,0.0,20260802 2230,
2026-08-03T04:25:02.997501+09:00,해방촌·경리단길,해방촌·경리단길,POI082,KEY_3,한산한,4,40000,50000,98.0,2.0,0.0,2.0,24.5,73.5,0.0,0.0,100.0,0.0,20260803 0330,
2026-08-03T04:25:02.997501+09:00,DDP(동대문디자인플라자),DDP(동대문디자인플라자),POI083,KEY_4,한산한,4,10000,20000,100.0,0.0,0.0,0.0,0.0,100.0,0.0,0.0,100.0,0.0,20260803 0000,
2026-08-03T04:25:02.997501+09:00,DMC(디지털미디어시티),DMC(디지털미디어시티),POI084,KEY_1,한산한,4,20000,30000,46.2,53.8,0.0,46.2,53.8,0.0,0.0,0.0,100.0,0.0,20260803 0300,
2026-08-03T04:25:02.997501+09:00,가산디지털단지역,가산디지털단지역,POI013,KEY_2,한산한,5,20000,30000,100.0,0.0,0.0,25.0,75.0,0.0,0.0,0.0,100.0,0.0,20260803 0320,
2026-08-03T04:25:02.997501+09:00,강남역,강남역,POI014,KEY_3,한산한,4,70000,80000,100.0,0.0,0.0,27.8,55.6,0.0,0.0,16.7,100.0,0.0,20260803 0400,
2026-08-03T04:25:02.997501+09:00,건대입구역,건대입구역,POI015,KEY_4,한산한,10,100000,150000,88.9,11.1,0.0,94.0,6.0,0.0,0.0,0.0,100.0,0.0,20260803 0410,
2026-08-03T04:25:02.997501+09:00,고덕역,고덕역,POI016,KEY_1,한산한,4,10000,20000,100.0,0.0,0.0,0.0,44.4,55.6,0.0,0.0,100.0,0.0,20260803 0000,
2026-08-03T04:25:02.997501+09:00,고속터미널역,고속터미널역,POI017,KEY_2,한산한,5,20000,30000,50.0,50.0,3.8,0.0,38.5,50.0,7.7,0.0,100.0,0.0,20260803 0010,
2026-08-03T04:25:02.997501+09:00,교대역,교대역,POI018,KEY_3,한산한,5,30000,40000,72.7,27.3,0.0,24.2,15.2,27.3,33.3,0.0,100.0,0.0,20260802 2340,
2026-08-03T04:25:02.997501+09:00,구로디지털단지역,구로디지털단지역,POI019,KEY_4,한산한,4,20000,30000,100.0,0.0,0.0,19.2,50.0,0.0,30.8,0.0,100.0,0.0,20260803 0350,
2026-08-03T04:25:02.997501+09:00,구로역,구로역,POI020,KEY_1,한산한,4,20000,30000,90.5,9.5,0.0,0.0,90.5,9.5,0.0,0.0,100.0,0.0,20260802 2210,
2026-08-03T04:25:02.997501+09:00,군자역,군자역,POI021,KEY_2,한산한,4,10000,20000,73.7,26.3,0.0,0.0,26.3,10.5,63.2,0.0,100.0,0.0,20260803 0350,
2026-08-03T04:25:02.997501+09:00,대림역,대림역,POI023,KEY_3,한산한,4,150000,200000,83.5,16.5,0.0,16.5,31.8,51.7,0.0,0.0,100.0,0.0,20260803 0200,
2026-08-03T04:25:02.997501+09:00,동대문역,동대문역,POI024,KEY_4,한산한,5,40000,50000,88.6,11.4,0.0,0.0,22.7,68.2,9.1,0.0,100.0,0.0,20260803 0350,
2026-08-03T04:25:02.997501+09:00,뚝섬역,뚝섬역,POI025,KEY_1,한산한,5,10000,20000,40.0,60.0,0.0,6.7,0.0,33.3,26.7,33.3,100.0,0.0,20260803 0110,
2026-08-03T04:25:02.997501+09:00,미아사거리역,미아사거리역,POI026,KEY_2,한산한,5,40000,50000,76.2,23.8,0.0,19.0,47.6,0.0,0.0,33.3,100.0,0.0,20260803 0120,
2026-08-03T04:25:02.997501+09:00,발산역,발산역,POI027,KEY_3,한산한,8,100000,150000,62.4,37.6,1.0,0.0,67.3,15.8,15.8,0.0,100.0,0.0,20260803 0330,
2026-08-03T04:25:02.997501+09:00,사당역,사당역,POI029,KEY_4,한산한,4,20000,30000,36.0,64.0,0.0,20.0,16.0,0.0,64.0,0.0,100.0,0.0,20260803 0320,
2026-08-03T04:25:02.997501+09:00,서울대입구역,서울대입구역,POI031,KEY_2,한산한,4,200000,250000,83.7,16.3,0.0,23.6,60.1,0.0,0.0,16.3,100.0,0.0,20260803 0330,
2026-08-03T04:25:02.997501+09:00,서울식물원·마곡나루역,서울식물원·마곡나루역,POI032,KEY_3,한산한,6,20000,30000,63.0,37.0,0.0,14.8,55.6,0.0,7.4,22.2,100.0,0.0,20260803 0000,
2026-08-03T04:25:02.997501+09:00,서울역,서울역,POI033,KEY_4,한산한,4,50000,60000,63.3,36.7,0.0,0.0,47.3,26.6,26.1,0.0,100.0,0.0,20260802 2220,
2026-08-03T04:25:02.997501+09:00,선릉역,선릉역,POI034,KEY_1,한산한,5,40000,50000,100.0,0.0,0.0,0.0,66.7,0.0,33.3,0.0,67.3,32.7,20260803 0400,
2026-08-03T04:25:02.997501+09:00,성신여대입구역,성신여대입구역,POI035,KEY_2,한산한,5,30000,40000,62.2,37.8,0.0,16.2,62.2,0.0,21.6,0.0,100.0,0.0,20260803 0110,
2026-08-03T04:25:02.997501+09:00,수유역,수유역,POI036,KEY_3,한산한,4,30000,40000,58.8,41.2,0.0,0.0,0.0,58.8,41.2,0.0,100.0,0.0,20260803 0410,
2026-08-03T04:25:02.997501+09:00,신논현역·논현역,신논현역·논현역,POI037,KEY_2,보통,5,950000,1000000,94.8,5.2,0.0,10.0,5.2,78.4,0.0,6.4,100.0,0.0,20260803 0330,
2026-08-03T04:25:02.997501+09:00,신도림역,신도림역,POI038,KEY_3,바쁜,4,200000,250000,29.7,70.3,0.0,29.7,22.3,0.0,48.0,0.0,100.0,0.0,20260802 2140,
2026-08-03T04:25:02.997501+09:00,신림역,신림역,POI039,KEY_4,한산한,8,50000,60000,96.2,3.8,0.0,11.3,88.7,0.0,0.0,0.0,100.0,0.0,20260803 0410,
2026-08-03T04:25:02.997501+09:00,신정네거리역,신정네거리역,POI117,KEY_1,한산한,4,20000,30000,100.0,0.0,0.0,0.0,32.0,0.0,68.0,0.0,100.0,0.0,20260803 0310,
2026-08-03T04:25:02.997501+09:00,신촌·이대역,신촌·이대역,POI040,KEY_2,한산한,6,30000,40000,77.1,22.9,0.0,22.9,48.6,0.0,0.0,28.6,100.0,0.0,20260803 0410,
2026-08-03T04:25:02.997501+09:00,쌍문역,쌍문역,POI070,KEY_3,한산한,5,30000,40000,69.4,30.6,0.0,0.0,0.0,47.2,33.3,19.4,100.0,0.0,20260803 0120,
2026-08-03T04:25:02.997501+09:00,양재역,양재역,POI041,KEY_4,한산한,6,40000,50000,40.4,59.6,0.0,17.0,48.9,17.0,10.6,6.4,100.0,0.0,20260803 0050,
2026-08-03T04:25:02.997501+09:00,역삼역,역삼역,POI042,KEY_1,한산한,5,80000,90000,50.0,50.0,0.0,50.0,0.0,19.2,30.8,0.0,33.3,66.7,20260803 0410,
2026-08-03T04:25:02.997501+09:00,연신내역,연신내역,POI043,KEY_2,한산한,5,30000,40000,68.4,31.6,0.0,31.6,31.6,0.0,15.8,21.1,100.0,0.0,20260803 0330,
2026-08-03T04:25:02.997501+09:00,오목교역·목동운동장,오목교역·목동운동장,POI044,KEY_3,한산한,4,30000,40000,100.0,0.0,0.0,0.0,0.0,16.7,13.3,70.0,100.0,0.0,20260803 0200,
2026-08-03T04:25:02.997501+09:00,왕십리역,왕십리역,POI045,KEY_4,한산한,4,10000,20000,84.6,15.4,0.0,15.4,30.8,0.0,53.8,0.0,100.0,0.0,20260803 0310,
2026-08-03T04:25:02.997501+09:00,용산역,용산역,POI046,KEY_1,한산한,4,10000,20000,75.0,25.0,0.0,50.0,16.7,33.3,0.0,0.0,100.0,0.0,20260803 0010,
2026-08-03T04:25:02.997501+09:00,이태원역,이태원역,POI047,KEY_2,한산한,5,100000,150000,87.0,13.0,0.0,26.0,63.0,0.0,11.0,0.0,100.0,0.0,20260803 0410,
2026-08-03T04:25:02.997501+09:00,잠실새내역,잠실새내역,POI118,KEY_3,한산한,4,10000,20000,80.0,20.0,0.0,40.0,40.0,0.0,0.0,20.0,100.0,0.0,20260803 0230,
2026-08-03T04:25:02.997501+09:00,잠실역,잠실역,POI119,KEY_4,한산한,9,60000,70000,81.8,18.2,0.0,18.2,54.5,27.3,0.0,0.0,100.0,0.0,20260803 0040,
2026-08-03T04:25:02.997501+09:00,장지역,장지역,POI048,KEY_1,한산한,6,40000,50000,46.8,53.2,0.0,0.0,31.9,14.9,46.8,6.4,100.0,0.0,20260803 0110,
2026-08-03T04:25:02.997501+09:00,장한평역,장한평역,POI049,KEY_2,한산한,4,10000,20000,100.0,0.0,0.0,18.2,45.5,36.4,0.0,0.0,100.0,0.0,20260803 0010,
2026-08-03T04:25:02.997501+09:00,천호역,천호역,POI050,KEY_3,한산한,4,10000,20000,26.7,73.3,0.0,13.3,60.0,0.0,0.0,26.7,100.0,0.0,20260803 0350,
2026-08-03T04:25:02.997501+09:00,총신대입구(이수)역,총신대입구(이수)역,POI051,KEY_4,한산한,4,20000,30000,45.5,54.5,0.0,0.0,0.0,0.0,40.9,59.1,100.0,0.0,20260803 0400,
2026-08-03T04:25:02.997501+09:00,충정로역,충정로역,POI052,KEY_1,한산한,5,30000,40000,71.4,28.6,0.0,42.9,28.6,28.6,0.0,0.0,65.6,34.4,20260802 2320,
2026-08-03T04:25:02.997501+09:00,합정역,합정역,POI053,KEY_2,한산한,4,20000,30000,69.6,30.4,0.0,47.8,0.0,52.2,0.0,0.0,100.0,0.0,20260803 0330,
2026-08-03T04:25:02.997501+09:00,혜화역,혜화역,POI054,KEY_3,한산한,4,10000,20000,93.3,6.7,0.0,33.3,60.0,0.0,0.0,6.7,100.0,0.0,20260803 0100,
2026-08-03T04:25:02.997501+09:00,홍대입구역(2호선),홍대입구역(2호선),POI055,KEY_4,한산한,4,0,10000,55.6,44.4,0.0,77.8,0.0,22.2,0.0,0.0,100.0,0.0,20260803 0300,
2026-08-03T04:25:02.997501+09:00,회기역,회기역,POI056,KEY_1,한산한,4,30000,40000,72.7,27.3,0.0,27.3,0.0,0.0,72.7,0.0,100.0,0.0,20260803 0250,
2026-08-03T06:07:09.161647+09:00,광화문·덕수궁,광화문·덕수궁,POI009,KEY_2,한산한,4,10000,20000,30.0,70.0,0.0,70.0,0.0,0.0,0.0,30.0,100.0,0.0,20260803 0530,
2026-08-03T06:07:09.161647+09:00,보신각,보신각,POI010,KEY_3,한산한,5,300000,350000,95.2,4.8,0.0,45.2,50.0,0.0,4.8,0.0,100.0,0.0,20260803 0000,
2026-08-03T06:07:09.161647+09:00,강남 MICE 관광특구,강남 MICE 관광특구,POI001,KEY_2,한산한,7,60000,70000,12.7,87.3,0.0,0.0,12.7,54.0,33.3,0.0,100.0,0.0,20260803 0010,
2026-08-03T06:07:09.161647+09:00,동대문 관광특구,동대문 관광특구,POI002,KEY_3,한산한,5,30000,40000,45.9,54.1,0.0,0.0,16.2,54.1,0.0,29.7,100.0,0.0,20260803 0550,
2026-08-03T06:07:09.161647+09:00,명동 관광특구,명동 관광특구,POI003,KEY_4,한산한,5,20000,30000,75.0,25.0,0.0,0.0,25.0,14.3,35.7,25.0,100.0,0.0,20260803 0550,
2026-08-03T06:07:09.161647+09:00,이태원 관광특구,이태원 관광특구,POI004,KEY_1,한산한,5,60000,70000,94.0,6.0,0.0,9.0,6.0,6.0,79.1,0.0,100.0,0.0,20260803 0540,
2026-08-03T06:07:09.161647+09:00,잠실 관광특구,잠실 관광특구,POI005,KEY_2,한산한,7,60000,70000,91.0,9.0,0.0,17.9,6.0,0.0,16.4,59.7,100.0,0.0,20260803 0550,
2026-08-03T06:07:09.161647+09:00,종로·청계 관광특구,종로·청계 관광특구,POI006,KEY_3,한산한,6,20000,30000,85.2,14.8,0.0,0.0,22.2,14.8,22.2,40.7,100.0,0.0,20260803 0550,
2026-08-03T06:07:09.161647+09:00,홍대 관광특구,홍대 관광특구,POI007,KEY_4,한산한,15,70000,80000,76.3,23.7,13.2,22.4,14.5,27.6,11.8,10.5,100.0,0.0,20260803 0550,
2026-08-03T06:07:09.161647+09:00,가락시장,가락시장,POI058,KEY_2,한산한,4,50000,60000,85.2,14.8,0.0,0.0,0.5,9.2,83.2,7.0,100.0,0.0,20260803 0550,
2026-08-03T06:07:09.161647+09:00,가로수길,가로수길,POI059,KEY_3,한산한,7,40000,50000,88.6,11.4,0.0,0.0,70.5,0.0,18.2,11.4,100.0,0.0,20260803 0550,
2026-08-03T06:07:09.161647+09:00,광장(전통)시장,광장(전통)시장,POI060,KEY_4,한산한,5,350000,400000,12.7,87.3,0.0,78.2,0.0,2.5,12.7,6.6,100.0,0.0,20260802 2140,
2026-08-03T06:07:09.161647+09:00,김포공항,김포공항,POI061,KEY_1,보통,9,90000,100000,42.9,57.1,0.0,0.0,57.1,0.0,42.9,0.0,82.8,17.2,20260802 2200,
2026-08-03T06:07:09.161647+09:00,남대문시장,남대문시장,POI115,KEY_2,한산한,5,40000,50000,95.5,4.5,0.0,0.0,0.0,0.0,100.0,0.0,100.0,0.0,20260803 0040,
2026-08-03T06:07:09.161647+09:00,노량진,노량진,POI063,KEY_3,한산한,9,50000,60000,71.4,28.6,0.0,38.8,0.0,18.4,18.4,24.5,100.0,0.0,20260803 0530,
2026-08-03T06:07:09.161647+09:00,덕수궁길·정동길,덕수궁길·정동길,POI064,KEY_4,한산한,4,100000,150000,57.4,42.6,0.0,10.2,47.2,0.0,42.6,0.0,100.0,0.0,20260802 2030,
2026-08-03T06:07:09.161647+09:00,북창동 먹자골목,북창동 먹자골목,POI114,KEY_1,한산한,4,30000,40000,94.1,5.9,0.0,0.0,32.4,0.0,67.6,0.0,100.0,0.0,20260803 0040,
2026-08-03T06:07:09.161647+09:00,북촌한옥마을,북촌한옥마을,POI066,KEY_2,한산한,5,40000,50000,27.3,72.7,6.8,0.0,79.5,13.6,0.0,0.0,100.0,0.0,20260802 2300,
2026-08-03T06:07:09.161647+09:00,서촌,서촌,POI067,KEY_3,한산한,4,30000,40000,90.9,9.1,0.0,12.1,0.0,36.4,51.5,0.0,100.0,0.0,20260803 0530,
2026-08-03T06:07:09.161647+09:00,성수카페거리,성수카페거리,POI068,KEY_4,한산한,5,30000,40000,62.9,37.1,0.0,0.0,0.0,0.0,11.4,88.6,100.0,0.0,20260803 0550,
2026-08-03T06:07:09.161647+09:00,송리단길·호수단길,송리단길·호수단길,POI121,KEY_1,한산한,4,20000,30000,84.6,15.4,0.0,0.0,15.4,53.8,30.8,0.0,44.8,55.2,20260803 0520,
2026-08-03T06:07:09.161647+09:00,신촌 스타광장,신촌 스타광장,POI122,KEY_2,한산한,6,40000,50000,25.0,75.0,0.0,0.0,25.0,0.0,0.0,75.0,100.0,0.0,20260803 0000,
2026-08-03T06:07:09.161647+09:00,압구정로데오거리,압구정로데오거리,POI071,KEY_3,한산한,4,10000,20000,100.0,0.0,0.0,0.0,0.0,0.0,0.0,100.0,100.0,0.0,20260803 0520,
2026-08-03T06:07:09.161647+09:00,여의도,여의도,POI072,KEY_4,한산한,11,40000,50000,97.7,2.3,0.0,0.0,13.6,4.5,61.4,20.5,100.0,0.0,20260803 0550,
2026-08-03T06:07:09.161647+09:00,연남동,연남동,POI073,KEY_1,한산한,4,10000,20000,100.0,0.0,0.0,0.0,38.5,0.0,30.8,30.8,100.0,0.0,20260803 0450,
2026-08-03T06:07:09.161647+09:00,영등포 타임스퀘어,영등포 타임스퀘어,POI074,KEY_2,한산한,6,20000,30000,85.2,14.8,0.0,33.3,29.6,7.4,29.6,0.0,100.0,0.0,20260803 0550,
2026-08-03T06:07:09.161647+09:00,용리단길,용리단길,POI076,KEY_3,보통,5,500000,550000,81.7,18.3,0.0,85.1,14.9,0.0,0.0,0.0,100.0,0.0,20260803 0000,
2026-08-03T06:07:09.161647+09:00,이태원 앤틱가구거리,이태원 앤틱가구거리,POI077,KEY_4,한산한,4,60000,70000,100.0,0.0,0.0,9.5,6.3,0.0,84.1,0.0,100.0,0.0,20260803 0540,
2026-08-03T06:07:09.161647+09:00,익선동,익선동,POI116,KEY_1,한산한,4,20000,30000,82.6,17.4,0.0,17.4,56.5,26.1,0.0,0.0,100.0,0.0,20260803 0130,
2026-08-03T06:07:09.161647+09:00,인사동,인사동,POI078,KEY_2,한산한,4,10000,20000,100.0,0.0,0.0,100.0,0.0,0.0,0.0,0.0,100.0,0.0,20260803 0000,
2026-08-03T06:07:09.161647+09:00,잠실롯데타워·석촌호수,잠실롯데타워·석촌호수,POI120,KEY_3,한산한,5,60000,70000,100.0,0.0,0.0,19.7,0.0,0.0,14.8,65.6,100.0,0.0,20260803 0550,
2026-08-03T06:07:09.161647+09:00,창동 신경제 중심지,창동 신경제 중심지,POI079,KEY_4,한산한,6,20000,30000,65.2,34.8,0.0,4.3,17.4,0.0,60.9,17.4,100.0,0.0,20260803 0540,
2026-08-03T06:07:09.161647+09:00,청담동 명품거리,청담동 명품거리,POI080,KEY_1,한산한,4,10000,20000,100.0,0.0,0.0,0.0,0.0,0.0,0.0,100.0,100.0,0.0,20260803 0520,
2026-08-03T06:07:09.161647+09:00,청량리 제기동 일대 전통시장,청량리 제기동 일대 전통시장,POI081,KEY_2,한산한,4,50000,60000,66.7,33.3,0.0,38.9,61.1,0.0,0.0,0.0,100.0,0.0,20260802 2230,
2026-08-03T06:07:09.161647+09:00,해방촌·경리단길,해방촌·경리단길,POI082,KEY_3,한산한,4,40000,50000,98.0,2.0,0.0,2.0,24.5,73.5,0.0,0.0,100.0,0.0,20260803 0330,
2026-08-03T06:07:09.161647+09:00,DDP(동대문디자인플라자),DDP(동대문디자인플라자),POI083,KEY_4,한산한,4,10000,20000,100.0,0.0,0.0,0.0,0.0,100.0,0.0,0.0,100.0,0.0,20260803 0000,
2026-08-03T06:07:09.161647+09:00,DMC(디지털미디어시티),DMC(디지털미디어시티),POI084,KEY_1,한산한,5,10000,20000,66.7,33.3,0.0,20.0,13.3,0.0,66.7,0.0,100.0,0.0,20260803 0520,
2026-08-03T06:07:09.161647+09:00,가산디지털단지역,가산디지털단지역,POI013,KEY_2,한산한,5,20000,30000,100.0,0.0,0.0,25.0,75.0,0.0,0.0,0.0,100.0,0.0,20260803 0320,
2026-08-03T06:07:09.161647+09:00,강남역,강남역,POI014,KEY_3,한산한,5,20000,30000,85.7,14.3,0.0,0.0,0.0,19.0,23.8,57.1,100.0,0.0,20260803 0550,
2026-08-03T06:07:09.161647+09:00,건대입구역,건대입구역,POI015,KEY_4,한산한,8,100000,150000,97.1,2.9,0.0,83.3,0.0,0.0,5.8,10.9,100.0,0.0,20260803 0550,
2026-08-03T06:07:09.161647+09:00,고덕역,고덕역,POI016,KEY_1,한산한,4,10000,20000,100.0,0.0,0.0,0.0,44.4,55.6,0.0,0.0,100.0,0.0,20260803 0000,
2026-08-03T06:07:09.161647+09:00,고속터미널역,고속터미널역,POI017,KEY_2,한산한,5,30000,40000,51.4,48.6,0.0,0.0,28.6,5.7,11.4,54.3,100.0,0.0,20260803 0550,
2026-08-03T06:07:09.161647+09:00,교대역,교대역,POI018,KEY_3,한산한,5,30000,40000,72.7,27.3,0.0,24.2,15.2,27.3,33.3,0.0,100.0,0.0,20260802 2340,
2026-08-03T06:07:09.161647+09:00,구로디지털단지역,구로디지털단지역,POI019,KEY_4,한산한,4,30000,40000,100.0,0.0,0.0,0.0,48.5,27.3,24.2,0.0,100.0,0.0,20260803 0540,
2026-08-03T06:07:09.161647+09:00,구로역,구로역,POI020,KEY_1,한산한,4,20000,30000,90.5,9.5,0.0,0.0,90.5,9.5,0.0,0.0,100.0,0.0,20260802 2210,
2026-08-03T06:07:09.161647+09:00,군자역,군자역,POI021,KEY_2,한산한,4,10000,20000,73.3,26.7,0.0,26.7,73.3,0.0,0.0,0.0,100.0,0.0,20260803 0550,
2026-08-03T06:07:09.161647+09:00,대림역,대림역,POI023,KEY_3,한산한,4,150000,200000,83.5,16.5,0.0,16.5,31.8,51.7,0.0,0.0,100.0,0.0,20260803 0200,
2026-08-03T06:07:09.161647+09:00,동대문역,동대문역,POI024,KEY_4,한산한,5,40000,50000,88.6,11.4,0.0,0.0,22.7,68.2,9.1,0.0,100.0,0.0,20260803 0350,
2026-08-03T06:07:09.161647+09:00,뚝섬역,뚝섬역,POI025,KEY_1,한산한,4,20000,30000,61.9,38.1,0.0,0.0,100.0,0.0,0.0,0.0,100.0,0.0,20260803 0530,
2026-08-03T06:07:09.161647+09:00,미아사거리역,미아사거리역,POI026,KEY_2,한산한,5,40000,50000,76.2,23.8,0.0,19.0,47.6,0.0,0.0,33.3,100.0,0.0,20260803 0120,
2026-08-03T06:07:09.161647+09:00,발산역,발산역,POI027,KEY_3,한산한,4,10000,20000,100.0,0.0,0.0,0.0,0.0,0.0,25.0,75.0,100.0,0.0,20260803 0540,
2026-08-03T06:07:09.161647+09:00,사당역,사당역,POI029,KEY_4,한산한,8,30000,40000,100.0,0.0,0.0,35.0,15.0,17.5,25.0,7.5,100.0,0.0,20260803 0550,
2026-08-03T06:07:09.161647+09:00,서울대입구역,서울대입구역,POI031,KEY_2,한산한,6,20000,30000,52.4,47.6,0.0,28.6,23.8,0.0,28.6,19.0,100.0,0.0,20260803 0540,
2026-08-03T06:07:09.161647+09:00,서울식물원·마곡나루역,서울식물원·마곡나루역,POI032,KEY_3,한산한,6,20000,30000,63.0,37.0,0.0,14.8,55.6,0.0,7.4,22.2,100.0,0.0,20260803 0000,
2026-08-03T06:07:09.161647+09:00,서울역,서울역,POI033,KEY_4,한산한,4,50000,60000,63.3,36.7,0.0,0.0,47.3,26.6,26.1,0.0,100.0,0.0,20260802 2220,
2026-08-03T06:07:09.161647+09:00,선릉역,선릉역,POI034,KEY_1,한산한,5,20000,30000,36.4,63.6,0.0,9.1,77.3,4.5,0.0,9.1,100.0,0.0,20260803 0540,
2026-08-03T06:07:09.161647+09:00,성신여대입구역,성신여대입구역,POI035,KEY_2,한산한,5,30000,40000,62.2,37.8,0.0,16.2,62.2,0.0,21.6,0.0,100.0,0.0,20260803 0110,
2026-08-03T06:07:09.161647+09:00,수유역,수유역,POI036,KEY_3,한산한,6,40000,50000,87.5,12.5,0.0,0.0,30.0,12.5,0.0,57.5,100.0,0.0,20260803 0540,
2026-08-03T06:07:09.161647+09:00,신논현역·논현역,신논현역·논현역,POI037,KEY_2,한산한,6,40000,50000,77.8,22.2,0.0,48.9,0.0,0.0,31.1,20.0,100.0,0.0,20260803 0550,
2026-08-03T06:07:09.161647+09:00,신도림역,신도림역,POI038,KEY_3,바쁜,4,200000,250000,29.7,70.3,0.0,29.7,22.3,0.0,48.0,0.0,100.0,0.0,20260802 2140,
2026-08-03T06:07:09.161647+09:00,신림역,신림역,POI039,KEY_4,한산한,5,20000,30000,66.7,33.3,0.0,3.7,66.7,0.0,29.6,0.0,100.0,0.0,20260803 0550,
2026-08-03T06:07:09.161647+09:00,신정네거리역,신정네거리역,POI117,KEY_1,한산한,4,20000,30000,100.0,0.0,0.0,0.0,32.0,0.0,68.0,0.0,100.0,0.0,20260803 0310,
2026-08-03T06:07:09.161647+09:00,신촌·이대역,신촌·이대역,POI040,KEY_2,한산한,4,40000,50000,75.5,24.5,0.0,100.0,0.0,0.0,0.0,0.0,100.0,0.0,20260803 0530,
2026-08-03T06:07:09.161647+09:00,쌍문역,쌍문역,POI070,KEY_3,한산한,4,60000,70000,100.0,0.0,0.0,0.0,0.0,40.7,59.3,0.0,85.7,14.3,20260803 0550,
2026-08-03T06:07:09.161647+09:00,양재역,양재역,POI041,KEY_4,한산한,6,40000,50000,40.4,59.6,0.0,17.0,48.9,17.0,10.6,6.4,100.0,0.0,20260803 0050,
2026-08-03T06:07:09.161647+09:00,역삼역,역삼역,POI042,KEY_1,한산한,6,20000,30000,84.0,16.0,0.0,28.0,12.0,60.0,0.0,0.0,100.0,0.0,20260803 0540,
2026-08-03T06:07:09.161647+09:00,연신내역,연신내역,POI043,KEY_2,한산한,4,0,10000,62.5,37.5,0.0,75.0,25.0,0.0,0.0,0.0,100.0,0.0,20260803 0540,
2026-08-03T06:07:09.161647+09:00,오목교역·목동운동장,오목교역·목동운동장,POI044,KEY_3,한산한,6,20000,30000,100.0,0.0,0.0,22.2,0.0,18.5,37.0,22.2,100.0,0.0,20260803 0550,
2026-08-03T06:07:09.161647+09:00,왕십리역,왕십리역,POI045,KEY_4,한산한,4,20000,30000,78.6,21.4,0.0,28.6,0.0,0.0,50.0,21.4,100.0,0.0,20260803 0450,
2026-08-03T06:07:09.161647+09:00,용산역,용산역,POI046,KEY_1,한산한,6,60000,70000,83.3,16.7,0.0,5.0,31.7,0.0,63.3,0.0,100.0,0.0,20260803 0550,
2026-08-03T06:07:09.161647+09:00,이태원역,이태원역,POI047,KEY_2,한산한,4,10000,20000,71.4,28.6,0.0,42.9,28.6,28.6,0.0,0.0,100.0,0.0,20260803 0540,
2026-08-03T06:07:09.161647+09:00,잠실새내역,잠실새내역,POI118,KEY_3,한산한,4,10000,20000,80.0,20.0,0.0,40.0,40.0,0.0,0.0,20.0,100.0,0.0,20260803 0230,
2026-08-03T06:07:09.161647+09:00,잠실역,잠실역,POI119,KEY_4,한산한,9,60000,70000,81.8,18.2,0.0,18.2,54.5,27.3,0.0,0.0,100.0,0.0,20260803 0040,
2026-08-03T06:07:09.161647+09:00,장지역,장지역,POI048,KEY_1,한산한,4,20000,30000,100.0,0.0,0.0,0.0,14.8,77.8,7.4,0.0,100.0,0.0,20260803 0520,
2026-08-03T06:07:09.161647+09:00,장한평역,장한평역,POI049,KEY_2,한산한,4,20000,30000,100.0,0.0,0.0,18.2,22.7,40.9,0.0,18.2,100.0,0.0,20260803 0550,
2026-08-03T06:07:09.161647+09:00,천호역,천호역,POI050,KEY_3,한산한,7,40000,50000,100.0,0.0,0.0,17.5,0.0,30.0,45.0,7.5,100.0,0.0,20260803 0540,
2026-08-03T06:07:09.161647+09:00,총신대입구(이수)역,총신대입구(이수)역,POI051,KEY_4,한산한,5,30000,40000,88.2,11.8,0.0,0.0,38.2,23.5,11.8,26.5,100.0,0.0,20260803 0540,
2026-08-03T06:07:09.161647+09:00,충정로역,충정로역,POI052,KEY_1,한산한,5,30000,40000,71.4,28.6,0.0,42.9,28.6,28.6,0.0,0.0,65.6,34.4,20260802 2320,
2026-08-03T06:07:09.161647+09:00,합정역,합정역,POI053,KEY_2,한산한,5,10000,20000,78.9,21.1,0.0,21.1,47.4,0.0,21.1,10.5,100.0,0.0,20260803 0420,
2026-08-03T06:07:09.161647+09:00,혜화역,혜화역,POI054,KEY_3,한산한,4,10000,20000,93.3,6.7,0.0,33.3,60.0,0.0,0.0,6.7,100.0,0.0,20260803 0100,
2026-08-03T06:07:09.161647+09:00,홍대입구역(2호선),홍대입구역(2호선),POI055,KEY_4,한산한,4,0,10000,55.6,44.4,0.0,77.8,0.0,22.2,0.0,0.0,100.0,0.0,20260803 0300,
2026-08-03T06:07:09.161647+09:00,회기역,회기역,POI056,KEY_1,한산한,4,30000,40000,72.7,27.3,0.0,27.3,0.0,0.0,72.7,0.0,100.0,0.0,20260803 0250,
2026-08-03T07:08:49.056476+09:00,광화문·덕수궁,광화문·덕수궁,POI009,KEY_2,한산한,19,90000,100000,90.1,9.9,0.0,0.0,38.3,3.7,48.1,9.9,87.1,12.9,20260803 0650,
2026-08-03T07:08:49.056476+09:00,보신각,보신각,POI010,KEY_3,한산한,5,20000,30000,80.0,20.0,0.0,35.0,0.0,10.0,55.0,0.0,100.0,0.0,20260803 0650,
2026-08-03T07:08:49.056476+09:00,강남 MICE 관광특구,강남 MICE 관광특구,POI001,KEY_2,한산한,7,60000,70000,12.7,87.3,0.0,0.0,12.7,54.0,33.3,0.0,100.0,0.0,20260803 0010,
2026-08-03T07:08:49.056476+09:00,동대문 관광특구,동대문 관광특구,POI002,KEY_3,한산한,7,50000,60000,45.5,54.5,0.0,4.5,22.7,0.0,22.7,50.0,75.9,24.1,20260803 0650,
2026-08-03T07:08:49.056476+09:00,명동 관광특구,명동 관광특구,POI003,KEY_4,한산한,75,650000,700000,50.0,50.0,0.0,3.2,22.2,44.6,15.8,14.3,67.1,32.9,20260803 0650,
2026-08-03T07:08:49.056476+09:00,이태원 관광특구,이태원 관광특구,POI004,KEY_1,한산한,7,30000,40000,100.0,0.0,0.0,8.3,0.0,20.8,33.3,37.5,78.8,21.2,20260803 0650,
2026-08-03T07:08:49.056476+09:00,잠실 관광특구,잠실 관광특구,POI005,KEY_2,한산한,16,80000,90000,63.7,36.3,0.0,26.3,23.8,33.8,16.3,0.0,92.0,8.0,20260803 0650,
2026-08-03T07:08:49.056476+09:00,종로·청계 관광특구,종로·청계 관광특구,POI006,KEY_3,한산한,9,60000,70000,54.1,45.9,0.0,0.0,6.6,3.3,29.5,60.7,100.0,0.0,20260803 0650,
2026-08-03T07:08:49.056476+09:00,홍대 관광특구,홍대 관광특구,POI007,KEY_4,한산한,21,80000,90000,91.1,8.9,5.1,26.6,15.2,20.3,20.3,12.7,94.0,6.0,20260803 0650,
2026-08-03T07:08:49.056476+09:00,가락시장,가락시장,POI058,KEY_2,바쁜,9,700000,750000,80.2,19.8,0.0,0.0,0.0,14.1,48.6,37.4,100.0,0.0,20260803 0630,
2026-08-03T07:08:49.056476+09:00,가로수길,가로수길,POI059,KEY_3,한산한,6,20000,30000,39.3,60.7,0.0,17.9,14.3,0.0,64.3,3.6,100.0,0.0,20260803 0650,
2026-08-03T07:08:49.056476+09:00,광장(전통)시장,광장(전통)시장,POI060,KEY_4,한산한,4,40000,50000,100.0,0.0,0.0,0.0,10.0,0.0,50.0,40.0,100.0,0.0,20260803 0630,
2026-08-03T07:08:49.056476+09:00,김포공항,김포공항,POI061,KEY_1,한산한,5,10000,20000,100.0,0.0,0.0,0.0,63.2,10.5,0.0,26.3,100.0,0.0,20260803 0640,
2026-08-03T07:08:49.056476+09:00,남대문시장,남대문시장,POI115,KEY_2,한산한,10,50000,60000,45.3,54.7,0.0,11.3,15.1,47.2,0.0,26.4,100.0,0.0,20260803 0650,
2026-08-03T07:08:49.056476+09:00,노량진,노량진,POI063,KEY_3,한산한,15,90000,100000,29.6,70.4,0.0,15.5,35.2,2.8,25.4,21.1,73.5,26.5,20260803 0650,
2026-08-03T07:08:49.056476+09:00,덕수궁길·정동길,덕수궁길·정동길,POI064,KEY_4,한산한,4,100000,150000,57.4,42.6,0.0,10.2,47.2,0.0,42.6,0.0,100.0,0.0,20260802 2030,
2026-08-03T07:08:49.056476+09:00,북창동 먹자골목,북창동 먹자골목,POI114,KEY_1,한산한,8,30000,40000,76.3,23.7,0.0,15.8,15.8,26.3,31.6,10.5,100.0,0.0,20260803 0650,
2026-08-03T07:08:49.056476+09:00,북촌한옥마을,북촌한옥마을,POI066,KEY_2,한산한,4,30000,40000,100.0,0.0,0.0,0.0,31.3,56.3,12.5,0.0,100.0,0.0,20260803 0650,
2026-08-03T07:08:49.056476+09:00,서촌,서촌,POI067,KEY_3,한산한,4,30000,40000,100.0,0.0,0.0,0.0,0.0,36.1,0.0,63.9,100.0,0.0,20260803 0650,
2026-08-03T07:08:49.056476+09:00,성수카페거리,성수카페거리,POI068,KEY_4,한산한,9,60000,70000,76.2,23.8,0.0,33.3,28.6,16.7,0.0,21.4,67.7,32.3,20260803 0650,
2026-08-03T07:08:49.056476+09:00,송리단길·호수단길,송리단길·호수단길,POI121,KEY_1,한산한,4,20000,30000,100.0,0.0,0.0,0.0,0.0,23.8,42.9,33.3,91.3,8.7,20260803 0600,
2026-08-03T07:08:49.056476+09:00,신촌 스타광장,신촌 스타광장,POI122,KEY_2,한산한,6,40000,50000,25.0,75.0,0.0,0.0,25.0,0.0,0.0,75.0,100.0,0.0,20260803 0000,
2026-08-03T07:08:49.056476+09:00,압구정로데오거리,압구정로데오거리,POI071,KEY_3,한산한,4,20000,30000,100.0,0.0,0.0,0.0,0.0,0.0,20.0,80.0,35.7,64.3,20260803 0640,
2026-08-03T07:08:49.056476+09:00,여의도,여의도,POI072,KEY_4,한산한,56,300000,350000,74.7,25.3,0.0,3.8,24.9,27.6,27.2,16.5,86.3,13.7,20260803 0650,
2026-08-03T07:08:49.056476+09:00,연남동,연남동,POI073,KEY_1,한산한,4,10000,20000,100.0,0.0,0.0,0.0,38.5,0.0,30.8,30.8,100.0,0.0,20260803 0450,
2026-08-03T07:08:49.056476+09:00,영등포 타임스퀘어,영등포 타임스퀘어,POI074,KEY_2,한산한,10,30000,40000,82.1,17.9,0.0,21.4,35.7,0.0,0.0,42.9,81.8,18.2,20260803 0650,
2026-08-03T07:08:49.056476+09:00,용리단길,용리단길,POI076,KEY_3,보통,5,500000,550000,81.7,18.3,0.0,85.1,14.9,0.0,0.0,0.0,100.0,0.0,20260803 0000,
2026-08-03T07:08:49.056476+09:00,이태원 앤틱가구거리,이태원 앤틱가구거리,POI077,KEY_4,한산한,5,60000,70000,100.0,0.0,0.0,0.0,54.3,20.0,0.0,25.7,100.0,0.0,20260803 0640,
2026-08-03T07:08:49.056476+09:00,익선동,익선동,POI116,KEY_1,한산한,4,20000,30000,76.9,23.1,0.0,0.0,3.8,0.0,96.2,0.0,100.0,0.0,20260803 0640,
2026-08-03T07:08:49.056476+09:00,인사동,인사동,POI078,KEY_2,한산한,7,30000,40000,85.2,14.8,0.0,25.9,7.4,0.0,29.6,37.0,84.8,15.2,20260803 0650,
2026-08-03T07:08:49.056476+09:00,잠실롯데타워·석촌호수,잠실롯데타워·석촌호수,POI120,KEY_3,한산한,16,80000,90000,63.7,36.3,0.0,26.3,23.8,33.8,16.3,0.0,92.0,8.0,20260803 0650,
2026-08-03T07:08:49.056476+09:00,창동 신경제 중심지,창동 신경제 중심지,POI079,KEY_4,한산한,11,40000,50000,66.7,33.3,11.1,0.0,13.3,35.6,37.8,2.2,100.0,0.0,20260803 0650,
2026-08-03T07:08:49.056476+09:00,청담동 명품거리,청담동 명품거리,POI080,KEY_1,한산한,4,10000,20000,100.0,0.0,0.0,0.0,0.0,0.0,0.0,100.0,100.0,0.0,20260803 0520,
2026-08-03T07:08:49.056476+09:00,청량리 제기동 일대 전통시장,청량리 제기동 일대 전통시장,POI081,KEY_2,한산한,4,20000,30000,100.0,0.0,0.0,0.0,27.6,31.0,6.9,34.5,100.0,0.0,20260803 0600,
2026-08-03T07:08:49.056476+09:00,해방촌·경리단길,해방촌·경리단길,POI082,KEY_3,한산한,4,40000,50000,98.0,2.0,0.0,2.0,24.5,73.5,0.0,0.0,100.0,0.0,20260803 0330,
2026-08-03T07:08:49.056476+09:00,DDP(동대문디자인플라자),DDP(동대문디자인플라자),POI083,KEY_4,한산한,4,10000,20000,100.0,0.0,0.0,0.0,0.0,100.0,0.0,0.0,100.0,0.0,20260803 0000,
2026-08-03T07:08:49.056476+09:00,DMC(디지털미디어시티),DMC(디지털미디어시티),POI084,KEY_1,한산한,6,20000,30000,55.2,44.8,0.0,6.9,27.6,10.3,37.9,17.2,100.0,0.0,20260803 0650,
2026-08-03T07:08:49.056476+09:00,가산디지털단지역,가산디지털단지역,POI013,KEY_2,한산한,7,30000,40000,62.1,37.9,0.0,20.7,0.0,20.7,31.0,27.6,100.0,0.0,20260803 0650,
2026-08-03T07:08:49.056476+09:00,강남역,강남역,POI014,KEY_3,한산한,22,90000,100000,88.2,11.8,0.0,29.0,17.2,11.8,41.9,0.0,100.0,0.0,20260803 0650,
2026-08-03T07:08:49.056476+09:00,건대입구역,건대입구역,POI015,KEY_4,한산한,8,30000,40000,93.5,6.5,0.0,9.7,32.3,6.5,0.0,51.6,83.3,16.7,20260803 0650,
2026-08-03T07:08:49.056476+09:00,고덕역,고덕역,POI016,KEY_1,한산한,5,70000,80000,100.0,0.0,0.0,0.0,11.0,80.8,0.0,8.2,100.0,0.0,20260803 0640,
2026-08-03T07:08:49.056476+09:00,고속터미널역,고속터미널역,POI017,KEY_2,한산한,15,40000,50000,62.0,38.0,0.0,10.0,26.0,22.0,24.0,18.0,100.0,0.0,20260803 0650,
2026-08-03T07:08:49.056476+09:00,교대역,교대역,POI018,KEY_3,한산한,6,30000,40000,78.3,21.7,13.0,0.0,21.7,0.0,47.8,17.4,74.2,25.8,20260803 0650,
2026-08-03T07:08:49.056476+09:00,구로디지털단지역,구로디지털단지역,POI019,KEY_4,한산한,5,20000,30000,100.0,0.0,0.0,0.0,22.2,14.8,33.3,29.6,100.0,0.0,20260803 0650,
2026-08-03T07:08:49.056476+09:00,구로역,구로역,POI020,KEY_1,한산한,5,20000,30000,14.3,85.7,0.0,0.0,0.0,14.3,66.7,19.0,69.0,31.0,20260803 0650,
2026-08-03T07:08:49.056476+09:00,군자역,군자역,POI021,KEY_2,한산한,4,10000,20000,61.1,38.9,0.0,0.0,0.0,38.9,27.8,33.3,100.0,0.0,20260803 0640,
2026-08-03T07:08:49.056476+09:00,대림역,대림역,POI023,KEY_3,한산한,4,20000,30000,66.7,33.3,0.0,0.0,29.2,0.0,58.3,12.5,100.0,0.0,20260803 0650,
2026-08-03T07:08:49.056476+09:00,동대문역,동대문역,POI024,KEY_4,한산한,4,30000,40000,100.0,0.0,0.0,73.5,0.0,0.0,26.5,0.0,100.0,0.0,20260803 0620,
2026-08-03T07:08:49.056476+09:00,뚝섬역,뚝섬역,POI025,KEY_1,한산한,9,40000,50000,82.1,17.9,0.0,20.5,12.8,25.6,17.9,23.1,95.1,4.9,20260803 0650,
2026-08-03T07:08:49.056476+09:00,미아사거리역,미아사거리역,POI026,KEY_2,한산한,4,10000,20000,76.9,23.1,15.4,0.0,84.6,0.0,0.0,0.0,100.0,0.0,20260803 0620,
2026-08-03T07:08:49.056476+09:00,발산역,발산역,POI027,KEY_3,한산한,5,20000,30000,90.0,10.0,0.0,0.0,10.0,85.0,0.0,5.0,100.0,0.0,20260803 0650,
2026-08-03T07:08:49.056476+09:00,사당역,사당역,POI029,KEY_4,한산한,8,70000,80000,45.3,54.7,0.0,32.0,14.7,16.0,30.7,6.7,100.0,0.0,20260803 0650,
2026-08-03T07:08:49.056476+09:00,서울대입구역,서울대입구역,POI031,KEY_2,한산한,7,40000,50000,69.4,30.6,0.0,4.1,46.9,0.0,40.8,8.2,100.0,0.0,20260803 0640,
2026-08-03T07:08:49.056476+09:00,서울식물원·마곡나루역,서울식물원·마곡나루역,POI032,KEY_3,한산한,5,20000,30000,100.0,0.0,0.0,0.0,36.4,63.6,0.0,0.0,100.0,0.0,20260803 0650,
2026-08-03T07:08:49.056476+09:00,서울역,서울역,POI033,KEY_4,한산한,5,10000,20000,66.7,33.3,0.0,0.0,0.0,61.1,16.7,22.2,100.0,0.0,20260803 0640,
2026-08-03T07:08:49.056476+09:00,선릉역,선릉역,POI034,KEY_1,한산한,16,100000,150000,53.7,46.3,0.0,0.7,2.0,15.5,62.9,18.9,100.0,0.0,20260803 0650,
2026-08-03T07:08:49.056476+09:00,성신여대입구역,성신여대입구역,POI035,KEY_2,한산한,5,30000,40000,62.2,37.8,0.0,16.2,62.2,0.0,21.6,0.0,100.0,0.0,20260803 0110,
2026-08-03T07:08:49.056476+09:00,수유역,수유역,POI036,KEY_3,한산한,9,50000,60000,73.1,26.9,0.0,0.0,19.2,3.8,76.9,0.0,100.0,0.0,20260803 0650,
2026-08-03T07:08:49.056476+09:00,신논현역·논현역,신논현역·논현역,POI037,KEY_2,한산한,6,40000,50000,77.8,22.2,0.0,48.9,0.0,0.0,31.1,20.0,100.0,0.0,20260803 0550,
2026-08-03T07:08:49.056476+09:00,신도림역,신도림역,POI038,KEY_3,한산한,5,20000,30000,43.5,56.5,0.0,13.0,13.0,43.5,30.4,0.0,100.0,0.0,20260803 0650,
2026-08-03T07:08:49.056476+09:00,신림역,신림역,POI039,KEY_4,한산한,6,30000,40000,80.0,20.0,13.3,0.0,30.0,13.3,36.7,6.7,100.0,0.0,20260803 0650,
2026-08-03T07:08:49.056476+09:00,신정네거리역,신정네거리역,POI117,KEY_1,한산한,4,20000,30000,100.0,0.0,0.0,0.0,32.0,0.0,68.0,0.0,100.0,0.0,20260803 0310,
2026-08-03T07:08:49.056476+09:00,신촌·이대역,신촌·이대역,POI040,KEY_2,한산한,4,10000,20000,10.0,90.0,0.0,10.0,0.0,20.0,70.0,0.0,100.0,0.0,20260803 0650,
2026-08-03T07:08:49.056476+09:00,쌍문역,쌍문역,POI070,KEY_3,한산한,4,70000,80000,100.0,0.0,0.0,0.0,0.0,77.9,22.1,0.0,100.0,0.0,20260803 0620,
2026-08-03T07:08:49.056476+09:00,양재역,양재역,POI041,KEY_4,한산한,17,60000,70000,76.1,23.9,0.0,9.0,40.3,0.0,37.3,13.4,97.1,2.9,20260803 0650,
2026-08-03T07:08:49.056476+09:00,역삼역,역삼역,POI042,KEY_1,한산한,11,30000,40000,97.3,2.7,5.4,0.0,10.8,62.2,18.9,2.7,100.0,0.0,20260803 0650,
2026-08-03T07:08:49.056476+09:00,연신내역,연신내역,POI043,KEY_2,한산한,5,10000,20000,100.0,0.0,0.0,27.8,50.0,0.0,22.2,0.0,100.0,0.0,20260803 0640,
2026-08-03T07:08:49.056476+09:00,오목교역·목동운동장,오목교역·목동운동장,POI044,KEY_3,한산한,5,20000,30000,74.1,25.9,0.0,0.0,3.7,0.0,40.7,55.6,100.0,0.0,20260803 0630,
2026-08-03T07:08:49.056476+09:00,왕십리역,왕십리역,POI045,KEY_4,한산한,5,10000,20000,31.3,68.8,0.0,18.8,68.8,12.5,0.0,0.0,100.0,0.0,20260803 0650,
2026-08-03T07:08:49.056476+09:00,용산역,용산역,POI046,KEY_1,한산한,22,90000,100000,48.6,51.4,0.0,23.6,29.2,16.7,26.4,4.2,78.3,21.7,20260803 0650,
2026-08-03T07:08:49.056476+09:00,이태원역,이태원역,POI047,KEY_2,한산한,4,50000,60000,100.0,0.0,0.0,0.0,67.9,25.0,0.0,7.1,100.0,0.0,20260803 0640,
2026-08-03T07:08:49.056476+09:00,잠실새내역,잠실새내역,POI118,KEY_3,한산한,4,10000,20000,100.0,0.0,0.0,41.2,0.0,0.0,58.8,0.0,100.0,0.0,20260803 0640,
2026-08-03T07:08:49.056476+09:00,잠실역,잠실역,POI119,KEY_4,한산한,9,40000,50000,52.4,47.6,0.0,4.8,33.3,52.4,9.5,0.0,100.0,0.0,20260803 0650,
2026-08-03T07:08:49.056476+09:00,장지역,장지역,POI048,KEY_1,한산한,4,20000,30000,100.0,0.0,0.0,0.0,14.8,77.8,7.4,0.0,100.0,0.0,20260803 0520,
2026-08-03T07:08:49.056476+09:00,장한평역,장한평역,POI049,KEY_2,한산한,6,30000,40000,100.0,0.0,0.0,0.0,0.0,29.7,10.8,59.5,100.0,0.0,20260803 0640,
2026-08-03T07:08:49.056476+09:00,천호역,천호역,POI050,KEY_3,한산한,4,10000,20000,100.0,0.0,0.0,0.0,0.0,20.0,20.0,60.0,100.0,0.0,20260803 0620,
2026-08-03T07:08:49.056476+09:00,총신대입구(이수)역,총신대입구(이수)역,POI051,KEY_4,한산한,5,30000,40000,31.0,69.0,0.0,0.0,86.2,3.4,10.3,0.0,100.0,0.0,20260803 0650,
2026-08-03T07:08:49.056476+09:00,충정로역,충정로역,POI052,KEY_1,한산한,7,30000,40000,64.9,35.1,0.0,0.0,18.9,0.0,18.9,62.2,100.0,0.0,20260803 0650,
2026-08-03T07:08:49.056476+09:00,합정역,합정역,POI053,KEY_2,한산한,4,20000,30000,75.0,25.0,0.0,0.0,0.0,65.0,30.0,5.0,100.0,0.0,20260803 0640,
2026-08-03T07:08:49.056476+09:00,혜화역,혜화역,POI054,KEY_3,한산한,4,20000,30000,100.0,0.0,0.0,52.0,48.0,0.0,0.0,0.0,100.0,0.0,20260803 0640,
2026-08-03T07:08:49.056476+09:00,홍대입구역(2호선),홍대입구역(2호선),POI055,KEY_4,한산한,5,10000,20000,100.0,0.0,0.0,0.0,27.3,0.0,0.0,72.7,66.7,33.3,20260803 0650,
2026-08-03T07:08:49.056476+09:00,회기역,회기역,POI056,KEY_1,한산한,6,20000,30000,41.7,58.3,0.0,0.0,54.2,12.5,16.7,16.7,100.0,0.0,20260803 0640,
2026-08-03T09:08:24.693956+09:00,광화문·덕수궁,광화문·덕수궁,POI009,KEY_2,보통,187,1300000,1400000,53.6,46.4,0.3,15.4,23.1,28.9,25.1,7.2,77.9,22.1,20260803 0850,
2026-08-03T09:08:24.693956+09:00,보신각,보신각,POI010,KEY_3,한산한,60,250000,300000,59.8,40.2,1.2,6.3,28.7,32.3,19.7,11.8,96.2,3.8,20260803 0850,
2026-08-03T09:08:24.693956+09:00,강남 MICE 관광특구,강남 MICE 관광특구,POI001,KEY_2,한산한,32,100000,150000,50.7,49.3,0.0,25.6,36.0,35.5,3.0,0.0,94.0,6.0,20260803 0850,
2026-08-03T09:08:24.693956+09:00,동대문 관광특구,동대문 관광특구,POI002,KEY_3,보통,44,200000,250000,53.0,47.0,0.0,25.5,21.0,17.0,17.5,19.0,81.6,18.4,20260803 0850,
2026-08-03T09:08:24.693956+09:00,명동 관광특구,명동 관광특구,POI003,KEY_4,보통,643,2900000,3000000,56.7,43.3,0.1,10.3,24.9,24.9,20.1,19.7,80.5,19.5,20260803 0850,
2026-08-03T09:08:24.693956+09:00,이태원 관광특구,이태원 관광특구,POI004,KEY_1,한산한,15,70000,80000,51.6,48.4,0.0,21.0,25.8,46.8,6.5,0.0,81.6,18.4,20260803 0850,
2026-08-03T09:08:24.693956+09:00,잠실 관광특구,잠실 관광특구,POI005,KEY_2,한산한,86,450000,500000,63.1,36.9,0.0,36.7,21.6,24.1,8.2,9.4,97.7,2.3,20260803 0850,
2026-08-03T09:08:24.693956+09:00,종로·청계 관광특구,종로·청계 관광특구,POI006,KEY_3,보통,113,650000,700000,65.5,34.5,0.0,9.7,17.5,22.0,12.7,37.9,99.1,0.9,20260803 0850,
2026-08-03T09:08:24.693956+09:00,홍대 관광특구,홍대 관광특구,POI007,KEY_4,한산한,107,650000,700000,52.9,47.1,6.3,16.3,25.0,42.6,9.0,0.7,98.8,1.2,20260803 0850,
2026-08-03T09:08:24.693956+09:00,가락시장,가락시장,POI058,KEY_2,한산한,6,20000,30000,26.1,73.9,0.0,0.4,6.7,2.2,52.2,38.4,100.0,0.0,20260803 0850,
2026-08-03T09:08:24.693956+09:00,가로수길,가로수길,POI059,KEY_3,바쁜,67,6200000,6300000,4.9,95.1,0.2,1.1,93.9,3.6,0.3,0.8,99.7,0.3,20260803 0850,
2026-08-03T09:08:24.693956+09:00,광장(전통)시장,광장(전통)시장,POI060,KEY_4,한산한,18,250000,300000,93.5,6.5,0.0,1.1,8.7,6.1,2.5,81.6,100.0,0.0,20260803 0850,
2026-08-03T09:08:24.693956+09:00,김포공항,김포공항,POI061,KEY_1,보통,11,100000,150000,85.6,14.4,0.0,18.9,18.9,58.6,0.0,3.6,100.0,0.0,20260803 0850,
2026-08-03T09:08:24.693956+09:00,남대문시장,남대문시장,POI115,KEY_2,한산한,32,200000,250000,86.4,13.6,0.0,1.1,19.6,19.6,57.6,2.2,87.2,12.8,20260803 0850,
2026-08-03T09:08:24.693956+09:00,노량진,노량진,POI063,KEY_3,보통,54,200000,250000,64.4,35.6,0.0,23.9,45.5,13.5,9.0,8.1,100.0,0.0,20260803 0850,
2026-08-03T09:08:24.693956+09:00,덕수궁길·정동길,덕수궁길·정동길,POI064,KEY_4,한산한,11,70000,80000,51.1,48.9,0.0,15.6,15.6,13.3,4.4,51.1,55.7,44.3,20260803 0850,
2026-08-03T09:08:24.693956+09:00,북창동 먹자골목,북창동 먹자골목,POI114,KEY_1,한산한,35,200000,250000,82.5,17.5,0.0,6.6,17.0,22.2,52.4,1.9,100.0,0.0,20260803 0850,
2026-08-03T09:08:24.693956+09:00,북촌한옥마을,북촌한옥마을,POI066,KEY_2,한산한,25,150000,200000,88.8,11.2,0.0,11.2,14.5,55.3,15.1,3.9,100.0,0.0,20260803 0850,
2026-08-03T09:08:24.693956+09:00,서촌,서촌,POI067,KEY_3,한산한,28,100000,150000,42.2,57.8,0.0,9.5,35.3,38.8,11.2,5.2,84.2,15.8,20260803 0850,
2026-08-03T09:08:24.693956+09:00,성수카페거리,성수카페거리,POI068,KEY_4,한산한,86,450000,500000,45.5,54.5,0.0,24.4,44.9,22.4,5.1,3.2,94.7,5.3,20260803 0850,
2026-08-03T09:08:24.693956+09:00,송리단길·호수단길,송리단길·호수단길,POI121,KEY_1,한산한,11,30000,40000,8.3,91.7,0.6,1.8,89.1,1.4,4.6,2.5,97.0,3.0,20260803 0850,
2026-08-03T09:08:24.693956+09:00,신촌 스타광장,신촌 스타광장,POI122,KEY_2,한산한,4,10000,20000,0.0,100.0,0.0,0.0,92.3,7.7,0.0,0.0,100.0,0.0,20260803 0820,
2026-08-03T09:08:24.693956+09:00,압구정로데오거리,압구정로데오거리,POI071,KEY_3,한산한,39,200000,250000,40.3,59.7,0.0,19.9,42.3,32.1,3.1,2.6,94.2,5.8,20260803 0850,
2026-08-03T09:08:24.693956+09:00,여의도,여의도,POI072,KEY_4,보통,302,3400000,3500000,46.3,53.7,0.0,5.8,39.6,28.6,10.6,15.4,82.1,17.9,20260803 0850,
2026-08-03T09:08:24.693956+09:00,연남동,연남동,POI073,KEY_1,한산한,10,30000,40000,27.0,73.0,0.0,5.4,43.2,10.8,21.6,18.9,100.0,0.0,20260803 0850,
2026-08-03T09:08:24.693956+09:00,영등포 타임스퀘어,영등포 타임스퀘어,POI074,KEY_2,한산한,34,150000,200000,47.7,52.3,0.0,22.6,29.0,29.0,9.7,9.7,100.0,0.0,20260803 0850,
2026-08-03T09:08:24.693956+09:00,용리단길,용리단길,POI076,KEY_3,한산한,5,10000,20000,100.0,0.0,0.0,0.0,0.0,20.0,80.0,0.0,100.0,0.0,20260803 0830,
2026-08-03T09:08:24.693956+09:00,이태원 앤틱가구거리,이태원 앤틱가구거리,POI077,KEY_4,한산한,7,40000,50000,86.0,14.0,0.0,11.6,48.8,0.0,18.6,20.9,100.0,0.0,20260803 0840,
2026-08-03T09:08:24.693956+09:00,익선동,익선동,POI116,KEY_1,한산한,23,60000,70000,67.1,32.9,0.0,30.0,37.1,15.7,5.7,11.4,100.0,0.0,20260803 0850,
2026-08-03T09:08:24.693956+09:00,인사동,인사동,POI078,KEY_2,한산한,42,150000,200000,67.2,32.8,0.0,8.0,24.1,31.0,31.6,5.2,93.6,6.4,20260803 0850,
2026-08-03T09:08:24.693956+09:00,잠실롯데타워·석촌호수,잠실롯데타워·석촌호수,POI120,KEY_3,한산한,83,400000,450000,69.1,30.9,0.0,42.5,24.8,16.2,8.6,7.9,97.3,2.7,20260803 0850,
2026-08-03T09:08:24.693956+09:00,창동 신경제 중심지,창동 신경제 중심지,POI079,KEY_4,한산한,64,250000,300000,53.2,46.8,0.0,16.0,22.8,17.1,16.3,27.8,100.0,0.0,20260803 0850,
2026-08-03T09:08:24.693956+09:00,청담동 명품거리,청담동 명품거리,POI080,KEY_1,한산한,10,40000,50000,60.0,40.0,0.0,31.1,66.7,2.2,0.0,0.0,100.0,0.0,20260803 0850,
2026-08-03T09:08:24.693956+09:00,청량리 제기동 일대 전통시장,청량리 제기동 일대 전통시장,POI081,KEY_2,한산한,4,10000,20000,35.3,64.7,0.0,23.5,11.8,0.0,41.2,23.5,100.0,0.0,20260803 0840,
2026-08-03T09:08:24.693956+09:00,해방촌·경리단길,해방촌·경리단길,POI082,KEY_3,한산한,4,10000,20000,85.7,14.3,0.0,0.0,71.4,14.3,14.3,0.0,100.0,0.0,20260803 0840,
2026-08-03T09:08:24.693956+09:00,DDP(동대문디자인플라자),DDP(동대문디자인플라자),POI083,KEY_4,한산한,6,10000,20000,31.6,68.4,0.0,42.1,31.6,15.8,10.5,0.0,100.0,0.0,20260803 0850,
2026-08-03T09:08:24.693956+09:00,DMC(디지털미디어시티),DMC(디지털미디어시티),POI084,KEY_1,보통,106,600000,650000,59.9,40.1,0.0,12.0,44.7,33.6,6.7,2.9,54.5,45.5,20260803 0850,
2026-08-03T09:08:24.693956+09:00,가산디지털단지역,가산디지털단지역,POI013,KEY_2,보통,209,1400000,1500000,35.5,64.5,0.0,19.0,26.6,44.4,8.1,1.9,90.6,9.4,20260803 0850,
2026-08-03T09:08:24.693956+09:00,강남역,강남역,POI014,KEY_3,한산한,160,600000,650000,50.2,49.8,0.2,17.5,35.4,27.6,15.0,4.3,96.9,3.1,20260803 0850,
2026-08-03T09:08:24.693956+09:00,건대입구역,건대입구역,POI015,KEY_4,보통,81,3100000,3200000,52.1,47.9,0.2,1.4,6.6,14.8,55.8,21.2,99.3,0.7,20260803 0850,
2026-08-03T09:08:24.693956+09:00,고덕역,고덕역,POI016,KEY_1,한산한,4,0,10000,25.0,75.0,0.0,25.0,0.0,0.0,50.0,25.0,80.0,20.0,20260803 0850,
2026-08-03T09:08:24.693956+09:00,고속터미널역,고속터미널역,POI017,KEY_2,한산한,45,200000,250000,61.7,38.3,3.0,21.3,22.2,11.3,33.5,8.7,100.0,0.0,20260803 0850,
2026-08-03T09:08:24.693956+09:00,교대역,교대역,POI018,KEY_3,한산한,59,200000,250000,58.1,41.9,3.1,10.6,32.6,22.0,22.5,9.3,91.2,8.8,20260803 0850,
2026-08-03T09:08:24.693956+09:00,구로디지털단지역,구로디지털단지역,POI019,KEY_4,보통,156,650000,700000,50.6,49.4,0.0,20.4,48.1,20.7,10.1,0.7,89.4,10.6,20260803 0850,
2026-08-03T09:08:24.693956+09:00,구로역,구로역,POI020,KEY_1,한산한,6,20000,30000,57.9,42.1,0.0,15.8,78.9,0.0,5.3,0.0,100.0,0.0,20260803 0850,
2026-08-03T09:08:24.693956+09:00,군자역,군자역,POI021,KEY_2,한산한,31,100000,150000,41.0,59.0,0.0,17.2,26.2,26.2,28.7,1.6,100.0,0.0,20260803 0850,
2026-08-03T09:08:24.693956+09:00,대림역,대림역,POI023,KEY_3,한산한,10,30000,40000,85.7,14.3,0.0,14.3,20.0,14.3,22.9,28.6,100.0,0.0,20260803 0850,
2026-08-03T09:08:24.693956+09:00,동대문역,동대문역,POI024,KEY_4,한산한,12,50000,60000,32.7,67.3,0.0,14.5,10.9,36.4,21.8,16.4,100.0,0.0,20260803 0850,
2026-08-03T09:08:24.693956+09:00,뚝섬역,뚝섬역,POI025,KEY_1,한산한,44,250000,300000,50.2,49.8,0.0,23.1,56.9,7.8,11.4,0.8,92.7,7.3,20260803 0850,
2026-08-03T09:08:24.693956+09:00,미아사거리역,미아사거리역,POI026,KEY_2,한산한,7,30000,40000,40.6,59.4,0.0,18.8,31.3,0.0,50.0,0.0,100.0,0.0,20260803 0850,
2026-08-03T09:08:24.693956+09:00,발산역,발산역,POI027,KEY_3,한산한,38,200000,250000,63.5,36.5,0.0,15.1,45.8,12.0,12.0,15.1,78.7,21.3,20260803 0850,
2026-08-03T09:08:24.693956+09:00,사당역,사당역,POI029,KEY_4,한산한,26,100000,150000,41.5,58.5,0.0,6.3,41.5,23.2,28.9,0.0,100.0,0.0,20260803 0850,
2026-08-03T09:08:24.693956+09:00,서울대입구역,서울대입구역,POI031,KEY_2,한산한,33,100000,150000,48.1,51.9,0.0,23.6,38.7,19.8,14.2,3.8,91.5,8.5,20260803 0850,
2026-08-03T09:08:24.693956+09:00,서울식물원·마곡나루역,서울식물원·마곡나루역,POI032,KEY_3,한산한,44,150000,200000,76.2,23.8,0.0,17.5,53.8,15.4,13.3,0.0,88.8,11.2,20260803 0850,
2026-08-03T09:08:24.693956+09:00,서울역,서울역,POI033,KEY_4,한산한,55,250000,300000,40.0,60.0,0.0,19.5,28.7,27.7,15.9,8.2,72.5,27.5,20260803 0850,
2026-08-03T09:08:24.693956+09:00,선릉역,선릉역,POI034,KEY_1,보통,136,1500000,1600000,47.6,52.4,0.0,35.2,23.4,12.7,8.2,20.4,90.4,9.6,20260803 0850,
2026-08-03T09:08:24.693956+09:00,성신여대입구역,성신여대입구역,POI035,KEY_2,한산한,23,100000,150000,43.7,56.3,2.8,19.0,7.7,9.9,35.9,24.6,100.0,0.0,20260803 0850,
2026-08-03T09:08:24.693956+09:00,수유역,수유역,POI036,KEY_3,한산한,27,100000,150000,59.2,40.8,0.0,5.8,38.3,16.7,15.0,24.2,98.3,1.7,20260803 0850,
2026-08-03T09:08:24.693956+09:00,신논현역·논현역,신논현역·논현역,POI037,KEY_2,한산한,26,100000,150000,54.1,45.9,0.0,23.4,22.5,27.9,24.3,1.8,100.0,0.0,20260803 0850,
2026-08-03T09:08:24.693956+09:00,신도림역,신도림역,POI038,KEY_3,보통,16,50000,60000,47.3,52.7,0.0,7.3,30.9,41.8,20.0,0.0,100.0,0.0,20260803 0850,
2026-08-03T09:08:24.693956+09:00,신림역,신림역,POI039,KEY_4,한산한,28,450000,500000,80.4,19.6,0.0,6.4,9.2,4.2,66.8,13.4,100.0,0.0,20260803 0850,
2026-08-03T09:08:24.693956+09:00,신정네거리역,신정네거리역,POI117,KEY_1,한산한,4,20000,30000,30.4,69.6,0.0,43.5,13.0,17.4,0.0,26.1,100.0,0.0,20260803 0850,
2026-08-03T09:08:24.693956+09:00,신촌·이대역,신촌·이대역,POI040,KEY_2,한산한,52,150000,200000,42.0,58.0,3.4,32.2,28.7,11.5,17.2,6.9,95.6,4.4,20260803 0850,
2026-08-03T09:08:24.693956+09:00,쌍문역,쌍문역,POI070,KEY_3,한산한,16,150000,200000,49.1,50.9,0.0,3.1,15.1,5.7,19.5,56.6,98.8,1.2,20260803 0850,
2026-08-03T09:08:24.693956+09:00,양재역,양재역,POI041,KEY_4,한산한,63,300000,350000,47.7,52.3,0.0,10.6,29.5,30.8,7.3,21.9,91.7,8.3,20260803 0850,
2026-08-03T09:08:24.693956+09:00,역삼역,역삼역,POI042,KEY_1,보통,151,950000,1000000,39.7,60.3,0.0,16.6,33.7,38.9,9.3,1.5,76.9,23.1,20260803 0850,
2026-08-03T09:08:24.693956+09:00,연신내역,연신내역,POI043,KEY_2,한산한,19,250000,300000,35.1,64.9,0.0,0.0,10.0,25.5,35.5,29.1,100.0,0.0,20260803 0850,
2026-08-03T09:08:24.693956+09:00,오목교역·목동운동장,오목교역·목동운동장,POI044,KEY_3,한산한,52,200000,250000,56.5,43.5,5.6,16.4,21.5,31.1,25.4,0.0,76.6,23.4,20260803 0850,
2026-08-03T09:08:24.693956+09:00,왕십리역,왕십리역,POI045,KEY_4,한산한,30,100000,150000,33.6,66.4,0.0,18.7,46.3,15.7,9.0,10.4,90.6,9.4,20260803 0850,
2026-08-03T09:08:24.693956+09:00,용산역,용산역,POI046,KEY_1,한산한,50,250000,300000,57.9,42.1,3.1,30.3,33.3,10.7,18.0,4.6,93.5,6.5,20260803 0850,
2026-08-03T09:08:24.693956+09:00,이태원역,이태원역,POI047,KEY_2,한산한,5,10000,20000,35.3,64.7,0.0,52.9,17.6,17.6,11.8,0.0,100.0,0.0,20260803 0850,
2026-08-03T09:08:24.693956+09:00,잠실새내역,잠실새내역,POI118,KEY_3,한산한,21,100000,150000,23.1,76.9,2.6,8.5,18.8,6.0,60.7,3.4,100.0,0.0,20260803 0850,
2026-08-03T09:08:24.693956+09:00,잠실역,잠실역,POI119,KEY_4,한산한,47,150000,200000,54.4,45.6,0.0,13.3,44.4,19.4,7.2,15.6,100.0,0.0,20260803 0850,
2026-08-03T09:08:24.693956+09:00,장지역,장지역,POI048,KEY_1,한산한,24,90000,100000,70.5,29.5,0.0,19.3,52.3,12.5,11.4,4.5,92.7,7.3,20260803 0850,
2026-08-03T09:08:24.693956+09:00,장한평역,장한평역,POI049,KEY_2,한산한,26,100000,150000,70.1,29.9,0.0,14.2,47.2,29.9,4.7,3.9,100.0,0.0,20260803 0850,
2026-08-03T09:08:24.693956+09:00,천호역,천호역,POI050,KEY_3,한산한,19,90000,100000,57.3,42.7,0.0,26.0,50.0,12.5,11.5,0.0,100.0,0.0,20260803 0850,
2026-08-03T09:08:24.693956+09:00,총신대입구(이수)역,총신대입구(이수)역,POI051,KEY_4,한산한,36,250000,300000,10.4,89.6,0.0,1.0,7.7,15.4,9.1,66.8,100.0,0.0,20260803 0850,
2026-08-03T09:08:24.693956+09:00,충정로역,충정로역,POI052,KEY_1,보통,29,100000,150000,45.5,54.5,0.0,19.8,39.6,17.8,21.8,1.0,100.0,0.0,20260803 0850,
2026-08-03T09:08:24.693956+09:00,합정역,합정역,POI053,KEY_2,한산한,29,100000,150000,39.4,60.6,0.0,29.8,41.3,18.3,10.6,0.0,93.0,7.0,20260803 0850,
2026-08-03T09:08:24.693956+09:00,혜화역,혜화역,POI054,KEY_3,한산한,18,150000,200000,75.1,24.9,0.0,11.9,16.1,1.6,2.1,68.4,100.0,0.0,20260803 0850,
2026-08-03T09:08:24.693956+09:00,홍대입구역(2호선),홍대입구역(2호선),POI055,KEY_4,한산한,11,60000,70000,65.1,34.9,7.9,6.3,73.0,0.0,12.7,0.0,100.0,0.0,20260803 0850,
2026-08-03T09:08:24.693956+09:00,회기역,회기역,POI056,KEY_1,보통,34,250000,300000,64.7,35.3,1.6,7.1,10.9,15.2,51.6,13.6,68.1,31.9,20260803 0850,
2026-08-03T13:40:01.428364+09:00,광화문·덕수궁,광화문·덕수궁,POI009,KEY_2,분주한,391,9600000,9700000,46.0,54.0,0.1,13.8,24.3,28.6,19.5,13.7,76.0,24.0,20260803 1320,
2026-08-03T13:40:01.428364+09:00,보신각,보신각,POI010,KEY_3,바쁜,155,3400000,3500000,50.5,49.5,0.1,6.1,23.2,29.7,26.1,14.8,76.2,23.8,20260803 1320,
2026-08-03T13:40:01.428364+09:00,강남 MICE 관광특구,강남 MICE 관광특구,POI001,KEY_2,분주한,81,2000000,2100000,57.1,42.9,0.0,8.9,24.8,16.3,21.5,28.5,82.2,17.8,20260803 1320,
2026-08-03T13:40:01.428364+09:00,동대문 관광특구,동대문 관광특구,POI002,KEY_3,분주한,79,4800000,4900000,12.4,87.6,0.8,1.6,4.8,13.7,72.9,6.2,75.8,24.2,20260803 1320,
2026-08-03T13:40:01.428364+09:00,명동 관광특구,명동 관광특구,POI003,KEY_4,분주한,1093,12000000,13000000,56.1,43.9,0.2,8.6,22.2,34.6,17.4,17.0,77.8,22.2,20260803 1320,
2026-08-03T13:40:01.428364+09:00,이태원 관광특구,이태원 관광특구,POI004,KEY_1,보통,50,950000,1000000,58.1,41.9,0.0,25.0,20.1,17.0,14.2,23.7,90.5,9.5,20260803 1320,
2026-08-03T13:40:01.428364+09:00,잠실 관광특구,잠실 관광특구,POI005,KEY_2,바쁜,200,3200000,3300000,55.9,44.1,1.0,12.7,19.2,19.1,20.4,27.6,77.1,22.9,20260803 1320,
2026-08-03T13:40:01.428364+09:00,종로·청계 관광특구,종로·청계 관광특구,POI006,KEY_3,바쁜,361,8200000,8300000,52.8,47.2,0.2,13.0,24.2,26.9,20.4,15.3,86.2,13.8,20260803 1320,
2026-08-03T13:40:01.428364+09:00,홍대 관광특구,홍대 관광특구,POI007,KEY_4,보통,361,5400000,5500000,40.1,59.9,1.3,25.2,28.3,14.9,23.7,6.7,88.0,12.0,20260803 1320,
2026-08-03T13:40:01.428364+09:00,가락시장,가락시장,POI058,KEY_2,한산한,14,250000,300000,52.0,48.0,0.0,2.0,23.6,4.7,37.2,32.4,50.2,49.8,20260803 1320,
2026-08-03T13:40:01.428364+09:00,가로수길,가로수길,POI059,KEY_3,보통,184,5600000,5700000,37.6,62.4,0.7,32.4,26.7,18.3,12.8,9.1,89.6,10.4,20260803 1320,
2026-08-03T13:40:01.428364+09:00,광장(전통)시장,광장(전통)시장,POI060,KEY_4,보통,40,1500000,1600000,72.4,27.6,0.0,0.2,41.0,19.1,9.7,30.0,69.8,30.2,20260803 1320,
2026-08-03T13:40:01.428364+09:00,김포공항,김포공항,POI061,KEY_1,한산한,6,10000,20000,92.9,7.1,0.0,0.0,50.0,7.1,7.1,35.7,100.0,0.0,20260803 1320,
2026-08-03T13:40:01.428364+09:00,남대문시장,남대문시장,POI115,KEY_2,바쁜,56,1000000,1100000,27.5,72.5,0.0,4.1,61.7,10.4,5.7,18.1,78.9,21.1,20260803 1320,
2026-08-03T13:40:01.428364+09:00,노량진,노량진,POI063,KEY_3,바쁜,123,950000,1000000,42.1,57.9,0.0,31.4,20.4,5.9,28.0,14.2,92.8,7.2,20260803 1320,
2026-08-03T13:40:01.428364+09:00,덕수궁길·정동길,덕수궁길·정동길,POI064,KEY_4,분주한,44,1100000,1200000,52.8,47.2,0.0,5.7,17.4,39.1,10.6,27.2,67.7,32.3,20260803 1320,
2026-08-03T13:40:01.428364+09:00,북창동 먹자골목,북창동 먹자골목,POI114,KEY_1,바쁜,63,1300000,1400000,52.8,47.2,0.0,11.8,40.9,20.0,6.8,20.5,87.4,12.6,20260803 1320,
2026-08-03T13:40:01.428364+09:00,북촌한옥마을,북촌한옥마을,POI066,KEY_2,바쁜,51,900000,950000,31.1,68.9,0.8,12.9,18.3,17.7,10.2,40.2,87.3,12.7,20260803 1320,
2026-08-03T13:40:01.428364+09:00,서촌,서촌,POI067,KEY_3,보통,58,900000,950000,74.3,25.7,0.7,6.4,17.2,11.7,21.5,42.5,94.3,5.7,20260803 1320,
2026-08-03T13:40:01.428364+09:00,성수카페거리,성수카페거리,POI068,KEY_4,분주한,223,4500000,4600000,41.9,58.1,2.5,23.5,22.4,37.4,11.4,2.8,71.9,28.1,20260803 1320,
2026-08-03T13:40:01.428364+09:00,송리단길·호수단길,송리단길·호수단길,POI121,KEY_1,바쁜,58,1400000,1500000,52.3,47.7,0.0,20.3,21.4,11.7,27.0,19.6,73.8,26.2,20260803 1320,
2026-08-03T13:40:01.428364+09:00,신촌 스타광장,신촌 스타광장,POI122,KEY_2,바쁜,33,650000,700000,66.9,33.1,0.0,21.4,30.3,4.3,31.4,12.6,53.5,46.5,20260803 1320,
2026-08-03T13:40:01.428364+09:00,압구정로데오거리,압구정로데오거리,POI071,KEY_3,보통,95,3600000,3700000,24.4,75.6,1.2,7.9,49.8,4.2,18.0,18.9,85.9,14.1,20260803 1320,
2026-08-03T13:40:01.428364+09:00,여의도,여의도,POI072,KEY_4,바쁜,444,12000000,13000000,40.7,59.3,0.6,10.2,27.9,24.0,23.1,14.3,61.0,39.0,20260803 1320,
2026-08-03T13:40:01.428364+09:00,연남동,연남동,POI073,KEY_1,보통,50,850000,900000,37.4,62.6,6.0,27.9,21.6,32.2,4.1,8.2,90.6,9.4,20260803 1320,
2026-08-03T13:40:01.428364+09:00,영등포 타임스퀘어,영등포 타임스퀘어,POI074,KEY_2,분주한,125,6800000,6900000,79.4,20.6,0.0,32.1,8.0,43.6,9.9,6.4,98.1,1.9,20260803 1320,
2026-08-03T13:40:01.428364+09:00,용리단길,용리단길,POI076,KEY_3,보통,23,500000,550000,53.8,46.2,0.0,18.7,43.6,20.7,17.0,0.0,59.8,40.2,20260803 1320,
2026-08-03T13:40:01.428364+09:00,이태원 앤틱가구거리,이태원 앤틱가구거리,POI077,KEY_4,보통,15,150000,200000,65.9,34.1,0.0,25.1,9.5,22.9,16.8,25.7,98.4,1.6,20260803 1320,
2026-08-03T13:40:01.428364+09:00,익선동,익선동,POI116,KEY_1,보통,72,1000000,1100000,73.2,26.8,0.0,7.1,11.7,16.8,34.8,29.6,89.4,10.6,20260803 1320,
2026-08-03T13:40:01.428364+09:00,인사동,인사동,POI078,KEY_2,분주한,115,2700000,2800000,44.6,55.4,2.4,5.3,15.1,15.1,24.5,37.6,72.7,27.3,20260803 1320,
2026-08-03T13:40:01.428364+09:00,잠실롯데타워·석촌호수,잠실롯데타워·석촌호수,POI120,KEY_3,바쁜,191,3100000,3200000,55.7,44.3,1.0,11.6,19.7,19.4,21.0,27.2,76.6,23.4,20260803 1320,
2026-08-03T13:40:01.428364+09:00,창동 신경제 중심지,창동 신경제 중심지,POI079,KEY_4,보통,218,3600000,3700000,56.2,43.8,0.2,10.5,15.0,11.9,24.8,37.6,88.2,11.8,20260803 1320,
2026-08-03T13:40:01.428364+09:00,청담동 명품거리,청담동 명품거리,POI080,KEY_1,보통,29,650000,700000,8.8,91.2,0.0,15.4,44.5,0.0,32.2,8.0,71.1,28.9,20260803 1320,
2026-08-03T13:40:01.428364+09:00,청량리 제기동 일대 전통시장,청량리 제기동 일대 전통시장,POI081,KEY_2,바쁜,49,1200000,1300000,70.0,30.0,0.4,0.0,3.4,29.5,11.9,54.9,98.3,1.7,20260803 1320,
2026-08-03T13:40:01.428364+09:00,해방촌·경리단길,해방촌·경리단길,POI082,KEY_3,한산한,13,100000,150000,66.0,34.0,0.0,1.0,22.3,0.0,61.2,15.5,78.6,21.4,20260803 1320,
2026-08-03T13:40:01.428364+09:00,DDP(동대문디자인플라자),DDP(동대문디자인플라자),POI083,KEY_4,보통,4,80000,90000,95.1,4.9,68.3,0.0,4.9,26.8,0.0,0.0,46.6,53.4,20260803 1320,
2026-08-03T13:40:01.428364+09:00,DMC(디지털미디어시티),DMC(디지털미디어시티),POI084,KEY_1,바쁜,146,2100000,2200000,49.4,50.6,0.0,11.8,27.4,21.0,16.7,23.1,68.5,31.5,20260803 1320,
2026-08-03T13:40:01.428364+09:00,가산디지털단지역,가산디지털단지역,POI013,KEY_2,분주한,236,4000000,4100000,62.5,37.5,0.0,12.2,27.7,25.8,21.2,13.1,79.1,20.9,20260803 1320,
2026-08-03T13:40:01.428364+09:00,강남역,강남역,POI014,KEY_3,분주한,457,22000000,23000000,51.3,48.7,0.2,30.4,23.5,9.1,4.7,32.1,93.5,6.5,20260803 1320,
2026-08-03T13:40:01.428364+09:00,건대입구역,건대입구역,POI015,KEY_4,보통,122,3500000,3600000,46.9,53.1,0.1,4.8,32.2,47.4,8.9,6.6,96.8,3.2,20260803 1320,
2026-08-03T13:40:01.428364+09:00,고덕역,고덕역,POI016,KEY_1,바쁜,40,900000,950000,46.2,53.8,2.2,0.0,5.5,38.6,11.9,41.8,100.0,0.0,20260803 1320,
2026-08-03T13:40:01.428364+09:00,고속터미널역,고속터미널역,POI017,KEY_2,분주한,148,2800000,2900000,46.1,53.9,1.3,9.0,18.9,11.8,27.7,31.4,86.5,13.5,20260803 1320,
2026-08-03T13:40:01.428364+09:00,교대역,교대역,POI018,KEY_3,바쁜,130,3500000,3600000,50.8,49.2,0.0,7.5,11.1,36.5,18.4,26.6,73.9,26.1,20260803 1320,
2026-08-03T13:40:01.428364+09:00,구로디지털단지역,구로디지털단지역,POI019,KEY_4,바쁜,204,2700000,2800000,65.4,34.6,0.0,7.2,33.6,20.8,16.7,21.7,78.2,21.8,20260803 1320,
2026-08-03T13:40:01.428364+09:00,구로역,구로역,POI020,KEY_1,분주한,34,1100000,1200000,27.3,72.7,2.3,10.4,8.8,43.3,3.0,32.2,96.9,3.1,20260803 1320,
2026-08-03T13:40:01.428364+09:00,군자역,군자역,POI021,KEY_2,보통,37,400000,450000,49.8,50.2,0.0,22.3,18.8,6.0,23.2,29.8,72.7,27.3,20260803 1330,
2026-08-03T13:40:01.428364+09:00,대림역,대림역,POI023,KEY_3,분주한,22,1000000,1100000,84.7,15.3,0.0,1.3,1.4,32.4,51.3,13.6,95.1,4.9,20260803 1330,
2026-08-03T13:40:01.428364+09:00,동대문역,동대문역,POI024,KEY_4,바쁜,30,300000,350000,59.4,40.6,1.2,14.2,28.5,15.2,28.8,12.1,93.1,6.9,20260803 1330,
2026-08-03T13:40:01.428364+09:00,뚝섬역,뚝섬역,POI025,KEY_1,바쁜,86,1400000,1500000,35.0,65.0,0.0,12.4,39.1,10.5,19.7,18.3,83.9,16.1,20260803 1330,
2026-08-03T13:40:01.428364+09:00,미아사거리역,미아사거리역,POI026,KEY_2,보통,30,650000,700000,29.5,70.5,0.3,15.4,3.4,6.7,33.1,41.1,100.0,0.0,20260803 1330,
2026-08-03T13:40:01.428364+09:00,발산역,발산역,POI027,KEY_3,보통,130,3400000,3500000,63.2,36.8,0.1,2.1,34.3,14.5,24.8,24.1,95.6,4.4,20260803 1330,
2026-08-03T13:40:01.428364+09:00,사당역,사당역,POI029,KEY_4,보통,58,1200000,1300000,35.6,64.4,0.0,9.5,18.3,8.0,4.4,59.8,95.3,4.7,20260803 1330,
2026-08-03T13:40:01.428364+09:00,서울대입구역,서울대입구역,POI031,KEY_2,보통,60,700000,750000,62.9,37.1,0.9,12.3,21.6,8.0,27.0,30.3,95.8,4.2,20260803 1330,
2026-08-03T13:40:01.428364+09:00,서울식물원·마곡나루역,서울식물원·마곡나루역,POI032,KEY_3,보통,50,450000,500000,40.7,59.3,0.0,14.7,16.8,24.8,26.0,17.7,70.0,30.0,20260803 1330,
2026-08-03T13:40:01.428364+09:00,서울역,서울역,POI033,KEY_4,분주한,102,4900000,5000000,53.2,46.8,0.0,16.7,17.4,34.7,21.9,9.3,56.3,43.7,20260803 1330,
2026-08-03T13:40:01.428364+09:00,선릉역,선릉역,POI034,KEY_1,바쁜,262,4300000,4400000,51.2,48.8,0.8,13.6,19.2,22.2,21.9,22.3,62.7,37.3,20260803 1330,
2026-08-03T13:40:01.428364+09:00,성신여대입구역,성신여대입구역,POI035,KEY_2,바쁜,48,1200000,1300000,46.8,53.2,1.1,20.1,9.7,14.1,38.1,16.9,87.2,12.8,20260803 1330,
2026-08-03T13:40:01.428364+09:00,수유역,수유역,POI036,KEY_3,보통,64,700000,750000,63.9,36.1,4.7,12.6,8.8,13.0,13.6,47.4,91.3,8.7,20260803 1330,
2026-08-03T13:40:01.428364+09:00,신논현역·논현역,신논현역·논현역,POI037,KEY_2,보통,77,1800000,1900000,35.8,64.2,20.5,7.7,20.5,29.1,13.3,8.9,71.6,28.4,20260803 1330,
2026-08-03T13:40:01.428364+09:00,신도림역,신도림역,POI038,KEY_3,바쁜,4,100000,150000,6.3,93.8,0.0,0.0,18.1,75.7,0.0,6.3,100.0,0.0,20260803 1330,
2026-08-03T13:40:01.428364+09:00,신림역,신림역,POI039,KEY_4,바쁜,68,1900000,2000000,84.1,15.9,0.0,8.3,7.2,22.6,59.1,2.9,100.0,0.0,20260803 1330,
2026-08-03T13:40:01.428364+09:00,신정네거리역,신정네거리역,POI117,KEY_1,보통,19,400000,450000,51.6,48.4,0.0,0.0,11.4,41.2,19.4,28.1,92.4,7.6,20260803 1330,
2026-08-03T13:40:01.428364+09:00,신촌·이대역,신촌·이대역,POI040,KEY_2,바쁜,170,3800000,3900000,23.2,76.8,0.0,19.1,17.3,7.2,52.6,3.8,95.2,4.8,20260803 1330,
2026-08-03T13:40:01.428364+09:00,쌍문역,쌍문역,POI070,KEY_3,보통,36,600000,650000,39.7,60.3,2.2,10.3,5.0,22.9,24.0,35.5,91.8,8.2,20260803 1330,
2026-08-03T13:40:01.428364+09:00,양재역,양재역,POI041,KEY_4,보통,79,1700000,1800000,44.4,55.6,0.0,4.9,15.5,15.3,21.0,43.3,67.2,32.8,20260803 1330,
2026-08-03T13:40:01.428364+09:00,역삼역,역삼역,POI042,KEY_1,바쁜,196,3800000,3900000,23.2,76.8,0.0,5.4,28.3,9.9,17.7,38.7,80.4,19.6,20260803 1330,
2026-08-03T13:40:01.428364+09:00,연신내역,연신내역,POI043,KEY_2,보통,63,1000000,1100000,46.3,53.7,1.1,14.5,13.0,20.6,22.3,28.4,53.6,46.4,20260803 1330,
2026-08-03T13:40:01.428364+09:00,오목교역·목동운동장,오목교역·목동운동장,POI044,KEY_3,보통,152,2700000,2800000,38.6,61.4,2.7,4.6,7.5,41.0,25.4,18.8,96.9,3.1,20260803 1330,
2026-08-03T13:40:01.428364+09:00,왕십리역,왕십리역,POI045,KEY_4,바쁜,61,1600000,1700000,38.6,61.4,0.0,10.8,27.3,6.7,16.1,39.1,100.0,0.0,20260803 1330,
2026-08-03T13:40:01.428364+09:00,용산역,용산역,POI046,KEY_1,바쁜,161,3500000,3600000,38.7,61.3,0.6,6.1,19.3,24.5,26.5,23.1,90.2,9.8,20260803 1330,
2026-08-03T13:40:01.428364+09:00,이태원역,이태원역,POI047,KEY_2,한산한,12,90000,100000,52.6,47.4,0.0,28.4,45.3,0.0,0.0,26.3,99.0,1.0,20260803 1330,
2026-08-03T13:40:01.428364+09:00,잠실새내역,잠실새내역,POI118,KEY_3,한산한,61,950000,1000000,35.1,64.9,1.7,2.9,15.9,37.4,22.0,20.0,95.3,4.7,20260803 1330,
2026-08-03T13:40:01.428364+09:00,잠실역,잠실역,POI119,KEY_4,분주한,128,2000000,2100000,34.7,65.3,2.6,5.2,44.3,19.7,13.0,15.2,94.4,5.6,20260803 1330,
2026-08-03T13:40:01.428364+09:00,장지역,장지역,POI048,KEY_1,바쁜,60,1500000,1600000,54.3,45.7,0.0,4.4,22.5,20.7,35.8,16.5,98.1,1.9,20260803 1330,
2026-08-03T13:40:01.428364+09:00,장한평역,장한평역,POI049,KEY_2,바쁜,23,350000,400000,43.9,56.1,0.0,5.2,31.6,16.5,5.7,41.0,57.3,42.7,20260803 1330,
2026-08-03T13:40:01.428364+09:00,천호역,천호역,POI050,KEY_3,보통,54,1500000,1600000,21.0,79.0,0.0,2.8,7.6,56.2,2.6,30.7,96.0,4.0,20260803 1330,
2026-08-03T13:40:01.428364+09:00,총신대입구(이수)역,총신대입구(이수)역,POI051,KEY_4,보통,63,1000000,1100000,34.7,65.3,0.0,1.3,8.6,12.1,28.1,49.9,98.4,1.6,20260803 1330,
2026-08-03T13:40:01.428364+09:00,충정로역,충정로역,POI052,KEY_1,바쁜,24,350000,400000,18.2,81.8,1.7,38.4,21.0,8.4,29.4,1.1,91.8,8.2,20260803 1330,
2026-08-03T13:40:01.428364+09:00,합정역,합정역,POI053,KEY_2,바쁜,47,900000,950000,49.5,50.5,0.0,7.9,15.2,16.3,28.8,31.9,71.6,28.4,20260803 1330,
2026-08-03T13:40:01.428364+09:00,혜화역,혜화역,POI054,KEY_3,보통,62,1200000,1300000,39.3,60.7,0.0,22.5,16.3,11.1,17.4,32.8,81.6,18.4,20260803 1330,
2026-08-03T13:40:01.428364+09:00,홍대입구역(2호선),홍대입구역(2호선),POI055,KEY_4,보통,61,1000000,1100000,32.4,67.6,7.2,32.8,9.6,33.3,10.3,6.7,74.0,26.0,20260803 1330,
2026-08-03T13:40:01.428364+09:00,회기역,회기역,POI056,KEY_1,바쁜,43,550000,600000,63.3,36.7,2.2,11.8,40.0,5.5,16.2,24.5,81.6,18.4,20260803 1330,
2026-08-03T17:39:50.657056+09:00,광화문·덕수궁,광화문·덕수궁,POI009,KEY_2,보통,104,2000000,2100000,44.0,56.0,2.0,10.5,17.5,37.6,23.4,9.1,74.1,25.9,20260803 1720,
2026-08-03T17:39:50.657056+09:00,보신각,보신각,POI010,KEY_3,보통,73,1300000,1400000,37.2,62.8,1.5,17.3,14.4,29.0,20.2,17.6,97.6,2.4,20260803 1720,
2026-08-03T17:39:50.657056+09:00,강남 MICE 관광특구,강남 MICE 관광특구,POI001,KEY_2,한산한,38,400000,450000,53.4,46.6,0.0,22.4,24.2,34.3,17.1,2.0,98.6,1.4,20260803 1720,
2026-08-03T17:39:50.657056+09:00,동대문 관광특구,동대문 관광특구,POI002,KEY_3,분주한,29,5400000,5500000,91.6,8.4,0.0,0.7,3.1,5.8,90.3,0.2,100.0,0.0,20260803 1720,
2026-08-03T17:39:50.657056+09:00,명동 관광특구,명동 관광특구,POI003,KEY_4,바쁜,521,9900000,10000000,42.6,57.4,0.9,25.9,17.4,24.1,8.7,23.0,94.9,5.1,20260803 1720,
2026-08-03T17:39:50.657056+09:00,이태원 관광특구,이태원 관광특구,POI004,KEY_1,보통,25,600000,650000,51.7,48.3,0.0,45.9,26.7,4.7,18.0,4.7,98.2,1.8,20260803 1720,
2026-08-03T17:39:50.657056+09:00,잠실 관광특구,잠실 관광특구,POI005,KEY_2,보통,185,3000000,3100000,53.0,47.0,0.0,16.2,28.9,25.5,19.7,9.7,95.9,4.1,20260803 1720,
2026-08-03T17:39:50.657056+09:00,종로·청계 관광특구,종로·청계 관광특구,POI006,KEY_3,보통,191,4000000,4100000,49.7,50.3,2.8,12.5,25.4,19.7,20.8,18.7,95.0,5.0,20260803 1720,
2026-08-03T17:39:50.657056+09:00,홍대 관광특구,홍대 관광특구,POI007,KEY_4,보통,283,5800000,5900000,38.5,61.5,2.1,24.3,16.7,14.7,30.5,11.7,93.1,6.9,20260803 1720,
2026-08-03T17:39:50.657056+09:00,가락시장,가락시장,POI058,KEY_2,분주한,20,1000000,1100000,57.5,42.5,0.0,0.4,14.9,2.6,45.8,36.3,99.2,0.8,20260803 1720,
2026-08-03T17:39:50.657056+09:00,가로수길,가로수길,POI059,KEY_3,보통,98,4700000,4800000,50.0,50.0,0.5,5.6,12.7,7.2,69.6,4.4,88.7,11.3,20260803 1720,
2026-08-03T17:39:50.657056+09:00,광장(전통)시장,광장(전통)시장,POI060,KEY_4,한산한,12,350000,400000,57.8,42.2,0.0,0.0,83.9,0.8,1.8,13.5,100.0,0.0,20260803 1720,
2026-08-03T17:39:50.657056+09:00,김포공항,김포공항,POI061,KEY_1,보통,4,90000,100000,46.2,53.8,0.0,53.8,0.0,46.2,0.0,0.0,28.9,71.1,20260803 1720,
2026-08-03T17:39:50.657056+09:00,남대문시장,남대문시장,POI115,KEY_2,바쁜,24,1500000,1600000,39.1,60.9,0.0,3.1,7.3,33.8,1.3,54.6,100.0,0.0,20260803 1720,
2026-08-03T17:39:50.657056+09:00,노량진,노량진,POI063,KEY_3,보통,60,600000,650000,46.8,53.2,3.7,17.4,15.6,23.3,27.7,12.2,96.7,3.3,20260803 1720,
2026-08-03T17:39:50.657056+09:00,덕수궁길·정동길,덕수궁길·정동길,POI064,KEY_4,한산한,10,20000,30000,46.4,53.6,0.0,17.9,0.0,64.3,3.6,14.3,100.0,0.0,20260803 1720,
2026-08-03T17:39:50.657056+09:00,북창동 먹자골목,북창동 먹자골목,POI114,KEY_1,보통,12,750000,800000,4.4,95.6,0.0,0.5,0.3,0.8,4.4,94.1,100.0,0.0,20260803 1720,
2026-08-03T17:39:50.657056+09:00,북촌한옥마을,북촌한옥마을,POI066,KEY_2,한산한,17,100000,150000,43.5,56.5,8.1,3.2,50.0,29.0,9.7,0.0,83.8,16.2,20260803 1720,
2026-08-03T17:39:50.657056+09:00,서촌,서촌,POI067,KEY_3,보통,41,450000,500000,41.4,58.6,0.0,19.2,19.0,29.7,25.5,6.5,98.5,1.5,20260803 1720,
2026-08-03T17:39:50.657056+09:00,성수카페거리,성수카페거리,POI068,KEY_4,보통,123,2900000,3000000,28.2,71.8,3.1,42.2,11.6,21.7,14.7,6.7,92.2,7.8,20260803 1720,
2026-08-03T17:39:50.657056+09:00,송리단길·호수단길,송리단길·호수단길,POI121,KEY_1,보통,39,750000,800000,32.1,67.9,0.0,19.3,12.9,11.3,36.0,20.4,98.6,1.4,20260803 1720,
2026-08-03T17:39:50.657056+09:00,신촌 스타광장,신촌 스타광장,POI122,KEY_2,분주한,33,2700000,2800000,75.3,24.7,0.0,5.9,13.6,2.9,71.8,5.8,81.5,18.5,20260803 1720,
2026-08-03T17:39:50.657056+09:00,압구정로데오거리,압구정로데오거리,POI071,KEY_3,바쁜,44,6500000,6600000,93.4,6.6,0.0,2.4,29.5,65.4,1.3,1.4,99.5,0.5,20260803 1720,
2026-08-03T17:39:50.657056+09:00,여의도,여의도,POI072,KEY_4,바쁜,184,5600000,5700000,71.3,28.7,0.1,17.6,9.1,8.0,60.5,4.7,89.2,10.8,20260803 1720,
2026-08-03T17:39:50.657056+09:00,연남동,연남동,POI073,KEY_1,보통,29,950000,1000000,69.9,30.1,0.0,23.4,17.7,7.7,49.6,1.7,96.3,3.7,20260803 1720,
2026-08-03T17:39:50.657056+09:00,영등포 타임스퀘어,영등포 타임스퀘어,POI074,KEY_2,바쁜,111,3000000,3100000,52.6,47.4,0.5,14.8,18.4,36.6,23.1,6.6,98.7,1.3,20260803 1720,
2026-08-03T17:39:50.657056+09:00,용리단길,용리단길,POI076,KEY_3,한산한,10,100000,150000,65.2,34.8,0.0,28.6,18.8,34.8,17.9,0.0,100.0,0.0,20260803 1720,
2026-08-03T17:39:50.657056+09:00,이태원 앤틱가구거리,이태원 앤틱가구거리,POI077,KEY_4,보통,6,200000,250000,96.1,3.9,0.0,43.1,51.3,0.0,1.7,3.9,100.0,0.0,20260803 1720,
2026-08-03T17:39:50.657056+09:00,익선동,익선동,POI116,KEY_1,바쁜,39,2100000,2200000,22.7,77.3,0.2,0.4,74.1,7.1,14.1,4.2,93.0,7.0,20260803 1720,
2026-08-03T17:39:50.657056+09:00,인사동,인사동,POI078,KEY_2,보통,44,500000,550000,31.9,68.1,0.0,14.8,22.1,15.2,34.2,13.6,89.5,10.5,20260803 1720,
2026-08-03T17:39:50.657056+09:00,잠실롯데타워·석촌호수,잠실롯데타워·석촌호수,POI120,KEY_3,바쁜,176,2900000,3000000,53.5,46.5,0.0,16.1,28.9,25.1,20.1,9.9,95.8,4.2,20260803 1720,
2026-08-03T17:39:50.657056+09:00,창동 신경제 중심지,창동 신경제 중심지,POI079,KEY_4,분주한,205,6500000,6600000,24.0,76.0,0.9,2.7,8.7,17.9,49.1,20.8,99.4,0.6,20260803 1720,
2026-08-03T17:39:50.657056+09:00,청담동 명품거리,청담동 명품거리,POI080,KEY_1,한산한,4,30000,40000,90.9,9.1,0.0,0.0,100.0,0.0,0.0,0.0,33.3,66.7,20260803 1720,
2026-08-03T17:39:50.657056+09:00,청량리 제기동 일대 전통시장,청량리 제기동 일대 전통시장,POI081,KEY_2,보통,29,600000,650000,69.4,30.6,0.0,23.9,15.6,0.0,6.9,53.5,100.0,0.0,20260803 1720,
2026-08-03T17:39:50.657056+09:00,해방촌·경리단길,해방촌·경리단길,POI082,KEY_3,한산한,6,20000,30000,65.2,34.8,0.0,26.1,0.0,43.5,30.4,0.0,100.0,0.0,20260803 1720,
2026-08-03T17:39:50.657056+09:00,DDP(동대문디자인플라자),DDP(동대문디자인플라자),POI083,KEY_4,한산한,4,30000,40000,11.1,88.9,0.0,0.0,88.9,11.1,0.0,0.0,100.0,0.0,20260803 1700,
2026-08-03T17:39:50.657056+09:00,DMC(디지털미디어시티),DMC(디지털미디어시티),POI084,KEY_1,분주한,71,3300000,3400000,9.4,90.6,0.0,1.4,3.3,66.5,26.7,2.2,96.5,3.5,20260803 1720,
2026-08-03T17:39:50.657056+09:00,가산디지털단지역,가산디지털단지역,POI013,KEY_2,바쁜,68,3000000,3100000,49.1,50.9,0.0,10.0,34.5,17.2,18.8,19.5,56.1,43.9,20260803 1720,
2026-08-03T17:39:50.657056+09:00,강남역,강남역,POI014,KEY_3,바쁜,226,16000000,17000000,42.5,57.5,0.5,39.2,24.3,3.9,11.2,20.9,98.6,1.4,20260803 1720,
2026-08-03T17:39:50.657056+09:00,건대입구역,건대입구역,POI015,KEY_4,보통,115,2000000,2100000,39.0,61.0,0.8,25.1,20.0,11.9,24.4,17.8,92.8,7.2,20260803 1720,
2026-08-03T17:39:50.657056+09:00,고덕역,고덕역,POI016,KEY_1,분주한,38,2400000,2500000,30.0,70.0,0.8,4.9,0.4,54.4,27.2,12.4,100.0,0.0,20260803 1720,
2026-08-03T17:39:50.657056+09:00,고속터미널역,고속터미널역,POI017,KEY_2,분주한,116,6900000,7000000,7.5,92.5,0.4,2.8,76.0,3.3,7.9,9.5,99.7,0.3,20260803 1720,
2026-08-03T17:39:50.657056+09:00,교대역,교대역,POI018,KEY_3,보통,40,750000,800000,86.0,14.0,0.0,25.1,4.1,13.1,38.8,18.9,98.2,1.8,20260803 1720,
2026-08-03T17:39:50.657056+09:00,구로디지털단지역,구로디지털단지역,POI019,KEY_4,바쁜,58,3000000,3100000,90.9,9.1,0.0,4.7,7.3,1.4,84.4,2.2,99.4,0.6,20260803 1720,
2026-08-03T17:39:50.657056+09:00,구로역,구로역,POI020,KEY_1,한산한,5,50000,60000,48.0,52.0,0.0,0.0,36.1,21.8,26.5,15.6,88.9,11.1,20260803 1720,
2026-08-03T17:39:50.657056+09:00,군자역,군자역,POI021,KEY_2,분주한,48,1500000,1600000,60.9,39.1,0.0,8.3,4.7,6.7,21.5,58.8,97.4,2.6,20260803 1720,
2026-08-03T17:39:50.657056+09:00,대림역,대림역,POI023,KEY_3,보통,20,350000,400000,64.4,35.6,0.0,2.2,17.7,2.2,33.1,44.8,100.0,0.0,20260803 1720,
2026-08-03T17:39:50.657056+09:00,동대문역,동대문역,POI024,KEY_4,한산한,14,100000,150000,71.1,28.9,0.0,0.0,14.8,9.9,29.6,45.8,100.0,0.0,20260803 1720,
2026-08-03T17:39:50.657056+09:00,뚝섬역,뚝섬역,POI025,KEY_1,보통,33,400000,450000,27.0,73.0,2.0,38.6,24.0,5.6,22.5,7.3,98.3,1.7,20260803 1720,
2026-08-03T17:39:50.657056+09:00,미아사거리역,미아사거리역,POI026,KEY_2,보통,51,700000,750000,57.9,42.1,0.0,1.0,26.0,29.5,25.8,17.7,100.0,0.0,20260803 1720,
2026-08-03T17:39:50.657056+09:00,발산역,발산역,POI027,KEY_3,보통,100,3600000,3700000,36.1,63.9,0.0,2.8,7.4,50.1,16.3,23.4,99.4,0.6,20260803 1720,
2026-08-03T17:39:50.657056+09:00,사당역,사당역,POI029,KEY_4,보통,61,650000,700000,44.4,55.6,8.1,23.5,11.7,18.6,27.4,10.6,100.0,0.0,20260803 1720,
2026-08-03T17:39:50.657056+09:00,서울대입구역,서울대입구역,POI031,KEY_2,보통,63,800000,850000,52.1,47.9,0.5,12.5,11.9,17.1,20.7,37.4,98.5,1.5,20260803 1720,
2026-08-03T17:39:50.657056+09:00,서울식물원·마곡나루역,서울식물원·마곡나루역,POI032,KEY_3,한산한,25,200000,250000,41.7,58.3,0.0,6.3,49.2,33.8,10.0,0.8,100.0,0.0,20260803 1720,
2026-08-03T17:39:50.657056+09:00,서울역,서울역,POI033,KEY_4,보통,34,1500000,1600000,24.9,75.1,0.0,0.3,41.6,21.0,20.9,16.3,96.9,3.1,20260803 1720,
2026-08-03T17:39:50.657056+09:00,선릉역,선릉역,POI034,KEY_1,바쁜,93,2800000,2900000,38.3,61.7,0.5,15.8,8.3,20.7,47.3,7.5,52.7,47.3,20260803 1720,
2026-08-03T17:39:50.657056+09:00,성신여대입구역,성신여대입구역,POI035,KEY_2,바쁜,63,1000000,1100000,34.5,65.5,0.0,13.7,4.3,14.1,21.5,46.4,100.0,0.0,20260803 1720,
2026-08-03T17:39:50.657056+09:00,수유역,수유역,POI036,KEY_3,보통,78,950000,1000000,40.8,59.2,0.0,10.9,10.1,14.1,27.1,37.8,100.0,0.0,20260803 1720,
2026-08-03T17:39:50.657056+09:00,신논현역·논현역,신논현역·논현역,POI037,KEY_2,보통,43,950000,1000000,59.7,40.3,1.5,7.8,9.5,63.4,15.7,2.0,90.8,9.2,20260803 1720,
2026-08-03T17:39:50.657056+09:00,신도림역,신도림역,POI038,KEY_3,분주한,4,350000,400000,27.3,72.7,0.0,0.6,0.3,20.1,78.8,0.3,100.0,0.0,20260803 1720,
2026-08-03T17:39:50.657056+09:00,신림역,신림역,POI039,KEY_4,보통,80,1300000,1400000,41.8,58.2,0.0,13.8,20.7,6.6,29.6,29.2,100.0,0.0,20260803 1720,
2026-08-03T17:39:50.657056+09:00,신정네거리역,신정네거리역,POI117,KEY_1,바쁜,35,650000,700000,56.2,43.8,0.0,0.0,4.5,20.9,19.2,55.3,99.4,0.6,20260803 1720,
2026-08-03T17:39:50.657056+09:00,신촌·이대역,신촌·이대역,POI040,KEY_2,분주한,146,5900000,6000000,41.1,58.9,0.0,17.6,26.8,11.2,37.5,6.9,90.9,9.1,20260803 1720,
2026-08-03T17:39:50.657056+09:00,쌍문역,쌍문역,POI070,KEY_3,바쁜,47,700000,750000,59.0,41.0,0.0,7.6,10.7,9.6,24.5,47.6,100.0,0.0,20260803 1720,
2026-08-03T17:39:50.657056+09:00,양재역,양재역,POI041,KEY_4,한산한,62,650000,700000,66.2,33.8,0.0,3.4,27.0,28.6,5.8,35.2,85.5,14.5,20260803 1720,
2026-08-03T17:39:50.657056+09:00,역삼역,역삼역,POI042,KEY_1,보통,83,850000,900000,51.2,48.8,0.0,10.3,29.2,30.8,18.8,11.0,91.3,8.7,20260803 1720,
2026-08-03T17:39:50.657056+09:00,연신내역,연신내역,POI043,KEY_2,보통,74,1100000,1200000,29.2,70.8,0.0,41.9,20.4,4.7,16.2,16.9,100.0,0.0,20260803 1720,
2026-08-03T17:39:50.657056+09:00,오목교역·목동운동장,오목교역·목동운동장,POI044,KEY_3,보통,164,2500000,2600000,68.2,31.8,0.4,5.4,38.3,28.7,23.1,4.0,100.0,0.0,20260803 1720,
2026-08-03T17:39:50.657056+09:00,왕십리역,왕십리역,POI045,KEY_4,보통,61,1200000,1300000,34.4,65.6,2.3,11.9,20.9,19.5,11.3,34.1,84.2,15.8,20260803 1720,
2026-08-03T17:39:50.657056+09:00,용산역,용산역,POI046,KEY_1,보통,114,1400000,1500000,43.5,56.5,0.9,12.9,24.9,23.3,26.9,11.0,98.5,1.5,20260803 1720,
2026-08-03T17:39:50.657056+09:00,이태원역,이태원역,POI047,KEY_2,한산한,5,100000,150000,42.6,57.4,0.0,18.1,52.1,14.6,12.6,2.5,100.0,0.0,20260803 1720,
2026-08-03T17:39:50.657056+09:00,잠실새내역,잠실새내역,POI118,KEY_3,분주한,95,3500000,3600000,8.2,91.8,0.0,2.8,87.2,4.4,3.8,1.8,99.5,0.5,20260803 1720,
2026-08-03T17:39:50.657056+09:00,잠실역,잠실역,POI119,KEY_4,분주한,132,2000000,2100000,36.7,63.3,2.4,19.2,10.5,33.6,19.1,15.2,97.9,2.1,20260803 1720,
2026-08-03T17:39:50.657056+09:00,장지역,장지역,POI048,KEY_1,분주한,72,4800000,4900000,67.7,32.3,0.0,4.2,4.4,11.9,49.4,30.1,99.8,0.2,20260803 1730,
2026-08-03T17:39:50.657056+09:00,장한평역,장한평역,POI049,KEY_2,보통,25,150000,200000,62.7,37.3,2.5,4.3,27.3,2.5,34.8,28.6,100.0,0.0,20260803 1730,
2026-08-03T17:39:50.657056+09:00,천호역,천호역,POI050,KEY_3,분주한,68,4300000,4400000,10.5,89.5,0.0,13.5,16.9,57.6,4.0,8.0,99.3,0.7,20260803 1730,
2026-08-03T17:39:50.657056+09:00,총신대입구(이수)역,총신대입구(이수)역,POI051,KEY_4,보통,77,1200000,1300000,31.4,68.6,2.5,16.1,15.1,13.6,10.2,42.5,98.5,1.5,20260803 1730,
2026-08-03T17:39:50.657056+09:00,충정로역,충정로역,POI052,KEY_1,한산한,7,50000,60000,92.0,8.0,0.0,10.0,46.0,20.0,24.0,0.0,100.0,0.0,20260803 1730,
2026-08-03T17:39:50.657056+09:00,합정역,합정역,POI053,KEY_2,보통,40,550000,600000,21.5,78.5,0.4,18.8,39.3,3.8,34.4,3.3,93.0,7.0,20260803 1730,
2026-08-03T17:39:50.657056+09:00,혜화역,혜화역,POI054,KEY_3,분주한,53,4800000,4900000,80.3,19.7,0.0,2.0,8.4,1.3,3.6,84.6,94.4,5.6,20260803 1730,
2026-08-03T17:39:50.657056+09:00,홍대입구역(2호선),홍대입구역(2호선),POI055,KEY_4,보통,65,1200000,1300000,32.4,67.6,1.2,55.1,11.4,11.0,20.5,0.8,95.5,4.5,20260803 1730,
2026-08-03T17:39:50.657056+09:00,회기역,회기역,POI056,KEY_1,한산한,31,150000,200000,69.6,30.4,0.0,30.9,29.3,4.2,19.9,15.7,96.4,3.6,20260803 1730,
2026-08-03T21:35:30.494080+09:00,광화문·덕수궁,광화문·덕수궁,POI009,KEY_2,바쁜,73,4100000,4200000,51.3,48.7,3.1,12.9,30.0,24.5,15.1,14.5,34.5,65.5,20260803 2120,
2026-08-03T21:35:30.494080+09:00,보신각,보신각,POI010,KEY_3,바쁜,48,3600000,3700000,60.2,39.8,0.0,6.5,35.9,35.7,9.2,12.7,30.3,69.7,20260803 2120,
2026-08-03T21:35:30.494080+09:00,강남 MICE 관광특구,강남 MICE 관광특구,POI001,KEY_2,한산한,22,200000,250000,52.0,48.0,0.0,23.2,23.7,39.0,11.3,2.8,88.1,11.9,20260803 2120,
2026-08-03T21:35:30.494080+09:00,동대문 관광특구,동대문 관광특구,POI002,KEY_3,보통,33,600000,650000,44.7,55.3,0.0,21.1,32.8,3.4,16.9,25.8,93.9,6.1,20260803 2120,
2026-08-03T21:35:30.494080+09:00,명동 관광특구,명동 관광특구,POI003,KEY_4,보통,233,6900000,7000000,58.0,42.0,0.5,20.6,27.3,38.1,10.1,3.3,65.1,34.9,20260803 2120,
2026-08-03T21:35:30.494080+09:00,이태원 관광특구,이태원 관광특구,POI004,KEY_1,한산한,18,400000,450000,73.0,27.0,0.0,39.6,48.0,5.0,7.4,0.0,100.0,0.0,20260803 2120,
2026-08-03T21:35:30.494080+09:00,잠실 관광특구,잠실 관광특구,POI005,KEY_2,바쁜,138,4400000,4500000,44.5,55.5,3.6,13.4,11.8,25.2,17.0,28.9,96.8,3.2,20260803 2120,
2026-08-03T21:35:30.494080+09:00,종로·청계 관광특구,종로·청계 관광특구,POI006,KEY_3,보통,145,3800000,3900000,63.5,36.5,1.7,29.4,35.6,10.7,18.6,3.9,68.7,31.3,20260803 2120,
2026-08-03T21:35:30.494080+09:00,홍대 관광특구,홍대 관광특구,POI007,KEY_4,바쁜,212,6500000,6600000,32.7,67.3,2.5,34.5,15.1,13.4,30.4,4.2,96.7,3.3,20260803 2120,
2026-08-03T21:35:30.494080+09:00,가락시장,가락시장,POI058,KEY_2,한산한,7,20000,30000,88.5,11.5,0.0,15.4,19.2,23.1,42.3,0.0,100.0,0.0,20260803 2120,
2026-08-03T21:35:30.494080+09:00,가로수길,가로수길,POI059,KEY_3,보통,48,2300000,2400000,19.8,80.2,0.7,10.9,15.4,33.8,39.0,0.3,90.2,9.8,20260803 2120,
2026-08-03T21:35:30.494080+09:00,광장(전통)시장,광장(전통)시장,POI060,KEY_4,한산한,9,150000,200000,62.1,37.9,0.0,29.7,43.1,6.2,0.0,21.0,100.0,0.0,20260803 2120,
2026-08-03T21:35:30.494080+09:00,김포공항,김포공항,POI061,KEY_1,한산한,9,60000,70000,100.0,0.0,0.0,0.0,0.0,0.0,49.2,50.8,100.0,0.0,20260803 2100,
2026-08-03T21:35:30.494080+09:00,남대문시장,남대문시장,POI115,KEY_2,한산한,9,250000,300000,61.6,38.4,1.4,33.3,0.0,62.3,0.0,2.9,51.9,48.1,20260803 2120,
2026-08-03T21:35:30.494080+09:00,노량진,노량진,POI063,KEY_3,분주한,50,1200000,1300000,47.0,53.0,6.0,32.6,43.4,4.7,12.4,0.9,79.8,20.2,20260803 2120,
2026-08-03T21:35:30.494080+09:00,덕수궁길·정동길,덕수궁길·정동길,POI064,KEY_4,한산한,11,150000,200000,80.3,19.7,0.0,13.1,22.4,31.1,17.5,15.8,100.0,0.0,20260803 2120,
2026-08-03T21:35:30.494080+09:00,북창동 먹자골목,북창동 먹자골목,POI114,KEY_1,바쁜,20,1400000,1500000,54.8,45.2,0.6,14.5,13.9,40.6,30.4,0.0,25.0,75.0,20260803 2120,
2026-08-03T21:35:30.494080+09:00,북촌한옥마을,북촌한옥마을,POI066,KEY_2,한산한,9,100000,150000,93.2,6.8,0.0,38.1,5.9,5.1,27.1,23.7,93.0,7.0,20260803 2120,
2026-08-03T21:35:30.494080+09:00,서촌,서촌,POI067,KEY_3,보통,11,350000,400000,57.3,42.7,29.9,43.0,24.6,0.0,2.5,0.0,90.2,9.8,20260803 2120,
2026-08-03T21:35:30.494080+09:00,성수카페거리,성수카페거리,POI068,KEY_4,보통,49,1600000,1700000,34.5,65.5,0.0,28.4,22.7,30.6,18.0,0.4,97.4,2.6,20260803 2120,
2026-08-03T21:35:30.494080+09:00,송리단길·호수단길,송리단길·호수단길,POI121,KEY_1,보통,28,850000,900000,54.5,45.5,0.0,26.8,17.2,29.0,25.0,2.0,91.8,8.2,20260803 2120,
2026-08-03T21:35:30.494080+09:00,신촌 스타광장,신촌 스타광장,POI122,KEY_2,한산한,4,20000,30000,4.3,95.7,0.0,95.7,4.3,0.0,0.0,0.0,100.0,0.0,20260803 2120,
2026-08-03T21:35:30.494080+09:00,압구정로데오거리,압구정로데오거리,POI071,KEY_3,보통,43,3000000,3100000,29.2,70.8,0.0,7.6,15.2,38.0,34.0,5.2,58.5,41.5,20260803 2120,
2026-08-03T21:35:30.494080+09:00,여의도,여의도,POI072,KEY_4,보통,92,3900000,4000000,74.6,25.4,2.2,9.7,14.0,53.5,14.1,6.6,56.5,43.5,20260803 2120,
2026-08-03T21:35:30.494080+09:00,연남동,연남동,POI073,KEY_1,보통,23,400000,450000,58.6,41.4,2.8,21.3,53.2,8.7,10.6,3.3,100.0,0.0,20260803 2120,
2026-08-03T21:35:30.494080+09:00,영등포 타임스퀘어,영등포 타임스퀘어,POI074,KEY_2,분주한,76,5500000,5600000,86.9,13.1,0.0,11.4,74.0,8.5,3.6,2.5,100.0,0.0,20260803 2120,
2026-08-03T21:35:30.494080+09:00,용리단길,용리단길,POI076,KEY_3,바쁜,17,950000,1000000,39.4,60.6,0.0,35.4,37.3,12.7,7.0,7.5,43.7,56.3,20260803 2120,
2026-08-03T21:35:30.494080+09:00,이태원 앤틱가구거리,이태원 앤틱가구거리,POI077,KEY_4,바쁜,4,250000,300000,35.0,65.0,0.0,65.0,0.0,35.0,0.0,0.0,94.8,5.2,20260803 2110,
2026-08-03T21:35:30.494080+09:00,익선동,익선동,POI116,KEY_1,보통,29,900000,950000,69.6,30.4,0.0,32.8,33.8,10.0,7.5,15.9,94.8,5.2,20260803 2120,
2026-08-03T21:35:30.494080+09:00,인사동,인사동,POI078,KEY_2,바쁜,25,1800000,1900000,92.9,7.1,0.0,0.0,25.4,22.0,16.7,36.0,21.0,79.0,20260803 2120,
2026-08-03T21:35:30.494080+09:00,잠실롯데타워·석촌호수,잠실롯데타워·석촌호수,POI120,KEY_3,바쁜,126,4300000,4400000,44.7,55.3,3.7,13.7,10.8,25.4,17.4,28.9,96.8,3.2,20260803 2120,
2026-08-03T21:35:30.494080+09:00,창동 신경제 중심지,창동 신경제 중심지,POI079,KEY_4,보통,103,1900000,2000000,48.3,51.7,1.9,12.8,33.4,10.9,26.8,14.3,96.5,3.5,20260803 2120,
2026-08-03T21:35:30.494080+09:00,청담동 명품거리,청담동 명품거리,POI080,KEY_1,한산한,10,60000,70000,40.0,60.0,0.0,2.9,40.0,2.9,25.7,28.6,59.0,41.0,20260803 2120,
2026-08-03T21:35:30.494080+09:00,청량리 제기동 일대 전통시장,청량리 제기동 일대 전통시장,POI081,KEY_2,한산한,6,50000,60000,90.2,9.8,0.0,60.8,0.0,35.3,0.0,3.9,100.0,0.0,20260803 2100,
2026-08-03T21:35:30.494080+09:00,해방촌·경리단길,해방촌·경리단길,POI082,KEY_3,한산한,6,10000,20000,50.0,50.0,0.0,15.0,85.0,0.0,0.0,0.0,100.0,0.0,20260803 2120,
2026-08-03T21:35:30.494080+09:00,DDP(동대문디자인플라자),DDP(동대문디자인플라자),POI083,KEY_4,한산한,4,70000,80000,47.3,52.7,0.0,52.7,0.0,47.3,0.0,0.0,100.0,0.0,20260803 2050,
2026-08-03T21:35:30.494080+09:00,DMC(디지털미디어시티),DMC(디지털미디어시티),POI084,KEY_1,보통,21,750000,800000,89.0,11.0,0.0,5.6,22.1,46.6,24.0,1.7,64.5,35.5,20260803 2120,
2026-08-03T21:35:30.494080+09:00,가산디지털단지역,가산디지털단지역,POI013,KEY_2,보통,37,800000,850000,86.1,13.9,0.0,1.9,42.4,29.5,24.9,1.3,89.8,10.2,20260803 2120,
2026-08-03T21:35:30.494080+09:00,강남역,강남역,POI014,KEY_3,보통,188,3700000,3800000,53.0,47.0,2.4,20.6,35.2,19.8,13.7,8.3,88.1,11.9,20260803 2120,
2026-08-03T21:35:30.494080+09:00,건대입구역,건대입구역,POI015,KEY_4,바쁜,118,4300000,4400000,72.4,27.6,1.7,29.4,35.9,13.1,9.1,10.7,99.3,0.7,20260803 2120,
2026-08-03T21:35:30.494080+09:00,고덕역,고덕역,POI016,KEY_1,한산한,11,250000,300000,70.7,29.3,0.0,1.7,34.5,10.1,23.7,30.0,100.0,0.0,20260803 2120,
2026-08-03T21:35:30.494080+09:00,고속터미널역,고속터미널역,POI017,KEY_2,보통,40,750000,800000,68.1,31.9,0.0,22.6,6.7,58.4,10.5,1.8,100.0,0.0,20260803 2120,
2026-08-03T21:35:30.494080+09:00,교대역,교대역,POI018,KEY_3,바쁜,41,3100000,3200000,81.6,18.4,0.0,2.2,44.1,17.0,21.7,14.9,42.0,58.0,20260803 2120,
2026-08-03T21:35:30.494080+09:00,구로디지털단지역,구로디지털단지역,POI019,KEY_4,바쁜,66,2000000,2100000,63.7,36.3,0.0,19.8,31.5,12.1,36.6,0.1,88.4,11.6,20260803 2120,
2026-08-03T21:35:30.494080+09:00,구로역,구로역,POI020,KEY_1,보통,18,350000,400000,49.1,50.9,0.0,11.6,4.5,0.0,59.4,24.6,100.0,0.0,20260803 2050,
2026-08-03T21:35:30.494080+09:00,군자역,군자역,POI021,KEY_2,보통,24,600000,650000,59.6,40.4,0.0,20.7,32.7,26.7,14.6,5.2,100.0,0.0,20260803 2120,
2026-08-03T21:35:30.494080+09:00,대림역,대림역,POI023,KEY_3,한산한,15,100000,150000,93.6,6.4,0.0,0.0,34.3,0.0,30.7,35.0,100.0,0.0,20260803 2120,
2026-08-03T21:35:30.494080+09:00,동대문역,동대문역,POI024,KEY_4,한산한,4,20000,30000,92.6,7.4,0.0,25.9,22.2,0.0,0.0,51.9,100.0,0.0,20260803 2100,
2026-08-03T21:35:30.494080+09:00,뚝섬역,뚝섬역,POI025,KEY_1,한산한,7,20000,30000,56.5,43.5,0.0,17.4,65.2,0.0,17.4,0.0,82.1,17.9,20260803 2120,
2026-08-03T21:35:30.494080+09:00,미아사거리역,미아사거리역,POI026,KEY_2,보통,20,600000,650000,71.3,28.7,0.0,0.0,21.0,12.9,45.4,20.7,100.0,0.0,20260803 2120,
2026-08-03T21:35:30.494080+09:00,발산역,발산역,POI027,KEY_3,한산한,51,1000000,1100000,64.3,35.7,0.0,13.9,34.3,16.8,35.0,0.0,76.8,23.2,20260803 2120,
2026-08-03T21:35:30.494080+09:00,사당역,사당역,POI029,KEY_4,바쁜,68,2200000,2300000,57.8,42.2,0.0,12.8,29.3,8.0,37.4,12.6,68.0,32.0,20260803 2120,
2026-08-03T21:35:30.494080+09:00,서울대입구역,서울대입구역,POI031,KEY_2,보통,53,850000,900000,49.5,50.5,0.0,18.8,17.0,18.5,40.2,5.6,75.6,24.4,20260803 2120,
2026-08-03T21:35:30.494080+09:00,서울식물원·마곡나루역,서울식물원·마곡나루역,POI032,KEY_3,한산한,22,200000,250000,57.4,42.6,0.0,21.8,57.9,13.4,0.5,6.5,100.0,0.0,20260803 2120,
2026-08-03T21:35:30.494080+09:00,서울역,서울역,POI033,KEY_4,한산한,18,550000,600000,61.4,38.6,0.0,2.5,34.5,3.0,1.9,58.1,100.0,0.0,20260803 2120,
2026-08-03T21:35:30.494080+09:00,선릉역,선릉역,POI034,KEY_1,보통,55,1900000,2000000,85.0,15.0,0.0,10.2,14.4,19.5,48.6,7.4,63.8,36.2,20260803 2120,
2026-08-03T21:35:30.494080+09:00,성신여대입구역,성신여대입구역,POI035,KEY_2,한산한,36,400000,450000,49.2,50.8,0.0,54.7,12.6,1.8,23.0,7.8,100.0,0.0,20260803 2120,
2026-08-03T21:35:30.494080+09:00,수유역,수유역,POI036,KEY_3,분주한,72,2000000,2100000,44.7,55.3,0.0,64.9,13.2,6.4,8.0,7.5,99.5,0.5,20260803 2120,
2026-08-03T21:35:30.494080+09:00,신논현역·논현역,신논현역·논현역,POI037,KEY_2,보통,23,750000,800000,43.0,57.0,0.0,34.6,29.5,2.6,6.7,26.6,98.5,1.5,20260803 2120,
2026-08-03T21:35:30.494080+09:00,신도림역,신도림역,POI038,KEY_3,한산한,6,20000,30000,62.5,37.5,0.0,12.5,4.2,8.3,20.8,54.2,100.0,0.0,20260803 2120,
2026-08-03T21:35:30.494080+09:00,신림역,신림역,POI039,KEY_4,보통,103,1500000,1600000,61.3,38.7,0.7,25.1,42.4,9.5,17.9,4.5,97.6,2.4,20260803 2120,
2026-08-03T21:35:30.494080+09:00,신정네거리역,신정네거리역,POI117,KEY_1,분주한,21,800000,850000,74.2,25.8,0.0,13.7,1.4,82.8,0.0,2.1,35.2,64.8,20260803 2120,
2026-08-03T21:35:30.494080+09:00,신촌·이대역,신촌·이대역,POI040,KEY_2,보통,92,2100000,2200000,29.3,70.7,0.5,25.9,23.2,34.0,13.1,3.3,86.5,13.5,20260803 2120,
2026-08-03T21:35:30.494080+09:00,쌍문역,쌍문역,POI070,KEY_3,보통,14,350000,400000,45.2,54.8,0.0,6.2,41.8,25.0,16.1,11.0,73.4,26.6,20260803 2120,
2026-08-03T21:35:30.494080+09:00,양재역,양재역,POI041,KEY_4,바쁜,21,2300000,2400000,77.2,22.8,0.0,19.1,19.7,24.7,2.0,34.5,69.6,30.4,20260803 2120,
2026-08-03T21:35:30.494080+09:00,역삼역,역삼역,POI042,KEY_1,보통,57,1600000,1700000,74.4,25.6,0.0,24.2,55.3,12.2,7.6,0.6,65.4,34.6,20260803 2120,
2026-08-03T21:35:30.494080+09:00,연신내역,연신내역,POI043,KEY_2,보통,64,700000,750000,66.5,33.5,0.0,39.4,28.7,16.9,12.2,2.7,97.5,2.5,20260803 2120,
2026-08-03T21:35:30.494080+09:00,오목교역·목동운동장,오목교역·목동운동장,POI044,KEY_3,한산한,53,850000,900000,63.2,36.8,0.8,1.3,31.4,17.6,15.3,33.6,98.4,1.6,20260803 2120,
2026-08-03T21:35:30.494080+09:00,왕십리역,왕십리역,POI045,KEY_4,분주한,50,4100000,4200000,16.1,83.9,0.2,10.1,7.9,72.4,5.9,3.5,88.0,12.0,20260803 2120,
2026-08-03T21:35:30.494080+09:00,용산역,용산역,POI046,KEY_1,보통,39,1000000,1100000,32.4,67.6,0.6,12.7,20.6,34.2,31.0,0.9,96.1,3.9,20260803 2120,
2026-08-03T21:35:30.494080+09:00,이태원역,이태원역,POI047,KEY_2,한산한,11,150000,200000,100.0,0.0,0.0,75.4,12.6,10.1,2.0,0.0,100.0,0.0,20260803 2120,
2026-08-03T21:35:30.494080+09:00,잠실새내역,잠실새내역,POI118,KEY_3,보통,44,1800000,1900000,30.8,69.2,0.6,4.8,63.7,14.1,13.2,3.6,96.8,3.2,20260803 2120,
2026-08-03T21:35:30.494080+09:00,잠실역,잠실역,POI119,KEY_4,보통,64,1000000,1100000,42.6,57.4,1.0,11.2,15.4,13.2,17.0,42.2,98.4,1.6,20260803 2120,
2026-08-03T21:35:30.494080+09:00,장지역,장지역,POI048,KEY_1,보통,33,400000,450000,40.9,59.1,0.4,3.3,40.1,9.9,25.2,21.1,60.1,39.9,20260803 2120,
2026-08-03T21:35:30.494080+09:00,장한평역,장한평역,POI049,KEY_2,한산한,10,70000,80000,50.7,49.3,8.5,46.5,14.1,18.3,12.7,0.0,100.0,0.0,20260803 2120,
2026-08-03T21:35:30.494080+09:00,천호역,천호역,POI050,KEY_3,보통,49,1300000,1400000,64.4,35.6,3.2,22.0,37.0,22.9,8.0,6.8,100.0,0.0,20260803 2120,
2026-08-03T21:35:30.494080+09:00,총신대입구(이수)역,총신대입구(이수)역,POI051,KEY_4,보통,40,700000,750000,59.8,40.2,10.9,9.1,44.4,4.3,26.5,4.8,100.0,0.0,20260803 2120,
2026-08-03T21:35:30.494080+09:00,충정로역,충정로역,POI052,KEY_1,한산한,5,20000,30000,64.0,36.0,0.0,0.0,64.0,8.0,0.0,28.0,100.0,0.0,20260803 2120,
2026-08-03T21:35:30.494080+09:00,합정역,합정역,POI053,KEY_2,보통,11,500000,550000,81.8,18.2,0.0,18.8,30.2,50.2,0.0,0.8,100.0,0.0,20260803 2120,
2026-08-03T21:35:30.494080+09:00,혜화역,혜화역,POI054,KEY_3,한산한,17,450000,500000,18.4,81.6,34.4,40.6,6.7,0.0,18.4,0.0,100.0,0.0,20260803 2120,
2026-08-03T21:35:30.494080+09:00,홍대입구역(2호선),홍대입구역(2호선),POI055,KEY_4,보통,34,1100000,1200000,46.4,53.6,2.5,29.2,17.2,28.2,14.1,8.8,99.1,0.9,20260803 2120,
2026-08-03T21:35:30.494080+09:00,회기역,회기역,POI056,KEY_1,바쁜,37,550000,600000,75.9,24.1,0.0,23.3,28.6,19.9,22.3,6.0,100.0,0.0,20260803 2120,
