fetched_at,place_name,AREA_NM,AREA_CD,_key_used,WEATHER_STTS__WEATHER_TIME,WEATHER_STTS__TEMP,WEATHER_STTS__MAX_TEMP,WEATHER_STTS__MIN_TEMP,WEATHER_STTS__HUMIDITY,WEATHER_STTS__WIND_DIRCT,WEATHER_STTS__WIND_SPD,WEATHER_STTS__PRECIPITATION,WEATHER_STTS__PRECPT_TYPE,WEATHER_STTS__PCP_MSG,WEATHER_STTS__SUNRISE,WEATHER_STTS__SUNSET,WEATHER_STTS__UV_INDEX_LVL,WEATHER_STTS__UV_INDEX,WEATHER_STTS__UV_MSG,WEATHER_STTS__PM25_INDEX,WEATHER_STTS__PM25,WEATHER_STTS__PM10_INDEX,WEATHER_STTS__PM10,WEATHER_STTS__AIR_IDX,WEATHER_STTS__AIR_IDX_MVL,WEATHER_STTS__AIR_IDX_MAIN,WEATHER_STTS__AIR_MSG,WEATHER_STTS__NEWS_LIST
2026-06-06T00:13:05.434418+09:00,경복궁,경복궁,POI008,KEY_1,2026-06-06 00:10,18.4,28.0,16.0,69,SE,1.8,-,없음,비 또는 눈 소식이 없어요.,05:11,19:50,0,낮음,햇볕에 민감한 분들은 자외선 차단제를 발라주세요.,좋음,15,좋음,22,보통,53.0,,호흡기가 예민하신 분들은 몸상태 유의하며 활동해주세요.,
2026-06-06T00:13:05.434418+09:00,광화문·덕수궁,광화문·덕수궁,POI009,KEY_2,2026-06-06 00:10,18.4,28.0,16.0,69,SE,1.8,-,없음,비 또는 눈 소식이 없어요.,05:11,19:50,0,낮음,햇볕에 민감한 분들은 자외선 차단제를 발라주세요.,좋음,15,좋음,22,보통,53.0,,호흡기가 예민하신 분들은 몸상태 유의하며 활동해주세요.,
2026-06-06T00:13:05.434418+09:00,보신각,보신각,POI010,KEY_3,2026-06-06 00:10,18.4,28.0,16.0,69,SE,1.8,-,없음,비 또는 눈 소식이 없어요.,05:11,19:50,0,낮음,햇볕에 민감한 분들은 자외선 차단제를 발라주세요.,좋음,15,좋음,22,보통,53.0,,호흡기가 예민하신 분들은 몸상태 유의하며 활동해주세요.,
2026-06-06T00:13:05.434418+09:00,서울 암사동 유적,서울 암사동 유적,POI011,KEY_4,2026-06-06 00:10,19.0,29.0,15.0,65,ENE,1.2,-,없음,비 또는 눈 소식이 없어요.,05:11,19:50,0,낮음,햇볕에 민감한 분들은 자외선 차단제를 발라주세요.,보통,16,좋음,27,보통,59.0,,호흡기가 예민하신 분들은 몸상태 유의하며 활동해주세요.,
2026-06-06T00:13:05.434418+09:00,창덕궁·종묘,창덕궁·종묘,POI012,KEY_1,2026-06-06 00:10,18.4,28.0,16.0,69,SE,1.8,-,없음,비 또는 눈 소식이 없어요.,05:11,19:50,0,낮음,햇볕에 민감한 분들은 자외선 차단제를 발라주세요.,좋음,15,좋음,22,보통,53.0,,호흡기가 예민하신 분들은 몸상태 유의하며 활동해주세요.,
2026-06-06T00:13:05.434418+09:00,강남 MICE 관광특구,강남 MICE 관광특구,POI001,KEY_2,2026-06-06 00:10,17.5,29.0,16.0,72,E,0.9,-,없음,비 또는 눈 소식이 없어요.,05:11,19:50,0,낮음,햇볕에 민감한 분들은 자외선 차단제를 발라주세요.,좋음,13,좋음,23,보통,59.0,,호흡기가 예민하신 분들은 몸상태 유의하며 활동해주세요.,
2026-06-06T00:13:05.434418+09:00,동대문 관광특구,동대문 관광특구,POI002,KEY_3,2026-06-06 00:10,18.4,28.0,16.0,69,SE,1.8,-,없음,비 또는 눈 소식이 없어요.,05:11,19:50,0,낮음,햇볕에 민감한 분들은 자외선 차단제를 발라주세요.,좋음,15,좋음,22,보통,53.0,,호흡기가 예민하신 분들은 몸상태 유의하며 활동해주세요.,
2026-06-06T00:13:05.434418+09:00,명동 관광특구,명동 관광특구,POI003,KEY_4,2026-06-06 00:10,18.4,28.0,16.0,69,SE,1.8,-,없음,비 또는 눈 소식이 없어요.,05:11,19:50,0,낮음,햇볕에 민감한 분들은 자외선 차단제를 발라주세요.,좋음,13,좋음,27,보통,53.0,,호흡기가 예민하신 분들은 몸상태 유의하며 활동해주세요.,
2026-06-06T00:13:05.434418+09:00,이태원 관광특구,이태원 관광특구,POI004,KEY_1,2026-06-06 00:10,18.6,29.0,16.0,71,ESE,1.7,-,없음,비 또는 눈 소식이 없어요.,05:11,19:50,0,낮음,햇볕에 민감한 분들은 자외선 차단제를 발라주세요.,보통,16,보통,32,보통,56.0,,호흡기가 예민하신 분들은 몸상태 유의하며 활동해주세요.,
2026-06-06T00:13:05.434418+09:00,잠실 관광특구,잠실 관광특구,POI005,KEY_2,2026-06-06 00:10,20.1,29.0,16.0,65,SE,1.7,-,없음,비 또는 눈 소식이 없어요.,05:11,19:50,0,낮음,햇볕에 민감한 분들은 자외선 차단제를 발라주세요.,좋음,12,좋음,23,보통,56.0,,호흡기가 예민하신 분들은 몸상태 유의하며 활동해주세요.,
2026-06-06T00:13:05.434418+09:00,종로·청계 관광특구,종로·청계 관광특구,POI006,KEY_3,2026-06-06 00:10,18.4,28.0,16.0,69,SE,1.8,-,없음,비 또는 눈 소식이 없어요.,05:11,19:50,0,낮음,햇볕에 민감한 분들은 자외선 차단제를 발라주세요.,좋음,15,좋음,22,보통,53.0,,호흡기가 예민하신 분들은 몸상태 유의하며 활동해주세요.,
2026-06-06T00:13:05.434418+09:00,홍대 관광특구,홍대 관광특구,POI007,KEY_4,2026-06-06 00:10,18.9,29.0,16.0,77,SE,0.8,-,없음,비 또는 눈 소식이 없어요.,05:11,19:50,0,낮음,햇볕에 민감한 분들은 자외선 차단제를 발라주세요.,좋음,10,좋음,21,보통,56.0,,호흡기가 예민하신 분들은 몸상태 유의하며 활동해주세요.,
2026-06-06T00:13:05.434418+09:00,강서한강공원,강서한강공원,POI085,KEY_1,2026-06-06 00:10,19.1,29.0,15.0,71,SSE,1.2,-,없음,비 또는 눈 소식이 없어요.,05:11,19:50,0,낮음,햇볕에 민감한 분들은 자외선 차단제를 발라주세요.,좋음,9,좋음,22,보통,55.0,,호흡기가 예민하신 분들은 몸상태 유의하며 활동해주세요.,
2026-06-06T00:13:05.434418+09:00,고척돔,고척돔,POI086,KEY_2,2026-06-06 00:10,18.1,29.0,17.0,77,ESE,1.2,-,없음,비 또는 눈 소식이 없어요.,05:11,19:50,0,낮음,햇볕에 민감한 분들은 자외선 차단제를 발라주세요.,좋음,13,좋음,23,보통,66.0,,호흡기가 예민하신 분들은 몸상태 유의하며 활동해주세요.,
2026-06-06T00:13:05.434418+09:00,광나루한강공원,광나루한강공원,POI087,KEY_3,2026-06-06 00:10,20.1,29.0,16.0,65,SE,1.7,-,없음,비 또는 눈 소식이 없어요.,05:11,19:50,0,낮음,햇볕에 민감한 분들은 자외선 차단제를 발라주세요.,보통,16,좋음,27,보통,59.0,,호흡기가 예민하신 분들은 몸상태 유의하며 활동해주세요.,
2026-06-06T00:13:05.434418+09:00,광화문광장,광화문광장,POI088,KEY_4,2026-06-06 00:10,18.4,28.0,16.0,69,SE,1.8,-,없음,비 또는 눈 소식이 없어요.,05:11,19:50,0,낮음,햇볕에 민감한 분들은 자외선 차단제를 발라주세요.,좋음,15,좋음,22,보통,53.0,,호흡기가 예민하신 분들은 몸상태 유의하며 활동해주세요.,
2026-06-06T00:13:05.434418+09:00,국립중앙박물관·용산가족공원,국립중앙박물관·용산가족공원,POI089,KEY_1,2026-06-06 00:10,18.6,29.0,16.0,71,ESE,1.7,-,없음,비 또는 눈 소식이 없어요.,05:11,19:50,0,낮음,햇볕에 민감한 분들은 자외선 차단제를 발라주세요.,보통,16,보통,32,보통,56.0,,호흡기가 예민하신 분들은 몸상태 유의하며 활동해주세요.,
2026-06-06T00:13:05.434418+09:00,난지한강공원,난지한강공원,POI090,KEY_2,2026-06-06 00:10,19.1,29.0,15.0,71,SSE,1.2,-,없음,비 또는 눈 소식이 없어요.,05:11,19:50,0,낮음,햇볕에 민감한 분들은 자외선 차단제를 발라주세요.,좋음,9,좋음,22,보통,55.0,,호흡기가 예민하신 분들은 몸상태 유의하며 활동해주세요.,
2026-06-06T00:13:05.434418+09:00,남산공원,남산공원,POI091,KEY_3,2026-06-06 00:10,18.4,28.0,16.0,69,SE,1.8,-,없음,비 또는 눈 소식이 없어요.,05:11,19:50,0,낮음,햇볕에 민감한 분들은 자외선 차단제를 발라주세요.,좋음,13,좋음,27,보통,53.0,,호흡기가 예민하신 분들은 몸상태 유의하며 활동해주세요.,
2026-06-06T00:13:05.434418+09:00,노들섬,노들섬,POI092,KEY_4,2026-06-06 00:10,18.9,29.0,16.0,77,SE,0.8,-,없음,비 또는 눈 소식이 없어요.,05:11,19:50,0,낮음,햇볕에 민감한 분들은 자외선 차단제를 발라주세요.,보통,16,보통,32,보통,56.0,,호흡기가 예민하신 분들은 몸상태 유의하며 활동해주세요.,
2026-06-06T00:13:05.434418+09:00,뚝섬한강공원,뚝섬한강공원,POI093,KEY_1,2026-06-06 00:10,18.6,29.0,17.0,71,ESE,1.7,-,없음,비 또는 눈 소식이 없어요.,05:11,19:50,0,낮음,햇볕에 민감한 분들은 자외선 차단제를 발라주세요.,좋음,14,좋음,29,보통,59.0,,호흡기가 예민하신 분들은 몸상태 유의하며 활동해주세요.,
2026-06-06T00:13:05.434418+09:00,망원한강공원,망원한강공원,POI094,KEY_2,2026-06-06 00:10,18.9,29.0,16.0,77,SE,0.8,-,없음,비 또는 눈 소식이 없어요.,05:11,19:50,0,낮음,햇볕에 민감한 분들은 자외선 차단제를 발라주세요.,좋음,10,좋음,21,보통,56.0,,호흡기가 예민하신 분들은 몸상태 유의하며 활동해주세요.,
2026-06-06T00:13:05.434418+09:00,반포한강공원,반포한강공원,POI095,KEY_3,2026-06-06 00:10,18.6,29.0,16.0,71,ESE,1.7,-,없음,비 또는 눈 소식이 없어요.,05:11,19:50,0,낮음,햇볕에 민감한 분들은 자외선 차단제를 발라주세요.,보통,16,보통,32,보통,56.0,,호흡기가 예민하신 분들은 몸상태 유의하며 활동해주세요.,
2026-06-06T00:13:05.434418+09:00,보라매공원,보라매공원,POI123,KEY_4,2026-06-06 00:10,18.0,29.0,16.0,75,ESE,1.1,-,없음,비 또는 눈 소식이 없어요.,05:11,19:50,0,낮음,햇볕에 민감한 분들은 자외선 차단제를 발라주세요.,좋음,14,좋음,24,보통,64.0,,호흡기가 예민하신 분들은 몸상태 유의하며 활동해주세요.,
2026-06-06T00:13:05.434418+09:00,북서울꿈의숲,북서울꿈의숲,POI096,KEY_1,2026-06-06 00:10,17.8,28.0,15.0,70,SSE,1.1,-,없음,비 또는 눈 소식이 없어요.,05:11,19:50,0,낮음,햇볕에 민감한 분들은 자외선 차단제를 발라주세요.,좋음,13,좋음,18,보통,65.0,,호흡기가 예민하신 분들은 몸상태 유의하며 활동해주세요.,
2026-06-06T00:13:05.434418+09:00,서대문독립공원,서대문독립공원,POI124,KEY_2,2026-06-06 00:10,18.4,28.0,16.0,69,SE,1.8,-,없음,비 또는 눈 소식이 없어요.,05:11,19:50,0,낮음,햇볕에 민감한 분들은 자외선 차단제를 발라주세요.,좋음,15,좋음,22,보통,53.0,,호흡기가 예민하신 분들은 몸상태 유의하며 활동해주세요.,
2026-06-06T00:13:05.434418+09:00,서리풀공원·몽마르뜨공원,서리풀공원·몽마르뜨공원,POI098,KEY_3,2026-06-06 00:10,16.4,29.0,15.0,86,ESE,0.3,-,없음,비 또는 눈 소식이 없어요.,05:11,19:50,0,낮음,햇볕에 민감한 분들은 자외선 차단제를 발라주세요.,좋음,11,좋음,23,보통,60.0,,호흡기가 예민하신 분들은 몸상태 유의하며 활동해주세요.,
2026-06-06T00:13:05.434418+09:00,서울숲공원,서울숲공원,POI101,KEY_1,2026-06-06 00:10,18.6,29.0,17.0,71,ESE,1.7,-,없음,비 또는 눈 소식이 없어요.,05:11,19:50,0,낮음,햇볕에 민감한 분들은 자외선 차단제를 발라주세요.,보통,16,좋음,24,보통,57.0,,호흡기가 예민하신 분들은 몸상태 유의하며 활동해주세요.,
2026-06-06T00:13:05.434418+09:00,송현녹지광장,송현녹지광장,POI129,KEY_2,2026-06-06 00:10,18.4,28.0,16.0,69,SE,1.8,-,없음,비 또는 눈 소식이 없어요.,05:11,19:50,0,낮음,햇볕에 민감한 분들은 자외선 차단제를 발라주세요.,좋음,15,좋음,22,보통,53.0,,호흡기가 예민하신 분들은 몸상태 유의하며 활동해주세요.,
2026-06-06T00:13:05.434418+09:00,아차산,아차산,POI102,KEY_3,2026-06-06 00:10,19.7,29.0,16.0,64,E,1.0,-,없음,비 또는 눈 소식이 없어요.,05:11,19:50,0,낮음,햇볕에 민감한 분들은 자외선 차단제를 발라주세요.,좋음,14,좋음,29,보통,59.0,,호흡기가 예민하신 분들은 몸상태 유의하며 활동해주세요.,
2026-06-06T00:13:05.434418+09:00,안양천,안양천,POI125,KEY_4,2026-06-06 00:10,18.1,29.0,16.0,79,ENE,1.0,-,없음,비 또는 눈 소식이 없어요.,05:11,19:50,0,낮음,햇볕에 민감한 분들은 자외선 차단제를 발라주세요.,좋음,13,좋음,23,보통,56.0,,호흡기가 예민하신 분들은 몸상태 유의하며 활동해주세요.,
2026-06-06T00:13:05.434418+09:00,양화한강공원,양화한강공원,POI103,KEY_1,2026-06-06 00:10,18.1,29.0,16.0,79,ENE,1.0,-,없음,비 또는 눈 소식이 없어요.,05:11,19:50,0,낮음,햇볕에 민감한 분들은 자외선 차단제를 발라주세요.,좋음,15,좋음,20,보통,58.0,,호흡기가 예민하신 분들은 몸상태 유의하며 활동해주세요.,
2026-06-06T00:13:05.434418+09:00,어린이대공원,어린이대공원,POI104,KEY_2,2026-06-06 00:10,20.1,29.0,16.0,65,SE,1.7,-,없음,비 또는 눈 소식이 없어요.,05:11,19:50,0,낮음,햇볕에 민감한 분들은 자외선 차단제를 발라주세요.,좋음,14,좋음,29,보통,59.0,,호흡기가 예민하신 분들은 몸상태 유의하며 활동해주세요.,
2026-06-06T00:13:05.434418+09:00,여의도한강공원,여의도한강공원,POI105,KEY_3,2026-06-06 00:10,18.9,29.0,16.0,77,SE,0.8,-,없음,비 또는 눈 소식이 없어요.,05:11,19:50,0,낮음,햇볕에 민감한 분들은 자외선 차단제를 발라주세요.,좋음,15,좋음,20,보통,58.0,,호흡기가 예민하신 분들은 몸상태 유의하며 활동해주세요.,
2026-06-06T00:13:05.434418+09:00,여의서로,여의서로,POI126,KEY_4,2026-06-06 00:10,18.9,29.0,16.0,77,SE,0.8,-,없음,비 또는 눈 소식이 없어요.,05:11,19:50,0,낮음,햇볕에 민감한 분들은 자외선 차단제를 발라주세요.,좋음,15,좋음,20,보통,58.0,,호흡기가 예민하신 분들은 몸상태 유의하며 활동해주세요.,
2026-06-06T00:13:05.434418+09:00,올림픽공원,올림픽공원,POI127,KEY_1,2026-06-06 00:10,20.1,29.0,16.0,65,SE,1.7,-,없음,비 또는 눈 소식이 없어요.,05:11,19:50,0,낮음,햇볕에 민감한 분들은 자외선 차단제를 발라주세요.,좋음,12,좋음,23,보통,56.0,,호흡기가 예민하신 분들은 몸상태 유의하며 활동해주세요.,
2026-06-06T00:13:05.434418+09:00,월드컵공원,월드컵공원,POI106,KEY_2,2026-06-06 00:10,19.1,29.0,15.0,71,SSE,1.2,-,없음,비 또는 눈 소식이 없어요.,05:11,19:50,0,낮음,햇볕에 민감한 분들은 자외선 차단제를 발라주세요.,좋음,10,좋음,21,보통,56.0,,호흡기가 예민하신 분들은 몸상태 유의하며 활동해주세요.,
2026-06-06T00:13:05.434418+09:00,응봉산,응봉산,POI107,KEY_3,2026-06-06 00:10,18.6,29.0,17.0,71,ESE,1.7,-,없음,비 또는 눈 소식이 없어요.,05:11,19:50,0,낮음,햇볕에 민감한 분들은 자외선 차단제를 발라주세요.,보통,16,좋음,24,보통,57.0,,호흡기가 예민하신 분들은 몸상태 유의하며 활동해주세요.,
2026-06-06T00:13:05.434418+09:00,이촌한강공원,이촌한강공원,POI108,KEY_4,2026-06-06 00:10,18.6,29.0,16.0,71,ESE,1.7,-,없음,비 또는 눈 소식이 없어요.,05:11,19:50,0,낮음,햇볕에 민감한 분들은 자외선 차단제를 발라주세요.,보통,16,보통,32,보통,56.0,,호흡기가 예민하신 분들은 몸상태 유의하며 활동해주세요.,
2026-06-06T00:13:05.434418+09:00,잠실종합운동장,잠실종합운동장,POI109,KEY_1,2026-06-06 00:10,18.7,29.0,16.0,70,NNE,0.2,-,없음,비 또는 눈 소식이 없어요.,05:11,19:50,0,낮음,햇볕에 민감한 분들은 자외선 차단제를 발라주세요.,좋음,12,좋음,23,보통,56.0,,호흡기가 예민하신 분들은 몸상태 유의하며 활동해주세요.,
2026-06-06T00:13:05.434418+09:00,잠실한강공원,잠실한강공원,POI110,KEY_2,2026-06-06 00:10,20.1,29.0,16.0,65,SE,1.7,-,없음,비 또는 눈 소식이 없어요.,05:11,19:50,0,낮음,햇볕에 민감한 분들은 자외선 차단제를 발라주세요.,좋음,14,좋음,29,보통,59.0,,호흡기가 예민하신 분들은 몸상태 유의하며 활동해주세요.,
2026-06-06T00:13:05.434418+09:00,잠원한강공원,잠원한강공원,POI111,KEY_3,2026-06-06 00:10,18.6,29.0,17.0,71,ESE,1.7,-,없음,비 또는 눈 소식이 없어요.,05:11,19:50,0,낮음,햇볕에 민감한 분들은 자외선 차단제를 발라주세요.,좋음,13,좋음,23,보통,59.0,,호흡기가 예민하신 분들은 몸상태 유의하며 활동해주세요.,
2026-06-06T00:13:05.434418+09:00,청계산,청계산,POI112,KEY_4,2026-06-06 00:10,14.8,28.0,15.0,89,N,0.3,-,없음,비 또는 눈 소식이 없어요.,05:11,19:50,0,낮음,햇볕에 민감한 분들은 자외선 차단제를 발라주세요.,좋음,11,좋음,23,보통,60.0,,호흡기가 예민하신 분들은 몸상태 유의하며 활동해주세요.,
2026-06-06T00:13:05.434418+09:00,홍제폭포,홍제폭포,POI128,KEY_1,2026-06-06 00:10,16.3,28.0,15.0,82,N,0.4,-,없음,비 또는 눈 소식이 없어요.,05:11,19:50,0,낮음,햇볕에 민감한 분들은 자외선 차단제를 발라주세요.,좋음,12,좋음,22,보통,58.0,,호흡기가 예민하신 분들은 몸상태 유의하며 활동해주세요.,
2026-06-06T00:13:05.434418+09:00,가락시장,가락시장,POI058,KEY_2,2026-06-06 00:10,18.7,29.0,16.0,70,NNE,0.2,-,없음,비 또는 눈 소식이 없어요.,05:11,19:50,0,낮음,햇볕에 민감한 분들은 자외선 차단제를 발라주세요.,좋음,12,좋음,23,보통,56.0,,호흡기가 예민하신 분들은 몸상태 유의하며 활동해주세요.,
2026-06-06T00:13:05.434418+09:00,가로수길,가로수길,POI059,KEY_3,2026-06-06 00:10,18.6,29.0,17.0,71,ESE,1.7,-,없음,비 또는 눈 소식이 없어요.,05:11,19:50,0,낮음,햇볕에 민감한 분들은 자외선 차단제를 발라주세요.,좋음,13,좋음,23,보통,59.0,,호흡기가 예민하신 분들은 몸상태 유의하며 활동해주세요.,
2026-06-06T00:13:05.434418+09:00,광장(전통)시장,광장(전통)시장,POI060,KEY_4,2026-06-06 00:10,18.4,28.0,16.0,69,SE,1.8,-,없음,비 또는 눈 소식이 없어요.,05:11,19:50,0,낮음,햇볕에 민감한 분들은 자외선 차단제를 발라주세요.,좋음,15,좋음,22,보통,53.0,,호흡기가 예민하신 분들은 몸상태 유의하며 활동해주세요.,
2026-06-06T00:13:05.434418+09:00,김포공항,김포공항,POI061,KEY_1,2026-06-06 00:10,19.1,29.0,15.0,71,SSE,1.2,-,없음,비 또는 눈 소식이 없어요.,05:11,19:50,0,낮음,햇볕에 민감한 분들은 자외선 차단제를 발라주세요.,좋음,9,좋음,22,보통,55.0,,호흡기가 예민하신 분들은 몸상태 유의하며 활동해주세요.,
2026-06-06T00:13:05.434418+09:00,남대문시장,남대문시장,POI115,KEY_2,2026-06-06 00:10,18.4,28.0,16.0,69,SE,1.8,-,없음,비 또는 눈 소식이 없어요.,05:11,19:50,0,낮음,햇볕에 민감한 분들은 자외선 차단제를 발라주세요.,좋음,13,좋음,27,보통,53.0,,호흡기가 예민하신 분들은 몸상태 유의하며 활동해주세요.,
2026-06-06T00:13:05.434418+09:00,노량진,노량진,POI063,KEY_3,2026-06-06 00:10,18.0,29.0,16.0,75,ESE,1.1,-,없음,비 또는 눈 소식이 없어요.,05:11,19:50,0,낮음,햇볕에 민감한 분들은 자외선 차단제를 발라주세요.,좋음,14,좋음,24,보통,64.0,,호흡기가 예민하신 분들은 몸상태 유의하며 활동해주세요.,
2026-06-06T00:13:05.434418+09:00,덕수궁길·정동길,덕수궁길·정동길,POI064,KEY_4,2026-06-06 00:10,18.4,28.0,16.0,69,SE,1.8,-,없음,비 또는 눈 소식이 없어요.,05:11,19:50,0,낮음,햇볕에 민감한 분들은 자외선 차단제를 발라주세요.,좋음,15,좋음,22,보통,53.0,,호흡기가 예민하신 분들은 몸상태 유의하며 활동해주세요.,
2026-06-06T00:13:05.434418+09:00,북창동 먹자골목,북창동 먹자골목,POI114,KEY_1,2026-06-06 00:10,18.4,28.0,16.0,69,SE,1.8,-,없음,비 또는 눈 소식이 없어요.,05:11,19:50,0,낮음,햇볕에 민감한 분들은 자외선 차단제를 발라주세요.,좋음,13,좋음,27,보통,53.0,,호흡기가 예민하신 분들은 몸상태 유의하며 활동해주세요.,
2026-06-06T00:13:05.434418+09:00,북촌한옥마을,북촌한옥마을,POI066,KEY_2,2026-06-06 00:10,18.4,28.0,16.0,69,SE,1.8,-,없음,비 또는 눈 소식이 없어요.,05:11,19:50,0,낮음,햇볕에 민감한 분들은 자외선 차단제를 발라주세요.,좋음,15,좋음,22,보통,53.0,,호흡기가 예민하신 분들은 몸상태 유의하며 활동해주세요.,
2026-06-06T00:13:05.434418+09:00,서촌,서촌,POI067,KEY_3,2026-06-06 00:10,18.4,28.0,16.0,69,SE,1.8,-,없음,비 또는 눈 소식이 없어요.,05:11,19:50,0,낮음,햇볕에 민감한 분들은 자외선 차단제를 발라주세요.,좋음,15,좋음,22,보통,53.0,,호흡기가 예민하신 분들은 몸상태 유의하며 활동해주세요.,
2026-06-06T00:13:05.434418+09:00,성수카페거리,성수카페거리,POI068,KEY_4,2026-06-06 00:10,18.6,29.0,17.0,71,ESE,1.7,-,없음,비 또는 눈 소식이 없어요.,05:11,19:50,0,낮음,햇볕에 민감한 분들은 자외선 차단제를 발라주세요.,보통,16,좋음,24,보통,57.0,,호흡기가 예민하신 분들은 몸상태 유의하며 활동해주세요.,
2026-06-06T00:13:05.434418+09:00,송리단길·호수단길,송리단길·호수단길,POI121,KEY_1,2026-06-06 00:10,18.7,29.0,16.0,70,NNE,0.2,-,없음,비 또는 눈 소식이 없어요.,05:11,19:50,0,낮음,햇볕에 민감한 분들은 자외선 차단제를 발라주세요.,좋음,12,좋음,23,보통,56.0,,호흡기가 예민하신 분들은 몸상태 유의하며 활동해주세요.,
2026-06-06T00:13:05.434418+09:00,신촌 스타광장,신촌 스타광장,POI122,KEY_2,2026-06-06 00:10,18.9,29.0,16.0,77,SE,0.8,-,없음,비 또는 눈 소식이 없어요.,05:11,19:50,0,낮음,햇볕에 민감한 분들은 자외선 차단제를 발라주세요.,좋음,12,좋음,22,보통,58.0,,호흡기가 예민하신 분들은 몸상태 유의하며 활동해주세요.,
2026-06-06T00:13:05.434418+09:00,압구정로데오거리,압구정로데오거리,POI071,KEY_3,2026-06-06 00:10,18.6,29.0,17.0,71,ESE,1.7,-,없음,비 또는 눈 소식이 없어요.,05:11,19:50,0,낮음,햇볕에 민감한 분들은 자외선 차단제를 발라주세요.,좋음,13,좋음,23,보통,59.0,,호흡기가 예민하신 분들은 몸상태 유의하며 활동해주세요.,
2026-06-06T00:13:05.434418+09:00,여의도,여의도,POI072,KEY_4,2026-06-06 00:10,18.9,29.0,16.0,77,SE,0.8,-,없음,비 또는 눈 소식이 없어요.,05:11,19:50,0,낮음,햇볕에 민감한 분들은 자외선 차단제를 발라주세요.,좋음,15,좋음,20,보통,58.0,,호흡기가 예민하신 분들은 몸상태 유의하며 활동해주세요.,
2026-06-06T00:13:05.434418+09:00,연남동,연남동,POI073,KEY_1,2026-06-06 00:10,16.3,28.0,15.0,82,N,0.4,-,없음,비 또는 눈 소식이 없어요.,05:11,19:50,0,낮음,햇볕에 민감한 분들은 자외선 차단제를 발라주세요.,좋음,10,좋음,21,보통,56.0,,호흡기가 예민하신 분들은 몸상태 유의하며 활동해주세요.,
2026-06-06T00:13:05.434418+09:00,영등포 타임스퀘어,영등포 타임스퀘어,POI074,KEY_2,2026-06-06 00:10,18.9,29.0,16.0,77,SE,0.8,-,없음,비 또는 눈 소식이 없어요.,05:11,19:50,0,낮음,햇볕에 민감한 분들은 자외선 차단제를 발라주세요.,좋음,15,좋음,20,보통,58.0,,호흡기가 예민하신 분들은 몸상태 유의하며 활동해주세요.,
2026-06-06T00:13:05.434418+09:00,용리단길,용리단길,POI076,KEY_3,2026-06-06 00:10,18.6,29.0,16.0,71,ESE,1.7,-,없음,비 또는 눈 소식이 없어요.,05:11,19:50,0,낮음,햇볕에 민감한 분들은 자외선 차단제를 발라주세요.,보통,16,보통,32,보통,56.0,,호흡기가 예민하신 분들은 몸상태 유의하며 활동해주세요.,
2026-06-06T00:13:05.434418+09:00,이태원 앤틱가구거리,이태원 앤틱가구거리,POI077,KEY_4,2026-06-06 00:10,18.6,29.0,16.0,71,ESE,1.7,-,없음,비 또는 눈 소식이 없어요.,05:11,19:50,0,낮음,햇볕에 민감한 분들은 자외선 차단제를 발라주세요.,보통,16,보통,32,보통,56.0,,호흡기가 예민하신 분들은 몸상태 유의하며 활동해주세요.,
2026-06-06T00:13:05.434418+09:00,익선동,익선동,POI116,KEY_1,2026-06-06 00:10,18.4,28.0,16.0,69,SE,1.8,-,없음,비 또는 눈 소식이 없어요.,05:11,19:50,0,낮음,햇볕에 민감한 분들은 자외선 차단제를 발라주세요.,좋음,15,좋음,22,보통,53.0,,호흡기가 예민하신 분들은 몸상태 유의하며 활동해주세요.,
2026-06-06T00:13:05.434418+09:00,인사동,인사동,POI078,KEY_2,2026-06-06 00:10,18.4,28.0,16.0,69,SE,1.8,-,없음,비 또는 눈 소식이 없어요.,05:11,19:50,0,낮음,햇볕에 민감한 분들은 자외선 차단제를 발라주세요.,좋음,15,좋음,22,보통,53.0,,호흡기가 예민하신 분들은 몸상태 유의하며 활동해주세요.,
2026-06-06T00:13:05.434418+09:00,잠실롯데타워·석촌호수,잠실롯데타워·석촌호수,POI120,KEY_3,2026-06-06 00:10,20.1,29.0,16.0,65,SE,1.7,-,없음,비 또는 눈 소식이 없어요.,05:11,19:50,0,낮음,햇볕에 민감한 분들은 자외선 차단제를 발라주세요.,좋음,12,좋음,23,보통,56.0,,호흡기가 예민하신 분들은 몸상태 유의하며 활동해주세요.,
2026-06-06T00:13:05.434418+09:00,창동 신경제 중심지,창동 신경제 중심지,POI079,KEY_4,2026-06-06 00:10,19.1,28.0,14.0,69,SE,0.6,-,없음,비 또는 눈 소식이 없어요.,05:11,19:50,0,낮음,햇볕에 민감한 분들은 자외선 차단제를 발라주세요.,좋음,12,좋음,24,보통,60.0,,호흡기가 예민하신 분들은 몸상태 유의하며 활동해주세요.,
2026-06-06T00:13:05.434418+09:00,청담동 명품거리,청담동 명품거리,POI080,KEY_1,2026-06-06 00:10,18.6,29.0,17.0,71,ESE,1.7,-,없음,비 또는 눈 소식이 없어요.,05:11,19:50,0,낮음,햇볕에 민감한 분들은 자외선 차단제를 발라주세요.,좋음,13,좋음,23,보통,59.0,,호흡기가 예민하신 분들은 몸상태 유의하며 활동해주세요.,
2026-06-06T00:13:05.434418+09:00,청량리 제기동 일대 전통시장,청량리 제기동 일대 전통시장,POI081,KEY_2,2026-06-06 00:10,20.0,29.0,17.0,63,SE,1.4,-,없음,비 또는 눈 소식이 없어요.,05:11,19:50,0,낮음,햇볕에 민감한 분들은 자외선 차단제를 발라주세요.,좋음,12,좋음,22,보통,56.0,,호흡기가 예민하신 분들은 몸상태 유의하며 활동해주세요.,
2026-06-06T00:13:05.434418+09:00,해방촌·경리단길,해방촌·경리단길,POI082,KEY_3,2026-06-06 00:10,18.6,29.0,16.0,71,ESE,1.7,-,없음,비 또는 눈 소식이 없어요.,05:11,19:50,0,낮음,햇볕에 민감한 분들은 자외선 차단제를 발라주세요.,보통,16,보통,32,보통,56.0,,호흡기가 예민하신 분들은 몸상태 유의하며 활동해주세요.,
2026-06-06T00:13:05.434418+09:00,DDP(동대문디자인플라자),DDP(동대문디자인플라자),POI083,KEY_4,2026-06-06 00:10,18.4,28.0,16.0,69,SE,1.8,-,없음,비 또는 눈 소식이 없어요.,05:11,19:50,0,낮음,햇볕에 민감한 분들은 자외선 차단제를 발라주세요.,좋음,15,좋음,22,보통,53.0,,호흡기가 예민하신 분들은 몸상태 유의하며 활동해주세요.,
2026-06-06T00:13:05.434418+09:00,DMC(디지털미디어시티),DMC(디지털미디어시티),POI084,KEY_1,2026-06-06 00:10,19.1,29.0,15.0,71,SSE,1.2,-,없음,비 또는 눈 소식이 없어요.,05:11,19:50,0,낮음,햇볕에 민감한 분들은 자외선 차단제를 발라주세요.,좋음,10,좋음,21,보통,56.0,,호흡기가 예민하신 분들은 몸상태 유의하며 활동해주세요.,
2026-06-06T00:13:05.434418+09:00,강남역,강남역,POI014,KEY_3,2026-06-06 00:10,17.5,29.0,16.0,72,E,0.9,-,없음,비 또는 눈 소식이 없어요.,05:11,19:50,0,낮음,햇볕에 민감한 분들은 자외선 차단제를 발라주세요.,좋음,11,좋음,23,보통,60.0,,호흡기가 예민하신 분들은 몸상태 유의하며 활동해주세요.,
2026-06-06T00:13:05.434418+09:00,건대입구역,건대입구역,POI015,KEY_4,2026-06-06 00:10,18.6,29.0,17.0,71,ESE,1.7,-,없음,비 또는 눈 소식이 없어요.,05:11,19:50,0,낮음,햇볕에 민감한 분들은 자외선 차단제를 발라주세요.,좋음,14,좋음,29,보통,59.0,,호흡기가 예민하신 분들은 몸상태 유의하며 활동해주세요.,
2026-06-06T00:13:05.434418+09:00,고덕역,고덕역,POI016,KEY_1,2026-06-06 00:10,17.6,28.0,15.0,72,SE,0.3,-,없음,비 또는 눈 소식이 없어요.,05:11,19:50,0,낮음,햇볕에 민감한 분들은 자외선 차단제를 발라주세요.,보통,16,좋음,27,보통,59.0,,호흡기가 예민하신 분들은 몸상태 유의하며 활동해주세요.,
2026-06-06T00:13:05.434418+09:00,고속터미널역,고속터미널역,POI017,KEY_2,2026-06-06 00:10,16.4,29.0,15.0,86,ESE,0.3,-,없음,비 또는 눈 소식이 없어요.,05:11,19:50,0,낮음,햇볕에 민감한 분들은 자외선 차단제를 발라주세요.,좋음,11,좋음,23,보통,60.0,,호흡기가 예민하신 분들은 몸상태 유의하며 활동해주세요.,
2026-06-06T00:13:05.434418+09:00,교대역,교대역,POI018,KEY_3,2026-06-06 00:10,17.5,29.0,16.0,72,E,0.9,-,없음,비 또는 눈 소식이 없어요.,05:11,19:50,0,낮음,햇볕에 민감한 분들은 자외선 차단제를 발라주세요.,좋음,11,좋음,23,보통,60.0,,호흡기가 예민하신 분들은 몸상태 유의하며 활동해주세요.,
2026-06-06T00:13:05.434418+09:00,구로디지털단지역,구로디지털단지역,POI019,KEY_4,2026-06-06 00:10,18.1,29.0,17.0,77,ESE,1.2,-,없음,비 또는 눈 소식이 없어요.,05:11,19:50,0,낮음,햇볕에 민감한 분들은 자외선 차단제를 발라주세요.,좋음,13,좋음,23,보통,66.0,,호흡기가 예민하신 분들은 몸상태 유의하며 활동해주세요.,
2026-06-06T00:13:05.434418+09:00,구로역,구로역,POI020,KEY_1,2026-06-06 00:10,18.1,29.0,17.0,77,ESE,1.2,-,없음,비 또는 눈 소식이 없어요.,05:11,19:50,0,낮음,햇볕에 민감한 분들은 자외선 차단제를 발라주세요.,좋음,13,좋음,23,보통,66.0,,호흡기가 예민하신 분들은 몸상태 유의하며 활동해주세요.,
2026-06-06T00:13:05.434418+09:00,군자역,군자역,POI021,KEY_2,2026-06-06 00:10,19.7,29.0,16.0,64,E,1.0,-,없음,비 또는 눈 소식이 없어요.,05:11,19:50,0,낮음,햇볕에 민감한 분들은 자외선 차단제를 발라주세요.,좋음,14,좋음,29,보통,59.0,,호흡기가 예민하신 분들은 몸상태 유의하며 활동해주세요.,
2026-06-06T00:13:05.434418+09:00,대림역,대림역,POI023,KEY_3,2026-06-06 00:10,18.1,29.0,17.0,77,ESE,1.2,-,없음,비 또는 눈 소식이 없어요.,05:11,19:50,0,낮음,햇볕에 민감한 분들은 자외선 차단제를 발라주세요.,좋음,15,좋음,20,보통,58.0,,호흡기가 예민하신 분들은 몸상태 유의하며 활동해주세요.,
2026-06-06T00:13:05.434418+09:00,동대문역,동대문역,POI024,KEY_4,2026-06-06 00:10,18.4,28.0,16.0,69,SE,1.8,-,없음,비 또는 눈 소식이 없어요.,05:11,19:50,0,낮음,햇볕에 민감한 분들은 자외선 차단제를 발라주세요.,좋음,15,좋음,22,보통,53.0,,호흡기가 예민하신 분들은 몸상태 유의하며 활동해주세요.,
2026-06-06T00:13:05.434418+09:00,뚝섬역,뚝섬역,POI025,KEY_1,2026-06-06 00:10,18.6,29.0,17.0,71,ESE,1.7,-,없음,비 또는 눈 소식이 없어요.,05:11,19:50,0,낮음,햇볕에 민감한 분들은 자외선 차단제를 발라주세요.,보통,16,좋음,24,보통,57.0,,호흡기가 예민하신 분들은 몸상태 유의하며 활동해주세요.,
2026-06-06T00:13:05.434418+09:00,미아사거리역,미아사거리역,POI026,KEY_2,2026-06-06 00:10,17.8,28.0,15.0,70,SSE,1.1,-,없음,비 또는 눈 소식이 없어요.,05:11,19:50,0,낮음,햇볕에 민감한 분들은 자외선 차단제를 발라주세요.,좋음,13,좋음,18,보통,65.0,,호흡기가 예민하신 분들은 몸상태 유의하며 활동해주세요.,
2026-06-06T00:13:05.434418+09:00,발산역,발산역,POI027,KEY_3,2026-06-06 00:10,19.1,29.0,15.0,71,SSE,1.2,-,없음,비 또는 눈 소식이 없어요.,05:11,19:50,0,낮음,햇볕에 민감한 분들은 자외선 차단제를 발라주세요.,좋음,9,좋음,22,보통,55.0,,호흡기가 예민하신 분들은 몸상태 유의하며 활동해주세요.,
2026-06-06T00:13:05.434418+09:00,사당역,사당역,POI029,KEY_4,2026-06-06 00:10,16.4,29.0,15.0,86,ESE,0.3,-,없음,비 또는 눈 소식이 없어요.,05:11,19:50,0,낮음,햇볕에 민감한 분들은 자외선 차단제를 발라주세요.,좋음,11,좋음,23,보통,60.0,,호흡기가 예민하신 분들은 몸상태 유의하며 활동해주세요.,
2026-06-06T00:13:05.434418+09:00,삼각지역,삼각지역,POI030,KEY_1,2026-06-06 00:10,18.6,29.0,16.0,71,ESE,1.7,-,없음,비 또는 눈 소식이 없어요.,05:11,19:50,0,낮음,햇볕에 민감한 분들은 자외선 차단제를 발라주세요.,보통,16,보통,32,보통,56.0,,호흡기가 예민하신 분들은 몸상태 유의하며 활동해주세요.,
2026-06-06T00:13:05.434418+09:00,서울대입구역,서울대입구역,POI031,KEY_2,2026-06-06 00:10,18.0,29.0,16.0,75,ESE,1.1,-,없음,비 또는 눈 소식이 없어요.,05:11,19:50,0,낮음,햇볕에 민감한 분들은 자외선 차단제를 발라주세요.,좋음,11,좋음,26,보통,59.0,,호흡기가 예민하신 분들은 몸상태 유의하며 활동해주세요.,
2026-06-06T00:13:05.434418+09:00,서울식물원·마곡나루역,서울식물원·마곡나루역,POI032,KEY_3,2026-06-06 00:10,19.1,29.0,15.0,71,SSE,1.2,-,없음,비 또는 눈 소식이 없어요.,05:11,19:50,0,낮음,햇볕에 민감한 분들은 자외선 차단제를 발라주세요.,좋음,9,좋음,22,보통,55.0,,호흡기가 예민하신 분들은 몸상태 유의하며 활동해주세요.,
2026-06-06T00:13:05.434418+09:00,서울역,서울역,POI033,KEY_4,2026-06-06 00:10,18.4,28.0,16.0,69,SE,1.8,-,없음,비 또는 눈 소식이 없어요.,05:11,19:50,0,낮음,햇볕에 민감한 분들은 자외선 차단제를 발라주세요.,좋음,13,좋음,27,보통,53.0,,호흡기가 예민하신 분들은 몸상태 유의하며 활동해주세요.,
2026-06-06T00:13:05.434418+09:00,선릉역,선릉역,POI034,KEY_1,2026-06-06 00:10,17.5,29.0,16.0,72,E,0.9,-,없음,비 또는 눈 소식이 없어요.,05:11,19:50,0,낮음,햇볕에 민감한 분들은 자외선 차단제를 발라주세요.,좋음,13,좋음,23,보통,59.0,,호흡기가 예민하신 분들은 몸상태 유의하며 활동해주세요.,
2026-06-06T00:13:05.434418+09:00,성신여대입구역,성신여대입구역,POI035,KEY_2,2026-06-06 00:10,18.4,28.0,16.0,69,SE,1.8,-,없음,비 또는 눈 소식이 없어요.,05:11,19:50,0,낮음,햇볕에 민감한 분들은 자외선 차단제를 발라주세요.,좋음,9,좋음,22,보통,57.0,,호흡기가 예민하신 분들은 몸상태 유의하며 활동해주세요.,
2026-06-06T00:13:05.434418+09:00,수유역,수유역,POI036,KEY_3,2026-06-06 00:10,17.8,28.0,15.0,70,SSE,1.1,-,없음,비 또는 눈 소식이 없어요.,05:11,19:50,0,낮음,햇볕에 민감한 분들은 자외선 차단제를 발라주세요.,좋음,13,좋음,18,보통,65.0,,호흡기가 예민하신 분들은 몸상태 유의하며 활동해주세요.,
2026-06-06T00:13:05.434418+09:00,숭례문,숭례문,POI131,KEY_4,2026-06-06 00:10,18.4,28.0,16.0,69,SE,1.8,-,없음,비 또는 눈 소식이 없어요.,05:11,19:50,0,낮음,햇볕에 민감한 분들은 자외선 차단제를 발라주세요.,좋음,13,좋음,27,보통,53.0,,호흡기가 예민하신 분들은 몸상태 유의하며 활동해주세요.,
2026-06-06T00:13:05.434418+09:00,시의회 앞,시의회 앞,POI130,KEY_1,2026-06-06 00:10,18.4,28.0,16.0,69,SE,1.8,-,없음,비 또는 눈 소식이 없어요.,05:11,19:50,0,낮음,햇볕에 민감한 분들은 자외선 차단제를 발라주세요.,좋음,13,좋음,27,보통,53.0,,호흡기가 예민하신 분들은 몸상태 유의하며 활동해주세요.,
2026-06-06T00:13:05.434418+09:00,신논현역·논현역,신논현역·논현역,POI037,KEY_2,2026-06-06 00:10,17.5,29.0,16.0,72,E,0.9,-,없음,비 또는 눈 소식이 없어요.,05:11,19:50,0,낮음,햇볕에 민감한 분들은 자외선 차단제를 발라주세요.,좋음,13,좋음,23,보통,59.0,,호흡기가 예민하신 분들은 몸상태 유의하며 활동해주세요.,
2026-06-06T00:13:05.434418+09:00,신도림역,신도림역,POI038,KEY_3,2026-06-06 00:10,18.0,29.0,16.0,75,ESE,1.1,-,없음,비 또는 눈 소식이 없어요.,05:11,19:50,0,낮음,햇볕에 민감한 분들은 자외선 차단제를 발라주세요.,좋음,15,좋음,20,보통,58.0,,호흡기가 예민하신 분들은 몸상태 유의하며 활동해주세요.,
2026-06-06T00:13:05.434418+09:00,신림역,신림역,POI039,KEY_4,2026-06-06 00:10,18.0,29.0,16.0,75,ESE,1.1,-,없음,비 또는 눈 소식이 없어요.,05:11,19:50,0,낮음,햇볕에 민감한 분들은 자외선 차단제를 발라주세요.,좋음,11,좋음,26,보통,59.0,,호흡기가 예민하신 분들은 몸상태 유의하며 활동해주세요.,
2026-06-06T00:13:05.434418+09:00,신정네거리역,신정네거리역,POI117,KEY_1,2026-06-06 00:10,18.1,29.0,16.0,79,ENE,1.0,-,없음,비 또는 눈 소식이 없어요.,05:11,19:50,0,낮음,햇볕에 민감한 분들은 자외선 차단제를 발라주세요.,좋음,13,좋음,23,보통,56.0,,호흡기가 예민하신 분들은 몸상태 유의하며 활동해주세요.,
2026-06-06T00:13:05.434418+09:00,신촌·이대역,신촌·이대역,POI040,KEY_2,2026-06-06 00:10,18.9,29.0,16.0,77,SE,0.8,-,없음,비 또는 눈 소식이 없어요.,05:11,19:50,0,낮음,햇볕에 민감한 분들은 자외선 차단제를 발라주세요.,좋음,12,좋음,22,보통,58.0,,호흡기가 예민하신 분들은 몸상태 유의하며 활동해주세요.,
2026-06-06T00:13:05.434418+09:00,쌍문역,쌍문역,POI070,KEY_3,2026-06-06 00:10,17.8,28.0,15.0,70,SSE,1.1,-,없음,비 또는 눈 소식이 없어요.,05:11,19:50,0,낮음,햇볕에 민감한 분들은 자외선 차단제를 발라주세요.,좋음,12,좋음,25,보통,64.0,,호흡기가 예민하신 분들은 몸상태 유의하며 활동해주세요.,
2026-06-06T00:13:05.434418+09:00,양재역,양재역,POI041,KEY_4,2026-06-06 00:10,17.5,29.0,16.0,72,E,0.9,-,없음,비 또는 눈 소식이 없어요.,05:11,19:50,0,낮음,햇볕에 민감한 분들은 자외선 차단제를 발라주세요.,좋음,11,좋음,23,보통,60.0,,호흡기가 예민하신 분들은 몸상태 유의하며 활동해주세요.,
2026-06-06T00:13:05.434418+09:00,역삼역,역삼역,POI042,KEY_1,2026-06-06 00:10,17.5,29.0,16.0,72,E,0.9,-,없음,비 또는 눈 소식이 없어요.,05:11,19:50,0,낮음,햇볕에 민감한 분들은 자외선 차단제를 발라주세요.,좋음,13,좋음,23,보통,59.0,,호흡기가 예민하신 분들은 몸상태 유의하며 활동해주세요.,
2026-06-06T00:13:05.434418+09:00,연신내역,연신내역,POI043,KEY_2,2026-06-06 00:10,14.0,28.0,13.0,88,SE,0.1,-,없음,비 또는 눈 소식이 없어요.,05:11,19:50,0,낮음,햇볕에 민감한 분들은 자외선 차단제를 발라주세요.,좋음,12,좋음,19,보통,52.0,,호흡기가 예민하신 분들은 몸상태 유의하며 활동해주세요.,
2026-06-06T00:13:05.434418+09:00,오목교역·목동운동장,오목교역·목동운동장,POI044,KEY_3,2026-06-06 00:10,18.1,29.0,16.0,79,ENE,1.0,-,없음,비 또는 눈 소식이 없어요.,05:11,19:50,0,낮음,햇볕에 민감한 분들은 자외선 차단제를 발라주세요.,좋음,13,좋음,23,보통,56.0,,호흡기가 예민하신 분들은 몸상태 유의하며 활동해주세요.,
2026-06-06T00:13:05.434418+09:00,왕십리역,왕십리역,POI045,KEY_4,2026-06-06 00:10,20.0,29.0,17.0,63,SE,1.4,-,없음,비 또는 눈 소식이 없어요.,05:11,19:50,0,낮음,햇볕에 민감한 분들은 자외선 차단제를 발라주세요.,보통,16,좋음,24,보통,57.0,,호흡기가 예민하신 분들은 몸상태 유의하며 활동해주세요.,
2026-06-06T00:13:05.434418+09:00,용산역,용산역,POI046,KEY_1,2026-06-06 00:10,18.9,29.0,16.0,77,SE,0.8,-,없음,비 또는 눈 소식이 없어요.,05:11,19:50,0,낮음,햇볕에 민감한 분들은 자외선 차단제를 발라주세요.,보통,16,보통,32,보통,56.0,,호흡기가 예민하신 분들은 몸상태 유의하며 활동해주세요.,
2026-06-06T00:13:05.434418+09:00,이태원역,이태원역,POI047,KEY_2,2026-06-06 00:10,18.6,29.0,16.0,71,ESE,1.7,-,없음,비 또는 눈 소식이 없어요.,05:11,19:50,0,낮음,햇볕에 민감한 분들은 자외선 차단제를 발라주세요.,보통,16,보통,32,보통,56.0,,호흡기가 예민하신 분들은 몸상태 유의하며 활동해주세요.,
2026-06-06T00:13:05.434418+09:00,잠실새내역,잠실새내역,POI118,KEY_3,2026-06-06 00:10,18.7,29.0,16.0,70,NNE,0.2,-,없음,비 또는 눈 소식이 없어요.,05:11,19:50,0,낮음,햇볕에 민감한 분들은 자외선 차단제를 발라주세요.,좋음,12,좋음,23,보통,56.0,,호흡기가 예민하신 분들은 몸상태 유의하며 활동해주세요.,
2026-06-06T00:13:05.434418+09:00,잠실역,잠실역,POI119,KEY_4,2026-06-06 00:10,20.1,29.0,16.0,65,SE,1.7,-,없음,비 또는 눈 소식이 없어요.,05:11,19:50,0,낮음,햇볕에 민감한 분들은 자외선 차단제를 발라주세요.,좋음,12,좋음,23,보통,56.0,,호흡기가 예민하신 분들은 몸상태 유의하며 활동해주세요.,
2026-06-06T00:13:05.434418+09:00,장지역,장지역,POI048,KEY_1,2026-06-06 00:10,18.7,29.0,16.0,70,NNE,0.2,-,없음,비 또는 눈 소식이 없어요.,05:11,19:50,0,낮음,햇볕에 민감한 분들은 자외선 차단제를 발라주세요.,좋음,12,좋음,23,보통,56.0,,호흡기가 예민하신 분들은 몸상태 유의하며 활동해주세요.,
2026-06-06T00:13:05.434418+09:00,장한평역,장한평역,POI049,KEY_2,2026-06-06 00:10,20.0,29.0,17.0,63,SE,1.4,-,없음,비 또는 눈 소식이 없어요.,05:11,19:50,0,낮음,햇볕에 민감한 분들은 자외선 차단제를 발라주세요.,좋음,12,좋음,22,보통,56.0,,호흡기가 예민하신 분들은 몸상태 유의하며 활동해주세요.,
2026-06-06T00:13:05.434418+09:00,천호역,천호역,POI050,KEY_3,2026-06-06 00:10,20.1,29.0,16.0,65,SE,1.7,-,없음,비 또는 눈 소식이 없어요.,05:11,19:50,0,낮음,햇볕에 민감한 분들은 자외선 차단제를 발라주세요.,보통,16,좋음,27,보통,59.0,,호흡기가 예민하신 분들은 몸상태 유의하며 활동해주세요.,
2026-06-06T00:13:05.434418+09:00,총신대입구(이수)역,총신대입구(이수)역,POI051,KEY_4,2026-06-06 00:10,16.4,29.0,15.0,86,ESE,0.3,-,없음,비 또는 눈 소식이 없어요.,05:11,19:50,0,낮음,햇볕에 민감한 분들은 자외선 차단제를 발라주세요.,좋음,14,좋음,24,보통,64.0,,호흡기가 예민하신 분들은 몸상태 유의하며 활동해주세요.,
2026-06-06T00:13:05.434418+09:00,충정로역,충정로역,POI052,KEY_1,2026-06-06 00:10,18.9,29.0,16.0,77,SE,0.8,-,없음,비 또는 눈 소식이 없어요.,05:11,19:50,0,낮음,햇볕에 민감한 분들은 자외선 차단제를 발라주세요.,좋음,12,좋음,22,보통,58.0,,호흡기가 예민하신 분들은 몸상태 유의하며 활동해주세요.,
2026-06-06T00:13:05.434418+09:00,합정역,합정역,POI053,KEY_2,2026-06-06 00:10,18.9,29.0,16.0,77,SE,0.8,-,없음,비 또는 눈 소식이 없어요.,05:11,19:50,0,낮음,햇볕에 민감한 분들은 자외선 차단제를 발라주세요.,좋음,10,좋음,21,보통,56.0,,호흡기가 예민하신 분들은 몸상태 유의하며 활동해주세요.,
2026-06-06T00:13:05.434418+09:00,혜화역,혜화역,POI054,KEY_3,2026-06-06 00:10,18.4,28.0,16.0,69,SE,1.8,-,없음,비 또는 눈 소식이 없어요.,05:11,19:50,0,낮음,햇볕에 민감한 분들은 자외선 차단제를 발라주세요.,좋음,15,좋음,22,보통,53.0,,호흡기가 예민하신 분들은 몸상태 유의하며 활동해주세요.,
2026-06-06T00:13:05.434418+09:00,홍대입구역(2호선),홍대입구역(2호선),POI055,KEY_4,2026-06-06 00:10,16.3,28.0,15.0,82,N,0.4,-,없음,비 또는 눈 소식이 없어요.,05:11,19:50,0,낮음,햇볕에 민감한 분들은 자외선 차단제를 발라주세요.,좋음,10,좋음,21,보통,56.0,,호흡기가 예민하신 분들은 몸상태 유의하며 활동해주세요.,
2026-06-06T00:13:05.434418+09:00,회기역,회기역,POI056,KEY_1,2026-06-06 00:10,20.0,29.0,17.0,63,SE,1.4,-,없음,비 또는 눈 소식이 없어요.,05:11,19:50,0,낮음,햇볕에 민감한 분들은 자외선 차단제를 발라주세요.,좋음,12,좋음,22,보통,56.0,,호흡기가 예민하신 분들은 몸상태 유의하며 활동해주세요.,
2026-06-06T01:59:12.734726+09:00,경복궁,경복궁,POI008,KEY_1,2026-06-06 01:50,17.3,28.0,16.0,76,SE,1.6,-,없음,비 또는 눈 소식이 없어요.,05:11,19:51,0,낮음,햇볕에 민감한 분들은 자외선 차단제를 발라주세요.,보통,16,점검중,0,보통,52.0,,호흡기가 예민하신 분들은 몸상태 유의하며 활동해주세요.,
2026-06-06T01:59:12.734726+09:00,광화문·덕수궁,광화문·덕수궁,POI009,KEY_2,2026-06-06 01:50,17.3,28.0,16.0,76,SE,1.6,-,없음,비 또는 눈 소식이 없어요.,05:11,19:51,0,낮음,햇볕에 민감한 분들은 자외선 차단제를 발라주세요.,보통,16,점검중,0,보통,52.0,,호흡기가 예민하신 분들은 몸상태 유의하며 활동해주세요.,
2026-06-06T01:59:12.734726+09:00,보신각,보신각,POI010,KEY_3,2026-06-06 01:50,17.3,28.0,16.0,76,SE,1.6,-,없음,비 또는 눈 소식이 없어요.,05:11,19:51,0,낮음,햇볕에 민감한 분들은 자외선 차단제를 발라주세요.,보통,16,점검중,0,보통,52.0,,호흡기가 예민하신 분들은 몸상태 유의하며 활동해주세요.,
2026-06-06T01:59:12.734726+09:00,서울 암사동 유적,서울 암사동 유적,POI011,KEY_4,2026-06-06 01:50,17.6,29.0,15.0,77,NE,1.1,-,없음,비 또는 눈 소식이 없어요.,05:11,19:51,0,낮음,햇볕에 민감한 분들은 자외선 차단제를 발라주세요.,점검중,0,좋음,27,보통,60.0,,호흡기가 예민하신 분들은 몸상태 유의하며 활동해주세요.,
2026-06-06T01:59:12.734726+09:00,창덕궁·종묘,창덕궁·종묘,POI012,KEY_1,2026-06-06 01:50,17.3,28.0,16.0,76,SE,1.6,-,없음,비 또는 눈 소식이 없어요.,05:11,19:51,0,낮음,햇볕에 민감한 분들은 자외선 차단제를 발라주세요.,보통,16,점검중,0,보통,52.0,,호흡기가 예민하신 분들은 몸상태 유의하며 활동해주세요.,
2026-06-06T01:59:12.734726+09:00,강남 MICE 관광특구,강남 MICE 관광특구,POI001,KEY_2,2026-06-06 01:50,16.0,29.0,16.0,81,ESE,0.7,-,없음,비 또는 눈 소식이 없어요.,05:11,19:51,0,낮음,햇볕에 민감한 분들은 자외선 차단제를 발라주세요.,좋음,12,좋음,24,보통,58.0,,호흡기가 예민하신 분들은 몸상태 유의하며 활동해주세요.,
2026-06-06T01:59:12.734726+09:00,동대문 관광특구,동대문 관광특구,POI002,KEY_3,2026-06-06 01:50,17.3,28.0,16.0,76,SE,1.6,-,없음,비 또는 눈 소식이 없어요.,05:11,19:51,0,낮음,햇볕에 민감한 분들은 자외선 차단제를 발라주세요.,보통,16,점검중,0,보통,52.0,,호흡기가 예민하신 분들은 몸상태 유의하며 활동해주세요.,
2026-06-06T01:59:12.734726+09:00,명동 관광특구,명동 관광특구,POI003,KEY_4,2026-06-06 01:50,17.3,28.0,16.0,76,SE,1.6,-,없음,비 또는 눈 소식이 없어요.,05:11,19:51,0,낮음,햇볕에 민감한 분들은 자외선 차단제를 발라주세요.,좋음,12,좋음,23,보통,54.0,,호흡기가 예민하신 분들은 몸상태 유의하며 활동해주세요.,
2026-06-06T01:59:12.734726+09:00,이태원 관광특구,이태원 관광특구,POI004,KEY_1,2026-06-06 01:50,17.7,29.0,16.0,79,ESE,1.3,-,없음,비 또는 눈 소식이 없어요.,05:11,19:51,0,낮음,햇볕에 민감한 분들은 자외선 차단제를 발라주세요.,좋음,12,보통,34,보통,56.0,,호흡기가 예민하신 분들은 몸상태 유의하며 활동해주세요.,
2026-06-06T01:59:12.734726+09:00,잠실 관광특구,잠실 관광특구,POI005,KEY_2,2026-06-06 01:50,19.4,29.0,16.0,72,SE,1.0,-,없음,비 또는 눈 소식이 없어요.,05:11,19:51,0,낮음,햇볕에 민감한 분들은 자외선 차단제를 발라주세요.,좋음,11,좋음,21,보통,56.0,,호흡기가 예민하신 분들은 몸상태 유의하며 활동해주세요.,
2026-06-06T01:59:12.734726+09:00,종로·청계 관광특구,종로·청계 관광특구,POI006,KEY_3,2026-06-06 01:50,17.3,28.0,16.0,76,SE,1.6,-,없음,비 또는 눈 소식이 없어요.,05:11,19:51,0,낮음,햇볕에 민감한 분들은 자외선 차단제를 발라주세요.,보통,16,점검중,0,보통,52.0,,호흡기가 예민하신 분들은 몸상태 유의하며 활동해주세요.,
2026-06-06T01:59:12.734726+09:00,홍대 관광특구,홍대 관광특구,POI007,KEY_4,2026-06-06 01:50,18.5,29.0,16.0,81,ESE,1.7,-,없음,비 또는 눈 소식이 없어요.,05:11,19:51,0,낮음,햇볕에 민감한 분들은 자외선 차단제를 발라주세요.,좋음,10,좋음,23,보통,54.0,,호흡기가 예민하신 분들은 몸상태 유의하며 활동해주세요.,
2026-06-06T01:59:12.734726+09:00,강서한강공원,강서한강공원,POI085,KEY_1,2026-06-06 01:50,18.0,29.0,15.0,79,SE,0.5,-,없음,비 또는 눈 소식이 없어요.,05:11,19:51,0,낮음,햇볕에 민감한 분들은 자외선 차단제를 발라주세요.,좋음,10,좋음,22,보통,53.0,,호흡기가 예민하신 분들은 몸상태 유의하며 활동해주세요.,
2026-06-06T01:59:12.734726+09:00,고척돔,고척돔,POI086,KEY_2,2026-06-06 01:50,17.3,29.0,17.0,81,E,1.5,-,없음,비 또는 눈 소식이 없어요.,05:11,19:51,0,낮음,햇볕에 민감한 분들은 자외선 차단제를 발라주세요.,보통,16,좋음,23,보통,69.0,,호흡기가 예민하신 분들은 몸상태 유의하며 활동해주세요.,
2026-06-06T01:59:12.734726+09:00,광나루한강공원,광나루한강공원,POI087,KEY_3,2026-06-06 01:50,19.4,29.0,16.0,72,SE,1.0,-,없음,비 또는 눈 소식이 없어요.,05:11,19:51,0,낮음,햇볕에 민감한 분들은 자외선 차단제를 발라주세요.,점검중,0,좋음,27,보통,60.0,,호흡기가 예민하신 분들은 몸상태 유의하며 활동해주세요.,
2026-06-06T01:59:12.734726+09:00,광화문광장,광화문광장,POI088,KEY_4,2026-06-06 01:50,17.3,28.0,16.0,76,SE,1.6,-,없음,비 또는 눈 소식이 없어요.,05:11,19:51,0,낮음,햇볕에 민감한 분들은 자외선 차단제를 발라주세요.,보통,16,점검중,0,보통,52.0,,호흡기가 예민하신 분들은 몸상태 유의하며 활동해주세요.,
2026-06-06T01:59:12.734726+09:00,국립중앙박물관·용산가족공원,국립중앙박물관·용산가족공원,POI089,KEY_1,2026-06-06 01:50,17.7,29.0,16.0,79,ESE,1.3,-,없음,비 또는 눈 소식이 없어요.,05:11,19:51,0,낮음,햇볕에 민감한 분들은 자외선 차단제를 발라주세요.,좋음,12,보통,34,보통,56.0,,호흡기가 예민하신 분들은 몸상태 유의하며 활동해주세요.,
2026-06-06T01:59:12.734726+09:00,난지한강공원,난지한강공원,POI090,KEY_2,2026-06-06 01:50,18.0,29.0,15.0,79,SE,0.5,-,없음,비 또는 눈 소식이 없어요.,05:11,19:51,0,낮음,햇볕에 민감한 분들은 자외선 차단제를 발라주세요.,좋음,10,좋음,22,보통,53.0,,호흡기가 예민하신 분들은 몸상태 유의하며 활동해주세요.,
2026-06-06T01:59:12.734726+09:00,남산공원,남산공원,POI091,KEY_3,2026-06-06 01:50,17.3,28.0,16.0,76,SE,1.6,-,없음,비 또는 눈 소식이 없어요.,05:11,19:51,0,낮음,햇볕에 민감한 분들은 자외선 차단제를 발라주세요.,좋음,12,좋음,23,보통,54.0,,호흡기가 예민하신 분들은 몸상태 유의하며 활동해주세요.,
2026-06-06T01:59:12.734726+09:00,노들섬,노들섬,POI092,KEY_4,2026-06-06 01:50,18.5,29.0,16.0,81,ESE,1.7,-,없음,비 또는 눈 소식이 없어요.,05:11,19:51,0,낮음,햇볕에 민감한 분들은 자외선 차단제를 발라주세요.,좋음,12,보통,34,보통,56.0,,호흡기가 예민하신 분들은 몸상태 유의하며 활동해주세요.,
2026-06-06T01:59:12.734726+09:00,뚝섬한강공원,뚝섬한강공원,POI093,KEY_1,2026-06-06 01:50,17.7,29.0,17.0,79,ESE,1.3,-,없음,비 또는 눈 소식이 없어요.,05:11,19:51,0,낮음,햇볕에 민감한 분들은 자외선 차단제를 발라주세요.,좋음,12,좋음,30,보통,58.0,,호흡기가 예민하신 분들은 몸상태 유의하며 활동해주세요.,
2026-06-06T01:59:12.734726+09:00,망원한강공원,망원한강공원,POI094,KEY_2,2026-06-06 01:50,18.5,29.0,16.0,81,ESE,1.7,-,없음,비 또는 눈 소식이 없어요.,05:11,19:51,0,낮음,햇볕에 민감한 분들은 자외선 차단제를 발라주세요.,좋음,10,좋음,23,보통,54.0,,호흡기가 예민하신 분들은 몸상태 유의하며 활동해주세요.,
2026-06-06T01:59:12.734726+09:00,반포한강공원,반포한강공원,POI095,KEY_3,2026-06-06 01:50,17.7,29.0,16.0,79,ESE,1.3,-,없음,비 또는 눈 소식이 없어요.,05:11,19:51,0,낮음,햇볕에 민감한 분들은 자외선 차단제를 발라주세요.,좋음,12,보통,34,보통,56.0,,호흡기가 예민하신 분들은 몸상태 유의하며 활동해주세요.,
2026-06-06T01:59:12.734726+09:00,보라매공원,보라매공원,POI123,KEY_4,2026-06-06 01:50,17.4,29.0,16.0,80,ESE,1.0,-,없음,비 또는 눈 소식이 없어요.,05:11,19:51,0,낮음,햇볕에 민감한 분들은 자외선 차단제를 발라주세요.,좋음,14,좋음,27,보통,62.0,,호흡기가 예민하신 분들은 몸상태 유의하며 활동해주세요.,
2026-06-06T01:59:12.734726+09:00,북서울꿈의숲,북서울꿈의숲,POI096,KEY_1,2026-06-06 01:50,14.7,28.0,15.0,88,SSE,0.2,-,없음,비 또는 눈 소식이 없어요.,05:11,19:51,0,낮음,햇볕에 민감한 분들은 자외선 차단제를 발라주세요.,좋음,11,좋음,19,보통,57.0,,호흡기가 예민하신 분들은 몸상태 유의하며 활동해주세요.,
2026-06-06T01:59:12.734726+09:00,서대문독립공원,서대문독립공원,POI124,KEY_2,2026-06-06 01:50,17.3,28.0,16.0,76,SE,1.6,-,없음,비 또는 눈 소식이 없어요.,05:11,19:51,0,낮음,햇볕에 민감한 분들은 자외선 차단제를 발라주세요.,보통,16,점검중,0,보통,52.0,,호흡기가 예민하신 분들은 몸상태 유의하며 활동해주세요.,
2026-06-06T01:59:12.734726+09:00,서리풀공원·몽마르뜨공원,서리풀공원·몽마르뜨공원,POI098,KEY_3,2026-06-06 01:50,15.2,29.0,15.0,94,ESE,0.1,-,없음,비 또는 눈 소식이 없어요.,05:11,19:51,0,낮음,햇볕에 민감한 분들은 자외선 차단제를 발라주세요.,좋음,15,좋음,25,보통,63.0,,호흡기가 예민하신 분들은 몸상태 유의하며 활동해주세요.,
2026-06-06T01:59:12.734726+09:00,서울숲공원,서울숲공원,POI101,KEY_1,2026-06-06 01:50,17.7,29.0,17.0,79,ESE,1.3,-,없음,비 또는 눈 소식이 없어요.,05:11,19:51,0,낮음,햇볕에 민감한 분들은 자외선 차단제를 발라주세요.,좋음,15,좋음,27,보통,56.0,,호흡기가 예민하신 분들은 몸상태 유의하며 활동해주세요.,
2026-06-06T01:59:12.734726+09:00,송현녹지광장,송현녹지광장,POI129,KEY_2,2026-06-06 01:50,17.3,28.0,16.0,76,SE,1.6,-,없음,비 또는 눈 소식이 없어요.,05:11,19:51,0,낮음,햇볕에 민감한 분들은 자외선 차단제를 발라주세요.,보통,16,점검중,0,보통,52.0,,호흡기가 예민하신 분들은 몸상태 유의하며 활동해주세요.,
2026-06-06T01:59:12.734726+09:00,아차산,아차산,POI102,KEY_3,2026-06-06 01:50,19.4,29.0,16.0,64,SE,1.7,-,없음,비 또는 눈 소식이 없어요.,05:11,19:51,0,낮음,햇볕에 민감한 분들은 자외선 차단제를 발라주세요.,좋음,12,좋음,30,보통,58.0,,호흡기가 예민하신 분들은 몸상태 유의하며 활동해주세요.,
2026-06-06T01:59:12.734726+09:00,안양천,안양천,POI125,KEY_4,2026-06-06 01:50,17.6,29.0,16.0,84,ENE,1.5,-,없음,비 또는 눈 소식이 없어요.,05:11,19:51,0,낮음,햇볕에 민감한 분들은 자외선 차단제를 발라주세요.,좋음,11,좋음,26,보통,57.0,,호흡기가 예민하신 분들은 몸상태 유의하며 활동해주세요.,
2026-06-06T01:59:12.734726+09:00,양화한강공원,양화한강공원,POI103,KEY_1,2026-06-06 01:50,17.6,29.0,16.0,84,ENE,1.5,-,없음,비 또는 눈 소식이 없어요.,05:11,19:51,0,낮음,햇볕에 민감한 분들은 자외선 차단제를 발라주세요.,좋음,15,좋음,20,보통,59.0,,호흡기가 예민하신 분들은 몸상태 유의하며 활동해주세요.,
2026-06-06T01:59:12.734726+09:00,어린이대공원,어린이대공원,POI104,KEY_2,2026-06-06 01:50,19.4,29.0,16.0,72,SE,1.0,-,없음,비 또는 눈 소식이 없어요.,05:11,19:51,0,낮음,햇볕에 민감한 분들은 자외선 차단제를 발라주세요.,좋음,12,좋음,30,보통,58.0,,호흡기가 예민하신 분들은 몸상태 유의하며 활동해주세요.,
2026-06-06T01:59:12.734726+09:00,여의도한강공원,여의도한강공원,POI105,KEY_3,2026-06-06 01:50,18.5,29.0,16.0,81,ESE,1.7,-,없음,비 또는 눈 소식이 없어요.,05:11,19:51,0,낮음,햇볕에 민감한 분들은 자외선 차단제를 발라주세요.,좋음,15,좋음,20,보통,59.0,,호흡기가 예민하신 분들은 몸상태 유의하며 활동해주세요.,
2026-06-06T01:59:12.734726+09:00,여의서로,여의서로,POI126,KEY_4,2026-06-06 01:50,18.5,29.0,16.0,81,ESE,1.7,-,없음,비 또는 눈 소식이 없어요.,05:11,19:51,0,낮음,햇볕에 민감한 분들은 자외선 차단제를 발라주세요.,좋음,15,좋음,20,보통,59.0,,호흡기가 예민하신 분들은 몸상태 유의하며 활동해주세요.,
2026-06-06T01:59:12.734726+09:00,올림픽공원,올림픽공원,POI127,KEY_1,2026-06-06 01:50,19.4,29.0,16.0,72,SE,1.0,-,없음,비 또는 눈 소식이 없어요.,05:11,19:51,0,낮음,햇볕에 민감한 분들은 자외선 차단제를 발라주세요.,좋음,11,좋음,21,보통,56.0,,호흡기가 예민하신 분들은 몸상태 유의하며 활동해주세요.,
2026-06-06T01:59:12.734726+09:00,월드컵공원,월드컵공원,POI106,KEY_2,2026-06-06 01:50,18.0,29.0,15.0,79,SE,0.5,-,없음,비 또는 눈 소식이 없어요.,05:11,19:51,0,낮음,햇볕에 민감한 분들은 자외선 차단제를 발라주세요.,좋음,10,좋음,23,보통,54.0,,호흡기가 예민하신 분들은 몸상태 유의하며 활동해주세요.,
2026-06-06T01:59:12.734726+09:00,응봉산,응봉산,POI107,KEY_3,2026-06-06 01:50,17.7,29.0,17.0,79,ESE,1.3,-,없음,비 또는 눈 소식이 없어요.,05:11,19:51,0,낮음,햇볕에 민감한 분들은 자외선 차단제를 발라주세요.,좋음,15,좋음,27,보통,56.0,,호흡기가 예민하신 분들은 몸상태 유의하며 활동해주세요.,
2026-06-06T01:59:12.734726+09:00,이촌한강공원,이촌한강공원,POI108,KEY_4,2026-06-06 01:50,17.7,29.0,16.0,79,ESE,1.3,-,없음,비 또는 눈 소식이 없어요.,05:11,19:51,0,낮음,햇볕에 민감한 분들은 자외선 차단제를 발라주세요.,좋음,12,보통,34,보통,56.0,,호흡기가 예민하신 분들은 몸상태 유의하며 활동해주세요.,
2026-06-06T01:59:12.734726+09:00,잠실종합운동장,잠실종합운동장,POI109,KEY_1,2026-06-06 01:50,18.2,29.0,16.0,71,E,2.1,-,없음,비 또는 눈 소식이 없어요.,05:11,19:51,0,낮음,햇볕에 민감한 분들은 자외선 차단제를 발라주세요.,좋음,11,좋음,21,보통,56.0,,호흡기가 예민하신 분들은 몸상태 유의하며 활동해주세요.,
2026-06-06T01:59:12.734726+09:00,잠실한강공원,잠실한강공원,POI110,KEY_2,2026-06-06 01:50,19.4,29.0,16.0,72,SE,1.0,-,없음,비 또는 눈 소식이 없어요.,05:11,19:51,0,낮음,햇볕에 민감한 분들은 자외선 차단제를 발라주세요.,좋음,12,좋음,30,보통,58.0,,호흡기가 예민하신 분들은 몸상태 유의하며 활동해주세요.,
2026-06-06T01:59:12.734726+09:00,잠원한강공원,잠원한강공원,POI111,KEY_3,2026-06-06 01:50,17.7,29.0,17.0,79,ESE,1.3,-,없음,비 또는 눈 소식이 없어요.,05:11,19:51,0,낮음,햇볕에 민감한 분들은 자외선 차단제를 발라주세요.,좋음,12,좋음,24,보통,58.0,,호흡기가 예민하신 분들은 몸상태 유의하며 활동해주세요.,
2026-06-06T01:59:12.734726+09:00,청계산,청계산,POI112,KEY_4,2026-06-06 01:50,13.7,28.0,15.0,94,SSE,0.3,-,없음,비 또는 눈 소식이 없어요.,05:11,19:51,0,낮음,햇볕에 민감한 분들은 자외선 차단제를 발라주세요.,좋음,15,좋음,25,보통,63.0,,호흡기가 예민하신 분들은 몸상태 유의하며 활동해주세요.,
2026-06-06T01:59:12.734726+09:00,홍제폭포,홍제폭포,POI128,KEY_1,2026-06-06 01:50,15.4,28.0,15.0,88,NNE,0.1,-,없음,비 또는 눈 소식이 없어요.,05:11,19:51,0,낮음,햇볕에 민감한 분들은 자외선 차단제를 발라주세요.,좋음,14,좋음,19,보통,51.0,,호흡기가 예민하신 분들은 몸상태 유의하며 활동해주세요.,
2026-06-06T01:59:12.734726+09:00,가락시장,가락시장,POI058,KEY_2,2026-06-06 01:50,18.2,29.0,16.0,71,E,2.1,-,없음,비 또는 눈 소식이 없어요.,05:11,19:51,0,낮음,햇볕에 민감한 분들은 자외선 차단제를 발라주세요.,좋음,11,좋음,21,보통,56.0,,호흡기가 예민하신 분들은 몸상태 유의하며 활동해주세요.,
2026-06-06T01:59:12.734726+09:00,가로수길,가로수길,POI059,KEY_3,2026-06-06 01:50,17.7,29.0,17.0,79,ESE,1.3,-,없음,비 또는 눈 소식이 없어요.,05:11,19:51,0,낮음,햇볕에 민감한 분들은 자외선 차단제를 발라주세요.,좋음,12,좋음,24,보통,58.0,,호흡기가 예민하신 분들은 몸상태 유의하며 활동해주세요.,
2026-06-06T01:59:12.734726+09:00,광장(전통)시장,광장(전통)시장,POI060,KEY_4,2026-06-06 01:50,17.3,28.0,16.0,76,SE,1.6,-,없음,비 또는 눈 소식이 없어요.,05:11,19:51,0,낮음,햇볕에 민감한 분들은 자외선 차단제를 발라주세요.,보통,16,점검중,0,보통,52.0,,호흡기가 예민하신 분들은 몸상태 유의하며 활동해주세요.,
2026-06-06T01:59:12.734726+09:00,김포공항,김포공항,POI061,KEY_1,2026-06-06 01:50,18.0,29.0,15.0,79,SE,0.5,-,없음,비 또는 눈 소식이 없어요.,05:11,19:51,0,낮음,햇볕에 민감한 분들은 자외선 차단제를 발라주세요.,좋음,10,좋음,22,보통,53.0,,호흡기가 예민하신 분들은 몸상태 유의하며 활동해주세요.,
2026-06-06T01:59:12.734726+09:00,남대문시장,남대문시장,POI115,KEY_2,2026-06-06 01:50,17.3,28.0,16.0,76,SE,1.6,-,없음,비 또는 눈 소식이 없어요.,05:11,19:51,0,낮음,햇볕에 민감한 분들은 자외선 차단제를 발라주세요.,좋음,12,좋음,23,보통,54.0,,호흡기가 예민하신 분들은 몸상태 유의하며 활동해주세요.,
2026-06-06T01:59:12.734726+09:00,노량진,노량진,POI063,KEY_3,2026-06-06 01:50,17.4,29.0,16.0,80,ESE,1.0,-,없음,비 또는 눈 소식이 없어요.,05:11,19:51,0,낮음,햇볕에 민감한 분들은 자외선 차단제를 발라주세요.,좋음,14,좋음,27,보통,62.0,,호흡기가 예민하신 분들은 몸상태 유의하며 활동해주세요.,
2026-06-06T01:59:12.734726+09:00,덕수궁길·정동길,덕수궁길·정동길,POI064,KEY_4,2026-06-06 01:50,17.3,28.0,16.0,76,SE,1.6,-,없음,비 또는 눈 소식이 없어요.,05:11,19:51,0,낮음,햇볕에 민감한 분들은 자외선 차단제를 발라주세요.,보통,16,점검중,0,보통,52.0,,호흡기가 예민하신 분들은 몸상태 유의하며 활동해주세요.,
2026-06-06T01:59:12.734726+09:00,북창동 먹자골목,북창동 먹자골목,POI114,KEY_1,2026-06-06 01:50,17.3,28.0,16.0,76,SE,1.6,-,없음,비 또는 눈 소식이 없어요.,05:11,19:51,0,낮음,햇볕에 민감한 분들은 자외선 차단제를 발라주세요.,좋음,12,좋음,23,보통,54.0,,호흡기가 예민하신 분들은 몸상태 유의하며 활동해주세요.,
2026-06-06T01:59:12.734726+09:00,북촌한옥마을,북촌한옥마을,POI066,KEY_2,2026-06-06 01:50,17.3,28.0,16.0,76,SE,1.6,-,없음,비 또는 눈 소식이 없어요.,05:11,19:51,0,낮음,햇볕에 민감한 분들은 자외선 차단제를 발라주세요.,보통,16,점검중,0,보통,52.0,,호흡기가 예민하신 분들은 몸상태 유의하며 활동해주세요.,
2026-06-06T01:59:12.734726+09:00,서촌,서촌,POI067,KEY_3,2026-06-06 01:50,17.3,28.0,16.0,76,SE,1.6,-,없음,비 또는 눈 소식이 없어요.,05:11,19:51,0,낮음,햇볕에 민감한 분들은 자외선 차단제를 발라주세요.,보통,16,점검중,0,보통,52.0,,호흡기가 예민하신 분들은 몸상태 유의하며 활동해주세요.,
2026-06-06T01:59:12.734726+09:00,성수카페거리,성수카페거리,POI068,KEY_4,2026-06-06 01:50,17.7,29.0,17.0,79,ESE,1.3,-,없음,비 또는 눈 소식이 없어요.,05:11,19:51,0,낮음,햇볕에 민감한 분들은 자외선 차단제를 발라주세요.,좋음,15,좋음,27,보통,56.0,,호흡기가 예민하신 분들은 몸상태 유의하며 활동해주세요.,
2026-06-06T01:59:12.734726+09:00,송리단길·호수단길,송리단길·호수단길,POI121,KEY_1,2026-06-06 01:50,18.2,29.0,16.0,71,E,2.1,-,없음,비 또는 눈 소식이 없어요.,05:11,19:51,0,낮음,햇볕에 민감한 분들은 자외선 차단제를 발라주세요.,좋음,11,좋음,21,보통,56.0,,호흡기가 예민하신 분들은 몸상태 유의하며 활동해주세요.,
2026-06-06T01:59:12.734726+09:00,신촌 스타광장,신촌 스타광장,POI122,KEY_2,2026-06-06 01:50,18.5,29.0,16.0,81,ESE,1.7,-,없음,비 또는 눈 소식이 없어요.,05:11,19:51,0,낮음,햇볕에 민감한 분들은 자외선 차단제를 발라주세요.,좋음,14,좋음,19,보통,51.0,,호흡기가 예민하신 분들은 몸상태 유의하며 활동해주세요.,
2026-06-06T01:59:12.734726+09:00,압구정로데오거리,압구정로데오거리,POI071,KEY_3,2026-06-06 02:00,17.7,29.0,17.0,80,ESE,1.9,-,없음,비 또는 눈 소식이 없어요.,05:11,19:51,0,낮음,햇볕에 민감한 분들은 자외선 차단제를 발라주세요.,좋음,12,좋음,24,보통,58.0,,호흡기가 예민하신 분들은 몸상태 유의하며 활동해주세요.,
2026-06-06T01:59:12.734726+09:00,여의도,여의도,POI072,KEY_4,2026-06-06 02:00,18.6,29.0,16.0,81,ESE,1.4,-,없음,비 또는 눈 소식이 없어요.,05:11,19:51,0,낮음,햇볕에 민감한 분들은 자외선 차단제를 발라주세요.,좋음,15,좋음,20,보통,59.0,,호흡기가 예민하신 분들은 몸상태 유의하며 활동해주세요.,
2026-06-06T01:59:12.734726+09:00,연남동,연남동,POI073,KEY_1,2026-06-06 02:00,15.5,28.0,15.0,88,N,0.2,-,없음,비 또는 눈 소식이 없어요.,05:11,19:51,0,낮음,햇볕에 민감한 분들은 자외선 차단제를 발라주세요.,좋음,10,좋음,23,보통,54.0,,호흡기가 예민하신 분들은 몸상태 유의하며 활동해주세요.,
2026-06-06T01:59:12.734726+09:00,영등포 타임스퀘어,영등포 타임스퀘어,POI074,KEY_2,2026-06-06 02:00,18.6,29.0,16.0,81,ESE,1.4,-,없음,비 또는 눈 소식이 없어요.,05:11,19:51,0,낮음,햇볕에 민감한 분들은 자외선 차단제를 발라주세요.,좋음,15,좋음,20,보통,59.0,,호흡기가 예민하신 분들은 몸상태 유의하며 활동해주세요.,
2026-06-06T01:59:12.734726+09:00,용리단길,용리단길,POI076,KEY_3,2026-06-06 02:00,17.7,29.0,16.0,80,ESE,1.9,-,없음,비 또는 눈 소식이 없어요.,05:11,19:51,0,낮음,햇볕에 민감한 분들은 자외선 차단제를 발라주세요.,좋음,12,보통,34,보통,56.0,,호흡기가 예민하신 분들은 몸상태 유의하며 활동해주세요.,
2026-06-06T01:59:12.734726+09:00,이태원 앤틱가구거리,이태원 앤틱가구거리,POI077,KEY_4,2026-06-06 02:00,17.7,29.0,16.0,80,ESE,1.9,-,없음,비 또는 눈 소식이 없어요.,05:11,19:51,0,낮음,햇볕에 민감한 분들은 자외선 차단제를 발라주세요.,좋음,12,보통,34,보통,56.0,,호흡기가 예민하신 분들은 몸상태 유의하며 활동해주세요.,
2026-06-06T01:59:12.734726+09:00,익선동,익선동,POI116,KEY_1,2026-06-06 02:00,17.3,28.0,16.0,76,SE,2.0,-,없음,비 또는 눈 소식이 없어요.,05:11,19:51,0,낮음,햇볕에 민감한 분들은 자외선 차단제를 발라주세요.,보통,16,점검중,0,보통,52.0,,호흡기가 예민하신 분들은 몸상태 유의하며 활동해주세요.,
2026-06-06T01:59:12.734726+09:00,인사동,인사동,POI078,KEY_2,2026-06-06 02:00,17.3,28.0,16.0,76,SE,2.0,-,없음,비 또는 눈 소식이 없어요.,05:11,19:51,0,낮음,햇볕에 민감한 분들은 자외선 차단제를 발라주세요.,보통,16,점검중,0,보통,52.0,,호흡기가 예민하신 분들은 몸상태 유의하며 활동해주세요.,
2026-06-06T01:59:12.734726+09:00,잠실롯데타워·석촌호수,잠실롯데타워·석촌호수,POI120,KEY_3,2026-06-06 02:00,19.1,29.0,16.0,73,SE,0.5,-,없음,비 또는 눈 소식이 없어요.,05:11,19:51,0,낮음,햇볕에 민감한 분들은 자외선 차단제를 발라주세요.,좋음,11,좋음,21,보통,56.0,,호흡기가 예민하신 분들은 몸상태 유의하며 활동해주세요.,
2026-06-06T01:59:12.734726+09:00,창동 신경제 중심지,창동 신경제 중심지,POI079,KEY_4,2026-06-06 02:00,16.2,28.0,14.0,78,SE,0.1,-,없음,비 또는 눈 소식이 없어요.,05:11,19:51,0,낮음,햇볕에 민감한 분들은 자외선 차단제를 발라주세요.,좋음,13,보통,35,좋음,47.0,,대기질에 이상이 없어요.,
2026-06-06T01:59:12.734726+09:00,청담동 명품거리,청담동 명품거리,POI080,KEY_1,2026-06-06 02:00,17.7,29.0,17.0,80,ESE,1.9,-,없음,비 또는 눈 소식이 없어요.,05:11,19:51,0,낮음,햇볕에 민감한 분들은 자외선 차단제를 발라주세요.,좋음,12,좋음,24,보통,58.0,,호흡기가 예민하신 분들은 몸상태 유의하며 활동해주세요.,
2026-06-06T01:59:12.734726+09:00,청량리 제기동 일대 전통시장,청량리 제기동 일대 전통시장,POI081,KEY_2,2026-06-06 02:00,19.1,29.0,17.0,68,S,0.7,-,없음,비 또는 눈 소식이 없어요.,05:11,19:51,0,낮음,햇볕에 민감한 분들은 자외선 차단제를 발라주세요.,좋음,14,좋음,23,보통,55.0,,호흡기가 예민하신 분들은 몸상태 유의하며 활동해주세요.,
2026-06-06T01:59:12.734726+09:00,해방촌·경리단길,해방촌·경리단길,POI082,KEY_3,2026-06-06 02:00,17.7,29.0,16.0,80,ESE,1.9,-,없음,비 또는 눈 소식이 없어요.,05:11,19:51,0,낮음,햇볕에 민감한 분들은 자외선 차단제를 발라주세요.,좋음,12,보통,34,보통,56.0,,호흡기가 예민하신 분들은 몸상태 유의하며 활동해주세요.,
2026-06-06T01:59:12.734726+09:00,DDP(동대문디자인플라자),DDP(동대문디자인플라자),POI083,KEY_4,2026-06-06 02:00,17.3,28.0,16.0,76,SE,2.0,-,없음,비 또는 눈 소식이 없어요.,05:11,19:51,0,낮음,햇볕에 민감한 분들은 자외선 차단제를 발라주세요.,보통,16,점검중,0,보통,52.0,,호흡기가 예민하신 분들은 몸상태 유의하며 활동해주세요.,
2026-06-06T01:59:12.734726+09:00,DMC(디지털미디어시티),DMC(디지털미디어시티),POI084,KEY_1,2026-06-06 02:00,17.9,29.0,15.0,81,SSE,0.7,-,없음,비 또는 눈 소식이 없어요.,05:11,19:51,0,낮음,햇볕에 민감한 분들은 자외선 차단제를 발라주세요.,좋음,10,좋음,23,보통,54.0,,호흡기가 예민하신 분들은 몸상태 유의하며 활동해주세요.,
2026-06-06T01:59:12.734726+09:00,강남역,강남역,POI014,KEY_3,2026-06-06 02:00,15.8,29.0,16.0,83,ENE,0.6,-,없음,비 또는 눈 소식이 없어요.,05:11,19:51,0,낮음,햇볕에 민감한 분들은 자외선 차단제를 발라주세요.,좋음,15,좋음,25,보통,63.0,,호흡기가 예민하신 분들은 몸상태 유의하며 활동해주세요.,
2026-06-06T01:59:12.734726+09:00,건대입구역,건대입구역,POI015,KEY_4,2026-06-06 02:00,17.7,29.0,17.0,80,ESE,1.9,-,없음,비 또는 눈 소식이 없어요.,05:11,19:51,0,낮음,햇볕에 민감한 분들은 자외선 차단제를 발라주세요.,좋음,12,좋음,30,보통,58.0,,호흡기가 예민하신 분들은 몸상태 유의하며 활동해주세요.,
2026-06-06T01:59:12.734726+09:00,고덕역,고덕역,POI016,KEY_1,2026-06-06 02:00,15.4,28.0,15.0,86,NNE,1.0,-,없음,비 또는 눈 소식이 없어요.,05:11,19:51,0,낮음,햇볕에 민감한 분들은 자외선 차단제를 발라주세요.,점검중,0,좋음,27,보통,60.0,,호흡기가 예민하신 분들은 몸상태 유의하며 활동해주세요.,
2026-06-06T01:59:12.734726+09:00,고속터미널역,고속터미널역,POI017,KEY_2,2026-06-06 02:00,15.1,29.0,15.0,95,ESE,0.5,-,없음,비 또는 눈 소식이 없어요.,05:11,19:51,0,낮음,햇볕에 민감한 분들은 자외선 차단제를 발라주세요.,좋음,15,좋음,25,보통,63.0,,호흡기가 예민하신 분들은 몸상태 유의하며 활동해주세요.,
2026-06-06T01:59:12.734726+09:00,교대역,교대역,POI018,KEY_3,2026-06-06 02:00,15.8,29.0,16.0,83,ENE,0.6,-,없음,비 또는 눈 소식이 없어요.,05:11,19:51,0,낮음,햇볕에 민감한 분들은 자외선 차단제를 발라주세요.,좋음,15,좋음,25,보통,63.0,,호흡기가 예민하신 분들은 몸상태 유의하며 활동해주세요.,
2026-06-06T01:59:12.734726+09:00,구로디지털단지역,구로디지털단지역,POI019,KEY_4,2026-06-06 02:00,17.2,29.0,17.0,82,ESE,2.2,-,없음,비 또는 눈 소식이 없어요.,05:11,19:51,0,낮음,햇볕에 민감한 분들은 자외선 차단제를 발라주세요.,보통,16,좋음,23,보통,69.0,,호흡기가 예민하신 분들은 몸상태 유의하며 활동해주세요.,
2026-06-06T01:59:12.734726+09:00,구로역,구로역,POI020,KEY_1,2026-06-06 02:00,17.2,29.0,17.0,82,ESE,2.2,-,없음,비 또는 눈 소식이 없어요.,05:11,19:51,0,낮음,햇볕에 민감한 분들은 자외선 차단제를 발라주세요.,보통,16,좋음,23,보통,69.0,,호흡기가 예민하신 분들은 몸상태 유의하며 활동해주세요.,
2026-06-06T01:59:12.734726+09:00,군자역,군자역,POI021,KEY_2,2026-06-06 02:00,18.6,29.0,16.0,65,SSE,1.6,-,없음,비 또는 눈 소식이 없어요.,05:11,19:51,0,낮음,햇볕에 민감한 분들은 자외선 차단제를 발라주세요.,좋음,12,좋음,30,보통,58.0,,호흡기가 예민하신 분들은 몸상태 유의하며 활동해주세요.,
2026-06-06T01:59:12.734726+09:00,대림역,대림역,POI023,KEY_3,2026-06-06 02:00,17.2,29.0,17.0,82,ESE,2.2,-,없음,비 또는 눈 소식이 없어요.,05:11,19:51,0,낮음,햇볕에 민감한 분들은 자외선 차단제를 발라주세요.,좋음,15,좋음,20,보통,59.0,,호흡기가 예민하신 분들은 몸상태 유의하며 활동해주세요.,
2026-06-06T01:59:12.734726+09:00,동대문역,동대문역,POI024,KEY_4,2026-06-06 02:00,17.3,28.0,16.0,76,SE,2.0,-,없음,비 또는 눈 소식이 없어요.,05:11,19:51,0,낮음,햇볕에 민감한 분들은 자외선 차단제를 발라주세요.,보통,16,점검중,0,보통,52.0,,호흡기가 예민하신 분들은 몸상태 유의하며 활동해주세요.,
2026-06-06T01:59:12.734726+09:00,뚝섬역,뚝섬역,POI025,KEY_1,2026-06-06 02:00,17.7,29.0,17.0,80,ESE,1.9,-,없음,비 또는 눈 소식이 없어요.,05:11,19:51,0,낮음,햇볕에 민감한 분들은 자외선 차단제를 발라주세요.,좋음,15,좋음,27,보통,56.0,,호흡기가 예민하신 분들은 몸상태 유의하며 활동해주세요.,
2026-06-06T01:59:12.734726+09:00,미아사거리역,미아사거리역,POI026,KEY_2,2026-06-06 02:00,14.6,28.0,15.0,87,ESE,0.5,-,없음,비 또는 눈 소식이 없어요.,05:11,19:51,0,낮음,햇볕에 민감한 분들은 자외선 차단제를 발라주세요.,좋음,11,좋음,19,보통,57.0,,호흡기가 예민하신 분들은 몸상태 유의하며 활동해주세요.,
2026-06-06T01:59:12.734726+09:00,발산역,발산역,POI027,KEY_3,2026-06-06 02:00,17.9,29.0,15.0,81,SSE,0.7,-,없음,비 또는 눈 소식이 없어요.,05:11,19:51,0,낮음,햇볕에 민감한 분들은 자외선 차단제를 발라주세요.,좋음,10,좋음,22,보통,53.0,,호흡기가 예민하신 분들은 몸상태 유의하며 활동해주세요.,
2026-06-06T01:59:12.734726+09:00,사당역,사당역,POI029,KEY_4,2026-06-06 02:00,15.1,29.0,15.0,95,ESE,0.5,-,없음,비 또는 눈 소식이 없어요.,05:11,19:51,0,낮음,햇볕에 민감한 분들은 자외선 차단제를 발라주세요.,좋음,15,좋음,25,보통,63.0,,호흡기가 예민하신 분들은 몸상태 유의하며 활동해주세요.,
2026-06-06T01:59:12.734726+09:00,삼각지역,삼각지역,POI030,KEY_1,2026-06-06 02:00,17.7,29.0,16.0,80,ESE,1.9,-,없음,비 또는 눈 소식이 없어요.,05:11,19:51,0,낮음,햇볕에 민감한 분들은 자외선 차단제를 발라주세요.,좋음,12,보통,34,보통,56.0,,호흡기가 예민하신 분들은 몸상태 유의하며 활동해주세요.,
2026-06-06T01:59:12.734726+09:00,서울대입구역,서울대입구역,POI031,KEY_2,2026-06-06 02:00,17.3,29.0,16.0,80,ESE,0.5,-,없음,비 또는 눈 소식이 없어요.,05:11,19:51,0,낮음,햇볕에 민감한 분들은 자외선 차단제를 발라주세요.,보통,19,보통,31,보통,60.0,,호흡기가 예민하신 분들은 몸상태 유의하며 활동해주세요.,
2026-06-06T01:59:12.734726+09:00,서울식물원·마곡나루역,서울식물원·마곡나루역,POI032,KEY_3,2026-06-06 02:00,17.9,29.0,15.0,81,SSE,0.7,-,없음,비 또는 눈 소식이 없어요.,05:11,19:51,0,낮음,햇볕에 민감한 분들은 자외선 차단제를 발라주세요.,좋음,10,좋음,22,보통,53.0,,호흡기가 예민하신 분들은 몸상태 유의하며 활동해주세요.,
2026-06-06T01:59:12.734726+09:00,서울역,서울역,POI033,KEY_4,2026-06-06 02:00,17.3,28.0,16.0,76,SE,2.0,-,없음,비 또는 눈 소식이 없어요.,05:11,19:51,0,낮음,햇볕에 민감한 분들은 자외선 차단제를 발라주세요.,좋음,12,좋음,23,보통,54.0,,호흡기가 예민하신 분들은 몸상태 유의하며 활동해주세요.,
2026-06-06T01:59:12.734726+09:00,선릉역,선릉역,POI034,KEY_1,2026-06-06 02:00,15.8,29.0,16.0,83,ENE,0.6,-,없음,비 또는 눈 소식이 없어요.,05:11,19:51,0,낮음,햇볕에 민감한 분들은 자외선 차단제를 발라주세요.,좋음,12,좋음,24,보통,58.0,,호흡기가 예민하신 분들은 몸상태 유의하며 활동해주세요.,
2026-06-06T01:59:12.734726+09:00,성신여대입구역,성신여대입구역,POI035,KEY_2,2026-06-06 02:00,17.3,28.0,16.0,76,SE,2.0,-,없음,비 또는 눈 소식이 없어요.,05:11,19:51,0,낮음,햇볕에 민감한 분들은 자외선 차단제를 발라주세요.,좋음,8,좋음,21,보통,55.0,,호흡기가 예민하신 분들은 몸상태 유의하며 활동해주세요.,
2026-06-06T01:59:12.734726+09:00,수유역,수유역,POI036,KEY_3,2026-06-06 02:00,14.6,28.0,15.0,87,ESE,0.5,-,없음,비 또는 눈 소식이 없어요.,05:11,19:51,0,낮음,햇볕에 민감한 분들은 자외선 차단제를 발라주세요.,좋음,11,좋음,19,보통,57.0,,호흡기가 예민하신 분들은 몸상태 유의하며 활동해주세요.,
2026-06-06T01:59:12.734726+09:00,숭례문,숭례문,POI131,KEY_4,2026-06-06 02:00,17.3,28.0,16.0,76,SE,2.0,-,없음,비 또는 눈 소식이 없어요.,05:11,19:51,0,낮음,햇볕에 민감한 분들은 자외선 차단제를 발라주세요.,좋음,12,좋음,23,보통,54.0,,호흡기가 예민하신 분들은 몸상태 유의하며 활동해주세요.,
2026-06-06T01:59:12.734726+09:00,시의회 앞,시의회 앞,POI130,KEY_1,2026-06-06 02:00,17.3,28.0,16.0,76,SE,2.0,-,없음,비 또는 눈 소식이 없어요.,05:11,19:51,0,낮음,햇볕에 민감한 분들은 자외선 차단제를 발라주세요.,좋음,12,좋음,23,보통,54.0,,호흡기가 예민하신 분들은 몸상태 유의하며 활동해주세요.,
2026-06-06T01:59:12.734726+09:00,신논현역·논현역,신논현역·논현역,POI037,KEY_2,2026-06-06 02:00,15.8,29.0,16.0,83,ENE,0.6,-,없음,비 또는 눈 소식이 없어요.,05:11,19:51,0,낮음,햇볕에 민감한 분들은 자외선 차단제를 발라주세요.,좋음,12,좋음,24,보통,58.0,,호흡기가 예민하신 분들은 몸상태 유의하며 활동해주세요.,
2026-06-06T01:59:12.734726+09:00,신도림역,신도림역,POI038,KEY_3,2026-06-06 02:00,17.3,29.0,16.0,80,ESE,0.5,-,없음,비 또는 눈 소식이 없어요.,05:11,19:51,0,낮음,햇볕에 민감한 분들은 자외선 차단제를 발라주세요.,좋음,15,좋음,20,보통,59.0,,호흡기가 예민하신 분들은 몸상태 유의하며 활동해주세요.,
2026-06-06T01:59:12.734726+09:00,신림역,신림역,POI039,KEY_4,2026-06-06 02:00,17.3,29.0,16.0,80,ESE,0.5,-,없음,비 또는 눈 소식이 없어요.,05:11,19:51,0,낮음,햇볕에 민감한 분들은 자외선 차단제를 발라주세요.,보통,19,보통,31,보통,60.0,,호흡기가 예민하신 분들은 몸상태 유의하며 활동해주세요.,
2026-06-06T01:59:12.734726+09:00,신정네거리역,신정네거리역,POI117,KEY_1,2026-06-06 02:00,17.6,29.0,16.0,84,E,1.5,-,없음,비 또는 눈 소식이 없어요.,05:11,19:51,0,낮음,햇볕에 민감한 분들은 자외선 차단제를 발라주세요.,좋음,11,좋음,26,보통,57.0,,호흡기가 예민하신 분들은 몸상태 유의하며 활동해주세요.,
2026-06-06T01:59:12.734726+09:00,신촌·이대역,신촌·이대역,POI040,KEY_2,2026-06-06 02:00,18.6,29.0,16.0,81,ESE,1.4,-,없음,비 또는 눈 소식이 없어요.,05:11,19:51,0,낮음,햇볕에 민감한 분들은 자외선 차단제를 발라주세요.,좋음,14,좋음,19,보통,51.0,,호흡기가 예민하신 분들은 몸상태 유의하며 활동해주세요.,
2026-06-06T01:59:12.734726+09:00,쌍문역,쌍문역,POI070,KEY_3,2026-06-06 02:00,14.6,28.0,15.0,87,ESE,0.5,-,없음,비 또는 눈 소식이 없어요.,05:11,19:51,0,낮음,햇볕에 민감한 분들은 자외선 차단제를 발라주세요.,좋음,12,좋음,20,보통,65.0,,호흡기가 예민하신 분들은 몸상태 유의하며 활동해주세요.,
2026-06-06T01:59:12.734726+09:00,양재역,양재역,POI041,KEY_4,2026-06-06 02:00,15.8,29.0,16.0,83,ENE,0.6,-,없음,비 또는 눈 소식이 없어요.,05:11,19:51,0,낮음,햇볕에 민감한 분들은 자외선 차단제를 발라주세요.,좋음,15,좋음,25,보통,63.0,,호흡기가 예민하신 분들은 몸상태 유의하며 활동해주세요.,
2026-06-06T01:59:12.734726+09:00,역삼역,역삼역,POI042,KEY_1,2026-06-06 02:00,15.8,29.0,16.0,83,ENE,0.6,-,없음,비 또는 눈 소식이 없어요.,05:11,19:51,0,낮음,햇볕에 민감한 분들은 자외선 차단제를 발라주세요.,좋음,12,좋음,24,보통,58.0,,호흡기가 예민하신 분들은 몸상태 유의하며 활동해주세요.,
2026-06-06T01:59:12.734726+09:00,연신내역,연신내역,POI043,KEY_2,2026-06-06 02:00,12.8,28.0,13.0,90,N,0.2,-,없음,비 또는 눈 소식이 없어요.,05:11,19:51,0,낮음,햇볕에 민감한 분들은 자외선 차단제를 발라주세요.,좋음,11,좋음,19,좋음,41.0,,대기질에 이상이 없어요.,
2026-06-06T01:59:12.734726+09:00,오목교역·목동운동장,오목교역·목동운동장,POI044,KEY_3,2026-06-06 02:00,17.6,29.0,16.0,84,E,1.5,-,없음,비 또는 눈 소식이 없어요.,05:11,19:51,0,낮음,햇볕에 민감한 분들은 자외선 차단제를 발라주세요.,좋음,11,좋음,26,보통,57.0,,호흡기가 예민하신 분들은 몸상태 유의하며 활동해주세요.,
2026-06-06T01:59:12.734726+09:00,왕십리역,왕십리역,POI045,KEY_4,2026-06-06 02:00,19.1,29.0,17.0,68,S,0.7,-,없음,비 또는 눈 소식이 없어요.,05:11,19:51,0,낮음,햇볕에 민감한 분들은 자외선 차단제를 발라주세요.,좋음,15,좋음,27,보통,56.0,,호흡기가 예민하신 분들은 몸상태 유의하며 활동해주세요.,
2026-06-06T01:59:12.734726+09:00,용산역,용산역,POI046,KEY_1,2026-06-06 02:00,18.6,29.0,16.0,81,ESE,1.4,-,없음,비 또는 눈 소식이 없어요.,05:11,19:51,0,낮음,햇볕에 민감한 분들은 자외선 차단제를 발라주세요.,좋음,12,보통,34,보통,56.0,,호흡기가 예민하신 분들은 몸상태 유의하며 활동해주세요.,
2026-06-06T01:59:12.734726+09:00,이태원역,이태원역,POI047,KEY_2,2026-06-06 02:00,17.7,29.0,16.0,80,ESE,1.9,-,없음,비 또는 눈 소식이 없어요.,05:11,19:51,0,낮음,햇볕에 민감한 분들은 자외선 차단제를 발라주세요.,좋음,12,보통,34,보통,56.0,,호흡기가 예민하신 분들은 몸상태 유의하며 활동해주세요.,
2026-06-06T01:59:12.734726+09:00,잠실새내역,잠실새내역,POI118,KEY_3,2026-06-06 02:00,17.4,29.0,16.0,74,E,1.3,-,없음,비 또는 눈 소식이 없어요.,05:11,19:51,0,낮음,햇볕에 민감한 분들은 자외선 차단제를 발라주세요.,좋음,11,좋음,21,보통,56.0,,호흡기가 예민하신 분들은 몸상태 유의하며 활동해주세요.,
2026-06-06T01:59:12.734726+09:00,잠실역,잠실역,POI119,KEY_4,2026-06-06 02:00,19.1,29.0,16.0,73,SE,0.5,-,없음,비 또는 눈 소식이 없어요.,05:11,19:51,0,낮음,햇볕에 민감한 분들은 자외선 차단제를 발라주세요.,좋음,11,좋음,21,보통,56.0,,호흡기가 예민하신 분들은 몸상태 유의하며 활동해주세요.,
2026-06-06T01:59:12.734726+09:00,장지역,장지역,POI048,KEY_1,2026-06-06 02:00,17.4,29.0,16.0,74,E,1.3,-,없음,비 또는 눈 소식이 없어요.,05:11,19:51,0,낮음,햇볕에 민감한 분들은 자외선 차단제를 발라주세요.,좋음,11,좋음,21,보통,56.0,,호흡기가 예민하신 분들은 몸상태 유의하며 활동해주세요.,
2026-06-06T01:59:12.734726+09:00,장한평역,장한평역,POI049,KEY_2,2026-06-06 02:00,19.1,29.0,17.0,68,S,0.7,-,없음,비 또는 눈 소식이 없어요.,05:11,19:51,0,낮음,햇볕에 민감한 분들은 자외선 차단제를 발라주세요.,좋음,14,좋음,23,보통,55.0,,호흡기가 예민하신 분들은 몸상태 유의하며 활동해주세요.,
2026-06-06T01:59:12.734726+09:00,천호역,천호역,POI050,KEY_3,2026-06-06 02:00,19.1,29.0,16.0,73,SE,0.5,-,없음,비 또는 눈 소식이 없어요.,05:11,19:51,0,낮음,햇볕에 민감한 분들은 자외선 차단제를 발라주세요.,점검중,0,좋음,27,보통,60.0,,호흡기가 예민하신 분들은 몸상태 유의하며 활동해주세요.,
2026-06-06T01:59:12.734726+09:00,총신대입구(이수)역,총신대입구(이수)역,POI051,KEY_4,2026-06-06 02:00,15.1,29.0,15.0,95,ESE,0.5,-,없음,비 또는 눈 소식이 없어요.,05:11,19:51,0,낮음,햇볕에 민감한 분들은 자외선 차단제를 발라주세요.,좋음,14,좋음,27,보통,62.0,,호흡기가 예민하신 분들은 몸상태 유의하며 활동해주세요.,
2026-06-06T01:59:12.734726+09:00,충정로역,충정로역,POI052,KEY_1,2026-06-06 02:00,18.6,29.0,16.0,81,ESE,1.4,-,없음,비 또는 눈 소식이 없어요.,05:11,19:51,0,낮음,햇볕에 민감한 분들은 자외선 차단제를 발라주세요.,좋음,14,좋음,19,보통,51.0,,호흡기가 예민하신 분들은 몸상태 유의하며 활동해주세요.,
2026-06-06T01:59:12.734726+09:00,합정역,합정역,POI053,KEY_2,2026-06-06 02:00,18.6,29.0,16.0,81,ESE,1.4,-,없음,비 또는 눈 소식이 없어요.,05:11,19:51,0,낮음,햇볕에 민감한 분들은 자외선 차단제를 발라주세요.,좋음,10,좋음,23,보통,54.0,,호흡기가 예민하신 분들은 몸상태 유의하며 활동해주세요.,
2026-06-06T01:59:12.734726+09:00,혜화역,혜화역,POI054,KEY_3,2026-06-06 02:00,17.3,28.0,16.0,76,SE,2.0,-,없음,비 또는 눈 소식이 없어요.,05:11,19:51,0,낮음,햇볕에 민감한 분들은 자외선 차단제를 발라주세요.,보통,16,점검중,0,보통,52.0,,호흡기가 예민하신 분들은 몸상태 유의하며 활동해주세요.,
2026-06-06T01:59:12.734726+09:00,홍대입구역(2호선),홍대입구역(2호선),POI055,KEY_4,2026-06-06 02:00,15.5,28.0,15.0,88,N,0.2,-,없음,비 또는 눈 소식이 없어요.,05:11,19:51,0,낮음,햇볕에 민감한 분들은 자외선 차단제를 발라주세요.,좋음,10,좋음,23,보통,54.0,,호흡기가 예민하신 분들은 몸상태 유의하며 활동해주세요.,
2026-06-06T01:59:12.734726+09:00,회기역,회기역,POI056,KEY_1,2026-06-06 02:00,19.1,29.0,17.0,68,S,0.7,-,없음,비 또는 눈 소식이 없어요.,05:11,19:51,0,낮음,햇볕에 민감한 분들은 자외선 차단제를 발라주세요.,좋음,14,좋음,23,보통,55.0,,호흡기가 예민하신 분들은 몸상태 유의하며 활동해주세요.,
2026-06-06T02:43:49.506823+09:00,경복궁,경복궁,POI008,KEY_1,2026-06-06 02:40,17.3,28.0,16.0,76,SE,2.0,-,없음,비 또는 눈 소식이 없어요.,05:11,19:51,0,낮음,햇볕에 민감한 분들은 자외선 차단제를 발라주세요.,보통,16,점검중,0,보통,52.0,,호흡기가 예민하신 분들은 몸상태 유의하며 활동해주세요.,
2026-06-06T02:43:49.506823+09:00,광화문·덕수궁,광화문·덕수궁,POI009,KEY_2,2026-06-06 02:40,17.3,28.0,16.0,76,SE,2.0,-,없음,비 또는 눈 소식이 없어요.,05:11,19:51,0,낮음,햇볕에 민감한 분들은 자외선 차단제를 발라주세요.,보통,16,점검중,0,보통,52.0,,호흡기가 예민하신 분들은 몸상태 유의하며 활동해주세요.,
2026-06-06T02:43:49.506823+09:00,보신각,보신각,POI010,KEY_3,2026-06-06 02:40,17.3,28.0,16.0,76,SE,2.0,-,없음,비 또는 눈 소식이 없어요.,05:11,19:51,0,낮음,햇볕에 민감한 분들은 자외선 차단제를 발라주세요.,보통,16,점검중,0,보통,52.0,,호흡기가 예민하신 분들은 몸상태 유의하며 활동해주세요.,
2026-06-06T02:43:49.506823+09:00,서울 암사동 유적,서울 암사동 유적,POI011,KEY_4,2026-06-06 02:40,17.4,29.0,15.0,77,NE,0.7,-,없음,비 또는 눈 소식이 없어요.,05:11,19:51,0,낮음,햇볕에 민감한 분들은 자외선 차단제를 발라주세요.,점검중,0,좋음,27,보통,60.0,,호흡기가 예민하신 분들은 몸상태 유의하며 활동해주세요.,
2026-06-06T02:43:49.506823+09:00,창덕궁·종묘,창덕궁·종묘,POI012,KEY_1,2026-06-06 02:40,17.3,28.0,16.0,76,SE,2.0,-,없음,비 또는 눈 소식이 없어요.,05:11,19:51,0,낮음,햇볕에 민감한 분들은 자외선 차단제를 발라주세요.,보통,16,점검중,0,보통,52.0,,호흡기가 예민하신 분들은 몸상태 유의하며 활동해주세요.,
2026-06-06T02:43:49.506823+09:00,강남 MICE 관광특구,강남 MICE 관광특구,POI001,KEY_2,2026-06-06 02:40,15.8,29.0,16.0,83,ENE,0.6,-,없음,비 또는 눈 소식이 없어요.,05:11,19:51,0,낮음,햇볕에 민감한 분들은 자외선 차단제를 발라주세요.,좋음,12,좋음,24,보통,58.0,,호흡기가 예민하신 분들은 몸상태 유의하며 활동해주세요.,
2026-06-06T02:43:49.506823+09:00,동대문 관광특구,동대문 관광특구,POI002,KEY_3,2026-06-06 02:40,17.3,28.0,16.0,76,SE,2.0,-,없음,비 또는 눈 소식이 없어요.,05:11,19:51,0,낮음,햇볕에 민감한 분들은 자외선 차단제를 발라주세요.,보통,16,점검중,0,보통,52.0,,호흡기가 예민하신 분들은 몸상태 유의하며 활동해주세요.,
2026-06-06T02:43:49.506823+09:00,명동 관광특구,명동 관광특구,POI003,KEY_4,2026-06-06 02:40,17.3,28.0,16.0,76,SE,2.0,-,없음,비 또는 눈 소식이 없어요.,05:11,19:51,0,낮음,햇볕에 민감한 분들은 자외선 차단제를 발라주세요.,좋음,12,좋음,23,보통,54.0,,호흡기가 예민하신 분들은 몸상태 유의하며 활동해주세요.,
2026-06-06T02:43:49.506823+09:00,이태원 관광특구,이태원 관광특구,POI004,KEY_1,2026-06-06 02:40,17.7,29.0,16.0,80,ESE,1.9,-,없음,비 또는 눈 소식이 없어요.,05:11,19:51,0,낮음,햇볕에 민감한 분들은 자외선 차단제를 발라주세요.,좋음,12,보통,34,보통,56.0,,호흡기가 예민하신 분들은 몸상태 유의하며 활동해주세요.,
2026-06-06T02:43:49.506823+09:00,잠실 관광특구,잠실 관광특구,POI005,KEY_2,2026-06-06 02:40,19.1,29.0,16.0,73,SE,0.5,-,없음,비 또는 눈 소식이 없어요.,05:11,19:51,0,낮음,햇볕에 민감한 분들은 자외선 차단제를 발라주세요.,좋음,11,좋음,21,보통,56.0,,호흡기가 예민하신 분들은 몸상태 유의하며 활동해주세요.,
2026-06-06T02:43:49.506823+09:00,종로·청계 관광특구,종로·청계 관광특구,POI006,KEY_3,2026-06-06 02:40,17.3,28.0,16.0,76,SE,2.0,-,없음,비 또는 눈 소식이 없어요.,05:11,19:51,0,낮음,햇볕에 민감한 분들은 자외선 차단제를 발라주세요.,보통,16,점검중,0,보통,52.0,,호흡기가 예민하신 분들은 몸상태 유의하며 활동해주세요.,
2026-06-06T02:43:49.506823+09:00,홍대 관광특구,홍대 관광특구,POI007,KEY_4,2026-06-06 02:40,18.6,29.0,16.0,81,ESE,1.4,-,없음,비 또는 눈 소식이 없어요.,05:11,19:51,0,낮음,햇볕에 민감한 분들은 자외선 차단제를 발라주세요.,좋음,10,좋음,23,보통,54.0,,호흡기가 예민하신 분들은 몸상태 유의하며 활동해주세요.,
2026-06-06T02:43:49.506823+09:00,강서한강공원,강서한강공원,POI085,KEY_1,2026-06-06 02:40,17.9,29.0,15.0,81,SSE,0.7,-,없음,비 또는 눈 소식이 없어요.,05:11,19:51,0,낮음,햇볕에 민감한 분들은 자외선 차단제를 발라주세요.,좋음,10,좋음,22,보통,53.0,,호흡기가 예민하신 분들은 몸상태 유의하며 활동해주세요.,
2026-06-06T02:43:49.506823+09:00,고척돔,고척돔,POI086,KEY_2,2026-06-06 02:40,17.2,29.0,17.0,82,ESE,2.2,-,없음,비 또는 눈 소식이 없어요.,05:11,19:51,0,낮음,햇볕에 민감한 분들은 자외선 차단제를 발라주세요.,보통,16,좋음,23,보통,69.0,,호흡기가 예민하신 분들은 몸상태 유의하며 활동해주세요.,
2026-06-06T02:43:49.506823+09:00,광나루한강공원,광나루한강공원,POI087,KEY_3,2026-06-06 02:40,19.1,29.0,16.0,73,SE,0.5,-,없음,비 또는 눈 소식이 없어요.,05:11,19:51,0,낮음,햇볕에 민감한 분들은 자외선 차단제를 발라주세요.,점검중,0,좋음,27,보통,60.0,,호흡기가 예민하신 분들은 몸상태 유의하며 활동해주세요.,
2026-06-06T02:43:49.506823+09:00,광화문광장,광화문광장,POI088,KEY_4,2026-06-06 02:40,17.3,28.0,16.0,76,SE,2.0,-,없음,비 또는 눈 소식이 없어요.,05:11,19:51,0,낮음,햇볕에 민감한 분들은 자외선 차단제를 발라주세요.,보통,16,점검중,0,보통,52.0,,호흡기가 예민하신 분들은 몸상태 유의하며 활동해주세요.,
2026-06-06T02:43:49.506823+09:00,국립중앙박물관·용산가족공원,국립중앙박물관·용산가족공원,POI089,KEY_1,2026-06-06 02:40,17.7,29.0,16.0,80,ESE,1.9,-,없음,비 또는 눈 소식이 없어요.,05:11,19:51,0,낮음,햇볕에 민감한 분들은 자외선 차단제를 발라주세요.,좋음,12,보통,34,보통,56.0,,호흡기가 예민하신 분들은 몸상태 유의하며 활동해주세요.,
2026-06-06T02:43:49.506823+09:00,난지한강공원,난지한강공원,POI090,KEY_2,2026-06-06 02:40,17.9,29.0,15.0,81,SSE,0.7,-,없음,비 또는 눈 소식이 없어요.,05:11,19:51,0,낮음,햇볕에 민감한 분들은 자외선 차단제를 발라주세요.,좋음,10,좋음,22,보통,53.0,,호흡기가 예민하신 분들은 몸상태 유의하며 활동해주세요.,
2026-06-06T02:43:49.506823+09:00,남산공원,남산공원,POI091,KEY_3,2026-06-06 02:40,17.3,28.0,16.0,76,SE,2.0,-,없음,비 또는 눈 소식이 없어요.,05:11,19:51,0,낮음,햇볕에 민감한 분들은 자외선 차단제를 발라주세요.,좋음,12,좋음,23,보통,54.0,,호흡기가 예민하신 분들은 몸상태 유의하며 활동해주세요.,
2026-06-06T02:43:49.506823+09:00,노들섬,노들섬,POI092,KEY_4,2026-06-06 02:40,18.6,29.0,16.0,81,ESE,1.4,-,없음,비 또는 눈 소식이 없어요.,05:11,19:51,0,낮음,햇볕에 민감한 분들은 자외선 차단제를 발라주세요.,좋음,12,보통,34,보통,56.0,,호흡기가 예민하신 분들은 몸상태 유의하며 활동해주세요.,
2026-06-06T02:43:49.506823+09:00,뚝섬한강공원,뚝섬한강공원,POI093,KEY_1,2026-06-06 02:40,17.7,29.0,17.0,80,ESE,1.9,-,없음,비 또는 눈 소식이 없어요.,05:11,19:51,0,낮음,햇볕에 민감한 분들은 자외선 차단제를 발라주세요.,좋음,12,좋음,30,보통,58.0,,호흡기가 예민하신 분들은 몸상태 유의하며 활동해주세요.,
2026-06-06T02:43:49.506823+09:00,망원한강공원,망원한강공원,POI094,KEY_2,2026-06-06 02:40,18.6,29.0,16.0,81,ESE,1.4,-,없음,비 또는 눈 소식이 없어요.,05:11,19:51,0,낮음,햇볕에 민감한 분들은 자외선 차단제를 발라주세요.,좋음,10,좋음,23,보통,54.0,,호흡기가 예민하신 분들은 몸상태 유의하며 활동해주세요.,
2026-06-06T02:43:49.506823+09:00,반포한강공원,반포한강공원,POI095,KEY_3,2026-06-06 02:40,17.7,29.0,16.0,80,ESE,1.9,-,없음,비 또는 눈 소식이 없어요.,05:11,19:51,0,낮음,햇볕에 민감한 분들은 자외선 차단제를 발라주세요.,좋음,12,보통,34,보통,56.0,,호흡기가 예민하신 분들은 몸상태 유의하며 활동해주세요.,
2026-06-06T02:43:49.506823+09:00,보라매공원,보라매공원,POI123,KEY_4,2026-06-06 02:40,17.3,29.0,16.0,80,ESE,0.5,-,없음,비 또는 눈 소식이 없어요.,05:11,19:51,0,낮음,햇볕에 민감한 분들은 자외선 차단제를 발라주세요.,좋음,14,좋음,27,보통,62.0,,호흡기가 예민하신 분들은 몸상태 유의하며 활동해주세요.,
2026-06-06T02:43:49.506823+09:00,북서울꿈의숲,북서울꿈의숲,POI096,KEY_1,2026-06-06 02:40,14.6,28.0,15.0,87,ESE,0.5,-,없음,비 또는 눈 소식이 없어요.,05:11,19:51,0,낮음,햇볕에 민감한 분들은 자외선 차단제를 발라주세요.,좋음,11,좋음,19,보통,57.0,,호흡기가 예민하신 분들은 몸상태 유의하며 활동해주세요.,
2026-06-06T02:43:49.506823+09:00,서대문독립공원,서대문독립공원,POI124,KEY_2,2026-06-06 02:40,17.3,28.0,16.0,76,SE,2.0,-,없음,비 또는 눈 소식이 없어요.,05:11,19:51,0,낮음,햇볕에 민감한 분들은 자외선 차단제를 발라주세요.,보통,16,점검중,0,보통,52.0,,호흡기가 예민하신 분들은 몸상태 유의하며 활동해주세요.,
2026-06-06T02:43:49.506823+09:00,서리풀공원·몽마르뜨공원,서리풀공원·몽마르뜨공원,POI098,KEY_3,2026-06-06 02:40,15.1,29.0,15.0,95,ESE,0.5,-,없음,비 또는 눈 소식이 없어요.,05:11,19:51,0,낮음,햇볕에 민감한 분들은 자외선 차단제를 발라주세요.,좋음,15,좋음,25,보통,63.0,,호흡기가 예민하신 분들은 몸상태 유의하며 활동해주세요.,
2026-06-06T02:43:49.506823+09:00,서울숲공원,서울숲공원,POI101,KEY_1,2026-06-06 02:40,17.7,29.0,17.0,80,ESE,1.9,-,없음,비 또는 눈 소식이 없어요.,05:11,19:51,0,낮음,햇볕에 민감한 분들은 자외선 차단제를 발라주세요.,좋음,15,좋음,27,보통,56.0,,호흡기가 예민하신 분들은 몸상태 유의하며 활동해주세요.,
2026-06-06T02:43:49.506823+09:00,송현녹지광장,송현녹지광장,POI129,KEY_2,2026-06-06 02:40,17.3,28.0,16.0,76,SE,2.0,-,없음,비 또는 눈 소식이 없어요.,05:11,19:51,0,낮음,햇볕에 민감한 분들은 자외선 차단제를 발라주세요.,보통,16,점검중,0,보통,52.0,,호흡기가 예민하신 분들은 몸상태 유의하며 활동해주세요.,
2026-06-06T02:43:49.506823+09:00,아차산,아차산,POI102,KEY_3,2026-06-06 02:40,18.6,29.0,16.0,65,SSE,1.6,-,없음,비 또는 눈 소식이 없어요.,05:11,19:51,0,낮음,햇볕에 민감한 분들은 자외선 차단제를 발라주세요.,좋음,12,좋음,30,보통,58.0,,호흡기가 예민하신 분들은 몸상태 유의하며 활동해주세요.,
2026-06-06T02:43:49.506823+09:00,안양천,안양천,POI125,KEY_4,2026-06-06 02:40,17.6,29.0,16.0,84,E,1.5,-,없음,비 또는 눈 소식이 없어요.,05:11,19:51,0,낮음,햇볕에 민감한 분들은 자외선 차단제를 발라주세요.,좋음,11,좋음,26,보통,57.0,,호흡기가 예민하신 분들은 몸상태 유의하며 활동해주세요.,
2026-06-06T02:43:49.506823+09:00,양화한강공원,양화한강공원,POI103,KEY_1,2026-06-06 02:40,17.6,29.0,16.0,84,E,1.5,-,없음,비 또는 눈 소식이 없어요.,05:11,19:51,0,낮음,햇볕에 민감한 분들은 자외선 차단제를 발라주세요.,좋음,15,좋음,20,보통,59.0,,호흡기가 예민하신 분들은 몸상태 유의하며 활동해주세요.,
2026-06-06T02:43:49.506823+09:00,어린이대공원,어린이대공원,POI104,KEY_2,2026-06-06 02:40,19.1,29.0,16.0,73,SE,0.5,-,없음,비 또는 눈 소식이 없어요.,05:11,19:51,0,낮음,햇볕에 민감한 분들은 자외선 차단제를 발라주세요.,좋음,12,좋음,30,보통,58.0,,호흡기가 예민하신 분들은 몸상태 유의하며 활동해주세요.,
2026-06-06T02:43:49.506823+09:00,여의도한강공원,여의도한강공원,POI105,KEY_3,2026-06-06 02:40,18.6,29.0,16.0,81,ESE,1.4,-,없음,비 또는 눈 소식이 없어요.,05:11,19:51,0,낮음,햇볕에 민감한 분들은 자외선 차단제를 발라주세요.,좋음,15,좋음,20,보통,59.0,,호흡기가 예민하신 분들은 몸상태 유의하며 활동해주세요.,
2026-06-06T02:43:49.506823+09:00,여의서로,여의서로,POI126,KEY_4,2026-06-06 02:40,18.6,29.0,16.0,81,ESE,1.4,-,없음,비 또는 눈 소식이 없어요.,05:11,19:51,0,낮음,햇볕에 민감한 분들은 자외선 차단제를 발라주세요.,좋음,15,좋음,20,보통,59.0,,호흡기가 예민하신 분들은 몸상태 유의하며 활동해주세요.,
2026-06-06T02:43:49.506823+09:00,올림픽공원,올림픽공원,POI127,KEY_1,2026-06-06 02:40,19.1,29.0,16.0,73,SE,0.5,-,없음,비 또는 눈 소식이 없어요.,05:11,19:51,0,낮음,햇볕에 민감한 분들은 자외선 차단제를 발라주세요.,좋음,11,좋음,21,보통,56.0,,호흡기가 예민하신 분들은 몸상태 유의하며 활동해주세요.,
2026-06-06T02:43:49.506823+09:00,월드컵공원,월드컵공원,POI106,KEY_2,2026-06-06 02:40,17.9,29.0,15.0,81,SSE,0.7,-,없음,비 또는 눈 소식이 없어요.,05:11,19:51,0,낮음,햇볕에 민감한 분들은 자외선 차단제를 발라주세요.,좋음,10,좋음,23,보통,54.0,,호흡기가 예민하신 분들은 몸상태 유의하며 활동해주세요.,
2026-06-06T02:43:49.506823+09:00,응봉산,응봉산,POI107,KEY_3,2026-06-06 02:40,17.7,29.0,17.0,80,ESE,1.9,-,없음,비 또는 눈 소식이 없어요.,05:11,19:51,0,낮음,햇볕에 민감한 분들은 자외선 차단제를 발라주세요.,좋음,15,좋음,27,보통,56.0,,호흡기가 예민하신 분들은 몸상태 유의하며 활동해주세요.,
2026-06-06T02:43:49.506823+09:00,이촌한강공원,이촌한강공원,POI108,KEY_4,2026-06-06 02:40,17.7,29.0,16.0,80,ESE,1.9,-,없음,비 또는 눈 소식이 없어요.,05:11,19:51,0,낮음,햇볕에 민감한 분들은 자외선 차단제를 발라주세요.,좋음,12,보통,34,보통,56.0,,호흡기가 예민하신 분들은 몸상태 유의하며 활동해주세요.,
2026-06-06T02:43:49.506823+09:00,잠실종합운동장,잠실종합운동장,POI109,KEY_1,2026-06-06 02:40,17.4,29.0,16.0,74,E,1.3,-,없음,비 또는 눈 소식이 없어요.,05:11,19:51,0,낮음,햇볕에 민감한 분들은 자외선 차단제를 발라주세요.,좋음,11,좋음,21,보통,56.0,,호흡기가 예민하신 분들은 몸상태 유의하며 활동해주세요.,
2026-06-06T02:43:49.506823+09:00,잠실한강공원,잠실한강공원,POI110,KEY_2,2026-06-06 02:40,19.1,29.0,16.0,73,SE,0.5,-,없음,비 또는 눈 소식이 없어요.,05:11,19:51,0,낮음,햇볕에 민감한 분들은 자외선 차단제를 발라주세요.,좋음,12,좋음,30,보통,58.0,,호흡기가 예민하신 분들은 몸상태 유의하며 활동해주세요.,
2026-06-06T02:43:49.506823+09:00,잠원한강공원,잠원한강공원,POI111,KEY_3,2026-06-06 02:40,17.7,29.0,17.0,80,ESE,1.9,-,없음,비 또는 눈 소식이 없어요.,05:11,19:51,0,낮음,햇볕에 민감한 분들은 자외선 차단제를 발라주세요.,좋음,12,좋음,24,보통,58.0,,호흡기가 예민하신 분들은 몸상태 유의하며 활동해주세요.,
2026-06-06T02:43:49.506823+09:00,청계산,청계산,POI112,KEY_4,2026-06-06 02:40,13.6,28.0,15.0,93,SSE,0.6,-,없음,비 또는 눈 소식이 없어요.,05:11,19:51,0,낮음,햇볕에 민감한 분들은 자외선 차단제를 발라주세요.,좋음,15,좋음,25,보통,63.0,,호흡기가 예민하신 분들은 몸상태 유의하며 활동해주세요.,
2026-06-06T02:43:49.506823+09:00,홍제폭포,홍제폭포,POI128,KEY_1,2026-06-06 02:40,15.5,28.0,15.0,88,N,0.2,-,없음,비 또는 눈 소식이 없어요.,05:11,19:51,0,낮음,햇볕에 민감한 분들은 자외선 차단제를 발라주세요.,좋음,14,좋음,19,보통,51.0,,호흡기가 예민하신 분들은 몸상태 유의하며 활동해주세요.,
2026-06-06T02:43:49.506823+09:00,가락시장,가락시장,POI058,KEY_2,2026-06-06 02:40,17.4,29.0,16.0,74,E,1.3,-,없음,비 또는 눈 소식이 없어요.,05:11,19:51,0,낮음,햇볕에 민감한 분들은 자외선 차단제를 발라주세요.,좋음,11,좋음,21,보통,56.0,,호흡기가 예민하신 분들은 몸상태 유의하며 활동해주세요.,
2026-06-06T02:43:49.506823+09:00,가로수길,가로수길,POI059,KEY_3,2026-06-06 02:40,17.7,29.0,17.0,80,ESE,1.9,-,없음,비 또는 눈 소식이 없어요.,05:11,19:51,0,낮음,햇볕에 민감한 분들은 자외선 차단제를 발라주세요.,좋음,12,좋음,24,보통,58.0,,호흡기가 예민하신 분들은 몸상태 유의하며 활동해주세요.,
2026-06-06T02:43:49.506823+09:00,광장(전통)시장,광장(전통)시장,POI060,KEY_4,2026-06-06 02:40,17.3,28.0,16.0,76,SE,2.0,-,없음,비 또는 눈 소식이 없어요.,05:11,19:51,0,낮음,햇볕에 민감한 분들은 자외선 차단제를 발라주세요.,보통,16,점검중,0,보통,52.0,,호흡기가 예민하신 분들은 몸상태 유의하며 활동해주세요.,
2026-06-06T02:43:49.506823+09:00,김포공항,김포공항,POI061,KEY_1,2026-06-06 02:40,17.9,29.0,15.0,81,SSE,0.7,-,없음,비 또는 눈 소식이 없어요.,05:11,19:51,0,낮음,햇볕에 민감한 분들은 자외선 차단제를 발라주세요.,좋음,10,좋음,22,보통,53.0,,호흡기가 예민하신 분들은 몸상태 유의하며 활동해주세요.,
2026-06-06T02:43:49.506823+09:00,남대문시장,남대문시장,POI115,KEY_2,2026-06-06 02:40,17.3,28.0,16.0,76,SE,2.0,-,없음,비 또는 눈 소식이 없어요.,05:11,19:51,0,낮음,햇볕에 민감한 분들은 자외선 차단제를 발라주세요.,좋음,12,좋음,23,보통,54.0,,호흡기가 예민하신 분들은 몸상태 유의하며 활동해주세요.,
2026-06-06T02:43:49.506823+09:00,노량진,노량진,POI063,KEY_3,2026-06-06 02:40,17.3,29.0,16.0,80,ESE,0.5,-,없음,비 또는 눈 소식이 없어요.,05:11,19:51,0,낮음,햇볕에 민감한 분들은 자외선 차단제를 발라주세요.,좋음,14,좋음,27,보통,62.0,,호흡기가 예민하신 분들은 몸상태 유의하며 활동해주세요.,
2026-06-06T02:43:49.506823+09:00,덕수궁길·정동길,덕수궁길·정동길,POI064,KEY_4,2026-06-06 02:40,17.3,28.0,16.0,76,SE,2.0,-,없음,비 또는 눈 소식이 없어요.,05:11,19:51,0,낮음,햇볕에 민감한 분들은 자외선 차단제를 발라주세요.,보통,16,점검중,0,보통,52.0,,호흡기가 예민하신 분들은 몸상태 유의하며 활동해주세요.,
2026-06-06T02:43:49.506823+09:00,북창동 먹자골목,북창동 먹자골목,POI114,KEY_1,2026-06-06 02:40,17.3,28.0,16.0,76,SE,2.0,-,없음,비 또는 눈 소식이 없어요.,05:11,19:51,0,낮음,햇볕에 민감한 분들은 자외선 차단제를 발라주세요.,좋음,12,좋음,23,보통,54.0,,호흡기가 예민하신 분들은 몸상태 유의하며 활동해주세요.,
2026-06-06T02:43:49.506823+09:00,북촌한옥마을,북촌한옥마을,POI066,KEY_2,2026-06-06 02:40,17.3,28.0,16.0,76,SE,2.0,-,없음,비 또는 눈 소식이 없어요.,05:11,19:51,0,낮음,햇볕에 민감한 분들은 자외선 차단제를 발라주세요.,보통,16,점검중,0,보통,52.0,,호흡기가 예민하신 분들은 몸상태 유의하며 활동해주세요.,
2026-06-06T02:43:49.506823+09:00,서촌,서촌,POI067,KEY_3,2026-06-06 02:40,17.3,28.0,16.0,76,SE,2.0,-,없음,비 또는 눈 소식이 없어요.,05:11,19:51,0,낮음,햇볕에 민감한 분들은 자외선 차단제를 발라주세요.,보통,16,점검중,0,보통,52.0,,호흡기가 예민하신 분들은 몸상태 유의하며 활동해주세요.,
2026-06-06T02:43:49.506823+09:00,성수카페거리,성수카페거리,POI068,KEY_4,2026-06-06 02:40,17.7,29.0,17.0,80,ESE,1.9,-,없음,비 또는 눈 소식이 없어요.,05:11,19:51,0,낮음,햇볕에 민감한 분들은 자외선 차단제를 발라주세요.,좋음,15,좋음,27,보통,56.0,,호흡기가 예민하신 분들은 몸상태 유의하며 활동해주세요.,
2026-06-06T02:43:49.506823+09:00,송리단길·호수단길,송리단길·호수단길,POI121,KEY_1,2026-06-06 02:40,17.4,29.0,16.0,74,E,1.3,-,없음,비 또는 눈 소식이 없어요.,05:11,19:51,0,낮음,햇볕에 민감한 분들은 자외선 차단제를 발라주세요.,좋음,11,좋음,21,보통,56.0,,호흡기가 예민하신 분들은 몸상태 유의하며 활동해주세요.,
2026-06-06T02:43:49.506823+09:00,신촌 스타광장,신촌 스타광장,POI122,KEY_2,2026-06-06 02:40,18.6,29.0,16.0,81,ESE,1.4,-,없음,비 또는 눈 소식이 없어요.,05:11,19:51,0,낮음,햇볕에 민감한 분들은 자외선 차단제를 발라주세요.,좋음,14,좋음,19,보통,51.0,,호흡기가 예민하신 분들은 몸상태 유의하며 활동해주세요.,
2026-06-06T02:43:49.506823+09:00,압구정로데오거리,압구정로데오거리,POI071,KEY_3,2026-06-06 02:40,17.7,29.0,17.0,80,ESE,1.9,-,없음,비 또는 눈 소식이 없어요.,05:11,19:51,0,낮음,햇볕에 민감한 분들은 자외선 차단제를 발라주세요.,좋음,12,좋음,24,보통,58.0,,호흡기가 예민하신 분들은 몸상태 유의하며 활동해주세요.,
2026-06-06T02:43:49.506823+09:00,여의도,여의도,POI072,KEY_4,2026-06-06 02:40,18.6,29.0,16.0,81,ESE,1.4,-,없음,비 또는 눈 소식이 없어요.,05:11,19:51,0,낮음,햇볕에 민감한 분들은 자외선 차단제를 발라주세요.,좋음,15,좋음,20,보통,59.0,,호흡기가 예민하신 분들은 몸상태 유의하며 활동해주세요.,
2026-06-06T02:43:49.506823+09:00,연남동,연남동,POI073,KEY_1,2026-06-06 02:40,15.5,28.0,15.0,88,N,0.2,-,없음,비 또는 눈 소식이 없어요.,05:11,19:51,0,낮음,햇볕에 민감한 분들은 자외선 차단제를 발라주세요.,좋음,10,좋음,23,보통,54.0,,호흡기가 예민하신 분들은 몸상태 유의하며 활동해주세요.,
2026-06-06T02:43:49.506823+09:00,영등포 타임스퀘어,영등포 타임스퀘어,POI074,KEY_2,2026-06-06 02:40,18.6,29.0,16.0,81,ESE,1.4,-,없음,비 또는 눈 소식이 없어요.,05:11,19:51,0,낮음,햇볕에 민감한 분들은 자외선 차단제를 발라주세요.,좋음,15,좋음,20,보통,59.0,,호흡기가 예민하신 분들은 몸상태 유의하며 활동해주세요.,
2026-06-06T02:43:49.506823+09:00,용리단길,용리단길,POI076,KEY_3,2026-06-06 02:40,17.7,29.0,16.0,80,ESE,1.9,-,없음,비 또는 눈 소식이 없어요.,05:11,19:51,0,낮음,햇볕에 민감한 분들은 자외선 차단제를 발라주세요.,좋음,12,보통,34,보통,56.0,,호흡기가 예민하신 분들은 몸상태 유의하며 활동해주세요.,
2026-06-06T02:43:49.506823+09:00,이태원 앤틱가구거리,이태원 앤틱가구거리,POI077,KEY_4,2026-06-06 02:40,17.7,29.0,16.0,80,ESE,1.9,-,없음,비 또는 눈 소식이 없어요.,05:11,19:51,0,낮음,햇볕에 민감한 분들은 자외선 차단제를 발라주세요.,좋음,12,보통,34,보통,56.0,,호흡기가 예민하신 분들은 몸상태 유의하며 활동해주세요.,
2026-06-06T02:43:49.506823+09:00,익선동,익선동,POI116,KEY_1,2026-06-06 02:40,17.3,28.0,16.0,76,SE,2.0,-,없음,비 또는 눈 소식이 없어요.,05:11,19:51,0,낮음,햇볕에 민감한 분들은 자외선 차단제를 발라주세요.,보통,16,점검중,0,보통,52.0,,호흡기가 예민하신 분들은 몸상태 유의하며 활동해주세요.,
2026-06-06T02:43:49.506823+09:00,인사동,인사동,POI078,KEY_2,2026-06-06 02:40,17.3,28.0,16.0,76,SE,2.0,-,없음,비 또는 눈 소식이 없어요.,05:11,19:51,0,낮음,햇볕에 민감한 분들은 자외선 차단제를 발라주세요.,보통,16,점검중,0,보통,52.0,,호흡기가 예민하신 분들은 몸상태 유의하며 활동해주세요.,
2026-06-06T02:43:49.506823+09:00,잠실롯데타워·석촌호수,잠실롯데타워·석촌호수,POI120,KEY_3,2026-06-06 02:40,19.1,29.0,16.0,73,SE,0.5,-,없음,비 또는 눈 소식이 없어요.,05:11,19:51,0,낮음,햇볕에 민감한 분들은 자외선 차단제를 발라주세요.,좋음,11,좋음,21,보통,56.0,,호흡기가 예민하신 분들은 몸상태 유의하며 활동해주세요.,
2026-06-06T02:43:49.506823+09:00,창동 신경제 중심지,창동 신경제 중심지,POI079,KEY_4,2026-06-06 02:40,16.2,28.0,14.0,78,SE,0.1,-,없음,비 또는 눈 소식이 없어요.,05:11,19:51,0,낮음,햇볕에 민감한 분들은 자외선 차단제를 발라주세요.,좋음,13,보통,35,좋음,47.0,,대기질에 이상이 없어요.,
2026-06-06T02:43:49.506823+09:00,청담동 명품거리,청담동 명품거리,POI080,KEY_1,2026-06-06 02:40,17.7,29.0,17.0,80,ESE,1.9,-,없음,비 또는 눈 소식이 없어요.,05:11,19:51,0,낮음,햇볕에 민감한 분들은 자외선 차단제를 발라주세요.,좋음,12,좋음,24,보통,58.0,,호흡기가 예민하신 분들은 몸상태 유의하며 활동해주세요.,
2026-06-06T02:43:49.506823+09:00,청량리 제기동 일대 전통시장,청량리 제기동 일대 전통시장,POI081,KEY_2,2026-06-06 02:40,19.1,29.0,17.0,68,S,0.7,-,없음,비 또는 눈 소식이 없어요.,05:11,19:51,0,낮음,햇볕에 민감한 분들은 자외선 차단제를 발라주세요.,좋음,14,좋음,23,보통,55.0,,호흡기가 예민하신 분들은 몸상태 유의하며 활동해주세요.,
2026-06-06T02:43:49.506823+09:00,해방촌·경리단길,해방촌·경리단길,POI082,KEY_3,2026-06-06 02:40,17.7,29.0,16.0,80,ESE,1.9,-,없음,비 또는 눈 소식이 없어요.,05:11,19:51,0,낮음,햇볕에 민감한 분들은 자외선 차단제를 발라주세요.,좋음,12,보통,34,보통,56.0,,호흡기가 예민하신 분들은 몸상태 유의하며 활동해주세요.,
2026-06-06T02:43:49.506823+09:00,DDP(동대문디자인플라자),DDP(동대문디자인플라자),POI083,KEY_4,2026-06-06 02:40,17.3,28.0,16.0,76,SE,2.0,-,없음,비 또는 눈 소식이 없어요.,05:11,19:51,0,낮음,햇볕에 민감한 분들은 자외선 차단제를 발라주세요.,보통,16,점검중,0,보통,52.0,,호흡기가 예민하신 분들은 몸상태 유의하며 활동해주세요.,
2026-06-06T02:43:49.506823+09:00,DMC(디지털미디어시티),DMC(디지털미디어시티),POI084,KEY_1,2026-06-06 02:40,17.9,29.0,15.0,81,SSE,0.7,-,없음,비 또는 눈 소식이 없어요.,05:11,19:51,0,낮음,햇볕에 민감한 분들은 자외선 차단제를 발라주세요.,좋음,10,좋음,23,보통,54.0,,호흡기가 예민하신 분들은 몸상태 유의하며 활동해주세요.,
2026-06-06T02:43:49.506823+09:00,강남역,강남역,POI014,KEY_3,2026-06-06 02:40,15.8,29.0,16.0,83,ENE,0.6,-,없음,비 또는 눈 소식이 없어요.,05:11,19:51,0,낮음,햇볕에 민감한 분들은 자외선 차단제를 발라주세요.,좋음,15,좋음,25,보통,63.0,,호흡기가 예민하신 분들은 몸상태 유의하며 활동해주세요.,
2026-06-06T02:43:49.506823+09:00,건대입구역,건대입구역,POI015,KEY_4,2026-06-06 02:40,17.7,29.0,17.0,80,ESE,1.9,-,없음,비 또는 눈 소식이 없어요.,05:11,19:51,0,낮음,햇볕에 민감한 분들은 자외선 차단제를 발라주세요.,좋음,12,좋음,30,보통,58.0,,호흡기가 예민하신 분들은 몸상태 유의하며 활동해주세요.,
2026-06-06T02:43:49.506823+09:00,고덕역,고덕역,POI016,KEY_1,2026-06-06 02:40,15.4,28.0,15.0,86,NNE,1.0,-,없음,비 또는 눈 소식이 없어요.,05:11,19:51,0,낮음,햇볕에 민감한 분들은 자외선 차단제를 발라주세요.,점검중,0,좋음,27,보통,60.0,,호흡기가 예민하신 분들은 몸상태 유의하며 활동해주세요.,
2026-06-06T02:43:49.506823+09:00,고속터미널역,고속터미널역,POI017,KEY_2,2026-06-06 02:40,15.1,29.0,15.0,95,ESE,0.5,-,없음,비 또는 눈 소식이 없어요.,05:11,19:51,0,낮음,햇볕에 민감한 분들은 자외선 차단제를 발라주세요.,좋음,15,좋음,25,보통,63.0,,호흡기가 예민하신 분들은 몸상태 유의하며 활동해주세요.,
2026-06-06T02:43:49.506823+09:00,교대역,교대역,POI018,KEY_3,2026-06-06 02:40,15.8,29.0,16.0,83,ENE,0.6,-,없음,비 또는 눈 소식이 없어요.,05:11,19:51,0,낮음,햇볕에 민감한 분들은 자외선 차단제를 발라주세요.,좋음,15,좋음,25,보통,63.0,,호흡기가 예민하신 분들은 몸상태 유의하며 활동해주세요.,
2026-06-06T02:43:49.506823+09:00,구로디지털단지역,구로디지털단지역,POI019,KEY_4,2026-06-06 02:40,17.2,29.0,17.0,82,ESE,2.2,-,없음,비 또는 눈 소식이 없어요.,05:11,19:51,0,낮음,햇볕에 민감한 분들은 자외선 차단제를 발라주세요.,보통,16,좋음,23,보통,69.0,,호흡기가 예민하신 분들은 몸상태 유의하며 활동해주세요.,
2026-06-06T02:43:49.506823+09:00,구로역,구로역,POI020,KEY_1,2026-06-06 02:40,17.2,29.0,17.0,82,ESE,2.2,-,없음,비 또는 눈 소식이 없어요.,05:11,19:51,0,낮음,햇볕에 민감한 분들은 자외선 차단제를 발라주세요.,보통,16,좋음,23,보통,69.0,,호흡기가 예민하신 분들은 몸상태 유의하며 활동해주세요.,
2026-06-06T02:43:49.506823+09:00,군자역,군자역,POI021,KEY_2,2026-06-06 02:40,18.6,29.0,16.0,65,SSE,1.6,-,없음,비 또는 눈 소식이 없어요.,05:11,19:51,0,낮음,햇볕에 민감한 분들은 자외선 차단제를 발라주세요.,좋음,12,좋음,30,보통,58.0,,호흡기가 예민하신 분들은 몸상태 유의하며 활동해주세요.,
2026-06-06T02:43:49.506823+09:00,대림역,대림역,POI023,KEY_3,2026-06-06 02:40,17.2,29.0,17.0,82,ESE,2.2,-,없음,비 또는 눈 소식이 없어요.,05:11,19:51,0,낮음,햇볕에 민감한 분들은 자외선 차단제를 발라주세요.,좋음,15,좋음,20,보통,59.0,,호흡기가 예민하신 분들은 몸상태 유의하며 활동해주세요.,
2026-06-06T02:43:49.506823+09:00,동대문역,동대문역,POI024,KEY_4,2026-06-06 02:40,17.3,28.0,16.0,76,SE,2.0,-,없음,비 또는 눈 소식이 없어요.,05:11,19:51,0,낮음,햇볕에 민감한 분들은 자외선 차단제를 발라주세요.,보통,16,점검중,0,보통,52.0,,호흡기가 예민하신 분들은 몸상태 유의하며 활동해주세요.,
2026-06-06T02:43:49.506823+09:00,뚝섬역,뚝섬역,POI025,KEY_1,2026-06-06 02:40,17.7,29.0,17.0,80,ESE,1.9,-,없음,비 또는 눈 소식이 없어요.,05:11,19:51,0,낮음,햇볕에 민감한 분들은 자외선 차단제를 발라주세요.,좋음,15,좋음,27,보통,56.0,,호흡기가 예민하신 분들은 몸상태 유의하며 활동해주세요.,
2026-06-06T02:43:49.506823+09:00,미아사거리역,미아사거리역,POI026,KEY_2,2026-06-06 02:40,14.6,28.0,15.0,87,ESE,0.5,-,없음,비 또는 눈 소식이 없어요.,05:11,19:51,0,낮음,햇볕에 민감한 분들은 자외선 차단제를 발라주세요.,좋음,11,좋음,19,보통,57.0,,호흡기가 예민하신 분들은 몸상태 유의하며 활동해주세요.,
2026-06-06T02:43:49.506823+09:00,발산역,발산역,POI027,KEY_3,2026-06-06 02:40,17.9,29.0,15.0,81,SSE,0.7,-,없음,비 또는 눈 소식이 없어요.,05:11,19:51,0,낮음,햇볕에 민감한 분들은 자외선 차단제를 발라주세요.,좋음,10,좋음,22,보통,53.0,,호흡기가 예민하신 분들은 몸상태 유의하며 활동해주세요.,
2026-06-06T02:43:49.506823+09:00,사당역,사당역,POI029,KEY_4,2026-06-06 02:40,15.1,29.0,15.0,95,ESE,0.5,-,없음,비 또는 눈 소식이 없어요.,05:11,19:51,0,낮음,햇볕에 민감한 분들은 자외선 차단제를 발라주세요.,좋음,15,좋음,25,보통,63.0,,호흡기가 예민하신 분들은 몸상태 유의하며 활동해주세요.,
2026-06-06T02:43:49.506823+09:00,삼각지역,삼각지역,POI030,KEY_1,2026-06-06 02:40,17.7,29.0,16.0,80,ESE,1.9,-,없음,비 또는 눈 소식이 없어요.,05:11,19:51,0,낮음,햇볕에 민감한 분들은 자외선 차단제를 발라주세요.,좋음,12,보통,34,보통,56.0,,호흡기가 예민하신 분들은 몸상태 유의하며 활동해주세요.,
2026-06-06T02:43:49.506823+09:00,서울대입구역,서울대입구역,POI031,KEY_2,2026-06-06 02:40,17.3,29.0,16.0,80,ESE,0.5,-,없음,비 또는 눈 소식이 없어요.,05:11,19:51,0,낮음,햇볕에 민감한 분들은 자외선 차단제를 발라주세요.,보통,19,보통,31,보통,60.0,,호흡기가 예민하신 분들은 몸상태 유의하며 활동해주세요.,
2026-06-06T02:43:49.506823+09:00,서울식물원·마곡나루역,서울식물원·마곡나루역,POI032,KEY_3,2026-06-06 02:40,17.9,29.0,15.0,81,SSE,0.7,-,없음,비 또는 눈 소식이 없어요.,05:11,19:51,0,낮음,햇볕에 민감한 분들은 자외선 차단제를 발라주세요.,좋음,10,좋음,22,보통,53.0,,호흡기가 예민하신 분들은 몸상태 유의하며 활동해주세요.,
2026-06-06T02:43:49.506823+09:00,서울역,서울역,POI033,KEY_4,2026-06-06 02:40,17.3,28.0,16.0,76,SE,2.0,-,없음,비 또는 눈 소식이 없어요.,05:11,19:51,0,낮음,햇볕에 민감한 분들은 자외선 차단제를 발라주세요.,좋음,12,좋음,23,보통,54.0,,호흡기가 예민하신 분들은 몸상태 유의하며 활동해주세요.,
2026-06-06T02:43:49.506823+09:00,선릉역,선릉역,POI034,KEY_1,2026-06-06 02:40,15.8,29.0,16.0,83,ENE,0.6,-,없음,비 또는 눈 소식이 없어요.,05:11,19:51,0,낮음,햇볕에 민감한 분들은 자외선 차단제를 발라주세요.,좋음,12,좋음,24,보통,58.0,,호흡기가 예민하신 분들은 몸상태 유의하며 활동해주세요.,
2026-06-06T02:43:49.506823+09:00,성신여대입구역,성신여대입구역,POI035,KEY_2,2026-06-06 02:40,17.3,28.0,16.0,76,SE,2.0,-,없음,비 또는 눈 소식이 없어요.,05:11,19:51,0,낮음,햇볕에 민감한 분들은 자외선 차단제를 발라주세요.,좋음,8,좋음,21,보통,55.0,,호흡기가 예민하신 분들은 몸상태 유의하며 활동해주세요.,
2026-06-06T02:43:49.506823+09:00,수유역,수유역,POI036,KEY_3,2026-06-06 02:40,14.6,28.0,15.0,87,ESE,0.5,-,없음,비 또는 눈 소식이 없어요.,05:11,19:51,0,낮음,햇볕에 민감한 분들은 자외선 차단제를 발라주세요.,좋음,11,좋음,19,보통,57.0,,호흡기가 예민하신 분들은 몸상태 유의하며 활동해주세요.,
2026-06-06T02:43:49.506823+09:00,숭례문,숭례문,POI131,KEY_4,2026-06-06 02:40,17.3,28.0,16.0,76,SE,2.0,-,없음,비 또는 눈 소식이 없어요.,05:11,19:51,0,낮음,햇볕에 민감한 분들은 자외선 차단제를 발라주세요.,좋음,12,좋음,23,보통,54.0,,호흡기가 예민하신 분들은 몸상태 유의하며 활동해주세요.,
2026-06-06T02:43:49.506823+09:00,시의회 앞,시의회 앞,POI130,KEY_1,2026-06-06 02:40,17.3,28.0,16.0,76,SE,2.0,-,없음,비 또는 눈 소식이 없어요.,05:11,19:51,0,낮음,햇볕에 민감한 분들은 자외선 차단제를 발라주세요.,좋음,12,좋음,23,보통,54.0,,호흡기가 예민하신 분들은 몸상태 유의하며 활동해주세요.,
2026-06-06T02:43:49.506823+09:00,신논현역·논현역,신논현역·논현역,POI037,KEY_2,2026-06-06 02:40,15.8,29.0,16.0,83,ENE,0.6,-,없음,비 또는 눈 소식이 없어요.,05:11,19:51,0,낮음,햇볕에 민감한 분들은 자외선 차단제를 발라주세요.,좋음,12,좋음,24,보통,58.0,,호흡기가 예민하신 분들은 몸상태 유의하며 활동해주세요.,
2026-06-06T02:43:49.506823+09:00,신도림역,신도림역,POI038,KEY_3,2026-06-06 02:40,17.3,29.0,16.0,80,ESE,0.5,-,없음,비 또는 눈 소식이 없어요.,05:11,19:51,0,낮음,햇볕에 민감한 분들은 자외선 차단제를 발라주세요.,좋음,15,좋음,20,보통,59.0,,호흡기가 예민하신 분들은 몸상태 유의하며 활동해주세요.,
2026-06-06T02:43:49.506823+09:00,신림역,신림역,POI039,KEY_4,2026-06-06 02:40,17.3,29.0,16.0,80,ESE,0.5,-,없음,비 또는 눈 소식이 없어요.,05:11,19:51,0,낮음,햇볕에 민감한 분들은 자외선 차단제를 발라주세요.,보통,19,보통,31,보통,60.0,,호흡기가 예민하신 분들은 몸상태 유의하며 활동해주세요.,
2026-06-06T02:43:49.506823+09:00,신정네거리역,신정네거리역,POI117,KEY_1,2026-06-06 02:40,17.6,29.0,16.0,84,E,1.5,-,없음,비 또는 눈 소식이 없어요.,05:11,19:51,0,낮음,햇볕에 민감한 분들은 자외선 차단제를 발라주세요.,좋음,11,좋음,26,보통,57.0,,호흡기가 예민하신 분들은 몸상태 유의하며 활동해주세요.,
2026-06-06T02:43:49.506823+09:00,신촌·이대역,신촌·이대역,POI040,KEY_2,2026-06-06 02:40,18.6,29.0,16.0,81,ESE,1.4,-,없음,비 또는 눈 소식이 없어요.,05:11,19:51,0,낮음,햇볕에 민감한 분들은 자외선 차단제를 발라주세요.,좋음,14,좋음,19,보통,51.0,,호흡기가 예민하신 분들은 몸상태 유의하며 활동해주세요.,
2026-06-06T02:43:49.506823+09:00,쌍문역,쌍문역,POI070,KEY_3,2026-06-06 02:40,14.6,28.0,15.0,87,ESE,0.5,-,없음,비 또는 눈 소식이 없어요.,05:11,19:51,0,낮음,햇볕에 민감한 분들은 자외선 차단제를 발라주세요.,좋음,12,좋음,20,보통,65.0,,호흡기가 예민하신 분들은 몸상태 유의하며 활동해주세요.,
2026-06-06T02:43:49.506823+09:00,양재역,양재역,POI041,KEY_4,2026-06-06 02:40,15.8,29.0,16.0,83,ENE,0.6,-,없음,비 또는 눈 소식이 없어요.,05:11,19:51,0,낮음,햇볕에 민감한 분들은 자외선 차단제를 발라주세요.,좋음,15,좋음,25,보통,63.0,,호흡기가 예민하신 분들은 몸상태 유의하며 활동해주세요.,
2026-06-06T02:43:49.506823+09:00,역삼역,역삼역,POI042,KEY_1,2026-06-06 02:40,15.8,29.0,16.0,83,ENE,0.6,-,없음,비 또는 눈 소식이 없어요.,05:11,19:51,0,낮음,햇볕에 민감한 분들은 자외선 차단제를 발라주세요.,좋음,12,좋음,24,보통,58.0,,호흡기가 예민하신 분들은 몸상태 유의하며 활동해주세요.,
2026-06-06T02:43:49.506823+09:00,연신내역,연신내역,POI043,KEY_2,2026-06-06 02:40,12.8,28.0,13.0,90,N,0.2,-,없음,비 또는 눈 소식이 없어요.,05:11,19:51,0,낮음,햇볕에 민감한 분들은 자외선 차단제를 발라주세요.,좋음,11,좋음,19,좋음,41.0,,대기질에 이상이 없어요.,
2026-06-06T02:43:49.506823+09:00,오목교역·목동운동장,오목교역·목동운동장,POI044,KEY_3,2026-06-06 02:40,17.6,29.0,16.0,84,E,1.5,-,없음,비 또는 눈 소식이 없어요.,05:11,19:51,0,낮음,햇볕에 민감한 분들은 자외선 차단제를 발라주세요.,좋음,11,좋음,26,보통,57.0,,호흡기가 예민하신 분들은 몸상태 유의하며 활동해주세요.,
2026-06-06T02:43:49.506823+09:00,왕십리역,왕십리역,POI045,KEY_4,2026-06-06 02:40,19.1,29.0,17.0,68,S,0.7,-,없음,비 또는 눈 소식이 없어요.,05:11,19:51,0,낮음,햇볕에 민감한 분들은 자외선 차단제를 발라주세요.,좋음,15,좋음,27,보통,56.0,,호흡기가 예민하신 분들은 몸상태 유의하며 활동해주세요.,
2026-06-06T02:43:49.506823+09:00,용산역,용산역,POI046,KEY_1,2026-06-06 02:40,18.6,29.0,16.0,81,ESE,1.4,-,없음,비 또는 눈 소식이 없어요.,05:11,19:51,0,낮음,햇볕에 민감한 분들은 자외선 차단제를 발라주세요.,좋음,12,보통,34,보통,56.0,,호흡기가 예민하신 분들은 몸상태 유의하며 활동해주세요.,
2026-06-06T02:43:49.506823+09:00,이태원역,이태원역,POI047,KEY_2,2026-06-06 02:40,17.7,29.0,16.0,80,ESE,1.9,-,없음,비 또는 눈 소식이 없어요.,05:11,19:51,0,낮음,햇볕에 민감한 분들은 자외선 차단제를 발라주세요.,좋음,12,보통,34,보통,56.0,,호흡기가 예민하신 분들은 몸상태 유의하며 활동해주세요.,
2026-06-06T02:43:49.506823+09:00,잠실새내역,잠실새내역,POI118,KEY_3,2026-06-06 02:40,17.4,29.0,16.0,74,E,1.3,-,없음,비 또는 눈 소식이 없어요.,05:11,19:51,0,낮음,햇볕에 민감한 분들은 자외선 차단제를 발라주세요.,좋음,11,좋음,21,보통,56.0,,호흡기가 예민하신 분들은 몸상태 유의하며 활동해주세요.,
2026-06-06T02:43:49.506823+09:00,잠실역,잠실역,POI119,KEY_4,2026-06-06 02:40,19.1,29.0,16.0,73,SE,0.5,-,없음,비 또는 눈 소식이 없어요.,05:11,19:51,0,낮음,햇볕에 민감한 분들은 자외선 차단제를 발라주세요.,좋음,11,좋음,21,보통,56.0,,호흡기가 예민하신 분들은 몸상태 유의하며 활동해주세요.,
2026-06-06T02:43:49.506823+09:00,장지역,장지역,POI048,KEY_1,2026-06-06 02:40,17.4,29.0,16.0,74,E,1.3,-,없음,비 또는 눈 소식이 없어요.,05:11,19:51,0,낮음,햇볕에 민감한 분들은 자외선 차단제를 발라주세요.,좋음,11,좋음,21,보통,56.0,,호흡기가 예민하신 분들은 몸상태 유의하며 활동해주세요.,
2026-06-06T02:43:49.506823+09:00,장한평역,장한평역,POI049,KEY_2,2026-06-06 02:40,19.1,29.0,17.0,68,S,0.7,-,없음,비 또는 눈 소식이 없어요.,05:11,19:51,0,낮음,햇볕에 민감한 분들은 자외선 차단제를 발라주세요.,좋음,14,좋음,23,보통,55.0,,호흡기가 예민하신 분들은 몸상태 유의하며 활동해주세요.,
2026-06-06T02:43:49.506823+09:00,천호역,천호역,POI050,KEY_3,2026-06-06 02:40,19.1,29.0,16.0,73,SE,0.5,-,없음,비 또는 눈 소식이 없어요.,05:11,19:51,0,낮음,햇볕에 민감한 분들은 자외선 차단제를 발라주세요.,점검중,0,좋음,27,보통,60.0,,호흡기가 예민하신 분들은 몸상태 유의하며 활동해주세요.,
2026-06-06T02:43:49.506823+09:00,총신대입구(이수)역,총신대입구(이수)역,POI051,KEY_4,2026-06-06 02:40,15.1,29.0,15.0,95,ESE,0.5,-,없음,비 또는 눈 소식이 없어요.,05:11,19:51,0,낮음,햇볕에 민감한 분들은 자외선 차단제를 발라주세요.,좋음,14,좋음,27,보통,62.0,,호흡기가 예민하신 분들은 몸상태 유의하며 활동해주세요.,
2026-06-06T02:43:49.506823+09:00,충정로역,충정로역,POI052,KEY_1,2026-06-06 02:40,18.6,29.0,16.0,81,ESE,1.4,-,없음,비 또는 눈 소식이 없어요.,05:11,19:51,0,낮음,햇볕에 민감한 분들은 자외선 차단제를 발라주세요.,좋음,14,좋음,19,보통,51.0,,호흡기가 예민하신 분들은 몸상태 유의하며 활동해주세요.,
2026-06-06T02:43:49.506823+09:00,합정역,합정역,POI053,KEY_2,2026-06-06 02:40,18.6,29.0,16.0,81,ESE,1.4,-,없음,비 또는 눈 소식이 없어요.,05:11,19:51,0,낮음,햇볕에 민감한 분들은 자외선 차단제를 발라주세요.,좋음,10,좋음,23,보통,54.0,,호흡기가 예민하신 분들은 몸상태 유의하며 활동해주세요.,
2026-06-06T02:43:49.506823+09:00,혜화역,혜화역,POI054,KEY_3,2026-06-06 02:40,17.3,28.0,16.0,76,SE,2.0,-,없음,비 또는 눈 소식이 없어요.,05:11,19:51,0,낮음,햇볕에 민감한 분들은 자외선 차단제를 발라주세요.,보통,16,점검중,0,보통,52.0,,호흡기가 예민하신 분들은 몸상태 유의하며 활동해주세요.,
2026-06-06T02:43:49.506823+09:00,홍대입구역(2호선),홍대입구역(2호선),POI055,KEY_4,2026-06-06 02:40,15.5,28.0,15.0,88,N,0.2,-,없음,비 또는 눈 소식이 없어요.,05:11,19:51,0,낮음,햇볕에 민감한 분들은 자외선 차단제를 발라주세요.,좋음,10,좋음,23,보통,54.0,,호흡기가 예민하신 분들은 몸상태 유의하며 활동해주세요.,
2026-06-06T02:43:49.506823+09:00,회기역,회기역,POI056,KEY_1,2026-06-06 02:40,19.1,29.0,17.0,68,S,0.7,-,없음,비 또는 눈 소식이 없어요.,05:11,19:51,0,낮음,햇볕에 민감한 분들은 자외선 차단제를 발라주세요.,좋음,14,좋음,23,보통,55.0,,호흡기가 예민하신 분들은 몸상태 유의하며 활동해주세요.,
2026-06-06T03:51:39.136074+09:00,경복궁,경복궁,POI008,KEY_1,2026-06-06 03:50,16.5,28.0,16.0,80,N,0.5,-,없음,비 또는 눈 소식이 없어요.,05:11,19:51,0,낮음,햇볕에 민감한 분들은 자외선 차단제를 발라주세요.,좋음,12,좋음,22,보통,56.0,,호흡기가 예민하신 분들은 몸상태 유의하며 활동해주세요.,
2026-06-06T03:51:39.136074+09:00,광화문·덕수궁,광화문·덕수궁,POI009,KEY_2,2026-06-06 03:50,16.5,28.0,16.0,80,N,0.5,-,없음,비 또는 눈 소식이 없어요.,05:11,19:51,0,낮음,햇볕에 민감한 분들은 자외선 차단제를 발라주세요.,좋음,12,좋음,22,보통,56.0,,호흡기가 예민하신 분들은 몸상태 유의하며 활동해주세요.,
2026-06-06T03:51:39.136074+09:00,보신각,보신각,POI010,KEY_3,2026-06-06 03:50,16.5,28.0,16.0,80,N,0.5,-,없음,비 또는 눈 소식이 없어요.,05:11,19:51,0,낮음,햇볕에 민감한 분들은 자외선 차단제를 발라주세요.,좋음,12,좋음,22,보통,56.0,,호흡기가 예민하신 분들은 몸상태 유의하며 활동해주세요.,
2026-06-06T03:51:39.136074+09:00,서울 암사동 유적,서울 암사동 유적,POI011,KEY_4,2026-06-06 03:50,16.1,29.0,15.0,85,NE,0.8,-,없음,비 또는 눈 소식이 없어요.,05:11,19:51,0,낮음,햇볕에 민감한 분들은 자외선 차단제를 발라주세요.,좋음,12,좋음,25,보통,52.0,,호흡기가 예민하신 분들은 몸상태 유의하며 활동해주세요.,
2026-06-06T03:51:39.136074+09:00,창덕궁·종묘,창덕궁·종묘,POI012,KEY_1,2026-06-06 03:50,16.5,28.0,16.0,80,N,0.5,-,없음,비 또는 눈 소식이 없어요.,05:11,19:51,0,낮음,햇볕에 민감한 분들은 자외선 차단제를 발라주세요.,좋음,12,좋음,22,보통,56.0,,호흡기가 예민하신 분들은 몸상태 유의하며 활동해주세요.,
2026-06-06T03:51:39.136074+09:00,강남 MICE 관광특구,강남 MICE 관광특구,POI001,KEY_2,2026-06-06 03:50,15.3,29.0,16.0,87,E,1.5,-,없음,비 또는 눈 소식이 없어요.,05:11,19:51,0,낮음,햇볕에 민감한 분들은 자외선 차단제를 발라주세요.,좋음,13,좋음,25,보통,56.0,,호흡기가 예민하신 분들은 몸상태 유의하며 활동해주세요.,
2026-06-06T03:51:39.136074+09:00,동대문 관광특구,동대문 관광특구,POI002,KEY_3,2026-06-06 03:50,16.5,28.0,16.0,80,N,0.5,-,없음,비 또는 눈 소식이 없어요.,05:11,19:51,0,낮음,햇볕에 민감한 분들은 자외선 차단제를 발라주세요.,좋음,12,좋음,22,보통,56.0,,호흡기가 예민하신 분들은 몸상태 유의하며 활동해주세요.,
2026-06-06T03:51:39.136074+09:00,명동 관광특구,명동 관광특구,POI003,KEY_4,2026-06-06 03:50,16.5,28.0,16.0,80,N,0.5,-,없음,비 또는 눈 소식이 없어요.,05:11,19:51,0,낮음,햇볕에 민감한 분들은 자외선 차단제를 발라주세요.,좋음,9,좋음,23,보통,55.0,,호흡기가 예민하신 분들은 몸상태 유의하며 활동해주세요.,
2026-06-06T03:51:39.136074+09:00,이태원 관광특구,이태원 관광특구,POI004,KEY_1,2026-06-06 03:50,17.5,29.0,16.0,76,E,1.5,-,없음,비 또는 눈 소식이 없어요.,05:11,19:51,0,낮음,햇볕에 민감한 분들은 자외선 차단제를 발라주세요.,좋음,13,좋음,29,보통,56.0,,호흡기가 예민하신 분들은 몸상태 유의하며 활동해주세요.,
2026-06-06T03:51:39.136074+09:00,잠실 관광특구,잠실 관광특구,POI005,KEY_2,2026-06-06 03:50,17.9,29.0,16.0,76,ENE,1.7,-,없음,비 또는 눈 소식이 없어요.,05:11,19:51,0,낮음,햇볕에 민감한 분들은 자외선 차단제를 발라주세요.,좋음,14,좋음,20,좋음,44.0,,대기질에 이상이 없어요.,
2026-06-06T03:51:39.136074+09:00,종로·청계 관광특구,종로·청계 관광특구,POI006,KEY_3,2026-06-06 03:50,16.5,28.0,16.0,80,N,0.5,-,없음,비 또는 눈 소식이 없어요.,05:11,19:51,0,낮음,햇볕에 민감한 분들은 자외선 차단제를 발라주세요.,좋음,12,좋음,22,보통,56.0,,호흡기가 예민하신 분들은 몸상태 유의하며 활동해주세요.,
2026-06-06T03:51:39.136074+09:00,홍대 관광특구,홍대 관광특구,POI007,KEY_4,2026-06-06 03:50,17.9,29.0,16.0,83,ESE,0.9,-,없음,비 또는 눈 소식이 없어요.,05:11,19:51,0,낮음,햇볕에 민감한 분들은 자외선 차단제를 발라주세요.,좋음,9,좋음,22,보통,54.0,,호흡기가 예민하신 분들은 몸상태 유의하며 활동해주세요.,
2026-06-06T03:51:39.136074+09:00,강서한강공원,강서한강공원,POI085,KEY_1,2026-06-06 03:50,17.4,29.0,15.0,86,E,1.1,-,없음,비 또는 눈 소식이 없어요.,05:11,19:51,0,낮음,햇볕에 민감한 분들은 자외선 차단제를 발라주세요.,좋음,13,좋음,19,보통,54.0,,호흡기가 예민하신 분들은 몸상태 유의하며 활동해주세요.,
2026-06-06T03:51:39.136074+09:00,고척돔,고척돔,POI086,KEY_2,2026-06-06 03:50,16.8,29.0,17.0,84,ESE,1.5,-,없음,비 또는 눈 소식이 없어요.,05:11,19:51,0,낮음,햇볕에 민감한 분들은 자외선 차단제를 발라주세요.,좋음,14,좋음,20,보통,68.0,,호흡기가 예민하신 분들은 몸상태 유의하며 활동해주세요.,
2026-06-06T03:51:39.136074+09:00,광나루한강공원,광나루한강공원,POI087,KEY_3,2026-06-06 03:50,17.9,29.0,16.0,76,ENE,1.7,-,없음,비 또는 눈 소식이 없어요.,05:11,19:51,0,낮음,햇볕에 민감한 분들은 자외선 차단제를 발라주세요.,좋음,12,좋음,25,보통,52.0,,호흡기가 예민하신 분들은 몸상태 유의하며 활동해주세요.,
2026-06-06T03:51:39.136074+09:00,광화문광장,광화문광장,POI088,KEY_4,2026-06-06 03:50,16.5,28.0,16.0,80,N,0.5,-,없음,비 또는 눈 소식이 없어요.,05:11,19:51,0,낮음,햇볕에 민감한 분들은 자외선 차단제를 발라주세요.,좋음,12,좋음,22,보통,56.0,,호흡기가 예민하신 분들은 몸상태 유의하며 활동해주세요.,
2026-06-06T03:51:39.136074+09:00,국립중앙박물관·용산가족공원,국립중앙박물관·용산가족공원,POI089,KEY_1,2026-06-06 03:50,17.5,29.0,16.0,76,E,1.5,-,없음,비 또는 눈 소식이 없어요.,05:11,19:51,0,낮음,햇볕에 민감한 분들은 자외선 차단제를 발라주세요.,좋음,13,좋음,29,보통,56.0,,호흡기가 예민하신 분들은 몸상태 유의하며 활동해주세요.,
2026-06-06T03:51:39.136074+09:00,난지한강공원,난지한강공원,POI090,KEY_2,2026-06-06 03:50,17.4,29.0,15.0,86,E,1.1,-,없음,비 또는 눈 소식이 없어요.,05:11,19:51,0,낮음,햇볕에 민감한 분들은 자외선 차단제를 발라주세요.,좋음,13,좋음,19,보통,54.0,,호흡기가 예민하신 분들은 몸상태 유의하며 활동해주세요.,
2026-06-06T03:51:39.136074+09:00,남산공원,남산공원,POI091,KEY_3,2026-06-06 03:50,16.5,28.0,16.0,80,N,0.5,-,없음,비 또는 눈 소식이 없어요.,05:11,19:51,0,낮음,햇볕에 민감한 분들은 자외선 차단제를 발라주세요.,좋음,9,좋음,23,보통,55.0,,호흡기가 예민하신 분들은 몸상태 유의하며 활동해주세요.,
2026-06-06T03:51:39.136074+09:00,노들섬,노들섬,POI092,KEY_4,2026-06-06 03:50,17.9,29.0,16.0,83,ESE,0.9,-,없음,비 또는 눈 소식이 없어요.,05:11,19:51,0,낮음,햇볕에 민감한 분들은 자외선 차단제를 발라주세요.,좋음,13,좋음,29,보통,56.0,,호흡기가 예민하신 분들은 몸상태 유의하며 활동해주세요.,
2026-06-06T03:51:39.136074+09:00,뚝섬한강공원,뚝섬한강공원,POI093,KEY_1,2026-06-06 03:50,17.5,29.0,17.0,76,E,1.5,-,없음,비 또는 눈 소식이 없어요.,05:11,19:51,0,낮음,햇볕에 민감한 분들은 자외선 차단제를 발라주세요.,보통,16,좋음,30,좋음,47.0,,대기질에 이상이 없어요.,
2026-06-06T03:51:39.136074+09:00,망원한강공원,망원한강공원,POI094,KEY_2,2026-06-06 03:50,17.9,29.0,16.0,83,ESE,0.9,-,없음,비 또는 눈 소식이 없어요.,05:11,19:51,0,낮음,햇볕에 민감한 분들은 자외선 차단제를 발라주세요.,좋음,9,좋음,22,보통,54.0,,호흡기가 예민하신 분들은 몸상태 유의하며 활동해주세요.,
2026-06-06T03:51:39.136074+09:00,반포한강공원,반포한강공원,POI095,KEY_3,2026-06-06 03:50,17.5,29.0,16.0,76,E,1.5,-,없음,비 또는 눈 소식이 없어요.,05:11,19:51,0,낮음,햇볕에 민감한 분들은 자외선 차단제를 발라주세요.,좋음,13,좋음,29,보통,56.0,,호흡기가 예민하신 분들은 몸상태 유의하며 활동해주세요.,
2026-06-06T03:51:39.136074+09:00,보라매공원,보라매공원,POI123,KEY_4,2026-06-06 03:50,16.7,29.0,16.0,84,ESE,0.6,-,없음,비 또는 눈 소식이 없어요.,05:11,19:51,0,낮음,햇볕에 민감한 분들은 자외선 차단제를 발라주세요.,좋음,12,좋음,21,보통,54.0,,호흡기가 예민하신 분들은 몸상태 유의하며 활동해주세요.,
2026-06-06T03:51:39.136074+09:00,북서울꿈의숲,북서울꿈의숲,POI096,KEY_1,2026-06-06 03:50,14.0,28.0,15.0,91,SE,0.1,-,없음,비 또는 눈 소식이 없어요.,05:11,19:51,0,낮음,햇볕에 민감한 분들은 자외선 차단제를 발라주세요.,좋음,11,좋음,18,보통,51.0,,호흡기가 예민하신 분들은 몸상태 유의하며 활동해주세요.,
2026-06-06T03:51:39.136074+09:00,서대문독립공원,서대문독립공원,POI124,KEY_2,2026-06-06 03:50,16.5,28.0,16.0,80,N,0.5,-,없음,비 또는 눈 소식이 없어요.,05:11,19:51,0,낮음,햇볕에 민감한 분들은 자외선 차단제를 발라주세요.,좋음,12,좋음,22,보통,56.0,,호흡기가 예민하신 분들은 몸상태 유의하며 활동해주세요.,
2026-06-06T03:51:39.136074+09:00,서리풀공원·몽마르뜨공원,서리풀공원·몽마르뜨공원,POI098,KEY_3,2026-06-06 03:50,14.4,29.0,15.0,97,ESE,0.8,-,없음,비 또는 눈 소식이 없어요.,05:11,19:51,0,낮음,햇볕에 민감한 분들은 자외선 차단제를 발라주세요.,좋음,12,좋음,18,보통,58.0,,호흡기가 예민하신 분들은 몸상태 유의하며 활동해주세요.,
2026-06-06T03:51:39.136074+09:00,서울숲공원,서울숲공원,POI101,KEY_1,2026-06-06 03:50,17.5,29.0,17.0,76,E,1.5,-,없음,비 또는 눈 소식이 없어요.,05:11,19:51,0,낮음,햇볕에 민감한 분들은 자외선 차단제를 발라주세요.,좋음,13,좋음,24,보통,56.0,,호흡기가 예민하신 분들은 몸상태 유의하며 활동해주세요.,
2026-06-06T03:51:39.136074+09:00,송현녹지광장,송현녹지광장,POI129,KEY_2,2026-06-06 03:50,16.5,28.0,16.0,80,N,0.5,-,없음,비 또는 눈 소식이 없어요.,05:11,19:51,0,낮음,햇볕에 민감한 분들은 자외선 차단제를 발라주세요.,좋음,12,좋음,22,보통,56.0,,호흡기가 예민하신 분들은 몸상태 유의하며 활동해주세요.,
2026-06-06T03:51:39.136074+09:00,아차산,아차산,POI102,KEY_3,2026-06-06 03:50,17.6,29.0,16.0,73,NNE,1.1,-,없음,비 또는 눈 소식이 없어요.,05:11,19:51,0,낮음,햇볕에 민감한 분들은 자외선 차단제를 발라주세요.,보통,16,좋음,30,좋음,47.0,,대기질에 이상이 없어요.,
2026-06-06T03:51:39.136074+09:00,안양천,안양천,POI125,KEY_4,2026-06-06 03:50,17.1,29.0,16.0,87,ENE,1.1,-,없음,비 또는 눈 소식이 없어요.,05:11,19:51,0,낮음,햇볕에 민감한 분들은 자외선 차단제를 발라주세요.,좋음,9,좋음,24,보통,59.0,,호흡기가 예민하신 분들은 몸상태 유의하며 활동해주세요.,
2026-06-06T03:51:39.136074+09:00,양화한강공원,양화한강공원,POI103,KEY_1,2026-06-06 03:50,17.1,29.0,16.0,87,ENE,1.1,-,없음,비 또는 눈 소식이 없어요.,05:11,19:51,0,낮음,햇볕에 민감한 분들은 자외선 차단제를 발라주세요.,좋음,11,좋음,23,보통,59.0,,호흡기가 예민하신 분들은 몸상태 유의하며 활동해주세요.,
2026-06-06T03:51:39.136074+09:00,어린이대공원,어린이대공원,POI104,KEY_2,2026-06-06 03:50,17.9,29.0,16.0,76,ENE,1.7,-,없음,비 또는 눈 소식이 없어요.,05:11,19:51,0,낮음,햇볕에 민감한 분들은 자외선 차단제를 발라주세요.,보통,16,좋음,30,좋음,47.0,,대기질에 이상이 없어요.,
2026-06-06T03:51:39.136074+09:00,여의도한강공원,여의도한강공원,POI105,KEY_3,2026-06-06 03:50,17.9,29.0,16.0,83,ESE,0.9,-,없음,비 또는 눈 소식이 없어요.,05:11,19:51,0,낮음,햇볕에 민감한 분들은 자외선 차단제를 발라주세요.,좋음,11,좋음,23,보통,59.0,,호흡기가 예민하신 분들은 몸상태 유의하며 활동해주세요.,
2026-06-06T03:51:39.136074+09:00,여의서로,여의서로,POI126,KEY_4,2026-06-06 03:50,17.9,29.0,16.0,83,ESE,0.9,-,없음,비 또는 눈 소식이 없어요.,05:11,19:51,0,낮음,햇볕에 민감한 분들은 자외선 차단제를 발라주세요.,좋음,11,좋음,23,보통,59.0,,호흡기가 예민하신 분들은 몸상태 유의하며 활동해주세요.,
2026-06-06T03:51:39.136074+09:00,올림픽공원,올림픽공원,POI127,KEY_1,2026-06-06 03:50,17.9,29.0,16.0,76,ENE,1.7,-,없음,비 또는 눈 소식이 없어요.,05:11,19:51,0,낮음,햇볕에 민감한 분들은 자외선 차단제를 발라주세요.,좋음,14,좋음,20,좋음,44.0,,대기질에 이상이 없어요.,
2026-06-06T03:51:39.136074+09:00,월드컵공원,월드컵공원,POI106,KEY_2,2026-06-06 03:50,17.4,29.0,15.0,86,E,1.1,-,없음,비 또는 눈 소식이 없어요.,05:11,19:51,0,낮음,햇볕에 민감한 분들은 자외선 차단제를 발라주세요.,좋음,9,좋음,22,보통,54.0,,호흡기가 예민하신 분들은 몸상태 유의하며 활동해주세요.,
2026-06-06T03:51:39.136074+09:00,응봉산,응봉산,POI107,KEY_3,2026-06-06 03:50,17.5,29.0,17.0,76,E,1.5,-,없음,비 또는 눈 소식이 없어요.,05:11,19:51,0,낮음,햇볕에 민감한 분들은 자외선 차단제를 발라주세요.,좋음,13,좋음,24,보통,56.0,,호흡기가 예민하신 분들은 몸상태 유의하며 활동해주세요.,
2026-06-06T03:51:39.136074+09:00,이촌한강공원,이촌한강공원,POI108,KEY_4,2026-06-06 03:50,17.5,29.0,16.0,76,E,1.5,-,없음,비 또는 눈 소식이 없어요.,05:11,19:51,0,낮음,햇볕에 민감한 분들은 자외선 차단제를 발라주세요.,좋음,13,좋음,29,보통,56.0,,호흡기가 예민하신 분들은 몸상태 유의하며 활동해주세요.,
2026-06-06T03:51:39.136074+09:00,잠실종합운동장,잠실종합운동장,POI109,KEY_1,2026-06-06 03:50,18.2,29.0,16.0,73,E,1.8,-,없음,비 또는 눈 소식이 없어요.,05:11,19:51,0,낮음,햇볕에 민감한 분들은 자외선 차단제를 발라주세요.,좋음,14,좋음,20,좋음,44.0,,대기질에 이상이 없어요.,
2026-06-06T03:51:39.136074+09:00,잠실한강공원,잠실한강공원,POI110,KEY_2,2026-06-06 03:50,17.9,29.0,16.0,76,ENE,1.7,-,없음,비 또는 눈 소식이 없어요.,05:11,19:51,0,낮음,햇볕에 민감한 분들은 자외선 차단제를 발라주세요.,보통,16,좋음,30,좋음,47.0,,대기질에 이상이 없어요.,
2026-06-06T03:51:39.136074+09:00,잠원한강공원,잠원한강공원,POI111,KEY_3,2026-06-06 03:50,17.5,29.0,17.0,76,E,1.5,-,없음,비 또는 눈 소식이 없어요.,05:11,19:51,0,낮음,햇볕에 민감한 분들은 자외선 차단제를 발라주세요.,좋음,13,좋음,25,보통,56.0,,호흡기가 예민하신 분들은 몸상태 유의하며 활동해주세요.,
2026-06-06T03:51:39.136074+09:00,청계산,청계산,POI112,KEY_4,2026-06-06 03:50,13.0,28.0,15.0,97,SE,1.0,-,없음,비 또는 눈 소식이 없어요.,05:11,19:51,0,낮음,햇볕에 민감한 분들은 자외선 차단제를 발라주세요.,좋음,12,좋음,18,보통,58.0,,호흡기가 예민하신 분들은 몸상태 유의하며 활동해주세요.,
2026-06-06T03:51:39.136074+09:00,홍제폭포,홍제폭포,POI128,KEY_1,2026-06-06 03:50,15.0,28.0,15.0,93,SE,0.1,-,없음,비 또는 눈 소식이 없어요.,05:11,19:51,0,낮음,햇볕에 민감한 분들은 자외선 차단제를 발라주세요.,좋음,10,좋음,20,보통,56.0,,호흡기가 예민하신 분들은 몸상태 유의하며 활동해주세요.,
2026-06-06T03:51:39.136074+09:00,가락시장,가락시장,POI058,KEY_2,2026-06-06 03:50,18.2,29.0,16.0,73,E,1.8,-,없음,비 또는 눈 소식이 없어요.,05:11,19:51,0,낮음,햇볕에 민감한 분들은 자외선 차단제를 발라주세요.,좋음,14,좋음,20,좋음,44.0,,대기질에 이상이 없어요.,
2026-06-06T03:51:39.136074+09:00,가로수길,가로수길,POI059,KEY_3,2026-06-06 03:50,17.5,29.0,17.0,76,E,1.5,-,없음,비 또는 눈 소식이 없어요.,05:11,19:51,0,낮음,햇볕에 민감한 분들은 자외선 차단제를 발라주세요.,좋음,13,좋음,25,보통,56.0,,호흡기가 예민하신 분들은 몸상태 유의하며 활동해주세요.,
2026-06-06T03:51:39.136074+09:00,광장(전통)시장,광장(전통)시장,POI060,KEY_4,2026-06-06 03:50,16.5,28.0,16.0,80,N,0.5,-,없음,비 또는 눈 소식이 없어요.,05:11,19:51,0,낮음,햇볕에 민감한 분들은 자외선 차단제를 발라주세요.,좋음,12,좋음,22,보통,56.0,,호흡기가 예민하신 분들은 몸상태 유의하며 활동해주세요.,
2026-06-06T03:51:39.136074+09:00,김포공항,김포공항,POI061,KEY_1,2026-06-06 03:50,17.4,29.0,15.0,86,E,1.1,-,없음,비 또는 눈 소식이 없어요.,05:11,19:51,0,낮음,햇볕에 민감한 분들은 자외선 차단제를 발라주세요.,좋음,13,좋음,19,보통,54.0,,호흡기가 예민하신 분들은 몸상태 유의하며 활동해주세요.,
2026-06-06T03:51:39.136074+09:00,남대문시장,남대문시장,POI115,KEY_2,2026-06-06 03:50,16.5,28.0,16.0,80,N,0.5,-,없음,비 또는 눈 소식이 없어요.,05:11,19:51,0,낮음,햇볕에 민감한 분들은 자외선 차단제를 발라주세요.,좋음,9,좋음,23,보통,55.0,,호흡기가 예민하신 분들은 몸상태 유의하며 활동해주세요.,
2026-06-06T03:51:39.136074+09:00,노량진,노량진,POI063,KEY_3,2026-06-06 03:50,16.7,29.0,16.0,84,ESE,0.6,-,없음,비 또는 눈 소식이 없어요.,05:11,19:51,0,낮음,햇볕에 민감한 분들은 자외선 차단제를 발라주세요.,좋음,12,좋음,21,보통,54.0,,호흡기가 예민하신 분들은 몸상태 유의하며 활동해주세요.,
2026-06-06T03:51:39.136074+09:00,덕수궁길·정동길,덕수궁길·정동길,POI064,KEY_4,2026-06-06 03:50,16.5,28.0,16.0,80,N,0.5,-,없음,비 또는 눈 소식이 없어요.,05:11,19:51,0,낮음,햇볕에 민감한 분들은 자외선 차단제를 발라주세요.,좋음,12,좋음,22,보통,56.0,,호흡기가 예민하신 분들은 몸상태 유의하며 활동해주세요.,
2026-06-06T03:51:39.136074+09:00,북창동 먹자골목,북창동 먹자골목,POI114,KEY_1,2026-06-06 03:50,16.5,28.0,16.0,80,N,0.5,-,없음,비 또는 눈 소식이 없어요.,05:11,19:51,0,낮음,햇볕에 민감한 분들은 자외선 차단제를 발라주세요.,좋음,9,좋음,23,보통,55.0,,호흡기가 예민하신 분들은 몸상태 유의하며 활동해주세요.,
2026-06-06T03:51:39.136074+09:00,북촌한옥마을,북촌한옥마을,POI066,KEY_2,2026-06-06 03:50,16.5,28.0,16.0,80,N,0.5,-,없음,비 또는 눈 소식이 없어요.,05:11,19:51,0,낮음,햇볕에 민감한 분들은 자외선 차단제를 발라주세요.,좋음,12,좋음,22,보통,56.0,,호흡기가 예민하신 분들은 몸상태 유의하며 활동해주세요.,
2026-06-06T03:51:39.136074+09:00,서촌,서촌,POI067,KEY_3,2026-06-06 03:50,16.5,28.0,16.0,80,N,0.5,-,없음,비 또는 눈 소식이 없어요.,05:11,19:51,0,낮음,햇볕에 민감한 분들은 자외선 차단제를 발라주세요.,좋음,12,좋음,22,보통,56.0,,호흡기가 예민하신 분들은 몸상태 유의하며 활동해주세요.,
2026-06-06T03:51:39.136074+09:00,성수카페거리,성수카페거리,POI068,KEY_4,2026-06-06 03:50,17.5,29.0,17.0,76,E,1.5,-,없음,비 또는 눈 소식이 없어요.,05:11,19:51,0,낮음,햇볕에 민감한 분들은 자외선 차단제를 발라주세요.,좋음,13,좋음,24,보통,56.0,,호흡기가 예민하신 분들은 몸상태 유의하며 활동해주세요.,
2026-06-06T03:51:39.136074+09:00,송리단길·호수단길,송리단길·호수단길,POI121,KEY_1,2026-06-06 03:50,18.2,29.0,16.0,73,E,1.8,-,없음,비 또는 눈 소식이 없어요.,05:11,19:51,0,낮음,햇볕에 민감한 분들은 자외선 차단제를 발라주세요.,좋음,14,좋음,20,좋음,44.0,,대기질에 이상이 없어요.,
2026-06-06T03:51:39.136074+09:00,신촌 스타광장,신촌 스타광장,POI122,KEY_2,2026-06-06 03:50,17.9,29.0,16.0,83,ESE,0.9,-,없음,비 또는 눈 소식이 없어요.,05:11,19:51,0,낮음,햇볕에 민감한 분들은 자외선 차단제를 발라주세요.,좋음,10,좋음,20,보통,56.0,,호흡기가 예민하신 분들은 몸상태 유의하며 활동해주세요.,
2026-06-06T03:51:39.136074+09:00,압구정로데오거리,압구정로데오거리,POI071,KEY_3,2026-06-06 03:50,17.5,29.0,17.0,76,E,1.5,-,없음,비 또는 눈 소식이 없어요.,05:11,19:51,0,낮음,햇볕에 민감한 분들은 자외선 차단제를 발라주세요.,좋음,13,좋음,25,보통,56.0,,호흡기가 예민하신 분들은 몸상태 유의하며 활동해주세요.,
2026-06-06T03:51:39.136074+09:00,여의도,여의도,POI072,KEY_4,2026-06-06 03:50,17.9,29.0,16.0,83,ESE,0.9,-,없음,비 또는 눈 소식이 없어요.,05:11,19:51,0,낮음,햇볕에 민감한 분들은 자외선 차단제를 발라주세요.,좋음,11,좋음,23,보통,59.0,,호흡기가 예민하신 분들은 몸상태 유의하며 활동해주세요.,
2026-06-06T03:51:39.136074+09:00,연남동,연남동,POI073,KEY_1,2026-06-06 03:50,15.0,28.0,15.0,93,SE,0.1,-,없음,비 또는 눈 소식이 없어요.,05:11,19:51,0,낮음,햇볕에 민감한 분들은 자외선 차단제를 발라주세요.,좋음,9,좋음,22,보통,54.0,,호흡기가 예민하신 분들은 몸상태 유의하며 활동해주세요.,
2026-06-06T03:51:39.136074+09:00,영등포 타임스퀘어,영등포 타임스퀘어,POI074,KEY_2,2026-06-06 03:50,17.9,29.0,16.0,83,ESE,0.9,-,없음,비 또는 눈 소식이 없어요.,05:11,19:51,0,낮음,햇볕에 민감한 분들은 자외선 차단제를 발라주세요.,좋음,11,좋음,23,보통,59.0,,호흡기가 예민하신 분들은 몸상태 유의하며 활동해주세요.,
2026-06-06T03:51:39.136074+09:00,용리단길,용리단길,POI076,KEY_3,2026-06-06 03:50,17.5,29.0,16.0,76,E,1.5,-,없음,비 또는 눈 소식이 없어요.,05:11,19:51,0,낮음,햇볕에 민감한 분들은 자외선 차단제를 발라주세요.,좋음,13,좋음,29,보통,56.0,,호흡기가 예민하신 분들은 몸상태 유의하며 활동해주세요.,
2026-06-06T03:51:39.136074+09:00,이태원 앤틱가구거리,이태원 앤틱가구거리,POI077,KEY_4,2026-06-06 03:50,17.5,29.0,16.0,76,E,1.5,-,없음,비 또는 눈 소식이 없어요.,05:11,19:51,0,낮음,햇볕에 민감한 분들은 자외선 차단제를 발라주세요.,좋음,13,좋음,29,보통,56.0,,호흡기가 예민하신 분들은 몸상태 유의하며 활동해주세요.,
2026-06-06T03:51:39.136074+09:00,익선동,익선동,POI116,KEY_1,2026-06-06 03:50,16.5,28.0,16.0,80,N,0.5,-,없음,비 또는 눈 소식이 없어요.,05:11,19:51,0,낮음,햇볕에 민감한 분들은 자외선 차단제를 발라주세요.,좋음,12,좋음,22,보통,56.0,,호흡기가 예민하신 분들은 몸상태 유의하며 활동해주세요.,
2026-06-06T03:51:39.136074+09:00,인사동,인사동,POI078,KEY_2,2026-06-06 03:50,16.5,28.0,16.0,80,N,0.5,-,없음,비 또는 눈 소식이 없어요.,05:11,19:51,0,낮음,햇볕에 민감한 분들은 자외선 차단제를 발라주세요.,좋음,12,좋음,22,보통,56.0,,호흡기가 예민하신 분들은 몸상태 유의하며 활동해주세요.,
2026-06-06T03:51:39.136074+09:00,잠실롯데타워·석촌호수,잠실롯데타워·석촌호수,POI120,KEY_3,2026-06-06 03:50,17.9,29.0,16.0,76,ENE,1.7,-,없음,비 또는 눈 소식이 없어요.,05:11,19:51,0,낮음,햇볕에 민감한 분들은 자외선 차단제를 발라주세요.,좋음,14,좋음,20,좋음,44.0,,대기질에 이상이 없어요.,
2026-06-06T03:51:39.136074+09:00,창동 신경제 중심지,창동 신경제 중심지,POI079,KEY_4,2026-06-06 03:50,14.8,28.0,14.0,84,SE,0.1,-,없음,비 또는 눈 소식이 없어요.,05:11,19:51,0,낮음,햇볕에 민감한 분들은 자외선 차단제를 발라주세요.,좋음,13,좋음,22,좋음,42.0,,대기질에 이상이 없어요.,
2026-06-06T03:51:39.136074+09:00,청담동 명품거리,청담동 명품거리,POI080,KEY_1,2026-06-06 03:50,17.5,29.0,17.0,76,E,1.5,-,없음,비 또는 눈 소식이 없어요.,05:11,19:51,0,낮음,햇볕에 민감한 분들은 자외선 차단제를 발라주세요.,좋음,13,좋음,25,보통,56.0,,호흡기가 예민하신 분들은 몸상태 유의하며 활동해주세요.,
2026-06-06T03:51:39.136074+09:00,청량리 제기동 일대 전통시장,청량리 제기동 일대 전통시장,POI081,KEY_2,2026-06-06 03:50,17.9,29.0,17.0,76,ENE,1.4,-,없음,비 또는 눈 소식이 없어요.,05:11,19:51,0,낮음,햇볕에 민감한 분들은 자외선 차단제를 발라주세요.,좋음,10,좋음,18,보통,60.0,,호흡기가 예민하신 분들은 몸상태 유의하며 활동해주세요.,
2026-06-06T03:51:39.136074+09:00,해방촌·경리단길,해방촌·경리단길,POI082,KEY_3,2026-06-06 03:50,17.5,29.0,16.0,76,E,1.5,-,없음,비 또는 눈 소식이 없어요.,05:11,19:51,0,낮음,햇볕에 민감한 분들은 자외선 차단제를 발라주세요.,좋음,13,좋음,29,보통,56.0,,호흡기가 예민하신 분들은 몸상태 유의하며 활동해주세요.,
2026-06-06T03:51:39.136074+09:00,DDP(동대문디자인플라자),DDP(동대문디자인플라자),POI083,KEY_4,2026-06-06 03:50,16.5,28.0,16.0,80,N,0.5,-,없음,비 또는 눈 소식이 없어요.,05:11,19:51,0,낮음,햇볕에 민감한 분들은 자외선 차단제를 발라주세요.,좋음,12,좋음,22,보통,56.0,,호흡기가 예민하신 분들은 몸상태 유의하며 활동해주세요.,
2026-06-06T03:51:39.136074+09:00,DMC(디지털미디어시티),DMC(디지털미디어시티),POI084,KEY_1,2026-06-06 03:50,17.4,29.0,15.0,86,E,1.1,-,없음,비 또는 눈 소식이 없어요.,05:11,19:51,0,낮음,햇볕에 민감한 분들은 자외선 차단제를 발라주세요.,좋음,9,좋음,22,보통,54.0,,호흡기가 예민하신 분들은 몸상태 유의하며 활동해주세요.,
2026-06-06T03:51:39.136074+09:00,강남역,강남역,POI014,KEY_3,2026-06-06 03:50,15.3,29.0,16.0,87,E,1.5,-,없음,비 또는 눈 소식이 없어요.,05:11,19:51,0,낮음,햇볕에 민감한 분들은 자외선 차단제를 발라주세요.,좋음,12,좋음,18,보통,58.0,,호흡기가 예민하신 분들은 몸상태 유의하며 활동해주세요.,
2026-06-06T03:51:39.136074+09:00,건대입구역,건대입구역,POI015,KEY_4,2026-06-06 03:50,17.5,29.0,17.0,76,E,1.5,-,없음,비 또는 눈 소식이 없어요.,05:11,19:51,0,낮음,햇볕에 민감한 분들은 자외선 차단제를 발라주세요.,보통,16,좋음,30,좋음,47.0,,대기질에 이상이 없어요.,
2026-06-06T03:51:39.136074+09:00,고덕역,고덕역,POI016,KEY_1,2026-06-06 03:50,14.4,28.0,15.0,92,NNE,1.0,-,없음,비 또는 눈 소식이 없어요.,05:11,19:51,0,낮음,햇볕에 민감한 분들은 자외선 차단제를 발라주세요.,좋음,12,좋음,25,보통,52.0,,호흡기가 예민하신 분들은 몸상태 유의하며 활동해주세요.,
2026-06-06T03:51:39.136074+09:00,고속터미널역,고속터미널역,POI017,KEY_2,2026-06-06 03:50,14.4,29.0,15.0,97,ESE,0.8,-,없음,비 또는 눈 소식이 없어요.,05:11,19:51,0,낮음,햇볕에 민감한 분들은 자외선 차단제를 발라주세요.,좋음,12,좋음,18,보통,58.0,,호흡기가 예민하신 분들은 몸상태 유의하며 활동해주세요.,
2026-06-06T03:51:39.136074+09:00,교대역,교대역,POI018,KEY_3,2026-06-06 03:50,15.3,29.0,16.0,87,E,1.5,-,없음,비 또는 눈 소식이 없어요.,05:11,19:51,0,낮음,햇볕에 민감한 분들은 자외선 차단제를 발라주세요.,좋음,12,좋음,18,보통,58.0,,호흡기가 예민하신 분들은 몸상태 유의하며 활동해주세요.,
2026-06-06T03:51:39.136074+09:00,구로디지털단지역,구로디지털단지역,POI019,KEY_4,2026-06-06 03:50,16.8,29.0,17.0,84,ESE,1.5,-,없음,비 또는 눈 소식이 없어요.,05:11,19:51,0,낮음,햇볕에 민감한 분들은 자외선 차단제를 발라주세요.,좋음,14,좋음,20,보통,68.0,,호흡기가 예민하신 분들은 몸상태 유의하며 활동해주세요.,
2026-06-06T03:51:39.136074+09:00,구로역,구로역,POI020,KEY_1,2026-06-06 03:50,16.8,29.0,17.0,84,ESE,1.5,-,없음,비 또는 눈 소식이 없어요.,05:11,19:51,0,낮음,햇볕에 민감한 분들은 자외선 차단제를 발라주세요.,좋음,14,좋음,20,보통,68.0,,호흡기가 예민하신 분들은 몸상태 유의하며 활동해주세요.,
2026-06-06T03:51:39.136074+09:00,군자역,군자역,POI021,KEY_2,2026-06-06 03:50,17.6,29.0,16.0,73,NNE,1.1,-,없음,비 또는 눈 소식이 없어요.,05:11,19:51,0,낮음,햇볕에 민감한 분들은 자외선 차단제를 발라주세요.,보통,16,좋음,30,좋음,47.0,,대기질에 이상이 없어요.,
2026-06-06T03:51:39.136074+09:00,대림역,대림역,POI023,KEY_3,2026-06-06 03:50,16.8,29.0,17.0,84,ESE,1.5,-,없음,비 또는 눈 소식이 없어요.,05:11,19:51,0,낮음,햇볕에 민감한 분들은 자외선 차단제를 발라주세요.,좋음,11,좋음,23,보통,59.0,,호흡기가 예민하신 분들은 몸상태 유의하며 활동해주세요.,
2026-06-06T03:51:39.136074+09:00,동대문역,동대문역,POI024,KEY_4,2026-06-06 03:50,16.5,28.0,16.0,80,N,0.5,-,없음,비 또는 눈 소식이 없어요.,05:11,19:51,0,낮음,햇볕에 민감한 분들은 자외선 차단제를 발라주세요.,좋음,12,좋음,22,보통,56.0,,호흡기가 예민하신 분들은 몸상태 유의하며 활동해주세요.,
2026-06-06T03:51:39.136074+09:00,뚝섬역,뚝섬역,POI025,KEY_1,2026-06-06 03:50,17.5,29.0,17.0,76,E,1.5,-,없음,비 또는 눈 소식이 없어요.,05:11,19:51,0,낮음,햇볕에 민감한 분들은 자외선 차단제를 발라주세요.,좋음,13,좋음,24,보통,56.0,,호흡기가 예민하신 분들은 몸상태 유의하며 활동해주세요.,
2026-06-06T03:51:39.136074+09:00,미아사거리역,미아사거리역,POI026,KEY_2,2026-06-06 03:50,14.0,28.0,15.0,91,SE,0.1,-,없음,비 또는 눈 소식이 없어요.,05:11,19:51,0,낮음,햇볕에 민감한 분들은 자외선 차단제를 발라주세요.,좋음,11,좋음,18,보통,51.0,,호흡기가 예민하신 분들은 몸상태 유의하며 활동해주세요.,
2026-06-06T03:51:39.136074+09:00,발산역,발산역,POI027,KEY_3,2026-06-06 03:50,17.4,29.0,15.0,86,E,1.1,-,없음,비 또는 눈 소식이 없어요.,05:11,19:51,0,낮음,햇볕에 민감한 분들은 자외선 차단제를 발라주세요.,좋음,13,좋음,19,보통,54.0,,호흡기가 예민하신 분들은 몸상태 유의하며 활동해주세요.,
2026-06-06T03:51:39.136074+09:00,사당역,사당역,POI029,KEY_4,2026-06-06 03:50,14.4,29.0,15.0,97,ESE,0.8,-,없음,비 또는 눈 소식이 없어요.,05:11,19:51,0,낮음,햇볕에 민감한 분들은 자외선 차단제를 발라주세요.,좋음,12,좋음,18,보통,58.0,,호흡기가 예민하신 분들은 몸상태 유의하며 활동해주세요.,
2026-06-06T03:51:39.136074+09:00,삼각지역,삼각지역,POI030,KEY_1,2026-06-06 03:50,17.5,29.0,16.0,76,E,1.5,-,없음,비 또는 눈 소식이 없어요.,05:11,19:51,0,낮음,햇볕에 민감한 분들은 자외선 차단제를 발라주세요.,좋음,13,좋음,29,보통,56.0,,호흡기가 예민하신 분들은 몸상태 유의하며 활동해주세요.,
2026-06-06T03:51:39.136074+09:00,서울대입구역,서울대입구역,POI031,KEY_2,2026-06-06 03:50,16.7,29.0,16.0,84,ESE,0.6,-,없음,비 또는 눈 소식이 없어요.,05:11,19:51,0,낮음,햇볕에 민감한 분들은 자외선 차단제를 발라주세요.,좋음,10,좋음,21,보통,53.0,,호흡기가 예민하신 분들은 몸상태 유의하며 활동해주세요.,
2026-06-06T03:51:39.136074+09:00,서울식물원·마곡나루역,서울식물원·마곡나루역,POI032,KEY_3,2026-06-06 03:50,17.4,29.0,15.0,86,E,1.1,-,없음,비 또는 눈 소식이 없어요.,05:11,19:51,0,낮음,햇볕에 민감한 분들은 자외선 차단제를 발라주세요.,좋음,13,좋음,19,보통,54.0,,호흡기가 예민하신 분들은 몸상태 유의하며 활동해주세요.,
2026-06-06T03:51:39.136074+09:00,서울역,서울역,POI033,KEY_4,2026-06-06 03:50,16.5,28.0,16.0,80,N,0.5,-,없음,비 또는 눈 소식이 없어요.,05:11,19:51,0,낮음,햇볕에 민감한 분들은 자외선 차단제를 발라주세요.,좋음,9,좋음,23,보통,55.0,,호흡기가 예민하신 분들은 몸상태 유의하며 활동해주세요.,
2026-06-06T03:51:39.136074+09:00,선릉역,선릉역,POI034,KEY_1,2026-06-06 03:50,15.3,29.0,16.0,87,E,1.5,-,없음,비 또는 눈 소식이 없어요.,05:11,19:51,0,낮음,햇볕에 민감한 분들은 자외선 차단제를 발라주세요.,좋음,13,좋음,25,보통,56.0,,호흡기가 예민하신 분들은 몸상태 유의하며 활동해주세요.,
2026-06-06T03:51:39.136074+09:00,성신여대입구역,성신여대입구역,POI035,KEY_2,2026-06-06 03:50,16.5,28.0,16.0,80,N,0.5,-,없음,비 또는 눈 소식이 없어요.,05:11,19:51,0,낮음,햇볕에 민감한 분들은 자외선 차단제를 발라주세요.,좋음,6,좋음,17,보통,53.0,,호흡기가 예민하신 분들은 몸상태 유의하며 활동해주세요.,
2026-06-06T03:51:39.136074+09:00,수유역,수유역,POI036,KEY_3,2026-06-06 03:50,14.0,28.0,15.0,91,SE,0.1,-,없음,비 또는 눈 소식이 없어요.,05:11,19:51,0,낮음,햇볕에 민감한 분들은 자외선 차단제를 발라주세요.,좋음,11,좋음,18,보통,51.0,,호흡기가 예민하신 분들은 몸상태 유의하며 활동해주세요.,
2026-06-06T03:51:39.136074+09:00,숭례문,숭례문,POI131,KEY_4,2026-06-06 03:50,16.5,28.0,16.0,80,N,0.5,-,없음,비 또는 눈 소식이 없어요.,05:11,19:51,0,낮음,햇볕에 민감한 분들은 자외선 차단제를 발라주세요.,좋음,9,좋음,23,보통,55.0,,호흡기가 예민하신 분들은 몸상태 유의하며 활동해주세요.,
2026-06-06T03:51:39.136074+09:00,시의회 앞,시의회 앞,POI130,KEY_1,2026-06-06 03:50,16.5,28.0,16.0,80,N,0.5,-,없음,비 또는 눈 소식이 없어요.,05:11,19:51,0,낮음,햇볕에 민감한 분들은 자외선 차단제를 발라주세요.,좋음,9,좋음,23,보통,55.0,,호흡기가 예민하신 분들은 몸상태 유의하며 활동해주세요.,
2026-06-06T03:51:39.136074+09:00,신논현역·논현역,신논현역·논현역,POI037,KEY_2,2026-06-06 03:50,15.3,29.0,16.0,87,E,1.5,-,없음,비 또는 눈 소식이 없어요.,05:11,19:51,0,낮음,햇볕에 민감한 분들은 자외선 차단제를 발라주세요.,좋음,13,좋음,25,보통,56.0,,호흡기가 예민하신 분들은 몸상태 유의하며 활동해주세요.,
2026-06-06T03:51:39.136074+09:00,신도림역,신도림역,POI038,KEY_3,2026-06-06 03:50,16.7,29.0,16.0,84,ESE,0.6,-,없음,비 또는 눈 소식이 없어요.,05:11,19:51,0,낮음,햇볕에 민감한 분들은 자외선 차단제를 발라주세요.,좋음,11,좋음,23,보통,59.0,,호흡기가 예민하신 분들은 몸상태 유의하며 활동해주세요.,
2026-06-06T03:51:39.136074+09:00,신림역,신림역,POI039,KEY_4,2026-06-06 03:50,16.7,29.0,16.0,84,ESE,0.6,-,없음,비 또는 눈 소식이 없어요.,05:11,19:51,0,낮음,햇볕에 민감한 분들은 자외선 차단제를 발라주세요.,좋음,10,좋음,21,보통,53.0,,호흡기가 예민하신 분들은 몸상태 유의하며 활동해주세요.,
2026-06-06T03:51:39.136074+09:00,신정네거리역,신정네거리역,POI117,KEY_1,2026-06-06 03:50,17.1,29.0,16.0,87,ENE,1.1,-,없음,비 또는 눈 소식이 없어요.,05:11,19:51,0,낮음,햇볕에 민감한 분들은 자외선 차단제를 발라주세요.,좋음,9,좋음,24,보통,59.0,,호흡기가 예민하신 분들은 몸상태 유의하며 활동해주세요.,
2026-06-06T03:51:39.136074+09:00,신촌·이대역,신촌·이대역,POI040,KEY_2,2026-06-06 03:50,17.9,29.0,16.0,83,ESE,0.9,-,없음,비 또는 눈 소식이 없어요.,05:11,19:51,0,낮음,햇볕에 민감한 분들은 자외선 차단제를 발라주세요.,좋음,10,좋음,20,보통,56.0,,호흡기가 예민하신 분들은 몸상태 유의하며 활동해주세요.,
2026-06-06T03:51:39.136074+09:00,쌍문역,쌍문역,POI070,KEY_3,2026-06-06 03:50,14.0,28.0,15.0,91,SE,0.1,-,없음,비 또는 눈 소식이 없어요.,05:11,19:51,0,낮음,햇볕에 민감한 분들은 자외선 차단제를 발라주세요.,좋음,6,좋음,18,보통,55.0,,호흡기가 예민하신 분들은 몸상태 유의하며 활동해주세요.,
2026-06-06T03:51:39.136074+09:00,양재역,양재역,POI041,KEY_4,2026-06-06 03:50,15.3,29.0,16.0,87,E,1.5,-,없음,비 또는 눈 소식이 없어요.,05:11,19:51,0,낮음,햇볕에 민감한 분들은 자외선 차단제를 발라주세요.,좋음,12,좋음,18,보통,58.0,,호흡기가 예민하신 분들은 몸상태 유의하며 활동해주세요.,
2026-06-06T03:51:39.136074+09:00,역삼역,역삼역,POI042,KEY_1,2026-06-06 03:50,15.3,29.0,16.0,87,E,1.5,-,없음,비 또는 눈 소식이 없어요.,05:11,19:51,0,낮음,햇볕에 민감한 분들은 자외선 차단제를 발라주세요.,좋음,13,좋음,25,보통,56.0,,호흡기가 예민하신 분들은 몸상태 유의하며 활동해주세요.,
2026-06-06T03:51:39.136074+09:00,연신내역,연신내역,POI043,KEY_2,2026-06-06 03:50,12.1,28.0,13.0,91,ESE,0.2,-,없음,비 또는 눈 소식이 없어요.,05:11,19:51,0,낮음,햇볕에 민감한 분들은 자외선 차단제를 발라주세요.,좋음,9,좋음,22,보통,56.0,,호흡기가 예민하신 분들은 몸상태 유의하며 활동해주세요.,
2026-06-06T03:51:39.136074+09:00,오목교역·목동운동장,오목교역·목동운동장,POI044,KEY_3,2026-06-06 03:50,17.1,29.0,16.0,87,ENE,1.1,-,없음,비 또는 눈 소식이 없어요.,05:11,19:51,0,낮음,햇볕에 민감한 분들은 자외선 차단제를 발라주세요.,좋음,9,좋음,24,보통,59.0,,호흡기가 예민하신 분들은 몸상태 유의하며 활동해주세요.,
2026-06-06T03:51:39.136074+09:00,왕십리역,왕십리역,POI045,KEY_4,2026-06-06 03:50,17.9,29.0,17.0,76,ENE,1.4,-,없음,비 또는 눈 소식이 없어요.,05:11,19:51,0,낮음,햇볕에 민감한 분들은 자외선 차단제를 발라주세요.,좋음,13,좋음,24,보통,56.0,,호흡기가 예민하신 분들은 몸상태 유의하며 활동해주세요.,
2026-06-06T03:51:39.136074+09:00,용산역,용산역,POI046,KEY_1,2026-06-06 03:50,17.9,29.0,16.0,83,ESE,0.9,-,없음,비 또는 눈 소식이 없어요.,05:11,19:51,0,낮음,햇볕에 민감한 분들은 자외선 차단제를 발라주세요.,좋음,13,좋음,29,보통,56.0,,호흡기가 예민하신 분들은 몸상태 유의하며 활동해주세요.,
2026-06-06T03:51:39.136074+09:00,이태원역,이태원역,POI047,KEY_2,2026-06-06 03:50,17.5,29.0,16.0,76,E,1.5,-,없음,비 또는 눈 소식이 없어요.,05:11,19:51,0,낮음,햇볕에 민감한 분들은 자외선 차단제를 발라주세요.,좋음,13,좋음,29,보통,56.0,,호흡기가 예민하신 분들은 몸상태 유의하며 활동해주세요.,
2026-06-06T03:51:39.136074+09:00,잠실새내역,잠실새내역,POI118,KEY_3,2026-06-06 03:50,18.2,29.0,16.0,73,E,1.8,-,없음,비 또는 눈 소식이 없어요.,05:11,19:51,0,낮음,햇볕에 민감한 분들은 자외선 차단제를 발라주세요.,좋음,14,좋음,20,좋음,44.0,,대기질에 이상이 없어요.,
2026-06-06T03:51:39.136074+09:00,잠실역,잠실역,POI119,KEY_4,2026-06-06 03:50,17.9,29.0,16.0,76,ENE,1.7,-,없음,비 또는 눈 소식이 없어요.,05:11,19:51,0,낮음,햇볕에 민감한 분들은 자외선 차단제를 발라주세요.,좋음,14,좋음,20,좋음,44.0,,대기질에 이상이 없어요.,
2026-06-06T03:51:39.136074+09:00,장지역,장지역,POI048,KEY_1,2026-06-06 03:50,18.2,29.0,16.0,73,E,1.8,-,없음,비 또는 눈 소식이 없어요.,05:11,19:51,0,낮음,햇볕에 민감한 분들은 자외선 차단제를 발라주세요.,좋음,14,좋음,20,좋음,44.0,,대기질에 이상이 없어요.,
2026-06-06T03:51:39.136074+09:00,장한평역,장한평역,POI049,KEY_2,2026-06-06 03:50,17.9,29.0,17.0,76,ENE,1.4,-,없음,비 또는 눈 소식이 없어요.,05:11,19:51,0,낮음,햇볕에 민감한 분들은 자외선 차단제를 발라주세요.,좋음,10,좋음,18,보통,60.0,,호흡기가 예민하신 분들은 몸상태 유의하며 활동해주세요.,
2026-06-06T03:51:39.136074+09:00,천호역,천호역,POI050,KEY_3,2026-06-06 03:50,17.9,29.0,16.0,76,ENE,1.7,-,없음,비 또는 눈 소식이 없어요.,05:11,19:51,0,낮음,햇볕에 민감한 분들은 자외선 차단제를 발라주세요.,좋음,12,좋음,25,보통,52.0,,호흡기가 예민하신 분들은 몸상태 유의하며 활동해주세요.,
2026-06-06T03:51:39.136074+09:00,총신대입구(이수)역,총신대입구(이수)역,POI051,KEY_4,2026-06-06 03:50,14.4,29.0,15.0,97,ESE,0.8,-,없음,비 또는 눈 소식이 없어요.,05:11,19:51,0,낮음,햇볕에 민감한 분들은 자외선 차단제를 발라주세요.,좋음,12,좋음,21,보통,54.0,,호흡기가 예민하신 분들은 몸상태 유의하며 활동해주세요.,
2026-06-06T03:51:39.136074+09:00,충정로역,충정로역,POI052,KEY_1,2026-06-06 03:50,17.9,29.0,16.0,83,ESE,0.9,-,없음,비 또는 눈 소식이 없어요.,05:11,19:51,0,낮음,햇볕에 민감한 분들은 자외선 차단제를 발라주세요.,좋음,10,좋음,20,보통,56.0,,호흡기가 예민하신 분들은 몸상태 유의하며 활동해주세요.,
2026-06-06T03:51:39.136074+09:00,합정역,합정역,POI053,KEY_2,2026-06-06 03:50,17.9,29.0,16.0,83,ESE,0.9,-,없음,비 또는 눈 소식이 없어요.,05:11,19:51,0,낮음,햇볕에 민감한 분들은 자외선 차단제를 발라주세요.,좋음,9,좋음,22,보통,54.0,,호흡기가 예민하신 분들은 몸상태 유의하며 활동해주세요.,
2026-06-06T03:51:39.136074+09:00,혜화역,혜화역,POI054,KEY_3,2026-06-06 03:50,16.5,28.0,16.0,80,N,0.5,-,없음,비 또는 눈 소식이 없어요.,05:11,19:51,0,낮음,햇볕에 민감한 분들은 자외선 차단제를 발라주세요.,좋음,12,좋음,22,보통,56.0,,호흡기가 예민하신 분들은 몸상태 유의하며 활동해주세요.,
2026-06-06T03:51:39.136074+09:00,홍대입구역(2호선),홍대입구역(2호선),POI055,KEY_4,2026-06-06 03:50,15.0,28.0,15.0,93,SE,0.1,-,없음,비 또는 눈 소식이 없어요.,05:11,19:51,0,낮음,햇볕에 민감한 분들은 자외선 차단제를 발라주세요.,좋음,9,좋음,22,보통,54.0,,호흡기가 예민하신 분들은 몸상태 유의하며 활동해주세요.,
2026-06-06T03:51:39.136074+09:00,회기역,회기역,POI056,KEY_1,2026-06-06 03:50,17.9,29.0,17.0,76,ENE,1.4,-,없음,비 또는 눈 소식이 없어요.,05:11,19:51,0,낮음,햇볕에 민감한 분들은 자외선 차단제를 발라주세요.,좋음,10,좋음,18,보통,60.0,,호흡기가 예민하신 분들은 몸상태 유의하며 활동해주세요.,
2026-06-06T04:42:45.392000+09:00,경복궁,경복궁,POI008,KEY_1,2026-06-06 04:40,16.5,28.0,16.0,80,NNE,0.2,-,없음,비 또는 눈 소식이 없어요.,05:11,19:51,0,낮음,햇볕에 민감한 분들은 자외선 차단제를 발라주세요.,좋음,12,좋음,22,보통,56.0,,호흡기가 예민하신 분들은 몸상태 유의하며 활동해주세요.,
2026-06-06T04:42:45.392000+09:00,광화문·덕수궁,광화문·덕수궁,POI009,KEY_2,2026-06-06 04:40,16.5,28.0,16.0,80,NNE,0.2,-,없음,비 또는 눈 소식이 없어요.,05:11,19:51,0,낮음,햇볕에 민감한 분들은 자외선 차단제를 발라주세요.,좋음,12,좋음,22,보통,56.0,,호흡기가 예민하신 분들은 몸상태 유의하며 활동해주세요.,
2026-06-06T04:42:45.392000+09:00,보신각,보신각,POI010,KEY_3,2026-06-06 04:40,16.5,28.0,16.0,80,NNE,0.2,-,없음,비 또는 눈 소식이 없어요.,05:11,19:51,0,낮음,햇볕에 민감한 분들은 자외선 차단제를 발라주세요.,좋음,12,좋음,22,보통,56.0,,호흡기가 예민하신 분들은 몸상태 유의하며 활동해주세요.,
2026-06-06T04:42:45.392000+09:00,서울 암사동 유적,서울 암사동 유적,POI011,KEY_4,2026-06-06 04:40,16.0,29.0,15.0,85,NNE,0.1,-,없음,비 또는 눈 소식이 없어요.,05:11,19:51,0,낮음,햇볕에 민감한 분들은 자외선 차단제를 발라주세요.,좋음,12,좋음,25,보통,52.0,,호흡기가 예민하신 분들은 몸상태 유의하며 활동해주세요.,
2026-06-06T04:42:45.392000+09:00,창덕궁·종묘,창덕궁·종묘,POI012,KEY_1,2026-06-06 04:40,16.5,28.0,16.0,80,NNE,0.2,-,없음,비 또는 눈 소식이 없어요.,05:11,19:51,0,낮음,햇볕에 민감한 분들은 자외선 차단제를 발라주세요.,좋음,12,좋음,22,보통,56.0,,호흡기가 예민하신 분들은 몸상태 유의하며 활동해주세요.,
2026-06-06T04:42:45.392000+09:00,강남 MICE 관광특구,강남 MICE 관광특구,POI001,KEY_2,2026-06-06 04:40,15.0,29.0,16.0,88,E,1.5,-,없음,비 또는 눈 소식이 없어요.,05:11,19:51,0,낮음,햇볕에 민감한 분들은 자외선 차단제를 발라주세요.,좋음,13,좋음,25,보통,56.0,,호흡기가 예민하신 분들은 몸상태 유의하며 활동해주세요.,
2026-06-06T04:42:45.392000+09:00,동대문 관광특구,동대문 관광특구,POI002,KEY_3,2026-06-06 04:40,16.5,28.0,16.0,80,NNE,0.2,-,없음,비 또는 눈 소식이 없어요.,05:11,19:51,0,낮음,햇볕에 민감한 분들은 자외선 차단제를 발라주세요.,좋음,12,좋음,22,보통,56.0,,호흡기가 예민하신 분들은 몸상태 유의하며 활동해주세요.,
2026-06-06T04:42:45.392000+09:00,명동 관광특구,명동 관광특구,POI003,KEY_4,2026-06-06 04:40,16.5,28.0,16.0,80,NNE,0.2,-,없음,비 또는 눈 소식이 없어요.,05:11,19:51,0,낮음,햇볕에 민감한 분들은 자외선 차단제를 발라주세요.,좋음,9,좋음,23,보통,55.0,,호흡기가 예민하신 분들은 몸상태 유의하며 활동해주세요.,
2026-06-06T04:42:45.392000+09:00,이태원 관광특구,이태원 관광특구,POI004,KEY_1,2026-06-06 04:40,17.5,29.0,16.0,76,ENE,2.0,-,없음,비 또는 눈 소식이 없어요.,05:11,19:51,0,낮음,햇볕에 민감한 분들은 자외선 차단제를 발라주세요.,좋음,13,좋음,29,보통,56.0,,호흡기가 예민하신 분들은 몸상태 유의하며 활동해주세요.,
2026-06-06T04:42:45.392000+09:00,잠실 관광특구,잠실 관광특구,POI005,KEY_2,2026-06-06 04:40,17.7,29.0,16.0,78,ENE,1.2,-,없음,비 또는 눈 소식이 없어요.,05:11,19:51,0,낮음,햇볕에 민감한 분들은 자외선 차단제를 발라주세요.,좋음,14,좋음,20,좋음,44.0,,대기질에 이상이 없어요.,
2026-06-06T04:42:45.392000+09:00,종로·청계 관광특구,종로·청계 관광특구,POI006,KEY_3,2026-06-06 04:40,16.5,28.0,16.0,80,NNE,0.2,-,없음,비 또는 눈 소식이 없어요.,05:11,19:51,0,낮음,햇볕에 민감한 분들은 자외선 차단제를 발라주세요.,좋음,12,좋음,22,보통,56.0,,호흡기가 예민하신 분들은 몸상태 유의하며 활동해주세요.,
2026-06-06T04:42:45.392000+09:00,홍대 관광특구,홍대 관광특구,POI007,KEY_4,2026-06-06 04:40,18.3,29.0,16.0,83,E,1.1,-,없음,비 또는 눈 소식이 없어요.,05:11,19:51,0,낮음,햇볕에 민감한 분들은 자외선 차단제를 발라주세요.,좋음,9,좋음,22,보통,54.0,,호흡기가 예민하신 분들은 몸상태 유의하며 활동해주세요.,
2026-06-06T04:42:45.392000+09:00,강서한강공원,강서한강공원,POI085,KEY_1,2026-06-06 04:40,17.3,29.0,15.0,87,E,1.0,-,없음,비 또는 눈 소식이 없어요.,05:11,19:51,0,낮음,햇볕에 민감한 분들은 자외선 차단제를 발라주세요.,좋음,13,좋음,19,보통,54.0,,호흡기가 예민하신 분들은 몸상태 유의하며 활동해주세요.,
2026-06-06T04:42:45.392000+09:00,고척돔,고척돔,POI086,KEY_2,2026-06-06 04:40,16.6,29.0,17.0,84,E,1.4,-,없음,비 또는 눈 소식이 없어요.,05:11,19:51,0,낮음,햇볕에 민감한 분들은 자외선 차단제를 발라주세요.,좋음,14,좋음,20,보통,68.0,,호흡기가 예민하신 분들은 몸상태 유의하며 활동해주세요.,
2026-06-06T04:42:45.392000+09:00,광나루한강공원,광나루한강공원,POI087,KEY_3,2026-06-06 04:40,17.7,29.0,16.0,78,ENE,1.2,-,없음,비 또는 눈 소식이 없어요.,05:11,19:51,0,낮음,햇볕에 민감한 분들은 자외선 차단제를 발라주세요.,좋음,12,좋음,25,보통,52.0,,호흡기가 예민하신 분들은 몸상태 유의하며 활동해주세요.,
2026-06-06T04:42:45.392000+09:00,광화문광장,광화문광장,POI088,KEY_4,2026-06-06 04:40,16.5,28.0,16.0,80,NNE,0.2,-,없음,비 또는 눈 소식이 없어요.,05:11,19:51,0,낮음,햇볕에 민감한 분들은 자외선 차단제를 발라주세요.,좋음,12,좋음,22,보통,56.0,,호흡기가 예민하신 분들은 몸상태 유의하며 활동해주세요.,
2026-06-06T04:42:45.392000+09:00,국립중앙박물관·용산가족공원,국립중앙박물관·용산가족공원,POI089,KEY_1,2026-06-06 04:40,17.5,29.0,16.0,76,ENE,2.0,-,없음,비 또는 눈 소식이 없어요.,05:11,19:51,0,낮음,햇볕에 민감한 분들은 자외선 차단제를 발라주세요.,좋음,13,좋음,29,보통,56.0,,호흡기가 예민하신 분들은 몸상태 유의하며 활동해주세요.,
2026-06-06T04:42:45.392000+09:00,난지한강공원,난지한강공원,POI090,KEY_2,2026-06-06 04:40,17.3,29.0,15.0,87,E,1.0,-,없음,비 또는 눈 소식이 없어요.,05:11,19:51,0,낮음,햇볕에 민감한 분들은 자외선 차단제를 발라주세요.,좋음,13,좋음,19,보통,54.0,,호흡기가 예민하신 분들은 몸상태 유의하며 활동해주세요.,
2026-06-06T04:42:45.392000+09:00,남산공원,남산공원,POI091,KEY_3,2026-06-06 04:40,16.5,28.0,16.0,80,NNE,0.2,-,없음,비 또는 눈 소식이 없어요.,05:11,19:51,0,낮음,햇볕에 민감한 분들은 자외선 차단제를 발라주세요.,좋음,9,좋음,23,보통,55.0,,호흡기가 예민하신 분들은 몸상태 유의하며 활동해주세요.,
2026-06-06T04:42:45.392000+09:00,노들섬,노들섬,POI092,KEY_4,2026-06-06 04:40,18.3,29.0,16.0,83,E,1.1,-,없음,비 또는 눈 소식이 없어요.,05:11,19:51,0,낮음,햇볕에 민감한 분들은 자외선 차단제를 발라주세요.,좋음,13,좋음,29,보통,56.0,,호흡기가 예민하신 분들은 몸상태 유의하며 활동해주세요.,
2026-06-06T04:42:45.392000+09:00,뚝섬한강공원,뚝섬한강공원,POI093,KEY_1,2026-06-06 04:40,17.5,29.0,17.0,76,ENE,2.0,-,없음,비 또는 눈 소식이 없어요.,05:11,19:51,0,낮음,햇볕에 민감한 분들은 자외선 차단제를 발라주세요.,보통,16,좋음,30,좋음,47.0,,대기질에 이상이 없어요.,
2026-06-06T04:42:45.392000+09:00,망원한강공원,망원한강공원,POI094,KEY_2,2026-06-06 04:40,18.3,29.0,16.0,83,E,1.1,-,없음,비 또는 눈 소식이 없어요.,05:11,19:51,0,낮음,햇볕에 민감한 분들은 자외선 차단제를 발라주세요.,좋음,9,좋음,22,보통,54.0,,호흡기가 예민하신 분들은 몸상태 유의하며 활동해주세요.,
2026-06-06T04:42:45.392000+09:00,반포한강공원,반포한강공원,POI095,KEY_3,2026-06-06 04:40,17.5,29.0,16.0,76,ENE,2.0,-,없음,비 또는 눈 소식이 없어요.,05:11,19:51,0,낮음,햇볕에 민감한 분들은 자외선 차단제를 발라주세요.,좋음,13,좋음,29,보통,56.0,,호흡기가 예민하신 분들은 몸상태 유의하며 활동해주세요.,
2026-06-06T04:42:45.392000+09:00,보라매공원,보라매공원,POI123,KEY_4,2026-06-06 04:40,16.7,29.0,16.0,84,ESE,1.2,-,없음,비 또는 눈 소식이 없어요.,05:11,19:51,0,낮음,햇볕에 민감한 분들은 자외선 차단제를 발라주세요.,좋음,12,좋음,21,보통,54.0,,호흡기가 예민하신 분들은 몸상태 유의하며 활동해주세요.,
2026-06-06T04:42:45.392000+09:00,북서울꿈의숲,북서울꿈의숲,POI096,KEY_1,2026-06-06 04:40,13.9,28.0,15.0,90,SE,0.1,-,없음,비 또는 눈 소식이 없어요.,05:11,19:51,0,낮음,햇볕에 민감한 분들은 자외선 차단제를 발라주세요.,좋음,11,좋음,18,보통,51.0,,호흡기가 예민하신 분들은 몸상태 유의하며 활동해주세요.,
2026-06-06T04:42:45.392000+09:00,서대문독립공원,서대문독립공원,POI124,KEY_2,2026-06-06 04:40,16.5,28.0,16.0,80,NNE,0.2,-,없음,비 또는 눈 소식이 없어요.,05:11,19:51,0,낮음,햇볕에 민감한 분들은 자외선 차단제를 발라주세요.,좋음,12,좋음,22,보통,56.0,,호흡기가 예민하신 분들은 몸상태 유의하며 활동해주세요.,
2026-06-06T04:42:45.392000+09:00,서리풀공원·몽마르뜨공원,서리풀공원·몽마르뜨공원,POI098,KEY_3,2026-06-06 04:40,14.5,29.0,15.0,97,ESE,0.8,-,없음,비 또는 눈 소식이 없어요.,05:11,19:51,0,낮음,햇볕에 민감한 분들은 자외선 차단제를 발라주세요.,좋음,12,좋음,18,보통,58.0,,호흡기가 예민하신 분들은 몸상태 유의하며 활동해주세요.,
2026-06-06T04:42:45.392000+09:00,서울숲공원,서울숲공원,POI101,KEY_1,2026-06-06 04:40,17.5,29.0,17.0,76,ENE,2.0,-,없음,비 또는 눈 소식이 없어요.,05:11,19:51,0,낮음,햇볕에 민감한 분들은 자외선 차단제를 발라주세요.,좋음,13,좋음,24,보통,56.0,,호흡기가 예민하신 분들은 몸상태 유의하며 활동해주세요.,
2026-06-06T04:42:45.392000+09:00,송현녹지광장,송현녹지광장,POI129,KEY_2,2026-06-06 04:40,16.5,28.0,16.0,80,NNE,0.2,-,없음,비 또는 눈 소식이 없어요.,05:11,19:51,0,낮음,햇볕에 민감한 분들은 자외선 차단제를 발라주세요.,좋음,12,좋음,22,보통,56.0,,호흡기가 예민하신 분들은 몸상태 유의하며 활동해주세요.,
2026-06-06T04:42:45.392000+09:00,아차산,아차산,POI102,KEY_3,2026-06-06 04:40,17.7,29.0,16.0,73,NNE,0.9,-,없음,비 또는 눈 소식이 없어요.,05:11,19:51,0,낮음,햇볕에 민감한 분들은 자외선 차단제를 발라주세요.,보통,16,좋음,30,좋음,47.0,,대기질에 이상이 없어요.,
2026-06-06T04:42:45.392000+09:00,안양천,안양천,POI125,KEY_4,2026-06-06 04:40,17.1,29.0,16.0,87,E,1.5,-,없음,비 또는 눈 소식이 없어요.,05:11,19:51,0,낮음,햇볕에 민감한 분들은 자외선 차단제를 발라주세요.,좋음,9,좋음,24,보통,59.0,,호흡기가 예민하신 분들은 몸상태 유의하며 활동해주세요.,
2026-06-06T04:42:45.392000+09:00,양화한강공원,양화한강공원,POI103,KEY_1,2026-06-06 04:40,17.1,29.0,16.0,87,E,1.5,-,없음,비 또는 눈 소식이 없어요.,05:11,19:51,0,낮음,햇볕에 민감한 분들은 자외선 차단제를 발라주세요.,좋음,11,좋음,23,보통,59.0,,호흡기가 예민하신 분들은 몸상태 유의하며 활동해주세요.,
2026-06-06T04:42:45.392000+09:00,어린이대공원,어린이대공원,POI104,KEY_2,2026-06-06 04:40,17.7,29.0,16.0,78,ENE,1.2,-,없음,비 또는 눈 소식이 없어요.,05:11,19:51,0,낮음,햇볕에 민감한 분들은 자외선 차단제를 발라주세요.,보통,16,좋음,30,좋음,47.0,,대기질에 이상이 없어요.,
2026-06-06T04:42:45.392000+09:00,여의도한강공원,여의도한강공원,POI105,KEY_3,2026-06-06 04:40,18.3,29.0,16.0,83,E,1.1,-,없음,비 또는 눈 소식이 없어요.,05:11,19:51,0,낮음,햇볕에 민감한 분들은 자외선 차단제를 발라주세요.,좋음,11,좋음,23,보통,59.0,,호흡기가 예민하신 분들은 몸상태 유의하며 활동해주세요.,
2026-06-06T04:42:45.392000+09:00,여의서로,여의서로,POI126,KEY_4,2026-06-06 04:40,18.3,29.0,16.0,83,E,1.1,-,없음,비 또는 눈 소식이 없어요.,05:11,19:51,0,낮음,햇볕에 민감한 분들은 자외선 차단제를 발라주세요.,좋음,11,좋음,23,보통,59.0,,호흡기가 예민하신 분들은 몸상태 유의하며 활동해주세요.,
2026-06-06T04:42:45.392000+09:00,올림픽공원,올림픽공원,POI127,KEY_1,2026-06-06 04:40,17.7,29.0,16.0,78,ENE,1.2,-,없음,비 또는 눈 소식이 없어요.,05:11,19:51,0,낮음,햇볕에 민감한 분들은 자외선 차단제를 발라주세요.,좋음,14,좋음,20,좋음,44.0,,대기질에 이상이 없어요.,
2026-06-06T04:42:45.392000+09:00,월드컵공원,월드컵공원,POI106,KEY_2,2026-06-06 04:40,17.3,29.0,15.0,87,E,1.0,-,없음,비 또는 눈 소식이 없어요.,05:11,19:51,0,낮음,햇볕에 민감한 분들은 자외선 차단제를 발라주세요.,좋음,9,좋음,22,보통,54.0,,호흡기가 예민하신 분들은 몸상태 유의하며 활동해주세요.,
2026-06-06T04:42:45.392000+09:00,응봉산,응봉산,POI107,KEY_3,2026-06-06 04:40,17.5,29.0,17.0,76,ENE,2.0,-,없음,비 또는 눈 소식이 없어요.,05:11,19:51,0,낮음,햇볕에 민감한 분들은 자외선 차단제를 발라주세요.,좋음,13,좋음,24,보통,56.0,,호흡기가 예민하신 분들은 몸상태 유의하며 활동해주세요.,
2026-06-06T04:42:45.392000+09:00,이촌한강공원,이촌한강공원,POI108,KEY_4,2026-06-06 04:40,17.5,29.0,16.0,76,ENE,2.0,-,없음,비 또는 눈 소식이 없어요.,05:11,19:51,0,낮음,햇볕에 민감한 분들은 자외선 차단제를 발라주세요.,좋음,13,좋음,29,보통,56.0,,호흡기가 예민하신 분들은 몸상태 유의하며 활동해주세요.,
2026-06-06T04:42:45.392000+09:00,잠실종합운동장,잠실종합운동장,POI109,KEY_1,2026-06-06 04:40,18.0,29.0,16.0,73,E,1.9,-,없음,비 또는 눈 소식이 없어요.,05:11,19:51,0,낮음,햇볕에 민감한 분들은 자외선 차단제를 발라주세요.,좋음,14,좋음,20,좋음,44.0,,대기질에 이상이 없어요.,
2026-06-06T04:42:45.392000+09:00,잠실한강공원,잠실한강공원,POI110,KEY_2,2026-06-06 04:40,17.7,29.0,16.0,78,ENE,1.2,-,없음,비 또는 눈 소식이 없어요.,05:11,19:51,0,낮음,햇볕에 민감한 분들은 자외선 차단제를 발라주세요.,보통,16,좋음,30,좋음,47.0,,대기질에 이상이 없어요.,
2026-06-06T04:42:45.392000+09:00,잠원한강공원,잠원한강공원,POI111,KEY_3,2026-06-06 04:40,17.5,29.0,17.0,76,ENE,2.0,-,없음,비 또는 눈 소식이 없어요.,05:11,19:51,0,낮음,햇볕에 민감한 분들은 자외선 차단제를 발라주세요.,좋음,13,좋음,25,보통,56.0,,호흡기가 예민하신 분들은 몸상태 유의하며 활동해주세요.,
2026-06-06T04:42:45.392000+09:00,청계산,청계산,POI112,KEY_4,2026-06-06 04:40,13.2,28.0,15.0,97,SE,0.9,-,없음,비 또는 눈 소식이 없어요.,05:11,19:51,0,낮음,햇볕에 민감한 분들은 자외선 차단제를 발라주세요.,좋음,12,좋음,18,보통,58.0,,호흡기가 예민하신 분들은 몸상태 유의하며 활동해주세요.,
2026-06-06T04:42:45.392000+09:00,홍제폭포,홍제폭포,POI128,KEY_1,2026-06-06 04:40,15.0,28.0,15.0,93,SE,0.1,-,없음,비 또는 눈 소식이 없어요.,05:11,19:51,0,낮음,햇볕에 민감한 분들은 자외선 차단제를 발라주세요.,좋음,10,좋음,20,보통,56.0,,호흡기가 예민하신 분들은 몸상태 유의하며 활동해주세요.,
2026-06-06T04:42:45.392000+09:00,가락시장,가락시장,POI058,KEY_2,2026-06-06 04:40,18.0,29.0,16.0,73,E,1.9,-,없음,비 또는 눈 소식이 없어요.,05:11,19:51,0,낮음,햇볕에 민감한 분들은 자외선 차단제를 발라주세요.,좋음,14,좋음,20,좋음,44.0,,대기질에 이상이 없어요.,
2026-06-06T04:42:45.392000+09:00,가로수길,가로수길,POI059,KEY_3,2026-06-06 04:40,17.5,29.0,17.0,76,ENE,2.0,-,없음,비 또는 눈 소식이 없어요.,05:11,19:51,0,낮음,햇볕에 민감한 분들은 자외선 차단제를 발라주세요.,좋음,13,좋음,25,보통,56.0,,호흡기가 예민하신 분들은 몸상태 유의하며 활동해주세요.,
2026-06-06T04:42:45.392000+09:00,광장(전통)시장,광장(전통)시장,POI060,KEY_4,2026-06-06 04:40,16.5,28.0,16.0,80,NNE,0.2,-,없음,비 또는 눈 소식이 없어요.,05:11,19:51,0,낮음,햇볕에 민감한 분들은 자외선 차단제를 발라주세요.,좋음,12,좋음,22,보통,56.0,,호흡기가 예민하신 분들은 몸상태 유의하며 활동해주세요.,
2026-06-06T04:42:45.392000+09:00,김포공항,김포공항,POI061,KEY_1,2026-06-06 04:40,17.3,29.0,15.0,87,E,1.0,-,없음,비 또는 눈 소식이 없어요.,05:11,19:51,0,낮음,햇볕에 민감한 분들은 자외선 차단제를 발라주세요.,좋음,13,좋음,19,보통,54.0,,호흡기가 예민하신 분들은 몸상태 유의하며 활동해주세요.,
2026-06-06T04:42:45.392000+09:00,남대문시장,남대문시장,POI115,KEY_2,2026-06-06 04:40,16.5,28.0,16.0,80,NNE,0.2,-,없음,비 또는 눈 소식이 없어요.,05:11,19:51,0,낮음,햇볕에 민감한 분들은 자외선 차단제를 발라주세요.,좋음,9,좋음,23,보통,55.0,,호흡기가 예민하신 분들은 몸상태 유의하며 활동해주세요.,
2026-06-06T04:42:45.392000+09:00,노량진,노량진,POI063,KEY_3,2026-06-06 04:40,16.7,29.0,16.0,84,ESE,1.2,-,없음,비 또는 눈 소식이 없어요.,05:11,19:51,0,낮음,햇볕에 민감한 분들은 자외선 차단제를 발라주세요.,좋음,12,좋음,21,보통,54.0,,호흡기가 예민하신 분들은 몸상태 유의하며 활동해주세요.,
2026-06-06T04:42:45.392000+09:00,덕수궁길·정동길,덕수궁길·정동길,POI064,KEY_4,2026-06-06 04:40,16.5,28.0,16.0,80,NNE,0.2,-,없음,비 또는 눈 소식이 없어요.,05:11,19:51,0,낮음,햇볕에 민감한 분들은 자외선 차단제를 발라주세요.,좋음,12,좋음,22,보통,56.0,,호흡기가 예민하신 분들은 몸상태 유의하며 활동해주세요.,
2026-06-06T04:42:45.392000+09:00,북창동 먹자골목,북창동 먹자골목,POI114,KEY_1,2026-06-06 04:40,16.5,28.0,16.0,80,NNE,0.2,-,없음,비 또는 눈 소식이 없어요.,05:11,19:51,0,낮음,햇볕에 민감한 분들은 자외선 차단제를 발라주세요.,좋음,9,좋음,23,보통,55.0,,호흡기가 예민하신 분들은 몸상태 유의하며 활동해주세요.,
2026-06-06T04:42:45.392000+09:00,북촌한옥마을,북촌한옥마을,POI066,KEY_2,2026-06-06 04:40,16.5,28.0,16.0,80,NNE,0.2,-,없음,비 또는 눈 소식이 없어요.,05:11,19:51,0,낮음,햇볕에 민감한 분들은 자외선 차단제를 발라주세요.,좋음,12,좋음,22,보통,56.0,,호흡기가 예민하신 분들은 몸상태 유의하며 활동해주세요.,
2026-06-06T04:42:45.392000+09:00,서촌,서촌,POI067,KEY_3,2026-06-06 04:40,16.5,28.0,16.0,80,NNE,0.2,-,없음,비 또는 눈 소식이 없어요.,05:11,19:51,0,낮음,햇볕에 민감한 분들은 자외선 차단제를 발라주세요.,좋음,12,좋음,22,보통,56.0,,호흡기가 예민하신 분들은 몸상태 유의하며 활동해주세요.,
2026-06-06T04:42:45.392000+09:00,성수카페거리,성수카페거리,POI068,KEY_4,2026-06-06 04:40,17.5,29.0,17.0,76,ENE,2.0,-,없음,비 또는 눈 소식이 없어요.,05:11,19:51,0,낮음,햇볕에 민감한 분들은 자외선 차단제를 발라주세요.,좋음,13,좋음,24,보통,56.0,,호흡기가 예민하신 분들은 몸상태 유의하며 활동해주세요.,
2026-06-06T04:42:45.392000+09:00,송리단길·호수단길,송리단길·호수단길,POI121,KEY_1,2026-06-06 04:40,18.0,29.0,16.0,73,E,1.9,-,없음,비 또는 눈 소식이 없어요.,05:11,19:51,0,낮음,햇볕에 민감한 분들은 자외선 차단제를 발라주세요.,좋음,14,좋음,20,좋음,44.0,,대기질에 이상이 없어요.,
2026-06-06T04:42:45.392000+09:00,신촌 스타광장,신촌 스타광장,POI122,KEY_2,2026-06-06 04:40,18.3,29.0,16.0,83,E,1.1,-,없음,비 또는 눈 소식이 없어요.,05:11,19:51,0,낮음,햇볕에 민감한 분들은 자외선 차단제를 발라주세요.,좋음,10,좋음,20,보통,56.0,,호흡기가 예민하신 분들은 몸상태 유의하며 활동해주세요.,
2026-06-06T04:42:45.392000+09:00,압구정로데오거리,압구정로데오거리,POI071,KEY_3,2026-06-06 04:40,17.5,29.0,17.0,76,ENE,2.0,-,없음,비 또는 눈 소식이 없어요.,05:11,19:51,0,낮음,햇볕에 민감한 분들은 자외선 차단제를 발라주세요.,좋음,13,좋음,25,보통,56.0,,호흡기가 예민하신 분들은 몸상태 유의하며 활동해주세요.,
2026-06-06T04:42:45.392000+09:00,여의도,여의도,POI072,KEY_4,2026-06-06 04:40,18.3,29.0,16.0,83,E,1.1,-,없음,비 또는 눈 소식이 없어요.,05:11,19:51,0,낮음,햇볕에 민감한 분들은 자외선 차단제를 발라주세요.,좋음,11,좋음,23,보통,59.0,,호흡기가 예민하신 분들은 몸상태 유의하며 활동해주세요.,
2026-06-06T04:42:45.392000+09:00,연남동,연남동,POI073,KEY_1,2026-06-06 04:40,15.0,28.0,15.0,93,SE,0.1,-,없음,비 또는 눈 소식이 없어요.,05:11,19:51,0,낮음,햇볕에 민감한 분들은 자외선 차단제를 발라주세요.,좋음,9,좋음,22,보통,54.0,,호흡기가 예민하신 분들은 몸상태 유의하며 활동해주세요.,
2026-06-06T04:42:45.392000+09:00,영등포 타임스퀘어,영등포 타임스퀘어,POI074,KEY_2,2026-06-06 04:40,18.3,29.0,16.0,83,E,1.1,-,없음,비 또는 눈 소식이 없어요.,05:11,19:51,0,낮음,햇볕에 민감한 분들은 자외선 차단제를 발라주세요.,좋음,11,좋음,23,보통,59.0,,호흡기가 예민하신 분들은 몸상태 유의하며 활동해주세요.,
2026-06-06T04:42:45.392000+09:00,용리단길,용리단길,POI076,KEY_3,2026-06-06 04:40,17.5,29.0,16.0,76,ENE,2.0,-,없음,비 또는 눈 소식이 없어요.,05:11,19:51,0,낮음,햇볕에 민감한 분들은 자외선 차단제를 발라주세요.,좋음,13,좋음,29,보통,56.0,,호흡기가 예민하신 분들은 몸상태 유의하며 활동해주세요.,
2026-06-06T04:42:45.392000+09:00,이태원 앤틱가구거리,이태원 앤틱가구거리,POI077,KEY_4,2026-06-06 04:40,17.5,29.0,16.0,76,ENE,2.0,-,없음,비 또는 눈 소식이 없어요.,05:11,19:51,0,낮음,햇볕에 민감한 분들은 자외선 차단제를 발라주세요.,좋음,13,좋음,29,보통,56.0,,호흡기가 예민하신 분들은 몸상태 유의하며 활동해주세요.,
2026-06-06T04:42:45.392000+09:00,익선동,익선동,POI116,KEY_1,2026-06-06 04:40,16.5,28.0,16.0,80,NNE,0.2,-,없음,비 또는 눈 소식이 없어요.,05:11,19:51,0,낮음,햇볕에 민감한 분들은 자외선 차단제를 발라주세요.,좋음,12,좋음,22,보통,56.0,,호흡기가 예민하신 분들은 몸상태 유의하며 활동해주세요.,
2026-06-06T04:42:45.392000+09:00,인사동,인사동,POI078,KEY_2,2026-06-06 04:40,16.5,28.0,16.0,80,NNE,0.2,-,없음,비 또는 눈 소식이 없어요.,05:11,19:51,0,낮음,햇볕에 민감한 분들은 자외선 차단제를 발라주세요.,좋음,12,좋음,22,보통,56.0,,호흡기가 예민하신 분들은 몸상태 유의하며 활동해주세요.,
2026-06-06T04:42:45.392000+09:00,잠실롯데타워·석촌호수,잠실롯데타워·석촌호수,POI120,KEY_3,2026-06-06 04:40,17.7,29.0,16.0,78,ENE,1.2,-,없음,비 또는 눈 소식이 없어요.,05:11,19:51,0,낮음,햇볕에 민감한 분들은 자외선 차단제를 발라주세요.,좋음,14,좋음,20,좋음,44.0,,대기질에 이상이 없어요.,
2026-06-06T04:42:45.392000+09:00,창동 신경제 중심지,창동 신경제 중심지,POI079,KEY_4,2026-06-06 04:40,14.7,28.0,14.0,84,SE,0.1,-,없음,비 또는 눈 소식이 없어요.,05:11,19:51,0,낮음,햇볕에 민감한 분들은 자외선 차단제를 발라주세요.,좋음,13,좋음,22,좋음,42.0,,대기질에 이상이 없어요.,
2026-06-06T04:42:45.392000+09:00,청담동 명품거리,청담동 명품거리,POI080,KEY_1,2026-06-06 04:40,17.5,29.0,17.0,76,ENE,2.0,-,없음,비 또는 눈 소식이 없어요.,05:11,19:51,0,낮음,햇볕에 민감한 분들은 자외선 차단제를 발라주세요.,좋음,13,좋음,25,보통,56.0,,호흡기가 예민하신 분들은 몸상태 유의하며 활동해주세요.,
2026-06-06T04:42:45.392000+09:00,청량리 제기동 일대 전통시장,청량리 제기동 일대 전통시장,POI081,KEY_2,2026-06-06 04:40,18.0,29.0,17.0,74,ENE,1.3,-,없음,비 또는 눈 소식이 없어요.,05:11,19:51,0,낮음,햇볕에 민감한 분들은 자외선 차단제를 발라주세요.,좋음,10,좋음,18,보통,60.0,,호흡기가 예민하신 분들은 몸상태 유의하며 활동해주세요.,
2026-06-06T04:42:45.392000+09:00,해방촌·경리단길,해방촌·경리단길,POI082,KEY_3,2026-06-06 04:40,17.5,29.0,16.0,76,ENE,2.0,-,없음,비 또는 눈 소식이 없어요.,05:11,19:51,0,낮음,햇볕에 민감한 분들은 자외선 차단제를 발라주세요.,좋음,13,좋음,29,보통,56.0,,호흡기가 예민하신 분들은 몸상태 유의하며 활동해주세요.,
2026-06-06T04:42:45.392000+09:00,DDP(동대문디자인플라자),DDP(동대문디자인플라자),POI083,KEY_4,2026-06-06 04:40,16.5,28.0,16.0,80,NNE,0.2,-,없음,비 또는 눈 소식이 없어요.,05:11,19:51,0,낮음,햇볕에 민감한 분들은 자외선 차단제를 발라주세요.,좋음,12,좋음,22,보통,56.0,,호흡기가 예민하신 분들은 몸상태 유의하며 활동해주세요.,
2026-06-06T04:42:45.392000+09:00,DMC(디지털미디어시티),DMC(디지털미디어시티),POI084,KEY_1,2026-06-06 04:40,17.3,29.0,15.0,87,E,1.0,-,없음,비 또는 눈 소식이 없어요.,05:11,19:51,0,낮음,햇볕에 민감한 분들은 자외선 차단제를 발라주세요.,좋음,9,좋음,22,보통,54.0,,호흡기가 예민하신 분들은 몸상태 유의하며 활동해주세요.,
2026-06-06T04:42:45.392000+09:00,강남역,강남역,POI014,KEY_3,2026-06-06 04:40,15.0,29.0,16.0,88,E,1.5,-,없음,비 또는 눈 소식이 없어요.,05:11,19:51,0,낮음,햇볕에 민감한 분들은 자외선 차단제를 발라주세요.,좋음,12,좋음,18,보통,58.0,,호흡기가 예민하신 분들은 몸상태 유의하며 활동해주세요.,
2026-06-06T04:42:45.392000+09:00,건대입구역,건대입구역,POI015,KEY_4,2026-06-06 04:40,17.5,29.0,17.0,76,ENE,2.0,-,없음,비 또는 눈 소식이 없어요.,05:11,19:51,0,낮음,햇볕에 민감한 분들은 자외선 차단제를 발라주세요.,보통,16,좋음,30,좋음,47.0,,대기질에 이상이 없어요.,
2026-06-06T04:42:45.392000+09:00,고덕역,고덕역,POI016,KEY_1,2026-06-06 04:40,14.6,28.0,15.0,92,NNE,1.4,-,없음,비 또는 눈 소식이 없어요.,05:11,19:51,0,낮음,햇볕에 민감한 분들은 자외선 차단제를 발라주세요.,좋음,12,좋음,25,보통,52.0,,호흡기가 예민하신 분들은 몸상태 유의하며 활동해주세요.,
2026-06-06T04:42:45.392000+09:00,고속터미널역,고속터미널역,POI017,KEY_2,2026-06-06 04:40,14.5,29.0,15.0,97,ESE,0.8,-,없음,비 또는 눈 소식이 없어요.,05:11,19:51,0,낮음,햇볕에 민감한 분들은 자외선 차단제를 발라주세요.,좋음,12,좋음,18,보통,58.0,,호흡기가 예민하신 분들은 몸상태 유의하며 활동해주세요.,
2026-06-06T04:42:45.392000+09:00,교대역,교대역,POI018,KEY_3,2026-06-06 04:40,15.0,29.0,16.0,88,E,1.5,-,없음,비 또는 눈 소식이 없어요.,05:11,19:51,0,낮음,햇볕에 민감한 분들은 자외선 차단제를 발라주세요.,좋음,12,좋음,18,보통,58.0,,호흡기가 예민하신 분들은 몸상태 유의하며 활동해주세요.,
2026-06-06T04:42:45.392000+09:00,구로디지털단지역,구로디지털단지역,POI019,KEY_4,2026-06-06 04:40,16.6,29.0,17.0,84,E,1.4,-,없음,비 또는 눈 소식이 없어요.,05:11,19:51,0,낮음,햇볕에 민감한 분들은 자외선 차단제를 발라주세요.,좋음,14,좋음,20,보통,68.0,,호흡기가 예민하신 분들은 몸상태 유의하며 활동해주세요.,
2026-06-06T04:42:45.392000+09:00,구로역,구로역,POI020,KEY_1,2026-06-06 04:40,16.6,29.0,17.0,84,E,1.4,-,없음,비 또는 눈 소식이 없어요.,05:11,19:51,0,낮음,햇볕에 민감한 분들은 자외선 차단제를 발라주세요.,좋음,14,좋음,20,보통,68.0,,호흡기가 예민하신 분들은 몸상태 유의하며 활동해주세요.,
2026-06-06T04:42:45.392000+09:00,군자역,군자역,POI021,KEY_2,2026-06-06 04:40,17.7,29.0,16.0,73,NNE,0.9,-,없음,비 또는 눈 소식이 없어요.,05:11,19:51,0,낮음,햇볕에 민감한 분들은 자외선 차단제를 발라주세요.,보통,16,좋음,30,좋음,47.0,,대기질에 이상이 없어요.,
2026-06-06T04:42:45.392000+09:00,대림역,대림역,POI023,KEY_3,2026-06-06 04:40,16.6,29.0,17.0,84,E,1.4,-,없음,비 또는 눈 소식이 없어요.,05:11,19:51,0,낮음,햇볕에 민감한 분들은 자외선 차단제를 발라주세요.,좋음,11,좋음,23,보통,59.0,,호흡기가 예민하신 분들은 몸상태 유의하며 활동해주세요.,
2026-06-06T04:42:45.392000+09:00,동대문역,동대문역,POI024,KEY_4,2026-06-06 04:40,16.5,28.0,16.0,80,NNE,0.2,-,없음,비 또는 눈 소식이 없어요.,05:11,19:51,0,낮음,햇볕에 민감한 분들은 자외선 차단제를 발라주세요.,좋음,12,좋음,22,보통,56.0,,호흡기가 예민하신 분들은 몸상태 유의하며 활동해주세요.,
2026-06-06T04:42:45.392000+09:00,뚝섬역,뚝섬역,POI025,KEY_1,2026-06-06 04:40,17.5,29.0,17.0,76,ENE,2.0,-,없음,비 또는 눈 소식이 없어요.,05:11,19:51,0,낮음,햇볕에 민감한 분들은 자외선 차단제를 발라주세요.,좋음,13,좋음,24,보통,56.0,,호흡기가 예민하신 분들은 몸상태 유의하며 활동해주세요.,
2026-06-06T04:42:45.392000+09:00,미아사거리역,미아사거리역,POI026,KEY_2,2026-06-06 04:40,13.9,28.0,15.0,90,SE,0.1,-,없음,비 또는 눈 소식이 없어요.,05:11,19:51,0,낮음,햇볕에 민감한 분들은 자외선 차단제를 발라주세요.,좋음,11,좋음,18,보통,51.0,,호흡기가 예민하신 분들은 몸상태 유의하며 활동해주세요.,
2026-06-06T04:42:45.392000+09:00,발산역,발산역,POI027,KEY_3,2026-06-06 04:40,17.3,29.0,15.0,87,E,1.0,-,없음,비 또는 눈 소식이 없어요.,05:11,19:51,0,낮음,햇볕에 민감한 분들은 자외선 차단제를 발라주세요.,좋음,13,좋음,19,보통,54.0,,호흡기가 예민하신 분들은 몸상태 유의하며 활동해주세요.,
2026-06-06T04:42:45.392000+09:00,사당역,사당역,POI029,KEY_4,2026-06-06 04:40,14.5,29.0,15.0,97,ESE,0.8,-,없음,비 또는 눈 소식이 없어요.,05:11,19:51,0,낮음,햇볕에 민감한 분들은 자외선 차단제를 발라주세요.,좋음,12,좋음,18,보통,58.0,,호흡기가 예민하신 분들은 몸상태 유의하며 활동해주세요.,
2026-06-06T04:42:45.392000+09:00,삼각지역,삼각지역,POI030,KEY_1,2026-06-06 04:40,17.5,29.0,16.0,76,ENE,2.0,-,없음,비 또는 눈 소식이 없어요.,05:11,19:51,0,낮음,햇볕에 민감한 분들은 자외선 차단제를 발라주세요.,좋음,13,좋음,29,보통,56.0,,호흡기가 예민하신 분들은 몸상태 유의하며 활동해주세요.,
2026-06-06T04:42:45.392000+09:00,서울대입구역,서울대입구역,POI031,KEY_2,2026-06-06 04:40,16.7,29.0,16.0,84,ESE,1.2,-,없음,비 또는 눈 소식이 없어요.,05:11,19:51,0,낮음,햇볕에 민감한 분들은 자외선 차단제를 발라주세요.,좋음,10,좋음,21,보통,53.0,,호흡기가 예민하신 분들은 몸상태 유의하며 활동해주세요.,
2026-06-06T04:42:45.392000+09:00,서울식물원·마곡나루역,서울식물원·마곡나루역,POI032,KEY_3,2026-06-06 04:40,17.3,29.0,15.0,87,E,1.0,-,없음,비 또는 눈 소식이 없어요.,05:11,19:51,0,낮음,햇볕에 민감한 분들은 자외선 차단제를 발라주세요.,좋음,13,좋음,19,보통,54.0,,호흡기가 예민하신 분들은 몸상태 유의하며 활동해주세요.,
2026-06-06T04:42:45.392000+09:00,서울역,서울역,POI033,KEY_4,2026-06-06 04:40,16.5,28.0,16.0,80,NNE,0.2,-,없음,비 또는 눈 소식이 없어요.,05:11,19:51,0,낮음,햇볕에 민감한 분들은 자외선 차단제를 발라주세요.,좋음,9,좋음,23,보통,55.0,,호흡기가 예민하신 분들은 몸상태 유의하며 활동해주세요.,
2026-06-06T04:42:45.392000+09:00,선릉역,선릉역,POI034,KEY_1,2026-06-06 04:40,15.0,29.0,16.0,88,E,1.5,-,없음,비 또는 눈 소식이 없어요.,05:11,19:51,0,낮음,햇볕에 민감한 분들은 자외선 차단제를 발라주세요.,좋음,13,좋음,25,보통,56.0,,호흡기가 예민하신 분들은 몸상태 유의하며 활동해주세요.,
2026-06-06T04:42:45.392000+09:00,성신여대입구역,성신여대입구역,POI035,KEY_2,2026-06-06 04:40,16.5,28.0,16.0,80,NNE,0.2,-,없음,비 또는 눈 소식이 없어요.,05:11,19:51,0,낮음,햇볕에 민감한 분들은 자외선 차단제를 발라주세요.,좋음,6,좋음,17,보통,53.0,,호흡기가 예민하신 분들은 몸상태 유의하며 활동해주세요.,
2026-06-06T04:42:45.392000+09:00,수유역,수유역,POI036,KEY_3,2026-06-06 04:40,13.9,28.0,15.0,90,SE,0.1,-,없음,비 또는 눈 소식이 없어요.,05:11,19:51,0,낮음,햇볕에 민감한 분들은 자외선 차단제를 발라주세요.,좋음,11,좋음,18,보통,51.0,,호흡기가 예민하신 분들은 몸상태 유의하며 활동해주세요.,
2026-06-06T04:42:45.392000+09:00,숭례문,숭례문,POI131,KEY_4,2026-06-06 04:40,16.5,28.0,16.0,80,NNE,0.2,-,없음,비 또는 눈 소식이 없어요.,05:11,19:51,0,낮음,햇볕에 민감한 분들은 자외선 차단제를 발라주세요.,좋음,9,좋음,23,보통,55.0,,호흡기가 예민하신 분들은 몸상태 유의하며 활동해주세요.,
2026-06-06T04:42:45.392000+09:00,시의회 앞,시의회 앞,POI130,KEY_1,2026-06-06 04:40,16.5,28.0,16.0,80,NNE,0.2,-,없음,비 또는 눈 소식이 없어요.,05:11,19:51,0,낮음,햇볕에 민감한 분들은 자외선 차단제를 발라주세요.,좋음,9,좋음,23,보통,55.0,,호흡기가 예민하신 분들은 몸상태 유의하며 활동해주세요.,
2026-06-06T04:42:45.392000+09:00,신논현역·논현역,신논현역·논현역,POI037,KEY_2,2026-06-06 04:40,15.0,29.0,16.0,88,E,1.5,-,없음,비 또는 눈 소식이 없어요.,05:11,19:51,0,낮음,햇볕에 민감한 분들은 자외선 차단제를 발라주세요.,좋음,13,좋음,25,보통,56.0,,호흡기가 예민하신 분들은 몸상태 유의하며 활동해주세요.,
2026-06-06T04:42:45.392000+09:00,신도림역,신도림역,POI038,KEY_3,2026-06-06 04:40,16.7,29.0,16.0,84,ESE,1.2,-,없음,비 또는 눈 소식이 없어요.,05:11,19:51,0,낮음,햇볕에 민감한 분들은 자외선 차단제를 발라주세요.,좋음,11,좋음,23,보통,59.0,,호흡기가 예민하신 분들은 몸상태 유의하며 활동해주세요.,
2026-06-06T04:42:45.392000+09:00,신림역,신림역,POI039,KEY_4,2026-06-06 04:40,16.7,29.0,16.0,84,ESE,1.2,-,없음,비 또는 눈 소식이 없어요.,05:11,19:51,0,낮음,햇볕에 민감한 분들은 자외선 차단제를 발라주세요.,좋음,10,좋음,21,보통,53.0,,호흡기가 예민하신 분들은 몸상태 유의하며 활동해주세요.,
2026-06-06T04:42:45.392000+09:00,신정네거리역,신정네거리역,POI117,KEY_1,2026-06-06 04:40,17.1,29.0,16.0,87,E,1.5,-,없음,비 또는 눈 소식이 없어요.,05:11,19:51,0,낮음,햇볕에 민감한 분들은 자외선 차단제를 발라주세요.,좋음,9,좋음,24,보통,59.0,,호흡기가 예민하신 분들은 몸상태 유의하며 활동해주세요.,
2026-06-06T04:42:45.392000+09:00,신촌·이대역,신촌·이대역,POI040,KEY_2,2026-06-06 04:40,18.3,29.0,16.0,83,E,1.1,-,없음,비 또는 눈 소식이 없어요.,05:11,19:51,0,낮음,햇볕에 민감한 분들은 자외선 차단제를 발라주세요.,좋음,10,좋음,20,보통,56.0,,호흡기가 예민하신 분들은 몸상태 유의하며 활동해주세요.,
2026-06-06T04:42:45.392000+09:00,쌍문역,쌍문역,POI070,KEY_3,2026-06-06 04:40,13.9,28.0,15.0,90,SE,0.1,-,없음,비 또는 눈 소식이 없어요.,05:11,19:51,0,낮음,햇볕에 민감한 분들은 자외선 차단제를 발라주세요.,좋음,6,좋음,18,보통,55.0,,호흡기가 예민하신 분들은 몸상태 유의하며 활동해주세요.,
2026-06-06T04:42:45.392000+09:00,양재역,양재역,POI041,KEY_4,2026-06-06 04:40,15.0,29.0,16.0,88,E,1.5,-,없음,비 또는 눈 소식이 없어요.,05:11,19:51,0,낮음,햇볕에 민감한 분들은 자외선 차단제를 발라주세요.,좋음,12,좋음,18,보통,58.0,,호흡기가 예민하신 분들은 몸상태 유의하며 활동해주세요.,
2026-06-06T04:42:45.392000+09:00,역삼역,역삼역,POI042,KEY_1,2026-06-06 04:40,15.0,29.0,16.0,88,E,1.5,-,없음,비 또는 눈 소식이 없어요.,05:11,19:51,0,낮음,햇볕에 민감한 분들은 자외선 차단제를 발라주세요.,좋음,13,좋음,25,보통,56.0,,호흡기가 예민하신 분들은 몸상태 유의하며 활동해주세요.,
2026-06-06T04:42:45.392000+09:00,연신내역,연신내역,POI043,KEY_2,2026-06-06 04:40,12.0,28.0,13.0,91,E,0.1,-,없음,비 또는 눈 소식이 없어요.,05:11,19:51,0,낮음,햇볕에 민감한 분들은 자외선 차단제를 발라주세요.,좋음,9,좋음,22,보통,56.0,,호흡기가 예민하신 분들은 몸상태 유의하며 활동해주세요.,
2026-06-06T04:42:45.392000+09:00,오목교역·목동운동장,오목교역·목동운동장,POI044,KEY_3,2026-06-06 04:40,17.1,29.0,16.0,87,E,1.5,-,없음,비 또는 눈 소식이 없어요.,05:11,19:51,0,낮음,햇볕에 민감한 분들은 자외선 차단제를 발라주세요.,좋음,9,좋음,24,보통,59.0,,호흡기가 예민하신 분들은 몸상태 유의하며 활동해주세요.,
2026-06-06T04:42:45.392000+09:00,왕십리역,왕십리역,POI045,KEY_4,2026-06-06 04:40,18.0,29.0,17.0,74,ENE,1.3,-,없음,비 또는 눈 소식이 없어요.,05:11,19:51,0,낮음,햇볕에 민감한 분들은 자외선 차단제를 발라주세요.,좋음,13,좋음,24,보통,56.0,,호흡기가 예민하신 분들은 몸상태 유의하며 활동해주세요.,
2026-06-06T04:42:45.392000+09:00,용산역,용산역,POI046,KEY_1,2026-06-06 04:40,18.3,29.0,16.0,83,E,1.1,-,없음,비 또는 눈 소식이 없어요.,05:11,19:51,0,낮음,햇볕에 민감한 분들은 자외선 차단제를 발라주세요.,좋음,13,좋음,29,보통,56.0,,호흡기가 예민하신 분들은 몸상태 유의하며 활동해주세요.,
2026-06-06T04:42:45.392000+09:00,이태원역,이태원역,POI047,KEY_2,2026-06-06 04:40,17.5,29.0,16.0,76,ENE,2.0,-,없음,비 또는 눈 소식이 없어요.,05:11,19:51,0,낮음,햇볕에 민감한 분들은 자외선 차단제를 발라주세요.,좋음,13,좋음,29,보통,56.0,,호흡기가 예민하신 분들은 몸상태 유의하며 활동해주세요.,
2026-06-06T04:42:45.392000+09:00,잠실새내역,잠실새내역,POI118,KEY_3,2026-06-06 04:40,18.0,29.0,16.0,73,E,1.9,-,없음,비 또는 눈 소식이 없어요.,05:11,19:51,0,낮음,햇볕에 민감한 분들은 자외선 차단제를 발라주세요.,좋음,14,좋음,20,좋음,44.0,,대기질에 이상이 없어요.,
2026-06-06T04:42:45.392000+09:00,잠실역,잠실역,POI119,KEY_4,2026-06-06 04:40,17.7,29.0,16.0,78,ENE,1.2,-,없음,비 또는 눈 소식이 없어요.,05:11,19:51,0,낮음,햇볕에 민감한 분들은 자외선 차단제를 발라주세요.,좋음,14,좋음,20,좋음,44.0,,대기질에 이상이 없어요.,
2026-06-06T04:42:45.392000+09:00,장지역,장지역,POI048,KEY_1,2026-06-06 04:40,18.0,29.0,16.0,73,E,1.9,-,없음,비 또는 눈 소식이 없어요.,05:11,19:51,0,낮음,햇볕에 민감한 분들은 자외선 차단제를 발라주세요.,좋음,14,좋음,20,좋음,44.0,,대기질에 이상이 없어요.,
2026-06-06T04:42:45.392000+09:00,장한평역,장한평역,POI049,KEY_2,2026-06-06 04:40,18.0,29.0,17.0,74,ENE,1.3,-,없음,비 또는 눈 소식이 없어요.,05:11,19:51,0,낮음,햇볕에 민감한 분들은 자외선 차단제를 발라주세요.,좋음,10,좋음,18,보통,60.0,,호흡기가 예민하신 분들은 몸상태 유의하며 활동해주세요.,
2026-06-06T04:42:45.392000+09:00,천호역,천호역,POI050,KEY_3,2026-06-06 04:40,17.7,29.0,16.0,78,ENE,1.2,-,없음,비 또는 눈 소식이 없어요.,05:11,19:51,0,낮음,햇볕에 민감한 분들은 자외선 차단제를 발라주세요.,좋음,12,좋음,25,보통,52.0,,호흡기가 예민하신 분들은 몸상태 유의하며 활동해주세요.,
2026-06-06T04:42:45.392000+09:00,총신대입구(이수)역,총신대입구(이수)역,POI051,KEY_4,2026-06-06 04:40,14.5,29.0,15.0,97,ESE,0.8,-,없음,비 또는 눈 소식이 없어요.,05:11,19:51,0,낮음,햇볕에 민감한 분들은 자외선 차단제를 발라주세요.,좋음,12,좋음,21,보통,54.0,,호흡기가 예민하신 분들은 몸상태 유의하며 활동해주세요.,
2026-06-06T04:42:45.392000+09:00,충정로역,충정로역,POI052,KEY_1,2026-06-06 04:40,18.3,29.0,16.0,83,E,1.1,-,없음,비 또는 눈 소식이 없어요.,05:11,19:51,0,낮음,햇볕에 민감한 분들은 자외선 차단제를 발라주세요.,좋음,10,좋음,20,보통,56.0,,호흡기가 예민하신 분들은 몸상태 유의하며 활동해주세요.,
2026-06-06T04:42:45.392000+09:00,합정역,합정역,POI053,KEY_2,2026-06-06 04:40,18.3,29.0,16.0,83,E,1.1,-,없음,비 또는 눈 소식이 없어요.,05:11,19:51,0,낮음,햇볕에 민감한 분들은 자외선 차단제를 발라주세요.,좋음,9,좋음,22,보통,54.0,,호흡기가 예민하신 분들은 몸상태 유의하며 활동해주세요.,
2026-06-06T04:42:45.392000+09:00,혜화역,혜화역,POI054,KEY_3,2026-06-06 04:40,16.5,28.0,16.0,80,NNE,0.2,-,없음,비 또는 눈 소식이 없어요.,05:11,19:51,0,낮음,햇볕에 민감한 분들은 자외선 차단제를 발라주세요.,좋음,12,좋음,22,보통,56.0,,호흡기가 예민하신 분들은 몸상태 유의하며 활동해주세요.,
2026-06-06T04:42:45.392000+09:00,홍대입구역(2호선),홍대입구역(2호선),POI055,KEY_4,2026-06-06 04:40,15.0,28.0,15.0,93,SE,0.1,-,없음,비 또는 눈 소식이 없어요.,05:11,19:51,0,낮음,햇볕에 민감한 분들은 자외선 차단제를 발라주세요.,좋음,9,좋음,22,보통,54.0,,호흡기가 예민하신 분들은 몸상태 유의하며 활동해주세요.,
2026-06-06T04:42:45.392000+09:00,회기역,회기역,POI056,KEY_1,2026-06-06 04:40,18.0,29.0,17.0,74,ENE,1.3,-,없음,비 또는 눈 소식이 없어요.,05:11,19:51,0,낮음,햇볕에 민감한 분들은 자외선 차단제를 발라주세요.,좋음,10,좋음,18,보통,60.0,,호흡기가 예민하신 분들은 몸상태 유의하며 활동해주세요.,
2026-06-06T05:44:50.414789+09:00,경복궁,경복궁,POI008,KEY_1,2026-06-06 05:40,16.1,29.0,19.0,85,N,1.2,-,없음,비 또는 눈 소식이 없어요.,05:11,19:51,0,낮음,햇볕에 민감한 분들은 자외선 차단제를 발라주세요.,좋음,15,좋음,20,보통,51.0,,호흡기가 예민하신 분들은 몸상태 유의하며 활동해주세요.,
2026-06-06T05:44:50.414789+09:00,광화문·덕수궁,광화문·덕수궁,POI009,KEY_2,2026-06-06 05:40,16.1,29.0,19.0,85,N,1.2,-,없음,비 또는 눈 소식이 없어요.,05:11,19:51,0,낮음,햇볕에 민감한 분들은 자외선 차단제를 발라주세요.,좋음,15,좋음,20,보통,51.0,,호흡기가 예민하신 분들은 몸상태 유의하며 활동해주세요.,
2026-06-06T05:44:50.414789+09:00,보신각,보신각,POI010,KEY_3,2026-06-06 05:40,16.1,29.0,19.0,85,N,1.2,-,없음,비 또는 눈 소식이 없어요.,05:11,19:51,0,낮음,햇볕에 민감한 분들은 자외선 차단제를 발라주세요.,좋음,15,좋음,20,보통,51.0,,호흡기가 예민하신 분들은 몸상태 유의하며 활동해주세요.,
2026-06-06T05:44:50.414789+09:00,서울 암사동 유적,서울 암사동 유적,POI011,KEY_4,2026-06-06 05:40,15.4,29.0,18.0,89,N,1.4,-,없음,비 또는 눈 소식이 없어요.,05:11,19:51,0,낮음,햇볕에 민감한 분들은 자외선 차단제를 발라주세요.,좋음,14,좋음,27,보통,52.0,,호흡기가 예민하신 분들은 몸상태 유의하며 활동해주세요.,
2026-06-06T05:44:50.414789+09:00,창덕궁·종묘,창덕궁·종묘,POI012,KEY_1,2026-06-06 05:40,16.1,29.0,19.0,85,N,1.2,-,없음,비 또는 눈 소식이 없어요.,05:11,19:51,0,낮음,햇볕에 민감한 분들은 자외선 차단제를 발라주세요.,좋음,15,좋음,20,보통,51.0,,호흡기가 예민하신 분들은 몸상태 유의하며 활동해주세요.,
2026-06-06T05:44:50.414789+09:00,강남 MICE 관광특구,강남 MICE 관광특구,POI001,KEY_2,2026-06-06 05:40,14.8,29.0,18.0,92,E,0.9,-,없음,비 또는 눈 소식이 없어요.,05:11,19:51,0,낮음,햇볕에 민감한 분들은 자외선 차단제를 발라주세요.,좋음,13,좋음,23,보통,52.0,,호흡기가 예민하신 분들은 몸상태 유의하며 활동해주세요.,
2026-06-06T05:44:50.414789+09:00,동대문 관광특구,동대문 관광특구,POI002,KEY_3,2026-06-06 05:40,16.1,29.0,19.0,85,N,1.2,-,없음,비 또는 눈 소식이 없어요.,05:11,19:51,0,낮음,햇볕에 민감한 분들은 자외선 차단제를 발라주세요.,좋음,15,좋음,20,보통,51.0,,호흡기가 예민하신 분들은 몸상태 유의하며 활동해주세요.,
2026-06-06T05:44:50.414789+09:00,명동 관광특구,명동 관광특구,POI003,KEY_4,2026-06-06 05:40,16.1,29.0,19.0,85,N,1.2,-,없음,비 또는 눈 소식이 없어요.,05:11,19:51,0,낮음,햇볕에 민감한 분들은 자외선 차단제를 발라주세요.,좋음,13,좋음,25,좋음,49.0,,대기질에 이상이 없어요.,
2026-06-06T05:44:50.414789+09:00,이태원 관광특구,이태원 관광특구,POI004,KEY_1,2026-06-06 05:40,17.1,29.0,19.0,79,ENE,1.2,-,없음,비 또는 눈 소식이 없어요.,05:11,19:51,0,낮음,햇볕에 민감한 분들은 자외선 차단제를 발라주세요.,좋음,14,좋음,27,보통,55.0,,호흡기가 예민하신 분들은 몸상태 유의하며 활동해주세요.,
2026-06-06T05:44:50.414789+09:00,잠실 관광특구,잠실 관광특구,POI005,KEY_2,2026-06-06 05:40,17.6,29.0,19.0,78,ENE,1.0,-,없음,비 또는 눈 소식이 없어요.,05:11,19:51,0,낮음,햇볕에 민감한 분들은 자외선 차단제를 발라주세요.,좋음,11,좋음,20,좋음,47.0,,대기질에 이상이 없어요.,
2026-06-06T05:44:50.414789+09:00,종로·청계 관광특구,종로·청계 관광특구,POI006,KEY_3,2026-06-06 05:40,16.1,29.0,19.0,85,N,1.2,-,없음,비 또는 눈 소식이 없어요.,05:11,19:51,0,낮음,햇볕에 민감한 분들은 자외선 차단제를 발라주세요.,좋음,15,좋음,20,보통,51.0,,호흡기가 예민하신 분들은 몸상태 유의하며 활동해주세요.,
2026-06-06T05:44:50.414789+09:00,홍대 관광특구,홍대 관광특구,POI007,KEY_4,2026-06-06 05:40,17.5,29.0,19.0,85,ESE,1.0,-,없음,비 또는 눈 소식이 없어요.,05:11,19:51,0,낮음,햇볕에 민감한 분들은 자외선 차단제를 발라주세요.,좋음,7,좋음,23,보통,56.0,,호흡기가 예민하신 분들은 몸상태 유의하며 활동해주세요.,
2026-06-06T05:44:50.414789+09:00,강서한강공원,강서한강공원,POI085,KEY_1,2026-06-06 05:40,17.0,30.0,19.0,88,E,1.0,-,없음,비 또는 눈 소식이 없어요.,05:11,19:51,0,낮음,햇볕에 민감한 분들은 자외선 차단제를 발라주세요.,좋음,9,좋음,17,보통,56.0,,호흡기가 예민하신 분들은 몸상태 유의하며 활동해주세요.,
2026-06-06T05:44:50.414789+09:00,고척돔,고척돔,POI086,KEY_2,2026-06-06 05:40,16.3,29.0,20.0,87,ESE,1.9,-,없음,비 또는 눈 소식이 없어요.,05:11,19:51,0,낮음,햇볕에 민감한 분들은 자외선 차단제를 발라주세요.,보통,21,점검중,0,보통,66.0,,호흡기가 예민하신 분들은 몸상태 유의하며 활동해주세요.,
2026-06-06T05:44:50.414789+09:00,광나루한강공원,광나루한강공원,POI087,KEY_3,2026-06-06 05:40,17.6,29.0,19.0,78,ENE,1.0,-,없음,비 또는 눈 소식이 없어요.,05:11,19:51,0,낮음,햇볕에 민감한 분들은 자외선 차단제를 발라주세요.,좋음,14,좋음,27,보통,52.0,,호흡기가 예민하신 분들은 몸상태 유의하며 활동해주세요.,
2026-06-06T05:44:50.414789+09:00,광화문광장,광화문광장,POI088,KEY_4,2026-06-06 05:40,16.1,29.0,19.0,85,N,1.2,-,없음,비 또는 눈 소식이 없어요.,05:11,19:51,0,낮음,햇볕에 민감한 분들은 자외선 차단제를 발라주세요.,좋음,15,좋음,20,보통,51.0,,호흡기가 예민하신 분들은 몸상태 유의하며 활동해주세요.,
2026-06-06T05:44:50.414789+09:00,국립중앙박물관·용산가족공원,국립중앙박물관·용산가족공원,POI089,KEY_1,2026-06-06 05:40,17.1,29.0,19.0,79,ENE,1.2,-,없음,비 또는 눈 소식이 없어요.,05:11,19:51,0,낮음,햇볕에 민감한 분들은 자외선 차단제를 발라주세요.,좋음,14,좋음,27,보통,55.0,,호흡기가 예민하신 분들은 몸상태 유의하며 활동해주세요.,
2026-06-06T05:44:50.414789+09:00,난지한강공원,난지한강공원,POI090,KEY_2,2026-06-06 05:40,17.0,29.0,18.0,88,E,1.0,-,없음,비 또는 눈 소식이 없어요.,05:11,19:51,0,낮음,햇볕에 민감한 분들은 자외선 차단제를 발라주세요.,좋음,9,좋음,17,보통,56.0,,호흡기가 예민하신 분들은 몸상태 유의하며 활동해주세요.,
2026-06-06T05:44:50.414789+09:00,남산공원,남산공원,POI091,KEY_3,2026-06-06 05:40,16.1,29.0,19.0,85,N,1.2,-,없음,비 또는 눈 소식이 없어요.,05:11,19:51,0,낮음,햇볕에 민감한 분들은 자외선 차단제를 발라주세요.,좋음,13,좋음,25,좋음,49.0,,대기질에 이상이 없어요.,
2026-06-06T05:44:50.414789+09:00,노들섬,노들섬,POI092,KEY_4,2026-06-06 05:40,17.5,29.0,19.0,85,ESE,1.0,-,없음,비 또는 눈 소식이 없어요.,05:11,19:51,0,낮음,햇볕에 민감한 분들은 자외선 차단제를 발라주세요.,좋음,14,좋음,27,보통,55.0,,호흡기가 예민하신 분들은 몸상태 유의하며 활동해주세요.,
2026-06-06T05:44:50.414789+09:00,뚝섬한강공원,뚝섬한강공원,POI093,KEY_1,2026-06-06 05:40,17.1,29.0,19.0,79,ENE,1.2,-,없음,비 또는 눈 소식이 없어요.,05:11,19:51,0,낮음,햇볕에 민감한 분들은 자외선 차단제를 발라주세요.,좋음,13,좋음,30,좋음,48.0,,대기질에 이상이 없어요.,
2026-06-06T05:44:50.414789+09:00,망원한강공원,망원한강공원,POI094,KEY_2,2026-06-06 05:40,17.5,29.0,19.0,85,ESE,1.0,-,없음,비 또는 눈 소식이 없어요.,05:11,19:51,0,낮음,햇볕에 민감한 분들은 자외선 차단제를 발라주세요.,좋음,7,좋음,23,보통,56.0,,호흡기가 예민하신 분들은 몸상태 유의하며 활동해주세요.,
2026-06-06T05:44:50.414789+09:00,반포한강공원,반포한강공원,POI095,KEY_3,2026-06-06 05:40,17.1,29.0,19.0,79,ENE,1.2,-,없음,비 또는 눈 소식이 없어요.,05:11,19:51,0,낮음,햇볕에 민감한 분들은 자외선 차단제를 발라주세요.,좋음,14,좋음,27,보통,55.0,,호흡기가 예민하신 분들은 몸상태 유의하며 활동해주세요.,
2026-06-06T05:44:50.414789+09:00,보라매공원,보라매공원,POI123,KEY_4,2026-06-06 05:40,16.3,29.0,19.0,85,ESE,0.8,-,없음,비 또는 눈 소식이 없어요.,05:11,19:51,0,낮음,햇볕에 민감한 분들은 자외선 차단제를 발라주세요.,보통,16,좋음,20,보통,52.0,,호흡기가 예민하신 분들은 몸상태 유의하며 활동해주세요.,
2026-06-06T05:44:50.414789+09:00,북서울꿈의숲,북서울꿈의숲,POI096,KEY_1,2026-06-06 05:40,13.7,29.0,18.0,88,SE,0.3,-,없음,비 또는 눈 소식이 없어요.,05:11,19:51,0,낮음,햇볕에 민감한 분들은 자외선 차단제를 발라주세요.,좋음,11,좋음,18,좋음,45.0,,대기질에 이상이 없어요.,
2026-06-06T05:44:50.414789+09:00,서대문독립공원,서대문독립공원,POI124,KEY_2,2026-06-06 05:40,16.1,29.0,19.0,85,N,1.2,-,없음,비 또는 눈 소식이 없어요.,05:11,19:51,0,낮음,햇볕에 민감한 분들은 자외선 차단제를 발라주세요.,좋음,15,좋음,20,보통,51.0,,호흡기가 예민하신 분들은 몸상태 유의하며 활동해주세요.,
2026-06-06T05:44:50.414789+09:00,서리풀공원·몽마르뜨공원,서리풀공원·몽마르뜨공원,POI098,KEY_3,2026-06-06 05:40,13.8,30.0,18.0,98,ESE,0.5,-,없음,비 또는 눈 소식이 없어요.,05:11,19:51,0,낮음,햇볕에 민감한 분들은 자외선 차단제를 발라주세요.,좋음,12,좋음,21,보통,56.0,,호흡기가 예민하신 분들은 몸상태 유의하며 활동해주세요.,
2026-06-06T05:44:50.414789+09:00,서울숲공원,서울숲공원,POI101,KEY_1,2026-06-06 05:40,17.1,29.0,19.0,79,ENE,1.2,-,없음,비 또는 눈 소식이 없어요.,05:11,19:51,0,낮음,햇볕에 민감한 분들은 자외선 차단제를 발라주세요.,좋음,13,좋음,21,보통,56.0,,호흡기가 예민하신 분들은 몸상태 유의하며 활동해주세요.,
2026-06-06T05:44:50.414789+09:00,송현녹지광장,송현녹지광장,POI129,KEY_2,2026-06-06 05:40,16.1,29.0,19.0,85,N,1.2,-,없음,비 또는 눈 소식이 없어요.,05:11,19:51,0,낮음,햇볕에 민감한 분들은 자외선 차단제를 발라주세요.,좋음,15,좋음,20,보통,51.0,,호흡기가 예민하신 분들은 몸상태 유의하며 활동해주세요.,
2026-06-06T05:44:50.414789+09:00,아차산,아차산,POI102,KEY_3,2026-06-06 05:40,17.1,29.0,19.0,74,NNE,1.8,-,없음,비 또는 눈 소식이 없어요.,05:11,19:51,0,낮음,햇볕에 민감한 분들은 자외선 차단제를 발라주세요.,좋음,13,좋음,30,좋음,48.0,,대기질에 이상이 없어요.,
2026-06-06T05:44:50.414789+09:00,안양천,안양천,POI125,KEY_4,2026-06-06 05:40,16.7,29.0,19.0,89,E,1.1,-,없음,비 또는 눈 소식이 없어요.,05:11,19:51,0,낮음,햇볕에 민감한 분들은 자외선 차단제를 발라주세요.,좋음,10,좋음,21,보통,60.0,,호흡기가 예민하신 분들은 몸상태 유의하며 활동해주세요.,
2026-06-06T05:44:50.414789+09:00,양화한강공원,양화한강공원,POI103,KEY_1,2026-06-06 05:40,16.7,29.0,19.0,89,E,1.1,-,없음,비 또는 눈 소식이 없어요.,05:11,19:51,0,낮음,햇볕에 민감한 분들은 자외선 차단제를 발라주세요.,좋음,11,좋음,27,보통,61.0,,호흡기가 예민하신 분들은 몸상태 유의하며 활동해주세요.,
2026-06-06T05:44:50.414789+09:00,어린이대공원,어린이대공원,POI104,KEY_2,2026-06-06 05:40,17.6,29.0,19.0,78,ENE,1.0,-,없음,비 또는 눈 소식이 없어요.,05:11,19:51,0,낮음,햇볕에 민감한 분들은 자외선 차단제를 발라주세요.,좋음,13,좋음,30,좋음,48.0,,대기질에 이상이 없어요.,
2026-06-06T05:44:50.414789+09:00,여의도한강공원,여의도한강공원,POI105,KEY_3,2026-06-06 05:40,17.5,29.0,19.0,85,ESE,1.0,-,없음,비 또는 눈 소식이 없어요.,05:11,19:51,0,낮음,햇볕에 민감한 분들은 자외선 차단제를 발라주세요.,좋음,11,좋음,27,보통,61.0,,호흡기가 예민하신 분들은 몸상태 유의하며 활동해주세요.,
2026-06-06T05:44:50.414789+09:00,여의서로,여의서로,POI126,KEY_4,2026-06-06 05:40,17.5,29.0,19.0,85,ESE,1.0,-,없음,비 또는 눈 소식이 없어요.,05:11,19:51,0,낮음,햇볕에 민감한 분들은 자외선 차단제를 발라주세요.,좋음,11,좋음,27,보통,61.0,,호흡기가 예민하신 분들은 몸상태 유의하며 활동해주세요.,
2026-06-06T05:44:50.414789+09:00,올림픽공원,올림픽공원,POI127,KEY_1,2026-06-06 05:40,17.6,29.0,19.0,78,ENE,1.0,-,없음,비 또는 눈 소식이 없어요.,05:11,19:51,0,낮음,햇볕에 민감한 분들은 자외선 차단제를 발라주세요.,좋음,11,좋음,20,좋음,47.0,,대기질에 이상이 없어요.,
2026-06-06T05:44:50.414789+09:00,월드컵공원,월드컵공원,POI106,KEY_2,2026-06-06 05:40,17.0,29.0,18.0,88,E,1.0,-,없음,비 또는 눈 소식이 없어요.,05:11,19:51,0,낮음,햇볕에 민감한 분들은 자외선 차단제를 발라주세요.,좋음,7,좋음,23,보통,56.0,,호흡기가 예민하신 분들은 몸상태 유의하며 활동해주세요.,
2026-06-06T05:44:50.414789+09:00,응봉산,응봉산,POI107,KEY_3,2026-06-06 05:40,17.1,29.0,19.0,79,ENE,1.2,-,없음,비 또는 눈 소식이 없어요.,05:11,19:51,0,낮음,햇볕에 민감한 분들은 자외선 차단제를 발라주세요.,좋음,13,좋음,21,보통,56.0,,호흡기가 예민하신 분들은 몸상태 유의하며 활동해주세요.,
2026-06-06T05:44:50.414789+09:00,이촌한강공원,이촌한강공원,POI108,KEY_4,2026-06-06 05:40,17.1,29.0,19.0,79,ENE,1.2,-,없음,비 또는 눈 소식이 없어요.,05:11,19:51,0,낮음,햇볕에 민감한 분들은 자외선 차단제를 발라주세요.,좋음,14,좋음,27,보통,55.0,,호흡기가 예민하신 분들은 몸상태 유의하며 활동해주세요.,
2026-06-06T05:44:50.414789+09:00,잠실종합운동장,잠실종합운동장,POI109,KEY_1,2026-06-06 05:40,15.7,29.0,19.0,84,ESE,0.6,-,없음,비 또는 눈 소식이 없어요.,05:11,19:51,0,낮음,햇볕에 민감한 분들은 자외선 차단제를 발라주세요.,좋음,11,좋음,20,좋음,47.0,,대기질에 이상이 없어요.,
2026-06-06T05:44:50.414789+09:00,잠실한강공원,잠실한강공원,POI110,KEY_2,2026-06-06 05:40,17.6,29.0,19.0,78,ENE,1.0,-,없음,비 또는 눈 소식이 없어요.,05:11,19:51,0,낮음,햇볕에 민감한 분들은 자외선 차단제를 발라주세요.,좋음,13,좋음,30,좋음,48.0,,대기질에 이상이 없어요.,
2026-06-06T05:44:50.414789+09:00,잠원한강공원,잠원한강공원,POI111,KEY_3,2026-06-06 05:40,17.1,29.0,19.0,79,ENE,1.2,-,없음,비 또는 눈 소식이 없어요.,05:11,19:51,0,낮음,햇볕에 민감한 분들은 자외선 차단제를 발라주세요.,좋음,13,좋음,23,보통,52.0,,호흡기가 예민하신 분들은 몸상태 유의하며 활동해주세요.,
2026-06-06T05:44:50.414789+09:00,청계산,청계산,POI112,KEY_4,2026-06-06 05:40,13.1,29.0,18.0,98,ESE,0.8,-,없음,비 또는 눈 소식이 없어요.,05:11,19:51,0,낮음,햇볕에 민감한 분들은 자외선 차단제를 발라주세요.,좋음,12,좋음,21,보통,56.0,,호흡기가 예민하신 분들은 몸상태 유의하며 활동해주세요.,
2026-06-06T05:44:50.414789+09:00,홍제폭포,홍제폭포,POI128,KEY_1,2026-06-06 05:40,14.6,29.0,18.0,95,NNE,0.3,-,없음,비 또는 눈 소식이 없어요.,05:11,19:51,0,낮음,햇볕에 민감한 분들은 자외선 차단제를 발라주세요.,좋음,12,좋음,17,보통,54.0,,호흡기가 예민하신 분들은 몸상태 유의하며 활동해주세요.,
2026-06-06T05:44:50.414789+09:00,가락시장,가락시장,POI058,KEY_2,2026-06-06 05:40,15.7,29.0,19.0,84,ESE,0.6,-,없음,비 또는 눈 소식이 없어요.,05:11,19:51,0,낮음,햇볕에 민감한 분들은 자외선 차단제를 발라주세요.,좋음,11,좋음,20,좋음,47.0,,대기질에 이상이 없어요.,
2026-06-06T05:44:50.414789+09:00,가로수길,가로수길,POI059,KEY_3,2026-06-06 05:40,17.1,29.0,19.0,79,ENE,1.2,-,없음,비 또는 눈 소식이 없어요.,05:11,19:51,0,낮음,햇볕에 민감한 분들은 자외선 차단제를 발라주세요.,좋음,13,좋음,23,보통,52.0,,호흡기가 예민하신 분들은 몸상태 유의하며 활동해주세요.,
2026-06-06T05:44:50.414789+09:00,광장(전통)시장,광장(전통)시장,POI060,KEY_4,2026-06-06 05:40,16.1,29.0,19.0,85,N,1.2,-,없음,비 또는 눈 소식이 없어요.,05:11,19:51,0,낮음,햇볕에 민감한 분들은 자외선 차단제를 발라주세요.,좋음,15,좋음,20,보통,51.0,,호흡기가 예민하신 분들은 몸상태 유의하며 활동해주세요.,
2026-06-06T05:44:50.414789+09:00,김포공항,김포공항,POI061,KEY_1,2026-06-06 05:40,17.0,30.0,19.0,88,E,1.0,-,없음,비 또는 눈 소식이 없어요.,05:11,19:51,0,낮음,햇볕에 민감한 분들은 자외선 차단제를 발라주세요.,좋음,9,좋음,17,보통,56.0,,호흡기가 예민하신 분들은 몸상태 유의하며 활동해주세요.,
2026-06-06T05:44:50.414789+09:00,남대문시장,남대문시장,POI115,KEY_2,2026-06-06 05:40,16.1,29.0,19.0,85,N,1.2,-,없음,비 또는 눈 소식이 없어요.,05:11,19:51,0,낮음,햇볕에 민감한 분들은 자외선 차단제를 발라주세요.,좋음,13,좋음,25,좋음,49.0,,대기질에 이상이 없어요.,
2026-06-06T05:44:50.414789+09:00,노량진,노량진,POI063,KEY_3,2026-06-06 05:40,16.3,29.0,19.0,85,ESE,0.8,-,없음,비 또는 눈 소식이 없어요.,05:11,19:51,0,낮음,햇볕에 민감한 분들은 자외선 차단제를 발라주세요.,보통,16,좋음,20,보통,52.0,,호흡기가 예민하신 분들은 몸상태 유의하며 활동해주세요.,
2026-06-06T05:44:50.414789+09:00,덕수궁길·정동길,덕수궁길·정동길,POI064,KEY_4,2026-06-06 05:40,16.1,29.0,19.0,85,N,1.2,-,없음,비 또는 눈 소식이 없어요.,05:11,19:51,0,낮음,햇볕에 민감한 분들은 자외선 차단제를 발라주세요.,좋음,15,좋음,20,보통,51.0,,호흡기가 예민하신 분들은 몸상태 유의하며 활동해주세요.,
2026-06-06T05:44:50.414789+09:00,북창동 먹자골목,북창동 먹자골목,POI114,KEY_1,2026-06-06 05:40,16.1,29.0,19.0,85,N,1.2,-,없음,비 또는 눈 소식이 없어요.,05:11,19:51,0,낮음,햇볕에 민감한 분들은 자외선 차단제를 발라주세요.,좋음,13,좋음,25,좋음,49.0,,대기질에 이상이 없어요.,
2026-06-06T05:44:50.414789+09:00,북촌한옥마을,북촌한옥마을,POI066,KEY_2,2026-06-06 05:40,16.1,29.0,19.0,85,N,1.2,-,없음,비 또는 눈 소식이 없어요.,05:11,19:51,0,낮음,햇볕에 민감한 분들은 자외선 차단제를 발라주세요.,좋음,15,좋음,20,보통,51.0,,호흡기가 예민하신 분들은 몸상태 유의하며 활동해주세요.,
2026-06-06T05:44:50.414789+09:00,서촌,서촌,POI067,KEY_3,2026-06-06 05:40,16.1,29.0,19.0,85,N,1.2,-,없음,비 또는 눈 소식이 없어요.,05:11,19:51,0,낮음,햇볕에 민감한 분들은 자외선 차단제를 발라주세요.,좋음,15,좋음,20,보통,51.0,,호흡기가 예민하신 분들은 몸상태 유의하며 활동해주세요.,
2026-06-06T05:44:50.414789+09:00,성수카페거리,성수카페거리,POI068,KEY_4,2026-06-06 05:40,17.1,29.0,19.0,79,ENE,1.2,-,없음,비 또는 눈 소식이 없어요.,05:11,19:51,0,낮음,햇볕에 민감한 분들은 자외선 차단제를 발라주세요.,좋음,13,좋음,21,보통,56.0,,호흡기가 예민하신 분들은 몸상태 유의하며 활동해주세요.,
2026-06-06T05:44:50.414789+09:00,송리단길·호수단길,송리단길·호수단길,POI121,KEY_1,2026-06-06 05:40,15.7,29.0,19.0,84,ESE,0.6,-,없음,비 또는 눈 소식이 없어요.,05:11,19:51,0,낮음,햇볕에 민감한 분들은 자외선 차단제를 발라주세요.,좋음,11,좋음,20,좋음,47.0,,대기질에 이상이 없어요.,
2026-06-06T05:44:50.414789+09:00,신촌 스타광장,신촌 스타광장,POI122,KEY_2,2026-06-06 05:40,17.5,29.0,19.0,85,ESE,1.0,-,없음,비 또는 눈 소식이 없어요.,05:11,19:51,0,낮음,햇볕에 민감한 분들은 자외선 차단제를 발라주세요.,좋음,12,좋음,17,보통,54.0,,호흡기가 예민하신 분들은 몸상태 유의하며 활동해주세요.,
2026-06-06T05:44:50.414789+09:00,압구정로데오거리,압구정로데오거리,POI071,KEY_3,2026-06-06 05:40,17.1,29.0,19.0,79,ENE,1.2,-,없음,비 또는 눈 소식이 없어요.,05:11,19:51,0,낮음,햇볕에 민감한 분들은 자외선 차단제를 발라주세요.,좋음,13,좋음,23,보통,52.0,,호흡기가 예민하신 분들은 몸상태 유의하며 활동해주세요.,
2026-06-06T05:44:50.414789+09:00,여의도,여의도,POI072,KEY_4,2026-06-06 05:40,17.5,29.0,19.0,85,ESE,1.0,-,없음,비 또는 눈 소식이 없어요.,05:11,19:51,0,낮음,햇볕에 민감한 분들은 자외선 차단제를 발라주세요.,좋음,11,좋음,27,보통,61.0,,호흡기가 예민하신 분들은 몸상태 유의하며 활동해주세요.,
2026-06-06T05:44:50.414789+09:00,연남동,연남동,POI073,KEY_1,2026-06-06 05:40,14.6,29.0,18.0,95,NNE,0.3,-,없음,비 또는 눈 소식이 없어요.,05:11,19:51,0,낮음,햇볕에 민감한 분들은 자외선 차단제를 발라주세요.,좋음,7,좋음,23,보통,56.0,,호흡기가 예민하신 분들은 몸상태 유의하며 활동해주세요.,
2026-06-06T05:44:50.414789+09:00,영등포 타임스퀘어,영등포 타임스퀘어,POI074,KEY_2,2026-06-06 05:40,17.5,29.0,19.0,85,ESE,1.0,-,없음,비 또는 눈 소식이 없어요.,05:11,19:51,0,낮음,햇볕에 민감한 분들은 자외선 차단제를 발라주세요.,좋음,11,좋음,27,보통,61.0,,호흡기가 예민하신 분들은 몸상태 유의하며 활동해주세요.,
2026-06-06T05:44:50.414789+09:00,용리단길,용리단길,POI076,KEY_3,2026-06-06 05:40,17.1,29.0,19.0,79,ENE,1.2,-,없음,비 또는 눈 소식이 없어요.,05:11,19:51,0,낮음,햇볕에 민감한 분들은 자외선 차단제를 발라주세요.,좋음,14,좋음,27,보통,55.0,,호흡기가 예민하신 분들은 몸상태 유의하며 활동해주세요.,
2026-06-06T05:44:50.414789+09:00,이태원 앤틱가구거리,이태원 앤틱가구거리,POI077,KEY_4,2026-06-06 05:40,17.1,29.0,19.0,79,ENE,1.2,-,없음,비 또는 눈 소식이 없어요.,05:11,19:51,0,낮음,햇볕에 민감한 분들은 자외선 차단제를 발라주세요.,좋음,14,좋음,27,보통,55.0,,호흡기가 예민하신 분들은 몸상태 유의하며 활동해주세요.,
2026-06-06T05:44:50.414789+09:00,익선동,익선동,POI116,KEY_1,2026-06-06 05:40,16.1,29.0,19.0,85,N,1.2,-,없음,비 또는 눈 소식이 없어요.,05:11,19:51,0,낮음,햇볕에 민감한 분들은 자외선 차단제를 발라주세요.,좋음,15,좋음,20,보통,51.0,,호흡기가 예민하신 분들은 몸상태 유의하며 활동해주세요.,
2026-06-06T05:44:50.414789+09:00,인사동,인사동,POI078,KEY_2,2026-06-06 05:40,16.1,29.0,19.0,85,N,1.2,-,없음,비 또는 눈 소식이 없어요.,05:11,19:51,0,낮음,햇볕에 민감한 분들은 자외선 차단제를 발라주세요.,좋음,15,좋음,20,보통,51.0,,호흡기가 예민하신 분들은 몸상태 유의하며 활동해주세요.,
2026-06-06T05:44:50.414789+09:00,잠실롯데타워·석촌호수,잠실롯데타워·석촌호수,POI120,KEY_3,2026-06-06 05:40,17.6,29.0,19.0,78,ENE,1.0,-,없음,비 또는 눈 소식이 없어요.,05:11,19:51,0,낮음,햇볕에 민감한 분들은 자외선 차단제를 발라주세요.,좋음,11,좋음,20,좋음,47.0,,대기질에 이상이 없어요.,
2026-06-06T05:44:50.414789+09:00,창동 신경제 중심지,창동 신경제 중심지,POI079,KEY_4,2026-06-06 05:40,14.6,29.0,18.0,83,SSE,0.4,-,없음,비 또는 눈 소식이 없어요.,05:11,19:51,0,낮음,햇볕에 민감한 분들은 자외선 차단제를 발라주세요.,좋음,12,좋음,22,좋음,42.0,,대기질에 이상이 없어요.,
2026-06-06T05:44:50.414789+09:00,청담동 명품거리,청담동 명품거리,POI080,KEY_1,2026-06-06 05:40,17.1,29.0,19.0,79,ENE,1.2,-,없음,비 또는 눈 소식이 없어요.,05:11,19:51,0,낮음,햇볕에 민감한 분들은 자외선 차단제를 발라주세요.,좋음,13,좋음,23,보통,52.0,,호흡기가 예민하신 분들은 몸상태 유의하며 활동해주세요.,
2026-06-06T05:44:50.414789+09:00,청량리 제기동 일대 전통시장,청량리 제기동 일대 전통시장,POI081,KEY_2,2026-06-06 05:40,17.4,29.0,19.0,76,NE,1.3,-,없음,비 또는 눈 소식이 없어요.,05:11,19:51,0,낮음,햇볕에 민감한 분들은 자외선 차단제를 발라주세요.,보통,16,좋음,22,보통,54.0,,호흡기가 예민하신 분들은 몸상태 유의하며 활동해주세요.,
2026-06-06T05:44:50.414789+09:00,해방촌·경리단길,해방촌·경리단길,POI082,KEY_3,2026-06-06 05:40,17.1,29.0,19.0,79,ENE,1.2,-,없음,비 또는 눈 소식이 없어요.,05:11,19:51,0,낮음,햇볕에 민감한 분들은 자외선 차단제를 발라주세요.,좋음,14,좋음,27,보통,55.0,,호흡기가 예민하신 분들은 몸상태 유의하며 활동해주세요.,
2026-06-06T05:44:50.414789+09:00,DDP(동대문디자인플라자),DDP(동대문디자인플라자),POI083,KEY_4,2026-06-06 05:40,16.1,29.0,19.0,85,N,1.2,-,없음,비 또는 눈 소식이 없어요.,05:11,19:51,0,낮음,햇볕에 민감한 분들은 자외선 차단제를 발라주세요.,좋음,15,좋음,20,보통,51.0,,호흡기가 예민하신 분들은 몸상태 유의하며 활동해주세요.,
2026-06-06T05:44:50.414789+09:00,DMC(디지털미디어시티),DMC(디지털미디어시티),POI084,KEY_1,2026-06-06 05:40,17.0,29.0,18.0,88,E,1.0,-,없음,비 또는 눈 소식이 없어요.,05:11,19:51,0,낮음,햇볕에 민감한 분들은 자외선 차단제를 발라주세요.,좋음,7,좋음,23,보통,56.0,,호흡기가 예민하신 분들은 몸상태 유의하며 활동해주세요.,
2026-06-06T05:44:50.414789+09:00,강남역,강남역,POI014,KEY_3,2026-06-06 05:40,14.8,29.0,18.0,92,E,0.9,-,없음,비 또는 눈 소식이 없어요.,05:11,19:51,0,낮음,햇볕에 민감한 분들은 자외선 차단제를 발라주세요.,좋음,12,좋음,21,보통,56.0,,호흡기가 예민하신 분들은 몸상태 유의하며 활동해주세요.,
2026-06-06T05:44:50.414789+09:00,건대입구역,건대입구역,POI015,KEY_4,2026-06-06 05:40,17.1,29.0,19.0,79,ENE,1.2,-,없음,비 또는 눈 소식이 없어요.,05:11,19:51,0,낮음,햇볕에 민감한 분들은 자외선 차단제를 발라주세요.,좋음,13,좋음,30,좋음,48.0,,대기질에 이상이 없어요.,
2026-06-06T05:44:50.414789+09:00,고덕역,고덕역,POI016,KEY_1,2026-06-06 05:40,13.8,29.0,18.0,94,NNE,1.0,-,없음,비 또는 눈 소식이 없어요.,05:11,19:51,0,낮음,햇볕에 민감한 분들은 자외선 차단제를 발라주세요.,좋음,14,좋음,27,보통,52.0,,호흡기가 예민하신 분들은 몸상태 유의하며 활동해주세요.,
2026-06-06T05:44:50.414789+09:00,고속터미널역,고속터미널역,POI017,KEY_2,2026-06-06 05:40,13.8,30.0,18.0,98,ESE,0.5,-,없음,비 또는 눈 소식이 없어요.,05:11,19:51,0,낮음,햇볕에 민감한 분들은 자외선 차단제를 발라주세요.,좋음,12,좋음,21,보통,56.0,,호흡기가 예민하신 분들은 몸상태 유의하며 활동해주세요.,
2026-06-06T05:44:50.414789+09:00,교대역,교대역,POI018,KEY_3,2026-06-06 05:40,14.8,29.0,18.0,92,E,0.9,-,없음,비 또는 눈 소식이 없어요.,05:11,19:51,0,낮음,햇볕에 민감한 분들은 자외선 차단제를 발라주세요.,좋음,12,좋음,21,보통,56.0,,호흡기가 예민하신 분들은 몸상태 유의하며 활동해주세요.,
2026-06-06T05:44:50.414789+09:00,구로디지털단지역,구로디지털단지역,POI019,KEY_4,2026-06-06 05:40,16.3,29.0,20.0,87,ESE,1.9,-,없음,비 또는 눈 소식이 없어요.,05:11,19:51,0,낮음,햇볕에 민감한 분들은 자외선 차단제를 발라주세요.,보통,21,점검중,0,보통,66.0,,호흡기가 예민하신 분들은 몸상태 유의하며 활동해주세요.,
2026-06-06T05:44:50.414789+09:00,구로역,구로역,POI020,KEY_1,2026-06-06 05:40,16.3,29.0,20.0,87,ESE,1.9,-,없음,비 또는 눈 소식이 없어요.,05:11,19:51,0,낮음,햇볕에 민감한 분들은 자외선 차단제를 발라주세요.,보통,21,점검중,0,보통,66.0,,호흡기가 예민하신 분들은 몸상태 유의하며 활동해주세요.,
2026-06-06T05:44:50.414789+09:00,군자역,군자역,POI021,KEY_2,2026-06-06 05:40,17.1,29.0,19.0,74,NNE,1.8,-,없음,비 또는 눈 소식이 없어요.,05:11,19:51,0,낮음,햇볕에 민감한 분들은 자외선 차단제를 발라주세요.,좋음,13,좋음,30,좋음,48.0,,대기질에 이상이 없어요.,
2026-06-06T05:44:50.414789+09:00,대림역,대림역,POI023,KEY_3,2026-06-06 05:40,16.3,29.0,20.0,87,ESE,1.9,-,없음,비 또는 눈 소식이 없어요.,05:11,19:51,0,낮음,햇볕에 민감한 분들은 자외선 차단제를 발라주세요.,좋음,11,좋음,27,보통,61.0,,호흡기가 예민하신 분들은 몸상태 유의하며 활동해주세요.,
2026-06-06T05:44:50.414789+09:00,동대문역,동대문역,POI024,KEY_4,2026-06-06 05:40,16.1,29.0,19.0,85,N,1.2,-,없음,비 또는 눈 소식이 없어요.,05:11,19:51,0,낮음,햇볕에 민감한 분들은 자외선 차단제를 발라주세요.,좋음,15,좋음,20,보통,51.0,,호흡기가 예민하신 분들은 몸상태 유의하며 활동해주세요.,
2026-06-06T05:44:50.414789+09:00,뚝섬역,뚝섬역,POI025,KEY_1,2026-06-06 05:40,17.1,29.0,19.0,79,ENE,1.2,-,없음,비 또는 눈 소식이 없어요.,05:11,19:51,0,낮음,햇볕에 민감한 분들은 자외선 차단제를 발라주세요.,좋음,13,좋음,21,보통,56.0,,호흡기가 예민하신 분들은 몸상태 유의하며 활동해주세요.,
2026-06-06T05:44:50.414789+09:00,미아사거리역,미아사거리역,POI026,KEY_2,2026-06-06 05:40,13.7,29.0,18.0,88,SE,0.3,-,없음,비 또는 눈 소식이 없어요.,05:11,19:51,0,낮음,햇볕에 민감한 분들은 자외선 차단제를 발라주세요.,좋음,11,좋음,18,좋음,45.0,,대기질에 이상이 없어요.,
2026-06-06T05:44:50.414789+09:00,발산역,발산역,POI027,KEY_3,2026-06-06 05:40,17.0,30.0,19.0,88,E,1.0,-,없음,비 또는 눈 소식이 없어요.,05:11,19:51,0,낮음,햇볕에 민감한 분들은 자외선 차단제를 발라주세요.,좋음,9,좋음,17,보통,56.0,,호흡기가 예민하신 분들은 몸상태 유의하며 활동해주세요.,
2026-06-06T05:44:50.414789+09:00,사당역,사당역,POI029,KEY_4,2026-06-06 05:40,13.8,30.0,18.0,98,ESE,0.5,-,없음,비 또는 눈 소식이 없어요.,05:11,19:51,0,낮음,햇볕에 민감한 분들은 자외선 차단제를 발라주세요.,좋음,12,좋음,21,보통,56.0,,호흡기가 예민하신 분들은 몸상태 유의하며 활동해주세요.,
2026-06-06T05:44:50.414789+09:00,삼각지역,삼각지역,POI030,KEY_1,2026-06-06 05:40,17.1,29.0,19.0,79,ENE,1.2,-,없음,비 또는 눈 소식이 없어요.,05:11,19:51,0,낮음,햇볕에 민감한 분들은 자외선 차단제를 발라주세요.,좋음,14,좋음,27,보통,55.0,,호흡기가 예민하신 분들은 몸상태 유의하며 활동해주세요.,
2026-06-06T05:44:50.414789+09:00,서울대입구역,서울대입구역,POI031,KEY_2,2026-06-06 05:40,16.3,29.0,19.0,85,ESE,0.8,-,없음,비 또는 눈 소식이 없어요.,05:11,19:51,0,낮음,햇볕에 민감한 분들은 자외선 차단제를 발라주세요.,좋음,9,좋음,21,좋음,47.0,,대기질에 이상이 없어요.,
2026-06-06T05:44:50.414789+09:00,서울식물원·마곡나루역,서울식물원·마곡나루역,POI032,KEY_3,2026-06-06 05:40,17.0,30.0,19.0,88,E,1.0,-,없음,비 또는 눈 소식이 없어요.,05:11,19:51,0,낮음,햇볕에 민감한 분들은 자외선 차단제를 발라주세요.,좋음,9,좋음,17,보통,56.0,,호흡기가 예민하신 분들은 몸상태 유의하며 활동해주세요.,
2026-06-06T05:44:50.414789+09:00,서울역,서울역,POI033,KEY_4,2026-06-06 05:40,16.1,29.0,19.0,85,N,1.2,-,없음,비 또는 눈 소식이 없어요.,05:11,19:51,0,낮음,햇볕에 민감한 분들은 자외선 차단제를 발라주세요.,좋음,13,좋음,25,좋음,49.0,,대기질에 이상이 없어요.,
2026-06-06T05:44:50.414789+09:00,선릉역,선릉역,POI034,KEY_1,2026-06-06 05:40,14.8,29.0,18.0,92,E,0.9,-,없음,비 또는 눈 소식이 없어요.,05:11,19:51,0,낮음,햇볕에 민감한 분들은 자외선 차단제를 발라주세요.,좋음,13,좋음,23,보통,52.0,,호흡기가 예민하신 분들은 몸상태 유의하며 활동해주세요.,
2026-06-06T05:44:50.414789+09:00,성신여대입구역,성신여대입구역,POI035,KEY_2,2026-06-06 05:40,16.1,29.0,19.0,85,N,1.2,-,없음,비 또는 눈 소식이 없어요.,05:11,19:51,0,낮음,햇볕에 민감한 분들은 자외선 차단제를 발라주세요.,좋음,7,좋음,18,좋음,41.0,,대기질에 이상이 없어요.,
2026-06-06T05:44:50.414789+09:00,수유역,수유역,POI036,KEY_3,2026-06-06 05:40,13.7,29.0,18.0,88,SE,0.3,-,없음,비 또는 눈 소식이 없어요.,05:11,19:51,0,낮음,햇볕에 민감한 분들은 자외선 차단제를 발라주세요.,좋음,11,좋음,18,좋음,45.0,,대기질에 이상이 없어요.,
2026-06-06T05:44:50.414789+09:00,숭례문,숭례문,POI131,KEY_4,2026-06-06 05:40,16.1,29.0,19.0,85,N,1.2,-,없음,비 또는 눈 소식이 없어요.,05:11,19:51,0,낮음,햇볕에 민감한 분들은 자외선 차단제를 발라주세요.,좋음,13,좋음,25,좋음,49.0,,대기질에 이상이 없어요.,
2026-06-06T05:44:50.414789+09:00,시의회 앞,시의회 앞,POI130,KEY_1,2026-06-06 05:40,16.1,29.0,19.0,85,N,1.2,-,없음,비 또는 눈 소식이 없어요.,05:11,19:51,0,낮음,햇볕에 민감한 분들은 자외선 차단제를 발라주세요.,좋음,13,좋음,25,좋음,49.0,,대기질에 이상이 없어요.,
2026-06-06T05:44:50.414789+09:00,신논현역·논현역,신논현역·논현역,POI037,KEY_2,2026-06-06 05:40,14.8,29.0,18.0,92,E,0.9,-,없음,비 또는 눈 소식이 없어요.,05:11,19:51,0,낮음,햇볕에 민감한 분들은 자외선 차단제를 발라주세요.,좋음,13,좋음,23,보통,52.0,,호흡기가 예민하신 분들은 몸상태 유의하며 활동해주세요.,
2026-06-06T05:44:50.414789+09:00,신도림역,신도림역,POI038,KEY_3,2026-06-06 05:40,16.3,29.0,19.0,85,ESE,0.8,-,없음,비 또는 눈 소식이 없어요.,05:11,19:51,0,낮음,햇볕에 민감한 분들은 자외선 차단제를 발라주세요.,좋음,11,좋음,27,보통,61.0,,호흡기가 예민하신 분들은 몸상태 유의하며 활동해주세요.,
2026-06-06T05:44:50.414789+09:00,신림역,신림역,POI039,KEY_4,2026-06-06 05:40,16.3,29.0,19.0,85,ESE,0.8,-,없음,비 또는 눈 소식이 없어요.,05:11,19:51,0,낮음,햇볕에 민감한 분들은 자외선 차단제를 발라주세요.,좋음,9,좋음,21,좋음,47.0,,대기질에 이상이 없어요.,
2026-06-06T05:44:50.414789+09:00,신정네거리역,신정네거리역,POI117,KEY_1,2026-06-06 05:40,16.7,29.0,19.0,89,E,1.1,-,없음,비 또는 눈 소식이 없어요.,05:11,19:51,0,낮음,햇볕에 민감한 분들은 자외선 차단제를 발라주세요.,좋음,10,좋음,21,보통,60.0,,호흡기가 예민하신 분들은 몸상태 유의하며 활동해주세요.,
2026-06-06T05:44:50.414789+09:00,신촌·이대역,신촌·이대역,POI040,KEY_2,2026-06-06 05:40,17.5,29.0,19.0,85,ESE,1.0,-,없음,비 또는 눈 소식이 없어요.,05:11,19:51,0,낮음,햇볕에 민감한 분들은 자외선 차단제를 발라주세요.,좋음,12,좋음,17,보통,54.0,,호흡기가 예민하신 분들은 몸상태 유의하며 활동해주세요.,
2026-06-06T05:44:50.414789+09:00,쌍문역,쌍문역,POI070,KEY_3,2026-06-06 05:40,13.7,29.0,18.0,88,SE,0.3,-,없음,비 또는 눈 소식이 없어요.,05:11,19:51,0,낮음,햇볕에 민감한 분들은 자외선 차단제를 발라주세요.,좋음,7,좋음,17,보통,56.0,,호흡기가 예민하신 분들은 몸상태 유의하며 활동해주세요.,
2026-06-06T05:44:50.414789+09:00,양재역,양재역,POI041,KEY_4,2026-06-06 05:40,14.8,29.0,18.0,92,E,0.9,-,없음,비 또는 눈 소식이 없어요.,05:11,19:51,0,낮음,햇볕에 민감한 분들은 자외선 차단제를 발라주세요.,좋음,12,좋음,21,보통,56.0,,호흡기가 예민하신 분들은 몸상태 유의하며 활동해주세요.,
2026-06-06T05:44:50.414789+09:00,역삼역,역삼역,POI042,KEY_1,2026-06-06 05:40,14.8,29.0,18.0,92,E,0.9,-,없음,비 또는 눈 소식이 없어요.,05:11,19:51,0,낮음,햇볕에 민감한 분들은 자외선 차단제를 발라주세요.,좋음,13,좋음,23,보통,52.0,,호흡기가 예민하신 분들은 몸상태 유의하며 활동해주세요.,
2026-06-06T05:44:50.414789+09:00,연신내역,연신내역,POI043,KEY_2,2026-06-06 05:40,11.5,29.0,17.0,91,N,0.1,-,없음,비 또는 눈 소식이 없어요.,05:11,19:51,0,낮음,햇볕에 민감한 분들은 자외선 차단제를 발라주세요.,좋음,11,좋음,22,보통,56.0,,호흡기가 예민하신 분들은 몸상태 유의하며 활동해주세요.,
2026-06-06T05:44:50.414789+09:00,오목교역·목동운동장,오목교역·목동운동장,POI044,KEY_3,2026-06-06 05:40,16.7,29.0,19.0,89,E,1.1,-,없음,비 또는 눈 소식이 없어요.,05:11,19:51,0,낮음,햇볕에 민감한 분들은 자외선 차단제를 발라주세요.,좋음,10,좋음,21,보통,60.0,,호흡기가 예민하신 분들은 몸상태 유의하며 활동해주세요.,
2026-06-06T05:44:50.414789+09:00,왕십리역,왕십리역,POI045,KEY_4,2026-06-06 05:40,17.4,29.0,19.0,76,NE,1.3,-,없음,비 또는 눈 소식이 없어요.,05:11,19:51,0,낮음,햇볕에 민감한 분들은 자외선 차단제를 발라주세요.,좋음,13,좋음,21,보통,56.0,,호흡기가 예민하신 분들은 몸상태 유의하며 활동해주세요.,
2026-06-06T05:44:50.414789+09:00,용산역,용산역,POI046,KEY_1,2026-06-06 05:40,17.5,29.0,19.0,85,ESE,1.0,-,없음,비 또는 눈 소식이 없어요.,05:11,19:51,0,낮음,햇볕에 민감한 분들은 자외선 차단제를 발라주세요.,좋음,14,좋음,27,보통,55.0,,호흡기가 예민하신 분들은 몸상태 유의하며 활동해주세요.,
2026-06-06T05:44:50.414789+09:00,이태원역,이태원역,POI047,KEY_2,2026-06-06 05:40,17.1,29.0,19.0,79,ENE,1.2,-,없음,비 또는 눈 소식이 없어요.,05:11,19:51,0,낮음,햇볕에 민감한 분들은 자외선 차단제를 발라주세요.,좋음,14,좋음,27,보통,55.0,,호흡기가 예민하신 분들은 몸상태 유의하며 활동해주세요.,
2026-06-06T05:44:50.414789+09:00,잠실새내역,잠실새내역,POI118,KEY_3,2026-06-06 05:40,15.7,29.0,19.0,84,ESE,0.6,-,없음,비 또는 눈 소식이 없어요.,05:11,19:51,0,낮음,햇볕에 민감한 분들은 자외선 차단제를 발라주세요.,좋음,11,좋음,20,좋음,47.0,,대기질에 이상이 없어요.,
2026-06-06T05:44:50.414789+09:00,잠실역,잠실역,POI119,KEY_4,2026-06-06 05:40,17.6,29.0,19.0,78,ENE,1.0,-,없음,비 또는 눈 소식이 없어요.,05:11,19:51,0,낮음,햇볕에 민감한 분들은 자외선 차단제를 발라주세요.,좋음,11,좋음,20,좋음,47.0,,대기질에 이상이 없어요.,
2026-06-06T05:44:50.414789+09:00,장지역,장지역,POI048,KEY_1,2026-06-06 05:40,15.7,29.0,19.0,84,ESE,0.6,-,없음,비 또는 눈 소식이 없어요.,05:11,19:51,0,낮음,햇볕에 민감한 분들은 자외선 차단제를 발라주세요.,좋음,11,좋음,20,좋음,47.0,,대기질에 이상이 없어요.,
2026-06-06T05:44:50.414789+09:00,장한평역,장한평역,POI049,KEY_2,2026-06-06 05:40,17.4,29.0,19.0,76,NE,1.3,-,없음,비 또는 눈 소식이 없어요.,05:11,19:51,0,낮음,햇볕에 민감한 분들은 자외선 차단제를 발라주세요.,보통,16,좋음,22,보통,54.0,,호흡기가 예민하신 분들은 몸상태 유의하며 활동해주세요.,
2026-06-06T05:44:50.414789+09:00,천호역,천호역,POI050,KEY_3,2026-06-06 05:40,17.6,29.0,19.0,78,ENE,1.0,-,없음,비 또는 눈 소식이 없어요.,05:11,19:51,0,낮음,햇볕에 민감한 분들은 자외선 차단제를 발라주세요.,좋음,14,좋음,27,보통,52.0,,호흡기가 예민하신 분들은 몸상태 유의하며 활동해주세요.,
2026-06-06T05:44:50.414789+09:00,총신대입구(이수)역,총신대입구(이수)역,POI051,KEY_4,2026-06-06 05:40,13.8,30.0,18.0,98,ESE,0.5,-,없음,비 또는 눈 소식이 없어요.,05:11,19:51,0,낮음,햇볕에 민감한 분들은 자외선 차단제를 발라주세요.,보통,16,좋음,20,보통,52.0,,호흡기가 예민하신 분들은 몸상태 유의하며 활동해주세요.,
2026-06-06T05:44:50.414789+09:00,충정로역,충정로역,POI052,KEY_1,2026-06-06 05:40,17.5,29.0,19.0,85,ESE,1.0,-,없음,비 또는 눈 소식이 없어요.,05:11,19:51,0,낮음,햇볕에 민감한 분들은 자외선 차단제를 발라주세요.,좋음,12,좋음,17,보통,54.0,,호흡기가 예민하신 분들은 몸상태 유의하며 활동해주세요.,
2026-06-06T05:44:50.414789+09:00,합정역,합정역,POI053,KEY_2,2026-06-06 05:40,17.5,29.0,19.0,85,ESE,1.0,-,없음,비 또는 눈 소식이 없어요.,05:11,19:51,0,낮음,햇볕에 민감한 분들은 자외선 차단제를 발라주세요.,좋음,7,좋음,23,보통,56.0,,호흡기가 예민하신 분들은 몸상태 유의하며 활동해주세요.,
2026-06-06T05:44:50.414789+09:00,혜화역,혜화역,POI054,KEY_3,2026-06-06 05:40,16.1,29.0,19.0,85,N,1.2,-,없음,비 또는 눈 소식이 없어요.,05:11,19:51,0,낮음,햇볕에 민감한 분들은 자외선 차단제를 발라주세요.,좋음,15,좋음,20,보통,51.0,,호흡기가 예민하신 분들은 몸상태 유의하며 활동해주세요.,
2026-06-06T05:44:50.414789+09:00,홍대입구역(2호선),홍대입구역(2호선),POI055,KEY_4,2026-06-06 05:40,14.6,29.0,18.0,95,NNE,0.3,-,없음,비 또는 눈 소식이 없어요.,05:11,19:51,0,낮음,햇볕에 민감한 분들은 자외선 차단제를 발라주세요.,좋음,7,좋음,23,보통,56.0,,호흡기가 예민하신 분들은 몸상태 유의하며 활동해주세요.,
2026-06-06T05:44:50.414789+09:00,회기역,회기역,POI056,KEY_1,2026-06-06 05:40,17.4,29.0,19.0,76,NE,1.3,-,없음,비 또는 눈 소식이 없어요.,05:11,19:51,0,낮음,햇볕에 민감한 분들은 자외선 차단제를 발라주세요.,보통,16,좋음,22,보통,54.0,,호흡기가 예민하신 분들은 몸상태 유의하며 활동해주세요.,
2026-06-06T06:39:39.409138+09:00,경복궁,경복궁,POI008,KEY_1,2026-06-06 06:31,15.7,29.0,19.0,83,NNE,1.3,-,없음,비 또는 눈 소식이 없어요.,05:11,19:51,2,낮음,햇볕에 민감한 분들은 자외선 차단제를 발라주세요.,좋음,13,좋음,21,좋음,50.0,,대기질에 이상이 없어요.,
2026-06-06T06:39:39.409138+09:00,광화문·덕수궁,광화문·덕수궁,POI009,KEY_2,2026-06-06 06:31,15.7,29.0,19.0,83,NNE,1.3,-,없음,비 또는 눈 소식이 없어요.,05:11,19:51,2,낮음,햇볕에 민감한 분들은 자외선 차단제를 발라주세요.,좋음,13,좋음,21,좋음,50.0,,대기질에 이상이 없어요.,
2026-06-06T06:39:39.409138+09:00,보신각,보신각,POI010,KEY_3,2026-06-06 06:31,15.7,29.0,19.0,83,NNE,1.3,-,없음,비 또는 눈 소식이 없어요.,05:11,19:51,2,낮음,햇볕에 민감한 분들은 자외선 차단제를 발라주세요.,좋음,13,좋음,21,좋음,50.0,,대기질에 이상이 없어요.,
2026-06-06T06:39:39.409138+09:00,서울 암사동 유적,서울 암사동 유적,POI011,KEY_4,2026-06-06 06:31,15.5,29.0,18.0,86,NNE,0.9,-,없음,비 또는 눈 소식이 없어요.,05:11,19:51,2,낮음,햇볕에 민감한 분들은 자외선 차단제를 발라주세요.,좋음,9,좋음,22,좋음,43.0,,대기질에 이상이 없어요.,
2026-06-06T06:39:39.409138+09:00,창덕궁·종묘,창덕궁·종묘,POI012,KEY_1,2026-06-06 06:31,15.7,29.0,19.0,83,NNE,1.3,-,없음,비 또는 눈 소식이 없어요.,05:11,19:51,2,낮음,햇볕에 민감한 분들은 자외선 차단제를 발라주세요.,좋음,13,좋음,21,좋음,50.0,,대기질에 이상이 없어요.,
2026-06-06T06:39:39.409138+09:00,강남 MICE 관광특구,강남 MICE 관광특구,POI001,KEY_2,2026-06-06 06:31,14.5,29.0,18.0,91,E,0.5,-,없음,비 또는 눈 소식이 없어요.,05:11,19:51,2,낮음,햇볕에 민감한 분들은 자외선 차단제를 발라주세요.,좋음,12,좋음,23,좋음,47.0,,대기질에 이상이 없어요.,
2026-06-06T06:39:39.409138+09:00,동대문 관광특구,동대문 관광특구,POI002,KEY_3,2026-06-06 06:31,15.7,29.0,19.0,83,NNE,1.3,-,없음,비 또는 눈 소식이 없어요.,05:11,19:51,2,낮음,햇볕에 민감한 분들은 자외선 차단제를 발라주세요.,좋음,13,좋음,21,좋음,50.0,,대기질에 이상이 없어요.,
2026-06-06T06:39:39.409138+09:00,명동 관광특구,명동 관광특구,POI003,KEY_4,2026-06-06 06:31,15.7,29.0,19.0,83,NNE,1.3,-,없음,비 또는 눈 소식이 없어요.,05:11,19:51,2,낮음,햇볕에 민감한 분들은 자외선 차단제를 발라주세요.,좋음,12,좋음,25,좋음,45.0,,대기질에 이상이 없어요.,
2026-06-06T06:39:39.409138+09:00,이태원 관광특구,이태원 관광특구,POI004,KEY_1,2026-06-06 06:31,16.9,29.0,19.0,81,ENE,1.5,-,없음,비 또는 눈 소식이 없어요.,05:11,19:51,2,낮음,햇볕에 민감한 분들은 자외선 차단제를 발라주세요.,좋음,13,좋음,27,좋음,47.0,,대기질에 이상이 없어요.,
2026-06-06T06:39:39.409138+09:00,잠실 관광특구,잠실 관광특구,POI005,KEY_2,2026-06-06 06:31,17.2,29.0,19.0,81,ENE,0.9,-,없음,비 또는 눈 소식이 없어요.,05:11,19:51,2,낮음,햇볕에 민감한 분들은 자외선 차단제를 발라주세요.,좋음,15,좋음,21,좋음,49.0,,대기질에 이상이 없어요.,
2026-06-06T06:39:39.409138+09:00,종로·청계 관광특구,종로·청계 관광특구,POI006,KEY_3,2026-06-06 06:31,15.7,29.0,19.0,83,NNE,1.3,-,없음,비 또는 눈 소식이 없어요.,05:11,19:51,2,낮음,햇볕에 민감한 분들은 자외선 차단제를 발라주세요.,좋음,13,좋음,21,좋음,50.0,,대기질에 이상이 없어요.,
2026-06-06T06:39:39.409138+09:00,홍대 관광특구,홍대 관광특구,POI007,KEY_4,2026-06-06 06:31,17.8,29.0,19.0,84,E,1.7,-,없음,비 또는 눈 소식이 없어요.,05:11,19:51,2,낮음,햇볕에 민감한 분들은 자외선 차단제를 발라주세요.,좋음,8,좋음,21,보통,57.0,,호흡기가 예민하신 분들은 몸상태 유의하며 활동해주세요.,
2026-06-06T06:39:39.409138+09:00,강서한강공원,강서한강공원,POI085,KEY_1,2026-06-06 06:31,16.3,30.0,19.0,93,SE,0.1,-,없음,비 또는 눈 소식이 없어요.,05:11,19:51,2,낮음,햇볕에 민감한 분들은 자외선 차단제를 발라주세요.,좋음,12,좋음,18,보통,53.0,,호흡기가 예민하신 분들은 몸상태 유의하며 활동해주세요.,
2026-06-06T06:39:39.409138+09:00,고척돔,고척돔,POI086,KEY_2,2026-06-06 06:31,16.3,29.0,20.0,88,ESE,0.8,-,없음,비 또는 눈 소식이 없어요.,05:11,19:51,2,낮음,햇볕에 민감한 분들은 자외선 차단제를 발라주세요.,보통,16,좋음,27,보통,64.0,,호흡기가 예민하신 분들은 몸상태 유의하며 활동해주세요.,
2026-06-06T06:39:39.409138+09:00,광나루한강공원,광나루한강공원,POI087,KEY_3,2026-06-06 06:31,17.2,29.0,19.0,81,ENE,0.9,-,없음,비 또는 눈 소식이 없어요.,05:11,19:51,2,낮음,햇볕에 민감한 분들은 자외선 차단제를 발라주세요.,좋음,9,좋음,22,좋음,43.0,,대기질에 이상이 없어요.,
2026-06-06T06:39:39.409138+09:00,광화문광장,광화문광장,POI088,KEY_4,2026-06-06 06:31,15.7,29.0,19.0,83,NNE,1.3,-,없음,비 또는 눈 소식이 없어요.,05:11,19:51,2,낮음,햇볕에 민감한 분들은 자외선 차단제를 발라주세요.,좋음,13,좋음,21,좋음,50.0,,대기질에 이상이 없어요.,
2026-06-06T06:39:39.409138+09:00,국립중앙박물관·용산가족공원,국립중앙박물관·용산가족공원,POI089,KEY_1,2026-06-06 06:31,16.9,29.0,19.0,81,ENE,1.5,-,없음,비 또는 눈 소식이 없어요.,05:11,19:51,2,낮음,햇볕에 민감한 분들은 자외선 차단제를 발라주세요.,좋음,13,좋음,27,좋음,47.0,,대기질에 이상이 없어요.,
2026-06-06T06:39:39.409138+09:00,난지한강공원,난지한강공원,POI090,KEY_2,2026-06-06 06:31,16.3,29.0,18.0,93,SE,0.1,-,없음,비 또는 눈 소식이 없어요.,05:11,19:51,2,낮음,햇볕에 민감한 분들은 자외선 차단제를 발라주세요.,좋음,12,좋음,18,보통,53.0,,호흡기가 예민하신 분들은 몸상태 유의하며 활동해주세요.,
2026-06-06T06:39:39.409138+09:00,남산공원,남산공원,POI091,KEY_3,2026-06-06 06:31,15.7,29.0,19.0,83,NNE,1.3,-,없음,비 또는 눈 소식이 없어요.,05:11,19:51,2,낮음,햇볕에 민감한 분들은 자외선 차단제를 발라주세요.,좋음,12,좋음,25,좋음,45.0,,대기질에 이상이 없어요.,
2026-06-06T06:39:39.409138+09:00,노들섬,노들섬,POI092,KEY_4,2026-06-06 06:31,17.8,29.0,19.0,84,E,1.7,-,없음,비 또는 눈 소식이 없어요.,05:11,19:51,2,낮음,햇볕에 민감한 분들은 자외선 차단제를 발라주세요.,좋음,13,좋음,27,좋음,47.0,,대기질에 이상이 없어요.,
2026-06-06T06:39:39.409138+09:00,뚝섬한강공원,뚝섬한강공원,POI093,KEY_1,2026-06-06 06:31,16.9,29.0,19.0,81,ENE,1.5,-,없음,비 또는 눈 소식이 없어요.,05:11,19:51,2,낮음,햇볕에 민감한 분들은 자외선 차단제를 발라주세요.,좋음,15,좋음,26,좋음,48.0,,대기질에 이상이 없어요.,
2026-06-06T06:39:39.409138+09:00,망원한강공원,망원한강공원,POI094,KEY_2,2026-06-06 06:31,17.8,29.0,19.0,84,E,1.7,-,없음,비 또는 눈 소식이 없어요.,05:11,19:51,2,낮음,햇볕에 민감한 분들은 자외선 차단제를 발라주세요.,좋음,8,좋음,21,보통,57.0,,호흡기가 예민하신 분들은 몸상태 유의하며 활동해주세요.,
2026-06-06T06:39:39.409138+09:00,반포한강공원,반포한강공원,POI095,KEY_3,2026-06-06 06:31,16.9,29.0,19.0,81,ENE,1.5,-,없음,비 또는 눈 소식이 없어요.,05:11,19:51,2,낮음,햇볕에 민감한 분들은 자외선 차단제를 발라주세요.,좋음,13,좋음,27,좋음,47.0,,대기질에 이상이 없어요.,
2026-06-06T06:39:39.409138+09:00,보라매공원,보라매공원,POI123,KEY_4,2026-06-06 06:31,16.1,29.0,19.0,87,E,0.5,-,없음,비 또는 눈 소식이 없어요.,05:11,19:51,2,낮음,햇볕에 민감한 분들은 자외선 차단제를 발라주세요.,좋음,13,좋음,20,좋음,47.0,,대기질에 이상이 없어요.,
2026-06-06T06:39:39.409138+09:00,북서울꿈의숲,북서울꿈의숲,POI096,KEY_1,2026-06-06 06:31,13.8,29.0,18.0,89,SE,0.1,-,없음,비 또는 눈 소식이 없어요.,05:11,19:51,2,낮음,햇볕에 민감한 분들은 자외선 차단제를 발라주세요.,좋음,13,좋음,20,좋음,40.0,,대기질에 이상이 없어요.,
2026-06-06T06:39:39.409138+09:00,서대문독립공원,서대문독립공원,POI124,KEY_2,2026-06-06 06:31,15.7,29.0,19.0,83,NNE,1.3,-,없음,비 또는 눈 소식이 없어요.,05:11,19:51,2,낮음,햇볕에 민감한 분들은 자외선 차단제를 발라주세요.,좋음,13,좋음,21,좋음,50.0,,대기질에 이상이 없어요.,
2026-06-06T06:39:39.409138+09:00,서리풀공원·몽마르뜨공원,서리풀공원·몽마르뜨공원,POI098,KEY_3,2026-06-06 06:31,14.2,30.0,18.0,99,ESE,0.5,-,없음,비 또는 눈 소식이 없어요.,05:11,19:51,2,낮음,햇볕에 민감한 분들은 자외선 차단제를 발라주세요.,좋음,11,좋음,21,보통,51.0,,호흡기가 예민하신 분들은 몸상태 유의하며 활동해주세요.,
2026-06-06T06:39:39.409138+09:00,서울숲공원,서울숲공원,POI101,KEY_1,2026-06-06 06:31,16.9,29.0,19.0,81,ENE,1.5,-,없음,비 또는 눈 소식이 없어요.,05:11,19:51,2,낮음,햇볕에 민감한 분들은 자외선 차단제를 발라주세요.,좋음,14,좋음,22,좋음,49.0,,대기질에 이상이 없어요.,
2026-06-06T06:39:39.409138+09:00,송현녹지광장,송현녹지광장,POI129,KEY_2,2026-06-06 06:31,15.7,29.0,19.0,83,NNE,1.3,-,없음,비 또는 눈 소식이 없어요.,05:11,19:51,2,낮음,햇볕에 민감한 분들은 자외선 차단제를 발라주세요.,좋음,13,좋음,21,좋음,50.0,,대기질에 이상이 없어요.,
2026-06-06T06:39:39.409138+09:00,아차산,아차산,POI102,KEY_3,2026-06-06 06:31,16.8,29.0,19.0,77,NNE,1.5,-,없음,비 또는 눈 소식이 없어요.,05:11,19:51,2,낮음,햇볕에 민감한 분들은 자외선 차단제를 발라주세요.,좋음,15,좋음,26,좋음,48.0,,대기질에 이상이 없어요.,
2026-06-06T06:39:39.409138+09:00,안양천,안양천,POI125,KEY_4,2026-06-06 06:31,16.6,29.0,19.0,90,ENE,1.3,-,없음,비 또는 눈 소식이 없어요.,05:11,19:51,2,낮음,햇볕에 민감한 분들은 자외선 차단제를 발라주세요.,좋음,12,좋음,25,보통,56.0,,호흡기가 예민하신 분들은 몸상태 유의하며 활동해주세요.,
2026-06-06T06:39:39.409138+09:00,양화한강공원,양화한강공원,POI103,KEY_1,2026-06-06 06:31,16.6,29.0,19.0,90,ENE,1.3,-,없음,비 또는 눈 소식이 없어요.,05:11,19:51,2,낮음,햇볕에 민감한 분들은 자외선 차단제를 발라주세요.,좋음,11,좋음,27,보통,59.0,,호흡기가 예민하신 분들은 몸상태 유의하며 활동해주세요.,
2026-06-06T06:39:39.409138+09:00,어린이대공원,어린이대공원,POI104,KEY_2,2026-06-06 06:31,17.2,29.0,19.0,81,ENE,0.9,-,없음,비 또는 눈 소식이 없어요.,05:11,19:51,2,낮음,햇볕에 민감한 분들은 자외선 차단제를 발라주세요.,좋음,15,좋음,26,좋음,48.0,,대기질에 이상이 없어요.,
2026-06-06T06:39:39.409138+09:00,여의도한강공원,여의도한강공원,POI105,KEY_3,2026-06-06 06:31,17.8,29.0,19.0,84,E,1.7,-,없음,비 또는 눈 소식이 없어요.,05:11,19:51,2,낮음,햇볕에 민감한 분들은 자외선 차단제를 발라주세요.,좋음,11,좋음,27,보통,59.0,,호흡기가 예민하신 분들은 몸상태 유의하며 활동해주세요.,
2026-06-06T06:39:39.409138+09:00,여의서로,여의서로,POI126,KEY_4,2026-06-06 06:31,17.8,29.0,19.0,84,E,1.7,-,없음,비 또는 눈 소식이 없어요.,05:11,19:51,2,낮음,햇볕에 민감한 분들은 자외선 차단제를 발라주세요.,좋음,11,좋음,27,보통,59.0,,호흡기가 예민하신 분들은 몸상태 유의하며 활동해주세요.,
2026-06-06T06:39:39.409138+09:00,올림픽공원,올림픽공원,POI127,KEY_1,2026-06-06 06:31,17.2,29.0,19.0,81,ENE,0.9,-,없음,비 또는 눈 소식이 없어요.,05:11,19:51,2,낮음,햇볕에 민감한 분들은 자외선 차단제를 발라주세요.,좋음,15,좋음,21,좋음,49.0,,대기질에 이상이 없어요.,
2026-06-06T06:39:39.409138+09:00,월드컵공원,월드컵공원,POI106,KEY_2,2026-06-06 06:31,16.3,29.0,18.0,93,SE,0.1,-,없음,비 또는 눈 소식이 없어요.,05:11,19:51,2,낮음,햇볕에 민감한 분들은 자외선 차단제를 발라주세요.,좋음,8,좋음,21,보통,57.0,,호흡기가 예민하신 분들은 몸상태 유의하며 활동해주세요.,
2026-06-06T06:39:39.409138+09:00,응봉산,응봉산,POI107,KEY_3,2026-06-06 06:31,16.9,29.0,19.0,81,ENE,1.5,-,없음,비 또는 눈 소식이 없어요.,05:11,19:51,2,낮음,햇볕에 민감한 분들은 자외선 차단제를 발라주세요.,좋음,14,좋음,22,좋음,49.0,,대기질에 이상이 없어요.,
2026-06-06T06:39:39.409138+09:00,이촌한강공원,이촌한강공원,POI108,KEY_4,2026-06-06 06:31,16.9,29.0,19.0,81,ENE,1.5,-,없음,비 또는 눈 소식이 없어요.,05:11,19:51,2,낮음,햇볕에 민감한 분들은 자외선 차단제를 발라주세요.,좋음,13,좋음,27,좋음,47.0,,대기질에 이상이 없어요.,
2026-06-06T06:39:39.409138+09:00,잠실종합운동장,잠실종합운동장,POI109,KEY_1,2026-06-06 06:31,16.2,29.0,19.0,82,E,0.6,-,없음,비 또는 눈 소식이 없어요.,05:11,19:51,2,낮음,햇볕에 민감한 분들은 자외선 차단제를 발라주세요.,좋음,15,좋음,21,좋음,49.0,,대기질에 이상이 없어요.,
2026-06-06T06:39:39.409138+09:00,잠실한강공원,잠실한강공원,POI110,KEY_2,2026-06-06 06:31,17.2,29.0,19.0,81,ENE,0.9,-,없음,비 또는 눈 소식이 없어요.,05:11,19:51,2,낮음,햇볕에 민감한 분들은 자외선 차단제를 발라주세요.,좋음,15,좋음,26,좋음,48.0,,대기질에 이상이 없어요.,
2026-06-06T06:39:39.409138+09:00,잠원한강공원,잠원한강공원,POI111,KEY_3,2026-06-06 06:31,16.9,29.0,19.0,81,ENE,1.5,-,없음,비 또는 눈 소식이 없어요.,05:11,19:51,2,낮음,햇볕에 민감한 분들은 자외선 차단제를 발라주세요.,좋음,12,좋음,23,좋음,47.0,,대기질에 이상이 없어요.,
2026-06-06T06:39:39.409138+09:00,청계산,청계산,POI112,KEY_4,2026-06-06 06:31,13.5,29.0,18.0,99,SE,0.8,-,없음,비 또는 눈 소식이 없어요.,05:11,19:51,2,낮음,햇볕에 민감한 분들은 자외선 차단제를 발라주세요.,좋음,11,좋음,21,보통,51.0,,호흡기가 예민하신 분들은 몸상태 유의하며 활동해주세요.,
2026-06-06T06:39:39.409138+09:00,홍제폭포,홍제폭포,POI128,KEY_1,2026-06-06 06:31,14.8,29.0,18.0,96,NE,0.5,-,없음,비 또는 눈 소식이 없어요.,05:11,19:51,2,낮음,햇볕에 민감한 분들은 자외선 차단제를 발라주세요.,좋음,15,좋음,17,좋음,44.0,,대기질에 이상이 없어요.,
2026-06-06T06:39:39.409138+09:00,가락시장,가락시장,POI058,KEY_2,2026-06-06 06:31,16.2,29.0,19.0,82,E,0.6,-,없음,비 또는 눈 소식이 없어요.,05:11,19:51,2,낮음,햇볕에 민감한 분들은 자외선 차단제를 발라주세요.,좋음,15,좋음,21,좋음,49.0,,대기질에 이상이 없어요.,
2026-06-06T06:39:39.409138+09:00,가로수길,가로수길,POI059,KEY_3,2026-06-06 06:31,16.9,29.0,19.0,81,ENE,1.5,-,없음,비 또는 눈 소식이 없어요.,05:11,19:51,2,낮음,햇볕에 민감한 분들은 자외선 차단제를 발라주세요.,좋음,12,좋음,23,좋음,47.0,,대기질에 이상이 없어요.,
2026-06-06T06:39:39.409138+09:00,광장(전통)시장,광장(전통)시장,POI060,KEY_4,2026-06-06 06:31,15.7,29.0,19.0,83,NNE,1.3,-,없음,비 또는 눈 소식이 없어요.,05:11,19:51,2,낮음,햇볕에 민감한 분들은 자외선 차단제를 발라주세요.,좋음,13,좋음,21,좋음,50.0,,대기질에 이상이 없어요.,
2026-06-06T06:39:39.409138+09:00,김포공항,김포공항,POI061,KEY_1,2026-06-06 06:41,16.3,30.0,19.0,93,SE,0.1,-,없음,비 또는 눈 소식이 없어요.,05:11,19:51,2,낮음,햇볕에 민감한 분들은 자외선 차단제를 발라주세요.,좋음,12,좋음,18,보통,53.0,,호흡기가 예민하신 분들은 몸상태 유의하며 활동해주세요.,
2026-06-06T06:39:39.409138+09:00,남대문시장,남대문시장,POI115,KEY_2,2026-06-06 06:41,15.7,29.0,19.0,83,NNE,1.3,-,없음,비 또는 눈 소식이 없어요.,05:11,19:51,2,낮음,햇볕에 민감한 분들은 자외선 차단제를 발라주세요.,좋음,12,좋음,25,좋음,45.0,,대기질에 이상이 없어요.,
2026-06-06T06:39:39.409138+09:00,노량진,노량진,POI063,KEY_3,2026-06-06 06:41,16.1,29.0,19.0,87,E,0.5,-,없음,비 또는 눈 소식이 없어요.,05:11,19:51,2,낮음,햇볕에 민감한 분들은 자외선 차단제를 발라주세요.,좋음,13,좋음,20,좋음,47.0,,대기질에 이상이 없어요.,
2026-06-06T06:39:39.409138+09:00,덕수궁길·정동길,덕수궁길·정동길,POI064,KEY_4,2026-06-06 06:41,15.7,29.0,19.0,83,NNE,1.3,-,없음,비 또는 눈 소식이 없어요.,05:11,19:51,2,낮음,햇볕에 민감한 분들은 자외선 차단제를 발라주세요.,좋음,13,좋음,21,좋음,50.0,,대기질에 이상이 없어요.,
2026-06-06T06:39:39.409138+09:00,북창동 먹자골목,북창동 먹자골목,POI114,KEY_1,2026-06-06 06:41,15.7,29.0,19.0,83,NNE,1.3,-,없음,비 또는 눈 소식이 없어요.,05:11,19:51,2,낮음,햇볕에 민감한 분들은 자외선 차단제를 발라주세요.,좋음,12,좋음,25,좋음,45.0,,대기질에 이상이 없어요.,
2026-06-06T06:39:39.409138+09:00,북촌한옥마을,북촌한옥마을,POI066,KEY_2,2026-06-06 06:41,15.7,29.0,19.0,83,NNE,1.3,-,없음,비 또는 눈 소식이 없어요.,05:11,19:51,2,낮음,햇볕에 민감한 분들은 자외선 차단제를 발라주세요.,좋음,13,좋음,21,좋음,50.0,,대기질에 이상이 없어요.,
2026-06-06T06:39:39.409138+09:00,서촌,서촌,POI067,KEY_3,2026-06-06 06:41,15.7,29.0,19.0,83,NNE,1.3,-,없음,비 또는 눈 소식이 없어요.,05:11,19:51,2,낮음,햇볕에 민감한 분들은 자외선 차단제를 발라주세요.,좋음,13,좋음,21,좋음,50.0,,대기질에 이상이 없어요.,
2026-06-06T06:39:39.409138+09:00,성수카페거리,성수카페거리,POI068,KEY_4,2026-06-06 06:41,16.9,29.0,19.0,81,ENE,1.5,-,없음,비 또는 눈 소식이 없어요.,05:11,19:51,2,낮음,햇볕에 민감한 분들은 자외선 차단제를 발라주세요.,좋음,14,좋음,22,좋음,49.0,,대기질에 이상이 없어요.,
2026-06-06T06:39:39.409138+09:00,송리단길·호수단길,송리단길·호수단길,POI121,KEY_1,2026-06-06 06:41,16.2,29.0,19.0,82,E,0.6,-,없음,비 또는 눈 소식이 없어요.,05:11,19:51,2,낮음,햇볕에 민감한 분들은 자외선 차단제를 발라주세요.,좋음,15,좋음,21,좋음,49.0,,대기질에 이상이 없어요.,
2026-06-06T06:39:39.409138+09:00,신촌 스타광장,신촌 스타광장,POI122,KEY_2,2026-06-06 06:41,17.8,29.0,19.0,84,E,1.7,-,없음,비 또는 눈 소식이 없어요.,05:11,19:51,2,낮음,햇볕에 민감한 분들은 자외선 차단제를 발라주세요.,좋음,15,좋음,17,좋음,44.0,,대기질에 이상이 없어요.,
2026-06-06T06:39:39.409138+09:00,압구정로데오거리,압구정로데오거리,POI071,KEY_3,2026-06-06 06:41,16.9,29.0,19.0,81,ENE,1.5,-,없음,비 또는 눈 소식이 없어요.,05:11,19:51,2,낮음,햇볕에 민감한 분들은 자외선 차단제를 발라주세요.,좋음,12,좋음,23,좋음,47.0,,대기질에 이상이 없어요.,
2026-06-06T06:39:39.409138+09:00,여의도,여의도,POI072,KEY_4,2026-06-06 06:41,17.8,29.0,19.0,84,E,1.7,-,없음,비 또는 눈 소식이 없어요.,05:11,19:51,2,낮음,햇볕에 민감한 분들은 자외선 차단제를 발라주세요.,좋음,11,좋음,27,보통,59.0,,호흡기가 예민하신 분들은 몸상태 유의하며 활동해주세요.,
2026-06-06T06:39:39.409138+09:00,연남동,연남동,POI073,KEY_1,2026-06-06 06:41,14.8,29.0,18.0,96,NE,0.5,-,없음,비 또는 눈 소식이 없어요.,05:11,19:51,2,낮음,햇볕에 민감한 분들은 자외선 차단제를 발라주세요.,좋음,8,좋음,21,보통,57.0,,호흡기가 예민하신 분들은 몸상태 유의하며 활동해주세요.,
2026-06-06T06:39:39.409138+09:00,영등포 타임스퀘어,영등포 타임스퀘어,POI074,KEY_2,2026-06-06 06:41,17.8,29.0,19.0,84,E,1.7,-,없음,비 또는 눈 소식이 없어요.,05:11,19:51,2,낮음,햇볕에 민감한 분들은 자외선 차단제를 발라주세요.,좋음,11,좋음,27,보통,59.0,,호흡기가 예민하신 분들은 몸상태 유의하며 활동해주세요.,
2026-06-06T06:39:39.409138+09:00,용리단길,용리단길,POI076,KEY_3,2026-06-06 06:41,16.9,29.0,19.0,81,ENE,1.5,-,없음,비 또는 눈 소식이 없어요.,05:11,19:51,2,낮음,햇볕에 민감한 분들은 자외선 차단제를 발라주세요.,좋음,13,좋음,27,좋음,47.0,,대기질에 이상이 없어요.,
2026-06-06T06:39:39.409138+09:00,이태원 앤틱가구거리,이태원 앤틱가구거리,POI077,KEY_4,2026-06-06 06:41,16.9,29.0,19.0,81,ENE,1.5,-,없음,비 또는 눈 소식이 없어요.,05:11,19:51,2,낮음,햇볕에 민감한 분들은 자외선 차단제를 발라주세요.,좋음,13,좋음,27,좋음,47.0,,대기질에 이상이 없어요.,
2026-06-06T06:39:39.409138+09:00,익선동,익선동,POI116,KEY_1,2026-06-06 06:41,15.7,29.0,19.0,83,NNE,1.3,-,없음,비 또는 눈 소식이 없어요.,05:11,19:51,2,낮음,햇볕에 민감한 분들은 자외선 차단제를 발라주세요.,좋음,13,좋음,21,좋음,50.0,,대기질에 이상이 없어요.,
2026-06-06T06:39:39.409138+09:00,인사동,인사동,POI078,KEY_2,2026-06-06 06:41,15.7,29.0,19.0,83,NNE,1.3,-,없음,비 또는 눈 소식이 없어요.,05:11,19:51,2,낮음,햇볕에 민감한 분들은 자외선 차단제를 발라주세요.,좋음,13,좋음,21,좋음,50.0,,대기질에 이상이 없어요.,
2026-06-06T06:39:39.409138+09:00,잠실롯데타워·석촌호수,잠실롯데타워·석촌호수,POI120,KEY_3,2026-06-06 06:41,17.2,29.0,19.0,81,ENE,0.9,-,없음,비 또는 눈 소식이 없어요.,05:11,19:51,2,낮음,햇볕에 민감한 분들은 자외선 차단제를 발라주세요.,좋음,15,좋음,21,좋음,49.0,,대기질에 이상이 없어요.,
2026-06-06T06:39:39.409138+09:00,창동 신경제 중심지,창동 신경제 중심지,POI079,KEY_4,2026-06-06 06:41,14.3,29.0,18.0,87,SE,0.1,-,없음,비 또는 눈 소식이 없어요.,05:11,19:51,2,낮음,햇볕에 민감한 분들은 자외선 차단제를 발라주세요.,좋음,10,좋음,23,좋음,40.0,,대기질에 이상이 없어요.,
2026-06-06T06:39:39.409138+09:00,청담동 명품거리,청담동 명품거리,POI080,KEY_1,2026-06-06 06:41,16.9,29.0,19.0,81,ENE,1.5,-,없음,비 또는 눈 소식이 없어요.,05:11,19:51,2,낮음,햇볕에 민감한 분들은 자외선 차단제를 발라주세요.,좋음,12,좋음,23,좋음,47.0,,대기질에 이상이 없어요.,
2026-06-06T06:39:39.409138+09:00,청량리 제기동 일대 전통시장,청량리 제기동 일대 전통시장,POI081,KEY_2,2026-06-06 06:41,16.8,29.0,19.0,77,NE,1.1,-,없음,비 또는 눈 소식이 없어요.,05:11,19:51,2,낮음,햇볕에 민감한 분들은 자외선 차단제를 발라주세요.,보통,16,좋음,22,좋음,47.0,,대기질에 이상이 없어요.,
2026-06-06T06:39:39.409138+09:00,해방촌·경리단길,해방촌·경리단길,POI082,KEY_3,2026-06-06 06:41,16.9,29.0,19.0,81,ENE,1.5,-,없음,비 또는 눈 소식이 없어요.,05:11,19:51,2,낮음,햇볕에 민감한 분들은 자외선 차단제를 발라주세요.,좋음,13,좋음,27,좋음,47.0,,대기질에 이상이 없어요.,
2026-06-06T06:39:39.409138+09:00,DDP(동대문디자인플라자),DDP(동대문디자인플라자),POI083,KEY_4,2026-06-06 06:41,15.7,29.0,19.0,83,NNE,1.3,-,없음,비 또는 눈 소식이 없어요.,05:11,19:51,2,낮음,햇볕에 민감한 분들은 자외선 차단제를 발라주세요.,좋음,13,좋음,21,좋음,50.0,,대기질에 이상이 없어요.,
2026-06-06T06:39:39.409138+09:00,DMC(디지털미디어시티),DMC(디지털미디어시티),POI084,KEY_1,2026-06-06 06:41,16.3,29.0,18.0,93,SE,0.1,-,없음,비 또는 눈 소식이 없어요.,05:11,19:51,2,낮음,햇볕에 민감한 분들은 자외선 차단제를 발라주세요.,좋음,8,좋음,21,보통,57.0,,호흡기가 예민하신 분들은 몸상태 유의하며 활동해주세요.,
2026-06-06T06:39:39.409138+09:00,강남역,강남역,POI014,KEY_3,2026-06-06 06:41,14.5,29.0,18.0,91,E,0.5,-,없음,비 또는 눈 소식이 없어요.,05:11,19:51,2,낮음,햇볕에 민감한 분들은 자외선 차단제를 발라주세요.,좋음,11,좋음,21,보통,51.0,,호흡기가 예민하신 분들은 몸상태 유의하며 활동해주세요.,
2026-06-06T06:39:39.409138+09:00,건대입구역,건대입구역,POI015,KEY_4,2026-06-06 06:41,16.9,29.0,19.0,81,ENE,1.5,-,없음,비 또는 눈 소식이 없어요.,05:11,19:51,2,낮음,햇볕에 민감한 분들은 자외선 차단제를 발라주세요.,좋음,15,좋음,26,좋음,48.0,,대기질에 이상이 없어요.,
2026-06-06T06:39:39.409138+09:00,고덕역,고덕역,POI016,KEY_1,2026-06-06 06:41,14.0,29.0,18.0,94,S,0.3,-,없음,비 또는 눈 소식이 없어요.,05:11,19:51,2,낮음,햇볕에 민감한 분들은 자외선 차단제를 발라주세요.,좋음,9,좋음,22,좋음,43.0,,대기질에 이상이 없어요.,
2026-06-06T06:39:39.409138+09:00,고속터미널역,고속터미널역,POI017,KEY_2,2026-06-06 06:41,14.2,30.0,18.0,99,ESE,0.5,-,없음,비 또는 눈 소식이 없어요.,05:11,19:51,2,낮음,햇볕에 민감한 분들은 자외선 차단제를 발라주세요.,좋음,11,좋음,21,보통,51.0,,호흡기가 예민하신 분들은 몸상태 유의하며 활동해주세요.,
2026-06-06T06:39:39.409138+09:00,교대역,교대역,POI018,KEY_3,2026-06-06 06:41,14.5,29.0,18.0,91,E,0.5,-,없음,비 또는 눈 소식이 없어요.,05:11,19:51,2,낮음,햇볕에 민감한 분들은 자외선 차단제를 발라주세요.,좋음,11,좋음,21,보통,51.0,,호흡기가 예민하신 분들은 몸상태 유의하며 활동해주세요.,
2026-06-06T06:39:39.409138+09:00,구로디지털단지역,구로디지털단지역,POI019,KEY_4,2026-06-06 06:41,16.3,29.0,20.0,88,ESE,0.8,-,없음,비 또는 눈 소식이 없어요.,05:11,19:51,2,낮음,햇볕에 민감한 분들은 자외선 차단제를 발라주세요.,보통,16,좋음,27,보통,64.0,,호흡기가 예민하신 분들은 몸상태 유의하며 활동해주세요.,
2026-06-06T06:39:39.409138+09:00,구로역,구로역,POI020,KEY_1,2026-06-06 06:41,16.3,29.0,20.0,88,ESE,0.8,-,없음,비 또는 눈 소식이 없어요.,05:11,19:51,2,낮음,햇볕에 민감한 분들은 자외선 차단제를 발라주세요.,보통,16,좋음,27,보통,64.0,,호흡기가 예민하신 분들은 몸상태 유의하며 활동해주세요.,
2026-06-06T06:39:39.409138+09:00,군자역,군자역,POI021,KEY_2,2026-06-06 06:41,16.8,29.0,19.0,77,NNE,1.5,-,없음,비 또는 눈 소식이 없어요.,05:11,19:51,2,낮음,햇볕에 민감한 분들은 자외선 차단제를 발라주세요.,좋음,15,좋음,26,좋음,48.0,,대기질에 이상이 없어요.,
2026-06-06T06:39:39.409138+09:00,대림역,대림역,POI023,KEY_3,2026-06-06 06:41,16.3,29.0,20.0,88,ESE,0.8,-,없음,비 또는 눈 소식이 없어요.,05:11,19:51,2,낮음,햇볕에 민감한 분들은 자외선 차단제를 발라주세요.,좋음,11,좋음,27,보통,59.0,,호흡기가 예민하신 분들은 몸상태 유의하며 활동해주세요.,
2026-06-06T06:39:39.409138+09:00,동대문역,동대문역,POI024,KEY_4,2026-06-06 06:41,15.7,29.0,19.0,83,NNE,1.3,-,없음,비 또는 눈 소식이 없어요.,05:11,19:51,2,낮음,햇볕에 민감한 분들은 자외선 차단제를 발라주세요.,좋음,13,좋음,21,좋음,50.0,,대기질에 이상이 없어요.,
2026-06-06T06:39:39.409138+09:00,뚝섬역,뚝섬역,POI025,KEY_1,2026-06-06 06:41,16.9,29.0,19.0,81,ENE,1.5,-,없음,비 또는 눈 소식이 없어요.,05:11,19:51,2,낮음,햇볕에 민감한 분들은 자외선 차단제를 발라주세요.,좋음,14,좋음,22,좋음,49.0,,대기질에 이상이 없어요.,
2026-06-06T06:39:39.409138+09:00,미아사거리역,미아사거리역,POI026,KEY_2,2026-06-06 06:41,13.8,29.0,18.0,89,SE,0.1,-,없음,비 또는 눈 소식이 없어요.,05:11,19:51,2,낮음,햇볕에 민감한 분들은 자외선 차단제를 발라주세요.,좋음,13,좋음,20,좋음,40.0,,대기질에 이상이 없어요.,
2026-06-06T06:39:39.409138+09:00,발산역,발산역,POI027,KEY_3,2026-06-06 06:41,16.3,30.0,19.0,93,SE,0.1,-,없음,비 또는 눈 소식이 없어요.,05:11,19:51,2,낮음,햇볕에 민감한 분들은 자외선 차단제를 발라주세요.,좋음,12,좋음,18,보통,53.0,,호흡기가 예민하신 분들은 몸상태 유의하며 활동해주세요.,
2026-06-06T06:39:39.409138+09:00,사당역,사당역,POI029,KEY_4,2026-06-06 06:41,14.2,30.0,18.0,99,ESE,0.5,-,없음,비 또는 눈 소식이 없어요.,05:11,19:51,2,낮음,햇볕에 민감한 분들은 자외선 차단제를 발라주세요.,좋음,11,좋음,21,보통,51.0,,호흡기가 예민하신 분들은 몸상태 유의하며 활동해주세요.,
2026-06-06T06:39:39.409138+09:00,삼각지역,삼각지역,POI030,KEY_1,2026-06-06 06:41,16.9,29.0,19.0,81,ENE,1.5,-,없음,비 또는 눈 소식이 없어요.,05:11,19:51,2,낮음,햇볕에 민감한 분들은 자외선 차단제를 발라주세요.,좋음,13,좋음,27,좋음,47.0,,대기질에 이상이 없어요.,
2026-06-06T06:39:39.409138+09:00,서울대입구역,서울대입구역,POI031,KEY_2,2026-06-06 06:41,16.1,29.0,19.0,87,E,0.5,-,없음,비 또는 눈 소식이 없어요.,05:11,19:51,2,낮음,햇볕에 민감한 분들은 자외선 차단제를 발라주세요.,좋음,8,좋음,22,좋음,40.0,,대기질에 이상이 없어요.,
2026-06-06T06:39:39.409138+09:00,서울식물원·마곡나루역,서울식물원·마곡나루역,POI032,KEY_3,2026-06-06 06:41,16.3,30.0,19.0,93,SE,0.1,-,없음,비 또는 눈 소식이 없어요.,05:11,19:51,2,낮음,햇볕에 민감한 분들은 자외선 차단제를 발라주세요.,좋음,12,좋음,18,보통,53.0,,호흡기가 예민하신 분들은 몸상태 유의하며 활동해주세요.,
2026-06-06T06:39:39.409138+09:00,서울역,서울역,POI033,KEY_4,2026-06-06 06:41,15.7,29.0,19.0,83,NNE,1.3,-,없음,비 또는 눈 소식이 없어요.,05:11,19:51,2,낮음,햇볕에 민감한 분들은 자외선 차단제를 발라주세요.,좋음,12,좋음,25,좋음,45.0,,대기질에 이상이 없어요.,
2026-06-06T06:39:39.409138+09:00,선릉역,선릉역,POI034,KEY_1,2026-06-06 06:41,14.5,29.0,18.0,91,E,0.5,-,없음,비 또는 눈 소식이 없어요.,05:11,19:51,2,낮음,햇볕에 민감한 분들은 자외선 차단제를 발라주세요.,좋음,12,좋음,23,좋음,47.0,,대기질에 이상이 없어요.,
2026-06-06T06:39:39.409138+09:00,성신여대입구역,성신여대입구역,POI035,KEY_2,2026-06-06 06:41,15.7,29.0,19.0,83,NNE,1.3,-,없음,비 또는 눈 소식이 없어요.,05:11,19:51,2,낮음,햇볕에 민감한 분들은 자외선 차단제를 발라주세요.,좋음,10,좋음,17,좋음,33.0,,대기질에 이상이 없어요.,
2026-06-06T06:39:39.409138+09:00,수유역,수유역,POI036,KEY_3,2026-06-06 06:41,13.8,29.0,18.0,89,SE,0.1,-,없음,비 또는 눈 소식이 없어요.,05:11,19:51,2,낮음,햇볕에 민감한 분들은 자외선 차단제를 발라주세요.,좋음,13,좋음,20,좋음,40.0,,대기질에 이상이 없어요.,
2026-06-06T06:39:39.409138+09:00,숭례문,숭례문,POI131,KEY_4,2026-06-06 06:41,15.7,29.0,19.0,83,NNE,1.3,-,없음,비 또는 눈 소식이 없어요.,05:11,19:51,2,낮음,햇볕에 민감한 분들은 자외선 차단제를 발라주세요.,좋음,12,좋음,25,좋음,45.0,,대기질에 이상이 없어요.,
2026-06-06T06:39:39.409138+09:00,시의회 앞,시의회 앞,POI130,KEY_1,2026-06-06 06:41,15.7,29.0,19.0,83,NNE,1.3,-,없음,비 또는 눈 소식이 없어요.,05:11,19:51,2,낮음,햇볕에 민감한 분들은 자외선 차단제를 발라주세요.,좋음,12,좋음,25,좋음,45.0,,대기질에 이상이 없어요.,
2026-06-06T06:39:39.409138+09:00,신논현역·논현역,신논현역·논현역,POI037,KEY_2,2026-06-06 06:41,14.5,29.0,18.0,91,E,0.5,-,없음,비 또는 눈 소식이 없어요.,05:11,19:51,2,낮음,햇볕에 민감한 분들은 자외선 차단제를 발라주세요.,좋음,12,좋음,23,좋음,47.0,,대기질에 이상이 없어요.,
2026-06-06T06:39:39.409138+09:00,신도림역,신도림역,POI038,KEY_3,2026-06-06 06:41,16.1,29.0,19.0,87,E,0.5,-,없음,비 또는 눈 소식이 없어요.,05:11,19:51,2,낮음,햇볕에 민감한 분들은 자외선 차단제를 발라주세요.,좋음,11,좋음,27,보통,59.0,,호흡기가 예민하신 분들은 몸상태 유의하며 활동해주세요.,
2026-06-06T06:39:39.409138+09:00,신림역,신림역,POI039,KEY_4,2026-06-06 06:41,16.1,29.0,19.0,87,E,0.5,-,없음,비 또는 눈 소식이 없어요.,05:11,19:51,2,낮음,햇볕에 민감한 분들은 자외선 차단제를 발라주세요.,좋음,8,좋음,22,좋음,40.0,,대기질에 이상이 없어요.,
2026-06-06T06:39:39.409138+09:00,신정네거리역,신정네거리역,POI117,KEY_1,2026-06-06 06:41,16.6,29.0,19.0,90,ENE,1.3,-,없음,비 또는 눈 소식이 없어요.,05:11,19:51,2,낮음,햇볕에 민감한 분들은 자외선 차단제를 발라주세요.,좋음,12,좋음,25,보통,56.0,,호흡기가 예민하신 분들은 몸상태 유의하며 활동해주세요.,
2026-06-06T06:39:39.409138+09:00,신촌·이대역,신촌·이대역,POI040,KEY_2,2026-06-06 06:41,17.8,29.0,19.0,84,E,1.7,-,없음,비 또는 눈 소식이 없어요.,05:11,19:51,2,낮음,햇볕에 민감한 분들은 자외선 차단제를 발라주세요.,좋음,15,좋음,17,좋음,44.0,,대기질에 이상이 없어요.,
2026-06-06T06:39:39.409138+09:00,쌍문역,쌍문역,POI070,KEY_3,2026-06-06 06:41,13.8,29.0,18.0,89,SE,0.1,-,없음,비 또는 눈 소식이 없어요.,05:11,19:51,2,낮음,햇볕에 민감한 분들은 자외선 차단제를 발라주세요.,좋음,12,좋음,15,보통,52.0,,호흡기가 예민하신 분들은 몸상태 유의하며 활동해주세요.,
2026-06-06T06:39:39.409138+09:00,양재역,양재역,POI041,KEY_4,2026-06-06 06:41,14.5,29.0,18.0,91,E,0.5,-,없음,비 또는 눈 소식이 없어요.,05:11,19:51,2,낮음,햇볕에 민감한 분들은 자외선 차단제를 발라주세요.,좋음,11,좋음,21,보통,51.0,,호흡기가 예민하신 분들은 몸상태 유의하며 활동해주세요.,
2026-06-06T06:39:39.409138+09:00,역삼역,역삼역,POI042,KEY_1,2026-06-06 06:41,14.5,29.0,18.0,91,E,0.5,-,없음,비 또는 눈 소식이 없어요.,05:11,19:51,2,낮음,햇볕에 민감한 분들은 자외선 차단제를 발라주세요.,좋음,12,좋음,23,좋음,47.0,,대기질에 이상이 없어요.,
2026-06-06T06:39:39.409138+09:00,연신내역,연신내역,POI043,KEY_2,2026-06-06 06:41,11.6,29.0,17.0,91,S,0.5,-,없음,비 또는 눈 소식이 없어요.,05:11,19:51,2,낮음,햇볕에 민감한 분들은 자외선 차단제를 발라주세요.,좋음,9,좋음,17,보통,51.0,,호흡기가 예민하신 분들은 몸상태 유의하며 활동해주세요.,
2026-06-06T06:39:39.409138+09:00,오목교역·목동운동장,오목교역·목동운동장,POI044,KEY_3,2026-06-06 06:41,16.6,29.0,19.0,90,ENE,1.3,-,없음,비 또는 눈 소식이 없어요.,05:11,19:51,2,낮음,햇볕에 민감한 분들은 자외선 차단제를 발라주세요.,좋음,12,좋음,25,보통,56.0,,호흡기가 예민하신 분들은 몸상태 유의하며 활동해주세요.,
2026-06-06T06:39:39.409138+09:00,왕십리역,왕십리역,POI045,KEY_4,2026-06-06 06:41,16.8,29.0,19.0,77,NE,1.1,-,없음,비 또는 눈 소식이 없어요.,05:11,19:51,2,낮음,햇볕에 민감한 분들은 자외선 차단제를 발라주세요.,좋음,14,좋음,22,좋음,49.0,,대기질에 이상이 없어요.,
2026-06-06T06:39:39.409138+09:00,용산역,용산역,POI046,KEY_1,2026-06-06 06:41,17.8,29.0,19.0,84,E,1.7,-,없음,비 또는 눈 소식이 없어요.,05:11,19:51,2,낮음,햇볕에 민감한 분들은 자외선 차단제를 발라주세요.,좋음,13,좋음,27,좋음,47.0,,대기질에 이상이 없어요.,
2026-06-06T06:39:39.409138+09:00,이태원역,이태원역,POI047,KEY_2,2026-06-06 06:41,16.9,29.0,19.0,81,ENE,1.5,-,없음,비 또는 눈 소식이 없어요.,05:11,19:51,2,낮음,햇볕에 민감한 분들은 자외선 차단제를 발라주세요.,좋음,13,좋음,27,좋음,47.0,,대기질에 이상이 없어요.,
2026-06-06T06:39:39.409138+09:00,잠실새내역,잠실새내역,POI118,KEY_3,2026-06-06 06:41,16.2,29.0,19.0,82,E,0.6,-,없음,비 또는 눈 소식이 없어요.,05:11,19:51,2,낮음,햇볕에 민감한 분들은 자외선 차단제를 발라주세요.,좋음,15,좋음,21,좋음,49.0,,대기질에 이상이 없어요.,
2026-06-06T06:39:39.409138+09:00,잠실역,잠실역,POI119,KEY_4,2026-06-06 06:41,17.2,29.0,19.0,81,ENE,0.9,-,없음,비 또는 눈 소식이 없어요.,05:11,19:51,2,낮음,햇볕에 민감한 분들은 자외선 차단제를 발라주세요.,좋음,15,좋음,21,좋음,49.0,,대기질에 이상이 없어요.,
2026-06-06T06:39:39.409138+09:00,장지역,장지역,POI048,KEY_1,2026-06-06 06:41,16.2,29.0,19.0,82,E,0.6,-,없음,비 또는 눈 소식이 없어요.,05:11,19:51,2,낮음,햇볕에 민감한 분들은 자외선 차단제를 발라주세요.,좋음,15,좋음,21,좋음,49.0,,대기질에 이상이 없어요.,
2026-06-06T06:39:39.409138+09:00,장한평역,장한평역,POI049,KEY_2,2026-06-06 06:41,16.8,29.0,19.0,77,NE,1.1,-,없음,비 또는 눈 소식이 없어요.,05:11,19:51,2,낮음,햇볕에 민감한 분들은 자외선 차단제를 발라주세요.,보통,16,좋음,22,좋음,47.0,,대기질에 이상이 없어요.,
2026-06-06T06:39:39.409138+09:00,천호역,천호역,POI050,KEY_3,2026-06-06 06:41,17.2,29.0,19.0,81,ENE,0.9,-,없음,비 또는 눈 소식이 없어요.,05:11,19:51,2,낮음,햇볕에 민감한 분들은 자외선 차단제를 발라주세요.,좋음,9,좋음,22,좋음,43.0,,대기질에 이상이 없어요.,
2026-06-06T06:39:39.409138+09:00,총신대입구(이수)역,총신대입구(이수)역,POI051,KEY_4,2026-06-06 06:41,14.2,30.0,18.0,99,ESE,0.5,-,없음,비 또는 눈 소식이 없어요.,05:11,19:51,2,낮음,햇볕에 민감한 분들은 자외선 차단제를 발라주세요.,좋음,13,좋음,20,좋음,47.0,,대기질에 이상이 없어요.,
2026-06-06T06:39:39.409138+09:00,충정로역,충정로역,POI052,KEY_1,2026-06-06 06:41,17.8,29.0,19.0,84,E,1.7,-,없음,비 또는 눈 소식이 없어요.,05:11,19:51,2,낮음,햇볕에 민감한 분들은 자외선 차단제를 발라주세요.,좋음,15,좋음,17,좋음,44.0,,대기질에 이상이 없어요.,
2026-06-06T06:39:39.409138+09:00,합정역,합정역,POI053,KEY_2,2026-06-06 06:41,17.8,29.0,19.0,84,E,1.7,-,없음,비 또는 눈 소식이 없어요.,05:11,19:51,2,낮음,햇볕에 민감한 분들은 자외선 차단제를 발라주세요.,좋음,8,좋음,21,보통,57.0,,호흡기가 예민하신 분들은 몸상태 유의하며 활동해주세요.,
2026-06-06T06:39:39.409138+09:00,혜화역,혜화역,POI054,KEY_3,2026-06-06 06:41,15.7,29.0,19.0,83,NNE,1.3,-,없음,비 또는 눈 소식이 없어요.,05:11,19:51,2,낮음,햇볕에 민감한 분들은 자외선 차단제를 발라주세요.,좋음,13,좋음,21,좋음,50.0,,대기질에 이상이 없어요.,
2026-06-06T06:39:39.409138+09:00,홍대입구역(2호선),홍대입구역(2호선),POI055,KEY_4,2026-06-06 06:41,14.8,29.0,18.0,96,NE,0.5,-,없음,비 또는 눈 소식이 없어요.,05:11,19:51,2,낮음,햇볕에 민감한 분들은 자외선 차단제를 발라주세요.,좋음,8,좋음,21,보통,57.0,,호흡기가 예민하신 분들은 몸상태 유의하며 활동해주세요.,
2026-06-06T06:39:39.409138+09:00,회기역,회기역,POI056,KEY_1,2026-06-06 06:41,16.8,29.0,19.0,77,NE,1.1,-,없음,비 또는 눈 소식이 없어요.,05:11,19:51,2,낮음,햇볕에 민감한 분들은 자외선 차단제를 발라주세요.,보통,16,좋음,22,좋음,47.0,,대기질에 이상이 없어요.,
2026-06-06T07:35:37.586080+09:00,경복궁,경복궁,POI008,KEY_1,2026-06-06 07:30,16.5,29.0,19.0,82,NNE,1.2,-,없음,비 또는 눈 소식이 없어요.,05:11,19:51,2,낮음,햇볕에 민감한 분들은 자외선 차단제를 발라주세요.,좋음,15,좋음,16,좋음,50.0,,대기질에 이상이 없어요.,
2026-06-06T07:35:37.586080+09:00,광화문·덕수궁,광화문·덕수궁,POI009,KEY_2,2026-06-06 07:30,16.5,29.0,19.0,82,NNE,1.2,-,없음,비 또는 눈 소식이 없어요.,05:11,19:51,2,낮음,햇볕에 민감한 분들은 자외선 차단제를 발라주세요.,좋음,15,좋음,16,좋음,50.0,,대기질에 이상이 없어요.,
2026-06-06T07:35:37.586080+09:00,보신각,보신각,POI010,KEY_3,2026-06-06 07:30,16.5,29.0,19.0,82,NNE,1.2,-,없음,비 또는 눈 소식이 없어요.,05:11,19:51,2,낮음,햇볕에 민감한 분들은 자외선 차단제를 발라주세요.,좋음,15,좋음,16,좋음,50.0,,대기질에 이상이 없어요.,
2026-06-06T07:35:37.586080+09:00,서울 암사동 유적,서울 암사동 유적,POI011,KEY_4,2026-06-06 07:30,17.1,29.0,18.0,80,NNE,0.9,-,없음,비 또는 눈 소식이 없어요.,05:11,19:51,2,낮음,햇볕에 민감한 분들은 자외선 차단제를 발라주세요.,좋음,11,좋음,19,좋음,42.0,,대기질에 이상이 없어요.,
2026-06-06T07:35:37.586080+09:00,창덕궁·종묘,창덕궁·종묘,POI012,KEY_1,2026-06-06 07:30,16.5,29.0,19.0,82,NNE,1.2,-,없음,비 또는 눈 소식이 없어요.,05:11,19:51,2,낮음,햇볕에 민감한 분들은 자외선 차단제를 발라주세요.,좋음,15,좋음,16,좋음,50.0,,대기질에 이상이 없어요.,
2026-06-06T07:35:37.586080+09:00,강남 MICE 관광특구,강남 MICE 관광특구,POI001,KEY_2,2026-06-06 07:30,16.8,29.0,18.0,85,E,0.8,-,없음,비 또는 눈 소식이 없어요.,05:11,19:51,2,낮음,햇볕에 민감한 분들은 자외선 차단제를 발라주세요.,좋음,12,좋음,27,좋음,45.0,,대기질에 이상이 없어요.,
2026-06-06T07:35:37.586080+09:00,동대문 관광특구,동대문 관광특구,POI002,KEY_3,2026-06-06 07:30,16.5,29.0,19.0,82,NNE,1.2,-,없음,비 또는 눈 소식이 없어요.,05:11,19:51,2,낮음,햇볕에 민감한 분들은 자외선 차단제를 발라주세요.,좋음,15,좋음,16,좋음,50.0,,대기질에 이상이 없어요.,
2026-06-06T07:35:37.586080+09:00,명동 관광특구,명동 관광특구,POI003,KEY_4,2026-06-06 07:30,16.5,29.0,19.0,82,NNE,1.2,-,없음,비 또는 눈 소식이 없어요.,05:11,19:51,2,낮음,햇볕에 민감한 분들은 자외선 차단제를 발라주세요.,좋음,14,좋음,23,좋음,40.0,,대기질에 이상이 없어요.,
2026-06-06T07:35:37.586080+09:00,이태원 관광특구,이태원 관광특구,POI004,KEY_1,2026-06-06 07:30,18.1,29.0,19.0,76,E,1.0,-,없음,비 또는 눈 소식이 없어요.,05:11,19:51,2,낮음,햇볕에 민감한 분들은 자외선 차단제를 발라주세요.,좋음,13,좋음,26,좋음,47.0,,대기질에 이상이 없어요.,
2026-06-06T07:35:37.586080+09:00,잠실 관광특구,잠실 관광특구,POI005,KEY_2,2026-06-06 07:30,18.2,29.0,19.0,77,NE,1.0,-,없음,비 또는 눈 소식이 없어요.,05:11,19:51,2,낮음,햇볕에 민감한 분들은 자외선 차단제를 발라주세요.,좋음,12,좋음,19,좋음,41.0,,대기질에 이상이 없어요.,
2026-06-06T07:35:37.586080+09:00,종로·청계 관광특구,종로·청계 관광특구,POI006,KEY_3,2026-06-06 07:30,16.5,29.0,19.0,82,NNE,1.2,-,없음,비 또는 눈 소식이 없어요.,05:11,19:51,2,낮음,햇볕에 민감한 분들은 자외선 차단제를 발라주세요.,좋음,15,좋음,16,좋음,50.0,,대기질에 이상이 없어요.,
2026-06-06T07:35:37.586080+09:00,홍대 관광특구,홍대 관광특구,POI007,KEY_4,2026-06-06 07:30,18.8,29.0,19.0,82,NE,1.1,-,없음,비 또는 눈 소식이 없어요.,05:11,19:51,2,낮음,햇볕에 민감한 분들은 자외선 차단제를 발라주세요.,좋음,9,좋음,21,보통,53.0,,호흡기가 예민하신 분들은 몸상태 유의하며 활동해주세요.,
2026-06-06T07:35:37.586080+09:00,강서한강공원,강서한강공원,POI085,KEY_1,2026-06-06 07:30,17.9,30.0,19.0,86,ENE,0.3,-,없음,비 또는 눈 소식이 없어요.,05:11,19:51,2,낮음,햇볕에 민감한 분들은 자외선 차단제를 발라주세요.,좋음,11,좋음,24,보통,52.0,,호흡기가 예민하신 분들은 몸상태 유의하며 활동해주세요.,
2026-06-06T07:35:37.586080+09:00,고척돔,고척돔,POI086,KEY_2,2026-06-06 07:30,17.4,29.0,20.0,85,E,1.1,-,없음,비 또는 눈 소식이 없어요.,05:11,19:51,2,낮음,햇볕에 민감한 분들은 자외선 차단제를 발라주세요.,보통,20,보통,31,보통,64.0,,호흡기가 예민하신 분들은 몸상태 유의하며 활동해주세요.,
2026-06-06T07:35:37.586080+09:00,광나루한강공원,광나루한강공원,POI087,KEY_3,2026-06-06 07:30,18.2,29.0,19.0,77,NE,1.0,-,없음,비 또는 눈 소식이 없어요.,05:11,19:51,2,낮음,햇볕에 민감한 분들은 자외선 차단제를 발라주세요.,좋음,11,좋음,19,좋음,42.0,,대기질에 이상이 없어요.,
2026-06-06T07:35:37.586080+09:00,광화문광장,광화문광장,POI088,KEY_4,2026-06-06 07:30,16.5,29.0,19.0,82,NNE,1.2,-,없음,비 또는 눈 소식이 없어요.,05:11,19:51,2,낮음,햇볕에 민감한 분들은 자외선 차단제를 발라주세요.,좋음,15,좋음,16,좋음,50.0,,대기질에 이상이 없어요.,
2026-06-06T07:35:37.586080+09:00,국립중앙박물관·용산가족공원,국립중앙박물관·용산가족공원,POI089,KEY_1,2026-06-06 07:30,18.1,29.0,19.0,76,E,1.0,-,없음,비 또는 눈 소식이 없어요.,05:11,19:51,2,낮음,햇볕에 민감한 분들은 자외선 차단제를 발라주세요.,좋음,13,좋음,26,좋음,47.0,,대기질에 이상이 없어요.,
2026-06-06T07:35:37.586080+09:00,난지한강공원,난지한강공원,POI090,KEY_2,2026-06-06 07:30,17.9,29.0,18.0,86,ENE,0.3,-,없음,비 또는 눈 소식이 없어요.,05:11,19:51,2,낮음,햇볕에 민감한 분들은 자외선 차단제를 발라주세요.,좋음,11,좋음,24,보통,52.0,,호흡기가 예민하신 분들은 몸상태 유의하며 활동해주세요.,
2026-06-06T07:35:37.586080+09:00,남산공원,남산공원,POI091,KEY_3,2026-06-06 07:30,16.5,29.0,19.0,82,NNE,1.2,-,없음,비 또는 눈 소식이 없어요.,05:11,19:51,2,낮음,햇볕에 민감한 분들은 자외선 차단제를 발라주세요.,좋음,14,좋음,23,좋음,40.0,,대기질에 이상이 없어요.,
2026-06-06T07:35:37.586080+09:00,노들섬,노들섬,POI092,KEY_4,2026-06-06 07:30,18.8,29.0,19.0,82,NE,1.1,-,없음,비 또는 눈 소식이 없어요.,05:11,19:51,2,낮음,햇볕에 민감한 분들은 자외선 차단제를 발라주세요.,좋음,13,좋음,26,좋음,47.0,,대기질에 이상이 없어요.,
2026-06-06T07:35:37.586080+09:00,뚝섬한강공원,뚝섬한강공원,POI093,KEY_1,2026-06-06 07:30,18.1,29.0,19.0,76,E,1.0,-,없음,비 또는 눈 소식이 없어요.,05:11,19:51,2,낮음,햇볕에 민감한 분들은 자외선 차단제를 발라주세요.,좋음,13,좋음,27,좋음,47.0,,대기질에 이상이 없어요.,
2026-06-06T07:35:37.586080+09:00,망원한강공원,망원한강공원,POI094,KEY_2,2026-06-06 07:30,18.8,29.0,19.0,82,NE,1.1,-,없음,비 또는 눈 소식이 없어요.,05:11,19:51,2,낮음,햇볕에 민감한 분들은 자외선 차단제를 발라주세요.,좋음,9,좋음,21,보통,53.0,,호흡기가 예민하신 분들은 몸상태 유의하며 활동해주세요.,
2026-06-06T07:35:37.586080+09:00,반포한강공원,반포한강공원,POI095,KEY_3,2026-06-06 07:30,18.1,29.0,19.0,76,E,1.0,-,없음,비 또는 눈 소식이 없어요.,05:11,19:51,2,낮음,햇볕에 민감한 분들은 자외선 차단제를 발라주세요.,좋음,13,좋음,26,좋음,47.0,,대기질에 이상이 없어요.,
2026-06-06T07:35:37.586080+09:00,보라매공원,보라매공원,POI123,KEY_4,2026-06-06 07:30,17.9,29.0,19.0,84,E,0.3,-,없음,비 또는 눈 소식이 없어요.,05:11,19:51,2,낮음,햇볕에 민감한 분들은 자외선 차단제를 발라주세요.,좋음,14,좋음,21,좋음,47.0,,대기질에 이상이 없어요.,
2026-06-06T07:35:37.586080+09:00,북서울꿈의숲,북서울꿈의숲,POI096,KEY_1,2026-06-06 07:30,16.7,29.0,18.0,82,SSE,0.3,-,없음,비 또는 눈 소식이 없어요.,05:11,19:51,2,낮음,햇볕에 민감한 분들은 자외선 차단제를 발라주세요.,좋음,12,좋음,20,좋음,40.0,,대기질에 이상이 없어요.,
2026-06-06T07:35:37.586080+09:00,서대문독립공원,서대문독립공원,POI124,KEY_2,2026-06-06 07:30,16.5,29.0,19.0,82,NNE,1.2,-,없음,비 또는 눈 소식이 없어요.,05:11,19:51,2,낮음,햇볕에 민감한 분들은 자외선 차단제를 발라주세요.,좋음,15,좋음,16,좋음,50.0,,대기질에 이상이 없어요.,
2026-06-06T07:35:37.586080+09:00,서리풀공원·몽마르뜨공원,서리풀공원·몽마르뜨공원,POI098,KEY_3,2026-06-06 07:30,16.5,30.0,18.0,96,SE,0.1,-,없음,비 또는 눈 소식이 없어요.,05:11,19:51,2,낮음,햇볕에 민감한 분들은 자외선 차단제를 발라주세요.,좋음,15,좋음,24,좋음,44.0,,대기질에 이상이 없어요.,
2026-06-06T07:35:37.586080+09:00,서울숲공원,서울숲공원,POI101,KEY_1,2026-06-06 07:30,18.1,29.0,19.0,76,E,1.0,-,없음,비 또는 눈 소식이 없어요.,05:11,19:51,2,낮음,햇볕에 민감한 분들은 자외선 차단제를 발라주세요.,좋음,13,좋음,23,좋음,43.0,,대기질에 이상이 없어요.,
2026-06-06T07:35:37.586080+09:00,송현녹지광장,송현녹지광장,POI129,KEY_2,2026-06-06 07:30,16.5,29.0,19.0,82,NNE,1.2,-,없음,비 또는 눈 소식이 없어요.,05:11,19:51,2,낮음,햇볕에 민감한 분들은 자외선 차단제를 발라주세요.,좋음,15,좋음,16,좋음,50.0,,대기질에 이상이 없어요.,
2026-06-06T07:35:37.586080+09:00,아차산,아차산,POI102,KEY_3,2026-06-06 07:30,17.9,29.0,19.0,72,NNE,1.4,-,없음,비 또는 눈 소식이 없어요.,05:11,19:51,2,낮음,햇볕에 민감한 분들은 자외선 차단제를 발라주세요.,좋음,13,좋음,27,좋음,47.0,,대기질에 이상이 없어요.,
2026-06-06T07:35:37.586080+09:00,안양천,안양천,POI125,KEY_4,2026-06-06 07:30,18.5,29.0,19.0,83,E,0.5,-,없음,비 또는 눈 소식이 없어요.,05:11,19:51,2,낮음,햇볕에 민감한 분들은 자외선 차단제를 발라주세요.,좋음,11,좋음,26,보통,58.0,,호흡기가 예민하신 분들은 몸상태 유의하며 활동해주세요.,
2026-06-06T07:35:37.586080+09:00,양화한강공원,양화한강공원,POI103,KEY_1,2026-06-06 07:30,18.5,29.0,19.0,83,E,0.5,-,없음,비 또는 눈 소식이 없어요.,05:11,19:51,2,낮음,햇볕에 민감한 분들은 자외선 차단제를 발라주세요.,좋음,14,좋음,20,보통,57.0,,호흡기가 예민하신 분들은 몸상태 유의하며 활동해주세요.,
2026-06-06T07:35:37.586080+09:00,어린이대공원,어린이대공원,POI104,KEY_2,2026-06-06 07:30,18.2,29.0,19.0,77,NE,1.0,-,없음,비 또는 눈 소식이 없어요.,05:11,19:51,2,낮음,햇볕에 민감한 분들은 자외선 차단제를 발라주세요.,좋음,13,좋음,27,좋음,47.0,,대기질에 이상이 없어요.,
2026-06-06T07:35:37.586080+09:00,여의도한강공원,여의도한강공원,POI105,KEY_3,2026-06-06 07:30,18.8,29.0,19.0,82,NE,1.1,-,없음,비 또는 눈 소식이 없어요.,05:11,19:51,2,낮음,햇볕에 민감한 분들은 자외선 차단제를 발라주세요.,좋음,14,좋음,20,보통,57.0,,호흡기가 예민하신 분들은 몸상태 유의하며 활동해주세요.,
2026-06-06T07:35:37.586080+09:00,여의서로,여의서로,POI126,KEY_4,2026-06-06 07:30,18.8,29.0,19.0,82,NE,1.1,-,없음,비 또는 눈 소식이 없어요.,05:11,19:51,2,낮음,햇볕에 민감한 분들은 자외선 차단제를 발라주세요.,좋음,14,좋음,20,보통,57.0,,호흡기가 예민하신 분들은 몸상태 유의하며 활동해주세요.,
2026-06-06T07:35:37.586080+09:00,올림픽공원,올림픽공원,POI127,KEY_1,2026-06-06 07:30,18.2,29.0,19.0,77,NE,1.0,-,없음,비 또는 눈 소식이 없어요.,05:11,19:51,2,낮음,햇볕에 민감한 분들은 자외선 차단제를 발라주세요.,좋음,12,좋음,19,좋음,41.0,,대기질에 이상이 없어요.,
2026-06-06T07:35:37.586080+09:00,월드컵공원,월드컵공원,POI106,KEY_2,2026-06-06 07:30,17.9,29.0,18.0,86,ENE,0.3,-,없음,비 또는 눈 소식이 없어요.,05:11,19:51,2,낮음,햇볕에 민감한 분들은 자외선 차단제를 발라주세요.,좋음,9,좋음,21,보통,53.0,,호흡기가 예민하신 분들은 몸상태 유의하며 활동해주세요.,
2026-06-06T07:35:37.586080+09:00,응봉산,응봉산,POI107,KEY_3,2026-06-06 07:30,18.1,29.0,19.0,76,E,1.0,-,없음,비 또는 눈 소식이 없어요.,05:11,19:51,2,낮음,햇볕에 민감한 분들은 자외선 차단제를 발라주세요.,좋음,13,좋음,23,좋음,43.0,,대기질에 이상이 없어요.,
2026-06-06T07:35:37.586080+09:00,이촌한강공원,이촌한강공원,POI108,KEY_4,2026-06-06 07:30,18.1,29.0,19.0,76,E,1.0,-,없음,비 또는 눈 소식이 없어요.,05:11,19:51,2,낮음,햇볕에 민감한 분들은 자외선 차단제를 발라주세요.,좋음,13,좋음,26,좋음,47.0,,대기질에 이상이 없어요.,
2026-06-06T07:35:37.586080+09:00,잠실종합운동장,잠실종합운동장,POI109,KEY_1,2026-06-06 07:30,18.2,29.0,19.0,74,ENE,0.5,-,없음,비 또는 눈 소식이 없어요.,05:11,19:51,2,낮음,햇볕에 민감한 분들은 자외선 차단제를 발라주세요.,좋음,12,좋음,19,좋음,41.0,,대기질에 이상이 없어요.,
2026-06-06T07:35:37.586080+09:00,잠실한강공원,잠실한강공원,POI110,KEY_2,2026-06-06 07:30,18.2,29.0,19.0,77,NE,1.0,-,없음,비 또는 눈 소식이 없어요.,05:11,19:51,2,낮음,햇볕에 민감한 분들은 자외선 차단제를 발라주세요.,좋음,13,좋음,27,좋음,47.0,,대기질에 이상이 없어요.,
2026-06-06T07:35:37.586080+09:00,잠원한강공원,잠원한강공원,POI111,KEY_3,2026-06-06 07:30,18.1,29.0,19.0,76,E,1.0,-,없음,비 또는 눈 소식이 없어요.,05:11,19:51,2,낮음,햇볕에 민감한 분들은 자외선 차단제를 발라주세요.,좋음,12,좋음,27,좋음,45.0,,대기질에 이상이 없어요.,
2026-06-06T07:35:37.586080+09:00,청계산,청계산,POI112,KEY_4,2026-06-06 07:30,15.5,29.0,18.0,99,ENE,0.7,-,없음,비 또는 눈 소식이 없어요.,05:11,19:51,2,낮음,햇볕에 민감한 분들은 자외선 차단제를 발라주세요.,좋음,15,좋음,24,좋음,44.0,,대기질에 이상이 없어요.,
2026-06-06T07:35:37.586080+09:00,홍제폭포,홍제폭포,POI128,KEY_1,2026-06-06 07:30,15.5,29.0,18.0,95,SE,0.1,-,없음,비 또는 눈 소식이 없어요.,05:11,19:51,2,낮음,햇볕에 민감한 분들은 자외선 차단제를 발라주세요.,좋음,11,좋음,20,좋음,40.0,,대기질에 이상이 없어요.,
2026-06-06T07:35:37.586080+09:00,가락시장,가락시장,POI058,KEY_2,2026-06-06 07:30,18.2,29.0,19.0,74,ENE,0.5,-,없음,비 또는 눈 소식이 없어요.,05:11,19:51,2,낮음,햇볕에 민감한 분들은 자외선 차단제를 발라주세요.,좋음,12,좋음,19,좋음,41.0,,대기질에 이상이 없어요.,
2026-06-06T07:35:37.586080+09:00,가로수길,가로수길,POI059,KEY_3,2026-06-06 07:30,18.1,29.0,19.0,76,E,1.0,-,없음,비 또는 눈 소식이 없어요.,05:11,19:51,2,낮음,햇볕에 민감한 분들은 자외선 차단제를 발라주세요.,좋음,12,좋음,27,좋음,45.0,,대기질에 이상이 없어요.,
2026-06-06T07:35:37.586080+09:00,광장(전통)시장,광장(전통)시장,POI060,KEY_4,2026-06-06 07:30,16.5,29.0,19.0,82,NNE,1.2,-,없음,비 또는 눈 소식이 없어요.,05:11,19:51,2,낮음,햇볕에 민감한 분들은 자외선 차단제를 발라주세요.,좋음,15,좋음,16,좋음,50.0,,대기질에 이상이 없어요.,
2026-06-06T07:35:37.586080+09:00,김포공항,김포공항,POI061,KEY_1,2026-06-06 07:30,17.9,30.0,19.0,86,ENE,0.3,-,없음,비 또는 눈 소식이 없어요.,05:11,19:51,2,낮음,햇볕에 민감한 분들은 자외선 차단제를 발라주세요.,좋음,11,좋음,24,보통,52.0,,호흡기가 예민하신 분들은 몸상태 유의하며 활동해주세요.,
2026-06-06T07:35:37.586080+09:00,남대문시장,남대문시장,POI115,KEY_2,2026-06-06 07:30,16.5,29.0,19.0,82,NNE,1.2,-,없음,비 또는 눈 소식이 없어요.,05:11,19:51,2,낮음,햇볕에 민감한 분들은 자외선 차단제를 발라주세요.,좋음,14,좋음,23,좋음,40.0,,대기질에 이상이 없어요.,
2026-06-06T07:35:37.586080+09:00,노량진,노량진,POI063,KEY_3,2026-06-06 07:30,17.9,29.0,19.0,84,E,0.3,-,없음,비 또는 눈 소식이 없어요.,05:11,19:51,2,낮음,햇볕에 민감한 분들은 자외선 차단제를 발라주세요.,좋음,14,좋음,21,좋음,47.0,,대기질에 이상이 없어요.,
2026-06-06T07:35:37.586080+09:00,덕수궁길·정동길,덕수궁길·정동길,POI064,KEY_4,2026-06-06 07:30,16.5,29.0,19.0,82,NNE,1.2,-,없음,비 또는 눈 소식이 없어요.,05:11,19:51,2,낮음,햇볕에 민감한 분들은 자외선 차단제를 발라주세요.,좋음,15,좋음,16,좋음,50.0,,대기질에 이상이 없어요.,
2026-06-06T07:35:37.586080+09:00,북창동 먹자골목,북창동 먹자골목,POI114,KEY_1,2026-06-06 07:30,16.5,29.0,19.0,82,NNE,1.2,-,없음,비 또는 눈 소식이 없어요.,05:11,19:51,2,낮음,햇볕에 민감한 분들은 자외선 차단제를 발라주세요.,좋음,14,좋음,23,좋음,40.0,,대기질에 이상이 없어요.,
2026-06-06T07:35:37.586080+09:00,북촌한옥마을,북촌한옥마을,POI066,KEY_2,2026-06-06 07:30,16.5,29.0,19.0,82,NNE,1.2,-,없음,비 또는 눈 소식이 없어요.,05:11,19:51,2,낮음,햇볕에 민감한 분들은 자외선 차단제를 발라주세요.,좋음,15,좋음,16,좋음,50.0,,대기질에 이상이 없어요.,
2026-06-06T07:35:37.586080+09:00,서촌,서촌,POI067,KEY_3,2026-06-06 07:30,16.5,29.0,19.0,82,NNE,1.2,-,없음,비 또는 눈 소식이 없어요.,05:11,19:51,2,낮음,햇볕에 민감한 분들은 자외선 차단제를 발라주세요.,좋음,15,좋음,16,좋음,50.0,,대기질에 이상이 없어요.,
2026-06-06T07:35:37.586080+09:00,성수카페거리,성수카페거리,POI068,KEY_4,2026-06-06 07:30,18.1,29.0,19.0,76,E,1.0,-,없음,비 또는 눈 소식이 없어요.,05:11,19:51,2,낮음,햇볕에 민감한 분들은 자외선 차단제를 발라주세요.,좋음,13,좋음,23,좋음,43.0,,대기질에 이상이 없어요.,
2026-06-06T07:35:37.586080+09:00,송리단길·호수단길,송리단길·호수단길,POI121,KEY_1,2026-06-06 07:30,18.2,29.0,19.0,74,ENE,0.5,-,없음,비 또는 눈 소식이 없어요.,05:11,19:51,2,낮음,햇볕에 민감한 분들은 자외선 차단제를 발라주세요.,좋음,12,좋음,19,좋음,41.0,,대기질에 이상이 없어요.,
2026-06-06T07:35:37.586080+09:00,신촌 스타광장,신촌 스타광장,POI122,KEY_2,2026-06-06 07:30,18.8,29.0,19.0,82,NE,1.1,-,없음,비 또는 눈 소식이 없어요.,05:11,19:51,2,낮음,햇볕에 민감한 분들은 자외선 차단제를 발라주세요.,좋음,11,좋음,20,좋음,40.0,,대기질에 이상이 없어요.,
2026-06-06T07:35:37.586080+09:00,압구정로데오거리,압구정로데오거리,POI071,KEY_3,2026-06-06 07:30,18.1,29.0,19.0,76,E,1.0,-,없음,비 또는 눈 소식이 없어요.,05:11,19:51,2,낮음,햇볕에 민감한 분들은 자외선 차단제를 발라주세요.,좋음,12,좋음,27,좋음,45.0,,대기질에 이상이 없어요.,
2026-06-06T07:35:37.586080+09:00,여의도,여의도,POI072,KEY_4,2026-06-06 07:30,18.8,29.0,19.0,82,NE,1.1,-,없음,비 또는 눈 소식이 없어요.,05:11,19:51,2,낮음,햇볕에 민감한 분들은 자외선 차단제를 발라주세요.,좋음,14,좋음,20,보통,57.0,,호흡기가 예민하신 분들은 몸상태 유의하며 활동해주세요.,
2026-06-06T07:35:37.586080+09:00,연남동,연남동,POI073,KEY_1,2026-06-06 07:30,15.5,29.0,18.0,95,SE,0.1,-,없음,비 또는 눈 소식이 없어요.,05:11,19:51,2,낮음,햇볕에 민감한 분들은 자외선 차단제를 발라주세요.,좋음,9,좋음,21,보통,53.0,,호흡기가 예민하신 분들은 몸상태 유의하며 활동해주세요.,
2026-06-06T07:35:37.586080+09:00,영등포 타임스퀘어,영등포 타임스퀘어,POI074,KEY_2,2026-06-06 07:30,18.8,29.0,19.0,82,NE,1.1,-,없음,비 또는 눈 소식이 없어요.,05:11,19:51,2,낮음,햇볕에 민감한 분들은 자외선 차단제를 발라주세요.,좋음,14,좋음,20,보통,57.0,,호흡기가 예민하신 분들은 몸상태 유의하며 활동해주세요.,
2026-06-06T07:35:37.586080+09:00,용리단길,용리단길,POI076,KEY_3,2026-06-06 07:30,18.1,29.0,19.0,76,E,1.0,-,없음,비 또는 눈 소식이 없어요.,05:11,19:51,2,낮음,햇볕에 민감한 분들은 자외선 차단제를 발라주세요.,좋음,13,좋음,26,좋음,47.0,,대기질에 이상이 없어요.,
2026-06-06T07:35:37.586080+09:00,이태원 앤틱가구거리,이태원 앤틱가구거리,POI077,KEY_4,2026-06-06 07:30,18.1,29.0,19.0,76,E,1.0,-,없음,비 또는 눈 소식이 없어요.,05:11,19:51,2,낮음,햇볕에 민감한 분들은 자외선 차단제를 발라주세요.,좋음,13,좋음,26,좋음,47.0,,대기질에 이상이 없어요.,
2026-06-06T07:35:37.586080+09:00,익선동,익선동,POI116,KEY_1,2026-06-06 07:30,16.5,29.0,19.0,82,NNE,1.2,-,없음,비 또는 눈 소식이 없어요.,05:11,19:51,2,낮음,햇볕에 민감한 분들은 자외선 차단제를 발라주세요.,좋음,15,좋음,16,좋음,50.0,,대기질에 이상이 없어요.,
2026-06-06T07:35:37.586080+09:00,인사동,인사동,POI078,KEY_2,2026-06-06 07:30,16.5,29.0,19.0,82,NNE,1.2,-,없음,비 또는 눈 소식이 없어요.,05:11,19:51,2,낮음,햇볕에 민감한 분들은 자외선 차단제를 발라주세요.,좋음,15,좋음,16,좋음,50.0,,대기질에 이상이 없어요.,
2026-06-06T07:35:37.586080+09:00,잠실롯데타워·석촌호수,잠실롯데타워·석촌호수,POI120,KEY_3,2026-06-06 07:30,18.2,29.0,19.0,77,NE,1.0,-,없음,비 또는 눈 소식이 없어요.,05:11,19:51,2,낮음,햇볕에 민감한 분들은 자외선 차단제를 발라주세요.,좋음,12,좋음,19,좋음,41.0,,대기질에 이상이 없어요.,
2026-06-06T07:35:37.586080+09:00,창동 신경제 중심지,창동 신경제 중심지,POI079,KEY_4,2026-06-06 07:30,15.3,29.0,18.0,87,S,0.8,-,없음,비 또는 눈 소식이 없어요.,05:11,19:51,2,낮음,햇볕에 민감한 분들은 자외선 차단제를 발라주세요.,좋음,13,좋음,25,좋음,40.0,,대기질에 이상이 없어요.,
2026-06-06T07:35:37.586080+09:00,청담동 명품거리,청담동 명품거리,POI080,KEY_1,2026-06-06 07:30,18.1,29.0,19.0,76,E,1.0,-,없음,비 또는 눈 소식이 없어요.,05:11,19:51,2,낮음,햇볕에 민감한 분들은 자외선 차단제를 발라주세요.,좋음,12,좋음,27,좋음,45.0,,대기질에 이상이 없어요.,
2026-06-06T07:35:37.586080+09:00,청량리 제기동 일대 전통시장,청량리 제기동 일대 전통시장,POI081,KEY_2,2026-06-06 07:30,18.6,29.0,19.0,72,NNE,0.7,-,없음,비 또는 눈 소식이 없어요.,05:11,19:51,2,낮음,햇볕에 민감한 분들은 자외선 차단제를 발라주세요.,좋음,12,좋음,19,좋음,47.0,,대기질에 이상이 없어요.,
2026-06-06T07:35:37.586080+09:00,해방촌·경리단길,해방촌·경리단길,POI082,KEY_3,2026-06-06 07:30,18.1,29.0,19.0,76,E,1.0,-,없음,비 또는 눈 소식이 없어요.,05:11,19:51,2,낮음,햇볕에 민감한 분들은 자외선 차단제를 발라주세요.,좋음,13,좋음,26,좋음,47.0,,대기질에 이상이 없어요.,
2026-06-06T07:35:37.586080+09:00,DDP(동대문디자인플라자),DDP(동대문디자인플라자),POI083,KEY_4,2026-06-06 07:30,16.5,29.0,19.0,82,NNE,1.2,-,없음,비 또는 눈 소식이 없어요.,05:11,19:51,2,낮음,햇볕에 민감한 분들은 자외선 차단제를 발라주세요.,좋음,15,좋음,16,좋음,50.0,,대기질에 이상이 없어요.,
2026-06-06T07:35:37.586080+09:00,DMC(디지털미디어시티),DMC(디지털미디어시티),POI084,KEY_1,2026-06-06 07:30,17.9,29.0,18.0,86,ENE,0.3,-,없음,비 또는 눈 소식이 없어요.,05:11,19:51,2,낮음,햇볕에 민감한 분들은 자외선 차단제를 발라주세요.,좋음,9,좋음,21,보통,53.0,,호흡기가 예민하신 분들은 몸상태 유의하며 활동해주세요.,
2026-06-06T07:35:37.586080+09:00,강남역,강남역,POI014,KEY_3,2026-06-06 07:30,16.8,29.0,18.0,85,E,0.8,-,없음,비 또는 눈 소식이 없어요.,05:11,19:51,2,낮음,햇볕에 민감한 분들은 자외선 차단제를 발라주세요.,좋음,15,좋음,24,좋음,44.0,,대기질에 이상이 없어요.,
2026-06-06T07:35:37.586080+09:00,건대입구역,건대입구역,POI015,KEY_4,2026-06-06 07:30,18.1,29.0,19.0,76,E,1.0,-,없음,비 또는 눈 소식이 없어요.,05:11,19:51,2,낮음,햇볕에 민감한 분들은 자외선 차단제를 발라주세요.,좋음,13,좋음,27,좋음,47.0,,대기질에 이상이 없어요.,
2026-06-06T07:35:37.586080+09:00,고덕역,고덕역,POI016,KEY_1,2026-06-06 07:30,16.0,29.0,18.0,88,NE,1.8,-,없음,비 또는 눈 소식이 없어요.,05:11,19:51,2,낮음,햇볕에 민감한 분들은 자외선 차단제를 발라주세요.,좋음,11,좋음,19,좋음,42.0,,대기질에 이상이 없어요.,
2026-06-06T07:35:37.586080+09:00,고속터미널역,고속터미널역,POI017,KEY_2,2026-06-06 07:30,16.5,30.0,18.0,96,SE,0.1,-,없음,비 또는 눈 소식이 없어요.,05:11,19:51,2,낮음,햇볕에 민감한 분들은 자외선 차단제를 발라주세요.,좋음,15,좋음,24,좋음,44.0,,대기질에 이상이 없어요.,
2026-06-06T07:35:37.586080+09:00,교대역,교대역,POI018,KEY_3,2026-06-06 07:30,16.8,29.0,18.0,85,E,0.8,-,없음,비 또는 눈 소식이 없어요.,05:11,19:51,2,낮음,햇볕에 민감한 분들은 자외선 차단제를 발라주세요.,좋음,15,좋음,24,좋음,44.0,,대기질에 이상이 없어요.,
2026-06-06T07:35:37.586080+09:00,구로디지털단지역,구로디지털단지역,POI019,KEY_4,2026-06-06 07:30,17.4,29.0,20.0,85,E,1.1,-,없음,비 또는 눈 소식이 없어요.,05:11,19:51,2,낮음,햇볕에 민감한 분들은 자외선 차단제를 발라주세요.,보통,20,보통,31,보통,64.0,,호흡기가 예민하신 분들은 몸상태 유의하며 활동해주세요.,
2026-06-06T07:35:37.586080+09:00,구로역,구로역,POI020,KEY_1,2026-06-06 07:30,17.4,29.0,20.0,85,E,1.1,-,없음,비 또는 눈 소식이 없어요.,05:11,19:51,2,낮음,햇볕에 민감한 분들은 자외선 차단제를 발라주세요.,보통,20,보통,31,보통,64.0,,호흡기가 예민하신 분들은 몸상태 유의하며 활동해주세요.,
2026-06-06T07:35:37.586080+09:00,군자역,군자역,POI021,KEY_2,2026-06-06 07:30,17.9,29.0,19.0,72,NNE,1.4,-,없음,비 또는 눈 소식이 없어요.,05:11,19:51,2,낮음,햇볕에 민감한 분들은 자외선 차단제를 발라주세요.,좋음,13,좋음,27,좋음,47.0,,대기질에 이상이 없어요.,
2026-06-06T07:35:37.586080+09:00,대림역,대림역,POI023,KEY_3,2026-06-06 07:30,17.4,29.0,20.0,85,E,1.1,-,없음,비 또는 눈 소식이 없어요.,05:11,19:51,2,낮음,햇볕에 민감한 분들은 자외선 차단제를 발라주세요.,좋음,14,좋음,20,보통,57.0,,호흡기가 예민하신 분들은 몸상태 유의하며 활동해주세요.,
2026-06-06T07:35:37.586080+09:00,동대문역,동대문역,POI024,KEY_4,2026-06-06 07:30,16.5,29.0,19.0,82,NNE,1.2,-,없음,비 또는 눈 소식이 없어요.,05:11,19:51,2,낮음,햇볕에 민감한 분들은 자외선 차단제를 발라주세요.,좋음,15,좋음,16,좋음,50.0,,대기질에 이상이 없어요.,
2026-06-06T07:35:37.586080+09:00,뚝섬역,뚝섬역,POI025,KEY_1,2026-06-06 07:30,18.1,29.0,19.0,76,E,1.0,-,없음,비 또는 눈 소식이 없어요.,05:11,19:51,2,낮음,햇볕에 민감한 분들은 자외선 차단제를 발라주세요.,좋음,13,좋음,23,좋음,43.0,,대기질에 이상이 없어요.,
2026-06-06T07:35:37.586080+09:00,미아사거리역,미아사거리역,POI026,KEY_2,2026-06-06 07:30,16.7,29.0,18.0,82,SSE,0.3,-,없음,비 또는 눈 소식이 없어요.,05:11,19:51,2,낮음,햇볕에 민감한 분들은 자외선 차단제를 발라주세요.,좋음,12,좋음,20,좋음,40.0,,대기질에 이상이 없어요.,
2026-06-06T07:35:37.586080+09:00,발산역,발산역,POI027,KEY_3,2026-06-06 07:30,17.9,30.0,19.0,86,ENE,0.3,-,없음,비 또는 눈 소식이 없어요.,05:11,19:51,2,낮음,햇볕에 민감한 분들은 자외선 차단제를 발라주세요.,좋음,11,좋음,24,보통,52.0,,호흡기가 예민하신 분들은 몸상태 유의하며 활동해주세요.,
2026-06-06T07:35:37.586080+09:00,사당역,사당역,POI029,KEY_4,2026-06-06 07:30,16.5,30.0,18.0,96,SE,0.1,-,없음,비 또는 눈 소식이 없어요.,05:11,19:51,2,낮음,햇볕에 민감한 분들은 자외선 차단제를 발라주세요.,좋음,15,좋음,24,좋음,44.0,,대기질에 이상이 없어요.,
2026-06-06T07:35:37.586080+09:00,삼각지역,삼각지역,POI030,KEY_1,2026-06-06 07:30,18.1,29.0,19.0,76,E,1.0,-,없음,비 또는 눈 소식이 없어요.,05:11,19:51,2,낮음,햇볕에 민감한 분들은 자외선 차단제를 발라주세요.,좋음,13,좋음,26,좋음,47.0,,대기질에 이상이 없어요.,
2026-06-06T07:35:37.586080+09:00,서울대입구역,서울대입구역,POI031,KEY_2,2026-06-06 07:30,17.9,29.0,19.0,84,E,0.3,-,없음,비 또는 눈 소식이 없어요.,05:11,19:51,2,낮음,햇볕에 민감한 분들은 자외선 차단제를 발라주세요.,좋음,10,좋음,24,좋음,40.0,,대기질에 이상이 없어요.,
2026-06-06T07:35:37.586080+09:00,서울식물원·마곡나루역,서울식물원·마곡나루역,POI032,KEY_3,2026-06-06 07:30,17.9,30.0,19.0,86,ENE,0.3,-,없음,비 또는 눈 소식이 없어요.,05:11,19:51,2,낮음,햇볕에 민감한 분들은 자외선 차단제를 발라주세요.,좋음,11,좋음,24,보통,52.0,,호흡기가 예민하신 분들은 몸상태 유의하며 활동해주세요.,
2026-06-06T07:35:37.586080+09:00,서울역,서울역,POI033,KEY_4,2026-06-06 07:30,16.5,29.0,19.0,82,NNE,1.2,-,없음,비 또는 눈 소식이 없어요.,05:11,19:51,2,낮음,햇볕에 민감한 분들은 자외선 차단제를 발라주세요.,좋음,14,좋음,23,좋음,40.0,,대기질에 이상이 없어요.,
2026-06-06T07:35:37.586080+09:00,선릉역,선릉역,POI034,KEY_1,2026-06-06 07:30,16.8,29.0,18.0,85,E,0.8,-,없음,비 또는 눈 소식이 없어요.,05:11,19:51,2,낮음,햇볕에 민감한 분들은 자외선 차단제를 발라주세요.,좋음,12,좋음,27,좋음,45.0,,대기질에 이상이 없어요.,
2026-06-06T07:35:37.586080+09:00,성신여대입구역,성신여대입구역,POI035,KEY_2,2026-06-06 07:30,16.5,29.0,19.0,82,NNE,1.2,-,없음,비 또는 눈 소식이 없어요.,05:11,19:51,2,낮음,햇볕에 민감한 분들은 자외선 차단제를 발라주세요.,좋음,13,좋음,21,좋음,33.0,,대기질에 이상이 없어요.,
2026-06-06T07:35:37.586080+09:00,수유역,수유역,POI036,KEY_3,2026-06-06 07:30,16.7,29.0,18.0,82,SSE,0.3,-,없음,비 또는 눈 소식이 없어요.,05:11,19:51,2,낮음,햇볕에 민감한 분들은 자외선 차단제를 발라주세요.,좋음,12,좋음,20,좋음,40.0,,대기질에 이상이 없어요.,
2026-06-06T07:35:37.586080+09:00,숭례문,숭례문,POI131,KEY_4,2026-06-06 07:30,16.5,29.0,19.0,82,NNE,1.2,-,없음,비 또는 눈 소식이 없어요.,05:11,19:51,2,낮음,햇볕에 민감한 분들은 자외선 차단제를 발라주세요.,좋음,14,좋음,23,좋음,40.0,,대기질에 이상이 없어요.,
2026-06-06T07:35:37.586080+09:00,시의회 앞,시의회 앞,POI130,KEY_1,2026-06-06 07:30,16.5,29.0,19.0,82,NNE,1.2,-,없음,비 또는 눈 소식이 없어요.,05:11,19:51,2,낮음,햇볕에 민감한 분들은 자외선 차단제를 발라주세요.,좋음,14,좋음,23,좋음,40.0,,대기질에 이상이 없어요.,
2026-06-06T07:35:37.586080+09:00,신논현역·논현역,신논현역·논현역,POI037,KEY_2,2026-06-06 07:30,16.8,29.0,18.0,85,E,0.8,-,없음,비 또는 눈 소식이 없어요.,05:11,19:51,2,낮음,햇볕에 민감한 분들은 자외선 차단제를 발라주세요.,좋음,12,좋음,27,좋음,45.0,,대기질에 이상이 없어요.,
2026-06-06T07:35:37.586080+09:00,신도림역,신도림역,POI038,KEY_3,2026-06-06 07:30,17.9,29.0,19.0,84,E,0.3,-,없음,비 또는 눈 소식이 없어요.,05:11,19:51,2,낮음,햇볕에 민감한 분들은 자외선 차단제를 발라주세요.,좋음,14,좋음,20,보통,57.0,,호흡기가 예민하신 분들은 몸상태 유의하며 활동해주세요.,
2026-06-06T07:35:37.586080+09:00,신림역,신림역,POI039,KEY_4,2026-06-06 07:30,17.9,29.0,19.0,84,E,0.3,-,없음,비 또는 눈 소식이 없어요.,05:11,19:51,2,낮음,햇볕에 민감한 분들은 자외선 차단제를 발라주세요.,좋음,10,좋음,24,좋음,40.0,,대기질에 이상이 없어요.,
2026-06-06T07:35:37.586080+09:00,신정네거리역,신정네거리역,POI117,KEY_1,2026-06-06 07:30,18.5,29.0,19.0,83,E,0.5,-,없음,비 또는 눈 소식이 없어요.,05:11,19:51,2,낮음,햇볕에 민감한 분들은 자외선 차단제를 발라주세요.,좋음,11,좋음,26,보통,58.0,,호흡기가 예민하신 분들은 몸상태 유의하며 활동해주세요.,
2026-06-06T07:35:37.586080+09:00,신촌·이대역,신촌·이대역,POI040,KEY_2,2026-06-06 07:30,18.8,29.0,19.0,82,NE,1.1,-,없음,비 또는 눈 소식이 없어요.,05:11,19:51,2,낮음,햇볕에 민감한 분들은 자외선 차단제를 발라주세요.,좋음,11,좋음,20,좋음,40.0,,대기질에 이상이 없어요.,
2026-06-06T07:35:37.586080+09:00,쌍문역,쌍문역,POI070,KEY_3,2026-06-06 07:30,16.7,29.0,18.0,82,SSE,0.3,-,없음,비 또는 눈 소식이 없어요.,05:11,19:51,2,낮음,햇볕에 민감한 분들은 자외선 차단제를 발라주세요.,좋음,11,좋음,19,좋음,37.0,,대기질에 이상이 없어요.,
2026-06-06T07:35:37.586080+09:00,양재역,양재역,POI041,KEY_4,2026-06-06 07:30,16.8,29.0,18.0,85,E,0.8,-,없음,비 또는 눈 소식이 없어요.,05:11,19:51,2,낮음,햇볕에 민감한 분들은 자외선 차단제를 발라주세요.,좋음,15,좋음,24,좋음,44.0,,대기질에 이상이 없어요.,
2026-06-06T07:35:37.586080+09:00,역삼역,역삼역,POI042,KEY_1,2026-06-06 07:30,16.8,29.0,18.0,85,E,0.8,-,없음,비 또는 눈 소식이 없어요.,05:11,19:51,2,낮음,햇볕에 민감한 분들은 자외선 차단제를 발라주세요.,좋음,12,좋음,27,좋음,45.0,,대기질에 이상이 없어요.,
2026-06-06T07:35:37.586080+09:00,연신내역,연신내역,POI043,KEY_2,2026-06-06 07:30,13.4,29.0,17.0,90,NE,0.3,-,없음,비 또는 눈 소식이 없어요.,05:11,19:51,2,낮음,햇볕에 민감한 분들은 자외선 차단제를 발라주세요.,좋음,9,좋음,21,좋음,40.0,,대기질에 이상이 없어요.,
2026-06-06T07:35:37.586080+09:00,오목교역·목동운동장,오목교역·목동운동장,POI044,KEY_3,2026-06-06 07:30,18.5,29.0,19.0,83,E,0.5,-,없음,비 또는 눈 소식이 없어요.,05:11,19:51,2,낮음,햇볕에 민감한 분들은 자외선 차단제를 발라주세요.,좋음,11,좋음,26,보통,58.0,,호흡기가 예민하신 분들은 몸상태 유의하며 활동해주세요.,
2026-06-06T07:35:37.586080+09:00,왕십리역,왕십리역,POI045,KEY_4,2026-06-06 07:30,18.6,29.0,19.0,72,NNE,0.7,-,없음,비 또는 눈 소식이 없어요.,05:11,19:51,2,낮음,햇볕에 민감한 분들은 자외선 차단제를 발라주세요.,좋음,13,좋음,23,좋음,43.0,,대기질에 이상이 없어요.,
2026-06-06T07:35:37.586080+09:00,용산역,용산역,POI046,KEY_1,2026-06-06 07:30,18.8,29.0,19.0,82,NE,1.1,-,없음,비 또는 눈 소식이 없어요.,05:11,19:51,2,낮음,햇볕에 민감한 분들은 자외선 차단제를 발라주세요.,좋음,13,좋음,26,좋음,47.0,,대기질에 이상이 없어요.,
2026-06-06T07:35:37.586080+09:00,이태원역,이태원역,POI047,KEY_2,2026-06-06 07:30,18.1,29.0,19.0,76,E,1.0,-,없음,비 또는 눈 소식이 없어요.,05:11,19:51,2,낮음,햇볕에 민감한 분들은 자외선 차단제를 발라주세요.,좋음,13,좋음,26,좋음,47.0,,대기질에 이상이 없어요.,
2026-06-06T07:35:37.586080+09:00,잠실새내역,잠실새내역,POI118,KEY_3,2026-06-06 07:30,18.2,29.0,19.0,74,ENE,0.5,-,없음,비 또는 눈 소식이 없어요.,05:11,19:51,2,낮음,햇볕에 민감한 분들은 자외선 차단제를 발라주세요.,좋음,12,좋음,19,좋음,41.0,,대기질에 이상이 없어요.,
2026-06-06T07:35:37.586080+09:00,잠실역,잠실역,POI119,KEY_4,2026-06-06 07:30,18.2,29.0,19.0,77,NE,1.0,-,없음,비 또는 눈 소식이 없어요.,05:11,19:51,2,낮음,햇볕에 민감한 분들은 자외선 차단제를 발라주세요.,좋음,12,좋음,19,좋음,41.0,,대기질에 이상이 없어요.,
2026-06-06T07:35:37.586080+09:00,장지역,장지역,POI048,KEY_1,2026-06-06 07:30,18.2,29.0,19.0,74,ENE,0.5,-,없음,비 또는 눈 소식이 없어요.,05:11,19:51,2,낮음,햇볕에 민감한 분들은 자외선 차단제를 발라주세요.,좋음,12,좋음,19,좋음,41.0,,대기질에 이상이 없어요.,
2026-06-06T07:35:37.586080+09:00,장한평역,장한평역,POI049,KEY_2,2026-06-06 07:30,18.6,29.0,19.0,72,NNE,0.7,-,없음,비 또는 눈 소식이 없어요.,05:11,19:51,2,낮음,햇볕에 민감한 분들은 자외선 차단제를 발라주세요.,좋음,12,좋음,19,좋음,47.0,,대기질에 이상이 없어요.,
2026-06-06T07:35:37.586080+09:00,천호역,천호역,POI050,KEY_3,2026-06-06 07:30,18.2,29.0,19.0,77,NE,1.0,-,없음,비 또는 눈 소식이 없어요.,05:11,19:51,2,낮음,햇볕에 민감한 분들은 자외선 차단제를 발라주세요.,좋음,11,좋음,19,좋음,42.0,,대기질에 이상이 없어요.,
2026-06-06T07:35:37.586080+09:00,총신대입구(이수)역,총신대입구(이수)역,POI051,KEY_4,2026-06-06 07:30,16.5,30.0,18.0,96,SE,0.1,-,없음,비 또는 눈 소식이 없어요.,05:11,19:51,2,낮음,햇볕에 민감한 분들은 자외선 차단제를 발라주세요.,좋음,14,좋음,21,좋음,47.0,,대기질에 이상이 없어요.,
2026-06-06T07:35:37.586080+09:00,충정로역,충정로역,POI052,KEY_1,2026-06-06 07:30,18.8,29.0,19.0,82,NE,1.1,-,없음,비 또는 눈 소식이 없어요.,05:11,19:51,2,낮음,햇볕에 민감한 분들은 자외선 차단제를 발라주세요.,좋음,11,좋음,20,좋음,40.0,,대기질에 이상이 없어요.,
2026-06-06T07:35:37.586080+09:00,합정역,합정역,POI053,KEY_2,2026-06-06 07:30,18.8,29.0,19.0,82,NE,1.1,-,없음,비 또는 눈 소식이 없어요.,05:11,19:51,2,낮음,햇볕에 민감한 분들은 자외선 차단제를 발라주세요.,좋음,9,좋음,21,보통,53.0,,호흡기가 예민하신 분들은 몸상태 유의하며 활동해주세요.,
2026-06-06T07:35:37.586080+09:00,혜화역,혜화역,POI054,KEY_3,2026-06-06 07:30,16.5,29.0,19.0,82,NNE,1.2,-,없음,비 또는 눈 소식이 없어요.,05:11,19:51,2,낮음,햇볕에 민감한 분들은 자외선 차단제를 발라주세요.,좋음,15,좋음,16,좋음,50.0,,대기질에 이상이 없어요.,
2026-06-06T07:35:37.586080+09:00,홍대입구역(2호선),홍대입구역(2호선),POI055,KEY_4,2026-06-06 07:30,15.5,29.0,18.0,95,SE,0.1,-,없음,비 또는 눈 소식이 없어요.,05:11,19:51,2,낮음,햇볕에 민감한 분들은 자외선 차단제를 발라주세요.,좋음,9,좋음,21,보통,53.0,,호흡기가 예민하신 분들은 몸상태 유의하며 활동해주세요.,
2026-06-06T07:35:37.586080+09:00,회기역,회기역,POI056,KEY_1,2026-06-06 07:30,18.6,29.0,19.0,72,NNE,0.7,-,없음,비 또는 눈 소식이 없어요.,05:11,19:51,2,낮음,햇볕에 민감한 분들은 자외선 차단제를 발라주세요.,좋음,12,좋음,19,좋음,47.0,,대기질에 이상이 없어요.,
2026-06-06T08:35:38.503180+09:00,경복궁,경복궁,POI008,KEY_1,2026-06-06 08:30,18.9,29.0,19.0,75,NNE,1.8,-,없음,비 또는 눈 소식이 없어요.,05:11,19:51,2,낮음,햇볕에 민감한 분들은 자외선 차단제를 발라주세요.,좋음,15,좋음,19,좋음,50.0,,대기질에 이상이 없어요.,
2026-06-06T08:35:38.503180+09:00,광화문·덕수궁,광화문·덕수궁,POI009,KEY_2,2026-06-06 08:30,18.9,29.0,19.0,75,NNE,1.8,-,없음,비 또는 눈 소식이 없어요.,05:11,19:51,2,낮음,햇볕에 민감한 분들은 자외선 차단제를 발라주세요.,좋음,15,좋음,19,좋음,50.0,,대기질에 이상이 없어요.,
2026-06-06T08:35:38.503180+09:00,보신각,보신각,POI010,KEY_3,2026-06-06 08:30,18.9,29.0,19.0,75,NNE,1.8,-,없음,비 또는 눈 소식이 없어요.,05:11,19:51,2,낮음,햇볕에 민감한 분들은 자외선 차단제를 발라주세요.,좋음,15,좋음,19,좋음,50.0,,대기질에 이상이 없어요.,
2026-06-06T08:35:38.503180+09:00,서울 암사동 유적,서울 암사동 유적,POI011,KEY_4,2026-06-06 08:30,18.7,29.0,18.0,69,NE,1.3,-,없음,비 또는 눈 소식이 없어요.,05:11,19:51,2,낮음,햇볕에 민감한 분들은 자외선 차단제를 발라주세요.,좋음,12,좋음,21,좋음,40.0,,대기질에 이상이 없어요.,
2026-06-06T08:35:38.503180+09:00,창덕궁·종묘,창덕궁·종묘,POI012,KEY_1,2026-06-06 08:30,18.9,29.0,19.0,75,NNE,1.8,-,없음,비 또는 눈 소식이 없어요.,05:11,19:51,2,낮음,햇볕에 민감한 분들은 자외선 차단제를 발라주세요.,좋음,15,좋음,19,좋음,50.0,,대기질에 이상이 없어요.,
2026-06-06T08:35:38.503180+09:00,강남 MICE 관광특구,강남 MICE 관광특구,POI001,KEY_2,2026-06-06 08:30,19.2,29.0,18.0,73,E,1.5,-,없음,비 또는 눈 소식이 없어요.,05:11,19:51,2,낮음,햇볕에 민감한 분들은 자외선 차단제를 발라주세요.,좋음,11,좋음,25,좋음,42.0,,대기질에 이상이 없어요.,
2026-06-06T08:35:38.503180+09:00,동대문 관광특구,동대문 관광특구,POI002,KEY_3,2026-06-06 08:30,18.9,29.0,19.0,75,NNE,1.8,-,없음,비 또는 눈 소식이 없어요.,05:11,19:51,2,낮음,햇볕에 민감한 분들은 자외선 차단제를 발라주세요.,좋음,15,좋음,19,좋음,50.0,,대기질에 이상이 없어요.,
2026-06-06T08:35:38.503180+09:00,명동 관광특구,명동 관광특구,POI003,KEY_4,2026-06-06 08:30,18.9,29.0,19.0,75,NNE,1.8,-,없음,비 또는 눈 소식이 없어요.,05:11,19:51,2,낮음,햇볕에 민감한 분들은 자외선 차단제를 발라주세요.,좋음,12,좋음,20,좋음,40.0,,대기질에 이상이 없어요.,
2026-06-06T08:35:38.503180+09:00,이태원 관광특구,이태원 관광특구,POI004,KEY_1,2026-06-06 08:30,19.2,29.0,19.0,71,E,1.9,-,없음,비 또는 눈 소식이 없어요.,05:11,19:51,2,낮음,햇볕에 민감한 분들은 자외선 차단제를 발라주세요.,좋음,15,좋음,30,좋음,47.0,,대기질에 이상이 없어요.,
2026-06-06T08:35:38.503180+09:00,잠실 관광특구,잠실 관광특구,POI005,KEY_2,2026-06-06 08:30,19.3,29.0,19.0,71,ENE,1.7,-,없음,비 또는 눈 소식이 없어요.,05:11,19:51,2,낮음,햇볕에 민감한 분들은 자외선 차단제를 발라주세요.,좋음,11,좋음,22,좋음,40.0,,대기질에 이상이 없어요.,
2026-06-06T08:35:38.503180+09:00,종로·청계 관광특구,종로·청계 관광특구,POI006,KEY_3,2026-06-06 08:30,18.9,29.0,19.0,75,NNE,1.8,-,없음,비 또는 눈 소식이 없어요.,05:11,19:51,2,낮음,햇볕에 민감한 분들은 자외선 차단제를 발라주세요.,좋음,15,좋음,19,좋음,50.0,,대기질에 이상이 없어요.,
2026-06-06T08:35:38.503180+09:00,홍대 관광특구,홍대 관광특구,POI007,KEY_4,2026-06-06 08:30,20.5,29.0,19.0,77,ENE,1.3,-,없음,비 또는 눈 소식이 없어요.,05:11,19:51,2,낮음,햇볕에 민감한 분들은 자외선 차단제를 발라주세요.,좋음,11,좋음,21,보통,53.0,,호흡기가 예민하신 분들은 몸상태 유의하며 활동해주세요.,
2026-06-06T08:35:38.503180+09:00,강서한강공원,강서한강공원,POI085,KEY_1,2026-06-06 08:30,19.9,30.0,19.0,77,N,1.2,-,없음,비 또는 눈 소식이 없어요.,05:11,19:51,2,낮음,햇볕에 민감한 분들은 자외선 차단제를 발라주세요.,좋음,14,좋음,23,보통,53.0,,호흡기가 예민하신 분들은 몸상태 유의하며 활동해주세요.,
2026-06-06T08:35:38.503180+09:00,고척돔,고척돔,POI086,KEY_2,2026-06-06 08:30,18.9,29.0,20.0,75,E,1.3,-,없음,비 또는 눈 소식이 없어요.,05:11,19:51,2,낮음,햇볕에 민감한 분들은 자외선 차단제를 발라주세요.,보통,19,좋음,30,보통,60.0,,호흡기가 예민하신 분들은 몸상태 유의하며 활동해주세요.,
2026-06-06T08:35:38.503180+09:00,광나루한강공원,광나루한강공원,POI087,KEY_3,2026-06-06 08:30,19.3,29.0,19.0,71,ENE,1.7,-,없음,비 또는 눈 소식이 없어요.,05:11,19:51,2,낮음,햇볕에 민감한 분들은 자외선 차단제를 발라주세요.,좋음,12,좋음,21,좋음,40.0,,대기질에 이상이 없어요.,
2026-06-06T08:35:38.503180+09:00,광화문광장,광화문광장,POI088,KEY_4,2026-06-06 08:30,18.9,29.0,19.0,75,NNE,1.8,-,없음,비 또는 눈 소식이 없어요.,05:11,19:51,2,낮음,햇볕에 민감한 분들은 자외선 차단제를 발라주세요.,좋음,15,좋음,19,좋음,50.0,,대기질에 이상이 없어요.,
2026-06-06T08:35:38.503180+09:00,국립중앙박물관·용산가족공원,국립중앙박물관·용산가족공원,POI089,KEY_1,2026-06-06 08:30,19.2,29.0,19.0,71,E,1.9,-,없음,비 또는 눈 소식이 없어요.,05:11,19:51,2,낮음,햇볕에 민감한 분들은 자외선 차단제를 발라주세요.,좋음,15,좋음,30,좋음,47.0,,대기질에 이상이 없어요.,
2026-06-06T08:35:38.503180+09:00,난지한강공원,난지한강공원,POI090,KEY_2,2026-06-06 08:30,19.9,29.0,18.0,77,N,1.2,-,없음,비 또는 눈 소식이 없어요.,05:11,19:51,2,낮음,햇볕에 민감한 분들은 자외선 차단제를 발라주세요.,좋음,14,좋음,23,보통,53.0,,호흡기가 예민하신 분들은 몸상태 유의하며 활동해주세요.,
2026-06-06T08:35:38.503180+09:00,남산공원,남산공원,POI091,KEY_3,2026-06-06 08:30,18.9,29.0,19.0,75,NNE,1.8,-,없음,비 또는 눈 소식이 없어요.,05:11,19:51,2,낮음,햇볕에 민감한 분들은 자외선 차단제를 발라주세요.,좋음,12,좋음,20,좋음,40.0,,대기질에 이상이 없어요.,
2026-06-06T08:35:38.503180+09:00,노들섬,노들섬,POI092,KEY_4,2026-06-06 08:30,20.5,29.0,19.0,77,ENE,1.3,-,없음,비 또는 눈 소식이 없어요.,05:11,19:51,2,낮음,햇볕에 민감한 분들은 자외선 차단제를 발라주세요.,좋음,15,좋음,30,좋음,47.0,,대기질에 이상이 없어요.,
2026-06-06T08:35:38.503180+09:00,뚝섬한강공원,뚝섬한강공원,POI093,KEY_1,2026-06-06 08:30,19.2,29.0,19.0,71,E,1.9,-,없음,비 또는 눈 소식이 없어요.,05:11,19:51,2,낮음,햇볕에 민감한 분들은 자외선 차단제를 발라주세요.,좋음,9,좋음,26,좋음,47.0,,대기질에 이상이 없어요.,
2026-06-06T08:35:38.503180+09:00,망원한강공원,망원한강공원,POI094,KEY_2,2026-06-06 08:30,20.5,29.0,19.0,77,ENE,1.3,-,없음,비 또는 눈 소식이 없어요.,05:11,19:51,2,낮음,햇볕에 민감한 분들은 자외선 차단제를 발라주세요.,좋음,11,좋음,21,보통,53.0,,호흡기가 예민하신 분들은 몸상태 유의하며 활동해주세요.,
2026-06-06T08:35:38.503180+09:00,반포한강공원,반포한강공원,POI095,KEY_3,2026-06-06 08:30,19.2,29.0,19.0,71,E,1.9,-,없음,비 또는 눈 소식이 없어요.,05:11,19:51,2,낮음,햇볕에 민감한 분들은 자외선 차단제를 발라주세요.,좋음,15,좋음,30,좋음,47.0,,대기질에 이상이 없어요.,
2026-06-06T08:35:38.503180+09:00,보라매공원,보라매공원,POI123,KEY_4,2026-06-06 08:30,20.2,29.0,19.0,74,E,0.4,-,없음,비 또는 눈 소식이 없어요.,05:11,19:51,2,낮음,햇볕에 민감한 분들은 자외선 차단제를 발라주세요.,좋음,13,좋음,22,좋음,47.0,,대기질에 이상이 없어요.,
2026-06-06T08:35:38.503180+09:00,북서울꿈의숲,북서울꿈의숲,POI096,KEY_1,2026-06-06 08:30,19.1,29.0,18.0,66,NNE,0.7,-,없음,비 또는 눈 소식이 없어요.,05:11,19:51,2,낮음,햇볕에 민감한 분들은 자외선 차단제를 발라주세요.,좋음,9,좋음,15,좋음,40.0,,대기질에 이상이 없어요.,
2026-06-06T08:35:38.503180+09:00,서대문독립공원,서대문독립공원,POI124,KEY_2,2026-06-06 08:30,18.9,29.0,19.0,75,NNE,1.8,-,없음,비 또는 눈 소식이 없어요.,05:11,19:51,2,낮음,햇볕에 민감한 분들은 자외선 차단제를 발라주세요.,좋음,15,좋음,19,좋음,50.0,,대기질에 이상이 없어요.,
2026-06-06T08:35:38.503180+09:00,서리풀공원·몽마르뜨공원,서리풀공원·몽마르뜨공원,POI098,KEY_3,2026-06-06 08:30,19.3,30.0,18.0,81,ENE,1.0,-,없음,비 또는 눈 소식이 없어요.,05:11,19:51,2,낮음,햇볕에 민감한 분들은 자외선 차단제를 발라주세요.,좋음,13,좋음,25,좋음,46.0,,대기질에 이상이 없어요.,
2026-06-06T08:35:38.503180+09:00,서울숲공원,서울숲공원,POI101,KEY_1,2026-06-06 08:30,19.2,29.0,19.0,71,E,1.9,-,없음,비 또는 눈 소식이 없어요.,05:11,19:51,2,낮음,햇볕에 민감한 분들은 자외선 차단제를 발라주세요.,좋음,12,좋음,21,좋음,43.0,,대기질에 이상이 없어요.,
2026-06-06T08:35:38.503180+09:00,송현녹지광장,송현녹지광장,POI129,KEY_2,2026-06-06 08:30,18.9,29.0,19.0,75,NNE,1.8,-,없음,비 또는 눈 소식이 없어요.,05:11,19:51,2,낮음,햇볕에 민감한 분들은 자외선 차단제를 발라주세요.,좋음,15,좋음,19,좋음,50.0,,대기질에 이상이 없어요.,
2026-06-06T08:35:38.503180+09:00,아차산,아차산,POI102,KEY_3,2026-06-06 08:30,19.6,29.0,19.0,68,NE,1.3,-,없음,비 또는 눈 소식이 없어요.,05:11,19:51,2,낮음,햇볕에 민감한 분들은 자외선 차단제를 발라주세요.,좋음,9,좋음,26,좋음,47.0,,대기질에 이상이 없어요.,
2026-06-06T08:35:38.503180+09:00,안양천,안양천,POI125,KEY_4,2026-06-06 08:30,19.5,29.0,19.0,75,ENE,0.7,-,없음,비 또는 눈 소식이 없어요.,05:11,19:51,2,낮음,햇볕에 민감한 분들은 자외선 차단제를 발라주세요.,좋음,12,좋음,26,보통,55.0,,호흡기가 예민하신 분들은 몸상태 유의하며 활동해주세요.,
2026-06-06T08:35:38.503180+09:00,양화한강공원,양화한강공원,POI103,KEY_1,2026-06-06 08:30,19.5,29.0,19.0,75,ENE,0.7,-,없음,비 또는 눈 소식이 없어요.,05:11,19:51,2,낮음,햇볕에 민감한 분들은 자외선 차단제를 발라주세요.,좋음,13,좋음,21,보통,55.0,,호흡기가 예민하신 분들은 몸상태 유의하며 활동해주세요.,
2026-06-06T08:35:38.503180+09:00,어린이대공원,어린이대공원,POI104,KEY_2,2026-06-06 08:30,19.3,29.0,19.0,71,ENE,1.7,-,없음,비 또는 눈 소식이 없어요.,05:11,19:51,2,낮음,햇볕에 민감한 분들은 자외선 차단제를 발라주세요.,좋음,9,좋음,26,좋음,47.0,,대기질에 이상이 없어요.,
2026-06-06T08:35:38.503180+09:00,여의도한강공원,여의도한강공원,POI105,KEY_3,2026-06-06 08:30,20.5,29.0,19.0,77,ENE,1.3,-,없음,비 또는 눈 소식이 없어요.,05:11,19:51,2,낮음,햇볕에 민감한 분들은 자외선 차단제를 발라주세요.,좋음,13,좋음,21,보통,55.0,,호흡기가 예민하신 분들은 몸상태 유의하며 활동해주세요.,
2026-06-06T08:35:38.503180+09:00,여의서로,여의서로,POI126,KEY_4,2026-06-06 08:30,20.5,29.0,19.0,77,ENE,1.3,-,없음,비 또는 눈 소식이 없어요.,05:11,19:51,2,낮음,햇볕에 민감한 분들은 자외선 차단제를 발라주세요.,좋음,13,좋음,21,보통,55.0,,호흡기가 예민하신 분들은 몸상태 유의하며 활동해주세요.,
2026-06-06T08:35:38.503180+09:00,올림픽공원,올림픽공원,POI127,KEY_1,2026-06-06 08:30,19.3,29.0,19.0,71,ENE,1.7,-,없음,비 또는 눈 소식이 없어요.,05:11,19:51,2,낮음,햇볕에 민감한 분들은 자외선 차단제를 발라주세요.,좋음,11,좋음,22,좋음,40.0,,대기질에 이상이 없어요.,
2026-06-06T08:35:38.503180+09:00,월드컵공원,월드컵공원,POI106,KEY_2,2026-06-06 08:30,19.9,29.0,18.0,77,N,1.2,-,없음,비 또는 눈 소식이 없어요.,05:11,19:51,2,낮음,햇볕에 민감한 분들은 자외선 차단제를 발라주세요.,좋음,11,좋음,21,보통,53.0,,호흡기가 예민하신 분들은 몸상태 유의하며 활동해주세요.,
2026-06-06T08:35:38.503180+09:00,응봉산,응봉산,POI107,KEY_3,2026-06-06 08:30,19.2,29.0,19.0,71,E,1.9,-,없음,비 또는 눈 소식이 없어요.,05:11,19:51,2,낮음,햇볕에 민감한 분들은 자외선 차단제를 발라주세요.,좋음,12,좋음,21,좋음,43.0,,대기질에 이상이 없어요.,
2026-06-06T08:35:38.503180+09:00,이촌한강공원,이촌한강공원,POI108,KEY_4,2026-06-06 08:30,19.2,29.0,19.0,71,E,1.9,-,없음,비 또는 눈 소식이 없어요.,05:11,19:51,2,낮음,햇볕에 민감한 분들은 자외선 차단제를 발라주세요.,좋음,15,좋음,30,좋음,47.0,,대기질에 이상이 없어요.,
2026-06-06T08:35:38.503180+09:00,잠실종합운동장,잠실종합운동장,POI109,KEY_1,2026-06-06 08:30,19.9,29.0,19.0,66,E,1.1,-,없음,비 또는 눈 소식이 없어요.,05:11,19:51,2,낮음,햇볕에 민감한 분들은 자외선 차단제를 발라주세요.,좋음,11,좋음,22,좋음,40.0,,대기질에 이상이 없어요.,
2026-06-06T08:35:38.503180+09:00,잠실한강공원,잠실한강공원,POI110,KEY_2,2026-06-06 08:30,19.3,29.0,19.0,71,ENE,1.7,-,없음,비 또는 눈 소식이 없어요.,05:11,19:51,2,낮음,햇볕에 민감한 분들은 자외선 차단제를 발라주세요.,좋음,9,좋음,26,좋음,47.0,,대기질에 이상이 없어요.,
2026-06-06T08:35:38.503180+09:00,잠원한강공원,잠원한강공원,POI111,KEY_3,2026-06-06 08:30,19.2,29.0,19.0,71,E,1.9,-,없음,비 또는 눈 소식이 없어요.,05:11,19:51,2,낮음,햇볕에 민감한 분들은 자외선 차단제를 발라주세요.,좋음,11,좋음,25,좋음,42.0,,대기질에 이상이 없어요.,
2026-06-06T08:35:38.503180+09:00,청계산,청계산,POI112,KEY_4,2026-06-06 08:30,18.8,29.0,18.0,72,ENE,1.5,-,없음,비 또는 눈 소식이 없어요.,05:11,19:51,2,낮음,햇볕에 민감한 분들은 자외선 차단제를 발라주세요.,좋음,13,좋음,25,좋음,46.0,,대기질에 이상이 없어요.,
2026-06-06T08:35:38.503180+09:00,홍제폭포,홍제폭포,POI128,KEY_1,2026-06-06 08:30,18.4,29.0,18.0,82,ENE,0.8,-,없음,비 또는 눈 소식이 없어요.,05:11,19:51,2,낮음,햇볕에 민감한 분들은 자외선 차단제를 발라주세요.,좋음,11,좋음,22,좋음,40.0,,대기질에 이상이 없어요.,
2026-06-06T08:35:38.503180+09:00,가락시장,가락시장,POI058,KEY_2,2026-06-06 08:30,19.9,29.0,19.0,66,E,1.1,-,없음,비 또는 눈 소식이 없어요.,05:11,19:51,2,낮음,햇볕에 민감한 분들은 자외선 차단제를 발라주세요.,좋음,11,좋음,22,좋음,40.0,,대기질에 이상이 없어요.,
2026-06-06T08:35:38.503180+09:00,가로수길,가로수길,POI059,KEY_3,2026-06-06 08:30,19.2,29.0,19.0,71,E,1.9,-,없음,비 또는 눈 소식이 없어요.,05:11,19:51,2,낮음,햇볕에 민감한 분들은 자외선 차단제를 발라주세요.,좋음,11,좋음,25,좋음,42.0,,대기질에 이상이 없어요.,
2026-06-06T08:35:38.503180+09:00,광장(전통)시장,광장(전통)시장,POI060,KEY_4,2026-06-06 08:30,18.9,29.0,19.0,75,NNE,1.8,-,없음,비 또는 눈 소식이 없어요.,05:11,19:51,2,낮음,햇볕에 민감한 분들은 자외선 차단제를 발라주세요.,좋음,15,좋음,19,좋음,50.0,,대기질에 이상이 없어요.,
2026-06-06T08:35:38.503180+09:00,김포공항,김포공항,POI061,KEY_1,2026-06-06 08:30,19.9,30.0,19.0,77,N,1.2,-,없음,비 또는 눈 소식이 없어요.,05:11,19:51,2,낮음,햇볕에 민감한 분들은 자외선 차단제를 발라주세요.,좋음,14,좋음,23,보통,53.0,,호흡기가 예민하신 분들은 몸상태 유의하며 활동해주세요.,
2026-06-06T08:35:38.503180+09:00,남대문시장,남대문시장,POI115,KEY_2,2026-06-06 08:30,18.9,29.0,19.0,75,NNE,1.8,-,없음,비 또는 눈 소식이 없어요.,05:11,19:51,2,낮음,햇볕에 민감한 분들은 자외선 차단제를 발라주세요.,좋음,12,좋음,20,좋음,40.0,,대기질에 이상이 없어요.,
2026-06-06T08:35:38.503180+09:00,노량진,노량진,POI063,KEY_3,2026-06-06 08:30,20.2,29.0,19.0,74,E,0.4,-,없음,비 또는 눈 소식이 없어요.,05:11,19:51,2,낮음,햇볕에 민감한 분들은 자외선 차단제를 발라주세요.,좋음,13,좋음,22,좋음,47.0,,대기질에 이상이 없어요.,
2026-06-06T08:35:38.503180+09:00,덕수궁길·정동길,덕수궁길·정동길,POI064,KEY_4,2026-06-06 08:30,18.9,29.0,19.0,75,NNE,1.8,-,없음,비 또는 눈 소식이 없어요.,05:11,19:51,2,낮음,햇볕에 민감한 분들은 자외선 차단제를 발라주세요.,좋음,15,좋음,19,좋음,50.0,,대기질에 이상이 없어요.,
2026-06-06T08:35:38.503180+09:00,북창동 먹자골목,북창동 먹자골목,POI114,KEY_1,2026-06-06 08:30,18.9,29.0,19.0,75,NNE,1.8,-,없음,비 또는 눈 소식이 없어요.,05:11,19:51,2,낮음,햇볕에 민감한 분들은 자외선 차단제를 발라주세요.,좋음,12,좋음,20,좋음,40.0,,대기질에 이상이 없어요.,
2026-06-06T08:35:38.503180+09:00,북촌한옥마을,북촌한옥마을,POI066,KEY_2,2026-06-06 08:30,18.9,29.0,19.0,75,NNE,1.8,-,없음,비 또는 눈 소식이 없어요.,05:11,19:51,2,낮음,햇볕에 민감한 분들은 자외선 차단제를 발라주세요.,좋음,15,좋음,19,좋음,50.0,,대기질에 이상이 없어요.,
2026-06-06T08:35:38.503180+09:00,서촌,서촌,POI067,KEY_3,2026-06-06 08:30,18.9,29.0,19.0,75,NNE,1.8,-,없음,비 또는 눈 소식이 없어요.,05:11,19:51,2,낮음,햇볕에 민감한 분들은 자외선 차단제를 발라주세요.,좋음,15,좋음,19,좋음,50.0,,대기질에 이상이 없어요.,
2026-06-06T08:35:38.503180+09:00,성수카페거리,성수카페거리,POI068,KEY_4,2026-06-06 08:30,19.2,29.0,19.0,71,E,1.9,-,없음,비 또는 눈 소식이 없어요.,05:11,19:51,2,낮음,햇볕에 민감한 분들은 자외선 차단제를 발라주세요.,좋음,12,좋음,21,좋음,43.0,,대기질에 이상이 없어요.,
2026-06-06T08:35:38.503180+09:00,송리단길·호수단길,송리단길·호수단길,POI121,KEY_1,2026-06-06 08:30,19.9,29.0,19.0,66,E,1.1,-,없음,비 또는 눈 소식이 없어요.,05:11,19:51,2,낮음,햇볕에 민감한 분들은 자외선 차단제를 발라주세요.,좋음,11,좋음,22,좋음,40.0,,대기질에 이상이 없어요.,
2026-06-06T08:35:38.503180+09:00,신촌 스타광장,신촌 스타광장,POI122,KEY_2,2026-06-06 08:30,20.5,29.0,19.0,77,ENE,1.3,-,없음,비 또는 눈 소식이 없어요.,05:11,19:51,2,낮음,햇볕에 민감한 분들은 자외선 차단제를 발라주세요.,좋음,11,좋음,22,좋음,40.0,,대기질에 이상이 없어요.,
2026-06-06T08:35:38.503180+09:00,압구정로데오거리,압구정로데오거리,POI071,KEY_3,2026-06-06 08:30,19.2,29.0,19.0,71,E,1.9,-,없음,비 또는 눈 소식이 없어요.,05:11,19:51,2,낮음,햇볕에 민감한 분들은 자외선 차단제를 발라주세요.,좋음,11,좋음,25,좋음,42.0,,대기질에 이상이 없어요.,
2026-06-06T08:35:38.503180+09:00,여의도,여의도,POI072,KEY_4,2026-06-06 08:30,20.5,29.0,19.0,77,ENE,1.3,-,없음,비 또는 눈 소식이 없어요.,05:11,19:51,2,낮음,햇볕에 민감한 분들은 자외선 차단제를 발라주세요.,좋음,13,좋음,21,보통,55.0,,호흡기가 예민하신 분들은 몸상태 유의하며 활동해주세요.,
2026-06-06T08:35:38.503180+09:00,연남동,연남동,POI073,KEY_1,2026-06-06 08:30,18.4,29.0,18.0,82,ENE,0.8,-,없음,비 또는 눈 소식이 없어요.,05:11,19:51,2,낮음,햇볕에 민감한 분들은 자외선 차단제를 발라주세요.,좋음,11,좋음,21,보통,53.0,,호흡기가 예민하신 분들은 몸상태 유의하며 활동해주세요.,
2026-06-06T08:35:38.503180+09:00,영등포 타임스퀘어,영등포 타임스퀘어,POI074,KEY_2,2026-06-06 08:30,20.5,29.0,19.0,77,ENE,1.3,-,없음,비 또는 눈 소식이 없어요.,05:11,19:51,2,낮음,햇볕에 민감한 분들은 자외선 차단제를 발라주세요.,좋음,13,좋음,21,보통,55.0,,호흡기가 예민하신 분들은 몸상태 유의하며 활동해주세요.,
2026-06-06T08:35:38.503180+09:00,용리단길,용리단길,POI076,KEY_3,2026-06-06 08:30,19.2,29.0,19.0,71,E,1.9,-,없음,비 또는 눈 소식이 없어요.,05:11,19:51,2,낮음,햇볕에 민감한 분들은 자외선 차단제를 발라주세요.,좋음,15,좋음,30,좋음,47.0,,대기질에 이상이 없어요.,
2026-06-06T08:35:38.503180+09:00,이태원 앤틱가구거리,이태원 앤틱가구거리,POI077,KEY_4,2026-06-06 08:30,19.2,29.0,19.0,71,E,1.9,-,없음,비 또는 눈 소식이 없어요.,05:11,19:51,2,낮음,햇볕에 민감한 분들은 자외선 차단제를 발라주세요.,좋음,15,좋음,30,좋음,47.0,,대기질에 이상이 없어요.,
2026-06-06T08:35:38.503180+09:00,익선동,익선동,POI116,KEY_1,2026-06-06 08:30,18.9,29.0,19.0,75,NNE,1.8,-,없음,비 또는 눈 소식이 없어요.,05:11,19:51,2,낮음,햇볕에 민감한 분들은 자외선 차단제를 발라주세요.,좋음,15,좋음,19,좋음,50.0,,대기질에 이상이 없어요.,
2026-06-06T08:35:38.503180+09:00,인사동,인사동,POI078,KEY_2,2026-06-06 08:30,18.9,29.0,19.0,75,NNE,1.8,-,없음,비 또는 눈 소식이 없어요.,05:11,19:51,2,낮음,햇볕에 민감한 분들은 자외선 차단제를 발라주세요.,좋음,15,좋음,19,좋음,50.0,,대기질에 이상이 없어요.,
2026-06-06T08:35:38.503180+09:00,잠실롯데타워·석촌호수,잠실롯데타워·석촌호수,POI120,KEY_3,2026-06-06 08:30,19.3,29.0,19.0,71,ENE,1.7,-,없음,비 또는 눈 소식이 없어요.,05:11,19:51,2,낮음,햇볕에 민감한 분들은 자외선 차단제를 발라주세요.,좋음,11,좋음,22,좋음,40.0,,대기질에 이상이 없어요.,
2026-06-06T08:35:38.503180+09:00,창동 신경제 중심지,창동 신경제 중심지,POI079,KEY_4,2026-06-06 08:30,17.0,29.0,18.0,81,NE,0.1,-,없음,비 또는 눈 소식이 없어요.,05:11,19:51,2,낮음,햇볕에 민감한 분들은 자외선 차단제를 발라주세요.,좋음,13,좋음,21,좋음,40.0,,대기질에 이상이 없어요.,
2026-06-06T08:35:38.503180+09:00,청담동 명품거리,청담동 명품거리,POI080,KEY_1,2026-06-06 08:30,19.2,29.0,19.0,71,E,1.9,-,없음,비 또는 눈 소식이 없어요.,05:11,19:51,2,낮음,햇볕에 민감한 분들은 자외선 차단제를 발라주세요.,좋음,11,좋음,25,좋음,42.0,,대기질에 이상이 없어요.,
2026-06-06T08:35:38.503180+09:00,청량리 제기동 일대 전통시장,청량리 제기동 일대 전통시장,POI081,KEY_2,2026-06-06 08:30,19.4,29.0,19.0,69,NE,1.5,-,없음,비 또는 눈 소식이 없어요.,05:11,19:51,2,낮음,햇볕에 민감한 분들은 자외선 차단제를 발라주세요.,좋음,14,좋음,21,좋음,47.0,,대기질에 이상이 없어요.,
2026-06-06T08:35:38.503180+09:00,해방촌·경리단길,해방촌·경리단길,POI082,KEY_3,2026-06-06 08:30,19.2,29.0,19.0,71,E,1.9,-,없음,비 또는 눈 소식이 없어요.,05:11,19:51,2,낮음,햇볕에 민감한 분들은 자외선 차단제를 발라주세요.,좋음,15,좋음,30,좋음,47.0,,대기질에 이상이 없어요.,
2026-06-06T08:35:38.503180+09:00,DDP(동대문디자인플라자),DDP(동대문디자인플라자),POI083,KEY_4,2026-06-06 08:30,18.9,29.0,19.0,75,NNE,1.8,-,없음,비 또는 눈 소식이 없어요.,05:11,19:51,2,낮음,햇볕에 민감한 분들은 자외선 차단제를 발라주세요.,좋음,15,좋음,19,좋음,50.0,,대기질에 이상이 없어요.,
2026-06-06T08:35:38.503180+09:00,DMC(디지털미디어시티),DMC(디지털미디어시티),POI084,KEY_1,2026-06-06 08:30,19.9,29.0,18.0,77,N,1.2,-,없음,비 또는 눈 소식이 없어요.,05:11,19:51,2,낮음,햇볕에 민감한 분들은 자외선 차단제를 발라주세요.,좋음,11,좋음,21,보통,53.0,,호흡기가 예민하신 분들은 몸상태 유의하며 활동해주세요.,
2026-06-06T08:35:38.503180+09:00,강남역,강남역,POI014,KEY_3,2026-06-06 08:30,19.2,29.0,18.0,73,E,1.5,-,없음,비 또는 눈 소식이 없어요.,05:11,19:51,2,낮음,햇볕에 민감한 분들은 자외선 차단제를 발라주세요.,좋음,13,좋음,25,좋음,46.0,,대기질에 이상이 없어요.,
2026-06-06T08:35:38.503180+09:00,건대입구역,건대입구역,POI015,KEY_4,2026-06-06 08:30,19.2,29.0,19.0,71,E,1.9,-,없음,비 또는 눈 소식이 없어요.,05:11,19:51,2,낮음,햇볕에 민감한 분들은 자외선 차단제를 발라주세요.,좋음,9,좋음,26,좋음,47.0,,대기질에 이상이 없어요.,
2026-06-06T08:35:38.503180+09:00,고덕역,고덕역,POI016,KEY_1,2026-06-06 08:30,18.2,29.0,18.0,74,ENE,1.1,-,없음,비 또는 눈 소식이 없어요.,05:11,19:51,2,낮음,햇볕에 민감한 분들은 자외선 차단제를 발라주세요.,좋음,12,좋음,21,좋음,40.0,,대기질에 이상이 없어요.,
2026-06-06T08:35:38.503180+09:00,고속터미널역,고속터미널역,POI017,KEY_2,2026-06-06 08:30,19.3,30.0,18.0,81,ENE,1.0,-,없음,비 또는 눈 소식이 없어요.,05:11,19:51,2,낮음,햇볕에 민감한 분들은 자외선 차단제를 발라주세요.,좋음,13,좋음,25,좋음,46.0,,대기질에 이상이 없어요.,
2026-06-06T08:35:38.503180+09:00,교대역,교대역,POI018,KEY_3,2026-06-06 08:30,19.2,29.0,18.0,73,E,1.5,-,없음,비 또는 눈 소식이 없어요.,05:11,19:51,2,낮음,햇볕에 민감한 분들은 자외선 차단제를 발라주세요.,좋음,13,좋음,25,좋음,46.0,,대기질에 이상이 없어요.,
2026-06-06T08:35:38.503180+09:00,구로디지털단지역,구로디지털단지역,POI019,KEY_4,2026-06-06 08:30,18.9,29.0,20.0,75,E,1.3,-,없음,비 또는 눈 소식이 없어요.,05:11,19:51,2,낮음,햇볕에 민감한 분들은 자외선 차단제를 발라주세요.,보통,19,좋음,30,보통,60.0,,호흡기가 예민하신 분들은 몸상태 유의하며 활동해주세요.,
2026-06-06T08:35:38.503180+09:00,구로역,구로역,POI020,KEY_1,2026-06-06 08:30,18.9,29.0,20.0,75,E,1.3,-,없음,비 또는 눈 소식이 없어요.,05:11,19:51,2,낮음,햇볕에 민감한 분들은 자외선 차단제를 발라주세요.,보통,19,좋음,30,보통,60.0,,호흡기가 예민하신 분들은 몸상태 유의하며 활동해주세요.,
2026-06-06T08:35:38.503180+09:00,군자역,군자역,POI021,KEY_2,2026-06-06 08:30,19.6,29.0,19.0,68,NE,1.3,-,없음,비 또는 눈 소식이 없어요.,05:11,19:51,2,낮음,햇볕에 민감한 분들은 자외선 차단제를 발라주세요.,좋음,9,좋음,26,좋음,47.0,,대기질에 이상이 없어요.,
2026-06-06T08:35:38.503180+09:00,대림역,대림역,POI023,KEY_3,2026-06-06 08:30,18.9,29.0,20.0,75,E,1.3,-,없음,비 또는 눈 소식이 없어요.,05:11,19:51,2,낮음,햇볕에 민감한 분들은 자외선 차단제를 발라주세요.,좋음,13,좋음,21,보통,55.0,,호흡기가 예민하신 분들은 몸상태 유의하며 활동해주세요.,
2026-06-06T08:35:38.503180+09:00,동대문역,동대문역,POI024,KEY_4,2026-06-06 08:30,18.9,29.0,19.0,75,NNE,1.8,-,없음,비 또는 눈 소식이 없어요.,05:11,19:51,2,낮음,햇볕에 민감한 분들은 자외선 차단제를 발라주세요.,좋음,15,좋음,19,좋음,50.0,,대기질에 이상이 없어요.,
2026-06-06T08:35:38.503180+09:00,뚝섬역,뚝섬역,POI025,KEY_1,2026-06-06 08:30,19.2,29.0,19.0,71,E,1.9,-,없음,비 또는 눈 소식이 없어요.,05:11,19:51,2,낮음,햇볕에 민감한 분들은 자외선 차단제를 발라주세요.,좋음,12,좋음,21,좋음,43.0,,대기질에 이상이 없어요.,
2026-06-06T08:35:38.503180+09:00,미아사거리역,미아사거리역,POI026,KEY_2,2026-06-06 08:30,19.1,29.0,18.0,66,NNE,0.7,-,없음,비 또는 눈 소식이 없어요.,05:11,19:51,2,낮음,햇볕에 민감한 분들은 자외선 차단제를 발라주세요.,좋음,9,좋음,15,좋음,40.0,,대기질에 이상이 없어요.,
2026-06-06T08:35:38.503180+09:00,발산역,발산역,POI027,KEY_3,2026-06-06 08:30,19.9,30.0,19.0,77,N,1.2,-,없음,비 또는 눈 소식이 없어요.,05:11,19:51,2,낮음,햇볕에 민감한 분들은 자외선 차단제를 발라주세요.,좋음,14,좋음,23,보통,53.0,,호흡기가 예민하신 분들은 몸상태 유의하며 활동해주세요.,
2026-06-06T08:35:38.503180+09:00,사당역,사당역,POI029,KEY_4,2026-06-06 08:30,19.3,30.0,18.0,81,ENE,1.0,-,없음,비 또는 눈 소식이 없어요.,05:11,19:51,2,낮음,햇볕에 민감한 분들은 자외선 차단제를 발라주세요.,좋음,13,좋음,25,좋음,46.0,,대기질에 이상이 없어요.,
2026-06-06T08:35:38.503180+09:00,삼각지역,삼각지역,POI030,KEY_1,2026-06-06 08:30,19.2,29.0,19.0,71,E,1.9,-,없음,비 또는 눈 소식이 없어요.,05:11,19:51,2,낮음,햇볕에 민감한 분들은 자외선 차단제를 발라주세요.,좋음,15,좋음,30,좋음,47.0,,대기질에 이상이 없어요.,
2026-06-06T08:35:38.503180+09:00,서울대입구역,서울대입구역,POI031,KEY_2,2026-06-06 08:30,20.2,29.0,19.0,74,E,0.4,-,없음,비 또는 눈 소식이 없어요.,05:11,19:51,2,낮음,햇볕에 민감한 분들은 자외선 차단제를 발라주세요.,좋음,8,좋음,21,좋음,40.0,,대기질에 이상이 없어요.,
2026-06-06T08:35:38.503180+09:00,서울식물원·마곡나루역,서울식물원·마곡나루역,POI032,KEY_3,2026-06-06 08:30,19.9,30.0,19.0,77,N,1.2,-,없음,비 또는 눈 소식이 없어요.,05:11,19:51,2,낮음,햇볕에 민감한 분들은 자외선 차단제를 발라주세요.,좋음,14,좋음,23,보통,53.0,,호흡기가 예민하신 분들은 몸상태 유의하며 활동해주세요.,
2026-06-06T08:35:38.503180+09:00,서울역,서울역,POI033,KEY_4,2026-06-06 08:30,18.9,29.0,19.0,75,NNE,1.8,-,없음,비 또는 눈 소식이 없어요.,05:11,19:51,2,낮음,햇볕에 민감한 분들은 자외선 차단제를 발라주세요.,좋음,12,좋음,20,좋음,40.0,,대기질에 이상이 없어요.,
2026-06-06T08:35:38.503180+09:00,선릉역,선릉역,POI034,KEY_1,2026-06-06 08:30,19.2,29.0,18.0,73,E,1.5,-,없음,비 또는 눈 소식이 없어요.,05:11,19:51,2,낮음,햇볕에 민감한 분들은 자외선 차단제를 발라주세요.,좋음,11,좋음,25,좋음,42.0,,대기질에 이상이 없어요.,
2026-06-06T08:35:38.503180+09:00,성신여대입구역,성신여대입구역,POI035,KEY_2,2026-06-06 08:30,18.9,29.0,19.0,75,NNE,1.8,-,없음,비 또는 눈 소식이 없어요.,05:11,19:51,2,낮음,햇볕에 민감한 분들은 자외선 차단제를 발라주세요.,좋음,13,좋음,22,좋음,33.0,,대기질에 이상이 없어요.,
2026-06-06T08:35:38.503180+09:00,수유역,수유역,POI036,KEY_3,2026-06-06 08:30,19.1,29.0,18.0,66,NNE,0.7,-,없음,비 또는 눈 소식이 없어요.,05:11,19:51,2,낮음,햇볕에 민감한 분들은 자외선 차단제를 발라주세요.,좋음,9,좋음,15,좋음,40.0,,대기질에 이상이 없어요.,
2026-06-06T08:35:38.503180+09:00,숭례문,숭례문,POI131,KEY_4,2026-06-06 08:30,18.9,29.0,19.0,75,NNE,1.8,-,없음,비 또는 눈 소식이 없어요.,05:11,19:51,2,낮음,햇볕에 민감한 분들은 자외선 차단제를 발라주세요.,좋음,12,좋음,20,좋음,40.0,,대기질에 이상이 없어요.,
2026-06-06T08:35:38.503180+09:00,시의회 앞,시의회 앞,POI130,KEY_1,2026-06-06 08:30,18.9,29.0,19.0,75,NNE,1.8,-,없음,비 또는 눈 소식이 없어요.,05:11,19:51,2,낮음,햇볕에 민감한 분들은 자외선 차단제를 발라주세요.,좋음,12,좋음,20,좋음,40.0,,대기질에 이상이 없어요.,
2026-06-06T08:35:38.503180+09:00,신논현역·논현역,신논현역·논현역,POI037,KEY_2,2026-06-06 08:30,19.2,29.0,18.0,73,E,1.5,-,없음,비 또는 눈 소식이 없어요.,05:11,19:51,2,낮음,햇볕에 민감한 분들은 자외선 차단제를 발라주세요.,좋음,11,좋음,25,좋음,42.0,,대기질에 이상이 없어요.,
2026-06-06T08:35:38.503180+09:00,신도림역,신도림역,POI038,KEY_3,2026-06-06 08:30,20.2,29.0,19.0,74,E,0.4,-,없음,비 또는 눈 소식이 없어요.,05:11,19:51,2,낮음,햇볕에 민감한 분들은 자외선 차단제를 발라주세요.,좋음,13,좋음,21,보통,55.0,,호흡기가 예민하신 분들은 몸상태 유의하며 활동해주세요.,
2026-06-06T08:35:38.503180+09:00,신림역,신림역,POI039,KEY_4,2026-06-06 08:30,20.2,29.0,19.0,74,E,0.4,-,없음,비 또는 눈 소식이 없어요.,05:11,19:51,2,낮음,햇볕에 민감한 분들은 자외선 차단제를 발라주세요.,좋음,8,좋음,21,좋음,40.0,,대기질에 이상이 없어요.,
2026-06-06T08:35:38.503180+09:00,신정네거리역,신정네거리역,POI117,KEY_1,2026-06-06 08:30,19.5,29.0,19.0,75,ENE,0.7,-,없음,비 또는 눈 소식이 없어요.,05:11,19:51,2,낮음,햇볕에 민감한 분들은 자외선 차단제를 발라주세요.,좋음,12,좋음,26,보통,55.0,,호흡기가 예민하신 분들은 몸상태 유의하며 활동해주세요.,
2026-06-06T08:35:38.503180+09:00,신촌·이대역,신촌·이대역,POI040,KEY_2,2026-06-06 08:30,20.5,29.0,19.0,77,ENE,1.3,-,없음,비 또는 눈 소식이 없어요.,05:11,19:51,2,낮음,햇볕에 민감한 분들은 자외선 차단제를 발라주세요.,좋음,11,좋음,22,좋음,40.0,,대기질에 이상이 없어요.,
2026-06-06T08:35:38.503180+09:00,쌍문역,쌍문역,POI070,KEY_3,2026-06-06 08:30,19.1,29.0,18.0,66,NNE,0.7,-,없음,비 또는 눈 소식이 없어요.,05:11,19:51,2,낮음,햇볕에 민감한 분들은 자외선 차단제를 발라주세요.,좋음,10,좋음,19,좋음,37.0,,대기질에 이상이 없어요.,
2026-06-06T08:35:38.503180+09:00,양재역,양재역,POI041,KEY_4,2026-06-06 08:30,19.2,29.0,18.0,73,E,1.5,-,없음,비 또는 눈 소식이 없어요.,05:11,19:51,2,낮음,햇볕에 민감한 분들은 자외선 차단제를 발라주세요.,좋음,13,좋음,25,좋음,46.0,,대기질에 이상이 없어요.,
2026-06-06T08:35:38.503180+09:00,역삼역,역삼역,POI042,KEY_1,2026-06-06 08:30,19.2,29.0,18.0,73,E,1.5,-,없음,비 또는 눈 소식이 없어요.,05:11,19:51,2,낮음,햇볕에 민감한 분들은 자외선 차단제를 발라주세요.,좋음,11,좋음,25,좋음,42.0,,대기질에 이상이 없어요.,
2026-06-06T08:35:38.503180+09:00,연신내역,연신내역,POI043,KEY_2,2026-06-06 08:30,18.6,29.0,17.0,73,NNE,0.2,-,없음,비 또는 눈 소식이 없어요.,05:11,19:51,2,낮음,햇볕에 민감한 분들은 자외선 차단제를 발라주세요.,좋음,8,좋음,25,좋음,37.0,,대기질에 이상이 없어요.,
2026-06-06T08:35:38.503180+09:00,오목교역·목동운동장,오목교역·목동운동장,POI044,KEY_3,2026-06-06 08:30,19.5,29.0,19.0,75,ENE,0.7,-,없음,비 또는 눈 소식이 없어요.,05:11,19:51,2,낮음,햇볕에 민감한 분들은 자외선 차단제를 발라주세요.,좋음,12,좋음,26,보통,55.0,,호흡기가 예민하신 분들은 몸상태 유의하며 활동해주세요.,
2026-06-06T08:35:38.503180+09:00,왕십리역,왕십리역,POI045,KEY_4,2026-06-06 08:30,19.4,29.0,19.0,69,NE,1.5,-,없음,비 또는 눈 소식이 없어요.,05:11,19:51,2,낮음,햇볕에 민감한 분들은 자외선 차단제를 발라주세요.,좋음,12,좋음,21,좋음,43.0,,대기질에 이상이 없어요.,
2026-06-06T08:35:38.503180+09:00,용산역,용산역,POI046,KEY_1,2026-06-06 08:30,20.5,29.0,19.0,77,ENE,1.3,-,없음,비 또는 눈 소식이 없어요.,05:11,19:51,2,낮음,햇볕에 민감한 분들은 자외선 차단제를 발라주세요.,좋음,15,좋음,30,좋음,47.0,,대기질에 이상이 없어요.,
2026-06-06T08:35:38.503180+09:00,이태원역,이태원역,POI047,KEY_2,2026-06-06 08:30,19.2,29.0,19.0,71,E,1.9,-,없음,비 또는 눈 소식이 없어요.,05:11,19:51,2,낮음,햇볕에 민감한 분들은 자외선 차단제를 발라주세요.,좋음,15,좋음,30,좋음,47.0,,대기질에 이상이 없어요.,
2026-06-06T08:35:38.503180+09:00,잠실새내역,잠실새내역,POI118,KEY_3,2026-06-06 08:30,19.9,29.0,19.0,66,E,1.1,-,없음,비 또는 눈 소식이 없어요.,05:11,19:51,2,낮음,햇볕에 민감한 분들은 자외선 차단제를 발라주세요.,좋음,11,좋음,22,좋음,40.0,,대기질에 이상이 없어요.,
2026-06-06T08:35:38.503180+09:00,잠실역,잠실역,POI119,KEY_4,2026-06-06 08:30,19.3,29.0,19.0,71,ENE,1.7,-,없음,비 또는 눈 소식이 없어요.,05:11,19:51,2,낮음,햇볕에 민감한 분들은 자외선 차단제를 발라주세요.,좋음,11,좋음,22,좋음,40.0,,대기질에 이상이 없어요.,
2026-06-06T08:35:38.503180+09:00,장지역,장지역,POI048,KEY_1,2026-06-06 08:30,19.9,29.0,19.0,66,E,1.1,-,없음,비 또는 눈 소식이 없어요.,05:11,19:51,2,낮음,햇볕에 민감한 분들은 자외선 차단제를 발라주세요.,좋음,11,좋음,22,좋음,40.0,,대기질에 이상이 없어요.,
2026-06-06T08:35:38.503180+09:00,장한평역,장한평역,POI049,KEY_2,2026-06-06 08:30,19.4,29.0,19.0,69,NE,1.5,-,없음,비 또는 눈 소식이 없어요.,05:11,19:51,2,낮음,햇볕에 민감한 분들은 자외선 차단제를 발라주세요.,좋음,14,좋음,21,좋음,47.0,,대기질에 이상이 없어요.,
2026-06-06T08:35:38.503180+09:00,천호역,천호역,POI050,KEY_3,2026-06-06 08:30,19.3,29.0,19.0,71,ENE,1.7,-,없음,비 또는 눈 소식이 없어요.,05:11,19:51,2,낮음,햇볕에 민감한 분들은 자외선 차단제를 발라주세요.,좋음,12,좋음,21,좋음,40.0,,대기질에 이상이 없어요.,
2026-06-06T08:35:38.503180+09:00,총신대입구(이수)역,총신대입구(이수)역,POI051,KEY_4,2026-06-06 08:30,19.3,30.0,18.0,81,ENE,1.0,-,없음,비 또는 눈 소식이 없어요.,05:11,19:51,2,낮음,햇볕에 민감한 분들은 자외선 차단제를 발라주세요.,좋음,13,좋음,22,좋음,47.0,,대기질에 이상이 없어요.,
2026-06-06T08:35:38.503180+09:00,충정로역,충정로역,POI052,KEY_1,2026-06-06 08:30,20.5,29.0,19.0,77,ENE,1.3,-,없음,비 또는 눈 소식이 없어요.,05:11,19:51,2,낮음,햇볕에 민감한 분들은 자외선 차단제를 발라주세요.,좋음,11,좋음,22,좋음,40.0,,대기질에 이상이 없어요.,
2026-06-06T08:35:38.503180+09:00,합정역,합정역,POI053,KEY_2,2026-06-06 08:30,20.5,29.0,19.0,77,ENE,1.3,-,없음,비 또는 눈 소식이 없어요.,05:11,19:51,2,낮음,햇볕에 민감한 분들은 자외선 차단제를 발라주세요.,좋음,11,좋음,21,보통,53.0,,호흡기가 예민하신 분들은 몸상태 유의하며 활동해주세요.,
2026-06-06T08:35:38.503180+09:00,혜화역,혜화역,POI054,KEY_3,2026-06-06 08:30,18.9,29.0,19.0,75,NNE,1.8,-,없음,비 또는 눈 소식이 없어요.,05:11,19:51,2,낮음,햇볕에 민감한 분들은 자외선 차단제를 발라주세요.,좋음,15,좋음,19,좋음,50.0,,대기질에 이상이 없어요.,
2026-06-06T08:35:38.503180+09:00,홍대입구역(2호선),홍대입구역(2호선),POI055,KEY_4,2026-06-06 08:30,18.4,29.0,18.0,82,ENE,0.8,-,없음,비 또는 눈 소식이 없어요.,05:11,19:51,2,낮음,햇볕에 민감한 분들은 자외선 차단제를 발라주세요.,좋음,11,좋음,21,보통,53.0,,호흡기가 예민하신 분들은 몸상태 유의하며 활동해주세요.,
2026-06-06T08:35:38.503180+09:00,회기역,회기역,POI056,KEY_1,2026-06-06 08:30,19.4,29.0,19.0,69,NE,1.5,-,없음,비 또는 눈 소식이 없어요.,05:11,19:51,2,낮음,햇볕에 민감한 분들은 자외선 차단제를 발라주세요.,좋음,14,좋음,21,좋음,47.0,,대기질에 이상이 없어요.,
2026-06-06T10:14:21.794546+09:00,경복궁,경복궁,POI008,KEY_1,2026-06-06 10:11,22.4,29.0,19.0,57,NE,2.0,-,없음,비 또는 눈 소식이 없어요.,05:11,19:51,5,보통,2-3시간 햇볕에 노출 시 피부 화상을 입을 수 있어요.외출시 모자나 선글라스를 착용해주세요.자외선 차단제를 발라주세요.,좋음,15,좋음,27,보통,56.0,,호흡기가 예민하신 분들은 몸상태 유의하며 활동해주세요.,
2026-06-06T10:14:21.794546+09:00,광화문·덕수궁,광화문·덕수궁,POI009,KEY_2,2026-06-06 10:11,22.4,29.0,19.0,57,NE,2.0,-,없음,비 또는 눈 소식이 없어요.,05:11,19:51,5,보통,2-3시간 햇볕에 노출 시 피부 화상을 입을 수 있어요.외출시 모자나 선글라스를 착용해주세요.자외선 차단제를 발라주세요.,좋음,15,좋음,27,보통,56.0,,호흡기가 예민하신 분들은 몸상태 유의하며 활동해주세요.,
2026-06-06T10:14:21.794546+09:00,보신각,보신각,POI010,KEY_3,2026-06-06 10:11,22.4,29.0,19.0,57,NE,2.0,-,없음,비 또는 눈 소식이 없어요.,05:11,19:51,5,보통,2-3시간 햇볕에 노출 시 피부 화상을 입을 수 있어요.외출시 모자나 선글라스를 착용해주세요.자외선 차단제를 발라주세요.,좋음,15,좋음,27,보통,56.0,,호흡기가 예민하신 분들은 몸상태 유의하며 활동해주세요.,
2026-06-06T10:14:21.794546+09:00,서울 암사동 유적,서울 암사동 유적,POI011,KEY_4,2026-06-06 10:11,21.8,29.0,18.0,58,ENE,1.6,-,없음,비 또는 눈 소식이 없어요.,05:11,19:51,5,보통,2-3시간 햇볕에 노출 시 피부 화상을 입을 수 있어요.외출시 모자나 선글라스를 착용해주세요.자외선 차단제를 발라주세요.,보통,22,보통,34,보통,58.0,,호흡기가 예민하신 분들은 몸상태 유의하며 활동해주세요.,
2026-06-06T10:14:21.794546+09:00,창덕궁·종묘,창덕궁·종묘,POI012,KEY_1,2026-06-06 10:11,22.4,29.0,19.0,57,NE,2.0,-,없음,비 또는 눈 소식이 없어요.,05:11,19:51,5,보통,2-3시간 햇볕에 노출 시 피부 화상을 입을 수 있어요.외출시 모자나 선글라스를 착용해주세요.자외선 차단제를 발라주세요.,좋음,15,좋음,27,보통,56.0,,호흡기가 예민하신 분들은 몸상태 유의하며 활동해주세요.,
2026-06-06T10:14:21.794546+09:00,강남 MICE 관광특구,강남 MICE 관광특구,POI001,KEY_2,2026-06-06 10:11,22.7,29.0,18.0,54,E,2.2,-,없음,비 또는 눈 소식이 없어요.,05:11,19:51,5,보통,2-3시간 햇볕에 노출 시 피부 화상을 입을 수 있어요.외출시 모자나 선글라스를 착용해주세요.자외선 차단제를 발라주세요.,좋음,13,좋음,26,보통,53.0,,호흡기가 예민하신 분들은 몸상태 유의하며 활동해주세요.,
2026-06-06T10:14:21.794546+09:00,동대문 관광특구,동대문 관광특구,POI002,KEY_3,2026-06-06 10:11,22.4,29.0,19.0,57,NE,2.0,-,없음,비 또는 눈 소식이 없어요.,05:11,19:51,5,보통,2-3시간 햇볕에 노출 시 피부 화상을 입을 수 있어요.외출시 모자나 선글라스를 착용해주세요.자외선 차단제를 발라주세요.,좋음,15,좋음,27,보통,56.0,,호흡기가 예민하신 분들은 몸상태 유의하며 활동해주세요.,
2026-06-06T10:14:21.794546+09:00,명동 관광특구,명동 관광특구,POI003,KEY_4,2026-06-06 10:11,22.4,29.0,19.0,57,NE,2.0,-,없음,비 또는 눈 소식이 없어요.,05:11,19:51,5,보통,2-3시간 햇볕에 노출 시 피부 화상을 입을 수 있어요.외출시 모자나 선글라스를 착용해주세요.자외선 차단제를 발라주세요.,좋음,15,좋음,26,좋음,50.0,,대기질에 이상이 없어요.,
2026-06-06T10:14:21.794546+09:00,이태원 관광특구,이태원 관광특구,POI004,KEY_1,2026-06-06 10:11,21.7,29.0,19.0,60,E,2.2,-,없음,비 또는 눈 소식이 없어요.,05:11,19:51,5,보통,2-3시간 햇볕에 노출 시 피부 화상을 입을 수 있어요.외출시 모자나 선글라스를 착용해주세요.자외선 차단제를 발라주세요.,좋음,15,보통,41,보통,54.0,,호흡기가 예민하신 분들은 몸상태 유의하며 활동해주세요.,
2026-06-06T10:14:21.794546+09:00,잠실 관광특구,잠실 관광특구,POI005,KEY_2,2026-06-06 10:11,22.7,29.0,19.0,58,ENE,1.4,-,없음,비 또는 눈 소식이 없어요.,05:11,19:51,5,보통,2-3시간 햇볕에 노출 시 피부 화상을 입을 수 있어요.외출시 모자나 선글라스를 착용해주세요.자외선 차단제를 발라주세요.,보통,17,좋음,26,보통,52.0,,호흡기가 예민하신 분들은 몸상태 유의하며 활동해주세요.,
2026-06-06T10:14:21.794546+09:00,종로·청계 관광특구,종로·청계 관광특구,POI006,KEY_3,2026-06-06 10:11,22.4,29.0,19.0,57,NE,2.0,-,없음,비 또는 눈 소식이 없어요.,05:11,19:51,5,보통,2-3시간 햇볕에 노출 시 피부 화상을 입을 수 있어요.외출시 모자나 선글라스를 착용해주세요.자외선 차단제를 발라주세요.,좋음,15,좋음,27,보통,56.0,,호흡기가 예민하신 분들은 몸상태 유의하며 활동해주세요.,
2026-06-06T10:14:21.794546+09:00,홍대 관광특구,홍대 관광특구,POI007,KEY_4,2026-06-06 10:11,21.9,29.0,19.0,64,ENE,2.9,-,없음,비 또는 눈 소식이 없어요.,05:11,19:51,5,보통,2-3시간 햇볕에 노출 시 피부 화상을 입을 수 있어요.외출시 모자나 선글라스를 착용해주세요.자외선 차단제를 발라주세요.,좋음,8,좋음,29,보통,54.0,,호흡기가 예민하신 분들은 몸상태 유의하며 활동해주세요.,
2026-06-06T10:14:21.794546+09:00,강서한강공원,강서한강공원,POI085,KEY_1,2026-06-06 10:11,23.4,30.0,19.0,54,ENE,1.2,-,없음,비 또는 눈 소식이 없어요.,05:11,19:51,5,보통,2-3시간 햇볕에 노출 시 피부 화상을 입을 수 있어요.외출시 모자나 선글라스를 착용해주세요.자외선 차단제를 발라주세요.,좋음,11,좋음,29,보통,55.0,,호흡기가 예민하신 분들은 몸상태 유의하며 활동해주세요.,
2026-06-06T10:14:21.794546+09:00,고척돔,고척돔,POI086,KEY_2,2026-06-06 10:11,23.1,29.0,20.0,47,NNE,2.3,-,없음,비 또는 눈 소식이 없어요.,05:11,19:51,5,보통,2-3시간 햇볕에 노출 시 피부 화상을 입을 수 있어요.외출시 모자나 선글라스를 착용해주세요.자외선 차단제를 발라주세요.,보통,21,보통,39,보통,61.0,,호흡기가 예민하신 분들은 몸상태 유의하며 활동해주세요.,
2026-06-06T10:14:21.794546+09:00,광나루한강공원,광나루한강공원,POI087,KEY_3,2026-06-06 10:11,22.7,29.0,19.0,58,ENE,1.4,-,없음,비 또는 눈 소식이 없어요.,05:11,19:51,5,보통,2-3시간 햇볕에 노출 시 피부 화상을 입을 수 있어요.외출시 모자나 선글라스를 착용해주세요.자외선 차단제를 발라주세요.,보통,22,보통,34,보통,58.0,,호흡기가 예민하신 분들은 몸상태 유의하며 활동해주세요.,
2026-06-06T10:14:21.794546+09:00,광화문광장,광화문광장,POI088,KEY_4,2026-06-06 10:11,22.4,29.0,19.0,57,NE,2.0,-,없음,비 또는 눈 소식이 없어요.,05:11,19:51,5,보통,2-3시간 햇볕에 노출 시 피부 화상을 입을 수 있어요.외출시 모자나 선글라스를 착용해주세요.자외선 차단제를 발라주세요.,좋음,15,좋음,27,보통,56.0,,호흡기가 예민하신 분들은 몸상태 유의하며 활동해주세요.,
2026-06-06T10:14:21.794546+09:00,국립중앙박물관·용산가족공원,국립중앙박물관·용산가족공원,POI089,KEY_1,2026-06-06 10:11,21.7,29.0,19.0,60,E,2.2,-,없음,비 또는 눈 소식이 없어요.,05:11,19:51,5,보통,2-3시간 햇볕에 노출 시 피부 화상을 입을 수 있어요.외출시 모자나 선글라스를 착용해주세요.자외선 차단제를 발라주세요.,좋음,15,보통,41,보통,54.0,,호흡기가 예민하신 분들은 몸상태 유의하며 활동해주세요.,
2026-06-06T10:14:21.794546+09:00,난지한강공원,난지한강공원,POI090,KEY_2,2026-06-06 10:11,23.4,29.0,18.0,54,ENE,1.2,-,없음,비 또는 눈 소식이 없어요.,05:11,19:51,5,보통,2-3시간 햇볕에 노출 시 피부 화상을 입을 수 있어요.외출시 모자나 선글라스를 착용해주세요.자외선 차단제를 발라주세요.,좋음,11,좋음,29,보통,55.0,,호흡기가 예민하신 분들은 몸상태 유의하며 활동해주세요.,
2026-06-06T10:14:21.794546+09:00,남산공원,남산공원,POI091,KEY_3,2026-06-06 10:11,22.4,29.0,19.0,57,NE,2.0,-,없음,비 또는 눈 소식이 없어요.,05:11,19:51,5,보통,2-3시간 햇볕에 노출 시 피부 화상을 입을 수 있어요.외출시 모자나 선글라스를 착용해주세요.자외선 차단제를 발라주세요.,좋음,15,좋음,26,좋음,50.0,,대기질에 이상이 없어요.,
2026-06-06T10:14:21.794546+09:00,노들섬,노들섬,POI092,KEY_4,2026-06-06 10:11,21.9,29.0,19.0,64,ENE,2.9,-,없음,비 또는 눈 소식이 없어요.,05:11,19:51,5,보통,2-3시간 햇볕에 노출 시 피부 화상을 입을 수 있어요.외출시 모자나 선글라스를 착용해주세요.자외선 차단제를 발라주세요.,좋음,15,보통,41,보통,54.0,,호흡기가 예민하신 분들은 몸상태 유의하며 활동해주세요.,
2026-06-06T10:14:21.794546+09:00,뚝섬한강공원,뚝섬한강공원,POI093,KEY_1,2026-06-06 10:11,21.7,29.0,19.0,60,E,2.2,-,없음,비 또는 눈 소식이 없어요.,05:11,19:51,5,보통,2-3시간 햇볕에 노출 시 피부 화상을 입을 수 있어요.외출시 모자나 선글라스를 착용해주세요.자외선 차단제를 발라주세요.,좋음,12,좋음,26,보통,52.0,,호흡기가 예민하신 분들은 몸상태 유의하며 활동해주세요.,
2026-06-06T10:14:21.794546+09:00,망원한강공원,망원한강공원,POI094,KEY_2,2026-06-06 10:11,21.9,29.0,19.0,64,ENE,2.9,-,없음,비 또는 눈 소식이 없어요.,05:11,19:51,5,보통,2-3시간 햇볕에 노출 시 피부 화상을 입을 수 있어요.외출시 모자나 선글라스를 착용해주세요.자외선 차단제를 발라주세요.,좋음,8,좋음,29,보통,54.0,,호흡기가 예민하신 분들은 몸상태 유의하며 활동해주세요.,
2026-06-06T10:14:21.794546+09:00,반포한강공원,반포한강공원,POI095,KEY_3,2026-06-06 10:11,21.7,29.0,19.0,60,E,2.2,-,없음,비 또는 눈 소식이 없어요.,05:11,19:51,5,보통,2-3시간 햇볕에 노출 시 피부 화상을 입을 수 있어요.외출시 모자나 선글라스를 착용해주세요.자외선 차단제를 발라주세요.,좋음,15,보통,41,보통,54.0,,호흡기가 예민하신 분들은 몸상태 유의하며 활동해주세요.,
2026-06-06T10:14:21.794546+09:00,보라매공원,보라매공원,POI123,KEY_4,2026-06-06 10:11,23.4,29.0,19.0,50,NNE,1.9,-,없음,비 또는 눈 소식이 없어요.,05:11,19:51,5,보통,2-3시간 햇볕에 노출 시 피부 화상을 입을 수 있어요.외출시 모자나 선글라스를 착용해주세요.자외선 차단제를 발라주세요.,좋음,15,좋음,26,보통,60.0,,호흡기가 예민하신 분들은 몸상태 유의하며 활동해주세요.,
2026-06-06T10:14:21.794546+09:00,북서울꿈의숲,북서울꿈의숲,POI096,KEY_1,2026-06-06 10:11,22.1,29.0,18.0,51,NE,0.7,-,없음,비 또는 눈 소식이 없어요.,05:11,19:51,5,보통,2-3시간 햇볕에 노출 시 피부 화상을 입을 수 있어요.외출시 모자나 선글라스를 착용해주세요.자외선 차단제를 발라주세요.,점검중,0,좋음,22,보통,53.0,,호흡기가 예민하신 분들은 몸상태 유의하며 활동해주세요.,
2026-06-06T10:14:21.794546+09:00,서대문독립공원,서대문독립공원,POI124,KEY_2,2026-06-06 10:11,22.4,29.0,19.0,57,NE,2.0,-,없음,비 또는 눈 소식이 없어요.,05:11,19:51,5,보통,2-3시간 햇볕에 노출 시 피부 화상을 입을 수 있어요.외출시 모자나 선글라스를 착용해주세요.자외선 차단제를 발라주세요.,좋음,15,좋음,27,보통,56.0,,호흡기가 예민하신 분들은 몸상태 유의하며 활동해주세요.,
2026-06-06T10:14:21.794546+09:00,서리풀공원·몽마르뜨공원,서리풀공원·몽마르뜨공원,POI098,KEY_3,2026-06-06 10:11,22.9,30.0,18.0,59,ENE,1.3,-,없음,비 또는 눈 소식이 없어요.,05:11,19:51,5,보통,2-3시간 햇볕에 노출 시 피부 화상을 입을 수 있어요.외출시 모자나 선글라스를 착용해주세요.자외선 차단제를 발라주세요.,보통,19,보통,31,보통,60.0,,호흡기가 예민하신 분들은 몸상태 유의하며 활동해주세요.,
2026-06-06T10:14:21.794546+09:00,서울숲공원,서울숲공원,POI101,KEY_1,2026-06-06 10:11,21.7,29.0,19.0,60,E,2.2,-,없음,비 또는 눈 소식이 없어요.,05:11,19:51,5,보통,2-3시간 햇볕에 노출 시 피부 화상을 입을 수 있어요.외출시 모자나 선글라스를 착용해주세요.자외선 차단제를 발라주세요.,보통,18,좋음,27,좋음,47.0,,대기질에 이상이 없어요.,
2026-06-06T10:14:21.794546+09:00,송현녹지광장,송현녹지광장,POI129,KEY_2,2026-06-06 10:11,22.4,29.0,19.0,57,NE,2.0,-,없음,비 또는 눈 소식이 없어요.,05:11,19:51,5,보통,2-3시간 햇볕에 노출 시 피부 화상을 입을 수 있어요.외출시 모자나 선글라스를 착용해주세요.자외선 차단제를 발라주세요.,좋음,15,좋음,27,보통,56.0,,호흡기가 예민하신 분들은 몸상태 유의하며 활동해주세요.,
2026-06-06T10:14:21.794546+09:00,아차산,아차산,POI102,KEY_3,2026-06-06 10:11,21.8,29.0,19.0,54,NE,2.1,-,없음,비 또는 눈 소식이 없어요.,05:11,19:51,5,보통,2-3시간 햇볕에 노출 시 피부 화상을 입을 수 있어요.외출시 모자나 선글라스를 착용해주세요.자외선 차단제를 발라주세요.,좋음,12,좋음,26,보통,52.0,,호흡기가 예민하신 분들은 몸상태 유의하며 활동해주세요.,
2026-06-06T10:14:21.794546+09:00,안양천,안양천,POI125,KEY_4,2026-06-06 10:11,22.9,29.0,19.0,53,NE,1.5,-,없음,비 또는 눈 소식이 없어요.,05:11,19:51,5,보통,2-3시간 햇볕에 노출 시 피부 화상을 입을 수 있어요.외출시 모자나 선글라스를 착용해주세요.자외선 차단제를 발라주세요.,좋음,11,좋음,27,보통,55.0,,호흡기가 예민하신 분들은 몸상태 유의하며 활동해주세요.,
2026-06-06T10:14:21.794546+09:00,양화한강공원,양화한강공원,POI103,KEY_1,2026-06-06 10:11,22.9,29.0,19.0,53,NE,1.5,-,없음,비 또는 눈 소식이 없어요.,05:11,19:51,5,보통,2-3시간 햇볕에 노출 시 피부 화상을 입을 수 있어요.외출시 모자나 선글라스를 착용해주세요.자외선 차단제를 발라주세요.,보통,17,좋음,25,보통,53.0,,호흡기가 예민하신 분들은 몸상태 유의하며 활동해주세요.,
2026-06-06T10:14:21.794546+09:00,어린이대공원,어린이대공원,POI104,KEY_2,2026-06-06 10:11,22.7,29.0,19.0,58,ENE,1.4,-,없음,비 또는 눈 소식이 없어요.,05:11,19:51,5,보통,2-3시간 햇볕에 노출 시 피부 화상을 입을 수 있어요.외출시 모자나 선글라스를 착용해주세요.자외선 차단제를 발라주세요.,좋음,12,좋음,26,보통,52.0,,호흡기가 예민하신 분들은 몸상태 유의하며 활동해주세요.,
2026-06-06T10:14:21.794546+09:00,여의도한강공원,여의도한강공원,POI105,KEY_3,2026-06-06 10:11,21.9,29.0,19.0,64,ENE,2.9,-,없음,비 또는 눈 소식이 없어요.,05:11,19:51,5,보통,2-3시간 햇볕에 노출 시 피부 화상을 입을 수 있어요.외출시 모자나 선글라스를 착용해주세요.자외선 차단제를 발라주세요.,보통,17,좋음,25,보통,53.0,,호흡기가 예민하신 분들은 몸상태 유의하며 활동해주세요.,
2026-06-06T10:14:21.794546+09:00,여의서로,여의서로,POI126,KEY_4,2026-06-06 10:11,21.9,29.0,19.0,64,ENE,2.9,-,없음,비 또는 눈 소식이 없어요.,05:11,19:51,5,보통,2-3시간 햇볕에 노출 시 피부 화상을 입을 수 있어요.외출시 모자나 선글라스를 착용해주세요.자외선 차단제를 발라주세요.,보통,17,좋음,25,보통,53.0,,호흡기가 예민하신 분들은 몸상태 유의하며 활동해주세요.,
2026-06-06T10:14:21.794546+09:00,올림픽공원,올림픽공원,POI127,KEY_1,2026-06-06 10:11,22.7,29.0,19.0,58,ENE,1.4,-,없음,비 또는 눈 소식이 없어요.,05:11,19:51,5,보통,2-3시간 햇볕에 노출 시 피부 화상을 입을 수 있어요.외출시 모자나 선글라스를 착용해주세요.자외선 차단제를 발라주세요.,보통,17,좋음,26,보통,52.0,,호흡기가 예민하신 분들은 몸상태 유의하며 활동해주세요.,
2026-06-06T10:14:21.794546+09:00,월드컵공원,월드컵공원,POI106,KEY_2,2026-06-06 10:11,23.4,29.0,18.0,54,ENE,1.2,-,없음,비 또는 눈 소식이 없어요.,05:11,19:51,5,보통,2-3시간 햇볕에 노출 시 피부 화상을 입을 수 있어요.외출시 모자나 선글라스를 착용해주세요.자외선 차단제를 발라주세요.,좋음,8,좋음,29,보통,54.0,,호흡기가 예민하신 분들은 몸상태 유의하며 활동해주세요.,
2026-06-06T10:14:21.794546+09:00,응봉산,응봉산,POI107,KEY_3,2026-06-06 10:11,21.7,29.0,19.0,60,E,2.2,-,없음,비 또는 눈 소식이 없어요.,05:11,19:51,5,보통,2-3시간 햇볕에 노출 시 피부 화상을 입을 수 있어요.외출시 모자나 선글라스를 착용해주세요.자외선 차단제를 발라주세요.,보통,18,좋음,27,좋음,47.0,,대기질에 이상이 없어요.,
2026-06-06T10:14:21.794546+09:00,이촌한강공원,이촌한강공원,POI108,KEY_4,2026-06-06 10:11,21.7,29.0,19.0,60,E,2.2,-,없음,비 또는 눈 소식이 없어요.,05:11,19:51,5,보통,2-3시간 햇볕에 노출 시 피부 화상을 입을 수 있어요.외출시 모자나 선글라스를 착용해주세요.자외선 차단제를 발라주세요.,좋음,15,보통,41,보통,54.0,,호흡기가 예민하신 분들은 몸상태 유의하며 활동해주세요.,
2026-06-06T10:14:21.794546+09:00,잠실종합운동장,잠실종합운동장,POI109,KEY_1,2026-06-06 10:11,23.2,29.0,19.0,52,NE,2.3,-,없음,비 또는 눈 소식이 없어요.,05:11,19:51,5,보통,2-3시간 햇볕에 노출 시 피부 화상을 입을 수 있어요.외출시 모자나 선글라스를 착용해주세요.자외선 차단제를 발라주세요.,보통,17,좋음,26,보통,52.0,,호흡기가 예민하신 분들은 몸상태 유의하며 활동해주세요.,
2026-06-06T10:14:21.794546+09:00,잠실한강공원,잠실한강공원,POI110,KEY_2,2026-06-06 10:11,22.7,29.0,19.0,58,ENE,1.4,-,없음,비 또는 눈 소식이 없어요.,05:11,19:51,5,보통,2-3시간 햇볕에 노출 시 피부 화상을 입을 수 있어요.외출시 모자나 선글라스를 착용해주세요.자외선 차단제를 발라주세요.,좋음,12,좋음,26,보통,52.0,,호흡기가 예민하신 분들은 몸상태 유의하며 활동해주세요.,
2026-06-06T10:14:21.794546+09:00,잠원한강공원,잠원한강공원,POI111,KEY_3,2026-06-06 10:11,21.7,29.0,19.0,60,E,2.2,-,없음,비 또는 눈 소식이 없어요.,05:11,19:51,5,보통,2-3시간 햇볕에 노출 시 피부 화상을 입을 수 있어요.외출시 모자나 선글라스를 착용해주세요.자외선 차단제를 발라주세요.,좋음,13,좋음,26,보통,53.0,,호흡기가 예민하신 분들은 몸상태 유의하며 활동해주세요.,
2026-06-06T10:14:21.794546+09:00,청계산,청계산,POI112,KEY_4,2026-06-06 10:11,22.2,29.0,18.0,54,ENE,1.5,-,없음,비 또는 눈 소식이 없어요.,05:11,19:51,5,보통,2-3시간 햇볕에 노출 시 피부 화상을 입을 수 있어요.외출시 모자나 선글라스를 착용해주세요.자외선 차단제를 발라주세요.,보통,19,보통,31,보통,60.0,,호흡기가 예민하신 분들은 몸상태 유의하며 활동해주세요.,
2026-06-06T10:14:21.794546+09:00,홍제폭포,홍제폭포,POI128,KEY_1,2026-06-06 10:11,21.8,29.0,18.0,58,E,1.4,-,없음,비 또는 눈 소식이 없어요.,05:11,19:51,5,보통,2-3시간 햇볕에 노출 시 피부 화상을 입을 수 있어요.외출시 모자나 선글라스를 착용해주세요.자외선 차단제를 발라주세요.,보통,21,보통,31,보통,57.0,,호흡기가 예민하신 분들은 몸상태 유의하며 활동해주세요.,
2026-06-06T10:14:21.794546+09:00,가락시장,가락시장,POI058,KEY_2,2026-06-06 10:11,23.2,29.0,19.0,52,NE,2.3,-,없음,비 또는 눈 소식이 없어요.,05:11,19:51,5,보통,2-3시간 햇볕에 노출 시 피부 화상을 입을 수 있어요.외출시 모자나 선글라스를 착용해주세요.자외선 차단제를 발라주세요.,보통,17,좋음,26,보통,52.0,,호흡기가 예민하신 분들은 몸상태 유의하며 활동해주세요.,
2026-06-06T10:14:21.794546+09:00,가로수길,가로수길,POI059,KEY_3,2026-06-06 10:11,21.7,29.0,19.0,60,E,2.2,-,없음,비 또는 눈 소식이 없어요.,05:11,19:51,5,보통,2-3시간 햇볕에 노출 시 피부 화상을 입을 수 있어요.외출시 모자나 선글라스를 착용해주세요.자외선 차단제를 발라주세요.,좋음,13,좋음,26,보통,53.0,,호흡기가 예민하신 분들은 몸상태 유의하며 활동해주세요.,
2026-06-06T10:14:21.794546+09:00,광장(전통)시장,광장(전통)시장,POI060,KEY_4,2026-06-06 10:11,22.4,29.0,19.0,57,NE,2.0,-,없음,비 또는 눈 소식이 없어요.,05:11,19:51,5,보통,2-3시간 햇볕에 노출 시 피부 화상을 입을 수 있어요.외출시 모자나 선글라스를 착용해주세요.자외선 차단제를 발라주세요.,좋음,15,좋음,27,보통,56.0,,호흡기가 예민하신 분들은 몸상태 유의하며 활동해주세요.,
2026-06-06T10:14:21.794546+09:00,김포공항,김포공항,POI061,KEY_1,2026-06-06 10:11,23.4,30.0,19.0,54,ENE,1.2,-,없음,비 또는 눈 소식이 없어요.,05:11,19:51,5,보통,2-3시간 햇볕에 노출 시 피부 화상을 입을 수 있어요.외출시 모자나 선글라스를 착용해주세요.자외선 차단제를 발라주세요.,좋음,11,좋음,29,보통,55.0,,호흡기가 예민하신 분들은 몸상태 유의하며 활동해주세요.,
2026-06-06T10:14:21.794546+09:00,남대문시장,남대문시장,POI115,KEY_2,2026-06-06 10:11,22.4,29.0,19.0,57,NE,2.0,-,없음,비 또는 눈 소식이 없어요.,05:11,19:51,5,보통,2-3시간 햇볕에 노출 시 피부 화상을 입을 수 있어요.외출시 모자나 선글라스를 착용해주세요.자외선 차단제를 발라주세요.,좋음,15,좋음,26,좋음,50.0,,대기질에 이상이 없어요.,
2026-06-06T10:14:21.794546+09:00,노량진,노량진,POI063,KEY_3,2026-06-06 10:11,23.4,29.0,19.0,50,NNE,1.9,-,없음,비 또는 눈 소식이 없어요.,05:11,19:51,5,보통,2-3시간 햇볕에 노출 시 피부 화상을 입을 수 있어요.외출시 모자나 선글라스를 착용해주세요.자외선 차단제를 발라주세요.,좋음,15,좋음,26,보통,60.0,,호흡기가 예민하신 분들은 몸상태 유의하며 활동해주세요.,
2026-06-06T10:14:21.794546+09:00,덕수궁길·정동길,덕수궁길·정동길,POI064,KEY_4,2026-06-06 10:11,22.4,29.0,19.0,57,NE,2.0,-,없음,비 또는 눈 소식이 없어요.,05:11,19:51,5,보통,2-3시간 햇볕에 노출 시 피부 화상을 입을 수 있어요.외출시 모자나 선글라스를 착용해주세요.자외선 차단제를 발라주세요.,좋음,15,좋음,27,보통,56.0,,호흡기가 예민하신 분들은 몸상태 유의하며 활동해주세요.,
2026-06-06T10:14:21.794546+09:00,북창동 먹자골목,북창동 먹자골목,POI114,KEY_1,2026-06-06 10:11,22.4,29.0,19.0,57,NE,2.0,-,없음,비 또는 눈 소식이 없어요.,05:11,19:51,5,보통,2-3시간 햇볕에 노출 시 피부 화상을 입을 수 있어요.외출시 모자나 선글라스를 착용해주세요.자외선 차단제를 발라주세요.,좋음,15,좋음,26,좋음,50.0,,대기질에 이상이 없어요.,
2026-06-06T10:14:21.794546+09:00,북촌한옥마을,북촌한옥마을,POI066,KEY_2,2026-06-06 10:11,22.4,29.0,19.0,57,NE,2.0,-,없음,비 또는 눈 소식이 없어요.,05:11,19:51,5,보통,2-3시간 햇볕에 노출 시 피부 화상을 입을 수 있어요.외출시 모자나 선글라스를 착용해주세요.자외선 차단제를 발라주세요.,좋음,15,좋음,27,보통,56.0,,호흡기가 예민하신 분들은 몸상태 유의하며 활동해주세요.,
2026-06-06T10:14:21.794546+09:00,서촌,서촌,POI067,KEY_3,2026-06-06 10:11,22.4,29.0,19.0,57,NE,2.0,-,없음,비 또는 눈 소식이 없어요.,05:11,19:51,5,보통,2-3시간 햇볕에 노출 시 피부 화상을 입을 수 있어요.외출시 모자나 선글라스를 착용해주세요.자외선 차단제를 발라주세요.,좋음,15,좋음,27,보통,56.0,,호흡기가 예민하신 분들은 몸상태 유의하며 활동해주세요.,
2026-06-06T10:14:21.794546+09:00,성수카페거리,성수카페거리,POI068,KEY_4,2026-06-06 10:11,21.7,29.0,19.0,60,E,2.2,-,없음,비 또는 눈 소식이 없어요.,05:11,19:51,5,보통,2-3시간 햇볕에 노출 시 피부 화상을 입을 수 있어요.외출시 모자나 선글라스를 착용해주세요.자외선 차단제를 발라주세요.,보통,18,좋음,27,좋음,47.0,,대기질에 이상이 없어요.,
2026-06-06T10:14:21.794546+09:00,송리단길·호수단길,송리단길·호수단길,POI121,KEY_1,2026-06-06 10:11,23.2,29.0,19.0,52,NE,2.3,-,없음,비 또는 눈 소식이 없어요.,05:11,19:51,5,보통,2-3시간 햇볕에 노출 시 피부 화상을 입을 수 있어요.외출시 모자나 선글라스를 착용해주세요.자외선 차단제를 발라주세요.,보통,17,좋음,26,보통,52.0,,호흡기가 예민하신 분들은 몸상태 유의하며 활동해주세요.,
2026-06-06T10:14:21.794546+09:00,신촌 스타광장,신촌 스타광장,POI122,KEY_2,2026-06-06 10:11,21.9,29.0,19.0,64,ENE,2.9,-,없음,비 또는 눈 소식이 없어요.,05:11,19:51,5,보통,2-3시간 햇볕에 노출 시 피부 화상을 입을 수 있어요.외출시 모자나 선글라스를 착용해주세요.자외선 차단제를 발라주세요.,보통,21,보통,31,보통,57.0,,호흡기가 예민하신 분들은 몸상태 유의하며 활동해주세요.,
2026-06-06T10:14:21.794546+09:00,압구정로데오거리,압구정로데오거리,POI071,KEY_3,2026-06-06 10:11,21.7,29.0,19.0,60,E,2.2,-,없음,비 또는 눈 소식이 없어요.,05:11,19:51,5,보통,2-3시간 햇볕에 노출 시 피부 화상을 입을 수 있어요.외출시 모자나 선글라스를 착용해주세요.자외선 차단제를 발라주세요.,좋음,13,좋음,26,보통,53.0,,호흡기가 예민하신 분들은 몸상태 유의하며 활동해주세요.,
2026-06-06T10:14:21.794546+09:00,여의도,여의도,POI072,KEY_4,2026-06-06 10:11,21.9,29.0,19.0,64,ENE,2.9,-,없음,비 또는 눈 소식이 없어요.,05:11,19:51,5,보통,2-3시간 햇볕에 노출 시 피부 화상을 입을 수 있어요.외출시 모자나 선글라스를 착용해주세요.자외선 차단제를 발라주세요.,보통,17,좋음,25,보통,53.0,,호흡기가 예민하신 분들은 몸상태 유의하며 활동해주세요.,
2026-06-06T10:14:21.794546+09:00,연남동,연남동,POI073,KEY_1,2026-06-06 10:11,21.8,29.0,18.0,58,E,1.4,-,없음,비 또는 눈 소식이 없어요.,05:11,19:51,5,보통,2-3시간 햇볕에 노출 시 피부 화상을 입을 수 있어요.외출시 모자나 선글라스를 착용해주세요.자외선 차단제를 발라주세요.,좋음,8,좋음,29,보통,54.0,,호흡기가 예민하신 분들은 몸상태 유의하며 활동해주세요.,
2026-06-06T10:14:21.794546+09:00,영등포 타임스퀘어,영등포 타임스퀘어,POI074,KEY_2,2026-06-06 10:11,21.9,29.0,19.0,64,ENE,2.9,-,없음,비 또는 눈 소식이 없어요.,05:11,19:51,5,보통,2-3시간 햇볕에 노출 시 피부 화상을 입을 수 있어요.외출시 모자나 선글라스를 착용해주세요.자외선 차단제를 발라주세요.,보통,17,좋음,25,보통,53.0,,호흡기가 예민하신 분들은 몸상태 유의하며 활동해주세요.,
2026-06-06T10:14:21.794546+09:00,용리단길,용리단길,POI076,KEY_3,2026-06-06 10:11,21.7,29.0,19.0,60,E,2.2,-,없음,비 또는 눈 소식이 없어요.,05:11,19:51,5,보통,2-3시간 햇볕에 노출 시 피부 화상을 입을 수 있어요.외출시 모자나 선글라스를 착용해주세요.자외선 차단제를 발라주세요.,좋음,15,보통,41,보통,54.0,,호흡기가 예민하신 분들은 몸상태 유의하며 활동해주세요.,
2026-06-06T10:14:21.794546+09:00,이태원 앤틱가구거리,이태원 앤틱가구거리,POI077,KEY_4,2026-06-06 10:11,21.7,29.0,19.0,60,E,2.2,-,없음,비 또는 눈 소식이 없어요.,05:11,19:51,5,보통,2-3시간 햇볕에 노출 시 피부 화상을 입을 수 있어요.외출시 모자나 선글라스를 착용해주세요.자외선 차단제를 발라주세요.,좋음,15,보통,41,보통,54.0,,호흡기가 예민하신 분들은 몸상태 유의하며 활동해주세요.,
2026-06-06T10:14:21.794546+09:00,익선동,익선동,POI116,KEY_1,2026-06-06 10:11,22.4,29.0,19.0,57,NE,2.0,-,없음,비 또는 눈 소식이 없어요.,05:11,19:51,5,보통,2-3시간 햇볕에 노출 시 피부 화상을 입을 수 있어요.외출시 모자나 선글라스를 착용해주세요.자외선 차단제를 발라주세요.,좋음,15,좋음,27,보통,56.0,,호흡기가 예민하신 분들은 몸상태 유의하며 활동해주세요.,
2026-06-06T10:14:21.794546+09:00,인사동,인사동,POI078,KEY_2,2026-06-06 10:11,22.4,29.0,19.0,57,NE,2.0,-,없음,비 또는 눈 소식이 없어요.,05:11,19:51,5,보통,2-3시간 햇볕에 노출 시 피부 화상을 입을 수 있어요.외출시 모자나 선글라스를 착용해주세요.자외선 차단제를 발라주세요.,좋음,15,좋음,27,보통,56.0,,호흡기가 예민하신 분들은 몸상태 유의하며 활동해주세요.,
2026-06-06T10:14:21.794546+09:00,잠실롯데타워·석촌호수,잠실롯데타워·석촌호수,POI120,KEY_3,2026-06-06 10:11,22.7,29.0,19.0,58,ENE,1.4,-,없음,비 또는 눈 소식이 없어요.,05:11,19:51,5,보통,2-3시간 햇볕에 노출 시 피부 화상을 입을 수 있어요.외출시 모자나 선글라스를 착용해주세요.자외선 차단제를 발라주세요.,보통,17,좋음,26,보통,52.0,,호흡기가 예민하신 분들은 몸상태 유의하며 활동해주세요.,
2026-06-06T10:14:21.794546+09:00,창동 신경제 중심지,창동 신경제 중심지,POI079,KEY_4,2026-06-06 10:11,20.3,29.0,18.0,66,ENE,1.1,-,없음,비 또는 눈 소식이 없어요.,05:11,19:51,5,보통,2-3시간 햇볕에 노출 시 피부 화상을 입을 수 있어요.외출시 모자나 선글라스를 착용해주세요.자외선 차단제를 발라주세요.,보통,18,좋음,29,보통,51.0,,호흡기가 예민하신 분들은 몸상태 유의하며 활동해주세요.,
2026-06-06T10:14:21.794546+09:00,청담동 명품거리,청담동 명품거리,POI080,KEY_1,2026-06-06 10:11,21.7,29.0,19.0,60,E,2.2,-,없음,비 또는 눈 소식이 없어요.,05:11,19:51,5,보통,2-3시간 햇볕에 노출 시 피부 화상을 입을 수 있어요.외출시 모자나 선글라스를 착용해주세요.자외선 차단제를 발라주세요.,좋음,13,좋음,26,보통,53.0,,호흡기가 예민하신 분들은 몸상태 유의하며 활동해주세요.,
2026-06-06T10:14:21.794546+09:00,청량리 제기동 일대 전통시장,청량리 제기동 일대 전통시장,POI081,KEY_2,2026-06-06 10:11,22.4,29.0,19.0,57,NE,1.5,-,없음,비 또는 눈 소식이 없어요.,05:11,19:51,5,보통,2-3시간 햇볕에 노출 시 피부 화상을 입을 수 있어요.외출시 모자나 선글라스를 착용해주세요.자외선 차단제를 발라주세요.,보통,18,좋음,22,보통,56.0,,호흡기가 예민하신 분들은 몸상태 유의하며 활동해주세요.,
2026-06-06T10:14:21.794546+09:00,해방촌·경리단길,해방촌·경리단길,POI082,KEY_3,2026-06-06 10:11,21.7,29.0,19.0,60,E,2.2,-,없음,비 또는 눈 소식이 없어요.,05:11,19:51,5,보통,2-3시간 햇볕에 노출 시 피부 화상을 입을 수 있어요.외출시 모자나 선글라스를 착용해주세요.자외선 차단제를 발라주세요.,좋음,15,보통,41,보통,54.0,,호흡기가 예민하신 분들은 몸상태 유의하며 활동해주세요.,
2026-06-06T10:14:21.794546+09:00,DDP(동대문디자인플라자),DDP(동대문디자인플라자),POI083,KEY_4,2026-06-06 10:11,22.4,29.0,19.0,57,NE,2.0,-,없음,비 또는 눈 소식이 없어요.,05:11,19:51,5,보통,2-3시간 햇볕에 노출 시 피부 화상을 입을 수 있어요.외출시 모자나 선글라스를 착용해주세요.자외선 차단제를 발라주세요.,좋음,15,좋음,27,보통,56.0,,호흡기가 예민하신 분들은 몸상태 유의하며 활동해주세요.,
2026-06-06T10:14:21.794546+09:00,DMC(디지털미디어시티),DMC(디지털미디어시티),POI084,KEY_1,2026-06-06 10:11,23.4,29.0,18.0,54,ENE,1.2,-,없음,비 또는 눈 소식이 없어요.,05:11,19:51,5,보통,2-3시간 햇볕에 노출 시 피부 화상을 입을 수 있어요.외출시 모자나 선글라스를 착용해주세요.자외선 차단제를 발라주세요.,좋음,8,좋음,29,보통,54.0,,호흡기가 예민하신 분들은 몸상태 유의하며 활동해주세요.,
2026-06-06T10:14:21.794546+09:00,강남역,강남역,POI014,KEY_3,2026-06-06 10:11,22.7,29.0,18.0,54,E,2.2,-,없음,비 또는 눈 소식이 없어요.,05:11,19:51,5,보통,2-3시간 햇볕에 노출 시 피부 화상을 입을 수 있어요.외출시 모자나 선글라스를 착용해주세요.자외선 차단제를 발라주세요.,보통,19,보통,31,보통,60.0,,호흡기가 예민하신 분들은 몸상태 유의하며 활동해주세요.,
2026-06-06T10:14:21.794546+09:00,건대입구역,건대입구역,POI015,KEY_4,2026-06-06 10:11,21.7,29.0,19.0,60,E,2.2,-,없음,비 또는 눈 소식이 없어요.,05:11,19:51,5,보통,2-3시간 햇볕에 노출 시 피부 화상을 입을 수 있어요.외출시 모자나 선글라스를 착용해주세요.자외선 차단제를 발라주세요.,좋음,12,좋음,26,보통,52.0,,호흡기가 예민하신 분들은 몸상태 유의하며 활동해주세요.,
2026-06-06T10:14:21.794546+09:00,고덕역,고덕역,POI016,KEY_1,2026-06-06 10:11,22.2,29.0,18.0,60,NNE,1.0,-,없음,비 또는 눈 소식이 없어요.,05:11,19:51,5,보통,2-3시간 햇볕에 노출 시 피부 화상을 입을 수 있어요.외출시 모자나 선글라스를 착용해주세요.자외선 차단제를 발라주세요.,보통,22,보통,34,보통,58.0,,호흡기가 예민하신 분들은 몸상태 유의하며 활동해주세요.,
2026-06-06T10:14:21.794546+09:00,고속터미널역,고속터미널역,POI017,KEY_2,2026-06-06 10:11,22.9,30.0,18.0,59,ENE,1.3,-,없음,비 또는 눈 소식이 없어요.,05:11,19:51,5,보통,2-3시간 햇볕에 노출 시 피부 화상을 입을 수 있어요.외출시 모자나 선글라스를 착용해주세요.자외선 차단제를 발라주세요.,보통,19,보통,31,보통,60.0,,호흡기가 예민하신 분들은 몸상태 유의하며 활동해주세요.,
2026-06-06T10:14:21.794546+09:00,교대역,교대역,POI018,KEY_3,2026-06-06 10:11,22.7,29.0,18.0,54,E,2.2,-,없음,비 또는 눈 소식이 없어요.,05:11,19:51,5,보통,2-3시간 햇볕에 노출 시 피부 화상을 입을 수 있어요.외출시 모자나 선글라스를 착용해주세요.자외선 차단제를 발라주세요.,보통,19,보통,31,보통,60.0,,호흡기가 예민하신 분들은 몸상태 유의하며 활동해주세요.,
2026-06-06T10:14:21.794546+09:00,구로디지털단지역,구로디지털단지역,POI019,KEY_4,2026-06-06 10:11,23.1,29.0,20.0,47,NNE,2.3,-,없음,비 또는 눈 소식이 없어요.,05:11,19:51,5,보통,2-3시간 햇볕에 노출 시 피부 화상을 입을 수 있어요.외출시 모자나 선글라스를 착용해주세요.자외선 차단제를 발라주세요.,보통,21,보통,39,보통,61.0,,호흡기가 예민하신 분들은 몸상태 유의하며 활동해주세요.,
2026-06-06T10:14:21.794546+09:00,구로역,구로역,POI020,KEY_1,2026-06-06 10:11,23.1,29.0,20.0,47,NNE,2.3,-,없음,비 또는 눈 소식이 없어요.,05:11,19:51,5,보통,2-3시간 햇볕에 노출 시 피부 화상을 입을 수 있어요.외출시 모자나 선글라스를 착용해주세요.자외선 차단제를 발라주세요.,보통,21,보통,39,보통,61.0,,호흡기가 예민하신 분들은 몸상태 유의하며 활동해주세요.,
2026-06-06T10:14:21.794546+09:00,군자역,군자역,POI021,KEY_2,2026-06-06 10:11,21.8,29.0,19.0,54,NE,2.1,-,없음,비 또는 눈 소식이 없어요.,05:11,19:51,5,보통,2-3시간 햇볕에 노출 시 피부 화상을 입을 수 있어요.외출시 모자나 선글라스를 착용해주세요.자외선 차단제를 발라주세요.,좋음,12,좋음,26,보통,52.0,,호흡기가 예민하신 분들은 몸상태 유의하며 활동해주세요.,
2026-06-06T10:14:21.794546+09:00,대림역,대림역,POI023,KEY_3,2026-06-06 10:11,23.1,29.0,20.0,47,NNE,2.3,-,없음,비 또는 눈 소식이 없어요.,05:11,19:51,5,보통,2-3시간 햇볕에 노출 시 피부 화상을 입을 수 있어요.외출시 모자나 선글라스를 착용해주세요.자외선 차단제를 발라주세요.,보통,17,좋음,25,보통,53.0,,호흡기가 예민하신 분들은 몸상태 유의하며 활동해주세요.,
2026-06-06T10:14:21.794546+09:00,동대문역,동대문역,POI024,KEY_4,2026-06-06 10:11,22.4,29.0,19.0,57,NE,2.0,-,없음,비 또는 눈 소식이 없어요.,05:11,19:51,5,보통,2-3시간 햇볕에 노출 시 피부 화상을 입을 수 있어요.외출시 모자나 선글라스를 착용해주세요.자외선 차단제를 발라주세요.,좋음,15,좋음,27,보통,56.0,,호흡기가 예민하신 분들은 몸상태 유의하며 활동해주세요.,
2026-06-06T10:14:21.794546+09:00,뚝섬역,뚝섬역,POI025,KEY_1,2026-06-06 10:11,21.7,29.0,19.0,60,E,2.2,-,없음,비 또는 눈 소식이 없어요.,05:11,19:51,5,보통,2-3시간 햇볕에 노출 시 피부 화상을 입을 수 있어요.외출시 모자나 선글라스를 착용해주세요.자외선 차단제를 발라주세요.,보통,18,좋음,27,좋음,47.0,,대기질에 이상이 없어요.,
2026-06-06T10:14:21.794546+09:00,미아사거리역,미아사거리역,POI026,KEY_2,2026-06-06 10:11,22.1,29.0,18.0,51,NE,0.7,-,없음,비 또는 눈 소식이 없어요.,05:11,19:51,5,보통,2-3시간 햇볕에 노출 시 피부 화상을 입을 수 있어요.외출시 모자나 선글라스를 착용해주세요.자외선 차단제를 발라주세요.,점검중,0,좋음,22,보통,53.0,,호흡기가 예민하신 분들은 몸상태 유의하며 활동해주세요.,
2026-06-06T10:14:21.794546+09:00,발산역,발산역,POI027,KEY_3,2026-06-06 10:11,23.4,30.0,19.0,54,ENE,1.2,-,없음,비 또는 눈 소식이 없어요.,05:11,19:51,5,보통,2-3시간 햇볕에 노출 시 피부 화상을 입을 수 있어요.외출시 모자나 선글라스를 착용해주세요.자외선 차단제를 발라주세요.,좋음,11,좋음,29,보통,55.0,,호흡기가 예민하신 분들은 몸상태 유의하며 활동해주세요.,
2026-06-06T10:14:21.794546+09:00,사당역,사당역,POI029,KEY_4,2026-06-06 10:11,22.9,30.0,18.0,59,ENE,1.3,-,없음,비 또는 눈 소식이 없어요.,05:11,19:51,5,보통,2-3시간 햇볕에 노출 시 피부 화상을 입을 수 있어요.외출시 모자나 선글라스를 착용해주세요.자외선 차단제를 발라주세요.,보통,19,보통,31,보통,60.0,,호흡기가 예민하신 분들은 몸상태 유의하며 활동해주세요.,
2026-06-06T10:14:21.794546+09:00,삼각지역,삼각지역,POI030,KEY_1,2026-06-06 10:11,21.7,29.0,19.0,60,E,2.2,-,없음,비 또는 눈 소식이 없어요.,05:11,19:51,5,보통,2-3시간 햇볕에 노출 시 피부 화상을 입을 수 있어요.외출시 모자나 선글라스를 착용해주세요.자외선 차단제를 발라주세요.,좋음,15,보통,41,보통,54.0,,호흡기가 예민하신 분들은 몸상태 유의하며 활동해주세요.,
2026-06-06T10:14:21.794546+09:00,서울대입구역,서울대입구역,POI031,KEY_2,2026-06-06 10:11,23.4,29.0,19.0,50,NNE,1.9,-,없음,비 또는 눈 소식이 없어요.,05:11,19:51,5,보통,2-3시간 햇볕에 노출 시 피부 화상을 입을 수 있어요.외출시 모자나 선글라스를 착용해주세요.자외선 차단제를 발라주세요.,좋음,10,좋음,26,보통,57.0,,호흡기가 예민하신 분들은 몸상태 유의하며 활동해주세요.,
2026-06-06T10:14:21.794546+09:00,서울식물원·마곡나루역,서울식물원·마곡나루역,POI032,KEY_3,2026-06-06 10:11,23.4,30.0,19.0,54,ENE,1.2,-,없음,비 또는 눈 소식이 없어요.,05:11,19:51,5,보통,2-3시간 햇볕에 노출 시 피부 화상을 입을 수 있어요.외출시 모자나 선글라스를 착용해주세요.자외선 차단제를 발라주세요.,좋음,11,좋음,29,보통,55.0,,호흡기가 예민하신 분들은 몸상태 유의하며 활동해주세요.,
2026-06-06T10:14:21.794546+09:00,서울역,서울역,POI033,KEY_4,2026-06-06 10:11,22.4,29.0,19.0,57,NE,2.0,-,없음,비 또는 눈 소식이 없어요.,05:11,19:51,5,보통,2-3시간 햇볕에 노출 시 피부 화상을 입을 수 있어요.외출시 모자나 선글라스를 착용해주세요.자외선 차단제를 발라주세요.,좋음,15,좋음,26,좋음,50.0,,대기질에 이상이 없어요.,
2026-06-06T10:14:21.794546+09:00,선릉역,선릉역,POI034,KEY_1,2026-06-06 10:11,22.7,29.0,18.0,54,E,2.2,-,없음,비 또는 눈 소식이 없어요.,05:11,19:51,5,보통,2-3시간 햇볕에 노출 시 피부 화상을 입을 수 있어요.외출시 모자나 선글라스를 착용해주세요.자외선 차단제를 발라주세요.,좋음,13,좋음,26,보통,53.0,,호흡기가 예민하신 분들은 몸상태 유의하며 활동해주세요.,
2026-06-06T10:14:21.794546+09:00,성신여대입구역,성신여대입구역,POI035,KEY_2,2026-06-06 10:11,22.4,29.0,19.0,57,NE,2.0,-,없음,비 또는 눈 소식이 없어요.,05:11,19:51,5,보통,2-3시간 햇볕에 노출 시 피부 화상을 입을 수 있어요.외출시 모자나 선글라스를 착용해주세요.자외선 차단제를 발라주세요.,보통,18,좋음,30,좋음,45.0,,대기질에 이상이 없어요.,
2026-06-06T10:14:21.794546+09:00,수유역,수유역,POI036,KEY_3,2026-06-06 10:11,22.1,29.0,18.0,51,NE,0.7,-,없음,비 또는 눈 소식이 없어요.,05:11,19:51,5,보통,2-3시간 햇볕에 노출 시 피부 화상을 입을 수 있어요.외출시 모자나 선글라스를 착용해주세요.자외선 차단제를 발라주세요.,점검중,0,좋음,22,보통,53.0,,호흡기가 예민하신 분들은 몸상태 유의하며 활동해주세요.,
2026-06-06T10:14:21.794546+09:00,숭례문,숭례문,POI131,KEY_4,2026-06-06 10:11,22.4,29.0,19.0,57,NE,2.0,-,없음,비 또는 눈 소식이 없어요.,05:11,19:51,5,보통,2-3시간 햇볕에 노출 시 피부 화상을 입을 수 있어요.외출시 모자나 선글라스를 착용해주세요.자외선 차단제를 발라주세요.,좋음,15,좋음,26,좋음,50.0,,대기질에 이상이 없어요.,
2026-06-06T10:14:21.794546+09:00,시의회 앞,시의회 앞,POI130,KEY_1,2026-06-06 10:11,22.4,29.0,19.0,57,NE,2.0,-,없음,비 또는 눈 소식이 없어요.,05:11,19:51,5,보통,2-3시간 햇볕에 노출 시 피부 화상을 입을 수 있어요.외출시 모자나 선글라스를 착용해주세요.자외선 차단제를 발라주세요.,좋음,15,좋음,26,좋음,50.0,,대기질에 이상이 없어요.,
2026-06-06T10:14:21.794546+09:00,신논현역·논현역,신논현역·논현역,POI037,KEY_2,2026-06-06 10:11,22.7,29.0,18.0,54,E,2.2,-,없음,비 또는 눈 소식이 없어요.,05:11,19:51,5,보통,2-3시간 햇볕에 노출 시 피부 화상을 입을 수 있어요.외출시 모자나 선글라스를 착용해주세요.자외선 차단제를 발라주세요.,좋음,13,좋음,26,보통,53.0,,호흡기가 예민하신 분들은 몸상태 유의하며 활동해주세요.,
2026-06-06T10:14:21.794546+09:00,신도림역,신도림역,POI038,KEY_3,2026-06-06 10:11,23.4,29.0,19.0,50,NNE,1.9,-,없음,비 또는 눈 소식이 없어요.,05:11,19:51,5,보통,2-3시간 햇볕에 노출 시 피부 화상을 입을 수 있어요.외출시 모자나 선글라스를 착용해주세요.자외선 차단제를 발라주세요.,보통,17,좋음,25,보통,53.0,,호흡기가 예민하신 분들은 몸상태 유의하며 활동해주세요.,
2026-06-06T10:14:21.794546+09:00,신림역,신림역,POI039,KEY_4,2026-06-06 10:11,23.4,29.0,19.0,50,NNE,1.9,-,없음,비 또는 눈 소식이 없어요.,05:11,19:51,5,보통,2-3시간 햇볕에 노출 시 피부 화상을 입을 수 있어요.외출시 모자나 선글라스를 착용해주세요.자외선 차단제를 발라주세요.,좋음,10,좋음,26,보통,57.0,,호흡기가 예민하신 분들은 몸상태 유의하며 활동해주세요.,
2026-06-06T10:14:21.794546+09:00,신정네거리역,신정네거리역,POI117,KEY_1,2026-06-06 10:11,22.9,29.0,19.0,53,NE,1.5,-,없음,비 또는 눈 소식이 없어요.,05:11,19:51,5,보통,2-3시간 햇볕에 노출 시 피부 화상을 입을 수 있어요.외출시 모자나 선글라스를 착용해주세요.자외선 차단제를 발라주세요.,좋음,11,좋음,27,보통,55.0,,호흡기가 예민하신 분들은 몸상태 유의하며 활동해주세요.,
2026-06-06T10:14:21.794546+09:00,신촌·이대역,신촌·이대역,POI040,KEY_2,2026-06-06 10:11,21.9,29.0,19.0,64,ENE,2.9,-,없음,비 또는 눈 소식이 없어요.,05:11,19:51,5,보통,2-3시간 햇볕에 노출 시 피부 화상을 입을 수 있어요.외출시 모자나 선글라스를 착용해주세요.자외선 차단제를 발라주세요.,보통,21,보통,31,보통,57.0,,호흡기가 예민하신 분들은 몸상태 유의하며 활동해주세요.,
2026-06-06T10:14:21.794546+09:00,쌍문역,쌍문역,POI070,KEY_3,2026-06-06 10:11,22.1,29.0,18.0,51,NE,0.7,-,없음,비 또는 눈 소식이 없어요.,05:11,19:51,5,보통,2-3시간 햇볕에 노출 시 피부 화상을 입을 수 있어요.외출시 모자나 선글라스를 착용해주세요.자외선 차단제를 발라주세요.,보통,17,좋음,28,보통,53.0,,호흡기가 예민하신 분들은 몸상태 유의하며 활동해주세요.,
2026-06-06T10:14:21.794546+09:00,양재역,양재역,POI041,KEY_4,2026-06-06 10:11,22.7,29.0,18.0,54,E,2.2,-,없음,비 또는 눈 소식이 없어요.,05:11,19:51,5,보통,2-3시간 햇볕에 노출 시 피부 화상을 입을 수 있어요.외출시 모자나 선글라스를 착용해주세요.자외선 차단제를 발라주세요.,보통,19,보통,31,보통,60.0,,호흡기가 예민하신 분들은 몸상태 유의하며 활동해주세요.,
2026-06-06T10:14:21.794546+09:00,역삼역,역삼역,POI042,KEY_1,2026-06-06 10:11,22.7,29.0,18.0,54,E,2.2,-,없음,비 또는 눈 소식이 없어요.,05:11,19:51,5,보통,2-3시간 햇볕에 노출 시 피부 화상을 입을 수 있어요.외출시 모자나 선글라스를 착용해주세요.자외선 차단제를 발라주세요.,좋음,13,좋음,26,보통,53.0,,호흡기가 예민하신 분들은 몸상태 유의하며 활동해주세요.,
2026-06-06T10:14:21.794546+09:00,연신내역,연신내역,POI043,KEY_2,2026-06-06 10:11,22.3,29.0,17.0,47,E,1.8,-,없음,비 또는 눈 소식이 없어요.,05:11,19:51,5,보통,2-3시간 햇볕에 노출 시 피부 화상을 입을 수 있어요.외출시 모자나 선글라스를 착용해주세요.자외선 차단제를 발라주세요.,보통,19,보통,33,보통,55.0,,호흡기가 예민하신 분들은 몸상태 유의하며 활동해주세요.,
2026-06-06T10:14:21.794546+09:00,오목교역·목동운동장,오목교역·목동운동장,POI044,KEY_3,2026-06-06 10:11,22.9,29.0,19.0,53,NE,1.5,-,없음,비 또는 눈 소식이 없어요.,05:11,19:51,5,보통,2-3시간 햇볕에 노출 시 피부 화상을 입을 수 있어요.외출시 모자나 선글라스를 착용해주세요.자외선 차단제를 발라주세요.,좋음,11,좋음,27,보통,55.0,,호흡기가 예민하신 분들은 몸상태 유의하며 활동해주세요.,
2026-06-06T10:14:21.794546+09:00,왕십리역,왕십리역,POI045,KEY_4,2026-06-06 10:11,22.4,29.0,19.0,57,NE,1.5,-,없음,비 또는 눈 소식이 없어요.,05:11,19:51,5,보통,2-3시간 햇볕에 노출 시 피부 화상을 입을 수 있어요.외출시 모자나 선글라스를 착용해주세요.자외선 차단제를 발라주세요.,보통,18,좋음,27,좋음,47.0,,대기질에 이상이 없어요.,
2026-06-06T10:14:21.794546+09:00,용산역,용산역,POI046,KEY_1,2026-06-06 10:11,21.9,29.0,19.0,64,ENE,2.9,-,없음,비 또는 눈 소식이 없어요.,05:11,19:51,5,보통,2-3시간 햇볕에 노출 시 피부 화상을 입을 수 있어요.외출시 모자나 선글라스를 착용해주세요.자외선 차단제를 발라주세요.,좋음,15,보통,41,보통,54.0,,호흡기가 예민하신 분들은 몸상태 유의하며 활동해주세요.,
2026-06-06T10:14:21.794546+09:00,이태원역,이태원역,POI047,KEY_2,2026-06-06 10:11,21.7,29.0,19.0,60,E,2.2,-,없음,비 또는 눈 소식이 없어요.,05:11,19:51,5,보통,2-3시간 햇볕에 노출 시 피부 화상을 입을 수 있어요.외출시 모자나 선글라스를 착용해주세요.자외선 차단제를 발라주세요.,좋음,15,보통,41,보통,54.0,,호흡기가 예민하신 분들은 몸상태 유의하며 활동해주세요.,
2026-06-06T10:14:21.794546+09:00,잠실새내역,잠실새내역,POI118,KEY_3,2026-06-06 10:11,23.2,29.0,19.0,52,NE,2.3,-,없음,비 또는 눈 소식이 없어요.,05:11,19:51,5,보통,2-3시간 햇볕에 노출 시 피부 화상을 입을 수 있어요.외출시 모자나 선글라스를 착용해주세요.자외선 차단제를 발라주세요.,보통,17,좋음,26,보통,52.0,,호흡기가 예민하신 분들은 몸상태 유의하며 활동해주세요.,
2026-06-06T10:14:21.794546+09:00,잠실역,잠실역,POI119,KEY_4,2026-06-06 10:11,22.7,29.0,19.0,58,ENE,1.4,-,없음,비 또는 눈 소식이 없어요.,05:11,19:51,5,보통,2-3시간 햇볕에 노출 시 피부 화상을 입을 수 있어요.외출시 모자나 선글라스를 착용해주세요.자외선 차단제를 발라주세요.,보통,17,좋음,26,보통,52.0,,호흡기가 예민하신 분들은 몸상태 유의하며 활동해주세요.,
2026-06-06T10:14:21.794546+09:00,장지역,장지역,POI048,KEY_1,2026-06-06 10:11,23.2,29.0,19.0,52,NE,2.3,-,없음,비 또는 눈 소식이 없어요.,05:11,19:51,5,보통,2-3시간 햇볕에 노출 시 피부 화상을 입을 수 있어요.외출시 모자나 선글라스를 착용해주세요.자외선 차단제를 발라주세요.,보통,17,좋음,26,보통,52.0,,호흡기가 예민하신 분들은 몸상태 유의하며 활동해주세요.,
2026-06-06T10:14:21.794546+09:00,장한평역,장한평역,POI049,KEY_2,2026-06-06 10:11,22.4,29.0,19.0,57,NE,1.5,-,없음,비 또는 눈 소식이 없어요.,05:11,19:51,5,보통,2-3시간 햇볕에 노출 시 피부 화상을 입을 수 있어요.외출시 모자나 선글라스를 착용해주세요.자외선 차단제를 발라주세요.,보통,18,좋음,22,보통,56.0,,호흡기가 예민하신 분들은 몸상태 유의하며 활동해주세요.,
2026-06-06T10:14:21.794546+09:00,천호역,천호역,POI050,KEY_3,2026-06-06 10:11,22.7,29.0,19.0,58,ENE,1.4,-,없음,비 또는 눈 소식이 없어요.,05:11,19:51,5,보통,2-3시간 햇볕에 노출 시 피부 화상을 입을 수 있어요.외출시 모자나 선글라스를 착용해주세요.자외선 차단제를 발라주세요.,보통,22,보통,34,보통,58.0,,호흡기가 예민하신 분들은 몸상태 유의하며 활동해주세요.,
2026-06-06T10:14:21.794546+09:00,총신대입구(이수)역,총신대입구(이수)역,POI051,KEY_4,2026-06-06 10:11,22.9,30.0,18.0,59,ENE,1.3,-,없음,비 또는 눈 소식이 없어요.,05:11,19:51,5,보통,2-3시간 햇볕에 노출 시 피부 화상을 입을 수 있어요.외출시 모자나 선글라스를 착용해주세요.자외선 차단제를 발라주세요.,좋음,15,좋음,26,보통,60.0,,호흡기가 예민하신 분들은 몸상태 유의하며 활동해주세요.,
2026-06-06T10:14:21.794546+09:00,충정로역,충정로역,POI052,KEY_1,2026-06-06 10:11,21.9,29.0,19.0,64,ENE,2.9,-,없음,비 또는 눈 소식이 없어요.,05:11,19:51,5,보통,2-3시간 햇볕에 노출 시 피부 화상을 입을 수 있어요.외출시 모자나 선글라스를 착용해주세요.자외선 차단제를 발라주세요.,보통,21,보통,31,보통,57.0,,호흡기가 예민하신 분들은 몸상태 유의하며 활동해주세요.,
2026-06-06T10:14:21.794546+09:00,합정역,합정역,POI053,KEY_2,2026-06-06 10:11,21.9,29.0,19.0,64,ENE,2.9,-,없음,비 또는 눈 소식이 없어요.,05:11,19:51,5,보통,2-3시간 햇볕에 노출 시 피부 화상을 입을 수 있어요.외출시 모자나 선글라스를 착용해주세요.자외선 차단제를 발라주세요.,좋음,8,좋음,29,보통,54.0,,호흡기가 예민하신 분들은 몸상태 유의하며 활동해주세요.,
2026-06-06T10:14:21.794546+09:00,혜화역,혜화역,POI054,KEY_3,2026-06-06 10:11,22.4,29.0,19.0,57,NE,2.0,-,없음,비 또는 눈 소식이 없어요.,05:11,19:51,5,보통,2-3시간 햇볕에 노출 시 피부 화상을 입을 수 있어요.외출시 모자나 선글라스를 착용해주세요.자외선 차단제를 발라주세요.,좋음,15,좋음,27,보통,56.0,,호흡기가 예민하신 분들은 몸상태 유의하며 활동해주세요.,
2026-06-06T10:14:21.794546+09:00,홍대입구역(2호선),홍대입구역(2호선),POI055,KEY_4,2026-06-06 10:11,21.8,29.0,18.0,58,E,1.4,-,없음,비 또는 눈 소식이 없어요.,05:11,19:51,5,보통,2-3시간 햇볕에 노출 시 피부 화상을 입을 수 있어요.외출시 모자나 선글라스를 착용해주세요.자외선 차단제를 발라주세요.,좋음,8,좋음,29,보통,54.0,,호흡기가 예민하신 분들은 몸상태 유의하며 활동해주세요.,
2026-06-06T10:14:21.794546+09:00,회기역,회기역,POI056,KEY_1,2026-06-06 10:11,22.4,29.0,19.0,57,NE,1.5,-,없음,비 또는 눈 소식이 없어요.,05:11,19:51,5,보통,2-3시간 햇볕에 노출 시 피부 화상을 입을 수 있어요.외출시 모자나 선글라스를 착용해주세요.자외선 차단제를 발라주세요.,보통,18,좋음,22,보통,56.0,,호흡기가 예민하신 분들은 몸상태 유의하며 활동해주세요.,
