fetched_at,place_name,AREA_NM,AREA_CD,_key_used,WEATHER_STTS__WEATHER_TIME,WEATHER_STTS__TEMP,WEATHER_STTS__MAX_TEMP,WEATHER_STTS__MIN_TEMP,WEATHER_STTS__HUMIDITY,WEATHER_STTS__WIND_DIRCT,WEATHER_STTS__WIND_SPD,WEATHER_STTS__PRECIPITATION,WEATHER_STTS__PRECPT_TYPE,WEATHER_STTS__PCP_MSG,WEATHER_STTS__SUNRISE,WEATHER_STTS__SUNSET,WEATHER_STTS__UV_INDEX_LVL,WEATHER_STTS__UV_INDEX,WEATHER_STTS__UV_MSG,WEATHER_STTS__PM25_INDEX,WEATHER_STTS__PM25,WEATHER_STTS__PM10_INDEX,WEATHER_STTS__PM10,WEATHER_STTS__AIR_IDX,WEATHER_STTS__AIR_IDX_MVL,WEATHER_STTS__AIR_IDX_MAIN,WEATHER_STTS__AIR_MSG,WEATHER_STTS__NEWS_LIST
2026-05-29T00:23:09.904774+09:00,경복궁,경복궁,POI008,KEY_1,2026-05-29 00:20,17.6,27.0,17.0,84,SE,2.5,-,없음,비 또는 눈 소식이 없어요.,05:14,19:45,0,낮음,햇볕에 민감한 분들은 자외선 차단제를 발라주세요.,보통,21,좋음,25,보통,54.0,,호흡기가 예민하신 분들은 몸상태 유의하며 활동해주세요.,
2026-05-29T00:23:09.904774+09:00,광화문·덕수궁,광화문·덕수궁,POI009,KEY_2,2026-05-29 00:20,17.6,27.0,17.0,84,SE,2.5,-,없음,비 또는 눈 소식이 없어요.,05:14,19:45,0,낮음,햇볕에 민감한 분들은 자외선 차단제를 발라주세요.,보통,21,좋음,25,보통,54.0,,호흡기가 예민하신 분들은 몸상태 유의하며 활동해주세요.,
2026-05-29T00:23:09.904774+09:00,보신각,보신각,POI010,KEY_3,2026-05-29 00:20,17.6,27.0,17.0,84,SE,2.5,-,없음,비 또는 눈 소식이 없어요.,05:14,19:45,0,낮음,햇볕에 민감한 분들은 자외선 차단제를 발라주세요.,보통,21,좋음,25,보통,54.0,,호흡기가 예민하신 분들은 몸상태 유의하며 활동해주세요.,
2026-05-29T00:23:09.904774+09:00,서울 암사동 유적,서울 암사동 유적,POI011,KEY_4,2026-05-29 00:20,18.2,28.0,16.0,83,ESE,2.0,-,없음,비 또는 눈 소식이 없어요.,05:14,19:45,0,낮음,햇볕에 민감한 분들은 자외선 차단제를 발라주세요.,보통,26,보통,32,보통,74.0,,호흡기가 예민하신 분들은 몸상태 유의하며 활동해주세요.,
2026-05-29T00:23:09.904774+09:00,창덕궁·종묘,창덕궁·종묘,POI012,KEY_1,2026-05-29 00:20,17.6,27.0,17.0,84,SE,2.5,-,없음,비 또는 눈 소식이 없어요.,05:14,19:45,0,낮음,햇볕에 민감한 분들은 자외선 차단제를 발라주세요.,보통,21,좋음,25,보통,54.0,,호흡기가 예민하신 분들은 몸상태 유의하며 활동해주세요.,
2026-05-29T00:23:09.904774+09:00,강남 MICE 관광특구,강남 MICE 관광특구,POI001,KEY_2,2026-05-29 00:20,17.8,27.0,17.0,85,E,2.1,-,없음,비 또는 눈 소식이 없어요.,05:14,19:45,0,낮음,햇볕에 민감한 분들은 자외선 차단제를 발라주세요.,보통,17,좋음,28,보통,68.0,,호흡기가 예민하신 분들은 몸상태 유의하며 활동해주세요.,
2026-05-29T00:23:09.904774+09:00,동대문 관광특구,동대문 관광특구,POI002,KEY_3,2026-05-29 00:20,17.6,27.0,17.0,84,SE,2.5,-,없음,비 또는 눈 소식이 없어요.,05:14,19:45,0,낮음,햇볕에 민감한 분들은 자외선 차단제를 발라주세요.,보통,21,좋음,25,보통,54.0,,호흡기가 예민하신 분들은 몸상태 유의하며 활동해주세요.,
2026-05-29T00:23:09.904774+09:00,명동 관광특구,명동 관광특구,POI003,KEY_4,2026-05-29 00:20,17.6,27.0,17.0,84,SE,2.5,-,없음,비 또는 눈 소식이 없어요.,05:14,19:45,0,낮음,햇볕에 민감한 분들은 자외선 차단제를 발라주세요.,보통,25,보통,31,보통,56.0,,호흡기가 예민하신 분들은 몸상태 유의하며 활동해주세요.,
2026-05-29T00:23:09.904774+09:00,이태원 관광특구,이태원 관광특구,POI004,KEY_1,2026-05-29 00:20,17.4,27.0,17.0,88,ESE,2.6,-,없음,비 또는 눈 소식이 없어요.,05:14,19:45,0,낮음,햇볕에 민감한 분들은 자외선 차단제를 발라주세요.,보통,21,좋음,30,보통,66.0,,호흡기가 예민하신 분들은 몸상태 유의하며 활동해주세요.,
2026-05-29T00:23:09.904774+09:00,잠실 관광특구,잠실 관광특구,POI005,KEY_2,2026-05-29 00:20,18.6,27.0,18.0,84,SE,2.5,-,없음,비 또는 눈 소식이 없어요.,05:14,19:45,0,낮음,햇볕에 민감한 분들은 자외선 차단제를 발라주세요.,보통,16,좋음,25,보통,66.0,,호흡기가 예민하신 분들은 몸상태 유의하며 활동해주세요.,
2026-05-29T00:23:09.904774+09:00,종로·청계 관광특구,종로·청계 관광특구,POI006,KEY_3,2026-05-29 00:20,17.6,27.0,17.0,84,SE,2.5,-,없음,비 또는 눈 소식이 없어요.,05:14,19:45,0,낮음,햇볕에 민감한 분들은 자외선 차단제를 발라주세요.,보통,21,좋음,25,보통,54.0,,호흡기가 예민하신 분들은 몸상태 유의하며 활동해주세요.,
2026-05-29T00:23:09.904774+09:00,홍대 관광특구,홍대 관광특구,POI007,KEY_4,2026-05-29 00:20,17.9,26.0,18.0,88,SE,1.4,-,없음,비 또는 눈 소식이 없어요.,05:14,19:45,0,낮음,햇볕에 민감한 분들은 자외선 차단제를 발라주세요.,보통,25,보통,31,보통,66.0,,호흡기가 예민하신 분들은 몸상태 유의하며 활동해주세요.,
2026-05-29T00:23:09.904774+09:00,강서한강공원,강서한강공원,POI085,KEY_1,2026-05-29 00:20,17.5,27.0,16.0,88,E,1.2,-,없음,비 또는 눈 소식이 없어요.,05:14,19:45,0,낮음,햇볕에 민감한 분들은 자외선 차단제를 발라주세요.,보통,27,보통,34,보통,63.0,,호흡기가 예민하신 분들은 몸상태 유의하며 활동해주세요.,
2026-05-29T00:23:09.904774+09:00,고척돔,고척돔,POI086,KEY_2,2026-05-29 00:20,17.3,27.0,18.0,88,ESE,1.5,-,없음,비 또는 눈 소식이 없어요.,05:14,19:45,0,낮음,햇볕에 민감한 분들은 자외선 차단제를 발라주세요.,점검중,0,보통,41,보통,81.0,,호흡기가 예민하신 분들은 몸상태 유의하며 활동해주세요.,
2026-05-29T00:23:09.904774+09:00,광나루한강공원,광나루한강공원,POI087,KEY_3,2026-05-29 00:20,18.6,27.0,18.0,84,SE,2.5,-,없음,비 또는 눈 소식이 없어요.,05:14,19:45,0,낮음,햇볕에 민감한 분들은 자외선 차단제를 발라주세요.,보통,26,보통,32,보통,74.0,,호흡기가 예민하신 분들은 몸상태 유의하며 활동해주세요.,
2026-05-29T00:23:09.904774+09:00,광화문광장,광화문광장,POI088,KEY_4,2026-05-29 00:20,17.6,27.0,17.0,84,SE,2.5,-,없음,비 또는 눈 소식이 없어요.,05:14,19:45,0,낮음,햇볕에 민감한 분들은 자외선 차단제를 발라주세요.,보통,21,좋음,25,보통,54.0,,호흡기가 예민하신 분들은 몸상태 유의하며 활동해주세요.,
2026-05-29T00:23:09.904774+09:00,국립중앙박물관·용산가족공원,국립중앙박물관·용산가족공원,POI089,KEY_1,2026-05-29 00:20,17.4,27.0,17.0,88,ESE,2.6,-,없음,비 또는 눈 소식이 없어요.,05:14,19:45,0,낮음,햇볕에 민감한 분들은 자외선 차단제를 발라주세요.,보통,21,좋음,30,보통,66.0,,호흡기가 예민하신 분들은 몸상태 유의하며 활동해주세요.,
2026-05-29T00:23:09.904774+09:00,난지한강공원,난지한강공원,POI090,KEY_2,2026-05-29 00:20,17.5,27.0,16.0,88,E,1.2,-,없음,비 또는 눈 소식이 없어요.,05:14,19:45,0,낮음,햇볕에 민감한 분들은 자외선 차단제를 발라주세요.,보통,27,보통,34,보통,63.0,,호흡기가 예민하신 분들은 몸상태 유의하며 활동해주세요.,
2026-05-29T00:23:09.904774+09:00,남산공원,남산공원,POI091,KEY_3,2026-05-29 00:20,17.6,27.0,17.0,84,SE,2.5,-,없음,비 또는 눈 소식이 없어요.,05:14,19:45,0,낮음,햇볕에 민감한 분들은 자외선 차단제를 발라주세요.,보통,25,보통,31,보통,56.0,,호흡기가 예민하신 분들은 몸상태 유의하며 활동해주세요.,
2026-05-29T00:23:09.904774+09:00,노들섬,노들섬,POI092,KEY_4,2026-05-29 00:20,17.9,26.0,18.0,88,SE,1.4,-,없음,비 또는 눈 소식이 없어요.,05:14,19:45,0,낮음,햇볕에 민감한 분들은 자외선 차단제를 발라주세요.,보통,21,좋음,30,보통,66.0,,호흡기가 예민하신 분들은 몸상태 유의하며 활동해주세요.,
2026-05-29T00:23:09.904774+09:00,뚝섬한강공원,뚝섬한강공원,POI093,KEY_1,2026-05-29 00:20,17.4,27.0,18.0,88,ESE,2.6,-,없음,비 또는 눈 소식이 없어요.,05:14,19:45,0,낮음,햇볕에 민감한 분들은 자외선 차단제를 발라주세요.,보통,17,좋음,29,보통,68.0,,호흡기가 예민하신 분들은 몸상태 유의하며 활동해주세요.,
2026-05-29T00:23:09.904774+09:00,망원한강공원,망원한강공원,POI094,KEY_2,2026-05-29 00:20,17.9,26.0,18.0,88,SE,1.4,-,없음,비 또는 눈 소식이 없어요.,05:14,19:45,0,낮음,햇볕에 민감한 분들은 자외선 차단제를 발라주세요.,보통,25,보통,31,보통,66.0,,호흡기가 예민하신 분들은 몸상태 유의하며 활동해주세요.,
2026-05-29T00:23:09.904774+09:00,반포한강공원,반포한강공원,POI095,KEY_3,2026-05-29 00:20,17.4,27.0,17.0,88,ESE,2.6,-,없음,비 또는 눈 소식이 없어요.,05:14,19:45,0,낮음,햇볕에 민감한 분들은 자외선 차단제를 발라주세요.,보통,21,좋음,30,보통,66.0,,호흡기가 예민하신 분들은 몸상태 유의하며 활동해주세요.,
2026-05-29T00:23:09.904774+09:00,보라매공원,보라매공원,POI123,KEY_4,2026-05-29 00:20,16.5,26.0,17.0,87,ESE,1.3,-,없음,비 또는 눈 소식이 없어요.,05:14,19:45,0,낮음,햇볕에 민감한 분들은 자외선 차단제를 발라주세요.,보통,24,보통,35,보통,71.0,,호흡기가 예민하신 분들은 몸상태 유의하며 활동해주세요.,
2026-05-29T00:23:09.904774+09:00,북서울꿈의숲,북서울꿈의숲,POI096,KEY_1,2026-05-29 00:20,17.1,27.0,16.0,86,NE,0.1,-,없음,비 또는 눈 소식이 없어요.,05:14,19:45,0,낮음,햇볕에 민감한 분들은 자외선 차단제를 발라주세요.,좋음,13,좋음,22,보통,54.0,,호흡기가 예민하신 분들은 몸상태 유의하며 활동해주세요.,
2026-05-29T00:23:09.904774+09:00,서대문독립공원,서대문독립공원,POI124,KEY_2,2026-05-29 00:20,17.6,27.0,17.0,84,SE,2.5,-,없음,비 또는 눈 소식이 없어요.,05:14,19:45,0,낮음,햇볕에 민감한 분들은 자외선 차단제를 발라주세요.,보통,21,좋음,25,보통,54.0,,호흡기가 예민하신 분들은 몸상태 유의하며 활동해주세요.,
2026-05-29T00:23:09.904774+09:00,서리풀공원·몽마르뜨공원,서리풀공원·몽마르뜨공원,POI098,KEY_3,2026-05-29 00:20,17.3,27.0,16.0,92,ESE,0.8,-,없음,비 또는 눈 소식이 없어요.,05:14,19:45,0,낮음,햇볕에 민감한 분들은 자외선 차단제를 발라주세요.,보통,29,보통,42,보통,73.0,,호흡기가 예민하신 분들은 몸상태 유의하며 활동해주세요.,
2026-05-29T00:23:09.904774+09:00,서울숲공원,서울숲공원,POI101,KEY_1,2026-05-29 00:20,17.4,27.0,18.0,88,ESE,2.6,-,없음,비 또는 눈 소식이 없어요.,05:14,19:45,0,낮음,햇볕에 민감한 분들은 자외선 차단제를 발라주세요.,보통,18,좋음,29,보통,64.0,,호흡기가 예민하신 분들은 몸상태 유의하며 활동해주세요.,
2026-05-29T00:23:09.904774+09:00,송현녹지광장,송현녹지광장,POI129,KEY_2,2026-05-29 00:20,17.6,27.0,17.0,84,SE,2.5,-,없음,비 또는 눈 소식이 없어요.,05:14,19:45,0,낮음,햇볕에 민감한 분들은 자외선 차단제를 발라주세요.,보통,21,좋음,25,보통,54.0,,호흡기가 예민하신 분들은 몸상태 유의하며 활동해주세요.,
2026-05-29T00:23:09.904774+09:00,아차산,아차산,POI102,KEY_3,2026-05-29 00:20,18.2,27.0,17.0,82,E,2.3,-,없음,비 또는 눈 소식이 없어요.,05:14,19:45,0,낮음,햇볕에 민감한 분들은 자외선 차단제를 발라주세요.,보통,17,좋음,29,보통,68.0,,호흡기가 예민하신 분들은 몸상태 유의하며 활동해주세요.,
2026-05-29T00:23:09.904774+09:00,안양천,안양천,POI125,KEY_4,2026-05-29 00:20,17.4,27.0,18.0,87,ESE,1.4,-,없음,비 또는 눈 소식이 없어요.,05:14,19:45,0,낮음,햇볕에 민감한 분들은 자외선 차단제를 발라주세요.,보통,25,보통,41,보통,67.0,,호흡기가 예민하신 분들은 몸상태 유의하며 활동해주세요.,
2026-05-29T00:23:09.904774+09:00,양화한강공원,양화한강공원,POI103,KEY_1,2026-05-29 00:20,17.4,27.0,18.0,87,ESE,1.4,-,없음,비 또는 눈 소식이 없어요.,05:14,19:45,0,낮음,햇볕에 민감한 분들은 자외선 차단제를 발라주세요.,보통,25,보통,35,보통,69.0,,호흡기가 예민하신 분들은 몸상태 유의하며 활동해주세요.,
2026-05-29T00:23:09.904774+09:00,어린이대공원,어린이대공원,POI104,KEY_2,2026-05-29 00:20,18.6,27.0,18.0,84,SE,2.5,-,없음,비 또는 눈 소식이 없어요.,05:14,19:45,0,낮음,햇볕에 민감한 분들은 자외선 차단제를 발라주세요.,보통,17,좋음,29,보통,68.0,,호흡기가 예민하신 분들은 몸상태 유의하며 활동해주세요.,
2026-05-29T00:23:09.904774+09:00,여의도한강공원,여의도한강공원,POI105,KEY_3,2026-05-29 00:20,17.9,26.0,18.0,88,SE,1.4,-,없음,비 또는 눈 소식이 없어요.,05:14,19:45,0,낮음,햇볕에 민감한 분들은 자외선 차단제를 발라주세요.,보통,25,보통,35,보통,69.0,,호흡기가 예민하신 분들은 몸상태 유의하며 활동해주세요.,
2026-05-29T00:23:09.904774+09:00,여의서로,여의서로,POI126,KEY_4,2026-05-29 00:20,17.9,26.0,18.0,88,SE,1.4,-,없음,비 또는 눈 소식이 없어요.,05:14,19:45,0,낮음,햇볕에 민감한 분들은 자외선 차단제를 발라주세요.,보통,25,보통,35,보통,69.0,,호흡기가 예민하신 분들은 몸상태 유의하며 활동해주세요.,
2026-05-29T00:23:09.904774+09:00,올림픽공원,올림픽공원,POI127,KEY_1,2026-05-29 00:20,18.6,27.0,18.0,84,SE,2.5,-,없음,비 또는 눈 소식이 없어요.,05:14,19:45,0,낮음,햇볕에 민감한 분들은 자외선 차단제를 발라주세요.,보통,16,좋음,25,보통,66.0,,호흡기가 예민하신 분들은 몸상태 유의하며 활동해주세요.,
2026-05-29T00:23:09.904774+09:00,월드컵공원,월드컵공원,POI106,KEY_2,2026-05-29 00:20,17.5,27.0,16.0,88,E,1.2,-,없음,비 또는 눈 소식이 없어요.,05:14,19:45,0,낮음,햇볕에 민감한 분들은 자외선 차단제를 발라주세요.,보통,25,보통,31,보통,66.0,,호흡기가 예민하신 분들은 몸상태 유의하며 활동해주세요.,
2026-05-29T00:23:09.904774+09:00,응봉산,응봉산,POI107,KEY_3,2026-05-29 00:20,17.4,27.0,18.0,88,ESE,2.6,-,없음,비 또는 눈 소식이 없어요.,05:14,19:45,0,낮음,햇볕에 민감한 분들은 자외선 차단제를 발라주세요.,보통,18,좋음,29,보통,64.0,,호흡기가 예민하신 분들은 몸상태 유의하며 활동해주세요.,
2026-05-29T00:23:09.904774+09:00,이촌한강공원,이촌한강공원,POI108,KEY_4,2026-05-29 00:20,17.4,27.0,17.0,88,ESE,2.6,-,없음,비 또는 눈 소식이 없어요.,05:14,19:45,0,낮음,햇볕에 민감한 분들은 자외선 차단제를 발라주세요.,보통,21,좋음,30,보통,66.0,,호흡기가 예민하신 분들은 몸상태 유의하며 활동해주세요.,
2026-05-29T00:23:09.904774+09:00,잠실종합운동장,잠실종합운동장,POI109,KEY_1,2026-05-29 00:20,18.7,27.0,17.0,81,ESE,1.0,-,없음,비 또는 눈 소식이 없어요.,05:14,19:45,0,낮음,햇볕에 민감한 분들은 자외선 차단제를 발라주세요.,보통,16,좋음,25,보통,66.0,,호흡기가 예민하신 분들은 몸상태 유의하며 활동해주세요.,
2026-05-29T00:23:09.904774+09:00,잠실한강공원,잠실한강공원,POI110,KEY_2,2026-05-29 00:20,18.6,27.0,18.0,84,SE,2.5,-,없음,비 또는 눈 소식이 없어요.,05:14,19:45,0,낮음,햇볕에 민감한 분들은 자외선 차단제를 발라주세요.,보통,17,좋음,29,보통,68.0,,호흡기가 예민하신 분들은 몸상태 유의하며 활동해주세요.,
2026-05-29T00:23:09.904774+09:00,잠원한강공원,잠원한강공원,POI111,KEY_3,2026-05-29 00:20,17.4,27.0,18.0,88,ESE,2.6,-,없음,비 또는 눈 소식이 없어요.,05:14,19:45,0,낮음,햇볕에 민감한 분들은 자외선 차단제를 발라주세요.,보통,17,좋음,28,보통,68.0,,호흡기가 예민하신 분들은 몸상태 유의하며 활동해주세요.,
2026-05-29T00:23:09.904774+09:00,청계산,청계산,POI112,KEY_4,2026-05-29 00:20,15.0,26.0,16.0,98,SE,0.7,-,없음,비 또는 눈 소식이 없어요.,05:14,19:45,0,낮음,햇볕에 민감한 분들은 자외선 차단제를 발라주세요.,보통,29,보통,42,보통,73.0,,호흡기가 예민하신 분들은 몸상태 유의하며 활동해주세요.,
2026-05-29T00:23:09.904774+09:00,홍제폭포,홍제폭포,POI128,KEY_1,2026-05-29 00:20,16.7,26.0,16.0,92,SE,0.3,-,없음,비 또는 눈 소식이 없어요.,05:14,19:45,0,낮음,햇볕에 민감한 분들은 자외선 차단제를 발라주세요.,보통,20,보통,34,점검중,점검중,,원본 시스템 서비스 점검중입니다.,
2026-05-29T00:23:09.904774+09:00,가락시장,가락시장,POI058,KEY_2,2026-05-29 00:20,18.7,27.0,17.0,81,ESE,1.0,-,없음,비 또는 눈 소식이 없어요.,05:14,19:45,0,낮음,햇볕에 민감한 분들은 자외선 차단제를 발라주세요.,보통,16,좋음,25,보통,66.0,,호흡기가 예민하신 분들은 몸상태 유의하며 활동해주세요.,
2026-05-29T00:23:09.904774+09:00,가로수길,가로수길,POI059,KEY_3,2026-05-29 00:20,17.4,27.0,18.0,88,ESE,2.6,-,없음,비 또는 눈 소식이 없어요.,05:14,19:45,0,낮음,햇볕에 민감한 분들은 자외선 차단제를 발라주세요.,보통,17,좋음,28,보통,68.0,,호흡기가 예민하신 분들은 몸상태 유의하며 활동해주세요.,
2026-05-29T00:23:09.904774+09:00,광장(전통)시장,광장(전통)시장,POI060,KEY_4,2026-05-29 00:20,17.6,27.0,17.0,84,SE,2.5,-,없음,비 또는 눈 소식이 없어요.,05:14,19:45,0,낮음,햇볕에 민감한 분들은 자외선 차단제를 발라주세요.,보통,21,좋음,25,보통,54.0,,호흡기가 예민하신 분들은 몸상태 유의하며 활동해주세요.,
2026-05-29T00:23:09.904774+09:00,김포공항,김포공항,POI061,KEY_1,2026-05-29 00:20,17.5,27.0,16.0,88,E,1.2,-,없음,비 또는 눈 소식이 없어요.,05:14,19:45,0,낮음,햇볕에 민감한 분들은 자외선 차단제를 발라주세요.,보통,27,보통,34,보통,63.0,,호흡기가 예민하신 분들은 몸상태 유의하며 활동해주세요.,
2026-05-29T00:23:09.904774+09:00,남대문시장,남대문시장,POI115,KEY_2,2026-05-29 00:20,17.6,27.0,17.0,84,SE,2.5,-,없음,비 또는 눈 소식이 없어요.,05:14,19:45,0,낮음,햇볕에 민감한 분들은 자외선 차단제를 발라주세요.,보통,25,보통,31,보통,56.0,,호흡기가 예민하신 분들은 몸상태 유의하며 활동해주세요.,
2026-05-29T00:23:09.904774+09:00,노량진,노량진,POI063,KEY_3,2026-05-29 00:20,16.5,26.0,17.0,87,ESE,1.3,-,없음,비 또는 눈 소식이 없어요.,05:14,19:45,0,낮음,햇볕에 민감한 분들은 자외선 차단제를 발라주세요.,보통,24,보통,35,보통,71.0,,호흡기가 예민하신 분들은 몸상태 유의하며 활동해주세요.,
2026-05-29T00:23:09.904774+09:00,덕수궁길·정동길,덕수궁길·정동길,POI064,KEY_4,2026-05-29 00:20,17.6,27.0,17.0,84,SE,2.5,-,없음,비 또는 눈 소식이 없어요.,05:14,19:45,0,낮음,햇볕에 민감한 분들은 자외선 차단제를 발라주세요.,보통,21,좋음,25,보통,54.0,,호흡기가 예민하신 분들은 몸상태 유의하며 활동해주세요.,
2026-05-29T00:23:09.904774+09:00,북창동 먹자골목,북창동 먹자골목,POI114,KEY_1,2026-05-29 00:20,17.6,27.0,17.0,84,SE,2.5,-,없음,비 또는 눈 소식이 없어요.,05:14,19:45,0,낮음,햇볕에 민감한 분들은 자외선 차단제를 발라주세요.,보통,25,보통,31,보통,56.0,,호흡기가 예민하신 분들은 몸상태 유의하며 활동해주세요.,
2026-05-29T00:23:09.904774+09:00,북촌한옥마을,북촌한옥마을,POI066,KEY_2,2026-05-29 00:20,17.6,27.0,17.0,84,SE,2.5,-,없음,비 또는 눈 소식이 없어요.,05:14,19:45,0,낮음,햇볕에 민감한 분들은 자외선 차단제를 발라주세요.,보통,21,좋음,25,보통,54.0,,호흡기가 예민하신 분들은 몸상태 유의하며 활동해주세요.,
2026-05-29T00:23:09.904774+09:00,서촌,서촌,POI067,KEY_3,2026-05-29 00:20,17.6,27.0,17.0,84,SE,2.5,-,없음,비 또는 눈 소식이 없어요.,05:14,19:45,0,낮음,햇볕에 민감한 분들은 자외선 차단제를 발라주세요.,보통,21,좋음,25,보통,54.0,,호흡기가 예민하신 분들은 몸상태 유의하며 활동해주세요.,
2026-05-29T00:23:09.904774+09:00,성수카페거리,성수카페거리,POI068,KEY_4,2026-05-29 00:20,17.4,27.0,18.0,88,ESE,2.6,-,없음,비 또는 눈 소식이 없어요.,05:14,19:45,0,낮음,햇볕에 민감한 분들은 자외선 차단제를 발라주세요.,보통,18,좋음,29,보통,64.0,,호흡기가 예민하신 분들은 몸상태 유의하며 활동해주세요.,
2026-05-29T00:23:09.904774+09:00,송리단길·호수단길,송리단길·호수단길,POI121,KEY_1,2026-05-29 00:20,18.7,27.0,17.0,81,ESE,1.0,-,없음,비 또는 눈 소식이 없어요.,05:14,19:45,0,낮음,햇볕에 민감한 분들은 자외선 차단제를 발라주세요.,보통,16,좋음,25,보통,66.0,,호흡기가 예민하신 분들은 몸상태 유의하며 활동해주세요.,
2026-05-29T00:23:09.904774+09:00,신촌 스타광장,신촌 스타광장,POI122,KEY_2,2026-05-29 00:20,17.9,26.0,18.0,88,SE,1.4,-,없음,비 또는 눈 소식이 없어요.,05:14,19:45,0,낮음,햇볕에 민감한 분들은 자외선 차단제를 발라주세요.,보통,20,보통,34,점검중,점검중,,원본 시스템 서비스 점검중입니다.,
2026-05-29T00:23:09.904774+09:00,압구정로데오거리,압구정로데오거리,POI071,KEY_3,2026-05-29 00:20,17.4,27.0,18.0,88,ESE,2.6,-,없음,비 또는 눈 소식이 없어요.,05:14,19:45,0,낮음,햇볕에 민감한 분들은 자외선 차단제를 발라주세요.,보통,17,좋음,28,보통,68.0,,호흡기가 예민하신 분들은 몸상태 유의하며 활동해주세요.,
2026-05-29T00:23:09.904774+09:00,여의도,여의도,POI072,KEY_4,2026-05-29 00:20,17.9,26.0,18.0,88,SE,1.4,-,없음,비 또는 눈 소식이 없어요.,05:14,19:45,0,낮음,햇볕에 민감한 분들은 자외선 차단제를 발라주세요.,보통,25,보통,35,보통,69.0,,호흡기가 예민하신 분들은 몸상태 유의하며 활동해주세요.,
2026-05-29T00:23:09.904774+09:00,연남동,연남동,POI073,KEY_1,2026-05-29 00:20,16.7,26.0,16.0,92,SE,0.3,-,없음,비 또는 눈 소식이 없어요.,05:14,19:45,0,낮음,햇볕에 민감한 분들은 자외선 차단제를 발라주세요.,보통,25,보통,31,보통,66.0,,호흡기가 예민하신 분들은 몸상태 유의하며 활동해주세요.,
2026-05-29T00:23:09.904774+09:00,영등포 타임스퀘어,영등포 타임스퀘어,POI074,KEY_2,2026-05-29 00:20,17.9,26.0,18.0,88,SE,1.4,-,없음,비 또는 눈 소식이 없어요.,05:14,19:45,0,낮음,햇볕에 민감한 분들은 자외선 차단제를 발라주세요.,보통,25,보통,35,보통,69.0,,호흡기가 예민하신 분들은 몸상태 유의하며 활동해주세요.,
2026-05-29T00:23:09.904774+09:00,용리단길,용리단길,POI076,KEY_3,2026-05-29 00:20,17.4,27.0,17.0,88,ESE,2.6,-,없음,비 또는 눈 소식이 없어요.,05:14,19:45,0,낮음,햇볕에 민감한 분들은 자외선 차단제를 발라주세요.,보통,21,좋음,30,보통,66.0,,호흡기가 예민하신 분들은 몸상태 유의하며 활동해주세요.,
2026-05-29T00:23:09.904774+09:00,이태원 앤틱가구거리,이태원 앤틱가구거리,POI077,KEY_4,2026-05-29 00:20,17.4,27.0,17.0,88,ESE,2.6,-,없음,비 또는 눈 소식이 없어요.,05:14,19:45,0,낮음,햇볕에 민감한 분들은 자외선 차단제를 발라주세요.,보통,21,좋음,30,보통,66.0,,호흡기가 예민하신 분들은 몸상태 유의하며 활동해주세요.,
2026-05-29T00:23:09.904774+09:00,익선동,익선동,POI116,KEY_1,2026-05-29 00:20,17.6,27.0,17.0,84,SE,2.5,-,없음,비 또는 눈 소식이 없어요.,05:14,19:45,0,낮음,햇볕에 민감한 분들은 자외선 차단제를 발라주세요.,보통,21,좋음,25,보통,54.0,,호흡기가 예민하신 분들은 몸상태 유의하며 활동해주세요.,
2026-05-29T00:23:09.904774+09:00,인사동,인사동,POI078,KEY_2,2026-05-29 00:20,17.6,27.0,17.0,84,SE,2.5,-,없음,비 또는 눈 소식이 없어요.,05:14,19:45,0,낮음,햇볕에 민감한 분들은 자외선 차단제를 발라주세요.,보통,21,좋음,25,보통,54.0,,호흡기가 예민하신 분들은 몸상태 유의하며 활동해주세요.,
2026-05-29T00:23:09.904774+09:00,잠실롯데타워·석촌호수,잠실롯데타워·석촌호수,POI120,KEY_3,2026-05-29 00:20,18.6,27.0,18.0,84,SE,2.5,-,없음,비 또는 눈 소식이 없어요.,05:14,19:45,0,낮음,햇볕에 민감한 분들은 자외선 차단제를 발라주세요.,보통,16,좋음,25,보통,66.0,,호흡기가 예민하신 분들은 몸상태 유의하며 활동해주세요.,
2026-05-29T00:23:09.904774+09:00,창동 신경제 중심지,창동 신경제 중심지,POI079,KEY_4,2026-05-29 00:20,18.8,27.0,16.0,85,ESE,1.7,-,없음,비 또는 눈 소식이 없어요.,05:14,19:45,0,낮음,햇볕에 민감한 분들은 자외선 차단제를 발라주세요.,좋음,15,좋음,19,보통,54.0,,호흡기가 예민하신 분들은 몸상태 유의하며 활동해주세요.,
2026-05-29T00:23:09.904774+09:00,청담동 명품거리,청담동 명품거리,POI080,KEY_1,2026-05-29 00:20,17.4,27.0,18.0,88,ESE,2.6,-,없음,비 또는 눈 소식이 없어요.,05:14,19:45,0,낮음,햇볕에 민감한 분들은 자외선 차단제를 발라주세요.,보통,17,좋음,28,보통,68.0,,호흡기가 예민하신 분들은 몸상태 유의하며 활동해주세요.,
2026-05-29T00:23:09.904774+09:00,청량리 제기동 일대 전통시장,청량리 제기동 일대 전통시장,POI081,KEY_2,2026-05-29 00:20,18.4,27.0,18.0,82,SE,2.4,-,없음,비 또는 눈 소식이 없어요.,05:14,19:45,0,낮음,햇볕에 민감한 분들은 자외선 차단제를 발라주세요.,보통,18,좋음,25,보통,63.0,,호흡기가 예민하신 분들은 몸상태 유의하며 활동해주세요.,
2026-05-29T00:23:09.904774+09:00,해방촌·경리단길,해방촌·경리단길,POI082,KEY_3,2026-05-29 00:20,17.4,27.0,17.0,88,ESE,2.6,-,없음,비 또는 눈 소식이 없어요.,05:14,19:45,0,낮음,햇볕에 민감한 분들은 자외선 차단제를 발라주세요.,보통,21,좋음,30,보통,66.0,,호흡기가 예민하신 분들은 몸상태 유의하며 활동해주세요.,
2026-05-29T00:23:09.904774+09:00,DDP(동대문디자인플라자),DDP(동대문디자인플라자),POI083,KEY_4,2026-05-29 00:20,17.6,27.0,17.0,84,SE,2.5,-,없음,비 또는 눈 소식이 없어요.,05:14,19:45,0,낮음,햇볕에 민감한 분들은 자외선 차단제를 발라주세요.,보통,21,좋음,25,보통,54.0,,호흡기가 예민하신 분들은 몸상태 유의하며 활동해주세요.,
2026-05-29T00:23:09.904774+09:00,DMC(디지털미디어시티),DMC(디지털미디어시티),POI084,KEY_1,2026-05-29 00:20,17.5,27.0,16.0,88,E,1.2,-,없음,비 또는 눈 소식이 없어요.,05:14,19:45,0,낮음,햇볕에 민감한 분들은 자외선 차단제를 발라주세요.,보통,25,보통,31,보통,66.0,,호흡기가 예민하신 분들은 몸상태 유의하며 활동해주세요.,
2026-05-29T00:23:09.904774+09:00,강남역,강남역,POI014,KEY_3,2026-05-29 00:20,17.8,27.0,17.0,85,E,2.1,-,없음,비 또는 눈 소식이 없어요.,05:14,19:45,0,낮음,햇볕에 민감한 분들은 자외선 차단제를 발라주세요.,보통,29,보통,42,보통,73.0,,호흡기가 예민하신 분들은 몸상태 유의하며 활동해주세요.,
2026-05-29T00:23:09.904774+09:00,건대입구역,건대입구역,POI015,KEY_4,2026-05-29 00:20,17.4,27.0,18.0,88,ESE,2.6,-,없음,비 또는 눈 소식이 없어요.,05:14,19:45,0,낮음,햇볕에 민감한 분들은 자외선 차단제를 발라주세요.,보통,17,좋음,29,보통,68.0,,호흡기가 예민하신 분들은 몸상태 유의하며 활동해주세요.,
2026-05-29T00:23:09.904774+09:00,고덕역,고덕역,POI016,KEY_1,2026-05-29 00:20,17.3,27.0,17.0,88,ESE,2.0,-,없음,비 또는 눈 소식이 없어요.,05:14,19:45,0,낮음,햇볕에 민감한 분들은 자외선 차단제를 발라주세요.,보통,26,보통,32,보통,74.0,,호흡기가 예민하신 분들은 몸상태 유의하며 활동해주세요.,
2026-05-29T00:23:09.904774+09:00,고속터미널역,고속터미널역,POI017,KEY_2,2026-05-29 00:20,17.3,27.0,16.0,92,ESE,0.8,-,없음,비 또는 눈 소식이 없어요.,05:14,19:45,0,낮음,햇볕에 민감한 분들은 자외선 차단제를 발라주세요.,보통,29,보통,42,보통,73.0,,호흡기가 예민하신 분들은 몸상태 유의하며 활동해주세요.,
2026-05-29T00:23:09.904774+09:00,교대역,교대역,POI018,KEY_3,2026-05-29 00:20,17.8,27.0,17.0,85,E,2.1,-,없음,비 또는 눈 소식이 없어요.,05:14,19:45,0,낮음,햇볕에 민감한 분들은 자외선 차단제를 발라주세요.,보통,29,보통,42,보통,73.0,,호흡기가 예민하신 분들은 몸상태 유의하며 활동해주세요.,
2026-05-29T00:23:09.904774+09:00,구로디지털단지역,구로디지털단지역,POI019,KEY_4,2026-05-29 00:20,17.3,27.0,18.0,88,ESE,1.5,-,없음,비 또는 눈 소식이 없어요.,05:14,19:45,0,낮음,햇볕에 민감한 분들은 자외선 차단제를 발라주세요.,점검중,0,보통,41,보통,81.0,,호흡기가 예민하신 분들은 몸상태 유의하며 활동해주세요.,
2026-05-29T00:23:09.904774+09:00,구로역,구로역,POI020,KEY_1,2026-05-29 00:20,17.3,27.0,18.0,88,ESE,1.5,-,없음,비 또는 눈 소식이 없어요.,05:14,19:45,0,낮음,햇볕에 민감한 분들은 자외선 차단제를 발라주세요.,점검중,0,보통,41,보통,81.0,,호흡기가 예민하신 분들은 몸상태 유의하며 활동해주세요.,
2026-05-29T00:23:09.904774+09:00,군자역,군자역,POI021,KEY_2,2026-05-29 00:20,18.2,27.0,17.0,82,E,2.3,-,없음,비 또는 눈 소식이 없어요.,05:14,19:45,0,낮음,햇볕에 민감한 분들은 자외선 차단제를 발라주세요.,보통,17,좋음,29,보통,68.0,,호흡기가 예민하신 분들은 몸상태 유의하며 활동해주세요.,
2026-05-29T00:23:09.904774+09:00,대림역,대림역,POI023,KEY_3,2026-05-29 00:20,17.3,27.0,18.0,88,ESE,1.5,-,없음,비 또는 눈 소식이 없어요.,05:14,19:45,0,낮음,햇볕에 민감한 분들은 자외선 차단제를 발라주세요.,보통,25,보통,35,보통,69.0,,호흡기가 예민하신 분들은 몸상태 유의하며 활동해주세요.,
2026-05-29T00:23:09.904774+09:00,동대문역,동대문역,POI024,KEY_4,2026-05-29 00:20,17.6,27.0,17.0,84,SE,2.5,-,없음,비 또는 눈 소식이 없어요.,05:14,19:45,0,낮음,햇볕에 민감한 분들은 자외선 차단제를 발라주세요.,보통,21,좋음,25,보통,54.0,,호흡기가 예민하신 분들은 몸상태 유의하며 활동해주세요.,
2026-05-29T00:23:09.904774+09:00,뚝섬역,뚝섬역,POI025,KEY_1,2026-05-29 00:20,17.4,27.0,18.0,88,ESE,2.6,-,없음,비 또는 눈 소식이 없어요.,05:14,19:45,0,낮음,햇볕에 민감한 분들은 자외선 차단제를 발라주세요.,보통,18,좋음,29,보통,64.0,,호흡기가 예민하신 분들은 몸상태 유의하며 활동해주세요.,
2026-05-29T00:23:09.904774+09:00,미아사거리역,미아사거리역,POI026,KEY_2,2026-05-29 00:20,17.1,27.0,16.0,86,NE,0.1,-,없음,비 또는 눈 소식이 없어요.,05:14,19:45,0,낮음,햇볕에 민감한 분들은 자외선 차단제를 발라주세요.,좋음,13,좋음,22,보통,54.0,,호흡기가 예민하신 분들은 몸상태 유의하며 활동해주세요.,
2026-05-29T00:23:09.904774+09:00,발산역,발산역,POI027,KEY_3,2026-05-29 00:20,17.5,27.0,16.0,88,E,1.2,-,없음,비 또는 눈 소식이 없어요.,05:14,19:45,0,낮음,햇볕에 민감한 분들은 자외선 차단제를 발라주세요.,보통,27,보통,34,보통,63.0,,호흡기가 예민하신 분들은 몸상태 유의하며 활동해주세요.,
2026-05-29T00:23:09.904774+09:00,사당역,사당역,POI029,KEY_4,2026-05-29 00:20,17.3,27.0,16.0,92,ESE,0.8,-,없음,비 또는 눈 소식이 없어요.,05:14,19:45,0,낮음,햇볕에 민감한 분들은 자외선 차단제를 발라주세요.,보통,29,보통,42,보통,73.0,,호흡기가 예민하신 분들은 몸상태 유의하며 활동해주세요.,
2026-05-29T00:23:09.904774+09:00,삼각지역,삼각지역,POI030,KEY_1,2026-05-29 00:20,17.4,27.0,17.0,88,ESE,2.6,-,없음,비 또는 눈 소식이 없어요.,05:14,19:45,0,낮음,햇볕에 민감한 분들은 자외선 차단제를 발라주세요.,보통,21,좋음,30,보통,66.0,,호흡기가 예민하신 분들은 몸상태 유의하며 활동해주세요.,
2026-05-29T00:23:09.904774+09:00,서울대입구역,서울대입구역,POI031,KEY_2,2026-05-29 00:20,16.5,26.0,17.0,87,ESE,1.3,-,없음,비 또는 눈 소식이 없어요.,05:14,19:45,0,낮음,햇볕에 민감한 분들은 자외선 차단제를 발라주세요.,보통,20,보통,40,보통,73.0,,호흡기가 예민하신 분들은 몸상태 유의하며 활동해주세요.,
2026-05-29T00:23:09.904774+09:00,서울식물원·마곡나루역,서울식물원·마곡나루역,POI032,KEY_3,2026-05-29 00:20,17.5,27.0,16.0,88,E,1.2,-,없음,비 또는 눈 소식이 없어요.,05:14,19:45,0,낮음,햇볕에 민감한 분들은 자외선 차단제를 발라주세요.,보통,27,보통,34,보통,63.0,,호흡기가 예민하신 분들은 몸상태 유의하며 활동해주세요.,
2026-05-29T00:23:09.904774+09:00,서울역,서울역,POI033,KEY_4,2026-05-29 00:20,17.6,27.0,17.0,84,SE,2.5,-,없음,비 또는 눈 소식이 없어요.,05:14,19:45,0,낮음,햇볕에 민감한 분들은 자외선 차단제를 발라주세요.,보통,25,보통,31,보통,56.0,,호흡기가 예민하신 분들은 몸상태 유의하며 활동해주세요.,
2026-05-29T00:23:09.904774+09:00,선릉역,선릉역,POI034,KEY_1,2026-05-29 00:20,17.8,27.0,17.0,85,E,2.1,-,없음,비 또는 눈 소식이 없어요.,05:14,19:45,0,낮음,햇볕에 민감한 분들은 자외선 차단제를 발라주세요.,보통,17,좋음,28,보통,68.0,,호흡기가 예민하신 분들은 몸상태 유의하며 활동해주세요.,
2026-05-29T00:23:09.904774+09:00,성신여대입구역,성신여대입구역,POI035,KEY_2,2026-05-29 00:20,17.6,27.0,17.0,84,SE,2.5,-,없음,비 또는 눈 소식이 없어요.,05:14,19:45,0,낮음,햇볕에 민감한 분들은 자외선 차단제를 발라주세요.,보통,17,좋음,28,보통,59.0,,호흡기가 예민하신 분들은 몸상태 유의하며 활동해주세요.,
2026-05-29T00:23:09.904774+09:00,수유역,수유역,POI036,KEY_3,2026-05-29 00:20,17.1,27.0,16.0,86,NE,0.1,-,없음,비 또는 눈 소식이 없어요.,05:14,19:45,0,낮음,햇볕에 민감한 분들은 자외선 차단제를 발라주세요.,좋음,13,좋음,22,보통,54.0,,호흡기가 예민하신 분들은 몸상태 유의하며 활동해주세요.,
2026-05-29T00:23:09.904774+09:00,숭례문,숭례문,POI131,KEY_4,2026-05-29 00:20,17.6,27.0,17.0,84,SE,2.5,-,없음,비 또는 눈 소식이 없어요.,05:14,19:45,0,낮음,햇볕에 민감한 분들은 자외선 차단제를 발라주세요.,보통,25,보통,31,보통,56.0,,호흡기가 예민하신 분들은 몸상태 유의하며 활동해주세요.,
2026-05-29T00:23:09.904774+09:00,시의회 앞,시의회 앞,POI130,KEY_1,2026-05-29 00:20,17.6,27.0,17.0,84,SE,2.5,-,없음,비 또는 눈 소식이 없어요.,05:14,19:45,0,낮음,햇볕에 민감한 분들은 자외선 차단제를 발라주세요.,보통,25,보통,31,보통,56.0,,호흡기가 예민하신 분들은 몸상태 유의하며 활동해주세요.,
2026-05-29T00:23:09.904774+09:00,신논현역·논현역,신논현역·논현역,POI037,KEY_2,2026-05-29 00:20,17.8,27.0,17.0,85,E,2.1,-,없음,비 또는 눈 소식이 없어요.,05:14,19:45,0,낮음,햇볕에 민감한 분들은 자외선 차단제를 발라주세요.,보통,17,좋음,28,보통,68.0,,호흡기가 예민하신 분들은 몸상태 유의하며 활동해주세요.,
2026-05-29T00:23:09.904774+09:00,신도림역,신도림역,POI038,KEY_3,2026-05-29 00:20,16.5,26.0,17.0,87,ESE,1.3,-,없음,비 또는 눈 소식이 없어요.,05:14,19:45,0,낮음,햇볕에 민감한 분들은 자외선 차단제를 발라주세요.,보통,25,보통,35,보통,69.0,,호흡기가 예민하신 분들은 몸상태 유의하며 활동해주세요.,
2026-05-29T00:23:09.904774+09:00,신림역,신림역,POI039,KEY_4,2026-05-29 00:20,16.5,26.0,17.0,87,ESE,1.3,-,없음,비 또는 눈 소식이 없어요.,05:14,19:45,0,낮음,햇볕에 민감한 분들은 자외선 차단제를 발라주세요.,보통,20,보통,40,보통,73.0,,호흡기가 예민하신 분들은 몸상태 유의하며 활동해주세요.,
2026-05-29T00:23:09.904774+09:00,신정네거리역,신정네거리역,POI117,KEY_1,2026-05-29 00:20,17.4,27.0,18.0,87,ESE,1.4,-,없음,비 또는 눈 소식이 없어요.,05:14,19:45,0,낮음,햇볕에 민감한 분들은 자외선 차단제를 발라주세요.,보통,25,보통,41,보통,67.0,,호흡기가 예민하신 분들은 몸상태 유의하며 활동해주세요.,
2026-05-29T00:23:09.904774+09:00,신촌·이대역,신촌·이대역,POI040,KEY_2,2026-05-29 00:20,17.9,26.0,18.0,88,SE,1.4,-,없음,비 또는 눈 소식이 없어요.,05:14,19:45,0,낮음,햇볕에 민감한 분들은 자외선 차단제를 발라주세요.,보통,20,보통,34,점검중,점검중,,원본 시스템 서비스 점검중입니다.,
2026-05-29T00:23:09.904774+09:00,쌍문역,쌍문역,POI070,KEY_3,2026-05-29 00:20,17.1,27.0,16.0,86,NE,0.1,-,없음,비 또는 눈 소식이 없어요.,05:14,19:45,0,낮음,햇볕에 민감한 분들은 자외선 차단제를 발라주세요.,보통,18,좋음,27,보통,64.0,,호흡기가 예민하신 분들은 몸상태 유의하며 활동해주세요.,
2026-05-29T00:23:09.904774+09:00,양재역,양재역,POI041,KEY_4,2026-05-29 00:20,17.8,27.0,17.0,85,E,2.1,-,없음,비 또는 눈 소식이 없어요.,05:14,19:45,0,낮음,햇볕에 민감한 분들은 자외선 차단제를 발라주세요.,보통,29,보통,42,보통,73.0,,호흡기가 예민하신 분들은 몸상태 유의하며 활동해주세요.,
2026-05-29T00:23:09.904774+09:00,역삼역,역삼역,POI042,KEY_1,2026-05-29 00:20,17.8,27.0,17.0,85,E,2.1,-,없음,비 또는 눈 소식이 없어요.,05:14,19:45,0,낮음,햇볕에 민감한 분들은 자외선 차단제를 발라주세요.,보통,17,좋음,28,보통,68.0,,호흡기가 예민하신 분들은 몸상태 유의하며 활동해주세요.,
2026-05-29T00:23:09.904774+09:00,연신내역,연신내역,POI043,KEY_2,2026-05-29 00:20,17.1,27.0,15.0,87,N,0.3,-,없음,비 또는 눈 소식이 없어요.,05:14,19:45,0,낮음,햇볕에 민감한 분들은 자외선 차단제를 발라주세요.,보통,29,보통,33,보통,60.0,,호흡기가 예민하신 분들은 몸상태 유의하며 활동해주세요.,
2026-05-29T00:23:09.904774+09:00,오목교역·목동운동장,오목교역·목동운동장,POI044,KEY_3,2026-05-29 00:20,17.4,27.0,18.0,87,ESE,1.4,-,없음,비 또는 눈 소식이 없어요.,05:14,19:45,0,낮음,햇볕에 민감한 분들은 자외선 차단제를 발라주세요.,보통,25,보통,41,보통,67.0,,호흡기가 예민하신 분들은 몸상태 유의하며 활동해주세요.,
2026-05-29T00:23:09.904774+09:00,왕십리역,왕십리역,POI045,KEY_4,2026-05-29 00:20,18.4,27.0,18.0,82,SE,2.4,-,없음,비 또는 눈 소식이 없어요.,05:14,19:45,0,낮음,햇볕에 민감한 분들은 자외선 차단제를 발라주세요.,보통,18,좋음,29,보통,64.0,,호흡기가 예민하신 분들은 몸상태 유의하며 활동해주세요.,
2026-05-29T00:23:09.904774+09:00,용산역,용산역,POI046,KEY_1,2026-05-29 00:20,17.9,26.0,18.0,88,SE,1.4,-,없음,비 또는 눈 소식이 없어요.,05:14,19:45,0,낮음,햇볕에 민감한 분들은 자외선 차단제를 발라주세요.,보통,21,좋음,30,보통,66.0,,호흡기가 예민하신 분들은 몸상태 유의하며 활동해주세요.,
2026-05-29T00:23:09.904774+09:00,이태원역,이태원역,POI047,KEY_2,2026-05-29 00:20,17.4,27.0,17.0,88,ESE,2.6,-,없음,비 또는 눈 소식이 없어요.,05:14,19:45,0,낮음,햇볕에 민감한 분들은 자외선 차단제를 발라주세요.,보통,21,좋음,30,보통,66.0,,호흡기가 예민하신 분들은 몸상태 유의하며 활동해주세요.,
2026-05-29T00:23:09.904774+09:00,잠실새내역,잠실새내역,POI118,KEY_3,2026-05-29 00:20,18.7,27.0,17.0,81,ESE,1.0,-,없음,비 또는 눈 소식이 없어요.,05:14,19:45,0,낮음,햇볕에 민감한 분들은 자외선 차단제를 발라주세요.,보통,16,좋음,25,보통,66.0,,호흡기가 예민하신 분들은 몸상태 유의하며 활동해주세요.,
2026-05-29T00:23:09.904774+09:00,잠실역,잠실역,POI119,KEY_4,2026-05-29 00:20,18.6,27.0,18.0,84,SE,2.5,-,없음,비 또는 눈 소식이 없어요.,05:14,19:45,0,낮음,햇볕에 민감한 분들은 자외선 차단제를 발라주세요.,보통,16,좋음,25,보통,66.0,,호흡기가 예민하신 분들은 몸상태 유의하며 활동해주세요.,
2026-05-29T00:23:09.904774+09:00,장지역,장지역,POI048,KEY_1,2026-05-29 00:20,18.7,27.0,17.0,81,ESE,1.0,-,없음,비 또는 눈 소식이 없어요.,05:14,19:45,0,낮음,햇볕에 민감한 분들은 자외선 차단제를 발라주세요.,보통,16,좋음,25,보통,66.0,,호흡기가 예민하신 분들은 몸상태 유의하며 활동해주세요.,
2026-05-29T00:23:09.904774+09:00,장한평역,장한평역,POI049,KEY_2,2026-05-29 00:20,18.4,27.0,18.0,82,SE,2.4,-,없음,비 또는 눈 소식이 없어요.,05:14,19:45,0,낮음,햇볕에 민감한 분들은 자외선 차단제를 발라주세요.,보통,18,좋음,25,보통,63.0,,호흡기가 예민하신 분들은 몸상태 유의하며 활동해주세요.,
2026-05-29T00:23:09.904774+09:00,천호역,천호역,POI050,KEY_3,2026-05-29 00:20,18.6,27.0,18.0,84,SE,2.5,-,없음,비 또는 눈 소식이 없어요.,05:14,19:45,0,낮음,햇볕에 민감한 분들은 자외선 차단제를 발라주세요.,보통,26,보통,32,보통,74.0,,호흡기가 예민하신 분들은 몸상태 유의하며 활동해주세요.,
2026-05-29T00:23:09.904774+09:00,총신대입구(이수)역,총신대입구(이수)역,POI051,KEY_4,2026-05-29 00:20,17.3,27.0,16.0,92,ESE,0.8,-,없음,비 또는 눈 소식이 없어요.,05:14,19:45,0,낮음,햇볕에 민감한 분들은 자외선 차단제를 발라주세요.,보통,24,보통,35,보통,71.0,,호흡기가 예민하신 분들은 몸상태 유의하며 활동해주세요.,
2026-05-29T00:23:09.904774+09:00,충정로역,충정로역,POI052,KEY_1,2026-05-29 00:20,17.9,26.0,18.0,88,SE,1.4,-,없음,비 또는 눈 소식이 없어요.,05:14,19:45,0,낮음,햇볕에 민감한 분들은 자외선 차단제를 발라주세요.,보통,20,보통,34,점검중,점검중,,원본 시스템 서비스 점검중입니다.,
2026-05-29T00:23:09.904774+09:00,합정역,합정역,POI053,KEY_2,2026-05-29 00:20,17.9,26.0,18.0,88,SE,1.4,-,없음,비 또는 눈 소식이 없어요.,05:14,19:45,0,낮음,햇볕에 민감한 분들은 자외선 차단제를 발라주세요.,보통,25,보통,31,보통,66.0,,호흡기가 예민하신 분들은 몸상태 유의하며 활동해주세요.,
2026-05-29T00:23:09.904774+09:00,혜화역,혜화역,POI054,KEY_3,2026-05-29 00:20,17.6,27.0,17.0,84,SE,2.5,-,없음,비 또는 눈 소식이 없어요.,05:14,19:45,0,낮음,햇볕에 민감한 분들은 자외선 차단제를 발라주세요.,보통,21,좋음,25,보통,54.0,,호흡기가 예민하신 분들은 몸상태 유의하며 활동해주세요.,
2026-05-29T00:23:09.904774+09:00,홍대입구역(2호선),홍대입구역(2호선),POI055,KEY_4,2026-05-29 00:20,16.7,26.0,16.0,92,SE,0.3,-,없음,비 또는 눈 소식이 없어요.,05:14,19:45,0,낮음,햇볕에 민감한 분들은 자외선 차단제를 발라주세요.,보통,25,보통,31,보통,66.0,,호흡기가 예민하신 분들은 몸상태 유의하며 활동해주세요.,
2026-05-29T00:23:09.904774+09:00,회기역,회기역,POI056,KEY_1,2026-05-29 00:20,18.4,27.0,18.0,82,SE,2.4,-,없음,비 또는 눈 소식이 없어요.,05:14,19:45,0,낮음,햇볕에 민감한 분들은 자외선 차단제를 발라주세요.,보통,18,좋음,25,보통,63.0,,호흡기가 예민하신 분들은 몸상태 유의하며 활동해주세요.,
2026-05-29T02:27:42.818322+09:00,경복궁,경복궁,POI008,KEY_1,2026-05-29 02:20,17.4,27.0,17.0,87,ESE,1.9,-,없음,비 또는 눈 소식이 없어요.,05:14,19:45,0,낮음,햇볕에 민감한 분들은 자외선 차단제를 발라주세요.,나쁨,36,보통,49,보통,66.0,,호흡기가 예민하신 분들은 몸상태 유의하며 활동해주세요.,
2026-05-29T02:27:42.818322+09:00,광화문·덕수궁,광화문·덕수궁,POI009,KEY_2,2026-05-29 02:20,17.4,27.0,17.0,87,ESE,1.9,-,없음,비 또는 눈 소식이 없어요.,05:14,19:45,0,낮음,햇볕에 민감한 분들은 자외선 차단제를 발라주세요.,나쁨,36,보통,49,보통,66.0,,호흡기가 예민하신 분들은 몸상태 유의하며 활동해주세요.,
2026-05-29T02:27:42.818322+09:00,보신각,보신각,POI010,KEY_3,2026-05-29 02:20,17.4,27.0,17.0,87,ESE,1.9,-,없음,비 또는 눈 소식이 없어요.,05:14,19:45,0,낮음,햇볕에 민감한 분들은 자외선 차단제를 발라주세요.,나쁨,36,보통,49,보통,66.0,,호흡기가 예민하신 분들은 몸상태 유의하며 활동해주세요.,
2026-05-29T02:27:42.818322+09:00,서울 암사동 유적,서울 암사동 유적,POI011,KEY_4,2026-05-29 02:20,17.6,28.0,16.0,87,SSE,0.7,-,없음,비 또는 눈 소식이 없어요.,05:14,19:45,0,낮음,햇볕에 민감한 분들은 자외선 차단제를 발라주세요.,나쁨,40,점검중,0,보통,77.0,,호흡기가 예민하신 분들은 몸상태 유의하며 활동해주세요.,
2026-05-29T02:27:42.818322+09:00,창덕궁·종묘,창덕궁·종묘,POI012,KEY_1,2026-05-29 02:20,17.4,27.0,17.0,87,ESE,1.9,-,없음,비 또는 눈 소식이 없어요.,05:14,19:45,0,낮음,햇볕에 민감한 분들은 자외선 차단제를 발라주세요.,나쁨,36,보통,49,보통,66.0,,호흡기가 예민하신 분들은 몸상태 유의하며 활동해주세요.,
2026-05-29T02:27:42.818322+09:00,강남 MICE 관광특구,강남 MICE 관광특구,POI001,KEY_2,2026-05-29 02:20,16.6,27.0,17.0,91,E,0.7,-,없음,비 또는 눈 소식이 없어요.,05:14,19:45,0,낮음,햇볕에 민감한 분들은 자외선 차단제를 발라주세요.,보통,30,보통,46,보통,66.0,,호흡기가 예민하신 분들은 몸상태 유의하며 활동해주세요.,
2026-05-29T02:27:42.818322+09:00,동대문 관광특구,동대문 관광특구,POI002,KEY_3,2026-05-29 02:20,17.4,27.0,17.0,87,ESE,1.9,-,없음,비 또는 눈 소식이 없어요.,05:14,19:45,0,낮음,햇볕에 민감한 분들은 자외선 차단제를 발라주세요.,나쁨,36,보통,49,보통,66.0,,호흡기가 예민하신 분들은 몸상태 유의하며 활동해주세요.,
2026-05-29T02:27:42.818322+09:00,명동 관광특구,명동 관광특구,POI003,KEY_4,2026-05-29 02:20,17.4,27.0,17.0,87,ESE,1.9,-,없음,비 또는 눈 소식이 없어요.,05:14,19:45,0,낮음,햇볕에 민감한 분들은 자외선 차단제를 발라주세요.,나쁨,41,보통,50,보통,66.0,,호흡기가 예민하신 분들은 몸상태 유의하며 활동해주세요.,
2026-05-29T02:27:42.818322+09:00,이태원 관광특구,이태원 관광특구,POI004,KEY_1,2026-05-29 02:20,17.3,27.0,17.0,89,ESE,1.8,-,없음,비 또는 눈 소식이 없어요.,05:14,19:45,0,낮음,햇볕에 민감한 분들은 자외선 차단제를 발라주세요.,보통,28,보통,40,보통,64.0,,호흡기가 예민하신 분들은 몸상태 유의하며 활동해주세요.,
2026-05-29T02:27:42.818322+09:00,잠실 관광특구,잠실 관광특구,POI005,KEY_2,2026-05-29 02:20,18.4,27.0,18.0,85,SE,1.1,-,없음,비 또는 눈 소식이 없어요.,05:14,19:45,0,낮음,햇볕에 민감한 분들은 자외선 차단제를 발라주세요.,보통,16,보통,32,보통,59.0,,호흡기가 예민하신 분들은 몸상태 유의하며 활동해주세요.,
2026-05-29T02:27:42.818322+09:00,종로·청계 관광특구,종로·청계 관광특구,POI006,KEY_3,2026-05-29 02:20,17.4,27.0,17.0,87,ESE,1.9,-,없음,비 또는 눈 소식이 없어요.,05:14,19:45,0,낮음,햇볕에 민감한 분들은 자외선 차단제를 발라주세요.,나쁨,36,보통,49,보통,66.0,,호흡기가 예민하신 분들은 몸상태 유의하며 활동해주세요.,
2026-05-29T02:27:42.818322+09:00,홍대 관광특구,홍대 관광특구,POI007,KEY_4,2026-05-29 02:20,18.1,26.0,18.0,88,ESE,0.9,-,없음,비 또는 눈 소식이 없어요.,05:14,19:45,0,낮음,햇볕에 민감한 분들은 자외선 차단제를 발라주세요.,보통,32,보통,41,보통,66.0,,호흡기가 예민하신 분들은 몸상태 유의하며 활동해주세요.,
2026-05-29T02:27:42.818322+09:00,강서한강공원,강서한강공원,POI085,KEY_1,2026-05-29 02:20,17.3,27.0,16.0,90,ENE,0.7,-,없음,비 또는 눈 소식이 없어요.,05:14,19:45,0,낮음,햇볕에 민감한 분들은 자외선 차단제를 발라주세요.,보통,34,보통,48,보통,69.0,,호흡기가 예민하신 분들은 몸상태 유의하며 활동해주세요.,
2026-05-29T02:27:42.818322+09:00,고척돔,고척돔,POI086,KEY_2,2026-05-29 02:20,17.2,27.0,18.0,89,SE,0.1,-,없음,비 또는 눈 소식이 없어요.,05:14,19:45,0,낮음,햇볕에 민감한 분들은 자외선 차단제를 발라주세요.,나쁨,43,보통,58,보통,85.0,,호흡기가 예민하신 분들은 몸상태 유의하며 활동해주세요.,
2026-05-29T02:27:42.818322+09:00,광나루한강공원,광나루한강공원,POI087,KEY_3,2026-05-29 02:20,18.4,27.0,18.0,85,SE,1.1,-,없음,비 또는 눈 소식이 없어요.,05:14,19:45,0,낮음,햇볕에 민감한 분들은 자외선 차단제를 발라주세요.,나쁨,40,점검중,0,보통,77.0,,호흡기가 예민하신 분들은 몸상태 유의하며 활동해주세요.,
2026-05-29T02:27:42.818322+09:00,광화문광장,광화문광장,POI088,KEY_4,2026-05-29 02:20,17.4,27.0,17.0,87,ESE,1.9,-,없음,비 또는 눈 소식이 없어요.,05:14,19:45,0,낮음,햇볕에 민감한 분들은 자외선 차단제를 발라주세요.,나쁨,36,보통,49,보통,66.0,,호흡기가 예민하신 분들은 몸상태 유의하며 활동해주세요.,
2026-05-29T02:27:42.818322+09:00,국립중앙박물관·용산가족공원,국립중앙박물관·용산가족공원,POI089,KEY_1,2026-05-29 02:20,17.3,27.0,17.0,89,ESE,1.8,-,없음,비 또는 눈 소식이 없어요.,05:14,19:45,0,낮음,햇볕에 민감한 분들은 자외선 차단제를 발라주세요.,보통,28,보통,40,보통,64.0,,호흡기가 예민하신 분들은 몸상태 유의하며 활동해주세요.,
2026-05-29T02:27:42.818322+09:00,난지한강공원,난지한강공원,POI090,KEY_2,2026-05-29 02:20,17.3,27.0,16.0,90,ENE,0.7,-,없음,비 또는 눈 소식이 없어요.,05:14,19:45,0,낮음,햇볕에 민감한 분들은 자외선 차단제를 발라주세요.,보통,34,보통,48,보통,69.0,,호흡기가 예민하신 분들은 몸상태 유의하며 활동해주세요.,
2026-05-29T02:27:42.818322+09:00,남산공원,남산공원,POI091,KEY_3,2026-05-29 02:20,17.4,27.0,17.0,87,ESE,1.9,-,없음,비 또는 눈 소식이 없어요.,05:14,19:45,0,낮음,햇볕에 민감한 분들은 자외선 차단제를 발라주세요.,나쁨,41,보통,50,보통,66.0,,호흡기가 예민하신 분들은 몸상태 유의하며 활동해주세요.,
2026-05-29T02:27:42.818322+09:00,노들섬,노들섬,POI092,KEY_4,2026-05-29 02:20,18.1,26.0,18.0,88,ESE,0.9,-,없음,비 또는 눈 소식이 없어요.,05:14,19:45,0,낮음,햇볕에 민감한 분들은 자외선 차단제를 발라주세요.,보통,28,보통,40,보통,64.0,,호흡기가 예민하신 분들은 몸상태 유의하며 활동해주세요.,
2026-05-29T02:27:42.818322+09:00,뚝섬한강공원,뚝섬한강공원,POI093,KEY_1,2026-05-29 02:20,17.3,27.0,18.0,89,ESE,1.8,-,없음,비 또는 눈 소식이 없어요.,05:14,19:45,0,낮음,햇볕에 민감한 분들은 자외선 차단제를 발라주세요.,보통,34,보통,48,보통,69.0,,호흡기가 예민하신 분들은 몸상태 유의하며 활동해주세요.,
2026-05-29T02:27:42.818322+09:00,망원한강공원,망원한강공원,POI094,KEY_2,2026-05-29 02:20,18.1,26.0,18.0,88,ESE,0.9,-,없음,비 또는 눈 소식이 없어요.,05:14,19:45,0,낮음,햇볕에 민감한 분들은 자외선 차단제를 발라주세요.,보통,32,보통,41,보통,66.0,,호흡기가 예민하신 분들은 몸상태 유의하며 활동해주세요.,
2026-05-29T02:27:42.818322+09:00,반포한강공원,반포한강공원,POI095,KEY_3,2026-05-29 02:20,17.3,27.0,17.0,89,ESE,1.8,-,없음,비 또는 눈 소식이 없어요.,05:14,19:45,0,낮음,햇볕에 민감한 분들은 자외선 차단제를 발라주세요.,보통,28,보통,40,보통,64.0,,호흡기가 예민하신 분들은 몸상태 유의하며 활동해주세요.,
2026-05-29T02:27:42.818322+09:00,보라매공원,보라매공원,POI123,KEY_4,2026-05-29 02:20,16.6,26.0,17.0,87,ESE,0.6,-,없음,비 또는 눈 소식이 없어요.,05:14,19:45,0,낮음,햇볕에 민감한 분들은 자외선 차단제를 발라주세요.,보통,33,보통,48,보통,66.0,,호흡기가 예민하신 분들은 몸상태 유의하며 활동해주세요.,
2026-05-29T02:27:42.818322+09:00,북서울꿈의숲,북서울꿈의숲,POI096,KEY_1,2026-05-29 02:20,16.2,27.0,16.0,93,SE,0.3,-,없음,비 또는 눈 소식이 없어요.,05:14,19:45,0,낮음,햇볕에 민감한 분들은 자외선 차단제를 발라주세요.,보통,18,좋음,28,좋음,46.0,,대기질에 이상이 없어요.,
2026-05-29T02:27:42.818322+09:00,서대문독립공원,서대문독립공원,POI124,KEY_2,2026-05-29 02:20,17.4,27.0,17.0,87,ESE,1.9,-,없음,비 또는 눈 소식이 없어요.,05:14,19:45,0,낮음,햇볕에 민감한 분들은 자외선 차단제를 발라주세요.,나쁨,36,보통,49,보통,66.0,,호흡기가 예민하신 분들은 몸상태 유의하며 활동해주세요.,
2026-05-29T02:27:42.818322+09:00,서리풀공원·몽마르뜨공원,서리풀공원·몽마르뜨공원,POI098,KEY_3,2026-05-29 02:20,17.2,27.0,16.0,95,ESE,0.4,-,없음,비 또는 눈 소식이 없어요.,05:14,19:45,0,낮음,햇볕에 민감한 분들은 자외선 차단제를 발라주세요.,나쁨,41,보통,53,보통,74.0,,호흡기가 예민하신 분들은 몸상태 유의하며 활동해주세요.,
2026-05-29T02:27:42.818322+09:00,서울숲공원,서울숲공원,POI101,KEY_1,2026-05-29 02:20,17.3,27.0,18.0,89,ESE,1.8,-,없음,비 또는 눈 소식이 없어요.,05:14,19:45,0,낮음,햇볕에 민감한 분들은 자외선 차단제를 발라주세요.,보통,34,보통,49,보통,64.0,,호흡기가 예민하신 분들은 몸상태 유의하며 활동해주세요.,
2026-05-29T02:27:42.818322+09:00,송현녹지광장,송현녹지광장,POI129,KEY_2,2026-05-29 02:20,17.4,27.0,17.0,87,ESE,1.9,-,없음,비 또는 눈 소식이 없어요.,05:14,19:45,0,낮음,햇볕에 민감한 분들은 자외선 차단제를 발라주세요.,나쁨,36,보통,49,보통,66.0,,호흡기가 예민하신 분들은 몸상태 유의하며 활동해주세요.,
2026-05-29T02:27:42.818322+09:00,아차산,아차산,POI102,KEY_3,2026-05-29 02:20,17.9,27.0,17.0,85,E,1.8,-,없음,비 또는 눈 소식이 없어요.,05:14,19:45,0,낮음,햇볕에 민감한 분들은 자외선 차단제를 발라주세요.,보통,34,보통,48,보통,69.0,,호흡기가 예민하신 분들은 몸상태 유의하며 활동해주세요.,
2026-05-29T02:27:42.818322+09:00,안양천,안양천,POI125,KEY_4,2026-05-29 02:20,17.5,27.0,18.0,89,E,1.4,-,없음,비 또는 눈 소식이 없어요.,05:14,19:45,0,낮음,햇볕에 민감한 분들은 자외선 차단제를 발라주세요.,보통,31,보통,55,보통,67.0,,호흡기가 예민하신 분들은 몸상태 유의하며 활동해주세요.,
2026-05-29T02:27:42.818322+09:00,양화한강공원,양화한강공원,POI103,KEY_1,2026-05-29 02:20,17.5,27.0,18.0,89,E,1.4,-,없음,비 또는 눈 소식이 없어요.,05:14,19:45,0,낮음,햇볕에 민감한 분들은 자외선 차단제를 발라주세요.,보통,32,보통,43,보통,68.0,,호흡기가 예민하신 분들은 몸상태 유의하며 활동해주세요.,
2026-05-29T02:27:42.818322+09:00,어린이대공원,어린이대공원,POI104,KEY_2,2026-05-29 02:20,18.4,27.0,18.0,85,SE,1.1,-,없음,비 또는 눈 소식이 없어요.,05:14,19:45,0,낮음,햇볕에 민감한 분들은 자외선 차단제를 발라주세요.,보통,34,보통,48,보통,69.0,,호흡기가 예민하신 분들은 몸상태 유의하며 활동해주세요.,
2026-05-29T02:27:42.818322+09:00,여의도한강공원,여의도한강공원,POI105,KEY_3,2026-05-29 02:20,18.1,26.0,18.0,88,ESE,0.9,-,없음,비 또는 눈 소식이 없어요.,05:14,19:45,0,낮음,햇볕에 민감한 분들은 자외선 차단제를 발라주세요.,보통,32,보통,43,보통,68.0,,호흡기가 예민하신 분들은 몸상태 유의하며 활동해주세요.,
2026-05-29T02:27:42.818322+09:00,여의서로,여의서로,POI126,KEY_4,2026-05-29 02:20,18.1,26.0,18.0,88,ESE,0.9,-,없음,비 또는 눈 소식이 없어요.,05:14,19:45,0,낮음,햇볕에 민감한 분들은 자외선 차단제를 발라주세요.,보통,32,보통,43,보통,68.0,,호흡기가 예민하신 분들은 몸상태 유의하며 활동해주세요.,
2026-05-29T02:27:42.818322+09:00,올림픽공원,올림픽공원,POI127,KEY_1,2026-05-29 02:20,18.4,27.0,18.0,85,SE,1.1,-,없음,비 또는 눈 소식이 없어요.,05:14,19:45,0,낮음,햇볕에 민감한 분들은 자외선 차단제를 발라주세요.,보통,16,보통,32,보통,59.0,,호흡기가 예민하신 분들은 몸상태 유의하며 활동해주세요.,
2026-05-29T02:27:42.818322+09:00,월드컵공원,월드컵공원,POI106,KEY_2,2026-05-29 02:20,17.3,27.0,16.0,90,ENE,0.7,-,없음,비 또는 눈 소식이 없어요.,05:14,19:45,0,낮음,햇볕에 민감한 분들은 자외선 차단제를 발라주세요.,보통,32,보통,41,보통,66.0,,호흡기가 예민하신 분들은 몸상태 유의하며 활동해주세요.,
2026-05-29T02:27:42.818322+09:00,응봉산,응봉산,POI107,KEY_3,2026-05-29 02:20,17.3,27.0,18.0,89,ESE,1.8,-,없음,비 또는 눈 소식이 없어요.,05:14,19:45,0,낮음,햇볕에 민감한 분들은 자외선 차단제를 발라주세요.,보통,34,보통,49,보통,64.0,,호흡기가 예민하신 분들은 몸상태 유의하며 활동해주세요.,
2026-05-29T02:27:42.818322+09:00,이촌한강공원,이촌한강공원,POI108,KEY_4,2026-05-29 02:20,17.3,27.0,17.0,89,ESE,1.8,-,없음,비 또는 눈 소식이 없어요.,05:14,19:45,0,낮음,햇볕에 민감한 분들은 자외선 차단제를 발라주세요.,보통,28,보통,40,보통,64.0,,호흡기가 예민하신 분들은 몸상태 유의하며 활동해주세요.,
2026-05-29T02:27:42.818322+09:00,잠실종합운동장,잠실종합운동장,POI109,KEY_1,2026-05-29 02:20,17.9,27.0,17.0,84,ESE,0.9,-,없음,비 또는 눈 소식이 없어요.,05:14,19:45,0,낮음,햇볕에 민감한 분들은 자외선 차단제를 발라주세요.,보통,16,보통,32,보통,59.0,,호흡기가 예민하신 분들은 몸상태 유의하며 활동해주세요.,
2026-05-29T02:27:42.818322+09:00,잠실한강공원,잠실한강공원,POI110,KEY_2,2026-05-29 02:20,18.4,27.0,18.0,85,SE,1.1,-,없음,비 또는 눈 소식이 없어요.,05:14,19:45,0,낮음,햇볕에 민감한 분들은 자외선 차단제를 발라주세요.,보통,34,보통,48,보통,69.0,,호흡기가 예민하신 분들은 몸상태 유의하며 활동해주세요.,
2026-05-29T02:27:42.818322+09:00,잠원한강공원,잠원한강공원,POI111,KEY_3,2026-05-29 02:20,17.3,27.0,18.0,89,ESE,1.8,-,없음,비 또는 눈 소식이 없어요.,05:14,19:45,0,낮음,햇볕에 민감한 분들은 자외선 차단제를 발라주세요.,보통,30,보통,46,보통,66.0,,호흡기가 예민하신 분들은 몸상태 유의하며 활동해주세요.,
2026-05-29T02:27:42.818322+09:00,청계산,청계산,POI112,KEY_4,2026-05-29 02:20,14.6,26.0,16.0,100,SE,0.7,-,없음,비 또는 눈 소식이 없어요.,05:14,19:45,0,낮음,햇볕에 민감한 분들은 자외선 차단제를 발라주세요.,나쁨,41,보통,53,보통,74.0,,호흡기가 예민하신 분들은 몸상태 유의하며 활동해주세요.,
2026-05-29T02:27:42.818322+09:00,홍제폭포,홍제폭포,POI128,KEY_1,2026-05-29 02:20,16.1,26.0,16.0,95,ESE,0.1,-,없음,비 또는 눈 소식이 없어요.,05:14,19:45,0,낮음,햇볕에 민감한 분들은 자외선 차단제를 발라주세요.,나쁨,41,보통,43,점검중,점검중,,원본 시스템 서비스 점검중입니다.,
2026-05-29T02:27:42.818322+09:00,가락시장,가락시장,POI058,KEY_2,2026-05-29 02:20,17.9,27.0,17.0,84,ESE,0.9,-,없음,비 또는 눈 소식이 없어요.,05:14,19:45,0,낮음,햇볕에 민감한 분들은 자외선 차단제를 발라주세요.,보통,16,보통,32,보통,59.0,,호흡기가 예민하신 분들은 몸상태 유의하며 활동해주세요.,
2026-05-29T02:27:42.818322+09:00,가로수길,가로수길,POI059,KEY_3,2026-05-29 02:20,17.3,27.0,18.0,89,ESE,1.8,-,없음,비 또는 눈 소식이 없어요.,05:14,19:45,0,낮음,햇볕에 민감한 분들은 자외선 차단제를 발라주세요.,보통,30,보통,46,보통,66.0,,호흡기가 예민하신 분들은 몸상태 유의하며 활동해주세요.,
2026-05-29T02:27:42.818322+09:00,광장(전통)시장,광장(전통)시장,POI060,KEY_4,2026-05-29 02:20,17.4,27.0,17.0,87,ESE,1.9,-,없음,비 또는 눈 소식이 없어요.,05:14,19:45,0,낮음,햇볕에 민감한 분들은 자외선 차단제를 발라주세요.,나쁨,36,보통,49,보통,66.0,,호흡기가 예민하신 분들은 몸상태 유의하며 활동해주세요.,
2026-05-29T02:27:42.818322+09:00,김포공항,김포공항,POI061,KEY_1,2026-05-29 02:20,17.3,27.0,16.0,90,ENE,0.7,-,없음,비 또는 눈 소식이 없어요.,05:14,19:45,0,낮음,햇볕에 민감한 분들은 자외선 차단제를 발라주세요.,보통,34,보통,48,보통,69.0,,호흡기가 예민하신 분들은 몸상태 유의하며 활동해주세요.,
2026-05-29T02:27:42.818322+09:00,남대문시장,남대문시장,POI115,KEY_2,2026-05-29 02:20,17.4,27.0,17.0,87,ESE,1.9,-,없음,비 또는 눈 소식이 없어요.,05:14,19:45,0,낮음,햇볕에 민감한 분들은 자외선 차단제를 발라주세요.,나쁨,41,보통,50,보통,66.0,,호흡기가 예민하신 분들은 몸상태 유의하며 활동해주세요.,
2026-05-29T02:27:42.818322+09:00,노량진,노량진,POI063,KEY_3,2026-05-29 02:20,16.6,26.0,17.0,87,ESE,0.6,-,없음,비 또는 눈 소식이 없어요.,05:14,19:45,0,낮음,햇볕에 민감한 분들은 자외선 차단제를 발라주세요.,보통,33,보통,48,보통,66.0,,호흡기가 예민하신 분들은 몸상태 유의하며 활동해주세요.,
2026-05-29T02:27:42.818322+09:00,덕수궁길·정동길,덕수궁길·정동길,POI064,KEY_4,2026-05-29 02:20,17.4,27.0,17.0,87,ESE,1.9,-,없음,비 또는 눈 소식이 없어요.,05:14,19:45,0,낮음,햇볕에 민감한 분들은 자외선 차단제를 발라주세요.,나쁨,36,보통,49,보통,66.0,,호흡기가 예민하신 분들은 몸상태 유의하며 활동해주세요.,
2026-05-29T02:27:42.818322+09:00,북창동 먹자골목,북창동 먹자골목,POI114,KEY_1,2026-05-29 02:20,17.4,27.0,17.0,87,ESE,1.9,-,없음,비 또는 눈 소식이 없어요.,05:14,19:45,0,낮음,햇볕에 민감한 분들은 자외선 차단제를 발라주세요.,나쁨,41,보통,50,보통,66.0,,호흡기가 예민하신 분들은 몸상태 유의하며 활동해주세요.,
2026-05-29T02:27:42.818322+09:00,북촌한옥마을,북촌한옥마을,POI066,KEY_2,2026-05-29 02:20,17.4,27.0,17.0,87,ESE,1.9,-,없음,비 또는 눈 소식이 없어요.,05:14,19:45,0,낮음,햇볕에 민감한 분들은 자외선 차단제를 발라주세요.,나쁨,36,보통,49,보통,66.0,,호흡기가 예민하신 분들은 몸상태 유의하며 활동해주세요.,
2026-05-29T02:27:42.818322+09:00,서촌,서촌,POI067,KEY_3,2026-05-29 02:20,17.4,27.0,17.0,87,ESE,1.9,-,없음,비 또는 눈 소식이 없어요.,05:14,19:45,0,낮음,햇볕에 민감한 분들은 자외선 차단제를 발라주세요.,나쁨,36,보통,49,보통,66.0,,호흡기가 예민하신 분들은 몸상태 유의하며 활동해주세요.,
2026-05-29T02:27:42.818322+09:00,성수카페거리,성수카페거리,POI068,KEY_4,2026-05-29 02:20,17.3,27.0,18.0,89,ESE,1.8,-,없음,비 또는 눈 소식이 없어요.,05:14,19:45,0,낮음,햇볕에 민감한 분들은 자외선 차단제를 발라주세요.,보통,34,보통,49,보통,64.0,,호흡기가 예민하신 분들은 몸상태 유의하며 활동해주세요.,
2026-05-29T02:27:42.818322+09:00,송리단길·호수단길,송리단길·호수단길,POI121,KEY_1,2026-05-29 02:20,17.9,27.0,17.0,84,ESE,0.9,-,없음,비 또는 눈 소식이 없어요.,05:14,19:45,0,낮음,햇볕에 민감한 분들은 자외선 차단제를 발라주세요.,보통,16,보통,32,보통,59.0,,호흡기가 예민하신 분들은 몸상태 유의하며 활동해주세요.,
2026-05-29T02:27:42.818322+09:00,신촌 스타광장,신촌 스타광장,POI122,KEY_2,2026-05-29 02:20,18.1,26.0,18.0,88,ESE,0.9,-,없음,비 또는 눈 소식이 없어요.,05:14,19:45,0,낮음,햇볕에 민감한 분들은 자외선 차단제를 발라주세요.,나쁨,41,보통,43,점검중,점검중,,원본 시스템 서비스 점검중입니다.,
2026-05-29T02:27:42.818322+09:00,압구정로데오거리,압구정로데오거리,POI071,KEY_3,2026-05-29 02:20,17.3,27.0,18.0,89,ESE,1.8,-,없음,비 또는 눈 소식이 없어요.,05:14,19:45,0,낮음,햇볕에 민감한 분들은 자외선 차단제를 발라주세요.,보통,30,보통,46,보통,66.0,,호흡기가 예민하신 분들은 몸상태 유의하며 활동해주세요.,
2026-05-29T02:27:42.818322+09:00,여의도,여의도,POI072,KEY_4,2026-05-29 02:20,18.1,26.0,18.0,88,ESE,0.9,-,없음,비 또는 눈 소식이 없어요.,05:14,19:45,0,낮음,햇볕에 민감한 분들은 자외선 차단제를 발라주세요.,보통,32,보통,43,보통,68.0,,호흡기가 예민하신 분들은 몸상태 유의하며 활동해주세요.,
2026-05-29T02:27:42.818322+09:00,연남동,연남동,POI073,KEY_1,2026-05-29 02:20,16.1,26.0,16.0,95,ESE,0.1,-,없음,비 또는 눈 소식이 없어요.,05:14,19:45,0,낮음,햇볕에 민감한 분들은 자외선 차단제를 발라주세요.,보통,32,보통,41,보통,66.0,,호흡기가 예민하신 분들은 몸상태 유의하며 활동해주세요.,
2026-05-29T02:27:42.818322+09:00,영등포 타임스퀘어,영등포 타임스퀘어,POI074,KEY_2,2026-05-29 02:20,18.1,26.0,18.0,88,ESE,0.9,-,없음,비 또는 눈 소식이 없어요.,05:14,19:45,0,낮음,햇볕에 민감한 분들은 자외선 차단제를 발라주세요.,보통,32,보통,43,보통,68.0,,호흡기가 예민하신 분들은 몸상태 유의하며 활동해주세요.,
2026-05-29T02:27:42.818322+09:00,용리단길,용리단길,POI076,KEY_3,2026-05-29 02:20,17.3,27.0,17.0,89,ESE,1.8,-,없음,비 또는 눈 소식이 없어요.,05:14,19:45,0,낮음,햇볕에 민감한 분들은 자외선 차단제를 발라주세요.,보통,28,보통,40,보통,64.0,,호흡기가 예민하신 분들은 몸상태 유의하며 활동해주세요.,
2026-05-29T02:27:42.818322+09:00,이태원 앤틱가구거리,이태원 앤틱가구거리,POI077,KEY_4,2026-05-29 02:20,17.3,27.0,17.0,89,ESE,1.8,-,없음,비 또는 눈 소식이 없어요.,05:14,19:45,0,낮음,햇볕에 민감한 분들은 자외선 차단제를 발라주세요.,보통,28,보통,40,보통,64.0,,호흡기가 예민하신 분들은 몸상태 유의하며 활동해주세요.,
2026-05-29T02:27:42.818322+09:00,익선동,익선동,POI116,KEY_1,2026-05-29 02:20,17.4,27.0,17.0,87,ESE,1.9,-,없음,비 또는 눈 소식이 없어요.,05:14,19:45,0,낮음,햇볕에 민감한 분들은 자외선 차단제를 발라주세요.,나쁨,36,보통,49,보통,66.0,,호흡기가 예민하신 분들은 몸상태 유의하며 활동해주세요.,
2026-05-29T02:27:42.818322+09:00,인사동,인사동,POI078,KEY_2,2026-05-29 02:20,17.4,27.0,17.0,87,ESE,1.9,-,없음,비 또는 눈 소식이 없어요.,05:14,19:45,0,낮음,햇볕에 민감한 분들은 자외선 차단제를 발라주세요.,나쁨,36,보통,49,보통,66.0,,호흡기가 예민하신 분들은 몸상태 유의하며 활동해주세요.,
2026-05-29T02:27:42.818322+09:00,잠실롯데타워·석촌호수,잠실롯데타워·석촌호수,POI120,KEY_3,2026-05-29 02:20,18.4,27.0,18.0,85,SE,1.1,-,없음,비 또는 눈 소식이 없어요.,05:14,19:45,0,낮음,햇볕에 민감한 분들은 자외선 차단제를 발라주세요.,보통,16,보통,32,보통,59.0,,호흡기가 예민하신 분들은 몸상태 유의하며 활동해주세요.,
2026-05-29T02:27:42.818322+09:00,창동 신경제 중심지,창동 신경제 중심지,POI079,KEY_4,2026-05-29 02:20,17.5,27.0,16.0,88,SE,0.1,-,없음,비 또는 눈 소식이 없어요.,05:14,19:45,0,낮음,햇볕에 민감한 분들은 자외선 차단제를 발라주세요.,보통,21,좋음,30,보통,53.0,,호흡기가 예민하신 분들은 몸상태 유의하며 활동해주세요.,
2026-05-29T02:27:42.818322+09:00,청담동 명품거리,청담동 명품거리,POI080,KEY_1,2026-05-29 02:20,17.3,27.0,18.0,89,ESE,1.8,-,없음,비 또는 눈 소식이 없어요.,05:14,19:45,0,낮음,햇볕에 민감한 분들은 자외선 차단제를 발라주세요.,보통,30,보통,46,보통,66.0,,호흡기가 예민하신 분들은 몸상태 유의하며 활동해주세요.,
2026-05-29T02:27:42.818322+09:00,청량리 제기동 일대 전통시장,청량리 제기동 일대 전통시장,POI081,KEY_2,2026-05-29 02:20,17.9,27.0,18.0,86,ESE,0.7,-,없음,비 또는 눈 소식이 없어요.,05:14,19:45,0,낮음,햇볕에 민감한 분들은 자외선 차단제를 발라주세요.,보통,33,보통,44,보통,65.0,,호흡기가 예민하신 분들은 몸상태 유의하며 활동해주세요.,
2026-05-29T02:27:42.818322+09:00,해방촌·경리단길,해방촌·경리단길,POI082,KEY_3,2026-05-29 02:20,17.3,27.0,17.0,89,ESE,1.8,-,없음,비 또는 눈 소식이 없어요.,05:14,19:45,0,낮음,햇볕에 민감한 분들은 자외선 차단제를 발라주세요.,보통,28,보통,40,보통,64.0,,호흡기가 예민하신 분들은 몸상태 유의하며 활동해주세요.,
2026-05-29T02:27:42.818322+09:00,DDP(동대문디자인플라자),DDP(동대문디자인플라자),POI083,KEY_4,2026-05-29 02:20,17.4,27.0,17.0,87,ESE,1.9,-,없음,비 또는 눈 소식이 없어요.,05:14,19:45,0,낮음,햇볕에 민감한 분들은 자외선 차단제를 발라주세요.,나쁨,36,보통,49,보통,66.0,,호흡기가 예민하신 분들은 몸상태 유의하며 활동해주세요.,
2026-05-29T02:27:42.818322+09:00,DMC(디지털미디어시티),DMC(디지털미디어시티),POI084,KEY_1,2026-05-29 02:20,17.3,27.0,16.0,90,ENE,0.7,-,없음,비 또는 눈 소식이 없어요.,05:14,19:45,0,낮음,햇볕에 민감한 분들은 자외선 차단제를 발라주세요.,보통,32,보통,41,보통,66.0,,호흡기가 예민하신 분들은 몸상태 유의하며 활동해주세요.,
2026-05-29T02:27:42.818322+09:00,강남역,강남역,POI014,KEY_3,2026-05-29 02:20,16.6,27.0,17.0,91,E,0.7,-,없음,비 또는 눈 소식이 없어요.,05:14,19:45,0,낮음,햇볕에 민감한 분들은 자외선 차단제를 발라주세요.,나쁨,41,보통,53,보통,74.0,,호흡기가 예민하신 분들은 몸상태 유의하며 활동해주세요.,
2026-05-29T02:27:42.818322+09:00,건대입구역,건대입구역,POI015,KEY_4,2026-05-29 02:20,17.3,27.0,18.0,89,ESE,1.8,-,없음,비 또는 눈 소식이 없어요.,05:14,19:45,0,낮음,햇볕에 민감한 분들은 자외선 차단제를 발라주세요.,보통,34,보통,48,보통,69.0,,호흡기가 예민하신 분들은 몸상태 유의하며 활동해주세요.,
2026-05-29T02:27:42.818322+09:00,고덕역,고덕역,POI016,KEY_1,2026-05-29 02:20,16.1,27.0,17.0,93,SE,0.3,-,없음,비 또는 눈 소식이 없어요.,05:14,19:45,0,낮음,햇볕에 민감한 분들은 자외선 차단제를 발라주세요.,나쁨,40,점검중,0,보통,77.0,,호흡기가 예민하신 분들은 몸상태 유의하며 활동해주세요.,
2026-05-29T02:27:42.818322+09:00,고속터미널역,고속터미널역,POI017,KEY_2,2026-05-29 02:20,17.2,27.0,16.0,95,ESE,0.4,-,없음,비 또는 눈 소식이 없어요.,05:14,19:45,0,낮음,햇볕에 민감한 분들은 자외선 차단제를 발라주세요.,나쁨,41,보통,53,보통,74.0,,호흡기가 예민하신 분들은 몸상태 유의하며 활동해주세요.,
2026-05-29T02:27:42.818322+09:00,교대역,교대역,POI018,KEY_3,2026-05-29 02:20,16.6,27.0,17.0,91,E,0.7,-,없음,비 또는 눈 소식이 없어요.,05:14,19:45,0,낮음,햇볕에 민감한 분들은 자외선 차단제를 발라주세요.,나쁨,41,보통,53,보통,74.0,,호흡기가 예민하신 분들은 몸상태 유의하며 활동해주세요.,
2026-05-29T02:27:42.818322+09:00,구로디지털단지역,구로디지털단지역,POI019,KEY_4,2026-05-29 02:20,17.2,27.0,18.0,89,SE,0.1,-,없음,비 또는 눈 소식이 없어요.,05:14,19:45,0,낮음,햇볕에 민감한 분들은 자외선 차단제를 발라주세요.,나쁨,43,보통,58,보통,85.0,,호흡기가 예민하신 분들은 몸상태 유의하며 활동해주세요.,
2026-05-29T02:27:42.818322+09:00,구로역,구로역,POI020,KEY_1,2026-05-29 02:20,17.2,27.0,18.0,89,SE,0.1,-,없음,비 또는 눈 소식이 없어요.,05:14,19:45,0,낮음,햇볕에 민감한 분들은 자외선 차단제를 발라주세요.,나쁨,43,보통,58,보통,85.0,,호흡기가 예민하신 분들은 몸상태 유의하며 활동해주세요.,
2026-05-29T02:27:42.818322+09:00,군자역,군자역,POI021,KEY_2,2026-05-29 02:20,17.9,27.0,17.0,85,E,1.8,-,없음,비 또는 눈 소식이 없어요.,05:14,19:45,0,낮음,햇볕에 민감한 분들은 자외선 차단제를 발라주세요.,보통,34,보통,48,보통,69.0,,호흡기가 예민하신 분들은 몸상태 유의하며 활동해주세요.,
2026-05-29T02:27:42.818322+09:00,대림역,대림역,POI023,KEY_3,2026-05-29 02:20,17.2,27.0,18.0,89,SE,0.1,-,없음,비 또는 눈 소식이 없어요.,05:14,19:45,0,낮음,햇볕에 민감한 분들은 자외선 차단제를 발라주세요.,보통,32,보통,43,보통,68.0,,호흡기가 예민하신 분들은 몸상태 유의하며 활동해주세요.,
2026-05-29T02:27:42.818322+09:00,동대문역,동대문역,POI024,KEY_4,2026-05-29 02:20,17.4,27.0,17.0,87,ESE,1.9,-,없음,비 또는 눈 소식이 없어요.,05:14,19:45,0,낮음,햇볕에 민감한 분들은 자외선 차단제를 발라주세요.,나쁨,36,보통,49,보통,66.0,,호흡기가 예민하신 분들은 몸상태 유의하며 활동해주세요.,
2026-05-29T02:27:42.818322+09:00,뚝섬역,뚝섬역,POI025,KEY_1,2026-05-29 02:20,17.3,27.0,18.0,89,ESE,1.8,-,없음,비 또는 눈 소식이 없어요.,05:14,19:45,0,낮음,햇볕에 민감한 분들은 자외선 차단제를 발라주세요.,보통,34,보통,49,보통,64.0,,호흡기가 예민하신 분들은 몸상태 유의하며 활동해주세요.,
2026-05-29T02:27:42.818322+09:00,미아사거리역,미아사거리역,POI026,KEY_2,2026-05-29 02:20,16.2,27.0,16.0,93,SE,0.3,-,없음,비 또는 눈 소식이 없어요.,05:14,19:45,0,낮음,햇볕에 민감한 분들은 자외선 차단제를 발라주세요.,보통,18,좋음,28,좋음,46.0,,대기질에 이상이 없어요.,
2026-05-29T02:27:42.818322+09:00,발산역,발산역,POI027,KEY_3,2026-05-29 02:20,17.3,27.0,16.0,90,ENE,0.7,-,없음,비 또는 눈 소식이 없어요.,05:14,19:45,0,낮음,햇볕에 민감한 분들은 자외선 차단제를 발라주세요.,보통,34,보통,48,보통,69.0,,호흡기가 예민하신 분들은 몸상태 유의하며 활동해주세요.,
2026-05-29T02:27:42.818322+09:00,사당역,사당역,POI029,KEY_4,2026-05-29 02:20,17.2,27.0,16.0,95,ESE,0.4,-,없음,비 또는 눈 소식이 없어요.,05:14,19:45,0,낮음,햇볕에 민감한 분들은 자외선 차단제를 발라주세요.,나쁨,41,보통,53,보통,74.0,,호흡기가 예민하신 분들은 몸상태 유의하며 활동해주세요.,
2026-05-29T02:27:42.818322+09:00,삼각지역,삼각지역,POI030,KEY_1,2026-05-29 02:20,17.3,27.0,17.0,89,ESE,1.8,-,없음,비 또는 눈 소식이 없어요.,05:14,19:45,0,낮음,햇볕에 민감한 분들은 자외선 차단제를 발라주세요.,보통,28,보통,40,보통,64.0,,호흡기가 예민하신 분들은 몸상태 유의하며 활동해주세요.,
2026-05-29T02:27:42.818322+09:00,서울대입구역,서울대입구역,POI031,KEY_2,2026-05-29 02:20,16.6,26.0,17.0,87,ESE,0.6,-,없음,비 또는 눈 소식이 없어요.,05:14,19:45,0,낮음,햇볕에 민감한 분들은 자외선 차단제를 발라주세요.,보통,30,보통,49,보통,69.0,,호흡기가 예민하신 분들은 몸상태 유의하며 활동해주세요.,
2026-05-29T02:27:42.818322+09:00,서울식물원·마곡나루역,서울식물원·마곡나루역,POI032,KEY_3,2026-05-29 02:20,17.3,27.0,16.0,90,ENE,0.7,-,없음,비 또는 눈 소식이 없어요.,05:14,19:45,0,낮음,햇볕에 민감한 분들은 자외선 차단제를 발라주세요.,보통,34,보통,48,보통,69.0,,호흡기가 예민하신 분들은 몸상태 유의하며 활동해주세요.,
2026-05-29T02:27:42.818322+09:00,서울역,서울역,POI033,KEY_4,2026-05-29 02:20,17.4,27.0,17.0,87,ESE,1.9,-,없음,비 또는 눈 소식이 없어요.,05:14,19:45,0,낮음,햇볕에 민감한 분들은 자외선 차단제를 발라주세요.,나쁨,41,보통,50,보통,66.0,,호흡기가 예민하신 분들은 몸상태 유의하며 활동해주세요.,
2026-05-29T02:27:42.818322+09:00,선릉역,선릉역,POI034,KEY_1,2026-05-29 02:20,16.6,27.0,17.0,91,E,0.7,-,없음,비 또는 눈 소식이 없어요.,05:14,19:45,0,낮음,햇볕에 민감한 분들은 자외선 차단제를 발라주세요.,보통,30,보통,46,보통,66.0,,호흡기가 예민하신 분들은 몸상태 유의하며 활동해주세요.,
2026-05-29T02:27:42.818322+09:00,성신여대입구역,성신여대입구역,POI035,KEY_2,2026-05-29 02:20,17.4,27.0,17.0,87,ESE,1.9,-,없음,비 또는 눈 소식이 없어요.,05:14,19:45,0,낮음,햇볕에 민감한 분들은 자외선 차단제를 발라주세요.,보통,34,보통,50,보통,63.0,,호흡기가 예민하신 분들은 몸상태 유의하며 활동해주세요.,
2026-05-29T02:27:42.818322+09:00,수유역,수유역,POI036,KEY_3,2026-05-29 02:20,16.2,27.0,16.0,93,SE,0.3,-,없음,비 또는 눈 소식이 없어요.,05:14,19:45,0,낮음,햇볕에 민감한 분들은 자외선 차단제를 발라주세요.,보통,18,좋음,28,좋음,46.0,,대기질에 이상이 없어요.,
2026-05-29T02:27:42.818322+09:00,숭례문,숭례문,POI131,KEY_4,2026-05-29 02:20,17.4,27.0,17.0,87,ESE,1.9,-,없음,비 또는 눈 소식이 없어요.,05:14,19:45,0,낮음,햇볕에 민감한 분들은 자외선 차단제를 발라주세요.,나쁨,41,보통,50,보통,66.0,,호흡기가 예민하신 분들은 몸상태 유의하며 활동해주세요.,
2026-05-29T02:27:42.818322+09:00,시의회 앞,시의회 앞,POI130,KEY_1,2026-05-29 02:20,17.4,27.0,17.0,87,ESE,1.9,-,없음,비 또는 눈 소식이 없어요.,05:14,19:45,0,낮음,햇볕에 민감한 분들은 자외선 차단제를 발라주세요.,나쁨,41,보통,50,보통,66.0,,호흡기가 예민하신 분들은 몸상태 유의하며 활동해주세요.,
2026-05-29T02:27:42.818322+09:00,신논현역·논현역,신논현역·논현역,POI037,KEY_2,2026-05-29 02:20,16.6,27.0,17.0,91,E,0.7,-,없음,비 또는 눈 소식이 없어요.,05:14,19:45,0,낮음,햇볕에 민감한 분들은 자외선 차단제를 발라주세요.,보통,30,보통,46,보통,66.0,,호흡기가 예민하신 분들은 몸상태 유의하며 활동해주세요.,
2026-05-29T02:27:42.818322+09:00,신도림역,신도림역,POI038,KEY_3,2026-05-29 02:20,16.6,26.0,17.0,87,ESE,0.6,-,없음,비 또는 눈 소식이 없어요.,05:14,19:45,0,낮음,햇볕에 민감한 분들은 자외선 차단제를 발라주세요.,보통,32,보통,43,보통,68.0,,호흡기가 예민하신 분들은 몸상태 유의하며 활동해주세요.,
2026-05-29T02:27:42.818322+09:00,신림역,신림역,POI039,KEY_4,2026-05-29 02:20,16.6,26.0,17.0,87,ESE,0.6,-,없음,비 또는 눈 소식이 없어요.,05:14,19:45,0,낮음,햇볕에 민감한 분들은 자외선 차단제를 발라주세요.,보통,30,보통,49,보통,69.0,,호흡기가 예민하신 분들은 몸상태 유의하며 활동해주세요.,
2026-05-29T02:27:42.818322+09:00,신정네거리역,신정네거리역,POI117,KEY_1,2026-05-29 02:20,17.5,27.0,18.0,89,E,1.4,-,없음,비 또는 눈 소식이 없어요.,05:14,19:45,0,낮음,햇볕에 민감한 분들은 자외선 차단제를 발라주세요.,보통,31,보통,55,보통,67.0,,호흡기가 예민하신 분들은 몸상태 유의하며 활동해주세요.,
2026-05-29T02:27:42.818322+09:00,신촌·이대역,신촌·이대역,POI040,KEY_2,2026-05-29 02:20,18.1,26.0,18.0,88,ESE,0.9,-,없음,비 또는 눈 소식이 없어요.,05:14,19:45,0,낮음,햇볕에 민감한 분들은 자외선 차단제를 발라주세요.,나쁨,41,보통,43,점검중,점검중,,원본 시스템 서비스 점검중입니다.,
2026-05-29T02:27:42.818322+09:00,쌍문역,쌍문역,POI070,KEY_3,2026-05-29 02:20,16.2,27.0,16.0,93,SE,0.3,-,없음,비 또는 눈 소식이 없어요.,05:14,19:45,0,낮음,햇볕에 민감한 분들은 자외선 차단제를 발라주세요.,보통,23,좋음,30,보통,62.0,,호흡기가 예민하신 분들은 몸상태 유의하며 활동해주세요.,
2026-05-29T02:27:42.818322+09:00,양재역,양재역,POI041,KEY_4,2026-05-29 02:20,16.6,27.0,17.0,91,E,0.7,-,없음,비 또는 눈 소식이 없어요.,05:14,19:45,0,낮음,햇볕에 민감한 분들은 자외선 차단제를 발라주세요.,나쁨,41,보통,53,보통,74.0,,호흡기가 예민하신 분들은 몸상태 유의하며 활동해주세요.,
2026-05-29T02:27:42.818322+09:00,역삼역,역삼역,POI042,KEY_1,2026-05-29 02:20,16.6,27.0,17.0,91,E,0.7,-,없음,비 또는 눈 소식이 없어요.,05:14,19:45,0,낮음,햇볕에 민감한 분들은 자외선 차단제를 발라주세요.,보통,30,보통,46,보통,66.0,,호흡기가 예민하신 분들은 몸상태 유의하며 활동해주세요.,
2026-05-29T02:27:42.818322+09:00,연신내역,연신내역,POI043,KEY_2,2026-05-29 02:20,15.0,27.0,15.0,91,SSE,0.2,-,없음,비 또는 눈 소식이 없어요.,05:14,19:45,0,낮음,햇볕에 민감한 분들은 자외선 차단제를 발라주세요.,나쁨,44,보통,54,보통,74.0,,호흡기가 예민하신 분들은 몸상태 유의하며 활동해주세요.,
2026-05-29T02:27:42.818322+09:00,오목교역·목동운동장,오목교역·목동운동장,POI044,KEY_3,2026-05-29 02:20,17.5,27.0,18.0,89,E,1.4,-,없음,비 또는 눈 소식이 없어요.,05:14,19:45,0,낮음,햇볕에 민감한 분들은 자외선 차단제를 발라주세요.,보통,31,보통,55,보통,67.0,,호흡기가 예민하신 분들은 몸상태 유의하며 활동해주세요.,
2026-05-29T02:27:42.818322+09:00,왕십리역,왕십리역,POI045,KEY_4,2026-05-29 02:20,17.9,27.0,18.0,86,ESE,0.7,-,없음,비 또는 눈 소식이 없어요.,05:14,19:45,0,낮음,햇볕에 민감한 분들은 자외선 차단제를 발라주세요.,보통,34,보통,49,보통,64.0,,호흡기가 예민하신 분들은 몸상태 유의하며 활동해주세요.,
2026-05-29T02:27:42.818322+09:00,용산역,용산역,POI046,KEY_1,2026-05-29 02:20,18.1,26.0,18.0,88,ESE,0.9,-,없음,비 또는 눈 소식이 없어요.,05:14,19:45,0,낮음,햇볕에 민감한 분들은 자외선 차단제를 발라주세요.,보통,28,보통,40,보통,64.0,,호흡기가 예민하신 분들은 몸상태 유의하며 활동해주세요.,
2026-05-29T02:27:42.818322+09:00,이태원역,이태원역,POI047,KEY_2,2026-05-29 02:20,17.3,27.0,17.0,89,ESE,1.8,-,없음,비 또는 눈 소식이 없어요.,05:14,19:45,0,낮음,햇볕에 민감한 분들은 자외선 차단제를 발라주세요.,보통,28,보통,40,보통,64.0,,호흡기가 예민하신 분들은 몸상태 유의하며 활동해주세요.,
2026-05-29T02:27:42.818322+09:00,잠실새내역,잠실새내역,POI118,KEY_3,2026-05-29 02:20,17.9,27.0,17.0,84,ESE,0.9,-,없음,비 또는 눈 소식이 없어요.,05:14,19:45,0,낮음,햇볕에 민감한 분들은 자외선 차단제를 발라주세요.,보통,16,보통,32,보통,59.0,,호흡기가 예민하신 분들은 몸상태 유의하며 활동해주세요.,
2026-05-29T02:27:42.818322+09:00,잠실역,잠실역,POI119,KEY_4,2026-05-29 02:20,18.4,27.0,18.0,85,SE,1.1,-,없음,비 또는 눈 소식이 없어요.,05:14,19:45,0,낮음,햇볕에 민감한 분들은 자외선 차단제를 발라주세요.,보통,16,보통,32,보통,59.0,,호흡기가 예민하신 분들은 몸상태 유의하며 활동해주세요.,
2026-05-29T02:27:42.818322+09:00,장지역,장지역,POI048,KEY_1,2026-05-29 02:20,17.9,27.0,17.0,84,ESE,0.9,-,없음,비 또는 눈 소식이 없어요.,05:14,19:45,0,낮음,햇볕에 민감한 분들은 자외선 차단제를 발라주세요.,보통,16,보통,32,보통,59.0,,호흡기가 예민하신 분들은 몸상태 유의하며 활동해주세요.,
2026-05-29T02:27:42.818322+09:00,장한평역,장한평역,POI049,KEY_2,2026-05-29 02:20,17.9,27.0,18.0,86,ESE,0.7,-,없음,비 또는 눈 소식이 없어요.,05:14,19:45,0,낮음,햇볕에 민감한 분들은 자외선 차단제를 발라주세요.,보통,33,보통,44,보통,65.0,,호흡기가 예민하신 분들은 몸상태 유의하며 활동해주세요.,
2026-05-29T02:27:42.818322+09:00,천호역,천호역,POI050,KEY_3,2026-05-29 02:20,18.4,27.0,18.0,85,SE,1.1,-,없음,비 또는 눈 소식이 없어요.,05:14,19:45,0,낮음,햇볕에 민감한 분들은 자외선 차단제를 발라주세요.,나쁨,40,점검중,0,보통,77.0,,호흡기가 예민하신 분들은 몸상태 유의하며 활동해주세요.,
2026-05-29T02:27:42.818322+09:00,총신대입구(이수)역,총신대입구(이수)역,POI051,KEY_4,2026-05-29 02:20,17.2,27.0,16.0,95,ESE,0.4,-,없음,비 또는 눈 소식이 없어요.,05:14,19:45,0,낮음,햇볕에 민감한 분들은 자외선 차단제를 발라주세요.,보통,33,보통,48,보통,66.0,,호흡기가 예민하신 분들은 몸상태 유의하며 활동해주세요.,
2026-05-29T02:27:42.818322+09:00,충정로역,충정로역,POI052,KEY_1,2026-05-29 02:20,18.1,26.0,18.0,88,ESE,0.9,-,없음,비 또는 눈 소식이 없어요.,05:14,19:45,0,낮음,햇볕에 민감한 분들은 자외선 차단제를 발라주세요.,나쁨,41,보통,43,점검중,점검중,,원본 시스템 서비스 점검중입니다.,
2026-05-29T02:27:42.818322+09:00,합정역,합정역,POI053,KEY_2,2026-05-29 02:20,18.1,26.0,18.0,88,ESE,0.9,-,없음,비 또는 눈 소식이 없어요.,05:14,19:45,0,낮음,햇볕에 민감한 분들은 자외선 차단제를 발라주세요.,보통,32,보통,41,보통,66.0,,호흡기가 예민하신 분들은 몸상태 유의하며 활동해주세요.,
2026-05-29T02:27:42.818322+09:00,혜화역,혜화역,POI054,KEY_3,2026-05-29 02:20,17.4,27.0,17.0,87,ESE,1.9,-,없음,비 또는 눈 소식이 없어요.,05:14,19:45,0,낮음,햇볕에 민감한 분들은 자외선 차단제를 발라주세요.,나쁨,36,보통,49,보통,66.0,,호흡기가 예민하신 분들은 몸상태 유의하며 활동해주세요.,
2026-05-29T02:27:42.818322+09:00,홍대입구역(2호선),홍대입구역(2호선),POI055,KEY_4,2026-05-29 02:20,16.1,26.0,16.0,95,ESE,0.1,-,없음,비 또는 눈 소식이 없어요.,05:14,19:45,0,낮음,햇볕에 민감한 분들은 자외선 차단제를 발라주세요.,보통,32,보통,41,보통,66.0,,호흡기가 예민하신 분들은 몸상태 유의하며 활동해주세요.,
2026-05-29T02:27:42.818322+09:00,회기역,회기역,POI056,KEY_1,2026-05-29 02:20,17.9,27.0,18.0,86,ESE,0.7,-,없음,비 또는 눈 소식이 없어요.,05:14,19:45,0,낮음,햇볕에 민감한 분들은 자외선 차단제를 발라주세요.,보통,33,보통,44,보통,65.0,,호흡기가 예민하신 분들은 몸상태 유의하며 활동해주세요.,
2026-05-29T04:06:54.301793+09:00,경복궁,경복궁,POI008,KEY_1,2026-05-29 04:01,16.8,28.0,17.0,89,SE,1.0,-,없음,비 또는 눈 소식이 없어요.,05:14,19:45,0,낮음,햇볕에 민감한 분들은 자외선 차단제를 발라주세요.,나쁨,39,보통,52,보통,77.0,,호흡기가 예민하신 분들은 몸상태 유의하며 활동해주세요.,
2026-05-29T04:06:54.301793+09:00,광화문·덕수궁,광화문·덕수궁,POI009,KEY_2,2026-05-29 04:01,16.8,28.0,17.0,89,SE,1.0,-,없음,비 또는 눈 소식이 없어요.,05:14,19:45,0,낮음,햇볕에 민감한 분들은 자외선 차단제를 발라주세요.,나쁨,39,보통,52,보통,77.0,,호흡기가 예민하신 분들은 몸상태 유의하며 활동해주세요.,
2026-05-29T04:06:54.301793+09:00,보신각,보신각,POI010,KEY_3,2026-05-29 04:01,16.8,28.0,17.0,89,SE,1.0,-,없음,비 또는 눈 소식이 없어요.,05:14,19:45,0,낮음,햇볕에 민감한 분들은 자외선 차단제를 발라주세요.,나쁨,39,보통,52,보통,77.0,,호흡기가 예민하신 분들은 몸상태 유의하며 활동해주세요.,
2026-05-29T04:06:54.301793+09:00,서울 암사동 유적,서울 암사동 유적,POI011,KEY_4,2026-05-29 04:01,17.4,29.0,16.0,88,SE,1.2,-,없음,비 또는 눈 소식이 없어요.,05:14,19:45,0,낮음,햇볕에 민감한 분들은 자외선 차단제를 발라주세요.,나쁨,41,보통,57,보통,79.0,,호흡기가 예민하신 분들은 몸상태 유의하며 활동해주세요.,
2026-05-29T04:06:54.301793+09:00,창덕궁·종묘,창덕궁·종묘,POI012,KEY_1,2026-05-29 04:01,16.8,28.0,17.0,89,SE,1.0,-,없음,비 또는 눈 소식이 없어요.,05:14,19:45,0,낮음,햇볕에 민감한 분들은 자외선 차단제를 발라주세요.,나쁨,39,보통,52,보통,77.0,,호흡기가 예민하신 분들은 몸상태 유의하며 활동해주세요.,
2026-05-29T04:06:54.301793+09:00,강남 MICE 관광특구,강남 MICE 관광특구,POI001,KEY_2,2026-05-29 04:01,17.1,28.0,17.0,89,E,1.2,-,없음,비 또는 눈 소식이 없어요.,05:14,19:45,0,낮음,햇볕에 민감한 분들은 자외선 차단제를 발라주세요.,나쁨,41,보통,58,보통,77.0,,호흡기가 예민하신 분들은 몸상태 유의하며 활동해주세요.,
2026-05-29T04:06:54.301793+09:00,동대문 관광특구,동대문 관광특구,POI002,KEY_3,2026-05-29 04:01,16.8,28.0,17.0,89,SE,1.0,-,없음,비 또는 눈 소식이 없어요.,05:14,19:45,0,낮음,햇볕에 민감한 분들은 자외선 차단제를 발라주세요.,나쁨,39,보통,52,보통,77.0,,호흡기가 예민하신 분들은 몸상태 유의하며 활동해주세요.,
2026-05-29T04:06:54.301793+09:00,명동 관광특구,명동 관광특구,POI003,KEY_4,2026-05-29 04:01,16.8,28.0,17.0,89,SE,1.0,-,없음,비 또는 눈 소식이 없어요.,05:14,19:45,0,낮음,햇볕에 민감한 분들은 자외선 차단제를 발라주세요.,나쁨,44,보통,58,보통,87.0,,호흡기가 예민하신 분들은 몸상태 유의하며 활동해주세요.,
2026-05-29T04:06:54.301793+09:00,이태원 관광특구,이태원 관광특구,POI004,KEY_1,2026-05-29 04:01,17.3,28.0,17.0,90,ESE,1.3,-,없음,비 또는 눈 소식이 없어요.,05:14,19:45,0,낮음,햇볕에 민감한 분들은 자외선 차단제를 발라주세요.,보통,29,보통,43,보통,69.0,,호흡기가 예민하신 분들은 몸상태 유의하며 활동해주세요.,
2026-05-29T04:06:54.301793+09:00,잠실 관광특구,잠실 관광특구,POI005,KEY_2,2026-05-29 04:01,18.4,28.0,17.0,86,SE,0.4,-,없음,비 또는 눈 소식이 없어요.,05:14,19:45,0,낮음,햇볕에 민감한 분들은 자외선 차단제를 발라주세요.,보통,26,보통,42,보통,53.0,,호흡기가 예민하신 분들은 몸상태 유의하며 활동해주세요.,
2026-05-29T04:06:54.301793+09:00,종로·청계 관광특구,종로·청계 관광특구,POI006,KEY_3,2026-05-29 04:01,16.8,28.0,17.0,89,SE,1.0,-,없음,비 또는 눈 소식이 없어요.,05:14,19:45,0,낮음,햇볕에 민감한 분들은 자외선 차단제를 발라주세요.,나쁨,39,보통,52,보통,77.0,,호흡기가 예민하신 분들은 몸상태 유의하며 활동해주세요.,
2026-05-29T04:06:54.301793+09:00,홍대 관광특구,홍대 관광특구,POI007,KEY_4,2026-05-29 04:01,18.0,28.0,17.0,89,ESE,1.1,-,없음,비 또는 눈 소식이 없어요.,05:14,19:45,0,낮음,햇볕에 민감한 분들은 자외선 차단제를 발라주세요.,나쁨,40,보통,45,보통,77.0,,호흡기가 예민하신 분들은 몸상태 유의하며 활동해주세요.,
2026-05-29T04:06:54.301793+09:00,강서한강공원,강서한강공원,POI085,KEY_1,2026-05-29 04:01,17.4,29.0,16.0,90,E,0.6,-,없음,비 또는 눈 소식이 없어요.,05:14,19:45,0,낮음,햇볕에 민감한 분들은 자외선 차단제를 발라주세요.,나쁨,38,보통,58,보통,79.0,,호흡기가 예민하신 분들은 몸상태 유의하며 활동해주세요.,
2026-05-29T04:06:54.301793+09:00,고척돔,고척돔,POI086,KEY_2,2026-05-29 04:01,17.2,29.0,15.0,90,E,0.7,-,없음,비 또는 눈 소식이 없어요.,05:14,19:45,0,낮음,햇볕에 민감한 분들은 자외선 차단제를 발라주세요.,나쁨,55,보통,78,보통,95.0,,호흡기가 예민하신 분들은 몸상태 유의하며 활동해주세요.,
2026-05-29T04:06:54.301793+09:00,광나루한강공원,광나루한강공원,POI087,KEY_3,2026-05-29 04:01,18.4,28.0,17.0,86,SE,0.4,-,없음,비 또는 눈 소식이 없어요.,05:14,19:45,0,낮음,햇볕에 민감한 분들은 자외선 차단제를 발라주세요.,나쁨,41,보통,57,보통,79.0,,호흡기가 예민하신 분들은 몸상태 유의하며 활동해주세요.,
2026-05-29T04:06:54.301793+09:00,광화문광장,광화문광장,POI088,KEY_4,2026-05-29 04:01,16.8,28.0,17.0,89,SE,1.0,-,없음,비 또는 눈 소식이 없어요.,05:14,19:45,0,낮음,햇볕에 민감한 분들은 자외선 차단제를 발라주세요.,나쁨,39,보통,52,보통,77.0,,호흡기가 예민하신 분들은 몸상태 유의하며 활동해주세요.,
2026-05-29T04:06:54.301793+09:00,국립중앙박물관·용산가족공원,국립중앙박물관·용산가족공원,POI089,KEY_1,2026-05-29 04:01,17.3,28.0,17.0,90,ESE,1.3,-,없음,비 또는 눈 소식이 없어요.,05:14,19:45,0,낮음,햇볕에 민감한 분들은 자외선 차단제를 발라주세요.,보통,29,보통,43,보통,69.0,,호흡기가 예민하신 분들은 몸상태 유의하며 활동해주세요.,
2026-05-29T04:06:54.301793+09:00,난지한강공원,난지한강공원,POI090,KEY_2,2026-05-29 04:01,17.4,29.0,16.0,90,E,0.6,-,없음,비 또는 눈 소식이 없어요.,05:14,19:45,0,낮음,햇볕에 민감한 분들은 자외선 차단제를 발라주세요.,나쁨,38,보통,58,보통,79.0,,호흡기가 예민하신 분들은 몸상태 유의하며 활동해주세요.,
2026-05-29T04:06:54.301793+09:00,남산공원,남산공원,POI091,KEY_3,2026-05-29 04:01,16.8,28.0,17.0,89,SE,1.0,-,없음,비 또는 눈 소식이 없어요.,05:14,19:45,0,낮음,햇볕에 민감한 분들은 자외선 차단제를 발라주세요.,나쁨,44,보통,58,보통,87.0,,호흡기가 예민하신 분들은 몸상태 유의하며 활동해주세요.,
2026-05-29T04:06:54.301793+09:00,노들섬,노들섬,POI092,KEY_4,2026-05-29 04:01,18.0,28.0,17.0,89,ESE,1.1,-,없음,비 또는 눈 소식이 없어요.,05:14,19:45,0,낮음,햇볕에 민감한 분들은 자외선 차단제를 발라주세요.,보통,29,보통,43,보통,69.0,,호흡기가 예민하신 분들은 몸상태 유의하며 활동해주세요.,
2026-05-29T04:06:54.301793+09:00,뚝섬한강공원,뚝섬한강공원,POI093,KEY_1,2026-05-29 04:01,17.3,28.0,18.0,90,ESE,1.3,-,없음,비 또는 눈 소식이 없어요.,05:14,19:45,0,낮음,햇볕에 민감한 분들은 자외선 차단제를 발라주세요.,나쁨,42,보통,58,보통,77.0,,호흡기가 예민하신 분들은 몸상태 유의하며 활동해주세요.,
2026-05-29T04:06:54.301793+09:00,망원한강공원,망원한강공원,POI094,KEY_2,2026-05-29 04:01,18.0,28.0,17.0,89,ESE,1.1,-,없음,비 또는 눈 소식이 없어요.,05:14,19:45,0,낮음,햇볕에 민감한 분들은 자외선 차단제를 발라주세요.,나쁨,40,보통,45,보통,77.0,,호흡기가 예민하신 분들은 몸상태 유의하며 활동해주세요.,
2026-05-29T04:06:54.301793+09:00,반포한강공원,반포한강공원,POI095,KEY_3,2026-05-29 04:01,17.3,28.0,17.0,90,ESE,1.3,-,없음,비 또는 눈 소식이 없어요.,05:14,19:45,0,낮음,햇볕에 민감한 분들은 자외선 차단제를 발라주세요.,보통,29,보통,43,보통,69.0,,호흡기가 예민하신 분들은 몸상태 유의하며 활동해주세요.,
2026-05-29T04:06:54.301793+09:00,보라매공원,보라매공원,POI123,KEY_4,2026-05-29 04:01,16.7,28.0,17.0,87,ESE,0.5,-,없음,비 또는 눈 소식이 없어요.,05:14,19:45,0,낮음,햇볕에 민감한 분들은 자외선 차단제를 발라주세요.,나쁨,40,보통,58,보통,79.0,,호흡기가 예민하신 분들은 몸상태 유의하며 활동해주세요.,
2026-05-29T04:06:54.301793+09:00,북서울꿈의숲,북서울꿈의숲,POI096,KEY_1,2026-05-29 04:01,15.4,28.0,16.0,97,SE,0.4,-,없음,비 또는 눈 소식이 없어요.,05:14,19:45,0,낮음,햇볕에 민감한 분들은 자외선 차단제를 발라주세요.,보통,21,보통,32,보통,54.0,,호흡기가 예민하신 분들은 몸상태 유의하며 활동해주세요.,
2026-05-29T04:06:54.301793+09:00,서대문독립공원,서대문독립공원,POI124,KEY_2,2026-05-29 04:01,16.8,28.0,17.0,89,SE,1.0,-,없음,비 또는 눈 소식이 없어요.,05:14,19:45,0,낮음,햇볕에 민감한 분들은 자외선 차단제를 발라주세요.,나쁨,39,보통,52,보통,77.0,,호흡기가 예민하신 분들은 몸상태 유의하며 활동해주세요.,
2026-05-29T04:06:54.301793+09:00,서리풀공원·몽마르뜨공원,서리풀공원·몽마르뜨공원,POI098,KEY_3,2026-05-29 04:01,16.7,28.0,16.0,97,ESE,0.2,-,없음,비 또는 눈 소식이 없어요.,05:14,19:45,0,낮음,햇볕에 민감한 분들은 자외선 차단제를 발라주세요.,나쁨,48,보통,66,보통,90.0,,호흡기가 예민하신 분들은 몸상태 유의하며 활동해주세요.,
2026-05-29T04:06:54.301793+09:00,서울숲공원,서울숲공원,POI101,KEY_1,2026-05-29 04:01,17.3,28.0,18.0,90,ESE,1.3,-,없음,비 또는 눈 소식이 없어요.,05:14,19:45,0,낮음,햇볕에 민감한 분들은 자외선 차단제를 발라주세요.,나쁨,41,보통,57,보통,77.0,,호흡기가 예민하신 분들은 몸상태 유의하며 활동해주세요.,
2026-05-29T04:06:54.301793+09:00,송현녹지광장,송현녹지광장,POI129,KEY_2,2026-05-29 04:01,16.8,28.0,17.0,89,SE,1.0,-,없음,비 또는 눈 소식이 없어요.,05:14,19:45,0,낮음,햇볕에 민감한 분들은 자외선 차단제를 발라주세요.,나쁨,39,보통,52,보통,77.0,,호흡기가 예민하신 분들은 몸상태 유의하며 활동해주세요.,
2026-05-29T04:06:54.301793+09:00,아차산,아차산,POI102,KEY_3,2026-05-29 04:01,17.9,28.0,17.0,86,E,1.3,-,없음,비 또는 눈 소식이 없어요.,05:14,19:45,0,낮음,햇볕에 민감한 분들은 자외선 차단제를 발라주세요.,나쁨,42,보통,58,보통,77.0,,호흡기가 예민하신 분들은 몸상태 유의하며 활동해주세요.,
2026-05-29T04:06:54.301793+09:00,안양천,안양천,POI125,KEY_4,2026-05-29 04:01,17.3,29.0,17.0,91,E,1.0,-,없음,비 또는 눈 소식이 없어요.,05:14,19:45,0,낮음,햇볕에 민감한 분들은 자외선 차단제를 발라주세요.,나쁨,38,보통,64,보통,72.0,,호흡기가 예민하신 분들은 몸상태 유의하며 활동해주세요.,
2026-05-29T04:06:54.301793+09:00,양화한강공원,양화한강공원,POI103,KEY_1,2026-05-29 04:01,17.3,29.0,17.0,91,E,1.0,-,없음,비 또는 눈 소식이 없어요.,05:14,19:45,0,낮음,햇볕에 민감한 분들은 자외선 차단제를 발라주세요.,보통,35,보통,57,보통,74.0,,호흡기가 예민하신 분들은 몸상태 유의하며 활동해주세요.,
2026-05-29T04:06:54.301793+09:00,어린이대공원,어린이대공원,POI104,KEY_2,2026-05-29 04:01,18.4,28.0,17.0,86,SE,0.4,-,없음,비 또는 눈 소식이 없어요.,05:14,19:45,0,낮음,햇볕에 민감한 분들은 자외선 차단제를 발라주세요.,나쁨,42,보통,58,보통,77.0,,호흡기가 예민하신 분들은 몸상태 유의하며 활동해주세요.,
2026-05-29T04:06:54.301793+09:00,여의도한강공원,여의도한강공원,POI105,KEY_3,2026-05-29 04:01,18.0,28.0,17.0,89,ESE,1.1,-,없음,비 또는 눈 소식이 없어요.,05:14,19:45,0,낮음,햇볕에 민감한 분들은 자외선 차단제를 발라주세요.,보통,35,보통,57,보통,74.0,,호흡기가 예민하신 분들은 몸상태 유의하며 활동해주세요.,
2026-05-29T04:06:54.301793+09:00,여의서로,여의서로,POI126,KEY_4,2026-05-29 04:01,18.0,28.0,17.0,89,ESE,1.1,-,없음,비 또는 눈 소식이 없어요.,05:14,19:45,0,낮음,햇볕에 민감한 분들은 자외선 차단제를 발라주세요.,보통,35,보통,57,보통,74.0,,호흡기가 예민하신 분들은 몸상태 유의하며 활동해주세요.,
2026-05-29T04:06:54.301793+09:00,올림픽공원,올림픽공원,POI127,KEY_1,2026-05-29 04:01,18.4,28.0,17.0,86,SE,0.4,-,없음,비 또는 눈 소식이 없어요.,05:14,19:45,0,낮음,햇볕에 민감한 분들은 자외선 차단제를 발라주세요.,보통,26,보통,42,보통,53.0,,호흡기가 예민하신 분들은 몸상태 유의하며 활동해주세요.,
2026-05-29T04:06:54.301793+09:00,월드컵공원,월드컵공원,POI106,KEY_2,2026-05-29 04:01,17.4,29.0,16.0,90,E,0.6,-,없음,비 또는 눈 소식이 없어요.,05:14,19:45,0,낮음,햇볕에 민감한 분들은 자외선 차단제를 발라주세요.,나쁨,40,보통,45,보통,77.0,,호흡기가 예민하신 분들은 몸상태 유의하며 활동해주세요.,
2026-05-29T04:06:54.301793+09:00,응봉산,응봉산,POI107,KEY_3,2026-05-29 04:01,17.3,28.0,18.0,90,ESE,1.3,-,없음,비 또는 눈 소식이 없어요.,05:14,19:45,0,낮음,햇볕에 민감한 분들은 자외선 차단제를 발라주세요.,나쁨,41,보통,57,보통,77.0,,호흡기가 예민하신 분들은 몸상태 유의하며 활동해주세요.,
2026-05-29T04:06:54.301793+09:00,이촌한강공원,이촌한강공원,POI108,KEY_4,2026-05-29 04:01,17.3,28.0,17.0,90,ESE,1.3,-,없음,비 또는 눈 소식이 없어요.,05:14,19:45,0,낮음,햇볕에 민감한 분들은 자외선 차단제를 발라주세요.,보통,29,보통,43,보통,69.0,,호흡기가 예민하신 분들은 몸상태 유의하며 활동해주세요.,
2026-05-29T04:06:54.301793+09:00,잠실종합운동장,잠실종합운동장,POI109,KEY_1,2026-05-29 04:01,18.8,29.0,17.0,81,E,1.6,-,없음,비 또는 눈 소식이 없어요.,05:14,19:45,0,낮음,햇볕에 민감한 분들은 자외선 차단제를 발라주세요.,보통,26,보통,42,보통,53.0,,호흡기가 예민하신 분들은 몸상태 유의하며 활동해주세요.,
2026-05-29T04:06:54.301793+09:00,잠실한강공원,잠실한강공원,POI110,KEY_2,2026-05-29 04:01,18.4,28.0,17.0,86,SE,0.4,-,없음,비 또는 눈 소식이 없어요.,05:14,19:45,0,낮음,햇볕에 민감한 분들은 자외선 차단제를 발라주세요.,나쁨,42,보통,58,보통,77.0,,호흡기가 예민하신 분들은 몸상태 유의하며 활동해주세요.,
2026-05-29T04:06:54.301793+09:00,잠원한강공원,잠원한강공원,POI111,KEY_3,2026-05-29 04:01,17.3,28.0,18.0,90,ESE,1.3,-,없음,비 또는 눈 소식이 없어요.,05:14,19:45,0,낮음,햇볕에 민감한 분들은 자외선 차단제를 발라주세요.,나쁨,41,보통,58,보통,77.0,,호흡기가 예민하신 분들은 몸상태 유의하며 활동해주세요.,
2026-05-29T04:06:54.301793+09:00,청계산,청계산,POI112,KEY_4,2026-05-29 04:01,15.0,27.0,15.0,100,ESE,0.3,-,없음,비 또는 눈 소식이 없어요.,05:14,19:45,0,낮음,햇볕에 민감한 분들은 자외선 차단제를 발라주세요.,나쁨,48,보통,66,보통,90.0,,호흡기가 예민하신 분들은 몸상태 유의하며 활동해주세요.,
2026-05-29T04:06:54.301793+09:00,홍제폭포,홍제폭포,POI128,KEY_1,2026-05-29 04:01,15.3,28.0,16.0,97,NNE,0.2,-,없음,비 또는 눈 소식이 없어요.,05:14,19:45,0,낮음,햇볕에 민감한 분들은 자외선 차단제를 발라주세요.,나쁨,44,점검중,0,점검중,점검중,,원본 시스템 서비스 점검중입니다.,
2026-05-29T04:06:54.301793+09:00,가락시장,가락시장,POI058,KEY_2,2026-05-29 04:01,18.8,29.0,17.0,81,E,1.6,-,없음,비 또는 눈 소식이 없어요.,05:14,19:45,0,낮음,햇볕에 민감한 분들은 자외선 차단제를 발라주세요.,보통,26,보통,42,보통,53.0,,호흡기가 예민하신 분들은 몸상태 유의하며 활동해주세요.,
2026-05-29T04:06:54.301793+09:00,가로수길,가로수길,POI059,KEY_3,2026-05-29 04:01,17.3,28.0,18.0,90,ESE,1.3,-,없음,비 또는 눈 소식이 없어요.,05:14,19:45,0,낮음,햇볕에 민감한 분들은 자외선 차단제를 발라주세요.,나쁨,41,보통,58,보통,77.0,,호흡기가 예민하신 분들은 몸상태 유의하며 활동해주세요.,
2026-05-29T04:06:54.301793+09:00,광장(전통)시장,광장(전통)시장,POI060,KEY_4,2026-05-29 04:01,16.8,28.0,17.0,89,SE,1.0,-,없음,비 또는 눈 소식이 없어요.,05:14,19:45,0,낮음,햇볕에 민감한 분들은 자외선 차단제를 발라주세요.,나쁨,39,보통,52,보통,77.0,,호흡기가 예민하신 분들은 몸상태 유의하며 활동해주세요.,
2026-05-29T04:06:54.301793+09:00,김포공항,김포공항,POI061,KEY_1,2026-05-29 04:01,17.4,29.0,16.0,90,E,0.6,-,없음,비 또는 눈 소식이 없어요.,05:14,19:45,0,낮음,햇볕에 민감한 분들은 자외선 차단제를 발라주세요.,나쁨,38,보통,58,보통,79.0,,호흡기가 예민하신 분들은 몸상태 유의하며 활동해주세요.,
2026-05-29T04:06:54.301793+09:00,남대문시장,남대문시장,POI115,KEY_2,2026-05-29 04:01,16.8,28.0,17.0,89,SE,1.0,-,없음,비 또는 눈 소식이 없어요.,05:14,19:45,0,낮음,햇볕에 민감한 분들은 자외선 차단제를 발라주세요.,나쁨,44,보통,58,보통,87.0,,호흡기가 예민하신 분들은 몸상태 유의하며 활동해주세요.,
2026-05-29T04:06:54.301793+09:00,노량진,노량진,POI063,KEY_3,2026-05-29 04:01,16.7,28.0,17.0,87,ESE,0.5,-,없음,비 또는 눈 소식이 없어요.,05:14,19:45,0,낮음,햇볕에 민감한 분들은 자외선 차단제를 발라주세요.,나쁨,40,보통,58,보통,79.0,,호흡기가 예민하신 분들은 몸상태 유의하며 활동해주세요.,
2026-05-29T04:06:54.301793+09:00,덕수궁길·정동길,덕수궁길·정동길,POI064,KEY_4,2026-05-29 04:01,16.8,28.0,17.0,89,SE,1.0,-,없음,비 또는 눈 소식이 없어요.,05:14,19:45,0,낮음,햇볕에 민감한 분들은 자외선 차단제를 발라주세요.,나쁨,39,보통,52,보통,77.0,,호흡기가 예민하신 분들은 몸상태 유의하며 활동해주세요.,
2026-05-29T04:06:54.301793+09:00,북창동 먹자골목,북창동 먹자골목,POI114,KEY_1,2026-05-29 04:01,16.8,28.0,17.0,89,SE,1.0,-,없음,비 또는 눈 소식이 없어요.,05:14,19:45,0,낮음,햇볕에 민감한 분들은 자외선 차단제를 발라주세요.,나쁨,44,보통,58,보통,87.0,,호흡기가 예민하신 분들은 몸상태 유의하며 활동해주세요.,
2026-05-29T04:06:54.301793+09:00,북촌한옥마을,북촌한옥마을,POI066,KEY_2,2026-05-29 04:01,16.8,28.0,17.0,89,SE,1.0,-,없음,비 또는 눈 소식이 없어요.,05:14,19:45,0,낮음,햇볕에 민감한 분들은 자외선 차단제를 발라주세요.,나쁨,39,보통,52,보통,77.0,,호흡기가 예민하신 분들은 몸상태 유의하며 활동해주세요.,
2026-05-29T04:06:54.301793+09:00,서촌,서촌,POI067,KEY_3,2026-05-29 04:01,16.8,28.0,17.0,89,SE,1.0,-,없음,비 또는 눈 소식이 없어요.,05:14,19:45,0,낮음,햇볕에 민감한 분들은 자외선 차단제를 발라주세요.,나쁨,39,보통,52,보통,77.0,,호흡기가 예민하신 분들은 몸상태 유의하며 활동해주세요.,
2026-05-29T04:06:54.301793+09:00,성수카페거리,성수카페거리,POI068,KEY_4,2026-05-29 04:01,17.3,28.0,18.0,90,ESE,1.3,-,없음,비 또는 눈 소식이 없어요.,05:14,19:45,0,낮음,햇볕에 민감한 분들은 자외선 차단제를 발라주세요.,나쁨,41,보통,57,보통,77.0,,호흡기가 예민하신 분들은 몸상태 유의하며 활동해주세요.,
2026-05-29T04:06:54.301793+09:00,송리단길·호수단길,송리단길·호수단길,POI121,KEY_1,2026-05-29 04:01,18.8,29.0,17.0,81,E,1.6,-,없음,비 또는 눈 소식이 없어요.,05:14,19:45,0,낮음,햇볕에 민감한 분들은 자외선 차단제를 발라주세요.,보통,26,보통,42,보통,53.0,,호흡기가 예민하신 분들은 몸상태 유의하며 활동해주세요.,
2026-05-29T04:06:54.301793+09:00,신촌 스타광장,신촌 스타광장,POI122,KEY_2,2026-05-29 04:01,18.0,28.0,17.0,89,ESE,1.1,-,없음,비 또는 눈 소식이 없어요.,05:14,19:45,0,낮음,햇볕에 민감한 분들은 자외선 차단제를 발라주세요.,나쁨,44,점검중,0,점검중,점검중,,원본 시스템 서비스 점검중입니다.,
2026-05-29T04:06:54.301793+09:00,압구정로데오거리,압구정로데오거리,POI071,KEY_3,2026-05-29 04:01,17.3,28.0,18.0,90,ESE,1.3,-,없음,비 또는 눈 소식이 없어요.,05:14,19:45,0,낮음,햇볕에 민감한 분들은 자외선 차단제를 발라주세요.,나쁨,41,보통,58,보통,77.0,,호흡기가 예민하신 분들은 몸상태 유의하며 활동해주세요.,
2026-05-29T04:06:54.301793+09:00,여의도,여의도,POI072,KEY_4,2026-05-29 04:01,18.0,28.0,17.0,89,ESE,1.1,-,없음,비 또는 눈 소식이 없어요.,05:14,19:45,0,낮음,햇볕에 민감한 분들은 자외선 차단제를 발라주세요.,보통,35,보통,57,보통,74.0,,호흡기가 예민하신 분들은 몸상태 유의하며 활동해주세요.,
2026-05-29T04:06:54.301793+09:00,연남동,연남동,POI073,KEY_1,2026-05-29 04:01,15.3,28.0,16.0,97,NNE,0.2,-,없음,비 또는 눈 소식이 없어요.,05:14,19:45,0,낮음,햇볕에 민감한 분들은 자외선 차단제를 발라주세요.,나쁨,40,보통,45,보통,77.0,,호흡기가 예민하신 분들은 몸상태 유의하며 활동해주세요.,
2026-05-29T04:06:54.301793+09:00,영등포 타임스퀘어,영등포 타임스퀘어,POI074,KEY_2,2026-05-29 04:01,18.0,28.0,17.0,89,ESE,1.1,-,없음,비 또는 눈 소식이 없어요.,05:14,19:45,0,낮음,햇볕에 민감한 분들은 자외선 차단제를 발라주세요.,보통,35,보통,57,보통,74.0,,호흡기가 예민하신 분들은 몸상태 유의하며 활동해주세요.,
2026-05-29T04:06:54.301793+09:00,용리단길,용리단길,POI076,KEY_3,2026-05-29 04:01,17.3,28.0,17.0,90,ESE,1.3,-,없음,비 또는 눈 소식이 없어요.,05:14,19:45,0,낮음,햇볕에 민감한 분들은 자외선 차단제를 발라주세요.,보통,29,보통,43,보통,69.0,,호흡기가 예민하신 분들은 몸상태 유의하며 활동해주세요.,
2026-05-29T04:06:54.301793+09:00,이태원 앤틱가구거리,이태원 앤틱가구거리,POI077,KEY_4,2026-05-29 04:01,17.3,28.0,17.0,90,ESE,1.3,-,없음,비 또는 눈 소식이 없어요.,05:14,19:45,0,낮음,햇볕에 민감한 분들은 자외선 차단제를 발라주세요.,보통,29,보통,43,보통,69.0,,호흡기가 예민하신 분들은 몸상태 유의하며 활동해주세요.,
2026-05-29T04:06:54.301793+09:00,익선동,익선동,POI116,KEY_1,2026-05-29 04:01,16.8,28.0,17.0,89,SE,1.0,-,없음,비 또는 눈 소식이 없어요.,05:14,19:45,0,낮음,햇볕에 민감한 분들은 자외선 차단제를 발라주세요.,나쁨,39,보통,52,보통,77.0,,호흡기가 예민하신 분들은 몸상태 유의하며 활동해주세요.,
2026-05-29T04:06:54.301793+09:00,인사동,인사동,POI078,KEY_2,2026-05-29 04:01,16.8,28.0,17.0,89,SE,1.0,-,없음,비 또는 눈 소식이 없어요.,05:14,19:45,0,낮음,햇볕에 민감한 분들은 자외선 차단제를 발라주세요.,나쁨,39,보통,52,보통,77.0,,호흡기가 예민하신 분들은 몸상태 유의하며 활동해주세요.,
2026-05-29T04:06:54.301793+09:00,잠실롯데타워·석촌호수,잠실롯데타워·석촌호수,POI120,KEY_3,2026-05-29 04:01,18.4,28.0,17.0,86,SE,0.4,-,없음,비 또는 눈 소식이 없어요.,05:14,19:45,0,낮음,햇볕에 민감한 분들은 자외선 차단제를 발라주세요.,보통,26,보통,42,보통,53.0,,호흡기가 예민하신 분들은 몸상태 유의하며 활동해주세요.,
2026-05-29T04:06:54.301793+09:00,창동 신경제 중심지,창동 신경제 중심지,POI079,KEY_4,2026-05-29 04:01,16.5,28.0,16.0,91,SSE,0.1,-,없음,비 또는 눈 소식이 없어요.,05:14,19:45,0,낮음,햇볕에 민감한 분들은 자외선 차단제를 발라주세요.,보통,21,보통,41,보통,56.0,,호흡기가 예민하신 분들은 몸상태 유의하며 활동해주세요.,
2026-05-29T04:06:54.301793+09:00,청담동 명품거리,청담동 명품거리,POI080,KEY_1,2026-05-29 04:01,17.3,28.0,18.0,90,ESE,1.3,-,없음,비 또는 눈 소식이 없어요.,05:14,19:45,0,낮음,햇볕에 민감한 분들은 자외선 차단제를 발라주세요.,나쁨,41,보통,58,보통,77.0,,호흡기가 예민하신 분들은 몸상태 유의하며 활동해주세요.,
2026-05-29T04:06:54.301793+09:00,청량리 제기동 일대 전통시장,청량리 제기동 일대 전통시장,POI081,KEY_2,2026-05-29 04:01,17.7,29.0,18.0,88,E,0.2,-,없음,비 또는 눈 소식이 없어요.,05:14,19:45,0,낮음,햇볕에 민감한 분들은 자외선 차단제를 발라주세요.,나쁨,37,보통,50,보통,77.0,,호흡기가 예민하신 분들은 몸상태 유의하며 활동해주세요.,
2026-05-29T04:06:54.301793+09:00,해방촌·경리단길,해방촌·경리단길,POI082,KEY_3,2026-05-29 04:01,17.3,28.0,17.0,90,ESE,1.3,-,없음,비 또는 눈 소식이 없어요.,05:14,19:45,0,낮음,햇볕에 민감한 분들은 자외선 차단제를 발라주세요.,보통,29,보통,43,보통,69.0,,호흡기가 예민하신 분들은 몸상태 유의하며 활동해주세요.,
2026-05-29T04:06:54.301793+09:00,DDP(동대문디자인플라자),DDP(동대문디자인플라자),POI083,KEY_4,2026-05-29 04:01,16.8,28.0,17.0,89,SE,1.0,-,없음,비 또는 눈 소식이 없어요.,05:14,19:45,0,낮음,햇볕에 민감한 분들은 자외선 차단제를 발라주세요.,나쁨,39,보통,52,보통,77.0,,호흡기가 예민하신 분들은 몸상태 유의하며 활동해주세요.,
2026-05-29T04:06:54.301793+09:00,DMC(디지털미디어시티),DMC(디지털미디어시티),POI084,KEY_1,2026-05-29 04:01,17.4,29.0,16.0,90,E,0.6,-,없음,비 또는 눈 소식이 없어요.,05:14,19:45,0,낮음,햇볕에 민감한 분들은 자외선 차단제를 발라주세요.,나쁨,40,보통,45,보통,77.0,,호흡기가 예민하신 분들은 몸상태 유의하며 활동해주세요.,
2026-05-29T04:06:54.301793+09:00,강남역,강남역,POI014,KEY_3,2026-05-29 04:01,17.1,28.0,17.0,89,E,1.2,-,없음,비 또는 눈 소식이 없어요.,05:14,19:45,0,낮음,햇볕에 민감한 분들은 자외선 차단제를 발라주세요.,나쁨,48,보통,66,보통,90.0,,호흡기가 예민하신 분들은 몸상태 유의하며 활동해주세요.,
2026-05-29T04:06:54.301793+09:00,건대입구역,건대입구역,POI015,KEY_4,2026-05-29 04:01,17.3,28.0,18.0,90,ESE,1.3,-,없음,비 또는 눈 소식이 없어요.,05:14,19:45,0,낮음,햇볕에 민감한 분들은 자외선 차단제를 발라주세요.,나쁨,42,보통,58,보통,77.0,,호흡기가 예민하신 분들은 몸상태 유의하며 활동해주세요.,
2026-05-29T04:06:54.301793+09:00,고덕역,고덕역,POI016,KEY_1,2026-05-29 04:01,15.5,28.0,17.0,96,ESE,0.2,-,없음,비 또는 눈 소식이 없어요.,05:14,19:45,0,낮음,햇볕에 민감한 분들은 자외선 차단제를 발라주세요.,나쁨,41,보통,57,보통,79.0,,호흡기가 예민하신 분들은 몸상태 유의하며 활동해주세요.,
2026-05-29T04:06:54.301793+09:00,고속터미널역,고속터미널역,POI017,KEY_2,2026-05-29 04:01,16.7,28.0,16.0,97,ESE,0.2,-,없음,비 또는 눈 소식이 없어요.,05:14,19:45,0,낮음,햇볕에 민감한 분들은 자외선 차단제를 발라주세요.,나쁨,48,보통,66,보통,90.0,,호흡기가 예민하신 분들은 몸상태 유의하며 활동해주세요.,
2026-05-29T04:06:54.301793+09:00,교대역,교대역,POI018,KEY_3,2026-05-29 04:01,17.1,28.0,17.0,89,E,1.2,-,없음,비 또는 눈 소식이 없어요.,05:14,19:45,0,낮음,햇볕에 민감한 분들은 자외선 차단제를 발라주세요.,나쁨,48,보통,66,보통,90.0,,호흡기가 예민하신 분들은 몸상태 유의하며 활동해주세요.,
2026-05-29T04:06:54.301793+09:00,구로디지털단지역,구로디지털단지역,POI019,KEY_4,2026-05-29 04:01,17.2,29.0,15.0,90,E,0.7,-,없음,비 또는 눈 소식이 없어요.,05:14,19:45,0,낮음,햇볕에 민감한 분들은 자외선 차단제를 발라주세요.,나쁨,55,보통,78,보통,95.0,,호흡기가 예민하신 분들은 몸상태 유의하며 활동해주세요.,
2026-05-29T04:06:54.301793+09:00,구로역,구로역,POI020,KEY_1,2026-05-29 04:01,17.2,29.0,15.0,90,E,0.7,-,없음,비 또는 눈 소식이 없어요.,05:14,19:45,0,낮음,햇볕에 민감한 분들은 자외선 차단제를 발라주세요.,나쁨,55,보통,78,보통,95.0,,호흡기가 예민하신 분들은 몸상태 유의하며 활동해주세요.,
2026-05-29T04:06:54.301793+09:00,군자역,군자역,POI021,KEY_2,2026-05-29 04:01,17.9,28.0,17.0,86,E,1.3,-,없음,비 또는 눈 소식이 없어요.,05:14,19:45,0,낮음,햇볕에 민감한 분들은 자외선 차단제를 발라주세요.,나쁨,42,보통,58,보통,77.0,,호흡기가 예민하신 분들은 몸상태 유의하며 활동해주세요.,
2026-05-29T04:06:54.301793+09:00,대림역,대림역,POI023,KEY_3,2026-05-29 04:01,17.2,29.0,15.0,90,E,0.7,-,없음,비 또는 눈 소식이 없어요.,05:14,19:45,0,낮음,햇볕에 민감한 분들은 자외선 차단제를 발라주세요.,보통,35,보통,57,보통,74.0,,호흡기가 예민하신 분들은 몸상태 유의하며 활동해주세요.,
2026-05-29T04:06:54.301793+09:00,동대문역,동대문역,POI024,KEY_4,2026-05-29 04:01,16.8,28.0,17.0,89,SE,1.0,-,없음,비 또는 눈 소식이 없어요.,05:14,19:45,0,낮음,햇볕에 민감한 분들은 자외선 차단제를 발라주세요.,나쁨,39,보통,52,보통,77.0,,호흡기가 예민하신 분들은 몸상태 유의하며 활동해주세요.,
2026-05-29T04:06:54.301793+09:00,뚝섬역,뚝섬역,POI025,KEY_1,2026-05-29 04:01,17.3,28.0,18.0,90,ESE,1.3,-,없음,비 또는 눈 소식이 없어요.,05:14,19:45,0,낮음,햇볕에 민감한 분들은 자외선 차단제를 발라주세요.,나쁨,41,보통,57,보통,77.0,,호흡기가 예민하신 분들은 몸상태 유의하며 활동해주세요.,
2026-05-29T04:06:54.301793+09:00,미아사거리역,미아사거리역,POI026,KEY_2,2026-05-29 04:01,15.4,28.0,16.0,97,SE,0.4,-,없음,비 또는 눈 소식이 없어요.,05:14,19:45,0,낮음,햇볕에 민감한 분들은 자외선 차단제를 발라주세요.,보통,21,보통,32,보통,54.0,,호흡기가 예민하신 분들은 몸상태 유의하며 활동해주세요.,
2026-05-29T04:06:54.301793+09:00,발산역,발산역,POI027,KEY_3,2026-05-29 04:01,17.4,29.0,16.0,90,E,0.6,-,없음,비 또는 눈 소식이 없어요.,05:14,19:45,0,낮음,햇볕에 민감한 분들은 자외선 차단제를 발라주세요.,나쁨,38,보통,58,보통,79.0,,호흡기가 예민하신 분들은 몸상태 유의하며 활동해주세요.,
2026-05-29T04:06:54.301793+09:00,사당역,사당역,POI029,KEY_4,2026-05-29 04:01,16.7,28.0,16.0,97,ESE,0.2,-,없음,비 또는 눈 소식이 없어요.,05:14,19:45,0,낮음,햇볕에 민감한 분들은 자외선 차단제를 발라주세요.,나쁨,48,보통,66,보통,90.0,,호흡기가 예민하신 분들은 몸상태 유의하며 활동해주세요.,
2026-05-29T04:06:54.301793+09:00,삼각지역,삼각지역,POI030,KEY_1,2026-05-29 04:01,17.3,28.0,17.0,90,ESE,1.3,-,없음,비 또는 눈 소식이 없어요.,05:14,19:45,0,낮음,햇볕에 민감한 분들은 자외선 차단제를 발라주세요.,보통,29,보통,43,보통,69.0,,호흡기가 예민하신 분들은 몸상태 유의하며 활동해주세요.,
2026-05-29T04:06:54.301793+09:00,서울대입구역,서울대입구역,POI031,KEY_2,2026-05-29 04:01,16.7,28.0,17.0,87,ESE,0.5,-,없음,비 또는 눈 소식이 없어요.,05:14,19:45,0,낮음,햇볕에 민감한 분들은 자외선 차단제를 발라주세요.,보통,34,보통,57,보통,69.0,,호흡기가 예민하신 분들은 몸상태 유의하며 활동해주세요.,
2026-05-29T04:06:54.301793+09:00,서울식물원·마곡나루역,서울식물원·마곡나루역,POI032,KEY_3,2026-05-29 04:01,17.4,29.0,16.0,90,E,0.6,-,없음,비 또는 눈 소식이 없어요.,05:14,19:45,0,낮음,햇볕에 민감한 분들은 자외선 차단제를 발라주세요.,나쁨,38,보통,58,보통,79.0,,호흡기가 예민하신 분들은 몸상태 유의하며 활동해주세요.,
2026-05-29T04:06:54.301793+09:00,서울역,서울역,POI033,KEY_4,2026-05-29 04:01,16.8,28.0,17.0,89,SE,1.0,-,없음,비 또는 눈 소식이 없어요.,05:14,19:45,0,낮음,햇볕에 민감한 분들은 자외선 차단제를 발라주세요.,나쁨,44,보통,58,보통,87.0,,호흡기가 예민하신 분들은 몸상태 유의하며 활동해주세요.,
2026-05-29T04:06:54.301793+09:00,선릉역,선릉역,POI034,KEY_1,2026-05-29 04:01,17.1,28.0,17.0,89,E,1.2,-,없음,비 또는 눈 소식이 없어요.,05:14,19:45,0,낮음,햇볕에 민감한 분들은 자외선 차단제를 발라주세요.,나쁨,41,보통,58,보통,77.0,,호흡기가 예민하신 분들은 몸상태 유의하며 활동해주세요.,
2026-05-29T04:06:54.301793+09:00,성신여대입구역,성신여대입구역,POI035,KEY_2,2026-05-29 04:01,16.8,28.0,17.0,89,SE,1.0,-,없음,비 또는 눈 소식이 없어요.,05:14,19:45,0,낮음,햇볕에 민감한 분들은 자외선 차단제를 발라주세요.,나쁨,36,보통,59,보통,77.0,,호흡기가 예민하신 분들은 몸상태 유의하며 활동해주세요.,
2026-05-29T04:06:54.301793+09:00,수유역,수유역,POI036,KEY_3,2026-05-29 04:01,15.4,28.0,16.0,97,SE,0.4,-,없음,비 또는 눈 소식이 없어요.,05:14,19:45,0,낮음,햇볕에 민감한 분들은 자외선 차단제를 발라주세요.,보통,21,보통,32,보통,54.0,,호흡기가 예민하신 분들은 몸상태 유의하며 활동해주세요.,
2026-05-29T04:06:54.301793+09:00,숭례문,숭례문,POI131,KEY_4,2026-05-29 04:01,16.8,28.0,17.0,89,SE,1.0,-,없음,비 또는 눈 소식이 없어요.,05:14,19:45,0,낮음,햇볕에 민감한 분들은 자외선 차단제를 발라주세요.,나쁨,44,보통,58,보통,87.0,,호흡기가 예민하신 분들은 몸상태 유의하며 활동해주세요.,
2026-05-29T04:06:54.301793+09:00,시의회 앞,시의회 앞,POI130,KEY_1,2026-05-29 04:01,16.8,28.0,17.0,89,SE,1.0,-,없음,비 또는 눈 소식이 없어요.,05:14,19:45,0,낮음,햇볕에 민감한 분들은 자외선 차단제를 발라주세요.,나쁨,44,보통,58,보통,87.0,,호흡기가 예민하신 분들은 몸상태 유의하며 활동해주세요.,
2026-05-29T04:06:54.301793+09:00,신논현역·논현역,신논현역·논현역,POI037,KEY_2,2026-05-29 04:01,17.1,28.0,17.0,89,E,1.2,-,없음,비 또는 눈 소식이 없어요.,05:14,19:45,0,낮음,햇볕에 민감한 분들은 자외선 차단제를 발라주세요.,나쁨,41,보통,58,보통,77.0,,호흡기가 예민하신 분들은 몸상태 유의하며 활동해주세요.,
2026-05-29T04:06:54.301793+09:00,신도림역,신도림역,POI038,KEY_3,2026-05-29 04:01,16.7,28.0,17.0,87,ESE,0.5,-,없음,비 또는 눈 소식이 없어요.,05:14,19:45,0,낮음,햇볕에 민감한 분들은 자외선 차단제를 발라주세요.,보통,35,보통,57,보통,74.0,,호흡기가 예민하신 분들은 몸상태 유의하며 활동해주세요.,
2026-05-29T04:06:54.301793+09:00,신림역,신림역,POI039,KEY_4,2026-05-29 04:01,16.7,28.0,17.0,87,ESE,0.5,-,없음,비 또는 눈 소식이 없어요.,05:14,19:45,0,낮음,햇볕에 민감한 분들은 자외선 차단제를 발라주세요.,보통,34,보통,57,보통,69.0,,호흡기가 예민하신 분들은 몸상태 유의하며 활동해주세요.,
2026-05-29T04:06:54.301793+09:00,신정네거리역,신정네거리역,POI117,KEY_1,2026-05-29 04:01,17.3,29.0,17.0,91,E,1.0,-,없음,비 또는 눈 소식이 없어요.,05:14,19:45,0,낮음,햇볕에 민감한 분들은 자외선 차단제를 발라주세요.,나쁨,38,보통,64,보통,72.0,,호흡기가 예민하신 분들은 몸상태 유의하며 활동해주세요.,
2026-05-29T04:06:54.301793+09:00,신촌·이대역,신촌·이대역,POI040,KEY_2,2026-05-29 04:01,18.0,28.0,17.0,89,ESE,1.1,-,없음,비 또는 눈 소식이 없어요.,05:14,19:45,0,낮음,햇볕에 민감한 분들은 자외선 차단제를 발라주세요.,나쁨,44,점검중,0,점검중,점검중,,원본 시스템 서비스 점검중입니다.,
2026-05-29T04:06:54.301793+09:00,쌍문역,쌍문역,POI070,KEY_3,2026-05-29 04:01,15.4,28.0,16.0,97,SE,0.4,-,없음,비 또는 눈 소식이 없어요.,05:14,19:45,0,낮음,햇볕에 민감한 분들은 자외선 차단제를 발라주세요.,보통,30,보통,48,보통,64.0,,호흡기가 예민하신 분들은 몸상태 유의하며 활동해주세요.,
2026-05-29T04:06:54.301793+09:00,양재역,양재역,POI041,KEY_4,2026-05-29 04:01,17.1,28.0,17.0,89,E,1.2,-,없음,비 또는 눈 소식이 없어요.,05:14,19:45,0,낮음,햇볕에 민감한 분들은 자외선 차단제를 발라주세요.,나쁨,48,보통,66,보통,90.0,,호흡기가 예민하신 분들은 몸상태 유의하며 활동해주세요.,
2026-05-29T04:06:54.301793+09:00,역삼역,역삼역,POI042,KEY_1,2026-05-29 04:01,17.1,28.0,17.0,89,E,1.2,-,없음,비 또는 눈 소식이 없어요.,05:14,19:45,0,낮음,햇볕에 민감한 분들은 자외선 차단제를 발라주세요.,나쁨,41,보통,58,보통,77.0,,호흡기가 예민하신 분들은 몸상태 유의하며 활동해주세요.,
2026-05-29T04:06:54.301793+09:00,연신내역,연신내역,POI043,KEY_2,2026-05-29 04:01,14.3,28.0,15.0,92,N,0.3,-,없음,비 또는 눈 소식이 없어요.,05:14,19:45,0,낮음,햇볕에 민감한 분들은 자외선 차단제를 발라주세요.,나쁨,40,보통,55,보통,87.0,,호흡기가 예민하신 분들은 몸상태 유의하며 활동해주세요.,
2026-05-29T04:06:54.301793+09:00,오목교역·목동운동장,오목교역·목동운동장,POI044,KEY_3,2026-05-29 04:01,17.3,29.0,17.0,91,E,1.0,-,없음,비 또는 눈 소식이 없어요.,05:14,19:45,0,낮음,햇볕에 민감한 분들은 자외선 차단제를 발라주세요.,나쁨,38,보통,64,보통,72.0,,호흡기가 예민하신 분들은 몸상태 유의하며 활동해주세요.,
2026-05-29T04:06:54.301793+09:00,왕십리역,왕십리역,POI045,KEY_4,2026-05-29 04:01,17.7,29.0,18.0,88,E,0.2,-,없음,비 또는 눈 소식이 없어요.,05:14,19:45,0,낮음,햇볕에 민감한 분들은 자외선 차단제를 발라주세요.,나쁨,41,보통,57,보통,77.0,,호흡기가 예민하신 분들은 몸상태 유의하며 활동해주세요.,
2026-05-29T04:06:54.301793+09:00,용산역,용산역,POI046,KEY_1,2026-05-29 04:01,18.0,28.0,17.0,89,ESE,1.1,-,없음,비 또는 눈 소식이 없어요.,05:14,19:45,0,낮음,햇볕에 민감한 분들은 자외선 차단제를 발라주세요.,보통,29,보통,43,보통,69.0,,호흡기가 예민하신 분들은 몸상태 유의하며 활동해주세요.,
2026-05-29T04:06:54.301793+09:00,이태원역,이태원역,POI047,KEY_2,2026-05-29 04:01,17.3,28.0,17.0,90,ESE,1.3,-,없음,비 또는 눈 소식이 없어요.,05:14,19:45,0,낮음,햇볕에 민감한 분들은 자외선 차단제를 발라주세요.,보통,29,보통,43,보통,69.0,,호흡기가 예민하신 분들은 몸상태 유의하며 활동해주세요.,
2026-05-29T04:06:54.301793+09:00,잠실새내역,잠실새내역,POI118,KEY_3,2026-05-29 04:01,18.8,29.0,17.0,81,E,1.6,-,없음,비 또는 눈 소식이 없어요.,05:14,19:45,0,낮음,햇볕에 민감한 분들은 자외선 차단제를 발라주세요.,보통,26,보통,42,보통,53.0,,호흡기가 예민하신 분들은 몸상태 유의하며 활동해주세요.,
2026-05-29T04:06:54.301793+09:00,잠실역,잠실역,POI119,KEY_4,2026-05-29 04:01,18.4,28.0,17.0,86,SE,0.4,-,없음,비 또는 눈 소식이 없어요.,05:14,19:45,0,낮음,햇볕에 민감한 분들은 자외선 차단제를 발라주세요.,보통,26,보통,42,보통,53.0,,호흡기가 예민하신 분들은 몸상태 유의하며 활동해주세요.,
2026-05-29T04:06:54.301793+09:00,장지역,장지역,POI048,KEY_1,2026-05-29 04:01,18.8,29.0,17.0,81,E,1.6,-,없음,비 또는 눈 소식이 없어요.,05:14,19:45,0,낮음,햇볕에 민감한 분들은 자외선 차단제를 발라주세요.,보통,26,보통,42,보통,53.0,,호흡기가 예민하신 분들은 몸상태 유의하며 활동해주세요.,
2026-05-29T04:06:54.301793+09:00,장한평역,장한평역,POI049,KEY_2,2026-05-29 04:01,17.7,29.0,18.0,88,E,0.2,-,없음,비 또는 눈 소식이 없어요.,05:14,19:45,0,낮음,햇볕에 민감한 분들은 자외선 차단제를 발라주세요.,나쁨,37,보통,50,보통,77.0,,호흡기가 예민하신 분들은 몸상태 유의하며 활동해주세요.,
2026-05-29T04:06:54.301793+09:00,천호역,천호역,POI050,KEY_3,2026-05-29 04:01,18.4,28.0,17.0,86,SE,0.4,-,없음,비 또는 눈 소식이 없어요.,05:14,19:45,0,낮음,햇볕에 민감한 분들은 자외선 차단제를 발라주세요.,나쁨,41,보통,57,보통,79.0,,호흡기가 예민하신 분들은 몸상태 유의하며 활동해주세요.,
2026-05-29T04:06:54.301793+09:00,총신대입구(이수)역,총신대입구(이수)역,POI051,KEY_4,2026-05-29 04:01,16.7,28.0,16.0,97,ESE,0.2,-,없음,비 또는 눈 소식이 없어요.,05:14,19:45,0,낮음,햇볕에 민감한 분들은 자외선 차단제를 발라주세요.,나쁨,40,보통,58,보통,79.0,,호흡기가 예민하신 분들은 몸상태 유의하며 활동해주세요.,
2026-05-29T04:06:54.301793+09:00,충정로역,충정로역,POI052,KEY_1,2026-05-29 04:01,18.0,28.0,17.0,89,ESE,1.1,-,없음,비 또는 눈 소식이 없어요.,05:14,19:45,0,낮음,햇볕에 민감한 분들은 자외선 차단제를 발라주세요.,나쁨,44,점검중,0,점검중,점검중,,원본 시스템 서비스 점검중입니다.,
2026-05-29T04:06:54.301793+09:00,합정역,합정역,POI053,KEY_2,2026-05-29 04:01,18.0,28.0,17.0,89,ESE,1.1,-,없음,비 또는 눈 소식이 없어요.,05:14,19:45,0,낮음,햇볕에 민감한 분들은 자외선 차단제를 발라주세요.,나쁨,40,보통,45,보통,77.0,,호흡기가 예민하신 분들은 몸상태 유의하며 활동해주세요.,
2026-05-29T04:06:54.301793+09:00,혜화역,혜화역,POI054,KEY_3,2026-05-29 04:01,16.8,28.0,17.0,89,SE,1.0,-,없음,비 또는 눈 소식이 없어요.,05:14,19:45,0,낮음,햇볕에 민감한 분들은 자외선 차단제를 발라주세요.,나쁨,39,보통,52,보통,77.0,,호흡기가 예민하신 분들은 몸상태 유의하며 활동해주세요.,
2026-05-29T04:06:54.301793+09:00,홍대입구역(2호선),홍대입구역(2호선),POI055,KEY_4,2026-05-29 04:01,15.3,28.0,16.0,97,NNE,0.2,-,없음,비 또는 눈 소식이 없어요.,05:14,19:45,0,낮음,햇볕에 민감한 분들은 자외선 차단제를 발라주세요.,나쁨,40,보통,45,보통,77.0,,호흡기가 예민하신 분들은 몸상태 유의하며 활동해주세요.,
2026-05-29T04:06:54.301793+09:00,회기역,회기역,POI056,KEY_1,2026-05-29 04:01,17.7,29.0,18.0,88,E,0.2,-,없음,비 또는 눈 소식이 없어요.,05:14,19:45,0,낮음,햇볕에 민감한 분들은 자외선 차단제를 발라주세요.,나쁨,37,보통,50,보통,77.0,,호흡기가 예민하신 분들은 몸상태 유의하며 활동해주세요.,
2026-05-29T05:57:02.698329+09:00,경복궁,경복궁,POI008,KEY_1,2026-05-29 05:50,16.6,28.0,16.0,91,SE,1.4,-,없음,비 또는 눈 소식이 없어요.,05:14,19:45,0,낮음,햇볕에 민감한 분들은 자외선 차단제를 발라주세요.,나쁨,39,보통,58,보통,82.0,,호흡기가 예민하신 분들은 몸상태 유의하며 활동해주세요.,
2026-05-29T05:57:02.698329+09:00,광화문·덕수궁,광화문·덕수궁,POI009,KEY_2,2026-05-29 05:50,16.6,28.0,16.0,91,SE,1.4,-,없음,비 또는 눈 소식이 없어요.,05:14,19:45,0,낮음,햇볕에 민감한 분들은 자외선 차단제를 발라주세요.,나쁨,39,보통,58,보통,82.0,,호흡기가 예민하신 분들은 몸상태 유의하며 활동해주세요.,
2026-05-29T05:57:02.698329+09:00,보신각,보신각,POI010,KEY_3,2026-05-29 05:50,16.6,28.0,16.0,91,SE,1.4,-,없음,비 또는 눈 소식이 없어요.,05:14,19:45,0,낮음,햇볕에 민감한 분들은 자외선 차단제를 발라주세요.,나쁨,39,보통,58,보통,82.0,,호흡기가 예민하신 분들은 몸상태 유의하며 활동해주세요.,
2026-05-29T05:57:02.698329+09:00,서울 암사동 유적,서울 암사동 유적,POI011,KEY_4,2026-05-29 05:50,17.6,29.0,15.0,90,NNE,1.3,-,없음,비 또는 눈 소식이 없어요.,05:14,19:45,0,낮음,햇볕에 민감한 분들은 자외선 차단제를 발라주세요.,나쁨,49,보통,56,보통,87.0,,호흡기가 예민하신 분들은 몸상태 유의하며 활동해주세요.,
2026-05-29T05:57:02.698329+09:00,창덕궁·종묘,창덕궁·종묘,POI012,KEY_1,2026-05-29 05:50,16.6,28.0,16.0,91,SE,1.4,-,없음,비 또는 눈 소식이 없어요.,05:14,19:45,0,낮음,햇볕에 민감한 분들은 자외선 차단제를 발라주세요.,나쁨,39,보통,58,보통,82.0,,호흡기가 예민하신 분들은 몸상태 유의하며 활동해주세요.,
2026-05-29T05:57:02.698329+09:00,강남 MICE 관광특구,강남 MICE 관광특구,POI001,KEY_2,2026-05-29 05:50,18.6,28.0,15.0,84,SE,0.6,-,없음,비 또는 눈 소식이 없어요.,05:14,19:45,0,낮음,햇볕에 민감한 분들은 자외선 차단제를 발라주세요.,나쁨,44,보통,64,보통,85.0,,호흡기가 예민하신 분들은 몸상태 유의하며 활동해주세요.,
2026-05-29T05:57:02.698329+09:00,동대문 관광특구,동대문 관광특구,POI002,KEY_3,2026-05-29 05:50,16.6,28.0,16.0,91,SE,1.4,-,없음,비 또는 눈 소식이 없어요.,05:14,19:45,0,낮음,햇볕에 민감한 분들은 자외선 차단제를 발라주세요.,나쁨,39,보통,58,보통,82.0,,호흡기가 예민하신 분들은 몸상태 유의하며 활동해주세요.,
2026-05-29T05:57:02.698329+09:00,명동 관광특구,명동 관광특구,POI003,KEY_4,2026-05-29 05:50,16.6,28.0,16.0,91,SE,1.4,-,없음,비 또는 눈 소식이 없어요.,05:14,19:45,0,낮음,햇볕에 민감한 분들은 자외선 차단제를 발라주세요.,나쁨,47,보통,64,보통,90.0,,호흡기가 예민하신 분들은 몸상태 유의하며 활동해주세요.,
2026-05-29T05:57:02.698329+09:00,이태원 관광특구,이태원 관광특구,POI004,KEY_1,2026-05-29 05:50,17.9,28.0,16.0,87,SE,1.0,-,없음,비 또는 눈 소식이 없어요.,05:14,19:45,0,낮음,햇볕에 민감한 분들은 자외선 차단제를 발라주세요.,보통,33,보통,51,보통,72.0,,호흡기가 예민하신 분들은 몸상태 유의하며 활동해주세요.,
2026-05-29T05:57:02.698329+09:00,잠실 관광특구,잠실 관광특구,POI005,KEY_2,2026-05-29 05:50,18.9,28.0,16.0,84,ESE,0.8,-,없음,비 또는 눈 소식이 없어요.,05:14,19:45,0,낮음,햇볕에 민감한 분들은 자외선 차단제를 발라주세요.,보통,28,보통,47,보통,61.0,,호흡기가 예민하신 분들은 몸상태 유의하며 활동해주세요.,
2026-05-29T05:57:02.698329+09:00,종로·청계 관광특구,종로·청계 관광특구,POI006,KEY_3,2026-05-29 05:50,16.6,28.0,16.0,91,SE,1.4,-,없음,비 또는 눈 소식이 없어요.,05:14,19:45,0,낮음,햇볕에 민감한 분들은 자외선 차단제를 발라주세요.,나쁨,39,보통,58,보통,82.0,,호흡기가 예민하신 분들은 몸상태 유의하며 활동해주세요.,
2026-05-29T05:57:02.698329+09:00,홍대 관광특구,홍대 관광특구,POI007,KEY_4,2026-05-29 05:50,18.3,28.0,17.0,90,SSE,1.9,-,없음,비 또는 눈 소식이 없어요.,05:14,19:45,0,낮음,햇볕에 민감한 분들은 자외선 차단제를 발라주세요.,나쁨,42,보통,52,보통,82.0,,호흡기가 예민하신 분들은 몸상태 유의하며 활동해주세요.,
2026-05-29T05:57:02.698329+09:00,강서한강공원,강서한강공원,POI085,KEY_1,2026-05-29 05:50,17.0,29.0,16.0,95,NNE,0.5,-,없음,비 또는 눈 소식이 없어요.,05:14,19:45,0,낮음,햇볕에 민감한 분들은 자외선 차단제를 발라주세요.,나쁨,42,보통,71,보통,85.0,,호흡기가 예민하신 분들은 몸상태 유의하며 활동해주세요.,
2026-05-29T05:57:02.698329+09:00,고척돔,고척돔,POI086,KEY_2,2026-05-29 05:50,17.6,29.0,17.0,89,SE,0.1,-,없음,비 또는 눈 소식이 없어요.,05:14,19:45,0,낮음,햇볕에 민감한 분들은 자외선 차단제를 발라주세요.,나쁨,60,보통,76,나쁨,109.0,,"장기간 또는 무리한 실외활동을 제한합니다.눈, 목 등에 통증이 느껴지고 기침이 난다면 실외활동을 피해주세요.",
2026-05-29T05:57:02.698329+09:00,광나루한강공원,광나루한강공원,POI087,KEY_3,2026-05-29 05:50,18.9,28.0,16.0,84,ESE,0.8,-,없음,비 또는 눈 소식이 없어요.,05:14,19:45,0,낮음,햇볕에 민감한 분들은 자외선 차단제를 발라주세요.,나쁨,49,보통,56,보통,87.0,,호흡기가 예민하신 분들은 몸상태 유의하며 활동해주세요.,
2026-05-29T05:57:02.698329+09:00,광화문광장,광화문광장,POI088,KEY_4,2026-05-29 05:50,16.6,28.0,16.0,91,SE,1.4,-,없음,비 또는 눈 소식이 없어요.,05:14,19:45,0,낮음,햇볕에 민감한 분들은 자외선 차단제를 발라주세요.,나쁨,39,보통,58,보통,82.0,,호흡기가 예민하신 분들은 몸상태 유의하며 활동해주세요.,
2026-05-29T05:57:02.698329+09:00,국립중앙박물관·용산가족공원,국립중앙박물관·용산가족공원,POI089,KEY_1,2026-05-29 05:50,17.9,28.0,16.0,87,SE,1.0,-,없음,비 또는 눈 소식이 없어요.,05:14,19:45,0,낮음,햇볕에 민감한 분들은 자외선 차단제를 발라주세요.,보통,33,보통,51,보통,72.0,,호흡기가 예민하신 분들은 몸상태 유의하며 활동해주세요.,
2026-05-29T05:57:02.698329+09:00,난지한강공원,난지한강공원,POI090,KEY_2,2026-05-29 05:50,17.0,29.0,15.0,95,NNE,0.5,-,없음,비 또는 눈 소식이 없어요.,05:14,19:45,0,낮음,햇볕에 민감한 분들은 자외선 차단제를 발라주세요.,나쁨,42,보통,71,보통,85.0,,호흡기가 예민하신 분들은 몸상태 유의하며 활동해주세요.,
2026-05-29T05:57:02.698329+09:00,남산공원,남산공원,POI091,KEY_3,2026-05-29 05:50,16.6,28.0,16.0,91,SE,1.4,-,없음,비 또는 눈 소식이 없어요.,05:14,19:45,0,낮음,햇볕에 민감한 분들은 자외선 차단제를 발라주세요.,나쁨,47,보통,64,보통,90.0,,호흡기가 예민하신 분들은 몸상태 유의하며 활동해주세요.,
2026-05-29T05:57:02.698329+09:00,노들섬,노들섬,POI092,KEY_4,2026-05-29 05:50,18.3,28.0,17.0,90,SSE,1.9,-,없음,비 또는 눈 소식이 없어요.,05:14,19:45,0,낮음,햇볕에 민감한 분들은 자외선 차단제를 발라주세요.,보통,33,보통,51,보통,72.0,,호흡기가 예민하신 분들은 몸상태 유의하며 활동해주세요.,
2026-05-29T05:57:02.698329+09:00,뚝섬한강공원,뚝섬한강공원,POI093,KEY_1,2026-05-29 05:50,17.9,28.0,17.0,87,SE,1.0,-,없음,비 또는 눈 소식이 없어요.,05:14,19:45,0,낮음,햇볕에 민감한 분들은 자외선 차단제를 발라주세요.,나쁨,43,보통,60,보통,85.0,,호흡기가 예민하신 분들은 몸상태 유의하며 활동해주세요.,
2026-05-29T05:57:02.698329+09:00,망원한강공원,망원한강공원,POI094,KEY_2,2026-05-29 05:50,18.3,28.0,17.0,90,SSE,1.9,-,없음,비 또는 눈 소식이 없어요.,05:14,19:45,0,낮음,햇볕에 민감한 분들은 자외선 차단제를 발라주세요.,나쁨,42,보통,52,보통,82.0,,호흡기가 예민하신 분들은 몸상태 유의하며 활동해주세요.,
2026-05-29T05:57:02.698329+09:00,반포한강공원,반포한강공원,POI095,KEY_3,2026-05-29 05:50,17.9,28.0,16.0,87,SE,1.0,-,없음,비 또는 눈 소식이 없어요.,05:14,19:45,0,낮음,햇볕에 민감한 분들은 자외선 차단제를 발라주세요.,보통,33,보통,51,보통,72.0,,호흡기가 예민하신 분들은 몸상태 유의하며 활동해주세요.,
2026-05-29T05:57:02.698329+09:00,보라매공원,보라매공원,POI123,KEY_4,2026-05-29 05:50,16.9,28.0,16.0,87,SE,0.4,-,없음,비 또는 눈 소식이 없어요.,05:14,19:45,0,낮음,햇볕에 민감한 분들은 자외선 차단제를 발라주세요.,나쁨,43,보통,62,보통,82.0,,호흡기가 예민하신 분들은 몸상태 유의하며 활동해주세요.,
2026-05-29T05:57:02.698329+09:00,북서울꿈의숲,북서울꿈의숲,POI096,KEY_1,2026-05-29 05:50,15.5,28.0,15.0,98,SE,0.3,-,없음,비 또는 눈 소식이 없어요.,05:14,19:45,0,낮음,햇볕에 민감한 분들은 자외선 차단제를 발라주세요.,보통,24,보통,43,보통,59.0,,호흡기가 예민하신 분들은 몸상태 유의하며 활동해주세요.,
2026-05-29T05:57:02.698329+09:00,서대문독립공원,서대문독립공원,POI124,KEY_2,2026-05-29 05:50,16.6,28.0,16.0,91,SE,1.4,-,없음,비 또는 눈 소식이 없어요.,05:14,19:45,0,낮음,햇볕에 민감한 분들은 자외선 차단제를 발라주세요.,나쁨,39,보통,58,보통,82.0,,호흡기가 예민하신 분들은 몸상태 유의하며 활동해주세요.,
2026-05-29T05:57:02.698329+09:00,서리풀공원·몽마르뜨공원,서리풀공원·몽마르뜨공원,POI098,KEY_3,2026-05-29 05:50,17.4,28.0,15.0,98,ESE,0.2,-,없음,비 또는 눈 소식이 없어요.,05:14,19:45,0,낮음,햇볕에 민감한 분들은 자외선 차단제를 발라주세요.,나쁨,50,보통,64,보통,95.0,,호흡기가 예민하신 분들은 몸상태 유의하며 활동해주세요.,
2026-05-29T05:57:02.698329+09:00,서울숲공원,서울숲공원,POI101,KEY_1,2026-05-29 05:50,17.9,28.0,17.0,87,SE,1.0,-,없음,비 또는 눈 소식이 없어요.,05:14,19:45,0,낮음,햇볕에 민감한 분들은 자외선 차단제를 발라주세요.,나쁨,45,보통,65,보통,90.0,,호흡기가 예민하신 분들은 몸상태 유의하며 활동해주세요.,
2026-05-29T05:57:02.698329+09:00,송현녹지광장,송현녹지광장,POI129,KEY_2,2026-05-29 05:50,16.6,28.0,16.0,91,SE,1.4,-,없음,비 또는 눈 소식이 없어요.,05:14,19:45,0,낮음,햇볕에 민감한 분들은 자외선 차단제를 발라주세요.,나쁨,39,보통,58,보통,82.0,,호흡기가 예민하신 분들은 몸상태 유의하며 활동해주세요.,
2026-05-29T05:57:02.698329+09:00,아차산,아차산,POI102,KEY_3,2026-05-29 05:50,17.9,28.0,16.0,86,NNE,0.9,-,없음,비 또는 눈 소식이 없어요.,05:14,19:45,0,낮음,햇볕에 민감한 분들은 자외선 차단제를 발라주세요.,나쁨,43,보통,60,보통,85.0,,호흡기가 예민하신 분들은 몸상태 유의하며 활동해주세요.,
2026-05-29T05:57:02.698329+09:00,안양천,안양천,POI125,KEY_4,2026-05-29 05:50,17.8,29.0,17.0,88,SSE,1.2,-,없음,비 또는 눈 소식이 없어요.,05:14,19:45,0,낮음,햇볕에 민감한 분들은 자외선 차단제를 발라주세요.,나쁨,42,보통,76,보통,79.0,,호흡기가 예민하신 분들은 몸상태 유의하며 활동해주세요.,
2026-05-29T05:57:02.698329+09:00,양화한강공원,양화한강공원,POI103,KEY_1,2026-05-29 05:50,17.8,29.0,17.0,88,SSE,1.2,-,없음,비 또는 눈 소식이 없어요.,05:14,19:45,0,낮음,햇볕에 민감한 분들은 자외선 차단제를 발라주세요.,나쁨,37,보통,62,보통,79.0,,호흡기가 예민하신 분들은 몸상태 유의하며 활동해주세요.,
2026-05-29T05:57:02.698329+09:00,어린이대공원,어린이대공원,POI104,KEY_2,2026-05-29 05:50,18.9,28.0,16.0,84,ESE,0.8,-,없음,비 또는 눈 소식이 없어요.,05:14,19:45,0,낮음,햇볕에 민감한 분들은 자외선 차단제를 발라주세요.,나쁨,43,보통,60,보통,85.0,,호흡기가 예민하신 분들은 몸상태 유의하며 활동해주세요.,
2026-05-29T05:57:02.698329+09:00,여의도한강공원,여의도한강공원,POI105,KEY_3,2026-05-29 05:50,18.3,28.0,17.0,90,SSE,1.9,-,없음,비 또는 눈 소식이 없어요.,05:14,19:45,0,낮음,햇볕에 민감한 분들은 자외선 차단제를 발라주세요.,나쁨,37,보통,62,보통,79.0,,호흡기가 예민하신 분들은 몸상태 유의하며 활동해주세요.,
2026-05-29T05:57:02.698329+09:00,여의서로,여의서로,POI126,KEY_4,2026-05-29 05:50,18.3,28.0,17.0,90,SSE,1.9,-,없음,비 또는 눈 소식이 없어요.,05:14,19:45,0,낮음,햇볕에 민감한 분들은 자외선 차단제를 발라주세요.,나쁨,37,보통,62,보통,79.0,,호흡기가 예민하신 분들은 몸상태 유의하며 활동해주세요.,
2026-05-29T05:57:02.698329+09:00,올림픽공원,올림픽공원,POI127,KEY_1,2026-05-29 05:50,18.9,28.0,16.0,84,ESE,0.8,-,없음,비 또는 눈 소식이 없어요.,05:14,19:45,0,낮음,햇볕에 민감한 분들은 자외선 차단제를 발라주세요.,보통,28,보통,47,보통,61.0,,호흡기가 예민하신 분들은 몸상태 유의하며 활동해주세요.,
2026-05-29T05:57:02.698329+09:00,월드컵공원,월드컵공원,POI106,KEY_2,2026-05-29 05:50,17.0,29.0,15.0,95,NNE,0.5,-,없음,비 또는 눈 소식이 없어요.,05:14,19:45,0,낮음,햇볕에 민감한 분들은 자외선 차단제를 발라주세요.,나쁨,42,보통,52,보통,82.0,,호흡기가 예민하신 분들은 몸상태 유의하며 활동해주세요.,
2026-05-29T05:57:02.698329+09:00,응봉산,응봉산,POI107,KEY_3,2026-05-29 05:50,17.9,28.0,17.0,87,SE,1.0,-,없음,비 또는 눈 소식이 없어요.,05:14,19:45,0,낮음,햇볕에 민감한 분들은 자외선 차단제를 발라주세요.,나쁨,45,보통,65,보통,90.0,,호흡기가 예민하신 분들은 몸상태 유의하며 활동해주세요.,
2026-05-29T05:57:02.698329+09:00,이촌한강공원,이촌한강공원,POI108,KEY_4,2026-05-29 05:50,17.9,28.0,16.0,87,SE,1.0,-,없음,비 또는 눈 소식이 없어요.,05:14,19:45,0,낮음,햇볕에 민감한 분들은 자외선 차단제를 발라주세요.,보통,33,보통,51,보통,72.0,,호흡기가 예민하신 분들은 몸상태 유의하며 활동해주세요.,
2026-05-29T05:57:02.698329+09:00,잠실종합운동장,잠실종합운동장,POI109,KEY_1,2026-05-29 05:50,18.0,29.0,16.0,86,ESE,1.2,-,없음,비 또는 눈 소식이 없어요.,05:14,19:45,0,낮음,햇볕에 민감한 분들은 자외선 차단제를 발라주세요.,보통,28,보통,47,보통,61.0,,호흡기가 예민하신 분들은 몸상태 유의하며 활동해주세요.,
2026-05-29T05:57:02.698329+09:00,잠실한강공원,잠실한강공원,POI110,KEY_2,2026-05-29 05:50,18.9,28.0,16.0,84,ESE,0.8,-,없음,비 또는 눈 소식이 없어요.,05:14,19:45,0,낮음,햇볕에 민감한 분들은 자외선 차단제를 발라주세요.,나쁨,43,보통,60,보통,85.0,,호흡기가 예민하신 분들은 몸상태 유의하며 활동해주세요.,
2026-05-29T05:57:02.698329+09:00,잠원한강공원,잠원한강공원,POI111,KEY_3,2026-05-29 05:50,17.9,28.0,17.0,87,SE,1.0,-,없음,비 또는 눈 소식이 없어요.,05:14,19:45,0,낮음,햇볕에 민감한 분들은 자외선 차단제를 발라주세요.,나쁨,44,보통,64,보통,85.0,,호흡기가 예민하신 분들은 몸상태 유의하며 활동해주세요.,
2026-05-29T05:57:02.698329+09:00,청계산,청계산,POI112,KEY_4,2026-05-29 05:50,16.2,27.0,14.0,100,SE,0.6,-,없음,비 또는 눈 소식이 없어요.,05:14,19:45,0,낮음,햇볕에 민감한 분들은 자외선 차단제를 발라주세요.,나쁨,50,보통,64,보통,95.0,,호흡기가 예민하신 분들은 몸상태 유의하며 활동해주세요.,
2026-05-29T05:57:02.698329+09:00,홍제폭포,홍제폭포,POI128,KEY_1,2026-05-29 05:50,16.0,28.0,15.0,97,N,0.1,-,없음,비 또는 눈 소식이 없어요.,05:14,19:45,0,낮음,햇볕에 민감한 분들은 자외선 차단제를 발라주세요.,나쁨,44,점검중,0,점검중,점검중,,원본 시스템 서비스 점검중입니다.,
2026-05-29T05:57:02.698329+09:00,가락시장,가락시장,POI058,KEY_2,2026-05-29 05:50,18.0,29.0,16.0,86,ESE,1.2,-,없음,비 또는 눈 소식이 없어요.,05:14,19:45,0,낮음,햇볕에 민감한 분들은 자외선 차단제를 발라주세요.,보통,28,보통,47,보통,61.0,,호흡기가 예민하신 분들은 몸상태 유의하며 활동해주세요.,
2026-05-29T05:57:02.698329+09:00,가로수길,가로수길,POI059,KEY_3,2026-05-29 05:50,17.9,28.0,17.0,87,SE,1.0,-,없음,비 또는 눈 소식이 없어요.,05:14,19:45,0,낮음,햇볕에 민감한 분들은 자외선 차단제를 발라주세요.,나쁨,44,보통,64,보통,85.0,,호흡기가 예민하신 분들은 몸상태 유의하며 활동해주세요.,
2026-05-29T05:57:02.698329+09:00,광장(전통)시장,광장(전통)시장,POI060,KEY_4,2026-05-29 05:50,16.6,28.0,16.0,91,SE,1.4,-,없음,비 또는 눈 소식이 없어요.,05:14,19:45,0,낮음,햇볕에 민감한 분들은 자외선 차단제를 발라주세요.,나쁨,39,보통,58,보통,82.0,,호흡기가 예민하신 분들은 몸상태 유의하며 활동해주세요.,
2026-05-29T05:57:02.698329+09:00,김포공항,김포공항,POI061,KEY_1,2026-05-29 05:50,17.0,29.0,16.0,95,NNE,0.5,-,없음,비 또는 눈 소식이 없어요.,05:14,19:45,0,낮음,햇볕에 민감한 분들은 자외선 차단제를 발라주세요.,나쁨,42,보통,71,보통,85.0,,호흡기가 예민하신 분들은 몸상태 유의하며 활동해주세요.,
2026-05-29T05:57:02.698329+09:00,남대문시장,남대문시장,POI115,KEY_2,2026-05-29 05:50,16.6,28.0,16.0,91,SE,1.4,-,없음,비 또는 눈 소식이 없어요.,05:14,19:45,0,낮음,햇볕에 민감한 분들은 자외선 차단제를 발라주세요.,나쁨,47,보통,64,보통,90.0,,호흡기가 예민하신 분들은 몸상태 유의하며 활동해주세요.,
2026-05-29T05:57:02.698329+09:00,노량진,노량진,POI063,KEY_3,2026-05-29 05:50,16.9,28.0,16.0,87,SE,0.4,-,없음,비 또는 눈 소식이 없어요.,05:14,19:45,0,낮음,햇볕에 민감한 분들은 자외선 차단제를 발라주세요.,나쁨,43,보통,62,보통,82.0,,호흡기가 예민하신 분들은 몸상태 유의하며 활동해주세요.,
2026-05-29T05:57:02.698329+09:00,덕수궁길·정동길,덕수궁길·정동길,POI064,KEY_4,2026-05-29 05:50,16.6,28.0,16.0,91,SE,1.4,-,없음,비 또는 눈 소식이 없어요.,05:14,19:45,0,낮음,햇볕에 민감한 분들은 자외선 차단제를 발라주세요.,나쁨,39,보통,58,보통,82.0,,호흡기가 예민하신 분들은 몸상태 유의하며 활동해주세요.,
2026-05-29T05:57:02.698329+09:00,북창동 먹자골목,북창동 먹자골목,POI114,KEY_1,2026-05-29 05:50,16.6,28.0,16.0,91,SE,1.4,-,없음,비 또는 눈 소식이 없어요.,05:14,19:45,0,낮음,햇볕에 민감한 분들은 자외선 차단제를 발라주세요.,나쁨,47,보통,64,보통,90.0,,호흡기가 예민하신 분들은 몸상태 유의하며 활동해주세요.,
2026-05-29T05:57:02.698329+09:00,북촌한옥마을,북촌한옥마을,POI066,KEY_2,2026-05-29 05:50,16.6,28.0,16.0,91,SE,1.4,-,없음,비 또는 눈 소식이 없어요.,05:14,19:45,0,낮음,햇볕에 민감한 분들은 자외선 차단제를 발라주세요.,나쁨,39,보통,58,보통,82.0,,호흡기가 예민하신 분들은 몸상태 유의하며 활동해주세요.,
2026-05-29T05:57:02.698329+09:00,서촌,서촌,POI067,KEY_3,2026-05-29 05:50,16.6,28.0,16.0,91,SE,1.4,-,없음,비 또는 눈 소식이 없어요.,05:14,19:45,0,낮음,햇볕에 민감한 분들은 자외선 차단제를 발라주세요.,나쁨,39,보통,58,보통,82.0,,호흡기가 예민하신 분들은 몸상태 유의하며 활동해주세요.,
2026-05-29T05:57:02.698329+09:00,성수카페거리,성수카페거리,POI068,KEY_4,2026-05-29 05:50,17.9,28.0,17.0,87,SE,1.0,-,없음,비 또는 눈 소식이 없어요.,05:14,19:45,0,낮음,햇볕에 민감한 분들은 자외선 차단제를 발라주세요.,나쁨,45,보통,65,보통,90.0,,호흡기가 예민하신 분들은 몸상태 유의하며 활동해주세요.,
2026-05-29T05:57:02.698329+09:00,송리단길·호수단길,송리단길·호수단길,POI121,KEY_1,2026-05-29 05:50,18.0,29.0,16.0,86,ESE,1.2,-,없음,비 또는 눈 소식이 없어요.,05:14,19:45,0,낮음,햇볕에 민감한 분들은 자외선 차단제를 발라주세요.,보통,28,보통,47,보통,61.0,,호흡기가 예민하신 분들은 몸상태 유의하며 활동해주세요.,
2026-05-29T05:57:02.698329+09:00,신촌 스타광장,신촌 스타광장,POI122,KEY_2,2026-05-29 05:50,18.3,28.0,17.0,90,SSE,1.9,-,없음,비 또는 눈 소식이 없어요.,05:14,19:45,0,낮음,햇볕에 민감한 분들은 자외선 차단제를 발라주세요.,나쁨,44,점검중,0,점검중,점검중,,원본 시스템 서비스 점검중입니다.,
2026-05-29T05:57:02.698329+09:00,압구정로데오거리,압구정로데오거리,POI071,KEY_3,2026-05-29 05:50,17.9,28.0,17.0,87,SE,1.0,-,없음,비 또는 눈 소식이 없어요.,05:14,19:45,0,낮음,햇볕에 민감한 분들은 자외선 차단제를 발라주세요.,나쁨,44,보통,64,보통,85.0,,호흡기가 예민하신 분들은 몸상태 유의하며 활동해주세요.,
2026-05-29T05:57:02.698329+09:00,여의도,여의도,POI072,KEY_4,2026-05-29 05:50,18.3,28.0,17.0,90,SSE,1.9,-,없음,비 또는 눈 소식이 없어요.,05:14,19:45,0,낮음,햇볕에 민감한 분들은 자외선 차단제를 발라주세요.,나쁨,37,보통,62,보통,79.0,,호흡기가 예민하신 분들은 몸상태 유의하며 활동해주세요.,
2026-05-29T05:57:02.698329+09:00,연남동,연남동,POI073,KEY_1,2026-05-29 05:50,16.0,28.0,15.0,97,N,0.1,-,없음,비 또는 눈 소식이 없어요.,05:14,19:45,0,낮음,햇볕에 민감한 분들은 자외선 차단제를 발라주세요.,나쁨,42,보통,52,보통,82.0,,호흡기가 예민하신 분들은 몸상태 유의하며 활동해주세요.,
2026-05-29T05:57:02.698329+09:00,영등포 타임스퀘어,영등포 타임스퀘어,POI074,KEY_2,2026-05-29 05:50,18.3,28.0,17.0,90,SSE,1.9,-,없음,비 또는 눈 소식이 없어요.,05:14,19:45,0,낮음,햇볕에 민감한 분들은 자외선 차단제를 발라주세요.,나쁨,37,보통,62,보통,79.0,,호흡기가 예민하신 분들은 몸상태 유의하며 활동해주세요.,
2026-05-29T05:57:02.698329+09:00,용리단길,용리단길,POI076,KEY_3,2026-05-29 05:50,17.9,28.0,16.0,87,SE,1.0,-,없음,비 또는 눈 소식이 없어요.,05:14,19:45,0,낮음,햇볕에 민감한 분들은 자외선 차단제를 발라주세요.,보통,33,보통,51,보통,72.0,,호흡기가 예민하신 분들은 몸상태 유의하며 활동해주세요.,
2026-05-29T05:57:02.698329+09:00,이태원 앤틱가구거리,이태원 앤틱가구거리,POI077,KEY_4,2026-05-29 05:50,17.9,28.0,16.0,87,SE,1.0,-,없음,비 또는 눈 소식이 없어요.,05:14,19:45,0,낮음,햇볕에 민감한 분들은 자외선 차단제를 발라주세요.,보통,33,보통,51,보통,72.0,,호흡기가 예민하신 분들은 몸상태 유의하며 활동해주세요.,
2026-05-29T05:57:02.698329+09:00,익선동,익선동,POI116,KEY_1,2026-05-29 05:50,16.6,28.0,16.0,91,SE,1.4,-,없음,비 또는 눈 소식이 없어요.,05:14,19:45,0,낮음,햇볕에 민감한 분들은 자외선 차단제를 발라주세요.,나쁨,39,보통,58,보통,82.0,,호흡기가 예민하신 분들은 몸상태 유의하며 활동해주세요.,
2026-05-29T05:57:02.698329+09:00,인사동,인사동,POI078,KEY_2,2026-05-29 05:50,16.6,28.0,16.0,91,SE,1.4,-,없음,비 또는 눈 소식이 없어요.,05:14,19:45,0,낮음,햇볕에 민감한 분들은 자외선 차단제를 발라주세요.,나쁨,39,보통,58,보통,82.0,,호흡기가 예민하신 분들은 몸상태 유의하며 활동해주세요.,
2026-05-29T05:57:02.698329+09:00,잠실롯데타워·석촌호수,잠실롯데타워·석촌호수,POI120,KEY_3,2026-05-29 05:50,18.9,28.0,16.0,84,ESE,0.8,-,없음,비 또는 눈 소식이 없어요.,05:14,19:45,0,낮음,햇볕에 민감한 분들은 자외선 차단제를 발라주세요.,보통,28,보통,47,보통,61.0,,호흡기가 예민하신 분들은 몸상태 유의하며 활동해주세요.,
2026-05-29T05:57:02.698329+09:00,창동 신경제 중심지,창동 신경제 중심지,POI079,KEY_4,2026-05-29 05:50,16.1,28.0,15.0,91,SE,0.1,-,없음,비 또는 눈 소식이 없어요.,05:14,19:45,0,낮음,햇볕에 민감한 분들은 자외선 차단제를 발라주세요.,보통,25,보통,37,보통,61.0,,호흡기가 예민하신 분들은 몸상태 유의하며 활동해주세요.,
2026-05-29T05:57:02.698329+09:00,청담동 명품거리,청담동 명품거리,POI080,KEY_1,2026-05-29 05:50,17.9,28.0,17.0,87,SE,1.0,-,없음,비 또는 눈 소식이 없어요.,05:14,19:45,0,낮음,햇볕에 민감한 분들은 자외선 차단제를 발라주세요.,나쁨,44,보통,64,보통,85.0,,호흡기가 예민하신 분들은 몸상태 유의하며 활동해주세요.,
2026-05-29T05:57:02.698329+09:00,청량리 제기동 일대 전통시장,청량리 제기동 일대 전통시장,POI081,KEY_2,2026-05-29 05:50,18.1,29.0,17.0,86,SE,0.9,-,없음,비 또는 눈 소식이 없어요.,05:14,19:45,0,낮음,햇볕에 민감한 분들은 자외선 차단제를 발라주세요.,나쁨,42,보통,57,보통,79.0,,호흡기가 예민하신 분들은 몸상태 유의하며 활동해주세요.,
2026-05-29T05:57:02.698329+09:00,해방촌·경리단길,해방촌·경리단길,POI082,KEY_3,2026-05-29 05:50,17.9,28.0,16.0,87,SE,1.0,-,없음,비 또는 눈 소식이 없어요.,05:14,19:45,0,낮음,햇볕에 민감한 분들은 자외선 차단제를 발라주세요.,보통,33,보통,51,보통,72.0,,호흡기가 예민하신 분들은 몸상태 유의하며 활동해주세요.,
2026-05-29T05:57:02.698329+09:00,DDP(동대문디자인플라자),DDP(동대문디자인플라자),POI083,KEY_4,2026-05-29 05:50,16.6,28.0,16.0,91,SE,1.4,-,없음,비 또는 눈 소식이 없어요.,05:14,19:45,0,낮음,햇볕에 민감한 분들은 자외선 차단제를 발라주세요.,나쁨,39,보통,58,보통,82.0,,호흡기가 예민하신 분들은 몸상태 유의하며 활동해주세요.,
2026-05-29T05:57:02.698329+09:00,DMC(디지털미디어시티),DMC(디지털미디어시티),POI084,KEY_1,2026-05-29 05:50,17.0,29.0,15.0,95,NNE,0.5,-,없음,비 또는 눈 소식이 없어요.,05:14,19:45,0,낮음,햇볕에 민감한 분들은 자외선 차단제를 발라주세요.,나쁨,42,보통,52,보통,82.0,,호흡기가 예민하신 분들은 몸상태 유의하며 활동해주세요.,
2026-05-29T05:57:02.698329+09:00,강남역,강남역,POI014,KEY_3,2026-05-29 05:50,18.6,28.0,15.0,84,SE,0.6,-,없음,비 또는 눈 소식이 없어요.,05:14,19:45,0,낮음,햇볕에 민감한 분들은 자외선 차단제를 발라주세요.,나쁨,50,보통,64,보통,95.0,,호흡기가 예민하신 분들은 몸상태 유의하며 활동해주세요.,
2026-05-29T05:57:02.698329+09:00,건대입구역,건대입구역,POI015,KEY_4,2026-05-29 05:50,17.9,28.0,17.0,87,SE,1.0,-,없음,비 또는 눈 소식이 없어요.,05:14,19:45,0,낮음,햇볕에 민감한 분들은 자외선 차단제를 발라주세요.,나쁨,43,보통,60,보통,85.0,,호흡기가 예민하신 분들은 몸상태 유의하며 활동해주세요.,
2026-05-29T05:57:02.698329+09:00,고덕역,고덕역,POI016,KEY_1,2026-05-29 05:50,16.8,28.0,16.0,96,SSE,0.2,-,없음,비 또는 눈 소식이 없어요.,05:14,19:45,0,낮음,햇볕에 민감한 분들은 자외선 차단제를 발라주세요.,나쁨,49,보통,56,보통,87.0,,호흡기가 예민하신 분들은 몸상태 유의하며 활동해주세요.,
2026-05-29T05:57:02.698329+09:00,고속터미널역,고속터미널역,POI017,KEY_2,2026-05-29 05:50,17.4,28.0,15.0,98,ESE,0.2,-,없음,비 또는 눈 소식이 없어요.,05:14,19:45,0,낮음,햇볕에 민감한 분들은 자외선 차단제를 발라주세요.,나쁨,50,보통,64,보통,95.0,,호흡기가 예민하신 분들은 몸상태 유의하며 활동해주세요.,
2026-05-29T05:57:02.698329+09:00,교대역,교대역,POI018,KEY_3,2026-05-29 05:50,18.6,28.0,15.0,84,SE,0.6,-,없음,비 또는 눈 소식이 없어요.,05:14,19:45,0,낮음,햇볕에 민감한 분들은 자외선 차단제를 발라주세요.,나쁨,50,보통,64,보통,95.0,,호흡기가 예민하신 분들은 몸상태 유의하며 활동해주세요.,
2026-05-29T05:57:02.698329+09:00,구로디지털단지역,구로디지털단지역,POI019,KEY_4,2026-05-29 05:50,17.6,29.0,17.0,89,SE,0.1,-,없음,비 또는 눈 소식이 없어요.,05:14,19:45,0,낮음,햇볕에 민감한 분들은 자외선 차단제를 발라주세요.,나쁨,60,보통,76,나쁨,109.0,,"장기간 또는 무리한 실외활동을 제한합니다.눈, 목 등에 통증이 느껴지고 기침이 난다면 실외활동을 피해주세요.",
2026-05-29T05:57:02.698329+09:00,구로역,구로역,POI020,KEY_1,2026-05-29 05:50,17.6,29.0,17.0,89,SE,0.1,-,없음,비 또는 눈 소식이 없어요.,05:14,19:45,0,낮음,햇볕에 민감한 분들은 자외선 차단제를 발라주세요.,나쁨,60,보통,76,나쁨,109.0,,"장기간 또는 무리한 실외활동을 제한합니다.눈, 목 등에 통증이 느껴지고 기침이 난다면 실외활동을 피해주세요.",
2026-05-29T05:57:02.698329+09:00,군자역,군자역,POI021,KEY_2,2026-05-29 05:50,17.9,28.0,16.0,86,NNE,0.9,-,없음,비 또는 눈 소식이 없어요.,05:14,19:45,0,낮음,햇볕에 민감한 분들은 자외선 차단제를 발라주세요.,나쁨,43,보통,60,보통,85.0,,호흡기가 예민하신 분들은 몸상태 유의하며 활동해주세요.,
2026-05-29T05:57:02.698329+09:00,대림역,대림역,POI023,KEY_3,2026-05-29 05:50,17.6,29.0,17.0,89,SE,0.1,-,없음,비 또는 눈 소식이 없어요.,05:14,19:45,0,낮음,햇볕에 민감한 분들은 자외선 차단제를 발라주세요.,나쁨,37,보통,62,보통,79.0,,호흡기가 예민하신 분들은 몸상태 유의하며 활동해주세요.,
2026-05-29T05:57:02.698329+09:00,동대문역,동대문역,POI024,KEY_4,2026-05-29 05:50,16.6,28.0,16.0,91,SE,1.4,-,없음,비 또는 눈 소식이 없어요.,05:14,19:45,0,낮음,햇볕에 민감한 분들은 자외선 차단제를 발라주세요.,나쁨,39,보통,58,보통,82.0,,호흡기가 예민하신 분들은 몸상태 유의하며 활동해주세요.,
2026-05-29T05:57:02.698329+09:00,뚝섬역,뚝섬역,POI025,KEY_1,2026-05-29 05:50,17.9,28.0,17.0,87,SE,1.0,-,없음,비 또는 눈 소식이 없어요.,05:14,19:45,0,낮음,햇볕에 민감한 분들은 자외선 차단제를 발라주세요.,나쁨,45,보통,65,보통,90.0,,호흡기가 예민하신 분들은 몸상태 유의하며 활동해주세요.,
2026-05-29T05:57:02.698329+09:00,미아사거리역,미아사거리역,POI026,KEY_2,2026-05-29 05:50,15.5,28.0,15.0,98,SE,0.3,-,없음,비 또는 눈 소식이 없어요.,05:14,19:45,0,낮음,햇볕에 민감한 분들은 자외선 차단제를 발라주세요.,보통,24,보통,43,보통,59.0,,호흡기가 예민하신 분들은 몸상태 유의하며 활동해주세요.,
2026-05-29T05:57:02.698329+09:00,발산역,발산역,POI027,KEY_3,2026-05-29 05:50,17.0,29.0,16.0,95,NNE,0.5,-,없음,비 또는 눈 소식이 없어요.,05:14,19:45,0,낮음,햇볕에 민감한 분들은 자외선 차단제를 발라주세요.,나쁨,42,보통,71,보통,85.0,,호흡기가 예민하신 분들은 몸상태 유의하며 활동해주세요.,
2026-05-29T05:57:02.698329+09:00,사당역,사당역,POI029,KEY_4,2026-05-29 05:50,17.4,28.0,15.0,98,ESE,0.2,-,없음,비 또는 눈 소식이 없어요.,05:14,19:45,0,낮음,햇볕에 민감한 분들은 자외선 차단제를 발라주세요.,나쁨,50,보통,64,보통,95.0,,호흡기가 예민하신 분들은 몸상태 유의하며 활동해주세요.,
2026-05-29T05:57:02.698329+09:00,삼각지역,삼각지역,POI030,KEY_1,2026-05-29 05:50,17.9,28.0,16.0,87,SE,1.0,-,없음,비 또는 눈 소식이 없어요.,05:14,19:45,0,낮음,햇볕에 민감한 분들은 자외선 차단제를 발라주세요.,보통,33,보통,51,보통,72.0,,호흡기가 예민하신 분들은 몸상태 유의하며 활동해주세요.,
2026-05-29T05:57:02.698329+09:00,서울대입구역,서울대입구역,POI031,KEY_2,2026-05-29 05:50,16.9,28.0,16.0,87,SE,0.4,-,없음,비 또는 눈 소식이 없어요.,05:14,19:45,0,낮음,햇볕에 민감한 분들은 자외선 차단제를 발라주세요.,보통,32,보통,63,보통,71.0,,호흡기가 예민하신 분들은 몸상태 유의하며 활동해주세요.,
2026-05-29T05:57:02.698329+09:00,서울식물원·마곡나루역,서울식물원·마곡나루역,POI032,KEY_3,2026-05-29 05:50,17.0,29.0,16.0,95,NNE,0.5,-,없음,비 또는 눈 소식이 없어요.,05:14,19:45,0,낮음,햇볕에 민감한 분들은 자외선 차단제를 발라주세요.,나쁨,42,보통,71,보통,85.0,,호흡기가 예민하신 분들은 몸상태 유의하며 활동해주세요.,
2026-05-29T05:57:02.698329+09:00,서울역,서울역,POI033,KEY_4,2026-05-29 05:50,16.6,28.0,16.0,91,SE,1.4,-,없음,비 또는 눈 소식이 없어요.,05:14,19:45,0,낮음,햇볕에 민감한 분들은 자외선 차단제를 발라주세요.,나쁨,47,보통,64,보통,90.0,,호흡기가 예민하신 분들은 몸상태 유의하며 활동해주세요.,
2026-05-29T05:57:02.698329+09:00,선릉역,선릉역,POI034,KEY_1,2026-05-29 05:50,18.6,28.0,15.0,84,SE,0.6,-,없음,비 또는 눈 소식이 없어요.,05:14,19:45,0,낮음,햇볕에 민감한 분들은 자외선 차단제를 발라주세요.,나쁨,44,보통,64,보통,85.0,,호흡기가 예민하신 분들은 몸상태 유의하며 활동해주세요.,
2026-05-29T05:57:02.698329+09:00,성신여대입구역,성신여대입구역,POI035,KEY_2,2026-05-29 05:50,16.6,28.0,16.0,91,SE,1.4,-,없음,비 또는 눈 소식이 없어요.,05:14,19:45,0,낮음,햇볕에 민감한 분들은 자외선 차단제를 발라주세요.,보통,31,보통,50,보통,74.0,,호흡기가 예민하신 분들은 몸상태 유의하며 활동해주세요.,
2026-05-29T05:57:02.698329+09:00,수유역,수유역,POI036,KEY_3,2026-05-29 05:50,15.5,28.0,15.0,98,SE,0.3,-,없음,비 또는 눈 소식이 없어요.,05:14,19:45,0,낮음,햇볕에 민감한 분들은 자외선 차단제를 발라주세요.,보통,24,보통,43,보통,59.0,,호흡기가 예민하신 분들은 몸상태 유의하며 활동해주세요.,
2026-05-29T05:57:02.698329+09:00,숭례문,숭례문,POI131,KEY_4,2026-05-29 05:50,16.6,28.0,16.0,91,SE,1.4,-,없음,비 또는 눈 소식이 없어요.,05:14,19:45,0,낮음,햇볕에 민감한 분들은 자외선 차단제를 발라주세요.,나쁨,47,보통,64,보통,90.0,,호흡기가 예민하신 분들은 몸상태 유의하며 활동해주세요.,
2026-05-29T05:57:02.698329+09:00,시의회 앞,시의회 앞,POI130,KEY_1,2026-05-29 05:50,16.6,28.0,16.0,91,SE,1.4,-,없음,비 또는 눈 소식이 없어요.,05:14,19:45,0,낮음,햇볕에 민감한 분들은 자외선 차단제를 발라주세요.,나쁨,47,보통,64,보통,90.0,,호흡기가 예민하신 분들은 몸상태 유의하며 활동해주세요.,
2026-05-29T05:57:02.698329+09:00,신논현역·논현역,신논현역·논현역,POI037,KEY_2,2026-05-29 05:50,18.6,28.0,15.0,84,SE,0.6,-,없음,비 또는 눈 소식이 없어요.,05:14,19:45,0,낮음,햇볕에 민감한 분들은 자외선 차단제를 발라주세요.,나쁨,44,보통,64,보통,85.0,,호흡기가 예민하신 분들은 몸상태 유의하며 활동해주세요.,
2026-05-29T05:57:02.698329+09:00,신도림역,신도림역,POI038,KEY_3,2026-05-29 05:50,16.9,28.0,16.0,87,SE,0.4,-,없음,비 또는 눈 소식이 없어요.,05:14,19:45,0,낮음,햇볕에 민감한 분들은 자외선 차단제를 발라주세요.,나쁨,37,보통,62,보통,79.0,,호흡기가 예민하신 분들은 몸상태 유의하며 활동해주세요.,
2026-05-29T05:57:02.698329+09:00,신림역,신림역,POI039,KEY_4,2026-05-29 05:50,16.9,28.0,16.0,87,SE,0.4,-,없음,비 또는 눈 소식이 없어요.,05:14,19:45,0,낮음,햇볕에 민감한 분들은 자외선 차단제를 발라주세요.,보통,32,보통,63,보통,71.0,,호흡기가 예민하신 분들은 몸상태 유의하며 활동해주세요.,
2026-05-29T05:57:02.698329+09:00,신정네거리역,신정네거리역,POI117,KEY_1,2026-05-29 05:50,17.8,29.0,17.0,88,SSE,1.2,-,없음,비 또는 눈 소식이 없어요.,05:14,19:45,0,낮음,햇볕에 민감한 분들은 자외선 차단제를 발라주세요.,나쁨,42,보통,76,보통,79.0,,호흡기가 예민하신 분들은 몸상태 유의하며 활동해주세요.,
2026-05-29T05:57:02.698329+09:00,신촌·이대역,신촌·이대역,POI040,KEY_2,2026-05-29 05:50,18.3,28.0,17.0,90,SSE,1.9,-,없음,비 또는 눈 소식이 없어요.,05:14,19:45,0,낮음,햇볕에 민감한 분들은 자외선 차단제를 발라주세요.,나쁨,44,점검중,0,점검중,점검중,,원본 시스템 서비스 점검중입니다.,
2026-05-29T05:57:02.698329+09:00,쌍문역,쌍문역,POI070,KEY_3,2026-05-29 05:50,15.5,28.0,15.0,98,SE,0.3,-,없음,비 또는 눈 소식이 없어요.,05:14,19:45,0,낮음,햇볕에 민감한 분들은 자외선 차단제를 발라주세요.,보통,30,보통,46,보통,69.0,,호흡기가 예민하신 분들은 몸상태 유의하며 활동해주세요.,
2026-05-29T05:57:02.698329+09:00,양재역,양재역,POI041,KEY_4,2026-05-29 05:50,18.6,28.0,15.0,84,SE,0.6,-,없음,비 또는 눈 소식이 없어요.,05:14,19:45,0,낮음,햇볕에 민감한 분들은 자외선 차단제를 발라주세요.,나쁨,50,보통,64,보통,95.0,,호흡기가 예민하신 분들은 몸상태 유의하며 활동해주세요.,
2026-05-29T05:57:02.698329+09:00,역삼역,역삼역,POI042,KEY_1,2026-05-29 05:50,18.6,28.0,15.0,84,SE,0.6,-,없음,비 또는 눈 소식이 없어요.,05:14,19:45,0,낮음,햇볕에 민감한 분들은 자외선 차단제를 발라주세요.,나쁨,44,보통,64,보통,85.0,,호흡기가 예민하신 분들은 몸상태 유의하며 활동해주세요.,
2026-05-29T05:57:02.698329+09:00,연신내역,연신내역,POI043,KEY_2,2026-05-29 05:50,14.5,28.0,14.0,92,NNE,0.2,-,없음,비 또는 눈 소식이 없어요.,05:14,19:45,0,낮음,햇볕에 민감한 분들은 자외선 차단제를 발라주세요.,나쁨,39,보통,53,보통,85.0,,호흡기가 예민하신 분들은 몸상태 유의하며 활동해주세요.,
2026-05-29T05:57:02.698329+09:00,오목교역·목동운동장,오목교역·목동운동장,POI044,KEY_3,2026-05-29 05:50,17.8,29.0,17.0,88,SSE,1.2,-,없음,비 또는 눈 소식이 없어요.,05:14,19:45,0,낮음,햇볕에 민감한 분들은 자외선 차단제를 발라주세요.,나쁨,42,보통,76,보통,79.0,,호흡기가 예민하신 분들은 몸상태 유의하며 활동해주세요.,
2026-05-29T05:57:02.698329+09:00,왕십리역,왕십리역,POI045,KEY_4,2026-05-29 05:50,18.1,29.0,17.0,86,SE,0.9,-,없음,비 또는 눈 소식이 없어요.,05:14,19:45,0,낮음,햇볕에 민감한 분들은 자외선 차단제를 발라주세요.,나쁨,45,보통,65,보통,90.0,,호흡기가 예민하신 분들은 몸상태 유의하며 활동해주세요.,
2026-05-29T05:57:02.698329+09:00,용산역,용산역,POI046,KEY_1,2026-05-29 05:50,18.3,28.0,17.0,90,SSE,1.9,-,없음,비 또는 눈 소식이 없어요.,05:14,19:45,0,낮음,햇볕에 민감한 분들은 자외선 차단제를 발라주세요.,보통,33,보통,51,보통,72.0,,호흡기가 예민하신 분들은 몸상태 유의하며 활동해주세요.,
2026-05-29T05:57:02.698329+09:00,이태원역,이태원역,POI047,KEY_2,2026-05-29 05:50,17.9,28.0,16.0,87,SE,1.0,-,없음,비 또는 눈 소식이 없어요.,05:14,19:45,0,낮음,햇볕에 민감한 분들은 자외선 차단제를 발라주세요.,보통,33,보통,51,보통,72.0,,호흡기가 예민하신 분들은 몸상태 유의하며 활동해주세요.,
2026-05-29T05:57:02.698329+09:00,잠실새내역,잠실새내역,POI118,KEY_3,2026-05-29 05:50,18.0,29.0,16.0,86,ESE,1.2,-,없음,비 또는 눈 소식이 없어요.,05:14,19:45,0,낮음,햇볕에 민감한 분들은 자외선 차단제를 발라주세요.,보통,28,보통,47,보통,61.0,,호흡기가 예민하신 분들은 몸상태 유의하며 활동해주세요.,
2026-05-29T05:57:02.698329+09:00,잠실역,잠실역,POI119,KEY_4,2026-05-29 05:50,18.9,28.0,16.0,84,ESE,0.8,-,없음,비 또는 눈 소식이 없어요.,05:14,19:45,0,낮음,햇볕에 민감한 분들은 자외선 차단제를 발라주세요.,보통,28,보통,47,보통,61.0,,호흡기가 예민하신 분들은 몸상태 유의하며 활동해주세요.,
2026-05-29T05:57:02.698329+09:00,장지역,장지역,POI048,KEY_1,2026-05-29 05:50,18.0,29.0,16.0,86,ESE,1.2,-,없음,비 또는 눈 소식이 없어요.,05:14,19:45,0,낮음,햇볕에 민감한 분들은 자외선 차단제를 발라주세요.,보통,28,보통,47,보통,61.0,,호흡기가 예민하신 분들은 몸상태 유의하며 활동해주세요.,
2026-05-29T05:57:02.698329+09:00,장한평역,장한평역,POI049,KEY_2,2026-05-29 05:50,18.1,29.0,17.0,86,SE,0.9,-,없음,비 또는 눈 소식이 없어요.,05:14,19:45,0,낮음,햇볕에 민감한 분들은 자외선 차단제를 발라주세요.,나쁨,42,보통,57,보통,79.0,,호흡기가 예민하신 분들은 몸상태 유의하며 활동해주세요.,
2026-05-29T05:57:02.698329+09:00,천호역,천호역,POI050,KEY_3,2026-05-29 05:50,18.9,28.0,16.0,84,ESE,0.8,-,없음,비 또는 눈 소식이 없어요.,05:14,19:45,0,낮음,햇볕에 민감한 분들은 자외선 차단제를 발라주세요.,나쁨,49,보통,56,보통,87.0,,호흡기가 예민하신 분들은 몸상태 유의하며 활동해주세요.,
2026-05-29T05:57:02.698329+09:00,총신대입구(이수)역,총신대입구(이수)역,POI051,KEY_4,2026-05-29 05:50,17.4,28.0,15.0,98,ESE,0.2,-,없음,비 또는 눈 소식이 없어요.,05:14,19:45,0,낮음,햇볕에 민감한 분들은 자외선 차단제를 발라주세요.,나쁨,43,보통,62,보통,82.0,,호흡기가 예민하신 분들은 몸상태 유의하며 활동해주세요.,
2026-05-29T05:57:02.698329+09:00,충정로역,충정로역,POI052,KEY_1,2026-05-29 05:50,18.3,28.0,17.0,90,SSE,1.9,-,없음,비 또는 눈 소식이 없어요.,05:14,19:45,0,낮음,햇볕에 민감한 분들은 자외선 차단제를 발라주세요.,나쁨,44,점검중,0,점검중,점검중,,원본 시스템 서비스 점검중입니다.,
2026-05-29T05:57:02.698329+09:00,합정역,합정역,POI053,KEY_2,2026-05-29 05:50,18.3,28.0,17.0,90,SSE,1.9,-,없음,비 또는 눈 소식이 없어요.,05:14,19:45,0,낮음,햇볕에 민감한 분들은 자외선 차단제를 발라주세요.,나쁨,42,보통,52,보통,82.0,,호흡기가 예민하신 분들은 몸상태 유의하며 활동해주세요.,
2026-05-29T05:57:02.698329+09:00,혜화역,혜화역,POI054,KEY_3,2026-05-29 05:50,16.6,28.0,16.0,91,SE,1.4,-,없음,비 또는 눈 소식이 없어요.,05:14,19:45,0,낮음,햇볕에 민감한 분들은 자외선 차단제를 발라주세요.,나쁨,39,보통,58,보통,82.0,,호흡기가 예민하신 분들은 몸상태 유의하며 활동해주세요.,
2026-05-29T05:57:02.698329+09:00,홍대입구역(2호선),홍대입구역(2호선),POI055,KEY_4,2026-05-29 05:50,16.0,28.0,15.0,97,N,0.1,-,없음,비 또는 눈 소식이 없어요.,05:14,19:45,0,낮음,햇볕에 민감한 분들은 자외선 차단제를 발라주세요.,나쁨,42,보통,52,보통,82.0,,호흡기가 예민하신 분들은 몸상태 유의하며 활동해주세요.,
2026-05-29T05:57:02.698329+09:00,회기역,회기역,POI056,KEY_1,2026-05-29 05:50,18.1,29.0,17.0,86,SE,0.9,-,없음,비 또는 눈 소식이 없어요.,05:14,19:45,0,낮음,햇볕에 민감한 분들은 자외선 차단제를 발라주세요.,나쁨,42,보통,57,보통,79.0,,호흡기가 예민하신 분들은 몸상태 유의하며 활동해주세요.,
2026-05-29T06:46:37.497332+09:00,경복궁,경복궁,POI008,KEY_1,2026-05-29 06:40,16.6,28.0,16.0,90,SE,0.8,-,없음,비 또는 눈 소식이 없어요.,05:14,19:45,2,낮음,햇볕에 민감한 분들은 자외선 차단제를 발라주세요.,나쁨,39,보통,58,보통,82.0,,호흡기가 예민하신 분들은 몸상태 유의하며 활동해주세요.,
2026-05-29T06:46:37.497332+09:00,광화문·덕수궁,광화문·덕수궁,POI009,KEY_2,2026-05-29 06:40,16.6,28.0,16.0,90,SE,0.8,-,없음,비 또는 눈 소식이 없어요.,05:14,19:45,2,낮음,햇볕에 민감한 분들은 자외선 차단제를 발라주세요.,나쁨,39,보통,58,보통,82.0,,호흡기가 예민하신 분들은 몸상태 유의하며 활동해주세요.,
2026-05-29T06:46:37.497332+09:00,보신각,보신각,POI010,KEY_3,2026-05-29 06:40,16.6,28.0,16.0,90,SE,0.8,-,없음,비 또는 눈 소식이 없어요.,05:14,19:45,2,낮음,햇볕에 민감한 분들은 자외선 차단제를 발라주세요.,나쁨,39,보통,58,보통,82.0,,호흡기가 예민하신 분들은 몸상태 유의하며 활동해주세요.,
2026-05-29T06:46:37.497332+09:00,서울 암사동 유적,서울 암사동 유적,POI011,KEY_4,2026-05-29 06:40,17.7,29.0,15.0,89,N,1.2,-,없음,비 또는 눈 소식이 없어요.,05:14,19:45,2,낮음,햇볕에 민감한 분들은 자외선 차단제를 발라주세요.,나쁨,49,보통,56,보통,87.0,,호흡기가 예민하신 분들은 몸상태 유의하며 활동해주세요.,
2026-05-29T06:46:37.497332+09:00,창덕궁·종묘,창덕궁·종묘,POI012,KEY_1,2026-05-29 06:40,16.6,28.0,16.0,90,SE,0.8,-,없음,비 또는 눈 소식이 없어요.,05:14,19:45,2,낮음,햇볕에 민감한 분들은 자외선 차단제를 발라주세요.,나쁨,39,보통,58,보통,82.0,,호흡기가 예민하신 분들은 몸상태 유의하며 활동해주세요.,
2026-05-29T06:46:37.497332+09:00,강남 MICE 관광특구,강남 MICE 관광특구,POI001,KEY_2,2026-05-29 06:40,18.5,28.0,15.0,84,SSE,1.0,-,없음,비 또는 눈 소식이 없어요.,05:14,19:45,2,낮음,햇볕에 민감한 분들은 자외선 차단제를 발라주세요.,나쁨,44,보통,64,보통,85.0,,호흡기가 예민하신 분들은 몸상태 유의하며 활동해주세요.,
2026-05-29T06:46:37.497332+09:00,동대문 관광특구,동대문 관광특구,POI002,KEY_3,2026-05-29 06:40,16.6,28.0,16.0,90,SE,0.8,-,없음,비 또는 눈 소식이 없어요.,05:14,19:45,2,낮음,햇볕에 민감한 분들은 자외선 차단제를 발라주세요.,나쁨,39,보통,58,보통,82.0,,호흡기가 예민하신 분들은 몸상태 유의하며 활동해주세요.,
2026-05-29T06:46:37.497332+09:00,명동 관광특구,명동 관광특구,POI003,KEY_4,2026-05-29 06:40,16.6,28.0,16.0,90,SE,0.8,-,없음,비 또는 눈 소식이 없어요.,05:14,19:45,2,낮음,햇볕에 민감한 분들은 자외선 차단제를 발라주세요.,나쁨,47,보통,64,보통,90.0,,호흡기가 예민하신 분들은 몸상태 유의하며 활동해주세요.,
2026-05-29T06:46:37.497332+09:00,이태원 관광특구,이태원 관광특구,POI004,KEY_1,2026-05-29 06:40,17.9,28.0,16.0,87,SE,1.3,-,없음,비 또는 눈 소식이 없어요.,05:14,19:45,2,낮음,햇볕에 민감한 분들은 자외선 차단제를 발라주세요.,보통,33,보통,51,보통,72.0,,호흡기가 예민하신 분들은 몸상태 유의하며 활동해주세요.,
2026-05-29T06:46:37.497332+09:00,잠실 관광특구,잠실 관광특구,POI005,KEY_2,2026-05-29 06:40,18.9,28.0,16.0,84,SSE,0.9,-,없음,비 또는 눈 소식이 없어요.,05:14,19:45,2,낮음,햇볕에 민감한 분들은 자외선 차단제를 발라주세요.,보통,28,보통,47,보통,61.0,,호흡기가 예민하신 분들은 몸상태 유의하며 활동해주세요.,
2026-05-29T06:46:37.497332+09:00,종로·청계 관광특구,종로·청계 관광특구,POI006,KEY_3,2026-05-29 06:40,16.6,28.0,16.0,90,SE,0.8,-,없음,비 또는 눈 소식이 없어요.,05:14,19:45,2,낮음,햇볕에 민감한 분들은 자외선 차단제를 발라주세요.,나쁨,39,보통,58,보통,82.0,,호흡기가 예민하신 분들은 몸상태 유의하며 활동해주세요.,
2026-05-29T06:46:37.497332+09:00,홍대 관광특구,홍대 관광특구,POI007,KEY_4,2026-05-29 06:40,18.3,28.0,17.0,89,N,1.6,-,없음,비 또는 눈 소식이 없어요.,05:14,19:45,2,낮음,햇볕에 민감한 분들은 자외선 차단제를 발라주세요.,나쁨,42,보통,52,보통,82.0,,호흡기가 예민하신 분들은 몸상태 유의하며 활동해주세요.,
2026-05-29T06:46:37.497332+09:00,강서한강공원,강서한강공원,POI085,KEY_1,2026-05-29 06:40,17.1,29.0,16.0,94,S,0.5,-,없음,비 또는 눈 소식이 없어요.,05:14,19:45,2,낮음,햇볕에 민감한 분들은 자외선 차단제를 발라주세요.,나쁨,42,보통,71,보통,85.0,,호흡기가 예민하신 분들은 몸상태 유의하며 활동해주세요.,
2026-05-29T06:46:37.497332+09:00,고척돔,고척돔,POI086,KEY_2,2026-05-29 06:40,17.6,29.0,17.0,89,SSE,0.1,-,없음,비 또는 눈 소식이 없어요.,05:14,19:45,2,낮음,햇볕에 민감한 분들은 자외선 차단제를 발라주세요.,나쁨,60,보통,76,나쁨,109.0,,"장기간 또는 무리한 실외활동을 제한합니다.눈, 목 등에 통증이 느껴지고 기침이 난다면 실외활동을 피해주세요.",
2026-05-29T06:46:37.497332+09:00,광나루한강공원,광나루한강공원,POI087,KEY_3,2026-05-29 06:40,18.9,28.0,16.0,84,SSE,0.9,-,없음,비 또는 눈 소식이 없어요.,05:14,19:45,2,낮음,햇볕에 민감한 분들은 자외선 차단제를 발라주세요.,나쁨,49,보통,56,보통,87.0,,호흡기가 예민하신 분들은 몸상태 유의하며 활동해주세요.,
2026-05-29T06:46:37.497332+09:00,광화문광장,광화문광장,POI088,KEY_4,2026-05-29 06:40,16.6,28.0,16.0,90,SE,0.8,-,없음,비 또는 눈 소식이 없어요.,05:14,19:45,2,낮음,햇볕에 민감한 분들은 자외선 차단제를 발라주세요.,나쁨,39,보통,58,보통,82.0,,호흡기가 예민하신 분들은 몸상태 유의하며 활동해주세요.,
2026-05-29T06:46:37.497332+09:00,국립중앙박물관·용산가족공원,국립중앙박물관·용산가족공원,POI089,KEY_1,2026-05-29 06:40,17.9,28.0,16.0,87,SE,1.3,-,없음,비 또는 눈 소식이 없어요.,05:14,19:45,2,낮음,햇볕에 민감한 분들은 자외선 차단제를 발라주세요.,보통,33,보통,51,보통,72.0,,호흡기가 예민하신 분들은 몸상태 유의하며 활동해주세요.,
2026-05-29T06:46:37.497332+09:00,난지한강공원,난지한강공원,POI090,KEY_2,2026-05-29 06:40,17.1,29.0,15.0,94,S,0.5,-,없음,비 또는 눈 소식이 없어요.,05:14,19:45,2,낮음,햇볕에 민감한 분들은 자외선 차단제를 발라주세요.,나쁨,42,보통,71,보통,85.0,,호흡기가 예민하신 분들은 몸상태 유의하며 활동해주세요.,
2026-05-29T06:46:37.497332+09:00,남산공원,남산공원,POI091,KEY_3,2026-05-29 06:40,16.6,28.0,16.0,90,SE,0.8,-,없음,비 또는 눈 소식이 없어요.,05:14,19:45,2,낮음,햇볕에 민감한 분들은 자외선 차단제를 발라주세요.,나쁨,47,보통,64,보통,90.0,,호흡기가 예민하신 분들은 몸상태 유의하며 활동해주세요.,
2026-05-29T06:46:37.497332+09:00,노들섬,노들섬,POI092,KEY_4,2026-05-29 06:40,18.3,28.0,17.0,89,N,1.6,-,없음,비 또는 눈 소식이 없어요.,05:14,19:45,2,낮음,햇볕에 민감한 분들은 자외선 차단제를 발라주세요.,보통,33,보통,51,보통,72.0,,호흡기가 예민하신 분들은 몸상태 유의하며 활동해주세요.,
2026-05-29T06:46:37.497332+09:00,뚝섬한강공원,뚝섬한강공원,POI093,KEY_1,2026-05-29 06:40,17.9,28.0,17.0,87,SE,1.3,-,없음,비 또는 눈 소식이 없어요.,05:14,19:45,2,낮음,햇볕에 민감한 분들은 자외선 차단제를 발라주세요.,나쁨,43,보통,60,보통,85.0,,호흡기가 예민하신 분들은 몸상태 유의하며 활동해주세요.,
2026-05-29T06:46:37.497332+09:00,망원한강공원,망원한강공원,POI094,KEY_2,2026-05-29 06:40,18.3,28.0,17.0,89,N,1.6,-,없음,비 또는 눈 소식이 없어요.,05:14,19:45,2,낮음,햇볕에 민감한 분들은 자외선 차단제를 발라주세요.,나쁨,42,보통,52,보통,82.0,,호흡기가 예민하신 분들은 몸상태 유의하며 활동해주세요.,
2026-05-29T06:46:37.497332+09:00,반포한강공원,반포한강공원,POI095,KEY_3,2026-05-29 06:40,17.9,28.0,16.0,87,SE,1.3,-,없음,비 또는 눈 소식이 없어요.,05:14,19:45,2,낮음,햇볕에 민감한 분들은 자외선 차단제를 발라주세요.,보통,33,보통,51,보통,72.0,,호흡기가 예민하신 분들은 몸상태 유의하며 활동해주세요.,
2026-05-29T06:46:37.497332+09:00,보라매공원,보라매공원,POI123,KEY_4,2026-05-29 06:40,17.0,28.0,16.0,87,SE,0.6,-,없음,비 또는 눈 소식이 없어요.,05:14,19:45,2,낮음,햇볕에 민감한 분들은 자외선 차단제를 발라주세요.,나쁨,43,보통,62,보통,82.0,,호흡기가 예민하신 분들은 몸상태 유의하며 활동해주세요.,
2026-05-29T06:46:37.497332+09:00,북서울꿈의숲,북서울꿈의숲,POI096,KEY_1,2026-05-29 06:40,15.5,28.0,15.0,98,ESE,0.2,-,없음,비 또는 눈 소식이 없어요.,05:14,19:45,2,낮음,햇볕에 민감한 분들은 자외선 차단제를 발라주세요.,보통,24,보통,43,보통,59.0,,호흡기가 예민하신 분들은 몸상태 유의하며 활동해주세요.,
2026-05-29T06:46:37.497332+09:00,서대문독립공원,서대문독립공원,POI124,KEY_2,2026-05-29 06:40,16.6,28.0,16.0,90,SE,0.8,-,없음,비 또는 눈 소식이 없어요.,05:14,19:45,2,낮음,햇볕에 민감한 분들은 자외선 차단제를 발라주세요.,나쁨,39,보통,58,보통,82.0,,호흡기가 예민하신 분들은 몸상태 유의하며 활동해주세요.,
2026-05-29T06:46:37.497332+09:00,서리풀공원·몽마르뜨공원,서리풀공원·몽마르뜨공원,POI098,KEY_3,2026-05-29 06:40,17.6,28.0,15.0,97,E,0.1,-,없음,비 또는 눈 소식이 없어요.,05:14,19:45,2,낮음,햇볕에 민감한 분들은 자외선 차단제를 발라주세요.,나쁨,50,보통,64,보통,95.0,,호흡기가 예민하신 분들은 몸상태 유의하며 활동해주세요.,
2026-05-29T06:46:37.497332+09:00,서울숲공원,서울숲공원,POI101,KEY_1,2026-05-29 06:40,17.9,28.0,17.0,87,SE,1.3,-,없음,비 또는 눈 소식이 없어요.,05:14,19:45,2,낮음,햇볕에 민감한 분들은 자외선 차단제를 발라주세요.,나쁨,45,보통,65,보통,90.0,,호흡기가 예민하신 분들은 몸상태 유의하며 활동해주세요.,
2026-05-29T06:46:37.497332+09:00,송현녹지광장,송현녹지광장,POI129,KEY_2,2026-05-29 06:40,16.6,28.0,16.0,90,SE,0.8,-,없음,비 또는 눈 소식이 없어요.,05:14,19:45,2,낮음,햇볕에 민감한 분들은 자외선 차단제를 발라주세요.,나쁨,39,보통,58,보통,82.0,,호흡기가 예민하신 분들은 몸상태 유의하며 활동해주세요.,
2026-05-29T06:46:37.497332+09:00,아차산,아차산,POI102,KEY_3,2026-05-29 06:40,17.9,28.0,16.0,85,NNE,1.2,-,없음,비 또는 눈 소식이 없어요.,05:14,19:45,2,낮음,햇볕에 민감한 분들은 자외선 차단제를 발라주세요.,나쁨,43,보통,60,보통,85.0,,호흡기가 예민하신 분들은 몸상태 유의하며 활동해주세요.,
2026-05-29T06:46:37.497332+09:00,안양천,안양천,POI125,KEY_4,2026-05-29 06:40,17.9,29.0,17.0,88,SE,1.1,-,없음,비 또는 눈 소식이 없어요.,05:14,19:45,2,낮음,햇볕에 민감한 분들은 자외선 차단제를 발라주세요.,나쁨,42,보통,76,보통,79.0,,호흡기가 예민하신 분들은 몸상태 유의하며 활동해주세요.,
2026-05-29T06:46:37.497332+09:00,양화한강공원,양화한강공원,POI103,KEY_1,2026-05-29 06:40,17.9,29.0,17.0,88,SE,1.1,-,없음,비 또는 눈 소식이 없어요.,05:14,19:45,2,낮음,햇볕에 민감한 분들은 자외선 차단제를 발라주세요.,나쁨,37,보통,62,보통,79.0,,호흡기가 예민하신 분들은 몸상태 유의하며 활동해주세요.,
2026-05-29T06:46:37.497332+09:00,어린이대공원,어린이대공원,POI104,KEY_2,2026-05-29 06:40,18.9,28.0,16.0,84,SSE,0.9,-,없음,비 또는 눈 소식이 없어요.,05:14,19:45,2,낮음,햇볕에 민감한 분들은 자외선 차단제를 발라주세요.,나쁨,43,보통,60,보통,85.0,,호흡기가 예민하신 분들은 몸상태 유의하며 활동해주세요.,
2026-05-29T06:46:37.497332+09:00,여의도한강공원,여의도한강공원,POI105,KEY_3,2026-05-29 06:40,18.3,28.0,17.0,89,N,1.6,-,없음,비 또는 눈 소식이 없어요.,05:14,19:45,2,낮음,햇볕에 민감한 분들은 자외선 차단제를 발라주세요.,나쁨,37,보통,62,보통,79.0,,호흡기가 예민하신 분들은 몸상태 유의하며 활동해주세요.,
2026-05-29T06:46:37.497332+09:00,여의서로,여의서로,POI126,KEY_4,2026-05-29 06:40,18.3,28.0,17.0,89,N,1.6,-,없음,비 또는 눈 소식이 없어요.,05:14,19:45,2,낮음,햇볕에 민감한 분들은 자외선 차단제를 발라주세요.,나쁨,37,보통,62,보통,79.0,,호흡기가 예민하신 분들은 몸상태 유의하며 활동해주세요.,
2026-05-29T06:46:37.497332+09:00,올림픽공원,올림픽공원,POI127,KEY_1,2026-05-29 06:40,18.9,28.0,16.0,84,SSE,0.9,-,없음,비 또는 눈 소식이 없어요.,05:14,19:45,2,낮음,햇볕에 민감한 분들은 자외선 차단제를 발라주세요.,보통,28,보통,47,보통,61.0,,호흡기가 예민하신 분들은 몸상태 유의하며 활동해주세요.,
2026-05-29T06:46:37.497332+09:00,월드컵공원,월드컵공원,POI106,KEY_2,2026-05-29 06:40,17.1,29.0,15.0,94,S,0.5,-,없음,비 또는 눈 소식이 없어요.,05:14,19:45,2,낮음,햇볕에 민감한 분들은 자외선 차단제를 발라주세요.,나쁨,42,보통,52,보통,82.0,,호흡기가 예민하신 분들은 몸상태 유의하며 활동해주세요.,
2026-05-29T06:46:37.497332+09:00,응봉산,응봉산,POI107,KEY_3,2026-05-29 06:40,17.9,28.0,17.0,87,SE,1.3,-,없음,비 또는 눈 소식이 없어요.,05:14,19:45,2,낮음,햇볕에 민감한 분들은 자외선 차단제를 발라주세요.,나쁨,45,보통,65,보통,90.0,,호흡기가 예민하신 분들은 몸상태 유의하며 활동해주세요.,
2026-05-29T06:46:37.497332+09:00,이촌한강공원,이촌한강공원,POI108,KEY_4,2026-05-29 06:40,17.9,28.0,16.0,87,SE,1.3,-,없음,비 또는 눈 소식이 없어요.,05:14,19:45,2,낮음,햇볕에 민감한 분들은 자외선 차단제를 발라주세요.,보통,33,보통,51,보통,72.0,,호흡기가 예민하신 분들은 몸상태 유의하며 활동해주세요.,
2026-05-29T06:46:37.497332+09:00,잠실종합운동장,잠실종합운동장,POI109,KEY_1,2026-05-29 06:40,18.0,29.0,16.0,86,ESE,1.3,-,없음,비 또는 눈 소식이 없어요.,05:14,19:45,2,낮음,햇볕에 민감한 분들은 자외선 차단제를 발라주세요.,보통,28,보통,47,보통,61.0,,호흡기가 예민하신 분들은 몸상태 유의하며 활동해주세요.,
2026-05-29T06:46:37.497332+09:00,잠실한강공원,잠실한강공원,POI110,KEY_2,2026-05-29 06:40,18.9,28.0,16.0,84,SSE,0.9,-,없음,비 또는 눈 소식이 없어요.,05:14,19:45,2,낮음,햇볕에 민감한 분들은 자외선 차단제를 발라주세요.,나쁨,43,보통,60,보통,85.0,,호흡기가 예민하신 분들은 몸상태 유의하며 활동해주세요.,
2026-05-29T06:46:37.497332+09:00,잠원한강공원,잠원한강공원,POI111,KEY_3,2026-05-29 06:40,17.9,28.0,17.0,87,SE,1.3,-,없음,비 또는 눈 소식이 없어요.,05:14,19:45,2,낮음,햇볕에 민감한 분들은 자외선 차단제를 발라주세요.,나쁨,44,보통,64,보통,85.0,,호흡기가 예민하신 분들은 몸상태 유의하며 활동해주세요.,
2026-05-29T06:46:37.497332+09:00,청계산,청계산,POI112,KEY_4,2026-05-29 06:40,16.3,27.0,14.0,100,SE,1.1,-,없음,비 또는 눈 소식이 없어요.,05:14,19:45,2,낮음,햇볕에 민감한 분들은 자외선 차단제를 발라주세요.,나쁨,50,보통,64,보통,95.0,,호흡기가 예민하신 분들은 몸상태 유의하며 활동해주세요.,
2026-05-29T06:46:37.497332+09:00,홍제폭포,홍제폭포,POI128,KEY_1,2026-05-29 06:40,16.0,28.0,15.0,97,N,0.1,-,없음,비 또는 눈 소식이 없어요.,05:14,19:45,2,낮음,햇볕에 민감한 분들은 자외선 차단제를 발라주세요.,나쁨,44,점검중,0,점검중,점검중,,원본 시스템 서비스 점검중입니다.,
2026-05-29T06:46:37.497332+09:00,가락시장,가락시장,POI058,KEY_2,2026-05-29 06:40,18.0,29.0,16.0,86,ESE,1.3,-,없음,비 또는 눈 소식이 없어요.,05:14,19:45,2,낮음,햇볕에 민감한 분들은 자외선 차단제를 발라주세요.,보통,28,보통,47,보통,61.0,,호흡기가 예민하신 분들은 몸상태 유의하며 활동해주세요.,
2026-05-29T06:46:37.497332+09:00,가로수길,가로수길,POI059,KEY_3,2026-05-29 06:40,17.9,28.0,17.0,87,SE,1.3,-,없음,비 또는 눈 소식이 없어요.,05:14,19:45,2,낮음,햇볕에 민감한 분들은 자외선 차단제를 발라주세요.,나쁨,44,보통,64,보통,85.0,,호흡기가 예민하신 분들은 몸상태 유의하며 활동해주세요.,
2026-05-29T06:46:37.497332+09:00,광장(전통)시장,광장(전통)시장,POI060,KEY_4,2026-05-29 06:40,16.6,28.0,16.0,90,SE,0.8,-,없음,비 또는 눈 소식이 없어요.,05:14,19:45,2,낮음,햇볕에 민감한 분들은 자외선 차단제를 발라주세요.,나쁨,39,보통,58,보통,82.0,,호흡기가 예민하신 분들은 몸상태 유의하며 활동해주세요.,
2026-05-29T06:46:37.497332+09:00,김포공항,김포공항,POI061,KEY_1,2026-05-29 06:40,17.1,29.0,16.0,94,S,0.5,-,없음,비 또는 눈 소식이 없어요.,05:14,19:45,2,낮음,햇볕에 민감한 분들은 자외선 차단제를 발라주세요.,나쁨,42,보통,71,보통,85.0,,호흡기가 예민하신 분들은 몸상태 유의하며 활동해주세요.,
2026-05-29T06:46:37.497332+09:00,남대문시장,남대문시장,POI115,KEY_2,2026-05-29 06:40,16.6,28.0,16.0,90,SE,0.8,-,없음,비 또는 눈 소식이 없어요.,05:14,19:45,2,낮음,햇볕에 민감한 분들은 자외선 차단제를 발라주세요.,나쁨,47,보통,64,보통,90.0,,호흡기가 예민하신 분들은 몸상태 유의하며 활동해주세요.,
2026-05-29T06:46:37.497332+09:00,노량진,노량진,POI063,KEY_3,2026-05-29 06:40,17.0,28.0,16.0,87,SE,0.6,-,없음,비 또는 눈 소식이 없어요.,05:14,19:45,2,낮음,햇볕에 민감한 분들은 자외선 차단제를 발라주세요.,나쁨,43,보통,62,보통,82.0,,호흡기가 예민하신 분들은 몸상태 유의하며 활동해주세요.,
2026-05-29T06:46:37.497332+09:00,덕수궁길·정동길,덕수궁길·정동길,POI064,KEY_4,2026-05-29 06:40,16.6,28.0,16.0,90,SE,0.8,-,없음,비 또는 눈 소식이 없어요.,05:14,19:45,2,낮음,햇볕에 민감한 분들은 자외선 차단제를 발라주세요.,나쁨,39,보통,58,보통,82.0,,호흡기가 예민하신 분들은 몸상태 유의하며 활동해주세요.,
2026-05-29T06:46:37.497332+09:00,북창동 먹자골목,북창동 먹자골목,POI114,KEY_1,2026-05-29 06:40,16.6,28.0,16.0,90,SE,0.8,-,없음,비 또는 눈 소식이 없어요.,05:14,19:45,2,낮음,햇볕에 민감한 분들은 자외선 차단제를 발라주세요.,나쁨,47,보통,64,보통,90.0,,호흡기가 예민하신 분들은 몸상태 유의하며 활동해주세요.,
2026-05-29T06:46:37.497332+09:00,북촌한옥마을,북촌한옥마을,POI066,KEY_2,2026-05-29 06:40,16.6,28.0,16.0,90,SE,0.8,-,없음,비 또는 눈 소식이 없어요.,05:14,19:45,2,낮음,햇볕에 민감한 분들은 자외선 차단제를 발라주세요.,나쁨,39,보통,58,보통,82.0,,호흡기가 예민하신 분들은 몸상태 유의하며 활동해주세요.,
2026-05-29T06:46:37.497332+09:00,서촌,서촌,POI067,KEY_3,2026-05-29 06:40,16.6,28.0,16.0,90,SE,0.8,-,없음,비 또는 눈 소식이 없어요.,05:14,19:45,2,낮음,햇볕에 민감한 분들은 자외선 차단제를 발라주세요.,나쁨,39,보통,58,보통,82.0,,호흡기가 예민하신 분들은 몸상태 유의하며 활동해주세요.,
2026-05-29T06:46:37.497332+09:00,성수카페거리,성수카페거리,POI068,KEY_4,2026-05-29 06:40,17.9,28.0,17.0,87,SE,1.3,-,없음,비 또는 눈 소식이 없어요.,05:14,19:45,2,낮음,햇볕에 민감한 분들은 자외선 차단제를 발라주세요.,나쁨,45,보통,65,보통,90.0,,호흡기가 예민하신 분들은 몸상태 유의하며 활동해주세요.,
2026-05-29T06:46:37.497332+09:00,송리단길·호수단길,송리단길·호수단길,POI121,KEY_1,2026-05-29 06:40,18.0,29.0,16.0,86,ESE,1.3,-,없음,비 또는 눈 소식이 없어요.,05:14,19:45,2,낮음,햇볕에 민감한 분들은 자외선 차단제를 발라주세요.,보통,28,보통,47,보통,61.0,,호흡기가 예민하신 분들은 몸상태 유의하며 활동해주세요.,
2026-05-29T06:46:37.497332+09:00,신촌 스타광장,신촌 스타광장,POI122,KEY_2,2026-05-29 06:40,18.3,28.0,17.0,89,N,1.6,-,없음,비 또는 눈 소식이 없어요.,05:14,19:45,2,낮음,햇볕에 민감한 분들은 자외선 차단제를 발라주세요.,나쁨,44,점검중,0,점검중,점검중,,원본 시스템 서비스 점검중입니다.,
2026-05-29T06:46:37.497332+09:00,압구정로데오거리,압구정로데오거리,POI071,KEY_3,2026-05-29 06:40,17.9,28.0,17.0,87,SE,1.3,-,없음,비 또는 눈 소식이 없어요.,05:14,19:45,2,낮음,햇볕에 민감한 분들은 자외선 차단제를 발라주세요.,나쁨,44,보통,64,보통,85.0,,호흡기가 예민하신 분들은 몸상태 유의하며 활동해주세요.,
2026-05-29T06:46:37.497332+09:00,여의도,여의도,POI072,KEY_4,2026-05-29 06:40,18.3,28.0,17.0,89,N,1.6,-,없음,비 또는 눈 소식이 없어요.,05:14,19:45,2,낮음,햇볕에 민감한 분들은 자외선 차단제를 발라주세요.,나쁨,37,보통,62,보통,79.0,,호흡기가 예민하신 분들은 몸상태 유의하며 활동해주세요.,
2026-05-29T06:46:37.497332+09:00,연남동,연남동,POI073,KEY_1,2026-05-29 06:40,16.0,28.0,15.0,97,N,0.1,-,없음,비 또는 눈 소식이 없어요.,05:14,19:45,2,낮음,햇볕에 민감한 분들은 자외선 차단제를 발라주세요.,나쁨,42,보통,52,보통,82.0,,호흡기가 예민하신 분들은 몸상태 유의하며 활동해주세요.,
2026-05-29T06:46:37.497332+09:00,영등포 타임스퀘어,영등포 타임스퀘어,POI074,KEY_2,2026-05-29 06:40,18.3,28.0,17.0,89,N,1.6,-,없음,비 또는 눈 소식이 없어요.,05:14,19:45,2,낮음,햇볕에 민감한 분들은 자외선 차단제를 발라주세요.,나쁨,37,보통,62,보통,79.0,,호흡기가 예민하신 분들은 몸상태 유의하며 활동해주세요.,
2026-05-29T06:46:37.497332+09:00,용리단길,용리단길,POI076,KEY_3,2026-05-29 06:40,17.9,28.0,16.0,87,SE,1.3,-,없음,비 또는 눈 소식이 없어요.,05:14,19:45,2,낮음,햇볕에 민감한 분들은 자외선 차단제를 발라주세요.,보통,33,보통,51,보통,72.0,,호흡기가 예민하신 분들은 몸상태 유의하며 활동해주세요.,
2026-05-29T06:46:37.497332+09:00,이태원 앤틱가구거리,이태원 앤틱가구거리,POI077,KEY_4,2026-05-29 06:40,17.9,28.0,16.0,87,SE,1.3,-,없음,비 또는 눈 소식이 없어요.,05:14,19:45,2,낮음,햇볕에 민감한 분들은 자외선 차단제를 발라주세요.,보통,33,보통,51,보통,72.0,,호흡기가 예민하신 분들은 몸상태 유의하며 활동해주세요.,
2026-05-29T06:46:37.497332+09:00,익선동,익선동,POI116,KEY_1,2026-05-29 06:40,16.6,28.0,16.0,90,SE,0.8,-,없음,비 또는 눈 소식이 없어요.,05:14,19:45,2,낮음,햇볕에 민감한 분들은 자외선 차단제를 발라주세요.,나쁨,39,보통,58,보통,82.0,,호흡기가 예민하신 분들은 몸상태 유의하며 활동해주세요.,
2026-05-29T06:46:37.497332+09:00,인사동,인사동,POI078,KEY_2,2026-05-29 06:40,16.6,28.0,16.0,90,SE,0.8,-,없음,비 또는 눈 소식이 없어요.,05:14,19:45,2,낮음,햇볕에 민감한 분들은 자외선 차단제를 발라주세요.,나쁨,39,보통,58,보통,82.0,,호흡기가 예민하신 분들은 몸상태 유의하며 활동해주세요.,
2026-05-29T06:46:37.497332+09:00,잠실롯데타워·석촌호수,잠실롯데타워·석촌호수,POI120,KEY_3,2026-05-29 06:40,18.9,28.0,16.0,84,SSE,0.9,-,없음,비 또는 눈 소식이 없어요.,05:14,19:45,2,낮음,햇볕에 민감한 분들은 자외선 차단제를 발라주세요.,보통,28,보통,47,보통,61.0,,호흡기가 예민하신 분들은 몸상태 유의하며 활동해주세요.,
2026-05-29T06:46:37.497332+09:00,창동 신경제 중심지,창동 신경제 중심지,POI079,KEY_4,2026-05-29 06:40,16.1,28.0,15.0,91,SSE,0.2,-,없음,비 또는 눈 소식이 없어요.,05:14,19:45,2,낮음,햇볕에 민감한 분들은 자외선 차단제를 발라주세요.,보통,25,보통,37,보통,61.0,,호흡기가 예민하신 분들은 몸상태 유의하며 활동해주세요.,
2026-05-29T06:46:37.497332+09:00,청담동 명품거리,청담동 명품거리,POI080,KEY_1,2026-05-29 06:40,17.9,28.0,17.0,87,SE,1.3,-,없음,비 또는 눈 소식이 없어요.,05:14,19:45,2,낮음,햇볕에 민감한 분들은 자외선 차단제를 발라주세요.,나쁨,44,보통,64,보통,85.0,,호흡기가 예민하신 분들은 몸상태 유의하며 활동해주세요.,
2026-05-29T06:46:37.497332+09:00,청량리 제기동 일대 전통시장,청량리 제기동 일대 전통시장,POI081,KEY_2,2026-05-29 06:40,18.2,29.0,17.0,85,SE,0.5,-,없음,비 또는 눈 소식이 없어요.,05:14,19:45,2,낮음,햇볕에 민감한 분들은 자외선 차단제를 발라주세요.,나쁨,42,보통,57,보통,79.0,,호흡기가 예민하신 분들은 몸상태 유의하며 활동해주세요.,
2026-05-29T06:46:37.497332+09:00,해방촌·경리단길,해방촌·경리단길,POI082,KEY_3,2026-05-29 06:40,17.9,28.0,16.0,87,SE,1.3,-,없음,비 또는 눈 소식이 없어요.,05:14,19:45,2,낮음,햇볕에 민감한 분들은 자외선 차단제를 발라주세요.,보통,33,보통,51,보통,72.0,,호흡기가 예민하신 분들은 몸상태 유의하며 활동해주세요.,
2026-05-29T06:46:37.497332+09:00,DDP(동대문디자인플라자),DDP(동대문디자인플라자),POI083,KEY_4,2026-05-29 06:40,16.6,28.0,16.0,90,SE,0.8,-,없음,비 또는 눈 소식이 없어요.,05:14,19:45,2,낮음,햇볕에 민감한 분들은 자외선 차단제를 발라주세요.,나쁨,39,보통,58,보통,82.0,,호흡기가 예민하신 분들은 몸상태 유의하며 활동해주세요.,
2026-05-29T06:46:37.497332+09:00,DMC(디지털미디어시티),DMC(디지털미디어시티),POI084,KEY_1,2026-05-29 06:40,17.1,29.0,15.0,94,S,0.5,-,없음,비 또는 눈 소식이 없어요.,05:14,19:45,2,낮음,햇볕에 민감한 분들은 자외선 차단제를 발라주세요.,나쁨,42,보통,52,보통,82.0,,호흡기가 예민하신 분들은 몸상태 유의하며 활동해주세요.,
2026-05-29T06:46:37.497332+09:00,강남역,강남역,POI014,KEY_3,2026-05-29 06:40,18.5,28.0,15.0,84,SSE,1.0,-,없음,비 또는 눈 소식이 없어요.,05:14,19:45,2,낮음,햇볕에 민감한 분들은 자외선 차단제를 발라주세요.,나쁨,50,보통,64,보통,95.0,,호흡기가 예민하신 분들은 몸상태 유의하며 활동해주세요.,
2026-05-29T06:46:37.497332+09:00,건대입구역,건대입구역,POI015,KEY_4,2026-05-29 06:40,17.9,28.0,17.0,87,SE,1.3,-,없음,비 또는 눈 소식이 없어요.,05:14,19:45,2,낮음,햇볕에 민감한 분들은 자외선 차단제를 발라주세요.,나쁨,43,보통,60,보통,85.0,,호흡기가 예민하신 분들은 몸상태 유의하며 활동해주세요.,
2026-05-29T06:46:37.497332+09:00,고덕역,고덕역,POI016,KEY_1,2026-05-29 06:40,16.8,28.0,16.0,95,SSE,1.0,-,없음,비 또는 눈 소식이 없어요.,05:14,19:45,2,낮음,햇볕에 민감한 분들은 자외선 차단제를 발라주세요.,나쁨,49,보통,56,보통,87.0,,호흡기가 예민하신 분들은 몸상태 유의하며 활동해주세요.,
2026-05-29T06:46:37.497332+09:00,고속터미널역,고속터미널역,POI017,KEY_2,2026-05-29 06:40,17.6,28.0,15.0,97,E,0.1,-,없음,비 또는 눈 소식이 없어요.,05:14,19:45,2,낮음,햇볕에 민감한 분들은 자외선 차단제를 발라주세요.,나쁨,50,보통,64,보통,95.0,,호흡기가 예민하신 분들은 몸상태 유의하며 활동해주세요.,
2026-05-29T06:46:37.497332+09:00,교대역,교대역,POI018,KEY_3,2026-05-29 06:40,18.5,28.0,15.0,84,SSE,1.0,-,없음,비 또는 눈 소식이 없어요.,05:14,19:45,2,낮음,햇볕에 민감한 분들은 자외선 차단제를 발라주세요.,나쁨,50,보통,64,보통,95.0,,호흡기가 예민하신 분들은 몸상태 유의하며 활동해주세요.,
2026-05-29T06:46:37.497332+09:00,구로디지털단지역,구로디지털단지역,POI019,KEY_4,2026-05-29 06:40,17.6,29.0,17.0,89,SSE,0.1,-,없음,비 또는 눈 소식이 없어요.,05:14,19:45,2,낮음,햇볕에 민감한 분들은 자외선 차단제를 발라주세요.,나쁨,60,보통,76,나쁨,109.0,,"장기간 또는 무리한 실외활동을 제한합니다.눈, 목 등에 통증이 느껴지고 기침이 난다면 실외활동을 피해주세요.",
2026-05-29T06:46:37.497332+09:00,구로역,구로역,POI020,KEY_1,2026-05-29 06:40,17.6,29.0,17.0,89,SSE,0.1,-,없음,비 또는 눈 소식이 없어요.,05:14,19:45,2,낮음,햇볕에 민감한 분들은 자외선 차단제를 발라주세요.,나쁨,60,보통,76,나쁨,109.0,,"장기간 또는 무리한 실외활동을 제한합니다.눈, 목 등에 통증이 느껴지고 기침이 난다면 실외활동을 피해주세요.",
2026-05-29T06:46:37.497332+09:00,군자역,군자역,POI021,KEY_2,2026-05-29 06:40,17.9,28.0,16.0,85,NNE,1.2,-,없음,비 또는 눈 소식이 없어요.,05:14,19:45,2,낮음,햇볕에 민감한 분들은 자외선 차단제를 발라주세요.,나쁨,43,보통,60,보통,85.0,,호흡기가 예민하신 분들은 몸상태 유의하며 활동해주세요.,
2026-05-29T06:46:37.497332+09:00,대림역,대림역,POI023,KEY_3,2026-05-29 06:40,17.6,29.0,17.0,89,SSE,0.1,-,없음,비 또는 눈 소식이 없어요.,05:14,19:45,2,낮음,햇볕에 민감한 분들은 자외선 차단제를 발라주세요.,나쁨,37,보통,62,보통,79.0,,호흡기가 예민하신 분들은 몸상태 유의하며 활동해주세요.,
2026-05-29T06:46:37.497332+09:00,동대문역,동대문역,POI024,KEY_4,2026-05-29 06:40,16.6,28.0,16.0,90,SE,0.8,-,없음,비 또는 눈 소식이 없어요.,05:14,19:45,2,낮음,햇볕에 민감한 분들은 자외선 차단제를 발라주세요.,나쁨,39,보통,58,보통,82.0,,호흡기가 예민하신 분들은 몸상태 유의하며 활동해주세요.,
2026-05-29T06:46:37.497332+09:00,뚝섬역,뚝섬역,POI025,KEY_1,2026-05-29 06:40,17.9,28.0,17.0,87,SE,1.3,-,없음,비 또는 눈 소식이 없어요.,05:14,19:45,2,낮음,햇볕에 민감한 분들은 자외선 차단제를 발라주세요.,나쁨,45,보통,65,보통,90.0,,호흡기가 예민하신 분들은 몸상태 유의하며 활동해주세요.,
2026-05-29T06:46:37.497332+09:00,미아사거리역,미아사거리역,POI026,KEY_2,2026-05-29 06:40,15.5,28.0,15.0,98,ESE,0.2,-,없음,비 또는 눈 소식이 없어요.,05:14,19:45,2,낮음,햇볕에 민감한 분들은 자외선 차단제를 발라주세요.,보통,24,보통,43,보통,59.0,,호흡기가 예민하신 분들은 몸상태 유의하며 활동해주세요.,
2026-05-29T06:46:37.497332+09:00,발산역,발산역,POI027,KEY_3,2026-05-29 06:40,17.1,29.0,16.0,94,S,0.5,-,없음,비 또는 눈 소식이 없어요.,05:14,19:45,2,낮음,햇볕에 민감한 분들은 자외선 차단제를 발라주세요.,나쁨,42,보통,71,보통,85.0,,호흡기가 예민하신 분들은 몸상태 유의하며 활동해주세요.,
2026-05-29T06:46:37.497332+09:00,사당역,사당역,POI029,KEY_4,2026-05-29 06:40,17.6,28.0,15.0,97,E,0.1,-,없음,비 또는 눈 소식이 없어요.,05:14,19:45,2,낮음,햇볕에 민감한 분들은 자외선 차단제를 발라주세요.,나쁨,50,보통,64,보통,95.0,,호흡기가 예민하신 분들은 몸상태 유의하며 활동해주세요.,
2026-05-29T06:46:37.497332+09:00,삼각지역,삼각지역,POI030,KEY_1,2026-05-29 06:40,17.9,28.0,16.0,87,SE,1.3,-,없음,비 또는 눈 소식이 없어요.,05:14,19:45,2,낮음,햇볕에 민감한 분들은 자외선 차단제를 발라주세요.,보통,33,보통,51,보통,72.0,,호흡기가 예민하신 분들은 몸상태 유의하며 활동해주세요.,
2026-05-29T06:46:37.497332+09:00,서울대입구역,서울대입구역,POI031,KEY_2,2026-05-29 06:40,17.0,28.0,16.0,87,SE,0.6,-,없음,비 또는 눈 소식이 없어요.,05:14,19:45,2,낮음,햇볕에 민감한 분들은 자외선 차단제를 발라주세요.,보통,32,보통,63,보통,71.0,,호흡기가 예민하신 분들은 몸상태 유의하며 활동해주세요.,
2026-05-29T06:46:37.497332+09:00,서울식물원·마곡나루역,서울식물원·마곡나루역,POI032,KEY_3,2026-05-29 06:40,17.1,29.0,16.0,94,S,0.5,-,없음,비 또는 눈 소식이 없어요.,05:14,19:45,2,낮음,햇볕에 민감한 분들은 자외선 차단제를 발라주세요.,나쁨,42,보통,71,보통,85.0,,호흡기가 예민하신 분들은 몸상태 유의하며 활동해주세요.,
2026-05-29T06:46:37.497332+09:00,서울역,서울역,POI033,KEY_4,2026-05-29 06:40,16.6,28.0,16.0,90,SE,0.8,-,없음,비 또는 눈 소식이 없어요.,05:14,19:45,2,낮음,햇볕에 민감한 분들은 자외선 차단제를 발라주세요.,나쁨,47,보통,64,보통,90.0,,호흡기가 예민하신 분들은 몸상태 유의하며 활동해주세요.,
2026-05-29T06:46:37.497332+09:00,선릉역,선릉역,POI034,KEY_1,2026-05-29 06:40,18.5,28.0,15.0,84,SSE,1.0,-,없음,비 또는 눈 소식이 없어요.,05:14,19:45,2,낮음,햇볕에 민감한 분들은 자외선 차단제를 발라주세요.,나쁨,44,보통,64,보통,85.0,,호흡기가 예민하신 분들은 몸상태 유의하며 활동해주세요.,
2026-05-29T06:46:37.497332+09:00,성신여대입구역,성신여대입구역,POI035,KEY_2,2026-05-29 06:40,16.6,28.0,16.0,90,SE,0.8,-,없음,비 또는 눈 소식이 없어요.,05:14,19:45,2,낮음,햇볕에 민감한 분들은 자외선 차단제를 발라주세요.,보통,31,보통,50,보통,74.0,,호흡기가 예민하신 분들은 몸상태 유의하며 활동해주세요.,
2026-05-29T06:46:37.497332+09:00,수유역,수유역,POI036,KEY_3,2026-05-29 06:40,15.5,28.0,15.0,98,ESE,0.2,-,없음,비 또는 눈 소식이 없어요.,05:14,19:45,2,낮음,햇볕에 민감한 분들은 자외선 차단제를 발라주세요.,보통,24,보통,43,보통,59.0,,호흡기가 예민하신 분들은 몸상태 유의하며 활동해주세요.,
2026-05-29T06:46:37.497332+09:00,숭례문,숭례문,POI131,KEY_4,2026-05-29 06:40,16.6,28.0,16.0,90,SE,0.8,-,없음,비 또는 눈 소식이 없어요.,05:14,19:45,2,낮음,햇볕에 민감한 분들은 자외선 차단제를 발라주세요.,나쁨,47,보통,64,보통,90.0,,호흡기가 예민하신 분들은 몸상태 유의하며 활동해주세요.,
2026-05-29T06:46:37.497332+09:00,시의회 앞,시의회 앞,POI130,KEY_1,2026-05-29 06:40,16.6,28.0,16.0,90,SE,0.8,-,없음,비 또는 눈 소식이 없어요.,05:14,19:45,2,낮음,햇볕에 민감한 분들은 자외선 차단제를 발라주세요.,나쁨,47,보통,64,보통,90.0,,호흡기가 예민하신 분들은 몸상태 유의하며 활동해주세요.,
2026-05-29T06:46:37.497332+09:00,신논현역·논현역,신논현역·논현역,POI037,KEY_2,2026-05-29 06:40,18.5,28.0,15.0,84,SSE,1.0,-,없음,비 또는 눈 소식이 없어요.,05:14,19:45,2,낮음,햇볕에 민감한 분들은 자외선 차단제를 발라주세요.,나쁨,44,보통,64,보통,85.0,,호흡기가 예민하신 분들은 몸상태 유의하며 활동해주세요.,
2026-05-29T06:46:37.497332+09:00,신도림역,신도림역,POI038,KEY_3,2026-05-29 06:40,17.0,28.0,16.0,87,SE,0.6,-,없음,비 또는 눈 소식이 없어요.,05:14,19:45,2,낮음,햇볕에 민감한 분들은 자외선 차단제를 발라주세요.,나쁨,37,보통,62,보통,79.0,,호흡기가 예민하신 분들은 몸상태 유의하며 활동해주세요.,
2026-05-29T06:46:37.497332+09:00,신림역,신림역,POI039,KEY_4,2026-05-29 06:40,17.0,28.0,16.0,87,SE,0.6,-,없음,비 또는 눈 소식이 없어요.,05:14,19:45,2,낮음,햇볕에 민감한 분들은 자외선 차단제를 발라주세요.,보통,32,보통,63,보통,71.0,,호흡기가 예민하신 분들은 몸상태 유의하며 활동해주세요.,
2026-05-29T06:46:37.497332+09:00,신정네거리역,신정네거리역,POI117,KEY_1,2026-05-29 06:40,17.9,29.0,17.0,88,SE,1.1,-,없음,비 또는 눈 소식이 없어요.,05:14,19:45,2,낮음,햇볕에 민감한 분들은 자외선 차단제를 발라주세요.,나쁨,42,보통,76,보통,79.0,,호흡기가 예민하신 분들은 몸상태 유의하며 활동해주세요.,
2026-05-29T06:46:37.497332+09:00,신촌·이대역,신촌·이대역,POI040,KEY_2,2026-05-29 06:40,18.3,28.0,17.0,89,N,1.6,-,없음,비 또는 눈 소식이 없어요.,05:14,19:45,2,낮음,햇볕에 민감한 분들은 자외선 차단제를 발라주세요.,나쁨,44,점검중,0,점검중,점검중,,원본 시스템 서비스 점검중입니다.,
2026-05-29T06:46:37.497332+09:00,쌍문역,쌍문역,POI070,KEY_3,2026-05-29 06:40,15.5,28.0,15.0,98,ESE,0.2,-,없음,비 또는 눈 소식이 없어요.,05:14,19:45,2,낮음,햇볕에 민감한 분들은 자외선 차단제를 발라주세요.,보통,30,보통,46,보통,69.0,,호흡기가 예민하신 분들은 몸상태 유의하며 활동해주세요.,
2026-05-29T06:46:37.497332+09:00,양재역,양재역,POI041,KEY_4,2026-05-29 06:40,18.5,28.0,15.0,84,SSE,1.0,-,없음,비 또는 눈 소식이 없어요.,05:14,19:45,2,낮음,햇볕에 민감한 분들은 자외선 차단제를 발라주세요.,나쁨,50,보통,64,보통,95.0,,호흡기가 예민하신 분들은 몸상태 유의하며 활동해주세요.,
2026-05-29T06:46:37.497332+09:00,역삼역,역삼역,POI042,KEY_1,2026-05-29 06:40,18.5,28.0,15.0,84,SSE,1.0,-,없음,비 또는 눈 소식이 없어요.,05:14,19:45,2,낮음,햇볕에 민감한 분들은 자외선 차단제를 발라주세요.,나쁨,44,보통,64,보통,85.0,,호흡기가 예민하신 분들은 몸상태 유의하며 활동해주세요.,
2026-05-29T06:46:37.497332+09:00,연신내역,연신내역,POI043,KEY_2,2026-05-29 06:40,14.6,28.0,14.0,93,S,0.4,-,없음,비 또는 눈 소식이 없어요.,05:14,19:45,2,낮음,햇볕에 민감한 분들은 자외선 차단제를 발라주세요.,나쁨,39,보통,53,보통,85.0,,호흡기가 예민하신 분들은 몸상태 유의하며 활동해주세요.,
2026-05-29T06:46:37.497332+09:00,오목교역·목동운동장,오목교역·목동운동장,POI044,KEY_3,2026-05-29 06:40,17.9,29.0,17.0,88,SE,1.1,-,없음,비 또는 눈 소식이 없어요.,05:14,19:45,2,낮음,햇볕에 민감한 분들은 자외선 차단제를 발라주세요.,나쁨,42,보통,76,보통,79.0,,호흡기가 예민하신 분들은 몸상태 유의하며 활동해주세요.,
2026-05-29T06:46:37.497332+09:00,왕십리역,왕십리역,POI045,KEY_4,2026-05-29 06:40,18.2,29.0,17.0,85,SE,0.5,-,없음,비 또는 눈 소식이 없어요.,05:14,19:45,2,낮음,햇볕에 민감한 분들은 자외선 차단제를 발라주세요.,나쁨,45,보통,65,보통,90.0,,호흡기가 예민하신 분들은 몸상태 유의하며 활동해주세요.,
2026-05-29T06:46:37.497332+09:00,용산역,용산역,POI046,KEY_1,2026-05-29 06:40,18.3,28.0,17.0,89,N,1.6,-,없음,비 또는 눈 소식이 없어요.,05:14,19:45,2,낮음,햇볕에 민감한 분들은 자외선 차단제를 발라주세요.,보통,33,보통,51,보통,72.0,,호흡기가 예민하신 분들은 몸상태 유의하며 활동해주세요.,
2026-05-29T06:46:37.497332+09:00,이태원역,이태원역,POI047,KEY_2,2026-05-29 06:40,17.9,28.0,16.0,87,SE,1.3,-,없음,비 또는 눈 소식이 없어요.,05:14,19:45,2,낮음,햇볕에 민감한 분들은 자외선 차단제를 발라주세요.,보통,33,보통,51,보통,72.0,,호흡기가 예민하신 분들은 몸상태 유의하며 활동해주세요.,
2026-05-29T06:46:37.497332+09:00,잠실새내역,잠실새내역,POI118,KEY_3,2026-05-29 06:40,18.0,29.0,16.0,86,ESE,1.3,-,없음,비 또는 눈 소식이 없어요.,05:14,19:45,2,낮음,햇볕에 민감한 분들은 자외선 차단제를 발라주세요.,보통,28,보통,47,보통,61.0,,호흡기가 예민하신 분들은 몸상태 유의하며 활동해주세요.,
2026-05-29T06:46:37.497332+09:00,잠실역,잠실역,POI119,KEY_4,2026-05-29 06:40,18.9,28.0,16.0,84,SSE,0.9,-,없음,비 또는 눈 소식이 없어요.,05:14,19:45,2,낮음,햇볕에 민감한 분들은 자외선 차단제를 발라주세요.,보통,28,보통,47,보통,61.0,,호흡기가 예민하신 분들은 몸상태 유의하며 활동해주세요.,
2026-05-29T06:46:37.497332+09:00,장지역,장지역,POI048,KEY_1,2026-05-29 06:40,18.0,29.0,16.0,86,ESE,1.3,-,없음,비 또는 눈 소식이 없어요.,05:14,19:45,2,낮음,햇볕에 민감한 분들은 자외선 차단제를 발라주세요.,보통,28,보통,47,보통,61.0,,호흡기가 예민하신 분들은 몸상태 유의하며 활동해주세요.,
2026-05-29T06:46:37.497332+09:00,장한평역,장한평역,POI049,KEY_2,2026-05-29 06:40,18.2,29.0,17.0,85,SE,0.5,-,없음,비 또는 눈 소식이 없어요.,05:14,19:45,2,낮음,햇볕에 민감한 분들은 자외선 차단제를 발라주세요.,나쁨,42,보통,57,보통,79.0,,호흡기가 예민하신 분들은 몸상태 유의하며 활동해주세요.,
2026-05-29T06:46:37.497332+09:00,천호역,천호역,POI050,KEY_3,2026-05-29 06:40,18.9,28.0,16.0,84,SSE,0.9,-,없음,비 또는 눈 소식이 없어요.,05:14,19:45,2,낮음,햇볕에 민감한 분들은 자외선 차단제를 발라주세요.,나쁨,49,보통,56,보통,87.0,,호흡기가 예민하신 분들은 몸상태 유의하며 활동해주세요.,
2026-05-29T06:46:37.497332+09:00,총신대입구(이수)역,총신대입구(이수)역,POI051,KEY_4,2026-05-29 06:40,17.6,28.0,15.0,97,E,0.1,-,없음,비 또는 눈 소식이 없어요.,05:14,19:45,2,낮음,햇볕에 민감한 분들은 자외선 차단제를 발라주세요.,나쁨,43,보통,62,보통,82.0,,호흡기가 예민하신 분들은 몸상태 유의하며 활동해주세요.,
2026-05-29T06:46:37.497332+09:00,충정로역,충정로역,POI052,KEY_1,2026-05-29 06:40,18.3,28.0,17.0,89,N,1.6,-,없음,비 또는 눈 소식이 없어요.,05:14,19:45,2,낮음,햇볕에 민감한 분들은 자외선 차단제를 발라주세요.,나쁨,44,점검중,0,점검중,점검중,,원본 시스템 서비스 점검중입니다.,
2026-05-29T06:46:37.497332+09:00,합정역,합정역,POI053,KEY_2,2026-05-29 06:40,18.3,28.0,17.0,89,N,1.6,-,없음,비 또는 눈 소식이 없어요.,05:14,19:45,2,낮음,햇볕에 민감한 분들은 자외선 차단제를 발라주세요.,나쁨,42,보통,52,보통,82.0,,호흡기가 예민하신 분들은 몸상태 유의하며 활동해주세요.,
2026-05-29T06:46:37.497332+09:00,혜화역,혜화역,POI054,KEY_3,2026-05-29 06:40,16.6,28.0,16.0,90,SE,0.8,-,없음,비 또는 눈 소식이 없어요.,05:14,19:45,2,낮음,햇볕에 민감한 분들은 자외선 차단제를 발라주세요.,나쁨,39,보통,58,보통,82.0,,호흡기가 예민하신 분들은 몸상태 유의하며 활동해주세요.,
2026-05-29T06:46:37.497332+09:00,홍대입구역(2호선),홍대입구역(2호선),POI055,KEY_4,2026-05-29 06:40,16.0,28.0,15.0,97,N,0.1,-,없음,비 또는 눈 소식이 없어요.,05:14,19:45,2,낮음,햇볕에 민감한 분들은 자외선 차단제를 발라주세요.,나쁨,42,보통,52,보통,82.0,,호흡기가 예민하신 분들은 몸상태 유의하며 활동해주세요.,
2026-05-29T06:46:37.497332+09:00,회기역,회기역,POI056,KEY_1,2026-05-29 06:40,18.2,29.0,17.0,85,SE,0.5,-,없음,비 또는 눈 소식이 없어요.,05:14,19:45,2,낮음,햇볕에 민감한 분들은 자외선 차단제를 발라주세요.,나쁨,42,보통,57,보통,79.0,,호흡기가 예민하신 분들은 몸상태 유의하며 활동해주세요.,
2026-05-29T07:41:15.783747+09:00,경복궁,경복궁,POI008,KEY_1,2026-05-29 07:40,16.9,28.0,16.0,90,N,1.0,-,없음,비 또는 눈 소식이 없어요.,05:14,19:45,2,낮음,햇볕에 민감한 분들은 자외선 차단제를 발라주세요.,나쁨,41,보통,57,보통,87.0,,호흡기가 예민하신 분들은 몸상태 유의하며 활동해주세요.,
2026-05-29T07:41:15.783747+09:00,광화문·덕수궁,광화문·덕수궁,POI009,KEY_2,2026-05-29 07:40,16.9,28.0,16.0,90,N,1.0,-,없음,비 또는 눈 소식이 없어요.,05:14,19:45,2,낮음,햇볕에 민감한 분들은 자외선 차단제를 발라주세요.,나쁨,41,보통,57,보통,87.0,,호흡기가 예민하신 분들은 몸상태 유의하며 활동해주세요.,
2026-05-29T07:41:15.783747+09:00,보신각,보신각,POI010,KEY_3,2026-05-29 07:40,16.9,28.0,16.0,90,N,1.0,-,없음,비 또는 눈 소식이 없어요.,05:14,19:45,2,낮음,햇볕에 민감한 분들은 자외선 차단제를 발라주세요.,나쁨,41,보통,57,보통,87.0,,호흡기가 예민하신 분들은 몸상태 유의하며 활동해주세요.,
2026-05-29T07:41:15.783747+09:00,서울 암사동 유적,서울 암사동 유적,POI011,KEY_4,2026-05-29 07:40,18.2,29.0,15.0,86,NNE,1.7,-,없음,비 또는 눈 소식이 없어요.,05:14,19:45,2,낮음,햇볕에 민감한 분들은 자외선 차단제를 발라주세요.,나쁨,48,보통,59,보통,92.0,,호흡기가 예민하신 분들은 몸상태 유의하며 활동해주세요.,
2026-05-29T07:41:15.783747+09:00,창덕궁·종묘,창덕궁·종묘,POI012,KEY_1,2026-05-29 07:40,16.9,28.0,16.0,90,N,1.0,-,없음,비 또는 눈 소식이 없어요.,05:14,19:45,2,낮음,햇볕에 민감한 분들은 자외선 차단제를 발라주세요.,나쁨,41,보통,57,보통,87.0,,호흡기가 예민하신 분들은 몸상태 유의하며 활동해주세요.,
2026-05-29T07:41:15.783747+09:00,강남 MICE 관광특구,강남 MICE 관광특구,POI001,KEY_2,2026-05-29 07:40,18.4,28.0,15.0,85,E,1.0,-,없음,비 또는 눈 소식이 없어요.,05:14,19:45,2,낮음,햇볕에 민감한 분들은 자외선 차단제를 발라주세요.,나쁨,43,보통,64,보통,87.0,,호흡기가 예민하신 분들은 몸상태 유의하며 활동해주세요.,
2026-05-29T07:41:15.783747+09:00,동대문 관광특구,동대문 관광특구,POI002,KEY_3,2026-05-29 07:40,16.9,28.0,16.0,90,N,1.0,-,없음,비 또는 눈 소식이 없어요.,05:14,19:45,2,낮음,햇볕에 민감한 분들은 자외선 차단제를 발라주세요.,나쁨,41,보통,57,보통,87.0,,호흡기가 예민하신 분들은 몸상태 유의하며 활동해주세요.,
2026-05-29T07:41:15.783747+09:00,명동 관광특구,명동 관광특구,POI003,KEY_4,2026-05-29 07:40,16.9,28.0,16.0,90,N,1.0,-,없음,비 또는 눈 소식이 없어요.,05:14,19:45,2,낮음,햇볕에 민감한 분들은 자외선 차단제를 발라주세요.,나쁨,49,보통,66,보통,95.0,,호흡기가 예민하신 분들은 몸상태 유의하며 활동해주세요.,
2026-05-29T07:41:15.783747+09:00,이태원 관광특구,이태원 관광특구,POI004,KEY_1,2026-05-29 07:40,18.6,28.0,16.0,83,N,1.2,-,없음,비 또는 눈 소식이 없어요.,05:14,19:45,2,낮음,햇볕에 민감한 분들은 자외선 차단제를 발라주세요.,나쁨,36,보통,51,보통,72.0,,호흡기가 예민하신 분들은 몸상태 유의하며 활동해주세요.,
2026-05-29T07:41:15.783747+09:00,잠실 관광특구,잠실 관광특구,POI005,KEY_2,2026-05-29 07:40,19.4,28.0,16.0,82,S,1.6,-,없음,비 또는 눈 소식이 없어요.,05:14,19:45,2,낮음,햇볕에 민감한 분들은 자외선 차단제를 발라주세요.,보통,26,보통,46,보통,64.0,,호흡기가 예민하신 분들은 몸상태 유의하며 활동해주세요.,
2026-05-29T07:41:15.783747+09:00,종로·청계 관광특구,종로·청계 관광특구,POI006,KEY_3,2026-05-29 07:40,16.9,28.0,16.0,90,N,1.0,-,없음,비 또는 눈 소식이 없어요.,05:14,19:45,2,낮음,햇볕에 민감한 분들은 자외선 차단제를 발라주세요.,나쁨,41,보통,57,보통,87.0,,호흡기가 예민하신 분들은 몸상태 유의하며 활동해주세요.,
2026-05-29T07:41:15.783747+09:00,홍대 관광특구,홍대 관광특구,POI007,KEY_4,2026-05-29 07:40,18.5,28.0,17.0,88,SSE,1.5,-,없음,비 또는 눈 소식이 없어요.,05:14,19:45,2,낮음,햇볕에 민감한 분들은 자외선 차단제를 발라주세요.,나쁨,43,보통,57,보통,87.0,,호흡기가 예민하신 분들은 몸상태 유의하며 활동해주세요.,
2026-05-29T07:41:15.783747+09:00,강서한강공원,강서한강공원,POI085,KEY_1,2026-05-29 07:40,17.4,29.0,16.0,92,NE,0.7,-,없음,비 또는 눈 소식이 없어요.,05:14,19:45,2,낮음,햇볕에 민감한 분들은 자외선 차단제를 발라주세요.,나쁨,37,보통,68,보통,87.0,,호흡기가 예민하신 분들은 몸상태 유의하며 활동해주세요.,
2026-05-29T07:41:15.783747+09:00,고척돔,고척돔,POI086,KEY_2,2026-05-29 07:40,18.7,29.0,17.0,84,SE,0.1,-,없음,비 또는 눈 소식이 없어요.,05:14,19:45,2,낮음,햇볕에 민감한 분들은 자외선 차단제를 발라주세요.,나쁨,58,보통,76,나쁨,124.0,,"장기간 또는 무리한 실외활동을 제한합니다.눈, 목 등에 통증이 느껴지고 기침이 난다면 실외활동을 피해주세요.",
2026-05-29T07:41:15.783747+09:00,광나루한강공원,광나루한강공원,POI087,KEY_3,2026-05-29 07:40,19.4,28.0,16.0,82,S,1.6,-,없음,비 또는 눈 소식이 없어요.,05:14,19:45,2,낮음,햇볕에 민감한 분들은 자외선 차단제를 발라주세요.,나쁨,48,보통,59,보통,92.0,,호흡기가 예민하신 분들은 몸상태 유의하며 활동해주세요.,
2026-05-29T07:41:15.783747+09:00,광화문광장,광화문광장,POI088,KEY_4,2026-05-29 07:40,16.9,28.0,16.0,90,N,1.0,-,없음,비 또는 눈 소식이 없어요.,05:14,19:45,2,낮음,햇볕에 민감한 분들은 자외선 차단제를 발라주세요.,나쁨,41,보통,57,보통,87.0,,호흡기가 예민하신 분들은 몸상태 유의하며 활동해주세요.,
2026-05-29T07:41:15.783747+09:00,국립중앙박물관·용산가족공원,국립중앙박물관·용산가족공원,POI089,KEY_1,2026-05-29 07:40,18.6,28.0,16.0,83,N,1.2,-,없음,비 또는 눈 소식이 없어요.,05:14,19:45,2,낮음,햇볕에 민감한 분들은 자외선 차단제를 발라주세요.,나쁨,36,보통,51,보통,72.0,,호흡기가 예민하신 분들은 몸상태 유의하며 활동해주세요.,
2026-05-29T07:41:15.783747+09:00,난지한강공원,난지한강공원,POI090,KEY_2,2026-05-29 07:40,17.4,29.0,15.0,92,NE,0.7,-,없음,비 또는 눈 소식이 없어요.,05:14,19:45,2,낮음,햇볕에 민감한 분들은 자외선 차단제를 발라주세요.,나쁨,37,보통,68,보통,87.0,,호흡기가 예민하신 분들은 몸상태 유의하며 활동해주세요.,
2026-05-29T07:41:15.783747+09:00,남산공원,남산공원,POI091,KEY_3,2026-05-29 07:40,16.9,28.0,16.0,90,N,1.0,-,없음,비 또는 눈 소식이 없어요.,05:14,19:45,2,낮음,햇볕에 민감한 분들은 자외선 차단제를 발라주세요.,나쁨,49,보통,66,보통,95.0,,호흡기가 예민하신 분들은 몸상태 유의하며 활동해주세요.,
2026-05-29T07:41:15.783747+09:00,노들섬,노들섬,POI092,KEY_4,2026-05-29 07:40,18.5,28.0,17.0,88,SSE,1.5,-,없음,비 또는 눈 소식이 없어요.,05:14,19:45,2,낮음,햇볕에 민감한 분들은 자외선 차단제를 발라주세요.,나쁨,36,보통,51,보통,72.0,,호흡기가 예민하신 분들은 몸상태 유의하며 활동해주세요.,
2026-05-29T07:41:15.783747+09:00,뚝섬한강공원,뚝섬한강공원,POI093,KEY_1,2026-05-29 07:40,18.6,28.0,17.0,83,N,1.2,-,없음,비 또는 눈 소식이 없어요.,05:14,19:45,2,낮음,햇볕에 민감한 분들은 자외선 차단제를 발라주세요.,나쁨,45,보통,62,보통,90.0,,호흡기가 예민하신 분들은 몸상태 유의하며 활동해주세요.,
2026-05-29T07:41:15.783747+09:00,망원한강공원,망원한강공원,POI094,KEY_2,2026-05-29 07:40,18.5,28.0,17.0,88,SSE,1.5,-,없음,비 또는 눈 소식이 없어요.,05:14,19:45,2,낮음,햇볕에 민감한 분들은 자외선 차단제를 발라주세요.,나쁨,43,보통,57,보통,87.0,,호흡기가 예민하신 분들은 몸상태 유의하며 활동해주세요.,
2026-05-29T07:41:15.783747+09:00,반포한강공원,반포한강공원,POI095,KEY_3,2026-05-29 07:40,18.6,28.0,16.0,83,N,1.2,-,없음,비 또는 눈 소식이 없어요.,05:14,19:45,2,낮음,햇볕에 민감한 분들은 자외선 차단제를 발라주세요.,나쁨,36,보통,51,보통,72.0,,호흡기가 예민하신 분들은 몸상태 유의하며 활동해주세요.,
2026-05-29T07:41:15.783747+09:00,보라매공원,보라매공원,POI123,KEY_4,2026-05-29 07:40,17.5,28.0,16.0,86,ENE,0.4,-,없음,비 또는 눈 소식이 없어요.,05:14,19:45,2,낮음,햇볕에 민감한 분들은 자외선 차단제를 발라주세요.,나쁨,45,보통,65,보통,87.0,,호흡기가 예민하신 분들은 몸상태 유의하며 활동해주세요.,
2026-05-29T07:41:15.783747+09:00,북서울꿈의숲,북서울꿈의숲,POI096,KEY_1,2026-05-29 07:40,17.2,28.0,15.0,92,SE,0.5,-,없음,비 또는 눈 소식이 없어요.,05:14,19:45,2,낮음,햇볕에 민감한 분들은 자외선 차단제를 발라주세요.,보통,22,보통,43,보통,61.0,,호흡기가 예민하신 분들은 몸상태 유의하며 활동해주세요.,
2026-05-29T07:41:15.783747+09:00,서대문독립공원,서대문독립공원,POI124,KEY_2,2026-05-29 07:40,16.9,28.0,16.0,90,N,1.0,-,없음,비 또는 눈 소식이 없어요.,05:14,19:45,2,낮음,햇볕에 민감한 분들은 자외선 차단제를 발라주세요.,나쁨,41,보통,57,보통,87.0,,호흡기가 예민하신 분들은 몸상태 유의하며 활동해주세요.,
2026-05-29T07:41:15.783747+09:00,서리풀공원·몽마르뜨공원,서리풀공원·몽마르뜨공원,POI098,KEY_3,2026-05-29 07:40,18.6,28.0,15.0,91,SSE,0.4,-,없음,비 또는 눈 소식이 없어요.,05:14,19:45,2,낮음,햇볕에 민감한 분들은 자외선 차단제를 발라주세요.,나쁨,50,보통,66,보통,100.0,,호흡기가 예민하신 분들은 몸상태 유의하며 활동해주세요.,
2026-05-29T07:41:15.783747+09:00,서울숲공원,서울숲공원,POI101,KEY_1,2026-05-29 07:40,18.6,28.0,17.0,83,N,1.2,-,없음,비 또는 눈 소식이 없어요.,05:14,19:45,2,낮음,햇볕에 민감한 분들은 자외선 차단제를 발라주세요.,나쁨,40,보통,64,보통,90.0,,호흡기가 예민하신 분들은 몸상태 유의하며 활동해주세요.,
2026-05-29T07:41:15.783747+09:00,송현녹지광장,송현녹지광장,POI129,KEY_2,2026-05-29 07:40,16.9,28.0,16.0,90,N,1.0,-,없음,비 또는 눈 소식이 없어요.,05:14,19:45,2,낮음,햇볕에 민감한 분들은 자외선 차단제를 발라주세요.,나쁨,41,보통,57,보통,87.0,,호흡기가 예민하신 분들은 몸상태 유의하며 활동해주세요.,
2026-05-29T07:41:15.783747+09:00,아차산,아차산,POI102,KEY_3,2026-05-29 07:40,18.4,28.0,16.0,84,NNE,1.2,-,없음,비 또는 눈 소식이 없어요.,05:14,19:45,2,낮음,햇볕에 민감한 분들은 자외선 차단제를 발라주세요.,나쁨,45,보통,62,보통,90.0,,호흡기가 예민하신 분들은 몸상태 유의하며 활동해주세요.,
2026-05-29T07:41:15.783747+09:00,안양천,안양천,POI125,KEY_4,2026-05-29 07:40,18.4,29.0,17.0,87,S,0.8,-,없음,비 또는 눈 소식이 없어요.,05:14,19:45,2,낮음,햇볕에 민감한 분들은 자외선 차단제를 발라주세요.,나쁨,42,나쁨,82,보통,85.0,,호흡기가 예민하신 분들은 몸상태 유의하며 활동해주세요.,
2026-05-29T07:41:15.783747+09:00,양화한강공원,양화한강공원,POI103,KEY_1,2026-05-29 07:40,18.4,29.0,17.0,87,S,0.8,-,없음,비 또는 눈 소식이 없어요.,05:14,19:45,2,낮음,햇볕에 민감한 분들은 자외선 차단제를 발라주세요.,나쁨,40,보통,67,보통,79.0,,호흡기가 예민하신 분들은 몸상태 유의하며 활동해주세요.,
2026-05-29T07:41:15.783747+09:00,어린이대공원,어린이대공원,POI104,KEY_2,2026-05-29 07:40,19.4,28.0,16.0,82,S,1.6,-,없음,비 또는 눈 소식이 없어요.,05:14,19:45,2,낮음,햇볕에 민감한 분들은 자외선 차단제를 발라주세요.,나쁨,45,보통,62,보통,90.0,,호흡기가 예민하신 분들은 몸상태 유의하며 활동해주세요.,
2026-05-29T07:41:15.783747+09:00,여의도한강공원,여의도한강공원,POI105,KEY_3,2026-05-29 07:40,18.5,28.0,17.0,88,SSE,1.5,-,없음,비 또는 눈 소식이 없어요.,05:14,19:45,2,낮음,햇볕에 민감한 분들은 자외선 차단제를 발라주세요.,나쁨,40,보통,67,보통,79.0,,호흡기가 예민하신 분들은 몸상태 유의하며 활동해주세요.,
2026-05-29T07:41:15.783747+09:00,여의서로,여의서로,POI126,KEY_4,2026-05-29 07:40,18.5,28.0,17.0,88,SSE,1.5,-,없음,비 또는 눈 소식이 없어요.,05:14,19:45,2,낮음,햇볕에 민감한 분들은 자외선 차단제를 발라주세요.,나쁨,40,보통,67,보통,79.0,,호흡기가 예민하신 분들은 몸상태 유의하며 활동해주세요.,
2026-05-29T07:41:15.783747+09:00,올림픽공원,올림픽공원,POI127,KEY_1,2026-05-29 07:40,19.4,28.0,16.0,82,S,1.6,-,없음,비 또는 눈 소식이 없어요.,05:14,19:45,2,낮음,햇볕에 민감한 분들은 자외선 차단제를 발라주세요.,보통,26,보통,46,보통,64.0,,호흡기가 예민하신 분들은 몸상태 유의하며 활동해주세요.,
2026-05-29T07:41:15.783747+09:00,월드컵공원,월드컵공원,POI106,KEY_2,2026-05-29 07:40,17.4,29.0,15.0,92,NE,0.7,-,없음,비 또는 눈 소식이 없어요.,05:14,19:45,2,낮음,햇볕에 민감한 분들은 자외선 차단제를 발라주세요.,나쁨,43,보통,57,보통,87.0,,호흡기가 예민하신 분들은 몸상태 유의하며 활동해주세요.,
2026-05-29T07:41:15.783747+09:00,응봉산,응봉산,POI107,KEY_3,2026-05-29 07:40,18.6,28.0,17.0,83,N,1.2,-,없음,비 또는 눈 소식이 없어요.,05:14,19:45,2,낮음,햇볕에 민감한 분들은 자외선 차단제를 발라주세요.,나쁨,40,보통,64,보통,90.0,,호흡기가 예민하신 분들은 몸상태 유의하며 활동해주세요.,
2026-05-29T07:41:15.783747+09:00,이촌한강공원,이촌한강공원,POI108,KEY_4,2026-05-29 07:40,18.6,28.0,16.0,83,N,1.2,-,없음,비 또는 눈 소식이 없어요.,05:14,19:45,2,낮음,햇볕에 민감한 분들은 자외선 차단제를 발라주세요.,나쁨,36,보통,51,보통,72.0,,호흡기가 예민하신 분들은 몸상태 유의하며 활동해주세요.,
2026-05-29T07:41:15.783747+09:00,잠실종합운동장,잠실종합운동장,POI109,KEY_1,2026-05-29 07:40,18.4,29.0,16.0,85,ESE,0.7,-,없음,비 또는 눈 소식이 없어요.,05:14,19:45,2,낮음,햇볕에 민감한 분들은 자외선 차단제를 발라주세요.,보통,26,보통,46,보통,64.0,,호흡기가 예민하신 분들은 몸상태 유의하며 활동해주세요.,
2026-05-29T07:41:15.783747+09:00,잠실한강공원,잠실한강공원,POI110,KEY_2,2026-05-29 07:40,19.4,28.0,16.0,82,S,1.6,-,없음,비 또는 눈 소식이 없어요.,05:14,19:45,2,낮음,햇볕에 민감한 분들은 자외선 차단제를 발라주세요.,나쁨,45,보통,62,보통,90.0,,호흡기가 예민하신 분들은 몸상태 유의하며 활동해주세요.,
2026-05-29T07:41:15.783747+09:00,잠원한강공원,잠원한강공원,POI111,KEY_3,2026-05-29 07:40,18.6,28.0,17.0,83,N,1.2,-,없음,비 또는 눈 소식이 없어요.,05:14,19:45,2,낮음,햇볕에 민감한 분들은 자외선 차단제를 발라주세요.,나쁨,43,보통,64,보통,87.0,,호흡기가 예민하신 분들은 몸상태 유의하며 활동해주세요.,
2026-05-29T07:41:15.783747+09:00,청계산,청계산,POI112,KEY_4,2026-05-29 07:40,17.1,27.0,14.0,98,SE,0.6,-,없음,비 또는 눈 소식이 없어요.,05:14,19:45,2,낮음,햇볕에 민감한 분들은 자외선 차단제를 발라주세요.,나쁨,50,보통,66,보통,100.0,,호흡기가 예민하신 분들은 몸상태 유의하며 활동해주세요.,
2026-05-29T07:41:15.783747+09:00,홍제폭포,홍제폭포,POI128,KEY_1,2026-05-29 07:40,16.4,28.0,15.0,95,N,0.1,-,없음,비 또는 눈 소식이 없어요.,05:14,19:45,2,낮음,햇볕에 민감한 분들은 자외선 차단제를 발라주세요.,나쁨,48,보통,50,점검중,점검중,,원본 시스템 서비스 점검중입니다.,
2026-05-29T07:41:15.783747+09:00,가락시장,가락시장,POI058,KEY_2,2026-05-29 07:40,18.4,29.0,16.0,85,ESE,0.7,-,없음,비 또는 눈 소식이 없어요.,05:14,19:45,2,낮음,햇볕에 민감한 분들은 자외선 차단제를 발라주세요.,보통,26,보통,46,보통,64.0,,호흡기가 예민하신 분들은 몸상태 유의하며 활동해주세요.,
2026-05-29T07:41:15.783747+09:00,가로수길,가로수길,POI059,KEY_3,2026-05-29 07:40,18.6,28.0,17.0,83,N,1.2,-,없음,비 또는 눈 소식이 없어요.,05:14,19:45,2,낮음,햇볕에 민감한 분들은 자외선 차단제를 발라주세요.,나쁨,43,보통,64,보통,87.0,,호흡기가 예민하신 분들은 몸상태 유의하며 활동해주세요.,
2026-05-29T07:41:15.783747+09:00,광장(전통)시장,광장(전통)시장,POI060,KEY_4,2026-05-29 07:40,16.9,28.0,16.0,90,N,1.0,-,없음,비 또는 눈 소식이 없어요.,05:14,19:45,2,낮음,햇볕에 민감한 분들은 자외선 차단제를 발라주세요.,나쁨,41,보통,57,보통,87.0,,호흡기가 예민하신 분들은 몸상태 유의하며 활동해주세요.,
2026-05-29T07:41:15.783747+09:00,김포공항,김포공항,POI061,KEY_1,2026-05-29 07:40,17.4,29.0,16.0,92,NE,0.7,-,없음,비 또는 눈 소식이 없어요.,05:14,19:45,2,낮음,햇볕에 민감한 분들은 자외선 차단제를 발라주세요.,나쁨,37,보통,68,보통,87.0,,호흡기가 예민하신 분들은 몸상태 유의하며 활동해주세요.,
2026-05-29T07:41:15.783747+09:00,남대문시장,남대문시장,POI115,KEY_2,2026-05-29 07:40,16.9,28.0,16.0,90,N,1.0,-,없음,비 또는 눈 소식이 없어요.,05:14,19:45,2,낮음,햇볕에 민감한 분들은 자외선 차단제를 발라주세요.,나쁨,49,보통,66,보통,95.0,,호흡기가 예민하신 분들은 몸상태 유의하며 활동해주세요.,
2026-05-29T07:41:15.783747+09:00,노량진,노량진,POI063,KEY_3,2026-05-29 07:40,17.5,28.0,16.0,86,ENE,0.4,-,없음,비 또는 눈 소식이 없어요.,05:14,19:45,2,낮음,햇볕에 민감한 분들은 자외선 차단제를 발라주세요.,나쁨,45,보통,65,보통,87.0,,호흡기가 예민하신 분들은 몸상태 유의하며 활동해주세요.,
2026-05-29T07:41:15.783747+09:00,덕수궁길·정동길,덕수궁길·정동길,POI064,KEY_4,2026-05-29 07:40,16.9,28.0,16.0,90,N,1.0,-,없음,비 또는 눈 소식이 없어요.,05:14,19:45,2,낮음,햇볕에 민감한 분들은 자외선 차단제를 발라주세요.,나쁨,41,보통,57,보통,87.0,,호흡기가 예민하신 분들은 몸상태 유의하며 활동해주세요.,
2026-05-29T07:41:15.783747+09:00,북창동 먹자골목,북창동 먹자골목,POI114,KEY_1,2026-05-29 07:40,16.9,28.0,16.0,90,N,1.0,-,없음,비 또는 눈 소식이 없어요.,05:14,19:45,2,낮음,햇볕에 민감한 분들은 자외선 차단제를 발라주세요.,나쁨,49,보통,66,보통,95.0,,호흡기가 예민하신 분들은 몸상태 유의하며 활동해주세요.,
2026-05-29T07:41:15.783747+09:00,북촌한옥마을,북촌한옥마을,POI066,KEY_2,2026-05-29 07:40,16.9,28.0,16.0,90,N,1.0,-,없음,비 또는 눈 소식이 없어요.,05:14,19:45,2,낮음,햇볕에 민감한 분들은 자외선 차단제를 발라주세요.,나쁨,41,보통,57,보통,87.0,,호흡기가 예민하신 분들은 몸상태 유의하며 활동해주세요.,
2026-05-29T07:41:15.783747+09:00,서촌,서촌,POI067,KEY_3,2026-05-29 07:40,16.9,28.0,16.0,90,N,1.0,-,없음,비 또는 눈 소식이 없어요.,05:14,19:45,2,낮음,햇볕에 민감한 분들은 자외선 차단제를 발라주세요.,나쁨,41,보통,57,보통,87.0,,호흡기가 예민하신 분들은 몸상태 유의하며 활동해주세요.,
2026-05-29T07:41:15.783747+09:00,성수카페거리,성수카페거리,POI068,KEY_4,2026-05-29 07:40,18.6,28.0,17.0,83,N,1.2,-,없음,비 또는 눈 소식이 없어요.,05:14,19:45,2,낮음,햇볕에 민감한 분들은 자외선 차단제를 발라주세요.,나쁨,40,보통,64,보통,90.0,,호흡기가 예민하신 분들은 몸상태 유의하며 활동해주세요.,
2026-05-29T07:41:15.783747+09:00,송리단길·호수단길,송리단길·호수단길,POI121,KEY_1,2026-05-29 07:40,18.4,29.0,16.0,85,ESE,0.7,-,없음,비 또는 눈 소식이 없어요.,05:14,19:45,2,낮음,햇볕에 민감한 분들은 자외선 차단제를 발라주세요.,보통,26,보통,46,보통,64.0,,호흡기가 예민하신 분들은 몸상태 유의하며 활동해주세요.,
2026-05-29T07:41:15.783747+09:00,신촌 스타광장,신촌 스타광장,POI122,KEY_2,2026-05-29 07:40,18.5,28.0,17.0,88,SSE,1.5,-,없음,비 또는 눈 소식이 없어요.,05:14,19:45,2,낮음,햇볕에 민감한 분들은 자외선 차단제를 발라주세요.,나쁨,48,보통,50,점검중,점검중,,원본 시스템 서비스 점검중입니다.,
2026-05-29T07:41:15.783747+09:00,압구정로데오거리,압구정로데오거리,POI071,KEY_3,2026-05-29 07:40,18.6,28.0,17.0,83,N,1.2,-,없음,비 또는 눈 소식이 없어요.,05:14,19:45,2,낮음,햇볕에 민감한 분들은 자외선 차단제를 발라주세요.,나쁨,43,보통,64,보통,87.0,,호흡기가 예민하신 분들은 몸상태 유의하며 활동해주세요.,
2026-05-29T07:41:15.783747+09:00,여의도,여의도,POI072,KEY_4,2026-05-29 07:40,18.5,28.0,17.0,88,SSE,1.5,-,없음,비 또는 눈 소식이 없어요.,05:14,19:45,2,낮음,햇볕에 민감한 분들은 자외선 차단제를 발라주세요.,나쁨,40,보통,67,보통,79.0,,호흡기가 예민하신 분들은 몸상태 유의하며 활동해주세요.,
2026-05-29T07:41:15.783747+09:00,연남동,연남동,POI073,KEY_1,2026-05-29 07:40,16.4,28.0,15.0,95,N,0.1,-,없음,비 또는 눈 소식이 없어요.,05:14,19:45,2,낮음,햇볕에 민감한 분들은 자외선 차단제를 발라주세요.,나쁨,43,보통,57,보통,87.0,,호흡기가 예민하신 분들은 몸상태 유의하며 활동해주세요.,
2026-05-29T07:41:15.783747+09:00,영등포 타임스퀘어,영등포 타임스퀘어,POI074,KEY_2,2026-05-29 07:40,18.5,28.0,17.0,88,SSE,1.5,-,없음,비 또는 눈 소식이 없어요.,05:14,19:45,2,낮음,햇볕에 민감한 분들은 자외선 차단제를 발라주세요.,나쁨,40,보통,67,보통,79.0,,호흡기가 예민하신 분들은 몸상태 유의하며 활동해주세요.,
2026-05-29T07:41:15.783747+09:00,용리단길,용리단길,POI076,KEY_3,2026-05-29 07:40,18.6,28.0,16.0,83,N,1.2,-,없음,비 또는 눈 소식이 없어요.,05:14,19:45,2,낮음,햇볕에 민감한 분들은 자외선 차단제를 발라주세요.,나쁨,36,보통,51,보통,72.0,,호흡기가 예민하신 분들은 몸상태 유의하며 활동해주세요.,
2026-05-29T07:41:15.783747+09:00,이태원 앤틱가구거리,이태원 앤틱가구거리,POI077,KEY_4,2026-05-29 07:40,18.6,28.0,16.0,83,N,1.2,-,없음,비 또는 눈 소식이 없어요.,05:14,19:45,2,낮음,햇볕에 민감한 분들은 자외선 차단제를 발라주세요.,나쁨,36,보통,51,보통,72.0,,호흡기가 예민하신 분들은 몸상태 유의하며 활동해주세요.,
2026-05-29T07:41:15.783747+09:00,익선동,익선동,POI116,KEY_1,2026-05-29 07:40,16.9,28.0,16.0,90,N,1.0,-,없음,비 또는 눈 소식이 없어요.,05:14,19:45,2,낮음,햇볕에 민감한 분들은 자외선 차단제를 발라주세요.,나쁨,41,보통,57,보통,87.0,,호흡기가 예민하신 분들은 몸상태 유의하며 활동해주세요.,
2026-05-29T07:41:15.783747+09:00,인사동,인사동,POI078,KEY_2,2026-05-29 07:40,16.9,28.0,16.0,90,N,1.0,-,없음,비 또는 눈 소식이 없어요.,05:14,19:45,2,낮음,햇볕에 민감한 분들은 자외선 차단제를 발라주세요.,나쁨,41,보통,57,보통,87.0,,호흡기가 예민하신 분들은 몸상태 유의하며 활동해주세요.,
2026-05-29T07:41:15.783747+09:00,잠실롯데타워·석촌호수,잠실롯데타워·석촌호수,POI120,KEY_3,2026-05-29 07:40,19.4,28.0,16.0,82,S,1.6,-,없음,비 또는 눈 소식이 없어요.,05:14,19:45,2,낮음,햇볕에 민감한 분들은 자외선 차단제를 발라주세요.,보통,26,보통,46,보통,64.0,,호흡기가 예민하신 분들은 몸상태 유의하며 활동해주세요.,
2026-05-29T07:41:15.783747+09:00,창동 신경제 중심지,창동 신경제 중심지,POI079,KEY_4,2026-05-29 07:40,16.7,28.0,15.0,93,ESE,0.4,-,없음,비 또는 눈 소식이 없어요.,05:14,19:45,2,낮음,햇볕에 민감한 분들은 자외선 차단제를 발라주세요.,보통,24,보통,42,보통,61.0,,호흡기가 예민하신 분들은 몸상태 유의하며 활동해주세요.,
2026-05-29T07:41:15.783747+09:00,청담동 명품거리,청담동 명품거리,POI080,KEY_1,2026-05-29 07:40,18.6,28.0,17.0,83,N,1.2,-,없음,비 또는 눈 소식이 없어요.,05:14,19:45,2,낮음,햇볕에 민감한 분들은 자외선 차단제를 발라주세요.,나쁨,43,보통,64,보통,87.0,,호흡기가 예민하신 분들은 몸상태 유의하며 활동해주세요.,
2026-05-29T07:41:15.783747+09:00,청량리 제기동 일대 전통시장,청량리 제기동 일대 전통시장,POI081,KEY_2,2026-05-29 07:40,18.5,29.0,17.0,84,NNE,1.0,-,없음,비 또는 눈 소식이 없어요.,05:14,19:45,2,낮음,햇볕에 민감한 분들은 자외선 차단제를 발라주세요.,나쁨,43,보통,57,보통,85.0,,호흡기가 예민하신 분들은 몸상태 유의하며 활동해주세요.,
2026-05-29T07:41:15.783747+09:00,해방촌·경리단길,해방촌·경리단길,POI082,KEY_3,2026-05-29 07:40,18.6,28.0,16.0,83,N,1.2,-,없음,비 또는 눈 소식이 없어요.,05:14,19:45,2,낮음,햇볕에 민감한 분들은 자외선 차단제를 발라주세요.,나쁨,36,보통,51,보통,72.0,,호흡기가 예민하신 분들은 몸상태 유의하며 활동해주세요.,
2026-05-29T07:41:15.783747+09:00,DDP(동대문디자인플라자),DDP(동대문디자인플라자),POI083,KEY_4,2026-05-29 07:40,16.9,28.0,16.0,90,N,1.0,-,없음,비 또는 눈 소식이 없어요.,05:14,19:45,2,낮음,햇볕에 민감한 분들은 자외선 차단제를 발라주세요.,나쁨,41,보통,57,보통,87.0,,호흡기가 예민하신 분들은 몸상태 유의하며 활동해주세요.,
2026-05-29T07:41:15.783747+09:00,DMC(디지털미디어시티),DMC(디지털미디어시티),POI084,KEY_1,2026-05-29 07:40,17.4,29.0,15.0,92,NE,0.7,-,없음,비 또는 눈 소식이 없어요.,05:14,19:45,2,낮음,햇볕에 민감한 분들은 자외선 차단제를 발라주세요.,나쁨,43,보통,57,보통,87.0,,호흡기가 예민하신 분들은 몸상태 유의하며 활동해주세요.,
2026-05-29T07:41:15.783747+09:00,강남역,강남역,POI014,KEY_3,2026-05-29 07:40,18.4,28.0,15.0,85,E,1.0,-,없음,비 또는 눈 소식이 없어요.,05:14,19:45,2,낮음,햇볕에 민감한 분들은 자외선 차단제를 발라주세요.,나쁨,50,보통,66,보통,100.0,,호흡기가 예민하신 분들은 몸상태 유의하며 활동해주세요.,
2026-05-29T07:41:15.783747+09:00,건대입구역,건대입구역,POI015,KEY_4,2026-05-29 07:40,18.6,28.0,17.0,83,N,1.2,-,없음,비 또는 눈 소식이 없어요.,05:14,19:45,2,낮음,햇볕에 민감한 분들은 자외선 차단제를 발라주세요.,나쁨,45,보통,62,보통,90.0,,호흡기가 예민하신 분들은 몸상태 유의하며 활동해주세요.,
2026-05-29T07:41:15.783747+09:00,고덕역,고덕역,POI016,KEY_1,2026-05-29 07:40,17.8,28.0,16.0,91,SSE,1.0,-,없음,비 또는 눈 소식이 없어요.,05:14,19:45,2,낮음,햇볕에 민감한 분들은 자외선 차단제를 발라주세요.,나쁨,48,보통,59,보통,92.0,,호흡기가 예민하신 분들은 몸상태 유의하며 활동해주세요.,
2026-05-29T07:41:15.783747+09:00,고속터미널역,고속터미널역,POI017,KEY_2,2026-05-29 07:40,18.6,28.0,15.0,91,SSE,0.4,-,없음,비 또는 눈 소식이 없어요.,05:14,19:45,2,낮음,햇볕에 민감한 분들은 자외선 차단제를 발라주세요.,나쁨,50,보통,66,보통,100.0,,호흡기가 예민하신 분들은 몸상태 유의하며 활동해주세요.,
2026-05-29T07:41:15.783747+09:00,교대역,교대역,POI018,KEY_3,2026-05-29 07:40,18.4,28.0,15.0,85,E,1.0,-,없음,비 또는 눈 소식이 없어요.,05:14,19:45,2,낮음,햇볕에 민감한 분들은 자외선 차단제를 발라주세요.,나쁨,50,보통,66,보통,100.0,,호흡기가 예민하신 분들은 몸상태 유의하며 활동해주세요.,
2026-05-29T07:41:15.783747+09:00,구로디지털단지역,구로디지털단지역,POI019,KEY_4,2026-05-29 07:40,18.7,29.0,17.0,84,SE,0.1,-,없음,비 또는 눈 소식이 없어요.,05:14,19:45,2,낮음,햇볕에 민감한 분들은 자외선 차단제를 발라주세요.,나쁨,58,보통,76,나쁨,124.0,,"장기간 또는 무리한 실외활동을 제한합니다.눈, 목 등에 통증이 느껴지고 기침이 난다면 실외활동을 피해주세요.",
2026-05-29T07:41:15.783747+09:00,구로역,구로역,POI020,KEY_1,2026-05-29 07:40,18.7,29.0,17.0,84,SE,0.1,-,없음,비 또는 눈 소식이 없어요.,05:14,19:45,2,낮음,햇볕에 민감한 분들은 자외선 차단제를 발라주세요.,나쁨,58,보통,76,나쁨,124.0,,"장기간 또는 무리한 실외활동을 제한합니다.눈, 목 등에 통증이 느껴지고 기침이 난다면 실외활동을 피해주세요.",
2026-05-29T07:41:15.783747+09:00,군자역,군자역,POI021,KEY_2,2026-05-29 07:40,18.4,28.0,16.0,84,NNE,1.2,-,없음,비 또는 눈 소식이 없어요.,05:14,19:45,2,낮음,햇볕에 민감한 분들은 자외선 차단제를 발라주세요.,나쁨,45,보통,62,보통,90.0,,호흡기가 예민하신 분들은 몸상태 유의하며 활동해주세요.,
2026-05-29T07:41:15.783747+09:00,대림역,대림역,POI023,KEY_3,2026-05-29 07:40,18.7,29.0,17.0,84,SE,0.1,-,없음,비 또는 눈 소식이 없어요.,05:14,19:45,2,낮음,햇볕에 민감한 분들은 자외선 차단제를 발라주세요.,나쁨,40,보통,67,보통,79.0,,호흡기가 예민하신 분들은 몸상태 유의하며 활동해주세요.,
2026-05-29T07:41:15.783747+09:00,동대문역,동대문역,POI024,KEY_4,2026-05-29 07:40,16.9,28.0,16.0,90,N,1.0,-,없음,비 또는 눈 소식이 없어요.,05:14,19:45,2,낮음,햇볕에 민감한 분들은 자외선 차단제를 발라주세요.,나쁨,41,보통,57,보통,87.0,,호흡기가 예민하신 분들은 몸상태 유의하며 활동해주세요.,
2026-05-29T07:41:15.783747+09:00,뚝섬역,뚝섬역,POI025,KEY_1,2026-05-29 07:40,18.6,28.0,17.0,83,N,1.2,-,없음,비 또는 눈 소식이 없어요.,05:14,19:45,2,낮음,햇볕에 민감한 분들은 자외선 차단제를 발라주세요.,나쁨,40,보통,64,보통,90.0,,호흡기가 예민하신 분들은 몸상태 유의하며 활동해주세요.,
2026-05-29T07:41:15.783747+09:00,미아사거리역,미아사거리역,POI026,KEY_2,2026-05-29 07:40,17.2,28.0,15.0,92,SE,0.5,-,없음,비 또는 눈 소식이 없어요.,05:14,19:45,2,낮음,햇볕에 민감한 분들은 자외선 차단제를 발라주세요.,보통,22,보통,43,보통,61.0,,호흡기가 예민하신 분들은 몸상태 유의하며 활동해주세요.,
2026-05-29T07:41:15.783747+09:00,발산역,발산역,POI027,KEY_3,2026-05-29 07:40,17.4,29.0,16.0,92,NE,0.7,-,없음,비 또는 눈 소식이 없어요.,05:14,19:45,2,낮음,햇볕에 민감한 분들은 자외선 차단제를 발라주세요.,나쁨,37,보통,68,보통,87.0,,호흡기가 예민하신 분들은 몸상태 유의하며 활동해주세요.,
2026-05-29T07:41:15.783747+09:00,사당역,사당역,POI029,KEY_4,2026-05-29 07:40,18.6,28.0,15.0,91,SSE,0.4,-,없음,비 또는 눈 소식이 없어요.,05:14,19:45,2,낮음,햇볕에 민감한 분들은 자외선 차단제를 발라주세요.,나쁨,50,보통,66,보통,100.0,,호흡기가 예민하신 분들은 몸상태 유의하며 활동해주세요.,
2026-05-29T07:41:15.783747+09:00,삼각지역,삼각지역,POI030,KEY_1,2026-05-29 07:40,18.6,28.0,16.0,83,N,1.2,-,없음,비 또는 눈 소식이 없어요.,05:14,19:45,2,낮음,햇볕에 민감한 분들은 자외선 차단제를 발라주세요.,나쁨,36,보통,51,보통,72.0,,호흡기가 예민하신 분들은 몸상태 유의하며 활동해주세요.,
2026-05-29T07:41:15.783747+09:00,서울대입구역,서울대입구역,POI031,KEY_2,2026-05-29 07:40,17.5,28.0,16.0,86,ENE,0.4,-,없음,비 또는 눈 소식이 없어요.,05:14,19:45,2,낮음,햇볕에 민감한 분들은 자외선 차단제를 발라주세요.,보통,31,보통,62,보통,73.0,,호흡기가 예민하신 분들은 몸상태 유의하며 활동해주세요.,
2026-05-29T07:41:15.783747+09:00,서울식물원·마곡나루역,서울식물원·마곡나루역,POI032,KEY_3,2026-05-29 07:40,17.4,29.0,16.0,92,NE,0.7,-,없음,비 또는 눈 소식이 없어요.,05:14,19:45,2,낮음,햇볕에 민감한 분들은 자외선 차단제를 발라주세요.,나쁨,37,보통,68,보통,87.0,,호흡기가 예민하신 분들은 몸상태 유의하며 활동해주세요.,
2026-05-29T07:41:15.783747+09:00,서울역,서울역,POI033,KEY_4,2026-05-29 07:40,16.9,28.0,16.0,90,N,1.0,-,없음,비 또는 눈 소식이 없어요.,05:14,19:45,2,낮음,햇볕에 민감한 분들은 자외선 차단제를 발라주세요.,나쁨,49,보통,66,보통,95.0,,호흡기가 예민하신 분들은 몸상태 유의하며 활동해주세요.,
2026-05-29T07:41:15.783747+09:00,선릉역,선릉역,POI034,KEY_1,2026-05-29 07:40,18.4,28.0,15.0,85,E,1.0,-,없음,비 또는 눈 소식이 없어요.,05:14,19:45,2,낮음,햇볕에 민감한 분들은 자외선 차단제를 발라주세요.,나쁨,43,보통,64,보통,87.0,,호흡기가 예민하신 분들은 몸상태 유의하며 활동해주세요.,
2026-05-29T07:41:15.783747+09:00,성신여대입구역,성신여대입구역,POI035,KEY_2,2026-05-29 07:40,16.9,28.0,16.0,90,N,1.0,-,없음,비 또는 눈 소식이 없어요.,05:14,19:45,2,낮음,햇볕에 민감한 분들은 자외선 차단제를 발라주세요.,보통,31,보통,52,보통,72.0,,호흡기가 예민하신 분들은 몸상태 유의하며 활동해주세요.,
2026-05-29T07:41:15.783747+09:00,수유역,수유역,POI036,KEY_3,2026-05-29 07:40,17.2,28.0,15.0,92,SE,0.5,-,없음,비 또는 눈 소식이 없어요.,05:14,19:45,2,낮음,햇볕에 민감한 분들은 자외선 차단제를 발라주세요.,보통,22,보통,43,보통,61.0,,호흡기가 예민하신 분들은 몸상태 유의하며 활동해주세요.,
2026-05-29T07:41:15.783747+09:00,숭례문,숭례문,POI131,KEY_4,2026-05-29 07:40,16.9,28.0,16.0,90,N,1.0,-,없음,비 또는 눈 소식이 없어요.,05:14,19:45,2,낮음,햇볕에 민감한 분들은 자외선 차단제를 발라주세요.,나쁨,49,보통,66,보통,95.0,,호흡기가 예민하신 분들은 몸상태 유의하며 활동해주세요.,
2026-05-29T07:41:15.783747+09:00,시의회 앞,시의회 앞,POI130,KEY_1,2026-05-29 07:40,16.9,28.0,16.0,90,N,1.0,-,없음,비 또는 눈 소식이 없어요.,05:14,19:45,2,낮음,햇볕에 민감한 분들은 자외선 차단제를 발라주세요.,나쁨,49,보통,66,보통,95.0,,호흡기가 예민하신 분들은 몸상태 유의하며 활동해주세요.,
2026-05-29T07:41:15.783747+09:00,신논현역·논현역,신논현역·논현역,POI037,KEY_2,2026-05-29 07:40,18.4,28.0,15.0,85,E,1.0,-,없음,비 또는 눈 소식이 없어요.,05:14,19:45,2,낮음,햇볕에 민감한 분들은 자외선 차단제를 발라주세요.,나쁨,43,보통,64,보통,87.0,,호흡기가 예민하신 분들은 몸상태 유의하며 활동해주세요.,
2026-05-29T07:41:15.783747+09:00,신도림역,신도림역,POI038,KEY_3,2026-05-29 07:40,17.5,28.0,16.0,86,ENE,0.4,-,없음,비 또는 눈 소식이 없어요.,05:14,19:45,2,낮음,햇볕에 민감한 분들은 자외선 차단제를 발라주세요.,나쁨,40,보통,67,보통,79.0,,호흡기가 예민하신 분들은 몸상태 유의하며 활동해주세요.,
2026-05-29T07:41:15.783747+09:00,신림역,신림역,POI039,KEY_4,2026-05-29 07:40,17.5,28.0,16.0,86,ENE,0.4,-,없음,비 또는 눈 소식이 없어요.,05:14,19:45,2,낮음,햇볕에 민감한 분들은 자외선 차단제를 발라주세요.,보통,31,보통,62,보통,73.0,,호흡기가 예민하신 분들은 몸상태 유의하며 활동해주세요.,
2026-05-29T07:41:15.783747+09:00,신정네거리역,신정네거리역,POI117,KEY_1,2026-05-29 07:40,18.4,29.0,17.0,87,S,0.8,-,없음,비 또는 눈 소식이 없어요.,05:14,19:45,2,낮음,햇볕에 민감한 분들은 자외선 차단제를 발라주세요.,나쁨,42,나쁨,82,보통,85.0,,호흡기가 예민하신 분들은 몸상태 유의하며 활동해주세요.,
2026-05-29T07:41:15.783747+09:00,신촌·이대역,신촌·이대역,POI040,KEY_2,2026-05-29 07:40,18.5,28.0,17.0,88,SSE,1.5,-,없음,비 또는 눈 소식이 없어요.,05:14,19:45,2,낮음,햇볕에 민감한 분들은 자외선 차단제를 발라주세요.,나쁨,48,보통,50,점검중,점검중,,원본 시스템 서비스 점검중입니다.,
2026-05-29T07:41:15.783747+09:00,쌍문역,쌍문역,POI070,KEY_3,2026-05-29 07:40,17.2,28.0,15.0,92,SE,0.5,-,없음,비 또는 눈 소식이 없어요.,05:14,19:45,2,낮음,햇볕에 민감한 분들은 자외선 차단제를 발라주세요.,보통,24,보통,42,보통,66.0,,호흡기가 예민하신 분들은 몸상태 유의하며 활동해주세요.,
2026-05-29T07:41:15.783747+09:00,양재역,양재역,POI041,KEY_4,2026-05-29 07:40,18.4,28.0,15.0,85,E,1.0,-,없음,비 또는 눈 소식이 없어요.,05:14,19:45,2,낮음,햇볕에 민감한 분들은 자외선 차단제를 발라주세요.,나쁨,50,보통,66,보통,100.0,,호흡기가 예민하신 분들은 몸상태 유의하며 활동해주세요.,
2026-05-29T07:41:15.783747+09:00,역삼역,역삼역,POI042,KEY_1,2026-05-29 07:40,18.4,28.0,15.0,85,E,1.0,-,없음,비 또는 눈 소식이 없어요.,05:14,19:45,2,낮음,햇볕에 민감한 분들은 자외선 차단제를 발라주세요.,나쁨,43,보통,64,보통,87.0,,호흡기가 예민하신 분들은 몸상태 유의하며 활동해주세요.,
2026-05-29T07:41:15.783747+09:00,연신내역,연신내역,POI043,KEY_2,2026-05-29 07:40,14.7,28.0,14.0,92,SE,0.3,-,없음,비 또는 눈 소식이 없어요.,05:14,19:45,2,낮음,햇볕에 민감한 분들은 자외선 차단제를 발라주세요.,나쁨,40,보통,50,보통,87.0,,호흡기가 예민하신 분들은 몸상태 유의하며 활동해주세요.,
2026-05-29T07:41:15.783747+09:00,오목교역·목동운동장,오목교역·목동운동장,POI044,KEY_3,2026-05-29 07:40,18.4,29.0,17.0,87,S,0.8,-,없음,비 또는 눈 소식이 없어요.,05:14,19:45,2,낮음,햇볕에 민감한 분들은 자외선 차단제를 발라주세요.,나쁨,42,나쁨,82,보통,85.0,,호흡기가 예민하신 분들은 몸상태 유의하며 활동해주세요.,
2026-05-29T07:41:15.783747+09:00,왕십리역,왕십리역,POI045,KEY_4,2026-05-29 07:40,18.5,29.0,17.0,84,NNE,1.0,-,없음,비 또는 눈 소식이 없어요.,05:14,19:45,2,낮음,햇볕에 민감한 분들은 자외선 차단제를 발라주세요.,나쁨,40,보통,64,보통,90.0,,호흡기가 예민하신 분들은 몸상태 유의하며 활동해주세요.,
2026-05-29T07:41:15.783747+09:00,용산역,용산역,POI046,KEY_1,2026-05-29 07:40,18.5,28.0,17.0,88,SSE,1.5,-,없음,비 또는 눈 소식이 없어요.,05:14,19:45,2,낮음,햇볕에 민감한 분들은 자외선 차단제를 발라주세요.,나쁨,36,보통,51,보통,72.0,,호흡기가 예민하신 분들은 몸상태 유의하며 활동해주세요.,
2026-05-29T07:41:15.783747+09:00,이태원역,이태원역,POI047,KEY_2,2026-05-29 07:40,18.6,28.0,16.0,83,N,1.2,-,없음,비 또는 눈 소식이 없어요.,05:14,19:45,2,낮음,햇볕에 민감한 분들은 자외선 차단제를 발라주세요.,나쁨,36,보통,51,보통,72.0,,호흡기가 예민하신 분들은 몸상태 유의하며 활동해주세요.,
2026-05-29T07:41:15.783747+09:00,잠실새내역,잠실새내역,POI118,KEY_3,2026-05-29 07:40,18.4,29.0,16.0,85,ESE,0.7,-,없음,비 또는 눈 소식이 없어요.,05:14,19:45,2,낮음,햇볕에 민감한 분들은 자외선 차단제를 발라주세요.,보통,26,보통,46,보통,64.0,,호흡기가 예민하신 분들은 몸상태 유의하며 활동해주세요.,
2026-05-29T07:41:15.783747+09:00,잠실역,잠실역,POI119,KEY_4,2026-05-29 07:40,19.4,28.0,16.0,82,S,1.6,-,없음,비 또는 눈 소식이 없어요.,05:14,19:45,2,낮음,햇볕에 민감한 분들은 자외선 차단제를 발라주세요.,보통,26,보통,46,보통,64.0,,호흡기가 예민하신 분들은 몸상태 유의하며 활동해주세요.,
2026-05-29T07:41:15.783747+09:00,장지역,장지역,POI048,KEY_1,2026-05-29 07:40,18.4,29.0,16.0,85,ESE,0.7,-,없음,비 또는 눈 소식이 없어요.,05:14,19:45,2,낮음,햇볕에 민감한 분들은 자외선 차단제를 발라주세요.,보통,26,보통,46,보통,64.0,,호흡기가 예민하신 분들은 몸상태 유의하며 활동해주세요.,
2026-05-29T07:41:15.783747+09:00,장한평역,장한평역,POI049,KEY_2,2026-05-29 07:40,18.5,29.0,17.0,84,NNE,1.0,-,없음,비 또는 눈 소식이 없어요.,05:14,19:45,2,낮음,햇볕에 민감한 분들은 자외선 차단제를 발라주세요.,나쁨,43,보통,57,보통,85.0,,호흡기가 예민하신 분들은 몸상태 유의하며 활동해주세요.,
2026-05-29T07:41:15.783747+09:00,천호역,천호역,POI050,KEY_3,2026-05-29 07:40,19.4,28.0,16.0,82,S,1.6,-,없음,비 또는 눈 소식이 없어요.,05:14,19:45,2,낮음,햇볕에 민감한 분들은 자외선 차단제를 발라주세요.,나쁨,48,보통,59,보통,92.0,,호흡기가 예민하신 분들은 몸상태 유의하며 활동해주세요.,
2026-05-29T07:41:15.783747+09:00,총신대입구(이수)역,총신대입구(이수)역,POI051,KEY_4,2026-05-29 07:40,18.6,28.0,15.0,91,SSE,0.4,-,없음,비 또는 눈 소식이 없어요.,05:14,19:45,2,낮음,햇볕에 민감한 분들은 자외선 차단제를 발라주세요.,나쁨,45,보통,65,보통,87.0,,호흡기가 예민하신 분들은 몸상태 유의하며 활동해주세요.,
2026-05-29T07:41:15.783747+09:00,충정로역,충정로역,POI052,KEY_1,2026-05-29 07:40,18.5,28.0,17.0,88,SSE,1.5,-,없음,비 또는 눈 소식이 없어요.,05:14,19:45,2,낮음,햇볕에 민감한 분들은 자외선 차단제를 발라주세요.,나쁨,48,보통,50,점검중,점검중,,원본 시스템 서비스 점검중입니다.,
2026-05-29T07:41:15.783747+09:00,합정역,합정역,POI053,KEY_2,2026-05-29 07:40,18.5,28.0,17.0,88,SSE,1.5,-,없음,비 또는 눈 소식이 없어요.,05:14,19:45,2,낮음,햇볕에 민감한 분들은 자외선 차단제를 발라주세요.,나쁨,43,보통,57,보통,87.0,,호흡기가 예민하신 분들은 몸상태 유의하며 활동해주세요.,
2026-05-29T07:41:15.783747+09:00,혜화역,혜화역,POI054,KEY_3,2026-05-29 07:40,16.9,28.0,16.0,90,N,1.0,-,없음,비 또는 눈 소식이 없어요.,05:14,19:45,2,낮음,햇볕에 민감한 분들은 자외선 차단제를 발라주세요.,나쁨,41,보통,57,보통,87.0,,호흡기가 예민하신 분들은 몸상태 유의하며 활동해주세요.,
2026-05-29T07:41:15.783747+09:00,홍대입구역(2호선),홍대입구역(2호선),POI055,KEY_4,2026-05-29 07:40,16.4,28.0,15.0,95,N,0.1,-,없음,비 또는 눈 소식이 없어요.,05:14,19:45,2,낮음,햇볕에 민감한 분들은 자외선 차단제를 발라주세요.,나쁨,43,보통,57,보통,87.0,,호흡기가 예민하신 분들은 몸상태 유의하며 활동해주세요.,
2026-05-29T07:41:15.783747+09:00,회기역,회기역,POI056,KEY_1,2026-05-29 07:40,18.5,29.0,17.0,84,NNE,1.0,-,없음,비 또는 눈 소식이 없어요.,05:14,19:45,2,낮음,햇볕에 민감한 분들은 자외선 차단제를 발라주세요.,나쁨,43,보통,57,보통,85.0,,호흡기가 예민하신 분들은 몸상태 유의하며 활동해주세요.,
2026-05-29T08:40:55.919202+09:00,경복궁,경복궁,POI008,KEY_1,2026-05-29 08:40,18.7,28.0,16.0,84,NNE,2.1,-,없음,비 또는 눈 소식이 없어요.,05:14,19:45,2,낮음,햇볕에 민감한 분들은 자외선 차단제를 발라주세요.,나쁨,37,보통,59,보통,87.0,,호흡기가 예민하신 분들은 몸상태 유의하며 활동해주세요.,
2026-05-29T08:40:55.919202+09:00,광화문·덕수궁,광화문·덕수궁,POI009,KEY_2,2026-05-29 08:40,18.7,28.0,16.0,84,NNE,2.1,-,없음,비 또는 눈 소식이 없어요.,05:14,19:45,2,낮음,햇볕에 민감한 분들은 자외선 차단제를 발라주세요.,나쁨,37,보통,59,보통,87.0,,호흡기가 예민하신 분들은 몸상태 유의하며 활동해주세요.,
2026-05-29T08:40:55.919202+09:00,보신각,보신각,POI010,KEY_3,2026-05-29 08:40,18.7,28.0,16.0,84,NNE,2.1,-,없음,비 또는 눈 소식이 없어요.,05:14,19:45,2,낮음,햇볕에 민감한 분들은 자외선 차단제를 발라주세요.,나쁨,37,보통,59,보통,87.0,,호흡기가 예민하신 분들은 몸상태 유의하며 활동해주세요.,
2026-05-29T08:40:55.919202+09:00,서울 암사동 유적,서울 암사동 유적,POI011,KEY_4,2026-05-29 08:40,19.8,29.0,15.0,77,NNE,1.5,-,없음,비 또는 눈 소식이 없어요.,05:14,19:45,2,낮음,햇볕에 민감한 분들은 자외선 차단제를 발라주세요.,나쁨,49,보통,56,보통,97.0,,호흡기가 예민하신 분들은 몸상태 유의하며 활동해주세요.,
2026-05-29T08:40:55.919202+09:00,창덕궁·종묘,창덕궁·종묘,POI012,KEY_1,2026-05-29 08:40,18.7,28.0,16.0,84,NNE,2.1,-,없음,비 또는 눈 소식이 없어요.,05:14,19:45,2,낮음,햇볕에 민감한 분들은 자외선 차단제를 발라주세요.,나쁨,37,보통,59,보통,87.0,,호흡기가 예민하신 분들은 몸상태 유의하며 활동해주세요.,
2026-05-29T08:40:55.919202+09:00,강남 MICE 관광특구,강남 MICE 관광특구,POI001,KEY_2,2026-05-29 08:40,20.4,28.0,15.0,75,E,1.2,-,없음,비 또는 눈 소식이 없어요.,05:14,19:45,2,낮음,햇볕에 민감한 분들은 자외선 차단제를 발라주세요.,나쁨,43,보통,63,보통,90.0,,호흡기가 예민하신 분들은 몸상태 유의하며 활동해주세요.,
2026-05-29T08:40:55.919202+09:00,동대문 관광특구,동대문 관광특구,POI002,KEY_3,2026-05-29 08:40,18.7,28.0,16.0,84,NNE,2.1,-,없음,비 또는 눈 소식이 없어요.,05:14,19:45,2,낮음,햇볕에 민감한 분들은 자외선 차단제를 발라주세요.,나쁨,37,보통,59,보통,87.0,,호흡기가 예민하신 분들은 몸상태 유의하며 활동해주세요.,
2026-05-29T08:40:55.919202+09:00,명동 관광특구,명동 관광특구,POI003,KEY_4,2026-05-29 08:40,18.7,28.0,16.0,84,NNE,2.1,-,없음,비 또는 눈 소식이 없어요.,05:14,19:45,2,낮음,햇볕에 민감한 분들은 자외선 차단제를 발라주세요.,나쁨,48,보통,66,보통,100.0,,호흡기가 예민하신 분들은 몸상태 유의하며 활동해주세요.,
2026-05-29T08:40:55.919202+09:00,이태원 관광특구,이태원 관광특구,POI004,KEY_1,2026-05-29 08:40,20.7,28.0,16.0,73,NE,0.8,-,없음,비 또는 눈 소식이 없어요.,05:14,19:45,2,낮음,햇볕에 민감한 분들은 자외선 차단제를 발라주세요.,나쁨,36,보통,50,보통,74.0,,호흡기가 예민하신 분들은 몸상태 유의하며 활동해주세요.,
2026-05-29T08:40:55.919202+09:00,잠실 관광특구,잠실 관광특구,POI005,KEY_2,2026-05-29 08:40,20.1,28.0,16.0,77,NNE,1.0,-,없음,비 또는 눈 소식이 없어요.,05:14,19:45,2,낮음,햇볕에 민감한 분들은 자외선 차단제를 발라주세요.,보통,27,보통,47,보통,66.0,,호흡기가 예민하신 분들은 몸상태 유의하며 활동해주세요.,
2026-05-29T08:40:55.919202+09:00,종로·청계 관광특구,종로·청계 관광특구,POI006,KEY_3,2026-05-29 08:40,18.7,28.0,16.0,84,NNE,2.1,-,없음,비 또는 눈 소식이 없어요.,05:14,19:45,2,낮음,햇볕에 민감한 분들은 자외선 차단제를 발라주세요.,나쁨,37,보통,59,보통,87.0,,호흡기가 예민하신 분들은 몸상태 유의하며 활동해주세요.,
2026-05-29T08:40:55.919202+09:00,홍대 관광특구,홍대 관광특구,POI007,KEY_4,2026-05-29 08:40,20.1,28.0,17.0,81,NE,1.0,-,없음,비 또는 눈 소식이 없어요.,05:14,19:45,2,낮음,햇볕에 민감한 분들은 자외선 차단제를 발라주세요.,나쁨,48,보통,64,보통,92.0,,호흡기가 예민하신 분들은 몸상태 유의하며 활동해주세요.,
2026-05-29T08:40:55.919202+09:00,강서한강공원,강서한강공원,POI085,KEY_1,2026-05-29 08:40,18.8,29.0,16.0,85,NNE,0.3,-,없음,비 또는 눈 소식이 없어요.,05:14,19:45,2,낮음,햇볕에 민감한 분들은 자외선 차단제를 발라주세요.,나쁨,38,보통,67,보통,90.0,,호흡기가 예민하신 분들은 몸상태 유의하며 활동해주세요.,
2026-05-29T08:40:55.919202+09:00,고척돔,고척돔,POI086,KEY_2,2026-05-29 08:40,19.5,29.0,17.0,79,SE,0.1,-,없음,비 또는 눈 소식이 없어요.,05:14,19:45,2,낮음,햇볕에 민감한 분들은 자외선 차단제를 발라주세요.,나쁨,55,나쁨,83,나쁨,135.0,,"장기간 또는 무리한 실외활동을 제한합니다.눈, 목 등에 통증이 느껴지고 기침이 난다면 실외활동을 피해주세요.",
2026-05-29T08:40:55.919202+09:00,광나루한강공원,광나루한강공원,POI087,KEY_3,2026-05-29 08:40,20.1,28.0,16.0,77,NNE,1.0,-,없음,비 또는 눈 소식이 없어요.,05:14,19:45,2,낮음,햇볕에 민감한 분들은 자외선 차단제를 발라주세요.,나쁨,49,보통,56,보통,97.0,,호흡기가 예민하신 분들은 몸상태 유의하며 활동해주세요.,
2026-05-29T08:40:55.919202+09:00,광화문광장,광화문광장,POI088,KEY_4,2026-05-29 08:40,18.7,28.0,16.0,84,NNE,2.1,-,없음,비 또는 눈 소식이 없어요.,05:14,19:45,2,낮음,햇볕에 민감한 분들은 자외선 차단제를 발라주세요.,나쁨,37,보통,59,보통,87.0,,호흡기가 예민하신 분들은 몸상태 유의하며 활동해주세요.,
2026-05-29T08:40:55.919202+09:00,국립중앙박물관·용산가족공원,국립중앙박물관·용산가족공원,POI089,KEY_1,2026-05-29 08:40,20.7,28.0,16.0,73,NE,0.8,-,없음,비 또는 눈 소식이 없어요.,05:14,19:45,2,낮음,햇볕에 민감한 분들은 자외선 차단제를 발라주세요.,나쁨,36,보통,50,보통,74.0,,호흡기가 예민하신 분들은 몸상태 유의하며 활동해주세요.,
2026-05-29T08:40:55.919202+09:00,난지한강공원,난지한강공원,POI090,KEY_2,2026-05-29 08:40,18.8,29.0,15.0,85,NNE,0.3,-,없음,비 또는 눈 소식이 없어요.,05:14,19:45,2,낮음,햇볕에 민감한 분들은 자외선 차단제를 발라주세요.,나쁨,38,보통,67,보통,90.0,,호흡기가 예민하신 분들은 몸상태 유의하며 활동해주세요.,
2026-05-29T08:40:55.919202+09:00,남산공원,남산공원,POI091,KEY_3,2026-05-29 08:40,18.7,28.0,16.0,84,NNE,2.1,-,없음,비 또는 눈 소식이 없어요.,05:14,19:45,2,낮음,햇볕에 민감한 분들은 자외선 차단제를 발라주세요.,나쁨,48,보통,66,보통,100.0,,호흡기가 예민하신 분들은 몸상태 유의하며 활동해주세요.,
2026-05-29T08:40:55.919202+09:00,노들섬,노들섬,POI092,KEY_4,2026-05-29 08:40,20.1,28.0,17.0,81,NE,1.0,-,없음,비 또는 눈 소식이 없어요.,05:14,19:45,2,낮음,햇볕에 민감한 분들은 자외선 차단제를 발라주세요.,나쁨,36,보통,50,보통,74.0,,호흡기가 예민하신 분들은 몸상태 유의하며 활동해주세요.,
2026-05-29T08:40:55.919202+09:00,뚝섬한강공원,뚝섬한강공원,POI093,KEY_1,2026-05-29 08:40,20.7,28.0,17.0,73,NE,0.8,-,없음,비 또는 눈 소식이 없어요.,05:14,19:45,2,낮음,햇볕에 민감한 분들은 자외선 차단제를 발라주세요.,나쁨,48,보통,63,보통,95.0,,호흡기가 예민하신 분들은 몸상태 유의하며 활동해주세요.,
2026-05-29T08:40:55.919202+09:00,망원한강공원,망원한강공원,POI094,KEY_2,2026-05-29 08:40,20.1,28.0,17.0,81,NE,1.0,-,없음,비 또는 눈 소식이 없어요.,05:14,19:45,2,낮음,햇볕에 민감한 분들은 자외선 차단제를 발라주세요.,나쁨,48,보통,64,보통,92.0,,호흡기가 예민하신 분들은 몸상태 유의하며 활동해주세요.,
2026-05-29T08:40:55.919202+09:00,반포한강공원,반포한강공원,POI095,KEY_3,2026-05-29 08:40,20.7,28.0,16.0,73,NE,0.8,-,없음,비 또는 눈 소식이 없어요.,05:14,19:45,2,낮음,햇볕에 민감한 분들은 자외선 차단제를 발라주세요.,나쁨,36,보통,50,보통,74.0,,호흡기가 예민하신 분들은 몸상태 유의하며 활동해주세요.,
2026-05-29T08:40:55.919202+09:00,보라매공원,보라매공원,POI123,KEY_4,2026-05-29 08:40,18.9,28.0,16.0,81,E,0.5,-,없음,비 또는 눈 소식이 없어요.,05:14,19:45,2,낮음,햇볕에 민감한 분들은 자외선 차단제를 발라주세요.,나쁨,48,보통,69,보통,95.0,,호흡기가 예민하신 분들은 몸상태 유의하며 활동해주세요.,
2026-05-29T08:40:55.919202+09:00,북서울꿈의숲,북서울꿈의숲,POI096,KEY_1,2026-05-29 08:40,19.4,28.0,15.0,80,NNE,1.3,-,없음,비 또는 눈 소식이 없어요.,05:14,19:45,2,낮음,햇볕에 민감한 분들은 자외선 차단제를 발라주세요.,보통,20,보통,38,보통,61.0,,호흡기가 예민하신 분들은 몸상태 유의하며 활동해주세요.,
2026-05-29T08:40:55.919202+09:00,서대문독립공원,서대문독립공원,POI124,KEY_2,2026-05-29 08:40,18.7,28.0,16.0,84,NNE,2.1,-,없음,비 또는 눈 소식이 없어요.,05:14,19:45,2,낮음,햇볕에 민감한 분들은 자외선 차단제를 발라주세요.,나쁨,37,보통,59,보통,87.0,,호흡기가 예민하신 분들은 몸상태 유의하며 활동해주세요.,
2026-05-29T08:40:55.919202+09:00,서리풀공원·몽마르뜨공원,서리풀공원·몽마르뜨공원,POI098,KEY_3,2026-05-29 08:40,19.4,28.0,15.0,88,SE,0.5,-,없음,비 또는 눈 소식이 없어요.,05:14,19:45,2,낮음,햇볕에 민감한 분들은 자외선 차단제를 발라주세요.,나쁨,47,보통,70,나쁨,105.0,,"장기간 또는 무리한 실외활동을 제한합니다.눈, 목 등에 통증이 느껴지고 기침이 난다면 실외활동을 피해주세요.",
2026-05-29T08:40:55.919202+09:00,서울숲공원,서울숲공원,POI101,KEY_1,2026-05-29 08:40,20.7,28.0,17.0,73,NE,0.8,-,없음,비 또는 눈 소식이 없어요.,05:14,19:45,2,낮음,햇볕에 민감한 분들은 자외선 차단제를 발라주세요.,나쁨,36,보통,64,보통,85.0,,호흡기가 예민하신 분들은 몸상태 유의하며 활동해주세요.,
2026-05-29T08:40:55.919202+09:00,송현녹지광장,송현녹지광장,POI129,KEY_2,2026-05-29 08:40,18.7,28.0,16.0,84,NNE,2.1,-,없음,비 또는 눈 소식이 없어요.,05:14,19:45,2,낮음,햇볕에 민감한 분들은 자외선 차단제를 발라주세요.,나쁨,37,보통,59,보통,87.0,,호흡기가 예민하신 분들은 몸상태 유의하며 활동해주세요.,
2026-05-29T08:40:55.919202+09:00,아차산,아차산,POI102,KEY_3,2026-05-29 08:40,20.0,28.0,16.0,76,NNE,2.2,-,없음,비 또는 눈 소식이 없어요.,05:14,19:45,2,낮음,햇볕에 민감한 분들은 자외선 차단제를 발라주세요.,나쁨,48,보통,63,보통,95.0,,호흡기가 예민하신 분들은 몸상태 유의하며 활동해주세요.,
2026-05-29T08:40:55.919202+09:00,안양천,안양천,POI125,KEY_4,2026-05-29 08:40,20.1,29.0,17.0,79,S,0.5,-,없음,비 또는 눈 소식이 없어요.,05:14,19:45,2,낮음,햇볕에 민감한 분들은 자외선 차단제를 발라주세요.,나쁨,45,나쁨,85,보통,90.0,,호흡기가 예민하신 분들은 몸상태 유의하며 활동해주세요.,
2026-05-29T08:40:55.919202+09:00,양화한강공원,양화한강공원,POI103,KEY_1,2026-05-29 08:40,20.1,29.0,17.0,79,S,0.5,-,없음,비 또는 눈 소식이 없어요.,05:14,19:45,2,낮음,햇볕에 민감한 분들은 자외선 차단제를 발라주세요.,나쁨,44,보통,73,보통,87.0,,호흡기가 예민하신 분들은 몸상태 유의하며 활동해주세요.,
2026-05-29T08:40:55.919202+09:00,어린이대공원,어린이대공원,POI104,KEY_2,2026-05-29 08:40,20.1,28.0,16.0,77,NNE,1.0,-,없음,비 또는 눈 소식이 없어요.,05:14,19:45,2,낮음,햇볕에 민감한 분들은 자외선 차단제를 발라주세요.,나쁨,48,보통,63,보통,95.0,,호흡기가 예민하신 분들은 몸상태 유의하며 활동해주세요.,
2026-05-29T08:40:55.919202+09:00,여의도한강공원,여의도한강공원,POI105,KEY_3,2026-05-29 08:40,20.1,28.0,17.0,81,NE,1.0,-,없음,비 또는 눈 소식이 없어요.,05:14,19:45,2,낮음,햇볕에 민감한 분들은 자외선 차단제를 발라주세요.,나쁨,44,보통,73,보통,87.0,,호흡기가 예민하신 분들은 몸상태 유의하며 활동해주세요.,
2026-05-29T08:40:55.919202+09:00,여의서로,여의서로,POI126,KEY_4,2026-05-29 08:40,20.1,28.0,17.0,81,NE,1.0,-,없음,비 또는 눈 소식이 없어요.,05:14,19:45,2,낮음,햇볕에 민감한 분들은 자외선 차단제를 발라주세요.,나쁨,44,보통,73,보통,87.0,,호흡기가 예민하신 분들은 몸상태 유의하며 활동해주세요.,
2026-05-29T08:40:55.919202+09:00,올림픽공원,올림픽공원,POI127,KEY_1,2026-05-29 08:40,20.1,28.0,16.0,77,NNE,1.0,-,없음,비 또는 눈 소식이 없어요.,05:14,19:45,2,낮음,햇볕에 민감한 분들은 자외선 차단제를 발라주세요.,보통,27,보통,47,보통,66.0,,호흡기가 예민하신 분들은 몸상태 유의하며 활동해주세요.,
2026-05-29T08:40:55.919202+09:00,월드컵공원,월드컵공원,POI106,KEY_2,2026-05-29 08:40,18.8,29.0,15.0,85,NNE,0.3,-,없음,비 또는 눈 소식이 없어요.,05:14,19:45,2,낮음,햇볕에 민감한 분들은 자외선 차단제를 발라주세요.,나쁨,48,보통,64,보통,92.0,,호흡기가 예민하신 분들은 몸상태 유의하며 활동해주세요.,
2026-05-29T08:40:55.919202+09:00,응봉산,응봉산,POI107,KEY_3,2026-05-29 08:40,20.7,28.0,17.0,73,NE,0.8,-,없음,비 또는 눈 소식이 없어요.,05:14,19:45,2,낮음,햇볕에 민감한 분들은 자외선 차단제를 발라주세요.,나쁨,36,보통,64,보통,85.0,,호흡기가 예민하신 분들은 몸상태 유의하며 활동해주세요.,
2026-05-29T08:40:55.919202+09:00,이촌한강공원,이촌한강공원,POI108,KEY_4,2026-05-29 08:40,20.7,28.0,16.0,73,NE,0.8,-,없음,비 또는 눈 소식이 없어요.,05:14,19:45,2,낮음,햇볕에 민감한 분들은 자외선 차단제를 발라주세요.,나쁨,36,보통,50,보통,74.0,,호흡기가 예민하신 분들은 몸상태 유의하며 활동해주세요.,
2026-05-29T08:40:55.919202+09:00,잠실종합운동장,잠실종합운동장,POI109,KEY_1,2026-05-29 08:40,20.4,29.0,16.0,75,NE,0.9,-,없음,비 또는 눈 소식이 없어요.,05:14,19:45,2,낮음,햇볕에 민감한 분들은 자외선 차단제를 발라주세요.,보통,27,보통,47,보통,66.0,,호흡기가 예민하신 분들은 몸상태 유의하며 활동해주세요.,
2026-05-29T08:40:55.919202+09:00,잠실한강공원,잠실한강공원,POI110,KEY_2,2026-05-29 08:40,20.1,28.0,16.0,77,NNE,1.0,-,없음,비 또는 눈 소식이 없어요.,05:14,19:45,2,낮음,햇볕에 민감한 분들은 자외선 차단제를 발라주세요.,나쁨,48,보통,63,보통,95.0,,호흡기가 예민하신 분들은 몸상태 유의하며 활동해주세요.,
2026-05-29T08:40:55.919202+09:00,잠원한강공원,잠원한강공원,POI111,KEY_3,2026-05-29 08:40,20.7,28.0,17.0,73,NE,0.8,-,없음,비 또는 눈 소식이 없어요.,05:14,19:45,2,낮음,햇볕에 민감한 분들은 자외선 차단제를 발라주세요.,나쁨,43,보통,63,보통,90.0,,호흡기가 예민하신 분들은 몸상태 유의하며 활동해주세요.,
2026-05-29T08:40:55.919202+09:00,청계산,청계산,POI112,KEY_4,2026-05-29 08:40,19.4,27.0,14.0,83,ENE,1.2,-,없음,비 또는 눈 소식이 없어요.,05:14,19:45,2,낮음,햇볕에 민감한 분들은 자외선 차단제를 발라주세요.,나쁨,47,보통,70,나쁨,105.0,,"장기간 또는 무리한 실외활동을 제한합니다.눈, 목 등에 통증이 느껴지고 기침이 난다면 실외활동을 피해주세요.",
2026-05-29T08:40:55.919202+09:00,홍제폭포,홍제폭포,POI128,KEY_1,2026-05-29 08:40,18.4,28.0,15.0,88,SSE,0.5,-,없음,비 또는 눈 소식이 없어요.,05:14,19:45,2,낮음,햇볕에 민감한 분들은 자외선 차단제를 발라주세요.,나쁨,53,점검중,0,점검중,점검중,,원본 시스템 서비스 점검중입니다.,
2026-05-29T08:40:55.919202+09:00,가락시장,가락시장,POI058,KEY_2,2026-05-29 08:40,20.4,29.0,16.0,75,NE,0.9,-,없음,비 또는 눈 소식이 없어요.,05:14,19:45,2,낮음,햇볕에 민감한 분들은 자외선 차단제를 발라주세요.,보통,27,보통,47,보통,66.0,,호흡기가 예민하신 분들은 몸상태 유의하며 활동해주세요.,
2026-05-29T08:40:55.919202+09:00,가로수길,가로수길,POI059,KEY_3,2026-05-29 08:40,20.7,28.0,17.0,73,NE,0.8,-,없음,비 또는 눈 소식이 없어요.,05:14,19:45,2,낮음,햇볕에 민감한 분들은 자외선 차단제를 발라주세요.,나쁨,43,보통,63,보통,90.0,,호흡기가 예민하신 분들은 몸상태 유의하며 활동해주세요.,
2026-05-29T08:40:55.919202+09:00,광장(전통)시장,광장(전통)시장,POI060,KEY_4,2026-05-29 08:40,18.7,28.0,16.0,84,NNE,2.1,-,없음,비 또는 눈 소식이 없어요.,05:14,19:45,2,낮음,햇볕에 민감한 분들은 자외선 차단제를 발라주세요.,나쁨,37,보통,59,보통,87.0,,호흡기가 예민하신 분들은 몸상태 유의하며 활동해주세요.,
2026-05-29T08:40:55.919202+09:00,김포공항,김포공항,POI061,KEY_1,2026-05-29 08:40,18.8,29.0,16.0,85,NNE,0.3,-,없음,비 또는 눈 소식이 없어요.,05:14,19:45,2,낮음,햇볕에 민감한 분들은 자외선 차단제를 발라주세요.,나쁨,38,보통,67,보통,90.0,,호흡기가 예민하신 분들은 몸상태 유의하며 활동해주세요.,
2026-05-29T08:40:55.919202+09:00,남대문시장,남대문시장,POI115,KEY_2,2026-05-29 08:40,18.7,28.0,16.0,84,NNE,2.1,-,없음,비 또는 눈 소식이 없어요.,05:14,19:45,2,낮음,햇볕에 민감한 분들은 자외선 차단제를 발라주세요.,나쁨,48,보통,66,보통,100.0,,호흡기가 예민하신 분들은 몸상태 유의하며 활동해주세요.,
2026-05-29T08:40:55.919202+09:00,노량진,노량진,POI063,KEY_3,2026-05-29 08:40,18.9,28.0,16.0,81,E,0.5,-,없음,비 또는 눈 소식이 없어요.,05:14,19:45,2,낮음,햇볕에 민감한 분들은 자외선 차단제를 발라주세요.,나쁨,48,보통,69,보통,95.0,,호흡기가 예민하신 분들은 몸상태 유의하며 활동해주세요.,
2026-05-29T08:40:55.919202+09:00,덕수궁길·정동길,덕수궁길·정동길,POI064,KEY_4,2026-05-29 08:40,18.7,28.0,16.0,84,NNE,2.1,-,없음,비 또는 눈 소식이 없어요.,05:14,19:45,2,낮음,햇볕에 민감한 분들은 자외선 차단제를 발라주세요.,나쁨,37,보통,59,보통,87.0,,호흡기가 예민하신 분들은 몸상태 유의하며 활동해주세요.,
2026-05-29T08:40:55.919202+09:00,북창동 먹자골목,북창동 먹자골목,POI114,KEY_1,2026-05-29 08:40,18.7,28.0,16.0,84,NNE,2.1,-,없음,비 또는 눈 소식이 없어요.,05:14,19:45,2,낮음,햇볕에 민감한 분들은 자외선 차단제를 발라주세요.,나쁨,48,보통,66,보통,100.0,,호흡기가 예민하신 분들은 몸상태 유의하며 활동해주세요.,
2026-05-29T08:40:55.919202+09:00,북촌한옥마을,북촌한옥마을,POI066,KEY_2,2026-05-29 08:40,18.7,28.0,16.0,84,NNE,2.1,-,없음,비 또는 눈 소식이 없어요.,05:14,19:45,2,낮음,햇볕에 민감한 분들은 자외선 차단제를 발라주세요.,나쁨,37,보통,59,보통,87.0,,호흡기가 예민하신 분들은 몸상태 유의하며 활동해주세요.,
2026-05-29T08:40:55.919202+09:00,서촌,서촌,POI067,KEY_3,2026-05-29 08:40,18.7,28.0,16.0,84,NNE,2.1,-,없음,비 또는 눈 소식이 없어요.,05:14,19:45,2,낮음,햇볕에 민감한 분들은 자외선 차단제를 발라주세요.,나쁨,37,보통,59,보통,87.0,,호흡기가 예민하신 분들은 몸상태 유의하며 활동해주세요.,
2026-05-29T08:40:55.919202+09:00,성수카페거리,성수카페거리,POI068,KEY_4,2026-05-29 08:40,20.7,28.0,17.0,73,NE,0.8,-,없음,비 또는 눈 소식이 없어요.,05:14,19:45,2,낮음,햇볕에 민감한 분들은 자외선 차단제를 발라주세요.,나쁨,36,보통,64,보통,85.0,,호흡기가 예민하신 분들은 몸상태 유의하며 활동해주세요.,
2026-05-29T08:40:55.919202+09:00,송리단길·호수단길,송리단길·호수단길,POI121,KEY_1,2026-05-29 08:40,20.4,29.0,16.0,75,NE,0.9,-,없음,비 또는 눈 소식이 없어요.,05:14,19:45,2,낮음,햇볕에 민감한 분들은 자외선 차단제를 발라주세요.,보통,27,보통,47,보통,66.0,,호흡기가 예민하신 분들은 몸상태 유의하며 활동해주세요.,
2026-05-29T08:40:55.919202+09:00,신촌 스타광장,신촌 스타광장,POI122,KEY_2,2026-05-29 08:40,20.1,28.0,17.0,81,NE,1.0,-,없음,비 또는 눈 소식이 없어요.,05:14,19:45,2,낮음,햇볕에 민감한 분들은 자외선 차단제를 발라주세요.,나쁨,53,점검중,0,점검중,점검중,,원본 시스템 서비스 점검중입니다.,
2026-05-29T08:40:55.919202+09:00,압구정로데오거리,압구정로데오거리,POI071,KEY_3,2026-05-29 08:40,20.7,28.0,17.0,73,NE,0.8,-,없음,비 또는 눈 소식이 없어요.,05:14,19:45,2,낮음,햇볕에 민감한 분들은 자외선 차단제를 발라주세요.,나쁨,43,보통,63,보통,90.0,,호흡기가 예민하신 분들은 몸상태 유의하며 활동해주세요.,
2026-05-29T08:40:55.919202+09:00,여의도,여의도,POI072,KEY_4,2026-05-29 08:40,20.1,28.0,17.0,81,NE,1.0,-,없음,비 또는 눈 소식이 없어요.,05:14,19:45,2,낮음,햇볕에 민감한 분들은 자외선 차단제를 발라주세요.,나쁨,44,보통,73,보통,87.0,,호흡기가 예민하신 분들은 몸상태 유의하며 활동해주세요.,
2026-05-29T08:40:55.919202+09:00,연남동,연남동,POI073,KEY_1,2026-05-29 08:40,18.4,28.0,15.0,88,SSE,0.5,-,없음,비 또는 눈 소식이 없어요.,05:14,19:45,2,낮음,햇볕에 민감한 분들은 자외선 차단제를 발라주세요.,나쁨,48,보통,64,보통,92.0,,호흡기가 예민하신 분들은 몸상태 유의하며 활동해주세요.,
2026-05-29T08:40:55.919202+09:00,영등포 타임스퀘어,영등포 타임스퀘어,POI074,KEY_2,2026-05-29 08:40,20.1,28.0,17.0,81,NE,1.0,-,없음,비 또는 눈 소식이 없어요.,05:14,19:45,2,낮음,햇볕에 민감한 분들은 자외선 차단제를 발라주세요.,나쁨,44,보통,73,보통,87.0,,호흡기가 예민하신 분들은 몸상태 유의하며 활동해주세요.,
2026-05-29T08:40:55.919202+09:00,용리단길,용리단길,POI076,KEY_3,2026-05-29 08:40,20.7,28.0,16.0,73,NE,0.8,-,없음,비 또는 눈 소식이 없어요.,05:14,19:45,2,낮음,햇볕에 민감한 분들은 자외선 차단제를 발라주세요.,나쁨,36,보통,50,보통,74.0,,호흡기가 예민하신 분들은 몸상태 유의하며 활동해주세요.,
2026-05-29T08:40:55.919202+09:00,이태원 앤틱가구거리,이태원 앤틱가구거리,POI077,KEY_4,2026-05-29 08:40,20.7,28.0,16.0,73,NE,0.8,-,없음,비 또는 눈 소식이 없어요.,05:14,19:45,2,낮음,햇볕에 민감한 분들은 자외선 차단제를 발라주세요.,나쁨,36,보통,50,보통,74.0,,호흡기가 예민하신 분들은 몸상태 유의하며 활동해주세요.,
2026-05-29T08:40:55.919202+09:00,익선동,익선동,POI116,KEY_1,2026-05-29 08:40,18.7,28.0,16.0,84,NNE,2.1,-,없음,비 또는 눈 소식이 없어요.,05:14,19:45,2,낮음,햇볕에 민감한 분들은 자외선 차단제를 발라주세요.,나쁨,37,보통,59,보통,87.0,,호흡기가 예민하신 분들은 몸상태 유의하며 활동해주세요.,
2026-05-29T08:40:55.919202+09:00,인사동,인사동,POI078,KEY_2,2026-05-29 08:40,18.7,28.0,16.0,84,NNE,2.1,-,없음,비 또는 눈 소식이 없어요.,05:14,19:45,2,낮음,햇볕에 민감한 분들은 자외선 차단제를 발라주세요.,나쁨,37,보통,59,보통,87.0,,호흡기가 예민하신 분들은 몸상태 유의하며 활동해주세요.,
2026-05-29T08:40:55.919202+09:00,잠실롯데타워·석촌호수,잠실롯데타워·석촌호수,POI120,KEY_3,2026-05-29 08:40,20.1,28.0,16.0,77,NNE,1.0,-,없음,비 또는 눈 소식이 없어요.,05:14,19:45,2,낮음,햇볕에 민감한 분들은 자외선 차단제를 발라주세요.,보통,27,보통,47,보통,66.0,,호흡기가 예민하신 분들은 몸상태 유의하며 활동해주세요.,
2026-05-29T08:40:55.919202+09:00,창동 신경제 중심지,창동 신경제 중심지,POI079,KEY_4,2026-05-29 08:40,18.0,28.0,15.0,92,N,1.3,-,없음,비 또는 눈 소식이 없어요.,05:14,19:45,2,낮음,햇볕에 민감한 분들은 자외선 차단제를 발라주세요.,보통,25,보통,37,보통,64.0,,호흡기가 예민하신 분들은 몸상태 유의하며 활동해주세요.,
2026-05-29T08:40:55.919202+09:00,청담동 명품거리,청담동 명품거리,POI080,KEY_1,2026-05-29 08:40,20.7,28.0,17.0,73,NE,0.8,-,없음,비 또는 눈 소식이 없어요.,05:14,19:45,2,낮음,햇볕에 민감한 분들은 자외선 차단제를 발라주세요.,나쁨,43,보통,63,보통,90.0,,호흡기가 예민하신 분들은 몸상태 유의하며 활동해주세요.,
2026-05-29T08:40:55.919202+09:00,청량리 제기동 일대 전통시장,청량리 제기동 일대 전통시장,POI081,KEY_2,2026-05-29 08:40,20.6,29.0,17.0,76,NNE,0.5,-,없음,비 또는 눈 소식이 없어요.,05:14,19:45,2,낮음,햇볕에 민감한 분들은 자외선 차단제를 발라주세요.,나쁨,40,보통,54,보통,87.0,,호흡기가 예민하신 분들은 몸상태 유의하며 활동해주세요.,
2026-05-29T08:40:55.919202+09:00,해방촌·경리단길,해방촌·경리단길,POI082,KEY_3,2026-05-29 08:40,20.7,28.0,16.0,73,NE,0.8,-,없음,비 또는 눈 소식이 없어요.,05:14,19:45,2,낮음,햇볕에 민감한 분들은 자외선 차단제를 발라주세요.,나쁨,36,보통,50,보통,74.0,,호흡기가 예민하신 분들은 몸상태 유의하며 활동해주세요.,
2026-05-29T08:40:55.919202+09:00,DDP(동대문디자인플라자),DDP(동대문디자인플라자),POI083,KEY_4,2026-05-29 08:40,18.7,28.0,16.0,84,NNE,2.1,-,없음,비 또는 눈 소식이 없어요.,05:14,19:45,2,낮음,햇볕에 민감한 분들은 자외선 차단제를 발라주세요.,나쁨,37,보통,59,보통,87.0,,호흡기가 예민하신 분들은 몸상태 유의하며 활동해주세요.,
2026-05-29T08:40:55.919202+09:00,DMC(디지털미디어시티),DMC(디지털미디어시티),POI084,KEY_1,2026-05-29 08:40,18.8,29.0,15.0,85,NNE,0.3,-,없음,비 또는 눈 소식이 없어요.,05:14,19:45,2,낮음,햇볕에 민감한 분들은 자외선 차단제를 발라주세요.,나쁨,48,보통,64,보통,92.0,,호흡기가 예민하신 분들은 몸상태 유의하며 활동해주세요.,
2026-05-29T08:40:55.919202+09:00,강남역,강남역,POI014,KEY_3,2026-05-29 08:40,20.4,28.0,15.0,75,E,1.2,-,없음,비 또는 눈 소식이 없어요.,05:14,19:45,2,낮음,햇볕에 민감한 분들은 자외선 차단제를 발라주세요.,나쁨,47,보통,70,나쁨,105.0,,"장기간 또는 무리한 실외활동을 제한합니다.눈, 목 등에 통증이 느껴지고 기침이 난다면 실외활동을 피해주세요.",
2026-05-29T08:40:55.919202+09:00,건대입구역,건대입구역,POI015,KEY_4,2026-05-29 08:40,20.7,28.0,17.0,73,NE,0.8,-,없음,비 또는 눈 소식이 없어요.,05:14,19:45,2,낮음,햇볕에 민감한 분들은 자외선 차단제를 발라주세요.,나쁨,48,보통,63,보통,95.0,,호흡기가 예민하신 분들은 몸상태 유의하며 활동해주세요.,
2026-05-29T08:40:55.919202+09:00,고덕역,고덕역,POI016,KEY_1,2026-05-29 08:40,19.3,28.0,16.0,82,ENE,1.1,-,없음,비 또는 눈 소식이 없어요.,05:14,19:45,2,낮음,햇볕에 민감한 분들은 자외선 차단제를 발라주세요.,나쁨,49,보통,56,보통,97.0,,호흡기가 예민하신 분들은 몸상태 유의하며 활동해주세요.,
2026-05-29T08:40:55.919202+09:00,고속터미널역,고속터미널역,POI017,KEY_2,2026-05-29 08:40,19.4,28.0,15.0,88,SE,0.5,-,없음,비 또는 눈 소식이 없어요.,05:14,19:45,2,낮음,햇볕에 민감한 분들은 자외선 차단제를 발라주세요.,나쁨,47,보통,70,나쁨,105.0,,"장기간 또는 무리한 실외활동을 제한합니다.눈, 목 등에 통증이 느껴지고 기침이 난다면 실외활동을 피해주세요.",
2026-05-29T08:40:55.919202+09:00,교대역,교대역,POI018,KEY_3,2026-05-29 08:40,20.4,28.0,15.0,75,E,1.2,-,없음,비 또는 눈 소식이 없어요.,05:14,19:45,2,낮음,햇볕에 민감한 분들은 자외선 차단제를 발라주세요.,나쁨,47,보통,70,나쁨,105.0,,"장기간 또는 무리한 실외활동을 제한합니다.눈, 목 등에 통증이 느껴지고 기침이 난다면 실외활동을 피해주세요.",
2026-05-29T08:40:55.919202+09:00,구로디지털단지역,구로디지털단지역,POI019,KEY_4,2026-05-29 08:40,19.5,29.0,17.0,79,SE,0.1,-,없음,비 또는 눈 소식이 없어요.,05:14,19:45,2,낮음,햇볕에 민감한 분들은 자외선 차단제를 발라주세요.,나쁨,55,나쁨,83,나쁨,135.0,,"장기간 또는 무리한 실외활동을 제한합니다.눈, 목 등에 통증이 느껴지고 기침이 난다면 실외활동을 피해주세요.",
2026-05-29T08:40:55.919202+09:00,구로역,구로역,POI020,KEY_1,2026-05-29 08:40,19.5,29.0,17.0,79,SE,0.1,-,없음,비 또는 눈 소식이 없어요.,05:14,19:45,2,낮음,햇볕에 민감한 분들은 자외선 차단제를 발라주세요.,나쁨,55,나쁨,83,나쁨,135.0,,"장기간 또는 무리한 실외활동을 제한합니다.눈, 목 등에 통증이 느껴지고 기침이 난다면 실외활동을 피해주세요.",
2026-05-29T08:40:55.919202+09:00,군자역,군자역,POI021,KEY_2,2026-05-29 08:40,20.0,28.0,16.0,76,NNE,2.2,-,없음,비 또는 눈 소식이 없어요.,05:14,19:45,2,낮음,햇볕에 민감한 분들은 자외선 차단제를 발라주세요.,나쁨,48,보통,63,보통,95.0,,호흡기가 예민하신 분들은 몸상태 유의하며 활동해주세요.,
2026-05-29T08:40:55.919202+09:00,대림역,대림역,POI023,KEY_3,2026-05-29 08:40,19.5,29.0,17.0,79,SE,0.1,-,없음,비 또는 눈 소식이 없어요.,05:14,19:45,2,낮음,햇볕에 민감한 분들은 자외선 차단제를 발라주세요.,나쁨,44,보통,73,보통,87.0,,호흡기가 예민하신 분들은 몸상태 유의하며 활동해주세요.,
2026-05-29T08:40:55.919202+09:00,동대문역,동대문역,POI024,KEY_4,2026-05-29 08:40,18.7,28.0,16.0,84,NNE,2.1,-,없음,비 또는 눈 소식이 없어요.,05:14,19:45,2,낮음,햇볕에 민감한 분들은 자외선 차단제를 발라주세요.,나쁨,37,보통,59,보통,87.0,,호흡기가 예민하신 분들은 몸상태 유의하며 활동해주세요.,
2026-05-29T08:40:55.919202+09:00,뚝섬역,뚝섬역,POI025,KEY_1,2026-05-29 08:40,20.7,28.0,17.0,73,NE,0.8,-,없음,비 또는 눈 소식이 없어요.,05:14,19:45,2,낮음,햇볕에 민감한 분들은 자외선 차단제를 발라주세요.,나쁨,36,보통,64,보통,85.0,,호흡기가 예민하신 분들은 몸상태 유의하며 활동해주세요.,
2026-05-29T08:40:55.919202+09:00,미아사거리역,미아사거리역,POI026,KEY_2,2026-05-29 08:40,19.4,28.0,15.0,80,NNE,1.3,-,없음,비 또는 눈 소식이 없어요.,05:14,19:45,2,낮음,햇볕에 민감한 분들은 자외선 차단제를 발라주세요.,보통,20,보통,38,보통,61.0,,호흡기가 예민하신 분들은 몸상태 유의하며 활동해주세요.,
2026-05-29T08:40:55.919202+09:00,발산역,발산역,POI027,KEY_3,2026-05-29 08:40,18.8,29.0,16.0,85,NNE,0.3,-,없음,비 또는 눈 소식이 없어요.,05:14,19:45,2,낮음,햇볕에 민감한 분들은 자외선 차단제를 발라주세요.,나쁨,38,보통,67,보통,90.0,,호흡기가 예민하신 분들은 몸상태 유의하며 활동해주세요.,
2026-05-29T08:40:55.919202+09:00,사당역,사당역,POI029,KEY_4,2026-05-29 08:40,19.4,28.0,15.0,88,SE,0.5,-,없음,비 또는 눈 소식이 없어요.,05:14,19:45,2,낮음,햇볕에 민감한 분들은 자외선 차단제를 발라주세요.,나쁨,47,보통,70,나쁨,105.0,,"장기간 또는 무리한 실외활동을 제한합니다.눈, 목 등에 통증이 느껴지고 기침이 난다면 실외활동을 피해주세요.",
2026-05-29T08:40:55.919202+09:00,삼각지역,삼각지역,POI030,KEY_1,2026-05-29 08:40,20.7,28.0,16.0,73,NE,0.8,-,없음,비 또는 눈 소식이 없어요.,05:14,19:45,2,낮음,햇볕에 민감한 분들은 자외선 차단제를 발라주세요.,나쁨,36,보통,50,보통,74.0,,호흡기가 예민하신 분들은 몸상태 유의하며 활동해주세요.,
2026-05-29T08:40:55.919202+09:00,서울대입구역,서울대입구역,POI031,KEY_2,2026-05-29 08:40,18.9,28.0,16.0,81,E,0.5,-,없음,비 또는 눈 소식이 없어요.,05:14,19:45,2,낮음,햇볕에 민감한 분들은 자외선 차단제를 발라주세요.,보통,33,보통,67,보통,76.0,,호흡기가 예민하신 분들은 몸상태 유의하며 활동해주세요.,
2026-05-29T08:40:55.919202+09:00,서울식물원·마곡나루역,서울식물원·마곡나루역,POI032,KEY_3,2026-05-29 08:40,18.8,29.0,16.0,85,NNE,0.3,-,없음,비 또는 눈 소식이 없어요.,05:14,19:45,2,낮음,햇볕에 민감한 분들은 자외선 차단제를 발라주세요.,나쁨,38,보통,67,보통,90.0,,호흡기가 예민하신 분들은 몸상태 유의하며 활동해주세요.,
2026-05-29T08:40:55.919202+09:00,서울역,서울역,POI033,KEY_4,2026-05-29 08:40,18.7,28.0,16.0,84,NNE,2.1,-,없음,비 또는 눈 소식이 없어요.,05:14,19:45,2,낮음,햇볕에 민감한 분들은 자외선 차단제를 발라주세요.,나쁨,48,보통,66,보통,100.0,,호흡기가 예민하신 분들은 몸상태 유의하며 활동해주세요.,
2026-05-29T08:40:55.919202+09:00,선릉역,선릉역,POI034,KEY_1,2026-05-29 08:40,20.4,28.0,15.0,75,E,1.2,-,없음,비 또는 눈 소식이 없어요.,05:14,19:45,2,낮음,햇볕에 민감한 분들은 자외선 차단제를 발라주세요.,나쁨,43,보통,63,보통,90.0,,호흡기가 예민하신 분들은 몸상태 유의하며 활동해주세요.,
2026-05-29T08:40:55.919202+09:00,성신여대입구역,성신여대입구역,POI035,KEY_2,2026-05-29 08:40,18.7,28.0,16.0,84,NNE,2.1,-,없음,비 또는 눈 소식이 없어요.,05:14,19:45,2,낮음,햇볕에 민감한 분들은 자외선 차단제를 발라주세요.,보통,27,보통,49,보통,74.0,,호흡기가 예민하신 분들은 몸상태 유의하며 활동해주세요.,
2026-05-29T08:40:55.919202+09:00,수유역,수유역,POI036,KEY_3,2026-05-29 08:40,19.4,28.0,15.0,80,NNE,1.3,-,없음,비 또는 눈 소식이 없어요.,05:14,19:45,2,낮음,햇볕에 민감한 분들은 자외선 차단제를 발라주세요.,보통,20,보통,38,보통,61.0,,호흡기가 예민하신 분들은 몸상태 유의하며 활동해주세요.,
2026-05-29T08:40:55.919202+09:00,숭례문,숭례문,POI131,KEY_4,2026-05-29 08:40,18.7,28.0,16.0,84,NNE,2.1,-,없음,비 또는 눈 소식이 없어요.,05:14,19:45,2,낮음,햇볕에 민감한 분들은 자외선 차단제를 발라주세요.,나쁨,48,보통,66,보통,100.0,,호흡기가 예민하신 분들은 몸상태 유의하며 활동해주세요.,
2026-05-29T08:40:55.919202+09:00,시의회 앞,시의회 앞,POI130,KEY_1,2026-05-29 08:40,18.7,28.0,16.0,84,NNE,2.1,-,없음,비 또는 눈 소식이 없어요.,05:14,19:45,2,낮음,햇볕에 민감한 분들은 자외선 차단제를 발라주세요.,나쁨,48,보통,66,보통,100.0,,호흡기가 예민하신 분들은 몸상태 유의하며 활동해주세요.,
2026-05-29T08:40:55.919202+09:00,신논현역·논현역,신논현역·논현역,POI037,KEY_2,2026-05-29 08:40,20.4,28.0,15.0,75,E,1.2,-,없음,비 또는 눈 소식이 없어요.,05:14,19:45,2,낮음,햇볕에 민감한 분들은 자외선 차단제를 발라주세요.,나쁨,43,보통,63,보통,90.0,,호흡기가 예민하신 분들은 몸상태 유의하며 활동해주세요.,
2026-05-29T08:40:55.919202+09:00,신도림역,신도림역,POI038,KEY_3,2026-05-29 08:40,18.9,28.0,16.0,81,E,0.5,-,없음,비 또는 눈 소식이 없어요.,05:14,19:45,2,낮음,햇볕에 민감한 분들은 자외선 차단제를 발라주세요.,나쁨,44,보통,73,보통,87.0,,호흡기가 예민하신 분들은 몸상태 유의하며 활동해주세요.,
2026-05-29T08:40:55.919202+09:00,신림역,신림역,POI039,KEY_4,2026-05-29 08:40,18.9,28.0,16.0,81,E,0.5,-,없음,비 또는 눈 소식이 없어요.,05:14,19:45,2,낮음,햇볕에 민감한 분들은 자외선 차단제를 발라주세요.,보통,33,보통,67,보통,76.0,,호흡기가 예민하신 분들은 몸상태 유의하며 활동해주세요.,
2026-05-29T08:40:55.919202+09:00,신정네거리역,신정네거리역,POI117,KEY_1,2026-05-29 08:40,20.1,29.0,17.0,79,S,0.5,-,없음,비 또는 눈 소식이 없어요.,05:14,19:45,2,낮음,햇볕에 민감한 분들은 자외선 차단제를 발라주세요.,나쁨,45,나쁨,85,보통,90.0,,호흡기가 예민하신 분들은 몸상태 유의하며 활동해주세요.,
2026-05-29T08:40:55.919202+09:00,신촌·이대역,신촌·이대역,POI040,KEY_2,2026-05-29 08:40,20.1,28.0,17.0,81,NE,1.0,-,없음,비 또는 눈 소식이 없어요.,05:14,19:45,2,낮음,햇볕에 민감한 분들은 자외선 차단제를 발라주세요.,나쁨,53,점검중,0,점검중,점검중,,원본 시스템 서비스 점검중입니다.,
2026-05-29T08:40:55.919202+09:00,쌍문역,쌍문역,POI070,KEY_3,2026-05-29 08:40,19.4,28.0,15.0,80,NNE,1.3,-,없음,비 또는 눈 소식이 없어요.,05:14,19:45,2,낮음,햇볕에 민감한 분들은 자외선 차단제를 발라주세요.,보통,23,보통,38,보통,69.0,,호흡기가 예민하신 분들은 몸상태 유의하며 활동해주세요.,
2026-05-29T08:40:55.919202+09:00,양재역,양재역,POI041,KEY_4,2026-05-29 08:40,20.4,28.0,15.0,75,E,1.2,-,없음,비 또는 눈 소식이 없어요.,05:14,19:45,2,낮음,햇볕에 민감한 분들은 자외선 차단제를 발라주세요.,나쁨,47,보통,70,나쁨,105.0,,"장기간 또는 무리한 실외활동을 제한합니다.눈, 목 등에 통증이 느껴지고 기침이 난다면 실외활동을 피해주세요.",
2026-05-29T08:40:55.919202+09:00,역삼역,역삼역,POI042,KEY_1,2026-05-29 08:40,20.4,28.0,15.0,75,E,1.2,-,없음,비 또는 눈 소식이 없어요.,05:14,19:45,2,낮음,햇볕에 민감한 분들은 자외선 차단제를 발라주세요.,나쁨,43,보통,63,보통,90.0,,호흡기가 예민하신 분들은 몸상태 유의하며 활동해주세요.,
2026-05-29T08:40:55.919202+09:00,연신내역,연신내역,POI043,KEY_2,2026-05-29 08:40,18.2,28.0,14.0,84,S,0.5,-,없음,비 또는 눈 소식이 없어요.,05:14,19:45,2,낮음,햇볕에 민감한 분들은 자외선 차단제를 발라주세요.,나쁨,46,보통,58,보통,92.0,,호흡기가 예민하신 분들은 몸상태 유의하며 활동해주세요.,
2026-05-29T08:40:55.919202+09:00,오목교역·목동운동장,오목교역·목동운동장,POI044,KEY_3,2026-05-29 08:40,20.1,29.0,17.0,79,S,0.5,-,없음,비 또는 눈 소식이 없어요.,05:14,19:45,2,낮음,햇볕에 민감한 분들은 자외선 차단제를 발라주세요.,나쁨,45,나쁨,85,보통,90.0,,호흡기가 예민하신 분들은 몸상태 유의하며 활동해주세요.,
2026-05-29T08:40:55.919202+09:00,왕십리역,왕십리역,POI045,KEY_4,2026-05-29 08:40,20.6,29.0,17.0,76,NNE,0.5,-,없음,비 또는 눈 소식이 없어요.,05:14,19:45,2,낮음,햇볕에 민감한 분들은 자외선 차단제를 발라주세요.,나쁨,36,보통,64,보통,85.0,,호흡기가 예민하신 분들은 몸상태 유의하며 활동해주세요.,
2026-05-29T08:40:55.919202+09:00,용산역,용산역,POI046,KEY_1,2026-05-29 08:40,20.1,28.0,17.0,81,NE,1.0,-,없음,비 또는 눈 소식이 없어요.,05:14,19:45,2,낮음,햇볕에 민감한 분들은 자외선 차단제를 발라주세요.,나쁨,36,보통,50,보통,74.0,,호흡기가 예민하신 분들은 몸상태 유의하며 활동해주세요.,
2026-05-29T08:40:55.919202+09:00,이태원역,이태원역,POI047,KEY_2,2026-05-29 08:40,20.7,28.0,16.0,73,NE,0.8,-,없음,비 또는 눈 소식이 없어요.,05:14,19:45,2,낮음,햇볕에 민감한 분들은 자외선 차단제를 발라주세요.,나쁨,36,보통,50,보통,74.0,,호흡기가 예민하신 분들은 몸상태 유의하며 활동해주세요.,
2026-05-29T08:40:55.919202+09:00,잠실새내역,잠실새내역,POI118,KEY_3,2026-05-29 08:40,20.4,29.0,16.0,75,NE,0.9,-,없음,비 또는 눈 소식이 없어요.,05:14,19:45,2,낮음,햇볕에 민감한 분들은 자외선 차단제를 발라주세요.,보통,27,보통,47,보통,66.0,,호흡기가 예민하신 분들은 몸상태 유의하며 활동해주세요.,
2026-05-29T08:40:55.919202+09:00,잠실역,잠실역,POI119,KEY_4,2026-05-29 08:40,20.1,28.0,16.0,77,NNE,1.0,-,없음,비 또는 눈 소식이 없어요.,05:14,19:45,2,낮음,햇볕에 민감한 분들은 자외선 차단제를 발라주세요.,보통,27,보통,47,보통,66.0,,호흡기가 예민하신 분들은 몸상태 유의하며 활동해주세요.,
2026-05-29T08:40:55.919202+09:00,장지역,장지역,POI048,KEY_1,2026-05-29 08:40,20.4,29.0,16.0,75,NE,0.9,-,없음,비 또는 눈 소식이 없어요.,05:14,19:45,2,낮음,햇볕에 민감한 분들은 자외선 차단제를 발라주세요.,보통,27,보통,47,보통,66.0,,호흡기가 예민하신 분들은 몸상태 유의하며 활동해주세요.,
2026-05-29T08:40:55.919202+09:00,장한평역,장한평역,POI049,KEY_2,2026-05-29 08:40,20.6,29.0,17.0,76,NNE,0.5,-,없음,비 또는 눈 소식이 없어요.,05:14,19:45,2,낮음,햇볕에 민감한 분들은 자외선 차단제를 발라주세요.,나쁨,40,보통,54,보통,87.0,,호흡기가 예민하신 분들은 몸상태 유의하며 활동해주세요.,
2026-05-29T08:40:55.919202+09:00,천호역,천호역,POI050,KEY_3,2026-05-29 08:40,20.1,28.0,16.0,77,NNE,1.0,-,없음,비 또는 눈 소식이 없어요.,05:14,19:45,2,낮음,햇볕에 민감한 분들은 자외선 차단제를 발라주세요.,나쁨,49,보통,56,보통,97.0,,호흡기가 예민하신 분들은 몸상태 유의하며 활동해주세요.,
2026-05-29T08:40:55.919202+09:00,총신대입구(이수)역,총신대입구(이수)역,POI051,KEY_4,2026-05-29 08:40,19.4,28.0,15.0,88,SE,0.5,-,없음,비 또는 눈 소식이 없어요.,05:14,19:45,2,낮음,햇볕에 민감한 분들은 자외선 차단제를 발라주세요.,나쁨,48,보통,69,보통,95.0,,호흡기가 예민하신 분들은 몸상태 유의하며 활동해주세요.,
2026-05-29T08:40:55.919202+09:00,충정로역,충정로역,POI052,KEY_1,2026-05-29 08:40,20.1,28.0,17.0,81,NE,1.0,-,없음,비 또는 눈 소식이 없어요.,05:14,19:45,2,낮음,햇볕에 민감한 분들은 자외선 차단제를 발라주세요.,나쁨,53,점검중,0,점검중,점검중,,원본 시스템 서비스 점검중입니다.,
2026-05-29T08:40:55.919202+09:00,합정역,합정역,POI053,KEY_2,2026-05-29 08:40,20.1,28.0,17.0,81,NE,1.0,-,없음,비 또는 눈 소식이 없어요.,05:14,19:45,2,낮음,햇볕에 민감한 분들은 자외선 차단제를 발라주세요.,나쁨,48,보통,64,보통,92.0,,호흡기가 예민하신 분들은 몸상태 유의하며 활동해주세요.,
2026-05-29T08:40:55.919202+09:00,혜화역,혜화역,POI054,KEY_3,2026-05-29 08:40,18.7,28.0,16.0,84,NNE,2.1,-,없음,비 또는 눈 소식이 없어요.,05:14,19:45,2,낮음,햇볕에 민감한 분들은 자외선 차단제를 발라주세요.,나쁨,37,보통,59,보통,87.0,,호흡기가 예민하신 분들은 몸상태 유의하며 활동해주세요.,
2026-05-29T08:40:55.919202+09:00,홍대입구역(2호선),홍대입구역(2호선),POI055,KEY_4,2026-05-29 08:40,18.4,28.0,15.0,88,SSE,0.5,-,없음,비 또는 눈 소식이 없어요.,05:14,19:45,2,낮음,햇볕에 민감한 분들은 자외선 차단제를 발라주세요.,나쁨,48,보통,64,보통,92.0,,호흡기가 예민하신 분들은 몸상태 유의하며 활동해주세요.,
2026-05-29T08:40:55.919202+09:00,회기역,회기역,POI056,KEY_1,2026-05-29 08:40,20.6,29.0,17.0,76,NNE,0.5,-,없음,비 또는 눈 소식이 없어요.,05:14,19:45,2,낮음,햇볕에 민감한 분들은 자외선 차단제를 발라주세요.,나쁨,40,보통,54,보통,87.0,,호흡기가 예민하신 분들은 몸상태 유의하며 활동해주세요.,
2026-05-29T10:18:51.047201+09:00,경복궁,경복궁,POI008,KEY_1,2026-05-29 10:10,22.7,28.0,16.0,67,SE,2.2,-,없음,비 또는 눈 소식이 없어요.,05:14,19:45,5,보통,2-3시간 햇볕에 노출 시 피부 화상을 입을 수 있어요.외출시 모자나 선글라스를 착용해주세요.자외선 차단제를 발라주세요.,보통,29,보통,39,보통,90.0,,호흡기가 예민하신 분들은 몸상태 유의하며 활동해주세요.,
2026-05-29T10:18:51.047201+09:00,광화문·덕수궁,광화문·덕수궁,POI009,KEY_2,2026-05-29 10:10,22.7,28.0,16.0,67,SE,2.2,-,없음,비 또는 눈 소식이 없어요.,05:14,19:45,5,보통,2-3시간 햇볕에 노출 시 피부 화상을 입을 수 있어요.외출시 모자나 선글라스를 착용해주세요.자외선 차단제를 발라주세요.,보통,29,보통,39,보통,90.0,,호흡기가 예민하신 분들은 몸상태 유의하며 활동해주세요.,
2026-05-29T10:18:51.047201+09:00,보신각,보신각,POI010,KEY_3,2026-05-29 10:10,22.7,28.0,16.0,67,SE,2.2,-,없음,비 또는 눈 소식이 없어요.,05:14,19:45,5,보통,2-3시간 햇볕에 노출 시 피부 화상을 입을 수 있어요.외출시 모자나 선글라스를 착용해주세요.자외선 차단제를 발라주세요.,보통,29,보통,39,보통,90.0,,호흡기가 예민하신 분들은 몸상태 유의하며 활동해주세요.,
2026-05-29T10:18:51.047201+09:00,서울 암사동 유적,서울 암사동 유적,POI011,KEY_4,2026-05-29 10:10,23.8,29.0,15.0,60,SSE,0.9,-,없음,비 또는 눈 소식이 없어요.,05:14,19:45,5,보통,2-3시간 햇볕에 노출 시 피부 화상을 입을 수 있어요.외출시 모자나 선글라스를 착용해주세요.자외선 차단제를 발라주세요.,보통,32,보통,50,보통,100.0,,호흡기가 예민하신 분들은 몸상태 유의하며 활동해주세요.,
2026-05-29T10:18:51.047201+09:00,창덕궁·종묘,창덕궁·종묘,POI012,KEY_1,2026-05-29 10:10,22.7,28.0,16.0,67,SE,2.2,-,없음,비 또는 눈 소식이 없어요.,05:14,19:45,5,보통,2-3시간 햇볕에 노출 시 피부 화상을 입을 수 있어요.외출시 모자나 선글라스를 착용해주세요.자외선 차단제를 발라주세요.,보통,29,보통,39,보통,90.0,,호흡기가 예민하신 분들은 몸상태 유의하며 활동해주세요.,
2026-05-29T10:18:51.047201+09:00,강남 MICE 관광특구,강남 MICE 관광특구,POI001,KEY_2,2026-05-29 10:10,23.9,28.0,15.0,58,NNE,1.1,-,없음,비 또는 눈 소식이 없어요.,05:14,19:45,5,보통,2-3시간 햇볕에 노출 시 피부 화상을 입을 수 있어요.외출시 모자나 선글라스를 착용해주세요.자외선 차단제를 발라주세요.,보통,32,보통,50,보통,90.0,,호흡기가 예민하신 분들은 몸상태 유의하며 활동해주세요.,
2026-05-29T10:18:51.047201+09:00,동대문 관광특구,동대문 관광특구,POI002,KEY_3,2026-05-29 10:10,22.7,28.0,16.0,67,SE,2.2,-,없음,비 또는 눈 소식이 없어요.,05:14,19:45,5,보통,2-3시간 햇볕에 노출 시 피부 화상을 입을 수 있어요.외출시 모자나 선글라스를 착용해주세요.자외선 차단제를 발라주세요.,보통,29,보통,39,보통,90.0,,호흡기가 예민하신 분들은 몸상태 유의하며 활동해주세요.,
2026-05-29T10:18:51.047201+09:00,명동 관광특구,명동 관광특구,POI003,KEY_4,2026-05-29 10:10,22.7,28.0,16.0,67,SE,2.2,-,없음,비 또는 눈 소식이 없어요.,05:14,19:45,5,보통,2-3시간 햇볕에 노출 시 피부 화상을 입을 수 있어요.외출시 모자나 선글라스를 착용해주세요.자외선 차단제를 발라주세요.,보통,30,보통,43,나쁨,101.0,,"장기간 또는 무리한 실외활동을 제한합니다.눈, 목 등에 통증이 느껴지고 기침이 난다면 실외활동을 피해주세요.",
2026-05-29T10:18:51.047201+09:00,이태원 관광특구,이태원 관광특구,POI004,KEY_1,2026-05-29 10:10,22.7,28.0,16.0,61,ESE,2.5,-,없음,비 또는 눈 소식이 없어요.,05:14,19:45,5,보통,2-3시간 햇볕에 노출 시 피부 화상을 입을 수 있어요.외출시 모자나 선글라스를 착용해주세요.자외선 차단제를 발라주세요.,보통,34,보통,65,보통,82.0,,호흡기가 예민하신 분들은 몸상태 유의하며 활동해주세요.,
2026-05-29T10:18:51.047201+09:00,잠실 관광특구,잠실 관광특구,POI005,KEY_2,2026-05-29 10:10,24.7,28.0,16.0,59,ENE,1.0,-,없음,비 또는 눈 소식이 없어요.,05:14,19:45,5,보통,2-3시간 햇볕에 노출 시 피부 화상을 입을 수 있어요.외출시 모자나 선글라스를 착용해주세요.자외선 차단제를 발라주세요.,나쁨,36,보통,42,보통,74.0,,호흡기가 예민하신 분들은 몸상태 유의하며 활동해주세요.,
2026-05-29T10:18:51.047201+09:00,종로·청계 관광특구,종로·청계 관광특구,POI006,KEY_3,2026-05-29 10:10,22.7,28.0,16.0,67,SE,2.2,-,없음,비 또는 눈 소식이 없어요.,05:14,19:45,5,보통,2-3시간 햇볕에 노출 시 피부 화상을 입을 수 있어요.외출시 모자나 선글라스를 착용해주세요.자외선 차단제를 발라주세요.,보통,29,보통,39,보통,90.0,,호흡기가 예민하신 분들은 몸상태 유의하며 활동해주세요.,
2026-05-29T10:18:51.047201+09:00,홍대 관광특구,홍대 관광특구,POI007,KEY_4,2026-05-29 10:10,22.4,28.0,17.0,72,S,2.1,-,없음,비 또는 눈 소식이 없어요.,05:14,19:45,5,보통,2-3시간 햇볕에 노출 시 피부 화상을 입을 수 있어요.외출시 모자나 선글라스를 착용해주세요.자외선 차단제를 발라주세요.,보통,33,보통,64,보통,97.0,,호흡기가 예민하신 분들은 몸상태 유의하며 활동해주세요.,
2026-05-29T10:18:51.047201+09:00,강서한강공원,강서한강공원,POI085,KEY_1,2026-05-29 10:10,24.2,29.0,16.0,64,SE,1.2,-,없음,비 또는 눈 소식이 없어요.,05:14,19:45,5,보통,2-3시간 햇볕에 노출 시 피부 화상을 입을 수 있어요.외출시 모자나 선글라스를 착용해주세요.자외선 차단제를 발라주세요.,나쁨,38,보통,64,보통,95.0,,호흡기가 예민하신 분들은 몸상태 유의하며 활동해주세요.,
2026-05-29T10:18:51.047201+09:00,고척돔,고척돔,POI086,KEY_2,2026-05-29 10:10,23.3,29.0,17.0,64,ESE,1.4,-,없음,비 또는 눈 소식이 없어요.,05:14,19:45,5,보통,2-3시간 햇볕에 노출 시 피부 화상을 입을 수 있어요.외출시 모자나 선글라스를 착용해주세요.자외선 차단제를 발라주세요.,나쁨,52,보통,68,나쁨,139.0,,"장기간 또는 무리한 실외활동을 제한합니다.눈, 목 등에 통증이 느껴지고 기침이 난다면 실외활동을 피해주세요.",
2026-05-29T10:18:51.047201+09:00,광나루한강공원,광나루한강공원,POI087,KEY_3,2026-05-29 10:10,24.7,28.0,16.0,59,ENE,1.0,-,없음,비 또는 눈 소식이 없어요.,05:14,19:45,5,보통,2-3시간 햇볕에 노출 시 피부 화상을 입을 수 있어요.외출시 모자나 선글라스를 착용해주세요.자외선 차단제를 발라주세요.,보통,32,보통,50,보통,100.0,,호흡기가 예민하신 분들은 몸상태 유의하며 활동해주세요.,
2026-05-29T10:18:51.047201+09:00,광화문광장,광화문광장,POI088,KEY_4,2026-05-29 10:10,22.7,28.0,16.0,67,SE,2.2,-,없음,비 또는 눈 소식이 없어요.,05:14,19:45,5,보통,2-3시간 햇볕에 노출 시 피부 화상을 입을 수 있어요.외출시 모자나 선글라스를 착용해주세요.자외선 차단제를 발라주세요.,보통,29,보통,39,보통,90.0,,호흡기가 예민하신 분들은 몸상태 유의하며 활동해주세요.,
2026-05-29T10:18:51.047201+09:00,국립중앙박물관·용산가족공원,국립중앙박물관·용산가족공원,POI089,KEY_1,2026-05-29 10:10,22.7,28.0,16.0,61,ESE,2.5,-,없음,비 또는 눈 소식이 없어요.,05:14,19:45,5,보통,2-3시간 햇볕에 노출 시 피부 화상을 입을 수 있어요.외출시 모자나 선글라스를 착용해주세요.자외선 차단제를 발라주세요.,보통,34,보통,65,보통,82.0,,호흡기가 예민하신 분들은 몸상태 유의하며 활동해주세요.,
2026-05-29T10:18:51.047201+09:00,난지한강공원,난지한강공원,POI090,KEY_2,2026-05-29 10:10,24.2,29.0,15.0,64,SE,1.2,-,없음,비 또는 눈 소식이 없어요.,05:14,19:45,5,보통,2-3시간 햇볕에 노출 시 피부 화상을 입을 수 있어요.외출시 모자나 선글라스를 착용해주세요.자외선 차단제를 발라주세요.,나쁨,38,보통,64,보통,95.0,,호흡기가 예민하신 분들은 몸상태 유의하며 활동해주세요.,
2026-05-29T10:18:51.047201+09:00,남산공원,남산공원,POI091,KEY_3,2026-05-29 10:10,22.7,28.0,16.0,67,SE,2.2,-,없음,비 또는 눈 소식이 없어요.,05:14,19:45,5,보통,2-3시간 햇볕에 노출 시 피부 화상을 입을 수 있어요.외출시 모자나 선글라스를 착용해주세요.자외선 차단제를 발라주세요.,보통,30,보통,43,나쁨,101.0,,"장기간 또는 무리한 실외활동을 제한합니다.눈, 목 등에 통증이 느껴지고 기침이 난다면 실외활동을 피해주세요.",
2026-05-29T10:18:51.047201+09:00,노들섬,노들섬,POI092,KEY_4,2026-05-29 10:10,22.4,28.0,17.0,72,S,2.1,-,없음,비 또는 눈 소식이 없어요.,05:14,19:45,5,보통,2-3시간 햇볕에 노출 시 피부 화상을 입을 수 있어요.외출시 모자나 선글라스를 착용해주세요.자외선 차단제를 발라주세요.,보통,34,보통,65,보통,82.0,,호흡기가 예민하신 분들은 몸상태 유의하며 활동해주세요.,
2026-05-29T10:18:51.047201+09:00,뚝섬한강공원,뚝섬한강공원,POI093,KEY_1,2026-05-29 10:10,22.7,28.0,17.0,61,ESE,2.5,-,없음,비 또는 눈 소식이 없어요.,05:14,19:45,5,보통,2-3시간 햇볕에 노출 시 피부 화상을 입을 수 있어요.외출시 모자나 선글라스를 착용해주세요.자외선 차단제를 발라주세요.,보통,25,보통,41,보통,95.0,,호흡기가 예민하신 분들은 몸상태 유의하며 활동해주세요.,
2026-05-29T10:18:51.047201+09:00,망원한강공원,망원한강공원,POI094,KEY_2,2026-05-29 10:10,22.4,28.0,17.0,72,S,2.1,-,없음,비 또는 눈 소식이 없어요.,05:14,19:45,5,보통,2-3시간 햇볕에 노출 시 피부 화상을 입을 수 있어요.외출시 모자나 선글라스를 착용해주세요.자외선 차단제를 발라주세요.,보통,33,보통,64,보통,97.0,,호흡기가 예민하신 분들은 몸상태 유의하며 활동해주세요.,
2026-05-29T10:18:51.047201+09:00,반포한강공원,반포한강공원,POI095,KEY_3,2026-05-29 10:10,22.7,28.0,16.0,61,ESE,2.5,-,없음,비 또는 눈 소식이 없어요.,05:14,19:45,5,보통,2-3시간 햇볕에 노출 시 피부 화상을 입을 수 있어요.외출시 모자나 선글라스를 착용해주세요.자외선 차단제를 발라주세요.,보통,34,보통,65,보통,82.0,,호흡기가 예민하신 분들은 몸상태 유의하며 활동해주세요.,
2026-05-29T10:18:51.047201+09:00,보라매공원,보라매공원,POI123,KEY_4,2026-05-29 10:10,22.8,28.0,16.0,59,SE,1.2,-,없음,비 또는 눈 소식이 없어요.,05:14,19:45,5,보통,2-3시간 햇볕에 노출 시 피부 화상을 입을 수 있어요.외출시 모자나 선글라스를 착용해주세요.자외선 차단제를 발라주세요.,나쁨,36,보통,54,보통,100.0,,호흡기가 예민하신 분들은 몸상태 유의하며 활동해주세요.,
2026-05-29T10:18:51.047201+09:00,북서울꿈의숲,북서울꿈의숲,POI096,KEY_1,2026-05-29 10:10,23.8,28.0,15.0,54,NNE,0.9,-,없음,비 또는 눈 소식이 없어요.,05:14,19:45,5,보통,2-3시간 햇볕에 노출 시 피부 화상을 입을 수 있어요.외출시 모자나 선글라스를 착용해주세요.자외선 차단제를 발라주세요.,보통,18,보통,40,보통,62.0,,호흡기가 예민하신 분들은 몸상태 유의하며 활동해주세요.,
2026-05-29T10:18:51.047201+09:00,서대문독립공원,서대문독립공원,POI124,KEY_2,2026-05-29 10:10,22.7,28.0,16.0,67,SE,2.2,-,없음,비 또는 눈 소식이 없어요.,05:14,19:45,5,보통,2-3시간 햇볕에 노출 시 피부 화상을 입을 수 있어요.외출시 모자나 선글라스를 착용해주세요.자외선 차단제를 발라주세요.,보통,29,보통,39,보통,90.0,,호흡기가 예민하신 분들은 몸상태 유의하며 활동해주세요.,
2026-05-29T10:18:51.047201+09:00,서리풀공원·몽마르뜨공원,서리풀공원·몽마르뜨공원,POI098,KEY_3,2026-05-29 10:10,23.5,28.0,15.0,70,NNE,1.5,-,없음,비 또는 눈 소식이 없어요.,05:14,19:45,5,보통,2-3시간 햇볕에 노출 시 피부 화상을 입을 수 있어요.외출시 모자나 선글라스를 착용해주세요.자외선 차단제를 발라주세요.,나쁨,41,보통,58,나쁨,109.0,,"장기간 또는 무리한 실외활동을 제한합니다.눈, 목 등에 통증이 느껴지고 기침이 난다면 실외활동을 피해주세요.",
2026-05-29T10:18:51.047201+09:00,서울숲공원,서울숲공원,POI101,KEY_1,2026-05-29 10:10,22.7,28.0,17.0,61,ESE,2.5,-,없음,비 또는 눈 소식이 없어요.,05:14,19:45,5,보통,2-3시간 햇볕에 노출 시 피부 화상을 입을 수 있어요.외출시 모자나 선글라스를 착용해주세요.자외선 차단제를 발라주세요.,보통,30,보통,46,보통,85.0,,호흡기가 예민하신 분들은 몸상태 유의하며 활동해주세요.,
2026-05-29T10:18:51.047201+09:00,송현녹지광장,송현녹지광장,POI129,KEY_2,2026-05-29 10:10,22.7,28.0,16.0,67,SE,2.2,-,없음,비 또는 눈 소식이 없어요.,05:14,19:45,5,보통,2-3시간 햇볕에 노출 시 피부 화상을 입을 수 있어요.외출시 모자나 선글라스를 착용해주세요.자외선 차단제를 발라주세요.,보통,29,보통,39,보통,90.0,,호흡기가 예민하신 분들은 몸상태 유의하며 활동해주세요.,
2026-05-29T10:18:51.047201+09:00,아차산,아차산,POI102,KEY_3,2026-05-29 10:10,23.7,28.0,16.0,51,SE,1.9,-,없음,비 또는 눈 소식이 없어요.,05:14,19:45,5,보통,2-3시간 햇볕에 노출 시 피부 화상을 입을 수 있어요.외출시 모자나 선글라스를 착용해주세요.자외선 차단제를 발라주세요.,보통,25,보통,41,보통,95.0,,호흡기가 예민하신 분들은 몸상태 유의하며 활동해주세요.,
2026-05-29T10:18:51.047201+09:00,안양천,안양천,POI125,KEY_4,2026-05-29 10:10,22.7,29.0,17.0,63,S,2.1,-,없음,비 또는 눈 소식이 없어요.,05:14,19:45,5,보통,2-3시간 햇볕에 노출 시 피부 화상을 입을 수 있어요.외출시 모자나 선글라스를 착용해주세요.자외선 차단제를 발라주세요.,나쁨,40,보통,70,보통,97.0,,호흡기가 예민하신 분들은 몸상태 유의하며 활동해주세요.,
2026-05-29T10:18:51.047201+09:00,양화한강공원,양화한강공원,POI103,KEY_1,2026-05-29 10:10,22.7,29.0,17.0,63,S,2.1,-,없음,비 또는 눈 소식이 없어요.,05:14,19:45,5,보통,2-3시간 햇볕에 노출 시 피부 화상을 입을 수 있어요.외출시 모자나 선글라스를 착용해주세요.자외선 차단제를 발라주세요.,보통,34,보통,48,보통,92.0,,호흡기가 예민하신 분들은 몸상태 유의하며 활동해주세요.,
2026-05-29T10:18:51.047201+09:00,어린이대공원,어린이대공원,POI104,KEY_2,2026-05-29 10:10,24.7,28.0,16.0,59,ENE,1.0,-,없음,비 또는 눈 소식이 없어요.,05:14,19:45,5,보통,2-3시간 햇볕에 노출 시 피부 화상을 입을 수 있어요.외출시 모자나 선글라스를 착용해주세요.자외선 차단제를 발라주세요.,보통,25,보통,41,보통,95.0,,호흡기가 예민하신 분들은 몸상태 유의하며 활동해주세요.,
2026-05-29T10:18:51.047201+09:00,여의도한강공원,여의도한강공원,POI105,KEY_3,2026-05-29 10:10,22.4,28.0,17.0,72,S,2.1,-,없음,비 또는 눈 소식이 없어요.,05:14,19:45,5,보통,2-3시간 햇볕에 노출 시 피부 화상을 입을 수 있어요.외출시 모자나 선글라스를 착용해주세요.자외선 차단제를 발라주세요.,보통,34,보통,48,보통,92.0,,호흡기가 예민하신 분들은 몸상태 유의하며 활동해주세요.,
2026-05-29T10:18:51.047201+09:00,여의서로,여의서로,POI126,KEY_4,2026-05-29 10:10,22.4,28.0,17.0,72,S,2.1,-,없음,비 또는 눈 소식이 없어요.,05:14,19:45,5,보통,2-3시간 햇볕에 노출 시 피부 화상을 입을 수 있어요.외출시 모자나 선글라스를 착용해주세요.자외선 차단제를 발라주세요.,보통,34,보통,48,보통,92.0,,호흡기가 예민하신 분들은 몸상태 유의하며 활동해주세요.,
2026-05-29T10:18:51.047201+09:00,올림픽공원,올림픽공원,POI127,KEY_1,2026-05-29 10:10,24.7,28.0,16.0,59,ENE,1.0,-,없음,비 또는 눈 소식이 없어요.,05:14,19:45,5,보통,2-3시간 햇볕에 노출 시 피부 화상을 입을 수 있어요.외출시 모자나 선글라스를 착용해주세요.자외선 차단제를 발라주세요.,나쁨,36,보통,42,보통,74.0,,호흡기가 예민하신 분들은 몸상태 유의하며 활동해주세요.,
2026-05-29T10:18:51.047201+09:00,월드컵공원,월드컵공원,POI106,KEY_2,2026-05-29 10:10,24.2,29.0,15.0,64,SE,1.2,-,없음,비 또는 눈 소식이 없어요.,05:14,19:45,5,보통,2-3시간 햇볕에 노출 시 피부 화상을 입을 수 있어요.외출시 모자나 선글라스를 착용해주세요.자외선 차단제를 발라주세요.,보통,33,보통,64,보통,97.0,,호흡기가 예민하신 분들은 몸상태 유의하며 활동해주세요.,
2026-05-29T10:18:51.047201+09:00,응봉산,응봉산,POI107,KEY_3,2026-05-29 10:10,22.7,28.0,17.0,61,ESE,2.5,-,없음,비 또는 눈 소식이 없어요.,05:14,19:45,5,보통,2-3시간 햇볕에 노출 시 피부 화상을 입을 수 있어요.외출시 모자나 선글라스를 착용해주세요.자외선 차단제를 발라주세요.,보통,30,보통,46,보통,85.0,,호흡기가 예민하신 분들은 몸상태 유의하며 활동해주세요.,
2026-05-29T10:18:51.047201+09:00,이촌한강공원,이촌한강공원,POI108,KEY_4,2026-05-29 10:10,22.7,28.0,16.0,61,ESE,2.5,-,없음,비 또는 눈 소식이 없어요.,05:14,19:45,5,보통,2-3시간 햇볕에 노출 시 피부 화상을 입을 수 있어요.외출시 모자나 선글라스를 착용해주세요.자외선 차단제를 발라주세요.,보통,34,보통,65,보통,82.0,,호흡기가 예민하신 분들은 몸상태 유의하며 활동해주세요.,
2026-05-29T10:18:51.047201+09:00,잠실종합운동장,잠실종합운동장,POI109,KEY_1,2026-05-29 10:10,23.2,29.0,16.0,61,SE,1.4,-,없음,비 또는 눈 소식이 없어요.,05:14,19:45,5,보통,2-3시간 햇볕에 노출 시 피부 화상을 입을 수 있어요.외출시 모자나 선글라스를 착용해주세요.자외선 차단제를 발라주세요.,나쁨,36,보통,42,보통,74.0,,호흡기가 예민하신 분들은 몸상태 유의하며 활동해주세요.,
2026-05-29T10:18:51.047201+09:00,잠실한강공원,잠실한강공원,POI110,KEY_2,2026-05-29 10:10,24.7,28.0,16.0,59,ENE,1.0,-,없음,비 또는 눈 소식이 없어요.,05:14,19:45,5,보통,2-3시간 햇볕에 노출 시 피부 화상을 입을 수 있어요.외출시 모자나 선글라스를 착용해주세요.자외선 차단제를 발라주세요.,보통,25,보통,41,보통,95.0,,호흡기가 예민하신 분들은 몸상태 유의하며 활동해주세요.,
2026-05-29T10:18:51.047201+09:00,잠원한강공원,잠원한강공원,POI111,KEY_3,2026-05-29 10:10,22.7,28.0,17.0,61,ESE,2.5,-,없음,비 또는 눈 소식이 없어요.,05:14,19:45,5,보통,2-3시간 햇볕에 노출 시 피부 화상을 입을 수 있어요.외출시 모자나 선글라스를 착용해주세요.자외선 차단제를 발라주세요.,보통,32,보통,50,보통,90.0,,호흡기가 예민하신 분들은 몸상태 유의하며 활동해주세요.,
2026-05-29T10:18:51.047201+09:00,청계산,청계산,POI112,KEY_4,2026-05-29 10:10,23.2,27.0,14.0,60,NE,1.2,-,없음,비 또는 눈 소식이 없어요.,05:14,19:45,5,보통,2-3시간 햇볕에 노출 시 피부 화상을 입을 수 있어요.외출시 모자나 선글라스를 착용해주세요.자외선 차단제를 발라주세요.,나쁨,41,보통,58,나쁨,109.0,,"장기간 또는 무리한 실외활동을 제한합니다.눈, 목 등에 통증이 느껴지고 기침이 난다면 실외활동을 피해주세요.",
2026-05-29T10:18:51.047201+09:00,홍제폭포,홍제폭포,POI128,KEY_1,2026-05-29 10:10,23.3,28.0,15.0,69,SSE,0.5,-,없음,비 또는 눈 소식이 없어요.,05:14,19:45,5,보통,2-3시간 햇볕에 노출 시 피부 화상을 입을 수 있어요.외출시 모자나 선글라스를 착용해주세요.자외선 차단제를 발라주세요.,보통,30,보통,46,점검중,점검중,,원본 시스템 서비스 점검중입니다.,
2026-05-29T10:18:51.047201+09:00,가락시장,가락시장,POI058,KEY_2,2026-05-29 10:10,23.2,29.0,16.0,61,SE,1.4,-,없음,비 또는 눈 소식이 없어요.,05:14,19:45,5,보통,2-3시간 햇볕에 노출 시 피부 화상을 입을 수 있어요.외출시 모자나 선글라스를 착용해주세요.자외선 차단제를 발라주세요.,나쁨,36,보통,42,보통,74.0,,호흡기가 예민하신 분들은 몸상태 유의하며 활동해주세요.,
2026-05-29T10:18:51.047201+09:00,가로수길,가로수길,POI059,KEY_3,2026-05-29 10:10,22.7,28.0,17.0,61,ESE,2.5,-,없음,비 또는 눈 소식이 없어요.,05:14,19:45,5,보통,2-3시간 햇볕에 노출 시 피부 화상을 입을 수 있어요.외출시 모자나 선글라스를 착용해주세요.자외선 차단제를 발라주세요.,보통,32,보통,50,보통,90.0,,호흡기가 예민하신 분들은 몸상태 유의하며 활동해주세요.,
2026-05-29T10:18:51.047201+09:00,광장(전통)시장,광장(전통)시장,POI060,KEY_4,2026-05-29 10:10,22.7,28.0,16.0,67,SE,2.2,-,없음,비 또는 눈 소식이 없어요.,05:14,19:45,5,보통,2-3시간 햇볕에 노출 시 피부 화상을 입을 수 있어요.외출시 모자나 선글라스를 착용해주세요.자외선 차단제를 발라주세요.,보통,29,보통,39,보통,90.0,,호흡기가 예민하신 분들은 몸상태 유의하며 활동해주세요.,
2026-05-29T10:18:51.047201+09:00,김포공항,김포공항,POI061,KEY_1,2026-05-29 10:10,24.2,29.0,16.0,64,SE,1.2,-,없음,비 또는 눈 소식이 없어요.,05:14,19:45,5,보통,2-3시간 햇볕에 노출 시 피부 화상을 입을 수 있어요.외출시 모자나 선글라스를 착용해주세요.자외선 차단제를 발라주세요.,나쁨,38,보통,64,보통,95.0,,호흡기가 예민하신 분들은 몸상태 유의하며 활동해주세요.,
2026-05-29T10:18:51.047201+09:00,남대문시장,남대문시장,POI115,KEY_2,2026-05-29 10:10,22.7,28.0,16.0,67,SE,2.2,-,없음,비 또는 눈 소식이 없어요.,05:14,19:45,5,보통,2-3시간 햇볕에 노출 시 피부 화상을 입을 수 있어요.외출시 모자나 선글라스를 착용해주세요.자외선 차단제를 발라주세요.,보통,30,보통,43,나쁨,101.0,,"장기간 또는 무리한 실외활동을 제한합니다.눈, 목 등에 통증이 느껴지고 기침이 난다면 실외활동을 피해주세요.",
2026-05-29T10:18:51.047201+09:00,노량진,노량진,POI063,KEY_3,2026-05-29 10:10,22.8,28.0,16.0,59,SE,1.2,-,없음,비 또는 눈 소식이 없어요.,05:14,19:45,5,보통,2-3시간 햇볕에 노출 시 피부 화상을 입을 수 있어요.외출시 모자나 선글라스를 착용해주세요.자외선 차단제를 발라주세요.,나쁨,36,보통,54,보통,100.0,,호흡기가 예민하신 분들은 몸상태 유의하며 활동해주세요.,
2026-05-29T10:18:51.047201+09:00,덕수궁길·정동길,덕수궁길·정동길,POI064,KEY_4,2026-05-29 10:10,22.7,28.0,16.0,67,SE,2.2,-,없음,비 또는 눈 소식이 없어요.,05:14,19:45,5,보통,2-3시간 햇볕에 노출 시 피부 화상을 입을 수 있어요.외출시 모자나 선글라스를 착용해주세요.자외선 차단제를 발라주세요.,보통,29,보통,39,보통,90.0,,호흡기가 예민하신 분들은 몸상태 유의하며 활동해주세요.,
2026-05-29T10:18:51.047201+09:00,북창동 먹자골목,북창동 먹자골목,POI114,KEY_1,2026-05-29 10:10,22.7,28.0,16.0,67,SE,2.2,-,없음,비 또는 눈 소식이 없어요.,05:14,19:45,5,보통,2-3시간 햇볕에 노출 시 피부 화상을 입을 수 있어요.외출시 모자나 선글라스를 착용해주세요.자외선 차단제를 발라주세요.,보통,30,보통,43,나쁨,101.0,,"장기간 또는 무리한 실외활동을 제한합니다.눈, 목 등에 통증이 느껴지고 기침이 난다면 실외활동을 피해주세요.",
2026-05-29T10:18:51.047201+09:00,북촌한옥마을,북촌한옥마을,POI066,KEY_2,2026-05-29 10:10,22.7,28.0,16.0,67,SE,2.2,-,없음,비 또는 눈 소식이 없어요.,05:14,19:45,5,보통,2-3시간 햇볕에 노출 시 피부 화상을 입을 수 있어요.외출시 모자나 선글라스를 착용해주세요.자외선 차단제를 발라주세요.,보통,29,보통,39,보통,90.0,,호흡기가 예민하신 분들은 몸상태 유의하며 활동해주세요.,
2026-05-29T10:18:51.047201+09:00,서촌,서촌,POI067,KEY_3,2026-05-29 10:10,22.7,28.0,16.0,67,SE,2.2,-,없음,비 또는 눈 소식이 없어요.,05:14,19:45,5,보통,2-3시간 햇볕에 노출 시 피부 화상을 입을 수 있어요.외출시 모자나 선글라스를 착용해주세요.자외선 차단제를 발라주세요.,보통,29,보통,39,보통,90.0,,호흡기가 예민하신 분들은 몸상태 유의하며 활동해주세요.,
2026-05-29T10:18:51.047201+09:00,성수카페거리,성수카페거리,POI068,KEY_4,2026-05-29 10:10,22.7,28.0,17.0,61,ESE,2.5,-,없음,비 또는 눈 소식이 없어요.,05:14,19:45,5,보통,2-3시간 햇볕에 노출 시 피부 화상을 입을 수 있어요.외출시 모자나 선글라스를 착용해주세요.자외선 차단제를 발라주세요.,보통,30,보통,46,보통,85.0,,호흡기가 예민하신 분들은 몸상태 유의하며 활동해주세요.,
2026-05-29T10:18:51.047201+09:00,송리단길·호수단길,송리단길·호수단길,POI121,KEY_1,2026-05-29 10:10,23.2,29.0,16.0,61,SE,1.4,-,없음,비 또는 눈 소식이 없어요.,05:14,19:45,5,보통,2-3시간 햇볕에 노출 시 피부 화상을 입을 수 있어요.외출시 모자나 선글라스를 착용해주세요.자외선 차단제를 발라주세요.,나쁨,36,보통,42,보통,74.0,,호흡기가 예민하신 분들은 몸상태 유의하며 활동해주세요.,
2026-05-29T10:18:51.047201+09:00,신촌 스타광장,신촌 스타광장,POI122,KEY_2,2026-05-29 10:10,22.4,28.0,17.0,72,S,2.1,-,없음,비 또는 눈 소식이 없어요.,05:14,19:45,5,보통,2-3시간 햇볕에 노출 시 피부 화상을 입을 수 있어요.외출시 모자나 선글라스를 착용해주세요.자외선 차단제를 발라주세요.,보통,30,보통,46,점검중,점검중,,원본 시스템 서비스 점검중입니다.,
2026-05-29T10:18:51.047201+09:00,압구정로데오거리,압구정로데오거리,POI071,KEY_3,2026-05-29 10:10,22.7,28.0,17.0,61,ESE,2.5,-,없음,비 또는 눈 소식이 없어요.,05:14,19:45,5,보통,2-3시간 햇볕에 노출 시 피부 화상을 입을 수 있어요.외출시 모자나 선글라스를 착용해주세요.자외선 차단제를 발라주세요.,보통,32,보통,50,보통,90.0,,호흡기가 예민하신 분들은 몸상태 유의하며 활동해주세요.,
2026-05-29T10:18:51.047201+09:00,여의도,여의도,POI072,KEY_4,2026-05-29 10:10,22.4,28.0,17.0,72,S,2.1,-,없음,비 또는 눈 소식이 없어요.,05:14,19:45,5,보통,2-3시간 햇볕에 노출 시 피부 화상을 입을 수 있어요.외출시 모자나 선글라스를 착용해주세요.자외선 차단제를 발라주세요.,보통,34,보통,48,보통,92.0,,호흡기가 예민하신 분들은 몸상태 유의하며 활동해주세요.,
2026-05-29T10:18:51.047201+09:00,연남동,연남동,POI073,KEY_1,2026-05-29 10:10,23.3,28.0,15.0,69,SSE,0.5,-,없음,비 또는 눈 소식이 없어요.,05:14,19:45,5,보통,2-3시간 햇볕에 노출 시 피부 화상을 입을 수 있어요.외출시 모자나 선글라스를 착용해주세요.자외선 차단제를 발라주세요.,보통,33,보통,64,보통,97.0,,호흡기가 예민하신 분들은 몸상태 유의하며 활동해주세요.,
2026-05-29T10:18:51.047201+09:00,영등포 타임스퀘어,영등포 타임스퀘어,POI074,KEY_2,2026-05-29 10:10,22.4,28.0,17.0,72,S,2.1,-,없음,비 또는 눈 소식이 없어요.,05:14,19:45,5,보통,2-3시간 햇볕에 노출 시 피부 화상을 입을 수 있어요.외출시 모자나 선글라스를 착용해주세요.자외선 차단제를 발라주세요.,보통,34,보통,48,보통,92.0,,호흡기가 예민하신 분들은 몸상태 유의하며 활동해주세요.,
2026-05-29T10:18:51.047201+09:00,용리단길,용리단길,POI076,KEY_3,2026-05-29 10:10,22.7,28.0,16.0,61,ESE,2.5,-,없음,비 또는 눈 소식이 없어요.,05:14,19:45,5,보통,2-3시간 햇볕에 노출 시 피부 화상을 입을 수 있어요.외출시 모자나 선글라스를 착용해주세요.자외선 차단제를 발라주세요.,보통,34,보통,65,보통,82.0,,호흡기가 예민하신 분들은 몸상태 유의하며 활동해주세요.,
2026-05-29T10:18:51.047201+09:00,이태원 앤틱가구거리,이태원 앤틱가구거리,POI077,KEY_4,2026-05-29 10:10,22.7,28.0,16.0,61,ESE,2.5,-,없음,비 또는 눈 소식이 없어요.,05:14,19:45,5,보통,2-3시간 햇볕에 노출 시 피부 화상을 입을 수 있어요.외출시 모자나 선글라스를 착용해주세요.자외선 차단제를 발라주세요.,보통,34,보통,65,보통,82.0,,호흡기가 예민하신 분들은 몸상태 유의하며 활동해주세요.,
2026-05-29T10:18:51.047201+09:00,익선동,익선동,POI116,KEY_1,2026-05-29 10:10,22.7,28.0,16.0,67,SE,2.2,-,없음,비 또는 눈 소식이 없어요.,05:14,19:45,5,보통,2-3시간 햇볕에 노출 시 피부 화상을 입을 수 있어요.외출시 모자나 선글라스를 착용해주세요.자외선 차단제를 발라주세요.,보통,29,보통,39,보통,90.0,,호흡기가 예민하신 분들은 몸상태 유의하며 활동해주세요.,
2026-05-29T10:18:51.047201+09:00,인사동,인사동,POI078,KEY_2,2026-05-29 10:10,22.7,28.0,16.0,67,SE,2.2,-,없음,비 또는 눈 소식이 없어요.,05:14,19:45,5,보통,2-3시간 햇볕에 노출 시 피부 화상을 입을 수 있어요.외출시 모자나 선글라스를 착용해주세요.자외선 차단제를 발라주세요.,보통,29,보통,39,보통,90.0,,호흡기가 예민하신 분들은 몸상태 유의하며 활동해주세요.,
2026-05-29T10:18:51.047201+09:00,잠실롯데타워·석촌호수,잠실롯데타워·석촌호수,POI120,KEY_3,2026-05-29 10:10,24.7,28.0,16.0,59,ENE,1.0,-,없음,비 또는 눈 소식이 없어요.,05:14,19:45,5,보통,2-3시간 햇볕에 노출 시 피부 화상을 입을 수 있어요.외출시 모자나 선글라스를 착용해주세요.자외선 차단제를 발라주세요.,나쁨,36,보통,42,보통,74.0,,호흡기가 예민하신 분들은 몸상태 유의하며 활동해주세요.,
2026-05-29T10:18:51.047201+09:00,창동 신경제 중심지,창동 신경제 중심지,POI079,KEY_4,2026-05-29 10:10,21.4,28.0,15.0,70,NNE,0.9,-,없음,비 또는 눈 소식이 없어요.,05:14,19:45,5,보통,2-3시간 햇볕에 노출 시 피부 화상을 입을 수 있어요.외출시 모자나 선글라스를 착용해주세요.자외선 차단제를 발라주세요.,보통,23,보통,31,보통,66.0,,호흡기가 예민하신 분들은 몸상태 유의하며 활동해주세요.,
2026-05-29T10:18:51.047201+09:00,청담동 명품거리,청담동 명품거리,POI080,KEY_1,2026-05-29 10:10,22.7,28.0,17.0,61,ESE,2.5,-,없음,비 또는 눈 소식이 없어요.,05:14,19:45,5,보통,2-3시간 햇볕에 노출 시 피부 화상을 입을 수 있어요.외출시 모자나 선글라스를 착용해주세요.자외선 차단제를 발라주세요.,보통,32,보통,50,보통,90.0,,호흡기가 예민하신 분들은 몸상태 유의하며 활동해주세요.,
2026-05-29T10:18:51.047201+09:00,청량리 제기동 일대 전통시장,청량리 제기동 일대 전통시장,POI081,KEY_2,2026-05-29 10:10,23.8,29.0,17.0,52,NNE,2.0,-,없음,비 또는 눈 소식이 없어요.,05:14,19:45,5,보통,2-3시간 햇볕에 노출 시 피부 화상을 입을 수 있어요.외출시 모자나 선글라스를 착용해주세요.자외선 차단제를 발라주세요.,보통,23,보통,41,보통,85.0,,호흡기가 예민하신 분들은 몸상태 유의하며 활동해주세요.,
2026-05-29T10:18:51.047201+09:00,해방촌·경리단길,해방촌·경리단길,POI082,KEY_3,2026-05-29 10:10,22.7,28.0,16.0,61,ESE,2.5,-,없음,비 또는 눈 소식이 없어요.,05:14,19:45,5,보통,2-3시간 햇볕에 노출 시 피부 화상을 입을 수 있어요.외출시 모자나 선글라스를 착용해주세요.자외선 차단제를 발라주세요.,보통,34,보통,65,보통,82.0,,호흡기가 예민하신 분들은 몸상태 유의하며 활동해주세요.,
2026-05-29T10:18:51.047201+09:00,DDP(동대문디자인플라자),DDP(동대문디자인플라자),POI083,KEY_4,2026-05-29 10:10,22.7,28.0,16.0,67,SE,2.2,-,없음,비 또는 눈 소식이 없어요.,05:14,19:45,5,보통,2-3시간 햇볕에 노출 시 피부 화상을 입을 수 있어요.외출시 모자나 선글라스를 착용해주세요.자외선 차단제를 발라주세요.,보통,29,보통,39,보통,90.0,,호흡기가 예민하신 분들은 몸상태 유의하며 활동해주세요.,
2026-05-29T10:18:51.047201+09:00,DMC(디지털미디어시티),DMC(디지털미디어시티),POI084,KEY_1,2026-05-29 10:10,24.2,29.0,15.0,64,SE,1.2,-,없음,비 또는 눈 소식이 없어요.,05:14,19:45,5,보통,2-3시간 햇볕에 노출 시 피부 화상을 입을 수 있어요.외출시 모자나 선글라스를 착용해주세요.자외선 차단제를 발라주세요.,보통,33,보통,64,보통,97.0,,호흡기가 예민하신 분들은 몸상태 유의하며 활동해주세요.,
2026-05-29T10:18:51.047201+09:00,강남역,강남역,POI014,KEY_3,2026-05-29 10:10,23.9,28.0,15.0,58,NNE,1.1,-,없음,비 또는 눈 소식이 없어요.,05:14,19:45,5,보통,2-3시간 햇볕에 노출 시 피부 화상을 입을 수 있어요.외출시 모자나 선글라스를 착용해주세요.자외선 차단제를 발라주세요.,나쁨,41,보통,58,나쁨,109.0,,"장기간 또는 무리한 실외활동을 제한합니다.눈, 목 등에 통증이 느껴지고 기침이 난다면 실외활동을 피해주세요.",
2026-05-29T10:18:51.047201+09:00,건대입구역,건대입구역,POI015,KEY_4,2026-05-29 10:10,22.7,28.0,17.0,61,ESE,2.5,-,없음,비 또는 눈 소식이 없어요.,05:14,19:45,5,보통,2-3시간 햇볕에 노출 시 피부 화상을 입을 수 있어요.외출시 모자나 선글라스를 착용해주세요.자외선 차단제를 발라주세요.,보통,25,보통,41,보통,95.0,,호흡기가 예민하신 분들은 몸상태 유의하며 활동해주세요.,
2026-05-29T10:18:51.047201+09:00,고덕역,고덕역,POI016,KEY_1,2026-05-29 10:10,23.7,28.0,16.0,65,ENE,1.0,-,없음,비 또는 눈 소식이 없어요.,05:14,19:45,5,보통,2-3시간 햇볕에 노출 시 피부 화상을 입을 수 있어요.외출시 모자나 선글라스를 착용해주세요.자외선 차단제를 발라주세요.,보통,32,보통,50,보통,100.0,,호흡기가 예민하신 분들은 몸상태 유의하며 활동해주세요.,
2026-05-29T10:18:51.047201+09:00,고속터미널역,고속터미널역,POI017,KEY_2,2026-05-29 10:10,23.5,28.0,15.0,70,NNE,1.5,-,없음,비 또는 눈 소식이 없어요.,05:14,19:45,5,보통,2-3시간 햇볕에 노출 시 피부 화상을 입을 수 있어요.외출시 모자나 선글라스를 착용해주세요.자외선 차단제를 발라주세요.,나쁨,41,보통,58,나쁨,109.0,,"장기간 또는 무리한 실외활동을 제한합니다.눈, 목 등에 통증이 느껴지고 기침이 난다면 실외활동을 피해주세요.",
2026-05-29T10:18:51.047201+09:00,교대역,교대역,POI018,KEY_3,2026-05-29 10:10,23.9,28.0,15.0,58,NNE,1.1,-,없음,비 또는 눈 소식이 없어요.,05:14,19:45,5,보통,2-3시간 햇볕에 노출 시 피부 화상을 입을 수 있어요.외출시 모자나 선글라스를 착용해주세요.자외선 차단제를 발라주세요.,나쁨,41,보통,58,나쁨,109.0,,"장기간 또는 무리한 실외활동을 제한합니다.눈, 목 등에 통증이 느껴지고 기침이 난다면 실외활동을 피해주세요.",
2026-05-29T10:18:51.047201+09:00,구로디지털단지역,구로디지털단지역,POI019,KEY_4,2026-05-29 10:10,23.3,29.0,17.0,64,ESE,1.4,-,없음,비 또는 눈 소식이 없어요.,05:14,19:45,5,보통,2-3시간 햇볕에 노출 시 피부 화상을 입을 수 있어요.외출시 모자나 선글라스를 착용해주세요.자외선 차단제를 발라주세요.,나쁨,52,보통,68,나쁨,139.0,,"장기간 또는 무리한 실외활동을 제한합니다.눈, 목 등에 통증이 느껴지고 기침이 난다면 실외활동을 피해주세요.",
2026-05-29T10:18:51.047201+09:00,구로역,구로역,POI020,KEY_1,2026-05-29 10:10,23.3,29.0,17.0,64,ESE,1.4,-,없음,비 또는 눈 소식이 없어요.,05:14,19:45,5,보통,2-3시간 햇볕에 노출 시 피부 화상을 입을 수 있어요.외출시 모자나 선글라스를 착용해주세요.자외선 차단제를 발라주세요.,나쁨,52,보통,68,나쁨,139.0,,"장기간 또는 무리한 실외활동을 제한합니다.눈, 목 등에 통증이 느껴지고 기침이 난다면 실외활동을 피해주세요.",
2026-05-29T10:18:51.047201+09:00,군자역,군자역,POI021,KEY_2,2026-05-29 10:10,23.7,28.0,16.0,51,SE,1.9,-,없음,비 또는 눈 소식이 없어요.,05:14,19:45,5,보통,2-3시간 햇볕에 노출 시 피부 화상을 입을 수 있어요.외출시 모자나 선글라스를 착용해주세요.자외선 차단제를 발라주세요.,보통,25,보통,41,보통,95.0,,호흡기가 예민하신 분들은 몸상태 유의하며 활동해주세요.,
2026-05-29T10:18:51.047201+09:00,대림역,대림역,POI023,KEY_3,2026-05-29 10:10,23.3,29.0,17.0,64,ESE,1.4,-,없음,비 또는 눈 소식이 없어요.,05:14,19:45,5,보통,2-3시간 햇볕에 노출 시 피부 화상을 입을 수 있어요.외출시 모자나 선글라스를 착용해주세요.자외선 차단제를 발라주세요.,보통,34,보통,48,보통,92.0,,호흡기가 예민하신 분들은 몸상태 유의하며 활동해주세요.,
2026-05-29T10:18:51.047201+09:00,동대문역,동대문역,POI024,KEY_4,2026-05-29 10:10,22.7,28.0,16.0,67,SE,2.2,-,없음,비 또는 눈 소식이 없어요.,05:14,19:45,5,보통,2-3시간 햇볕에 노출 시 피부 화상을 입을 수 있어요.외출시 모자나 선글라스를 착용해주세요.자외선 차단제를 발라주세요.,보통,29,보통,39,보통,90.0,,호흡기가 예민하신 분들은 몸상태 유의하며 활동해주세요.,
2026-05-29T10:18:51.047201+09:00,뚝섬역,뚝섬역,POI025,KEY_1,2026-05-29 10:10,22.7,28.0,17.0,61,ESE,2.5,-,없음,비 또는 눈 소식이 없어요.,05:14,19:45,5,보통,2-3시간 햇볕에 노출 시 피부 화상을 입을 수 있어요.외출시 모자나 선글라스를 착용해주세요.자외선 차단제를 발라주세요.,보통,30,보통,46,보통,85.0,,호흡기가 예민하신 분들은 몸상태 유의하며 활동해주세요.,
2026-05-29T10:18:51.047201+09:00,미아사거리역,미아사거리역,POI026,KEY_2,2026-05-29 10:10,23.8,28.0,15.0,54,NNE,0.9,-,없음,비 또는 눈 소식이 없어요.,05:14,19:45,5,보통,2-3시간 햇볕에 노출 시 피부 화상을 입을 수 있어요.외출시 모자나 선글라스를 착용해주세요.자외선 차단제를 발라주세요.,보통,18,보통,40,보통,62.0,,호흡기가 예민하신 분들은 몸상태 유의하며 활동해주세요.,
2026-05-29T10:18:51.047201+09:00,발산역,발산역,POI027,KEY_3,2026-05-29 10:10,24.2,29.0,16.0,64,SE,1.2,-,없음,비 또는 눈 소식이 없어요.,05:14,19:45,5,보통,2-3시간 햇볕에 노출 시 피부 화상을 입을 수 있어요.외출시 모자나 선글라스를 착용해주세요.자외선 차단제를 발라주세요.,나쁨,38,보통,64,보통,95.0,,호흡기가 예민하신 분들은 몸상태 유의하며 활동해주세요.,
2026-05-29T10:18:51.047201+09:00,사당역,사당역,POI029,KEY_4,2026-05-29 10:10,23.5,28.0,15.0,70,NNE,1.5,-,없음,비 또는 눈 소식이 없어요.,05:14,19:45,5,보통,2-3시간 햇볕에 노출 시 피부 화상을 입을 수 있어요.외출시 모자나 선글라스를 착용해주세요.자외선 차단제를 발라주세요.,나쁨,41,보통,58,나쁨,109.0,,"장기간 또는 무리한 실외활동을 제한합니다.눈, 목 등에 통증이 느껴지고 기침이 난다면 실외활동을 피해주세요.",
2026-05-29T10:18:51.047201+09:00,삼각지역,삼각지역,POI030,KEY_1,2026-05-29 10:21,22.7,28.0,16.0,61,ESE,2.5,-,없음,비 또는 눈 소식이 없어요.,05:14,19:45,5,보통,2-3시간 햇볕에 노출 시 피부 화상을 입을 수 있어요.외출시 모자나 선글라스를 착용해주세요.자외선 차단제를 발라주세요.,보통,34,보통,65,보통,82.0,,호흡기가 예민하신 분들은 몸상태 유의하며 활동해주세요.,
2026-05-29T10:18:51.047201+09:00,서울대입구역,서울대입구역,POI031,KEY_2,2026-05-29 10:21,22.8,28.0,16.0,59,SE,1.2,-,없음,비 또는 눈 소식이 없어요.,05:14,19:45,5,보통,2-3시간 햇볕에 노출 시 피부 화상을 입을 수 있어요.외출시 모자나 선글라스를 착용해주세요.자외선 차단제를 발라주세요.,보통,26,보통,53,보통,79.0,,호흡기가 예민하신 분들은 몸상태 유의하며 활동해주세요.,
2026-05-29T10:18:51.047201+09:00,서울식물원·마곡나루역,서울식물원·마곡나루역,POI032,KEY_3,2026-05-29 10:21,24.2,29.0,16.0,64,SE,1.2,-,없음,비 또는 눈 소식이 없어요.,05:14,19:45,5,보통,2-3시간 햇볕에 노출 시 피부 화상을 입을 수 있어요.외출시 모자나 선글라스를 착용해주세요.자외선 차단제를 발라주세요.,나쁨,38,보통,64,보통,95.0,,호흡기가 예민하신 분들은 몸상태 유의하며 활동해주세요.,
2026-05-29T10:18:51.047201+09:00,서울역,서울역,POI033,KEY_4,2026-05-29 10:21,22.7,28.0,16.0,67,SE,2.2,-,없음,비 또는 눈 소식이 없어요.,05:14,19:45,5,보통,2-3시간 햇볕에 노출 시 피부 화상을 입을 수 있어요.외출시 모자나 선글라스를 착용해주세요.자외선 차단제를 발라주세요.,보통,30,보통,43,나쁨,101.0,,"장기간 또는 무리한 실외활동을 제한합니다.눈, 목 등에 통증이 느껴지고 기침이 난다면 실외활동을 피해주세요.",
2026-05-29T10:18:51.047201+09:00,선릉역,선릉역,POI034,KEY_1,2026-05-29 10:21,23.9,28.0,15.0,58,NNE,1.1,-,없음,비 또는 눈 소식이 없어요.,05:14,19:45,5,보통,2-3시간 햇볕에 노출 시 피부 화상을 입을 수 있어요.외출시 모자나 선글라스를 착용해주세요.자외선 차단제를 발라주세요.,보통,32,보통,50,보통,90.0,,호흡기가 예민하신 분들은 몸상태 유의하며 활동해주세요.,
2026-05-29T10:18:51.047201+09:00,성신여대입구역,성신여대입구역,POI035,KEY_2,2026-05-29 10:21,22.7,28.0,16.0,67,SE,2.2,-,없음,비 또는 눈 소식이 없어요.,05:14,19:45,5,보통,2-3시간 햇볕에 노출 시 피부 화상을 입을 수 있어요.외출시 모자나 선글라스를 착용해주세요.자외선 차단제를 발라주세요.,보통,28,보통,45,보통,79.0,,호흡기가 예민하신 분들은 몸상태 유의하며 활동해주세요.,
2026-05-29T10:18:51.047201+09:00,수유역,수유역,POI036,KEY_3,2026-05-29 10:21,23.8,28.0,15.0,54,NNE,0.9,-,없음,비 또는 눈 소식이 없어요.,05:14,19:45,5,보통,2-3시간 햇볕에 노출 시 피부 화상을 입을 수 있어요.외출시 모자나 선글라스를 착용해주세요.자외선 차단제를 발라주세요.,보통,18,보통,40,보통,62.0,,호흡기가 예민하신 분들은 몸상태 유의하며 활동해주세요.,
2026-05-29T10:18:51.047201+09:00,숭례문,숭례문,POI131,KEY_4,2026-05-29 10:21,22.7,28.0,16.0,67,SE,2.2,-,없음,비 또는 눈 소식이 없어요.,05:14,19:45,5,보통,2-3시간 햇볕에 노출 시 피부 화상을 입을 수 있어요.외출시 모자나 선글라스를 착용해주세요.자외선 차단제를 발라주세요.,보통,30,보통,43,나쁨,101.0,,"장기간 또는 무리한 실외활동을 제한합니다.눈, 목 등에 통증이 느껴지고 기침이 난다면 실외활동을 피해주세요.",
2026-05-29T10:18:51.047201+09:00,시의회 앞,시의회 앞,POI130,KEY_1,2026-05-29 10:21,22.7,28.0,16.0,67,SE,2.2,-,없음,비 또는 눈 소식이 없어요.,05:14,19:45,5,보통,2-3시간 햇볕에 노출 시 피부 화상을 입을 수 있어요.외출시 모자나 선글라스를 착용해주세요.자외선 차단제를 발라주세요.,보통,30,보통,43,나쁨,101.0,,"장기간 또는 무리한 실외활동을 제한합니다.눈, 목 등에 통증이 느껴지고 기침이 난다면 실외활동을 피해주세요.",
2026-05-29T10:18:51.047201+09:00,신논현역·논현역,신논현역·논현역,POI037,KEY_2,2026-05-29 10:21,23.9,28.0,15.0,58,NNE,1.1,-,없음,비 또는 눈 소식이 없어요.,05:14,19:45,5,보통,2-3시간 햇볕에 노출 시 피부 화상을 입을 수 있어요.외출시 모자나 선글라스를 착용해주세요.자외선 차단제를 발라주세요.,보통,32,보통,50,보통,90.0,,호흡기가 예민하신 분들은 몸상태 유의하며 활동해주세요.,
2026-05-29T10:18:51.047201+09:00,신도림역,신도림역,POI038,KEY_3,2026-05-29 10:21,22.8,28.0,16.0,59,SE,1.2,-,없음,비 또는 눈 소식이 없어요.,05:14,19:45,5,보통,2-3시간 햇볕에 노출 시 피부 화상을 입을 수 있어요.외출시 모자나 선글라스를 착용해주세요.자외선 차단제를 발라주세요.,보통,34,보통,48,보통,92.0,,호흡기가 예민하신 분들은 몸상태 유의하며 활동해주세요.,
2026-05-29T10:18:51.047201+09:00,신림역,신림역,POI039,KEY_4,2026-05-29 10:21,22.8,28.0,16.0,59,SE,1.2,-,없음,비 또는 눈 소식이 없어요.,05:14,19:45,5,보통,2-3시간 햇볕에 노출 시 피부 화상을 입을 수 있어요.외출시 모자나 선글라스를 착용해주세요.자외선 차단제를 발라주세요.,보통,26,보통,53,보통,79.0,,호흡기가 예민하신 분들은 몸상태 유의하며 활동해주세요.,
2026-05-29T10:18:51.047201+09:00,신정네거리역,신정네거리역,POI117,KEY_1,2026-05-29 10:21,22.7,29.0,17.0,63,S,2.1,-,없음,비 또는 눈 소식이 없어요.,05:14,19:45,5,보통,2-3시간 햇볕에 노출 시 피부 화상을 입을 수 있어요.외출시 모자나 선글라스를 착용해주세요.자외선 차단제를 발라주세요.,나쁨,40,보통,70,보통,97.0,,호흡기가 예민하신 분들은 몸상태 유의하며 활동해주세요.,
2026-05-29T10:18:51.047201+09:00,신촌·이대역,신촌·이대역,POI040,KEY_2,2026-05-29 10:21,22.4,28.0,17.0,72,S,2.1,-,없음,비 또는 눈 소식이 없어요.,05:14,19:45,5,보통,2-3시간 햇볕에 노출 시 피부 화상을 입을 수 있어요.외출시 모자나 선글라스를 착용해주세요.자외선 차단제를 발라주세요.,보통,30,보통,46,점검중,점검중,,원본 시스템 서비스 점검중입니다.,
2026-05-29T10:18:51.047201+09:00,쌍문역,쌍문역,POI070,KEY_3,2026-05-29 10:21,23.8,28.0,15.0,54,NNE,0.9,-,없음,비 또는 눈 소식이 없어요.,05:14,19:45,5,보통,2-3시간 햇볕에 노출 시 피부 화상을 입을 수 있어요.외출시 모자나 선글라스를 착용해주세요.자외선 차단제를 발라주세요.,보통,28,보통,44,보통,74.0,,호흡기가 예민하신 분들은 몸상태 유의하며 활동해주세요.,
2026-05-29T10:18:51.047201+09:00,양재역,양재역,POI041,KEY_4,2026-05-29 10:21,23.9,28.0,15.0,58,NNE,1.1,-,없음,비 또는 눈 소식이 없어요.,05:14,19:45,5,보통,2-3시간 햇볕에 노출 시 피부 화상을 입을 수 있어요.외출시 모자나 선글라스를 착용해주세요.자외선 차단제를 발라주세요.,나쁨,41,보통,58,나쁨,109.0,,"장기간 또는 무리한 실외활동을 제한합니다.눈, 목 등에 통증이 느껴지고 기침이 난다면 실외활동을 피해주세요.",
2026-05-29T10:18:51.047201+09:00,역삼역,역삼역,POI042,KEY_1,2026-05-29 10:21,23.9,28.0,15.0,58,NNE,1.1,-,없음,비 또는 눈 소식이 없어요.,05:14,19:45,5,보통,2-3시간 햇볕에 노출 시 피부 화상을 입을 수 있어요.외출시 모자나 선글라스를 착용해주세요.자외선 차단제를 발라주세요.,보통,32,보통,50,보통,90.0,,호흡기가 예민하신 분들은 몸상태 유의하며 활동해주세요.,
2026-05-29T10:18:51.047201+09:00,연신내역,연신내역,POI043,KEY_2,2026-05-29 10:21,22.5,28.0,14.0,62,SSE,1.2,-,없음,비 또는 눈 소식이 없어요.,05:14,19:45,5,보통,2-3시간 햇볕에 노출 시 피부 화상을 입을 수 있어요.외출시 모자나 선글라스를 착용해주세요.자외선 차단제를 발라주세요.,나쁨,39,보통,53,보통,100.0,,호흡기가 예민하신 분들은 몸상태 유의하며 활동해주세요.,
2026-05-29T10:18:51.047201+09:00,오목교역·목동운동장,오목교역·목동운동장,POI044,KEY_3,2026-05-29 10:21,22.7,29.0,17.0,63,S,2.1,-,없음,비 또는 눈 소식이 없어요.,05:14,19:45,5,보통,2-3시간 햇볕에 노출 시 피부 화상을 입을 수 있어요.외출시 모자나 선글라스를 착용해주세요.자외선 차단제를 발라주세요.,나쁨,40,보통,70,보통,97.0,,호흡기가 예민하신 분들은 몸상태 유의하며 활동해주세요.,
2026-05-29T10:18:51.047201+09:00,왕십리역,왕십리역,POI045,KEY_4,2026-05-29 10:21,23.8,29.0,17.0,52,NNE,2.0,-,없음,비 또는 눈 소식이 없어요.,05:14,19:45,5,보통,2-3시간 햇볕에 노출 시 피부 화상을 입을 수 있어요.외출시 모자나 선글라스를 착용해주세요.자외선 차단제를 발라주세요.,보통,30,보통,46,보통,85.0,,호흡기가 예민하신 분들은 몸상태 유의하며 활동해주세요.,
2026-05-29T10:18:51.047201+09:00,용산역,용산역,POI046,KEY_1,2026-05-29 10:21,22.4,28.0,17.0,72,S,2.1,-,없음,비 또는 눈 소식이 없어요.,05:14,19:45,5,보통,2-3시간 햇볕에 노출 시 피부 화상을 입을 수 있어요.외출시 모자나 선글라스를 착용해주세요.자외선 차단제를 발라주세요.,보통,34,보통,65,보통,82.0,,호흡기가 예민하신 분들은 몸상태 유의하며 활동해주세요.,
2026-05-29T10:18:51.047201+09:00,이태원역,이태원역,POI047,KEY_2,2026-05-29 10:21,22.7,28.0,16.0,61,ESE,2.5,-,없음,비 또는 눈 소식이 없어요.,05:14,19:45,5,보통,2-3시간 햇볕에 노출 시 피부 화상을 입을 수 있어요.외출시 모자나 선글라스를 착용해주세요.자외선 차단제를 발라주세요.,보통,34,보통,65,보통,82.0,,호흡기가 예민하신 분들은 몸상태 유의하며 활동해주세요.,
2026-05-29T10:18:51.047201+09:00,잠실새내역,잠실새내역,POI118,KEY_3,2026-05-29 10:21,23.2,29.0,16.0,61,SE,1.4,-,없음,비 또는 눈 소식이 없어요.,05:14,19:45,5,보통,2-3시간 햇볕에 노출 시 피부 화상을 입을 수 있어요.외출시 모자나 선글라스를 착용해주세요.자외선 차단제를 발라주세요.,나쁨,36,보통,42,보통,74.0,,호흡기가 예민하신 분들은 몸상태 유의하며 활동해주세요.,
2026-05-29T10:18:51.047201+09:00,잠실역,잠실역,POI119,KEY_4,2026-05-29 10:21,24.7,28.0,16.0,59,ENE,1.0,-,없음,비 또는 눈 소식이 없어요.,05:14,19:45,5,보통,2-3시간 햇볕에 노출 시 피부 화상을 입을 수 있어요.외출시 모자나 선글라스를 착용해주세요.자외선 차단제를 발라주세요.,나쁨,36,보통,42,보통,74.0,,호흡기가 예민하신 분들은 몸상태 유의하며 활동해주세요.,
2026-05-29T10:18:51.047201+09:00,장지역,장지역,POI048,KEY_1,2026-05-29 10:21,23.2,29.0,16.0,61,SE,1.4,-,없음,비 또는 눈 소식이 없어요.,05:14,19:45,5,보통,2-3시간 햇볕에 노출 시 피부 화상을 입을 수 있어요.외출시 모자나 선글라스를 착용해주세요.자외선 차단제를 발라주세요.,나쁨,36,보통,42,보통,74.0,,호흡기가 예민하신 분들은 몸상태 유의하며 활동해주세요.,
2026-05-29T10:18:51.047201+09:00,장한평역,장한평역,POI049,KEY_2,2026-05-29 10:21,23.8,29.0,17.0,52,NNE,2.0,-,없음,비 또는 눈 소식이 없어요.,05:14,19:45,5,보통,2-3시간 햇볕에 노출 시 피부 화상을 입을 수 있어요.외출시 모자나 선글라스를 착용해주세요.자외선 차단제를 발라주세요.,보통,23,보통,41,보통,85.0,,호흡기가 예민하신 분들은 몸상태 유의하며 활동해주세요.,
2026-05-29T10:18:51.047201+09:00,천호역,천호역,POI050,KEY_3,2026-05-29 10:21,24.7,28.0,16.0,59,ENE,1.0,-,없음,비 또는 눈 소식이 없어요.,05:14,19:45,5,보통,2-3시간 햇볕에 노출 시 피부 화상을 입을 수 있어요.외출시 모자나 선글라스를 착용해주세요.자외선 차단제를 발라주세요.,보통,32,보통,50,보통,100.0,,호흡기가 예민하신 분들은 몸상태 유의하며 활동해주세요.,
2026-05-29T10:18:51.047201+09:00,총신대입구(이수)역,총신대입구(이수)역,POI051,KEY_4,2026-05-29 10:21,23.5,28.0,15.0,70,NNE,1.5,-,없음,비 또는 눈 소식이 없어요.,05:14,19:45,5,보통,2-3시간 햇볕에 노출 시 피부 화상을 입을 수 있어요.외출시 모자나 선글라스를 착용해주세요.자외선 차단제를 발라주세요.,나쁨,36,보통,54,보통,100.0,,호흡기가 예민하신 분들은 몸상태 유의하며 활동해주세요.,
2026-05-29T10:18:51.047201+09:00,충정로역,충정로역,POI052,KEY_1,2026-05-29 10:21,22.4,28.0,17.0,72,S,2.1,-,없음,비 또는 눈 소식이 없어요.,05:14,19:45,5,보통,2-3시간 햇볕에 노출 시 피부 화상을 입을 수 있어요.외출시 모자나 선글라스를 착용해주세요.자외선 차단제를 발라주세요.,보통,30,보통,46,점검중,점검중,,원본 시스템 서비스 점검중입니다.,
2026-05-29T10:18:51.047201+09:00,합정역,합정역,POI053,KEY_2,2026-05-29 10:21,22.4,28.0,17.0,72,S,2.1,-,없음,비 또는 눈 소식이 없어요.,05:14,19:45,5,보통,2-3시간 햇볕에 노출 시 피부 화상을 입을 수 있어요.외출시 모자나 선글라스를 착용해주세요.자외선 차단제를 발라주세요.,보통,33,보통,64,보통,97.0,,호흡기가 예민하신 분들은 몸상태 유의하며 활동해주세요.,
2026-05-29T10:18:51.047201+09:00,혜화역,혜화역,POI054,KEY_3,2026-05-29 10:21,22.7,28.0,16.0,67,SE,2.2,-,없음,비 또는 눈 소식이 없어요.,05:14,19:45,5,보통,2-3시간 햇볕에 노출 시 피부 화상을 입을 수 있어요.외출시 모자나 선글라스를 착용해주세요.자외선 차단제를 발라주세요.,보통,29,보통,39,보통,90.0,,호흡기가 예민하신 분들은 몸상태 유의하며 활동해주세요.,
2026-05-29T10:18:51.047201+09:00,홍대입구역(2호선),홍대입구역(2호선),POI055,KEY_4,2026-05-29 10:21,23.3,28.0,15.0,69,SSE,0.5,-,없음,비 또는 눈 소식이 없어요.,05:14,19:45,5,보통,2-3시간 햇볕에 노출 시 피부 화상을 입을 수 있어요.외출시 모자나 선글라스를 착용해주세요.자외선 차단제를 발라주세요.,보통,33,보통,64,보통,97.0,,호흡기가 예민하신 분들은 몸상태 유의하며 활동해주세요.,
2026-05-29T10:18:51.047201+09:00,회기역,회기역,POI056,KEY_1,2026-05-29 10:21,23.8,29.0,17.0,52,NNE,2.0,-,없음,비 또는 눈 소식이 없어요.,05:14,19:45,5,보통,2-3시간 햇볕에 노출 시 피부 화상을 입을 수 있어요.외출시 모자나 선글라스를 착용해주세요.자외선 차단제를 발라주세요.,보통,23,보통,41,보통,85.0,,호흡기가 예민하신 분들은 몸상태 유의하며 활동해주세요.,
2026-05-29T12:23:33.115852+09:00,경복궁,경복궁,POI008,KEY_1,2026-05-29 12:20,25.1,28.0,16.0,50,SE,3.2,-,없음,비 또는 눈 소식이 없어요.,05:14,19:45,10,매우높음,"햇볕에 노출 시 수십분 이내에도 피부 화상을 입을 수 있어 매우 위험해요.낮 시간 외출을 피하고 실내나 그늘에 머물러주세요.외출시 긴 소매 옷, 모자, 선글라스를 착용해주세요.자외선 차단제를 정기적으로 발라주세요.",보통,26,보통,34,보통,87.0,,호흡기가 예민하신 분들은 몸상태 유의하며 활동해주세요.,
2026-05-29T12:23:33.115852+09:00,광화문·덕수궁,광화문·덕수궁,POI009,KEY_2,2026-05-29 12:20,25.1,28.0,16.0,50,SE,3.2,-,없음,비 또는 눈 소식이 없어요.,05:14,19:45,10,매우높음,"햇볕에 노출 시 수십분 이내에도 피부 화상을 입을 수 있어 매우 위험해요.낮 시간 외출을 피하고 실내나 그늘에 머물러주세요.외출시 긴 소매 옷, 모자, 선글라스를 착용해주세요.자외선 차단제를 정기적으로 발라주세요.",보통,26,보통,34,보통,87.0,,호흡기가 예민하신 분들은 몸상태 유의하며 활동해주세요.,
2026-05-29T12:23:33.115852+09:00,보신각,보신각,POI010,KEY_3,2026-05-29 12:20,25.1,28.0,16.0,50,SE,3.2,-,없음,비 또는 눈 소식이 없어요.,05:14,19:45,10,매우높음,"햇볕에 노출 시 수십분 이내에도 피부 화상을 입을 수 있어 매우 위험해요.낮 시간 외출을 피하고 실내나 그늘에 머물러주세요.외출시 긴 소매 옷, 모자, 선글라스를 착용해주세요.자외선 차단제를 정기적으로 발라주세요.",보통,26,보통,34,보통,87.0,,호흡기가 예민하신 분들은 몸상태 유의하며 활동해주세요.,
2026-05-29T12:23:33.115852+09:00,서울 암사동 유적,서울 암사동 유적,POI011,KEY_4,2026-05-29 12:20,25.8,29.0,15.0,43,NE,1.3,-,없음,비 또는 눈 소식이 없어요.,05:14,19:45,10,매우높음,"햇볕에 노출 시 수십분 이내에도 피부 화상을 입을 수 있어 매우 위험해요.낮 시간 외출을 피하고 실내나 그늘에 머물러주세요.외출시 긴 소매 옷, 모자, 선글라스를 착용해주세요.자외선 차단제를 정기적으로 발라주세요.",보통,24,보통,32,보통,95.0,,호흡기가 예민하신 분들은 몸상태 유의하며 활동해주세요.,
2026-05-29T12:23:33.115852+09:00,창덕궁·종묘,창덕궁·종묘,POI012,KEY_1,2026-05-29 12:20,25.1,28.0,16.0,50,SE,3.2,-,없음,비 또는 눈 소식이 없어요.,05:14,19:45,10,매우높음,"햇볕에 노출 시 수십분 이내에도 피부 화상을 입을 수 있어 매우 위험해요.낮 시간 외출을 피하고 실내나 그늘에 머물러주세요.외출시 긴 소매 옷, 모자, 선글라스를 착용해주세요.자외선 차단제를 정기적으로 발라주세요.",보통,26,보통,34,보통,87.0,,호흡기가 예민하신 분들은 몸상태 유의하며 활동해주세요.,
2026-05-29T12:23:33.115852+09:00,강남 MICE 관광특구,강남 MICE 관광특구,POI001,KEY_2,2026-05-29 12:20,26.0,28.0,15.0,39,SSE,3.2,-,없음,비 또는 눈 소식이 없어요.,05:14,19:45,10,매우높음,"햇볕에 노출 시 수십분 이내에도 피부 화상을 입을 수 있어 매우 위험해요.낮 시간 외출을 피하고 실내나 그늘에 머물러주세요.외출시 긴 소매 옷, 모자, 선글라스를 착용해주세요.자외선 차단제를 정기적으로 발라주세요.",보통,20,보통,40,보통,85.0,,호흡기가 예민하신 분들은 몸상태 유의하며 활동해주세요.,
2026-05-29T12:23:33.115852+09:00,동대문 관광특구,동대문 관광특구,POI002,KEY_3,2026-05-29 12:20,25.1,28.0,16.0,50,SE,3.2,-,없음,비 또는 눈 소식이 없어요.,05:14,19:45,10,매우높음,"햇볕에 노출 시 수십분 이내에도 피부 화상을 입을 수 있어 매우 위험해요.낮 시간 외출을 피하고 실내나 그늘에 머물러주세요.외출시 긴 소매 옷, 모자, 선글라스를 착용해주세요.자외선 차단제를 정기적으로 발라주세요.",보통,26,보통,34,보통,87.0,,호흡기가 예민하신 분들은 몸상태 유의하며 활동해주세요.,
2026-05-29T12:23:33.115852+09:00,명동 관광특구,명동 관광특구,POI003,KEY_4,2026-05-29 12:20,25.1,28.0,16.0,50,SE,3.2,-,없음,비 또는 눈 소식이 없어요.,05:14,19:45,10,매우높음,"햇볕에 노출 시 수십분 이내에도 피부 화상을 입을 수 있어 매우 위험해요.낮 시간 외출을 피하고 실내나 그늘에 머물러주세요.외출시 긴 소매 옷, 모자, 선글라스를 착용해주세요.자외선 차단제를 정기적으로 발라주세요.",보통,30,보통,38,보통,97.0,,호흡기가 예민하신 분들은 몸상태 유의하며 활동해주세요.,
2026-05-29T12:23:33.115852+09:00,이태원 관광특구,이태원 관광특구,POI004,KEY_1,2026-05-29 12:20,25.5,28.0,16.0,41,SE,3.0,-,없음,비 또는 눈 소식이 없어요.,05:14,19:45,10,매우높음,"햇볕에 노출 시 수십분 이내에도 피부 화상을 입을 수 있어 매우 위험해요.낮 시간 외출을 피하고 실내나 그늘에 머물러주세요.외출시 긴 소매 옷, 모자, 선글라스를 착용해주세요.자외선 차단제를 정기적으로 발라주세요.",나쁨,37,나쁨,94,보통,87.0,,호흡기가 예민하신 분들은 몸상태 유의하며 활동해주세요.,
2026-05-29T12:23:33.115852+09:00,잠실 관광특구,잠실 관광특구,POI005,KEY_2,2026-05-29 12:20,26.4,28.0,16.0,35,SE,3.1,-,없음,비 또는 눈 소식이 없어요.,05:14,19:45,10,매우높음,"햇볕에 노출 시 수십분 이내에도 피부 화상을 입을 수 있어 매우 위험해요.낮 시간 외출을 피하고 실내나 그늘에 머물러주세요.외출시 긴 소매 옷, 모자, 선글라스를 착용해주세요.자외선 차단제를 정기적으로 발라주세요.",보통,21,보통,37,보통,74.0,,호흡기가 예민하신 분들은 몸상태 유의하며 활동해주세요.,
2026-05-29T12:23:33.115852+09:00,종로·청계 관광특구,종로·청계 관광특구,POI006,KEY_3,2026-05-29 12:20,25.1,28.0,16.0,50,SE,3.2,-,없음,비 또는 눈 소식이 없어요.,05:14,19:45,10,매우높음,"햇볕에 노출 시 수십분 이내에도 피부 화상을 입을 수 있어 매우 위험해요.낮 시간 외출을 피하고 실내나 그늘에 머물러주세요.외출시 긴 소매 옷, 모자, 선글라스를 착용해주세요.자외선 차단제를 정기적으로 발라주세요.",보통,26,보통,34,보통,87.0,,호흡기가 예민하신 분들은 몸상태 유의하며 활동해주세요.,
2026-05-29T12:23:33.115852+09:00,홍대 관광특구,홍대 관광특구,POI007,KEY_4,2026-05-29 12:20,25.3,28.0,17.0,51,SSE,3.9,-,없음,비 또는 눈 소식이 없어요.,05:14,19:45,10,매우높음,"햇볕에 노출 시 수십분 이내에도 피부 화상을 입을 수 있어 매우 위험해요.낮 시간 외출을 피하고 실내나 그늘에 머물러주세요.외출시 긴 소매 옷, 모자, 선글라스를 착용해주세요.자외선 차단제를 정기적으로 발라주세요.",보통,23,보통,54,보통,95.0,,호흡기가 예민하신 분들은 몸상태 유의하며 활동해주세요.,
2026-05-29T12:23:33.115852+09:00,강서한강공원,강서한강공원,POI085,KEY_1,2026-05-29 12:20,26.1,29.0,16.0,41,SSE,2.6,-,없음,비 또는 눈 소식이 없어요.,05:14,19:45,10,매우높음,"햇볕에 노출 시 수십분 이내에도 피부 화상을 입을 수 있어 매우 위험해요.낮 시간 외출을 피하고 실내나 그늘에 머물러주세요.외출시 긴 소매 옷, 모자, 선글라스를 착용해주세요.자외선 차단제를 정기적으로 발라주세요.",보통,25,보통,48,보통,95.0,,호흡기가 예민하신 분들은 몸상태 유의하며 활동해주세요.,
2026-05-29T12:23:33.115852+09:00,고척돔,고척돔,POI086,KEY_2,2026-05-29 12:20,25.3,29.0,17.0,42,SSE,2.1,-,없음,비 또는 눈 소식이 없어요.,05:14,19:45,10,매우높음,"햇볕에 노출 시 수십분 이내에도 피부 화상을 입을 수 있어 매우 위험해요.낮 시간 외출을 피하고 실내나 그늘에 머물러주세요.외출시 긴 소매 옷, 모자, 선글라스를 착용해주세요.자외선 차단제를 정기적으로 발라주세요.",보통,34,보통,55,나쁨,128.0,,"장기간 또는 무리한 실외활동을 제한합니다.눈, 목 등에 통증이 느껴지고 기침이 난다면 실외활동을 피해주세요.",
2026-05-29T12:23:33.115852+09:00,광나루한강공원,광나루한강공원,POI087,KEY_3,2026-05-29 12:20,26.4,28.0,16.0,35,SE,3.1,-,없음,비 또는 눈 소식이 없어요.,05:14,19:45,10,매우높음,"햇볕에 노출 시 수십분 이내에도 피부 화상을 입을 수 있어 매우 위험해요.낮 시간 외출을 피하고 실내나 그늘에 머물러주세요.외출시 긴 소매 옷, 모자, 선글라스를 착용해주세요.자외선 차단제를 정기적으로 발라주세요.",보통,24,보통,32,보통,95.0,,호흡기가 예민하신 분들은 몸상태 유의하며 활동해주세요.,
2026-05-29T12:23:33.115852+09:00,광화문광장,광화문광장,POI088,KEY_4,2026-05-29 12:20,25.1,28.0,16.0,50,SE,3.2,-,없음,비 또는 눈 소식이 없어요.,05:14,19:45,10,매우높음,"햇볕에 노출 시 수십분 이내에도 피부 화상을 입을 수 있어 매우 위험해요.낮 시간 외출을 피하고 실내나 그늘에 머물러주세요.외출시 긴 소매 옷, 모자, 선글라스를 착용해주세요.자외선 차단제를 정기적으로 발라주세요.",보통,26,보통,34,보통,87.0,,호흡기가 예민하신 분들은 몸상태 유의하며 활동해주세요.,
2026-05-29T12:23:33.115852+09:00,국립중앙박물관·용산가족공원,국립중앙박물관·용산가족공원,POI089,KEY_1,2026-05-29 12:20,25.5,28.0,16.0,41,SE,3.0,-,없음,비 또는 눈 소식이 없어요.,05:14,19:45,10,매우높음,"햇볕에 노출 시 수십분 이내에도 피부 화상을 입을 수 있어 매우 위험해요.낮 시간 외출을 피하고 실내나 그늘에 머물러주세요.외출시 긴 소매 옷, 모자, 선글라스를 착용해주세요.자외선 차단제를 정기적으로 발라주세요.",나쁨,37,나쁨,94,보통,87.0,,호흡기가 예민하신 분들은 몸상태 유의하며 활동해주세요.,
2026-05-29T12:23:33.115852+09:00,난지한강공원,난지한강공원,POI090,KEY_2,2026-05-29 12:20,26.1,29.0,15.0,41,SSE,2.6,-,없음,비 또는 눈 소식이 없어요.,05:14,19:45,10,매우높음,"햇볕에 노출 시 수십분 이내에도 피부 화상을 입을 수 있어 매우 위험해요.낮 시간 외출을 피하고 실내나 그늘에 머물러주세요.외출시 긴 소매 옷, 모자, 선글라스를 착용해주세요.자외선 차단제를 정기적으로 발라주세요.",보통,25,보통,48,보통,95.0,,호흡기가 예민하신 분들은 몸상태 유의하며 활동해주세요.,
2026-05-29T12:23:33.115852+09:00,남산공원,남산공원,POI091,KEY_3,2026-05-29 12:20,25.1,28.0,16.0,50,SE,3.2,-,없음,비 또는 눈 소식이 없어요.,05:14,19:45,10,매우높음,"햇볕에 노출 시 수십분 이내에도 피부 화상을 입을 수 있어 매우 위험해요.낮 시간 외출을 피하고 실내나 그늘에 머물러주세요.외출시 긴 소매 옷, 모자, 선글라스를 착용해주세요.자외선 차단제를 정기적으로 발라주세요.",보통,30,보통,38,보통,97.0,,호흡기가 예민하신 분들은 몸상태 유의하며 활동해주세요.,
2026-05-29T12:23:33.115852+09:00,노들섬,노들섬,POI092,KEY_4,2026-05-29 12:20,25.3,28.0,17.0,51,SSE,3.9,-,없음,비 또는 눈 소식이 없어요.,05:14,19:45,10,매우높음,"햇볕에 노출 시 수십분 이내에도 피부 화상을 입을 수 있어 매우 위험해요.낮 시간 외출을 피하고 실내나 그늘에 머물러주세요.외출시 긴 소매 옷, 모자, 선글라스를 착용해주세요.자외선 차단제를 정기적으로 발라주세요.",나쁨,37,나쁨,94,보통,87.0,,호흡기가 예민하신 분들은 몸상태 유의하며 활동해주세요.,
2026-05-29T12:23:33.115852+09:00,뚝섬한강공원,뚝섬한강공원,POI093,KEY_1,2026-05-29 12:20,25.5,28.0,17.0,41,SE,3.0,-,없음,비 또는 눈 소식이 없어요.,05:14,19:45,10,매우높음,"햇볕에 노출 시 수십분 이내에도 피부 화상을 입을 수 있어 매우 위험해요.낮 시간 외출을 피하고 실내나 그늘에 머물러주세요.외출시 긴 소매 옷, 모자, 선글라스를 착용해주세요.자외선 차단제를 정기적으로 발라주세요.",보통,26,보통,38,보통,90.0,,호흡기가 예민하신 분들은 몸상태 유의하며 활동해주세요.,
2026-05-29T12:23:33.115852+09:00,망원한강공원,망원한강공원,POI094,KEY_2,2026-05-29 12:20,25.3,28.0,17.0,51,SSE,3.9,-,없음,비 또는 눈 소식이 없어요.,05:14,19:45,10,매우높음,"햇볕에 노출 시 수십분 이내에도 피부 화상을 입을 수 있어 매우 위험해요.낮 시간 외출을 피하고 실내나 그늘에 머물러주세요.외출시 긴 소매 옷, 모자, 선글라스를 착용해주세요.자외선 차단제를 정기적으로 발라주세요.",보통,23,보통,54,보통,95.0,,호흡기가 예민하신 분들은 몸상태 유의하며 활동해주세요.,
2026-05-29T12:23:33.115852+09:00,반포한강공원,반포한강공원,POI095,KEY_3,2026-05-29 12:20,25.5,28.0,16.0,41,SE,3.0,-,없음,비 또는 눈 소식이 없어요.,05:14,19:45,10,매우높음,"햇볕에 노출 시 수십분 이내에도 피부 화상을 입을 수 있어 매우 위험해요.낮 시간 외출을 피하고 실내나 그늘에 머물러주세요.외출시 긴 소매 옷, 모자, 선글라스를 착용해주세요.자외선 차단제를 정기적으로 발라주세요.",나쁨,37,나쁨,94,보통,87.0,,호흡기가 예민하신 분들은 몸상태 유의하며 활동해주세요.,
2026-05-29T12:23:33.115852+09:00,보라매공원,보라매공원,POI123,KEY_4,2026-05-29 12:20,24.6,28.0,16.0,46,SSE,1.4,-,없음,비 또는 눈 소식이 없어요.,05:14,19:45,10,매우높음,"햇볕에 노출 시 수십분 이내에도 피부 화상을 입을 수 있어 매우 위험해요.낮 시간 외출을 피하고 실내나 그늘에 머물러주세요.외출시 긴 소매 옷, 모자, 선글라스를 착용해주세요.자외선 차단제를 정기적으로 발라주세요.",보통,23,보통,53,보통,92.0,,호흡기가 예민하신 분들은 몸상태 유의하며 활동해주세요.,
2026-05-29T12:23:33.115852+09:00,북서울꿈의숲,북서울꿈의숲,POI096,KEY_1,2026-05-29 12:20,25.8,28.0,15.0,32,SSE,1.2,-,없음,비 또는 눈 소식이 없어요.,05:14,19:45,10,매우높음,"햇볕에 노출 시 수십분 이내에도 피부 화상을 입을 수 있어 매우 위험해요.낮 시간 외출을 피하고 실내나 그늘에 머물러주세요.외출시 긴 소매 옷, 모자, 선글라스를 착용해주세요.자외선 차단제를 정기적으로 발라주세요.",좋음,15,좋음,23,보통,70.0,,호흡기가 예민하신 분들은 몸상태 유의하며 활동해주세요.,
2026-05-29T12:23:33.115852+09:00,서대문독립공원,서대문독립공원,POI124,KEY_2,2026-05-29 12:20,25.1,28.0,16.0,50,SE,3.2,-,없음,비 또는 눈 소식이 없어요.,05:14,19:45,10,매우높음,"햇볕에 노출 시 수십분 이내에도 피부 화상을 입을 수 있어 매우 위험해요.낮 시간 외출을 피하고 실내나 그늘에 머물러주세요.외출시 긴 소매 옷, 모자, 선글라스를 착용해주세요.자외선 차단제를 정기적으로 발라주세요.",보통,26,보통,34,보통,87.0,,호흡기가 예민하신 분들은 몸상태 유의하며 활동해주세요.,
2026-05-29T12:23:33.115852+09:00,서리풀공원·몽마르뜨공원,서리풀공원·몽마르뜨공원,POI098,KEY_3,2026-05-29 12:20,25.6,28.0,15.0,47,N,2.3,-,없음,비 또는 눈 소식이 없어요.,05:14,19:45,10,매우높음,"햇볕에 노출 시 수십분 이내에도 피부 화상을 입을 수 있어 매우 위험해요.낮 시간 외출을 피하고 실내나 그늘에 머물러주세요.외출시 긴 소매 옷, 모자, 선글라스를 착용해주세요.자외선 차단제를 정기적으로 발라주세요.",보통,31,보통,52,나쁨,105.0,,"장기간 또는 무리한 실외활동을 제한합니다.눈, 목 등에 통증이 느껴지고 기침이 난다면 실외활동을 피해주세요.",
2026-05-29T12:23:33.115852+09:00,서울숲공원,서울숲공원,POI101,KEY_1,2026-05-29 12:20,25.5,28.0,17.0,41,SE,3.0,-,없음,비 또는 눈 소식이 없어요.,05:14,19:45,10,매우높음,"햇볕에 노출 시 수십분 이내에도 피부 화상을 입을 수 있어 매우 위험해요.낮 시간 외출을 피하고 실내나 그늘에 머물러주세요.외출시 긴 소매 옷, 모자, 선글라스를 착용해주세요.자외선 차단제를 정기적으로 발라주세요.",보통,28,보통,47,보통,92.0,,호흡기가 예민하신 분들은 몸상태 유의하며 활동해주세요.,
2026-05-29T12:23:33.115852+09:00,송현녹지광장,송현녹지광장,POI129,KEY_2,2026-05-29 12:20,25.1,28.0,16.0,50,SE,3.2,-,없음,비 또는 눈 소식이 없어요.,05:14,19:45,10,매우높음,"햇볕에 노출 시 수십분 이내에도 피부 화상을 입을 수 있어 매우 위험해요.낮 시간 외출을 피하고 실내나 그늘에 머물러주세요.외출시 긴 소매 옷, 모자, 선글라스를 착용해주세요.자외선 차단제를 정기적으로 발라주세요.",보통,26,보통,34,보통,87.0,,호흡기가 예민하신 분들은 몸상태 유의하며 활동해주세요.,
2026-05-29T12:23:33.115852+09:00,아차산,아차산,POI102,KEY_3,2026-05-29 12:20,26.1,28.0,16.0,31,SSE,2.7,-,없음,비 또는 눈 소식이 없어요.,05:14,19:45,10,매우높음,"햇볕에 노출 시 수십분 이내에도 피부 화상을 입을 수 있어 매우 위험해요.낮 시간 외출을 피하고 실내나 그늘에 머물러주세요.외출시 긴 소매 옷, 모자, 선글라스를 착용해주세요.자외선 차단제를 정기적으로 발라주세요.",보통,26,보통,38,보통,90.0,,호흡기가 예민하신 분들은 몸상태 유의하며 활동해주세요.,
2026-05-29T12:23:33.115852+09:00,안양천,안양천,POI125,KEY_4,2026-05-29 12:20,25.4,29.0,17.0,43,SSE,2.0,-,없음,비 또는 눈 소식이 없어요.,05:14,19:45,10,매우높음,"햇볕에 노출 시 수십분 이내에도 피부 화상을 입을 수 있어 매우 위험해요.낮 시간 외출을 피하고 실내나 그늘에 머물러주세요.외출시 긴 소매 옷, 모자, 선글라스를 착용해주세요.자외선 차단제를 정기적으로 발라주세요.",보통,25,보통,49,보통,95.0,,호흡기가 예민하신 분들은 몸상태 유의하며 활동해주세요.,
2026-05-29T12:23:33.115852+09:00,양화한강공원,양화한강공원,POI103,KEY_1,2026-05-29 12:20,25.4,29.0,17.0,43,SSE,2.0,-,없음,비 또는 눈 소식이 없어요.,05:14,19:45,10,매우높음,"햇볕에 노출 시 수십분 이내에도 피부 화상을 입을 수 있어 매우 위험해요.낮 시간 외출을 피하고 실내나 그늘에 머물러주세요.외출시 긴 소매 옷, 모자, 선글라스를 착용해주세요.자외선 차단제를 정기적으로 발라주세요.",보통,23,보통,33,보통,90.0,,호흡기가 예민하신 분들은 몸상태 유의하며 활동해주세요.,
2026-05-29T12:23:33.115852+09:00,어린이대공원,어린이대공원,POI104,KEY_2,2026-05-29 12:20,26.4,28.0,16.0,35,SE,3.1,-,없음,비 또는 눈 소식이 없어요.,05:14,19:45,10,매우높음,"햇볕에 노출 시 수십분 이내에도 피부 화상을 입을 수 있어 매우 위험해요.낮 시간 외출을 피하고 실내나 그늘에 머물러주세요.외출시 긴 소매 옷, 모자, 선글라스를 착용해주세요.자외선 차단제를 정기적으로 발라주세요.",보통,26,보통,38,보통,90.0,,호흡기가 예민하신 분들은 몸상태 유의하며 활동해주세요.,
2026-05-29T12:23:33.115852+09:00,여의도한강공원,여의도한강공원,POI105,KEY_3,2026-05-29 12:20,25.3,28.0,17.0,51,SSE,3.9,-,없음,비 또는 눈 소식이 없어요.,05:14,19:45,10,매우높음,"햇볕에 노출 시 수십분 이내에도 피부 화상을 입을 수 있어 매우 위험해요.낮 시간 외출을 피하고 실내나 그늘에 머물러주세요.외출시 긴 소매 옷, 모자, 선글라스를 착용해주세요.자외선 차단제를 정기적으로 발라주세요.",보통,23,보통,33,보통,90.0,,호흡기가 예민하신 분들은 몸상태 유의하며 활동해주세요.,
2026-05-29T12:23:33.115852+09:00,여의서로,여의서로,POI126,KEY_4,2026-05-29 12:20,25.3,28.0,17.0,51,SSE,3.9,-,없음,비 또는 눈 소식이 없어요.,05:14,19:45,10,매우높음,"햇볕에 노출 시 수십분 이내에도 피부 화상을 입을 수 있어 매우 위험해요.낮 시간 외출을 피하고 실내나 그늘에 머물러주세요.외출시 긴 소매 옷, 모자, 선글라스를 착용해주세요.자외선 차단제를 정기적으로 발라주세요.",보통,23,보통,33,보통,90.0,,호흡기가 예민하신 분들은 몸상태 유의하며 활동해주세요.,
2026-05-29T12:23:33.115852+09:00,올림픽공원,올림픽공원,POI127,KEY_1,2026-05-29 12:20,26.4,28.0,16.0,35,SE,3.1,-,없음,비 또는 눈 소식이 없어요.,05:14,19:45,10,매우높음,"햇볕에 노출 시 수십분 이내에도 피부 화상을 입을 수 있어 매우 위험해요.낮 시간 외출을 피하고 실내나 그늘에 머물러주세요.외출시 긴 소매 옷, 모자, 선글라스를 착용해주세요.자외선 차단제를 정기적으로 발라주세요.",보통,21,보통,37,보통,74.0,,호흡기가 예민하신 분들은 몸상태 유의하며 활동해주세요.,
2026-05-29T12:23:33.115852+09:00,월드컵공원,월드컵공원,POI106,KEY_2,2026-05-29 12:20,26.1,29.0,15.0,41,SSE,2.6,-,없음,비 또는 눈 소식이 없어요.,05:14,19:45,10,매우높음,"햇볕에 노출 시 수십분 이내에도 피부 화상을 입을 수 있어 매우 위험해요.낮 시간 외출을 피하고 실내나 그늘에 머물러주세요.외출시 긴 소매 옷, 모자, 선글라스를 착용해주세요.자외선 차단제를 정기적으로 발라주세요.",보통,23,보통,54,보통,95.0,,호흡기가 예민하신 분들은 몸상태 유의하며 활동해주세요.,
2026-05-29T12:23:33.115852+09:00,응봉산,응봉산,POI107,KEY_3,2026-05-29 12:20,25.5,28.0,17.0,41,SE,3.0,-,없음,비 또는 눈 소식이 없어요.,05:14,19:45,10,매우높음,"햇볕에 노출 시 수십분 이내에도 피부 화상을 입을 수 있어 매우 위험해요.낮 시간 외출을 피하고 실내나 그늘에 머물러주세요.외출시 긴 소매 옷, 모자, 선글라스를 착용해주세요.자외선 차단제를 정기적으로 발라주세요.",보통,28,보통,47,보통,92.0,,호흡기가 예민하신 분들은 몸상태 유의하며 활동해주세요.,
2026-05-29T12:23:33.115852+09:00,이촌한강공원,이촌한강공원,POI108,KEY_4,2026-05-29 12:20,25.5,28.0,16.0,41,SE,3.0,-,없음,비 또는 눈 소식이 없어요.,05:14,19:45,10,매우높음,"햇볕에 노출 시 수십분 이내에도 피부 화상을 입을 수 있어 매우 위험해요.낮 시간 외출을 피하고 실내나 그늘에 머물러주세요.외출시 긴 소매 옷, 모자, 선글라스를 착용해주세요.자외선 차단제를 정기적으로 발라주세요.",나쁨,37,나쁨,94,보통,87.0,,호흡기가 예민하신 분들은 몸상태 유의하며 활동해주세요.,
2026-05-29T12:23:33.115852+09:00,잠실종합운동장,잠실종합운동장,POI109,KEY_1,2026-05-29 12:20,25.4,29.0,16.0,44,SE,3.0,-,없음,비 또는 눈 소식이 없어요.,05:14,19:45,10,매우높음,"햇볕에 노출 시 수십분 이내에도 피부 화상을 입을 수 있어 매우 위험해요.낮 시간 외출을 피하고 실내나 그늘에 머물러주세요.외출시 긴 소매 옷, 모자, 선글라스를 착용해주세요.자외선 차단제를 정기적으로 발라주세요.",보통,21,보통,37,보통,74.0,,호흡기가 예민하신 분들은 몸상태 유의하며 활동해주세요.,
2026-05-29T12:23:33.115852+09:00,잠실한강공원,잠실한강공원,POI110,KEY_2,2026-05-29 12:20,26.4,28.0,16.0,35,SE,3.1,-,없음,비 또는 눈 소식이 없어요.,05:14,19:45,10,매우높음,"햇볕에 노출 시 수십분 이내에도 피부 화상을 입을 수 있어 매우 위험해요.낮 시간 외출을 피하고 실내나 그늘에 머물러주세요.외출시 긴 소매 옷, 모자, 선글라스를 착용해주세요.자외선 차단제를 정기적으로 발라주세요.",보통,26,보통,38,보통,90.0,,호흡기가 예민하신 분들은 몸상태 유의하며 활동해주세요.,
2026-05-29T12:23:33.115852+09:00,잠원한강공원,잠원한강공원,POI111,KEY_3,2026-05-29 12:20,25.5,28.0,17.0,41,SE,3.0,-,없음,비 또는 눈 소식이 없어요.,05:14,19:45,10,매우높음,"햇볕에 노출 시 수십분 이내에도 피부 화상을 입을 수 있어 매우 위험해요.낮 시간 외출을 피하고 실내나 그늘에 머물러주세요.외출시 긴 소매 옷, 모자, 선글라스를 착용해주세요.자외선 차단제를 정기적으로 발라주세요.",보통,20,보통,40,보통,85.0,,호흡기가 예민하신 분들은 몸상태 유의하며 활동해주세요.,
2026-05-29T12:23:33.115852+09:00,청계산,청계산,POI112,KEY_4,2026-05-29 12:20,25.4,27.0,14.0,48,NE,1.8,-,없음,비 또는 눈 소식이 없어요.,05:14,19:45,10,매우높음,"햇볕에 노출 시 수십분 이내에도 피부 화상을 입을 수 있어 매우 위험해요.낮 시간 외출을 피하고 실내나 그늘에 머물러주세요.외출시 긴 소매 옷, 모자, 선글라스를 착용해주세요.자외선 차단제를 정기적으로 발라주세요.",보통,31,보통,52,나쁨,105.0,,"장기간 또는 무리한 실외활동을 제한합니다.눈, 목 등에 통증이 느껴지고 기침이 난다면 실외활동을 피해주세요.",
2026-05-29T12:23:33.115852+09:00,홍제폭포,홍제폭포,POI128,KEY_1,2026-05-29 12:20,24.9,28.0,15.0,58,SSE,1.4,-,없음,비 또는 눈 소식이 없어요.,05:14,19:45,10,매우높음,"햇볕에 노출 시 수십분 이내에도 피부 화상을 입을 수 있어 매우 위험해요.낮 시간 외출을 피하고 실내나 그늘에 머물러주세요.외출시 긴 소매 옷, 모자, 선글라스를 착용해주세요.자외선 차단제를 정기적으로 발라주세요.",보통,23,보통,38,보통,95.0,,호흡기가 예민하신 분들은 몸상태 유의하며 활동해주세요.,
2026-05-29T12:23:33.115852+09:00,가락시장,가락시장,POI058,KEY_2,2026-05-29 12:20,25.4,29.0,16.0,44,SE,3.0,-,없음,비 또는 눈 소식이 없어요.,05:14,19:45,10,매우높음,"햇볕에 노출 시 수십분 이내에도 피부 화상을 입을 수 있어 매우 위험해요.낮 시간 외출을 피하고 실내나 그늘에 머물러주세요.외출시 긴 소매 옷, 모자, 선글라스를 착용해주세요.자외선 차단제를 정기적으로 발라주세요.",보통,21,보통,37,보통,74.0,,호흡기가 예민하신 분들은 몸상태 유의하며 활동해주세요.,
2026-05-29T12:23:33.115852+09:00,가로수길,가로수길,POI059,KEY_3,2026-05-29 12:20,25.5,28.0,17.0,41,SE,3.0,-,없음,비 또는 눈 소식이 없어요.,05:14,19:45,10,매우높음,"햇볕에 노출 시 수십분 이내에도 피부 화상을 입을 수 있어 매우 위험해요.낮 시간 외출을 피하고 실내나 그늘에 머물러주세요.외출시 긴 소매 옷, 모자, 선글라스를 착용해주세요.자외선 차단제를 정기적으로 발라주세요.",보통,20,보통,40,보통,85.0,,호흡기가 예민하신 분들은 몸상태 유의하며 활동해주세요.,
2026-05-29T12:23:33.115852+09:00,광장(전통)시장,광장(전통)시장,POI060,KEY_4,2026-05-29 12:20,25.1,28.0,16.0,50,SE,3.2,-,없음,비 또는 눈 소식이 없어요.,05:14,19:45,10,매우높음,"햇볕에 노출 시 수십분 이내에도 피부 화상을 입을 수 있어 매우 위험해요.낮 시간 외출을 피하고 실내나 그늘에 머물러주세요.외출시 긴 소매 옷, 모자, 선글라스를 착용해주세요.자외선 차단제를 정기적으로 발라주세요.",보통,26,보통,34,보통,87.0,,호흡기가 예민하신 분들은 몸상태 유의하며 활동해주세요.,
2026-05-29T12:23:33.115852+09:00,김포공항,김포공항,POI061,KEY_1,2026-05-29 12:20,26.1,29.0,16.0,41,SSE,2.6,-,없음,비 또는 눈 소식이 없어요.,05:14,19:45,10,매우높음,"햇볕에 노출 시 수십분 이내에도 피부 화상을 입을 수 있어 매우 위험해요.낮 시간 외출을 피하고 실내나 그늘에 머물러주세요.외출시 긴 소매 옷, 모자, 선글라스를 착용해주세요.자외선 차단제를 정기적으로 발라주세요.",보통,25,보통,48,보통,95.0,,호흡기가 예민하신 분들은 몸상태 유의하며 활동해주세요.,
2026-05-29T12:23:33.115852+09:00,남대문시장,남대문시장,POI115,KEY_2,2026-05-29 12:20,25.1,28.0,16.0,50,SE,3.2,-,없음,비 또는 눈 소식이 없어요.,05:14,19:45,10,매우높음,"햇볕에 노출 시 수십분 이내에도 피부 화상을 입을 수 있어 매우 위험해요.낮 시간 외출을 피하고 실내나 그늘에 머물러주세요.외출시 긴 소매 옷, 모자, 선글라스를 착용해주세요.자외선 차단제를 정기적으로 발라주세요.",보통,30,보통,38,보통,97.0,,호흡기가 예민하신 분들은 몸상태 유의하며 활동해주세요.,
2026-05-29T12:23:33.115852+09:00,노량진,노량진,POI063,KEY_3,2026-05-29 12:20,24.6,28.0,16.0,46,SSE,1.4,-,없음,비 또는 눈 소식이 없어요.,05:14,19:45,10,매우높음,"햇볕에 노출 시 수십분 이내에도 피부 화상을 입을 수 있어 매우 위험해요.낮 시간 외출을 피하고 실내나 그늘에 머물러주세요.외출시 긴 소매 옷, 모자, 선글라스를 착용해주세요.자외선 차단제를 정기적으로 발라주세요.",보통,23,보통,53,보통,92.0,,호흡기가 예민하신 분들은 몸상태 유의하며 활동해주세요.,
2026-05-29T12:23:33.115852+09:00,덕수궁길·정동길,덕수궁길·정동길,POI064,KEY_4,2026-05-29 12:20,25.1,28.0,16.0,50,SE,3.2,-,없음,비 또는 눈 소식이 없어요.,05:14,19:45,10,매우높음,"햇볕에 노출 시 수십분 이내에도 피부 화상을 입을 수 있어 매우 위험해요.낮 시간 외출을 피하고 실내나 그늘에 머물러주세요.외출시 긴 소매 옷, 모자, 선글라스를 착용해주세요.자외선 차단제를 정기적으로 발라주세요.",보통,26,보통,34,보통,87.0,,호흡기가 예민하신 분들은 몸상태 유의하며 활동해주세요.,
2026-05-29T12:23:33.115852+09:00,북창동 먹자골목,북창동 먹자골목,POI114,KEY_1,2026-05-29 12:20,25.1,28.0,16.0,50,SE,3.2,-,없음,비 또는 눈 소식이 없어요.,05:14,19:45,10,매우높음,"햇볕에 노출 시 수십분 이내에도 피부 화상을 입을 수 있어 매우 위험해요.낮 시간 외출을 피하고 실내나 그늘에 머물러주세요.외출시 긴 소매 옷, 모자, 선글라스를 착용해주세요.자외선 차단제를 정기적으로 발라주세요.",보통,30,보통,38,보통,97.0,,호흡기가 예민하신 분들은 몸상태 유의하며 활동해주세요.,
2026-05-29T12:23:33.115852+09:00,북촌한옥마을,북촌한옥마을,POI066,KEY_2,2026-05-29 12:20,25.1,28.0,16.0,50,SE,3.2,-,없음,비 또는 눈 소식이 없어요.,05:14,19:45,10,매우높음,"햇볕에 노출 시 수십분 이내에도 피부 화상을 입을 수 있어 매우 위험해요.낮 시간 외출을 피하고 실내나 그늘에 머물러주세요.외출시 긴 소매 옷, 모자, 선글라스를 착용해주세요.자외선 차단제를 정기적으로 발라주세요.",보통,26,보통,34,보통,87.0,,호흡기가 예민하신 분들은 몸상태 유의하며 활동해주세요.,
2026-05-29T12:23:33.115852+09:00,서촌,서촌,POI067,KEY_3,2026-05-29 12:20,25.1,28.0,16.0,50,SE,3.2,-,없음,비 또는 눈 소식이 없어요.,05:14,19:45,10,매우높음,"햇볕에 노출 시 수십분 이내에도 피부 화상을 입을 수 있어 매우 위험해요.낮 시간 외출을 피하고 실내나 그늘에 머물러주세요.외출시 긴 소매 옷, 모자, 선글라스를 착용해주세요.자외선 차단제를 정기적으로 발라주세요.",보통,26,보통,34,보통,87.0,,호흡기가 예민하신 분들은 몸상태 유의하며 활동해주세요.,
2026-05-29T12:23:33.115852+09:00,성수카페거리,성수카페거리,POI068,KEY_4,2026-05-29 12:20,25.5,28.0,17.0,41,SE,3.0,-,없음,비 또는 눈 소식이 없어요.,05:14,19:45,10,매우높음,"햇볕에 노출 시 수십분 이내에도 피부 화상을 입을 수 있어 매우 위험해요.낮 시간 외출을 피하고 실내나 그늘에 머물러주세요.외출시 긴 소매 옷, 모자, 선글라스를 착용해주세요.자외선 차단제를 정기적으로 발라주세요.",보통,28,보통,47,보통,92.0,,호흡기가 예민하신 분들은 몸상태 유의하며 활동해주세요.,
2026-05-29T12:23:33.115852+09:00,송리단길·호수단길,송리단길·호수단길,POI121,KEY_1,2026-05-29 12:20,25.4,29.0,16.0,44,SE,3.0,-,없음,비 또는 눈 소식이 없어요.,05:14,19:45,10,매우높음,"햇볕에 노출 시 수십분 이내에도 피부 화상을 입을 수 있어 매우 위험해요.낮 시간 외출을 피하고 실내나 그늘에 머물러주세요.외출시 긴 소매 옷, 모자, 선글라스를 착용해주세요.자외선 차단제를 정기적으로 발라주세요.",보통,21,보통,37,보통,74.0,,호흡기가 예민하신 분들은 몸상태 유의하며 활동해주세요.,
2026-05-29T12:23:33.115852+09:00,신촌 스타광장,신촌 스타광장,POI122,KEY_2,2026-05-29 12:20,25.3,28.0,17.0,51,SSE,3.9,-,없음,비 또는 눈 소식이 없어요.,05:14,19:45,10,매우높음,"햇볕에 노출 시 수십분 이내에도 피부 화상을 입을 수 있어 매우 위험해요.낮 시간 외출을 피하고 실내나 그늘에 머물러주세요.외출시 긴 소매 옷, 모자, 선글라스를 착용해주세요.자외선 차단제를 정기적으로 발라주세요.",보통,23,보통,38,보통,95.0,,호흡기가 예민하신 분들은 몸상태 유의하며 활동해주세요.,
2026-05-29T12:23:33.115852+09:00,압구정로데오거리,압구정로데오거리,POI071,KEY_3,2026-05-29 12:20,25.5,28.0,17.0,41,SE,3.0,-,없음,비 또는 눈 소식이 없어요.,05:14,19:45,10,매우높음,"햇볕에 노출 시 수십분 이내에도 피부 화상을 입을 수 있어 매우 위험해요.낮 시간 외출을 피하고 실내나 그늘에 머물러주세요.외출시 긴 소매 옷, 모자, 선글라스를 착용해주세요.자외선 차단제를 정기적으로 발라주세요.",보통,20,보통,40,보통,85.0,,호흡기가 예민하신 분들은 몸상태 유의하며 활동해주세요.,
2026-05-29T12:23:33.115852+09:00,여의도,여의도,POI072,KEY_4,2026-05-29 12:20,25.3,28.0,17.0,51,SSE,3.9,-,없음,비 또는 눈 소식이 없어요.,05:14,19:45,10,매우높음,"햇볕에 노출 시 수십분 이내에도 피부 화상을 입을 수 있어 매우 위험해요.낮 시간 외출을 피하고 실내나 그늘에 머물러주세요.외출시 긴 소매 옷, 모자, 선글라스를 착용해주세요.자외선 차단제를 정기적으로 발라주세요.",보통,23,보통,33,보통,90.0,,호흡기가 예민하신 분들은 몸상태 유의하며 활동해주세요.,
2026-05-29T12:23:33.115852+09:00,연남동,연남동,POI073,KEY_1,2026-05-29 12:20,24.9,28.0,15.0,58,SSE,1.4,-,없음,비 또는 눈 소식이 없어요.,05:14,19:45,10,매우높음,"햇볕에 노출 시 수십분 이내에도 피부 화상을 입을 수 있어 매우 위험해요.낮 시간 외출을 피하고 실내나 그늘에 머물러주세요.외출시 긴 소매 옷, 모자, 선글라스를 착용해주세요.자외선 차단제를 정기적으로 발라주세요.",보통,23,보통,54,보통,95.0,,호흡기가 예민하신 분들은 몸상태 유의하며 활동해주세요.,
2026-05-29T12:23:33.115852+09:00,영등포 타임스퀘어,영등포 타임스퀘어,POI074,KEY_2,2026-05-29 12:20,25.3,28.0,17.0,51,SSE,3.9,-,없음,비 또는 눈 소식이 없어요.,05:14,19:45,10,매우높음,"햇볕에 노출 시 수십분 이내에도 피부 화상을 입을 수 있어 매우 위험해요.낮 시간 외출을 피하고 실내나 그늘에 머물러주세요.외출시 긴 소매 옷, 모자, 선글라스를 착용해주세요.자외선 차단제를 정기적으로 발라주세요.",보통,23,보통,33,보통,90.0,,호흡기가 예민하신 분들은 몸상태 유의하며 활동해주세요.,
2026-05-29T12:23:33.115852+09:00,용리단길,용리단길,POI076,KEY_3,2026-05-29 12:20,25.5,28.0,16.0,41,SE,3.0,-,없음,비 또는 눈 소식이 없어요.,05:14,19:45,10,매우높음,"햇볕에 노출 시 수십분 이내에도 피부 화상을 입을 수 있어 매우 위험해요.낮 시간 외출을 피하고 실내나 그늘에 머물러주세요.외출시 긴 소매 옷, 모자, 선글라스를 착용해주세요.자외선 차단제를 정기적으로 발라주세요.",나쁨,37,나쁨,94,보통,87.0,,호흡기가 예민하신 분들은 몸상태 유의하며 활동해주세요.,
2026-05-29T12:23:33.115852+09:00,이태원 앤틱가구거리,이태원 앤틱가구거리,POI077,KEY_4,2026-05-29 12:20,25.5,28.0,16.0,41,SE,3.0,-,없음,비 또는 눈 소식이 없어요.,05:14,19:45,10,매우높음,"햇볕에 노출 시 수십분 이내에도 피부 화상을 입을 수 있어 매우 위험해요.낮 시간 외출을 피하고 실내나 그늘에 머물러주세요.외출시 긴 소매 옷, 모자, 선글라스를 착용해주세요.자외선 차단제를 정기적으로 발라주세요.",나쁨,37,나쁨,94,보통,87.0,,호흡기가 예민하신 분들은 몸상태 유의하며 활동해주세요.,
2026-05-29T12:23:33.115852+09:00,익선동,익선동,POI116,KEY_1,2026-05-29 12:20,25.1,28.0,16.0,50,SE,3.2,-,없음,비 또는 눈 소식이 없어요.,05:14,19:45,10,매우높음,"햇볕에 노출 시 수십분 이내에도 피부 화상을 입을 수 있어 매우 위험해요.낮 시간 외출을 피하고 실내나 그늘에 머물러주세요.외출시 긴 소매 옷, 모자, 선글라스를 착용해주세요.자외선 차단제를 정기적으로 발라주세요.",보통,26,보통,34,보통,87.0,,호흡기가 예민하신 분들은 몸상태 유의하며 활동해주세요.,
2026-05-29T12:23:33.115852+09:00,인사동,인사동,POI078,KEY_2,2026-05-29 12:20,25.1,28.0,16.0,50,SE,3.2,-,없음,비 또는 눈 소식이 없어요.,05:14,19:45,10,매우높음,"햇볕에 노출 시 수십분 이내에도 피부 화상을 입을 수 있어 매우 위험해요.낮 시간 외출을 피하고 실내나 그늘에 머물러주세요.외출시 긴 소매 옷, 모자, 선글라스를 착용해주세요.자외선 차단제를 정기적으로 발라주세요.",보통,26,보통,34,보통,87.0,,호흡기가 예민하신 분들은 몸상태 유의하며 활동해주세요.,
2026-05-29T12:23:33.115852+09:00,잠실롯데타워·석촌호수,잠실롯데타워·석촌호수,POI120,KEY_3,2026-05-29 12:20,26.4,28.0,16.0,35,SE,3.1,-,없음,비 또는 눈 소식이 없어요.,05:14,19:45,10,매우높음,"햇볕에 노출 시 수십분 이내에도 피부 화상을 입을 수 있어 매우 위험해요.낮 시간 외출을 피하고 실내나 그늘에 머물러주세요.외출시 긴 소매 옷, 모자, 선글라스를 착용해주세요.자외선 차단제를 정기적으로 발라주세요.",보통,21,보통,37,보통,74.0,,호흡기가 예민하신 분들은 몸상태 유의하며 활동해주세요.,
2026-05-29T12:23:33.115852+09:00,창동 신경제 중심지,창동 신경제 중심지,POI079,KEY_4,2026-05-29 12:20,24.9,28.0,15.0,38,SE,2.7,-,없음,비 또는 눈 소식이 없어요.,05:14,19:45,10,매우높음,"햇볕에 노출 시 수십분 이내에도 피부 화상을 입을 수 있어 매우 위험해요.낮 시간 외출을 피하고 실내나 그늘에 머물러주세요.외출시 긴 소매 옷, 모자, 선글라스를 착용해주세요.자외선 차단제를 정기적으로 발라주세요.",좋음,14,좋음,24,보통,70.0,,호흡기가 예민하신 분들은 몸상태 유의하며 활동해주세요.,
2026-05-29T12:23:33.115852+09:00,청담동 명품거리,청담동 명품거리,POI080,KEY_1,2026-05-29 12:20,25.5,28.0,17.0,41,SE,3.0,-,없음,비 또는 눈 소식이 없어요.,05:14,19:45,10,매우높음,"햇볕에 노출 시 수십분 이내에도 피부 화상을 입을 수 있어 매우 위험해요.낮 시간 외출을 피하고 실내나 그늘에 머물러주세요.외출시 긴 소매 옷, 모자, 선글라스를 착용해주세요.자외선 차단제를 정기적으로 발라주세요.",보통,20,보통,40,보통,85.0,,호흡기가 예민하신 분들은 몸상태 유의하며 활동해주세요.,
2026-05-29T12:23:33.115852+09:00,청량리 제기동 일대 전통시장,청량리 제기동 일대 전통시장,POI081,KEY_2,2026-05-29 12:20,26.5,29.0,17.0,34,SE,2.6,-,없음,비 또는 눈 소식이 없어요.,05:14,19:45,10,매우높음,"햇볕에 노출 시 수십분 이내에도 피부 화상을 입을 수 있어 매우 위험해요.낮 시간 외출을 피하고 실내나 그늘에 머물러주세요.외출시 긴 소매 옷, 모자, 선글라스를 착용해주세요.자외선 차단제를 정기적으로 발라주세요.",보통,19,좋음,30,보통,79.0,,호흡기가 예민하신 분들은 몸상태 유의하며 활동해주세요.,
2026-05-29T12:23:33.115852+09:00,해방촌·경리단길,해방촌·경리단길,POI082,KEY_3,2026-05-29 12:20,25.5,28.0,16.0,41,SE,3.0,-,없음,비 또는 눈 소식이 없어요.,05:14,19:45,10,매우높음,"햇볕에 노출 시 수십분 이내에도 피부 화상을 입을 수 있어 매우 위험해요.낮 시간 외출을 피하고 실내나 그늘에 머물러주세요.외출시 긴 소매 옷, 모자, 선글라스를 착용해주세요.자외선 차단제를 정기적으로 발라주세요.",나쁨,37,나쁨,94,보통,87.0,,호흡기가 예민하신 분들은 몸상태 유의하며 활동해주세요.,
2026-05-29T12:23:33.115852+09:00,DDP(동대문디자인플라자),DDP(동대문디자인플라자),POI083,KEY_4,2026-05-29 12:20,25.1,28.0,16.0,50,SE,3.2,-,없음,비 또는 눈 소식이 없어요.,05:14,19:45,10,매우높음,"햇볕에 노출 시 수십분 이내에도 피부 화상을 입을 수 있어 매우 위험해요.낮 시간 외출을 피하고 실내나 그늘에 머물러주세요.외출시 긴 소매 옷, 모자, 선글라스를 착용해주세요.자외선 차단제를 정기적으로 발라주세요.",보통,26,보통,34,보통,87.0,,호흡기가 예민하신 분들은 몸상태 유의하며 활동해주세요.,
2026-05-29T12:23:33.115852+09:00,DMC(디지털미디어시티),DMC(디지털미디어시티),POI084,KEY_1,2026-05-29 12:20,26.1,29.0,15.0,41,SSE,2.6,-,없음,비 또는 눈 소식이 없어요.,05:14,19:45,10,매우높음,"햇볕에 노출 시 수십분 이내에도 피부 화상을 입을 수 있어 매우 위험해요.낮 시간 외출을 피하고 실내나 그늘에 머물러주세요.외출시 긴 소매 옷, 모자, 선글라스를 착용해주세요.자외선 차단제를 정기적으로 발라주세요.",보통,23,보통,54,보통,95.0,,호흡기가 예민하신 분들은 몸상태 유의하며 활동해주세요.,
2026-05-29T12:23:33.115852+09:00,강남역,강남역,POI014,KEY_3,2026-05-29 12:20,26.0,28.0,15.0,39,SSE,3.2,-,없음,비 또는 눈 소식이 없어요.,05:14,19:45,10,매우높음,"햇볕에 노출 시 수십분 이내에도 피부 화상을 입을 수 있어 매우 위험해요.낮 시간 외출을 피하고 실내나 그늘에 머물러주세요.외출시 긴 소매 옷, 모자, 선글라스를 착용해주세요.자외선 차단제를 정기적으로 발라주세요.",보통,31,보통,52,나쁨,105.0,,"장기간 또는 무리한 실외활동을 제한합니다.눈, 목 등에 통증이 느껴지고 기침이 난다면 실외활동을 피해주세요.",
2026-05-29T12:23:33.115852+09:00,건대입구역,건대입구역,POI015,KEY_4,2026-05-29 12:20,25.5,28.0,17.0,41,SE,3.0,-,없음,비 또는 눈 소식이 없어요.,05:14,19:45,10,매우높음,"햇볕에 노출 시 수십분 이내에도 피부 화상을 입을 수 있어 매우 위험해요.낮 시간 외출을 피하고 실내나 그늘에 머물러주세요.외출시 긴 소매 옷, 모자, 선글라스를 착용해주세요.자외선 차단제를 정기적으로 발라주세요.",보통,26,보통,38,보통,90.0,,호흡기가 예민하신 분들은 몸상태 유의하며 활동해주세요.,
2026-05-29T12:23:33.115852+09:00,고덕역,고덕역,POI016,KEY_1,2026-05-29 12:20,26.3,28.0,16.0,34,SE,1.7,-,없음,비 또는 눈 소식이 없어요.,05:14,19:45,10,매우높음,"햇볕에 노출 시 수십분 이내에도 피부 화상을 입을 수 있어 매우 위험해요.낮 시간 외출을 피하고 실내나 그늘에 머물러주세요.외출시 긴 소매 옷, 모자, 선글라스를 착용해주세요.자외선 차단제를 정기적으로 발라주세요.",보통,24,보통,32,보통,95.0,,호흡기가 예민하신 분들은 몸상태 유의하며 활동해주세요.,
2026-05-29T12:23:33.115852+09:00,고속터미널역,고속터미널역,POI017,KEY_2,2026-05-29 12:20,25.6,28.0,15.0,47,N,2.3,-,없음,비 또는 눈 소식이 없어요.,05:14,19:45,10,매우높음,"햇볕에 노출 시 수십분 이내에도 피부 화상을 입을 수 있어 매우 위험해요.낮 시간 외출을 피하고 실내나 그늘에 머물러주세요.외출시 긴 소매 옷, 모자, 선글라스를 착용해주세요.자외선 차단제를 정기적으로 발라주세요.",보통,31,보통,52,나쁨,105.0,,"장기간 또는 무리한 실외활동을 제한합니다.눈, 목 등에 통증이 느껴지고 기침이 난다면 실외활동을 피해주세요.",
2026-05-29T12:23:33.115852+09:00,교대역,교대역,POI018,KEY_3,2026-05-29 12:20,26.0,28.0,15.0,39,SSE,3.2,-,없음,비 또는 눈 소식이 없어요.,05:14,19:45,10,매우높음,"햇볕에 노출 시 수십분 이내에도 피부 화상을 입을 수 있어 매우 위험해요.낮 시간 외출을 피하고 실내나 그늘에 머물러주세요.외출시 긴 소매 옷, 모자, 선글라스를 착용해주세요.자외선 차단제를 정기적으로 발라주세요.",보통,31,보통,52,나쁨,105.0,,"장기간 또는 무리한 실외활동을 제한합니다.눈, 목 등에 통증이 느껴지고 기침이 난다면 실외활동을 피해주세요.",
2026-05-29T12:23:33.115852+09:00,구로디지털단지역,구로디지털단지역,POI019,KEY_4,2026-05-29 12:20,25.3,29.0,17.0,42,SSE,2.1,-,없음,비 또는 눈 소식이 없어요.,05:14,19:45,10,매우높음,"햇볕에 노출 시 수십분 이내에도 피부 화상을 입을 수 있어 매우 위험해요.낮 시간 외출을 피하고 실내나 그늘에 머물러주세요.외출시 긴 소매 옷, 모자, 선글라스를 착용해주세요.자외선 차단제를 정기적으로 발라주세요.",보통,34,보통,55,나쁨,128.0,,"장기간 또는 무리한 실외활동을 제한합니다.눈, 목 등에 통증이 느껴지고 기침이 난다면 실외활동을 피해주세요.",
2026-05-29T12:23:33.115852+09:00,구로역,구로역,POI020,KEY_1,2026-05-29 12:20,25.3,29.0,17.0,42,SSE,2.1,-,없음,비 또는 눈 소식이 없어요.,05:14,19:45,10,매우높음,"햇볕에 노출 시 수십분 이내에도 피부 화상을 입을 수 있어 매우 위험해요.낮 시간 외출을 피하고 실내나 그늘에 머물러주세요.외출시 긴 소매 옷, 모자, 선글라스를 착용해주세요.자외선 차단제를 정기적으로 발라주세요.",보통,34,보통,55,나쁨,128.0,,"장기간 또는 무리한 실외활동을 제한합니다.눈, 목 등에 통증이 느껴지고 기침이 난다면 실외활동을 피해주세요.",
2026-05-29T12:23:33.115852+09:00,군자역,군자역,POI021,KEY_2,2026-05-29 12:20,26.1,28.0,16.0,31,SSE,2.7,-,없음,비 또는 눈 소식이 없어요.,05:14,19:45,10,매우높음,"햇볕에 노출 시 수십분 이내에도 피부 화상을 입을 수 있어 매우 위험해요.낮 시간 외출을 피하고 실내나 그늘에 머물러주세요.외출시 긴 소매 옷, 모자, 선글라스를 착용해주세요.자외선 차단제를 정기적으로 발라주세요.",보통,26,보통,38,보통,90.0,,호흡기가 예민하신 분들은 몸상태 유의하며 활동해주세요.,
2026-05-29T12:23:33.115852+09:00,대림역,대림역,POI023,KEY_3,2026-05-29 12:20,25.3,29.0,17.0,42,SSE,2.1,-,없음,비 또는 눈 소식이 없어요.,05:14,19:45,10,매우높음,"햇볕에 노출 시 수십분 이내에도 피부 화상을 입을 수 있어 매우 위험해요.낮 시간 외출을 피하고 실내나 그늘에 머물러주세요.외출시 긴 소매 옷, 모자, 선글라스를 착용해주세요.자외선 차단제를 정기적으로 발라주세요.",보통,23,보통,33,보통,90.0,,호흡기가 예민하신 분들은 몸상태 유의하며 활동해주세요.,
2026-05-29T12:23:33.115852+09:00,동대문역,동대문역,POI024,KEY_4,2026-05-29 12:20,25.1,28.0,16.0,50,SE,3.2,-,없음,비 또는 눈 소식이 없어요.,05:14,19:45,10,매우높음,"햇볕에 노출 시 수십분 이내에도 피부 화상을 입을 수 있어 매우 위험해요.낮 시간 외출을 피하고 실내나 그늘에 머물러주세요.외출시 긴 소매 옷, 모자, 선글라스를 착용해주세요.자외선 차단제를 정기적으로 발라주세요.",보통,26,보통,34,보통,87.0,,호흡기가 예민하신 분들은 몸상태 유의하며 활동해주세요.,
2026-05-29T12:23:33.115852+09:00,뚝섬역,뚝섬역,POI025,KEY_1,2026-05-29 12:20,25.5,28.0,17.0,41,SE,3.0,-,없음,비 또는 눈 소식이 없어요.,05:14,19:45,10,매우높음,"햇볕에 노출 시 수십분 이내에도 피부 화상을 입을 수 있어 매우 위험해요.낮 시간 외출을 피하고 실내나 그늘에 머물러주세요.외출시 긴 소매 옷, 모자, 선글라스를 착용해주세요.자외선 차단제를 정기적으로 발라주세요.",보통,28,보통,47,보통,92.0,,호흡기가 예민하신 분들은 몸상태 유의하며 활동해주세요.,
2026-05-29T12:23:33.115852+09:00,미아사거리역,미아사거리역,POI026,KEY_2,2026-05-29 12:20,25.8,28.0,15.0,32,SSE,1.2,-,없음,비 또는 눈 소식이 없어요.,05:14,19:45,10,매우높음,"햇볕에 노출 시 수십분 이내에도 피부 화상을 입을 수 있어 매우 위험해요.낮 시간 외출을 피하고 실내나 그늘에 머물러주세요.외출시 긴 소매 옷, 모자, 선글라스를 착용해주세요.자외선 차단제를 정기적으로 발라주세요.",좋음,15,좋음,23,보통,70.0,,호흡기가 예민하신 분들은 몸상태 유의하며 활동해주세요.,
2026-05-29T12:23:33.115852+09:00,발산역,발산역,POI027,KEY_3,2026-05-29 12:20,26.1,29.0,16.0,41,SSE,2.6,-,없음,비 또는 눈 소식이 없어요.,05:14,19:45,10,매우높음,"햇볕에 노출 시 수십분 이내에도 피부 화상을 입을 수 있어 매우 위험해요.낮 시간 외출을 피하고 실내나 그늘에 머물러주세요.외출시 긴 소매 옷, 모자, 선글라스를 착용해주세요.자외선 차단제를 정기적으로 발라주세요.",보통,25,보통,48,보통,95.0,,호흡기가 예민하신 분들은 몸상태 유의하며 활동해주세요.,
2026-05-29T12:23:33.115852+09:00,사당역,사당역,POI029,KEY_4,2026-05-29 12:20,25.6,28.0,15.0,47,N,2.3,-,없음,비 또는 눈 소식이 없어요.,05:14,19:45,10,매우높음,"햇볕에 노출 시 수십분 이내에도 피부 화상을 입을 수 있어 매우 위험해요.낮 시간 외출을 피하고 실내나 그늘에 머물러주세요.외출시 긴 소매 옷, 모자, 선글라스를 착용해주세요.자외선 차단제를 정기적으로 발라주세요.",보통,31,보통,52,나쁨,105.0,,"장기간 또는 무리한 실외활동을 제한합니다.눈, 목 등에 통증이 느껴지고 기침이 난다면 실외활동을 피해주세요.",
2026-05-29T12:23:33.115852+09:00,삼각지역,삼각지역,POI030,KEY_1,2026-05-29 12:20,25.5,28.0,16.0,41,SE,3.0,-,없음,비 또는 눈 소식이 없어요.,05:14,19:45,10,매우높음,"햇볕에 노출 시 수십분 이내에도 피부 화상을 입을 수 있어 매우 위험해요.낮 시간 외출을 피하고 실내나 그늘에 머물러주세요.외출시 긴 소매 옷, 모자, 선글라스를 착용해주세요.자외선 차단제를 정기적으로 발라주세요.",나쁨,37,나쁨,94,보통,87.0,,호흡기가 예민하신 분들은 몸상태 유의하며 활동해주세요.,
2026-05-29T12:23:33.115852+09:00,서울대입구역,서울대입구역,POI031,KEY_2,2026-05-29 12:20,24.6,28.0,16.0,46,SSE,1.4,-,없음,비 또는 눈 소식이 없어요.,05:14,19:45,10,매우높음,"햇볕에 노출 시 수십분 이내에도 피부 화상을 입을 수 있어 매우 위험해요.낮 시간 외출을 피하고 실내나 그늘에 머물러주세요.외출시 긴 소매 옷, 모자, 선글라스를 착용해주세요.자외선 차단제를 정기적으로 발라주세요.",보통,26,보통,43,보통,79.0,,호흡기가 예민하신 분들은 몸상태 유의하며 활동해주세요.,
2026-05-29T12:23:33.115852+09:00,서울식물원·마곡나루역,서울식물원·마곡나루역,POI032,KEY_3,2026-05-29 12:20,26.1,29.0,16.0,41,SSE,2.6,-,없음,비 또는 눈 소식이 없어요.,05:14,19:45,10,매우높음,"햇볕에 노출 시 수십분 이내에도 피부 화상을 입을 수 있어 매우 위험해요.낮 시간 외출을 피하고 실내나 그늘에 머물러주세요.외출시 긴 소매 옷, 모자, 선글라스를 착용해주세요.자외선 차단제를 정기적으로 발라주세요.",보통,25,보통,48,보통,95.0,,호흡기가 예민하신 분들은 몸상태 유의하며 활동해주세요.,
2026-05-29T12:23:33.115852+09:00,서울역,서울역,POI033,KEY_4,2026-05-29 12:20,25.1,28.0,16.0,50,SE,3.2,-,없음,비 또는 눈 소식이 없어요.,05:14,19:45,10,매우높음,"햇볕에 노출 시 수십분 이내에도 피부 화상을 입을 수 있어 매우 위험해요.낮 시간 외출을 피하고 실내나 그늘에 머물러주세요.외출시 긴 소매 옷, 모자, 선글라스를 착용해주세요.자외선 차단제를 정기적으로 발라주세요.",보통,30,보통,38,보통,97.0,,호흡기가 예민하신 분들은 몸상태 유의하며 활동해주세요.,
2026-05-29T12:23:33.115852+09:00,선릉역,선릉역,POI034,KEY_1,2026-05-29 12:20,26.0,28.0,15.0,39,SSE,3.2,-,없음,비 또는 눈 소식이 없어요.,05:14,19:45,10,매우높음,"햇볕에 노출 시 수십분 이내에도 피부 화상을 입을 수 있어 매우 위험해요.낮 시간 외출을 피하고 실내나 그늘에 머물러주세요.외출시 긴 소매 옷, 모자, 선글라스를 착용해주세요.자외선 차단제를 정기적으로 발라주세요.",보통,20,보통,40,보통,85.0,,호흡기가 예민하신 분들은 몸상태 유의하며 활동해주세요.,
2026-05-29T12:23:33.115852+09:00,성신여대입구역,성신여대입구역,POI035,KEY_2,2026-05-29 12:20,25.1,28.0,16.0,50,SE,3.2,-,없음,비 또는 눈 소식이 없어요.,05:14,19:45,10,매우높음,"햇볕에 노출 시 수십분 이내에도 피부 화상을 입을 수 있어 매우 위험해요.낮 시간 외출을 피하고 실내나 그늘에 머물러주세요.외출시 긴 소매 옷, 모자, 선글라스를 착용해주세요.자외선 차단제를 정기적으로 발라주세요.",점검중,0,좋음,27,보통,79.0,,호흡기가 예민하신 분들은 몸상태 유의하며 활동해주세요.,
2026-05-29T12:23:33.115852+09:00,수유역,수유역,POI036,KEY_3,2026-05-29 12:20,25.8,28.0,15.0,32,SSE,1.2,-,없음,비 또는 눈 소식이 없어요.,05:14,19:45,10,매우높음,"햇볕에 노출 시 수십분 이내에도 피부 화상을 입을 수 있어 매우 위험해요.낮 시간 외출을 피하고 실내나 그늘에 머물러주세요.외출시 긴 소매 옷, 모자, 선글라스를 착용해주세요.자외선 차단제를 정기적으로 발라주세요.",좋음,15,좋음,23,보통,70.0,,호흡기가 예민하신 분들은 몸상태 유의하며 활동해주세요.,
2026-05-29T12:23:33.115852+09:00,숭례문,숭례문,POI131,KEY_4,2026-05-29 12:20,25.1,28.0,16.0,50,SE,3.2,-,없음,비 또는 눈 소식이 없어요.,05:14,19:45,10,매우높음,"햇볕에 노출 시 수십분 이내에도 피부 화상을 입을 수 있어 매우 위험해요.낮 시간 외출을 피하고 실내나 그늘에 머물러주세요.외출시 긴 소매 옷, 모자, 선글라스를 착용해주세요.자외선 차단제를 정기적으로 발라주세요.",보통,30,보통,38,보통,97.0,,호흡기가 예민하신 분들은 몸상태 유의하며 활동해주세요.,
2026-05-29T12:23:33.115852+09:00,시의회 앞,시의회 앞,POI130,KEY_1,2026-05-29 12:20,25.1,28.0,16.0,50,SE,3.2,-,없음,비 또는 눈 소식이 없어요.,05:14,19:45,10,매우높음,"햇볕에 노출 시 수십분 이내에도 피부 화상을 입을 수 있어 매우 위험해요.낮 시간 외출을 피하고 실내나 그늘에 머물러주세요.외출시 긴 소매 옷, 모자, 선글라스를 착용해주세요.자외선 차단제를 정기적으로 발라주세요.",보통,30,보통,38,보통,97.0,,호흡기가 예민하신 분들은 몸상태 유의하며 활동해주세요.,
2026-05-29T12:23:33.115852+09:00,신논현역·논현역,신논현역·논현역,POI037,KEY_2,2026-05-29 12:20,26.0,28.0,15.0,39,SSE,3.2,-,없음,비 또는 눈 소식이 없어요.,05:14,19:45,10,매우높음,"햇볕에 노출 시 수십분 이내에도 피부 화상을 입을 수 있어 매우 위험해요.낮 시간 외출을 피하고 실내나 그늘에 머물러주세요.외출시 긴 소매 옷, 모자, 선글라스를 착용해주세요.자외선 차단제를 정기적으로 발라주세요.",보통,20,보통,40,보통,85.0,,호흡기가 예민하신 분들은 몸상태 유의하며 활동해주세요.,
2026-05-29T12:23:33.115852+09:00,신도림역,신도림역,POI038,KEY_3,2026-05-29 12:20,24.6,28.0,16.0,46,SSE,1.4,-,없음,비 또는 눈 소식이 없어요.,05:14,19:45,10,매우높음,"햇볕에 노출 시 수십분 이내에도 피부 화상을 입을 수 있어 매우 위험해요.낮 시간 외출을 피하고 실내나 그늘에 머물러주세요.외출시 긴 소매 옷, 모자, 선글라스를 착용해주세요.자외선 차단제를 정기적으로 발라주세요.",보통,23,보통,33,보통,90.0,,호흡기가 예민하신 분들은 몸상태 유의하며 활동해주세요.,
2026-05-29T12:23:33.115852+09:00,신림역,신림역,POI039,KEY_4,2026-05-29 12:20,24.6,28.0,16.0,46,SSE,1.4,-,없음,비 또는 눈 소식이 없어요.,05:14,19:45,10,매우높음,"햇볕에 노출 시 수십분 이내에도 피부 화상을 입을 수 있어 매우 위험해요.낮 시간 외출을 피하고 실내나 그늘에 머물러주세요.외출시 긴 소매 옷, 모자, 선글라스를 착용해주세요.자외선 차단제를 정기적으로 발라주세요.",보통,26,보통,43,보통,79.0,,호흡기가 예민하신 분들은 몸상태 유의하며 활동해주세요.,
2026-05-29T12:23:33.115852+09:00,신정네거리역,신정네거리역,POI117,KEY_1,2026-05-29 12:20,25.4,29.0,17.0,43,SSE,2.0,-,없음,비 또는 눈 소식이 없어요.,05:14,19:45,10,매우높음,"햇볕에 노출 시 수십분 이내에도 피부 화상을 입을 수 있어 매우 위험해요.낮 시간 외출을 피하고 실내나 그늘에 머물러주세요.외출시 긴 소매 옷, 모자, 선글라스를 착용해주세요.자외선 차단제를 정기적으로 발라주세요.",보통,25,보통,49,보통,95.0,,호흡기가 예민하신 분들은 몸상태 유의하며 활동해주세요.,
2026-05-29T12:23:33.115852+09:00,신촌·이대역,신촌·이대역,POI040,KEY_2,2026-05-29 12:20,25.3,28.0,17.0,51,SSE,3.9,-,없음,비 또는 눈 소식이 없어요.,05:14,19:45,10,매우높음,"햇볕에 노출 시 수십분 이내에도 피부 화상을 입을 수 있어 매우 위험해요.낮 시간 외출을 피하고 실내나 그늘에 머물러주세요.외출시 긴 소매 옷, 모자, 선글라스를 착용해주세요.자외선 차단제를 정기적으로 발라주세요.",보통,23,보통,38,보통,95.0,,호흡기가 예민하신 분들은 몸상태 유의하며 활동해주세요.,
2026-05-29T12:23:33.115852+09:00,쌍문역,쌍문역,POI070,KEY_3,2026-05-29 12:20,25.8,28.0,15.0,32,SSE,1.2,-,없음,비 또는 눈 소식이 없어요.,05:14,19:45,10,매우높음,"햇볕에 노출 시 수십분 이내에도 피부 화상을 입을 수 있어 매우 위험해요.낮 시간 외출을 피하고 실내나 그늘에 머물러주세요.외출시 긴 소매 옷, 모자, 선글라스를 착용해주세요.자외선 차단제를 정기적으로 발라주세요.",좋음,13,좋음,22,보통,75.0,,호흡기가 예민하신 분들은 몸상태 유의하며 활동해주세요.,
2026-05-29T12:23:33.115852+09:00,양재역,양재역,POI041,KEY_4,2026-05-29 12:20,26.0,28.0,15.0,39,SSE,3.2,-,없음,비 또는 눈 소식이 없어요.,05:14,19:45,10,매우높음,"햇볕에 노출 시 수십분 이내에도 피부 화상을 입을 수 있어 매우 위험해요.낮 시간 외출을 피하고 실내나 그늘에 머물러주세요.외출시 긴 소매 옷, 모자, 선글라스를 착용해주세요.자외선 차단제를 정기적으로 발라주세요.",보통,31,보통,52,나쁨,105.0,,"장기간 또는 무리한 실외활동을 제한합니다.눈, 목 등에 통증이 느껴지고 기침이 난다면 실외활동을 피해주세요.",
2026-05-29T12:23:33.115852+09:00,역삼역,역삼역,POI042,KEY_1,2026-05-29 12:20,26.0,28.0,15.0,39,SSE,3.2,-,없음,비 또는 눈 소식이 없어요.,05:14,19:45,10,매우높음,"햇볕에 노출 시 수십분 이내에도 피부 화상을 입을 수 있어 매우 위험해요.낮 시간 외출을 피하고 실내나 그늘에 머물러주세요.외출시 긴 소매 옷, 모자, 선글라스를 착용해주세요.자외선 차단제를 정기적으로 발라주세요.",보통,20,보통,40,보통,85.0,,호흡기가 예민하신 분들은 몸상태 유의하며 활동해주세요.,
2026-05-29T12:23:33.115852+09:00,연신내역,연신내역,POI043,KEY_2,2026-05-29 12:20,25.0,28.0,14.0,36,SE,2.7,-,없음,비 또는 눈 소식이 없어요.,05:14,19:45,10,매우높음,"햇볕에 노출 시 수십분 이내에도 피부 화상을 입을 수 있어 매우 위험해요.낮 시간 외출을 피하고 실내나 그늘에 머물러주세요.외출시 긴 소매 옷, 모자, 선글라스를 착용해주세요.자외선 차단제를 정기적으로 발라주세요.",보통,26,보통,36,보통,97.0,,호흡기가 예민하신 분들은 몸상태 유의하며 활동해주세요.,
2026-05-29T12:23:33.115852+09:00,오목교역·목동운동장,오목교역·목동운동장,POI044,KEY_3,2026-05-29 12:20,25.4,29.0,17.0,43,SSE,2.0,-,없음,비 또는 눈 소식이 없어요.,05:14,19:45,10,매우높음,"햇볕에 노출 시 수십분 이내에도 피부 화상을 입을 수 있어 매우 위험해요.낮 시간 외출을 피하고 실내나 그늘에 머물러주세요.외출시 긴 소매 옷, 모자, 선글라스를 착용해주세요.자외선 차단제를 정기적으로 발라주세요.",보통,25,보통,49,보통,95.0,,호흡기가 예민하신 분들은 몸상태 유의하며 활동해주세요.,
2026-05-29T12:23:33.115852+09:00,왕십리역,왕십리역,POI045,KEY_4,2026-05-29 12:20,26.5,29.0,17.0,34,SE,2.6,-,없음,비 또는 눈 소식이 없어요.,05:14,19:45,10,매우높음,"햇볕에 노출 시 수십분 이내에도 피부 화상을 입을 수 있어 매우 위험해요.낮 시간 외출을 피하고 실내나 그늘에 머물러주세요.외출시 긴 소매 옷, 모자, 선글라스를 착용해주세요.자외선 차단제를 정기적으로 발라주세요.",보통,28,보통,47,보통,92.0,,호흡기가 예민하신 분들은 몸상태 유의하며 활동해주세요.,
2026-05-29T12:23:33.115852+09:00,용산역,용산역,POI046,KEY_1,2026-05-29 12:20,25.3,28.0,17.0,51,SSE,3.9,-,없음,비 또는 눈 소식이 없어요.,05:14,19:45,10,매우높음,"햇볕에 노출 시 수십분 이내에도 피부 화상을 입을 수 있어 매우 위험해요.낮 시간 외출을 피하고 실내나 그늘에 머물러주세요.외출시 긴 소매 옷, 모자, 선글라스를 착용해주세요.자외선 차단제를 정기적으로 발라주세요.",나쁨,37,나쁨,94,보통,87.0,,호흡기가 예민하신 분들은 몸상태 유의하며 활동해주세요.,
2026-05-29T12:23:33.115852+09:00,이태원역,이태원역,POI047,KEY_2,2026-05-29 12:20,25.5,28.0,16.0,41,SE,3.0,-,없음,비 또는 눈 소식이 없어요.,05:14,19:45,10,매우높음,"햇볕에 노출 시 수십분 이내에도 피부 화상을 입을 수 있어 매우 위험해요.낮 시간 외출을 피하고 실내나 그늘에 머물러주세요.외출시 긴 소매 옷, 모자, 선글라스를 착용해주세요.자외선 차단제를 정기적으로 발라주세요.",나쁨,37,나쁨,94,보통,87.0,,호흡기가 예민하신 분들은 몸상태 유의하며 활동해주세요.,
2026-05-29T12:23:33.115852+09:00,잠실새내역,잠실새내역,POI118,KEY_3,2026-05-29 12:20,25.4,29.0,16.0,44,SE,3.0,-,없음,비 또는 눈 소식이 없어요.,05:14,19:45,10,매우높음,"햇볕에 노출 시 수십분 이내에도 피부 화상을 입을 수 있어 매우 위험해요.낮 시간 외출을 피하고 실내나 그늘에 머물러주세요.외출시 긴 소매 옷, 모자, 선글라스를 착용해주세요.자외선 차단제를 정기적으로 발라주세요.",보통,21,보통,37,보통,74.0,,호흡기가 예민하신 분들은 몸상태 유의하며 활동해주세요.,
2026-05-29T12:23:33.115852+09:00,잠실역,잠실역,POI119,KEY_4,2026-05-29 12:20,26.4,28.0,16.0,35,SE,3.1,-,없음,비 또는 눈 소식이 없어요.,05:14,19:45,10,매우높음,"햇볕에 노출 시 수십분 이내에도 피부 화상을 입을 수 있어 매우 위험해요.낮 시간 외출을 피하고 실내나 그늘에 머물러주세요.외출시 긴 소매 옷, 모자, 선글라스를 착용해주세요.자외선 차단제를 정기적으로 발라주세요.",보통,21,보통,37,보통,74.0,,호흡기가 예민하신 분들은 몸상태 유의하며 활동해주세요.,
2026-05-29T12:23:33.115852+09:00,장지역,장지역,POI048,KEY_1,2026-05-29 12:20,25.4,29.0,16.0,44,SE,3.0,-,없음,비 또는 눈 소식이 없어요.,05:14,19:45,10,매우높음,"햇볕에 노출 시 수십분 이내에도 피부 화상을 입을 수 있어 매우 위험해요.낮 시간 외출을 피하고 실내나 그늘에 머물러주세요.외출시 긴 소매 옷, 모자, 선글라스를 착용해주세요.자외선 차단제를 정기적으로 발라주세요.",보통,21,보통,37,보통,74.0,,호흡기가 예민하신 분들은 몸상태 유의하며 활동해주세요.,
2026-05-29T12:23:33.115852+09:00,장한평역,장한평역,POI049,KEY_2,2026-05-29 12:20,26.5,29.0,17.0,34,SE,2.6,-,없음,비 또는 눈 소식이 없어요.,05:14,19:45,10,매우높음,"햇볕에 노출 시 수십분 이내에도 피부 화상을 입을 수 있어 매우 위험해요.낮 시간 외출을 피하고 실내나 그늘에 머물러주세요.외출시 긴 소매 옷, 모자, 선글라스를 착용해주세요.자외선 차단제를 정기적으로 발라주세요.",보통,19,좋음,30,보통,79.0,,호흡기가 예민하신 분들은 몸상태 유의하며 활동해주세요.,
2026-05-29T12:23:33.115852+09:00,천호역,천호역,POI050,KEY_3,2026-05-29 12:20,26.4,28.0,16.0,35,SE,3.1,-,없음,비 또는 눈 소식이 없어요.,05:14,19:45,10,매우높음,"햇볕에 노출 시 수십분 이내에도 피부 화상을 입을 수 있어 매우 위험해요.낮 시간 외출을 피하고 실내나 그늘에 머물러주세요.외출시 긴 소매 옷, 모자, 선글라스를 착용해주세요.자외선 차단제를 정기적으로 발라주세요.",보통,24,보통,32,보통,95.0,,호흡기가 예민하신 분들은 몸상태 유의하며 활동해주세요.,
2026-05-29T12:23:33.115852+09:00,총신대입구(이수)역,총신대입구(이수)역,POI051,KEY_4,2026-05-29 12:20,25.6,28.0,15.0,47,N,2.3,-,없음,비 또는 눈 소식이 없어요.,05:14,19:45,10,매우높음,"햇볕에 노출 시 수십분 이내에도 피부 화상을 입을 수 있어 매우 위험해요.낮 시간 외출을 피하고 실내나 그늘에 머물러주세요.외출시 긴 소매 옷, 모자, 선글라스를 착용해주세요.자외선 차단제를 정기적으로 발라주세요.",보통,23,보통,53,보통,92.0,,호흡기가 예민하신 분들은 몸상태 유의하며 활동해주세요.,
2026-05-29T12:23:33.115852+09:00,충정로역,충정로역,POI052,KEY_1,2026-05-29 12:20,25.3,28.0,17.0,51,SSE,3.9,-,없음,비 또는 눈 소식이 없어요.,05:14,19:45,10,매우높음,"햇볕에 노출 시 수십분 이내에도 피부 화상을 입을 수 있어 매우 위험해요.낮 시간 외출을 피하고 실내나 그늘에 머물러주세요.외출시 긴 소매 옷, 모자, 선글라스를 착용해주세요.자외선 차단제를 정기적으로 발라주세요.",보통,23,보통,38,보통,95.0,,호흡기가 예민하신 분들은 몸상태 유의하며 활동해주세요.,
2026-05-29T12:23:33.115852+09:00,합정역,합정역,POI053,KEY_2,2026-05-29 12:20,25.3,28.0,17.0,51,SSE,3.9,-,없음,비 또는 눈 소식이 없어요.,05:14,19:45,10,매우높음,"햇볕에 노출 시 수십분 이내에도 피부 화상을 입을 수 있어 매우 위험해요.낮 시간 외출을 피하고 실내나 그늘에 머물러주세요.외출시 긴 소매 옷, 모자, 선글라스를 착용해주세요.자외선 차단제를 정기적으로 발라주세요.",보통,23,보통,54,보통,95.0,,호흡기가 예민하신 분들은 몸상태 유의하며 활동해주세요.,
2026-05-29T12:23:33.115852+09:00,혜화역,혜화역,POI054,KEY_3,2026-05-29 12:20,25.1,28.0,16.0,50,SE,3.2,-,없음,비 또는 눈 소식이 없어요.,05:14,19:45,10,매우높음,"햇볕에 노출 시 수십분 이내에도 피부 화상을 입을 수 있어 매우 위험해요.낮 시간 외출을 피하고 실내나 그늘에 머물러주세요.외출시 긴 소매 옷, 모자, 선글라스를 착용해주세요.자외선 차단제를 정기적으로 발라주세요.",보통,26,보통,34,보통,87.0,,호흡기가 예민하신 분들은 몸상태 유의하며 활동해주세요.,
2026-05-29T12:23:33.115852+09:00,홍대입구역(2호선),홍대입구역(2호선),POI055,KEY_4,2026-05-29 12:20,24.9,28.0,15.0,58,SSE,1.4,-,없음,비 또는 눈 소식이 없어요.,05:14,19:45,10,매우높음,"햇볕에 노출 시 수십분 이내에도 피부 화상을 입을 수 있어 매우 위험해요.낮 시간 외출을 피하고 실내나 그늘에 머물러주세요.외출시 긴 소매 옷, 모자, 선글라스를 착용해주세요.자외선 차단제를 정기적으로 발라주세요.",보통,23,보통,54,보통,95.0,,호흡기가 예민하신 분들은 몸상태 유의하며 활동해주세요.,
2026-05-29T12:23:33.115852+09:00,회기역,회기역,POI056,KEY_1,2026-05-29 12:20,26.5,29.0,17.0,34,SE,2.6,-,없음,비 또는 눈 소식이 없어요.,05:14,19:45,10,매우높음,"햇볕에 노출 시 수십분 이내에도 피부 화상을 입을 수 있어 매우 위험해요.낮 시간 외출을 피하고 실내나 그늘에 머물러주세요.외출시 긴 소매 옷, 모자, 선글라스를 착용해주세요.자외선 차단제를 정기적으로 발라주세요.",보통,19,좋음,30,보통,79.0,,호흡기가 예민하신 분들은 몸상태 유의하며 활동해주세요.,
2026-05-29T14:39:21.733594+09:00,경복궁,경복궁,POI008,KEY_1,2026-05-29 14:30,26.6,28.0,16.0,46,SE,3.4,-,없음,비 또는 눈 소식이 없어요.,05:14,19:45,10,매우높음,"햇볕에 노출 시 수십분 이내에도 피부 화상을 입을 수 있어 매우 위험해요.낮 시간 외출을 피하고 실내나 그늘에 머물러주세요.외출시 긴 소매 옷, 모자, 선글라스를 착용해주세요.자외선 차단제를 정기적으로 발라주세요.",보통,17,좋음,22,보통,79.0,,호흡기가 예민하신 분들은 몸상태 유의하며 활동해주세요.,
2026-05-29T14:39:21.733594+09:00,광화문·덕수궁,광화문·덕수궁,POI009,KEY_2,2026-05-29 14:30,26.6,28.0,16.0,46,SE,3.4,-,없음,비 또는 눈 소식이 없어요.,05:14,19:45,10,매우높음,"햇볕에 노출 시 수십분 이내에도 피부 화상을 입을 수 있어 매우 위험해요.낮 시간 외출을 피하고 실내나 그늘에 머물러주세요.외출시 긴 소매 옷, 모자, 선글라스를 착용해주세요.자외선 차단제를 정기적으로 발라주세요.",보통,17,좋음,22,보통,79.0,,호흡기가 예민하신 분들은 몸상태 유의하며 활동해주세요.,
2026-05-29T14:39:21.733594+09:00,보신각,보신각,POI010,KEY_3,2026-05-29 14:30,26.6,28.0,16.0,46,SE,3.4,-,없음,비 또는 눈 소식이 없어요.,05:14,19:45,10,매우높음,"햇볕에 노출 시 수십분 이내에도 피부 화상을 입을 수 있어 매우 위험해요.낮 시간 외출을 피하고 실내나 그늘에 머물러주세요.외출시 긴 소매 옷, 모자, 선글라스를 착용해주세요.자외선 차단제를 정기적으로 발라주세요.",보통,17,좋음,22,보통,79.0,,호흡기가 예민하신 분들은 몸상태 유의하며 활동해주세요.,
2026-05-29T14:39:21.733594+09:00,서울 암사동 유적,서울 암사동 유적,POI011,KEY_4,2026-05-29 14:30,27.8,30.0,15.0,28,S,1.5,-,없음,비 또는 눈 소식이 없어요.,05:14,19:45,10,매우높음,"햇볕에 노출 시 수십분 이내에도 피부 화상을 입을 수 있어 매우 위험해요.낮 시간 외출을 피하고 실내나 그늘에 머물러주세요.외출시 긴 소매 옷, 모자, 선글라스를 착용해주세요.자외선 차단제를 정기적으로 발라주세요.",좋음,10,좋음,23,보통,88.0,,호흡기가 예민하신 분들은 몸상태 유의하며 활동해주세요.,
2026-05-29T14:39:21.733594+09:00,창덕궁·종묘,창덕궁·종묘,POI012,KEY_1,2026-05-29 14:30,26.6,28.0,16.0,46,SE,3.4,-,없음,비 또는 눈 소식이 없어요.,05:14,19:45,10,매우높음,"햇볕에 노출 시 수십분 이내에도 피부 화상을 입을 수 있어 매우 위험해요.낮 시간 외출을 피하고 실내나 그늘에 머물러주세요.외출시 긴 소매 옷, 모자, 선글라스를 착용해주세요.자외선 차단제를 정기적으로 발라주세요.",보통,17,좋음,22,보통,79.0,,호흡기가 예민하신 분들은 몸상태 유의하며 활동해주세요.,
2026-05-29T14:39:21.733594+09:00,강남 MICE 관광특구,강남 MICE 관광특구,POI001,KEY_2,2026-05-29 14:30,27.8,29.0,15.0,35,S,2.3,-,없음,비 또는 눈 소식이 없어요.,05:14,19:45,10,매우높음,"햇볕에 노출 시 수십분 이내에도 피부 화상을 입을 수 있어 매우 위험해요.낮 시간 외출을 피하고 실내나 그늘에 머물러주세요.외출시 긴 소매 옷, 모자, 선글라스를 착용해주세요.자외선 차단제를 정기적으로 발라주세요.",보통,18,보통,36,보통,83.0,,호흡기가 예민하신 분들은 몸상태 유의하며 활동해주세요.,
2026-05-29T14:39:21.733594+09:00,동대문 관광특구,동대문 관광특구,POI002,KEY_3,2026-05-29 14:30,26.6,28.0,16.0,46,SE,3.4,-,없음,비 또는 눈 소식이 없어요.,05:14,19:45,10,매우높음,"햇볕에 노출 시 수십분 이내에도 피부 화상을 입을 수 있어 매우 위험해요.낮 시간 외출을 피하고 실내나 그늘에 머물러주세요.외출시 긴 소매 옷, 모자, 선글라스를 착용해주세요.자외선 차단제를 정기적으로 발라주세요.",보통,17,좋음,22,보통,79.0,,호흡기가 예민하신 분들은 몸상태 유의하며 활동해주세요.,
2026-05-29T14:39:21.733594+09:00,명동 관광특구,명동 관광특구,POI003,KEY_4,2026-05-29 14:30,26.6,28.0,16.0,46,SE,3.4,-,없음,비 또는 눈 소식이 없어요.,05:14,19:45,10,매우높음,"햇볕에 노출 시 수십분 이내에도 피부 화상을 입을 수 있어 매우 위험해요.낮 시간 외출을 피하고 실내나 그늘에 머물러주세요.외출시 긴 소매 옷, 모자, 선글라스를 착용해주세요.자외선 차단제를 정기적으로 발라주세요.",보통,17,좋음,30,보통,85.0,,호흡기가 예민하신 분들은 몸상태 유의하며 활동해주세요.,
2026-05-29T14:39:21.733594+09:00,이태원 관광특구,이태원 관광특구,POI004,KEY_1,2026-05-29 14:30,26.8,29.0,16.0,35,SE,3.6,-,없음,비 또는 눈 소식이 없어요.,05:14,19:45,10,매우높음,"햇볕에 노출 시 수십분 이내에도 피부 화상을 입을 수 있어 매우 위험해요.낮 시간 외출을 피하고 실내나 그늘에 머물러주세요.외출시 긴 소매 옷, 모자, 선글라스를 착용해주세요.자외선 차단제를 정기적으로 발라주세요.",보통,19,보통,44,보통,82.0,,호흡기가 예민하신 분들은 몸상태 유의하며 활동해주세요.,
2026-05-29T14:39:21.733594+09:00,잠실 관광특구,잠실 관광특구,POI005,KEY_2,2026-05-29 14:30,28.1,29.0,16.0,30,SE,2.7,-,없음,비 또는 눈 소식이 없어요.,05:14,19:45,10,매우높음,"햇볕에 노출 시 수십분 이내에도 피부 화상을 입을 수 있어 매우 위험해요.낮 시간 외출을 피하고 실내나 그늘에 머물러주세요.외출시 긴 소매 옷, 모자, 선글라스를 착용해주세요.자외선 차단제를 정기적으로 발라주세요.",보통,20,보통,36,보통,82.0,,호흡기가 예민하신 분들은 몸상태 유의하며 활동해주세요.,
2026-05-29T14:39:21.733594+09:00,종로·청계 관광특구,종로·청계 관광특구,POI006,KEY_3,2026-05-29 14:30,26.6,28.0,16.0,46,SE,3.4,-,없음,비 또는 눈 소식이 없어요.,05:14,19:45,10,매우높음,"햇볕에 노출 시 수십분 이내에도 피부 화상을 입을 수 있어 매우 위험해요.낮 시간 외출을 피하고 실내나 그늘에 머물러주세요.외출시 긴 소매 옷, 모자, 선글라스를 착용해주세요.자외선 차단제를 정기적으로 발라주세요.",보통,17,좋음,22,보통,79.0,,호흡기가 예민하신 분들은 몸상태 유의하며 활동해주세요.,
2026-05-29T14:39:21.733594+09:00,홍대 관광특구,홍대 관광특구,POI007,KEY_4,2026-05-29 14:30,26.3,29.0,17.0,53,SSE,4.0,-,없음,비 또는 눈 소식이 없어요.,05:14,19:45,10,매우높음,"햇볕에 노출 시 수십분 이내에도 피부 화상을 입을 수 있어 매우 위험해요.낮 시간 외출을 피하고 실내나 그늘에 머물러주세요.외출시 긴 소매 옷, 모자, 선글라스를 착용해주세요.자외선 차단제를 정기적으로 발라주세요.",좋음,11,좋음,21,보통,77.0,,호흡기가 예민하신 분들은 몸상태 유의하며 활동해주세요.,
2026-05-29T14:39:21.733594+09:00,강서한강공원,강서한강공원,POI085,KEY_1,2026-05-29 14:30,27.4,28.0,16.0,50,SE,3.5,-,없음,비 또는 눈 소식이 없어요.,05:14,19:45,10,매우높음,"햇볕에 노출 시 수십분 이내에도 피부 화상을 입을 수 있어 매우 위험해요.낮 시간 외출을 피하고 실내나 그늘에 머물러주세요.외출시 긴 소매 옷, 모자, 선글라스를 착용해주세요.자외선 차단제를 정기적으로 발라주세요.",좋음,14,좋음,26,보통,81.0,,호흡기가 예민하신 분들은 몸상태 유의하며 활동해주세요.,
2026-05-29T14:39:21.733594+09:00,고척돔,고척돔,POI086,KEY_2,2026-05-29 14:30,26.4,28.0,17.0,49,ESE,2.8,-,없음,비 또는 눈 소식이 없어요.,05:14,19:45,10,매우높음,"햇볕에 노출 시 수십분 이내에도 피부 화상을 입을 수 있어 매우 위험해요.낮 시간 외출을 피하고 실내나 그늘에 머물러주세요.외출시 긴 소매 옷, 모자, 선글라스를 착용해주세요.자외선 차단제를 정기적으로 발라주세요.",좋음,12,좋음,30,보통,100.0,,호흡기가 예민하신 분들은 몸상태 유의하며 활동해주세요.,
2026-05-29T14:39:21.733594+09:00,광나루한강공원,광나루한강공원,POI087,KEY_3,2026-05-29 14:30,28.1,29.0,16.0,30,SE,2.7,-,없음,비 또는 눈 소식이 없어요.,05:14,19:45,10,매우높음,"햇볕에 노출 시 수십분 이내에도 피부 화상을 입을 수 있어 매우 위험해요.낮 시간 외출을 피하고 실내나 그늘에 머물러주세요.외출시 긴 소매 옷, 모자, 선글라스를 착용해주세요.자외선 차단제를 정기적으로 발라주세요.",좋음,10,좋음,23,보통,88.0,,호흡기가 예민하신 분들은 몸상태 유의하며 활동해주세요.,
2026-05-29T14:39:21.733594+09:00,광화문광장,광화문광장,POI088,KEY_4,2026-05-29 14:30,26.6,28.0,16.0,46,SE,3.4,-,없음,비 또는 눈 소식이 없어요.,05:14,19:45,10,매우높음,"햇볕에 노출 시 수십분 이내에도 피부 화상을 입을 수 있어 매우 위험해요.낮 시간 외출을 피하고 실내나 그늘에 머물러주세요.외출시 긴 소매 옷, 모자, 선글라스를 착용해주세요.자외선 차단제를 정기적으로 발라주세요.",보통,17,좋음,22,보통,79.0,,호흡기가 예민하신 분들은 몸상태 유의하며 활동해주세요.,
2026-05-29T14:39:21.733594+09:00,국립중앙박물관·용산가족공원,국립중앙박물관·용산가족공원,POI089,KEY_1,2026-05-29 14:30,26.8,29.0,16.0,35,SE,3.6,-,없음,비 또는 눈 소식이 없어요.,05:14,19:45,10,매우높음,"햇볕에 노출 시 수십분 이내에도 피부 화상을 입을 수 있어 매우 위험해요.낮 시간 외출을 피하고 실내나 그늘에 머물러주세요.외출시 긴 소매 옷, 모자, 선글라스를 착용해주세요.자외선 차단제를 정기적으로 발라주세요.",보통,19,보통,44,보통,82.0,,호흡기가 예민하신 분들은 몸상태 유의하며 활동해주세요.,
2026-05-29T14:39:21.733594+09:00,난지한강공원,난지한강공원,POI090,KEY_2,2026-05-29 14:30,27.4,28.0,15.0,50,SE,3.5,-,없음,비 또는 눈 소식이 없어요.,05:14,19:45,10,매우높음,"햇볕에 노출 시 수십분 이내에도 피부 화상을 입을 수 있어 매우 위험해요.낮 시간 외출을 피하고 실내나 그늘에 머물러주세요.외출시 긴 소매 옷, 모자, 선글라스를 착용해주세요.자외선 차단제를 정기적으로 발라주세요.",좋음,14,좋음,26,보통,81.0,,호흡기가 예민하신 분들은 몸상태 유의하며 활동해주세요.,
2026-05-29T14:39:21.733594+09:00,남산공원,남산공원,POI091,KEY_3,2026-05-29 14:30,26.6,28.0,16.0,46,SE,3.4,-,없음,비 또는 눈 소식이 없어요.,05:14,19:45,10,매우높음,"햇볕에 노출 시 수십분 이내에도 피부 화상을 입을 수 있어 매우 위험해요.낮 시간 외출을 피하고 실내나 그늘에 머물러주세요.외출시 긴 소매 옷, 모자, 선글라스를 착용해주세요.자외선 차단제를 정기적으로 발라주세요.",보통,17,좋음,30,보통,85.0,,호흡기가 예민하신 분들은 몸상태 유의하며 활동해주세요.,
2026-05-29T14:39:21.733594+09:00,노들섬,노들섬,POI092,KEY_4,2026-05-29 14:30,26.3,29.0,17.0,53,SSE,4.0,-,없음,비 또는 눈 소식이 없어요.,05:14,19:45,10,매우높음,"햇볕에 노출 시 수십분 이내에도 피부 화상을 입을 수 있어 매우 위험해요.낮 시간 외출을 피하고 실내나 그늘에 머물러주세요.외출시 긴 소매 옷, 모자, 선글라스를 착용해주세요.자외선 차단제를 정기적으로 발라주세요.",보통,19,보통,44,보통,82.0,,호흡기가 예민하신 분들은 몸상태 유의하며 활동해주세요.,
2026-05-29T14:39:21.733594+09:00,뚝섬한강공원,뚝섬한강공원,POI093,KEY_1,2026-05-29 14:30,26.8,29.0,17.0,35,SE,3.6,-,없음,비 또는 눈 소식이 없어요.,05:14,19:45,10,매우높음,"햇볕에 노출 시 수십분 이내에도 피부 화상을 입을 수 있어 매우 위험해요.낮 시간 외출을 피하고 실내나 그늘에 머물러주세요.외출시 긴 소매 옷, 모자, 선글라스를 착용해주세요.자외선 차단제를 정기적으로 발라주세요.",보통,16,좋음,30,보통,83.0,,호흡기가 예민하신 분들은 몸상태 유의하며 활동해주세요.,
2026-05-29T14:39:21.733594+09:00,망원한강공원,망원한강공원,POI094,KEY_2,2026-05-29 14:30,26.3,29.0,17.0,53,SSE,4.0,-,없음,비 또는 눈 소식이 없어요.,05:14,19:45,10,매우높음,"햇볕에 노출 시 수십분 이내에도 피부 화상을 입을 수 있어 매우 위험해요.낮 시간 외출을 피하고 실내나 그늘에 머물러주세요.외출시 긴 소매 옷, 모자, 선글라스를 착용해주세요.자외선 차단제를 정기적으로 발라주세요.",좋음,11,좋음,21,보통,77.0,,호흡기가 예민하신 분들은 몸상태 유의하며 활동해주세요.,
2026-05-29T14:39:21.733594+09:00,반포한강공원,반포한강공원,POI095,KEY_3,2026-05-29 14:30,26.8,29.0,16.0,35,SE,3.6,-,없음,비 또는 눈 소식이 없어요.,05:14,19:45,10,매우높음,"햇볕에 노출 시 수십분 이내에도 피부 화상을 입을 수 있어 매우 위험해요.낮 시간 외출을 피하고 실내나 그늘에 머물러주세요.외출시 긴 소매 옷, 모자, 선글라스를 착용해주세요.자외선 차단제를 정기적으로 발라주세요.",보통,19,보통,44,보통,82.0,,호흡기가 예민하신 분들은 몸상태 유의하며 활동해주세요.,
2026-05-29T14:39:21.733594+09:00,보라매공원,보라매공원,POI123,KEY_4,2026-05-29 14:30,26.5,28.0,16.0,44,SE,2.3,-,없음,비 또는 눈 소식이 없어요.,05:14,19:45,10,매우높음,"햇볕에 노출 시 수십분 이내에도 피부 화상을 입을 수 있어 매우 위험해요.낮 시간 외출을 피하고 실내나 그늘에 머물러주세요.외출시 긴 소매 옷, 모자, 선글라스를 착용해주세요.자외선 차단제를 정기적으로 발라주세요.",보통,17,보통,38,보통,85.0,,호흡기가 예민하신 분들은 몸상태 유의하며 활동해주세요.,
2026-05-29T14:39:21.733594+09:00,북서울꿈의숲,북서울꿈의숲,POI096,KEY_1,2026-05-29 14:30,26.6,29.0,15.0,32,SE,2.3,-,없음,비 또는 눈 소식이 없어요.,05:14,19:45,10,매우높음,"햇볕에 노출 시 수십분 이내에도 피부 화상을 입을 수 있어 매우 위험해요.낮 시간 외출을 피하고 실내나 그늘에 머물러주세요.외출시 긴 소매 옷, 모자, 선글라스를 착용해주세요.자외선 차단제를 정기적으로 발라주세요.",점검중,0,점검중,0,점검중,점검중,,원본 시스템 서비스 점검중입니다.,
2026-05-29T14:39:21.733594+09:00,서대문독립공원,서대문독립공원,POI124,KEY_2,2026-05-29 14:30,26.6,28.0,16.0,46,SE,3.4,-,없음,비 또는 눈 소식이 없어요.,05:14,19:45,10,매우높음,"햇볕에 노출 시 수십분 이내에도 피부 화상을 입을 수 있어 매우 위험해요.낮 시간 외출을 피하고 실내나 그늘에 머물러주세요.외출시 긴 소매 옷, 모자, 선글라스를 착용해주세요.자외선 차단제를 정기적으로 발라주세요.",보통,17,좋음,22,보통,79.0,,호흡기가 예민하신 분들은 몸상태 유의하며 활동해주세요.,
2026-05-29T14:39:21.733594+09:00,서리풀공원·몽마르뜨공원,서리풀공원·몽마르뜨공원,POI098,KEY_3,2026-05-29 14:30,27.5,29.0,15.0,48,N,2.2,-,없음,비 또는 눈 소식이 없어요.,05:14,19:45,10,매우높음,"햇볕에 노출 시 수십분 이내에도 피부 화상을 입을 수 있어 매우 위험해요.낮 시간 외출을 피하고 실내나 그늘에 머물러주세요.외출시 긴 소매 옷, 모자, 선글라스를 착용해주세요.자외선 차단제를 정기적으로 발라주세요.",좋음,10,좋음,30,보통,92.0,,호흡기가 예민하신 분들은 몸상태 유의하며 활동해주세요.,
2026-05-29T14:39:21.733594+09:00,서울숲공원,서울숲공원,POI101,KEY_1,2026-05-29 14:30,26.8,29.0,17.0,35,SE,3.6,-,없음,비 또는 눈 소식이 없어요.,05:14,19:45,10,매우높음,"햇볕에 노출 시 수십분 이내에도 피부 화상을 입을 수 있어 매우 위험해요.낮 시간 외출을 피하고 실내나 그늘에 머물러주세요.외출시 긴 소매 옷, 모자, 선글라스를 착용해주세요.자외선 차단제를 정기적으로 발라주세요.",보통,19,보통,32,보통,90.0,,호흡기가 예민하신 분들은 몸상태 유의하며 활동해주세요.,
2026-05-29T14:39:21.733594+09:00,송현녹지광장,송현녹지광장,POI129,KEY_2,2026-05-29 14:30,26.6,28.0,16.0,46,SE,3.4,-,없음,비 또는 눈 소식이 없어요.,05:14,19:45,10,매우높음,"햇볕에 노출 시 수십분 이내에도 피부 화상을 입을 수 있어 매우 위험해요.낮 시간 외출을 피하고 실내나 그늘에 머물러주세요.외출시 긴 소매 옷, 모자, 선글라스를 착용해주세요.자외선 차단제를 정기적으로 발라주세요.",보통,17,좋음,22,보통,79.0,,호흡기가 예민하신 분들은 몸상태 유의하며 활동해주세요.,
2026-05-29T14:39:21.733594+09:00,아차산,아차산,POI102,KEY_3,2026-05-29 14:30,27.5,29.0,16.0,28,SE,3.2,-,없음,비 또는 눈 소식이 없어요.,05:14,19:45,10,매우높음,"햇볕에 노출 시 수십분 이내에도 피부 화상을 입을 수 있어 매우 위험해요.낮 시간 외출을 피하고 실내나 그늘에 머물러주세요.외출시 긴 소매 옷, 모자, 선글라스를 착용해주세요.자외선 차단제를 정기적으로 발라주세요.",보통,16,좋음,30,보통,83.0,,호흡기가 예민하신 분들은 몸상태 유의하며 활동해주세요.,
2026-05-29T14:39:21.733594+09:00,안양천,안양천,POI125,KEY_4,2026-05-29 14:30,26.5,28.0,17.0,45,SE,2.0,-,없음,비 또는 눈 소식이 없어요.,05:14,19:45,10,매우높음,"햇볕에 노출 시 수십분 이내에도 피부 화상을 입을 수 있어 매우 위험해요.낮 시간 외출을 피하고 실내나 그늘에 머물러주세요.외출시 긴 소매 옷, 모자, 선글라스를 착용해주세요.자외선 차단제를 정기적으로 발라주세요.",좋음,14,좋음,30,보통,83.0,,호흡기가 예민하신 분들은 몸상태 유의하며 활동해주세요.,
2026-05-29T14:39:21.733594+09:00,양화한강공원,양화한강공원,POI103,KEY_1,2026-05-29 14:30,26.5,28.0,17.0,45,SE,2.0,-,없음,비 또는 눈 소식이 없어요.,05:14,19:45,10,매우높음,"햇볕에 노출 시 수십분 이내에도 피부 화상을 입을 수 있어 매우 위험해요.낮 시간 외출을 피하고 실내나 그늘에 머물러주세요.외출시 긴 소매 옷, 모자, 선글라스를 착용해주세요.자외선 차단제를 정기적으로 발라주세요.",보통,16,좋음,18,보통,79.0,,호흡기가 예민하신 분들은 몸상태 유의하며 활동해주세요.,
2026-05-29T14:39:21.733594+09:00,어린이대공원,어린이대공원,POI104,KEY_2,2026-05-29 14:30,28.1,29.0,16.0,30,SE,2.7,-,없음,비 또는 눈 소식이 없어요.,05:14,19:45,10,매우높음,"햇볕에 노출 시 수십분 이내에도 피부 화상을 입을 수 있어 매우 위험해요.낮 시간 외출을 피하고 실내나 그늘에 머물러주세요.외출시 긴 소매 옷, 모자, 선글라스를 착용해주세요.자외선 차단제를 정기적으로 발라주세요.",보통,16,좋음,30,보통,83.0,,호흡기가 예민하신 분들은 몸상태 유의하며 활동해주세요.,
2026-05-29T14:39:21.733594+09:00,여의도한강공원,여의도한강공원,POI105,KEY_3,2026-05-29 14:30,26.3,29.0,17.0,53,SSE,4.0,-,없음,비 또는 눈 소식이 없어요.,05:14,19:45,10,매우높음,"햇볕에 노출 시 수십분 이내에도 피부 화상을 입을 수 있어 매우 위험해요.낮 시간 외출을 피하고 실내나 그늘에 머물러주세요.외출시 긴 소매 옷, 모자, 선글라스를 착용해주세요.자외선 차단제를 정기적으로 발라주세요.",보통,16,좋음,18,보통,79.0,,호흡기가 예민하신 분들은 몸상태 유의하며 활동해주세요.,
2026-05-29T14:39:21.733594+09:00,여의서로,여의서로,POI126,KEY_4,2026-05-29 14:30,26.3,29.0,17.0,53,SSE,4.0,-,없음,비 또는 눈 소식이 없어요.,05:14,19:45,10,매우높음,"햇볕에 노출 시 수십분 이내에도 피부 화상을 입을 수 있어 매우 위험해요.낮 시간 외출을 피하고 실내나 그늘에 머물러주세요.외출시 긴 소매 옷, 모자, 선글라스를 착용해주세요.자외선 차단제를 정기적으로 발라주세요.",보통,16,좋음,18,보통,79.0,,호흡기가 예민하신 분들은 몸상태 유의하며 활동해주세요.,
2026-05-29T14:39:21.733594+09:00,올림픽공원,올림픽공원,POI127,KEY_1,2026-05-29 14:30,28.1,29.0,16.0,30,SE,2.7,-,없음,비 또는 눈 소식이 없어요.,05:14,19:45,10,매우높음,"햇볕에 노출 시 수십분 이내에도 피부 화상을 입을 수 있어 매우 위험해요.낮 시간 외출을 피하고 실내나 그늘에 머물러주세요.외출시 긴 소매 옷, 모자, 선글라스를 착용해주세요.자외선 차단제를 정기적으로 발라주세요.",보통,20,보통,36,보통,82.0,,호흡기가 예민하신 분들은 몸상태 유의하며 활동해주세요.,
2026-05-29T14:39:21.733594+09:00,월드컵공원,월드컵공원,POI106,KEY_2,2026-05-29 14:30,27.4,28.0,15.0,50,SE,3.5,-,없음,비 또는 눈 소식이 없어요.,05:14,19:45,10,매우높음,"햇볕에 노출 시 수십분 이내에도 피부 화상을 입을 수 있어 매우 위험해요.낮 시간 외출을 피하고 실내나 그늘에 머물러주세요.외출시 긴 소매 옷, 모자, 선글라스를 착용해주세요.자외선 차단제를 정기적으로 발라주세요.",좋음,11,좋음,21,보통,77.0,,호흡기가 예민하신 분들은 몸상태 유의하며 활동해주세요.,
2026-05-29T14:39:21.733594+09:00,응봉산,응봉산,POI107,KEY_3,2026-05-29 14:30,26.8,29.0,17.0,35,SE,3.6,-,없음,비 또는 눈 소식이 없어요.,05:14,19:45,10,매우높음,"햇볕에 노출 시 수십분 이내에도 피부 화상을 입을 수 있어 매우 위험해요.낮 시간 외출을 피하고 실내나 그늘에 머물러주세요.외출시 긴 소매 옷, 모자, 선글라스를 착용해주세요.자외선 차단제를 정기적으로 발라주세요.",보통,19,보통,32,보통,90.0,,호흡기가 예민하신 분들은 몸상태 유의하며 활동해주세요.,
2026-05-29T14:39:21.733594+09:00,이촌한강공원,이촌한강공원,POI108,KEY_4,2026-05-29 14:30,26.8,29.0,16.0,35,SE,3.6,-,없음,비 또는 눈 소식이 없어요.,05:14,19:45,10,매우높음,"햇볕에 노출 시 수십분 이내에도 피부 화상을 입을 수 있어 매우 위험해요.낮 시간 외출을 피하고 실내나 그늘에 머물러주세요.외출시 긴 소매 옷, 모자, 선글라스를 착용해주세요.자외선 차단제를 정기적으로 발라주세요.",보통,19,보통,44,보통,82.0,,호흡기가 예민하신 분들은 몸상태 유의하며 활동해주세요.,
2026-05-29T14:39:21.733594+09:00,잠실종합운동장,잠실종합운동장,POI109,KEY_1,2026-05-29 14:30,27.5,29.0,16.0,31,ESE,2.8,-,없음,비 또는 눈 소식이 없어요.,05:14,19:45,10,매우높음,"햇볕에 노출 시 수십분 이내에도 피부 화상을 입을 수 있어 매우 위험해요.낮 시간 외출을 피하고 실내나 그늘에 머물러주세요.외출시 긴 소매 옷, 모자, 선글라스를 착용해주세요.자외선 차단제를 정기적으로 발라주세요.",보통,20,보통,36,보통,82.0,,호흡기가 예민하신 분들은 몸상태 유의하며 활동해주세요.,
2026-05-29T14:39:21.733594+09:00,잠실한강공원,잠실한강공원,POI110,KEY_2,2026-05-29 14:30,28.1,29.0,16.0,30,SE,2.7,-,없음,비 또는 눈 소식이 없어요.,05:14,19:45,10,매우높음,"햇볕에 노출 시 수십분 이내에도 피부 화상을 입을 수 있어 매우 위험해요.낮 시간 외출을 피하고 실내나 그늘에 머물러주세요.외출시 긴 소매 옷, 모자, 선글라스를 착용해주세요.자외선 차단제를 정기적으로 발라주세요.",보통,16,좋음,30,보통,83.0,,호흡기가 예민하신 분들은 몸상태 유의하며 활동해주세요.,
2026-05-29T14:39:21.733594+09:00,잠원한강공원,잠원한강공원,POI111,KEY_3,2026-05-29 14:30,26.8,29.0,17.0,35,SE,3.6,-,없음,비 또는 눈 소식이 없어요.,05:14,19:45,10,매우높음,"햇볕에 노출 시 수십분 이내에도 피부 화상을 입을 수 있어 매우 위험해요.낮 시간 외출을 피하고 실내나 그늘에 머물러주세요.외출시 긴 소매 옷, 모자, 선글라스를 착용해주세요.자외선 차단제를 정기적으로 발라주세요.",보통,18,보통,36,보통,83.0,,호흡기가 예민하신 분들은 몸상태 유의하며 활동해주세요.,
2026-05-29T14:39:21.733594+09:00,청계산,청계산,POI112,KEY_4,2026-05-29 14:30,27.7,28.0,14.0,39,ENE,1.7,-,없음,비 또는 눈 소식이 없어요.,05:14,19:45,10,매우높음,"햇볕에 노출 시 수십분 이내에도 피부 화상을 입을 수 있어 매우 위험해요.낮 시간 외출을 피하고 실내나 그늘에 머물러주세요.외출시 긴 소매 옷, 모자, 선글라스를 착용해주세요.자외선 차단제를 정기적으로 발라주세요.",좋음,10,좋음,30,보통,92.0,,호흡기가 예민하신 분들은 몸상태 유의하며 활동해주세요.,
2026-05-29T14:39:21.733594+09:00,홍제폭포,홍제폭포,POI128,KEY_1,2026-05-29 14:30,26.4,28.0,15.0,52,SSE,1.5,-,없음,비 또는 눈 소식이 없어요.,05:14,19:45,10,매우높음,"햇볕에 노출 시 수십분 이내에도 피부 화상을 입을 수 있어 매우 위험해요.낮 시간 외출을 피하고 실내나 그늘에 머물러주세요.외출시 긴 소매 옷, 모자, 선글라스를 착용해주세요.자외선 차단제를 정기적으로 발라주세요.",좋음,10,좋음,23,보통,84.0,,호흡기가 예민하신 분들은 몸상태 유의하며 활동해주세요.,
2026-05-29T14:39:21.733594+09:00,가락시장,가락시장,POI058,KEY_2,2026-05-29 14:30,27.5,29.0,16.0,31,ESE,2.8,-,없음,비 또는 눈 소식이 없어요.,05:14,19:45,10,매우높음,"햇볕에 노출 시 수십분 이내에도 피부 화상을 입을 수 있어 매우 위험해요.낮 시간 외출을 피하고 실내나 그늘에 머물러주세요.외출시 긴 소매 옷, 모자, 선글라스를 착용해주세요.자외선 차단제를 정기적으로 발라주세요.",보통,20,보통,36,보통,82.0,,호흡기가 예민하신 분들은 몸상태 유의하며 활동해주세요.,
2026-05-29T14:39:21.733594+09:00,가로수길,가로수길,POI059,KEY_3,2026-05-29 14:30,26.8,29.0,17.0,35,SE,3.6,-,없음,비 또는 눈 소식이 없어요.,05:14,19:45,10,매우높음,"햇볕에 노출 시 수십분 이내에도 피부 화상을 입을 수 있어 매우 위험해요.낮 시간 외출을 피하고 실내나 그늘에 머물러주세요.외출시 긴 소매 옷, 모자, 선글라스를 착용해주세요.자외선 차단제를 정기적으로 발라주세요.",보통,18,보통,36,보통,83.0,,호흡기가 예민하신 분들은 몸상태 유의하며 활동해주세요.,
2026-05-29T14:39:21.733594+09:00,광장(전통)시장,광장(전통)시장,POI060,KEY_4,2026-05-29 14:30,26.6,28.0,16.0,46,SE,3.4,-,없음,비 또는 눈 소식이 없어요.,05:14,19:45,10,매우높음,"햇볕에 노출 시 수십분 이내에도 피부 화상을 입을 수 있어 매우 위험해요.낮 시간 외출을 피하고 실내나 그늘에 머물러주세요.외출시 긴 소매 옷, 모자, 선글라스를 착용해주세요.자외선 차단제를 정기적으로 발라주세요.",보통,17,좋음,22,보통,79.0,,호흡기가 예민하신 분들은 몸상태 유의하며 활동해주세요.,
2026-05-29T14:39:21.733594+09:00,김포공항,김포공항,POI061,KEY_1,2026-05-29 14:30,27.4,28.0,16.0,50,SE,3.5,-,없음,비 또는 눈 소식이 없어요.,05:14,19:45,10,매우높음,"햇볕에 노출 시 수십분 이내에도 피부 화상을 입을 수 있어 매우 위험해요.낮 시간 외출을 피하고 실내나 그늘에 머물러주세요.외출시 긴 소매 옷, 모자, 선글라스를 착용해주세요.자외선 차단제를 정기적으로 발라주세요.",좋음,14,좋음,26,보통,81.0,,호흡기가 예민하신 분들은 몸상태 유의하며 활동해주세요.,
2026-05-29T14:39:21.733594+09:00,남대문시장,남대문시장,POI115,KEY_2,2026-05-29 14:30,26.6,28.0,16.0,46,SE,3.4,-,없음,비 또는 눈 소식이 없어요.,05:14,19:45,10,매우높음,"햇볕에 노출 시 수십분 이내에도 피부 화상을 입을 수 있어 매우 위험해요.낮 시간 외출을 피하고 실내나 그늘에 머물러주세요.외출시 긴 소매 옷, 모자, 선글라스를 착용해주세요.자외선 차단제를 정기적으로 발라주세요.",보통,17,좋음,30,보통,85.0,,호흡기가 예민하신 분들은 몸상태 유의하며 활동해주세요.,
2026-05-29T14:39:21.733594+09:00,노량진,노량진,POI063,KEY_3,2026-05-29 14:30,26.5,28.0,16.0,44,SE,2.3,-,없음,비 또는 눈 소식이 없어요.,05:14,19:45,10,매우높음,"햇볕에 노출 시 수십분 이내에도 피부 화상을 입을 수 있어 매우 위험해요.낮 시간 외출을 피하고 실내나 그늘에 머물러주세요.외출시 긴 소매 옷, 모자, 선글라스를 착용해주세요.자외선 차단제를 정기적으로 발라주세요.",보통,17,보통,38,보통,85.0,,호흡기가 예민하신 분들은 몸상태 유의하며 활동해주세요.,
2026-05-29T14:39:21.733594+09:00,덕수궁길·정동길,덕수궁길·정동길,POI064,KEY_4,2026-05-29 14:30,26.6,28.0,16.0,46,SE,3.4,-,없음,비 또는 눈 소식이 없어요.,05:14,19:45,10,매우높음,"햇볕에 노출 시 수십분 이내에도 피부 화상을 입을 수 있어 매우 위험해요.낮 시간 외출을 피하고 실내나 그늘에 머물러주세요.외출시 긴 소매 옷, 모자, 선글라스를 착용해주세요.자외선 차단제를 정기적으로 발라주세요.",보통,17,좋음,22,보통,79.0,,호흡기가 예민하신 분들은 몸상태 유의하며 활동해주세요.,
2026-05-29T14:39:21.733594+09:00,북창동 먹자골목,북창동 먹자골목,POI114,KEY_1,2026-05-29 14:30,26.6,28.0,16.0,46,SE,3.4,-,없음,비 또는 눈 소식이 없어요.,05:14,19:45,10,매우높음,"햇볕에 노출 시 수십분 이내에도 피부 화상을 입을 수 있어 매우 위험해요.낮 시간 외출을 피하고 실내나 그늘에 머물러주세요.외출시 긴 소매 옷, 모자, 선글라스를 착용해주세요.자외선 차단제를 정기적으로 발라주세요.",보통,17,좋음,30,보통,85.0,,호흡기가 예민하신 분들은 몸상태 유의하며 활동해주세요.,
2026-05-29T14:39:21.733594+09:00,북촌한옥마을,북촌한옥마을,POI066,KEY_2,2026-05-29 14:30,26.6,28.0,16.0,46,SE,3.4,-,없음,비 또는 눈 소식이 없어요.,05:14,19:45,10,매우높음,"햇볕에 노출 시 수십분 이내에도 피부 화상을 입을 수 있어 매우 위험해요.낮 시간 외출을 피하고 실내나 그늘에 머물러주세요.외출시 긴 소매 옷, 모자, 선글라스를 착용해주세요.자외선 차단제를 정기적으로 발라주세요.",보통,17,좋음,22,보통,79.0,,호흡기가 예민하신 분들은 몸상태 유의하며 활동해주세요.,
2026-05-29T14:39:21.733594+09:00,서촌,서촌,POI067,KEY_3,2026-05-29 14:30,26.6,28.0,16.0,46,SE,3.4,-,없음,비 또는 눈 소식이 없어요.,05:14,19:45,10,매우높음,"햇볕에 노출 시 수십분 이내에도 피부 화상을 입을 수 있어 매우 위험해요.낮 시간 외출을 피하고 실내나 그늘에 머물러주세요.외출시 긴 소매 옷, 모자, 선글라스를 착용해주세요.자외선 차단제를 정기적으로 발라주세요.",보통,17,좋음,22,보통,79.0,,호흡기가 예민하신 분들은 몸상태 유의하며 활동해주세요.,
2026-05-29T14:39:21.733594+09:00,성수카페거리,성수카페거리,POI068,KEY_4,2026-05-29 14:30,26.8,29.0,17.0,35,SE,3.6,-,없음,비 또는 눈 소식이 없어요.,05:14,19:45,10,매우높음,"햇볕에 노출 시 수십분 이내에도 피부 화상을 입을 수 있어 매우 위험해요.낮 시간 외출을 피하고 실내나 그늘에 머물러주세요.외출시 긴 소매 옷, 모자, 선글라스를 착용해주세요.자외선 차단제를 정기적으로 발라주세요.",보통,19,보통,32,보통,90.0,,호흡기가 예민하신 분들은 몸상태 유의하며 활동해주세요.,
2026-05-29T14:39:21.733594+09:00,송리단길·호수단길,송리단길·호수단길,POI121,KEY_1,2026-05-29 14:30,27.5,29.0,16.0,31,ESE,2.8,-,없음,비 또는 눈 소식이 없어요.,05:14,19:45,10,매우높음,"햇볕에 노출 시 수십분 이내에도 피부 화상을 입을 수 있어 매우 위험해요.낮 시간 외출을 피하고 실내나 그늘에 머물러주세요.외출시 긴 소매 옷, 모자, 선글라스를 착용해주세요.자외선 차단제를 정기적으로 발라주세요.",보통,20,보통,36,보통,82.0,,호흡기가 예민하신 분들은 몸상태 유의하며 활동해주세요.,
2026-05-29T14:39:21.733594+09:00,신촌 스타광장,신촌 스타광장,POI122,KEY_2,2026-05-29 14:30,26.3,29.0,17.0,53,SSE,4.0,-,없음,비 또는 눈 소식이 없어요.,05:14,19:45,10,매우높음,"햇볕에 노출 시 수십분 이내에도 피부 화상을 입을 수 있어 매우 위험해요.낮 시간 외출을 피하고 실내나 그늘에 머물러주세요.외출시 긴 소매 옷, 모자, 선글라스를 착용해주세요.자외선 차단제를 정기적으로 발라주세요.",좋음,10,좋음,23,보통,84.0,,호흡기가 예민하신 분들은 몸상태 유의하며 활동해주세요.,
2026-05-29T14:39:21.733594+09:00,압구정로데오거리,압구정로데오거리,POI071,KEY_3,2026-05-29 14:30,26.8,29.0,17.0,35,SE,3.6,-,없음,비 또는 눈 소식이 없어요.,05:14,19:45,10,매우높음,"햇볕에 노출 시 수십분 이내에도 피부 화상을 입을 수 있어 매우 위험해요.낮 시간 외출을 피하고 실내나 그늘에 머물러주세요.외출시 긴 소매 옷, 모자, 선글라스를 착용해주세요.자외선 차단제를 정기적으로 발라주세요.",보통,18,보통,36,보통,83.0,,호흡기가 예민하신 분들은 몸상태 유의하며 활동해주세요.,
2026-05-29T14:39:21.733594+09:00,여의도,여의도,POI072,KEY_4,2026-05-29 14:30,26.3,29.0,17.0,53,SSE,4.0,-,없음,비 또는 눈 소식이 없어요.,05:14,19:45,10,매우높음,"햇볕에 노출 시 수십분 이내에도 피부 화상을 입을 수 있어 매우 위험해요.낮 시간 외출을 피하고 실내나 그늘에 머물러주세요.외출시 긴 소매 옷, 모자, 선글라스를 착용해주세요.자외선 차단제를 정기적으로 발라주세요.",보통,16,좋음,18,보통,79.0,,호흡기가 예민하신 분들은 몸상태 유의하며 활동해주세요.,
2026-05-29T14:39:21.733594+09:00,연남동,연남동,POI073,KEY_1,2026-05-29 14:30,26.4,28.0,15.0,52,SSE,1.5,-,없음,비 또는 눈 소식이 없어요.,05:14,19:45,10,매우높음,"햇볕에 노출 시 수십분 이내에도 피부 화상을 입을 수 있어 매우 위험해요.낮 시간 외출을 피하고 실내나 그늘에 머물러주세요.외출시 긴 소매 옷, 모자, 선글라스를 착용해주세요.자외선 차단제를 정기적으로 발라주세요.",좋음,11,좋음,21,보통,77.0,,호흡기가 예민하신 분들은 몸상태 유의하며 활동해주세요.,
2026-05-29T14:39:21.733594+09:00,영등포 타임스퀘어,영등포 타임스퀘어,POI074,KEY_2,2026-05-29 14:30,26.3,29.0,17.0,53,SSE,4.0,-,없음,비 또는 눈 소식이 없어요.,05:14,19:45,10,매우높음,"햇볕에 노출 시 수십분 이내에도 피부 화상을 입을 수 있어 매우 위험해요.낮 시간 외출을 피하고 실내나 그늘에 머물러주세요.외출시 긴 소매 옷, 모자, 선글라스를 착용해주세요.자외선 차단제를 정기적으로 발라주세요.",보통,16,좋음,18,보통,79.0,,호흡기가 예민하신 분들은 몸상태 유의하며 활동해주세요.,
2026-05-29T14:39:21.733594+09:00,용리단길,용리단길,POI076,KEY_3,2026-05-29 14:30,26.8,29.0,16.0,35,SE,3.6,-,없음,비 또는 눈 소식이 없어요.,05:14,19:45,10,매우높음,"햇볕에 노출 시 수십분 이내에도 피부 화상을 입을 수 있어 매우 위험해요.낮 시간 외출을 피하고 실내나 그늘에 머물러주세요.외출시 긴 소매 옷, 모자, 선글라스를 착용해주세요.자외선 차단제를 정기적으로 발라주세요.",보통,19,보통,44,보통,82.0,,호흡기가 예민하신 분들은 몸상태 유의하며 활동해주세요.,
2026-05-29T14:39:21.733594+09:00,이태원 앤틱가구거리,이태원 앤틱가구거리,POI077,KEY_4,2026-05-29 14:30,26.8,29.0,16.0,35,SE,3.6,-,없음,비 또는 눈 소식이 없어요.,05:14,19:45,10,매우높음,"햇볕에 노출 시 수십분 이내에도 피부 화상을 입을 수 있어 매우 위험해요.낮 시간 외출을 피하고 실내나 그늘에 머물러주세요.외출시 긴 소매 옷, 모자, 선글라스를 착용해주세요.자외선 차단제를 정기적으로 발라주세요.",보통,19,보통,44,보통,82.0,,호흡기가 예민하신 분들은 몸상태 유의하며 활동해주세요.,
2026-05-29T14:39:21.733594+09:00,익선동,익선동,POI116,KEY_1,2026-05-29 14:30,26.6,28.0,16.0,46,SE,3.4,-,없음,비 또는 눈 소식이 없어요.,05:14,19:45,10,매우높음,"햇볕에 노출 시 수십분 이내에도 피부 화상을 입을 수 있어 매우 위험해요.낮 시간 외출을 피하고 실내나 그늘에 머물러주세요.외출시 긴 소매 옷, 모자, 선글라스를 착용해주세요.자외선 차단제를 정기적으로 발라주세요.",보통,17,좋음,22,보통,79.0,,호흡기가 예민하신 분들은 몸상태 유의하며 활동해주세요.,
2026-05-29T14:39:21.733594+09:00,인사동,인사동,POI078,KEY_2,2026-05-29 14:30,26.6,28.0,16.0,46,SE,3.4,-,없음,비 또는 눈 소식이 없어요.,05:14,19:45,10,매우높음,"햇볕에 노출 시 수십분 이내에도 피부 화상을 입을 수 있어 매우 위험해요.낮 시간 외출을 피하고 실내나 그늘에 머물러주세요.외출시 긴 소매 옷, 모자, 선글라스를 착용해주세요.자외선 차단제를 정기적으로 발라주세요.",보통,17,좋음,22,보통,79.0,,호흡기가 예민하신 분들은 몸상태 유의하며 활동해주세요.,
2026-05-29T14:39:21.733594+09:00,잠실롯데타워·석촌호수,잠실롯데타워·석촌호수,POI120,KEY_3,2026-05-29 14:30,28.1,29.0,16.0,30,SE,2.7,-,없음,비 또는 눈 소식이 없어요.,05:14,19:45,10,매우높음,"햇볕에 노출 시 수십분 이내에도 피부 화상을 입을 수 있어 매우 위험해요.낮 시간 외출을 피하고 실내나 그늘에 머물러주세요.외출시 긴 소매 옷, 모자, 선글라스를 착용해주세요.자외선 차단제를 정기적으로 발라주세요.",보통,20,보통,36,보통,82.0,,호흡기가 예민하신 분들은 몸상태 유의하며 활동해주세요.,
2026-05-29T14:39:21.733594+09:00,창동 신경제 중심지,창동 신경제 중심지,POI079,KEY_4,2026-05-29 14:30,26.5,28.0,15.0,42,SE,2.1,-,없음,비 또는 눈 소식이 없어요.,05:14,19:45,10,매우높음,"햇볕에 노출 시 수십분 이내에도 피부 화상을 입을 수 있어 매우 위험해요.낮 시간 외출을 피하고 실내나 그늘에 머물러주세요.외출시 긴 소매 옷, 모자, 선글라스를 착용해주세요.자외선 차단제를 정기적으로 발라주세요.",좋음,9,보통,33,보통,76.0,,호흡기가 예민하신 분들은 몸상태 유의하며 활동해주세요.,
2026-05-29T14:39:21.733594+09:00,청담동 명품거리,청담동 명품거리,POI080,KEY_1,2026-05-29 14:30,26.8,29.0,17.0,35,SE,3.6,-,없음,비 또는 눈 소식이 없어요.,05:14,19:45,10,매우높음,"햇볕에 노출 시 수십분 이내에도 피부 화상을 입을 수 있어 매우 위험해요.낮 시간 외출을 피하고 실내나 그늘에 머물러주세요.외출시 긴 소매 옷, 모자, 선글라스를 착용해주세요.자외선 차단제를 정기적으로 발라주세요.",보통,18,보통,36,보통,83.0,,호흡기가 예민하신 분들은 몸상태 유의하며 활동해주세요.,
2026-05-29T14:39:21.733594+09:00,청량리 제기동 일대 전통시장,청량리 제기동 일대 전통시장,POI081,KEY_2,2026-05-29 14:30,27.2,29.0,17.0,31,S,3.3,-,없음,비 또는 눈 소식이 없어요.,05:14,19:45,10,매우높음,"햇볕에 노출 시 수십분 이내에도 피부 화상을 입을 수 있어 매우 위험해요.낮 시간 외출을 피하고 실내나 그늘에 머물러주세요.외출시 긴 소매 옷, 모자, 선글라스를 착용해주세요.자외선 차단제를 정기적으로 발라주세요.",보통,16,좋음,24,보통,82.0,,호흡기가 예민하신 분들은 몸상태 유의하며 활동해주세요.,
2026-05-29T14:39:21.733594+09:00,해방촌·경리단길,해방촌·경리단길,POI082,KEY_3,2026-05-29 14:30,26.8,29.0,16.0,35,SE,3.6,-,없음,비 또는 눈 소식이 없어요.,05:14,19:45,10,매우높음,"햇볕에 노출 시 수십분 이내에도 피부 화상을 입을 수 있어 매우 위험해요.낮 시간 외출을 피하고 실내나 그늘에 머물러주세요.외출시 긴 소매 옷, 모자, 선글라스를 착용해주세요.자외선 차단제를 정기적으로 발라주세요.",보통,19,보통,44,보통,82.0,,호흡기가 예민하신 분들은 몸상태 유의하며 활동해주세요.,
2026-05-29T14:39:21.733594+09:00,DDP(동대문디자인플라자),DDP(동대문디자인플라자),POI083,KEY_4,2026-05-29 14:30,26.6,28.0,16.0,46,SE,3.4,-,없음,비 또는 눈 소식이 없어요.,05:14,19:45,10,매우높음,"햇볕에 노출 시 수십분 이내에도 피부 화상을 입을 수 있어 매우 위험해요.낮 시간 외출을 피하고 실내나 그늘에 머물러주세요.외출시 긴 소매 옷, 모자, 선글라스를 착용해주세요.자외선 차단제를 정기적으로 발라주세요.",보통,17,좋음,22,보통,79.0,,호흡기가 예민하신 분들은 몸상태 유의하며 활동해주세요.,
2026-05-29T14:39:21.733594+09:00,DMC(디지털미디어시티),DMC(디지털미디어시티),POI084,KEY_1,2026-05-29 14:30,27.4,28.0,15.0,50,SE,3.5,-,없음,비 또는 눈 소식이 없어요.,05:14,19:45,10,매우높음,"햇볕에 노출 시 수십분 이내에도 피부 화상을 입을 수 있어 매우 위험해요.낮 시간 외출을 피하고 실내나 그늘에 머물러주세요.외출시 긴 소매 옷, 모자, 선글라스를 착용해주세요.자외선 차단제를 정기적으로 발라주세요.",좋음,11,좋음,21,보통,77.0,,호흡기가 예민하신 분들은 몸상태 유의하며 활동해주세요.,
2026-05-29T14:39:21.733594+09:00,강남역,강남역,POI014,KEY_3,2026-05-29 14:30,27.8,29.0,15.0,35,S,2.3,-,없음,비 또는 눈 소식이 없어요.,05:14,19:45,10,매우높음,"햇볕에 노출 시 수십분 이내에도 피부 화상을 입을 수 있어 매우 위험해요.낮 시간 외출을 피하고 실내나 그늘에 머물러주세요.외출시 긴 소매 옷, 모자, 선글라스를 착용해주세요.자외선 차단제를 정기적으로 발라주세요.",좋음,10,좋음,30,보통,92.0,,호흡기가 예민하신 분들은 몸상태 유의하며 활동해주세요.,
2026-05-29T14:39:21.733594+09:00,건대입구역,건대입구역,POI015,KEY_4,2026-05-29 14:30,26.8,29.0,17.0,35,SE,3.6,-,없음,비 또는 눈 소식이 없어요.,05:14,19:45,10,매우높음,"햇볕에 노출 시 수십분 이내에도 피부 화상을 입을 수 있어 매우 위험해요.낮 시간 외출을 피하고 실내나 그늘에 머물러주세요.외출시 긴 소매 옷, 모자, 선글라스를 착용해주세요.자외선 차단제를 정기적으로 발라주세요.",보통,16,좋음,30,보통,83.0,,호흡기가 예민하신 분들은 몸상태 유의하며 활동해주세요.,
2026-05-29T14:39:21.733594+09:00,고덕역,고덕역,POI016,KEY_1,2026-05-29 14:30,27.6,29.0,16.0,31,SE,1.9,-,없음,비 또는 눈 소식이 없어요.,05:14,19:45,10,매우높음,"햇볕에 노출 시 수십분 이내에도 피부 화상을 입을 수 있어 매우 위험해요.낮 시간 외출을 피하고 실내나 그늘에 머물러주세요.외출시 긴 소매 옷, 모자, 선글라스를 착용해주세요.자외선 차단제를 정기적으로 발라주세요.",좋음,10,좋음,23,보통,88.0,,호흡기가 예민하신 분들은 몸상태 유의하며 활동해주세요.,
2026-05-29T14:39:21.733594+09:00,고속터미널역,고속터미널역,POI017,KEY_2,2026-05-29 14:30,27.5,29.0,15.0,48,N,2.2,-,없음,비 또는 눈 소식이 없어요.,05:14,19:45,10,매우높음,"햇볕에 노출 시 수십분 이내에도 피부 화상을 입을 수 있어 매우 위험해요.낮 시간 외출을 피하고 실내나 그늘에 머물러주세요.외출시 긴 소매 옷, 모자, 선글라스를 착용해주세요.자외선 차단제를 정기적으로 발라주세요.",좋음,10,좋음,30,보통,92.0,,호흡기가 예민하신 분들은 몸상태 유의하며 활동해주세요.,
2026-05-29T14:39:21.733594+09:00,교대역,교대역,POI018,KEY_3,2026-05-29 14:30,27.8,29.0,15.0,35,S,2.3,-,없음,비 또는 눈 소식이 없어요.,05:14,19:45,10,매우높음,"햇볕에 노출 시 수십분 이내에도 피부 화상을 입을 수 있어 매우 위험해요.낮 시간 외출을 피하고 실내나 그늘에 머물러주세요.외출시 긴 소매 옷, 모자, 선글라스를 착용해주세요.자외선 차단제를 정기적으로 발라주세요.",좋음,10,좋음,30,보통,92.0,,호흡기가 예민하신 분들은 몸상태 유의하며 활동해주세요.,
2026-05-29T14:39:21.733594+09:00,구로디지털단지역,구로디지털단지역,POI019,KEY_4,2026-05-29 14:30,26.4,28.0,17.0,49,ESE,2.8,-,없음,비 또는 눈 소식이 없어요.,05:14,19:45,10,매우높음,"햇볕에 노출 시 수십분 이내에도 피부 화상을 입을 수 있어 매우 위험해요.낮 시간 외출을 피하고 실내나 그늘에 머물러주세요.외출시 긴 소매 옷, 모자, 선글라스를 착용해주세요.자외선 차단제를 정기적으로 발라주세요.",좋음,12,좋음,30,보통,100.0,,호흡기가 예민하신 분들은 몸상태 유의하며 활동해주세요.,
2026-05-29T14:39:21.733594+09:00,구로역,구로역,POI020,KEY_1,2026-05-29 14:30,26.4,28.0,17.0,49,ESE,2.8,-,없음,비 또는 눈 소식이 없어요.,05:14,19:45,10,매우높음,"햇볕에 노출 시 수십분 이내에도 피부 화상을 입을 수 있어 매우 위험해요.낮 시간 외출을 피하고 실내나 그늘에 머물러주세요.외출시 긴 소매 옷, 모자, 선글라스를 착용해주세요.자외선 차단제를 정기적으로 발라주세요.",좋음,12,좋음,30,보통,100.0,,호흡기가 예민하신 분들은 몸상태 유의하며 활동해주세요.,
2026-05-29T14:39:21.733594+09:00,군자역,군자역,POI021,KEY_2,2026-05-29 14:30,27.5,29.0,16.0,28,SE,3.2,-,없음,비 또는 눈 소식이 없어요.,05:14,19:45,10,매우높음,"햇볕에 노출 시 수십분 이내에도 피부 화상을 입을 수 있어 매우 위험해요.낮 시간 외출을 피하고 실내나 그늘에 머물러주세요.외출시 긴 소매 옷, 모자, 선글라스를 착용해주세요.자외선 차단제를 정기적으로 발라주세요.",보통,16,좋음,30,보통,83.0,,호흡기가 예민하신 분들은 몸상태 유의하며 활동해주세요.,
2026-05-29T14:39:21.733594+09:00,대림역,대림역,POI023,KEY_3,2026-05-29 14:30,26.4,28.0,17.0,49,ESE,2.8,-,없음,비 또는 눈 소식이 없어요.,05:14,19:45,10,매우높음,"햇볕에 노출 시 수십분 이내에도 피부 화상을 입을 수 있어 매우 위험해요.낮 시간 외출을 피하고 실내나 그늘에 머물러주세요.외출시 긴 소매 옷, 모자, 선글라스를 착용해주세요.자외선 차단제를 정기적으로 발라주세요.",보통,16,좋음,18,보통,79.0,,호흡기가 예민하신 분들은 몸상태 유의하며 활동해주세요.,
2026-05-29T14:39:21.733594+09:00,동대문역,동대문역,POI024,KEY_4,2026-05-29 14:30,26.6,28.0,16.0,46,SE,3.4,-,없음,비 또는 눈 소식이 없어요.,05:14,19:45,10,매우높음,"햇볕에 노출 시 수십분 이내에도 피부 화상을 입을 수 있어 매우 위험해요.낮 시간 외출을 피하고 실내나 그늘에 머물러주세요.외출시 긴 소매 옷, 모자, 선글라스를 착용해주세요.자외선 차단제를 정기적으로 발라주세요.",보통,17,좋음,22,보통,79.0,,호흡기가 예민하신 분들은 몸상태 유의하며 활동해주세요.,
2026-05-29T14:39:21.733594+09:00,뚝섬역,뚝섬역,POI025,KEY_1,2026-05-29 14:30,26.8,29.0,17.0,35,SE,3.6,-,없음,비 또는 눈 소식이 없어요.,05:14,19:45,10,매우높음,"햇볕에 노출 시 수십분 이내에도 피부 화상을 입을 수 있어 매우 위험해요.낮 시간 외출을 피하고 실내나 그늘에 머물러주세요.외출시 긴 소매 옷, 모자, 선글라스를 착용해주세요.자외선 차단제를 정기적으로 발라주세요.",보통,19,보통,32,보통,90.0,,호흡기가 예민하신 분들은 몸상태 유의하며 활동해주세요.,
2026-05-29T14:39:21.733594+09:00,미아사거리역,미아사거리역,POI026,KEY_2,2026-05-29 14:30,26.6,29.0,15.0,32,SE,2.3,-,없음,비 또는 눈 소식이 없어요.,05:14,19:45,10,매우높음,"햇볕에 노출 시 수십분 이내에도 피부 화상을 입을 수 있어 매우 위험해요.낮 시간 외출을 피하고 실내나 그늘에 머물러주세요.외출시 긴 소매 옷, 모자, 선글라스를 착용해주세요.자외선 차단제를 정기적으로 발라주세요.",점검중,0,점검중,0,점검중,점검중,,원본 시스템 서비스 점검중입니다.,
2026-05-29T14:39:21.733594+09:00,발산역,발산역,POI027,KEY_3,2026-05-29 14:30,27.4,28.0,16.0,50,SE,3.5,-,없음,비 또는 눈 소식이 없어요.,05:14,19:45,10,매우높음,"햇볕에 노출 시 수십분 이내에도 피부 화상을 입을 수 있어 매우 위험해요.낮 시간 외출을 피하고 실내나 그늘에 머물러주세요.외출시 긴 소매 옷, 모자, 선글라스를 착용해주세요.자외선 차단제를 정기적으로 발라주세요.",좋음,14,좋음,26,보통,81.0,,호흡기가 예민하신 분들은 몸상태 유의하며 활동해주세요.,
2026-05-29T14:39:21.733594+09:00,사당역,사당역,POI029,KEY_4,2026-05-29 14:30,27.5,29.0,15.0,48,N,2.2,-,없음,비 또는 눈 소식이 없어요.,05:14,19:45,10,매우높음,"햇볕에 노출 시 수십분 이내에도 피부 화상을 입을 수 있어 매우 위험해요.낮 시간 외출을 피하고 실내나 그늘에 머물러주세요.외출시 긴 소매 옷, 모자, 선글라스를 착용해주세요.자외선 차단제를 정기적으로 발라주세요.",좋음,10,좋음,30,보통,92.0,,호흡기가 예민하신 분들은 몸상태 유의하며 활동해주세요.,
2026-05-29T14:39:21.733594+09:00,삼각지역,삼각지역,POI030,KEY_1,2026-05-29 14:30,26.8,29.0,16.0,35,SE,3.6,-,없음,비 또는 눈 소식이 없어요.,05:14,19:45,10,매우높음,"햇볕에 노출 시 수십분 이내에도 피부 화상을 입을 수 있어 매우 위험해요.낮 시간 외출을 피하고 실내나 그늘에 머물러주세요.외출시 긴 소매 옷, 모자, 선글라스를 착용해주세요.자외선 차단제를 정기적으로 발라주세요.",보통,19,보통,44,보통,82.0,,호흡기가 예민하신 분들은 몸상태 유의하며 활동해주세요.,
2026-05-29T14:39:21.733594+09:00,서울대입구역,서울대입구역,POI031,KEY_2,2026-05-29 14:30,26.5,28.0,16.0,44,SE,2.3,-,없음,비 또는 눈 소식이 없어요.,05:14,19:45,10,매우높음,"햇볕에 노출 시 수십분 이내에도 피부 화상을 입을 수 있어 매우 위험해요.낮 시간 외출을 피하고 실내나 그늘에 머물러주세요.외출시 긴 소매 옷, 모자, 선글라스를 착용해주세요.자외선 차단제를 정기적으로 발라주세요.",보통,18,보통,40,보통,84.0,,호흡기가 예민하신 분들은 몸상태 유의하며 활동해주세요.,
2026-05-29T14:39:21.733594+09:00,서울식물원·마곡나루역,서울식물원·마곡나루역,POI032,KEY_3,2026-05-29 14:30,27.4,28.0,16.0,50,SE,3.5,-,없음,비 또는 눈 소식이 없어요.,05:14,19:45,10,매우높음,"햇볕에 노출 시 수십분 이내에도 피부 화상을 입을 수 있어 매우 위험해요.낮 시간 외출을 피하고 실내나 그늘에 머물러주세요.외출시 긴 소매 옷, 모자, 선글라스를 착용해주세요.자외선 차단제를 정기적으로 발라주세요.",좋음,14,좋음,26,보통,81.0,,호흡기가 예민하신 분들은 몸상태 유의하며 활동해주세요.,
2026-05-29T14:39:21.733594+09:00,서울역,서울역,POI033,KEY_4,2026-05-29 14:30,26.6,28.0,16.0,46,SE,3.4,-,없음,비 또는 눈 소식이 없어요.,05:14,19:45,10,매우높음,"햇볕에 노출 시 수십분 이내에도 피부 화상을 입을 수 있어 매우 위험해요.낮 시간 외출을 피하고 실내나 그늘에 머물러주세요.외출시 긴 소매 옷, 모자, 선글라스를 착용해주세요.자외선 차단제를 정기적으로 발라주세요.",보통,17,좋음,30,보통,85.0,,호흡기가 예민하신 분들은 몸상태 유의하며 활동해주세요.,
2026-05-29T14:39:21.733594+09:00,선릉역,선릉역,POI034,KEY_1,2026-05-29 14:30,27.8,29.0,15.0,35,S,2.3,-,없음,비 또는 눈 소식이 없어요.,05:14,19:45,10,매우높음,"햇볕에 노출 시 수십분 이내에도 피부 화상을 입을 수 있어 매우 위험해요.낮 시간 외출을 피하고 실내나 그늘에 머물러주세요.외출시 긴 소매 옷, 모자, 선글라스를 착용해주세요.자외선 차단제를 정기적으로 발라주세요.",보통,18,보통,36,보통,83.0,,호흡기가 예민하신 분들은 몸상태 유의하며 활동해주세요.,
2026-05-29T14:39:21.733594+09:00,성신여대입구역,성신여대입구역,POI035,KEY_2,2026-05-29 14:30,26.6,28.0,16.0,46,SE,3.4,-,없음,비 또는 눈 소식이 없어요.,05:14,19:45,10,매우높음,"햇볕에 노출 시 수십분 이내에도 피부 화상을 입을 수 있어 매우 위험해요.낮 시간 외출을 피하고 실내나 그늘에 머물러주세요.외출시 긴 소매 옷, 모자, 선글라스를 착용해주세요.자외선 차단제를 정기적으로 발라주세요.",점검중,0,점검중,0,점검중,점검중,,원본 시스템 서비스 점검중입니다.,
2026-05-29T14:39:21.733594+09:00,수유역,수유역,POI036,KEY_3,2026-05-29 14:30,26.6,29.0,15.0,32,SE,2.3,-,없음,비 또는 눈 소식이 없어요.,05:14,19:45,10,매우높음,"햇볕에 노출 시 수십분 이내에도 피부 화상을 입을 수 있어 매우 위험해요.낮 시간 외출을 피하고 실내나 그늘에 머물러주세요.외출시 긴 소매 옷, 모자, 선글라스를 착용해주세요.자외선 차단제를 정기적으로 발라주세요.",점검중,0,점검중,0,점검중,점검중,,원본 시스템 서비스 점검중입니다.,
2026-05-29T14:39:21.733594+09:00,숭례문,숭례문,POI131,KEY_4,2026-05-29 14:30,26.6,28.0,16.0,46,SE,3.4,-,없음,비 또는 눈 소식이 없어요.,05:14,19:45,10,매우높음,"햇볕에 노출 시 수십분 이내에도 피부 화상을 입을 수 있어 매우 위험해요.낮 시간 외출을 피하고 실내나 그늘에 머물러주세요.외출시 긴 소매 옷, 모자, 선글라스를 착용해주세요.자외선 차단제를 정기적으로 발라주세요.",보통,17,좋음,30,보통,85.0,,호흡기가 예민하신 분들은 몸상태 유의하며 활동해주세요.,
2026-05-29T14:39:21.733594+09:00,시의회 앞,시의회 앞,POI130,KEY_1,2026-05-29 14:30,26.6,28.0,16.0,46,SE,3.4,-,없음,비 또는 눈 소식이 없어요.,05:14,19:45,10,매우높음,"햇볕에 노출 시 수십분 이내에도 피부 화상을 입을 수 있어 매우 위험해요.낮 시간 외출을 피하고 실내나 그늘에 머물러주세요.외출시 긴 소매 옷, 모자, 선글라스를 착용해주세요.자외선 차단제를 정기적으로 발라주세요.",보통,17,좋음,30,보통,85.0,,호흡기가 예민하신 분들은 몸상태 유의하며 활동해주세요.,
2026-05-29T14:39:21.733594+09:00,신논현역·논현역,신논현역·논현역,POI037,KEY_2,2026-05-29 14:41,27.8,29.0,15.0,35,S,2.3,-,없음,비 또는 눈 소식이 없어요.,05:14,19:45,10,매우높음,"햇볕에 노출 시 수십분 이내에도 피부 화상을 입을 수 있어 매우 위험해요.낮 시간 외출을 피하고 실내나 그늘에 머물러주세요.외출시 긴 소매 옷, 모자, 선글라스를 착용해주세요.자외선 차단제를 정기적으로 발라주세요.",보통,18,보통,36,보통,83.0,,호흡기가 예민하신 분들은 몸상태 유의하며 활동해주세요.,
2026-05-29T14:39:21.733594+09:00,신도림역,신도림역,POI038,KEY_3,2026-05-29 14:41,26.5,28.0,16.0,44,SE,2.3,-,없음,비 또는 눈 소식이 없어요.,05:14,19:45,10,매우높음,"햇볕에 노출 시 수십분 이내에도 피부 화상을 입을 수 있어 매우 위험해요.낮 시간 외출을 피하고 실내나 그늘에 머물러주세요.외출시 긴 소매 옷, 모자, 선글라스를 착용해주세요.자외선 차단제를 정기적으로 발라주세요.",보통,16,좋음,18,보통,79.0,,호흡기가 예민하신 분들은 몸상태 유의하며 활동해주세요.,
2026-05-29T14:39:21.733594+09:00,신림역,신림역,POI039,KEY_4,2026-05-29 14:41,26.5,28.0,16.0,44,SE,2.3,-,없음,비 또는 눈 소식이 없어요.,05:14,19:45,10,매우높음,"햇볕에 노출 시 수십분 이내에도 피부 화상을 입을 수 있어 매우 위험해요.낮 시간 외출을 피하고 실내나 그늘에 머물러주세요.외출시 긴 소매 옷, 모자, 선글라스를 착용해주세요.자외선 차단제를 정기적으로 발라주세요.",보통,18,보통,40,보통,84.0,,호흡기가 예민하신 분들은 몸상태 유의하며 활동해주세요.,
2026-05-29T14:39:21.733594+09:00,신정네거리역,신정네거리역,POI117,KEY_1,2026-05-29 14:41,26.5,28.0,17.0,45,SE,2.0,-,없음,비 또는 눈 소식이 없어요.,05:14,19:45,10,매우높음,"햇볕에 노출 시 수십분 이내에도 피부 화상을 입을 수 있어 매우 위험해요.낮 시간 외출을 피하고 실내나 그늘에 머물러주세요.외출시 긴 소매 옷, 모자, 선글라스를 착용해주세요.자외선 차단제를 정기적으로 발라주세요.",좋음,14,좋음,30,보통,83.0,,호흡기가 예민하신 분들은 몸상태 유의하며 활동해주세요.,
2026-05-29T14:39:21.733594+09:00,신촌·이대역,신촌·이대역,POI040,KEY_2,2026-05-29 14:41,26.3,29.0,17.0,53,SSE,4.0,-,없음,비 또는 눈 소식이 없어요.,05:14,19:45,10,매우높음,"햇볕에 노출 시 수십분 이내에도 피부 화상을 입을 수 있어 매우 위험해요.낮 시간 외출을 피하고 실내나 그늘에 머물러주세요.외출시 긴 소매 옷, 모자, 선글라스를 착용해주세요.자외선 차단제를 정기적으로 발라주세요.",좋음,10,좋음,23,보통,84.0,,호흡기가 예민하신 분들은 몸상태 유의하며 활동해주세요.,
2026-05-29T14:39:21.733594+09:00,쌍문역,쌍문역,POI070,KEY_3,2026-05-29 14:41,26.6,29.0,15.0,32,SE,2.3,-,없음,비 또는 눈 소식이 없어요.,05:14,19:45,10,매우높음,"햇볕에 노출 시 수십분 이내에도 피부 화상을 입을 수 있어 매우 위험해요.낮 시간 외출을 피하고 실내나 그늘에 머물러주세요.외출시 긴 소매 옷, 모자, 선글라스를 착용해주세요.자외선 차단제를 정기적으로 발라주세요.",좋음,10,좋음,21,보통,83.0,,호흡기가 예민하신 분들은 몸상태 유의하며 활동해주세요.,
2026-05-29T14:39:21.733594+09:00,양재역,양재역,POI041,KEY_4,2026-05-29 14:41,27.8,29.0,15.0,35,S,2.3,-,없음,비 또는 눈 소식이 없어요.,05:14,19:45,10,매우높음,"햇볕에 노출 시 수십분 이내에도 피부 화상을 입을 수 있어 매우 위험해요.낮 시간 외출을 피하고 실내나 그늘에 머물러주세요.외출시 긴 소매 옷, 모자, 선글라스를 착용해주세요.자외선 차단제를 정기적으로 발라주세요.",좋음,10,좋음,30,보통,92.0,,호흡기가 예민하신 분들은 몸상태 유의하며 활동해주세요.,
2026-05-29T14:39:21.733594+09:00,역삼역,역삼역,POI042,KEY_1,2026-05-29 14:41,27.8,29.0,15.0,35,S,2.3,-,없음,비 또는 눈 소식이 없어요.,05:14,19:45,10,매우높음,"햇볕에 노출 시 수십분 이내에도 피부 화상을 입을 수 있어 매우 위험해요.낮 시간 외출을 피하고 실내나 그늘에 머물러주세요.외출시 긴 소매 옷, 모자, 선글라스를 착용해주세요.자외선 차단제를 정기적으로 발라주세요.",보통,18,보통,36,보통,83.0,,호흡기가 예민하신 분들은 몸상태 유의하며 활동해주세요.,
2026-05-29T14:39:21.733594+09:00,연신내역,연신내역,POI043,KEY_2,2026-05-29 14:41,26.6,28.0,14.0,35,SSE,3.1,-,없음,비 또는 눈 소식이 없어요.,05:14,19:45,10,매우높음,"햇볕에 노출 시 수십분 이내에도 피부 화상을 입을 수 있어 매우 위험해요.낮 시간 외출을 피하고 실내나 그늘에 머물러주세요.외출시 긴 소매 옷, 모자, 선글라스를 착용해주세요.자외선 차단제를 정기적으로 발라주세요.",좋음,14,좋음,24,보통,82.0,,호흡기가 예민하신 분들은 몸상태 유의하며 활동해주세요.,
2026-05-29T14:39:21.733594+09:00,오목교역·목동운동장,오목교역·목동운동장,POI044,KEY_3,2026-05-29 14:41,26.5,28.0,17.0,45,SE,2.0,-,없음,비 또는 눈 소식이 없어요.,05:14,19:45,10,매우높음,"햇볕에 노출 시 수십분 이내에도 피부 화상을 입을 수 있어 매우 위험해요.낮 시간 외출을 피하고 실내나 그늘에 머물러주세요.외출시 긴 소매 옷, 모자, 선글라스를 착용해주세요.자외선 차단제를 정기적으로 발라주세요.",좋음,14,좋음,30,보통,83.0,,호흡기가 예민하신 분들은 몸상태 유의하며 활동해주세요.,
2026-05-29T14:39:21.733594+09:00,왕십리역,왕십리역,POI045,KEY_4,2026-05-29 14:41,27.2,29.0,17.0,31,S,3.3,-,없음,비 또는 눈 소식이 없어요.,05:14,19:45,10,매우높음,"햇볕에 노출 시 수십분 이내에도 피부 화상을 입을 수 있어 매우 위험해요.낮 시간 외출을 피하고 실내나 그늘에 머물러주세요.외출시 긴 소매 옷, 모자, 선글라스를 착용해주세요.자외선 차단제를 정기적으로 발라주세요.",보통,19,보통,32,보통,90.0,,호흡기가 예민하신 분들은 몸상태 유의하며 활동해주세요.,
2026-05-29T14:39:21.733594+09:00,용산역,용산역,POI046,KEY_1,2026-05-29 14:41,26.3,29.0,17.0,53,SSE,4.0,-,없음,비 또는 눈 소식이 없어요.,05:14,19:45,10,매우높음,"햇볕에 노출 시 수십분 이내에도 피부 화상을 입을 수 있어 매우 위험해요.낮 시간 외출을 피하고 실내나 그늘에 머물러주세요.외출시 긴 소매 옷, 모자, 선글라스를 착용해주세요.자외선 차단제를 정기적으로 발라주세요.",보통,19,보통,44,보통,82.0,,호흡기가 예민하신 분들은 몸상태 유의하며 활동해주세요.,
2026-05-29T14:39:21.733594+09:00,이태원역,이태원역,POI047,KEY_2,2026-05-29 14:41,26.8,29.0,16.0,35,SE,3.6,-,없음,비 또는 눈 소식이 없어요.,05:14,19:45,10,매우높음,"햇볕에 노출 시 수십분 이내에도 피부 화상을 입을 수 있어 매우 위험해요.낮 시간 외출을 피하고 실내나 그늘에 머물러주세요.외출시 긴 소매 옷, 모자, 선글라스를 착용해주세요.자외선 차단제를 정기적으로 발라주세요.",보통,19,보통,44,보통,82.0,,호흡기가 예민하신 분들은 몸상태 유의하며 활동해주세요.,
2026-05-29T14:39:21.733594+09:00,잠실새내역,잠실새내역,POI118,KEY_3,2026-05-29 14:41,27.5,29.0,16.0,31,ESE,2.8,-,없음,비 또는 눈 소식이 없어요.,05:14,19:45,10,매우높음,"햇볕에 노출 시 수십분 이내에도 피부 화상을 입을 수 있어 매우 위험해요.낮 시간 외출을 피하고 실내나 그늘에 머물러주세요.외출시 긴 소매 옷, 모자, 선글라스를 착용해주세요.자외선 차단제를 정기적으로 발라주세요.",보통,20,보통,36,보통,82.0,,호흡기가 예민하신 분들은 몸상태 유의하며 활동해주세요.,
2026-05-29T14:39:21.733594+09:00,잠실역,잠실역,POI119,KEY_4,2026-05-29 14:41,28.1,29.0,16.0,30,SE,2.7,-,없음,비 또는 눈 소식이 없어요.,05:14,19:45,10,매우높음,"햇볕에 노출 시 수십분 이내에도 피부 화상을 입을 수 있어 매우 위험해요.낮 시간 외출을 피하고 실내나 그늘에 머물러주세요.외출시 긴 소매 옷, 모자, 선글라스를 착용해주세요.자외선 차단제를 정기적으로 발라주세요.",보통,20,보통,36,보통,82.0,,호흡기가 예민하신 분들은 몸상태 유의하며 활동해주세요.,
2026-05-29T14:39:21.733594+09:00,장지역,장지역,POI048,KEY_1,2026-05-29 14:41,27.5,29.0,16.0,31,ESE,2.8,-,없음,비 또는 눈 소식이 없어요.,05:14,19:45,10,매우높음,"햇볕에 노출 시 수십분 이내에도 피부 화상을 입을 수 있어 매우 위험해요.낮 시간 외출을 피하고 실내나 그늘에 머물러주세요.외출시 긴 소매 옷, 모자, 선글라스를 착용해주세요.자외선 차단제를 정기적으로 발라주세요.",보통,20,보통,36,보통,82.0,,호흡기가 예민하신 분들은 몸상태 유의하며 활동해주세요.,
2026-05-29T14:39:21.733594+09:00,장한평역,장한평역,POI049,KEY_2,2026-05-29 14:41,27.2,29.0,17.0,31,S,3.3,-,없음,비 또는 눈 소식이 없어요.,05:14,19:45,10,매우높음,"햇볕에 노출 시 수십분 이내에도 피부 화상을 입을 수 있어 매우 위험해요.낮 시간 외출을 피하고 실내나 그늘에 머물러주세요.외출시 긴 소매 옷, 모자, 선글라스를 착용해주세요.자외선 차단제를 정기적으로 발라주세요.",보통,16,좋음,24,보통,82.0,,호흡기가 예민하신 분들은 몸상태 유의하며 활동해주세요.,
2026-05-29T14:39:21.733594+09:00,천호역,천호역,POI050,KEY_3,2026-05-29 14:41,28.1,29.0,16.0,30,SE,2.7,-,없음,비 또는 눈 소식이 없어요.,05:14,19:45,10,매우높음,"햇볕에 노출 시 수십분 이내에도 피부 화상을 입을 수 있어 매우 위험해요.낮 시간 외출을 피하고 실내나 그늘에 머물러주세요.외출시 긴 소매 옷, 모자, 선글라스를 착용해주세요.자외선 차단제를 정기적으로 발라주세요.",좋음,10,좋음,23,보통,88.0,,호흡기가 예민하신 분들은 몸상태 유의하며 활동해주세요.,
2026-05-29T14:39:21.733594+09:00,총신대입구(이수)역,총신대입구(이수)역,POI051,KEY_4,2026-05-29 14:41,27.5,29.0,15.0,48,N,2.2,-,없음,비 또는 눈 소식이 없어요.,05:14,19:45,10,매우높음,"햇볕에 노출 시 수십분 이내에도 피부 화상을 입을 수 있어 매우 위험해요.낮 시간 외출을 피하고 실내나 그늘에 머물러주세요.외출시 긴 소매 옷, 모자, 선글라스를 착용해주세요.자외선 차단제를 정기적으로 발라주세요.",보통,17,보통,38,보통,85.0,,호흡기가 예민하신 분들은 몸상태 유의하며 활동해주세요.,
2026-05-29T14:39:21.733594+09:00,충정로역,충정로역,POI052,KEY_1,2026-05-29 14:41,26.3,29.0,17.0,53,SSE,4.0,-,없음,비 또는 눈 소식이 없어요.,05:14,19:45,10,매우높음,"햇볕에 노출 시 수십분 이내에도 피부 화상을 입을 수 있어 매우 위험해요.낮 시간 외출을 피하고 실내나 그늘에 머물러주세요.외출시 긴 소매 옷, 모자, 선글라스를 착용해주세요.자외선 차단제를 정기적으로 발라주세요.",좋음,10,좋음,23,보통,84.0,,호흡기가 예민하신 분들은 몸상태 유의하며 활동해주세요.,
2026-05-29T14:39:21.733594+09:00,합정역,합정역,POI053,KEY_2,2026-05-29 14:41,26.3,29.0,17.0,53,SSE,4.0,-,없음,비 또는 눈 소식이 없어요.,05:14,19:45,10,매우높음,"햇볕에 노출 시 수십분 이내에도 피부 화상을 입을 수 있어 매우 위험해요.낮 시간 외출을 피하고 실내나 그늘에 머물러주세요.외출시 긴 소매 옷, 모자, 선글라스를 착용해주세요.자외선 차단제를 정기적으로 발라주세요.",좋음,11,좋음,21,보통,77.0,,호흡기가 예민하신 분들은 몸상태 유의하며 활동해주세요.,
2026-05-29T14:39:21.733594+09:00,혜화역,혜화역,POI054,KEY_3,2026-05-29 14:41,26.6,28.0,16.0,46,SE,3.4,-,없음,비 또는 눈 소식이 없어요.,05:14,19:45,10,매우높음,"햇볕에 노출 시 수십분 이내에도 피부 화상을 입을 수 있어 매우 위험해요.낮 시간 외출을 피하고 실내나 그늘에 머물러주세요.외출시 긴 소매 옷, 모자, 선글라스를 착용해주세요.자외선 차단제를 정기적으로 발라주세요.",보통,17,좋음,22,보통,79.0,,호흡기가 예민하신 분들은 몸상태 유의하며 활동해주세요.,
2026-05-29T14:39:21.733594+09:00,홍대입구역(2호선),홍대입구역(2호선),POI055,KEY_4,2026-05-29 14:41,26.4,28.0,15.0,52,SSE,1.5,-,없음,비 또는 눈 소식이 없어요.,05:14,19:45,10,매우높음,"햇볕에 노출 시 수십분 이내에도 피부 화상을 입을 수 있어 매우 위험해요.낮 시간 외출을 피하고 실내나 그늘에 머물러주세요.외출시 긴 소매 옷, 모자, 선글라스를 착용해주세요.자외선 차단제를 정기적으로 발라주세요.",좋음,11,좋음,21,보통,77.0,,호흡기가 예민하신 분들은 몸상태 유의하며 활동해주세요.,
2026-05-29T14:39:21.733594+09:00,회기역,회기역,POI056,KEY_1,2026-05-29 14:41,27.2,29.0,17.0,31,S,3.3,-,없음,비 또는 눈 소식이 없어요.,05:14,19:45,10,매우높음,"햇볕에 노출 시 수십분 이내에도 피부 화상을 입을 수 있어 매우 위험해요.낮 시간 외출을 피하고 실내나 그늘에 머물러주세요.외출시 긴 소매 옷, 모자, 선글라스를 착용해주세요.자외선 차단제를 정기적으로 발라주세요.",보통,16,좋음,24,보통,82.0,,호흡기가 예민하신 분들은 몸상태 유의하며 활동해주세요.,
