fetched_at,place_name,AREA_NM,AREA_CD,_key_used,SBIKE_SPOT_NM,SBIKE_SPOT_ID,SBIKE_SHARED,SBIKE_PARKING_CNT,SBIKE_RACK_CNT,SBIKE_X,SBIKE_Y
2026-06-26T01:57:24.205462+09:00,광화문·덕수궁,광화문·덕수궁,POI009,KEY_2,303. 광화문역 1번출구 앞,ST-119,25,2,8,126.97466278,37.57176971
2026-06-26T01:57:24.205462+09:00,광화문·덕수궁,광화문·덕수궁,POI009,KEY_2,391. 시립미술관,ST-977,75,6,8,126.97340393,37.56505203
2026-06-26T01:57:24.205462+09:00,광화문·덕수궁,광화문·덕수궁,POI009,KEY_2,310. 청계광장 옆,ST-126,0,0,8,126.9774704,37.56887817
2026-06-26T01:57:24.205462+09:00,광화문·덕수궁,광화문·덕수궁,POI009,KEY_2,458. 광화문역 5번출구,ST-1611,5,1,21,126.97756958,37.56989288
2026-06-26T01:57:24.205462+09:00,광화문·덕수궁,광화문·덕수궁,POI009,KEY_2,305. 종로구청 옆,ST-121,13,2,16,126.97833252,37.57255936
2026-06-26T01:57:24.205462+09:00,광화문·덕수궁,광화문·덕수궁,POI009,KEY_2,309. 광화문역 6번출구 옆 B,ST-125,0,0,13,126.97615814,37.56996155
2026-06-26T01:57:24.205462+09:00,광화문·덕수궁,광화문·덕수궁,POI009,KEY_2,4796. 서울시청,ST-2693,10,2,20,126.97925568,37.5664711
2026-06-26T01:57:24.205462+09:00,광화문·덕수궁,광화문·덕수궁,POI009,KEY_2,4719. 종로문화원 건너편,ST-3090,33,5,15,126.9805069,37.57571411
2026-06-26T01:57:24.205462+09:00,광화문·덕수궁,광화문·덕수궁,POI009,KEY_2,4718. 광화문역 6번출구 옆 A,ST-3075,10,1,10,126.9764328,37.56993103
2026-06-26T01:57:24.205462+09:00,광화문·덕수궁,광화문·덕수궁,POI009,KEY_2,6058. 시청역 2번출구,ST-3297,80,12,15,126.97702026,37.56557846
2026-06-26T01:57:24.205462+09:00,보신각,보신각,POI010,KEY_3,316. 종각역 1번출구 앞,ST-132,25,2,8,126.98178864,37.57039642
2026-06-26T01:57:24.205462+09:00,보신각,보신각,POI010,KEY_3,385. 종각역 5번출구,ST-336,0,0,10,126.98265839,37.56983566
2026-06-26T01:57:24.205462+09:00,보신각,보신각,POI010,KEY_3,3408.종로타워빌딩,ST-1805,0,0,13,126.98323822,37.57070541
2026-06-26T01:57:24.205462+09:00,보신각,보신각,POI010,KEY_3,4708. 조계사앞사거리,ST-2472,33,2,6,126.98283386,37.5721817
2026-06-26T01:57:24.205462+09:00,서울 암사동 유적,서울 암사동 유적,POI011,KEY_4,1007.암사동 선사유적지,ST-491,229,32,14,127.13087463,37.55955887
2026-06-26T01:57:24.205462+09:00,서울 암사동 유적,서울 암사동 유적,POI011,KEY_4,3539. 서원마을,ST-1686,70,7,10,127.13283539,37.56379318
2026-06-26T01:57:24.205462+09:00,창덕궁·종묘,창덕궁·종묘,POI012,KEY_1,339. 종로4가 사거리,ST-155,10,1,10,126.99819183,37.57106781
2026-06-26T01:57:24.205462+09:00,창덕궁·종묘,창덕궁·종묘,POI012,KEY_1,337. 창경궁 입구,ST-153,40,2,5,126.99647522,37.57897949
2026-06-26T01:57:24.205462+09:00,창덕궁·종묘,창덕궁·종묘,POI012,KEY_1,338. 세운스퀘어 앞,ST-154,6,1,18,126.99712372,37.57095718
2026-06-26T01:57:24.205462+09:00,창덕궁·종묘,창덕궁·종묘,POI012,KEY_1,359. 원남동사거리,ST-174,63,5,8,126.99768066,37.57606125
2026-06-26T01:57:24.205462+09:00,창덕궁·종묘,창덕궁·종묘,POI012,KEY_1,3410.종로3가역 8번출구,ST-1807,80,8,10,126.99188995,37.5724678
2026-06-26T01:57:24.205462+09:00,창덕궁·종묘,창덕궁·종묘,POI012,KEY_1,3413.종로플레이스,ST-1810,32,7,22,126.99796295,37.57320023
2026-06-26T01:57:24.205462+09:00,창덕궁·종묘,창덕궁·종묘,POI012,KEY_1,3411.종묘,ST-1808,33,3,9,126.99437714,37.57072067
2026-06-26T01:57:24.205462+09:00,동대문 관광특구,동대문 관광특구,POI002,KEY_3,383. 신당역 12번 출구 뒤,ST-198,4,1,24,127.01642609,37.56591797
2026-06-26T01:57:24.205462+09:00,동대문 관광특구,동대문 관광특구,POI002,KEY_3,475.DDP 패션몰,ST-1781,62,13,21,127.0118103,37.56764984
2026-06-26T01:57:24.205462+09:00,동대문 관광특구,동대문 관광특구,POI002,KEY_3,346. 맥스타일 앞,ST-162,60,6,10,127.01014709,37.5689621
2026-06-26T01:57:24.205462+09:00,동대문 관광특구,동대문 관광특구,POI002,KEY_3,347. 동대문역사문화공원역 9번출구 앞,ST-163,56,10,18,127.00784302,37.56533051
2026-06-26T01:57:24.205462+09:00,동대문 관광특구,동대문 관광특구,POI002,KEY_3,474.동대문역사문화공원역 1번출구 뒤편,ST-1780,53,21,40,127.00849152,37.56629944
2026-06-26T01:57:24.205462+09:00,동대문 관광특구,동대문 관광특구,POI002,KEY_3,4765. 동대문디자인플라자,ST-2431,0,0,20,127.00946045,37.5683136
2026-06-26T01:57:24.205462+09:00,동대문 관광특구,동대문 관광특구,POI002,KEY_3,6061.충무아트센터,ST-3381,100,10,10,127.01522064,37.56538773
2026-06-26T01:57:24.205462+09:00,명동 관광특구,명동 관광특구,POI003,KEY_4,310. 청계광장 옆,ST-126,0,0,8,126.9774704,37.56887817
2026-06-26T01:57:24.205462+09:00,명동 관광특구,명동 관광특구,POI003,KEY_4,321. KEB 하나금융그룹 명동사옥 옆,ST-137,0,0,15,126.98413849,37.56546402
2026-06-26T01:57:24.205462+09:00,명동 관광특구,명동 관광특구,POI003,KEY_4,433. 을지로입구역 2번출구,ST-1668,0,0,12,126.98229218,37.56634521
2026-06-26T01:57:24.205462+09:00,명동 관광특구,명동 관광특구,POI003,KEY_4,322. 명동성당 앞,ST-138,0,0,10,126.98696899,37.56447601
2026-06-26T01:57:24.205462+09:00,명동 관광특구,명동 관광특구,POI003,KEY_4,318. 광교사거리 남측,ST-134,0,0,10,126.98231506,37.56863403
2026-06-26T01:57:24.205462+09:00,명동 관광특구,명동 관광특구,POI003,KEY_4,320. 을지로입구역 4번출구 앞,ST-136,0,0,17,126.98358917,37.56622314
2026-06-26T01:57:24.205462+09:00,명동 관광특구,명동 관광특구,POI003,KEY_4,466.롯데호텔,ST-1772,69,9,13,126.97981262,37.56584167
2026-06-26T01:57:24.205462+09:00,명동 관광특구,명동 관광특구,POI003,KEY_4,331. 을지로2가 사거리 북측,ST-147,10,1,10,126.98720551,37.56638336
2026-06-26T01:57:24.205462+09:00,명동 관광특구,명동 관광특구,POI003,KEY_4,324. 신세계백화점 본점 앞,ST-140,38,3,8,126.9805069,37.56134415
2026-06-26T01:57:24.205462+09:00,명동 관광특구,명동 관광특구,POI003,KEY_4,398. 을지로3가역 3번출구,ST-1435,75,6,8,126.99249268,37.56660461
2026-06-26T01:57:24.205462+09:00,명동 관광특구,명동 관광특구,POI003,KEY_4,3013.서울지방고용노동청 앞,ST-2422,0,0,7,126.98725891,37.56760406
2026-06-26T01:57:24.205462+09:00,명동 관광특구,명동 관광특구,POI003,KEY_4,4791. 명동역9번 출구,ST-2527,20,2,10,126.98749542,37.56122589
2026-06-26T01:57:24.205462+09:00,명동 관광특구,명동 관광특구,POI003,KEY_4,4776. 신세계면세점,ST-2522,30,3,10,126.98139191,37.56027603
2026-06-26T01:57:24.205462+09:00,명동 관광특구,명동 관광특구,POI003,KEY_4,4796. 서울시청,ST-2693,10,2,20,126.97925568,37.5664711
2026-06-26T01:57:24.205462+09:00,명동 관광특구,명동 관광특구,POI003,KEY_4,4774. 을지로입구역 8번출구,ST-2520,0,0,9,126.98178101,37.56590271
2026-06-26T01:57:24.205462+09:00,명동 관광특구,명동 관광특구,POI003,KEY_4,6058. 시청역 2번출구,ST-3297,80,12,15,126.97702026,37.56557846
2026-06-26T01:57:24.205462+09:00,명동 관광특구,명동 관광특구,POI003,KEY_4,4775. 을지로지하쇼핑센터,ST-2521,10,1,10,126.98445129,37.56589127
2026-06-26T01:57:24.205462+09:00,명동 관광특구,명동 관광특구,POI003,KEY_4,4762. 국제빌딩,ST-2517,10,1,10,126.98244476,37.56694794
2026-06-26T01:57:24.205462+09:00,이태원 관광특구,이태원 관광특구,POI004,KEY_1,854.HID 유족동지회 앞,ST-2178,0,0,10,127.0014801,37.53850937
2026-06-26T01:57:24.205462+09:00,이태원 관광특구,이태원 관광특구,POI004,KEY_1,857. 현대 안성타워,ST-2181,0,0,10,126.99797058,37.53508759
2026-06-26T01:57:24.205462+09:00,이태원 관광특구,이태원 관광특구,POI004,KEY_1,843. 이태원관광특구 입구(용산구청방향),ST-1445,0,0,19,126.98867035,37.53379822
2026-06-26T01:57:24.205462+09:00,이태원 관광특구,이태원 관광특구,POI004,KEY_1,4623. 라인프랜즈이태원점 앞,ST-2453,0,0,10,126.99619293,37.53453064
2026-06-26T01:57:24.205462+09:00,이태원 관광특구,이태원 관광특구,POI004,KEY_1,4613. 서울갤러리아 앞,ST-2445,0,0,5,126.99937439,37.53597641
2026-06-26T01:57:24.205462+09:00,이태원 관광특구,이태원 관광특구,POI004,KEY_1,4634. 이태원역 3번 출구,ST-3056,0,0,5,126.99497223,37.5343895
2026-06-26T01:57:24.205462+09:00,이태원 관광특구,이태원 관광특구,POI004,KEY_1,4612. 이태원로 255,ST-2444,20,1,5,127.00084686,37.53749847
2026-06-26T01:57:24.205462+09:00,잠실 관광특구,잠실 관광특구,POI005,KEY_2,1297. 석촌호수교차로(동호 팔각정 앞),ST-1586,20,3,15,127.10411835,37.50920105
2026-06-26T01:57:24.205462+09:00,잠실 관광특구,잠실 관광특구,POI005,KEY_2,1210. 롯데월드타워(잠실역2번출구 쪽),ST-891,3,1,30,127.10095978,37.51312637
2026-06-26T01:57:24.205462+09:00,잠실 관광특구,잠실 관광특구,POI005,KEY_2,1267. 올림픽공원 남2문 앞,ST-1086,14,2,14,127.12306976,37.51424026
2026-06-26T01:57:24.205462+09:00,잠실 관광특구,잠실 관광특구,POI005,KEY_2,1233. 잠실3거리(갤러리아팰리스),ST-551,56,5,9,127.09336853,37.51050949
2026-06-26T01:57:24.205462+09:00,잠실 관광특구,잠실 관광특구,POI005,KEY_2,1296. 석촌호수교차로 (송파나루근린공원 앞),ST-1585,0,0,10,127.1034317,37.50867844
2026-06-26T01:57:24.205462+09:00,잠실 관광특구,잠실 관광특구,POI005,KEY_2,1268. 몽촌토성역 1번출구 옆,ST-1087,47,7,15,127.11419678,37.51728821
2026-06-26T01:57:24.205462+09:00,잠실 관광특구,잠실 관광특구,POI005,KEY_2,1232. 잠실주공 521동 건너편,ST-550,10,1,10,127.09568787,37.51184082
2026-06-26T01:57:24.205462+09:00,잠실 관광특구,잠실 관광특구,POI005,KEY_2,2608. 송파구청,ST-1681,0,0,10,127.10611725,37.51499176
2026-06-26T01:57:24.205462+09:00,잠실 관광특구,잠실 관광특구,POI005,KEY_2,2601. 석촌호수 아뜰리에,ST-1590,75,12,16,127.09883118,37.5067482
2026-06-26T01:57:24.205462+09:00,잠실 관광특구,잠실 관광특구,POI005,KEY_2,2621. 한성백제역 2번 출구,ST-1719,33,5,15,127.11625671,37.51665878
2026-06-26T01:57:24.205462+09:00,잠실 관광특구,잠실 관광특구,POI005,KEY_2,2622. 올림픽공원역 3번출구,ST-1720,0,0,20,127.13059235,37.51625824
2026-06-26T01:57:24.205462+09:00,잠실 관광특구,잠실 관광특구,POI005,KEY_2,2647.잠실 자전거 수리센터 앞,ST-1868,14,1,7,127.10114288,37.51100922
2026-06-26T01:57:24.205462+09:00,잠실 관광특구,잠실 관광특구,POI005,KEY_2,4865. 한성백제역 1번출구 뒤,ST-2797,400,20,5,127.1149826,37.51647949
2026-06-26T01:57:24.205462+09:00,잠실 관광특구,잠실 관광특구,POI005,KEY_2,4868. 석촌호수 서호 남단,ST-2833,120,12,10,127.10124207,37.50717163
2026-06-26T01:57:24.205462+09:00,잠실 관광특구,잠실 관광특구,POI005,KEY_2,5751. 송파여성축구장,ST-3069,0,0,10,127.11743927,37.52471542
2026-06-26T01:57:24.205462+09:00,잠실 관광특구,잠실 관광특구,POI005,KEY_2,5781. 올림픽공원 수영장,ST-3300,171,24,14,127.12688446,37.52157211
2026-06-26T01:57:24.205462+09:00,잠실 관광특구,잠실 관광특구,POI005,KEY_2,4870. 몽촌토성역 3번 출구,ST-2876,280,28,10,127.11232758,37.5170784
2026-06-26T01:57:24.205462+09:00,잠실 관광특구,잠실 관광특구,POI005,KEY_2,4857. 올림픽공원 장미광장,ST-2621,0,0,15,127.126297,37.51275635
2026-06-26T01:57:24.205462+09:00,잠실 관광특구,잠실 관광특구,POI005,KEY_2,4862. 성내교 남단,ST-2756,80,8,10,127.11588287,37.52301788
2026-06-26T01:57:24.205462+09:00,잠실 관광특구,잠실 관광특구,POI005,KEY_2,4481. 올림픽공원 북2문 B,ST-2592,100,25,25,127.12751007,37.52397537
2026-06-26T01:57:24.205462+09:00,잠실 관광특구,잠실 관광특구,POI005,KEY_2,4464. 올림픽공원 북2문 A,ST-2580,67,10,15,127.12804413,37.52357483
2026-06-26T01:57:24.205462+09:00,잠실 관광특구,잠실 관광특구,POI005,KEY_2,4856. 올림픽공원 서1문 앞,ST-2608,50,5,10,127.11457062,37.5202179
2026-06-26T01:57:24.205462+09:00,잠실 관광특구,잠실 관광특구,POI005,KEY_2,5768.방이삼거리,ST-3214,50,6,12,127.10822296,37.51237488
2026-06-26T01:57:24.205462+09:00,종로·청계 관광특구,종로·청계 관광특구,POI006,KEY_3,397. 종묘공영주차장 건너편,ST-1432,23,3,13,126.99663544,37.57048035
2026-06-26T01:57:24.205462+09:00,종로·청계 관광특구,종로·청계 관광특구,POI006,KEY_3,455. 종로6가역 버스정류장(동대문 방향),ST-1608,38,3,8,127.00605774,37.570961
2026-06-26T01:57:24.205462+09:00,종로·청계 관광특구,종로·청계 관광특구,POI006,KEY_3,368. SK 서린빌딩 앞,ST-181,0,0,15,126.98053741,37.5692482
2026-06-26T01:57:24.205462+09:00,종로·청계 관광특구,종로·청계 관광특구,POI006,KEY_3,458. 광화문역 5번출구,ST-1611,5,1,21,126.97756958,37.56989288
2026-06-26T01:57:24.205462+09:00,종로·청계 관광특구,종로·청계 관광특구,POI006,KEY_3,385. 종각역 5번출구,ST-336,0,0,10,126.98265839,37.56983566
2026-06-26T01:57:24.205462+09:00,종로·청계 관광특구,종로·청계 관광특구,POI006,KEY_3,329. 청계2가 사거리 옆,ST-145,0,0,8,126.98788452,37.56848526
2026-06-26T01:57:24.205462+09:00,종로·청계 관광특구,종로·청계 관광특구,POI006,KEY_3,335. 종로3가역 15번출구 뒤,ST-151,120,12,10,126.99165344,37.57019424
2026-06-26T01:57:24.205462+09:00,종로·청계 관광특구,종로·청계 관광특구,POI006,KEY_3,393. 동대문역 8번 출구,ST-1372,17,2,12,127.00937653,37.57014084
2026-06-26T01:57:24.205462+09:00,종로·청계 관광특구,종로·청계 관광특구,POI006,KEY_3,3412.세운상가,ST-1809,13,2,15,126.99454498,37.5703125
2026-06-26T01:57:24.205462+09:00,종로·청계 관광특구,종로·청계 관광특구,POI006,KEY_3,3415.동대문역6번출구,ST-1812,113,17,15,127.0107193,37.57147217
2026-06-26T01:57:24.205462+09:00,종로·청계 관광특구,종로·청계 관광특구,POI006,KEY_3,3432.종로2가 사거리,ST-1829,50,7,14,126.98880768,37.57001877
2026-06-26T01:57:24.205462+09:00,종로·청계 관광특구,종로·청계 관광특구,POI006,KEY_3,4707. 청계3가 사거리,ST-2513,20,1,5,126.99211884,37.56855774
2026-06-26T01:57:24.205462+09:00,홍대 관광특구,홍대 관광특구,POI007,KEY_4,113. 홍대입구역 2번출구 앞,ST-18,0,0,28,126.9238205,37.5574379
2026-06-26T01:57:24.205462+09:00,홍대 관광특구,홍대 관광특구,POI007,KEY_4,493.홍대입구역 6번출구,ST-2152,0,0,7,126.9288559,37.55657578
2026-06-26T01:57:24.205462+09:00,홍대 관광특구,홍대 관광특구,POI007,KEY_4,114. 홍대입구역 8번출구 앞,ST-20,20,3,15,126.92442322,37.55706024
2026-06-26T01:57:24.205462+09:00,홍대 관광특구,홍대 관광특구,POI007,KEY_4,104. 합정역 1번출구 앞,ST-6,0,0,13,126.91508484,37.55073929
2026-06-26T01:57:24.205462+09:00,홍대 관광특구,홍대 관광특구,POI007,KEY_4,108. 서교동 사거리,ST-10,8,1,12,126.91861725,37.55274582
2026-06-26T01:57:24.205462+09:00,홍대 관광특구,홍대 관광특구,POI007,KEY_4,3010.홍대입구역 3번출구,ST-2168,7,1,15,126.92538452,37.5582962
2026-06-26T01:57:24.205462+09:00,홍대 관광특구,홍대 관광특구,POI007,KEY_4,3009. 홍대입구역 사거리,ST-2167,25,5,20,126.92023468,37.55450058
2026-06-26T01:57:24.205462+09:00,홍대 관광특구,홍대 관광특구,POI007,KEY_4,4211. 시석빌딩 앞,ST-2534,13,1,8,126.91671753,37.54836655
2026-06-26T01:57:24.205462+09:00,홍대 관광특구,홍대 관광특구,POI007,KEY_4,4208. 스타벅스(동교동) 앞,ST-2532,40,4,10,126.91986847,37.5566597
2026-06-26T01:57:24.205462+09:00,국립중앙박물관·용산가족공원,국립중앙박물관·용산가족공원,POI089,KEY_1,863.이촌역2번 출구,ST-2187,140,14,10,126.977005,37.52177048
2026-06-26T01:57:24.205462+09:00,국립중앙박물관·용산가족공원,국립중앙박물관·용산가족공원,POI089,KEY_1,855.이촌역5번출구 앞,ST-2179,40,4,10,126.97277069,37.52272415
2026-06-26T01:57:24.205462+09:00,남산공원,남산공원,POI091,KEY_3,859.남산공원 야외식물원 앞,ST-2183,0,0,10,126.99586487,37.54188538
2026-06-26T01:57:24.205462+09:00,남산공원,남산공원,POI091,KEY_3,371. 동대입구역 6번출구 뒤,ST-186,10,1,10,127.00553894,37.55887222
2026-06-26T01:57:24.205462+09:00,남산공원,남산공원,POI091,KEY_3,381. 장충체육관,ST-196,40,4,10,127.00698853,37.55853271
2026-06-26T01:57:24.205462+09:00,남산공원,남산공원,POI091,KEY_3,4621. 남산도서관 앞,ST-3054,0,0,12,126.98201752,37.55240631
2026-06-26T01:57:24.205462+09:00,노들섬,노들섬,POI092,KEY_4,869.노들섬 동측 앞,ST-2239,0,0,10,126.95914459,37.51729584
2026-06-26T01:57:24.205462+09:00,노들섬,노들섬,POI092,KEY_4,870.노들섬 서측 앞,ST-2240,10,1,10,126.95829773,37.51731873
2026-06-26T01:57:24.205462+09:00,망원한강공원,망원한강공원,POI094,KEY_2,105. 합정역 5번출구 앞,ST-7,0,0,5,126.91482544,37.55000687
2026-06-26T01:57:24.205462+09:00,망원한강공원,망원한강공원,POI094,KEY_2,4217. 한강공원 망원나들목,ST-2905,145,29,20,126.89688873,37.55557632
2026-06-26T01:57:24.205462+09:00,망원한강공원,망원한강공원,POI094,KEY_2,5515.한강버스 망원 선착장,ST-3388,13,4,30,126.89590454,37.55466461
2026-06-26T01:57:24.205462+09:00,보라매공원,보라매공원,POI123,KEY_4,4181. 보라매공원역 2번출구,ST-3117,0,0,6,126.91781616,37.49582291
2026-06-26T01:57:24.205462+09:00,보라매공원,보라매공원,POI123,KEY_4,4179. 보라매병원역 1번출구,ST-3105,5,1,20,126.92362976,37.49304199
2026-06-26T01:57:24.205462+09:00,북서울꿈의숲,북서울꿈의숲,POI096,KEY_1,1548. 북서울 꿈의숲 서문,ST-1725,100,15,15,127.03781128,37.62268829
2026-06-26T01:57:24.205462+09:00,북서울꿈의숲,북서울꿈의숲,POI096,KEY_1,1571.북서울 꿈의 숲 입구,ST-2401,40,4,10,127.03864288,37.62657166
2026-06-26T01:57:24.205462+09:00,북서울꿈의숲,북서울꿈의숲,POI096,KEY_1,3718. 번동3단지 버스정류장,ST-2610,155,17,11,127.04390717,37.628685
2026-06-26T01:57:24.205462+09:00,서대문독립공원,서대문독립공원,POI124,KEY_2,367. 독립문역 3-1번출구,ST-180,231,30,13,126.95851898,37.57415771
2026-06-26T01:57:24.205462+09:00,서대문독립공원,서대문독립공원,POI124,KEY_2,3426.독립문역 2번출구 뒤,ST-1823,220,22,10,126.95755005,37.57501602
2026-06-26T01:57:24.205462+09:00,서대문독립공원,서대문독립공원,POI124,KEY_2,3113. 독립문 앞,ST-2199,67,10,15,126.95974731,37.57220459
2026-06-26T01:57:24.205462+09:00,서대문독립공원,서대문독립공원,POI124,KEY_2,3427.인왕산 아이파크 정문,ST-1824,200,16,8,126.95584869,37.57666779
2026-06-26T01:57:24.205462+09:00,서리풀공원·몽마르뜨공원,서리풀공원·몽마르뜨공원,POI098,KEY_3,4316. 고속터미널역 3번출구,ST-2667,16,4,25,127.0059433,37.50365829
2026-06-26T01:57:24.205462+09:00,서리풀공원·몽마르뜨공원,서리풀공원·몽마르뜨공원,POI098,KEY_3,4312. 반포미도2차아파트 옆,ST-2663,20,2,10,127.00653076,37.50320435
2026-06-26T01:57:24.205462+09:00,서리풀공원·몽마르뜨공원,서리풀공원·몽마르뜨공원,POI098,KEY_3,4327. 몽마르뜨공원입구,ST-3009,0,0,11,127.0026474,37.4928894
2026-06-26T01:57:24.205462+09:00,서울숲공원,서울숲공원,POI101,KEY_1,510. 뚝도아리수정수센터 버스정류소 옆,ST-107,73,11,15,127.04380035,37.54122162
2026-06-26T01:57:24.205462+09:00,서울숲공원,서울숲공원,POI101,KEY_1,3552.서울숲 공영주차장앞,ST-2334,21,4,19,127.04277039,37.54195786
2026-06-26T01:57:24.205462+09:00,서울숲공원,서울숲공원,POI101,KEY_1,4401.뚝섬유수지 공영주차장,ST-3393,90,9,10,127.042099,37.55018234
2026-06-26T01:57:24.205462+09:00,송현녹지광장,송현녹지광장,POI129,KEY_2,354. 포르투갈 대사관 앞,ST-170,0,0,10,126.98896027,37.57915497
2026-06-26T01:57:24.205462+09:00,송현녹지광장,송현녹지광장,POI129,KEY_2,314. 국립현대미술관,ST-130,30,3,10,126.98085785,37.5797081
2026-06-26T01:57:24.205462+09:00,송현녹지광장,송현녹지광장,POI129,KEY_2,353. 재동초교 앞 삼거리,ST-169,125,10,8,126.9849472,37.57938766
2026-06-26T01:57:24.205462+09:00,송현녹지광장,송현녹지광장,POI129,KEY_2,3407.안국동사거리(신),ST-1804,0,0,18,126.98339081,37.57580566
2026-06-26T01:57:24.205462+09:00,송현녹지광장,송현녹지광장,POI129,KEY_2,4719. 종로문화원 건너편,ST-3090,33,5,15,126.9805069,37.57571411
2026-06-26T01:57:24.205462+09:00,송현녹지광장,송현녹지광장,POI129,KEY_2,4705. 웰니스센터(민방위교육장 앞),ST-2565,17,1,6,126.98912811,37.57752991
2026-06-26T01:57:24.205462+09:00,어린이대공원,어린이대공원,POI104,KEY_2,573. 구의문주차장 앞,ST-384,160,16,10,127.08473206,37.54523087
2026-06-26T01:57:24.205462+09:00,어린이대공원,어린이대공원,POI104,KEY_2,574. 아차산역4번출구,ST-385,127,28,22,127.08898163,37.55184937
2026-06-26T01:57:24.205462+09:00,어린이대공원,어린이대공원,POI104,KEY_2,500. 어린이대공원역 3번출구 앞,ST-97,20,1,5,127.07466888,37.54697037
2026-06-26T01:57:24.205462+09:00,어린이대공원,어린이대공원,POI104,KEY_2,3573.광나루안전체험관,ST-2312,27,4,15,127.07671356,37.5513382
2026-06-26T01:57:24.205462+09:00,어린이대공원,어린이대공원,POI104,KEY_2,3853. 어린이대공원역 2번출구,ST-2541,11,2,18,127.07470703,37.54764938
2026-06-26T01:57:24.205462+09:00,어린이대공원,어린이대공원,POI104,KEY_2,3507. 어린이회관,ST-1192,74,23,31,127.07800293,37.54595184
2026-06-26T01:57:24.205462+09:00,어린이대공원,어린이대공원,POI104,KEY_2,3529. 어린이대공원정문,ST-1603,53,8,15,127.07592773,37.54978943
2026-06-26T01:57:24.205462+09:00,어린이대공원,어린이대공원,POI104,KEY_2,3860. 건국대학교 정문 앞,ST-2542,60,6,10,127.07571411,37.5465126
2026-06-26T01:57:24.205462+09:00,여의도한강공원,여의도한강공원,POI105,KEY_3,260. 여의도 마리나선착장 앞,ST-414,27,4,15,126.91216278,37.53365707
2026-06-26T01:57:24.205462+09:00,여의도한강공원,여의도한강공원,POI105,KEY_3,249. 여의도중학교 옆,ST-297,6,1,16,126.93580627,37.52457809
2026-06-26T01:57:24.205462+09:00,여의도한강공원,여의도한강공원,POI105,KEY_3,5891.한강버스 여의도 선착장,ST-3402,267,80,30,126.93422699,37.52816391
2026-06-26T01:57:24.205462+09:00,여의도한강공원,여의도한강공원,POI105,KEY_3,5890.여의나루역 3번출구,ST-3401,9,1,11,126.93336487,37.52645493
2026-06-26T01:57:24.205462+09:00,여의서로,여의서로,POI126,KEY_4,298.KBS 연구동 건너편,ST-1970,0,0,25,126.91374207,37.52724838
2026-06-26T01:57:24.205462+09:00,여의서로,여의서로,POI126,KEY_4,297.국회3문,ST-1969,0,0,10,126.91267395,37.52863693
2026-06-26T01:57:24.205462+09:00,여의서로,여의서로,POI126,KEY_4,260. 여의도 마리나선착장 앞,ST-414,27,4,15,126.91216278,37.53365707
2026-06-26T01:57:24.205462+09:00,올림픽공원,올림픽공원,POI127,KEY_1,1267. 올림픽공원 남2문 앞,ST-1086,14,2,14,127.12306976,37.51424026
2026-06-26T01:57:24.205462+09:00,올림픽공원,올림픽공원,POI127,KEY_1,1268. 몽촌토성역 1번출구 옆,ST-1087,47,7,15,127.11419678,37.51728821
2026-06-26T01:57:24.205462+09:00,올림픽공원,올림픽공원,POI127,KEY_1,2621. 한성백제역 2번 출구,ST-1719,33,5,15,127.11625671,37.51665878
2026-06-26T01:57:24.205462+09:00,올림픽공원,올림픽공원,POI127,KEY_1,2622. 올림픽공원역 3번출구,ST-1720,0,0,20,127.13059235,37.51625824
2026-06-26T01:57:24.205462+09:00,올림픽공원,올림픽공원,POI127,KEY_1,4865. 한성백제역 1번출구 뒤,ST-2797,400,20,5,127.1149826,37.51647949
2026-06-26T01:57:24.205462+09:00,올림픽공원,올림픽공원,POI127,KEY_1,5751. 송파여성축구장,ST-3069,0,0,10,127.11743927,37.52471542
2026-06-26T01:57:24.205462+09:00,올림픽공원,올림픽공원,POI127,KEY_1,5781. 올림픽공원 수영장,ST-3300,171,24,14,127.12688446,37.52157211
2026-06-26T01:57:24.205462+09:00,올림픽공원,올림픽공원,POI127,KEY_1,4857. 올림픽공원 장미광장,ST-2621,0,0,15,127.126297,37.51275635
2026-06-26T01:57:24.205462+09:00,올림픽공원,올림픽공원,POI127,KEY_1,4862. 성내교 남단,ST-2756,80,8,10,127.11588287,37.52301788
2026-06-26T01:57:24.205462+09:00,올림픽공원,올림픽공원,POI127,KEY_1,4481. 올림픽공원 북2문 B,ST-2592,100,25,25,127.12751007,37.52397537
2026-06-26T01:57:24.205462+09:00,올림픽공원,올림픽공원,POI127,KEY_1,4464. 올림픽공원 북2문 A,ST-2580,67,10,15,127.12804413,37.52357483
2026-06-26T01:57:24.205462+09:00,올림픽공원,올림픽공원,POI127,KEY_1,4856. 올림픽공원 서1문 앞,ST-2608,50,5,10,127.11457062,37.5202179
2026-06-26T01:57:24.205462+09:00,월드컵공원,월드컵공원,POI106,KEY_2,413. 상암월드컵파크 3단지 후문,ST-92,120,12,10,126.88968658,37.57147598
2026-06-26T01:57:24.205462+09:00,월드컵공원,월드컵공원,POI106,KEY_2,199. 서울 월드컵 경기장,ST-443,17,5,30,126.89644623,37.56684494
2026-06-26T01:57:24.205462+09:00,월드컵공원,월드컵공원,POI106,KEY_2,419. 홈플러스 마포점 앞,ST-87,24,5,21,126.89942932,37.56842041
2026-06-26T01:57:24.205462+09:00,월드컵공원,월드컵공원,POI106,KEY_2,420. 서울시 공공자전거 상암센터,ST-85,92,34,37,126.8961792,37.56624603
2026-06-26T01:57:24.205462+09:00,월드컵공원,월드컵공원,POI106,KEY_2,418. 월드컵경기장역 3번출구 옆,ST-89,20,4,20,126.8992691,37.57277679
2026-06-26T01:57:24.205462+09:00,월드컵공원,월드컵공원,POI106,KEY_2,186. 월드컵공원,ST-344,60,24,40,126.89820862,37.56396484
2026-06-26T01:57:24.205462+09:00,월드컵공원,월드컵공원,POI106,KEY_2,440. 하늘공원 입구,ST-1754,67,10,15,126.88134766,37.57012177
2026-06-26T01:57:24.205462+09:00,월드컵공원,월드컵공원,POI106,KEY_2,3008.DMC역7번출구,ST-2166,30,3,10,126.89836121,37.57711411
2026-06-26T01:57:24.205462+09:00,응봉산,응봉산,POI107,KEY_3,569. 응봉현대아파트 정류소,ST-370,10,1,10,127.03024292,37.54958344
2026-06-26T01:57:24.205462+09:00,응봉산,응봉산,POI107,KEY_3,3525. 금호스포츠센터앞,ST-1599,187,28,15,127.02507019,37.54608917
2026-06-26T01:57:24.205462+09:00,응봉산,응봉산,POI107,KEY_3,3511. 응봉역 1번출구,ST-1195,260,26,10,127.0351944,37.55130386
2026-06-26T01:57:24.205462+09:00,청계산,청계산,POI112,KEY_4,2203. 청계산입구역 2번출구,ST-925,10,1,10,127.05501556,37.44765854
2026-06-26T01:57:24.205462+09:00,청계산,청계산,POI112,KEY_4,4338.새정이마을버스정류장 앞,ST-3216,80,4,5,127.06594849,37.43474579
2026-06-26T01:57:24.205462+09:00,가락시장,가락시장,POI058,KEY_2,2659.서울친환경유통센터,ST-2410,10,1,10,127.10492706,37.49420929
2026-06-26T01:57:24.205462+09:00,가락시장,가락시장,POI058,KEY_2,2658.가락몰 업무동,ST-2409,100,10,10,127.11569214,37.49535751
2026-06-26T01:57:24.205462+09:00,가락시장,가락시장,POI058,KEY_2,4854. 가락시장역 2번 출구,ST-2606,0,0,10,127.11798859,37.492733
2026-06-26T01:57:24.205462+09:00,가락시장,가락시장,POI058,KEY_2,4480. 가락시장 남1문 사거리,ST-2591,47,7,15,127.11745453,37.49201584
2026-06-26T01:57:24.205462+09:00,가로수길,가로수길,POI059,KEY_3,3606. 신사동주민센터 옆,ST-2673,20,2,10,127.02285004,37.52422714
2026-06-26T01:57:24.205462+09:00,가로수길,가로수길,POI059,KEY_3,2362. 신사동 가로수길 입구,ST-1171,20,2,10,127.02245331,37.51763535
2026-06-26T01:57:24.205462+09:00,가로수길,가로수길,POI059,KEY_3,4907. 극동스포츠 앞,ST-3078,280,14,5,127.02588654,37.5257225
2026-06-26T01:57:24.205462+09:00,가로수길,가로수길,POI059,KEY_3,4903. 신사스퀘어,ST-3066,10,1,10,127.0189743,37.51916885
2026-06-26T01:57:24.205462+09:00,김포공항,김포공항,POI061,KEY_1,3776. 김포공항사거리,ST-2484,160,16,10,126.80518341,37.5675354
2026-06-26T01:57:24.205462+09:00,김포공항,김포공항,POI061,KEY_1,5072. 김포공항입구 교통섬,ST-2947,90,9,10,126.80708313,37.56154633
2026-06-26T01:57:24.205462+09:00,남대문시장,남대문시장,POI115,KEY_2,470.회현역 7번출구,ST-1776,31,4,13,126.98000336,37.55974579
2026-06-26T01:57:24.205462+09:00,남대문시장,남대문시장,POI115,KEY_2,324. 신세계백화점 본점 앞,ST-140,38,3,8,126.9805069,37.56134415
2026-06-26T01:57:24.205462+09:00,남대문시장,남대문시장,POI115,KEY_2,4776. 신세계면세점,ST-2522,30,3,10,126.98139191,37.56027603
2026-06-26T01:57:24.205462+09:00,노량진,노량진,POI063,KEY_3,2002. 노들역 1번출구,ST-683,359,61,17,126.95246887,37.51284409
2026-06-26T01:57:24.205462+09:00,노량진,노량진,POI063,KEY_3,2070. 노량진역 2번 출구 앞,ST-1545,128,23,18,126.94306946,37.51391983
2026-06-26T01:57:24.205462+09:00,노량진,노량진,POI063,KEY_3,2058. 동작경찰서,ST-1150,79,11,14,126.94352722,37.5135231
2026-06-26T01:57:24.205462+09:00,노량진,노량진,POI063,KEY_3,2003. 사육신공원앞,ST-877,190,19,10,126.94805908,37.51335907
2026-06-26T01:57:24.205462+09:00,노량진,노량진,POI063,KEY_3,2050. 노량진역 5번출구,ST-699,147,22,15,126.93997192,37.51324844
2026-06-26T01:57:24.205462+09:00,덕수궁길·정동길,덕수궁길·정동길,POI064,KEY_4,391. 시립미술관,ST-977,75,6,8,126.97340393,37.56505203
2026-06-26T01:57:24.205462+09:00,덕수궁길·정동길,덕수궁길·정동길,POI064,KEY_4,300. 정동사거리,ST-116,33,2,6,126.96923065,37.56805038
2026-06-26T01:57:24.205462+09:00,덕수궁길·정동길,덕수궁길·정동길,POI064,KEY_4,4715. 돈의문 박물관 마을,ST-2923,7,1,15,126.96955109,37.56883621
2026-06-26T01:57:24.205462+09:00,덕수궁길·정동길,덕수궁길·정동길,POI064,KEY_4,6058. 시청역 2번출구,ST-3297,80,12,15,126.97702026,37.56557846
2026-06-26T01:57:24.205462+09:00,북촌한옥마을,북촌한옥마을,POI066,KEY_2,464. 삼청동 골목,ST-1756,30,3,10,126.98169708,37.58419037
2026-06-26T01:57:24.205462+09:00,북촌한옥마을,북촌한옥마을,POI066,KEY_2,354. 포르투갈 대사관 앞,ST-170,0,0,10,126.98896027,37.57915497
2026-06-26T01:57:24.205462+09:00,북촌한옥마을,북촌한옥마을,POI066,KEY_2,352. 중앙고입구 삼거리,ST-168,10,1,10,126.98523712,37.58341599
2026-06-26T01:57:24.205462+09:00,북촌한옥마을,북촌한옥마을,POI066,KEY_2,465. 삼청공원 앞,ST-1759,160,8,5,126.9835968,37.58760452
2026-06-26T01:57:24.205462+09:00,북촌한옥마을,북촌한옥마을,POI066,KEY_2,314. 국립현대미술관,ST-130,30,3,10,126.98085785,37.5797081
2026-06-26T01:57:24.205462+09:00,북촌한옥마을,북촌한옥마을,POI066,KEY_2,451. 청와대앞길,ST-979,25,2,8,126.97966766,37.58351517
2026-06-26T01:57:24.205462+09:00,북촌한옥마을,북촌한옥마을,POI066,KEY_2,353. 재동초교 앞 삼거리,ST-169,125,10,8,126.9849472,37.57938766
2026-06-26T01:57:24.205462+09:00,북촌한옥마을,북촌한옥마을,POI066,KEY_2,3407.안국동사거리(신),ST-1804,0,0,18,126.98339081,37.57580566
2026-06-26T01:57:24.205462+09:00,북촌한옥마을,북촌한옥마을,POI066,KEY_2,4719. 종로문화원 건너편,ST-3090,33,5,15,126.9805069,37.57571411
2026-06-26T01:57:24.205462+09:00,북촌한옥마을,북촌한옥마을,POI066,KEY_2,4705. 웰니스센터(민방위교육장 앞),ST-2565,17,1,6,126.98912811,37.57752991
2026-06-26T01:57:24.205462+09:00,서촌,서촌,POI067,KEY_3,450. 효자동 삼거리,ST-978,22,11,51,126.97254944,37.58360291
2026-06-26T01:57:24.205462+09:00,서촌,서촌,POI067,KEY_3,349. 어린이도서관,ST-165,0,0,5,126.96858978,37.57633209
2026-06-26T01:57:24.205462+09:00,서촌,서촌,POI067,KEY_3,4710. 자교교회 앞,ST-2473,25,2,8,126.97123718,37.58114624
2026-06-26T01:57:24.205462+09:00,서촌,서촌,POI067,KEY_3,4721. 통인시장 정자,ST-3354,300,24,8,126.96878815,37.58055878
2026-06-26T01:57:24.205462+09:00,성수카페거리,성수카페거리,POI068,KEY_4,513. 뚝섬역 5번 출구 정류소 옆,ST-111,0,0,13,127.04980469,37.54630661
2026-06-26T01:57:24.205462+09:00,성수카페거리,성수카페거리,POI068,KEY_4,587. 유니베라 앞,ST-482,0,0,10,127.05264282,37.54541779
2026-06-26T01:57:24.205462+09:00,성수카페거리,성수카페거리,POI068,KEY_4,514. 성수사거리 버스정류장 앞,ST-112,0,0,12,127.06330872,37.54257965
2026-06-26T01:57:24.205462+09:00,성수카페거리,성수카페거리,POI068,KEY_4,3548.뚝섬역 6번출구,ST-2330,0,0,10,127.04766846,37.54695892
2026-06-26T01:57:24.205462+09:00,성수카페거리,성수카페거리,POI068,KEY_4,4398. 유원지식산업센터 앞,ST-3325,0,0,16,127.05593109,37.54436493
2026-06-26T01:57:24.205462+09:00,성수카페거리,성수카페거리,POI068,KEY_4,4399. 더리브 세종타워 앞,ST-3326,0,0,7,127.0580368,37.54378128
2026-06-26T01:57:24.205462+09:00,성수카페거리,성수카페거리,POI068,KEY_4,4387. 성수역 1번출구 주변,ST-3121,0,0,8,127.05336761,37.54555893
2026-06-26T01:57:24.205462+09:00,성수카페거리,성수카페거리,POI068,KEY_4,4377. 우영테크노센터 앞,ST-3003,0,0,8,127.05971527,37.54332352
2026-06-26T01:57:24.205462+09:00,송리단길·호수단길,송리단길·호수단길,POI121,KEY_1,2639.석촌역 8번출구,ST-1866,17,3,18,127.10657501,37.50550461
2026-06-26T01:57:24.205462+09:00,송리단길·호수단길,송리단길·호수단길,POI121,KEY_1,4868. 석촌호수 서호 남단,ST-2833,120,12,10,127.10124207,37.50717163
2026-06-26T01:57:24.205462+09:00,신촌 스타광장,신촌 스타광장,POI122,KEY_2,128. 신촌역(2호선) 1번출구 옆,ST-30,26,5,19,126.93634033,37.55549622
2026-06-26T01:57:24.205462+09:00,신촌 스타광장,신촌 스타광장,POI122,KEY_2,3116.신촌역 4번출구,ST-2201,20,2,10,126.93720245,37.55550385
2026-06-26T01:57:24.205462+09:00,압구정로데오거리,압구정로데오거리,POI071,KEY_3,2365. K+ 타워 앞,ST-1174,27,4,15,127.03847504,37.52330017
2026-06-26T01:57:24.205462+09:00,압구정로데오거리,압구정로데오거리,POI071,KEY_3,2310. 청담동 맥도날드 옆(위치),ST-794,20,2,10,127.04017639,37.52361298
2026-06-26T01:57:24.205462+09:00,여의도,여의도,POI072,KEY_4,201. 진미파라곤 앞,ST-46,0,0,15,126.92133331,37.53123856
2026-06-26T01:57:24.205462+09:00,여의도,여의도,POI072,KEY_4,299.여의도 순복음교회,ST-1971,0,0,10,126.92245483,37.53179169
2026-06-26T01:57:24.205462+09:00,여의도,여의도,POI072,KEY_4,203. 국회의사당역 3번출구 옆,ST-51,7,1,15,126.91870117,37.5280571
2026-06-26T01:57:24.205462+09:00,여의도,여의도,POI072,KEY_4,200. 국회의원회관,ST-45,9,2,22,126.91391754,37.52841568
2026-06-26T01:57:24.205462+09:00,여의도,여의도,POI072,KEY_4,204. 국회의사당역 5번출구 옆,ST-50,0,0,13,126.91702271,37.52816391
2026-06-26T01:57:24.205462+09:00,여의도,여의도,POI072,KEY_4,222. 시범아파트버스정류장 옆,ST-68,83,10,12,126.93688965,37.51902008
2026-06-26T01:57:24.205462+09:00,여의도,여의도,POI072,KEY_4,207. 여의나루역 1번출구 앞,ST-73,2,1,46,126.93190002,37.52715683
2026-06-26T01:57:24.205462+09:00,여의도,여의도,POI072,KEY_4,271. 샛강생태공원방문자센터 앞,ST-425,0,0,10,126.9216156,37.51896286
2026-06-26T01:57:24.205462+09:00,여의도,여의도,POI072,KEY_4,202. 국민일보 앞,ST-47,13,4,30,126.92453003,37.52881622
2026-06-26T01:57:24.205462+09:00,여의도,여의도,POI072,KEY_4,214. 금융감독원 앞,ST-60,0,0,21,126.9208374,37.5230217
2026-06-26T01:57:24.205462+09:00,여의도,여의도,POI072,KEY_4,209. 유진투자증권빌딩 앞,ST-55,5,1,22,126.92783356,37.52461243
2026-06-26T01:57:24.205462+09:00,여의도,여의도,POI072,KEY_4,226. 샛강역 1번출구 앞,ST-72,16,3,19,126.92841339,37.51776505
2026-06-26T01:57:24.205462+09:00,여의도,여의도,POI072,KEY_4,205. 산업은행 앞,ST-52,0,0,20,126.92050934,37.52626419
2026-06-26T01:57:24.205462+09:00,여의도,여의도,POI072,KEY_4,270. 증권거래소후문교차로,ST-424,0,0,10,126.92710114,37.52234268
2026-06-26T01:57:24.205462+09:00,여의도,여의도,POI072,KEY_4,298.KBS 연구동 건너편,ST-1970,0,0,25,126.91374207,37.52724838
2026-06-26T01:57:24.205462+09:00,여의도,여의도,POI072,KEY_4,224. 롯데캐슬 앞,ST-70,10,2,20,126.93236542,37.5200882
2026-06-26T01:57:24.205462+09:00,여의도,여의도,POI072,KEY_4,225. 앙카라공원 앞,ST-71,4,1,26,126.92961884,37.51758575
2026-06-26T01:57:24.205462+09:00,여의도,여의도,POI072,KEY_4,213. KT앞,ST-59,21,4,19,126.91895294,37.52190781
2026-06-26T01:57:24.205462+09:00,여의도,여의도,POI072,KEY_4,297.국회3문,ST-1969,0,0,10,126.91267395,37.52863693
2026-06-26T01:57:24.205462+09:00,여의도,여의도,POI072,KEY_4,248. 초원아파트 앞,ST-296,50,5,10,126.92420959,37.53105545
2026-06-26T01:57:24.205462+09:00,여의도,여의도,POI072,KEY_4,260. 여의도 마리나선착장 앞,ST-414,27,4,15,126.91216278,37.53365707
2026-06-26T01:57:24.205462+09:00,여의도,여의도,POI072,KEY_4,217. NH농협은행 앞,ST-66,7,1,15,126.93036652,37.52207947
2026-06-26T01:57:24.205462+09:00,여의도,여의도,POI072,KEY_4,220. 미성아파트 A동 앞,ST-63,0,0,30,126.92604828,37.5193634
2026-06-26T01:57:24.205462+09:00,여의도,여의도,POI072,KEY_4,221. 여의도초교 앞,ST-67,170,17,10,126.93778992,37.52267456
2026-06-26T01:57:24.205462+09:00,여의도,여의도,POI072,KEY_4,249. 여의도중학교 옆,ST-297,6,1,16,126.93580627,37.52457809
2026-06-26T01:57:24.205462+09:00,여의도,여의도,POI072,KEY_4,215. 여의도고교 앞,ST-64,20,2,10,126.93490601,37.52483749
2026-06-26T01:57:24.205462+09:00,여의도,여의도,POI072,KEY_4,223. 진주아파트상가 앞,ST-69,15,3,20,126.9333725,37.51913071
2026-06-26T01:57:24.205462+09:00,여의도,여의도,POI072,KEY_4,219. 롯데캐슬엠파이어 옆,ST-62,8,1,12,126.92583466,37.52069473
2026-06-26T01:57:24.205462+09:00,여의도,여의도,POI072,KEY_4,206. KBS 앞,ST-53,3,1,35,126.91802216,37.52466583
2026-06-26T01:57:24.205462+09:00,여의도,여의도,POI072,KEY_4,4564. 63스퀘어,ST-2814,6,1,17,126.93965912,37.52070999
2026-06-26T01:57:24.205462+09:00,여의도,여의도,POI072,KEY_4,5853. 여의도역2번출구 앞,ST-3061,0,0,10,126.92271423,37.52243423
2026-06-26T01:57:24.205462+09:00,여의도,여의도,POI072,KEY_4,4580. 국회제2의원회관,ST-2644,0,0,17,126.91316986,37.52974701
2026-06-26T01:57:24.205462+09:00,여의도,여의도,POI072,KEY_4,4585. 국회6문,ST-2694,17,1,6,126.91799164,37.53271866
2026-06-26T01:57:24.205462+09:00,여의도,여의도,POI072,KEY_4,5892.국회의사당본관 좌측,ST-3383,0,0,7,126.91375732,37.53090286
2026-06-26T01:57:24.205462+09:00,여의도,여의도,POI072,KEY_4,5897.여의도공작아파트,ST-3426,0,0,10,126.92987061,37.52595139
2026-06-26T01:57:24.205462+09:00,여의도,여의도,POI072,KEY_4,4563. 여의도 은하아파트,ST-2813,60,6,10,126.93448639,37.51850891
2026-06-26T01:57:24.205462+09:00,여의도,여의도,POI072,KEY_4,5879. 국회도서관 2문 앞,ST-3318,0,0,8,126.91668701,37.53107071
2026-06-26T01:57:24.205462+09:00,여의도,여의도,POI072,KEY_4,5891.한강버스 여의도 선착장,ST-3402,267,80,30,126.93422699,37.52816391
2026-06-26T01:57:24.205462+09:00,여의도,여의도,POI072,KEY_4,5890.여의나루역 3번출구,ST-3401,9,1,11,126.93336487,37.52645493
2026-06-26T01:57:24.205462+09:00,여의도,여의도,POI072,KEY_4,4583. 의정관,ST-2647,0,0,12,126.91747284,37.53214645
2026-06-26T01:57:24.205462+09:00,여의도,여의도,POI072,KEY_4,5870. LG트윈타워 앞,ST-3239,0,0,20,126.93017578,37.52833176
2026-06-26T01:57:24.205462+09:00,여의도,여의도,POI072,KEY_4,4589. KRX한국거래소(1),ST-2899,6,1,18,126.92759705,37.52338028
2026-06-26T01:57:24.205462+09:00,여의도,여의도,POI072,KEY_4,5888.여의도성당,ST-3375,0,0,7,126.93920898,37.52164459
2026-06-26T01:57:24.205462+09:00,여의도,여의도,POI072,KEY_4,5889.의원회관출입구 앞,ST-3377,0,0,10,126.91479492,37.52985382
2026-06-26T01:57:24.205462+09:00,여의도,여의도,POI072,KEY_4,4584. 국회2문,ST-2648,0,0,9,126.91510773,37.52864075
2026-06-26T01:57:24.205462+09:00,여의도,여의도,POI072,KEY_4,4579. 국회의사당 본관,ST-2643,0,0,17,126.91404724,37.5325737
2026-06-26T01:57:24.205462+09:00,여의도,여의도,POI072,KEY_4,5878. 우리은행 앞,ST-3315,0,0,20,126.92162323,37.52349091
2026-06-26T01:57:24.205462+09:00,여의도,여의도,POI072,KEY_4,5880. 국회박물관,ST-3319,0,0,7,126.91945648,37.53183365
2026-06-26T01:57:24.205462+09:00,여의도,여의도,POI072,KEY_4,5893.한국산업은행,ST-3397,0,0,10,126.92175293,37.52814484
2026-06-26T01:57:24.205462+09:00,여의도,여의도,POI072,KEY_4,5859. 여의도 삼부아파트,ST-3160,20,2,10,126.93045807,37.52539444
2026-06-26T01:57:24.205462+09:00,여의도,여의도,POI072,KEY_4,4582. 국회도서관,ST-2646,0,0,12,126.91817474,37.53054047
2026-06-26T01:57:24.205462+09:00,여의도,여의도,POI072,KEY_4,4581. 국회소통관,ST-2645,0,0,12,126.9128952,37.53050232
2026-06-26T01:57:24.205462+09:00,연남동,연남동,POI073,KEY_1,107. 수협 연남동지점,ST-9,160,16,10,126.91871643,37.55784607
2026-06-26T01:57:24.205462+09:00,연남동,연남동,POI073,KEY_1,4233. 코오롱아파트사거리,ST-2979,180,18,10,126.92149353,37.56306458
2026-06-26T01:57:24.205462+09:00,영등포 타임스퀘어,영등포 타임스퀘어,POI074,KEY_2,284. 센트럴 푸르지오 시티 앞,ST-1650,6,1,16,126.90222931,37.51821136
2026-06-26T01:57:24.205462+09:00,영등포 타임스퀘어,영등포 타임스퀘어,POI074,KEY_2,3219.영등포역 1번출구,ST-1990,20,2,10,126.9077301,37.5148468
2026-06-26T01:57:24.205462+09:00,영등포 타임스퀘어,영등포 타임스퀘어,POI074,KEY_2,5858. 영등포역5번출구,ST-3142,140,14,10,126.90807343,37.51669312
2026-06-26T01:57:24.205462+09:00,영등포 타임스퀘어,영등포 타임스퀘어,POI074,KEY_2,5868. 로프트시티오피스텔,ST-3238,667,40,6,126.90843201,37.51906204
2026-06-26T01:57:24.205462+09:00,영등포 타임스퀘어,영등포 타임스퀘어,POI074,KEY_2,4565. 영등포 신세계백화점,ST-2815,20,2,10,126.90364838,37.51803589
2026-06-26T01:57:24.205462+09:00,용리단길,용리단길,POI076,KEY_3,817. 삼각지역 4번출구 앞,ST-436,67,6,9,126.97173309,37.53345108
2026-06-26T01:57:24.205462+09:00,용리단길,용리단길,POI076,KEY_3,816. 신용산역 6번출구 앞,ST-435,28,7,25,126.96848297,37.53014755
2026-06-26T01:57:24.205462+09:00,이태원 앤틱가구거리,이태원 앤틱가구거리,POI077,KEY_4,4634. 이태원역 3번 출구,ST-3056,0,0,5,126.99497223,37.5343895
2026-06-26T01:57:24.205462+09:00,이태원 앤틱가구거리,이태원 앤틱가구거리,POI077,KEY_4,4615. 크라운호텔앞 버스정류소,ST-2446,157,11,7,126.99137878,37.53030014
2026-06-26T01:57:24.205462+09:00,익선동,익선동,POI116,KEY_1,334. 종로3가역 2번출구 뒤,ST-150,0,0,10,126.99179077,37.5705986
2026-06-26T01:57:24.205462+09:00,익선동,익선동,POI116,KEY_1,328. 탑골공원 앞,ST-144,0,0,11,126.9881897,37.57039642
2026-06-26T01:57:24.205462+09:00,익선동,익선동,POI116,KEY_1,327. 낙원상가 옆,ST-143,10,1,10,126.9874649,37.57335663
2026-06-26T01:57:24.205462+09:00,익선동,익선동,POI116,KEY_1,3410.종로3가역 8번출구,ST-1807,80,8,10,126.99188995,37.5724678
2026-06-26T01:57:24.205462+09:00,익선동,익선동,POI116,KEY_1,4713. 현대 뜨레비앙 아파트 앞,ST-2623,43,3,7,126.99062347,37.57528305
2026-06-26T01:57:24.205462+09:00,인사동,인사동,POI078,KEY_2,327. 낙원상가 옆,ST-143,10,1,10,126.9874649,37.57335663
2026-06-26T01:57:24.205462+09:00,인사동,인사동,POI078,KEY_2,326. 안국역 5번출구 앞,ST-142,0,0,15,126.98616028,37.57624054
2026-06-26T01:57:24.205462+09:00,인사동,인사동,POI078,KEY_2,454. 종로2가 버스정류장 (종각방향),ST-1607,8,1,13,126.98638153,37.57035828
2026-06-26T01:57:24.205462+09:00,인사동,인사동,POI078,KEY_2,3408.종로타워빌딩,ST-1805,0,0,13,126.98323822,37.57070541
2026-06-26T01:57:24.205462+09:00,창동 신경제 중심지,창동 신경제 중심지,POI079,KEY_4,1657. 노원구청,ST-1125,10,2,20,127.05732727,37.65404892
2026-06-26T01:57:24.205462+09:00,창동 신경제 중심지,창동 신경제 중심지,POI079,KEY_4,1756.서울북부광역등기국,ST-2101,0,0,10,127.04431915,37.65148544
2026-06-26T01:57:24.205462+09:00,창동 신경제 중심지,창동 신경제 중심지,POI079,KEY_4,1662. 노원역7번출구,ST-1279,5,1,20,127.05921173,37.65421677
2026-06-26T01:57:24.205462+09:00,창동 신경제 중심지,창동 신경제 중심지,POI079,KEY_4,1674. 서울북부고용센터앞,ST-1291,0,0,15,127.05808258,37.65354919
2026-06-26T01:57:24.205462+09:00,창동 신경제 중심지,창동 신경제 중심지,POI079,KEY_4,1690. 도봉운전면허시험장 버스정류장 옆,ST-1641,0,0,10,127.05931091,37.6577301
2026-06-26T01:57:24.205462+09:00,창동 신경제 중심지,창동 신경제 중심지,POI079,KEY_4,1716. 창동역 1번출구 건너편,ST-1132,13,1,8,127.05072784,37.65420151
2026-06-26T01:57:24.205462+09:00,창동 신경제 중심지,창동 신경제 중심지,POI079,KEY_4,1653. 노원역1번출구,ST-1121,0,0,10,127.06362152,37.65620041
2026-06-26T01:57:24.205462+09:00,창동 신경제 중심지,창동 신경제 중심지,POI079,KEY_4,1686. 상계주공10단지 종합상가 앞,ST-1476,60,9,15,127.05805206,37.66114044
2026-06-26T01:57:24.205462+09:00,창동 신경제 중심지,창동 신경제 중심지,POI079,KEY_4,1637. KT 전화국 버스정류장 옆,ST-611,11,1,9,127.06372833,37.6546669
2026-06-26T01:57:24.205462+09:00,창동 신경제 중심지,창동 신경제 중심지,POI079,KEY_4,1722. 창동청소년수련관,ST-1292,27,4,15,127.05004883,37.65779877
2026-06-26T01:57:24.205462+09:00,창동 신경제 중심지,창동 신경제 중심지,POI079,KEY_4,1775.신원리베르텔 앞,ST-2120,40,6,15,127.04554749,37.65128708
2026-06-26T01:57:24.205462+09:00,창동 신경제 중심지,창동 신경제 중심지,POI079,KEY_4,4096.창동역2번출구 하나은행365 앞,ST-3368,50,4,8,127.04550171,37.65283585
2026-06-26T01:57:24.205462+09:00,창동 신경제 중심지,창동 신경제 중심지,POI079,KEY_4,5333. 노원역9번-10번 출구 앞,ST-3288,10,1,10,127.063591,37.65655518
2026-06-26T01:57:24.205462+09:00,창동 신경제 중심지,창동 신경제 중심지,POI079,KEY_4,4098.창동역 1번출구 인근,ST-3430,163,13,8,127.04838562,37.65290833
2026-06-26T01:57:24.205462+09:00,창동 신경제 중심지,창동 신경제 중심지,POI079,KEY_4,5311. 주공601동 상가 노원지하보도 앞,ST-3116,20,1,5,127.06147766,37.65190125
2026-06-26T01:57:24.205462+09:00,청량리 제기동 일대 전통시장,청량리 제기동 일대 전통시장,POI081,KEY_2,633. 청량리 기업은행 앞,ST-400,250,20,8,127.04472351,37.58049774
2026-06-26T01:57:24.205462+09:00,청량리 제기동 일대 전통시장,청량리 제기동 일대 전통시장,POI081,KEY_2,676.FITI시험연구원 앞,ST-2276,156,14,9,127.03547668,37.58143234
2026-06-26T01:57:24.205462+09:00,청량리 제기동 일대 전통시장,청량리 제기동 일대 전통시장,POI081,KEY_2,640. 동대문경찰서 교차로,ST-407,17,1,6,127.04460144,37.58255005
2026-06-26T01:57:24.205462+09:00,청량리 제기동 일대 전통시장,청량리 제기동 일대 전통시장,POI081,KEY_2,4134. 제기동 현대아파트 앞,ST-3206,50,5,10,127.0353241,37.57994843
2026-06-26T01:57:24.205462+09:00,청량리 제기동 일대 전통시장,청량리 제기동 일대 전통시장,POI081,KEY_2,4147.청량리역광장,ST-3405,11,4,35,127.04673767,37.58024597
2026-06-26T01:57:24.205462+09:00,청량리 제기동 일대 전통시장,청량리 제기동 일대 전통시장,POI081,KEY_2,4149.제기동역 5번출구,ST-3428,286,20,7,127.03381348,37.5779953
2026-06-26T01:57:24.205462+09:00,DDP(동대문디자인플라자),DDP(동대문디자인플라자),POI083,KEY_4,475.DDP 패션몰,ST-1781,62,13,21,127.0118103,37.56764984
2026-06-26T01:57:24.205462+09:00,DDP(동대문디자인플라자),DDP(동대문디자인플라자),POI083,KEY_4,347. 동대문역사문화공원역 9번출구 앞,ST-163,56,10,18,127.00784302,37.56533051
2026-06-26T01:57:24.205462+09:00,DDP(동대문디자인플라자),DDP(동대문디자인플라자),POI083,KEY_4,474.동대문역사문화공원역 1번출구 뒤편,ST-1780,53,21,40,127.00849152,37.56629944
2026-06-26T01:57:24.205462+09:00,DDP(동대문디자인플라자),DDP(동대문디자인플라자),POI083,KEY_4,4765. 동대문디자인플라자,ST-2431,0,0,20,127.00946045,37.5683136
2026-06-26T01:57:24.205462+09:00,DMC(디지털미디어시티),DMC(디지털미디어시티),POI084,KEY_1,409. 누리꿈스퀘어 옆,ST-86,20,6,30,126.88916016,37.57939911
2026-06-26T01:57:24.205462+09:00,DMC(디지털미디어시티),DMC(디지털미디어시티),POI084,KEY_1,405. DMC빌 앞,ST-80,13,1,8,126.88578796,37.58265686
2026-06-26T01:57:24.205462+09:00,DMC(디지털미디어시티),DMC(디지털미디어시티),POI084,KEY_1,414. 상암동주민센터 옆,ST-94,63,5,8,126.89447021,37.57822037
2026-06-26T01:57:24.205462+09:00,DMC(디지털미디어시티),DMC(디지털미디어시티),POI084,KEY_1,489.구룡근린공원,ST-2148,100,10,10,126.88276672,37.58320236
2026-06-26T01:57:24.205462+09:00,DMC(디지털미디어시티),DMC(디지털미디어시티),POI084,KEY_1,408. LG CNS앞,ST-84,0,0,14,126.88665009,37.58081055
2026-06-26T01:57:24.205462+09:00,DMC(디지털미디어시티),DMC(디지털미디어시티),POI084,KEY_1,412. DMC산학협력연구센터 앞,ST-91,0,0,21,126.89079285,37.57565689
2026-06-26T01:57:24.205462+09:00,DMC(디지털미디어시티),DMC(디지털미디어시티),POI084,KEY_1,415. DMC역 9번출구 앞,ST-95,60,6,10,126.89736176,37.57746887
2026-06-26T01:57:24.205462+09:00,DMC(디지털미디어시티),DMC(디지털미디어시티),POI084,KEY_1,417. DMC역 2번출구 옆,ST-93,30,6,20,126.8999176,37.57506943
2026-06-26T01:57:24.205462+09:00,DMC(디지털미디어시티),DMC(디지털미디어시티),POI084,KEY_1,490.가온문화공원,ST-2149,0,0,23,126.88766479,37.58207703
2026-06-26T01:57:24.205462+09:00,DMC(디지털미디어시티),DMC(디지털미디어시티),POI084,KEY_1,425. DMC첨단산업센터,ST-991,0,0,10,126.88559723,37.58450317
2026-06-26T01:57:24.205462+09:00,DMC(디지털미디어시티),DMC(디지털미디어시티),POI084,KEY_1,411. DMC홍보관,ST-90,0,0,10,126.89147186,37.5779953
2026-06-26T01:57:24.205462+09:00,DMC(디지털미디어시티),DMC(디지털미디어시티),POI084,KEY_1,3007.MBC 앞,ST-2165,0,0,10,126.89044952,37.58198166
2026-06-26T01:57:24.205462+09:00,DMC(디지털미디어시티),DMC(디지털미디어시티),POI084,KEY_1,3008.DMC역7번출구,ST-2166,30,3,10,126.89836121,37.57711411
2026-06-26T01:57:24.205462+09:00,DMC(디지털미디어시티),DMC(디지털미디어시티),POI084,KEY_1,4218. 디지털매직스페이스,ST-2974,8,1,13,126.88957977,37.58119965
2026-06-26T01:57:24.205462+09:00,DMC(디지털미디어시티),DMC(디지털미디어시티),POI084,KEY_1,4214. JTBC 앞,ST-2537,0,0,10,126.8901825,37.57730484
2026-06-26T01:57:24.205462+09:00,DMC(디지털미디어시티),DMC(디지털미디어시티),POI084,KEY_1,4238. 상암한샘빌딩앞,ST-2981,29,2,7,126.89867401,37.57649231
2026-06-26T01:57:24.205462+09:00,가산디지털단지역,가산디지털단지역,POI013,KEY_2,1806. 에이스하이엔드타워9차 앞,ST-621,140,14,10,126.87863922,37.48621368
2026-06-26T01:57:24.205462+09:00,가산디지털단지역,가산디지털단지역,POI013,KEY_2,1805. 서울디지털운동장 앞,ST-620,80,8,10,126.87776947,37.48228836
2026-06-26T01:57:24.205462+09:00,가산디지털단지역,가산디지털단지역,POI013,KEY_2,1835. STX V타워,ST-641,20,2,10,126.88442993,37.47706985
2026-06-26T01:57:24.205462+09:00,가산디지털단지역,가산디지털단지역,POI013,KEY_2,1834. 월드메르디앙 벤처센터 2차,ST-640,20,2,10,126.87904358,37.47908401
2026-06-26T01:57:24.205462+09:00,가산디지털단지역,가산디지털단지역,POI013,KEY_2,1851. 가산디지털단지 9번출구 인근,ST-1403,30,3,10,126.88148499,37.48123169
2026-06-26T01:57:24.205462+09:00,가산디지털단지역,가산디지털단지역,POI013,KEY_2,1812. 갑을그레이트밸리 앞,ST-624,250,25,10,126.88729858,37.47903061
2026-06-26T01:57:24.205462+09:00,가산디지털단지역,가산디지털단지역,POI013,KEY_2,1850. 코오롱테크노밸리,ST-1277,60,6,10,126.8863678,37.48015976
2026-06-26T01:57:24.205462+09:00,가산디지털단지역,가산디지털단지역,POI013,KEY_2,1839. 수출의 다리 아래,ST-1140,80,16,20,126.88615417,37.47743607
2026-06-26T01:57:24.205462+09:00,가산디지털단지역,가산디지털단지역,POI013,KEY_2,1849. 대륭포스트타워5차,ST-1276,140,14,10,126.88694,37.48135376
2026-06-26T01:57:24.205462+09:00,가산디지털단지역,가산디지털단지역,POI013,KEY_2,1867.대륭포스트타워6차 앞,ST-1938,40,12,30,126.8841629,37.48101044
2026-06-26T01:57:24.205462+09:00,가산디지털단지역,가산디지털단지역,POI013,KEY_2,3989.가산디지털단지역 9번출구 앞,ST-3396,190,19,10,126.88175964,37.48055267
2026-06-26T01:57:24.205462+09:00,가산디지털단지역,가산디지털단지역,POI013,KEY_2,3984. 가산롯데아이티캐슬,ST-2999,40,2,5,126.88083649,37.47636795
2026-06-26T01:57:24.205462+09:00,가산디지털단지역,가산디지털단지역,POI013,KEY_2,3985. 디폴리스 지식산업센터,ST-2964,5,1,20,126.87680054,37.48017502
2026-06-26T01:57:24.205462+09:00,강남역,강남역,POI014,KEY_3,3628. 역삼1동 주민센터,ST-2689,180,18,10,127.03302765,37.49521255
2026-06-26T01:57:24.205462+09:00,강남역,강남역,POI014,KEY_3,2421. 신논현역 4번출구,ST-1887,60,9,15,127.02579498,37.504673
2026-06-26T01:57:24.205462+09:00,강남역,강남역,POI014,KEY_3,2505. 우성아파트사거리 (기업은행앞),ST-1556,183,22,12,127.0295105,37.49330521
2026-06-26T01:57:24.205462+09:00,강남역,강남역,POI014,KEY_3,2407. 역삼서초삼성 세무서 앞 (역삼빌딩 앞),ST-1577,80,8,10,127.03011322,37.49847031
2026-06-26T01:57:24.205462+09:00,강남역,강남역,POI014,KEY_3,4349.삼성화재서초타워,ST-3361,217,13,6,127.02896118,37.49446869
2026-06-26T01:57:24.205462+09:00,건대입구역,건대입구역,POI015,KEY_4,501. 광진문화예술회관 앞,ST-98,90,27,30,127.07035065,37.53730774
2026-06-26T01:57:24.205462+09:00,건대입구역,건대입구역,POI015,KEY_4,3533. 건대입구역 사거리(롯데백화점),ST-1660,50,5,10,127.07078552,37.5392952
2026-06-26T01:57:24.205462+09:00,건대입구역,건대입구역,POI015,KEY_4,3534. 건대입구역 5번출구 뒤,ST-1661,50,5,10,127.06956482,37.54008102
2026-06-26T01:57:24.205462+09:00,고덕역,고덕역,POI016,KEY_1,1072.고덕역 5번출구,ST-1833,5,1,22,127.15372467,37.55486298
2026-06-26T01:57:24.205462+09:00,고덕역,고덕역,POI016,KEY_1,1036. 고덕동 주양쇼핑,ST-1053,50,5,10,127.15331268,37.55199051
2026-06-26T01:57:24.205462+09:00,고덕역,고덕역,POI016,KEY_1,1068.명일파출소,ST-1767,100,10,10,127.15622711,37.5536499
2026-06-26T01:57:24.205462+09:00,교대역,교대역,POI018,KEY_3,2279. 교대역 5번출구뒤,ST-1305,88,7,8,127.01418304,37.49361801
2026-06-26T01:57:24.205462+09:00,교대역,교대역,POI018,KEY_3,2239.교대역 6번출구,ST-765,150,15,10,127.01378632,37.49421692
2026-06-26T01:57:24.205462+09:00,구로디지털단지역,구로디지털단지역,POI019,KEY_4,2110. 조원동 미성아파트,ST-950,33,3,9,126.90203094,37.48319244
2026-06-26T01:57:24.205462+09:00,구로디지털단지역,구로디지털단지역,POI019,KEY_4,1962. 가리봉동주민센터,ST-1224,73,11,15,126.89279938,37.48160172
2026-06-26T01:57:24.205462+09:00,구로디지털단지역,구로디지털단지역,POI019,KEY_4,2801. 대륭포스트타워1차,ST-1753,37,11,30,126.89542389,37.48437119
2026-06-26T01:57:24.205462+09:00,구로디지털단지역,구로디지털단지역,POI019,KEY_4,1911. 구로디지털단지역 앞,ST-668,0,0,18,126.90132141,37.48493958
2026-06-26T01:57:24.205462+09:00,구로디지털단지역,구로디지털단지역,POI019,KEY_4,1955. 디지털입구 교차로,ST-936,20,2,10,126.90103912,37.48288345
2026-06-26T01:57:24.205462+09:00,구로디지털단지역,구로디지털단지역,POI019,KEY_4,1986. 태평양물산,ST-1521,73,11,15,126.89518738,37.48485947
2026-06-26T01:57:24.205462+09:00,구로역,구로역,POI020,KEY_1,1946. 구로역 광장,ST-873,10,1,10,126.88038635,37.50311661
2026-06-26T01:57:24.205462+09:00,구로역,구로역,POI020,KEY_1,3919. 구로역·NC신구로점 버스정류장(구로역 방면),ST-3013,114,16,14,126.88237,37.50096512
2026-06-26T01:57:24.205462+09:00,군자역,군자역,POI021,KEY_2,540. 군자역 7번출구 베스트샵 앞,ST-253,50,4,8,127.0786438,37.55603027
2026-06-26T01:57:24.205462+09:00,군자역,군자역,POI021,KEY_2,3586.군자역 비채온 오피스텔,ST-2325,250,20,8,127.07727051,37.55771255
2026-06-26T01:57:24.205462+09:00,군자역,군자역,POI021,KEY_2,3518. 군자역 7번출구뒤,ST-1263,13,1,8,127.07913971,37.55686188
2026-06-26T01:57:24.205462+09:00,군자역,군자역,POI021,KEY_2,3500. 군자역2번출구,ST-983,57,4,7,127.07969666,37.55758667
2026-06-26T01:57:24.205462+09:00,대림역,대림역,POI023,KEY_3,286. 우성아파트 교차로,ST-1652,92,11,12,126.89974976,37.49457169
2026-06-26T01:57:24.205462+09:00,대림역,대림역,POI023,KEY_3,1975. 대림역 1번 출입구 밑,ST-1237,10,1,10,126.8947525,37.49256516
2026-06-26T01:57:24.205462+09:00,대림역,대림역,POI023,KEY_3,1914. 대림역4번출구,ST-918,10,1,10,126.89444733,37.49440384
2026-06-26T01:57:24.205462+09:00,동대문역,동대문역,POI024,KEY_4,457. 종로꽃시장 입구 옆,ST-1610,50,5,10,127.00720978,37.57131958
2026-06-26T01:57:24.205462+09:00,동대문역,동대문역,POI024,KEY_4,393. 동대문역 8번 출구,ST-1372,17,2,12,127.00937653,37.57014084
2026-06-26T01:57:24.205462+09:00,동대문역,동대문역,POI024,KEY_4,3415.동대문역6번출구,ST-1812,113,17,15,127.0107193,37.57147217
2026-06-26T01:57:24.205462+09:00,미아사거리역,미아사거리역,POI026,KEY_2,1546. 송천동우체국,ST-1665,150,15,10,127.02970123,37.61545944
2026-06-26T01:57:24.205462+09:00,미아사거리역,미아사거리역,POI026,KEY_2,1574.송중초등학교 옆,ST-2405,88,7,8,127.03049469,37.61669922
2026-06-26T01:57:24.205462+09:00,미아사거리역,미아사거리역,POI026,KEY_2,1531. 미아사거리 1번 출구,ST-1105,160,16,10,127.03025055,37.61395645
2026-06-26T01:57:24.205462+09:00,미아사거리역,미아사거리역,POI026,KEY_2,4423.현대백화점 미아점,ST-3203,180,18,10,127.02845764,37.60884857
2026-06-26T01:57:24.205462+09:00,발산역,발산역,POI027,KEY_3,1124. 발산역 6번 출구 뒤,ST-522,0,0,6,126.8384552,37.55817795
2026-06-26T01:57:24.205462+09:00,발산역,발산역,POI027,KEY_3,1117. 등촌5단지아파트 버스정류장,ST-834,60,6,10,126.84426117,37.55819702
2026-06-26T01:57:24.205462+09:00,발산역,발산역,POI027,KEY_3,"1153. 발산역 1번, 9번 인근 대여소",ST-1065,3,1,32,126.83717346,37.55894852
2026-06-26T01:57:24.205462+09:00,발산역,발산역,POI027,KEY_3,1197. 엠펠리체 호텔 건너편,ST-1714,0,0,20,126.83546448,37.56026077
2026-06-26T01:57:24.205462+09:00,발산역,발산역,POI027,KEY_3,2730.마곡메가박스 앞,ST-2047,3,1,30,126.83495331,37.55912781
2026-06-26T01:57:24.205462+09:00,발산역,발산역,POI027,KEY_3,3760. 발산역 8번 출구,ST-2538,12,2,17,126.83676147,37.55846024
2026-06-26T01:57:24.205462+09:00,발산역,발산역,POI027,KEY_3,2721.등촌1-10단지 교차로,ST-2037,350,42,12,126.8393631,37.56320572
2026-06-26T01:57:24.205462+09:00,발산역,발산역,POI027,KEY_3,3764. 관문주유소(GS칼택스) 앞,ST-2613,470,47,10,126.84183502,37.55802917
2026-06-26T01:57:24.205462+09:00,발산역,발산역,POI027,KEY_3,3759. 이대서울병원,ST-2569,0,0,25,126.83559418,37.5586319
2026-06-26T01:57:24.205462+09:00,발산역,발산역,POI027,KEY_3,2717.LG유플러스 마곡사옥,ST-2033,0,0,62,126.83390045,37.56133652
2026-06-26T01:57:24.205462+09:00,발산역,발산역,POI027,KEY_3,2723.마곡 필네이처,ST-2040,62,8,13,126.83669281,37.56089401
2026-06-26T01:57:24.205462+09:00,발산역,발산역,POI027,KEY_3,5095. 원당근린공원,ST-3226,21,3,14,126.84147644,37.55947495
2026-06-26T01:57:24.205462+09:00,발산역,발산역,POI027,KEY_3,5061. 우장산동 가곡어린이공원앞,ST-2888,90,9,10,126.83751678,37.55545425
2026-06-26T01:57:24.205462+09:00,사당역,사당역,POI029,KEY_4,2222.사당역 12번출구 뒤,ST-753,240,24,10,126.98203278,37.47806931
2026-06-26T01:57:24.205462+09:00,사당역,사당역,POI029,KEY_4,2104. 사당역 5번출구,ST-712,46,6,13,126.98133087,37.47608948
2026-06-26T01:57:24.205462+09:00,사당역,사당역,POI029,KEY_4,2034. 사당역 7번출구쪽,ST-924,74,14,19,126.98057556,37.47689056
2026-06-26T01:57:24.205462+09:00,사당역,사당역,POI029,KEY_4,2089.사당역10번출구(금강빌딩),ST-2362,140,14,10,126.98150635,37.4791069
2026-06-26T01:57:24.205462+09:00,삼각지역,삼각지역,POI030,KEY_1,848. 삼각지12번 출구,ST-2172,138,11,8,126.97562408,37.53488922
2026-06-26T01:57:24.205462+09:00,삼각지역,삼각지역,POI030,KEY_1,849. 삼각지 자이아파트,ST-2173,105,21,20,126.97341919,37.53607941
2026-06-26T01:57:24.205462+09:00,삼각지역,삼각지역,POI030,KEY_1,4620. 삼각지역 14번 출구 앞(교통섬),ST-2451,188,15,8,126.97408295,37.53528595
2026-06-26T01:57:24.205462+09:00,서울대입구역,서울대입구역,POI031,KEY_2,2111. 서울대입구역 1번출구,ST-965,120,12,10,126.95331573,37.48086929
2026-06-26T01:57:24.205462+09:00,서울대입구역,서울대입구역,POI031,KEY_2,2171. 서울대입구역 5번출구,ST-1337,35,6,17,126.95200348,37.48154831
2026-06-26T01:57:24.205462+09:00,서울대입구역,서울대입구역,POI031,KEY_2,3311.서울대입구역 4번 출구,ST-2394,17,2,12,126.95157623,37.48122025
2026-06-26T01:57:24.205462+09:00,서울대입구역,서울대입구역,POI031,KEY_2,2128. 관악구청교차로,ST-720,0,0,12,126.95265198,37.47949982
2026-06-26T01:57:24.205462+09:00,서울대입구역,서울대입구역,POI031,KEY_2,2112. 서울대입구역 마에스트로,ST-715,47,7,15,126.95064545,37.4813385
2026-06-26T01:57:24.205462+09:00,서울대입구역,서울대입구역,POI031,KEY_2,2116. 에이스에이존빌딩,ST-717,33,3,9,126.95082855,37.48170471
2026-06-26T01:57:24.205462+09:00,서울식물원·마곡나루역,서울식물원·마곡나루역,POI032,KEY_3,2715.마곡나루역 2번 출구,ST-2031,4,1,25,126.82743835,37.56692505
2026-06-26T01:57:24.205462+09:00,서울식물원·마곡나루역,서울식물원·마곡나루역,POI032,KEY_3,2725.서울식물원 식물문화센터,ST-2042,25,5,20,126.83563232,37.56883621
2026-06-26T01:57:24.205462+09:00,서울식물원·마곡나루역,서울식물원·마곡나루역,POI032,KEY_3,2727.서울식물원 잔디마당 앞,ST-2044,4,1,25,126.8306427,37.5639267
2026-06-26T01:57:24.205462+09:00,서울식물원·마곡나루역,서울식물원·마곡나루역,POI032,KEY_3,2701. 마곡나루역 5번출구 뒤편,ST-1718,12,3,26,126.82731628,37.56520081
2026-06-26T01:57:24.205462+09:00,서울식물원·마곡나루역,서울식물원·마곡나루역,POI032,KEY_3,2728.마곡나루역 3번 출구,ST-2045,129,84,65,126.82807922,37.56580353
2026-06-26T01:57:24.205462+09:00,서울식물원·마곡나루역,서울식물원·마곡나루역,POI032,KEY_3,6177. 마곡롯데캐슬르웨스트,ST-3324,40,4,10,126.82462311,37.56356049
2026-06-26T01:57:24.205462+09:00,서울식물원·마곡나루역,서울식물원·마곡나루역,POI032,KEY_3,5098. LG사이언스파크 W4동,ST-3261,5,1,20,126.82978821,37.56403732
2026-06-26T01:57:24.205462+09:00,서울식물원·마곡나루역,서울식물원·마곡나루역,POI032,KEY_3,5097. LG사이언스파크 E2동,ST-3259,0,0,40,126.83208466,37.56381607
2026-06-26T01:57:24.205462+09:00,서울식물원·마곡나루역,서울식물원·마곡나루역,POI032,KEY_3,6190.마곡광장(마곡나루역 6번출구),ST-3421,0,0,10,126.82738495,37.56614685
2026-06-26T01:57:24.205462+09:00,서울역,서울역,POI033,KEY_4,379. 서울역9번출구,ST-194,90,9,10,126.97330475,37.55580521
2026-06-26T01:57:24.205462+09:00,서울역,서울역,POI033,KEY_4,485.서울역5번출구,ST-1791,170,17,10,126.97319794,37.55677032
2026-06-26T01:57:24.205462+09:00,서울역,서울역,POI033,KEY_4,435. SK 남산빌딩,ST-1670,60,6,10,126.97561646,37.55686188
2026-06-26T01:57:24.205462+09:00,서울역,서울역,POI033,KEY_4,6062.서울역파출소,ST-3413,200,20,10,126.97183228,37.55709457
2026-06-26T01:57:24.205462+09:00,서울역,서울역,POI033,KEY_4,4794. 서울역 서부교차로(3),ST-2786,100,8,8,126.96942139,37.55540848
2026-06-26T01:57:24.205462+09:00,서울역,서울역,POI033,KEY_4,4760. 서울역 7번출구,ST-2430,10,1,10,126.97364044,37.55664444
2026-06-26T01:57:24.205462+09:00,선릉역,선릉역,POI034,KEY_1,2329. 르네상스호텔사거리 역삼지하보도 2번출구,ST-812,0,0,10,127.04319,37.50235748
2026-06-26T01:57:24.205462+09:00,선릉역,선릉역,POI034,KEY_1,2328. 르네상스 호텔 사거리 역삼지하보도 7번출구 앞,ST-811,0,0,10,127.04273224,37.50321198
2026-06-26T01:57:24.205462+09:00,선릉역,선릉역,POI034,KEY_1,2369. KT선릉타워,ST-1178,65,13,20,127.0528717,37.50542831
2026-06-26T01:57:24.205462+09:00,선릉역,선릉역,POI034,KEY_1,2319. 포스코사거리 서측(수협 삼성동 지점),ST-802,30,3,10,127.05467987,37.50660706
2026-06-26T01:57:24.205462+09:00,선릉역,선릉역,POI034,KEY_1,2332. 선릉역3번출구,ST-815,50,4,8,127.04903412,37.50410461
2026-06-26T01:57:24.205462+09:00,성신여대입구역,성신여대입구역,POI035,KEY_2,1384.성신여대입구역 5번출구,ST-2225,215,28,13,127.01628876,37.59282684
2026-06-26T01:57:24.205462+09:00,성신여대입구역,성신여대입구역,POI035,KEY_2,1337. 돈암성당 옆,ST-1201,146,19,13,127.01716614,37.59039307
2026-06-26T01:57:24.205462+09:00,성신여대입구역,성신여대입구역,POI035,KEY_2,1385.성신여대입구역 3번출구 앞,ST-2226,320,32,10,127.01628876,37.59236526
2026-06-26T01:57:24.205462+09:00,수유역,수유역,POI036,KEY_3,1503. 강북구청사거리(수유역 8번출구),ST-643,114,16,14,127.02672577,37.63926315
2026-06-26T01:57:24.205462+09:00,수유역,수유역,POI036,KEY_3,1520. 수유중앙시장,ST-650,143,10,7,127.022789,37.63986206
2026-06-26T01:57:24.205462+09:00,수유역,수유역,POI036,KEY_3,1512. 강북중학교 앞,ST-862,95,19,20,127.02656555,37.64473724
2026-06-26T01:57:24.205462+09:00,수유역,수유역,POI036,KEY_3,1569.수유역2번출구,ST-2137,0,0,10,127.02590179,37.63796997
2026-06-26T01:57:24.205462+09:00,수유역,수유역,POI036,KEY_3,1552. 강북구청사거리,ST-2125,13,1,8,127.02723694,37.63920212
2026-06-26T01:57:24.205462+09:00,수유역,수유역,POI036,KEY_3,1530. 광산사거리,ST-1104,108,14,13,127.0223465,37.64355087
2026-06-26T01:57:24.205462+09:00,수유역,수유역,POI036,KEY_3,1535. 효성인텔리안 앞,ST-1109,40,4,10,127.02337646,37.6362915
2026-06-26T01:57:24.205462+09:00,수유역,수유역,POI036,KEY_3,1526. 강북종합시장 앞,ST-1100,63,5,8,127.02462769,37.64173889
2026-06-26T01:57:24.205462+09:00,숭례문,숭례문,POI131,KEY_4,445.대한상공회의소,ST-1771,0,0,15,126.97410583,37.56015396
2026-06-26T01:57:24.205462+09:00,숭례문,숭례문,POI131,KEY_4,6060. 신한은행 본점,ST-3342,25,2,8,126.97480774,37.56077576
2026-06-26T01:57:24.205462+09:00,시의회 앞,시의회 앞,POI130,KEY_1,310. 청계광장 옆,ST-126,0,0,8,126.9774704,37.56887817
2026-06-26T01:57:24.205462+09:00,시의회 앞,시의회 앞,POI130,KEY_1,458. 광화문역 5번출구,ST-1611,5,1,21,126.97756958,37.56989288
2026-06-26T01:57:24.205462+09:00,시의회 앞,시의회 앞,POI130,KEY_1,309. 광화문역 6번출구 옆 B,ST-125,0,0,13,126.97615814,37.56996155
2026-06-26T01:57:24.205462+09:00,시의회 앞,시의회 앞,POI130,KEY_1,4718. 광화문역 6번출구 옆 A,ST-3075,10,1,10,126.9764328,37.56993103
2026-06-26T01:57:24.205462+09:00,시의회 앞,시의회 앞,POI130,KEY_1,6058. 시청역 2번출구,ST-3297,87,13,15,126.97702026,37.56557846
2026-06-26T01:57:24.205462+09:00,신논현역·논현역,신논현역·논현역,POI037,KEY_2,2302. 교보타워 버스정류장(신논현역 3번출구 후면),ST-787,170,17,10,127.02427673,37.5055809
2026-06-26T01:57:24.205462+09:00,신논현역·논현역,신논현역·논현역,POI037,KEY_2,2542.신논현타워 앞,ST-1926,120,12,10,127.02391052,37.50508881
2026-06-26T01:57:24.205462+09:00,신논현역·논현역,신논현역·논현역,POI037,KEY_2,4347. 논현지하보도,ST-3332,110,11,10,127.02232361,37.50836945
2026-06-26T01:57:24.205462+09:00,신림역,신림역,POI039,KEY_4,2102. 봉림교 교통섬,ST-702,85,11,13,126.92688751,37.48408508
2026-06-26T01:57:24.205462+09:00,신림역,신림역,POI039,KEY_4,2136. 신림역 8번출구,ST-976,25,2,8,126.93006897,37.48450851
2026-06-26T01:57:24.205462+09:00,신림역,신림역,POI039,KEY_4,2175. 신림동걷고싶은문화의거리입구,ST-1270,171,12,7,126.92870331,37.48730087
2026-06-26T01:57:24.205462+09:00,신정네거리역,신정네거리역,POI117,KEY_1,706. 신정네거리역,ST-313,47,7,15,126.85175323,37.5218811
2026-06-26T01:57:24.205462+09:00,신정네거리역,신정네거리역,POI117,KEY_1,722. 경서농협 버스정류장(우리은행신정동지점방향),ST-993,130,13,10,126.85738373,37.52151108
2026-06-26T01:57:24.205462+09:00,신정네거리역,신정네거리역,POI117,KEY_1,4510. 신정네거리역 교차로,ST-2762,54,7,13,126.85228729,37.52175903
2026-06-26T01:57:24.205462+09:00,신정네거리역,신정네거리역,POI117,KEY_1,4509. 서울영상고교 입구,ST-2761,247,37,15,126.85928345,37.52198029
2026-06-26T01:57:24.205462+09:00,신정네거리역,신정네거리역,POI117,KEY_1,4507. 신정제일시장,ST-2759,110,11,10,126.85499573,37.52122498
2026-06-26T01:57:24.205462+09:00,신촌·이대역,신촌·이대역,POI040,KEY_2,128. 신촌역(2호선) 1번출구 옆,ST-30,26,5,19,126.93634033,37.55549622
2026-06-26T01:57:24.205462+09:00,신촌·이대역,신촌·이대역,POI040,KEY_2,150. 서강대역 2번출구 앞,ST-207,47,7,15,126.93434143,37.55295563
2026-06-26T01:57:24.205462+09:00,신촌·이대역,신촌·이대역,POI040,KEY_2,134. 연세로 명물길,ST-36,125,10,8,126.93807983,37.55789185
2026-06-26T01:57:24.205462+09:00,신촌·이대역,신촌·이대역,POI040,KEY_2,130. 신촌역(2호선) 7번출구 앞,ST-32,30,3,10,126.93626404,37.5550499
2026-06-26T01:57:24.205462+09:00,신촌·이대역,신촌·이대역,POI040,KEY_2,137. 신촌기차역입구 교차로,ST-39,50,5,10,126.9431839,37.55681229
2026-06-26T01:57:24.205462+09:00,신촌·이대역,신촌·이대역,POI040,KEY_2,135. 명물길 원형무대 앞,ST-37,0,0,10,126.93984222,37.55922699
2026-06-26T01:57:24.205462+09:00,신촌·이대역,신촌·이대역,POI040,KEY_2,129. 신촌역(2호선) 6번출구 옆,ST-31,0,0,10,126.93756866,37.55505371
2026-06-26T01:57:24.205462+09:00,신촌·이대역,신촌·이대역,POI040,KEY_2,3116.신촌역 4번출구,ST-2201,20,2,10,126.93720245,37.55550385
2026-06-26T01:57:24.205462+09:00,신촌·이대역,신촌·이대역,POI040,KEY_2,4274. 신촌 파랑고래 입구,ST-3140,20,2,10,126.93603516,37.55687714
2026-06-26T01:57:24.205462+09:00,신촌·이대역,신촌·이대역,POI040,KEY_2,4248. 신촌 교보빌딩,ST-3021,10,1,10,126.94034576,37.5560112
2026-06-26T01:57:24.205462+09:00,쌍문역,쌍문역,POI070,KEY_3,1709. 쌍문역4번출구 주변,ST-616,47,8,17,127.03534698,37.65012741
2026-06-26T01:57:24.205462+09:00,쌍문역,쌍문역,POI070,KEY_3,1774.정의여중고 버스정류소,ST-2119,100,8,8,127.034729,37.65134811
2026-06-26T01:57:24.205462+09:00,쌍문역,쌍문역,POI070,KEY_3,1754. 창동시장입구 사거리,ST-2099,27,3,11,127.03343201,37.64689636
2026-06-26T01:57:24.205462+09:00,쌍문역,쌍문역,POI070,KEY_3,4054. 창동한신아파트 버스정류소,ST-2722,30,3,10,127.03527069,37.64601898
2026-06-26T01:57:24.205462+09:00,양재역,양재역,POI041,KEY_4,2333. 양재역 3번출구 주변,ST-816,0,0,14,127.03407288,37.48515701
2026-06-26T01:57:24.205462+09:00,양재역,양재역,POI041,KEY_4,2242.양재역 10번 출구 앞,ST-767,5,1,20,127.03417969,37.48398972
2026-06-26T01:57:24.205462+09:00,양재역,양재역,POI041,KEY_4,2293. SPC 앞,ST-1360,20,2,10,127.03699493,37.48479843
2026-06-26T01:57:24.205462+09:00,양재역,양재역,POI041,KEY_4,4329. SC제일은행 양재동지점 앞,ST-2962,0,0,8,127.03315735,37.48573685
2026-06-26T01:57:24.205462+09:00,역삼역,역삼역,POI042,KEY_1,2430.강남파이낸스센터앞(역삼역2번출구),ST-1896,10,1,10,127.03605652,37.50024414
2026-06-26T01:57:24.205462+09:00,역삼역,역삼역,POI042,KEY_1,2410. 포스코피앤에스타워 (역삼역 3번출구 부근),ST-1680,100,10,10,127.03375244,37.49959946
2026-06-26T01:57:24.205462+09:00,역삼역,역삼역,POI042,KEY_1,2349. 역삼빌딩 앞(하나은행 옆),ST-959,0,0,12,127.03856659,37.50154495
2026-06-26T01:57:24.205462+09:00,연신내역,연신내역,POI043,KEY_2,906. 연신내역 5번출구,ST-454,200,16,8,126.91957855,37.61721039
2026-06-26T01:57:24.205462+09:00,연신내역,연신내역,POI043,KEY_2,949. 연신내역 1번 출구,ST-1035,50,3,6,126.92080688,37.61978149
2026-06-26T01:57:24.205462+09:00,연신내역,연신내역,POI043,KEY_2,922. 연신내역 4번출구,ST-470,10,1,10,126.92196655,37.61780167
2026-06-26T01:57:24.205462+09:00,오목교역·목동운동장,오목교역·목동운동장,POI044,KEY_3,747. 목동3단지 상가,ST-1018,250,25,10,126.8756485,37.53458023
2026-06-26T01:57:24.205462+09:00,오목교역·목동운동장,오목교역·목동운동장,POI044,KEY_3,792.목동트라팰리스 웨스턴에비뉴,ST-2017,0,0,20,126.8709259,37.52537155
2026-06-26T01:57:24.205462+09:00,오목교역·목동운동장,오목교역·목동운동장,POI044,KEY_3,791.현대하이페리온,ST-2016,47,7,15,126.86980438,37.52490234
2026-06-26T01:57:24.205462+09:00,오목교역·목동운동장,오목교역·목동운동장,POI044,KEY_3,756. 목동주차장,ST-1497,40,6,15,126.8761673,37.52667999
2026-06-26T01:57:24.205462+09:00,오목교역·목동운동장,오목교역·목동운동장,POI044,KEY_3,771.목동아파트 703동 앞,ST-1997,13,1,8,126.87016296,37.52820587
2026-06-26T01:57:24.205462+09:00,오목교역·목동운동장,오목교역·목동운동장,POI044,KEY_3,765. 오목교역 3번출구,ST-1731,33,4,12,126.87548065,37.52477646
2026-06-26T01:57:24.205462+09:00,오목교역·목동운동장,오목교역·목동운동장,POI044,KEY_3,748. 목동운동장,ST-1019,162,21,13,126.87930298,37.53025055
2026-06-26T01:57:24.205462+09:00,오목교역·목동운동장,오목교역·목동운동장,POI044,KEY_3,723. SBS방송국,ST-994,13,2,15,126.87274933,37.52916336
2026-06-26T01:57:24.205462+09:00,오목교역·목동운동장,오목교역·목동운동장,POI044,KEY_3,762. 오목로 무중력지대 앞,ST-1503,50,5,10,126.87766266,37.52474213
2026-06-26T01:57:24.205462+09:00,오목교역·목동운동장,오목교역·목동운동장,POI044,KEY_3,731. 서울시 도로환경관리센터,ST-1002,50,5,10,126.87654114,37.5298996
2026-06-26T01:57:24.205462+09:00,오목교역·목동운동장,오목교역·목동운동장,POI044,KEY_3,703. 오목교역 7번출구 앞,ST-311,8,1,12,126.87524414,37.52362823
2026-06-26T01:57:24.205462+09:00,오목교역·목동운동장,오목교역·목동운동장,POI044,KEY_3,769.CBS방송국 앞,ST-1995,5,1,20,126.87467194,37.52785492
2026-06-26T01:57:24.205462+09:00,오목교역·목동운동장,오목교역·목동운동장,POI044,KEY_3,4532. 목동현대아파트 후문 앞,ST-2879,140,14,10,126.87805939,37.5221405
2026-06-26T01:57:24.205462+09:00,오목교역·목동운동장,오목교역·목동운동장,POI044,KEY_3,4543. 오목교역 6번 출구,ST-3163,0,0,9,126.87567139,37.5236702
2026-06-26T01:57:24.205462+09:00,오목교역·목동운동장,오목교역·목동운동장,POI044,KEY_3,4514. 목동성당 앞,ST-2764,250,50,20,126.86930084,37.52319717
2026-06-26T01:57:24.205462+09:00,오목교역·목동운동장,오목교역·목동운동장,POI044,KEY_3,4546. 목동운동장 주경기장,ST-3227,77,23,30,126.88307953,37.52937698
2026-06-26T01:57:24.205462+09:00,왕십리역,왕십리역,POI045,KEY_4,525. 한양대병원사거리,ST-241,20,4,20,127.04035187,37.55805206
2026-06-26T01:57:24.205462+09:00,왕십리역,왕십리역,POI045,KEY_4,558. 성동광진 교육지원청 앞,ST-359,30,6,20,127.03652191,37.56460571
2026-06-26T01:57:24.205462+09:00,왕십리역,왕십리역,POI045,KEY_4,559. 왕십리역 4번 출구 건너편,ST-360,0,0,13,127.03679657,37.56109619
2026-06-26T01:57:24.205462+09:00,왕십리역,왕십리역,POI045,KEY_4,3561.행당동 삼부APT후문,ST-2343,70,7,10,127.03839874,37.55926895
2026-06-26T01:57:24.205462+09:00,왕십리역,왕십리역,POI045,KEY_4,3545.한양대역 1번출구,ST-2327,0,0,10,127.04335785,37.55657959
2026-06-26T01:57:24.205462+09:00,용산역,용산역,POI046,KEY_1,806. 전자랜드 본관 앞,ST-327,10,2,20,126.96073151,37.5330658
2026-06-26T01:57:24.205462+09:00,용산역,용산역,POI046,KEY_1,845. 용산 선인상가,ST-1615,81,13,16,126.96437836,37.53269958
2026-06-26T01:57:24.205462+09:00,용산역,용산역,POI046,KEY_1,4617. 동원베네스트 건너편,ST-2448,50,3,6,126.95511627,37.52761078
2026-06-26T01:57:24.205462+09:00,용산역,용산역,POI046,KEY_1,853.용산역 맞은편,ST-2177,5,1,19,126.96595001,37.52841568
2026-06-26T01:57:24.205462+09:00,용산역,용산역,POI046,KEY_1,4616. 신용산지하차도 앞,ST-2447,13,2,15,126.96411896,37.53248215
2026-06-26T01:57:24.205462+09:00,잠실새내역,잠실새내역,POI118,KEY_3,1222. 잠실새내역 5번 출구 뒤,ST-547,61,14,23,127.08505249,37.51198196
2026-06-26T01:57:24.205462+09:00,잠실새내역,잠실새내역,POI118,KEY_3,1224. 아시아지하보도 2번 출구,ST-548,127,19,15,127.07893372,37.51216888
2026-06-26T01:57:24.205462+09:00,잠실새내역,잠실새내역,POI118,KEY_3,2635.잠실새내역 1번출구,ST-1862,10,2,21,127.08673859,37.51129532
2026-06-26T01:57:24.205462+09:00,잠실새내역,잠실새내역,POI118,KEY_3,2637. 아시아지하보도 14번 출구,ST-1864,33,5,15,127.07881165,37.51146317
2026-06-26T01:57:24.205462+09:00,잠실역,잠실역,POI119,KEY_4,1210. 롯데월드타워(잠실역2번출구 쪽),ST-891,3,1,30,127.10095978,37.51312637
2026-06-26T01:57:24.205462+09:00,잠실역,잠실역,POI119,KEY_4,1231. 잠실역 6번출구,ST-840,0,0,13,127.09902954,37.51408768
2026-06-26T01:57:24.205462+09:00,잠실역,잠실역,POI119,KEY_4,1232. 잠실주공 521동 건너편,ST-550,10,1,10,127.09568787,37.51184082
2026-06-26T01:57:24.205462+09:00,잠실역,잠실역,POI119,KEY_4,2647.잠실 자전거 수리센터 앞,ST-1868,14,1,7,127.10114288,37.51100922
2026-06-26T01:57:24.205462+09:00,장지역,장지역,POI048,KEY_1,1244. 문정 법조단지8,ST-904,0,0,11,127.12212372,37.48153687
2026-06-26T01:57:24.205462+09:00,장지역,장지역,POI048,KEY_1,1246. 문정 법조단지10,ST-906,3,1,30,127.12632751,37.47750854
2026-06-26T01:57:24.205462+09:00,장지역,장지역,POI048,KEY_1,1247. 문정 법조단지11,ST-907,0,0,15,127.12351227,37.4788208
2026-06-26T01:57:24.205462+09:00,장지역,장지역,POI048,KEY_1,1245. 문정 법조단지9,ST-905,10,1,10,127.12532806,37.47946548
2026-06-26T01:57:24.205462+09:00,장지역,장지역,POI048,KEY_1,4491. 장지역 1번출구,ST-2599,20,2,10,127.12678528,37.47953415
2026-06-26T01:57:24.205462+09:00,장지역,장지역,POI048,KEY_1,4885. 가든파이브 리빙관,ST-2985,0,0,8,127.123703,37.47709656
2026-06-26T01:57:24.205462+09:00,장지역,장지역,POI048,KEY_1,1266. 문정동 글샘 공원,ST-1085,80,8,10,127.12000275,37.47880936
2026-06-26T01:57:24.205462+09:00,장한평역,장한평역,POI049,KEY_2,529. 장한평역 8번 출구 앞,ST-243,313,25,8,127.06365967,37.56137085
2026-06-26T01:57:24.205462+09:00,장한평역,장한평역,POI049,KEY_2,626. 군자교 서측 녹지대,ST-394,165,28,17,127.07096863,37.56115341
2026-06-26T01:57:24.205462+09:00,장한평역,장한평역,POI049,KEY_2,4105. 서울교통공사사거리 교통섬,ST-2499,10,1,10,127.05799103,37.56324005
2026-06-26T01:57:24.205462+09:00,장한평역,장한평역,POI049,KEY_2,4385. 용답동 우체국 주변,ST-3099,280,14,5,127.06151581,37.56168747
2026-06-26T01:57:24.205462+09:00,천호역,천호역,POI050,KEY_3,1264. 천호역 10번 출구 앞,ST-1083,0,0,8,127.12280273,37.53858185
2026-06-26T01:57:24.205462+09:00,천호역,천호역,POI050,KEY_3,1009. 천호역4번출구(현대백화점),ST-493,20,4,20,127.12424469,37.53866577
2026-06-26T01:57:24.205462+09:00,천호역,천호역,POI050,KEY_3,3657. 서울천호동우체국,ST-2732,250,25,10,127.12576294,37.54074097
2026-06-26T01:57:24.205462+09:00,총신대입구(이수)역,총신대입구(이수)역,POI051,KEY_4,2032. 이수역 11번출구쪽,ST-923,180,18,10,126.98162079,37.48550797
2026-06-26T01:57:24.205462+09:00,총신대입구(이수)역,총신대입구(이수)역,POI051,KEY_4,2091. 이수역9번출구,ST-2364,220,33,15,126.98059082,37.48470306
2026-06-26T01:57:24.205462+09:00,총신대입구(이수)역,총신대입구(이수)역,POI051,KEY_4,2264. 이수역 1번출구,ST-935,144,13,9,126.98271942,37.48897171
2026-06-26T01:57:24.205462+09:00,총신대입구(이수)역,총신대입구(이수)역,POI051,KEY_4,2082.7호선 이수역7번출구,ST-2355,270,27,10,126.98179626,37.4846077
2026-06-26T01:57:24.205462+09:00,총신대입구(이수)역,총신대입구(이수)역,POI051,KEY_4,2511. 이수역 6번출구 앞,ST-1739,120,12,10,126.98234558,37.48398972
2026-06-26T01:57:24.205462+09:00,충정로역,충정로역,POI052,KEY_1,3134.SK리쳄블(서울아리수본부),ST-2219,30,3,10,126.96658325,37.56131744
2026-06-26T01:57:24.205462+09:00,충정로역,충정로역,POI052,KEY_1,3114.충정로역 3번 출구,ST-2198,43,3,7,126.96552277,37.56046295
2026-06-26T01:57:24.205462+09:00,충정로역,충정로역,POI052,KEY_1,4801. 충정로역 2호선(엘리베이터 앞),ST-3053,40,2,5,126.96414185,37.55937576
2026-06-26T01:57:24.205462+09:00,충정로역,충정로역,POI052,KEY_1,4752. 삼성사이버빌리지아파트,ST-2624,29,2,7,126.96485901,37.55891418
2026-06-26T01:57:24.205462+09:00,충정로역,충정로역,POI052,KEY_1,4266.국민연금공단충정로사옥,ST-3027,0,0,9,126.96414948,37.56184769
2026-06-26T01:57:24.205462+09:00,충정로역,충정로역,POI052,KEY_1,4271. 충정로역 1번 출구,ST-3107,43,3,7,126.96305847,37.55942535
2026-06-26T01:57:24.205462+09:00,충정로역,충정로역,POI052,KEY_1,180. 충정로역 7번출구 아래,ST-233,70,7,10,126.96246338,37.55996704
2026-06-26T01:57:24.205462+09:00,합정역,합정역,POI053,KEY_2,497.합정동주민센터 앞,ST-2156,20,5,25,126.91230011,37.551754
2026-06-26T01:57:24.205462+09:00,합정역,합정역,POI053,KEY_2,105. 합정역 5번출구 앞,ST-7,0,0,5,126.91482544,37.55000687
2026-06-26T01:57:24.205462+09:00,합정역,합정역,POI053,KEY_2,106. 합정역 7번출구 앞,ST-8,0,0,12,126.91282654,37.54864502
2026-06-26T01:57:24.205462+09:00,합정역,합정역,POI053,KEY_2,4211. 시석빌딩 앞,ST-2534,13,1,8,126.91671753,37.54836655
2026-06-26T01:57:24.205462+09:00,혜화역,혜화역,POI054,KEY_3,341. 혜화역 3번출구 뒤,ST-157,0,0,8,127.00178528,37.58156967
2026-06-26T01:57:24.205462+09:00,혜화역,혜화역,POI054,KEY_3,342. 대학로 마로니에공원,ST-158,41,9,22,127.00234222,37.58044434
2026-06-26T01:57:24.205462+09:00,혜화역,혜화역,POI054,KEY_3,358. 성균관대입구 사거리 A,ST-173,8,1,13,126.99853516,37.58250046
2026-06-26T01:57:24.205462+09:00,혜화역,혜화역,POI054,KEY_3,3419.국립어린이과학관,ST-1816,29,4,14,126.99736786,37.58194733
2026-06-26T01:57:24.205462+09:00,혜화역,혜화역,POI054,KEY_3,3420. 성균관대입구 사거리 B,ST-1817,10,1,10,126.99885559,37.58327484
2026-06-26T01:57:24.205462+09:00,혜화역,혜화역,POI054,KEY_3,3421.혜화역 1번출구,ST-1818,10,1,10,127.00185394,37.58385468
2026-06-26T01:57:24.205462+09:00,홍대입구역(2호선),홍대입구역(2호선),POI055,KEY_4,113. 홍대입구역 2번출구 앞,ST-18,0,0,28,126.9238205,37.5574379
2026-06-26T01:57:24.205462+09:00,홍대입구역(2호선),홍대입구역(2호선),POI055,KEY_4,114. 홍대입구역 8번출구 앞,ST-20,20,3,15,126.92442322,37.55706024
2026-06-26T01:57:24.205462+09:00,회기역,회기역,POI056,KEY_1,680.꿈마루어린이도서관 앞,ST-2280,155,34,22,127.05741119,37.59238434
2026-06-26T01:57:24.205462+09:00,회기역,회기역,POI056,KEY_1,670.삼육서울병원 버스정류장,ST-2270,256,23,9,127.06151581,37.5896759
2026-06-26T02:55:15.898981+09:00,광화문·덕수궁,광화문·덕수궁,POI009,KEY_2,303. 광화문역 1번출구 앞,ST-119,13,1,8,126.97466278,37.57176971
2026-06-26T02:55:15.898981+09:00,광화문·덕수궁,광화문·덕수궁,POI009,KEY_2,391. 시립미술관,ST-977,75,6,8,126.97340393,37.56505203
2026-06-26T02:55:15.898981+09:00,광화문·덕수궁,광화문·덕수궁,POI009,KEY_2,458. 광화문역 5번출구,ST-1611,10,2,21,126.97756958,37.56989288
2026-06-26T02:55:15.898981+09:00,광화문·덕수궁,광화문·덕수궁,POI009,KEY_2,310. 청계광장 옆,ST-126,0,0,8,126.9774704,37.56887817
2026-06-26T02:55:15.898981+09:00,광화문·덕수궁,광화문·덕수궁,POI009,KEY_2,305. 종로구청 옆,ST-121,19,3,16,126.97833252,37.57255936
2026-06-26T02:55:15.898981+09:00,광화문·덕수궁,광화문·덕수궁,POI009,KEY_2,309. 광화문역 6번출구 옆 B,ST-125,8,1,13,126.97615814,37.56996155
2026-06-26T02:55:15.898981+09:00,광화문·덕수궁,광화문·덕수궁,POI009,KEY_2,4796. 서울시청,ST-2693,15,3,20,126.97925568,37.5664711
2026-06-26T02:55:15.898981+09:00,광화문·덕수궁,광화문·덕수궁,POI009,KEY_2,4719. 종로문화원 건너편,ST-3090,33,5,15,126.9805069,37.57571411
2026-06-26T02:55:15.898981+09:00,광화문·덕수궁,광화문·덕수궁,POI009,KEY_2,4718. 광화문역 6번출구 옆 A,ST-3075,10,1,10,126.9764328,37.56993103
2026-06-26T02:55:15.898981+09:00,광화문·덕수궁,광화문·덕수궁,POI009,KEY_2,6058. 시청역 2번출구,ST-3297,80,12,15,126.97702026,37.56557846
2026-06-26T02:55:15.898981+09:00,보신각,보신각,POI010,KEY_3,316. 종각역 1번출구 앞,ST-132,13,1,8,126.98178864,37.57039642
2026-06-26T02:55:15.898981+09:00,보신각,보신각,POI010,KEY_3,385. 종각역 5번출구,ST-336,0,0,10,126.98265839,37.56983566
2026-06-26T02:55:15.898981+09:00,보신각,보신각,POI010,KEY_3,3408.종로타워빌딩,ST-1805,0,0,13,126.98323822,37.57070541
2026-06-26T02:55:15.898981+09:00,보신각,보신각,POI010,KEY_3,4708. 조계사앞사거리,ST-2472,33,2,6,126.98283386,37.5721817
2026-06-26T02:55:15.898981+09:00,서울 암사동 유적,서울 암사동 유적,POI011,KEY_4,1007.암사동 선사유적지,ST-491,229,32,14,127.13087463,37.55955887
2026-06-26T02:55:15.898981+09:00,서울 암사동 유적,서울 암사동 유적,POI011,KEY_4,3539. 서원마을,ST-1686,70,7,10,127.13283539,37.56379318
2026-06-26T02:55:15.898981+09:00,창덕궁·종묘,창덕궁·종묘,POI012,KEY_1,339. 종로4가 사거리,ST-155,10,1,10,126.99819183,37.57106781
2026-06-26T02:55:15.898981+09:00,창덕궁·종묘,창덕궁·종묘,POI012,KEY_1,337. 창경궁 입구,ST-153,40,2,5,126.99647522,37.57897949
2026-06-26T02:55:15.898981+09:00,창덕궁·종묘,창덕궁·종묘,POI012,KEY_1,338. 세운스퀘어 앞,ST-154,0,0,18,126.99712372,37.57095718
2026-06-26T02:55:15.898981+09:00,창덕궁·종묘,창덕궁·종묘,POI012,KEY_1,359. 원남동사거리,ST-174,88,7,8,126.99768066,37.57606125
2026-06-26T02:55:15.898981+09:00,창덕궁·종묘,창덕궁·종묘,POI012,KEY_1,3410.종로3가역 8번출구,ST-1807,60,6,10,126.99188995,37.5724678
2026-06-26T02:55:15.898981+09:00,창덕궁·종묘,창덕궁·종묘,POI012,KEY_1,3413.종로플레이스,ST-1810,32,7,22,126.99796295,37.57320023
2026-06-26T02:55:15.898981+09:00,창덕궁·종묘,창덕궁·종묘,POI012,KEY_1,3411.종묘,ST-1808,33,3,9,126.99437714,37.57072067
2026-06-26T02:55:15.898981+09:00,동대문 관광특구,동대문 관광특구,POI002,KEY_3,383. 신당역 12번 출구 뒤,ST-198,4,1,24,127.01642609,37.56591797
2026-06-26T02:55:15.898981+09:00,동대문 관광특구,동대문 관광특구,POI002,KEY_3,346. 맥스타일 앞,ST-162,60,6,10,127.01014709,37.5689621
2026-06-26T02:55:15.898981+09:00,동대문 관광특구,동대문 관광특구,POI002,KEY_3,475.DDP 패션몰,ST-1781,38,8,21,127.0118103,37.56764984
2026-06-26T02:55:15.898981+09:00,동대문 관광특구,동대문 관광특구,POI002,KEY_3,347. 동대문역사문화공원역 9번출구 앞,ST-163,44,8,18,127.00784302,37.56533051
2026-06-26T02:55:15.898981+09:00,동대문 관광특구,동대문 관광특구,POI002,KEY_3,474.동대문역사문화공원역 1번출구 뒤편,ST-1780,53,21,40,127.00849152,37.56629944
2026-06-26T02:55:15.898981+09:00,동대문 관광특구,동대문 관광특구,POI002,KEY_3,6061.충무아트센터,ST-3381,90,9,10,127.01522064,37.56538773
2026-06-26T02:55:15.898981+09:00,동대문 관광특구,동대문 관광특구,POI002,KEY_3,4765. 동대문디자인플라자,ST-2431,0,0,20,127.00946045,37.5683136
2026-06-26T02:55:15.898981+09:00,명동 관광특구,명동 관광특구,POI003,KEY_4,310. 청계광장 옆,ST-126,0,0,8,126.9774704,37.56887817
2026-06-26T02:55:15.898981+09:00,명동 관광특구,명동 관광특구,POI003,KEY_4,321. KEB 하나금융그룹 명동사옥 옆,ST-137,0,0,15,126.98413849,37.56546402
2026-06-26T02:55:15.898981+09:00,명동 관광특구,명동 관광특구,POI003,KEY_4,433. 을지로입구역 2번출구,ST-1668,0,0,12,126.98229218,37.56634521
2026-06-26T02:55:15.898981+09:00,명동 관광특구,명동 관광특구,POI003,KEY_4,322. 명동성당 앞,ST-138,0,0,10,126.98696899,37.56447601
2026-06-26T02:55:15.898981+09:00,명동 관광특구,명동 관광특구,POI003,KEY_4,318. 광교사거리 남측,ST-134,0,0,10,126.98231506,37.56863403
2026-06-26T02:55:15.898981+09:00,명동 관광특구,명동 관광특구,POI003,KEY_4,320. 을지로입구역 4번출구 앞,ST-136,0,0,17,126.98358917,37.56622314
2026-06-26T02:55:15.898981+09:00,명동 관광특구,명동 관광특구,POI003,KEY_4,466.롯데호텔,ST-1772,69,9,13,126.97981262,37.56584167
2026-06-26T02:55:15.898981+09:00,명동 관광특구,명동 관광특구,POI003,KEY_4,331. 을지로2가 사거리 북측,ST-147,10,1,10,126.98720551,37.56638336
2026-06-26T02:55:15.898981+09:00,명동 관광특구,명동 관광특구,POI003,KEY_4,324. 신세계백화점 본점 앞,ST-140,38,3,8,126.9805069,37.56134415
2026-06-26T02:55:15.898981+09:00,명동 관광특구,명동 관광특구,POI003,KEY_4,398. 을지로3가역 3번출구,ST-1435,75,6,8,126.99249268,37.56660461
2026-06-26T02:55:15.898981+09:00,명동 관광특구,명동 관광특구,POI003,KEY_4,3013.서울지방고용노동청 앞,ST-2422,0,0,7,126.98725891,37.56760406
2026-06-26T02:55:15.898981+09:00,명동 관광특구,명동 관광특구,POI003,KEY_4,4791. 명동역9번 출구,ST-2527,20,2,10,126.98749542,37.56122589
2026-06-26T02:55:15.898981+09:00,명동 관광특구,명동 관광특구,POI003,KEY_4,4796. 서울시청,ST-2693,15,3,20,126.97925568,37.5664711
2026-06-26T02:55:15.898981+09:00,명동 관광특구,명동 관광특구,POI003,KEY_4,4776. 신세계면세점,ST-2522,30,3,10,126.98139191,37.56027603
2026-06-26T02:55:15.898981+09:00,명동 관광특구,명동 관광특구,POI003,KEY_4,4775. 을지로지하쇼핑센터,ST-2521,0,0,10,126.98445129,37.56589127
2026-06-26T02:55:15.898981+09:00,명동 관광특구,명동 관광특구,POI003,KEY_4,4762. 국제빌딩,ST-2517,0,0,10,126.98244476,37.56694794
2026-06-26T02:55:15.898981+09:00,명동 관광특구,명동 관광특구,POI003,KEY_4,4774. 을지로입구역 8번출구,ST-2520,0,0,9,126.98178101,37.56590271
2026-06-26T02:55:15.898981+09:00,명동 관광특구,명동 관광특구,POI003,KEY_4,6058. 시청역 2번출구,ST-3297,80,12,15,126.97702026,37.56557846
2026-06-26T02:55:15.898981+09:00,이태원 관광특구,이태원 관광특구,POI004,KEY_1,854.HID 유족동지회 앞,ST-2178,0,0,10,127.0014801,37.53850937
2026-06-26T02:55:15.898981+09:00,이태원 관광특구,이태원 관광특구,POI004,KEY_1,857. 현대 안성타워,ST-2181,0,0,10,126.99797058,37.53508759
2026-06-26T02:55:15.898981+09:00,이태원 관광특구,이태원 관광특구,POI004,KEY_1,843. 이태원관광특구 입구(용산구청방향),ST-1445,0,0,19,126.98867035,37.53379822
2026-06-26T02:55:15.898981+09:00,이태원 관광특구,이태원 관광특구,POI004,KEY_1,4623. 라인프랜즈이태원점 앞,ST-2453,0,0,10,126.99619293,37.53453064
2026-06-26T02:55:15.898981+09:00,이태원 관광특구,이태원 관광특구,POI004,KEY_1,4613. 서울갤러리아 앞,ST-2445,0,0,5,126.99937439,37.53597641
2026-06-26T02:55:15.898981+09:00,이태원 관광특구,이태원 관광특구,POI004,KEY_1,4634. 이태원역 3번 출구,ST-3056,0,0,5,126.99497223,37.5343895
2026-06-26T02:55:15.898981+09:00,이태원 관광특구,이태원 관광특구,POI004,KEY_1,4612. 이태원로 255,ST-2444,20,1,5,127.00084686,37.53749847
2026-06-26T02:55:15.898981+09:00,잠실 관광특구,잠실 관광특구,POI005,KEY_2,1210. 롯데월드타워(잠실역2번출구 쪽),ST-891,3,1,30,127.10095978,37.51312637
2026-06-26T02:55:15.898981+09:00,잠실 관광특구,잠실 관광특구,POI005,KEY_2,1267. 올림픽공원 남2문 앞,ST-1086,14,2,14,127.12306976,37.51424026
2026-06-26T02:55:15.898981+09:00,잠실 관광특구,잠실 관광특구,POI005,KEY_2,1297. 석촌호수교차로(동호 팔각정 앞),ST-1586,7,1,15,127.10411835,37.50920105
2026-06-26T02:55:15.898981+09:00,잠실 관광특구,잠실 관광특구,POI005,KEY_2,1296. 석촌호수교차로 (송파나루근린공원 앞),ST-1585,0,0,10,127.1034317,37.50867844
2026-06-26T02:55:15.898981+09:00,잠실 관광특구,잠실 관광특구,POI005,KEY_2,1233. 잠실3거리(갤러리아팰리스),ST-551,44,4,9,127.09336853,37.51050949
2026-06-26T02:55:15.898981+09:00,잠실 관광특구,잠실 관광특구,POI005,KEY_2,1268. 몽촌토성역 1번출구 옆,ST-1087,47,7,15,127.11419678,37.51728821
2026-06-26T02:55:15.898981+09:00,잠실 관광특구,잠실 관광특구,POI005,KEY_2,1232. 잠실주공 521동 건너편,ST-550,20,2,10,127.09568787,37.51184082
2026-06-26T02:55:15.898981+09:00,잠실 관광특구,잠실 관광특구,POI005,KEY_2,2608. 송파구청,ST-1681,0,0,10,127.10611725,37.51499176
2026-06-26T02:55:15.898981+09:00,잠실 관광특구,잠실 관광특구,POI005,KEY_2,2601. 석촌호수 아뜰리에,ST-1590,75,12,16,127.09883118,37.5067482
2026-06-26T02:55:15.898981+09:00,잠실 관광특구,잠실 관광특구,POI005,KEY_2,2621. 한성백제역 2번 출구,ST-1719,33,5,15,127.11625671,37.51665878
2026-06-26T02:55:15.898981+09:00,잠실 관광특구,잠실 관광특구,POI005,KEY_2,2622. 올림픽공원역 3번출구,ST-1720,0,0,20,127.13059235,37.51625824
2026-06-26T02:55:15.898981+09:00,잠실 관광특구,잠실 관광특구,POI005,KEY_2,2647.잠실 자전거 수리센터 앞,ST-1868,14,1,7,127.10114288,37.51100922
2026-06-26T02:55:15.898981+09:00,잠실 관광특구,잠실 관광특구,POI005,KEY_2,4868. 석촌호수 서호 남단,ST-2833,120,12,10,127.10124207,37.50717163
2026-06-26T02:55:15.898981+09:00,잠실 관광특구,잠실 관광특구,POI005,KEY_2,5751. 송파여성축구장,ST-3069,0,0,10,127.11743927,37.52471542
2026-06-26T02:55:15.898981+09:00,잠실 관광특구,잠실 관광특구,POI005,KEY_2,4865. 한성백제역 1번출구 뒤,ST-2797,380,19,5,127.1149826,37.51647949
2026-06-26T02:55:15.898981+09:00,잠실 관광특구,잠실 관광특구,POI005,KEY_2,5781. 올림픽공원 수영장,ST-3300,179,25,14,127.12688446,37.52157211
2026-06-26T02:55:15.898981+09:00,잠실 관광특구,잠실 관광특구,POI005,KEY_2,4870. 몽촌토성역 3번 출구,ST-2876,230,23,10,127.11232758,37.5170784
2026-06-26T02:55:15.898981+09:00,잠실 관광특구,잠실 관광특구,POI005,KEY_2,4857. 올림픽공원 장미광장,ST-2621,0,0,15,127.126297,37.51275635
2026-06-26T02:55:15.898981+09:00,잠실 관광특구,잠실 관광특구,POI005,KEY_2,4862. 성내교 남단,ST-2756,80,8,10,127.11588287,37.52301788
2026-06-26T02:55:15.898981+09:00,잠실 관광특구,잠실 관광특구,POI005,KEY_2,5768.방이삼거리,ST-3214,67,8,12,127.10822296,37.51237488
2026-06-26T02:55:15.898981+09:00,잠실 관광특구,잠실 관광특구,POI005,KEY_2,4481. 올림픽공원 북2문 B,ST-2592,100,25,25,127.12751007,37.52397537
2026-06-26T02:55:15.898981+09:00,잠실 관광특구,잠실 관광특구,POI005,KEY_2,4464. 올림픽공원 북2문 A,ST-2580,67,10,15,127.12804413,37.52357483
2026-06-26T02:55:15.898981+09:00,잠실 관광특구,잠실 관광특구,POI005,KEY_2,4856. 올림픽공원 서1문 앞,ST-2608,60,6,10,127.11457062,37.5202179
2026-06-26T02:55:15.898981+09:00,종로·청계 관광특구,종로·청계 관광특구,POI006,KEY_3,455. 종로6가역 버스정류장(동대문 방향),ST-1608,50,4,8,127.00605774,37.570961
2026-06-26T02:55:15.898981+09:00,종로·청계 관광특구,종로·청계 관광특구,POI006,KEY_3,397. 종묘공영주차장 건너편,ST-1432,23,3,13,126.99663544,37.57048035
2026-06-26T02:55:15.898981+09:00,종로·청계 관광특구,종로·청계 관광특구,POI006,KEY_3,458. 광화문역 5번출구,ST-1611,10,2,21,126.97756958,37.56989288
2026-06-26T02:55:15.898981+09:00,종로·청계 관광특구,종로·청계 관광특구,POI006,KEY_3,368. SK 서린빌딩 앞,ST-181,0,0,15,126.98053741,37.5692482
2026-06-26T02:55:15.898981+09:00,종로·청계 관광특구,종로·청계 관광특구,POI006,KEY_3,385. 종각역 5번출구,ST-336,0,0,10,126.98265839,37.56983566
2026-06-26T02:55:15.898981+09:00,종로·청계 관광특구,종로·청계 관광특구,POI006,KEY_3,329. 청계2가 사거리 옆,ST-145,0,0,8,126.98788452,37.56848526
2026-06-26T02:55:15.898981+09:00,종로·청계 관광특구,종로·청계 관광특구,POI006,KEY_3,335. 종로3가역 15번출구 뒤,ST-151,100,10,10,126.99165344,37.57019424
2026-06-26T02:55:15.898981+09:00,종로·청계 관광특구,종로·청계 관광특구,POI006,KEY_3,393. 동대문역 8번 출구,ST-1372,17,2,12,127.00937653,37.57014084
2026-06-26T02:55:15.898981+09:00,종로·청계 관광특구,종로·청계 관광특구,POI006,KEY_3,3412.세운상가,ST-1809,7,1,15,126.99454498,37.5703125
2026-06-26T02:55:15.898981+09:00,종로·청계 관광특구,종로·청계 관광특구,POI006,KEY_3,3415.동대문역6번출구,ST-1812,107,16,15,127.0107193,37.57147217
2026-06-26T02:55:15.898981+09:00,종로·청계 관광특구,종로·청계 관광특구,POI006,KEY_3,3432.종로2가 사거리,ST-1829,50,7,14,126.98880768,37.57001877
2026-06-26T02:55:15.898981+09:00,종로·청계 관광특구,종로·청계 관광특구,POI006,KEY_3,4707. 청계3가 사거리,ST-2513,40,2,5,126.99211884,37.56855774
2026-06-26T02:55:15.898981+09:00,홍대 관광특구,홍대 관광특구,POI007,KEY_4,113. 홍대입구역 2번출구 앞,ST-18,4,1,28,126.9238205,37.5574379
2026-06-26T02:55:15.898981+09:00,홍대 관광특구,홍대 관광특구,POI007,KEY_4,493.홍대입구역 6번출구,ST-2152,0,0,7,126.9288559,37.55657578
2026-06-26T02:55:15.898981+09:00,홍대 관광특구,홍대 관광특구,POI007,KEY_4,114. 홍대입구역 8번출구 앞,ST-20,13,2,15,126.92442322,37.55706024
2026-06-26T02:55:15.898981+09:00,홍대 관광특구,홍대 관광특구,POI007,KEY_4,104. 합정역 1번출구 앞,ST-6,8,1,13,126.91508484,37.55073929
2026-06-26T02:55:15.898981+09:00,홍대 관광특구,홍대 관광특구,POI007,KEY_4,108. 서교동 사거리,ST-10,0,0,12,126.91861725,37.55274582
2026-06-26T02:55:15.898981+09:00,홍대 관광특구,홍대 관광특구,POI007,KEY_4,3010.홍대입구역 3번출구,ST-2168,7,1,15,126.92538452,37.5582962
2026-06-26T02:55:15.898981+09:00,홍대 관광특구,홍대 관광특구,POI007,KEY_4,3009. 홍대입구역 사거리,ST-2167,15,3,20,126.92023468,37.55450058
2026-06-26T02:55:15.898981+09:00,홍대 관광특구,홍대 관광특구,POI007,KEY_4,4211. 시석빌딩 앞,ST-2534,0,0,8,126.91671753,37.54836655
2026-06-26T02:55:15.898981+09:00,홍대 관광특구,홍대 관광특구,POI007,KEY_4,4208. 스타벅스(동교동) 앞,ST-2532,30,3,10,126.91986847,37.5566597
2026-06-26T02:55:15.898981+09:00,국립중앙박물관·용산가족공원,국립중앙박물관·용산가족공원,POI089,KEY_1,863.이촌역2번 출구,ST-2187,140,14,10,126.977005,37.52177048
2026-06-26T02:55:15.898981+09:00,국립중앙박물관·용산가족공원,국립중앙박물관·용산가족공원,POI089,KEY_1,855.이촌역5번출구 앞,ST-2179,40,4,10,126.97277069,37.52272415
2026-06-26T02:55:15.898981+09:00,남산공원,남산공원,POI091,KEY_3,859.남산공원 야외식물원 앞,ST-2183,0,0,10,126.99586487,37.54188538
2026-06-26T02:55:15.898981+09:00,남산공원,남산공원,POI091,KEY_3,371. 동대입구역 6번출구 뒤,ST-186,20,2,10,127.00553894,37.55887222
2026-06-26T02:55:15.898981+09:00,남산공원,남산공원,POI091,KEY_3,381. 장충체육관,ST-196,40,4,10,127.00698853,37.55853271
2026-06-26T02:55:15.898981+09:00,남산공원,남산공원,POI091,KEY_3,4621. 남산도서관 앞,ST-3054,0,0,12,126.98201752,37.55240631
2026-06-26T02:55:15.898981+09:00,노들섬,노들섬,POI092,KEY_4,869.노들섬 동측 앞,ST-2239,0,0,10,126.95914459,37.51729584
2026-06-26T02:55:15.898981+09:00,노들섬,노들섬,POI092,KEY_4,870.노들섬 서측 앞,ST-2240,10,1,10,126.95829773,37.51731873
2026-06-26T02:55:15.898981+09:00,망원한강공원,망원한강공원,POI094,KEY_2,105. 합정역 5번출구 앞,ST-7,0,0,5,126.91482544,37.55000687
2026-06-26T02:55:15.898981+09:00,망원한강공원,망원한강공원,POI094,KEY_2,4217. 한강공원 망원나들목,ST-2905,140,28,20,126.89688873,37.55557632
2026-06-26T02:55:15.898981+09:00,망원한강공원,망원한강공원,POI094,KEY_2,5515.한강버스 망원 선착장,ST-3388,23,7,30,126.89590454,37.55466461
2026-06-26T02:55:15.898981+09:00,보라매공원,보라매공원,POI123,KEY_4,4181. 보라매공원역 2번출구,ST-3117,0,0,6,126.91781616,37.49582291
2026-06-26T02:55:15.898981+09:00,보라매공원,보라매공원,POI123,KEY_4,4179. 보라매병원역 1번출구,ST-3105,5,1,20,126.92362976,37.49304199
2026-06-26T02:55:15.898981+09:00,북서울꿈의숲,북서울꿈의숲,POI096,KEY_1,1548. 북서울 꿈의숲 서문,ST-1725,100,15,15,127.03781128,37.62268829
2026-06-26T02:55:15.898981+09:00,북서울꿈의숲,북서울꿈의숲,POI096,KEY_1,1571.북서울 꿈의 숲 입구,ST-2401,40,4,10,127.03864288,37.62657166
2026-06-26T02:55:15.898981+09:00,북서울꿈의숲,북서울꿈의숲,POI096,KEY_1,3718. 번동3단지 버스정류장,ST-2610,155,17,11,127.04390717,37.628685
2026-06-26T02:55:15.898981+09:00,서대문독립공원,서대문독립공원,POI124,KEY_2,367. 독립문역 3-1번출구,ST-180,238,31,13,126.95851898,37.57415771
2026-06-26T02:55:15.898981+09:00,서대문독립공원,서대문독립공원,POI124,KEY_2,3426.독립문역 2번출구 뒤,ST-1823,220,22,10,126.95755005,37.57501602
2026-06-26T02:55:15.898981+09:00,서대문독립공원,서대문독립공원,POI124,KEY_2,3113. 독립문 앞,ST-2199,67,10,15,126.95974731,37.57220459
2026-06-26T02:55:15.898981+09:00,서대문독립공원,서대문독립공원,POI124,KEY_2,3427.인왕산 아이파크 정문,ST-1824,200,16,8,126.95584869,37.57666779
2026-06-26T02:55:15.898981+09:00,서리풀공원·몽마르뜨공원,서리풀공원·몽마르뜨공원,POI098,KEY_3,4316. 고속터미널역 3번출구,ST-2667,16,4,25,127.0059433,37.50365829
2026-06-26T02:55:15.898981+09:00,서리풀공원·몽마르뜨공원,서리풀공원·몽마르뜨공원,POI098,KEY_3,4312. 반포미도2차아파트 옆,ST-2663,10,1,10,127.00653076,37.50320435
2026-06-26T02:55:15.898981+09:00,서리풀공원·몽마르뜨공원,서리풀공원·몽마르뜨공원,POI098,KEY_3,4327. 몽마르뜨공원입구,ST-3009,0,0,11,127.0026474,37.4928894
2026-06-26T02:55:15.898981+09:00,서울숲공원,서울숲공원,POI101,KEY_1,510. 뚝도아리수정수센터 버스정류소 옆,ST-107,73,11,15,127.04380035,37.54122162
2026-06-26T02:55:15.898981+09:00,서울숲공원,서울숲공원,POI101,KEY_1,3552.서울숲 공영주차장앞,ST-2334,21,4,19,127.04277039,37.54195786
2026-06-26T02:55:15.898981+09:00,서울숲공원,서울숲공원,POI101,KEY_1,4401.뚝섬유수지 공영주차장,ST-3393,90,9,10,127.042099,37.55018234
2026-06-26T02:55:15.898981+09:00,송현녹지광장,송현녹지광장,POI129,KEY_2,354. 포르투갈 대사관 앞,ST-170,0,0,10,126.98896027,37.57915497
2026-06-26T02:55:15.898981+09:00,송현녹지광장,송현녹지광장,POI129,KEY_2,314. 국립현대미술관,ST-130,30,3,10,126.98085785,37.5797081
2026-06-26T02:55:15.898981+09:00,송현녹지광장,송현녹지광장,POI129,KEY_2,353. 재동초교 앞 삼거리,ST-169,125,10,8,126.9849472,37.57938766
2026-06-26T02:55:15.898981+09:00,송현녹지광장,송현녹지광장,POI129,KEY_2,3407.안국동사거리(신),ST-1804,0,0,18,126.98339081,37.57580566
2026-06-26T02:55:15.898981+09:00,송현녹지광장,송현녹지광장,POI129,KEY_2,4719. 종로문화원 건너편,ST-3090,33,5,15,126.9805069,37.57571411
2026-06-26T02:55:15.898981+09:00,송현녹지광장,송현녹지광장,POI129,KEY_2,4705. 웰니스센터(민방위교육장 앞),ST-2565,17,1,6,126.98912811,37.57752991
2026-06-26T02:55:15.898981+09:00,어린이대공원,어린이대공원,POI104,KEY_2,573. 구의문주차장 앞,ST-384,160,16,10,127.08473206,37.54523087
2026-06-26T02:55:15.898981+09:00,어린이대공원,어린이대공원,POI104,KEY_2,574. 아차산역4번출구,ST-385,123,27,22,127.08898163,37.55184937
2026-06-26T02:55:15.898981+09:00,어린이대공원,어린이대공원,POI104,KEY_2,500. 어린이대공원역 3번출구 앞,ST-97,20,1,5,127.07466888,37.54697037
2026-06-26T02:55:15.898981+09:00,어린이대공원,어린이대공원,POI104,KEY_2,3573.광나루안전체험관,ST-2312,27,4,15,127.07671356,37.5513382
2026-06-26T02:55:15.898981+09:00,어린이대공원,어린이대공원,POI104,KEY_2,3853. 어린이대공원역 2번출구,ST-2541,11,2,18,127.07470703,37.54764938
2026-06-26T02:55:15.898981+09:00,어린이대공원,어린이대공원,POI104,KEY_2,3507. 어린이회관,ST-1192,74,23,31,127.07800293,37.54595184
2026-06-26T02:55:15.898981+09:00,어린이대공원,어린이대공원,POI104,KEY_2,3529. 어린이대공원정문,ST-1603,53,8,15,127.07592773,37.54978943
2026-06-26T02:55:15.898981+09:00,어린이대공원,어린이대공원,POI104,KEY_2,3860. 건국대학교 정문 앞,ST-2542,60,6,10,127.07571411,37.5465126
2026-06-26T02:55:15.898981+09:00,여의도한강공원,여의도한강공원,POI105,KEY_3,260. 여의도 마리나선착장 앞,ST-414,27,4,15,126.91216278,37.53365707
2026-06-26T02:55:15.898981+09:00,여의도한강공원,여의도한강공원,POI105,KEY_3,249. 여의도중학교 옆,ST-297,6,1,16,126.93580627,37.52457809
2026-06-26T02:55:15.898981+09:00,여의도한강공원,여의도한강공원,POI105,KEY_3,5891.한강버스 여의도 선착장,ST-3402,263,79,30,126.93422699,37.52816391
2026-06-26T02:55:15.898981+09:00,여의도한강공원,여의도한강공원,POI105,KEY_3,5890.여의나루역 3번출구,ST-3401,9,1,11,126.93336487,37.52645493
2026-06-26T02:55:15.898981+09:00,여의서로,여의서로,POI126,KEY_4,298.KBS 연구동 건너편,ST-1970,0,0,25,126.91374207,37.52724838
2026-06-26T02:55:15.898981+09:00,여의서로,여의서로,POI126,KEY_4,297.국회3문,ST-1969,0,0,10,126.91267395,37.52863693
2026-06-26T02:55:15.898981+09:00,여의서로,여의서로,POI126,KEY_4,260. 여의도 마리나선착장 앞,ST-414,27,4,15,126.91216278,37.53365707
2026-06-26T02:55:15.898981+09:00,올림픽공원,올림픽공원,POI127,KEY_1,1267. 올림픽공원 남2문 앞,ST-1086,14,2,14,127.12306976,37.51424026
2026-06-26T02:55:15.898981+09:00,올림픽공원,올림픽공원,POI127,KEY_1,1268. 몽촌토성역 1번출구 옆,ST-1087,47,7,15,127.11419678,37.51728821
2026-06-26T02:55:15.898981+09:00,올림픽공원,올림픽공원,POI127,KEY_1,2621. 한성백제역 2번 출구,ST-1719,33,5,15,127.11625671,37.51665878
2026-06-26T02:55:15.898981+09:00,올림픽공원,올림픽공원,POI127,KEY_1,2622. 올림픽공원역 3번출구,ST-1720,0,0,20,127.13059235,37.51625824
2026-06-26T02:55:15.898981+09:00,올림픽공원,올림픽공원,POI127,KEY_1,5751. 송파여성축구장,ST-3069,0,0,10,127.11743927,37.52471542
2026-06-26T02:55:15.898981+09:00,올림픽공원,올림픽공원,POI127,KEY_1,4865. 한성백제역 1번출구 뒤,ST-2797,380,19,5,127.1149826,37.51647949
2026-06-26T02:55:15.898981+09:00,올림픽공원,올림픽공원,POI127,KEY_1,5781. 올림픽공원 수영장,ST-3300,179,25,14,127.12688446,37.52157211
2026-06-26T02:55:15.898981+09:00,올림픽공원,올림픽공원,POI127,KEY_1,4857. 올림픽공원 장미광장,ST-2621,0,0,15,127.126297,37.51275635
2026-06-26T02:55:15.898981+09:00,올림픽공원,올림픽공원,POI127,KEY_1,4862. 성내교 남단,ST-2756,80,8,10,127.11588287,37.52301788
2026-06-26T02:55:15.898981+09:00,올림픽공원,올림픽공원,POI127,KEY_1,4481. 올림픽공원 북2문 B,ST-2592,100,25,25,127.12751007,37.52397537
2026-06-26T02:55:15.898981+09:00,올림픽공원,올림픽공원,POI127,KEY_1,4464. 올림픽공원 북2문 A,ST-2580,67,10,15,127.12804413,37.52357483
2026-06-26T02:55:15.898981+09:00,올림픽공원,올림픽공원,POI127,KEY_1,4856. 올림픽공원 서1문 앞,ST-2608,60,6,10,127.11457062,37.5202179
2026-06-26T02:55:15.898981+09:00,월드컵공원,월드컵공원,POI106,KEY_2,413. 상암월드컵파크 3단지 후문,ST-92,120,12,10,126.88968658,37.57147598
2026-06-26T02:55:15.898981+09:00,월드컵공원,월드컵공원,POI106,KEY_2,199. 서울 월드컵 경기장,ST-443,20,6,30,126.89644623,37.56684494
2026-06-26T02:55:15.898981+09:00,월드컵공원,월드컵공원,POI106,KEY_2,419. 홈플러스 마포점 앞,ST-87,24,5,21,126.89942932,37.56842041
2026-06-26T02:55:15.898981+09:00,월드컵공원,월드컵공원,POI106,KEY_2,420. 서울시 공공자전거 상암센터,ST-85,89,33,37,126.8961792,37.56624603
2026-06-26T02:55:15.898981+09:00,월드컵공원,월드컵공원,POI106,KEY_2,418. 월드컵경기장역 3번출구 옆,ST-89,20,4,20,126.8992691,37.57277679
2026-06-26T02:55:15.898981+09:00,월드컵공원,월드컵공원,POI106,KEY_2,186. 월드컵공원,ST-344,60,24,40,126.89820862,37.56396484
2026-06-26T02:55:15.898981+09:00,월드컵공원,월드컵공원,POI106,KEY_2,440. 하늘공원 입구,ST-1754,67,10,15,126.88134766,37.57012177
2026-06-26T02:55:15.898981+09:00,월드컵공원,월드컵공원,POI106,KEY_2,3008.DMC역7번출구,ST-2166,30,3,10,126.89836121,37.57711411
2026-06-26T02:55:15.898981+09:00,응봉산,응봉산,POI107,KEY_3,569. 응봉현대아파트 정류소,ST-370,20,2,10,127.03024292,37.54958344
2026-06-26T02:55:15.898981+09:00,응봉산,응봉산,POI107,KEY_3,3525. 금호스포츠센터앞,ST-1599,187,28,15,127.02507019,37.54608917
2026-06-26T02:55:15.898981+09:00,응봉산,응봉산,POI107,KEY_3,3511. 응봉역 1번출구,ST-1195,280,28,10,127.0351944,37.55130386
2026-06-26T02:55:15.898981+09:00,청계산,청계산,POI112,KEY_4,2203. 청계산입구역 2번출구,ST-925,10,1,10,127.05501556,37.44765854
2026-06-26T02:55:15.898981+09:00,청계산,청계산,POI112,KEY_4,4338.새정이마을버스정류장 앞,ST-3216,80,4,5,127.06594849,37.43474579
2026-06-26T02:55:15.898981+09:00,가락시장,가락시장,POI058,KEY_2,2658.가락몰 업무동,ST-2409,60,6,10,127.11569214,37.49535751
2026-06-26T02:55:15.898981+09:00,가락시장,가락시장,POI058,KEY_2,2659.서울친환경유통센터,ST-2410,10,1,10,127.10492706,37.49420929
2026-06-26T02:55:15.898981+09:00,가락시장,가락시장,POI058,KEY_2,4480. 가락시장 남1문 사거리,ST-2591,47,7,15,127.11745453,37.49201584
2026-06-26T02:55:15.898981+09:00,가락시장,가락시장,POI058,KEY_2,4854. 가락시장역 2번 출구,ST-2606,10,1,10,127.11798859,37.492733
2026-06-26T02:55:15.898981+09:00,가로수길,가로수길,POI059,KEY_3,3606. 신사동주민센터 옆,ST-2673,20,2,10,127.02285004,37.52422714
2026-06-26T02:55:15.898981+09:00,가로수길,가로수길,POI059,KEY_3,2362. 신사동 가로수길 입구,ST-1171,30,3,10,127.02245331,37.51763535
2026-06-26T02:55:15.898981+09:00,가로수길,가로수길,POI059,KEY_3,4907. 극동스포츠 앞,ST-3078,280,14,5,127.02588654,37.5257225
2026-06-26T02:55:15.898981+09:00,가로수길,가로수길,POI059,KEY_3,4903. 신사스퀘어,ST-3066,10,1,10,127.0189743,37.51916885
2026-06-26T02:55:15.898981+09:00,김포공항,김포공항,POI061,KEY_1,3776. 김포공항사거리,ST-2484,160,16,10,126.80518341,37.5675354
2026-06-26T02:55:15.898981+09:00,김포공항,김포공항,POI061,KEY_1,5072. 김포공항입구 교통섬,ST-2947,100,10,10,126.80708313,37.56154633
2026-06-26T02:55:15.898981+09:00,남대문시장,남대문시장,POI115,KEY_2,470.회현역 7번출구,ST-1776,23,3,13,126.98000336,37.55974579
2026-06-26T02:55:15.898981+09:00,남대문시장,남대문시장,POI115,KEY_2,324. 신세계백화점 본점 앞,ST-140,38,3,8,126.9805069,37.56134415
2026-06-26T02:55:15.898981+09:00,남대문시장,남대문시장,POI115,KEY_2,4776. 신세계면세점,ST-2522,30,3,10,126.98139191,37.56027603
2026-06-26T02:55:15.898981+09:00,노량진,노량진,POI063,KEY_3,2002. 노들역 1번출구,ST-683,365,62,17,126.95246887,37.51284409
2026-06-26T02:55:15.898981+09:00,노량진,노량진,POI063,KEY_3,2070. 노량진역 2번 출구 앞,ST-1545,128,23,18,126.94306946,37.51391983
2026-06-26T02:55:15.898981+09:00,노량진,노량진,POI063,KEY_3,2003. 사육신공원앞,ST-877,200,20,10,126.94805908,37.51335907
2026-06-26T02:55:15.898981+09:00,노량진,노량진,POI063,KEY_3,2058. 동작경찰서,ST-1150,86,12,14,126.94352722,37.5135231
2026-06-26T02:55:15.898981+09:00,노량진,노량진,POI063,KEY_3,2050. 노량진역 5번출구,ST-699,153,23,15,126.93997192,37.51324844
2026-06-26T02:55:15.898981+09:00,덕수궁길·정동길,덕수궁길·정동길,POI064,KEY_4,391. 시립미술관,ST-977,75,6,8,126.97340393,37.56505203
2026-06-26T02:55:15.898981+09:00,덕수궁길·정동길,덕수궁길·정동길,POI064,KEY_4,300. 정동사거리,ST-116,33,2,6,126.96923065,37.56805038
2026-06-26T02:55:15.898981+09:00,덕수궁길·정동길,덕수궁길·정동길,POI064,KEY_4,4715. 돈의문 박물관 마을,ST-2923,7,1,15,126.96955109,37.56883621
2026-06-26T02:55:15.898981+09:00,덕수궁길·정동길,덕수궁길·정동길,POI064,KEY_4,6058. 시청역 2번출구,ST-3297,80,12,15,126.97702026,37.56557846
2026-06-26T02:55:15.898981+09:00,북촌한옥마을,북촌한옥마을,POI066,KEY_2,464. 삼청동 골목,ST-1756,30,3,10,126.98169708,37.58419037
2026-06-26T02:55:15.898981+09:00,북촌한옥마을,북촌한옥마을,POI066,KEY_2,354. 포르투갈 대사관 앞,ST-170,0,0,10,126.98896027,37.57915497
2026-06-26T02:55:15.898981+09:00,북촌한옥마을,북촌한옥마을,POI066,KEY_2,352. 중앙고입구 삼거리,ST-168,10,1,10,126.98523712,37.58341599
2026-06-26T02:55:15.898981+09:00,북촌한옥마을,북촌한옥마을,POI066,KEY_2,465. 삼청공원 앞,ST-1759,160,8,5,126.9835968,37.58760452
2026-06-26T02:55:15.898981+09:00,북촌한옥마을,북촌한옥마을,POI066,KEY_2,314. 국립현대미술관,ST-130,30,3,10,126.98085785,37.5797081
2026-06-26T02:55:15.898981+09:00,북촌한옥마을,북촌한옥마을,POI066,KEY_2,451. 청와대앞길,ST-979,25,2,8,126.97966766,37.58351517
2026-06-26T02:55:15.898981+09:00,북촌한옥마을,북촌한옥마을,POI066,KEY_2,353. 재동초교 앞 삼거리,ST-169,125,10,8,126.9849472,37.57938766
2026-06-26T02:55:15.898981+09:00,북촌한옥마을,북촌한옥마을,POI066,KEY_2,3407.안국동사거리(신),ST-1804,0,0,18,126.98339081,37.57580566
2026-06-26T02:55:15.898981+09:00,북촌한옥마을,북촌한옥마을,POI066,KEY_2,4719. 종로문화원 건너편,ST-3090,33,5,15,126.9805069,37.57571411
2026-06-26T02:55:15.898981+09:00,북촌한옥마을,북촌한옥마을,POI066,KEY_2,4705. 웰니스센터(민방위교육장 앞),ST-2565,17,1,6,126.98912811,37.57752991
2026-06-26T02:55:15.898981+09:00,서촌,서촌,POI067,KEY_3,450. 효자동 삼거리,ST-978,22,11,51,126.97254944,37.58360291
2026-06-26T02:55:15.898981+09:00,서촌,서촌,POI067,KEY_3,349. 어린이도서관,ST-165,0,0,5,126.96858978,37.57633209
2026-06-26T02:55:15.898981+09:00,서촌,서촌,POI067,KEY_3,4710. 자교교회 앞,ST-2473,25,2,8,126.97123718,37.58114624
2026-06-26T02:55:15.898981+09:00,서촌,서촌,POI067,KEY_3,4721. 통인시장 정자,ST-3354,313,25,8,126.96878815,37.58055878
2026-06-26T02:55:15.898981+09:00,성수카페거리,성수카페거리,POI068,KEY_4,513. 뚝섬역 5번 출구 정류소 옆,ST-111,0,0,13,127.04980469,37.54630661
2026-06-26T02:55:15.898981+09:00,성수카페거리,성수카페거리,POI068,KEY_4,587. 유니베라 앞,ST-482,0,0,10,127.05264282,37.54541779
2026-06-26T02:55:15.898981+09:00,성수카페거리,성수카페거리,POI068,KEY_4,514. 성수사거리 버스정류장 앞,ST-112,8,1,12,127.06330872,37.54257965
2026-06-26T02:55:15.898981+09:00,성수카페거리,성수카페거리,POI068,KEY_4,3548.뚝섬역 6번출구,ST-2330,0,0,10,127.04766846,37.54695892
2026-06-26T02:55:15.898981+09:00,성수카페거리,성수카페거리,POI068,KEY_4,4398. 유원지식산업센터 앞,ST-3325,0,0,16,127.05593109,37.54436493
2026-06-26T02:55:15.898981+09:00,성수카페거리,성수카페거리,POI068,KEY_4,4399. 더리브 세종타워 앞,ST-3326,0,0,7,127.0580368,37.54378128
2026-06-26T02:55:15.898981+09:00,성수카페거리,성수카페거리,POI068,KEY_4,4387. 성수역 1번출구 주변,ST-3121,0,0,8,127.05336761,37.54555893
2026-06-26T02:55:15.898981+09:00,성수카페거리,성수카페거리,POI068,KEY_4,4377. 우영테크노센터 앞,ST-3003,0,0,8,127.05971527,37.54332352
2026-06-26T02:55:15.898981+09:00,송리단길·호수단길,송리단길·호수단길,POI121,KEY_1,2639.석촌역 8번출구,ST-1866,11,2,18,127.10657501,37.50550461
2026-06-26T02:55:15.898981+09:00,송리단길·호수단길,송리단길·호수단길,POI121,KEY_1,4868. 석촌호수 서호 남단,ST-2833,120,12,10,127.10124207,37.50717163
2026-06-26T02:55:15.898981+09:00,신촌 스타광장,신촌 스타광장,POI122,KEY_2,128. 신촌역(2호선) 1번출구 옆,ST-30,32,6,19,126.93634033,37.55549622
2026-06-26T02:55:15.898981+09:00,신촌 스타광장,신촌 스타광장,POI122,KEY_2,3116.신촌역 4번출구,ST-2201,10,1,10,126.93720245,37.55550385
2026-06-26T02:55:15.898981+09:00,압구정로데오거리,압구정로데오거리,POI071,KEY_3,2365. K+ 타워 앞,ST-1174,20,3,15,127.03847504,37.52330017
2026-06-26T02:55:15.898981+09:00,압구정로데오거리,압구정로데오거리,POI071,KEY_3,2310. 청담동 맥도날드 옆(위치),ST-794,20,2,10,127.04017639,37.52361298
2026-06-26T02:55:15.898981+09:00,여의도,여의도,POI072,KEY_4,299.여의도 순복음교회,ST-1971,0,0,10,126.92245483,37.53179169
2026-06-26T02:55:15.898981+09:00,여의도,여의도,POI072,KEY_4,226. 샛강역 1번출구 앞,ST-72,0,0,19,126.92841339,37.51776505
2026-06-26T02:55:15.898981+09:00,여의도,여의도,POI072,KEY_4,203. 국회의사당역 3번출구 옆,ST-51,7,1,15,126.91870117,37.5280571
2026-06-26T02:55:15.898981+09:00,여의도,여의도,POI072,KEY_4,200. 국회의원회관,ST-45,9,2,22,126.91391754,37.52841568
2026-06-26T02:55:15.898981+09:00,여의도,여의도,POI072,KEY_4,204. 국회의사당역 5번출구 옆,ST-50,0,0,13,126.91702271,37.52816391
2026-06-26T02:55:15.898981+09:00,여의도,여의도,POI072,KEY_4,224. 롯데캐슬 앞,ST-70,5,1,20,126.93236542,37.5200882
2026-06-26T02:55:15.898981+09:00,여의도,여의도,POI072,KEY_4,222. 시범아파트버스정류장 옆,ST-68,83,10,12,126.93688965,37.51902008
2026-06-26T02:55:15.898981+09:00,여의도,여의도,POI072,KEY_4,207. 여의나루역 1번출구 앞,ST-73,2,1,46,126.93190002,37.52715683
2026-06-26T02:55:15.898981+09:00,여의도,여의도,POI072,KEY_4,271. 샛강생태공원방문자센터 앞,ST-425,0,0,10,126.9216156,37.51896286
2026-06-26T02:55:15.898981+09:00,여의도,여의도,POI072,KEY_4,202. 국민일보 앞,ST-47,13,4,30,126.92453003,37.52881622
2026-06-26T02:55:15.898981+09:00,여의도,여의도,POI072,KEY_4,221. 여의도초교 앞,ST-67,130,13,10,126.93778992,37.52267456
2026-06-26T02:55:15.898981+09:00,여의도,여의도,POI072,KEY_4,214. 금융감독원 앞,ST-60,0,0,21,126.9208374,37.5230217
2026-06-26T02:55:15.898981+09:00,여의도,여의도,POI072,KEY_4,209. 유진투자증권빌딩 앞,ST-55,5,1,22,126.92783356,37.52461243
2026-06-26T02:55:15.898981+09:00,여의도,여의도,POI072,KEY_4,205. 산업은행 앞,ST-52,0,0,20,126.92050934,37.52626419
2026-06-26T02:55:15.898981+09:00,여의도,여의도,POI072,KEY_4,270. 증권거래소후문교차로,ST-424,0,0,10,126.92710114,37.52234268
2026-06-26T02:55:15.898981+09:00,여의도,여의도,POI072,KEY_4,298.KBS 연구동 건너편,ST-1970,0,0,25,126.91374207,37.52724838
2026-06-26T02:55:15.898981+09:00,여의도,여의도,POI072,KEY_4,248. 초원아파트 앞,ST-296,40,4,10,126.92420959,37.53105545
2026-06-26T02:55:15.898981+09:00,여의도,여의도,POI072,KEY_4,225. 앙카라공원 앞,ST-71,4,1,26,126.92961884,37.51758575
2026-06-26T02:55:15.898981+09:00,여의도,여의도,POI072,KEY_4,213. KT앞,ST-59,21,4,19,126.91895294,37.52190781
2026-06-26T02:55:15.898981+09:00,여의도,여의도,POI072,KEY_4,297.국회3문,ST-1969,0,0,10,126.91267395,37.52863693
2026-06-26T02:55:15.898981+09:00,여의도,여의도,POI072,KEY_4,260. 여의도 마리나선착장 앞,ST-414,27,4,15,126.91216278,37.53365707
2026-06-26T02:55:15.898981+09:00,여의도,여의도,POI072,KEY_4,217. NH농협은행 앞,ST-66,7,1,15,126.93036652,37.52207947
2026-06-26T02:55:15.898981+09:00,여의도,여의도,POI072,KEY_4,219. 롯데캐슬엠파이어 옆,ST-62,17,2,12,126.92583466,37.52069473
2026-06-26T02:55:15.898981+09:00,여의도,여의도,POI072,KEY_4,220. 미성아파트 A동 앞,ST-63,3,1,30,126.92604828,37.5193634
2026-06-26T02:55:15.898981+09:00,여의도,여의도,POI072,KEY_4,249. 여의도중학교 옆,ST-297,6,1,16,126.93580627,37.52457809
2026-06-26T02:55:15.898981+09:00,여의도,여의도,POI072,KEY_4,215. 여의도고교 앞,ST-64,30,3,10,126.93490601,37.52483749
2026-06-26T02:55:15.898981+09:00,여의도,여의도,POI072,KEY_4,223. 진주아파트상가 앞,ST-69,15,3,20,126.9333725,37.51913071
2026-06-26T02:55:15.898981+09:00,여의도,여의도,POI072,KEY_4,206. KBS 앞,ST-53,0,0,35,126.91802216,37.52466583
2026-06-26T02:55:15.898981+09:00,여의도,여의도,POI072,KEY_4,5891.한강버스 여의도 선착장,ST-3402,263,79,30,126.93422699,37.52816391
2026-06-26T02:55:15.898981+09:00,여의도,여의도,POI072,KEY_4,5853. 여의도역2번출구 앞,ST-3061,0,0,10,126.92271423,37.52243423
2026-06-26T02:55:15.898981+09:00,여의도,여의도,POI072,KEY_4,4580. 국회제2의원회관,ST-2644,0,0,17,126.91316986,37.52974701
2026-06-26T02:55:15.898981+09:00,여의도,여의도,POI072,KEY_4,4585. 국회6문,ST-2694,17,1,6,126.91799164,37.53271866
2026-06-26T02:55:15.898981+09:00,여의도,여의도,POI072,KEY_4,5892.국회의사당본관 좌측,ST-3383,0,0,7,126.91375732,37.53090286
2026-06-26T02:55:15.898981+09:00,여의도,여의도,POI072,KEY_4,5897.여의도공작아파트,ST-3426,0,0,10,126.92987061,37.52595139
2026-06-26T02:55:15.898981+09:00,여의도,여의도,POI072,KEY_4,4563. 여의도 은하아파트,ST-2813,60,6,10,126.93448639,37.51850891
2026-06-26T02:55:15.898981+09:00,여의도,여의도,POI072,KEY_4,5879. 국회도서관 2문 앞,ST-3318,0,0,8,126.91668701,37.53107071
2026-06-26T02:55:15.898981+09:00,여의도,여의도,POI072,KEY_4,5890.여의나루역 3번출구,ST-3401,9,1,11,126.93336487,37.52645493
2026-06-26T02:55:15.898981+09:00,여의도,여의도,POI072,KEY_4,4583. 의정관,ST-2647,0,0,12,126.91747284,37.53214645
2026-06-26T02:55:15.898981+09:00,여의도,여의도,POI072,KEY_4,5870. LG트윈타워 앞,ST-3239,0,0,20,126.93017578,37.52833176
2026-06-26T02:55:15.898981+09:00,여의도,여의도,POI072,KEY_4,4589. KRX한국거래소(1),ST-2899,6,1,18,126.92759705,37.52338028
2026-06-26T02:55:15.898981+09:00,여의도,여의도,POI072,KEY_4,5888.여의도성당,ST-3375,0,0,7,126.93920898,37.52164459
2026-06-26T02:55:15.898981+09:00,여의도,여의도,POI072,KEY_4,4564. 63스퀘어,ST-2814,12,2,17,126.93965912,37.52070999
2026-06-26T02:55:15.898981+09:00,여의도,여의도,POI072,KEY_4,5889.의원회관출입구 앞,ST-3377,0,0,10,126.91479492,37.52985382
2026-06-26T02:55:15.898981+09:00,여의도,여의도,POI072,KEY_4,4584. 국회2문,ST-2648,0,0,9,126.91510773,37.52864075
2026-06-26T02:55:15.898981+09:00,여의도,여의도,POI072,KEY_4,4579. 국회의사당 본관,ST-2643,0,0,17,126.91404724,37.5325737
2026-06-26T02:55:15.898981+09:00,여의도,여의도,POI072,KEY_4,5859. 여의도 삼부아파트,ST-3160,10,1,10,126.93045807,37.52539444
2026-06-26T02:55:15.898981+09:00,여의도,여의도,POI072,KEY_4,5878. 우리은행 앞,ST-3315,0,0,20,126.92162323,37.52349091
2026-06-26T02:55:15.898981+09:00,여의도,여의도,POI072,KEY_4,5880. 국회박물관,ST-3319,0,0,7,126.91945648,37.53183365
2026-06-26T02:55:15.898981+09:00,여의도,여의도,POI072,KEY_4,5893.한국산업은행,ST-3397,0,0,10,126.92175293,37.52814484
2026-06-26T02:55:15.898981+09:00,여의도,여의도,POI072,KEY_4,4582. 국회도서관,ST-2646,0,0,12,126.91817474,37.53054047
2026-06-26T02:55:15.898981+09:00,여의도,여의도,POI072,KEY_4,4581. 국회소통관,ST-2645,0,0,12,126.9128952,37.53050232
2026-06-26T02:55:15.898981+09:00,여의도,여의도,POI072,KEY_4,201. 진미파라곤 앞,ST-46,0,0,15,126.92133331,37.53123856
2026-06-26T02:55:15.898981+09:00,연남동,연남동,POI073,KEY_1,107. 수협 연남동지점,ST-9,160,16,10,126.91871643,37.55784607
2026-06-26T02:55:15.898981+09:00,연남동,연남동,POI073,KEY_1,4233. 코오롱아파트사거리,ST-2979,170,17,10,126.92149353,37.56306458
2026-06-26T02:55:15.898981+09:00,영등포 타임스퀘어,영등포 타임스퀘어,POI074,KEY_2,284. 센트럴 푸르지오 시티 앞,ST-1650,6,1,16,126.90222931,37.51821136
2026-06-26T02:55:15.898981+09:00,영등포 타임스퀘어,영등포 타임스퀘어,POI074,KEY_2,3219.영등포역 1번출구,ST-1990,20,2,10,126.9077301,37.5148468
2026-06-26T02:55:15.898981+09:00,영등포 타임스퀘어,영등포 타임스퀘어,POI074,KEY_2,4565. 영등포 신세계백화점,ST-2815,20,2,10,126.90364838,37.51803589
2026-06-26T02:55:15.898981+09:00,영등포 타임스퀘어,영등포 타임스퀘어,POI074,KEY_2,5868. 로프트시티오피스텔,ST-3238,733,44,6,126.90843201,37.51906204
2026-06-26T02:55:15.898981+09:00,영등포 타임스퀘어,영등포 타임스퀘어,POI074,KEY_2,5858. 영등포역5번출구,ST-3142,150,15,10,126.90807343,37.51669312
2026-06-26T02:55:15.898981+09:00,용리단길,용리단길,POI076,KEY_3,817. 삼각지역 4번출구 앞,ST-436,67,6,9,126.97173309,37.53345108
2026-06-26T02:55:15.898981+09:00,용리단길,용리단길,POI076,KEY_3,816. 신용산역 6번출구 앞,ST-435,20,5,25,126.96848297,37.53014755
2026-06-26T02:55:15.898981+09:00,이태원 앤틱가구거리,이태원 앤틱가구거리,POI077,KEY_4,4634. 이태원역 3번 출구,ST-3056,0,0,5,126.99497223,37.5343895
2026-06-26T02:55:15.898981+09:00,이태원 앤틱가구거리,이태원 앤틱가구거리,POI077,KEY_4,4615. 크라운호텔앞 버스정류소,ST-2446,157,11,7,126.99137878,37.53030014
2026-06-26T02:55:15.898981+09:00,익선동,익선동,POI116,KEY_1,334. 종로3가역 2번출구 뒤,ST-150,20,2,10,126.99179077,37.5705986
2026-06-26T02:55:15.898981+09:00,익선동,익선동,POI116,KEY_1,328. 탑골공원 앞,ST-144,0,0,11,126.9881897,37.57039642
2026-06-26T02:55:15.898981+09:00,익선동,익선동,POI116,KEY_1,327. 낙원상가 옆,ST-143,10,1,10,126.9874649,37.57335663
2026-06-26T02:55:15.898981+09:00,익선동,익선동,POI116,KEY_1,3410.종로3가역 8번출구,ST-1807,60,6,10,126.99188995,37.5724678
2026-06-26T02:55:15.898981+09:00,익선동,익선동,POI116,KEY_1,4713. 현대 뜨레비앙 아파트 앞,ST-2623,57,4,7,126.99062347,37.57528305
2026-06-26T02:55:15.898981+09:00,인사동,인사동,POI078,KEY_2,327. 낙원상가 옆,ST-143,10,1,10,126.9874649,37.57335663
2026-06-26T02:55:15.898981+09:00,인사동,인사동,POI078,KEY_2,326. 안국역 5번출구 앞,ST-142,0,0,15,126.98616028,37.57624054
2026-06-26T02:55:15.898981+09:00,인사동,인사동,POI078,KEY_2,454. 종로2가 버스정류장 (종각방향),ST-1607,8,1,13,126.98638153,37.57035828
2026-06-26T02:55:15.898981+09:00,인사동,인사동,POI078,KEY_2,3408.종로타워빌딩,ST-1805,0,0,13,126.98323822,37.57070541
2026-06-26T02:55:15.898981+09:00,창동 신경제 중심지,창동 신경제 중심지,POI079,KEY_4,1657. 노원구청,ST-1125,10,2,20,127.05732727,37.65404892
2026-06-26T02:55:15.898981+09:00,창동 신경제 중심지,창동 신경제 중심지,POI079,KEY_4,1756.서울북부광역등기국,ST-2101,0,0,10,127.04431915,37.65148544
2026-06-26T02:55:15.898981+09:00,창동 신경제 중심지,창동 신경제 중심지,POI079,KEY_4,1662. 노원역7번출구,ST-1279,0,0,20,127.05921173,37.65421677
2026-06-26T02:55:15.898981+09:00,창동 신경제 중심지,창동 신경제 중심지,POI079,KEY_4,1674. 서울북부고용센터앞,ST-1291,7,1,15,127.05808258,37.65354919
2026-06-26T02:55:15.898981+09:00,창동 신경제 중심지,창동 신경제 중심지,POI079,KEY_4,1690. 도봉운전면허시험장 버스정류장 옆,ST-1641,0,0,10,127.05931091,37.6577301
2026-06-26T02:55:15.898981+09:00,창동 신경제 중심지,창동 신경제 중심지,POI079,KEY_4,1637. KT 전화국 버스정류장 옆,ST-611,0,0,9,127.06372833,37.6546669
2026-06-26T02:55:15.898981+09:00,창동 신경제 중심지,창동 신경제 중심지,POI079,KEY_4,1716. 창동역 1번출구 건너편,ST-1132,13,1,8,127.05072784,37.65420151
2026-06-26T02:55:15.898981+09:00,창동 신경제 중심지,창동 신경제 중심지,POI079,KEY_4,1653. 노원역1번출구,ST-1121,0,0,10,127.06362152,37.65620041
2026-06-26T02:55:15.898981+09:00,창동 신경제 중심지,창동 신경제 중심지,POI079,KEY_4,1686. 상계주공10단지 종합상가 앞,ST-1476,47,7,15,127.05805206,37.66114044
2026-06-26T02:55:15.898981+09:00,창동 신경제 중심지,창동 신경제 중심지,POI079,KEY_4,1722. 창동청소년수련관,ST-1292,27,4,15,127.05004883,37.65779877
2026-06-26T02:55:15.898981+09:00,창동 신경제 중심지,창동 신경제 중심지,POI079,KEY_4,1775.신원리베르텔 앞,ST-2120,33,5,15,127.04554749,37.65128708
2026-06-26T02:55:15.898981+09:00,창동 신경제 중심지,창동 신경제 중심지,POI079,KEY_4,4096.창동역2번출구 하나은행365 앞,ST-3368,50,4,8,127.04550171,37.65283585
2026-06-26T02:55:15.898981+09:00,창동 신경제 중심지,창동 신경제 중심지,POI079,KEY_4,5311. 주공601동 상가 노원지하보도 앞,ST-3116,0,0,5,127.06147766,37.65190125
2026-06-26T02:55:15.898981+09:00,창동 신경제 중심지,창동 신경제 중심지,POI079,KEY_4,4098.창동역 1번출구 인근,ST-3430,163,13,8,127.04838562,37.65290833
2026-06-26T02:55:15.898981+09:00,창동 신경제 중심지,창동 신경제 중심지,POI079,KEY_4,5333. 노원역9번-10번 출구 앞,ST-3288,0,0,10,127.063591,37.65655518
2026-06-26T02:55:15.898981+09:00,청량리 제기동 일대 전통시장,청량리 제기동 일대 전통시장,POI081,KEY_2,633. 청량리 기업은행 앞,ST-400,250,20,8,127.04472351,37.58049774
2026-06-26T02:55:15.898981+09:00,청량리 제기동 일대 전통시장,청량리 제기동 일대 전통시장,POI081,KEY_2,676.FITI시험연구원 앞,ST-2276,156,14,9,127.03547668,37.58143234
2026-06-26T02:55:15.898981+09:00,청량리 제기동 일대 전통시장,청량리 제기동 일대 전통시장,POI081,KEY_2,640. 동대문경찰서 교차로,ST-407,33,2,6,127.04460144,37.58255005
2026-06-26T02:55:15.898981+09:00,청량리 제기동 일대 전통시장,청량리 제기동 일대 전통시장,POI081,KEY_2,4134. 제기동 현대아파트 앞,ST-3206,60,6,10,127.0353241,37.57994843
2026-06-26T02:55:15.898981+09:00,청량리 제기동 일대 전통시장,청량리 제기동 일대 전통시장,POI081,KEY_2,4147.청량리역광장,ST-3405,20,7,35,127.04673767,37.58024597
2026-06-26T02:55:15.898981+09:00,청량리 제기동 일대 전통시장,청량리 제기동 일대 전통시장,POI081,KEY_2,4149.제기동역 5번출구,ST-3428,286,20,7,127.03381348,37.5779953
2026-06-26T02:55:15.898981+09:00,DDP(동대문디자인플라자),DDP(동대문디자인플라자),POI083,KEY_4,475.DDP 패션몰,ST-1781,38,8,21,127.0118103,37.56764984
2026-06-26T02:55:15.898981+09:00,DDP(동대문디자인플라자),DDP(동대문디자인플라자),POI083,KEY_4,347. 동대문역사문화공원역 9번출구 앞,ST-163,44,8,18,127.00784302,37.56533051
2026-06-26T02:55:15.898981+09:00,DDP(동대문디자인플라자),DDP(동대문디자인플라자),POI083,KEY_4,474.동대문역사문화공원역 1번출구 뒤편,ST-1780,53,21,40,127.00849152,37.56629944
2026-06-26T02:55:15.898981+09:00,DDP(동대문디자인플라자),DDP(동대문디자인플라자),POI083,KEY_4,4765. 동대문디자인플라자,ST-2431,0,0,20,127.00946045,37.5683136
2026-06-26T02:55:15.898981+09:00,DMC(디지털미디어시티),DMC(디지털미디어시티),POI084,KEY_1,409. 누리꿈스퀘어 옆,ST-86,20,6,30,126.88916016,37.57939911
2026-06-26T02:55:15.898981+09:00,DMC(디지털미디어시티),DMC(디지털미디어시티),POI084,KEY_1,405. DMC빌 앞,ST-80,13,1,8,126.88578796,37.58265686
2026-06-26T02:55:15.898981+09:00,DMC(디지털미디어시티),DMC(디지털미디어시티),POI084,KEY_1,414. 상암동주민센터 옆,ST-94,63,5,8,126.89447021,37.57822037
2026-06-26T02:55:15.898981+09:00,DMC(디지털미디어시티),DMC(디지털미디어시티),POI084,KEY_1,489.구룡근린공원,ST-2148,100,10,10,126.88276672,37.58320236
2026-06-26T02:55:15.898981+09:00,DMC(디지털미디어시티),DMC(디지털미디어시티),POI084,KEY_1,408. LG CNS앞,ST-84,0,0,14,126.88665009,37.58081055
2026-06-26T02:55:15.898981+09:00,DMC(디지털미디어시티),DMC(디지털미디어시티),POI084,KEY_1,412. DMC산학협력연구센터 앞,ST-91,0,0,21,126.89079285,37.57565689
2026-06-26T02:55:15.898981+09:00,DMC(디지털미디어시티),DMC(디지털미디어시티),POI084,KEY_1,415. DMC역 9번출구 앞,ST-95,60,6,10,126.89736176,37.57746887
2026-06-26T02:55:15.898981+09:00,DMC(디지털미디어시티),DMC(디지털미디어시티),POI084,KEY_1,490.가온문화공원,ST-2149,4,1,23,126.88766479,37.58207703
2026-06-26T02:55:15.898981+09:00,DMC(디지털미디어시티),DMC(디지털미디어시티),POI084,KEY_1,417. DMC역 2번출구 옆,ST-93,30,6,20,126.8999176,37.57506943
2026-06-26T02:55:15.898981+09:00,DMC(디지털미디어시티),DMC(디지털미디어시티),POI084,KEY_1,425. DMC첨단산업센터,ST-991,0,0,10,126.88559723,37.58450317
2026-06-26T02:55:15.898981+09:00,DMC(디지털미디어시티),DMC(디지털미디어시티),POI084,KEY_1,411. DMC홍보관,ST-90,0,0,10,126.89147186,37.5779953
2026-06-26T02:55:15.898981+09:00,DMC(디지털미디어시티),DMC(디지털미디어시티),POI084,KEY_1,3007.MBC 앞,ST-2165,0,0,10,126.89044952,37.58198166
2026-06-26T02:55:15.898981+09:00,DMC(디지털미디어시티),DMC(디지털미디어시티),POI084,KEY_1,3008.DMC역7번출구,ST-2166,30,3,10,126.89836121,37.57711411
2026-06-26T02:55:15.898981+09:00,DMC(디지털미디어시티),DMC(디지털미디어시티),POI084,KEY_1,4218. 디지털매직스페이스,ST-2974,8,1,13,126.88957977,37.58119965
2026-06-26T02:55:15.898981+09:00,DMC(디지털미디어시티),DMC(디지털미디어시티),POI084,KEY_1,4214. JTBC 앞,ST-2537,0,0,10,126.8901825,37.57730484
2026-06-26T02:55:15.898981+09:00,DMC(디지털미디어시티),DMC(디지털미디어시티),POI084,KEY_1,4238. 상암한샘빌딩앞,ST-2981,14,1,7,126.89867401,37.57649231
2026-06-26T02:55:15.898981+09:00,가산디지털단지역,가산디지털단지역,POI013,KEY_2,1806. 에이스하이엔드타워9차 앞,ST-621,140,14,10,126.87863922,37.48621368
2026-06-26T02:55:15.898981+09:00,가산디지털단지역,가산디지털단지역,POI013,KEY_2,1805. 서울디지털운동장 앞,ST-620,80,8,10,126.87776947,37.48228836
2026-06-26T02:55:15.898981+09:00,가산디지털단지역,가산디지털단지역,POI013,KEY_2,1835. STX V타워,ST-641,20,2,10,126.88442993,37.47706985
2026-06-26T02:55:15.898981+09:00,가산디지털단지역,가산디지털단지역,POI013,KEY_2,1834. 월드메르디앙 벤처센터 2차,ST-640,20,2,10,126.87904358,37.47908401
2026-06-26T02:55:15.898981+09:00,가산디지털단지역,가산디지털단지역,POI013,KEY_2,1851. 가산디지털단지 9번출구 인근,ST-1403,30,3,10,126.88148499,37.48123169
2026-06-26T02:55:15.898981+09:00,가산디지털단지역,가산디지털단지역,POI013,KEY_2,1812. 갑을그레이트밸리 앞,ST-624,250,25,10,126.88729858,37.47903061
2026-06-26T02:55:15.898981+09:00,가산디지털단지역,가산디지털단지역,POI013,KEY_2,1850. 코오롱테크노밸리,ST-1277,60,6,10,126.8863678,37.48015976
2026-06-26T02:55:15.898981+09:00,가산디지털단지역,가산디지털단지역,POI013,KEY_2,1839. 수출의 다리 아래,ST-1140,80,16,20,126.88615417,37.47743607
2026-06-26T02:55:15.898981+09:00,가산디지털단지역,가산디지털단지역,POI013,KEY_2,1867.대륭포스트타워6차 앞,ST-1938,40,12,30,126.8841629,37.48101044
2026-06-26T02:55:15.898981+09:00,가산디지털단지역,가산디지털단지역,POI013,KEY_2,1849. 대륭포스트타워5차,ST-1276,130,13,10,126.88694,37.48135376
2026-06-26T02:55:15.898981+09:00,가산디지털단지역,가산디지털단지역,POI013,KEY_2,3989.가산디지털단지역 9번출구 앞,ST-3396,160,16,10,126.88175964,37.48055267
2026-06-26T02:55:15.898981+09:00,가산디지털단지역,가산디지털단지역,POI013,KEY_2,3984. 가산롯데아이티캐슬,ST-2999,40,2,5,126.88083649,37.47636795
2026-06-26T02:55:15.898981+09:00,가산디지털단지역,가산디지털단지역,POI013,KEY_2,3985. 디폴리스 지식산업센터,ST-2964,5,1,20,126.87680054,37.48017502
2026-06-26T02:55:15.898981+09:00,강남역,강남역,POI014,KEY_3,2421. 신논현역 4번출구,ST-1887,60,9,15,127.02579498,37.504673
2026-06-26T02:55:15.898981+09:00,강남역,강남역,POI014,KEY_3,2505. 우성아파트사거리 (기업은행앞),ST-1556,183,22,12,127.0295105,37.49330521
2026-06-26T02:55:15.898981+09:00,강남역,강남역,POI014,KEY_3,3628. 역삼1동 주민센터,ST-2689,170,17,10,127.03302765,37.49521255
2026-06-26T02:55:15.898981+09:00,강남역,강남역,POI014,KEY_3,2407. 역삼서초삼성 세무서 앞 (역삼빌딩 앞),ST-1577,80,8,10,127.03011322,37.49847031
2026-06-26T02:55:15.898981+09:00,강남역,강남역,POI014,KEY_3,4349.삼성화재서초타워,ST-3361,200,12,6,127.02896118,37.49446869
2026-06-26T02:55:15.898981+09:00,건대입구역,건대입구역,POI015,KEY_4,501. 광진문화예술회관 앞,ST-98,90,27,30,127.07035065,37.53730774
2026-06-26T02:55:15.898981+09:00,건대입구역,건대입구역,POI015,KEY_4,3533. 건대입구역 사거리(롯데백화점),ST-1660,40,4,10,127.07078552,37.5392952
2026-06-26T02:55:15.898981+09:00,건대입구역,건대입구역,POI015,KEY_4,3534. 건대입구역 5번출구 뒤,ST-1661,20,2,10,127.06956482,37.54008102
2026-06-26T02:55:15.898981+09:00,고덕역,고덕역,POI016,KEY_1,1072.고덕역 5번출구,ST-1833,0,0,22,127.15372467,37.55486298
2026-06-26T02:55:15.898981+09:00,고덕역,고덕역,POI016,KEY_1,1036. 고덕동 주양쇼핑,ST-1053,50,5,10,127.15331268,37.55199051
2026-06-26T02:55:15.898981+09:00,고덕역,고덕역,POI016,KEY_1,1068.명일파출소,ST-1767,90,9,10,127.15622711,37.5536499
2026-06-26T02:55:15.898981+09:00,교대역,교대역,POI018,KEY_3,2279. 교대역 5번출구뒤,ST-1305,100,8,8,127.01418304,37.49361801
2026-06-26T02:55:15.898981+09:00,교대역,교대역,POI018,KEY_3,2239.교대역 6번출구,ST-765,150,15,10,127.01378632,37.49421692
2026-06-26T02:55:15.898981+09:00,구로디지털단지역,구로디지털단지역,POI019,KEY_4,2110. 조원동 미성아파트,ST-950,22,2,9,126.90203094,37.48319244
2026-06-26T02:55:15.898981+09:00,구로디지털단지역,구로디지털단지역,POI019,KEY_4,1986. 태평양물산,ST-1521,60,9,15,126.89518738,37.48485947
2026-06-26T02:55:15.898981+09:00,구로디지털단지역,구로디지털단지역,POI019,KEY_4,1962. 가리봉동주민센터,ST-1224,80,12,15,126.89279938,37.48160172
2026-06-26T02:55:15.898981+09:00,구로디지털단지역,구로디지털단지역,POI019,KEY_4,2801. 대륭포스트타워1차,ST-1753,37,11,30,126.89542389,37.48437119
2026-06-26T02:55:15.898981+09:00,구로디지털단지역,구로디지털단지역,POI019,KEY_4,1911. 구로디지털단지역 앞,ST-668,6,1,18,126.90132141,37.48493958
2026-06-26T02:55:15.898981+09:00,구로디지털단지역,구로디지털단지역,POI019,KEY_4,1955. 디지털입구 교차로,ST-936,20,2,10,126.90103912,37.48288345
2026-06-26T02:55:15.898981+09:00,구로역,구로역,POI020,KEY_1,1946. 구로역 광장,ST-873,10,1,10,126.88038635,37.50311661
2026-06-26T02:55:15.898981+09:00,구로역,구로역,POI020,KEY_1,3919. 구로역·NC신구로점 버스정류장(구로역 방면),ST-3013,114,16,14,126.88237,37.50096512
2026-06-26T02:55:15.898981+09:00,군자역,군자역,POI021,KEY_2,540. 군자역 7번출구 베스트샵 앞,ST-253,38,3,8,127.0786438,37.55603027
2026-06-26T02:55:15.898981+09:00,군자역,군자역,POI021,KEY_2,3518. 군자역 7번출구뒤,ST-1263,13,1,8,127.07913971,37.55686188
2026-06-26T02:55:15.898981+09:00,군자역,군자역,POI021,KEY_2,3500. 군자역2번출구,ST-983,29,2,7,127.07969666,37.55758667
2026-06-26T02:55:15.898981+09:00,군자역,군자역,POI021,KEY_2,3586.군자역 비채온 오피스텔,ST-2325,238,19,8,127.07727051,37.55771255
2026-06-26T02:55:15.898981+09:00,대림역,대림역,POI023,KEY_3,286. 우성아파트 교차로,ST-1652,83,10,12,126.89974976,37.49457169
2026-06-26T02:55:15.898981+09:00,대림역,대림역,POI023,KEY_3,1975. 대림역 1번 출입구 밑,ST-1237,10,1,10,126.8947525,37.49256516
2026-06-26T02:55:15.898981+09:00,대림역,대림역,POI023,KEY_3,1914. 대림역4번출구,ST-918,0,0,10,126.89444733,37.49440384
2026-06-26T02:55:15.898981+09:00,동대문역,동대문역,POI024,KEY_4,457. 종로꽃시장 입구 옆,ST-1610,50,5,10,127.00720978,37.57131958
2026-06-26T02:55:15.898981+09:00,동대문역,동대문역,POI024,KEY_4,393. 동대문역 8번 출구,ST-1372,25,3,12,127.00937653,37.57014084
2026-06-26T02:55:15.898981+09:00,동대문역,동대문역,POI024,KEY_4,3415.동대문역6번출구,ST-1812,107,16,15,127.0107193,37.57147217
2026-06-26T02:55:15.898981+09:00,미아사거리역,미아사거리역,POI026,KEY_2,1546. 송천동우체국,ST-1665,150,15,10,127.02970123,37.61545944
2026-06-26T02:55:15.898981+09:00,미아사거리역,미아사거리역,POI026,KEY_2,1574.송중초등학교 옆,ST-2405,88,7,8,127.03049469,37.61669922
2026-06-26T02:55:15.898981+09:00,미아사거리역,미아사거리역,POI026,KEY_2,1531. 미아사거리 1번 출구,ST-1105,160,16,10,127.03025055,37.61395645
2026-06-26T02:55:15.898981+09:00,미아사거리역,미아사거리역,POI026,KEY_2,4423.현대백화점 미아점,ST-3203,190,19,10,127.02845764,37.60884857
2026-06-26T02:55:15.898981+09:00,발산역,발산역,POI027,KEY_3,1124. 발산역 6번 출구 뒤,ST-522,0,0,6,126.8384552,37.55817795
2026-06-26T02:55:15.898981+09:00,발산역,발산역,POI027,KEY_3,1117. 등촌5단지아파트 버스정류장,ST-834,30,3,10,126.84426117,37.55819702
2026-06-26T02:55:15.898981+09:00,발산역,발산역,POI027,KEY_3,"1153. 발산역 1번, 9번 인근 대여소",ST-1065,9,3,32,126.83717346,37.55894852
2026-06-26T02:55:15.898981+09:00,발산역,발산역,POI027,KEY_3,1197. 엠펠리체 호텔 건너편,ST-1714,0,0,20,126.83546448,37.56026077
2026-06-26T02:55:15.898981+09:00,발산역,발산역,POI027,KEY_3,2730.마곡메가박스 앞,ST-2047,7,2,30,126.83495331,37.55912781
2026-06-26T02:55:15.898981+09:00,발산역,발산역,POI027,KEY_3,3760. 발산역 8번 출구,ST-2538,18,3,17,126.83676147,37.55846024
2026-06-26T02:55:15.898981+09:00,발산역,발산역,POI027,KEY_3,2721.등촌1-10단지 교차로,ST-2037,350,42,12,126.8393631,37.56320572
2026-06-26T02:55:15.898981+09:00,발산역,발산역,POI027,KEY_3,3764. 관문주유소(GS칼택스) 앞,ST-2613,470,47,10,126.84183502,37.55802917
2026-06-26T02:55:15.898981+09:00,발산역,발산역,POI027,KEY_3,3759. 이대서울병원,ST-2569,0,0,25,126.83559418,37.5586319
2026-06-26T02:55:15.898981+09:00,발산역,발산역,POI027,KEY_3,2717.LG유플러스 마곡사옥,ST-2033,0,0,62,126.83390045,37.56133652
2026-06-26T02:55:15.898981+09:00,발산역,발산역,POI027,KEY_3,2723.마곡 필네이처,ST-2040,54,7,13,126.83669281,37.56089401
2026-06-26T02:55:15.898981+09:00,발산역,발산역,POI027,KEY_3,5095. 원당근린공원,ST-3226,7,1,14,126.84147644,37.55947495
2026-06-26T02:55:15.898981+09:00,발산역,발산역,POI027,KEY_3,5061. 우장산동 가곡어린이공원앞,ST-2888,70,7,10,126.83751678,37.55545425
2026-06-26T02:55:15.898981+09:00,사당역,사당역,POI029,KEY_4,2222.사당역 12번출구 뒤,ST-753,240,24,10,126.98203278,37.47806931
2026-06-26T02:55:15.898981+09:00,사당역,사당역,POI029,KEY_4,2104. 사당역 5번출구,ST-712,38,5,13,126.98133087,37.47608948
2026-06-26T02:55:15.898981+09:00,사당역,사당역,POI029,KEY_4,2034. 사당역 7번출구쪽,ST-924,68,13,19,126.98057556,37.47689056
2026-06-26T02:55:15.898981+09:00,사당역,사당역,POI029,KEY_4,2089.사당역10번출구(금강빌딩),ST-2362,140,14,10,126.98150635,37.4791069
2026-06-26T02:55:15.898981+09:00,삼각지역,삼각지역,POI030,KEY_1,848. 삼각지12번 출구,ST-2172,138,11,8,126.97562408,37.53488922
2026-06-26T02:55:15.898981+09:00,삼각지역,삼각지역,POI030,KEY_1,849. 삼각지 자이아파트,ST-2173,105,21,20,126.97341919,37.53607941
2026-06-26T02:55:15.898981+09:00,삼각지역,삼각지역,POI030,KEY_1,4620. 삼각지역 14번 출구 앞(교통섬),ST-2451,188,15,8,126.97408295,37.53528595
2026-06-26T02:55:15.898981+09:00,서울대입구역,서울대입구역,POI031,KEY_2,2171. 서울대입구역 5번출구,ST-1337,41,7,17,126.95200348,37.48154831
2026-06-26T02:55:15.898981+09:00,서울대입구역,서울대입구역,POI031,KEY_2,3311.서울대입구역 4번 출구,ST-2394,17,2,12,126.95157623,37.48122025
2026-06-26T02:55:15.898981+09:00,서울대입구역,서울대입구역,POI031,KEY_2,2128. 관악구청교차로,ST-720,0,0,12,126.95265198,37.47949982
2026-06-26T02:55:15.898981+09:00,서울대입구역,서울대입구역,POI031,KEY_2,2112. 서울대입구역 마에스트로,ST-715,47,7,15,126.95064545,37.4813385
2026-06-26T02:55:15.898981+09:00,서울대입구역,서울대입구역,POI031,KEY_2,2116. 에이스에이존빌딩,ST-717,33,3,9,126.95082855,37.48170471
2026-06-26T02:55:15.898981+09:00,서울대입구역,서울대입구역,POI031,KEY_2,2111. 서울대입구역 1번출구,ST-965,100,10,10,126.95331573,37.48086929
2026-06-26T02:55:15.898981+09:00,서울식물원·마곡나루역,서울식물원·마곡나루역,POI032,KEY_3,2715.마곡나루역 2번 출구,ST-2031,0,0,25,126.82743835,37.56692505
2026-06-26T02:55:15.898981+09:00,서울식물원·마곡나루역,서울식물원·마곡나루역,POI032,KEY_3,2701. 마곡나루역 5번출구 뒤편,ST-1718,8,2,26,126.82731628,37.56520081
2026-06-26T02:55:15.898981+09:00,서울식물원·마곡나루역,서울식물원·마곡나루역,POI032,KEY_3,2725.서울식물원 식물문화센터,ST-2042,20,4,20,126.83563232,37.56883621
2026-06-26T02:55:15.898981+09:00,서울식물원·마곡나루역,서울식물원·마곡나루역,POI032,KEY_3,2727.서울식물원 잔디마당 앞,ST-2044,4,1,25,126.8306427,37.5639267
2026-06-26T02:55:15.898981+09:00,서울식물원·마곡나루역,서울식물원·마곡나루역,POI032,KEY_3,2728.마곡나루역 3번 출구,ST-2045,132,86,65,126.82807922,37.56580353
2026-06-26T02:55:15.898981+09:00,서울식물원·마곡나루역,서울식물원·마곡나루역,POI032,KEY_3,6177. 마곡롯데캐슬르웨스트,ST-3324,10,1,10,126.82462311,37.56356049
2026-06-26T02:55:15.898981+09:00,서울식물원·마곡나루역,서울식물원·마곡나루역,POI032,KEY_3,5098. LG사이언스파크 W4동,ST-3261,5,1,20,126.82978821,37.56403732
2026-06-26T02:55:15.898981+09:00,서울식물원·마곡나루역,서울식물원·마곡나루역,POI032,KEY_3,5097. LG사이언스파크 E2동,ST-3259,0,0,40,126.83208466,37.56381607
2026-06-26T02:55:15.898981+09:00,서울식물원·마곡나루역,서울식물원·마곡나루역,POI032,KEY_3,6190.마곡광장(마곡나루역 6번출구),ST-3421,0,0,10,126.82738495,37.56614685
2026-06-26T02:55:15.898981+09:00,서울역,서울역,POI033,KEY_4,379. 서울역9번출구,ST-194,90,9,10,126.97330475,37.55580521
2026-06-26T02:55:15.898981+09:00,서울역,서울역,POI033,KEY_4,485.서울역5번출구,ST-1791,160,16,10,126.97319794,37.55677032
2026-06-26T02:55:15.898981+09:00,서울역,서울역,POI033,KEY_4,435. SK 남산빌딩,ST-1670,50,5,10,126.97561646,37.55686188
2026-06-26T02:55:15.898981+09:00,서울역,서울역,POI033,KEY_4,6062.서울역파출소,ST-3413,200,20,10,126.97183228,37.55709457
2026-06-26T02:55:15.898981+09:00,서울역,서울역,POI033,KEY_4,4794. 서울역 서부교차로(3),ST-2786,100,8,8,126.96942139,37.55540848
2026-06-26T02:55:15.898981+09:00,서울역,서울역,POI033,KEY_4,4760. 서울역 7번출구,ST-2430,10,1,10,126.97364044,37.55664444
2026-06-26T02:55:15.898981+09:00,선릉역,선릉역,POI034,KEY_1,2329. 르네상스호텔사거리 역삼지하보도 2번출구,ST-812,0,0,10,127.04319,37.50235748
2026-06-26T02:55:15.898981+09:00,선릉역,선릉역,POI034,KEY_1,2328. 르네상스 호텔 사거리 역삼지하보도 7번출구 앞,ST-811,0,0,10,127.04273224,37.50321198
2026-06-26T02:55:15.898981+09:00,선릉역,선릉역,POI034,KEY_1,2369. KT선릉타워,ST-1178,60,12,20,127.0528717,37.50542831
2026-06-26T02:55:15.898981+09:00,선릉역,선릉역,POI034,KEY_1,2319. 포스코사거리 서측(수협 삼성동 지점),ST-802,40,4,10,127.05467987,37.50660706
2026-06-26T02:55:15.898981+09:00,선릉역,선릉역,POI034,KEY_1,2332. 선릉역3번출구,ST-815,38,3,8,127.04903412,37.50410461
2026-06-26T02:55:15.898981+09:00,성신여대입구역,성신여대입구역,POI035,KEY_2,1385.성신여대입구역 3번출구 앞,ST-2226,310,31,10,127.01628876,37.59236526
2026-06-26T02:55:15.898981+09:00,성신여대입구역,성신여대입구역,POI035,KEY_2,1384.성신여대입구역 5번출구,ST-2225,231,30,13,127.01628876,37.59282684
2026-06-26T02:55:15.898981+09:00,성신여대입구역,성신여대입구역,POI035,KEY_2,1337. 돈암성당 옆,ST-1201,138,18,13,127.01716614,37.59039307
2026-06-26T02:55:15.898981+09:00,수유역,수유역,POI036,KEY_3,1503. 강북구청사거리(수유역 8번출구),ST-643,79,11,14,127.02672577,37.63926315
2026-06-26T02:55:15.898981+09:00,수유역,수유역,POI036,KEY_3,1512. 강북중학교 앞,ST-862,100,20,20,127.02656555,37.64473724
2026-06-26T02:55:15.898981+09:00,수유역,수유역,POI036,KEY_3,1520. 수유중앙시장,ST-650,129,9,7,127.022789,37.63986206
2026-06-26T02:55:15.898981+09:00,수유역,수유역,POI036,KEY_3,1569.수유역2번출구,ST-2137,0,0,10,127.02590179,37.63796997
2026-06-26T02:55:15.898981+09:00,수유역,수유역,POI036,KEY_3,1552. 강북구청사거리,ST-2125,13,1,8,127.02723694,37.63920212
2026-06-26T02:55:15.898981+09:00,수유역,수유역,POI036,KEY_3,1526. 강북종합시장 앞,ST-1100,50,4,8,127.02462769,37.64173889
2026-06-26T02:55:15.898981+09:00,수유역,수유역,POI036,KEY_3,1535. 효성인텔리안 앞,ST-1109,10,1,10,127.02337646,37.6362915
2026-06-26T02:55:15.898981+09:00,수유역,수유역,POI036,KEY_3,1530. 광산사거리,ST-1104,92,12,13,127.0223465,37.64355087
2026-06-26T02:55:15.898981+09:00,숭례문,숭례문,POI131,KEY_4,445.대한상공회의소,ST-1771,7,1,15,126.97410583,37.56015396
2026-06-26T02:55:15.898981+09:00,숭례문,숭례문,POI131,KEY_4,6060. 신한은행 본점,ST-3342,25,2,8,126.97480774,37.56077576
2026-06-26T02:55:15.898981+09:00,시의회 앞,시의회 앞,POI130,KEY_1,458. 광화문역 5번출구,ST-1611,10,2,21,126.97756958,37.56989288
2026-06-26T02:55:15.898981+09:00,시의회 앞,시의회 앞,POI130,KEY_1,310. 청계광장 옆,ST-126,0,0,8,126.9774704,37.56887817
2026-06-26T02:55:15.898981+09:00,시의회 앞,시의회 앞,POI130,KEY_1,309. 광화문역 6번출구 옆 B,ST-125,8,1,13,126.97615814,37.56996155
2026-06-26T02:55:15.898981+09:00,시의회 앞,시의회 앞,POI130,KEY_1,4718. 광화문역 6번출구 옆 A,ST-3075,10,1,10,126.9764328,37.56993103
2026-06-26T02:55:15.898981+09:00,시의회 앞,시의회 앞,POI130,KEY_1,6058. 시청역 2번출구,ST-3297,80,12,15,126.97702026,37.56557846
2026-06-26T02:55:15.898981+09:00,신논현역·논현역,신논현역·논현역,POI037,KEY_2,2542.신논현타워 앞,ST-1926,100,10,10,127.02391052,37.50508881
2026-06-26T02:55:15.898981+09:00,신논현역·논현역,신논현역·논현역,POI037,KEY_2,2302. 교보타워 버스정류장(신논현역 3번출구 후면),ST-787,160,16,10,127.02427673,37.5055809
2026-06-26T02:55:15.898981+09:00,신논현역·논현역,신논현역·논현역,POI037,KEY_2,4347. 논현지하보도,ST-3332,120,12,10,127.02232361,37.50836945
2026-06-26T02:55:15.898981+09:00,신림역,신림역,POI039,KEY_4,2175. 신림동걷고싶은문화의거리입구,ST-1270,129,9,7,126.92870331,37.48730087
2026-06-26T02:55:15.898981+09:00,신림역,신림역,POI039,KEY_4,2102. 봉림교 교통섬,ST-702,108,14,13,126.92688751,37.48408508
2026-06-26T02:55:15.898981+09:00,신림역,신림역,POI039,KEY_4,2136. 신림역 8번출구,ST-976,0,0,8,126.93006897,37.48450851
2026-06-26T02:55:15.898981+09:00,신정네거리역,신정네거리역,POI117,KEY_1,706. 신정네거리역,ST-313,47,7,15,126.85175323,37.5218811
2026-06-26T02:55:15.898981+09:00,신정네거리역,신정네거리역,POI117,KEY_1,722. 경서농협 버스정류장(우리은행신정동지점방향),ST-993,130,13,10,126.85738373,37.52151108
2026-06-26T02:55:15.898981+09:00,신정네거리역,신정네거리역,POI117,KEY_1,4510. 신정네거리역 교차로,ST-2762,46,6,13,126.85228729,37.52175903
2026-06-26T02:55:15.898981+09:00,신정네거리역,신정네거리역,POI117,KEY_1,4509. 서울영상고교 입구,ST-2761,267,40,15,126.85928345,37.52198029
2026-06-26T02:55:15.898981+09:00,신정네거리역,신정네거리역,POI117,KEY_1,4507. 신정제일시장,ST-2759,110,11,10,126.85499573,37.52122498
2026-06-26T02:55:15.898981+09:00,신촌·이대역,신촌·이대역,POI040,KEY_2,128. 신촌역(2호선) 1번출구 옆,ST-30,32,6,19,126.93634033,37.55549622
2026-06-26T02:55:15.898981+09:00,신촌·이대역,신촌·이대역,POI040,KEY_2,150. 서강대역 2번출구 앞,ST-207,47,7,15,126.93434143,37.55295563
2026-06-26T02:55:15.898981+09:00,신촌·이대역,신촌·이대역,POI040,KEY_2,129. 신촌역(2호선) 6번출구 옆,ST-31,10,1,10,126.93756866,37.55505371
2026-06-26T02:55:15.898981+09:00,신촌·이대역,신촌·이대역,POI040,KEY_2,134. 연세로 명물길,ST-36,138,11,8,126.93807983,37.55789185
2026-06-26T02:55:15.898981+09:00,신촌·이대역,신촌·이대역,POI040,KEY_2,130. 신촌역(2호선) 7번출구 앞,ST-32,30,3,10,126.93626404,37.5550499
2026-06-26T02:55:15.898981+09:00,신촌·이대역,신촌·이대역,POI040,KEY_2,137. 신촌기차역입구 교차로,ST-39,50,5,10,126.9431839,37.55681229
2026-06-26T02:55:15.898981+09:00,신촌·이대역,신촌·이대역,POI040,KEY_2,135. 명물길 원형무대 앞,ST-37,0,0,10,126.93984222,37.55922699
2026-06-26T02:55:15.898981+09:00,신촌·이대역,신촌·이대역,POI040,KEY_2,3116.신촌역 4번출구,ST-2201,10,1,10,126.93720245,37.55550385
2026-06-26T02:55:15.898981+09:00,신촌·이대역,신촌·이대역,POI040,KEY_2,4274. 신촌 파랑고래 입구,ST-3140,20,2,10,126.93603516,37.55687714
2026-06-26T02:55:15.898981+09:00,신촌·이대역,신촌·이대역,POI040,KEY_2,4248. 신촌 교보빌딩,ST-3021,10,1,10,126.94034576,37.5560112
2026-06-26T02:55:15.898981+09:00,쌍문역,쌍문역,POI070,KEY_3,1709. 쌍문역4번출구 주변,ST-616,47,8,17,127.03534698,37.65012741
2026-06-26T02:55:15.898981+09:00,쌍문역,쌍문역,POI070,KEY_3,1774.정의여중고 버스정류소,ST-2119,100,8,8,127.034729,37.65134811
2026-06-26T02:55:15.898981+09:00,쌍문역,쌍문역,POI070,KEY_3,1754. 창동시장입구 사거리,ST-2099,27,3,11,127.03343201,37.64689636
2026-06-26T02:55:15.898981+09:00,쌍문역,쌍문역,POI070,KEY_3,4054. 창동한신아파트 버스정류소,ST-2722,30,3,10,127.03527069,37.64601898
2026-06-26T02:55:15.898981+09:00,양재역,양재역,POI041,KEY_4,2333. 양재역 3번출구 주변,ST-816,0,0,14,127.03407288,37.48515701
2026-06-26T02:55:15.898981+09:00,양재역,양재역,POI041,KEY_4,2242.양재역 10번 출구 앞,ST-767,5,1,20,127.03417969,37.48398972
2026-06-26T02:55:15.898981+09:00,양재역,양재역,POI041,KEY_4,2293. SPC 앞,ST-1360,10,1,10,127.03699493,37.48479843
2026-06-26T02:55:15.898981+09:00,양재역,양재역,POI041,KEY_4,4329. SC제일은행 양재동지점 앞,ST-2962,0,0,8,127.03315735,37.48573685
2026-06-26T02:55:15.898981+09:00,역삼역,역삼역,POI042,KEY_1,2410. 포스코피앤에스타워 (역삼역 3번출구 부근),ST-1680,120,12,10,127.03375244,37.49959946
2026-06-26T02:55:15.898981+09:00,역삼역,역삼역,POI042,KEY_1,2430.강남파이낸스센터앞(역삼역2번출구),ST-1896,0,0,10,127.03605652,37.50024414
2026-06-26T02:55:15.898981+09:00,역삼역,역삼역,POI042,KEY_1,2349. 역삼빌딩 앞(하나은행 옆),ST-959,0,0,12,127.03856659,37.50154495
2026-06-26T02:55:15.898981+09:00,연신내역,연신내역,POI043,KEY_2,906. 연신내역 5번출구,ST-454,200,16,8,126.91957855,37.61721039
2026-06-26T02:55:15.898981+09:00,연신내역,연신내역,POI043,KEY_2,949. 연신내역 1번 출구,ST-1035,50,3,6,126.92080688,37.61978149
2026-06-26T02:55:15.898981+09:00,연신내역,연신내역,POI043,KEY_2,922. 연신내역 4번출구,ST-470,10,1,10,126.92196655,37.61780167
2026-06-26T02:55:15.898981+09:00,오목교역·목동운동장,오목교역·목동운동장,POI044,KEY_3,747. 목동3단지 상가,ST-1018,250,25,10,126.8756485,37.53458023
2026-06-26T02:55:15.898981+09:00,오목교역·목동운동장,오목교역·목동운동장,POI044,KEY_3,792.목동트라팰리스 웨스턴에비뉴,ST-2017,0,0,20,126.8709259,37.52537155
2026-06-26T02:55:15.898981+09:00,오목교역·목동운동장,오목교역·목동운동장,POI044,KEY_3,791.현대하이페리온,ST-2016,47,7,15,126.86980438,37.52490234
2026-06-26T02:55:15.898981+09:00,오목교역·목동운동장,오목교역·목동운동장,POI044,KEY_3,756. 목동주차장,ST-1497,33,5,15,126.8761673,37.52667999
2026-06-26T02:55:15.898981+09:00,오목교역·목동운동장,오목교역·목동운동장,POI044,KEY_3,771.목동아파트 703동 앞,ST-1997,13,1,8,126.87016296,37.52820587
2026-06-26T02:55:15.898981+09:00,오목교역·목동운동장,오목교역·목동운동장,POI044,KEY_3,748. 목동운동장,ST-1019,162,21,13,126.87930298,37.53025055
2026-06-26T02:55:15.898981+09:00,오목교역·목동운동장,오목교역·목동운동장,POI044,KEY_3,765. 오목교역 3번출구,ST-1731,25,3,12,126.87548065,37.52477646
2026-06-26T02:55:15.898981+09:00,오목교역·목동운동장,오목교역·목동운동장,POI044,KEY_3,723. SBS방송국,ST-994,13,2,15,126.87274933,37.52916336
2026-06-26T02:55:15.898981+09:00,오목교역·목동운동장,오목교역·목동운동장,POI044,KEY_3,731. 서울시 도로환경관리센터,ST-1002,40,4,10,126.87654114,37.5298996
2026-06-26T02:55:15.898981+09:00,오목교역·목동운동장,오목교역·목동운동장,POI044,KEY_3,762. 오목로 무중력지대 앞,ST-1503,50,5,10,126.87766266,37.52474213
2026-06-26T02:55:15.898981+09:00,오목교역·목동운동장,오목교역·목동운동장,POI044,KEY_3,769.CBS방송국 앞,ST-1995,10,2,20,126.87467194,37.52785492
2026-06-26T02:55:15.898981+09:00,오목교역·목동운동장,오목교역·목동운동장,POI044,KEY_3,703. 오목교역 7번출구 앞,ST-311,8,1,12,126.87524414,37.52362823
2026-06-26T02:55:15.898981+09:00,오목교역·목동운동장,오목교역·목동운동장,POI044,KEY_3,4543. 오목교역 6번 출구,ST-3163,0,0,9,126.87567139,37.5236702
2026-06-26T02:55:15.898981+09:00,오목교역·목동운동장,오목교역·목동운동장,POI044,KEY_3,4532. 목동현대아파트 후문 앞,ST-2879,150,15,10,126.87805939,37.5221405
2026-06-26T02:55:15.898981+09:00,오목교역·목동운동장,오목교역·목동운동장,POI044,KEY_3,4546. 목동운동장 주경기장,ST-3227,77,23,30,126.88307953,37.52937698
2026-06-26T02:55:15.898981+09:00,오목교역·목동운동장,오목교역·목동운동장,POI044,KEY_3,4514. 목동성당 앞,ST-2764,245,49,20,126.86930084,37.52319717
2026-06-26T02:55:15.898981+09:00,왕십리역,왕십리역,POI045,KEY_4,525. 한양대병원사거리,ST-241,15,3,20,127.04035187,37.55805206
2026-06-26T02:55:15.898981+09:00,왕십리역,왕십리역,POI045,KEY_4,558. 성동광진 교육지원청 앞,ST-359,30,6,20,127.03652191,37.56460571
2026-06-26T02:55:15.898981+09:00,왕십리역,왕십리역,POI045,KEY_4,559. 왕십리역 4번 출구 건너편,ST-360,15,2,13,127.03679657,37.56109619
2026-06-26T02:55:15.898981+09:00,왕십리역,왕십리역,POI045,KEY_4,3561.행당동 삼부APT후문,ST-2343,70,7,10,127.03839874,37.55926895
2026-06-26T02:55:15.898981+09:00,왕십리역,왕십리역,POI045,KEY_4,3545.한양대역 1번출구,ST-2327,0,0,10,127.04335785,37.55657959
2026-06-26T02:55:15.898981+09:00,용산역,용산역,POI046,KEY_1,853.용산역 맞은편,ST-2177,5,1,19,126.96595001,37.52841568
2026-06-26T02:55:15.898981+09:00,용산역,용산역,POI046,KEY_1,806. 전자랜드 본관 앞,ST-327,10,2,20,126.96073151,37.5330658
2026-06-26T02:55:15.898981+09:00,용산역,용산역,POI046,KEY_1,845. 용산 선인상가,ST-1615,75,12,16,126.96437836,37.53269958
2026-06-26T02:55:15.898981+09:00,용산역,용산역,POI046,KEY_1,4617. 동원베네스트 건너편,ST-2448,50,3,6,126.95511627,37.52761078
2026-06-26T02:55:15.898981+09:00,용산역,용산역,POI046,KEY_1,4616. 신용산지하차도 앞,ST-2447,13,2,15,126.96411896,37.53248215
2026-06-26T02:55:15.898981+09:00,잠실새내역,잠실새내역,POI118,KEY_3,1222. 잠실새내역 5번 출구 뒤,ST-547,48,11,23,127.08505249,37.51198196
2026-06-26T02:55:15.898981+09:00,잠실새내역,잠실새내역,POI118,KEY_3,1224. 아시아지하보도 2번 출구,ST-548,127,19,15,127.07893372,37.51216888
2026-06-26T02:55:15.898981+09:00,잠실새내역,잠실새내역,POI118,KEY_3,2637. 아시아지하보도 14번 출구,ST-1864,33,5,15,127.07881165,37.51146317
2026-06-26T02:55:15.898981+09:00,잠실새내역,잠실새내역,POI118,KEY_3,2635.잠실새내역 1번출구,ST-1862,0,0,21,127.08673859,37.51129532
2026-06-26T02:55:15.898981+09:00,잠실역,잠실역,POI119,KEY_4,1210. 롯데월드타워(잠실역2번출구 쪽),ST-891,3,1,30,127.10095978,37.51312637
2026-06-26T02:55:15.898981+09:00,잠실역,잠실역,POI119,KEY_4,1231. 잠실역 6번출구,ST-840,8,1,13,127.09902954,37.51408768
2026-06-26T02:55:15.898981+09:00,잠실역,잠실역,POI119,KEY_4,1232. 잠실주공 521동 건너편,ST-550,20,2,10,127.09568787,37.51184082
2026-06-26T02:55:15.898981+09:00,잠실역,잠실역,POI119,KEY_4,2647.잠실 자전거 수리센터 앞,ST-1868,14,1,7,127.10114288,37.51100922
2026-06-26T02:55:15.898981+09:00,장지역,장지역,POI048,KEY_1,1266. 문정동 글샘 공원,ST-1085,70,7,10,127.12000275,37.47880936
2026-06-26T02:55:15.898981+09:00,장지역,장지역,POI048,KEY_1,1244. 문정 법조단지8,ST-904,0,0,11,127.12212372,37.48153687
2026-06-26T02:55:15.898981+09:00,장지역,장지역,POI048,KEY_1,1246. 문정 법조단지10,ST-906,3,1,30,127.12632751,37.47750854
2026-06-26T02:55:15.898981+09:00,장지역,장지역,POI048,KEY_1,1247. 문정 법조단지11,ST-907,0,0,15,127.12351227,37.4788208
2026-06-26T02:55:15.898981+09:00,장지역,장지역,POI048,KEY_1,1245. 문정 법조단지9,ST-905,10,1,10,127.12532806,37.47946548
2026-06-26T02:55:15.898981+09:00,장지역,장지역,POI048,KEY_1,4491. 장지역 1번출구,ST-2599,20,2,10,127.12678528,37.47953415
2026-06-26T02:55:15.898981+09:00,장지역,장지역,POI048,KEY_1,4885. 가든파이브 리빙관,ST-2985,0,0,8,127.123703,37.47709656
2026-06-26T02:55:15.898981+09:00,장한평역,장한평역,POI049,KEY_2,626. 군자교 서측 녹지대,ST-394,171,29,17,127.07096863,37.56115341
2026-06-26T02:55:15.898981+09:00,장한평역,장한평역,POI049,KEY_2,529. 장한평역 8번 출구 앞,ST-243,300,24,8,127.06365967,37.56137085
2026-06-26T02:55:15.898981+09:00,장한평역,장한평역,POI049,KEY_2,4385. 용답동 우체국 주변,ST-3099,300,15,5,127.06151581,37.56168747
2026-06-26T02:55:15.898981+09:00,장한평역,장한평역,POI049,KEY_2,4105. 서울교통공사사거리 교통섬,ST-2499,0,0,10,127.05799103,37.56324005
2026-06-26T02:55:15.898981+09:00,천호역,천호역,POI050,KEY_3,1264. 천호역 10번 출구 앞,ST-1083,0,0,8,127.12280273,37.53858185
2026-06-26T02:55:15.898981+09:00,천호역,천호역,POI050,KEY_3,1009. 천호역4번출구(현대백화점),ST-493,20,4,20,127.12424469,37.53866577
2026-06-26T02:55:15.898981+09:00,천호역,천호역,POI050,KEY_3,3657. 서울천호동우체국,ST-2732,250,25,10,127.12576294,37.54074097
2026-06-26T02:55:15.898981+09:00,총신대입구(이수)역,총신대입구(이수)역,POI051,KEY_4,2032. 이수역 11번출구쪽,ST-923,150,15,10,126.98162079,37.48550797
2026-06-26T02:55:15.898981+09:00,총신대입구(이수)역,총신대입구(이수)역,POI051,KEY_4,2091. 이수역9번출구,ST-2364,227,34,15,126.98059082,37.48470306
2026-06-26T02:55:15.898981+09:00,총신대입구(이수)역,총신대입구(이수)역,POI051,KEY_4,2264. 이수역 1번출구,ST-935,144,13,9,126.98271942,37.48897171
2026-06-26T02:55:15.898981+09:00,총신대입구(이수)역,총신대입구(이수)역,POI051,KEY_4,2511. 이수역 6번출구 앞,ST-1739,130,13,10,126.98234558,37.48398972
2026-06-26T02:55:15.898981+09:00,총신대입구(이수)역,총신대입구(이수)역,POI051,KEY_4,2082.7호선 이수역7번출구,ST-2355,270,27,10,126.98179626,37.4846077
2026-06-26T02:55:15.898981+09:00,충정로역,충정로역,POI052,KEY_1,180. 충정로역 7번출구 아래,ST-233,60,6,10,126.96246338,37.55996704
2026-06-26T02:55:15.898981+09:00,충정로역,충정로역,POI052,KEY_1,3134.SK리쳄블(서울아리수본부),ST-2219,30,3,10,126.96658325,37.56131744
2026-06-26T02:55:15.898981+09:00,충정로역,충정로역,POI052,KEY_1,3114.충정로역 3번 출구,ST-2198,43,3,7,126.96552277,37.56046295
2026-06-26T02:55:15.898981+09:00,충정로역,충정로역,POI052,KEY_1,4801. 충정로역 2호선(엘리베이터 앞),ST-3053,40,2,5,126.96414185,37.55937576
2026-06-26T02:55:15.898981+09:00,충정로역,충정로역,POI052,KEY_1,4752. 삼성사이버빌리지아파트,ST-2624,29,2,7,126.96485901,37.55891418
2026-06-26T02:55:15.898981+09:00,충정로역,충정로역,POI052,KEY_1,4266.국민연금공단충정로사옥,ST-3027,0,0,9,126.96414948,37.56184769
2026-06-26T02:55:15.898981+09:00,충정로역,충정로역,POI052,KEY_1,4271. 충정로역 1번 출구,ST-3107,43,3,7,126.96305847,37.55942535
2026-06-26T02:55:15.898981+09:00,합정역,합정역,POI053,KEY_2,497.합정동주민센터 앞,ST-2156,20,5,25,126.91230011,37.551754
2026-06-26T02:55:15.898981+09:00,합정역,합정역,POI053,KEY_2,105. 합정역 5번출구 앞,ST-7,0,0,5,126.91482544,37.55000687
2026-06-26T02:55:15.898981+09:00,합정역,합정역,POI053,KEY_2,106. 합정역 7번출구 앞,ST-8,0,0,12,126.91282654,37.54864502
2026-06-26T02:55:15.898981+09:00,합정역,합정역,POI053,KEY_2,4211. 시석빌딩 앞,ST-2534,0,0,8,126.91671753,37.54836655
2026-06-26T02:55:15.898981+09:00,혜화역,혜화역,POI054,KEY_3,342. 대학로 마로니에공원,ST-158,59,13,22,127.00234222,37.58044434
2026-06-26T02:55:15.898981+09:00,혜화역,혜화역,POI054,KEY_3,341. 혜화역 3번출구 뒤,ST-157,13,1,8,127.00178528,37.58156967
2026-06-26T02:55:15.898981+09:00,혜화역,혜화역,POI054,KEY_3,358. 성균관대입구 사거리 A,ST-173,8,1,13,126.99853516,37.58250046
2026-06-26T02:55:15.898981+09:00,혜화역,혜화역,POI054,KEY_3,3419.국립어린이과학관,ST-1816,29,4,14,126.99736786,37.58194733
2026-06-26T02:55:15.898981+09:00,혜화역,혜화역,POI054,KEY_3,3420. 성균관대입구 사거리 B,ST-1817,20,2,10,126.99885559,37.58327484
2026-06-26T02:55:15.898981+09:00,혜화역,혜화역,POI054,KEY_3,3421.혜화역 1번출구,ST-1818,20,2,10,127.00185394,37.58385468
2026-06-26T02:55:15.898981+09:00,홍대입구역(2호선),홍대입구역(2호선),POI055,KEY_4,113. 홍대입구역 2번출구 앞,ST-18,4,1,28,126.9238205,37.5574379
2026-06-26T02:55:15.898981+09:00,홍대입구역(2호선),홍대입구역(2호선),POI055,KEY_4,114. 홍대입구역 8번출구 앞,ST-20,13,2,15,126.92442322,37.55706024
2026-06-26T02:55:15.898981+09:00,회기역,회기역,POI056,KEY_1,680.꿈마루어린이도서관 앞,ST-2280,155,34,22,127.05741119,37.59238434
2026-06-26T02:55:15.898981+09:00,회기역,회기역,POI056,KEY_1,670.삼육서울병원 버스정류장,ST-2270,256,23,9,127.06151581,37.5896759
2026-06-26T03:56:57.651155+09:00,광화문·덕수궁,광화문·덕수궁,POI009,KEY_2,303. 광화문역 1번출구 앞,ST-119,13,1,8,126.97466278,37.57176971
2026-06-26T03:56:57.651155+09:00,광화문·덕수궁,광화문·덕수궁,POI009,KEY_2,458. 광화문역 5번출구,ST-1611,14,3,21,126.97756958,37.56989288
2026-06-26T03:56:57.651155+09:00,광화문·덕수궁,광화문·덕수궁,POI009,KEY_2,391. 시립미술관,ST-977,75,6,8,126.97340393,37.56505203
2026-06-26T03:56:57.651155+09:00,광화문·덕수궁,광화문·덕수궁,POI009,KEY_2,310. 청계광장 옆,ST-126,0,0,8,126.9774704,37.56887817
2026-06-26T03:56:57.651155+09:00,광화문·덕수궁,광화문·덕수궁,POI009,KEY_2,305. 종로구청 옆,ST-121,19,3,16,126.97833252,37.57255936
2026-06-26T03:56:57.651155+09:00,광화문·덕수궁,광화문·덕수궁,POI009,KEY_2,309. 광화문역 6번출구 옆 B,ST-125,0,0,13,126.97615814,37.56996155
2026-06-26T03:56:57.651155+09:00,광화문·덕수궁,광화문·덕수궁,POI009,KEY_2,4796. 서울시청,ST-2693,15,3,20,126.97925568,37.5664711
2026-06-26T03:56:57.651155+09:00,광화문·덕수궁,광화문·덕수궁,POI009,KEY_2,4719. 종로문화원 건너편,ST-3090,33,5,15,126.9805069,37.57571411
2026-06-26T03:56:57.651155+09:00,광화문·덕수궁,광화문·덕수궁,POI009,KEY_2,4718. 광화문역 6번출구 옆 A,ST-3075,10,1,10,126.9764328,37.56993103
2026-06-26T03:56:57.651155+09:00,광화문·덕수궁,광화문·덕수궁,POI009,KEY_2,6058. 시청역 2번출구,ST-3297,73,11,15,126.97702026,37.56557846
2026-06-26T03:56:57.651155+09:00,보신각,보신각,POI010,KEY_3,316. 종각역 1번출구 앞,ST-132,13,1,8,126.98178864,37.57039642
2026-06-26T03:56:57.651155+09:00,보신각,보신각,POI010,KEY_3,385. 종각역 5번출구,ST-336,0,0,10,126.98265839,37.56983566
2026-06-26T03:56:57.651155+09:00,보신각,보신각,POI010,KEY_3,3408.종로타워빌딩,ST-1805,0,0,13,126.98323822,37.57070541
2026-06-26T03:56:57.651155+09:00,보신각,보신각,POI010,KEY_3,4708. 조계사앞사거리,ST-2472,33,2,6,126.98283386,37.5721817
2026-06-26T03:56:57.651155+09:00,서울 암사동 유적,서울 암사동 유적,POI011,KEY_4,1007.암사동 선사유적지,ST-491,229,32,14,127.13087463,37.55955887
2026-06-26T03:56:57.651155+09:00,서울 암사동 유적,서울 암사동 유적,POI011,KEY_4,3539. 서원마을,ST-1686,70,7,10,127.13283539,37.56379318
2026-06-26T03:56:57.651155+09:00,창덕궁·종묘,창덕궁·종묘,POI012,KEY_1,339. 종로4가 사거리,ST-155,10,1,10,126.99819183,37.57106781
2026-06-26T03:56:57.651155+09:00,창덕궁·종묘,창덕궁·종묘,POI012,KEY_1,337. 창경궁 입구,ST-153,40,2,5,126.99647522,37.57897949
2026-06-26T03:56:57.651155+09:00,창덕궁·종묘,창덕궁·종묘,POI012,KEY_1,359. 원남동사거리,ST-174,100,8,8,126.99768066,37.57606125
2026-06-26T03:56:57.651155+09:00,창덕궁·종묘,창덕궁·종묘,POI012,KEY_1,338. 세운스퀘어 앞,ST-154,0,0,18,126.99712372,37.57095718
2026-06-26T03:56:57.651155+09:00,창덕궁·종묘,창덕궁·종묘,POI012,KEY_1,3413.종로플레이스,ST-1810,32,7,22,126.99796295,37.57320023
2026-06-26T03:56:57.651155+09:00,창덕궁·종묘,창덕궁·종묘,POI012,KEY_1,3410.종로3가역 8번출구,ST-1807,50,5,10,126.99188995,37.5724678
2026-06-26T03:56:57.651155+09:00,창덕궁·종묘,창덕궁·종묘,POI012,KEY_1,3411.종묘,ST-1808,33,3,9,126.99437714,37.57072067
2026-06-26T03:56:57.651155+09:00,동대문 관광특구,동대문 관광특구,POI002,KEY_3,474.동대문역사문화공원역 1번출구 뒤편,ST-1780,55,22,40,127.00849152,37.56629944
2026-06-26T03:56:57.651155+09:00,동대문 관광특구,동대문 관광특구,POI002,KEY_3,383. 신당역 12번 출구 뒤,ST-198,4,1,24,127.01642609,37.56591797
2026-06-26T03:56:57.651155+09:00,동대문 관광특구,동대문 관광특구,POI002,KEY_3,346. 맥스타일 앞,ST-162,60,6,10,127.01014709,37.5689621
2026-06-26T03:56:57.651155+09:00,동대문 관광특구,동대문 관광특구,POI002,KEY_3,475.DDP 패션몰,ST-1781,29,6,21,127.0118103,37.56764984
2026-06-26T03:56:57.651155+09:00,동대문 관광특구,동대문 관광특구,POI002,KEY_3,347. 동대문역사문화공원역 9번출구 앞,ST-163,39,7,18,127.00784302,37.56533051
2026-06-26T03:56:57.651155+09:00,동대문 관광특구,동대문 관광특구,POI002,KEY_3,6061.충무아트센터,ST-3381,50,5,10,127.01522064,37.56538773
2026-06-26T03:56:57.651155+09:00,동대문 관광특구,동대문 관광특구,POI002,KEY_3,4765. 동대문디자인플라자,ST-2431,10,2,20,127.00946045,37.5683136
2026-06-26T03:56:57.651155+09:00,명동 관광특구,명동 관광특구,POI003,KEY_4,310. 청계광장 옆,ST-126,0,0,8,126.9774704,37.56887817
2026-06-26T03:56:57.651155+09:00,명동 관광특구,명동 관광특구,POI003,KEY_4,321. KEB 하나금융그룹 명동사옥 옆,ST-137,0,0,15,126.98413849,37.56546402
2026-06-26T03:56:57.651155+09:00,명동 관광특구,명동 관광특구,POI003,KEY_4,433. 을지로입구역 2번출구,ST-1668,0,0,12,126.98229218,37.56634521
2026-06-26T03:56:57.651155+09:00,명동 관광특구,명동 관광특구,POI003,KEY_4,322. 명동성당 앞,ST-138,0,0,10,126.98696899,37.56447601
2026-06-26T03:56:57.651155+09:00,명동 관광특구,명동 관광특구,POI003,KEY_4,318. 광교사거리 남측,ST-134,0,0,10,126.98231506,37.56863403
2026-06-26T03:56:57.651155+09:00,명동 관광특구,명동 관광특구,POI003,KEY_4,320. 을지로입구역 4번출구 앞,ST-136,0,0,17,126.98358917,37.56622314
2026-06-26T03:56:57.651155+09:00,명동 관광특구,명동 관광특구,POI003,KEY_4,331. 을지로2가 사거리 북측,ST-147,0,0,10,126.98720551,37.56638336
2026-06-26T03:56:57.651155+09:00,명동 관광특구,명동 관광특구,POI003,KEY_4,466.롯데호텔,ST-1772,69,9,13,126.97981262,37.56584167
2026-06-26T03:56:57.651155+09:00,명동 관광특구,명동 관광특구,POI003,KEY_4,324. 신세계백화점 본점 앞,ST-140,38,3,8,126.9805069,37.56134415
2026-06-26T03:56:57.651155+09:00,명동 관광특구,명동 관광특구,POI003,KEY_4,398. 을지로3가역 3번출구,ST-1435,75,6,8,126.99249268,37.56660461
2026-06-26T03:56:57.651155+09:00,명동 관광특구,명동 관광특구,POI003,KEY_4,3013.서울지방고용노동청 앞,ST-2422,0,0,7,126.98725891,37.56760406
2026-06-26T03:56:57.651155+09:00,명동 관광특구,명동 관광특구,POI003,KEY_4,4791. 명동역9번 출구,ST-2527,20,2,10,126.98749542,37.56122589
2026-06-26T03:56:57.651155+09:00,명동 관광특구,명동 관광특구,POI003,KEY_4,4796. 서울시청,ST-2693,15,3,20,126.97925568,37.5664711
2026-06-26T03:56:57.651155+09:00,명동 관광특구,명동 관광특구,POI003,KEY_4,4776. 신세계면세점,ST-2522,30,3,10,126.98139191,37.56027603
2026-06-26T03:56:57.651155+09:00,명동 관광특구,명동 관광특구,POI003,KEY_4,4775. 을지로지하쇼핑센터,ST-2521,0,0,10,126.98445129,37.56589127
2026-06-26T03:56:57.651155+09:00,명동 관광특구,명동 관광특구,POI003,KEY_4,4762. 국제빌딩,ST-2517,0,0,10,126.98244476,37.56694794
2026-06-26T03:56:57.651155+09:00,명동 관광특구,명동 관광특구,POI003,KEY_4,4774. 을지로입구역 8번출구,ST-2520,0,0,9,126.98178101,37.56590271
2026-06-26T03:56:57.651155+09:00,명동 관광특구,명동 관광특구,POI003,KEY_4,6058. 시청역 2번출구,ST-3297,73,11,15,126.97702026,37.56557846
2026-06-26T03:56:57.651155+09:00,이태원 관광특구,이태원 관광특구,POI004,KEY_1,854.HID 유족동지회 앞,ST-2178,0,0,10,127.0014801,37.53850937
2026-06-26T03:56:57.651155+09:00,이태원 관광특구,이태원 관광특구,POI004,KEY_1,857. 현대 안성타워,ST-2181,0,0,10,126.99797058,37.53508759
2026-06-26T03:56:57.651155+09:00,이태원 관광특구,이태원 관광특구,POI004,KEY_1,843. 이태원관광특구 입구(용산구청방향),ST-1445,0,0,19,126.98867035,37.53379822
2026-06-26T03:56:57.651155+09:00,이태원 관광특구,이태원 관광특구,POI004,KEY_1,4613. 서울갤러리아 앞,ST-2445,20,1,5,126.99937439,37.53597641
2026-06-26T03:56:57.651155+09:00,이태원 관광특구,이태원 관광특구,POI004,KEY_1,4623. 라인프랜즈이태원점 앞,ST-2453,0,0,10,126.99619293,37.53453064
2026-06-26T03:56:57.651155+09:00,이태원 관광특구,이태원 관광특구,POI004,KEY_1,4634. 이태원역 3번 출구,ST-3056,0,0,5,126.99497223,37.5343895
2026-06-26T03:56:57.651155+09:00,이태원 관광특구,이태원 관광특구,POI004,KEY_1,4612. 이태원로 255,ST-2444,20,1,5,127.00084686,37.53749847
2026-06-26T03:56:57.651155+09:00,잠실 관광특구,잠실 관광특구,POI005,KEY_2,1210. 롯데월드타워(잠실역2번출구 쪽),ST-891,7,2,30,127.10095978,37.51312637
2026-06-26T03:56:57.651155+09:00,잠실 관광특구,잠실 관광특구,POI005,KEY_2,1267. 올림픽공원 남2문 앞,ST-1086,14,2,14,127.12306976,37.51424026
2026-06-26T03:56:57.651155+09:00,잠실 관광특구,잠실 관광특구,POI005,KEY_2,1297. 석촌호수교차로(동호 팔각정 앞),ST-1586,0,0,15,127.10411835,37.50920105
2026-06-26T03:56:57.651155+09:00,잠실 관광특구,잠실 관광특구,POI005,KEY_2,1296. 석촌호수교차로 (송파나루근린공원 앞),ST-1585,0,0,10,127.1034317,37.50867844
2026-06-26T03:56:57.651155+09:00,잠실 관광특구,잠실 관광특구,POI005,KEY_2,1233. 잠실3거리(갤러리아팰리스),ST-551,44,4,9,127.09336853,37.51050949
2026-06-26T03:56:57.651155+09:00,잠실 관광특구,잠실 관광특구,POI005,KEY_2,1268. 몽촌토성역 1번출구 옆,ST-1087,47,7,15,127.11419678,37.51728821
2026-06-26T03:56:57.651155+09:00,잠실 관광특구,잠실 관광특구,POI005,KEY_2,1232. 잠실주공 521동 건너편,ST-550,40,4,10,127.09568787,37.51184082
2026-06-26T03:56:57.651155+09:00,잠실 관광특구,잠실 관광특구,POI005,KEY_2,2608. 송파구청,ST-1681,0,0,10,127.10611725,37.51499176
2026-06-26T03:56:57.651155+09:00,잠실 관광특구,잠실 관광특구,POI005,KEY_2,2601. 석촌호수 아뜰리에,ST-1590,75,12,16,127.09883118,37.5067482
2026-06-26T03:56:57.651155+09:00,잠실 관광특구,잠실 관광특구,POI005,KEY_2,2621. 한성백제역 2번 출구,ST-1719,33,5,15,127.11625671,37.51665878
2026-06-26T03:56:57.651155+09:00,잠실 관광특구,잠실 관광특구,POI005,KEY_2,2622. 올림픽공원역 3번출구,ST-1720,0,0,20,127.13059235,37.51625824
2026-06-26T03:56:57.651155+09:00,잠실 관광특구,잠실 관광특구,POI005,KEY_2,2647.잠실 자전거 수리센터 앞,ST-1868,14,1,7,127.10114288,37.51100922
2026-06-26T03:56:57.651155+09:00,잠실 관광특구,잠실 관광특구,POI005,KEY_2,4868. 석촌호수 서호 남단,ST-2833,110,11,10,127.10124207,37.50717163
2026-06-26T03:56:57.651155+09:00,잠실 관광특구,잠실 관광특구,POI005,KEY_2,4870. 몽촌토성역 3번 출구,ST-2876,210,21,10,127.11232758,37.5170784
2026-06-26T03:56:57.651155+09:00,잠실 관광특구,잠실 관광특구,POI005,KEY_2,5751. 송파여성축구장,ST-3069,0,0,10,127.11743927,37.52471542
2026-06-26T03:56:57.651155+09:00,잠실 관광특구,잠실 관광특구,POI005,KEY_2,4865. 한성백제역 1번출구 뒤,ST-2797,380,19,5,127.1149826,37.51647949
2026-06-26T03:56:57.651155+09:00,잠실 관광특구,잠실 관광특구,POI005,KEY_2,5781. 올림픽공원 수영장,ST-3300,179,25,14,127.12688446,37.52157211
2026-06-26T03:56:57.651155+09:00,잠실 관광특구,잠실 관광특구,POI005,KEY_2,4857. 올림픽공원 장미광장,ST-2621,0,0,15,127.126297,37.51275635
2026-06-26T03:56:57.651155+09:00,잠실 관광특구,잠실 관광특구,POI005,KEY_2,4862. 성내교 남단,ST-2756,80,8,10,127.11588287,37.52301788
2026-06-26T03:56:57.651155+09:00,잠실 관광특구,잠실 관광특구,POI005,KEY_2,4481. 올림픽공원 북2문 B,ST-2592,100,25,25,127.12751007,37.52397537
2026-06-26T03:56:57.651155+09:00,잠실 관광특구,잠실 관광특구,POI005,KEY_2,4464. 올림픽공원 북2문 A,ST-2580,67,10,15,127.12804413,37.52357483
2026-06-26T03:56:57.651155+09:00,잠실 관광특구,잠실 관광특구,POI005,KEY_2,5768.방이삼거리,ST-3214,50,6,12,127.10822296,37.51237488
2026-06-26T03:56:57.651155+09:00,잠실 관광특구,잠실 관광특구,POI005,KEY_2,4856. 올림픽공원 서1문 앞,ST-2608,60,6,10,127.11457062,37.5202179
2026-06-26T03:56:57.651155+09:00,종로·청계 관광특구,종로·청계 관광특구,POI006,KEY_3,397. 종묘공영주차장 건너편,ST-1432,23,3,13,126.99663544,37.57048035
2026-06-26T03:56:57.651155+09:00,종로·청계 관광특구,종로·청계 관광특구,POI006,KEY_3,455. 종로6가역 버스정류장(동대문 방향),ST-1608,38,3,8,127.00605774,37.570961
2026-06-26T03:56:57.651155+09:00,종로·청계 관광특구,종로·청계 관광특구,POI006,KEY_3,458. 광화문역 5번출구,ST-1611,14,3,21,126.97756958,37.56989288
2026-06-26T03:56:57.651155+09:00,종로·청계 관광특구,종로·청계 관광특구,POI006,KEY_3,368. SK 서린빌딩 앞,ST-181,7,1,15,126.98053741,37.5692482
2026-06-26T03:56:57.651155+09:00,종로·청계 관광특구,종로·청계 관광특구,POI006,KEY_3,385. 종각역 5번출구,ST-336,0,0,10,126.98265839,37.56983566
2026-06-26T03:56:57.651155+09:00,종로·청계 관광특구,종로·청계 관광특구,POI006,KEY_3,329. 청계2가 사거리 옆,ST-145,0,0,8,126.98788452,37.56848526
2026-06-26T03:56:57.651155+09:00,종로·청계 관광특구,종로·청계 관광특구,POI006,KEY_3,335. 종로3가역 15번출구 뒤,ST-151,110,11,10,126.99165344,37.57019424
2026-06-26T03:56:57.651155+09:00,종로·청계 관광특구,종로·청계 관광특구,POI006,KEY_3,393. 동대문역 8번 출구,ST-1372,25,3,12,127.00937653,37.57014084
2026-06-26T03:56:57.651155+09:00,종로·청계 관광특구,종로·청계 관광특구,POI006,KEY_3,3412.세운상가,ST-1809,7,1,15,126.99454498,37.5703125
2026-06-26T03:56:57.651155+09:00,종로·청계 관광특구,종로·청계 관광특구,POI006,KEY_3,3432.종로2가 사거리,ST-1829,57,8,14,126.98880768,37.57001877
2026-06-26T03:56:57.651155+09:00,종로·청계 관광특구,종로·청계 관광특구,POI006,KEY_3,3415.동대문역6번출구,ST-1812,100,15,15,127.0107193,37.57147217
2026-06-26T03:56:57.651155+09:00,종로·청계 관광특구,종로·청계 관광특구,POI006,KEY_3,4707. 청계3가 사거리,ST-2513,40,2,5,126.99211884,37.56855774
2026-06-26T03:56:57.651155+09:00,홍대 관광특구,홍대 관광특구,POI007,KEY_4,113. 홍대입구역 2번출구 앞,ST-18,4,1,28,126.9238205,37.5574379
2026-06-26T03:56:57.651155+09:00,홍대 관광특구,홍대 관광특구,POI007,KEY_4,493.홍대입구역 6번출구,ST-2152,0,0,7,126.9288559,37.55657578
2026-06-26T03:56:57.651155+09:00,홍대 관광특구,홍대 관광특구,POI007,KEY_4,104. 합정역 1번출구 앞,ST-6,0,0,13,126.91508484,37.55073929
2026-06-26T03:56:57.651155+09:00,홍대 관광특구,홍대 관광특구,POI007,KEY_4,108. 서교동 사거리,ST-10,0,0,12,126.91861725,37.55274582
2026-06-26T03:56:57.651155+09:00,홍대 관광특구,홍대 관광특구,POI007,KEY_4,114. 홍대입구역 8번출구 앞,ST-20,7,1,15,126.92442322,37.55706024
2026-06-26T03:56:57.651155+09:00,홍대 관광특구,홍대 관광특구,POI007,KEY_4,3010.홍대입구역 3번출구,ST-2168,7,1,15,126.92538452,37.5582962
2026-06-26T03:56:57.651155+09:00,홍대 관광특구,홍대 관광특구,POI007,KEY_4,3009. 홍대입구역 사거리,ST-2167,10,2,20,126.92023468,37.55450058
2026-06-26T03:56:57.651155+09:00,홍대 관광특구,홍대 관광특구,POI007,KEY_4,4211. 시석빌딩 앞,ST-2534,0,0,8,126.91671753,37.54836655
2026-06-26T03:56:57.651155+09:00,홍대 관광특구,홍대 관광특구,POI007,KEY_4,4208. 스타벅스(동교동) 앞,ST-2532,10,1,10,126.91986847,37.5566597
2026-06-26T03:56:57.651155+09:00,국립중앙박물관·용산가족공원,국립중앙박물관·용산가족공원,POI089,KEY_1,863.이촌역2번 출구,ST-2187,140,14,10,126.977005,37.52177048
2026-06-26T03:56:57.651155+09:00,국립중앙박물관·용산가족공원,국립중앙박물관·용산가족공원,POI089,KEY_1,855.이촌역5번출구 앞,ST-2179,40,4,10,126.97277069,37.52272415
2026-06-26T03:56:57.651155+09:00,남산공원,남산공원,POI091,KEY_3,859.남산공원 야외식물원 앞,ST-2183,0,0,10,126.99586487,37.54188538
2026-06-26T03:56:57.651155+09:00,남산공원,남산공원,POI091,KEY_3,371. 동대입구역 6번출구 뒤,ST-186,20,2,10,127.00553894,37.55887222
2026-06-26T03:56:57.651155+09:00,남산공원,남산공원,POI091,KEY_3,381. 장충체육관,ST-196,40,4,10,127.00698853,37.55853271
2026-06-26T03:56:57.651155+09:00,남산공원,남산공원,POI091,KEY_3,4621. 남산도서관 앞,ST-3054,0,0,12,126.98201752,37.55240631
2026-06-26T03:56:57.651155+09:00,노들섬,노들섬,POI092,KEY_4,869.노들섬 동측 앞,ST-2239,0,0,10,126.95914459,37.51729584
2026-06-26T03:56:57.651155+09:00,노들섬,노들섬,POI092,KEY_4,870.노들섬 서측 앞,ST-2240,10,1,10,126.95829773,37.51731873
2026-06-26T03:56:57.651155+09:00,망원한강공원,망원한강공원,POI094,KEY_2,105. 합정역 5번출구 앞,ST-7,20,1,5,126.91482544,37.55000687
2026-06-26T03:56:57.651155+09:00,망원한강공원,망원한강공원,POI094,KEY_2,4217. 한강공원 망원나들목,ST-2905,145,29,20,126.89688873,37.55557632
2026-06-26T03:56:57.651155+09:00,망원한강공원,망원한강공원,POI094,KEY_2,5515.한강버스 망원 선착장,ST-3388,27,8,30,126.89590454,37.55466461
2026-06-26T03:56:57.651155+09:00,보라매공원,보라매공원,POI123,KEY_4,4181. 보라매공원역 2번출구,ST-3117,0,0,6,126.91781616,37.49582291
2026-06-26T03:56:57.651155+09:00,보라매공원,보라매공원,POI123,KEY_4,4179. 보라매병원역 1번출구,ST-3105,0,0,20,126.92362976,37.49304199
2026-06-26T03:56:57.651155+09:00,북서울꿈의숲,북서울꿈의숲,POI096,KEY_1,3718. 번동3단지 버스정류장,ST-2610,164,18,11,127.04390717,37.628685
2026-06-26T03:56:57.651155+09:00,북서울꿈의숲,북서울꿈의숲,POI096,KEY_1,1571.북서울 꿈의 숲 입구,ST-2401,40,4,10,127.03864288,37.62657166
2026-06-26T03:56:57.651155+09:00,북서울꿈의숲,북서울꿈의숲,POI096,KEY_1,1548. 북서울 꿈의숲 서문,ST-1725,93,14,15,127.03781128,37.62268829
2026-06-26T03:56:57.651155+09:00,서대문독립공원,서대문독립공원,POI124,KEY_2,367. 독립문역 3-1번출구,ST-180,238,31,13,126.95851898,37.57415771
2026-06-26T03:56:57.651155+09:00,서대문독립공원,서대문독립공원,POI124,KEY_2,3426.독립문역 2번출구 뒤,ST-1823,220,22,10,126.95755005,37.57501602
2026-06-26T03:56:57.651155+09:00,서대문독립공원,서대문독립공원,POI124,KEY_2,3113. 독립문 앞,ST-2199,67,10,15,126.95974731,37.57220459
2026-06-26T03:56:57.651155+09:00,서대문독립공원,서대문독립공원,POI124,KEY_2,3427.인왕산 아이파크 정문,ST-1824,200,16,8,126.95584869,37.57666779
2026-06-26T03:56:57.651155+09:00,서리풀공원·몽마르뜨공원,서리풀공원·몽마르뜨공원,POI098,KEY_3,4316. 고속터미널역 3번출구,ST-2667,16,4,25,127.0059433,37.50365829
2026-06-26T03:56:57.651155+09:00,서리풀공원·몽마르뜨공원,서리풀공원·몽마르뜨공원,POI098,KEY_3,4312. 반포미도2차아파트 옆,ST-2663,10,1,10,127.00653076,37.50320435
2026-06-26T03:56:57.651155+09:00,서리풀공원·몽마르뜨공원,서리풀공원·몽마르뜨공원,POI098,KEY_3,4327. 몽마르뜨공원입구,ST-3009,0,0,11,127.0026474,37.4928894
2026-06-26T03:56:57.651155+09:00,서울숲공원,서울숲공원,POI101,KEY_1,510. 뚝도아리수정수센터 버스정류소 옆,ST-107,73,11,15,127.04380035,37.54122162
2026-06-26T03:56:57.651155+09:00,서울숲공원,서울숲공원,POI101,KEY_1,3552.서울숲 공영주차장앞,ST-2334,21,4,19,127.04277039,37.54195786
2026-06-26T03:56:57.651155+09:00,서울숲공원,서울숲공원,POI101,KEY_1,4401.뚝섬유수지 공영주차장,ST-3393,80,8,10,127.042099,37.55018234
2026-06-26T03:56:57.651155+09:00,송현녹지광장,송현녹지광장,POI129,KEY_2,354. 포르투갈 대사관 앞,ST-170,10,1,10,126.98896027,37.57915497
2026-06-26T03:56:57.651155+09:00,송현녹지광장,송현녹지광장,POI129,KEY_2,314. 국립현대미술관,ST-130,40,4,10,126.98085785,37.5797081
2026-06-26T03:56:57.651155+09:00,송현녹지광장,송현녹지광장,POI129,KEY_2,353. 재동초교 앞 삼거리,ST-169,125,10,8,126.9849472,37.57938766
2026-06-26T03:56:57.651155+09:00,송현녹지광장,송현녹지광장,POI129,KEY_2,3407.안국동사거리(신),ST-1804,0,0,18,126.98339081,37.57580566
2026-06-26T03:56:57.651155+09:00,송현녹지광장,송현녹지광장,POI129,KEY_2,4719. 종로문화원 건너편,ST-3090,33,5,15,126.9805069,37.57571411
2026-06-26T03:56:57.651155+09:00,송현녹지광장,송현녹지광장,POI129,KEY_2,4705. 웰니스센터(민방위교육장 앞),ST-2565,17,1,6,126.98912811,37.57752991
2026-06-26T03:56:57.651155+09:00,어린이대공원,어린이대공원,POI104,KEY_2,573. 구의문주차장 앞,ST-384,170,17,10,127.08473206,37.54523087
2026-06-26T03:56:57.651155+09:00,어린이대공원,어린이대공원,POI104,KEY_2,574. 아차산역4번출구,ST-385,127,28,22,127.08898163,37.55184937
2026-06-26T03:56:57.651155+09:00,어린이대공원,어린이대공원,POI104,KEY_2,500. 어린이대공원역 3번출구 앞,ST-97,40,2,5,127.07466888,37.54697037
2026-06-26T03:56:57.651155+09:00,어린이대공원,어린이대공원,POI104,KEY_2,3573.광나루안전체험관,ST-2312,20,3,15,127.07671356,37.5513382
2026-06-26T03:56:57.651155+09:00,어린이대공원,어린이대공원,POI104,KEY_2,3529. 어린이대공원정문,ST-1603,33,5,15,127.07592773,37.54978943
2026-06-26T03:56:57.651155+09:00,어린이대공원,어린이대공원,POI104,KEY_2,3853. 어린이대공원역 2번출구,ST-2541,11,2,18,127.07470703,37.54764938
2026-06-26T03:56:57.651155+09:00,어린이대공원,어린이대공원,POI104,KEY_2,3507. 어린이회관,ST-1192,77,24,31,127.07800293,37.54595184
2026-06-26T03:56:57.651155+09:00,어린이대공원,어린이대공원,POI104,KEY_2,3860. 건국대학교 정문 앞,ST-2542,50,5,10,127.07571411,37.5465126
2026-06-26T03:56:57.651155+09:00,여의도한강공원,여의도한강공원,POI105,KEY_3,249. 여의도중학교 옆,ST-297,19,3,16,126.93580627,37.52457809
2026-06-26T03:56:57.651155+09:00,여의도한강공원,여의도한강공원,POI105,KEY_3,260. 여의도 마리나선착장 앞,ST-414,27,4,15,126.91216278,37.53365707
2026-06-26T03:56:57.651155+09:00,여의도한강공원,여의도한강공원,POI105,KEY_3,5891.한강버스 여의도 선착장,ST-3402,263,79,30,126.93422699,37.52816391
2026-06-26T03:56:57.651155+09:00,여의도한강공원,여의도한강공원,POI105,KEY_3,5890.여의나루역 3번출구,ST-3401,9,1,11,126.93336487,37.52645493
2026-06-26T03:56:57.651155+09:00,여의서로,여의서로,POI126,KEY_4,298.KBS 연구동 건너편,ST-1970,0,0,25,126.91374207,37.52724838
2026-06-26T03:56:57.651155+09:00,여의서로,여의서로,POI126,KEY_4,297.국회3문,ST-1969,0,0,10,126.91267395,37.52863693
2026-06-26T03:56:57.651155+09:00,여의서로,여의서로,POI126,KEY_4,260. 여의도 마리나선착장 앞,ST-414,27,4,15,126.91216278,37.53365707
2026-06-26T03:56:57.651155+09:00,올림픽공원,올림픽공원,POI127,KEY_1,1267. 올림픽공원 남2문 앞,ST-1086,14,2,14,127.12306976,37.51424026
2026-06-26T03:56:57.651155+09:00,올림픽공원,올림픽공원,POI127,KEY_1,1268. 몽촌토성역 1번출구 옆,ST-1087,47,7,15,127.11419678,37.51728821
2026-06-26T03:56:57.651155+09:00,올림픽공원,올림픽공원,POI127,KEY_1,2621. 한성백제역 2번 출구,ST-1719,33,5,15,127.11625671,37.51665878
2026-06-26T03:56:57.651155+09:00,올림픽공원,올림픽공원,POI127,KEY_1,2622. 올림픽공원역 3번출구,ST-1720,0,0,20,127.13059235,37.51625824
2026-06-26T03:56:57.651155+09:00,올림픽공원,올림픽공원,POI127,KEY_1,5751. 송파여성축구장,ST-3069,0,0,10,127.11743927,37.52471542
2026-06-26T03:56:57.651155+09:00,올림픽공원,올림픽공원,POI127,KEY_1,4865. 한성백제역 1번출구 뒤,ST-2797,380,19,5,127.1149826,37.51647949
2026-06-26T03:56:57.651155+09:00,올림픽공원,올림픽공원,POI127,KEY_1,5781. 올림픽공원 수영장,ST-3300,179,25,14,127.12688446,37.52157211
2026-06-26T03:56:57.651155+09:00,올림픽공원,올림픽공원,POI127,KEY_1,4857. 올림픽공원 장미광장,ST-2621,0,0,15,127.126297,37.51275635
2026-06-26T03:56:57.651155+09:00,올림픽공원,올림픽공원,POI127,KEY_1,4862. 성내교 남단,ST-2756,80,8,10,127.11588287,37.52301788
2026-06-26T03:56:57.651155+09:00,올림픽공원,올림픽공원,POI127,KEY_1,4481. 올림픽공원 북2문 B,ST-2592,100,25,25,127.12751007,37.52397537
2026-06-26T03:56:57.651155+09:00,올림픽공원,올림픽공원,POI127,KEY_1,4464. 올림픽공원 북2문 A,ST-2580,67,10,15,127.12804413,37.52357483
2026-06-26T03:56:57.651155+09:00,올림픽공원,올림픽공원,POI127,KEY_1,4856. 올림픽공원 서1문 앞,ST-2608,60,6,10,127.11457062,37.5202179
2026-06-26T03:56:57.651155+09:00,월드컵공원,월드컵공원,POI106,KEY_2,413. 상암월드컵파크 3단지 후문,ST-92,120,12,10,126.88968658,37.57147598
2026-06-26T03:56:57.651155+09:00,월드컵공원,월드컵공원,POI106,KEY_2,199. 서울 월드컵 경기장,ST-443,17,5,30,126.89644623,37.56684494
2026-06-26T03:56:57.651155+09:00,월드컵공원,월드컵공원,POI106,KEY_2,419. 홈플러스 마포점 앞,ST-87,19,4,21,126.89942932,37.56842041
2026-06-26T03:56:57.651155+09:00,월드컵공원,월드컵공원,POI106,KEY_2,420. 서울시 공공자전거 상암센터,ST-85,92,34,37,126.8961792,37.56624603
2026-06-26T03:56:57.651155+09:00,월드컵공원,월드컵공원,POI106,KEY_2,418. 월드컵경기장역 3번출구 옆,ST-89,20,4,20,126.8992691,37.57277679
2026-06-26T03:56:57.651155+09:00,월드컵공원,월드컵공원,POI106,KEY_2,186. 월드컵공원,ST-344,60,24,40,126.89820862,37.56396484
2026-06-26T03:56:57.651155+09:00,월드컵공원,월드컵공원,POI106,KEY_2,440. 하늘공원 입구,ST-1754,73,11,15,126.88134766,37.57012177
2026-06-26T03:56:57.651155+09:00,월드컵공원,월드컵공원,POI106,KEY_2,3008.DMC역7번출구,ST-2166,30,3,10,126.89836121,37.57711411
2026-06-26T03:56:57.651155+09:00,응봉산,응봉산,POI107,KEY_3,569. 응봉현대아파트 정류소,ST-370,10,1,10,127.03024292,37.54958344
2026-06-26T03:56:57.651155+09:00,응봉산,응봉산,POI107,KEY_3,3511. 응봉역 1번출구,ST-1195,300,30,10,127.0351944,37.55130386
2026-06-26T03:56:57.651155+09:00,응봉산,응봉산,POI107,KEY_3,3525. 금호스포츠센터앞,ST-1599,187,28,15,127.02507019,37.54608917
2026-06-26T03:56:57.651155+09:00,청계산,청계산,POI112,KEY_4,2203. 청계산입구역 2번출구,ST-925,10,1,10,127.05501556,37.44765854
2026-06-26T03:56:57.651155+09:00,청계산,청계산,POI112,KEY_4,4338.새정이마을버스정류장 앞,ST-3216,80,4,5,127.06594849,37.43474579
2026-06-26T03:56:57.651155+09:00,가락시장,가락시장,POI058,KEY_2,2659.서울친환경유통센터,ST-2410,10,1,10,127.10492706,37.49420929
2026-06-26T03:56:57.651155+09:00,가락시장,가락시장,POI058,KEY_2,2658.가락몰 업무동,ST-2409,70,7,10,127.11569214,37.49535751
2026-06-26T03:56:57.651155+09:00,가락시장,가락시장,POI058,KEY_2,4854. 가락시장역 2번 출구,ST-2606,0,0,10,127.11798859,37.492733
2026-06-26T03:56:57.651155+09:00,가락시장,가락시장,POI058,KEY_2,4480. 가락시장 남1문 사거리,ST-2591,47,7,15,127.11745453,37.49201584
2026-06-26T03:56:57.651155+09:00,가로수길,가로수길,POI059,KEY_3,3606. 신사동주민센터 옆,ST-2673,30,3,10,127.02285004,37.52422714
2026-06-26T03:56:57.651155+09:00,가로수길,가로수길,POI059,KEY_3,2362. 신사동 가로수길 입구,ST-1171,60,6,10,127.02245331,37.51763535
2026-06-26T03:56:57.651155+09:00,가로수길,가로수길,POI059,KEY_3,4907. 극동스포츠 앞,ST-3078,280,14,5,127.02588654,37.5257225
2026-06-26T03:56:57.651155+09:00,가로수길,가로수길,POI059,KEY_3,4903. 신사스퀘어,ST-3066,10,1,10,127.0189743,37.51916885
2026-06-26T03:56:57.651155+09:00,김포공항,김포공항,POI061,KEY_1,3776. 김포공항사거리,ST-2484,160,16,10,126.80518341,37.5675354
2026-06-26T03:56:57.651155+09:00,김포공항,김포공항,POI061,KEY_1,5072. 김포공항입구 교통섬,ST-2947,90,9,10,126.80708313,37.56154633
2026-06-26T03:56:57.651155+09:00,남대문시장,남대문시장,POI115,KEY_2,470.회현역 7번출구,ST-1776,23,3,13,126.98000336,37.55974579
2026-06-26T03:56:57.651155+09:00,남대문시장,남대문시장,POI115,KEY_2,324. 신세계백화점 본점 앞,ST-140,38,3,8,126.9805069,37.56134415
2026-06-26T03:56:57.651155+09:00,남대문시장,남대문시장,POI115,KEY_2,4776. 신세계면세점,ST-2522,30,3,10,126.98139191,37.56027603
2026-06-26T03:56:57.651155+09:00,노량진,노량진,POI063,KEY_3,2002. 노들역 1번출구,ST-683,371,63,17,126.95246887,37.51284409
2026-06-26T03:56:57.651155+09:00,노량진,노량진,POI063,KEY_3,2070. 노량진역 2번 출구 앞,ST-1545,133,24,18,126.94306946,37.51391983
2026-06-26T03:56:57.651155+09:00,노량진,노량진,POI063,KEY_3,2058. 동작경찰서,ST-1150,86,12,14,126.94352722,37.5135231
2026-06-26T03:56:57.651155+09:00,노량진,노량진,POI063,KEY_3,2003. 사육신공원앞,ST-877,210,21,10,126.94805908,37.51335907
2026-06-26T03:56:57.651155+09:00,노량진,노량진,POI063,KEY_3,2050. 노량진역 5번출구,ST-699,140,21,15,126.93997192,37.51324844
2026-06-26T03:56:57.651155+09:00,덕수궁길·정동길,덕수궁길·정동길,POI064,KEY_4,391. 시립미술관,ST-977,75,6,8,126.97340393,37.56505203
2026-06-26T03:56:57.651155+09:00,덕수궁길·정동길,덕수궁길·정동길,POI064,KEY_4,300. 정동사거리,ST-116,33,2,6,126.96923065,37.56805038
2026-06-26T03:56:57.651155+09:00,덕수궁길·정동길,덕수궁길·정동길,POI064,KEY_4,4715. 돈의문 박물관 마을,ST-2923,7,1,15,126.96955109,37.56883621
2026-06-26T03:56:57.651155+09:00,덕수궁길·정동길,덕수궁길·정동길,POI064,KEY_4,6058. 시청역 2번출구,ST-3297,73,11,15,126.97702026,37.56557846
2026-06-26T03:56:57.651155+09:00,북촌한옥마을,북촌한옥마을,POI066,KEY_2,464. 삼청동 골목,ST-1756,30,3,10,126.98169708,37.58419037
2026-06-26T03:56:57.651155+09:00,북촌한옥마을,북촌한옥마을,POI066,KEY_2,352. 중앙고입구 삼거리,ST-168,10,1,10,126.98523712,37.58341599
2026-06-26T03:56:57.651155+09:00,북촌한옥마을,북촌한옥마을,POI066,KEY_2,354. 포르투갈 대사관 앞,ST-170,10,1,10,126.98896027,37.57915497
2026-06-26T03:56:57.651155+09:00,북촌한옥마을,북촌한옥마을,POI066,KEY_2,465. 삼청공원 앞,ST-1759,160,8,5,126.9835968,37.58760452
2026-06-26T03:56:57.651155+09:00,북촌한옥마을,북촌한옥마을,POI066,KEY_2,314. 국립현대미술관,ST-130,40,4,10,126.98085785,37.5797081
2026-06-26T03:56:57.651155+09:00,북촌한옥마을,북촌한옥마을,POI066,KEY_2,451. 청와대앞길,ST-979,25,2,8,126.97966766,37.58351517
2026-06-26T03:56:57.651155+09:00,북촌한옥마을,북촌한옥마을,POI066,KEY_2,353. 재동초교 앞 삼거리,ST-169,125,10,8,126.9849472,37.57938766
2026-06-26T03:56:57.651155+09:00,북촌한옥마을,북촌한옥마을,POI066,KEY_2,3407.안국동사거리(신),ST-1804,0,0,18,126.98339081,37.57580566
2026-06-26T03:56:57.651155+09:00,북촌한옥마을,북촌한옥마을,POI066,KEY_2,4719. 종로문화원 건너편,ST-3090,33,5,15,126.9805069,37.57571411
2026-06-26T03:56:57.651155+09:00,북촌한옥마을,북촌한옥마을,POI066,KEY_2,4705. 웰니스센터(민방위교육장 앞),ST-2565,17,1,6,126.98912811,37.57752991
2026-06-26T03:56:57.651155+09:00,서촌,서촌,POI067,KEY_3,450. 효자동 삼거리,ST-978,22,11,51,126.97254944,37.58360291
2026-06-26T03:56:57.651155+09:00,서촌,서촌,POI067,KEY_3,349. 어린이도서관,ST-165,20,1,5,126.96858978,37.57633209
2026-06-26T03:56:57.651155+09:00,서촌,서촌,POI067,KEY_3,4710. 자교교회 앞,ST-2473,25,2,8,126.97123718,37.58114624
2026-06-26T03:56:57.651155+09:00,서촌,서촌,POI067,KEY_3,4721. 통인시장 정자,ST-3354,313,25,8,126.96878815,37.58055878
2026-06-26T03:56:57.651155+09:00,성수카페거리,성수카페거리,POI068,KEY_4,513. 뚝섬역 5번 출구 정류소 옆,ST-111,0,0,13,127.04980469,37.54630661
2026-06-26T03:56:57.651155+09:00,성수카페거리,성수카페거리,POI068,KEY_4,587. 유니베라 앞,ST-482,0,0,10,127.05264282,37.54541779
2026-06-26T03:56:57.651155+09:00,성수카페거리,성수카페거리,POI068,KEY_4,514. 성수사거리 버스정류장 앞,ST-112,8,1,12,127.06330872,37.54257965
2026-06-26T03:56:57.651155+09:00,성수카페거리,성수카페거리,POI068,KEY_4,3548.뚝섬역 6번출구,ST-2330,0,0,10,127.04766846,37.54695892
2026-06-26T03:56:57.651155+09:00,성수카페거리,성수카페거리,POI068,KEY_4,4398. 유원지식산업센터 앞,ST-3325,0,0,16,127.05593109,37.54436493
2026-06-26T03:56:57.651155+09:00,성수카페거리,성수카페거리,POI068,KEY_4,4399. 더리브 세종타워 앞,ST-3326,0,0,7,127.0580368,37.54378128
2026-06-26T03:56:57.651155+09:00,성수카페거리,성수카페거리,POI068,KEY_4,4387. 성수역 1번출구 주변,ST-3121,0,0,8,127.05336761,37.54555893
2026-06-26T03:56:57.651155+09:00,성수카페거리,성수카페거리,POI068,KEY_4,4377. 우영테크노센터 앞,ST-3003,0,0,8,127.05971527,37.54332352
2026-06-26T03:56:57.651155+09:00,송리단길·호수단길,송리단길·호수단길,POI121,KEY_1,2639.석촌역 8번출구,ST-1866,22,4,18,127.10657501,37.50550461
2026-06-26T03:56:57.651155+09:00,송리단길·호수단길,송리단길·호수단길,POI121,KEY_1,4868. 석촌호수 서호 남단,ST-2833,110,11,10,127.10124207,37.50717163
2026-06-26T03:56:57.651155+09:00,신촌 스타광장,신촌 스타광장,POI122,KEY_2,128. 신촌역(2호선) 1번출구 옆,ST-30,21,4,19,126.93634033,37.55549622
2026-06-26T03:56:57.651155+09:00,신촌 스타광장,신촌 스타광장,POI122,KEY_2,3116.신촌역 4번출구,ST-2201,10,1,10,126.93720245,37.55550385
2026-06-26T03:56:57.651155+09:00,압구정로데오거리,압구정로데오거리,POI071,KEY_3,2365. K+ 타워 앞,ST-1174,7,1,15,127.03847504,37.52330017
2026-06-26T03:56:57.651155+09:00,압구정로데오거리,압구정로데오거리,POI071,KEY_3,2310. 청담동 맥도날드 옆(위치),ST-794,40,4,10,127.04017639,37.52361298
2026-06-26T03:56:57.651155+09:00,여의도,여의도,POI072,KEY_4,201. 진미파라곤 앞,ST-46,0,0,15,126.92133331,37.53123856
2026-06-26T03:56:57.651155+09:00,여의도,여의도,POI072,KEY_4,299.여의도 순복음교회,ST-1971,0,0,10,126.92245483,37.53179169
2026-06-26T03:56:57.651155+09:00,여의도,여의도,POI072,KEY_4,226. 샛강역 1번출구 앞,ST-72,0,0,19,126.92841339,37.51776505
2026-06-26T03:56:57.651155+09:00,여의도,여의도,POI072,KEY_4,203. 국회의사당역 3번출구 옆,ST-51,0,0,15,126.91870117,37.5280571
2026-06-26T03:56:57.651155+09:00,여의도,여의도,POI072,KEY_4,200. 국회의원회관,ST-45,9,2,22,126.91391754,37.52841568
2026-06-26T03:56:57.651155+09:00,여의도,여의도,POI072,KEY_4,204. 국회의사당역 5번출구 옆,ST-50,0,0,13,126.91702271,37.52816391
2026-06-26T03:56:57.651155+09:00,여의도,여의도,POI072,KEY_4,224. 롯데캐슬 앞,ST-70,5,1,20,126.93236542,37.5200882
2026-06-26T03:56:57.651155+09:00,여의도,여의도,POI072,KEY_4,207. 여의나루역 1번출구 앞,ST-73,7,3,46,126.93190002,37.52715683
2026-06-26T03:56:57.651155+09:00,여의도,여의도,POI072,KEY_4,271. 샛강생태공원방문자센터 앞,ST-425,0,0,10,126.9216156,37.51896286
2026-06-26T03:56:57.651155+09:00,여의도,여의도,POI072,KEY_4,202. 국민일보 앞,ST-47,13,4,30,126.92453003,37.52881622
2026-06-26T03:56:57.651155+09:00,여의도,여의도,POI072,KEY_4,222. 시범아파트버스정류장 옆,ST-68,92,11,12,126.93688965,37.51902008
2026-06-26T03:56:57.651155+09:00,여의도,여의도,POI072,KEY_4,214. 금융감독원 앞,ST-60,0,0,21,126.9208374,37.5230217
2026-06-26T03:56:57.651155+09:00,여의도,여의도,POI072,KEY_4,209. 유진투자증권빌딩 앞,ST-55,9,2,22,126.92783356,37.52461243
2026-06-26T03:56:57.651155+09:00,여의도,여의도,POI072,KEY_4,205. 산업은행 앞,ST-52,0,0,20,126.92050934,37.52626419
2026-06-26T03:56:57.651155+09:00,여의도,여의도,POI072,KEY_4,270. 증권거래소후문교차로,ST-424,0,0,10,126.92710114,37.52234268
2026-06-26T03:56:57.651155+09:00,여의도,여의도,POI072,KEY_4,298.KBS 연구동 건너편,ST-1970,0,0,25,126.91374207,37.52724838
2026-06-26T03:56:57.651155+09:00,여의도,여의도,POI072,KEY_4,225. 앙카라공원 앞,ST-71,4,1,26,126.92961884,37.51758575
2026-06-26T03:56:57.651155+09:00,여의도,여의도,POI072,KEY_4,249. 여의도중학교 옆,ST-297,19,3,16,126.93580627,37.52457809
2026-06-26T03:56:57.651155+09:00,여의도,여의도,POI072,KEY_4,213. KT앞,ST-59,21,4,19,126.91895294,37.52190781
2026-06-26T03:56:57.651155+09:00,여의도,여의도,POI072,KEY_4,297.국회3문,ST-1969,0,0,10,126.91267395,37.52863693
2026-06-26T03:56:57.651155+09:00,여의도,여의도,POI072,KEY_4,248. 초원아파트 앞,ST-296,50,5,10,126.92420959,37.53105545
2026-06-26T03:56:57.651155+09:00,여의도,여의도,POI072,KEY_4,260. 여의도 마리나선착장 앞,ST-414,27,4,15,126.91216278,37.53365707
2026-06-26T03:56:57.651155+09:00,여의도,여의도,POI072,KEY_4,219. 롯데캐슬엠파이어 옆,ST-62,25,3,12,126.92583466,37.52069473
2026-06-26T03:56:57.651155+09:00,여의도,여의도,POI072,KEY_4,220. 미성아파트 A동 앞,ST-63,7,2,30,126.92604828,37.5193634
2026-06-26T03:56:57.651155+09:00,여의도,여의도,POI072,KEY_4,221. 여의도초교 앞,ST-67,170,17,10,126.93778992,37.52267456
2026-06-26T03:56:57.651155+09:00,여의도,여의도,POI072,KEY_4,215. 여의도고교 앞,ST-64,30,3,10,126.93490601,37.52483749
2026-06-26T03:56:57.651155+09:00,여의도,여의도,POI072,KEY_4,223. 진주아파트상가 앞,ST-69,15,3,20,126.9333725,37.51913071
2026-06-26T03:56:57.651155+09:00,여의도,여의도,POI072,KEY_4,217. NH농협은행 앞,ST-66,13,2,15,126.93036652,37.52207947
2026-06-26T03:56:57.651155+09:00,여의도,여의도,POI072,KEY_4,206. KBS 앞,ST-53,3,1,35,126.91802216,37.52466583
2026-06-26T03:56:57.651155+09:00,여의도,여의도,POI072,KEY_4,4564. 63스퀘어,ST-2814,6,1,17,126.93965912,37.52070999
2026-06-26T03:56:57.651155+09:00,여의도,여의도,POI072,KEY_4,5891.한강버스 여의도 선착장,ST-3402,263,79,30,126.93422699,37.52816391
2026-06-26T03:56:57.651155+09:00,여의도,여의도,POI072,KEY_4,5853. 여의도역2번출구 앞,ST-3061,0,0,10,126.92271423,37.52243423
2026-06-26T03:56:57.651155+09:00,여의도,여의도,POI072,KEY_4,4580. 국회제2의원회관,ST-2644,0,0,17,126.91316986,37.52974701
2026-06-26T03:56:57.651155+09:00,여의도,여의도,POI072,KEY_4,4585. 국회6문,ST-2694,17,1,6,126.91799164,37.53271866
2026-06-26T03:56:57.651155+09:00,여의도,여의도,POI072,KEY_4,5892.국회의사당본관 좌측,ST-3383,0,0,7,126.91375732,37.53090286
2026-06-26T03:56:57.651155+09:00,여의도,여의도,POI072,KEY_4,4563. 여의도 은하아파트,ST-2813,60,6,10,126.93448639,37.51850891
2026-06-26T03:56:57.651155+09:00,여의도,여의도,POI072,KEY_4,5879. 국회도서관 2문 앞,ST-3318,0,0,8,126.91668701,37.53107071
2026-06-26T03:56:57.651155+09:00,여의도,여의도,POI072,KEY_4,5890.여의나루역 3번출구,ST-3401,9,1,11,126.93336487,37.52645493
2026-06-26T03:56:57.651155+09:00,여의도,여의도,POI072,KEY_4,4583. 의정관,ST-2647,0,0,12,126.91747284,37.53214645
2026-06-26T03:56:57.651155+09:00,여의도,여의도,POI072,KEY_4,5870. LG트윈타워 앞,ST-3239,5,1,20,126.93017578,37.52833176
2026-06-26T03:56:57.651155+09:00,여의도,여의도,POI072,KEY_4,4589. KRX한국거래소(1),ST-2899,6,1,18,126.92759705,37.52338028
2026-06-26T03:56:57.651155+09:00,여의도,여의도,POI072,KEY_4,5888.여의도성당,ST-3375,0,0,7,126.93920898,37.52164459
2026-06-26T03:56:57.651155+09:00,여의도,여의도,POI072,KEY_4,5889.의원회관출입구 앞,ST-3377,0,0,10,126.91479492,37.52985382
2026-06-26T03:56:57.651155+09:00,여의도,여의도,POI072,KEY_4,4584. 국회2문,ST-2648,0,0,9,126.91510773,37.52864075
2026-06-26T03:56:57.651155+09:00,여의도,여의도,POI072,KEY_4,4579. 국회의사당 본관,ST-2643,0,0,17,126.91404724,37.5325737
2026-06-26T03:56:57.651155+09:00,여의도,여의도,POI072,KEY_4,5859. 여의도 삼부아파트,ST-3160,10,1,10,126.93045807,37.52539444
2026-06-26T03:56:57.651155+09:00,여의도,여의도,POI072,KEY_4,5878. 우리은행 앞,ST-3315,0,0,20,126.92162323,37.52349091
2026-06-26T03:56:57.651155+09:00,여의도,여의도,POI072,KEY_4,5880. 국회박물관,ST-3319,0,0,7,126.91945648,37.53183365
2026-06-26T03:56:57.651155+09:00,여의도,여의도,POI072,KEY_4,5893.한국산업은행,ST-3397,0,0,10,126.92175293,37.52814484
2026-06-26T03:56:57.651155+09:00,여의도,여의도,POI072,KEY_4,5897.여의도공작아파트,ST-3426,10,1,10,126.92987061,37.52595139
2026-06-26T03:56:57.651155+09:00,여의도,여의도,POI072,KEY_4,4582. 국회도서관,ST-2646,0,0,12,126.91817474,37.53054047
2026-06-26T03:56:57.651155+09:00,여의도,여의도,POI072,KEY_4,4581. 국회소통관,ST-2645,0,0,12,126.9128952,37.53050232
2026-06-26T03:56:57.651155+09:00,연남동,연남동,POI073,KEY_1,107. 수협 연남동지점,ST-9,170,17,10,126.91871643,37.55784607
2026-06-26T03:56:57.651155+09:00,연남동,연남동,POI073,KEY_1,4233. 코오롱아파트사거리,ST-2979,160,16,10,126.92149353,37.56306458
2026-06-26T03:56:57.651155+09:00,영등포 타임스퀘어,영등포 타임스퀘어,POI074,KEY_2,284. 센트럴 푸르지오 시티 앞,ST-1650,6,1,16,126.90222931,37.51821136
2026-06-26T03:56:57.651155+09:00,영등포 타임스퀘어,영등포 타임스퀘어,POI074,KEY_2,3219.영등포역 1번출구,ST-1990,40,4,10,126.9077301,37.5148468
2026-06-26T03:56:57.651155+09:00,영등포 타임스퀘어,영등포 타임스퀘어,POI074,KEY_2,5868. 로프트시티오피스텔,ST-3238,750,45,6,126.90843201,37.51906204
2026-06-26T03:56:57.651155+09:00,영등포 타임스퀘어,영등포 타임스퀘어,POI074,KEY_2,5858. 영등포역5번출구,ST-3142,140,14,10,126.90807343,37.51669312
2026-06-26T03:56:57.651155+09:00,영등포 타임스퀘어,영등포 타임스퀘어,POI074,KEY_2,4565. 영등포 신세계백화점,ST-2815,30,3,10,126.90364838,37.51803589
2026-06-26T03:56:57.651155+09:00,용리단길,용리단길,POI076,KEY_3,817. 삼각지역 4번출구 앞,ST-436,67,6,9,126.97173309,37.53345108
2026-06-26T03:56:57.651155+09:00,용리단길,용리단길,POI076,KEY_3,816. 신용산역 6번출구 앞,ST-435,24,6,25,126.96848297,37.53014755
2026-06-26T03:56:57.651155+09:00,이태원 앤틱가구거리,이태원 앤틱가구거리,POI077,KEY_4,4634. 이태원역 3번 출구,ST-3056,0,0,5,126.99497223,37.5343895
2026-06-26T03:56:57.651155+09:00,이태원 앤틱가구거리,이태원 앤틱가구거리,POI077,KEY_4,4615. 크라운호텔앞 버스정류소,ST-2446,157,11,7,126.99137878,37.53030014
2026-06-26T03:56:57.651155+09:00,익선동,익선동,POI116,KEY_1,334. 종로3가역 2번출구 뒤,ST-150,0,0,10,126.99179077,37.5705986
2026-06-26T03:56:57.651155+09:00,익선동,익선동,POI116,KEY_1,328. 탑골공원 앞,ST-144,0,0,11,126.9881897,37.57039642
2026-06-26T03:56:57.651155+09:00,익선동,익선동,POI116,KEY_1,327. 낙원상가 옆,ST-143,10,1,10,126.9874649,37.57335663
2026-06-26T03:56:57.651155+09:00,익선동,익선동,POI116,KEY_1,3410.종로3가역 8번출구,ST-1807,50,5,10,126.99188995,37.5724678
2026-06-26T03:56:57.651155+09:00,익선동,익선동,POI116,KEY_1,4713. 현대 뜨레비앙 아파트 앞,ST-2623,57,4,7,126.99062347,37.57528305
2026-06-26T03:56:57.651155+09:00,인사동,인사동,POI078,KEY_2,327. 낙원상가 옆,ST-143,10,1,10,126.9874649,37.57335663
2026-06-26T03:56:57.651155+09:00,인사동,인사동,POI078,KEY_2,326. 안국역 5번출구 앞,ST-142,0,0,15,126.98616028,37.57624054
2026-06-26T03:56:57.651155+09:00,인사동,인사동,POI078,KEY_2,454. 종로2가 버스정류장 (종각방향),ST-1607,0,0,13,126.98638153,37.57035828
2026-06-26T03:56:57.651155+09:00,인사동,인사동,POI078,KEY_2,3408.종로타워빌딩,ST-1805,0,0,13,126.98323822,37.57070541
2026-06-26T03:56:57.651155+09:00,창동 신경제 중심지,창동 신경제 중심지,POI079,KEY_4,1756.서울북부광역등기국,ST-2101,0,0,10,127.04431915,37.65148544
2026-06-26T03:56:57.651155+09:00,창동 신경제 중심지,창동 신경제 중심지,POI079,KEY_4,1662. 노원역7번출구,ST-1279,0,0,20,127.05921173,37.65421677
2026-06-26T03:56:57.651155+09:00,창동 신경제 중심지,창동 신경제 중심지,POI079,KEY_4,1674. 서울북부고용센터앞,ST-1291,0,0,15,127.05808258,37.65354919
2026-06-26T03:56:57.651155+09:00,창동 신경제 중심지,창동 신경제 중심지,POI079,KEY_4,1690. 도봉운전면허시험장 버스정류장 옆,ST-1641,0,0,10,127.05931091,37.6577301
2026-06-26T03:56:57.651155+09:00,창동 신경제 중심지,창동 신경제 중심지,POI079,KEY_4,1637. KT 전화국 버스정류장 옆,ST-611,0,0,9,127.06372833,37.6546669
2026-06-26T03:56:57.651155+09:00,창동 신경제 중심지,창동 신경제 중심지,POI079,KEY_4,1716. 창동역 1번출구 건너편,ST-1132,25,2,8,127.05072784,37.65420151
2026-06-26T03:56:57.651155+09:00,창동 신경제 중심지,창동 신경제 중심지,POI079,KEY_4,1653. 노원역1번출구,ST-1121,0,0,10,127.06362152,37.65620041
2026-06-26T03:56:57.651155+09:00,창동 신경제 중심지,창동 신경제 중심지,POI079,KEY_4,1657. 노원구청,ST-1125,0,0,20,127.05732727,37.65404892
2026-06-26T03:56:57.651155+09:00,창동 신경제 중심지,창동 신경제 중심지,POI079,KEY_4,1686. 상계주공10단지 종합상가 앞,ST-1476,27,4,15,127.05805206,37.66114044
2026-06-26T03:56:57.651155+09:00,창동 신경제 중심지,창동 신경제 중심지,POI079,KEY_4,1722. 창동청소년수련관,ST-1292,27,4,15,127.05004883,37.65779877
2026-06-26T03:56:57.651155+09:00,창동 신경제 중심지,창동 신경제 중심지,POI079,KEY_4,1775.신원리베르텔 앞,ST-2120,33,5,15,127.04554749,37.65128708
2026-06-26T03:56:57.651155+09:00,창동 신경제 중심지,창동 신경제 중심지,POI079,KEY_4,5333. 노원역9번-10번 출구 앞,ST-3288,10,1,10,127.063591,37.65655518
2026-06-26T03:56:57.651155+09:00,창동 신경제 중심지,창동 신경제 중심지,POI079,KEY_4,4098.창동역 1번출구 인근,ST-3430,163,13,8,127.04838562,37.65290833
2026-06-26T03:56:57.651155+09:00,창동 신경제 중심지,창동 신경제 중심지,POI079,KEY_4,5311. 주공601동 상가 노원지하보도 앞,ST-3116,20,1,5,127.06147766,37.65190125
2026-06-26T03:56:57.651155+09:00,창동 신경제 중심지,창동 신경제 중심지,POI079,KEY_4,4096.창동역2번출구 하나은행365 앞,ST-3368,38,3,8,127.04550171,37.65283585
2026-06-26T03:56:57.651155+09:00,청량리 제기동 일대 전통시장,청량리 제기동 일대 전통시장,POI081,KEY_2,633. 청량리 기업은행 앞,ST-400,225,18,8,127.04472351,37.58049774
2026-06-26T03:56:57.651155+09:00,청량리 제기동 일대 전통시장,청량리 제기동 일대 전통시장,POI081,KEY_2,676.FITI시험연구원 앞,ST-2276,156,14,9,127.03547668,37.58143234
2026-06-26T03:56:57.651155+09:00,청량리 제기동 일대 전통시장,청량리 제기동 일대 전통시장,POI081,KEY_2,640. 동대문경찰서 교차로,ST-407,67,4,6,127.04460144,37.58255005
2026-06-26T03:56:57.651155+09:00,청량리 제기동 일대 전통시장,청량리 제기동 일대 전통시장,POI081,KEY_2,4149.제기동역 5번출구,ST-3428,300,21,7,127.03381348,37.5779953
2026-06-26T03:56:57.651155+09:00,청량리 제기동 일대 전통시장,청량리 제기동 일대 전통시장,POI081,KEY_2,4147.청량리역광장,ST-3405,20,7,35,127.04673767,37.58024597
2026-06-26T03:56:57.651155+09:00,청량리 제기동 일대 전통시장,청량리 제기동 일대 전통시장,POI081,KEY_2,4134. 제기동 현대아파트 앞,ST-3206,70,7,10,127.0353241,37.57994843
2026-06-26T03:56:57.651155+09:00,DDP(동대문디자인플라자),DDP(동대문디자인플라자),POI083,KEY_4,474.동대문역사문화공원역 1번출구 뒤편,ST-1780,55,22,40,127.00849152,37.56629944
2026-06-26T03:56:57.651155+09:00,DDP(동대문디자인플라자),DDP(동대문디자인플라자),POI083,KEY_4,475.DDP 패션몰,ST-1781,29,6,21,127.0118103,37.56764984
2026-06-26T03:56:57.651155+09:00,DDP(동대문디자인플라자),DDP(동대문디자인플라자),POI083,KEY_4,347. 동대문역사문화공원역 9번출구 앞,ST-163,39,7,18,127.00784302,37.56533051
2026-06-26T03:56:57.651155+09:00,DDP(동대문디자인플라자),DDP(동대문디자인플라자),POI083,KEY_4,4765. 동대문디자인플라자,ST-2431,10,2,20,127.00946045,37.5683136
2026-06-26T03:56:57.651155+09:00,DMC(디지털미디어시티),DMC(디지털미디어시티),POI084,KEY_1,409. 누리꿈스퀘어 옆,ST-86,20,6,30,126.88916016,37.57939911
2026-06-26T03:56:57.651155+09:00,DMC(디지털미디어시티),DMC(디지털미디어시티),POI084,KEY_1,405. DMC빌 앞,ST-80,13,1,8,126.88578796,37.58265686
2026-06-26T03:56:57.651155+09:00,DMC(디지털미디어시티),DMC(디지털미디어시티),POI084,KEY_1,414. 상암동주민센터 옆,ST-94,63,5,8,126.89447021,37.57822037
2026-06-26T03:56:57.651155+09:00,DMC(디지털미디어시티),DMC(디지털미디어시티),POI084,KEY_1,489.구룡근린공원,ST-2148,100,10,10,126.88276672,37.58320236
2026-06-26T03:56:57.651155+09:00,DMC(디지털미디어시티),DMC(디지털미디어시티),POI084,KEY_1,408. LG CNS앞,ST-84,0,0,14,126.88665009,37.58081055
2026-06-26T03:56:57.651155+09:00,DMC(디지털미디어시티),DMC(디지털미디어시티),POI084,KEY_1,412. DMC산학협력연구센터 앞,ST-91,0,0,21,126.89079285,37.57565689
2026-06-26T03:56:57.651155+09:00,DMC(디지털미디어시티),DMC(디지털미디어시티),POI084,KEY_1,415. DMC역 9번출구 앞,ST-95,50,5,10,126.89736176,37.57746887
2026-06-26T03:56:57.651155+09:00,DMC(디지털미디어시티),DMC(디지털미디어시티),POI084,KEY_1,490.가온문화공원,ST-2149,4,1,23,126.88766479,37.58207703
2026-06-26T03:56:57.651155+09:00,DMC(디지털미디어시티),DMC(디지털미디어시티),POI084,KEY_1,417. DMC역 2번출구 옆,ST-93,30,6,20,126.8999176,37.57506943
2026-06-26T03:56:57.651155+09:00,DMC(디지털미디어시티),DMC(디지털미디어시티),POI084,KEY_1,425. DMC첨단산업센터,ST-991,0,0,10,126.88559723,37.58450317
2026-06-26T03:56:57.651155+09:00,DMC(디지털미디어시티),DMC(디지털미디어시티),POI084,KEY_1,411. DMC홍보관,ST-90,0,0,10,126.89147186,37.5779953
2026-06-26T03:56:57.651155+09:00,DMC(디지털미디어시티),DMC(디지털미디어시티),POI084,KEY_1,3007.MBC 앞,ST-2165,0,0,10,126.89044952,37.58198166
2026-06-26T03:56:57.651155+09:00,DMC(디지털미디어시티),DMC(디지털미디어시티),POI084,KEY_1,3008.DMC역7번출구,ST-2166,30,3,10,126.89836121,37.57711411
2026-06-26T03:56:57.651155+09:00,DMC(디지털미디어시티),DMC(디지털미디어시티),POI084,KEY_1,4218. 디지털매직스페이스,ST-2974,8,1,13,126.88957977,37.58119965
2026-06-26T03:56:57.651155+09:00,DMC(디지털미디어시티),DMC(디지털미디어시티),POI084,KEY_1,4214. JTBC 앞,ST-2537,0,0,10,126.8901825,37.57730484
2026-06-26T03:56:57.651155+09:00,DMC(디지털미디어시티),DMC(디지털미디어시티),POI084,KEY_1,4238. 상암한샘빌딩앞,ST-2981,14,1,7,126.89867401,37.57649231
2026-06-26T03:56:57.651155+09:00,가산디지털단지역,가산디지털단지역,POI013,KEY_2,1806. 에이스하이엔드타워9차 앞,ST-621,140,14,10,126.87863922,37.48621368
2026-06-26T03:56:57.651155+09:00,가산디지털단지역,가산디지털단지역,POI013,KEY_2,1805. 서울디지털운동장 앞,ST-620,80,8,10,126.87776947,37.48228836
2026-06-26T03:56:57.651155+09:00,가산디지털단지역,가산디지털단지역,POI013,KEY_2,1835. STX V타워,ST-641,20,2,10,126.88442993,37.47706985
2026-06-26T03:56:57.651155+09:00,가산디지털단지역,가산디지털단지역,POI013,KEY_2,1867.대륭포스트타워6차 앞,ST-1938,47,14,30,126.8841629,37.48101044
2026-06-26T03:56:57.651155+09:00,가산디지털단지역,가산디지털단지역,POI013,KEY_2,1834. 월드메르디앙 벤처센터 2차,ST-640,20,2,10,126.87904358,37.47908401
2026-06-26T03:56:57.651155+09:00,가산디지털단지역,가산디지털단지역,POI013,KEY_2,1851. 가산디지털단지 9번출구 인근,ST-1403,30,3,10,126.88148499,37.48123169
2026-06-26T03:56:57.651155+09:00,가산디지털단지역,가산디지털단지역,POI013,KEY_2,1812. 갑을그레이트밸리 앞,ST-624,250,25,10,126.88729858,37.47903061
2026-06-26T03:56:57.651155+09:00,가산디지털단지역,가산디지털단지역,POI013,KEY_2,1850. 코오롱테크노밸리,ST-1277,60,6,10,126.8863678,37.48015976
2026-06-26T03:56:57.651155+09:00,가산디지털단지역,가산디지털단지역,POI013,KEY_2,1839. 수출의 다리 아래,ST-1140,80,16,20,126.88615417,37.47743607
2026-06-26T03:56:57.651155+09:00,가산디지털단지역,가산디지털단지역,POI013,KEY_2,1849. 대륭포스트타워5차,ST-1276,120,12,10,126.88694,37.48135376
2026-06-26T03:56:57.651155+09:00,가산디지털단지역,가산디지털단지역,POI013,KEY_2,3989.가산디지털단지역 9번출구 앞,ST-3396,160,16,10,126.88175964,37.48055267
2026-06-26T03:56:57.651155+09:00,가산디지털단지역,가산디지털단지역,POI013,KEY_2,3984. 가산롯데아이티캐슬,ST-2999,40,2,5,126.88083649,37.47636795
2026-06-26T03:56:57.651155+09:00,가산디지털단지역,가산디지털단지역,POI013,KEY_2,3985. 디폴리스 지식산업센터,ST-2964,10,2,20,126.87680054,37.48017502
2026-06-26T03:56:57.651155+09:00,강남역,강남역,POI014,KEY_3,2505. 우성아파트사거리 (기업은행앞),ST-1556,192,23,12,127.0295105,37.49330521
2026-06-26T03:56:57.651155+09:00,강남역,강남역,POI014,KEY_3,3628. 역삼1동 주민센터,ST-2689,180,18,10,127.03302765,37.49521255
2026-06-26T03:56:57.651155+09:00,강남역,강남역,POI014,KEY_3,2421. 신논현역 4번출구,ST-1887,67,10,15,127.02579498,37.504673
2026-06-26T03:56:57.651155+09:00,강남역,강남역,POI014,KEY_3,2407. 역삼서초삼성 세무서 앞 (역삼빌딩 앞),ST-1577,70,7,10,127.03011322,37.49847031
2026-06-26T03:56:57.651155+09:00,강남역,강남역,POI014,KEY_3,4349.삼성화재서초타워,ST-3361,200,12,6,127.02896118,37.49446869
2026-06-26T03:56:57.651155+09:00,건대입구역,건대입구역,POI015,KEY_4,501. 광진문화예술회관 앞,ST-98,90,27,30,127.07035065,37.53730774
2026-06-26T03:56:57.651155+09:00,건대입구역,건대입구역,POI015,KEY_4,3533. 건대입구역 사거리(롯데백화점),ST-1660,60,6,10,127.07078552,37.5392952
2026-06-26T03:56:57.651155+09:00,건대입구역,건대입구역,POI015,KEY_4,3534. 건대입구역 5번출구 뒤,ST-1661,30,3,10,127.06956482,37.54008102
2026-06-26T03:56:57.651155+09:00,고덕역,고덕역,POI016,KEY_1,1072.고덕역 5번출구,ST-1833,0,0,22,127.15372467,37.55486298
2026-06-26T03:56:57.651155+09:00,고덕역,고덕역,POI016,KEY_1,1036. 고덕동 주양쇼핑,ST-1053,50,5,10,127.15331268,37.55199051
2026-06-26T03:56:57.651155+09:00,고덕역,고덕역,POI016,KEY_1,1068.명일파출소,ST-1767,90,9,10,127.15622711,37.5536499
2026-06-26T03:56:57.651155+09:00,교대역,교대역,POI018,KEY_3,2279. 교대역 5번출구뒤,ST-1305,88,7,8,127.01418304,37.49361801
2026-06-26T03:56:57.651155+09:00,교대역,교대역,POI018,KEY_3,2239.교대역 6번출구,ST-765,150,15,10,127.01378632,37.49421692
2026-06-26T03:56:57.651155+09:00,구로디지털단지역,구로디지털단지역,POI019,KEY_4,2110. 조원동 미성아파트,ST-950,22,2,9,126.90203094,37.48319244
2026-06-26T03:56:57.651155+09:00,구로디지털단지역,구로디지털단지역,POI019,KEY_4,1962. 가리봉동주민센터,ST-1224,87,13,15,126.89279938,37.48160172
2026-06-26T03:56:57.651155+09:00,구로디지털단지역,구로디지털단지역,POI019,KEY_4,2801. 대륭포스트타워1차,ST-1753,37,11,30,126.89542389,37.48437119
2026-06-26T03:56:57.651155+09:00,구로디지털단지역,구로디지털단지역,POI019,KEY_4,1911. 구로디지털단지역 앞,ST-668,0,0,18,126.90132141,37.48493958
2026-06-26T03:56:57.651155+09:00,구로디지털단지역,구로디지털단지역,POI019,KEY_4,1955. 디지털입구 교차로,ST-936,10,1,10,126.90103912,37.48288345
2026-06-26T03:56:57.651155+09:00,구로디지털단지역,구로디지털단지역,POI019,KEY_4,1986. 태평양물산,ST-1521,73,11,15,126.89518738,37.48485947
2026-06-26T03:56:57.651155+09:00,구로역,구로역,POI020,KEY_1,1946. 구로역 광장,ST-873,10,1,10,126.88038635,37.50311661
2026-06-26T03:56:57.651155+09:00,구로역,구로역,POI020,KEY_1,3919. 구로역·NC신구로점 버스정류장(구로역 방면),ST-3013,114,16,14,126.88237,37.50096512
2026-06-26T03:56:57.651155+09:00,군자역,군자역,POI021,KEY_2,540. 군자역 7번출구 베스트샵 앞,ST-253,0,0,8,127.0786438,37.55603027
2026-06-26T03:56:57.651155+09:00,군자역,군자역,POI021,KEY_2,3586.군자역 비채온 오피스텔,ST-2325,225,18,8,127.07727051,37.55771255
2026-06-26T03:56:57.651155+09:00,군자역,군자역,POI021,KEY_2,3500. 군자역2번출구,ST-983,29,2,7,127.07969666,37.55758667
2026-06-26T03:56:57.651155+09:00,군자역,군자역,POI021,KEY_2,3518. 군자역 7번출구뒤,ST-1263,0,0,8,127.07913971,37.55686188
2026-06-26T03:56:57.651155+09:00,대림역,대림역,POI023,KEY_3,286. 우성아파트 교차로,ST-1652,83,10,12,126.89974976,37.49457169
2026-06-26T03:56:57.651155+09:00,대림역,대림역,POI023,KEY_3,1975. 대림역 1번 출입구 밑,ST-1237,20,2,10,126.8947525,37.49256516
2026-06-26T03:56:57.651155+09:00,대림역,대림역,POI023,KEY_3,1914. 대림역4번출구,ST-918,0,0,10,126.89444733,37.49440384
2026-06-26T03:56:57.651155+09:00,동대문역,동대문역,POI024,KEY_4,457. 종로꽃시장 입구 옆,ST-1610,40,4,10,127.00720978,37.57131958
2026-06-26T03:56:57.651155+09:00,동대문역,동대문역,POI024,KEY_4,393. 동대문역 8번 출구,ST-1372,25,3,12,127.00937653,37.57014084
2026-06-26T03:56:57.651155+09:00,동대문역,동대문역,POI024,KEY_4,3415.동대문역6번출구,ST-1812,100,15,15,127.0107193,37.57147217
2026-06-26T03:56:57.651155+09:00,미아사거리역,미아사거리역,POI026,KEY_2,1546. 송천동우체국,ST-1665,150,15,10,127.02970123,37.61545944
2026-06-26T03:56:57.651155+09:00,미아사거리역,미아사거리역,POI026,KEY_2,1574.송중초등학교 옆,ST-2405,88,7,8,127.03049469,37.61669922
2026-06-26T03:56:57.651155+09:00,미아사거리역,미아사거리역,POI026,KEY_2,1531. 미아사거리 1번 출구,ST-1105,120,12,10,127.03025055,37.61395645
2026-06-26T03:56:57.651155+09:00,미아사거리역,미아사거리역,POI026,KEY_2,4423.현대백화점 미아점,ST-3203,190,19,10,127.02845764,37.60884857
2026-06-26T03:56:57.651155+09:00,발산역,발산역,POI027,KEY_3,1124. 발산역 6번 출구 뒤,ST-522,0,0,6,126.8384552,37.55817795
2026-06-26T03:56:57.651155+09:00,발산역,발산역,POI027,KEY_3,1117. 등촌5단지아파트 버스정류장,ST-834,20,2,10,126.84426117,37.55819702
2026-06-26T03:56:57.651155+09:00,발산역,발산역,POI027,KEY_3,"1153. 발산역 1번, 9번 인근 대여소",ST-1065,0,0,32,126.83717346,37.55894852
2026-06-26T03:56:57.651155+09:00,발산역,발산역,POI027,KEY_3,1197. 엠펠리체 호텔 건너편,ST-1714,0,0,20,126.83546448,37.56026077
2026-06-26T03:56:57.651155+09:00,발산역,발산역,POI027,KEY_3,2730.마곡메가박스 앞,ST-2047,0,0,30,126.83495331,37.55912781
2026-06-26T03:56:57.651155+09:00,발산역,발산역,POI027,KEY_3,3764. 관문주유소(GS칼택스) 앞,ST-2613,460,46,10,126.84183502,37.55802917
2026-06-26T03:56:57.651155+09:00,발산역,발산역,POI027,KEY_3,3760. 발산역 8번 출구,ST-2538,6,1,17,126.83676147,37.55846024
2026-06-26T03:56:57.651155+09:00,발산역,발산역,POI027,KEY_3,2721.등촌1-10단지 교차로,ST-2037,342,41,12,126.8393631,37.56320572
2026-06-26T03:56:57.651155+09:00,발산역,발산역,POI027,KEY_3,3759. 이대서울병원,ST-2569,4,1,25,126.83559418,37.5586319
2026-06-26T03:56:57.651155+09:00,발산역,발산역,POI027,KEY_3,2717.LG유플러스 마곡사옥,ST-2033,0,0,62,126.83390045,37.56133652
2026-06-26T03:56:57.651155+09:00,발산역,발산역,POI027,KEY_3,2723.마곡 필네이처,ST-2040,54,7,13,126.83669281,37.56089401
2026-06-26T03:56:57.651155+09:00,발산역,발산역,POI027,KEY_3,5095. 원당근린공원,ST-3226,7,1,14,126.84147644,37.55947495
2026-06-26T03:56:57.651155+09:00,발산역,발산역,POI027,KEY_3,5061. 우장산동 가곡어린이공원앞,ST-2888,50,5,10,126.83751678,37.55545425
2026-06-26T03:56:57.651155+09:00,사당역,사당역,POI029,KEY_4,2222.사당역 12번출구 뒤,ST-753,240,24,10,126.98203278,37.47806931
2026-06-26T03:56:57.651155+09:00,사당역,사당역,POI029,KEY_4,2104. 사당역 5번출구,ST-712,31,4,13,126.98133087,37.47608948
2026-06-26T03:56:57.651155+09:00,사당역,사당역,POI029,KEY_4,2034. 사당역 7번출구쪽,ST-924,68,13,19,126.98057556,37.47689056
2026-06-26T03:56:57.651155+09:00,사당역,사당역,POI029,KEY_4,2089.사당역10번출구(금강빌딩),ST-2362,130,13,10,126.98150635,37.4791069
2026-06-26T03:56:57.651155+09:00,삼각지역,삼각지역,POI030,KEY_1,849. 삼각지 자이아파트,ST-2173,105,21,20,126.97341919,37.53607941
2026-06-26T03:56:57.651155+09:00,삼각지역,삼각지역,POI030,KEY_1,848. 삼각지12번 출구,ST-2172,125,10,8,126.97562408,37.53488922
2026-06-26T03:56:57.651155+09:00,삼각지역,삼각지역,POI030,KEY_1,4620. 삼각지역 14번 출구 앞(교통섬),ST-2451,188,15,8,126.97408295,37.53528595
2026-06-26T03:56:57.651155+09:00,서울대입구역,서울대입구역,POI031,KEY_2,2171. 서울대입구역 5번출구,ST-1337,41,7,17,126.95200348,37.48154831
2026-06-26T03:56:57.651155+09:00,서울대입구역,서울대입구역,POI031,KEY_2,3311.서울대입구역 4번 출구,ST-2394,17,2,12,126.95157623,37.48122025
2026-06-26T03:56:57.651155+09:00,서울대입구역,서울대입구역,POI031,KEY_2,2128. 관악구청교차로,ST-720,8,1,12,126.95265198,37.47949982
2026-06-26T03:56:57.651155+09:00,서울대입구역,서울대입구역,POI031,KEY_2,2116. 에이스에이존빌딩,ST-717,33,3,9,126.95082855,37.48170471
2026-06-26T03:56:57.651155+09:00,서울대입구역,서울대입구역,POI031,KEY_2,2112. 서울대입구역 마에스트로,ST-715,40,6,15,126.95064545,37.4813385
2026-06-26T03:56:57.651155+09:00,서울대입구역,서울대입구역,POI031,KEY_2,2111. 서울대입구역 1번출구,ST-965,90,9,10,126.95331573,37.48086929
2026-06-26T03:56:57.651155+09:00,서울식물원·마곡나루역,서울식물원·마곡나루역,POI032,KEY_3,2715.마곡나루역 2번 출구,ST-2031,4,1,25,126.82743835,37.56692505
2026-06-26T03:56:57.651155+09:00,서울식물원·마곡나루역,서울식물원·마곡나루역,POI032,KEY_3,2701. 마곡나루역 5번출구 뒤편,ST-1718,4,1,26,126.82731628,37.56520081
2026-06-26T03:56:57.651155+09:00,서울식물원·마곡나루역,서울식물원·마곡나루역,POI032,KEY_3,2725.서울식물원 식물문화센터,ST-2042,20,4,20,126.83563232,37.56883621
2026-06-26T03:56:57.651155+09:00,서울식물원·마곡나루역,서울식물원·마곡나루역,POI032,KEY_3,2727.서울식물원 잔디마당 앞,ST-2044,4,1,25,126.8306427,37.5639267
2026-06-26T03:56:57.651155+09:00,서울식물원·마곡나루역,서울식물원·마곡나루역,POI032,KEY_3,2728.마곡나루역 3번 출구,ST-2045,134,87,65,126.82807922,37.56580353
2026-06-26T03:56:57.651155+09:00,서울식물원·마곡나루역,서울식물원·마곡나루역,POI032,KEY_3,5098. LG사이언스파크 W4동,ST-3261,5,1,20,126.82978821,37.56403732
2026-06-26T03:56:57.651155+09:00,서울식물원·마곡나루역,서울식물원·마곡나루역,POI032,KEY_3,6177. 마곡롯데캐슬르웨스트,ST-3324,0,0,10,126.82462311,37.56356049
2026-06-26T03:56:57.651155+09:00,서울식물원·마곡나루역,서울식물원·마곡나루역,POI032,KEY_3,5097. LG사이언스파크 E2동,ST-3259,0,0,40,126.83208466,37.56381607
2026-06-26T03:56:57.651155+09:00,서울식물원·마곡나루역,서울식물원·마곡나루역,POI032,KEY_3,6190.마곡광장(마곡나루역 6번출구),ST-3421,0,0,10,126.82738495,37.56614685
2026-06-26T03:56:57.651155+09:00,서울역,서울역,POI033,KEY_4,379. 서울역9번출구,ST-194,100,10,10,126.97330475,37.55580521
2026-06-26T03:56:57.651155+09:00,서울역,서울역,POI033,KEY_4,485.서울역5번출구,ST-1791,160,16,10,126.97319794,37.55677032
2026-06-26T03:56:57.651155+09:00,서울역,서울역,POI033,KEY_4,435. SK 남산빌딩,ST-1670,50,5,10,126.97561646,37.55686188
2026-06-26T03:56:57.651155+09:00,서울역,서울역,POI033,KEY_4,6062.서울역파출소,ST-3413,200,20,10,126.97183228,37.55709457
2026-06-26T03:56:57.651155+09:00,서울역,서울역,POI033,KEY_4,4794. 서울역 서부교차로(3),ST-2786,100,8,8,126.96942139,37.55540848
2026-06-26T03:56:57.651155+09:00,서울역,서울역,POI033,KEY_4,4760. 서울역 7번출구,ST-2430,10,1,10,126.97364044,37.55664444
2026-06-26T03:56:57.651155+09:00,선릉역,선릉역,POI034,KEY_1,2329. 르네상스호텔사거리 역삼지하보도 2번출구,ST-812,0,0,10,127.04319,37.50235748
2026-06-26T03:56:57.651155+09:00,선릉역,선릉역,POI034,KEY_1,2328. 르네상스 호텔 사거리 역삼지하보도 7번출구 앞,ST-811,0,0,10,127.04273224,37.50321198
2026-06-26T03:56:57.651155+09:00,선릉역,선릉역,POI034,KEY_1,2369. KT선릉타워,ST-1178,60,12,20,127.0528717,37.50542831
2026-06-26T03:56:57.651155+09:00,선릉역,선릉역,POI034,KEY_1,2319. 포스코사거리 서측(수협 삼성동 지점),ST-802,40,4,10,127.05467987,37.50660706
2026-06-26T03:56:57.651155+09:00,선릉역,선릉역,POI034,KEY_1,2332. 선릉역3번출구,ST-815,38,3,8,127.04903412,37.50410461
2026-06-26T03:56:57.651155+09:00,성신여대입구역,성신여대입구역,POI035,KEY_2,1385.성신여대입구역 3번출구 앞,ST-2226,290,29,10,127.01628876,37.59236526
2026-06-26T03:56:57.651155+09:00,성신여대입구역,성신여대입구역,POI035,KEY_2,1384.성신여대입구역 5번출구,ST-2225,231,30,13,127.01628876,37.59282684
2026-06-26T03:56:57.651155+09:00,성신여대입구역,성신여대입구역,POI035,KEY_2,1337. 돈암성당 옆,ST-1201,123,16,13,127.01716614,37.59039307
2026-06-26T03:56:57.651155+09:00,수유역,수유역,POI036,KEY_3,1520. 수유중앙시장,ST-650,129,9,7,127.022789,37.63986206
2026-06-26T03:56:57.651155+09:00,수유역,수유역,POI036,KEY_3,1512. 강북중학교 앞,ST-862,95,19,20,127.02656555,37.64473724
2026-06-26T03:56:57.651155+09:00,수유역,수유역,POI036,KEY_3,1503. 강북구청사거리(수유역 8번출구),ST-643,64,9,14,127.02672577,37.63926315
2026-06-26T03:56:57.651155+09:00,수유역,수유역,POI036,KEY_3,1552. 강북구청사거리,ST-2125,13,1,8,127.02723694,37.63920212
2026-06-26T03:56:57.651155+09:00,수유역,수유역,POI036,KEY_3,1530. 광산사거리,ST-1104,100,13,13,127.0223465,37.64355087
2026-06-26T03:56:57.651155+09:00,수유역,수유역,POI036,KEY_3,1569.수유역2번출구,ST-2137,10,1,10,127.02590179,37.63796997
2026-06-26T03:56:57.651155+09:00,수유역,수유역,POI036,KEY_3,1526. 강북종합시장 앞,ST-1100,50,4,8,127.02462769,37.64173889
2026-06-26T03:56:57.651155+09:00,수유역,수유역,POI036,KEY_3,1535. 효성인텔리안 앞,ST-1109,10,1,10,127.02337646,37.6362915
2026-06-26T03:56:57.651155+09:00,숭례문,숭례문,POI131,KEY_4,445.대한상공회의소,ST-1771,13,2,15,126.97410583,37.56015396
2026-06-26T03:56:57.651155+09:00,숭례문,숭례문,POI131,KEY_4,6060. 신한은행 본점,ST-3342,25,2,8,126.97480774,37.56077576
2026-06-26T03:56:57.651155+09:00,시의회 앞,시의회 앞,POI130,KEY_1,458. 광화문역 5번출구,ST-1611,14,3,21,126.97756958,37.56989288
2026-06-26T03:56:57.651155+09:00,시의회 앞,시의회 앞,POI130,KEY_1,310. 청계광장 옆,ST-126,0,0,8,126.9774704,37.56887817
2026-06-26T03:56:57.651155+09:00,시의회 앞,시의회 앞,POI130,KEY_1,309. 광화문역 6번출구 옆 B,ST-125,0,0,13,126.97615814,37.56996155
2026-06-26T03:56:57.651155+09:00,시의회 앞,시의회 앞,POI130,KEY_1,4718. 광화문역 6번출구 옆 A,ST-3075,10,1,10,126.9764328,37.56993103
2026-06-26T03:56:57.651155+09:00,시의회 앞,시의회 앞,POI130,KEY_1,6058. 시청역 2번출구,ST-3297,73,11,15,126.97702026,37.56557846
2026-06-26T03:56:57.651155+09:00,신논현역·논현역,신논현역·논현역,POI037,KEY_2,2302. 교보타워 버스정류장(신논현역 3번출구 후면),ST-787,170,17,10,127.02427673,37.5055809
2026-06-26T03:56:57.651155+09:00,신논현역·논현역,신논현역·논현역,POI037,KEY_2,2542.신논현타워 앞,ST-1926,110,11,10,127.02391052,37.50508881
2026-06-26T03:56:57.651155+09:00,신논현역·논현역,신논현역·논현역,POI037,KEY_2,4347. 논현지하보도,ST-3332,120,12,10,127.02232361,37.50836945
2026-06-26T03:56:57.651155+09:00,신림역,신림역,POI039,KEY_4,2102. 봉림교 교통섬,ST-702,62,8,13,126.92688751,37.48408508
2026-06-26T03:56:57.651155+09:00,신림역,신림역,POI039,KEY_4,2175. 신림동걷고싶은문화의거리입구,ST-1270,129,9,7,126.92870331,37.48730087
2026-06-26T03:56:57.651155+09:00,신림역,신림역,POI039,KEY_4,2136. 신림역 8번출구,ST-976,0,0,8,126.93006897,37.48450851
2026-06-26T03:56:57.651155+09:00,신정네거리역,신정네거리역,POI117,KEY_1,706. 신정네거리역,ST-313,33,5,15,126.85175323,37.5218811
2026-06-26T03:56:57.651155+09:00,신정네거리역,신정네거리역,POI117,KEY_1,722. 경서농협 버스정류장(우리은행신정동지점방향),ST-993,130,13,10,126.85738373,37.52151108
2026-06-26T03:56:57.651155+09:00,신정네거리역,신정네거리역,POI117,KEY_1,4509. 서울영상고교 입구,ST-2761,253,38,15,126.85928345,37.52198029
2026-06-26T03:56:57.651155+09:00,신정네거리역,신정네거리역,POI117,KEY_1,4510. 신정네거리역 교차로,ST-2762,62,8,13,126.85228729,37.52175903
2026-06-26T03:56:57.651155+09:00,신정네거리역,신정네거리역,POI117,KEY_1,4507. 신정제일시장,ST-2759,110,11,10,126.85499573,37.52122498
2026-06-26T03:56:57.651155+09:00,신촌·이대역,신촌·이대역,POI040,KEY_2,128. 신촌역(2호선) 1번출구 옆,ST-30,21,4,19,126.93634033,37.55549622
2026-06-26T03:56:57.651155+09:00,신촌·이대역,신촌·이대역,POI040,KEY_2,150. 서강대역 2번출구 앞,ST-207,47,7,15,126.93434143,37.55295563
2026-06-26T03:56:57.651155+09:00,신촌·이대역,신촌·이대역,POI040,KEY_2,129. 신촌역(2호선) 6번출구 옆,ST-31,10,1,10,126.93756866,37.55505371
2026-06-26T03:56:57.651155+09:00,신촌·이대역,신촌·이대역,POI040,KEY_2,130. 신촌역(2호선) 7번출구 앞,ST-32,50,5,10,126.93626404,37.5550499
2026-06-26T03:56:57.651155+09:00,신촌·이대역,신촌·이대역,POI040,KEY_2,134. 연세로 명물길,ST-36,125,10,8,126.93807983,37.55789185
2026-06-26T03:56:57.651155+09:00,신촌·이대역,신촌·이대역,POI040,KEY_2,137. 신촌기차역입구 교차로,ST-39,50,5,10,126.9431839,37.55681229
2026-06-26T03:56:57.651155+09:00,신촌·이대역,신촌·이대역,POI040,KEY_2,135. 명물길 원형무대 앞,ST-37,0,0,10,126.93984222,37.55922699
2026-06-26T03:56:57.651155+09:00,신촌·이대역,신촌·이대역,POI040,KEY_2,3116.신촌역 4번출구,ST-2201,10,1,10,126.93720245,37.55550385
2026-06-26T03:56:57.651155+09:00,신촌·이대역,신촌·이대역,POI040,KEY_2,4274. 신촌 파랑고래 입구,ST-3140,10,1,10,126.93603516,37.55687714
2026-06-26T03:56:57.651155+09:00,신촌·이대역,신촌·이대역,POI040,KEY_2,4248. 신촌 교보빌딩,ST-3021,10,1,10,126.94034576,37.5560112
2026-06-26T03:56:57.651155+09:00,쌍문역,쌍문역,POI070,KEY_3,1774.정의여중고 버스정류소,ST-2119,113,9,8,127.034729,37.65134811
2026-06-26T03:56:57.651155+09:00,쌍문역,쌍문역,POI070,KEY_3,1709. 쌍문역4번출구 주변,ST-616,47,8,17,127.03534698,37.65012741
2026-06-26T03:56:57.651155+09:00,쌍문역,쌍문역,POI070,KEY_3,1754. 창동시장입구 사거리,ST-2099,27,3,11,127.03343201,37.64689636
2026-06-26T03:56:57.651155+09:00,쌍문역,쌍문역,POI070,KEY_3,4054. 창동한신아파트 버스정류소,ST-2722,30,3,10,127.03527069,37.64601898
2026-06-26T03:56:57.651155+09:00,양재역,양재역,POI041,KEY_4,2333. 양재역 3번출구 주변,ST-816,7,1,14,127.03407288,37.48515701
2026-06-26T03:56:57.651155+09:00,양재역,양재역,POI041,KEY_4,2242.양재역 10번 출구 앞,ST-767,5,1,20,127.03417969,37.48398972
2026-06-26T03:56:57.651155+09:00,양재역,양재역,POI041,KEY_4,2293. SPC 앞,ST-1360,10,1,10,127.03699493,37.48479843
2026-06-26T03:56:57.651155+09:00,양재역,양재역,POI041,KEY_4,4329. SC제일은행 양재동지점 앞,ST-2962,13,1,8,127.03315735,37.48573685
2026-06-26T03:56:57.651155+09:00,역삼역,역삼역,POI042,KEY_1,2430.강남파이낸스센터앞(역삼역2번출구),ST-1896,10,1,10,127.03605652,37.50024414
2026-06-26T03:56:57.651155+09:00,역삼역,역삼역,POI042,KEY_1,2410. 포스코피앤에스타워 (역삼역 3번출구 부근),ST-1680,120,12,10,127.03375244,37.49959946
2026-06-26T03:56:57.651155+09:00,역삼역,역삼역,POI042,KEY_1,2349. 역삼빌딩 앞(하나은행 옆),ST-959,0,0,12,127.03856659,37.50154495
2026-06-26T03:56:57.651155+09:00,연신내역,연신내역,POI043,KEY_2,922. 연신내역 4번출구,ST-470,0,0,10,126.92196655,37.61780167
2026-06-26T03:56:57.651155+09:00,연신내역,연신내역,POI043,KEY_2,906. 연신내역 5번출구,ST-454,200,16,8,126.91957855,37.61721039
2026-06-26T03:56:57.651155+09:00,연신내역,연신내역,POI043,KEY_2,949. 연신내역 1번 출구,ST-1035,67,4,6,126.92080688,37.61978149
2026-06-26T03:56:57.651155+09:00,오목교역·목동운동장,오목교역·목동운동장,POI044,KEY_3,747. 목동3단지 상가,ST-1018,250,25,10,126.8756485,37.53458023
2026-06-26T03:56:57.651155+09:00,오목교역·목동운동장,오목교역·목동운동장,POI044,KEY_3,792.목동트라팰리스 웨스턴에비뉴,ST-2017,0,0,20,126.8709259,37.52537155
2026-06-26T03:56:57.651155+09:00,오목교역·목동운동장,오목교역·목동운동장,POI044,KEY_3,791.현대하이페리온,ST-2016,47,7,15,126.86980438,37.52490234
2026-06-26T03:56:57.651155+09:00,오목교역·목동운동장,오목교역·목동운동장,POI044,KEY_3,756. 목동주차장,ST-1497,33,5,15,126.8761673,37.52667999
2026-06-26T03:56:57.651155+09:00,오목교역·목동운동장,오목교역·목동운동장,POI044,KEY_3,765. 오목교역 3번출구,ST-1731,33,4,12,126.87548065,37.52477646
2026-06-26T03:56:57.651155+09:00,오목교역·목동운동장,오목교역·목동운동장,POI044,KEY_3,748. 목동운동장,ST-1019,162,21,13,126.87930298,37.53025055
2026-06-26T03:56:57.651155+09:00,오목교역·목동운동장,오목교역·목동운동장,POI044,KEY_3,723. SBS방송국,ST-994,13,2,15,126.87274933,37.52916336
2026-06-26T03:56:57.651155+09:00,오목교역·목동운동장,오목교역·목동운동장,POI044,KEY_3,731. 서울시 도로환경관리센터,ST-1002,30,3,10,126.87654114,37.5298996
2026-06-26T03:56:57.651155+09:00,오목교역·목동운동장,오목교역·목동운동장,POI044,KEY_3,771.목동아파트 703동 앞,ST-1997,25,2,8,126.87016296,37.52820587
2026-06-26T03:56:57.651155+09:00,오목교역·목동운동장,오목교역·목동운동장,POI044,KEY_3,762. 오목로 무중력지대 앞,ST-1503,50,5,10,126.87766266,37.52474213
2026-06-26T03:56:57.651155+09:00,오목교역·목동운동장,오목교역·목동운동장,POI044,KEY_3,703. 오목교역 7번출구 앞,ST-311,8,1,12,126.87524414,37.52362823
2026-06-26T03:56:57.651155+09:00,오목교역·목동운동장,오목교역·목동운동장,POI044,KEY_3,769.CBS방송국 앞,ST-1995,0,0,20,126.87467194,37.52785492
2026-06-26T03:56:57.651155+09:00,오목교역·목동운동장,오목교역·목동운동장,POI044,KEY_3,4543. 오목교역 6번 출구,ST-3163,11,1,9,126.87567139,37.5236702
2026-06-26T03:56:57.651155+09:00,오목교역·목동운동장,오목교역·목동운동장,POI044,KEY_3,4532. 목동현대아파트 후문 앞,ST-2879,160,16,10,126.87805939,37.5221405
2026-06-26T03:56:57.651155+09:00,오목교역·목동운동장,오목교역·목동운동장,POI044,KEY_3,4546. 목동운동장 주경기장,ST-3227,77,23,30,126.88307953,37.52937698
2026-06-26T03:56:57.651155+09:00,오목교역·목동운동장,오목교역·목동운동장,POI044,KEY_3,4514. 목동성당 앞,ST-2764,245,49,20,126.86930084,37.52319717
2026-06-26T03:56:57.651155+09:00,왕십리역,왕십리역,POI045,KEY_4,558. 성동광진 교육지원청 앞,ST-359,25,5,20,127.03652191,37.56460571
2026-06-26T03:56:57.651155+09:00,왕십리역,왕십리역,POI045,KEY_4,559. 왕십리역 4번 출구 건너편,ST-360,15,2,13,127.03679657,37.56109619
2026-06-26T03:56:57.651155+09:00,왕십리역,왕십리역,POI045,KEY_4,525. 한양대병원사거리,ST-241,5,1,20,127.04035187,37.55805206
2026-06-26T03:56:57.651155+09:00,왕십리역,왕십리역,POI045,KEY_4,3561.행당동 삼부APT후문,ST-2343,70,7,10,127.03839874,37.55926895
2026-06-26T03:56:57.651155+09:00,왕십리역,왕십리역,POI045,KEY_4,3545.한양대역 1번출구,ST-2327,0,0,10,127.04335785,37.55657959
2026-06-26T03:56:57.651155+09:00,용산역,용산역,POI046,KEY_1,806. 전자랜드 본관 앞,ST-327,10,2,20,126.96073151,37.5330658
2026-06-26T03:56:57.651155+09:00,용산역,용산역,POI046,KEY_1,845. 용산 선인상가,ST-1615,75,12,16,126.96437836,37.53269958
2026-06-26T03:56:57.651155+09:00,용산역,용산역,POI046,KEY_1,853.용산역 맞은편,ST-2177,11,2,19,126.96595001,37.52841568
2026-06-26T03:56:57.651155+09:00,용산역,용산역,POI046,KEY_1,4617. 동원베네스트 건너편,ST-2448,50,3,6,126.95511627,37.52761078
2026-06-26T03:56:57.651155+09:00,용산역,용산역,POI046,KEY_1,4616. 신용산지하차도 앞,ST-2447,13,2,15,126.96411896,37.53248215
2026-06-26T03:56:57.651155+09:00,잠실새내역,잠실새내역,POI118,KEY_3,1222. 잠실새내역 5번 출구 뒤,ST-547,43,10,23,127.08505249,37.51198196
2026-06-26T03:56:57.651155+09:00,잠실새내역,잠실새내역,POI118,KEY_3,1224. 아시아지하보도 2번 출구,ST-548,127,19,15,127.07893372,37.51216888
2026-06-26T03:56:57.651155+09:00,잠실새내역,잠실새내역,POI118,KEY_3,2637. 아시아지하보도 14번 출구,ST-1864,33,5,15,127.07881165,37.51146317
2026-06-26T03:56:57.651155+09:00,잠실새내역,잠실새내역,POI118,KEY_3,2635.잠실새내역 1번출구,ST-1862,0,0,21,127.08673859,37.51129532
2026-06-26T03:56:57.651155+09:00,잠실역,잠실역,POI119,KEY_4,1210. 롯데월드타워(잠실역2번출구 쪽),ST-891,7,2,30,127.10095978,37.51312637
2026-06-26T03:56:57.651155+09:00,잠실역,잠실역,POI119,KEY_4,1231. 잠실역 6번출구,ST-840,8,1,13,127.09902954,37.51408768
2026-06-26T03:56:57.651155+09:00,잠실역,잠실역,POI119,KEY_4,1232. 잠실주공 521동 건너편,ST-550,40,4,10,127.09568787,37.51184082
2026-06-26T03:56:57.651155+09:00,잠실역,잠실역,POI119,KEY_4,2647.잠실 자전거 수리센터 앞,ST-1868,14,1,7,127.10114288,37.51100922
2026-06-26T03:56:57.651155+09:00,장지역,장지역,POI048,KEY_1,1266. 문정동 글샘 공원,ST-1085,60,6,10,127.12000275,37.47880936
2026-06-26T03:56:57.651155+09:00,장지역,장지역,POI048,KEY_1,1244. 문정 법조단지8,ST-904,0,0,11,127.12212372,37.48153687
2026-06-26T03:56:57.651155+09:00,장지역,장지역,POI048,KEY_1,1246. 문정 법조단지10,ST-906,0,0,30,127.12632751,37.47750854
2026-06-26T03:56:57.651155+09:00,장지역,장지역,POI048,KEY_1,1247. 문정 법조단지11,ST-907,0,0,15,127.12351227,37.4788208
2026-06-26T03:56:57.651155+09:00,장지역,장지역,POI048,KEY_1,1245. 문정 법조단지9,ST-905,10,1,10,127.12532806,37.47946548
2026-06-26T03:56:57.651155+09:00,장지역,장지역,POI048,KEY_1,4885. 가든파이브 리빙관,ST-2985,0,0,8,127.123703,37.47709656
2026-06-26T03:56:57.651155+09:00,장지역,장지역,POI048,KEY_1,4491. 장지역 1번출구,ST-2599,30,3,10,127.12678528,37.47953415
2026-06-26T03:56:57.651155+09:00,장한평역,장한평역,POI049,KEY_2,626. 군자교 서측 녹지대,ST-394,171,29,17,127.07096863,37.56115341
2026-06-26T03:56:57.651155+09:00,장한평역,장한평역,POI049,KEY_2,529. 장한평역 8번 출구 앞,ST-243,288,23,8,127.06365967,37.56137085
2026-06-26T03:56:57.651155+09:00,장한평역,장한평역,POI049,KEY_2,4385. 용답동 우체국 주변,ST-3099,260,13,5,127.06151581,37.56168747
2026-06-26T03:56:57.651155+09:00,장한평역,장한평역,POI049,KEY_2,4105. 서울교통공사사거리 교통섬,ST-2499,0,0,10,127.05799103,37.56324005
2026-06-26T03:56:57.651155+09:00,천호역,천호역,POI050,KEY_3,1009. 천호역4번출구(현대백화점),ST-493,5,1,20,127.12424469,37.53866577
2026-06-26T03:56:57.651155+09:00,천호역,천호역,POI050,KEY_3,1264. 천호역 10번 출구 앞,ST-1083,0,0,8,127.12280273,37.53858185
2026-06-26T03:56:57.651155+09:00,천호역,천호역,POI050,KEY_3,3657. 서울천호동우체국,ST-2732,240,24,10,127.12576294,37.54074097
2026-06-26T03:56:57.651155+09:00,총신대입구(이수)역,총신대입구(이수)역,POI051,KEY_4,2032. 이수역 11번출구쪽,ST-923,150,15,10,126.98162079,37.48550797
2026-06-26T03:56:57.651155+09:00,총신대입구(이수)역,총신대입구(이수)역,POI051,KEY_4,2264. 이수역 1번출구,ST-935,178,16,9,126.98271942,37.48897171
2026-06-26T03:56:57.651155+09:00,총신대입구(이수)역,총신대입구(이수)역,POI051,KEY_4,2091. 이수역9번출구,ST-2364,227,34,15,126.98059082,37.48470306
2026-06-26T03:56:57.651155+09:00,총신대입구(이수)역,총신대입구(이수)역,POI051,KEY_4,2082.7호선 이수역7번출구,ST-2355,280,28,10,126.98179626,37.4846077
2026-06-26T03:56:57.651155+09:00,총신대입구(이수)역,총신대입구(이수)역,POI051,KEY_4,2511. 이수역 6번출구 앞,ST-1739,120,12,10,126.98234558,37.48398972
2026-06-26T03:56:57.651155+09:00,충정로역,충정로역,POI052,KEY_1,180. 충정로역 7번출구 아래,ST-233,60,6,10,126.96246338,37.55996704
2026-06-26T03:56:57.651155+09:00,충정로역,충정로역,POI052,KEY_1,3134.SK리쳄블(서울아리수본부),ST-2219,30,3,10,126.96658325,37.56131744
2026-06-26T03:56:57.651155+09:00,충정로역,충정로역,POI052,KEY_1,3114.충정로역 3번 출구,ST-2198,43,3,7,126.96552277,37.56046295
2026-06-26T03:56:57.651155+09:00,충정로역,충정로역,POI052,KEY_1,4801. 충정로역 2호선(엘리베이터 앞),ST-3053,40,2,5,126.96414185,37.55937576
2026-06-26T03:56:57.651155+09:00,충정로역,충정로역,POI052,KEY_1,4752. 삼성사이버빌리지아파트,ST-2624,14,1,7,126.96485901,37.55891418
2026-06-26T03:56:57.651155+09:00,충정로역,충정로역,POI052,KEY_1,4266.국민연금공단충정로사옥,ST-3027,0,0,9,126.96414948,37.56184769
2026-06-26T03:56:57.651155+09:00,충정로역,충정로역,POI052,KEY_1,4271. 충정로역 1번 출구,ST-3107,43,3,7,126.96305847,37.55942535
2026-06-26T03:56:57.651155+09:00,합정역,합정역,POI053,KEY_2,497.합정동주민센터 앞,ST-2156,20,5,25,126.91230011,37.551754
2026-06-26T03:56:57.651155+09:00,합정역,합정역,POI053,KEY_2,105. 합정역 5번출구 앞,ST-7,20,1,5,126.91482544,37.55000687
2026-06-26T03:56:57.651155+09:00,합정역,합정역,POI053,KEY_2,106. 합정역 7번출구 앞,ST-8,0,0,12,126.91282654,37.54864502
2026-06-26T03:56:57.651155+09:00,합정역,합정역,POI053,KEY_2,4211. 시석빌딩 앞,ST-2534,0,0,8,126.91671753,37.54836655
2026-06-26T03:56:57.651155+09:00,혜화역,혜화역,POI054,KEY_3,342. 대학로 마로니에공원,ST-158,59,13,22,127.00234222,37.58044434
2026-06-26T03:56:57.651155+09:00,혜화역,혜화역,POI054,KEY_3,341. 혜화역 3번출구 뒤,ST-157,13,1,8,127.00178528,37.58156967
2026-06-26T03:56:57.651155+09:00,혜화역,혜화역,POI054,KEY_3,358. 성균관대입구 사거리 A,ST-173,8,1,13,126.99853516,37.58250046
2026-06-26T03:56:57.651155+09:00,혜화역,혜화역,POI054,KEY_3,3419.국립어린이과학관,ST-1816,29,4,14,126.99736786,37.58194733
2026-06-26T03:56:57.651155+09:00,혜화역,혜화역,POI054,KEY_3,3420. 성균관대입구 사거리 B,ST-1817,30,3,10,126.99885559,37.58327484
2026-06-26T03:56:57.651155+09:00,혜화역,혜화역,POI054,KEY_3,3421.혜화역 1번출구,ST-1818,10,1,10,127.00185394,37.58385468
2026-06-26T03:56:57.651155+09:00,홍대입구역(2호선),홍대입구역(2호선),POI055,KEY_4,113. 홍대입구역 2번출구 앞,ST-18,4,1,28,126.9238205,37.5574379
2026-06-26T03:56:57.651155+09:00,홍대입구역(2호선),홍대입구역(2호선),POI055,KEY_4,114. 홍대입구역 8번출구 앞,ST-20,7,1,15,126.92442322,37.55706024
2026-06-26T03:56:57.651155+09:00,회기역,회기역,POI056,KEY_1,670.삼육서울병원 버스정류장,ST-2270,300,27,9,127.06151581,37.5896759
2026-06-26T03:56:57.651155+09:00,회기역,회기역,POI056,KEY_1,680.꿈마루어린이도서관 앞,ST-2280,164,36,22,127.05741119,37.59238434
2026-06-26T04:43:48.973939+09:00,광화문·덕수궁,광화문·덕수궁,POI009,KEY_2,310. 청계광장 옆,ST-126,13,1,8,126.9774704,37.56887817
2026-06-26T04:43:48.973939+09:00,광화문·덕수궁,광화문·덕수궁,POI009,KEY_2,303. 광화문역 1번출구 앞,ST-119,13,1,8,126.97466278,37.57176971
2026-06-26T04:43:48.973939+09:00,광화문·덕수궁,광화문·덕수궁,POI009,KEY_2,458. 광화문역 5번출구,ST-1611,14,3,21,126.97756958,37.56989288
2026-06-26T04:43:48.973939+09:00,광화문·덕수궁,광화문·덕수궁,POI009,KEY_2,391. 시립미술관,ST-977,75,6,8,126.97340393,37.56505203
2026-06-26T04:43:48.973939+09:00,광화문·덕수궁,광화문·덕수궁,POI009,KEY_2,305. 종로구청 옆,ST-121,25,4,16,126.97833252,37.57255936
2026-06-26T04:43:48.973939+09:00,광화문·덕수궁,광화문·덕수궁,POI009,KEY_2,309. 광화문역 6번출구 옆 B,ST-125,0,0,13,126.97615814,37.56996155
2026-06-26T04:43:48.973939+09:00,광화문·덕수궁,광화문·덕수궁,POI009,KEY_2,4796. 서울시청,ST-2693,15,3,20,126.97925568,37.5664711
2026-06-26T04:43:48.973939+09:00,광화문·덕수궁,광화문·덕수궁,POI009,KEY_2,4719. 종로문화원 건너편,ST-3090,33,5,15,126.9805069,37.57571411
2026-06-26T04:43:48.973939+09:00,광화문·덕수궁,광화문·덕수궁,POI009,KEY_2,4718. 광화문역 6번출구 옆 A,ST-3075,10,1,10,126.9764328,37.56993103
2026-06-26T04:43:48.973939+09:00,광화문·덕수궁,광화문·덕수궁,POI009,KEY_2,6058. 시청역 2번출구,ST-3297,73,11,15,126.97702026,37.56557846
2026-06-26T04:43:48.973939+09:00,보신각,보신각,POI010,KEY_3,316. 종각역 1번출구 앞,ST-132,25,2,8,126.98178864,37.57039642
2026-06-26T04:43:48.973939+09:00,보신각,보신각,POI010,KEY_3,385. 종각역 5번출구,ST-336,0,0,10,126.98265839,37.56983566
2026-06-26T04:43:48.973939+09:00,보신각,보신각,POI010,KEY_3,3408.종로타워빌딩,ST-1805,0,0,13,126.98323822,37.57070541
2026-06-26T04:43:48.973939+09:00,보신각,보신각,POI010,KEY_3,4708. 조계사앞사거리,ST-2472,33,2,6,126.98283386,37.5721817
2026-06-26T04:43:48.973939+09:00,서울 암사동 유적,서울 암사동 유적,POI011,KEY_4,1007.암사동 선사유적지,ST-491,229,32,14,127.13087463,37.55955887
2026-06-26T04:43:48.973939+09:00,서울 암사동 유적,서울 암사동 유적,POI011,KEY_4,3539. 서원마을,ST-1686,70,7,10,127.13283539,37.56379318
2026-06-26T04:43:48.973939+09:00,창덕궁·종묘,창덕궁·종묘,POI012,KEY_1,339. 종로4가 사거리,ST-155,10,1,10,126.99819183,37.57106781
2026-06-26T04:43:48.973939+09:00,창덕궁·종묘,창덕궁·종묘,POI012,KEY_1,337. 창경궁 입구,ST-153,40,2,5,126.99647522,37.57897949
2026-06-26T04:43:48.973939+09:00,창덕궁·종묘,창덕궁·종묘,POI012,KEY_1,359. 원남동사거리,ST-174,100,8,8,126.99768066,37.57606125
2026-06-26T04:43:48.973939+09:00,창덕궁·종묘,창덕궁·종묘,POI012,KEY_1,338. 세운스퀘어 앞,ST-154,0,0,18,126.99712372,37.57095718
2026-06-26T04:43:48.973939+09:00,창덕궁·종묘,창덕궁·종묘,POI012,KEY_1,3413.종로플레이스,ST-1810,32,7,22,126.99796295,37.57320023
2026-06-26T04:43:48.973939+09:00,창덕궁·종묘,창덕궁·종묘,POI012,KEY_1,3410.종로3가역 8번출구,ST-1807,50,5,10,126.99188995,37.5724678
2026-06-26T04:43:48.973939+09:00,창덕궁·종묘,창덕궁·종묘,POI012,KEY_1,3411.종묘,ST-1808,33,3,9,126.99437714,37.57072067
2026-06-26T04:43:48.973939+09:00,동대문 관광특구,동대문 관광특구,POI002,KEY_3,474.동대문역사문화공원역 1번출구 뒤편,ST-1780,55,22,40,127.00849152,37.56629944
2026-06-26T04:43:48.973939+09:00,동대문 관광특구,동대문 관광특구,POI002,KEY_3,475.DDP 패션몰,ST-1781,5,1,21,127.0118103,37.56764984
2026-06-26T04:43:48.973939+09:00,동대문 관광특구,동대문 관광특구,POI002,KEY_3,383. 신당역 12번 출구 뒤,ST-198,4,1,24,127.01642609,37.56591797
2026-06-26T04:43:48.973939+09:00,동대문 관광특구,동대문 관광특구,POI002,KEY_3,346. 맥스타일 앞,ST-162,20,2,10,127.01014709,37.5689621
2026-06-26T04:43:48.973939+09:00,동대문 관광특구,동대문 관광특구,POI002,KEY_3,347. 동대문역사문화공원역 9번출구 앞,ST-163,39,7,18,127.00784302,37.56533051
2026-06-26T04:43:48.973939+09:00,동대문 관광특구,동대문 관광특구,POI002,KEY_3,6061.충무아트센터,ST-3381,50,5,10,127.01522064,37.56538773
2026-06-26T04:43:48.973939+09:00,동대문 관광특구,동대문 관광특구,POI002,KEY_3,4765. 동대문디자인플라자,ST-2431,5,1,20,127.00946045,37.5683136
2026-06-26T04:43:48.973939+09:00,명동 관광특구,명동 관광특구,POI003,KEY_4,310. 청계광장 옆,ST-126,13,1,8,126.9774704,37.56887817
2026-06-26T04:43:48.973939+09:00,명동 관광특구,명동 관광특구,POI003,KEY_4,321. KEB 하나금융그룹 명동사옥 옆,ST-137,0,0,15,126.98413849,37.56546402
2026-06-26T04:43:48.973939+09:00,명동 관광특구,명동 관광특구,POI003,KEY_4,433. 을지로입구역 2번출구,ST-1668,0,0,12,126.98229218,37.56634521
2026-06-26T04:43:48.973939+09:00,명동 관광특구,명동 관광특구,POI003,KEY_4,322. 명동성당 앞,ST-138,0,0,10,126.98696899,37.56447601
2026-06-26T04:43:48.973939+09:00,명동 관광특구,명동 관광특구,POI003,KEY_4,318. 광교사거리 남측,ST-134,0,0,10,126.98231506,37.56863403
2026-06-26T04:43:48.973939+09:00,명동 관광특구,명동 관광특구,POI003,KEY_4,320. 을지로입구역 4번출구 앞,ST-136,0,0,17,126.98358917,37.56622314
2026-06-26T04:43:48.973939+09:00,명동 관광특구,명동 관광특구,POI003,KEY_4,331. 을지로2가 사거리 북측,ST-147,0,0,10,126.98720551,37.56638336
2026-06-26T04:43:48.973939+09:00,명동 관광특구,명동 관광특구,POI003,KEY_4,466.롯데호텔,ST-1772,69,9,13,126.97981262,37.56584167
2026-06-26T04:43:48.973939+09:00,명동 관광특구,명동 관광특구,POI003,KEY_4,324. 신세계백화점 본점 앞,ST-140,38,3,8,126.9805069,37.56134415
2026-06-26T04:43:48.973939+09:00,명동 관광특구,명동 관광특구,POI003,KEY_4,398. 을지로3가역 3번출구,ST-1435,75,6,8,126.99249268,37.56660461
2026-06-26T04:43:48.973939+09:00,명동 관광특구,명동 관광특구,POI003,KEY_4,3013.서울지방고용노동청 앞,ST-2422,0,0,7,126.98725891,37.56760406
2026-06-26T04:43:48.973939+09:00,명동 관광특구,명동 관광특구,POI003,KEY_4,4791. 명동역9번 출구,ST-2527,20,2,10,126.98749542,37.56122589
2026-06-26T04:43:48.973939+09:00,명동 관광특구,명동 관광특구,POI003,KEY_4,4796. 서울시청,ST-2693,15,3,20,126.97925568,37.5664711
2026-06-26T04:43:48.973939+09:00,명동 관광특구,명동 관광특구,POI003,KEY_4,4776. 신세계면세점,ST-2522,30,3,10,126.98139191,37.56027603
2026-06-26T04:43:48.973939+09:00,명동 관광특구,명동 관광특구,POI003,KEY_4,4775. 을지로지하쇼핑센터,ST-2521,0,0,10,126.98445129,37.56589127
2026-06-26T04:43:48.973939+09:00,명동 관광특구,명동 관광특구,POI003,KEY_4,4774. 을지로입구역 8번출구,ST-2520,0,0,9,126.98178101,37.56590271
2026-06-26T04:43:48.973939+09:00,명동 관광특구,명동 관광특구,POI003,KEY_4,6058. 시청역 2번출구,ST-3297,73,11,15,126.97702026,37.56557846
2026-06-26T04:43:48.973939+09:00,명동 관광특구,명동 관광특구,POI003,KEY_4,4762. 국제빌딩,ST-2517,10,1,10,126.98244476,37.56694794
2026-06-26T04:43:48.973939+09:00,이태원 관광특구,이태원 관광특구,POI004,KEY_1,854.HID 유족동지회 앞,ST-2178,0,0,10,127.0014801,37.53850937
2026-06-26T04:43:48.973939+09:00,이태원 관광특구,이태원 관광특구,POI004,KEY_1,857. 현대 안성타워,ST-2181,0,0,10,126.99797058,37.53508759
2026-06-26T04:43:48.973939+09:00,이태원 관광특구,이태원 관광특구,POI004,KEY_1,843. 이태원관광특구 입구(용산구청방향),ST-1445,0,0,19,126.98867035,37.53379822
2026-06-26T04:43:48.973939+09:00,이태원 관광특구,이태원 관광특구,POI004,KEY_1,4613. 서울갤러리아 앞,ST-2445,20,1,5,126.99937439,37.53597641
2026-06-26T04:43:48.973939+09:00,이태원 관광특구,이태원 관광특구,POI004,KEY_1,4612. 이태원로 255,ST-2444,0,0,5,127.00084686,37.53749847
2026-06-26T04:43:48.973939+09:00,이태원 관광특구,이태원 관광특구,POI004,KEY_1,4623. 라인프랜즈이태원점 앞,ST-2453,0,0,10,126.99619293,37.53453064
2026-06-26T04:43:48.973939+09:00,이태원 관광특구,이태원 관광특구,POI004,KEY_1,4634. 이태원역 3번 출구,ST-3056,0,0,5,126.99497223,37.5343895
2026-06-26T04:43:48.973939+09:00,잠실 관광특구,잠실 관광특구,POI005,KEY_2,1267. 올림픽공원 남2문 앞,ST-1086,14,2,14,127.12306976,37.51424026
2026-06-26T04:43:48.973939+09:00,잠실 관광특구,잠실 관광특구,POI005,KEY_2,1210. 롯데월드타워(잠실역2번출구 쪽),ST-891,13,4,30,127.10095978,37.51312637
2026-06-26T04:43:48.973939+09:00,잠실 관광특구,잠실 관광특구,POI005,KEY_2,1297. 석촌호수교차로(동호 팔각정 앞),ST-1586,0,0,15,127.10411835,37.50920105
2026-06-26T04:43:48.973939+09:00,잠실 관광특구,잠실 관광특구,POI005,KEY_2,1296. 석촌호수교차로 (송파나루근린공원 앞),ST-1585,0,0,10,127.1034317,37.50867844
2026-06-26T04:43:48.973939+09:00,잠실 관광특구,잠실 관광특구,POI005,KEY_2,1233. 잠실3거리(갤러리아팰리스),ST-551,44,4,9,127.09336853,37.51050949
2026-06-26T04:43:48.973939+09:00,잠실 관광특구,잠실 관광특구,POI005,KEY_2,1268. 몽촌토성역 1번출구 옆,ST-1087,47,7,15,127.11419678,37.51728821
2026-06-26T04:43:48.973939+09:00,잠실 관광특구,잠실 관광특구,POI005,KEY_2,1232. 잠실주공 521동 건너편,ST-550,40,4,10,127.09568787,37.51184082
2026-06-26T04:43:48.973939+09:00,잠실 관광특구,잠실 관광특구,POI005,KEY_2,2601. 석촌호수 아뜰리에,ST-1590,75,12,16,127.09883118,37.5067482
2026-06-26T04:43:48.973939+09:00,잠실 관광특구,잠실 관광특구,POI005,KEY_2,2608. 송파구청,ST-1681,10,1,10,127.10611725,37.51499176
2026-06-26T04:43:48.973939+09:00,잠실 관광특구,잠실 관광특구,POI005,KEY_2,2621. 한성백제역 2번 출구,ST-1719,40,6,15,127.11625671,37.51665878
2026-06-26T04:43:48.973939+09:00,잠실 관광특구,잠실 관광특구,POI005,KEY_2,2622. 올림픽공원역 3번출구,ST-1720,0,0,20,127.13059235,37.51625824
2026-06-26T04:43:48.973939+09:00,잠실 관광특구,잠실 관광특구,POI005,KEY_2,2647.잠실 자전거 수리센터 앞,ST-1868,14,1,7,127.10114288,37.51100922
2026-06-26T04:43:48.973939+09:00,잠실 관광특구,잠실 관광특구,POI005,KEY_2,4868. 석촌호수 서호 남단,ST-2833,110,11,10,127.10124207,37.50717163
2026-06-26T04:43:48.973939+09:00,잠실 관광특구,잠실 관광특구,POI005,KEY_2,5751. 송파여성축구장,ST-3069,0,0,10,127.11743927,37.52471542
2026-06-26T04:43:48.973939+09:00,잠실 관광특구,잠실 관광특구,POI005,KEY_2,5768.방이삼거리,ST-3214,33,4,12,127.10822296,37.51237488
2026-06-26T04:43:48.973939+09:00,잠실 관광특구,잠실 관광특구,POI005,KEY_2,4865. 한성백제역 1번출구 뒤,ST-2797,360,18,5,127.1149826,37.51647949
2026-06-26T04:43:48.973939+09:00,잠실 관광특구,잠실 관광특구,POI005,KEY_2,5781. 올림픽공원 수영장,ST-3300,179,25,14,127.12688446,37.52157211
2026-06-26T04:43:48.973939+09:00,잠실 관광특구,잠실 관광특구,POI005,KEY_2,4870. 몽촌토성역 3번 출구,ST-2876,180,18,10,127.11232758,37.5170784
2026-06-26T04:43:48.973939+09:00,잠실 관광특구,잠실 관광특구,POI005,KEY_2,4857. 올림픽공원 장미광장,ST-2621,0,0,15,127.126297,37.51275635
2026-06-26T04:43:48.973939+09:00,잠실 관광특구,잠실 관광특구,POI005,KEY_2,4862. 성내교 남단,ST-2756,80,8,10,127.11588287,37.52301788
2026-06-26T04:43:48.973939+09:00,잠실 관광특구,잠실 관광특구,POI005,KEY_2,4481. 올림픽공원 북2문 B,ST-2592,100,25,25,127.12751007,37.52397537
2026-06-26T04:43:48.973939+09:00,잠실 관광특구,잠실 관광특구,POI005,KEY_2,4464. 올림픽공원 북2문 A,ST-2580,67,10,15,127.12804413,37.52357483
2026-06-26T04:43:48.973939+09:00,잠실 관광특구,잠실 관광특구,POI005,KEY_2,4856. 올림픽공원 서1문 앞,ST-2608,60,6,10,127.11457062,37.5202179
2026-06-26T04:43:48.973939+09:00,종로·청계 관광특구,종로·청계 관광특구,POI006,KEY_3,397. 종묘공영주차장 건너편,ST-1432,23,3,13,126.99663544,37.57048035
2026-06-26T04:43:48.973939+09:00,종로·청계 관광특구,종로·청계 관광특구,POI006,KEY_3,455. 종로6가역 버스정류장(동대문 방향),ST-1608,25,2,8,127.00605774,37.570961
2026-06-26T04:43:48.973939+09:00,종로·청계 관광특구,종로·청계 관광특구,POI006,KEY_3,458. 광화문역 5번출구,ST-1611,14,3,21,126.97756958,37.56989288
2026-06-26T04:43:48.973939+09:00,종로·청계 관광특구,종로·청계 관광특구,POI006,KEY_3,368. SK 서린빌딩 앞,ST-181,7,1,15,126.98053741,37.5692482
2026-06-26T04:43:48.973939+09:00,종로·청계 관광특구,종로·청계 관광특구,POI006,KEY_3,385. 종각역 5번출구,ST-336,0,0,10,126.98265839,37.56983566
2026-06-26T04:43:48.973939+09:00,종로·청계 관광특구,종로·청계 관광특구,POI006,KEY_3,329. 청계2가 사거리 옆,ST-145,0,0,8,126.98788452,37.56848526
2026-06-26T04:43:48.973939+09:00,종로·청계 관광특구,종로·청계 관광특구,POI006,KEY_3,335. 종로3가역 15번출구 뒤,ST-151,100,10,10,126.99165344,37.57019424
2026-06-26T04:43:48.973939+09:00,종로·청계 관광특구,종로·청계 관광특구,POI006,KEY_3,393. 동대문역 8번 출구,ST-1372,25,3,12,127.00937653,37.57014084
2026-06-26T04:43:48.973939+09:00,종로·청계 관광특구,종로·청계 관광특구,POI006,KEY_3,3412.세운상가,ST-1809,7,1,15,126.99454498,37.5703125
2026-06-26T04:43:48.973939+09:00,종로·청계 관광특구,종로·청계 관광특구,POI006,KEY_3,3432.종로2가 사거리,ST-1829,57,8,14,126.98880768,37.57001877
2026-06-26T04:43:48.973939+09:00,종로·청계 관광특구,종로·청계 관광특구,POI006,KEY_3,3415.동대문역6번출구,ST-1812,100,15,15,127.0107193,37.57147217
2026-06-26T04:43:48.973939+09:00,종로·청계 관광특구,종로·청계 관광특구,POI006,KEY_3,4707. 청계3가 사거리,ST-2513,40,2,5,126.99211884,37.56855774
2026-06-26T04:43:48.973939+09:00,홍대 관광특구,홍대 관광특구,POI007,KEY_4,113. 홍대입구역 2번출구 앞,ST-18,4,1,28,126.9238205,37.5574379
2026-06-26T04:43:48.973939+09:00,홍대 관광특구,홍대 관광특구,POI007,KEY_4,493.홍대입구역 6번출구,ST-2152,0,0,7,126.9288559,37.55657578
2026-06-26T04:43:48.973939+09:00,홍대 관광특구,홍대 관광특구,POI007,KEY_4,104. 합정역 1번출구 앞,ST-6,0,0,13,126.91508484,37.55073929
2026-06-26T04:43:48.973939+09:00,홍대 관광특구,홍대 관광특구,POI007,KEY_4,108. 서교동 사거리,ST-10,0,0,12,126.91861725,37.55274582
2026-06-26T04:43:48.973939+09:00,홍대 관광특구,홍대 관광특구,POI007,KEY_4,114. 홍대입구역 8번출구 앞,ST-20,7,1,15,126.92442322,37.55706024
2026-06-26T04:43:48.973939+09:00,홍대 관광특구,홍대 관광특구,POI007,KEY_4,3010.홍대입구역 3번출구,ST-2168,7,1,15,126.92538452,37.5582962
2026-06-26T04:43:48.973939+09:00,홍대 관광특구,홍대 관광특구,POI007,KEY_4,3009. 홍대입구역 사거리,ST-2167,0,0,20,126.92023468,37.55450058
2026-06-26T04:43:48.973939+09:00,홍대 관광특구,홍대 관광특구,POI007,KEY_4,4208. 스타벅스(동교동) 앞,ST-2532,0,0,10,126.91986847,37.5566597
2026-06-26T04:43:48.973939+09:00,홍대 관광특구,홍대 관광특구,POI007,KEY_4,4211. 시석빌딩 앞,ST-2534,0,0,8,126.91671753,37.54836655
2026-06-26T04:43:48.973939+09:00,국립중앙박물관·용산가족공원,국립중앙박물관·용산가족공원,POI089,KEY_1,863.이촌역2번 출구,ST-2187,140,14,10,126.977005,37.52177048
2026-06-26T04:43:48.973939+09:00,국립중앙박물관·용산가족공원,국립중앙박물관·용산가족공원,POI089,KEY_1,855.이촌역5번출구 앞,ST-2179,40,4,10,126.97277069,37.52272415
2026-06-26T04:43:48.973939+09:00,남산공원,남산공원,POI091,KEY_3,859.남산공원 야외식물원 앞,ST-2183,0,0,10,126.99586487,37.54188538
2026-06-26T04:43:48.973939+09:00,남산공원,남산공원,POI091,KEY_3,371. 동대입구역 6번출구 뒤,ST-186,20,2,10,127.00553894,37.55887222
2026-06-26T04:43:48.973939+09:00,남산공원,남산공원,POI091,KEY_3,381. 장충체육관,ST-196,40,4,10,127.00698853,37.55853271
2026-06-26T04:43:48.973939+09:00,남산공원,남산공원,POI091,KEY_3,4621. 남산도서관 앞,ST-3054,0,0,12,126.98201752,37.55240631
2026-06-26T04:43:48.973939+09:00,노들섬,노들섬,POI092,KEY_4,869.노들섬 동측 앞,ST-2239,0,0,10,126.95914459,37.51729584
2026-06-26T04:43:48.973939+09:00,노들섬,노들섬,POI092,KEY_4,870.노들섬 서측 앞,ST-2240,10,1,10,126.95829773,37.51731873
2026-06-26T04:43:48.973939+09:00,망원한강공원,망원한강공원,POI094,KEY_2,105. 합정역 5번출구 앞,ST-7,20,1,5,126.91482544,37.55000687
2026-06-26T04:43:48.973939+09:00,망원한강공원,망원한강공원,POI094,KEY_2,5515.한강버스 망원 선착장,ST-3388,23,7,30,126.89590454,37.55466461
2026-06-26T04:43:48.973939+09:00,망원한강공원,망원한강공원,POI094,KEY_2,4217. 한강공원 망원나들목,ST-2905,150,30,20,126.89688873,37.55557632
2026-06-26T04:43:48.973939+09:00,보라매공원,보라매공원,POI123,KEY_4,4181. 보라매공원역 2번출구,ST-3117,0,0,6,126.91781616,37.49582291
2026-06-26T04:43:48.973939+09:00,보라매공원,보라매공원,POI123,KEY_4,4179. 보라매병원역 1번출구,ST-3105,0,0,20,126.92362976,37.49304199
2026-06-26T04:43:48.973939+09:00,북서울꿈의숲,북서울꿈의숲,POI096,KEY_1,3718. 번동3단지 버스정류장,ST-2610,173,19,11,127.04390717,37.628685
2026-06-26T04:43:48.973939+09:00,북서울꿈의숲,북서울꿈의숲,POI096,KEY_1,1571.북서울 꿈의 숲 입구,ST-2401,40,4,10,127.03864288,37.62657166
2026-06-26T04:43:48.973939+09:00,북서울꿈의숲,북서울꿈의숲,POI096,KEY_1,1548. 북서울 꿈의숲 서문,ST-1725,93,14,15,127.03781128,37.62268829
2026-06-26T04:43:48.973939+09:00,서대문독립공원,서대문독립공원,POI124,KEY_2,367. 독립문역 3-1번출구,ST-180,231,30,13,126.95851898,37.57415771
2026-06-26T04:43:48.973939+09:00,서대문독립공원,서대문독립공원,POI124,KEY_2,3113. 독립문 앞,ST-2199,60,9,15,126.95974731,37.57220459
2026-06-26T04:43:48.973939+09:00,서대문독립공원,서대문독립공원,POI124,KEY_2,3426.독립문역 2번출구 뒤,ST-1823,220,22,10,126.95755005,37.57501602
2026-06-26T04:43:48.973939+09:00,서대문독립공원,서대문독립공원,POI124,KEY_2,3427.인왕산 아이파크 정문,ST-1824,200,16,8,126.95584869,37.57666779
2026-06-26T04:43:48.973939+09:00,서리풀공원·몽마르뜨공원,서리풀공원·몽마르뜨공원,POI098,KEY_3,4316. 고속터미널역 3번출구,ST-2667,20,5,25,127.0059433,37.50365829
2026-06-26T04:43:48.973939+09:00,서리풀공원·몽마르뜨공원,서리풀공원·몽마르뜨공원,POI098,KEY_3,4312. 반포미도2차아파트 옆,ST-2663,10,1,10,127.00653076,37.50320435
2026-06-26T04:43:48.973939+09:00,서리풀공원·몽마르뜨공원,서리풀공원·몽마르뜨공원,POI098,KEY_3,4327. 몽마르뜨공원입구,ST-3009,0,0,11,127.0026474,37.4928894
2026-06-26T04:43:48.973939+09:00,서울숲공원,서울숲공원,POI101,KEY_1,510. 뚝도아리수정수센터 버스정류소 옆,ST-107,73,11,15,127.04380035,37.54122162
2026-06-26T04:43:48.973939+09:00,서울숲공원,서울숲공원,POI101,KEY_1,3552.서울숲 공영주차장앞,ST-2334,21,4,19,127.04277039,37.54195786
2026-06-26T04:43:48.973939+09:00,서울숲공원,서울숲공원,POI101,KEY_1,4401.뚝섬유수지 공영주차장,ST-3393,80,8,10,127.042099,37.55018234
2026-06-26T04:43:48.973939+09:00,송현녹지광장,송현녹지광장,POI129,KEY_2,354. 포르투갈 대사관 앞,ST-170,10,1,10,126.98896027,37.57915497
2026-06-26T04:43:48.973939+09:00,송현녹지광장,송현녹지광장,POI129,KEY_2,314. 국립현대미술관,ST-130,40,4,10,126.98085785,37.5797081
2026-06-26T04:43:48.973939+09:00,송현녹지광장,송현녹지광장,POI129,KEY_2,353. 재동초교 앞 삼거리,ST-169,125,10,8,126.9849472,37.57938766
2026-06-26T04:43:48.973939+09:00,송현녹지광장,송현녹지광장,POI129,KEY_2,3407.안국동사거리(신),ST-1804,0,0,18,126.98339081,37.57580566
2026-06-26T04:43:48.973939+09:00,송현녹지광장,송현녹지광장,POI129,KEY_2,4719. 종로문화원 건너편,ST-3090,33,5,15,126.9805069,37.57571411
2026-06-26T04:43:48.973939+09:00,송현녹지광장,송현녹지광장,POI129,KEY_2,4705. 웰니스센터(민방위교육장 앞),ST-2565,17,1,6,126.98912811,37.57752991
2026-06-26T04:43:48.973939+09:00,어린이대공원,어린이대공원,POI104,KEY_2,573. 구의문주차장 앞,ST-384,170,17,10,127.08473206,37.54523087
2026-06-26T04:43:48.973939+09:00,어린이대공원,어린이대공원,POI104,KEY_2,574. 아차산역4번출구,ST-385,127,28,22,127.08898163,37.55184937
2026-06-26T04:43:48.973939+09:00,어린이대공원,어린이대공원,POI104,KEY_2,500. 어린이대공원역 3번출구 앞,ST-97,40,2,5,127.07466888,37.54697037
2026-06-26T04:43:48.973939+09:00,어린이대공원,어린이대공원,POI104,KEY_2,3573.광나루안전체험관,ST-2312,13,2,15,127.07671356,37.5513382
2026-06-26T04:43:48.973939+09:00,어린이대공원,어린이대공원,POI104,KEY_2,3507. 어린이회관,ST-1192,77,24,31,127.07800293,37.54595184
2026-06-26T04:43:48.973939+09:00,어린이대공원,어린이대공원,POI104,KEY_2,3853. 어린이대공원역 2번출구,ST-2541,6,1,18,127.07470703,37.54764938
2026-06-26T04:43:48.973939+09:00,어린이대공원,어린이대공원,POI104,KEY_2,3529. 어린이대공원정문,ST-1603,53,8,15,127.07592773,37.54978943
2026-06-26T04:43:48.973939+09:00,어린이대공원,어린이대공원,POI104,KEY_2,3860. 건국대학교 정문 앞,ST-2542,50,5,10,127.07571411,37.5465126
2026-06-26T04:43:48.973939+09:00,여의도한강공원,여의도한강공원,POI105,KEY_3,249. 여의도중학교 옆,ST-297,19,3,16,126.93580627,37.52457809
2026-06-26T04:43:48.973939+09:00,여의도한강공원,여의도한강공원,POI105,KEY_3,260. 여의도 마리나선착장 앞,ST-414,27,4,15,126.91216278,37.53365707
2026-06-26T04:43:48.973939+09:00,여의도한강공원,여의도한강공원,POI105,KEY_3,5891.한강버스 여의도 선착장,ST-3402,263,79,30,126.93422699,37.52816391
2026-06-26T04:43:48.973939+09:00,여의도한강공원,여의도한강공원,POI105,KEY_3,5890.여의나루역 3번출구,ST-3401,9,1,11,126.93336487,37.52645493
2026-06-26T04:43:48.973939+09:00,여의서로,여의서로,POI126,KEY_4,298.KBS 연구동 건너편,ST-1970,0,0,25,126.91374207,37.52724838
2026-06-26T04:43:48.973939+09:00,여의서로,여의서로,POI126,KEY_4,297.국회3문,ST-1969,0,0,10,126.91267395,37.52863693
2026-06-26T04:43:48.973939+09:00,여의서로,여의서로,POI126,KEY_4,260. 여의도 마리나선착장 앞,ST-414,27,4,15,126.91216278,37.53365707
2026-06-26T04:43:48.973939+09:00,올림픽공원,올림픽공원,POI127,KEY_1,1267. 올림픽공원 남2문 앞,ST-1086,14,2,14,127.12306976,37.51424026
2026-06-26T04:43:48.973939+09:00,올림픽공원,올림픽공원,POI127,KEY_1,1268. 몽촌토성역 1번출구 옆,ST-1087,47,7,15,127.11419678,37.51728821
2026-06-26T04:43:48.973939+09:00,올림픽공원,올림픽공원,POI127,KEY_1,2621. 한성백제역 2번 출구,ST-1719,40,6,15,127.11625671,37.51665878
2026-06-26T04:43:48.973939+09:00,올림픽공원,올림픽공원,POI127,KEY_1,2622. 올림픽공원역 3번출구,ST-1720,0,0,20,127.13059235,37.51625824
2026-06-26T04:43:48.973939+09:00,올림픽공원,올림픽공원,POI127,KEY_1,5751. 송파여성축구장,ST-3069,0,0,10,127.11743927,37.52471542
2026-06-26T04:43:48.973939+09:00,올림픽공원,올림픽공원,POI127,KEY_1,4865. 한성백제역 1번출구 뒤,ST-2797,360,18,5,127.1149826,37.51647949
2026-06-26T04:43:48.973939+09:00,올림픽공원,올림픽공원,POI127,KEY_1,5781. 올림픽공원 수영장,ST-3300,179,25,14,127.12688446,37.52157211
2026-06-26T04:43:48.973939+09:00,올림픽공원,올림픽공원,POI127,KEY_1,4857. 올림픽공원 장미광장,ST-2621,0,0,15,127.126297,37.51275635
2026-06-26T04:43:48.973939+09:00,올림픽공원,올림픽공원,POI127,KEY_1,4862. 성내교 남단,ST-2756,80,8,10,127.11588287,37.52301788
2026-06-26T04:43:48.973939+09:00,올림픽공원,올림픽공원,POI127,KEY_1,4481. 올림픽공원 북2문 B,ST-2592,100,25,25,127.12751007,37.52397537
2026-06-26T04:43:48.973939+09:00,올림픽공원,올림픽공원,POI127,KEY_1,4464. 올림픽공원 북2문 A,ST-2580,67,10,15,127.12804413,37.52357483
2026-06-26T04:43:48.973939+09:00,올림픽공원,올림픽공원,POI127,KEY_1,4856. 올림픽공원 서1문 앞,ST-2608,60,6,10,127.11457062,37.5202179
2026-06-26T04:43:48.973939+09:00,월드컵공원,월드컵공원,POI106,KEY_2,413. 상암월드컵파크 3단지 후문,ST-92,120,12,10,126.88968658,37.57147598
2026-06-26T04:43:48.973939+09:00,월드컵공원,월드컵공원,POI106,KEY_2,199. 서울 월드컵 경기장,ST-443,13,4,30,126.89644623,37.56684494
2026-06-26T04:43:48.973939+09:00,월드컵공원,월드컵공원,POI106,KEY_2,419. 홈플러스 마포점 앞,ST-87,19,4,21,126.89942932,37.56842041
2026-06-26T04:43:48.973939+09:00,월드컵공원,월드컵공원,POI106,KEY_2,420. 서울시 공공자전거 상암센터,ST-85,95,35,37,126.8961792,37.56624603
2026-06-26T04:43:48.973939+09:00,월드컵공원,월드컵공원,POI106,KEY_2,418. 월드컵경기장역 3번출구 옆,ST-89,20,4,20,126.8992691,37.57277679
2026-06-26T04:43:48.973939+09:00,월드컵공원,월드컵공원,POI106,KEY_2,186. 월드컵공원,ST-344,60,24,40,126.89820862,37.56396484
2026-06-26T04:43:48.973939+09:00,월드컵공원,월드컵공원,POI106,KEY_2,440. 하늘공원 입구,ST-1754,73,11,15,126.88134766,37.57012177
2026-06-26T04:43:48.973939+09:00,월드컵공원,월드컵공원,POI106,KEY_2,3008.DMC역7번출구,ST-2166,30,3,10,126.89836121,37.57711411
2026-06-26T04:43:48.973939+09:00,응봉산,응봉산,POI107,KEY_3,569. 응봉현대아파트 정류소,ST-370,10,1,10,127.03024292,37.54958344
2026-06-26T04:43:48.973939+09:00,응봉산,응봉산,POI107,KEY_3,3525. 금호스포츠센터앞,ST-1599,187,28,15,127.02507019,37.54608917
2026-06-26T04:43:48.973939+09:00,응봉산,응봉산,POI107,KEY_3,3511. 응봉역 1번출구,ST-1195,290,29,10,127.0351944,37.55130386
2026-06-26T04:43:48.973939+09:00,청계산,청계산,POI112,KEY_4,2203. 청계산입구역 2번출구,ST-925,10,1,10,127.05501556,37.44765854
2026-06-26T04:43:48.973939+09:00,청계산,청계산,POI112,KEY_4,4338.새정이마을버스정류장 앞,ST-3216,80,4,5,127.06594849,37.43474579
2026-06-26T04:43:48.973939+09:00,가락시장,가락시장,POI058,KEY_2,2659.서울친환경유통센터,ST-2410,10,1,10,127.10492706,37.49420929
2026-06-26T04:43:48.973939+09:00,가락시장,가락시장,POI058,KEY_2,2658.가락몰 업무동,ST-2409,70,7,10,127.11569214,37.49535751
2026-06-26T04:43:48.973939+09:00,가락시장,가락시장,POI058,KEY_2,4480. 가락시장 남1문 사거리,ST-2591,40,6,15,127.11745453,37.49201584
2026-06-26T04:43:48.973939+09:00,가락시장,가락시장,POI058,KEY_2,4854. 가락시장역 2번 출구,ST-2606,20,2,10,127.11798859,37.492733
2026-06-26T04:43:48.973939+09:00,가로수길,가로수길,POI059,KEY_3,3606. 신사동주민센터 옆,ST-2673,30,3,10,127.02285004,37.52422714
2026-06-26T04:43:48.973939+09:00,가로수길,가로수길,POI059,KEY_3,2362. 신사동 가로수길 입구,ST-1171,50,5,10,127.02245331,37.51763535
2026-06-26T04:43:48.973939+09:00,가로수길,가로수길,POI059,KEY_3,4907. 극동스포츠 앞,ST-3078,280,14,5,127.02588654,37.5257225
2026-06-26T04:43:48.973939+09:00,가로수길,가로수길,POI059,KEY_3,4903. 신사스퀘어,ST-3066,10,1,10,127.0189743,37.51916885
2026-06-26T04:43:48.973939+09:00,김포공항,김포공항,POI061,KEY_1,3776. 김포공항사거리,ST-2484,170,17,10,126.80518341,37.5675354
2026-06-26T04:43:48.973939+09:00,김포공항,김포공항,POI061,KEY_1,5072. 김포공항입구 교통섬,ST-2947,110,11,10,126.80708313,37.56154633
2026-06-26T04:43:48.973939+09:00,남대문시장,남대문시장,POI115,KEY_2,470.회현역 7번출구,ST-1776,23,3,13,126.98000336,37.55974579
2026-06-26T04:43:48.973939+09:00,남대문시장,남대문시장,POI115,KEY_2,324. 신세계백화점 본점 앞,ST-140,38,3,8,126.9805069,37.56134415
2026-06-26T04:43:48.973939+09:00,남대문시장,남대문시장,POI115,KEY_2,4776. 신세계면세점,ST-2522,30,3,10,126.98139191,37.56027603
2026-06-26T04:43:48.973939+09:00,노량진,노량진,POI063,KEY_3,2002. 노들역 1번출구,ST-683,365,62,17,126.95246887,37.51284409
2026-06-26T04:43:48.973939+09:00,노량진,노량진,POI063,KEY_3,2070. 노량진역 2번 출구 앞,ST-1545,133,24,18,126.94306946,37.51391983
2026-06-26T04:43:48.973939+09:00,노량진,노량진,POI063,KEY_3,2058. 동작경찰서,ST-1150,86,12,14,126.94352722,37.5135231
2026-06-26T04:43:48.973939+09:00,노량진,노량진,POI063,KEY_3,2003. 사육신공원앞,ST-877,210,21,10,126.94805908,37.51335907
2026-06-26T04:43:48.973939+09:00,노량진,노량진,POI063,KEY_3,2050. 노량진역 5번출구,ST-699,147,22,15,126.93997192,37.51324844
2026-06-26T04:43:48.973939+09:00,덕수궁길·정동길,덕수궁길·정동길,POI064,KEY_4,391. 시립미술관,ST-977,75,6,8,126.97340393,37.56505203
2026-06-26T04:43:48.973939+09:00,덕수궁길·정동길,덕수궁길·정동길,POI064,KEY_4,300. 정동사거리,ST-116,33,2,6,126.96923065,37.56805038
2026-06-26T04:43:48.973939+09:00,덕수궁길·정동길,덕수궁길·정동길,POI064,KEY_4,4715. 돈의문 박물관 마을,ST-2923,7,1,15,126.96955109,37.56883621
2026-06-26T04:43:48.973939+09:00,덕수궁길·정동길,덕수궁길·정동길,POI064,KEY_4,6058. 시청역 2번출구,ST-3297,73,11,15,126.97702026,37.56557846
2026-06-26T04:43:48.973939+09:00,북촌한옥마을,북촌한옥마을,POI066,KEY_2,464. 삼청동 골목,ST-1756,30,3,10,126.98169708,37.58419037
2026-06-26T04:43:48.973939+09:00,북촌한옥마을,북촌한옥마을,POI066,KEY_2,352. 중앙고입구 삼거리,ST-168,10,1,10,126.98523712,37.58341599
2026-06-26T04:43:48.973939+09:00,북촌한옥마을,북촌한옥마을,POI066,KEY_2,354. 포르투갈 대사관 앞,ST-170,10,1,10,126.98896027,37.57915497
2026-06-26T04:43:48.973939+09:00,북촌한옥마을,북촌한옥마을,POI066,KEY_2,465. 삼청공원 앞,ST-1759,160,8,5,126.9835968,37.58760452
2026-06-26T04:43:48.973939+09:00,북촌한옥마을,북촌한옥마을,POI066,KEY_2,314. 국립현대미술관,ST-130,40,4,10,126.98085785,37.5797081
2026-06-26T04:43:48.973939+09:00,북촌한옥마을,북촌한옥마을,POI066,KEY_2,451. 청와대앞길,ST-979,25,2,8,126.97966766,37.58351517
2026-06-26T04:43:48.973939+09:00,북촌한옥마을,북촌한옥마을,POI066,KEY_2,353. 재동초교 앞 삼거리,ST-169,125,10,8,126.9849472,37.57938766
2026-06-26T04:43:48.973939+09:00,북촌한옥마을,북촌한옥마을,POI066,KEY_2,3407.안국동사거리(신),ST-1804,0,0,18,126.98339081,37.57580566
2026-06-26T04:43:48.973939+09:00,북촌한옥마을,북촌한옥마을,POI066,KEY_2,4719. 종로문화원 건너편,ST-3090,33,5,15,126.9805069,37.57571411
2026-06-26T04:43:48.973939+09:00,북촌한옥마을,북촌한옥마을,POI066,KEY_2,4705. 웰니스센터(민방위교육장 앞),ST-2565,17,1,6,126.98912811,37.57752991
2026-06-26T04:43:48.973939+09:00,서촌,서촌,POI067,KEY_3,450. 효자동 삼거리,ST-978,22,11,51,126.97254944,37.58360291
2026-06-26T04:43:48.973939+09:00,서촌,서촌,POI067,KEY_3,349. 어린이도서관,ST-165,20,1,5,126.96858978,37.57633209
2026-06-26T04:43:48.973939+09:00,서촌,서촌,POI067,KEY_3,4710. 자교교회 앞,ST-2473,38,3,8,126.97123718,37.58114624
2026-06-26T04:43:48.973939+09:00,서촌,서촌,POI067,KEY_3,4721. 통인시장 정자,ST-3354,325,26,8,126.96878815,37.58055878
2026-06-26T04:43:48.973939+09:00,성수카페거리,성수카페거리,POI068,KEY_4,513. 뚝섬역 5번 출구 정류소 옆,ST-111,0,0,13,127.04980469,37.54630661
2026-06-26T04:43:48.973939+09:00,성수카페거리,성수카페거리,POI068,KEY_4,587. 유니베라 앞,ST-482,0,0,10,127.05264282,37.54541779
2026-06-26T04:43:48.973939+09:00,성수카페거리,성수카페거리,POI068,KEY_4,514. 성수사거리 버스정류장 앞,ST-112,0,0,12,127.06330872,37.54257965
2026-06-26T04:43:48.973939+09:00,성수카페거리,성수카페거리,POI068,KEY_4,3548.뚝섬역 6번출구,ST-2330,0,0,10,127.04766846,37.54695892
2026-06-26T04:43:48.973939+09:00,성수카페거리,성수카페거리,POI068,KEY_4,4398. 유원지식산업센터 앞,ST-3325,6,1,16,127.05593109,37.54436493
2026-06-26T04:43:48.973939+09:00,성수카페거리,성수카페거리,POI068,KEY_4,4399. 더리브 세종타워 앞,ST-3326,0,0,7,127.0580368,37.54378128
2026-06-26T04:43:48.973939+09:00,성수카페거리,성수카페거리,POI068,KEY_4,4387. 성수역 1번출구 주변,ST-3121,0,0,8,127.05336761,37.54555893
2026-06-26T04:43:48.973939+09:00,성수카페거리,성수카페거리,POI068,KEY_4,4377. 우영테크노센터 앞,ST-3003,0,0,8,127.05971527,37.54332352
2026-06-26T04:43:48.973939+09:00,송리단길·호수단길,송리단길·호수단길,POI121,KEY_1,2639.석촌역 8번출구,ST-1866,22,4,18,127.10657501,37.50550461
2026-06-26T04:43:48.973939+09:00,송리단길·호수단길,송리단길·호수단길,POI121,KEY_1,4868. 석촌호수 서호 남단,ST-2833,110,11,10,127.10124207,37.50717163
2026-06-26T04:43:48.973939+09:00,신촌 스타광장,신촌 스타광장,POI122,KEY_2,3116.신촌역 4번출구,ST-2201,20,2,10,126.93720245,37.55550385
2026-06-26T04:43:48.973939+09:00,신촌 스타광장,신촌 스타광장,POI122,KEY_2,128. 신촌역(2호선) 1번출구 옆,ST-30,21,4,19,126.93634033,37.55549622
2026-06-26T04:43:48.973939+09:00,압구정로데오거리,압구정로데오거리,POI071,KEY_3,2365. K+ 타워 앞,ST-1174,13,2,15,127.03847504,37.52330017
2026-06-26T04:43:48.973939+09:00,압구정로데오거리,압구정로데오거리,POI071,KEY_3,2310. 청담동 맥도날드 옆(위치),ST-794,30,3,10,127.04017639,37.52361298
2026-06-26T04:43:48.973939+09:00,여의도,여의도,POI072,KEY_4,299.여의도 순복음교회,ST-1971,0,0,10,126.92245483,37.53179169
2026-06-26T04:43:48.973939+09:00,여의도,여의도,POI072,KEY_4,226. 샛강역 1번출구 앞,ST-72,0,0,19,126.92841339,37.51776505
2026-06-26T04:43:48.973939+09:00,여의도,여의도,POI072,KEY_4,203. 국회의사당역 3번출구 옆,ST-51,0,0,15,126.91870117,37.5280571
2026-06-26T04:43:48.973939+09:00,여의도,여의도,POI072,KEY_4,200. 국회의원회관,ST-45,9,2,22,126.91391754,37.52841568
2026-06-26T04:43:48.973939+09:00,여의도,여의도,POI072,KEY_4,204. 국회의사당역 5번출구 옆,ST-50,0,0,13,126.91702271,37.52816391
2026-06-26T04:43:48.973939+09:00,여의도,여의도,POI072,KEY_4,224. 롯데캐슬 앞,ST-70,5,1,20,126.93236542,37.5200882
2026-06-26T04:43:48.973939+09:00,여의도,여의도,POI072,KEY_4,207. 여의나루역 1번출구 앞,ST-73,7,3,46,126.93190002,37.52715683
2026-06-26T04:43:48.973939+09:00,여의도,여의도,POI072,KEY_4,202. 국민일보 앞,ST-47,13,4,30,126.92453003,37.52881622
2026-06-26T04:43:48.973939+09:00,여의도,여의도,POI072,KEY_4,222. 시범아파트버스정류장 옆,ST-68,92,11,12,126.93688965,37.51902008
2026-06-26T04:43:48.973939+09:00,여의도,여의도,POI072,KEY_4,214. 금융감독원 앞,ST-60,0,0,21,126.9208374,37.5230217
2026-06-26T04:43:48.973939+09:00,여의도,여의도,POI072,KEY_4,209. 유진투자증권빌딩 앞,ST-55,9,2,22,126.92783356,37.52461243
2026-06-26T04:43:48.973939+09:00,여의도,여의도,POI072,KEY_4,205. 산업은행 앞,ST-52,0,0,20,126.92050934,37.52626419
2026-06-26T04:43:48.973939+09:00,여의도,여의도,POI072,KEY_4,270. 증권거래소후문교차로,ST-424,0,0,10,126.92710114,37.52234268
2026-06-26T04:43:48.973939+09:00,여의도,여의도,POI072,KEY_4,298.KBS 연구동 건너편,ST-1970,0,0,25,126.91374207,37.52724838
2026-06-26T04:43:48.973939+09:00,여의도,여의도,POI072,KEY_4,225. 앙카라공원 앞,ST-71,4,1,26,126.92961884,37.51758575
2026-06-26T04:43:48.973939+09:00,여의도,여의도,POI072,KEY_4,249. 여의도중학교 옆,ST-297,19,3,16,126.93580627,37.52457809
2026-06-26T04:43:48.973939+09:00,여의도,여의도,POI072,KEY_4,213. KT앞,ST-59,21,4,19,126.91895294,37.52190781
2026-06-26T04:43:48.973939+09:00,여의도,여의도,POI072,KEY_4,297.국회3문,ST-1969,0,0,10,126.91267395,37.52863693
2026-06-26T04:43:48.973939+09:00,여의도,여의도,POI072,KEY_4,248. 초원아파트 앞,ST-296,50,5,10,126.92420959,37.53105545
2026-06-26T04:43:48.973939+09:00,여의도,여의도,POI072,KEY_4,260. 여의도 마리나선착장 앞,ST-414,27,4,15,126.91216278,37.53365707
2026-06-26T04:43:48.973939+09:00,여의도,여의도,POI072,KEY_4,219. 롯데캐슬엠파이어 옆,ST-62,25,3,12,126.92583466,37.52069473
2026-06-26T04:43:48.973939+09:00,여의도,여의도,POI072,KEY_4,220. 미성아파트 A동 앞,ST-63,7,2,30,126.92604828,37.5193634
2026-06-26T04:43:48.973939+09:00,여의도,여의도,POI072,KEY_4,221. 여의도초교 앞,ST-67,170,17,10,126.93778992,37.52267456
2026-06-26T04:43:48.973939+09:00,여의도,여의도,POI072,KEY_4,215. 여의도고교 앞,ST-64,30,3,10,126.93490601,37.52483749
2026-06-26T04:43:48.973939+09:00,여의도,여의도,POI072,KEY_4,223. 진주아파트상가 앞,ST-69,15,3,20,126.9333725,37.51913071
2026-06-26T04:43:48.973939+09:00,여의도,여의도,POI072,KEY_4,217. NH농협은행 앞,ST-66,20,3,15,126.93036652,37.52207947
2026-06-26T04:43:48.973939+09:00,여의도,여의도,POI072,KEY_4,206. KBS 앞,ST-53,3,1,35,126.91802216,37.52466583
2026-06-26T04:43:48.973939+09:00,여의도,여의도,POI072,KEY_4,271. 샛강생태공원방문자센터 앞,ST-425,10,1,10,126.9216156,37.51896286
2026-06-26T04:43:48.973939+09:00,여의도,여의도,POI072,KEY_4,4564. 63스퀘어,ST-2814,6,1,17,126.93965912,37.52070999
2026-06-26T04:43:48.973939+09:00,여의도,여의도,POI072,KEY_4,5891.한강버스 여의도 선착장,ST-3402,263,79,30,126.93422699,37.52816391
2026-06-26T04:43:48.973939+09:00,여의도,여의도,POI072,KEY_4,5853. 여의도역2번출구 앞,ST-3061,0,0,10,126.92271423,37.52243423
2026-06-26T04:43:48.973939+09:00,여의도,여의도,POI072,KEY_4,4580. 국회제2의원회관,ST-2644,0,0,17,126.91316986,37.52974701
2026-06-26T04:43:48.973939+09:00,여의도,여의도,POI072,KEY_4,4585. 국회6문,ST-2694,17,1,6,126.91799164,37.53271866
2026-06-26T04:43:48.973939+09:00,여의도,여의도,POI072,KEY_4,5892.국회의사당본관 좌측,ST-3383,0,0,7,126.91375732,37.53090286
2026-06-26T04:43:48.973939+09:00,여의도,여의도,POI072,KEY_4,4563. 여의도 은하아파트,ST-2813,60,6,10,126.93448639,37.51850891
2026-06-26T04:43:48.973939+09:00,여의도,여의도,POI072,KEY_4,5879. 국회도서관 2문 앞,ST-3318,0,0,8,126.91668701,37.53107071
2026-06-26T04:43:48.973939+09:00,여의도,여의도,POI072,KEY_4,5890.여의나루역 3번출구,ST-3401,9,1,11,126.93336487,37.52645493
2026-06-26T04:43:48.973939+09:00,여의도,여의도,POI072,KEY_4,4583. 의정관,ST-2647,0,0,12,126.91747284,37.53214645
2026-06-26T04:43:48.973939+09:00,여의도,여의도,POI072,KEY_4,5870. LG트윈타워 앞,ST-3239,5,1,20,126.93017578,37.52833176
2026-06-26T04:43:48.973939+09:00,여의도,여의도,POI072,KEY_4,4589. KRX한국거래소(1),ST-2899,6,1,18,126.92759705,37.52338028
2026-06-26T04:43:48.973939+09:00,여의도,여의도,POI072,KEY_4,5888.여의도성당,ST-3375,0,0,7,126.93920898,37.52164459
2026-06-26T04:43:48.973939+09:00,여의도,여의도,POI072,KEY_4,5889.의원회관출입구 앞,ST-3377,0,0,10,126.91479492,37.52985382
2026-06-26T04:43:48.973939+09:00,여의도,여의도,POI072,KEY_4,4584. 국회2문,ST-2648,0,0,9,126.91510773,37.52864075
2026-06-26T04:43:48.973939+09:00,여의도,여의도,POI072,KEY_4,4579. 국회의사당 본관,ST-2643,0,0,17,126.91404724,37.5325737
2026-06-26T04:43:48.973939+09:00,여의도,여의도,POI072,KEY_4,5859. 여의도 삼부아파트,ST-3160,10,1,10,126.93045807,37.52539444
2026-06-26T04:43:48.973939+09:00,여의도,여의도,POI072,KEY_4,5878. 우리은행 앞,ST-3315,0,0,20,126.92162323,37.52349091
2026-06-26T04:43:48.973939+09:00,여의도,여의도,POI072,KEY_4,5880. 국회박물관,ST-3319,0,0,7,126.91945648,37.53183365
2026-06-26T04:43:48.973939+09:00,여의도,여의도,POI072,KEY_4,5893.한국산업은행,ST-3397,0,0,10,126.92175293,37.52814484
2026-06-26T04:43:48.973939+09:00,여의도,여의도,POI072,KEY_4,5897.여의도공작아파트,ST-3426,10,1,10,126.92987061,37.52595139
2026-06-26T04:43:48.973939+09:00,여의도,여의도,POI072,KEY_4,4582. 국회도서관,ST-2646,0,0,12,126.91817474,37.53054047
2026-06-26T04:43:48.973939+09:00,여의도,여의도,POI072,KEY_4,4581. 국회소통관,ST-2645,0,0,12,126.9128952,37.53050232
2026-06-26T04:43:48.973939+09:00,여의도,여의도,POI072,KEY_4,201. 진미파라곤 앞,ST-46,0,0,15,126.92133331,37.53123856
2026-06-26T04:43:48.973939+09:00,연남동,연남동,POI073,KEY_1,107. 수협 연남동지점,ST-9,160,16,10,126.91871643,37.55784607
2026-06-26T04:43:48.973939+09:00,연남동,연남동,POI073,KEY_1,4233. 코오롱아파트사거리,ST-2979,170,17,10,126.92149353,37.56306458
2026-06-26T04:43:48.973939+09:00,영등포 타임스퀘어,영등포 타임스퀘어,POI074,KEY_2,3219.영등포역 1번출구,ST-1990,40,4,10,126.9077301,37.5148468
2026-06-26T04:43:48.973939+09:00,영등포 타임스퀘어,영등포 타임스퀘어,POI074,KEY_2,5868. 로프트시티오피스텔,ST-3238,767,46,6,126.90843201,37.51906204
2026-06-26T04:43:48.973939+09:00,영등포 타임스퀘어,영등포 타임스퀘어,POI074,KEY_2,5858. 영등포역5번출구,ST-3142,140,14,10,126.90807343,37.51669312
2026-06-26T04:43:48.973939+09:00,영등포 타임스퀘어,영등포 타임스퀘어,POI074,KEY_2,4565. 영등포 신세계백화점,ST-2815,10,1,10,126.90364838,37.51803589
2026-06-26T04:43:48.973939+09:00,영등포 타임스퀘어,영등포 타임스퀘어,POI074,KEY_2,284. 센트럴 푸르지오 시티 앞,ST-1650,6,1,16,126.90222931,37.51821136
2026-06-26T04:43:48.973939+09:00,용리단길,용리단길,POI076,KEY_3,817. 삼각지역 4번출구 앞,ST-436,67,6,9,126.97173309,37.53345108
2026-06-26T04:43:48.973939+09:00,용리단길,용리단길,POI076,KEY_3,816. 신용산역 6번출구 앞,ST-435,24,6,25,126.96848297,37.53014755
2026-06-26T04:43:48.973939+09:00,이태원 앤틱가구거리,이태원 앤틱가구거리,POI077,KEY_4,4634. 이태원역 3번 출구,ST-3056,0,0,5,126.99497223,37.5343895
2026-06-26T04:43:48.973939+09:00,이태원 앤틱가구거리,이태원 앤틱가구거리,POI077,KEY_4,4615. 크라운호텔앞 버스정류소,ST-2446,157,11,7,126.99137878,37.53030014
2026-06-26T04:43:48.973939+09:00,익선동,익선동,POI116,KEY_1,334. 종로3가역 2번출구 뒤,ST-150,0,0,10,126.99179077,37.5705986
2026-06-26T04:43:48.973939+09:00,익선동,익선동,POI116,KEY_1,328. 탑골공원 앞,ST-144,0,0,11,126.9881897,37.57039642
2026-06-26T04:43:48.973939+09:00,익선동,익선동,POI116,KEY_1,327. 낙원상가 옆,ST-143,10,1,10,126.9874649,37.57335663
2026-06-26T04:43:48.973939+09:00,익선동,익선동,POI116,KEY_1,3410.종로3가역 8번출구,ST-1807,50,5,10,126.99188995,37.5724678
2026-06-26T04:43:48.973939+09:00,익선동,익선동,POI116,KEY_1,4713. 현대 뜨레비앙 아파트 앞,ST-2623,57,4,7,126.99062347,37.57528305
2026-06-26T04:43:48.973939+09:00,인사동,인사동,POI078,KEY_2,327. 낙원상가 옆,ST-143,10,1,10,126.9874649,37.57335663
2026-06-26T04:43:48.973939+09:00,인사동,인사동,POI078,KEY_2,326. 안국역 5번출구 앞,ST-142,0,0,15,126.98616028,37.57624054
2026-06-26T04:43:48.973939+09:00,인사동,인사동,POI078,KEY_2,454. 종로2가 버스정류장 (종각방향),ST-1607,0,0,13,126.98638153,37.57035828
2026-06-26T04:43:48.973939+09:00,인사동,인사동,POI078,KEY_2,3408.종로타워빌딩,ST-1805,0,0,13,126.98323822,37.57070541
2026-06-26T04:43:48.973939+09:00,창동 신경제 중심지,창동 신경제 중심지,POI079,KEY_4,1756.서울북부광역등기국,ST-2101,10,1,10,127.04431915,37.65148544
2026-06-26T04:43:48.973939+09:00,창동 신경제 중심지,창동 신경제 중심지,POI079,KEY_4,1662. 노원역7번출구,ST-1279,0,0,20,127.05921173,37.65421677
2026-06-26T04:43:48.973939+09:00,창동 신경제 중심지,창동 신경제 중심지,POI079,KEY_4,1674. 서울북부고용센터앞,ST-1291,0,0,15,127.05808258,37.65354919
2026-06-26T04:43:48.973939+09:00,창동 신경제 중심지,창동 신경제 중심지,POI079,KEY_4,1637. KT 전화국 버스정류장 옆,ST-611,0,0,9,127.06372833,37.6546669
2026-06-26T04:43:48.973939+09:00,창동 신경제 중심지,창동 신경제 중심지,POI079,KEY_4,1716. 창동역 1번출구 건너편,ST-1132,25,2,8,127.05072784,37.65420151
2026-06-26T04:43:48.973939+09:00,창동 신경제 중심지,창동 신경제 중심지,POI079,KEY_4,1686. 상계주공10단지 종합상가 앞,ST-1476,7,1,15,127.05805206,37.66114044
2026-06-26T04:43:48.973939+09:00,창동 신경제 중심지,창동 신경제 중심지,POI079,KEY_4,1653. 노원역1번출구,ST-1121,0,0,10,127.06362152,37.65620041
2026-06-26T04:43:48.973939+09:00,창동 신경제 중심지,창동 신경제 중심지,POI079,KEY_4,1690. 도봉운전면허시험장 버스정류장 옆,ST-1641,20,2,10,127.05931091,37.6577301
2026-06-26T04:43:48.973939+09:00,창동 신경제 중심지,창동 신경제 중심지,POI079,KEY_4,1657. 노원구청,ST-1125,0,0,20,127.05732727,37.65404892
2026-06-26T04:43:48.973939+09:00,창동 신경제 중심지,창동 신경제 중심지,POI079,KEY_4,1722. 창동청소년수련관,ST-1292,33,5,15,127.05004883,37.65779877
2026-06-26T04:43:48.973939+09:00,창동 신경제 중심지,창동 신경제 중심지,POI079,KEY_4,1775.신원리베르텔 앞,ST-2120,40,6,15,127.04554749,37.65128708
2026-06-26T04:43:48.973939+09:00,창동 신경제 중심지,창동 신경제 중심지,POI079,KEY_4,4098.창동역 1번출구 인근,ST-3430,163,13,8,127.04838562,37.65290833
2026-06-26T04:43:48.973939+09:00,창동 신경제 중심지,창동 신경제 중심지,POI079,KEY_4,5333. 노원역9번-10번 출구 앞,ST-3288,0,0,10,127.063591,37.65655518
2026-06-26T04:43:48.973939+09:00,창동 신경제 중심지,창동 신경제 중심지,POI079,KEY_4,5311. 주공601동 상가 노원지하보도 앞,ST-3116,20,1,5,127.06147766,37.65190125
2026-06-26T04:43:48.973939+09:00,창동 신경제 중심지,창동 신경제 중심지,POI079,KEY_4,4096.창동역2번출구 하나은행365 앞,ST-3368,38,3,8,127.04550171,37.65283585
2026-06-26T04:43:48.973939+09:00,청량리 제기동 일대 전통시장,청량리 제기동 일대 전통시장,POI081,KEY_2,633. 청량리 기업은행 앞,ST-400,238,19,8,127.04472351,37.58049774
2026-06-26T04:43:48.973939+09:00,청량리 제기동 일대 전통시장,청량리 제기동 일대 전통시장,POI081,KEY_2,676.FITI시험연구원 앞,ST-2276,156,14,9,127.03547668,37.58143234
2026-06-26T04:43:48.973939+09:00,청량리 제기동 일대 전통시장,청량리 제기동 일대 전통시장,POI081,KEY_2,640. 동대문경찰서 교차로,ST-407,67,4,6,127.04460144,37.58255005
2026-06-26T04:43:48.973939+09:00,청량리 제기동 일대 전통시장,청량리 제기동 일대 전통시장,POI081,KEY_2,4147.청량리역광장,ST-3405,20,7,35,127.04673767,37.58024597
2026-06-26T04:43:48.973939+09:00,청량리 제기동 일대 전통시장,청량리 제기동 일대 전통시장,POI081,KEY_2,4134. 제기동 현대아파트 앞,ST-3206,70,7,10,127.0353241,37.57994843
2026-06-26T04:43:48.973939+09:00,청량리 제기동 일대 전통시장,청량리 제기동 일대 전통시장,POI081,KEY_2,4149.제기동역 5번출구,ST-3428,286,20,7,127.03381348,37.5779953
2026-06-26T04:43:48.973939+09:00,DDP(동대문디자인플라자),DDP(동대문디자인플라자),POI083,KEY_4,347. 동대문역사문화공원역 9번출구 앞,ST-163,39,7,18,127.00784302,37.56533051
2026-06-26T04:43:48.973939+09:00,DDP(동대문디자인플라자),DDP(동대문디자인플라자),POI083,KEY_4,474.동대문역사문화공원역 1번출구 뒤편,ST-1780,50,20,40,127.00849152,37.56629944
2026-06-26T04:43:48.973939+09:00,DDP(동대문디자인플라자),DDP(동대문디자인플라자),POI083,KEY_4,4765. 동대문디자인플라자,ST-2431,5,1,20,127.00946045,37.5683136
2026-06-26T04:43:48.973939+09:00,DDP(동대문디자인플라자),DDP(동대문디자인플라자),POI083,KEY_4,475.DDP 패션몰,ST-1781,5,1,21,127.0118103,37.56764984
2026-06-26T04:43:48.973939+09:00,DMC(디지털미디어시티),DMC(디지털미디어시티),POI084,KEY_1,409. 누리꿈스퀘어 옆,ST-86,20,6,30,126.88916016,37.57939911
2026-06-26T04:43:48.973939+09:00,DMC(디지털미디어시티),DMC(디지털미디어시티),POI084,KEY_1,405. DMC빌 앞,ST-80,13,1,8,126.88578796,37.58265686
2026-06-26T04:43:48.973939+09:00,DMC(디지털미디어시티),DMC(디지털미디어시티),POI084,KEY_1,414. 상암동주민센터 옆,ST-94,63,5,8,126.89447021,37.57822037
2026-06-26T04:43:48.973939+09:00,DMC(디지털미디어시티),DMC(디지털미디어시티),POI084,KEY_1,408. LG CNS앞,ST-84,0,0,14,126.88665009,37.58081055
2026-06-26T04:43:48.973939+09:00,DMC(디지털미디어시티),DMC(디지털미디어시티),POI084,KEY_1,489.구룡근린공원,ST-2148,90,9,10,126.88276672,37.58320236
2026-06-26T04:43:48.973939+09:00,DMC(디지털미디어시티),DMC(디지털미디어시티),POI084,KEY_1,412. DMC산학협력연구센터 앞,ST-91,5,1,21,126.89079285,37.57565689
2026-06-26T04:43:48.973939+09:00,DMC(디지털미디어시티),DMC(디지털미디어시티),POI084,KEY_1,415. DMC역 9번출구 앞,ST-95,50,5,10,126.89736176,37.57746887
2026-06-26T04:43:48.973939+09:00,DMC(디지털미디어시티),DMC(디지털미디어시티),POI084,KEY_1,490.가온문화공원,ST-2149,4,1,23,126.88766479,37.58207703
2026-06-26T04:43:48.973939+09:00,DMC(디지털미디어시티),DMC(디지털미디어시티),POI084,KEY_1,417. DMC역 2번출구 옆,ST-93,30,6,20,126.8999176,37.57506943
2026-06-26T04:43:48.973939+09:00,DMC(디지털미디어시티),DMC(디지털미디어시티),POI084,KEY_1,425. DMC첨단산업센터,ST-991,0,0,10,126.88559723,37.58450317
2026-06-26T04:43:48.973939+09:00,DMC(디지털미디어시티),DMC(디지털미디어시티),POI084,KEY_1,411. DMC홍보관,ST-90,0,0,10,126.89147186,37.5779953
2026-06-26T04:43:48.973939+09:00,DMC(디지털미디어시티),DMC(디지털미디어시티),POI084,KEY_1,3007.MBC 앞,ST-2165,0,0,10,126.89044952,37.58198166
2026-06-26T04:43:48.973939+09:00,DMC(디지털미디어시티),DMC(디지털미디어시티),POI084,KEY_1,3008.DMC역7번출구,ST-2166,30,3,10,126.89836121,37.57711411
2026-06-26T04:43:48.973939+09:00,DMC(디지털미디어시티),DMC(디지털미디어시티),POI084,KEY_1,4218. 디지털매직스페이스,ST-2974,8,1,13,126.88957977,37.58119965
2026-06-26T04:43:48.973939+09:00,DMC(디지털미디어시티),DMC(디지털미디어시티),POI084,KEY_1,4214. JTBC 앞,ST-2537,0,0,10,126.8901825,37.57730484
2026-06-26T04:43:48.973939+09:00,DMC(디지털미디어시티),DMC(디지털미디어시티),POI084,KEY_1,4238. 상암한샘빌딩앞,ST-2981,14,1,7,126.89867401,37.57649231
2026-06-26T04:43:48.973939+09:00,가산디지털단지역,가산디지털단지역,POI013,KEY_2,1806. 에이스하이엔드타워9차 앞,ST-621,150,15,10,126.87863922,37.48621368
2026-06-26T04:43:48.973939+09:00,가산디지털단지역,가산디지털단지역,POI013,KEY_2,1805. 서울디지털운동장 앞,ST-620,80,8,10,126.87776947,37.48228836
2026-06-26T04:43:48.973939+09:00,가산디지털단지역,가산디지털단지역,POI013,KEY_2,1835. STX V타워,ST-641,20,2,10,126.88442993,37.47706985
2026-06-26T04:43:48.973939+09:00,가산디지털단지역,가산디지털단지역,POI013,KEY_2,1867.대륭포스트타워6차 앞,ST-1938,47,14,30,126.8841629,37.48101044
2026-06-26T04:43:48.973939+09:00,가산디지털단지역,가산디지털단지역,POI013,KEY_2,1834. 월드메르디앙 벤처센터 2차,ST-640,20,2,10,126.87904358,37.47908401
2026-06-26T04:43:48.973939+09:00,가산디지털단지역,가산디지털단지역,POI013,KEY_2,1851. 가산디지털단지 9번출구 인근,ST-1403,30,3,10,126.88148499,37.48123169
2026-06-26T04:43:48.973939+09:00,가산디지털단지역,가산디지털단지역,POI013,KEY_2,1812. 갑을그레이트밸리 앞,ST-624,250,25,10,126.88729858,37.47903061
2026-06-26T04:43:48.973939+09:00,가산디지털단지역,가산디지털단지역,POI013,KEY_2,1850. 코오롱테크노밸리,ST-1277,60,6,10,126.8863678,37.48015976
2026-06-26T04:43:48.973939+09:00,가산디지털단지역,가산디지털단지역,POI013,KEY_2,1839. 수출의 다리 아래,ST-1140,70,14,20,126.88615417,37.47743607
2026-06-26T04:43:48.973939+09:00,가산디지털단지역,가산디지털단지역,POI013,KEY_2,1849. 대륭포스트타워5차,ST-1276,130,13,10,126.88694,37.48135376
2026-06-26T04:43:48.973939+09:00,가산디지털단지역,가산디지털단지역,POI013,KEY_2,3989.가산디지털단지역 9번출구 앞,ST-3396,160,16,10,126.88175964,37.48055267
2026-06-26T04:43:48.973939+09:00,가산디지털단지역,가산디지털단지역,POI013,KEY_2,3984. 가산롯데아이티캐슬,ST-2999,40,2,5,126.88083649,37.47636795
2026-06-26T04:43:48.973939+09:00,가산디지털단지역,가산디지털단지역,POI013,KEY_2,3985. 디폴리스 지식산업센터,ST-2964,15,3,20,126.87680054,37.48017502
2026-06-26T04:43:48.973939+09:00,강남역,강남역,POI014,KEY_3,2505. 우성아파트사거리 (기업은행앞),ST-1556,192,23,12,127.0295105,37.49330521
2026-06-26T04:43:48.973939+09:00,강남역,강남역,POI014,KEY_3,2421. 신논현역 4번출구,ST-1887,60,9,15,127.02579498,37.504673
2026-06-26T04:43:48.973939+09:00,강남역,강남역,POI014,KEY_3,3628. 역삼1동 주민센터,ST-2689,190,19,10,127.03302765,37.49521255
2026-06-26T04:43:48.973939+09:00,강남역,강남역,POI014,KEY_3,2407. 역삼서초삼성 세무서 앞 (역삼빌딩 앞),ST-1577,80,8,10,127.03011322,37.49847031
2026-06-26T04:43:48.973939+09:00,강남역,강남역,POI014,KEY_3,4349.삼성화재서초타워,ST-3361,200,12,6,127.02896118,37.49446869
2026-06-26T04:43:48.973939+09:00,건대입구역,건대입구역,POI015,KEY_4,501. 광진문화예술회관 앞,ST-98,90,27,30,127.07035065,37.53730774
2026-06-26T04:43:48.973939+09:00,건대입구역,건대입구역,POI015,KEY_4,3533. 건대입구역 사거리(롯데백화점),ST-1660,50,5,10,127.07078552,37.5392952
2026-06-26T04:43:48.973939+09:00,건대입구역,건대입구역,POI015,KEY_4,3534. 건대입구역 5번출구 뒤,ST-1661,40,4,10,127.06956482,37.54008102
2026-06-26T04:43:48.973939+09:00,고덕역,고덕역,POI016,KEY_1,1068.명일파출소,ST-1767,80,8,10,127.15622711,37.5536499
2026-06-26T04:43:48.973939+09:00,고덕역,고덕역,POI016,KEY_1,1072.고덕역 5번출구,ST-1833,0,0,22,127.15372467,37.55486298
2026-06-26T04:43:48.973939+09:00,고덕역,고덕역,POI016,KEY_1,1036. 고덕동 주양쇼핑,ST-1053,50,5,10,127.15331268,37.55199051
2026-06-26T04:43:48.973939+09:00,교대역,교대역,POI018,KEY_3,2279. 교대역 5번출구뒤,ST-1305,88,7,8,127.01418304,37.49361801
2026-06-26T04:43:48.973939+09:00,교대역,교대역,POI018,KEY_3,2239.교대역 6번출구,ST-765,160,16,10,127.01378632,37.49421692
2026-06-26T04:43:48.973939+09:00,구로디지털단지역,구로디지털단지역,POI019,KEY_4,2110. 조원동 미성아파트,ST-950,11,1,9,126.90203094,37.48319244
2026-06-26T04:43:48.973939+09:00,구로디지털단지역,구로디지털단지역,POI019,KEY_4,1962. 가리봉동주민센터,ST-1224,87,13,15,126.89279938,37.48160172
2026-06-26T04:43:48.973939+09:00,구로디지털단지역,구로디지털단지역,POI019,KEY_4,2801. 대륭포스트타워1차,ST-1753,37,11,30,126.89542389,37.48437119
2026-06-26T04:43:48.973939+09:00,구로디지털단지역,구로디지털단지역,POI019,KEY_4,1955. 디지털입구 교차로,ST-936,10,1,10,126.90103912,37.48288345
2026-06-26T04:43:48.973939+09:00,구로디지털단지역,구로디지털단지역,POI019,KEY_4,1911. 구로디지털단지역 앞,ST-668,11,2,18,126.90132141,37.48493958
2026-06-26T04:43:48.973939+09:00,구로디지털단지역,구로디지털단지역,POI019,KEY_4,1986. 태평양물산,ST-1521,80,12,15,126.89518738,37.48485947
2026-06-26T04:43:48.973939+09:00,구로역,구로역,POI020,KEY_1,1946. 구로역 광장,ST-873,10,1,10,126.88038635,37.50311661
2026-06-26T04:43:48.973939+09:00,구로역,구로역,POI020,KEY_1,3919. 구로역·NC신구로점 버스정류장(구로역 방면),ST-3013,114,16,14,126.88237,37.50096512
2026-06-26T04:43:48.973939+09:00,군자역,군자역,POI021,KEY_2,540. 군자역 7번출구 베스트샵 앞,ST-253,13,1,8,127.0786438,37.55603027
2026-06-26T04:43:48.973939+09:00,군자역,군자역,POI021,KEY_2,3518. 군자역 7번출구뒤,ST-1263,13,1,8,127.07913971,37.55686188
2026-06-26T04:43:48.973939+09:00,군자역,군자역,POI021,KEY_2,3586.군자역 비채온 오피스텔,ST-2325,225,18,8,127.07727051,37.55771255
2026-06-26T04:43:48.973939+09:00,군자역,군자역,POI021,KEY_2,3500. 군자역2번출구,ST-983,29,2,7,127.07969666,37.55758667
2026-06-26T04:43:48.973939+09:00,대림역,대림역,POI023,KEY_3,286. 우성아파트 교차로,ST-1652,100,12,12,126.89974976,37.49457169
2026-06-26T04:43:48.973939+09:00,대림역,대림역,POI023,KEY_3,1975. 대림역 1번 출입구 밑,ST-1237,40,4,10,126.8947525,37.49256516
2026-06-26T04:43:48.973939+09:00,대림역,대림역,POI023,KEY_3,1914. 대림역4번출구,ST-918,20,2,10,126.89444733,37.49440384
2026-06-26T04:43:48.973939+09:00,동대문역,동대문역,POI024,KEY_4,457. 종로꽃시장 입구 옆,ST-1610,40,4,10,127.00720978,37.57131958
2026-06-26T04:43:48.973939+09:00,동대문역,동대문역,POI024,KEY_4,393. 동대문역 8번 출구,ST-1372,25,3,12,127.00937653,37.57014084
2026-06-26T04:43:48.973939+09:00,동대문역,동대문역,POI024,KEY_4,3415.동대문역6번출구,ST-1812,100,15,15,127.0107193,37.57147217
2026-06-26T04:43:48.973939+09:00,미아사거리역,미아사거리역,POI026,KEY_2,1574.송중초등학교 옆,ST-2405,88,7,8,127.03049469,37.61669922
2026-06-26T04:43:48.973939+09:00,미아사거리역,미아사거리역,POI026,KEY_2,1546. 송천동우체국,ST-1665,140,14,10,127.02970123,37.61545944
2026-06-26T04:43:48.973939+09:00,미아사거리역,미아사거리역,POI026,KEY_2,1531. 미아사거리 1번 출구,ST-1105,110,11,10,127.03025055,37.61395645
2026-06-26T04:43:48.973939+09:00,미아사거리역,미아사거리역,POI026,KEY_2,4423.현대백화점 미아점,ST-3203,190,19,10,127.02845764,37.60884857
2026-06-26T04:43:48.973939+09:00,발산역,발산역,POI027,KEY_3,1124. 발산역 6번 출구 뒤,ST-522,0,0,6,126.8384552,37.55817795
2026-06-26T04:43:48.973939+09:00,발산역,발산역,POI027,KEY_3,1117. 등촌5단지아파트 버스정류장,ST-834,10,1,10,126.84426117,37.55819702
2026-06-26T04:43:48.973939+09:00,발산역,발산역,POI027,KEY_3,"1153. 발산역 1번, 9번 인근 대여소",ST-1065,3,1,32,126.83717346,37.55894852
2026-06-26T04:43:48.973939+09:00,발산역,발산역,POI027,KEY_3,1197. 엠펠리체 호텔 건너편,ST-1714,0,0,20,126.83546448,37.56026077
2026-06-26T04:43:48.973939+09:00,발산역,발산역,POI027,KEY_3,2730.마곡메가박스 앞,ST-2047,0,0,30,126.83495331,37.55912781
2026-06-26T04:43:48.973939+09:00,발산역,발산역,POI027,KEY_3,3764. 관문주유소(GS칼택스) 앞,ST-2613,460,46,10,126.84183502,37.55802917
2026-06-26T04:43:48.973939+09:00,발산역,발산역,POI027,KEY_3,3760. 발산역 8번 출구,ST-2538,6,1,17,126.83676147,37.55846024
2026-06-26T04:43:48.973939+09:00,발산역,발산역,POI027,KEY_3,2721.등촌1-10단지 교차로,ST-2037,333,40,12,126.8393631,37.56320572
2026-06-26T04:43:48.973939+09:00,발산역,발산역,POI027,KEY_3,3759. 이대서울병원,ST-2569,8,2,25,126.83559418,37.5586319
2026-06-26T04:43:48.973939+09:00,발산역,발산역,POI027,KEY_3,2717.LG유플러스 마곡사옥,ST-2033,0,0,62,126.83390045,37.56133652
2026-06-26T04:43:48.973939+09:00,발산역,발산역,POI027,KEY_3,2723.마곡 필네이처,ST-2040,46,6,13,126.83669281,37.56089401
2026-06-26T04:43:48.973939+09:00,발산역,발산역,POI027,KEY_3,5095. 원당근린공원,ST-3226,7,1,14,126.84147644,37.55947495
2026-06-26T04:43:48.973939+09:00,발산역,발산역,POI027,KEY_3,5061. 우장산동 가곡어린이공원앞,ST-2888,60,6,10,126.83751678,37.55545425
2026-06-26T04:43:48.973939+09:00,사당역,사당역,POI029,KEY_4,2222.사당역 12번출구 뒤,ST-753,260,26,10,126.98203278,37.47806931
2026-06-26T04:43:48.973939+09:00,사당역,사당역,POI029,KEY_4,2104. 사당역 5번출구,ST-712,23,3,13,126.98133087,37.47608948
2026-06-26T04:43:48.973939+09:00,사당역,사당역,POI029,KEY_4,2034. 사당역 7번출구쪽,ST-924,68,13,19,126.98057556,37.47689056
2026-06-26T04:43:48.973939+09:00,사당역,사당역,POI029,KEY_4,2089.사당역10번출구(금강빌딩),ST-2362,130,13,10,126.98150635,37.4791069
2026-06-26T04:43:48.973939+09:00,삼각지역,삼각지역,POI030,KEY_1,849. 삼각지 자이아파트,ST-2173,105,21,20,126.97341919,37.53607941
2026-06-26T04:43:48.973939+09:00,삼각지역,삼각지역,POI030,KEY_1,848. 삼각지12번 출구,ST-2172,125,10,8,126.97562408,37.53488922
2026-06-26T04:43:48.973939+09:00,삼각지역,삼각지역,POI030,KEY_1,4620. 삼각지역 14번 출구 앞(교통섬),ST-2451,188,15,8,126.97408295,37.53528595
2026-06-26T04:43:48.973939+09:00,서울대입구역,서울대입구역,POI031,KEY_2,2171. 서울대입구역 5번출구,ST-1337,47,8,17,126.95200348,37.48154831
2026-06-26T04:43:48.973939+09:00,서울대입구역,서울대입구역,POI031,KEY_2,3311.서울대입구역 4번 출구,ST-2394,17,2,12,126.95157623,37.48122025
2026-06-26T04:43:48.973939+09:00,서울대입구역,서울대입구역,POI031,KEY_2,2128. 관악구청교차로,ST-720,17,2,12,126.95265198,37.47949982
2026-06-26T04:43:48.973939+09:00,서울대입구역,서울대입구역,POI031,KEY_2,2116. 에이스에이존빌딩,ST-717,33,3,9,126.95082855,37.48170471
2026-06-26T04:43:48.973939+09:00,서울대입구역,서울대입구역,POI031,KEY_2,2112. 서울대입구역 마에스트로,ST-715,40,6,15,126.95064545,37.4813385
2026-06-26T04:43:48.973939+09:00,서울대입구역,서울대입구역,POI031,KEY_2,2111. 서울대입구역 1번출구,ST-965,90,9,10,126.95331573,37.48086929
2026-06-26T04:43:48.973939+09:00,서울식물원·마곡나루역,서울식물원·마곡나루역,POI032,KEY_3,2701. 마곡나루역 5번출구 뒤편,ST-1718,8,2,26,126.82731628,37.56520081
2026-06-26T04:43:48.973939+09:00,서울식물원·마곡나루역,서울식물원·마곡나루역,POI032,KEY_3,2725.서울식물원 식물문화센터,ST-2042,20,4,20,126.83563232,37.56883621
2026-06-26T04:43:48.973939+09:00,서울식물원·마곡나루역,서울식물원·마곡나루역,POI032,KEY_3,2715.마곡나루역 2번 출구,ST-2031,12,3,25,126.82743835,37.56692505
2026-06-26T04:43:48.973939+09:00,서울식물원·마곡나루역,서울식물원·마곡나루역,POI032,KEY_3,2727.서울식물원 잔디마당 앞,ST-2044,4,1,25,126.8306427,37.5639267
2026-06-26T04:43:48.973939+09:00,서울식물원·마곡나루역,서울식물원·마곡나루역,POI032,KEY_3,2728.마곡나루역 3번 출구,ST-2045,132,86,65,126.82807922,37.56580353
2026-06-26T04:43:48.973939+09:00,서울식물원·마곡나루역,서울식물원·마곡나루역,POI032,KEY_3,6177. 마곡롯데캐슬르웨스트,ST-3324,10,1,10,126.82462311,37.56356049
2026-06-26T04:43:48.973939+09:00,서울식물원·마곡나루역,서울식물원·마곡나루역,POI032,KEY_3,5098. LG사이언스파크 W4동,ST-3261,5,1,20,126.82978821,37.56403732
2026-06-26T04:43:48.973939+09:00,서울식물원·마곡나루역,서울식물원·마곡나루역,POI032,KEY_3,5097. LG사이언스파크 E2동,ST-3259,0,0,40,126.83208466,37.56381607
2026-06-26T04:43:48.973939+09:00,서울식물원·마곡나루역,서울식물원·마곡나루역,POI032,KEY_3,6190.마곡광장(마곡나루역 6번출구),ST-3421,0,0,10,126.82738495,37.56614685
2026-06-26T04:43:48.973939+09:00,서울역,서울역,POI033,KEY_4,379. 서울역9번출구,ST-194,100,10,10,126.97330475,37.55580521
2026-06-26T04:43:48.973939+09:00,서울역,서울역,POI033,KEY_4,485.서울역5번출구,ST-1791,160,16,10,126.97319794,37.55677032
2026-06-26T04:43:48.973939+09:00,서울역,서울역,POI033,KEY_4,435. SK 남산빌딩,ST-1670,60,6,10,126.97561646,37.55686188
2026-06-26T04:43:48.973939+09:00,서울역,서울역,POI033,KEY_4,6062.서울역파출소,ST-3413,210,21,10,126.97183228,37.55709457
2026-06-26T04:43:48.973939+09:00,서울역,서울역,POI033,KEY_4,4794. 서울역 서부교차로(3),ST-2786,100,8,8,126.96942139,37.55540848
2026-06-26T04:43:48.973939+09:00,서울역,서울역,POI033,KEY_4,4760. 서울역 7번출구,ST-2430,10,1,10,126.97364044,37.55664444
2026-06-26T04:43:48.973939+09:00,선릉역,선릉역,POI034,KEY_1,2329. 르네상스호텔사거리 역삼지하보도 2번출구,ST-812,0,0,10,127.04319,37.50235748
2026-06-26T04:43:48.973939+09:00,선릉역,선릉역,POI034,KEY_1,2328. 르네상스 호텔 사거리 역삼지하보도 7번출구 앞,ST-811,0,0,10,127.04273224,37.50321198
2026-06-26T04:43:48.973939+09:00,선릉역,선릉역,POI034,KEY_1,2369. KT선릉타워,ST-1178,60,12,20,127.0528717,37.50542831
2026-06-26T04:43:48.973939+09:00,선릉역,선릉역,POI034,KEY_1,2319. 포스코사거리 서측(수협 삼성동 지점),ST-802,40,4,10,127.05467987,37.50660706
2026-06-26T04:43:48.973939+09:00,선릉역,선릉역,POI034,KEY_1,2332. 선릉역3번출구,ST-815,38,3,8,127.04903412,37.50410461
2026-06-26T04:43:48.973939+09:00,성신여대입구역,성신여대입구역,POI035,KEY_2,1385.성신여대입구역 3번출구 앞,ST-2226,280,28,10,127.01628876,37.59236526
2026-06-26T04:43:48.973939+09:00,성신여대입구역,성신여대입구역,POI035,KEY_2,1384.성신여대입구역 5번출구,ST-2225,223,29,13,127.01628876,37.59282684
2026-06-26T04:43:48.973939+09:00,성신여대입구역,성신여대입구역,POI035,KEY_2,1337. 돈암성당 옆,ST-1201,115,15,13,127.01716614,37.59039307
2026-06-26T04:43:48.973939+09:00,수유역,수유역,POI036,KEY_3,1520. 수유중앙시장,ST-650,143,10,7,127.022789,37.63986206
2026-06-26T04:43:48.973939+09:00,수유역,수유역,POI036,KEY_3,1503. 강북구청사거리(수유역 8번출구),ST-643,43,6,14,127.02672577,37.63926315
2026-06-26T04:43:48.973939+09:00,수유역,수유역,POI036,KEY_3,1512. 강북중학교 앞,ST-862,95,19,20,127.02656555,37.64473724
2026-06-26T04:43:48.973939+09:00,수유역,수유역,POI036,KEY_3,1552. 강북구청사거리,ST-2125,50,4,8,127.02723694,37.63920212
2026-06-26T04:43:48.973939+09:00,수유역,수유역,POI036,KEY_3,1526. 강북종합시장 앞,ST-1100,38,3,8,127.02462769,37.64173889
2026-06-26T04:43:48.973939+09:00,수유역,수유역,POI036,KEY_3,1569.수유역2번출구,ST-2137,10,1,10,127.02590179,37.63796997
2026-06-26T04:43:48.973939+09:00,수유역,수유역,POI036,KEY_3,1535. 효성인텔리안 앞,ST-1109,10,1,10,127.02337646,37.6362915
2026-06-26T04:43:48.973939+09:00,수유역,수유역,POI036,KEY_3,1530. 광산사거리,ST-1104,92,12,13,127.0223465,37.64355087
2026-06-26T04:43:48.973939+09:00,숭례문,숭례문,POI131,KEY_4,445.대한상공회의소,ST-1771,13,2,15,126.97410583,37.56015396
2026-06-26T04:43:48.973939+09:00,숭례문,숭례문,POI131,KEY_4,6060. 신한은행 본점,ST-3342,25,2,8,126.97480774,37.56077576
2026-06-26T04:43:48.973939+09:00,시의회 앞,시의회 앞,POI130,KEY_1,310. 청계광장 옆,ST-126,13,1,8,126.9774704,37.56887817
2026-06-26T04:43:48.973939+09:00,시의회 앞,시의회 앞,POI130,KEY_1,458. 광화문역 5번출구,ST-1611,14,3,21,126.97756958,37.56989288
2026-06-26T04:43:48.973939+09:00,시의회 앞,시의회 앞,POI130,KEY_1,309. 광화문역 6번출구 옆 B,ST-125,0,0,13,126.97615814,37.56996155
2026-06-26T04:43:48.973939+09:00,시의회 앞,시의회 앞,POI130,KEY_1,4718. 광화문역 6번출구 옆 A,ST-3075,10,1,10,126.9764328,37.56993103
2026-06-26T04:43:48.973939+09:00,시의회 앞,시의회 앞,POI130,KEY_1,6058. 시청역 2번출구,ST-3297,73,11,15,126.97702026,37.56557846
2026-06-26T04:43:48.973939+09:00,신논현역·논현역,신논현역·논현역,POI037,KEY_2,2302. 교보타워 버스정류장(신논현역 3번출구 후면),ST-787,180,18,10,127.02427673,37.5055809
2026-06-26T04:43:48.973939+09:00,신논현역·논현역,신논현역·논현역,POI037,KEY_2,2542.신논현타워 앞,ST-1926,110,11,10,127.02391052,37.50508881
2026-06-26T04:43:48.973939+09:00,신논현역·논현역,신논현역·논현역,POI037,KEY_2,4347. 논현지하보도,ST-3332,110,11,10,127.02232361,37.50836945
2026-06-26T04:43:48.973939+09:00,신림역,신림역,POI039,KEY_4,2102. 봉림교 교통섬,ST-702,46,6,13,126.92688751,37.48408508
2026-06-26T04:43:48.973939+09:00,신림역,신림역,POI039,KEY_4,2175. 신림동걷고싶은문화의거리입구,ST-1270,129,9,7,126.92870331,37.48730087
2026-06-26T04:43:48.973939+09:00,신림역,신림역,POI039,KEY_4,2136. 신림역 8번출구,ST-976,13,1,8,126.93006897,37.48450851
2026-06-26T04:43:48.973939+09:00,신정네거리역,신정네거리역,POI117,KEY_1,706. 신정네거리역,ST-313,27,4,15,126.85175323,37.5218811
2026-06-26T04:43:48.973939+09:00,신정네거리역,신정네거리역,POI117,KEY_1,722. 경서농협 버스정류장(우리은행신정동지점방향),ST-993,130,13,10,126.85738373,37.52151108
2026-06-26T04:43:48.973939+09:00,신정네거리역,신정네거리역,POI117,KEY_1,4509. 서울영상고교 입구,ST-2761,253,38,15,126.85928345,37.52198029
2026-06-26T04:43:48.973939+09:00,신정네거리역,신정네거리역,POI117,KEY_1,4510. 신정네거리역 교차로,ST-2762,62,8,13,126.85228729,37.52175903
2026-06-26T04:43:48.973939+09:00,신정네거리역,신정네거리역,POI117,KEY_1,4507. 신정제일시장,ST-2759,120,12,10,126.85499573,37.52122498
2026-06-26T04:43:48.973939+09:00,신촌·이대역,신촌·이대역,POI040,KEY_2,150. 서강대역 2번출구 앞,ST-207,47,7,15,126.93434143,37.55295563
2026-06-26T04:43:48.973939+09:00,신촌·이대역,신촌·이대역,POI040,KEY_2,129. 신촌역(2호선) 6번출구 옆,ST-31,10,1,10,126.93756866,37.55505371
2026-06-26T04:43:48.973939+09:00,신촌·이대역,신촌·이대역,POI040,KEY_2,134. 연세로 명물길,ST-36,125,10,8,126.93807983,37.55789185
2026-06-26T04:43:48.973939+09:00,신촌·이대역,신촌·이대역,POI040,KEY_2,130. 신촌역(2호선) 7번출구 앞,ST-32,60,6,10,126.93626404,37.5550499
2026-06-26T04:43:48.973939+09:00,신촌·이대역,신촌·이대역,POI040,KEY_2,137. 신촌기차역입구 교차로,ST-39,50,5,10,126.9431839,37.55681229
2026-06-26T04:43:48.973939+09:00,신촌·이대역,신촌·이대역,POI040,KEY_2,135. 명물길 원형무대 앞,ST-37,0,0,10,126.93984222,37.55922699
2026-06-26T04:43:48.973939+09:00,신촌·이대역,신촌·이대역,POI040,KEY_2,3116.신촌역 4번출구,ST-2201,20,2,10,126.93720245,37.55550385
2026-06-26T04:43:48.973939+09:00,신촌·이대역,신촌·이대역,POI040,KEY_2,4274. 신촌 파랑고래 입구,ST-3140,10,1,10,126.93603516,37.55687714
2026-06-26T04:43:48.973939+09:00,신촌·이대역,신촌·이대역,POI040,KEY_2,4248. 신촌 교보빌딩,ST-3021,10,1,10,126.94034576,37.5560112
2026-06-26T04:43:48.973939+09:00,신촌·이대역,신촌·이대역,POI040,KEY_2,128. 신촌역(2호선) 1번출구 옆,ST-30,21,4,19,126.93634033,37.55549622
2026-06-26T04:43:48.973939+09:00,쌍문역,쌍문역,POI070,KEY_3,1774.정의여중고 버스정류소,ST-2119,113,9,8,127.034729,37.65134811
2026-06-26T04:43:48.973939+09:00,쌍문역,쌍문역,POI070,KEY_3,1709. 쌍문역4번출구 주변,ST-616,47,8,17,127.03534698,37.65012741
2026-06-26T04:43:48.973939+09:00,쌍문역,쌍문역,POI070,KEY_3,1754. 창동시장입구 사거리,ST-2099,27,3,11,127.03343201,37.64689636
2026-06-26T04:43:48.973939+09:00,쌍문역,쌍문역,POI070,KEY_3,4054. 창동한신아파트 버스정류소,ST-2722,30,3,10,127.03527069,37.64601898
2026-06-26T04:43:48.973939+09:00,양재역,양재역,POI041,KEY_4,2242.양재역 10번 출구 앞,ST-767,5,1,20,127.03417969,37.48398972
2026-06-26T04:43:48.973939+09:00,양재역,양재역,POI041,KEY_4,2293. SPC 앞,ST-1360,10,1,10,127.03699493,37.48479843
2026-06-26T04:43:48.973939+09:00,양재역,양재역,POI041,KEY_4,2333. 양재역 3번출구 주변,ST-816,14,2,14,127.03407288,37.48515701
2026-06-26T04:43:48.973939+09:00,양재역,양재역,POI041,KEY_4,4329. SC제일은행 양재동지점 앞,ST-2962,13,1,8,127.03315735,37.48573685
2026-06-26T04:43:48.973939+09:00,역삼역,역삼역,POI042,KEY_1,2430.강남파이낸스센터앞(역삼역2번출구),ST-1896,10,1,10,127.03605652,37.50024414
2026-06-26T04:43:48.973939+09:00,역삼역,역삼역,POI042,KEY_1,2410. 포스코피앤에스타워 (역삼역 3번출구 부근),ST-1680,110,11,10,127.03375244,37.49959946
2026-06-26T04:43:48.973939+09:00,역삼역,역삼역,POI042,KEY_1,2349. 역삼빌딩 앞(하나은행 옆),ST-959,0,0,12,127.03856659,37.50154495
2026-06-26T04:43:48.973939+09:00,연신내역,연신내역,POI043,KEY_2,922. 연신내역 4번출구,ST-470,0,0,10,126.92196655,37.61780167
2026-06-26T04:43:48.973939+09:00,연신내역,연신내역,POI043,KEY_2,906. 연신내역 5번출구,ST-454,213,17,8,126.91957855,37.61721039
2026-06-26T04:43:48.973939+09:00,연신내역,연신내역,POI043,KEY_2,949. 연신내역 1번 출구,ST-1035,67,4,6,126.92080688,37.61978149
2026-06-26T04:43:48.973939+09:00,오목교역·목동운동장,오목교역·목동운동장,POI044,KEY_3,747. 목동3단지 상가,ST-1018,240,24,10,126.8756485,37.53458023
2026-06-26T04:43:48.973939+09:00,오목교역·목동운동장,오목교역·목동운동장,POI044,KEY_3,792.목동트라팰리스 웨스턴에비뉴,ST-2017,0,0,20,126.8709259,37.52537155
2026-06-26T04:43:48.973939+09:00,오목교역·목동운동장,오목교역·목동운동장,POI044,KEY_3,791.현대하이페리온,ST-2016,47,7,15,126.86980438,37.52490234
2026-06-26T04:43:48.973939+09:00,오목교역·목동운동장,오목교역·목동운동장,POI044,KEY_3,756. 목동주차장,ST-1497,33,5,15,126.8761673,37.52667999
2026-06-26T04:43:48.973939+09:00,오목교역·목동운동장,오목교역·목동운동장,POI044,KEY_3,748. 목동운동장,ST-1019,162,21,13,126.87930298,37.53025055
2026-06-26T04:43:48.973939+09:00,오목교역·목동운동장,오목교역·목동운동장,POI044,KEY_3,765. 오목교역 3번출구,ST-1731,42,5,12,126.87548065,37.52477646
2026-06-26T04:43:48.973939+09:00,오목교역·목동운동장,오목교역·목동운동장,POI044,KEY_3,723. SBS방송국,ST-994,13,2,15,126.87274933,37.52916336
2026-06-26T04:43:48.973939+09:00,오목교역·목동운동장,오목교역·목동운동장,POI044,KEY_3,731. 서울시 도로환경관리센터,ST-1002,30,3,10,126.87654114,37.5298996
2026-06-26T04:43:48.973939+09:00,오목교역·목동운동장,오목교역·목동운동장,POI044,KEY_3,771.목동아파트 703동 앞,ST-1997,25,2,8,126.87016296,37.52820587
2026-06-26T04:43:48.973939+09:00,오목교역·목동운동장,오목교역·목동운동장,POI044,KEY_3,762. 오목로 무중력지대 앞,ST-1503,50,5,10,126.87766266,37.52474213
2026-06-26T04:43:48.973939+09:00,오목교역·목동운동장,오목교역·목동운동장,POI044,KEY_3,703. 오목교역 7번출구 앞,ST-311,8,1,12,126.87524414,37.52362823
2026-06-26T04:43:48.973939+09:00,오목교역·목동운동장,오목교역·목동운동장,POI044,KEY_3,769.CBS방송국 앞,ST-1995,5,1,20,126.87467194,37.52785492
2026-06-26T04:43:48.973939+09:00,오목교역·목동운동장,오목교역·목동운동장,POI044,KEY_3,4543. 오목교역 6번 출구,ST-3163,22,2,9,126.87567139,37.5236702
2026-06-26T04:43:48.973939+09:00,오목교역·목동운동장,오목교역·목동운동장,POI044,KEY_3,4532. 목동현대아파트 후문 앞,ST-2879,160,16,10,126.87805939,37.5221405
2026-06-26T04:43:48.973939+09:00,오목교역·목동운동장,오목교역·목동운동장,POI044,KEY_3,4546. 목동운동장 주경기장,ST-3227,77,23,30,126.88307953,37.52937698
2026-06-26T04:43:48.973939+09:00,오목교역·목동운동장,오목교역·목동운동장,POI044,KEY_3,4514. 목동성당 앞,ST-2764,240,48,20,126.86930084,37.52319717
2026-06-26T04:43:48.973939+09:00,왕십리역,왕십리역,POI045,KEY_4,558. 성동광진 교육지원청 앞,ST-359,30,6,20,127.03652191,37.56460571
2026-06-26T04:43:48.973939+09:00,왕십리역,왕십리역,POI045,KEY_4,559. 왕십리역 4번 출구 건너편,ST-360,15,2,13,127.03679657,37.56109619
2026-06-26T04:43:48.973939+09:00,왕십리역,왕십리역,POI045,KEY_4,525. 한양대병원사거리,ST-241,5,1,20,127.04035187,37.55805206
2026-06-26T04:43:48.973939+09:00,왕십리역,왕십리역,POI045,KEY_4,3561.행당동 삼부APT후문,ST-2343,70,7,10,127.03839874,37.55926895
2026-06-26T04:43:48.973939+09:00,왕십리역,왕십리역,POI045,KEY_4,3545.한양대역 1번출구,ST-2327,0,0,10,127.04335785,37.55657959
2026-06-26T04:43:48.973939+09:00,용산역,용산역,POI046,KEY_1,806. 전자랜드 본관 앞,ST-327,10,2,20,126.96073151,37.5330658
2026-06-26T04:43:48.973939+09:00,용산역,용산역,POI046,KEY_1,845. 용산 선인상가,ST-1615,81,13,16,126.96437836,37.53269958
2026-06-26T04:43:48.973939+09:00,용산역,용산역,POI046,KEY_1,853.용산역 맞은편,ST-2177,21,4,19,126.96595001,37.52841568
2026-06-26T04:43:48.973939+09:00,용산역,용산역,POI046,KEY_1,4617. 동원베네스트 건너편,ST-2448,50,3,6,126.95511627,37.52761078
2026-06-26T04:43:48.973939+09:00,용산역,용산역,POI046,KEY_1,4616. 신용산지하차도 앞,ST-2447,13,2,15,126.96411896,37.53248215
2026-06-26T04:43:48.973939+09:00,잠실새내역,잠실새내역,POI118,KEY_3,1222. 잠실새내역 5번 출구 뒤,ST-547,43,10,23,127.08505249,37.51198196
2026-06-26T04:43:48.973939+09:00,잠실새내역,잠실새내역,POI118,KEY_3,1224. 아시아지하보도 2번 출구,ST-548,127,19,15,127.07893372,37.51216888
2026-06-26T04:43:48.973939+09:00,잠실새내역,잠실새내역,POI118,KEY_3,2637. 아시아지하보도 14번 출구,ST-1864,33,5,15,127.07881165,37.51146317
2026-06-26T04:43:48.973939+09:00,잠실새내역,잠실새내역,POI118,KEY_3,2635.잠실새내역 1번출구,ST-1862,0,0,21,127.08673859,37.51129532
2026-06-26T04:43:48.973939+09:00,잠실역,잠실역,POI119,KEY_4,1210. 롯데월드타워(잠실역2번출구 쪽),ST-891,13,4,30,127.10095978,37.51312637
2026-06-26T04:43:48.973939+09:00,잠실역,잠실역,POI119,KEY_4,1231. 잠실역 6번출구,ST-840,8,1,13,127.09902954,37.51408768
2026-06-26T04:43:48.973939+09:00,잠실역,잠실역,POI119,KEY_4,1232. 잠실주공 521동 건너편,ST-550,40,4,10,127.09568787,37.51184082
2026-06-26T04:43:48.973939+09:00,잠실역,잠실역,POI119,KEY_4,2647.잠실 자전거 수리센터 앞,ST-1868,14,1,7,127.10114288,37.51100922
2026-06-26T04:43:48.973939+09:00,장지역,장지역,POI048,KEY_1,1244. 문정 법조단지8,ST-904,18,2,11,127.12212372,37.48153687
2026-06-26T04:43:48.973939+09:00,장지역,장지역,POI048,KEY_1,1246. 문정 법조단지10,ST-906,0,0,30,127.12632751,37.47750854
2026-06-26T04:43:48.973939+09:00,장지역,장지역,POI048,KEY_1,1247. 문정 법조단지11,ST-907,0,0,15,127.12351227,37.4788208
2026-06-26T04:43:48.973939+09:00,장지역,장지역,POI048,KEY_1,1245. 문정 법조단지9,ST-905,10,1,10,127.12532806,37.47946548
2026-06-26T04:43:48.973939+09:00,장지역,장지역,POI048,KEY_1,4491. 장지역 1번출구,ST-2599,20,2,10,127.12678528,37.47953415
2026-06-26T04:43:48.973939+09:00,장지역,장지역,POI048,KEY_1,4885. 가든파이브 리빙관,ST-2985,0,0,8,127.123703,37.47709656
2026-06-26T04:43:48.973939+09:00,장지역,장지역,POI048,KEY_1,1266. 문정동 글샘 공원,ST-1085,60,6,10,127.12000275,37.47880936
2026-06-26T04:43:48.973939+09:00,장한평역,장한평역,POI049,KEY_2,626. 군자교 서측 녹지대,ST-394,171,29,17,127.07096863,37.56115341
2026-06-26T04:43:48.973939+09:00,장한평역,장한평역,POI049,KEY_2,529. 장한평역 8번 출구 앞,ST-243,288,23,8,127.06365967,37.56137085
2026-06-26T04:43:48.973939+09:00,장한평역,장한평역,POI049,KEY_2,4385. 용답동 우체국 주변,ST-3099,280,14,5,127.06151581,37.56168747
2026-06-26T04:43:48.973939+09:00,장한평역,장한평역,POI049,KEY_2,4105. 서울교통공사사거리 교통섬,ST-2499,0,0,10,127.05799103,37.56324005
2026-06-26T04:43:48.973939+09:00,천호역,천호역,POI050,KEY_3,1009. 천호역4번출구(현대백화점),ST-493,5,1,20,127.12424469,37.53866577
2026-06-26T04:43:48.973939+09:00,천호역,천호역,POI050,KEY_3,3657. 서울천호동우체국,ST-2732,240,24,10,127.12576294,37.54074097
2026-06-26T04:43:48.973939+09:00,천호역,천호역,POI050,KEY_3,1264. 천호역 10번 출구 앞,ST-1083,25,2,8,127.12280273,37.53858185
2026-06-26T04:43:48.973939+09:00,총신대입구(이수)역,총신대입구(이수)역,POI051,KEY_4,2032. 이수역 11번출구쪽,ST-923,160,16,10,126.98162079,37.48550797
2026-06-26T04:43:48.973939+09:00,총신대입구(이수)역,총신대입구(이수)역,POI051,KEY_4,2091. 이수역9번출구,ST-2364,227,34,15,126.98059082,37.48470306
2026-06-26T04:43:48.973939+09:00,총신대입구(이수)역,총신대입구(이수)역,POI051,KEY_4,2082.7호선 이수역7번출구,ST-2355,300,30,10,126.98179626,37.4846077
2026-06-26T04:43:48.973939+09:00,총신대입구(이수)역,총신대입구(이수)역,POI051,KEY_4,2511. 이수역 6번출구 앞,ST-1739,110,11,10,126.98234558,37.48398972
2026-06-26T04:43:48.973939+09:00,총신대입구(이수)역,총신대입구(이수)역,POI051,KEY_4,2264. 이수역 1번출구,ST-935,200,18,9,126.98271942,37.48897171
2026-06-26T04:43:48.973939+09:00,충정로역,충정로역,POI052,KEY_1,3134.SK리쳄블(서울아리수본부),ST-2219,30,3,10,126.96658325,37.56131744
2026-06-26T04:43:48.973939+09:00,충정로역,충정로역,POI052,KEY_1,3114.충정로역 3번 출구,ST-2198,43,3,7,126.96552277,37.56046295
2026-06-26T04:43:48.973939+09:00,충정로역,충정로역,POI052,KEY_1,4801. 충정로역 2호선(엘리베이터 앞),ST-3053,40,2,5,126.96414185,37.55937576
2026-06-26T04:43:48.973939+09:00,충정로역,충정로역,POI052,KEY_1,4752. 삼성사이버빌리지아파트,ST-2624,14,1,7,126.96485901,37.55891418
2026-06-26T04:43:48.973939+09:00,충정로역,충정로역,POI052,KEY_1,4266.국민연금공단충정로사옥,ST-3027,0,0,9,126.96414948,37.56184769
2026-06-26T04:43:48.973939+09:00,충정로역,충정로역,POI052,KEY_1,4271. 충정로역 1번 출구,ST-3107,43,3,7,126.96305847,37.55942535
2026-06-26T04:43:48.973939+09:00,충정로역,충정로역,POI052,KEY_1,180. 충정로역 7번출구 아래,ST-233,70,7,10,126.96246338,37.55996704
2026-06-26T04:43:48.973939+09:00,합정역,합정역,POI053,KEY_2,105. 합정역 5번출구 앞,ST-7,20,1,5,126.91482544,37.55000687
2026-06-26T04:43:48.973939+09:00,합정역,합정역,POI053,KEY_2,497.합정동주민센터 앞,ST-2156,12,3,25,126.91230011,37.551754
2026-06-26T04:43:48.973939+09:00,합정역,합정역,POI053,KEY_2,106. 합정역 7번출구 앞,ST-8,0,0,12,126.91282654,37.54864502
2026-06-26T04:43:48.973939+09:00,합정역,합정역,POI053,KEY_2,4211. 시석빌딩 앞,ST-2534,0,0,8,126.91671753,37.54836655
2026-06-26T04:43:48.973939+09:00,혜화역,혜화역,POI054,KEY_3,342. 대학로 마로니에공원,ST-158,64,14,22,127.00234222,37.58044434
2026-06-26T04:43:48.973939+09:00,혜화역,혜화역,POI054,KEY_3,341. 혜화역 3번출구 뒤,ST-157,13,1,8,127.00178528,37.58156967
2026-06-26T04:43:48.973939+09:00,혜화역,혜화역,POI054,KEY_3,358. 성균관대입구 사거리 A,ST-173,8,1,13,126.99853516,37.58250046
2026-06-26T04:43:48.973939+09:00,혜화역,혜화역,POI054,KEY_3,3419.국립어린이과학관,ST-1816,29,4,14,126.99736786,37.58194733
2026-06-26T04:43:48.973939+09:00,혜화역,혜화역,POI054,KEY_3,3420. 성균관대입구 사거리 B,ST-1817,30,3,10,126.99885559,37.58327484
2026-06-26T04:43:48.973939+09:00,혜화역,혜화역,POI054,KEY_3,3421.혜화역 1번출구,ST-1818,20,2,10,127.00185394,37.58385468
2026-06-26T04:43:48.973939+09:00,홍대입구역(2호선),홍대입구역(2호선),POI055,KEY_4,113. 홍대입구역 2번출구 앞,ST-18,4,1,28,126.9238205,37.5574379
2026-06-26T04:43:48.973939+09:00,홍대입구역(2호선),홍대입구역(2호선),POI055,KEY_4,114. 홍대입구역 8번출구 앞,ST-20,7,1,15,126.92442322,37.55706024
2026-06-26T04:43:48.973939+09:00,회기역,회기역,POI056,KEY_1,680.꿈마루어린이도서관 앞,ST-2280,155,34,22,127.05741119,37.59238434
2026-06-26T04:43:48.973939+09:00,회기역,회기역,POI056,KEY_1,670.삼육서울병원 버스정류장,ST-2270,311,28,9,127.06151581,37.5896759
2026-06-26T05:50:33.872137+09:00,광화문·덕수궁,광화문·덕수궁,POI009,KEY_2,310. 청계광장 옆,ST-126,13,1,8,126.9774704,37.56887817
2026-06-26T05:50:33.872137+09:00,광화문·덕수궁,광화문·덕수궁,POI009,KEY_2,303. 광화문역 1번출구 앞,ST-119,13,1,8,126.97466278,37.57176971
2026-06-26T05:50:33.872137+09:00,광화문·덕수궁,광화문·덕수궁,POI009,KEY_2,391. 시립미술관,ST-977,88,7,8,126.97340393,37.56505203
2026-06-26T05:50:33.872137+09:00,광화문·덕수궁,광화문·덕수궁,POI009,KEY_2,458. 광화문역 5번출구,ST-1611,14,3,21,126.97756958,37.56989288
2026-06-26T05:50:33.872137+09:00,광화문·덕수궁,광화문·덕수궁,POI009,KEY_2,305. 종로구청 옆,ST-121,31,5,16,126.97833252,37.57255936
2026-06-26T05:50:33.872137+09:00,광화문·덕수궁,광화문·덕수궁,POI009,KEY_2,309. 광화문역 6번출구 옆 B,ST-125,0,0,13,126.97615814,37.56996155
2026-06-26T05:50:33.872137+09:00,광화문·덕수궁,광화문·덕수궁,POI009,KEY_2,4796. 서울시청,ST-2693,20,4,20,126.97925568,37.5664711
2026-06-26T05:50:33.872137+09:00,광화문·덕수궁,광화문·덕수궁,POI009,KEY_2,4719. 종로문화원 건너편,ST-3090,27,4,15,126.9805069,37.57571411
2026-06-26T05:50:33.872137+09:00,광화문·덕수궁,광화문·덕수궁,POI009,KEY_2,4718. 광화문역 6번출구 옆 A,ST-3075,10,1,10,126.9764328,37.56993103
2026-06-26T05:50:33.872137+09:00,광화문·덕수궁,광화문·덕수궁,POI009,KEY_2,6058. 시청역 2번출구,ST-3297,93,14,15,126.97702026,37.56557846
2026-06-26T05:50:33.872137+09:00,보신각,보신각,POI010,KEY_3,316. 종각역 1번출구 앞,ST-132,25,2,8,126.98178864,37.57039642
2026-06-26T05:50:33.872137+09:00,보신각,보신각,POI010,KEY_3,385. 종각역 5번출구,ST-336,0,0,10,126.98265839,37.56983566
2026-06-26T05:50:33.872137+09:00,보신각,보신각,POI010,KEY_3,3408.종로타워빌딩,ST-1805,0,0,13,126.98323822,37.57070541
2026-06-26T05:50:33.872137+09:00,보신각,보신각,POI010,KEY_3,4708. 조계사앞사거리,ST-2472,33,2,6,126.98283386,37.5721817
2026-06-26T05:50:33.872137+09:00,서울 암사동 유적,서울 암사동 유적,POI011,KEY_4,1007.암사동 선사유적지,ST-491,229,32,14,127.13087463,37.55955887
2026-06-26T05:50:33.872137+09:00,서울 암사동 유적,서울 암사동 유적,POI011,KEY_4,3539. 서원마을,ST-1686,70,7,10,127.13283539,37.56379318
2026-06-26T05:50:33.872137+09:00,창덕궁·종묘,창덕궁·종묘,POI012,KEY_1,337. 창경궁 입구,ST-153,40,2,5,126.99647522,37.57897949
2026-06-26T05:50:33.872137+09:00,창덕궁·종묘,창덕궁·종묘,POI012,KEY_1,339. 종로4가 사거리,ST-155,0,0,10,126.99819183,37.57106781
2026-06-26T05:50:33.872137+09:00,창덕궁·종묘,창덕궁·종묘,POI012,KEY_1,338. 세운스퀘어 앞,ST-154,0,0,18,126.99712372,37.57095718
2026-06-26T05:50:33.872137+09:00,창덕궁·종묘,창덕궁·종묘,POI012,KEY_1,359. 원남동사거리,ST-174,75,6,8,126.99768066,37.57606125
2026-06-26T05:50:33.872137+09:00,창덕궁·종묘,창덕궁·종묘,POI012,KEY_1,3410.종로3가역 8번출구,ST-1807,60,6,10,126.99188995,37.5724678
2026-06-26T05:50:33.872137+09:00,창덕궁·종묘,창덕궁·종묘,POI012,KEY_1,3413.종로플레이스,ST-1810,36,8,22,126.99796295,37.57320023
2026-06-26T05:50:33.872137+09:00,창덕궁·종묘,창덕궁·종묘,POI012,KEY_1,3411.종묘,ST-1808,33,3,9,126.99437714,37.57072067
2026-06-26T05:50:33.872137+09:00,동대문 관광특구,동대문 관광특구,POI002,KEY_3,475.DDP 패션몰,ST-1781,5,1,21,127.0118103,37.56764984
2026-06-26T05:50:33.872137+09:00,동대문 관광특구,동대문 관광특구,POI002,KEY_3,383. 신당역 12번 출구 뒤,ST-198,4,1,24,127.01642609,37.56591797
2026-06-26T05:50:33.872137+09:00,동대문 관광특구,동대문 관광특구,POI002,KEY_3,346. 맥스타일 앞,ST-162,30,3,10,127.01014709,37.5689621
2026-06-26T05:50:33.872137+09:00,동대문 관광특구,동대문 관광특구,POI002,KEY_3,347. 동대문역사문화공원역 9번출구 앞,ST-163,22,4,18,127.00784302,37.56533051
2026-06-26T05:50:33.872137+09:00,동대문 관광특구,동대문 관광특구,POI002,KEY_3,474.동대문역사문화공원역 1번출구 뒤편,ST-1780,50,20,40,127.00849152,37.56629944
2026-06-26T05:50:33.872137+09:00,동대문 관광특구,동대문 관광특구,POI002,KEY_3,6061.충무아트센터,ST-3381,30,3,10,127.01522064,37.56538773
2026-06-26T05:50:33.872137+09:00,동대문 관광특구,동대문 관광특구,POI002,KEY_3,4765. 동대문디자인플라자,ST-2431,5,1,20,127.00946045,37.5683136
2026-06-26T05:50:33.872137+09:00,명동 관광특구,명동 관광특구,POI003,KEY_4,310. 청계광장 옆,ST-126,13,1,8,126.9774704,37.56887817
2026-06-26T05:50:33.872137+09:00,명동 관광특구,명동 관광특구,POI003,KEY_4,466.롯데호텔,ST-1772,77,10,13,126.97981262,37.56584167
2026-06-26T05:50:33.872137+09:00,명동 관광특구,명동 관광특구,POI003,KEY_4,321. KEB 하나금융그룹 명동사옥 옆,ST-137,7,1,15,126.98413849,37.56546402
2026-06-26T05:50:33.872137+09:00,명동 관광특구,명동 관광특구,POI003,KEY_4,433. 을지로입구역 2번출구,ST-1668,0,0,12,126.98229218,37.56634521
2026-06-26T05:50:33.872137+09:00,명동 관광특구,명동 관광특구,POI003,KEY_4,322. 명동성당 앞,ST-138,0,0,10,126.98696899,37.56447601
2026-06-26T05:50:33.872137+09:00,명동 관광특구,명동 관광특구,POI003,KEY_4,318. 광교사거리 남측,ST-134,0,0,10,126.98231506,37.56863403
2026-06-26T05:50:33.872137+09:00,명동 관광특구,명동 관광특구,POI003,KEY_4,320. 을지로입구역 4번출구 앞,ST-136,0,0,17,126.98358917,37.56622314
2026-06-26T05:50:33.872137+09:00,명동 관광특구,명동 관광특구,POI003,KEY_4,331. 을지로2가 사거리 북측,ST-147,10,1,10,126.98720551,37.56638336
2026-06-26T05:50:33.872137+09:00,명동 관광특구,명동 관광특구,POI003,KEY_4,324. 신세계백화점 본점 앞,ST-140,25,2,8,126.9805069,37.56134415
2026-06-26T05:50:33.872137+09:00,명동 관광특구,명동 관광특구,POI003,KEY_4,398. 을지로3가역 3번출구,ST-1435,75,6,8,126.99249268,37.56660461
2026-06-26T05:50:33.872137+09:00,명동 관광특구,명동 관광특구,POI003,KEY_4,3013.서울지방고용노동청 앞,ST-2422,0,0,7,126.98725891,37.56760406
2026-06-26T05:50:33.872137+09:00,명동 관광특구,명동 관광특구,POI003,KEY_4,4791. 명동역9번 출구,ST-2527,20,2,10,126.98749542,37.56122589
2026-06-26T05:50:33.872137+09:00,명동 관광특구,명동 관광특구,POI003,KEY_4,4776. 신세계면세점,ST-2522,30,3,10,126.98139191,37.56027603
2026-06-26T05:50:33.872137+09:00,명동 관광특구,명동 관광특구,POI003,KEY_4,4775. 을지로지하쇼핑센터,ST-2521,0,0,10,126.98445129,37.56589127
2026-06-26T05:50:33.872137+09:00,명동 관광특구,명동 관광특구,POI003,KEY_4,4796. 서울시청,ST-2693,20,4,20,126.97925568,37.5664711
2026-06-26T05:50:33.872137+09:00,명동 관광특구,명동 관광특구,POI003,KEY_4,4774. 을지로입구역 8번출구,ST-2520,0,0,9,126.98178101,37.56590271
2026-06-26T05:50:33.872137+09:00,명동 관광특구,명동 관광특구,POI003,KEY_4,6058. 시청역 2번출구,ST-3297,93,14,15,126.97702026,37.56557846
2026-06-26T05:50:33.872137+09:00,명동 관광특구,명동 관광특구,POI003,KEY_4,4762. 국제빌딩,ST-2517,10,1,10,126.98244476,37.56694794
2026-06-26T05:50:33.872137+09:00,이태원 관광특구,이태원 관광특구,POI004,KEY_1,854.HID 유족동지회 앞,ST-2178,0,0,10,127.0014801,37.53850937
2026-06-26T05:50:33.872137+09:00,이태원 관광특구,이태원 관광특구,POI004,KEY_1,857. 현대 안성타워,ST-2181,0,0,10,126.99797058,37.53508759
2026-06-26T05:50:33.872137+09:00,이태원 관광특구,이태원 관광특구,POI004,KEY_1,843. 이태원관광특구 입구(용산구청방향),ST-1445,0,0,19,126.98867035,37.53379822
2026-06-26T05:50:33.872137+09:00,이태원 관광특구,이태원 관광특구,POI004,KEY_1,4613. 서울갤러리아 앞,ST-2445,20,1,5,126.99937439,37.53597641
2026-06-26T05:50:33.872137+09:00,이태원 관광특구,이태원 관광특구,POI004,KEY_1,4612. 이태원로 255,ST-2444,0,0,5,127.00084686,37.53749847
2026-06-26T05:50:33.872137+09:00,이태원 관광특구,이태원 관광특구,POI004,KEY_1,4623. 라인프랜즈이태원점 앞,ST-2453,0,0,10,126.99619293,37.53453064
2026-06-26T05:50:33.872137+09:00,이태원 관광특구,이태원 관광특구,POI004,KEY_1,4634. 이태원역 3번 출구,ST-3056,0,0,5,126.99497223,37.5343895
2026-06-26T05:50:33.872137+09:00,잠실 관광특구,잠실 관광특구,POI005,KEY_2,1210. 롯데월드타워(잠실역2번출구 쪽),ST-891,7,2,30,127.10095978,37.51312637
2026-06-26T05:50:33.872137+09:00,잠실 관광특구,잠실 관광특구,POI005,KEY_2,1297. 석촌호수교차로(동호 팔각정 앞),ST-1586,0,0,15,127.10411835,37.50920105
2026-06-26T05:50:33.872137+09:00,잠실 관광특구,잠실 관광특구,POI005,KEY_2,1296. 석촌호수교차로 (송파나루근린공원 앞),ST-1585,0,0,10,127.1034317,37.50867844
2026-06-26T05:50:33.872137+09:00,잠실 관광특구,잠실 관광특구,POI005,KEY_2,1233. 잠실3거리(갤러리아팰리스),ST-551,44,4,9,127.09336853,37.51050949
2026-06-26T05:50:33.872137+09:00,잠실 관광특구,잠실 관광특구,POI005,KEY_2,1268. 몽촌토성역 1번출구 옆,ST-1087,53,8,15,127.11419678,37.51728821
2026-06-26T05:50:33.872137+09:00,잠실 관광특구,잠실 관광특구,POI005,KEY_2,1232. 잠실주공 521동 건너편,ST-550,80,8,10,127.09568787,37.51184082
2026-06-26T05:50:33.872137+09:00,잠실 관광특구,잠실 관광특구,POI005,KEY_2,1267. 올림픽공원 남2문 앞,ST-1086,7,1,14,127.12306976,37.51424026
2026-06-26T05:50:33.872137+09:00,잠실 관광특구,잠실 관광특구,POI005,KEY_2,2601. 석촌호수 아뜰리에,ST-1590,75,12,16,127.09883118,37.5067482
2026-06-26T05:50:33.872137+09:00,잠실 관광특구,잠실 관광특구,POI005,KEY_2,2608. 송파구청,ST-1681,20,2,10,127.10611725,37.51499176
2026-06-26T05:50:33.872137+09:00,잠실 관광특구,잠실 관광특구,POI005,KEY_2,2621. 한성백제역 2번 출구,ST-1719,40,6,15,127.11625671,37.51665878
2026-06-26T05:50:33.872137+09:00,잠실 관광특구,잠실 관광특구,POI005,KEY_2,2622. 올림픽공원역 3번출구,ST-1720,5,1,20,127.13059235,37.51625824
2026-06-26T05:50:33.872137+09:00,잠실 관광특구,잠실 관광특구,POI005,KEY_2,2647.잠실 자전거 수리센터 앞,ST-1868,57,4,7,127.10114288,37.51100922
2026-06-26T05:50:33.872137+09:00,잠실 관광특구,잠실 관광특구,POI005,KEY_2,4865. 한성백제역 1번출구 뒤,ST-2797,340,17,5,127.1149826,37.51647949
2026-06-26T05:50:33.872137+09:00,잠실 관광특구,잠실 관광특구,POI005,KEY_2,5751. 송파여성축구장,ST-3069,0,0,10,127.11743927,37.52471542
2026-06-26T05:50:33.872137+09:00,잠실 관광특구,잠실 관광특구,POI005,KEY_2,4870. 몽촌토성역 3번 출구,ST-2876,160,16,10,127.11232758,37.5170784
2026-06-26T05:50:33.872137+09:00,잠실 관광특구,잠실 관광특구,POI005,KEY_2,4857. 올림픽공원 장미광장,ST-2621,0,0,15,127.126297,37.51275635
2026-06-26T05:50:33.872137+09:00,잠실 관광특구,잠실 관광특구,POI005,KEY_2,5781. 올림픽공원 수영장,ST-3300,200,28,14,127.12688446,37.52157211
2026-06-26T05:50:33.872137+09:00,잠실 관광특구,잠실 관광특구,POI005,KEY_2,5768.방이삼거리,ST-3214,17,2,12,127.10822296,37.51237488
2026-06-26T05:50:33.872137+09:00,잠실 관광특구,잠실 관광특구,POI005,KEY_2,4862. 성내교 남단,ST-2756,80,8,10,127.11588287,37.52301788
2026-06-26T05:50:33.872137+09:00,잠실 관광특구,잠실 관광특구,POI005,KEY_2,4868. 석촌호수 서호 남단,ST-2833,90,9,10,127.10124207,37.50717163
2026-06-26T05:50:33.872137+09:00,잠실 관광특구,잠실 관광특구,POI005,KEY_2,4464. 올림픽공원 북2문 A,ST-2580,67,10,15,127.12804413,37.52357483
2026-06-26T05:50:33.872137+09:00,잠실 관광특구,잠실 관광특구,POI005,KEY_2,4481. 올림픽공원 북2문 B,ST-2592,108,27,25,127.12751007,37.52397537
2026-06-26T05:50:33.872137+09:00,잠실 관광특구,잠실 관광특구,POI005,KEY_2,4856. 올림픽공원 서1문 앞,ST-2608,60,6,10,127.11457062,37.5202179
2026-06-26T05:50:33.872137+09:00,종로·청계 관광특구,종로·청계 관광특구,POI006,KEY_3,397. 종묘공영주차장 건너편,ST-1432,23,3,13,126.99663544,37.57048035
2026-06-26T05:50:33.872137+09:00,종로·청계 관광특구,종로·청계 관광특구,POI006,KEY_3,455. 종로6가역 버스정류장(동대문 방향),ST-1608,38,3,8,127.00605774,37.570961
2026-06-26T05:50:33.872137+09:00,종로·청계 관광특구,종로·청계 관광특구,POI006,KEY_3,458. 광화문역 5번출구,ST-1611,14,3,21,126.97756958,37.56989288
2026-06-26T05:50:33.872137+09:00,종로·청계 관광특구,종로·청계 관광특구,POI006,KEY_3,368. SK 서린빌딩 앞,ST-181,0,0,15,126.98053741,37.5692482
2026-06-26T05:50:33.872137+09:00,종로·청계 관광특구,종로·청계 관광특구,POI006,KEY_3,385. 종각역 5번출구,ST-336,0,0,10,126.98265839,37.56983566
2026-06-26T05:50:33.872137+09:00,종로·청계 관광특구,종로·청계 관광특구,POI006,KEY_3,335. 종로3가역 15번출구 뒤,ST-151,90,9,10,126.99165344,37.57019424
2026-06-26T05:50:33.872137+09:00,종로·청계 관광특구,종로·청계 관광특구,POI006,KEY_3,329. 청계2가 사거리 옆,ST-145,0,0,8,126.98788452,37.56848526
2026-06-26T05:50:33.872137+09:00,종로·청계 관광특구,종로·청계 관광특구,POI006,KEY_3,393. 동대문역 8번 출구,ST-1372,33,4,12,127.00937653,37.57014084
2026-06-26T05:50:33.872137+09:00,종로·청계 관광특구,종로·청계 관광특구,POI006,KEY_3,3412.세운상가,ST-1809,7,1,15,126.99454498,37.5703125
2026-06-26T05:50:33.872137+09:00,종로·청계 관광특구,종로·청계 관광특구,POI006,KEY_3,3432.종로2가 사거리,ST-1829,57,8,14,126.98880768,37.57001877
2026-06-26T05:50:33.872137+09:00,종로·청계 관광특구,종로·청계 관광특구,POI006,KEY_3,3415.동대문역6번출구,ST-1812,100,15,15,127.0107193,37.57147217
2026-06-26T05:50:33.872137+09:00,종로·청계 관광특구,종로·청계 관광특구,POI006,KEY_3,4707. 청계3가 사거리,ST-2513,20,1,5,126.99211884,37.56855774
2026-06-26T05:50:33.872137+09:00,홍대 관광특구,홍대 관광특구,POI007,KEY_4,493.홍대입구역 6번출구,ST-2152,0,0,7,126.9288559,37.55657578
2026-06-26T05:50:33.872137+09:00,홍대 관광특구,홍대 관광특구,POI007,KEY_4,114. 홍대입구역 8번출구 앞,ST-20,13,2,15,126.92442322,37.55706024
2026-06-26T05:50:33.872137+09:00,홍대 관광특구,홍대 관광특구,POI007,KEY_4,104. 합정역 1번출구 앞,ST-6,0,0,13,126.91508484,37.55073929
2026-06-26T05:50:33.872137+09:00,홍대 관광특구,홍대 관광특구,POI007,KEY_4,113. 홍대입구역 2번출구 앞,ST-18,11,3,28,126.9238205,37.5574379
2026-06-26T05:50:33.872137+09:00,홍대 관광특구,홍대 관광특구,POI007,KEY_4,108. 서교동 사거리,ST-10,0,0,12,126.91861725,37.55274582
2026-06-26T05:50:33.872137+09:00,홍대 관광특구,홍대 관광특구,POI007,KEY_4,3009. 홍대입구역 사거리,ST-2167,0,0,20,126.92023468,37.55450058
2026-06-26T05:50:33.872137+09:00,홍대 관광특구,홍대 관광특구,POI007,KEY_4,3010.홍대입구역 3번출구,ST-2168,13,2,15,126.92538452,37.5582962
2026-06-26T05:50:33.872137+09:00,홍대 관광특구,홍대 관광특구,POI007,KEY_4,4211. 시석빌딩 앞,ST-2534,0,0,8,126.91671753,37.54836655
2026-06-26T05:50:33.872137+09:00,홍대 관광특구,홍대 관광특구,POI007,KEY_4,4208. 스타벅스(동교동) 앞,ST-2532,10,1,10,126.91986847,37.5566597
2026-06-26T05:50:33.872137+09:00,국립중앙박물관·용산가족공원,국립중앙박물관·용산가족공원,POI089,KEY_1,863.이촌역2번 출구,ST-2187,140,14,10,126.977005,37.52177048
2026-06-26T05:50:33.872137+09:00,국립중앙박물관·용산가족공원,국립중앙박물관·용산가족공원,POI089,KEY_1,855.이촌역5번출구 앞,ST-2179,40,4,10,126.97277069,37.52272415
2026-06-26T05:50:33.872137+09:00,남산공원,남산공원,POI091,KEY_3,859.남산공원 야외식물원 앞,ST-2183,10,1,10,126.99586487,37.54188538
2026-06-26T05:50:33.872137+09:00,남산공원,남산공원,POI091,KEY_3,371. 동대입구역 6번출구 뒤,ST-186,20,2,10,127.00553894,37.55887222
2026-06-26T05:50:33.872137+09:00,남산공원,남산공원,POI091,KEY_3,381. 장충체육관,ST-196,30,3,10,127.00698853,37.55853271
2026-06-26T05:50:33.872137+09:00,남산공원,남산공원,POI091,KEY_3,4621. 남산도서관 앞,ST-3054,0,0,12,126.98201752,37.55240631
2026-06-26T05:50:33.872137+09:00,노들섬,노들섬,POI092,KEY_4,869.노들섬 동측 앞,ST-2239,0,0,10,126.95914459,37.51729584
2026-06-26T05:50:33.872137+09:00,노들섬,노들섬,POI092,KEY_4,870.노들섬 서측 앞,ST-2240,10,1,10,126.95829773,37.51731873
2026-06-26T05:50:33.872137+09:00,망원한강공원,망원한강공원,POI094,KEY_2,105. 합정역 5번출구 앞,ST-7,20,1,5,126.91482544,37.55000687
2026-06-26T05:50:33.872137+09:00,망원한강공원,망원한강공원,POI094,KEY_2,5515.한강버스 망원 선착장,ST-3388,23,7,30,126.89590454,37.55466461
2026-06-26T05:50:33.872137+09:00,망원한강공원,망원한강공원,POI094,KEY_2,4217. 한강공원 망원나들목,ST-2905,150,30,20,126.89688873,37.55557632
2026-06-26T05:50:33.872137+09:00,보라매공원,보라매공원,POI123,KEY_4,4181. 보라매공원역 2번출구,ST-3117,17,1,6,126.91781616,37.49582291
2026-06-26T05:50:33.872137+09:00,보라매공원,보라매공원,POI123,KEY_4,4179. 보라매병원역 1번출구,ST-3105,5,1,20,126.92362976,37.49304199
2026-06-26T05:50:33.872137+09:00,북서울꿈의숲,북서울꿈의숲,POI096,KEY_1,1571.북서울 꿈의 숲 입구,ST-2401,30,3,10,127.03864288,37.62657166
2026-06-26T05:50:33.872137+09:00,북서울꿈의숲,북서울꿈의숲,POI096,KEY_1,3718. 번동3단지 버스정류장,ST-2610,173,19,11,127.04390717,37.628685
2026-06-26T05:50:33.872137+09:00,북서울꿈의숲,북서울꿈의숲,POI096,KEY_1,1548. 북서울 꿈의숲 서문,ST-1725,93,14,15,127.03781128,37.62268829
2026-06-26T05:50:33.872137+09:00,서대문독립공원,서대문독립공원,POI124,KEY_2,367. 독립문역 3-1번출구,ST-180,215,28,13,126.95851898,37.57415771
2026-06-26T05:50:33.872137+09:00,서대문독립공원,서대문독립공원,POI124,KEY_2,3426.독립문역 2번출구 뒤,ST-1823,220,22,10,126.95755005,37.57501602
2026-06-26T05:50:33.872137+09:00,서대문독립공원,서대문독립공원,POI124,KEY_2,3113. 독립문 앞,ST-2199,67,10,15,126.95974731,37.57220459
2026-06-26T05:50:33.872137+09:00,서대문독립공원,서대문독립공원,POI124,KEY_2,3427.인왕산 아이파크 정문,ST-1824,200,16,8,126.95584869,37.57666779
2026-06-26T05:50:33.872137+09:00,서리풀공원·몽마르뜨공원,서리풀공원·몽마르뜨공원,POI098,KEY_3,4316. 고속터미널역 3번출구,ST-2667,20,5,25,127.0059433,37.50365829
2026-06-26T05:50:33.872137+09:00,서리풀공원·몽마르뜨공원,서리풀공원·몽마르뜨공원,POI098,KEY_3,4312. 반포미도2차아파트 옆,ST-2663,10,1,10,127.00653076,37.50320435
2026-06-26T05:50:33.872137+09:00,서리풀공원·몽마르뜨공원,서리풀공원·몽마르뜨공원,POI098,KEY_3,4327. 몽마르뜨공원입구,ST-3009,0,0,11,127.0026474,37.4928894
2026-06-26T05:50:33.872137+09:00,서울숲공원,서울숲공원,POI101,KEY_1,510. 뚝도아리수정수센터 버스정류소 옆,ST-107,73,11,15,127.04380035,37.54122162
2026-06-26T05:50:33.872137+09:00,서울숲공원,서울숲공원,POI101,KEY_1,3552.서울숲 공영주차장앞,ST-2334,21,4,19,127.04277039,37.54195786
2026-06-26T05:50:33.872137+09:00,서울숲공원,서울숲공원,POI101,KEY_1,4401.뚝섬유수지 공영주차장,ST-3393,80,8,10,127.042099,37.55018234
2026-06-26T05:50:33.872137+09:00,송현녹지광장,송현녹지광장,POI129,KEY_2,354. 포르투갈 대사관 앞,ST-170,20,2,10,126.98896027,37.57915497
2026-06-26T05:50:33.872137+09:00,송현녹지광장,송현녹지광장,POI129,KEY_2,353. 재동초교 앞 삼거리,ST-169,113,9,8,126.9849472,37.57938766
2026-06-26T05:50:33.872137+09:00,송현녹지광장,송현녹지광장,POI129,KEY_2,314. 국립현대미술관,ST-130,30,3,10,126.98085785,37.5797081
2026-06-26T05:50:33.872137+09:00,송현녹지광장,송현녹지광장,POI129,KEY_2,3407.안국동사거리(신),ST-1804,0,0,18,126.98339081,37.57580566
2026-06-26T05:50:33.872137+09:00,송현녹지광장,송현녹지광장,POI129,KEY_2,4719. 종로문화원 건너편,ST-3090,27,4,15,126.9805069,37.57571411
2026-06-26T05:50:33.872137+09:00,송현녹지광장,송현녹지광장,POI129,KEY_2,4705. 웰니스센터(민방위교육장 앞),ST-2565,17,1,6,126.98912811,37.57752991
2026-06-26T05:50:33.872137+09:00,어린이대공원,어린이대공원,POI104,KEY_2,573. 구의문주차장 앞,ST-384,170,17,10,127.08473206,37.54523087
2026-06-26T05:50:33.872137+09:00,어린이대공원,어린이대공원,POI104,KEY_2,574. 아차산역4번출구,ST-385,132,29,22,127.08898163,37.55184937
2026-06-26T05:50:33.872137+09:00,어린이대공원,어린이대공원,POI104,KEY_2,500. 어린이대공원역 3번출구 앞,ST-97,20,1,5,127.07466888,37.54697037
2026-06-26T05:50:33.872137+09:00,어린이대공원,어린이대공원,POI104,KEY_2,3573.광나루안전체험관,ST-2312,27,4,15,127.07671356,37.5513382
2026-06-26T05:50:33.872137+09:00,어린이대공원,어린이대공원,POI104,KEY_2,3853. 어린이대공원역 2번출구,ST-2541,11,2,18,127.07470703,37.54764938
2026-06-26T05:50:33.872137+09:00,어린이대공원,어린이대공원,POI104,KEY_2,3507. 어린이회관,ST-1192,81,25,31,127.07800293,37.54595184
2026-06-26T05:50:33.872137+09:00,어린이대공원,어린이대공원,POI104,KEY_2,3529. 어린이대공원정문,ST-1603,53,8,15,127.07592773,37.54978943
2026-06-26T05:50:33.872137+09:00,어린이대공원,어린이대공원,POI104,KEY_2,3860. 건국대학교 정문 앞,ST-2542,60,6,10,127.07571411,37.5465126
2026-06-26T05:50:33.872137+09:00,여의도한강공원,여의도한강공원,POI105,KEY_3,249. 여의도중학교 옆,ST-297,19,3,16,126.93580627,37.52457809
2026-06-26T05:50:33.872137+09:00,여의도한강공원,여의도한강공원,POI105,KEY_3,260. 여의도 마리나선착장 앞,ST-414,40,6,15,126.91216278,37.53365707
2026-06-26T05:50:33.872137+09:00,여의도한강공원,여의도한강공원,POI105,KEY_3,5891.한강버스 여의도 선착장,ST-3402,253,76,30,126.93422699,37.52816391
2026-06-26T05:50:33.872137+09:00,여의도한강공원,여의도한강공원,POI105,KEY_3,5890.여의나루역 3번출구,ST-3401,9,1,11,126.93336487,37.52645493
2026-06-26T05:50:33.872137+09:00,여의서로,여의서로,POI126,KEY_4,298.KBS 연구동 건너편,ST-1970,0,0,25,126.91374207,37.52724838
2026-06-26T05:50:33.872137+09:00,여의서로,여의서로,POI126,KEY_4,297.국회3문,ST-1969,0,0,10,126.91267395,37.52863693
2026-06-26T05:50:33.872137+09:00,여의서로,여의서로,POI126,KEY_4,260. 여의도 마리나선착장 앞,ST-414,40,6,15,126.91216278,37.53365707
2026-06-26T05:50:33.872137+09:00,올림픽공원,올림픽공원,POI127,KEY_1,1268. 몽촌토성역 1번출구 옆,ST-1087,53,8,15,127.11419678,37.51728821
2026-06-26T05:50:33.872137+09:00,올림픽공원,올림픽공원,POI127,KEY_1,1267. 올림픽공원 남2문 앞,ST-1086,7,1,14,127.12306976,37.51424026
2026-06-26T05:50:33.872137+09:00,올림픽공원,올림픽공원,POI127,KEY_1,2621. 한성백제역 2번 출구,ST-1719,33,5,15,127.11625671,37.51665878
2026-06-26T05:50:33.872137+09:00,올림픽공원,올림픽공원,POI127,KEY_1,2622. 올림픽공원역 3번출구,ST-1720,5,1,20,127.13059235,37.51625824
2026-06-26T05:50:33.872137+09:00,올림픽공원,올림픽공원,POI127,KEY_1,4865. 한성백제역 1번출구 뒤,ST-2797,340,17,5,127.1149826,37.51647949
2026-06-26T05:50:33.872137+09:00,올림픽공원,올림픽공원,POI127,KEY_1,5751. 송파여성축구장,ST-3069,0,0,10,127.11743927,37.52471542
2026-06-26T05:50:33.872137+09:00,올림픽공원,올림픽공원,POI127,KEY_1,4862. 성내교 남단,ST-2756,90,9,10,127.11588287,37.52301788
2026-06-26T05:50:33.872137+09:00,올림픽공원,올림픽공원,POI127,KEY_1,4857. 올림픽공원 장미광장,ST-2621,0,0,15,127.126297,37.51275635
2026-06-26T05:50:33.872137+09:00,올림픽공원,올림픽공원,POI127,KEY_1,5781. 올림픽공원 수영장,ST-3300,200,28,14,127.12688446,37.52157211
2026-06-26T05:50:33.872137+09:00,올림픽공원,올림픽공원,POI127,KEY_1,4464. 올림픽공원 북2문 A,ST-2580,67,10,15,127.12804413,37.52357483
2026-06-26T05:50:33.872137+09:00,올림픽공원,올림픽공원,POI127,KEY_1,4481. 올림픽공원 북2문 B,ST-2592,108,27,25,127.12751007,37.52397537
2026-06-26T05:50:33.872137+09:00,올림픽공원,올림픽공원,POI127,KEY_1,4856. 올림픽공원 서1문 앞,ST-2608,60,6,10,127.11457062,37.5202179
2026-06-26T05:50:33.872137+09:00,월드컵공원,월드컵공원,POI106,KEY_2,413. 상암월드컵파크 3단지 후문,ST-92,120,12,10,126.88968658,37.57147598
2026-06-26T05:50:33.872137+09:00,월드컵공원,월드컵공원,POI106,KEY_2,199. 서울 월드컵 경기장,ST-443,13,4,30,126.89644623,37.56684494
2026-06-26T05:50:33.872137+09:00,월드컵공원,월드컵공원,POI106,KEY_2,419. 홈플러스 마포점 앞,ST-87,24,5,21,126.89942932,37.56842041
2026-06-26T05:50:33.872137+09:00,월드컵공원,월드컵공원,POI106,KEY_2,420. 서울시 공공자전거 상암센터,ST-85,97,36,37,126.8961792,37.56624603
2026-06-26T05:50:33.872137+09:00,월드컵공원,월드컵공원,POI106,KEY_2,418. 월드컵경기장역 3번출구 옆,ST-89,20,4,20,126.8992691,37.57277679
2026-06-26T05:50:33.872137+09:00,월드컵공원,월드컵공원,POI106,KEY_2,186. 월드컵공원,ST-344,60,24,40,126.89820862,37.56396484
2026-06-26T05:50:33.872137+09:00,월드컵공원,월드컵공원,POI106,KEY_2,440. 하늘공원 입구,ST-1754,73,11,15,126.88134766,37.57012177
2026-06-26T05:50:33.872137+09:00,월드컵공원,월드컵공원,POI106,KEY_2,3008.DMC역7번출구,ST-2166,30,3,10,126.89836121,37.57711411
2026-06-26T05:50:33.872137+09:00,응봉산,응봉산,POI107,KEY_3,569. 응봉현대아파트 정류소,ST-370,0,0,10,127.03024292,37.54958344
2026-06-26T05:50:33.872137+09:00,응봉산,응봉산,POI107,KEY_3,3511. 응봉역 1번출구,ST-1195,300,30,10,127.0351944,37.55130386
2026-06-26T05:50:33.872137+09:00,응봉산,응봉산,POI107,KEY_3,3525. 금호스포츠센터앞,ST-1599,193,29,15,127.02507019,37.54608917
2026-06-26T05:50:33.872137+09:00,청계산,청계산,POI112,KEY_4,2203. 청계산입구역 2번출구,ST-925,10,1,10,127.05501556,37.44765854
2026-06-26T05:50:33.872137+09:00,청계산,청계산,POI112,KEY_4,4338.새정이마을버스정류장 앞,ST-3216,80,4,5,127.06594849,37.43474579
2026-06-26T05:50:33.872137+09:00,가락시장,가락시장,POI058,KEY_2,2659.서울친환경유통센터,ST-2410,10,1,10,127.10492706,37.49420929
2026-06-26T05:50:33.872137+09:00,가락시장,가락시장,POI058,KEY_2,2658.가락몰 업무동,ST-2409,80,8,10,127.11569214,37.49535751
2026-06-26T05:50:33.872137+09:00,가락시장,가락시장,POI058,KEY_2,4480. 가락시장 남1문 사거리,ST-2591,40,6,15,127.11745453,37.49201584
2026-06-26T05:50:33.872137+09:00,가락시장,가락시장,POI058,KEY_2,4854. 가락시장역 2번 출구,ST-2606,10,1,10,127.11798859,37.492733
2026-06-26T05:50:33.872137+09:00,가로수길,가로수길,POI059,KEY_3,3606. 신사동주민센터 옆,ST-2673,30,3,10,127.02285004,37.52422714
2026-06-26T05:50:33.872137+09:00,가로수길,가로수길,POI059,KEY_3,2362. 신사동 가로수길 입구,ST-1171,50,5,10,127.02245331,37.51763535
2026-06-26T05:50:33.872137+09:00,가로수길,가로수길,POI059,KEY_3,4907. 극동스포츠 앞,ST-3078,280,14,5,127.02588654,37.5257225
2026-06-26T05:50:33.872137+09:00,가로수길,가로수길,POI059,KEY_3,4903. 신사스퀘어,ST-3066,10,1,10,127.0189743,37.51916885
2026-06-26T05:50:33.872137+09:00,김포공항,김포공항,POI061,KEY_1,3776. 김포공항사거리,ST-2484,160,16,10,126.80518341,37.5675354
2026-06-26T05:50:33.872137+09:00,김포공항,김포공항,POI061,KEY_1,5072. 김포공항입구 교통섬,ST-2947,120,12,10,126.80708313,37.56154633
2026-06-26T05:50:33.872137+09:00,남대문시장,남대문시장,POI115,KEY_2,470.회현역 7번출구,ST-1776,23,3,13,126.98000336,37.55974579
2026-06-26T05:50:33.872137+09:00,남대문시장,남대문시장,POI115,KEY_2,324. 신세계백화점 본점 앞,ST-140,25,2,8,126.9805069,37.56134415
2026-06-26T05:50:33.872137+09:00,남대문시장,남대문시장,POI115,KEY_2,4776. 신세계면세점,ST-2522,30,3,10,126.98139191,37.56027603
2026-06-26T05:50:33.872137+09:00,노량진,노량진,POI063,KEY_3,2003. 사육신공원앞,ST-877,180,18,10,126.94805908,37.51335907
2026-06-26T05:50:33.872137+09:00,노량진,노량진,POI063,KEY_3,2002. 노들역 1번출구,ST-683,359,61,17,126.95246887,37.51284409
2026-06-26T05:50:33.872137+09:00,노량진,노량진,POI063,KEY_3,2070. 노량진역 2번 출구 앞,ST-1545,122,22,18,126.94306946,37.51391983
2026-06-26T05:50:33.872137+09:00,노량진,노량진,POI063,KEY_3,2058. 동작경찰서,ST-1150,107,15,14,126.94352722,37.5135231
2026-06-26T05:50:33.872137+09:00,노량진,노량진,POI063,KEY_3,2050. 노량진역 5번출구,ST-699,147,22,15,126.93997192,37.51324844
2026-06-26T05:50:33.872137+09:00,덕수궁길·정동길,덕수궁길·정동길,POI064,KEY_4,391. 시립미술관,ST-977,88,7,8,126.97340393,37.56505203
2026-06-26T05:50:33.872137+09:00,덕수궁길·정동길,덕수궁길·정동길,POI064,KEY_4,300. 정동사거리,ST-116,33,2,6,126.96923065,37.56805038
2026-06-26T05:50:33.872137+09:00,덕수궁길·정동길,덕수궁길·정동길,POI064,KEY_4,4715. 돈의문 박물관 마을,ST-2923,7,1,15,126.96955109,37.56883621
2026-06-26T05:50:33.872137+09:00,덕수궁길·정동길,덕수궁길·정동길,POI064,KEY_4,6058. 시청역 2번출구,ST-3297,93,14,15,126.97702026,37.56557846
2026-06-26T05:50:33.872137+09:00,북촌한옥마을,북촌한옥마을,POI066,KEY_2,464. 삼청동 골목,ST-1756,30,3,10,126.98169708,37.58419037
2026-06-26T05:50:33.872137+09:00,북촌한옥마을,북촌한옥마을,POI066,KEY_2,352. 중앙고입구 삼거리,ST-168,10,1,10,126.98523712,37.58341599
2026-06-26T05:50:33.872137+09:00,북촌한옥마을,북촌한옥마을,POI066,KEY_2,354. 포르투갈 대사관 앞,ST-170,20,2,10,126.98896027,37.57915497
2026-06-26T05:50:33.872137+09:00,북촌한옥마을,북촌한옥마을,POI066,KEY_2,353. 재동초교 앞 삼거리,ST-169,113,9,8,126.9849472,37.57938766
2026-06-26T05:50:33.872137+09:00,북촌한옥마을,북촌한옥마을,POI066,KEY_2,465. 삼청공원 앞,ST-1759,160,8,5,126.9835968,37.58760452
2026-06-26T05:50:33.872137+09:00,북촌한옥마을,북촌한옥마을,POI066,KEY_2,314. 국립현대미술관,ST-130,30,3,10,126.98085785,37.5797081
2026-06-26T05:50:33.872137+09:00,북촌한옥마을,북촌한옥마을,POI066,KEY_2,451. 청와대앞길,ST-979,25,2,8,126.97966766,37.58351517
2026-06-26T05:50:33.872137+09:00,북촌한옥마을,북촌한옥마을,POI066,KEY_2,3407.안국동사거리(신),ST-1804,0,0,18,126.98339081,37.57580566
2026-06-26T05:50:33.872137+09:00,북촌한옥마을,북촌한옥마을,POI066,KEY_2,4719. 종로문화원 건너편,ST-3090,27,4,15,126.9805069,37.57571411
2026-06-26T05:50:33.872137+09:00,북촌한옥마을,북촌한옥마을,POI066,KEY_2,4705. 웰니스센터(민방위교육장 앞),ST-2565,17,1,6,126.98912811,37.57752991
2026-06-26T05:50:33.872137+09:00,서촌,서촌,POI067,KEY_3,450. 효자동 삼거리,ST-978,22,11,51,126.97254944,37.58360291
2026-06-26T05:50:33.872137+09:00,서촌,서촌,POI067,KEY_3,349. 어린이도서관,ST-165,40,2,5,126.96858978,37.57633209
2026-06-26T05:50:33.872137+09:00,서촌,서촌,POI067,KEY_3,4710. 자교교회 앞,ST-2473,38,3,8,126.97123718,37.58114624
2026-06-26T05:50:33.872137+09:00,서촌,서촌,POI067,KEY_3,4721. 통인시장 정자,ST-3354,313,25,8,126.96878815,37.58055878
2026-06-26T05:50:33.872137+09:00,성수카페거리,성수카페거리,POI068,KEY_4,513. 뚝섬역 5번 출구 정류소 옆,ST-111,0,0,13,127.04980469,37.54630661
2026-06-26T05:50:33.872137+09:00,성수카페거리,성수카페거리,POI068,KEY_4,587. 유니베라 앞,ST-482,0,0,10,127.05264282,37.54541779
2026-06-26T05:50:33.872137+09:00,성수카페거리,성수카페거리,POI068,KEY_4,514. 성수사거리 버스정류장 앞,ST-112,8,1,12,127.06330872,37.54257965
2026-06-26T05:50:33.872137+09:00,성수카페거리,성수카페거리,POI068,KEY_4,3548.뚝섬역 6번출구,ST-2330,10,1,10,127.04766846,37.54695892
2026-06-26T05:50:33.872137+09:00,성수카페거리,성수카페거리,POI068,KEY_4,4398. 유원지식산업센터 앞,ST-3325,6,1,16,127.05593109,37.54436493
2026-06-26T05:50:33.872137+09:00,성수카페거리,성수카페거리,POI068,KEY_4,4399. 더리브 세종타워 앞,ST-3326,0,0,7,127.0580368,37.54378128
2026-06-26T05:50:33.872137+09:00,성수카페거리,성수카페거리,POI068,KEY_4,4387. 성수역 1번출구 주변,ST-3121,0,0,8,127.05336761,37.54555893
2026-06-26T05:50:33.872137+09:00,성수카페거리,성수카페거리,POI068,KEY_4,4377. 우영테크노센터 앞,ST-3003,0,0,8,127.05971527,37.54332352
2026-06-26T05:50:33.872137+09:00,송리단길·호수단길,송리단길·호수단길,POI121,KEY_1,2639.석촌역 8번출구,ST-1866,22,4,18,127.10657501,37.50550461
2026-06-26T05:50:33.872137+09:00,송리단길·호수단길,송리단길·호수단길,POI121,KEY_1,4868. 석촌호수 서호 남단,ST-2833,90,9,10,127.10124207,37.50717163
2026-06-26T05:50:33.872137+09:00,신촌 스타광장,신촌 스타광장,POI122,KEY_2,128. 신촌역(2호선) 1번출구 옆,ST-30,21,4,19,126.93634033,37.55549622
2026-06-26T05:50:33.872137+09:00,신촌 스타광장,신촌 스타광장,POI122,KEY_2,3116.신촌역 4번출구,ST-2201,20,2,10,126.93720245,37.55550385
2026-06-26T05:50:33.872137+09:00,압구정로데오거리,압구정로데오거리,POI071,KEY_3,2365. K+ 타워 앞,ST-1174,13,2,15,127.03847504,37.52330017
2026-06-26T05:50:33.872137+09:00,압구정로데오거리,압구정로데오거리,POI071,KEY_3,2310. 청담동 맥도날드 옆(위치),ST-794,40,4,10,127.04017639,37.52361298
2026-06-26T05:50:33.872137+09:00,여의도,여의도,POI072,KEY_4,226. 샛강역 1번출구 앞,ST-72,0,0,19,126.92841339,37.51776505
2026-06-26T05:50:33.872137+09:00,여의도,여의도,POI072,KEY_4,203. 국회의사당역 3번출구 옆,ST-51,0,0,15,126.91870117,37.5280571
2026-06-26T05:50:33.872137+09:00,여의도,여의도,POI072,KEY_4,200. 국회의원회관,ST-45,9,2,22,126.91391754,37.52841568
2026-06-26T05:50:33.872137+09:00,여의도,여의도,POI072,KEY_4,204. 국회의사당역 5번출구 옆,ST-50,0,0,13,126.91702271,37.52816391
2026-06-26T05:50:33.872137+09:00,여의도,여의도,POI072,KEY_4,224. 롯데캐슬 앞,ST-70,5,1,20,126.93236542,37.5200882
2026-06-26T05:50:33.872137+09:00,여의도,여의도,POI072,KEY_4,207. 여의나루역 1번출구 앞,ST-73,2,1,46,126.93190002,37.52715683
2026-06-26T05:50:33.872137+09:00,여의도,여의도,POI072,KEY_4,223. 진주아파트상가 앞,ST-69,10,2,20,126.9333725,37.51913071
2026-06-26T05:50:33.872137+09:00,여의도,여의도,POI072,KEY_4,202. 국민일보 앞,ST-47,13,4,30,126.92453003,37.52881622
2026-06-26T05:50:33.872137+09:00,여의도,여의도,POI072,KEY_4,222. 시범아파트버스정류장 옆,ST-68,92,11,12,126.93688965,37.51902008
2026-06-26T05:50:33.872137+09:00,여의도,여의도,POI072,KEY_4,214. 금융감독원 앞,ST-60,0,0,21,126.9208374,37.5230217
2026-06-26T05:50:33.872137+09:00,여의도,여의도,POI072,KEY_4,299.여의도 순복음교회,ST-1971,10,1,10,126.92245483,37.53179169
2026-06-26T05:50:33.872137+09:00,여의도,여의도,POI072,KEY_4,205. 산업은행 앞,ST-52,0,0,20,126.92050934,37.52626419
2026-06-26T05:50:33.872137+09:00,여의도,여의도,POI072,KEY_4,298.KBS 연구동 건너편,ST-1970,0,0,25,126.91374207,37.52724838
2026-06-26T05:50:33.872137+09:00,여의도,여의도,POI072,KEY_4,225. 앙카라공원 앞,ST-71,8,2,26,126.92961884,37.51758575
2026-06-26T05:50:33.872137+09:00,여의도,여의도,POI072,KEY_4,249. 여의도중학교 옆,ST-297,19,3,16,126.93580627,37.52457809
2026-06-26T05:50:33.872137+09:00,여의도,여의도,POI072,KEY_4,209. 유진투자증권빌딩 앞,ST-55,14,3,22,126.92783356,37.52461243
2026-06-26T05:50:33.872137+09:00,여의도,여의도,POI072,KEY_4,213. KT앞,ST-59,21,4,19,126.91895294,37.52190781
2026-06-26T05:50:33.872137+09:00,여의도,여의도,POI072,KEY_4,297.국회3문,ST-1969,0,0,10,126.91267395,37.52863693
2026-06-26T05:50:33.872137+09:00,여의도,여의도,POI072,KEY_4,260. 여의도 마리나선착장 앞,ST-414,40,6,15,126.91216278,37.53365707
2026-06-26T05:50:33.872137+09:00,여의도,여의도,POI072,KEY_4,270. 증권거래소후문교차로,ST-424,10,1,10,126.92710114,37.52234268
2026-06-26T05:50:33.872137+09:00,여의도,여의도,POI072,KEY_4,248. 초원아파트 앞,ST-296,50,5,10,126.92420959,37.53105545
2026-06-26T05:50:33.872137+09:00,여의도,여의도,POI072,KEY_4,219. 롯데캐슬엠파이어 옆,ST-62,25,3,12,126.92583466,37.52069473
2026-06-26T05:50:33.872137+09:00,여의도,여의도,POI072,KEY_4,220. 미성아파트 A동 앞,ST-63,3,1,30,126.92604828,37.5193634
2026-06-26T05:50:33.872137+09:00,여의도,여의도,POI072,KEY_4,221. 여의도초교 앞,ST-67,170,17,10,126.93778992,37.52267456
2026-06-26T05:50:33.872137+09:00,여의도,여의도,POI072,KEY_4,217. NH농협은행 앞,ST-66,33,5,15,126.93036652,37.52207947
2026-06-26T05:50:33.872137+09:00,여의도,여의도,POI072,KEY_4,215. 여의도고교 앞,ST-64,30,3,10,126.93490601,37.52483749
2026-06-26T05:50:33.872137+09:00,여의도,여의도,POI072,KEY_4,206. KBS 앞,ST-53,0,0,35,126.91802216,37.52466583
2026-06-26T05:50:33.872137+09:00,여의도,여의도,POI072,KEY_4,271. 샛강생태공원방문자센터 앞,ST-425,10,1,10,126.9216156,37.51896286
2026-06-26T05:50:33.872137+09:00,여의도,여의도,POI072,KEY_4,4580. 국회제2의원회관,ST-2644,0,0,17,126.91316986,37.52974701
2026-06-26T05:50:33.872137+09:00,여의도,여의도,POI072,KEY_4,4585. 국회6문,ST-2694,17,1,6,126.91799164,37.53271866
2026-06-26T05:50:33.872137+09:00,여의도,여의도,POI072,KEY_4,5892.국회의사당본관 좌측,ST-3383,0,0,7,126.91375732,37.53090286
2026-06-26T05:50:33.872137+09:00,여의도,여의도,POI072,KEY_4,5891.한강버스 여의도 선착장,ST-3402,253,76,30,126.93422699,37.52816391
2026-06-26T05:50:33.872137+09:00,여의도,여의도,POI072,KEY_4,5893.한국산업은행,ST-3397,10,1,10,126.92175293,37.52814484
2026-06-26T05:50:33.872137+09:00,여의도,여의도,POI072,KEY_4,5897.여의도공작아파트,ST-3426,0,0,10,126.92987061,37.52595139
2026-06-26T05:50:33.872137+09:00,여의도,여의도,POI072,KEY_4,4563. 여의도 은하아파트,ST-2813,60,6,10,126.93448639,37.51850891
2026-06-26T05:50:33.872137+09:00,여의도,여의도,POI072,KEY_4,5879. 국회도서관 2문 앞,ST-3318,0,0,8,126.91668701,37.53107071
2026-06-26T05:50:33.872137+09:00,여의도,여의도,POI072,KEY_4,5890.여의나루역 3번출구,ST-3401,9,1,11,126.93336487,37.52645493
2026-06-26T05:50:33.872137+09:00,여의도,여의도,POI072,KEY_4,4583. 의정관,ST-2647,0,0,12,126.91747284,37.53214645
2026-06-26T05:50:33.872137+09:00,여의도,여의도,POI072,KEY_4,5870. LG트윈타워 앞,ST-3239,10,2,20,126.93017578,37.52833176
2026-06-26T05:50:33.872137+09:00,여의도,여의도,POI072,KEY_4,4589. KRX한국거래소(1),ST-2899,6,1,18,126.92759705,37.52338028
2026-06-26T05:50:33.872137+09:00,여의도,여의도,POI072,KEY_4,5888.여의도성당,ST-3375,0,0,7,126.93920898,37.52164459
2026-06-26T05:50:33.872137+09:00,여의도,여의도,POI072,KEY_4,4564. 63스퀘어,ST-2814,12,2,17,126.93965912,37.52070999
2026-06-26T05:50:33.872137+09:00,여의도,여의도,POI072,KEY_4,5889.의원회관출입구 앞,ST-3377,0,0,10,126.91479492,37.52985382
2026-06-26T05:50:33.872137+09:00,여의도,여의도,POI072,KEY_4,4584. 국회2문,ST-2648,0,0,9,126.91510773,37.52864075
2026-06-26T05:50:33.872137+09:00,여의도,여의도,POI072,KEY_4,4579. 국회의사당 본관,ST-2643,0,0,17,126.91404724,37.5325737
2026-06-26T05:50:33.872137+09:00,여의도,여의도,POI072,KEY_4,5859. 여의도 삼부아파트,ST-3160,10,1,10,126.93045807,37.52539444
2026-06-26T05:50:33.872137+09:00,여의도,여의도,POI072,KEY_4,5878. 우리은행 앞,ST-3315,0,0,20,126.92162323,37.52349091
2026-06-26T05:50:33.872137+09:00,여의도,여의도,POI072,KEY_4,5853. 여의도역2번출구 앞,ST-3061,30,3,10,126.92271423,37.52243423
2026-06-26T05:50:33.872137+09:00,여의도,여의도,POI072,KEY_4,5880. 국회박물관,ST-3319,0,0,7,126.91945648,37.53183365
2026-06-26T05:50:33.872137+09:00,여의도,여의도,POI072,KEY_4,4582. 국회도서관,ST-2646,0,0,12,126.91817474,37.53054047
2026-06-26T05:50:33.872137+09:00,여의도,여의도,POI072,KEY_4,4581. 국회소통관,ST-2645,0,0,12,126.9128952,37.53050232
2026-06-26T05:50:33.872137+09:00,여의도,여의도,POI072,KEY_4,201. 진미파라곤 앞,ST-46,0,0,15,126.92133331,37.53123856
2026-06-26T05:50:33.872137+09:00,연남동,연남동,POI073,KEY_1,107. 수협 연남동지점,ST-9,160,16,10,126.91871643,37.55784607
2026-06-26T05:50:33.872137+09:00,연남동,연남동,POI073,KEY_1,4233. 코오롱아파트사거리,ST-2979,170,17,10,126.92149353,37.56306458
2026-06-26T05:50:33.872137+09:00,영등포 타임스퀘어,영등포 타임스퀘어,POI074,KEY_2,3219.영등포역 1번출구,ST-1990,100,10,10,126.9077301,37.5148468
2026-06-26T05:50:33.872137+09:00,영등포 타임스퀘어,영등포 타임스퀘어,POI074,KEY_2,5868. 로프트시티오피스텔,ST-3238,783,47,6,126.90843201,37.51906204
2026-06-26T05:50:33.872137+09:00,영등포 타임스퀘어,영등포 타임스퀘어,POI074,KEY_2,4565. 영등포 신세계백화점,ST-2815,10,1,10,126.90364838,37.51803589
2026-06-26T05:50:33.872137+09:00,영등포 타임스퀘어,영등포 타임스퀘어,POI074,KEY_2,5858. 영등포역5번출구,ST-3142,180,18,10,126.90807343,37.51669312
2026-06-26T05:50:33.872137+09:00,영등포 타임스퀘어,영등포 타임스퀘어,POI074,KEY_2,284. 센트럴 푸르지오 시티 앞,ST-1650,6,1,16,126.90222931,37.51821136
2026-06-26T05:50:33.872137+09:00,용리단길,용리단길,POI076,KEY_3,817. 삼각지역 4번출구 앞,ST-436,78,7,9,126.97173309,37.53345108
2026-06-26T05:50:33.872137+09:00,용리단길,용리단길,POI076,KEY_3,816. 신용산역 6번출구 앞,ST-435,20,5,25,126.96848297,37.53014755
2026-06-26T05:50:33.872137+09:00,이태원 앤틱가구거리,이태원 앤틱가구거리,POI077,KEY_4,4615. 크라운호텔앞 버스정류소,ST-2446,171,12,7,126.99137878,37.53030014
2026-06-26T05:50:33.872137+09:00,이태원 앤틱가구거리,이태원 앤틱가구거리,POI077,KEY_4,4634. 이태원역 3번 출구,ST-3056,0,0,5,126.99497223,37.5343895
2026-06-26T05:50:33.872137+09:00,익선동,익선동,POI116,KEY_1,334. 종로3가역 2번출구 뒤,ST-150,0,0,10,126.99179077,37.5705986
2026-06-26T05:50:33.872137+09:00,익선동,익선동,POI116,KEY_1,328. 탑골공원 앞,ST-144,0,0,11,126.9881897,37.57039642
2026-06-26T05:50:33.872137+09:00,익선동,익선동,POI116,KEY_1,327. 낙원상가 옆,ST-143,0,0,10,126.9874649,37.57335663
2026-06-26T05:50:33.872137+09:00,익선동,익선동,POI116,KEY_1,3410.종로3가역 8번출구,ST-1807,60,6,10,126.99188995,37.5724678
2026-06-26T05:50:33.872137+09:00,익선동,익선동,POI116,KEY_1,4713. 현대 뜨레비앙 아파트 앞,ST-2623,71,5,7,126.99062347,37.57528305
2026-06-26T05:50:33.872137+09:00,인사동,인사동,POI078,KEY_2,326. 안국역 5번출구 앞,ST-142,0,0,15,126.98616028,37.57624054
2026-06-26T05:50:33.872137+09:00,인사동,인사동,POI078,KEY_2,327. 낙원상가 옆,ST-143,0,0,10,126.9874649,37.57335663
2026-06-26T05:50:33.872137+09:00,인사동,인사동,POI078,KEY_2,454. 종로2가 버스정류장 (종각방향),ST-1607,8,1,13,126.98638153,37.57035828
2026-06-26T05:50:33.872137+09:00,인사동,인사동,POI078,KEY_2,3408.종로타워빌딩,ST-1805,0,0,13,126.98323822,37.57070541
2026-06-26T05:50:33.872137+09:00,창동 신경제 중심지,창동 신경제 중심지,POI079,KEY_4,1662. 노원역7번출구,ST-1279,5,1,20,127.05921173,37.65421677
2026-06-26T05:50:33.872137+09:00,창동 신경제 중심지,창동 신경제 중심지,POI079,KEY_4,1674. 서울북부고용센터앞,ST-1291,7,1,15,127.05808258,37.65354919
2026-06-26T05:50:33.872137+09:00,창동 신경제 중심지,창동 신경제 중심지,POI079,KEY_4,1756.서울북부광역등기국,ST-2101,30,3,10,127.04431915,37.65148544
2026-06-26T05:50:33.872137+09:00,창동 신경제 중심지,창동 신경제 중심지,POI079,KEY_4,1637. KT 전화국 버스정류장 옆,ST-611,0,0,9,127.06372833,37.6546669
2026-06-26T05:50:33.872137+09:00,창동 신경제 중심지,창동 신경제 중심지,POI079,KEY_4,1690. 도봉운전면허시험장 버스정류장 옆,ST-1641,30,3,10,127.05931091,37.6577301
2026-06-26T05:50:33.872137+09:00,창동 신경제 중심지,창동 신경제 중심지,POI079,KEY_4,1686. 상계주공10단지 종합상가 앞,ST-1476,0,0,15,127.05805206,37.66114044
2026-06-26T05:50:33.872137+09:00,창동 신경제 중심지,창동 신경제 중심지,POI079,KEY_4,1657. 노원구청,ST-1125,0,0,20,127.05732727,37.65404892
2026-06-26T05:50:33.872137+09:00,창동 신경제 중심지,창동 신경제 중심지,POI079,KEY_4,1716. 창동역 1번출구 건너편,ST-1132,50,4,8,127.05072784,37.65420151
2026-06-26T05:50:33.872137+09:00,창동 신경제 중심지,창동 신경제 중심지,POI079,KEY_4,1722. 창동청소년수련관,ST-1292,33,5,15,127.05004883,37.65779877
2026-06-26T05:50:33.872137+09:00,창동 신경제 중심지,창동 신경제 중심지,POI079,KEY_4,1653. 노원역1번출구,ST-1121,30,3,10,127.06362152,37.65620041
2026-06-26T05:50:33.872137+09:00,창동 신경제 중심지,창동 신경제 중심지,POI079,KEY_4,1775.신원리베르텔 앞,ST-2120,33,5,15,127.04554749,37.65128708
2026-06-26T05:50:33.872137+09:00,창동 신경제 중심지,창동 신경제 중심지,POI079,KEY_4,5333. 노원역9번-10번 출구 앞,ST-3288,60,6,10,127.063591,37.65655518
2026-06-26T05:50:33.872137+09:00,창동 신경제 중심지,창동 신경제 중심지,POI079,KEY_4,4096.창동역2번출구 하나은행365 앞,ST-3368,50,4,8,127.04550171,37.65283585
2026-06-26T05:50:33.872137+09:00,창동 신경제 중심지,창동 신경제 중심지,POI079,KEY_4,4098.창동역 1번출구 인근,ST-3430,175,14,8,127.04838562,37.65290833
2026-06-26T05:50:33.872137+09:00,창동 신경제 중심지,창동 신경제 중심지,POI079,KEY_4,5311. 주공601동 상가 노원지하보도 앞,ST-3116,60,3,5,127.06147766,37.65190125
2026-06-26T05:50:33.872137+09:00,청량리 제기동 일대 전통시장,청량리 제기동 일대 전통시장,POI081,KEY_2,676.FITI시험연구원 앞,ST-2276,144,13,9,127.03547668,37.58143234
2026-06-26T05:50:33.872137+09:00,청량리 제기동 일대 전통시장,청량리 제기동 일대 전통시장,POI081,KEY_2,633. 청량리 기업은행 앞,ST-400,250,20,8,127.04472351,37.58049774
2026-06-26T05:50:33.872137+09:00,청량리 제기동 일대 전통시장,청량리 제기동 일대 전통시장,POI081,KEY_2,640. 동대문경찰서 교차로,ST-407,67,4,6,127.04460144,37.58255005
2026-06-26T05:50:33.872137+09:00,청량리 제기동 일대 전통시장,청량리 제기동 일대 전통시장,POI081,KEY_2,4134. 제기동 현대아파트 앞,ST-3206,60,6,10,127.0353241,37.57994843
2026-06-26T05:50:33.872137+09:00,청량리 제기동 일대 전통시장,청량리 제기동 일대 전통시장,POI081,KEY_2,4147.청량리역광장,ST-3405,26,9,35,127.04673767,37.58024597
2026-06-26T05:50:33.872137+09:00,청량리 제기동 일대 전통시장,청량리 제기동 일대 전통시장,POI081,KEY_2,4149.제기동역 5번출구,ST-3428,286,20,7,127.03381348,37.5779953
2026-06-26T05:50:33.872137+09:00,DDP(동대문디자인플라자),DDP(동대문디자인플라자),POI083,KEY_4,347. 동대문역사문화공원역 9번출구 앞,ST-163,22,4,18,127.00784302,37.56533051
2026-06-26T05:50:33.872137+09:00,DDP(동대문디자인플라자),DDP(동대문디자인플라자),POI083,KEY_4,474.동대문역사문화공원역 1번출구 뒤편,ST-1780,50,20,40,127.00849152,37.56629944
2026-06-26T05:50:33.872137+09:00,DDP(동대문디자인플라자),DDP(동대문디자인플라자),POI083,KEY_4,4765. 동대문디자인플라자,ST-2431,5,1,20,127.00946045,37.5683136
2026-06-26T05:50:33.872137+09:00,DDP(동대문디자인플라자),DDP(동대문디자인플라자),POI083,KEY_4,475.DDP 패션몰,ST-1781,5,1,21,127.0118103,37.56764984
2026-06-26T05:50:33.872137+09:00,DMC(디지털미디어시티),DMC(디지털미디어시티),POI084,KEY_1,409. 누리꿈스퀘어 옆,ST-86,20,6,30,126.88916016,37.57939911
2026-06-26T05:50:33.872137+09:00,DMC(디지털미디어시티),DMC(디지털미디어시티),POI084,KEY_1,405. DMC빌 앞,ST-80,25,2,8,126.88578796,37.58265686
2026-06-26T05:50:33.872137+09:00,DMC(디지털미디어시티),DMC(디지털미디어시티),POI084,KEY_1,414. 상암동주민센터 옆,ST-94,75,6,8,126.89447021,37.57822037
2026-06-26T05:50:33.872137+09:00,DMC(디지털미디어시티),DMC(디지털미디어시티),POI084,KEY_1,408. LG CNS앞,ST-84,7,1,14,126.88665009,37.58081055
2026-06-26T05:50:33.872137+09:00,DMC(디지털미디어시티),DMC(디지털미디어시티),POI084,KEY_1,489.구룡근린공원,ST-2148,90,9,10,126.88276672,37.58320236
2026-06-26T05:50:33.872137+09:00,DMC(디지털미디어시티),DMC(디지털미디어시티),POI084,KEY_1,425. DMC첨단산업센터,ST-991,10,1,10,126.88559723,37.58450317
2026-06-26T05:50:33.872137+09:00,DMC(디지털미디어시티),DMC(디지털미디어시티),POI084,KEY_1,412. DMC산학협력연구센터 앞,ST-91,10,2,21,126.89079285,37.57565689
2026-06-26T05:50:33.872137+09:00,DMC(디지털미디어시티),DMC(디지털미디어시티),POI084,KEY_1,415. DMC역 9번출구 앞,ST-95,50,5,10,126.89736176,37.57746887
2026-06-26T05:50:33.872137+09:00,DMC(디지털미디어시티),DMC(디지털미디어시티),POI084,KEY_1,490.가온문화공원,ST-2149,4,1,23,126.88766479,37.58207703
2026-06-26T05:50:33.872137+09:00,DMC(디지털미디어시티),DMC(디지털미디어시티),POI084,KEY_1,417. DMC역 2번출구 옆,ST-93,25,5,20,126.8999176,37.57506943
2026-06-26T05:50:33.872137+09:00,DMC(디지털미디어시티),DMC(디지털미디어시티),POI084,KEY_1,411. DMC홍보관,ST-90,0,0,10,126.89147186,37.5779953
2026-06-26T05:50:33.872137+09:00,DMC(디지털미디어시티),DMC(디지털미디어시티),POI084,KEY_1,3007.MBC 앞,ST-2165,10,1,10,126.89044952,37.58198166
2026-06-26T05:50:33.872137+09:00,DMC(디지털미디어시티),DMC(디지털미디어시티),POI084,KEY_1,3008.DMC역7번출구,ST-2166,30,3,10,126.89836121,37.57711411
2026-06-26T05:50:33.872137+09:00,DMC(디지털미디어시티),DMC(디지털미디어시티),POI084,KEY_1,4218. 디지털매직스페이스,ST-2974,8,1,13,126.88957977,37.58119965
2026-06-26T05:50:33.872137+09:00,DMC(디지털미디어시티),DMC(디지털미디어시티),POI084,KEY_1,4214. JTBC 앞,ST-2537,0,0,10,126.8901825,37.57730484
2026-06-26T05:50:33.872137+09:00,DMC(디지털미디어시티),DMC(디지털미디어시티),POI084,KEY_1,4238. 상암한샘빌딩앞,ST-2981,29,2,7,126.89867401,37.57649231
2026-06-26T05:50:33.872137+09:00,가산디지털단지역,가산디지털단지역,POI013,KEY_2,1851. 가산디지털단지 9번출구 인근,ST-1403,60,6,10,126.88148499,37.48123169
2026-06-26T05:50:33.872137+09:00,가산디지털단지역,가산디지털단지역,POI013,KEY_2,1806. 에이스하이엔드타워9차 앞,ST-621,150,15,10,126.87863922,37.48621368
2026-06-26T05:50:33.872137+09:00,가산디지털단지역,가산디지털단지역,POI013,KEY_2,1805. 서울디지털운동장 앞,ST-620,80,8,10,126.87776947,37.48228836
2026-06-26T05:50:33.872137+09:00,가산디지털단지역,가산디지털단지역,POI013,KEY_2,1835. STX V타워,ST-641,20,2,10,126.88442993,37.47706985
2026-06-26T05:50:33.872137+09:00,가산디지털단지역,가산디지털단지역,POI013,KEY_2,1867.대륭포스트타워6차 앞,ST-1938,57,17,30,126.8841629,37.48101044
2026-06-26T05:50:33.872137+09:00,가산디지털단지역,가산디지털단지역,POI013,KEY_2,1834. 월드메르디앙 벤처센터 2차,ST-640,20,2,10,126.87904358,37.47908401
2026-06-26T05:50:33.872137+09:00,가산디지털단지역,가산디지털단지역,POI013,KEY_2,1812. 갑을그레이트밸리 앞,ST-624,250,25,10,126.88729858,37.47903061
2026-06-26T05:50:33.872137+09:00,가산디지털단지역,가산디지털단지역,POI013,KEY_2,1850. 코오롱테크노밸리,ST-1277,60,6,10,126.8863678,37.48015976
2026-06-26T05:50:33.872137+09:00,가산디지털단지역,가산디지털단지역,POI013,KEY_2,1839. 수출의 다리 아래,ST-1140,70,14,20,126.88615417,37.47743607
2026-06-26T05:50:33.872137+09:00,가산디지털단지역,가산디지털단지역,POI013,KEY_2,1849. 대륭포스트타워5차,ST-1276,140,14,10,126.88694,37.48135376
2026-06-26T05:50:33.872137+09:00,가산디지털단지역,가산디지털단지역,POI013,KEY_2,3989.가산디지털단지역 9번출구 앞,ST-3396,170,17,10,126.88175964,37.48055267
2026-06-26T05:50:33.872137+09:00,가산디지털단지역,가산디지털단지역,POI013,KEY_2,3985. 디폴리스 지식산업센터,ST-2964,15,3,20,126.87680054,37.48017502
2026-06-26T05:50:33.872137+09:00,가산디지털단지역,가산디지털단지역,POI013,KEY_2,3984. 가산롯데아이티캐슬,ST-2999,0,0,5,126.88083649,37.47636795
2026-06-26T05:50:33.872137+09:00,강남역,강남역,POI014,KEY_3,2505. 우성아파트사거리 (기업은행앞),ST-1556,192,23,12,127.0295105,37.49330521
2026-06-26T05:50:33.872137+09:00,강남역,강남역,POI014,KEY_3,2421. 신논현역 4번출구,ST-1887,60,9,15,127.02579498,37.504673
2026-06-26T05:50:33.872137+09:00,강남역,강남역,POI014,KEY_3,3628. 역삼1동 주민센터,ST-2689,190,19,10,127.03302765,37.49521255
2026-06-26T05:50:33.872137+09:00,강남역,강남역,POI014,KEY_3,2407. 역삼서초삼성 세무서 앞 (역삼빌딩 앞),ST-1577,80,8,10,127.03011322,37.49847031
2026-06-26T05:50:33.872137+09:00,강남역,강남역,POI014,KEY_3,4349.삼성화재서초타워,ST-3361,183,11,6,127.02896118,37.49446869
2026-06-26T05:50:33.872137+09:00,건대입구역,건대입구역,POI015,KEY_4,501. 광진문화예술회관 앞,ST-98,107,32,30,127.07035065,37.53730774
2026-06-26T05:50:33.872137+09:00,건대입구역,건대입구역,POI015,KEY_4,3533. 건대입구역 사거리(롯데백화점),ST-1660,50,5,10,127.07078552,37.5392952
2026-06-26T05:50:33.872137+09:00,건대입구역,건대입구역,POI015,KEY_4,3534. 건대입구역 5번출구 뒤,ST-1661,60,6,10,127.06956482,37.54008102
2026-06-26T05:50:33.872137+09:00,고덕역,고덕역,POI016,KEY_1,1068.명일파출소,ST-1767,80,8,10,127.15622711,37.5536499
2026-06-26T05:50:33.872137+09:00,고덕역,고덕역,POI016,KEY_1,1036. 고덕동 주양쇼핑,ST-1053,40,4,10,127.15331268,37.55199051
2026-06-26T05:50:33.872137+09:00,고덕역,고덕역,POI016,KEY_1,1072.고덕역 5번출구,ST-1833,0,0,22,127.15372467,37.55486298
2026-06-26T05:50:33.872137+09:00,교대역,교대역,POI018,KEY_3,2279. 교대역 5번출구뒤,ST-1305,88,7,8,127.01418304,37.49361801
2026-06-26T05:50:33.872137+09:00,교대역,교대역,POI018,KEY_3,2239.교대역 6번출구,ST-765,160,16,10,127.01378632,37.49421692
2026-06-26T05:50:33.872137+09:00,구로디지털단지역,구로디지털단지역,POI019,KEY_4,1962. 가리봉동주민센터,ST-1224,87,13,15,126.89279938,37.48160172
2026-06-26T05:50:33.872137+09:00,구로디지털단지역,구로디지털단지역,POI019,KEY_4,2110. 조원동 미성아파트,ST-950,0,0,9,126.90203094,37.48319244
2026-06-26T05:50:33.872137+09:00,구로디지털단지역,구로디지털단지역,POI019,KEY_4,2801. 대륭포스트타워1차,ST-1753,37,11,30,126.89542389,37.48437119
2026-06-26T05:50:33.872137+09:00,구로디지털단지역,구로디지털단지역,POI019,KEY_4,1911. 구로디지털단지역 앞,ST-668,11,2,18,126.90132141,37.48493958
2026-06-26T05:50:33.872137+09:00,구로디지털단지역,구로디지털단지역,POI019,KEY_4,1955. 디지털입구 교차로,ST-936,0,0,10,126.90103912,37.48288345
2026-06-26T05:50:33.872137+09:00,구로디지털단지역,구로디지털단지역,POI019,KEY_4,1986. 태평양물산,ST-1521,80,12,15,126.89518738,37.48485947
2026-06-26T05:50:33.872137+09:00,구로역,구로역,POI020,KEY_1,1946. 구로역 광장,ST-873,70,7,10,126.88038635,37.50311661
2026-06-26T05:50:33.872137+09:00,구로역,구로역,POI020,KEY_1,3919. 구로역·NC신구로점 버스정류장(구로역 방면),ST-3013,129,18,14,126.88237,37.50096512
2026-06-26T05:50:33.872137+09:00,군자역,군자역,POI021,KEY_2,540. 군자역 7번출구 베스트샵 앞,ST-253,25,2,8,127.0786438,37.55603027
2026-06-26T05:50:33.872137+09:00,군자역,군자역,POI021,KEY_2,3518. 군자역 7번출구뒤,ST-1263,38,3,8,127.07913971,37.55686188
2026-06-26T05:50:33.872137+09:00,군자역,군자역,POI021,KEY_2,3586.군자역 비채온 오피스텔,ST-2325,225,18,8,127.07727051,37.55771255
2026-06-26T05:50:33.872137+09:00,군자역,군자역,POI021,KEY_2,3500. 군자역2번출구,ST-983,43,3,7,127.07969666,37.55758667
2026-06-26T05:50:33.872137+09:00,대림역,대림역,POI023,KEY_3,286. 우성아파트 교차로,ST-1652,108,13,12,126.89974976,37.49457169
2026-06-26T05:50:33.872137+09:00,대림역,대림역,POI023,KEY_3,1975. 대림역 1번 출입구 밑,ST-1237,60,6,10,126.8947525,37.49256516
2026-06-26T05:50:33.872137+09:00,대림역,대림역,POI023,KEY_3,1914. 대림역4번출구,ST-918,40,4,10,126.89444733,37.49440384
2026-06-26T05:50:33.872137+09:00,동대문역,동대문역,POI024,KEY_4,457. 종로꽃시장 입구 옆,ST-1610,50,5,10,127.00720978,37.57131958
2026-06-26T05:50:33.872137+09:00,동대문역,동대문역,POI024,KEY_4,393. 동대문역 8번 출구,ST-1372,33,4,12,127.00937653,37.57014084
2026-06-26T05:50:33.872137+09:00,동대문역,동대문역,POI024,KEY_4,3415.동대문역6번출구,ST-1812,100,15,15,127.0107193,37.57147217
2026-06-26T05:50:33.872137+09:00,미아사거리역,미아사거리역,POI026,KEY_2,1546. 송천동우체국,ST-1665,140,14,10,127.02970123,37.61545944
2026-06-26T05:50:33.872137+09:00,미아사거리역,미아사거리역,POI026,KEY_2,1574.송중초등학교 옆,ST-2405,75,6,8,127.03049469,37.61669922
2026-06-26T05:50:33.872137+09:00,미아사거리역,미아사거리역,POI026,KEY_2,1531. 미아사거리 1번 출구,ST-1105,110,11,10,127.03025055,37.61395645
2026-06-26T05:50:33.872137+09:00,미아사거리역,미아사거리역,POI026,KEY_2,4423.현대백화점 미아점,ST-3203,190,19,10,127.02845764,37.60884857
2026-06-26T05:50:33.872137+09:00,발산역,발산역,POI027,KEY_3,1124. 발산역 6번 출구 뒤,ST-522,0,0,6,126.8384552,37.55817795
2026-06-26T05:50:33.872137+09:00,발산역,발산역,POI027,KEY_3,1117. 등촌5단지아파트 버스정류장,ST-834,10,1,10,126.84426117,37.55819702
2026-06-26T05:50:33.872137+09:00,발산역,발산역,POI027,KEY_3,"1153. 발산역 1번, 9번 인근 대여소",ST-1065,9,3,32,126.83717346,37.55894852
2026-06-26T05:50:33.872137+09:00,발산역,발산역,POI027,KEY_3,1197. 엠펠리체 호텔 건너편,ST-1714,0,0,20,126.83546448,37.56026077
2026-06-26T05:50:33.872137+09:00,발산역,발산역,POI027,KEY_3,3764. 관문주유소(GS칼택스) 앞,ST-2613,410,41,10,126.84183502,37.55802917
2026-06-26T05:50:33.872137+09:00,발산역,발산역,POI027,KEY_3,3760. 발산역 8번 출구,ST-2538,12,2,17,126.83676147,37.55846024
2026-06-26T05:50:33.872137+09:00,발산역,발산역,POI027,KEY_3,2730.마곡메가박스 앞,ST-2047,10,3,30,126.83495331,37.55912781
2026-06-26T05:50:33.872137+09:00,발산역,발산역,POI027,KEY_3,2721.등촌1-10단지 교차로,ST-2037,300,36,12,126.8393631,37.56320572
2026-06-26T05:50:33.872137+09:00,발산역,발산역,POI027,KEY_3,3759. 이대서울병원,ST-2569,8,2,25,126.83559418,37.5586319
2026-06-26T05:50:33.872137+09:00,발산역,발산역,POI027,KEY_3,2717.LG유플러스 마곡사옥,ST-2033,3,2,62,126.83390045,37.56133652
2026-06-26T05:50:33.872137+09:00,발산역,발산역,POI027,KEY_3,2723.마곡 필네이처,ST-2040,38,5,13,126.83669281,37.56089401
2026-06-26T05:50:33.872137+09:00,발산역,발산역,POI027,KEY_3,5061. 우장산동 가곡어린이공원앞,ST-2888,0,0,10,126.83751678,37.55545425
2026-06-26T05:50:33.872137+09:00,발산역,발산역,POI027,KEY_3,5095. 원당근린공원,ST-3226,7,1,14,126.84147644,37.55947495
2026-06-26T05:50:33.872137+09:00,사당역,사당역,POI029,KEY_4,2222.사당역 12번출구 뒤,ST-753,280,28,10,126.98203278,37.47806931
2026-06-26T05:50:33.872137+09:00,사당역,사당역,POI029,KEY_4,2104. 사당역 5번출구,ST-712,31,4,13,126.98133087,37.47608948
2026-06-26T05:50:33.872137+09:00,사당역,사당역,POI029,KEY_4,2034. 사당역 7번출구쪽,ST-924,74,14,19,126.98057556,37.47689056
2026-06-26T05:50:33.872137+09:00,사당역,사당역,POI029,KEY_4,2089.사당역10번출구(금강빌딩),ST-2362,130,13,10,126.98150635,37.4791069
2026-06-26T05:50:33.872137+09:00,삼각지역,삼각지역,POI030,KEY_1,848. 삼각지12번 출구,ST-2172,113,9,8,126.97562408,37.53488922
2026-06-26T05:50:33.872137+09:00,삼각지역,삼각지역,POI030,KEY_1,849. 삼각지 자이아파트,ST-2173,110,22,20,126.97341919,37.53607941
2026-06-26T05:50:33.872137+09:00,삼각지역,삼각지역,POI030,KEY_1,4620. 삼각지역 14번 출구 앞(교통섬),ST-2451,188,15,8,126.97408295,37.53528595
2026-06-26T05:50:33.872137+09:00,서울대입구역,서울대입구역,POI031,KEY_2,2116. 에이스에이존빌딩,ST-717,44,4,9,126.95082855,37.48170471
2026-06-26T05:50:33.872137+09:00,서울대입구역,서울대입구역,POI031,KEY_2,2171. 서울대입구역 5번출구,ST-1337,53,9,17,126.95200348,37.48154831
2026-06-26T05:50:33.872137+09:00,서울대입구역,서울대입구역,POI031,KEY_2,3311.서울대입구역 4번 출구,ST-2394,17,2,12,126.95157623,37.48122025
2026-06-26T05:50:33.872137+09:00,서울대입구역,서울대입구역,POI031,KEY_2,2128. 관악구청교차로,ST-720,17,2,12,126.95265198,37.47949982
2026-06-26T05:50:33.872137+09:00,서울대입구역,서울대입구역,POI031,KEY_2,2112. 서울대입구역 마에스트로,ST-715,47,7,15,126.95064545,37.4813385
2026-06-26T05:50:33.872137+09:00,서울대입구역,서울대입구역,POI031,KEY_2,2111. 서울대입구역 1번출구,ST-965,90,9,10,126.95331573,37.48086929
2026-06-26T05:50:33.872137+09:00,서울식물원·마곡나루역,서울식물원·마곡나루역,POI032,KEY_3,2715.마곡나루역 2번 출구,ST-2031,28,7,25,126.82743835,37.56692505
2026-06-26T05:50:33.872137+09:00,서울식물원·마곡나루역,서울식물원·마곡나루역,POI032,KEY_3,2725.서울식물원 식물문화센터,ST-2042,20,4,20,126.83563232,37.56883621
2026-06-26T05:50:33.872137+09:00,서울식물원·마곡나루역,서울식물원·마곡나루역,POI032,KEY_3,2701. 마곡나루역 5번출구 뒤편,ST-1718,15,4,26,126.82731628,37.56520081
2026-06-26T05:50:33.872137+09:00,서울식물원·마곡나루역,서울식물원·마곡나루역,POI032,KEY_3,2727.서울식물원 잔디마당 앞,ST-2044,12,3,25,126.8306427,37.5639267
2026-06-26T05:50:33.872137+09:00,서울식물원·마곡나루역,서울식물원·마곡나루역,POI032,KEY_3,2728.마곡나루역 3번 출구,ST-2045,143,93,65,126.82807922,37.56580353
2026-06-26T05:50:33.872137+09:00,서울식물원·마곡나루역,서울식물원·마곡나루역,POI032,KEY_3,6177. 마곡롯데캐슬르웨스트,ST-3324,20,2,10,126.82462311,37.56356049
2026-06-26T05:50:33.872137+09:00,서울식물원·마곡나루역,서울식물원·마곡나루역,POI032,KEY_3,6190.마곡광장(마곡나루역 6번출구),ST-3421,10,1,10,126.82738495,37.56614685
2026-06-26T05:50:33.872137+09:00,서울식물원·마곡나루역,서울식물원·마곡나루역,POI032,KEY_3,5098. LG사이언스파크 W4동,ST-3261,5,1,20,126.82978821,37.56403732
2026-06-26T05:50:33.872137+09:00,서울식물원·마곡나루역,서울식물원·마곡나루역,POI032,KEY_3,5097. LG사이언스파크 E2동,ST-3259,3,1,40,126.83208466,37.56381607
2026-06-26T05:50:33.872137+09:00,서울역,서울역,POI033,KEY_4,379. 서울역9번출구,ST-194,110,11,10,126.97330475,37.55580521
2026-06-26T05:50:33.872137+09:00,서울역,서울역,POI033,KEY_4,485.서울역5번출구,ST-1791,160,16,10,126.97319794,37.55677032
2026-06-26T05:50:33.872137+09:00,서울역,서울역,POI033,KEY_4,435. SK 남산빌딩,ST-1670,60,6,10,126.97561646,37.55686188
2026-06-26T05:50:33.872137+09:00,서울역,서울역,POI033,KEY_4,4794. 서울역 서부교차로(3),ST-2786,138,11,8,126.96942139,37.55540848
2026-06-26T05:50:33.872137+09:00,서울역,서울역,POI033,KEY_4,6062.서울역파출소,ST-3413,210,21,10,126.97183228,37.55709457
2026-06-26T05:50:33.872137+09:00,서울역,서울역,POI033,KEY_4,4760. 서울역 7번출구,ST-2430,10,1,10,126.97364044,37.55664444
2026-06-26T05:50:33.872137+09:00,선릉역,선릉역,POI034,KEY_1,2329. 르네상스호텔사거리 역삼지하보도 2번출구,ST-812,0,0,10,127.04319,37.50235748
2026-06-26T05:50:33.872137+09:00,선릉역,선릉역,POI034,KEY_1,2328. 르네상스 호텔 사거리 역삼지하보도 7번출구 앞,ST-811,0,0,10,127.04273224,37.50321198
2026-06-26T05:50:33.872137+09:00,선릉역,선릉역,POI034,KEY_1,2369. KT선릉타워,ST-1178,60,12,20,127.0528717,37.50542831
2026-06-26T05:50:33.872137+09:00,선릉역,선릉역,POI034,KEY_1,2319. 포스코사거리 서측(수협 삼성동 지점),ST-802,50,5,10,127.05467987,37.50660706
2026-06-26T05:50:33.872137+09:00,선릉역,선릉역,POI034,KEY_1,2332. 선릉역3번출구,ST-815,50,4,8,127.04903412,37.50410461
2026-06-26T05:50:33.872137+09:00,성신여대입구역,성신여대입구역,POI035,KEY_2,1384.성신여대입구역 5번출구,ST-2225,231,30,13,127.01628876,37.59282684
2026-06-26T05:50:33.872137+09:00,성신여대입구역,성신여대입구역,POI035,KEY_2,1337. 돈암성당 옆,ST-1201,115,15,13,127.01716614,37.59039307
2026-06-26T05:50:33.872137+09:00,성신여대입구역,성신여대입구역,POI035,KEY_2,1385.성신여대입구역 3번출구 앞,ST-2226,320,32,10,127.01628876,37.59236526
2026-06-26T05:50:33.872137+09:00,수유역,수유역,POI036,KEY_3,1520. 수유중앙시장,ST-650,157,11,7,127.022789,37.63986206
2026-06-26T05:50:33.872137+09:00,수유역,수유역,POI036,KEY_3,1512. 강북중학교 앞,ST-862,100,20,20,127.02656555,37.64473724
2026-06-26T05:50:33.872137+09:00,수유역,수유역,POI036,KEY_3,1503. 강북구청사거리(수유역 8번출구),ST-643,57,8,14,127.02672577,37.63926315
2026-06-26T05:50:33.872137+09:00,수유역,수유역,POI036,KEY_3,1526. 강북종합시장 앞,ST-1100,25,2,8,127.02462769,37.64173889
2026-06-26T05:50:33.872137+09:00,수유역,수유역,POI036,KEY_3,1569.수유역2번출구,ST-2137,70,7,10,127.02590179,37.63796997
2026-06-26T05:50:33.872137+09:00,수유역,수유역,POI036,KEY_3,1535. 효성인텔리안 앞,ST-1109,10,1,10,127.02337646,37.6362915
2026-06-26T05:50:33.872137+09:00,수유역,수유역,POI036,KEY_3,1530. 광산사거리,ST-1104,77,10,13,127.0223465,37.64355087
2026-06-26T05:50:33.872137+09:00,수유역,수유역,POI036,KEY_3,1552. 강북구청사거리,ST-2125,38,3,8,127.02723694,37.63920212
2026-06-26T05:50:33.872137+09:00,숭례문,숭례문,POI131,KEY_4,445.대한상공회의소,ST-1771,13,2,15,126.97410583,37.56015396
2026-06-26T05:50:33.872137+09:00,숭례문,숭례문,POI131,KEY_4,6060. 신한은행 본점,ST-3342,25,2,8,126.97480774,37.56077576
2026-06-26T05:50:33.872137+09:00,시의회 앞,시의회 앞,POI130,KEY_1,310. 청계광장 옆,ST-126,13,1,8,126.9774704,37.56887817
2026-06-26T05:50:33.872137+09:00,시의회 앞,시의회 앞,POI130,KEY_1,458. 광화문역 5번출구,ST-1611,14,3,21,126.97756958,37.56989288
2026-06-26T05:50:33.872137+09:00,시의회 앞,시의회 앞,POI130,KEY_1,309. 광화문역 6번출구 옆 B,ST-125,0,0,13,126.97615814,37.56996155
2026-06-26T05:50:33.872137+09:00,시의회 앞,시의회 앞,POI130,KEY_1,4718. 광화문역 6번출구 옆 A,ST-3075,10,1,10,126.9764328,37.56993103
2026-06-26T05:50:33.872137+09:00,시의회 앞,시의회 앞,POI130,KEY_1,6058. 시청역 2번출구,ST-3297,93,14,15,126.97702026,37.56557846
2026-06-26T05:50:33.872137+09:00,신논현역·논현역,신논현역·논현역,POI037,KEY_2,2302. 교보타워 버스정류장(신논현역 3번출구 후면),ST-787,180,18,10,127.02427673,37.5055809
2026-06-26T05:50:33.872137+09:00,신논현역·논현역,신논현역·논현역,POI037,KEY_2,2542.신논현타워 앞,ST-1926,110,11,10,127.02391052,37.50508881
2026-06-26T05:50:33.872137+09:00,신논현역·논현역,신논현역·논현역,POI037,KEY_2,4347. 논현지하보도,ST-3332,110,11,10,127.02232361,37.50836945
2026-06-26T05:50:33.872137+09:00,신림역,신림역,POI039,KEY_4,2102. 봉림교 교통섬,ST-702,15,2,13,126.92688751,37.48408508
2026-06-26T05:50:33.872137+09:00,신림역,신림역,POI039,KEY_4,2136. 신림역 8번출구,ST-976,13,1,8,126.93006897,37.48450851
2026-06-26T05:50:33.872137+09:00,신림역,신림역,POI039,KEY_4,2175. 신림동걷고싶은문화의거리입구,ST-1270,157,11,7,126.92870331,37.48730087
2026-06-26T05:50:33.872137+09:00,신정네거리역,신정네거리역,POI117,KEY_1,706. 신정네거리역,ST-313,40,6,15,126.85175323,37.5218811
2026-06-26T05:50:33.872137+09:00,신정네거리역,신정네거리역,POI117,KEY_1,722. 경서농협 버스정류장(우리은행신정동지점방향),ST-993,120,12,10,126.85738373,37.52151108
2026-06-26T05:50:33.872137+09:00,신정네거리역,신정네거리역,POI117,KEY_1,4509. 서울영상고교 입구,ST-2761,260,39,15,126.85928345,37.52198029
2026-06-26T05:50:33.872137+09:00,신정네거리역,신정네거리역,POI117,KEY_1,4510. 신정네거리역 교차로,ST-2762,23,3,13,126.85228729,37.52175903
2026-06-26T05:50:33.872137+09:00,신정네거리역,신정네거리역,POI117,KEY_1,4507. 신정제일시장,ST-2759,100,10,10,126.85499573,37.52122498
2026-06-26T05:50:33.872137+09:00,신촌·이대역,신촌·이대역,POI040,KEY_2,128. 신촌역(2호선) 1번출구 옆,ST-30,21,4,19,126.93634033,37.55549622
2026-06-26T05:50:33.872137+09:00,신촌·이대역,신촌·이대역,POI040,KEY_2,150. 서강대역 2번출구 앞,ST-207,47,7,15,126.93434143,37.55295563
2026-06-26T05:50:33.872137+09:00,신촌·이대역,신촌·이대역,POI040,KEY_2,134. 연세로 명물길,ST-36,113,9,8,126.93807983,37.55789185
2026-06-26T05:50:33.872137+09:00,신촌·이대역,신촌·이대역,POI040,KEY_2,129. 신촌역(2호선) 6번출구 옆,ST-31,10,1,10,126.93756866,37.55505371
2026-06-26T05:50:33.872137+09:00,신촌·이대역,신촌·이대역,POI040,KEY_2,130. 신촌역(2호선) 7번출구 앞,ST-32,60,6,10,126.93626404,37.5550499
2026-06-26T05:50:33.872137+09:00,신촌·이대역,신촌·이대역,POI040,KEY_2,137. 신촌기차역입구 교차로,ST-39,50,5,10,126.9431839,37.55681229
2026-06-26T05:50:33.872137+09:00,신촌·이대역,신촌·이대역,POI040,KEY_2,135. 명물길 원형무대 앞,ST-37,0,0,10,126.93984222,37.55922699
2026-06-26T05:50:33.872137+09:00,신촌·이대역,신촌·이대역,POI040,KEY_2,3116.신촌역 4번출구,ST-2201,20,2,10,126.93720245,37.55550385
2026-06-26T05:50:33.872137+09:00,신촌·이대역,신촌·이대역,POI040,KEY_2,4274. 신촌 파랑고래 입구,ST-3140,10,1,10,126.93603516,37.55687714
2026-06-26T05:50:33.872137+09:00,신촌·이대역,신촌·이대역,POI040,KEY_2,4248. 신촌 교보빌딩,ST-3021,10,1,10,126.94034576,37.5560112
2026-06-26T05:50:33.872137+09:00,쌍문역,쌍문역,POI070,KEY_3,1754. 창동시장입구 사거리,ST-2099,9,1,11,127.03343201,37.64689636
2026-06-26T05:50:33.872137+09:00,쌍문역,쌍문역,POI070,KEY_3,1709. 쌍문역4번출구 주변,ST-616,59,10,17,127.03534698,37.65012741
2026-06-26T05:50:33.872137+09:00,쌍문역,쌍문역,POI070,KEY_3,1774.정의여중고 버스정류소,ST-2119,113,9,8,127.034729,37.65134811
2026-06-26T05:50:33.872137+09:00,쌍문역,쌍문역,POI070,KEY_3,4054. 창동한신아파트 버스정류소,ST-2722,20,2,10,127.03527069,37.64601898
2026-06-26T05:50:33.872137+09:00,양재역,양재역,POI041,KEY_4,2242.양재역 10번 출구 앞,ST-767,25,5,20,127.03417969,37.48398972
2026-06-26T05:50:33.872137+09:00,양재역,양재역,POI041,KEY_4,2333. 양재역 3번출구 주변,ST-816,0,0,14,127.03407288,37.48515701
2026-06-26T05:50:33.872137+09:00,양재역,양재역,POI041,KEY_4,2293. SPC 앞,ST-1360,10,1,10,127.03699493,37.48479843
2026-06-26T05:50:33.872137+09:00,양재역,양재역,POI041,KEY_4,4329. SC제일은행 양재동지점 앞,ST-2962,38,3,8,127.03315735,37.48573685
2026-06-26T05:50:33.872137+09:00,역삼역,역삼역,POI042,KEY_1,2430.강남파이낸스센터앞(역삼역2번출구),ST-1896,10,1,10,127.03605652,37.50024414
2026-06-26T05:50:33.872137+09:00,역삼역,역삼역,POI042,KEY_1,2410. 포스코피앤에스타워 (역삼역 3번출구 부근),ST-1680,100,10,10,127.03375244,37.49959946
2026-06-26T05:50:33.872137+09:00,역삼역,역삼역,POI042,KEY_1,2349. 역삼빌딩 앞(하나은행 옆),ST-959,0,0,12,127.03856659,37.50154495
2026-06-26T05:50:33.872137+09:00,연신내역,연신내역,POI043,KEY_2,922. 연신내역 4번출구,ST-470,0,0,10,126.92196655,37.61780167
2026-06-26T05:50:33.872137+09:00,연신내역,연신내역,POI043,KEY_2,906. 연신내역 5번출구,ST-454,213,17,8,126.91957855,37.61721039
2026-06-26T05:50:33.872137+09:00,연신내역,연신내역,POI043,KEY_2,949. 연신내역 1번 출구,ST-1035,100,6,6,126.92080688,37.61978149
2026-06-26T05:50:33.872137+09:00,오목교역·목동운동장,오목교역·목동운동장,POI044,KEY_3,747. 목동3단지 상가,ST-1018,240,24,10,126.8756485,37.53458023
2026-06-26T05:50:33.872137+09:00,오목교역·목동운동장,오목교역·목동운동장,POI044,KEY_3,792.목동트라팰리스 웨스턴에비뉴,ST-2017,0,0,20,126.8709259,37.52537155
2026-06-26T05:50:33.872137+09:00,오목교역·목동운동장,오목교역·목동운동장,POI044,KEY_3,756. 목동주차장,ST-1497,33,5,15,126.8761673,37.52667999
2026-06-26T05:50:33.872137+09:00,오목교역·목동운동장,오목교역·목동운동장,POI044,KEY_3,791.현대하이페리온,ST-2016,80,12,15,126.86980438,37.52490234
2026-06-26T05:50:33.872137+09:00,오목교역·목동운동장,오목교역·목동운동장,POI044,KEY_3,765. 오목교역 3번출구,ST-1731,17,2,12,126.87548065,37.52477646
2026-06-26T05:50:33.872137+09:00,오목교역·목동운동장,오목교역·목동운동장,POI044,KEY_3,748. 목동운동장,ST-1019,169,22,13,126.87930298,37.53025055
2026-06-26T05:50:33.872137+09:00,오목교역·목동운동장,오목교역·목동운동장,POI044,KEY_3,723. SBS방송국,ST-994,20,3,15,126.87274933,37.52916336
2026-06-26T05:50:33.872137+09:00,오목교역·목동운동장,오목교역·목동운동장,POI044,KEY_3,731. 서울시 도로환경관리센터,ST-1002,40,4,10,126.87654114,37.5298996
2026-06-26T05:50:33.872137+09:00,오목교역·목동운동장,오목교역·목동운동장,POI044,KEY_3,771.목동아파트 703동 앞,ST-1997,38,3,8,126.87016296,37.52820587
2026-06-26T05:50:33.872137+09:00,오목교역·목동운동장,오목교역·목동운동장,POI044,KEY_3,769.CBS방송국 앞,ST-1995,20,4,20,126.87467194,37.52785492
2026-06-26T05:50:33.872137+09:00,오목교역·목동운동장,오목교역·목동운동장,POI044,KEY_3,762. 오목로 무중력지대 앞,ST-1503,40,4,10,126.87766266,37.52474213
2026-06-26T05:50:33.872137+09:00,오목교역·목동운동장,오목교역·목동운동장,POI044,KEY_3,703. 오목교역 7번출구 앞,ST-311,0,0,12,126.87524414,37.52362823
2026-06-26T05:50:33.872137+09:00,오목교역·목동운동장,오목교역·목동운동장,POI044,KEY_3,4543. 오목교역 6번 출구,ST-3163,89,8,9,126.87567139,37.5236702
2026-06-26T05:50:33.872137+09:00,오목교역·목동운동장,오목교역·목동운동장,POI044,KEY_3,4532. 목동현대아파트 후문 앞,ST-2879,120,12,10,126.87805939,37.5221405
2026-06-26T05:50:33.872137+09:00,오목교역·목동운동장,오목교역·목동운동장,POI044,KEY_3,4546. 목동운동장 주경기장,ST-3227,77,23,30,126.88307953,37.52937698
2026-06-26T05:50:33.872137+09:00,오목교역·목동운동장,오목교역·목동운동장,POI044,KEY_3,4514. 목동성당 앞,ST-2764,240,48,20,126.86930084,37.52319717
2026-06-26T05:50:33.872137+09:00,왕십리역,왕십리역,POI045,KEY_4,558. 성동광진 교육지원청 앞,ST-359,30,6,20,127.03652191,37.56460571
2026-06-26T05:50:33.872137+09:00,왕십리역,왕십리역,POI045,KEY_4,559. 왕십리역 4번 출구 건너편,ST-360,38,5,13,127.03679657,37.56109619
2026-06-26T05:50:33.872137+09:00,왕십리역,왕십리역,POI045,KEY_4,525. 한양대병원사거리,ST-241,5,1,20,127.04035187,37.55805206
2026-06-26T05:50:33.872137+09:00,왕십리역,왕십리역,POI045,KEY_4,3561.행당동 삼부APT후문,ST-2343,80,8,10,127.03839874,37.55926895
2026-06-26T05:50:33.872137+09:00,왕십리역,왕십리역,POI045,KEY_4,3545.한양대역 1번출구,ST-2327,0,0,10,127.04335785,37.55657959
2026-06-26T05:50:33.872137+09:00,용산역,용산역,POI046,KEY_1,806. 전자랜드 본관 앞,ST-327,15,3,20,126.96073151,37.5330658
2026-06-26T05:50:33.872137+09:00,용산역,용산역,POI046,KEY_1,845. 용산 선인상가,ST-1615,81,13,16,126.96437836,37.53269958
2026-06-26T05:50:33.872137+09:00,용산역,용산역,POI046,KEY_1,853.용산역 맞은편,ST-2177,26,5,19,126.96595001,37.52841568
2026-06-26T05:50:33.872137+09:00,용산역,용산역,POI046,KEY_1,4617. 동원베네스트 건너편,ST-2448,50,3,6,126.95511627,37.52761078
2026-06-26T05:50:33.872137+09:00,용산역,용산역,POI046,KEY_1,4616. 신용산지하차도 앞,ST-2447,33,5,15,126.96411896,37.53248215
2026-06-26T05:50:33.872137+09:00,잠실새내역,잠실새내역,POI118,KEY_3,1222. 잠실새내역 5번 출구 뒤,ST-547,43,10,23,127.08505249,37.51198196
2026-06-26T05:50:33.872137+09:00,잠실새내역,잠실새내역,POI118,KEY_3,1224. 아시아지하보도 2번 출구,ST-548,113,17,15,127.07893372,37.51216888
2026-06-26T05:50:33.872137+09:00,잠실새내역,잠실새내역,POI118,KEY_3,2637. 아시아지하보도 14번 출구,ST-1864,33,5,15,127.07881165,37.51146317
2026-06-26T05:50:33.872137+09:00,잠실새내역,잠실새내역,POI118,KEY_3,2635.잠실새내역 1번출구,ST-1862,0,0,21,127.08673859,37.51129532
2026-06-26T05:50:33.872137+09:00,잠실역,잠실역,POI119,KEY_4,1210. 롯데월드타워(잠실역2번출구 쪽),ST-891,10,3,30,127.10095978,37.51312637
2026-06-26T05:50:33.872137+09:00,잠실역,잠실역,POI119,KEY_4,1231. 잠실역 6번출구,ST-840,23,3,13,127.09902954,37.51408768
2026-06-26T05:50:33.872137+09:00,잠실역,잠실역,POI119,KEY_4,1232. 잠실주공 521동 건너편,ST-550,90,9,10,127.09568787,37.51184082
2026-06-26T05:50:33.872137+09:00,잠실역,잠실역,POI119,KEY_4,2647.잠실 자전거 수리센터 앞,ST-1868,57,4,7,127.10114288,37.51100922
2026-06-26T05:50:33.872137+09:00,장지역,장지역,POI048,KEY_1,1246. 문정 법조단지10,ST-906,10,3,30,127.12632751,37.47750854
2026-06-26T05:50:33.872137+09:00,장지역,장지역,POI048,KEY_1,1244. 문정 법조단지8,ST-904,9,1,11,127.12212372,37.48153687
2026-06-26T05:50:33.872137+09:00,장지역,장지역,POI048,KEY_1,1247. 문정 법조단지11,ST-907,0,0,15,127.12351227,37.4788208
2026-06-26T05:50:33.872137+09:00,장지역,장지역,POI048,KEY_1,1245. 문정 법조단지9,ST-905,10,1,10,127.12532806,37.47946548
2026-06-26T05:50:33.872137+09:00,장지역,장지역,POI048,KEY_1,4885. 가든파이브 리빙관,ST-2985,0,0,8,127.123703,37.47709656
2026-06-26T05:50:33.872137+09:00,장지역,장지역,POI048,KEY_1,4491. 장지역 1번출구,ST-2599,30,3,10,127.12678528,37.47953415
2026-06-26T05:50:33.872137+09:00,장지역,장지역,POI048,KEY_1,1266. 문정동 글샘 공원,ST-1085,60,6,10,127.12000275,37.47880936
2026-06-26T05:50:33.872137+09:00,장한평역,장한평역,POI049,KEY_2,626. 군자교 서측 녹지대,ST-394,171,29,17,127.07096863,37.56115341
2026-06-26T05:50:33.872137+09:00,장한평역,장한평역,POI049,KEY_2,529. 장한평역 8번 출구 앞,ST-243,300,24,8,127.06365967,37.56137085
2026-06-26T05:50:33.872137+09:00,장한평역,장한평역,POI049,KEY_2,4385. 용답동 우체국 주변,ST-3099,300,15,5,127.06151581,37.56168747
2026-06-26T05:50:33.872137+09:00,장한평역,장한평역,POI049,KEY_2,4105. 서울교통공사사거리 교통섬,ST-2499,0,0,10,127.05799103,37.56324005
2026-06-26T05:50:33.872137+09:00,천호역,천호역,POI050,KEY_3,1264. 천호역 10번 출구 앞,ST-1083,0,0,8,127.12280273,37.53858185
2026-06-26T05:50:33.872137+09:00,천호역,천호역,POI050,KEY_3,1009. 천호역4번출구(현대백화점),ST-493,15,3,20,127.12424469,37.53866577
2026-06-26T05:50:33.872137+09:00,천호역,천호역,POI050,KEY_3,3657. 서울천호동우체국,ST-2732,230,23,10,127.12576294,37.54074097
2026-06-26T05:50:33.872137+09:00,총신대입구(이수)역,총신대입구(이수)역,POI051,KEY_4,2082.7호선 이수역7번출구,ST-2355,310,31,10,126.98179626,37.4846077
2026-06-26T05:50:33.872137+09:00,총신대입구(이수)역,총신대입구(이수)역,POI051,KEY_4,2032. 이수역 11번출구쪽,ST-923,170,17,10,126.98162079,37.48550797
2026-06-26T05:50:33.872137+09:00,총신대입구(이수)역,총신대입구(이수)역,POI051,KEY_4,2091. 이수역9번출구,ST-2364,240,36,15,126.98059082,37.48470306
2026-06-26T05:50:33.872137+09:00,총신대입구(이수)역,총신대입구(이수)역,POI051,KEY_4,2511. 이수역 6번출구 앞,ST-1739,100,10,10,126.98234558,37.48398972
2026-06-26T05:50:33.872137+09:00,총신대입구(이수)역,총신대입구(이수)역,POI051,KEY_4,2264. 이수역 1번출구,ST-935,200,18,9,126.98271942,37.48897171
2026-06-26T05:50:33.872137+09:00,충정로역,충정로역,POI052,KEY_1,3134.SK리쳄블(서울아리수본부),ST-2219,40,4,10,126.96658325,37.56131744
2026-06-26T05:50:33.872137+09:00,충정로역,충정로역,POI052,KEY_1,3114.충정로역 3번 출구,ST-2198,14,1,7,126.96552277,37.56046295
2026-06-26T05:50:33.872137+09:00,충정로역,충정로역,POI052,KEY_1,4801. 충정로역 2호선(엘리베이터 앞),ST-3053,40,2,5,126.96414185,37.55937576
2026-06-26T05:50:33.872137+09:00,충정로역,충정로역,POI052,KEY_1,4266.국민연금공단충정로사옥,ST-3027,0,0,9,126.96414948,37.56184769
2026-06-26T05:50:33.872137+09:00,충정로역,충정로역,POI052,KEY_1,4752. 삼성사이버빌리지아파트,ST-2624,0,0,7,126.96485901,37.55891418
2026-06-26T05:50:33.872137+09:00,충정로역,충정로역,POI052,KEY_1,4271. 충정로역 1번 출구,ST-3107,29,2,7,126.96305847,37.55942535
2026-06-26T05:50:33.872137+09:00,충정로역,충정로역,POI052,KEY_1,180. 충정로역 7번출구 아래,ST-233,60,6,10,126.96246338,37.55996704
2026-06-26T05:50:33.872137+09:00,합정역,합정역,POI053,KEY_2,105. 합정역 5번출구 앞,ST-7,20,1,5,126.91482544,37.55000687
2026-06-26T05:50:33.872137+09:00,합정역,합정역,POI053,KEY_2,497.합정동주민센터 앞,ST-2156,12,3,25,126.91230011,37.551754
2026-06-26T05:50:33.872137+09:00,합정역,합정역,POI053,KEY_2,106. 합정역 7번출구 앞,ST-8,0,0,12,126.91282654,37.54864502
2026-06-26T05:50:33.872137+09:00,합정역,합정역,POI053,KEY_2,4211. 시석빌딩 앞,ST-2534,0,0,8,126.91671753,37.54836655
2026-06-26T05:50:33.872137+09:00,혜화역,혜화역,POI054,KEY_3,342. 대학로 마로니에공원,ST-158,64,14,22,127.00234222,37.58044434
2026-06-26T05:50:33.872137+09:00,혜화역,혜화역,POI054,KEY_3,341. 혜화역 3번출구 뒤,ST-157,13,1,8,127.00178528,37.58156967
2026-06-26T05:50:33.872137+09:00,혜화역,혜화역,POI054,KEY_3,358. 성균관대입구 사거리 A,ST-173,8,1,13,126.99853516,37.58250046
2026-06-26T05:50:33.872137+09:00,혜화역,혜화역,POI054,KEY_3,3419.국립어린이과학관,ST-1816,29,4,14,126.99736786,37.58194733
2026-06-26T05:50:33.872137+09:00,혜화역,혜화역,POI054,KEY_3,3420. 성균관대입구 사거리 B,ST-1817,30,3,10,126.99885559,37.58327484
2026-06-26T05:50:33.872137+09:00,혜화역,혜화역,POI054,KEY_3,3421.혜화역 1번출구,ST-1818,10,1,10,127.00185394,37.58385468
2026-06-26T05:50:33.872137+09:00,홍대입구역(2호선),홍대입구역(2호선),POI055,KEY_4,114. 홍대입구역 8번출구 앞,ST-20,13,2,15,126.92442322,37.55706024
2026-06-26T05:50:33.872137+09:00,홍대입구역(2호선),홍대입구역(2호선),POI055,KEY_4,113. 홍대입구역 2번출구 앞,ST-18,11,3,28,126.9238205,37.5574379
2026-06-26T05:50:33.872137+09:00,회기역,회기역,POI056,KEY_1,680.꿈마루어린이도서관 앞,ST-2280,159,35,22,127.05741119,37.59238434
2026-06-26T05:50:33.872137+09:00,회기역,회기역,POI056,KEY_1,670.삼육서울병원 버스정류장,ST-2270,322,29,9,127.06151581,37.5896759
2026-06-26T06:41:28.620740+09:00,광화문·덕수궁,광화문·덕수궁,POI009,KEY_2,458. 광화문역 5번출구,ST-1611,14,3,21,126.97756958,37.56989288
2026-06-26T06:41:28.620740+09:00,광화문·덕수궁,광화문·덕수궁,POI009,KEY_2,303. 광화문역 1번출구 앞,ST-119,0,0,8,126.97466278,37.57176971
2026-06-26T06:41:28.620740+09:00,광화문·덕수궁,광화문·덕수궁,POI009,KEY_2,305. 종로구청 옆,ST-121,31,5,16,126.97833252,37.57255936
2026-06-26T06:41:28.620740+09:00,광화문·덕수궁,광화문·덕수궁,POI009,KEY_2,309. 광화문역 6번출구 옆 B,ST-125,15,2,13,126.97615814,37.56996155
2026-06-26T06:41:28.620740+09:00,광화문·덕수궁,광화문·덕수궁,POI009,KEY_2,4796. 서울시청,ST-2693,30,6,20,126.97925568,37.5664711
2026-06-26T06:41:28.620740+09:00,광화문·덕수궁,광화문·덕수궁,POI009,KEY_2,4719. 종로문화원 건너편,ST-3090,27,4,15,126.9805069,37.57571411
2026-06-26T06:41:28.620740+09:00,광화문·덕수궁,광화문·덕수궁,POI009,KEY_2,4718. 광화문역 6번출구 옆 A,ST-3075,10,1,10,126.9764328,37.56993103
2026-06-26T06:41:28.620740+09:00,광화문·덕수궁,광화문·덕수궁,POI009,KEY_2,6058. 시청역 2번출구,ST-3297,80,12,15,126.97702026,37.56557846
2026-06-26T06:41:28.620740+09:00,광화문·덕수궁,광화문·덕수궁,POI009,KEY_2,391. 시립미술관,ST-977,113,9,8,126.97340393,37.56505203
2026-06-26T06:41:28.620740+09:00,광화문·덕수궁,광화문·덕수궁,POI009,KEY_2,310. 청계광장 옆,ST-126,13,1,8,126.9774704,37.56887817
2026-06-26T06:41:28.620740+09:00,보신각,보신각,POI010,KEY_3,316. 종각역 1번출구 앞,ST-132,13,1,8,126.98178864,37.57039642
2026-06-26T06:41:28.620740+09:00,보신각,보신각,POI010,KEY_3,385. 종각역 5번출구,ST-336,0,0,10,126.98265839,37.56983566
2026-06-26T06:41:28.620740+09:00,보신각,보신각,POI010,KEY_3,3408.종로타워빌딩,ST-1805,0,0,13,126.98323822,37.57070541
2026-06-26T06:41:28.620740+09:00,보신각,보신각,POI010,KEY_3,4708. 조계사앞사거리,ST-2472,33,2,6,126.98283386,37.5721817
2026-06-26T06:41:28.620740+09:00,서울 암사동 유적,서울 암사동 유적,POI011,KEY_4,1007.암사동 선사유적지,ST-491,229,32,14,127.13087463,37.55955887
2026-06-26T06:41:28.620740+09:00,서울 암사동 유적,서울 암사동 유적,POI011,KEY_4,3539. 서원마을,ST-1686,70,7,10,127.13283539,37.56379318
2026-06-26T06:41:28.620740+09:00,창덕궁·종묘,창덕궁·종묘,POI012,KEY_1,339. 종로4가 사거리,ST-155,10,1,10,126.99819183,37.57106781
2026-06-26T06:41:28.620740+09:00,창덕궁·종묘,창덕궁·종묘,POI012,KEY_1,337. 창경궁 입구,ST-153,40,2,5,126.99647522,37.57897949
2026-06-26T06:41:28.620740+09:00,창덕궁·종묘,창덕궁·종묘,POI012,KEY_1,338. 세운스퀘어 앞,ST-154,0,0,18,126.99712372,37.57095718
2026-06-26T06:41:28.620740+09:00,창덕궁·종묘,창덕궁·종묘,POI012,KEY_1,359. 원남동사거리,ST-174,75,6,8,126.99768066,37.57606125
2026-06-26T06:41:28.620740+09:00,창덕궁·종묘,창덕궁·종묘,POI012,KEY_1,3413.종로플레이스,ST-1810,36,8,22,126.99796295,37.57320023
2026-06-26T06:41:28.620740+09:00,창덕궁·종묘,창덕궁·종묘,POI012,KEY_1,3410.종로3가역 8번출구,ST-1807,50,5,10,126.99188995,37.5724678
2026-06-26T06:41:28.620740+09:00,창덕궁·종묘,창덕궁·종묘,POI012,KEY_1,3411.종묘,ST-1808,33,3,9,126.99437714,37.57072067
2026-06-26T06:41:28.620740+09:00,동대문 관광특구,동대문 관광특구,POI002,KEY_3,475.DDP 패션몰,ST-1781,19,4,21,127.0118103,37.56764984
2026-06-26T06:41:28.620740+09:00,동대문 관광특구,동대문 관광특구,POI002,KEY_3,346. 맥스타일 앞,ST-162,40,4,10,127.01014709,37.5689621
2026-06-26T06:41:28.620740+09:00,동대문 관광특구,동대문 관광특구,POI002,KEY_3,347. 동대문역사문화공원역 9번출구 앞,ST-163,39,7,18,127.00784302,37.56533051
2026-06-26T06:41:28.620740+09:00,동대문 관광특구,동대문 관광특구,POI002,KEY_3,474.동대문역사문화공원역 1번출구 뒤편,ST-1780,50,20,40,127.00849152,37.56629944
2026-06-26T06:41:28.620740+09:00,동대문 관광특구,동대문 관광특구,POI002,KEY_3,6061.충무아트센터,ST-3381,60,6,10,127.01522064,37.56538773
2026-06-26T06:41:28.620740+09:00,동대문 관광특구,동대문 관광특구,POI002,KEY_3,4765. 동대문디자인플라자,ST-2431,5,1,20,127.00946045,37.5683136
2026-06-26T06:41:28.620740+09:00,동대문 관광특구,동대문 관광특구,POI002,KEY_3,383. 신당역 12번 출구 뒤,ST-198,4,1,24,127.01642609,37.56591797
2026-06-26T06:41:28.620740+09:00,명동 관광특구,명동 관광특구,POI003,KEY_4,320. 을지로입구역 4번출구 앞,ST-136,6,1,17,126.98358917,37.56622314
2026-06-26T06:41:28.620740+09:00,명동 관광특구,명동 관광특구,POI003,KEY_4,466.롯데호텔,ST-1772,77,10,13,126.97981262,37.56584167
2026-06-26T06:41:28.620740+09:00,명동 관광특구,명동 관광특구,POI003,KEY_4,321. KEB 하나금융그룹 명동사옥 옆,ST-137,0,0,15,126.98413849,37.56546402
2026-06-26T06:41:28.620740+09:00,명동 관광특구,명동 관광특구,POI003,KEY_4,433. 을지로입구역 2번출구,ST-1668,0,0,12,126.98229218,37.56634521
2026-06-26T06:41:28.620740+09:00,명동 관광특구,명동 관광특구,POI003,KEY_4,318. 광교사거리 남측,ST-134,0,0,10,126.98231506,37.56863403
2026-06-26T06:41:28.620740+09:00,명동 관광특구,명동 관광특구,POI003,KEY_4,398. 을지로3가역 3번출구,ST-1435,63,5,8,126.99249268,37.56660461
2026-06-26T06:41:28.620740+09:00,명동 관광특구,명동 관광특구,POI003,KEY_4,331. 을지로2가 사거리 북측,ST-147,0,0,10,126.98720551,37.56638336
2026-06-26T06:41:28.620740+09:00,명동 관광특구,명동 관광특구,POI003,KEY_4,322. 명동성당 앞,ST-138,10,1,10,126.98696899,37.56447601
2026-06-26T06:41:28.620740+09:00,명동 관광특구,명동 관광특구,POI003,KEY_4,324. 신세계백화점 본점 앞,ST-140,63,5,8,126.9805069,37.56134415
2026-06-26T06:41:28.620740+09:00,명동 관광특구,명동 관광특구,POI003,KEY_4,3013.서울지방고용노동청 앞,ST-2422,29,2,7,126.98725891,37.56760406
2026-06-26T06:41:28.620740+09:00,명동 관광특구,명동 관광특구,POI003,KEY_4,4791. 명동역9번 출구,ST-2527,20,2,10,126.98749542,37.56122589
2026-06-26T06:41:28.620740+09:00,명동 관광특구,명동 관광특구,POI003,KEY_4,4796. 서울시청,ST-2693,30,6,20,126.97925568,37.5664711
2026-06-26T06:41:28.620740+09:00,명동 관광특구,명동 관광특구,POI003,KEY_4,4776. 신세계면세점,ST-2522,30,3,10,126.98139191,37.56027603
2026-06-26T06:41:28.620740+09:00,명동 관광특구,명동 관광특구,POI003,KEY_4,4775. 을지로지하쇼핑센터,ST-2521,0,0,10,126.98445129,37.56589127
2026-06-26T06:41:28.620740+09:00,명동 관광특구,명동 관광특구,POI003,KEY_4,4774. 을지로입구역 8번출구,ST-2520,0,0,9,126.98178101,37.56590271
2026-06-26T06:41:28.620740+09:00,명동 관광특구,명동 관광특구,POI003,KEY_4,6058. 시청역 2번출구,ST-3297,80,12,15,126.97702026,37.56557846
2026-06-26T06:41:28.620740+09:00,명동 관광특구,명동 관광특구,POI003,KEY_4,4762. 국제빌딩,ST-2517,20,2,10,126.98244476,37.56694794
2026-06-26T06:41:28.620740+09:00,명동 관광특구,명동 관광특구,POI003,KEY_4,310. 청계광장 옆,ST-126,13,1,8,126.9774704,37.56887817
2026-06-26T06:41:28.620740+09:00,이태원 관광특구,이태원 관광특구,POI004,KEY_1,854.HID 유족동지회 앞,ST-2178,0,0,10,127.0014801,37.53850937
2026-06-26T06:41:28.620740+09:00,이태원 관광특구,이태원 관광특구,POI004,KEY_1,857. 현대 안성타워,ST-2181,0,0,10,126.99797058,37.53508759
2026-06-26T06:41:28.620740+09:00,이태원 관광특구,이태원 관광특구,POI004,KEY_1,843. 이태원관광특구 입구(용산구청방향),ST-1445,0,0,19,126.98867035,37.53379822
2026-06-26T06:41:28.620740+09:00,이태원 관광특구,이태원 관광특구,POI004,KEY_1,4612. 이태원로 255,ST-2444,0,0,5,127.00084686,37.53749847
2026-06-26T06:41:28.620740+09:00,이태원 관광특구,이태원 관광특구,POI004,KEY_1,4623. 라인프랜즈이태원점 앞,ST-2453,0,0,10,126.99619293,37.53453064
2026-06-26T06:41:28.620740+09:00,이태원 관광특구,이태원 관광특구,POI004,KEY_1,4613. 서울갤러리아 앞,ST-2445,0,0,5,126.99937439,37.53597641
2026-06-26T06:41:28.620740+09:00,이태원 관광특구,이태원 관광특구,POI004,KEY_1,4634. 이태원역 3번 출구,ST-3056,0,0,5,126.99497223,37.5343895
2026-06-26T06:41:28.620740+09:00,잠실 관광특구,잠실 관광특구,POI005,KEY_2,1210. 롯데월드타워(잠실역2번출구 쪽),ST-891,20,6,30,127.10095978,37.51312637
2026-06-26T06:41:28.620740+09:00,잠실 관광특구,잠실 관광특구,POI005,KEY_2,1297. 석촌호수교차로(동호 팔각정 앞),ST-1586,7,1,15,127.10411835,37.50920105
2026-06-26T06:41:28.620740+09:00,잠실 관광특구,잠실 관광특구,POI005,KEY_2,1233. 잠실3거리(갤러리아팰리스),ST-551,33,3,9,127.09336853,37.51050949
2026-06-26T06:41:28.620740+09:00,잠실 관광특구,잠실 관광특구,POI005,KEY_2,1296. 석촌호수교차로 (송파나루근린공원 앞),ST-1585,0,0,10,127.1034317,37.50867844
2026-06-26T06:41:28.620740+09:00,잠실 관광특구,잠실 관광특구,POI005,KEY_2,1268. 몽촌토성역 1번출구 옆,ST-1087,53,8,15,127.11419678,37.51728821
2026-06-26T06:41:28.620740+09:00,잠실 관광특구,잠실 관광특구,POI005,KEY_2,1267. 올림픽공원 남2문 앞,ST-1086,0,0,14,127.12306976,37.51424026
2026-06-26T06:41:28.620740+09:00,잠실 관광특구,잠실 관광특구,POI005,KEY_2,2622. 올림픽공원역 3번출구,ST-1720,40,8,20,127.13059235,37.51625824
2026-06-26T06:41:28.620740+09:00,잠실 관광특구,잠실 관광특구,POI005,KEY_2,2601. 석촌호수 아뜰리에,ST-1590,81,13,16,127.09883118,37.5067482
2026-06-26T06:41:28.620740+09:00,잠실 관광특구,잠실 관광특구,POI005,KEY_2,2621. 한성백제역 2번 출구,ST-1719,67,10,15,127.11625671,37.51665878
2026-06-26T06:41:28.620740+09:00,잠실 관광특구,잠실 관광특구,POI005,KEY_2,2608. 송파구청,ST-1681,20,2,10,127.10611725,37.51499176
2026-06-26T06:41:28.620740+09:00,잠실 관광특구,잠실 관광특구,POI005,KEY_2,2647.잠실 자전거 수리센터 앞,ST-1868,114,8,7,127.10114288,37.51100922
2026-06-26T06:41:28.620740+09:00,잠실 관광특구,잠실 관광특구,POI005,KEY_2,4862. 성내교 남단,ST-2756,100,10,10,127.11588287,37.52301788
2026-06-26T06:41:28.620740+09:00,잠실 관광특구,잠실 관광특구,POI005,KEY_2,5751. 송파여성축구장,ST-3069,0,0,10,127.11743927,37.52471542
2026-06-26T06:41:28.620740+09:00,잠실 관광특구,잠실 관광특구,POI005,KEY_2,4865. 한성백제역 1번출구 뒤,ST-2797,260,13,5,127.1149826,37.51647949
2026-06-26T06:41:28.620740+09:00,잠실 관광특구,잠실 관광특구,POI005,KEY_2,5768.방이삼거리,ST-3214,8,1,12,127.10822296,37.51237488
2026-06-26T06:41:28.620740+09:00,잠실 관광특구,잠실 관광특구,POI005,KEY_2,4870. 몽촌토성역 3번 출구,ST-2876,120,12,10,127.11232758,37.5170784
2026-06-26T06:41:28.620740+09:00,잠실 관광특구,잠실 관광특구,POI005,KEY_2,4857. 올림픽공원 장미광장,ST-2621,0,0,15,127.126297,37.51275635
2026-06-26T06:41:28.620740+09:00,잠실 관광특구,잠실 관광특구,POI005,KEY_2,4868. 석촌호수 서호 남단,ST-2833,70,7,10,127.10124207,37.50717163
2026-06-26T06:41:28.620740+09:00,잠실 관광특구,잠실 관광특구,POI005,KEY_2,5781. 올림픽공원 수영장,ST-3300,236,33,14,127.12688446,37.52157211
2026-06-26T06:41:28.620740+09:00,잠실 관광특구,잠실 관광특구,POI005,KEY_2,4464. 올림픽공원 북2문 A,ST-2580,67,10,15,127.12804413,37.52357483
2026-06-26T06:41:28.620740+09:00,잠실 관광특구,잠실 관광특구,POI005,KEY_2,4481. 올림픽공원 북2문 B,ST-2592,104,26,25,127.12751007,37.52397537
2026-06-26T06:41:28.620740+09:00,잠실 관광특구,잠실 관광특구,POI005,KEY_2,4856. 올림픽공원 서1문 앞,ST-2608,60,6,10,127.11457062,37.5202179
2026-06-26T06:41:28.620740+09:00,잠실 관광특구,잠실 관광특구,POI005,KEY_2,1232. 잠실주공 521동 건너편,ST-550,120,12,10,127.09568787,37.51184082
2026-06-26T06:41:28.620740+09:00,종로·청계 관광특구,종로·청계 관광특구,POI006,KEY_3,368. SK 서린빌딩 앞,ST-181,20,3,15,126.98053741,37.5692482
2026-06-26T06:41:28.620740+09:00,종로·청계 관광특구,종로·청계 관광특구,POI006,KEY_3,397. 종묘공영주차장 건너편,ST-1432,23,3,13,126.99663544,37.57048035
2026-06-26T06:41:28.620740+09:00,종로·청계 관광특구,종로·청계 관광특구,POI006,KEY_3,458. 광화문역 5번출구,ST-1611,14,3,21,126.97756958,37.56989288
2026-06-26T06:41:28.620740+09:00,종로·청계 관광특구,종로·청계 관광특구,POI006,KEY_3,385. 종각역 5번출구,ST-336,0,0,10,126.98265839,37.56983566
2026-06-26T06:41:28.620740+09:00,종로·청계 관광특구,종로·청계 관광특구,POI006,KEY_3,329. 청계2가 사거리 옆,ST-145,0,0,8,126.98788452,37.56848526
2026-06-26T06:41:28.620740+09:00,종로·청계 관광특구,종로·청계 관광특구,POI006,KEY_3,335. 종로3가역 15번출구 뒤,ST-151,110,11,10,126.99165344,37.57019424
2026-06-26T06:41:28.620740+09:00,종로·청계 관광특구,종로·청계 관광특구,POI006,KEY_3,393. 동대문역 8번 출구,ST-1372,33,4,12,127.00937653,37.57014084
2026-06-26T06:41:28.620740+09:00,종로·청계 관광특구,종로·청계 관광특구,POI006,KEY_3,3415.동대문역6번출구,ST-1812,93,14,15,127.0107193,37.57147217
2026-06-26T06:41:28.620740+09:00,종로·청계 관광특구,종로·청계 관광특구,POI006,KEY_3,3412.세운상가,ST-1809,7,1,15,126.99454498,37.5703125
2026-06-26T06:41:28.620740+09:00,종로·청계 관광특구,종로·청계 관광특구,POI006,KEY_3,3432.종로2가 사거리,ST-1829,64,9,14,126.98880768,37.57001877
2026-06-26T06:41:28.620740+09:00,종로·청계 관광특구,종로·청계 관광특구,POI006,KEY_3,4707. 청계3가 사거리,ST-2513,20,1,5,126.99211884,37.56855774
2026-06-26T06:41:28.620740+09:00,종로·청계 관광특구,종로·청계 관광특구,POI006,KEY_3,455. 종로6가역 버스정류장(동대문 방향),ST-1608,50,4,8,127.00605774,37.570961
2026-06-26T06:41:28.620740+09:00,홍대 관광특구,홍대 관광특구,POI007,KEY_4,493.홍대입구역 6번출구,ST-2152,0,0,7,126.9288559,37.55657578
2026-06-26T06:41:28.620740+09:00,홍대 관광특구,홍대 관광특구,POI007,KEY_4,114. 홍대입구역 8번출구 앞,ST-20,20,3,15,126.92442322,37.55706024
2026-06-26T06:41:28.620740+09:00,홍대 관광특구,홍대 관광특구,POI007,KEY_4,104. 합정역 1번출구 앞,ST-6,0,0,13,126.91508484,37.55073929
2026-06-26T06:41:28.620740+09:00,홍대 관광특구,홍대 관광특구,POI007,KEY_4,113. 홍대입구역 2번출구 앞,ST-18,18,5,28,126.9238205,37.5574379
2026-06-26T06:41:28.620740+09:00,홍대 관광특구,홍대 관광특구,POI007,KEY_4,108. 서교동 사거리,ST-10,0,0,12,126.91861725,37.55274582
2026-06-26T06:41:28.620740+09:00,홍대 관광특구,홍대 관광특구,POI007,KEY_4,3009. 홍대입구역 사거리,ST-2167,0,0,20,126.92023468,37.55450058
2026-06-26T06:41:28.620740+09:00,홍대 관광특구,홍대 관광특구,POI007,KEY_4,3010.홍대입구역 3번출구,ST-2168,27,4,15,126.92538452,37.5582962
2026-06-26T06:41:28.620740+09:00,홍대 관광특구,홍대 관광특구,POI007,KEY_4,4211. 시석빌딩 앞,ST-2534,0,0,8,126.91671753,37.54836655
2026-06-26T06:41:28.620740+09:00,홍대 관광특구,홍대 관광특구,POI007,KEY_4,4208. 스타벅스(동교동) 앞,ST-2532,10,1,10,126.91986847,37.5566597
2026-06-26T06:41:28.620740+09:00,국립중앙박물관·용산가족공원,국립중앙박물관·용산가족공원,POI089,KEY_1,863.이촌역2번 출구,ST-2187,150,15,10,126.977005,37.52177048
2026-06-26T06:41:28.620740+09:00,국립중앙박물관·용산가족공원,국립중앙박물관·용산가족공원,POI089,KEY_1,855.이촌역5번출구 앞,ST-2179,40,4,10,126.97277069,37.52272415
2026-06-26T06:41:28.620740+09:00,남산공원,남산공원,POI091,KEY_3,859.남산공원 야외식물원 앞,ST-2183,10,1,10,126.99586487,37.54188538
2026-06-26T06:41:28.620740+09:00,남산공원,남산공원,POI091,KEY_3,371. 동대입구역 6번출구 뒤,ST-186,20,2,10,127.00553894,37.55887222
2026-06-26T06:41:28.620740+09:00,남산공원,남산공원,POI091,KEY_3,381. 장충체육관,ST-196,30,3,10,127.00698853,37.55853271
2026-06-26T06:41:28.620740+09:00,남산공원,남산공원,POI091,KEY_3,4621. 남산도서관 앞,ST-3054,0,0,12,126.98201752,37.55240631
2026-06-26T06:41:28.620740+09:00,노들섬,노들섬,POI092,KEY_4,869.노들섬 동측 앞,ST-2239,0,0,10,126.95914459,37.51729584
2026-06-26T06:41:28.620740+09:00,노들섬,노들섬,POI092,KEY_4,870.노들섬 서측 앞,ST-2240,10,1,10,126.95829773,37.51731873
2026-06-26T06:41:28.620740+09:00,망원한강공원,망원한강공원,POI094,KEY_2,105. 합정역 5번출구 앞,ST-7,20,1,5,126.91482544,37.55000687
2026-06-26T06:41:28.620740+09:00,망원한강공원,망원한강공원,POI094,KEY_2,4217. 한강공원 망원나들목,ST-2905,140,28,20,126.89688873,37.55557632
2026-06-26T06:41:28.620740+09:00,망원한강공원,망원한강공원,POI094,KEY_2,5515.한강버스 망원 선착장,ST-3388,23,7,30,126.89590454,37.55466461
2026-06-26T06:41:28.620740+09:00,보라매공원,보라매공원,POI123,KEY_4,4181. 보라매공원역 2번출구,ST-3117,33,2,6,126.91781616,37.49582291
2026-06-26T06:41:28.620740+09:00,보라매공원,보라매공원,POI123,KEY_4,4179. 보라매병원역 1번출구,ST-3105,5,1,20,126.92362976,37.49304199
2026-06-26T06:41:28.620740+09:00,북서울꿈의숲,북서울꿈의숲,POI096,KEY_1,1548. 북서울 꿈의숲 서문,ST-1725,100,15,15,127.03781128,37.62268829
2026-06-26T06:41:28.620740+09:00,북서울꿈의숲,북서울꿈의숲,POI096,KEY_1,1571.북서울 꿈의 숲 입구,ST-2401,20,2,10,127.03864288,37.62657166
2026-06-26T06:41:28.620740+09:00,북서울꿈의숲,북서울꿈의숲,POI096,KEY_1,3718. 번동3단지 버스정류장,ST-2610,173,19,11,127.04390717,37.628685
2026-06-26T06:41:28.620740+09:00,서대문독립공원,서대문독립공원,POI124,KEY_2,367. 독립문역 3-1번출구,ST-180,208,27,13,126.95851898,37.57415771
2026-06-26T06:41:28.620740+09:00,서대문독립공원,서대문독립공원,POI124,KEY_2,3426.독립문역 2번출구 뒤,ST-1823,210,21,10,126.95755005,37.57501602
2026-06-26T06:41:28.620740+09:00,서대문독립공원,서대문독립공원,POI124,KEY_2,3113. 독립문 앞,ST-2199,67,10,15,126.95974731,37.57220459
2026-06-26T06:41:28.620740+09:00,서대문독립공원,서대문독립공원,POI124,KEY_2,3427.인왕산 아이파크 정문,ST-1824,200,16,8,126.95584869,37.57666779
2026-06-26T06:41:28.620740+09:00,서리풀공원·몽마르뜨공원,서리풀공원·몽마르뜨공원,POI098,KEY_3,4316. 고속터미널역 3번출구,ST-2667,20,5,25,127.0059433,37.50365829
2026-06-26T06:41:28.620740+09:00,서리풀공원·몽마르뜨공원,서리풀공원·몽마르뜨공원,POI098,KEY_3,4312. 반포미도2차아파트 옆,ST-2663,10,1,10,127.00653076,37.50320435
2026-06-26T06:41:28.620740+09:00,서리풀공원·몽마르뜨공원,서리풀공원·몽마르뜨공원,POI098,KEY_3,4327. 몽마르뜨공원입구,ST-3009,0,0,11,127.0026474,37.4928894
2026-06-26T06:41:28.620740+09:00,서울숲공원,서울숲공원,POI101,KEY_1,510. 뚝도아리수정수센터 버스정류소 옆,ST-107,67,10,15,127.04380035,37.54122162
2026-06-26T06:41:28.620740+09:00,서울숲공원,서울숲공원,POI101,KEY_1,3552.서울숲 공영주차장앞,ST-2334,21,4,19,127.04277039,37.54195786
2026-06-26T06:41:28.620740+09:00,서울숲공원,서울숲공원,POI101,KEY_1,4401.뚝섬유수지 공영주차장,ST-3393,70,7,10,127.042099,37.55018234
2026-06-26T06:41:28.620740+09:00,송현녹지광장,송현녹지광장,POI129,KEY_2,354. 포르투갈 대사관 앞,ST-170,0,0,10,126.98896027,37.57915497
2026-06-26T06:41:28.620740+09:00,송현녹지광장,송현녹지광장,POI129,KEY_2,353. 재동초교 앞 삼거리,ST-169,100,8,8,126.9849472,37.57938766
2026-06-26T06:41:28.620740+09:00,송현녹지광장,송현녹지광장,POI129,KEY_2,314. 국립현대미술관,ST-130,40,4,10,126.98085785,37.5797081
2026-06-26T06:41:28.620740+09:00,송현녹지광장,송현녹지광장,POI129,KEY_2,3407.안국동사거리(신),ST-1804,0,0,18,126.98339081,37.57580566
2026-06-26T06:41:28.620740+09:00,송현녹지광장,송현녹지광장,POI129,KEY_2,4705. 웰니스센터(민방위교육장 앞),ST-2565,0,0,6,126.98912811,37.57752991
2026-06-26T06:41:28.620740+09:00,송현녹지광장,송현녹지광장,POI129,KEY_2,4719. 종로문화원 건너편,ST-3090,27,4,15,126.9805069,37.57571411
2026-06-26T06:41:28.620740+09:00,어린이대공원,어린이대공원,POI104,KEY_2,574. 아차산역4번출구,ST-385,141,31,22,127.08898163,37.55184937
2026-06-26T06:41:28.620740+09:00,어린이대공원,어린이대공원,POI104,KEY_2,573. 구의문주차장 앞,ST-384,170,17,10,127.08473206,37.54523087
2026-06-26T06:41:28.620740+09:00,어린이대공원,어린이대공원,POI104,KEY_2,500. 어린이대공원역 3번출구 앞,ST-97,60,3,5,127.07466888,37.54697037
2026-06-26T06:41:28.620740+09:00,어린이대공원,어린이대공원,POI104,KEY_2,3573.광나루안전체험관,ST-2312,20,3,15,127.07671356,37.5513382
2026-06-26T06:41:28.620740+09:00,어린이대공원,어린이대공원,POI104,KEY_2,3853. 어린이대공원역 2번출구,ST-2541,11,2,18,127.07470703,37.54764938
2026-06-26T06:41:28.620740+09:00,어린이대공원,어린이대공원,POI104,KEY_2,3507. 어린이회관,ST-1192,77,24,31,127.07800293,37.54595184
2026-06-26T06:41:28.620740+09:00,어린이대공원,어린이대공원,POI104,KEY_2,3529. 어린이대공원정문,ST-1603,60,9,15,127.07592773,37.54978943
2026-06-26T06:41:28.620740+09:00,어린이대공원,어린이대공원,POI104,KEY_2,3860. 건국대학교 정문 앞,ST-2542,60,6,10,127.07571411,37.5465126
2026-06-26T06:41:28.620740+09:00,여의도한강공원,여의도한강공원,POI105,KEY_3,249. 여의도중학교 옆,ST-297,19,3,16,126.93580627,37.52457809
2026-06-26T06:41:28.620740+09:00,여의도한강공원,여의도한강공원,POI105,KEY_3,260. 여의도 마리나선착장 앞,ST-414,40,6,15,126.91216278,37.53365707
2026-06-26T06:41:28.620740+09:00,여의도한강공원,여의도한강공원,POI105,KEY_3,5891.한강버스 여의도 선착장,ST-3402,253,76,30,126.93422699,37.52816391
2026-06-26T06:41:28.620740+09:00,여의도한강공원,여의도한강공원,POI105,KEY_3,5890.여의나루역 3번출구,ST-3401,9,1,11,126.93336487,37.52645493
2026-06-26T06:41:28.620740+09:00,여의서로,여의서로,POI126,KEY_4,298.KBS 연구동 건너편,ST-1970,4,1,25,126.91374207,37.52724838
2026-06-26T06:41:28.620740+09:00,여의서로,여의서로,POI126,KEY_4,297.국회3문,ST-1969,0,0,10,126.91267395,37.52863693
2026-06-26T06:41:28.620740+09:00,여의서로,여의서로,POI126,KEY_4,260. 여의도 마리나선착장 앞,ST-414,40,6,15,126.91216278,37.53365707
2026-06-26T06:41:28.620740+09:00,올림픽공원,올림픽공원,POI127,KEY_1,1268. 몽촌토성역 1번출구 옆,ST-1087,53,8,15,127.11419678,37.51728821
2026-06-26T06:41:28.620740+09:00,올림픽공원,올림픽공원,POI127,KEY_1,1267. 올림픽공원 남2문 앞,ST-1086,0,0,14,127.12306976,37.51424026
2026-06-26T06:41:28.620740+09:00,올림픽공원,올림픽공원,POI127,KEY_1,2622. 올림픽공원역 3번출구,ST-1720,35,7,20,127.13059235,37.51625824
2026-06-26T06:41:28.620740+09:00,올림픽공원,올림픽공원,POI127,KEY_1,2621. 한성백제역 2번 출구,ST-1719,67,10,15,127.11625671,37.51665878
2026-06-26T06:41:28.620740+09:00,올림픽공원,올림픽공원,POI127,KEY_1,4862. 성내교 남단,ST-2756,100,10,10,127.11588287,37.52301788
2026-06-26T06:41:28.620740+09:00,올림픽공원,올림픽공원,POI127,KEY_1,5751. 송파여성축구장,ST-3069,0,0,10,127.11743927,37.52471542
2026-06-26T06:41:28.620740+09:00,올림픽공원,올림픽공원,POI127,KEY_1,4865. 한성백제역 1번출구 뒤,ST-2797,260,13,5,127.1149826,37.51647949
2026-06-26T06:41:28.620740+09:00,올림픽공원,올림픽공원,POI127,KEY_1,4857. 올림픽공원 장미광장,ST-2621,0,0,15,127.126297,37.51275635
2026-06-26T06:41:28.620740+09:00,올림픽공원,올림픽공원,POI127,KEY_1,5781. 올림픽공원 수영장,ST-3300,250,35,14,127.12688446,37.52157211
2026-06-26T06:41:28.620740+09:00,올림픽공원,올림픽공원,POI127,KEY_1,4464. 올림픽공원 북2문 A,ST-2580,67,10,15,127.12804413,37.52357483
2026-06-26T06:41:28.620740+09:00,올림픽공원,올림픽공원,POI127,KEY_1,4481. 올림픽공원 북2문 B,ST-2592,104,26,25,127.12751007,37.52397537
2026-06-26T06:41:28.620740+09:00,올림픽공원,올림픽공원,POI127,KEY_1,4856. 올림픽공원 서1문 앞,ST-2608,60,6,10,127.11457062,37.5202179
2026-06-26T06:41:28.620740+09:00,월드컵공원,월드컵공원,POI106,KEY_2,413. 상암월드컵파크 3단지 후문,ST-92,100,10,10,126.88968658,37.57147598
2026-06-26T06:41:28.620740+09:00,월드컵공원,월드컵공원,POI106,KEY_2,199. 서울 월드컵 경기장,ST-443,10,3,30,126.89644623,37.56684494
2026-06-26T06:41:28.620740+09:00,월드컵공원,월드컵공원,POI106,KEY_2,419. 홈플러스 마포점 앞,ST-87,14,3,21,126.89942932,37.56842041
2026-06-26T06:41:28.620740+09:00,월드컵공원,월드컵공원,POI106,KEY_2,420. 서울시 공공자전거 상암센터,ST-85,97,36,37,126.8961792,37.56624603
2026-06-26T06:41:28.620740+09:00,월드컵공원,월드컵공원,POI106,KEY_2,418. 월드컵경기장역 3번출구 옆,ST-89,20,4,20,126.8992691,37.57277679
2026-06-26T06:41:28.620740+09:00,월드컵공원,월드컵공원,POI106,KEY_2,186. 월드컵공원,ST-344,65,26,40,126.89820862,37.56396484
2026-06-26T06:41:28.620740+09:00,월드컵공원,월드컵공원,POI106,KEY_2,440. 하늘공원 입구,ST-1754,80,12,15,126.88134766,37.57012177
2026-06-26T06:41:28.620740+09:00,월드컵공원,월드컵공원,POI106,KEY_2,3008.DMC역7번출구,ST-2166,30,3,10,126.89836121,37.57711411
2026-06-26T06:41:28.620740+09:00,응봉산,응봉산,POI107,KEY_3,569. 응봉현대아파트 정류소,ST-370,0,0,10,127.03024292,37.54958344
2026-06-26T06:41:28.620740+09:00,응봉산,응봉산,POI107,KEY_3,3525. 금호스포츠센터앞,ST-1599,180,27,15,127.02507019,37.54608917
2026-06-26T06:41:28.620740+09:00,응봉산,응봉산,POI107,KEY_3,3511. 응봉역 1번출구,ST-1195,270,27,10,127.0351944,37.55130386
2026-06-26T06:41:28.620740+09:00,청계산,청계산,POI112,KEY_4,2203. 청계산입구역 2번출구,ST-925,10,1,10,127.05501556,37.44765854
2026-06-26T06:41:28.620740+09:00,청계산,청계산,POI112,KEY_4,4338.새정이마을버스정류장 앞,ST-3216,80,4,5,127.06594849,37.43474579
2026-06-26T06:41:28.620740+09:00,가락시장,가락시장,POI058,KEY_2,2658.가락몰 업무동,ST-2409,130,13,10,127.11569214,37.49535751
2026-06-26T06:41:28.620740+09:00,가락시장,가락시장,POI058,KEY_2,2659.서울친환경유통센터,ST-2410,0,0,10,127.10492706,37.49420929
2026-06-26T06:41:28.620740+09:00,가락시장,가락시장,POI058,KEY_2,4480. 가락시장 남1문 사거리,ST-2591,53,8,15,127.11745453,37.49201584
2026-06-26T06:41:28.620740+09:00,가락시장,가락시장,POI058,KEY_2,4854. 가락시장역 2번 출구,ST-2606,10,1,10,127.11798859,37.492733
2026-06-26T06:41:28.620740+09:00,가로수길,가로수길,POI059,KEY_3,3606. 신사동주민센터 옆,ST-2673,30,3,10,127.02285004,37.52422714
2026-06-26T06:41:28.620740+09:00,가로수길,가로수길,POI059,KEY_3,2362. 신사동 가로수길 입구,ST-1171,50,5,10,127.02245331,37.51763535
2026-06-26T06:41:28.620740+09:00,가로수길,가로수길,POI059,KEY_3,4907. 극동스포츠 앞,ST-3078,280,14,5,127.02588654,37.5257225
2026-06-26T06:41:28.620740+09:00,가로수길,가로수길,POI059,KEY_3,4903. 신사스퀘어,ST-3066,20,2,10,127.0189743,37.51916885
2026-06-26T06:41:28.620740+09:00,김포공항,김포공항,POI061,KEY_1,3776. 김포공항사거리,ST-2484,160,16,10,126.80518341,37.5675354
2026-06-26T06:41:28.620740+09:00,김포공항,김포공항,POI061,KEY_1,5072. 김포공항입구 교통섬,ST-2947,120,12,10,126.80708313,37.56154633
2026-06-26T06:41:28.620740+09:00,남대문시장,남대문시장,POI115,KEY_2,470.회현역 7번출구,ST-1776,23,3,13,126.98000336,37.55974579
2026-06-26T06:41:28.620740+09:00,남대문시장,남대문시장,POI115,KEY_2,324. 신세계백화점 본점 앞,ST-140,63,5,8,126.9805069,37.56134415
2026-06-26T06:41:28.620740+09:00,남대문시장,남대문시장,POI115,KEY_2,4776. 신세계면세점,ST-2522,30,3,10,126.98139191,37.56027603
2026-06-26T06:41:28.620740+09:00,노량진,노량진,POI063,KEY_3,2003. 사육신공원앞,ST-877,180,18,10,126.94805908,37.51335907
2026-06-26T06:41:28.620740+09:00,노량진,노량진,POI063,KEY_3,2002. 노들역 1번출구,ST-683,347,59,17,126.95246887,37.51284409
2026-06-26T06:41:28.620740+09:00,노량진,노량진,POI063,KEY_3,2070. 노량진역 2번 출구 앞,ST-1545,122,22,18,126.94306946,37.51391983
2026-06-26T06:41:28.620740+09:00,노량진,노량진,POI063,KEY_3,2058. 동작경찰서,ST-1150,121,17,14,126.94352722,37.5135231
2026-06-26T06:41:28.620740+09:00,노량진,노량진,POI063,KEY_3,2050. 노량진역 5번출구,ST-699,147,22,15,126.93997192,37.51324844
2026-06-26T06:41:28.620740+09:00,덕수궁길·정동길,덕수궁길·정동길,POI064,KEY_4,391. 시립미술관,ST-977,113,9,8,126.97340393,37.56505203
2026-06-26T06:41:28.620740+09:00,덕수궁길·정동길,덕수궁길·정동길,POI064,KEY_4,300. 정동사거리,ST-116,17,1,6,126.96923065,37.56805038
2026-06-26T06:41:28.620740+09:00,덕수궁길·정동길,덕수궁길·정동길,POI064,KEY_4,6058. 시청역 2번출구,ST-3297,80,12,15,126.97702026,37.56557846
2026-06-26T06:41:28.620740+09:00,덕수궁길·정동길,덕수궁길·정동길,POI064,KEY_4,4715. 돈의문 박물관 마을,ST-2923,13,2,15,126.96955109,37.56883621
2026-06-26T06:41:28.620740+09:00,북촌한옥마을,북촌한옥마을,POI066,KEY_2,464. 삼청동 골목,ST-1756,30,3,10,126.98169708,37.58419037
2026-06-26T06:41:28.620740+09:00,북촌한옥마을,북촌한옥마을,POI066,KEY_2,354. 포르투갈 대사관 앞,ST-170,0,0,10,126.98896027,37.57915497
2026-06-26T06:41:28.620740+09:00,북촌한옥마을,북촌한옥마을,POI066,KEY_2,352. 중앙고입구 삼거리,ST-168,10,1,10,126.98523712,37.58341599
2026-06-26T06:41:28.620740+09:00,북촌한옥마을,북촌한옥마을,POI066,KEY_2,353. 재동초교 앞 삼거리,ST-169,100,8,8,126.9849472,37.57938766
2026-06-26T06:41:28.620740+09:00,북촌한옥마을,북촌한옥마을,POI066,KEY_2,465. 삼청공원 앞,ST-1759,160,8,5,126.9835968,37.58760452
2026-06-26T06:41:28.620740+09:00,북촌한옥마을,북촌한옥마을,POI066,KEY_2,314. 국립현대미술관,ST-130,40,4,10,126.98085785,37.5797081
2026-06-26T06:41:28.620740+09:00,북촌한옥마을,북촌한옥마을,POI066,KEY_2,451. 청와대앞길,ST-979,25,2,8,126.97966766,37.58351517
2026-06-26T06:41:28.620740+09:00,북촌한옥마을,북촌한옥마을,POI066,KEY_2,3407.안국동사거리(신),ST-1804,0,0,18,126.98339081,37.57580566
2026-06-26T06:41:28.620740+09:00,북촌한옥마을,북촌한옥마을,POI066,KEY_2,4705. 웰니스센터(민방위교육장 앞),ST-2565,0,0,6,126.98912811,37.57752991
2026-06-26T06:41:28.620740+09:00,북촌한옥마을,북촌한옥마을,POI066,KEY_2,4719. 종로문화원 건너편,ST-3090,27,4,15,126.9805069,37.57571411
2026-06-26T06:41:28.620740+09:00,서촌,서촌,POI067,KEY_3,450. 효자동 삼거리,ST-978,20,10,51,126.97254944,37.58360291
2026-06-26T06:41:28.620740+09:00,서촌,서촌,POI067,KEY_3,349. 어린이도서관,ST-165,40,2,5,126.96858978,37.57633209
2026-06-26T06:41:28.620740+09:00,서촌,서촌,POI067,KEY_3,4710. 자교교회 앞,ST-2473,50,4,8,126.97123718,37.58114624
2026-06-26T06:41:28.620740+09:00,서촌,서촌,POI067,KEY_3,4721. 통인시장 정자,ST-3354,288,23,8,126.96878815,37.58055878
2026-06-26T06:41:28.620740+09:00,성수카페거리,성수카페거리,POI068,KEY_4,587. 유니베라 앞,ST-482,10,1,10,127.05264282,37.54541779
2026-06-26T06:41:28.620740+09:00,성수카페거리,성수카페거리,POI068,KEY_4,514. 성수사거리 버스정류장 앞,ST-112,25,3,12,127.06330872,37.54257965
2026-06-26T06:41:28.620740+09:00,성수카페거리,성수카페거리,POI068,KEY_4,513. 뚝섬역 5번 출구 정류소 옆,ST-111,8,1,13,127.04980469,37.54630661
2026-06-26T06:41:28.620740+09:00,성수카페거리,성수카페거리,POI068,KEY_4,3548.뚝섬역 6번출구,ST-2330,10,1,10,127.04766846,37.54695892
2026-06-26T06:41:28.620740+09:00,성수카페거리,성수카페거리,POI068,KEY_4,4377. 우영테크노센터 앞,ST-3003,63,5,8,127.05971527,37.54332352
2026-06-26T06:41:28.620740+09:00,성수카페거리,성수카페거리,POI068,KEY_4,4399. 더리브 세종타워 앞,ST-3326,0,0,7,127.0580368,37.54378128
2026-06-26T06:41:28.620740+09:00,성수카페거리,성수카페거리,POI068,KEY_4,4387. 성수역 1번출구 주변,ST-3121,0,0,8,127.05336761,37.54555893
2026-06-26T06:41:28.620740+09:00,성수카페거리,성수카페거리,POI068,KEY_4,4398. 유원지식산업센터 앞,ST-3325,25,4,16,127.05593109,37.54436493
2026-06-26T06:41:28.620740+09:00,송리단길·호수단길,송리단길·호수단길,POI121,KEY_1,2639.석촌역 8번출구,ST-1866,33,6,18,127.10657501,37.50550461
2026-06-26T06:41:28.620740+09:00,송리단길·호수단길,송리단길·호수단길,POI121,KEY_1,4868. 석촌호수 서호 남단,ST-2833,70,7,10,127.10124207,37.50717163
2026-06-26T06:41:28.620740+09:00,신촌 스타광장,신촌 스타광장,POI122,KEY_2,128. 신촌역(2호선) 1번출구 옆,ST-30,21,4,19,126.93634033,37.55549622
2026-06-26T06:41:28.620740+09:00,신촌 스타광장,신촌 스타광장,POI122,KEY_2,3116.신촌역 4번출구,ST-2201,20,2,10,126.93720245,37.55550385
2026-06-26T06:41:28.620740+09:00,압구정로데오거리,압구정로데오거리,POI071,KEY_3,2365. K+ 타워 앞,ST-1174,20,3,15,127.03847504,37.52330017
2026-06-26T06:41:28.620740+09:00,압구정로데오거리,압구정로데오거리,POI071,KEY_3,2310. 청담동 맥도날드 옆(위치),ST-794,40,4,10,127.04017639,37.52361298
2026-06-26T06:41:28.620740+09:00,여의도,여의도,POI072,KEY_4,201. 진미파라곤 앞,ST-46,0,0,15,126.92133331,37.53123856
2026-06-26T06:41:28.620740+09:00,여의도,여의도,POI072,KEY_4,226. 샛강역 1번출구 앞,ST-72,0,0,19,126.92841339,37.51776505
2026-06-26T06:41:28.620740+09:00,여의도,여의도,POI072,KEY_4,203. 국회의사당역 3번출구 옆,ST-51,0,0,15,126.91870117,37.5280571
2026-06-26T06:41:28.620740+09:00,여의도,여의도,POI072,KEY_4,200. 국회의원회관,ST-45,9,2,22,126.91391754,37.52841568
2026-06-26T06:41:28.620740+09:00,여의도,여의도,POI072,KEY_4,204. 국회의사당역 5번출구 옆,ST-50,0,0,13,126.91702271,37.52816391
2026-06-26T06:41:28.620740+09:00,여의도,여의도,POI072,KEY_4,224. 롯데캐슬 앞,ST-70,5,1,20,126.93236542,37.5200882
2026-06-26T06:41:28.620740+09:00,여의도,여의도,POI072,KEY_4,222. 시범아파트버스정류장 옆,ST-68,83,10,12,126.93688965,37.51902008
2026-06-26T06:41:28.620740+09:00,여의도,여의도,POI072,KEY_4,207. 여의나루역 1번출구 앞,ST-73,2,1,46,126.93190002,37.52715683
2026-06-26T06:41:28.620740+09:00,여의도,여의도,POI072,KEY_4,223. 진주아파트상가 앞,ST-69,10,2,20,126.9333725,37.51913071
2026-06-26T06:41:28.620740+09:00,여의도,여의도,POI072,KEY_4,202. 국민일보 앞,ST-47,10,3,30,126.92453003,37.52881622
2026-06-26T06:41:28.620740+09:00,여의도,여의도,POI072,KEY_4,221. 여의도초교 앞,ST-67,130,13,10,126.93778992,37.52267456
2026-06-26T06:41:28.620740+09:00,여의도,여의도,POI072,KEY_4,214. 금융감독원 앞,ST-60,0,0,21,126.9208374,37.5230217
2026-06-26T06:41:28.620740+09:00,여의도,여의도,POI072,KEY_4,299.여의도 순복음교회,ST-1971,30,3,10,126.92245483,37.53179169
2026-06-26T06:41:28.620740+09:00,여의도,여의도,POI072,KEY_4,205. 산업은행 앞,ST-52,5,1,20,126.92050934,37.52626419
2026-06-26T06:41:28.620740+09:00,여의도,여의도,POI072,KEY_4,298.KBS 연구동 건너편,ST-1970,4,1,25,126.91374207,37.52724838
2026-06-26T06:41:28.620740+09:00,여의도,여의도,POI072,KEY_4,249. 여의도중학교 옆,ST-297,19,3,16,126.93580627,37.52457809
2026-06-26T06:41:28.620740+09:00,여의도,여의도,POI072,KEY_4,209. 유진투자증권빌딩 앞,ST-55,18,4,22,126.92783356,37.52461243
2026-06-26T06:41:28.620740+09:00,여의도,여의도,POI072,KEY_4,213. KT앞,ST-59,16,3,19,126.91895294,37.52190781
2026-06-26T06:41:28.620740+09:00,여의도,여의도,POI072,KEY_4,297.국회3문,ST-1969,0,0,10,126.91267395,37.52863693
2026-06-26T06:41:28.620740+09:00,여의도,여의도,POI072,KEY_4,270. 증권거래소후문교차로,ST-424,50,5,10,126.92710114,37.52234268
2026-06-26T06:41:28.620740+09:00,여의도,여의도,POI072,KEY_4,260. 여의도 마리나선착장 앞,ST-414,40,6,15,126.91216278,37.53365707
2026-06-26T06:41:28.620740+09:00,여의도,여의도,POI072,KEY_4,248. 초원아파트 앞,ST-296,50,5,10,126.92420959,37.53105545
2026-06-26T06:41:28.620740+09:00,여의도,여의도,POI072,KEY_4,206. KBS 앞,ST-53,17,6,35,126.91802216,37.52466583
2026-06-26T06:41:28.620740+09:00,여의도,여의도,POI072,KEY_4,220. 미성아파트 A동 앞,ST-63,3,1,30,126.92604828,37.5193634
2026-06-26T06:41:28.620740+09:00,여의도,여의도,POI072,KEY_4,217. NH농협은행 앞,ST-66,53,8,15,126.93036652,37.52207947
2026-06-26T06:41:28.620740+09:00,여의도,여의도,POI072,KEY_4,225. 앙카라공원 앞,ST-71,12,3,26,126.92961884,37.51758575
2026-06-26T06:41:28.620740+09:00,여의도,여의도,POI072,KEY_4,215. 여의도고교 앞,ST-64,30,3,10,126.93490601,37.52483749
2026-06-26T06:41:28.620740+09:00,여의도,여의도,POI072,KEY_4,219. 롯데캐슬엠파이어 옆,ST-62,8,1,12,126.92583466,37.52069473
2026-06-26T06:41:28.620740+09:00,여의도,여의도,POI072,KEY_4,271. 샛강생태공원방문자센터 앞,ST-425,10,1,10,126.9216156,37.51896286
2026-06-26T06:41:28.620740+09:00,여의도,여의도,POI072,KEY_4,5870. LG트윈타워 앞,ST-3239,15,3,20,126.93017578,37.52833176
2026-06-26T06:41:28.620740+09:00,여의도,여의도,POI072,KEY_4,4564. 63스퀘어,ST-2814,6,1,17,126.93965912,37.52070999
2026-06-26T06:41:28.620740+09:00,여의도,여의도,POI072,KEY_4,4579. 국회의사당 본관,ST-2643,12,2,17,126.91404724,37.5325737
2026-06-26T06:41:28.620740+09:00,여의도,여의도,POI072,KEY_4,4580. 국회제2의원회관,ST-2644,0,0,17,126.91316986,37.52974701
2026-06-26T06:41:28.620740+09:00,여의도,여의도,POI072,KEY_4,4585. 국회6문,ST-2694,17,1,6,126.91799164,37.53271866
2026-06-26T06:41:28.620740+09:00,여의도,여의도,POI072,KEY_4,5892.국회의사당본관 좌측,ST-3383,0,0,7,126.91375732,37.53090286
2026-06-26T06:41:28.620740+09:00,여의도,여의도,POI072,KEY_4,5878. 우리은행 앞,ST-3315,15,3,20,126.92162323,37.52349091
2026-06-26T06:41:28.620740+09:00,여의도,여의도,POI072,KEY_4,5891.한강버스 여의도 선착장,ST-3402,253,76,30,126.93422699,37.52816391
2026-06-26T06:41:28.620740+09:00,여의도,여의도,POI072,KEY_4,5893.한국산업은행,ST-3397,10,1,10,126.92175293,37.52814484
2026-06-26T06:41:28.620740+09:00,여의도,여의도,POI072,KEY_4,5897.여의도공작아파트,ST-3426,0,0,10,126.92987061,37.52595139
2026-06-26T06:41:28.620740+09:00,여의도,여의도,POI072,KEY_4,5879. 국회도서관 2문 앞,ST-3318,0,0,8,126.91668701,37.53107071
2026-06-26T06:41:28.620740+09:00,여의도,여의도,POI072,KEY_4,4563. 여의도 은하아파트,ST-2813,70,7,10,126.93448639,37.51850891
2026-06-26T06:41:28.620740+09:00,여의도,여의도,POI072,KEY_4,5890.여의나루역 3번출구,ST-3401,9,1,11,126.93336487,37.52645493
2026-06-26T06:41:28.620740+09:00,여의도,여의도,POI072,KEY_4,4583. 의정관,ST-2647,0,0,12,126.91747284,37.53214645
2026-06-26T06:41:28.620740+09:00,여의도,여의도,POI072,KEY_4,5888.여의도성당,ST-3375,0,0,7,126.93920898,37.52164459
2026-06-26T06:41:28.620740+09:00,여의도,여의도,POI072,KEY_4,5889.의원회관출입구 앞,ST-3377,0,0,10,126.91479492,37.52985382
2026-06-26T06:41:28.620740+09:00,여의도,여의도,POI072,KEY_4,4584. 국회2문,ST-2648,0,0,9,126.91510773,37.52864075
2026-06-26T06:41:28.620740+09:00,여의도,여의도,POI072,KEY_4,5853. 여의도역2번출구 앞,ST-3061,20,2,10,126.92271423,37.52243423
2026-06-26T06:41:28.620740+09:00,여의도,여의도,POI072,KEY_4,5880. 국회박물관,ST-3319,0,0,7,126.91945648,37.53183365
2026-06-26T06:41:28.620740+09:00,여의도,여의도,POI072,KEY_4,4589. KRX한국거래소(1),ST-2899,17,3,18,126.92759705,37.52338028
2026-06-26T06:41:28.620740+09:00,여의도,여의도,POI072,KEY_4,5859. 여의도 삼부아파트,ST-3160,20,2,10,126.93045807,37.52539444
2026-06-26T06:41:28.620740+09:00,여의도,여의도,POI072,KEY_4,4582. 국회도서관,ST-2646,0,0,12,126.91817474,37.53054047
2026-06-26T06:41:28.620740+09:00,여의도,여의도,POI072,KEY_4,4581. 국회소통관,ST-2645,0,0,12,126.9128952,37.53050232
2026-06-26T06:41:28.620740+09:00,연남동,연남동,POI073,KEY_1,107. 수협 연남동지점,ST-9,140,14,10,126.91871643,37.55784607
2026-06-26T06:41:28.620740+09:00,연남동,연남동,POI073,KEY_1,4233. 코오롱아파트사거리,ST-2979,150,15,10,126.92149353,37.56306458
2026-06-26T06:41:28.620740+09:00,영등포 타임스퀘어,영등포 타임스퀘어,POI074,KEY_2,284. 센트럴 푸르지오 시티 앞,ST-1650,13,2,16,126.90222931,37.51821136
2026-06-26T06:41:28.620740+09:00,영등포 타임스퀘어,영등포 타임스퀘어,POI074,KEY_2,3219.영등포역 1번출구,ST-1990,250,25,10,126.9077301,37.5148468
2026-06-26T06:41:28.620740+09:00,영등포 타임스퀘어,영등포 타임스퀘어,POI074,KEY_2,4565. 영등포 신세계백화점,ST-2815,20,2,10,126.90364838,37.51803589
2026-06-26T06:41:28.620740+09:00,영등포 타임스퀘어,영등포 타임스퀘어,POI074,KEY_2,5868. 로프트시티오피스텔,ST-3238,733,44,6,126.90843201,37.51906204
2026-06-26T06:41:28.620740+09:00,영등포 타임스퀘어,영등포 타임스퀘어,POI074,KEY_2,5858. 영등포역5번출구,ST-3142,270,27,10,126.90807343,37.51669312
2026-06-26T06:41:28.620740+09:00,용리단길,용리단길,POI076,KEY_3,817. 삼각지역 4번출구 앞,ST-436,44,4,9,126.97173309,37.53345108
2026-06-26T06:41:28.620740+09:00,용리단길,용리단길,POI076,KEY_3,816. 신용산역 6번출구 앞,ST-435,28,7,25,126.96848297,37.53014755
2026-06-26T06:41:28.620740+09:00,이태원 앤틱가구거리,이태원 앤틱가구거리,POI077,KEY_4,4615. 크라운호텔앞 버스정류소,ST-2446,214,15,7,126.99137878,37.53030014
2026-06-26T06:41:28.620740+09:00,이태원 앤틱가구거리,이태원 앤틱가구거리,POI077,KEY_4,4634. 이태원역 3번 출구,ST-3056,0,0,5,126.99497223,37.5343895
2026-06-26T06:41:28.620740+09:00,익선동,익선동,POI116,KEY_1,334. 종로3가역 2번출구 뒤,ST-150,10,1,10,126.99179077,37.5705986
2026-06-26T06:41:28.620740+09:00,익선동,익선동,POI116,KEY_1,328. 탑골공원 앞,ST-144,0,0,11,126.9881897,37.57039642
2026-06-26T06:41:28.620740+09:00,익선동,익선동,POI116,KEY_1,327. 낙원상가 옆,ST-143,0,0,10,126.9874649,37.57335663
2026-06-26T06:41:28.620740+09:00,익선동,익선동,POI116,KEY_1,3410.종로3가역 8번출구,ST-1807,50,5,10,126.99188995,37.5724678
2026-06-26T06:41:28.620740+09:00,익선동,익선동,POI116,KEY_1,4713. 현대 뜨레비앙 아파트 앞,ST-2623,71,5,7,126.99062347,37.57528305
2026-06-26T06:41:28.620740+09:00,인사동,인사동,POI078,KEY_2,326. 안국역 5번출구 앞,ST-142,7,1,15,126.98616028,37.57624054
2026-06-26T06:41:28.620740+09:00,인사동,인사동,POI078,KEY_2,327. 낙원상가 옆,ST-143,0,0,10,126.9874649,37.57335663
2026-06-26T06:41:28.620740+09:00,인사동,인사동,POI078,KEY_2,454. 종로2가 버스정류장 (종각방향),ST-1607,8,1,13,126.98638153,37.57035828
2026-06-26T06:41:28.620740+09:00,인사동,인사동,POI078,KEY_2,3408.종로타워빌딩,ST-1805,0,0,13,126.98323822,37.57070541
2026-06-26T06:41:28.620740+09:00,창동 신경제 중심지,창동 신경제 중심지,POI079,KEY_4,1662. 노원역7번출구,ST-1279,35,7,20,127.05921173,37.65421677
2026-06-26T06:41:28.620740+09:00,창동 신경제 중심지,창동 신경제 중심지,POI079,KEY_4,1674. 서울북부고용센터앞,ST-1291,20,3,15,127.05808258,37.65354919
2026-06-26T06:41:28.620740+09:00,창동 신경제 중심지,창동 신경제 중심지,POI079,KEY_4,1756.서울북부광역등기국,ST-2101,30,3,10,127.04431915,37.65148544
2026-06-26T06:41:28.620740+09:00,창동 신경제 중심지,창동 신경제 중심지,POI079,KEY_4,1637. KT 전화국 버스정류장 옆,ST-611,0,0,9,127.06372833,37.6546669
2026-06-26T06:41:28.620740+09:00,창동 신경제 중심지,창동 신경제 중심지,POI079,KEY_4,1690. 도봉운전면허시험장 버스정류장 옆,ST-1641,30,3,10,127.05931091,37.6577301
2026-06-26T06:41:28.620740+09:00,창동 신경제 중심지,창동 신경제 중심지,POI079,KEY_4,1686. 상계주공10단지 종합상가 앞,ST-1476,0,0,15,127.05805206,37.66114044
2026-06-26T06:41:28.620740+09:00,창동 신경제 중심지,창동 신경제 중심지,POI079,KEY_4,1716. 창동역 1번출구 건너편,ST-1132,113,9,8,127.05072784,37.65420151
2026-06-26T06:41:28.620740+09:00,창동 신경제 중심지,창동 신경제 중심지,POI079,KEY_4,1657. 노원구청,ST-1125,5,1,20,127.05732727,37.65404892
2026-06-26T06:41:28.620740+09:00,창동 신경제 중심지,창동 신경제 중심지,POI079,KEY_4,1653. 노원역1번출구,ST-1121,50,5,10,127.06362152,37.65620041
2026-06-26T06:41:28.620740+09:00,창동 신경제 중심지,창동 신경제 중심지,POI079,KEY_4,1722. 창동청소년수련관,ST-1292,33,5,15,127.05004883,37.65779877
2026-06-26T06:41:28.620740+09:00,창동 신경제 중심지,창동 신경제 중심지,POI079,KEY_4,1775.신원리베르텔 앞,ST-2120,33,5,15,127.04554749,37.65128708
2026-06-26T06:41:28.620740+09:00,창동 신경제 중심지,창동 신경제 중심지,POI079,KEY_4,5311. 주공601동 상가 노원지하보도 앞,ST-3116,40,2,5,127.06147766,37.65190125
2026-06-26T06:41:28.620740+09:00,창동 신경제 중심지,창동 신경제 중심지,POI079,KEY_4,4098.창동역 1번출구 인근,ST-3430,188,15,8,127.04838562,37.65290833
2026-06-26T06:41:28.620740+09:00,창동 신경제 중심지,창동 신경제 중심지,POI079,KEY_4,5333. 노원역9번-10번 출구 앞,ST-3288,120,12,10,127.063591,37.65655518
2026-06-26T06:41:28.620740+09:00,창동 신경제 중심지,창동 신경제 중심지,POI079,KEY_4,4096.창동역2번출구 하나은행365 앞,ST-3368,163,13,8,127.04550171,37.65283585
2026-06-26T06:41:28.620740+09:00,청량리 제기동 일대 전통시장,청량리 제기동 일대 전통시장,POI081,KEY_2,676.FITI시험연구원 앞,ST-2276,133,12,9,127.03547668,37.58143234
2026-06-26T06:41:28.620740+09:00,청량리 제기동 일대 전통시장,청량리 제기동 일대 전통시장,POI081,KEY_2,633. 청량리 기업은행 앞,ST-400,263,21,8,127.04472351,37.58049774
2026-06-26T06:41:28.620740+09:00,청량리 제기동 일대 전통시장,청량리 제기동 일대 전통시장,POI081,KEY_2,640. 동대문경찰서 교차로,ST-407,50,3,6,127.04460144,37.58255005
2026-06-26T06:41:28.620740+09:00,청량리 제기동 일대 전통시장,청량리 제기동 일대 전통시장,POI081,KEY_2,4134. 제기동 현대아파트 앞,ST-3206,60,6,10,127.0353241,37.57994843
2026-06-26T06:41:28.620740+09:00,청량리 제기동 일대 전통시장,청량리 제기동 일대 전통시장,POI081,KEY_2,4147.청량리역광장,ST-3405,31,11,35,127.04673767,37.58024597
2026-06-26T06:41:28.620740+09:00,청량리 제기동 일대 전통시장,청량리 제기동 일대 전통시장,POI081,KEY_2,4149.제기동역 5번출구,ST-3428,271,19,7,127.03381348,37.5779953
2026-06-26T06:41:28.620740+09:00,DDP(동대문디자인플라자),DDP(동대문디자인플라자),POI083,KEY_4,475.DDP 패션몰,ST-1781,19,4,21,127.0118103,37.56764984
2026-06-26T06:41:28.620740+09:00,DDP(동대문디자인플라자),DDP(동대문디자인플라자),POI083,KEY_4,347. 동대문역사문화공원역 9번출구 앞,ST-163,39,7,18,127.00784302,37.56533051
2026-06-26T06:41:28.620740+09:00,DDP(동대문디자인플라자),DDP(동대문디자인플라자),POI083,KEY_4,474.동대문역사문화공원역 1번출구 뒤편,ST-1780,50,20,40,127.00849152,37.56629944
2026-06-26T06:41:28.620740+09:00,DDP(동대문디자인플라자),DDP(동대문디자인플라자),POI083,KEY_4,4765. 동대문디자인플라자,ST-2431,5,1,20,127.00946045,37.5683136
2026-06-26T06:41:28.620740+09:00,DMC(디지털미디어시티),DMC(디지털미디어시티),POI084,KEY_1,409. 누리꿈스퀘어 옆,ST-86,27,8,30,126.88916016,37.57939911
2026-06-26T06:41:28.620740+09:00,DMC(디지털미디어시티),DMC(디지털미디어시티),POI084,KEY_1,405. DMC빌 앞,ST-80,38,3,8,126.88578796,37.58265686
2026-06-26T06:41:28.620740+09:00,DMC(디지털미디어시티),DMC(디지털미디어시티),POI084,KEY_1,489.구룡근린공원,ST-2148,100,10,10,126.88276672,37.58320236
2026-06-26T06:41:28.620740+09:00,DMC(디지털미디어시티),DMC(디지털미디어시티),POI084,KEY_1,408. LG CNS앞,ST-84,14,2,14,126.88665009,37.58081055
2026-06-26T06:41:28.620740+09:00,DMC(디지털미디어시티),DMC(디지털미디어시티),POI084,KEY_1,425. DMC첨단산업센터,ST-991,10,1,10,126.88559723,37.58450317
2026-06-26T06:41:28.620740+09:00,DMC(디지털미디어시티),DMC(디지털미디어시티),POI084,KEY_1,412. DMC산학협력연구센터 앞,ST-91,10,2,21,126.89079285,37.57565689
2026-06-26T06:41:28.620740+09:00,DMC(디지털미디어시티),DMC(디지털미디어시티),POI084,KEY_1,415. DMC역 9번출구 앞,ST-95,50,5,10,126.89736176,37.57746887
2026-06-26T06:41:28.620740+09:00,DMC(디지털미디어시티),DMC(디지털미디어시티),POI084,KEY_1,414. 상암동주민센터 옆,ST-94,100,8,8,126.89447021,37.57822037
2026-06-26T06:41:28.620740+09:00,DMC(디지털미디어시티),DMC(디지털미디어시티),POI084,KEY_1,417. DMC역 2번출구 옆,ST-93,20,4,20,126.8999176,37.57506943
2026-06-26T06:41:28.620740+09:00,DMC(디지털미디어시티),DMC(디지털미디어시티),POI084,KEY_1,490.가온문화공원,ST-2149,9,2,23,126.88766479,37.58207703
2026-06-26T06:41:28.620740+09:00,DMC(디지털미디어시티),DMC(디지털미디어시티),POI084,KEY_1,411. DMC홍보관,ST-90,0,0,10,126.89147186,37.5779953
2026-06-26T06:41:28.620740+09:00,DMC(디지털미디어시티),DMC(디지털미디어시티),POI084,KEY_1,3007.MBC 앞,ST-2165,10,1,10,126.89044952,37.58198166
2026-06-26T06:41:28.620740+09:00,DMC(디지털미디어시티),DMC(디지털미디어시티),POI084,KEY_1,3008.DMC역7번출구,ST-2166,30,3,10,126.89836121,37.57711411
2026-06-26T06:41:28.620740+09:00,DMC(디지털미디어시티),DMC(디지털미디어시티),POI084,KEY_1,4214. JTBC 앞,ST-2537,20,2,10,126.8901825,37.57730484
2026-06-26T06:41:28.620740+09:00,DMC(디지털미디어시티),DMC(디지털미디어시티),POI084,KEY_1,4218. 디지털매직스페이스,ST-2974,8,1,13,126.88957977,37.58119965
2026-06-26T06:41:28.620740+09:00,DMC(디지털미디어시티),DMC(디지털미디어시티),POI084,KEY_1,4238. 상암한샘빌딩앞,ST-2981,86,6,7,126.89867401,37.57649231
2026-06-26T06:41:28.620740+09:00,가산디지털단지역,가산디지털단지역,POI013,KEY_2,1805. 서울디지털운동장 앞,ST-620,60,6,10,126.87776947,37.48228836
2026-06-26T06:41:28.620740+09:00,가산디지털단지역,가산디지털단지역,POI013,KEY_2,1806. 에이스하이엔드타워9차 앞,ST-621,140,14,10,126.87863922,37.48621368
2026-06-26T06:41:28.620740+09:00,가산디지털단지역,가산디지털단지역,POI013,KEY_2,1851. 가산디지털단지 9번출구 인근,ST-1403,80,8,10,126.88148499,37.48123169
2026-06-26T06:41:28.620740+09:00,가산디지털단지역,가산디지털단지역,POI013,KEY_2,1835. STX V타워,ST-641,40,4,10,126.88442993,37.47706985
2026-06-26T06:41:28.620740+09:00,가산디지털단지역,가산디지털단지역,POI013,KEY_2,1867.대륭포스트타워6차 앞,ST-1938,73,22,30,126.8841629,37.48101044
2026-06-26T06:41:28.620740+09:00,가산디지털단지역,가산디지털단지역,POI013,KEY_2,1834. 월드메르디앙 벤처센터 2차,ST-640,20,2,10,126.87904358,37.47908401
2026-06-26T06:41:28.620740+09:00,가산디지털단지역,가산디지털단지역,POI013,KEY_2,1812. 갑을그레이트밸리 앞,ST-624,250,25,10,126.88729858,37.47903061
2026-06-26T06:41:28.620740+09:00,가산디지털단지역,가산디지털단지역,POI013,KEY_2,1850. 코오롱테크노밸리,ST-1277,60,6,10,126.8863678,37.48015976
2026-06-26T06:41:28.620740+09:00,가산디지털단지역,가산디지털단지역,POI013,KEY_2,1839. 수출의 다리 아래,ST-1140,75,15,20,126.88615417,37.47743607
2026-06-26T06:41:28.620740+09:00,가산디지털단지역,가산디지털단지역,POI013,KEY_2,1849. 대륭포스트타워5차,ST-1276,140,14,10,126.88694,37.48135376
2026-06-26T06:41:28.620740+09:00,가산디지털단지역,가산디지털단지역,POI013,KEY_2,3989.가산디지털단지역 9번출구 앞,ST-3396,160,16,10,126.88175964,37.48055267
2026-06-26T06:41:28.620740+09:00,가산디지털단지역,가산디지털단지역,POI013,KEY_2,3984. 가산롯데아이티캐슬,ST-2999,40,2,5,126.88083649,37.47636795
2026-06-26T06:41:28.620740+09:00,가산디지털단지역,가산디지털단지역,POI013,KEY_2,3985. 디폴리스 지식산업센터,ST-2964,15,3,20,126.87680054,37.48017502
2026-06-26T06:41:28.620740+09:00,강남역,강남역,POI014,KEY_3,2421. 신논현역 4번출구,ST-1887,53,8,15,127.02579498,37.504673
2026-06-26T06:41:28.620740+09:00,강남역,강남역,POI014,KEY_3,2505. 우성아파트사거리 (기업은행앞),ST-1556,183,22,12,127.0295105,37.49330521
2026-06-26T06:41:28.620740+09:00,강남역,강남역,POI014,KEY_3,3628. 역삼1동 주민센터,ST-2689,190,19,10,127.03302765,37.49521255
2026-06-26T06:41:28.620740+09:00,강남역,강남역,POI014,KEY_3,2407. 역삼서초삼성 세무서 앞 (역삼빌딩 앞),ST-1577,90,9,10,127.03011322,37.49847031
2026-06-26T06:41:28.620740+09:00,강남역,강남역,POI014,KEY_3,4349.삼성화재서초타워,ST-3361,133,8,6,127.02896118,37.49446869
2026-06-26T06:41:28.620740+09:00,건대입구역,건대입구역,POI015,KEY_4,501. 광진문화예술회관 앞,ST-98,113,34,30,127.07035065,37.53730774
2026-06-26T06:41:28.620740+09:00,건대입구역,건대입구역,POI015,KEY_4,3533. 건대입구역 사거리(롯데백화점),ST-1660,90,9,10,127.07078552,37.5392952
2026-06-26T06:41:28.620740+09:00,건대입구역,건대입구역,POI015,KEY_4,3534. 건대입구역 5번출구 뒤,ST-1661,70,7,10,127.06956482,37.54008102
2026-06-26T06:41:28.620740+09:00,고덕역,고덕역,POI016,KEY_1,1072.고덕역 5번출구,ST-1833,5,1,22,127.15372467,37.55486298
2026-06-26T06:41:28.620740+09:00,고덕역,고덕역,POI016,KEY_1,1036. 고덕동 주양쇼핑,ST-1053,20,2,10,127.15331268,37.55199051
2026-06-26T06:41:28.620740+09:00,고덕역,고덕역,POI016,KEY_1,1068.명일파출소,ST-1767,100,10,10,127.15622711,37.5536499
2026-06-26T06:41:28.620740+09:00,교대역,교대역,POI018,KEY_3,2239.교대역 6번출구,ST-765,160,16,10,127.01378632,37.49421692
2026-06-26T06:41:28.620740+09:00,교대역,교대역,POI018,KEY_3,2279. 교대역 5번출구뒤,ST-1305,75,6,8,127.01418304,37.49361801
2026-06-26T06:41:28.620740+09:00,구로디지털단지역,구로디지털단지역,POI019,KEY_4,2110. 조원동 미성아파트,ST-950,11,1,9,126.90203094,37.48319244
2026-06-26T06:41:28.620740+09:00,구로디지털단지역,구로디지털단지역,POI019,KEY_4,2801. 대륭포스트타워1차,ST-1753,37,11,30,126.89542389,37.48437119
2026-06-26T06:41:28.620740+09:00,구로디지털단지역,구로디지털단지역,POI019,KEY_4,1962. 가리봉동주민센터,ST-1224,93,14,15,126.89279938,37.48160172
2026-06-26T06:41:28.620740+09:00,구로디지털단지역,구로디지털단지역,POI019,KEY_4,1955. 디지털입구 교차로,ST-936,0,0,10,126.90103912,37.48288345
2026-06-26T06:41:28.620740+09:00,구로디지털단지역,구로디지털단지역,POI019,KEY_4,1911. 구로디지털단지역 앞,ST-668,50,9,18,126.90132141,37.48493958
2026-06-26T06:41:28.620740+09:00,구로디지털단지역,구로디지털단지역,POI019,KEY_4,1986. 태평양물산,ST-1521,127,19,15,126.89518738,37.48485947
2026-06-26T06:41:28.620740+09:00,구로역,구로역,POI020,KEY_1,1946. 구로역 광장,ST-873,140,14,10,126.88038635,37.50311661
2026-06-26T06:41:28.620740+09:00,구로역,구로역,POI020,KEY_1,3919. 구로역·NC신구로점 버스정류장(구로역 방면),ST-3013,129,18,14,126.88237,37.50096512
2026-06-26T06:41:28.620740+09:00,군자역,군자역,POI021,KEY_2,540. 군자역 7번출구 베스트샵 앞,ST-253,63,5,8,127.0786438,37.55603027
2026-06-26T06:41:28.620740+09:00,군자역,군자역,POI021,KEY_2,3518. 군자역 7번출구뒤,ST-1263,50,4,8,127.07913971,37.55686188
2026-06-26T06:41:28.620740+09:00,군자역,군자역,POI021,KEY_2,3586.군자역 비채온 오피스텔,ST-2325,213,17,8,127.07727051,37.55771255
2026-06-26T06:41:28.620740+09:00,군자역,군자역,POI021,KEY_2,3500. 군자역2번출구,ST-983,57,4,7,127.07969666,37.55758667
2026-06-26T06:41:28.620740+09:00,대림역,대림역,POI023,KEY_3,286. 우성아파트 교차로,ST-1652,108,13,12,126.89974976,37.49457169
2026-06-26T06:41:28.620740+09:00,대림역,대림역,POI023,KEY_3,1975. 대림역 1번 출입구 밑,ST-1237,60,6,10,126.8947525,37.49256516
2026-06-26T06:41:28.620740+09:00,대림역,대림역,POI023,KEY_3,1914. 대림역4번출구,ST-918,80,8,10,126.89444733,37.49440384
2026-06-26T06:41:28.620740+09:00,동대문역,동대문역,POI024,KEY_4,457. 종로꽃시장 입구 옆,ST-1610,60,6,10,127.00720978,37.57131958
2026-06-26T06:41:28.620740+09:00,동대문역,동대문역,POI024,KEY_4,393. 동대문역 8번 출구,ST-1372,33,4,12,127.00937653,37.57014084
2026-06-26T06:41:28.620740+09:00,동대문역,동대문역,POI024,KEY_4,3415.동대문역6번출구,ST-1812,93,14,15,127.0107193,37.57147217
2026-06-26T06:41:28.620740+09:00,미아사거리역,미아사거리역,POI026,KEY_2,1546. 송천동우체국,ST-1665,170,17,10,127.02970123,37.61545944
2026-06-26T06:41:28.620740+09:00,미아사거리역,미아사거리역,POI026,KEY_2,1574.송중초등학교 옆,ST-2405,75,6,8,127.03049469,37.61669922
2026-06-26T06:41:28.620740+09:00,미아사거리역,미아사거리역,POI026,KEY_2,1531. 미아사거리 1번 출구,ST-1105,130,13,10,127.03025055,37.61395645
2026-06-26T06:41:28.620740+09:00,미아사거리역,미아사거리역,POI026,KEY_2,4423.현대백화점 미아점,ST-3203,170,17,10,127.02845764,37.60884857
2026-06-26T06:41:28.620740+09:00,발산역,발산역,POI027,KEY_3,1124. 발산역 6번 출구 뒤,ST-522,100,6,6,126.8384552,37.55817795
2026-06-26T06:41:28.620740+09:00,발산역,발산역,POI027,KEY_3,1117. 등촌5단지아파트 버스정류장,ST-834,10,1,10,126.84426117,37.55819702
2026-06-26T06:41:28.620740+09:00,발산역,발산역,POI027,KEY_3,"1153. 발산역 1번, 9번 인근 대여소",ST-1065,13,4,32,126.83717346,37.55894852
2026-06-26T06:41:28.620740+09:00,발산역,발산역,POI027,KEY_3,1197. 엠펠리체 호텔 건너편,ST-1714,0,0,20,126.83546448,37.56026077
2026-06-26T06:41:28.620740+09:00,발산역,발산역,POI027,KEY_3,3760. 발산역 8번 출구,ST-2538,29,5,17,126.83676147,37.55846024
2026-06-26T06:41:28.620740+09:00,발산역,발산역,POI027,KEY_3,2730.마곡메가박스 앞,ST-2047,10,3,30,126.83495331,37.55912781
2026-06-26T06:41:28.620740+09:00,발산역,발산역,POI027,KEY_3,3759. 이대서울병원,ST-2569,12,3,25,126.83559418,37.5586319
2026-06-26T06:41:28.620740+09:00,발산역,발산역,POI027,KEY_3,3764. 관문주유소(GS칼택스) 앞,ST-2613,350,35,10,126.84183502,37.55802917
2026-06-26T06:41:28.620740+09:00,발산역,발산역,POI027,KEY_3,2721.등촌1-10단지 교차로,ST-2037,258,31,12,126.8393631,37.56320572
2026-06-26T06:41:28.620740+09:00,발산역,발산역,POI027,KEY_3,2717.LG유플러스 마곡사옥,ST-2033,6,4,62,126.83390045,37.56133652
2026-06-26T06:41:28.620740+09:00,발산역,발산역,POI027,KEY_3,2723.마곡 필네이처,ST-2040,38,5,13,126.83669281,37.56089401
2026-06-26T06:41:28.620740+09:00,발산역,발산역,POI027,KEY_3,5095. 원당근린공원,ST-3226,21,3,14,126.84147644,37.55947495
2026-06-26T06:41:28.620740+09:00,발산역,발산역,POI027,KEY_3,5061. 우장산동 가곡어린이공원앞,ST-2888,10,1,10,126.83751678,37.55545425
2026-06-26T06:41:28.620740+09:00,사당역,사당역,POI029,KEY_4,2104. 사당역 5번출구,ST-712,31,4,13,126.98133087,37.47608948
2026-06-26T06:41:28.620740+09:00,사당역,사당역,POI029,KEY_4,2222.사당역 12번출구 뒤,ST-753,300,30,10,126.98203278,37.47806931
2026-06-26T06:41:28.620740+09:00,사당역,사당역,POI029,KEY_4,2034. 사당역 7번출구쪽,ST-924,63,12,19,126.98057556,37.47689056
2026-06-26T06:41:28.620740+09:00,사당역,사당역,POI029,KEY_4,2089.사당역10번출구(금강빌딩),ST-2362,130,13,10,126.98150635,37.4791069
2026-06-26T06:41:28.620740+09:00,삼각지역,삼각지역,POI030,KEY_1,848. 삼각지12번 출구,ST-2172,113,9,8,126.97562408,37.53488922
2026-06-26T06:41:28.620740+09:00,삼각지역,삼각지역,POI030,KEY_1,849. 삼각지 자이아파트,ST-2173,100,20,20,126.97341919,37.53607941
2026-06-26T06:41:28.620740+09:00,삼각지역,삼각지역,POI030,KEY_1,4620. 삼각지역 14번 출구 앞(교통섬),ST-2451,200,16,8,126.97408295,37.53528595
2026-06-26T06:41:28.620740+09:00,서울대입구역,서울대입구역,POI031,KEY_2,2111. 서울대입구역 1번출구,ST-965,110,11,10,126.95331573,37.48086929
2026-06-26T06:41:28.620740+09:00,서울대입구역,서울대입구역,POI031,KEY_2,2116. 에이스에이존빌딩,ST-717,44,4,9,126.95082855,37.48170471
2026-06-26T06:41:28.620740+09:00,서울대입구역,서울대입구역,POI031,KEY_2,2171. 서울대입구역 5번출구,ST-1337,53,9,17,126.95200348,37.48154831
2026-06-26T06:41:28.620740+09:00,서울대입구역,서울대입구역,POI031,KEY_2,2128. 관악구청교차로,ST-720,17,2,12,126.95265198,37.47949982
2026-06-26T06:41:28.620740+09:00,서울대입구역,서울대입구역,POI031,KEY_2,3311.서울대입구역 4번 출구,ST-2394,25,3,12,126.95157623,37.48122025
2026-06-26T06:41:28.620740+09:00,서울대입구역,서울대입구역,POI031,KEY_2,2112. 서울대입구역 마에스트로,ST-715,33,5,15,126.95064545,37.4813385
2026-06-26T06:41:28.620740+09:00,서울식물원·마곡나루역,서울식물원·마곡나루역,POI032,KEY_3,2715.마곡나루역 2번 출구,ST-2031,56,14,25,126.82743835,37.56692505
2026-06-26T06:41:28.620740+09:00,서울식물원·마곡나루역,서울식물원·마곡나루역,POI032,KEY_3,2725.서울식물원 식물문화센터,ST-2042,20,4,20,126.83563232,37.56883621
2026-06-26T06:41:28.620740+09:00,서울식물원·마곡나루역,서울식물원·마곡나루역,POI032,KEY_3,2701. 마곡나루역 5번출구 뒤편,ST-1718,27,7,26,126.82731628,37.56520081
2026-06-26T06:41:28.620740+09:00,서울식물원·마곡나루역,서울식물원·마곡나루역,POI032,KEY_3,2727.서울식물원 잔디마당 앞,ST-2044,20,5,25,126.8306427,37.5639267
2026-06-26T06:41:28.620740+09:00,서울식물원·마곡나루역,서울식물원·마곡나루역,POI032,KEY_3,2728.마곡나루역 3번 출구,ST-2045,149,97,65,126.82807922,37.56580353
2026-06-26T06:41:28.620740+09:00,서울식물원·마곡나루역,서울식물원·마곡나루역,POI032,KEY_3,6177. 마곡롯데캐슬르웨스트,ST-3324,30,3,10,126.82462311,37.56356049
2026-06-26T06:41:28.620740+09:00,서울식물원·마곡나루역,서울식물원·마곡나루역,POI032,KEY_3,5097. LG사이언스파크 E2동,ST-3259,10,4,40,126.83208466,37.56381607
2026-06-26T06:41:28.620740+09:00,서울식물원·마곡나루역,서울식물원·마곡나루역,POI032,KEY_3,6190.마곡광장(마곡나루역 6번출구),ST-3421,30,3,10,126.82738495,37.56614685
2026-06-26T06:41:28.620740+09:00,서울식물원·마곡나루역,서울식물원·마곡나루역,POI032,KEY_3,5098. LG사이언스파크 W4동,ST-3261,25,5,20,126.82978821,37.56403732
2026-06-26T06:41:28.620740+09:00,서울역,서울역,POI033,KEY_4,379. 서울역9번출구,ST-194,100,10,10,126.97330475,37.55580521
2026-06-26T06:41:28.620740+09:00,서울역,서울역,POI033,KEY_4,485.서울역5번출구,ST-1791,170,17,10,126.97319794,37.55677032
2026-06-26T06:41:28.620740+09:00,서울역,서울역,POI033,KEY_4,435. SK 남산빌딩,ST-1670,70,7,10,126.97561646,37.55686188
2026-06-26T06:41:28.620740+09:00,서울역,서울역,POI033,KEY_4,6062.서울역파출소,ST-3413,210,21,10,126.97183228,37.55709457
2026-06-26T06:41:28.620740+09:00,서울역,서울역,POI033,KEY_4,4794. 서울역 서부교차로(3),ST-2786,163,13,8,126.96942139,37.55540848
2026-06-26T06:41:28.620740+09:00,서울역,서울역,POI033,KEY_4,4760. 서울역 7번출구,ST-2430,10,1,10,126.97364044,37.55664444
2026-06-26T06:41:28.620740+09:00,선릉역,선릉역,POI034,KEY_1,2328. 르네상스 호텔 사거리 역삼지하보도 7번출구 앞,ST-811,0,0,10,127.04273224,37.50321198
2026-06-26T06:41:28.620740+09:00,선릉역,선릉역,POI034,KEY_1,2369. KT선릉타워,ST-1178,55,11,20,127.0528717,37.50542831
2026-06-26T06:41:28.620740+09:00,선릉역,선릉역,POI034,KEY_1,2319. 포스코사거리 서측(수협 삼성동 지점),ST-802,60,6,10,127.05467987,37.50660706
2026-06-26T06:41:28.620740+09:00,선릉역,선릉역,POI034,KEY_1,2332. 선릉역3번출구,ST-815,38,3,8,127.04903412,37.50410461
2026-06-26T06:41:28.620740+09:00,선릉역,선릉역,POI034,KEY_1,2329. 르네상스호텔사거리 역삼지하보도 2번출구,ST-812,20,2,10,127.04319,37.50235748
2026-06-26T06:41:28.620740+09:00,성신여대입구역,성신여대입구역,POI035,KEY_2,1384.성신여대입구역 5번출구,ST-2225,223,29,13,127.01628876,37.59282684
2026-06-26T06:41:28.620740+09:00,성신여대입구역,성신여대입구역,POI035,KEY_2,1337. 돈암성당 옆,ST-1201,123,16,13,127.01716614,37.59039307
2026-06-26T06:41:28.620740+09:00,성신여대입구역,성신여대입구역,POI035,KEY_2,1385.성신여대입구역 3번출구 앞,ST-2226,330,33,10,127.01628876,37.59236526
2026-06-26T06:41:28.620740+09:00,수유역,수유역,POI036,KEY_3,1503. 강북구청사거리(수유역 8번출구),ST-643,86,12,14,127.02672577,37.63926315
2026-06-26T06:41:28.620740+09:00,수유역,수유역,POI036,KEY_3,1512. 강북중학교 앞,ST-862,100,20,20,127.02656555,37.64473724
2026-06-26T06:41:28.620740+09:00,수유역,수유역,POI036,KEY_3,1520. 수유중앙시장,ST-650,143,10,7,127.022789,37.63986206
2026-06-26T06:41:28.620740+09:00,수유역,수유역,POI036,KEY_3,1530. 광산사거리,ST-1104,62,8,13,127.0223465,37.64355087
2026-06-26T06:41:28.620740+09:00,수유역,수유역,POI036,KEY_3,1526. 강북종합시장 앞,ST-1100,13,1,8,127.02462769,37.64173889
2026-06-26T06:41:28.620740+09:00,수유역,수유역,POI036,KEY_3,1569.수유역2번출구,ST-2137,80,8,10,127.02590179,37.63796997
2026-06-26T06:41:28.620740+09:00,수유역,수유역,POI036,KEY_3,1535. 효성인텔리안 앞,ST-1109,20,2,10,127.02337646,37.6362915
2026-06-26T06:41:28.620740+09:00,수유역,수유역,POI036,KEY_3,1552. 강북구청사거리,ST-2125,38,3,8,127.02723694,37.63920212
2026-06-26T06:41:28.620740+09:00,숭례문,숭례문,POI131,KEY_4,445.대한상공회의소,ST-1771,13,2,15,126.97410583,37.56015396
2026-06-26T06:41:28.620740+09:00,숭례문,숭례문,POI131,KEY_4,6060. 신한은행 본점,ST-3342,25,2,8,126.97480774,37.56077576
2026-06-26T06:41:28.620740+09:00,시의회 앞,시의회 앞,POI130,KEY_1,310. 청계광장 옆,ST-126,13,1,8,126.9774704,37.56887817
2026-06-26T06:41:28.620740+09:00,시의회 앞,시의회 앞,POI130,KEY_1,458. 광화문역 5번출구,ST-1611,10,2,21,126.97756958,37.56989288
2026-06-26T06:41:28.620740+09:00,시의회 앞,시의회 앞,POI130,KEY_1,309. 광화문역 6번출구 옆 B,ST-125,15,2,13,126.97615814,37.56996155
2026-06-26T06:41:28.620740+09:00,시의회 앞,시의회 앞,POI130,KEY_1,4718. 광화문역 6번출구 옆 A,ST-3075,10,1,10,126.9764328,37.56993103
2026-06-26T06:41:28.620740+09:00,시의회 앞,시의회 앞,POI130,KEY_1,6058. 시청역 2번출구,ST-3297,80,12,15,126.97702026,37.56557846
2026-06-26T06:41:28.620740+09:00,신논현역·논현역,신논현역·논현역,POI037,KEY_2,2302. 교보타워 버스정류장(신논현역 3번출구 후면),ST-787,180,18,10,127.02427673,37.5055809
2026-06-26T06:41:28.620740+09:00,신논현역·논현역,신논현역·논현역,POI037,KEY_2,2542.신논현타워 앞,ST-1926,110,11,10,127.02391052,37.50508881
2026-06-26T06:41:28.620740+09:00,신논현역·논현역,신논현역·논현역,POI037,KEY_2,4347. 논현지하보도,ST-3332,110,11,10,127.02232361,37.50836945
2026-06-26T06:41:28.620740+09:00,신림역,신림역,POI039,KEY_4,2102. 봉림교 교통섬,ST-702,23,3,13,126.92688751,37.48408508
2026-06-26T06:41:28.620740+09:00,신림역,신림역,POI039,KEY_4,2175. 신림동걷고싶은문화의거리입구,ST-1270,129,9,7,126.92870331,37.48730087
2026-06-26T06:41:28.620740+09:00,신림역,신림역,POI039,KEY_4,2136. 신림역 8번출구,ST-976,38,3,8,126.93006897,37.48450851
2026-06-26T06:41:28.620740+09:00,신정네거리역,신정네거리역,POI117,KEY_1,706. 신정네거리역,ST-313,40,6,15,126.85175323,37.5218811
2026-06-26T06:41:28.620740+09:00,신정네거리역,신정네거리역,POI117,KEY_1,722. 경서농협 버스정류장(우리은행신정동지점방향),ST-993,110,11,10,126.85738373,37.52151108
2026-06-26T06:41:28.620740+09:00,신정네거리역,신정네거리역,POI117,KEY_1,4510. 신정네거리역 교차로,ST-2762,31,4,13,126.85228729,37.52175903
2026-06-26T06:41:28.620740+09:00,신정네거리역,신정네거리역,POI117,KEY_1,4507. 신정제일시장,ST-2759,100,10,10,126.85499573,37.52122498
2026-06-26T06:41:28.620740+09:00,신정네거리역,신정네거리역,POI117,KEY_1,4509. 서울영상고교 입구,ST-2761,273,41,15,126.85928345,37.52198029
2026-06-26T06:41:28.620740+09:00,신촌·이대역,신촌·이대역,POI040,KEY_2,128. 신촌역(2호선) 1번출구 옆,ST-30,21,4,19,126.93634033,37.55549622
2026-06-26T06:41:28.620740+09:00,신촌·이대역,신촌·이대역,POI040,KEY_2,150. 서강대역 2번출구 앞,ST-207,47,7,15,126.93434143,37.55295563
2026-06-26T06:41:28.620740+09:00,신촌·이대역,신촌·이대역,POI040,KEY_2,134. 연세로 명물길,ST-36,113,9,8,126.93807983,37.55789185
2026-06-26T06:41:28.620740+09:00,신촌·이대역,신촌·이대역,POI040,KEY_2,129. 신촌역(2호선) 6번출구 옆,ST-31,10,1,10,126.93756866,37.55505371
2026-06-26T06:41:28.620740+09:00,신촌·이대역,신촌·이대역,POI040,KEY_2,130. 신촌역(2호선) 7번출구 앞,ST-32,80,8,10,126.93626404,37.5550499
2026-06-26T06:41:28.620740+09:00,신촌·이대역,신촌·이대역,POI040,KEY_2,137. 신촌기차역입구 교차로,ST-39,50,5,10,126.9431839,37.55681229
2026-06-26T06:41:28.620740+09:00,신촌·이대역,신촌·이대역,POI040,KEY_2,135. 명물길 원형무대 앞,ST-37,0,0,10,126.93984222,37.55922699
2026-06-26T06:41:28.620740+09:00,신촌·이대역,신촌·이대역,POI040,KEY_2,3116.신촌역 4번출구,ST-2201,20,2,10,126.93720245,37.55550385
2026-06-26T06:41:28.620740+09:00,신촌·이대역,신촌·이대역,POI040,KEY_2,4274. 신촌 파랑고래 입구,ST-3140,20,2,10,126.93603516,37.55687714
2026-06-26T06:41:28.620740+09:00,신촌·이대역,신촌·이대역,POI040,KEY_2,4248. 신촌 교보빌딩,ST-3021,10,1,10,126.94034576,37.5560112
2026-06-26T06:41:28.620740+09:00,쌍문역,쌍문역,POI070,KEY_3,1709. 쌍문역4번출구 주변,ST-616,71,12,17,127.03534698,37.65012741
2026-06-26T06:41:28.620740+09:00,쌍문역,쌍문역,POI070,KEY_3,1774.정의여중고 버스정류소,ST-2119,100,8,8,127.034729,37.65134811
2026-06-26T06:41:28.620740+09:00,쌍문역,쌍문역,POI070,KEY_3,1754. 창동시장입구 사거리,ST-2099,27,3,11,127.03343201,37.64689636
2026-06-26T06:41:28.620740+09:00,쌍문역,쌍문역,POI070,KEY_3,4054. 창동한신아파트 버스정류소,ST-2722,20,2,10,127.03527069,37.64601898
2026-06-26T06:41:28.620740+09:00,양재역,양재역,POI041,KEY_4,2333. 양재역 3번출구 주변,ST-816,7,1,14,127.03407288,37.48515701
2026-06-26T06:41:28.620740+09:00,양재역,양재역,POI041,KEY_4,2293. SPC 앞,ST-1360,20,2,10,127.03699493,37.48479843
2026-06-26T06:41:28.620740+09:00,양재역,양재역,POI041,KEY_4,2242.양재역 10번 출구 앞,ST-767,40,8,20,127.03417969,37.48398972
2026-06-26T06:41:28.620740+09:00,양재역,양재역,POI041,KEY_4,4329. SC제일은행 양재동지점 앞,ST-2962,50,4,8,127.03315735,37.48573685
2026-06-26T06:41:28.620740+09:00,역삼역,역삼역,POI042,KEY_1,2410. 포스코피앤에스타워 (역삼역 3번출구 부근),ST-1680,100,10,10,127.03375244,37.49959946
2026-06-26T06:41:28.620740+09:00,역삼역,역삼역,POI042,KEY_1,2430.강남파이낸스센터앞(역삼역2번출구),ST-1896,0,0,10,127.03605652,37.50024414
2026-06-26T06:41:28.620740+09:00,역삼역,역삼역,POI042,KEY_1,2349. 역삼빌딩 앞(하나은행 옆),ST-959,0,0,12,127.03856659,37.50154495
2026-06-26T06:41:28.620740+09:00,연신내역,연신내역,POI043,KEY_2,922. 연신내역 4번출구,ST-470,0,0,10,126.92196655,37.61780167
2026-06-26T06:41:28.620740+09:00,연신내역,연신내역,POI043,KEY_2,906. 연신내역 5번출구,ST-454,213,17,8,126.91957855,37.61721039
2026-06-26T06:41:28.620740+09:00,연신내역,연신내역,POI043,KEY_2,949. 연신내역 1번 출구,ST-1035,117,7,6,126.92080688,37.61978149
2026-06-26T06:41:28.620740+09:00,오목교역·목동운동장,오목교역·목동운동장,POI044,KEY_3,747. 목동3단지 상가,ST-1018,250,25,10,126.8756485,37.53458023
2026-06-26T06:41:28.620740+09:00,오목교역·목동운동장,오목교역·목동운동장,POI044,KEY_3,792.목동트라팰리스 웨스턴에비뉴,ST-2017,5,1,20,126.8709259,37.52537155
2026-06-26T06:41:28.620740+09:00,오목교역·목동운동장,오목교역·목동운동장,POI044,KEY_3,756. 목동주차장,ST-1497,53,8,15,126.8761673,37.52667999
2026-06-26T06:41:28.620740+09:00,오목교역·목동운동장,오목교역·목동운동장,POI044,KEY_3,748. 목동운동장,ST-1019,162,21,13,126.87930298,37.53025055
2026-06-26T06:41:28.620740+09:00,오목교역·목동운동장,오목교역·목동운동장,POI044,KEY_3,765. 오목교역 3번출구,ST-1731,42,5,12,126.87548065,37.52477646
2026-06-26T06:41:28.620740+09:00,오목교역·목동운동장,오목교역·목동운동장,POI044,KEY_3,791.현대하이페리온,ST-2016,73,11,15,126.86980438,37.52490234
2026-06-26T06:41:28.620740+09:00,오목교역·목동운동장,오목교역·목동운동장,POI044,KEY_3,703. 오목교역 7번출구 앞,ST-311,42,5,12,126.87524414,37.52362823
2026-06-26T06:41:28.620740+09:00,오목교역·목동운동장,오목교역·목동운동장,POI044,KEY_3,731. 서울시 도로환경관리센터,ST-1002,40,4,10,126.87654114,37.5298996
2026-06-26T06:41:28.620740+09:00,오목교역·목동운동장,오목교역·목동운동장,POI044,KEY_3,771.목동아파트 703동 앞,ST-1997,38,3,8,126.87016296,37.52820587
2026-06-26T06:41:28.620740+09:00,오목교역·목동운동장,오목교역·목동운동장,POI044,KEY_3,769.CBS방송국 앞,ST-1995,35,7,20,126.87467194,37.52785492
2026-06-26T06:41:28.620740+09:00,오목교역·목동운동장,오목교역·목동운동장,POI044,KEY_3,762. 오목로 무중력지대 앞,ST-1503,40,4,10,126.87766266,37.52474213
2026-06-26T06:41:28.620740+09:00,오목교역·목동운동장,오목교역·목동운동장,POI044,KEY_3,723. SBS방송국,ST-994,27,4,15,126.87274933,37.52916336
2026-06-26T06:41:28.620740+09:00,오목교역·목동운동장,오목교역·목동운동장,POI044,KEY_3,4514. 목동성당 앞,ST-2764,225,45,20,126.86930084,37.52319717
2026-06-26T06:41:28.620740+09:00,오목교역·목동운동장,오목교역·목동운동장,POI044,KEY_3,4532. 목동현대아파트 후문 앞,ST-2879,100,10,10,126.87805939,37.5221405
2026-06-26T06:41:28.620740+09:00,오목교역·목동운동장,오목교역·목동운동장,POI044,KEY_3,4543. 오목교역 6번 출구,ST-3163,200,18,9,126.87567139,37.5236702
2026-06-26T06:41:28.620740+09:00,오목교역·목동운동장,오목교역·목동운동장,POI044,KEY_3,4546. 목동운동장 주경기장,ST-3227,80,24,30,126.88307953,37.52937698
2026-06-26T06:41:28.620740+09:00,왕십리역,왕십리역,POI045,KEY_4,558. 성동광진 교육지원청 앞,ST-359,30,6,20,127.03652191,37.56460571
2026-06-26T06:41:28.620740+09:00,왕십리역,왕십리역,POI045,KEY_4,559. 왕십리역 4번 출구 건너편,ST-360,54,7,13,127.03679657,37.56109619
2026-06-26T06:41:28.620740+09:00,왕십리역,왕십리역,POI045,KEY_4,525. 한양대병원사거리,ST-241,5,1,20,127.04035187,37.55805206
2026-06-26T06:41:28.620740+09:00,왕십리역,왕십리역,POI045,KEY_4,3561.행당동 삼부APT후문,ST-2343,80,8,10,127.03839874,37.55926895
2026-06-26T06:41:28.620740+09:00,왕십리역,왕십리역,POI045,KEY_4,3545.한양대역 1번출구,ST-2327,0,0,10,127.04335785,37.55657959
2026-06-26T06:41:28.620740+09:00,용산역,용산역,POI046,KEY_1,806. 전자랜드 본관 앞,ST-327,10,2,20,126.96073151,37.5330658
2026-06-26T06:41:28.620740+09:00,용산역,용산역,POI046,KEY_1,845. 용산 선인상가,ST-1615,81,13,16,126.96437836,37.53269958
2026-06-26T06:41:28.620740+09:00,용산역,용산역,POI046,KEY_1,853.용산역 맞은편,ST-2177,42,8,19,126.96595001,37.52841568
2026-06-26T06:41:28.620740+09:00,용산역,용산역,POI046,KEY_1,4617. 동원베네스트 건너편,ST-2448,83,5,6,126.95511627,37.52761078
2026-06-26T06:41:28.620740+09:00,용산역,용산역,POI046,KEY_1,4616. 신용산지하차도 앞,ST-2447,33,5,15,126.96411896,37.53248215
2026-06-26T06:41:28.620740+09:00,잠실새내역,잠실새내역,POI118,KEY_3,1224. 아시아지하보도 2번 출구,ST-548,93,14,15,127.07893372,37.51216888
2026-06-26T06:41:28.620740+09:00,잠실새내역,잠실새내역,POI118,KEY_3,1222. 잠실새내역 5번 출구 뒤,ST-547,39,9,23,127.08505249,37.51198196
2026-06-26T06:41:28.620740+09:00,잠실새내역,잠실새내역,POI118,KEY_3,2635.잠실새내역 1번출구,ST-1862,19,4,21,127.08673859,37.51129532
2026-06-26T06:41:28.620740+09:00,잠실새내역,잠실새내역,POI118,KEY_3,2637. 아시아지하보도 14번 출구,ST-1864,40,6,15,127.07881165,37.51146317
2026-06-26T06:41:28.620740+09:00,잠실역,잠실역,POI119,KEY_4,1232. 잠실주공 521동 건너편,ST-550,120,12,10,127.09568787,37.51184082
2026-06-26T06:41:28.620740+09:00,잠실역,잠실역,POI119,KEY_4,1210. 롯데월드타워(잠실역2번출구 쪽),ST-891,27,8,30,127.10095978,37.51312637
2026-06-26T06:41:28.620740+09:00,잠실역,잠실역,POI119,KEY_4,1231. 잠실역 6번출구,ST-840,46,6,13,127.09902954,37.51408768
2026-06-26T06:41:28.620740+09:00,잠실역,잠실역,POI119,KEY_4,2647.잠실 자전거 수리센터 앞,ST-1868,114,8,7,127.10114288,37.51100922
2026-06-26T06:41:28.620740+09:00,장지역,장지역,POI048,KEY_1,1266. 문정동 글샘 공원,ST-1085,60,6,10,127.12000275,37.47880936
2026-06-26T06:41:28.620740+09:00,장지역,장지역,POI048,KEY_1,1244. 문정 법조단지8,ST-904,27,3,11,127.12212372,37.48153687
2026-06-26T06:41:28.620740+09:00,장지역,장지역,POI048,KEY_1,1246. 문정 법조단지10,ST-906,20,6,30,127.12632751,37.47750854
2026-06-26T06:41:28.620740+09:00,장지역,장지역,POI048,KEY_1,1247. 문정 법조단지11,ST-907,0,0,15,127.12351227,37.4788208
2026-06-26T06:41:28.620740+09:00,장지역,장지역,POI048,KEY_1,1245. 문정 법조단지9,ST-905,10,1,10,127.12532806,37.47946548
2026-06-26T06:41:28.620740+09:00,장지역,장지역,POI048,KEY_1,4885. 가든파이브 리빙관,ST-2985,25,2,8,127.123703,37.47709656
2026-06-26T06:41:28.620740+09:00,장지역,장지역,POI048,KEY_1,4491. 장지역 1번출구,ST-2599,60,6,10,127.12678528,37.47953415
2026-06-26T06:41:28.620740+09:00,장한평역,장한평역,POI049,KEY_2,626. 군자교 서측 녹지대,ST-394,147,25,17,127.07096863,37.56115341
2026-06-26T06:41:28.620740+09:00,장한평역,장한평역,POI049,KEY_2,529. 장한평역 8번 출구 앞,ST-243,200,16,8,127.06365967,37.56137085
2026-06-26T06:41:28.620740+09:00,장한평역,장한평역,POI049,KEY_2,4385. 용답동 우체국 주변,ST-3099,260,13,5,127.06151581,37.56168747
2026-06-26T06:41:28.620740+09:00,장한평역,장한평역,POI049,KEY_2,4105. 서울교통공사사거리 교통섬,ST-2499,0,0,10,127.05799103,37.56324005
2026-06-26T06:41:28.620740+09:00,천호역,천호역,POI050,KEY_3,1264. 천호역 10번 출구 앞,ST-1083,0,0,8,127.12280273,37.53858185
2026-06-26T06:41:28.620740+09:00,천호역,천호역,POI050,KEY_3,1009. 천호역4번출구(현대백화점),ST-493,20,4,20,127.12424469,37.53866577
2026-06-26T06:41:28.620740+09:00,천호역,천호역,POI050,KEY_3,3657. 서울천호동우체국,ST-2732,230,23,10,127.12576294,37.54074097
2026-06-26T06:41:28.620740+09:00,총신대입구(이수)역,총신대입구(이수)역,POI051,KEY_4,2091. 이수역9번출구,ST-2364,253,38,15,126.98059082,37.48470306
2026-06-26T06:41:28.620740+09:00,총신대입구(이수)역,총신대입구(이수)역,POI051,KEY_4,2082.7호선 이수역7번출구,ST-2355,330,33,10,126.98179626,37.4846077
2026-06-26T06:41:28.620740+09:00,총신대입구(이수)역,총신대입구(이수)역,POI051,KEY_4,2511. 이수역 6번출구 앞,ST-1739,90,9,10,126.98234558,37.48398972
2026-06-26T06:41:28.620740+09:00,총신대입구(이수)역,총신대입구(이수)역,POI051,KEY_4,2032. 이수역 11번출구쪽,ST-923,240,24,10,126.98162079,37.48550797
2026-06-26T06:41:28.620740+09:00,총신대입구(이수)역,총신대입구(이수)역,POI051,KEY_4,2264. 이수역 1번출구,ST-935,200,18,9,126.98271942,37.48897171
2026-06-26T06:41:28.620740+09:00,충정로역,충정로역,POI052,KEY_1,180. 충정로역 7번출구 아래,ST-233,60,6,10,126.96246338,37.55996704
2026-06-26T06:41:28.620740+09:00,충정로역,충정로역,POI052,KEY_1,3114.충정로역 3번 출구,ST-2198,0,0,7,126.96552277,37.56046295
2026-06-26T06:41:28.620740+09:00,충정로역,충정로역,POI052,KEY_1,3134.SK리쳄블(서울아리수본부),ST-2219,20,2,10,126.96658325,37.56131744
2026-06-26T06:41:28.620740+09:00,충정로역,충정로역,POI052,KEY_1,4801. 충정로역 2호선(엘리베이터 앞),ST-3053,40,2,5,126.96414185,37.55937576
2026-06-26T06:41:28.620740+09:00,충정로역,충정로역,POI052,KEY_1,4266.국민연금공단충정로사옥,ST-3027,0,0,9,126.96414948,37.56184769
2026-06-26T06:41:28.620740+09:00,충정로역,충정로역,POI052,KEY_1,4752. 삼성사이버빌리지아파트,ST-2624,0,0,7,126.96485901,37.55891418
2026-06-26T06:41:28.620740+09:00,충정로역,충정로역,POI052,KEY_1,4271. 충정로역 1번 출구,ST-3107,43,3,7,126.96305847,37.55942535
2026-06-26T06:41:28.620740+09:00,합정역,합정역,POI053,KEY_2,105. 합정역 5번출구 앞,ST-7,20,1,5,126.91482544,37.55000687
2026-06-26T06:41:28.620740+09:00,합정역,합정역,POI053,KEY_2,497.합정동주민센터 앞,ST-2156,8,2,25,126.91230011,37.551754
2026-06-26T06:41:28.620740+09:00,합정역,합정역,POI053,KEY_2,106. 합정역 7번출구 앞,ST-8,0,0,12,126.91282654,37.54864502
2026-06-26T06:41:28.620740+09:00,합정역,합정역,POI053,KEY_2,4211. 시석빌딩 앞,ST-2534,0,0,8,126.91671753,37.54836655
2026-06-26T06:41:28.620740+09:00,혜화역,혜화역,POI054,KEY_3,342. 대학로 마로니에공원,ST-158,68,15,22,127.00234222,37.58044434
2026-06-26T06:41:28.620740+09:00,혜화역,혜화역,POI054,KEY_3,341. 혜화역 3번출구 뒤,ST-157,13,1,8,127.00178528,37.58156967
2026-06-26T06:41:28.620740+09:00,혜화역,혜화역,POI054,KEY_3,358. 성균관대입구 사거리 A,ST-173,8,1,13,126.99853516,37.58250046
2026-06-26T06:41:28.620740+09:00,혜화역,혜화역,POI054,KEY_3,3419.국립어린이과학관,ST-1816,29,4,14,126.99736786,37.58194733
2026-06-26T06:41:28.620740+09:00,혜화역,혜화역,POI054,KEY_3,3420. 성균관대입구 사거리 B,ST-1817,30,3,10,126.99885559,37.58327484
2026-06-26T06:41:28.620740+09:00,혜화역,혜화역,POI054,KEY_3,3421.혜화역 1번출구,ST-1818,30,3,10,127.00185394,37.58385468
2026-06-26T06:41:28.620740+09:00,홍대입구역(2호선),홍대입구역(2호선),POI055,KEY_4,114. 홍대입구역 8번출구 앞,ST-20,20,3,15,126.92442322,37.55706024
2026-06-26T06:41:28.620740+09:00,홍대입구역(2호선),홍대입구역(2호선),POI055,KEY_4,113. 홍대입구역 2번출구 앞,ST-18,21,6,28,126.9238205,37.5574379
2026-06-26T06:41:28.620740+09:00,회기역,회기역,POI056,KEY_1,680.꿈마루어린이도서관 앞,ST-2280,155,34,22,127.05741119,37.59238434
2026-06-26T06:41:28.620740+09:00,회기역,회기역,POI056,KEY_1,670.삼육서울병원 버스정류장,ST-2270,322,29,9,127.06151581,37.5896759
2026-06-26T07:40:42.546487+09:00,광화문·덕수궁,광화문·덕수궁,POI009,KEY_2,310. 청계광장 옆,ST-126,25,2,8,126.9774704,37.56887817
2026-06-26T07:40:42.546487+09:00,광화문·덕수궁,광화문·덕수궁,POI009,KEY_2,303. 광화문역 1번출구 앞,ST-119,75,6,8,126.97466278,37.57176971
2026-06-26T07:40:42.546487+09:00,광화문·덕수궁,광화문·덕수궁,POI009,KEY_2,391. 시립미술관,ST-977,113,9,8,126.97340393,37.56505203
2026-06-26T07:40:42.546487+09:00,광화문·덕수궁,광화문·덕수궁,POI009,KEY_2,458. 광화문역 5번출구,ST-1611,14,3,21,126.97756958,37.56989288
2026-06-26T07:40:42.546487+09:00,광화문·덕수궁,광화문·덕수궁,POI009,KEY_2,305. 종로구청 옆,ST-121,38,6,16,126.97833252,37.57255936
2026-06-26T07:40:42.546487+09:00,광화문·덕수궁,광화문·덕수궁,POI009,KEY_2,309. 광화문역 6번출구 옆 B,ST-125,15,2,13,126.97615814,37.56996155
2026-06-26T07:40:42.546487+09:00,광화문·덕수궁,광화문·덕수궁,POI009,KEY_2,4796. 서울시청,ST-2693,40,8,20,126.97925568,37.5664711
2026-06-26T07:40:42.546487+09:00,광화문·덕수궁,광화문·덕수궁,POI009,KEY_2,4718. 광화문역 6번출구 옆 A,ST-3075,20,2,10,126.9764328,37.56993103
2026-06-26T07:40:42.546487+09:00,광화문·덕수궁,광화문·덕수궁,POI009,KEY_2,6058. 시청역 2번출구,ST-3297,73,11,15,126.97702026,37.56557846
2026-06-26T07:40:42.546487+09:00,광화문·덕수궁,광화문·덕수궁,POI009,KEY_2,4719. 종로문화원 건너편,ST-3090,47,7,15,126.9805069,37.57571411
2026-06-26T07:40:42.546487+09:00,보신각,보신각,POI010,KEY_3,316. 종각역 1번출구 앞,ST-132,63,5,8,126.98178864,37.57039642
2026-06-26T07:40:42.546487+09:00,보신각,보신각,POI010,KEY_3,385. 종각역 5번출구,ST-336,10,1,10,126.98265839,37.56983566
2026-06-26T07:40:42.546487+09:00,보신각,보신각,POI010,KEY_3,3408.종로타워빌딩,ST-1805,8,1,13,126.98323822,37.57070541
2026-06-26T07:40:42.546487+09:00,보신각,보신각,POI010,KEY_3,4708. 조계사앞사거리,ST-2472,67,4,6,126.98283386,37.5721817
2026-06-26T07:40:42.546487+09:00,서울 암사동 유적,서울 암사동 유적,POI011,KEY_4,1007.암사동 선사유적지,ST-491,236,33,14,127.13087463,37.55955887
2026-06-26T07:40:42.546487+09:00,서울 암사동 유적,서울 암사동 유적,POI011,KEY_4,3539. 서원마을,ST-1686,70,7,10,127.13283539,37.56379318
2026-06-26T07:40:42.546487+09:00,창덕궁·종묘,창덕궁·종묘,POI012,KEY_1,339. 종로4가 사거리,ST-155,10,1,10,126.99819183,37.57106781
2026-06-26T07:40:42.546487+09:00,창덕궁·종묘,창덕궁·종묘,POI012,KEY_1,337. 창경궁 입구,ST-153,80,4,5,126.99647522,37.57897949
2026-06-26T07:40:42.546487+09:00,창덕궁·종묘,창덕궁·종묘,POI012,KEY_1,338. 세운스퀘어 앞,ST-154,0,0,18,126.99712372,37.57095718
2026-06-26T07:40:42.546487+09:00,창덕궁·종묘,창덕궁·종묘,POI012,KEY_1,359. 원남동사거리,ST-174,88,7,8,126.99768066,37.57606125
2026-06-26T07:40:42.546487+09:00,창덕궁·종묘,창덕궁·종묘,POI012,KEY_1,3410.종로3가역 8번출구,ST-1807,40,4,10,126.99188995,37.5724678
2026-06-26T07:40:42.546487+09:00,창덕궁·종묘,창덕궁·종묘,POI012,KEY_1,3411.종묘,ST-1808,44,4,9,126.99437714,37.57072067
2026-06-26T07:40:42.546487+09:00,창덕궁·종묘,창덕궁·종묘,POI012,KEY_1,3413.종로플레이스,ST-1810,41,9,22,126.99796295,37.57320023
2026-06-26T07:40:42.546487+09:00,동대문 관광특구,동대문 관광특구,POI002,KEY_3,346. 맥스타일 앞,ST-162,60,6,10,127.01014709,37.5689621
2026-06-26T07:40:42.546487+09:00,동대문 관광특구,동대문 관광특구,POI002,KEY_3,475.DDP 패션몰,ST-1781,24,5,21,127.0118103,37.56764984
2026-06-26T07:40:42.546487+09:00,동대문 관광특구,동대문 관광특구,POI002,KEY_3,347. 동대문역사문화공원역 9번출구 앞,ST-163,39,7,18,127.00784302,37.56533051
2026-06-26T07:40:42.546487+09:00,동대문 관광특구,동대문 관광특구,POI002,KEY_3,383. 신당역 12번 출구 뒤,ST-198,25,6,24,127.01642609,37.56591797
2026-06-26T07:40:42.546487+09:00,동대문 관광특구,동대문 관광특구,POI002,KEY_3,474.동대문역사문화공원역 1번출구 뒤편,ST-1780,53,21,40,127.00849152,37.56629944
2026-06-26T07:40:42.546487+09:00,동대문 관광특구,동대문 관광특구,POI002,KEY_3,6061.충무아트센터,ST-3381,60,6,10,127.01522064,37.56538773
2026-06-26T07:40:42.546487+09:00,동대문 관광특구,동대문 관광특구,POI002,KEY_3,4765. 동대문디자인플라자,ST-2431,20,4,20,127.00946045,37.5683136
2026-06-26T07:40:42.546487+09:00,명동 관광특구,명동 관광특구,POI003,KEY_4,310. 청계광장 옆,ST-126,25,2,8,126.9774704,37.56887817
2026-06-26T07:40:42.546487+09:00,명동 관광특구,명동 관광특구,POI003,KEY_4,320. 을지로입구역 4번출구 앞,ST-136,12,2,17,126.98358917,37.56622314
2026-06-26T07:40:42.546487+09:00,명동 관광특구,명동 관광특구,POI003,KEY_4,318. 광교사거리 남측,ST-134,10,1,10,126.98231506,37.56863403
2026-06-26T07:40:42.546487+09:00,명동 관광특구,명동 관광특구,POI003,KEY_4,466.롯데호텔,ST-1772,77,10,13,126.97981262,37.56584167
2026-06-26T07:40:42.546487+09:00,명동 관광특구,명동 관광특구,POI003,KEY_4,321. KEB 하나금융그룹 명동사옥 옆,ST-137,0,0,15,126.98413849,37.56546402
2026-06-26T07:40:42.546487+09:00,명동 관광특구,명동 관광특구,POI003,KEY_4,433. 을지로입구역 2번출구,ST-1668,0,0,12,126.98229218,37.56634521
2026-06-26T07:40:42.546487+09:00,명동 관광특구,명동 관광특구,POI003,KEY_4,398. 을지로3가역 3번출구,ST-1435,63,5,8,126.99249268,37.56660461
2026-06-26T07:40:42.546487+09:00,명동 관광특구,명동 관광특구,POI003,KEY_4,322. 명동성당 앞,ST-138,20,2,10,126.98696899,37.56447601
2026-06-26T07:40:42.546487+09:00,명동 관광특구,명동 관광특구,POI003,KEY_4,324. 신세계백화점 본점 앞,ST-140,88,7,8,126.9805069,37.56134415
2026-06-26T07:40:42.546487+09:00,명동 관광특구,명동 관광특구,POI003,KEY_4,331. 을지로2가 사거리 북측,ST-147,30,3,10,126.98720551,37.56638336
2026-06-26T07:40:42.546487+09:00,명동 관광특구,명동 관광특구,POI003,KEY_4,3013.서울지방고용노동청 앞,ST-2422,243,17,7,126.98725891,37.56760406
2026-06-26T07:40:42.546487+09:00,명동 관광특구,명동 관광특구,POI003,KEY_4,4775. 을지로지하쇼핑센터,ST-2521,30,3,10,126.98445129,37.56589127
2026-06-26T07:40:42.546487+09:00,명동 관광특구,명동 관광특구,POI003,KEY_4,4776. 신세계면세점,ST-2522,40,4,10,126.98139191,37.56027603
2026-06-26T07:40:42.546487+09:00,명동 관광특구,명동 관광특구,POI003,KEY_4,4762. 국제빌딩,ST-2517,0,0,10,126.98244476,37.56694794
2026-06-26T07:40:42.546487+09:00,명동 관광특구,명동 관광특구,POI003,KEY_4,4796. 서울시청,ST-2693,40,8,20,126.97925568,37.5664711
2026-06-26T07:40:42.546487+09:00,명동 관광특구,명동 관광특구,POI003,KEY_4,4774. 을지로입구역 8번출구,ST-2520,0,0,9,126.98178101,37.56590271
2026-06-26T07:40:42.546487+09:00,명동 관광특구,명동 관광특구,POI003,KEY_4,6058. 시청역 2번출구,ST-3297,73,11,15,126.97702026,37.56557846
2026-06-26T07:40:42.546487+09:00,명동 관광특구,명동 관광특구,POI003,KEY_4,4791. 명동역9번 출구,ST-2527,0,0,10,126.98749542,37.56122589
2026-06-26T07:40:42.546487+09:00,이태원 관광특구,이태원 관광특구,POI004,KEY_1,854.HID 유족동지회 앞,ST-2178,0,0,10,127.0014801,37.53850937
2026-06-26T07:40:42.546487+09:00,이태원 관광특구,이태원 관광특구,POI004,KEY_1,857. 현대 안성타워,ST-2181,0,0,10,126.99797058,37.53508759
2026-06-26T07:40:42.546487+09:00,이태원 관광특구,이태원 관광특구,POI004,KEY_1,843. 이태원관광특구 입구(용산구청방향),ST-1445,0,0,19,126.98867035,37.53379822
2026-06-26T07:40:42.546487+09:00,이태원 관광특구,이태원 관광특구,POI004,KEY_1,4612. 이태원로 255,ST-2444,0,0,5,127.00084686,37.53749847
2026-06-26T07:40:42.546487+09:00,이태원 관광특구,이태원 관광특구,POI004,KEY_1,4623. 라인프랜즈이태원점 앞,ST-2453,0,0,10,126.99619293,37.53453064
2026-06-26T07:40:42.546487+09:00,이태원 관광특구,이태원 관광특구,POI004,KEY_1,4613. 서울갤러리아 앞,ST-2445,0,0,5,126.99937439,37.53597641
2026-06-26T07:40:42.546487+09:00,이태원 관광특구,이태원 관광특구,POI004,KEY_1,4634. 이태원역 3번 출구,ST-3056,0,0,5,126.99497223,37.5343895
2026-06-26T07:40:42.546487+09:00,잠실 관광특구,잠실 관광특구,POI005,KEY_2,1210. 롯데월드타워(잠실역2번출구 쪽),ST-891,50,15,30,127.10095978,37.51312637
2026-06-26T07:40:42.546487+09:00,잠실 관광특구,잠실 관광특구,POI005,KEY_2,1232. 잠실주공 521동 건너편,ST-550,160,16,10,127.09568787,37.51184082
2026-06-26T07:40:42.546487+09:00,잠실 관광특구,잠실 관광특구,POI005,KEY_2,1297. 석촌호수교차로(동호 팔각정 앞),ST-1586,7,1,15,127.10411835,37.50920105
2026-06-26T07:40:42.546487+09:00,잠실 관광특구,잠실 관광특구,POI005,KEY_2,1268. 몽촌토성역 1번출구 옆,ST-1087,67,10,15,127.11419678,37.51728821
2026-06-26T07:40:42.546487+09:00,잠실 관광특구,잠실 관광특구,POI005,KEY_2,1233. 잠실3거리(갤러리아팰리스),ST-551,22,2,9,127.09336853,37.51050949
2026-06-26T07:40:42.546487+09:00,잠실 관광특구,잠실 관광특구,POI005,KEY_2,1296. 석촌호수교차로 (송파나루근린공원 앞),ST-1585,0,0,10,127.1034317,37.50867844
2026-06-26T07:40:42.546487+09:00,잠실 관광특구,잠실 관광특구,POI005,KEY_2,1267. 올림픽공원 남2문 앞,ST-1086,7,1,14,127.12306976,37.51424026
2026-06-26T07:40:42.546487+09:00,잠실 관광특구,잠실 관광특구,POI005,KEY_2,2608. 송파구청,ST-1681,190,19,10,127.10611725,37.51499176
2026-06-26T07:40:42.546487+09:00,잠실 관광특구,잠실 관광특구,POI005,KEY_2,2601. 석촌호수 아뜰리에,ST-1590,63,10,16,127.09883118,37.5067482
2026-06-26T07:40:42.546487+09:00,잠실 관광특구,잠실 관광특구,POI005,KEY_2,2621. 한성백제역 2번 출구,ST-1719,47,7,15,127.11625671,37.51665878
2026-06-26T07:40:42.546487+09:00,잠실 관광특구,잠실 관광특구,POI005,KEY_2,2622. 올림픽공원역 3번출구,ST-1720,75,15,20,127.13059235,37.51625824
2026-06-26T07:40:42.546487+09:00,잠실 관광특구,잠실 관광특구,POI005,KEY_2,2647.잠실 자전거 수리센터 앞,ST-1868,129,9,7,127.10114288,37.51100922
2026-06-26T07:40:42.546487+09:00,잠실 관광특구,잠실 관광특구,POI005,KEY_2,5751. 송파여성축구장,ST-3069,0,0,10,127.11743927,37.52471542
2026-06-26T07:40:42.546487+09:00,잠실 관광특구,잠실 관광특구,POI005,KEY_2,4862. 성내교 남단,ST-2756,90,9,10,127.11588287,37.52301788
2026-06-26T07:40:42.546487+09:00,잠실 관광특구,잠실 관광특구,POI005,KEY_2,4865. 한성백제역 1번출구 뒤,ST-2797,200,10,5,127.1149826,37.51647949
2026-06-26T07:40:42.546487+09:00,잠실 관광특구,잠실 관광특구,POI005,KEY_2,5768.방이삼거리,ST-3214,33,4,12,127.10822296,37.51237488
2026-06-26T07:40:42.546487+09:00,잠실 관광특구,잠실 관광특구,POI005,KEY_2,5781. 올림픽공원 수영장,ST-3300,336,47,14,127.12688446,37.52157211
2026-06-26T07:40:42.546487+09:00,잠실 관광특구,잠실 관광특구,POI005,KEY_2,4481. 올림픽공원 북2문 B,ST-2592,96,24,25,127.12751007,37.52397537
2026-06-26T07:40:42.546487+09:00,잠실 관광특구,잠실 관광특구,POI005,KEY_2,4857. 올림픽공원 장미광장,ST-2621,0,0,15,127.126297,37.51275635
2026-06-26T07:40:42.546487+09:00,잠실 관광특구,잠실 관광특구,POI005,KEY_2,4868. 석촌호수 서호 남단,ST-2833,20,2,10,127.10124207,37.50717163
2026-06-26T07:40:42.546487+09:00,잠실 관광특구,잠실 관광특구,POI005,KEY_2,4856. 올림픽공원 서1문 앞,ST-2608,70,7,10,127.11457062,37.5202179
2026-06-26T07:40:42.546487+09:00,잠실 관광특구,잠실 관광특구,POI005,KEY_2,4870. 몽촌토성역 3번 출구,ST-2876,20,2,10,127.11232758,37.5170784
2026-06-26T07:40:42.546487+09:00,잠실 관광특구,잠실 관광특구,POI005,KEY_2,4464. 올림픽공원 북2문 A,ST-2580,67,10,15,127.12804413,37.52357483
2026-06-26T07:40:42.546487+09:00,종로·청계 관광특구,종로·청계 관광특구,POI006,KEY_3,455. 종로6가역 버스정류장(동대문 방향),ST-1608,50,4,8,127.00605774,37.570961
2026-06-26T07:40:42.546487+09:00,종로·청계 관광특구,종로·청계 관광특구,POI006,KEY_3,368. SK 서린빌딩 앞,ST-181,27,4,15,126.98053741,37.5692482
2026-06-26T07:40:42.546487+09:00,종로·청계 관광특구,종로·청계 관광특구,POI006,KEY_3,397. 종묘공영주차장 건너편,ST-1432,23,3,13,126.99663544,37.57048035
2026-06-26T07:40:42.546487+09:00,종로·청계 관광특구,종로·청계 관광특구,POI006,KEY_3,458. 광화문역 5번출구,ST-1611,14,3,21,126.97756958,37.56989288
2026-06-26T07:40:42.546487+09:00,종로·청계 관광특구,종로·청계 관광특구,POI006,KEY_3,335. 종로3가역 15번출구 뒤,ST-151,80,8,10,126.99165344,37.57019424
2026-06-26T07:40:42.546487+09:00,종로·청계 관광특구,종로·청계 관광특구,POI006,KEY_3,393. 동대문역 8번 출구,ST-1372,58,7,12,127.00937653,37.57014084
2026-06-26T07:40:42.546487+09:00,종로·청계 관광특구,종로·청계 관광특구,POI006,KEY_3,385. 종각역 5번출구,ST-336,10,1,10,126.98265839,37.56983566
2026-06-26T07:40:42.546487+09:00,종로·청계 관광특구,종로·청계 관광특구,POI006,KEY_3,329. 청계2가 사거리 옆,ST-145,38,3,8,126.98788452,37.56848526
2026-06-26T07:40:42.546487+09:00,종로·청계 관광특구,종로·청계 관광특구,POI006,KEY_3,3412.세운상가,ST-1809,7,1,15,126.99454498,37.5703125
2026-06-26T07:40:42.546487+09:00,종로·청계 관광특구,종로·청계 관광특구,POI006,KEY_3,3415.동대문역6번출구,ST-1812,100,15,15,127.0107193,37.57147217
2026-06-26T07:40:42.546487+09:00,종로·청계 관광특구,종로·청계 관광특구,POI006,KEY_3,3432.종로2가 사거리,ST-1829,50,7,14,126.98880768,37.57001877
2026-06-26T07:40:42.546487+09:00,종로·청계 관광특구,종로·청계 관광특구,POI006,KEY_3,4707. 청계3가 사거리,ST-2513,20,1,5,126.99211884,37.56855774
2026-06-26T07:40:42.546487+09:00,홍대 관광특구,홍대 관광특구,POI007,KEY_4,113. 홍대입구역 2번출구 앞,ST-18,93,26,28,126.9238205,37.5574379
2026-06-26T07:40:42.546487+09:00,홍대 관광특구,홍대 관광특구,POI007,KEY_4,108. 서교동 사거리,ST-10,17,2,12,126.91861725,37.55274582
2026-06-26T07:40:42.546487+09:00,홍대 관광특구,홍대 관광특구,POI007,KEY_4,493.홍대입구역 6번출구,ST-2152,0,0,7,126.9288559,37.55657578
2026-06-26T07:40:42.546487+09:00,홍대 관광특구,홍대 관광특구,POI007,KEY_4,114. 홍대입구역 8번출구 앞,ST-20,40,6,15,126.92442322,37.55706024
2026-06-26T07:40:42.546487+09:00,홍대 관광특구,홍대 관광특구,POI007,KEY_4,104. 합정역 1번출구 앞,ST-6,8,1,13,126.91508484,37.55073929
2026-06-26T07:40:42.546487+09:00,홍대 관광특구,홍대 관광특구,POI007,KEY_4,3010.홍대입구역 3번출구,ST-2168,73,11,15,126.92538452,37.5582962
2026-06-26T07:40:42.546487+09:00,홍대 관광특구,홍대 관광특구,POI007,KEY_4,3009. 홍대입구역 사거리,ST-2167,10,2,20,126.92023468,37.55450058
2026-06-26T07:40:42.546487+09:00,홍대 관광특구,홍대 관광특구,POI007,KEY_4,4211. 시석빌딩 앞,ST-2534,0,0,8,126.91671753,37.54836655
2026-06-26T07:40:42.546487+09:00,홍대 관광특구,홍대 관광특구,POI007,KEY_4,4208. 스타벅스(동교동) 앞,ST-2532,30,3,10,126.91986847,37.5566597
2026-06-26T07:40:42.546487+09:00,국립중앙박물관·용산가족공원,국립중앙박물관·용산가족공원,POI089,KEY_1,863.이촌역2번 출구,ST-2187,150,15,10,126.977005,37.52177048
2026-06-26T07:40:42.546487+09:00,국립중앙박물관·용산가족공원,국립중앙박물관·용산가족공원,POI089,KEY_1,855.이촌역5번출구 앞,ST-2179,40,4,10,126.97277069,37.52272415
2026-06-26T07:40:42.546487+09:00,남산공원,남산공원,POI091,KEY_3,859.남산공원 야외식물원 앞,ST-2183,0,0,10,126.99586487,37.54188538
2026-06-26T07:40:42.546487+09:00,남산공원,남산공원,POI091,KEY_3,371. 동대입구역 6번출구 뒤,ST-186,20,2,10,127.00553894,37.55887222
2026-06-26T07:40:42.546487+09:00,남산공원,남산공원,POI091,KEY_3,381. 장충체육관,ST-196,30,3,10,127.00698853,37.55853271
2026-06-26T07:40:42.546487+09:00,남산공원,남산공원,POI091,KEY_3,4621. 남산도서관 앞,ST-3054,8,1,12,126.98201752,37.55240631
2026-06-26T07:40:42.546487+09:00,노들섬,노들섬,POI092,KEY_4,869.노들섬 동측 앞,ST-2239,0,0,10,126.95914459,37.51729584
2026-06-26T07:40:42.546487+09:00,노들섬,노들섬,POI092,KEY_4,870.노들섬 서측 앞,ST-2240,20,2,10,126.95829773,37.51731873
2026-06-26T07:40:42.546487+09:00,망원한강공원,망원한강공원,POI094,KEY_2,105. 합정역 5번출구 앞,ST-7,0,0,5,126.91482544,37.55000687
2026-06-26T07:40:42.546487+09:00,망원한강공원,망원한강공원,POI094,KEY_2,5515.한강버스 망원 선착장,ST-3388,20,6,30,126.89590454,37.55466461
2026-06-26T07:40:42.546487+09:00,망원한강공원,망원한강공원,POI094,KEY_2,4217. 한강공원 망원나들목,ST-2905,125,25,20,126.89688873,37.55557632
2026-06-26T07:40:42.546487+09:00,보라매공원,보라매공원,POI123,KEY_4,4181. 보라매공원역 2번출구,ST-3117,100,6,6,126.91781616,37.49582291
2026-06-26T07:40:42.546487+09:00,보라매공원,보라매공원,POI123,KEY_4,4179. 보라매병원역 1번출구,ST-3105,15,3,20,126.92362976,37.49304199
2026-06-26T07:40:42.546487+09:00,북서울꿈의숲,북서울꿈의숲,POI096,KEY_1,3718. 번동3단지 버스정류장,ST-2610,145,16,11,127.04390717,37.628685
2026-06-26T07:40:42.546487+09:00,북서울꿈의숲,북서울꿈의숲,POI096,KEY_1,1548. 북서울 꿈의숲 서문,ST-1725,93,14,15,127.03781128,37.62268829
2026-06-26T07:40:42.546487+09:00,북서울꿈의숲,북서울꿈의숲,POI096,KEY_1,1571.북서울 꿈의 숲 입구,ST-2401,0,0,10,127.03864288,37.62657166
2026-06-26T07:40:42.546487+09:00,서대문독립공원,서대문독립공원,POI124,KEY_2,367. 독립문역 3-1번출구,ST-180,138,18,13,126.95851898,37.57415771
2026-06-26T07:40:42.546487+09:00,서대문독립공원,서대문독립공원,POI124,KEY_2,3113. 독립문 앞,ST-2199,27,4,15,126.95974731,37.57220459
2026-06-26T07:40:42.546487+09:00,서대문독립공원,서대문독립공원,POI124,KEY_2,3426.독립문역 2번출구 뒤,ST-1823,190,19,10,126.95755005,37.57501602
2026-06-26T07:40:42.546487+09:00,서대문독립공원,서대문독립공원,POI124,KEY_2,3427.인왕산 아이파크 정문,ST-1824,200,16,8,126.95584869,37.57666779
2026-06-26T07:40:42.546487+09:00,서리풀공원·몽마르뜨공원,서리풀공원·몽마르뜨공원,POI098,KEY_3,4316. 고속터미널역 3번출구,ST-2667,20,5,25,127.0059433,37.50365829
2026-06-26T07:40:42.546487+09:00,서리풀공원·몽마르뜨공원,서리풀공원·몽마르뜨공원,POI098,KEY_3,4312. 반포미도2차아파트 옆,ST-2663,20,2,10,127.00653076,37.50320435
2026-06-26T07:40:42.546487+09:00,서리풀공원·몽마르뜨공원,서리풀공원·몽마르뜨공원,POI098,KEY_3,4327. 몽마르뜨공원입구,ST-3009,0,0,11,127.0026474,37.4928894
2026-06-26T07:40:42.546487+09:00,서울숲공원,서울숲공원,POI101,KEY_1,510. 뚝도아리수정수센터 버스정류소 옆,ST-107,60,9,15,127.04380035,37.54122162
2026-06-26T07:40:42.546487+09:00,서울숲공원,서울숲공원,POI101,KEY_1,3552.서울숲 공영주차장앞,ST-2334,21,4,19,127.04277039,37.54195786
2026-06-26T07:40:42.546487+09:00,서울숲공원,서울숲공원,POI101,KEY_1,4401.뚝섬유수지 공영주차장,ST-3393,30,3,10,127.042099,37.55018234
2026-06-26T07:40:42.546487+09:00,송현녹지광장,송현녹지광장,POI129,KEY_2,354. 포르투갈 대사관 앞,ST-170,0,0,10,126.98896027,37.57915497
2026-06-26T07:40:42.546487+09:00,송현녹지광장,송현녹지광장,POI129,KEY_2,353. 재동초교 앞 삼거리,ST-169,113,9,8,126.9849472,37.57938766
2026-06-26T07:40:42.546487+09:00,송현녹지광장,송현녹지광장,POI129,KEY_2,314. 국립현대미술관,ST-130,70,7,10,126.98085785,37.5797081
2026-06-26T07:40:42.546487+09:00,송현녹지광장,송현녹지광장,POI129,KEY_2,3407.안국동사거리(신),ST-1804,6,1,18,126.98339081,37.57580566
2026-06-26T07:40:42.546487+09:00,송현녹지광장,송현녹지광장,POI129,KEY_2,4705. 웰니스센터(민방위교육장 앞),ST-2565,50,3,6,126.98912811,37.57752991
2026-06-26T07:40:42.546487+09:00,송현녹지광장,송현녹지광장,POI129,KEY_2,4719. 종로문화원 건너편,ST-3090,47,7,15,126.9805069,37.57571411
2026-06-26T07:40:42.546487+09:00,어린이대공원,어린이대공원,POI104,KEY_2,574. 아차산역4번출구,ST-385,136,30,22,127.08898163,37.55184937
2026-06-26T07:40:42.546487+09:00,어린이대공원,어린이대공원,POI104,KEY_2,500. 어린이대공원역 3번출구 앞,ST-97,60,3,5,127.07466888,37.54697037
2026-06-26T07:40:42.546487+09:00,어린이대공원,어린이대공원,POI104,KEY_2,573. 구의문주차장 앞,ST-384,190,19,10,127.08473206,37.54523087
2026-06-26T07:40:42.546487+09:00,어린이대공원,어린이대공원,POI104,KEY_2,3860. 건국대학교 정문 앞,ST-2542,30,3,10,127.07571411,37.5465126
2026-06-26T07:40:42.546487+09:00,어린이대공원,어린이대공원,POI104,KEY_2,3573.광나루안전체험관,ST-2312,13,2,15,127.07671356,37.5513382
2026-06-26T07:40:42.546487+09:00,어린이대공원,어린이대공원,POI104,KEY_2,3529. 어린이대공원정문,ST-1603,40,6,15,127.07592773,37.54978943
2026-06-26T07:40:42.546487+09:00,어린이대공원,어린이대공원,POI104,KEY_2,3853. 어린이대공원역 2번출구,ST-2541,17,3,18,127.07470703,37.54764938
2026-06-26T07:40:42.546487+09:00,어린이대공원,어린이대공원,POI104,KEY_2,3507. 어린이회관,ST-1192,68,21,31,127.07800293,37.54595184
2026-06-26T07:40:42.546487+09:00,여의도한강공원,여의도한강공원,POI105,KEY_3,249. 여의도중학교 옆,ST-297,19,3,16,126.93580627,37.52457809
2026-06-26T07:40:42.546487+09:00,여의도한강공원,여의도한강공원,POI105,KEY_3,260. 여의도 마리나선착장 앞,ST-414,33,5,15,126.91216278,37.53365707
2026-06-26T07:40:42.546487+09:00,여의도한강공원,여의도한강공원,POI105,KEY_3,5890.여의나루역 3번출구,ST-3401,9,1,11,126.93336487,37.52645493
2026-06-26T07:40:42.546487+09:00,여의도한강공원,여의도한강공원,POI105,KEY_3,5891.한강버스 여의도 선착장,ST-3402,250,75,30,126.93422699,37.52816391
2026-06-26T07:40:42.546487+09:00,여의서로,여의서로,POI126,KEY_4,298.KBS 연구동 건너편,ST-1970,0,0,25,126.91374207,37.52724838
2026-06-26T07:40:42.546487+09:00,여의서로,여의서로,POI126,KEY_4,297.국회3문,ST-1969,0,0,10,126.91267395,37.52863693
2026-06-26T07:40:42.546487+09:00,여의서로,여의서로,POI126,KEY_4,260. 여의도 마리나선착장 앞,ST-414,33,5,15,126.91216278,37.53365707
2026-06-26T07:40:42.546487+09:00,올림픽공원,올림픽공원,POI127,KEY_1,1268. 몽촌토성역 1번출구 옆,ST-1087,67,10,15,127.11419678,37.51728821
2026-06-26T07:40:42.546487+09:00,올림픽공원,올림픽공원,POI127,KEY_1,1267. 올림픽공원 남2문 앞,ST-1086,7,1,14,127.12306976,37.51424026
2026-06-26T07:40:42.546487+09:00,올림픽공원,올림픽공원,POI127,KEY_1,2621. 한성백제역 2번 출구,ST-1719,47,7,15,127.11625671,37.51665878
2026-06-26T07:40:42.546487+09:00,올림픽공원,올림픽공원,POI127,KEY_1,2622. 올림픽공원역 3번출구,ST-1720,75,15,20,127.13059235,37.51625824
2026-06-26T07:40:42.546487+09:00,올림픽공원,올림픽공원,POI127,KEY_1,5751. 송파여성축구장,ST-3069,0,0,10,127.11743927,37.52471542
2026-06-26T07:40:42.546487+09:00,올림픽공원,올림픽공원,POI127,KEY_1,4862. 성내교 남단,ST-2756,90,9,10,127.11588287,37.52301788
2026-06-26T07:40:42.546487+09:00,올림픽공원,올림픽공원,POI127,KEY_1,4865. 한성백제역 1번출구 뒤,ST-2797,200,10,5,127.1149826,37.51647949
2026-06-26T07:40:42.546487+09:00,올림픽공원,올림픽공원,POI127,KEY_1,5781. 올림픽공원 수영장,ST-3300,336,47,14,127.12688446,37.52157211
2026-06-26T07:40:42.546487+09:00,올림픽공원,올림픽공원,POI127,KEY_1,4481. 올림픽공원 북2문 B,ST-2592,96,24,25,127.12751007,37.52397537
2026-06-26T07:40:42.546487+09:00,올림픽공원,올림픽공원,POI127,KEY_1,4857. 올림픽공원 장미광장,ST-2621,0,0,15,127.126297,37.51275635
2026-06-26T07:40:42.546487+09:00,올림픽공원,올림픽공원,POI127,KEY_1,4856. 올림픽공원 서1문 앞,ST-2608,70,7,10,127.11457062,37.5202179
2026-06-26T07:40:42.546487+09:00,올림픽공원,올림픽공원,POI127,KEY_1,4464. 올림픽공원 북2문 A,ST-2580,67,10,15,127.12804413,37.52357483
2026-06-26T07:40:42.546487+09:00,월드컵공원,월드컵공원,POI106,KEY_2,413. 상암월드컵파크 3단지 후문,ST-92,100,10,10,126.88968658,37.57147598
2026-06-26T07:40:42.546487+09:00,월드컵공원,월드컵공원,POI106,KEY_2,199. 서울 월드컵 경기장,ST-443,10,3,30,126.89644623,37.56684494
2026-06-26T07:40:42.546487+09:00,월드컵공원,월드컵공원,POI106,KEY_2,419. 홈플러스 마포점 앞,ST-87,10,2,21,126.89942932,37.56842041
2026-06-26T07:40:42.546487+09:00,월드컵공원,월드컵공원,POI106,KEY_2,420. 서울시 공공자전거 상암센터,ST-85,95,35,37,126.8961792,37.56624603
2026-06-26T07:40:42.546487+09:00,월드컵공원,월드컵공원,POI106,KEY_2,418. 월드컵경기장역 3번출구 옆,ST-89,20,4,20,126.8992691,37.57277679
2026-06-26T07:40:42.546487+09:00,월드컵공원,월드컵공원,POI106,KEY_2,186. 월드컵공원,ST-344,75,30,40,126.89820862,37.56396484
2026-06-26T07:40:42.546487+09:00,월드컵공원,월드컵공원,POI106,KEY_2,440. 하늘공원 입구,ST-1754,87,13,15,126.88134766,37.57012177
2026-06-26T07:40:42.546487+09:00,월드컵공원,월드컵공원,POI106,KEY_2,3008.DMC역7번출구,ST-2166,30,3,10,126.89836121,37.57711411
2026-06-26T07:40:42.546487+09:00,응봉산,응봉산,POI107,KEY_3,569. 응봉현대아파트 정류소,ST-370,0,0,10,127.03024292,37.54958344
2026-06-26T07:40:42.546487+09:00,응봉산,응봉산,POI107,KEY_3,3511. 응봉역 1번출구,ST-1195,130,13,10,127.0351944,37.55130386
2026-06-26T07:40:42.546487+09:00,응봉산,응봉산,POI107,KEY_3,3525. 금호스포츠센터앞,ST-1599,180,27,15,127.02507019,37.54608917
2026-06-26T07:40:42.546487+09:00,청계산,청계산,POI112,KEY_4,2203. 청계산입구역 2번출구,ST-925,10,1,10,127.05501556,37.44765854
2026-06-26T07:40:42.546487+09:00,청계산,청계산,POI112,KEY_4,4338.새정이마을버스정류장 앞,ST-3216,80,4,5,127.06594849,37.43474579
2026-06-26T07:40:42.546487+09:00,가락시장,가락시장,POI058,KEY_2,2658.가락몰 업무동,ST-2409,160,16,10,127.11569214,37.49535751
2026-06-26T07:40:42.546487+09:00,가락시장,가락시장,POI058,KEY_2,2659.서울친환경유통센터,ST-2410,0,0,10,127.10492706,37.49420929
2026-06-26T07:40:42.546487+09:00,가락시장,가락시장,POI058,KEY_2,4480. 가락시장 남1문 사거리,ST-2591,33,5,15,127.11745453,37.49201584
2026-06-26T07:40:42.546487+09:00,가락시장,가락시장,POI058,KEY_2,4854. 가락시장역 2번 출구,ST-2606,10,1,10,127.11798859,37.492733
2026-06-26T07:40:42.546487+09:00,가로수길,가로수길,POI059,KEY_3,3606. 신사동주민센터 옆,ST-2673,30,3,10,127.02285004,37.52422714
2026-06-26T07:40:42.546487+09:00,가로수길,가로수길,POI059,KEY_3,2362. 신사동 가로수길 입구,ST-1171,50,5,10,127.02245331,37.51763535
2026-06-26T07:40:42.546487+09:00,가로수길,가로수길,POI059,KEY_3,4903. 신사스퀘어,ST-3066,30,3,10,127.0189743,37.51916885
2026-06-26T07:40:42.546487+09:00,가로수길,가로수길,POI059,KEY_3,4907. 극동스포츠 앞,ST-3078,300,15,5,127.02588654,37.5257225
2026-06-26T07:40:42.546487+09:00,김포공항,김포공항,POI061,KEY_1,3776. 김포공항사거리,ST-2484,180,18,10,126.80518341,37.5675354
2026-06-26T07:40:42.546487+09:00,김포공항,김포공항,POI061,KEY_1,5072. 김포공항입구 교통섬,ST-2947,130,13,10,126.80708313,37.56154633
2026-06-26T07:40:42.546487+09:00,남대문시장,남대문시장,POI115,KEY_2,470.회현역 7번출구,ST-1776,8,1,13,126.98000336,37.55974579
2026-06-26T07:40:42.546487+09:00,남대문시장,남대문시장,POI115,KEY_2,324. 신세계백화점 본점 앞,ST-140,88,7,8,126.9805069,37.56134415
2026-06-26T07:40:42.546487+09:00,남대문시장,남대문시장,POI115,KEY_2,4776. 신세계면세점,ST-2522,40,4,10,126.98139191,37.56027603
2026-06-26T07:40:42.546487+09:00,노량진,노량진,POI063,KEY_3,2003. 사육신공원앞,ST-877,160,16,10,126.94805908,37.51335907
2026-06-26T07:40:42.546487+09:00,노량진,노량진,POI063,KEY_3,2002. 노들역 1번출구,ST-683,324,55,17,126.95246887,37.51284409
2026-06-26T07:40:42.546487+09:00,노량진,노량진,POI063,KEY_3,2070. 노량진역 2번 출구 앞,ST-1545,117,21,18,126.94306946,37.51391983
2026-06-26T07:40:42.546487+09:00,노량진,노량진,POI063,KEY_3,2058. 동작경찰서,ST-1150,114,16,14,126.94352722,37.5135231
2026-06-26T07:40:42.546487+09:00,노량진,노량진,POI063,KEY_3,2050. 노량진역 5번출구,ST-699,147,22,15,126.93997192,37.51324844
2026-06-26T07:40:42.546487+09:00,덕수궁길·정동길,덕수궁길·정동길,POI064,KEY_4,391. 시립미술관,ST-977,113,9,8,126.97340393,37.56505203
2026-06-26T07:40:42.546487+09:00,덕수궁길·정동길,덕수궁길·정동길,POI064,KEY_4,300. 정동사거리,ST-116,17,1,6,126.96923065,37.56805038
2026-06-26T07:40:42.546487+09:00,덕수궁길·정동길,덕수궁길·정동길,POI064,KEY_4,4715. 돈의문 박물관 마을,ST-2923,7,1,15,126.96955109,37.56883621
2026-06-26T07:40:42.546487+09:00,덕수궁길·정동길,덕수궁길·정동길,POI064,KEY_4,6058. 시청역 2번출구,ST-3297,73,11,15,126.97702026,37.56557846
2026-06-26T07:40:42.546487+09:00,북촌한옥마을,북촌한옥마을,POI066,KEY_2,464. 삼청동 골목,ST-1756,10,1,10,126.98169708,37.58419037
2026-06-26T07:40:42.546487+09:00,북촌한옥마을,북촌한옥마을,POI066,KEY_2,354. 포르투갈 대사관 앞,ST-170,0,0,10,126.98896027,37.57915497
2026-06-26T07:40:42.546487+09:00,북촌한옥마을,북촌한옥마을,POI066,KEY_2,352. 중앙고입구 삼거리,ST-168,0,0,10,126.98523712,37.58341599
2026-06-26T07:40:42.546487+09:00,북촌한옥마을,북촌한옥마을,POI066,KEY_2,353. 재동초교 앞 삼거리,ST-169,113,9,8,126.9849472,37.57938766
2026-06-26T07:40:42.546487+09:00,북촌한옥마을,북촌한옥마을,POI066,KEY_2,465. 삼청공원 앞,ST-1759,160,8,5,126.9835968,37.58760452
2026-06-26T07:40:42.546487+09:00,북촌한옥마을,북촌한옥마을,POI066,KEY_2,451. 청와대앞길,ST-979,25,2,8,126.97966766,37.58351517
2026-06-26T07:40:42.546487+09:00,북촌한옥마을,북촌한옥마을,POI066,KEY_2,314. 국립현대미술관,ST-130,70,7,10,126.98085785,37.5797081
2026-06-26T07:40:42.546487+09:00,북촌한옥마을,북촌한옥마을,POI066,KEY_2,3407.안국동사거리(신),ST-1804,6,1,18,126.98339081,37.57580566
2026-06-26T07:40:42.546487+09:00,북촌한옥마을,북촌한옥마을,POI066,KEY_2,4705. 웰니스센터(민방위교육장 앞),ST-2565,50,3,6,126.98912811,37.57752991
2026-06-26T07:40:42.546487+09:00,북촌한옥마을,북촌한옥마을,POI066,KEY_2,4719. 종로문화원 건너편,ST-3090,47,7,15,126.9805069,37.57571411
2026-06-26T07:40:42.546487+09:00,서촌,서촌,POI067,KEY_3,450. 효자동 삼거리,ST-978,20,10,51,126.97254944,37.58360291
2026-06-26T07:40:42.546487+09:00,서촌,서촌,POI067,KEY_3,349. 어린이도서관,ST-165,20,1,5,126.96858978,37.57633209
2026-06-26T07:40:42.546487+09:00,서촌,서촌,POI067,KEY_3,4710. 자교교회 앞,ST-2473,38,3,8,126.97123718,37.58114624
2026-06-26T07:40:42.546487+09:00,서촌,서촌,POI067,KEY_3,4721. 통인시장 정자,ST-3354,175,14,8,126.96878815,37.58055878
2026-06-26T07:40:42.546487+09:00,성수카페거리,성수카페거리,POI068,KEY_4,587. 유니베라 앞,ST-482,50,5,10,127.05264282,37.54541779
2026-06-26T07:40:42.546487+09:00,성수카페거리,성수카페거리,POI068,KEY_4,514. 성수사거리 버스정류장 앞,ST-112,33,4,12,127.06330872,37.54257965
2026-06-26T07:40:42.546487+09:00,성수카페거리,성수카페거리,POI068,KEY_4,513. 뚝섬역 5번 출구 정류소 옆,ST-111,15,2,13,127.04980469,37.54630661
2026-06-26T07:40:42.546487+09:00,성수카페거리,성수카페거리,POI068,KEY_4,3548.뚝섬역 6번출구,ST-2330,20,2,10,127.04766846,37.54695892
2026-06-26T07:40:42.546487+09:00,성수카페거리,성수카페거리,POI068,KEY_4,4377. 우영테크노센터 앞,ST-3003,88,7,8,127.05971527,37.54332352
2026-06-26T07:40:42.546487+09:00,성수카페거리,성수카페거리,POI068,KEY_4,4399. 더리브 세종타워 앞,ST-3326,29,2,7,127.0580368,37.54378128
2026-06-26T07:40:42.546487+09:00,성수카페거리,성수카페거리,POI068,KEY_4,4387. 성수역 1번출구 주변,ST-3121,0,0,8,127.05336761,37.54555893
2026-06-26T07:40:42.546487+09:00,성수카페거리,성수카페거리,POI068,KEY_4,4398. 유원지식산업센터 앞,ST-3325,19,3,16,127.05593109,37.54436493
2026-06-26T07:40:42.546487+09:00,송리단길·호수단길,송리단길·호수단길,POI121,KEY_1,2639.석촌역 8번출구,ST-1866,72,13,18,127.10657501,37.50550461
2026-06-26T07:40:42.546487+09:00,송리단길·호수단길,송리단길·호수단길,POI121,KEY_1,4868. 석촌호수 서호 남단,ST-2833,30,3,10,127.10124207,37.50717163
2026-06-26T07:40:42.546487+09:00,신촌 스타광장,신촌 스타광장,POI122,KEY_2,3116.신촌역 4번출구,ST-2201,20,2,10,126.93720245,37.55550385
2026-06-26T07:40:42.546487+09:00,신촌 스타광장,신촌 스타광장,POI122,KEY_2,128. 신촌역(2호선) 1번출구 옆,ST-30,21,4,19,126.93634033,37.55549622
2026-06-26T07:40:42.546487+09:00,압구정로데오거리,압구정로데오거리,POI071,KEY_3,2365. K+ 타워 앞,ST-1174,20,3,15,127.03847504,37.52330017
2026-06-26T07:40:42.546487+09:00,압구정로데오거리,압구정로데오거리,POI071,KEY_3,2310. 청담동 맥도날드 옆(위치),ST-794,50,5,10,127.04017639,37.52361298
2026-06-26T07:40:42.546487+09:00,여의도,여의도,POI072,KEY_4,226. 샛강역 1번출구 앞,ST-72,0,0,19,126.92841339,37.51776505
2026-06-26T07:40:42.546487+09:00,여의도,여의도,POI072,KEY_4,203. 국회의사당역 3번출구 옆,ST-51,7,1,15,126.91870117,37.5280571
2026-06-26T07:40:42.546487+09:00,여의도,여의도,POI072,KEY_4,204. 국회의사당역 5번출구 옆,ST-50,0,0,13,126.91702271,37.52816391
2026-06-26T07:40:42.546487+09:00,여의도,여의도,POI072,KEY_4,223. 진주아파트상가 앞,ST-69,5,1,20,126.9333725,37.51913071
2026-06-26T07:40:42.546487+09:00,여의도,여의도,POI072,KEY_4,224. 롯데캐슬 앞,ST-70,5,1,20,126.93236542,37.5200882
2026-06-26T07:40:42.546487+09:00,여의도,여의도,POI072,KEY_4,207. 여의나루역 1번출구 앞,ST-73,4,2,46,126.93190002,37.52715683
2026-06-26T07:40:42.546487+09:00,여의도,여의도,POI072,KEY_4,271. 샛강생태공원방문자센터 앞,ST-425,0,0,10,126.9216156,37.51896286
2026-06-26T07:40:42.546487+09:00,여의도,여의도,POI072,KEY_4,202. 국민일보 앞,ST-47,13,4,30,126.92453003,37.52881622
2026-06-26T07:40:42.546487+09:00,여의도,여의도,POI072,KEY_4,299.여의도 순복음교회,ST-1971,30,3,10,126.92245483,37.53179169
2026-06-26T07:40:42.546487+09:00,여의도,여의도,POI072,KEY_4,200. 국회의원회관,ST-45,23,5,22,126.91391754,37.52841568
2026-06-26T07:40:42.546487+09:00,여의도,여의도,POI072,KEY_4,209. 유진투자증권빌딩 앞,ST-55,86,19,22,126.92783356,37.52461243
2026-06-26T07:40:42.546487+09:00,여의도,여의도,POI072,KEY_4,205. 산업은행 앞,ST-52,5,1,20,126.92050934,37.52626419
2026-06-26T07:40:42.546487+09:00,여의도,여의도,POI072,KEY_4,214. 금융감독원 앞,ST-60,52,11,21,126.9208374,37.5230217
2026-06-26T07:40:42.546487+09:00,여의도,여의도,POI072,KEY_4,270. 증권거래소후문교차로,ST-424,110,11,10,126.92710114,37.52234268
2026-06-26T07:40:42.546487+09:00,여의도,여의도,POI072,KEY_4,298.KBS 연구동 건너편,ST-1970,0,0,25,126.91374207,37.52724838
2026-06-26T07:40:42.546487+09:00,여의도,여의도,POI072,KEY_4,222. 시범아파트버스정류장 옆,ST-68,100,12,12,126.93688965,37.51902008
2026-06-26T07:40:42.546487+09:00,여의도,여의도,POI072,KEY_4,213. KT앞,ST-59,53,10,19,126.91895294,37.52190781
2026-06-26T07:40:42.546487+09:00,여의도,여의도,POI072,KEY_4,225. 앙카라공원 앞,ST-71,0,0,26,126.92961884,37.51758575
2026-06-26T07:40:42.546487+09:00,여의도,여의도,POI072,KEY_4,221. 여의도초교 앞,ST-67,70,7,10,126.93778992,37.52267456
2026-06-26T07:40:42.546487+09:00,여의도,여의도,POI072,KEY_4,248. 초원아파트 앞,ST-296,30,3,10,126.92420959,37.53105545
2026-06-26T07:40:42.546487+09:00,여의도,여의도,POI072,KEY_4,249. 여의도중학교 옆,ST-297,19,3,16,126.93580627,37.52457809
2026-06-26T07:40:42.546487+09:00,여의도,여의도,POI072,KEY_4,297.국회3문,ST-1969,0,0,10,126.91267395,37.52863693
2026-06-26T07:40:42.546487+09:00,여의도,여의도,POI072,KEY_4,260. 여의도 마리나선착장 앞,ST-414,33,5,15,126.91216278,37.53365707
2026-06-26T07:40:42.546487+09:00,여의도,여의도,POI072,KEY_4,217. NH농협은행 앞,ST-66,120,18,15,126.93036652,37.52207947
2026-06-26T07:40:42.546487+09:00,여의도,여의도,POI072,KEY_4,219. 롯데캐슬엠파이어 옆,ST-62,25,3,12,126.92583466,37.52069473
2026-06-26T07:40:42.546487+09:00,여의도,여의도,POI072,KEY_4,215. 여의도고교 앞,ST-64,30,3,10,126.93490601,37.52483749
2026-06-26T07:40:42.546487+09:00,여의도,여의도,POI072,KEY_4,220. 미성아파트 A동 앞,ST-63,13,4,30,126.92604828,37.5193634
2026-06-26T07:40:42.546487+09:00,여의도,여의도,POI072,KEY_4,206. KBS 앞,ST-53,46,16,35,126.91802216,37.52466583
2026-06-26T07:40:42.546487+09:00,여의도,여의도,POI072,KEY_4,5893.한국산업은행,ST-3397,70,7,10,126.92175293,37.52814484
2026-06-26T07:40:42.546487+09:00,여의도,여의도,POI072,KEY_4,4583. 의정관,ST-2647,33,4,12,126.91747284,37.53214645
2026-06-26T07:40:42.546487+09:00,여의도,여의도,POI072,KEY_4,4589. KRX한국거래소(1),ST-2899,44,8,18,126.92759705,37.52338028
2026-06-26T07:40:42.546487+09:00,여의도,여의도,POI072,KEY_4,5853. 여의도역2번출구 앞,ST-3061,70,7,10,126.92271423,37.52243423
2026-06-26T07:40:42.546487+09:00,여의도,여의도,POI072,KEY_4,4564. 63스퀘어,ST-2814,53,9,17,126.93965912,37.52070999
2026-06-26T07:40:42.546487+09:00,여의도,여의도,POI072,KEY_4,4585. 국회6문,ST-2694,17,1,6,126.91799164,37.53271866
2026-06-26T07:40:42.546487+09:00,여의도,여의도,POI072,KEY_4,5897.여의도공작아파트,ST-3426,0,0,10,126.92987061,37.52595139
2026-06-26T07:40:42.546487+09:00,여의도,여의도,POI072,KEY_4,5890.여의나루역 3번출구,ST-3401,9,1,11,126.93336487,37.52645493
2026-06-26T07:40:42.546487+09:00,여의도,여의도,POI072,KEY_4,4563. 여의도 은하아파트,ST-2813,80,8,10,126.93448639,37.51850891
2026-06-26T07:40:42.546487+09:00,여의도,여의도,POI072,KEY_4,5891.한강버스 여의도 선착장,ST-3402,250,75,30,126.93422699,37.52816391
2026-06-26T07:40:42.546487+09:00,여의도,여의도,POI072,KEY_4,4581. 국회소통관,ST-2645,8,1,12,126.9128952,37.53050232
2026-06-26T07:40:42.546487+09:00,여의도,여의도,POI072,KEY_4,5888.여의도성당,ST-3375,0,0,7,126.93920898,37.52164459
2026-06-26T07:40:42.546487+09:00,여의도,여의도,POI072,KEY_4,5889.의원회관출입구 앞,ST-3377,0,0,10,126.91479492,37.52985382
2026-06-26T07:40:42.546487+09:00,여의도,여의도,POI072,KEY_4,4584. 국회2문,ST-2648,0,0,9,126.91510773,37.52864075
2026-06-26T07:40:42.546487+09:00,여의도,여의도,POI072,KEY_4,4579. 국회의사당 본관,ST-2643,0,0,17,126.91404724,37.5325737
2026-06-26T07:40:42.546487+09:00,여의도,여의도,POI072,KEY_4,4582. 국회도서관,ST-2646,8,1,12,126.91817474,37.53054047
2026-06-26T07:40:42.546487+09:00,여의도,여의도,POI072,KEY_4,5892.국회의사당본관 좌측,ST-3383,14,1,7,126.91375732,37.53090286
2026-06-26T07:40:42.546487+09:00,여의도,여의도,POI072,KEY_4,4580. 국회제2의원회관,ST-2644,12,2,17,126.91316986,37.52974701
2026-06-26T07:40:42.546487+09:00,여의도,여의도,POI072,KEY_4,5880. 국회박물관,ST-3319,0,0,7,126.91945648,37.53183365
2026-06-26T07:40:42.546487+09:00,여의도,여의도,POI072,KEY_4,5878. 우리은행 앞,ST-3315,125,25,20,126.92162323,37.52349091
2026-06-26T07:40:42.546487+09:00,여의도,여의도,POI072,KEY_4,5870. LG트윈타워 앞,ST-3239,70,14,20,126.93017578,37.52833176
2026-06-26T07:40:42.546487+09:00,여의도,여의도,POI072,KEY_4,5879. 국회도서관 2문 앞,ST-3318,13,1,8,126.91668701,37.53107071
2026-06-26T07:40:42.546487+09:00,여의도,여의도,POI072,KEY_4,5859. 여의도 삼부아파트,ST-3160,30,3,10,126.93045807,37.52539444
2026-06-26T07:40:42.546487+09:00,여의도,여의도,POI072,KEY_4,201. 진미파라곤 앞,ST-46,0,0,15,126.92133331,37.53123856
2026-06-26T07:40:42.546487+09:00,연남동,연남동,POI073,KEY_1,107. 수협 연남동지점,ST-9,130,13,10,126.91871643,37.55784607
2026-06-26T07:40:42.546487+09:00,연남동,연남동,POI073,KEY_1,4233. 코오롱아파트사거리,ST-2979,90,9,10,126.92149353,37.56306458
2026-06-26T07:40:42.546487+09:00,영등포 타임스퀘어,영등포 타임스퀘어,POI074,KEY_2,284. 센트럴 푸르지오 시티 앞,ST-1650,19,3,16,126.90222931,37.51821136
2026-06-26T07:40:42.546487+09:00,영등포 타임스퀘어,영등포 타임스퀘어,POI074,KEY_2,3219.영등포역 1번출구,ST-1990,410,41,10,126.9077301,37.5148468
2026-06-26T07:40:42.546487+09:00,영등포 타임스퀘어,영등포 타임스퀘어,POI074,KEY_2,5858. 영등포역5번출구,ST-3142,200,20,10,126.90807343,37.51669312
2026-06-26T07:40:42.546487+09:00,영등포 타임스퀘어,영등포 타임스퀘어,POI074,KEY_2,5868. 로프트시티오피스텔,ST-3238,600,36,6,126.90843201,37.51906204
2026-06-26T07:40:42.546487+09:00,영등포 타임스퀘어,영등포 타임스퀘어,POI074,KEY_2,4565. 영등포 신세계백화점,ST-2815,110,11,10,126.90364838,37.51803589
2026-06-26T07:40:42.546487+09:00,용리단길,용리단길,POI076,KEY_3,817. 삼각지역 4번출구 앞,ST-436,44,4,9,126.97173309,37.53345108
2026-06-26T07:40:42.546487+09:00,용리단길,용리단길,POI076,KEY_3,816. 신용산역 6번출구 앞,ST-435,28,7,25,126.96848297,37.53014755
2026-06-26T07:40:42.546487+09:00,이태원 앤틱가구거리,이태원 앤틱가구거리,POI077,KEY_4,4634. 이태원역 3번 출구,ST-3056,0,0,5,126.99497223,37.5343895
2026-06-26T07:40:42.546487+09:00,이태원 앤틱가구거리,이태원 앤틱가구거리,POI077,KEY_4,4615. 크라운호텔앞 버스정류소,ST-2446,257,18,7,126.99137878,37.53030014
2026-06-26T07:40:42.546487+09:00,익선동,익선동,POI116,KEY_1,334. 종로3가역 2번출구 뒤,ST-150,10,1,10,126.99179077,37.5705986
2026-06-26T07:40:42.546487+09:00,익선동,익선동,POI116,KEY_1,328. 탑골공원 앞,ST-144,0,0,11,126.9881897,37.57039642
2026-06-26T07:40:42.546487+09:00,익선동,익선동,POI116,KEY_1,327. 낙원상가 옆,ST-143,0,0,10,126.9874649,37.57335663
2026-06-26T07:40:42.546487+09:00,익선동,익선동,POI116,KEY_1,3410.종로3가역 8번출구,ST-1807,30,3,10,126.99188995,37.5724678
2026-06-26T07:40:42.546487+09:00,익선동,익선동,POI116,KEY_1,4713. 현대 뜨레비앙 아파트 앞,ST-2623,57,4,7,126.99062347,37.57528305
2026-06-26T07:40:42.546487+09:00,인사동,인사동,POI078,KEY_2,326. 안국역 5번출구 앞,ST-142,33,5,15,126.98616028,37.57624054
2026-06-26T07:40:42.546487+09:00,인사동,인사동,POI078,KEY_2,454. 종로2가 버스정류장 (종각방향),ST-1607,23,3,13,126.98638153,37.57035828
2026-06-26T07:40:42.546487+09:00,인사동,인사동,POI078,KEY_2,327. 낙원상가 옆,ST-143,0,0,10,126.9874649,37.57335663
2026-06-26T07:40:42.546487+09:00,인사동,인사동,POI078,KEY_2,3408.종로타워빌딩,ST-1805,8,1,13,126.98323822,37.57070541
2026-06-26T07:40:42.546487+09:00,창동 신경제 중심지,창동 신경제 중심지,POI079,KEY_4,1674. 서울북부고용센터앞,ST-1291,53,8,15,127.05808258,37.65354919
2026-06-26T07:40:42.546487+09:00,창동 신경제 중심지,창동 신경제 중심지,POI079,KEY_4,1662. 노원역7번출구,ST-1279,70,14,20,127.05921173,37.65421677
2026-06-26T07:40:42.546487+09:00,창동 신경제 중심지,창동 신경제 중심지,POI079,KEY_4,1690. 도봉운전면허시험장 버스정류장 옆,ST-1641,0,0,10,127.05931091,37.6577301
2026-06-26T07:40:42.546487+09:00,창동 신경제 중심지,창동 신경제 중심지,POI079,KEY_4,1756.서울북부광역등기국,ST-2101,30,3,10,127.04431915,37.65148544
2026-06-26T07:40:42.546487+09:00,창동 신경제 중심지,창동 신경제 중심지,POI079,KEY_4,1657. 노원구청,ST-1125,60,12,20,127.05732727,37.65404892
2026-06-26T07:40:42.546487+09:00,창동 신경제 중심지,창동 신경제 중심지,POI079,KEY_4,1653. 노원역1번출구,ST-1121,50,5,10,127.06362152,37.65620041
2026-06-26T07:40:42.546487+09:00,창동 신경제 중심지,창동 신경제 중심지,POI079,KEY_4,1637. KT 전화국 버스정류장 옆,ST-611,11,1,9,127.06372833,37.6546669
2026-06-26T07:40:42.546487+09:00,창동 신경제 중심지,창동 신경제 중심지,POI079,KEY_4,1722. 창동청소년수련관,ST-1292,20,3,15,127.05004883,37.65779877
2026-06-26T07:40:42.546487+09:00,창동 신경제 중심지,창동 신경제 중심지,POI079,KEY_4,1716. 창동역 1번출구 건너편,ST-1132,125,10,8,127.05072784,37.65420151
2026-06-26T07:40:42.546487+09:00,창동 신경제 중심지,창동 신경제 중심지,POI079,KEY_4,1686. 상계주공10단지 종합상가 앞,ST-1476,13,2,15,127.05805206,37.66114044
2026-06-26T07:40:42.546487+09:00,창동 신경제 중심지,창동 신경제 중심지,POI079,KEY_4,1775.신원리베르텔 앞,ST-2120,20,3,15,127.04554749,37.65128708
2026-06-26T07:40:42.546487+09:00,창동 신경제 중심지,창동 신경제 중심지,POI079,KEY_4,5311. 주공601동 상가 노원지하보도 앞,ST-3116,100,5,5,127.06147766,37.65190125
2026-06-26T07:40:42.546487+09:00,창동 신경제 중심지,창동 신경제 중심지,POI079,KEY_4,4098.창동역 1번출구 인근,ST-3430,238,19,8,127.04838562,37.65290833
2026-06-26T07:40:42.546487+09:00,창동 신경제 중심지,창동 신경제 중심지,POI079,KEY_4,4096.창동역2번출구 하나은행365 앞,ST-3368,275,22,8,127.04550171,37.65283585
2026-06-26T07:40:42.546487+09:00,창동 신경제 중심지,창동 신경제 중심지,POI079,KEY_4,5333. 노원역9번-10번 출구 앞,ST-3288,190,19,10,127.063591,37.65655518
2026-06-26T07:40:42.546487+09:00,청량리 제기동 일대 전통시장,청량리 제기동 일대 전통시장,POI081,KEY_2,676.FITI시험연구원 앞,ST-2276,133,12,9,127.03547668,37.58143234
2026-06-26T07:40:42.546487+09:00,청량리 제기동 일대 전통시장,청량리 제기동 일대 전통시장,POI081,KEY_2,633. 청량리 기업은행 앞,ST-400,263,21,8,127.04472351,37.58049774
2026-06-26T07:40:42.546487+09:00,청량리 제기동 일대 전통시장,청량리 제기동 일대 전통시장,POI081,KEY_2,640. 동대문경찰서 교차로,ST-407,67,4,6,127.04460144,37.58255005
2026-06-26T07:40:42.546487+09:00,청량리 제기동 일대 전통시장,청량리 제기동 일대 전통시장,POI081,KEY_2,4147.청량리역광장,ST-3405,29,10,35,127.04673767,37.58024597
2026-06-26T07:40:42.546487+09:00,청량리 제기동 일대 전통시장,청량리 제기동 일대 전통시장,POI081,KEY_2,4134. 제기동 현대아파트 앞,ST-3206,50,5,10,127.0353241,37.57994843
2026-06-26T07:40:42.546487+09:00,청량리 제기동 일대 전통시장,청량리 제기동 일대 전통시장,POI081,KEY_2,4149.제기동역 5번출구,ST-3428,186,13,7,127.03381348,37.5779953
2026-06-26T07:40:42.546487+09:00,DDP(동대문디자인플라자),DDP(동대문디자인플라자),POI083,KEY_4,475.DDP 패션몰,ST-1781,24,5,21,127.0118103,37.56764984
2026-06-26T07:40:42.546487+09:00,DDP(동대문디자인플라자),DDP(동대문디자인플라자),POI083,KEY_4,347. 동대문역사문화공원역 9번출구 앞,ST-163,39,7,18,127.00784302,37.56533051
2026-06-26T07:40:42.546487+09:00,DDP(동대문디자인플라자),DDP(동대문디자인플라자),POI083,KEY_4,474.동대문역사문화공원역 1번출구 뒤편,ST-1780,53,21,40,127.00849152,37.56629944
2026-06-26T07:40:42.546487+09:00,DDP(동대문디자인플라자),DDP(동대문디자인플라자),POI083,KEY_4,4765. 동대문디자인플라자,ST-2431,20,4,20,127.00946045,37.5683136
2026-06-26T07:40:42.546487+09:00,DMC(디지털미디어시티),DMC(디지털미디어시티),POI084,KEY_1,417. DMC역 2번출구 옆,ST-93,5,1,20,126.8999176,37.57506943
2026-06-26T07:40:42.546487+09:00,DMC(디지털미디어시티),DMC(디지털미디어시티),POI084,KEY_1,405. DMC빌 앞,ST-80,25,2,8,126.88578796,37.58265686
2026-06-26T07:40:42.546487+09:00,DMC(디지털미디어시티),DMC(디지털미디어시티),POI084,KEY_1,409. 누리꿈스퀘어 옆,ST-86,37,11,30,126.88916016,37.57939911
2026-06-26T07:40:42.546487+09:00,DMC(디지털미디어시티),DMC(디지털미디어시티),POI084,KEY_1,411. DMC홍보관,ST-90,40,4,10,126.89147186,37.5779953
2026-06-26T07:40:42.546487+09:00,DMC(디지털미디어시티),DMC(디지털미디어시티),POI084,KEY_1,415. DMC역 9번출구 앞,ST-95,20,2,10,126.89736176,37.57746887
2026-06-26T07:40:42.546487+09:00,DMC(디지털미디어시티),DMC(디지털미디어시티),POI084,KEY_1,414. 상암동주민센터 옆,ST-94,50,4,8,126.89447021,37.57822037
2026-06-26T07:40:42.546487+09:00,DMC(디지털미디어시티),DMC(디지털미디어시티),POI084,KEY_1,489.구룡근린공원,ST-2148,110,11,10,126.88276672,37.58320236
2026-06-26T07:40:42.546487+09:00,DMC(디지털미디어시티),DMC(디지털미디어시티),POI084,KEY_1,412. DMC산학협력연구센터 앞,ST-91,14,3,21,126.89079285,37.57565689
2026-06-26T07:40:42.546487+09:00,DMC(디지털미디어시티),DMC(디지털미디어시티),POI084,KEY_1,425. DMC첨단산업센터,ST-991,20,2,10,126.88559723,37.58450317
2026-06-26T07:40:42.546487+09:00,DMC(디지털미디어시티),DMC(디지털미디어시티),POI084,KEY_1,408. LG CNS앞,ST-84,43,6,14,126.88665009,37.58081055
2026-06-26T07:40:42.546487+09:00,DMC(디지털미디어시티),DMC(디지털미디어시티),POI084,KEY_1,3007.MBC 앞,ST-2165,30,3,10,126.89044952,37.58198166
2026-06-26T07:40:42.546487+09:00,DMC(디지털미디어시티),DMC(디지털미디어시티),POI084,KEY_1,3008.DMC역7번출구,ST-2166,30,3,10,126.89836121,37.57711411
2026-06-26T07:40:42.546487+09:00,DMC(디지털미디어시티),DMC(디지털미디어시티),POI084,KEY_1,4214. JTBC 앞,ST-2537,20,2,10,126.8901825,37.57730484
2026-06-26T07:40:42.546487+09:00,DMC(디지털미디어시티),DMC(디지털미디어시티),POI084,KEY_1,4218. 디지털매직스페이스,ST-2974,31,4,13,126.88957977,37.58119965
2026-06-26T07:40:42.546487+09:00,DMC(디지털미디어시티),DMC(디지털미디어시티),POI084,KEY_1,4238. 상암한샘빌딩앞,ST-2981,100,7,7,126.89867401,37.57649231
2026-06-26T07:40:42.546487+09:00,DMC(디지털미디어시티),DMC(디지털미디어시티),POI084,KEY_1,490.가온문화공원,ST-2149,22,5,23,126.88766479,37.58207703
2026-06-26T07:40:42.546487+09:00,가산디지털단지역,가산디지털단지역,POI013,KEY_2,1806. 에이스하이엔드타워9차 앞,ST-621,160,16,10,126.87863922,37.48621368
2026-06-26T07:40:42.546487+09:00,가산디지털단지역,가산디지털단지역,POI013,KEY_2,1805. 서울디지털운동장 앞,ST-620,50,5,10,126.87776947,37.48228836
2026-06-26T07:40:42.546487+09:00,가산디지털단지역,가산디지털단지역,POI013,KEY_2,1851. 가산디지털단지 9번출구 인근,ST-1403,80,8,10,126.88148499,37.48123169
2026-06-26T07:40:42.546487+09:00,가산디지털단지역,가산디지털단지역,POI013,KEY_2,1812. 갑을그레이트밸리 앞,ST-624,260,26,10,126.88729858,37.47903061
2026-06-26T07:40:42.546487+09:00,가산디지털단지역,가산디지털단지역,POI013,KEY_2,1834. 월드메르디앙 벤처센터 2차,ST-640,80,8,10,126.87904358,37.47908401
2026-06-26T07:40:42.546487+09:00,가산디지털단지역,가산디지털단지역,POI013,KEY_2,1835. STX V타워,ST-641,10,1,10,126.88442993,37.47706985
2026-06-26T07:40:42.546487+09:00,가산디지털단지역,가산디지털단지역,POI013,KEY_2,1850. 코오롱테크노밸리,ST-1277,50,5,10,126.8863678,37.48015976
2026-06-26T07:40:42.546487+09:00,가산디지털단지역,가산디지털단지역,POI013,KEY_2,1839. 수출의 다리 아래,ST-1140,85,17,20,126.88615417,37.47743607
2026-06-26T07:40:42.546487+09:00,가산디지털단지역,가산디지털단지역,POI013,KEY_2,1867.대륭포스트타워6차 앞,ST-1938,140,42,30,126.8841629,37.48101044
2026-06-26T07:40:42.546487+09:00,가산디지털단지역,가산디지털단지역,POI013,KEY_2,1849. 대륭포스트타워5차,ST-1276,120,12,10,126.88694,37.48135376
2026-06-26T07:40:42.546487+09:00,가산디지털단지역,가산디지털단지역,POI013,KEY_2,3984. 가산롯데아이티캐슬,ST-2999,100,5,5,126.88083649,37.47636795
2026-06-26T07:40:42.546487+09:00,가산디지털단지역,가산디지털단지역,POI013,KEY_2,3985. 디폴리스 지식산업센터,ST-2964,30,6,20,126.87680054,37.48017502
2026-06-26T07:40:42.546487+09:00,가산디지털단지역,가산디지털단지역,POI013,KEY_2,3989.가산디지털단지역 9번출구 앞,ST-3396,230,23,10,126.88175964,37.48055267
2026-06-26T07:40:42.546487+09:00,강남역,강남역,POI014,KEY_3,2421. 신논현역 4번출구,ST-1887,53,8,15,127.02579498,37.504673
2026-06-26T07:40:42.546487+09:00,강남역,강남역,POI014,KEY_3,2407. 역삼서초삼성 세무서 앞 (역삼빌딩 앞),ST-1577,70,7,10,127.03011322,37.49847031
2026-06-26T07:40:42.546487+09:00,강남역,강남역,POI014,KEY_3,3628. 역삼1동 주민센터,ST-2689,200,20,10,127.03302765,37.49521255
2026-06-26T07:40:42.546487+09:00,강남역,강남역,POI014,KEY_3,2505. 우성아파트사거리 (기업은행앞),ST-1556,200,24,12,127.0295105,37.49330521
2026-06-26T07:40:42.546487+09:00,강남역,강남역,POI014,KEY_3,4349.삼성화재서초타워,ST-3361,167,10,6,127.02896118,37.49446869
2026-06-26T07:40:42.546487+09:00,건대입구역,건대입구역,POI015,KEY_4,3534. 건대입구역 5번출구 뒤,ST-1661,90,9,10,127.06956482,37.54008102
2026-06-26T07:40:42.546487+09:00,건대입구역,건대입구역,POI015,KEY_4,3533. 건대입구역 사거리(롯데백화점),ST-1660,240,24,10,127.07078552,37.5392952
2026-06-26T07:40:42.546487+09:00,건대입구역,건대입구역,POI015,KEY_4,501. 광진문화예술회관 앞,ST-98,70,21,30,127.07035065,37.53730774
2026-06-26T07:40:42.546487+09:00,고덕역,고덕역,POI016,KEY_1,1068.명일파출소,ST-1767,90,9,10,127.15622711,37.5536499
2026-06-26T07:40:42.546487+09:00,고덕역,고덕역,POI016,KEY_1,1036. 고덕동 주양쇼핑,ST-1053,40,4,10,127.15331268,37.55199051
2026-06-26T07:40:42.546487+09:00,고덕역,고덕역,POI016,KEY_1,1072.고덕역 5번출구,ST-1833,9,2,22,127.15372467,37.55486298
2026-06-26T07:40:42.546487+09:00,교대역,교대역,POI018,KEY_3,2239.교대역 6번출구,ST-765,180,18,10,127.01378632,37.49421692
2026-06-26T07:40:42.546487+09:00,교대역,교대역,POI018,KEY_3,2279. 교대역 5번출구뒤,ST-1305,50,4,8,127.01418304,37.49361801
2026-06-26T07:40:42.546487+09:00,구로디지털단지역,구로디지털단지역,POI019,KEY_4,2110. 조원동 미성아파트,ST-950,33,3,9,126.90203094,37.48319244
2026-06-26T07:40:42.546487+09:00,구로디지털단지역,구로디지털단지역,POI019,KEY_4,1962. 가리봉동주민센터,ST-1224,113,17,15,126.89279938,37.48160172
2026-06-26T07:40:42.546487+09:00,구로디지털단지역,구로디지털단지역,POI019,KEY_4,1911. 구로디지털단지역 앞,ST-668,89,16,18,126.90132141,37.48493958
2026-06-26T07:40:42.546487+09:00,구로디지털단지역,구로디지털단지역,POI019,KEY_4,1955. 디지털입구 교차로,ST-936,40,4,10,126.90103912,37.48288345
2026-06-26T07:40:42.546487+09:00,구로디지털단지역,구로디지털단지역,POI019,KEY_4,2801. 대륭포스트타워1차,ST-1753,50,15,30,126.89542389,37.48437119
2026-06-26T07:40:42.546487+09:00,구로디지털단지역,구로디지털단지역,POI019,KEY_4,1986. 태평양물산,ST-1521,133,20,15,126.89518738,37.48485947
2026-06-26T07:40:42.546487+09:00,구로역,구로역,POI020,KEY_1,1946. 구로역 광장,ST-873,270,27,10,126.88038635,37.50311661
2026-06-26T07:40:42.546487+09:00,구로역,구로역,POI020,KEY_1,3919. 구로역·NC신구로점 버스정류장(구로역 방면),ST-3013,136,19,14,126.88237,37.50096512
2026-06-26T07:40:42.546487+09:00,군자역,군자역,POI021,KEY_2,540. 군자역 7번출구 베스트샵 앞,ST-253,25,2,8,127.0786438,37.55603027
2026-06-26T07:40:42.546487+09:00,군자역,군자역,POI021,KEY_2,3518. 군자역 7번출구뒤,ST-1263,63,5,8,127.07913971,37.55686188
2026-06-26T07:40:42.546487+09:00,군자역,군자역,POI021,KEY_2,3586.군자역 비채온 오피스텔,ST-2325,0,0,8,127.07727051,37.55771255
2026-06-26T07:40:42.546487+09:00,군자역,군자역,POI021,KEY_2,3500. 군자역2번출구,ST-983,129,9,7,127.07969666,37.55758667
2026-06-26T07:40:42.546487+09:00,대림역,대림역,POI023,KEY_3,286. 우성아파트 교차로,ST-1652,100,12,12,126.89974976,37.49457169
2026-06-26T07:40:42.546487+09:00,대림역,대림역,POI023,KEY_3,1975. 대림역 1번 출입구 밑,ST-1237,60,6,10,126.8947525,37.49256516
2026-06-26T07:40:42.546487+09:00,대림역,대림역,POI023,KEY_3,1914. 대림역4번출구,ST-918,120,12,10,126.89444733,37.49440384
2026-06-26T07:40:42.546487+09:00,동대문역,동대문역,POI024,KEY_4,393. 동대문역 8번 출구,ST-1372,58,7,12,127.00937653,37.57014084
2026-06-26T07:40:42.546487+09:00,동대문역,동대문역,POI024,KEY_4,457. 종로꽃시장 입구 옆,ST-1610,90,9,10,127.00720978,37.57131958
2026-06-26T07:40:42.546487+09:00,동대문역,동대문역,POI024,KEY_4,3415.동대문역6번출구,ST-1812,100,15,15,127.0107193,37.57147217
2026-06-26T07:40:42.546487+09:00,미아사거리역,미아사거리역,POI026,KEY_2,1531. 미아사거리 1번 출구,ST-1105,200,20,10,127.03025055,37.61395645
2026-06-26T07:40:42.546487+09:00,미아사거리역,미아사거리역,POI026,KEY_2,1574.송중초등학교 옆,ST-2405,50,4,8,127.03049469,37.61669922
2026-06-26T07:40:42.546487+09:00,미아사거리역,미아사거리역,POI026,KEY_2,1546. 송천동우체국,ST-1665,190,19,10,127.02970123,37.61545944
2026-06-26T07:40:42.546487+09:00,미아사거리역,미아사거리역,POI026,KEY_2,4423.현대백화점 미아점,ST-3203,190,19,10,127.02845764,37.60884857
2026-06-26T07:40:42.546487+09:00,발산역,발산역,POI027,KEY_3,1197. 엠펠리체 호텔 건너편,ST-1714,10,2,20,126.83546448,37.56026077
2026-06-26T07:40:42.546487+09:00,발산역,발산역,POI027,KEY_3,1117. 등촌5단지아파트 버스정류장,ST-834,0,0,10,126.84426117,37.55819702
2026-06-26T07:40:42.546487+09:00,발산역,발산역,POI027,KEY_3,1124. 발산역 6번 출구 뒤,ST-522,33,2,6,126.8384552,37.55817795
2026-06-26T07:40:42.546487+09:00,발산역,발산역,POI027,KEY_3,"1153. 발산역 1번, 9번 인근 대여소",ST-1065,3,1,32,126.83717346,37.55894852
2026-06-26T07:40:42.546487+09:00,발산역,발산역,POI027,KEY_3,3764. 관문주유소(GS칼택스) 앞,ST-2613,220,22,10,126.84183502,37.55802917
2026-06-26T07:40:42.546487+09:00,발산역,발산역,POI027,KEY_3,2730.마곡메가박스 앞,ST-2047,10,3,30,126.83495331,37.55912781
2026-06-26T07:40:42.546487+09:00,발산역,발산역,POI027,KEY_3,2721.등촌1-10단지 교차로,ST-2037,117,14,12,126.8393631,37.56320572
2026-06-26T07:40:42.546487+09:00,발산역,발산역,POI027,KEY_3,3760. 발산역 8번 출구,ST-2538,65,11,17,126.83676147,37.55846024
2026-06-26T07:40:42.546487+09:00,발산역,발산역,POI027,KEY_3,2723.마곡 필네이처,ST-2040,8,1,13,126.83669281,37.56089401
2026-06-26T07:40:42.546487+09:00,발산역,발산역,POI027,KEY_3,2717.LG유플러스 마곡사옥,ST-2033,53,33,62,126.83390045,37.56133652
2026-06-26T07:40:42.546487+09:00,발산역,발산역,POI027,KEY_3,3759. 이대서울병원,ST-2569,48,12,25,126.83559418,37.5586319
2026-06-26T07:40:42.546487+09:00,발산역,발산역,POI027,KEY_3,5095. 원당근린공원,ST-3226,14,2,14,126.84147644,37.55947495
2026-06-26T07:40:42.546487+09:00,발산역,발산역,POI027,KEY_3,5061. 우장산동 가곡어린이공원앞,ST-2888,30,3,10,126.83751678,37.55545425
2026-06-26T07:40:42.546487+09:00,사당역,사당역,POI029,KEY_4,2089.사당역10번출구(금강빌딩),ST-2362,150,15,10,126.98150635,37.4791069
2026-06-26T07:40:42.546487+09:00,사당역,사당역,POI029,KEY_4,2222.사당역 12번출구 뒤,ST-753,280,28,10,126.98203278,37.47806931
2026-06-26T07:40:42.546487+09:00,사당역,사당역,POI029,KEY_4,2104. 사당역 5번출구,ST-712,54,7,13,126.98133087,37.47608948
2026-06-26T07:40:42.546487+09:00,사당역,사당역,POI029,KEY_4,2034. 사당역 7번출구쪽,ST-924,58,11,19,126.98057556,37.47689056
2026-06-26T07:40:42.546487+09:00,삼각지역,삼각지역,POI030,KEY_1,849. 삼각지 자이아파트,ST-2173,100,20,20,126.97341919,37.53607941
2026-06-26T07:40:42.546487+09:00,삼각지역,삼각지역,POI030,KEY_1,848. 삼각지12번 출구,ST-2172,100,8,8,126.97562408,37.53488922
2026-06-26T07:40:42.546487+09:00,삼각지역,삼각지역,POI030,KEY_1,4620. 삼각지역 14번 출구 앞(교통섬),ST-2451,213,17,8,126.97408295,37.53528595
2026-06-26T07:40:42.546487+09:00,서울대입구역,서울대입구역,POI031,KEY_2,2111. 서울대입구역 1번출구,ST-965,110,11,10,126.95331573,37.48086929
2026-06-26T07:40:42.546487+09:00,서울대입구역,서울대입구역,POI031,KEY_2,2116. 에이스에이존빌딩,ST-717,44,4,9,126.95082855,37.48170471
2026-06-26T07:40:42.546487+09:00,서울대입구역,서울대입구역,POI031,KEY_2,3311.서울대입구역 4번 출구,ST-2394,50,6,12,126.95157623,37.48122025
2026-06-26T07:40:42.546487+09:00,서울대입구역,서울대입구역,POI031,KEY_2,2128. 관악구청교차로,ST-720,17,2,12,126.95265198,37.47949982
2026-06-26T07:40:42.546487+09:00,서울대입구역,서울대입구역,POI031,KEY_2,2171. 서울대입구역 5번출구,ST-1337,59,10,17,126.95200348,37.48154831
2026-06-26T07:40:42.546487+09:00,서울대입구역,서울대입구역,POI031,KEY_2,2112. 서울대입구역 마에스트로,ST-715,27,4,15,126.95064545,37.4813385
2026-06-26T07:40:42.546487+09:00,서울식물원·마곡나루역,서울식물원·마곡나루역,POI032,KEY_3,2715.마곡나루역 2번 출구,ST-2031,148,37,25,126.82743835,37.56692505
2026-06-26T07:40:42.546487+09:00,서울식물원·마곡나루역,서울식물원·마곡나루역,POI032,KEY_3,2701. 마곡나루역 5번출구 뒤편,ST-1718,108,28,26,126.82731628,37.56520081
2026-06-26T07:40:42.546487+09:00,서울식물원·마곡나루역,서울식물원·마곡나루역,POI032,KEY_3,2727.서울식물원 잔디마당 앞,ST-2044,84,21,25,126.8306427,37.5639267
2026-06-26T07:40:42.546487+09:00,서울식물원·마곡나루역,서울식물원·마곡나루역,POI032,KEY_3,2725.서울식물원 식물문화센터,ST-2042,50,10,20,126.83563232,37.56883621
2026-06-26T07:40:42.546487+09:00,서울식물원·마곡나루역,서울식물원·마곡나루역,POI032,KEY_3,2728.마곡나루역 3번 출구,ST-2045,148,96,65,126.82807922,37.56580353
2026-06-26T07:40:42.546487+09:00,서울식물원·마곡나루역,서울식물원·마곡나루역,POI032,KEY_3,6177. 마곡롯데캐슬르웨스트,ST-3324,30,3,10,126.82462311,37.56356049
2026-06-26T07:40:42.546487+09:00,서울식물원·마곡나루역,서울식물원·마곡나루역,POI032,KEY_3,5097. LG사이언스파크 E2동,ST-3259,40,16,40,126.83208466,37.56381607
2026-06-26T07:40:42.546487+09:00,서울식물원·마곡나루역,서울식물원·마곡나루역,POI032,KEY_3,5098. LG사이언스파크 W4동,ST-3261,30,6,20,126.82978821,37.56403732
2026-06-26T07:40:42.546487+09:00,서울식물원·마곡나루역,서울식물원·마곡나루역,POI032,KEY_3,6190.마곡광장(마곡나루역 6번출구),ST-3421,130,13,10,126.82738495,37.56614685
2026-06-26T07:40:42.546487+09:00,서울역,서울역,POI033,KEY_4,379. 서울역9번출구,ST-194,80,8,10,126.97330475,37.55580521
2026-06-26T07:40:42.546487+09:00,서울역,서울역,POI033,KEY_4,435. SK 남산빌딩,ST-1670,70,7,10,126.97561646,37.55686188
2026-06-26T07:40:42.546487+09:00,서울역,서울역,POI033,KEY_4,485.서울역5번출구,ST-1791,200,20,10,126.97319794,37.55677032
2026-06-26T07:40:42.546487+09:00,서울역,서울역,POI033,KEY_4,4794. 서울역 서부교차로(3),ST-2786,188,15,8,126.96942139,37.55540848
2026-06-26T07:40:42.546487+09:00,서울역,서울역,POI033,KEY_4,6062.서울역파출소,ST-3413,180,18,10,126.97183228,37.55709457
2026-06-26T07:40:42.546487+09:00,서울역,서울역,POI033,KEY_4,4760. 서울역 7번출구,ST-2430,10,1,10,126.97364044,37.55664444
2026-06-26T07:40:42.546487+09:00,선릉역,선릉역,POI034,KEY_1,2328. 르네상스 호텔 사거리 역삼지하보도 7번출구 앞,ST-811,10,1,10,127.04273224,37.50321198
2026-06-26T07:40:42.546487+09:00,선릉역,선릉역,POI034,KEY_1,2369. KT선릉타워,ST-1178,55,11,20,127.0528717,37.50542831
2026-06-26T07:40:42.546487+09:00,선릉역,선릉역,POI034,KEY_1,2319. 포스코사거리 서측(수협 삼성동 지점),ST-802,70,7,10,127.05467987,37.50660706
2026-06-26T07:40:42.546487+09:00,선릉역,선릉역,POI034,KEY_1,2329. 르네상스호텔사거리 역삼지하보도 2번출구,ST-812,10,1,10,127.04319,37.50235748
2026-06-26T07:40:42.546487+09:00,선릉역,선릉역,POI034,KEY_1,2332. 선릉역3번출구,ST-815,50,4,8,127.04903412,37.50410461
2026-06-26T07:40:42.546487+09:00,성신여대입구역,성신여대입구역,POI035,KEY_2,1384.성신여대입구역 5번출구,ST-2225,185,24,13,127.01628876,37.59282684
2026-06-26T07:40:42.546487+09:00,성신여대입구역,성신여대입구역,POI035,KEY_2,1337. 돈암성당 옆,ST-1201,115,15,13,127.01716614,37.59039307
2026-06-26T07:40:42.546487+09:00,성신여대입구역,성신여대입구역,POI035,KEY_2,1385.성신여대입구역 3번출구 앞,ST-2226,300,30,10,127.01628876,37.59236526
2026-06-26T07:40:42.546487+09:00,수유역,수유역,POI036,KEY_3,1520. 수유중앙시장,ST-650,157,11,7,127.022789,37.63986206
2026-06-26T07:40:42.546487+09:00,수유역,수유역,POI036,KEY_3,1512. 강북중학교 앞,ST-862,65,13,20,127.02656555,37.64473724
2026-06-26T07:40:42.546487+09:00,수유역,수유역,POI036,KEY_3,1503. 강북구청사거리(수유역 8번출구),ST-643,121,17,14,127.02672577,37.63926315
2026-06-26T07:40:42.546487+09:00,수유역,수유역,POI036,KEY_3,1569.수유역2번출구,ST-2137,110,11,10,127.02590179,37.63796997
2026-06-26T07:40:42.546487+09:00,수유역,수유역,POI036,KEY_3,1552. 강북구청사거리,ST-2125,0,0,8,127.02723694,37.63920212
2026-06-26T07:40:42.546487+09:00,수유역,수유역,POI036,KEY_3,1535. 효성인텔리안 앞,ST-1109,50,5,10,127.02337646,37.6362915
2026-06-26T07:40:42.546487+09:00,수유역,수유역,POI036,KEY_3,1526. 강북종합시장 앞,ST-1100,0,0,8,127.02462769,37.64173889
2026-06-26T07:40:42.546487+09:00,수유역,수유역,POI036,KEY_3,1530. 광산사거리,ST-1104,77,10,13,127.0223465,37.64355087
2026-06-26T07:40:42.546487+09:00,숭례문,숭례문,POI131,KEY_4,445.대한상공회의소,ST-1771,40,6,15,126.97410583,37.56015396
2026-06-26T07:40:42.546487+09:00,숭례문,숭례문,POI131,KEY_4,6060. 신한은행 본점,ST-3342,38,3,8,126.97480774,37.56077576
2026-06-26T07:40:42.546487+09:00,시의회 앞,시의회 앞,POI130,KEY_1,458. 광화문역 5번출구,ST-1611,14,3,21,126.97756958,37.56989288
2026-06-26T07:40:42.546487+09:00,시의회 앞,시의회 앞,POI130,KEY_1,309. 광화문역 6번출구 옆 B,ST-125,15,2,13,126.97615814,37.56996155
2026-06-26T07:40:42.546487+09:00,시의회 앞,시의회 앞,POI130,KEY_1,6058. 시청역 2번출구,ST-3297,53,8,15,126.97702026,37.56557846
2026-06-26T07:40:42.546487+09:00,시의회 앞,시의회 앞,POI130,KEY_1,4718. 광화문역 6번출구 옆 A,ST-3075,10,1,10,126.9764328,37.56993103
2026-06-26T07:40:42.546487+09:00,시의회 앞,시의회 앞,POI130,KEY_1,310. 청계광장 옆,ST-126,25,2,8,126.9774704,37.56887817
2026-06-26T07:40:42.546487+09:00,신논현역·논현역,신논현역·논현역,POI037,KEY_2,2302. 교보타워 버스정류장(신논현역 3번출구 후면),ST-787,210,21,10,127.02427673,37.5055809
2026-06-26T07:40:42.546487+09:00,신논현역·논현역,신논현역·논현역,POI037,KEY_2,2542.신논현타워 앞,ST-1926,140,14,10,127.02391052,37.50508881
2026-06-26T07:40:42.546487+09:00,신논현역·논현역,신논현역·논현역,POI037,KEY_2,4347. 논현지하보도,ST-3332,70,7,10,127.02232361,37.50836945
2026-06-26T07:40:42.546487+09:00,신림역,신림역,POI039,KEY_4,2102. 봉림교 교통섬,ST-702,23,3,13,126.92688751,37.48408508
2026-06-26T07:40:42.546487+09:00,신림역,신림역,POI039,KEY_4,2175. 신림동걷고싶은문화의거리입구,ST-1270,143,10,7,126.92870331,37.48730087
2026-06-26T07:40:42.546487+09:00,신림역,신림역,POI039,KEY_4,2136. 신림역 8번출구,ST-976,113,9,8,126.93006897,37.48450851
2026-06-26T07:40:42.546487+09:00,신정네거리역,신정네거리역,POI117,KEY_1,722. 경서농협 버스정류장(우리은행신정동지점방향),ST-993,100,10,10,126.85738373,37.52151108
2026-06-26T07:40:42.546487+09:00,신정네거리역,신정네거리역,POI117,KEY_1,706. 신정네거리역,ST-313,60,9,15,126.85175323,37.5218811
2026-06-26T07:40:42.546487+09:00,신정네거리역,신정네거리역,POI117,KEY_1,4509. 서울영상고교 입구,ST-2761,240,36,15,126.85928345,37.52198029
2026-06-26T07:40:42.546487+09:00,신정네거리역,신정네거리역,POI117,KEY_1,4507. 신정제일시장,ST-2759,100,10,10,126.85499573,37.52122498
2026-06-26T07:40:42.546487+09:00,신정네거리역,신정네거리역,POI117,KEY_1,4510. 신정네거리역 교차로,ST-2762,0,0,13,126.85228729,37.52175903
2026-06-26T07:40:42.546487+09:00,신촌·이대역,신촌·이대역,POI040,KEY_2,150. 서강대역 2번출구 앞,ST-207,53,8,15,126.93434143,37.55295563
2026-06-26T07:40:42.546487+09:00,신촌·이대역,신촌·이대역,POI040,KEY_2,137. 신촌기차역입구 교차로,ST-39,40,4,10,126.9431839,37.55681229
2026-06-26T07:40:42.546487+09:00,신촌·이대역,신촌·이대역,POI040,KEY_2,129. 신촌역(2호선) 6번출구 옆,ST-31,10,1,10,126.93756866,37.55505371
2026-06-26T07:40:42.546487+09:00,신촌·이대역,신촌·이대역,POI040,KEY_2,134. 연세로 명물길,ST-36,138,11,8,126.93807983,37.55789185
2026-06-26T07:40:42.546487+09:00,신촌·이대역,신촌·이대역,POI040,KEY_2,130. 신촌역(2호선) 7번출구 앞,ST-32,90,9,10,126.93626404,37.5550499
2026-06-26T07:40:42.546487+09:00,신촌·이대역,신촌·이대역,POI040,KEY_2,135. 명물길 원형무대 앞,ST-37,20,2,10,126.93984222,37.55922699
2026-06-26T07:40:42.546487+09:00,신촌·이대역,신촌·이대역,POI040,KEY_2,3116.신촌역 4번출구,ST-2201,20,2,10,126.93720245,37.55550385
2026-06-26T07:40:42.546487+09:00,신촌·이대역,신촌·이대역,POI040,KEY_2,4248. 신촌 교보빌딩,ST-3021,0,0,10,126.94034576,37.5560112
2026-06-26T07:40:42.546487+09:00,신촌·이대역,신촌·이대역,POI040,KEY_2,4274. 신촌 파랑고래 입구,ST-3140,20,2,10,126.93603516,37.55687714
2026-06-26T07:40:42.546487+09:00,신촌·이대역,신촌·이대역,POI040,KEY_2,128. 신촌역(2호선) 1번출구 옆,ST-30,21,4,19,126.93634033,37.55549622
2026-06-26T07:40:42.546487+09:00,쌍문역,쌍문역,POI070,KEY_3,1754. 창동시장입구 사거리,ST-2099,9,1,11,127.03343201,37.64689636
2026-06-26T07:40:42.546487+09:00,쌍문역,쌍문역,POI070,KEY_3,1774.정의여중고 버스정류소,ST-2119,50,4,8,127.034729,37.65134811
2026-06-26T07:40:42.546487+09:00,쌍문역,쌍문역,POI070,KEY_3,1709. 쌍문역4번출구 주변,ST-616,106,18,17,127.03534698,37.65012741
2026-06-26T07:40:42.546487+09:00,쌍문역,쌍문역,POI070,KEY_3,4054. 창동한신아파트 버스정류소,ST-2722,10,1,10,127.03527069,37.64601898
2026-06-26T07:40:42.546487+09:00,양재역,양재역,POI041,KEY_4,2333. 양재역 3번출구 주변,ST-816,7,1,14,127.03407288,37.48515701
2026-06-26T07:40:42.546487+09:00,양재역,양재역,POI041,KEY_4,2242.양재역 10번 출구 앞,ST-767,5,1,20,127.03417969,37.48398972
2026-06-26T07:40:42.546487+09:00,양재역,양재역,POI041,KEY_4,2293. SPC 앞,ST-1360,20,2,10,127.03699493,37.48479843
2026-06-26T07:40:42.546487+09:00,양재역,양재역,POI041,KEY_4,4329. SC제일은행 양재동지점 앞,ST-2962,88,7,8,127.03315735,37.48573685
2026-06-26T07:40:42.546487+09:00,역삼역,역삼역,POI042,KEY_1,2410. 포스코피앤에스타워 (역삼역 3번출구 부근),ST-1680,90,9,10,127.03375244,37.49959946
2026-06-26T07:40:42.546487+09:00,역삼역,역삼역,POI042,KEY_1,2430.강남파이낸스센터앞(역삼역2번출구),ST-1896,10,1,10,127.03605652,37.50024414
2026-06-26T07:40:42.546487+09:00,역삼역,역삼역,POI042,KEY_1,2349. 역삼빌딩 앞(하나은행 옆),ST-959,0,0,12,127.03856659,37.50154495
2026-06-26T07:40:42.546487+09:00,연신내역,연신내역,POI043,KEY_2,922. 연신내역 4번출구,ST-470,0,0,10,126.92196655,37.61780167
2026-06-26T07:40:42.546487+09:00,연신내역,연신내역,POI043,KEY_2,949. 연신내역 1번 출구,ST-1035,183,11,6,126.92080688,37.61978149
2026-06-26T07:40:42.546487+09:00,연신내역,연신내역,POI043,KEY_2,906. 연신내역 5번출구,ST-454,263,21,8,126.91957855,37.61721039
2026-06-26T07:40:42.546487+09:00,오목교역·목동운동장,오목교역·목동운동장,POI044,KEY_3,703. 오목교역 7번출구 앞,ST-311,92,11,12,126.87524414,37.52362823
2026-06-26T07:40:42.546487+09:00,오목교역·목동운동장,오목교역·목동운동장,POI044,KEY_3,747. 목동3단지 상가,ST-1018,220,22,10,126.8756485,37.53458023
2026-06-26T07:40:42.546487+09:00,오목교역·목동운동장,오목교역·목동운동장,POI044,KEY_3,792.목동트라팰리스 웨스턴에비뉴,ST-2017,5,1,20,126.8709259,37.52537155
2026-06-26T07:40:42.546487+09:00,오목교역·목동운동장,오목교역·목동운동장,POI044,KEY_3,756. 목동주차장,ST-1497,53,8,15,126.8761673,37.52667999
2026-06-26T07:40:42.546487+09:00,오목교역·목동운동장,오목교역·목동운동장,POI044,KEY_3,765. 오목교역 3번출구,ST-1731,58,7,12,126.87548065,37.52477646
2026-06-26T07:40:42.546487+09:00,오목교역·목동운동장,오목교역·목동운동장,POI044,KEY_3,748. 목동운동장,ST-1019,146,19,13,126.87930298,37.53025055
2026-06-26T07:40:42.546487+09:00,오목교역·목동운동장,오목교역·목동운동장,POI044,KEY_3,791.현대하이페리온,ST-2016,113,17,15,126.86980438,37.52490234
2026-06-26T07:40:42.546487+09:00,오목교역·목동운동장,오목교역·목동운동장,POI044,KEY_3,731. 서울시 도로환경관리센터,ST-1002,10,1,10,126.87654114,37.5298996
2026-06-26T07:40:42.546487+09:00,오목교역·목동운동장,오목교역·목동운동장,POI044,KEY_3,769.CBS방송국 앞,ST-1995,45,9,20,126.87467194,37.52785492
2026-06-26T07:40:42.546487+09:00,오목교역·목동운동장,오목교역·목동운동장,POI044,KEY_3,771.목동아파트 703동 앞,ST-1997,25,2,8,126.87016296,37.52820587
2026-06-26T07:40:42.546487+09:00,오목교역·목동운동장,오목교역·목동운동장,POI044,KEY_3,762. 오목로 무중력지대 앞,ST-1503,40,4,10,126.87766266,37.52474213
2026-06-26T07:40:42.546487+09:00,오목교역·목동운동장,오목교역·목동운동장,POI044,KEY_3,723. SBS방송국,ST-994,33,5,15,126.87274933,37.52916336
2026-06-26T07:40:42.546487+09:00,오목교역·목동운동장,오목교역·목동운동장,POI044,KEY_3,4532. 목동현대아파트 후문 앞,ST-2879,40,4,10,126.87805939,37.5221405
2026-06-26T07:40:42.546487+09:00,오목교역·목동운동장,오목교역·목동운동장,POI044,KEY_3,4514. 목동성당 앞,ST-2764,180,36,20,126.86930084,37.52319717
2026-06-26T07:40:42.546487+09:00,오목교역·목동운동장,오목교역·목동운동장,POI044,KEY_3,4543. 오목교역 6번 출구,ST-3163,300,27,9,126.87567139,37.5236702
2026-06-26T07:40:42.546487+09:00,오목교역·목동운동장,오목교역·목동운동장,POI044,KEY_3,4546. 목동운동장 주경기장,ST-3227,80,24,30,126.88307953,37.52937698
2026-06-26T07:40:42.546487+09:00,왕십리역,왕십리역,POI045,KEY_4,559. 왕십리역 4번 출구 건너편,ST-360,77,10,13,127.03679657,37.56109619
2026-06-26T07:40:42.546487+09:00,왕십리역,왕십리역,POI045,KEY_4,525. 한양대병원사거리,ST-241,10,2,20,127.04035187,37.55805206
2026-06-26T07:40:42.546487+09:00,왕십리역,왕십리역,POI045,KEY_4,558. 성동광진 교육지원청 앞,ST-359,40,8,20,127.03652191,37.56460571
2026-06-26T07:40:42.546487+09:00,왕십리역,왕십리역,POI045,KEY_4,3561.행당동 삼부APT후문,ST-2343,80,8,10,127.03839874,37.55926895
2026-06-26T07:40:42.546487+09:00,왕십리역,왕십리역,POI045,KEY_4,3545.한양대역 1번출구,ST-2327,0,0,10,127.04335785,37.55657959
2026-06-26T07:40:42.546487+09:00,용산역,용산역,POI046,KEY_1,806. 전자랜드 본관 앞,ST-327,10,2,20,126.96073151,37.5330658
2026-06-26T07:40:42.546487+09:00,용산역,용산역,POI046,KEY_1,853.용산역 맞은편,ST-2177,53,10,19,126.96595001,37.52841568
2026-06-26T07:40:42.546487+09:00,용산역,용산역,POI046,KEY_1,845. 용산 선인상가,ST-1615,88,14,16,126.96437836,37.53269958
2026-06-26T07:40:42.546487+09:00,용산역,용산역,POI046,KEY_1,4617. 동원베네스트 건너편,ST-2448,100,6,6,126.95511627,37.52761078
2026-06-26T07:40:42.546487+09:00,용산역,용산역,POI046,KEY_1,4616. 신용산지하차도 앞,ST-2447,33,5,15,126.96411896,37.53248215
2026-06-26T07:40:42.546487+09:00,잠실새내역,잠실새내역,POI118,KEY_3,1222. 잠실새내역 5번 출구 뒤,ST-547,48,11,23,127.08505249,37.51198196
2026-06-26T07:40:42.546487+09:00,잠실새내역,잠실새내역,POI118,KEY_3,1224. 아시아지하보도 2번 출구,ST-548,80,12,15,127.07893372,37.51216888
2026-06-26T07:40:42.546487+09:00,잠실새내역,잠실새내역,POI118,KEY_3,2637. 아시아지하보도 14번 출구,ST-1864,53,8,15,127.07881165,37.51146317
2026-06-26T07:40:42.546487+09:00,잠실새내역,잠실새내역,POI118,KEY_3,2635.잠실새내역 1번출구,ST-1862,33,7,21,127.08673859,37.51129532
2026-06-26T07:40:42.546487+09:00,잠실역,잠실역,POI119,KEY_4,1210. 롯데월드타워(잠실역2번출구 쪽),ST-891,63,19,30,127.10095978,37.51312637
2026-06-26T07:40:42.546487+09:00,잠실역,잠실역,POI119,KEY_4,1232. 잠실주공 521동 건너편,ST-550,160,16,10,127.09568787,37.51184082
2026-06-26T07:40:42.546487+09:00,잠실역,잠실역,POI119,KEY_4,1231. 잠실역 6번출구,ST-840,123,16,13,127.09902954,37.51408768
2026-06-26T07:40:42.546487+09:00,잠실역,잠실역,POI119,KEY_4,2647.잠실 자전거 수리센터 앞,ST-1868,129,9,7,127.10114288,37.51100922
2026-06-26T07:40:42.546487+09:00,장지역,장지역,POI048,KEY_1,1247. 문정 법조단지11,ST-907,13,2,15,127.12351227,37.4788208
2026-06-26T07:40:42.546487+09:00,장지역,장지역,POI048,KEY_1,1266. 문정동 글샘 공원,ST-1085,50,5,10,127.12000275,37.47880936
2026-06-26T07:40:42.546487+09:00,장지역,장지역,POI048,KEY_1,1244. 문정 법조단지8,ST-904,45,5,11,127.12212372,37.48153687
2026-06-26T07:40:42.546487+09:00,장지역,장지역,POI048,KEY_1,1245. 문정 법조단지9,ST-905,0,0,10,127.12532806,37.47946548
2026-06-26T07:40:42.546487+09:00,장지역,장지역,POI048,KEY_1,1246. 문정 법조단지10,ST-906,53,16,30,127.12632751,37.47750854
2026-06-26T07:40:42.546487+09:00,장지역,장지역,POI048,KEY_1,4885. 가든파이브 리빙관,ST-2985,25,2,8,127.123703,37.47709656
2026-06-26T07:40:42.546487+09:00,장지역,장지역,POI048,KEY_1,4491. 장지역 1번출구,ST-2599,90,9,10,127.12678528,37.47953415
2026-06-26T07:40:42.546487+09:00,장한평역,장한평역,POI049,KEY_2,626. 군자교 서측 녹지대,ST-394,135,23,17,127.07096863,37.56115341
2026-06-26T07:40:42.546487+09:00,장한평역,장한평역,POI049,KEY_2,529. 장한평역 8번 출구 앞,ST-243,63,5,8,127.06365967,37.56137085
2026-06-26T07:40:42.546487+09:00,장한평역,장한평역,POI049,KEY_2,4385. 용답동 우체국 주변,ST-3099,200,10,5,127.06151581,37.56168747
2026-06-26T07:40:42.546487+09:00,장한평역,장한평역,POI049,KEY_2,4105. 서울교통공사사거리 교통섬,ST-2499,0,0,10,127.05799103,37.56324005
2026-06-26T07:40:42.546487+09:00,천호역,천호역,POI050,KEY_3,1264. 천호역 10번 출구 앞,ST-1083,88,7,8,127.12280273,37.53858185
2026-06-26T07:40:42.546487+09:00,천호역,천호역,POI050,KEY_3,1009. 천호역4번출구(현대백화점),ST-493,70,14,20,127.12424469,37.53866577
2026-06-26T07:40:42.546487+09:00,천호역,천호역,POI050,KEY_3,3657. 서울천호동우체국,ST-2732,190,19,10,127.12576294,37.54074097
2026-06-26T07:40:42.546487+09:00,총신대입구(이수)역,총신대입구(이수)역,POI051,KEY_4,2082.7호선 이수역7번출구,ST-2355,360,36,10,126.98179626,37.4846077
2026-06-26T07:40:42.546487+09:00,총신대입구(이수)역,총신대입구(이수)역,POI051,KEY_4,2264. 이수역 1번출구,ST-935,189,17,9,126.98271942,37.48897171
2026-06-26T07:40:42.546487+09:00,총신대입구(이수)역,총신대입구(이수)역,POI051,KEY_4,2091. 이수역9번출구,ST-2364,240,36,15,126.98059082,37.48470306
2026-06-26T07:40:42.546487+09:00,총신대입구(이수)역,총신대입구(이수)역,POI051,KEY_4,2511. 이수역 6번출구 앞,ST-1739,110,11,10,126.98234558,37.48398972
2026-06-26T07:40:42.546487+09:00,총신대입구(이수)역,총신대입구(이수)역,POI051,KEY_4,2032. 이수역 11번출구쪽,ST-923,200,20,10,126.98162079,37.48550797
2026-06-26T07:40:42.546487+09:00,충정로역,충정로역,POI052,KEY_1,180. 충정로역 7번출구 아래,ST-233,50,5,10,126.96246338,37.55996704
2026-06-26T07:40:42.546487+09:00,충정로역,충정로역,POI052,KEY_1,3114.충정로역 3번 출구,ST-2198,0,0,7,126.96552277,37.56046295
2026-06-26T07:40:42.546487+09:00,충정로역,충정로역,POI052,KEY_1,3134.SK리쳄블(서울아리수본부),ST-2219,10,1,10,126.96658325,37.56131744
2026-06-26T07:40:42.546487+09:00,충정로역,충정로역,POI052,KEY_1,4801. 충정로역 2호선(엘리베이터 앞),ST-3053,0,0,5,126.96414185,37.55937576
2026-06-26T07:40:42.546487+09:00,충정로역,충정로역,POI052,KEY_1,4266.국민연금공단충정로사옥,ST-3027,0,0,9,126.96414948,37.56184769
2026-06-26T07:40:42.546487+09:00,충정로역,충정로역,POI052,KEY_1,4752. 삼성사이버빌리지아파트,ST-2624,0,0,7,126.96485901,37.55891418
2026-06-26T07:40:42.546487+09:00,충정로역,충정로역,POI052,KEY_1,4271. 충정로역 1번 출구,ST-3107,29,2,7,126.96305847,37.55942535
2026-06-26T07:40:42.546487+09:00,합정역,합정역,POI053,KEY_2,497.합정동주민센터 앞,ST-2156,8,2,25,126.91230011,37.551754
2026-06-26T07:40:42.546487+09:00,합정역,합정역,POI053,KEY_2,105. 합정역 5번출구 앞,ST-7,0,0,5,126.91482544,37.55000687
2026-06-26T07:40:42.546487+09:00,합정역,합정역,POI053,KEY_2,106. 합정역 7번출구 앞,ST-8,0,0,12,126.91282654,37.54864502
2026-06-26T07:40:42.546487+09:00,합정역,합정역,POI053,KEY_2,4211. 시석빌딩 앞,ST-2534,0,0,8,126.91671753,37.54836655
2026-06-26T07:40:42.546487+09:00,혜화역,혜화역,POI054,KEY_3,342. 대학로 마로니에공원,ST-158,68,15,22,127.00234222,37.58044434
2026-06-26T07:40:42.546487+09:00,혜화역,혜화역,POI054,KEY_3,341. 혜화역 3번출구 뒤,ST-157,25,2,8,127.00178528,37.58156967
2026-06-26T07:40:42.546487+09:00,혜화역,혜화역,POI054,KEY_3,358. 성균관대입구 사거리 A,ST-173,23,3,13,126.99853516,37.58250046
2026-06-26T07:40:42.546487+09:00,혜화역,혜화역,POI054,KEY_3,3419.국립어린이과학관,ST-1816,21,3,14,126.99736786,37.58194733
2026-06-26T07:40:42.546487+09:00,혜화역,혜화역,POI054,KEY_3,3420. 성균관대입구 사거리 B,ST-1817,30,3,10,126.99885559,37.58327484
2026-06-26T07:40:42.546487+09:00,혜화역,혜화역,POI054,KEY_3,3421.혜화역 1번출구,ST-1818,0,0,10,127.00185394,37.58385468
2026-06-26T07:40:42.546487+09:00,홍대입구역(2호선),홍대입구역(2호선),POI055,KEY_4,114. 홍대입구역 8번출구 앞,ST-20,47,7,15,126.92442322,37.55706024
2026-06-26T07:40:42.546487+09:00,홍대입구역(2호선),홍대입구역(2호선),POI055,KEY_4,113. 홍대입구역 2번출구 앞,ST-18,89,25,28,126.9238205,37.5574379
2026-06-26T07:40:42.546487+09:00,회기역,회기역,POI056,KEY_1,680.꿈마루어린이도서관 앞,ST-2280,168,37,22,127.05741119,37.59238434
2026-06-26T07:40:42.546487+09:00,회기역,회기역,POI056,KEY_1,670.삼육서울병원 버스정류장,ST-2270,322,29,9,127.06151581,37.5896759
2026-06-26T08:39:08.364926+09:00,광화문·덕수궁,광화문·덕수궁,POI009,KEY_2,303. 광화문역 1번출구 앞,ST-119,75,6,8,126.97466278,37.57176971
2026-06-26T08:39:08.364926+09:00,광화문·덕수궁,광화문·덕수궁,POI009,KEY_2,458. 광화문역 5번출구,ST-1611,33,7,21,126.97756958,37.56989288
2026-06-26T08:39:08.364926+09:00,광화문·덕수궁,광화문·덕수궁,POI009,KEY_2,391. 시립미술관,ST-977,200,16,8,126.97340393,37.56505203
2026-06-26T08:39:08.364926+09:00,광화문·덕수궁,광화문·덕수궁,POI009,KEY_2,310. 청계광장 옆,ST-126,50,4,8,126.9774704,37.56887817
2026-06-26T08:39:08.364926+09:00,광화문·덕수궁,광화문·덕수궁,POI009,KEY_2,309. 광화문역 6번출구 옆 B,ST-125,15,2,13,126.97615814,37.56996155
2026-06-26T08:39:08.364926+09:00,광화문·덕수궁,광화문·덕수궁,POI009,KEY_2,305. 종로구청 옆,ST-121,106,17,16,126.97833252,37.57255936
2026-06-26T08:39:08.364926+09:00,광화문·덕수궁,광화문·덕수궁,POI009,KEY_2,6058. 시청역 2번출구,ST-3297,33,5,15,126.97702026,37.56557846
2026-06-26T08:39:08.364926+09:00,광화문·덕수궁,광화문·덕수궁,POI009,KEY_2,4796. 서울시청,ST-2693,65,13,20,126.97925568,37.5664711
2026-06-26T08:39:08.364926+09:00,광화문·덕수궁,광화문·덕수궁,POI009,KEY_2,4719. 종로문화원 건너편,ST-3090,100,15,15,126.9805069,37.57571411
2026-06-26T08:39:08.364926+09:00,광화문·덕수궁,광화문·덕수궁,POI009,KEY_2,4718. 광화문역 6번출구 옆 A,ST-3075,60,6,10,126.9764328,37.56993103
2026-06-26T08:39:08.364926+09:00,보신각,보신각,POI010,KEY_3,316. 종각역 1번출구 앞,ST-132,63,5,8,126.98178864,37.57039642
2026-06-26T08:39:08.364926+09:00,보신각,보신각,POI010,KEY_3,385. 종각역 5번출구,ST-336,10,1,10,126.98265839,37.56983566
2026-06-26T08:39:08.364926+09:00,보신각,보신각,POI010,KEY_3,3408.종로타워빌딩,ST-1805,8,1,13,126.98323822,37.57070541
2026-06-26T08:39:08.364926+09:00,보신각,보신각,POI010,KEY_3,4708. 조계사앞사거리,ST-2472,83,5,6,126.98283386,37.5721817
2026-06-26T08:39:08.364926+09:00,서울 암사동 유적,서울 암사동 유적,POI011,KEY_4,1007.암사동 선사유적지,ST-491,229,32,14,127.13087463,37.55955887
2026-06-26T08:39:08.364926+09:00,서울 암사동 유적,서울 암사동 유적,POI011,KEY_4,3539. 서원마을,ST-1686,60,6,10,127.13283539,37.56379318
2026-06-26T08:39:08.364926+09:00,창덕궁·종묘,창덕궁·종묘,POI012,KEY_1,339. 종로4가 사거리,ST-155,10,1,10,126.99819183,37.57106781
2026-06-26T08:39:08.364926+09:00,창덕궁·종묘,창덕궁·종묘,POI012,KEY_1,337. 창경궁 입구,ST-153,120,6,5,126.99647522,37.57897949
2026-06-26T08:39:08.364926+09:00,창덕궁·종묘,창덕궁·종묘,POI012,KEY_1,338. 세운스퀘어 앞,ST-154,6,1,18,126.99712372,37.57095718
2026-06-26T08:39:08.364926+09:00,창덕궁·종묘,창덕궁·종묘,POI012,KEY_1,359. 원남동사거리,ST-174,113,9,8,126.99768066,37.57606125
2026-06-26T08:39:08.364926+09:00,창덕궁·종묘,창덕궁·종묘,POI012,KEY_1,3410.종로3가역 8번출구,ST-1807,20,2,10,126.99188995,37.5724678
2026-06-26T08:39:08.364926+09:00,창덕궁·종묘,창덕궁·종묘,POI012,KEY_1,3411.종묘,ST-1808,33,3,9,126.99437714,37.57072067
2026-06-26T08:39:08.364926+09:00,창덕궁·종묘,창덕궁·종묘,POI012,KEY_1,3413.종로플레이스,ST-1810,64,14,22,126.99796295,37.57320023
2026-06-26T08:39:08.364926+09:00,동대문 관광특구,동대문 관광특구,POI002,KEY_3,475.DDP 패션몰,ST-1781,119,25,21,127.0118103,37.56764984
2026-06-26T08:39:08.364926+09:00,동대문 관광특구,동대문 관광특구,POI002,KEY_3,346. 맥스타일 앞,ST-162,80,8,10,127.01014709,37.5689621
2026-06-26T08:39:08.364926+09:00,동대문 관광특구,동대문 관광특구,POI002,KEY_3,347. 동대문역사문화공원역 9번출구 앞,ST-163,22,4,18,127.00784302,37.56533051
2026-06-26T08:39:08.364926+09:00,동대문 관광특구,동대문 관광특구,POI002,KEY_3,383. 신당역 12번 출구 뒤,ST-198,17,4,24,127.01642609,37.56591797
2026-06-26T08:39:08.364926+09:00,동대문 관광특구,동대문 관광특구,POI002,KEY_3,474.동대문역사문화공원역 1번출구 뒤편,ST-1780,65,26,40,127.00849152,37.56629944
2026-06-26T08:39:08.364926+09:00,동대문 관광특구,동대문 관광특구,POI002,KEY_3,6061.충무아트센터,ST-3381,90,9,10,127.01522064,37.56538773
2026-06-26T08:39:08.364926+09:00,동대문 관광특구,동대문 관광특구,POI002,KEY_3,4765. 동대문디자인플라자,ST-2431,65,13,20,127.00946045,37.5683136
2026-06-26T08:39:08.364926+09:00,명동 관광특구,명동 관광특구,POI003,KEY_4,324. 신세계백화점 본점 앞,ST-140,138,11,8,126.9805069,37.56134415
2026-06-26T08:39:08.364926+09:00,명동 관광특구,명동 관광특구,POI003,KEY_4,310. 청계광장 옆,ST-126,50,4,8,126.9774704,37.56887817
2026-06-26T08:39:08.364926+09:00,명동 관광특구,명동 관광특구,POI003,KEY_4,466.롯데호텔,ST-1772,85,11,13,126.97981262,37.56584167
2026-06-26T08:39:08.364926+09:00,명동 관광특구,명동 관광특구,POI003,KEY_4,318. 광교사거리 남측,ST-134,60,6,10,126.98231506,37.56863403
2026-06-26T08:39:08.364926+09:00,명동 관광특구,명동 관광특구,POI003,KEY_4,320. 을지로입구역 4번출구 앞,ST-136,59,10,17,126.98358917,37.56622314
2026-06-26T08:39:08.364926+09:00,명동 관광특구,명동 관광특구,POI003,KEY_4,322. 명동성당 앞,ST-138,20,2,10,126.98696899,37.56447601
2026-06-26T08:39:08.364926+09:00,명동 관광특구,명동 관광특구,POI003,KEY_4,321. KEB 하나금융그룹 명동사옥 옆,ST-137,13,2,15,126.98413849,37.56546402
2026-06-26T08:39:08.364926+09:00,명동 관광특구,명동 관광특구,POI003,KEY_4,433. 을지로입구역 2번출구,ST-1668,25,3,12,126.98229218,37.56634521
2026-06-26T08:39:08.364926+09:00,명동 관광특구,명동 관광특구,POI003,KEY_4,331. 을지로2가 사거리 북측,ST-147,50,5,10,126.98720551,37.56638336
2026-06-26T08:39:08.364926+09:00,명동 관광특구,명동 관광특구,POI003,KEY_4,398. 을지로3가역 3번출구,ST-1435,25,2,8,126.99249268,37.56660461
2026-06-26T08:39:08.364926+09:00,명동 관광특구,명동 관광특구,POI003,KEY_4,3013.서울지방고용노동청 앞,ST-2422,500,35,7,126.98725891,37.56760406
2026-06-26T08:39:08.364926+09:00,명동 관광특구,명동 관광특구,POI003,KEY_4,6058. 시청역 2번출구,ST-3297,33,5,15,126.97702026,37.56557846
2026-06-26T08:39:08.364926+09:00,명동 관광특구,명동 관광특구,POI003,KEY_4,4791. 명동역9번 출구,ST-2527,10,1,10,126.98749542,37.56122589
2026-06-26T08:39:08.364926+09:00,명동 관광특구,명동 관광특구,POI003,KEY_4,4775. 을지로지하쇼핑센터,ST-2521,40,4,10,126.98445129,37.56589127
2026-06-26T08:39:08.364926+09:00,명동 관광특구,명동 관광특구,POI003,KEY_4,4776. 신세계면세점,ST-2522,40,4,10,126.98139191,37.56027603
2026-06-26T08:39:08.364926+09:00,명동 관광특구,명동 관광특구,POI003,KEY_4,4774. 을지로입구역 8번출구,ST-2520,0,0,9,126.98178101,37.56590271
2026-06-26T08:39:08.364926+09:00,명동 관광특구,명동 관광특구,POI003,KEY_4,4796. 서울시청,ST-2693,65,13,20,126.97925568,37.5664711
2026-06-26T08:39:08.364926+09:00,명동 관광특구,명동 관광특구,POI003,KEY_4,4762. 국제빌딩,ST-2517,10,1,10,126.98244476,37.56694794
2026-06-26T08:39:08.364926+09:00,이태원 관광특구,이태원 관광특구,POI004,KEY_1,857. 현대 안성타워,ST-2181,10,1,10,126.99797058,37.53508759
2026-06-26T08:39:08.364926+09:00,이태원 관광특구,이태원 관광특구,POI004,KEY_1,854.HID 유족동지회 앞,ST-2178,0,0,10,127.0014801,37.53850937
2026-06-26T08:39:08.364926+09:00,이태원 관광특구,이태원 관광특구,POI004,KEY_1,843. 이태원관광특구 입구(용산구청방향),ST-1445,0,0,19,126.98867035,37.53379822
2026-06-26T08:39:08.364926+09:00,이태원 관광특구,이태원 관광특구,POI004,KEY_1,4634. 이태원역 3번 출구,ST-3056,20,1,5,126.99497223,37.5343895
2026-06-26T08:39:08.364926+09:00,이태원 관광특구,이태원 관광특구,POI004,KEY_1,4612. 이태원로 255,ST-2444,0,0,5,127.00084686,37.53749847
2026-06-26T08:39:08.364926+09:00,이태원 관광특구,이태원 관광특구,POI004,KEY_1,4623. 라인프랜즈이태원점 앞,ST-2453,0,0,10,126.99619293,37.53453064
2026-06-26T08:39:08.364926+09:00,이태원 관광특구,이태원 관광특구,POI004,KEY_1,4613. 서울갤러리아 앞,ST-2445,0,0,5,126.99937439,37.53597641
2026-06-26T08:39:08.364926+09:00,잠실 관광특구,잠실 관광특구,POI005,KEY_2,1267. 올림픽공원 남2문 앞,ST-1086,21,3,14,127.12306976,37.51424026
2026-06-26T08:39:08.364926+09:00,잠실 관광특구,잠실 관광특구,POI005,KEY_2,1297. 석촌호수교차로(동호 팔각정 앞),ST-1586,0,0,15,127.10411835,37.50920105
2026-06-26T08:39:08.364926+09:00,잠실 관광특구,잠실 관광특구,POI005,KEY_2,1268. 몽촌토성역 1번출구 옆,ST-1087,27,4,15,127.11419678,37.51728821
2026-06-26T08:39:08.364926+09:00,잠실 관광특구,잠실 관광특구,POI005,KEY_2,1232. 잠실주공 521동 건너편,ST-550,200,20,10,127.09568787,37.51184082
2026-06-26T08:39:08.364926+09:00,잠실 관광특구,잠실 관광특구,POI005,KEY_2,1233. 잠실3거리(갤러리아팰리스),ST-551,22,2,9,127.09336853,37.51050949
2026-06-26T08:39:08.364926+09:00,잠실 관광특구,잠실 관광특구,POI005,KEY_2,1210. 롯데월드타워(잠실역2번출구 쪽),ST-891,210,63,30,127.10095978,37.51312637
2026-06-26T08:39:08.364926+09:00,잠실 관광특구,잠실 관광특구,POI005,KEY_2,1296. 석촌호수교차로 (송파나루근린공원 앞),ST-1585,0,0,10,127.1034317,37.50867844
2026-06-26T08:39:08.364926+09:00,잠실 관광특구,잠실 관광특구,POI005,KEY_2,2647.잠실 자전거 수리센터 앞,ST-1868,214,15,7,127.10114288,37.51100922
2026-06-26T08:39:08.364926+09:00,잠실 관광특구,잠실 관광특구,POI005,KEY_2,2601. 석촌호수 아뜰리에,ST-1590,44,7,16,127.09883118,37.5067482
2026-06-26T08:39:08.364926+09:00,잠실 관광특구,잠실 관광특구,POI005,KEY_2,2608. 송파구청,ST-1681,170,17,10,127.10611725,37.51499176
2026-06-26T08:39:08.364926+09:00,잠실 관광특구,잠실 관광특구,POI005,KEY_2,2622. 올림픽공원역 3번출구,ST-1720,115,23,20,127.13059235,37.51625824
2026-06-26T08:39:08.364926+09:00,잠실 관광특구,잠실 관광특구,POI005,KEY_2,2621. 한성백제역 2번 출구,ST-1719,13,2,15,127.11625671,37.51665878
2026-06-26T08:39:08.364926+09:00,잠실 관광특구,잠실 관광특구,POI005,KEY_2,5751. 송파여성축구장,ST-3069,0,0,10,127.11743927,37.52471542
2026-06-26T08:39:08.364926+09:00,잠실 관광특구,잠실 관광특구,POI005,KEY_2,4870. 몽촌토성역 3번 출구,ST-2876,0,0,10,127.11232758,37.5170784
2026-06-26T08:39:08.364926+09:00,잠실 관광특구,잠실 관광특구,POI005,KEY_2,4481. 올림픽공원 북2문 B,ST-2592,96,24,25,127.12751007,37.52397537
2026-06-26T08:39:08.364926+09:00,잠실 관광특구,잠실 관광특구,POI005,KEY_2,4856. 올림픽공원 서1문 앞,ST-2608,150,15,10,127.11457062,37.5202179
2026-06-26T08:39:08.364926+09:00,잠실 관광특구,잠실 관광특구,POI005,KEY_2,4857. 올림픽공원 장미광장,ST-2621,7,1,15,127.126297,37.51275635
2026-06-26T08:39:08.364926+09:00,잠실 관광특구,잠실 관광특구,POI005,KEY_2,5781. 올림픽공원 수영장,ST-3300,221,31,14,127.12688446,37.52157211
2026-06-26T08:39:08.364926+09:00,잠실 관광특구,잠실 관광특구,POI005,KEY_2,4868. 석촌호수 서호 남단,ST-2833,10,1,10,127.10124207,37.50717163
2026-06-26T08:39:08.364926+09:00,잠실 관광특구,잠실 관광특구,POI005,KEY_2,4862. 성내교 남단,ST-2756,70,7,10,127.11588287,37.52301788
2026-06-26T08:39:08.364926+09:00,잠실 관광특구,잠실 관광특구,POI005,KEY_2,5768.방이삼거리,ST-3214,17,2,12,127.10822296,37.51237488
2026-06-26T08:39:08.364926+09:00,잠실 관광특구,잠실 관광특구,POI005,KEY_2,4464. 올림픽공원 북2문 A,ST-2580,87,13,15,127.12804413,37.52357483
2026-06-26T08:39:08.364926+09:00,잠실 관광특구,잠실 관광특구,POI005,KEY_2,4865. 한성백제역 1번출구 뒤,ST-2797,60,3,5,127.1149826,37.51647949
2026-06-26T08:39:08.364926+09:00,종로·청계 관광특구,종로·청계 관광특구,POI006,KEY_3,397. 종묘공영주차장 건너편,ST-1432,54,7,13,126.99663544,37.57048035
2026-06-26T08:39:08.364926+09:00,종로·청계 관광특구,종로·청계 관광특구,POI006,KEY_3,458. 광화문역 5번출구,ST-1611,33,7,21,126.97756958,37.56989288
2026-06-26T08:39:08.364926+09:00,종로·청계 관광특구,종로·청계 관광특구,POI006,KEY_3,455. 종로6가역 버스정류장(동대문 방향),ST-1608,113,9,8,127.00605774,37.570961
2026-06-26T08:39:08.364926+09:00,종로·청계 관광특구,종로·청계 관광특구,POI006,KEY_3,368. SK 서린빌딩 앞,ST-181,80,12,15,126.98053741,37.5692482
2026-06-26T08:39:08.364926+09:00,종로·청계 관광특구,종로·청계 관광특구,POI006,KEY_3,335. 종로3가역 15번출구 뒤,ST-151,30,3,10,126.99165344,37.57019424
2026-06-26T08:39:08.364926+09:00,종로·청계 관광특구,종로·청계 관광특구,POI006,KEY_3,393. 동대문역 8번 출구,ST-1372,100,12,12,127.00937653,37.57014084
2026-06-26T08:39:08.364926+09:00,종로·청계 관광특구,종로·청계 관광특구,POI006,KEY_3,385. 종각역 5번출구,ST-336,10,1,10,126.98265839,37.56983566
2026-06-26T08:39:08.364926+09:00,종로·청계 관광특구,종로·청계 관광특구,POI006,KEY_3,329. 청계2가 사거리 옆,ST-145,63,5,8,126.98788452,37.56848526
2026-06-26T08:39:08.364926+09:00,종로·청계 관광특구,종로·청계 관광특구,POI006,KEY_3,3412.세운상가,ST-1809,13,2,15,126.99454498,37.5703125
2026-06-26T08:39:08.364926+09:00,종로·청계 관광특구,종로·청계 관광특구,POI006,KEY_3,3415.동대문역6번출구,ST-1812,87,13,15,127.0107193,37.57147217
2026-06-26T08:39:08.364926+09:00,종로·청계 관광특구,종로·청계 관광특구,POI006,KEY_3,3432.종로2가 사거리,ST-1829,36,5,14,126.98880768,37.57001877
2026-06-26T08:39:08.364926+09:00,종로·청계 관광특구,종로·청계 관광특구,POI006,KEY_3,4707. 청계3가 사거리,ST-2513,20,1,5,126.99211884,37.56855774
2026-06-26T08:39:08.364926+09:00,홍대 관광특구,홍대 관광특구,POI007,KEY_4,108. 서교동 사거리,ST-10,25,3,12,126.91861725,37.55274582
2026-06-26T08:39:08.364926+09:00,홍대 관광특구,홍대 관광특구,POI007,KEY_4,104. 합정역 1번출구 앞,ST-6,31,4,13,126.91508484,37.55073929
2026-06-26T08:39:08.364926+09:00,홍대 관광특구,홍대 관광특구,POI007,KEY_4,113. 홍대입구역 2번출구 앞,ST-18,196,55,28,126.9238205,37.5574379
2026-06-26T08:39:08.364926+09:00,홍대 관광특구,홍대 관광특구,POI007,KEY_4,493.홍대입구역 6번출구,ST-2152,71,5,7,126.9288559,37.55657578
2026-06-26T08:39:08.364926+09:00,홍대 관광특구,홍대 관광특구,POI007,KEY_4,114. 홍대입구역 8번출구 앞,ST-20,53,8,15,126.92442322,37.55706024
2026-06-26T08:39:08.364926+09:00,홍대 관광특구,홍대 관광특구,POI007,KEY_4,3010.홍대입구역 3번출구,ST-2168,127,19,15,126.92538452,37.5582962
2026-06-26T08:39:08.364926+09:00,홍대 관광특구,홍대 관광특구,POI007,KEY_4,3009. 홍대입구역 사거리,ST-2167,30,6,20,126.92023468,37.55450058
2026-06-26T08:39:08.364926+09:00,홍대 관광특구,홍대 관광특구,POI007,KEY_4,4211. 시석빌딩 앞,ST-2534,0,0,8,126.91671753,37.54836655
2026-06-26T08:39:08.364926+09:00,홍대 관광특구,홍대 관광특구,POI007,KEY_4,4208. 스타벅스(동교동) 앞,ST-2532,40,4,10,126.91986847,37.5566597
2026-06-26T08:39:08.364926+09:00,국립중앙박물관·용산가족공원,국립중앙박물관·용산가족공원,POI089,KEY_1,863.이촌역2번 출구,ST-2187,150,15,10,126.977005,37.52177048
2026-06-26T08:39:08.364926+09:00,국립중앙박물관·용산가족공원,국립중앙박물관·용산가족공원,POI089,KEY_1,855.이촌역5번출구 앞,ST-2179,40,4,10,126.97277069,37.52272415
2026-06-26T08:39:08.364926+09:00,남산공원,남산공원,POI091,KEY_3,859.남산공원 야외식물원 앞,ST-2183,0,0,10,126.99586487,37.54188538
2026-06-26T08:39:08.364926+09:00,남산공원,남산공원,POI091,KEY_3,371. 동대입구역 6번출구 뒤,ST-186,10,1,10,127.00553894,37.55887222
2026-06-26T08:39:08.364926+09:00,남산공원,남산공원,POI091,KEY_3,381. 장충체육관,ST-196,40,4,10,127.00698853,37.55853271
2026-06-26T08:39:08.364926+09:00,남산공원,남산공원,POI091,KEY_3,4621. 남산도서관 앞,ST-3054,0,0,12,126.98201752,37.55240631
2026-06-26T08:39:08.364926+09:00,노들섬,노들섬,POI092,KEY_4,869.노들섬 동측 앞,ST-2239,0,0,10,126.95914459,37.51729584
2026-06-26T08:39:08.364926+09:00,노들섬,노들섬,POI092,KEY_4,870.노들섬 서측 앞,ST-2240,20,2,10,126.95829773,37.51731873
2026-06-26T08:39:08.364926+09:00,망원한강공원,망원한강공원,POI094,KEY_2,105. 합정역 5번출구 앞,ST-7,0,0,5,126.91482544,37.55000687
2026-06-26T08:39:08.364926+09:00,망원한강공원,망원한강공원,POI094,KEY_2,4217. 한강공원 망원나들목,ST-2905,135,27,20,126.89688873,37.55557632
2026-06-26T08:39:08.364926+09:00,망원한강공원,망원한강공원,POI094,KEY_2,5515.한강버스 망원 선착장,ST-3388,63,19,30,126.89590454,37.55466461
2026-06-26T08:39:08.364926+09:00,보라매공원,보라매공원,POI123,KEY_4,4181. 보라매공원역 2번출구,ST-3117,117,7,6,126.91781616,37.49582291
2026-06-26T08:39:08.364926+09:00,보라매공원,보라매공원,POI123,KEY_4,4179. 보라매병원역 1번출구,ST-3105,20,4,20,126.92362976,37.49304199
2026-06-26T08:39:08.364926+09:00,북서울꿈의숲,북서울꿈의숲,POI096,KEY_1,1548. 북서울 꿈의숲 서문,ST-1725,93,14,15,127.03781128,37.62268829
2026-06-26T08:39:08.364926+09:00,북서울꿈의숲,북서울꿈의숲,POI096,KEY_1,3718. 번동3단지 버스정류장,ST-2610,155,17,11,127.04390717,37.628685
2026-06-26T08:39:08.364926+09:00,북서울꿈의숲,북서울꿈의숲,POI096,KEY_1,1571.북서울 꿈의 숲 입구,ST-2401,0,0,10,127.03864288,37.62657166
2026-06-26T08:39:08.364926+09:00,서대문독립공원,서대문독립공원,POI124,KEY_2,367. 독립문역 3-1번출구,ST-180,38,5,13,126.95851898,37.57415771
2026-06-26T08:39:08.364926+09:00,서대문독립공원,서대문독립공원,POI124,KEY_2,3113. 독립문 앞,ST-2199,7,1,15,126.95974731,37.57220459
2026-06-26T08:39:08.364926+09:00,서대문독립공원,서대문독립공원,POI124,KEY_2,3427.인왕산 아이파크 정문,ST-1824,150,12,8,126.95584869,37.57666779
2026-06-26T08:39:08.364926+09:00,서대문독립공원,서대문독립공원,POI124,KEY_2,3426.독립문역 2번출구 뒤,ST-1823,170,17,10,126.95755005,37.57501602
2026-06-26T08:39:08.364926+09:00,서리풀공원·몽마르뜨공원,서리풀공원·몽마르뜨공원,POI098,KEY_3,4316. 고속터미널역 3번출구,ST-2667,32,8,25,127.0059433,37.50365829
2026-06-26T08:39:08.364926+09:00,서리풀공원·몽마르뜨공원,서리풀공원·몽마르뜨공원,POI098,KEY_3,4312. 반포미도2차아파트 옆,ST-2663,10,1,10,127.00653076,37.50320435
2026-06-26T08:39:08.364926+09:00,서리풀공원·몽마르뜨공원,서리풀공원·몽마르뜨공원,POI098,KEY_3,4327. 몽마르뜨공원입구,ST-3009,0,0,11,127.0026474,37.4928894
2026-06-26T08:39:08.364926+09:00,서울숲공원,서울숲공원,POI101,KEY_1,510. 뚝도아리수정수센터 버스정류소 옆,ST-107,60,9,15,127.04380035,37.54122162
2026-06-26T08:39:08.364926+09:00,서울숲공원,서울숲공원,POI101,KEY_1,3552.서울숲 공영주차장앞,ST-2334,21,4,19,127.04277039,37.54195786
2026-06-26T08:39:08.364926+09:00,서울숲공원,서울숲공원,POI101,KEY_1,4401.뚝섬유수지 공영주차장,ST-3393,20,2,10,127.042099,37.55018234
2026-06-26T08:39:08.364926+09:00,송현녹지광장,송현녹지광장,POI129,KEY_2,354. 포르투갈 대사관 앞,ST-170,0,0,10,126.98896027,37.57915497
2026-06-26T08:39:08.364926+09:00,송현녹지광장,송현녹지광장,POI129,KEY_2,353. 재동초교 앞 삼거리,ST-169,88,7,8,126.9849472,37.57938766
2026-06-26T08:39:08.364926+09:00,송현녹지광장,송현녹지광장,POI129,KEY_2,314. 국립현대미술관,ST-130,60,6,10,126.98085785,37.5797081
2026-06-26T08:39:08.364926+09:00,송현녹지광장,송현녹지광장,POI129,KEY_2,3407.안국동사거리(신),ST-1804,17,3,18,126.98339081,37.57580566
2026-06-26T08:39:08.364926+09:00,송현녹지광장,송현녹지광장,POI129,KEY_2,4705. 웰니스센터(민방위교육장 앞),ST-2565,83,5,6,126.98912811,37.57752991
2026-06-26T08:39:08.364926+09:00,송현녹지광장,송현녹지광장,POI129,KEY_2,4719. 종로문화원 건너편,ST-3090,100,15,15,126.9805069,37.57571411
2026-06-26T08:39:08.364926+09:00,어린이대공원,어린이대공원,POI104,KEY_2,574. 아차산역4번출구,ST-385,41,9,22,127.08898163,37.55184937
2026-06-26T08:39:08.364926+09:00,어린이대공원,어린이대공원,POI104,KEY_2,573. 구의문주차장 앞,ST-384,120,12,10,127.08473206,37.54523087
2026-06-26T08:39:08.364926+09:00,어린이대공원,어린이대공원,POI104,KEY_2,500. 어린이대공원역 3번출구 앞,ST-97,0,0,5,127.07466888,37.54697037
2026-06-26T08:39:08.364926+09:00,어린이대공원,어린이대공원,POI104,KEY_2,3529. 어린이대공원정문,ST-1603,33,5,15,127.07592773,37.54978943
2026-06-26T08:39:08.364926+09:00,어린이대공원,어린이대공원,POI104,KEY_2,3853. 어린이대공원역 2번출구,ST-2541,11,2,18,127.07470703,37.54764938
2026-06-26T08:39:08.364926+09:00,어린이대공원,어린이대공원,POI104,KEY_2,3507. 어린이회관,ST-1192,81,25,31,127.07800293,37.54595184
2026-06-26T08:39:08.364926+09:00,어린이대공원,어린이대공원,POI104,KEY_2,3860. 건국대학교 정문 앞,ST-2542,0,0,10,127.07571411,37.5465126
2026-06-26T08:39:08.364926+09:00,어린이대공원,어린이대공원,POI104,KEY_2,3573.광나루안전체험관,ST-2312,0,0,15,127.07671356,37.5513382
2026-06-26T08:39:08.364926+09:00,여의도한강공원,여의도한강공원,POI105,KEY_3,260. 여의도 마리나선착장 앞,ST-414,13,2,15,126.91216278,37.53365707
2026-06-26T08:39:08.364926+09:00,여의도한강공원,여의도한강공원,POI105,KEY_3,249. 여의도중학교 옆,ST-297,6,1,16,126.93580627,37.52457809
2026-06-26T08:39:08.364926+09:00,여의도한강공원,여의도한강공원,POI105,KEY_3,5890.여의나루역 3번출구,ST-3401,0,0,11,126.93336487,37.52645493
2026-06-26T08:39:08.364926+09:00,여의도한강공원,여의도한강공원,POI105,KEY_3,5891.한강버스 여의도 선착장,ST-3402,250,75,30,126.93422699,37.52816391
2026-06-26T08:39:08.364926+09:00,여의서로,여의서로,POI126,KEY_4,298.KBS 연구동 건너편,ST-1970,8,2,25,126.91374207,37.52724838
2026-06-26T08:39:08.364926+09:00,여의서로,여의서로,POI126,KEY_4,297.국회3문,ST-1969,0,0,10,126.91267395,37.52863693
2026-06-26T08:39:08.364926+09:00,여의서로,여의서로,POI126,KEY_4,260. 여의도 마리나선착장 앞,ST-414,13,2,15,126.91216278,37.53365707
2026-06-26T08:39:08.364926+09:00,올림픽공원,올림픽공원,POI127,KEY_1,1267. 올림픽공원 남2문 앞,ST-1086,21,3,14,127.12306976,37.51424026
2026-06-26T08:39:08.364926+09:00,올림픽공원,올림픽공원,POI127,KEY_1,1268. 몽촌토성역 1번출구 옆,ST-1087,27,4,15,127.11419678,37.51728821
2026-06-26T08:39:08.364926+09:00,올림픽공원,올림픽공원,POI127,KEY_1,2622. 올림픽공원역 3번출구,ST-1720,115,23,20,127.13059235,37.51625824
2026-06-26T08:39:08.364926+09:00,올림픽공원,올림픽공원,POI127,KEY_1,2621. 한성백제역 2번 출구,ST-1719,13,2,15,127.11625671,37.51665878
2026-06-26T08:39:08.364926+09:00,올림픽공원,올림픽공원,POI127,KEY_1,5751. 송파여성축구장,ST-3069,0,0,10,127.11743927,37.52471542
2026-06-26T08:39:08.364926+09:00,올림픽공원,올림픽공원,POI127,KEY_1,4481. 올림픽공원 북2문 B,ST-2592,96,24,25,127.12751007,37.52397537
2026-06-26T08:39:08.364926+09:00,올림픽공원,올림픽공원,POI127,KEY_1,4856. 올림픽공원 서1문 앞,ST-2608,150,15,10,127.11457062,37.5202179
2026-06-26T08:39:08.364926+09:00,올림픽공원,올림픽공원,POI127,KEY_1,4857. 올림픽공원 장미광장,ST-2621,7,1,15,127.126297,37.51275635
2026-06-26T08:39:08.364926+09:00,올림픽공원,올림픽공원,POI127,KEY_1,5781. 올림픽공원 수영장,ST-3300,221,31,14,127.12688446,37.52157211
2026-06-26T08:39:08.364926+09:00,올림픽공원,올림픽공원,POI127,KEY_1,4862. 성내교 남단,ST-2756,70,7,10,127.11588287,37.52301788
2026-06-26T08:39:08.364926+09:00,올림픽공원,올림픽공원,POI127,KEY_1,4464. 올림픽공원 북2문 A,ST-2580,87,13,15,127.12804413,37.52357483
2026-06-26T08:39:08.364926+09:00,올림픽공원,올림픽공원,POI127,KEY_1,4865. 한성백제역 1번출구 뒤,ST-2797,60,3,5,127.1149826,37.51647949
2026-06-26T08:39:08.364926+09:00,월드컵공원,월드컵공원,POI106,KEY_2,413. 상암월드컵파크 3단지 후문,ST-92,50,5,10,126.88968658,37.57147598
2026-06-26T08:39:08.364926+09:00,월드컵공원,월드컵공원,POI106,KEY_2,199. 서울 월드컵 경기장,ST-443,13,4,30,126.89644623,37.56684494
2026-06-26T08:39:08.364926+09:00,월드컵공원,월드컵공원,POI106,KEY_2,419. 홈플러스 마포점 앞,ST-87,10,2,21,126.89942932,37.56842041
2026-06-26T08:39:08.364926+09:00,월드컵공원,월드컵공원,POI106,KEY_2,420. 서울시 공공자전거 상암센터,ST-85,92,34,37,126.8961792,37.56624603
2026-06-26T08:39:08.364926+09:00,월드컵공원,월드컵공원,POI106,KEY_2,440. 하늘공원 입구,ST-1754,93,14,15,126.88134766,37.57012177
2026-06-26T08:39:08.364926+09:00,월드컵공원,월드컵공원,POI106,KEY_2,418. 월드컵경기장역 3번출구 옆,ST-89,20,4,20,126.8992691,37.57277679
2026-06-26T08:39:08.364926+09:00,월드컵공원,월드컵공원,POI106,KEY_2,186. 월드컵공원,ST-344,80,32,40,126.89820862,37.56396484
2026-06-26T08:39:08.364926+09:00,월드컵공원,월드컵공원,POI106,KEY_2,3008.DMC역7번출구,ST-2166,10,1,10,126.89836121,37.57711411
2026-06-26T08:39:08.364926+09:00,응봉산,응봉산,POI107,KEY_3,569. 응봉현대아파트 정류소,ST-370,0,0,10,127.03024292,37.54958344
2026-06-26T08:39:08.364926+09:00,응봉산,응봉산,POI107,KEY_3,3511. 응봉역 1번출구,ST-1195,110,11,10,127.0351944,37.55130386
2026-06-26T08:39:08.364926+09:00,응봉산,응봉산,POI107,KEY_3,3525. 금호스포츠센터앞,ST-1599,153,23,15,127.02507019,37.54608917
2026-06-26T08:39:08.364926+09:00,청계산,청계산,POI112,KEY_4,2203. 청계산입구역 2번출구,ST-925,10,1,10,127.05501556,37.44765854
2026-06-26T08:39:08.364926+09:00,청계산,청계산,POI112,KEY_4,4338.새정이마을버스정류장 앞,ST-3216,80,4,5,127.06594849,37.43474579
2026-06-26T08:39:08.364926+09:00,가락시장,가락시장,POI058,KEY_2,2659.서울친환경유통센터,ST-2410,10,1,10,127.10492706,37.49420929
2026-06-26T08:39:08.364926+09:00,가락시장,가락시장,POI058,KEY_2,2658.가락몰 업무동,ST-2409,220,22,10,127.11569214,37.49535751
2026-06-26T08:39:08.364926+09:00,가락시장,가락시장,POI058,KEY_2,4480. 가락시장 남1문 사거리,ST-2591,27,4,15,127.11745453,37.49201584
2026-06-26T08:39:08.364926+09:00,가락시장,가락시장,POI058,KEY_2,4854. 가락시장역 2번 출구,ST-2606,10,1,10,127.11798859,37.492733
2026-06-26T08:39:08.364926+09:00,가로수길,가로수길,POI059,KEY_3,3606. 신사동주민센터 옆,ST-2673,90,9,10,127.02285004,37.52422714
2026-06-26T08:39:08.364926+09:00,가로수길,가로수길,POI059,KEY_3,2362. 신사동 가로수길 입구,ST-1171,50,5,10,127.02245331,37.51763535
2026-06-26T08:39:08.364926+09:00,가로수길,가로수길,POI059,KEY_3,4907. 극동스포츠 앞,ST-3078,360,18,5,127.02588654,37.5257225
2026-06-26T08:39:08.364926+09:00,가로수길,가로수길,POI059,KEY_3,4903. 신사스퀘어,ST-3066,30,3,10,127.0189743,37.51916885
2026-06-26T08:39:08.364926+09:00,김포공항,김포공항,POI061,KEY_1,3776. 김포공항사거리,ST-2484,170,17,10,126.80518341,37.5675354
2026-06-26T08:39:08.364926+09:00,김포공항,김포공항,POI061,KEY_1,5072. 김포공항입구 교통섬,ST-2947,120,12,10,126.80708313,37.56154633
2026-06-26T08:39:08.364926+09:00,남대문시장,남대문시장,POI115,KEY_2,324. 신세계백화점 본점 앞,ST-140,138,11,8,126.9805069,37.56134415
2026-06-26T08:39:08.364926+09:00,남대문시장,남대문시장,POI115,KEY_2,470.회현역 7번출구,ST-1776,8,1,13,126.98000336,37.55974579
2026-06-26T08:39:08.364926+09:00,남대문시장,남대문시장,POI115,KEY_2,4776. 신세계면세점,ST-2522,40,4,10,126.98139191,37.56027603
2026-06-26T08:39:08.364926+09:00,노량진,노량진,POI063,KEY_3,2003. 사육신공원앞,ST-877,130,13,10,126.94805908,37.51335907
2026-06-26T08:39:08.364926+09:00,노량진,노량진,POI063,KEY_3,2002. 노들역 1번출구,ST-683,188,32,17,126.95246887,37.51284409
2026-06-26T08:39:08.364926+09:00,노량진,노량진,POI063,KEY_3,2070. 노량진역 2번 출구 앞,ST-1545,111,20,18,126.94306946,37.51391983
2026-06-26T08:39:08.364926+09:00,노량진,노량진,POI063,KEY_3,2058. 동작경찰서,ST-1150,121,17,14,126.94352722,37.5135231
2026-06-26T08:39:08.364926+09:00,노량진,노량진,POI063,KEY_3,2050. 노량진역 5번출구,ST-699,87,13,15,126.93997192,37.51324844
2026-06-26T08:39:08.364926+09:00,덕수궁길·정동길,덕수궁길·정동길,POI064,KEY_4,391. 시립미술관,ST-977,200,16,8,126.97340393,37.56505203
2026-06-26T08:39:08.364926+09:00,덕수궁길·정동길,덕수궁길·정동길,POI064,KEY_4,300. 정동사거리,ST-116,33,2,6,126.96923065,37.56805038
2026-06-26T08:39:08.364926+09:00,덕수궁길·정동길,덕수궁길·정동길,POI064,KEY_4,6058. 시청역 2번출구,ST-3297,33,5,15,126.97702026,37.56557846
2026-06-26T08:39:08.364926+09:00,덕수궁길·정동길,덕수궁길·정동길,POI064,KEY_4,4715. 돈의문 박물관 마을,ST-2923,7,1,15,126.96955109,37.56883621
2026-06-26T08:39:08.364926+09:00,북촌한옥마을,북촌한옥마을,POI066,KEY_2,354. 포르투갈 대사관 앞,ST-170,0,0,10,126.98896027,37.57915497
2026-06-26T08:39:08.364926+09:00,북촌한옥마을,북촌한옥마을,POI066,KEY_2,464. 삼청동 골목,ST-1756,40,4,10,126.98169708,37.58419037
2026-06-26T08:39:08.364926+09:00,북촌한옥마을,북촌한옥마을,POI066,KEY_2,352. 중앙고입구 삼거리,ST-168,0,0,10,126.98523712,37.58341599
2026-06-26T08:39:08.364926+09:00,북촌한옥마을,북촌한옥마을,POI066,KEY_2,465. 삼청공원 앞,ST-1759,160,8,5,126.9835968,37.58760452
2026-06-26T08:39:08.364926+09:00,북촌한옥마을,북촌한옥마을,POI066,KEY_2,353. 재동초교 앞 삼거리,ST-169,88,7,8,126.9849472,37.57938766
2026-06-26T08:39:08.364926+09:00,북촌한옥마을,북촌한옥마을,POI066,KEY_2,451. 청와대앞길,ST-979,13,1,8,126.97966766,37.58351517
2026-06-26T08:39:08.364926+09:00,북촌한옥마을,북촌한옥마을,POI066,KEY_2,314. 국립현대미술관,ST-130,60,6,10,126.98085785,37.5797081
2026-06-26T08:39:08.364926+09:00,북촌한옥마을,북촌한옥마을,POI066,KEY_2,3407.안국동사거리(신),ST-1804,17,3,18,126.98339081,37.57580566
2026-06-26T08:39:08.364926+09:00,북촌한옥마을,북촌한옥마을,POI066,KEY_2,4705. 웰니스센터(민방위교육장 앞),ST-2565,83,5,6,126.98912811,37.57752991
2026-06-26T08:39:08.364926+09:00,북촌한옥마을,북촌한옥마을,POI066,KEY_2,4719. 종로문화원 건너편,ST-3090,100,15,15,126.9805069,37.57571411
2026-06-26T08:39:08.364926+09:00,서촌,서촌,POI067,KEY_3,450. 효자동 삼거리,ST-978,16,8,51,126.97254944,37.58360291
2026-06-26T08:39:08.364926+09:00,서촌,서촌,POI067,KEY_3,349. 어린이도서관,ST-165,0,0,5,126.96858978,37.57633209
2026-06-26T08:39:08.364926+09:00,서촌,서촌,POI067,KEY_3,4710. 자교교회 앞,ST-2473,50,4,8,126.97123718,37.58114624
2026-06-26T08:39:08.364926+09:00,서촌,서촌,POI067,KEY_3,4721. 통인시장 정자,ST-3354,25,2,8,126.96878815,37.58055878
2026-06-26T08:39:08.364926+09:00,성수카페거리,성수카페거리,POI068,KEY_4,587. 유니베라 앞,ST-482,90,9,10,127.05264282,37.54541779
2026-06-26T08:39:08.364926+09:00,성수카페거리,성수카페거리,POI068,KEY_4,513. 뚝섬역 5번 출구 정류소 옆,ST-111,54,7,13,127.04980469,37.54630661
2026-06-26T08:39:08.364926+09:00,성수카페거리,성수카페거리,POI068,KEY_4,514. 성수사거리 버스정류장 앞,ST-112,158,19,12,127.06330872,37.54257965
2026-06-26T08:39:08.364926+09:00,성수카페거리,성수카페거리,POI068,KEY_4,3548.뚝섬역 6번출구,ST-2330,180,18,10,127.04766846,37.54695892
2026-06-26T08:39:08.364926+09:00,성수카페거리,성수카페거리,POI068,KEY_4,4399. 더리브 세종타워 앞,ST-3326,86,6,7,127.0580368,37.54378128
2026-06-26T08:39:08.364926+09:00,성수카페거리,성수카페거리,POI068,KEY_4,4387. 성수역 1번출구 주변,ST-3121,25,2,8,127.05336761,37.54555893
2026-06-26T08:39:08.364926+09:00,성수카페거리,성수카페거리,POI068,KEY_4,4377. 우영테크노센터 앞,ST-3003,275,22,8,127.05971527,37.54332352
2026-06-26T08:39:08.364926+09:00,성수카페거리,성수카페거리,POI068,KEY_4,4398. 유원지식산업센터 앞,ST-3325,38,6,16,127.05593109,37.54436493
2026-06-26T08:39:08.364926+09:00,송리단길·호수단길,송리단길·호수단길,POI121,KEY_1,2639.석촌역 8번출구,ST-1866,89,16,18,127.10657501,37.50550461
2026-06-26T08:39:08.364926+09:00,송리단길·호수단길,송리단길·호수단길,POI121,KEY_1,4868. 석촌호수 서호 남단,ST-2833,10,1,10,127.10124207,37.50717163
2026-06-26T08:39:08.364926+09:00,신촌 스타광장,신촌 스타광장,POI122,KEY_2,128. 신촌역(2호선) 1번출구 옆,ST-30,37,7,19,126.93634033,37.55549622
2026-06-26T08:39:08.364926+09:00,신촌 스타광장,신촌 스타광장,POI122,KEY_2,3116.신촌역 4번출구,ST-2201,30,3,10,126.93720245,37.55550385
2026-06-26T08:39:08.364926+09:00,압구정로데오거리,압구정로데오거리,POI071,KEY_3,2365. K+ 타워 앞,ST-1174,20,3,15,127.03847504,37.52330017
2026-06-26T08:39:08.364926+09:00,압구정로데오거리,압구정로데오거리,POI071,KEY_3,2310. 청담동 맥도날드 옆(위치),ST-794,80,8,10,127.04017639,37.52361298
2026-06-26T08:39:08.364926+09:00,여의도,여의도,POI072,KEY_4,223. 진주아파트상가 앞,ST-69,5,1,20,126.9333725,37.51913071
2026-06-26T08:39:08.364926+09:00,여의도,여의도,POI072,KEY_4,224. 롯데캐슬 앞,ST-70,5,1,20,126.93236542,37.5200882
2026-06-26T08:39:08.364926+09:00,여의도,여의도,POI072,KEY_4,207. 여의나루역 1번출구 앞,ST-73,2,1,46,126.93190002,37.52715683
2026-06-26T08:39:08.364926+09:00,여의도,여의도,POI072,KEY_4,226. 샛강역 1번출구 앞,ST-72,58,11,19,126.92841339,37.51776505
2026-06-26T08:39:08.364926+09:00,여의도,여의도,POI072,KEY_4,222. 시범아파트버스정류장 옆,ST-68,92,11,12,126.93688965,37.51902008
2026-06-26T08:39:08.364926+09:00,여의도,여의도,POI072,KEY_4,270. 증권거래소후문교차로,ST-424,220,22,10,126.92710114,37.52234268
2026-06-26T08:39:08.364926+09:00,여의도,여의도,POI072,KEY_4,213. KT앞,ST-59,116,22,19,126.91895294,37.52190781
2026-06-26T08:39:08.364926+09:00,여의도,여의도,POI072,KEY_4,200. 국회의원회관,ST-45,41,9,22,126.91391754,37.52841568
2026-06-26T08:39:08.364926+09:00,여의도,여의도,POI072,KEY_4,204. 국회의사당역 5번출구 옆,ST-50,54,7,13,126.91702271,37.52816391
2026-06-26T08:39:08.364926+09:00,여의도,여의도,POI072,KEY_4,299.여의도 순복음교회,ST-1971,30,3,10,126.92245483,37.53179169
2026-06-26T08:39:08.364926+09:00,여의도,여의도,POI072,KEY_4,202. 국민일보 앞,ST-47,107,32,30,126.92453003,37.52881622
2026-06-26T08:39:08.364926+09:00,여의도,여의도,POI072,KEY_4,214. 금융감독원 앞,ST-60,190,40,21,126.9208374,37.5230217
2026-06-26T08:39:08.364926+09:00,여의도,여의도,POI072,KEY_4,217. NH농협은행 앞,ST-66,373,56,15,126.93036652,37.52207947
2026-06-26T08:39:08.364926+09:00,여의도,여의도,POI072,KEY_4,298.KBS 연구동 건너편,ST-1970,8,2,25,126.91374207,37.52724838
2026-06-26T08:39:08.364926+09:00,여의도,여의도,POI072,KEY_4,248. 초원아파트 앞,ST-296,40,4,10,126.92420959,37.53105545
2026-06-26T08:39:08.364926+09:00,여의도,여의도,POI072,KEY_4,221. 여의도초교 앞,ST-67,10,1,10,126.93778992,37.52267456
2026-06-26T08:39:08.364926+09:00,여의도,여의도,POI072,KEY_4,225. 앙카라공원 앞,ST-71,8,2,26,126.92961884,37.51758575
2026-06-26T08:39:08.364926+09:00,여의도,여의도,POI072,KEY_4,203. 국회의사당역 3번출구 옆,ST-51,33,5,15,126.91870117,37.5280571
2026-06-26T08:39:08.364926+09:00,여의도,여의도,POI072,KEY_4,297.국회3문,ST-1969,0,0,10,126.91267395,37.52863693
2026-06-26T08:39:08.364926+09:00,여의도,여의도,POI072,KEY_4,260. 여의도 마리나선착장 앞,ST-414,13,2,15,126.91216278,37.53365707
2026-06-26T08:39:08.364926+09:00,여의도,여의도,POI072,KEY_4,205. 산업은행 앞,ST-52,60,12,20,126.92050934,37.52626419
2026-06-26T08:39:08.364926+09:00,여의도,여의도,POI072,KEY_4,220. 미성아파트 A동 앞,ST-63,57,17,30,126.92604828,37.5193634
2026-06-26T08:39:08.364926+09:00,여의도,여의도,POI072,KEY_4,249. 여의도중학교 옆,ST-297,6,1,16,126.93580627,37.52457809
2026-06-26T08:39:08.364926+09:00,여의도,여의도,POI072,KEY_4,201. 진미파라곤 앞,ST-46,20,3,15,126.92133331,37.53123856
2026-06-26T08:39:08.364926+09:00,여의도,여의도,POI072,KEY_4,206. KBS 앞,ST-53,89,31,35,126.91802216,37.52466583
2026-06-26T08:39:08.364926+09:00,여의도,여의도,POI072,KEY_4,209. 유진투자증권빌딩 앞,ST-55,218,48,22,126.92783356,37.52461243
2026-06-26T08:39:08.364926+09:00,여의도,여의도,POI072,KEY_4,215. 여의도고교 앞,ST-64,10,1,10,126.93490601,37.52483749
2026-06-26T08:39:08.364926+09:00,여의도,여의도,POI072,KEY_4,219. 롯데캐슬엠파이어 옆,ST-62,108,13,12,126.92583466,37.52069473
2026-06-26T08:39:08.364926+09:00,여의도,여의도,POI072,KEY_4,271. 샛강생태공원방문자센터 앞,ST-425,20,2,10,126.9216156,37.51896286
2026-06-26T08:39:08.364926+09:00,여의도,여의도,POI072,KEY_4,4583. 의정관,ST-2647,33,4,12,126.91747284,37.53214645
2026-06-26T08:39:08.364926+09:00,여의도,여의도,POI072,KEY_4,5878. 우리은행 앞,ST-3315,390,78,20,126.92162323,37.52349091
2026-06-26T08:39:08.364926+09:00,여의도,여의도,POI072,KEY_4,4564. 63스퀘어,ST-2814,212,36,17,126.93965912,37.52070999
2026-06-26T08:39:08.364926+09:00,여의도,여의도,POI072,KEY_4,5892.국회의사당본관 좌측,ST-3383,57,4,7,126.91375732,37.53090286
2026-06-26T08:39:08.364926+09:00,여의도,여의도,POI072,KEY_4,4580. 국회제2의원회관,ST-2644,82,14,17,126.91316986,37.52974701
2026-06-26T08:39:08.364926+09:00,여의도,여의도,POI072,KEY_4,4585. 국회6문,ST-2694,17,1,6,126.91799164,37.53271866
2026-06-26T08:39:08.364926+09:00,여의도,여의도,POI072,KEY_4,4563. 여의도 은하아파트,ST-2813,50,5,10,126.93448639,37.51850891
2026-06-26T08:39:08.364926+09:00,여의도,여의도,POI072,KEY_4,5890.여의나루역 3번출구,ST-3401,0,0,11,126.93336487,37.52645493
2026-06-26T08:39:08.364926+09:00,여의도,여의도,POI072,KEY_4,5891.한강버스 여의도 선착장,ST-3402,250,75,30,126.93422699,37.52816391
2026-06-26T08:39:08.364926+09:00,여의도,여의도,POI072,KEY_4,4581. 국회소통관,ST-2645,8,1,12,126.9128952,37.53050232
2026-06-26T08:39:08.364926+09:00,여의도,여의도,POI072,KEY_4,5870. LG트윈타워 앞,ST-3239,135,27,20,126.93017578,37.52833176
2026-06-26T08:39:08.364926+09:00,여의도,여의도,POI072,KEY_4,5879. 국회도서관 2문 앞,ST-3318,25,2,8,126.91668701,37.53107071
2026-06-26T08:39:08.364926+09:00,여의도,여의도,POI072,KEY_4,5888.여의도성당,ST-3375,0,0,7,126.93920898,37.52164459
2026-06-26T08:39:08.364926+09:00,여의도,여의도,POI072,KEY_4,4589. KRX한국거래소(1),ST-2899,117,21,18,126.92759705,37.52338028
2026-06-26T08:39:08.364926+09:00,여의도,여의도,POI072,KEY_4,5889.의원회관출입구 앞,ST-3377,0,0,10,126.91479492,37.52985382
2026-06-26T08:39:08.364926+09:00,여의도,여의도,POI072,KEY_4,4584. 국회2문,ST-2648,0,0,9,126.91510773,37.52864075
2026-06-26T08:39:08.364926+09:00,여의도,여의도,POI072,KEY_4,4579. 국회의사당 본관,ST-2643,6,1,17,126.91404724,37.5325737
2026-06-26T08:39:08.364926+09:00,여의도,여의도,POI072,KEY_4,5853. 여의도역2번출구 앞,ST-3061,160,16,10,126.92271423,37.52243423
2026-06-26T08:39:08.364926+09:00,여의도,여의도,POI072,KEY_4,5880. 국회박물관,ST-3319,0,0,7,126.91945648,37.53183365
2026-06-26T08:39:08.364926+09:00,여의도,여의도,POI072,KEY_4,5893.한국산업은행,ST-3397,280,28,10,126.92175293,37.52814484
2026-06-26T08:39:08.364926+09:00,여의도,여의도,POI072,KEY_4,5859. 여의도 삼부아파트,ST-3160,30,3,10,126.93045807,37.52539444
2026-06-26T08:39:08.364926+09:00,여의도,여의도,POI072,KEY_4,4582. 국회도서관,ST-2646,0,0,12,126.91817474,37.53054047
2026-06-26T08:39:08.364926+09:00,여의도,여의도,POI072,KEY_4,5897.여의도공작아파트,ST-3426,30,3,10,126.92987061,37.52595139
2026-06-26T08:39:08.364926+09:00,연남동,연남동,POI073,KEY_1,107. 수협 연남동지점,ST-9,190,19,10,126.91871643,37.55784607
2026-06-26T08:39:08.364926+09:00,연남동,연남동,POI073,KEY_1,4233. 코오롱아파트사거리,ST-2979,140,14,10,126.92149353,37.56306458
2026-06-26T08:39:08.364926+09:00,영등포 타임스퀘어,영등포 타임스퀘어,POI074,KEY_2,284. 센트럴 푸르지오 시티 앞,ST-1650,113,18,16,126.90222931,37.51821136
2026-06-26T08:39:08.364926+09:00,영등포 타임스퀘어,영등포 타임스퀘어,POI074,KEY_2,3219.영등포역 1번출구,ST-1990,270,27,10,126.9077301,37.5148468
2026-06-26T08:39:08.364926+09:00,영등포 타임스퀘어,영등포 타임스퀘어,POI074,KEY_2,5858. 영등포역5번출구,ST-3142,70,7,10,126.90807343,37.51669312
2026-06-26T08:39:08.364926+09:00,영등포 타임스퀘어,영등포 타임스퀘어,POI074,KEY_2,4565. 영등포 신세계백화점,ST-2815,210,21,10,126.90364838,37.51803589
2026-06-26T08:39:08.364926+09:00,영등포 타임스퀘어,영등포 타임스퀘어,POI074,KEY_2,5868. 로프트시티오피스텔,ST-3238,133,8,6,126.90843201,37.51906204
2026-06-26T08:39:08.364926+09:00,용리단길,용리단길,POI076,KEY_3,817. 삼각지역 4번출구 앞,ST-436,33,3,9,126.97173309,37.53345108
2026-06-26T08:39:08.364926+09:00,용리단길,용리단길,POI076,KEY_3,816. 신용산역 6번출구 앞,ST-435,20,5,25,126.96848297,37.53014755
2026-06-26T08:39:08.364926+09:00,이태원 앤틱가구거리,이태원 앤틱가구거리,POI077,KEY_4,4634. 이태원역 3번 출구,ST-3056,20,1,5,126.99497223,37.5343895
2026-06-26T08:39:08.364926+09:00,이태원 앤틱가구거리,이태원 앤틱가구거리,POI077,KEY_4,4615. 크라운호텔앞 버스정류소,ST-2446,257,18,7,126.99137878,37.53030014
2026-06-26T08:39:08.364926+09:00,익선동,익선동,POI116,KEY_1,334. 종로3가역 2번출구 뒤,ST-150,10,1,10,126.99179077,37.5705986
2026-06-26T08:39:08.364926+09:00,익선동,익선동,POI116,KEY_1,327. 낙원상가 옆,ST-143,20,2,10,126.9874649,37.57335663
2026-06-26T08:39:08.364926+09:00,익선동,익선동,POI116,KEY_1,328. 탑골공원 앞,ST-144,18,2,11,126.9881897,37.57039642
2026-06-26T08:39:08.364926+09:00,익선동,익선동,POI116,KEY_1,3410.종로3가역 8번출구,ST-1807,20,2,10,126.99188995,37.5724678
2026-06-26T08:39:08.364926+09:00,익선동,익선동,POI116,KEY_1,4713. 현대 뜨레비앙 아파트 앞,ST-2623,29,2,7,126.99062347,37.57528305
2026-06-26T08:39:08.364926+09:00,인사동,인사동,POI078,KEY_2,326. 안국역 5번출구 앞,ST-142,13,2,15,126.98616028,37.57624054
2026-06-26T08:39:08.364926+09:00,인사동,인사동,POI078,KEY_2,327. 낙원상가 옆,ST-143,20,2,10,126.9874649,37.57335663
2026-06-26T08:39:08.364926+09:00,인사동,인사동,POI078,KEY_2,454. 종로2가 버스정류장 (종각방향),ST-1607,15,2,13,126.98638153,37.57035828
2026-06-26T08:39:08.364926+09:00,인사동,인사동,POI078,KEY_2,3408.종로타워빌딩,ST-1805,8,1,13,126.98323822,37.57070541
2026-06-26T08:39:08.364926+09:00,창동 신경제 중심지,창동 신경제 중심지,POI079,KEY_4,1756.서울북부광역등기국,ST-2101,50,5,10,127.04431915,37.65148544
2026-06-26T08:39:08.364926+09:00,창동 신경제 중심지,창동 신경제 중심지,POI079,KEY_4,1722. 창동청소년수련관,ST-1292,0,0,15,127.05004883,37.65779877
2026-06-26T08:39:08.364926+09:00,창동 신경제 중심지,창동 신경제 중심지,POI079,KEY_4,1662. 노원역7번출구,ST-1279,100,20,20,127.05921173,37.65421677
2026-06-26T08:39:08.364926+09:00,창동 신경제 중심지,창동 신경제 중심지,POI079,KEY_4,1674. 서울북부고용센터앞,ST-1291,80,12,15,127.05808258,37.65354919
2026-06-26T08:39:08.364926+09:00,창동 신경제 중심지,창동 신경제 중심지,POI079,KEY_4,1690. 도봉운전면허시험장 버스정류장 옆,ST-1641,30,3,10,127.05931091,37.6577301
2026-06-26T08:39:08.364926+09:00,창동 신경제 중심지,창동 신경제 중심지,POI079,KEY_4,1686. 상계주공10단지 종합상가 앞,ST-1476,0,0,15,127.05805206,37.66114044
2026-06-26T08:39:08.364926+09:00,창동 신경제 중심지,창동 신경제 중심지,POI079,KEY_4,1637. KT 전화국 버스정류장 옆,ST-611,22,2,9,127.06372833,37.6546669
2026-06-26T08:39:08.364926+09:00,창동 신경제 중심지,창동 신경제 중심지,POI079,KEY_4,1657. 노원구청,ST-1125,130,26,20,127.05732727,37.65404892
2026-06-26T08:39:08.364926+09:00,창동 신경제 중심지,창동 신경제 중심지,POI079,KEY_4,1653. 노원역1번출구,ST-1121,70,7,10,127.06362152,37.65620041
2026-06-26T08:39:08.364926+09:00,창동 신경제 중심지,창동 신경제 중심지,POI079,KEY_4,1716. 창동역 1번출구 건너편,ST-1132,188,15,8,127.05072784,37.65420151
2026-06-26T08:39:08.364926+09:00,창동 신경제 중심지,창동 신경제 중심지,POI079,KEY_4,1775.신원리베르텔 앞,ST-2120,40,6,15,127.04554749,37.65128708
2026-06-26T08:39:08.364926+09:00,창동 신경제 중심지,창동 신경제 중심지,POI079,KEY_4,4098.창동역 1번출구 인근,ST-3430,238,19,8,127.04838562,37.65290833
2026-06-26T08:39:08.364926+09:00,창동 신경제 중심지,창동 신경제 중심지,POI079,KEY_4,4096.창동역2번출구 하나은행365 앞,ST-3368,475,38,8,127.04550171,37.65283585
2026-06-26T08:39:08.364926+09:00,창동 신경제 중심지,창동 신경제 중심지,POI079,KEY_4,5333. 노원역9번-10번 출구 앞,ST-3288,360,36,10,127.063591,37.65655518
2026-06-26T08:39:08.364926+09:00,창동 신경제 중심지,창동 신경제 중심지,POI079,KEY_4,5311. 주공601동 상가 노원지하보도 앞,ST-3116,120,6,5,127.06147766,37.65190125
2026-06-26T08:39:08.364926+09:00,청량리 제기동 일대 전통시장,청량리 제기동 일대 전통시장,POI081,KEY_2,676.FITI시험연구원 앞,ST-2276,78,7,9,127.03547668,37.58143234
2026-06-26T08:39:08.364926+09:00,청량리 제기동 일대 전통시장,청량리 제기동 일대 전통시장,POI081,KEY_2,633. 청량리 기업은행 앞,ST-400,238,19,8,127.04472351,37.58049774
2026-06-26T08:39:08.364926+09:00,청량리 제기동 일대 전통시장,청량리 제기동 일대 전통시장,POI081,KEY_2,640. 동대문경찰서 교차로,ST-407,83,5,6,127.04460144,37.58255005
2026-06-26T08:39:08.364926+09:00,청량리 제기동 일대 전통시장,청량리 제기동 일대 전통시장,POI081,KEY_2,4134. 제기동 현대아파트 앞,ST-3206,60,6,10,127.0353241,37.57994843
2026-06-26T08:39:08.364926+09:00,청량리 제기동 일대 전통시장,청량리 제기동 일대 전통시장,POI081,KEY_2,4147.청량리역광장,ST-3405,29,10,35,127.04673767,37.58024597
2026-06-26T08:39:08.364926+09:00,청량리 제기동 일대 전통시장,청량리 제기동 일대 전통시장,POI081,KEY_2,4149.제기동역 5번출구,ST-3428,114,8,7,127.03381348,37.5779953
2026-06-26T08:39:08.364926+09:00,DDP(동대문디자인플라자),DDP(동대문디자인플라자),POI083,KEY_4,475.DDP 패션몰,ST-1781,119,25,21,127.0118103,37.56764984
2026-06-26T08:39:08.364926+09:00,DDP(동대문디자인플라자),DDP(동대문디자인플라자),POI083,KEY_4,347. 동대문역사문화공원역 9번출구 앞,ST-163,22,4,18,127.00784302,37.56533051
2026-06-26T08:39:08.364926+09:00,DDP(동대문디자인플라자),DDP(동대문디자인플라자),POI083,KEY_4,474.동대문역사문화공원역 1번출구 뒤편,ST-1780,65,26,40,127.00849152,37.56629944
2026-06-26T08:39:08.364926+09:00,DDP(동대문디자인플라자),DDP(동대문디자인플라자),POI083,KEY_4,4765. 동대문디자인플라자,ST-2431,65,13,20,127.00946045,37.5683136
2026-06-26T08:39:08.364926+09:00,DMC(디지털미디어시티),DMC(디지털미디어시티),POI084,KEY_1,411. DMC홍보관,ST-90,70,7,10,126.89147186,37.5779953
2026-06-26T08:39:08.364926+09:00,DMC(디지털미디어시티),DMC(디지털미디어시티),POI084,KEY_1,408. LG CNS앞,ST-84,93,13,14,126.88665009,37.58081055
2026-06-26T08:39:08.364926+09:00,DMC(디지털미디어시티),DMC(디지털미디어시티),POI084,KEY_1,405. DMC빌 앞,ST-80,63,5,8,126.88578796,37.58265686
2026-06-26T08:39:08.364926+09:00,DMC(디지털미디어시티),DMC(디지털미디어시티),POI084,KEY_1,415. DMC역 9번출구 앞,ST-95,10,1,10,126.89736176,37.57746887
2026-06-26T08:39:08.364926+09:00,DMC(디지털미디어시티),DMC(디지털미디어시티),POI084,KEY_1,489.구룡근린공원,ST-2148,80,8,10,126.88276672,37.58320236
2026-06-26T08:39:08.364926+09:00,DMC(디지털미디어시티),DMC(디지털미디어시티),POI084,KEY_1,409. 누리꿈스퀘어 옆,ST-86,97,29,30,126.88916016,37.57939911
2026-06-26T08:39:08.364926+09:00,DMC(디지털미디어시티),DMC(디지털미디어시티),POI084,KEY_1,412. DMC산학협력연구센터 앞,ST-91,29,6,21,126.89079285,37.57565689
2026-06-26T08:39:08.364926+09:00,DMC(디지털미디어시티),DMC(디지털미디어시티),POI084,KEY_1,414. 상암동주민센터 옆,ST-94,25,2,8,126.89447021,37.57822037
2026-06-26T08:39:08.364926+09:00,DMC(디지털미디어시티),DMC(디지털미디어시티),POI084,KEY_1,425. DMC첨단산업센터,ST-991,50,5,10,126.88559723,37.58450317
2026-06-26T08:39:08.364926+09:00,DMC(디지털미디어시티),DMC(디지털미디어시티),POI084,KEY_1,417. DMC역 2번출구 옆,ST-93,10,2,20,126.8999176,37.57506943
2026-06-26T08:39:08.364926+09:00,DMC(디지털미디어시티),DMC(디지털미디어시티),POI084,KEY_1,490.가온문화공원,ST-2149,61,14,23,126.88766479,37.58207703
2026-06-26T08:39:08.364926+09:00,DMC(디지털미디어시티),DMC(디지털미디어시티),POI084,KEY_1,3007.MBC 앞,ST-2165,110,11,10,126.89044952,37.58198166
2026-06-26T08:39:08.364926+09:00,DMC(디지털미디어시티),DMC(디지털미디어시티),POI084,KEY_1,3008.DMC역7번출구,ST-2166,10,1,10,126.89836121,37.57711411
2026-06-26T08:39:08.364926+09:00,DMC(디지털미디어시티),DMC(디지털미디어시티),POI084,KEY_1,4238. 상암한샘빌딩앞,ST-2981,57,4,7,126.89867401,37.57649231
2026-06-26T08:39:08.364926+09:00,DMC(디지털미디어시티),DMC(디지털미디어시티),POI084,KEY_1,4214. JTBC 앞,ST-2537,70,7,10,126.8901825,37.57730484
2026-06-26T08:39:08.364926+09:00,DMC(디지털미디어시티),DMC(디지털미디어시티),POI084,KEY_1,4218. 디지털매직스페이스,ST-2974,92,12,13,126.88957977,37.58119965
2026-06-26T08:39:08.364926+09:00,가산디지털단지역,가산디지털단지역,POI013,KEY_2,1805. 서울디지털운동장 앞,ST-620,80,8,10,126.87776947,37.48228836
2026-06-26T08:39:08.364926+09:00,가산디지털단지역,가산디지털단지역,POI013,KEY_2,1835. STX V타워,ST-641,40,4,10,126.88442993,37.47706985
2026-06-26T08:39:08.364926+09:00,가산디지털단지역,가산디지털단지역,POI013,KEY_2,1851. 가산디지털단지 9번출구 인근,ST-1403,90,9,10,126.88148499,37.48123169
2026-06-26T08:39:08.364926+09:00,가산디지털단지역,가산디지털단지역,POI013,KEY_2,1850. 코오롱테크노밸리,ST-1277,60,6,10,126.8863678,37.48015976
2026-06-26T08:39:08.364926+09:00,가산디지털단지역,가산디지털단지역,POI013,KEY_2,1806. 에이스하이엔드타워9차 앞,ST-621,270,27,10,126.87863922,37.48621368
2026-06-26T08:39:08.364926+09:00,가산디지털단지역,가산디지털단지역,POI013,KEY_2,1839. 수출의 다리 아래,ST-1140,110,22,20,126.88615417,37.47743607
2026-06-26T08:39:08.364926+09:00,가산디지털단지역,가산디지털단지역,POI013,KEY_2,1834. 월드메르디앙 벤처센터 2차,ST-640,290,29,10,126.87904358,37.47908401
2026-06-26T08:39:08.364926+09:00,가산디지털단지역,가산디지털단지역,POI013,KEY_2,1812. 갑을그레이트밸리 앞,ST-624,300,30,10,126.88729858,37.47903061
2026-06-26T08:39:08.364926+09:00,가산디지털단지역,가산디지털단지역,POI013,KEY_2,1849. 대륭포스트타워5차,ST-1276,120,12,10,126.88694,37.48135376
2026-06-26T08:39:08.364926+09:00,가산디지털단지역,가산디지털단지역,POI013,KEY_2,1867.대륭포스트타워6차 앞,ST-1938,280,84,30,126.8841629,37.48101044
2026-06-26T08:39:08.364926+09:00,가산디지털단지역,가산디지털단지역,POI013,KEY_2,3985. 디폴리스 지식산업센터,ST-2964,75,15,20,126.87680054,37.48017502
2026-06-26T08:39:08.364926+09:00,가산디지털단지역,가산디지털단지역,POI013,KEY_2,3984. 가산롯데아이티캐슬,ST-2999,420,21,5,126.88083649,37.47636795
2026-06-26T08:39:08.364926+09:00,가산디지털단지역,가산디지털단지역,POI013,KEY_2,3989.가산디지털단지역 9번출구 앞,ST-3396,200,20,10,126.88175964,37.48055267
2026-06-26T08:39:08.364926+09:00,강남역,강남역,POI014,KEY_3,2421. 신논현역 4번출구,ST-1887,20,3,15,127.02579498,37.504673
2026-06-26T08:39:08.364926+09:00,강남역,강남역,POI014,KEY_3,3628. 역삼1동 주민센터,ST-2689,100,10,10,127.03302765,37.49521255
2026-06-26T08:39:08.364926+09:00,강남역,강남역,POI014,KEY_3,2407. 역삼서초삼성 세무서 앞 (역삼빌딩 앞),ST-1577,70,7,10,127.03011322,37.49847031
2026-06-26T08:39:08.364926+09:00,강남역,강남역,POI014,KEY_3,2505. 우성아파트사거리 (기업은행앞),ST-1556,217,26,12,127.0295105,37.49330521
2026-06-26T08:39:08.364926+09:00,강남역,강남역,POI014,KEY_3,4349.삼성화재서초타워,ST-3361,183,11,6,127.02896118,37.49446869
2026-06-26T08:39:08.364926+09:00,건대입구역,건대입구역,POI015,KEY_4,501. 광진문화예술회관 앞,ST-98,70,21,30,127.07035065,37.53730774
2026-06-26T08:39:08.364926+09:00,건대입구역,건대입구역,POI015,KEY_4,3533. 건대입구역 사거리(롯데백화점),ST-1660,380,38,10,127.07078552,37.5392952
2026-06-26T08:39:08.364926+09:00,건대입구역,건대입구역,POI015,KEY_4,3534. 건대입구역 5번출구 뒤,ST-1661,10,1,10,127.06956482,37.54008102
2026-06-26T08:39:08.364926+09:00,고덕역,고덕역,POI016,KEY_1,1036. 고덕동 주양쇼핑,ST-1053,20,2,10,127.15331268,37.55199051
2026-06-26T08:39:08.364926+09:00,고덕역,고덕역,POI016,KEY_1,1072.고덕역 5번출구,ST-1833,23,5,22,127.15372467,37.55486298
2026-06-26T08:39:08.364926+09:00,고덕역,고덕역,POI016,KEY_1,1068.명일파출소,ST-1767,130,13,10,127.15622711,37.5536499
2026-06-26T08:39:08.364926+09:00,교대역,교대역,POI018,KEY_3,2239.교대역 6번출구,ST-765,180,18,10,127.01378632,37.49421692
2026-06-26T08:39:08.364926+09:00,교대역,교대역,POI018,KEY_3,2279. 교대역 5번출구뒤,ST-1305,63,5,8,127.01418304,37.49361801
2026-06-26T08:39:08.364926+09:00,구로디지털단지역,구로디지털단지역,POI019,KEY_4,2110. 조원동 미성아파트,ST-950,78,7,9,126.90203094,37.48319244
2026-06-26T08:39:08.364926+09:00,구로디지털단지역,구로디지털단지역,POI019,KEY_4,1962. 가리봉동주민센터,ST-1224,187,28,15,126.89279938,37.48160172
2026-06-26T08:39:08.364926+09:00,구로디지털단지역,구로디지털단지역,POI019,KEY_4,1911. 구로디지털단지역 앞,ST-668,189,34,18,126.90132141,37.48493958
2026-06-26T08:39:08.364926+09:00,구로디지털단지역,구로디지털단지역,POI019,KEY_4,2801. 대륭포스트타워1차,ST-1753,90,27,30,126.89542389,37.48437119
2026-06-26T08:39:08.364926+09:00,구로디지털단지역,구로디지털단지역,POI019,KEY_4,1955. 디지털입구 교차로,ST-936,110,11,10,126.90103912,37.48288345
2026-06-26T08:39:08.364926+09:00,구로디지털단지역,구로디지털단지역,POI019,KEY_4,1986. 태평양물산,ST-1521,353,53,15,126.89518738,37.48485947
2026-06-26T08:39:08.364926+09:00,구로역,구로역,POI020,KEY_1,1946. 구로역 광장,ST-873,270,27,10,126.88038635,37.50311661
2026-06-26T08:39:08.364926+09:00,구로역,구로역,POI020,KEY_1,3919. 구로역·NC신구로점 버스정류장(구로역 방면),ST-3013,114,16,14,126.88237,37.50096512
2026-06-26T08:39:08.364926+09:00,군자역,군자역,POI021,KEY_2,540. 군자역 7번출구 베스트샵 앞,ST-253,13,1,8,127.0786438,37.55603027
2026-06-26T08:39:08.364926+09:00,군자역,군자역,POI021,KEY_2,3586.군자역 비채온 오피스텔,ST-2325,0,0,8,127.07727051,37.55771255
2026-06-26T08:39:08.364926+09:00,군자역,군자역,POI021,KEY_2,3500. 군자역2번출구,ST-983,71,5,7,127.07969666,37.55758667
2026-06-26T08:39:08.364926+09:00,군자역,군자역,POI021,KEY_2,3518. 군자역 7번출구뒤,ST-1263,0,0,8,127.07913971,37.55686188
2026-06-26T08:39:08.364926+09:00,대림역,대림역,POI023,KEY_3,286. 우성아파트 교차로,ST-1652,125,15,12,126.89974976,37.49457169
2026-06-26T08:39:08.364926+09:00,대림역,대림역,POI023,KEY_3,1914. 대림역4번출구,ST-918,120,12,10,126.89444733,37.49440384
2026-06-26T08:39:08.364926+09:00,대림역,대림역,POI023,KEY_3,1975. 대림역 1번 출입구 밑,ST-1237,130,13,10,126.8947525,37.49256516
2026-06-26T08:39:08.364926+09:00,동대문역,동대문역,POI024,KEY_4,457. 종로꽃시장 입구 옆,ST-1610,70,7,10,127.00720978,37.57131958
2026-06-26T08:39:08.364926+09:00,동대문역,동대문역,POI024,KEY_4,393. 동대문역 8번 출구,ST-1372,100,12,12,127.00937653,37.57014084
2026-06-26T08:39:08.364926+09:00,동대문역,동대문역,POI024,KEY_4,3415.동대문역6번출구,ST-1812,87,13,15,127.0107193,37.57147217
2026-06-26T08:39:08.364926+09:00,미아사거리역,미아사거리역,POI026,KEY_2,1546. 송천동우체국,ST-1665,30,3,10,127.02970123,37.61545944
2026-06-26T08:39:08.364926+09:00,미아사거리역,미아사거리역,POI026,KEY_2,1531. 미아사거리 1번 출구,ST-1105,280,28,10,127.03025055,37.61395645
2026-06-26T08:39:08.364926+09:00,미아사거리역,미아사거리역,POI026,KEY_2,1574.송중초등학교 옆,ST-2405,88,7,8,127.03049469,37.61669922
2026-06-26T08:39:08.364926+09:00,미아사거리역,미아사거리역,POI026,KEY_2,4423.현대백화점 미아점,ST-3203,150,15,10,127.02845764,37.60884857
2026-06-26T08:39:08.364926+09:00,발산역,발산역,POI027,KEY_3,1197. 엠펠리체 호텔 건너편,ST-1714,20,4,20,126.83546448,37.56026077
2026-06-26T08:39:08.364926+09:00,발산역,발산역,POI027,KEY_3,1124. 발산역 6번 출구 뒤,ST-522,17,1,6,126.8384552,37.55817795
2026-06-26T08:39:08.364926+09:00,발산역,발산역,POI027,KEY_3,1117. 등촌5단지아파트 버스정류장,ST-834,10,1,10,126.84426117,37.55819702
2026-06-26T08:39:08.364926+09:00,발산역,발산역,POI027,KEY_3,"1153. 발산역 1번, 9번 인근 대여소",ST-1065,0,0,32,126.83717346,37.55894852
2026-06-26T08:39:08.364926+09:00,발산역,발산역,POI027,KEY_3,3759. 이대서울병원,ST-2569,196,49,25,126.83559418,37.5586319
2026-06-26T08:39:08.364926+09:00,발산역,발산역,POI027,KEY_3,3760. 발산역 8번 출구,ST-2538,29,5,17,126.83676147,37.55846024
2026-06-26T08:39:08.364926+09:00,발산역,발산역,POI027,KEY_3,2730.마곡메가박스 앞,ST-2047,17,5,30,126.83495331,37.55912781
2026-06-26T08:39:08.364926+09:00,발산역,발산역,POI027,KEY_3,2721.등촌1-10단지 교차로,ST-2037,17,2,12,126.8393631,37.56320572
2026-06-26T08:39:08.364926+09:00,발산역,발산역,POI027,KEY_3,3764. 관문주유소(GS칼택스) 앞,ST-2613,0,0,10,126.84183502,37.55802917
2026-06-26T08:39:08.364926+09:00,발산역,발산역,POI027,KEY_3,2717.LG유플러스 마곡사옥,ST-2033,147,91,62,126.83390045,37.56133652
2026-06-26T08:39:08.364926+09:00,발산역,발산역,POI027,KEY_3,2723.마곡 필네이처,ST-2040,54,7,13,126.83669281,37.56089401
2026-06-26T08:39:08.364926+09:00,발산역,발산역,POI027,KEY_3,5061. 우장산동 가곡어린이공원앞,ST-2888,0,0,10,126.83751678,37.55545425
2026-06-26T08:39:08.364926+09:00,발산역,발산역,POI027,KEY_3,5095. 원당근린공원,ST-3226,7,1,14,126.84147644,37.55947495
2026-06-26T08:39:08.364926+09:00,사당역,사당역,POI029,KEY_4,2104. 사당역 5번출구,ST-712,92,12,13,126.98133087,37.47608948
2026-06-26T08:39:08.364926+09:00,사당역,사당역,POI029,KEY_4,2222.사당역 12번출구 뒤,ST-753,260,26,10,126.98203278,37.47806931
2026-06-26T08:39:08.364926+09:00,사당역,사당역,POI029,KEY_4,2089.사당역10번출구(금강빌딩),ST-2362,200,20,10,126.98150635,37.4791069
2026-06-26T08:39:08.364926+09:00,사당역,사당역,POI029,KEY_4,2034. 사당역 7번출구쪽,ST-924,68,13,19,126.98057556,37.47689056
2026-06-26T08:39:08.364926+09:00,삼각지역,삼각지역,POI030,KEY_1,848. 삼각지12번 출구,ST-2172,88,7,8,126.97562408,37.53488922
2026-06-26T08:39:08.364926+09:00,삼각지역,삼각지역,POI030,KEY_1,849. 삼각지 자이아파트,ST-2173,75,15,20,126.97341919,37.53607941
2026-06-26T08:39:08.364926+09:00,삼각지역,삼각지역,POI030,KEY_1,4620. 삼각지역 14번 출구 앞(교통섬),ST-2451,213,17,8,126.97408295,37.53528595
2026-06-26T08:39:08.364926+09:00,서울대입구역,서울대입구역,POI031,KEY_2,2111. 서울대입구역 1번출구,ST-965,130,13,10,126.95331573,37.48086929
2026-06-26T08:39:08.364926+09:00,서울대입구역,서울대입구역,POI031,KEY_2,2116. 에이스에이존빌딩,ST-717,44,4,9,126.95082855,37.48170471
2026-06-26T08:39:08.364926+09:00,서울대입구역,서울대입구역,POI031,KEY_2,3311.서울대입구역 4번 출구,ST-2394,67,8,12,126.95157623,37.48122025
2026-06-26T08:39:08.364926+09:00,서울대입구역,서울대입구역,POI031,KEY_2,2128. 관악구청교차로,ST-720,17,2,12,126.95265198,37.47949982
2026-06-26T08:39:08.364926+09:00,서울대입구역,서울대입구역,POI031,KEY_2,2171. 서울대입구역 5번출구,ST-1337,88,15,17,126.95200348,37.48154831
2026-06-26T08:39:08.364926+09:00,서울대입구역,서울대입구역,POI031,KEY_2,2112. 서울대입구역 마에스트로,ST-715,33,5,15,126.95064545,37.4813385
2026-06-26T08:39:08.364926+09:00,서울식물원·마곡나루역,서울식물원·마곡나루역,POI032,KEY_3,2727.서울식물원 잔디마당 앞,ST-2044,276,69,25,126.8306427,37.5639267
2026-06-26T08:39:08.364926+09:00,서울식물원·마곡나루역,서울식물원·마곡나루역,POI032,KEY_3,2701. 마곡나루역 5번출구 뒤편,ST-1718,104,27,26,126.82731628,37.56520081
2026-06-26T08:39:08.364926+09:00,서울식물원·마곡나루역,서울식물원·마곡나루역,POI032,KEY_3,2725.서울식물원 식물문화센터,ST-2042,50,10,20,126.83563232,37.56883621
2026-06-26T08:39:08.364926+09:00,서울식물원·마곡나루역,서울식물원·마곡나루역,POI032,KEY_3,2715.마곡나루역 2번 출구,ST-2031,192,48,25,126.82743835,37.56692505
2026-06-26T08:39:08.364926+09:00,서울식물원·마곡나루역,서울식물원·마곡나루역,POI032,KEY_3,2728.마곡나루역 3번 출구,ST-2045,120,78,65,126.82807922,37.56580353
2026-06-26T08:39:08.364926+09:00,서울식물원·마곡나루역,서울식물원·마곡나루역,POI032,KEY_3,5098. LG사이언스파크 W4동,ST-3261,110,22,20,126.82978821,37.56403732
2026-06-26T08:39:08.364926+09:00,서울식물원·마곡나루역,서울식물원·마곡나루역,POI032,KEY_3,5097. LG사이언스파크 E2동,ST-3259,125,50,40,126.83208466,37.56381607
2026-06-26T08:39:08.364926+09:00,서울식물원·마곡나루역,서울식물원·마곡나루역,POI032,KEY_3,6177. 마곡롯데캐슬르웨스트,ST-3324,120,12,10,126.82462311,37.56356049
2026-06-26T08:39:08.364926+09:00,서울식물원·마곡나루역,서울식물원·마곡나루역,POI032,KEY_3,6190.마곡광장(마곡나루역 6번출구),ST-3421,300,30,10,126.82738495,37.56614685
2026-06-26T08:39:08.364926+09:00,서울역,서울역,POI033,KEY_4,379. 서울역9번출구,ST-194,120,12,10,126.97330475,37.55580521
2026-06-26T08:39:08.364926+09:00,서울역,서울역,POI033,KEY_4,435. SK 남산빌딩,ST-1670,70,7,10,126.97561646,37.55686188
2026-06-26T08:39:08.364926+09:00,서울역,서울역,POI033,KEY_4,485.서울역5번출구,ST-1791,220,22,10,126.97319794,37.55677032
2026-06-26T08:39:08.364926+09:00,서울역,서울역,POI033,KEY_4,6062.서울역파출소,ST-3413,110,11,10,126.97183228,37.55709457
2026-06-26T08:39:08.364926+09:00,서울역,서울역,POI033,KEY_4,4794. 서울역 서부교차로(3),ST-2786,100,8,8,126.96942139,37.55540848
2026-06-26T08:39:08.364926+09:00,서울역,서울역,POI033,KEY_4,4760. 서울역 7번출구,ST-2430,30,3,10,126.97364044,37.55664444
2026-06-26T08:39:08.364926+09:00,선릉역,선릉역,POI034,KEY_1,2328. 르네상스 호텔 사거리 역삼지하보도 7번출구 앞,ST-811,180,18,10,127.04273224,37.50321198
2026-06-26T08:39:08.364926+09:00,선릉역,선릉역,POI034,KEY_1,2369. KT선릉타워,ST-1178,70,14,20,127.0528717,37.50542831
2026-06-26T08:39:08.364926+09:00,선릉역,선릉역,POI034,KEY_1,2319. 포스코사거리 서측(수협 삼성동 지점),ST-802,90,9,10,127.05467987,37.50660706
2026-06-26T08:39:08.364926+09:00,선릉역,선릉역,POI034,KEY_1,2332. 선릉역3번출구,ST-815,38,3,8,127.04903412,37.50410461
2026-06-26T08:39:08.364926+09:00,선릉역,선릉역,POI034,KEY_1,2329. 르네상스호텔사거리 역삼지하보도 2번출구,ST-812,10,1,10,127.04319,37.50235748
2026-06-26T08:39:08.364926+09:00,성신여대입구역,성신여대입구역,POI035,KEY_2,1384.성신여대입구역 5번출구,ST-2225,138,18,13,127.01628876,37.59282684
2026-06-26T08:39:08.364926+09:00,성신여대입구역,성신여대입구역,POI035,KEY_2,1385.성신여대입구역 3번출구 앞,ST-2226,310,31,10,127.01628876,37.59236526
2026-06-26T08:39:08.364926+09:00,성신여대입구역,성신여대입구역,POI035,KEY_2,1337. 돈암성당 옆,ST-1201,123,16,13,127.01716614,37.59039307
2026-06-26T08:39:08.364926+09:00,수유역,수유역,POI036,KEY_3,1512. 강북중학교 앞,ST-862,55,11,20,127.02656555,37.64473724
2026-06-26T08:39:08.364926+09:00,수유역,수유역,POI036,KEY_3,1520. 수유중앙시장,ST-650,114,8,7,127.022789,37.63986206
2026-06-26T08:39:08.364926+09:00,수유역,수유역,POI036,KEY_3,1503. 강북구청사거리(수유역 8번출구),ST-643,107,15,14,127.02672577,37.63926315
2026-06-26T08:39:08.364926+09:00,수유역,수유역,POI036,KEY_3,1552. 강북구청사거리,ST-2125,25,2,8,127.02723694,37.63920212
2026-06-26T08:39:08.364926+09:00,수유역,수유역,POI036,KEY_3,1569.수유역2번출구,ST-2137,100,10,10,127.02590179,37.63796997
2026-06-26T08:39:08.364926+09:00,수유역,수유역,POI036,KEY_3,1530. 광산사거리,ST-1104,69,9,13,127.0223465,37.64355087
2026-06-26T08:39:08.364926+09:00,수유역,수유역,POI036,KEY_3,1535. 효성인텔리안 앞,ST-1109,30,3,10,127.02337646,37.6362915
2026-06-26T08:39:08.364926+09:00,수유역,수유역,POI036,KEY_3,1526. 강북종합시장 앞,ST-1100,25,2,8,127.02462769,37.64173889
2026-06-26T08:39:08.364926+09:00,숭례문,숭례문,POI131,KEY_4,445.대한상공회의소,ST-1771,73,11,15,126.97410583,37.56015396
2026-06-26T08:39:08.364926+09:00,숭례문,숭례문,POI131,KEY_4,6060. 신한은행 본점,ST-3342,100,8,8,126.97480774,37.56077576
2026-06-26T08:39:08.364926+09:00,시의회 앞,시의회 앞,POI130,KEY_1,458. 광화문역 5번출구,ST-1611,33,7,21,126.97756958,37.56989288
2026-06-26T08:39:08.364926+09:00,시의회 앞,시의회 앞,POI130,KEY_1,310. 청계광장 옆,ST-126,50,4,8,126.9774704,37.56887817
2026-06-26T08:39:08.364926+09:00,시의회 앞,시의회 앞,POI130,KEY_1,309. 광화문역 6번출구 옆 B,ST-125,15,2,13,126.97615814,37.56996155
2026-06-26T08:39:08.364926+09:00,시의회 앞,시의회 앞,POI130,KEY_1,6058. 시청역 2번출구,ST-3297,33,5,15,126.97702026,37.56557846
2026-06-26T08:39:08.364926+09:00,시의회 앞,시의회 앞,POI130,KEY_1,4718. 광화문역 6번출구 옆 A,ST-3075,60,6,10,126.9764328,37.56993103
2026-06-26T08:39:08.364926+09:00,신논현역·논현역,신논현역·논현역,POI037,KEY_2,2302. 교보타워 버스정류장(신논현역 3번출구 후면),ST-787,220,22,10,127.02427673,37.5055809
2026-06-26T08:39:08.364926+09:00,신논현역·논현역,신논현역·논현역,POI037,KEY_2,2542.신논현타워 앞,ST-1926,130,13,10,127.02391052,37.50508881
2026-06-26T08:39:08.364926+09:00,신논현역·논현역,신논현역·논현역,POI037,KEY_2,4347. 논현지하보도,ST-3332,20,2,10,127.02232361,37.50836945
2026-06-26T08:39:08.364926+09:00,신림역,신림역,POI039,KEY_4,2102. 봉림교 교통섬,ST-702,92,12,13,126.92688751,37.48408508
2026-06-26T08:39:08.364926+09:00,신림역,신림역,POI039,KEY_4,2175. 신림동걷고싶은문화의거리입구,ST-1270,171,12,7,126.92870331,37.48730087
2026-06-26T08:39:08.364926+09:00,신림역,신림역,POI039,KEY_4,2136. 신림역 8번출구,ST-976,125,10,8,126.93006897,37.48450851
2026-06-26T08:39:08.364926+09:00,신정네거리역,신정네거리역,POI117,KEY_1,722. 경서농협 버스정류장(우리은행신정동지점방향),ST-993,40,4,10,126.85738373,37.52151108
2026-06-26T08:39:08.364926+09:00,신정네거리역,신정네거리역,POI117,KEY_1,706. 신정네거리역,ST-313,93,14,15,126.85175323,37.5218811
2026-06-26T08:39:08.364926+09:00,신정네거리역,신정네거리역,POI117,KEY_1,4509. 서울영상고교 입구,ST-2761,307,46,15,126.85928345,37.52198029
2026-06-26T08:39:08.364926+09:00,신정네거리역,신정네거리역,POI117,KEY_1,4510. 신정네거리역 교차로,ST-2762,0,0,13,126.85228729,37.52175903
2026-06-26T08:39:08.364926+09:00,신정네거리역,신정네거리역,POI117,KEY_1,4507. 신정제일시장,ST-2759,80,8,10,126.85499573,37.52122498
2026-06-26T08:39:08.364926+09:00,신촌·이대역,신촌·이대역,POI040,KEY_2,128. 신촌역(2호선) 1번출구 옆,ST-30,37,7,19,126.93634033,37.55549622
2026-06-26T08:39:08.364926+09:00,신촌·이대역,신촌·이대역,POI040,KEY_2,150. 서강대역 2번출구 앞,ST-207,20,3,15,126.93434143,37.55295563
2026-06-26T08:39:08.364926+09:00,신촌·이대역,신촌·이대역,POI040,KEY_2,137. 신촌기차역입구 교차로,ST-39,40,4,10,126.9431839,37.55681229
2026-06-26T08:39:08.364926+09:00,신촌·이대역,신촌·이대역,POI040,KEY_2,134. 연세로 명물길,ST-36,138,11,8,126.93807983,37.55789185
2026-06-26T08:39:08.364926+09:00,신촌·이대역,신촌·이대역,POI040,KEY_2,135. 명물길 원형무대 앞,ST-37,20,2,10,126.93984222,37.55922699
2026-06-26T08:39:08.364926+09:00,신촌·이대역,신촌·이대역,POI040,KEY_2,130. 신촌역(2호선) 7번출구 앞,ST-32,70,7,10,126.93626404,37.5550499
2026-06-26T08:39:08.364926+09:00,신촌·이대역,신촌·이대역,POI040,KEY_2,129. 신촌역(2호선) 6번출구 옆,ST-31,20,2,10,126.93756866,37.55505371
2026-06-26T08:39:08.364926+09:00,신촌·이대역,신촌·이대역,POI040,KEY_2,3116.신촌역 4번출구,ST-2201,30,3,10,126.93720245,37.55550385
2026-06-26T08:39:08.364926+09:00,신촌·이대역,신촌·이대역,POI040,KEY_2,4274. 신촌 파랑고래 입구,ST-3140,20,2,10,126.93603516,37.55687714
2026-06-26T08:39:08.364926+09:00,신촌·이대역,신촌·이대역,POI040,KEY_2,4248. 신촌 교보빌딩,ST-3021,10,1,10,126.94034576,37.5560112
2026-06-26T08:39:08.364926+09:00,쌍문역,쌍문역,POI070,KEY_3,1754. 창동시장입구 사거리,ST-2099,9,1,11,127.03343201,37.64689636
2026-06-26T08:39:08.364926+09:00,쌍문역,쌍문역,POI070,KEY_3,1774.정의여중고 버스정류소,ST-2119,50,4,8,127.034729,37.65134811
2026-06-26T08:39:08.364926+09:00,쌍문역,쌍문역,POI070,KEY_3,1709. 쌍문역4번출구 주변,ST-616,106,18,17,127.03534698,37.65012741
2026-06-26T08:39:08.364926+09:00,쌍문역,쌍문역,POI070,KEY_3,4054. 창동한신아파트 버스정류소,ST-2722,10,1,10,127.03527069,37.64601898
2026-06-26T08:39:08.364926+09:00,양재역,양재역,POI041,KEY_4,2333. 양재역 3번출구 주변,ST-816,0,0,14,127.03407288,37.48515701
2026-06-26T08:39:08.364926+09:00,양재역,양재역,POI041,KEY_4,2242.양재역 10번 출구 앞,ST-767,5,1,20,127.03417969,37.48398972
2026-06-26T08:39:08.364926+09:00,양재역,양재역,POI041,KEY_4,2293. SPC 앞,ST-1360,60,6,10,127.03699493,37.48479843
2026-06-26T08:39:08.364926+09:00,양재역,양재역,POI041,KEY_4,4329. SC제일은행 양재동지점 앞,ST-2962,13,1,8,127.03315735,37.48573685
2026-06-26T08:39:08.364926+09:00,역삼역,역삼역,POI042,KEY_1,2410. 포스코피앤에스타워 (역삼역 3번출구 부근),ST-1680,110,11,10,127.03375244,37.49959946
2026-06-26T08:39:08.364926+09:00,역삼역,역삼역,POI042,KEY_1,2430.강남파이낸스센터앞(역삼역2번출구),ST-1896,150,15,10,127.03605652,37.50024414
2026-06-26T08:39:08.364926+09:00,역삼역,역삼역,POI042,KEY_1,2349. 역삼빌딩 앞(하나은행 옆),ST-959,133,16,12,127.03856659,37.50154495
2026-06-26T08:39:08.364926+09:00,연신내역,연신내역,POI043,KEY_2,949. 연신내역 1번 출구,ST-1035,200,12,6,126.92080688,37.61978149
2026-06-26T08:39:08.364926+09:00,연신내역,연신내역,POI043,KEY_2,906. 연신내역 5번출구,ST-454,88,7,8,126.91957855,37.61721039
2026-06-26T08:39:08.364926+09:00,연신내역,연신내역,POI043,KEY_2,922. 연신내역 4번출구,ST-470,20,2,10,126.92196655,37.61780167
2026-06-26T08:39:08.364926+09:00,오목교역·목동운동장,오목교역·목동운동장,POI044,KEY_3,747. 목동3단지 상가,ST-1018,220,22,10,126.8756485,37.53458023
2026-06-26T08:39:08.364926+09:00,오목교역·목동운동장,오목교역·목동운동장,POI044,KEY_3,703. 오목교역 7번출구 앞,ST-311,200,24,12,126.87524414,37.52362823
2026-06-26T08:39:08.364926+09:00,오목교역·목동운동장,오목교역·목동운동장,POI044,KEY_3,771.목동아파트 703동 앞,ST-1997,63,5,8,126.87016296,37.52820587
2026-06-26T08:39:08.364926+09:00,오목교역·목동운동장,오목교역·목동운동장,POI044,KEY_3,756. 목동주차장,ST-1497,40,6,15,126.8761673,37.52667999
2026-06-26T08:39:08.364926+09:00,오목교역·목동운동장,오목교역·목동운동장,POI044,KEY_3,791.현대하이페리온,ST-2016,133,20,15,126.86980438,37.52490234
2026-06-26T08:39:08.364926+09:00,오목교역·목동운동장,오목교역·목동운동장,POI044,KEY_3,748. 목동운동장,ST-1019,138,18,13,126.87930298,37.53025055
2026-06-26T08:39:08.364926+09:00,오목교역·목동운동장,오목교역·목동운동장,POI044,KEY_3,792.목동트라팰리스 웨스턴에비뉴,ST-2017,40,8,20,126.8709259,37.52537155
2026-06-26T08:39:08.364926+09:00,오목교역·목동운동장,오목교역·목동운동장,POI044,KEY_3,731. 서울시 도로환경관리센터,ST-1002,40,4,10,126.87654114,37.5298996
2026-06-26T08:39:08.364926+09:00,오목교역·목동운동장,오목교역·목동운동장,POI044,KEY_3,762. 오목로 무중력지대 앞,ST-1503,50,5,10,126.87766266,37.52474213
2026-06-26T08:39:08.364926+09:00,오목교역·목동운동장,오목교역·목동운동장,POI044,KEY_3,765. 오목교역 3번출구,ST-1731,142,17,12,126.87548065,37.52477646
2026-06-26T08:39:08.364926+09:00,오목교역·목동운동장,오목교역·목동운동장,POI044,KEY_3,723. SBS방송국,ST-994,107,16,15,126.87274933,37.52916336
2026-06-26T08:39:08.364926+09:00,오목교역·목동운동장,오목교역·목동운동장,POI044,KEY_3,769.CBS방송국 앞,ST-1995,165,33,20,126.87467194,37.52785492
2026-06-26T08:39:08.364926+09:00,오목교역·목동운동장,오목교역·목동운동장,POI044,KEY_3,4532. 목동현대아파트 후문 앞,ST-2879,10,1,10,126.87805939,37.5221405
2026-06-26T08:39:08.364926+09:00,오목교역·목동운동장,오목교역·목동운동장,POI044,KEY_3,4543. 오목교역 6번 출구,ST-3163,433,39,9,126.87567139,37.5236702
2026-06-26T08:39:08.364926+09:00,오목교역·목동운동장,오목교역·목동운동장,POI044,KEY_3,4546. 목동운동장 주경기장,ST-3227,80,24,30,126.88307953,37.52937698
2026-06-26T08:39:08.364926+09:00,오목교역·목동운동장,오목교역·목동운동장,POI044,KEY_3,4514. 목동성당 앞,ST-2764,190,38,20,126.86930084,37.52319717
2026-06-26T08:39:08.364926+09:00,왕십리역,왕십리역,POI045,KEY_4,559. 왕십리역 4번 출구 건너편,ST-360,92,12,13,127.03679657,37.56109619
2026-06-26T08:39:08.364926+09:00,왕십리역,왕십리역,POI045,KEY_4,558. 성동광진 교육지원청 앞,ST-359,60,12,20,127.03652191,37.56460571
2026-06-26T08:39:08.364926+09:00,왕십리역,왕십리역,POI045,KEY_4,525. 한양대병원사거리,ST-241,85,17,20,127.04035187,37.55805206
2026-06-26T08:39:08.364926+09:00,왕십리역,왕십리역,POI045,KEY_4,3561.행당동 삼부APT후문,ST-2343,70,7,10,127.03839874,37.55926895
2026-06-26T08:39:08.364926+09:00,왕십리역,왕십리역,POI045,KEY_4,3545.한양대역 1번출구,ST-2327,0,0,10,127.04335785,37.55657959
2026-06-26T08:39:08.364926+09:00,용산역,용산역,POI046,KEY_1,853.용산역 맞은편,ST-2177,74,14,19,126.96595001,37.52841568
2026-06-26T08:39:08.364926+09:00,용산역,용산역,POI046,KEY_1,845. 용산 선인상가,ST-1615,100,16,16,126.96437836,37.53269958
2026-06-26T08:39:08.364926+09:00,용산역,용산역,POI046,KEY_1,806. 전자랜드 본관 앞,ST-327,5,1,20,126.96073151,37.5330658
2026-06-26T08:39:08.364926+09:00,용산역,용산역,POI046,KEY_1,4617. 동원베네스트 건너편,ST-2448,83,5,6,126.95511627,37.52761078
2026-06-26T08:39:08.364926+09:00,용산역,용산역,POI046,KEY_1,4616. 신용산지하차도 앞,ST-2447,27,4,15,126.96411896,37.53248215
2026-06-26T08:39:08.364926+09:00,잠실새내역,잠실새내역,POI118,KEY_3,1222. 잠실새내역 5번 출구 뒤,ST-547,61,14,23,127.08505249,37.51198196
2026-06-26T08:39:08.364926+09:00,잠실새내역,잠실새내역,POI118,KEY_3,1224. 아시아지하보도 2번 출구,ST-548,67,10,15,127.07893372,37.51216888
2026-06-26T08:39:08.364926+09:00,잠실새내역,잠실새내역,POI118,KEY_3,2635.잠실새내역 1번출구,ST-1862,81,17,21,127.08673859,37.51129532
2026-06-26T08:39:08.364926+09:00,잠실새내역,잠실새내역,POI118,KEY_3,2637. 아시아지하보도 14번 출구,ST-1864,73,11,15,127.07881165,37.51146317
2026-06-26T08:39:08.364926+09:00,잠실역,잠실역,POI119,KEY_4,1232. 잠실주공 521동 건너편,ST-550,180,18,10,127.09568787,37.51184082
2026-06-26T08:39:08.364926+09:00,잠실역,잠실역,POI119,KEY_4,1231. 잠실역 6번출구,ST-840,146,19,13,127.09902954,37.51408768
2026-06-26T08:39:08.364926+09:00,잠실역,잠실역,POI119,KEY_4,1210. 롯데월드타워(잠실역2번출구 쪽),ST-891,227,68,30,127.10095978,37.51312637
2026-06-26T08:39:08.364926+09:00,잠실역,잠실역,POI119,KEY_4,2647.잠실 자전거 수리센터 앞,ST-1868,214,15,7,127.10114288,37.51100922
2026-06-26T08:39:08.364926+09:00,장지역,장지역,POI048,KEY_1,1266. 문정동 글샘 공원,ST-1085,50,5,10,127.12000275,37.47880936
2026-06-26T08:39:08.364926+09:00,장지역,장지역,POI048,KEY_1,1246. 문정 법조단지10,ST-906,57,17,30,127.12632751,37.47750854
2026-06-26T08:39:08.364926+09:00,장지역,장지역,POI048,KEY_1,1244. 문정 법조단지8,ST-904,0,0,11,127.12212372,37.48153687
2026-06-26T08:39:08.364926+09:00,장지역,장지역,POI048,KEY_1,1247. 문정 법조단지11,ST-907,0,0,15,127.12351227,37.4788208
2026-06-26T08:39:08.364926+09:00,장지역,장지역,POI048,KEY_1,1245. 문정 법조단지9,ST-905,10,1,10,127.12532806,37.47946548
2026-06-26T08:39:08.364926+09:00,장지역,장지역,POI048,KEY_1,4885. 가든파이브 리빙관,ST-2985,38,3,8,127.123703,37.47709656
2026-06-26T08:39:08.364926+09:00,장지역,장지역,POI048,KEY_1,4491. 장지역 1번출구,ST-2599,20,2,10,127.12678528,37.47953415
2026-06-26T08:39:08.364926+09:00,장한평역,장한평역,POI049,KEY_2,626. 군자교 서측 녹지대,ST-394,159,27,17,127.07096863,37.56115341
2026-06-26T08:39:08.364926+09:00,장한평역,장한평역,POI049,KEY_2,529. 장한평역 8번 출구 앞,ST-243,0,0,8,127.06365967,37.56137085
2026-06-26T08:39:08.364926+09:00,장한평역,장한평역,POI049,KEY_2,4105. 서울교통공사사거리 교통섬,ST-2499,20,2,10,127.05799103,37.56324005
2026-06-26T08:39:08.364926+09:00,장한평역,장한평역,POI049,KEY_2,4385. 용답동 우체국 주변,ST-3099,0,0,5,127.06151581,37.56168747
2026-06-26T08:39:08.364926+09:00,천호역,천호역,POI050,KEY_3,1009. 천호역4번출구(현대백화점),ST-493,130,26,20,127.12424469,37.53866577
2026-06-26T08:39:08.364926+09:00,천호역,천호역,POI050,KEY_3,3657. 서울천호동우체국,ST-2732,170,17,10,127.12576294,37.54074097
2026-06-26T08:39:08.364926+09:00,천호역,천호역,POI050,KEY_3,1264. 천호역 10번 출구 앞,ST-1083,13,1,8,127.12280273,37.53858185
2026-06-26T08:39:08.364926+09:00,총신대입구(이수)역,총신대입구(이수)역,POI051,KEY_4,2264. 이수역 1번출구,ST-935,156,14,9,126.98271942,37.48897171
2026-06-26T08:39:08.364926+09:00,총신대입구(이수)역,총신대입구(이수)역,POI051,KEY_4,2032. 이수역 11번출구쪽,ST-923,350,35,10,126.98162079,37.48550797
2026-06-26T08:39:08.364926+09:00,총신대입구(이수)역,총신대입구(이수)역,POI051,KEY_4,2511. 이수역 6번출구 앞,ST-1739,130,13,10,126.98234558,37.48398972
2026-06-26T08:39:08.364926+09:00,총신대입구(이수)역,총신대입구(이수)역,POI051,KEY_4,2082.7호선 이수역7번출구,ST-2355,200,20,10,126.98179626,37.4846077
2026-06-26T08:39:08.364926+09:00,총신대입구(이수)역,총신대입구(이수)역,POI051,KEY_4,2091. 이수역9번출구,ST-2364,160,24,15,126.98059082,37.48470306
2026-06-26T08:39:08.364926+09:00,충정로역,충정로역,POI052,KEY_1,180. 충정로역 7번출구 아래,ST-233,50,5,10,126.96246338,37.55996704
2026-06-26T08:39:08.364926+09:00,충정로역,충정로역,POI052,KEY_1,3134.SK리쳄블(서울아리수본부),ST-2219,10,1,10,126.96658325,37.56131744
2026-06-26T08:39:08.364926+09:00,충정로역,충정로역,POI052,KEY_1,3114.충정로역 3번 출구,ST-2198,14,1,7,126.96552277,37.56046295
2026-06-26T08:39:08.364926+09:00,충정로역,충정로역,POI052,KEY_1,4271. 충정로역 1번 출구,ST-3107,0,0,7,126.96305847,37.55942535
2026-06-26T08:39:08.364926+09:00,충정로역,충정로역,POI052,KEY_1,4801. 충정로역 2호선(엘리베이터 앞),ST-3053,0,0,5,126.96414185,37.55937576
2026-06-26T08:39:08.364926+09:00,충정로역,충정로역,POI052,KEY_1,4266.국민연금공단충정로사옥,ST-3027,0,0,9,126.96414948,37.56184769
2026-06-26T08:39:08.364926+09:00,충정로역,충정로역,POI052,KEY_1,4752. 삼성사이버빌리지아파트,ST-2624,0,0,7,126.96485901,37.55891418
2026-06-26T08:39:08.364926+09:00,합정역,합정역,POI053,KEY_2,106. 합정역 7번출구 앞,ST-8,25,3,12,126.91282654,37.54864502
2026-06-26T08:39:08.364926+09:00,합정역,합정역,POI053,KEY_2,497.합정동주민센터 앞,ST-2156,108,27,25,126.91230011,37.551754
2026-06-26T08:39:08.364926+09:00,합정역,합정역,POI053,KEY_2,105. 합정역 5번출구 앞,ST-7,0,0,5,126.91482544,37.55000687
2026-06-26T08:39:08.364926+09:00,합정역,합정역,POI053,KEY_2,4211. 시석빌딩 앞,ST-2534,0,0,8,126.91671753,37.54836655
2026-06-26T08:39:08.364926+09:00,혜화역,혜화역,POI054,KEY_3,342. 대학로 마로니에공원,ST-158,55,12,22,127.00234222,37.58044434
2026-06-26T08:39:08.364926+09:00,혜화역,혜화역,POI054,KEY_3,341. 혜화역 3번출구 뒤,ST-157,75,6,8,127.00178528,37.58156967
2026-06-26T08:39:08.364926+09:00,혜화역,혜화역,POI054,KEY_3,358. 성균관대입구 사거리 A,ST-173,31,4,13,126.99853516,37.58250046
2026-06-26T08:39:08.364926+09:00,혜화역,혜화역,POI054,KEY_3,3419.국립어린이과학관,ST-1816,21,3,14,126.99736786,37.58194733
2026-06-26T08:39:08.364926+09:00,혜화역,혜화역,POI054,KEY_3,3420. 성균관대입구 사거리 B,ST-1817,30,3,10,126.99885559,37.58327484
2026-06-26T08:39:08.364926+09:00,혜화역,혜화역,POI054,KEY_3,3421.혜화역 1번출구,ST-1818,20,2,10,127.00185394,37.58385468
2026-06-26T08:39:08.364926+09:00,홍대입구역(2호선),홍대입구역(2호선),POI055,KEY_4,113. 홍대입구역 2번출구 앞,ST-18,200,56,28,126.9238205,37.5574379
2026-06-26T08:39:08.364926+09:00,홍대입구역(2호선),홍대입구역(2호선),POI055,KEY_4,114. 홍대입구역 8번출구 앞,ST-20,53,8,15,126.92442322,37.55706024
2026-06-26T08:39:08.364926+09:00,회기역,회기역,POI056,KEY_1,680.꿈마루어린이도서관 앞,ST-2280,159,35,22,127.05741119,37.59238434
2026-06-26T08:39:08.364926+09:00,회기역,회기역,POI056,KEY_1,670.삼육서울병원 버스정류장,ST-2270,356,32,9,127.06151581,37.5896759
2026-06-26T10:18:36.900220+09:00,광화문·덕수궁,광화문·덕수궁,POI009,KEY_2,310. 청계광장 옆,ST-126,25,2,8,126.9774704,37.56887817
2026-06-26T10:18:36.900220+09:00,광화문·덕수궁,광화문·덕수궁,POI009,KEY_2,303. 광화문역 1번출구 앞,ST-119,100,8,8,126.97466278,37.57176971
2026-06-26T10:18:36.900220+09:00,광화문·덕수궁,광화문·덕수궁,POI009,KEY_2,458. 광화문역 5번출구,ST-1611,67,14,21,126.97756958,37.56989288
2026-06-26T10:18:36.900220+09:00,광화문·덕수궁,광화문·덕수궁,POI009,KEY_2,309. 광화문역 6번출구 옆 B,ST-125,62,8,13,126.97615814,37.56996155
2026-06-26T10:18:36.900220+09:00,광화문·덕수궁,광화문·덕수궁,POI009,KEY_2,391. 시립미술관,ST-977,213,17,8,126.97340393,37.56505203
2026-06-26T10:18:36.900220+09:00,광화문·덕수궁,광화문·덕수궁,POI009,KEY_2,305. 종로구청 옆,ST-121,175,28,16,126.97833252,37.57255936
2026-06-26T10:18:36.900220+09:00,광화문·덕수궁,광화문·덕수궁,POI009,KEY_2,6058. 시청역 2번출구,ST-3297,27,4,15,126.97702026,37.56557846
2026-06-26T10:18:36.900220+09:00,광화문·덕수궁,광화문·덕수궁,POI009,KEY_2,4719. 종로문화원 건너편,ST-3090,113,17,15,126.9805069,37.57571411
2026-06-26T10:18:36.900220+09:00,광화문·덕수궁,광화문·덕수궁,POI009,KEY_2,4718. 광화문역 6번출구 옆 A,ST-3075,30,3,10,126.9764328,37.56993103
2026-06-26T10:18:36.900220+09:00,광화문·덕수궁,광화문·덕수궁,POI009,KEY_2,4796. 서울시청,ST-2693,85,17,20,126.97925568,37.5664711
2026-06-26T10:18:36.900220+09:00,보신각,보신각,POI010,KEY_3,316. 종각역 1번출구 앞,ST-132,113,9,8,126.98178864,37.57039642
2026-06-26T10:18:36.900220+09:00,보신각,보신각,POI010,KEY_3,385. 종각역 5번출구,ST-336,90,9,10,126.98265839,37.56983566
2026-06-26T10:18:36.900220+09:00,보신각,보신각,POI010,KEY_3,3408.종로타워빌딩,ST-1805,62,8,13,126.98323822,37.57070541
2026-06-26T10:18:36.900220+09:00,보신각,보신각,POI010,KEY_3,4708. 조계사앞사거리,ST-2472,167,10,6,126.98283386,37.5721817
2026-06-26T10:18:36.900220+09:00,서울 암사동 유적,서울 암사동 유적,POI011,KEY_4,1007.암사동 선사유적지,ST-491,129,18,14,127.13087463,37.55955887
2026-06-26T10:18:36.900220+09:00,서울 암사동 유적,서울 암사동 유적,POI011,KEY_4,3539. 서원마을,ST-1686,60,6,10,127.13283539,37.56379318
2026-06-26T10:18:36.900220+09:00,창덕궁·종묘,창덕궁·종묘,POI012,KEY_1,339. 종로4가 사거리,ST-155,20,2,10,126.99819183,37.57106781
2026-06-26T10:18:36.900220+09:00,창덕궁·종묘,창덕궁·종묘,POI012,KEY_1,337. 창경궁 입구,ST-153,180,9,5,126.99647522,37.57897949
2026-06-26T10:18:36.900220+09:00,창덕궁·종묘,창덕궁·종묘,POI012,KEY_1,359. 원남동사거리,ST-174,163,13,8,126.99768066,37.57606125
2026-06-26T10:18:36.900220+09:00,창덕궁·종묘,창덕궁·종묘,POI012,KEY_1,338. 세운스퀘어 앞,ST-154,22,4,18,126.99712372,37.57095718
2026-06-26T10:18:36.900220+09:00,창덕궁·종묘,창덕궁·종묘,POI012,KEY_1,3410.종로3가역 8번출구,ST-1807,20,2,10,126.99188995,37.5724678
2026-06-26T10:18:36.900220+09:00,창덕궁·종묘,창덕궁·종묘,POI012,KEY_1,3411.종묘,ST-1808,89,8,9,126.99437714,37.57072067
2026-06-26T10:18:36.900220+09:00,창덕궁·종묘,창덕궁·종묘,POI012,KEY_1,3413.종로플레이스,ST-1810,73,16,22,126.99796295,37.57320023
2026-06-26T10:18:36.900220+09:00,동대문 관광특구,동대문 관광특구,POI002,KEY_3,475.DDP 패션몰,ST-1781,148,31,21,127.0118103,37.56764984
2026-06-26T10:18:36.900220+09:00,동대문 관광특구,동대문 관광특구,POI002,KEY_3,346. 맥스타일 앞,ST-162,100,10,10,127.01014709,37.5689621
2026-06-26T10:18:36.900220+09:00,동대문 관광특구,동대문 관광특구,POI002,KEY_3,347. 동대문역사문화공원역 9번출구 앞,ST-163,33,6,18,127.00784302,37.56533051
2026-06-26T10:18:36.900220+09:00,동대문 관광특구,동대문 관광특구,POI002,KEY_3,383. 신당역 12번 출구 뒤,ST-198,25,6,24,127.01642609,37.56591797
2026-06-26T10:18:36.900220+09:00,동대문 관광특구,동대문 관광특구,POI002,KEY_3,474.동대문역사문화공원역 1번출구 뒤편,ST-1780,93,37,40,127.00849152,37.56629944
2026-06-26T10:18:36.900220+09:00,동대문 관광특구,동대문 관광특구,POI002,KEY_3,6061.충무아트센터,ST-3381,70,7,10,127.01522064,37.56538773
2026-06-26T10:18:36.900220+09:00,동대문 관광특구,동대문 관광특구,POI002,KEY_3,4765. 동대문디자인플라자,ST-2431,60,12,20,127.00946045,37.5683136
2026-06-26T10:18:36.900220+09:00,명동 관광특구,명동 관광특구,POI003,KEY_4,310. 청계광장 옆,ST-126,25,2,8,126.9774704,37.56887817
2026-06-26T10:18:36.900220+09:00,명동 관광특구,명동 관광특구,POI003,KEY_4,324. 신세계백화점 본점 앞,ST-140,150,12,8,126.9805069,37.56134415
2026-06-26T10:18:36.900220+09:00,명동 관광특구,명동 관광특구,POI003,KEY_4,466.롯데호텔,ST-1772,92,12,13,126.97981262,37.56584167
2026-06-26T10:18:36.900220+09:00,명동 관광특구,명동 관광특구,POI003,KEY_4,331. 을지로2가 사거리 북측,ST-147,100,10,10,126.98720551,37.56638336
2026-06-26T10:18:36.900220+09:00,명동 관광특구,명동 관광특구,POI003,KEY_4,320. 을지로입구역 4번출구 앞,ST-136,76,13,17,126.98358917,37.56622314
2026-06-26T10:18:36.900220+09:00,명동 관광특구,명동 관광특구,POI003,KEY_4,318. 광교사거리 남측,ST-134,140,14,10,126.98231506,37.56863403
2026-06-26T10:18:36.900220+09:00,명동 관광특구,명동 관광특구,POI003,KEY_4,398. 을지로3가역 3번출구,ST-1435,0,0,8,126.99249268,37.56660461
2026-06-26T10:18:36.900220+09:00,명동 관광특구,명동 관광특구,POI003,KEY_4,433. 을지로입구역 2번출구,ST-1668,17,2,12,126.98229218,37.56634521
2026-06-26T10:18:36.900220+09:00,명동 관광특구,명동 관광특구,POI003,KEY_4,322. 명동성당 앞,ST-138,80,8,10,126.98696899,37.56447601
2026-06-26T10:18:36.900220+09:00,명동 관광특구,명동 관광특구,POI003,KEY_4,321. KEB 하나금융그룹 명동사옥 옆,ST-137,40,6,15,126.98413849,37.56546402
2026-06-26T10:18:36.900220+09:00,명동 관광특구,명동 관광특구,POI003,KEY_4,3013.서울지방고용노동청 앞,ST-2422,657,46,7,126.98725891,37.56760406
2026-06-26T10:18:36.900220+09:00,명동 관광특구,명동 관광특구,POI003,KEY_4,6058. 시청역 2번출구,ST-3297,27,4,15,126.97702026,37.56557846
2026-06-26T10:18:36.900220+09:00,명동 관광특구,명동 관광특구,POI003,KEY_4,4791. 명동역9번 출구,ST-2527,10,1,10,126.98749542,37.56122589
2026-06-26T10:18:36.900220+09:00,명동 관광특구,명동 관광특구,POI003,KEY_4,4774. 을지로입구역 8번출구,ST-2520,33,3,9,126.98178101,37.56590271
2026-06-26T10:18:36.900220+09:00,명동 관광특구,명동 관광특구,POI003,KEY_4,4776. 신세계면세점,ST-2522,30,3,10,126.98139191,37.56027603
2026-06-26T10:18:36.900220+09:00,명동 관광특구,명동 관광특구,POI003,KEY_4,4762. 국제빌딩,ST-2517,0,0,10,126.98244476,37.56694794
2026-06-26T10:18:36.900220+09:00,명동 관광특구,명동 관광특구,POI003,KEY_4,4796. 서울시청,ST-2693,85,17,20,126.97925568,37.5664711
2026-06-26T10:18:36.900220+09:00,명동 관광특구,명동 관광특구,POI003,KEY_4,4775. 을지로지하쇼핑센터,ST-2521,60,6,10,126.98445129,37.56589127
2026-06-26T10:18:36.900220+09:00,이태원 관광특구,이태원 관광특구,POI004,KEY_1,857. 현대 안성타워,ST-2181,10,1,10,126.99797058,37.53508759
2026-06-26T10:18:36.900220+09:00,이태원 관광특구,이태원 관광특구,POI004,KEY_1,854.HID 유족동지회 앞,ST-2178,0,0,10,127.0014801,37.53850937
2026-06-26T10:18:36.900220+09:00,이태원 관광특구,이태원 관광특구,POI004,KEY_1,843. 이태원관광특구 입구(용산구청방향),ST-1445,53,10,19,126.98867035,37.53379822
2026-06-26T10:18:36.900220+09:00,이태원 관광특구,이태원 관광특구,POI004,KEY_1,4612. 이태원로 255,ST-2444,0,0,5,127.00084686,37.53749847
2026-06-26T10:18:36.900220+09:00,이태원 관광특구,이태원 관광특구,POI004,KEY_1,4623. 라인프랜즈이태원점 앞,ST-2453,0,0,10,126.99619293,37.53453064
2026-06-26T10:18:36.900220+09:00,이태원 관광특구,이태원 관광특구,POI004,KEY_1,4613. 서울갤러리아 앞,ST-2445,0,0,5,126.99937439,37.53597641
2026-06-26T10:18:36.900220+09:00,이태원 관광특구,이태원 관광특구,POI004,KEY_1,4634. 이태원역 3번 출구,ST-3056,0,0,5,126.99497223,37.5343895
2026-06-26T10:18:36.900220+09:00,잠실 관광특구,잠실 관광특구,POI005,KEY_2,1232. 잠실주공 521동 건너편,ST-550,180,18,10,127.09568787,37.51184082
2026-06-26T10:18:36.900220+09:00,잠실 관광특구,잠실 관광특구,POI005,KEY_2,1210. 롯데월드타워(잠실역2번출구 쪽),ST-891,310,93,30,127.10095978,37.51312637
2026-06-26T10:18:36.900220+09:00,잠실 관광특구,잠실 관광특구,POI005,KEY_2,1297. 석촌호수교차로(동호 팔각정 앞),ST-1586,20,3,15,127.10411835,37.50920105
2026-06-26T10:18:36.900220+09:00,잠실 관광특구,잠실 관광특구,POI005,KEY_2,1268. 몽촌토성역 1번출구 옆,ST-1087,20,3,15,127.11419678,37.51728821
2026-06-26T10:18:36.900220+09:00,잠실 관광특구,잠실 관광특구,POI005,KEY_2,1233. 잠실3거리(갤러리아팰리스),ST-551,11,1,9,127.09336853,37.51050949
2026-06-26T10:18:36.900220+09:00,잠실 관광특구,잠실 관광특구,POI005,KEY_2,1296. 석촌호수교차로 (송파나루근린공원 앞),ST-1585,0,0,10,127.1034317,37.50867844
2026-06-26T10:18:36.900220+09:00,잠실 관광특구,잠실 관광특구,POI005,KEY_2,1267. 올림픽공원 남2문 앞,ST-1086,7,1,14,127.12306976,37.51424026
2026-06-26T10:18:36.900220+09:00,잠실 관광특구,잠실 관광특구,POI005,KEY_2,2608. 송파구청,ST-1681,480,48,10,127.10611725,37.51499176
2026-06-26T10:18:36.900220+09:00,잠실 관광특구,잠실 관광특구,POI005,KEY_2,2647.잠실 자전거 수리센터 앞,ST-1868,157,11,7,127.10114288,37.51100922
2026-06-26T10:18:36.900220+09:00,잠실 관광특구,잠실 관광특구,POI005,KEY_2,2601. 석촌호수 아뜰리에,ST-1590,0,0,16,127.09883118,37.5067482
2026-06-26T10:18:36.900220+09:00,잠실 관광특구,잠실 관광특구,POI005,KEY_2,2621. 한성백제역 2번 출구,ST-1719,27,4,15,127.11625671,37.51665878
2026-06-26T10:18:36.900220+09:00,잠실 관광특구,잠실 관광특구,POI005,KEY_2,2622. 올림픽공원역 3번출구,ST-1720,90,18,20,127.13059235,37.51625824
2026-06-26T10:18:36.900220+09:00,잠실 관광특구,잠실 관광특구,POI005,KEY_2,4857. 올림픽공원 장미광장,ST-2621,20,3,15,127.126297,37.51275635
2026-06-26T10:18:36.900220+09:00,잠실 관광특구,잠실 관광특구,POI005,KEY_2,4856. 올림픽공원 서1문 앞,ST-2608,370,37,10,127.11457062,37.5202179
2026-06-26T10:18:36.900220+09:00,잠실 관광특구,잠실 관광특구,POI005,KEY_2,5751. 송파여성축구장,ST-3069,50,5,10,127.11743927,37.52471542
2026-06-26T10:18:36.900220+09:00,잠실 관광특구,잠실 관광특구,POI005,KEY_2,4870. 몽촌토성역 3번 출구,ST-2876,0,0,10,127.11232758,37.5170784
2026-06-26T10:18:36.900220+09:00,잠실 관광특구,잠실 관광특구,POI005,KEY_2,5781. 올림픽공원 수영장,ST-3300,386,54,14,127.12688446,37.52157211
2026-06-26T10:18:36.900220+09:00,잠실 관광특구,잠실 관광특구,POI005,KEY_2,5768.방이삼거리,ST-3214,150,18,12,127.10822296,37.51237488
2026-06-26T10:18:36.900220+09:00,잠실 관광특구,잠실 관광특구,POI005,KEY_2,4464. 올림픽공원 북2문 A,ST-2580,93,14,15,127.12804413,37.52357483
2026-06-26T10:18:36.900220+09:00,잠실 관광특구,잠실 관광특구,POI005,KEY_2,4868. 석촌호수 서호 남단,ST-2833,70,7,10,127.10124207,37.50717163
2026-06-26T10:18:36.900220+09:00,잠실 관광특구,잠실 관광특구,POI005,KEY_2,4481. 올림픽공원 북2문 B,ST-2592,152,38,25,127.12751007,37.52397537
2026-06-26T10:18:36.900220+09:00,잠실 관광특구,잠실 관광특구,POI005,KEY_2,4865. 한성백제역 1번출구 뒤,ST-2797,20,1,5,127.1149826,37.51647949
2026-06-26T10:18:36.900220+09:00,잠실 관광특구,잠실 관광특구,POI005,KEY_2,4862. 성내교 남단,ST-2756,40,4,10,127.11588287,37.52301788
2026-06-26T10:18:36.900220+09:00,종로·청계 관광특구,종로·청계 관광특구,POI006,KEY_3,397. 종묘공영주차장 건너편,ST-1432,54,7,13,126.99663544,37.57048035
2026-06-26T10:18:36.900220+09:00,종로·청계 관광특구,종로·청계 관광특구,POI006,KEY_3,455. 종로6가역 버스정류장(동대문 방향),ST-1608,75,6,8,127.00605774,37.570961
2026-06-26T10:18:36.900220+09:00,종로·청계 관광특구,종로·청계 관광특구,POI006,KEY_3,335. 종로3가역 15번출구 뒤,ST-151,10,1,10,126.99165344,37.57019424
2026-06-26T10:18:36.900220+09:00,종로·청계 관광특구,종로·청계 관광특구,POI006,KEY_3,368. SK 서린빌딩 앞,ST-181,193,29,15,126.98053741,37.5692482
2026-06-26T10:18:36.900220+09:00,종로·청계 관광특구,종로·청계 관광특구,POI006,KEY_3,458. 광화문역 5번출구,ST-1611,67,14,21,126.97756958,37.56989288
2026-06-26T10:18:36.900220+09:00,종로·청계 관광특구,종로·청계 관광특구,POI006,KEY_3,385. 종각역 5번출구,ST-336,90,9,10,126.98265839,37.56983566
2026-06-26T10:18:36.900220+09:00,종로·청계 관광특구,종로·청계 관광특구,POI006,KEY_3,329. 청계2가 사거리 옆,ST-145,88,7,8,126.98788452,37.56848526
2026-06-26T10:18:36.900220+09:00,종로·청계 관광특구,종로·청계 관광특구,POI006,KEY_3,393. 동대문역 8번 출구,ST-1372,125,15,12,127.00937653,37.57014084
2026-06-26T10:18:36.900220+09:00,종로·청계 관광특구,종로·청계 관광특구,POI006,KEY_3,3412.세운상가,ST-1809,40,6,15,126.99454498,37.5703125
2026-06-26T10:18:36.900220+09:00,종로·청계 관광특구,종로·청계 관광특구,POI006,KEY_3,3432.종로2가 사거리,ST-1829,93,13,14,126.98880768,37.57001877
2026-06-26T10:18:36.900220+09:00,종로·청계 관광특구,종로·청계 관광특구,POI006,KEY_3,3415.동대문역6번출구,ST-1812,60,9,15,127.0107193,37.57147217
2026-06-26T10:18:36.900220+09:00,종로·청계 관광특구,종로·청계 관광특구,POI006,KEY_3,4707. 청계3가 사거리,ST-2513,0,0,5,126.99211884,37.56855774
2026-06-26T10:18:36.900220+09:00,홍대 관광특구,홍대 관광특구,POI007,KEY_4,113. 홍대입구역 2번출구 앞,ST-18,89,25,28,126.9238205,37.5574379
2026-06-26T10:18:36.900220+09:00,홍대 관광특구,홍대 관광특구,POI007,KEY_4,104. 합정역 1번출구 앞,ST-6,54,7,13,126.91508484,37.55073929
2026-06-26T10:18:36.900220+09:00,홍대 관광특구,홍대 관광특구,POI007,KEY_4,493.홍대입구역 6번출구,ST-2152,71,5,7,126.9288559,37.55657578
2026-06-26T10:18:36.900220+09:00,홍대 관광특구,홍대 관광특구,POI007,KEY_4,108. 서교동 사거리,ST-10,92,11,12,126.91861725,37.55274582
2026-06-26T10:18:36.900220+09:00,홍대 관광특구,홍대 관광특구,POI007,KEY_4,114. 홍대입구역 8번출구 앞,ST-20,100,15,15,126.92442322,37.55706024
2026-06-26T10:18:36.900220+09:00,홍대 관광특구,홍대 관광특구,POI007,KEY_4,3009. 홍대입구역 사거리,ST-2167,80,16,20,126.92023468,37.55450058
2026-06-26T10:18:36.900220+09:00,홍대 관광특구,홍대 관광특구,POI007,KEY_4,3010.홍대입구역 3번출구,ST-2168,113,17,15,126.92538452,37.5582962
2026-06-26T10:18:36.900220+09:00,홍대 관광특구,홍대 관광특구,POI007,KEY_4,4208. 스타벅스(동교동) 앞,ST-2532,110,11,10,126.91986847,37.5566597
2026-06-26T10:18:36.900220+09:00,홍대 관광특구,홍대 관광특구,POI007,KEY_4,4211. 시석빌딩 앞,ST-2534,25,2,8,126.91671753,37.54836655
2026-06-26T10:18:36.900220+09:00,국립중앙박물관·용산가족공원,국립중앙박물관·용산가족공원,POI089,KEY_1,863.이촌역2번 출구,ST-2187,170,17,10,126.977005,37.52177048
2026-06-26T10:18:36.900220+09:00,국립중앙박물관·용산가족공원,국립중앙박물관·용산가족공원,POI089,KEY_1,855.이촌역5번출구 앞,ST-2179,30,3,10,126.97277069,37.52272415
2026-06-26T10:18:36.900220+09:00,남산공원,남산공원,POI091,KEY_3,859.남산공원 야외식물원 앞,ST-2183,0,0,10,126.99586487,37.54188538
2026-06-26T10:18:36.900220+09:00,남산공원,남산공원,POI091,KEY_3,371. 동대입구역 6번출구 뒤,ST-186,20,2,10,127.00553894,37.55887222
2026-06-26T10:18:36.900220+09:00,남산공원,남산공원,POI091,KEY_3,381. 장충체육관,ST-196,30,3,10,127.00698853,37.55853271
2026-06-26T10:18:36.900220+09:00,남산공원,남산공원,POI091,KEY_3,4621. 남산도서관 앞,ST-3054,0,0,12,126.98201752,37.55240631
2026-06-26T10:18:36.900220+09:00,노들섬,노들섬,POI092,KEY_4,869.노들섬 동측 앞,ST-2239,0,0,10,126.95914459,37.51729584
2026-06-26T10:18:36.900220+09:00,노들섬,노들섬,POI092,KEY_4,870.노들섬 서측 앞,ST-2240,30,3,10,126.95829773,37.51731873
2026-06-26T10:18:36.900220+09:00,망원한강공원,망원한강공원,POI094,KEY_2,105. 합정역 5번출구 앞,ST-7,0,0,5,126.91482544,37.55000687
2026-06-26T10:18:36.900220+09:00,망원한강공원,망원한강공원,POI094,KEY_2,4217. 한강공원 망원나들목,ST-2905,120,24,20,126.89688873,37.55557632
2026-06-26T10:18:36.900220+09:00,망원한강공원,망원한강공원,POI094,KEY_2,5515.한강버스 망원 선착장,ST-3388,137,41,30,126.89590454,37.55466461
2026-06-26T10:18:36.900220+09:00,보라매공원,보라매공원,POI123,KEY_4,4181. 보라매공원역 2번출구,ST-3117,100,6,6,126.91781616,37.49582291
2026-06-26T10:18:36.900220+09:00,보라매공원,보라매공원,POI123,KEY_4,4179. 보라매병원역 1번출구,ST-3105,35,7,20,126.92362976,37.49304199
2026-06-26T10:18:36.900220+09:00,북서울꿈의숲,북서울꿈의숲,POI096,KEY_1,3718. 번동3단지 버스정류장,ST-2610,191,21,11,127.04390717,37.628685
2026-06-26T10:18:36.900220+09:00,북서울꿈의숲,북서울꿈의숲,POI096,KEY_1,1548. 북서울 꿈의숲 서문,ST-1725,93,14,15,127.03781128,37.62268829
2026-06-26T10:18:36.900220+09:00,북서울꿈의숲,북서울꿈의숲,POI096,KEY_1,1571.북서울 꿈의 숲 입구,ST-2401,0,0,10,127.03864288,37.62657166
2026-06-26T10:18:36.900220+09:00,서대문독립공원,서대문독립공원,POI124,KEY_2,367. 독립문역 3-1번출구,ST-180,15,2,13,126.95851898,37.57415771
2026-06-26T10:18:36.900220+09:00,서대문독립공원,서대문독립공원,POI124,KEY_2,3427.인왕산 아이파크 정문,ST-1824,125,10,8,126.95584869,37.57666779
2026-06-26T10:18:36.900220+09:00,서대문독립공원,서대문독립공원,POI124,KEY_2,3113. 독립문 앞,ST-2199,0,0,15,126.95974731,37.57220459
2026-06-26T10:18:36.900220+09:00,서대문독립공원,서대문독립공원,POI124,KEY_2,3426.독립문역 2번출구 뒤,ST-1823,110,11,10,126.95755005,37.57501602
2026-06-26T10:18:36.900220+09:00,서리풀공원·몽마르뜨공원,서리풀공원·몽마르뜨공원,POI098,KEY_3,4316. 고속터미널역 3번출구,ST-2667,20,5,25,127.0059433,37.50365829
2026-06-26T10:18:36.900220+09:00,서리풀공원·몽마르뜨공원,서리풀공원·몽마르뜨공원,POI098,KEY_3,4312. 반포미도2차아파트 옆,ST-2663,10,1,10,127.00653076,37.50320435
2026-06-26T10:18:36.900220+09:00,서리풀공원·몽마르뜨공원,서리풀공원·몽마르뜨공원,POI098,KEY_3,4327. 몽마르뜨공원입구,ST-3009,136,15,11,127.0026474,37.4928894
2026-06-26T10:18:36.900220+09:00,서울숲공원,서울숲공원,POI101,KEY_1,510. 뚝도아리수정수센터 버스정류소 옆,ST-107,67,10,15,127.04380035,37.54122162
2026-06-26T10:18:36.900220+09:00,서울숲공원,서울숲공원,POI101,KEY_1,3552.서울숲 공영주차장앞,ST-2334,21,4,19,127.04277039,37.54195786
2026-06-26T10:18:36.900220+09:00,서울숲공원,서울숲공원,POI101,KEY_1,4401.뚝섬유수지 공영주차장,ST-3393,30,3,10,127.042099,37.55018234
2026-06-26T10:18:36.900220+09:00,송현녹지광장,송현녹지광장,POI129,KEY_2,354. 포르투갈 대사관 앞,ST-170,0,0,10,126.98896027,37.57915497
2026-06-26T10:18:36.900220+09:00,송현녹지광장,송현녹지광장,POI129,KEY_2,314. 국립현대미술관,ST-130,120,12,10,126.98085785,37.5797081
2026-06-26T10:18:36.900220+09:00,송현녹지광장,송현녹지광장,POI129,KEY_2,353. 재동초교 앞 삼거리,ST-169,88,7,8,126.9849472,37.57938766
2026-06-26T10:18:36.900220+09:00,송현녹지광장,송현녹지광장,POI129,KEY_2,3407.안국동사거리(신),ST-1804,39,7,18,126.98339081,37.57580566
2026-06-26T10:18:36.900220+09:00,송현녹지광장,송현녹지광장,POI129,KEY_2,4719. 종로문화원 건너편,ST-3090,113,17,15,126.9805069,37.57571411
2026-06-26T10:18:36.900220+09:00,송현녹지광장,송현녹지광장,POI129,KEY_2,4705. 웰니스센터(민방위교육장 앞),ST-2565,33,2,6,126.98912811,37.57752991
2026-06-26T10:18:36.900220+09:00,어린이대공원,어린이대공원,POI104,KEY_2,574. 아차산역4번출구,ST-385,27,6,22,127.08898163,37.55184937
2026-06-26T10:18:36.900220+09:00,어린이대공원,어린이대공원,POI104,KEY_2,573. 구의문주차장 앞,ST-384,0,0,10,127.08473206,37.54523087
2026-06-26T10:18:36.900220+09:00,어린이대공원,어린이대공원,POI104,KEY_2,500. 어린이대공원역 3번출구 앞,ST-97,0,0,5,127.07466888,37.54697037
2026-06-26T10:18:36.900220+09:00,어린이대공원,어린이대공원,POI104,KEY_2,3860. 건국대학교 정문 앞,ST-2542,10,1,10,127.07571411,37.5465126
2026-06-26T10:18:36.900220+09:00,어린이대공원,어린이대공원,POI104,KEY_2,3529. 어린이대공원정문,ST-1603,27,4,15,127.07592773,37.54978943
2026-06-26T10:18:36.900220+09:00,어린이대공원,어린이대공원,POI104,KEY_2,3507. 어린이회관,ST-1192,48,15,31,127.07800293,37.54595184
2026-06-26T10:18:36.900220+09:00,어린이대공원,어린이대공원,POI104,KEY_2,3853. 어린이대공원역 2번출구,ST-2541,122,22,18,127.07470703,37.54764938
2026-06-26T10:18:36.900220+09:00,어린이대공원,어린이대공원,POI104,KEY_2,3573.광나루안전체험관,ST-2312,7,1,15,127.07671356,37.5513382
2026-06-26T10:18:36.900220+09:00,여의도한강공원,여의도한강공원,POI105,KEY_3,260. 여의도 마리나선착장 앞,ST-414,20,3,15,126.91216278,37.53365707
2026-06-26T10:18:36.900220+09:00,여의도한강공원,여의도한강공원,POI105,KEY_3,249. 여의도중학교 옆,ST-297,6,1,16,126.93580627,37.52457809
2026-06-26T10:18:36.900220+09:00,여의도한강공원,여의도한강공원,POI105,KEY_3,5891.한강버스 여의도 선착장,ST-3402,243,73,30,126.93422699,37.52816391
2026-06-26T10:18:36.900220+09:00,여의도한강공원,여의도한강공원,POI105,KEY_3,5890.여의나루역 3번출구,ST-3401,9,1,11,126.93336487,37.52645493
2026-06-26T10:18:36.900220+09:00,여의서로,여의서로,POI126,KEY_4,298.KBS 연구동 건너편,ST-1970,0,0,25,126.91374207,37.52724838
2026-06-26T10:18:36.900220+09:00,여의서로,여의서로,POI126,KEY_4,297.국회3문,ST-1969,0,0,10,126.91267395,37.52863693
2026-06-26T10:18:36.900220+09:00,여의서로,여의서로,POI126,KEY_4,260. 여의도 마리나선착장 앞,ST-414,20,3,15,126.91216278,37.53365707
2026-06-26T10:18:36.900220+09:00,올림픽공원,올림픽공원,POI127,KEY_1,1268. 몽촌토성역 1번출구 옆,ST-1087,20,3,15,127.11419678,37.51728821
2026-06-26T10:18:36.900220+09:00,올림픽공원,올림픽공원,POI127,KEY_1,1267. 올림픽공원 남2문 앞,ST-1086,7,1,14,127.12306976,37.51424026
2026-06-26T10:18:36.900220+09:00,올림픽공원,올림픽공원,POI127,KEY_1,2621. 한성백제역 2번 출구,ST-1719,27,4,15,127.11625671,37.51665878
2026-06-26T10:18:36.900220+09:00,올림픽공원,올림픽공원,POI127,KEY_1,2622. 올림픽공원역 3번출구,ST-1720,90,18,20,127.13059235,37.51625824
2026-06-26T10:18:36.900220+09:00,올림픽공원,올림픽공원,POI127,KEY_1,4857. 올림픽공원 장미광장,ST-2621,20,3,15,127.126297,37.51275635
2026-06-26T10:18:36.900220+09:00,올림픽공원,올림픽공원,POI127,KEY_1,4856. 올림픽공원 서1문 앞,ST-2608,370,37,10,127.11457062,37.5202179
2026-06-26T10:18:36.900220+09:00,올림픽공원,올림픽공원,POI127,KEY_1,5751. 송파여성축구장,ST-3069,50,5,10,127.11743927,37.52471542
2026-06-26T10:18:36.900220+09:00,올림픽공원,올림픽공원,POI127,KEY_1,5781. 올림픽공원 수영장,ST-3300,386,54,14,127.12688446,37.52157211
2026-06-26T10:18:36.900220+09:00,올림픽공원,올림픽공원,POI127,KEY_1,4464. 올림픽공원 북2문 A,ST-2580,93,14,15,127.12804413,37.52357483
2026-06-26T10:18:36.900220+09:00,올림픽공원,올림픽공원,POI127,KEY_1,4481. 올림픽공원 북2문 B,ST-2592,152,38,25,127.12751007,37.52397537
2026-06-26T10:18:36.900220+09:00,올림픽공원,올림픽공원,POI127,KEY_1,4865. 한성백제역 1번출구 뒤,ST-2797,20,1,5,127.1149826,37.51647949
2026-06-26T10:18:36.900220+09:00,올림픽공원,올림픽공원,POI127,KEY_1,4862. 성내교 남단,ST-2756,40,4,10,127.11588287,37.52301788
2026-06-26T10:18:36.900220+09:00,월드컵공원,월드컵공원,POI106,KEY_2,413. 상암월드컵파크 3단지 후문,ST-92,40,4,10,126.88968658,37.57147598
2026-06-26T10:18:36.900220+09:00,월드컵공원,월드컵공원,POI106,KEY_2,199. 서울 월드컵 경기장,ST-443,60,18,30,126.89644623,37.56684494
2026-06-26T10:18:36.900220+09:00,월드컵공원,월드컵공원,POI106,KEY_2,418. 월드컵경기장역 3번출구 옆,ST-89,20,4,20,126.8992691,37.57277679
2026-06-26T10:18:36.900220+09:00,월드컵공원,월드컵공원,POI106,KEY_2,419. 홈플러스 마포점 앞,ST-87,86,18,21,126.89942932,37.56842041
2026-06-26T10:18:36.900220+09:00,월드컵공원,월드컵공원,POI106,KEY_2,186. 월드컵공원,ST-344,95,38,40,126.89820862,37.56396484
2026-06-26T10:18:36.900220+09:00,월드컵공원,월드컵공원,POI106,KEY_2,420. 서울시 공공자전거 상암센터,ST-85,103,38,37,126.8961792,37.56624603
2026-06-26T10:18:36.900220+09:00,월드컵공원,월드컵공원,POI106,KEY_2,440. 하늘공원 입구,ST-1754,60,9,15,126.88134766,37.57012177
2026-06-26T10:18:36.900220+09:00,월드컵공원,월드컵공원,POI106,KEY_2,3008.DMC역7번출구,ST-2166,10,1,10,126.89836121,37.57711411
2026-06-26T10:18:36.900220+09:00,응봉산,응봉산,POI107,KEY_3,569. 응봉현대아파트 정류소,ST-370,0,0,10,127.03024292,37.54958344
2026-06-26T10:18:36.900220+09:00,응봉산,응봉산,POI107,KEY_3,3511. 응봉역 1번출구,ST-1195,60,6,10,127.0351944,37.55130386
2026-06-26T10:18:36.900220+09:00,응봉산,응봉산,POI107,KEY_3,3525. 금호스포츠센터앞,ST-1599,140,21,15,127.02507019,37.54608917
2026-06-26T10:18:36.900220+09:00,청계산,청계산,POI112,KEY_4,2203. 청계산입구역 2번출구,ST-925,20,2,10,127.05501556,37.44765854
2026-06-26T10:18:36.900220+09:00,청계산,청계산,POI112,KEY_4,4338.새정이마을버스정류장 앞,ST-3216,80,4,5,127.06594849,37.43474579
2026-06-26T10:18:36.900220+09:00,가락시장,가락시장,POI058,KEY_2,2658.가락몰 업무동,ST-2409,100,10,10,127.11569214,37.49535751
2026-06-26T10:18:36.900220+09:00,가락시장,가락시장,POI058,KEY_2,2659.서울친환경유통센터,ST-2410,0,0,10,127.10492706,37.49420929
2026-06-26T10:18:36.900220+09:00,가락시장,가락시장,POI058,KEY_2,4854. 가락시장역 2번 출구,ST-2606,0,0,10,127.11798859,37.492733
2026-06-26T10:18:36.900220+09:00,가락시장,가락시장,POI058,KEY_2,4480. 가락시장 남1문 사거리,ST-2591,7,1,15,127.11745453,37.49201584
2026-06-26T10:18:36.900220+09:00,가로수길,가로수길,POI059,KEY_3,2362. 신사동 가로수길 입구,ST-1171,50,5,10,127.02245331,37.51763535
2026-06-26T10:18:36.900220+09:00,가로수길,가로수길,POI059,KEY_3,3606. 신사동주민센터 옆,ST-2673,120,12,10,127.02285004,37.52422714
2026-06-26T10:18:36.900220+09:00,가로수길,가로수길,POI059,KEY_3,4907. 극동스포츠 앞,ST-3078,340,17,5,127.02588654,37.5257225
2026-06-26T10:18:36.900220+09:00,가로수길,가로수길,POI059,KEY_3,4903. 신사스퀘어,ST-3066,30,3,10,127.0189743,37.51916885
2026-06-26T10:18:36.900220+09:00,김포공항,김포공항,POI061,KEY_1,3776. 김포공항사거리,ST-2484,170,17,10,126.80518341,37.5675354
2026-06-26T10:18:36.900220+09:00,김포공항,김포공항,POI061,KEY_1,5072. 김포공항입구 교통섬,ST-2947,110,11,10,126.80708313,37.56154633
2026-06-26T10:18:36.900220+09:00,남대문시장,남대문시장,POI115,KEY_2,324. 신세계백화점 본점 앞,ST-140,150,12,8,126.9805069,37.56134415
2026-06-26T10:18:36.900220+09:00,남대문시장,남대문시장,POI115,KEY_2,470.회현역 7번출구,ST-1776,15,2,13,126.98000336,37.55974579
2026-06-26T10:18:36.900220+09:00,남대문시장,남대문시장,POI115,KEY_2,4776. 신세계면세점,ST-2522,30,3,10,126.98139191,37.56027603
2026-06-26T10:18:36.900220+09:00,노량진,노량진,POI063,KEY_3,2003. 사육신공원앞,ST-877,130,13,10,126.94805908,37.51335907
2026-06-26T10:18:36.900220+09:00,노량진,노량진,POI063,KEY_3,2058. 동작경찰서,ST-1150,43,6,14,126.94352722,37.5135231
2026-06-26T10:18:36.900220+09:00,노량진,노량진,POI063,KEY_3,2070. 노량진역 2번 출구 앞,ST-1545,111,20,18,126.94306946,37.51391983
2026-06-26T10:18:36.900220+09:00,노량진,노량진,POI063,KEY_3,2002. 노들역 1번출구,ST-683,53,9,17,126.95246887,37.51284409
2026-06-26T10:18:36.900220+09:00,노량진,노량진,POI063,KEY_3,2050. 노량진역 5번출구,ST-699,100,15,15,126.93997192,37.51324844
2026-06-26T10:18:36.900220+09:00,덕수궁길·정동길,덕수궁길·정동길,POI064,KEY_4,300. 정동사거리,ST-116,117,7,6,126.96923065,37.56805038
2026-06-26T10:18:36.900220+09:00,덕수궁길·정동길,덕수궁길·정동길,POI064,KEY_4,391. 시립미술관,ST-977,213,17,8,126.97340393,37.56505203
2026-06-26T10:18:36.900220+09:00,덕수궁길·정동길,덕수궁길·정동길,POI064,KEY_4,6058. 시청역 2번출구,ST-3297,27,4,15,126.97702026,37.56557846
2026-06-26T10:18:36.900220+09:00,덕수궁길·정동길,덕수궁길·정동길,POI064,KEY_4,4715. 돈의문 박물관 마을,ST-2923,20,3,15,126.96955109,37.56883621
2026-06-26T10:18:36.900220+09:00,북촌한옥마을,북촌한옥마을,POI066,KEY_2,354. 포르투갈 대사관 앞,ST-170,0,0,10,126.98896027,37.57915497
2026-06-26T10:18:36.900220+09:00,북촌한옥마을,북촌한옥마을,POI066,KEY_2,352. 중앙고입구 삼거리,ST-168,0,0,10,126.98523712,37.58341599
2026-06-26T10:18:36.900220+09:00,북촌한옥마을,북촌한옥마을,POI066,KEY_2,465. 삼청공원 앞,ST-1759,140,7,5,126.9835968,37.58760452
2026-06-26T10:18:36.900220+09:00,북촌한옥마을,북촌한옥마을,POI066,KEY_2,314. 국립현대미술관,ST-130,120,12,10,126.98085785,37.5797081
2026-06-26T10:18:36.900220+09:00,북촌한옥마을,북촌한옥마을,POI066,KEY_2,353. 재동초교 앞 삼거리,ST-169,88,7,8,126.9849472,37.57938766
2026-06-26T10:18:36.900220+09:00,북촌한옥마을,북촌한옥마을,POI066,KEY_2,464. 삼청동 골목,ST-1756,130,13,10,126.98169708,37.58419037
2026-06-26T10:18:36.900220+09:00,북촌한옥마을,북촌한옥마을,POI066,KEY_2,451. 청와대앞길,ST-979,13,1,8,126.97966766,37.58351517
2026-06-26T10:18:36.900220+09:00,북촌한옥마을,북촌한옥마을,POI066,KEY_2,3407.안국동사거리(신),ST-1804,39,7,18,126.98339081,37.57580566
2026-06-26T10:18:36.900220+09:00,북촌한옥마을,북촌한옥마을,POI066,KEY_2,4719. 종로문화원 건너편,ST-3090,113,17,15,126.9805069,37.57571411
2026-06-26T10:18:36.900220+09:00,북촌한옥마을,북촌한옥마을,POI066,KEY_2,4705. 웰니스센터(민방위교육장 앞),ST-2565,33,2,6,126.98912811,37.57752991
2026-06-26T10:18:36.900220+09:00,서촌,서촌,POI067,KEY_3,450. 효자동 삼거리,ST-978,16,8,51,126.97254944,37.58360291
2026-06-26T10:18:36.900220+09:00,서촌,서촌,POI067,KEY_3,349. 어린이도서관,ST-165,0,0,5,126.96858978,37.57633209
2026-06-26T10:18:36.900220+09:00,서촌,서촌,POI067,KEY_3,4721. 통인시장 정자,ST-3354,13,1,8,126.96878815,37.58055878
2026-06-26T10:18:36.900220+09:00,서촌,서촌,POI067,KEY_3,4710. 자교교회 앞,ST-2473,0,0,8,126.97123718,37.58114624
2026-06-26T10:18:36.900220+09:00,성수카페거리,성수카페거리,POI068,KEY_4,514. 성수사거리 버스정류장 앞,ST-112,308,37,12,127.06330872,37.54257965
2026-06-26T10:18:36.900220+09:00,성수카페거리,성수카페거리,POI068,KEY_4,587. 유니베라 앞,ST-482,280,28,10,127.05264282,37.54541779
2026-06-26T10:18:36.900220+09:00,성수카페거리,성수카페거리,POI068,KEY_4,513. 뚝섬역 5번 출구 정류소 옆,ST-111,169,22,13,127.04980469,37.54630661
2026-06-26T10:18:36.900220+09:00,성수카페거리,성수카페거리,POI068,KEY_4,3548.뚝섬역 6번출구,ST-2330,150,15,10,127.04766846,37.54695892
2026-06-26T10:18:36.900220+09:00,성수카페거리,성수카페거리,POI068,KEY_4,4377. 우영테크노센터 앞,ST-3003,325,26,8,127.05971527,37.54332352
2026-06-26T10:18:36.900220+09:00,성수카페거리,성수카페거리,POI068,KEY_4,4398. 유원지식산업센터 앞,ST-3325,50,8,16,127.05593109,37.54436493
2026-06-26T10:18:36.900220+09:00,성수카페거리,성수카페거리,POI068,KEY_4,4399. 더리브 세종타워 앞,ST-3326,114,8,7,127.0580368,37.54378128
2026-06-26T10:18:36.900220+09:00,성수카페거리,성수카페거리,POI068,KEY_4,4387. 성수역 1번출구 주변,ST-3121,263,21,8,127.05336761,37.54555893
2026-06-26T10:18:36.900220+09:00,송리단길·호수단길,송리단길·호수단길,POI121,KEY_1,2639.석촌역 8번출구,ST-1866,39,7,18,127.10657501,37.50550461
2026-06-26T10:18:36.900220+09:00,송리단길·호수단길,송리단길·호수단길,POI121,KEY_1,4868. 석촌호수 서호 남단,ST-2833,70,7,10,127.10124207,37.50717163
2026-06-26T10:18:36.900220+09:00,신촌 스타광장,신촌 스타광장,POI122,KEY_2,128. 신촌역(2호선) 1번출구 옆,ST-30,42,8,19,126.93634033,37.55549622
2026-06-26T10:18:36.900220+09:00,신촌 스타광장,신촌 스타광장,POI122,KEY_2,3116.신촌역 4번출구,ST-2201,60,6,10,126.93720245,37.55550385
2026-06-26T10:18:36.900220+09:00,압구정로데오거리,압구정로데오거리,POI071,KEY_3,2365. K+ 타워 앞,ST-1174,40,6,15,127.03847504,37.52330017
2026-06-26T10:18:36.900220+09:00,압구정로데오거리,압구정로데오거리,POI071,KEY_3,2310. 청담동 맥도날드 옆(위치),ST-794,90,9,10,127.04017639,37.52361298
2026-06-26T10:18:36.900220+09:00,여의도,여의도,POI072,KEY_4,221. 여의도초교 앞,ST-67,20,2,10,126.93778992,37.52267456
2026-06-26T10:18:36.900220+09:00,여의도,여의도,POI072,KEY_4,223. 진주아파트상가 앞,ST-69,0,0,20,126.9333725,37.51913071
2026-06-26T10:18:36.900220+09:00,여의도,여의도,POI072,KEY_4,224. 롯데캐슬 앞,ST-70,5,1,20,126.93236542,37.5200882
2026-06-26T10:18:36.900220+09:00,여의도,여의도,POI072,KEY_4,207. 여의나루역 1번출구 앞,ST-73,4,2,46,126.93190002,37.52715683
2026-06-26T10:18:36.900220+09:00,여의도,여의도,POI072,KEY_4,226. 샛강역 1번출구 앞,ST-72,26,5,19,126.92841339,37.51776505
2026-06-26T10:18:36.900220+09:00,여의도,여의도,POI072,KEY_4,200. 국회의원회관,ST-45,41,9,22,126.91391754,37.52841568
2026-06-26T10:18:36.900220+09:00,여의도,여의도,POI072,KEY_4,213. KT앞,ST-59,84,16,19,126.91895294,37.52190781
2026-06-26T10:18:36.900220+09:00,여의도,여의도,POI072,KEY_4,299.여의도 순복음교회,ST-1971,50,5,10,126.92245483,37.53179169
2026-06-26T10:18:36.900220+09:00,여의도,여의도,POI072,KEY_4,298.KBS 연구동 건너편,ST-1970,0,0,25,126.91374207,37.52724838
2026-06-26T10:18:36.900220+09:00,여의도,여의도,POI072,KEY_4,209. 유진투자증권빌딩 앞,ST-55,300,66,22,126.92783356,37.52461243
2026-06-26T10:18:36.900220+09:00,여의도,여의도,POI072,KEY_4,222. 시범아파트버스정류장 옆,ST-68,58,7,12,126.93688965,37.51902008
2026-06-26T10:18:36.900220+09:00,여의도,여의도,POI072,KEY_4,225. 앙카라공원 앞,ST-71,4,1,26,126.92961884,37.51758575
2026-06-26T10:18:36.900220+09:00,여의도,여의도,POI072,KEY_4,204. 국회의사당역 5번출구 옆,ST-50,108,14,13,126.91702271,37.52816391
2026-06-26T10:18:36.900220+09:00,여의도,여의도,POI072,KEY_4,297.국회3문,ST-1969,0,0,10,126.91267395,37.52863693
2026-06-26T10:18:36.900220+09:00,여의도,여의도,POI072,KEY_4,260. 여의도 마리나선착장 앞,ST-414,20,3,15,126.91216278,37.53365707
2026-06-26T10:18:36.900220+09:00,여의도,여의도,POI072,KEY_4,248. 초원아파트 앞,ST-296,90,9,10,126.92420959,37.53105545
2026-06-26T10:18:36.900220+09:00,여의도,여의도,POI072,KEY_4,220. 미성아파트 A동 앞,ST-63,50,15,30,126.92604828,37.5193634
2026-06-26T10:18:36.900220+09:00,여의도,여의도,POI072,KEY_4,205. 산업은행 앞,ST-52,75,15,20,126.92050934,37.52626419
2026-06-26T10:18:36.900220+09:00,여의도,여의도,POI072,KEY_4,249. 여의도중학교 옆,ST-297,6,1,16,126.93580627,37.52457809
2026-06-26T10:18:36.900220+09:00,여의도,여의도,POI072,KEY_4,201. 진미파라곤 앞,ST-46,27,4,15,126.92133331,37.53123856
2026-06-26T10:18:36.900220+09:00,여의도,여의도,POI072,KEY_4,215. 여의도고교 앞,ST-64,10,1,10,126.93490601,37.52483749
2026-06-26T10:18:36.900220+09:00,여의도,여의도,POI072,KEY_4,270. 증권거래소후문교차로,ST-424,280,28,10,126.92710114,37.52234268
2026-06-26T10:18:36.900220+09:00,여의도,여의도,POI072,KEY_4,214. 금융감독원 앞,ST-60,238,50,21,126.9208374,37.5230217
2026-06-26T10:18:36.900220+09:00,여의도,여의도,POI072,KEY_4,217. NH농협은행 앞,ST-66,480,72,15,126.93036652,37.52207947
2026-06-26T10:18:36.900220+09:00,여의도,여의도,POI072,KEY_4,219. 롯데캐슬엠파이어 옆,ST-62,183,22,12,126.92583466,37.52069473
2026-06-26T10:18:36.900220+09:00,여의도,여의도,POI072,KEY_4,203. 국회의사당역 3번출구 옆,ST-51,93,14,15,126.91870117,37.5280571
2026-06-26T10:18:36.900220+09:00,여의도,여의도,POI072,KEY_4,271. 샛강생태공원방문자센터 앞,ST-425,10,1,10,126.9216156,37.51896286
2026-06-26T10:18:36.900220+09:00,여의도,여의도,POI072,KEY_4,202. 국민일보 앞,ST-47,253,76,30,126.92453003,37.52881622
2026-06-26T10:18:36.900220+09:00,여의도,여의도,POI072,KEY_4,206. KBS 앞,ST-53,146,51,35,126.91802216,37.52466583
2026-06-26T10:18:36.900220+09:00,여의도,여의도,POI072,KEY_4,4564. 63스퀘어,ST-2814,253,43,17,126.93965912,37.52070999
2026-06-26T10:18:36.900220+09:00,여의도,여의도,POI072,KEY_4,5889.의원회관출입구 앞,ST-3377,10,1,10,126.91479492,37.52985382
2026-06-26T10:18:36.900220+09:00,여의도,여의도,POI072,KEY_4,5853. 여의도역2번출구 앞,ST-3061,80,8,10,126.92271423,37.52243423
2026-06-26T10:18:36.900220+09:00,여의도,여의도,POI072,KEY_4,5892.국회의사당본관 좌측,ST-3383,143,10,7,126.91375732,37.53090286
2026-06-26T10:18:36.900220+09:00,여의도,여의도,POI072,KEY_4,4580. 국회제2의원회관,ST-2644,171,29,17,126.91316986,37.52974701
2026-06-26T10:18:36.900220+09:00,여의도,여의도,POI072,KEY_4,4582. 국회도서관,ST-2646,67,8,12,126.91817474,37.53054047
2026-06-26T10:18:36.900220+09:00,여의도,여의도,POI072,KEY_4,5891.한강버스 여의도 선착장,ST-3402,243,73,30,126.93422699,37.52816391
2026-06-26T10:18:36.900220+09:00,여의도,여의도,POI072,KEY_4,4585. 국회6문,ST-2694,83,5,6,126.91799164,37.53271866
2026-06-26T10:18:36.900220+09:00,여의도,여의도,POI072,KEY_4,4581. 국회소통관,ST-2645,25,3,12,126.9128952,37.53050232
2026-06-26T10:18:36.900220+09:00,여의도,여의도,POI072,KEY_4,5890.여의나루역 3번출구,ST-3401,9,1,11,126.93336487,37.52645493
2026-06-26T10:18:36.900220+09:00,여의도,여의도,POI072,KEY_4,5859. 여의도 삼부아파트,ST-3160,0,0,10,126.93045807,37.52539444
2026-06-26T10:18:36.900220+09:00,여의도,여의도,POI072,KEY_4,4589. KRX한국거래소(1),ST-2899,161,29,18,126.92759705,37.52338028
2026-06-26T10:18:36.900220+09:00,여의도,여의도,POI072,KEY_4,5888.여의도성당,ST-3375,0,0,7,126.93920898,37.52164459
2026-06-26T10:18:36.900220+09:00,여의도,여의도,POI072,KEY_4,4563. 여의도 은하아파트,ST-2813,40,4,10,126.93448639,37.51850891
2026-06-26T10:18:36.900220+09:00,여의도,여의도,POI072,KEY_4,4584. 국회2문,ST-2648,0,0,9,126.91510773,37.52864075
2026-06-26T10:18:36.900220+09:00,여의도,여의도,POI072,KEY_4,4579. 국회의사당 본관,ST-2643,6,1,17,126.91404724,37.5325737
2026-06-26T10:18:36.900220+09:00,여의도,여의도,POI072,KEY_4,5878. 우리은행 앞,ST-3315,510,102,20,126.92162323,37.52349091
2026-06-26T10:18:36.900220+09:00,여의도,여의도,POI072,KEY_4,5879. 국회도서관 2문 앞,ST-3318,100,8,8,126.91668701,37.53107071
2026-06-26T10:18:36.900220+09:00,여의도,여의도,POI072,KEY_4,5870. LG트윈타워 앞,ST-3239,190,38,20,126.93017578,37.52833176
2026-06-26T10:18:36.900220+09:00,여의도,여의도,POI072,KEY_4,5880. 국회박물관,ST-3319,0,0,7,126.91945648,37.53183365
2026-06-26T10:18:36.900220+09:00,여의도,여의도,POI072,KEY_4,5897.여의도공작아파트,ST-3426,20,2,10,126.92987061,37.52595139
2026-06-26T10:18:36.900220+09:00,여의도,여의도,POI072,KEY_4,5893.한국산업은행,ST-3397,550,55,10,126.92175293,37.52814484
2026-06-26T10:18:36.900220+09:00,여의도,여의도,POI072,KEY_4,4583. 의정관,ST-2647,58,7,12,126.91747284,37.53214645
2026-06-26T10:18:36.900220+09:00,연남동,연남동,POI073,KEY_1,107. 수협 연남동지점,ST-9,80,8,10,126.91871643,37.55784607
2026-06-26T10:18:36.900220+09:00,연남동,연남동,POI073,KEY_1,4233. 코오롱아파트사거리,ST-2979,200,20,10,126.92149353,37.56306458
2026-06-26T10:18:36.900220+09:00,영등포 타임스퀘어,영등포 타임스퀘어,POI074,KEY_2,284. 센트럴 푸르지오 시티 앞,ST-1650,138,22,16,126.90222931,37.51821136
2026-06-26T10:18:36.900220+09:00,영등포 타임스퀘어,영등포 타임스퀘어,POI074,KEY_2,3219.영등포역 1번출구,ST-1990,230,23,10,126.9077301,37.5148468
2026-06-26T10:18:36.900220+09:00,영등포 타임스퀘어,영등포 타임스퀘어,POI074,KEY_2,4565. 영등포 신세계백화점,ST-2815,210,21,10,126.90364838,37.51803589
2026-06-26T10:18:36.900220+09:00,영등포 타임스퀘어,영등포 타임스퀘어,POI074,KEY_2,5858. 영등포역5번출구,ST-3142,0,0,10,126.90807343,37.51669312
2026-06-26T10:18:36.900220+09:00,영등포 타임스퀘어,영등포 타임스퀘어,POI074,KEY_2,5868. 로프트시티오피스텔,ST-3238,117,7,6,126.90843201,37.51906204
2026-06-26T10:18:36.900220+09:00,용리단길,용리단길,POI076,KEY_3,817. 삼각지역 4번출구 앞,ST-436,0,0,9,126.97173309,37.53345108
2026-06-26T10:18:36.900220+09:00,용리단길,용리단길,POI076,KEY_3,816. 신용산역 6번출구 앞,ST-435,36,9,25,126.96848297,37.53014755
2026-06-26T10:18:36.900220+09:00,이태원 앤틱가구거리,이태원 앤틱가구거리,POI077,KEY_4,4615. 크라운호텔앞 버스정류소,ST-2446,86,6,7,126.99137878,37.53030014
2026-06-26T10:18:36.900220+09:00,이태원 앤틱가구거리,이태원 앤틱가구거리,POI077,KEY_4,4634. 이태원역 3번 출구,ST-3056,0,0,5,126.99497223,37.5343895
2026-06-26T10:18:36.900220+09:00,익선동,익선동,POI116,KEY_1,334. 종로3가역 2번출구 뒤,ST-150,20,2,10,126.99179077,37.5705986
2026-06-26T10:18:36.900220+09:00,익선동,익선동,POI116,KEY_1,327. 낙원상가 옆,ST-143,20,2,10,126.9874649,37.57335663
2026-06-26T10:18:36.900220+09:00,익선동,익선동,POI116,KEY_1,328. 탑골공원 앞,ST-144,18,2,11,126.9881897,37.57039642
2026-06-26T10:18:36.900220+09:00,익선동,익선동,POI116,KEY_1,3410.종로3가역 8번출구,ST-1807,20,2,10,126.99188995,37.5724678
2026-06-26T10:18:36.900220+09:00,익선동,익선동,POI116,KEY_1,4713. 현대 뜨레비앙 아파트 앞,ST-2623,43,3,7,126.99062347,37.57528305
2026-06-26T10:18:36.900220+09:00,인사동,인사동,POI078,KEY_2,326. 안국역 5번출구 앞,ST-142,20,3,15,126.98616028,37.57624054
2026-06-26T10:18:36.900220+09:00,인사동,인사동,POI078,KEY_2,327. 낙원상가 옆,ST-143,20,2,10,126.9874649,37.57335663
2026-06-26T10:18:36.900220+09:00,인사동,인사동,POI078,KEY_2,454. 종로2가 버스정류장 (종각방향),ST-1607,23,3,13,126.98638153,37.57035828
2026-06-26T10:18:36.900220+09:00,인사동,인사동,POI078,KEY_2,3408.종로타워빌딩,ST-1805,62,8,13,126.98323822,37.57070541
2026-06-26T10:18:36.900220+09:00,창동 신경제 중심지,창동 신경제 중심지,POI079,KEY_4,1756.서울북부광역등기국,ST-2101,50,5,10,127.04431915,37.65148544
2026-06-26T10:18:36.900220+09:00,창동 신경제 중심지,창동 신경제 중심지,POI079,KEY_4,1722. 창동청소년수련관,ST-1292,7,1,15,127.05004883,37.65779877
2026-06-26T10:18:36.900220+09:00,창동 신경제 중심지,창동 신경제 중심지,POI079,KEY_4,1657. 노원구청,ST-1125,215,43,20,127.05732727,37.65404892
2026-06-26T10:18:36.900220+09:00,창동 신경제 중심지,창동 신경제 중심지,POI079,KEY_4,1662. 노원역7번출구,ST-1279,170,34,20,127.05921173,37.65421677
2026-06-26T10:18:36.900220+09:00,창동 신경제 중심지,창동 신경제 중심지,POI079,KEY_4,1674. 서울북부고용센터앞,ST-1291,167,25,15,127.05808258,37.65354919
2026-06-26T10:18:36.900220+09:00,창동 신경제 중심지,창동 신경제 중심지,POI079,KEY_4,1686. 상계주공10단지 종합상가 앞,ST-1476,7,1,15,127.05805206,37.66114044
2026-06-26T10:18:36.900220+09:00,창동 신경제 중심지,창동 신경제 중심지,POI079,KEY_4,1690. 도봉운전면허시험장 버스정류장 옆,ST-1641,20,2,10,127.05931091,37.6577301
2026-06-26T10:18:36.900220+09:00,창동 신경제 중심지,창동 신경제 중심지,POI079,KEY_4,1653. 노원역1번출구,ST-1121,140,14,10,127.06362152,37.65620041
2026-06-26T10:18:36.900220+09:00,창동 신경제 중심지,창동 신경제 중심지,POI079,KEY_4,1637. KT 전화국 버스정류장 옆,ST-611,78,7,9,127.06372833,37.6546669
2026-06-26T10:18:36.900220+09:00,창동 신경제 중심지,창동 신경제 중심지,POI079,KEY_4,1775.신원리베르텔 앞,ST-2120,60,9,15,127.04554749,37.65128708
2026-06-26T10:18:36.900220+09:00,창동 신경제 중심지,창동 신경제 중심지,POI079,KEY_4,1716. 창동역 1번출구 건너편,ST-1132,388,31,8,127.05072784,37.65420151
2026-06-26T10:18:36.900220+09:00,창동 신경제 중심지,창동 신경제 중심지,POI079,KEY_4,4098.창동역 1번출구 인근,ST-3430,288,23,8,127.04838562,37.65290833
2026-06-26T10:18:36.900220+09:00,창동 신경제 중심지,창동 신경제 중심지,POI079,KEY_4,4096.창동역2번출구 하나은행365 앞,ST-3368,263,21,8,127.04550171,37.65283585
2026-06-26T10:18:36.900220+09:00,창동 신경제 중심지,창동 신경제 중심지,POI079,KEY_4,5333. 노원역9번-10번 출구 앞,ST-3288,240,24,10,127.063591,37.65655518
2026-06-26T10:18:36.900220+09:00,창동 신경제 중심지,창동 신경제 중심지,POI079,KEY_4,5311. 주공601동 상가 노원지하보도 앞,ST-3116,220,11,5,127.06147766,37.65190125
2026-06-26T10:18:36.900220+09:00,청량리 제기동 일대 전통시장,청량리 제기동 일대 전통시장,POI081,KEY_2,676.FITI시험연구원 앞,ST-2276,67,6,9,127.03547668,37.58143234
2026-06-26T10:18:36.900220+09:00,청량리 제기동 일대 전통시장,청량리 제기동 일대 전통시장,POI081,KEY_2,633. 청량리 기업은행 앞,ST-400,263,21,8,127.04472351,37.58049774
2026-06-26T10:18:36.900220+09:00,청량리 제기동 일대 전통시장,청량리 제기동 일대 전통시장,POI081,KEY_2,640. 동대문경찰서 교차로,ST-407,117,7,6,127.04460144,37.58255005
2026-06-26T10:18:36.900220+09:00,청량리 제기동 일대 전통시장,청량리 제기동 일대 전통시장,POI081,KEY_2,4134. 제기동 현대아파트 앞,ST-3206,60,6,10,127.0353241,37.57994843
2026-06-26T10:18:36.900220+09:00,청량리 제기동 일대 전통시장,청량리 제기동 일대 전통시장,POI081,KEY_2,4147.청량리역광장,ST-3405,29,10,35,127.04673767,37.58024597
2026-06-26T10:18:36.900220+09:00,청량리 제기동 일대 전통시장,청량리 제기동 일대 전통시장,POI081,KEY_2,4149.제기동역 5번출구,ST-3428,43,3,7,127.03381348,37.5779953
2026-06-26T10:18:36.900220+09:00,DDP(동대문디자인플라자),DDP(동대문디자인플라자),POI083,KEY_4,475.DDP 패션몰,ST-1781,148,31,21,127.0118103,37.56764984
2026-06-26T10:18:36.900220+09:00,DDP(동대문디자인플라자),DDP(동대문디자인플라자),POI083,KEY_4,347. 동대문역사문화공원역 9번출구 앞,ST-163,33,6,18,127.00784302,37.56533051
2026-06-26T10:18:36.900220+09:00,DDP(동대문디자인플라자),DDP(동대문디자인플라자),POI083,KEY_4,474.동대문역사문화공원역 1번출구 뒤편,ST-1780,93,37,40,127.00849152,37.56629944
2026-06-26T10:18:36.900220+09:00,DDP(동대문디자인플라자),DDP(동대문디자인플라자),POI083,KEY_4,4765. 동대문디자인플라자,ST-2431,60,12,20,127.00946045,37.5683136
2026-06-26T10:18:36.900220+09:00,DMC(디지털미디어시티),DMC(디지털미디어시티),POI084,KEY_1,417. DMC역 2번출구 옆,ST-93,0,0,20,126.8999176,37.57506943
2026-06-26T10:18:36.900220+09:00,DMC(디지털미디어시티),DMC(디지털미디어시티),POI084,KEY_1,408. LG CNS앞,ST-84,86,12,14,126.88665009,37.58081055
2026-06-26T10:18:36.900220+09:00,DMC(디지털미디어시티),DMC(디지털미디어시티),POI084,KEY_1,405. DMC빌 앞,ST-80,113,9,8,126.88578796,37.58265686
2026-06-26T10:18:36.900220+09:00,DMC(디지털미디어시티),DMC(디지털미디어시티),POI084,KEY_1,409. 누리꿈스퀘어 옆,ST-86,147,44,30,126.88916016,37.57939911
2026-06-26T10:18:36.900220+09:00,DMC(디지털미디어시티),DMC(디지털미디어시티),POI084,KEY_1,489.구룡근린공원,ST-2148,60,6,10,126.88276672,37.58320236
2026-06-26T10:18:36.900220+09:00,DMC(디지털미디어시티),DMC(디지털미디어시티),POI084,KEY_1,415. DMC역 9번출구 앞,ST-95,10,1,10,126.89736176,37.57746887
2026-06-26T10:18:36.900220+09:00,DMC(디지털미디어시티),DMC(디지털미디어시티),POI084,KEY_1,414. 상암동주민센터 옆,ST-94,75,6,8,126.89447021,37.57822037
2026-06-26T10:18:36.900220+09:00,DMC(디지털미디어시티),DMC(디지털미디어시티),POI084,KEY_1,412. DMC산학협력연구센터 앞,ST-91,57,12,21,126.89079285,37.57565689
2026-06-26T10:18:36.900220+09:00,DMC(디지털미디어시티),DMC(디지털미디어시티),POI084,KEY_1,490.가온문화공원,ST-2149,117,27,23,126.88766479,37.58207703
2026-06-26T10:18:36.900220+09:00,DMC(디지털미디어시티),DMC(디지털미디어시티),POI084,KEY_1,425. DMC첨단산업센터,ST-991,140,14,10,126.88559723,37.58450317
2026-06-26T10:18:36.900220+09:00,DMC(디지털미디어시티),DMC(디지털미디어시티),POI084,KEY_1,411. DMC홍보관,ST-90,170,17,10,126.89147186,37.5779953
2026-06-26T10:18:36.900220+09:00,DMC(디지털미디어시티),DMC(디지털미디어시티),POI084,KEY_1,3007.MBC 앞,ST-2165,130,13,10,126.89044952,37.58198166
2026-06-26T10:18:36.900220+09:00,DMC(디지털미디어시티),DMC(디지털미디어시티),POI084,KEY_1,3008.DMC역7번출구,ST-2166,10,1,10,126.89836121,37.57711411
2026-06-26T10:18:36.900220+09:00,DMC(디지털미디어시티),DMC(디지털미디어시티),POI084,KEY_1,4238. 상암한샘빌딩앞,ST-2981,0,0,7,126.89867401,37.57649231
2026-06-26T10:18:36.900220+09:00,DMC(디지털미디어시티),DMC(디지털미디어시티),POI084,KEY_1,4214. JTBC 앞,ST-2537,130,13,10,126.8901825,37.57730484
2026-06-26T10:18:36.900220+09:00,DMC(디지털미디어시티),DMC(디지털미디어시티),POI084,KEY_1,4218. 디지털매직스페이스,ST-2974,192,25,13,126.88957977,37.58119965
2026-06-26T10:18:36.900220+09:00,가산디지털단지역,가산디지털단지역,POI013,KEY_2,1806. 에이스하이엔드타워9차 앞,ST-621,390,39,10,126.87863922,37.48621368
2026-06-26T10:18:36.900220+09:00,가산디지털단지역,가산디지털단지역,POI013,KEY_2,1867.대륭포스트타워6차 앞,ST-1938,337,101,30,126.8841629,37.48101044
2026-06-26T10:18:36.900220+09:00,가산디지털단지역,가산디지털단지역,POI013,KEY_2,1835. STX V타워,ST-641,90,9,10,126.88442993,37.47706985
2026-06-26T10:18:36.900220+09:00,가산디지털단지역,가산디지털단지역,POI013,KEY_2,1850. 코오롱테크노밸리,ST-1277,120,12,10,126.8863678,37.48015976
2026-06-26T10:18:36.900220+09:00,가산디지털단지역,가산디지털단지역,POI013,KEY_2,1851. 가산디지털단지 9번출구 인근,ST-1403,40,4,10,126.88148499,37.48123169
2026-06-26T10:18:36.900220+09:00,가산디지털단지역,가산디지털단지역,POI013,KEY_2,1839. 수출의 다리 아래,ST-1140,150,30,20,126.88615417,37.47743607
2026-06-26T10:18:36.900220+09:00,가산디지털단지역,가산디지털단지역,POI013,KEY_2,1834. 월드메르디앙 벤처센터 2차,ST-640,440,44,10,126.87904358,37.47908401
2026-06-26T10:18:36.900220+09:00,가산디지털단지역,가산디지털단지역,POI013,KEY_2,1849. 대륭포스트타워5차,ST-1276,130,13,10,126.88694,37.48135376
2026-06-26T10:18:36.900220+09:00,가산디지털단지역,가산디지털단지역,POI013,KEY_2,1805. 서울디지털운동장 앞,ST-620,160,16,10,126.87776947,37.48228836
2026-06-26T10:18:36.900220+09:00,가산디지털단지역,가산디지털단지역,POI013,KEY_2,1812. 갑을그레이트밸리 앞,ST-624,390,39,10,126.88729858,37.47903061
2026-06-26T10:18:36.900220+09:00,가산디지털단지역,가산디지털단지역,POI013,KEY_2,3984. 가산롯데아이티캐슬,ST-2999,820,41,5,126.88083649,37.47636795
2026-06-26T10:18:36.900220+09:00,가산디지털단지역,가산디지털단지역,POI013,KEY_2,3985. 디폴리스 지식산업센터,ST-2964,140,28,20,126.87680054,37.48017502
2026-06-26T10:18:36.900220+09:00,가산디지털단지역,가산디지털단지역,POI013,KEY_2,3989.가산디지털단지역 9번출구 앞,ST-3396,140,14,10,126.88175964,37.48055267
2026-06-26T10:18:36.900220+09:00,강남역,강남역,POI014,KEY_3,2421. 신논현역 4번출구,ST-1887,33,5,15,127.02579498,37.504673
2026-06-26T10:18:36.900220+09:00,강남역,강남역,POI014,KEY_3,3628. 역삼1동 주민센터,ST-2689,130,13,10,127.03302765,37.49521255
2026-06-26T10:18:36.900220+09:00,강남역,강남역,POI014,KEY_3,2407. 역삼서초삼성 세무서 앞 (역삼빌딩 앞),ST-1577,90,9,10,127.03011322,37.49847031
2026-06-26T10:18:36.900220+09:00,강남역,강남역,POI014,KEY_3,2505. 우성아파트사거리 (기업은행앞),ST-1556,242,29,12,127.0295105,37.49330521
2026-06-26T10:18:36.900220+09:00,강남역,강남역,POI014,KEY_3,4349.삼성화재서초타워,ST-3361,250,15,6,127.02896118,37.49446869
2026-06-26T10:18:36.900220+09:00,건대입구역,건대입구역,POI015,KEY_4,501. 광진문화예술회관 앞,ST-98,77,23,30,127.07035065,37.53730774
2026-06-26T10:18:36.900220+09:00,건대입구역,건대입구역,POI015,KEY_4,3533. 건대입구역 사거리(롯데백화점),ST-1660,80,8,10,127.07078552,37.5392952
2026-06-26T10:18:36.900220+09:00,건대입구역,건대입구역,POI015,KEY_4,3534. 건대입구역 5번출구 뒤,ST-1661,40,4,10,127.06956482,37.54008102
2026-06-26T10:18:36.900220+09:00,고덕역,고덕역,POI016,KEY_1,1072.고덕역 5번출구,ST-1833,77,17,22,127.15372467,37.55486298
2026-06-26T10:18:36.900220+09:00,고덕역,고덕역,POI016,KEY_1,1068.명일파출소,ST-1767,140,14,10,127.15622711,37.5536499
2026-06-26T10:18:36.900220+09:00,고덕역,고덕역,POI016,KEY_1,1036. 고덕동 주양쇼핑,ST-1053,30,3,10,127.15331268,37.55199051
2026-06-26T10:18:36.900220+09:00,교대역,교대역,POI018,KEY_3,2279. 교대역 5번출구뒤,ST-1305,125,10,8,127.01418304,37.49361801
2026-06-26T10:18:36.900220+09:00,교대역,교대역,POI018,KEY_3,2239.교대역 6번출구,ST-765,160,16,10,127.01378632,37.49421692
2026-06-26T10:18:36.900220+09:00,구로디지털단지역,구로디지털단지역,POI019,KEY_4,1911. 구로디지털단지역 앞,ST-668,222,40,18,126.90132141,37.48493958
2026-06-26T10:18:36.900220+09:00,구로디지털단지역,구로디지털단지역,POI019,KEY_4,2110. 조원동 미성아파트,ST-950,111,10,9,126.90203094,37.48319244
2026-06-26T10:18:36.900220+09:00,구로디지털단지역,구로디지털단지역,POI019,KEY_4,1986. 태평양물산,ST-1521,713,107,15,126.89518738,37.48485947
2026-06-26T10:18:36.900220+09:00,구로디지털단지역,구로디지털단지역,POI019,KEY_4,2801. 대륭포스트타워1차,ST-1753,193,58,30,126.89542389,37.48437119
2026-06-26T10:18:36.900220+09:00,구로디지털단지역,구로디지털단지역,POI019,KEY_4,1955. 디지털입구 교차로,ST-936,170,17,10,126.90103912,37.48288345
2026-06-26T10:18:36.900220+09:00,구로디지털단지역,구로디지털단지역,POI019,KEY_4,1962. 가리봉동주민센터,ST-1224,240,36,15,126.89279938,37.48160172
2026-06-26T10:18:36.900220+09:00,구로역,구로역,POI020,KEY_1,3919. 구로역·NC신구로점 버스정류장(구로역 방면),ST-3013,121,17,14,126.88237,37.50096512
2026-06-26T10:18:36.900220+09:00,구로역,구로역,POI020,KEY_1,1946. 구로역 광장,ST-873,260,26,10,126.88038635,37.50311661
2026-06-26T10:18:36.900220+09:00,군자역,군자역,POI021,KEY_2,540. 군자역 7번출구 베스트샵 앞,ST-253,0,0,8,127.0786438,37.55603027
2026-06-26T10:18:36.900220+09:00,군자역,군자역,POI021,KEY_2,3518. 군자역 7번출구뒤,ST-1263,13,1,8,127.07913971,37.55686188
2026-06-26T10:18:36.900220+09:00,군자역,군자역,POI021,KEY_2,3500. 군자역2번출구,ST-983,43,3,7,127.07969666,37.55758667
2026-06-26T10:18:36.900220+09:00,군자역,군자역,POI021,KEY_2,3586.군자역 비채온 오피스텔,ST-2325,13,1,8,127.07727051,37.55771255
2026-06-26T10:18:36.900220+09:00,대림역,대림역,POI023,KEY_3,286. 우성아파트 교차로,ST-1652,125,15,12,126.89974976,37.49457169
2026-06-26T10:18:36.900220+09:00,대림역,대림역,POI023,KEY_3,1914. 대림역4번출구,ST-918,90,9,10,126.89444733,37.49440384
2026-06-26T10:18:36.900220+09:00,대림역,대림역,POI023,KEY_3,1975. 대림역 1번 출입구 밑,ST-1237,140,14,10,126.8947525,37.49256516
2026-06-26T10:18:36.900220+09:00,동대문역,동대문역,POI024,KEY_4,457. 종로꽃시장 입구 옆,ST-1610,90,9,10,127.00720978,37.57131958
2026-06-26T10:18:36.900220+09:00,동대문역,동대문역,POI024,KEY_4,393. 동대문역 8번 출구,ST-1372,125,15,12,127.00937653,37.57014084
2026-06-26T10:18:36.900220+09:00,동대문역,동대문역,POI024,KEY_4,3415.동대문역6번출구,ST-1812,60,9,15,127.0107193,37.57147217
2026-06-26T10:18:36.900220+09:00,미아사거리역,미아사거리역,POI026,KEY_2,1546. 송천동우체국,ST-1665,30,3,10,127.02970123,37.61545944
2026-06-26T10:18:36.900220+09:00,미아사거리역,미아사거리역,POI026,KEY_2,1574.송중초등학교 옆,ST-2405,88,7,8,127.03049469,37.61669922
2026-06-26T10:18:36.900220+09:00,미아사거리역,미아사거리역,POI026,KEY_2,1531. 미아사거리 1번 출구,ST-1105,120,12,10,127.03025055,37.61395645
2026-06-26T10:18:36.900220+09:00,미아사거리역,미아사거리역,POI026,KEY_2,4423.현대백화점 미아점,ST-3203,160,16,10,127.02845764,37.60884857
2026-06-26T10:18:36.900220+09:00,발산역,발산역,POI027,KEY_3,1124. 발산역 6번 출구 뒤,ST-522,0,0,6,126.8384552,37.55817795
2026-06-26T10:18:36.900220+09:00,발산역,발산역,POI027,KEY_3,1117. 등촌5단지아파트 버스정류장,ST-834,100,10,10,126.84426117,37.55819702
2026-06-26T10:18:36.900220+09:00,발산역,발산역,POI027,KEY_3,1197. 엠펠리체 호텔 건너편,ST-1714,80,16,20,126.83546448,37.56026077
2026-06-26T10:18:36.900220+09:00,발산역,발산역,POI027,KEY_3,"1153. 발산역 1번, 9번 인근 대여소",ST-1065,9,3,32,126.83717346,37.55894852
2026-06-26T10:18:36.900220+09:00,발산역,발산역,POI027,KEY_3,2730.마곡메가박스 앞,ST-2047,37,11,30,126.83495331,37.55912781
2026-06-26T10:18:36.900220+09:00,발산역,발산역,POI027,KEY_3,2721.등촌1-10단지 교차로,ST-2037,0,0,12,126.8393631,37.56320572
2026-06-26T10:18:36.900220+09:00,발산역,발산역,POI027,KEY_3,3760. 발산역 8번 출구,ST-2538,0,0,17,126.83676147,37.55846024
2026-06-26T10:18:36.900220+09:00,발산역,발산역,POI027,KEY_3,3759. 이대서울병원,ST-2569,220,55,25,126.83559418,37.5586319
2026-06-26T10:18:36.900220+09:00,발산역,발산역,POI027,KEY_3,2717.LG유플러스 마곡사옥,ST-2033,250,155,62,126.83390045,37.56133652
2026-06-26T10:18:36.900220+09:00,발산역,발산역,POI027,KEY_3,3764. 관문주유소(GS칼택스) 앞,ST-2613,0,0,10,126.84183502,37.55802917
2026-06-26T10:18:36.900220+09:00,발산역,발산역,POI027,KEY_3,2723.마곡 필네이처,ST-2040,62,8,13,126.83669281,37.56089401
2026-06-26T10:18:36.900220+09:00,발산역,발산역,POI027,KEY_3,5095. 원당근린공원,ST-3226,14,2,14,126.84147644,37.55947495
2026-06-26T10:18:36.900220+09:00,발산역,발산역,POI027,KEY_3,5061. 우장산동 가곡어린이공원앞,ST-2888,10,1,10,126.83751678,37.55545425
2026-06-26T10:18:36.900220+09:00,사당역,사당역,POI029,KEY_4,2104. 사당역 5번출구,ST-712,85,11,13,126.98133087,37.47608948
2026-06-26T10:18:36.900220+09:00,사당역,사당역,POI029,KEY_4,2089.사당역10번출구(금강빌딩),ST-2362,250,25,10,126.98150635,37.4791069
2026-06-26T10:18:36.900220+09:00,사당역,사당역,POI029,KEY_4,2222.사당역 12번출구 뒤,ST-753,130,13,10,126.98203278,37.47806931
2026-06-26T10:18:36.900220+09:00,사당역,사당역,POI029,KEY_4,2034. 사당역 7번출구쪽,ST-924,63,12,19,126.98057556,37.47689056
2026-06-26T10:18:36.900220+09:00,삼각지역,삼각지역,POI030,KEY_1,848. 삼각지12번 출구,ST-2172,125,10,8,126.97562408,37.53488922
2026-06-26T10:18:36.900220+09:00,삼각지역,삼각지역,POI030,KEY_1,849. 삼각지 자이아파트,ST-2173,45,9,20,126.97341919,37.53607941
2026-06-26T10:18:36.900220+09:00,삼각지역,삼각지역,POI030,KEY_1,4620. 삼각지역 14번 출구 앞(교통섬),ST-2451,213,17,8,126.97408295,37.53528595
2026-06-26T10:18:36.900220+09:00,서울대입구역,서울대입구역,POI031,KEY_2,2111. 서울대입구역 1번출구,ST-965,140,14,10,126.95331573,37.48086929
2026-06-26T10:18:36.900220+09:00,서울대입구역,서울대입구역,POI031,KEY_2,3311.서울대입구역 4번 출구,ST-2394,117,14,12,126.95157623,37.48122025
2026-06-26T10:18:36.900220+09:00,서울대입구역,서울대입구역,POI031,KEY_2,2116. 에이스에이존빌딩,ST-717,67,6,9,126.95082855,37.48170471
2026-06-26T10:18:36.900220+09:00,서울대입구역,서울대입구역,POI031,KEY_2,2171. 서울대입구역 5번출구,ST-1337,106,18,17,126.95200348,37.48154831
2026-06-26T10:18:36.900220+09:00,서울대입구역,서울대입구역,POI031,KEY_2,2128. 관악구청교차로,ST-720,0,0,12,126.95265198,37.47949982
2026-06-26T10:18:36.900220+09:00,서울대입구역,서울대입구역,POI031,KEY_2,2112. 서울대입구역 마에스트로,ST-715,40,6,15,126.95064545,37.4813385
2026-06-26T10:18:36.900220+09:00,서울식물원·마곡나루역,서울식물원·마곡나루역,POI032,KEY_3,2715.마곡나루역 2번 출구,ST-2031,28,7,25,126.82743835,37.56692505
2026-06-26T10:18:36.900220+09:00,서울식물원·마곡나루역,서울식물원·마곡나루역,POI032,KEY_3,2725.서울식물원 식물문화센터,ST-2042,100,20,20,126.83563232,37.56883621
2026-06-26T10:18:36.900220+09:00,서울식물원·마곡나루역,서울식물원·마곡나루역,POI032,KEY_3,2728.마곡나루역 3번 출구,ST-2045,97,63,65,126.82807922,37.56580353
2026-06-26T10:18:36.900220+09:00,서울식물원·마곡나루역,서울식물원·마곡나루역,POI032,KEY_3,2701. 마곡나루역 5번출구 뒤편,ST-1718,15,4,26,126.82731628,37.56520081
2026-06-26T10:18:36.900220+09:00,서울식물원·마곡나루역,서울식물원·마곡나루역,POI032,KEY_3,2727.서울식물원 잔디마당 앞,ST-2044,380,95,25,126.8306427,37.5639267
2026-06-26T10:18:36.900220+09:00,서울식물원·마곡나루역,서울식물원·마곡나루역,POI032,KEY_3,6177. 마곡롯데캐슬르웨스트,ST-3324,40,4,10,126.82462311,37.56356049
2026-06-26T10:18:36.900220+09:00,서울식물원·마곡나루역,서울식물원·마곡나루역,POI032,KEY_3,5098. LG사이언스파크 W4동,ST-3261,120,24,20,126.82978821,37.56403732
2026-06-26T10:18:36.900220+09:00,서울식물원·마곡나루역,서울식물원·마곡나루역,POI032,KEY_3,5097. LG사이언스파크 E2동,ST-3259,148,59,40,126.83208466,37.56381607
2026-06-26T10:18:36.900220+09:00,서울식물원·마곡나루역,서울식물원·마곡나루역,POI032,KEY_3,6190.마곡광장(마곡나루역 6번출구),ST-3421,260,26,10,126.82738495,37.56614685
2026-06-26T10:18:36.900220+09:00,서울역,서울역,POI033,KEY_4,379. 서울역9번출구,ST-194,120,12,10,126.97330475,37.55580521
2026-06-26T10:18:36.900220+09:00,서울역,서울역,POI033,KEY_4,435. SK 남산빌딩,ST-1670,40,4,10,126.97561646,37.55686188
2026-06-26T10:18:36.900220+09:00,서울역,서울역,POI033,KEY_4,485.서울역5번출구,ST-1791,200,20,10,126.97319794,37.55677032
2026-06-26T10:18:36.900220+09:00,서울역,서울역,POI033,KEY_4,6062.서울역파출소,ST-3413,50,5,10,126.97183228,37.55709457
2026-06-26T10:18:36.900220+09:00,서울역,서울역,POI033,KEY_4,4760. 서울역 7번출구,ST-2430,20,2,10,126.97364044,37.55664444
2026-06-26T10:18:36.900220+09:00,서울역,서울역,POI033,KEY_4,4794. 서울역 서부교차로(3),ST-2786,63,5,8,126.96942139,37.55540848
2026-06-26T10:18:36.900220+09:00,선릉역,선릉역,POI034,KEY_1,2369. KT선릉타워,ST-1178,95,19,20,127.0528717,37.50542831
2026-06-26T10:18:36.900220+09:00,선릉역,선릉역,POI034,KEY_1,2328. 르네상스 호텔 사거리 역삼지하보도 7번출구 앞,ST-811,180,18,10,127.04273224,37.50321198
2026-06-26T10:18:36.900220+09:00,선릉역,선릉역,POI034,KEY_1,2319. 포스코사거리 서측(수협 삼성동 지점),ST-802,190,19,10,127.05467987,37.50660706
2026-06-26T10:18:36.900220+09:00,선릉역,선릉역,POI034,KEY_1,2329. 르네상스호텔사거리 역삼지하보도 2번출구,ST-812,40,4,10,127.04319,37.50235748
2026-06-26T10:18:36.900220+09:00,선릉역,선릉역,POI034,KEY_1,2332. 선릉역3번출구,ST-815,50,4,8,127.04903412,37.50410461
2026-06-26T10:18:36.900220+09:00,성신여대입구역,성신여대입구역,POI035,KEY_2,1384.성신여대입구역 5번출구,ST-2225,169,22,13,127.01628876,37.59282684
2026-06-26T10:18:36.900220+09:00,성신여대입구역,성신여대입구역,POI035,KEY_2,1385.성신여대입구역 3번출구 앞,ST-2226,120,12,10,127.01628876,37.59236526
2026-06-26T10:18:36.900220+09:00,성신여대입구역,성신여대입구역,POI035,KEY_2,1337. 돈암성당 옆,ST-1201,131,17,13,127.01716614,37.59039307
2026-06-26T10:18:36.900220+09:00,수유역,수유역,POI036,KEY_3,1503. 강북구청사거리(수유역 8번출구),ST-643,164,23,14,127.02672577,37.63926315
2026-06-26T10:18:36.900220+09:00,수유역,수유역,POI036,KEY_3,1512. 강북중학교 앞,ST-862,50,10,20,127.02656555,37.64473724
2026-06-26T10:18:36.900220+09:00,수유역,수유역,POI036,KEY_3,1552. 강북구청사거리,ST-2125,75,6,8,127.02723694,37.63920212
2026-06-26T10:18:36.900220+09:00,수유역,수유역,POI036,KEY_3,1569.수유역2번출구,ST-2137,170,17,10,127.02590179,37.63796997
2026-06-26T10:18:36.900220+09:00,수유역,수유역,POI036,KEY_3,1526. 강북종합시장 앞,ST-1100,38,3,8,127.02462769,37.64173889
2026-06-26T10:18:36.900220+09:00,수유역,수유역,POI036,KEY_3,1535. 효성인텔리안 앞,ST-1109,70,7,10,127.02337646,37.6362915
2026-06-26T10:18:36.900220+09:00,수유역,수유역,POI036,KEY_3,1520. 수유중앙시장,ST-650,100,7,7,127.022789,37.63986206
2026-06-26T10:18:36.900220+09:00,수유역,수유역,POI036,KEY_3,1530. 광산사거리,ST-1104,77,10,13,127.0223465,37.64355087
2026-06-26T10:18:36.900220+09:00,숭례문,숭례문,POI131,KEY_4,445.대한상공회의소,ST-1771,93,14,15,126.97410583,37.56015396
2026-06-26T10:18:36.900220+09:00,숭례문,숭례문,POI131,KEY_4,6060. 신한은행 본점,ST-3342,313,25,8,126.97480774,37.56077576
2026-06-26T10:18:36.900220+09:00,시의회 앞,시의회 앞,POI130,KEY_1,310. 청계광장 옆,ST-126,25,2,8,126.9774704,37.56887817
2026-06-26T10:18:36.900220+09:00,시의회 앞,시의회 앞,POI130,KEY_1,458. 광화문역 5번출구,ST-1611,67,14,21,126.97756958,37.56989288
2026-06-26T10:18:36.900220+09:00,시의회 앞,시의회 앞,POI130,KEY_1,309. 광화문역 6번출구 옆 B,ST-125,62,8,13,126.97615814,37.56996155
2026-06-26T10:18:36.900220+09:00,시의회 앞,시의회 앞,POI130,KEY_1,6058. 시청역 2번출구,ST-3297,27,4,15,126.97702026,37.56557846
2026-06-26T10:18:36.900220+09:00,시의회 앞,시의회 앞,POI130,KEY_1,4718. 광화문역 6번출구 옆 A,ST-3075,30,3,10,126.9764328,37.56993103
2026-06-26T10:18:36.900220+09:00,신논현역·논현역,신논현역·논현역,POI037,KEY_2,2542.신논현타워 앞,ST-1926,120,12,10,127.02391052,37.50508881
2026-06-26T10:18:36.900220+09:00,신논현역·논현역,신논현역·논현역,POI037,KEY_2,2302. 교보타워 버스정류장(신논현역 3번출구 후면),ST-787,40,4,10,127.02427673,37.5055809
2026-06-26T10:18:36.900220+09:00,신논현역·논현역,신논현역·논현역,POI037,KEY_2,4347. 논현지하보도,ST-3332,0,0,10,127.02232361,37.50836945
2026-06-26T10:18:36.900220+09:00,신림역,신림역,POI039,KEY_4,2102. 봉림교 교통섬,ST-702,69,9,13,126.92688751,37.48408508
2026-06-26T10:18:36.900220+09:00,신림역,신림역,POI039,KEY_4,2175. 신림동걷고싶은문화의거리입구,ST-1270,143,10,7,126.92870331,37.48730087
2026-06-26T10:18:36.900220+09:00,신림역,신림역,POI039,KEY_4,2136. 신림역 8번출구,ST-976,113,9,8,126.93006897,37.48450851
2026-06-26T10:18:36.900220+09:00,신정네거리역,신정네거리역,POI117,KEY_1,722. 경서농협 버스정류장(우리은행신정동지점방향),ST-993,60,6,10,126.85738373,37.52151108
2026-06-26T10:18:36.900220+09:00,신정네거리역,신정네거리역,POI117,KEY_1,706. 신정네거리역,ST-313,93,14,15,126.85175323,37.5218811
2026-06-26T10:18:36.900220+09:00,신정네거리역,신정네거리역,POI117,KEY_1,4509. 서울영상고교 입구,ST-2761,267,40,15,126.85928345,37.52198029
2026-06-26T10:18:36.900220+09:00,신정네거리역,신정네거리역,POI117,KEY_1,4507. 신정제일시장,ST-2759,60,6,10,126.85499573,37.52122498
2026-06-26T10:18:36.900220+09:00,신정네거리역,신정네거리역,POI117,KEY_1,4510. 신정네거리역 교차로,ST-2762,23,3,13,126.85228729,37.52175903
2026-06-26T10:18:36.900220+09:00,신촌·이대역,신촌·이대역,POI040,KEY_2,128. 신촌역(2호선) 1번출구 옆,ST-30,42,8,19,126.93634033,37.55549622
2026-06-26T10:18:36.900220+09:00,신촌·이대역,신촌·이대역,POI040,KEY_2,134. 연세로 명물길,ST-36,150,12,8,126.93807983,37.55789185
2026-06-26T10:18:36.900220+09:00,신촌·이대역,신촌·이대역,POI040,KEY_2,130. 신촌역(2호선) 7번출구 앞,ST-32,50,5,10,126.93626404,37.5550499
2026-06-26T10:18:36.900220+09:00,신촌·이대역,신촌·이대역,POI040,KEY_2,137. 신촌기차역입구 교차로,ST-39,120,12,10,126.9431839,37.55681229
2026-06-26T10:18:36.900220+09:00,신촌·이대역,신촌·이대역,POI040,KEY_2,135. 명물길 원형무대 앞,ST-37,30,3,10,126.93984222,37.55922699
2026-06-26T10:18:36.900220+09:00,신촌·이대역,신촌·이대역,POI040,KEY_2,129. 신촌역(2호선) 6번출구 옆,ST-31,30,3,10,126.93756866,37.55505371
2026-06-26T10:18:36.900220+09:00,신촌·이대역,신촌·이대역,POI040,KEY_2,150. 서강대역 2번출구 앞,ST-207,0,0,15,126.93434143,37.55295563
2026-06-26T10:18:36.900220+09:00,신촌·이대역,신촌·이대역,POI040,KEY_2,3116.신촌역 4번출구,ST-2201,60,6,10,126.93720245,37.55550385
2026-06-26T10:18:36.900220+09:00,신촌·이대역,신촌·이대역,POI040,KEY_2,4274. 신촌 파랑고래 입구,ST-3140,50,5,10,126.93603516,37.55687714
2026-06-26T10:18:36.900220+09:00,신촌·이대역,신촌·이대역,POI040,KEY_2,4248. 신촌 교보빌딩,ST-3021,10,1,10,126.94034576,37.5560112
2026-06-26T10:18:36.900220+09:00,쌍문역,쌍문역,POI070,KEY_3,1709. 쌍문역4번출구 주변,ST-616,118,20,17,127.03534698,37.65012741
2026-06-26T10:18:36.900220+09:00,쌍문역,쌍문역,POI070,KEY_3,1774.정의여중고 버스정류소,ST-2119,13,1,8,127.034729,37.65134811
2026-06-26T10:18:36.900220+09:00,쌍문역,쌍문역,POI070,KEY_3,1754. 창동시장입구 사거리,ST-2099,27,3,11,127.03343201,37.64689636
2026-06-26T10:18:36.900220+09:00,쌍문역,쌍문역,POI070,KEY_3,4054. 창동한신아파트 버스정류소,ST-2722,10,1,10,127.03527069,37.64601898
2026-06-26T10:18:36.900220+09:00,양재역,양재역,POI041,KEY_4,2333. 양재역 3번출구 주변,ST-816,0,0,14,127.03407288,37.48515701
2026-06-26T10:18:36.900220+09:00,양재역,양재역,POI041,KEY_4,2242.양재역 10번 출구 앞,ST-767,0,0,20,127.03417969,37.48398972
2026-06-26T10:18:36.900220+09:00,양재역,양재역,POI041,KEY_4,2293. SPC 앞,ST-1360,80,8,10,127.03699493,37.48479843
2026-06-26T10:18:36.900220+09:00,양재역,양재역,POI041,KEY_4,4329. SC제일은행 양재동지점 앞,ST-2962,188,15,8,127.03315735,37.48573685
2026-06-26T10:18:36.900220+09:00,역삼역,역삼역,POI042,KEY_1,2410. 포스코피앤에스타워 (역삼역 3번출구 부근),ST-1680,60,6,10,127.03375244,37.49959946
2026-06-26T10:18:36.900220+09:00,역삼역,역삼역,POI042,KEY_1,2430.강남파이낸스센터앞(역삼역2번출구),ST-1896,80,8,10,127.03605652,37.50024414
2026-06-26T10:18:36.900220+09:00,역삼역,역삼역,POI042,KEY_1,2349. 역삼빌딩 앞(하나은행 옆),ST-959,92,11,12,127.03856659,37.50154495
2026-06-26T10:18:36.900220+09:00,연신내역,연신내역,POI043,KEY_2,949. 연신내역 1번 출구,ST-1035,250,15,6,126.92080688,37.61978149
2026-06-26T10:18:36.900220+09:00,연신내역,연신내역,POI043,KEY_2,906. 연신내역 5번출구,ST-454,138,11,8,126.91957855,37.61721039
2026-06-26T10:18:36.900220+09:00,연신내역,연신내역,POI043,KEY_2,922. 연신내역 4번출구,ST-470,10,1,10,126.92196655,37.61780167
2026-06-26T10:18:36.900220+09:00,오목교역·목동운동장,오목교역·목동운동장,POI044,KEY_3,792.목동트라팰리스 웨스턴에비뉴,ST-2017,100,20,20,126.8709259,37.52537155
2026-06-26T10:18:36.900220+09:00,오목교역·목동운동장,오목교역·목동운동장,POI044,KEY_3,747. 목동3단지 상가,ST-1018,260,26,10,126.8756485,37.53458023
2026-06-26T10:18:36.900220+09:00,오목교역·목동운동장,오목교역·목동운동장,POI044,KEY_3,756. 목동주차장,ST-1497,80,12,15,126.8761673,37.52667999
2026-06-26T10:18:36.900220+09:00,오목교역·목동운동장,오목교역·목동운동장,POI044,KEY_3,791.현대하이페리온,ST-2016,107,16,15,126.86980438,37.52490234
2026-06-26T10:18:36.900220+09:00,오목교역·목동운동장,오목교역·목동운동장,POI044,KEY_3,771.목동아파트 703동 앞,ST-1997,0,0,8,126.87016296,37.52820587
2026-06-26T10:18:36.900220+09:00,오목교역·목동운동장,오목교역·목동운동장,POI044,KEY_3,723. SBS방송국,ST-994,247,37,15,126.87274933,37.52916336
2026-06-26T10:18:36.900220+09:00,오목교역·목동운동장,오목교역·목동운동장,POI044,KEY_3,703. 오목교역 7번출구 앞,ST-311,200,24,12,126.87524414,37.52362823
2026-06-26T10:18:36.900220+09:00,오목교역·목동운동장,오목교역·목동운동장,POI044,KEY_3,769.CBS방송국 앞,ST-1995,255,51,20,126.87467194,37.52785492
2026-06-26T10:18:36.900220+09:00,오목교역·목동운동장,오목교역·목동운동장,POI044,KEY_3,748. 목동운동장,ST-1019,169,22,13,126.87930298,37.53025055
2026-06-26T10:18:36.900220+09:00,오목교역·목동운동장,오목교역·목동운동장,POI044,KEY_3,765. 오목교역 3번출구,ST-1731,175,21,12,126.87548065,37.52477646
2026-06-26T10:18:36.900220+09:00,오목교역·목동운동장,오목교역·목동운동장,POI044,KEY_3,762. 오목로 무중력지대 앞,ST-1503,90,9,10,126.87766266,37.52474213
2026-06-26T10:18:36.900220+09:00,오목교역·목동운동장,오목교역·목동운동장,POI044,KEY_3,731. 서울시 도로환경관리센터,ST-1002,160,16,10,126.87654114,37.5298996
2026-06-26T10:18:36.900220+09:00,오목교역·목동운동장,오목교역·목동운동장,POI044,KEY_3,4532. 목동현대아파트 후문 앞,ST-2879,50,5,10,126.87805939,37.5221405
2026-06-26T10:18:36.900220+09:00,오목교역·목동운동장,오목교역·목동운동장,POI044,KEY_3,4543. 오목교역 6번 출구,ST-3163,467,42,9,126.87567139,37.5236702
2026-06-26T10:18:36.900220+09:00,오목교역·목동운동장,오목교역·목동운동장,POI044,KEY_3,4514. 목동성당 앞,ST-2764,150,30,20,126.86930084,37.52319717
2026-06-26T10:18:36.900220+09:00,오목교역·목동운동장,오목교역·목동운동장,POI044,KEY_3,4546. 목동운동장 주경기장,ST-3227,77,23,30,126.88307953,37.52937698
2026-06-26T10:18:36.900220+09:00,왕십리역,왕십리역,POI045,KEY_4,559. 왕십리역 4번 출구 건너편,ST-360,77,10,13,127.03679657,37.56109619
2026-06-26T10:18:36.900220+09:00,왕십리역,왕십리역,POI045,KEY_4,558. 성동광진 교육지원청 앞,ST-359,80,16,20,127.03652191,37.56460571
2026-06-26T10:18:36.900220+09:00,왕십리역,왕십리역,POI045,KEY_4,525. 한양대병원사거리,ST-241,65,13,20,127.04035187,37.55805206
2026-06-26T10:18:36.900220+09:00,왕십리역,왕십리역,POI045,KEY_4,3545.한양대역 1번출구,ST-2327,20,2,10,127.04335785,37.55657959
2026-06-26T10:18:36.900220+09:00,왕십리역,왕십리역,POI045,KEY_4,3561.행당동 삼부APT후문,ST-2343,70,7,10,127.03839874,37.55926895
2026-06-26T10:18:36.900220+09:00,용산역,용산역,POI046,KEY_1,853.용산역 맞은편,ST-2177,84,16,19,126.96595001,37.52841568
2026-06-26T10:18:36.900220+09:00,용산역,용산역,POI046,KEY_1,806. 전자랜드 본관 앞,ST-327,15,3,20,126.96073151,37.5330658
2026-06-26T10:18:36.900220+09:00,용산역,용산역,POI046,KEY_1,845. 용산 선인상가,ST-1615,131,21,16,126.96437836,37.53269958
2026-06-26T10:18:36.900220+09:00,용산역,용산역,POI046,KEY_1,4617. 동원베네스트 건너편,ST-2448,67,4,6,126.95511627,37.52761078
2026-06-26T10:18:36.900220+09:00,용산역,용산역,POI046,KEY_1,4616. 신용산지하차도 앞,ST-2447,40,6,15,126.96411896,37.53248215
2026-06-26T10:18:36.900220+09:00,잠실새내역,잠실새내역,POI118,KEY_3,1224. 아시아지하보도 2번 출구,ST-548,53,8,15,127.07893372,37.51216888
2026-06-26T10:18:36.900220+09:00,잠실새내역,잠실새내역,POI118,KEY_3,1222. 잠실새내역 5번 출구 뒤,ST-547,43,10,23,127.08505249,37.51198196
2026-06-26T10:18:36.900220+09:00,잠실새내역,잠실새내역,POI118,KEY_3,2635.잠실새내역 1번출구,ST-1862,105,22,21,127.08673859,37.51129532
2026-06-26T10:18:36.900220+09:00,잠실새내역,잠실새내역,POI118,KEY_3,2637. 아시아지하보도 14번 출구,ST-1864,100,15,15,127.07881165,37.51146317
2026-06-26T10:18:36.900220+09:00,잠실역,잠실역,POI119,KEY_4,1232. 잠실주공 521동 건너편,ST-550,180,18,10,127.09568787,37.51184082
2026-06-26T10:18:36.900220+09:00,잠실역,잠실역,POI119,KEY_4,1210. 롯데월드타워(잠실역2번출구 쪽),ST-891,310,93,30,127.10095978,37.51312637
2026-06-26T10:18:36.900220+09:00,잠실역,잠실역,POI119,KEY_4,1231. 잠실역 6번출구,ST-840,238,31,13,127.09902954,37.51408768
2026-06-26T10:18:36.900220+09:00,잠실역,잠실역,POI119,KEY_4,2647.잠실 자전거 수리센터 앞,ST-1868,157,11,7,127.10114288,37.51100922
2026-06-26T10:18:36.900220+09:00,장지역,장지역,POI048,KEY_1,1266. 문정동 글샘 공원,ST-1085,60,6,10,127.12000275,37.47880936
2026-06-26T10:18:36.900220+09:00,장지역,장지역,POI048,KEY_1,1246. 문정 법조단지10,ST-906,50,15,30,127.12632751,37.47750854
2026-06-26T10:18:36.900220+09:00,장지역,장지역,POI048,KEY_1,1244. 문정 법조단지8,ST-904,0,0,11,127.12212372,37.48153687
2026-06-26T10:18:36.900220+09:00,장지역,장지역,POI048,KEY_1,1247. 문정 법조단지11,ST-907,0,0,15,127.12351227,37.4788208
2026-06-26T10:18:36.900220+09:00,장지역,장지역,POI048,KEY_1,1245. 문정 법조단지9,ST-905,10,1,10,127.12532806,37.47946548
2026-06-26T10:18:36.900220+09:00,장지역,장지역,POI048,KEY_1,4885. 가든파이브 리빙관,ST-2985,25,2,8,127.123703,37.47709656
2026-06-26T10:18:36.900220+09:00,장지역,장지역,POI048,KEY_1,4491. 장지역 1번출구,ST-2599,20,2,10,127.12678528,37.47953415
2026-06-26T10:18:36.900220+09:00,장한평역,장한평역,POI049,KEY_2,626. 군자교 서측 녹지대,ST-394,212,36,17,127.07096863,37.56115341
2026-06-26T10:18:36.900220+09:00,장한평역,장한평역,POI049,KEY_2,529. 장한평역 8번 출구 앞,ST-243,75,6,8,127.06365967,37.56137085
2026-06-26T10:18:36.900220+09:00,장한평역,장한평역,POI049,KEY_2,4385. 용답동 우체국 주변,ST-3099,20,1,5,127.06151581,37.56168747
2026-06-26T10:18:36.900220+09:00,장한평역,장한평역,POI049,KEY_2,4105. 서울교통공사사거리 교통섬,ST-2499,60,6,10,127.05799103,37.56324005
2026-06-26T10:18:36.900220+09:00,천호역,천호역,POI050,KEY_3,1264. 천호역 10번 출구 앞,ST-1083,13,1,8,127.12280273,37.53858185
2026-06-26T10:18:36.900220+09:00,천호역,천호역,POI050,KEY_3,1009. 천호역4번출구(현대백화점),ST-493,125,25,20,127.12424469,37.53866577
2026-06-26T10:18:36.900220+09:00,천호역,천호역,POI050,KEY_3,3657. 서울천호동우체국,ST-2732,190,19,10,127.12576294,37.54074097
2026-06-26T10:18:36.900220+09:00,총신대입구(이수)역,총신대입구(이수)역,POI051,KEY_4,2082.7호선 이수역7번출구,ST-2355,160,16,10,126.98179626,37.4846077
2026-06-26T10:18:36.900220+09:00,총신대입구(이수)역,총신대입구(이수)역,POI051,KEY_4,2032. 이수역 11번출구쪽,ST-923,500,50,10,126.98162079,37.48550797
2026-06-26T10:18:36.900220+09:00,총신대입구(이수)역,총신대입구(이수)역,POI051,KEY_4,2264. 이수역 1번출구,ST-935,156,14,9,126.98271942,37.48897171
2026-06-26T10:18:36.900220+09:00,총신대입구(이수)역,총신대입구(이수)역,POI051,KEY_4,2511. 이수역 6번출구 앞,ST-1739,100,10,10,126.98234558,37.48398972
2026-06-26T10:18:36.900220+09:00,총신대입구(이수)역,총신대입구(이수)역,POI051,KEY_4,2091. 이수역9번출구,ST-2364,167,25,15,126.98059082,37.48470306
2026-06-26T10:18:36.900220+09:00,충정로역,충정로역,POI052,KEY_1,180. 충정로역 7번출구 아래,ST-233,10,1,10,126.96246338,37.55996704
2026-06-26T10:18:36.900220+09:00,충정로역,충정로역,POI052,KEY_1,3134.SK리쳄블(서울아리수본부),ST-2219,0,0,10,126.96658325,37.56131744
2026-06-26T10:18:36.900220+09:00,충정로역,충정로역,POI052,KEY_1,3114.충정로역 3번 출구,ST-2198,14,1,7,126.96552277,37.56046295
2026-06-26T10:18:36.900220+09:00,충정로역,충정로역,POI052,KEY_1,4752. 삼성사이버빌리지아파트,ST-2624,29,2,7,126.96485901,37.55891418
2026-06-26T10:18:36.900220+09:00,충정로역,충정로역,POI052,KEY_1,4271. 충정로역 1번 출구,ST-3107,0,0,7,126.96305847,37.55942535
2026-06-26T10:18:36.900220+09:00,충정로역,충정로역,POI052,KEY_1,4801. 충정로역 2호선(엘리베이터 앞),ST-3053,0,0,5,126.96414185,37.55937576
2026-06-26T10:18:36.900220+09:00,충정로역,충정로역,POI052,KEY_1,4266.국민연금공단충정로사옥,ST-3027,0,0,9,126.96414948,37.56184769
2026-06-26T10:18:36.900220+09:00,합정역,합정역,POI053,KEY_2,106. 합정역 7번출구 앞,ST-8,42,5,12,126.91282654,37.54864502
2026-06-26T10:18:36.900220+09:00,합정역,합정역,POI053,KEY_2,497.합정동주민센터 앞,ST-2156,108,27,25,126.91230011,37.551754
2026-06-26T10:18:36.900220+09:00,합정역,합정역,POI053,KEY_2,105. 합정역 5번출구 앞,ST-7,0,0,5,126.91482544,37.55000687
2026-06-26T10:18:36.900220+09:00,합정역,합정역,POI053,KEY_2,4211. 시석빌딩 앞,ST-2534,25,2,8,126.91671753,37.54836655
2026-06-26T10:18:36.900220+09:00,혜화역,혜화역,POI054,KEY_3,342. 대학로 마로니에공원,ST-158,86,19,22,127.00234222,37.58044434
2026-06-26T10:18:36.900220+09:00,혜화역,혜화역,POI054,KEY_3,341. 혜화역 3번출구 뒤,ST-157,13,1,8,127.00178528,37.58156967
2026-06-26T10:18:36.900220+09:00,혜화역,혜화역,POI054,KEY_3,358. 성균관대입구 사거리 A,ST-173,31,4,13,126.99853516,37.58250046
2026-06-26T10:18:36.900220+09:00,혜화역,혜화역,POI054,KEY_3,3419.국립어린이과학관,ST-1816,14,2,14,126.99736786,37.58194733
2026-06-26T10:18:36.900220+09:00,혜화역,혜화역,POI054,KEY_3,3421.혜화역 1번출구,ST-1818,0,0,10,127.00185394,37.58385468
2026-06-26T10:18:36.900220+09:00,혜화역,혜화역,POI054,KEY_3,3420. 성균관대입구 사거리 B,ST-1817,50,5,10,126.99885559,37.58327484
2026-06-26T10:18:36.900220+09:00,홍대입구역(2호선),홍대입구역(2호선),POI055,KEY_4,113. 홍대입구역 2번출구 앞,ST-18,89,25,28,126.9238205,37.5574379
2026-06-26T10:18:36.900220+09:00,홍대입구역(2호선),홍대입구역(2호선),POI055,KEY_4,114. 홍대입구역 8번출구 앞,ST-20,100,15,15,126.92442322,37.55706024
2026-06-26T10:18:36.900220+09:00,회기역,회기역,POI056,KEY_1,680.꿈마루어린이도서관 앞,ST-2280,168,37,22,127.05741119,37.59238434
2026-06-26T10:18:36.900220+09:00,회기역,회기역,POI056,KEY_1,670.삼육서울병원 버스정류장,ST-2270,311,28,9,127.06151581,37.5896759
2026-06-26T12:22:14.856877+09:00,광화문·덕수궁,광화문·덕수궁,POI009,KEY_2,310. 청계광장 옆,ST-126,25,2,8,126.9774704,37.56887817
2026-06-26T12:22:14.856877+09:00,광화문·덕수궁,광화문·덕수궁,POI009,KEY_2,391. 시립미술관,ST-977,200,16,8,126.97340393,37.56505203
2026-06-26T12:22:14.856877+09:00,광화문·덕수궁,광화문·덕수궁,POI009,KEY_2,458. 광화문역 5번출구,ST-1611,48,10,21,126.97756958,37.56989288
2026-06-26T12:22:14.856877+09:00,광화문·덕수궁,광화문·덕수궁,POI009,KEY_2,309. 광화문역 6번출구 옆 B,ST-125,15,2,13,126.97615814,37.56996155
2026-06-26T12:22:14.856877+09:00,광화문·덕수궁,광화문·덕수궁,POI009,KEY_2,305. 종로구청 옆,ST-121,106,17,16,126.97833252,37.57255936
2026-06-26T12:22:14.856877+09:00,광화문·덕수궁,광화문·덕수궁,POI009,KEY_2,303. 광화문역 1번출구 앞,ST-119,200,16,8,126.97466278,37.57176971
2026-06-26T12:22:14.856877+09:00,광화문·덕수궁,광화문·덕수궁,POI009,KEY_2,4719. 종로문화원 건너편,ST-3090,127,19,15,126.9805069,37.57571411
2026-06-26T12:22:14.856877+09:00,광화문·덕수궁,광화문·덕수궁,POI009,KEY_2,6058. 시청역 2번출구,ST-3297,13,2,15,126.97702026,37.56557846
2026-06-26T12:22:14.856877+09:00,광화문·덕수궁,광화문·덕수궁,POI009,KEY_2,4796. 서울시청,ST-2693,110,22,20,126.97925568,37.5664711
2026-06-26T12:22:14.856877+09:00,광화문·덕수궁,광화문·덕수궁,POI009,KEY_2,4718. 광화문역 6번출구 옆 A,ST-3075,70,7,10,126.9764328,37.56993103
2026-06-26T12:22:14.856877+09:00,보신각,보신각,POI010,KEY_3,316. 종각역 1번출구 앞,ST-132,138,11,8,126.98178864,37.57039642
2026-06-26T12:22:14.856877+09:00,보신각,보신각,POI010,KEY_3,385. 종각역 5번출구,ST-336,100,10,10,126.98265839,37.56983566
2026-06-26T12:22:14.856877+09:00,보신각,보신각,POI010,KEY_3,3408.종로타워빌딩,ST-1805,31,4,13,126.98323822,37.57070541
2026-06-26T12:22:14.856877+09:00,보신각,보신각,POI010,KEY_3,4708. 조계사앞사거리,ST-2472,150,9,6,126.98283386,37.5721817
2026-06-26T12:22:14.856877+09:00,서울 암사동 유적,서울 암사동 유적,POI011,KEY_4,1007.암사동 선사유적지,ST-491,129,18,14,127.13087463,37.55955887
2026-06-26T12:22:14.856877+09:00,서울 암사동 유적,서울 암사동 유적,POI011,KEY_4,3539. 서원마을,ST-1686,40,4,10,127.13283539,37.56379318
2026-06-26T12:22:14.856877+09:00,창덕궁·종묘,창덕궁·종묘,POI012,KEY_1,339. 종로4가 사거리,ST-155,50,5,10,126.99819183,37.57106781
2026-06-26T12:22:14.856877+09:00,창덕궁·종묘,창덕궁·종묘,POI012,KEY_1,338. 세운스퀘어 앞,ST-154,6,1,18,126.99712372,37.57095718
2026-06-26T12:22:14.856877+09:00,창덕궁·종묘,창덕궁·종묘,POI012,KEY_1,337. 창경궁 입구,ST-153,200,10,5,126.99647522,37.57897949
2026-06-26T12:22:14.856877+09:00,창덕궁·종묘,창덕궁·종묘,POI012,KEY_1,359. 원남동사거리,ST-174,138,11,8,126.99768066,37.57606125
2026-06-26T12:22:14.856877+09:00,창덕궁·종묘,창덕궁·종묘,POI012,KEY_1,3410.종로3가역 8번출구,ST-1807,40,4,10,126.99188995,37.5724678
2026-06-26T12:22:14.856877+09:00,창덕궁·종묘,창덕궁·종묘,POI012,KEY_1,3411.종묘,ST-1808,111,10,9,126.99437714,37.57072067
2026-06-26T12:22:14.856877+09:00,창덕궁·종묘,창덕궁·종묘,POI012,KEY_1,3413.종로플레이스,ST-1810,68,15,22,126.99796295,37.57320023
2026-06-26T12:22:14.856877+09:00,동대문 관광특구,동대문 관광특구,POI002,KEY_3,383. 신당역 12번 출구 뒤,ST-198,8,2,24,127.01642609,37.56591797
2026-06-26T12:22:14.856877+09:00,동대문 관광특구,동대문 관광특구,POI002,KEY_3,475.DDP 패션몰,ST-1781,71,15,21,127.0118103,37.56764984
2026-06-26T12:22:14.856877+09:00,동대문 관광특구,동대문 관광특구,POI002,KEY_3,346. 맥스타일 앞,ST-162,90,9,10,127.01014709,37.5689621
2026-06-26T12:22:14.856877+09:00,동대문 관광특구,동대문 관광특구,POI002,KEY_3,347. 동대문역사문화공원역 9번출구 앞,ST-163,11,2,18,127.00784302,37.56533051
2026-06-26T12:22:14.856877+09:00,동대문 관광특구,동대문 관광특구,POI002,KEY_3,474.동대문역사문화공원역 1번출구 뒤편,ST-1780,88,35,40,127.00849152,37.56629944
2026-06-26T12:22:14.856877+09:00,동대문 관광특구,동대문 관광특구,POI002,KEY_3,4765. 동대문디자인플라자,ST-2431,120,24,20,127.00946045,37.5683136
2026-06-26T12:22:14.856877+09:00,동대문 관광특구,동대문 관광특구,POI002,KEY_3,6061.충무아트센터,ST-3381,100,10,10,127.01522064,37.56538773
2026-06-26T12:22:14.856877+09:00,명동 관광특구,명동 관광특구,POI003,KEY_4,310. 청계광장 옆,ST-126,25,2,8,126.9774704,37.56887817
2026-06-26T12:22:14.856877+09:00,명동 관광특구,명동 관광특구,POI003,KEY_4,324. 신세계백화점 본점 앞,ST-140,163,13,8,126.9805069,37.56134415
2026-06-26T12:22:14.856877+09:00,명동 관광특구,명동 관광특구,POI003,KEY_4,466.롯데호텔,ST-1772,85,11,13,126.97981262,37.56584167
2026-06-26T12:22:14.856877+09:00,명동 관광특구,명동 관광특구,POI003,KEY_4,433. 을지로입구역 2번출구,ST-1668,0,0,12,126.98229218,37.56634521
2026-06-26T12:22:14.856877+09:00,명동 관광특구,명동 관광특구,POI003,KEY_4,320. 을지로입구역 4번출구 앞,ST-136,82,14,17,126.98358917,37.56622314
2026-06-26T12:22:14.856877+09:00,명동 관광특구,명동 관광특구,POI003,KEY_4,318. 광교사거리 남측,ST-134,180,18,10,126.98231506,37.56863403
2026-06-26T12:22:14.856877+09:00,명동 관광특구,명동 관광특구,POI003,KEY_4,321. KEB 하나금융그룹 명동사옥 옆,ST-137,20,3,15,126.98413849,37.56546402
2026-06-26T12:22:14.856877+09:00,명동 관광특구,명동 관광특구,POI003,KEY_4,398. 을지로3가역 3번출구,ST-1435,100,8,8,126.99249268,37.56660461
2026-06-26T12:22:14.856877+09:00,명동 관광특구,명동 관광특구,POI003,KEY_4,322. 명동성당 앞,ST-138,60,6,10,126.98696899,37.56447601
2026-06-26T12:22:14.856877+09:00,명동 관광특구,명동 관광특구,POI003,KEY_4,331. 을지로2가 사거리 북측,ST-147,60,6,10,126.98720551,37.56638336
2026-06-26T12:22:14.856877+09:00,명동 관광특구,명동 관광특구,POI003,KEY_4,3013.서울지방고용노동청 앞,ST-2422,414,29,7,126.98725891,37.56760406
2026-06-26T12:22:14.856877+09:00,명동 관광특구,명동 관광특구,POI003,KEY_4,6058. 시청역 2번출구,ST-3297,13,2,15,126.97702026,37.56557846
2026-06-26T12:22:14.856877+09:00,명동 관광특구,명동 관광특구,POI003,KEY_4,4776. 신세계면세점,ST-2522,40,4,10,126.98139191,37.56027603
2026-06-26T12:22:14.856877+09:00,명동 관광특구,명동 관광특구,POI003,KEY_4,4796. 서울시청,ST-2693,110,22,20,126.97925568,37.5664711
2026-06-26T12:22:14.856877+09:00,명동 관광특구,명동 관광특구,POI003,KEY_4,4791. 명동역9번 출구,ST-2527,100,10,10,126.98749542,37.56122589
2026-06-26T12:22:14.856877+09:00,명동 관광특구,명동 관광특구,POI003,KEY_4,4762. 국제빌딩,ST-2517,20,2,10,126.98244476,37.56694794
2026-06-26T12:22:14.856877+09:00,명동 관광특구,명동 관광특구,POI003,KEY_4,4775. 을지로지하쇼핑센터,ST-2521,50,5,10,126.98445129,37.56589127
2026-06-26T12:22:14.856877+09:00,명동 관광특구,명동 관광특구,POI003,KEY_4,4774. 을지로입구역 8번출구,ST-2520,44,4,9,126.98178101,37.56590271
2026-06-26T12:22:14.856877+09:00,이태원 관광특구,이태원 관광특구,POI004,KEY_1,857. 현대 안성타워,ST-2181,20,2,10,126.99797058,37.53508759
2026-06-26T12:22:14.856877+09:00,이태원 관광특구,이태원 관광특구,POI004,KEY_1,854.HID 유족동지회 앞,ST-2178,0,0,10,127.0014801,37.53850937
2026-06-26T12:22:14.856877+09:00,이태원 관광특구,이태원 관광특구,POI004,KEY_1,843. 이태원관광특구 입구(용산구청방향),ST-1445,37,7,19,126.98867035,37.53379822
2026-06-26T12:22:14.856877+09:00,이태원 관광특구,이태원 관광특구,POI004,KEY_1,4613. 서울갤러리아 앞,ST-2445,20,1,5,126.99937439,37.53597641
2026-06-26T12:22:14.856877+09:00,이태원 관광특구,이태원 관광특구,POI004,KEY_1,4634. 이태원역 3번 출구,ST-3056,160,8,5,126.99497223,37.5343895
2026-06-26T12:22:14.856877+09:00,이태원 관광특구,이태원 관광특구,POI004,KEY_1,4623. 라인프랜즈이태원점 앞,ST-2453,40,4,10,126.99619293,37.53453064
2026-06-26T12:22:14.856877+09:00,이태원 관광특구,이태원 관광특구,POI004,KEY_1,4612. 이태원로 255,ST-2444,20,1,5,127.00084686,37.53749847
2026-06-26T12:22:14.856877+09:00,잠실 관광특구,잠실 관광특구,POI005,KEY_2,1297. 석촌호수교차로(동호 팔각정 앞),ST-1586,80,12,15,127.10411835,37.50920105
2026-06-26T12:22:14.856877+09:00,잠실 관광특구,잠실 관광특구,POI005,KEY_2,1296. 석촌호수교차로 (송파나루근린공원 앞),ST-1585,10,1,10,127.1034317,37.50867844
2026-06-26T12:22:14.856877+09:00,잠실 관광특구,잠실 관광특구,POI005,KEY_2,1233. 잠실3거리(갤러리아팰리스),ST-551,33,3,9,127.09336853,37.51050949
2026-06-26T12:22:14.856877+09:00,잠실 관광특구,잠실 관광특구,POI005,KEY_2,1268. 몽촌토성역 1번출구 옆,ST-1087,33,5,15,127.11419678,37.51728821
2026-06-26T12:22:14.856877+09:00,잠실 관광특구,잠실 관광특구,POI005,KEY_2,1232. 잠실주공 521동 건너편,ST-550,270,27,10,127.09568787,37.51184082
2026-06-26T12:22:14.856877+09:00,잠실 관광특구,잠실 관광특구,POI005,KEY_2,1210. 롯데월드타워(잠실역2번출구 쪽),ST-891,353,106,30,127.10095978,37.51312637
2026-06-26T12:22:14.856877+09:00,잠실 관광특구,잠실 관광특구,POI005,KEY_2,1267. 올림픽공원 남2문 앞,ST-1086,7,1,14,127.12306976,37.51424026
2026-06-26T12:22:14.856877+09:00,잠실 관광특구,잠실 관광특구,POI005,KEY_2,2608. 송파구청,ST-1681,590,59,10,127.10611725,37.51499176
2026-06-26T12:22:14.856877+09:00,잠실 관광특구,잠실 관광특구,POI005,KEY_2,2647.잠실 자전거 수리센터 앞,ST-1868,171,12,7,127.10114288,37.51100922
2026-06-26T12:22:14.856877+09:00,잠실 관광특구,잠실 관광특구,POI005,KEY_2,2601. 석촌호수 아뜰리에,ST-1590,6,1,16,127.09883118,37.5067482
2026-06-26T12:22:14.856877+09:00,잠실 관광특구,잠실 관광특구,POI005,KEY_2,2622. 올림픽공원역 3번출구,ST-1720,100,20,20,127.13059235,37.51625824
2026-06-26T12:22:14.856877+09:00,잠실 관광특구,잠실 관광특구,POI005,KEY_2,2621. 한성백제역 2번 출구,ST-1719,13,2,15,127.11625671,37.51665878
2026-06-26T12:22:14.856877+09:00,잠실 관광특구,잠실 관광특구,POI005,KEY_2,4857. 올림픽공원 장미광장,ST-2621,27,4,15,127.126297,37.51275635
2026-06-26T12:22:14.856877+09:00,잠실 관광특구,잠실 관광특구,POI005,KEY_2,4856. 올림픽공원 서1문 앞,ST-2608,220,22,10,127.11457062,37.5202179
2026-06-26T12:22:14.856877+09:00,잠실 관광특구,잠실 관광특구,POI005,KEY_2,4870. 몽촌토성역 3번 출구,ST-2876,100,10,10,127.11232758,37.5170784
2026-06-26T12:22:14.856877+09:00,잠실 관광특구,잠실 관광특구,POI005,KEY_2,5781. 올림픽공원 수영장,ST-3300,279,39,14,127.12688446,37.52157211
2026-06-26T12:22:14.856877+09:00,잠실 관광특구,잠실 관광특구,POI005,KEY_2,4868. 석촌호수 서호 남단,ST-2833,20,2,10,127.10124207,37.50717163
2026-06-26T12:22:14.856877+09:00,잠실 관광특구,잠실 관광특구,POI005,KEY_2,5751. 송파여성축구장,ST-3069,20,2,10,127.11743927,37.52471542
2026-06-26T12:22:14.856877+09:00,잠실 관광특구,잠실 관광특구,POI005,KEY_2,5768.방이삼거리,ST-3214,208,25,12,127.10822296,37.51237488
2026-06-26T12:22:14.856877+09:00,잠실 관광특구,잠실 관광특구,POI005,KEY_2,4481. 올림픽공원 북2문 B,ST-2592,152,38,25,127.12751007,37.52397537
2026-06-26T12:22:14.856877+09:00,잠실 관광특구,잠실 관광특구,POI005,KEY_2,4865. 한성백제역 1번출구 뒤,ST-2797,40,2,5,127.1149826,37.51647949
2026-06-26T12:22:14.856877+09:00,잠실 관광특구,잠실 관광특구,POI005,KEY_2,4464. 올림픽공원 북2문 A,ST-2580,80,12,15,127.12804413,37.52357483
2026-06-26T12:22:14.856877+09:00,잠실 관광특구,잠실 관광특구,POI005,KEY_2,4862. 성내교 남단,ST-2756,30,3,10,127.11588287,37.52301788
2026-06-26T12:22:14.856877+09:00,종로·청계 관광특구,종로·청계 관광특구,POI006,KEY_3,397. 종묘공영주차장 건너편,ST-1432,31,4,13,126.99663544,37.57048035
2026-06-26T12:22:14.856877+09:00,종로·청계 관광특구,종로·청계 관광특구,POI006,KEY_3,455. 종로6가역 버스정류장(동대문 방향),ST-1608,38,3,8,127.00605774,37.570961
2026-06-26T12:22:14.856877+09:00,종로·청계 관광특구,종로·청계 관광특구,POI006,KEY_3,368. SK 서린빌딩 앞,ST-181,127,19,15,126.98053741,37.5692482
2026-06-26T12:22:14.856877+09:00,종로·청계 관광특구,종로·청계 관광특구,POI006,KEY_3,335. 종로3가역 15번출구 뒤,ST-151,10,1,10,126.99165344,37.57019424
2026-06-26T12:22:14.856877+09:00,종로·청계 관광특구,종로·청계 관광특구,POI006,KEY_3,458. 광화문역 5번출구,ST-1611,48,10,21,126.97756958,37.56989288
2026-06-26T12:22:14.856877+09:00,종로·청계 관광특구,종로·청계 관광특구,POI006,KEY_3,385. 종각역 5번출구,ST-336,100,10,10,126.98265839,37.56983566
2026-06-26T12:22:14.856877+09:00,종로·청계 관광특구,종로·청계 관광특구,POI006,KEY_3,393. 동대문역 8번 출구,ST-1372,83,10,12,127.00937653,37.57014084
2026-06-26T12:22:14.856877+09:00,종로·청계 관광특구,종로·청계 관광특구,POI006,KEY_3,329. 청계2가 사거리 옆,ST-145,75,6,8,126.98788452,37.56848526
2026-06-26T12:22:14.856877+09:00,종로·청계 관광특구,종로·청계 관광특구,POI006,KEY_3,3415.동대문역6번출구,ST-1812,80,12,15,127.0107193,37.57147217
2026-06-26T12:22:14.856877+09:00,종로·청계 관광특구,종로·청계 관광특구,POI006,KEY_3,3432.종로2가 사거리,ST-1829,57,8,14,126.98880768,37.57001877
2026-06-26T12:22:14.856877+09:00,종로·청계 관광특구,종로·청계 관광특구,POI006,KEY_3,3412.세운상가,ST-1809,47,7,15,126.99454498,37.5703125
2026-06-26T12:22:14.856877+09:00,종로·청계 관광특구,종로·청계 관광특구,POI006,KEY_3,4707. 청계3가 사거리,ST-2513,60,3,5,126.99211884,37.56855774
2026-06-26T12:22:14.856877+09:00,홍대 관광특구,홍대 관광특구,POI007,KEY_4,104. 합정역 1번출구 앞,ST-6,23,3,13,126.91508484,37.55073929
2026-06-26T12:22:14.856877+09:00,홍대 관광특구,홍대 관광특구,POI007,KEY_4,493.홍대입구역 6번출구,ST-2152,143,10,7,126.9288559,37.55657578
2026-06-26T12:22:14.856877+09:00,홍대 관광특구,홍대 관광특구,POI007,KEY_4,108. 서교동 사거리,ST-10,150,18,12,126.91861725,37.55274582
2026-06-26T12:22:14.856877+09:00,홍대 관광특구,홍대 관광특구,POI007,KEY_4,113. 홍대입구역 2번출구 앞,ST-18,104,29,28,126.9238205,37.5574379
2026-06-26T12:22:14.856877+09:00,홍대 관광특구,홍대 관광특구,POI007,KEY_4,114. 홍대입구역 8번출구 앞,ST-20,87,13,15,126.92442322,37.55706024
2026-06-26T12:22:14.856877+09:00,홍대 관광특구,홍대 관광특구,POI007,KEY_4,3009. 홍대입구역 사거리,ST-2167,95,19,20,126.92023468,37.55450058
2026-06-26T12:22:14.856877+09:00,홍대 관광특구,홍대 관광특구,POI007,KEY_4,3010.홍대입구역 3번출구,ST-2168,167,25,15,126.92538452,37.5582962
2026-06-26T12:22:14.856877+09:00,홍대 관광특구,홍대 관광특구,POI007,KEY_4,4208. 스타벅스(동교동) 앞,ST-2532,140,14,10,126.91986847,37.5566597
2026-06-26T12:22:14.856877+09:00,홍대 관광특구,홍대 관광특구,POI007,KEY_4,4211. 시석빌딩 앞,ST-2534,25,2,8,126.91671753,37.54836655
2026-06-26T12:22:14.856877+09:00,국립중앙박물관·용산가족공원,국립중앙박물관·용산가족공원,POI089,KEY_1,863.이촌역2번 출구,ST-2187,190,19,10,126.977005,37.52177048
2026-06-26T12:22:14.856877+09:00,국립중앙박물관·용산가족공원,국립중앙박물관·용산가족공원,POI089,KEY_1,855.이촌역5번출구 앞,ST-2179,20,2,10,126.97277069,37.52272415
2026-06-26T12:22:14.856877+09:00,남산공원,남산공원,POI091,KEY_3,859.남산공원 야외식물원 앞,ST-2183,0,0,10,126.99586487,37.54188538
2026-06-26T12:22:14.856877+09:00,남산공원,남산공원,POI091,KEY_3,371. 동대입구역 6번출구 뒤,ST-186,30,3,10,127.00553894,37.55887222
2026-06-26T12:22:14.856877+09:00,남산공원,남산공원,POI091,KEY_3,381. 장충체육관,ST-196,40,4,10,127.00698853,37.55853271
2026-06-26T12:22:14.856877+09:00,남산공원,남산공원,POI091,KEY_3,4621. 남산도서관 앞,ST-3054,0,0,12,126.98201752,37.55240631
2026-06-26T12:22:14.856877+09:00,노들섬,노들섬,POI092,KEY_4,869.노들섬 동측 앞,ST-2239,10,1,10,126.95914459,37.51729584
2026-06-26T12:22:14.856877+09:00,노들섬,노들섬,POI092,KEY_4,870.노들섬 서측 앞,ST-2240,0,0,10,126.95829773,37.51731873
2026-06-26T12:22:14.856877+09:00,망원한강공원,망원한강공원,POI094,KEY_2,105. 합정역 5번출구 앞,ST-7,80,4,5,126.91482544,37.55000687
2026-06-26T12:22:14.856877+09:00,망원한강공원,망원한강공원,POI094,KEY_2,4217. 한강공원 망원나들목,ST-2905,100,20,20,126.89688873,37.55557632
2026-06-26T12:22:14.856877+09:00,망원한강공원,망원한강공원,POI094,KEY_2,5515.한강버스 망원 선착장,ST-3388,130,39,30,126.89590454,37.55466461
2026-06-26T12:22:14.856877+09:00,보라매공원,보라매공원,POI123,KEY_4,4181. 보라매공원역 2번출구,ST-3117,50,3,6,126.91781616,37.49582291
2026-06-26T12:22:14.856877+09:00,보라매공원,보라매공원,POI123,KEY_4,4179. 보라매병원역 1번출구,ST-3105,30,6,20,126.92362976,37.49304199
2026-06-26T12:22:14.856877+09:00,북서울꿈의숲,북서울꿈의숲,POI096,KEY_1,1548. 북서울 꿈의숲 서문,ST-1725,80,12,15,127.03781128,37.62268829
2026-06-26T12:22:14.856877+09:00,북서울꿈의숲,북서울꿈의숲,POI096,KEY_1,3718. 번동3단지 버스정류장,ST-2610,173,19,11,127.04390717,37.628685
2026-06-26T12:22:14.856877+09:00,북서울꿈의숲,북서울꿈의숲,POI096,KEY_1,1571.북서울 꿈의 숲 입구,ST-2401,0,0,10,127.03864288,37.62657166
2026-06-26T12:22:14.856877+09:00,서대문독립공원,서대문독립공원,POI124,KEY_2,367. 독립문역 3-1번출구,ST-180,154,20,13,126.95851898,37.57415771
2026-06-26T12:22:14.856877+09:00,서대문독립공원,서대문독립공원,POI124,KEY_2,3113. 독립문 앞,ST-2199,7,1,15,126.95974731,37.57220459
2026-06-26T12:22:14.856877+09:00,서대문독립공원,서대문독립공원,POI124,KEY_2,3426.독립문역 2번출구 뒤,ST-1823,120,12,10,126.95755005,37.57501602
2026-06-26T12:22:14.856877+09:00,서대문독립공원,서대문독립공원,POI124,KEY_2,3427.인왕산 아이파크 정문,ST-1824,113,9,8,126.95584869,37.57666779
2026-06-26T12:22:14.856877+09:00,서리풀공원·몽마르뜨공원,서리풀공원·몽마르뜨공원,POI098,KEY_3,4316. 고속터미널역 3번출구,ST-2667,20,5,25,127.0059433,37.50365829
2026-06-26T12:22:14.856877+09:00,서리풀공원·몽마르뜨공원,서리풀공원·몽마르뜨공원,POI098,KEY_3,4312. 반포미도2차아파트 옆,ST-2663,0,0,10,127.00653076,37.50320435
2026-06-26T12:22:14.856877+09:00,서리풀공원·몽마르뜨공원,서리풀공원·몽마르뜨공원,POI098,KEY_3,4327. 몽마르뜨공원입구,ST-3009,109,12,11,127.0026474,37.4928894
2026-06-26T12:22:14.856877+09:00,서울숲공원,서울숲공원,POI101,KEY_1,510. 뚝도아리수정수센터 버스정류소 옆,ST-107,67,10,15,127.04380035,37.54122162
2026-06-26T12:22:14.856877+09:00,서울숲공원,서울숲공원,POI101,KEY_1,3552.서울숲 공영주차장앞,ST-2334,21,4,19,127.04277039,37.54195786
2026-06-26T12:22:14.856877+09:00,서울숲공원,서울숲공원,POI101,KEY_1,4401.뚝섬유수지 공영주차장,ST-3393,60,6,10,127.042099,37.55018234
2026-06-26T12:22:14.856877+09:00,송현녹지광장,송현녹지광장,POI129,KEY_2,314. 국립현대미술관,ST-130,240,24,10,126.98085785,37.5797081
2026-06-26T12:22:14.856877+09:00,송현녹지광장,송현녹지광장,POI129,KEY_2,354. 포르투갈 대사관 앞,ST-170,150,15,10,126.98896027,37.57915497
2026-06-26T12:22:14.856877+09:00,송현녹지광장,송현녹지광장,POI129,KEY_2,353. 재동초교 앞 삼거리,ST-169,113,9,8,126.9849472,37.57938766
2026-06-26T12:22:14.856877+09:00,송현녹지광장,송현녹지광장,POI129,KEY_2,3407.안국동사거리(신),ST-1804,28,5,18,126.98339081,37.57580566
2026-06-26T12:22:14.856877+09:00,송현녹지광장,송현녹지광장,POI129,KEY_2,4719. 종로문화원 건너편,ST-3090,127,19,15,126.9805069,37.57571411
2026-06-26T12:22:14.856877+09:00,송현녹지광장,송현녹지광장,POI129,KEY_2,4705. 웰니스센터(민방위교육장 앞),ST-2565,33,2,6,126.98912811,37.57752991
2026-06-26T12:22:14.856877+09:00,어린이대공원,어린이대공원,POI104,KEY_2,574. 아차산역4번출구,ST-385,23,5,22,127.08898163,37.55184937
2026-06-26T12:22:14.856877+09:00,어린이대공원,어린이대공원,POI104,KEY_2,573. 구의문주차장 앞,ST-384,10,1,10,127.08473206,37.54523087
2026-06-26T12:22:14.856877+09:00,어린이대공원,어린이대공원,POI104,KEY_2,500. 어린이대공원역 3번출구 앞,ST-97,0,0,5,127.07466888,37.54697037
2026-06-26T12:22:14.856877+09:00,어린이대공원,어린이대공원,POI104,KEY_2,3860. 건국대학교 정문 앞,ST-2542,10,1,10,127.07571411,37.5465126
2026-06-26T12:22:14.856877+09:00,어린이대공원,어린이대공원,POI104,KEY_2,3529. 어린이대공원정문,ST-1603,20,3,15,127.07592773,37.54978943
2026-06-26T12:22:14.856877+09:00,어린이대공원,어린이대공원,POI104,KEY_2,3507. 어린이회관,ST-1192,35,11,31,127.07800293,37.54595184
2026-06-26T12:22:14.856877+09:00,어린이대공원,어린이대공원,POI104,KEY_2,3853. 어린이대공원역 2번출구,ST-2541,89,16,18,127.07470703,37.54764938
2026-06-26T12:22:14.856877+09:00,어린이대공원,어린이대공원,POI104,KEY_2,3573.광나루안전체험관,ST-2312,153,23,15,127.07671356,37.5513382
2026-06-26T12:22:14.856877+09:00,여의도한강공원,여의도한강공원,POI105,KEY_3,260. 여의도 마리나선착장 앞,ST-414,13,2,15,126.91216278,37.53365707
2026-06-26T12:22:14.856877+09:00,여의도한강공원,여의도한강공원,POI105,KEY_3,249. 여의도중학교 옆,ST-297,6,1,16,126.93580627,37.52457809
2026-06-26T12:22:14.856877+09:00,여의도한강공원,여의도한강공원,POI105,KEY_3,5891.한강버스 여의도 선착장,ST-3402,243,73,30,126.93422699,37.52816391
2026-06-26T12:22:14.856877+09:00,여의도한강공원,여의도한강공원,POI105,KEY_3,5890.여의나루역 3번출구,ST-3401,82,9,11,126.93336487,37.52645493
2026-06-26T12:22:14.856877+09:00,여의서로,여의서로,POI126,KEY_4,298.KBS 연구동 건너편,ST-1970,0,0,25,126.91374207,37.52724838
2026-06-26T12:22:14.856877+09:00,여의서로,여의서로,POI126,KEY_4,297.국회3문,ST-1969,0,0,10,126.91267395,37.52863693
2026-06-26T12:22:14.856877+09:00,여의서로,여의서로,POI126,KEY_4,260. 여의도 마리나선착장 앞,ST-414,13,2,15,126.91216278,37.53365707
2026-06-26T12:22:14.856877+09:00,올림픽공원,올림픽공원,POI127,KEY_1,1268. 몽촌토성역 1번출구 옆,ST-1087,33,5,15,127.11419678,37.51728821
2026-06-26T12:22:14.856877+09:00,올림픽공원,올림픽공원,POI127,KEY_1,1267. 올림픽공원 남2문 앞,ST-1086,7,1,14,127.12306976,37.51424026
2026-06-26T12:22:14.856877+09:00,올림픽공원,올림픽공원,POI127,KEY_1,2622. 올림픽공원역 3번출구,ST-1720,100,20,20,127.13059235,37.51625824
2026-06-26T12:22:14.856877+09:00,올림픽공원,올림픽공원,POI127,KEY_1,2621. 한성백제역 2번 출구,ST-1719,13,2,15,127.11625671,37.51665878
2026-06-26T12:22:14.856877+09:00,올림픽공원,올림픽공원,POI127,KEY_1,4857. 올림픽공원 장미광장,ST-2621,27,4,15,127.126297,37.51275635
2026-06-26T12:22:14.856877+09:00,올림픽공원,올림픽공원,POI127,KEY_1,4856. 올림픽공원 서1문 앞,ST-2608,220,22,10,127.11457062,37.5202179
2026-06-26T12:22:14.856877+09:00,올림픽공원,올림픽공원,POI127,KEY_1,5781. 올림픽공원 수영장,ST-3300,279,39,14,127.12688446,37.52157211
2026-06-26T12:22:14.856877+09:00,올림픽공원,올림픽공원,POI127,KEY_1,5751. 송파여성축구장,ST-3069,20,2,10,127.11743927,37.52471542
2026-06-26T12:22:14.856877+09:00,올림픽공원,올림픽공원,POI127,KEY_1,4481. 올림픽공원 북2문 B,ST-2592,152,38,25,127.12751007,37.52397537
2026-06-26T12:22:14.856877+09:00,올림픽공원,올림픽공원,POI127,KEY_1,4865. 한성백제역 1번출구 뒤,ST-2797,40,2,5,127.1149826,37.51647949
2026-06-26T12:22:14.856877+09:00,올림픽공원,올림픽공원,POI127,KEY_1,4464. 올림픽공원 북2문 A,ST-2580,80,12,15,127.12804413,37.52357483
2026-06-26T12:22:14.856877+09:00,올림픽공원,올림픽공원,POI127,KEY_1,4862. 성내교 남단,ST-2756,30,3,10,127.11588287,37.52301788
2026-06-26T12:22:14.856877+09:00,월드컵공원,월드컵공원,POI106,KEY_2,413. 상암월드컵파크 3단지 후문,ST-92,80,8,10,126.88968658,37.57147598
2026-06-26T12:22:14.856877+09:00,월드컵공원,월드컵공원,POI106,KEY_2,199. 서울 월드컵 경기장,ST-443,47,14,30,126.89644623,37.56684494
2026-06-26T12:22:14.856877+09:00,월드컵공원,월드컵공원,POI106,KEY_2,418. 월드컵경기장역 3번출구 옆,ST-89,10,2,20,126.8992691,37.57277679
2026-06-26T12:22:14.856877+09:00,월드컵공원,월드컵공원,POI106,KEY_2,419. 홈플러스 마포점 앞,ST-87,176,37,21,126.89942932,37.56842041
2026-06-26T12:22:14.856877+09:00,월드컵공원,월드컵공원,POI106,KEY_2,186. 월드컵공원,ST-344,88,35,40,126.89820862,37.56396484
2026-06-26T12:22:14.856877+09:00,월드컵공원,월드컵공원,POI106,KEY_2,440. 하늘공원 입구,ST-1754,67,10,15,126.88134766,37.57012177
2026-06-26T12:22:14.856877+09:00,월드컵공원,월드컵공원,POI106,KEY_2,420. 서울시 공공자전거 상암센터,ST-85,86,32,37,126.8961792,37.56624603
2026-06-26T12:22:14.856877+09:00,월드컵공원,월드컵공원,POI106,KEY_2,3008.DMC역7번출구,ST-2166,70,7,10,126.89836121,37.57711411
2026-06-26T12:22:14.856877+09:00,응봉산,응봉산,POI107,KEY_3,569. 응봉현대아파트 정류소,ST-370,0,0,10,127.03024292,37.54958344
2026-06-26T12:22:14.856877+09:00,응봉산,응봉산,POI107,KEY_3,3511. 응봉역 1번출구,ST-1195,10,1,10,127.0351944,37.55130386
2026-06-26T12:22:14.856877+09:00,응봉산,응봉산,POI107,KEY_3,3525. 금호스포츠센터앞,ST-1599,133,20,15,127.02507019,37.54608917
2026-06-26T12:22:14.856877+09:00,청계산,청계산,POI112,KEY_4,2203. 청계산입구역 2번출구,ST-925,30,3,10,127.05501556,37.44765854
2026-06-26T12:22:14.856877+09:00,청계산,청계산,POI112,KEY_4,4338.새정이마을버스정류장 앞,ST-3216,80,4,5,127.06594849,37.43474579
2026-06-26T12:22:14.856877+09:00,가락시장,가락시장,POI058,KEY_2,2659.서울친환경유통센터,ST-2410,10,1,10,127.10492706,37.49420929
2026-06-26T12:22:14.856877+09:00,가락시장,가락시장,POI058,KEY_2,2658.가락몰 업무동,ST-2409,70,7,10,127.11569214,37.49535751
2026-06-26T12:22:14.856877+09:00,가락시장,가락시장,POI058,KEY_2,4854. 가락시장역 2번 출구,ST-2606,40,4,10,127.11798859,37.492733
2026-06-26T12:22:14.856877+09:00,가락시장,가락시장,POI058,KEY_2,4480. 가락시장 남1문 사거리,ST-2591,7,1,15,127.11745453,37.49201584
2026-06-26T12:22:14.856877+09:00,가로수길,가로수길,POI059,KEY_3,2362. 신사동 가로수길 입구,ST-1171,60,6,10,127.02245331,37.51763535
2026-06-26T12:22:14.856877+09:00,가로수길,가로수길,POI059,KEY_3,3606. 신사동주민센터 옆,ST-2673,150,15,10,127.02285004,37.52422714
2026-06-26T12:22:14.856877+09:00,가로수길,가로수길,POI059,KEY_3,4903. 신사스퀘어,ST-3066,0,0,10,127.0189743,37.51916885
2026-06-26T12:22:14.856877+09:00,가로수길,가로수길,POI059,KEY_3,4907. 극동스포츠 앞,ST-3078,320,16,5,127.02588654,37.5257225
2026-06-26T12:22:14.856877+09:00,김포공항,김포공항,POI061,KEY_1,3776. 김포공항사거리,ST-2484,160,16,10,126.80518341,37.5675354
2026-06-26T12:22:14.856877+09:00,김포공항,김포공항,POI061,KEY_1,5072. 김포공항입구 교통섬,ST-2947,90,9,10,126.80708313,37.56154633
2026-06-26T12:22:14.856877+09:00,남대문시장,남대문시장,POI115,KEY_2,324. 신세계백화점 본점 앞,ST-140,163,13,8,126.9805069,37.56134415
2026-06-26T12:22:14.856877+09:00,남대문시장,남대문시장,POI115,KEY_2,470.회현역 7번출구,ST-1776,23,3,13,126.98000336,37.55974579
2026-06-26T12:22:14.856877+09:00,남대문시장,남대문시장,POI115,KEY_2,4776. 신세계면세점,ST-2522,40,4,10,126.98139191,37.56027603
2026-06-26T12:22:14.856877+09:00,노량진,노량진,POI063,KEY_3,2003. 사육신공원앞,ST-877,120,12,10,126.94805908,37.51335907
2026-06-26T12:22:14.856877+09:00,노량진,노량진,POI063,KEY_3,2002. 노들역 1번출구,ST-683,59,10,17,126.95246887,37.51284409
2026-06-26T12:22:14.856877+09:00,노량진,노량진,POI063,KEY_3,2058. 동작경찰서,ST-1150,50,7,14,126.94352722,37.5135231
2026-06-26T12:22:14.856877+09:00,노량진,노량진,POI063,KEY_3,2070. 노량진역 2번 출구 앞,ST-1545,117,21,18,126.94306946,37.51391983
2026-06-26T12:22:14.856877+09:00,노량진,노량진,POI063,KEY_3,2050. 노량진역 5번출구,ST-699,87,13,15,126.93997192,37.51324844
2026-06-26T12:22:14.856877+09:00,덕수궁길·정동길,덕수궁길·정동길,POI064,KEY_4,391. 시립미술관,ST-977,200,16,8,126.97340393,37.56505203
2026-06-26T12:22:14.856877+09:00,덕수궁길·정동길,덕수궁길·정동길,POI064,KEY_4,300. 정동사거리,ST-116,17,1,6,126.96923065,37.56805038
2026-06-26T12:22:14.856877+09:00,덕수궁길·정동길,덕수궁길·정동길,POI064,KEY_4,6058. 시청역 2번출구,ST-3297,13,2,15,126.97702026,37.56557846
2026-06-26T12:22:14.856877+09:00,덕수궁길·정동길,덕수궁길·정동길,POI064,KEY_4,4715. 돈의문 박물관 마을,ST-2923,113,17,15,126.96955109,37.56883621
2026-06-26T12:22:14.856877+09:00,북촌한옥마을,북촌한옥마을,POI066,KEY_2,314. 국립현대미술관,ST-130,240,24,10,126.98085785,37.5797081
2026-06-26T12:22:14.856877+09:00,북촌한옥마을,북촌한옥마을,POI066,KEY_2,354. 포르투갈 대사관 앞,ST-170,150,15,10,126.98896027,37.57915497
2026-06-26T12:22:14.856877+09:00,북촌한옥마을,북촌한옥마을,POI066,KEY_2,451. 청와대앞길,ST-979,0,0,8,126.97966766,37.58351517
2026-06-26T12:22:14.856877+09:00,북촌한옥마을,북촌한옥마을,POI066,KEY_2,352. 중앙고입구 삼거리,ST-168,0,0,10,126.98523712,37.58341599
2026-06-26T12:22:14.856877+09:00,북촌한옥마을,북촌한옥마을,POI066,KEY_2,465. 삼청공원 앞,ST-1759,140,7,5,126.9835968,37.58760452
2026-06-26T12:22:14.856877+09:00,북촌한옥마을,북촌한옥마을,POI066,KEY_2,353. 재동초교 앞 삼거리,ST-169,113,9,8,126.9849472,37.57938766
2026-06-26T12:22:14.856877+09:00,북촌한옥마을,북촌한옥마을,POI066,KEY_2,464. 삼청동 골목,ST-1756,160,16,10,126.98169708,37.58419037
2026-06-26T12:22:14.856877+09:00,북촌한옥마을,북촌한옥마을,POI066,KEY_2,3407.안국동사거리(신),ST-1804,28,5,18,126.98339081,37.57580566
2026-06-26T12:22:14.856877+09:00,북촌한옥마을,북촌한옥마을,POI066,KEY_2,4719. 종로문화원 건너편,ST-3090,127,19,15,126.9805069,37.57571411
2026-06-26T12:22:14.856877+09:00,북촌한옥마을,북촌한옥마을,POI066,KEY_2,4705. 웰니스센터(민방위교육장 앞),ST-2565,33,2,6,126.98912811,37.57752991
2026-06-26T12:22:14.856877+09:00,서촌,서촌,POI067,KEY_3,450. 효자동 삼거리,ST-978,10,5,51,126.97254944,37.58360291
2026-06-26T12:22:14.856877+09:00,서촌,서촌,POI067,KEY_3,349. 어린이도서관,ST-165,40,2,5,126.96858978,37.57633209
2026-06-26T12:22:14.856877+09:00,서촌,서촌,POI067,KEY_3,4721. 통인시장 정자,ST-3354,13,1,8,126.96878815,37.58055878
2026-06-26T12:22:14.856877+09:00,서촌,서촌,POI067,KEY_3,4710. 자교교회 앞,ST-2473,25,2,8,126.97123718,37.58114624
2026-06-26T12:22:14.856877+09:00,성수카페거리,성수카페거리,POI068,KEY_4,587. 유니베라 앞,ST-482,270,27,10,127.05264282,37.54541779
2026-06-26T12:22:14.856877+09:00,성수카페거리,성수카페거리,POI068,KEY_4,514. 성수사거리 버스정류장 앞,ST-112,342,41,12,127.06330872,37.54257965
2026-06-26T12:22:14.856877+09:00,성수카페거리,성수카페거리,POI068,KEY_4,513. 뚝섬역 5번 출구 정류소 옆,ST-111,162,21,13,127.04980469,37.54630661
2026-06-26T12:22:14.856877+09:00,성수카페거리,성수카페거리,POI068,KEY_4,3548.뚝섬역 6번출구,ST-2330,110,11,10,127.04766846,37.54695892
2026-06-26T12:22:14.856877+09:00,성수카페거리,성수카페거리,POI068,KEY_4,4398. 유원지식산업센터 앞,ST-3325,81,13,16,127.05593109,37.54436493
2026-06-26T12:22:14.856877+09:00,성수카페거리,성수카페거리,POI068,KEY_4,4387. 성수역 1번출구 주변,ST-3121,300,24,8,127.05336761,37.54555893
2026-06-26T12:22:14.856877+09:00,성수카페거리,성수카페거리,POI068,KEY_4,4399. 더리브 세종타워 앞,ST-3326,157,11,7,127.0580368,37.54378128
2026-06-26T12:22:14.856877+09:00,성수카페거리,성수카페거리,POI068,KEY_4,4377. 우영테크노센터 앞,ST-3003,388,31,8,127.05971527,37.54332352
2026-06-26T12:22:14.856877+09:00,송리단길·호수단길,송리단길·호수단길,POI121,KEY_1,2639.석촌역 8번출구,ST-1866,0,0,18,127.10657501,37.50550461
2026-06-26T12:22:14.856877+09:00,송리단길·호수단길,송리단길·호수단길,POI121,KEY_1,4868. 석촌호수 서호 남단,ST-2833,20,2,10,127.10124207,37.50717163
2026-06-26T12:22:14.856877+09:00,신촌 스타광장,신촌 스타광장,POI122,KEY_2,128. 신촌역(2호선) 1번출구 옆,ST-30,53,10,19,126.93634033,37.55549622
2026-06-26T12:22:14.856877+09:00,신촌 스타광장,신촌 스타광장,POI122,KEY_2,3116.신촌역 4번출구,ST-2201,80,8,10,126.93720245,37.55550385
2026-06-26T12:22:14.856877+09:00,압구정로데오거리,압구정로데오거리,POI071,KEY_3,2310. 청담동 맥도날드 옆(위치),ST-794,90,9,10,127.04017639,37.52361298
2026-06-26T12:22:14.856877+09:00,압구정로데오거리,압구정로데오거리,POI071,KEY_3,2365. K+ 타워 앞,ST-1174,53,8,15,127.03847504,37.52330017
2026-06-26T12:22:14.856877+09:00,여의도,여의도,POI072,KEY_4,203. 국회의사당역 3번출구 옆,ST-51,73,11,15,126.91870117,37.5280571
2026-06-26T12:22:14.856877+09:00,여의도,여의도,POI072,KEY_4,221. 여의도초교 앞,ST-67,20,2,10,126.93778992,37.52267456
2026-06-26T12:22:14.856877+09:00,여의도,여의도,POI072,KEY_4,217. NH농협은행 앞,ST-66,440,66,15,126.93036652,37.52207947
2026-06-26T12:22:14.856877+09:00,여의도,여의도,POI072,KEY_4,223. 진주아파트상가 앞,ST-69,5,1,20,126.9333725,37.51913071
2026-06-26T12:22:14.856877+09:00,여의도,여의도,POI072,KEY_4,207. 여의나루역 1번출구 앞,ST-73,7,3,46,126.93190002,37.52715683
2026-06-26T12:22:14.856877+09:00,여의도,여의도,POI072,KEY_4,271. 샛강생태공원방문자센터 앞,ST-425,0,0,10,126.9216156,37.51896286
2026-06-26T12:22:14.856877+09:00,여의도,여의도,POI072,KEY_4,226. 샛강역 1번출구 앞,ST-72,16,3,19,126.92841339,37.51776505
2026-06-26T12:22:14.856877+09:00,여의도,여의도,POI072,KEY_4,299.여의도 순복음교회,ST-1971,60,6,10,126.92245483,37.53179169
2026-06-26T12:22:14.856877+09:00,여의도,여의도,POI072,KEY_4,224. 롯데캐슬 앞,ST-70,15,3,20,126.93236542,37.5200882
2026-06-26T12:22:14.856877+09:00,여의도,여의도,POI072,KEY_4,219. 롯데캐슬엠파이어 옆,ST-62,233,28,12,126.92583466,37.52069473
2026-06-26T12:22:14.856877+09:00,여의도,여의도,POI072,KEY_4,298.KBS 연구동 건너편,ST-1970,0,0,25,126.91374207,37.52724838
2026-06-26T12:22:14.856877+09:00,여의도,여의도,POI072,KEY_4,213. KT앞,ST-59,58,11,19,126.91895294,37.52190781
2026-06-26T12:22:14.856877+09:00,여의도,여의도,POI072,KEY_4,222. 시범아파트버스정류장 옆,ST-68,50,6,12,126.93688965,37.51902008
2026-06-26T12:22:14.856877+09:00,여의도,여의도,POI072,KEY_4,225. 앙카라공원 앞,ST-71,4,1,26,126.92961884,37.51758575
2026-06-26T12:22:14.856877+09:00,여의도,여의도,POI072,KEY_4,204. 국회의사당역 5번출구 옆,ST-50,100,13,13,126.91702271,37.52816391
2026-06-26T12:22:14.856877+09:00,여의도,여의도,POI072,KEY_4,297.국회3문,ST-1969,0,0,10,126.91267395,37.52863693
2026-06-26T12:22:14.856877+09:00,여의도,여의도,POI072,KEY_4,220. 미성아파트 A동 앞,ST-63,47,14,30,126.92604828,37.5193634
2026-06-26T12:22:14.856877+09:00,여의도,여의도,POI072,KEY_4,260. 여의도 마리나선착장 앞,ST-414,13,2,15,126.91216278,37.53365707
2026-06-26T12:22:14.856877+09:00,여의도,여의도,POI072,KEY_4,209. 유진투자증권빌딩 앞,ST-55,282,62,22,126.92783356,37.52461243
2026-06-26T12:22:14.856877+09:00,여의도,여의도,POI072,KEY_4,205. 산업은행 앞,ST-52,70,14,20,126.92050934,37.52626419
2026-06-26T12:22:14.856877+09:00,여의도,여의도,POI072,KEY_4,270. 증권거래소후문교차로,ST-424,310,31,10,126.92710114,37.52234268
2026-06-26T12:22:14.856877+09:00,여의도,여의도,POI072,KEY_4,248. 초원아파트 앞,ST-296,140,14,10,126.92420959,37.53105545
2026-06-26T12:22:14.856877+09:00,여의도,여의도,POI072,KEY_4,249. 여의도중학교 옆,ST-297,6,1,16,126.93580627,37.52457809
2026-06-26T12:22:14.856877+09:00,여의도,여의도,POI072,KEY_4,201. 진미파라곤 앞,ST-46,27,4,15,126.92133331,37.53123856
2026-06-26T12:22:14.856877+09:00,여의도,여의도,POI072,KEY_4,215. 여의도고교 앞,ST-64,20,2,10,126.93490601,37.52483749
2026-06-26T12:22:14.856877+09:00,여의도,여의도,POI072,KEY_4,214. 금융감독원 앞,ST-60,200,42,21,126.9208374,37.5230217
2026-06-26T12:22:14.856877+09:00,여의도,여의도,POI072,KEY_4,200. 국회의원회관,ST-45,45,10,22,126.91391754,37.52841568
2026-06-26T12:22:14.856877+09:00,여의도,여의도,POI072,KEY_4,202. 국민일보 앞,ST-47,250,75,30,126.92453003,37.52881622
2026-06-26T12:22:14.856877+09:00,여의도,여의도,POI072,KEY_4,206. KBS 앞,ST-53,126,44,35,126.91802216,37.52466583
2026-06-26T12:22:14.856877+09:00,여의도,여의도,POI072,KEY_4,5893.한국산업은행,ST-3397,500,50,10,126.92175293,37.52814484
2026-06-26T12:22:14.856877+09:00,여의도,여의도,POI072,KEY_4,5853. 여의도역2번출구 앞,ST-3061,80,8,10,126.92271423,37.52243423
2026-06-26T12:22:14.856877+09:00,여의도,여의도,POI072,KEY_4,4580. 국회제2의원회관,ST-2644,135,23,17,126.91316986,37.52974701
2026-06-26T12:22:14.856877+09:00,여의도,여의도,POI072,KEY_4,4564. 63스퀘어,ST-2814,212,36,17,126.93965912,37.52070999
2026-06-26T12:22:14.856877+09:00,여의도,여의도,POI072,KEY_4,5892.국회의사당본관 좌측,ST-3383,86,6,7,126.91375732,37.53090286
2026-06-26T12:22:14.856877+09:00,여의도,여의도,POI072,KEY_4,5878. 우리은행 앞,ST-3315,440,88,20,126.92162323,37.52349091
2026-06-26T12:22:14.856877+09:00,여의도,여의도,POI072,KEY_4,4563. 여의도 은하아파트,ST-2813,50,5,10,126.93448639,37.51850891
2026-06-26T12:22:14.856877+09:00,여의도,여의도,POI072,KEY_4,5891.한강버스 여의도 선착장,ST-3402,243,73,30,126.93422699,37.52816391
2026-06-26T12:22:14.856877+09:00,여의도,여의도,POI072,KEY_4,5880. 국회박물관,ST-3319,14,1,7,126.91945648,37.53183365
2026-06-26T12:22:14.856877+09:00,여의도,여의도,POI072,KEY_4,4589. KRX한국거래소(1),ST-2899,161,29,18,126.92759705,37.52338028
2026-06-26T12:22:14.856877+09:00,여의도,여의도,POI072,KEY_4,5870. LG트윈타워 앞,ST-3239,130,26,20,126.93017578,37.52833176
2026-06-26T12:22:14.856877+09:00,여의도,여의도,POI072,KEY_4,5888.여의도성당,ST-3375,0,0,7,126.93920898,37.52164459
2026-06-26T12:22:14.856877+09:00,여의도,여의도,POI072,KEY_4,5889.의원회관출입구 앞,ST-3377,0,0,10,126.91479492,37.52985382
2026-06-26T12:22:14.856877+09:00,여의도,여의도,POI072,KEY_4,4584. 국회2문,ST-2648,0,0,9,126.91510773,37.52864075
2026-06-26T12:22:14.856877+09:00,여의도,여의도,POI072,KEY_4,4585. 국회6문,ST-2694,33,2,6,126.91799164,37.53271866
2026-06-26T12:22:14.856877+09:00,여의도,여의도,POI072,KEY_4,4579. 국회의사당 본관,ST-2643,0,0,17,126.91404724,37.5325737
2026-06-26T12:22:14.856877+09:00,여의도,여의도,POI072,KEY_4,5879. 국회도서관 2문 앞,ST-3318,100,8,8,126.91668701,37.53107071
2026-06-26T12:22:14.856877+09:00,여의도,여의도,POI072,KEY_4,4582. 국회도서관,ST-2646,117,14,12,126.91817474,37.53054047
2026-06-26T12:22:14.856877+09:00,여의도,여의도,POI072,KEY_4,5890.여의나루역 3번출구,ST-3401,82,9,11,126.93336487,37.52645493
2026-06-26T12:22:14.856877+09:00,여의도,여의도,POI072,KEY_4,5859. 여의도 삼부아파트,ST-3160,40,4,10,126.93045807,37.52539444
2026-06-26T12:22:14.856877+09:00,여의도,여의도,POI072,KEY_4,4583. 의정관,ST-2647,58,7,12,126.91747284,37.53214645
2026-06-26T12:22:14.856877+09:00,여의도,여의도,POI072,KEY_4,5897.여의도공작아파트,ST-3426,10,1,10,126.92987061,37.52595139
2026-06-26T12:22:14.856877+09:00,여의도,여의도,POI072,KEY_4,4581. 국회소통관,ST-2645,0,0,12,126.9128952,37.53050232
2026-06-26T12:22:14.856877+09:00,연남동,연남동,POI073,KEY_1,107. 수협 연남동지점,ST-9,140,14,10,126.91871643,37.55784607
2026-06-26T12:22:14.856877+09:00,연남동,연남동,POI073,KEY_1,4233. 코오롱아파트사거리,ST-2979,280,28,10,126.92149353,37.56306458
2026-06-26T12:22:14.856877+09:00,영등포 타임스퀘어,영등포 타임스퀘어,POI074,KEY_2,284. 센트럴 푸르지오 시티 앞,ST-1650,131,21,16,126.90222931,37.51821136
2026-06-26T12:22:14.856877+09:00,영등포 타임스퀘어,영등포 타임스퀘어,POI074,KEY_2,3219.영등포역 1번출구,ST-1990,270,27,10,126.9077301,37.5148468
2026-06-26T12:22:14.856877+09:00,영등포 타임스퀘어,영등포 타임스퀘어,POI074,KEY_2,5868. 로프트시티오피스텔,ST-3238,83,5,6,126.90843201,37.51906204
2026-06-26T12:22:14.856877+09:00,영등포 타임스퀘어,영등포 타임스퀘어,POI074,KEY_2,5858. 영등포역5번출구,ST-3142,90,9,10,126.90807343,37.51669312
2026-06-26T12:22:14.856877+09:00,영등포 타임스퀘어,영등포 타임스퀘어,POI074,KEY_2,4565. 영등포 신세계백화점,ST-2815,360,36,10,126.90364838,37.51803589
2026-06-26T12:22:14.856877+09:00,용리단길,용리단길,POI076,KEY_3,816. 신용산역 6번출구 앞,ST-435,60,15,25,126.96848297,37.53014755
2026-06-26T12:22:14.856877+09:00,용리단길,용리단길,POI076,KEY_3,817. 삼각지역 4번출구 앞,ST-436,0,0,9,126.97173309,37.53345108
2026-06-26T12:22:14.856877+09:00,이태원 앤틱가구거리,이태원 앤틱가구거리,POI077,KEY_4,4634. 이태원역 3번 출구,ST-3056,160,8,5,126.99497223,37.5343895
2026-06-26T12:22:14.856877+09:00,이태원 앤틱가구거리,이태원 앤틱가구거리,POI077,KEY_4,4615. 크라운호텔앞 버스정류소,ST-2446,71,5,7,126.99137878,37.53030014
2026-06-26T12:22:14.856877+09:00,익선동,익선동,POI116,KEY_1,334. 종로3가역 2번출구 뒤,ST-150,20,2,10,126.99179077,37.5705986
2026-06-26T12:22:14.856877+09:00,익선동,익선동,POI116,KEY_1,328. 탑골공원 앞,ST-144,9,1,11,126.9881897,37.57039642
2026-06-26T12:22:14.856877+09:00,익선동,익선동,POI116,KEY_1,327. 낙원상가 옆,ST-143,0,0,10,126.9874649,37.57335663
2026-06-26T12:22:14.856877+09:00,익선동,익선동,POI116,KEY_1,3410.종로3가역 8번출구,ST-1807,40,4,10,126.99188995,37.5724678
2026-06-26T12:22:14.856877+09:00,익선동,익선동,POI116,KEY_1,4713. 현대 뜨레비앙 아파트 앞,ST-2623,29,2,7,126.99062347,37.57528305
2026-06-26T12:22:14.856877+09:00,인사동,인사동,POI078,KEY_2,454. 종로2가 버스정류장 (종각방향),ST-1607,38,5,13,126.98638153,37.57035828
2026-06-26T12:22:14.856877+09:00,인사동,인사동,POI078,KEY_2,326. 안국역 5번출구 앞,ST-142,7,1,15,126.98616028,37.57624054
2026-06-26T12:22:14.856877+09:00,인사동,인사동,POI078,KEY_2,327. 낙원상가 옆,ST-143,0,0,10,126.9874649,37.57335663
2026-06-26T12:22:14.856877+09:00,인사동,인사동,POI078,KEY_2,3408.종로타워빌딩,ST-1805,31,4,13,126.98323822,37.57070541
2026-06-26T12:22:14.856877+09:00,창동 신경제 중심지,창동 신경제 중심지,POI079,KEY_4,1756.서울북부광역등기국,ST-2101,50,5,10,127.04431915,37.65148544
2026-06-26T12:22:14.856877+09:00,창동 신경제 중심지,창동 신경제 중심지,POI079,KEY_4,1657. 노원구청,ST-1125,220,44,20,127.05732727,37.65404892
2026-06-26T12:22:14.856877+09:00,창동 신경제 중심지,창동 신경제 중심지,POI079,KEY_4,1716. 창동역 1번출구 건너편,ST-1132,425,34,8,127.05072784,37.65420151
2026-06-26T12:22:14.856877+09:00,창동 신경제 중심지,창동 신경제 중심지,POI079,KEY_4,1674. 서울북부고용센터앞,ST-1291,180,27,15,127.05808258,37.65354919
2026-06-26T12:22:14.856877+09:00,창동 신경제 중심지,창동 신경제 중심지,POI079,KEY_4,1775.신원리베르텔 앞,ST-2120,67,10,15,127.04554749,37.65128708
2026-06-26T12:22:14.856877+09:00,창동 신경제 중심지,창동 신경제 중심지,POI079,KEY_4,1690. 도봉운전면허시험장 버스정류장 옆,ST-1641,40,4,10,127.05931091,37.6577301
2026-06-26T12:22:14.856877+09:00,창동 신경제 중심지,창동 신경제 중심지,POI079,KEY_4,1653. 노원역1번출구,ST-1121,160,16,10,127.06362152,37.65620041
2026-06-26T12:22:14.856877+09:00,창동 신경제 중심지,창동 신경제 중심지,POI079,KEY_4,1686. 상계주공10단지 종합상가 앞,ST-1476,7,1,15,127.05805206,37.66114044
2026-06-26T12:22:14.856877+09:00,창동 신경제 중심지,창동 신경제 중심지,POI079,KEY_4,1637. KT 전화국 버스정류장 옆,ST-611,56,5,9,127.06372833,37.6546669
2026-06-26T12:22:14.856877+09:00,창동 신경제 중심지,창동 신경제 중심지,POI079,KEY_4,1662. 노원역7번출구,ST-1279,220,44,20,127.05921173,37.65421677
2026-06-26T12:22:14.856877+09:00,창동 신경제 중심지,창동 신경제 중심지,POI079,KEY_4,1722. 창동청소년수련관,ST-1292,20,3,15,127.05004883,37.65779877
2026-06-26T12:22:14.856877+09:00,창동 신경제 중심지,창동 신경제 중심지,POI079,KEY_4,4096.창동역2번출구 하나은행365 앞,ST-3368,350,28,8,127.04550171,37.65283585
2026-06-26T12:22:14.856877+09:00,창동 신경제 중심지,창동 신경제 중심지,POI079,KEY_4,5333. 노원역9번-10번 출구 앞,ST-3288,310,31,10,127.063591,37.65655518
2026-06-26T12:22:14.856877+09:00,창동 신경제 중심지,창동 신경제 중심지,POI079,KEY_4,5311. 주공601동 상가 노원지하보도 앞,ST-3116,460,23,5,127.06147766,37.65190125
2026-06-26T12:22:14.856877+09:00,창동 신경제 중심지,창동 신경제 중심지,POI079,KEY_4,4098.창동역 1번출구 인근,ST-3430,300,24,8,127.04838562,37.65290833
2026-06-26T12:22:14.856877+09:00,청량리 제기동 일대 전통시장,청량리 제기동 일대 전통시장,POI081,KEY_2,676.FITI시험연구원 앞,ST-2276,78,7,9,127.03547668,37.58143234
2026-06-26T12:22:14.856877+09:00,청량리 제기동 일대 전통시장,청량리 제기동 일대 전통시장,POI081,KEY_2,640. 동대문경찰서 교차로,ST-407,117,7,6,127.04460144,37.58255005
2026-06-26T12:22:14.856877+09:00,청량리 제기동 일대 전통시장,청량리 제기동 일대 전통시장,POI081,KEY_2,633. 청량리 기업은행 앞,ST-400,300,24,8,127.04472351,37.58049774
2026-06-26T12:22:14.856877+09:00,청량리 제기동 일대 전통시장,청량리 제기동 일대 전통시장,POI081,KEY_2,4147.청량리역광장,ST-3405,43,15,35,127.04673767,37.58024597
2026-06-26T12:22:14.856877+09:00,청량리 제기동 일대 전통시장,청량리 제기동 일대 전통시장,POI081,KEY_2,4149.제기동역 5번출구,ST-3428,43,3,7,127.03381348,37.5779953
2026-06-26T12:22:14.856877+09:00,청량리 제기동 일대 전통시장,청량리 제기동 일대 전통시장,POI081,KEY_2,4134. 제기동 현대아파트 앞,ST-3206,80,8,10,127.0353241,37.57994843
2026-06-26T12:22:14.856877+09:00,DDP(동대문디자인플라자),DDP(동대문디자인플라자),POI083,KEY_4,475.DDP 패션몰,ST-1781,71,15,21,127.0118103,37.56764984
2026-06-26T12:22:14.856877+09:00,DDP(동대문디자인플라자),DDP(동대문디자인플라자),POI083,KEY_4,347. 동대문역사문화공원역 9번출구 앞,ST-163,11,2,18,127.00784302,37.56533051
2026-06-26T12:22:14.856877+09:00,DDP(동대문디자인플라자),DDP(동대문디자인플라자),POI083,KEY_4,474.동대문역사문화공원역 1번출구 뒤편,ST-1780,88,35,40,127.00849152,37.56629944
2026-06-26T12:22:14.856877+09:00,DDP(동대문디자인플라자),DDP(동대문디자인플라자),POI083,KEY_4,4765. 동대문디자인플라자,ST-2431,120,24,20,127.00946045,37.5683136
2026-06-26T12:22:14.856877+09:00,DMC(디지털미디어시티),DMC(디지털미디어시티),POI084,KEY_1,405. DMC빌 앞,ST-80,50,4,8,126.88578796,37.58265686
2026-06-26T12:22:14.856877+09:00,DMC(디지털미디어시티),DMC(디지털미디어시티),POI084,KEY_1,417. DMC역 2번출구 옆,ST-93,0,0,20,126.8999176,37.57506943
2026-06-26T12:22:14.856877+09:00,DMC(디지털미디어시티),DMC(디지털미디어시티),POI084,KEY_1,412. DMC산학협력연구센터 앞,ST-91,62,13,21,126.89079285,37.57565689
2026-06-26T12:22:14.856877+09:00,DMC(디지털미디어시티),DMC(디지털미디어시티),POI084,KEY_1,414. 상암동주민센터 옆,ST-94,163,13,8,126.89447021,37.57822037
2026-06-26T12:22:14.856877+09:00,DMC(디지털미디어시티),DMC(디지털미디어시티),POI084,KEY_1,490.가온문화공원,ST-2149,100,23,23,126.88766479,37.58207703
2026-06-26T12:22:14.856877+09:00,DMC(디지털미디어시티),DMC(디지털미디어시티),POI084,KEY_1,408. LG CNS앞,ST-84,57,8,14,126.88665009,37.58081055
2026-06-26T12:22:14.856877+09:00,DMC(디지털미디어시티),DMC(디지털미디어시티),POI084,KEY_1,489.구룡근린공원,ST-2148,60,6,10,126.88276672,37.58320236
2026-06-26T12:22:14.856877+09:00,DMC(디지털미디어시티),DMC(디지털미디어시티),POI084,KEY_1,409. 누리꿈스퀘어 옆,ST-86,163,49,30,126.88916016,37.57939911
2026-06-26T12:22:14.856877+09:00,DMC(디지털미디어시티),DMC(디지털미디어시티),POI084,KEY_1,411. DMC홍보관,ST-90,210,21,10,126.89147186,37.5779953
2026-06-26T12:22:14.856877+09:00,DMC(디지털미디어시티),DMC(디지털미디어시티),POI084,KEY_1,415. DMC역 9번출구 앞,ST-95,90,9,10,126.89736176,37.57746887
2026-06-26T12:22:14.856877+09:00,DMC(디지털미디어시티),DMC(디지털미디어시티),POI084,KEY_1,425. DMC첨단산업센터,ST-991,70,7,10,126.88559723,37.58450317
2026-06-26T12:22:14.856877+09:00,DMC(디지털미디어시티),DMC(디지털미디어시티),POI084,KEY_1,3007.MBC 앞,ST-2165,130,13,10,126.89044952,37.58198166
2026-06-26T12:22:14.856877+09:00,DMC(디지털미디어시티),DMC(디지털미디어시티),POI084,KEY_1,3008.DMC역7번출구,ST-2166,70,7,10,126.89836121,37.57711411
2026-06-26T12:22:14.856877+09:00,DMC(디지털미디어시티),DMC(디지털미디어시티),POI084,KEY_1,4238. 상암한샘빌딩앞,ST-2981,0,0,7,126.89867401,37.57649231
2026-06-26T12:22:14.856877+09:00,DMC(디지털미디어시티),DMC(디지털미디어시티),POI084,KEY_1,4214. JTBC 앞,ST-2537,100,10,10,126.8901825,37.57730484
2026-06-26T12:22:14.856877+09:00,DMC(디지털미디어시티),DMC(디지털미디어시티),POI084,KEY_1,4218. 디지털매직스페이스,ST-2974,192,25,13,126.88957977,37.58119965
2026-06-26T12:22:14.856877+09:00,가산디지털단지역,가산디지털단지역,POI013,KEY_2,1806. 에이스하이엔드타워9차 앞,ST-621,390,39,10,126.87863922,37.48621368
2026-06-26T12:22:14.856877+09:00,가산디지털단지역,가산디지털단지역,POI013,KEY_2,1850. 코오롱테크노밸리,ST-1277,110,11,10,126.8863678,37.48015976
2026-06-26T12:22:14.856877+09:00,가산디지털단지역,가산디지털단지역,POI013,KEY_2,1867.대륭포스트타워6차 앞,ST-1938,357,107,30,126.8841629,37.48101044
2026-06-26T12:22:14.856877+09:00,가산디지털단지역,가산디지털단지역,POI013,KEY_2,1851. 가산디지털단지 9번출구 인근,ST-1403,90,9,10,126.88148499,37.48123169
2026-06-26T12:22:14.856877+09:00,가산디지털단지역,가산디지털단지역,POI013,KEY_2,1834. 월드메르디앙 벤처센터 2차,ST-640,430,43,10,126.87904358,37.47908401
2026-06-26T12:22:14.856877+09:00,가산디지털단지역,가산디지털단지역,POI013,KEY_2,1839. 수출의 다리 아래,ST-1140,145,29,20,126.88615417,37.47743607
2026-06-26T12:22:14.856877+09:00,가산디지털단지역,가산디지털단지역,POI013,KEY_2,1849. 대륭포스트타워5차,ST-1276,120,12,10,126.88694,37.48135376
2026-06-26T12:22:14.856877+09:00,가산디지털단지역,가산디지털단지역,POI013,KEY_2,1805. 서울디지털운동장 앞,ST-620,140,14,10,126.87776947,37.48228836
2026-06-26T12:22:14.856877+09:00,가산디지털단지역,가산디지털단지역,POI013,KEY_2,1835. STX V타워,ST-641,120,12,10,126.88442993,37.47706985
2026-06-26T12:22:14.856877+09:00,가산디지털단지역,가산디지털단지역,POI013,KEY_2,1812. 갑을그레이트밸리 앞,ST-624,390,39,10,126.88729858,37.47903061
2026-06-26T12:22:14.856877+09:00,가산디지털단지역,가산디지털단지역,POI013,KEY_2,3985. 디폴리스 지식산업센터,ST-2964,150,30,20,126.87680054,37.48017502
2026-06-26T12:22:14.856877+09:00,가산디지털단지역,가산디지털단지역,POI013,KEY_2,3989.가산디지털단지역 9번출구 앞,ST-3396,180,18,10,126.88175964,37.48055267
2026-06-26T12:22:14.856877+09:00,가산디지털단지역,가산디지털단지역,POI013,KEY_2,3984. 가산롯데아이티캐슬,ST-2999,800,40,5,126.88083649,37.47636795
2026-06-26T12:22:14.856877+09:00,강남역,강남역,POI014,KEY_3,2421. 신논현역 4번출구,ST-1887,27,4,15,127.02579498,37.504673
2026-06-26T12:22:14.856877+09:00,강남역,강남역,POI014,KEY_3,3628. 역삼1동 주민센터,ST-2689,70,7,10,127.03302765,37.49521255
2026-06-26T12:22:14.856877+09:00,강남역,강남역,POI014,KEY_3,2407. 역삼서초삼성 세무서 앞 (역삼빌딩 앞),ST-1577,60,6,10,127.03011322,37.49847031
2026-06-26T12:22:14.856877+09:00,강남역,강남역,POI014,KEY_3,2505. 우성아파트사거리 (기업은행앞),ST-1556,242,29,12,127.0295105,37.49330521
2026-06-26T12:22:14.856877+09:00,강남역,강남역,POI014,KEY_3,4349.삼성화재서초타워,ST-3361,267,16,6,127.02896118,37.49446869
2026-06-26T12:22:14.856877+09:00,건대입구역,건대입구역,POI015,KEY_4,501. 광진문화예술회관 앞,ST-98,60,18,30,127.07035065,37.53730774
2026-06-26T12:22:14.856877+09:00,건대입구역,건대입구역,POI015,KEY_4,3533. 건대입구역 사거리(롯데백화점),ST-1660,130,13,10,127.07078552,37.5392952
2026-06-26T12:22:14.856877+09:00,건대입구역,건대입구역,POI015,KEY_4,3534. 건대입구역 5번출구 뒤,ST-1661,110,11,10,127.06956482,37.54008102
2026-06-26T12:22:14.856877+09:00,고덕역,고덕역,POI016,KEY_1,1072.고덕역 5번출구,ST-1833,77,17,22,127.15372467,37.55486298
2026-06-26T12:22:14.856877+09:00,고덕역,고덕역,POI016,KEY_1,1068.명일파출소,ST-1767,80,8,10,127.15622711,37.5536499
2026-06-26T12:22:14.856877+09:00,고덕역,고덕역,POI016,KEY_1,1036. 고덕동 주양쇼핑,ST-1053,30,3,10,127.15331268,37.55199051
2026-06-26T12:22:14.856877+09:00,교대역,교대역,POI018,KEY_3,2279. 교대역 5번출구뒤,ST-1305,138,11,8,127.01418304,37.49361801
2026-06-26T12:22:14.856877+09:00,교대역,교대역,POI018,KEY_3,2239.교대역 6번출구,ST-765,140,14,10,127.01378632,37.49421692
2026-06-26T12:22:14.856877+09:00,구로디지털단지역,구로디지털단지역,POI019,KEY_4,1986. 태평양물산,ST-1521,680,102,15,126.89518738,37.48485947
2026-06-26T12:22:14.856877+09:00,구로디지털단지역,구로디지털단지역,POI019,KEY_4,2110. 조원동 미성아파트,ST-950,89,8,9,126.90203094,37.48319244
2026-06-26T12:22:14.856877+09:00,구로디지털단지역,구로디지털단지역,POI019,KEY_4,2801. 대륭포스트타워1차,ST-1753,187,56,30,126.89542389,37.48437119
2026-06-26T12:22:14.856877+09:00,구로디지털단지역,구로디지털단지역,POI019,KEY_4,1955. 디지털입구 교차로,ST-936,180,18,10,126.90103912,37.48288345
2026-06-26T12:22:14.856877+09:00,구로디지털단지역,구로디지털단지역,POI019,KEY_4,1911. 구로디지털단지역 앞,ST-668,239,43,18,126.90132141,37.48493958
2026-06-26T12:22:14.856877+09:00,구로디지털단지역,구로디지털단지역,POI019,KEY_4,1962. 가리봉동주민센터,ST-1224,233,35,15,126.89279938,37.48160172
2026-06-26T12:22:14.856877+09:00,구로역,구로역,POI020,KEY_1,1946. 구로역 광장,ST-873,330,33,10,126.88038635,37.50311661
2026-06-26T12:22:14.856877+09:00,구로역,구로역,POI020,KEY_1,3919. 구로역·NC신구로점 버스정류장(구로역 방면),ST-3013,107,15,14,126.88237,37.50096512
2026-06-26T12:22:14.856877+09:00,군자역,군자역,POI021,KEY_2,540. 군자역 7번출구 베스트샵 앞,ST-253,63,5,8,127.0786438,37.55603027
2026-06-26T12:22:14.856877+09:00,군자역,군자역,POI021,KEY_2,3518. 군자역 7번출구뒤,ST-1263,13,1,8,127.07913971,37.55686188
2026-06-26T12:22:14.856877+09:00,군자역,군자역,POI021,KEY_2,3500. 군자역2번출구,ST-983,71,5,7,127.07969666,37.55758667
2026-06-26T12:22:14.856877+09:00,군자역,군자역,POI021,KEY_2,3586.군자역 비채온 오피스텔,ST-2325,13,1,8,127.07727051,37.55771255
2026-06-26T12:22:14.856877+09:00,대림역,대림역,POI023,KEY_3,286. 우성아파트 교차로,ST-1652,125,15,12,126.89974976,37.49457169
2026-06-26T12:22:14.856877+09:00,대림역,대림역,POI023,KEY_3,1914. 대림역4번출구,ST-918,120,12,10,126.89444733,37.49440384
2026-06-26T12:22:14.856877+09:00,대림역,대림역,POI023,KEY_3,1975. 대림역 1번 출입구 밑,ST-1237,170,17,10,126.8947525,37.49256516
2026-06-26T12:22:14.856877+09:00,동대문역,동대문역,POI024,KEY_4,457. 종로꽃시장 입구 옆,ST-1610,150,15,10,127.00720978,37.57131958
2026-06-26T12:22:14.856877+09:00,동대문역,동대문역,POI024,KEY_4,393. 동대문역 8번 출구,ST-1372,83,10,12,127.00937653,37.57014084
2026-06-26T12:22:14.856877+09:00,동대문역,동대문역,POI024,KEY_4,3415.동대문역6번출구,ST-1812,80,12,15,127.0107193,37.57147217
2026-06-26T12:22:14.856877+09:00,미아사거리역,미아사거리역,POI026,KEY_2,1546. 송천동우체국,ST-1665,20,2,10,127.02970123,37.61545944
2026-06-26T12:22:14.856877+09:00,미아사거리역,미아사거리역,POI026,KEY_2,1574.송중초등학교 옆,ST-2405,75,6,8,127.03049469,37.61669922
2026-06-26T12:22:14.856877+09:00,미아사거리역,미아사거리역,POI026,KEY_2,1531. 미아사거리 1번 출구,ST-1105,180,18,10,127.03025055,37.61395645
2026-06-26T12:22:14.856877+09:00,미아사거리역,미아사거리역,POI026,KEY_2,4423.현대백화점 미아점,ST-3203,150,15,10,127.02845764,37.60884857
2026-06-26T12:22:14.856877+09:00,발산역,발산역,POI027,KEY_3,1124. 발산역 6번 출구 뒤,ST-522,17,1,6,126.8384552,37.55817795
2026-06-26T12:22:14.856877+09:00,발산역,발산역,POI027,KEY_3,1117. 등촌5단지아파트 버스정류장,ST-834,10,1,10,126.84426117,37.55819702
2026-06-26T12:22:14.856877+09:00,발산역,발산역,POI027,KEY_3,"1153. 발산역 1번, 9번 인근 대여소",ST-1065,31,10,32,126.83717346,37.55894852
2026-06-26T12:22:14.856877+09:00,발산역,발산역,POI027,KEY_3,1197. 엠펠리체 호텔 건너편,ST-1714,75,15,20,126.83546448,37.56026077
2026-06-26T12:22:14.856877+09:00,발산역,발산역,POI027,KEY_3,3759. 이대서울병원,ST-2569,192,48,25,126.83559418,37.5586319
2026-06-26T12:22:14.856877+09:00,발산역,발산역,POI027,KEY_3,3760. 발산역 8번 출구,ST-2538,12,2,17,126.83676147,37.55846024
2026-06-26T12:22:14.856877+09:00,발산역,발산역,POI027,KEY_3,2717.LG유플러스 마곡사옥,ST-2033,240,149,62,126.83390045,37.56133652
2026-06-26T12:22:14.856877+09:00,발산역,발산역,POI027,KEY_3,2721.등촌1-10단지 교차로,ST-2037,17,2,12,126.8393631,37.56320572
2026-06-26T12:22:14.856877+09:00,발산역,발산역,POI027,KEY_3,3764. 관문주유소(GS칼택스) 앞,ST-2613,0,0,10,126.84183502,37.55802917
2026-06-26T12:22:14.856877+09:00,발산역,발산역,POI027,KEY_3,2723.마곡 필네이처,ST-2040,46,6,13,126.83669281,37.56089401
2026-06-26T12:22:14.856877+09:00,발산역,발산역,POI027,KEY_3,2730.마곡메가박스 앞,ST-2047,53,16,30,126.83495331,37.55912781
2026-06-26T12:22:14.856877+09:00,발산역,발산역,POI027,KEY_3,5095. 원당근린공원,ST-3226,0,0,14,126.84147644,37.55947495
2026-06-26T12:22:14.856877+09:00,발산역,발산역,POI027,KEY_3,5061. 우장산동 가곡어린이공원앞,ST-2888,20,2,10,126.83751678,37.55545425
2026-06-26T12:22:14.856877+09:00,사당역,사당역,POI029,KEY_4,2089.사당역10번출구(금강빌딩),ST-2362,260,26,10,126.98150635,37.4791069
2026-06-26T12:22:14.856877+09:00,사당역,사당역,POI029,KEY_4,2104. 사당역 5번출구,ST-712,69,9,13,126.98133087,37.47608948
2026-06-26T12:22:14.856877+09:00,사당역,사당역,POI029,KEY_4,2034. 사당역 7번출구쪽,ST-924,63,12,19,126.98057556,37.47689056
2026-06-26T12:22:14.856877+09:00,사당역,사당역,POI029,KEY_4,2222.사당역 12번출구 뒤,ST-753,150,15,10,126.98203278,37.47806931
2026-06-26T12:22:14.856877+09:00,삼각지역,삼각지역,POI030,KEY_1,848. 삼각지12번 출구,ST-2172,113,9,8,126.97562408,37.53488922
2026-06-26T12:22:14.856877+09:00,삼각지역,삼각지역,POI030,KEY_1,849. 삼각지 자이아파트,ST-2173,55,11,20,126.97341919,37.53607941
2026-06-26T12:22:14.856877+09:00,삼각지역,삼각지역,POI030,KEY_1,4620. 삼각지역 14번 출구 앞(교통섬),ST-2451,175,14,8,126.97408295,37.53528595
2026-06-26T12:22:14.856877+09:00,서울대입구역,서울대입구역,POI031,KEY_2,2111. 서울대입구역 1번출구,ST-965,110,11,10,126.95331573,37.48086929
2026-06-26T12:22:14.856877+09:00,서울대입구역,서울대입구역,POI031,KEY_2,2116. 에이스에이존빌딩,ST-717,44,4,9,126.95082855,37.48170471
2026-06-26T12:22:14.856877+09:00,서울대입구역,서울대입구역,POI031,KEY_2,2171. 서울대입구역 5번출구,ST-1337,141,24,17,126.95200348,37.48154831
2026-06-26T12:22:14.856877+09:00,서울대입구역,서울대입구역,POI031,KEY_2,3311.서울대입구역 4번 출구,ST-2394,108,13,12,126.95157623,37.48122025
2026-06-26T12:22:14.856877+09:00,서울대입구역,서울대입구역,POI031,KEY_2,2128. 관악구청교차로,ST-720,0,0,12,126.95265198,37.47949982
2026-06-26T12:22:14.856877+09:00,서울대입구역,서울대입구역,POI031,KEY_2,2112. 서울대입구역 마에스트로,ST-715,80,12,15,126.95064545,37.4813385
2026-06-26T12:22:14.856877+09:00,서울식물원·마곡나루역,서울식물원·마곡나루역,POI032,KEY_3,2715.마곡나루역 2번 출구,ST-2031,152,38,25,126.82743835,37.56692505
2026-06-26T12:22:14.856877+09:00,서울식물원·마곡나루역,서울식물원·마곡나루역,POI032,KEY_3,2725.서울식물원 식물문화센터,ST-2042,85,17,20,126.83563232,37.56883621
2026-06-26T12:22:14.856877+09:00,서울식물원·마곡나루역,서울식물원·마곡나루역,POI032,KEY_3,2727.서울식물원 잔디마당 앞,ST-2044,348,87,25,126.8306427,37.5639267
2026-06-26T12:22:14.856877+09:00,서울식물원·마곡나루역,서울식물원·마곡나루역,POI032,KEY_3,2701. 마곡나루역 5번출구 뒤편,ST-1718,35,9,26,126.82731628,37.56520081
2026-06-26T12:22:14.856877+09:00,서울식물원·마곡나루역,서울식물원·마곡나루역,POI032,KEY_3,2728.마곡나루역 3번 출구,ST-2045,82,53,65,126.82807922,37.56580353
2026-06-26T12:22:14.856877+09:00,서울식물원·마곡나루역,서울식물원·마곡나루역,POI032,KEY_3,5098. LG사이언스파크 W4동,ST-3261,110,22,20,126.82978821,37.56403732
2026-06-26T12:22:14.856877+09:00,서울식물원·마곡나루역,서울식물원·마곡나루역,POI032,KEY_3,5097. LG사이언스파크 E2동,ST-3259,123,49,40,126.83208466,37.56381607
2026-06-26T12:22:14.856877+09:00,서울식물원·마곡나루역,서울식물원·마곡나루역,POI032,KEY_3,6190.마곡광장(마곡나루역 6번출구),ST-3421,70,7,10,126.82738495,37.56614685
2026-06-26T12:22:14.856877+09:00,서울식물원·마곡나루역,서울식물원·마곡나루역,POI032,KEY_3,6177. 마곡롯데캐슬르웨스트,ST-3324,50,5,10,126.82462311,37.56356049
2026-06-26T12:22:14.856877+09:00,서울역,서울역,POI033,KEY_4,379. 서울역9번출구,ST-194,120,12,10,126.97330475,37.55580521
2026-06-26T12:22:14.856877+09:00,서울역,서울역,POI033,KEY_4,485.서울역5번출구,ST-1791,190,19,10,126.97319794,37.55677032
2026-06-26T12:22:14.856877+09:00,서울역,서울역,POI033,KEY_4,435. SK 남산빌딩,ST-1670,40,4,10,126.97561646,37.55686188
2026-06-26T12:22:14.856877+09:00,서울역,서울역,POI033,KEY_4,4794. 서울역 서부교차로(3),ST-2786,100,8,8,126.96942139,37.55540848
2026-06-26T12:22:14.856877+09:00,서울역,서울역,POI033,KEY_4,4760. 서울역 7번출구,ST-2430,10,1,10,126.97364044,37.55664444
2026-06-26T12:22:14.856877+09:00,서울역,서울역,POI033,KEY_4,6062.서울역파출소,ST-3413,30,3,10,126.97183228,37.55709457
2026-06-26T12:22:14.856877+09:00,선릉역,선릉역,POI034,KEY_1,2369. KT선릉타워,ST-1178,110,22,20,127.0528717,37.50542831
2026-06-26T12:22:14.856877+09:00,선릉역,선릉역,POI034,KEY_1,2319. 포스코사거리 서측(수협 삼성동 지점),ST-802,180,18,10,127.05467987,37.50660706
2026-06-26T12:22:14.856877+09:00,선릉역,선릉역,POI034,KEY_1,2328. 르네상스 호텔 사거리 역삼지하보도 7번출구 앞,ST-811,250,25,10,127.04273224,37.50321198
2026-06-26T12:22:14.856877+09:00,선릉역,선릉역,POI034,KEY_1,2329. 르네상스호텔사거리 역삼지하보도 2번출구,ST-812,30,3,10,127.04319,37.50235748
2026-06-26T12:22:14.856877+09:00,선릉역,선릉역,POI034,KEY_1,2332. 선릉역3번출구,ST-815,25,2,8,127.04903412,37.50410461
2026-06-26T12:22:14.856877+09:00,성신여대입구역,성신여대입구역,POI035,KEY_2,1385.성신여대입구역 3번출구 앞,ST-2226,130,13,10,127.01628876,37.59236526
2026-06-26T12:22:14.856877+09:00,성신여대입구역,성신여대입구역,POI035,KEY_2,1384.성신여대입구역 5번출구,ST-2225,154,20,13,127.01628876,37.59282684
2026-06-26T12:22:14.856877+09:00,성신여대입구역,성신여대입구역,POI035,KEY_2,1337. 돈암성당 옆,ST-1201,85,11,13,127.01716614,37.59039307
2026-06-26T12:22:14.856877+09:00,수유역,수유역,POI036,KEY_3,1503. 강북구청사거리(수유역 8번출구),ST-643,171,24,14,127.02672577,37.63926315
2026-06-26T12:22:14.856877+09:00,수유역,수유역,POI036,KEY_3,1512. 강북중학교 앞,ST-862,20,4,20,127.02656555,37.64473724
2026-06-26T12:22:14.856877+09:00,수유역,수유역,POI036,KEY_3,1552. 강북구청사거리,ST-2125,88,7,8,127.02723694,37.63920212
2026-06-26T12:22:14.856877+09:00,수유역,수유역,POI036,KEY_3,1526. 강북종합시장 앞,ST-1100,38,3,8,127.02462769,37.64173889
2026-06-26T12:22:14.856877+09:00,수유역,수유역,POI036,KEY_3,1520. 수유중앙시장,ST-650,86,6,7,127.022789,37.63986206
2026-06-26T12:22:14.856877+09:00,수유역,수유역,POI036,KEY_3,1535. 효성인텔리안 앞,ST-1109,80,8,10,127.02337646,37.6362915
2026-06-26T12:22:14.856877+09:00,수유역,수유역,POI036,KEY_3,1569.수유역2번출구,ST-2137,240,24,10,127.02590179,37.63796997
2026-06-26T12:22:14.856877+09:00,수유역,수유역,POI036,KEY_3,1530. 광산사거리,ST-1104,92,12,13,127.0223465,37.64355087
2026-06-26T12:22:14.856877+09:00,숭례문,숭례문,POI131,KEY_4,445.대한상공회의소,ST-1771,27,4,15,126.97410583,37.56015396
2026-06-26T12:22:14.856877+09:00,숭례문,숭례문,POI131,KEY_4,6060. 신한은행 본점,ST-3342,300,24,8,126.97480774,37.56077576
2026-06-26T12:22:14.856877+09:00,시의회 앞,시의회 앞,POI130,KEY_1,310. 청계광장 옆,ST-126,25,2,8,126.9774704,37.56887817
2026-06-26T12:22:14.856877+09:00,시의회 앞,시의회 앞,POI130,KEY_1,458. 광화문역 5번출구,ST-1611,48,10,21,126.97756958,37.56989288
2026-06-26T12:22:14.856877+09:00,시의회 앞,시의회 앞,POI130,KEY_1,309. 광화문역 6번출구 옆 B,ST-125,15,2,13,126.97615814,37.56996155
2026-06-26T12:22:14.856877+09:00,시의회 앞,시의회 앞,POI130,KEY_1,6058. 시청역 2번출구,ST-3297,13,2,15,126.97702026,37.56557846
2026-06-26T12:22:14.856877+09:00,시의회 앞,시의회 앞,POI130,KEY_1,4718. 광화문역 6번출구 옆 A,ST-3075,70,7,10,126.9764328,37.56993103
2026-06-26T12:22:14.856877+09:00,신논현역·논현역,신논현역·논현역,POI037,KEY_2,2542.신논현타워 앞,ST-1926,100,10,10,127.02391052,37.50508881
2026-06-26T12:22:14.856877+09:00,신논현역·논현역,신논현역·논현역,POI037,KEY_2,2302. 교보타워 버스정류장(신논현역 3번출구 후면),ST-787,50,5,10,127.02427673,37.5055809
2026-06-26T12:22:14.856877+09:00,신논현역·논현역,신논현역·논현역,POI037,KEY_2,4347. 논현지하보도,ST-3332,50,5,10,127.02232361,37.50836945
2026-06-26T12:22:14.856877+09:00,신림역,신림역,POI039,KEY_4,2102. 봉림교 교통섬,ST-702,77,10,13,126.92688751,37.48408508
2026-06-26T12:22:14.856877+09:00,신림역,신림역,POI039,KEY_4,2175. 신림동걷고싶은문화의거리입구,ST-1270,143,10,7,126.92870331,37.48730087
2026-06-26T12:22:14.856877+09:00,신림역,신림역,POI039,KEY_4,2136. 신림역 8번출구,ST-976,138,11,8,126.93006897,37.48450851
2026-06-26T12:22:14.856877+09:00,신정네거리역,신정네거리역,POI117,KEY_1,722. 경서농협 버스정류장(우리은행신정동지점방향),ST-993,80,8,10,126.85738373,37.52151108
2026-06-26T12:22:14.856877+09:00,신정네거리역,신정네거리역,POI117,KEY_1,706. 신정네거리역,ST-313,100,15,15,126.85175323,37.5218811
2026-06-26T12:22:14.856877+09:00,신정네거리역,신정네거리역,POI117,KEY_1,4509. 서울영상고교 입구,ST-2761,267,40,15,126.85928345,37.52198029
2026-06-26T12:22:14.856877+09:00,신정네거리역,신정네거리역,POI117,KEY_1,4507. 신정제일시장,ST-2759,60,6,10,126.85499573,37.52122498
2026-06-26T12:22:14.856877+09:00,신정네거리역,신정네거리역,POI117,KEY_1,4510. 신정네거리역 교차로,ST-2762,38,5,13,126.85228729,37.52175903
2026-06-26T12:22:14.856877+09:00,신촌·이대역,신촌·이대역,POI040,KEY_2,150. 서강대역 2번출구 앞,ST-207,53,8,15,126.93434143,37.55295563
2026-06-26T12:22:14.856877+09:00,신촌·이대역,신촌·이대역,POI040,KEY_2,128. 신촌역(2호선) 1번출구 옆,ST-30,53,10,19,126.93634033,37.55549622
2026-06-26T12:22:14.856877+09:00,신촌·이대역,신촌·이대역,POI040,KEY_2,134. 연세로 명물길,ST-36,150,12,8,126.93807983,37.55789185
2026-06-26T12:22:14.856877+09:00,신촌·이대역,신촌·이대역,POI040,KEY_2,137. 신촌기차역입구 교차로,ST-39,120,12,10,126.9431839,37.55681229
2026-06-26T12:22:14.856877+09:00,신촌·이대역,신촌·이대역,POI040,KEY_2,135. 명물길 원형무대 앞,ST-37,20,2,10,126.93984222,37.55922699
2026-06-26T12:22:14.856877+09:00,신촌·이대역,신촌·이대역,POI040,KEY_2,129. 신촌역(2호선) 6번출구 옆,ST-31,40,4,10,126.93756866,37.55505371
2026-06-26T12:22:14.856877+09:00,신촌·이대역,신촌·이대역,POI040,KEY_2,130. 신촌역(2호선) 7번출구 앞,ST-32,120,12,10,126.93626404,37.5550499
2026-06-26T12:22:14.856877+09:00,신촌·이대역,신촌·이대역,POI040,KEY_2,3116.신촌역 4번출구,ST-2201,80,8,10,126.93720245,37.55550385
2026-06-26T12:22:14.856877+09:00,신촌·이대역,신촌·이대역,POI040,KEY_2,4274. 신촌 파랑고래 입구,ST-3140,60,6,10,126.93603516,37.55687714
2026-06-26T12:22:14.856877+09:00,신촌·이대역,신촌·이대역,POI040,KEY_2,4248. 신촌 교보빌딩,ST-3021,20,2,10,126.94034576,37.5560112
2026-06-26T12:22:14.856877+09:00,쌍문역,쌍문역,POI070,KEY_3,1754. 창동시장입구 사거리,ST-2099,9,1,11,127.03343201,37.64689636
2026-06-26T12:22:14.856877+09:00,쌍문역,쌍문역,POI070,KEY_3,1709. 쌍문역4번출구 주변,ST-616,112,19,17,127.03534698,37.65012741
2026-06-26T12:22:14.856877+09:00,쌍문역,쌍문역,POI070,KEY_3,1774.정의여중고 버스정류소,ST-2119,13,1,8,127.034729,37.65134811
2026-06-26T12:22:14.856877+09:00,쌍문역,쌍문역,POI070,KEY_3,4054. 창동한신아파트 버스정류소,ST-2722,140,14,10,127.03527069,37.64601898
2026-06-26T12:22:14.856877+09:00,양재역,양재역,POI041,KEY_4,2333. 양재역 3번출구 주변,ST-816,107,15,14,127.03407288,37.48515701
2026-06-26T12:22:14.856877+09:00,양재역,양재역,POI041,KEY_4,2242.양재역 10번 출구 앞,ST-767,0,0,20,127.03417969,37.48398972
2026-06-26T12:22:14.856877+09:00,양재역,양재역,POI041,KEY_4,2293. SPC 앞,ST-1360,70,7,10,127.03699493,37.48479843
2026-06-26T12:22:14.856877+09:00,양재역,양재역,POI041,KEY_4,4329. SC제일은행 양재동지점 앞,ST-2962,138,11,8,127.03315735,37.48573685
2026-06-26T12:22:14.856877+09:00,역삼역,역삼역,POI042,KEY_1,2430.강남파이낸스센터앞(역삼역2번출구),ST-1896,50,5,10,127.03605652,37.50024414
2026-06-26T12:22:14.856877+09:00,역삼역,역삼역,POI042,KEY_1,2410. 포스코피앤에스타워 (역삼역 3번출구 부근),ST-1680,180,18,10,127.03375244,37.49959946
2026-06-26T12:22:14.856877+09:00,역삼역,역삼역,POI042,KEY_1,2349. 역삼빌딩 앞(하나은행 옆),ST-959,58,7,12,127.03856659,37.50154495
2026-06-26T12:22:14.856877+09:00,연신내역,연신내역,POI043,KEY_2,949. 연신내역 1번 출구,ST-1035,217,13,6,126.92080688,37.61978149
2026-06-26T12:22:14.856877+09:00,연신내역,연신내역,POI043,KEY_2,922. 연신내역 4번출구,ST-470,10,1,10,126.92196655,37.61780167
2026-06-26T12:22:14.856877+09:00,연신내역,연신내역,POI043,KEY_2,906. 연신내역 5번출구,ST-454,113,9,8,126.91957855,37.61721039
2026-06-26T12:22:14.856877+09:00,오목교역·목동운동장,오목교역·목동운동장,POI044,KEY_3,748. 목동운동장,ST-1019,192,25,13,126.87930298,37.53025055
2026-06-26T12:22:14.856877+09:00,오목교역·목동운동장,오목교역·목동운동장,POI044,KEY_3,747. 목동3단지 상가,ST-1018,250,25,10,126.8756485,37.53458023
2026-06-26T12:22:14.856877+09:00,오목교역·목동운동장,오목교역·목동운동장,POI044,KEY_3,723. SBS방송국,ST-994,253,38,15,126.87274933,37.52916336
2026-06-26T12:22:14.856877+09:00,오목교역·목동운동장,오목교역·목동운동장,POI044,KEY_3,765. 오목교역 3번출구,ST-1731,250,30,12,126.87548065,37.52477646
2026-06-26T12:22:14.856877+09:00,오목교역·목동운동장,오목교역·목동운동장,POI044,KEY_3,756. 목동주차장,ST-1497,100,15,15,126.8761673,37.52667999
2026-06-26T12:22:14.856877+09:00,오목교역·목동운동장,오목교역·목동운동장,POI044,KEY_3,792.목동트라팰리스 웨스턴에비뉴,ST-2017,125,25,20,126.8709259,37.52537155
2026-06-26T12:22:14.856877+09:00,오목교역·목동운동장,오목교역·목동운동장,POI044,KEY_3,769.CBS방송국 앞,ST-1995,295,59,20,126.87467194,37.52785492
2026-06-26T12:22:14.856877+09:00,오목교역·목동운동장,오목교역·목동운동장,POI044,KEY_3,703. 오목교역 7번출구 앞,ST-311,267,32,12,126.87524414,37.52362823
2026-06-26T12:22:14.856877+09:00,오목교역·목동운동장,오목교역·목동운동장,POI044,KEY_3,791.현대하이페리온,ST-2016,113,17,15,126.86980438,37.52490234
2026-06-26T12:22:14.856877+09:00,오목교역·목동운동장,오목교역·목동운동장,POI044,KEY_3,771.목동아파트 703동 앞,ST-1997,88,7,8,126.87016296,37.52820587
2026-06-26T12:22:14.856877+09:00,오목교역·목동운동장,오목교역·목동운동장,POI044,KEY_3,762. 오목로 무중력지대 앞,ST-1503,100,10,10,126.87766266,37.52474213
2026-06-26T12:22:14.856877+09:00,오목교역·목동운동장,오목교역·목동운동장,POI044,KEY_3,731. 서울시 도로환경관리센터,ST-1002,150,15,10,126.87654114,37.5298996
2026-06-26T12:22:14.856877+09:00,오목교역·목동운동장,오목교역·목동운동장,POI044,KEY_3,4532. 목동현대아파트 후문 앞,ST-2879,40,4,10,126.87805939,37.5221405
2026-06-26T12:22:14.856877+09:00,오목교역·목동운동장,오목교역·목동운동장,POI044,KEY_3,4514. 목동성당 앞,ST-2764,150,30,20,126.86930084,37.52319717
2026-06-26T12:22:14.856877+09:00,오목교역·목동운동장,오목교역·목동운동장,POI044,KEY_3,4543. 오목교역 6번 출구,ST-3163,489,44,9,126.87567139,37.5236702
2026-06-26T12:22:14.856877+09:00,오목교역·목동운동장,오목교역·목동운동장,POI044,KEY_3,4546. 목동운동장 주경기장,ST-3227,77,23,30,126.88307953,37.52937698
2026-06-26T12:22:14.856877+09:00,왕십리역,왕십리역,POI045,KEY_4,558. 성동광진 교육지원청 앞,ST-359,130,26,20,127.03652191,37.56460571
2026-06-26T12:22:14.856877+09:00,왕십리역,왕십리역,POI045,KEY_4,525. 한양대병원사거리,ST-241,45,9,20,127.04035187,37.55805206
2026-06-26T12:22:14.856877+09:00,왕십리역,왕십리역,POI045,KEY_4,559. 왕십리역 4번 출구 건너편,ST-360,100,13,13,127.03679657,37.56109619
2026-06-26T12:22:14.856877+09:00,왕십리역,왕십리역,POI045,KEY_4,3545.한양대역 1번출구,ST-2327,40,4,10,127.04335785,37.55657959
2026-06-26T12:22:14.856877+09:00,왕십리역,왕십리역,POI045,KEY_4,3561.행당동 삼부APT후문,ST-2343,60,6,10,127.03839874,37.55926895
2026-06-26T12:22:14.856877+09:00,용산역,용산역,POI046,KEY_1,806. 전자랜드 본관 앞,ST-327,15,3,20,126.96073151,37.5330658
2026-06-26T12:22:14.856877+09:00,용산역,용산역,POI046,KEY_1,853.용산역 맞은편,ST-2177,53,10,19,126.96595001,37.52841568
2026-06-26T12:22:14.856877+09:00,용산역,용산역,POI046,KEY_1,845. 용산 선인상가,ST-1615,119,19,16,126.96437836,37.53269958
2026-06-26T12:22:14.856877+09:00,용산역,용산역,POI046,KEY_1,4617. 동원베네스트 건너편,ST-2448,67,4,6,126.95511627,37.52761078
2026-06-26T12:22:14.856877+09:00,용산역,용산역,POI046,KEY_1,4616. 신용산지하차도 앞,ST-2447,40,6,15,126.96411896,37.53248215
2026-06-26T12:22:14.856877+09:00,잠실새내역,잠실새내역,POI118,KEY_3,1224. 아시아지하보도 2번 출구,ST-548,60,9,15,127.07893372,37.51216888
2026-06-26T12:22:14.856877+09:00,잠실새내역,잠실새내역,POI118,KEY_3,1222. 잠실새내역 5번 출구 뒤,ST-547,57,13,23,127.08505249,37.51198196
2026-06-26T12:22:14.856877+09:00,잠실새내역,잠실새내역,POI118,KEY_3,2635.잠실새내역 1번출구,ST-1862,81,17,21,127.08673859,37.51129532
2026-06-26T12:22:14.856877+09:00,잠실새내역,잠실새내역,POI118,KEY_3,2637. 아시아지하보도 14번 출구,ST-1864,127,19,15,127.07881165,37.51146317
2026-06-26T12:22:14.856877+09:00,잠실역,잠실역,POI119,KEY_4,1231. 잠실역 6번출구,ST-840,192,25,13,127.09902954,37.51408768
2026-06-26T12:22:14.856877+09:00,잠실역,잠실역,POI119,KEY_4,1232. 잠실주공 521동 건너편,ST-550,270,27,10,127.09568787,37.51184082
2026-06-26T12:22:14.856877+09:00,잠실역,잠실역,POI119,KEY_4,1210. 롯데월드타워(잠실역2번출구 쪽),ST-891,353,106,30,127.10095978,37.51312637
2026-06-26T12:22:14.856877+09:00,잠실역,잠실역,POI119,KEY_4,2647.잠실 자전거 수리센터 앞,ST-1868,186,13,7,127.10114288,37.51100922
2026-06-26T12:22:14.856877+09:00,장지역,장지역,POI048,KEY_1,1266. 문정동 글샘 공원,ST-1085,40,4,10,127.12000275,37.47880936
2026-06-26T12:22:14.856877+09:00,장지역,장지역,POI048,KEY_1,1247. 문정 법조단지11,ST-907,27,4,15,127.12351227,37.4788208
2026-06-26T12:22:14.856877+09:00,장지역,장지역,POI048,KEY_1,1245. 문정 법조단지9,ST-905,50,5,10,127.12532806,37.47946548
2026-06-26T12:22:14.856877+09:00,장지역,장지역,POI048,KEY_1,1244. 문정 법조단지8,ST-904,36,4,11,127.12212372,37.48153687
2026-06-26T12:22:14.856877+09:00,장지역,장지역,POI048,KEY_1,1246. 문정 법조단지10,ST-906,67,20,30,127.12632751,37.47750854
2026-06-26T12:22:14.856877+09:00,장지역,장지역,POI048,KEY_1,4491. 장지역 1번출구,ST-2599,50,5,10,127.12678528,37.47953415
2026-06-26T12:22:14.856877+09:00,장지역,장지역,POI048,KEY_1,4885. 가든파이브 리빙관,ST-2985,13,1,8,127.123703,37.47709656
2026-06-26T12:22:14.856877+09:00,장한평역,장한평역,POI049,KEY_2,626. 군자교 서측 녹지대,ST-394,206,35,17,127.07096863,37.56115341
2026-06-26T12:22:14.856877+09:00,장한평역,장한평역,POI049,KEY_2,529. 장한평역 8번 출구 앞,ST-243,75,6,8,127.06365967,37.56137085
2026-06-26T12:22:14.856877+09:00,장한평역,장한평역,POI049,KEY_2,4385. 용답동 우체국 주변,ST-3099,80,4,5,127.06151581,37.56168747
2026-06-26T12:22:14.856877+09:00,장한평역,장한평역,POI049,KEY_2,4105. 서울교통공사사거리 교통섬,ST-2499,80,8,10,127.05799103,37.56324005
2026-06-26T12:22:14.856877+09:00,천호역,천호역,POI050,KEY_3,1264. 천호역 10번 출구 앞,ST-1083,13,1,8,127.12280273,37.53858185
2026-06-26T12:22:14.856877+09:00,천호역,천호역,POI050,KEY_3,1009. 천호역4번출구(현대백화점),ST-493,120,24,20,127.12424469,37.53866577
2026-06-26T12:22:14.856877+09:00,천호역,천호역,POI050,KEY_3,3657. 서울천호동우체국,ST-2732,230,23,10,127.12576294,37.54074097
2026-06-26T12:22:14.856877+09:00,총신대입구(이수)역,총신대입구(이수)역,POI051,KEY_4,2082.7호선 이수역7번출구,ST-2355,190,19,10,126.98179626,37.4846077
2026-06-26T12:22:14.856877+09:00,총신대입구(이수)역,총신대입구(이수)역,POI051,KEY_4,2264. 이수역 1번출구,ST-935,167,15,9,126.98271942,37.48897171
2026-06-26T12:22:14.856877+09:00,총신대입구(이수)역,총신대입구(이수)역,POI051,KEY_4,2032. 이수역 11번출구쪽,ST-923,490,49,10,126.98162079,37.48550797
2026-06-26T12:22:14.856877+09:00,총신대입구(이수)역,총신대입구(이수)역,POI051,KEY_4,2091. 이수역9번출구,ST-2364,153,23,15,126.98059082,37.48470306
2026-06-26T12:22:14.856877+09:00,총신대입구(이수)역,총신대입구(이수)역,POI051,KEY_4,2511. 이수역 6번출구 앞,ST-1739,80,8,10,126.98234558,37.48398972
2026-06-26T12:22:14.856877+09:00,충정로역,충정로역,POI052,KEY_1,180. 충정로역 7번출구 아래,ST-233,0,0,10,126.96246338,37.55996704
2026-06-26T12:22:14.856877+09:00,충정로역,충정로역,POI052,KEY_1,3134.SK리쳄블(서울아리수본부),ST-2219,0,0,10,126.96658325,37.56131744
2026-06-26T12:22:14.856877+09:00,충정로역,충정로역,POI052,KEY_1,3114.충정로역 3번 출구,ST-2198,14,1,7,126.96552277,37.56046295
2026-06-26T12:22:14.856877+09:00,충정로역,충정로역,POI052,KEY_1,4271. 충정로역 1번 출구,ST-3107,0,0,7,126.96305847,37.55942535
2026-06-26T12:22:14.856877+09:00,충정로역,충정로역,POI052,KEY_1,4801. 충정로역 2호선(엘리베이터 앞),ST-3053,0,0,5,126.96414185,37.55937576
2026-06-26T12:22:14.856877+09:00,충정로역,충정로역,POI052,KEY_1,4266.국민연금공단충정로사옥,ST-3027,0,0,9,126.96414948,37.56184769
2026-06-26T12:22:14.856877+09:00,충정로역,충정로역,POI052,KEY_1,4752. 삼성사이버빌리지아파트,ST-2624,0,0,7,126.96485901,37.55891418
2026-06-26T12:22:14.856877+09:00,합정역,합정역,POI053,KEY_2,106. 합정역 7번출구 앞,ST-8,17,2,12,126.91282654,37.54864502
2026-06-26T12:22:14.856877+09:00,합정역,합정역,POI053,KEY_2,105. 합정역 5번출구 앞,ST-7,80,4,5,126.91482544,37.55000687
2026-06-26T12:22:14.856877+09:00,합정역,합정역,POI053,KEY_2,497.합정동주민센터 앞,ST-2156,120,30,25,126.91230011,37.551754
2026-06-26T12:22:14.856877+09:00,합정역,합정역,POI053,KEY_2,4211. 시석빌딩 앞,ST-2534,25,2,8,126.91671753,37.54836655
2026-06-26T12:22:14.856877+09:00,혜화역,혜화역,POI054,KEY_3,342. 대학로 마로니에공원,ST-158,50,11,22,127.00234222,37.58044434
2026-06-26T12:22:14.856877+09:00,혜화역,혜화역,POI054,KEY_3,341. 혜화역 3번출구 뒤,ST-157,13,1,8,127.00178528,37.58156967
2026-06-26T12:22:14.856877+09:00,혜화역,혜화역,POI054,KEY_3,358. 성균관대입구 사거리 A,ST-173,69,9,13,126.99853516,37.58250046
2026-06-26T12:22:14.856877+09:00,혜화역,혜화역,POI054,KEY_3,3419.국립어린이과학관,ST-1816,14,2,14,126.99736786,37.58194733
2026-06-26T12:22:14.856877+09:00,혜화역,혜화역,POI054,KEY_3,3421.혜화역 1번출구,ST-1818,0,0,10,127.00185394,37.58385468
2026-06-26T12:22:14.856877+09:00,혜화역,혜화역,POI054,KEY_3,3420. 성균관대입구 사거리 B,ST-1817,60,6,10,126.99885559,37.58327484
2026-06-26T12:22:14.856877+09:00,홍대입구역(2호선),홍대입구역(2호선),POI055,KEY_4,113. 홍대입구역 2번출구 앞,ST-18,107,30,28,126.9238205,37.5574379
2026-06-26T12:22:14.856877+09:00,홍대입구역(2호선),홍대입구역(2호선),POI055,KEY_4,114. 홍대입구역 8번출구 앞,ST-20,87,13,15,126.92442322,37.55706024
2026-06-26T12:22:14.856877+09:00,회기역,회기역,POI056,KEY_1,670.삼육서울병원 버스정류장,ST-2270,289,26,9,127.06151581,37.5896759
2026-06-26T12:22:14.856877+09:00,회기역,회기역,POI056,KEY_1,680.꿈마루어린이도서관 앞,ST-2280,177,39,22,127.05741119,37.59238434
2026-06-26T14:38:26.355217+09:00,광화문·덕수궁,광화문·덕수궁,POI009,KEY_2,303. 광화문역 1번출구 앞,ST-119,163,13,8,126.97466278,37.57176971
2026-06-26T14:38:26.355217+09:00,광화문·덕수궁,광화문·덕수궁,POI009,KEY_2,458. 광화문역 5번출구,ST-1611,152,32,21,126.97756958,37.56989288
2026-06-26T14:38:26.355217+09:00,광화문·덕수궁,광화문·덕수궁,POI009,KEY_2,309. 광화문역 6번출구 옆 B,ST-125,38,5,13,126.97615814,37.56996155
2026-06-26T14:38:26.355217+09:00,광화문·덕수궁,광화문·덕수궁,POI009,KEY_2,305. 종로구청 옆,ST-121,169,27,16,126.97833252,37.57255936
2026-06-26T14:38:26.355217+09:00,광화문·덕수궁,광화문·덕수궁,POI009,KEY_2,391. 시립미술관,ST-977,163,13,8,126.97340393,37.56505203
2026-06-26T14:38:26.355217+09:00,광화문·덕수궁,광화문·덕수궁,POI009,KEY_2,310. 청계광장 옆,ST-126,438,35,8,126.9774704,37.56887817
2026-06-26T14:38:26.355217+09:00,광화문·덕수궁,광화문·덕수궁,POI009,KEY_2,4719. 종로문화원 건너편,ST-3090,120,18,15,126.9805069,37.57571411
2026-06-26T14:38:26.355217+09:00,광화문·덕수궁,광화문·덕수궁,POI009,KEY_2,6058. 시청역 2번출구,ST-3297,220,33,15,126.97702026,37.56557846
2026-06-26T14:38:26.355217+09:00,광화문·덕수궁,광화문·덕수궁,POI009,KEY_2,4796. 서울시청,ST-2693,65,13,20,126.97925568,37.5664711
2026-06-26T14:38:26.355217+09:00,광화문·덕수궁,광화문·덕수궁,POI009,KEY_2,4718. 광화문역 6번출구 옆 A,ST-3075,50,5,10,126.9764328,37.56993103
2026-06-26T14:38:26.355217+09:00,보신각,보신각,POI010,KEY_3,385. 종각역 5번출구,ST-336,160,16,10,126.98265839,37.56983566
2026-06-26T14:38:26.355217+09:00,보신각,보신각,POI010,KEY_3,316. 종각역 1번출구 앞,ST-132,113,9,8,126.98178864,37.57039642
2026-06-26T14:38:26.355217+09:00,보신각,보신각,POI010,KEY_3,3408.종로타워빌딩,ST-1805,23,3,13,126.98323822,37.57070541
2026-06-26T14:38:26.355217+09:00,보신각,보신각,POI010,KEY_3,4708. 조계사앞사거리,ST-2472,183,11,6,126.98283386,37.5721817
2026-06-26T14:38:26.355217+09:00,서울 암사동 유적,서울 암사동 유적,POI011,KEY_4,1007.암사동 선사유적지,ST-491,129,18,14,127.13087463,37.55955887
2026-06-26T14:38:26.355217+09:00,서울 암사동 유적,서울 암사동 유적,POI011,KEY_4,3539. 서원마을,ST-1686,50,5,10,127.13283539,37.56379318
2026-06-26T14:38:26.355217+09:00,창덕궁·종묘,창덕궁·종묘,POI012,KEY_1,339. 종로4가 사거리,ST-155,90,9,10,126.99819183,37.57106781
2026-06-26T14:38:26.355217+09:00,창덕궁·종묘,창덕궁·종묘,POI012,KEY_1,338. 세운스퀘어 앞,ST-154,6,1,18,126.99712372,37.57095718
2026-06-26T14:38:26.355217+09:00,창덕궁·종묘,창덕궁·종묘,POI012,KEY_1,337. 창경궁 입구,ST-153,240,12,5,126.99647522,37.57897949
2026-06-26T14:38:26.355217+09:00,창덕궁·종묘,창덕궁·종묘,POI012,KEY_1,359. 원남동사거리,ST-174,138,11,8,126.99768066,37.57606125
2026-06-26T14:38:26.355217+09:00,창덕궁·종묘,창덕궁·종묘,POI012,KEY_1,3410.종로3가역 8번출구,ST-1807,80,8,10,126.99188995,37.5724678
2026-06-26T14:38:26.355217+09:00,창덕궁·종묘,창덕궁·종묘,POI012,KEY_1,3411.종묘,ST-1808,100,9,9,126.99437714,37.57072067
2026-06-26T14:38:26.355217+09:00,창덕궁·종묘,창덕궁·종묘,POI012,KEY_1,3413.종로플레이스,ST-1810,59,13,22,126.99796295,37.57320023
2026-06-26T14:38:26.355217+09:00,동대문 관광특구,동대문 관광특구,POI002,KEY_3,475.DDP 패션몰,ST-1781,67,14,21,127.0118103,37.56764984
2026-06-26T14:38:26.355217+09:00,동대문 관광특구,동대문 관광특구,POI002,KEY_3,346. 맥스타일 앞,ST-162,40,4,10,127.01014709,37.5689621
2026-06-26T14:38:26.355217+09:00,동대문 관광특구,동대문 관광특구,POI002,KEY_3,347. 동대문역사문화공원역 9번출구 앞,ST-163,11,2,18,127.00784302,37.56533051
2026-06-26T14:38:26.355217+09:00,동대문 관광특구,동대문 관광특구,POI002,KEY_3,474.동대문역사문화공원역 1번출구 뒤편,ST-1780,48,19,40,127.00849152,37.56629944
2026-06-26T14:38:26.355217+09:00,동대문 관광특구,동대문 관광특구,POI002,KEY_3,6061.충무아트센터,ST-3381,90,9,10,127.01522064,37.56538773
2026-06-26T14:38:26.355217+09:00,동대문 관광특구,동대문 관광특구,POI002,KEY_3,4765. 동대문디자인플라자,ST-2431,150,30,20,127.00946045,37.5683136
2026-06-26T14:38:26.355217+09:00,동대문 관광특구,동대문 관광특구,POI002,KEY_3,383. 신당역 12번 출구 뒤,ST-198,8,2,24,127.01642609,37.56591797
2026-06-26T14:38:26.355217+09:00,명동 관광특구,명동 관광특구,POI003,KEY_4,324. 신세계백화점 본점 앞,ST-140,150,12,8,126.9805069,37.56134415
2026-06-26T14:38:26.355217+09:00,명동 관광특구,명동 관광특구,POI003,KEY_4,321. KEB 하나금융그룹 명동사옥 옆,ST-137,0,0,15,126.98413849,37.56546402
2026-06-26T14:38:26.355217+09:00,명동 관광특구,명동 관광특구,POI003,KEY_4,433. 을지로입구역 2번출구,ST-1668,142,17,12,126.98229218,37.56634521
2026-06-26T14:38:26.355217+09:00,명동 관광특구,명동 관광특구,POI003,KEY_4,466.롯데호텔,ST-1772,323,42,13,126.97981262,37.56584167
2026-06-26T14:38:26.355217+09:00,명동 관광특구,명동 관광특구,POI003,KEY_4,320. 을지로입구역 4번출구 앞,ST-136,71,12,17,126.98358917,37.56622314
2026-06-26T14:38:26.355217+09:00,명동 관광특구,명동 관광특구,POI003,KEY_4,318. 광교사거리 남측,ST-134,140,14,10,126.98231506,37.56863403
2026-06-26T14:38:26.355217+09:00,명동 관광특구,명동 관광특구,POI003,KEY_4,331. 을지로2가 사거리 북측,ST-147,170,17,10,126.98720551,37.56638336
2026-06-26T14:38:26.355217+09:00,명동 관광특구,명동 관광특구,POI003,KEY_4,398. 을지로3가역 3번출구,ST-1435,100,8,8,126.99249268,37.56660461
2026-06-26T14:38:26.355217+09:00,명동 관광특구,명동 관광특구,POI003,KEY_4,322. 명동성당 앞,ST-138,30,3,10,126.98696899,37.56447601
2026-06-26T14:38:26.355217+09:00,명동 관광특구,명동 관광특구,POI003,KEY_4,310. 청계광장 옆,ST-126,438,35,8,126.9774704,37.56887817
2026-06-26T14:38:26.355217+09:00,명동 관광특구,명동 관광특구,POI003,KEY_4,3013.서울지방고용노동청 앞,ST-2422,443,31,7,126.98725891,37.56760406
2026-06-26T14:38:26.355217+09:00,명동 관광특구,명동 관광특구,POI003,KEY_4,4776. 신세계면세점,ST-2522,40,4,10,126.98139191,37.56027603
2026-06-26T14:38:26.355217+09:00,명동 관광특구,명동 관광특구,POI003,KEY_4,6058. 시청역 2번출구,ST-3297,220,33,15,126.97702026,37.56557846
2026-06-26T14:38:26.355217+09:00,명동 관광특구,명동 관광특구,POI003,KEY_4,4774. 을지로입구역 8번출구,ST-2520,0,0,9,126.98178101,37.56590271
2026-06-26T14:38:26.355217+09:00,명동 관광특구,명동 관광특구,POI003,KEY_4,4796. 서울시청,ST-2693,65,13,20,126.97925568,37.5664711
2026-06-26T14:38:26.355217+09:00,명동 관광특구,명동 관광특구,POI003,KEY_4,4791. 명동역9번 출구,ST-2527,90,9,10,126.98749542,37.56122589
2026-06-26T14:38:26.355217+09:00,명동 관광특구,명동 관광특구,POI003,KEY_4,4775. 을지로지하쇼핑센터,ST-2521,60,6,10,126.98445129,37.56589127
2026-06-26T14:38:26.355217+09:00,명동 관광특구,명동 관광특구,POI003,KEY_4,4762. 국제빌딩,ST-2517,50,5,10,126.98244476,37.56694794
2026-06-26T14:38:26.355217+09:00,이태원 관광특구,이태원 관광특구,POI004,KEY_1,854.HID 유족동지회 앞,ST-2178,0,0,10,127.0014801,37.53850937
2026-06-26T14:38:26.355217+09:00,이태원 관광특구,이태원 관광특구,POI004,KEY_1,843. 이태원관광특구 입구(용산구청방향),ST-1445,32,6,19,126.98867035,37.53379822
2026-06-26T14:38:26.355217+09:00,이태원 관광특구,이태원 관광특구,POI004,KEY_1,857. 현대 안성타워,ST-2181,0,0,10,126.99797058,37.53508759
2026-06-26T14:38:26.355217+09:00,이태원 관광특구,이태원 관광특구,POI004,KEY_1,4613. 서울갤러리아 앞,ST-2445,20,1,5,126.99937439,37.53597641
2026-06-26T14:38:26.355217+09:00,이태원 관광특구,이태원 관광특구,POI004,KEY_1,4623. 라인프랜즈이태원점 앞,ST-2453,30,3,10,126.99619293,37.53453064
2026-06-26T14:38:26.355217+09:00,이태원 관광특구,이태원 관광특구,POI004,KEY_1,4612. 이태원로 255,ST-2444,0,0,5,127.00084686,37.53749847
2026-06-26T14:38:26.355217+09:00,이태원 관광특구,이태원 관광특구,POI004,KEY_1,4634. 이태원역 3번 출구,ST-3056,100,5,5,126.99497223,37.5343895
2026-06-26T14:38:26.355217+09:00,잠실 관광특구,잠실 관광특구,POI005,KEY_2,1232. 잠실주공 521동 건너편,ST-550,320,32,10,127.09568787,37.51184082
2026-06-26T14:38:26.355217+09:00,잠실 관광특구,잠실 관광특구,POI005,KEY_2,1267. 올림픽공원 남2문 앞,ST-1086,29,4,14,127.12306976,37.51424026
2026-06-26T14:38:26.355217+09:00,잠실 관광특구,잠실 관광특구,POI005,KEY_2,1296. 석촌호수교차로 (송파나루근린공원 앞),ST-1585,10,1,10,127.1034317,37.50867844
2026-06-26T14:38:26.355217+09:00,잠실 관광특구,잠실 관광특구,POI005,KEY_2,1297. 석촌호수교차로(동호 팔각정 앞),ST-1586,67,10,15,127.10411835,37.50920105
2026-06-26T14:38:26.355217+09:00,잠실 관광특구,잠실 관광특구,POI005,KEY_2,1233. 잠실3거리(갤러리아팰리스),ST-551,11,1,9,127.09336853,37.51050949
2026-06-26T14:38:26.355217+09:00,잠실 관광특구,잠실 관광특구,POI005,KEY_2,1268. 몽촌토성역 1번출구 옆,ST-1087,33,5,15,127.11419678,37.51728821
2026-06-26T14:38:26.355217+09:00,잠실 관광특구,잠실 관광특구,POI005,KEY_2,1210. 롯데월드타워(잠실역2번출구 쪽),ST-891,350,105,30,127.10095978,37.51312637
2026-06-26T14:38:26.355217+09:00,잠실 관광특구,잠실 관광특구,POI005,KEY_2,2647.잠실 자전거 수리센터 앞,ST-1868,214,15,7,127.10114288,37.51100922
2026-06-26T14:38:26.355217+09:00,잠실 관광특구,잠실 관광특구,POI005,KEY_2,2608. 송파구청,ST-1681,550,55,10,127.10611725,37.51499176
2026-06-26T14:38:26.355217+09:00,잠실 관광특구,잠실 관광특구,POI005,KEY_2,2601. 석촌호수 아뜰리에,ST-1590,6,1,16,127.09883118,37.5067482
2026-06-26T14:38:26.355217+09:00,잠실 관광특구,잠실 관광특구,POI005,KEY_2,2622. 올림픽공원역 3번출구,ST-1720,120,24,20,127.13059235,37.51625824
2026-06-26T14:38:26.355217+09:00,잠실 관광특구,잠실 관광특구,POI005,KEY_2,2621. 한성백제역 2번 출구,ST-1719,13,2,15,127.11625671,37.51665878
2026-06-26T14:38:26.355217+09:00,잠실 관광특구,잠실 관광특구,POI005,KEY_2,5768.방이삼거리,ST-3214,192,23,12,127.10822296,37.51237488
2026-06-26T14:38:26.355217+09:00,잠실 관광특구,잠실 관광특구,POI005,KEY_2,4857. 올림픽공원 장미광장,ST-2621,20,3,15,127.126297,37.51275635
2026-06-26T14:38:26.355217+09:00,잠실 관광특구,잠실 관광특구,POI005,KEY_2,4856. 올림픽공원 서1문 앞,ST-2608,270,27,10,127.11457062,37.5202179
2026-06-26T14:38:26.355217+09:00,잠실 관광특구,잠실 관광특구,POI005,KEY_2,4464. 올림픽공원 북2문 A,ST-2580,60,9,15,127.12804413,37.52357483
2026-06-26T14:38:26.355217+09:00,잠실 관광특구,잠실 관광특구,POI005,KEY_2,5781. 올림픽공원 수영장,ST-3300,350,49,14,127.12688446,37.52157211
2026-06-26T14:38:26.355217+09:00,잠실 관광특구,잠실 관광특구,POI005,KEY_2,4481. 올림픽공원 북2문 B,ST-2592,144,36,25,127.12751007,37.52397537
2026-06-26T14:38:26.355217+09:00,잠실 관광특구,잠실 관광특구,POI005,KEY_2,4868. 석촌호수 서호 남단,ST-2833,10,1,10,127.10124207,37.50717163
2026-06-26T14:38:26.355217+09:00,잠실 관광특구,잠실 관광특구,POI005,KEY_2,5751. 송파여성축구장,ST-3069,10,1,10,127.11743927,37.52471542
2026-06-26T14:38:26.355217+09:00,잠실 관광특구,잠실 관광특구,POI005,KEY_2,4865. 한성백제역 1번출구 뒤,ST-2797,20,1,5,127.1149826,37.51647949
2026-06-26T14:38:26.355217+09:00,잠실 관광특구,잠실 관광특구,POI005,KEY_2,4862. 성내교 남단,ST-2756,20,2,10,127.11588287,37.52301788
2026-06-26T14:38:26.355217+09:00,잠실 관광특구,잠실 관광특구,POI005,KEY_2,4870. 몽촌토성역 3번 출구,ST-2876,10,1,10,127.11232758,37.5170784
2026-06-26T14:38:26.355217+09:00,종로·청계 관광특구,종로·청계 관광특구,POI006,KEY_3,329. 청계2가 사거리 옆,ST-145,200,16,8,126.98788452,37.56848526
2026-06-26T14:38:26.355217+09:00,종로·청계 관광특구,종로·청계 관광특구,POI006,KEY_3,397. 종묘공영주차장 건너편,ST-1432,38,5,13,126.99663544,37.57048035
2026-06-26T14:38:26.355217+09:00,종로·청계 관광특구,종로·청계 관광특구,POI006,KEY_3,385. 종각역 5번출구,ST-336,160,16,10,126.98265839,37.56983566
2026-06-26T14:38:26.355217+09:00,종로·청계 관광특구,종로·청계 관광특구,POI006,KEY_3,458. 광화문역 5번출구,ST-1611,152,32,21,126.97756958,37.56989288
2026-06-26T14:38:26.355217+09:00,종로·청계 관광특구,종로·청계 관광특구,POI006,KEY_3,335. 종로3가역 15번출구 뒤,ST-151,0,0,10,126.99165344,37.57019424
2026-06-26T14:38:26.355217+09:00,종로·청계 관광특구,종로·청계 관광특구,POI006,KEY_3,368. SK 서린빌딩 앞,ST-181,200,30,15,126.98053741,37.5692482
2026-06-26T14:38:26.355217+09:00,종로·청계 관광특구,종로·청계 관광특구,POI006,KEY_3,393. 동대문역 8번 출구,ST-1372,142,17,12,127.00937653,37.57014084
2026-06-26T14:38:26.355217+09:00,종로·청계 관광특구,종로·청계 관광특구,POI006,KEY_3,3415.동대문역6번출구,ST-1812,87,13,15,127.0107193,37.57147217
2026-06-26T14:38:26.355217+09:00,종로·청계 관광특구,종로·청계 관광특구,POI006,KEY_3,3432.종로2가 사거리,ST-1829,50,7,14,126.98880768,37.57001877
2026-06-26T14:38:26.355217+09:00,종로·청계 관광특구,종로·청계 관광특구,POI006,KEY_3,3412.세운상가,ST-1809,47,7,15,126.99454498,37.5703125
2026-06-26T14:38:26.355217+09:00,종로·청계 관광특구,종로·청계 관광특구,POI006,KEY_3,4707. 청계3가 사거리,ST-2513,20,1,5,126.99211884,37.56855774
2026-06-26T14:38:26.355217+09:00,종로·청계 관광특구,종로·청계 관광특구,POI006,KEY_3,455. 종로6가역 버스정류장(동대문 방향),ST-1608,63,5,8,127.00605774,37.570961
2026-06-26T14:38:26.355217+09:00,홍대 관광특구,홍대 관광특구,POI007,KEY_4,493.홍대입구역 6번출구,ST-2152,200,14,7,126.9288559,37.55657578
2026-06-26T14:38:26.355217+09:00,홍대 관광특구,홍대 관광특구,POI007,KEY_4,108. 서교동 사거리,ST-10,42,5,12,126.91861725,37.55274582
2026-06-26T14:38:26.355217+09:00,홍대 관광특구,홍대 관광특구,POI007,KEY_4,113. 홍대입구역 2번출구 앞,ST-18,129,36,28,126.9238205,37.5574379
2026-06-26T14:38:26.355217+09:00,홍대 관광특구,홍대 관광특구,POI007,KEY_4,104. 합정역 1번출구 앞,ST-6,23,3,13,126.91508484,37.55073929
2026-06-26T14:38:26.355217+09:00,홍대 관광특구,홍대 관광특구,POI007,KEY_4,114. 홍대입구역 8번출구 앞,ST-20,67,10,15,126.92442322,37.55706024
2026-06-26T14:38:26.355217+09:00,홍대 관광특구,홍대 관광특구,POI007,KEY_4,3009. 홍대입구역 사거리,ST-2167,115,23,20,126.92023468,37.55450058
2026-06-26T14:38:26.355217+09:00,홍대 관광특구,홍대 관광특구,POI007,KEY_4,3010.홍대입구역 3번출구,ST-2168,73,11,15,126.92538452,37.5582962
2026-06-26T14:38:26.355217+09:00,홍대 관광특구,홍대 관광특구,POI007,KEY_4,4211. 시석빌딩 앞,ST-2534,50,4,8,126.91671753,37.54836655
2026-06-26T14:38:26.355217+09:00,홍대 관광특구,홍대 관광특구,POI007,KEY_4,4208. 스타벅스(동교동) 앞,ST-2532,50,5,10,126.91986847,37.5566597
2026-06-26T14:38:26.355217+09:00,국립중앙박물관·용산가족공원,국립중앙박물관·용산가족공원,POI089,KEY_1,863.이촌역2번 출구,ST-2187,230,23,10,126.977005,37.52177048
2026-06-26T14:38:26.355217+09:00,국립중앙박물관·용산가족공원,국립중앙박물관·용산가족공원,POI089,KEY_1,855.이촌역5번출구 앞,ST-2179,40,4,10,126.97277069,37.52272415
2026-06-26T14:38:26.355217+09:00,남산공원,남산공원,POI091,KEY_3,859.남산공원 야외식물원 앞,ST-2183,0,0,10,126.99586487,37.54188538
2026-06-26T14:38:26.355217+09:00,남산공원,남산공원,POI091,KEY_3,371. 동대입구역 6번출구 뒤,ST-186,30,3,10,127.00553894,37.55887222
2026-06-26T14:38:26.355217+09:00,남산공원,남산공원,POI091,KEY_3,381. 장충체육관,ST-196,30,3,10,127.00698853,37.55853271
2026-06-26T14:38:26.355217+09:00,남산공원,남산공원,POI091,KEY_3,4621. 남산도서관 앞,ST-3054,0,0,12,126.98201752,37.55240631
2026-06-26T14:38:26.355217+09:00,노들섬,노들섬,POI092,KEY_4,869.노들섬 동측 앞,ST-2239,30,3,10,126.95914459,37.51729584
2026-06-26T14:38:26.355217+09:00,노들섬,노들섬,POI092,KEY_4,870.노들섬 서측 앞,ST-2240,40,4,10,126.95829773,37.51731873
2026-06-26T14:38:26.355217+09:00,망원한강공원,망원한강공원,POI094,KEY_2,105. 합정역 5번출구 앞,ST-7,100,5,5,126.91482544,37.55000687
2026-06-26T14:38:26.355217+09:00,망원한강공원,망원한강공원,POI094,KEY_2,4217. 한강공원 망원나들목,ST-2905,90,18,20,126.89688873,37.55557632
2026-06-26T14:38:26.355217+09:00,망원한강공원,망원한강공원,POI094,KEY_2,5515.한강버스 망원 선착장,ST-3388,123,37,30,126.89590454,37.55466461
2026-06-26T14:38:26.355217+09:00,보라매공원,보라매공원,POI123,KEY_4,4181. 보라매공원역 2번출구,ST-3117,17,1,6,126.91781616,37.49582291
2026-06-26T14:38:26.355217+09:00,보라매공원,보라매공원,POI123,KEY_4,4179. 보라매병원역 1번출구,ST-3105,20,4,20,126.92362976,37.49304199
2026-06-26T14:38:26.355217+09:00,북서울꿈의숲,북서울꿈의숲,POI096,KEY_1,1571.북서울 꿈의 숲 입구,ST-2401,30,3,10,127.03864288,37.62657166
2026-06-26T14:38:26.355217+09:00,북서울꿈의숲,북서울꿈의숲,POI096,KEY_1,1548. 북서울 꿈의숲 서문,ST-1725,93,14,15,127.03781128,37.62268829
2026-06-26T14:38:26.355217+09:00,북서울꿈의숲,북서울꿈의숲,POI096,KEY_1,3718. 번동3단지 버스정류장,ST-2610,155,17,11,127.04390717,37.628685
2026-06-26T14:38:26.355217+09:00,서대문독립공원,서대문독립공원,POI124,KEY_2,367. 독립문역 3-1번출구,ST-180,115,15,13,126.95851898,37.57415771
2026-06-26T14:38:26.355217+09:00,서대문독립공원,서대문독립공원,POI124,KEY_2,3113. 독립문 앞,ST-2199,133,20,15,126.95974731,37.57220459
2026-06-26T14:38:26.355217+09:00,서대문독립공원,서대문독립공원,POI124,KEY_2,3426.독립문역 2번출구 뒤,ST-1823,100,10,10,126.95755005,37.57501602
2026-06-26T14:38:26.355217+09:00,서대문독립공원,서대문독립공원,POI124,KEY_2,3427.인왕산 아이파크 정문,ST-1824,113,9,8,126.95584869,37.57666779
2026-06-26T14:38:26.355217+09:00,서리풀공원·몽마르뜨공원,서리풀공원·몽마르뜨공원,POI098,KEY_3,4316. 고속터미널역 3번출구,ST-2667,24,6,25,127.0059433,37.50365829
2026-06-26T14:38:26.355217+09:00,서리풀공원·몽마르뜨공원,서리풀공원·몽마르뜨공원,POI098,KEY_3,4312. 반포미도2차아파트 옆,ST-2663,0,0,10,127.00653076,37.50320435
2026-06-26T14:38:26.355217+09:00,서리풀공원·몽마르뜨공원,서리풀공원·몽마르뜨공원,POI098,KEY_3,4327. 몽마르뜨공원입구,ST-3009,100,11,11,127.0026474,37.4928894
2026-06-26T14:38:26.355217+09:00,서울숲공원,서울숲공원,POI101,KEY_1,510. 뚝도아리수정수센터 버스정류소 옆,ST-107,67,10,15,127.04380035,37.54122162
2026-06-26T14:38:26.355217+09:00,서울숲공원,서울숲공원,POI101,KEY_1,3552.서울숲 공영주차장앞,ST-2334,26,5,19,127.04277039,37.54195786
2026-06-26T14:38:26.355217+09:00,서울숲공원,서울숲공원,POI101,KEY_1,4401.뚝섬유수지 공영주차장,ST-3393,70,7,10,127.042099,37.55018234
2026-06-26T14:38:26.355217+09:00,송현녹지광장,송현녹지광장,POI129,KEY_2,354. 포르투갈 대사관 앞,ST-170,130,13,10,126.98896027,37.57915497
2026-06-26T14:38:26.355217+09:00,송현녹지광장,송현녹지광장,POI129,KEY_2,314. 국립현대미술관,ST-130,310,31,10,126.98085785,37.5797081
2026-06-26T14:38:26.355217+09:00,송현녹지광장,송현녹지광장,POI129,KEY_2,353. 재동초교 앞 삼거리,ST-169,88,7,8,126.9849472,37.57938766
2026-06-26T14:38:26.355217+09:00,송현녹지광장,송현녹지광장,POI129,KEY_2,3407.안국동사거리(신),ST-1804,39,7,18,126.98339081,37.57580566
2026-06-26T14:38:26.355217+09:00,송현녹지광장,송현녹지광장,POI129,KEY_2,4719. 종로문화원 건너편,ST-3090,120,18,15,126.9805069,37.57571411
2026-06-26T14:38:26.355217+09:00,송현녹지광장,송현녹지광장,POI129,KEY_2,4705. 웰니스센터(민방위교육장 앞),ST-2565,133,8,6,126.98912811,37.57752991
2026-06-26T14:38:26.355217+09:00,어린이대공원,어린이대공원,POI104,KEY_2,573. 구의문주차장 앞,ST-384,10,1,10,127.08473206,37.54523087
2026-06-26T14:38:26.355217+09:00,어린이대공원,어린이대공원,POI104,KEY_2,574. 아차산역4번출구,ST-385,82,18,22,127.08898163,37.55184937
2026-06-26T14:38:26.355217+09:00,어린이대공원,어린이대공원,POI104,KEY_2,500. 어린이대공원역 3번출구 앞,ST-97,20,1,5,127.07466888,37.54697037
2026-06-26T14:38:26.355217+09:00,어린이대공원,어린이대공원,POI104,KEY_2,3860. 건국대학교 정문 앞,ST-2542,10,1,10,127.07571411,37.5465126
2026-06-26T14:38:26.355217+09:00,어린이대공원,어린이대공원,POI104,KEY_2,3529. 어린이대공원정문,ST-1603,40,6,15,127.07592773,37.54978943
2026-06-26T14:38:26.355217+09:00,어린이대공원,어린이대공원,POI104,KEY_2,3507. 어린이회관,ST-1192,35,11,31,127.07800293,37.54595184
2026-06-26T14:38:26.355217+09:00,어린이대공원,어린이대공원,POI104,KEY_2,3853. 어린이대공원역 2번출구,ST-2541,78,14,18,127.07470703,37.54764938
2026-06-26T14:38:26.355217+09:00,어린이대공원,어린이대공원,POI104,KEY_2,3573.광나루안전체험관,ST-2312,113,17,15,127.07671356,37.5513382
2026-06-26T14:38:26.355217+09:00,여의도한강공원,여의도한강공원,POI105,KEY_3,249. 여의도중학교 옆,ST-297,13,2,16,126.93580627,37.52457809
2026-06-26T14:38:26.355217+09:00,여의도한강공원,여의도한강공원,POI105,KEY_3,260. 여의도 마리나선착장 앞,ST-414,20,3,15,126.91216278,37.53365707
2026-06-26T14:38:26.355217+09:00,여의도한강공원,여의도한강공원,POI105,KEY_3,5891.한강버스 여의도 선착장,ST-3402,217,65,30,126.93422699,37.52816391
2026-06-26T14:38:26.355217+09:00,여의도한강공원,여의도한강공원,POI105,KEY_3,5890.여의나루역 3번출구,ST-3401,55,6,11,126.93336487,37.52645493
2026-06-26T14:38:26.355217+09:00,여의서로,여의서로,POI126,KEY_4,297.국회3문,ST-1969,30,3,10,126.91267395,37.52863693
2026-06-26T14:38:26.355217+09:00,여의서로,여의서로,POI126,KEY_4,298.KBS 연구동 건너편,ST-1970,60,15,25,126.91374207,37.52724838
2026-06-26T14:38:26.355217+09:00,여의서로,여의서로,POI126,KEY_4,260. 여의도 마리나선착장 앞,ST-414,20,3,15,126.91216278,37.53365707
2026-06-26T14:38:26.355217+09:00,올림픽공원,올림픽공원,POI127,KEY_1,1267. 올림픽공원 남2문 앞,ST-1086,21,3,14,127.12306976,37.51424026
2026-06-26T14:38:26.355217+09:00,올림픽공원,올림픽공원,POI127,KEY_1,1268. 몽촌토성역 1번출구 옆,ST-1087,33,5,15,127.11419678,37.51728821
2026-06-26T14:38:26.355217+09:00,올림픽공원,올림픽공원,POI127,KEY_1,2622. 올림픽공원역 3번출구,ST-1720,115,23,20,127.13059235,37.51625824
2026-06-26T14:38:26.355217+09:00,올림픽공원,올림픽공원,POI127,KEY_1,2621. 한성백제역 2번 출구,ST-1719,13,2,15,127.11625671,37.51665878
2026-06-26T14:38:26.355217+09:00,올림픽공원,올림픽공원,POI127,KEY_1,4857. 올림픽공원 장미광장,ST-2621,20,3,15,127.126297,37.51275635
2026-06-26T14:38:26.355217+09:00,올림픽공원,올림픽공원,POI127,KEY_1,4856. 올림픽공원 서1문 앞,ST-2608,270,27,10,127.11457062,37.5202179
2026-06-26T14:38:26.355217+09:00,올림픽공원,올림픽공원,POI127,KEY_1,4464. 올림픽공원 북2문 A,ST-2580,60,9,15,127.12804413,37.52357483
2026-06-26T14:38:26.355217+09:00,올림픽공원,올림픽공원,POI127,KEY_1,5781. 올림픽공원 수영장,ST-3300,364,51,14,127.12688446,37.52157211
2026-06-26T14:38:26.355217+09:00,올림픽공원,올림픽공원,POI127,KEY_1,4481. 올림픽공원 북2문 B,ST-2592,144,36,25,127.12751007,37.52397537
2026-06-26T14:38:26.355217+09:00,올림픽공원,올림픽공원,POI127,KEY_1,5751. 송파여성축구장,ST-3069,10,1,10,127.11743927,37.52471542
2026-06-26T14:38:26.355217+09:00,올림픽공원,올림픽공원,POI127,KEY_1,4865. 한성백제역 1번출구 뒤,ST-2797,20,1,5,127.1149826,37.51647949
2026-06-26T14:38:26.355217+09:00,올림픽공원,올림픽공원,POI127,KEY_1,4862. 성내교 남단,ST-2756,20,2,10,127.11588287,37.52301788
2026-06-26T14:38:26.355217+09:00,월드컵공원,월드컵공원,POI106,KEY_2,413. 상암월드컵파크 3단지 후문,ST-92,60,6,10,126.88968658,37.57147598
2026-06-26T14:38:26.355217+09:00,월드컵공원,월드컵공원,POI106,KEY_2,199. 서울 월드컵 경기장,ST-443,50,15,30,126.89644623,37.56684494
2026-06-26T14:38:26.355217+09:00,월드컵공원,월드컵공원,POI106,KEY_2,418. 월드컵경기장역 3번출구 옆,ST-89,20,4,20,126.8992691,37.57277679
2026-06-26T14:38:26.355217+09:00,월드컵공원,월드컵공원,POI106,KEY_2,419. 홈플러스 마포점 앞,ST-87,181,38,21,126.89942932,37.56842041
2026-06-26T14:38:26.355217+09:00,월드컵공원,월드컵공원,POI106,KEY_2,186. 월드컵공원,ST-344,88,35,40,126.89820862,37.56396484
2026-06-26T14:38:26.355217+09:00,월드컵공원,월드컵공원,POI106,KEY_2,420. 서울시 공공자전거 상암센터,ST-85,114,42,37,126.8961792,37.56624603
2026-06-26T14:38:26.355217+09:00,월드컵공원,월드컵공원,POI106,KEY_2,440. 하늘공원 입구,ST-1754,60,9,15,126.88134766,37.57012177
2026-06-26T14:38:26.355217+09:00,월드컵공원,월드컵공원,POI106,KEY_2,3008.DMC역7번출구,ST-2166,50,5,10,126.89836121,37.57711411
2026-06-26T14:38:26.355217+09:00,응봉산,응봉산,POI107,KEY_3,569. 응봉현대아파트 정류소,ST-370,10,1,10,127.03024292,37.54958344
2026-06-26T14:38:26.355217+09:00,응봉산,응봉산,POI107,KEY_3,3511. 응봉역 1번출구,ST-1195,110,11,10,127.0351944,37.55130386
2026-06-26T14:38:26.355217+09:00,응봉산,응봉산,POI107,KEY_3,3525. 금호스포츠센터앞,ST-1599,147,22,15,127.02507019,37.54608917
2026-06-26T14:38:26.355217+09:00,청계산,청계산,POI112,KEY_4,2203. 청계산입구역 2번출구,ST-925,160,16,10,127.05501556,37.44765854
2026-06-26T14:38:26.355217+09:00,청계산,청계산,POI112,KEY_4,4338.새정이마을버스정류장 앞,ST-3216,80,4,5,127.06594849,37.43474579
2026-06-26T14:38:26.355217+09:00,가락시장,가락시장,POI058,KEY_2,2658.가락몰 업무동,ST-2409,50,5,10,127.11569214,37.49535751
2026-06-26T14:38:26.355217+09:00,가락시장,가락시장,POI058,KEY_2,2659.서울친환경유통센터,ST-2410,10,1,10,127.10492706,37.49420929
2026-06-26T14:38:26.355217+09:00,가락시장,가락시장,POI058,KEY_2,4854. 가락시장역 2번 출구,ST-2606,0,0,10,127.11798859,37.492733
2026-06-26T14:38:26.355217+09:00,가락시장,가락시장,POI058,KEY_2,4480. 가락시장 남1문 사거리,ST-2591,0,0,15,127.11745453,37.49201584
2026-06-26T14:38:26.355217+09:00,가로수길,가로수길,POI059,KEY_3,2362. 신사동 가로수길 입구,ST-1171,90,9,10,127.02245331,37.51763535
2026-06-26T14:38:26.355217+09:00,가로수길,가로수길,POI059,KEY_3,3606. 신사동주민센터 옆,ST-2673,140,14,10,127.02285004,37.52422714
2026-06-26T14:38:26.355217+09:00,가로수길,가로수길,POI059,KEY_3,4903. 신사스퀘어,ST-3066,10,1,10,127.0189743,37.51916885
2026-06-26T14:38:26.355217+09:00,가로수길,가로수길,POI059,KEY_3,4907. 극동스포츠 앞,ST-3078,260,13,5,127.02588654,37.5257225
2026-06-26T14:38:26.355217+09:00,김포공항,김포공항,POI061,KEY_1,3776. 김포공항사거리,ST-2484,180,18,10,126.80518341,37.5675354
2026-06-26T14:38:26.355217+09:00,김포공항,김포공항,POI061,KEY_1,5072. 김포공항입구 교통섬,ST-2947,100,10,10,126.80708313,37.56154633
2026-06-26T14:38:26.355217+09:00,남대문시장,남대문시장,POI115,KEY_2,324. 신세계백화점 본점 앞,ST-140,150,12,8,126.9805069,37.56134415
2026-06-26T14:38:26.355217+09:00,남대문시장,남대문시장,POI115,KEY_2,470.회현역 7번출구,ST-1776,15,2,13,126.98000336,37.55974579
2026-06-26T14:38:26.355217+09:00,남대문시장,남대문시장,POI115,KEY_2,4776. 신세계면세점,ST-2522,50,5,10,126.98139191,37.56027603
2026-06-26T14:38:26.355217+09:00,노량진,노량진,POI063,KEY_3,2003. 사육신공원앞,ST-877,110,11,10,126.94805908,37.51335907
2026-06-26T14:38:26.355217+09:00,노량진,노량진,POI063,KEY_3,2002. 노들역 1번출구,ST-683,65,11,17,126.95246887,37.51284409
2026-06-26T14:38:26.355217+09:00,노량진,노량진,POI063,KEY_3,2070. 노량진역 2번 출구 앞,ST-1545,161,29,18,126.94306946,37.51391983
2026-06-26T14:38:26.355217+09:00,노량진,노량진,POI063,KEY_3,2058. 동작경찰서,ST-1150,79,11,14,126.94352722,37.5135231
2026-06-26T14:38:26.355217+09:00,노량진,노량진,POI063,KEY_3,2050. 노량진역 5번출구,ST-699,100,15,15,126.93997192,37.51324844
2026-06-26T14:38:26.355217+09:00,덕수궁길·정동길,덕수궁길·정동길,POI064,KEY_4,391. 시립미술관,ST-977,150,12,8,126.97340393,37.56505203
2026-06-26T14:38:26.355217+09:00,덕수궁길·정동길,덕수궁길·정동길,POI064,KEY_4,4715. 돈의문 박물관 마을,ST-2923,100,15,15,126.96955109,37.56883621
2026-06-26T14:38:26.355217+09:00,덕수궁길·정동길,덕수궁길·정동길,POI064,KEY_4,6058. 시청역 2번출구,ST-3297,220,33,15,126.97702026,37.56557846
2026-06-26T14:38:26.355217+09:00,덕수궁길·정동길,덕수궁길·정동길,POI064,KEY_4,300. 정동사거리,ST-116,50,3,6,126.96923065,37.56805038
2026-06-26T14:38:26.355217+09:00,북촌한옥마을,북촌한옥마을,POI066,KEY_2,354. 포르투갈 대사관 앞,ST-170,130,13,10,126.98896027,37.57915497
2026-06-26T14:38:26.355217+09:00,북촌한옥마을,북촌한옥마을,POI066,KEY_2,352. 중앙고입구 삼거리,ST-168,0,0,10,126.98523712,37.58341599
2026-06-26T14:38:26.355217+09:00,북촌한옥마을,북촌한옥마을,POI066,KEY_2,314. 국립현대미술관,ST-130,310,31,10,126.98085785,37.5797081
2026-06-26T14:38:26.355217+09:00,북촌한옥마을,북촌한옥마을,POI066,KEY_2,465. 삼청공원 앞,ST-1759,120,6,5,126.9835968,37.58760452
2026-06-26T14:38:26.355217+09:00,북촌한옥마을,북촌한옥마을,POI066,KEY_2,353. 재동초교 앞 삼거리,ST-169,88,7,8,126.9849472,37.57938766
2026-06-26T14:38:26.355217+09:00,북촌한옥마을,북촌한옥마을,POI066,KEY_2,464. 삼청동 골목,ST-1756,110,11,10,126.98169708,37.58419037
2026-06-26T14:38:26.355217+09:00,북촌한옥마을,북촌한옥마을,POI066,KEY_2,451. 청와대앞길,ST-979,13,1,8,126.97966766,37.58351517
2026-06-26T14:38:26.355217+09:00,북촌한옥마을,북촌한옥마을,POI066,KEY_2,3407.안국동사거리(신),ST-1804,39,7,18,126.98339081,37.57580566
2026-06-26T14:38:26.355217+09:00,북촌한옥마을,북촌한옥마을,POI066,KEY_2,4719. 종로문화원 건너편,ST-3090,120,18,15,126.9805069,37.57571411
2026-06-26T14:38:26.355217+09:00,북촌한옥마을,북촌한옥마을,POI066,KEY_2,4705. 웰니스센터(민방위교육장 앞),ST-2565,133,8,6,126.98912811,37.57752991
2026-06-26T14:38:26.355217+09:00,서촌,서촌,POI067,KEY_3,450. 효자동 삼거리,ST-978,12,6,51,126.97254944,37.58360291
2026-06-26T14:38:26.355217+09:00,서촌,서촌,POI067,KEY_3,349. 어린이도서관,ST-165,40,2,5,126.96858978,37.57633209
2026-06-26T14:38:26.355217+09:00,서촌,서촌,POI067,KEY_3,4721. 통인시장 정자,ST-3354,63,5,8,126.96878815,37.58055878
2026-06-26T14:38:26.355217+09:00,서촌,서촌,POI067,KEY_3,4710. 자교교회 앞,ST-2473,38,3,8,126.97123718,37.58114624
2026-06-26T14:38:26.355217+09:00,성수카페거리,성수카페거리,POI068,KEY_4,514. 성수사거리 버스정류장 앞,ST-112,350,42,12,127.06330872,37.54257965
2026-06-26T14:38:26.355217+09:00,성수카페거리,성수카페거리,POI068,KEY_4,513. 뚝섬역 5번 출구 정류소 옆,ST-111,146,19,13,127.04980469,37.54630661
2026-06-26T14:38:26.355217+09:00,성수카페거리,성수카페거리,POI068,KEY_4,587. 유니베라 앞,ST-482,320,32,10,127.05264282,37.54541779
2026-06-26T14:38:26.355217+09:00,성수카페거리,성수카페거리,POI068,KEY_4,3548.뚝섬역 6번출구,ST-2330,50,5,10,127.04766846,37.54695892
2026-06-26T14:38:26.355217+09:00,성수카페거리,성수카페거리,POI068,KEY_4,4398. 유원지식산업센터 앞,ST-3325,63,10,16,127.05593109,37.54436493
2026-06-26T14:38:26.355217+09:00,성수카페거리,성수카페거리,POI068,KEY_4,4399. 더리브 세종타워 앞,ST-3326,286,20,7,127.0580368,37.54378128
2026-06-26T14:38:26.355217+09:00,성수카페거리,성수카페거리,POI068,KEY_4,4387. 성수역 1번출구 주변,ST-3121,300,24,8,127.05336761,37.54555893
2026-06-26T14:38:26.355217+09:00,성수카페거리,성수카페거리,POI068,KEY_4,4377. 우영테크노센터 앞,ST-3003,475,38,8,127.05971527,37.54332352
2026-06-26T14:38:26.355217+09:00,송리단길·호수단길,송리단길·호수단길,POI121,KEY_1,2639.석촌역 8번출구,ST-1866,22,4,18,127.10657501,37.50550461
2026-06-26T14:38:26.355217+09:00,송리단길·호수단길,송리단길·호수단길,POI121,KEY_1,4868. 석촌호수 서호 남단,ST-2833,10,1,10,127.10124207,37.50717163
2026-06-26T14:38:26.355217+09:00,신촌 스타광장,신촌 스타광장,POI122,KEY_2,128. 신촌역(2호선) 1번출구 옆,ST-30,68,13,19,126.93634033,37.55549622
2026-06-26T14:38:26.355217+09:00,신촌 스타광장,신촌 스타광장,POI122,KEY_2,3116.신촌역 4번출구,ST-2201,70,7,10,126.93720245,37.55550385
2026-06-26T14:38:26.355217+09:00,압구정로데오거리,압구정로데오거리,POI071,KEY_3,2365. K+ 타워 앞,ST-1174,53,8,15,127.03847504,37.52330017
2026-06-26T14:38:26.355217+09:00,압구정로데오거리,압구정로데오거리,POI071,KEY_3,2310. 청담동 맥도날드 옆(위치),ST-794,60,6,10,127.04017639,37.52361298
2026-06-26T14:38:26.355217+09:00,여의도,여의도,POI072,KEY_4,226. 샛강역 1번출구 앞,ST-72,0,0,19,126.92841339,37.51776505
2026-06-26T14:38:26.355217+09:00,여의도,여의도,POI072,KEY_4,203. 국회의사당역 3번출구 옆,ST-51,113,17,15,126.91870117,37.5280571
2026-06-26T14:38:26.355217+09:00,여의도,여의도,POI072,KEY_4,204. 국회의사당역 5번출구 옆,ST-50,115,15,13,126.91702271,37.52816391
2026-06-26T14:38:26.355217+09:00,여의도,여의도,POI072,KEY_4,207. 여의나루역 1번출구 앞,ST-73,9,4,46,126.93190002,37.52715683
2026-06-26T14:38:26.355217+09:00,여의도,여의도,POI072,KEY_4,223. 진주아파트상가 앞,ST-69,10,2,20,126.9333725,37.51913071
2026-06-26T14:38:26.355217+09:00,여의도,여의도,POI072,KEY_4,209. 유진투자증권빌딩 앞,ST-55,318,70,22,126.92783356,37.52461243
2026-06-26T14:38:26.355217+09:00,여의도,여의도,POI072,KEY_4,297.국회3문,ST-1969,30,3,10,126.91267395,37.52863693
2026-06-26T14:38:26.355217+09:00,여의도,여의도,POI072,KEY_4,221. 여의도초교 앞,ST-67,0,0,10,126.93778992,37.52267456
2026-06-26T14:38:26.355217+09:00,여의도,여의도,POI072,KEY_4,299.여의도 순복음교회,ST-1971,40,4,10,126.92245483,37.53179169
2026-06-26T14:38:26.355217+09:00,여의도,여의도,POI072,KEY_4,224. 롯데캐슬 앞,ST-70,20,4,20,126.93236542,37.5200882
2026-06-26T14:38:26.355217+09:00,여의도,여의도,POI072,KEY_4,298.KBS 연구동 건너편,ST-1970,60,15,25,126.91374207,37.52724838
2026-06-26T14:38:26.355217+09:00,여의도,여의도,POI072,KEY_4,219. 롯데캐슬엠파이어 옆,ST-62,275,33,12,126.92583466,37.52069473
2026-06-26T14:38:26.355217+09:00,여의도,여의도,POI072,KEY_4,222. 시범아파트버스정류장 옆,ST-68,50,6,12,126.93688965,37.51902008
2026-06-26T14:38:26.355217+09:00,여의도,여의도,POI072,KEY_4,249. 여의도중학교 옆,ST-297,13,2,16,126.93580627,37.52457809
2026-06-26T14:38:26.355217+09:00,여의도,여의도,POI072,KEY_4,270. 증권거래소후문교차로,ST-424,300,30,10,126.92710114,37.52234268
2026-06-26T14:38:26.355217+09:00,여의도,여의도,POI072,KEY_4,220. 미성아파트 A동 앞,ST-63,47,14,30,126.92604828,37.5193634
2026-06-26T14:38:26.355217+09:00,여의도,여의도,POI072,KEY_4,260. 여의도 마리나선착장 앞,ST-414,20,3,15,126.91216278,37.53365707
2026-06-26T14:38:26.355217+09:00,여의도,여의도,POI072,KEY_4,205. 산업은행 앞,ST-52,70,14,20,126.92050934,37.52626419
2026-06-26T14:38:26.355217+09:00,여의도,여의도,POI072,KEY_4,213. KT앞,ST-59,105,20,19,126.91895294,37.52190781
2026-06-26T14:38:26.355217+09:00,여의도,여의도,POI072,KEY_4,248. 초원아파트 앞,ST-296,130,13,10,126.92420959,37.53105545
2026-06-26T14:38:26.355217+09:00,여의도,여의도,POI072,KEY_4,225. 앙카라공원 앞,ST-71,19,5,26,126.92961884,37.51758575
2026-06-26T14:38:26.355217+09:00,여의도,여의도,POI072,KEY_4,201. 진미파라곤 앞,ST-46,27,4,15,126.92133331,37.53123856
2026-06-26T14:38:26.355217+09:00,여의도,여의도,POI072,KEY_4,215. 여의도고교 앞,ST-64,20,2,10,126.93490601,37.52483749
2026-06-26T14:38:26.355217+09:00,여의도,여의도,POI072,KEY_4,200. 국회의원회관,ST-45,50,11,22,126.91391754,37.52841568
2026-06-26T14:38:26.355217+09:00,여의도,여의도,POI072,KEY_4,206. KBS 앞,ST-53,83,29,35,126.91802216,37.52466583
2026-06-26T14:38:26.355217+09:00,여의도,여의도,POI072,KEY_4,214. 금융감독원 앞,ST-60,200,42,21,126.9208374,37.5230217
2026-06-26T14:38:26.355217+09:00,여의도,여의도,POI072,KEY_4,202. 국민일보 앞,ST-47,217,65,30,126.92453003,37.52881622
2026-06-26T14:38:26.355217+09:00,여의도,여의도,POI072,KEY_4,271. 샛강생태공원방문자센터 앞,ST-425,10,1,10,126.9216156,37.51896286
2026-06-26T14:38:26.355217+09:00,여의도,여의도,POI072,KEY_4,4564. 63스퀘어,ST-2814,241,41,17,126.93965912,37.52070999
2026-06-26T14:38:26.355217+09:00,여의도,여의도,POI072,KEY_4,4585. 국회6문,ST-2694,117,7,6,126.91799164,37.53271866
2026-06-26T14:38:26.355217+09:00,여의도,여의도,POI072,KEY_4,5891.한강버스 여의도 선착장,ST-3402,217,65,30,126.93422699,37.52816391
2026-06-26T14:38:26.355217+09:00,여의도,여의도,POI072,KEY_4,4580. 국회제2의원회관,ST-2644,124,21,17,126.91316986,37.52974701
2026-06-26T14:38:26.355217+09:00,여의도,여의도,POI072,KEY_4,4563. 여의도 은하아파트,ST-2813,70,7,10,126.93448639,37.51850891
2026-06-26T14:38:26.355217+09:00,여의도,여의도,POI072,KEY_4,5859. 여의도 삼부아파트,ST-3160,110,11,10,126.93045807,37.52539444
2026-06-26T14:38:26.355217+09:00,여의도,여의도,POI072,KEY_4,4581. 국회소통관,ST-2645,17,2,12,126.9128952,37.53050232
2026-06-26T14:38:26.355217+09:00,여의도,여의도,POI072,KEY_4,5870. LG트윈타워 앞,ST-3239,185,37,20,126.93017578,37.52833176
2026-06-26T14:38:26.355217+09:00,여의도,여의도,POI072,KEY_4,5893.한국산업은행,ST-3397,470,47,10,126.92175293,37.52814484
2026-06-26T14:38:26.355217+09:00,여의도,여의도,POI072,KEY_4,5889.의원회관출입구 앞,ST-3377,170,17,10,126.91479492,37.52985382
2026-06-26T14:38:26.355217+09:00,여의도,여의도,POI072,KEY_4,5888.여의도성당,ST-3375,0,0,7,126.93920898,37.52164459
2026-06-26T14:38:26.355217+09:00,여의도,여의도,POI072,KEY_4,4584. 국회2문,ST-2648,0,0,9,126.91510773,37.52864075
2026-06-26T14:38:26.355217+09:00,여의도,여의도,POI072,KEY_4,4579. 국회의사당 본관,ST-2643,124,21,17,126.91404724,37.5325737
2026-06-26T14:38:26.355217+09:00,여의도,여의도,POI072,KEY_4,4589. KRX한국거래소(1),ST-2899,156,28,18,126.92759705,37.52338028
2026-06-26T14:38:26.355217+09:00,여의도,여의도,POI072,KEY_4,5879. 국회도서관 2문 앞,ST-3318,63,5,8,126.91668701,37.53107071
2026-06-26T14:38:26.355217+09:00,여의도,여의도,POI072,KEY_4,5890.여의나루역 3번출구,ST-3401,55,6,11,126.93336487,37.52645493
2026-06-26T14:38:26.355217+09:00,여의도,여의도,POI072,KEY_4,5853. 여의도역2번출구 앞,ST-3061,20,2,10,126.92271423,37.52243423
2026-06-26T14:38:26.355217+09:00,여의도,여의도,POI072,KEY_4,5878. 우리은행 앞,ST-3315,380,76,20,126.92162323,37.52349091
2026-06-26T14:38:26.355217+09:00,여의도,여의도,POI072,KEY_4,5892.국회의사당본관 좌측,ST-3383,129,9,7,126.91375732,37.53090286
2026-06-26T14:38:26.355217+09:00,여의도,여의도,POI072,KEY_4,5880. 국회박물관,ST-3319,0,0,7,126.91945648,37.53183365
2026-06-26T14:38:26.355217+09:00,여의도,여의도,POI072,KEY_4,5897.여의도공작아파트,ST-3426,20,2,10,126.92987061,37.52595139
2026-06-26T14:38:26.355217+09:00,여의도,여의도,POI072,KEY_4,4583. 의정관,ST-2647,67,8,12,126.91747284,37.53214645
2026-06-26T14:38:26.355217+09:00,여의도,여의도,POI072,KEY_4,4582. 국회도서관,ST-2646,133,16,12,126.91817474,37.53054047
2026-06-26T14:38:26.355217+09:00,여의도,여의도,POI072,KEY_4,217. NH농협은행 앞,ST-66,420,63,15,126.93036652,37.52207947
2026-06-26T14:38:26.355217+09:00,연남동,연남동,POI073,KEY_1,107. 수협 연남동지점,ST-9,190,19,10,126.91871643,37.55784607
2026-06-26T14:38:26.355217+09:00,연남동,연남동,POI073,KEY_1,4233. 코오롱아파트사거리,ST-2979,100,10,10,126.92149353,37.56306458
2026-06-26T14:38:26.355217+09:00,영등포 타임스퀘어,영등포 타임스퀘어,POI074,KEY_2,284. 센트럴 푸르지오 시티 앞,ST-1650,181,29,16,126.90222931,37.51821136
2026-06-26T14:38:26.355217+09:00,영등포 타임스퀘어,영등포 타임스퀘어,POI074,KEY_2,3219.영등포역 1번출구,ST-1990,250,25,10,126.9077301,37.5148468
2026-06-26T14:38:26.355217+09:00,영등포 타임스퀘어,영등포 타임스퀘어,POI074,KEY_2,5858. 영등포역5번출구,ST-3142,80,8,10,126.90807343,37.51669312
2026-06-26T14:38:26.355217+09:00,영등포 타임스퀘어,영등포 타임스퀘어,POI074,KEY_2,5868. 로프트시티오피스텔,ST-3238,133,8,6,126.90843201,37.51906204
2026-06-26T14:38:26.355217+09:00,영등포 타임스퀘어,영등포 타임스퀘어,POI074,KEY_2,4565. 영등포 신세계백화점,ST-2815,290,29,10,126.90364838,37.51803589
2026-06-26T14:38:26.355217+09:00,용리단길,용리단길,POI076,KEY_3,816. 신용산역 6번출구 앞,ST-435,60,15,25,126.96848297,37.53014755
2026-06-26T14:38:26.355217+09:00,용리단길,용리단길,POI076,KEY_3,817. 삼각지역 4번출구 앞,ST-436,0,0,9,126.97173309,37.53345108
2026-06-26T14:38:26.355217+09:00,이태원 앤틱가구거리,이태원 앤틱가구거리,POI077,KEY_4,4615. 크라운호텔앞 버스정류소,ST-2446,86,6,7,126.99137878,37.53030014
2026-06-26T14:38:26.355217+09:00,이태원 앤틱가구거리,이태원 앤틱가구거리,POI077,KEY_4,4634. 이태원역 3번 출구,ST-3056,100,5,5,126.99497223,37.5343895
2026-06-26T14:38:26.355217+09:00,익선동,익선동,POI116,KEY_1,334. 종로3가역 2번출구 뒤,ST-150,0,0,10,126.99179077,37.5705986
2026-06-26T14:38:26.355217+09:00,익선동,익선동,POI116,KEY_1,327. 낙원상가 옆,ST-143,20,2,10,126.9874649,37.57335663
2026-06-26T14:38:26.355217+09:00,익선동,익선동,POI116,KEY_1,328. 탑골공원 앞,ST-144,36,4,11,126.9881897,37.57039642
2026-06-26T14:38:26.355217+09:00,익선동,익선동,POI116,KEY_1,3410.종로3가역 8번출구,ST-1807,80,8,10,126.99188995,37.5724678
2026-06-26T14:38:26.355217+09:00,익선동,익선동,POI116,KEY_1,4713. 현대 뜨레비앙 아파트 앞,ST-2623,100,7,7,126.99062347,37.57528305
2026-06-26T14:38:26.355217+09:00,인사동,인사동,POI078,KEY_2,327. 낙원상가 옆,ST-143,20,2,10,126.9874649,37.57335663
2026-06-26T14:38:26.355217+09:00,인사동,인사동,POI078,KEY_2,454. 종로2가 버스정류장 (종각방향),ST-1607,38,5,13,126.98638153,37.57035828
2026-06-26T14:38:26.355217+09:00,인사동,인사동,POI078,KEY_2,326. 안국역 5번출구 앞,ST-142,133,20,15,126.98616028,37.57624054
2026-06-26T14:38:26.355217+09:00,인사동,인사동,POI078,KEY_2,3408.종로타워빌딩,ST-1805,23,3,13,126.98323822,37.57070541
2026-06-26T14:38:26.355217+09:00,창동 신경제 중심지,창동 신경제 중심지,POI079,KEY_4,1756.서울북부광역등기국,ST-2101,50,5,10,127.04431915,37.65148544
2026-06-26T14:38:26.355217+09:00,창동 신경제 중심지,창동 신경제 중심지,POI079,KEY_4,1722. 창동청소년수련관,ST-1292,120,18,15,127.05004883,37.65779877
2026-06-26T14:38:26.355217+09:00,창동 신경제 중심지,창동 신경제 중심지,POI079,KEY_4,1657. 노원구청,ST-1125,225,45,20,127.05732727,37.65404892
2026-06-26T14:38:26.355217+09:00,창동 신경제 중심지,창동 신경제 중심지,POI079,KEY_4,1674. 서울북부고용센터앞,ST-1291,180,27,15,127.05808258,37.65354919
2026-06-26T14:38:26.355217+09:00,창동 신경제 중심지,창동 신경제 중심지,POI079,KEY_4,1716. 창동역 1번출구 건너편,ST-1132,213,17,8,127.05072784,37.65420151
2026-06-26T14:38:26.355217+09:00,창동 신경제 중심지,창동 신경제 중심지,POI079,KEY_4,1690. 도봉운전면허시험장 버스정류장 옆,ST-1641,0,0,10,127.05931091,37.6577301
2026-06-26T14:38:26.355217+09:00,창동 신경제 중심지,창동 신경제 중심지,POI079,KEY_4,1686. 상계주공10단지 종합상가 앞,ST-1476,0,0,15,127.05805206,37.66114044
2026-06-26T14:38:26.355217+09:00,창동 신경제 중심지,창동 신경제 중심지,POI079,KEY_4,1775.신원리베르텔 앞,ST-2120,67,10,15,127.04554749,37.65128708
2026-06-26T14:38:26.355217+09:00,창동 신경제 중심지,창동 신경제 중심지,POI079,KEY_4,1653. 노원역1번출구,ST-1121,170,17,10,127.06362152,37.65620041
2026-06-26T14:38:26.355217+09:00,창동 신경제 중심지,창동 신경제 중심지,POI079,KEY_4,1637. KT 전화국 버스정류장 옆,ST-611,56,5,9,127.06372833,37.6546669
2026-06-26T14:38:26.355217+09:00,창동 신경제 중심지,창동 신경제 중심지,POI079,KEY_4,1662. 노원역7번출구,ST-1279,225,45,20,127.05921173,37.65421677
2026-06-26T14:38:26.355217+09:00,창동 신경제 중심지,창동 신경제 중심지,POI079,KEY_4,4098.창동역 1번출구 인근,ST-3430,325,26,8,127.04838562,37.65290833
2026-06-26T14:38:26.355217+09:00,창동 신경제 중심지,창동 신경제 중심지,POI079,KEY_4,4096.창동역2번출구 하나은행365 앞,ST-3368,188,15,8,127.04550171,37.65283585
2026-06-26T14:38:26.355217+09:00,창동 신경제 중심지,창동 신경제 중심지,POI079,KEY_4,5333. 노원역9번-10번 출구 앞,ST-3288,370,37,10,127.063591,37.65655518
2026-06-26T14:38:26.355217+09:00,창동 신경제 중심지,창동 신경제 중심지,POI079,KEY_4,5311. 주공601동 상가 노원지하보도 앞,ST-3116,280,14,5,127.06147766,37.65190125
2026-06-26T14:38:26.355217+09:00,청량리 제기동 일대 전통시장,청량리 제기동 일대 전통시장,POI081,KEY_2,640. 동대문경찰서 교차로,ST-407,200,12,6,127.04460144,37.58255005
2026-06-26T14:38:26.355217+09:00,청량리 제기동 일대 전통시장,청량리 제기동 일대 전통시장,POI081,KEY_2,676.FITI시험연구원 앞,ST-2276,78,7,9,127.03547668,37.58143234
2026-06-26T14:38:26.355217+09:00,청량리 제기동 일대 전통시장,청량리 제기동 일대 전통시장,POI081,KEY_2,633. 청량리 기업은행 앞,ST-400,363,29,8,127.04472351,37.58049774
2026-06-26T14:38:26.355217+09:00,청량리 제기동 일대 전통시장,청량리 제기동 일대 전통시장,POI081,KEY_2,4147.청량리역광장,ST-3405,40,14,35,127.04673767,37.58024597
2026-06-26T14:38:26.355217+09:00,청량리 제기동 일대 전통시장,청량리 제기동 일대 전통시장,POI081,KEY_2,4149.제기동역 5번출구,ST-3428,57,4,7,127.03381348,37.5779953
2026-06-26T14:38:26.355217+09:00,청량리 제기동 일대 전통시장,청량리 제기동 일대 전통시장,POI081,KEY_2,4134. 제기동 현대아파트 앞,ST-3206,40,4,10,127.0353241,37.57994843
2026-06-26T14:38:26.355217+09:00,DDP(동대문디자인플라자),DDP(동대문디자인플라자),POI083,KEY_4,475.DDP 패션몰,ST-1781,67,14,21,127.0118103,37.56764984
2026-06-26T14:38:26.355217+09:00,DDP(동대문디자인플라자),DDP(동대문디자인플라자),POI083,KEY_4,347. 동대문역사문화공원역 9번출구 앞,ST-163,11,2,18,127.00784302,37.56533051
2026-06-26T14:38:26.355217+09:00,DDP(동대문디자인플라자),DDP(동대문디자인플라자),POI083,KEY_4,474.동대문역사문화공원역 1번출구 뒤편,ST-1780,48,19,40,127.00849152,37.56629944
2026-06-26T14:38:26.355217+09:00,DDP(동대문디자인플라자),DDP(동대문디자인플라자),POI083,KEY_4,4765. 동대문디자인플라자,ST-2431,150,30,20,127.00946045,37.5683136
2026-06-26T14:38:26.355217+09:00,DMC(디지털미디어시티),DMC(디지털미디어시티),POI084,KEY_1,412. DMC산학협력연구센터 앞,ST-91,62,13,21,126.89079285,37.57565689
2026-06-26T14:38:26.355217+09:00,DMC(디지털미디어시티),DMC(디지털미디어시티),POI084,KEY_1,408. LG CNS앞,ST-84,93,13,14,126.88665009,37.58081055
2026-06-26T14:38:26.355217+09:00,DMC(디지털미디어시티),DMC(디지털미디어시티),POI084,KEY_1,409. 누리꿈스퀘어 옆,ST-86,120,36,30,126.88916016,37.57939911
2026-06-26T14:38:26.355217+09:00,DMC(디지털미디어시티),DMC(디지털미디어시티),POI084,KEY_1,489.구룡근린공원,ST-2148,50,5,10,126.88276672,37.58320236
2026-06-26T14:38:26.355217+09:00,DMC(디지털미디어시티),DMC(디지털미디어시티),POI084,KEY_1,414. 상암동주민센터 옆,ST-94,63,5,8,126.89447021,37.57822037
2026-06-26T14:38:26.355217+09:00,DMC(디지털미디어시티),DMC(디지털미디어시티),POI084,KEY_1,405. DMC빌 앞,ST-80,100,8,8,126.88578796,37.58265686
2026-06-26T14:38:26.355217+09:00,DMC(디지털미디어시티),DMC(디지털미디어시티),POI084,KEY_1,417. DMC역 2번출구 옆,ST-93,15,3,20,126.8999176,37.57506943
2026-06-26T14:38:26.355217+09:00,DMC(디지털미디어시티),DMC(디지털미디어시티),POI084,KEY_1,425. DMC첨단산업센터,ST-991,90,9,10,126.88559723,37.58450317
2026-06-26T14:38:26.355217+09:00,DMC(디지털미디어시티),DMC(디지털미디어시티),POI084,KEY_1,411. DMC홍보관,ST-90,190,19,10,126.89147186,37.5779953
2026-06-26T14:38:26.355217+09:00,DMC(디지털미디어시티),DMC(디지털미디어시티),POI084,KEY_1,415. DMC역 9번출구 앞,ST-95,170,17,10,126.89736176,37.57746887
2026-06-26T14:38:26.355217+09:00,DMC(디지털미디어시티),DMC(디지털미디어시티),POI084,KEY_1,490.가온문화공원,ST-2149,91,21,23,126.88766479,37.58207703
2026-06-26T14:38:26.355217+09:00,DMC(디지털미디어시티),DMC(디지털미디어시티),POI084,KEY_1,3007.MBC 앞,ST-2165,80,8,10,126.89044952,37.58198166
2026-06-26T14:38:26.355217+09:00,DMC(디지털미디어시티),DMC(디지털미디어시티),POI084,KEY_1,3008.DMC역7번출구,ST-2166,50,5,10,126.89836121,37.57711411
2026-06-26T14:38:26.355217+09:00,DMC(디지털미디어시티),DMC(디지털미디어시티),POI084,KEY_1,4238. 상암한샘빌딩앞,ST-2981,0,0,7,126.89867401,37.57649231
2026-06-26T14:38:26.355217+09:00,DMC(디지털미디어시티),DMC(디지털미디어시티),POI084,KEY_1,4214. JTBC 앞,ST-2537,150,15,10,126.8901825,37.57730484
2026-06-26T14:38:26.355217+09:00,DMC(디지털미디어시티),DMC(디지털미디어시티),POI084,KEY_1,4218. 디지털매직스페이스,ST-2974,77,10,13,126.88957977,37.58119965
2026-06-26T14:38:26.355217+09:00,가산디지털단지역,가산디지털단지역,POI013,KEY_2,1812. 갑을그레이트밸리 앞,ST-624,260,26,10,126.88729858,37.47903061
2026-06-26T14:38:26.355217+09:00,가산디지털단지역,가산디지털단지역,POI013,KEY_2,1850. 코오롱테크노밸리,ST-1277,130,13,10,126.8863678,37.48015976
2026-06-26T14:38:26.355217+09:00,가산디지털단지역,가산디지털단지역,POI013,KEY_2,1867.대륭포스트타워6차 앞,ST-1938,367,110,30,126.8841629,37.48101044
2026-06-26T14:38:26.355217+09:00,가산디지털단지역,가산디지털단지역,POI013,KEY_2,1806. 에이스하이엔드타워9차 앞,ST-621,410,41,10,126.87863922,37.48621368
2026-06-26T14:38:26.355217+09:00,가산디지털단지역,가산디지털단지역,POI013,KEY_2,1851. 가산디지털단지 9번출구 인근,ST-1403,40,4,10,126.88148499,37.48123169
2026-06-26T14:38:26.355217+09:00,가산디지털단지역,가산디지털단지역,POI013,KEY_2,1834. 월드메르디앙 벤처센터 2차,ST-640,430,43,10,126.87904358,37.47908401
2026-06-26T14:38:26.355217+09:00,가산디지털단지역,가산디지털단지역,POI013,KEY_2,1839. 수출의 다리 아래,ST-1140,145,29,20,126.88615417,37.47743607
2026-06-26T14:38:26.355217+09:00,가산디지털단지역,가산디지털단지역,POI013,KEY_2,1849. 대륭포스트타워5차,ST-1276,100,10,10,126.88694,37.48135376
2026-06-26T14:38:26.355217+09:00,가산디지털단지역,가산디지털단지역,POI013,KEY_2,1805. 서울디지털운동장 앞,ST-620,130,13,10,126.87776947,37.48228836
2026-06-26T14:38:26.355217+09:00,가산디지털단지역,가산디지털단지역,POI013,KEY_2,1835. STX V타워,ST-641,120,12,10,126.88442993,37.47706985
2026-06-26T14:38:26.355217+09:00,가산디지털단지역,가산디지털단지역,POI013,KEY_2,3989.가산디지털단지역 9번출구 앞,ST-3396,270,27,10,126.88175964,37.48055267
2026-06-26T14:38:26.355217+09:00,가산디지털단지역,가산디지털단지역,POI013,KEY_2,3984. 가산롯데아이티캐슬,ST-2999,880,44,5,126.88083649,37.47636795
2026-06-26T14:38:26.355217+09:00,가산디지털단지역,가산디지털단지역,POI013,KEY_2,3985. 디폴리스 지식산업센터,ST-2964,140,28,20,126.87680054,37.48017502
2026-06-26T14:38:26.355217+09:00,강남역,강남역,POI014,KEY_3,2421. 신논현역 4번출구,ST-1887,27,4,15,127.02579498,37.504673
2026-06-26T14:38:26.355217+09:00,강남역,강남역,POI014,KEY_3,3628. 역삼1동 주민센터,ST-2689,90,9,10,127.03302765,37.49521255
2026-06-26T14:38:26.355217+09:00,강남역,강남역,POI014,KEY_3,2407. 역삼서초삼성 세무서 앞 (역삼빌딩 앞),ST-1577,20,2,10,127.03011322,37.49847031
2026-06-26T14:38:26.355217+09:00,강남역,강남역,POI014,KEY_3,2505. 우성아파트사거리 (기업은행앞),ST-1556,275,33,12,127.0295105,37.49330521
2026-06-26T14:38:26.355217+09:00,강남역,강남역,POI014,KEY_3,4349.삼성화재서초타워,ST-3361,300,18,6,127.02896118,37.49446869
2026-06-26T14:38:26.355217+09:00,건대입구역,건대입구역,POI015,KEY_4,3534. 건대입구역 5번출구 뒤,ST-1661,220,22,10,127.06956482,37.54008102
2026-06-26T14:38:26.355217+09:00,건대입구역,건대입구역,POI015,KEY_4,3533. 건대입구역 사거리(롯데백화점),ST-1660,150,15,10,127.07078552,37.5392952
2026-06-26T14:38:26.355217+09:00,건대입구역,건대입구역,POI015,KEY_4,501. 광진문화예술회관 앞,ST-98,67,20,30,127.07035065,37.53730774
2026-06-26T14:38:26.355217+09:00,고덕역,고덕역,POI016,KEY_1,1072.고덕역 5번출구,ST-1833,82,18,22,127.15372467,37.55486298
2026-06-26T14:38:26.355217+09:00,고덕역,고덕역,POI016,KEY_1,1068.명일파출소,ST-1767,60,6,10,127.15622711,37.5536499
2026-06-26T14:38:26.355217+09:00,고덕역,고덕역,POI016,KEY_1,1036. 고덕동 주양쇼핑,ST-1053,60,6,10,127.15331268,37.55199051
2026-06-26T14:38:26.355217+09:00,교대역,교대역,POI018,KEY_3,2279. 교대역 5번출구뒤,ST-1305,138,11,8,127.01418304,37.49361801
2026-06-26T14:38:26.355217+09:00,교대역,교대역,POI018,KEY_3,2239.교대역 6번출구,ST-765,180,18,10,127.01378632,37.49421692
2026-06-26T14:38:26.355217+09:00,구로디지털단지역,구로디지털단지역,POI019,KEY_4,1955. 디지털입구 교차로,ST-936,200,20,10,126.90103912,37.48288345
2026-06-26T14:38:26.355217+09:00,구로디지털단지역,구로디지털단지역,POI019,KEY_4,1986. 태평양물산,ST-1521,673,101,15,126.89518738,37.48485947
2026-06-26T14:38:26.355217+09:00,구로디지털단지역,구로디지털단지역,POI019,KEY_4,2110. 조원동 미성아파트,ST-950,122,11,9,126.90203094,37.48319244
2026-06-26T14:38:26.355217+09:00,구로디지털단지역,구로디지털단지역,POI019,KEY_4,1911. 구로디지털단지역 앞,ST-668,194,35,18,126.90132141,37.48493958
2026-06-26T14:38:26.355217+09:00,구로디지털단지역,구로디지털단지역,POI019,KEY_4,1962. 가리봉동주민센터,ST-1224,193,29,15,126.89279938,37.48160172
2026-06-26T14:38:26.355217+09:00,구로디지털단지역,구로디지털단지역,POI019,KEY_4,2801. 대륭포스트타워1차,ST-1753,183,55,30,126.89542389,37.48437119
2026-06-26T14:38:26.355217+09:00,구로역,구로역,POI020,KEY_1,1946. 구로역 광장,ST-873,340,34,10,126.88038635,37.50311661
2026-06-26T14:38:26.355217+09:00,구로역,구로역,POI020,KEY_1,3919. 구로역·NC신구로점 버스정류장(구로역 방면),ST-3013,121,17,14,126.88237,37.50096512
2026-06-26T14:38:26.355217+09:00,군자역,군자역,POI021,KEY_2,540. 군자역 7번출구 베스트샵 앞,ST-253,75,6,8,127.0786438,37.55603027
2026-06-26T14:38:26.355217+09:00,군자역,군자역,POI021,KEY_2,3518. 군자역 7번출구뒤,ST-1263,38,3,8,127.07913971,37.55686188
2026-06-26T14:38:26.355217+09:00,군자역,군자역,POI021,KEY_2,3500. 군자역2번출구,ST-983,114,8,7,127.07969666,37.55758667
2026-06-26T14:38:26.355217+09:00,군자역,군자역,POI021,KEY_2,3586.군자역 비채온 오피스텔,ST-2325,13,1,8,127.07727051,37.55771255
2026-06-26T14:38:26.355217+09:00,대림역,대림역,POI023,KEY_3,286. 우성아파트 교차로,ST-1652,133,16,12,126.89974976,37.49457169
2026-06-26T14:38:26.355217+09:00,대림역,대림역,POI023,KEY_3,1914. 대림역4번출구,ST-918,140,14,10,126.89444733,37.49440384
2026-06-26T14:38:26.355217+09:00,대림역,대림역,POI023,KEY_3,1975. 대림역 1번 출입구 밑,ST-1237,130,13,10,126.8947525,37.49256516
2026-06-26T14:38:26.355217+09:00,동대문역,동대문역,POI024,KEY_4,457. 종로꽃시장 입구 옆,ST-1610,110,11,10,127.00720978,37.57131958
2026-06-26T14:38:26.355217+09:00,동대문역,동대문역,POI024,KEY_4,393. 동대문역 8번 출구,ST-1372,142,17,12,127.00937653,37.57014084
2026-06-26T14:38:26.355217+09:00,동대문역,동대문역,POI024,KEY_4,3415.동대문역6번출구,ST-1812,87,13,15,127.0107193,37.57147217
2026-06-26T14:38:26.355217+09:00,미아사거리역,미아사거리역,POI026,KEY_2,1546. 송천동우체국,ST-1665,20,2,10,127.02970123,37.61545944
2026-06-26T14:38:26.355217+09:00,미아사거리역,미아사거리역,POI026,KEY_2,1574.송중초등학교 옆,ST-2405,63,5,8,127.03049469,37.61669922
2026-06-26T14:38:26.355217+09:00,미아사거리역,미아사거리역,POI026,KEY_2,1531. 미아사거리 1번 출구,ST-1105,70,7,10,127.03025055,37.61395645
2026-06-26T14:38:26.355217+09:00,미아사거리역,미아사거리역,POI026,KEY_2,4423.현대백화점 미아점,ST-3203,130,13,10,127.02845764,37.60884857
2026-06-26T14:38:26.355217+09:00,발산역,발산역,POI027,KEY_3,1117. 등촌5단지아파트 버스정류장,ST-834,0,0,10,126.84426117,37.55819702
2026-06-26T14:38:26.355217+09:00,발산역,발산역,POI027,KEY_3,1124. 발산역 6번 출구 뒤,ST-522,50,3,6,126.8384552,37.55817795
2026-06-26T14:38:26.355217+09:00,발산역,발산역,POI027,KEY_3,1197. 엠펠리체 호텔 건너편,ST-1714,90,18,20,126.83546448,37.56026077
2026-06-26T14:38:26.355217+09:00,발산역,발산역,POI027,KEY_3,"1153. 발산역 1번, 9번 인근 대여소",ST-1065,41,13,32,126.83717346,37.55894852
2026-06-26T14:38:26.355217+09:00,발산역,발산역,POI027,KEY_3,3760. 발산역 8번 출구,ST-2538,29,5,17,126.83676147,37.55846024
2026-06-26T14:38:26.355217+09:00,발산역,발산역,POI027,KEY_3,2730.마곡메가박스 앞,ST-2047,27,8,30,126.83495331,37.55912781
2026-06-26T14:38:26.355217+09:00,발산역,발산역,POI027,KEY_3,2717.LG유플러스 마곡사옥,ST-2033,253,157,62,126.83390045,37.56133652
2026-06-26T14:38:26.355217+09:00,발산역,발산역,POI027,KEY_3,3759. 이대서울병원,ST-2569,216,54,25,126.83559418,37.5586319
2026-06-26T14:38:26.355217+09:00,발산역,발산역,POI027,KEY_3,2721.등촌1-10단지 교차로,ST-2037,25,3,12,126.8393631,37.56320572
2026-06-26T14:38:26.355217+09:00,발산역,발산역,POI027,KEY_3,2723.마곡 필네이처,ST-2040,85,11,13,126.83669281,37.56089401
2026-06-26T14:38:26.355217+09:00,발산역,발산역,POI027,KEY_3,3764. 관문주유소(GS칼택스) 앞,ST-2613,0,0,10,126.84183502,37.55802917
2026-06-26T14:38:26.355217+09:00,발산역,발산역,POI027,KEY_3,5095. 원당근린공원,ST-3226,64,9,14,126.84147644,37.55947495
2026-06-26T14:38:26.355217+09:00,발산역,발산역,POI027,KEY_3,5061. 우장산동 가곡어린이공원앞,ST-2888,40,4,10,126.83751678,37.55545425
2026-06-26T14:38:26.355217+09:00,사당역,사당역,POI029,KEY_4,2089.사당역10번출구(금강빌딩),ST-2362,220,22,10,126.98150635,37.4791069
2026-06-26T14:38:26.355217+09:00,사당역,사당역,POI029,KEY_4,2104. 사당역 5번출구,ST-712,77,10,13,126.98133087,37.47608948
2026-06-26T14:38:26.355217+09:00,사당역,사당역,POI029,KEY_4,2034. 사당역 7번출구쪽,ST-924,58,11,19,126.98057556,37.47689056
2026-06-26T14:38:26.355217+09:00,사당역,사당역,POI029,KEY_4,2222.사당역 12번출구 뒤,ST-753,170,17,10,126.98203278,37.47806931
2026-06-26T14:38:26.355217+09:00,삼각지역,삼각지역,POI030,KEY_1,849. 삼각지 자이아파트,ST-2173,75,15,20,126.97341919,37.53607941
2026-06-26T14:38:26.355217+09:00,삼각지역,삼각지역,POI030,KEY_1,848. 삼각지12번 출구,ST-2172,163,13,8,126.97562408,37.53488922
2026-06-26T14:38:26.355217+09:00,삼각지역,삼각지역,POI030,KEY_1,4620. 삼각지역 14번 출구 앞(교통섬),ST-2451,138,11,8,126.97408295,37.53528595
2026-06-26T14:38:26.355217+09:00,서울대입구역,서울대입구역,POI031,KEY_2,2111. 서울대입구역 1번출구,ST-965,130,13,10,126.95331573,37.48086929
2026-06-26T14:38:26.355217+09:00,서울대입구역,서울대입구역,POI031,KEY_2,2116. 에이스에이존빌딩,ST-717,44,4,9,126.95082855,37.48170471
2026-06-26T14:38:26.355217+09:00,서울대입구역,서울대입구역,POI031,KEY_2,2171. 서울대입구역 5번출구,ST-1337,135,23,17,126.95200348,37.48154831
2026-06-26T14:38:26.355217+09:00,서울대입구역,서울대입구역,POI031,KEY_2,3311.서울대입구역 4번 출구,ST-2394,108,13,12,126.95157623,37.48122025
2026-06-26T14:38:26.355217+09:00,서울대입구역,서울대입구역,POI031,KEY_2,2128. 관악구청교차로,ST-720,0,0,12,126.95265198,37.47949982
2026-06-26T14:38:26.355217+09:00,서울대입구역,서울대입구역,POI031,KEY_2,2112. 서울대입구역 마에스트로,ST-715,60,9,15,126.95064545,37.4813385
2026-06-26T14:38:26.355217+09:00,서울식물원·마곡나루역,서울식물원·마곡나루역,POI032,KEY_3,2715.마곡나루역 2번 출구,ST-2031,164,41,25,126.82743835,37.56692505
2026-06-26T14:38:26.355217+09:00,서울식물원·마곡나루역,서울식물원·마곡나루역,POI032,KEY_3,2701. 마곡나루역 5번출구 뒤편,ST-1718,77,20,26,126.82731628,37.56520081
2026-06-26T14:38:26.355217+09:00,서울식물원·마곡나루역,서울식물원·마곡나루역,POI032,KEY_3,2725.서울식물원 식물문화센터,ST-2042,75,15,20,126.83563232,37.56883621
2026-06-26T14:38:26.355217+09:00,서울식물원·마곡나루역,서울식물원·마곡나루역,POI032,KEY_3,2728.마곡나루역 3번 출구,ST-2045,98,64,65,126.82807922,37.56580353
2026-06-26T14:38:26.355217+09:00,서울식물원·마곡나루역,서울식물원·마곡나루역,POI032,KEY_3,2727.서울식물원 잔디마당 앞,ST-2044,340,85,25,126.8306427,37.5639267
2026-06-26T14:38:26.355217+09:00,서울식물원·마곡나루역,서울식물원·마곡나루역,POI032,KEY_3,6177. 마곡롯데캐슬르웨스트,ST-3324,20,2,10,126.82462311,37.56356049
2026-06-26T14:38:26.355217+09:00,서울식물원·마곡나루역,서울식물원·마곡나루역,POI032,KEY_3,5098. LG사이언스파크 W4동,ST-3261,130,26,20,126.82978821,37.56403732
2026-06-26T14:38:26.355217+09:00,서울식물원·마곡나루역,서울식물원·마곡나루역,POI032,KEY_3,5097. LG사이언스파크 E2동,ST-3259,118,47,40,126.83208466,37.56381607
2026-06-26T14:38:26.355217+09:00,서울식물원·마곡나루역,서울식물원·마곡나루역,POI032,KEY_3,6190.마곡광장(마곡나루역 6번출구),ST-3421,60,6,10,126.82738495,37.56614685
2026-06-26T14:38:26.355217+09:00,서울역,서울역,POI033,KEY_4,379. 서울역9번출구,ST-194,190,19,10,126.97330475,37.55580521
2026-06-26T14:38:26.355217+09:00,서울역,서울역,POI033,KEY_4,485.서울역5번출구,ST-1791,260,26,10,126.97319794,37.55677032
2026-06-26T14:38:26.355217+09:00,서울역,서울역,POI033,KEY_4,435. SK 남산빌딩,ST-1670,60,6,10,126.97561646,37.55686188
2026-06-26T14:38:26.355217+09:00,서울역,서울역,POI033,KEY_4,4760. 서울역 7번출구,ST-2430,20,2,10,126.97364044,37.55664444
2026-06-26T14:38:26.355217+09:00,서울역,서울역,POI033,KEY_4,6062.서울역파출소,ST-3413,30,3,10,126.97183228,37.55709457
2026-06-26T14:38:26.355217+09:00,서울역,서울역,POI033,KEY_4,4794. 서울역 서부교차로(3),ST-2786,75,6,8,126.96942139,37.55540848
2026-06-26T14:38:26.355217+09:00,선릉역,선릉역,POI034,KEY_1,2369. KT선릉타워,ST-1178,120,24,20,127.0528717,37.50542831
2026-06-26T14:38:26.355217+09:00,선릉역,선릉역,POI034,KEY_1,2319. 포스코사거리 서측(수협 삼성동 지점),ST-802,180,18,10,127.05467987,37.50660706
2026-06-26T14:38:26.355217+09:00,선릉역,선릉역,POI034,KEY_1,2328. 르네상스 호텔 사거리 역삼지하보도 7번출구 앞,ST-811,210,21,10,127.04273224,37.50321198
2026-06-26T14:38:26.355217+09:00,선릉역,선릉역,POI034,KEY_1,2332. 선릉역3번출구,ST-815,100,8,8,127.04903412,37.50410461
2026-06-26T14:38:26.355217+09:00,선릉역,선릉역,POI034,KEY_1,2329. 르네상스호텔사거리 역삼지하보도 2번출구,ST-812,20,2,10,127.04319,37.50235748
2026-06-26T14:38:26.355217+09:00,성신여대입구역,성신여대입구역,POI035,KEY_2,1384.성신여대입구역 5번출구,ST-2225,123,16,13,127.01628876,37.59282684
2026-06-26T14:38:26.355217+09:00,성신여대입구역,성신여대입구역,POI035,KEY_2,1385.성신여대입구역 3번출구 앞,ST-2226,140,14,10,127.01628876,37.59236526
2026-06-26T14:38:26.355217+09:00,성신여대입구역,성신여대입구역,POI035,KEY_2,1337. 돈암성당 옆,ST-1201,123,16,13,127.01716614,37.59039307
2026-06-26T14:38:26.355217+09:00,수유역,수유역,POI036,KEY_3,1503. 강북구청사거리(수유역 8번출구),ST-643,186,26,14,127.02672577,37.63926315
2026-06-26T14:38:26.355217+09:00,수유역,수유역,POI036,KEY_3,1512. 강북중학교 앞,ST-862,40,8,20,127.02656555,37.64473724
2026-06-26T14:38:26.355217+09:00,수유역,수유역,POI036,KEY_3,1520. 수유중앙시장,ST-650,86,6,7,127.022789,37.63986206
2026-06-26T14:38:26.355217+09:00,수유역,수유역,POI036,KEY_3,1526. 강북종합시장 앞,ST-1100,113,9,8,127.02462769,37.64173889
2026-06-26T14:38:26.355217+09:00,수유역,수유역,POI036,KEY_3,1535. 효성인텔리안 앞,ST-1109,120,12,10,127.02337646,37.6362915
2026-06-26T14:38:26.355217+09:00,수유역,수유역,POI036,KEY_3,1569.수유역2번출구,ST-2137,240,24,10,127.02590179,37.63796997
2026-06-26T14:38:26.355217+09:00,수유역,수유역,POI036,KEY_3,1552. 강북구청사거리,ST-2125,100,8,8,127.02723694,37.63920212
2026-06-26T14:38:26.355217+09:00,수유역,수유역,POI036,KEY_3,1530. 광산사거리,ST-1104,77,10,13,127.0223465,37.64355087
2026-06-26T14:38:26.355217+09:00,숭례문,숭례문,POI131,KEY_4,445.대한상공회의소,ST-1771,47,7,15,126.97410583,37.56015396
2026-06-26T14:38:26.355217+09:00,숭례문,숭례문,POI131,KEY_4,6060. 신한은행 본점,ST-3342,300,24,8,126.97480774,37.56077576
2026-06-26T14:38:26.355217+09:00,시의회 앞,시의회 앞,POI130,KEY_1,458. 광화문역 5번출구,ST-1611,152,32,21,126.97756958,37.56989288
2026-06-26T14:38:26.355217+09:00,시의회 앞,시의회 앞,POI130,KEY_1,309. 광화문역 6번출구 옆 B,ST-125,38,5,13,126.97615814,37.56996155
2026-06-26T14:38:26.355217+09:00,시의회 앞,시의회 앞,POI130,KEY_1,310. 청계광장 옆,ST-126,438,35,8,126.9774704,37.56887817
2026-06-26T14:38:26.355217+09:00,시의회 앞,시의회 앞,POI130,KEY_1,6058. 시청역 2번출구,ST-3297,220,33,15,126.97702026,37.56557846
2026-06-26T14:38:26.355217+09:00,시의회 앞,시의회 앞,POI130,KEY_1,4718. 광화문역 6번출구 옆 A,ST-3075,50,5,10,126.9764328,37.56993103
2026-06-26T14:38:26.355217+09:00,신논현역·논현역,신논현역·논현역,POI037,KEY_2,2302. 교보타워 버스정류장(신논현역 3번출구 후면),ST-787,60,6,10,127.02427673,37.5055809
2026-06-26T14:38:26.355217+09:00,신논현역·논현역,신논현역·논현역,POI037,KEY_2,2542.신논현타워 앞,ST-1926,130,13,10,127.02391052,37.50508881
2026-06-26T14:38:26.355217+09:00,신논현역·논현역,신논현역·논현역,POI037,KEY_2,4347. 논현지하보도,ST-3332,70,7,10,127.02232361,37.50836945
2026-06-26T14:38:26.355217+09:00,신림역,신림역,POI039,KEY_4,2136. 신림역 8번출구,ST-976,100,8,8,126.93006897,37.48450851
2026-06-26T14:38:26.355217+09:00,신림역,신림역,POI039,KEY_4,2102. 봉림교 교통섬,ST-702,92,12,13,126.92688751,37.48408508
2026-06-26T14:38:26.355217+09:00,신림역,신림역,POI039,KEY_4,2175. 신림동걷고싶은문화의거리입구,ST-1270,171,12,7,126.92870331,37.48730087
2026-06-26T14:38:26.355217+09:00,신정네거리역,신정네거리역,POI117,KEY_1,722. 경서농협 버스정류장(우리은행신정동지점방향),ST-993,100,10,10,126.85738373,37.52151108
2026-06-26T14:38:26.355217+09:00,신정네거리역,신정네거리역,POI117,KEY_1,706. 신정네거리역,ST-313,93,14,15,126.85175323,37.5218811
2026-06-26T14:38:26.355217+09:00,신정네거리역,신정네거리역,POI117,KEY_1,4507. 신정제일시장,ST-2759,60,6,10,126.85499573,37.52122498
2026-06-26T14:38:26.355217+09:00,신정네거리역,신정네거리역,POI117,KEY_1,4510. 신정네거리역 교차로,ST-2762,15,2,13,126.85228729,37.52175903
2026-06-26T14:38:26.355217+09:00,신정네거리역,신정네거리역,POI117,KEY_1,4509. 서울영상고교 입구,ST-2761,280,42,15,126.85928345,37.52198029
2026-06-26T14:38:26.355217+09:00,신촌·이대역,신촌·이대역,POI040,KEY_2,150. 서강대역 2번출구 앞,ST-207,40,6,15,126.93434143,37.55295563
2026-06-26T14:38:26.355217+09:00,신촌·이대역,신촌·이대역,POI040,KEY_2,128. 신촌역(2호선) 1번출구 옆,ST-30,68,13,19,126.93634033,37.55549622
2026-06-26T14:38:26.355217+09:00,신촌·이대역,신촌·이대역,POI040,KEY_2,134. 연세로 명물길,ST-36,88,7,8,126.93807983,37.55789185
2026-06-26T14:38:26.355217+09:00,신촌·이대역,신촌·이대역,POI040,KEY_2,129. 신촌역(2호선) 6번출구 옆,ST-31,50,5,10,126.93756866,37.55505371
2026-06-26T14:38:26.355217+09:00,신촌·이대역,신촌·이대역,POI040,KEY_2,130. 신촌역(2호선) 7번출구 앞,ST-32,100,10,10,126.93626404,37.5550499
2026-06-26T14:38:26.355217+09:00,신촌·이대역,신촌·이대역,POI040,KEY_2,135. 명물길 원형무대 앞,ST-37,20,2,10,126.93984222,37.55922699
2026-06-26T14:38:26.355217+09:00,신촌·이대역,신촌·이대역,POI040,KEY_2,137. 신촌기차역입구 교차로,ST-39,90,9,10,126.9431839,37.55681229
2026-06-26T14:38:26.355217+09:00,신촌·이대역,신촌·이대역,POI040,KEY_2,3116.신촌역 4번출구,ST-2201,70,7,10,126.93720245,37.55550385
2026-06-26T14:38:26.355217+09:00,신촌·이대역,신촌·이대역,POI040,KEY_2,4274. 신촌 파랑고래 입구,ST-3140,60,6,10,126.93603516,37.55687714
2026-06-26T14:38:26.355217+09:00,신촌·이대역,신촌·이대역,POI040,KEY_2,4248. 신촌 교보빌딩,ST-3021,10,1,10,126.94034576,37.5560112
2026-06-26T14:38:26.355217+09:00,쌍문역,쌍문역,POI070,KEY_3,1754. 창동시장입구 사거리,ST-2099,9,1,11,127.03343201,37.64689636
2026-06-26T14:38:26.355217+09:00,쌍문역,쌍문역,POI070,KEY_3,1774.정의여중고 버스정류소,ST-2119,88,7,8,127.034729,37.65134811
2026-06-26T14:38:26.355217+09:00,쌍문역,쌍문역,POI070,KEY_3,1709. 쌍문역4번출구 주변,ST-616,135,23,17,127.03534698,37.65012741
2026-06-26T14:38:26.355217+09:00,쌍문역,쌍문역,POI070,KEY_3,4054. 창동한신아파트 버스정류소,ST-2722,110,11,10,127.03527069,37.64601898
2026-06-26T14:38:26.355217+09:00,양재역,양재역,POI041,KEY_4,2333. 양재역 3번출구 주변,ST-816,107,15,14,127.03407288,37.48515701
2026-06-26T14:38:26.355217+09:00,양재역,양재역,POI041,KEY_4,2242.양재역 10번 출구 앞,ST-767,10,2,20,127.03417969,37.48398972
2026-06-26T14:38:26.355217+09:00,양재역,양재역,POI041,KEY_4,2293. SPC 앞,ST-1360,80,8,10,127.03699493,37.48479843
2026-06-26T14:38:26.355217+09:00,양재역,양재역,POI041,KEY_4,4329. SC제일은행 양재동지점 앞,ST-2962,113,9,8,127.03315735,37.48573685
2026-06-26T14:38:26.355217+09:00,역삼역,역삼역,POI042,KEY_1,2349. 역삼빌딩 앞(하나은행 옆),ST-959,42,5,12,127.03856659,37.50154495
2026-06-26T14:38:26.355217+09:00,역삼역,역삼역,POI042,KEY_1,2430.강남파이낸스센터앞(역삼역2번출구),ST-1896,20,2,10,127.03605652,37.50024414
2026-06-26T14:38:26.355217+09:00,역삼역,역삼역,POI042,KEY_1,2410. 포스코피앤에스타워 (역삼역 3번출구 부근),ST-1680,190,19,10,127.03375244,37.49959946
2026-06-26T14:38:26.355217+09:00,연신내역,연신내역,POI043,KEY_2,949. 연신내역 1번 출구,ST-1035,133,8,6,126.92080688,37.61978149
2026-06-26T14:38:26.355217+09:00,연신내역,연신내역,POI043,KEY_2,922. 연신내역 4번출구,ST-470,20,2,10,126.92196655,37.61780167
2026-06-26T14:38:26.355217+09:00,연신내역,연신내역,POI043,KEY_2,906. 연신내역 5번출구,ST-454,113,9,8,126.91957855,37.61721039
2026-06-26T14:38:26.355217+09:00,오목교역·목동운동장,오목교역·목동운동장,POI044,KEY_3,748. 목동운동장,ST-1019,192,25,13,126.87930298,37.53025055
2026-06-26T14:38:26.355217+09:00,오목교역·목동운동장,오목교역·목동운동장,POI044,KEY_3,792.목동트라팰리스 웨스턴에비뉴,ST-2017,145,29,20,126.8709259,37.52537155
2026-06-26T14:38:26.355217+09:00,오목교역·목동운동장,오목교역·목동운동장,POI044,KEY_3,756. 목동주차장,ST-1497,107,16,15,126.8761673,37.52667999
2026-06-26T14:38:26.355217+09:00,오목교역·목동운동장,오목교역·목동운동장,POI044,KEY_3,771.목동아파트 703동 앞,ST-1997,63,5,8,126.87016296,37.52820587
2026-06-26T14:38:26.355217+09:00,오목교역·목동운동장,오목교역·목동운동장,POI044,KEY_3,769.CBS방송국 앞,ST-1995,235,47,20,126.87467194,37.52785492
2026-06-26T14:38:26.355217+09:00,오목교역·목동운동장,오목교역·목동운동장,POI044,KEY_3,723. SBS방송국,ST-994,313,47,15,126.87274933,37.52916336
2026-06-26T14:38:26.355217+09:00,오목교역·목동운동장,오목교역·목동운동장,POI044,KEY_3,703. 오목교역 7번출구 앞,ST-311,242,29,12,126.87524414,37.52362823
2026-06-26T14:38:26.355217+09:00,오목교역·목동운동장,오목교역·목동운동장,POI044,KEY_3,791.현대하이페리온,ST-2016,127,19,15,126.86980438,37.52490234
2026-06-26T14:38:26.355217+09:00,오목교역·목동운동장,오목교역·목동운동장,POI044,KEY_3,747. 목동3단지 상가,ST-1018,360,36,10,126.8756485,37.53458023
2026-06-26T14:38:26.355217+09:00,오목교역·목동운동장,오목교역·목동운동장,POI044,KEY_3,765. 오목교역 3번출구,ST-1731,150,18,12,126.87548065,37.52477646
2026-06-26T14:38:26.355217+09:00,오목교역·목동운동장,오목교역·목동운동장,POI044,KEY_3,762. 오목로 무중력지대 앞,ST-1503,100,10,10,126.87766266,37.52474213
2026-06-26T14:38:26.355217+09:00,오목교역·목동운동장,오목교역·목동운동장,POI044,KEY_3,731. 서울시 도로환경관리센터,ST-1002,150,15,10,126.87654114,37.5298996
2026-06-26T14:38:26.355217+09:00,오목교역·목동운동장,오목교역·목동운동장,POI044,KEY_3,4532. 목동현대아파트 후문 앞,ST-2879,60,6,10,126.87805939,37.5221405
2026-06-26T14:38:26.355217+09:00,오목교역·목동운동장,오목교역·목동운동장,POI044,KEY_3,4543. 오목교역 6번 출구,ST-3163,367,33,9,126.87567139,37.5236702
2026-06-26T14:38:26.355217+09:00,오목교역·목동운동장,오목교역·목동운동장,POI044,KEY_3,4514. 목동성당 앞,ST-2764,150,30,20,126.86930084,37.52319717
2026-06-26T14:38:26.355217+09:00,오목교역·목동운동장,오목교역·목동운동장,POI044,KEY_3,4546. 목동운동장 주경기장,ST-3227,77,23,30,126.88307953,37.52937698
2026-06-26T14:38:26.355217+09:00,왕십리역,왕십리역,POI045,KEY_4,525. 한양대병원사거리,ST-241,10,2,20,127.04035187,37.55805206
2026-06-26T14:38:26.355217+09:00,왕십리역,왕십리역,POI045,KEY_4,558. 성동광진 교육지원청 앞,ST-359,105,21,20,127.03652191,37.56460571
2026-06-26T14:38:26.355217+09:00,왕십리역,왕십리역,POI045,KEY_4,559. 왕십리역 4번 출구 건너편,ST-360,31,4,13,127.03679657,37.56109619
2026-06-26T14:38:26.355217+09:00,왕십리역,왕십리역,POI045,KEY_4,3561.행당동 삼부APT후문,ST-2343,60,6,10,127.03839874,37.55926895
2026-06-26T14:38:26.355217+09:00,왕십리역,왕십리역,POI045,KEY_4,3545.한양대역 1번출구,ST-2327,50,5,10,127.04335785,37.55657959
2026-06-26T14:38:26.355217+09:00,용산역,용산역,POI046,KEY_1,853.용산역 맞은편,ST-2177,74,14,19,126.96595001,37.52841568
2026-06-26T14:38:26.355217+09:00,용산역,용산역,POI046,KEY_1,806. 전자랜드 본관 앞,ST-327,30,6,20,126.96073151,37.5330658
2026-06-26T14:38:26.355217+09:00,용산역,용산역,POI046,KEY_1,845. 용산 선인상가,ST-1615,119,19,16,126.96437836,37.53269958
2026-06-26T14:38:26.355217+09:00,용산역,용산역,POI046,KEY_1,4616. 신용산지하차도 앞,ST-2447,53,8,15,126.96411896,37.53248215
2026-06-26T14:38:26.355217+09:00,용산역,용산역,POI046,KEY_1,4617. 동원베네스트 건너편,ST-2448,67,4,6,126.95511627,37.52761078
2026-06-26T14:38:26.355217+09:00,잠실새내역,잠실새내역,POI118,KEY_3,1224. 아시아지하보도 2번 출구,ST-548,53,8,15,127.07893372,37.51216888
2026-06-26T14:38:26.355217+09:00,잠실새내역,잠실새내역,POI118,KEY_3,1222. 잠실새내역 5번 출구 뒤,ST-547,13,3,23,127.08505249,37.51198196
2026-06-26T14:38:26.355217+09:00,잠실새내역,잠실새내역,POI118,KEY_3,2635.잠실새내역 1번출구,ST-1862,43,9,21,127.08673859,37.51129532
2026-06-26T14:38:26.355217+09:00,잠실새내역,잠실새내역,POI118,KEY_3,2637. 아시아지하보도 14번 출구,ST-1864,100,15,15,127.07881165,37.51146317
2026-06-26T14:38:26.355217+09:00,잠실역,잠실역,POI119,KEY_4,1232. 잠실주공 521동 건너편,ST-550,320,32,10,127.09568787,37.51184082
2026-06-26T14:38:26.355217+09:00,잠실역,잠실역,POI119,KEY_4,1231. 잠실역 6번출구,ST-840,154,20,13,127.09902954,37.51408768
2026-06-26T14:38:26.355217+09:00,잠실역,잠실역,POI119,KEY_4,1210. 롯데월드타워(잠실역2번출구 쪽),ST-891,353,106,30,127.10095978,37.51312637
2026-06-26T14:38:26.355217+09:00,잠실역,잠실역,POI119,KEY_4,2647.잠실 자전거 수리센터 앞,ST-1868,214,15,7,127.10114288,37.51100922
2026-06-26T14:38:26.355217+09:00,장지역,장지역,POI048,KEY_1,1247. 문정 법조단지11,ST-907,20,3,15,127.12351227,37.4788208
2026-06-26T14:38:26.355217+09:00,장지역,장지역,POI048,KEY_1,1266. 문정동 글샘 공원,ST-1085,90,9,10,127.12000275,37.47880936
2026-06-26T14:38:26.355217+09:00,장지역,장지역,POI048,KEY_1,1244. 문정 법조단지8,ST-904,55,6,11,127.12212372,37.48153687
2026-06-26T14:38:26.355217+09:00,장지역,장지역,POI048,KEY_1,1245. 문정 법조단지9,ST-905,0,0,10,127.12532806,37.47946548
2026-06-26T14:38:26.355217+09:00,장지역,장지역,POI048,KEY_1,1246. 문정 법조단지10,ST-906,67,20,30,127.12632751,37.47750854
2026-06-26T14:38:26.355217+09:00,장지역,장지역,POI048,KEY_1,4885. 가든파이브 리빙관,ST-2985,25,2,8,127.123703,37.47709656
2026-06-26T14:38:26.355217+09:00,장지역,장지역,POI048,KEY_1,4491. 장지역 1번출구,ST-2599,20,2,10,127.12678528,37.47953415
2026-06-26T14:38:26.355217+09:00,장한평역,장한평역,POI049,KEY_2,529. 장한평역 8번 출구 앞,ST-243,125,10,8,127.06365967,37.56137085
2026-06-26T14:38:26.355217+09:00,장한평역,장한평역,POI049,KEY_2,626. 군자교 서측 녹지대,ST-394,188,32,17,127.07096863,37.56115341
2026-06-26T14:38:26.355217+09:00,장한평역,장한평역,POI049,KEY_2,4105. 서울교통공사사거리 교통섬,ST-2499,60,6,10,127.05799103,37.56324005
2026-06-26T14:38:26.355217+09:00,장한평역,장한평역,POI049,KEY_2,4385. 용답동 우체국 주변,ST-3099,100,5,5,127.06151581,37.56168747
2026-06-26T14:38:26.355217+09:00,천호역,천호역,POI050,KEY_3,1009. 천호역4번출구(현대백화점),ST-493,135,27,20,127.12424469,37.53866577
2026-06-26T14:38:26.355217+09:00,천호역,천호역,POI050,KEY_3,3657. 서울천호동우체국,ST-2732,200,20,10,127.12576294,37.54074097
2026-06-26T14:38:26.355217+09:00,천호역,천호역,POI050,KEY_3,1264. 천호역 10번 출구 앞,ST-1083,13,1,8,127.12280273,37.53858185
2026-06-26T14:38:26.355217+09:00,총신대입구(이수)역,총신대입구(이수)역,POI051,KEY_4,2082.7호선 이수역7번출구,ST-2355,200,20,10,126.98179626,37.4846077
2026-06-26T14:38:26.355217+09:00,총신대입구(이수)역,총신대입구(이수)역,POI051,KEY_4,2511. 이수역 6번출구 앞,ST-1739,90,9,10,126.98234558,37.48398972
2026-06-26T14:38:26.355217+09:00,총신대입구(이수)역,총신대입구(이수)역,POI051,KEY_4,2032. 이수역 11번출구쪽,ST-923,460,46,10,126.98162079,37.48550797
2026-06-26T14:38:26.355217+09:00,총신대입구(이수)역,총신대입구(이수)역,POI051,KEY_4,2091. 이수역9번출구,ST-2364,140,21,15,126.98059082,37.48470306
2026-06-26T14:38:26.355217+09:00,총신대입구(이수)역,총신대입구(이수)역,POI051,KEY_4,2264. 이수역 1번출구,ST-935,211,19,9,126.98271942,37.48897171
2026-06-26T14:38:26.355217+09:00,충정로역,충정로역,POI052,KEY_1,180. 충정로역 7번출구 아래,ST-233,170,17,10,126.96246338,37.55996704
2026-06-26T14:38:26.355217+09:00,충정로역,충정로역,POI052,KEY_1,3134.SK리쳄블(서울아리수본부),ST-2219,0,0,10,126.96658325,37.56131744
2026-06-26T14:38:26.355217+09:00,충정로역,충정로역,POI052,KEY_1,3114.충정로역 3번 출구,ST-2198,14,1,7,126.96552277,37.56046295
2026-06-26T14:38:26.355217+09:00,충정로역,충정로역,POI052,KEY_1,4801. 충정로역 2호선(엘리베이터 앞),ST-3053,20,1,5,126.96414185,37.55937576
2026-06-26T14:38:26.355217+09:00,충정로역,충정로역,POI052,KEY_1,4266.국민연금공단충정로사옥,ST-3027,11,1,9,126.96414948,37.56184769
2026-06-26T14:38:26.355217+09:00,충정로역,충정로역,POI052,KEY_1,4752. 삼성사이버빌리지아파트,ST-2624,0,0,7,126.96485901,37.55891418
2026-06-26T14:38:26.355217+09:00,충정로역,충정로역,POI052,KEY_1,4271. 충정로역 1번 출구,ST-3107,14,1,7,126.96305847,37.55942535
2026-06-26T14:38:26.355217+09:00,합정역,합정역,POI053,KEY_2,106. 합정역 7번출구 앞,ST-8,25,3,12,126.91282654,37.54864502
2026-06-26T14:38:26.355217+09:00,합정역,합정역,POI053,KEY_2,105. 합정역 5번출구 앞,ST-7,80,4,5,126.91482544,37.55000687
2026-06-26T14:38:26.355217+09:00,합정역,합정역,POI053,KEY_2,497.합정동주민센터 앞,ST-2156,96,24,25,126.91230011,37.551754
2026-06-26T14:38:26.355217+09:00,합정역,합정역,POI053,KEY_2,4211. 시석빌딩 앞,ST-2534,50,4,8,126.91671753,37.54836655
2026-06-26T14:38:26.355217+09:00,혜화역,혜화역,POI054,KEY_3,342. 대학로 마로니에공원,ST-158,50,11,22,127.00234222,37.58044434
2026-06-26T14:38:26.355217+09:00,혜화역,혜화역,POI054,KEY_3,341. 혜화역 3번출구 뒤,ST-157,13,1,8,127.00178528,37.58156967
2026-06-26T14:38:26.355217+09:00,혜화역,혜화역,POI054,KEY_3,358. 성균관대입구 사거리 A,ST-173,69,9,13,126.99853516,37.58250046
2026-06-26T14:38:26.355217+09:00,혜화역,혜화역,POI054,KEY_3,3419.국립어린이과학관,ST-1816,14,2,14,126.99736786,37.58194733
2026-06-26T14:38:26.355217+09:00,혜화역,혜화역,POI054,KEY_3,3420. 성균관대입구 사거리 B,ST-1817,20,2,10,126.99885559,37.58327484
2026-06-26T14:38:26.355217+09:00,혜화역,혜화역,POI054,KEY_3,3421.혜화역 1번출구,ST-1818,50,5,10,127.00185394,37.58385468
2026-06-26T14:38:26.355217+09:00,홍대입구역(2호선),홍대입구역(2호선),POI055,KEY_4,113. 홍대입구역 2번출구 앞,ST-18,129,36,28,126.9238205,37.5574379
2026-06-26T14:38:26.355217+09:00,홍대입구역(2호선),홍대입구역(2호선),POI055,KEY_4,114. 홍대입구역 8번출구 앞,ST-20,67,10,15,126.92442322,37.55706024
2026-06-26T14:38:26.355217+09:00,회기역,회기역,POI056,KEY_1,670.삼육서울병원 버스정류장,ST-2270,289,26,9,127.06151581,37.5896759
2026-06-26T14:38:26.355217+09:00,회기역,회기역,POI056,KEY_1,680.꿈마루어린이도서관 앞,ST-2280,182,40,22,127.05741119,37.59238434
2026-06-26T16:35:20.181713+09:00,광화문·덕수궁,광화문·덕수궁,POI009,KEY_2,303. 광화문역 1번출구 앞,ST-119,125,10,8,126.97466278,37.57176971
2026-06-26T16:35:20.181713+09:00,광화문·덕수궁,광화문·덕수궁,POI009,KEY_2,458. 광화문역 5번출구,ST-1611,119,25,21,126.97756958,37.56989288
2026-06-26T16:35:20.181713+09:00,광화문·덕수궁,광화문·덕수궁,POI009,KEY_2,309. 광화문역 6번출구 옆 B,ST-125,31,4,13,126.97615814,37.56996155
2026-06-26T16:35:20.181713+09:00,광화문·덕수궁,광화문·덕수궁,POI009,KEY_2,305. 종로구청 옆,ST-121,119,19,16,126.97833252,37.57255936
2026-06-26T16:35:20.181713+09:00,광화문·덕수궁,광화문·덕수궁,POI009,KEY_2,391. 시립미술관,ST-977,138,11,8,126.97340393,37.56505203
2026-06-26T16:35:20.181713+09:00,광화문·덕수궁,광화문·덕수궁,POI009,KEY_2,310. 청계광장 옆,ST-126,438,35,8,126.9774704,37.56887817
2026-06-26T16:35:20.181713+09:00,광화문·덕수궁,광화문·덕수궁,POI009,KEY_2,6058. 시청역 2번출구,ST-3297,233,35,15,126.97702026,37.56557846
2026-06-26T16:35:20.181713+09:00,광화문·덕수궁,광화문·덕수궁,POI009,KEY_2,4796. 서울시청,ST-2693,50,10,20,126.97925568,37.5664711
2026-06-26T16:35:20.181713+09:00,광화문·덕수궁,광화문·덕수궁,POI009,KEY_2,4719. 종로문화원 건너편,ST-3090,47,7,15,126.9805069,37.57571411
2026-06-26T16:35:20.181713+09:00,광화문·덕수궁,광화문·덕수궁,POI009,KEY_2,4718. 광화문역 6번출구 옆 A,ST-3075,70,7,10,126.9764328,37.56993103
2026-06-26T16:35:20.181713+09:00,보신각,보신각,POI010,KEY_3,316. 종각역 1번출구 앞,ST-132,175,14,8,126.98178864,37.57039642
2026-06-26T16:35:20.181713+09:00,보신각,보신각,POI010,KEY_3,385. 종각역 5번출구,ST-336,160,16,10,126.98265839,37.56983566
2026-06-26T16:35:20.181713+09:00,보신각,보신각,POI010,KEY_3,3408.종로타워빌딩,ST-1805,38,5,13,126.98323822,37.57070541
2026-06-26T16:35:20.181713+09:00,보신각,보신각,POI010,KEY_3,4708. 조계사앞사거리,ST-2472,217,13,6,126.98283386,37.5721817
2026-06-26T16:35:20.181713+09:00,서울 암사동 유적,서울 암사동 유적,POI011,KEY_4,1007.암사동 선사유적지,ST-491,121,17,14,127.13087463,37.55955887
2026-06-26T16:35:20.181713+09:00,서울 암사동 유적,서울 암사동 유적,POI011,KEY_4,3539. 서원마을,ST-1686,60,6,10,127.13283539,37.56379318
2026-06-26T16:35:20.181713+09:00,창덕궁·종묘,창덕궁·종묘,POI012,KEY_1,339. 종로4가 사거리,ST-155,80,8,10,126.99819183,37.57106781
2026-06-26T16:35:20.181713+09:00,창덕궁·종묘,창덕궁·종묘,POI012,KEY_1,338. 세운스퀘어 앞,ST-154,11,2,18,126.99712372,37.57095718
2026-06-26T16:35:20.181713+09:00,창덕궁·종묘,창덕궁·종묘,POI012,KEY_1,337. 창경궁 입구,ST-153,240,12,5,126.99647522,37.57897949
2026-06-26T16:35:20.181713+09:00,창덕궁·종묘,창덕궁·종묘,POI012,KEY_1,359. 원남동사거리,ST-174,138,11,8,126.99768066,37.57606125
2026-06-26T16:35:20.181713+09:00,창덕궁·종묘,창덕궁·종묘,POI012,KEY_1,3413.종로플레이스,ST-1810,0,0,22,126.99796295,37.57320023
2026-06-26T16:35:20.181713+09:00,창덕궁·종묘,창덕궁·종묘,POI012,KEY_1,3410.종로3가역 8번출구,ST-1807,50,5,10,126.99188995,37.5724678
2026-06-26T16:35:20.181713+09:00,창덕궁·종묘,창덕궁·종묘,POI012,KEY_1,3411.종묘,ST-1808,167,15,9,126.99437714,37.57072067
2026-06-26T16:35:20.181713+09:00,동대문 관광특구,동대문 관광특구,POI002,KEY_3,474.동대문역사문화공원역 1번출구 뒤편,ST-1780,43,17,40,127.00849152,37.56629944
2026-06-26T16:35:20.181713+09:00,동대문 관광특구,동대문 관광특구,POI002,KEY_3,475.DDP 패션몰,ST-1781,71,15,21,127.0118103,37.56764984
2026-06-26T16:35:20.181713+09:00,동대문 관광특구,동대문 관광특구,POI002,KEY_3,346. 맥스타일 앞,ST-162,40,4,10,127.01014709,37.5689621
2026-06-26T16:35:20.181713+09:00,동대문 관광특구,동대문 관광특구,POI002,KEY_3,347. 동대문역사문화공원역 9번출구 앞,ST-163,17,3,18,127.00784302,37.56533051
2026-06-26T16:35:20.181713+09:00,동대문 관광특구,동대문 관광특구,POI002,KEY_3,383. 신당역 12번 출구 뒤,ST-198,17,4,24,127.01642609,37.56591797
2026-06-26T16:35:20.181713+09:00,동대문 관광특구,동대문 관광특구,POI002,KEY_3,4765. 동대문디자인플라자,ST-2431,75,15,20,127.00946045,37.5683136
2026-06-26T16:35:20.181713+09:00,동대문 관광특구,동대문 관광특구,POI002,KEY_3,6061.충무아트센터,ST-3381,110,11,10,127.01522064,37.56538773
2026-06-26T16:35:20.181713+09:00,명동 관광특구,명동 관광특구,POI003,KEY_4,324. 신세계백화점 본점 앞,ST-140,125,10,8,126.9805069,37.56134415
2026-06-26T16:35:20.181713+09:00,명동 관광특구,명동 관광특구,POI003,KEY_4,320. 을지로입구역 4번출구 앞,ST-136,35,6,17,126.98358917,37.56622314
2026-06-26T16:35:20.181713+09:00,명동 관광특구,명동 관광특구,POI003,KEY_4,433. 을지로입구역 2번출구,ST-1668,125,15,12,126.98229218,37.56634521
2026-06-26T16:35:20.181713+09:00,명동 관광특구,명동 관광특구,POI003,KEY_4,318. 광교사거리 남측,ST-134,120,12,10,126.98231506,37.56863403
2026-06-26T16:35:20.181713+09:00,명동 관광특구,명동 관광특구,POI003,KEY_4,466.롯데호텔,ST-1772,323,42,13,126.97981262,37.56584167
2026-06-26T16:35:20.181713+09:00,명동 관광특구,명동 관광특구,POI003,KEY_4,331. 을지로2가 사거리 북측,ST-147,130,13,10,126.98720551,37.56638336
2026-06-26T16:35:20.181713+09:00,명동 관광특구,명동 관광특구,POI003,KEY_4,398. 을지로3가역 3번출구,ST-1435,163,13,8,126.99249268,37.56660461
2026-06-26T16:35:20.181713+09:00,명동 관광특구,명동 관광특구,POI003,KEY_4,322. 명동성당 앞,ST-138,10,1,10,126.98696899,37.56447601
2026-06-26T16:35:20.181713+09:00,명동 관광특구,명동 관광특구,POI003,KEY_4,321. KEB 하나금융그룹 명동사옥 옆,ST-137,13,2,15,126.98413849,37.56546402
2026-06-26T16:35:20.181713+09:00,명동 관광특구,명동 관광특구,POI003,KEY_4,310. 청계광장 옆,ST-126,438,35,8,126.9774704,37.56887817
2026-06-26T16:35:20.181713+09:00,명동 관광특구,명동 관광특구,POI003,KEY_4,3013.서울지방고용노동청 앞,ST-2422,314,22,7,126.98725891,37.56760406
2026-06-26T16:35:20.181713+09:00,명동 관광특구,명동 관광특구,POI003,KEY_4,4791. 명동역9번 출구,ST-2527,60,6,10,126.98749542,37.56122589
2026-06-26T16:35:20.181713+09:00,명동 관광특구,명동 관광특구,POI003,KEY_4,4774. 을지로입구역 8번출구,ST-2520,11,1,9,126.98178101,37.56590271
2026-06-26T16:35:20.181713+09:00,명동 관광특구,명동 관광특구,POI003,KEY_4,4776. 신세계면세점,ST-2522,40,4,10,126.98139191,37.56027603
2026-06-26T16:35:20.181713+09:00,명동 관광특구,명동 관광특구,POI003,KEY_4,6058. 시청역 2번출구,ST-3297,233,35,15,126.97702026,37.56557846
2026-06-26T16:35:20.181713+09:00,명동 관광특구,명동 관광특구,POI003,KEY_4,4796. 서울시청,ST-2693,50,10,20,126.97925568,37.5664711
2026-06-26T16:35:20.181713+09:00,명동 관광특구,명동 관광특구,POI003,KEY_4,4762. 국제빌딩,ST-2517,70,7,10,126.98244476,37.56694794
2026-06-26T16:35:20.181713+09:00,명동 관광특구,명동 관광특구,POI003,KEY_4,4775. 을지로지하쇼핑센터,ST-2521,60,6,10,126.98445129,37.56589127
2026-06-26T16:35:20.181713+09:00,이태원 관광특구,이태원 관광특구,POI004,KEY_1,854.HID 유족동지회 앞,ST-2178,0,0,10,127.0014801,37.53850937
2026-06-26T16:35:20.181713+09:00,이태원 관광특구,이태원 관광특구,POI004,KEY_1,843. 이태원관광특구 입구(용산구청방향),ST-1445,26,5,19,126.98867035,37.53379822
2026-06-26T16:35:20.181713+09:00,이태원 관광특구,이태원 관광특구,POI004,KEY_1,857. 현대 안성타워,ST-2181,0,0,10,126.99797058,37.53508759
2026-06-26T16:35:20.181713+09:00,이태원 관광특구,이태원 관광특구,POI004,KEY_1,4634. 이태원역 3번 출구,ST-3056,80,4,5,126.99497223,37.5343895
2026-06-26T16:35:20.181713+09:00,이태원 관광특구,이태원 관광특구,POI004,KEY_1,4623. 라인프랜즈이태원점 앞,ST-2453,30,3,10,126.99619293,37.53453064
2026-06-26T16:35:20.181713+09:00,이태원 관광특구,이태원 관광특구,POI004,KEY_1,4612. 이태원로 255,ST-2444,0,0,5,127.00084686,37.53749847
2026-06-26T16:35:20.181713+09:00,이태원 관광특구,이태원 관광특구,POI004,KEY_1,4613. 서울갤러리아 앞,ST-2445,60,3,5,126.99937439,37.53597641
2026-06-26T16:35:20.181713+09:00,잠실 관광특구,잠실 관광특구,POI005,KEY_2,1210. 롯데월드타워(잠실역2번출구 쪽),ST-891,307,92,30,127.10095978,37.51312637
2026-06-26T16:35:20.181713+09:00,잠실 관광특구,잠실 관광특구,POI005,KEY_2,1297. 석촌호수교차로(동호 팔각정 앞),ST-1586,80,12,15,127.10411835,37.50920105
2026-06-26T16:35:20.181713+09:00,잠실 관광특구,잠실 관광특구,POI005,KEY_2,1296. 석촌호수교차로 (송파나루근린공원 앞),ST-1585,20,2,10,127.1034317,37.50867844
2026-06-26T16:35:20.181713+09:00,잠실 관광특구,잠실 관광특구,POI005,KEY_2,1268. 몽촌토성역 1번출구 옆,ST-1087,27,4,15,127.11419678,37.51728821
2026-06-26T16:35:20.181713+09:00,잠실 관광특구,잠실 관광특구,POI005,KEY_2,1233. 잠실3거리(갤러리아팰리스),ST-551,22,2,9,127.09336853,37.51050949
2026-06-26T16:35:20.181713+09:00,잠실 관광특구,잠실 관광특구,POI005,KEY_2,1232. 잠실주공 521동 건너편,ST-550,300,30,10,127.09568787,37.51184082
2026-06-26T16:35:20.181713+09:00,잠실 관광특구,잠실 관광특구,POI005,KEY_2,1267. 올림픽공원 남2문 앞,ST-1086,0,0,14,127.12306976,37.51424026
2026-06-26T16:35:20.181713+09:00,잠실 관광특구,잠실 관광특구,POI005,KEY_2,2608. 송파구청,ST-1681,630,63,10,127.10611725,37.51499176
2026-06-26T16:35:20.181713+09:00,잠실 관광특구,잠실 관광특구,POI005,KEY_2,2601. 석촌호수 아뜰리에,ST-1590,19,3,16,127.09883118,37.5067482
2026-06-26T16:35:20.181713+09:00,잠실 관광특구,잠실 관광특구,POI005,KEY_2,2647.잠실 자전거 수리센터 앞,ST-1868,186,13,7,127.10114288,37.51100922
2026-06-26T16:35:20.181713+09:00,잠실 관광특구,잠실 관광특구,POI005,KEY_2,2622. 올림픽공원역 3번출구,ST-1720,110,22,20,127.13059235,37.51625824
2026-06-26T16:35:20.181713+09:00,잠실 관광특구,잠실 관광특구,POI005,KEY_2,2621. 한성백제역 2번 출구,ST-1719,13,2,15,127.11625671,37.51665878
2026-06-26T16:35:20.181713+09:00,잠실 관광특구,잠실 관광특구,POI005,KEY_2,4857. 올림픽공원 장미광장,ST-2621,13,2,15,127.126297,37.51275635
2026-06-26T16:35:20.181713+09:00,잠실 관광특구,잠실 관광특구,POI005,KEY_2,4856. 올림픽공원 서1문 앞,ST-2608,240,24,10,127.11457062,37.5202179
2026-06-26T16:35:20.181713+09:00,잠실 관광특구,잠실 관광특구,POI005,KEY_2,5751. 송파여성축구장,ST-3069,10,1,10,127.11743927,37.52471542
2026-06-26T16:35:20.181713+09:00,잠실 관광특구,잠실 관광특구,POI005,KEY_2,4868. 석촌호수 서호 남단,ST-2833,50,5,10,127.10124207,37.50717163
2026-06-26T16:35:20.181713+09:00,잠실 관광특구,잠실 관광특구,POI005,KEY_2,4870. 몽촌토성역 3번 출구,ST-2876,40,4,10,127.11232758,37.5170784
2026-06-26T16:35:20.181713+09:00,잠실 관광특구,잠실 관광특구,POI005,KEY_2,4862. 성내교 남단,ST-2756,20,2,10,127.11588287,37.52301788
2026-06-26T16:35:20.181713+09:00,잠실 관광특구,잠실 관광특구,POI005,KEY_2,5768.방이삼거리,ST-3214,67,8,12,127.10822296,37.51237488
2026-06-26T16:35:20.181713+09:00,잠실 관광특구,잠실 관광특구,POI005,KEY_2,4464. 올림픽공원 북2문 A,ST-2580,73,11,15,127.12804413,37.52357483
2026-06-26T16:35:20.181713+09:00,잠실 관광특구,잠실 관광특구,POI005,KEY_2,4481. 올림픽공원 북2문 B,ST-2592,104,26,25,127.12751007,37.52397537
2026-06-26T16:35:20.181713+09:00,잠실 관광특구,잠실 관광특구,POI005,KEY_2,4865. 한성백제역 1번출구 뒤,ST-2797,80,4,5,127.1149826,37.51647949
2026-06-26T16:35:20.181713+09:00,잠실 관광특구,잠실 관광특구,POI005,KEY_2,5781. 올림픽공원 수영장,ST-3300,300,42,14,127.12688446,37.52157211
2026-06-26T16:35:20.181713+09:00,종로·청계 관광특구,종로·청계 관광특구,POI006,KEY_3,455. 종로6가역 버스정류장(동대문 방향),ST-1608,50,4,8,127.00605774,37.570961
2026-06-26T16:35:20.181713+09:00,종로·청계 관광특구,종로·청계 관광특구,POI006,KEY_3,397. 종묘공영주차장 건너편,ST-1432,31,4,13,126.99663544,37.57048035
2026-06-26T16:35:20.181713+09:00,종로·청계 관광특구,종로·청계 관광특구,POI006,KEY_3,385. 종각역 5번출구,ST-336,160,16,10,126.98265839,37.56983566
2026-06-26T16:35:20.181713+09:00,종로·청계 관광특구,종로·청계 관광특구,POI006,KEY_3,368. SK 서린빌딩 앞,ST-181,173,26,15,126.98053741,37.5692482
2026-06-26T16:35:20.181713+09:00,종로·청계 관광특구,종로·청계 관광특구,POI006,KEY_3,458. 광화문역 5번출구,ST-1611,119,25,21,126.97756958,37.56989288
2026-06-26T16:35:20.181713+09:00,종로·청계 관광특구,종로·청계 관광특구,POI006,KEY_3,335. 종로3가역 15번출구 뒤,ST-151,70,7,10,126.99165344,37.57019424
2026-06-26T16:35:20.181713+09:00,종로·청계 관광특구,종로·청계 관광특구,POI006,KEY_3,329. 청계2가 사거리 옆,ST-145,175,14,8,126.98788452,37.56848526
2026-06-26T16:35:20.181713+09:00,종로·청계 관광특구,종로·청계 관광특구,POI006,KEY_3,393. 동대문역 8번 출구,ST-1372,142,17,12,127.00937653,37.57014084
2026-06-26T16:35:20.181713+09:00,종로·청계 관광특구,종로·청계 관광특구,POI006,KEY_3,3415.동대문역6번출구,ST-1812,100,15,15,127.0107193,37.57147217
2026-06-26T16:35:20.181713+09:00,종로·청계 관광특구,종로·청계 관광특구,POI006,KEY_3,3412.세운상가,ST-1809,47,7,15,126.99454498,37.5703125
2026-06-26T16:35:20.181713+09:00,종로·청계 관광특구,종로·청계 관광특구,POI006,KEY_3,3432.종로2가 사거리,ST-1829,43,6,14,126.98880768,37.57001877
2026-06-26T16:35:20.181713+09:00,종로·청계 관광특구,종로·청계 관광특구,POI006,KEY_3,4707. 청계3가 사거리,ST-2513,40,2,5,126.99211884,37.56855774
2026-06-26T16:35:20.181713+09:00,홍대 관광특구,홍대 관광특구,POI007,KEY_4,113. 홍대입구역 2번출구 앞,ST-18,161,45,28,126.9238205,37.5574379
2026-06-26T16:35:20.181713+09:00,홍대 관광특구,홍대 관광특구,POI007,KEY_4,493.홍대입구역 6번출구,ST-2152,214,15,7,126.9288559,37.55657578
2026-06-26T16:35:20.181713+09:00,홍대 관광특구,홍대 관광특구,POI007,KEY_4,108. 서교동 사거리,ST-10,67,8,12,126.91861725,37.55274582
2026-06-26T16:35:20.181713+09:00,홍대 관광특구,홍대 관광특구,POI007,KEY_4,104. 합정역 1번출구 앞,ST-6,8,1,13,126.91508484,37.55073929
2026-06-26T16:35:20.181713+09:00,홍대 관광특구,홍대 관광특구,POI007,KEY_4,114. 홍대입구역 8번출구 앞,ST-20,120,18,15,126.92442322,37.55706024
2026-06-26T16:35:20.181713+09:00,홍대 관광특구,홍대 관광특구,POI007,KEY_4,3009. 홍대입구역 사거리,ST-2167,100,20,20,126.92023468,37.55450058
2026-06-26T16:35:20.181713+09:00,홍대 관광특구,홍대 관광특구,POI007,KEY_4,3010.홍대입구역 3번출구,ST-2168,73,11,15,126.92538452,37.5582962
2026-06-26T16:35:20.181713+09:00,홍대 관광특구,홍대 관광특구,POI007,KEY_4,4211. 시석빌딩 앞,ST-2534,25,2,8,126.91671753,37.54836655
2026-06-26T16:35:20.181713+09:00,홍대 관광특구,홍대 관광특구,POI007,KEY_4,4208. 스타벅스(동교동) 앞,ST-2532,30,3,10,126.91986847,37.5566597
2026-06-26T16:35:20.181713+09:00,국립중앙박물관·용산가족공원,국립중앙박물관·용산가족공원,POI089,KEY_1,863.이촌역2번 출구,ST-2187,250,25,10,126.977005,37.52177048
2026-06-26T16:35:20.181713+09:00,국립중앙박물관·용산가족공원,국립중앙박물관·용산가족공원,POI089,KEY_1,855.이촌역5번출구 앞,ST-2179,30,3,10,126.97277069,37.52272415
2026-06-26T16:35:20.181713+09:00,남산공원,남산공원,POI091,KEY_3,859.남산공원 야외식물원 앞,ST-2183,0,0,10,126.99586487,37.54188538
2026-06-26T16:35:20.181713+09:00,남산공원,남산공원,POI091,KEY_3,371. 동대입구역 6번출구 뒤,ST-186,40,4,10,127.00553894,37.55887222
2026-06-26T16:35:20.181713+09:00,남산공원,남산공원,POI091,KEY_3,381. 장충체육관,ST-196,30,3,10,127.00698853,37.55853271
2026-06-26T16:35:20.181713+09:00,남산공원,남산공원,POI091,KEY_3,4621. 남산도서관 앞,ST-3054,92,11,12,126.98201752,37.55240631
2026-06-26T16:35:20.181713+09:00,노들섬,노들섬,POI092,KEY_4,869.노들섬 동측 앞,ST-2239,30,3,10,126.95914459,37.51729584
2026-06-26T16:35:20.181713+09:00,노들섬,노들섬,POI092,KEY_4,870.노들섬 서측 앞,ST-2240,50,5,10,126.95829773,37.51731873
2026-06-26T16:35:20.181713+09:00,망원한강공원,망원한강공원,POI094,KEY_2,105. 합정역 5번출구 앞,ST-7,20,1,5,126.91482544,37.55000687
2026-06-26T16:35:20.181713+09:00,망원한강공원,망원한강공원,POI094,KEY_2,5515.한강버스 망원 선착장,ST-3388,197,59,30,126.89590454,37.55466461
2026-06-26T16:35:20.181713+09:00,망원한강공원,망원한강공원,POI094,KEY_2,4217. 한강공원 망원나들목,ST-2905,40,8,20,126.89688873,37.55557632
2026-06-26T16:35:20.181713+09:00,보라매공원,보라매공원,POI123,KEY_4,4181. 보라매공원역 2번출구,ST-3117,50,3,6,126.91781616,37.49582291
2026-06-26T16:35:20.181713+09:00,보라매공원,보라매공원,POI123,KEY_4,4179. 보라매병원역 1번출구,ST-3105,15,3,20,126.92362976,37.49304199
2026-06-26T16:35:20.181713+09:00,북서울꿈의숲,북서울꿈의숲,POI096,KEY_1,1548. 북서울 꿈의숲 서문,ST-1725,100,15,15,127.03781128,37.62268829
2026-06-26T16:35:20.181713+09:00,북서울꿈의숲,북서울꿈의숲,POI096,KEY_1,3718. 번동3단지 버스정류장,ST-2610,155,17,11,127.04390717,37.628685
2026-06-26T16:35:20.181713+09:00,북서울꿈의숲,북서울꿈의숲,POI096,KEY_1,1571.북서울 꿈의 숲 입구,ST-2401,50,5,10,127.03864288,37.62657166
2026-06-26T16:35:20.181713+09:00,서대문독립공원,서대문독립공원,POI124,KEY_2,367. 독립문역 3-1번출구,ST-180,131,17,13,126.95851898,37.57415771
2026-06-26T16:35:20.181713+09:00,서대문독립공원,서대문독립공원,POI124,KEY_2,3427.인왕산 아이파크 정문,ST-1824,75,6,8,126.95584869,37.57666779
2026-06-26T16:35:20.181713+09:00,서대문독립공원,서대문독립공원,POI124,KEY_2,3113. 독립문 앞,ST-2199,133,20,15,126.95974731,37.57220459
2026-06-26T16:35:20.181713+09:00,서대문독립공원,서대문독립공원,POI124,KEY_2,3426.독립문역 2번출구 뒤,ST-1823,110,11,10,126.95755005,37.57501602
2026-06-26T16:35:20.181713+09:00,서리풀공원·몽마르뜨공원,서리풀공원·몽마르뜨공원,POI098,KEY_3,4327. 몽마르뜨공원입구,ST-3009,82,9,11,127.0026474,37.4928894
2026-06-26T16:35:20.181713+09:00,서리풀공원·몽마르뜨공원,서리풀공원·몽마르뜨공원,POI098,KEY_3,4312. 반포미도2차아파트 옆,ST-2663,30,3,10,127.00653076,37.50320435
2026-06-26T16:35:20.181713+09:00,서리풀공원·몽마르뜨공원,서리풀공원·몽마르뜨공원,POI098,KEY_3,4316. 고속터미널역 3번출구,ST-2667,96,24,25,127.0059433,37.50365829
2026-06-26T16:35:20.181713+09:00,서울숲공원,서울숲공원,POI101,KEY_1,510. 뚝도아리수정수센터 버스정류소 옆,ST-107,53,8,15,127.04380035,37.54122162
2026-06-26T16:35:20.181713+09:00,서울숲공원,서울숲공원,POI101,KEY_1,3552.서울숲 공영주차장앞,ST-2334,58,11,19,127.04277039,37.54195786
2026-06-26T16:35:20.181713+09:00,서울숲공원,서울숲공원,POI101,KEY_1,4401.뚝섬유수지 공영주차장,ST-3393,100,10,10,127.042099,37.55018234
2026-06-26T16:35:20.181713+09:00,송현녹지광장,송현녹지광장,POI129,KEY_2,354. 포르투갈 대사관 앞,ST-170,70,7,10,126.98896027,37.57915497
2026-06-26T16:35:20.181713+09:00,송현녹지광장,송현녹지광장,POI129,KEY_2,314. 국립현대미술관,ST-130,320,32,10,126.98085785,37.5797081
2026-06-26T16:35:20.181713+09:00,송현녹지광장,송현녹지광장,POI129,KEY_2,353. 재동초교 앞 삼거리,ST-169,163,13,8,126.9849472,37.57938766
2026-06-26T16:35:20.181713+09:00,송현녹지광장,송현녹지광장,POI129,KEY_2,3407.안국동사거리(신),ST-1804,28,5,18,126.98339081,37.57580566
2026-06-26T16:35:20.181713+09:00,송현녹지광장,송현녹지광장,POI129,KEY_2,4719. 종로문화원 건너편,ST-3090,47,7,15,126.9805069,37.57571411
2026-06-26T16:35:20.181713+09:00,송현녹지광장,송현녹지광장,POI129,KEY_2,4705. 웰니스센터(민방위교육장 앞),ST-2565,17,1,6,126.98912811,37.57752991
2026-06-26T16:35:20.181713+09:00,어린이대공원,어린이대공원,POI104,KEY_2,574. 아차산역4번출구,ST-385,64,14,22,127.08898163,37.55184937
2026-06-26T16:35:20.181713+09:00,어린이대공원,어린이대공원,POI104,KEY_2,573. 구의문주차장 앞,ST-384,0,0,10,127.08473206,37.54523087
2026-06-26T16:35:20.181713+09:00,어린이대공원,어린이대공원,POI104,KEY_2,500. 어린이대공원역 3번출구 앞,ST-97,60,3,5,127.07466888,37.54697037
2026-06-26T16:35:20.181713+09:00,어린이대공원,어린이대공원,POI104,KEY_2,3860. 건국대학교 정문 앞,ST-2542,10,1,10,127.07571411,37.5465126
2026-06-26T16:35:20.181713+09:00,어린이대공원,어린이대공원,POI104,KEY_2,3529. 어린이대공원정문,ST-1603,40,6,15,127.07592773,37.54978943
2026-06-26T16:35:20.181713+09:00,어린이대공원,어린이대공원,POI104,KEY_2,3507. 어린이회관,ST-1192,77,24,31,127.07800293,37.54595184
2026-06-26T16:35:20.181713+09:00,어린이대공원,어린이대공원,POI104,KEY_2,3853. 어린이대공원역 2번출구,ST-2541,78,14,18,127.07470703,37.54764938
2026-06-26T16:35:20.181713+09:00,어린이대공원,어린이대공원,POI104,KEY_2,3573.광나루안전체험관,ST-2312,113,17,15,127.07671356,37.5513382
2026-06-26T16:35:20.181713+09:00,여의도한강공원,여의도한강공원,POI105,KEY_3,260. 여의도 마리나선착장 앞,ST-414,47,7,15,126.91216278,37.53365707
2026-06-26T16:35:20.181713+09:00,여의도한강공원,여의도한강공원,POI105,KEY_3,249. 여의도중학교 옆,ST-297,6,1,16,126.93580627,37.52457809
2026-06-26T16:35:20.181713+09:00,여의도한강공원,여의도한강공원,POI105,KEY_3,5891.한강버스 여의도 선착장,ST-3402,187,56,30,126.93422699,37.52816391
2026-06-26T16:35:20.181713+09:00,여의도한강공원,여의도한강공원,POI105,KEY_3,5890.여의나루역 3번출구,ST-3401,36,4,11,126.93336487,37.52645493
2026-06-26T16:35:20.181713+09:00,여의서로,여의서로,POI126,KEY_4,298.KBS 연구동 건너편,ST-1970,60,15,25,126.91374207,37.52724838
2026-06-26T16:35:20.181713+09:00,여의서로,여의서로,POI126,KEY_4,260. 여의도 마리나선착장 앞,ST-414,47,7,15,126.91216278,37.53365707
2026-06-26T16:35:20.181713+09:00,여의서로,여의서로,POI126,KEY_4,297.국회3문,ST-1969,170,17,10,126.91267395,37.52863693
2026-06-26T16:35:20.181713+09:00,올림픽공원,올림픽공원,POI127,KEY_1,1268. 몽촌토성역 1번출구 옆,ST-1087,27,4,15,127.11419678,37.51728821
2026-06-26T16:35:20.181713+09:00,올림픽공원,올림픽공원,POI127,KEY_1,1267. 올림픽공원 남2문 앞,ST-1086,0,0,14,127.12306976,37.51424026
2026-06-26T16:35:20.181713+09:00,올림픽공원,올림픽공원,POI127,KEY_1,2622. 올림픽공원역 3번출구,ST-1720,115,23,20,127.13059235,37.51625824
2026-06-26T16:35:20.181713+09:00,올림픽공원,올림픽공원,POI127,KEY_1,2621. 한성백제역 2번 출구,ST-1719,20,3,15,127.11625671,37.51665878
2026-06-26T16:35:20.181713+09:00,올림픽공원,올림픽공원,POI127,KEY_1,4857. 올림픽공원 장미광장,ST-2621,13,2,15,127.126297,37.51275635
2026-06-26T16:35:20.181713+09:00,올림픽공원,올림픽공원,POI127,KEY_1,4856. 올림픽공원 서1문 앞,ST-2608,230,23,10,127.11457062,37.5202179
2026-06-26T16:35:20.181713+09:00,올림픽공원,올림픽공원,POI127,KEY_1,5781. 올림픽공원 수영장,ST-3300,293,41,14,127.12688446,37.52157211
2026-06-26T16:35:20.181713+09:00,올림픽공원,올림픽공원,POI127,KEY_1,5751. 송파여성축구장,ST-3069,10,1,10,127.11743927,37.52471542
2026-06-26T16:35:20.181713+09:00,올림픽공원,올림픽공원,POI127,KEY_1,4862. 성내교 남단,ST-2756,20,2,10,127.11588287,37.52301788
2026-06-26T16:35:20.181713+09:00,올림픽공원,올림픽공원,POI127,KEY_1,4464. 올림픽공원 북2문 A,ST-2580,73,11,15,127.12804413,37.52357483
2026-06-26T16:35:20.181713+09:00,올림픽공원,올림픽공원,POI127,KEY_1,4481. 올림픽공원 북2문 B,ST-2592,104,26,25,127.12751007,37.52397537
2026-06-26T16:35:20.181713+09:00,올림픽공원,올림픽공원,POI127,KEY_1,4865. 한성백제역 1번출구 뒤,ST-2797,80,4,5,127.1149826,37.51647949
2026-06-26T16:35:20.181713+09:00,월드컵공원,월드컵공원,POI106,KEY_2,413. 상암월드컵파크 3단지 후문,ST-92,60,6,10,126.88968658,37.57147598
2026-06-26T16:35:20.181713+09:00,월드컵공원,월드컵공원,POI106,KEY_2,199. 서울 월드컵 경기장,ST-443,130,39,30,126.89644623,37.56684494
2026-06-26T16:35:20.181713+09:00,월드컵공원,월드컵공원,POI106,KEY_2,418. 월드컵경기장역 3번출구 옆,ST-89,15,3,20,126.8992691,37.57277679
2026-06-26T16:35:20.181713+09:00,월드컵공원,월드컵공원,POI106,KEY_2,186. 월드컵공원,ST-344,80,32,40,126.89820862,37.56396484
2026-06-26T16:35:20.181713+09:00,월드컵공원,월드컵공원,POI106,KEY_2,419. 홈플러스 마포점 앞,ST-87,167,35,21,126.89942932,37.56842041
2026-06-26T16:35:20.181713+09:00,월드컵공원,월드컵공원,POI106,KEY_2,440. 하늘공원 입구,ST-1754,40,6,15,126.88134766,37.57012177
2026-06-26T16:35:20.181713+09:00,월드컵공원,월드컵공원,POI106,KEY_2,420. 서울시 공공자전거 상암센터,ST-85,114,42,37,126.8961792,37.56624603
2026-06-26T16:35:20.181713+09:00,월드컵공원,월드컵공원,POI106,KEY_2,3008.DMC역7번출구,ST-2166,60,6,10,126.89836121,37.57711411
2026-06-26T16:35:20.181713+09:00,응봉산,응봉산,POI107,KEY_3,569. 응봉현대아파트 정류소,ST-370,10,1,10,127.03024292,37.54958344
2026-06-26T16:35:20.181713+09:00,응봉산,응봉산,POI107,KEY_3,3511. 응봉역 1번출구,ST-1195,80,8,10,127.0351944,37.55130386
2026-06-26T16:35:20.181713+09:00,응봉산,응봉산,POI107,KEY_3,3525. 금호스포츠센터앞,ST-1599,147,22,15,127.02507019,37.54608917
2026-06-26T16:35:20.181713+09:00,청계산,청계산,POI112,KEY_4,2203. 청계산입구역 2번출구,ST-925,160,16,10,127.05501556,37.44765854
2026-06-26T16:35:20.181713+09:00,청계산,청계산,POI112,KEY_4,4338.새정이마을버스정류장 앞,ST-3216,80,4,5,127.06594849,37.43474579
2026-06-26T16:35:20.181713+09:00,가락시장,가락시장,POI058,KEY_2,2659.서울친환경유통센터,ST-2410,10,1,10,127.10492706,37.49420929
2026-06-26T16:35:20.181713+09:00,가락시장,가락시장,POI058,KEY_2,2658.가락몰 업무동,ST-2409,40,4,10,127.11569214,37.49535751
2026-06-26T16:35:20.181713+09:00,가락시장,가락시장,POI058,KEY_2,4480. 가락시장 남1문 사거리,ST-2591,33,5,15,127.11745453,37.49201584
2026-06-26T16:35:20.181713+09:00,가락시장,가락시장,POI058,KEY_2,4854. 가락시장역 2번 출구,ST-2606,20,2,10,127.11798859,37.492733
2026-06-26T16:35:20.181713+09:00,가로수길,가로수길,POI059,KEY_3,2362. 신사동 가로수길 입구,ST-1171,130,13,10,127.02245331,37.51763535
2026-06-26T16:35:20.181713+09:00,가로수길,가로수길,POI059,KEY_3,3606. 신사동주민센터 옆,ST-2673,180,18,10,127.02285004,37.52422714
2026-06-26T16:35:20.181713+09:00,가로수길,가로수길,POI059,KEY_3,4903. 신사스퀘어,ST-3066,0,0,10,127.0189743,37.51916885
2026-06-26T16:35:20.181713+09:00,가로수길,가로수길,POI059,KEY_3,4907. 극동스포츠 앞,ST-3078,260,13,5,127.02588654,37.5257225
2026-06-26T16:35:20.181713+09:00,김포공항,김포공항,POI061,KEY_1,3776. 김포공항사거리,ST-2484,140,14,10,126.80518341,37.5675354
2026-06-26T16:35:20.181713+09:00,김포공항,김포공항,POI061,KEY_1,5072. 김포공항입구 교통섬,ST-2947,100,10,10,126.80708313,37.56154633
2026-06-26T16:35:20.181713+09:00,남대문시장,남대문시장,POI115,KEY_2,324. 신세계백화점 본점 앞,ST-140,125,10,8,126.9805069,37.56134415
2026-06-26T16:35:20.181713+09:00,남대문시장,남대문시장,POI115,KEY_2,470.회현역 7번출구,ST-1776,15,2,13,126.98000336,37.55974579
2026-06-26T16:35:20.181713+09:00,남대문시장,남대문시장,POI115,KEY_2,4776. 신세계면세점,ST-2522,40,4,10,126.98139191,37.56027603
2026-06-26T16:35:20.181713+09:00,노량진,노량진,POI063,KEY_3,2070. 노량진역 2번 출구 앞,ST-1545,28,5,18,126.94306946,37.51391983
2026-06-26T16:35:20.181713+09:00,노량진,노량진,POI063,KEY_3,2003. 사육신공원앞,ST-877,90,9,10,126.94805908,37.51335907
2026-06-26T16:35:20.181713+09:00,노량진,노량진,POI063,KEY_3,2002. 노들역 1번출구,ST-683,53,9,17,126.95246887,37.51284409
2026-06-26T16:35:20.181713+09:00,노량진,노량진,POI063,KEY_3,2058. 동작경찰서,ST-1150,71,10,14,126.94352722,37.5135231
2026-06-26T16:35:20.181713+09:00,노량진,노량진,POI063,KEY_3,2050. 노량진역 5번출구,ST-699,73,11,15,126.93997192,37.51324844
2026-06-26T16:35:20.181713+09:00,덕수궁길·정동길,덕수궁길·정동길,POI064,KEY_4,391. 시립미술관,ST-977,138,11,8,126.97340393,37.56505203
2026-06-26T16:35:20.181713+09:00,덕수궁길·정동길,덕수궁길·정동길,POI064,KEY_4,4715. 돈의문 박물관 마을,ST-2923,87,13,15,126.96955109,37.56883621
2026-06-26T16:35:20.181713+09:00,덕수궁길·정동길,덕수궁길·정동길,POI064,KEY_4,6058. 시청역 2번출구,ST-3297,233,35,15,126.97702026,37.56557846
2026-06-26T16:35:20.181713+09:00,덕수궁길·정동길,덕수궁길·정동길,POI064,KEY_4,300. 정동사거리,ST-116,50,3,6,126.96923065,37.56805038
2026-06-26T16:35:20.181713+09:00,북촌한옥마을,북촌한옥마을,POI066,KEY_2,354. 포르투갈 대사관 앞,ST-170,60,6,10,126.98896027,37.57915497
2026-06-26T16:35:20.181713+09:00,북촌한옥마을,북촌한옥마을,POI066,KEY_2,352. 중앙고입구 삼거리,ST-168,150,15,10,126.98523712,37.58341599
2026-06-26T16:35:20.181713+09:00,북촌한옥마을,북촌한옥마을,POI066,KEY_2,314. 국립현대미술관,ST-130,320,32,10,126.98085785,37.5797081
2026-06-26T16:35:20.181713+09:00,북촌한옥마을,북촌한옥마을,POI066,KEY_2,465. 삼청공원 앞,ST-1759,80,4,5,126.9835968,37.58760452
2026-06-26T16:35:20.181713+09:00,북촌한옥마을,북촌한옥마을,POI066,KEY_2,464. 삼청동 골목,ST-1756,120,12,10,126.98169708,37.58419037
2026-06-26T16:35:20.181713+09:00,북촌한옥마을,북촌한옥마을,POI066,KEY_2,451. 청와대앞길,ST-979,13,1,8,126.97966766,37.58351517
2026-06-26T16:35:20.181713+09:00,북촌한옥마을,북촌한옥마을,POI066,KEY_2,353. 재동초교 앞 삼거리,ST-169,163,13,8,126.9849472,37.57938766
2026-06-26T16:35:20.181713+09:00,북촌한옥마을,북촌한옥마을,POI066,KEY_2,3407.안국동사거리(신),ST-1804,28,5,18,126.98339081,37.57580566
2026-06-26T16:35:20.181713+09:00,북촌한옥마을,북촌한옥마을,POI066,KEY_2,4719. 종로문화원 건너편,ST-3090,47,7,15,126.9805069,37.57571411
2026-06-26T16:35:20.181713+09:00,북촌한옥마을,북촌한옥마을,POI066,KEY_2,4705. 웰니스센터(민방위교육장 앞),ST-2565,17,1,6,126.98912811,37.57752991
2026-06-26T16:35:20.181713+09:00,서촌,서촌,POI067,KEY_3,450. 효자동 삼거리,ST-978,35,18,51,126.97254944,37.58360291
2026-06-26T16:35:20.181713+09:00,서촌,서촌,POI067,KEY_3,349. 어린이도서관,ST-165,40,2,5,126.96858978,37.57633209
2026-06-26T16:35:20.181713+09:00,서촌,서촌,POI067,KEY_3,4710. 자교교회 앞,ST-2473,63,5,8,126.97123718,37.58114624
2026-06-26T16:35:20.181713+09:00,서촌,서촌,POI067,KEY_3,4721. 통인시장 정자,ST-3354,75,6,8,126.96878815,37.58055878
2026-06-26T16:35:20.181713+09:00,성수카페거리,성수카페거리,POI068,KEY_4,587. 유니베라 앞,ST-482,110,11,10,127.05264282,37.54541779
2026-06-26T16:35:20.181713+09:00,성수카페거리,성수카페거리,POI068,KEY_4,513. 뚝섬역 5번 출구 정류소 옆,ST-111,100,13,13,127.04980469,37.54630661
2026-06-26T16:35:20.181713+09:00,성수카페거리,성수카페거리,POI068,KEY_4,514. 성수사거리 버스정류장 앞,ST-112,200,24,12,127.06330872,37.54257965
2026-06-26T16:35:20.181713+09:00,성수카페거리,성수카페거리,POI068,KEY_4,3548.뚝섬역 6번출구,ST-2330,190,19,10,127.04766846,37.54695892
2026-06-26T16:35:20.181713+09:00,성수카페거리,성수카페거리,POI068,KEY_4,4399. 더리브 세종타워 앞,ST-3326,229,16,7,127.0580368,37.54378128
2026-06-26T16:35:20.181713+09:00,성수카페거리,성수카페거리,POI068,KEY_4,4398. 유원지식산업센터 앞,ST-3325,44,7,16,127.05593109,37.54436493
2026-06-26T16:35:20.181713+09:00,성수카페거리,성수카페거리,POI068,KEY_4,4387. 성수역 1번출구 주변,ST-3121,138,11,8,127.05336761,37.54555893
2026-06-26T16:35:20.181713+09:00,성수카페거리,성수카페거리,POI068,KEY_4,4377. 우영테크노센터 앞,ST-3003,363,29,8,127.05971527,37.54332352
2026-06-26T16:35:20.181713+09:00,송리단길·호수단길,송리단길·호수단길,POI121,KEY_1,2639.석촌역 8번출구,ST-1866,6,1,18,127.10657501,37.50550461
2026-06-26T16:35:20.181713+09:00,송리단길·호수단길,송리단길·호수단길,POI121,KEY_1,4868. 석촌호수 서호 남단,ST-2833,70,7,10,127.10124207,37.50717163
2026-06-26T16:35:20.181713+09:00,신촌 스타광장,신촌 스타광장,POI122,KEY_2,128. 신촌역(2호선) 1번출구 옆,ST-30,47,9,19,126.93634033,37.55549622
2026-06-26T16:35:20.181713+09:00,신촌 스타광장,신촌 스타광장,POI122,KEY_2,3116.신촌역 4번출구,ST-2201,80,8,10,126.93720245,37.55550385
2026-06-26T16:35:20.181713+09:00,압구정로데오거리,압구정로데오거리,POI071,KEY_3,2310. 청담동 맥도날드 옆(위치),ST-794,70,7,10,127.04017639,37.52361298
2026-06-26T16:35:20.181713+09:00,압구정로데오거리,압구정로데오거리,POI071,KEY_3,2365. K+ 타워 앞,ST-1174,53,8,15,127.03847504,37.52330017
2026-06-26T16:35:20.181713+09:00,여의도,여의도,POI072,KEY_4,215. 여의도고교 앞,ST-64,0,0,10,126.93490601,37.52483749
2026-06-26T16:35:20.181713+09:00,여의도,여의도,POI072,KEY_4,223. 진주아파트상가 앞,ST-69,0,0,20,126.9333725,37.51913071
2026-06-26T16:35:20.181713+09:00,여의도,여의도,POI072,KEY_4,224. 롯데캐슬 앞,ST-70,5,1,20,126.93236542,37.5200882
2026-06-26T16:35:20.181713+09:00,여의도,여의도,POI072,KEY_4,207. 여의나루역 1번출구 앞,ST-73,9,4,46,126.93190002,37.52715683
2026-06-26T16:35:20.181713+09:00,여의도,여의도,POI072,KEY_4,271. 샛강생태공원방문자센터 앞,ST-425,0,0,10,126.9216156,37.51896286
2026-06-26T16:35:20.181713+09:00,여의도,여의도,POI072,KEY_4,270. 증권거래소후문교차로,ST-424,220,22,10,126.92710114,37.52234268
2026-06-26T16:35:20.181713+09:00,여의도,여의도,POI072,KEY_4,203. 국회의사당역 3번출구 옆,ST-51,147,22,15,126.91870117,37.5280571
2026-06-26T16:35:20.181713+09:00,여의도,여의도,POI072,KEY_4,209. 유진투자증권빌딩 앞,ST-55,114,25,22,126.92783356,37.52461243
2026-06-26T16:35:20.181713+09:00,여의도,여의도,POI072,KEY_4,200. 국회의원회관,ST-45,41,9,22,126.91391754,37.52841568
2026-06-26T16:35:20.181713+09:00,여의도,여의도,POI072,KEY_4,214. 금융감독원 앞,ST-60,157,33,21,126.9208374,37.5230217
2026-06-26T16:35:20.181713+09:00,여의도,여의도,POI072,KEY_4,299.여의도 순복음교회,ST-1971,40,4,10,126.92245483,37.53179169
2026-06-26T16:35:20.181713+09:00,여의도,여의도,POI072,KEY_4,222. 시범아파트버스정류장 옆,ST-68,25,3,12,126.93688965,37.51902008
2026-06-26T16:35:20.181713+09:00,여의도,여의도,POI072,KEY_4,202. 국민일보 앞,ST-47,140,42,30,126.92453003,37.52881622
2026-06-26T16:35:20.181713+09:00,여의도,여의도,POI072,KEY_4,225. 앙카라공원 앞,ST-71,69,18,26,126.92961884,37.51758575
2026-06-26T16:35:20.181713+09:00,여의도,여의도,POI072,KEY_4,298.KBS 연구동 건너편,ST-1970,60,15,25,126.91374207,37.52724838
2026-06-26T16:35:20.181713+09:00,여의도,여의도,POI072,KEY_4,213. KT앞,ST-59,74,14,19,126.91895294,37.52190781
2026-06-26T16:35:20.181713+09:00,여의도,여의도,POI072,KEY_4,221. 여의도초교 앞,ST-67,10,1,10,126.93778992,37.52267456
2026-06-26T16:35:20.181713+09:00,여의도,여의도,POI072,KEY_4,219. 롯데캐슬엠파이어 옆,ST-62,275,33,12,126.92583466,37.52069473
2026-06-26T16:35:20.181713+09:00,여의도,여의도,POI072,KEY_4,204. 국회의사당역 5번출구 옆,ST-50,108,14,13,126.91702271,37.52816391
2026-06-26T16:35:20.181713+09:00,여의도,여의도,POI072,KEY_4,205. 산업은행 앞,ST-52,75,15,20,126.92050934,37.52626419
2026-06-26T16:35:20.181713+09:00,여의도,여의도,POI072,KEY_4,260. 여의도 마리나선착장 앞,ST-414,47,7,15,126.91216278,37.53365707
2026-06-26T16:35:20.181713+09:00,여의도,여의도,POI072,KEY_4,248. 초원아파트 앞,ST-296,130,13,10,126.92420959,37.53105545
2026-06-26T16:35:20.181713+09:00,여의도,여의도,POI072,KEY_4,220. 미성아파트 A동 앞,ST-63,33,10,30,126.92604828,37.5193634
2026-06-26T16:35:20.181713+09:00,여의도,여의도,POI072,KEY_4,249. 여의도중학교 옆,ST-297,6,1,16,126.93580627,37.52457809
2026-06-26T16:35:20.181713+09:00,여의도,여의도,POI072,KEY_4,297.국회3문,ST-1969,170,17,10,126.91267395,37.52863693
2026-06-26T16:35:20.181713+09:00,여의도,여의도,POI072,KEY_4,206. KBS 앞,ST-53,74,26,35,126.91802216,37.52466583
2026-06-26T16:35:20.181713+09:00,여의도,여의도,POI072,KEY_4,4580. 국회제2의원회관,ST-2644,106,18,17,126.91316986,37.52974701
2026-06-26T16:35:20.181713+09:00,여의도,여의도,POI072,KEY_4,4564. 63스퀘어,ST-2814,235,40,17,126.93965912,37.52070999
2026-06-26T16:35:20.181713+09:00,여의도,여의도,POI072,KEY_4,5897.여의도공작아파트,ST-3426,70,7,10,126.92987061,37.52595139
2026-06-26T16:35:20.181713+09:00,여의도,여의도,POI072,KEY_4,5878. 우리은행 앞,ST-3315,265,53,20,126.92162323,37.52349091
2026-06-26T16:35:20.181713+09:00,여의도,여의도,POI072,KEY_4,4584. 국회2문,ST-2648,111,10,9,126.91510773,37.52864075
2026-06-26T16:35:20.181713+09:00,여의도,여의도,POI072,KEY_4,4563. 여의도 은하아파트,ST-2813,50,5,10,126.93448639,37.51850891
2026-06-26T16:35:20.181713+09:00,여의도,여의도,POI072,KEY_4,4585. 국회6문,ST-2694,83,5,6,126.91799164,37.53271866
2026-06-26T16:35:20.181713+09:00,여의도,여의도,POI072,KEY_4,4589. KRX한국거래소(1),ST-2899,139,25,18,126.92759705,37.52338028
2026-06-26T16:35:20.181713+09:00,여의도,여의도,POI072,KEY_4,5879. 국회도서관 2문 앞,ST-3318,188,15,8,126.91668701,37.53107071
2026-06-26T16:35:20.181713+09:00,여의도,여의도,POI072,KEY_4,5893.한국산업은행,ST-3397,270,27,10,126.92175293,37.52814484
2026-06-26T16:35:20.181713+09:00,여의도,여의도,POI072,KEY_4,5888.여의도성당,ST-3375,0,0,7,126.93920898,37.52164459
2026-06-26T16:35:20.181713+09:00,여의도,여의도,POI072,KEY_4,5891.한강버스 여의도 선착장,ST-3402,187,56,30,126.93422699,37.52816391
2026-06-26T16:35:20.181713+09:00,여의도,여의도,POI072,KEY_4,4579. 국회의사당 본관,ST-2643,82,14,17,126.91404724,37.5325737
2026-06-26T16:35:20.181713+09:00,여의도,여의도,POI072,KEY_4,4582. 국회도서관,ST-2646,117,14,12,126.91817474,37.53054047
2026-06-26T16:35:20.181713+09:00,여의도,여의도,POI072,KEY_4,5859. 여의도 삼부아파트,ST-3160,80,8,10,126.93045807,37.52539444
2026-06-26T16:35:20.181713+09:00,여의도,여의도,POI072,KEY_4,5853. 여의도역2번출구 앞,ST-3061,30,3,10,126.92271423,37.52243423
2026-06-26T16:35:20.181713+09:00,여의도,여의도,POI072,KEY_4,5892.국회의사당본관 좌측,ST-3383,114,8,7,126.91375732,37.53090286
2026-06-26T16:35:20.181713+09:00,여의도,여의도,POI072,KEY_4,5880. 국회박물관,ST-3319,0,0,7,126.91945648,37.53183365
2026-06-26T16:35:20.181713+09:00,여의도,여의도,POI072,KEY_4,5890.여의나루역 3번출구,ST-3401,36,4,11,126.93336487,37.52645493
2026-06-26T16:35:20.181713+09:00,여의도,여의도,POI072,KEY_4,4583. 의정관,ST-2647,67,8,12,126.91747284,37.53214645
2026-06-26T16:35:20.181713+09:00,여의도,여의도,POI072,KEY_4,5889.의원회관출입구 앞,ST-3377,140,14,10,126.91479492,37.52985382
2026-06-26T16:35:20.181713+09:00,여의도,여의도,POI072,KEY_4,5870. LG트윈타워 앞,ST-3239,80,16,20,126.93017578,37.52833176
2026-06-26T16:35:20.181713+09:00,여의도,여의도,POI072,KEY_4,4581. 국회소통관,ST-2645,0,0,12,126.9128952,37.53050232
2026-06-26T16:35:20.181713+09:00,여의도,여의도,POI072,KEY_4,201. 진미파라곤 앞,ST-46,0,0,15,126.92133331,37.53123856
2026-06-26T16:35:20.181713+09:00,여의도,여의도,POI072,KEY_4,217. NH농협은행 앞,ST-66,213,32,15,126.93036652,37.52207947
2026-06-26T16:35:20.181713+09:00,여의도,여의도,POI072,KEY_4,226. 샛강역 1번출구 앞,ST-72,116,22,19,126.92841339,37.51776505
2026-06-26T16:35:20.181713+09:00,연남동,연남동,POI073,KEY_1,107. 수협 연남동지점,ST-9,170,17,10,126.91871643,37.55784607
2026-06-26T16:35:20.181713+09:00,연남동,연남동,POI073,KEY_1,4233. 코오롱아파트사거리,ST-2979,80,8,10,126.92149353,37.56306458
2026-06-26T16:35:20.181713+09:00,영등포 타임스퀘어,영등포 타임스퀘어,POI074,KEY_2,3219.영등포역 1번출구,ST-1990,110,11,10,126.9077301,37.5148468
2026-06-26T16:35:20.181713+09:00,영등포 타임스퀘어,영등포 타임스퀘어,POI074,KEY_2,5858. 영등포역5번출구,ST-3142,320,32,10,126.90807343,37.51669312
2026-06-26T16:35:20.181713+09:00,영등포 타임스퀘어,영등포 타임스퀘어,POI074,KEY_2,4565. 영등포 신세계백화점,ST-2815,300,30,10,126.90364838,37.51803589
2026-06-26T16:35:20.181713+09:00,영등포 타임스퀘어,영등포 타임스퀘어,POI074,KEY_2,5868. 로프트시티오피스텔,ST-3238,167,10,6,126.90843201,37.51906204
2026-06-26T16:35:20.181713+09:00,영등포 타임스퀘어,영등포 타임스퀘어,POI074,KEY_2,284. 센트럴 푸르지오 시티 앞,ST-1650,175,28,16,126.90222931,37.51821136
2026-06-26T16:35:20.181713+09:00,용리단길,용리단길,POI076,KEY_3,816. 신용산역 6번출구 앞,ST-435,84,21,25,126.96848297,37.53014755
2026-06-26T16:35:20.181713+09:00,용리단길,용리단길,POI076,KEY_3,817. 삼각지역 4번출구 앞,ST-436,22,2,9,126.97173309,37.53345108
2026-06-26T16:35:20.181713+09:00,이태원 앤틱가구거리,이태원 앤틱가구거리,POI077,KEY_4,4634. 이태원역 3번 출구,ST-3056,80,4,5,126.99497223,37.5343895
2026-06-26T16:35:20.181713+09:00,이태원 앤틱가구거리,이태원 앤틱가구거리,POI077,KEY_4,4615. 크라운호텔앞 버스정류소,ST-2446,14,1,7,126.99137878,37.53030014
2026-06-26T16:35:20.181713+09:00,익선동,익선동,POI116,KEY_1,327. 낙원상가 옆,ST-143,20,2,10,126.9874649,37.57335663
2026-06-26T16:35:20.181713+09:00,익선동,익선동,POI116,KEY_1,328. 탑골공원 앞,ST-144,45,5,11,126.9881897,37.57039642
2026-06-26T16:35:20.181713+09:00,익선동,익선동,POI116,KEY_1,3410.종로3가역 8번출구,ST-1807,50,5,10,126.99188995,37.5724678
2026-06-26T16:35:20.181713+09:00,익선동,익선동,POI116,KEY_1,4713. 현대 뜨레비앙 아파트 앞,ST-2623,114,8,7,126.99062347,37.57528305
2026-06-26T16:35:20.181713+09:00,익선동,익선동,POI116,KEY_1,334. 종로3가역 2번출구 뒤,ST-150,70,7,10,126.99179077,37.5705986
2026-06-26T16:35:20.181713+09:00,인사동,인사동,POI078,KEY_2,327. 낙원상가 옆,ST-143,20,2,10,126.9874649,37.57335663
2026-06-26T16:35:20.181713+09:00,인사동,인사동,POI078,KEY_2,454. 종로2가 버스정류장 (종각방향),ST-1607,38,5,13,126.98638153,37.57035828
2026-06-26T16:35:20.181713+09:00,인사동,인사동,POI078,KEY_2,326. 안국역 5번출구 앞,ST-142,80,12,15,126.98616028,37.57624054
2026-06-26T16:35:20.181713+09:00,인사동,인사동,POI078,KEY_2,3408.종로타워빌딩,ST-1805,38,5,13,126.98323822,37.57070541
2026-06-26T16:35:20.181713+09:00,창동 신경제 중심지,창동 신경제 중심지,POI079,KEY_4,1756.서울북부광역등기국,ST-2101,50,5,10,127.04431915,37.65148544
2026-06-26T16:35:20.181713+09:00,창동 신경제 중심지,창동 신경제 중심지,POI079,KEY_4,1674. 서울북부고용센터앞,ST-1291,60,9,15,127.05808258,37.65354919
2026-06-26T16:35:20.181713+09:00,창동 신경제 중심지,창동 신경제 중심지,POI079,KEY_4,1722. 창동청소년수련관,ST-1292,107,16,15,127.05004883,37.65779877
2026-06-26T16:35:20.181713+09:00,창동 신경제 중심지,창동 신경제 중심지,POI079,KEY_4,1662. 노원역7번출구,ST-1279,175,35,20,127.05921173,37.65421677
2026-06-26T16:35:20.181713+09:00,창동 신경제 중심지,창동 신경제 중심지,POI079,KEY_4,1716. 창동역 1번출구 건너편,ST-1132,200,16,8,127.05072784,37.65420151
2026-06-26T16:35:20.181713+09:00,창동 신경제 중심지,창동 신경제 중심지,POI079,KEY_4,1690. 도봉운전면허시험장 버스정류장 옆,ST-1641,0,0,10,127.05931091,37.6577301
2026-06-26T16:35:20.181713+09:00,창동 신경제 중심지,창동 신경제 중심지,POI079,KEY_4,1686. 상계주공10단지 종합상가 앞,ST-1476,0,0,15,127.05805206,37.66114044
2026-06-26T16:35:20.181713+09:00,창동 신경제 중심지,창동 신경제 중심지,POI079,KEY_4,1653. 노원역1번출구,ST-1121,130,13,10,127.06362152,37.65620041
2026-06-26T16:35:20.181713+09:00,창동 신경제 중심지,창동 신경제 중심지,POI079,KEY_4,1657. 노원구청,ST-1125,185,37,20,127.05732727,37.65404892
2026-06-26T16:35:20.181713+09:00,창동 신경제 중심지,창동 신경제 중심지,POI079,KEY_4,1775.신원리베르텔 앞,ST-2120,53,8,15,127.04554749,37.65128708
2026-06-26T16:35:20.181713+09:00,창동 신경제 중심지,창동 신경제 중심지,POI079,KEY_4,1637. KT 전화국 버스정류장 옆,ST-611,89,8,9,127.06372833,37.6546669
2026-06-26T16:35:20.181713+09:00,창동 신경제 중심지,창동 신경제 중심지,POI079,KEY_4,4096.창동역2번출구 하나은행365 앞,ST-3368,350,28,8,127.04550171,37.65283585
2026-06-26T16:35:20.181713+09:00,창동 신경제 중심지,창동 신경제 중심지,POI079,KEY_4,4098.창동역 1번출구 인근,ST-3430,250,20,8,127.04838562,37.65290833
2026-06-26T16:35:20.181713+09:00,창동 신경제 중심지,창동 신경제 중심지,POI079,KEY_4,5311. 주공601동 상가 노원지하보도 앞,ST-3116,400,20,5,127.06147766,37.65190125
2026-06-26T16:35:20.181713+09:00,창동 신경제 중심지,창동 신경제 중심지,POI079,KEY_4,5333. 노원역9번-10번 출구 앞,ST-3288,190,19,10,127.063591,37.65655518
2026-06-26T16:35:20.181713+09:00,청량리 제기동 일대 전통시장,청량리 제기동 일대 전통시장,POI081,KEY_2,633. 청량리 기업은행 앞,ST-400,225,18,8,127.04472351,37.58049774
2026-06-26T16:35:20.181713+09:00,청량리 제기동 일대 전통시장,청량리 제기동 일대 전통시장,POI081,KEY_2,676.FITI시험연구원 앞,ST-2276,89,8,9,127.03547668,37.58143234
2026-06-26T16:35:20.181713+09:00,청량리 제기동 일대 전통시장,청량리 제기동 일대 전통시장,POI081,KEY_2,640. 동대문경찰서 교차로,ST-407,183,11,6,127.04460144,37.58255005
2026-06-26T16:35:20.181713+09:00,청량리 제기동 일대 전통시장,청량리 제기동 일대 전통시장,POI081,KEY_2,4147.청량리역광장,ST-3405,46,16,35,127.04673767,37.58024597
2026-06-26T16:35:20.181713+09:00,청량리 제기동 일대 전통시장,청량리 제기동 일대 전통시장,POI081,KEY_2,4134. 제기동 현대아파트 앞,ST-3206,50,5,10,127.0353241,37.57994843
2026-06-26T16:35:20.181713+09:00,청량리 제기동 일대 전통시장,청량리 제기동 일대 전통시장,POI081,KEY_2,4149.제기동역 5번출구,ST-3428,29,2,7,127.03381348,37.5779953
2026-06-26T16:35:20.181713+09:00,DDP(동대문디자인플라자),DDP(동대문디자인플라자),POI083,KEY_4,475.DDP 패션몰,ST-1781,62,13,21,127.0118103,37.56764984
2026-06-26T16:35:20.181713+09:00,DDP(동대문디자인플라자),DDP(동대문디자인플라자),POI083,KEY_4,347. 동대문역사문화공원역 9번출구 앞,ST-163,17,3,18,127.00784302,37.56533051
2026-06-26T16:35:20.181713+09:00,DDP(동대문디자인플라자),DDP(동대문디자인플라자),POI083,KEY_4,474.동대문역사문화공원역 1번출구 뒤편,ST-1780,45,18,40,127.00849152,37.56629944
2026-06-26T16:35:20.181713+09:00,DDP(동대문디자인플라자),DDP(동대문디자인플라자),POI083,KEY_4,4765. 동대문디자인플라자,ST-2431,75,15,20,127.00946045,37.5683136
2026-06-26T16:35:20.181713+09:00,DMC(디지털미디어시티),DMC(디지털미디어시티),POI084,KEY_1,412. DMC산학협력연구센터 앞,ST-91,52,11,21,126.89079285,37.57565689
2026-06-26T16:35:20.181713+09:00,DMC(디지털미디어시티),DMC(디지털미디어시티),POI084,KEY_1,408. LG CNS앞,ST-84,86,12,14,126.88665009,37.58081055
2026-06-26T16:35:20.181713+09:00,DMC(디지털미디어시티),DMC(디지털미디어시티),POI084,KEY_1,415. DMC역 9번출구 앞,ST-95,220,22,10,126.89736176,37.57746887
2026-06-26T16:35:20.181713+09:00,DMC(디지털미디어시티),DMC(디지털미디어시티),POI084,KEY_1,405. DMC빌 앞,ST-80,75,6,8,126.88578796,37.58265686
2026-06-26T16:35:20.181713+09:00,DMC(디지털미디어시티),DMC(디지털미디어시티),POI084,KEY_1,489.구룡근린공원,ST-2148,50,5,10,126.88276672,37.58320236
2026-06-26T16:35:20.181713+09:00,DMC(디지털미디어시티),DMC(디지털미디어시티),POI084,KEY_1,409. 누리꿈스퀘어 옆,ST-86,90,27,30,126.88916016,37.57939911
2026-06-26T16:35:20.181713+09:00,DMC(디지털미디어시티),DMC(디지털미디어시티),POI084,KEY_1,414. 상암동주민센터 옆,ST-94,88,7,8,126.89447021,37.57822037
2026-06-26T16:35:20.181713+09:00,DMC(디지털미디어시티),DMC(디지털미디어시티),POI084,KEY_1,425. DMC첨단산업센터,ST-991,60,6,10,126.88559723,37.58450317
2026-06-26T16:35:20.181713+09:00,DMC(디지털미디어시티),DMC(디지털미디어시티),POI084,KEY_1,417. DMC역 2번출구 옆,ST-93,25,5,20,126.8999176,37.57506943
2026-06-26T16:35:20.181713+09:00,DMC(디지털미디어시티),DMC(디지털미디어시티),POI084,KEY_1,490.가온문화공원,ST-2149,74,17,23,126.88766479,37.58207703
2026-06-26T16:35:20.181713+09:00,DMC(디지털미디어시티),DMC(디지털미디어시티),POI084,KEY_1,411. DMC홍보관,ST-90,160,16,10,126.89147186,37.5779953
2026-06-26T16:35:20.181713+09:00,DMC(디지털미디어시티),DMC(디지털미디어시티),POI084,KEY_1,3007.MBC 앞,ST-2165,60,6,10,126.89044952,37.58198166
2026-06-26T16:35:20.181713+09:00,DMC(디지털미디어시티),DMC(디지털미디어시티),POI084,KEY_1,3008.DMC역7번출구,ST-2166,60,6,10,126.89836121,37.57711411
2026-06-26T16:35:20.181713+09:00,DMC(디지털미디어시티),DMC(디지털미디어시티),POI084,KEY_1,4218. 디지털매직스페이스,ST-2974,38,5,13,126.88957977,37.58119965
2026-06-26T16:35:20.181713+09:00,DMC(디지털미디어시티),DMC(디지털미디어시티),POI084,KEY_1,4238. 상암한샘빌딩앞,ST-2981,0,0,7,126.89867401,37.57649231
2026-06-26T16:35:20.181713+09:00,DMC(디지털미디어시티),DMC(디지털미디어시티),POI084,KEY_1,4214. JTBC 앞,ST-2537,120,12,10,126.8901825,37.57730484
2026-06-26T16:35:20.181713+09:00,가산디지털단지역,가산디지털단지역,POI013,KEY_2,1834. 월드메르디앙 벤처센터 2차,ST-640,380,38,10,126.87904358,37.47908401
2026-06-26T16:35:20.181713+09:00,가산디지털단지역,가산디지털단지역,POI013,KEY_2,1867.대륭포스트타워6차 앞,ST-1938,347,104,30,126.8841629,37.48101044
2026-06-26T16:35:20.181713+09:00,가산디지털단지역,가산디지털단지역,POI013,KEY_2,1812. 갑을그레이트밸리 앞,ST-624,260,26,10,126.88729858,37.47903061
2026-06-26T16:35:20.181713+09:00,가산디지털단지역,가산디지털단지역,POI013,KEY_2,1851. 가산디지털단지 9번출구 인근,ST-1403,120,12,10,126.88148499,37.48123169
2026-06-26T16:35:20.181713+09:00,가산디지털단지역,가산디지털단지역,POI013,KEY_2,1850. 코오롱테크노밸리,ST-1277,120,12,10,126.8863678,37.48015976
2026-06-26T16:35:20.181713+09:00,가산디지털단지역,가산디지털단지역,POI013,KEY_2,1806. 에이스하이엔드타워9차 앞,ST-621,400,40,10,126.87863922,37.48621368
2026-06-26T16:35:20.181713+09:00,가산디지털단지역,가산디지털단지역,POI013,KEY_2,1839. 수출의 다리 아래,ST-1140,140,28,20,126.88615417,37.47743607
2026-06-26T16:35:20.181713+09:00,가산디지털단지역,가산디지털단지역,POI013,KEY_2,1849. 대륭포스트타워5차,ST-1276,120,12,10,126.88694,37.48135376
2026-06-26T16:35:20.181713+09:00,가산디지털단지역,가산디지털단지역,POI013,KEY_2,1805. 서울디지털운동장 앞,ST-620,90,9,10,126.87776947,37.48228836
2026-06-26T16:35:20.181713+09:00,가산디지털단지역,가산디지털단지역,POI013,KEY_2,1835. STX V타워,ST-641,110,11,10,126.88442993,37.47706985
2026-06-26T16:35:20.181713+09:00,가산디지털단지역,가산디지털단지역,POI013,KEY_2,3985. 디폴리스 지식산업센터,ST-2964,150,30,20,126.87680054,37.48017502
2026-06-26T16:35:20.181713+09:00,가산디지털단지역,가산디지털단지역,POI013,KEY_2,3989.가산디지털단지역 9번출구 앞,ST-3396,270,27,10,126.88175964,37.48055267
2026-06-26T16:35:20.181713+09:00,가산디지털단지역,가산디지털단지역,POI013,KEY_2,3984. 가산롯데아이티캐슬,ST-2999,640,32,5,126.88083649,37.47636795
2026-06-26T16:35:20.181713+09:00,강남역,강남역,POI014,KEY_3,2421. 신논현역 4번출구,ST-1887,27,4,15,127.02579498,37.504673
2026-06-26T16:35:20.181713+09:00,강남역,강남역,POI014,KEY_3,3628. 역삼1동 주민센터,ST-2689,100,10,10,127.03302765,37.49521255
2026-06-26T16:35:20.181713+09:00,강남역,강남역,POI014,KEY_3,2407. 역삼서초삼성 세무서 앞 (역삼빌딩 앞),ST-1577,40,4,10,127.03011322,37.49847031
2026-06-26T16:35:20.181713+09:00,강남역,강남역,POI014,KEY_3,2505. 우성아파트사거리 (기업은행앞),ST-1556,250,30,12,127.0295105,37.49330521
2026-06-26T16:35:20.181713+09:00,강남역,강남역,POI014,KEY_3,4349.삼성화재서초타워,ST-3361,383,23,6,127.02896118,37.49446869
2026-06-26T16:35:20.181713+09:00,건대입구역,건대입구역,POI015,KEY_4,3533. 건대입구역 사거리(롯데백화점),ST-1660,180,18,10,127.07078552,37.5392952
2026-06-26T16:35:20.181713+09:00,건대입구역,건대입구역,POI015,KEY_4,3534. 건대입구역 5번출구 뒤,ST-1661,170,17,10,127.06956482,37.54008102
2026-06-26T16:35:20.181713+09:00,건대입구역,건대입구역,POI015,KEY_4,501. 광진문화예술회관 앞,ST-98,70,21,30,127.07035065,37.53730774
2026-06-26T16:35:20.181713+09:00,고덕역,고덕역,POI016,KEY_1,1068.명일파출소,ST-1767,30,3,10,127.15622711,37.5536499
2026-06-26T16:35:20.181713+09:00,고덕역,고덕역,POI016,KEY_1,1072.고덕역 5번출구,ST-1833,95,21,22,127.15372467,37.55486298
2026-06-26T16:35:20.181713+09:00,고덕역,고덕역,POI016,KEY_1,1036. 고덕동 주양쇼핑,ST-1053,50,5,10,127.15331268,37.55199051
2026-06-26T16:35:20.181713+09:00,교대역,교대역,POI018,KEY_3,2279. 교대역 5번출구뒤,ST-1305,175,14,8,127.01418304,37.49361801
2026-06-26T16:35:20.181713+09:00,교대역,교대역,POI018,KEY_3,2239.교대역 6번출구,ST-765,210,21,10,127.01378632,37.49421692
2026-06-26T16:35:20.181713+09:00,구로디지털단지역,구로디지털단지역,POI019,KEY_4,1911. 구로디지털단지역 앞,ST-668,206,37,18,126.90132141,37.48493958
2026-06-26T16:35:20.181713+09:00,구로디지털단지역,구로디지털단지역,POI019,KEY_4,2110. 조원동 미성아파트,ST-950,100,9,9,126.90203094,37.48319244
2026-06-26T16:35:20.181713+09:00,구로디지털단지역,구로디지털단지역,POI019,KEY_4,1962. 가리봉동주민센터,ST-1224,160,24,15,126.89279938,37.48160172
2026-06-26T16:35:20.181713+09:00,구로디지털단지역,구로디지털단지역,POI019,KEY_4,2801. 대륭포스트타워1차,ST-1753,163,49,30,126.89542389,37.48437119
2026-06-26T16:35:20.181713+09:00,구로디지털단지역,구로디지털단지역,POI019,KEY_4,1986. 태평양물산,ST-1521,620,93,15,126.89518738,37.48485947
2026-06-26T16:35:20.181713+09:00,구로디지털단지역,구로디지털단지역,POI019,KEY_4,1955. 디지털입구 교차로,ST-936,180,18,10,126.90103912,37.48288345
2026-06-26T16:35:20.181713+09:00,구로역,구로역,POI020,KEY_1,1946. 구로역 광장,ST-873,360,36,10,126.88038635,37.50311661
2026-06-26T16:35:20.181713+09:00,구로역,구로역,POI020,KEY_1,3919. 구로역·NC신구로점 버스정류장(구로역 방면),ST-3013,121,17,14,126.88237,37.50096512
2026-06-26T16:35:20.181713+09:00,군자역,군자역,POI021,KEY_2,540. 군자역 7번출구 베스트샵 앞,ST-253,113,9,8,127.0786438,37.55603027
2026-06-26T16:35:20.181713+09:00,군자역,군자역,POI021,KEY_2,3518. 군자역 7번출구뒤,ST-1263,75,6,8,127.07913971,37.55686188
2026-06-26T16:35:20.181713+09:00,군자역,군자역,POI021,KEY_2,3500. 군자역2번출구,ST-983,186,13,7,127.07969666,37.55758667
2026-06-26T16:35:20.181713+09:00,군자역,군자역,POI021,KEY_2,3586.군자역 비채온 오피스텔,ST-2325,13,1,8,127.07727051,37.55771255
2026-06-26T16:35:20.181713+09:00,대림역,대림역,POI023,KEY_3,286. 우성아파트 교차로,ST-1652,142,17,12,126.89974976,37.49457169
2026-06-26T16:35:20.181713+09:00,대림역,대림역,POI023,KEY_3,1914. 대림역4번출구,ST-918,110,11,10,126.89444733,37.49440384
2026-06-26T16:35:20.181713+09:00,대림역,대림역,POI023,KEY_3,1975. 대림역 1번 출입구 밑,ST-1237,150,15,10,126.8947525,37.49256516
2026-06-26T16:35:20.181713+09:00,동대문역,동대문역,POI024,KEY_4,457. 종로꽃시장 입구 옆,ST-1610,90,9,10,127.00720978,37.57131958
2026-06-26T16:35:20.181713+09:00,동대문역,동대문역,POI024,KEY_4,393. 동대문역 8번 출구,ST-1372,133,16,12,127.00937653,37.57014084
2026-06-26T16:35:20.181713+09:00,동대문역,동대문역,POI024,KEY_4,3415.동대문역6번출구,ST-1812,107,16,15,127.0107193,37.57147217
2026-06-26T16:35:20.181713+09:00,미아사거리역,미아사거리역,POI026,KEY_2,1546. 송천동우체국,ST-1665,30,3,10,127.02970123,37.61545944
2026-06-26T16:35:20.181713+09:00,미아사거리역,미아사거리역,POI026,KEY_2,1574.송중초등학교 옆,ST-2405,63,5,8,127.03049469,37.61669922
2026-06-26T16:35:20.181713+09:00,미아사거리역,미아사거리역,POI026,KEY_2,1531. 미아사거리 1번 출구,ST-1105,70,7,10,127.03025055,37.61395645
2026-06-26T16:35:20.181713+09:00,미아사거리역,미아사거리역,POI026,KEY_2,4423.현대백화점 미아점,ST-3203,120,12,10,127.02845764,37.60884857
2026-06-26T16:35:20.181713+09:00,발산역,발산역,POI027,KEY_3,1124. 발산역 6번 출구 뒤,ST-522,117,7,6,126.8384552,37.55817795
2026-06-26T16:35:20.181713+09:00,발산역,발산역,POI027,KEY_3,1117. 등촌5단지아파트 버스정류장,ST-834,90,9,10,126.84426117,37.55819702
2026-06-26T16:35:20.181713+09:00,발산역,발산역,POI027,KEY_3,"1153. 발산역 1번, 9번 인근 대여소",ST-1065,81,26,32,126.83717346,37.55894852
2026-06-26T16:35:20.181713+09:00,발산역,발산역,POI027,KEY_3,1197. 엠펠리체 호텔 건너편,ST-1714,115,23,20,126.83546448,37.56026077
2026-06-26T16:35:20.181713+09:00,발산역,발산역,POI027,KEY_3,3760. 발산역 8번 출구,ST-2538,24,4,17,126.83676147,37.55846024
2026-06-26T16:35:20.181713+09:00,발산역,발산역,POI027,KEY_3,2721.등촌1-10단지 교차로,ST-2037,8,1,12,126.8393631,37.56320572
2026-06-26T16:35:20.181713+09:00,발산역,발산역,POI027,KEY_3,2730.마곡메가박스 앞,ST-2047,30,9,30,126.83495331,37.55912781
2026-06-26T16:35:20.181713+09:00,발산역,발산역,POI027,KEY_3,2717.LG유플러스 마곡사옥,ST-2033,202,125,62,126.83390045,37.56133652
2026-06-26T16:35:20.181713+09:00,발산역,발산역,POI027,KEY_3,2723.마곡 필네이처,ST-2040,100,13,13,126.83669281,37.56089401
2026-06-26T16:35:20.181713+09:00,발산역,발산역,POI027,KEY_3,3759. 이대서울병원,ST-2569,172,43,25,126.83559418,37.5586319
2026-06-26T16:35:20.181713+09:00,발산역,발산역,POI027,KEY_3,3764. 관문주유소(GS칼택스) 앞,ST-2613,40,4,10,126.84183502,37.55802917
2026-06-26T16:35:20.181713+09:00,발산역,발산역,POI027,KEY_3,5095. 원당근린공원,ST-3226,50,7,14,126.84147644,37.55947495
2026-06-26T16:35:20.181713+09:00,발산역,발산역,POI027,KEY_3,5061. 우장산동 가곡어린이공원앞,ST-2888,130,13,10,126.83751678,37.55545425
2026-06-26T16:35:20.181713+09:00,사당역,사당역,POI029,KEY_4,2089.사당역10번출구(금강빌딩),ST-2362,190,19,10,126.98150635,37.4791069
2026-06-26T16:35:20.181713+09:00,사당역,사당역,POI029,KEY_4,2222.사당역 12번출구 뒤,ST-753,220,22,10,126.98203278,37.47806931
2026-06-26T16:35:20.181713+09:00,사당역,사당역,POI029,KEY_4,2034. 사당역 7번출구쪽,ST-924,37,7,19,126.98057556,37.47689056
2026-06-26T16:35:20.181713+09:00,사당역,사당역,POI029,KEY_4,2104. 사당역 5번출구,ST-712,62,8,13,126.98133087,37.47608948
2026-06-26T16:35:20.181713+09:00,삼각지역,삼각지역,POI030,KEY_1,849. 삼각지 자이아파트,ST-2173,80,16,20,126.97341919,37.53607941
2026-06-26T16:35:20.181713+09:00,삼각지역,삼각지역,POI030,KEY_1,848. 삼각지12번 출구,ST-2172,100,8,8,126.97562408,37.53488922
2026-06-26T16:35:20.181713+09:00,삼각지역,삼각지역,POI030,KEY_1,4620. 삼각지역 14번 출구 앞(교통섬),ST-2451,188,15,8,126.97408295,37.53528595
2026-06-26T16:35:20.181713+09:00,서울대입구역,서울대입구역,POI031,KEY_2,2111. 서울대입구역 1번출구,ST-965,110,11,10,126.95331573,37.48086929
2026-06-26T16:35:20.181713+09:00,서울대입구역,서울대입구역,POI031,KEY_2,3311.서울대입구역 4번 출구,ST-2394,117,14,12,126.95157623,37.48122025
2026-06-26T16:35:20.181713+09:00,서울대입구역,서울대입구역,POI031,KEY_2,2171. 서울대입구역 5번출구,ST-1337,29,5,17,126.95200348,37.48154831
2026-06-26T16:35:20.181713+09:00,서울대입구역,서울대입구역,POI031,KEY_2,2116. 에이스에이존빌딩,ST-717,44,4,9,126.95082855,37.48170471
2026-06-26T16:35:20.181713+09:00,서울대입구역,서울대입구역,POI031,KEY_2,2112. 서울대입구역 마에스트로,ST-715,67,10,15,126.95064545,37.4813385
2026-06-26T16:35:20.181713+09:00,서울대입구역,서울대입구역,POI031,KEY_2,2128. 관악구청교차로,ST-720,0,0,12,126.95265198,37.47949982
2026-06-26T16:35:20.181713+09:00,서울식물원·마곡나루역,서울식물원·마곡나루역,POI032,KEY_3,2727.서울식물원 잔디마당 앞,ST-2044,288,72,25,126.8306427,37.5639267
2026-06-26T16:35:20.181713+09:00,서울식물원·마곡나루역,서울식물원·마곡나루역,POI032,KEY_3,2701. 마곡나루역 5번출구 뒤편,ST-1718,108,28,26,126.82731628,37.56520081
2026-06-26T16:35:20.181713+09:00,서울식물원·마곡나루역,서울식물원·마곡나루역,POI032,KEY_3,2725.서울식물원 식물문화센터,ST-2042,60,12,20,126.83563232,37.56883621
2026-06-26T16:35:20.181713+09:00,서울식물원·마곡나루역,서울식물원·마곡나루역,POI032,KEY_3,2715.마곡나루역 2번 출구,ST-2031,200,50,25,126.82743835,37.56692505
2026-06-26T16:35:20.181713+09:00,서울식물원·마곡나루역,서울식물원·마곡나루역,POI032,KEY_3,2728.마곡나루역 3번 출구,ST-2045,138,90,65,126.82807922,37.56580353
2026-06-26T16:35:20.181713+09:00,서울식물원·마곡나루역,서울식물원·마곡나루역,POI032,KEY_3,6177. 마곡롯데캐슬르웨스트,ST-3324,30,3,10,126.82462311,37.56356049
2026-06-26T16:35:20.181713+09:00,서울식물원·마곡나루역,서울식물원·마곡나루역,POI032,KEY_3,5098. LG사이언스파크 W4동,ST-3261,120,24,20,126.82978821,37.56403732
2026-06-26T16:35:20.181713+09:00,서울식물원·마곡나루역,서울식물원·마곡나루역,POI032,KEY_3,6190.마곡광장(마곡나루역 6번출구),ST-3421,90,9,10,126.82738495,37.56614685
2026-06-26T16:35:20.181713+09:00,서울식물원·마곡나루역,서울식물원·마곡나루역,POI032,KEY_3,5097. LG사이언스파크 E2동,ST-3259,105,42,40,126.83208466,37.56381607
2026-06-26T16:35:20.181713+09:00,서울역,서울역,POI033,KEY_4,485.서울역5번출구,ST-1791,230,23,10,126.97319794,37.55677032
2026-06-26T16:35:20.181713+09:00,서울역,서울역,POI033,KEY_4,379. 서울역9번출구,ST-194,190,19,10,126.97330475,37.55580521
2026-06-26T16:35:20.181713+09:00,서울역,서울역,POI033,KEY_4,435. SK 남산빌딩,ST-1670,60,6,10,126.97561646,37.55686188
2026-06-26T16:35:20.181713+09:00,서울역,서울역,POI033,KEY_4,6062.서울역파출소,ST-3413,80,8,10,126.97183228,37.55709457
2026-06-26T16:35:20.181713+09:00,서울역,서울역,POI033,KEY_4,4794. 서울역 서부교차로(3),ST-2786,163,13,8,126.96942139,37.55540848
2026-06-26T16:35:20.181713+09:00,서울역,서울역,POI033,KEY_4,4760. 서울역 7번출구,ST-2430,10,1,10,126.97364044,37.55664444
2026-06-26T16:35:20.181713+09:00,선릉역,선릉역,POI034,KEY_1,2369. KT선릉타워,ST-1178,100,20,20,127.0528717,37.50542831
2026-06-26T16:35:20.181713+09:00,선릉역,선릉역,POI034,KEY_1,2329. 르네상스호텔사거리 역삼지하보도 2번출구,ST-812,0,0,10,127.04319,37.50235748
2026-06-26T16:35:20.181713+09:00,선릉역,선릉역,POI034,KEY_1,2328. 르네상스 호텔 사거리 역삼지하보도 7번출구 앞,ST-811,170,17,10,127.04273224,37.50321198
2026-06-26T16:35:20.181713+09:00,선릉역,선릉역,POI034,KEY_1,2319. 포스코사거리 서측(수협 삼성동 지점),ST-802,190,19,10,127.05467987,37.50660706
2026-06-26T16:35:20.181713+09:00,선릉역,선릉역,POI034,KEY_1,2332. 선릉역3번출구,ST-815,113,9,8,127.04903412,37.50410461
2026-06-26T16:35:20.181713+09:00,성신여대입구역,성신여대입구역,POI035,KEY_2,1384.성신여대입구역 5번출구,ST-2225,146,19,13,127.01628876,37.59282684
2026-06-26T16:35:20.181713+09:00,성신여대입구역,성신여대입구역,POI035,KEY_2,1385.성신여대입구역 3번출구 앞,ST-2226,140,14,10,127.01628876,37.59236526
2026-06-26T16:35:20.181713+09:00,성신여대입구역,성신여대입구역,POI035,KEY_2,1337. 돈암성당 옆,ST-1201,146,19,13,127.01716614,37.59039307
2026-06-26T16:35:20.181713+09:00,수유역,수유역,POI036,KEY_3,1512. 강북중학교 앞,ST-862,70,14,20,127.02656555,37.64473724
2026-06-26T16:35:20.181713+09:00,수유역,수유역,POI036,KEY_3,1503. 강북구청사거리(수유역 8번출구),ST-643,207,29,14,127.02672577,37.63926315
2026-06-26T16:35:20.181713+09:00,수유역,수유역,POI036,KEY_3,1520. 수유중앙시장,ST-650,86,6,7,127.022789,37.63986206
2026-06-26T16:35:20.181713+09:00,수유역,수유역,POI036,KEY_3,1535. 효성인텔리안 앞,ST-1109,130,13,10,127.02337646,37.6362915
2026-06-26T16:35:20.181713+09:00,수유역,수유역,POI036,KEY_3,1569.수유역2번출구,ST-2137,260,26,10,127.02590179,37.63796997
2026-06-26T16:35:20.181713+09:00,수유역,수유역,POI036,KEY_3,1526. 강북종합시장 앞,ST-1100,175,14,8,127.02462769,37.64173889
2026-06-26T16:35:20.181713+09:00,수유역,수유역,POI036,KEY_3,1552. 강북구청사거리,ST-2125,100,8,8,127.02723694,37.63920212
2026-06-26T16:35:20.181713+09:00,수유역,수유역,POI036,KEY_3,1530. 광산사거리,ST-1104,85,11,13,127.0223465,37.64355087
2026-06-26T16:35:20.181713+09:00,숭례문,숭례문,POI131,KEY_4,445.대한상공회의소,ST-1771,53,8,15,126.97410583,37.56015396
2026-06-26T16:35:20.181713+09:00,숭례문,숭례문,POI131,KEY_4,6060. 신한은행 본점,ST-3342,288,23,8,126.97480774,37.56077576
2026-06-26T16:35:20.181713+09:00,시의회 앞,시의회 앞,POI130,KEY_1,458. 광화문역 5번출구,ST-1611,124,26,21,126.97756958,37.56989288
2026-06-26T16:35:20.181713+09:00,시의회 앞,시의회 앞,POI130,KEY_1,309. 광화문역 6번출구 옆 B,ST-125,31,4,13,126.97615814,37.56996155
2026-06-26T16:35:20.181713+09:00,시의회 앞,시의회 앞,POI130,KEY_1,310. 청계광장 옆,ST-126,438,35,8,126.9774704,37.56887817
2026-06-26T16:35:20.181713+09:00,시의회 앞,시의회 앞,POI130,KEY_1,6058. 시청역 2번출구,ST-3297,233,35,15,126.97702026,37.56557846
2026-06-26T16:35:20.181713+09:00,시의회 앞,시의회 앞,POI130,KEY_1,4718. 광화문역 6번출구 옆 A,ST-3075,60,6,10,126.9764328,37.56993103
2026-06-26T16:35:20.181713+09:00,신논현역·논현역,신논현역·논현역,POI037,KEY_2,2542.신논현타워 앞,ST-1926,100,10,10,127.02391052,37.50508881
2026-06-26T16:35:20.181713+09:00,신논현역·논현역,신논현역·논현역,POI037,KEY_2,2302. 교보타워 버스정류장(신논현역 3번출구 후면),ST-787,40,4,10,127.02427673,37.5055809
2026-06-26T16:35:20.181713+09:00,신논현역·논현역,신논현역·논현역,POI037,KEY_2,4347. 논현지하보도,ST-3332,80,8,10,127.02232361,37.50836945
2026-06-26T16:35:20.181713+09:00,신림역,신림역,POI039,KEY_4,2102. 봉림교 교통섬,ST-702,100,13,13,126.92688751,37.48408508
2026-06-26T16:35:20.181713+09:00,신림역,신림역,POI039,KEY_4,2175. 신림동걷고싶은문화의거리입구,ST-1270,143,10,7,126.92870331,37.48730087
2026-06-26T16:35:20.181713+09:00,신림역,신림역,POI039,KEY_4,2136. 신림역 8번출구,ST-976,88,7,8,126.93006897,37.48450851
2026-06-26T16:35:20.181713+09:00,신정네거리역,신정네거리역,POI117,KEY_1,706. 신정네거리역,ST-313,60,9,15,126.85175323,37.5218811
2026-06-26T16:35:20.181713+09:00,신정네거리역,신정네거리역,POI117,KEY_1,722. 경서농협 버스정류장(우리은행신정동지점방향),ST-993,150,15,10,126.85738373,37.52151108
2026-06-26T16:35:20.181713+09:00,신정네거리역,신정네거리역,POI117,KEY_1,4509. 서울영상고교 입구,ST-2761,247,37,15,126.85928345,37.52198029
2026-06-26T16:35:20.181713+09:00,신정네거리역,신정네거리역,POI117,KEY_1,4507. 신정제일시장,ST-2759,60,6,10,126.85499573,37.52122498
2026-06-26T16:35:20.181713+09:00,신정네거리역,신정네거리역,POI117,KEY_1,4510. 신정네거리역 교차로,ST-2762,0,0,13,126.85228729,37.52175903
2026-06-26T16:35:20.181713+09:00,신촌·이대역,신촌·이대역,POI040,KEY_2,150. 서강대역 2번출구 앞,ST-207,60,9,15,126.93434143,37.55295563
2026-06-26T16:35:20.181713+09:00,신촌·이대역,신촌·이대역,POI040,KEY_2,128. 신촌역(2호선) 1번출구 옆,ST-30,47,9,19,126.93634033,37.55549622
2026-06-26T16:35:20.181713+09:00,신촌·이대역,신촌·이대역,POI040,KEY_2,134. 연세로 명물길,ST-36,25,2,8,126.93807983,37.55789185
2026-06-26T16:35:20.181713+09:00,신촌·이대역,신촌·이대역,POI040,KEY_2,130. 신촌역(2호선) 7번출구 앞,ST-32,60,6,10,126.93626404,37.5550499
2026-06-26T16:35:20.181713+09:00,신촌·이대역,신촌·이대역,POI040,KEY_2,129. 신촌역(2호선) 6번출구 옆,ST-31,50,5,10,126.93756866,37.55505371
2026-06-26T16:35:20.181713+09:00,신촌·이대역,신촌·이대역,POI040,KEY_2,135. 명물길 원형무대 앞,ST-37,20,2,10,126.93984222,37.55922699
2026-06-26T16:35:20.181713+09:00,신촌·이대역,신촌·이대역,POI040,KEY_2,137. 신촌기차역입구 교차로,ST-39,90,9,10,126.9431839,37.55681229
2026-06-26T16:35:20.181713+09:00,신촌·이대역,신촌·이대역,POI040,KEY_2,3116.신촌역 4번출구,ST-2201,80,8,10,126.93720245,37.55550385
2026-06-26T16:35:20.181713+09:00,신촌·이대역,신촌·이대역,POI040,KEY_2,4248. 신촌 교보빌딩,ST-3021,30,3,10,126.94034576,37.5560112
2026-06-26T16:35:20.181713+09:00,신촌·이대역,신촌·이대역,POI040,KEY_2,4274. 신촌 파랑고래 입구,ST-3140,0,0,10,126.93603516,37.55687714
2026-06-26T16:35:20.181713+09:00,쌍문역,쌍문역,POI070,KEY_3,1709. 쌍문역4번출구 주변,ST-616,112,19,17,127.03534698,37.65012741
2026-06-26T16:35:20.181713+09:00,쌍문역,쌍문역,POI070,KEY_3,1774.정의여중고 버스정류소,ST-2119,100,8,8,127.034729,37.65134811
2026-06-26T16:35:20.181713+09:00,쌍문역,쌍문역,POI070,KEY_3,1754. 창동시장입구 사거리,ST-2099,18,2,11,127.03343201,37.64689636
2026-06-26T16:35:20.181713+09:00,쌍문역,쌍문역,POI070,KEY_3,4054. 창동한신아파트 버스정류소,ST-2722,120,12,10,127.03527069,37.64601898
2026-06-26T16:35:20.181713+09:00,양재역,양재역,POI041,KEY_4,2242.양재역 10번 출구 앞,ST-767,15,3,20,127.03417969,37.48398972
2026-06-26T16:35:20.181713+09:00,양재역,양재역,POI041,KEY_4,2333. 양재역 3번출구 주변,ST-816,64,9,14,127.03407288,37.48515701
2026-06-26T16:35:20.181713+09:00,양재역,양재역,POI041,KEY_4,2293. SPC 앞,ST-1360,110,11,10,127.03699493,37.48479843
2026-06-26T16:35:20.181713+09:00,양재역,양재역,POI041,KEY_4,4329. SC제일은행 양재동지점 앞,ST-2962,113,9,8,127.03315735,37.48573685
2026-06-26T16:35:20.181713+09:00,역삼역,역삼역,POI042,KEY_1,2430.강남파이낸스센터앞(역삼역2번출구),ST-1896,10,1,10,127.03605652,37.50024414
2026-06-26T16:35:20.181713+09:00,역삼역,역삼역,POI042,KEY_1,2410. 포스코피앤에스타워 (역삼역 3번출구 부근),ST-1680,170,17,10,127.03375244,37.49959946
2026-06-26T16:35:20.181713+09:00,역삼역,역삼역,POI042,KEY_1,2349. 역삼빌딩 앞(하나은행 옆),ST-959,0,0,12,127.03856659,37.50154495
2026-06-26T16:35:20.181713+09:00,연신내역,연신내역,POI043,KEY_2,949. 연신내역 1번 출구,ST-1035,67,4,6,126.92080688,37.61978149
2026-06-26T16:35:20.181713+09:00,연신내역,연신내역,POI043,KEY_2,922. 연신내역 4번출구,ST-470,30,3,10,126.92196655,37.61780167
2026-06-26T16:35:20.181713+09:00,연신내역,연신내역,POI043,KEY_2,906. 연신내역 5번출구,ST-454,75,6,8,126.91957855,37.61721039
2026-06-26T16:35:20.181713+09:00,오목교역·목동운동장,오목교역·목동운동장,POI044,KEY_3,765. 오목교역 3번출구,ST-1731,233,28,12,126.87548065,37.52477646
2026-06-26T16:35:20.181713+09:00,오목교역·목동운동장,오목교역·목동운동장,POI044,KEY_3,771.목동아파트 703동 앞,ST-1997,113,9,8,126.87016296,37.52820587
2026-06-26T16:35:20.181713+09:00,오목교역·목동운동장,오목교역·목동운동장,POI044,KEY_3,723. SBS방송국,ST-994,320,48,15,126.87274933,37.52916336
2026-06-26T16:35:20.181713+09:00,오목교역·목동운동장,오목교역·목동운동장,POI044,KEY_3,791.현대하이페리온,ST-2016,160,24,15,126.86980438,37.52490234
2026-06-26T16:35:20.181713+09:00,오목교역·목동운동장,오목교역·목동운동장,POI044,KEY_3,747. 목동3단지 상가,ST-1018,360,36,10,126.8756485,37.53458023
2026-06-26T16:35:20.181713+09:00,오목교역·목동운동장,오목교역·목동운동장,POI044,KEY_3,769.CBS방송국 앞,ST-1995,300,60,20,126.87467194,37.52785492
2026-06-26T16:35:20.181713+09:00,오목교역·목동운동장,오목교역·목동운동장,POI044,KEY_3,792.목동트라팰리스 웨스턴에비뉴,ST-2017,225,45,20,126.8709259,37.52537155
2026-06-26T16:35:20.181713+09:00,오목교역·목동운동장,오목교역·목동운동장,POI044,KEY_3,731. 서울시 도로환경관리센터,ST-1002,160,16,10,126.87654114,37.5298996
2026-06-26T16:35:20.181713+09:00,오목교역·목동운동장,오목교역·목동운동장,POI044,KEY_3,762. 오목로 무중력지대 앞,ST-1503,70,7,10,126.87766266,37.52474213
2026-06-26T16:35:20.181713+09:00,오목교역·목동운동장,오목교역·목동운동장,POI044,KEY_3,748. 목동운동장,ST-1019,208,27,13,126.87930298,37.53025055
2026-06-26T16:35:20.181713+09:00,오목교역·목동운동장,오목교역·목동운동장,POI044,KEY_3,703. 오목교역 7번출구 앞,ST-311,175,21,12,126.87524414,37.52362823
2026-06-26T16:35:20.181713+09:00,오목교역·목동운동장,오목교역·목동운동장,POI044,KEY_3,4514. 목동성당 앞,ST-2764,120,24,20,126.86930084,37.52319717
2026-06-26T16:35:20.181713+09:00,오목교역·목동운동장,오목교역·목동운동장,POI044,KEY_3,4532. 목동현대아파트 후문 앞,ST-2879,80,8,10,126.87805939,37.5221405
2026-06-26T16:35:20.181713+09:00,오목교역·목동운동장,오목교역·목동운동장,POI044,KEY_3,4543. 오목교역 6번 출구,ST-3163,422,38,9,126.87567139,37.5236702
2026-06-26T16:35:20.181713+09:00,오목교역·목동운동장,오목교역·목동운동장,POI044,KEY_3,4546. 목동운동장 주경기장,ST-3227,83,25,30,126.88307953,37.52937698
2026-06-26T16:35:20.181713+09:00,오목교역·목동운동장,오목교역·목동운동장,POI044,KEY_3,756. 목동주차장,ST-1497,113,17,15,126.8761673,37.52667999
2026-06-26T16:35:20.181713+09:00,왕십리역,왕십리역,POI045,KEY_4,558. 성동광진 교육지원청 앞,ST-359,90,18,20,127.03652191,37.56460571
2026-06-26T16:35:20.181713+09:00,왕십리역,왕십리역,POI045,KEY_4,525. 한양대병원사거리,ST-241,20,4,20,127.04035187,37.55805206
2026-06-26T16:35:20.181713+09:00,왕십리역,왕십리역,POI045,KEY_4,559. 왕십리역 4번 출구 건너편,ST-360,46,6,13,127.03679657,37.56109619
2026-06-26T16:35:20.181713+09:00,왕십리역,왕십리역,POI045,KEY_4,3545.한양대역 1번출구,ST-2327,10,1,10,127.04335785,37.55657959
2026-06-26T16:35:20.181713+09:00,왕십리역,왕십리역,POI045,KEY_4,3561.행당동 삼부APT후문,ST-2343,60,6,10,127.03839874,37.55926895
2026-06-26T16:35:20.181713+09:00,용산역,용산역,POI046,KEY_1,853.용산역 맞은편,ST-2177,95,18,19,126.96595001,37.52841568
2026-06-26T16:35:20.181713+09:00,용산역,용산역,POI046,KEY_1,845. 용산 선인상가,ST-1615,131,21,16,126.96437836,37.53269958
2026-06-26T16:35:20.181713+09:00,용산역,용산역,POI046,KEY_1,806. 전자랜드 본관 앞,ST-327,5,1,20,126.96073151,37.5330658
2026-06-26T16:35:20.181713+09:00,용산역,용산역,POI046,KEY_1,4617. 동원베네스트 건너편,ST-2448,50,3,6,126.95511627,37.52761078
2026-06-26T16:35:20.181713+09:00,용산역,용산역,POI046,KEY_1,4616. 신용산지하차도 앞,ST-2447,80,12,15,126.96411896,37.53248215
2026-06-26T16:35:20.181713+09:00,잠실새내역,잠실새내역,POI118,KEY_3,1222. 잠실새내역 5번 출구 뒤,ST-547,13,3,23,127.08505249,37.51198196
2026-06-26T16:35:20.181713+09:00,잠실새내역,잠실새내역,POI118,KEY_3,1224. 아시아지하보도 2번 출구,ST-548,73,11,15,127.07893372,37.51216888
2026-06-26T16:35:20.181713+09:00,잠실새내역,잠실새내역,POI118,KEY_3,2635.잠실새내역 1번출구,ST-1862,19,4,21,127.08673859,37.51129532
2026-06-26T16:35:20.181713+09:00,잠실새내역,잠실새내역,POI118,KEY_3,2637. 아시아지하보도 14번 출구,ST-1864,127,19,15,127.07881165,37.51146317
2026-06-26T16:35:20.181713+09:00,잠실역,잠실역,POI119,KEY_4,1210. 롯데월드타워(잠실역2번출구 쪽),ST-891,303,91,30,127.10095978,37.51312637
2026-06-26T16:35:20.181713+09:00,잠실역,잠실역,POI119,KEY_4,1231. 잠실역 6번출구,ST-840,138,18,13,127.09902954,37.51408768
2026-06-26T16:35:20.181713+09:00,잠실역,잠실역,POI119,KEY_4,1232. 잠실주공 521동 건너편,ST-550,300,30,10,127.09568787,37.51184082
2026-06-26T16:35:20.181713+09:00,잠실역,잠실역,POI119,KEY_4,2647.잠실 자전거 수리센터 앞,ST-1868,186,13,7,127.10114288,37.51100922
2026-06-26T16:35:20.181713+09:00,장지역,장지역,POI048,KEY_1,1266. 문정동 글샘 공원,ST-1085,80,8,10,127.12000275,37.47880936
2026-06-26T16:35:20.181713+09:00,장지역,장지역,POI048,KEY_1,1247. 문정 법조단지11,ST-907,20,3,15,127.12351227,37.4788208
2026-06-26T16:35:20.181713+09:00,장지역,장지역,POI048,KEY_1,1244. 문정 법조단지8,ST-904,73,8,11,127.12212372,37.48153687
2026-06-26T16:35:20.181713+09:00,장지역,장지역,POI048,KEY_1,1246. 문정 법조단지10,ST-906,63,19,30,127.12632751,37.47750854
2026-06-26T16:35:20.181713+09:00,장지역,장지역,POI048,KEY_1,1245. 문정 법조단지9,ST-905,20,2,10,127.12532806,37.47946548
2026-06-26T16:35:20.181713+09:00,장지역,장지역,POI048,KEY_1,4885. 가든파이브 리빙관,ST-2985,38,3,8,127.123703,37.47709656
2026-06-26T16:35:20.181713+09:00,장지역,장지역,POI048,KEY_1,4491. 장지역 1번출구,ST-2599,30,3,10,127.12678528,37.47953415
2026-06-26T16:35:20.181713+09:00,장한평역,장한평역,POI049,KEY_2,529. 장한평역 8번 출구 앞,ST-243,225,18,8,127.06365967,37.56137085
2026-06-26T16:35:20.181713+09:00,장한평역,장한평역,POI049,KEY_2,626. 군자교 서측 녹지대,ST-394,282,48,17,127.07096863,37.56115341
2026-06-26T16:35:20.181713+09:00,장한평역,장한평역,POI049,KEY_2,4385. 용답동 우체국 주변,ST-3099,160,8,5,127.06151581,37.56168747
2026-06-26T16:35:20.181713+09:00,장한평역,장한평역,POI049,KEY_2,4105. 서울교통공사사거리 교통섬,ST-2499,100,10,10,127.05799103,37.56324005
2026-06-26T16:35:20.181713+09:00,천호역,천호역,POI050,KEY_3,1009. 천호역4번출구(현대백화점),ST-493,140,28,20,127.12424469,37.53866577
2026-06-26T16:35:20.181713+09:00,천호역,천호역,POI050,KEY_3,1264. 천호역 10번 출구 앞,ST-1083,138,11,8,127.12280273,37.53858185
2026-06-26T16:35:20.181713+09:00,천호역,천호역,POI050,KEY_3,3657. 서울천호동우체국,ST-2732,250,25,10,127.12576294,37.54074097
2026-06-26T16:35:20.181713+09:00,총신대입구(이수)역,총신대입구(이수)역,POI051,KEY_4,2032. 이수역 11번출구쪽,ST-923,500,50,10,126.98162079,37.48550797
2026-06-26T16:35:20.181713+09:00,총신대입구(이수)역,총신대입구(이수)역,POI051,KEY_4,2264. 이수역 1번출구,ST-935,167,15,9,126.98271942,37.48897171
2026-06-26T16:35:20.181713+09:00,총신대입구(이수)역,총신대입구(이수)역,POI051,KEY_4,2511. 이수역 6번출구 앞,ST-1739,120,12,10,126.98234558,37.48398972
2026-06-26T16:35:20.181713+09:00,총신대입구(이수)역,총신대입구(이수)역,POI051,KEY_4,2091. 이수역9번출구,ST-2364,153,23,15,126.98059082,37.48470306
2026-06-26T16:35:20.181713+09:00,총신대입구(이수)역,총신대입구(이수)역,POI051,KEY_4,2082.7호선 이수역7번출구,ST-2355,220,22,10,126.98179626,37.4846077
2026-06-26T16:35:20.181713+09:00,충정로역,충정로역,POI052,KEY_1,180. 충정로역 7번출구 아래,ST-233,160,16,10,126.96246338,37.55996704
2026-06-26T16:35:20.181713+09:00,충정로역,충정로역,POI052,KEY_1,3134.SK리쳄블(서울아리수본부),ST-2219,0,0,10,126.96658325,37.56131744
2026-06-26T16:35:20.181713+09:00,충정로역,충정로역,POI052,KEY_1,3114.충정로역 3번 출구,ST-2198,14,1,7,126.96552277,37.56046295
2026-06-26T16:35:20.181713+09:00,충정로역,충정로역,POI052,KEY_1,4271. 충정로역 1번 출구,ST-3107,0,0,7,126.96305847,37.55942535
2026-06-26T16:35:20.181713+09:00,충정로역,충정로역,POI052,KEY_1,4801. 충정로역 2호선(엘리베이터 앞),ST-3053,0,0,5,126.96414185,37.55937576
2026-06-26T16:35:20.181713+09:00,충정로역,충정로역,POI052,KEY_1,4266.국민연금공단충정로사옥,ST-3027,0,0,9,126.96414948,37.56184769
2026-06-26T16:35:20.181713+09:00,충정로역,충정로역,POI052,KEY_1,4752. 삼성사이버빌리지아파트,ST-2624,86,6,7,126.96485901,37.55891418
2026-06-26T16:35:20.181713+09:00,합정역,합정역,POI053,KEY_2,497.합정동주민센터 앞,ST-2156,112,28,25,126.91230011,37.551754
2026-06-26T16:35:20.181713+09:00,합정역,합정역,POI053,KEY_2,105. 합정역 5번출구 앞,ST-7,0,0,5,126.91482544,37.55000687
2026-06-26T16:35:20.181713+09:00,합정역,합정역,POI053,KEY_2,106. 합정역 7번출구 앞,ST-8,0,0,12,126.91282654,37.54864502
2026-06-26T16:35:20.181713+09:00,합정역,합정역,POI053,KEY_2,4211. 시석빌딩 앞,ST-2534,25,2,8,126.91671753,37.54836655
2026-06-26T16:35:20.181713+09:00,혜화역,혜화역,POI054,KEY_3,342. 대학로 마로니에공원,ST-158,50,11,22,127.00234222,37.58044434
2026-06-26T16:35:20.181713+09:00,혜화역,혜화역,POI054,KEY_3,341. 혜화역 3번출구 뒤,ST-157,75,6,8,127.00178528,37.58156967
2026-06-26T16:35:20.181713+09:00,혜화역,혜화역,POI054,KEY_3,358. 성균관대입구 사거리 A,ST-173,54,7,13,126.99853516,37.58250046
2026-06-26T16:35:20.181713+09:00,혜화역,혜화역,POI054,KEY_3,3419.국립어린이과학관,ST-1816,14,2,14,126.99736786,37.58194733
2026-06-26T16:35:20.181713+09:00,혜화역,혜화역,POI054,KEY_3,3420. 성균관대입구 사거리 B,ST-1817,10,1,10,126.99885559,37.58327484
2026-06-26T16:35:20.181713+09:00,혜화역,혜화역,POI054,KEY_3,3421.혜화역 1번출구,ST-1818,150,15,10,127.00185394,37.58385468
2026-06-26T16:35:20.181713+09:00,홍대입구역(2호선),홍대입구역(2호선),POI055,KEY_4,114. 홍대입구역 8번출구 앞,ST-20,133,20,15,126.92442322,37.55706024
2026-06-26T16:35:20.181713+09:00,홍대입구역(2호선),홍대입구역(2호선),POI055,KEY_4,113. 홍대입구역 2번출구 앞,ST-18,161,45,28,126.9238205,37.5574379
2026-06-26T16:35:20.181713+09:00,회기역,회기역,POI056,KEY_1,670.삼육서울병원 버스정류장,ST-2270,400,36,9,127.06151581,37.5896759
2026-06-26T16:35:20.181713+09:00,회기역,회기역,POI056,KEY_1,680.꿈마루어린이도서관 앞,ST-2280,186,41,22,127.05741119,37.59238434
2026-06-26T18:20:39.220602+09:00,광화문·덕수궁,광화문·덕수궁,POI009,KEY_2,303. 광화문역 1번출구 앞,ST-119,13,1,8,126.97466278,37.57176971
2026-06-26T18:20:39.220602+09:00,광화문·덕수궁,광화문·덕수궁,POI009,KEY_2,391. 시립미술관,ST-977,50,4,8,126.97340393,37.56505203
2026-06-26T18:20:39.220602+09:00,광화문·덕수궁,광화문·덕수궁,POI009,KEY_2,310. 청계광장 옆,ST-126,363,29,8,126.9774704,37.56887817
2026-06-26T18:20:39.220602+09:00,광화문·덕수궁,광화문·덕수궁,POI009,KEY_2,458. 광화문역 5번출구,ST-1611,110,23,21,126.97756958,37.56989288
2026-06-26T18:20:39.220602+09:00,광화문·덕수궁,광화문·덕수궁,POI009,KEY_2,305. 종로구청 옆,ST-121,44,7,16,126.97833252,37.57255936
2026-06-26T18:20:39.220602+09:00,광화문·덕수궁,광화문·덕수궁,POI009,KEY_2,309. 광화문역 6번출구 옆 B,ST-125,0,0,13,126.97615814,37.56996155
2026-06-26T18:20:39.220602+09:00,광화문·덕수궁,광화문·덕수궁,POI009,KEY_2,4719. 종로문화원 건너편,ST-3090,13,2,15,126.9805069,37.57571411
2026-06-26T18:20:39.220602+09:00,광화문·덕수궁,광화문·덕수궁,POI009,KEY_2,4718. 광화문역 6번출구 옆 A,ST-3075,40,4,10,126.9764328,37.56993103
2026-06-26T18:20:39.220602+09:00,광화문·덕수궁,광화문·덕수궁,POI009,KEY_2,6058. 시청역 2번출구,ST-3297,487,73,15,126.97702026,37.56557846
2026-06-26T18:20:39.220602+09:00,광화문·덕수궁,광화문·덕수궁,POI009,KEY_2,4796. 서울시청,ST-2693,5,1,20,126.97925568,37.5664711
2026-06-26T18:20:39.220602+09:00,보신각,보신각,POI010,KEY_3,316. 종각역 1번출구 앞,ST-132,25,2,8,126.98178864,37.57039642
2026-06-26T18:20:39.220602+09:00,보신각,보신각,POI010,KEY_3,385. 종각역 5번출구,ST-336,50,5,10,126.98265839,37.56983566
2026-06-26T18:20:39.220602+09:00,보신각,보신각,POI010,KEY_3,3408.종로타워빌딩,ST-1805,62,8,13,126.98323822,37.57070541
2026-06-26T18:20:39.220602+09:00,보신각,보신각,POI010,KEY_3,4708. 조계사앞사거리,ST-2472,67,4,6,126.98283386,37.5721817
2026-06-26T18:20:39.220602+09:00,서울 암사동 유적,서울 암사동 유적,POI011,KEY_4,1007.암사동 선사유적지,ST-491,121,17,14,127.13087463,37.55955887
2026-06-26T18:20:39.220602+09:00,서울 암사동 유적,서울 암사동 유적,POI011,KEY_4,3539. 서원마을,ST-1686,50,5,10,127.13283539,37.56379318
2026-06-26T18:20:39.220602+09:00,창덕궁·종묘,창덕궁·종묘,POI012,KEY_1,339. 종로4가 사거리,ST-155,10,1,10,126.99819183,37.57106781
2026-06-26T18:20:39.220602+09:00,창덕궁·종묘,창덕궁·종묘,POI012,KEY_1,337. 창경궁 입구,ST-153,140,7,5,126.99647522,37.57897949
2026-06-26T18:20:39.220602+09:00,창덕궁·종묘,창덕궁·종묘,POI012,KEY_1,359. 원남동사거리,ST-174,25,2,8,126.99768066,37.57606125
2026-06-26T18:20:39.220602+09:00,창덕궁·종묘,창덕궁·종묘,POI012,KEY_1,338. 세운스퀘어 앞,ST-154,0,0,18,126.99712372,37.57095718
2026-06-26T18:20:39.220602+09:00,창덕궁·종묘,창덕궁·종묘,POI012,KEY_1,3413.종로플레이스,ST-1810,0,0,22,126.99796295,37.57320023
2026-06-26T18:20:39.220602+09:00,창덕궁·종묘,창덕궁·종묘,POI012,KEY_1,3410.종로3가역 8번출구,ST-1807,130,13,10,126.99188995,37.5724678
2026-06-26T18:20:39.220602+09:00,창덕궁·종묘,창덕궁·종묘,POI012,KEY_1,3411.종묘,ST-1808,189,17,9,126.99437714,37.57072067
2026-06-26T18:20:39.220602+09:00,동대문 관광특구,동대문 관광특구,POI002,KEY_3,475.DDP 패션몰,ST-1781,29,6,21,127.0118103,37.56764984
2026-06-26T18:20:39.220602+09:00,동대문 관광특구,동대문 관광특구,POI002,KEY_3,346. 맥스타일 앞,ST-162,40,4,10,127.01014709,37.5689621
2026-06-26T18:20:39.220602+09:00,동대문 관광특구,동대문 관광특구,POI002,KEY_3,383. 신당역 12번 출구 뒤,ST-198,58,14,24,127.01642609,37.56591797
2026-06-26T18:20:39.220602+09:00,동대문 관광특구,동대문 관광특구,POI002,KEY_3,347. 동대문역사문화공원역 9번출구 앞,ST-163,6,1,18,127.00784302,37.56533051
2026-06-26T18:20:39.220602+09:00,동대문 관광특구,동대문 관광특구,POI002,KEY_3,474.동대문역사문화공원역 1번출구 뒤편,ST-1780,48,19,40,127.00849152,37.56629944
2026-06-26T18:20:39.220602+09:00,동대문 관광특구,동대문 관광특구,POI002,KEY_3,6061.충무아트센터,ST-3381,90,9,10,127.01522064,37.56538773
2026-06-26T18:20:39.220602+09:00,동대문 관광특구,동대문 관광특구,POI002,KEY_3,4765. 동대문디자인플라자,ST-2431,15,3,20,127.00946045,37.5683136
2026-06-26T18:20:39.220602+09:00,명동 관광특구,명동 관광특구,POI003,KEY_4,320. 을지로입구역 4번출구 앞,ST-136,29,5,17,126.98358917,37.56622314
2026-06-26T18:20:39.220602+09:00,명동 관광특구,명동 관광특구,POI003,KEY_4,433. 을지로입구역 2번출구,ST-1668,200,24,12,126.98229218,37.56634521
2026-06-26T18:20:39.220602+09:00,명동 관광특구,명동 관광특구,POI003,KEY_4,310. 청계광장 옆,ST-126,363,29,8,126.9774704,37.56887817
2026-06-26T18:20:39.220602+09:00,명동 관광특구,명동 관광특구,POI003,KEY_4,321. KEB 하나금융그룹 명동사옥 옆,ST-137,0,0,15,126.98413849,37.56546402
2026-06-26T18:20:39.220602+09:00,명동 관광특구,명동 관광특구,POI003,KEY_4,322. 명동성당 앞,ST-138,0,0,10,126.98696899,37.56447601
2026-06-26T18:20:39.220602+09:00,명동 관광특구,명동 관광특구,POI003,KEY_4,318. 광교사거리 남측,ST-134,100,10,10,126.98231506,37.56863403
2026-06-26T18:20:39.220602+09:00,명동 관광특구,명동 관광특구,POI003,KEY_4,331. 을지로2가 사거리 북측,ST-147,0,0,10,126.98720551,37.56638336
2026-06-26T18:20:39.220602+09:00,명동 관광특구,명동 관광특구,POI003,KEY_4,324. 신세계백화점 본점 앞,ST-140,38,3,8,126.9805069,37.56134415
2026-06-26T18:20:39.220602+09:00,명동 관광특구,명동 관광특구,POI003,KEY_4,466.롯데호텔,ST-1772,262,34,13,126.97981262,37.56584167
2026-06-26T18:20:39.220602+09:00,명동 관광특구,명동 관광특구,POI003,KEY_4,398. 을지로3가역 3번출구,ST-1435,25,2,8,126.99249268,37.56660461
2026-06-26T18:20:39.220602+09:00,명동 관광특구,명동 관광특구,POI003,KEY_4,3013.서울지방고용노동청 앞,ST-2422,0,0,7,126.98725891,37.56760406
2026-06-26T18:20:39.220602+09:00,명동 관광특구,명동 관광특구,POI003,KEY_4,4774. 을지로입구역 8번출구,ST-2520,33,3,9,126.98178101,37.56590271
2026-06-26T18:20:39.220602+09:00,명동 관광특구,명동 관광특구,POI003,KEY_4,4776. 신세계면세점,ST-2522,20,2,10,126.98139191,37.56027603
2026-06-26T18:20:39.220602+09:00,명동 관광특구,명동 관광특구,POI003,KEY_4,4762. 국제빌딩,ST-2517,90,9,10,126.98244476,37.56694794
2026-06-26T18:20:39.220602+09:00,명동 관광특구,명동 관광특구,POI003,KEY_4,6058. 시청역 2번출구,ST-3297,487,73,15,126.97702026,37.56557846
2026-06-26T18:20:39.220602+09:00,명동 관광특구,명동 관광특구,POI003,KEY_4,4791. 명동역9번 출구,ST-2527,110,11,10,126.98749542,37.56122589
2026-06-26T18:20:39.220602+09:00,명동 관광특구,명동 관광특구,POI003,KEY_4,4796. 서울시청,ST-2693,5,1,20,126.97925568,37.5664711
2026-06-26T18:20:39.220602+09:00,명동 관광특구,명동 관광특구,POI003,KEY_4,4775. 을지로지하쇼핑센터,ST-2521,10,1,10,126.98445129,37.56589127
2026-06-26T18:20:39.220602+09:00,이태원 관광특구,이태원 관광특구,POI004,KEY_1,857. 현대 안성타워,ST-2181,0,0,10,126.99797058,37.53508759
2026-06-26T18:20:39.220602+09:00,이태원 관광특구,이태원 관광특구,POI004,KEY_1,843. 이태원관광특구 입구(용산구청방향),ST-1445,0,0,19,126.98867035,37.53379822
2026-06-26T18:20:39.220602+09:00,이태원 관광특구,이태원 관광특구,POI004,KEY_1,4612. 이태원로 255,ST-2444,0,0,5,127.00084686,37.53749847
2026-06-26T18:20:39.220602+09:00,이태원 관광특구,이태원 관광특구,POI004,KEY_1,4623. 라인프랜즈이태원점 앞,ST-2453,0,0,10,126.99619293,37.53453064
2026-06-26T18:20:39.220602+09:00,이태원 관광특구,이태원 관광특구,POI004,KEY_1,4613. 서울갤러리아 앞,ST-2445,0,0,5,126.99937439,37.53597641
2026-06-26T18:20:39.220602+09:00,이태원 관광특구,이태원 관광특구,POI004,KEY_1,4634. 이태원역 3번 출구,ST-3056,0,0,5,126.99497223,37.5343895
2026-06-26T18:20:39.220602+09:00,이태원 관광특구,이태원 관광특구,POI004,KEY_1,854.HID 유족동지회 앞,ST-2178,10,1,10,127.0014801,37.53850937
2026-06-26T18:20:39.220602+09:00,잠실 관광특구,잠실 관광특구,POI005,KEY_2,1268. 몽촌토성역 1번출구 옆,ST-1087,7,1,15,127.11419678,37.51728821
2026-06-26T18:20:39.220602+09:00,잠실 관광특구,잠실 관광특구,POI005,KEY_2,1232. 잠실주공 521동 건너편,ST-550,220,22,10,127.09568787,37.51184082
2026-06-26T18:20:39.220602+09:00,잠실 관광특구,잠실 관광특구,POI005,KEY_2,1297. 석촌호수교차로(동호 팔각정 앞),ST-1586,0,0,15,127.10411835,37.50920105
2026-06-26T18:20:39.220602+09:00,잠실 관광특구,잠실 관광특구,POI005,KEY_2,1296. 석촌호수교차로 (송파나루근린공원 앞),ST-1585,50,5,10,127.1034317,37.50867844
2026-06-26T18:20:39.220602+09:00,잠실 관광특구,잠실 관광특구,POI005,KEY_2,1233. 잠실3거리(갤러리아팰리스),ST-551,56,5,9,127.09336853,37.51050949
2026-06-26T18:20:39.220602+09:00,잠실 관광특구,잠실 관광특구,POI005,KEY_2,1267. 올림픽공원 남2문 앞,ST-1086,0,0,14,127.12306976,37.51424026
2026-06-26T18:20:39.220602+09:00,잠실 관광특구,잠실 관광특구,POI005,KEY_2,2608. 송파구청,ST-1681,450,45,10,127.10611725,37.51499176
2026-06-26T18:20:39.220602+09:00,잠실 관광특구,잠실 관광특구,POI005,KEY_2,2647.잠실 자전거 수리센터 앞,ST-1868,214,15,7,127.10114288,37.51100922
2026-06-26T18:20:39.220602+09:00,잠실 관광특구,잠실 관광특구,POI005,KEY_2,2601. 석촌호수 아뜰리에,ST-1590,13,2,16,127.09883118,37.5067482
2026-06-26T18:20:39.220602+09:00,잠실 관광특구,잠실 관광특구,POI005,KEY_2,2621. 한성백제역 2번 출구,ST-1719,7,1,15,127.11625671,37.51665878
2026-06-26T18:20:39.220602+09:00,잠실 관광특구,잠실 관광특구,POI005,KEY_2,2622. 올림픽공원역 3번출구,ST-1720,5,1,20,127.13059235,37.51625824
2026-06-26T18:20:39.220602+09:00,잠실 관광특구,잠실 관광특구,POI005,KEY_2,4870. 몽촌토성역 3번 출구,ST-2876,50,5,10,127.11232758,37.5170784
2026-06-26T18:20:39.220602+09:00,잠실 관광특구,잠실 관광특구,POI005,KEY_2,4481. 올림픽공원 북2문 B,ST-2592,88,22,25,127.12751007,37.52397537
2026-06-26T18:20:39.220602+09:00,잠실 관광특구,잠실 관광특구,POI005,KEY_2,5768.방이삼거리,ST-3214,150,18,12,127.10822296,37.51237488
2026-06-26T18:20:39.220602+09:00,잠실 관광특구,잠실 관광특구,POI005,KEY_2,5781. 올림픽공원 수영장,ST-3300,357,50,14,127.12688446,37.52157211
2026-06-26T18:20:39.220602+09:00,잠실 관광특구,잠실 관광특구,POI005,KEY_2,4464. 올림픽공원 북2문 A,ST-2580,47,7,15,127.12804413,37.52357483
2026-06-26T18:20:39.220602+09:00,잠실 관광특구,잠실 관광특구,POI005,KEY_2,4857. 올림픽공원 장미광장,ST-2621,7,1,15,127.126297,37.51275635
2026-06-26T18:20:39.220602+09:00,잠실 관광특구,잠실 관광특구,POI005,KEY_2,4868. 석촌호수 서호 남단,ST-2833,10,1,10,127.10124207,37.50717163
2026-06-26T18:20:39.220602+09:00,잠실 관광특구,잠실 관광특구,POI005,KEY_2,5751. 송파여성축구장,ST-3069,10,1,10,127.11743927,37.52471542
2026-06-26T18:20:39.220602+09:00,잠실 관광특구,잠실 관광특구,POI005,KEY_2,4856. 올림픽공원 서1문 앞,ST-2608,70,7,10,127.11457062,37.5202179
2026-06-26T18:20:39.220602+09:00,잠실 관광특구,잠실 관광특구,POI005,KEY_2,4862. 성내교 남단,ST-2756,30,3,10,127.11588287,37.52301788
2026-06-26T18:20:39.220602+09:00,잠실 관광특구,잠실 관광특구,POI005,KEY_2,4865. 한성백제역 1번출구 뒤,ST-2797,60,3,5,127.1149826,37.51647949
2026-06-26T18:20:39.220602+09:00,잠실 관광특구,잠실 관광특구,POI005,KEY_2,1210. 롯데월드타워(잠실역2번출구 쪽),ST-891,167,50,30,127.10095978,37.51312637
2026-06-26T18:20:39.220602+09:00,종로·청계 관광특구,종로·청계 관광특구,POI006,KEY_3,397. 종묘공영주차장 건너편,ST-1432,23,3,13,126.99663544,37.57048035
2026-06-26T18:20:39.220602+09:00,종로·청계 관광특구,종로·청계 관광특구,POI006,KEY_3,455. 종로6가역 버스정류장(동대문 방향),ST-1608,38,3,8,127.00605774,37.570961
2026-06-26T18:20:39.220602+09:00,종로·청계 관광특구,종로·청계 관광특구,POI006,KEY_3,368. SK 서린빌딩 앞,ST-181,80,12,15,126.98053741,37.5692482
2026-06-26T18:20:39.220602+09:00,종로·청계 관광특구,종로·청계 관광특구,POI006,KEY_3,458. 광화문역 5번출구,ST-1611,110,23,21,126.97756958,37.56989288
2026-06-26T18:20:39.220602+09:00,종로·청계 관광특구,종로·청계 관광특구,POI006,KEY_3,385. 종각역 5번출구,ST-336,50,5,10,126.98265839,37.56983566
2026-06-26T18:20:39.220602+09:00,종로·청계 관광특구,종로·청계 관광특구,POI006,KEY_3,335. 종로3가역 15번출구 뒤,ST-151,120,12,10,126.99165344,37.57019424
2026-06-26T18:20:39.220602+09:00,종로·청계 관광특구,종로·청계 관광특구,POI006,KEY_3,393. 동대문역 8번 출구,ST-1372,17,2,12,127.00937653,37.57014084
2026-06-26T18:20:39.220602+09:00,종로·청계 관광특구,종로·청계 관광특구,POI006,KEY_3,329. 청계2가 사거리 옆,ST-145,75,6,8,126.98788452,37.56848526
2026-06-26T18:20:39.220602+09:00,종로·청계 관광특구,종로·청계 관광특구,POI006,KEY_3,3412.세운상가,ST-1809,40,6,15,126.99454498,37.5703125
2026-06-26T18:20:39.220602+09:00,종로·청계 관광특구,종로·청계 관광특구,POI006,KEY_3,3415.동대문역6번출구,ST-1812,140,21,15,127.0107193,37.57147217
2026-06-26T18:20:39.220602+09:00,종로·청계 관광특구,종로·청계 관광특구,POI006,KEY_3,3432.종로2가 사거리,ST-1829,57,8,14,126.98880768,37.57001877
2026-06-26T18:20:39.220602+09:00,종로·청계 관광특구,종로·청계 관광특구,POI006,KEY_3,4707. 청계3가 사거리,ST-2513,260,13,5,126.99211884,37.56855774
2026-06-26T18:20:39.220602+09:00,홍대 관광특구,홍대 관광특구,POI007,KEY_4,108. 서교동 사거리,ST-10,50,6,12,126.91861725,37.55274582
2026-06-26T18:20:39.220602+09:00,홍대 관광특구,홍대 관광특구,POI007,KEY_4,113. 홍대입구역 2번출구 앞,ST-18,136,38,28,126.9238205,37.5574379
2026-06-26T18:20:39.220602+09:00,홍대 관광특구,홍대 관광특구,POI007,KEY_4,493.홍대입구역 6번출구,ST-2152,186,13,7,126.9288559,37.55657578
2026-06-26T18:20:39.220602+09:00,홍대 관광특구,홍대 관광특구,POI007,KEY_4,104. 합정역 1번출구 앞,ST-6,8,1,13,126.91508484,37.55073929
2026-06-26T18:20:39.220602+09:00,홍대 관광특구,홍대 관광특구,POI007,KEY_4,114. 홍대입구역 8번출구 앞,ST-20,133,20,15,126.92442322,37.55706024
2026-06-26T18:20:39.220602+09:00,홍대 관광특구,홍대 관광특구,POI007,KEY_4,3009. 홍대입구역 사거리,ST-2167,65,13,20,126.92023468,37.55450058
2026-06-26T18:20:39.220602+09:00,홍대 관광특구,홍대 관광특구,POI007,KEY_4,3010.홍대입구역 3번출구,ST-2168,60,9,15,126.92538452,37.5582962
2026-06-26T18:20:39.220602+09:00,홍대 관광특구,홍대 관광특구,POI007,KEY_4,4211. 시석빌딩 앞,ST-2534,13,1,8,126.91671753,37.54836655
2026-06-26T18:20:39.220602+09:00,홍대 관광특구,홍대 관광특구,POI007,KEY_4,4208. 스타벅스(동교동) 앞,ST-2532,10,1,10,126.91986847,37.5566597
2026-06-26T18:20:39.220602+09:00,국립중앙박물관·용산가족공원,국립중앙박물관·용산가족공원,POI089,KEY_1,863.이촌역2번 출구,ST-2187,210,21,10,126.977005,37.52177048
2026-06-26T18:20:39.220602+09:00,국립중앙박물관·용산가족공원,국립중앙박물관·용산가족공원,POI089,KEY_1,855.이촌역5번출구 앞,ST-2179,40,4,10,126.97277069,37.52272415
2026-06-26T18:20:39.220602+09:00,남산공원,남산공원,POI091,KEY_3,859.남산공원 야외식물원 앞,ST-2183,0,0,10,126.99586487,37.54188538
2026-06-26T18:20:39.220602+09:00,남산공원,남산공원,POI091,KEY_3,371. 동대입구역 6번출구 뒤,ST-186,30,3,10,127.00553894,37.55887222
2026-06-26T18:20:39.220602+09:00,남산공원,남산공원,POI091,KEY_3,381. 장충체육관,ST-196,30,3,10,127.00698853,37.55853271
2026-06-26T18:20:39.220602+09:00,남산공원,남산공원,POI091,KEY_3,4621. 남산도서관 앞,ST-3054,83,10,12,126.98201752,37.55240631
2026-06-26T18:20:39.220602+09:00,노들섬,노들섬,POI092,KEY_4,869.노들섬 동측 앞,ST-2239,30,3,10,126.95914459,37.51729584
2026-06-26T18:20:39.220602+09:00,노들섬,노들섬,POI092,KEY_4,870.노들섬 서측 앞,ST-2240,0,0,10,126.95829773,37.51731873
2026-06-26T18:20:39.220602+09:00,망원한강공원,망원한강공원,POI094,KEY_2,105. 합정역 5번출구 앞,ST-7,20,1,5,126.91482544,37.55000687
2026-06-26T18:20:39.220602+09:00,망원한강공원,망원한강공원,POI094,KEY_2,5515.한강버스 망원 선착장,ST-3388,193,58,30,126.89590454,37.55466461
2026-06-26T18:20:39.220602+09:00,망원한강공원,망원한강공원,POI094,KEY_2,4217. 한강공원 망원나들목,ST-2905,65,13,20,126.89688873,37.55557632
2026-06-26T18:20:39.220602+09:00,보라매공원,보라매공원,POI123,KEY_4,4181. 보라매공원역 2번출구,ST-3117,50,3,6,126.91781616,37.49582291
2026-06-26T18:20:39.220602+09:00,보라매공원,보라매공원,POI123,KEY_4,4179. 보라매병원역 1번출구,ST-3105,10,2,20,126.92362976,37.49304199
2026-06-26T18:20:39.220602+09:00,북서울꿈의숲,북서울꿈의숲,POI096,KEY_1,1571.북서울 꿈의 숲 입구,ST-2401,10,1,10,127.03864288,37.62657166
2026-06-26T18:20:39.220602+09:00,북서울꿈의숲,북서울꿈의숲,POI096,KEY_1,3718. 번동3단지 버스정류장,ST-2610,136,15,11,127.04390717,37.628685
2026-06-26T18:20:39.220602+09:00,북서울꿈의숲,북서울꿈의숲,POI096,KEY_1,1548. 북서울 꿈의숲 서문,ST-1725,93,14,15,127.03781128,37.62268829
2026-06-26T18:20:39.220602+09:00,서대문독립공원,서대문독립공원,POI124,KEY_2,367. 독립문역 3-1번출구,ST-180,215,28,13,126.95851898,37.57415771
2026-06-26T18:20:39.220602+09:00,서대문독립공원,서대문독립공원,POI124,KEY_2,3113. 독립문 앞,ST-2199,133,20,15,126.95974731,37.57220459
2026-06-26T18:20:39.220602+09:00,서대문독립공원,서대문독립공원,POI124,KEY_2,3426.독립문역 2번출구 뒤,ST-1823,100,10,10,126.95755005,37.57501602
2026-06-26T18:20:39.220602+09:00,서대문독립공원,서대문독립공원,POI124,KEY_2,3427.인왕산 아이파크 정문,ST-1824,100,8,8,126.95584869,37.57666779
2026-06-26T18:20:39.220602+09:00,서리풀공원·몽마르뜨공원,서리풀공원·몽마르뜨공원,POI098,KEY_3,4312. 반포미도2차아파트 옆,ST-2663,0,0,10,127.00653076,37.50320435
2026-06-26T18:20:39.220602+09:00,서리풀공원·몽마르뜨공원,서리풀공원·몽마르뜨공원,POI098,KEY_3,4327. 몽마르뜨공원입구,ST-3009,73,8,11,127.0026474,37.4928894
2026-06-26T18:20:39.220602+09:00,서리풀공원·몽마르뜨공원,서리풀공원·몽마르뜨공원,POI098,KEY_3,4316. 고속터미널역 3번출구,ST-2667,92,23,25,127.0059433,37.50365829
2026-06-26T18:20:39.220602+09:00,서울숲공원,서울숲공원,POI101,KEY_1,510. 뚝도아리수정수센터 버스정류소 옆,ST-107,27,4,15,127.04380035,37.54122162
2026-06-26T18:20:39.220602+09:00,서울숲공원,서울숲공원,POI101,KEY_1,3552.서울숲 공영주차장앞,ST-2334,26,5,19,127.04277039,37.54195786
2026-06-26T18:20:39.220602+09:00,서울숲공원,서울숲공원,POI101,KEY_1,4401.뚝섬유수지 공영주차장,ST-3393,100,10,10,127.042099,37.55018234
2026-06-26T18:20:39.220602+09:00,송현녹지광장,송현녹지광장,POI129,KEY_2,354. 포르투갈 대사관 앞,ST-170,0,0,10,126.98896027,37.57915497
2026-06-26T18:20:39.220602+09:00,송현녹지광장,송현녹지광장,POI129,KEY_2,314. 국립현대미술관,ST-130,120,12,10,126.98085785,37.5797081
2026-06-26T18:20:39.220602+09:00,송현녹지광장,송현녹지광장,POI129,KEY_2,353. 재동초교 앞 삼거리,ST-169,88,7,8,126.9849472,37.57938766
2026-06-26T18:20:39.220602+09:00,송현녹지광장,송현녹지광장,POI129,KEY_2,3407.안국동사거리(신),ST-1804,11,2,18,126.98339081,37.57580566
2026-06-26T18:20:39.220602+09:00,송현녹지광장,송현녹지광장,POI129,KEY_2,4705. 웰니스센터(민방위교육장 앞),ST-2565,0,0,6,126.98912811,37.57752991
2026-06-26T18:20:39.220602+09:00,송현녹지광장,송현녹지광장,POI129,KEY_2,4719. 종로문화원 건너편,ST-3090,13,2,15,126.9805069,37.57571411
2026-06-26T18:20:39.220602+09:00,어린이대공원,어린이대공원,POI104,KEY_2,573. 구의문주차장 앞,ST-384,40,4,10,127.08473206,37.54523087
2026-06-26T18:20:39.220602+09:00,어린이대공원,어린이대공원,POI104,KEY_2,574. 아차산역4번출구,ST-385,32,7,22,127.08898163,37.55184937
2026-06-26T18:20:39.220602+09:00,어린이대공원,어린이대공원,POI104,KEY_2,500. 어린이대공원역 3번출구 앞,ST-97,160,8,5,127.07466888,37.54697037
2026-06-26T18:20:39.220602+09:00,어린이대공원,어린이대공원,POI104,KEY_2,3573.광나루안전체험관,ST-2312,20,3,15,127.07671356,37.5513382
2026-06-26T18:20:39.220602+09:00,어린이대공원,어린이대공원,POI104,KEY_2,3507. 어린이회관,ST-1192,81,25,31,127.07800293,37.54595184
2026-06-26T18:20:39.220602+09:00,어린이대공원,어린이대공원,POI104,KEY_2,3853. 어린이대공원역 2번출구,ST-2541,56,10,18,127.07470703,37.54764938
2026-06-26T18:20:39.220602+09:00,어린이대공원,어린이대공원,POI104,KEY_2,3529. 어린이대공원정문,ST-1603,60,9,15,127.07592773,37.54978943
2026-06-26T18:20:39.220602+09:00,어린이대공원,어린이대공원,POI104,KEY_2,3860. 건국대학교 정문 앞,ST-2542,50,5,10,127.07571411,37.5465126
2026-06-26T18:20:39.220602+09:00,여의도한강공원,여의도한강공원,POI105,KEY_3,260. 여의도 마리나선착장 앞,ST-414,60,9,15,126.91216278,37.53365707
2026-06-26T18:20:39.220602+09:00,여의도한강공원,여의도한강공원,POI105,KEY_3,249. 여의도중학교 옆,ST-297,0,0,16,126.93580627,37.52457809
2026-06-26T18:20:39.220602+09:00,여의도한강공원,여의도한강공원,POI105,KEY_3,5891.한강버스 여의도 선착장,ST-3402,127,38,30,126.93422699,37.52816391
2026-06-26T18:20:39.220602+09:00,여의도한강공원,여의도한강공원,POI105,KEY_3,5890.여의나루역 3번출구,ST-3401,27,3,11,126.93336487,37.52645493
2026-06-26T18:20:39.220602+09:00,여의서로,여의서로,POI126,KEY_4,298.KBS 연구동 건너편,ST-1970,28,7,25,126.91374207,37.52724838
2026-06-26T18:20:39.220602+09:00,여의서로,여의서로,POI126,KEY_4,260. 여의도 마리나선착장 앞,ST-414,60,9,15,126.91216278,37.53365707
2026-06-26T18:20:39.220602+09:00,여의서로,여의서로,POI126,KEY_4,297.국회3문,ST-1969,170,17,10,126.91267395,37.52863693
2026-06-26T18:20:39.220602+09:00,올림픽공원,올림픽공원,POI127,KEY_1,1268. 몽촌토성역 1번출구 옆,ST-1087,7,1,15,127.11419678,37.51728821
2026-06-26T18:20:39.220602+09:00,올림픽공원,올림픽공원,POI127,KEY_1,1267. 올림픽공원 남2문 앞,ST-1086,0,0,14,127.12306976,37.51424026
2026-06-26T18:20:39.220602+09:00,올림픽공원,올림픽공원,POI127,KEY_1,2622. 올림픽공원역 3번출구,ST-1720,10,2,20,127.13059235,37.51625824
2026-06-26T18:20:39.220602+09:00,올림픽공원,올림픽공원,POI127,KEY_1,2621. 한성백제역 2번 출구,ST-1719,20,3,15,127.11625671,37.51665878
2026-06-26T18:20:39.220602+09:00,올림픽공원,올림픽공원,POI127,KEY_1,5751. 송파여성축구장,ST-3069,0,0,10,127.11743927,37.52471542
2026-06-26T18:20:39.220602+09:00,올림픽공원,올림픽공원,POI127,KEY_1,4481. 올림픽공원 북2문 B,ST-2592,88,22,25,127.12751007,37.52397537
2026-06-26T18:20:39.220602+09:00,올림픽공원,올림픽공원,POI127,KEY_1,5781. 올림픽공원 수영장,ST-3300,350,49,14,127.12688446,37.52157211
2026-06-26T18:20:39.220602+09:00,올림픽공원,올림픽공원,POI127,KEY_1,4464. 올림픽공원 북2문 A,ST-2580,47,7,15,127.12804413,37.52357483
2026-06-26T18:20:39.220602+09:00,올림픽공원,올림픽공원,POI127,KEY_1,4857. 올림픽공원 장미광장,ST-2621,7,1,15,127.126297,37.51275635
2026-06-26T18:20:39.220602+09:00,올림픽공원,올림픽공원,POI127,KEY_1,4865. 한성백제역 1번출구 뒤,ST-2797,40,2,5,127.1149826,37.51647949
2026-06-26T18:20:39.220602+09:00,올림픽공원,올림픽공원,POI127,KEY_1,4862. 성내교 남단,ST-2756,40,4,10,127.11588287,37.52301788
2026-06-26T18:20:39.220602+09:00,올림픽공원,올림픽공원,POI127,KEY_1,4856. 올림픽공원 서1문 앞,ST-2608,60,6,10,127.11457062,37.5202179
2026-06-26T18:20:39.220602+09:00,월드컵공원,월드컵공원,POI106,KEY_2,413. 상암월드컵파크 3단지 후문,ST-92,60,6,10,126.88968658,37.57147598
2026-06-26T18:20:39.220602+09:00,월드컵공원,월드컵공원,POI106,KEY_2,418. 월드컵경기장역 3번출구 옆,ST-89,5,1,20,126.8992691,37.57277679
2026-06-26T18:20:39.220602+09:00,월드컵공원,월드컵공원,POI106,KEY_2,420. 서울시 공공자전거 상암센터,ST-85,97,36,37,126.8961792,37.56624603
2026-06-26T18:20:39.220602+09:00,월드컵공원,월드컵공원,POI106,KEY_2,199. 서울 월드컵 경기장,ST-443,97,29,30,126.89644623,37.56684494
2026-06-26T18:20:39.220602+09:00,월드컵공원,월드컵공원,POI106,KEY_2,440. 하늘공원 입구,ST-1754,0,0,15,126.88134766,37.57012177
2026-06-26T18:20:39.220602+09:00,월드컵공원,월드컵공원,POI106,KEY_2,186. 월드컵공원,ST-344,58,23,40,126.89820862,37.56396484
2026-06-26T18:20:39.220602+09:00,월드컵공원,월드컵공원,POI106,KEY_2,419. 홈플러스 마포점 앞,ST-87,162,34,21,126.89942932,37.56842041
2026-06-26T18:20:39.220602+09:00,월드컵공원,월드컵공원,POI106,KEY_2,3008.DMC역7번출구,ST-2166,70,7,10,126.89836121,37.57711411
2026-06-26T18:20:39.220602+09:00,응봉산,응봉산,POI107,KEY_3,569. 응봉현대아파트 정류소,ST-370,10,1,10,127.03024292,37.54958344
2026-06-26T18:20:39.220602+09:00,응봉산,응봉산,POI107,KEY_3,3511. 응봉역 1번출구,ST-1195,80,8,10,127.0351944,37.55130386
2026-06-26T18:20:39.220602+09:00,응봉산,응봉산,POI107,KEY_3,3525. 금호스포츠센터앞,ST-1599,147,22,15,127.02507019,37.54608917
2026-06-26T18:20:39.220602+09:00,청계산,청계산,POI112,KEY_4,2203. 청계산입구역 2번출구,ST-925,150,15,10,127.05501556,37.44765854
2026-06-26T18:20:39.220602+09:00,청계산,청계산,POI112,KEY_4,4338.새정이마을버스정류장 앞,ST-3216,80,4,5,127.06594849,37.43474579
2026-06-26T18:20:39.220602+09:00,가락시장,가락시장,POI058,KEY_2,2659.서울친환경유통센터,ST-2410,20,2,10,127.10492706,37.49420929
2026-06-26T18:20:39.220602+09:00,가락시장,가락시장,POI058,KEY_2,2658.가락몰 업무동,ST-2409,30,3,10,127.11569214,37.49535751
2026-06-26T18:20:39.220602+09:00,가락시장,가락시장,POI058,KEY_2,4854. 가락시장역 2번 출구,ST-2606,20,2,10,127.11798859,37.492733
2026-06-26T18:20:39.220602+09:00,가락시장,가락시장,POI058,KEY_2,4480. 가락시장 남1문 사거리,ST-2591,80,12,15,127.11745453,37.49201584
2026-06-26T18:20:39.220602+09:00,가로수길,가로수길,POI059,KEY_3,2362. 신사동 가로수길 입구,ST-1171,90,9,10,127.02245331,37.51763535
2026-06-26T18:20:39.220602+09:00,가로수길,가로수길,POI059,KEY_3,3606. 신사동주민센터 옆,ST-2673,120,12,10,127.02285004,37.52422714
2026-06-26T18:20:39.220602+09:00,가로수길,가로수길,POI059,KEY_3,4907. 극동스포츠 앞,ST-3078,260,13,5,127.02588654,37.5257225
2026-06-26T18:20:39.220602+09:00,가로수길,가로수길,POI059,KEY_3,4903. 신사스퀘어,ST-3066,30,3,10,127.0189743,37.51916885
2026-06-26T18:20:39.220602+09:00,김포공항,김포공항,POI061,KEY_1,3776. 김포공항사거리,ST-2484,140,14,10,126.80518341,37.5675354
2026-06-26T18:20:39.220602+09:00,김포공항,김포공항,POI061,KEY_1,5072. 김포공항입구 교통섬,ST-2947,130,13,10,126.80708313,37.56154633
2026-06-26T18:20:39.220602+09:00,남대문시장,남대문시장,POI115,KEY_2,470.회현역 7번출구,ST-1776,15,2,13,126.98000336,37.55974579
2026-06-26T18:20:39.220602+09:00,남대문시장,남대문시장,POI115,KEY_2,324. 신세계백화점 본점 앞,ST-140,38,3,8,126.9805069,37.56134415
2026-06-26T18:20:39.220602+09:00,남대문시장,남대문시장,POI115,KEY_2,4776. 신세계면세점,ST-2522,20,2,10,126.98139191,37.56027603
2026-06-26T18:20:39.220602+09:00,노량진,노량진,POI063,KEY_3,2070. 노량진역 2번 출구 앞,ST-1545,44,8,18,126.94306946,37.51391983
2026-06-26T18:20:39.220602+09:00,노량진,노량진,POI063,KEY_3,2003. 사육신공원앞,ST-877,60,6,10,126.94805908,37.51335907
2026-06-26T18:20:39.220602+09:00,노량진,노량진,POI063,KEY_3,2002. 노들역 1번출구,ST-683,100,17,17,126.95246887,37.51284409
2026-06-26T18:20:39.220602+09:00,노량진,노량진,POI063,KEY_3,2058. 동작경찰서,ST-1150,100,14,14,126.94352722,37.5135231
2026-06-26T18:20:39.220602+09:00,노량진,노량진,POI063,KEY_3,2050. 노량진역 5번출구,ST-699,120,18,15,126.93997192,37.51324844
2026-06-26T18:20:39.220602+09:00,덕수궁길·정동길,덕수궁길·정동길,POI064,KEY_4,300. 정동사거리,ST-116,0,0,6,126.96923065,37.56805038
2026-06-26T18:20:39.220602+09:00,덕수궁길·정동길,덕수궁길·정동길,POI064,KEY_4,391. 시립미술관,ST-977,50,4,8,126.97340393,37.56505203
2026-06-26T18:20:39.220602+09:00,덕수궁길·정동길,덕수궁길·정동길,POI064,KEY_4,4715. 돈의문 박물관 마을,ST-2923,0,0,15,126.96955109,37.56883621
2026-06-26T18:20:39.220602+09:00,덕수궁길·정동길,덕수궁길·정동길,POI064,KEY_4,6058. 시청역 2번출구,ST-3297,467,70,15,126.97702026,37.56557846
2026-06-26T18:20:39.220602+09:00,북촌한옥마을,북촌한옥마을,POI066,KEY_2,464. 삼청동 골목,ST-1756,30,3,10,126.98169708,37.58419037
2026-06-26T18:20:39.220602+09:00,북촌한옥마을,북촌한옥마을,POI066,KEY_2,354. 포르투갈 대사관 앞,ST-170,0,0,10,126.98896027,37.57915497
2026-06-26T18:20:39.220602+09:00,북촌한옥마을,북촌한옥마을,POI066,KEY_2,451. 청와대앞길,ST-979,0,0,8,126.97966766,37.58351517
2026-06-26T18:20:39.220602+09:00,북촌한옥마을,북촌한옥마을,POI066,KEY_2,352. 중앙고입구 삼거리,ST-168,70,7,10,126.98523712,37.58341599
2026-06-26T18:20:39.220602+09:00,북촌한옥마을,북촌한옥마을,POI066,KEY_2,465. 삼청공원 앞,ST-1759,40,2,5,126.9835968,37.58760452
2026-06-26T18:20:39.220602+09:00,북촌한옥마을,북촌한옥마을,POI066,KEY_2,314. 국립현대미술관,ST-130,120,12,10,126.98085785,37.5797081
2026-06-26T18:20:39.220602+09:00,북촌한옥마을,북촌한옥마을,POI066,KEY_2,353. 재동초교 앞 삼거리,ST-169,88,7,8,126.9849472,37.57938766
2026-06-26T18:20:39.220602+09:00,북촌한옥마을,북촌한옥마을,POI066,KEY_2,3407.안국동사거리(신),ST-1804,11,2,18,126.98339081,37.57580566
2026-06-26T18:20:39.220602+09:00,북촌한옥마을,북촌한옥마을,POI066,KEY_2,4705. 웰니스센터(민방위교육장 앞),ST-2565,0,0,6,126.98912811,37.57752991
2026-06-26T18:20:39.220602+09:00,북촌한옥마을,북촌한옥마을,POI066,KEY_2,4719. 종로문화원 건너편,ST-3090,13,2,15,126.9805069,37.57571411
2026-06-26T18:20:39.220602+09:00,서촌,서촌,POI067,KEY_3,450. 효자동 삼거리,ST-978,31,16,51,126.97254944,37.58360291
2026-06-26T18:20:39.220602+09:00,서촌,서촌,POI067,KEY_3,349. 어린이도서관,ST-165,20,1,5,126.96858978,37.57633209
2026-06-26T18:20:39.220602+09:00,서촌,서촌,POI067,KEY_3,4721. 통인시장 정자,ST-3354,113,9,8,126.96878815,37.58055878
2026-06-26T18:20:39.220602+09:00,서촌,서촌,POI067,KEY_3,4710. 자교교회 앞,ST-2473,0,0,8,126.97123718,37.58114624
2026-06-26T18:20:39.220602+09:00,성수카페거리,성수카페거리,POI068,KEY_4,587. 유니베라 앞,ST-482,20,2,10,127.05264282,37.54541779
2026-06-26T18:20:39.220602+09:00,성수카페거리,성수카페거리,POI068,KEY_4,513. 뚝섬역 5번 출구 정류소 옆,ST-111,46,6,13,127.04980469,37.54630661
2026-06-26T18:20:39.220602+09:00,성수카페거리,성수카페거리,POI068,KEY_4,514. 성수사거리 버스정류장 앞,ST-112,0,0,12,127.06330872,37.54257965
2026-06-26T18:20:39.220602+09:00,성수카페거리,성수카페거리,POI068,KEY_4,3548.뚝섬역 6번출구,ST-2330,90,9,10,127.04766846,37.54695892
2026-06-26T18:20:39.220602+09:00,성수카페거리,성수카페거리,POI068,KEY_4,4399. 더리브 세종타워 앞,ST-3326,57,4,7,127.0580368,37.54378128
2026-06-26T18:20:39.220602+09:00,성수카페거리,성수카페거리,POI068,KEY_4,4387. 성수역 1번출구 주변,ST-3121,25,2,8,127.05336761,37.54555893
2026-06-26T18:20:39.220602+09:00,성수카페거리,성수카페거리,POI068,KEY_4,4398. 유원지식산업센터 앞,ST-3325,6,1,16,127.05593109,37.54436493
2026-06-26T18:20:39.220602+09:00,성수카페거리,성수카페거리,POI068,KEY_4,4377. 우영테크노센터 앞,ST-3003,250,20,8,127.05971527,37.54332352
2026-06-26T18:20:39.220602+09:00,송리단길·호수단길,송리단길·호수단길,POI121,KEY_1,2639.석촌역 8번출구,ST-1866,28,5,18,127.10657501,37.50550461
2026-06-26T18:20:39.220602+09:00,송리단길·호수단길,송리단길·호수단길,POI121,KEY_1,4868. 석촌호수 서호 남단,ST-2833,10,1,10,127.10124207,37.50717163
2026-06-26T18:20:39.220602+09:00,신촌 스타광장,신촌 스타광장,POI122,KEY_2,128. 신촌역(2호선) 1번출구 옆,ST-30,58,11,19,126.93634033,37.55549622
2026-06-26T18:20:39.220602+09:00,신촌 스타광장,신촌 스타광장,POI122,KEY_2,3116.신촌역 4번출구,ST-2201,90,9,10,126.93720245,37.55550385
2026-06-26T18:20:39.220602+09:00,압구정로데오거리,압구정로데오거리,POI071,KEY_3,2365. K+ 타워 앞,ST-1174,27,4,15,127.03847504,37.52330017
2026-06-26T18:20:39.220602+09:00,압구정로데오거리,압구정로데오거리,POI071,KEY_3,2310. 청담동 맥도날드 옆(위치),ST-794,70,7,10,127.04017639,37.52361298
2026-06-26T18:20:39.220602+09:00,여의도,여의도,POI072,KEY_4,201. 진미파라곤 앞,ST-46,0,0,15,126.92133331,37.53123856
2026-06-26T18:20:39.220602+09:00,여의도,여의도,POI072,KEY_4,203. 국회의사당역 3번출구 옆,ST-51,7,1,15,126.91870117,37.5280571
2026-06-26T18:20:39.220602+09:00,여의도,여의도,POI072,KEY_4,226. 샛강역 1번출구 앞,ST-72,79,15,19,126.92841339,37.51776505
2026-06-26T18:20:39.220602+09:00,여의도,여의도,POI072,KEY_4,204. 국회의사당역 5번출구 옆,ST-50,8,1,13,126.91702271,37.52816391
2026-06-26T18:20:39.220602+09:00,여의도,여의도,POI072,KEY_4,222. 시범아파트버스정류장 옆,ST-68,0,0,12,126.93688965,37.51902008
2026-06-26T18:20:39.220602+09:00,여의도,여의도,POI072,KEY_4,224. 롯데캐슬 앞,ST-70,0,0,20,126.93236542,37.5200882
2026-06-26T18:20:39.220602+09:00,여의도,여의도,POI072,KEY_4,207. 여의나루역 1번출구 앞,ST-73,9,4,46,126.93190002,37.52715683
2026-06-26T18:20:39.220602+09:00,여의도,여의도,POI072,KEY_4,223. 진주아파트상가 앞,ST-69,10,2,20,126.9333725,37.51913071
2026-06-26T18:20:39.220602+09:00,여의도,여의도,POI072,KEY_4,214. 금융감독원 앞,ST-60,0,0,21,126.9208374,37.5230217
2026-06-26T18:20:39.220602+09:00,여의도,여의도,POI072,KEY_4,213. KT앞,ST-59,0,0,19,126.91895294,37.52190781
2026-06-26T18:20:39.220602+09:00,여의도,여의도,POI072,KEY_4,209. 유진투자증권빌딩 앞,ST-55,0,0,22,126.92783356,37.52461243
2026-06-26T18:20:39.220602+09:00,여의도,여의도,POI072,KEY_4,299.여의도 순복음교회,ST-1971,10,1,10,126.92245483,37.53179169
2026-06-26T18:20:39.220602+09:00,여의도,여의도,POI072,KEY_4,200. 국회의원회관,ST-45,27,6,22,126.91391754,37.52841568
2026-06-26T18:20:39.220602+09:00,여의도,여의도,POI072,KEY_4,205. 산업은행 앞,ST-52,0,0,20,126.92050934,37.52626419
2026-06-26T18:20:39.220602+09:00,여의도,여의도,POI072,KEY_4,225. 앙카라공원 앞,ST-71,77,20,26,126.92961884,37.51758575
2026-06-26T18:20:39.220602+09:00,여의도,여의도,POI072,KEY_4,202. 국민일보 앞,ST-47,0,0,30,126.92453003,37.52881622
2026-06-26T18:20:39.220602+09:00,여의도,여의도,POI072,KEY_4,248. 초원아파트 앞,ST-296,20,2,10,126.92420959,37.53105545
2026-06-26T18:20:39.220602+09:00,여의도,여의도,POI072,KEY_4,221. 여의도초교 앞,ST-67,70,7,10,126.93778992,37.52267456
2026-06-26T18:20:39.220602+09:00,여의도,여의도,POI072,KEY_4,270. 증권거래소후문교차로,ST-424,10,1,10,126.92710114,37.52234268
2026-06-26T18:20:39.220602+09:00,여의도,여의도,POI072,KEY_4,217. NH농협은행 앞,ST-66,7,1,15,126.93036652,37.52207947
2026-06-26T18:20:39.220602+09:00,여의도,여의도,POI072,KEY_4,298.KBS 연구동 건너편,ST-1970,28,7,25,126.91374207,37.52724838
2026-06-26T18:20:39.220602+09:00,여의도,여의도,POI072,KEY_4,260. 여의도 마리나선착장 앞,ST-414,60,9,15,126.91216278,37.53365707
2026-06-26T18:20:39.220602+09:00,여의도,여의도,POI072,KEY_4,249. 여의도중학교 옆,ST-297,0,0,16,126.93580627,37.52457809
2026-06-26T18:20:39.220602+09:00,여의도,여의도,POI072,KEY_4,215. 여의도고교 앞,ST-64,10,1,10,126.93490601,37.52483749
2026-06-26T18:20:39.220602+09:00,여의도,여의도,POI072,KEY_4,219. 롯데캐슬엠파이어 옆,ST-62,100,12,12,126.92583466,37.52069473
2026-06-26T18:20:39.220602+09:00,여의도,여의도,POI072,KEY_4,206. KBS 앞,ST-53,3,1,35,126.91802216,37.52466583
2026-06-26T18:20:39.220602+09:00,여의도,여의도,POI072,KEY_4,220. 미성아파트 A동 앞,ST-63,20,6,30,126.92604828,37.5193634
2026-06-26T18:20:39.220602+09:00,여의도,여의도,POI072,KEY_4,271. 샛강생태공원방문자센터 앞,ST-425,10,1,10,126.9216156,37.51896286
2026-06-26T18:20:39.220602+09:00,여의도,여의도,POI072,KEY_4,297.국회3문,ST-1969,170,17,10,126.91267395,37.52863693
2026-06-26T18:20:39.220602+09:00,여의도,여의도,POI072,KEY_4,4564. 63스퀘어,ST-2814,0,0,17,126.93965912,37.52070999
2026-06-26T18:20:39.220602+09:00,여의도,여의도,POI072,KEY_4,5853. 여의도역2번출구 앞,ST-3061,10,1,10,126.92271423,37.52243423
2026-06-26T18:20:39.220602+09:00,여의도,여의도,POI072,KEY_4,5889.의원회관출입구 앞,ST-3377,50,5,10,126.91479492,37.52985382
2026-06-26T18:20:39.220602+09:00,여의도,여의도,POI072,KEY_4,5892.국회의사당본관 좌측,ST-3383,0,0,7,126.91375732,37.53090286
2026-06-26T18:20:39.220602+09:00,여의도,여의도,POI072,KEY_4,5891.한강버스 여의도 선착장,ST-3402,127,38,30,126.93422699,37.52816391
2026-06-26T18:20:39.220602+09:00,여의도,여의도,POI072,KEY_4,4583. 의정관,ST-2647,0,0,12,126.91747284,37.53214645
2026-06-26T18:20:39.220602+09:00,여의도,여의도,POI072,KEY_4,5859. 여의도 삼부아파트,ST-3160,0,0,10,126.93045807,37.52539444
2026-06-26T18:20:39.220602+09:00,여의도,여의도,POI072,KEY_4,4582. 국회도서관,ST-2646,17,2,12,126.91817474,37.53054047
2026-06-26T18:20:39.220602+09:00,여의도,여의도,POI072,KEY_4,5870. LG트윈타워 앞,ST-3239,0,0,20,126.93017578,37.52833176
2026-06-26T18:20:39.220602+09:00,여의도,여의도,POI072,KEY_4,4563. 여의도 은하아파트,ST-2813,30,3,10,126.93448639,37.51850891
2026-06-26T18:20:39.220602+09:00,여의도,여의도,POI072,KEY_4,5888.여의도성당,ST-3375,0,0,7,126.93920898,37.52164459
2026-06-26T18:20:39.220602+09:00,여의도,여의도,POI072,KEY_4,5878. 우리은행 앞,ST-3315,0,0,20,126.92162323,37.52349091
2026-06-26T18:20:39.220602+09:00,여의도,여의도,POI072,KEY_4,4584. 국회2문,ST-2648,78,7,9,126.91510773,37.52864075
2026-06-26T18:20:39.220602+09:00,여의도,여의도,POI072,KEY_4,4580. 국회제2의원회관,ST-2644,24,4,17,126.91316986,37.52974701
2026-06-26T18:20:39.220602+09:00,여의도,여의도,POI072,KEY_4,4579. 국회의사당 본관,ST-2643,35,6,17,126.91404724,37.5325737
2026-06-26T18:20:39.220602+09:00,여의도,여의도,POI072,KEY_4,4585. 국회6문,ST-2694,0,0,6,126.91799164,37.53271866
2026-06-26T18:20:39.220602+09:00,여의도,여의도,POI072,KEY_4,5880. 국회박물관,ST-3319,0,0,7,126.91945648,37.53183365
2026-06-26T18:20:39.220602+09:00,여의도,여의도,POI072,KEY_4,5897.여의도공작아파트,ST-3426,20,2,10,126.92987061,37.52595139
2026-06-26T18:20:39.220602+09:00,여의도,여의도,POI072,KEY_4,5893.한국산업은행,ST-3397,0,0,10,126.92175293,37.52814484
2026-06-26T18:20:39.220602+09:00,여의도,여의도,POI072,KEY_4,4589. KRX한국거래소(1),ST-2899,17,3,18,126.92759705,37.52338028
2026-06-26T18:20:39.220602+09:00,여의도,여의도,POI072,KEY_4,5879. 국회도서관 2문 앞,ST-3318,13,1,8,126.91668701,37.53107071
2026-06-26T18:20:39.220602+09:00,여의도,여의도,POI072,KEY_4,5890.여의나루역 3번출구,ST-3401,27,3,11,126.93336487,37.52645493
2026-06-26T18:20:39.220602+09:00,여의도,여의도,POI072,KEY_4,4581. 국회소통관,ST-2645,0,0,12,126.9128952,37.53050232
2026-06-26T18:20:39.220602+09:00,연남동,연남동,POI073,KEY_1,107. 수협 연남동지점,ST-9,0,0,10,126.91871643,37.55784607
2026-06-26T18:20:39.220602+09:00,연남동,연남동,POI073,KEY_1,4233. 코오롱아파트사거리,ST-2979,40,4,10,126.92149353,37.56306458
2026-06-26T18:20:39.220602+09:00,영등포 타임스퀘어,영등포 타임스퀘어,POI074,KEY_2,284. 센트럴 푸르지오 시티 앞,ST-1650,156,25,16,126.90222931,37.51821136
2026-06-26T18:20:39.220602+09:00,영등포 타임스퀘어,영등포 타임스퀘어,POI074,KEY_2,3219.영등포역 1번출구,ST-1990,40,4,10,126.9077301,37.5148468
2026-06-26T18:20:39.220602+09:00,영등포 타임스퀘어,영등포 타임스퀘어,POI074,KEY_2,5868. 로프트시티오피스텔,ST-3238,333,20,6,126.90843201,37.51906204
2026-06-26T18:20:39.220602+09:00,영등포 타임스퀘어,영등포 타임스퀘어,POI074,KEY_2,4565. 영등포 신세계백화점,ST-2815,210,21,10,126.90364838,37.51803589
2026-06-26T18:20:39.220602+09:00,영등포 타임스퀘어,영등포 타임스퀘어,POI074,KEY_2,5858. 영등포역5번출구,ST-3142,790,79,10,126.90807343,37.51669312
2026-06-26T18:20:39.220602+09:00,용리단길,용리단길,POI076,KEY_3,816. 신용산역 6번출구 앞,ST-435,108,27,25,126.96848297,37.53014755
2026-06-26T18:20:39.220602+09:00,용리단길,용리단길,POI076,KEY_3,817. 삼각지역 4번출구 앞,ST-436,22,2,9,126.97173309,37.53345108
2026-06-26T18:20:39.220602+09:00,이태원 앤틱가구거리,이태원 앤틱가구거리,POI077,KEY_4,4634. 이태원역 3번 출구,ST-3056,0,0,5,126.99497223,37.5343895
2026-06-26T18:20:39.220602+09:00,이태원 앤틱가구거리,이태원 앤틱가구거리,POI077,KEY_4,4615. 크라운호텔앞 버스정류소,ST-2446,0,0,7,126.99137878,37.53030014
2026-06-26T18:20:39.220602+09:00,익선동,익선동,POI116,KEY_1,334. 종로3가역 2번출구 뒤,ST-150,80,8,10,126.99179077,37.5705986
2026-06-26T18:20:39.220602+09:00,익선동,익선동,POI116,KEY_1,327. 낙원상가 옆,ST-143,60,6,10,126.9874649,37.57335663
2026-06-26T18:20:39.220602+09:00,익선동,익선동,POI116,KEY_1,328. 탑골공원 앞,ST-144,36,4,11,126.9881897,37.57039642
2026-06-26T18:20:39.220602+09:00,익선동,익선동,POI116,KEY_1,3410.종로3가역 8번출구,ST-1807,120,12,10,126.99188995,37.5724678
2026-06-26T18:20:39.220602+09:00,익선동,익선동,POI116,KEY_1,4713. 현대 뜨레비앙 아파트 앞,ST-2623,0,0,7,126.99062347,37.57528305
2026-06-26T18:20:39.220602+09:00,인사동,인사동,POI078,KEY_2,327. 낙원상가 옆,ST-143,60,6,10,126.9874649,37.57335663
2026-06-26T18:20:39.220602+09:00,인사동,인사동,POI078,KEY_2,326. 안국역 5번출구 앞,ST-142,40,6,15,126.98616028,37.57624054
2026-06-26T18:20:39.220602+09:00,인사동,인사동,POI078,KEY_2,454. 종로2가 버스정류장 (종각방향),ST-1607,8,1,13,126.98638153,37.57035828
2026-06-26T18:20:39.220602+09:00,인사동,인사동,POI078,KEY_2,3408.종로타워빌딩,ST-1805,62,8,13,126.98323822,37.57070541
2026-06-26T18:20:39.220602+09:00,창동 신경제 중심지,창동 신경제 중심지,POI079,KEY_4,1756.서울북부광역등기국,ST-2101,50,5,10,127.04431915,37.65148544
2026-06-26T18:20:39.220602+09:00,창동 신경제 중심지,창동 신경제 중심지,POI079,KEY_4,1657. 노원구청,ST-1125,35,7,20,127.05732727,37.65404892
2026-06-26T18:20:39.220602+09:00,창동 신경제 중심지,창동 신경제 중심지,POI079,KEY_4,1674. 서울북부고용센터앞,ST-1291,47,7,15,127.05808258,37.65354919
2026-06-26T18:20:39.220602+09:00,창동 신경제 중심지,창동 신경제 중심지,POI079,KEY_4,1653. 노원역1번출구,ST-1121,240,24,10,127.06362152,37.65620041
2026-06-26T18:20:39.220602+09:00,창동 신경제 중심지,창동 신경제 중심지,POI079,KEY_4,1722. 창동청소년수련관,ST-1292,80,12,15,127.05004883,37.65779877
2026-06-26T18:20:39.220602+09:00,창동 신경제 중심지,창동 신경제 중심지,POI079,KEY_4,1662. 노원역7번출구,ST-1279,120,24,20,127.05921173,37.65421677
2026-06-26T18:20:39.220602+09:00,창동 신경제 중심지,창동 신경제 중심지,POI079,KEY_4,1637. KT 전화국 버스정류장 옆,ST-611,178,16,9,127.06372833,37.6546669
2026-06-26T18:20:39.220602+09:00,창동 신경제 중심지,창동 신경제 중심지,POI079,KEY_4,1690. 도봉운전면허시험장 버스정류장 옆,ST-1641,30,3,10,127.05931091,37.6577301
2026-06-26T18:20:39.220602+09:00,창동 신경제 중심지,창동 신경제 중심지,POI079,KEY_4,1716. 창동역 1번출구 건너편,ST-1132,13,1,8,127.05072784,37.65420151
2026-06-26T18:20:39.220602+09:00,창동 신경제 중심지,창동 신경제 중심지,POI079,KEY_4,1775.신원리베르텔 앞,ST-2120,73,11,15,127.04554749,37.65128708
2026-06-26T18:20:39.220602+09:00,창동 신경제 중심지,창동 신경제 중심지,POI079,KEY_4,1686. 상계주공10단지 종합상가 앞,ST-1476,47,7,15,127.05805206,37.66114044
2026-06-26T18:20:39.220602+09:00,창동 신경제 중심지,창동 신경제 중심지,POI079,KEY_4,4096.창동역2번출구 하나은행365 앞,ST-3368,300,24,8,127.04550171,37.65283585
2026-06-26T18:20:39.220602+09:00,창동 신경제 중심지,창동 신경제 중심지,POI079,KEY_4,4098.창동역 1번출구 인근,ST-3430,250,20,8,127.04838562,37.65290833
2026-06-26T18:20:39.220602+09:00,창동 신경제 중심지,창동 신경제 중심지,POI079,KEY_4,5333. 노원역9번-10번 출구 앞,ST-3288,210,21,10,127.063591,37.65655518
2026-06-26T18:20:39.220602+09:00,창동 신경제 중심지,창동 신경제 중심지,POI079,KEY_4,5311. 주공601동 상가 노원지하보도 앞,ST-3116,340,17,5,127.06147766,37.65190125
2026-06-26T18:20:39.220602+09:00,청량리 제기동 일대 전통시장,청량리 제기동 일대 전통시장,POI081,KEY_2,640. 동대문경찰서 교차로,ST-407,267,16,6,127.04460144,37.58255005
2026-06-26T18:20:39.220602+09:00,청량리 제기동 일대 전통시장,청량리 제기동 일대 전통시장,POI081,KEY_2,676.FITI시험연구원 앞,ST-2276,111,10,9,127.03547668,37.58143234
2026-06-26T18:20:39.220602+09:00,청량리 제기동 일대 전통시장,청량리 제기동 일대 전통시장,POI081,KEY_2,633. 청량리 기업은행 앞,ST-400,250,20,8,127.04472351,37.58049774
2026-06-26T18:20:39.220602+09:00,청량리 제기동 일대 전통시장,청량리 제기동 일대 전통시장,POI081,KEY_2,4147.청량리역광장,ST-3405,57,20,35,127.04673767,37.58024597
2026-06-26T18:20:39.220602+09:00,청량리 제기동 일대 전통시장,청량리 제기동 일대 전통시장,POI081,KEY_2,4149.제기동역 5번출구,ST-3428,29,2,7,127.03381348,37.5779953
2026-06-26T18:20:39.220602+09:00,청량리 제기동 일대 전통시장,청량리 제기동 일대 전통시장,POI081,KEY_2,4134. 제기동 현대아파트 앞,ST-3206,40,4,10,127.0353241,37.57994843
2026-06-26T18:20:39.220602+09:00,DDP(동대문디자인플라자),DDP(동대문디자인플라자),POI083,KEY_4,475.DDP 패션몰,ST-1781,29,6,21,127.0118103,37.56764984
2026-06-26T18:20:39.220602+09:00,DDP(동대문디자인플라자),DDP(동대문디자인플라자),POI083,KEY_4,347. 동대문역사문화공원역 9번출구 앞,ST-163,6,1,18,127.00784302,37.56533051
2026-06-26T18:20:39.220602+09:00,DDP(동대문디자인플라자),DDP(동대문디자인플라자),POI083,KEY_4,474.동대문역사문화공원역 1번출구 뒤편,ST-1780,45,18,40,127.00849152,37.56629944
2026-06-26T18:20:39.220602+09:00,DDP(동대문디자인플라자),DDP(동대문디자인플라자),POI083,KEY_4,4765. 동대문디자인플라자,ST-2431,15,3,20,127.00946045,37.5683136
2026-06-26T18:20:39.220602+09:00,DMC(디지털미디어시티),DMC(디지털미디어시티),POI084,KEY_1,490.가온문화공원,ST-2149,22,5,23,126.88766479,37.58207703
2026-06-26T18:20:39.220602+09:00,DMC(디지털미디어시티),DMC(디지털미디어시티),POI084,KEY_1,409. 누리꿈스퀘어 옆,ST-86,30,9,30,126.88916016,37.57939911
2026-06-26T18:20:39.220602+09:00,DMC(디지털미디어시티),DMC(디지털미디어시티),POI084,KEY_1,414. 상암동주민센터 옆,ST-94,125,10,8,126.89447021,37.57822037
2026-06-26T18:20:39.220602+09:00,DMC(디지털미디어시티),DMC(디지털미디어시티),POI084,KEY_1,405. DMC빌 앞,ST-80,25,2,8,126.88578796,37.58265686
2026-06-26T18:20:39.220602+09:00,DMC(디지털미디어시티),DMC(디지털미디어시티),POI084,KEY_1,411. DMC홍보관,ST-90,50,5,10,126.89147186,37.5779953
2026-06-26T18:20:39.220602+09:00,DMC(디지털미디어시티),DMC(디지털미디어시티),POI084,KEY_1,489.구룡근린공원,ST-2148,60,6,10,126.88276672,37.58320236
2026-06-26T18:20:39.220602+09:00,DMC(디지털미디어시티),DMC(디지털미디어시티),POI084,KEY_1,412. DMC산학협력연구센터 앞,ST-91,0,0,21,126.89079285,37.57565689
2026-06-26T18:20:39.220602+09:00,DMC(디지털미디어시티),DMC(디지털미디어시티),POI084,KEY_1,425. DMC첨단산업센터,ST-991,30,3,10,126.88559723,37.58450317
2026-06-26T18:20:39.220602+09:00,DMC(디지털미디어시티),DMC(디지털미디어시티),POI084,KEY_1,408. LG CNS앞,ST-84,43,6,14,126.88665009,37.58081055
2026-06-26T18:20:39.220602+09:00,DMC(디지털미디어시티),DMC(디지털미디어시티),POI084,KEY_1,417. DMC역 2번출구 옆,ST-93,35,7,20,126.8999176,37.57506943
2026-06-26T18:20:39.220602+09:00,DMC(디지털미디어시티),DMC(디지털미디어시티),POI084,KEY_1,415. DMC역 9번출구 앞,ST-95,170,17,10,126.89736176,37.57746887
2026-06-26T18:20:39.220602+09:00,DMC(디지털미디어시티),DMC(디지털미디어시티),POI084,KEY_1,3007.MBC 앞,ST-2165,0,0,10,126.89044952,37.58198166
2026-06-26T18:20:39.220602+09:00,DMC(디지털미디어시티),DMC(디지털미디어시티),POI084,KEY_1,3008.DMC역7번출구,ST-2166,70,7,10,126.89836121,37.57711411
2026-06-26T18:20:39.220602+09:00,DMC(디지털미디어시티),DMC(디지털미디어시티),POI084,KEY_1,4238. 상암한샘빌딩앞,ST-2981,57,4,7,126.89867401,37.57649231
2026-06-26T18:20:39.220602+09:00,DMC(디지털미디어시티),DMC(디지털미디어시티),POI084,KEY_1,4218. 디지털매직스페이스,ST-2974,8,1,13,126.88957977,37.58119965
2026-06-26T18:20:39.220602+09:00,DMC(디지털미디어시티),DMC(디지털미디어시티),POI084,KEY_1,4214. JTBC 앞,ST-2537,0,0,10,126.8901825,37.57730484
2026-06-26T18:20:39.220602+09:00,가산디지털단지역,가산디지털단지역,POI013,KEY_2,1835. STX V타워,ST-641,140,14,10,126.88442993,37.47706985
2026-06-26T18:20:39.220602+09:00,가산디지털단지역,가산디지털단지역,POI013,KEY_2,1851. 가산디지털단지 9번출구 인근,ST-1403,50,5,10,126.88148499,37.48123169
2026-06-26T18:20:39.220602+09:00,가산디지털단지역,가산디지털단지역,POI013,KEY_2,1805. 서울디지털운동장 앞,ST-620,20,2,10,126.87776947,37.48228836
2026-06-26T18:20:39.220602+09:00,가산디지털단지역,가산디지털단지역,POI013,KEY_2,1850. 코오롱테크노밸리,ST-1277,100,10,10,126.8863678,37.48015976
2026-06-26T18:20:39.220602+09:00,가산디지털단지역,가산디지털단지역,POI013,KEY_2,1834. 월드메르디앙 벤처센터 2차,ST-640,50,5,10,126.87904358,37.47908401
2026-06-26T18:20:39.220602+09:00,가산디지털단지역,가산디지털단지역,POI013,KEY_2,1812. 갑을그레이트밸리 앞,ST-624,230,23,10,126.88729858,37.47903061
2026-06-26T18:20:39.220602+09:00,가산디지털단지역,가산디지털단지역,POI013,KEY_2,1806. 에이스하이엔드타워9차 앞,ST-621,220,22,10,126.87863922,37.48621368
2026-06-26T18:20:39.220602+09:00,가산디지털단지역,가산디지털단지역,POI013,KEY_2,1839. 수출의 다리 아래,ST-1140,125,25,20,126.88615417,37.47743607
2026-06-26T18:20:39.220602+09:00,가산디지털단지역,가산디지털단지역,POI013,KEY_2,1849. 대륭포스트타워5차,ST-1276,160,16,10,126.88694,37.48135376
2026-06-26T18:20:39.220602+09:00,가산디지털단지역,가산디지털단지역,POI013,KEY_2,1867.대륭포스트타워6차 앞,ST-1938,283,85,30,126.8841629,37.48101044
2026-06-26T18:20:39.220602+09:00,가산디지털단지역,가산디지털단지역,POI013,KEY_2,3985. 디폴리스 지식산업센터,ST-2964,60,12,20,126.87680054,37.48017502
2026-06-26T18:20:39.220602+09:00,가산디지털단지역,가산디지털단지역,POI013,KEY_2,3984. 가산롯데아이티캐슬,ST-2999,180,9,5,126.88083649,37.47636795
2026-06-26T18:20:39.220602+09:00,가산디지털단지역,가산디지털단지역,POI013,KEY_2,3989.가산디지털단지역 9번출구 앞,ST-3396,360,36,10,126.88175964,37.48055267
2026-06-26T18:20:39.220602+09:00,강남역,강남역,POI014,KEY_3,2505. 우성아파트사거리 (기업은행앞),ST-1556,225,27,12,127.0295105,37.49330521
2026-06-26T18:20:39.220602+09:00,강남역,강남역,POI014,KEY_3,3628. 역삼1동 주민센터,ST-2689,10,1,10,127.03302765,37.49521255
2026-06-26T18:20:39.220602+09:00,강남역,강남역,POI014,KEY_3,2421. 신논현역 4번출구,ST-1887,53,8,15,127.02579498,37.504673
2026-06-26T18:20:39.220602+09:00,강남역,강남역,POI014,KEY_3,2407. 역삼서초삼성 세무서 앞 (역삼빌딩 앞),ST-1577,20,2,10,127.03011322,37.49847031
2026-06-26T18:20:39.220602+09:00,강남역,강남역,POI014,KEY_3,4349.삼성화재서초타워,ST-3361,267,16,6,127.02896118,37.49446869
2026-06-26T18:20:39.220602+09:00,건대입구역,건대입구역,POI015,KEY_4,501. 광진문화예술회관 앞,ST-98,73,22,30,127.07035065,37.53730774
2026-06-26T18:20:39.220602+09:00,건대입구역,건대입구역,POI015,KEY_4,3534. 건대입구역 5번출구 뒤,ST-1661,320,32,10,127.06956482,37.54008102
2026-06-26T18:20:39.220602+09:00,건대입구역,건대입구역,POI015,KEY_4,3533. 건대입구역 사거리(롯데백화점),ST-1660,270,27,10,127.07078552,37.5392952
2026-06-26T18:20:39.220602+09:00,고덕역,고덕역,POI016,KEY_1,1036. 고덕동 주양쇼핑,ST-1053,60,6,10,127.15331268,37.55199051
2026-06-26T18:20:39.220602+09:00,고덕역,고덕역,POI016,KEY_1,1072.고덕역 5번출구,ST-1833,73,16,22,127.15372467,37.55486298
2026-06-26T18:20:39.220602+09:00,고덕역,고덕역,POI016,KEY_1,1068.명일파출소,ST-1767,140,14,10,127.15622711,37.5536499
2026-06-26T18:20:39.220602+09:00,교대역,교대역,POI018,KEY_3,2279. 교대역 5번출구뒤,ST-1305,238,19,8,127.01418304,37.49361801
2026-06-26T18:20:39.220602+09:00,교대역,교대역,POI018,KEY_3,2239.교대역 6번출구,ST-765,240,24,10,127.01378632,37.49421692
2026-06-26T18:20:39.220602+09:00,구로디지털단지역,구로디지털단지역,POI019,KEY_4,2801. 대륭포스트타워1차,ST-1753,103,31,30,126.89542389,37.48437119
2026-06-26T18:20:39.220602+09:00,구로디지털단지역,구로디지털단지역,POI019,KEY_4,2110. 조원동 미성아파트,ST-950,111,10,9,126.90203094,37.48319244
2026-06-26T18:20:39.220602+09:00,구로디지털단지역,구로디지털단지역,POI019,KEY_4,1911. 구로디지털단지역 앞,ST-668,161,29,18,126.90132141,37.48493958
2026-06-26T18:20:39.220602+09:00,구로디지털단지역,구로디지털단지역,POI019,KEY_4,1962. 가리봉동주민센터,ST-1224,0,0,15,126.89279938,37.48160172
2026-06-26T18:20:39.220602+09:00,구로디지털단지역,구로디지털단지역,POI019,KEY_4,1955. 디지털입구 교차로,ST-936,170,17,10,126.90103912,37.48288345
2026-06-26T18:20:39.220602+09:00,구로디지털단지역,구로디지털단지역,POI019,KEY_4,1986. 태평양물산,ST-1521,373,56,15,126.89518738,37.48485947
2026-06-26T18:20:39.220602+09:00,구로역,구로역,POI020,KEY_1,1946. 구로역 광장,ST-873,310,31,10,126.88038635,37.50311661
2026-06-26T18:20:39.220602+09:00,구로역,구로역,POI020,KEY_1,3919. 구로역·NC신구로점 버스정류장(구로역 방면),ST-3013,143,20,14,126.88237,37.50096512
2026-06-26T18:20:39.220602+09:00,군자역,군자역,POI021,KEY_2,540. 군자역 7번출구 베스트샵 앞,ST-253,225,18,8,127.0786438,37.55603027
2026-06-26T18:20:39.220602+09:00,군자역,군자역,POI021,KEY_2,3500. 군자역2번출구,ST-983,186,13,7,127.07969666,37.55758667
2026-06-26T18:20:39.220602+09:00,군자역,군자역,POI021,KEY_2,3518. 군자역 7번출구뒤,ST-1263,338,27,8,127.07913971,37.55686188
2026-06-26T18:20:39.220602+09:00,군자역,군자역,POI021,KEY_2,3586.군자역 비채온 오피스텔,ST-2325,25,2,8,127.07727051,37.55771255
2026-06-26T18:20:39.220602+09:00,대림역,대림역,POI023,KEY_3,286. 우성아파트 교차로,ST-1652,92,11,12,126.89974976,37.49457169
2026-06-26T18:20:39.220602+09:00,대림역,대림역,POI023,KEY_3,1914. 대림역4번출구,ST-918,40,4,10,126.89444733,37.49440384
2026-06-26T18:20:39.220602+09:00,대림역,대림역,POI023,KEY_3,1975. 대림역 1번 출입구 밑,ST-1237,130,13,10,126.8947525,37.49256516
2026-06-26T18:20:39.220602+09:00,동대문역,동대문역,POI024,KEY_4,457. 종로꽃시장 입구 옆,ST-1610,160,16,10,127.00720978,37.57131958
2026-06-26T18:20:39.220602+09:00,동대문역,동대문역,POI024,KEY_4,393. 동대문역 8번 출구,ST-1372,17,2,12,127.00937653,37.57014084
2026-06-26T18:20:39.220602+09:00,동대문역,동대문역,POI024,KEY_4,3415.동대문역6번출구,ST-1812,133,20,15,127.0107193,37.57147217
2026-06-26T18:20:39.220602+09:00,미아사거리역,미아사거리역,POI026,KEY_2,1546. 송천동우체국,ST-1665,40,4,10,127.02970123,37.61545944
2026-06-26T18:20:39.220602+09:00,미아사거리역,미아사거리역,POI026,KEY_2,1531. 미아사거리 1번 출구,ST-1105,80,8,10,127.03025055,37.61395645
2026-06-26T18:20:39.220602+09:00,미아사거리역,미아사거리역,POI026,KEY_2,1574.송중초등학교 옆,ST-2405,75,6,8,127.03049469,37.61669922
2026-06-26T18:20:39.220602+09:00,미아사거리역,미아사거리역,POI026,KEY_2,4423.현대백화점 미아점,ST-3203,80,8,10,127.02845764,37.60884857
2026-06-26T18:20:39.220602+09:00,발산역,발산역,POI027,KEY_3,1117. 등촌5단지아파트 버스정류장,ST-834,110,11,10,126.84426117,37.55819702
2026-06-26T18:20:39.220602+09:00,발산역,발산역,POI027,KEY_3,"1153. 발산역 1번, 9번 인근 대여소",ST-1065,213,68,32,126.83717346,37.55894852
2026-06-26T18:20:39.220602+09:00,발산역,발산역,POI027,KEY_3,1124. 발산역 6번 출구 뒤,ST-522,283,17,6,126.8384552,37.55817795
2026-06-26T18:20:39.220602+09:00,발산역,발산역,POI027,KEY_3,1197. 엠펠리체 호텔 건너편,ST-1714,155,31,20,126.83546448,37.56026077
2026-06-26T18:20:39.220602+09:00,발산역,발산역,POI027,KEY_3,2730.마곡메가박스 앞,ST-2047,23,7,30,126.83495331,37.55912781
2026-06-26T18:20:39.220602+09:00,발산역,발산역,POI027,KEY_3,2721.등촌1-10단지 교차로,ST-2037,50,6,12,126.8393631,37.56320572
2026-06-26T18:20:39.220602+09:00,발산역,발산역,POI027,KEY_3,3760. 발산역 8번 출구,ST-2538,59,10,17,126.83676147,37.55846024
2026-06-26T18:20:39.220602+09:00,발산역,발산역,POI027,KEY_3,2723.마곡 필네이처,ST-2040,115,15,13,126.83669281,37.56089401
2026-06-26T18:20:39.220602+09:00,발산역,발산역,POI027,KEY_3,2717.LG유플러스 마곡사옥,ST-2033,58,36,62,126.83390045,37.56133652
2026-06-26T18:20:39.220602+09:00,발산역,발산역,POI027,KEY_3,3759. 이대서울병원,ST-2569,80,20,25,126.83559418,37.5586319
2026-06-26T18:20:39.220602+09:00,발산역,발산역,POI027,KEY_3,3764. 관문주유소(GS칼택스) 앞,ST-2613,30,3,10,126.84183502,37.55802917
2026-06-26T18:20:39.220602+09:00,발산역,발산역,POI027,KEY_3,5095. 원당근린공원,ST-3226,29,4,14,126.84147644,37.55947495
2026-06-26T18:20:39.220602+09:00,발산역,발산역,POI027,KEY_3,5061. 우장산동 가곡어린이공원앞,ST-2888,180,18,10,126.83751678,37.55545425
2026-06-26T18:20:39.220602+09:00,사당역,사당역,POI029,KEY_4,2089.사당역10번출구(금강빌딩),ST-2362,210,21,10,126.98150635,37.4791069
2026-06-26T18:20:39.220602+09:00,사당역,사당역,POI029,KEY_4,2222.사당역 12번출구 뒤,ST-753,260,26,10,126.98203278,37.47806931
2026-06-26T18:20:39.220602+09:00,사당역,사당역,POI029,KEY_4,2104. 사당역 5번출구,ST-712,54,7,13,126.98133087,37.47608948
2026-06-26T18:20:39.220602+09:00,사당역,사당역,POI029,KEY_4,2034. 사당역 7번출구쪽,ST-924,58,11,19,126.98057556,37.47689056
2026-06-26T18:20:39.220602+09:00,삼각지역,삼각지역,POI030,KEY_1,848. 삼각지12번 출구,ST-2172,75,6,8,126.97562408,37.53488922
2026-06-26T18:20:39.220602+09:00,삼각지역,삼각지역,POI030,KEY_1,849. 삼각지 자이아파트,ST-2173,105,21,20,126.97341919,37.53607941
2026-06-26T18:20:39.220602+09:00,삼각지역,삼각지역,POI030,KEY_1,4620. 삼각지역 14번 출구 앞(교통섬),ST-2451,163,13,8,126.97408295,37.53528595
2026-06-26T18:20:39.220602+09:00,서울대입구역,서울대입구역,POI031,KEY_2,2171. 서울대입구역 5번출구,ST-1337,12,2,17,126.95200348,37.48154831
2026-06-26T18:20:39.220602+09:00,서울대입구역,서울대입구역,POI031,KEY_2,3311.서울대입구역 4번 출구,ST-2394,75,9,12,126.95157623,37.48122025
2026-06-26T18:20:39.220602+09:00,서울대입구역,서울대입구역,POI031,KEY_2,2112. 서울대입구역 마에스트로,ST-715,67,10,15,126.95064545,37.4813385
2026-06-26T18:20:39.220602+09:00,서울대입구역,서울대입구역,POI031,KEY_2,2128. 관악구청교차로,ST-720,0,0,12,126.95265198,37.47949982
2026-06-26T18:20:39.220602+09:00,서울대입구역,서울대입구역,POI031,KEY_2,2116. 에이스에이존빌딩,ST-717,33,3,9,126.95082855,37.48170471
2026-06-26T18:20:39.220602+09:00,서울대입구역,서울대입구역,POI031,KEY_2,2111. 서울대입구역 1번출구,ST-965,80,8,10,126.95331573,37.48086929
2026-06-26T18:20:39.220602+09:00,서울식물원·마곡나루역,서울식물원·마곡나루역,POI032,KEY_3,2701. 마곡나루역 5번출구 뒤편,ST-1718,135,35,26,126.82731628,37.56520081
2026-06-26T18:20:39.220602+09:00,서울식물원·마곡나루역,서울식물원·마곡나루역,POI032,KEY_3,2728.마곡나루역 3번 출구,ST-2045,275,179,65,126.82807922,37.56580353
2026-06-26T18:20:39.220602+09:00,서울식물원·마곡나루역,서울식물원·마곡나루역,POI032,KEY_3,2715.마곡나루역 2번 출구,ST-2031,252,63,25,126.82743835,37.56692505
2026-06-26T18:20:39.220602+09:00,서울식물원·마곡나루역,서울식물원·마곡나루역,POI032,KEY_3,2727.서울식물원 잔디마당 앞,ST-2044,136,34,25,126.8306427,37.5639267
2026-06-26T18:20:39.220602+09:00,서울식물원·마곡나루역,서울식물원·마곡나루역,POI032,KEY_3,2725.서울식물원 식물문화센터,ST-2042,5,1,20,126.83563232,37.56883621
2026-06-26T18:20:39.220602+09:00,서울식물원·마곡나루역,서울식물원·마곡나루역,POI032,KEY_3,6190.마곡광장(마곡나루역 6번출구),ST-3421,150,15,10,126.82738495,37.56614685
2026-06-26T18:20:39.220602+09:00,서울식물원·마곡나루역,서울식물원·마곡나루역,POI032,KEY_3,5097. LG사이언스파크 E2동,ST-3259,28,11,40,126.83208466,37.56381607
2026-06-26T18:20:39.220602+09:00,서울식물원·마곡나루역,서울식물원·마곡나루역,POI032,KEY_3,5098. LG사이언스파크 W4동,ST-3261,75,15,20,126.82978821,37.56403732
2026-06-26T18:20:39.220602+09:00,서울식물원·마곡나루역,서울식물원·마곡나루역,POI032,KEY_3,6177. 마곡롯데캐슬르웨스트,ST-3324,100,10,10,126.82462311,37.56356049
2026-06-26T18:20:39.220602+09:00,서울역,서울역,POI033,KEY_4,485.서울역5번출구,ST-1791,270,27,10,126.97319794,37.55677032
2026-06-26T18:20:39.220602+09:00,서울역,서울역,POI033,KEY_4,379. 서울역9번출구,ST-194,190,19,10,126.97330475,37.55580521
2026-06-26T18:20:39.220602+09:00,서울역,서울역,POI033,KEY_4,435. SK 남산빌딩,ST-1670,30,3,10,126.97561646,37.55686188
2026-06-26T18:20:39.220602+09:00,서울역,서울역,POI033,KEY_4,4794. 서울역 서부교차로(3),ST-2786,250,20,8,126.96942139,37.55540848
2026-06-26T18:20:39.220602+09:00,서울역,서울역,POI033,KEY_4,6062.서울역파출소,ST-3413,160,16,10,126.97183228,37.55709457
2026-06-26T18:20:39.220602+09:00,서울역,서울역,POI033,KEY_4,4760. 서울역 7번출구,ST-2430,20,2,10,126.97364044,37.55664444
2026-06-26T18:20:39.220602+09:00,선릉역,선릉역,POI034,KEY_1,2329. 르네상스호텔사거리 역삼지하보도 2번출구,ST-812,0,0,10,127.04319,37.50235748
2026-06-26T18:20:39.220602+09:00,선릉역,선릉역,POI034,KEY_1,2328. 르네상스 호텔 사거리 역삼지하보도 7번출구 앞,ST-811,110,11,10,127.04273224,37.50321198
2026-06-26T18:20:39.220602+09:00,선릉역,선릉역,POI034,KEY_1,2319. 포스코사거리 서측(수협 삼성동 지점),ST-802,150,15,10,127.05467987,37.50660706
2026-06-26T18:20:39.220602+09:00,선릉역,선릉역,POI034,KEY_1,2369. KT선릉타워,ST-1178,55,11,20,127.0528717,37.50542831
2026-06-26T18:20:39.220602+09:00,선릉역,선릉역,POI034,KEY_1,2332. 선릉역3번출구,ST-815,100,8,8,127.04903412,37.50410461
2026-06-26T18:20:39.220602+09:00,성신여대입구역,성신여대입구역,POI035,KEY_2,1384.성신여대입구역 5번출구,ST-2225,200,26,13,127.01628876,37.59282684
2026-06-26T18:20:39.220602+09:00,성신여대입구역,성신여대입구역,POI035,KEY_2,1385.성신여대입구역 3번출구 앞,ST-2226,130,13,10,127.01628876,37.59236526
2026-06-26T18:20:39.220602+09:00,성신여대입구역,성신여대입구역,POI035,KEY_2,1337. 돈암성당 옆,ST-1201,169,22,13,127.01716614,37.59039307
2026-06-26T18:20:39.220602+09:00,수유역,수유역,POI036,KEY_3,1512. 강북중학교 앞,ST-862,60,12,20,127.02656555,37.64473724
2026-06-26T18:20:39.220602+09:00,수유역,수유역,POI036,KEY_3,1503. 강북구청사거리(수유역 8번출구),ST-643,221,31,14,127.02672577,37.63926315
2026-06-26T18:20:39.220602+09:00,수유역,수유역,POI036,KEY_3,1526. 강북종합시장 앞,ST-1100,213,17,8,127.02462769,37.64173889
2026-06-26T18:20:39.220602+09:00,수유역,수유역,POI036,KEY_3,1569.수유역2번출구,ST-2137,370,37,10,127.02590179,37.63796997
2026-06-26T18:20:39.220602+09:00,수유역,수유역,POI036,KEY_3,1535. 효성인텔리안 앞,ST-1109,40,4,10,127.02337646,37.6362915
2026-06-26T18:20:39.220602+09:00,수유역,수유역,POI036,KEY_3,1552. 강북구청사거리,ST-2125,163,13,8,127.02723694,37.63920212
2026-06-26T18:20:39.220602+09:00,수유역,수유역,POI036,KEY_3,1520. 수유중앙시장,ST-650,71,5,7,127.022789,37.63986206
2026-06-26T18:20:39.220602+09:00,수유역,수유역,POI036,KEY_3,1530. 광산사거리,ST-1104,115,15,13,127.0223465,37.64355087
2026-06-26T18:20:39.220602+09:00,숭례문,숭례문,POI131,KEY_4,445.대한상공회의소,ST-1771,7,1,15,126.97410583,37.56015396
2026-06-26T18:20:39.220602+09:00,숭례문,숭례문,POI131,KEY_4,6060. 신한은행 본점,ST-3342,25,2,8,126.97480774,37.56077576
2026-06-26T18:20:39.220602+09:00,시의회 앞,시의회 앞,POI130,KEY_1,458. 광화문역 5번출구,ST-1611,114,24,21,126.97756958,37.56989288
2026-06-26T18:20:39.220602+09:00,시의회 앞,시의회 앞,POI130,KEY_1,310. 청계광장 옆,ST-126,313,25,8,126.9774704,37.56887817
2026-06-26T18:20:39.220602+09:00,시의회 앞,시의회 앞,POI130,KEY_1,309. 광화문역 6번출구 옆 B,ST-125,0,0,13,126.97615814,37.56996155
2026-06-26T18:20:39.220602+09:00,시의회 앞,시의회 앞,POI130,KEY_1,6058. 시청역 2번출구,ST-3297,467,70,15,126.97702026,37.56557846
2026-06-26T18:20:39.220602+09:00,시의회 앞,시의회 앞,POI130,KEY_1,4718. 광화문역 6번출구 옆 A,ST-3075,40,4,10,126.9764328,37.56993103
2026-06-26T18:20:39.220602+09:00,신논현역·논현역,신논현역·논현역,POI037,KEY_2,2302. 교보타워 버스정류장(신논현역 3번출구 후면),ST-787,110,11,10,127.02427673,37.5055809
2026-06-26T18:20:39.220602+09:00,신논현역·논현역,신논현역·논현역,POI037,KEY_2,2542.신논현타워 앞,ST-1926,110,11,10,127.02391052,37.50508881
2026-06-26T18:20:39.220602+09:00,신논현역·논현역,신논현역·논현역,POI037,KEY_2,4347. 논현지하보도,ST-3332,110,11,10,127.02232361,37.50836945
2026-06-26T18:20:39.220602+09:00,신림역,신림역,POI039,KEY_4,2102. 봉림교 교통섬,ST-702,108,14,13,126.92688751,37.48408508
2026-06-26T18:20:39.220602+09:00,신림역,신림역,POI039,KEY_4,2175. 신림동걷고싶은문화의거리입구,ST-1270,157,11,7,126.92870331,37.48730087
2026-06-26T18:20:39.220602+09:00,신림역,신림역,POI039,KEY_4,2136. 신림역 8번출구,ST-976,150,12,8,126.93006897,37.48450851
2026-06-26T18:20:39.220602+09:00,신정네거리역,신정네거리역,POI117,KEY_1,706. 신정네거리역,ST-313,27,4,15,126.85175323,37.5218811
2026-06-26T18:20:39.220602+09:00,신정네거리역,신정네거리역,POI117,KEY_1,722. 경서농협 버스정류장(우리은행신정동지점방향),ST-993,50,5,10,126.85738373,37.52151108
2026-06-26T18:20:39.220602+09:00,신정네거리역,신정네거리역,POI117,KEY_1,4509. 서울영상고교 입구,ST-2761,260,39,15,126.85928345,37.52198029
2026-06-26T18:20:39.220602+09:00,신정네거리역,신정네거리역,POI117,KEY_1,4510. 신정네거리역 교차로,ST-2762,38,5,13,126.85228729,37.52175903
2026-06-26T18:20:39.220602+09:00,신정네거리역,신정네거리역,POI117,KEY_1,4507. 신정제일시장,ST-2759,40,4,10,126.85499573,37.52122498
2026-06-26T18:20:39.220602+09:00,신촌·이대역,신촌·이대역,POI040,KEY_2,150. 서강대역 2번출구 앞,ST-207,53,8,15,126.93434143,37.55295563
2026-06-26T18:20:39.220602+09:00,신촌·이대역,신촌·이대역,POI040,KEY_2,134. 연세로 명물길,ST-36,25,2,8,126.93807983,37.55789185
2026-06-26T18:20:39.220602+09:00,신촌·이대역,신촌·이대역,POI040,KEY_2,128. 신촌역(2호선) 1번출구 옆,ST-30,58,11,19,126.93634033,37.55549622
2026-06-26T18:20:39.220602+09:00,신촌·이대역,신촌·이대역,POI040,KEY_2,130. 신촌역(2호선) 7번출구 앞,ST-32,70,7,10,126.93626404,37.5550499
2026-06-26T18:20:39.220602+09:00,신촌·이대역,신촌·이대역,POI040,KEY_2,137. 신촌기차역입구 교차로,ST-39,60,6,10,126.9431839,37.55681229
2026-06-26T18:20:39.220602+09:00,신촌·이대역,신촌·이대역,POI040,KEY_2,135. 명물길 원형무대 앞,ST-37,0,0,10,126.93984222,37.55922699
2026-06-26T18:20:39.220602+09:00,신촌·이대역,신촌·이대역,POI040,KEY_2,129. 신촌역(2호선) 6번출구 옆,ST-31,100,10,10,126.93756866,37.55505371
2026-06-26T18:20:39.220602+09:00,신촌·이대역,신촌·이대역,POI040,KEY_2,3116.신촌역 4번출구,ST-2201,90,9,10,126.93720245,37.55550385
2026-06-26T18:20:39.220602+09:00,신촌·이대역,신촌·이대역,POI040,KEY_2,4274. 신촌 파랑고래 입구,ST-3140,50,5,10,126.93603516,37.55687714
2026-06-26T18:20:39.220602+09:00,신촌·이대역,신촌·이대역,POI040,KEY_2,4248. 신촌 교보빌딩,ST-3021,10,1,10,126.94034576,37.5560112
2026-06-26T18:20:39.220602+09:00,쌍문역,쌍문역,POI070,KEY_3,1774.정의여중고 버스정류소,ST-2119,38,3,8,127.034729,37.65134811
2026-06-26T18:20:39.220602+09:00,쌍문역,쌍문역,POI070,KEY_3,1709. 쌍문역4번출구 주변,ST-616,106,18,17,127.03534698,37.65012741
2026-06-26T18:20:39.220602+09:00,쌍문역,쌍문역,POI070,KEY_3,1754. 창동시장입구 사거리,ST-2099,18,2,11,127.03343201,37.64689636
2026-06-26T18:20:39.220602+09:00,쌍문역,쌍문역,POI070,KEY_3,4054. 창동한신아파트 버스정류소,ST-2722,110,11,10,127.03527069,37.64601898
2026-06-26T18:20:39.220602+09:00,양재역,양재역,POI041,KEY_4,2242.양재역 10번 출구 앞,ST-767,25,5,20,127.03417969,37.48398972
2026-06-26T18:20:39.220602+09:00,양재역,양재역,POI041,KEY_4,2293. SPC 앞,ST-1360,40,4,10,127.03699493,37.48479843
2026-06-26T18:20:39.220602+09:00,양재역,양재역,POI041,KEY_4,2333. 양재역 3번출구 주변,ST-816,29,4,14,127.03407288,37.48515701
2026-06-26T18:20:39.220602+09:00,양재역,양재역,POI041,KEY_4,4329. SC제일은행 양재동지점 앞,ST-2962,38,3,8,127.03315735,37.48573685
2026-06-26T18:20:39.220602+09:00,역삼역,역삼역,POI042,KEY_1,2410. 포스코피앤에스타워 (역삼역 3번출구 부근),ST-1680,120,12,10,127.03375244,37.49959946
2026-06-26T18:20:39.220602+09:00,역삼역,역삼역,POI042,KEY_1,2430.강남파이낸스센터앞(역삼역2번출구),ST-1896,0,0,10,127.03605652,37.50024414
2026-06-26T18:20:39.220602+09:00,역삼역,역삼역,POI042,KEY_1,2349. 역삼빌딩 앞(하나은행 옆),ST-959,0,0,12,127.03856659,37.50154495
2026-06-26T18:20:39.220602+09:00,연신내역,연신내역,POI043,KEY_2,949. 연신내역 1번 출구,ST-1035,117,7,6,126.92080688,37.61978149
2026-06-26T18:20:39.220602+09:00,연신내역,연신내역,POI043,KEY_2,922. 연신내역 4번출구,ST-470,40,4,10,126.92196655,37.61780167
2026-06-26T18:20:39.220602+09:00,연신내역,연신내역,POI043,KEY_2,906. 연신내역 5번출구,ST-454,113,9,8,126.91957855,37.61721039
2026-06-26T18:20:39.220602+09:00,오목교역·목동운동장,오목교역·목동운동장,POI044,KEY_3,756. 목동주차장,ST-1497,140,21,15,126.8761673,37.52667999
2026-06-26T18:20:39.220602+09:00,오목교역·목동운동장,오목교역·목동운동장,POI044,KEY_3,769.CBS방송국 앞,ST-1995,210,42,20,126.87467194,37.52785492
2026-06-26T18:20:39.220602+09:00,오목교역·목동운동장,오목교역·목동운동장,POI044,KEY_3,765. 오목교역 3번출구,ST-1731,200,24,12,126.87548065,37.52477646
2026-06-26T18:20:39.220602+09:00,오목교역·목동운동장,오목교역·목동운동장,POI044,KEY_3,723. SBS방송국,ST-994,227,34,15,126.87274933,37.52916336
2026-06-26T18:20:39.220602+09:00,오목교역·목동운동장,오목교역·목동운동장,POI044,KEY_3,703. 오목교역 7번출구 앞,ST-311,233,28,12,126.87524414,37.52362823
2026-06-26T18:20:39.220602+09:00,오목교역·목동운동장,오목교역·목동운동장,POI044,KEY_3,748. 목동운동장,ST-1019,185,24,13,126.87930298,37.53025055
2026-06-26T18:20:39.220602+09:00,오목교역·목동운동장,오목교역·목동운동장,POI044,KEY_3,791.현대하이페리온,ST-2016,180,27,15,126.86980438,37.52490234
2026-06-26T18:20:39.220602+09:00,오목교역·목동운동장,오목교역·목동운동장,POI044,KEY_3,747. 목동3단지 상가,ST-1018,330,33,10,126.8756485,37.53458023
2026-06-26T18:20:39.220602+09:00,오목교역·목동운동장,오목교역·목동운동장,POI044,KEY_3,771.목동아파트 703동 앞,ST-1997,25,2,8,126.87016296,37.52820587
2026-06-26T18:20:39.220602+09:00,오목교역·목동운동장,오목교역·목동운동장,POI044,KEY_3,731. 서울시 도로환경관리센터,ST-1002,60,6,10,126.87654114,37.5298996
2026-06-26T18:20:39.220602+09:00,오목교역·목동운동장,오목교역·목동운동장,POI044,KEY_3,792.목동트라팰리스 웨스턴에비뉴,ST-2017,190,38,20,126.8709259,37.52537155
2026-06-26T18:20:39.220602+09:00,오목교역·목동운동장,오목교역·목동운동장,POI044,KEY_3,762. 오목로 무중력지대 앞,ST-1503,80,8,10,126.87766266,37.52474213
2026-06-26T18:20:39.220602+09:00,오목교역·목동운동장,오목교역·목동운동장,POI044,KEY_3,4514. 목동성당 앞,ST-2764,125,25,20,126.86930084,37.52319717
2026-06-26T18:20:39.220602+09:00,오목교역·목동운동장,오목교역·목동운동장,POI044,KEY_3,4543. 오목교역 6번 출구,ST-3163,456,41,9,126.87567139,37.5236702
2026-06-26T18:20:39.220602+09:00,오목교역·목동운동장,오목교역·목동운동장,POI044,KEY_3,4532. 목동현대아파트 후문 앞,ST-2879,130,13,10,126.87805939,37.5221405
2026-06-26T18:20:39.220602+09:00,오목교역·목동운동장,오목교역·목동운동장,POI044,KEY_3,4546. 목동운동장 주경기장,ST-3227,83,25,30,126.88307953,37.52937698
2026-06-26T18:20:39.220602+09:00,왕십리역,왕십리역,POI045,KEY_4,558. 성동광진 교육지원청 앞,ST-359,105,21,20,127.03652191,37.56460571
2026-06-26T18:20:39.220602+09:00,왕십리역,왕십리역,POI045,KEY_4,559. 왕십리역 4번 출구 건너편,ST-360,54,7,13,127.03679657,37.56109619
2026-06-26T18:20:39.220602+09:00,왕십리역,왕십리역,POI045,KEY_4,525. 한양대병원사거리,ST-241,5,1,20,127.04035187,37.55805206
2026-06-26T18:20:39.220602+09:00,왕십리역,왕십리역,POI045,KEY_4,3561.행당동 삼부APT후문,ST-2343,70,7,10,127.03839874,37.55926895
2026-06-26T18:20:39.220602+09:00,왕십리역,왕십리역,POI045,KEY_4,3545.한양대역 1번출구,ST-2327,0,0,10,127.04335785,37.55657959
2026-06-26T18:20:39.220602+09:00,용산역,용산역,POI046,KEY_1,853.용산역 맞은편,ST-2177,84,16,19,126.96595001,37.52841568
2026-06-26T18:20:39.220602+09:00,용산역,용산역,POI046,KEY_1,845. 용산 선인상가,ST-1615,106,17,16,126.96437836,37.53269958
2026-06-26T18:20:39.220602+09:00,용산역,용산역,POI046,KEY_1,806. 전자랜드 본관 앞,ST-327,5,1,20,126.96073151,37.5330658
2026-06-26T18:20:39.220602+09:00,용산역,용산역,POI046,KEY_1,4617. 동원베네스트 건너편,ST-2448,67,4,6,126.95511627,37.52761078
2026-06-26T18:20:39.220602+09:00,용산역,용산역,POI046,KEY_1,4616. 신용산지하차도 앞,ST-2447,87,13,15,126.96411896,37.53248215
2026-06-26T18:20:39.220602+09:00,잠실새내역,잠실새내역,POI118,KEY_3,1222. 잠실새내역 5번 출구 뒤,ST-547,48,11,23,127.08505249,37.51198196
2026-06-26T18:20:39.220602+09:00,잠실새내역,잠실새내역,POI118,KEY_3,1224. 아시아지하보도 2번 출구,ST-548,140,21,15,127.07893372,37.51216888
2026-06-26T18:20:39.220602+09:00,잠실새내역,잠실새내역,POI118,KEY_3,2635.잠실새내역 1번출구,ST-1862,24,5,21,127.08673859,37.51129532
2026-06-26T18:20:39.220602+09:00,잠실새내역,잠실새내역,POI118,KEY_3,2637. 아시아지하보도 14번 출구,ST-1864,127,19,15,127.07881165,37.51146317
2026-06-26T18:20:39.220602+09:00,잠실역,잠실역,POI119,KEY_4,1210. 롯데월드타워(잠실역2번출구 쪽),ST-891,170,51,30,127.10095978,37.51312637
2026-06-26T18:20:39.220602+09:00,잠실역,잠실역,POI119,KEY_4,1232. 잠실주공 521동 건너편,ST-550,210,21,10,127.09568787,37.51184082
2026-06-26T18:20:39.220602+09:00,잠실역,잠실역,POI119,KEY_4,1231. 잠실역 6번출구,ST-840,23,3,13,127.09902954,37.51408768
2026-06-26T18:20:39.220602+09:00,잠실역,잠실역,POI119,KEY_4,2647.잠실 자전거 수리센터 앞,ST-1868,214,15,7,127.10114288,37.51100922
2026-06-26T18:20:39.220602+09:00,장지역,장지역,POI048,KEY_1,1266. 문정동 글샘 공원,ST-1085,40,4,10,127.12000275,37.47880936
2026-06-26T18:20:39.220602+09:00,장지역,장지역,POI048,KEY_1,1245. 문정 법조단지9,ST-905,0,0,10,127.12532806,37.47946548
2026-06-26T18:20:39.220602+09:00,장지역,장지역,POI048,KEY_1,1244. 문정 법조단지8,ST-904,100,11,11,127.12212372,37.48153687
2026-06-26T18:20:39.220602+09:00,장지역,장지역,POI048,KEY_1,1246. 문정 법조단지10,ST-906,50,15,30,127.12632751,37.47750854
2026-06-26T18:20:39.220602+09:00,장지역,장지역,POI048,KEY_1,1247. 문정 법조단지11,ST-907,7,1,15,127.12351227,37.4788208
2026-06-26T18:20:39.220602+09:00,장지역,장지역,POI048,KEY_1,4491. 장지역 1번출구,ST-2599,20,2,10,127.12678528,37.47953415
2026-06-26T18:20:39.220602+09:00,장지역,장지역,POI048,KEY_1,4885. 가든파이브 리빙관,ST-2985,13,1,8,127.123703,37.47709656
2026-06-26T18:20:39.220602+09:00,장한평역,장한평역,POI049,KEY_2,626. 군자교 서측 녹지대,ST-394,241,41,17,127.07096863,37.56115341
2026-06-26T18:20:39.220602+09:00,장한평역,장한평역,POI049,KEY_2,529. 장한평역 8번 출구 앞,ST-243,413,33,8,127.06365967,37.56137085
2026-06-26T18:20:39.220602+09:00,장한평역,장한평역,POI049,KEY_2,4385. 용답동 우체국 주변,ST-3099,40,2,5,127.06151581,37.56168747
2026-06-26T18:20:39.220602+09:00,장한평역,장한평역,POI049,KEY_2,4105. 서울교통공사사거리 교통섬,ST-2499,50,5,10,127.05799103,37.56324005
2026-06-26T18:20:39.220602+09:00,천호역,천호역,POI050,KEY_3,1009. 천호역4번출구(현대백화점),ST-493,115,23,20,127.12424469,37.53866577
2026-06-26T18:20:39.220602+09:00,천호역,천호역,POI050,KEY_3,1264. 천호역 10번 출구 앞,ST-1083,163,13,8,127.12280273,37.53858185
2026-06-26T18:20:39.220602+09:00,천호역,천호역,POI050,KEY_3,3657. 서울천호동우체국,ST-2732,240,24,10,127.12576294,37.54074097
2026-06-26T18:20:39.220602+09:00,총신대입구(이수)역,총신대입구(이수)역,POI051,KEY_4,2082.7호선 이수역7번출구,ST-2355,190,19,10,126.98179626,37.4846077
2026-06-26T18:20:39.220602+09:00,총신대입구(이수)역,총신대입구(이수)역,POI051,KEY_4,2264. 이수역 1번출구,ST-935,111,10,9,126.98271942,37.48897171
2026-06-26T18:20:39.220602+09:00,총신대입구(이수)역,총신대입구(이수)역,POI051,KEY_4,2511. 이수역 6번출구 앞,ST-1739,140,14,10,126.98234558,37.48398972
2026-06-26T18:20:39.220602+09:00,총신대입구(이수)역,총신대입구(이수)역,POI051,KEY_4,2032. 이수역 11번출구쪽,ST-923,470,47,10,126.98162079,37.48550797
2026-06-26T18:20:39.220602+09:00,총신대입구(이수)역,총신대입구(이수)역,POI051,KEY_4,2091. 이수역9번출구,ST-2364,140,21,15,126.98059082,37.48470306
2026-06-26T18:20:39.220602+09:00,충정로역,충정로역,POI052,KEY_1,180. 충정로역 7번출구 아래,ST-233,80,8,10,126.96246338,37.55996704
2026-06-26T18:20:39.220602+09:00,충정로역,충정로역,POI052,KEY_1,3134.SK리쳄블(서울아리수본부),ST-2219,0,0,10,126.96658325,37.56131744
2026-06-26T18:20:39.220602+09:00,충정로역,충정로역,POI052,KEY_1,3114.충정로역 3번 출구,ST-2198,29,2,7,126.96552277,37.56046295
2026-06-26T18:20:39.220602+09:00,충정로역,충정로역,POI052,KEY_1,4271. 충정로역 1번 출구,ST-3107,0,0,7,126.96305847,37.55942535
2026-06-26T18:20:39.220602+09:00,충정로역,충정로역,POI052,KEY_1,4266.국민연금공단충정로사옥,ST-3027,22,2,9,126.96414948,37.56184769
2026-06-26T18:20:39.220602+09:00,충정로역,충정로역,POI052,KEY_1,4801. 충정로역 2호선(엘리베이터 앞),ST-3053,0,0,5,126.96414185,37.55937576
2026-06-26T18:20:39.220602+09:00,충정로역,충정로역,POI052,KEY_1,4752. 삼성사이버빌리지아파트,ST-2624,0,0,7,126.96485901,37.55891418
2026-06-26T18:20:39.220602+09:00,합정역,합정역,POI053,KEY_2,106. 합정역 7번출구 앞,ST-8,17,2,12,126.91282654,37.54864502
2026-06-26T18:20:39.220602+09:00,합정역,합정역,POI053,KEY_2,105. 합정역 5번출구 앞,ST-7,20,1,5,126.91482544,37.55000687
2026-06-26T18:20:39.220602+09:00,합정역,합정역,POI053,KEY_2,497.합정동주민센터 앞,ST-2156,80,20,25,126.91230011,37.551754
2026-06-26T18:20:39.220602+09:00,합정역,합정역,POI053,KEY_2,4211. 시석빌딩 앞,ST-2534,13,1,8,126.91671753,37.54836655
2026-06-26T18:20:39.220602+09:00,혜화역,혜화역,POI054,KEY_3,342. 대학로 마로니에공원,ST-158,82,18,22,127.00234222,37.58044434
2026-06-26T18:20:39.220602+09:00,혜화역,혜화역,POI054,KEY_3,341. 혜화역 3번출구 뒤,ST-157,38,3,8,127.00178528,37.58156967
2026-06-26T18:20:39.220602+09:00,혜화역,혜화역,POI054,KEY_3,358. 성균관대입구 사거리 A,ST-173,15,2,13,126.99853516,37.58250046
2026-06-26T18:20:39.220602+09:00,혜화역,혜화역,POI054,KEY_3,3421.혜화역 1번출구,ST-1818,190,19,10,127.00185394,37.58385468
2026-06-26T18:20:39.220602+09:00,혜화역,혜화역,POI054,KEY_3,3420. 성균관대입구 사거리 B,ST-1817,20,2,10,126.99885559,37.58327484
2026-06-26T18:20:39.220602+09:00,혜화역,혜화역,POI054,KEY_3,3419.국립어린이과학관,ST-1816,0,0,14,126.99736786,37.58194733
2026-06-26T18:20:39.220602+09:00,홍대입구역(2호선),홍대입구역(2호선),POI055,KEY_4,113. 홍대입구역 2번출구 앞,ST-18,136,38,28,126.9238205,37.5574379
2026-06-26T18:20:39.220602+09:00,홍대입구역(2호선),홍대입구역(2호선),POI055,KEY_4,114. 홍대입구역 8번출구 앞,ST-20,133,20,15,126.92442322,37.55706024
2026-06-26T18:20:39.220602+09:00,회기역,회기역,POI056,KEY_1,670.삼육서울병원 버스정류장,ST-2270,478,43,9,127.06151581,37.5896759
2026-06-26T18:20:39.220602+09:00,회기역,회기역,POI056,KEY_1,680.꿈마루어린이도서관 앞,ST-2280,177,39,22,127.05741119,37.59238434
2026-06-26T20:11:10.616164+09:00,광화문·덕수궁,광화문·덕수궁,POI009,KEY_2,391. 시립미술관,ST-977,13,1,8,126.97340393,37.56505203
2026-06-26T20:11:10.616164+09:00,광화문·덕수궁,광화문·덕수궁,POI009,KEY_2,303. 광화문역 1번출구 앞,ST-119,38,3,8,126.97466278,37.57176971
2026-06-26T20:11:10.616164+09:00,광화문·덕수궁,광화문·덕수궁,POI009,KEY_2,458. 광화문역 5번출구,ST-1611,38,8,21,126.97756958,37.56989288
2026-06-26T20:11:10.616164+09:00,광화문·덕수궁,광화문·덕수궁,POI009,KEY_2,305. 종로구청 옆,ST-121,38,6,16,126.97833252,37.57255936
2026-06-26T20:11:10.616164+09:00,광화문·덕수궁,광화문·덕수궁,POI009,KEY_2,310. 청계광장 옆,ST-126,250,20,8,126.9774704,37.56887817
2026-06-26T20:11:10.616164+09:00,광화문·덕수궁,광화문·덕수궁,POI009,KEY_2,309. 광화문역 6번출구 옆 B,ST-125,8,1,13,126.97615814,37.56996155
2026-06-26T20:11:10.616164+09:00,광화문·덕수궁,광화문·덕수궁,POI009,KEY_2,4718. 광화문역 6번출구 옆 A,ST-3075,0,0,10,126.9764328,37.56993103
2026-06-26T20:11:10.616164+09:00,광화문·덕수궁,광화문·덕수궁,POI009,KEY_2,4719. 종로문화원 건너편,ST-3090,33,5,15,126.9805069,37.57571411
2026-06-26T20:11:10.616164+09:00,광화문·덕수궁,광화문·덕수궁,POI009,KEY_2,6058. 시청역 2번출구,ST-3297,447,67,15,126.97702026,37.56557846
2026-06-26T20:11:10.616164+09:00,광화문·덕수궁,광화문·덕수궁,POI009,KEY_2,4796. 서울시청,ST-2693,55,11,20,126.97925568,37.5664711
2026-06-26T20:11:10.616164+09:00,보신각,보신각,POI010,KEY_3,316. 종각역 1번출구 앞,ST-132,38,3,8,126.98178864,37.57039642
2026-06-26T20:11:10.616164+09:00,보신각,보신각,POI010,KEY_3,385. 종각역 5번출구,ST-336,40,4,10,126.98265839,37.56983566
2026-06-26T20:11:10.616164+09:00,보신각,보신각,POI010,KEY_3,3408.종로타워빌딩,ST-1805,54,7,13,126.98323822,37.57070541
2026-06-26T20:11:10.616164+09:00,보신각,보신각,POI010,KEY_3,4708. 조계사앞사거리,ST-2472,100,6,6,126.98283386,37.5721817
2026-06-26T20:11:10.616164+09:00,서울 암사동 유적,서울 암사동 유적,POI011,KEY_4,1007.암사동 선사유적지,ST-491,129,18,14,127.13087463,37.55955887
2026-06-26T20:11:10.616164+09:00,서울 암사동 유적,서울 암사동 유적,POI011,KEY_4,3539. 서원마을,ST-1686,50,5,10,127.13283539,37.56379318
2026-06-26T20:11:10.616164+09:00,창덕궁·종묘,창덕궁·종묘,POI012,KEY_1,339. 종로4가 사거리,ST-155,30,3,10,126.99819183,37.57106781
2026-06-26T20:11:10.616164+09:00,창덕궁·종묘,창덕궁·종묘,POI012,KEY_1,337. 창경궁 입구,ST-153,160,8,5,126.99647522,37.57897949
2026-06-26T20:11:10.616164+09:00,창덕궁·종묘,창덕궁·종묘,POI012,KEY_1,359. 원남동사거리,ST-174,13,1,8,126.99768066,37.57606125
2026-06-26T20:11:10.616164+09:00,창덕궁·종묘,창덕궁·종묘,POI012,KEY_1,338. 세운스퀘어 앞,ST-154,11,2,18,126.99712372,37.57095718
2026-06-26T20:11:10.616164+09:00,창덕궁·종묘,창덕궁·종묘,POI012,KEY_1,3411.종묘,ST-1808,78,7,9,126.99437714,37.57072067
2026-06-26T20:11:10.616164+09:00,창덕궁·종묘,창덕궁·종묘,POI012,KEY_1,3413.종로플레이스,ST-1810,23,5,22,126.99796295,37.57320023
2026-06-26T20:11:10.616164+09:00,창덕궁·종묘,창덕궁·종묘,POI012,KEY_1,3410.종로3가역 8번출구,ST-1807,240,24,10,126.99188995,37.5724678
2026-06-26T20:11:10.616164+09:00,동대문 관광특구,동대문 관광특구,POI002,KEY_3,474.동대문역사문화공원역 1번출구 뒤편,ST-1780,8,3,40,127.00849152,37.56629944
2026-06-26T20:11:10.616164+09:00,동대문 관광특구,동대문 관광특구,POI002,KEY_3,475.DDP 패션몰,ST-1781,29,6,21,127.0118103,37.56764984
2026-06-26T20:11:10.616164+09:00,동대문 관광특구,동대문 관광특구,POI002,KEY_3,383. 신당역 12번 출구 뒤,ST-198,50,12,24,127.01642609,37.56591797
2026-06-26T20:11:10.616164+09:00,동대문 관광특구,동대문 관광특구,POI002,KEY_3,346. 맥스타일 앞,ST-162,10,1,10,127.01014709,37.5689621
2026-06-26T20:11:10.616164+09:00,동대문 관광특구,동대문 관광특구,POI002,KEY_3,347. 동대문역사문화공원역 9번출구 앞,ST-163,6,1,18,127.00784302,37.56533051
2026-06-26T20:11:10.616164+09:00,동대문 관광특구,동대문 관광특구,POI002,KEY_3,4765. 동대문디자인플라자,ST-2431,15,3,20,127.00946045,37.5683136
2026-06-26T20:11:10.616164+09:00,동대문 관광특구,동대문 관광특구,POI002,KEY_3,6061.충무아트센터,ST-3381,140,14,10,127.01522064,37.56538773
2026-06-26T20:11:10.616164+09:00,명동 관광특구,명동 관광특구,POI003,KEY_4,320. 을지로입구역 4번출구 앞,ST-136,24,4,17,126.98358917,37.56622314
2026-06-26T20:11:10.616164+09:00,명동 관광특구,명동 관광특구,POI003,KEY_4,318. 광교사거리 남측,ST-134,20,2,10,126.98231506,37.56863403
2026-06-26T20:11:10.616164+09:00,명동 관광특구,명동 관광특구,POI003,KEY_4,321. KEB 하나금융그룹 명동사옥 옆,ST-137,7,1,15,126.98413849,37.56546402
2026-06-26T20:11:10.616164+09:00,명동 관광특구,명동 관광특구,POI003,KEY_4,433. 을지로입구역 2번출구,ST-1668,167,20,12,126.98229218,37.56634521
2026-06-26T20:11:10.616164+09:00,명동 관광특구,명동 관광특구,POI003,KEY_4,322. 명동성당 앞,ST-138,10,1,10,126.98696899,37.56447601
2026-06-26T20:11:10.616164+09:00,명동 관광특구,명동 관광특구,POI003,KEY_4,310. 청계광장 옆,ST-126,250,20,8,126.9774704,37.56887817
2026-06-26T20:11:10.616164+09:00,명동 관광특구,명동 관광특구,POI003,KEY_4,331. 을지로2가 사거리 북측,ST-147,20,2,10,126.98720551,37.56638336
2026-06-26T20:11:10.616164+09:00,명동 관광특구,명동 관광특구,POI003,KEY_4,466.롯데호텔,ST-1772,231,30,13,126.97981262,37.56584167
2026-06-26T20:11:10.616164+09:00,명동 관광특구,명동 관광특구,POI003,KEY_4,324. 신세계백화점 본점 앞,ST-140,25,2,8,126.9805069,37.56134415
2026-06-26T20:11:10.616164+09:00,명동 관광특구,명동 관광특구,POI003,KEY_4,398. 을지로3가역 3번출구,ST-1435,75,6,8,126.99249268,37.56660461
2026-06-26T20:11:10.616164+09:00,명동 관광특구,명동 관광특구,POI003,KEY_4,3013.서울지방고용노동청 앞,ST-2422,0,0,7,126.98725891,37.56760406
2026-06-26T20:11:10.616164+09:00,명동 관광특구,명동 관광특구,POI003,KEY_4,4774. 을지로입구역 8번출구,ST-2520,11,1,9,126.98178101,37.56590271
2026-06-26T20:11:10.616164+09:00,명동 관광특구,명동 관광특구,POI003,KEY_4,4791. 명동역9번 출구,ST-2527,80,8,10,126.98749542,37.56122589
2026-06-26T20:11:10.616164+09:00,명동 관광특구,명동 관광특구,POI003,KEY_4,4775. 을지로지하쇼핑센터,ST-2521,30,3,10,126.98445129,37.56589127
2026-06-26T20:11:10.616164+09:00,명동 관광특구,명동 관광특구,POI003,KEY_4,4776. 신세계면세점,ST-2522,10,1,10,126.98139191,37.56027603
2026-06-26T20:11:10.616164+09:00,명동 관광특구,명동 관광특구,POI003,KEY_4,6058. 시청역 2번출구,ST-3297,447,67,15,126.97702026,37.56557846
2026-06-26T20:11:10.616164+09:00,명동 관광특구,명동 관광특구,POI003,KEY_4,4796. 서울시청,ST-2693,55,11,20,126.97925568,37.5664711
2026-06-26T20:11:10.616164+09:00,명동 관광특구,명동 관광특구,POI003,KEY_4,4762. 국제빌딩,ST-2517,70,7,10,126.98244476,37.56694794
2026-06-26T20:11:10.616164+09:00,이태원 관광특구,이태원 관광특구,POI004,KEY_1,854.HID 유족동지회 앞,ST-2178,10,1,10,127.0014801,37.53850937
2026-06-26T20:11:10.616164+09:00,이태원 관광특구,이태원 관광특구,POI004,KEY_1,857. 현대 안성타워,ST-2181,0,0,10,126.99797058,37.53508759
2026-06-26T20:11:10.616164+09:00,이태원 관광특구,이태원 관광특구,POI004,KEY_1,843. 이태원관광특구 입구(용산구청방향),ST-1445,0,0,19,126.98867035,37.53379822
2026-06-26T20:11:10.616164+09:00,이태원 관광특구,이태원 관광특구,POI004,KEY_1,4612. 이태원로 255,ST-2444,0,0,5,127.00084686,37.53749847
2026-06-26T20:11:10.616164+09:00,이태원 관광특구,이태원 관광특구,POI004,KEY_1,4623. 라인프랜즈이태원점 앞,ST-2453,0,0,10,126.99619293,37.53453064
2026-06-26T20:11:10.616164+09:00,이태원 관광특구,이태원 관광특구,POI004,KEY_1,4613. 서울갤러리아 앞,ST-2445,0,0,5,126.99937439,37.53597641
2026-06-26T20:11:10.616164+09:00,이태원 관광특구,이태원 관광특구,POI004,KEY_1,4634. 이태원역 3번 출구,ST-3056,0,0,5,126.99497223,37.5343895
2026-06-26T20:11:10.616164+09:00,잠실 관광특구,잠실 관광특구,POI005,KEY_2,1210. 롯데월드타워(잠실역2번출구 쪽),ST-891,0,0,30,127.10095978,37.51312637
2026-06-26T20:11:10.616164+09:00,잠실 관광특구,잠실 관광특구,POI005,KEY_2,1267. 올림픽공원 남2문 앞,ST-1086,29,4,14,127.12306976,37.51424026
2026-06-26T20:11:10.616164+09:00,잠실 관광특구,잠실 관광특구,POI005,KEY_2,1297. 석촌호수교차로(동호 팔각정 앞),ST-1586,80,12,15,127.10411835,37.50920105
2026-06-26T20:11:10.616164+09:00,잠실 관광특구,잠실 관광특구,POI005,KEY_2,1296. 석촌호수교차로 (송파나루근린공원 앞),ST-1585,60,6,10,127.1034317,37.50867844
2026-06-26T20:11:10.616164+09:00,잠실 관광특구,잠실 관광특구,POI005,KEY_2,1233. 잠실3거리(갤러리아팰리스),ST-551,11,1,9,127.09336853,37.51050949
2026-06-26T20:11:10.616164+09:00,잠실 관광특구,잠실 관광특구,POI005,KEY_2,1268. 몽촌토성역 1번출구 옆,ST-1087,53,8,15,127.11419678,37.51728821
2026-06-26T20:11:10.616164+09:00,잠실 관광특구,잠실 관광특구,POI005,KEY_2,1232. 잠실주공 521동 건너편,ST-550,10,1,10,127.09568787,37.51184082
2026-06-26T20:11:10.616164+09:00,잠실 관광특구,잠실 관광특구,POI005,KEY_2,2647.잠실 자전거 수리센터 앞,ST-1868,43,3,7,127.10114288,37.51100922
2026-06-26T20:11:10.616164+09:00,잠실 관광특구,잠실 관광특구,POI005,KEY_2,2601. 석촌호수 아뜰리에,ST-1590,50,8,16,127.09883118,37.5067482
2026-06-26T20:11:10.616164+09:00,잠실 관광특구,잠실 관광특구,POI005,KEY_2,2608. 송파구청,ST-1681,310,31,10,127.10611725,37.51499176
2026-06-26T20:11:10.616164+09:00,잠실 관광특구,잠실 관광특구,POI005,KEY_2,2622. 올림픽공원역 3번출구,ST-1720,0,0,20,127.13059235,37.51625824
2026-06-26T20:11:10.616164+09:00,잠실 관광특구,잠실 관광특구,POI005,KEY_2,2621. 한성백제역 2번 출구,ST-1719,47,7,15,127.11625671,37.51665878
2026-06-26T20:11:10.616164+09:00,잠실 관광특구,잠실 관광특구,POI005,KEY_2,4857. 올림픽공원 장미광장,ST-2621,20,3,15,127.126297,37.51275635
2026-06-26T20:11:10.616164+09:00,잠실 관광특구,잠실 관광특구,POI005,KEY_2,5751. 송파여성축구장,ST-3069,0,0,10,127.11743927,37.52471542
2026-06-26T20:11:10.616164+09:00,잠실 관광특구,잠실 관광특구,POI005,KEY_2,4856. 올림픽공원 서1문 앞,ST-2608,0,0,10,127.11457062,37.5202179
2026-06-26T20:11:10.616164+09:00,잠실 관광특구,잠실 관광특구,POI005,KEY_2,4862. 성내교 남단,ST-2756,0,0,10,127.11588287,37.52301788
2026-06-26T20:11:10.616164+09:00,잠실 관광특구,잠실 관광특구,POI005,KEY_2,5781. 올림픽공원 수영장,ST-3300,357,50,14,127.12688446,37.52157211
2026-06-26T20:11:10.616164+09:00,잠실 관광특구,잠실 관광특구,POI005,KEY_2,4464. 올림픽공원 북2문 A,ST-2580,53,8,15,127.12804413,37.52357483
2026-06-26T20:11:10.616164+09:00,잠실 관광특구,잠실 관광특구,POI005,KEY_2,4870. 몽촌토성역 3번 출구,ST-2876,160,16,10,127.11232758,37.5170784
2026-06-26T20:11:10.616164+09:00,잠실 관광특구,잠실 관광특구,POI005,KEY_2,4481. 올림픽공원 북2문 B,ST-2592,112,28,25,127.12751007,37.52397537
2026-06-26T20:11:10.616164+09:00,잠실 관광특구,잠실 관광특구,POI005,KEY_2,4868. 석촌호수 서호 남단,ST-2833,70,7,10,127.10124207,37.50717163
2026-06-26T20:11:10.616164+09:00,잠실 관광특구,잠실 관광특구,POI005,KEY_2,5768.방이삼거리,ST-3214,417,50,12,127.10822296,37.51237488
2026-06-26T20:11:10.616164+09:00,잠실 관광특구,잠실 관광특구,POI005,KEY_2,4865. 한성백제역 1번출구 뒤,ST-2797,180,9,5,127.1149826,37.51647949
2026-06-26T20:11:10.616164+09:00,종로·청계 관광특구,종로·청계 관광특구,POI006,KEY_3,455. 종로6가역 버스정류장(동대문 방향),ST-1608,75,6,8,127.00605774,37.570961
2026-06-26T20:11:10.616164+09:00,종로·청계 관광특구,종로·청계 관광특구,POI006,KEY_3,458. 광화문역 5번출구,ST-1611,38,8,21,126.97756958,37.56989288
2026-06-26T20:11:10.616164+09:00,종로·청계 관광특구,종로·청계 관광특구,POI006,KEY_3,397. 종묘공영주차장 건너편,ST-1432,15,2,13,126.99663544,37.57048035
2026-06-26T20:11:10.616164+09:00,종로·청계 관광특구,종로·청계 관광특구,POI006,KEY_3,368. SK 서린빌딩 앞,ST-181,0,0,15,126.98053741,37.5692482
2026-06-26T20:11:10.616164+09:00,종로·청계 관광특구,종로·청계 관광특구,POI006,KEY_3,335. 종로3가역 15번출구 뒤,ST-151,120,12,10,126.99165344,37.57019424
2026-06-26T20:11:10.616164+09:00,종로·청계 관광특구,종로·청계 관광특구,POI006,KEY_3,393. 동대문역 8번 출구,ST-1372,17,2,12,127.00937653,37.57014084
2026-06-26T20:11:10.616164+09:00,종로·청계 관광특구,종로·청계 관광특구,POI006,KEY_3,329. 청계2가 사거리 옆,ST-145,25,2,8,126.98788452,37.56848526
2026-06-26T20:11:10.616164+09:00,종로·청계 관광특구,종로·청계 관광특구,POI006,KEY_3,385. 종각역 5번출구,ST-336,40,4,10,126.98265839,37.56983566
2026-06-26T20:11:10.616164+09:00,종로·청계 관광특구,종로·청계 관광특구,POI006,KEY_3,3415.동대문역6번출구,ST-1812,93,14,15,127.0107193,37.57147217
2026-06-26T20:11:10.616164+09:00,종로·청계 관광특구,종로·청계 관광특구,POI006,KEY_3,3412.세운상가,ST-1809,67,10,15,126.99454498,37.5703125
2026-06-26T20:11:10.616164+09:00,종로·청계 관광특구,종로·청계 관광특구,POI006,KEY_3,3432.종로2가 사거리,ST-1829,57,8,14,126.98880768,37.57001877
2026-06-26T20:11:10.616164+09:00,종로·청계 관광특구,종로·청계 관광특구,POI006,KEY_3,4707. 청계3가 사거리,ST-2513,200,10,5,126.99211884,37.56855774
2026-06-26T20:11:10.616164+09:00,홍대 관광특구,홍대 관광특구,POI007,KEY_4,493.홍대입구역 6번출구,ST-2152,157,11,7,126.9288559,37.55657578
2026-06-26T20:11:10.616164+09:00,홍대 관광특구,홍대 관광특구,POI007,KEY_4,104. 합정역 1번출구 앞,ST-6,0,0,13,126.91508484,37.55073929
2026-06-26T20:11:10.616164+09:00,홍대 관광특구,홍대 관광특구,POI007,KEY_4,113. 홍대입구역 2번출구 앞,ST-18,29,8,28,126.9238205,37.5574379
2026-06-26T20:11:10.616164+09:00,홍대 관광특구,홍대 관광특구,POI007,KEY_4,114. 홍대입구역 8번출구 앞,ST-20,87,13,15,126.92442322,37.55706024
2026-06-26T20:11:10.616164+09:00,홍대 관광특구,홍대 관광특구,POI007,KEY_4,108. 서교동 사거리,ST-10,125,15,12,126.91861725,37.55274582
2026-06-26T20:11:10.616164+09:00,홍대 관광특구,홍대 관광특구,POI007,KEY_4,3009. 홍대입구역 사거리,ST-2167,75,15,20,126.92023468,37.55450058
2026-06-26T20:11:10.616164+09:00,홍대 관광특구,홍대 관광특구,POI007,KEY_4,3010.홍대입구역 3번출구,ST-2168,47,7,15,126.92538452,37.5582962
2026-06-26T20:11:10.616164+09:00,홍대 관광특구,홍대 관광특구,POI007,KEY_4,4211. 시석빌딩 앞,ST-2534,88,7,8,126.91671753,37.54836655
2026-06-26T20:11:10.616164+09:00,홍대 관광특구,홍대 관광특구,POI007,KEY_4,4208. 스타벅스(동교동) 앞,ST-2532,50,5,10,126.91986847,37.5566597
2026-06-26T20:11:10.616164+09:00,국립중앙박물관·용산가족공원,국립중앙박물관·용산가족공원,POI089,KEY_1,863.이촌역2번 출구,ST-2187,110,11,10,126.977005,37.52177048
2026-06-26T20:11:10.616164+09:00,국립중앙박물관·용산가족공원,국립중앙박물관·용산가족공원,POI089,KEY_1,855.이촌역5번출구 앞,ST-2179,30,3,10,126.97277069,37.52272415
2026-06-26T20:11:10.616164+09:00,남산공원,남산공원,POI091,KEY_3,859.남산공원 야외식물원 앞,ST-2183,10,1,10,126.99586487,37.54188538
2026-06-26T20:11:10.616164+09:00,남산공원,남산공원,POI091,KEY_3,371. 동대입구역 6번출구 뒤,ST-186,50,5,10,127.00553894,37.55887222
2026-06-26T20:11:10.616164+09:00,남산공원,남산공원,POI091,KEY_3,381. 장충체육관,ST-196,30,3,10,127.00698853,37.55853271
2026-06-26T20:11:10.616164+09:00,남산공원,남산공원,POI091,KEY_3,4621. 남산도서관 앞,ST-3054,58,7,12,126.98201752,37.55240631
2026-06-26T20:11:10.616164+09:00,노들섬,노들섬,POI092,KEY_4,869.노들섬 동측 앞,ST-2239,20,2,10,126.95914459,37.51729584
2026-06-26T20:11:10.616164+09:00,노들섬,노들섬,POI092,KEY_4,870.노들섬 서측 앞,ST-2240,40,4,10,126.95829773,37.51731873
2026-06-26T20:11:10.616164+09:00,망원한강공원,망원한강공원,POI094,KEY_2,105. 합정역 5번출구 앞,ST-7,100,5,5,126.91482544,37.55000687
2026-06-26T20:11:10.616164+09:00,망원한강공원,망원한강공원,POI094,KEY_2,4217. 한강공원 망원나들목,ST-2905,100,20,20,126.89688873,37.55557632
2026-06-26T20:11:10.616164+09:00,망원한강공원,망원한강공원,POI094,KEY_2,5515.한강버스 망원 선착장,ST-3388,277,83,30,126.89590454,37.55466461
2026-06-26T20:11:10.616164+09:00,보라매공원,보라매공원,POI123,KEY_4,4181. 보라매공원역 2번출구,ST-3117,217,13,6,126.91781616,37.49582291
2026-06-26T20:11:10.616164+09:00,보라매공원,보라매공원,POI123,KEY_4,4179. 보라매병원역 1번출구,ST-3105,0,0,20,126.92362976,37.49304199
2026-06-26T20:11:10.616164+09:00,북서울꿈의숲,북서울꿈의숲,POI096,KEY_1,1571.북서울 꿈의 숲 입구,ST-2401,20,2,10,127.03864288,37.62657166
2026-06-26T20:11:10.616164+09:00,북서울꿈의숲,북서울꿈의숲,POI096,KEY_1,3718. 번동3단지 버스정류장,ST-2610,173,19,11,127.04390717,37.628685
2026-06-26T20:11:10.616164+09:00,북서울꿈의숲,북서울꿈의숲,POI096,KEY_1,1548. 북서울 꿈의숲 서문,ST-1725,93,14,15,127.03781128,37.62268829
2026-06-26T20:11:10.616164+09:00,서대문독립공원,서대문독립공원,POI124,KEY_2,367. 독립문역 3-1번출구,ST-180,254,33,13,126.95851898,37.57415771
2026-06-26T20:11:10.616164+09:00,서대문독립공원,서대문독립공원,POI124,KEY_2,3427.인왕산 아이파크 정문,ST-1824,138,11,8,126.95584869,37.57666779
2026-06-26T20:11:10.616164+09:00,서대문독립공원,서대문독립공원,POI124,KEY_2,3113. 독립문 앞,ST-2199,147,22,15,126.95974731,37.57220459
2026-06-26T20:11:10.616164+09:00,서대문독립공원,서대문독립공원,POI124,KEY_2,3426.독립문역 2번출구 뒤,ST-1823,120,12,10,126.95755005,37.57501602
2026-06-26T20:11:10.616164+09:00,서리풀공원·몽마르뜨공원,서리풀공원·몽마르뜨공원,POI098,KEY_3,4327. 몽마르뜨공원입구,ST-3009,36,4,11,127.0026474,37.4928894
2026-06-26T20:11:10.616164+09:00,서리풀공원·몽마르뜨공원,서리풀공원·몽마르뜨공원,POI098,KEY_3,4312. 반포미도2차아파트 옆,ST-2663,20,2,10,127.00653076,37.50320435
2026-06-26T20:11:10.616164+09:00,서리풀공원·몽마르뜨공원,서리풀공원·몽마르뜨공원,POI098,KEY_3,4316. 고속터미널역 3번출구,ST-2667,80,20,25,127.0059433,37.50365829
2026-06-26T20:11:10.616164+09:00,서울숲공원,서울숲공원,POI101,KEY_1,510. 뚝도아리수정수센터 버스정류소 옆,ST-107,27,4,15,127.04380035,37.54122162
2026-06-26T20:11:10.616164+09:00,서울숲공원,서울숲공원,POI101,KEY_1,3552.서울숲 공영주차장앞,ST-2334,11,2,19,127.04277039,37.54195786
2026-06-26T20:11:10.616164+09:00,서울숲공원,서울숲공원,POI101,KEY_1,4401.뚝섬유수지 공영주차장,ST-3393,10,1,10,127.042099,37.55018234
2026-06-26T20:11:10.616164+09:00,송현녹지광장,송현녹지광장,POI129,KEY_2,354. 포르투갈 대사관 앞,ST-170,10,1,10,126.98896027,37.57915497
2026-06-26T20:11:10.616164+09:00,송현녹지광장,송현녹지광장,POI129,KEY_2,353. 재동초교 앞 삼거리,ST-169,50,4,8,126.9849472,37.57938766
2026-06-26T20:11:10.616164+09:00,송현녹지광장,송현녹지광장,POI129,KEY_2,314. 국립현대미술관,ST-130,10,1,10,126.98085785,37.5797081
2026-06-26T20:11:10.616164+09:00,송현녹지광장,송현녹지광장,POI129,KEY_2,3407.안국동사거리(신),ST-1804,17,3,18,126.98339081,37.57580566
2026-06-26T20:11:10.616164+09:00,송현녹지광장,송현녹지광장,POI129,KEY_2,4705. 웰니스센터(민방위교육장 앞),ST-2565,0,0,6,126.98912811,37.57752991
2026-06-26T20:11:10.616164+09:00,송현녹지광장,송현녹지광장,POI129,KEY_2,4719. 종로문화원 건너편,ST-3090,33,5,15,126.9805069,37.57571411
2026-06-26T20:11:10.616164+09:00,어린이대공원,어린이대공원,POI104,KEY_2,574. 아차산역4번출구,ST-385,41,9,22,127.08898163,37.55184937
2026-06-26T20:11:10.616164+09:00,어린이대공원,어린이대공원,POI104,KEY_2,573. 구의문주차장 앞,ST-384,140,14,10,127.08473206,37.54523087
2026-06-26T20:11:10.616164+09:00,어린이대공원,어린이대공원,POI104,KEY_2,500. 어린이대공원역 3번출구 앞,ST-97,20,1,5,127.07466888,37.54697037
2026-06-26T20:11:10.616164+09:00,어린이대공원,어린이대공원,POI104,KEY_2,3860. 건국대학교 정문 앞,ST-2542,20,2,10,127.07571411,37.5465126
2026-06-26T20:11:10.616164+09:00,어린이대공원,어린이대공원,POI104,KEY_2,3573.광나루안전체험관,ST-2312,47,7,15,127.07671356,37.5513382
2026-06-26T20:11:10.616164+09:00,어린이대공원,어린이대공원,POI104,KEY_2,3853. 어린이대공원역 2번출구,ST-2541,22,4,18,127.07470703,37.54764938
2026-06-26T20:11:10.616164+09:00,어린이대공원,어린이대공원,POI104,KEY_2,3529. 어린이대공원정문,ST-1603,67,10,15,127.07592773,37.54978943
2026-06-26T20:11:10.616164+09:00,어린이대공원,어린이대공원,POI104,KEY_2,3507. 어린이회관,ST-1192,81,25,31,127.07800293,37.54595184
2026-06-26T20:11:10.616164+09:00,여의도한강공원,여의도한강공원,POI105,KEY_3,249. 여의도중학교 옆,ST-297,13,2,16,126.93580627,37.52457809
2026-06-26T20:11:10.616164+09:00,여의도한강공원,여의도한강공원,POI105,KEY_3,260. 여의도 마리나선착장 앞,ST-414,53,8,15,126.91216278,37.53365707
2026-06-26T20:11:10.616164+09:00,여의도한강공원,여의도한강공원,POI105,KEY_3,5891.한강버스 여의도 선착장,ST-3402,43,13,30,126.93422699,37.52816391
2026-06-26T20:11:10.616164+09:00,여의도한강공원,여의도한강공원,POI105,KEY_3,5890.여의나루역 3번출구,ST-3401,9,1,11,126.93336487,37.52645493
2026-06-26T20:11:10.616164+09:00,여의서로,여의서로,POI126,KEY_4,298.KBS 연구동 건너편,ST-1970,0,0,25,126.91374207,37.52724838
2026-06-26T20:11:10.616164+09:00,여의서로,여의서로,POI126,KEY_4,260. 여의도 마리나선착장 앞,ST-414,53,8,15,126.91216278,37.53365707
2026-06-26T20:11:10.616164+09:00,여의서로,여의서로,POI126,KEY_4,297.국회3문,ST-1969,110,11,10,126.91267395,37.52863693
2026-06-26T20:11:10.616164+09:00,올림픽공원,올림픽공원,POI127,KEY_1,1267. 올림픽공원 남2문 앞,ST-1086,29,4,14,127.12306976,37.51424026
2026-06-26T20:11:10.616164+09:00,올림픽공원,올림픽공원,POI127,KEY_1,1268. 몽촌토성역 1번출구 옆,ST-1087,53,8,15,127.11419678,37.51728821
2026-06-26T20:11:10.616164+09:00,올림픽공원,올림픽공원,POI127,KEY_1,2622. 올림픽공원역 3번출구,ST-1720,0,0,20,127.13059235,37.51625824
2026-06-26T20:11:10.616164+09:00,올림픽공원,올림픽공원,POI127,KEY_1,2621. 한성백제역 2번 출구,ST-1719,47,7,15,127.11625671,37.51665878
2026-06-26T20:11:10.616164+09:00,올림픽공원,올림픽공원,POI127,KEY_1,4857. 올림픽공원 장미광장,ST-2621,20,3,15,127.126297,37.51275635
2026-06-26T20:11:10.616164+09:00,올림픽공원,올림픽공원,POI127,KEY_1,5751. 송파여성축구장,ST-3069,0,0,10,127.11743927,37.52471542
2026-06-26T20:11:10.616164+09:00,올림픽공원,올림픽공원,POI127,KEY_1,4856. 올림픽공원 서1문 앞,ST-2608,0,0,10,127.11457062,37.5202179
2026-06-26T20:11:10.616164+09:00,올림픽공원,올림픽공원,POI127,KEY_1,4862. 성내교 남단,ST-2756,0,0,10,127.11588287,37.52301788
2026-06-26T20:11:10.616164+09:00,올림픽공원,올림픽공원,POI127,KEY_1,5781. 올림픽공원 수영장,ST-3300,357,50,14,127.12688446,37.52157211
2026-06-26T20:11:10.616164+09:00,올림픽공원,올림픽공원,POI127,KEY_1,4464. 올림픽공원 북2문 A,ST-2580,53,8,15,127.12804413,37.52357483
2026-06-26T20:11:10.616164+09:00,올림픽공원,올림픽공원,POI127,KEY_1,4481. 올림픽공원 북2문 B,ST-2592,112,28,25,127.12751007,37.52397537
2026-06-26T20:11:10.616164+09:00,올림픽공원,올림픽공원,POI127,KEY_1,4865. 한성백제역 1번출구 뒤,ST-2797,180,9,5,127.1149826,37.51647949
2026-06-26T20:11:10.616164+09:00,월드컵공원,월드컵공원,POI106,KEY_2,413. 상암월드컵파크 3단지 후문,ST-92,70,7,10,126.88968658,37.57147598
2026-06-26T20:11:10.616164+09:00,월드컵공원,월드컵공원,POI106,KEY_2,418. 월드컵경기장역 3번출구 옆,ST-89,5,1,20,126.8992691,37.57277679
2026-06-26T20:11:10.616164+09:00,월드컵공원,월드컵공원,POI106,KEY_2,420. 서울시 공공자전거 상암센터,ST-85,97,36,37,126.8961792,37.56624603
2026-06-26T20:11:10.616164+09:00,월드컵공원,월드컵공원,POI106,KEY_2,199. 서울 월드컵 경기장,ST-443,90,27,30,126.89644623,37.56684494
2026-06-26T20:11:10.616164+09:00,월드컵공원,월드컵공원,POI106,KEY_2,440. 하늘공원 입구,ST-1754,7,1,15,126.88134766,37.57012177
2026-06-26T20:11:10.616164+09:00,월드컵공원,월드컵공원,POI106,KEY_2,419. 홈플러스 마포점 앞,ST-87,129,27,21,126.89942932,37.56842041
2026-06-26T20:11:10.616164+09:00,월드컵공원,월드컵공원,POI106,KEY_2,186. 월드컵공원,ST-344,90,36,40,126.89820862,37.56396484
2026-06-26T20:11:10.616164+09:00,월드컵공원,월드컵공원,POI106,KEY_2,3008.DMC역7번출구,ST-2166,40,4,10,126.89836121,37.57711411
2026-06-26T20:11:10.616164+09:00,응봉산,응봉산,POI107,KEY_3,569. 응봉현대아파트 정류소,ST-370,0,0,10,127.03024292,37.54958344
2026-06-26T20:11:10.616164+09:00,응봉산,응봉산,POI107,KEY_3,3525. 금호스포츠센터앞,ST-1599,167,25,15,127.02507019,37.54608917
2026-06-26T20:11:10.616164+09:00,응봉산,응봉산,POI107,KEY_3,3511. 응봉역 1번출구,ST-1195,220,22,10,127.0351944,37.55130386
2026-06-26T20:11:10.616164+09:00,청계산,청계산,POI112,KEY_4,2203. 청계산입구역 2번출구,ST-925,150,15,10,127.05501556,37.44765854
2026-06-26T20:11:10.616164+09:00,청계산,청계산,POI112,KEY_4,4338.새정이마을버스정류장 앞,ST-3216,80,4,5,127.06594849,37.43474579
2026-06-26T20:11:10.616164+09:00,가락시장,가락시장,POI058,KEY_2,2658.가락몰 업무동,ST-2409,30,3,10,127.11569214,37.49535751
2026-06-26T20:11:10.616164+09:00,가락시장,가락시장,POI058,KEY_2,2659.서울친환경유통센터,ST-2410,0,0,10,127.10492706,37.49420929
2026-06-26T20:11:10.616164+09:00,가락시장,가락시장,POI058,KEY_2,4480. 가락시장 남1문 사거리,ST-2591,27,4,15,127.11745453,37.49201584
2026-06-26T20:11:10.616164+09:00,가락시장,가락시장,POI058,KEY_2,4854. 가락시장역 2번 출구,ST-2606,0,0,10,127.11798859,37.492733
2026-06-26T20:11:10.616164+09:00,가로수길,가로수길,POI059,KEY_3,3606. 신사동주민센터 옆,ST-2673,110,11,10,127.02285004,37.52422714
2026-06-26T20:11:10.616164+09:00,가로수길,가로수길,POI059,KEY_3,2362. 신사동 가로수길 입구,ST-1171,30,3,10,127.02245331,37.51763535
2026-06-26T20:11:10.616164+09:00,가로수길,가로수길,POI059,KEY_3,4903. 신사스퀘어,ST-3066,20,2,10,127.0189743,37.51916885
2026-06-26T20:11:10.616164+09:00,가로수길,가로수길,POI059,KEY_3,4907. 극동스포츠 앞,ST-3078,260,13,5,127.02588654,37.5257225
2026-06-26T20:11:10.616164+09:00,김포공항,김포공항,POI061,KEY_1,3776. 김포공항사거리,ST-2484,130,13,10,126.80518341,37.5675354
2026-06-26T20:11:10.616164+09:00,김포공항,김포공항,POI061,KEY_1,5072. 김포공항입구 교통섬,ST-2947,140,14,10,126.80708313,37.56154633
2026-06-26T20:11:10.616164+09:00,남대문시장,남대문시장,POI115,KEY_2,470.회현역 7번출구,ST-1776,15,2,13,126.98000336,37.55974579
2026-06-26T20:11:10.616164+09:00,남대문시장,남대문시장,POI115,KEY_2,324. 신세계백화점 본점 앞,ST-140,25,2,8,126.9805069,37.56134415
2026-06-26T20:11:10.616164+09:00,남대문시장,남대문시장,POI115,KEY_2,4776. 신세계면세점,ST-2522,10,1,10,126.98139191,37.56027603
2026-06-26T20:11:10.616164+09:00,노량진,노량진,POI063,KEY_3,2070. 노량진역 2번 출구 앞,ST-1545,50,9,18,126.94306946,37.51391983
2026-06-26T20:11:10.616164+09:00,노량진,노량진,POI063,KEY_3,2003. 사육신공원앞,ST-877,60,6,10,126.94805908,37.51335907
2026-06-26T20:11:10.616164+09:00,노량진,노량진,POI063,KEY_3,2002. 노들역 1번출구,ST-683,47,8,17,126.95246887,37.51284409
2026-06-26T20:11:10.616164+09:00,노량진,노량진,POI063,KEY_3,2058. 동작경찰서,ST-1150,114,16,14,126.94352722,37.5135231
2026-06-26T20:11:10.616164+09:00,노량진,노량진,POI063,KEY_3,2050. 노량진역 5번출구,ST-699,127,19,15,126.93997192,37.51324844
2026-06-26T20:11:10.616164+09:00,덕수궁길·정동길,덕수궁길·정동길,POI064,KEY_4,391. 시립미술관,ST-977,13,1,8,126.97340393,37.56505203
2026-06-26T20:11:10.616164+09:00,덕수궁길·정동길,덕수궁길·정동길,POI064,KEY_4,300. 정동사거리,ST-116,50,3,6,126.96923065,37.56805038
2026-06-26T20:11:10.616164+09:00,덕수궁길·정동길,덕수궁길·정동길,POI064,KEY_4,4715. 돈의문 박물관 마을,ST-2923,7,1,15,126.96955109,37.56883621
2026-06-26T20:11:10.616164+09:00,덕수궁길·정동길,덕수궁길·정동길,POI064,KEY_4,6058. 시청역 2번출구,ST-3297,433,65,15,126.97702026,37.56557846
2026-06-26T20:11:10.616164+09:00,북촌한옥마을,북촌한옥마을,POI066,KEY_2,464. 삼청동 골목,ST-1756,10,1,10,126.98169708,37.58419037
2026-06-26T20:11:10.616164+09:00,북촌한옥마을,북촌한옥마을,POI066,KEY_2,352. 중앙고입구 삼거리,ST-168,50,5,10,126.98523712,37.58341599
2026-06-26T20:11:10.616164+09:00,북촌한옥마을,북촌한옥마을,POI066,KEY_2,354. 포르투갈 대사관 앞,ST-170,10,1,10,126.98896027,37.57915497
2026-06-26T20:11:10.616164+09:00,북촌한옥마을,북촌한옥마을,POI066,KEY_2,465. 삼청공원 앞,ST-1759,40,2,5,126.9835968,37.58760452
2026-06-26T20:11:10.616164+09:00,북촌한옥마을,북촌한옥마을,POI066,KEY_2,353. 재동초교 앞 삼거리,ST-169,38,3,8,126.9849472,37.57938766
2026-06-26T20:11:10.616164+09:00,북촌한옥마을,북촌한옥마을,POI066,KEY_2,451. 청와대앞길,ST-979,25,2,8,126.97966766,37.58351517
2026-06-26T20:11:10.616164+09:00,북촌한옥마을,북촌한옥마을,POI066,KEY_2,314. 국립현대미술관,ST-130,10,1,10,126.98085785,37.5797081
2026-06-26T20:11:10.616164+09:00,북촌한옥마을,북촌한옥마을,POI066,KEY_2,3407.안국동사거리(신),ST-1804,6,1,18,126.98339081,37.57580566
2026-06-26T20:11:10.616164+09:00,북촌한옥마을,북촌한옥마을,POI066,KEY_2,4705. 웰니스센터(민방위교육장 앞),ST-2565,0,0,6,126.98912811,37.57752991
2026-06-26T20:11:10.616164+09:00,북촌한옥마을,북촌한옥마을,POI066,KEY_2,4719. 종로문화원 건너편,ST-3090,33,5,15,126.9805069,37.57571411
2026-06-26T20:11:10.616164+09:00,서촌,서촌,POI067,KEY_3,450. 효자동 삼거리,ST-978,22,11,51,126.97254944,37.58360291
2026-06-26T20:11:10.616164+09:00,서촌,서촌,POI067,KEY_3,349. 어린이도서관,ST-165,0,0,5,126.96858978,37.57633209
2026-06-26T20:11:10.616164+09:00,서촌,서촌,POI067,KEY_3,4710. 자교교회 앞,ST-2473,0,0,8,126.97123718,37.58114624
2026-06-26T20:11:10.616164+09:00,서촌,서촌,POI067,KEY_3,4721. 통인시장 정자,ST-3354,150,12,8,126.96878815,37.58055878
2026-06-26T20:11:10.616164+09:00,성수카페거리,성수카페거리,POI068,KEY_4,514. 성수사거리 버스정류장 앞,ST-112,17,2,12,127.06330872,37.54257965
2026-06-26T20:11:10.616164+09:00,성수카페거리,성수카페거리,POI068,KEY_4,513. 뚝섬역 5번 출구 정류소 옆,ST-111,0,0,13,127.04980469,37.54630661
2026-06-26T20:11:10.616164+09:00,성수카페거리,성수카페거리,POI068,KEY_4,587. 유니베라 앞,ST-482,0,0,10,127.05264282,37.54541779
2026-06-26T20:11:10.616164+09:00,성수카페거리,성수카페거리,POI068,KEY_4,3548.뚝섬역 6번출구,ST-2330,40,4,10,127.04766846,37.54695892
2026-06-26T20:11:10.616164+09:00,성수카페거리,성수카페거리,POI068,KEY_4,4377. 우영테크노센터 앞,ST-3003,63,5,8,127.05971527,37.54332352
2026-06-26T20:11:10.616164+09:00,성수카페거리,성수카페거리,POI068,KEY_4,4387. 성수역 1번출구 주변,ST-3121,25,2,8,127.05336761,37.54555893
2026-06-26T20:11:10.616164+09:00,성수카페거리,성수카페거리,POI068,KEY_4,4399. 더리브 세종타워 앞,ST-3326,0,0,7,127.0580368,37.54378128
2026-06-26T20:11:10.616164+09:00,성수카페거리,성수카페거리,POI068,KEY_4,4398. 유원지식산업센터 앞,ST-3325,13,2,16,127.05593109,37.54436493
2026-06-26T20:11:10.616164+09:00,송리단길·호수단길,송리단길·호수단길,POI121,KEY_1,2639.석촌역 8번출구,ST-1866,0,0,18,127.10657501,37.50550461
2026-06-26T20:11:10.616164+09:00,송리단길·호수단길,송리단길·호수단길,POI121,KEY_1,4868. 석촌호수 서호 남단,ST-2833,90,9,10,127.10124207,37.50717163
2026-06-26T20:11:10.616164+09:00,신촌 스타광장,신촌 스타광장,POI122,KEY_2,128. 신촌역(2호선) 1번출구 옆,ST-30,79,15,19,126.93634033,37.55549622
2026-06-26T20:11:10.616164+09:00,신촌 스타광장,신촌 스타광장,POI122,KEY_2,3116.신촌역 4번출구,ST-2201,70,7,10,126.93720245,37.55550385
2026-06-26T20:11:10.616164+09:00,압구정로데오거리,압구정로데오거리,POI071,KEY_3,2365. K+ 타워 앞,ST-1174,27,4,15,127.03847504,37.52330017
2026-06-26T20:11:10.616164+09:00,압구정로데오거리,압구정로데오거리,POI071,KEY_3,2310. 청담동 맥도날드 옆(위치),ST-794,40,4,10,127.04017639,37.52361298
2026-06-26T20:11:10.616164+09:00,여의도,여의도,POI072,KEY_4,201. 진미파라곤 앞,ST-46,7,1,15,126.92133331,37.53123856
2026-06-26T20:11:10.616164+09:00,여의도,여의도,POI072,KEY_4,221. 여의도초교 앞,ST-67,20,2,10,126.93778992,37.52267456
2026-06-26T20:11:10.616164+09:00,여의도,여의도,POI072,KEY_4,299.여의도 순복음교회,ST-1971,0,0,10,126.92245483,37.53179169
2026-06-26T20:11:10.616164+09:00,여의도,여의도,POI072,KEY_4,203. 국회의사당역 3번출구 옆,ST-51,0,0,15,126.91870117,37.5280571
2026-06-26T20:11:10.616164+09:00,여의도,여의도,POI072,KEY_4,204. 국회의사당역 5번출구 옆,ST-50,8,1,13,126.91702271,37.52816391
2026-06-26T20:11:10.616164+09:00,여의도,여의도,POI072,KEY_4,205. 산업은행 앞,ST-52,30,6,20,126.92050934,37.52626419
2026-06-26T20:11:10.616164+09:00,여의도,여의도,POI072,KEY_4,223. 진주아파트상가 앞,ST-69,20,4,20,126.9333725,37.51913071
2026-06-26T20:11:10.616164+09:00,여의도,여의도,POI072,KEY_4,224. 롯데캐슬 앞,ST-70,0,0,20,126.93236542,37.5200882
2026-06-26T20:11:10.616164+09:00,여의도,여의도,POI072,KEY_4,207. 여의나루역 1번출구 앞,ST-73,2,1,46,126.93190002,37.52715683
2026-06-26T20:11:10.616164+09:00,여의도,여의도,POI072,KEY_4,271. 샛강생태공원방문자센터 앞,ST-425,0,0,10,126.9216156,37.51896286
2026-06-26T20:11:10.616164+09:00,여의도,여의도,POI072,KEY_4,214. 금융감독원 앞,ST-60,0,0,21,126.9208374,37.5230217
2026-06-26T20:11:10.616164+09:00,여의도,여의도,POI072,KEY_4,226. 샛강역 1번출구 앞,ST-72,26,5,19,126.92841339,37.51776505
2026-06-26T20:11:10.616164+09:00,여의도,여의도,POI072,KEY_4,209. 유진투자증권빌딩 앞,ST-55,0,0,22,126.92783356,37.52461243
2026-06-26T20:11:10.616164+09:00,여의도,여의도,POI072,KEY_4,200. 국회의원회관,ST-45,18,4,22,126.91391754,37.52841568
2026-06-26T20:11:10.616164+09:00,여의도,여의도,POI072,KEY_4,270. 증권거래소후문교차로,ST-424,0,0,10,126.92710114,37.52234268
2026-06-26T20:11:10.616164+09:00,여의도,여의도,POI072,KEY_4,222. 시범아파트버스정류장 옆,ST-68,17,2,12,126.93688965,37.51902008
2026-06-26T20:11:10.616164+09:00,여의도,여의도,POI072,KEY_4,298.KBS 연구동 건너편,ST-1970,0,0,25,126.91374207,37.52724838
2026-06-26T20:11:10.616164+09:00,여의도,여의도,POI072,KEY_4,248. 초원아파트 앞,ST-296,10,1,10,126.92420959,37.53105545
2026-06-26T20:11:10.616164+09:00,여의도,여의도,POI072,KEY_4,202. 국민일보 앞,ST-47,3,1,30,126.92453003,37.52881622
2026-06-26T20:11:10.616164+09:00,여의도,여의도,POI072,KEY_4,225. 앙카라공원 앞,ST-71,46,12,26,126.92961884,37.51758575
2026-06-26T20:11:10.616164+09:00,여의도,여의도,POI072,KEY_4,213. KT앞,ST-59,42,8,19,126.91895294,37.52190781
2026-06-26T20:11:10.616164+09:00,여의도,여의도,POI072,KEY_4,217. NH농협은행 앞,ST-66,0,0,15,126.93036652,37.52207947
2026-06-26T20:11:10.616164+09:00,여의도,여의도,POI072,KEY_4,260. 여의도 마리나선착장 앞,ST-414,53,8,15,126.91216278,37.53365707
2026-06-26T20:11:10.616164+09:00,여의도,여의도,POI072,KEY_4,249. 여의도중학교 옆,ST-297,6,1,16,126.93580627,37.52457809
2026-06-26T20:11:10.616164+09:00,여의도,여의도,POI072,KEY_4,215. 여의도고교 앞,ST-64,20,2,10,126.93490601,37.52483749
2026-06-26T20:11:10.616164+09:00,여의도,여의도,POI072,KEY_4,219. 롯데캐슬엠파이어 옆,ST-62,8,1,12,126.92583466,37.52069473
2026-06-26T20:11:10.616164+09:00,여의도,여의도,POI072,KEY_4,206. KBS 앞,ST-53,6,2,35,126.91802216,37.52466583
2026-06-26T20:11:10.616164+09:00,여의도,여의도,POI072,KEY_4,220. 미성아파트 A동 앞,ST-63,10,3,30,126.92604828,37.5193634
2026-06-26T20:11:10.616164+09:00,여의도,여의도,POI072,KEY_4,297.국회3문,ST-1969,110,11,10,126.91267395,37.52863693
2026-06-26T20:11:10.616164+09:00,여의도,여의도,POI072,KEY_4,4564. 63스퀘어,ST-2814,6,1,17,126.93965912,37.52070999
2026-06-26T20:11:10.616164+09:00,여의도,여의도,POI072,KEY_4,4584. 국회2문,ST-2648,11,1,9,126.91510773,37.52864075
2026-06-26T20:11:10.616164+09:00,여의도,여의도,POI072,KEY_4,4579. 국회의사당 본관,ST-2643,12,2,17,126.91404724,37.5325737
2026-06-26T20:11:10.616164+09:00,여의도,여의도,POI072,KEY_4,5853. 여의도역2번출구 앞,ST-3061,10,1,10,126.92271423,37.52243423
2026-06-26T20:11:10.616164+09:00,여의도,여의도,POI072,KEY_4,4582. 국회도서관,ST-2646,67,8,12,126.91817474,37.53054047
2026-06-26T20:11:10.616164+09:00,여의도,여의도,POI072,KEY_4,5891.한강버스 여의도 선착장,ST-3402,37,11,30,126.93422699,37.52816391
2026-06-26T20:11:10.616164+09:00,여의도,여의도,POI072,KEY_4,5892.국회의사당본관 좌측,ST-3383,0,0,7,126.91375732,37.53090286
2026-06-26T20:11:10.616164+09:00,여의도,여의도,POI072,KEY_4,4583. 의정관,ST-2647,0,0,12,126.91747284,37.53214645
2026-06-26T20:11:10.616164+09:00,여의도,여의도,POI072,KEY_4,4563. 여의도 은하아파트,ST-2813,80,8,10,126.93448639,37.51850891
2026-06-26T20:11:10.616164+09:00,여의도,여의도,POI072,KEY_4,5870. LG트윈타워 앞,ST-3239,5,1,20,126.93017578,37.52833176
2026-06-26T20:11:10.616164+09:00,여의도,여의도,POI072,KEY_4,4589. KRX한국거래소(1),ST-2899,6,1,18,126.92759705,37.52338028
2026-06-26T20:11:10.616164+09:00,여의도,여의도,POI072,KEY_4,5888.여의도성당,ST-3375,0,0,7,126.93920898,37.52164459
2026-06-26T20:11:10.616164+09:00,여의도,여의도,POI072,KEY_4,5889.의원회관출입구 앞,ST-3377,0,0,10,126.91479492,37.52985382
2026-06-26T20:11:10.616164+09:00,여의도,여의도,POI072,KEY_4,5878. 우리은행 앞,ST-3315,0,0,20,126.92162323,37.52349091
2026-06-26T20:11:10.616164+09:00,여의도,여의도,POI072,KEY_4,4580. 국회제2의원회관,ST-2644,12,2,17,126.91316986,37.52974701
2026-06-26T20:11:10.616164+09:00,여의도,여의도,POI072,KEY_4,4585. 국회6문,ST-2694,0,0,6,126.91799164,37.53271866
2026-06-26T20:11:10.616164+09:00,여의도,여의도,POI072,KEY_4,5879. 국회도서관 2문 앞,ST-3318,113,9,8,126.91668701,37.53107071
2026-06-26T20:11:10.616164+09:00,여의도,여의도,POI072,KEY_4,5880. 국회박물관,ST-3319,0,0,7,126.91945648,37.53183365
2026-06-26T20:11:10.616164+09:00,여의도,여의도,POI072,KEY_4,5893.한국산업은행,ST-3397,0,0,10,126.92175293,37.52814484
2026-06-26T20:11:10.616164+09:00,여의도,여의도,POI072,KEY_4,5897.여의도공작아파트,ST-3426,10,1,10,126.92987061,37.52595139
2026-06-26T20:11:10.616164+09:00,여의도,여의도,POI072,KEY_4,5890.여의나루역 3번출구,ST-3401,18,2,11,126.93336487,37.52645493
2026-06-26T20:11:10.616164+09:00,여의도,여의도,POI072,KEY_4,5859. 여의도 삼부아파트,ST-3160,30,3,10,126.93045807,37.52539444
2026-06-26T20:11:10.616164+09:00,여의도,여의도,POI072,KEY_4,4581. 국회소통관,ST-2645,0,0,12,126.9128952,37.53050232
2026-06-26T20:11:10.616164+09:00,연남동,연남동,POI073,KEY_1,107. 수협 연남동지점,ST-9,90,9,10,126.91871643,37.55784607
2026-06-26T20:11:10.616164+09:00,연남동,연남동,POI073,KEY_1,4233. 코오롱아파트사거리,ST-2979,80,8,10,126.92149353,37.56306458
2026-06-26T20:11:10.616164+09:00,영등포 타임스퀘어,영등포 타임스퀘어,POI074,KEY_2,284. 센트럴 푸르지오 시티 앞,ST-1650,156,25,16,126.90222931,37.51821136
2026-06-26T20:11:10.616164+09:00,영등포 타임스퀘어,영등포 타임스퀘어,POI074,KEY_2,3219.영등포역 1번출구,ST-1990,10,1,10,126.9077301,37.5148468
2026-06-26T20:11:10.616164+09:00,영등포 타임스퀘어,영등포 타임스퀘어,POI074,KEY_2,4565. 영등포 신세계백화점,ST-2815,190,19,10,126.90364838,37.51803589
2026-06-26T20:11:10.616164+09:00,영등포 타임스퀘어,영등포 타임스퀘어,POI074,KEY_2,5868. 로프트시티오피스텔,ST-3238,717,43,6,126.90843201,37.51906204
2026-06-26T20:11:10.616164+09:00,영등포 타임스퀘어,영등포 타임스퀘어,POI074,KEY_2,5858. 영등포역5번출구,ST-3142,490,49,10,126.90807343,37.51669312
2026-06-26T20:11:10.616164+09:00,용리단길,용리단길,POI076,KEY_3,817. 삼각지역 4번출구 앞,ST-436,56,5,9,126.97173309,37.53345108
2026-06-26T20:11:10.616164+09:00,용리단길,용리단길,POI076,KEY_3,816. 신용산역 6번출구 앞,ST-435,100,25,25,126.96848297,37.53014755
2026-06-26T20:11:10.616164+09:00,이태원 앤틱가구거리,이태원 앤틱가구거리,POI077,KEY_4,4615. 크라운호텔앞 버스정류소,ST-2446,14,1,7,126.99137878,37.53030014
2026-06-26T20:11:10.616164+09:00,이태원 앤틱가구거리,이태원 앤틱가구거리,POI077,KEY_4,4634. 이태원역 3번 출구,ST-3056,0,0,5,126.99497223,37.5343895
2026-06-26T20:11:10.616164+09:00,익선동,익선동,POI116,KEY_1,334. 종로3가역 2번출구 뒤,ST-150,70,7,10,126.99179077,37.5705986
2026-06-26T20:11:10.616164+09:00,익선동,익선동,POI116,KEY_1,327. 낙원상가 옆,ST-143,60,6,10,126.9874649,37.57335663
2026-06-26T20:11:10.616164+09:00,익선동,익선동,POI116,KEY_1,328. 탑골공원 앞,ST-144,45,5,11,126.9881897,37.57039642
2026-06-26T20:11:10.616164+09:00,익선동,익선동,POI116,KEY_1,3410.종로3가역 8번출구,ST-1807,240,24,10,126.99188995,37.5724678
2026-06-26T20:11:10.616164+09:00,익선동,익선동,POI116,KEY_1,4713. 현대 뜨레비앙 아파트 앞,ST-2623,43,3,7,126.99062347,37.57528305
2026-06-26T20:11:10.616164+09:00,인사동,인사동,POI078,KEY_2,326. 안국역 5번출구 앞,ST-142,20,3,15,126.98616028,37.57624054
2026-06-26T20:11:10.616164+09:00,인사동,인사동,POI078,KEY_2,327. 낙원상가 옆,ST-143,60,6,10,126.9874649,37.57335663
2026-06-26T20:11:10.616164+09:00,인사동,인사동,POI078,KEY_2,454. 종로2가 버스정류장 (종각방향),ST-1607,31,4,13,126.98638153,37.57035828
2026-06-26T20:11:10.616164+09:00,인사동,인사동,POI078,KEY_2,3408.종로타워빌딩,ST-1805,54,7,13,126.98323822,37.57070541
2026-06-26T20:11:10.616164+09:00,창동 신경제 중심지,창동 신경제 중심지,POI079,KEY_4,1722. 창동청소년수련관,ST-1292,100,15,15,127.05004883,37.65779877
2026-06-26T20:11:10.616164+09:00,창동 신경제 중심지,창동 신경제 중심지,POI079,KEY_4,1657. 노원구청,ST-1125,20,4,20,127.05732727,37.65404892
2026-06-26T20:11:10.616164+09:00,창동 신경제 중심지,창동 신경제 중심지,POI079,KEY_4,1674. 서울북부고용센터앞,ST-1291,60,9,15,127.05808258,37.65354919
2026-06-26T20:11:10.616164+09:00,창동 신경제 중심지,창동 신경제 중심지,POI079,KEY_4,1690. 도봉운전면허시험장 버스정류장 옆,ST-1641,50,5,10,127.05931091,37.6577301
2026-06-26T20:11:10.616164+09:00,창동 신경제 중심지,창동 신경제 중심지,POI079,KEY_4,1662. 노원역7번출구,ST-1279,80,16,20,127.05921173,37.65421677
2026-06-26T20:11:10.616164+09:00,창동 신경제 중심지,창동 신경제 중심지,POI079,KEY_4,1756.서울북부광역등기국,ST-2101,40,4,10,127.04431915,37.65148544
2026-06-26T20:11:10.616164+09:00,창동 신경제 중심지,창동 신경제 중심지,POI079,KEY_4,1637. KT 전화국 버스정류장 옆,ST-611,133,12,9,127.06372833,37.6546669
2026-06-26T20:11:10.616164+09:00,창동 신경제 중심지,창동 신경제 중심지,POI079,KEY_4,1653. 노원역1번출구,ST-1121,130,13,10,127.06362152,37.65620041
2026-06-26T20:11:10.616164+09:00,창동 신경제 중심지,창동 신경제 중심지,POI079,KEY_4,1716. 창동역 1번출구 건너편,ST-1132,75,6,8,127.05072784,37.65420151
2026-06-26T20:11:10.616164+09:00,창동 신경제 중심지,창동 신경제 중심지,POI079,KEY_4,1775.신원리베르텔 앞,ST-2120,47,7,15,127.04554749,37.65128708
2026-06-26T20:11:10.616164+09:00,창동 신경제 중심지,창동 신경제 중심지,POI079,KEY_4,1686. 상계주공10단지 종합상가 앞,ST-1476,20,3,15,127.05805206,37.66114044
2026-06-26T20:11:10.616164+09:00,창동 신경제 중심지,창동 신경제 중심지,POI079,KEY_4,5333. 노원역9번-10번 출구 앞,ST-3288,90,9,10,127.063591,37.65655518
2026-06-26T20:11:10.616164+09:00,창동 신경제 중심지,창동 신경제 중심지,POI079,KEY_4,4096.창동역2번출구 하나은행365 앞,ST-3368,350,28,8,127.04550171,37.65283585
2026-06-26T20:11:10.616164+09:00,창동 신경제 중심지,창동 신경제 중심지,POI079,KEY_4,4098.창동역 1번출구 인근,ST-3430,150,12,8,127.04838562,37.65290833
2026-06-26T20:11:10.616164+09:00,창동 신경제 중심지,창동 신경제 중심지,POI079,KEY_4,5311. 주공601동 상가 노원지하보도 앞,ST-3116,200,10,5,127.06147766,37.65190125
2026-06-26T20:11:10.616164+09:00,청량리 제기동 일대 전통시장,청량리 제기동 일대 전통시장,POI081,KEY_2,676.FITI시험연구원 앞,ST-2276,100,9,9,127.03547668,37.58143234
2026-06-26T20:11:10.616164+09:00,청량리 제기동 일대 전통시장,청량리 제기동 일대 전통시장,POI081,KEY_2,633. 청량리 기업은행 앞,ST-400,263,21,8,127.04472351,37.58049774
2026-06-26T20:11:10.616164+09:00,청량리 제기동 일대 전통시장,청량리 제기동 일대 전통시장,POI081,KEY_2,640. 동대문경찰서 교차로,ST-407,333,20,6,127.04460144,37.58255005
2026-06-26T20:11:10.616164+09:00,청량리 제기동 일대 전통시장,청량리 제기동 일대 전통시장,POI081,KEY_2,4147.청량리역광장,ST-3405,71,25,35,127.04673767,37.58024597
2026-06-26T20:11:10.616164+09:00,청량리 제기동 일대 전통시장,청량리 제기동 일대 전통시장,POI081,KEY_2,4134. 제기동 현대아파트 앞,ST-3206,50,5,10,127.0353241,37.57994843
2026-06-26T20:11:10.616164+09:00,청량리 제기동 일대 전통시장,청량리 제기동 일대 전통시장,POI081,KEY_2,4149.제기동역 5번출구,ST-3428,71,5,7,127.03381348,37.5779953
2026-06-26T20:11:10.616164+09:00,DDP(동대문디자인플라자),DDP(동대문디자인플라자),POI083,KEY_4,474.동대문역사문화공원역 1번출구 뒤편,ST-1780,13,5,40,127.00849152,37.56629944
2026-06-26T20:11:10.616164+09:00,DDP(동대문디자인플라자),DDP(동대문디자인플라자),POI083,KEY_4,475.DDP 패션몰,ST-1781,29,6,21,127.0118103,37.56764984
2026-06-26T20:11:10.616164+09:00,DDP(동대문디자인플라자),DDP(동대문디자인플라자),POI083,KEY_4,347. 동대문역사문화공원역 9번출구 앞,ST-163,6,1,18,127.00784302,37.56533051
2026-06-26T20:11:10.616164+09:00,DDP(동대문디자인플라자),DDP(동대문디자인플라자),POI083,KEY_4,4765. 동대문디자인플라자,ST-2431,20,4,20,127.00946045,37.5683136
2026-06-26T20:11:10.616164+09:00,DMC(디지털미디어시티),DMC(디지털미디어시티),POI084,KEY_1,490.가온문화공원,ST-2149,30,7,23,126.88766479,37.58207703
2026-06-26T20:11:10.616164+09:00,DMC(디지털미디어시티),DMC(디지털미디어시티),POI084,KEY_1,417. DMC역 2번출구 옆,ST-93,0,0,20,126.8999176,37.57506943
2026-06-26T20:11:10.616164+09:00,DMC(디지털미디어시티),DMC(디지털미디어시티),POI084,KEY_1,409. 누리꿈스퀘어 옆,ST-86,17,5,30,126.88916016,37.57939911
2026-06-26T20:11:10.616164+09:00,DMC(디지털미디어시티),DMC(디지털미디어시티),POI084,KEY_1,405. DMC빌 앞,ST-80,13,1,8,126.88578796,37.58265686
2026-06-26T20:11:10.616164+09:00,DMC(디지털미디어시티),DMC(디지털미디어시티),POI084,KEY_1,411. DMC홍보관,ST-90,10,1,10,126.89147186,37.5779953
2026-06-26T20:11:10.616164+09:00,DMC(디지털미디어시티),DMC(디지털미디어시티),POI084,KEY_1,415. DMC역 9번출구 앞,ST-95,20,2,10,126.89736176,37.57746887
2026-06-26T20:11:10.616164+09:00,DMC(디지털미디어시티),DMC(디지털미디어시티),POI084,KEY_1,414. 상암동주민센터 옆,ST-94,113,9,8,126.89447021,37.57822037
2026-06-26T20:11:10.616164+09:00,DMC(디지털미디어시티),DMC(디지털미디어시티),POI084,KEY_1,408. LG CNS앞,ST-84,50,7,14,126.88665009,37.58081055
2026-06-26T20:11:10.616164+09:00,DMC(디지털미디어시티),DMC(디지털미디어시티),POI084,KEY_1,489.구룡근린공원,ST-2148,80,8,10,126.88276672,37.58320236
2026-06-26T20:11:10.616164+09:00,DMC(디지털미디어시티),DMC(디지털미디어시티),POI084,KEY_1,412. DMC산학협력연구센터 앞,ST-91,0,0,21,126.89079285,37.57565689
2026-06-26T20:11:10.616164+09:00,DMC(디지털미디어시티),DMC(디지털미디어시티),POI084,KEY_1,425. DMC첨단산업센터,ST-991,10,1,10,126.88559723,37.58450317
2026-06-26T20:11:10.616164+09:00,DMC(디지털미디어시티),DMC(디지털미디어시티),POI084,KEY_1,3007.MBC 앞,ST-2165,0,0,10,126.89044952,37.58198166
2026-06-26T20:11:10.616164+09:00,DMC(디지털미디어시티),DMC(디지털미디어시티),POI084,KEY_1,3008.DMC역7번출구,ST-2166,40,4,10,126.89836121,37.57711411
2026-06-26T20:11:10.616164+09:00,DMC(디지털미디어시티),DMC(디지털미디어시티),POI084,KEY_1,4214. JTBC 앞,ST-2537,10,1,10,126.8901825,37.57730484
2026-06-26T20:11:10.616164+09:00,DMC(디지털미디어시티),DMC(디지털미디어시티),POI084,KEY_1,4218. 디지털매직스페이스,ST-2974,0,0,13,126.88957977,37.58119965
2026-06-26T20:11:10.616164+09:00,DMC(디지털미디어시티),DMC(디지털미디어시티),POI084,KEY_1,4238. 상암한샘빌딩앞,ST-2981,29,2,7,126.89867401,37.57649231
2026-06-26T20:11:10.616164+09:00,가산디지털단지역,가산디지털단지역,POI013,KEY_2,1806. 에이스하이엔드타워9차 앞,ST-621,150,15,10,126.87863922,37.48621368
2026-06-26T20:11:10.616164+09:00,가산디지털단지역,가산디지털단지역,POI013,KEY_2,1805. 서울디지털운동장 앞,ST-620,20,2,10,126.87776947,37.48228836
2026-06-26T20:11:10.616164+09:00,가산디지털단지역,가산디지털단지역,POI013,KEY_2,1850. 코오롱테크노밸리,ST-1277,100,10,10,126.8863678,37.48015976
2026-06-26T20:11:10.616164+09:00,가산디지털단지역,가산디지털단지역,POI013,KEY_2,1851. 가산디지털단지 9번출구 인근,ST-1403,10,1,10,126.88148499,37.48123169
2026-06-26T20:11:10.616164+09:00,가산디지털단지역,가산디지털단지역,POI013,KEY_2,1835. STX V타워,ST-641,70,7,10,126.88442993,37.47706985
2026-06-26T20:11:10.616164+09:00,가산디지털단지역,가산디지털단지역,POI013,KEY_2,1834. 월드메르디앙 벤처센터 2차,ST-640,20,2,10,126.87904358,37.47908401
2026-06-26T20:11:10.616164+09:00,가산디지털단지역,가산디지털단지역,POI013,KEY_2,1867.대륭포스트타워6차 앞,ST-1938,197,59,30,126.8841629,37.48101044
2026-06-26T20:11:10.616164+09:00,가산디지털단지역,가산디지털단지역,POI013,KEY_2,1839. 수출의 다리 아래,ST-1140,115,23,20,126.88615417,37.47743607
2026-06-26T20:11:10.616164+09:00,가산디지털단지역,가산디지털단지역,POI013,KEY_2,1812. 갑을그레이트밸리 앞,ST-624,190,19,10,126.88729858,37.47903061
2026-06-26T20:11:10.616164+09:00,가산디지털단지역,가산디지털단지역,POI013,KEY_2,1849. 대륭포스트타워5차,ST-1276,190,19,10,126.88694,37.48135376
2026-06-26T20:11:10.616164+09:00,가산디지털단지역,가산디지털단지역,POI013,KEY_2,3984. 가산롯데아이티캐슬,ST-2999,40,2,5,126.88083649,37.47636795
2026-06-26T20:11:10.616164+09:00,가산디지털단지역,가산디지털단지역,POI013,KEY_2,3989.가산디지털단지역 9번출구 앞,ST-3396,220,22,10,126.88175964,37.48055267
2026-06-26T20:11:10.616164+09:00,가산디지털단지역,가산디지털단지역,POI013,KEY_2,3985. 디폴리스 지식산업센터,ST-2964,0,0,20,126.87680054,37.48017502
2026-06-26T20:11:10.616164+09:00,강남역,강남역,POI014,KEY_3,3628. 역삼1동 주민센터,ST-2689,10,1,10,127.03302765,37.49521255
2026-06-26T20:11:10.616164+09:00,강남역,강남역,POI014,KEY_3,2421. 신논현역 4번출구,ST-1887,67,10,15,127.02579498,37.504673
2026-06-26T20:11:10.616164+09:00,강남역,강남역,POI014,KEY_3,2407. 역삼서초삼성 세무서 앞 (역삼빌딩 앞),ST-1577,40,4,10,127.03011322,37.49847031
2026-06-26T20:11:10.616164+09:00,강남역,강남역,POI014,KEY_3,2505. 우성아파트사거리 (기업은행앞),ST-1556,233,28,12,127.0295105,37.49330521
2026-06-26T20:11:10.616164+09:00,강남역,강남역,POI014,KEY_3,4349.삼성화재서초타워,ST-3361,267,16,6,127.02896118,37.49446869
2026-06-26T20:11:10.616164+09:00,건대입구역,건대입구역,POI015,KEY_4,501. 광진문화예술회관 앞,ST-98,93,28,30,127.07035065,37.53730774
2026-06-26T20:11:10.616164+09:00,건대입구역,건대입구역,POI015,KEY_4,3533. 건대입구역 사거리(롯데백화점),ST-1660,150,15,10,127.07078552,37.5392952
2026-06-26T20:11:10.616164+09:00,건대입구역,건대입구역,POI015,KEY_4,3534. 건대입구역 5번출구 뒤,ST-1661,280,28,10,127.06956482,37.54008102
2026-06-26T20:11:10.616164+09:00,고덕역,고덕역,POI016,KEY_1,1036. 고덕동 주양쇼핑,ST-1053,60,6,10,127.15331268,37.55199051
2026-06-26T20:11:10.616164+09:00,고덕역,고덕역,POI016,KEY_1,1072.고덕역 5번출구,ST-1833,95,21,22,127.15372467,37.55486298
2026-06-26T20:11:10.616164+09:00,고덕역,고덕역,POI016,KEY_1,1068.명일파출소,ST-1767,60,6,10,127.15622711,37.5536499
2026-06-26T20:11:10.616164+09:00,교대역,교대역,POI018,KEY_3,2279. 교대역 5번출구뒤,ST-1305,250,20,8,127.01418304,37.49361801
2026-06-26T20:11:10.616164+09:00,교대역,교대역,POI018,KEY_3,2239.교대역 6번출구,ST-765,230,23,10,127.01378632,37.49421692
2026-06-26T20:11:10.616164+09:00,구로디지털단지역,구로디지털단지역,POI019,KEY_4,2110. 조원동 미성아파트,ST-950,122,11,9,126.90203094,37.48319244
2026-06-26T20:11:10.616164+09:00,구로디지털단지역,구로디지털단지역,POI019,KEY_4,1955. 디지털입구 교차로,ST-936,70,7,10,126.90103912,37.48288345
2026-06-26T20:11:10.616164+09:00,구로디지털단지역,구로디지털단지역,POI019,KEY_4,1962. 가리봉동주민센터,ST-1224,107,16,15,126.89279938,37.48160172
2026-06-26T20:11:10.616164+09:00,구로디지털단지역,구로디지털단지역,POI019,KEY_4,2801. 대륭포스트타워1차,ST-1753,57,17,30,126.89542389,37.48437119
2026-06-26T20:11:10.616164+09:00,구로디지털단지역,구로디지털단지역,POI019,KEY_4,1911. 구로디지털단지역 앞,ST-668,100,18,18,126.90132141,37.48493958
2026-06-26T20:11:10.616164+09:00,구로디지털단지역,구로디지털단지역,POI019,KEY_4,1986. 태평양물산,ST-1521,180,27,15,126.89518738,37.48485947
2026-06-26T20:11:10.616164+09:00,구로역,구로역,POI020,KEY_1,1946. 구로역 광장,ST-873,290,29,10,126.88038635,37.50311661
2026-06-26T20:11:10.616164+09:00,구로역,구로역,POI020,KEY_1,3919. 구로역·NC신구로점 버스정류장(구로역 방면),ST-3013,171,24,14,126.88237,37.50096512
2026-06-26T20:11:10.616164+09:00,군자역,군자역,POI021,KEY_2,540. 군자역 7번출구 베스트샵 앞,ST-253,163,13,8,127.0786438,37.55603027
2026-06-26T20:11:10.616164+09:00,군자역,군자역,POI021,KEY_2,3586.군자역 비채온 오피스텔,ST-2325,63,5,8,127.07727051,37.55771255
2026-06-26T20:11:10.616164+09:00,군자역,군자역,POI021,KEY_2,3518. 군자역 7번출구뒤,ST-1263,313,25,8,127.07913971,37.55686188
2026-06-26T20:11:10.616164+09:00,군자역,군자역,POI021,KEY_2,3500. 군자역2번출구,ST-983,243,17,7,127.07969666,37.55758667
2026-06-26T20:11:10.616164+09:00,대림역,대림역,POI023,KEY_3,286. 우성아파트 교차로,ST-1652,125,15,12,126.89974976,37.49457169
2026-06-26T20:11:10.616164+09:00,대림역,대림역,POI023,KEY_3,1914. 대림역4번출구,ST-918,50,5,10,126.89444733,37.49440384
2026-06-26T20:11:10.616164+09:00,대림역,대림역,POI023,KEY_3,1975. 대림역 1번 출입구 밑,ST-1237,110,11,10,126.8947525,37.49256516
2026-06-26T20:11:10.616164+09:00,동대문역,동대문역,POI024,KEY_4,457. 종로꽃시장 입구 옆,ST-1610,10,1,10,127.00720978,37.57131958
2026-06-26T20:11:10.616164+09:00,동대문역,동대문역,POI024,KEY_4,393. 동대문역 8번 출구,ST-1372,17,2,12,127.00937653,37.57014084
2026-06-26T20:11:10.616164+09:00,동대문역,동대문역,POI024,KEY_4,3415.동대문역6번출구,ST-1812,100,15,15,127.0107193,37.57147217
2026-06-26T20:11:10.616164+09:00,미아사거리역,미아사거리역,POI026,KEY_2,1546. 송천동우체국,ST-1665,50,5,10,127.02970123,37.61545944
2026-06-26T20:11:10.616164+09:00,미아사거리역,미아사거리역,POI026,KEY_2,1531. 미아사거리 1번 출구,ST-1105,20,2,10,127.03025055,37.61395645
2026-06-26T20:11:10.616164+09:00,미아사거리역,미아사거리역,POI026,KEY_2,1574.송중초등학교 옆,ST-2405,88,7,8,127.03049469,37.61669922
2026-06-26T20:11:10.616164+09:00,미아사거리역,미아사거리역,POI026,KEY_2,4423.현대백화점 미아점,ST-3203,110,11,10,127.02845764,37.60884857
2026-06-26T20:11:10.616164+09:00,발산역,발산역,POI027,KEY_3,1117. 등촌5단지아파트 버스정류장,ST-834,190,19,10,126.84426117,37.55819702
2026-06-26T20:11:10.616164+09:00,발산역,발산역,POI027,KEY_3,1124. 발산역 6번 출구 뒤,ST-522,233,14,6,126.8384552,37.55817795
2026-06-26T20:11:10.616164+09:00,발산역,발산역,POI027,KEY_3,"1153. 발산역 1번, 9번 인근 대여소",ST-1065,281,90,32,126.83717346,37.55894852
2026-06-26T20:11:10.616164+09:00,발산역,발산역,POI027,KEY_3,1197. 엠펠리체 호텔 건너편,ST-1714,160,32,20,126.83546448,37.56026077
2026-06-26T20:11:10.616164+09:00,발산역,발산역,POI027,KEY_3,3760. 발산역 8번 출구,ST-2538,29,5,17,126.83676147,37.55846024
2026-06-26T20:11:10.616164+09:00,발산역,발산역,POI027,KEY_3,2730.마곡메가박스 앞,ST-2047,10,3,30,126.83495331,37.55912781
2026-06-26T20:11:10.616164+09:00,발산역,발산역,POI027,KEY_3,2721.등촌1-10단지 교차로,ST-2037,50,6,12,126.8393631,37.56320572
2026-06-26T20:11:10.616164+09:00,발산역,발산역,POI027,KEY_3,2723.마곡 필네이처,ST-2040,138,18,13,126.83669281,37.56089401
2026-06-26T20:11:10.616164+09:00,발산역,발산역,POI027,KEY_3,3764. 관문주유소(GS칼택스) 앞,ST-2613,160,16,10,126.84183502,37.55802917
2026-06-26T20:11:10.616164+09:00,발산역,발산역,POI027,KEY_3,3759. 이대서울병원,ST-2569,56,14,25,126.83559418,37.5586319
2026-06-26T20:11:10.616164+09:00,발산역,발산역,POI027,KEY_3,2717.LG유플러스 마곡사옥,ST-2033,19,12,62,126.83390045,37.56133652
2026-06-26T20:11:10.616164+09:00,발산역,발산역,POI027,KEY_3,5061. 우장산동 가곡어린이공원앞,ST-2888,240,24,10,126.83751678,37.55545425
2026-06-26T20:11:10.616164+09:00,발산역,발산역,POI027,KEY_3,5095. 원당근린공원,ST-3226,93,13,14,126.84147644,37.55947495
2026-06-26T20:11:10.616164+09:00,사당역,사당역,POI029,KEY_4,2089.사당역10번출구(금강빌딩),ST-2362,230,23,10,126.98150635,37.4791069
2026-06-26T20:11:10.616164+09:00,사당역,사당역,POI029,KEY_4,2222.사당역 12번출구 뒤,ST-753,280,28,10,126.98203278,37.47806931
2026-06-26T20:11:10.616164+09:00,사당역,사당역,POI029,KEY_4,2104. 사당역 5번출구,ST-712,31,4,13,126.98133087,37.47608948
2026-06-26T20:11:10.616164+09:00,사당역,사당역,POI029,KEY_4,2034. 사당역 7번출구쪽,ST-924,63,12,19,126.98057556,37.47689056
2026-06-26T20:11:10.616164+09:00,삼각지역,삼각지역,POI030,KEY_1,848. 삼각지12번 출구,ST-2172,63,5,8,126.97562408,37.53488922
2026-06-26T20:11:10.616164+09:00,삼각지역,삼각지역,POI030,KEY_1,849. 삼각지 자이아파트,ST-2173,165,33,20,126.97341919,37.53607941
2026-06-26T20:11:10.616164+09:00,삼각지역,삼각지역,POI030,KEY_1,4620. 삼각지역 14번 출구 앞(교통섬),ST-2451,150,12,8,126.97408295,37.53528595
2026-06-26T20:11:10.616164+09:00,서울대입구역,서울대입구역,POI031,KEY_2,2171. 서울대입구역 5번출구,ST-1337,0,0,17,126.95200348,37.48154831
2026-06-26T20:11:10.616164+09:00,서울대입구역,서울대입구역,POI031,KEY_2,3311.서울대입구역 4번 출구,ST-2394,108,13,12,126.95157623,37.48122025
2026-06-26T20:11:10.616164+09:00,서울대입구역,서울대입구역,POI031,KEY_2,2112. 서울대입구역 마에스트로,ST-715,73,11,15,126.95064545,37.4813385
2026-06-26T20:11:10.616164+09:00,서울대입구역,서울대입구역,POI031,KEY_2,2128. 관악구청교차로,ST-720,8,1,12,126.95265198,37.47949982
2026-06-26T20:11:10.616164+09:00,서울대입구역,서울대입구역,POI031,KEY_2,2116. 에이스에이존빌딩,ST-717,11,1,9,126.95082855,37.48170471
2026-06-26T20:11:10.616164+09:00,서울대입구역,서울대입구역,POI031,KEY_2,2111. 서울대입구역 1번출구,ST-965,70,7,10,126.95331573,37.48086929
2026-06-26T20:11:10.616164+09:00,서울식물원·마곡나루역,서울식물원·마곡나루역,POI032,KEY_3,2725.서울식물원 식물문화센터,ST-2042,15,3,20,126.83563232,37.56883621
2026-06-26T20:11:10.616164+09:00,서울식물원·마곡나루역,서울식물원·마곡나루역,POI032,KEY_3,2728.마곡나루역 3번 출구,ST-2045,240,156,65,126.82807922,37.56580353
2026-06-26T20:11:10.616164+09:00,서울식물원·마곡나루역,서울식물원·마곡나루역,POI032,KEY_3,2715.마곡나루역 2번 출구,ST-2031,216,54,25,126.82743835,37.56692505
2026-06-26T20:11:10.616164+09:00,서울식물원·마곡나루역,서울식물원·마곡나루역,POI032,KEY_3,2701. 마곡나루역 5번출구 뒤편,ST-1718,15,4,26,126.82731628,37.56520081
2026-06-26T20:11:10.616164+09:00,서울식물원·마곡나루역,서울식물원·마곡나루역,POI032,KEY_3,2727.서울식물원 잔디마당 앞,ST-2044,72,18,25,126.8306427,37.5639267
2026-06-26T20:11:10.616164+09:00,서울식물원·마곡나루역,서울식물원·마곡나루역,POI032,KEY_3,6190.마곡광장(마곡나루역 6번출구),ST-3421,20,2,10,126.82738495,37.56614685
2026-06-26T20:11:10.616164+09:00,서울식물원·마곡나루역,서울식물원·마곡나루역,POI032,KEY_3,5097. LG사이언스파크 E2동,ST-3259,5,2,40,126.83208466,37.56381607
2026-06-26T20:11:10.616164+09:00,서울식물원·마곡나루역,서울식물원·마곡나루역,POI032,KEY_3,6177. 마곡롯데캐슬르웨스트,ST-3324,110,11,10,126.82462311,37.56356049
2026-06-26T20:11:10.616164+09:00,서울식물원·마곡나루역,서울식물원·마곡나루역,POI032,KEY_3,5098. LG사이언스파크 W4동,ST-3261,55,11,20,126.82978821,37.56403732
2026-06-26T20:11:10.616164+09:00,서울역,서울역,POI033,KEY_4,485.서울역5번출구,ST-1791,280,28,10,126.97319794,37.55677032
2026-06-26T20:11:10.616164+09:00,서울역,서울역,POI033,KEY_4,379. 서울역9번출구,ST-194,180,18,10,126.97330475,37.55580521
2026-06-26T20:11:10.616164+09:00,서울역,서울역,POI033,KEY_4,435. SK 남산빌딩,ST-1670,20,2,10,126.97561646,37.55686188
2026-06-26T20:11:10.616164+09:00,서울역,서울역,POI033,KEY_4,6062.서울역파출소,ST-3413,150,15,10,126.97183228,37.55709457
2026-06-26T20:11:10.616164+09:00,서울역,서울역,POI033,KEY_4,4794. 서울역 서부교차로(3),ST-2786,300,24,8,126.96942139,37.55540848
2026-06-26T20:11:10.616164+09:00,서울역,서울역,POI033,KEY_4,4760. 서울역 7번출구,ST-2430,30,3,10,126.97364044,37.55664444
2026-06-26T20:11:10.616164+09:00,선릉역,선릉역,POI034,KEY_1,2369. KT선릉타워,ST-1178,45,9,20,127.0528717,37.50542831
2026-06-26T20:11:10.616164+09:00,선릉역,선릉역,POI034,KEY_1,2329. 르네상스호텔사거리 역삼지하보도 2번출구,ST-812,0,0,10,127.04319,37.50235748
2026-06-26T20:11:10.616164+09:00,선릉역,선릉역,POI034,KEY_1,2319. 포스코사거리 서측(수협 삼성동 지점),ST-802,100,10,10,127.05467987,37.50660706
2026-06-26T20:11:10.616164+09:00,선릉역,선릉역,POI034,KEY_1,2328. 르네상스 호텔 사거리 역삼지하보도 7번출구 앞,ST-811,30,3,10,127.04273224,37.50321198
2026-06-26T20:11:10.616164+09:00,선릉역,선릉역,POI034,KEY_1,2332. 선릉역3번출구,ST-815,63,5,8,127.04903412,37.50410461
2026-06-26T20:11:10.616164+09:00,성신여대입구역,성신여대입구역,POI035,KEY_2,1337. 돈암성당 옆,ST-1201,246,32,13,127.01716614,37.59039307
2026-06-26T20:11:10.616164+09:00,성신여대입구역,성신여대입구역,POI035,KEY_2,1384.성신여대입구역 5번출구,ST-2225,208,27,13,127.01628876,37.59282684
2026-06-26T20:11:10.616164+09:00,성신여대입구역,성신여대입구역,POI035,KEY_2,1385.성신여대입구역 3번출구 앞,ST-2226,150,15,10,127.01628876,37.59236526
2026-06-26T20:11:10.616164+09:00,수유역,수유역,POI036,KEY_3,1512. 강북중학교 앞,ST-862,75,15,20,127.02656555,37.64473724
2026-06-26T20:11:10.616164+09:00,수유역,수유역,POI036,KEY_3,1503. 강북구청사거리(수유역 8번출구),ST-643,207,29,14,127.02672577,37.63926315
2026-06-26T20:11:10.616164+09:00,수유역,수유역,POI036,KEY_3,1530. 광산사거리,ST-1104,138,18,13,127.0223465,37.64355087
2026-06-26T20:11:10.616164+09:00,수유역,수유역,POI036,KEY_3,1520. 수유중앙시장,ST-650,143,10,7,127.022789,37.63986206
2026-06-26T20:11:10.616164+09:00,수유역,수유역,POI036,KEY_3,1552. 강북구청사거리,ST-2125,138,11,8,127.02723694,37.63920212
2026-06-26T20:11:10.616164+09:00,수유역,수유역,POI036,KEY_3,1535. 효성인텔리안 앞,ST-1109,50,5,10,127.02337646,37.6362915
2026-06-26T20:11:10.616164+09:00,수유역,수유역,POI036,KEY_3,1569.수유역2번출구,ST-2137,230,23,10,127.02590179,37.63796997
2026-06-26T20:11:10.616164+09:00,수유역,수유역,POI036,KEY_3,1526. 강북종합시장 앞,ST-1100,313,25,8,127.02462769,37.64173889
2026-06-26T20:11:10.616164+09:00,숭례문,숭례문,POI131,KEY_4,445.대한상공회의소,ST-1771,13,2,15,126.97410583,37.56015396
2026-06-26T20:11:10.616164+09:00,숭례문,숭례문,POI131,KEY_4,6060. 신한은행 본점,ST-3342,13,1,8,126.97480774,37.56077576
2026-06-26T20:11:10.616164+09:00,시의회 앞,시의회 앞,POI130,KEY_1,458. 광화문역 5번출구,ST-1611,33,7,21,126.97756958,37.56989288
2026-06-26T20:11:10.616164+09:00,시의회 앞,시의회 앞,POI130,KEY_1,310. 청계광장 옆,ST-126,250,20,8,126.9774704,37.56887817
2026-06-26T20:11:10.616164+09:00,시의회 앞,시의회 앞,POI130,KEY_1,309. 광화문역 6번출구 옆 B,ST-125,8,1,13,126.97615814,37.56996155
2026-06-26T20:11:10.616164+09:00,시의회 앞,시의회 앞,POI130,KEY_1,4718. 광화문역 6번출구 옆 A,ST-3075,20,2,10,126.9764328,37.56993103
2026-06-26T20:11:10.616164+09:00,시의회 앞,시의회 앞,POI130,KEY_1,6058. 시청역 2번출구,ST-3297,433,65,15,126.97702026,37.56557846
2026-06-26T20:11:10.616164+09:00,신논현역·논현역,신논현역·논현역,POI037,KEY_2,2302. 교보타워 버스정류장(신논현역 3번출구 후면),ST-787,100,10,10,127.02427673,37.5055809
2026-06-26T20:11:10.616164+09:00,신논현역·논현역,신논현역·논현역,POI037,KEY_2,2542.신논현타워 앞,ST-1926,120,12,10,127.02391052,37.50508881
2026-06-26T20:11:10.616164+09:00,신논현역·논현역,신논현역·논현역,POI037,KEY_2,4347. 논현지하보도,ST-3332,180,18,10,127.02232361,37.50836945
2026-06-26T20:11:10.616164+09:00,신림역,신림역,POI039,KEY_4,2136. 신림역 8번출구,ST-976,238,19,8,126.93006897,37.48450851
2026-06-26T20:11:10.616164+09:00,신림역,신림역,POI039,KEY_4,2102. 봉림교 교통섬,ST-702,115,15,13,126.92688751,37.48408508
2026-06-26T20:11:10.616164+09:00,신림역,신림역,POI039,KEY_4,2175. 신림동걷고싶은문화의거리입구,ST-1270,186,13,7,126.92870331,37.48730087
2026-06-26T20:11:10.616164+09:00,신정네거리역,신정네거리역,POI117,KEY_1,722. 경서농협 버스정류장(우리은행신정동지점방향),ST-993,60,6,10,126.85738373,37.52151108
2026-06-26T20:11:10.616164+09:00,신정네거리역,신정네거리역,POI117,KEY_1,706. 신정네거리역,ST-313,13,2,15,126.85175323,37.5218811
2026-06-26T20:11:10.616164+09:00,신정네거리역,신정네거리역,POI117,KEY_1,4510. 신정네거리역 교차로,ST-2762,54,7,13,126.85228729,37.52175903
2026-06-26T20:11:10.616164+09:00,신정네거리역,신정네거리역,POI117,KEY_1,4507. 신정제일시장,ST-2759,50,5,10,126.85499573,37.52122498
2026-06-26T20:11:10.616164+09:00,신정네거리역,신정네거리역,POI117,KEY_1,4509. 서울영상고교 입구,ST-2761,353,53,15,126.85928345,37.52198029
2026-06-26T20:11:10.616164+09:00,신촌·이대역,신촌·이대역,POI040,KEY_2,150. 서강대역 2번출구 앞,ST-207,20,3,15,126.93434143,37.55295563
2026-06-26T20:11:10.616164+09:00,신촌·이대역,신촌·이대역,POI040,KEY_2,128. 신촌역(2호선) 1번출구 옆,ST-30,79,15,19,126.93634033,37.55549622
2026-06-26T20:11:10.616164+09:00,신촌·이대역,신촌·이대역,POI040,KEY_2,134. 연세로 명물길,ST-36,38,3,8,126.93807983,37.55789185
2026-06-26T20:11:10.616164+09:00,신촌·이대역,신촌·이대역,POI040,KEY_2,137. 신촌기차역입구 교차로,ST-39,50,5,10,126.9431839,37.55681229
2026-06-26T20:11:10.616164+09:00,신촌·이대역,신촌·이대역,POI040,KEY_2,135. 명물길 원형무대 앞,ST-37,0,0,10,126.93984222,37.55922699
2026-06-26T20:11:10.616164+09:00,신촌·이대역,신촌·이대역,POI040,KEY_2,130. 신촌역(2호선) 7번출구 앞,ST-32,120,12,10,126.93626404,37.5550499
2026-06-26T20:11:10.616164+09:00,신촌·이대역,신촌·이대역,POI040,KEY_2,129. 신촌역(2호선) 6번출구 옆,ST-31,100,10,10,126.93756866,37.55505371
2026-06-26T20:11:10.616164+09:00,신촌·이대역,신촌·이대역,POI040,KEY_2,3116.신촌역 4번출구,ST-2201,70,7,10,126.93720245,37.55550385
2026-06-26T20:11:10.616164+09:00,신촌·이대역,신촌·이대역,POI040,KEY_2,4248. 신촌 교보빌딩,ST-3021,30,3,10,126.94034576,37.5560112
2026-06-26T20:11:10.616164+09:00,신촌·이대역,신촌·이대역,POI040,KEY_2,4274. 신촌 파랑고래 입구,ST-3140,40,4,10,126.93603516,37.55687714
2026-06-26T20:11:10.616164+09:00,쌍문역,쌍문역,POI070,KEY_3,1774.정의여중고 버스정류소,ST-2119,75,6,8,127.034729,37.65134811
2026-06-26T20:11:10.616164+09:00,쌍문역,쌍문역,POI070,KEY_3,1709. 쌍문역4번출구 주변,ST-616,29,5,17,127.03534698,37.65012741
2026-06-26T20:11:10.616164+09:00,쌍문역,쌍문역,POI070,KEY_3,1754. 창동시장입구 사거리,ST-2099,45,5,11,127.03343201,37.64689636
2026-06-26T20:11:10.616164+09:00,쌍문역,쌍문역,POI070,KEY_3,4054. 창동한신아파트 버스정류소,ST-2722,100,10,10,127.03527069,37.64601898
2026-06-26T20:11:10.616164+09:00,양재역,양재역,POI041,KEY_4,2333. 양재역 3번출구 주변,ST-816,0,0,14,127.03407288,37.48515701
2026-06-26T20:11:10.616164+09:00,양재역,양재역,POI041,KEY_4,2242.양재역 10번 출구 앞,ST-767,5,1,20,127.03417969,37.48398972
2026-06-26T20:11:10.616164+09:00,양재역,양재역,POI041,KEY_4,2293. SPC 앞,ST-1360,10,1,10,127.03699493,37.48479843
2026-06-26T20:11:10.616164+09:00,양재역,양재역,POI041,KEY_4,4329. SC제일은행 양재동지점 앞,ST-2962,0,0,8,127.03315735,37.48573685
2026-06-26T20:11:10.616164+09:00,역삼역,역삼역,POI042,KEY_1,2430.강남파이낸스센터앞(역삼역2번출구),ST-1896,20,2,10,127.03605652,37.50024414
2026-06-26T20:11:10.616164+09:00,역삼역,역삼역,POI042,KEY_1,2349. 역삼빌딩 앞(하나은행 옆),ST-959,0,0,12,127.03856659,37.50154495
2026-06-26T20:11:10.616164+09:00,역삼역,역삼역,POI042,KEY_1,2410. 포스코피앤에스타워 (역삼역 3번출구 부근),ST-1680,30,3,10,127.03375244,37.49959946
2026-06-26T20:11:10.616164+09:00,연신내역,연신내역,POI043,KEY_2,949. 연신내역 1번 출구,ST-1035,50,3,6,126.92080688,37.61978149
2026-06-26T20:11:10.616164+09:00,연신내역,연신내역,POI043,KEY_2,922. 연신내역 4번출구,ST-470,70,7,10,126.92196655,37.61780167
2026-06-26T20:11:10.616164+09:00,연신내역,연신내역,POI043,KEY_2,906. 연신내역 5번출구,ST-454,113,9,8,126.91957855,37.61721039
2026-06-26T20:11:10.616164+09:00,오목교역·목동운동장,오목교역·목동운동장,POI044,KEY_3,756. 목동주차장,ST-1497,127,19,15,126.8761673,37.52667999
2026-06-26T20:11:10.616164+09:00,오목교역·목동운동장,오목교역·목동운동장,POI044,KEY_3,792.목동트라팰리스 웨스턴에비뉴,ST-2017,165,33,20,126.8709259,37.52537155
2026-06-26T20:11:10.616164+09:00,오목교역·목동운동장,오목교역·목동운동장,POI044,KEY_3,765. 오목교역 3번출구,ST-1731,208,25,12,126.87548065,37.52477646
2026-06-26T20:11:10.616164+09:00,오목교역·목동운동장,오목교역·목동운동장,POI044,KEY_3,771.목동아파트 703동 앞,ST-1997,50,4,8,126.87016296,37.52820587
2026-06-26T20:11:10.616164+09:00,오목교역·목동운동장,오목교역·목동운동장,POI044,KEY_3,723. SBS방송국,ST-994,153,23,15,126.87274933,37.52916336
2026-06-26T20:11:10.616164+09:00,오목교역·목동운동장,오목교역·목동운동장,POI044,KEY_3,791.현대하이페리온,ST-2016,133,20,15,126.86980438,37.52490234
2026-06-26T20:11:10.616164+09:00,오목교역·목동운동장,오목교역·목동운동장,POI044,KEY_3,748. 목동운동장,ST-1019,169,22,13,126.87930298,37.53025055
2026-06-26T20:11:10.616164+09:00,오목교역·목동운동장,오목교역·목동운동장,POI044,KEY_3,747. 목동3단지 상가,ST-1018,390,39,10,126.8756485,37.53458023
2026-06-26T20:11:10.616164+09:00,오목교역·목동운동장,오목교역·목동운동장,POI044,KEY_3,731. 서울시 도로환경관리센터,ST-1002,90,9,10,126.87654114,37.5298996
2026-06-26T20:11:10.616164+09:00,오목교역·목동운동장,오목교역·목동운동장,POI044,KEY_3,762. 오목로 무중력지대 앞,ST-1503,100,10,10,126.87766266,37.52474213
2026-06-26T20:11:10.616164+09:00,오목교역·목동운동장,오목교역·목동운동장,POI044,KEY_3,703. 오목교역 7번출구 앞,ST-311,142,17,12,126.87524414,37.52362823
2026-06-26T20:11:10.616164+09:00,오목교역·목동운동장,오목교역·목동운동장,POI044,KEY_3,769.CBS방송국 앞,ST-1995,130,26,20,126.87467194,37.52785492
2026-06-26T20:11:10.616164+09:00,오목교역·목동운동장,오목교역·목동운동장,POI044,KEY_3,4532. 목동현대아파트 후문 앞,ST-2879,90,9,10,126.87805939,37.5221405
2026-06-26T20:11:10.616164+09:00,오목교역·목동운동장,오목교역·목동운동장,POI044,KEY_3,4543. 오목교역 6번 출구,ST-3163,400,36,9,126.87567139,37.5236702
2026-06-26T20:11:10.616164+09:00,오목교역·목동운동장,오목교역·목동운동장,POI044,KEY_3,4546. 목동운동장 주경기장,ST-3227,130,39,30,126.88307953,37.52937698
2026-06-26T20:11:10.616164+09:00,오목교역·목동운동장,오목교역·목동운동장,POI044,KEY_3,4514. 목동성당 앞,ST-2764,160,32,20,126.86930084,37.52319717
2026-06-26T20:11:10.616164+09:00,왕십리역,왕십리역,POI045,KEY_4,558. 성동광진 교육지원청 앞,ST-359,110,22,20,127.03652191,37.56460571
2026-06-26T20:11:10.616164+09:00,왕십리역,왕십리역,POI045,KEY_4,525. 한양대병원사거리,ST-241,25,5,20,127.04035187,37.55805206
2026-06-26T20:11:10.616164+09:00,왕십리역,왕십리역,POI045,KEY_4,559. 왕십리역 4번 출구 건너편,ST-360,38,5,13,127.03679657,37.56109619
2026-06-26T20:11:10.616164+09:00,왕십리역,왕십리역,POI045,KEY_4,3561.행당동 삼부APT후문,ST-2343,60,6,10,127.03839874,37.55926895
2026-06-26T20:11:10.616164+09:00,왕십리역,왕십리역,POI045,KEY_4,3545.한양대역 1번출구,ST-2327,0,0,10,127.04335785,37.55657959
2026-06-26T20:11:10.616164+09:00,용산역,용산역,POI046,KEY_1,806. 전자랜드 본관 앞,ST-327,40,8,20,126.96073151,37.5330658
2026-06-26T20:11:10.616164+09:00,용산역,용산역,POI046,KEY_1,845. 용산 선인상가,ST-1615,106,17,16,126.96437836,37.53269958
2026-06-26T20:11:10.616164+09:00,용산역,용산역,POI046,KEY_1,853.용산역 맞은편,ST-2177,32,6,19,126.96595001,37.52841568
2026-06-26T20:11:10.616164+09:00,용산역,용산역,POI046,KEY_1,4617. 동원베네스트 건너편,ST-2448,83,5,6,126.95511627,37.52761078
2026-06-26T20:11:10.616164+09:00,용산역,용산역,POI046,KEY_1,4616. 신용산지하차도 앞,ST-2447,80,12,15,126.96411896,37.53248215
2026-06-26T20:11:10.616164+09:00,잠실새내역,잠실새내역,POI118,KEY_3,1222. 잠실새내역 5번 출구 뒤,ST-547,4,1,23,127.08505249,37.51198196
2026-06-26T20:11:10.616164+09:00,잠실새내역,잠실새내역,POI118,KEY_3,1224. 아시아지하보도 2번 출구,ST-548,180,27,15,127.07893372,37.51216888
2026-06-26T20:11:10.616164+09:00,잠실새내역,잠실새내역,POI118,KEY_3,2635.잠실새내역 1번출구,ST-1862,10,2,21,127.08673859,37.51129532
2026-06-26T20:11:10.616164+09:00,잠실새내역,잠실새내역,POI118,KEY_3,2637. 아시아지하보도 14번 출구,ST-1864,100,15,15,127.07881165,37.51146317
2026-06-26T20:11:10.616164+09:00,잠실역,잠실역,POI119,KEY_4,1210. 롯데월드타워(잠실역2번출구 쪽),ST-891,0,0,30,127.10095978,37.51312637
2026-06-26T20:11:10.616164+09:00,잠실역,잠실역,POI119,KEY_4,1231. 잠실역 6번출구,ST-840,8,1,13,127.09902954,37.51408768
2026-06-26T20:11:10.616164+09:00,잠실역,잠실역,POI119,KEY_4,1232. 잠실주공 521동 건너편,ST-550,20,2,10,127.09568787,37.51184082
2026-06-26T20:11:10.616164+09:00,잠실역,잠실역,POI119,KEY_4,2647.잠실 자전거 수리센터 앞,ST-1868,29,2,7,127.10114288,37.51100922
2026-06-26T20:11:10.616164+09:00,장지역,장지역,POI048,KEY_1,1266. 문정동 글샘 공원,ST-1085,60,6,10,127.12000275,37.47880936
2026-06-26T20:11:10.616164+09:00,장지역,장지역,POI048,KEY_1,1247. 문정 법조단지11,ST-907,13,2,15,127.12351227,37.4788208
2026-06-26T20:11:10.616164+09:00,장지역,장지역,POI048,KEY_1,1245. 문정 법조단지9,ST-905,80,8,10,127.12532806,37.47946548
2026-06-26T20:11:10.616164+09:00,장지역,장지역,POI048,KEY_1,1244. 문정 법조단지8,ST-904,18,2,11,127.12212372,37.48153687
2026-06-26T20:11:10.616164+09:00,장지역,장지역,POI048,KEY_1,1246. 문정 법조단지10,ST-906,7,2,30,127.12632751,37.47750854
2026-06-26T20:11:10.616164+09:00,장지역,장지역,POI048,KEY_1,4491. 장지역 1번출구,ST-2599,10,1,10,127.12678528,37.47953415
2026-06-26T20:11:10.616164+09:00,장지역,장지역,POI048,KEY_1,4885. 가든파이브 리빙관,ST-2985,0,0,8,127.123703,37.47709656
2026-06-26T20:11:10.616164+09:00,장한평역,장한평역,POI049,KEY_2,529. 장한평역 8번 출구 앞,ST-243,138,11,8,127.06365967,37.56137085
2026-06-26T20:11:10.616164+09:00,장한평역,장한평역,POI049,KEY_2,626. 군자교 서측 녹지대,ST-394,235,40,17,127.07096863,37.56115341
2026-06-26T20:11:10.616164+09:00,장한평역,장한평역,POI049,KEY_2,4385. 용답동 우체국 주변,ST-3099,140,7,5,127.06151581,37.56168747
2026-06-26T20:11:10.616164+09:00,장한평역,장한평역,POI049,KEY_2,4105. 서울교통공사사거리 교통섬,ST-2499,20,2,10,127.05799103,37.56324005
2026-06-26T20:11:10.616164+09:00,천호역,천호역,POI050,KEY_3,1264. 천호역 10번 출구 앞,ST-1083,25,2,8,127.12280273,37.53858185
2026-06-26T20:11:10.616164+09:00,천호역,천호역,POI050,KEY_3,1009. 천호역4번출구(현대백화점),ST-493,120,24,20,127.12424469,37.53866577
2026-06-26T20:11:10.616164+09:00,천호역,천호역,POI050,KEY_3,3657. 서울천호동우체국,ST-2732,290,29,10,127.12576294,37.54074097
2026-06-26T20:11:10.616164+09:00,총신대입구(이수)역,총신대입구(이수)역,POI051,KEY_4,2082.7호선 이수역7번출구,ST-2355,170,17,10,126.98179626,37.4846077
2026-06-26T20:11:10.616164+09:00,총신대입구(이수)역,총신대입구(이수)역,POI051,KEY_4,2032. 이수역 11번출구쪽,ST-923,310,31,10,126.98162079,37.48550797
2026-06-26T20:11:10.616164+09:00,총신대입구(이수)역,총신대입구(이수)역,POI051,KEY_4,2511. 이수역 6번출구 앞,ST-1739,100,10,10,126.98234558,37.48398972
2026-06-26T20:11:10.616164+09:00,총신대입구(이수)역,총신대입구(이수)역,POI051,KEY_4,2091. 이수역9번출구,ST-2364,127,19,15,126.98059082,37.48470306
2026-06-26T20:11:10.616164+09:00,총신대입구(이수)역,총신대입구(이수)역,POI051,KEY_4,2264. 이수역 1번출구,ST-935,244,22,9,126.98271942,37.48897171
2026-06-26T20:11:10.616164+09:00,충정로역,충정로역,POI052,KEY_1,180. 충정로역 7번출구 아래,ST-233,40,4,10,126.96246338,37.55996704
2026-06-26T20:11:10.616164+09:00,충정로역,충정로역,POI052,KEY_1,3134.SK리쳄블(서울아리수본부),ST-2219,30,3,10,126.96658325,37.56131744
2026-06-26T20:11:10.616164+09:00,충정로역,충정로역,POI052,KEY_1,3114.충정로역 3번 출구,ST-2198,29,2,7,126.96552277,37.56046295
2026-06-26T20:11:10.616164+09:00,충정로역,충정로역,POI052,KEY_1,4271. 충정로역 1번 출구,ST-3107,0,0,7,126.96305847,37.55942535
2026-06-26T20:11:10.616164+09:00,충정로역,충정로역,POI052,KEY_1,4266.국민연금공단충정로사옥,ST-3027,22,2,9,126.96414948,37.56184769
2026-06-26T20:11:10.616164+09:00,충정로역,충정로역,POI052,KEY_1,4801. 충정로역 2호선(엘리베이터 앞),ST-3053,0,0,5,126.96414185,37.55937576
2026-06-26T20:11:10.616164+09:00,충정로역,충정로역,POI052,KEY_1,4752. 삼성사이버빌리지아파트,ST-2624,0,0,7,126.96485901,37.55891418
2026-06-26T20:11:10.616164+09:00,합정역,합정역,POI053,KEY_2,105. 합정역 5번출구 앞,ST-7,100,5,5,126.91482544,37.55000687
2026-06-26T20:11:10.616164+09:00,합정역,합정역,POI053,KEY_2,106. 합정역 7번출구 앞,ST-8,33,4,12,126.91282654,37.54864502
2026-06-26T20:11:10.616164+09:00,합정역,합정역,POI053,KEY_2,497.합정동주민센터 앞,ST-2156,72,18,25,126.91230011,37.551754
2026-06-26T20:11:10.616164+09:00,합정역,합정역,POI053,KEY_2,4211. 시석빌딩 앞,ST-2534,88,7,8,126.91671753,37.54836655
2026-06-26T20:11:10.616164+09:00,혜화역,혜화역,POI054,KEY_3,342. 대학로 마로니에공원,ST-158,95,21,22,127.00234222,37.58044434
2026-06-26T20:11:10.616164+09:00,혜화역,혜화역,POI054,KEY_3,341. 혜화역 3번출구 뒤,ST-157,38,3,8,127.00178528,37.58156967
2026-06-26T20:11:10.616164+09:00,혜화역,혜화역,POI054,KEY_3,358. 성균관대입구 사거리 A,ST-173,23,3,13,126.99853516,37.58250046
2026-06-26T20:11:10.616164+09:00,혜화역,혜화역,POI054,KEY_3,3420. 성균관대입구 사거리 B,ST-1817,20,2,10,126.99885559,37.58327484
2026-06-26T20:11:10.616164+09:00,혜화역,혜화역,POI054,KEY_3,3419.국립어린이과학관,ST-1816,0,0,14,126.99736786,37.58194733
2026-06-26T20:11:10.616164+09:00,혜화역,혜화역,POI054,KEY_3,3421.혜화역 1번출구,ST-1818,240,24,10,127.00185394,37.58385468
2026-06-26T20:11:10.616164+09:00,홍대입구역(2호선),홍대입구역(2호선),POI055,KEY_4,113. 홍대입구역 2번출구 앞,ST-18,29,8,28,126.9238205,37.5574379
2026-06-26T20:11:10.616164+09:00,홍대입구역(2호선),홍대입구역(2호선),POI055,KEY_4,114. 홍대입구역 8번출구 앞,ST-20,87,13,15,126.92442322,37.55706024
2026-06-26T20:11:10.616164+09:00,회기역,회기역,POI056,KEY_1,670.삼육서울병원 버스정류장,ST-2270,467,42,9,127.06151581,37.5896759
2026-06-26T20:11:10.616164+09:00,회기역,회기역,POI056,KEY_1,680.꿈마루어린이도서관 앞,ST-2280,164,36,22,127.05741119,37.59238434
2026-06-26T21:59:04.155202+09:00,광화문·덕수궁,광화문·덕수궁,POI009,KEY_2,391. 시립미술관,ST-977,38,3,8,126.97340393,37.56505203
2026-06-26T21:59:04.155202+09:00,광화문·덕수궁,광화문·덕수궁,POI009,KEY_2,458. 광화문역 5번출구,ST-1611,38,8,21,126.97756958,37.56989288
2026-06-26T21:59:04.155202+09:00,광화문·덕수궁,광화문·덕수궁,POI009,KEY_2,310. 청계광장 옆,ST-126,175,14,8,126.9774704,37.56887817
2026-06-26T21:59:04.155202+09:00,광화문·덕수궁,광화문·덕수궁,POI009,KEY_2,303. 광화문역 1번출구 앞,ST-119,88,7,8,126.97466278,37.57176971
2026-06-26T21:59:04.155202+09:00,광화문·덕수궁,광화문·덕수궁,POI009,KEY_2,305. 종로구청 옆,ST-121,25,4,16,126.97833252,37.57255936
2026-06-26T21:59:04.155202+09:00,광화문·덕수궁,광화문·덕수궁,POI009,KEY_2,309. 광화문역 6번출구 옆 B,ST-125,0,0,13,126.97615814,37.56996155
2026-06-26T21:59:04.155202+09:00,광화문·덕수궁,광화문·덕수궁,POI009,KEY_2,4719. 종로문화원 건너편,ST-3090,7,1,15,126.9805069,37.57571411
2026-06-26T21:59:04.155202+09:00,광화문·덕수궁,광화문·덕수궁,POI009,KEY_2,4796. 서울시청,ST-2693,40,8,20,126.97925568,37.5664711
2026-06-26T21:59:04.155202+09:00,광화문·덕수궁,광화문·덕수궁,POI009,KEY_2,4718. 광화문역 6번출구 옆 A,ST-3075,10,1,10,126.9764328,37.56993103
2026-06-26T21:59:04.155202+09:00,광화문·덕수궁,광화문·덕수궁,POI009,KEY_2,6058. 시청역 2번출구,ST-3297,393,59,15,126.97702026,37.56557846
2026-06-26T21:59:04.155202+09:00,보신각,보신각,POI010,KEY_3,316. 종각역 1번출구 앞,ST-132,13,1,8,126.98178864,37.57039642
2026-06-26T21:59:04.155202+09:00,보신각,보신각,POI010,KEY_3,385. 종각역 5번출구,ST-336,30,3,10,126.98265839,37.56983566
2026-06-26T21:59:04.155202+09:00,보신각,보신각,POI010,KEY_3,3408.종로타워빌딩,ST-1805,0,0,13,126.98323822,37.57070541
2026-06-26T21:59:04.155202+09:00,보신각,보신각,POI010,KEY_3,4708. 조계사앞사거리,ST-2472,83,5,6,126.98283386,37.5721817
2026-06-26T21:59:04.155202+09:00,서울 암사동 유적,서울 암사동 유적,POI011,KEY_4,1007.암사동 선사유적지,ST-491,129,18,14,127.13087463,37.55955887
2026-06-26T21:59:04.155202+09:00,서울 암사동 유적,서울 암사동 유적,POI011,KEY_4,3539. 서원마을,ST-1686,50,5,10,127.13283539,37.56379318
2026-06-26T21:59:04.155202+09:00,창덕궁·종묘,창덕궁·종묘,POI012,KEY_1,339. 종로4가 사거리,ST-155,30,3,10,126.99819183,37.57106781
2026-06-26T21:59:04.155202+09:00,창덕궁·종묘,창덕궁·종묘,POI012,KEY_1,337. 창경궁 입구,ST-153,140,7,5,126.99647522,37.57897949
2026-06-26T21:59:04.155202+09:00,창덕궁·종묘,창덕궁·종묘,POI012,KEY_1,359. 원남동사거리,ST-174,25,2,8,126.99768066,37.57606125
2026-06-26T21:59:04.155202+09:00,창덕궁·종묘,창덕궁·종묘,POI012,KEY_1,338. 세운스퀘어 앞,ST-154,6,1,18,126.99712372,37.57095718
2026-06-26T21:59:04.155202+09:00,창덕궁·종묘,창덕궁·종묘,POI012,KEY_1,3411.종묘,ST-1808,78,7,9,126.99437714,37.57072067
2026-06-26T21:59:04.155202+09:00,창덕궁·종묘,창덕궁·종묘,POI012,KEY_1,3413.종로플레이스,ST-1810,23,5,22,126.99796295,37.57320023
2026-06-26T21:59:04.155202+09:00,창덕궁·종묘,창덕궁·종묘,POI012,KEY_1,3410.종로3가역 8번출구,ST-1807,190,19,10,126.99188995,37.5724678
2026-06-26T21:59:04.155202+09:00,동대문 관광특구,동대문 관광특구,POI002,KEY_3,474.동대문역사문화공원역 1번출구 뒤편,ST-1780,28,11,40,127.00849152,37.56629944
2026-06-26T21:59:04.155202+09:00,동대문 관광특구,동대문 관광특구,POI002,KEY_3,475.DDP 패션몰,ST-1781,33,7,21,127.0118103,37.56764984
2026-06-26T21:59:04.155202+09:00,동대문 관광특구,동대문 관광특구,POI002,KEY_3,346. 맥스타일 앞,ST-162,10,1,10,127.01014709,37.5689621
2026-06-26T21:59:04.155202+09:00,동대문 관광특구,동대문 관광특구,POI002,KEY_3,383. 신당역 12번 출구 뒤,ST-198,21,5,24,127.01642609,37.56591797
2026-06-26T21:59:04.155202+09:00,동대문 관광특구,동대문 관광특구,POI002,KEY_3,347. 동대문역사문화공원역 9번출구 앞,ST-163,11,2,18,127.00784302,37.56533051
2026-06-26T21:59:04.155202+09:00,동대문 관광특구,동대문 관광특구,POI002,KEY_3,6061.충무아트센터,ST-3381,10,1,10,127.01522064,37.56538773
2026-06-26T21:59:04.155202+09:00,동대문 관광특구,동대문 관광특구,POI002,KEY_3,4765. 동대문디자인플라자,ST-2431,5,1,20,127.00946045,37.5683136
2026-06-26T21:59:04.155202+09:00,명동 관광특구,명동 관광특구,POI003,KEY_4,320. 을지로입구역 4번출구 앞,ST-136,24,4,17,126.98358917,37.56622314
2026-06-26T21:59:04.155202+09:00,명동 관광특구,명동 관광특구,POI003,KEY_4,318. 광교사거리 남측,ST-134,10,1,10,126.98231506,37.56863403
2026-06-26T21:59:04.155202+09:00,명동 관광특구,명동 관광특구,POI003,KEY_4,310. 청계광장 옆,ST-126,175,14,8,126.9774704,37.56887817
2026-06-26T21:59:04.155202+09:00,명동 관광특구,명동 관광특구,POI003,KEY_4,321. KEB 하나금융그룹 명동사옥 옆,ST-137,0,0,15,126.98413849,37.56546402
2026-06-26T21:59:04.155202+09:00,명동 관광특구,명동 관광특구,POI003,KEY_4,433. 을지로입구역 2번출구,ST-1668,117,14,12,126.98229218,37.56634521
2026-06-26T21:59:04.155202+09:00,명동 관광특구,명동 관광특구,POI003,KEY_4,322. 명동성당 앞,ST-138,0,0,10,126.98696899,37.56447601
2026-06-26T21:59:04.155202+09:00,명동 관광특구,명동 관광특구,POI003,KEY_4,398. 을지로3가역 3번출구,ST-1435,63,5,8,126.99249268,37.56660461
2026-06-26T21:59:04.155202+09:00,명동 관광특구,명동 관광특구,POI003,KEY_4,331. 을지로2가 사거리 북측,ST-147,0,0,10,126.98720551,37.56638336
2026-06-26T21:59:04.155202+09:00,명동 관광특구,명동 관광특구,POI003,KEY_4,324. 신세계백화점 본점 앞,ST-140,13,1,8,126.9805069,37.56134415
2026-06-26T21:59:04.155202+09:00,명동 관광특구,명동 관광특구,POI003,KEY_4,466.롯데호텔,ST-1772,200,26,13,126.97981262,37.56584167
2026-06-26T21:59:04.155202+09:00,명동 관광특구,명동 관광특구,POI003,KEY_4,3013.서울지방고용노동청 앞,ST-2422,0,0,7,126.98725891,37.56760406
2026-06-26T21:59:04.155202+09:00,명동 관광특구,명동 관광특구,POI003,KEY_4,4791. 명동역9번 출구,ST-2527,50,5,10,126.98749542,37.56122589
2026-06-26T21:59:04.155202+09:00,명동 관광특구,명동 관광특구,POI003,KEY_4,4774. 을지로입구역 8번출구,ST-2520,22,2,9,126.98178101,37.56590271
2026-06-26T21:59:04.155202+09:00,명동 관광특구,명동 관광특구,POI003,KEY_4,4775. 을지로지하쇼핑센터,ST-2521,0,0,10,126.98445129,37.56589127
2026-06-26T21:59:04.155202+09:00,명동 관광특구,명동 관광특구,POI003,KEY_4,4796. 서울시청,ST-2693,40,8,20,126.97925568,37.5664711
2026-06-26T21:59:04.155202+09:00,명동 관광특구,명동 관광특구,POI003,KEY_4,4776. 신세계면세점,ST-2522,0,0,10,126.98139191,37.56027603
2026-06-26T21:59:04.155202+09:00,명동 관광특구,명동 관광특구,POI003,KEY_4,4762. 국제빌딩,ST-2517,70,7,10,126.98244476,37.56694794
2026-06-26T21:59:04.155202+09:00,명동 관광특구,명동 관광특구,POI003,KEY_4,6058. 시청역 2번출구,ST-3297,393,59,15,126.97702026,37.56557846
2026-06-26T21:59:04.155202+09:00,이태원 관광특구,이태원 관광특구,POI004,KEY_1,854.HID 유족동지회 앞,ST-2178,0,0,10,127.0014801,37.53850937
2026-06-26T21:59:04.155202+09:00,이태원 관광특구,이태원 관광특구,POI004,KEY_1,857. 현대 안성타워,ST-2181,0,0,10,126.99797058,37.53508759
2026-06-26T21:59:04.155202+09:00,이태원 관광특구,이태원 관광특구,POI004,KEY_1,843. 이태원관광특구 입구(용산구청방향),ST-1445,0,0,19,126.98867035,37.53379822
2026-06-26T21:59:04.155202+09:00,이태원 관광특구,이태원 관광특구,POI004,KEY_1,4612. 이태원로 255,ST-2444,0,0,5,127.00084686,37.53749847
2026-06-26T21:59:04.155202+09:00,이태원 관광특구,이태원 관광특구,POI004,KEY_1,4623. 라인프랜즈이태원점 앞,ST-2453,0,0,10,126.99619293,37.53453064
2026-06-26T21:59:04.155202+09:00,이태원 관광특구,이태원 관광특구,POI004,KEY_1,4613. 서울갤러리아 앞,ST-2445,0,0,5,126.99937439,37.53597641
2026-06-26T21:59:04.155202+09:00,이태원 관광특구,이태원 관광특구,POI004,KEY_1,4634. 이태원역 3번 출구,ST-3056,0,0,5,126.99497223,37.5343895
2026-06-26T21:59:04.155202+09:00,잠실 관광특구,잠실 관광특구,POI005,KEY_2,1267. 올림픽공원 남2문 앞,ST-1086,57,8,14,127.12306976,37.51424026
2026-06-26T21:59:04.155202+09:00,잠실 관광특구,잠실 관광특구,POI005,KEY_2,1210. 롯데월드타워(잠실역2번출구 쪽),ST-891,3,1,30,127.10095978,37.51312637
2026-06-26T21:59:04.155202+09:00,잠실 관광특구,잠실 관광특구,POI005,KEY_2,1297. 석촌호수교차로(동호 팔각정 앞),ST-1586,73,11,15,127.10411835,37.50920105
2026-06-26T21:59:04.155202+09:00,잠실 관광특구,잠실 관광특구,POI005,KEY_2,1233. 잠실3거리(갤러리아팰리스),ST-551,22,2,9,127.09336853,37.51050949
2026-06-26T21:59:04.155202+09:00,잠실 관광특구,잠실 관광특구,POI005,KEY_2,1296. 석촌호수교차로 (송파나루근린공원 앞),ST-1585,0,0,10,127.1034317,37.50867844
2026-06-26T21:59:04.155202+09:00,잠실 관광특구,잠실 관광특구,POI005,KEY_2,1268. 몽촌토성역 1번출구 옆,ST-1087,47,7,15,127.11419678,37.51728821
2026-06-26T21:59:04.155202+09:00,잠실 관광특구,잠실 관광특구,POI005,KEY_2,1232. 잠실주공 521동 건너편,ST-550,30,3,10,127.09568787,37.51184082
2026-06-26T21:59:04.155202+09:00,잠실 관광특구,잠실 관광특구,POI005,KEY_2,2647.잠실 자전거 수리센터 앞,ST-1868,29,2,7,127.10114288,37.51100922
2026-06-26T21:59:04.155202+09:00,잠실 관광특구,잠실 관광특구,POI005,KEY_2,2622. 올림픽공원역 3번출구,ST-1720,30,6,20,127.13059235,37.51625824
2026-06-26T21:59:04.155202+09:00,잠실 관광특구,잠실 관광특구,POI005,KEY_2,2621. 한성백제역 2번 출구,ST-1719,7,1,15,127.11625671,37.51665878
2026-06-26T21:59:04.155202+09:00,잠실 관광특구,잠실 관광특구,POI005,KEY_2,2608. 송파구청,ST-1681,10,1,10,127.10611725,37.51499176
2026-06-26T21:59:04.155202+09:00,잠실 관광특구,잠실 관광특구,POI005,KEY_2,2601. 석촌호수 아뜰리에,ST-1590,88,14,16,127.09883118,37.5067482
2026-06-26T21:59:04.155202+09:00,잠실 관광특구,잠실 관광특구,POI005,KEY_2,4868. 석촌호수 서호 남단,ST-2833,110,11,10,127.10124207,37.50717163
2026-06-26T21:59:04.155202+09:00,잠실 관광특구,잠실 관광특구,POI005,KEY_2,5751. 송파여성축구장,ST-3069,0,0,10,127.11743927,37.52471542
2026-06-26T21:59:04.155202+09:00,잠실 관광특구,잠실 관광특구,POI005,KEY_2,4865. 한성백제역 1번출구 뒤,ST-2797,280,14,5,127.1149826,37.51647949
2026-06-26T21:59:04.155202+09:00,잠실 관광특구,잠실 관광특구,POI005,KEY_2,4870. 몽촌토성역 3번 출구,ST-2876,150,15,10,127.11232758,37.5170784
2026-06-26T21:59:04.155202+09:00,잠실 관광특구,잠실 관광특구,POI005,KEY_2,4857. 올림픽공원 장미광장,ST-2621,7,1,15,127.126297,37.51275635
2026-06-26T21:59:04.155202+09:00,잠실 관광특구,잠실 관광특구,POI005,KEY_2,4481. 올림픽공원 북2문 B,ST-2592,120,30,25,127.12751007,37.52397537
2026-06-26T21:59:04.155202+09:00,잠실 관광특구,잠실 관광특구,POI005,KEY_2,5781. 올림픽공원 수영장,ST-3300,200,28,14,127.12688446,37.52157211
2026-06-26T21:59:04.155202+09:00,잠실 관광특구,잠실 관광특구,POI005,KEY_2,5768.방이삼거리,ST-3214,400,48,12,127.10822296,37.51237488
2026-06-26T21:59:04.155202+09:00,잠실 관광특구,잠실 관광특구,POI005,KEY_2,4856. 올림픽공원 서1문 앞,ST-2608,10,1,10,127.11457062,37.5202179
2026-06-26T21:59:04.155202+09:00,잠실 관광특구,잠실 관광특구,POI005,KEY_2,4464. 올림픽공원 북2문 A,ST-2580,67,10,15,127.12804413,37.52357483
2026-06-26T21:59:04.155202+09:00,잠실 관광특구,잠실 관광특구,POI005,KEY_2,4862. 성내교 남단,ST-2756,10,1,10,127.11588287,37.52301788
2026-06-26T21:59:04.155202+09:00,종로·청계 관광특구,종로·청계 관광특구,POI006,KEY_3,455. 종로6가역 버스정류장(동대문 방향),ST-1608,88,7,8,127.00605774,37.570961
2026-06-26T21:59:04.155202+09:00,종로·청계 관광특구,종로·청계 관광특구,POI006,KEY_3,368. SK 서린빌딩 앞,ST-181,13,2,15,126.98053741,37.5692482
2026-06-26T21:59:04.155202+09:00,종로·청계 관광특구,종로·청계 관광특구,POI006,KEY_3,458. 광화문역 5번출구,ST-1611,38,8,21,126.97756958,37.56989288
2026-06-26T21:59:04.155202+09:00,종로·청계 관광특구,종로·청계 관광특구,POI006,KEY_3,397. 종묘공영주차장 건너편,ST-1432,8,1,13,126.99663544,37.57048035
2026-06-26T21:59:04.155202+09:00,종로·청계 관광특구,종로·청계 관광특구,POI006,KEY_3,335. 종로3가역 15번출구 뒤,ST-151,60,6,10,126.99165344,37.57019424
2026-06-26T21:59:04.155202+09:00,종로·청계 관광특구,종로·청계 관광특구,POI006,KEY_3,329. 청계2가 사거리 옆,ST-145,0,0,8,126.98788452,37.56848526
2026-06-26T21:59:04.155202+09:00,종로·청계 관광특구,종로·청계 관광특구,POI006,KEY_3,385. 종각역 5번출구,ST-336,30,3,10,126.98265839,37.56983566
2026-06-26T21:59:04.155202+09:00,종로·청계 관광특구,종로·청계 관광특구,POI006,KEY_3,393. 동대문역 8번 출구,ST-1372,117,14,12,127.00937653,37.57014084
2026-06-26T21:59:04.155202+09:00,종로·청계 관광특구,종로·청계 관광특구,POI006,KEY_3,3412.세운상가,ST-1809,67,10,15,126.99454498,37.5703125
2026-06-26T21:59:04.155202+09:00,종로·청계 관광특구,종로·청계 관광특구,POI006,KEY_3,3415.동대문역6번출구,ST-1812,140,21,15,127.0107193,37.57147217
2026-06-26T21:59:04.155202+09:00,종로·청계 관광특구,종로·청계 관광특구,POI006,KEY_3,3432.종로2가 사거리,ST-1829,29,4,14,126.98880768,37.57001877
2026-06-26T21:59:04.155202+09:00,종로·청계 관광특구,종로·청계 관광특구,POI006,KEY_3,4707. 청계3가 사거리,ST-2513,120,6,5,126.99211884,37.56855774
2026-06-26T21:59:04.155202+09:00,홍대 관광특구,홍대 관광특구,POI007,KEY_4,108. 서교동 사거리,ST-10,100,12,12,126.91861725,37.55274582
2026-06-26T21:59:04.155202+09:00,홍대 관광특구,홍대 관광특구,POI007,KEY_4,113. 홍대입구역 2번출구 앞,ST-18,4,1,28,126.9238205,37.5574379
2026-06-26T21:59:04.155202+09:00,홍대 관광특구,홍대 관광특구,POI007,KEY_4,104. 합정역 1번출구 앞,ST-6,15,2,13,126.91508484,37.55073929
2026-06-26T21:59:04.155202+09:00,홍대 관광특구,홍대 관광특구,POI007,KEY_4,114. 홍대입구역 8번출구 앞,ST-20,33,5,15,126.92442322,37.55706024
2026-06-26T21:59:04.155202+09:00,홍대 관광특구,홍대 관광특구,POI007,KEY_4,493.홍대입구역 6번출구,ST-2152,100,7,7,126.9288559,37.55657578
2026-06-26T21:59:04.155202+09:00,홍대 관광특구,홍대 관광특구,POI007,KEY_4,3009. 홍대입구역 사거리,ST-2167,15,3,20,126.92023468,37.55450058
2026-06-26T21:59:04.155202+09:00,홍대 관광특구,홍대 관광특구,POI007,KEY_4,3010.홍대입구역 3번출구,ST-2168,13,2,15,126.92538452,37.5582962
2026-06-26T21:59:04.155202+09:00,홍대 관광특구,홍대 관광특구,POI007,KEY_4,4211. 시석빌딩 앞,ST-2534,163,13,8,126.91671753,37.54836655
2026-06-26T21:59:04.155202+09:00,홍대 관광특구,홍대 관광특구,POI007,KEY_4,4208. 스타벅스(동교동) 앞,ST-2532,30,3,10,126.91986847,37.5566597
2026-06-26T21:59:04.155202+09:00,국립중앙박물관·용산가족공원,국립중앙박물관·용산가족공원,POI089,KEY_1,855.이촌역5번출구 앞,ST-2179,30,3,10,126.97277069,37.52272415
2026-06-26T21:59:04.155202+09:00,국립중앙박물관·용산가족공원,국립중앙박물관·용산가족공원,POI089,KEY_1,863.이촌역2번 출구,ST-2187,40,4,10,126.977005,37.52177048
2026-06-26T21:59:04.155202+09:00,남산공원,남산공원,POI091,KEY_3,859.남산공원 야외식물원 앞,ST-2183,10,1,10,126.99586487,37.54188538
2026-06-26T21:59:04.155202+09:00,남산공원,남산공원,POI091,KEY_3,371. 동대입구역 6번출구 뒤,ST-186,50,5,10,127.00553894,37.55887222
2026-06-26T21:59:04.155202+09:00,남산공원,남산공원,POI091,KEY_3,381. 장충체육관,ST-196,30,3,10,127.00698853,37.55853271
2026-06-26T21:59:04.155202+09:00,남산공원,남산공원,POI091,KEY_3,4621. 남산도서관 앞,ST-3054,0,0,12,126.98201752,37.55240631
2026-06-26T21:59:04.155202+09:00,노들섬,노들섬,POI092,KEY_4,869.노들섬 동측 앞,ST-2239,10,1,10,126.95914459,37.51729584
2026-06-26T21:59:04.155202+09:00,노들섬,노들섬,POI092,KEY_4,870.노들섬 서측 앞,ST-2240,10,1,10,126.95829773,37.51731873
2026-06-26T21:59:04.155202+09:00,망원한강공원,망원한강공원,POI094,KEY_2,105. 합정역 5번출구 앞,ST-7,80,4,5,126.91482544,37.55000687
2026-06-26T21:59:04.155202+09:00,망원한강공원,망원한강공원,POI094,KEY_2,5515.한강버스 망원 선착장,ST-3388,177,53,30,126.89590454,37.55466461
2026-06-26T21:59:04.155202+09:00,망원한강공원,망원한강공원,POI094,KEY_2,4217. 한강공원 망원나들목,ST-2905,85,17,20,126.89688873,37.55557632
2026-06-26T21:59:04.155202+09:00,보라매공원,보라매공원,POI123,KEY_4,4181. 보라매공원역 2번출구,ST-3117,133,8,6,126.91781616,37.49582291
2026-06-26T21:59:04.155202+09:00,보라매공원,보라매공원,POI123,KEY_4,4179. 보라매병원역 1번출구,ST-3105,50,10,20,126.92362976,37.49304199
2026-06-26T21:59:04.155202+09:00,북서울꿈의숲,북서울꿈의숲,POI096,KEY_1,1548. 북서울 꿈의숲 서문,ST-1725,107,16,15,127.03781128,37.62268829
2026-06-26T21:59:04.155202+09:00,북서울꿈의숲,북서울꿈의숲,POI096,KEY_1,1571.북서울 꿈의 숲 입구,ST-2401,10,1,10,127.03864288,37.62657166
2026-06-26T21:59:04.155202+09:00,북서울꿈의숲,북서울꿈의숲,POI096,KEY_1,3718. 번동3단지 버스정류장,ST-2610,145,16,11,127.04390717,37.628685
2026-06-26T21:59:04.155202+09:00,서대문독립공원,서대문독립공원,POI124,KEY_2,367. 독립문역 3-1번출구,ST-180,292,38,13,126.95851898,37.57415771
2026-06-26T21:59:04.155202+09:00,서대문독립공원,서대문독립공원,POI124,KEY_2,3427.인왕산 아이파크 정문,ST-1824,138,11,8,126.95584869,37.57666779
2026-06-26T21:59:04.155202+09:00,서대문독립공원,서대문독립공원,POI124,KEY_2,3113. 독립문 앞,ST-2199,180,27,15,126.95974731,37.57220459
2026-06-26T21:59:04.155202+09:00,서대문독립공원,서대문독립공원,POI124,KEY_2,3426.독립문역 2번출구 뒤,ST-1823,120,12,10,126.95755005,37.57501602
2026-06-26T21:59:04.155202+09:00,서리풀공원·몽마르뜨공원,서리풀공원·몽마르뜨공원,POI098,KEY_3,4327. 몽마르뜨공원입구,ST-3009,18,2,11,127.0026474,37.4928894
2026-06-26T21:59:04.155202+09:00,서리풀공원·몽마르뜨공원,서리풀공원·몽마르뜨공원,POI098,KEY_3,4312. 반포미도2차아파트 옆,ST-2663,20,2,10,127.00653076,37.50320435
2026-06-26T21:59:04.155202+09:00,서리풀공원·몽마르뜨공원,서리풀공원·몽마르뜨공원,POI098,KEY_3,4316. 고속터미널역 3번출구,ST-2667,76,19,25,127.0059433,37.50365829
2026-06-26T21:59:04.155202+09:00,서울숲공원,서울숲공원,POI101,KEY_1,510. 뚝도아리수정수센터 버스정류소 옆,ST-107,20,3,15,127.04380035,37.54122162
2026-06-26T21:59:04.155202+09:00,서울숲공원,서울숲공원,POI101,KEY_1,3552.서울숲 공영주차장앞,ST-2334,11,2,19,127.04277039,37.54195786
2026-06-26T21:59:04.155202+09:00,서울숲공원,서울숲공원,POI101,KEY_1,4401.뚝섬유수지 공영주차장,ST-3393,10,1,10,127.042099,37.55018234
2026-06-26T21:59:04.155202+09:00,송현녹지광장,송현녹지광장,POI129,KEY_2,354. 포르투갈 대사관 앞,ST-170,0,0,10,126.98896027,37.57915497
2026-06-26T21:59:04.155202+09:00,송현녹지광장,송현녹지광장,POI129,KEY_2,353. 재동초교 앞 삼거리,ST-169,50,4,8,126.9849472,37.57938766
2026-06-26T21:59:04.155202+09:00,송현녹지광장,송현녹지광장,POI129,KEY_2,314. 국립현대미술관,ST-130,10,1,10,126.98085785,37.5797081
2026-06-26T21:59:04.155202+09:00,송현녹지광장,송현녹지광장,POI129,KEY_2,3407.안국동사거리(신),ST-1804,0,0,18,126.98339081,37.57580566
2026-06-26T21:59:04.155202+09:00,송현녹지광장,송현녹지광장,POI129,KEY_2,4719. 종로문화원 건너편,ST-3090,7,1,15,126.9805069,37.57571411
2026-06-26T21:59:04.155202+09:00,송현녹지광장,송현녹지광장,POI129,KEY_2,4705. 웰니스센터(민방위교육장 앞),ST-2565,100,6,6,126.98912811,37.57752991
2026-06-26T21:59:04.155202+09:00,어린이대공원,어린이대공원,POI104,KEY_2,573. 구의문주차장 앞,ST-384,40,4,10,127.08473206,37.54523087
2026-06-26T21:59:04.155202+09:00,어린이대공원,어린이대공원,POI104,KEY_2,574. 아차산역4번출구,ST-385,95,21,22,127.08898163,37.55184937
2026-06-26T21:59:04.155202+09:00,어린이대공원,어린이대공원,POI104,KEY_2,500. 어린이대공원역 3번출구 앞,ST-97,40,2,5,127.07466888,37.54697037
2026-06-26T21:59:04.155202+09:00,어린이대공원,어린이대공원,POI104,KEY_2,3860. 건국대학교 정문 앞,ST-2542,20,2,10,127.07571411,37.5465126
2026-06-26T21:59:04.155202+09:00,어린이대공원,어린이대공원,POI104,KEY_2,3573.광나루안전체험관,ST-2312,47,7,15,127.07671356,37.5513382
2026-06-26T21:59:04.155202+09:00,어린이대공원,어린이대공원,POI104,KEY_2,3853. 어린이대공원역 2번출구,ST-2541,17,3,18,127.07470703,37.54764938
2026-06-26T21:59:04.155202+09:00,어린이대공원,어린이대공원,POI104,KEY_2,3529. 어린이대공원정문,ST-1603,73,11,15,127.07592773,37.54978943
2026-06-26T21:59:04.155202+09:00,어린이대공원,어린이대공원,POI104,KEY_2,3507. 어린이회관,ST-1192,81,25,31,127.07800293,37.54595184
2026-06-26T21:59:04.155202+09:00,여의도한강공원,여의도한강공원,POI105,KEY_3,260. 여의도 마리나선착장 앞,ST-414,47,7,15,126.91216278,37.53365707
2026-06-26T21:59:04.155202+09:00,여의도한강공원,여의도한강공원,POI105,KEY_3,249. 여의도중학교 옆,ST-297,0,0,16,126.93580627,37.52457809
2026-06-26T21:59:04.155202+09:00,여의도한강공원,여의도한강공원,POI105,KEY_3,5891.한강버스 여의도 선착장,ST-3402,7,2,30,126.93422699,37.52816391
2026-06-26T21:59:04.155202+09:00,여의도한강공원,여의도한강공원,POI105,KEY_3,5890.여의나루역 3번출구,ST-3401,0,0,11,126.93336487,37.52645493
2026-06-26T21:59:04.155202+09:00,여의서로,여의서로,POI126,KEY_4,298.KBS 연구동 건너편,ST-1970,0,0,25,126.91374207,37.52724838
2026-06-26T21:59:04.155202+09:00,여의서로,여의서로,POI126,KEY_4,260. 여의도 마리나선착장 앞,ST-414,47,7,15,126.91216278,37.53365707
2026-06-26T21:59:04.155202+09:00,여의서로,여의서로,POI126,KEY_4,297.국회3문,ST-1969,110,11,10,126.91267395,37.52863693
2026-06-26T21:59:04.155202+09:00,올림픽공원,올림픽공원,POI127,KEY_1,1267. 올림픽공원 남2문 앞,ST-1086,57,8,14,127.12306976,37.51424026
2026-06-26T21:59:04.155202+09:00,올림픽공원,올림픽공원,POI127,KEY_1,1268. 몽촌토성역 1번출구 옆,ST-1087,47,7,15,127.11419678,37.51728821
2026-06-26T21:59:04.155202+09:00,올림픽공원,올림픽공원,POI127,KEY_1,2622. 올림픽공원역 3번출구,ST-1720,30,6,20,127.13059235,37.51625824
2026-06-26T21:59:04.155202+09:00,올림픽공원,올림픽공원,POI127,KEY_1,2621. 한성백제역 2번 출구,ST-1719,7,1,15,127.11625671,37.51665878
2026-06-26T21:59:04.155202+09:00,올림픽공원,올림픽공원,POI127,KEY_1,5751. 송파여성축구장,ST-3069,0,0,10,127.11743927,37.52471542
2026-06-26T21:59:04.155202+09:00,올림픽공원,올림픽공원,POI127,KEY_1,4865. 한성백제역 1번출구 뒤,ST-2797,280,14,5,127.1149826,37.51647949
2026-06-26T21:59:04.155202+09:00,올림픽공원,올림픽공원,POI127,KEY_1,4857. 올림픽공원 장미광장,ST-2621,7,1,15,127.126297,37.51275635
2026-06-26T21:59:04.155202+09:00,올림픽공원,올림픽공원,POI127,KEY_1,4481. 올림픽공원 북2문 B,ST-2592,120,30,25,127.12751007,37.52397537
2026-06-26T21:59:04.155202+09:00,올림픽공원,올림픽공원,POI127,KEY_1,5781. 올림픽공원 수영장,ST-3300,200,28,14,127.12688446,37.52157211
2026-06-26T21:59:04.155202+09:00,올림픽공원,올림픽공원,POI127,KEY_1,4856. 올림픽공원 서1문 앞,ST-2608,10,1,10,127.11457062,37.5202179
2026-06-26T21:59:04.155202+09:00,올림픽공원,올림픽공원,POI127,KEY_1,4464. 올림픽공원 북2문 A,ST-2580,67,10,15,127.12804413,37.52357483
2026-06-26T21:59:04.155202+09:00,올림픽공원,올림픽공원,POI127,KEY_1,4862. 성내교 남단,ST-2756,10,1,10,127.11588287,37.52301788
2026-06-26T21:59:04.155202+09:00,월드컵공원,월드컵공원,POI106,KEY_2,199. 서울 월드컵 경기장,ST-443,123,37,30,126.89644623,37.56684494
2026-06-26T21:59:04.155202+09:00,월드컵공원,월드컵공원,POI106,KEY_2,419. 홈플러스 마포점 앞,ST-87,100,21,21,126.89942932,37.56842041
2026-06-26T21:59:04.155202+09:00,월드컵공원,월드컵공원,POI106,KEY_2,413. 상암월드컵파크 3단지 후문,ST-92,40,4,10,126.88968658,37.57147598
2026-06-26T21:59:04.155202+09:00,월드컵공원,월드컵공원,POI106,KEY_2,418. 월드컵경기장역 3번출구 옆,ST-89,10,2,20,126.8992691,37.57277679
2026-06-26T21:59:04.155202+09:00,월드컵공원,월드컵공원,POI106,KEY_2,440. 하늘공원 입구,ST-1754,0,0,15,126.88134766,37.57012177
2026-06-26T21:59:04.155202+09:00,월드컵공원,월드컵공원,POI106,KEY_2,186. 월드컵공원,ST-344,70,28,40,126.89820862,37.56396484
2026-06-26T21:59:04.155202+09:00,월드컵공원,월드컵공원,POI106,KEY_2,420. 서울시 공공자전거 상암센터,ST-85,84,31,37,126.8961792,37.56624603
2026-06-26T21:59:04.155202+09:00,월드컵공원,월드컵공원,POI106,KEY_2,3008.DMC역7번출구,ST-2166,20,2,10,126.89836121,37.57711411
2026-06-26T21:59:04.155202+09:00,응봉산,응봉산,POI107,KEY_3,569. 응봉현대아파트 정류소,ST-370,10,1,10,127.03024292,37.54958344
2026-06-26T21:59:04.155202+09:00,응봉산,응봉산,POI107,KEY_3,3511. 응봉역 1번출구,ST-1195,170,17,10,127.0351944,37.55130386
2026-06-26T21:59:04.155202+09:00,응봉산,응봉산,POI107,KEY_3,3525. 금호스포츠센터앞,ST-1599,200,30,15,127.02507019,37.54608917
2026-06-26T21:59:04.155202+09:00,청계산,청계산,POI112,KEY_4,2203. 청계산입구역 2번출구,ST-925,130,13,10,127.05501556,37.44765854
2026-06-26T21:59:04.155202+09:00,청계산,청계산,POI112,KEY_4,4338.새정이마을버스정류장 앞,ST-3216,80,4,5,127.06594849,37.43474579
2026-06-26T21:59:04.155202+09:00,가락시장,가락시장,POI058,KEY_2,2659.서울친환경유통센터,ST-2410,10,1,10,127.10492706,37.49420929
2026-06-26T21:59:04.155202+09:00,가락시장,가락시장,POI058,KEY_2,2658.가락몰 업무동,ST-2409,40,4,10,127.11569214,37.49535751
2026-06-26T21:59:04.155202+09:00,가락시장,가락시장,POI058,KEY_2,4480. 가락시장 남1문 사거리,ST-2591,13,2,15,127.11745453,37.49201584
2026-06-26T21:59:04.155202+09:00,가락시장,가락시장,POI058,KEY_2,4854. 가락시장역 2번 출구,ST-2606,20,2,10,127.11798859,37.492733
2026-06-26T21:59:04.155202+09:00,가로수길,가로수길,POI059,KEY_3,3606. 신사동주민센터 옆,ST-2673,20,2,10,127.02285004,37.52422714
2026-06-26T21:59:04.155202+09:00,가로수길,가로수길,POI059,KEY_3,2362. 신사동 가로수길 입구,ST-1171,20,2,10,127.02245331,37.51763535
2026-06-26T21:59:04.155202+09:00,가로수길,가로수길,POI059,KEY_3,4903. 신사스퀘어,ST-3066,0,0,10,127.0189743,37.51916885
2026-06-26T21:59:04.155202+09:00,가로수길,가로수길,POI059,KEY_3,4907. 극동스포츠 앞,ST-3078,280,14,5,127.02588654,37.5257225
2026-06-26T21:59:04.155202+09:00,김포공항,김포공항,POI061,KEY_1,3776. 김포공항사거리,ST-2484,100,10,10,126.80518341,37.5675354
2026-06-26T21:59:04.155202+09:00,김포공항,김포공항,POI061,KEY_1,5072. 김포공항입구 교통섬,ST-2947,150,15,10,126.80708313,37.56154633
2026-06-26T21:59:04.155202+09:00,남대문시장,남대문시장,POI115,KEY_2,470.회현역 7번출구,ST-1776,15,2,13,126.98000336,37.55974579
2026-06-26T21:59:04.155202+09:00,남대문시장,남대문시장,POI115,KEY_2,324. 신세계백화점 본점 앞,ST-140,13,1,8,126.9805069,37.56134415
2026-06-26T21:59:04.155202+09:00,남대문시장,남대문시장,POI115,KEY_2,4776. 신세계면세점,ST-2522,0,0,10,126.98139191,37.56027603
2026-06-26T21:59:04.155202+09:00,노량진,노량진,POI063,KEY_3,2002. 노들역 1번출구,ST-683,88,15,17,126.95246887,37.51284409
2026-06-26T21:59:04.155202+09:00,노량진,노량진,POI063,KEY_3,2003. 사육신공원앞,ST-877,80,8,10,126.94805908,37.51335907
2026-06-26T21:59:04.155202+09:00,노량진,노량진,POI063,KEY_3,2070. 노량진역 2번 출구 앞,ST-1545,78,14,18,126.94306946,37.51391983
2026-06-26T21:59:04.155202+09:00,노량진,노량진,POI063,KEY_3,2058. 동작경찰서,ST-1150,129,18,14,126.94352722,37.5135231
2026-06-26T21:59:04.155202+09:00,노량진,노량진,POI063,KEY_3,2050. 노량진역 5번출구,ST-699,160,24,15,126.93997192,37.51324844
2026-06-26T21:59:04.155202+09:00,덕수궁길·정동길,덕수궁길·정동길,POI064,KEY_4,300. 정동사거리,ST-116,50,3,6,126.96923065,37.56805038
2026-06-26T21:59:04.155202+09:00,덕수궁길·정동길,덕수궁길·정동길,POI064,KEY_4,391. 시립미술관,ST-977,38,3,8,126.97340393,37.56505203
2026-06-26T21:59:04.155202+09:00,덕수궁길·정동길,덕수궁길·정동길,POI064,KEY_4,4715. 돈의문 박물관 마을,ST-2923,0,0,15,126.96955109,37.56883621
2026-06-26T21:59:04.155202+09:00,덕수궁길·정동길,덕수궁길·정동길,POI064,KEY_4,6058. 시청역 2번출구,ST-3297,387,58,15,126.97702026,37.56557846
2026-06-26T21:59:04.155202+09:00,북촌한옥마을,북촌한옥마을,POI066,KEY_2,354. 포르투갈 대사관 앞,ST-170,0,0,10,126.98896027,37.57915497
2026-06-26T21:59:04.155202+09:00,북촌한옥마을,북촌한옥마을,POI066,KEY_2,352. 중앙고입구 삼거리,ST-168,40,4,10,126.98523712,37.58341599
2026-06-26T21:59:04.155202+09:00,북촌한옥마을,북촌한옥마을,POI066,KEY_2,465. 삼청공원 앞,ST-1759,20,1,5,126.9835968,37.58760452
2026-06-26T21:59:04.155202+09:00,북촌한옥마을,북촌한옥마을,POI066,KEY_2,353. 재동초교 앞 삼거리,ST-169,38,3,8,126.9849472,37.57938766
2026-06-26T21:59:04.155202+09:00,북촌한옥마을,북촌한옥마을,POI066,KEY_2,464. 삼청동 골목,ST-1756,0,0,10,126.98169708,37.58419037
2026-06-26T21:59:04.155202+09:00,북촌한옥마을,북촌한옥마을,POI066,KEY_2,451. 청와대앞길,ST-979,13,1,8,126.97966766,37.58351517
2026-06-26T21:59:04.155202+09:00,북촌한옥마을,북촌한옥마을,POI066,KEY_2,314. 국립현대미술관,ST-130,10,1,10,126.98085785,37.5797081
2026-06-26T21:59:04.155202+09:00,북촌한옥마을,북촌한옥마을,POI066,KEY_2,3407.안국동사거리(신),ST-1804,0,0,18,126.98339081,37.57580566
2026-06-26T21:59:04.155202+09:00,북촌한옥마을,북촌한옥마을,POI066,KEY_2,4719. 종로문화원 건너편,ST-3090,7,1,15,126.9805069,37.57571411
2026-06-26T21:59:04.155202+09:00,북촌한옥마을,북촌한옥마을,POI066,KEY_2,4705. 웰니스센터(민방위교육장 앞),ST-2565,100,6,6,126.98912811,37.57752991
2026-06-26T21:59:04.155202+09:00,서촌,서촌,POI067,KEY_3,450. 효자동 삼거리,ST-978,25,13,51,126.97254944,37.58360291
2026-06-26T21:59:04.155202+09:00,서촌,서촌,POI067,KEY_3,349. 어린이도서관,ST-165,0,0,5,126.96858978,37.57633209
2026-06-26T21:59:04.155202+09:00,서촌,서촌,POI067,KEY_3,4710. 자교교회 앞,ST-2473,25,2,8,126.97123718,37.58114624
2026-06-26T21:59:04.155202+09:00,서촌,서촌,POI067,KEY_3,4721. 통인시장 정자,ST-3354,250,20,8,126.96878815,37.58055878
2026-06-26T21:59:04.155202+09:00,성수카페거리,성수카페거리,POI068,KEY_4,514. 성수사거리 버스정류장 앞,ST-112,50,6,12,127.06330872,37.54257965
2026-06-26T21:59:04.155202+09:00,성수카페거리,성수카페거리,POI068,KEY_4,587. 유니베라 앞,ST-482,10,1,10,127.05264282,37.54541779
2026-06-26T21:59:04.155202+09:00,성수카페거리,성수카페거리,POI068,KEY_4,513. 뚝섬역 5번 출구 정류소 옆,ST-111,0,0,13,127.04980469,37.54630661
2026-06-26T21:59:04.155202+09:00,성수카페거리,성수카페거리,POI068,KEY_4,3548.뚝섬역 6번출구,ST-2330,10,1,10,127.04766846,37.54695892
2026-06-26T21:59:04.155202+09:00,성수카페거리,성수카페거리,POI068,KEY_4,4387. 성수역 1번출구 주변,ST-3121,13,1,8,127.05336761,37.54555893
2026-06-26T21:59:04.155202+09:00,성수카페거리,성수카페거리,POI068,KEY_4,4398. 유원지식산업센터 앞,ST-3325,0,0,16,127.05593109,37.54436493
2026-06-26T21:59:04.155202+09:00,성수카페거리,성수카페거리,POI068,KEY_4,4399. 더리브 세종타워 앞,ST-3326,0,0,7,127.0580368,37.54378128
2026-06-26T21:59:04.155202+09:00,성수카페거리,성수카페거리,POI068,KEY_4,4377. 우영테크노센터 앞,ST-3003,0,0,8,127.05971527,37.54332352
2026-06-26T21:59:04.155202+09:00,송리단길·호수단길,송리단길·호수단길,POI121,KEY_1,2639.석촌역 8번출구,ST-1866,6,1,18,127.10657501,37.50550461
2026-06-26T21:59:04.155202+09:00,송리단길·호수단길,송리단길·호수단길,POI121,KEY_1,4868. 석촌호수 서호 남단,ST-2833,90,9,10,127.10124207,37.50717163
2026-06-26T21:59:04.155202+09:00,신촌 스타광장,신촌 스타광장,POI122,KEY_2,128. 신촌역(2호선) 1번출구 옆,ST-30,26,5,19,126.93634033,37.55549622
2026-06-26T21:59:04.155202+09:00,신촌 스타광장,신촌 스타광장,POI122,KEY_2,3116.신촌역 4번출구,ST-2201,30,3,10,126.93720245,37.55550385
2026-06-26T21:59:04.155202+09:00,압구정로데오거리,압구정로데오거리,POI071,KEY_3,2365. K+ 타워 앞,ST-1174,33,5,15,127.03847504,37.52330017
2026-06-26T21:59:04.155202+09:00,압구정로데오거리,압구정로데오거리,POI071,KEY_3,2310. 청담동 맥도날드 옆(위치),ST-794,30,3,10,127.04017639,37.52361298
2026-06-26T21:59:04.155202+09:00,여의도,여의도,POI072,KEY_4,201. 진미파라곤 앞,ST-46,0,0,15,126.92133331,37.53123856
2026-06-26T21:59:04.155202+09:00,여의도,여의도,POI072,KEY_4,205. 산업은행 앞,ST-52,20,4,20,126.92050934,37.52626419
2026-06-26T21:59:04.155202+09:00,여의도,여의도,POI072,KEY_4,204. 국회의사당역 5번출구 옆,ST-50,0,0,13,126.91702271,37.52816391
2026-06-26T21:59:04.155202+09:00,여의도,여의도,POI072,KEY_4,224. 롯데캐슬 앞,ST-70,5,1,20,126.93236542,37.5200882
2026-06-26T21:59:04.155202+09:00,여의도,여의도,POI072,KEY_4,207. 여의나루역 1번출구 앞,ST-73,0,0,46,126.93190002,37.52715683
2026-06-26T21:59:04.155202+09:00,여의도,여의도,POI072,KEY_4,202. 국민일보 앞,ST-47,13,4,30,126.92453003,37.52881622
2026-06-26T21:59:04.155202+09:00,여의도,여의도,POI072,KEY_4,214. 금융감독원 앞,ST-60,0,0,21,126.9208374,37.5230217
2026-06-26T21:59:04.155202+09:00,여의도,여의도,POI072,KEY_4,209. 유진투자증권빌딩 앞,ST-55,5,1,22,126.92783356,37.52461243
2026-06-26T21:59:04.155202+09:00,여의도,여의도,POI072,KEY_4,213. KT앞,ST-59,5,1,19,126.91895294,37.52190781
2026-06-26T21:59:04.155202+09:00,여의도,여의도,POI072,KEY_4,226. 샛강역 1번출구 앞,ST-72,11,2,19,126.92841339,37.51776505
2026-06-26T21:59:04.155202+09:00,여의도,여의도,POI072,KEY_4,221. 여의도초교 앞,ST-67,0,0,10,126.93778992,37.52267456
2026-06-26T21:59:04.155202+09:00,여의도,여의도,POI072,KEY_4,203. 국회의사당역 3번출구 옆,ST-51,20,3,15,126.91870117,37.5280571
2026-06-26T21:59:04.155202+09:00,여의도,여의도,POI072,KEY_4,299.여의도 순복음교회,ST-1971,40,4,10,126.92245483,37.53179169
2026-06-26T21:59:04.155202+09:00,여의도,여의도,POI072,KEY_4,200. 국회의원회관,ST-45,18,4,22,126.91391754,37.52841568
2026-06-26T21:59:04.155202+09:00,여의도,여의도,POI072,KEY_4,270. 증권거래소후문교차로,ST-424,0,0,10,126.92710114,37.52234268
2026-06-26T21:59:04.155202+09:00,여의도,여의도,POI072,KEY_4,222. 시범아파트버스정류장 옆,ST-68,17,2,12,126.93688965,37.51902008
2026-06-26T21:59:04.155202+09:00,여의도,여의도,POI072,KEY_4,298.KBS 연구동 건너편,ST-1970,0,0,25,126.91374207,37.52724838
2026-06-26T21:59:04.155202+09:00,여의도,여의도,POI072,KEY_4,248. 초원아파트 앞,ST-296,50,5,10,126.92420959,37.53105545
2026-06-26T21:59:04.155202+09:00,여의도,여의도,POI072,KEY_4,217. NH농협은행 앞,ST-66,7,1,15,126.93036652,37.52207947
2026-06-26T21:59:04.155202+09:00,여의도,여의도,POI072,KEY_4,220. 미성아파트 A동 앞,ST-63,3,1,30,126.92604828,37.5193634
2026-06-26T21:59:04.155202+09:00,여의도,여의도,POI072,KEY_4,260. 여의도 마리나선착장 앞,ST-414,47,7,15,126.91216278,37.53365707
2026-06-26T21:59:04.155202+09:00,여의도,여의도,POI072,KEY_4,225. 앙카라공원 앞,ST-71,12,3,26,126.92961884,37.51758575
2026-06-26T21:59:04.155202+09:00,여의도,여의도,POI072,KEY_4,249. 여의도중학교 옆,ST-297,0,0,16,126.93580627,37.52457809
2026-06-26T21:59:04.155202+09:00,여의도,여의도,POI072,KEY_4,215. 여의도고교 앞,ST-64,30,3,10,126.93490601,37.52483749
2026-06-26T21:59:04.155202+09:00,여의도,여의도,POI072,KEY_4,223. 진주아파트상가 앞,ST-69,15,3,20,126.9333725,37.51913071
2026-06-26T21:59:04.155202+09:00,여의도,여의도,POI072,KEY_4,219. 롯데캐슬엠파이어 옆,ST-62,0,0,12,126.92583466,37.52069473
2026-06-26T21:59:04.155202+09:00,여의도,여의도,POI072,KEY_4,206. KBS 앞,ST-53,0,0,35,126.91802216,37.52466583
2026-06-26T21:59:04.155202+09:00,여의도,여의도,POI072,KEY_4,271. 샛강생태공원방문자센터 앞,ST-425,20,2,10,126.9216156,37.51896286
2026-06-26T21:59:04.155202+09:00,여의도,여의도,POI072,KEY_4,297.국회3문,ST-1969,110,11,10,126.91267395,37.52863693
2026-06-26T21:59:04.155202+09:00,여의도,여의도,POI072,KEY_4,4564. 63스퀘어,ST-2814,0,0,17,126.93965912,37.52070999
2026-06-26T21:59:04.155202+09:00,여의도,여의도,POI072,KEY_4,4584. 국회2문,ST-2648,11,1,9,126.91510773,37.52864075
2026-06-26T21:59:04.155202+09:00,여의도,여의도,POI072,KEY_4,4580. 국회제2의원회관,ST-2644,6,1,17,126.91316986,37.52974701
2026-06-26T21:59:04.155202+09:00,여의도,여의도,POI072,KEY_4,5892.국회의사당본관 좌측,ST-3383,0,0,7,126.91375732,37.53090286
2026-06-26T21:59:04.155202+09:00,여의도,여의도,POI072,KEY_4,5893.한국산업은행,ST-3397,10,1,10,126.92175293,37.52814484
2026-06-26T21:59:04.155202+09:00,여의도,여의도,POI072,KEY_4,5897.여의도공작아파트,ST-3426,0,0,10,126.92987061,37.52595139
2026-06-26T21:59:04.155202+09:00,여의도,여의도,POI072,KEY_4,5891.한강버스 여의도 선착장,ST-3402,7,2,30,126.93422699,37.52816391
2026-06-26T21:59:04.155202+09:00,여의도,여의도,POI072,KEY_4,5890.여의나루역 3번출구,ST-3401,9,1,11,126.93336487,37.52645493
2026-06-26T21:59:04.155202+09:00,여의도,여의도,POI072,KEY_4,4583. 의정관,ST-2647,0,0,12,126.91747284,37.53214645
2026-06-26T21:59:04.155202+09:00,여의도,여의도,POI072,KEY_4,5870. LG트윈타워 앞,ST-3239,0,0,20,126.93017578,37.52833176
2026-06-26T21:59:04.155202+09:00,여의도,여의도,POI072,KEY_4,4563. 여의도 은하아파트,ST-2813,30,3,10,126.93448639,37.51850891
2026-06-26T21:59:04.155202+09:00,여의도,여의도,POI072,KEY_4,5888.여의도성당,ST-3375,0,0,7,126.93920898,37.52164459
2026-06-26T21:59:04.155202+09:00,여의도,여의도,POI072,KEY_4,5889.의원회관출입구 앞,ST-3377,0,0,10,126.91479492,37.52985382
2026-06-26T21:59:04.155202+09:00,여의도,여의도,POI072,KEY_4,4579. 국회의사당 본관,ST-2643,0,0,17,126.91404724,37.5325737
2026-06-26T21:59:04.155202+09:00,여의도,여의도,POI072,KEY_4,5879. 국회도서관 2문 앞,ST-3318,100,8,8,126.91668701,37.53107071
2026-06-26T21:59:04.155202+09:00,여의도,여의도,POI072,KEY_4,4582. 국회도서관,ST-2646,8,1,12,126.91817474,37.53054047
2026-06-26T21:59:04.155202+09:00,여의도,여의도,POI072,KEY_4,5878. 우리은행 앞,ST-3315,0,0,20,126.92162323,37.52349091
2026-06-26T21:59:04.155202+09:00,여의도,여의도,POI072,KEY_4,5853. 여의도역2번출구 앞,ST-3061,20,2,10,126.92271423,37.52243423
2026-06-26T21:59:04.155202+09:00,여의도,여의도,POI072,KEY_4,4585. 국회6문,ST-2694,0,0,6,126.91799164,37.53271866
2026-06-26T21:59:04.155202+09:00,여의도,여의도,POI072,KEY_4,5880. 국회박물관,ST-3319,0,0,7,126.91945648,37.53183365
2026-06-26T21:59:04.155202+09:00,여의도,여의도,POI072,KEY_4,4589. KRX한국거래소(1),ST-2899,11,2,18,126.92759705,37.52338028
2026-06-26T21:59:04.155202+09:00,여의도,여의도,POI072,KEY_4,5859. 여의도 삼부아파트,ST-3160,20,2,10,126.93045807,37.52539444
2026-06-26T21:59:04.155202+09:00,여의도,여의도,POI072,KEY_4,4581. 국회소통관,ST-2645,0,0,12,126.9128952,37.53050232
2026-06-26T21:59:04.155202+09:00,연남동,연남동,POI073,KEY_1,107. 수협 연남동지점,ST-9,80,8,10,126.91871643,37.55784607
2026-06-26T21:59:04.155202+09:00,연남동,연남동,POI073,KEY_1,4233. 코오롱아파트사거리,ST-2979,60,6,10,126.92149353,37.56306458
2026-06-26T21:59:04.155202+09:00,영등포 타임스퀘어,영등포 타임스퀘어,POI074,KEY_2,284. 센트럴 푸르지오 시티 앞,ST-1650,63,10,16,126.90222931,37.51821136
2026-06-26T21:59:04.155202+09:00,영등포 타임스퀘어,영등포 타임스퀘어,POI074,KEY_2,3219.영등포역 1번출구,ST-1990,30,3,10,126.9077301,37.5148468
2026-06-26T21:59:04.155202+09:00,영등포 타임스퀘어,영등포 타임스퀘어,POI074,KEY_2,5868. 로프트시티오피스텔,ST-3238,817,49,6,126.90843201,37.51906204
2026-06-26T21:59:04.155202+09:00,영등포 타임스퀘어,영등포 타임스퀘어,POI074,KEY_2,5858. 영등포역5번출구,ST-3142,370,37,10,126.90807343,37.51669312
2026-06-26T21:59:04.155202+09:00,영등포 타임스퀘어,영등포 타임스퀘어,POI074,KEY_2,4565. 영등포 신세계백화점,ST-2815,10,1,10,126.90364838,37.51803589
2026-06-26T21:59:04.155202+09:00,용리단길,용리단길,POI076,KEY_3,816. 신용산역 6번출구 앞,ST-435,72,18,25,126.96848297,37.53014755
2026-06-26T21:59:04.155202+09:00,용리단길,용리단길,POI076,KEY_3,817. 삼각지역 4번출구 앞,ST-436,167,15,9,126.97173309,37.53345108
2026-06-26T21:59:04.155202+09:00,이태원 앤틱가구거리,이태원 앤틱가구거리,POI077,KEY_4,4615. 크라운호텔앞 버스정류소,ST-2446,43,3,7,126.99137878,37.53030014
2026-06-26T21:59:04.155202+09:00,이태원 앤틱가구거리,이태원 앤틱가구거리,POI077,KEY_4,4634. 이태원역 3번 출구,ST-3056,0,0,5,126.99497223,37.5343895
2026-06-26T21:59:04.155202+09:00,익선동,익선동,POI116,KEY_1,334. 종로3가역 2번출구 뒤,ST-150,100,10,10,126.99179077,37.5705986
2026-06-26T21:59:04.155202+09:00,익선동,익선동,POI116,KEY_1,327. 낙원상가 옆,ST-143,60,6,10,126.9874649,37.57335663
2026-06-26T21:59:04.155202+09:00,익선동,익선동,POI116,KEY_1,328. 탑골공원 앞,ST-144,27,3,11,126.9881897,37.57039642
2026-06-26T21:59:04.155202+09:00,익선동,익선동,POI116,KEY_1,3410.종로3가역 8번출구,ST-1807,200,20,10,126.99188995,37.5724678
2026-06-26T21:59:04.155202+09:00,익선동,익선동,POI116,KEY_1,4713. 현대 뜨레비앙 아파트 앞,ST-2623,100,7,7,126.99062347,37.57528305
2026-06-26T21:59:04.155202+09:00,인사동,인사동,POI078,KEY_2,326. 안국역 5번출구 앞,ST-142,13,2,15,126.98616028,37.57624054
2026-06-26T21:59:04.155202+09:00,인사동,인사동,POI078,KEY_2,327. 낙원상가 옆,ST-143,60,6,10,126.9874649,37.57335663
2026-06-26T21:59:04.155202+09:00,인사동,인사동,POI078,KEY_2,454. 종로2가 버스정류장 (종각방향),ST-1607,15,2,13,126.98638153,37.57035828
2026-06-26T21:59:04.155202+09:00,인사동,인사동,POI078,KEY_2,3408.종로타워빌딩,ST-1805,0,0,13,126.98323822,37.57070541
2026-06-26T21:59:04.155202+09:00,창동 신경제 중심지,창동 신경제 중심지,POI079,KEY_4,1674. 서울북부고용센터앞,ST-1291,53,8,15,127.05808258,37.65354919
2026-06-26T21:59:04.155202+09:00,창동 신경제 중심지,창동 신경제 중심지,POI079,KEY_4,1756.서울북부광역등기국,ST-2101,50,5,10,127.04431915,37.65148544
2026-06-26T21:59:04.155202+09:00,창동 신경제 중심지,창동 신경제 중심지,POI079,KEY_4,1662. 노원역7번출구,ST-1279,35,7,20,127.05921173,37.65421677
2026-06-26T21:59:04.155202+09:00,창동 신경제 중심지,창동 신경제 중심지,POI079,KEY_4,1722. 창동청소년수련관,ST-1292,107,16,15,127.05004883,37.65779877
2026-06-26T21:59:04.155202+09:00,창동 신경제 중심지,창동 신경제 중심지,POI079,KEY_4,1690. 도봉운전면허시험장 버스정류장 옆,ST-1641,40,4,10,127.05931091,37.6577301
2026-06-26T21:59:04.155202+09:00,창동 신경제 중심지,창동 신경제 중심지,POI079,KEY_4,1775.신원리베르텔 앞,ST-2120,7,1,15,127.04554749,37.65128708
2026-06-26T21:59:04.155202+09:00,창동 신경제 중심지,창동 신경제 중심지,POI079,KEY_4,1657. 노원구청,ST-1125,5,1,20,127.05732727,37.65404892
2026-06-26T21:59:04.155202+09:00,창동 신경제 중심지,창동 신경제 중심지,POI079,KEY_4,1637. KT 전화국 버스정류장 옆,ST-611,22,2,9,127.06372833,37.6546669
2026-06-26T21:59:04.155202+09:00,창동 신경제 중심지,창동 신경제 중심지,POI079,KEY_4,1686. 상계주공10단지 종합상가 앞,ST-1476,60,9,15,127.05805206,37.66114044
2026-06-26T21:59:04.155202+09:00,창동 신경제 중심지,창동 신경제 중심지,POI079,KEY_4,1716. 창동역 1번출구 건너편,ST-1132,63,5,8,127.05072784,37.65420151
2026-06-26T21:59:04.155202+09:00,창동 신경제 중심지,창동 신경제 중심지,POI079,KEY_4,1653. 노원역1번출구,ST-1121,30,3,10,127.06362152,37.65620041
2026-06-26T21:59:04.155202+09:00,창동 신경제 중심지,창동 신경제 중심지,POI079,KEY_4,5333. 노원역9번-10번 출구 앞,ST-3288,10,1,10,127.063591,37.65655518
2026-06-26T21:59:04.155202+09:00,창동 신경제 중심지,창동 신경제 중심지,POI079,KEY_4,4096.창동역2번출구 하나은행365 앞,ST-3368,263,21,8,127.04550171,37.65283585
2026-06-26T21:59:04.155202+09:00,창동 신경제 중심지,창동 신경제 중심지,POI079,KEY_4,5311. 주공601동 상가 노원지하보도 앞,ST-3116,180,9,5,127.06147766,37.65190125
2026-06-26T21:59:04.155202+09:00,창동 신경제 중심지,창동 신경제 중심지,POI079,KEY_4,4098.창동역 1번출구 인근,ST-3430,63,5,8,127.04838562,37.65290833
2026-06-26T21:59:04.155202+09:00,청량리 제기동 일대 전통시장,청량리 제기동 일대 전통시장,POI081,KEY_2,676.FITI시험연구원 앞,ST-2276,78,7,9,127.03547668,37.58143234
2026-06-26T21:59:04.155202+09:00,청량리 제기동 일대 전통시장,청량리 제기동 일대 전통시장,POI081,KEY_2,640. 동대문경찰서 교차로,ST-407,317,19,6,127.04460144,37.58255005
2026-06-26T21:59:04.155202+09:00,청량리 제기동 일대 전통시장,청량리 제기동 일대 전통시장,POI081,KEY_2,633. 청량리 기업은행 앞,ST-400,188,15,8,127.04472351,37.58049774
2026-06-26T21:59:04.155202+09:00,청량리 제기동 일대 전통시장,청량리 제기동 일대 전통시장,POI081,KEY_2,4147.청량리역광장,ST-3405,63,22,35,127.04673767,37.58024597
2026-06-26T21:59:04.155202+09:00,청량리 제기동 일대 전통시장,청량리 제기동 일대 전통시장,POI081,KEY_2,4134. 제기동 현대아파트 앞,ST-3206,50,5,10,127.0353241,37.57994843
2026-06-26T21:59:04.155202+09:00,청량리 제기동 일대 전통시장,청량리 제기동 일대 전통시장,POI081,KEY_2,4149.제기동역 5번출구,ST-3428,129,9,7,127.03381348,37.5779953
2026-06-26T21:59:04.155202+09:00,DDP(동대문디자인플라자),DDP(동대문디자인플라자),POI083,KEY_4,474.동대문역사문화공원역 1번출구 뒤편,ST-1780,28,11,40,127.00849152,37.56629944
2026-06-26T21:59:04.155202+09:00,DDP(동대문디자인플라자),DDP(동대문디자인플라자),POI083,KEY_4,475.DDP 패션몰,ST-1781,33,7,21,127.0118103,37.56764984
2026-06-26T21:59:04.155202+09:00,DDP(동대문디자인플라자),DDP(동대문디자인플라자),POI083,KEY_4,347. 동대문역사문화공원역 9번출구 앞,ST-163,11,2,18,127.00784302,37.56533051
2026-06-26T21:59:04.155202+09:00,DDP(동대문디자인플라자),DDP(동대문디자인플라자),POI083,KEY_4,4765. 동대문디자인플라자,ST-2431,5,1,20,127.00946045,37.5683136
2026-06-26T21:59:04.155202+09:00,DMC(디지털미디어시티),DMC(디지털미디어시티),POI084,KEY_1,490.가온문화공원,ST-2149,26,6,23,126.88766479,37.58207703
2026-06-26T21:59:04.155202+09:00,DMC(디지털미디어시티),DMC(디지털미디어시티),POI084,KEY_1,417. DMC역 2번출구 옆,ST-93,5,1,20,126.8999176,37.57506943
2026-06-26T21:59:04.155202+09:00,DMC(디지털미디어시티),DMC(디지털미디어시티),POI084,KEY_1,409. 누리꿈스퀘어 옆,ST-86,13,4,30,126.88916016,37.57939911
2026-06-26T21:59:04.155202+09:00,DMC(디지털미디어시티),DMC(디지털미디어시티),POI084,KEY_1,405. DMC빌 앞,ST-80,13,1,8,126.88578796,37.58265686
2026-06-26T21:59:04.155202+09:00,DMC(디지털미디어시티),DMC(디지털미디어시티),POI084,KEY_1,411. DMC홍보관,ST-90,10,1,10,126.89147186,37.5779953
2026-06-26T21:59:04.155202+09:00,DMC(디지털미디어시티),DMC(디지털미디어시티),POI084,KEY_1,415. DMC역 9번출구 앞,ST-95,20,2,10,126.89736176,37.57746887
2026-06-26T21:59:04.155202+09:00,DMC(디지털미디어시티),DMC(디지털미디어시티),POI084,KEY_1,489.구룡근린공원,ST-2148,90,9,10,126.88276672,37.58320236
2026-06-26T21:59:04.155202+09:00,DMC(디지털미디어시티),DMC(디지털미디어시티),POI084,KEY_1,414. 상암동주민센터 옆,ST-94,88,7,8,126.89447021,37.57822037
2026-06-26T21:59:04.155202+09:00,DMC(디지털미디어시티),DMC(디지털미디어시티),POI084,KEY_1,412. DMC산학협력연구센터 앞,ST-91,0,0,21,126.89079285,37.57565689
2026-06-26T21:59:04.155202+09:00,DMC(디지털미디어시티),DMC(디지털미디어시티),POI084,KEY_1,425. DMC첨단산업센터,ST-991,10,1,10,126.88559723,37.58450317
2026-06-26T21:59:04.155202+09:00,DMC(디지털미디어시티),DMC(디지털미디어시티),POI084,KEY_1,408. LG CNS앞,ST-84,36,5,14,126.88665009,37.58081055
2026-06-26T21:59:04.155202+09:00,DMC(디지털미디어시티),DMC(디지털미디어시티),POI084,KEY_1,3007.MBC 앞,ST-2165,10,1,10,126.89044952,37.58198166
2026-06-26T21:59:04.155202+09:00,DMC(디지털미디어시티),DMC(디지털미디어시티),POI084,KEY_1,3008.DMC역7번출구,ST-2166,20,2,10,126.89836121,37.57711411
2026-06-26T21:59:04.155202+09:00,DMC(디지털미디어시티),DMC(디지털미디어시티),POI084,KEY_1,4214. JTBC 앞,ST-2537,10,1,10,126.8901825,37.57730484
2026-06-26T21:59:04.155202+09:00,DMC(디지털미디어시티),DMC(디지털미디어시티),POI084,KEY_1,4238. 상암한샘빌딩앞,ST-2981,0,0,7,126.89867401,37.57649231
2026-06-26T21:59:04.155202+09:00,DMC(디지털미디어시티),DMC(디지털미디어시티),POI084,KEY_1,4218. 디지털매직스페이스,ST-2974,8,1,13,126.88957977,37.58119965
2026-06-26T21:59:04.155202+09:00,가산디지털단지역,가산디지털단지역,POI013,KEY_2,1806. 에이스하이엔드타워9차 앞,ST-621,170,17,10,126.87863922,37.48621368
2026-06-26T21:59:04.155202+09:00,가산디지털단지역,가산디지털단지역,POI013,KEY_2,1850. 코오롱테크노밸리,ST-1277,90,9,10,126.8863678,37.48015976
2026-06-26T21:59:04.155202+09:00,가산디지털단지역,가산디지털단지역,POI013,KEY_2,1851. 가산디지털단지 9번출구 인근,ST-1403,10,1,10,126.88148499,37.48123169
2026-06-26T21:59:04.155202+09:00,가산디지털단지역,가산디지털단지역,POI013,KEY_2,1805. 서울디지털운동장 앞,ST-620,30,3,10,126.87776947,37.48228836
2026-06-26T21:59:04.155202+09:00,가산디지털단지역,가산디지털단지역,POI013,KEY_2,1849. 대륭포스트타워5차,ST-1276,210,21,10,126.88694,37.48135376
2026-06-26T21:59:04.155202+09:00,가산디지털단지역,가산디지털단지역,POI013,KEY_2,1835. STX V타워,ST-641,40,4,10,126.88442993,37.47706985
2026-06-26T21:59:04.155202+09:00,가산디지털단지역,가산디지털단지역,POI013,KEY_2,1834. 월드메르디앙 벤처센터 2차,ST-640,10,1,10,126.87904358,37.47908401
2026-06-26T21:59:04.155202+09:00,가산디지털단지역,가산디지털단지역,POI013,KEY_2,1867.대륭포스트타워6차 앞,ST-1938,177,53,30,126.8841629,37.48101044
2026-06-26T21:59:04.155202+09:00,가산디지털단지역,가산디지털단지역,POI013,KEY_2,1839. 수출의 다리 아래,ST-1140,95,19,20,126.88615417,37.47743607
2026-06-26T21:59:04.155202+09:00,가산디지털단지역,가산디지털단지역,POI013,KEY_2,1812. 갑을그레이트밸리 앞,ST-624,170,17,10,126.88729858,37.47903061
2026-06-26T21:59:04.155202+09:00,가산디지털단지역,가산디지털단지역,POI013,KEY_2,3989.가산디지털단지역 9번출구 앞,ST-3396,180,18,10,126.88175964,37.48055267
2026-06-26T21:59:04.155202+09:00,가산디지털단지역,가산디지털단지역,POI013,KEY_2,3984. 가산롯데아이티캐슬,ST-2999,20,1,5,126.88083649,37.47636795
2026-06-26T21:59:04.155202+09:00,가산디지털단지역,가산디지털단지역,POI013,KEY_2,3985. 디폴리스 지식산업센터,ST-2964,5,1,20,126.87680054,37.48017502
2026-06-26T21:59:04.155202+09:00,강남역,강남역,POI014,KEY_3,3628. 역삼1동 주민센터,ST-2689,10,1,10,127.03302765,37.49521255
2026-06-26T21:59:04.155202+09:00,강남역,강남역,POI014,KEY_3,2421. 신논현역 4번출구,ST-1887,53,8,15,127.02579498,37.504673
2026-06-26T21:59:04.155202+09:00,강남역,강남역,POI014,KEY_3,2407. 역삼서초삼성 세무서 앞 (역삼빌딩 앞),ST-1577,50,5,10,127.03011322,37.49847031
2026-06-26T21:59:04.155202+09:00,강남역,강남역,POI014,KEY_3,2505. 우성아파트사거리 (기업은행앞),ST-1556,217,26,12,127.0295105,37.49330521
2026-06-26T21:59:04.155202+09:00,강남역,강남역,POI014,KEY_3,4349.삼성화재서초타워,ST-3361,133,8,6,127.02896118,37.49446869
2026-06-26T21:59:04.155202+09:00,건대입구역,건대입구역,POI015,KEY_4,501. 광진문화예술회관 앞,ST-98,100,30,30,127.07035065,37.53730774
2026-06-26T21:59:04.155202+09:00,건대입구역,건대입구역,POI015,KEY_4,3533. 건대입구역 사거리(롯데백화점),ST-1660,40,4,10,127.07078552,37.5392952
2026-06-26T21:59:04.155202+09:00,건대입구역,건대입구역,POI015,KEY_4,3534. 건대입구역 5번출구 뒤,ST-1661,50,5,10,127.06956482,37.54008102
2026-06-26T21:59:04.155202+09:00,고덕역,고덕역,POI016,KEY_1,1036. 고덕동 주양쇼핑,ST-1053,20,2,10,127.15331268,37.55199051
2026-06-26T21:59:04.155202+09:00,고덕역,고덕역,POI016,KEY_1,1072.고덕역 5번출구,ST-1833,64,14,22,127.15372467,37.55486298
2026-06-26T21:59:04.155202+09:00,고덕역,고덕역,POI016,KEY_1,1068.명일파출소,ST-1767,20,2,10,127.15622711,37.5536499
2026-06-26T21:59:04.155202+09:00,교대역,교대역,POI018,KEY_3,2239.교대역 6번출구,ST-765,180,18,10,127.01378632,37.49421692
2026-06-26T21:59:04.155202+09:00,교대역,교대역,POI018,KEY_3,2279. 교대역 5번출구뒤,ST-1305,238,19,8,127.01418304,37.49361801
2026-06-26T21:59:04.155202+09:00,구로디지털단지역,구로디지털단지역,POI019,KEY_4,1962. 가리봉동주민센터,ST-1224,87,13,15,126.89279938,37.48160172
2026-06-26T21:59:04.155202+09:00,구로디지털단지역,구로디지털단지역,POI019,KEY_4,1955. 디지털입구 교차로,ST-936,40,4,10,126.90103912,37.48288345
2026-06-26T21:59:04.155202+09:00,구로디지털단지역,구로디지털단지역,POI019,KEY_4,2801. 대륭포스트타워1차,ST-1753,50,15,30,126.89542389,37.48437119
2026-06-26T21:59:04.155202+09:00,구로디지털단지역,구로디지털단지역,POI019,KEY_4,1911. 구로디지털단지역 앞,ST-668,33,6,18,126.90132141,37.48493958
2026-06-26T21:59:04.155202+09:00,구로디지털단지역,구로디지털단지역,POI019,KEY_4,2110. 조원동 미성아파트,ST-950,156,14,9,126.90203094,37.48319244
2026-06-26T21:59:04.155202+09:00,구로디지털단지역,구로디지털단지역,POI019,KEY_4,1986. 태평양물산,ST-1521,153,23,15,126.89518738,37.48485947
2026-06-26T21:59:04.155202+09:00,구로역,구로역,POI020,KEY_1,1946. 구로역 광장,ST-873,270,27,10,126.88038635,37.50311661
2026-06-26T21:59:04.155202+09:00,구로역,구로역,POI020,KEY_1,3919. 구로역·NC신구로점 버스정류장(구로역 방면),ST-3013,114,16,14,126.88237,37.50096512
2026-06-26T21:59:04.155202+09:00,군자역,군자역,POI021,KEY_2,540. 군자역 7번출구 베스트샵 앞,ST-253,150,12,8,127.0786438,37.55603027
2026-06-26T21:59:04.155202+09:00,군자역,군자역,POI021,KEY_2,3500. 군자역2번출구,ST-983,143,10,7,127.07969666,37.55758667
2026-06-26T21:59:04.155202+09:00,군자역,군자역,POI021,KEY_2,3518. 군자역 7번출구뒤,ST-1263,175,14,8,127.07913971,37.55686188
2026-06-26T21:59:04.155202+09:00,군자역,군자역,POI021,KEY_2,3586.군자역 비채온 오피스텔,ST-2325,100,8,8,127.07727051,37.55771255
2026-06-26T21:59:04.155202+09:00,대림역,대림역,POI023,KEY_3,286. 우성아파트 교차로,ST-1652,133,16,12,126.89974976,37.49457169
2026-06-26T21:59:04.155202+09:00,대림역,대림역,POI023,KEY_3,1914. 대림역4번출구,ST-918,20,2,10,126.89444733,37.49440384
2026-06-26T21:59:04.155202+09:00,대림역,대림역,POI023,KEY_3,1975. 대림역 1번 출입구 밑,ST-1237,90,9,10,126.8947525,37.49256516
2026-06-26T21:59:04.155202+09:00,동대문역,동대문역,POI024,KEY_4,457. 종로꽃시장 입구 옆,ST-1610,10,1,10,127.00720978,37.57131958
2026-06-26T21:59:04.155202+09:00,동대문역,동대문역,POI024,KEY_4,393. 동대문역 8번 출구,ST-1372,117,14,12,127.00937653,37.57014084
2026-06-26T21:59:04.155202+09:00,동대문역,동대문역,POI024,KEY_4,3415.동대문역6번출구,ST-1812,140,21,15,127.0107193,37.57147217
2026-06-26T21:59:04.155202+09:00,미아사거리역,미아사거리역,POI026,KEY_2,1546. 송천동우체국,ST-1665,30,3,10,127.02970123,37.61545944
2026-06-26T21:59:04.155202+09:00,미아사거리역,미아사거리역,POI026,KEY_2,1574.송중초등학교 옆,ST-2405,38,3,8,127.03049469,37.61669922
2026-06-26T21:59:04.155202+09:00,미아사거리역,미아사거리역,POI026,KEY_2,1531. 미아사거리 1번 출구,ST-1105,0,0,10,127.03025055,37.61395645
2026-06-26T21:59:04.155202+09:00,미아사거리역,미아사거리역,POI026,KEY_2,4423.현대백화점 미아점,ST-3203,140,14,10,127.02845764,37.60884857
2026-06-26T21:59:04.155202+09:00,발산역,발산역,POI027,KEY_3,1117. 등촌5단지아파트 버스정류장,ST-834,140,14,10,126.84426117,37.55819702
2026-06-26T21:59:04.155202+09:00,발산역,발산역,POI027,KEY_3,"1153. 발산역 1번, 9번 인근 대여소",ST-1065,266,85,32,126.83717346,37.55894852
2026-06-26T21:59:04.155202+09:00,발산역,발산역,POI027,KEY_3,1124. 발산역 6번 출구 뒤,ST-522,450,27,6,126.8384552,37.55817795
2026-06-26T21:59:04.155202+09:00,발산역,발산역,POI027,KEY_3,1197. 엠펠리체 호텔 건너편,ST-1714,115,23,20,126.83546448,37.56026077
2026-06-26T21:59:04.155202+09:00,발산역,발산역,POI027,KEY_3,2730.마곡메가박스 앞,ST-2047,3,1,30,126.83495331,37.55912781
2026-06-26T21:59:04.155202+09:00,발산역,발산역,POI027,KEY_3,3760. 발산역 8번 출구,ST-2538,24,4,17,126.83676147,37.55846024
2026-06-26T21:59:04.155202+09:00,발산역,발산역,POI027,KEY_3,2721.등촌1-10단지 교차로,ST-2037,83,10,12,126.8393631,37.56320572
2026-06-26T21:59:04.155202+09:00,발산역,발산역,POI027,KEY_3,3764. 관문주유소(GS칼택스) 앞,ST-2613,240,24,10,126.84183502,37.55802917
2026-06-26T21:59:04.155202+09:00,발산역,발산역,POI027,KEY_3,3759. 이대서울병원,ST-2569,28,7,25,126.83559418,37.5586319
2026-06-26T21:59:04.155202+09:00,발산역,발산역,POI027,KEY_3,2723.마곡 필네이처,ST-2040,162,21,13,126.83669281,37.56089401
2026-06-26T21:59:04.155202+09:00,발산역,발산역,POI027,KEY_3,2717.LG유플러스 마곡사옥,ST-2033,6,4,62,126.83390045,37.56133652
2026-06-26T21:59:04.155202+09:00,발산역,발산역,POI027,KEY_3,5061. 우장산동 가곡어린이공원앞,ST-2888,250,25,10,126.83751678,37.55545425
2026-06-26T21:59:04.155202+09:00,발산역,발산역,POI027,KEY_3,5095. 원당근린공원,ST-3226,79,11,14,126.84147644,37.55947495
2026-06-26T21:59:04.155202+09:00,사당역,사당역,POI029,KEY_4,2222.사당역 12번출구 뒤,ST-753,210,21,10,126.98203278,37.47806931
2026-06-26T21:59:04.155202+09:00,사당역,사당역,POI029,KEY_4,2089.사당역10번출구(금강빌딩),ST-2362,230,23,10,126.98150635,37.4791069
2026-06-26T21:59:04.155202+09:00,사당역,사당역,POI029,KEY_4,2104. 사당역 5번출구,ST-712,38,5,13,126.98133087,37.47608948
2026-06-26T21:59:04.155202+09:00,사당역,사당역,POI029,KEY_4,2034. 사당역 7번출구쪽,ST-924,95,18,19,126.98057556,37.47689056
2026-06-26T21:59:04.155202+09:00,삼각지역,삼각지역,POI030,KEY_1,848. 삼각지12번 출구,ST-2172,50,4,8,126.97562408,37.53488922
2026-06-26T21:59:04.155202+09:00,삼각지역,삼각지역,POI030,KEY_1,849. 삼각지 자이아파트,ST-2173,165,33,20,126.97341919,37.53607941
2026-06-26T21:59:04.155202+09:00,삼각지역,삼각지역,POI030,KEY_1,4620. 삼각지역 14번 출구 앞(교통섬),ST-2451,175,14,8,126.97408295,37.53528595
2026-06-26T21:59:04.155202+09:00,서울대입구역,서울대입구역,POI031,KEY_2,2116. 에이스에이존빌딩,ST-717,0,0,9,126.95082855,37.48170471
2026-06-26T21:59:04.155202+09:00,서울대입구역,서울대입구역,POI031,KEY_2,2171. 서울대입구역 5번출구,ST-1337,0,0,17,126.95200348,37.48154831
2026-06-26T21:59:04.155202+09:00,서울대입구역,서울대입구역,POI031,KEY_2,2128. 관악구청교차로,ST-720,17,2,12,126.95265198,37.47949982
2026-06-26T21:59:04.155202+09:00,서울대입구역,서울대입구역,POI031,KEY_2,3311.서울대입구역 4번 출구,ST-2394,42,5,12,126.95157623,37.48122025
2026-06-26T21:59:04.155202+09:00,서울대입구역,서울대입구역,POI031,KEY_2,2112. 서울대입구역 마에스트로,ST-715,47,7,15,126.95064545,37.4813385
2026-06-26T21:59:04.155202+09:00,서울대입구역,서울대입구역,POI031,KEY_2,2111. 서울대입구역 1번출구,ST-965,50,5,10,126.95331573,37.48086929
2026-06-26T21:59:04.155202+09:00,서울식물원·마곡나루역,서울식물원·마곡나루역,POI032,KEY_3,2715.마곡나루역 2번 출구,ST-2031,168,42,25,126.82743835,37.56692505
2026-06-26T21:59:04.155202+09:00,서울식물원·마곡나루역,서울식물원·마곡나루역,POI032,KEY_3,2725.서울식물원 식물문화센터,ST-2042,65,13,20,126.83563232,37.56883621
2026-06-26T21:59:04.155202+09:00,서울식물원·마곡나루역,서울식물원·마곡나루역,POI032,KEY_3,2728.마곡나루역 3번 출구,ST-2045,191,124,65,126.82807922,37.56580353
2026-06-26T21:59:04.155202+09:00,서울식물원·마곡나루역,서울식물원·마곡나루역,POI032,KEY_3,2701. 마곡나루역 5번출구 뒤편,ST-1718,12,3,26,126.82731628,37.56520081
2026-06-26T21:59:04.155202+09:00,서울식물원·마곡나루역,서울식물원·마곡나루역,POI032,KEY_3,2727.서울식물원 잔디마당 앞,ST-2044,44,11,25,126.8306427,37.5639267
2026-06-26T21:59:04.155202+09:00,서울식물원·마곡나루역,서울식물원·마곡나루역,POI032,KEY_3,6177. 마곡롯데캐슬르웨스트,ST-3324,20,2,10,126.82462311,37.56356049
2026-06-26T21:59:04.155202+09:00,서울식물원·마곡나루역,서울식물원·마곡나루역,POI032,KEY_3,6190.마곡광장(마곡나루역 6번출구),ST-3421,10,1,10,126.82738495,37.56614685
2026-06-26T21:59:04.155202+09:00,서울식물원·마곡나루역,서울식물원·마곡나루역,POI032,KEY_3,5097. LG사이언스파크 E2동,ST-3259,8,3,40,126.83208466,37.56381607
2026-06-26T21:59:04.155202+09:00,서울식물원·마곡나루역,서울식물원·마곡나루역,POI032,KEY_3,5098. LG사이언스파크 W4동,ST-3261,50,10,20,126.82978821,37.56403732
2026-06-26T21:59:04.155202+09:00,서울역,서울역,POI033,KEY_4,379. 서울역9번출구,ST-194,150,15,10,126.97330475,37.55580521
2026-06-26T21:59:04.155202+09:00,서울역,서울역,POI033,KEY_4,435. SK 남산빌딩,ST-1670,30,3,10,126.97561646,37.55686188
2026-06-26T21:59:04.155202+09:00,서울역,서울역,POI033,KEY_4,485.서울역5번출구,ST-1791,260,26,10,126.97319794,37.55677032
2026-06-26T21:59:04.155202+09:00,서울역,서울역,POI033,KEY_4,4794. 서울역 서부교차로(3),ST-2786,250,20,8,126.96942139,37.55540848
2026-06-26T21:59:04.155202+09:00,서울역,서울역,POI033,KEY_4,6062.서울역파출소,ST-3413,170,17,10,126.97183228,37.55709457
2026-06-26T21:59:04.155202+09:00,서울역,서울역,POI033,KEY_4,4760. 서울역 7번출구,ST-2430,30,3,10,126.97364044,37.55664444
2026-06-26T21:59:04.155202+09:00,선릉역,선릉역,POI034,KEY_1,2328. 르네상스 호텔 사거리 역삼지하보도 7번출구 앞,ST-811,10,1,10,127.04273224,37.50321198
2026-06-26T21:59:04.155202+09:00,선릉역,선릉역,POI034,KEY_1,2369. KT선릉타워,ST-1178,45,9,20,127.0528717,37.50542831
2026-06-26T21:59:04.155202+09:00,선릉역,선릉역,POI034,KEY_1,2329. 르네상스호텔사거리 역삼지하보도 2번출구,ST-812,0,0,10,127.04319,37.50235748
2026-06-26T21:59:04.155202+09:00,선릉역,선릉역,POI034,KEY_1,2319. 포스코사거리 서측(수협 삼성동 지점),ST-802,80,8,10,127.05467987,37.50660706
2026-06-26T21:59:04.155202+09:00,선릉역,선릉역,POI034,KEY_1,2332. 선릉역3번출구,ST-815,75,6,8,127.04903412,37.50410461
2026-06-26T21:59:04.155202+09:00,성신여대입구역,성신여대입구역,POI035,KEY_2,1385.성신여대입구역 3번출구 앞,ST-2226,150,15,10,127.01628876,37.59236526
2026-06-26T21:59:04.155202+09:00,성신여대입구역,성신여대입구역,POI035,KEY_2,1384.성신여대입구역 5번출구,ST-2225,238,31,13,127.01628876,37.59282684
2026-06-26T21:59:04.155202+09:00,성신여대입구역,성신여대입구역,POI035,KEY_2,1337. 돈암성당 옆,ST-1201,315,41,13,127.01716614,37.59039307
2026-06-26T21:59:04.155202+09:00,수유역,수유역,POI036,KEY_3,1512. 강북중학교 앞,ST-862,110,22,20,127.02656555,37.64473724
2026-06-26T21:59:04.155202+09:00,수유역,수유역,POI036,KEY_3,1503. 강북구청사거리(수유역 8번출구),ST-643,129,18,14,127.02672577,37.63926315
2026-06-26T21:59:04.155202+09:00,수유역,수유역,POI036,KEY_3,1530. 광산사거리,ST-1104,123,16,13,127.0223465,37.64355087
2026-06-26T21:59:04.155202+09:00,수유역,수유역,POI036,KEY_3,1569.수유역2번출구,ST-2137,180,18,10,127.02590179,37.63796997
2026-06-26T21:59:04.155202+09:00,수유역,수유역,POI036,KEY_3,1520. 수유중앙시장,ST-650,186,13,7,127.022789,37.63986206
2026-06-26T21:59:04.155202+09:00,수유역,수유역,POI036,KEY_3,1552. 강북구청사거리,ST-2125,175,14,8,127.02723694,37.63920212
2026-06-26T21:59:04.155202+09:00,수유역,수유역,POI036,KEY_3,1535. 효성인텔리안 앞,ST-1109,60,6,10,127.02337646,37.6362915
2026-06-26T21:59:04.155202+09:00,수유역,수유역,POI036,KEY_3,1526. 강북종합시장 앞,ST-1100,338,27,8,127.02462769,37.64173889
2026-06-26T21:59:04.155202+09:00,숭례문,숭례문,POI131,KEY_4,445.대한상공회의소,ST-1771,13,2,15,126.97410583,37.56015396
2026-06-26T21:59:04.155202+09:00,숭례문,숭례문,POI131,KEY_4,6060. 신한은행 본점,ST-3342,0,0,8,126.97480774,37.56077576
2026-06-26T21:59:04.155202+09:00,시의회 앞,시의회 앞,POI130,KEY_1,458. 광화문역 5번출구,ST-1611,38,8,21,126.97756958,37.56989288
2026-06-26T21:59:04.155202+09:00,시의회 앞,시의회 앞,POI130,KEY_1,310. 청계광장 옆,ST-126,163,13,8,126.9774704,37.56887817
2026-06-26T21:59:04.155202+09:00,시의회 앞,시의회 앞,POI130,KEY_1,309. 광화문역 6번출구 옆 B,ST-125,0,0,13,126.97615814,37.56996155
2026-06-26T21:59:04.155202+09:00,시의회 앞,시의회 앞,POI130,KEY_1,4718. 광화문역 6번출구 옆 A,ST-3075,10,1,10,126.9764328,37.56993103
2026-06-26T21:59:04.155202+09:00,시의회 앞,시의회 앞,POI130,KEY_1,6058. 시청역 2번출구,ST-3297,387,58,15,126.97702026,37.56557846
2026-06-26T21:59:04.155202+09:00,신논현역·논현역,신논현역·논현역,POI037,KEY_2,2542.신논현타워 앞,ST-1926,70,7,10,127.02391052,37.50508881
2026-06-26T21:59:04.155202+09:00,신논현역·논현역,신논현역·논현역,POI037,KEY_2,2302. 교보타워 버스정류장(신논현역 3번출구 후면),ST-787,60,6,10,127.02427673,37.5055809
2026-06-26T21:59:04.155202+09:00,신논현역·논현역,신논현역·논현역,POI037,KEY_2,4347. 논현지하보도,ST-3332,170,17,10,127.02232361,37.50836945
2026-06-26T21:59:04.155202+09:00,신림역,신림역,POI039,KEY_4,2136. 신림역 8번출구,ST-976,288,23,8,126.93006897,37.48450851
2026-06-26T21:59:04.155202+09:00,신림역,신림역,POI039,KEY_4,2102. 봉림교 교통섬,ST-702,177,23,13,126.92688751,37.48408508
2026-06-26T21:59:04.155202+09:00,신림역,신림역,POI039,KEY_4,2175. 신림동걷고싶은문화의거리입구,ST-1270,186,13,7,126.92870331,37.48730087
2026-06-26T21:59:04.155202+09:00,신정네거리역,신정네거리역,POI117,KEY_1,722. 경서농협 버스정류장(우리은행신정동지점방향),ST-993,110,11,10,126.85738373,37.52151108
2026-06-26T21:59:04.155202+09:00,신정네거리역,신정네거리역,POI117,KEY_1,706. 신정네거리역,ST-313,7,1,15,126.85175323,37.5218811
2026-06-26T21:59:04.155202+09:00,신정네거리역,신정네거리역,POI117,KEY_1,4510. 신정네거리역 교차로,ST-2762,92,12,13,126.85228729,37.52175903
2026-06-26T21:59:04.155202+09:00,신정네거리역,신정네거리역,POI117,KEY_1,4509. 서울영상고교 입구,ST-2761,287,43,15,126.85928345,37.52198029
2026-06-26T21:59:04.155202+09:00,신정네거리역,신정네거리역,POI117,KEY_1,4507. 신정제일시장,ST-2759,80,8,10,126.85499573,37.52122498
2026-06-26T21:59:04.155202+09:00,신촌·이대역,신촌·이대역,POI040,KEY_2,128. 신촌역(2호선) 1번출구 옆,ST-30,26,5,19,126.93634033,37.55549622
2026-06-26T21:59:04.155202+09:00,신촌·이대역,신촌·이대역,POI040,KEY_2,150. 서강대역 2번출구 앞,ST-207,13,2,15,126.93434143,37.55295563
2026-06-26T21:59:04.155202+09:00,신촌·이대역,신촌·이대역,POI040,KEY_2,134. 연세로 명물길,ST-36,13,1,8,126.93807983,37.55789185
2026-06-26T21:59:04.155202+09:00,신촌·이대역,신촌·이대역,POI040,KEY_2,129. 신촌역(2호선) 6번출구 옆,ST-31,70,7,10,126.93756866,37.55505371
2026-06-26T21:59:04.155202+09:00,신촌·이대역,신촌·이대역,POI040,KEY_2,130. 신촌역(2호선) 7번출구 앞,ST-32,100,10,10,126.93626404,37.5550499
2026-06-26T21:59:04.155202+09:00,신촌·이대역,신촌·이대역,POI040,KEY_2,137. 신촌기차역입구 교차로,ST-39,10,1,10,126.9431839,37.55681229
2026-06-26T21:59:04.155202+09:00,신촌·이대역,신촌·이대역,POI040,KEY_2,135. 명물길 원형무대 앞,ST-37,0,0,10,126.93984222,37.55922699
2026-06-26T21:59:04.155202+09:00,신촌·이대역,신촌·이대역,POI040,KEY_2,3116.신촌역 4번출구,ST-2201,30,3,10,126.93720245,37.55550385
2026-06-26T21:59:04.155202+09:00,신촌·이대역,신촌·이대역,POI040,KEY_2,4248. 신촌 교보빌딩,ST-3021,30,3,10,126.94034576,37.5560112
2026-06-26T21:59:04.155202+09:00,신촌·이대역,신촌·이대역,POI040,KEY_2,4274. 신촌 파랑고래 입구,ST-3140,30,3,10,126.93603516,37.55687714
2026-06-26T21:59:04.155202+09:00,쌍문역,쌍문역,POI070,KEY_3,1754. 창동시장입구 사거리,ST-2099,0,0,11,127.03343201,37.64689636
2026-06-26T21:59:04.155202+09:00,쌍문역,쌍문역,POI070,KEY_3,1709. 쌍문역4번출구 주변,ST-616,0,0,17,127.03534698,37.65012741
2026-06-26T21:59:04.155202+09:00,쌍문역,쌍문역,POI070,KEY_3,1774.정의여중고 버스정류소,ST-2119,13,1,8,127.034729,37.65134811
2026-06-26T21:59:04.155202+09:00,쌍문역,쌍문역,POI070,KEY_3,4054. 창동한신아파트 버스정류소,ST-2722,110,11,10,127.03527069,37.64601898
2026-06-26T21:59:04.155202+09:00,양재역,양재역,POI041,KEY_4,2333. 양재역 3번출구 주변,ST-816,0,0,14,127.03407288,37.48515701
2026-06-26T21:59:04.155202+09:00,양재역,양재역,POI041,KEY_4,2242.양재역 10번 출구 앞,ST-767,0,0,20,127.03417969,37.48398972
2026-06-26T21:59:04.155202+09:00,양재역,양재역,POI041,KEY_4,2293. SPC 앞,ST-1360,10,1,10,127.03699493,37.48479843
2026-06-26T21:59:04.155202+09:00,양재역,양재역,POI041,KEY_4,4329. SC제일은행 양재동지점 앞,ST-2962,0,0,8,127.03315735,37.48573685
2026-06-26T21:59:04.155202+09:00,역삼역,역삼역,POI042,KEY_1,2430.강남파이낸스센터앞(역삼역2번출구),ST-1896,0,0,10,127.03605652,37.50024414
2026-06-26T21:59:04.155202+09:00,역삼역,역삼역,POI042,KEY_1,2349. 역삼빌딩 앞(하나은행 옆),ST-959,0,0,12,127.03856659,37.50154495
2026-06-26T21:59:04.155202+09:00,역삼역,역삼역,POI042,KEY_1,2410. 포스코피앤에스타워 (역삼역 3번출구 부근),ST-1680,40,4,10,127.03375244,37.49959946
2026-06-26T21:59:04.155202+09:00,연신내역,연신내역,POI043,KEY_2,949. 연신내역 1번 출구,ST-1035,0,0,6,126.92080688,37.61978149
2026-06-26T21:59:04.155202+09:00,연신내역,연신내역,POI043,KEY_2,906. 연신내역 5번출구,ST-454,175,14,8,126.91957855,37.61721039
2026-06-26T21:59:04.155202+09:00,연신내역,연신내역,POI043,KEY_2,922. 연신내역 4번출구,ST-470,60,6,10,126.92196655,37.61780167
2026-06-26T21:59:04.155202+09:00,오목교역·목동운동장,오목교역·목동운동장,POI044,KEY_3,765. 오목교역 3번출구,ST-1731,208,25,12,126.87548065,37.52477646
2026-06-26T21:59:04.155202+09:00,오목교역·목동운동장,오목교역·목동운동장,POI044,KEY_3,792.목동트라팰리스 웨스턴에비뉴,ST-2017,135,27,20,126.8709259,37.52537155
2026-06-26T21:59:04.155202+09:00,오목교역·목동운동장,오목교역·목동운동장,POI044,KEY_3,756. 목동주차장,ST-1497,47,7,15,126.8761673,37.52667999
2026-06-26T21:59:04.155202+09:00,오목교역·목동운동장,오목교역·목동운동장,POI044,KEY_3,771.목동아파트 703동 앞,ST-1997,113,9,8,126.87016296,37.52820587
2026-06-26T21:59:04.155202+09:00,오목교역·목동운동장,오목교역·목동운동장,POI044,KEY_3,791.현대하이페리온,ST-2016,87,13,15,126.86980438,37.52490234
2026-06-26T21:59:04.155202+09:00,오목교역·목동운동장,오목교역·목동운동장,POI044,KEY_3,748. 목동운동장,ST-1019,154,20,13,126.87930298,37.53025055
2026-06-26T21:59:04.155202+09:00,오목교역·목동운동장,오목교역·목동운동장,POI044,KEY_3,703. 오목교역 7번출구 앞,ST-311,42,5,12,126.87524414,37.52362823
2026-06-26T21:59:04.155202+09:00,오목교역·목동운동장,오목교역·목동운동장,POI044,KEY_3,747. 목동3단지 상가,ST-1018,370,37,10,126.8756485,37.53458023
2026-06-26T21:59:04.155202+09:00,오목교역·목동운동장,오목교역·목동운동장,POI044,KEY_3,723. SBS방송국,ST-994,127,19,15,126.87274933,37.52916336
2026-06-26T21:59:04.155202+09:00,오목교역·목동운동장,오목교역·목동운동장,POI044,KEY_3,731. 서울시 도로환경관리센터,ST-1002,0,0,10,126.87654114,37.5298996
2026-06-26T21:59:04.155202+09:00,오목교역·목동운동장,오목교역·목동운동장,POI044,KEY_3,762. 오목로 무중력지대 앞,ST-1503,10,1,10,126.87766266,37.52474213
2026-06-26T21:59:04.155202+09:00,오목교역·목동운동장,오목교역·목동운동장,POI044,KEY_3,769.CBS방송국 앞,ST-1995,0,0,20,126.87467194,37.52785492
2026-06-26T21:59:04.155202+09:00,오목교역·목동운동장,오목교역·목동운동장,POI044,KEY_3,4514. 목동성당 앞,ST-2764,220,44,20,126.86930084,37.52319717
2026-06-26T21:59:04.155202+09:00,오목교역·목동운동장,오목교역·목동운동장,POI044,KEY_3,4532. 목동현대아파트 후문 앞,ST-2879,100,10,10,126.87805939,37.5221405
2026-06-26T21:59:04.155202+09:00,오목교역·목동운동장,오목교역·목동운동장,POI044,KEY_3,4543. 오목교역 6번 출구,ST-3163,311,28,9,126.87567139,37.5236702
2026-06-26T21:59:04.155202+09:00,오목교역·목동운동장,오목교역·목동운동장,POI044,KEY_3,4546. 목동운동장 주경기장,ST-3227,137,41,30,126.88307953,37.52937698
2026-06-26T21:59:04.155202+09:00,왕십리역,왕십리역,POI045,KEY_4,558. 성동광진 교육지원청 앞,ST-359,50,10,20,127.03652191,37.56460571
2026-06-26T21:59:04.155202+09:00,왕십리역,왕십리역,POI045,KEY_4,525. 한양대병원사거리,ST-241,15,3,20,127.04035187,37.55805206
2026-06-26T21:59:04.155202+09:00,왕십리역,왕십리역,POI045,KEY_4,559. 왕십리역 4번 출구 건너편,ST-360,8,1,13,127.03679657,37.56109619
2026-06-26T21:59:04.155202+09:00,왕십리역,왕십리역,POI045,KEY_4,3561.행당동 삼부APT후문,ST-2343,60,6,10,127.03839874,37.55926895
2026-06-26T21:59:04.155202+09:00,왕십리역,왕십리역,POI045,KEY_4,3545.한양대역 1번출구,ST-2327,0,0,10,127.04335785,37.55657959
2026-06-26T21:59:04.155202+09:00,용산역,용산역,POI046,KEY_1,853.용산역 맞은편,ST-2177,5,1,19,126.96595001,37.52841568
2026-06-26T21:59:04.155202+09:00,용산역,용산역,POI046,KEY_1,806. 전자랜드 본관 앞,ST-327,35,7,20,126.96073151,37.5330658
2026-06-26T21:59:04.155202+09:00,용산역,용산역,POI046,KEY_1,845. 용산 선인상가,ST-1615,106,17,16,126.96437836,37.53269958
2026-06-26T21:59:04.155202+09:00,용산역,용산역,POI046,KEY_1,4616. 신용산지하차도 앞,ST-2447,53,8,15,126.96411896,37.53248215
2026-06-26T21:59:04.155202+09:00,용산역,용산역,POI046,KEY_1,4617. 동원베네스트 건너편,ST-2448,83,5,6,126.95511627,37.52761078
2026-06-26T21:59:04.155202+09:00,잠실새내역,잠실새내역,POI118,KEY_3,1224. 아시아지하보도 2번 출구,ST-548,47,7,15,127.07893372,37.51216888
2026-06-26T21:59:04.155202+09:00,잠실새내역,잠실새내역,POI118,KEY_3,1222. 잠실새내역 5번 출구 뒤,ST-547,9,2,23,127.08505249,37.51198196
2026-06-26T21:59:04.155202+09:00,잠실새내역,잠실새내역,POI118,KEY_3,2637. 아시아지하보도 14번 출구,ST-1864,40,6,15,127.07881165,37.51146317
2026-06-26T21:59:04.155202+09:00,잠실새내역,잠실새내역,POI118,KEY_3,2635.잠실새내역 1번출구,ST-1862,5,1,21,127.08673859,37.51129532
2026-06-26T21:59:04.155202+09:00,잠실역,잠실역,POI119,KEY_4,1210. 롯데월드타워(잠실역2번출구 쪽),ST-891,0,0,30,127.10095978,37.51312637
2026-06-26T21:59:04.155202+09:00,잠실역,잠실역,POI119,KEY_4,1231. 잠실역 6번출구,ST-840,0,0,13,127.09902954,37.51408768
2026-06-26T21:59:04.155202+09:00,잠실역,잠실역,POI119,KEY_4,1232. 잠실주공 521동 건너편,ST-550,30,3,10,127.09568787,37.51184082
2026-06-26T21:59:04.155202+09:00,잠실역,잠실역,POI119,KEY_4,2647.잠실 자전거 수리센터 앞,ST-1868,29,2,7,127.10114288,37.51100922
2026-06-26T21:59:04.155202+09:00,장지역,장지역,POI048,KEY_1,1266. 문정동 글샘 공원,ST-1085,40,4,10,127.12000275,37.47880936
2026-06-26T21:59:04.155202+09:00,장지역,장지역,POI048,KEY_1,1244. 문정 법조단지8,ST-904,45,5,11,127.12212372,37.48153687
2026-06-26T21:59:04.155202+09:00,장지역,장지역,POI048,KEY_1,1245. 문정 법조단지9,ST-905,0,0,10,127.12532806,37.47946548
2026-06-26T21:59:04.155202+09:00,장지역,장지역,POI048,KEY_1,1246. 문정 법조단지10,ST-906,0,0,30,127.12632751,37.47750854
2026-06-26T21:59:04.155202+09:00,장지역,장지역,POI048,KEY_1,1247. 문정 법조단지11,ST-907,7,1,15,127.12351227,37.4788208
2026-06-26T21:59:04.155202+09:00,장지역,장지역,POI048,KEY_1,4491. 장지역 1번출구,ST-2599,10,1,10,127.12678528,37.47953415
2026-06-26T21:59:04.155202+09:00,장지역,장지역,POI048,KEY_1,4885. 가든파이브 리빙관,ST-2985,0,0,8,127.123703,37.47709656
2026-06-26T21:59:04.155202+09:00,장한평역,장한평역,POI049,KEY_2,529. 장한평역 8번 출구 앞,ST-243,50,4,8,127.06365967,37.56137085
2026-06-26T21:59:04.155202+09:00,장한평역,장한평역,POI049,KEY_2,626. 군자교 서측 녹지대,ST-394,253,43,17,127.07096863,37.56115341
2026-06-26T21:59:04.155202+09:00,장한평역,장한평역,POI049,KEY_2,4105. 서울교통공사사거리 교통섬,ST-2499,20,2,10,127.05799103,37.56324005
2026-06-26T21:59:04.155202+09:00,장한평역,장한평역,POI049,KEY_2,4385. 용답동 우체국 주변,ST-3099,220,11,5,127.06151581,37.56168747
2026-06-26T21:59:04.155202+09:00,천호역,천호역,POI050,KEY_3,1264. 천호역 10번 출구 앞,ST-1083,13,1,8,127.12280273,37.53858185
2026-06-26T21:59:04.155202+09:00,천호역,천호역,POI050,KEY_3,1009. 천호역4번출구(현대백화점),ST-493,50,10,20,127.12424469,37.53866577
2026-06-26T21:59:04.155202+09:00,천호역,천호역,POI050,KEY_3,3657. 서울천호동우체국,ST-2732,300,30,10,127.12576294,37.54074097
2026-06-26T21:59:04.155202+09:00,총신대입구(이수)역,총신대입구(이수)역,POI051,KEY_4,2082.7호선 이수역7번출구,ST-2355,170,17,10,126.98179626,37.4846077
2026-06-26T21:59:04.155202+09:00,총신대입구(이수)역,총신대입구(이수)역,POI051,KEY_4,2511. 이수역 6번출구 앞,ST-1739,110,11,10,126.98234558,37.48398972
2026-06-26T21:59:04.155202+09:00,총신대입구(이수)역,총신대입구(이수)역,POI051,KEY_4,2264. 이수역 1번출구,ST-935,278,25,9,126.98271942,37.48897171
2026-06-26T21:59:04.155202+09:00,총신대입구(이수)역,총신대입구(이수)역,POI051,KEY_4,2091. 이수역9번출구,ST-2364,147,22,15,126.98059082,37.48470306
2026-06-26T21:59:04.155202+09:00,총신대입구(이수)역,총신대입구(이수)역,POI051,KEY_4,2032. 이수역 11번출구쪽,ST-923,250,25,10,126.98162079,37.48550797
2026-06-26T21:59:04.155202+09:00,충정로역,충정로역,POI052,KEY_1,180. 충정로역 7번출구 아래,ST-233,20,2,10,126.96246338,37.55996704
2026-06-26T21:59:04.155202+09:00,충정로역,충정로역,POI052,KEY_1,3134.SK리쳄블(서울아리수본부),ST-2219,30,3,10,126.96658325,37.56131744
2026-06-26T21:59:04.155202+09:00,충정로역,충정로역,POI052,KEY_1,3114.충정로역 3번 출구,ST-2198,29,2,7,126.96552277,37.56046295
2026-06-26T21:59:04.155202+09:00,충정로역,충정로역,POI052,KEY_1,4752. 삼성사이버빌리지아파트,ST-2624,29,2,7,126.96485901,37.55891418
2026-06-26T21:59:04.155202+09:00,충정로역,충정로역,POI052,KEY_1,4271. 충정로역 1번 출구,ST-3107,0,0,7,126.96305847,37.55942535
2026-06-26T21:59:04.155202+09:00,충정로역,충정로역,POI052,KEY_1,4266.국민연금공단충정로사옥,ST-3027,33,3,9,126.96414948,37.56184769
2026-06-26T21:59:04.155202+09:00,충정로역,충정로역,POI052,KEY_1,4801. 충정로역 2호선(엘리베이터 앞),ST-3053,0,0,5,126.96414185,37.55937576
2026-06-26T21:59:04.155202+09:00,합정역,합정역,POI053,KEY_2,106. 합정역 7번출구 앞,ST-8,58,7,12,126.91282654,37.54864502
2026-06-26T21:59:04.155202+09:00,합정역,합정역,POI053,KEY_2,105. 합정역 5번출구 앞,ST-7,80,4,5,126.91482544,37.55000687
2026-06-26T21:59:04.155202+09:00,합정역,합정역,POI053,KEY_2,497.합정동주민센터 앞,ST-2156,72,18,25,126.91230011,37.551754
2026-06-26T21:59:04.155202+09:00,합정역,합정역,POI053,KEY_2,4211. 시석빌딩 앞,ST-2534,150,12,8,126.91671753,37.54836655
2026-06-26T21:59:04.155202+09:00,혜화역,혜화역,POI054,KEY_3,342. 대학로 마로니에공원,ST-158,5,1,22,127.00234222,37.58044434
2026-06-26T21:59:04.155202+09:00,혜화역,혜화역,POI054,KEY_3,341. 혜화역 3번출구 뒤,ST-157,13,1,8,127.00178528,37.58156967
2026-06-26T21:59:04.155202+09:00,혜화역,혜화역,POI054,KEY_3,358. 성균관대입구 사거리 A,ST-173,46,6,13,126.99853516,37.58250046
2026-06-26T21:59:04.155202+09:00,혜화역,혜화역,POI054,KEY_3,3420. 성균관대입구 사거리 B,ST-1817,30,3,10,126.99885559,37.58327484
2026-06-26T21:59:04.155202+09:00,혜화역,혜화역,POI054,KEY_3,3421.혜화역 1번출구,ST-1818,120,12,10,127.00185394,37.58385468
2026-06-26T21:59:04.155202+09:00,혜화역,혜화역,POI054,KEY_3,3419.국립어린이과학관,ST-1816,0,0,14,126.99736786,37.58194733
2026-06-26T21:59:04.155202+09:00,홍대입구역(2호선),홍대입구역(2호선),POI055,KEY_4,113. 홍대입구역 2번출구 앞,ST-18,4,1,28,126.9238205,37.5574379
2026-06-26T21:59:04.155202+09:00,홍대입구역(2호선),홍대입구역(2호선),POI055,KEY_4,114. 홍대입구역 8번출구 앞,ST-20,13,2,15,126.92442322,37.55706024
2026-06-26T21:59:04.155202+09:00,회기역,회기역,POI056,KEY_1,670.삼육서울병원 버스정류장,ST-2270,533,48,9,127.06151581,37.5896759
2026-06-26T21:59:04.155202+09:00,회기역,회기역,POI056,KEY_1,680.꿈마루어린이도서관 앞,ST-2280,141,31,22,127.05741119,37.59238434
