fetched_at,place_name,AREA_NM,AREA_CD,_key_used,SBIKE_SPOT_NM,SBIKE_SPOT_ID,SBIKE_SHARED,SBIKE_PARKING_CNT,SBIKE_RACK_CNT,SBIKE_X,SBIKE_Y
2026-06-15T00:43:13.355965+09:00,광화문·덕수궁,광화문·덕수궁,POI009,KEY_2,310. 청계광장 옆,ST-126,0,0,8,126.9774704,37.56887817
2026-06-15T00:43:13.355965+09:00,광화문·덕수궁,광화문·덕수궁,POI009,KEY_2,391. 시립미술관,ST-977,0,0,8,126.97340393,37.56505203
2026-06-15T00:43:13.355965+09:00,광화문·덕수궁,광화문·덕수궁,POI009,KEY_2,4719. 종로문화원 건너편,ST-3090,0,0,15,126.9805069,37.57571411
2026-06-15T00:43:13.355965+09:00,광화문·덕수궁,광화문·덕수궁,POI009,KEY_2,6058. 시청역 2번출구,ST-3297,7,1,15,126.97702026,37.56557846
2026-06-15T00:43:13.355965+09:00,광화문·덕수궁,광화문·덕수궁,POI009,KEY_2,4796. 서울시청,ST-2693,0,0,20,126.97925568,37.5664711
2026-06-15T00:43:13.355965+09:00,보신각,보신각,POI010,KEY_3,316. 종각역 1번출구 앞,ST-132,0,0,8,126.98178864,37.57039642
2026-06-15T00:43:13.355965+09:00,보신각,보신각,POI010,KEY_3,385. 종각역 5번출구,ST-336,0,0,10,126.98265839,37.56983566
2026-06-15T00:43:13.355965+09:00,보신각,보신각,POI010,KEY_3,3408.종로타워빌딩,ST-1805,8,1,13,126.98323822,37.57070541
2026-06-15T00:43:13.355965+09:00,보신각,보신각,POI010,KEY_3,4708. 조계사앞사거리,ST-2472,17,1,6,126.98283386,37.5721817
2026-06-15T00:43:13.355965+09:00,서울 암사동 유적,서울 암사동 유적,POI011,KEY_4,1007.암사동 선사유적지,ST-491,36,5,14,127.13087463,37.55955887
2026-06-15T00:43:13.355965+09:00,서울 암사동 유적,서울 암사동 유적,POI011,KEY_4,3539. 서원마을,ST-1686,150,15,10,127.13283539,37.56379318
2026-06-15T00:43:13.355965+09:00,창덕궁·종묘,창덕궁·종묘,POI012,KEY_1,339. 종로4가 사거리,ST-155,10,1,10,126.99819183,37.57106781
2026-06-15T00:43:13.355965+09:00,창덕궁·종묘,창덕궁·종묘,POI012,KEY_1,337. 창경궁 입구,ST-153,140,7,5,126.99647522,37.57897949
2026-06-15T00:43:13.355965+09:00,창덕궁·종묘,창덕궁·종묘,POI012,KEY_1,359. 원남동사거리,ST-174,25,2,8,126.99768066,37.57606125
2026-06-15T00:43:13.355965+09:00,창덕궁·종묘,창덕궁·종묘,POI012,KEY_1,3411.종묘,ST-1808,56,5,9,126.99437714,37.57072067
2026-06-15T00:43:13.355965+09:00,창덕궁·종묘,창덕궁·종묘,POI012,KEY_1,338. 세운스퀘어 앞,ST-154,0,0,18,126.99712372,37.57095718
2026-06-15T00:43:13.355965+09:00,창덕궁·종묘,창덕궁·종묘,POI012,KEY_1,3410.종로3가역 8번출구,ST-1807,0,0,10,126.99188995,37.5724678
2026-06-15T00:43:13.355965+09:00,창덕궁·종묘,창덕궁·종묘,POI012,KEY_1,3413.종로플레이스,ST-1810,68,15,22,126.99796295,37.57320023
2026-06-15T00:43:13.355965+09:00,동대문 관광특구,동대문 관광특구,POI002,KEY_3,383. 신당역 12번 출구 뒤,ST-198,104,25,24,127.01642609,37.56591797
2026-06-15T00:43:13.355965+09:00,동대문 관광특구,동대문 관광특구,POI002,KEY_3,474.동대문역사문화공원역 1번출구 뒤편,ST-1780,23,9,40,127.00849152,37.56629944
2026-06-15T00:43:13.355965+09:00,동대문 관광특구,동대문 관광특구,POI002,KEY_3,346. 맥스타일 앞,ST-162,80,8,10,127.01014709,37.5689621
2026-06-15T00:43:13.355965+09:00,동대문 관광특구,동대문 관광특구,POI002,KEY_3,347. 동대문역사문화공원역 9번출구 앞,ST-163,39,7,18,127.00784302,37.56533051
2026-06-15T00:43:13.355965+09:00,동대문 관광특구,동대문 관광특구,POI002,KEY_3,475.DDP 패션몰,ST-1781,95,20,21,127.0118103,37.56764984
2026-06-15T00:43:13.355965+09:00,동대문 관광특구,동대문 관광특구,POI002,KEY_3,6061.충무아트센터,ST-3381,160,16,10,127.01522064,37.56538773
2026-06-15T00:43:13.355965+09:00,동대문 관광특구,동대문 관광특구,POI002,KEY_3,4765. 동대문디자인플라자,ST-2431,85,17,20,127.00946045,37.5683136
2026-06-15T00:43:13.355965+09:00,명동 관광특구,명동 관광특구,POI003,KEY_4,324. 신세계백화점 본점 앞,ST-140,0,0,8,126.9805069,37.56134415
2026-06-15T00:43:13.355965+09:00,명동 관광특구,명동 관광특구,POI003,KEY_4,310. 청계광장 옆,ST-126,0,0,8,126.9774704,37.56887817
2026-06-15T00:43:13.355965+09:00,명동 관광특구,명동 관광특구,POI003,KEY_4,466.롯데호텔,ST-1772,0,0,13,126.97981262,37.56584167
2026-06-15T00:43:13.355965+09:00,명동 관광특구,명동 관광특구,POI003,KEY_4,321. KEB 하나금융그룹 명동사옥 옆,ST-137,0,0,15,126.98413849,37.56546402
2026-06-15T00:43:13.355965+09:00,명동 관광특구,명동 관광특구,POI003,KEY_4,433. 을지로입구역 2번출구,ST-1668,0,0,12,126.98229218,37.56634521
2026-06-15T00:43:13.355965+09:00,명동 관광특구,명동 관광특구,POI003,KEY_4,322. 명동성당 앞,ST-138,0,0,10,126.98696899,37.56447601
2026-06-15T00:43:13.355965+09:00,명동 관광특구,명동 관광특구,POI003,KEY_4,318. 광교사거리 남측,ST-134,0,0,10,126.98231506,37.56863403
2026-06-15T00:43:13.355965+09:00,명동 관광특구,명동 관광특구,POI003,KEY_4,320. 을지로입구역 4번출구 앞,ST-136,0,0,17,126.98358917,37.56622314
2026-06-15T00:43:13.355965+09:00,명동 관광특구,명동 관광특구,POI003,KEY_4,331. 을지로2가 사거리 북측,ST-147,0,0,10,126.98720551,37.56638336
2026-06-15T00:43:13.355965+09:00,명동 관광특구,명동 관광특구,POI003,KEY_4,398. 을지로3가역 3번출구,ST-1435,0,0,8,126.99249268,37.56660461
2026-06-15T00:43:13.355965+09:00,명동 관광특구,명동 관광특구,POI003,KEY_4,3013.서울지방고용노동청 앞,ST-2422,0,0,7,126.98725891,37.56760406
2026-06-15T00:43:13.355965+09:00,명동 관광특구,명동 관광특구,POI003,KEY_4,4775. 을지로지하쇼핑센터,ST-2521,0,0,10,126.98445129,37.56589127
2026-06-15T00:43:13.355965+09:00,명동 관광특구,명동 관광특구,POI003,KEY_4,4762. 국제빌딩,ST-2517,0,0,10,126.98244476,37.56694794
2026-06-15T00:43:13.355965+09:00,명동 관광특구,명동 관광특구,POI003,KEY_4,4774. 을지로입구역 8번출구,ST-2520,0,0,9,126.98178101,37.56590271
2026-06-15T00:43:13.355965+09:00,명동 관광특구,명동 관광특구,POI003,KEY_4,6058. 시청역 2번출구,ST-3297,7,1,15,126.97702026,37.56557846
2026-06-15T00:43:13.355965+09:00,명동 관광특구,명동 관광특구,POI003,KEY_4,4791. 명동역9번 출구,ST-2527,0,0,10,126.98749542,37.56122589
2026-06-15T00:43:13.355965+09:00,명동 관광특구,명동 관광특구,POI003,KEY_4,4776. 신세계면세점,ST-2522,0,0,10,126.98139191,37.56027603
2026-06-15T00:43:13.355965+09:00,명동 관광특구,명동 관광특구,POI003,KEY_4,4796. 서울시청,ST-2693,0,0,20,126.97925568,37.5664711
2026-06-15T00:43:13.355965+09:00,이태원 관광특구,이태원 관광특구,POI004,KEY_1,854.HID 유족동지회 앞,ST-2178,0,0,10,127.0014801,37.53850937
2026-06-15T00:43:13.355965+09:00,이태원 관광특구,이태원 관광특구,POI004,KEY_1,857. 현대 안성타워,ST-2181,0,0,10,126.99797058,37.53508759
2026-06-15T00:43:13.355965+09:00,이태원 관광특구,이태원 관광특구,POI004,KEY_1,843. 이태원관광특구 입구(용산구청방향),ST-1445,21,4,19,126.98867035,37.53379822
2026-06-15T00:43:13.355965+09:00,이태원 관광특구,이태원 관광특구,POI004,KEY_1,4634. 이태원역 3번 출구,ST-3056,20,1,5,126.99497223,37.5343895
2026-06-15T00:43:13.355965+09:00,이태원 관광특구,이태원 관광특구,POI004,KEY_1,4613. 서울갤러리아 앞,ST-2445,0,0,5,126.99937439,37.53597641
2026-06-15T00:43:13.355965+09:00,이태원 관광특구,이태원 관광특구,POI004,KEY_1,4612. 이태원로 255,ST-2444,20,1,5,127.00084686,37.53749847
2026-06-15T00:43:13.355965+09:00,이태원 관광특구,이태원 관광특구,POI004,KEY_1,4623. 라인프랜즈이태원점 앞,ST-2453,10,1,10,126.99619293,37.53453064
2026-06-15T00:43:13.355965+09:00,잠실 관광특구,잠실 관광특구,POI005,KEY_2,1232. 잠실주공 521동 건너편,ST-550,0,0,10,127.09568787,37.51184082
2026-06-15T00:43:13.355965+09:00,잠실 관광특구,잠실 관광특구,POI005,KEY_2,1210. 롯데월드타워(잠실역2번출구 쪽),ST-891,0,0,30,127.10095978,37.51312637
2026-06-15T00:43:13.355965+09:00,잠실 관광특구,잠실 관광특구,POI005,KEY_2,1267. 올림픽공원 남2문 앞,ST-1086,43,6,14,127.12306976,37.51424026
2026-06-15T00:43:13.355965+09:00,잠실 관광특구,잠실 관광특구,POI005,KEY_2,1268. 몽촌토성역 1번출구 옆,ST-1087,7,1,15,127.11419678,37.51728821
2026-06-15T00:43:13.355965+09:00,잠실 관광특구,잠실 관광특구,POI005,KEY_2,1297. 석촌호수교차로(동호 팔각정 앞),ST-1586,0,0,15,127.10411835,37.50920105
2026-06-15T00:43:13.355965+09:00,잠실 관광특구,잠실 관광특구,POI005,KEY_2,1233. 잠실3거리(갤러리아팰리스),ST-551,56,5,9,127.09336853,37.51050949
2026-06-15T00:43:13.355965+09:00,잠실 관광특구,잠실 관광특구,POI005,KEY_2,1296. 석촌호수교차로 (송파나루근린공원 앞),ST-1585,0,0,10,127.1034317,37.50867844
2026-06-15T00:43:13.355965+09:00,잠실 관광특구,잠실 관광특구,POI005,KEY_2,2601. 석촌호수 아뜰리에,ST-1590,13,2,16,127.09883118,37.5067482
2026-06-15T00:43:13.355965+09:00,잠실 관광특구,잠실 관광특구,POI005,KEY_2,2647.잠실 자전거 수리센터 앞,ST-1868,0,0,7,127.10114288,37.51100922
2026-06-15T00:43:13.355965+09:00,잠실 관광특구,잠실 관광특구,POI005,KEY_2,2608. 송파구청,ST-1681,20,2,10,127.10611725,37.51499176
2026-06-15T00:43:13.355965+09:00,잠실 관광특구,잠실 관광특구,POI005,KEY_2,2622. 올림픽공원역 3번출구,ST-1720,5,1,20,127.13059235,37.51625824
2026-06-15T00:43:13.355965+09:00,잠실 관광특구,잠실 관광특구,POI005,KEY_2,2621. 한성백제역 2번 출구,ST-1719,13,2,15,127.11625671,37.51665878
2026-06-15T00:43:13.355965+09:00,잠실 관광특구,잠실 관광특구,POI005,KEY_2,5781. 올림픽공원 수영장,ST-3300,93,13,14,127.12688446,37.52157211
2026-06-15T00:43:13.355965+09:00,잠실 관광특구,잠실 관광특구,POI005,KEY_2,4856. 올림픽공원 서1문 앞,ST-2608,90,9,10,127.11457062,37.5202179
2026-06-15T00:43:13.355965+09:00,잠실 관광특구,잠실 관광특구,POI005,KEY_2,4870. 몽촌토성역 3번 출구,ST-2876,100,10,10,127.11232758,37.5170784
2026-06-15T00:43:13.355965+09:00,잠실 관광특구,잠실 관광특구,POI005,KEY_2,5751. 송파여성축구장,ST-3069,0,0,10,127.11743927,37.52471542
2026-06-15T00:43:13.355965+09:00,잠실 관광특구,잠실 관광특구,POI005,KEY_2,4464. 올림픽공원 북2문 A,ST-2580,27,4,15,127.12804413,37.52357483
2026-06-15T00:43:13.355965+09:00,잠실 관광특구,잠실 관광특구,POI005,KEY_2,5768.방이삼거리,ST-3214,0,0,12,127.10822296,37.51237488
2026-06-15T00:43:13.355965+09:00,잠실 관광특구,잠실 관광특구,POI005,KEY_2,4481. 올림픽공원 북2문 B,ST-2592,92,23,25,127.12751007,37.52397537
2026-06-15T00:43:13.355965+09:00,잠실 관광특구,잠실 관광특구,POI005,KEY_2,4857. 올림픽공원 장미광장,ST-2621,0,0,15,127.126297,37.51275635
2026-06-15T00:43:13.355965+09:00,잠실 관광특구,잠실 관광특구,POI005,KEY_2,4868. 석촌호수 서호 남단,ST-2833,60,6,10,127.10124207,37.50717163
2026-06-15T00:43:13.355965+09:00,잠실 관광특구,잠실 관광특구,POI005,KEY_2,4865. 한성백제역 1번출구 뒤,ST-2797,120,6,5,127.1149826,37.51647949
2026-06-15T00:43:13.355965+09:00,잠실 관광특구,잠실 관광특구,POI005,KEY_2,4862. 성내교 남단,ST-2756,70,7,10,127.11588287,37.52301788
2026-06-15T00:43:13.355965+09:00,종로·청계 관광특구,종로·청계 관광특구,POI006,KEY_3,455. 종로6가역 버스정류장(동대문 방향),ST-1608,63,5,8,127.00605774,37.570961
2026-06-15T00:43:13.355965+09:00,종로·청계 관광특구,종로·청계 관광특구,POI006,KEY_3,397. 종묘공영주차장 건너편,ST-1432,15,2,13,126.99663544,37.57048035
2026-06-15T00:43:13.355965+09:00,종로·청계 관광특구,종로·청계 관광특구,POI006,KEY_3,368. SK 서린빌딩 앞,ST-181,0,0,15,126.98053741,37.5692482
2026-06-15T00:43:13.355965+09:00,종로·청계 관광특구,종로·청계 관광특구,POI006,KEY_3,335. 종로3가역 15번출구 뒤,ST-151,20,2,10,126.99165344,37.57019424
2026-06-15T00:43:13.355965+09:00,종로·청계 관광특구,종로·청계 관광특구,POI006,KEY_3,385. 종각역 5번출구,ST-336,0,0,10,126.98265839,37.56983566
2026-06-15T00:43:13.355965+09:00,종로·청계 관광특구,종로·청계 관광특구,POI006,KEY_3,393. 동대문역 8번 출구,ST-1372,50,6,12,127.00937653,37.57014084
2026-06-15T00:43:13.355965+09:00,종로·청계 관광특구,종로·청계 관광특구,POI006,KEY_3,329. 청계2가 사거리 옆,ST-145,25,2,8,126.98788452,37.56848526
2026-06-15T00:43:13.355965+09:00,종로·청계 관광특구,종로·청계 관광특구,POI006,KEY_3,3412.세운상가,ST-1809,0,0,15,126.99454498,37.5703125
2026-06-15T00:43:13.355965+09:00,종로·청계 관광특구,종로·청계 관광특구,POI006,KEY_3,3432.종로2가 사거리,ST-1829,7,1,14,126.98880768,37.57001877
2026-06-15T00:43:13.355965+09:00,종로·청계 관광특구,종로·청계 관광특구,POI006,KEY_3,3415.동대문역6번출구,ST-1812,133,20,15,127.0107193,37.57147217
2026-06-15T00:43:13.355965+09:00,종로·청계 관광특구,종로·청계 관광특구,POI006,KEY_3,4707. 청계3가 사거리,ST-2513,60,3,5,126.99211884,37.56855774
2026-06-15T00:43:13.355965+09:00,홍대 관광특구,홍대 관광특구,POI007,KEY_4,113. 홍대입구역 2번출구 앞,ST-18,4,1,28,126.9238205,37.5574379
2026-06-15T00:43:13.355965+09:00,홍대 관광특구,홍대 관광특구,POI007,KEY_4,493.홍대입구역 6번출구,ST-2152,0,0,7,126.9288559,37.55657578
2026-06-15T00:43:13.355965+09:00,홍대 관광특구,홍대 관광특구,POI007,KEY_4,104. 합정역 1번출구 앞,ST-6,8,1,13,126.91508484,37.55073929
2026-06-15T00:43:13.355965+09:00,홍대 관광특구,홍대 관광특구,POI007,KEY_4,108. 서교동 사거리,ST-10,0,0,12,126.91861725,37.55274582
2026-06-15T00:43:13.355965+09:00,홍대 관광특구,홍대 관광특구,POI007,KEY_4,114. 홍대입구역 8번출구 앞,ST-20,0,0,15,126.92442322,37.55706024
2026-06-15T00:43:13.355965+09:00,홍대 관광특구,홍대 관광특구,POI007,KEY_4,3010.홍대입구역 3번출구,ST-2168,0,0,15,126.92538452,37.5582962
2026-06-15T00:43:13.355965+09:00,홍대 관광특구,홍대 관광특구,POI007,KEY_4,3009. 홍대입구역 사거리,ST-2167,0,0,20,126.92023468,37.55450058
2026-06-15T00:43:13.355965+09:00,홍대 관광특구,홍대 관광특구,POI007,KEY_4,4208. 스타벅스(동교동) 앞,ST-2532,10,1,10,126.91986847,37.5566597
2026-06-15T00:43:13.355965+09:00,홍대 관광특구,홍대 관광특구,POI007,KEY_4,4211. 시석빌딩 앞,ST-2534,38,3,8,126.91671753,37.54836655
2026-06-15T00:43:13.355965+09:00,국립중앙박물관·용산가족공원,국립중앙박물관·용산가족공원,POI089,KEY_1,855.이촌역5번출구 앞,ST-2179,100,10,10,126.97277069,37.52272415
2026-06-15T00:43:13.355965+09:00,국립중앙박물관·용산가족공원,국립중앙박물관·용산가족공원,POI089,KEY_1,863.이촌역2번 출구,ST-2187,20,2,10,126.977005,37.52177048
2026-06-15T00:43:13.355965+09:00,남산공원,남산공원,POI091,KEY_3,859.남산공원 야외식물원 앞,ST-2183,0,0,10,126.99586487,37.54188538
2026-06-15T00:43:13.355965+09:00,남산공원,남산공원,POI091,KEY_3,371. 동대입구역 6번출구 뒤,ST-186,10,1,10,127.00553894,37.55887222
2026-06-15T00:43:13.355965+09:00,남산공원,남산공원,POI091,KEY_3,381. 장충체육관,ST-196,10,1,10,127.00698853,37.55853271
2026-06-15T00:43:13.355965+09:00,남산공원,남산공원,POI091,KEY_3,4621. 남산도서관 앞,ST-3054,0,0,12,126.98201752,37.55240631
2026-06-15T00:43:13.355965+09:00,노들섬,노들섬,POI092,KEY_4,869.노들섬 동측 앞,ST-2239,60,6,10,126.95914459,37.51729584
2026-06-15T00:43:13.355965+09:00,노들섬,노들섬,POI092,KEY_4,870.노들섬 서측 앞,ST-2240,100,10,10,126.95829773,37.51731873
2026-06-15T00:43:13.355965+09:00,망원한강공원,망원한강공원,POI094,KEY_2,105. 합정역 5번출구 앞,ST-7,60,3,5,126.91482544,37.55000687
2026-06-15T00:43:13.355965+09:00,망원한강공원,망원한강공원,POI094,KEY_2,4217. 한강공원 망원나들목,ST-2905,20,4,20,126.89688873,37.55557632
2026-06-15T00:43:13.355965+09:00,망원한강공원,망원한강공원,POI094,KEY_2,5515.한강버스 망원 선착장,ST-3388,100,30,30,126.89590454,37.55466461
2026-06-15T00:43:13.355965+09:00,보라매공원,보라매공원,POI123,KEY_4,4181. 보라매공원역 2번출구,ST-3117,50,3,6,126.91781616,37.49582291
2026-06-15T00:43:13.355965+09:00,보라매공원,보라매공원,POI123,KEY_4,4179. 보라매병원역 1번출구,ST-3105,150,30,20,126.92362976,37.49304199
2026-06-15T00:43:13.355965+09:00,북서울꿈의숲,북서울꿈의숲,POI096,KEY_1,1548. 북서울 꿈의숲 서문,ST-1725,47,7,15,127.03781128,37.62268829
2026-06-15T00:43:13.355965+09:00,북서울꿈의숲,북서울꿈의숲,POI096,KEY_1,3718. 번동3단지 버스정류장,ST-2610,182,20,11,127.04390717,37.628685
2026-06-15T00:43:13.355965+09:00,북서울꿈의숲,북서울꿈의숲,POI096,KEY_1,1571.북서울 꿈의 숲 입구,ST-2401,140,14,10,127.03864288,37.62657166
2026-06-15T00:43:13.355965+09:00,서대문독립공원,서대문독립공원,POI124,KEY_2,367. 독립문역 3-1번출구,ST-180,169,22,13,126.95851898,37.57415771
2026-06-15T00:43:13.355965+09:00,서대문독립공원,서대문독립공원,POI124,KEY_2,3113. 독립문 앞,ST-2199,80,12,15,126.95974731,37.57220459
2026-06-15T00:43:13.355965+09:00,서대문독립공원,서대문독립공원,POI124,KEY_2,3427.인왕산 아이파크 정문,ST-1824,250,20,8,126.95584869,37.57666779
2026-06-15T00:43:13.355965+09:00,서대문독립공원,서대문독립공원,POI124,KEY_2,3426.독립문역 2번출구 뒤,ST-1823,140,14,10,126.95755005,37.57501602
2026-06-15T00:43:13.355965+09:00,서리풀공원·몽마르뜨공원,서리풀공원·몽마르뜨공원,POI098,KEY_3,4316. 고속터미널역 3번출구,ST-2667,20,5,25,127.0059433,37.50365829
2026-06-15T00:43:13.355965+09:00,서리풀공원·몽마르뜨공원,서리풀공원·몽마르뜨공원,POI098,KEY_3,4327. 몽마르뜨공원입구,ST-3009,64,7,11,127.0026474,37.4928894
2026-06-15T00:43:13.355965+09:00,서리풀공원·몽마르뜨공원,서리풀공원·몽마르뜨공원,POI098,KEY_3,4312. 반포미도2차아파트 옆,ST-2663,30,3,10,127.00653076,37.50320435
2026-06-15T00:43:13.355965+09:00,서울숲공원,서울숲공원,POI101,KEY_1,510. 뚝도아리수정수센터 버스정류소 옆,ST-107,193,29,15,127.04380035,37.54122162
2026-06-15T00:43:13.355965+09:00,서울숲공원,서울숲공원,POI101,KEY_1,3552.서울숲 공영주차장앞,ST-2334,100,19,19,127.04277039,37.54195786
2026-06-15T00:43:13.355965+09:00,서울숲공원,서울숲공원,POI101,KEY_1,4401.뚝섬유수지 공영주차장,ST-3393,50,5,10,127.042099,37.55018234
2026-06-15T00:43:13.355965+09:00,송현녹지광장,송현녹지광장,POI129,KEY_2,354. 포르투갈 대사관 앞,ST-170,20,2,10,126.98896027,37.57915497
2026-06-15T00:43:13.355965+09:00,송현녹지광장,송현녹지광장,POI129,KEY_2,353. 재동초교 앞 삼거리,ST-169,13,1,8,126.9849472,37.57938766
2026-06-15T00:43:13.355965+09:00,송현녹지광장,송현녹지광장,POI129,KEY_2,314. 국립현대미술관,ST-130,0,0,10,126.98085785,37.5797081
2026-06-15T00:43:13.355965+09:00,송현녹지광장,송현녹지광장,POI129,KEY_2,3407.안국동사거리(신),ST-1804,6,1,18,126.98339081,37.57580566
2026-06-15T00:43:13.355965+09:00,송현녹지광장,송현녹지광장,POI129,KEY_2,4719. 종로문화원 건너편,ST-3090,0,0,15,126.9805069,37.57571411
2026-06-15T00:43:13.355965+09:00,송현녹지광장,송현녹지광장,POI129,KEY_2,4705. 웰니스센터(민방위교육장 앞),ST-2565,50,3,6,126.98912811,37.57752991
2026-06-15T00:43:13.355965+09:00,어린이대공원,어린이대공원,POI104,KEY_2,573. 구의문주차장 앞,ST-384,130,13,10,127.08473206,37.54523087
2026-06-15T00:43:13.355965+09:00,어린이대공원,어린이대공원,POI104,KEY_2,574. 아차산역4번출구,ST-385,118,26,22,127.08898163,37.55184937
2026-06-15T00:43:13.355965+09:00,어린이대공원,어린이대공원,POI104,KEY_2,500. 어린이대공원역 3번출구 앞,ST-97,300,15,5,127.07466888,37.54697037
2026-06-15T00:43:13.355965+09:00,어린이대공원,어린이대공원,POI104,KEY_2,3573.광나루안전체험관,ST-2312,107,16,15,127.07671356,37.5513382
2026-06-15T00:43:13.355965+09:00,어린이대공원,어린이대공원,POI104,KEY_2,3853. 어린이대공원역 2번출구,ST-2541,39,7,18,127.07470703,37.54764938
2026-06-15T00:43:13.355965+09:00,어린이대공원,어린이대공원,POI104,KEY_2,3507. 어린이회관,ST-1192,61,19,31,127.07800293,37.54595184
2026-06-15T00:43:13.355965+09:00,어린이대공원,어린이대공원,POI104,KEY_2,3860. 건국대학교 정문 앞,ST-2542,140,14,10,127.07571411,37.5465126
2026-06-15T00:43:13.355965+09:00,어린이대공원,어린이대공원,POI104,KEY_2,3529. 어린이대공원정문,ST-1603,53,8,15,127.07592773,37.54978943
2026-06-15T00:43:13.355965+09:00,여의도한강공원,여의도한강공원,POI105,KEY_3,260. 여의도 마리나선착장 앞,ST-414,100,15,15,126.91216278,37.53365707
2026-06-15T00:43:13.355965+09:00,여의도한강공원,여의도한강공원,POI105,KEY_3,249. 여의도중학교 옆,ST-297,31,5,16,126.93580627,37.52457809
2026-06-15T00:43:13.355965+09:00,여의도한강공원,여의도한강공원,POI105,KEY_3,5891.한강버스 여의도 선착장,ST-3402,47,14,30,126.93422699,37.52816391
2026-06-15T00:43:13.355965+09:00,여의도한강공원,여의도한강공원,POI105,KEY_3,5890.여의나루역 3번출구,ST-3401,73,8,11,126.93336487,37.52645493
2026-06-15T00:43:13.355965+09:00,여의서로,여의서로,POI126,KEY_4,260. 여의도 마리나선착장 앞,ST-414,100,15,15,126.91216278,37.53365707
2026-06-15T00:43:13.355965+09:00,여의서로,여의서로,POI126,KEY_4,298.KBS 연구동 건너편,ST-1970,60,15,25,126.91374207,37.52724838
2026-06-15T00:43:13.355965+09:00,여의서로,여의서로,POI126,KEY_4,297.국회3문,ST-1969,10,1,10,126.91267395,37.52863693
2026-06-15T00:43:13.355965+09:00,올림픽공원,올림픽공원,POI127,KEY_1,1267. 올림픽공원 남2문 앞,ST-1086,43,6,14,127.12306976,37.51424026
2026-06-15T00:43:13.355965+09:00,올림픽공원,올림픽공원,POI127,KEY_1,1268. 몽촌토성역 1번출구 옆,ST-1087,7,1,15,127.11419678,37.51728821
2026-06-15T00:43:13.355965+09:00,올림픽공원,올림픽공원,POI127,KEY_1,2622. 올림픽공원역 3번출구,ST-1720,5,1,20,127.13059235,37.51625824
2026-06-15T00:43:13.355965+09:00,올림픽공원,올림픽공원,POI127,KEY_1,2621. 한성백제역 2번 출구,ST-1719,13,2,15,127.11625671,37.51665878
2026-06-15T00:43:13.355965+09:00,올림픽공원,올림픽공원,POI127,KEY_1,5781. 올림픽공원 수영장,ST-3300,93,13,14,127.12688446,37.52157211
2026-06-15T00:43:13.355965+09:00,올림픽공원,올림픽공원,POI127,KEY_1,4856. 올림픽공원 서1문 앞,ST-2608,90,9,10,127.11457062,37.5202179
2026-06-15T00:43:13.355965+09:00,올림픽공원,올림픽공원,POI127,KEY_1,5751. 송파여성축구장,ST-3069,0,0,10,127.11743927,37.52471542
2026-06-15T00:43:13.355965+09:00,올림픽공원,올림픽공원,POI127,KEY_1,4464. 올림픽공원 북2문 A,ST-2580,27,4,15,127.12804413,37.52357483
2026-06-15T00:43:13.355965+09:00,올림픽공원,올림픽공원,POI127,KEY_1,4481. 올림픽공원 북2문 B,ST-2592,92,23,25,127.12751007,37.52397537
2026-06-15T00:43:13.355965+09:00,올림픽공원,올림픽공원,POI127,KEY_1,4857. 올림픽공원 장미광장,ST-2621,0,0,15,127.126297,37.51275635
2026-06-15T00:43:13.355965+09:00,올림픽공원,올림픽공원,POI127,KEY_1,4865. 한성백제역 1번출구 뒤,ST-2797,120,6,5,127.1149826,37.51647949
2026-06-15T00:43:13.355965+09:00,올림픽공원,올림픽공원,POI127,KEY_1,4862. 성내교 남단,ST-2756,70,7,10,127.11588287,37.52301788
2026-06-15T00:43:13.355965+09:00,월드컵공원,월드컵공원,POI106,KEY_2,186. 월드컵공원,ST-344,220,88,40,126.89820862,37.56396484
2026-06-15T00:43:13.355965+09:00,월드컵공원,월드컵공원,POI106,KEY_2,419. 홈플러스 마포점 앞,ST-87,148,31,21,126.89942932,37.56842041
2026-06-15T00:43:13.355965+09:00,월드컵공원,월드컵공원,POI106,KEY_2,418. 월드컵경기장역 3번출구 옆,ST-89,15,3,20,126.8992691,37.57277679
2026-06-15T00:43:13.355965+09:00,월드컵공원,월드컵공원,POI106,KEY_2,199. 서울 월드컵 경기장,ST-443,97,29,30,126.89644623,37.56684494
2026-06-15T00:43:13.355965+09:00,월드컵공원,월드컵공원,POI106,KEY_2,440. 하늘공원 입구,ST-1754,73,11,15,126.88134766,37.57012177
2026-06-15T00:43:13.355965+09:00,월드컵공원,월드컵공원,POI106,KEY_2,413. 상암월드컵파크 3단지 후문,ST-92,170,17,10,126.88968658,37.57147598
2026-06-15T00:43:13.355965+09:00,월드컵공원,월드컵공원,POI106,KEY_2,420. 서울시 공공자전거 상암센터,ST-85,114,42,37,126.8961792,37.56624603
2026-06-15T00:43:13.355965+09:00,월드컵공원,월드컵공원,POI106,KEY_2,3008.DMC역7번출구,ST-2166,70,7,10,126.89836121,37.57711411
2026-06-15T00:43:13.355965+09:00,응봉산,응봉산,POI107,KEY_3,569. 응봉현대아파트 정류소,ST-370,10,1,10,127.03024292,37.54958344
2026-06-15T00:43:13.355965+09:00,응봉산,응봉산,POI107,KEY_3,3511. 응봉역 1번출구,ST-1195,230,23,10,127.0351944,37.55130386
2026-06-15T00:43:13.355965+09:00,응봉산,응봉산,POI107,KEY_3,3525. 금호스포츠센터앞,ST-1599,73,11,15,127.02507019,37.54608917
2026-06-15T00:43:13.355965+09:00,청계산,청계산,POI112,KEY_4,2203. 청계산입구역 2번출구,ST-925,130,13,10,127.05501556,37.44765854
2026-06-15T00:43:13.355965+09:00,청계산,청계산,POI112,KEY_4,4338.새정이마을버스정류장 앞,ST-3216,60,3,5,127.06594849,37.43474579
2026-06-15T00:43:13.355965+09:00,가락시장,가락시장,POI058,KEY_2,2658.가락몰 업무동,ST-2409,150,15,10,127.11569214,37.49535751
2026-06-15T00:43:13.355965+09:00,가락시장,가락시장,POI058,KEY_2,2659.서울친환경유통센터,ST-2410,40,4,10,127.10492706,37.49420929
2026-06-15T00:43:13.355965+09:00,가락시장,가락시장,POI058,KEY_2,4854. 가락시장역 2번 출구,ST-2606,80,8,10,127.11798859,37.492733
2026-06-15T00:43:13.355965+09:00,가락시장,가락시장,POI058,KEY_2,4480. 가락시장 남1문 사거리,ST-2591,87,13,15,127.11745453,37.49201584
2026-06-15T00:43:13.355965+09:00,가로수길,가로수길,POI059,KEY_3,2362. 신사동 가로수길 입구,ST-1171,0,0,10,127.02245331,37.51763535
2026-06-15T00:43:13.355965+09:00,가로수길,가로수길,POI059,KEY_3,3606. 신사동주민센터 옆,ST-2673,110,11,10,127.02285004,37.52422714
2026-06-15T00:43:13.355965+09:00,가로수길,가로수길,POI059,KEY_3,4903. 신사스퀘어,ST-3066,0,0,10,127.0189743,37.51916885
2026-06-15T00:43:13.355965+09:00,가로수길,가로수길,POI059,KEY_3,4907. 극동스포츠 앞,ST-3078,340,17,5,127.02588654,37.5257225
2026-06-15T00:43:13.355965+09:00,김포공항,김포공항,POI061,KEY_1,3776. 김포공항사거리,ST-2484,90,9,10,126.80518341,37.5675354
2026-06-15T00:43:13.355965+09:00,김포공항,김포공항,POI061,KEY_1,5072. 김포공항입구 교통섬,ST-2947,60,6,10,126.80708313,37.56154633
2026-06-15T00:43:13.355965+09:00,남대문시장,남대문시장,POI115,KEY_2,324. 신세계백화점 본점 앞,ST-140,0,0,8,126.9805069,37.56134415
2026-06-15T00:43:13.355965+09:00,남대문시장,남대문시장,POI115,KEY_2,470.회현역 7번출구,ST-1776,0,0,13,126.98000336,37.55974579
2026-06-15T00:43:13.355965+09:00,남대문시장,남대문시장,POI115,KEY_2,4776. 신세계면세점,ST-2522,0,0,10,126.98139191,37.56027603
2026-06-15T00:43:13.355965+09:00,노량진,노량진,POI063,KEY_3,2003. 사육신공원앞,ST-877,80,8,10,126.94805908,37.51335907
2026-06-15T00:43:13.355965+09:00,노량진,노량진,POI063,KEY_3,2002. 노들역 1번출구,ST-683,141,24,17,126.95246887,37.51284409
2026-06-15T00:43:13.355965+09:00,노량진,노량진,POI063,KEY_3,2070. 노량진역 2번 출구 앞,ST-1545,56,10,18,126.94306946,37.51391983
2026-06-15T00:43:13.355965+09:00,노량진,노량진,POI063,KEY_3,2058. 동작경찰서,ST-1150,164,23,14,126.94352722,37.5135231
2026-06-15T00:43:13.355965+09:00,노량진,노량진,POI063,KEY_3,2050. 노량진역 5번출구,ST-699,120,18,15,126.93997192,37.51324844
2026-06-15T00:43:13.355965+09:00,덕수궁길·정동길,덕수궁길·정동길,POI064,KEY_4,300. 정동사거리,ST-116,17,1,6,126.96923065,37.56805038
2026-06-15T00:43:13.355965+09:00,덕수궁길·정동길,덕수궁길·정동길,POI064,KEY_4,391. 시립미술관,ST-977,0,0,8,126.97340393,37.56505203
2026-06-15T00:43:13.355965+09:00,덕수궁길·정동길,덕수궁길·정동길,POI064,KEY_4,6058. 시청역 2번출구,ST-3297,7,1,15,126.97702026,37.56557846
2026-06-15T00:43:13.355965+09:00,덕수궁길·정동길,덕수궁길·정동길,POI064,KEY_4,4715. 돈의문 박물관 마을,ST-2923,13,2,15,126.96955109,37.56883621
2026-06-15T00:43:13.355965+09:00,북촌한옥마을,북촌한옥마을,POI066,KEY_2,451. 청와대앞길,ST-979,0,0,8,126.97966766,37.58351517
2026-06-15T00:43:13.355965+09:00,북촌한옥마을,북촌한옥마을,POI066,KEY_2,465. 삼청공원 앞,ST-1759,0,0,5,126.9835968,37.58760452
2026-06-15T00:43:13.355965+09:00,북촌한옥마을,북촌한옥마을,POI066,KEY_2,354. 포르투갈 대사관 앞,ST-170,20,2,10,126.98896027,37.57915497
2026-06-15T00:43:13.355965+09:00,북촌한옥마을,북촌한옥마을,POI066,KEY_2,352. 중앙고입구 삼거리,ST-168,0,0,10,126.98523712,37.58341599
2026-06-15T00:43:13.355965+09:00,북촌한옥마을,북촌한옥마을,POI066,KEY_2,353. 재동초교 앞 삼거리,ST-169,13,1,8,126.9849472,37.57938766
2026-06-15T00:43:13.355965+09:00,북촌한옥마을,북촌한옥마을,POI066,KEY_2,314. 국립현대미술관,ST-130,0,0,10,126.98085785,37.5797081
2026-06-15T00:43:13.355965+09:00,북촌한옥마을,북촌한옥마을,POI066,KEY_2,464. 삼청동 골목,ST-1756,0,0,10,126.98169708,37.58419037
2026-06-15T00:43:13.355965+09:00,북촌한옥마을,북촌한옥마을,POI066,KEY_2,3407.안국동사거리(신),ST-1804,6,1,18,126.98339081,37.57580566
2026-06-15T00:43:13.355965+09:00,북촌한옥마을,북촌한옥마을,POI066,KEY_2,4719. 종로문화원 건너편,ST-3090,0,0,15,126.9805069,37.57571411
2026-06-15T00:43:13.355965+09:00,북촌한옥마을,북촌한옥마을,POI066,KEY_2,4705. 웰니스센터(민방위교육장 앞),ST-2565,50,3,6,126.98912811,37.57752991
2026-06-15T00:43:13.355965+09:00,서촌,서촌,POI067,KEY_3,450. 효자동 삼거리,ST-978,10,5,51,126.97254944,37.58360291
2026-06-15T00:43:13.355965+09:00,서촌,서촌,POI067,KEY_3,349. 어린이도서관,ST-165,60,3,5,126.96858978,37.57633209
2026-06-15T00:43:13.355965+09:00,서촌,서촌,POI067,KEY_3,4721. 통인시장 정자,ST-3354,138,11,8,126.96878815,37.58055878
2026-06-15T00:43:13.355965+09:00,서촌,서촌,POI067,KEY_3,4710. 자교교회 앞,ST-2473,125,10,8,126.97123718,37.58114624
2026-06-15T00:43:13.355965+09:00,성수카페거리,성수카페거리,POI068,KEY_4,587. 유니베라 앞,ST-482,70,7,10,127.05264282,37.54541779
2026-06-15T00:43:13.355965+09:00,성수카페거리,성수카페거리,POI068,KEY_4,514. 성수사거리 버스정류장 앞,ST-112,17,2,12,127.06330872,37.54257965
2026-06-15T00:43:13.355965+09:00,성수카페거리,성수카페거리,POI068,KEY_4,513. 뚝섬역 5번 출구 정류소 옆,ST-111,15,2,13,127.04980469,37.54630661
2026-06-15T00:43:13.355965+09:00,성수카페거리,성수카페거리,POI068,KEY_4,3548.뚝섬역 6번출구,ST-2330,0,0,10,127.04766846,37.54695892
2026-06-15T00:43:13.355965+09:00,성수카페거리,성수카페거리,POI068,KEY_4,4399. 더리브 세종타워 앞,ST-3326,14,1,7,127.0580368,37.54378128
2026-06-15T00:43:13.355965+09:00,성수카페거리,성수카페거리,POI068,KEY_4,4387. 성수역 1번출구 주변,ST-3121,38,3,8,127.05336761,37.54555893
2026-06-15T00:43:13.355965+09:00,성수카페거리,성수카페거리,POI068,KEY_4,4377. 우영테크노센터 앞,ST-3003,125,10,8,127.05971527,37.54332352
2026-06-15T00:43:13.355965+09:00,성수카페거리,성수카페거리,POI068,KEY_4,4398. 유원지식산업센터 앞,ST-3325,33,4,12,127.05593109,37.54436493
2026-06-15T00:43:13.355965+09:00,송리단길·호수단길,송리단길·호수단길,POI121,KEY_1,2639.석촌역 8번출구,ST-1866,33,6,18,127.10657501,37.50550461
2026-06-15T00:43:13.355965+09:00,송리단길·호수단길,송리단길·호수단길,POI121,KEY_1,4868. 석촌호수 서호 남단,ST-2833,60,6,10,127.10124207,37.50717163
2026-06-15T00:43:13.355965+09:00,신촌 스타광장,신촌 스타광장,POI122,KEY_2,128. 신촌역(2호선) 1번출구 옆,ST-30,0,0,19,126.93634033,37.55549622
2026-06-15T00:43:13.355965+09:00,신촌 스타광장,신촌 스타광장,POI122,KEY_2,3116.신촌역 4번출구,ST-2201,0,0,10,126.93720245,37.55550385
2026-06-15T00:43:13.355965+09:00,압구정로데오거리,압구정로데오거리,POI071,KEY_3,2365. K+ 타워 앞,ST-1174,27,4,15,127.03847504,37.52330017
2026-06-15T00:43:13.355965+09:00,압구정로데오거리,압구정로데오거리,POI071,KEY_3,2310. 청담동 맥도날드 옆(위치),ST-794,50,5,10,127.04017639,37.52361298
2026-06-15T00:43:13.355965+09:00,여의도,여의도,POI072,KEY_4,222. 시범아파트버스정류장 옆,ST-68,142,17,12,126.93688965,37.51902008
2026-06-15T00:43:13.355965+09:00,여의도,여의도,POI072,KEY_4,200. 국회의원회관,ST-45,5,1,22,126.91391754,37.52841568
2026-06-15T00:43:13.355965+09:00,여의도,여의도,POI072,KEY_4,204. 국회의사당역 5번출구 옆,ST-50,8,1,13,126.91702271,37.52816391
2026-06-15T00:43:13.355965+09:00,여의도,여의도,POI072,KEY_4,202. 국민일보 앞,ST-47,30,9,30,126.92453003,37.52881622
2026-06-15T00:43:13.355965+09:00,여의도,여의도,POI072,KEY_4,209. 유진투자증권빌딩 앞,ST-55,64,14,22,126.92783356,37.52461243
2026-06-15T00:43:13.355965+09:00,여의도,여의도,POI072,KEY_4,214. 금융감독원 앞,ST-60,0,0,21,126.9208374,37.5230217
2026-06-15T00:43:13.355965+09:00,여의도,여의도,POI072,KEY_4,260. 여의도 마리나선착장 앞,ST-414,100,15,15,126.91216278,37.53365707
2026-06-15T00:43:13.355965+09:00,여의도,여의도,POI072,KEY_4,299.여의도 순복음교회,ST-1971,20,2,10,126.92245483,37.53179169
2026-06-15T00:43:13.355965+09:00,여의도,여의도,POI072,KEY_4,226. 샛강역 1번출구 앞,ST-72,16,3,19,126.92841339,37.51776505
2026-06-15T00:43:13.355965+09:00,여의도,여의도,POI072,KEY_4,203. 국회의사당역 3번출구 옆,ST-51,20,3,15,126.91870117,37.5280571
2026-06-15T00:43:13.355965+09:00,여의도,여의도,POI072,KEY_4,207. 여의나루역 1번출구 앞,ST-73,13,6,46,126.93190002,37.52715683
2026-06-15T00:43:13.355965+09:00,여의도,여의도,POI072,KEY_4,248. 초원아파트 앞,ST-296,10,1,10,126.92420959,37.53105545
2026-06-15T00:43:13.355965+09:00,여의도,여의도,POI072,KEY_4,224. 롯데캐슬 앞,ST-70,10,2,20,126.93236542,37.5200882
2026-06-15T00:43:13.355965+09:00,여의도,여의도,POI072,KEY_4,221. 여의도초교 앞,ST-67,80,8,10,126.93778992,37.52267456
2026-06-15T00:43:13.355965+09:00,여의도,여의도,POI072,KEY_4,298.KBS 연구동 건너편,ST-1970,60,15,25,126.91374207,37.52724838
2026-06-15T00:43:13.355965+09:00,여의도,여의도,POI072,KEY_4,249. 여의도중학교 옆,ST-297,31,5,16,126.93580627,37.52457809
2026-06-15T00:43:13.355965+09:00,여의도,여의도,POI072,KEY_4,270. 증권거래소후문교차로,ST-424,10,1,10,126.92710114,37.52234268
2026-06-15T00:43:13.355965+09:00,여의도,여의도,POI072,KEY_4,213. KT앞,ST-59,42,8,19,126.91895294,37.52190781
2026-06-15T00:43:13.355965+09:00,여의도,여의도,POI072,KEY_4,217. NH농협은행 앞,ST-66,0,0,15,126.93036652,37.52207947
2026-06-15T00:43:13.355965+09:00,여의도,여의도,POI072,KEY_4,220. 미성아파트 A동 앞,ST-63,3,1,30,126.92604828,37.5193634
2026-06-15T00:43:13.355965+09:00,여의도,여의도,POI072,KEY_4,219. 롯데캐슬엠파이어 옆,ST-62,33,4,12,126.92583466,37.52069473
2026-06-15T00:43:13.355965+09:00,여의도,여의도,POI072,KEY_4,205. 산업은행 앞,ST-52,90,18,20,126.92050934,37.52626419
2026-06-15T00:43:13.355965+09:00,여의도,여의도,POI072,KEY_4,225. 앙카라공원 앞,ST-71,35,9,26,126.92961884,37.51758575
2026-06-15T00:43:13.355965+09:00,여의도,여의도,POI072,KEY_4,297.국회3문,ST-1969,10,1,10,126.91267395,37.52863693
2026-06-15T00:43:13.355965+09:00,여의도,여의도,POI072,KEY_4,201. 진미파라곤 앞,ST-46,13,2,15,126.92133331,37.53123856
2026-06-15T00:43:13.355965+09:00,여의도,여의도,POI072,KEY_4,215. 여의도고교 앞,ST-64,40,4,10,126.93490601,37.52483749
2026-06-15T00:43:13.355965+09:00,여의도,여의도,POI072,KEY_4,223. 진주아파트상가 앞,ST-69,15,3,20,126.9333725,37.51913071
2026-06-15T00:43:13.355965+09:00,여의도,여의도,POI072,KEY_4,271. 샛강생태공원방문자센터 앞,ST-425,10,1,10,126.9216156,37.51896286
2026-06-15T00:43:13.355965+09:00,여의도,여의도,POI072,KEY_4,206. KBS 앞,ST-53,49,17,35,126.91802216,37.52466583
2026-06-15T00:43:13.355965+09:00,여의도,여의도,POI072,KEY_4,5888.여의도성당,ST-3375,14,1,7,126.93920898,37.52164459
2026-06-15T00:43:13.355965+09:00,여의도,여의도,POI072,KEY_4,5870. LG트윈타워 앞,ST-3239,25,5,20,126.93017578,37.52833176
2026-06-15T00:43:13.355965+09:00,여의도,여의도,POI072,KEY_4,5853. 여의도역2번출구 앞,ST-3061,10,1,10,126.92271423,37.52243423
2026-06-15T00:43:13.355965+09:00,여의도,여의도,POI072,KEY_4,4564. 63스퀘어,ST-2814,106,18,17,126.93965912,37.52070999
2026-06-15T00:43:13.355965+09:00,여의도,여의도,POI072,KEY_4,4582. 국회도서관,ST-2646,75,9,12,126.91817474,37.53054047
2026-06-15T00:43:13.355965+09:00,여의도,여의도,POI072,KEY_4,5878. 우리은행 앞,ST-3315,20,4,20,126.92162323,37.52349091
2026-06-15T00:43:13.355965+09:00,여의도,여의도,POI072,KEY_4,4580. 국회제2의원회관,ST-2644,0,0,17,126.91316986,37.52974701
2026-06-15T00:43:13.355965+09:00,여의도,여의도,POI072,KEY_4,4563. 여의도 은하아파트,ST-2813,50,5,10,126.93448639,37.51850891
2026-06-15T00:43:13.355965+09:00,여의도,여의도,POI072,KEY_4,4583. 의정관,ST-2647,8,1,12,126.91747284,37.53214645
2026-06-15T00:43:13.355965+09:00,여의도,여의도,POI072,KEY_4,4579. 국회의사당 본관,ST-2643,106,18,17,126.91404724,37.5325737
2026-06-15T00:43:13.355965+09:00,여의도,여의도,POI072,KEY_4,4589. KRX한국거래소(1),ST-2899,6,1,18,126.92759705,37.52338028
2026-06-15T00:43:13.355965+09:00,여의도,여의도,POI072,KEY_4,5891.한강버스 여의도 선착장,ST-3402,47,14,30,126.93422699,37.52816391
2026-06-15T00:43:13.355965+09:00,여의도,여의도,POI072,KEY_4,5889.의원회관출입구 앞,ST-3377,0,0,10,126.91479492,37.52985382
2026-06-15T00:43:13.355965+09:00,여의도,여의도,POI072,KEY_4,4585. 국회6문,ST-2694,33,2,6,126.91799164,37.53271866
2026-06-15T00:43:13.355965+09:00,여의도,여의도,POI072,KEY_4,4584. 국회2문,ST-2648,44,4,9,126.91510773,37.52864075
2026-06-15T00:43:13.355965+09:00,여의도,여의도,POI072,KEY_4,5892.국회의사당본관 좌측,ST-3383,29,2,7,126.91375732,37.53090286
2026-06-15T00:43:13.355965+09:00,여의도,여의도,POI072,KEY_4,5890.여의나루역 3번출구,ST-3401,73,8,11,126.93336487,37.52645493
2026-06-15T00:43:13.355965+09:00,여의도,여의도,POI072,KEY_4,5879. 국회도서관 2문 앞,ST-3318,113,9,8,126.91668701,37.53107071
2026-06-15T00:43:13.355965+09:00,여의도,여의도,POI072,KEY_4,5880. 국회박물관,ST-3319,0,0,7,126.91945648,37.53183365
2026-06-15T00:43:13.355965+09:00,여의도,여의도,POI072,KEY_4,5893.한국산업은행,ST-3397,0,0,10,126.92175293,37.52814484
2026-06-15T00:43:13.355965+09:00,여의도,여의도,POI072,KEY_4,5897.여의도공작아파트,ST-3426,10,1,10,126.92987061,37.52595139
2026-06-15T00:43:13.355965+09:00,여의도,여의도,POI072,KEY_4,5859. 여의도 삼부아파트,ST-3160,30,3,10,126.93045807,37.52539444
2026-06-15T00:43:13.355965+09:00,여의도,여의도,POI072,KEY_4,4581. 국회소통관,ST-2645,0,0,12,126.9128952,37.53050232
2026-06-15T00:43:13.355965+09:00,연남동,연남동,POI073,KEY_1,107. 수협 연남동지점,ST-9,10,1,10,126.91871643,37.55784607
2026-06-15T00:43:13.355965+09:00,연남동,연남동,POI073,KEY_1,4233. 코오롱아파트사거리,ST-2979,0,0,10,126.92149353,37.56306458
2026-06-15T00:43:13.355965+09:00,영등포 타임스퀘어,영등포 타임스퀘어,POI074,KEY_2,284. 센트럴 푸르지오 시티 앞,ST-1650,81,13,16,126.90222931,37.51821136
2026-06-15T00:43:13.355965+09:00,영등포 타임스퀘어,영등포 타임스퀘어,POI074,KEY_2,3219.영등포역 1번출구,ST-1990,0,0,10,126.9077301,37.5148468
2026-06-15T00:43:13.355965+09:00,영등포 타임스퀘어,영등포 타임스퀘어,POI074,KEY_2,5868. 로프트시티오피스텔,ST-3238,267,16,6,126.90843201,37.51906204
2026-06-15T00:43:13.355965+09:00,영등포 타임스퀘어,영등포 타임스퀘어,POI074,KEY_2,5858. 영등포역5번출구,ST-3142,10,1,10,126.90807343,37.51669312
2026-06-15T00:43:13.355965+09:00,영등포 타임스퀘어,영등포 타임스퀘어,POI074,KEY_2,4565. 영등포 신세계백화점,ST-2815,10,1,10,126.90364838,37.51803589
2026-06-15T00:43:13.355965+09:00,용리단길,용리단길,POI076,KEY_3,816. 신용산역 6번출구 앞,ST-435,76,19,25,126.96848297,37.53014755
2026-06-15T00:43:13.355965+09:00,용리단길,용리단길,POI076,KEY_3,817. 삼각지역 4번출구 앞,ST-436,133,12,9,126.97173309,37.53345108
2026-06-15T00:43:13.355965+09:00,이태원 앤틱가구거리,이태원 앤틱가구거리,POI077,KEY_4,4634. 이태원역 3번 출구,ST-3056,20,1,5,126.99497223,37.5343895
2026-06-15T00:43:13.355965+09:00,이태원 앤틱가구거리,이태원 앤틱가구거리,POI077,KEY_4,4615. 크라운호텔앞 버스정류소,ST-2446,29,2,7,126.99137878,37.53030014
2026-06-15T00:43:13.355965+09:00,익선동,익선동,POI116,KEY_1,334. 종로3가역 2번출구 뒤,ST-150,30,3,10,126.99179077,37.5705986
2026-06-15T00:43:13.355965+09:00,익선동,익선동,POI116,KEY_1,328. 탑골공원 앞,ST-144,9,1,11,126.9881897,37.57039642
2026-06-15T00:43:13.355965+09:00,익선동,익선동,POI116,KEY_1,327. 낙원상가 옆,ST-143,20,2,10,126.9874649,37.57335663
2026-06-15T00:43:13.355965+09:00,익선동,익선동,POI116,KEY_1,3410.종로3가역 8번출구,ST-1807,0,0,10,126.99188995,37.5724678
2026-06-15T00:43:13.355965+09:00,익선동,익선동,POI116,KEY_1,4713. 현대 뜨레비앙 아파트 앞,ST-2623,57,4,7,126.99062347,37.57528305
2026-06-15T00:43:13.355965+09:00,인사동,인사동,POI078,KEY_2,327. 낙원상가 옆,ST-143,20,2,10,126.9874649,37.57335663
2026-06-15T00:43:13.355965+09:00,인사동,인사동,POI078,KEY_2,454. 종로2가 버스정류장 (종각방향),ST-1607,23,3,13,126.98638153,37.57035828
2026-06-15T00:43:13.355965+09:00,인사동,인사동,POI078,KEY_2,326. 안국역 5번출구 앞,ST-142,0,0,15,126.98616028,37.57624054
2026-06-15T00:43:13.355965+09:00,인사동,인사동,POI078,KEY_2,3408.종로타워빌딩,ST-1805,8,1,13,126.98323822,37.57070541
2026-06-15T00:43:13.355965+09:00,창동 신경제 중심지,창동 신경제 중심지,POI079,KEY_4,1756.서울북부광역등기국,ST-2101,0,0,10,127.04431915,37.65148544
2026-06-15T00:43:13.355965+09:00,창동 신경제 중심지,창동 신경제 중심지,POI079,KEY_4,1662. 노원역7번출구,ST-1279,5,1,20,127.05921173,37.65421677
2026-06-15T00:43:13.355965+09:00,창동 신경제 중심지,창동 신경제 중심지,POI079,KEY_4,1722. 창동청소년수련관,ST-1292,73,11,15,127.05004883,37.65779877
2026-06-15T00:43:13.355965+09:00,창동 신경제 중심지,창동 신경제 중심지,POI079,KEY_4,1674. 서울북부고용센터앞,ST-1291,0,0,15,127.05808258,37.65354919
2026-06-15T00:43:13.355965+09:00,창동 신경제 중심지,창동 신경제 중심지,POI079,KEY_4,1637. KT 전화국 버스정류장 옆,ST-611,0,0,9,127.06372833,37.6546669
2026-06-15T00:43:13.355965+09:00,창동 신경제 중심지,창동 신경제 중심지,POI079,KEY_4,1716. 창동역 1번출구 건너편,ST-1132,25,2,8,127.05072784,37.65420151
2026-06-15T00:43:13.355965+09:00,창동 신경제 중심지,창동 신경제 중심지,POI079,KEY_4,1775.신원리베르텔 앞,ST-2120,0,0,15,127.04554749,37.65128708
2026-06-15T00:43:13.355965+09:00,창동 신경제 중심지,창동 신경제 중심지,POI079,KEY_4,1690. 도봉운전면허시험장 버스정류장 옆,ST-1641,10,1,10,127.05931091,37.6577301
2026-06-15T00:43:13.355965+09:00,창동 신경제 중심지,창동 신경제 중심지,POI079,KEY_4,1657. 노원구청,ST-1125,0,0,20,127.05732727,37.65404892
2026-06-15T00:43:13.355965+09:00,창동 신경제 중심지,창동 신경제 중심지,POI079,KEY_4,1686. 상계주공10단지 종합상가 앞,ST-1476,40,6,15,127.05805206,37.66114044
2026-06-15T00:43:13.355965+09:00,창동 신경제 중심지,창동 신경제 중심지,POI079,KEY_4,1653. 노원역1번출구,ST-1121,20,2,10,127.06362152,37.65620041
2026-06-15T00:43:13.355965+09:00,창동 신경제 중심지,창동 신경제 중심지,POI079,KEY_4,5333. 노원역9번-10번 출구 앞,ST-3288,40,4,10,127.063591,37.65655518
2026-06-15T00:43:13.355965+09:00,창동 신경제 중심지,창동 신경제 중심지,POI079,KEY_4,4096.창동역2번출구 하나은행365 앞,ST-3368,0,0,8,127.04550171,37.65283585
2026-06-15T00:43:13.355965+09:00,창동 신경제 중심지,창동 신경제 중심지,POI079,KEY_4,5311. 주공601동 상가 노원지하보도 앞,ST-3116,20,1,5,127.06147766,37.65190125
2026-06-15T00:43:13.355965+09:00,창동 신경제 중심지,창동 신경제 중심지,POI079,KEY_4,4098.창동역 1번출구 인근,ST-3430,13,1,8,127.04838562,37.65290833
2026-06-15T00:43:13.355965+09:00,청량리 제기동 일대 전통시장,청량리 제기동 일대 전통시장,POI081,KEY_2,640. 동대문경찰서 교차로,ST-407,200,12,6,127.04460144,37.58255005
2026-06-15T00:43:13.355965+09:00,청량리 제기동 일대 전통시장,청량리 제기동 일대 전통시장,POI081,KEY_2,633. 청량리 기업은행 앞,ST-400,213,17,8,127.04472351,37.58049774
2026-06-15T00:43:13.355965+09:00,청량리 제기동 일대 전통시장,청량리 제기동 일대 전통시장,POI081,KEY_2,676.FITI시험연구원 앞,ST-2276,89,8,9,127.03547668,37.58143234
2026-06-15T00:43:13.355965+09:00,청량리 제기동 일대 전통시장,청량리 제기동 일대 전통시장,POI081,KEY_2,4149.제기동역 5번출구,ST-3428,257,18,7,127.03381348,37.5779953
2026-06-15T00:43:13.355965+09:00,청량리 제기동 일대 전통시장,청량리 제기동 일대 전통시장,POI081,KEY_2,4147.청량리역광장,ST-3405,9,3,35,127.04673767,37.58024597
2026-06-15T00:43:13.355965+09:00,청량리 제기동 일대 전통시장,청량리 제기동 일대 전통시장,POI081,KEY_2,4134. 제기동 현대아파트 앞,ST-3206,160,16,10,127.0353241,37.57994843
2026-06-15T00:43:13.355965+09:00,DDP(동대문디자인플라자),DDP(동대문디자인플라자),POI083,KEY_4,474.동대문역사문화공원역 1번출구 뒤편,ST-1780,23,9,40,127.00849152,37.56629944
2026-06-15T00:43:13.355965+09:00,DDP(동대문디자인플라자),DDP(동대문디자인플라자),POI083,KEY_4,347. 동대문역사문화공원역 9번출구 앞,ST-163,39,7,18,127.00784302,37.56533051
2026-06-15T00:43:13.355965+09:00,DDP(동대문디자인플라자),DDP(동대문디자인플라자),POI083,KEY_4,475.DDP 패션몰,ST-1781,95,20,21,127.0118103,37.56764984
2026-06-15T00:43:13.355965+09:00,DDP(동대문디자인플라자),DDP(동대문디자인플라자),POI083,KEY_4,4765. 동대문디자인플라자,ST-2431,85,17,20,127.00946045,37.5683136
2026-06-15T00:43:13.355965+09:00,DMC(디지털미디어시티),DMC(디지털미디어시티),POI084,KEY_1,414. 상암동주민센터 옆,ST-94,163,13,8,126.89447021,37.57822037
2026-06-15T00:43:13.355965+09:00,DMC(디지털미디어시티),DMC(디지털미디어시티),POI084,KEY_1,412. DMC산학협력연구센터 앞,ST-91,95,20,21,126.89079285,37.57565689
2026-06-15T00:43:13.355965+09:00,DMC(디지털미디어시티),DMC(디지털미디어시티),POI084,KEY_1,411. DMC홍보관,ST-90,20,2,10,126.89147186,37.5779953
2026-06-15T00:43:13.355965+09:00,DMC(디지털미디어시티),DMC(디지털미디어시티),POI084,KEY_1,409. 누리꿈스퀘어 옆,ST-86,3,1,30,126.88916016,37.57939911
2026-06-15T00:43:13.355965+09:00,DMC(디지털미디어시티),DMC(디지털미디어시티),POI084,KEY_1,405. DMC빌 앞,ST-80,0,0,8,126.88578796,37.58265686
2026-06-15T00:43:13.355965+09:00,DMC(디지털미디어시티),DMC(디지털미디어시티),POI084,KEY_1,408. LG CNS앞,ST-84,0,0,14,126.88665009,37.58081055
2026-06-15T00:43:13.355965+09:00,DMC(디지털미디어시티),DMC(디지털미디어시티),POI084,KEY_1,425. DMC첨단산업센터,ST-991,20,2,10,126.88559723,37.58450317
2026-06-15T00:43:13.355965+09:00,DMC(디지털미디어시티),DMC(디지털미디어시티),POI084,KEY_1,415. DMC역 9번출구 앞,ST-95,50,5,10,126.89736176,37.57746887
2026-06-15T00:43:13.355965+09:00,DMC(디지털미디어시티),DMC(디지털미디어시티),POI084,KEY_1,490.가온문화공원,ST-2149,4,1,23,126.88766479,37.58207703
2026-06-15T00:43:13.355965+09:00,DMC(디지털미디어시티),DMC(디지털미디어시티),POI084,KEY_1,417. DMC역 2번출구 옆,ST-93,25,5,20,126.8999176,37.57506943
2026-06-15T00:43:13.355965+09:00,DMC(디지털미디어시티),DMC(디지털미디어시티),POI084,KEY_1,489.구룡근린공원,ST-2148,200,20,10,126.88276672,37.58320236
2026-06-15T00:43:13.355965+09:00,DMC(디지털미디어시티),DMC(디지털미디어시티),POI084,KEY_1,3007.MBC 앞,ST-2165,60,6,10,126.89044952,37.58198166
2026-06-15T00:43:13.355965+09:00,DMC(디지털미디어시티),DMC(디지털미디어시티),POI084,KEY_1,3008.DMC역7번출구,ST-2166,70,7,10,126.89836121,37.57711411
2026-06-15T00:43:13.355965+09:00,DMC(디지털미디어시티),DMC(디지털미디어시티),POI084,KEY_1,4218. 디지털매직스페이스,ST-2974,15,2,13,126.88957977,37.58119965
2026-06-15T00:43:13.355965+09:00,DMC(디지털미디어시티),DMC(디지털미디어시티),POI084,KEY_1,4214. JTBC 앞,ST-2537,0,0,10,126.8901825,37.57730484
2026-06-15T00:43:13.355965+09:00,DMC(디지털미디어시티),DMC(디지털미디어시티),POI084,KEY_1,4238. 상암한샘빌딩앞,ST-2981,29,2,7,126.89867401,37.57649231
2026-06-15T00:43:13.355965+09:00,가산디지털단지역,가산디지털단지역,POI013,KEY_2,1806. 에이스하이엔드타워9차 앞,ST-621,130,13,10,126.87863922,37.48621368
2026-06-15T00:43:13.355965+09:00,가산디지털단지역,가산디지털단지역,POI013,KEY_2,1805. 서울디지털운동장 앞,ST-620,80,8,10,126.87776947,37.48228836
2026-06-15T00:43:13.355965+09:00,가산디지털단지역,가산디지털단지역,POI013,KEY_2,1850. 코오롱테크노밸리,ST-1277,170,17,10,126.8863678,37.48015976
2026-06-15T00:43:13.355965+09:00,가산디지털단지역,가산디지털단지역,POI013,KEY_2,1849. 대륭포스트타워5차,ST-1276,200,20,10,126.88694,37.48135376
2026-06-15T00:43:13.355965+09:00,가산디지털단지역,가산디지털단지역,POI013,KEY_2,1834. 월드메르디앙 벤처센터 2차,ST-640,40,4,10,126.87904358,37.47908401
2026-06-15T00:43:13.355965+09:00,가산디지털단지역,가산디지털단지역,POI013,KEY_2,1839. 수출의 다리 아래,ST-1140,25,5,20,126.88615417,37.47743607
2026-06-15T00:43:13.355965+09:00,가산디지털단지역,가산디지털단지역,POI013,KEY_2,1812. 갑을그레이트밸리 앞,ST-624,250,25,10,126.88729858,37.47903061
2026-06-15T00:43:13.355965+09:00,가산디지털단지역,가산디지털단지역,POI013,KEY_2,1867.대륭포스트타워6차 앞,ST-1938,90,27,30,126.8841629,37.48101044
2026-06-15T00:43:13.355965+09:00,가산디지털단지역,가산디지털단지역,POI013,KEY_2,1851. 가산디지털단지 9번출구 인근,ST-1403,180,18,10,126.88148499,37.48123169
2026-06-15T00:43:13.355965+09:00,가산디지털단지역,가산디지털단지역,POI013,KEY_2,1835. STX V타워,ST-641,110,11,10,126.88442993,37.47706985
2026-06-15T00:43:13.355965+09:00,가산디지털단지역,가산디지털단지역,POI013,KEY_2,3985. 디폴리스 지식산업센터,ST-2964,30,6,20,126.87680054,37.48017502
2026-06-15T00:43:13.355965+09:00,가산디지털단지역,가산디지털단지역,POI013,KEY_2,3984. 가산롯데아이티캐슬,ST-2999,300,15,5,126.88083649,37.47636795
2026-06-15T00:43:13.355965+09:00,가산디지털단지역,가산디지털단지역,POI013,KEY_2,3989.가산디지털단지역 9번출구 앞,ST-3396,120,12,10,126.88175964,37.48055267
2026-06-15T00:43:13.355965+09:00,강남역,강남역,POI014,KEY_3,2421. 신논현역 4번출구,ST-1887,27,4,15,127.02579498,37.504673
2026-06-15T00:43:13.355965+09:00,강남역,강남역,POI014,KEY_3,2505. 우성아파트사거리 (기업은행앞),ST-1556,108,13,12,127.02953339,37.49325943
2026-06-15T00:43:13.355965+09:00,강남역,강남역,POI014,KEY_3,3628. 역삼1동 주민센터,ST-2689,30,3,10,127.03302765,37.49521255
2026-06-15T00:43:13.355965+09:00,강남역,강남역,POI014,KEY_3,2407. 역삼서초삼성 세무서 앞 (역삼빌딩 앞),ST-1577,90,9,10,127.03011322,37.49847031
2026-06-15T00:43:13.355965+09:00,강남역,강남역,POI014,KEY_3,4349.삼성화재서초타워,ST-3361,167,10,6,127.02896118,37.49446869
2026-06-15T00:43:13.355965+09:00,건대입구역,건대입구역,POI015,KEY_4,501. 광진문화예술회관 앞,ST-98,40,12,30,127.07035065,37.53730774
2026-06-15T00:43:13.355965+09:00,건대입구역,건대입구역,POI015,KEY_4,3533. 건대입구역 사거리(롯데백화점),ST-1660,0,0,10,127.07078552,37.5392952
2026-06-15T00:43:13.355965+09:00,건대입구역,건대입구역,POI015,KEY_4,3534. 건대입구역 5번출구 뒤,ST-1661,0,0,10,127.06956482,37.54008102
2026-06-15T00:43:13.355965+09:00,고덕역,고덕역,POI016,KEY_1,1068.명일파출소,ST-1767,40,4,10,127.15622711,37.5536499
2026-06-15T00:43:13.355965+09:00,고덕역,고덕역,POI016,KEY_1,1036. 고덕동 주양쇼핑,ST-1053,150,15,10,127.15331268,37.55199051
2026-06-15T00:43:13.355965+09:00,고덕역,고덕역,POI016,KEY_1,1072.고덕역 5번출구,ST-1833,23,5,22,127.15372467,37.55486298
2026-06-15T00:43:13.355965+09:00,교대역,교대역,POI018,KEY_3,2279. 교대역 5번출구뒤,ST-1305,313,25,8,127.01418304,37.49361801
2026-06-15T00:43:13.355965+09:00,교대역,교대역,POI018,KEY_3,2239.교대역 6번출구,ST-765,90,9,10,127.01378632,37.49421692
2026-06-15T00:43:13.355965+09:00,구로디지털단지역,구로디지털단지역,POI019,KEY_4,2801. 대륭포스트타워1차,ST-1753,10,3,30,126.89542389,37.48437119
2026-06-15T00:43:13.355965+09:00,구로디지털단지역,구로디지털단지역,POI019,KEY_4,1955. 디지털입구 교차로,ST-936,230,23,10,126.90103912,37.48288345
2026-06-15T00:43:13.355965+09:00,구로디지털단지역,구로디지털단지역,POI019,KEY_4,1962. 가리봉동주민센터,ST-1224,87,13,15,126.89279938,37.48160172
2026-06-15T00:43:13.355965+09:00,구로디지털단지역,구로디지털단지역,POI019,KEY_4,2110. 조원동 미성아파트,ST-950,178,16,9,126.90203094,37.48319244
2026-06-15T00:43:13.355965+09:00,구로디지털단지역,구로디지털단지역,POI019,KEY_4,1986. 태평양물산,ST-1521,40,6,15,126.89518738,37.48485947
2026-06-15T00:43:13.355965+09:00,구로디지털단지역,구로디지털단지역,POI019,KEY_4,1911. 구로디지털단지역 앞,ST-668,178,32,18,126.90132141,37.48493958
2026-06-15T00:43:13.355965+09:00,구로역,구로역,POI020,KEY_1,1946. 구로역 광장,ST-873,60,6,10,126.88038635,37.50311661
2026-06-15T00:43:13.355965+09:00,구로역,구로역,POI020,KEY_1,3919. 구로역·NC신구로점 버스정류장(구로역 방면),ST-3013,36,5,14,126.88237,37.50096512
2026-06-15T00:43:13.355965+09:00,군자역,군자역,POI021,KEY_2,540. 군자역 7번출구 베스트샵 앞,ST-253,38,3,8,127.0786438,37.55603027
2026-06-15T00:43:13.355965+09:00,군자역,군자역,POI021,KEY_2,3586.군자역 비채온 오피스텔,ST-2325,263,21,8,127.07727051,37.55771255
2026-06-15T00:43:13.355965+09:00,군자역,군자역,POI021,KEY_2,3518. 군자역 7번출구뒤,ST-1263,13,1,8,127.07913971,37.55686188
2026-06-15T00:43:13.355965+09:00,군자역,군자역,POI021,KEY_2,3500. 군자역2번출구,ST-983,214,15,7,127.07969666,37.55758667
2026-06-15T00:43:13.355965+09:00,대림역,대림역,POI023,KEY_3,286. 우성아파트 교차로,ST-1652,100,12,12,126.89974976,37.49457169
2026-06-15T00:43:13.355965+09:00,대림역,대림역,POI023,KEY_3,1975. 대림역 1번 출입구 밑,ST-1237,20,2,10,126.8947525,37.49256516
2026-06-15T00:43:13.355965+09:00,대림역,대림역,POI023,KEY_3,1914. 대림역4번출구,ST-918,100,10,10,126.89444733,37.49440384
2026-06-15T00:43:13.355965+09:00,동대문역,동대문역,POI024,KEY_4,457. 종로꽃시장 입구 옆,ST-1610,60,6,10,127.00720978,37.57131958
2026-06-15T00:43:13.355965+09:00,동대문역,동대문역,POI024,KEY_4,393. 동대문역 8번 출구,ST-1372,50,6,12,127.00937653,37.57014084
2026-06-15T00:43:13.355965+09:00,동대문역,동대문역,POI024,KEY_4,3415.동대문역6번출구,ST-1812,133,20,15,127.0107193,37.57147217
2026-06-15T00:43:13.355965+09:00,미아사거리역,미아사거리역,POI026,KEY_2,1546. 송천동우체국,ST-1665,160,16,10,127.02970123,37.61545944
2026-06-15T00:43:13.355965+09:00,미아사거리역,미아사거리역,POI026,KEY_2,1574.송중초등학교 옆,ST-2405,75,6,8,127.03049469,37.61669922
2026-06-15T00:43:13.355965+09:00,미아사거리역,미아사거리역,POI026,KEY_2,1531. 미아사거리 1번 출구,ST-1105,100,10,10,127.03025055,37.61395645
2026-06-15T00:43:13.355965+09:00,미아사거리역,미아사거리역,POI026,KEY_2,4423.현대백화점 미아점,ST-3203,100,10,10,127.02845764,37.60884857
2026-06-15T00:43:13.355965+09:00,발산역,발산역,POI027,KEY_3,1117. 등촌5단지아파트 버스정류장,ST-834,80,8,10,126.84426117,37.55819702
2026-06-15T00:43:13.355965+09:00,발산역,발산역,POI027,KEY_3,1124. 발산역 6번 출구 뒤,ST-522,33,2,6,126.8384552,37.55817795
2026-06-15T00:43:13.355965+09:00,발산역,발산역,POI027,KEY_3,"1153. 발산역 1번, 9번 인근 대여소",ST-1065,28,9,32,126.83717346,37.55894852
2026-06-15T00:43:13.355965+09:00,발산역,발산역,POI027,KEY_3,1197. 엠펠리체 호텔 건너편,ST-1714,135,27,20,126.83546448,37.56026077
2026-06-15T00:43:13.355965+09:00,발산역,발산역,POI027,KEY_3,3764. 관문주유소(GS칼택스) 앞,ST-2613,230,23,10,126.84183502,37.55802917
2026-06-15T00:43:13.355965+09:00,발산역,발산역,POI027,KEY_3,3760. 발산역 8번 출구,ST-2538,53,9,17,126.83676147,37.55846024
2026-06-15T00:43:13.355965+09:00,발산역,발산역,POI027,KEY_3,3759. 이대서울병원,ST-2569,16,4,25,126.83559418,37.5586319
2026-06-15T00:43:13.355965+09:00,발산역,발산역,POI027,KEY_3,2723.마곡 필네이처,ST-2040,177,23,13,126.83669281,37.56089401
2026-06-15T00:43:13.355965+09:00,발산역,발산역,POI027,KEY_3,2721.등촌1-10단지 교차로,ST-2037,283,34,12,126.8393631,37.56320572
2026-06-15T00:43:13.355965+09:00,발산역,발산역,POI027,KEY_3,2717.LG유플러스 마곡사옥,ST-2033,45,28,62,126.83390045,37.56133652
2026-06-15T00:43:13.355965+09:00,발산역,발산역,POI027,KEY_3,2730.마곡메가박스 앞,ST-2047,73,22,30,126.83495331,37.55912781
2026-06-15T00:43:13.355965+09:00,발산역,발산역,POI027,KEY_3,5061. 우장산동 가곡어린이공원앞,ST-2888,250,25,10,126.83751678,37.55545425
2026-06-15T00:43:13.355965+09:00,발산역,발산역,POI027,KEY_3,5095. 원당근린공원,ST-3226,286,40,14,126.84147644,37.55947495
2026-06-15T00:43:13.355965+09:00,사당역,사당역,POI029,KEY_4,2104. 사당역 5번출구,ST-712,62,8,13,126.98133087,37.47608948
2026-06-15T00:43:13.355965+09:00,사당역,사당역,POI029,KEY_4,2222.사당역 12번출구 뒤,ST-753,70,7,10,126.98203278,37.47806931
2026-06-15T00:43:13.355965+09:00,사당역,사당역,POI029,KEY_4,2089.사당역10번출구(금강빌딩),ST-2362,90,9,10,126.98150635,37.4791069
2026-06-15T00:43:13.355965+09:00,사당역,사당역,POI029,KEY_4,2034. 사당역 7번출구쪽,ST-924,53,10,19,126.98057556,37.47689056
2026-06-15T00:43:13.355965+09:00,삼각지역,삼각지역,POI030,KEY_1,848. 삼각지12번 출구,ST-2172,50,4,8,126.97562408,37.53488922
2026-06-15T00:43:13.355965+09:00,삼각지역,삼각지역,POI030,KEY_1,849. 삼각지 자이아파트,ST-2173,75,15,20,126.97341919,37.53607941
2026-06-15T00:43:13.355965+09:00,삼각지역,삼각지역,POI030,KEY_1,4620. 삼각지역 14번 출구 앞(교통섬),ST-2451,138,11,8,126.97408295,37.53528595
2026-06-15T00:43:13.355965+09:00,서울대입구역,서울대입구역,POI031,KEY_2,2111. 서울대입구역 1번출구,ST-965,0,0,10,126.95331573,37.48086929
2026-06-15T00:43:13.355965+09:00,서울대입구역,서울대입구역,POI031,KEY_2,2171. 서울대입구역 5번출구,ST-1337,18,3,17,126.95200348,37.48154831
2026-06-15T00:43:13.355965+09:00,서울대입구역,서울대입구역,POI031,KEY_2,2112. 서울대입구역 마에스트로,ST-715,67,10,15,126.95064545,37.4813385
2026-06-15T00:43:13.355965+09:00,서울대입구역,서울대입구역,POI031,KEY_2,2128. 관악구청교차로,ST-720,0,0,12,126.95265198,37.47949982
2026-06-15T00:43:13.355965+09:00,서울대입구역,서울대입구역,POI031,KEY_2,3311.서울대입구역 4번 출구,ST-2394,42,5,12,126.95157623,37.48122025
2026-06-15T00:43:13.355965+09:00,서울대입구역,서울대입구역,POI031,KEY_2,2116. 에이스에이존빌딩,ST-717,100,9,9,126.95082855,37.48170471
2026-06-15T00:43:13.355965+09:00,서울식물원·마곡나루역,서울식물원·마곡나루역,POI032,KEY_3,2715.마곡나루역 2번 출구,ST-2031,0,0,25,126.82743835,37.56692505
2026-06-15T00:43:13.355965+09:00,서울식물원·마곡나루역,서울식물원·마곡나루역,POI032,KEY_3,2725.서울식물원 식물문화센터,ST-2042,70,14,20,126.83563232,37.56883621
2026-06-15T00:43:13.355965+09:00,서울식물원·마곡나루역,서울식물원·마곡나루역,POI032,KEY_3,2727.서울식물원 잔디마당 앞,ST-2044,24,6,25,126.8306427,37.5639267
2026-06-15T00:43:13.355965+09:00,서울식물원·마곡나루역,서울식물원·마곡나루역,POI032,KEY_3,5098. LG사이언스파크 W4동,ST-3261,5,1,20,126.82978821,37.56403732
2026-06-15T00:43:13.355965+09:00,서울식물원·마곡나루역,서울식물원·마곡나루역,POI032,KEY_3,5097. LG사이언스파크 E2동,ST-3259,5,2,40,126.83208466,37.56381607
2026-06-15T00:43:13.355965+09:00,서울식물원·마곡나루역,서울식물원·마곡나루역,POI032,KEY_3,6177. 마곡롯데캐슬르웨스트,ST-3324,310,31,10,126.82462311,37.56356049
2026-06-15T00:43:13.355965+09:00,서울역,서울역,POI033,KEY_4,435. SK 남산빌딩,ST-1670,180,18,10,126.97561646,37.55686188
2026-06-15T00:43:13.355965+09:00,서울역,서울역,POI033,KEY_4,485.서울역5번출구,ST-1791,70,7,10,126.97319794,37.55677032
2026-06-15T00:43:13.355965+09:00,서울역,서울역,POI033,KEY_4,379. 서울역9번출구,ST-194,29,2,7,126.97330475,37.55580521
2026-06-15T00:43:13.355965+09:00,서울역,서울역,POI033,KEY_4,6062.서울역파출소,ST-3413,60,6,10,126.97183228,37.55709457
2026-06-15T00:43:13.355965+09:00,서울역,서울역,POI033,KEY_4,4760. 서울역 7번출구,ST-2430,0,0,10,126.97364044,37.55664444
2026-06-15T00:43:13.355965+09:00,서울역,서울역,POI033,KEY_4,4794. 서울역 서부교차로(3),ST-2786,63,5,8,126.96942139,37.55540848
2026-06-15T00:43:13.355965+09:00,선릉역,선릉역,POI034,KEY_1,2328. 르네상스 호텔 사거리 역삼지하보도 7번출구 앞,ST-811,170,17,10,127.04273224,37.50321198
2026-06-15T00:43:13.355965+09:00,선릉역,선릉역,POI034,KEY_1,2369. KT선릉타워,ST-1178,5,1,20,127.0528717,37.50542831
2026-06-15T00:43:13.355965+09:00,선릉역,선릉역,POI034,KEY_1,2319. 포스코사거리 서측(수협 삼성동 지점),ST-802,40,4,10,127.05467987,37.50660706
2026-06-15T00:43:13.355965+09:00,선릉역,선릉역,POI034,KEY_1,2329. 르네상스호텔사거리 역삼지하보도 2번출구,ST-812,10,1,10,127.04319,37.50235748
2026-06-15T00:43:13.355965+09:00,선릉역,선릉역,POI034,KEY_1,2332. 선릉역3번출구,ST-815,75,6,8,127.04903412,37.50410461
2026-06-15T00:43:13.355965+09:00,성신여대입구역,성신여대입구역,POI035,KEY_2,1337. 돈암성당 옆,ST-1201,31,4,13,127.01716614,37.59039307
2026-06-15T00:43:13.355965+09:00,성신여대입구역,성신여대입구역,POI035,KEY_2,1384.성신여대입구역 5번출구,ST-2225,262,34,13,127.01628876,37.59282684
2026-06-15T00:43:13.355965+09:00,성신여대입구역,성신여대입구역,POI035,KEY_2,1385.성신여대입구역 3번출구 앞,ST-2226,150,15,10,127.01628876,37.59236526
2026-06-15T00:43:13.355965+09:00,수유역,수유역,POI036,KEY_3,1512. 강북중학교 앞,ST-862,125,25,20,127.02656555,37.64473724
2026-06-15T00:43:13.355965+09:00,수유역,수유역,POI036,KEY_3,1526. 강북종합시장 앞,ST-1100,113,9,8,127.02462769,37.64173889
2026-06-15T00:43:13.355965+09:00,수유역,수유역,POI036,KEY_3,1503. 강북구청사거리(수유역 8번출구),ST-643,36,5,14,127.02672577,37.63926315
2026-06-15T00:43:13.355965+09:00,수유역,수유역,POI036,KEY_3,1520. 수유중앙시장,ST-650,243,17,7,127.022789,37.63986206
2026-06-15T00:43:13.355965+09:00,수유역,수유역,POI036,KEY_3,1569.수유역2번출구,ST-2137,0,0,10,127.02590179,37.63796997
2026-06-15T00:43:13.355965+09:00,수유역,수유역,POI036,KEY_3,1552. 강북구청사거리,ST-2125,113,9,8,127.02723694,37.63920212
2026-06-15T00:43:13.355965+09:00,수유역,수유역,POI036,KEY_3,1530. 광산사거리,ST-1104,108,14,13,127.0223465,37.64355087
2026-06-15T00:43:13.355965+09:00,수유역,수유역,POI036,KEY_3,1535. 효성인텔리안 앞,ST-1109,10,1,10,127.02337646,37.6362915
2026-06-15T00:43:13.355965+09:00,숭례문,숭례문,POI131,KEY_4,445.대한상공회의소,ST-1771,40,6,15,126.97410583,37.56015396
2026-06-15T00:43:13.355965+09:00,숭례문,숭례문,POI131,KEY_4,6060. 신한은행 본점,ST-3342,13,1,8,126.97480774,37.56077576
2026-06-15T00:43:13.355965+09:00,시의회 앞,시의회 앞,POI130,KEY_1,310. 청계광장 옆,ST-126,0,0,8,126.9774704,37.56887817
2026-06-15T00:43:13.355965+09:00,시의회 앞,시의회 앞,POI130,KEY_1,6058. 시청역 2번출구,ST-3297,7,1,15,126.97702026,37.56557846
2026-06-15T00:43:13.355965+09:00,신논현역·논현역,신논현역·논현역,POI037,KEY_2,2542.신논현타워 앞,ST-1926,10,1,10,127.02391052,37.50508881
2026-06-15T00:43:13.355965+09:00,신논현역·논현역,신논현역·논현역,POI037,KEY_2,2302. 교보타워 버스정류장(신논현역 3번출구 후면),ST-787,50,5,10,127.02427673,37.5055809
2026-06-15T00:43:13.355965+09:00,신논현역·논현역,신논현역·논현역,POI037,KEY_2,4347. 논현지하보도,ST-3332,80,8,10,127.02232361,37.50836945
2026-06-15T00:43:13.355965+09:00,신림역,신림역,POI039,KEY_4,2175. 신림동걷고싶은문화의거리입구,ST-1270,100,7,7,126.92870331,37.48730087
2026-06-15T00:43:13.355965+09:00,신림역,신림역,POI039,KEY_4,2102. 봉림교 교통섬,ST-702,123,16,13,126.92688751,37.48408508
2026-06-15T00:43:13.355965+09:00,신림역,신림역,POI039,KEY_4,2136. 신림역 8번출구,ST-976,38,3,8,126.93006897,37.48450851
2026-06-15T00:43:13.355965+09:00,신정네거리역,신정네거리역,POI117,KEY_1,722. 경서농협 버스정류장(우리은행신정동지점방향),ST-993,170,17,10,126.85738373,37.52151108
2026-06-15T00:43:13.355965+09:00,신정네거리역,신정네거리역,POI117,KEY_1,706. 신정네거리역,ST-313,153,23,15,126.85175323,37.5218811
2026-06-15T00:43:13.355965+09:00,신정네거리역,신정네거리역,POI117,KEY_1,4507. 신정제일시장,ST-2759,70,7,10,126.85499573,37.52122498
2026-06-15T00:43:13.355965+09:00,신정네거리역,신정네거리역,POI117,KEY_1,4510. 신정네거리역 교차로,ST-2762,8,1,13,126.85228729,37.52175903
2026-06-15T00:43:13.355965+09:00,신정네거리역,신정네거리역,POI117,KEY_1,4509. 서울영상고교 입구,ST-2761,180,27,15,126.85928345,37.52198029
2026-06-15T00:43:13.355965+09:00,신촌·이대역,신촌·이대역,POI040,KEY_2,150. 서강대역 2번출구 앞,ST-207,20,3,15,126.93434143,37.55295563
2026-06-15T00:43:13.355965+09:00,신촌·이대역,신촌·이대역,POI040,KEY_2,128. 신촌역(2호선) 1번출구 옆,ST-30,0,0,19,126.93634033,37.55549622
2026-06-15T00:43:13.355965+09:00,신촌·이대역,신촌·이대역,POI040,KEY_2,134. 연세로 명물길,ST-36,113,9,8,126.93807983,37.55789185
2026-06-15T00:43:13.355965+09:00,신촌·이대역,신촌·이대역,POI040,KEY_2,135. 명물길 원형무대 앞,ST-37,40,4,10,126.93984222,37.55922699
2026-06-15T00:43:13.355965+09:00,신촌·이대역,신촌·이대역,POI040,KEY_2,129. 신촌역(2호선) 6번출구 옆,ST-31,20,2,10,126.93756866,37.55505371
2026-06-15T00:43:13.355965+09:00,신촌·이대역,신촌·이대역,POI040,KEY_2,137. 신촌기차역입구 교차로,ST-39,10,1,10,126.9431839,37.55681229
2026-06-15T00:43:13.355965+09:00,신촌·이대역,신촌·이대역,POI040,KEY_2,130. 신촌역(2호선) 7번출구 앞,ST-32,0,0,10,126.93626404,37.5550499
2026-06-15T00:43:13.355965+09:00,신촌·이대역,신촌·이대역,POI040,KEY_2,3116.신촌역 4번출구,ST-2201,0,0,10,126.93720245,37.55550385
2026-06-15T00:43:13.355965+09:00,신촌·이대역,신촌·이대역,POI040,KEY_2,4248. 신촌 교보빌딩,ST-3021,0,0,10,126.94034576,37.5560112
2026-06-15T00:43:13.355965+09:00,신촌·이대역,신촌·이대역,POI040,KEY_2,4274. 신촌 파랑고래 입구,ST-3140,0,0,10,126.93603516,37.55687714
2026-06-15T00:43:13.355965+09:00,쌍문역,쌍문역,POI070,KEY_3,1709. 쌍문역4번출구 주변,ST-616,82,14,17,127.03534698,37.65012741
2026-06-15T00:43:13.355965+09:00,쌍문역,쌍문역,POI070,KEY_3,1774.정의여중고 버스정류소,ST-2119,238,19,8,127.034729,37.65134811
2026-06-15T00:43:13.355965+09:00,쌍문역,쌍문역,POI070,KEY_3,1754. 창동시장입구 사거리,ST-2099,73,8,11,127.03343201,37.64689636
2026-06-15T00:43:13.355965+09:00,쌍문역,쌍문역,POI070,KEY_3,4054. 창동한신아파트 버스정류소,ST-2722,280,28,10,127.03527069,37.64601898
2026-06-15T00:43:13.355965+09:00,양재역,양재역,POI041,KEY_4,2242.양재역 10번 출구 앞,ST-767,0,0,20,127.03417969,37.48398972
2026-06-15T00:43:13.355965+09:00,양재역,양재역,POI041,KEY_4,2333. 양재역 3번출구 주변,ST-816,79,11,14,127.03407288,37.48515701
2026-06-15T00:43:13.355965+09:00,양재역,양재역,POI041,KEY_4,2293. SPC 앞,ST-1360,60,6,10,127.03699493,37.48479843
2026-06-15T00:43:13.355965+09:00,양재역,양재역,POI041,KEY_4,4329. SC제일은행 양재동지점 앞,ST-2962,50,4,8,127.03315735,37.48573685
2026-06-15T00:43:13.355965+09:00,역삼역,역삼역,POI042,KEY_1,2410. 포스코피앤에스타워 (역삼역 3번출구 부근),ST-1680,90,9,10,127.03375244,37.49959946
2026-06-15T00:43:13.355965+09:00,역삼역,역삼역,POI042,KEY_1,2430.강남파이낸스센터앞(역삼역2번출구),ST-1896,110,11,10,127.03605652,37.50024414
2026-06-15T00:43:13.355965+09:00,역삼역,역삼역,POI042,KEY_1,2349. 역삼빌딩 앞(하나은행 옆),ST-959,133,16,12,127.03856659,37.50154495
2026-06-15T00:43:13.355965+09:00,연신내역,연신내역,POI043,KEY_2,922. 연신내역 4번출구,ST-470,0,0,10,126.92196655,37.61780167
2026-06-15T00:43:13.355965+09:00,연신내역,연신내역,POI043,KEY_2,949. 연신내역 1번 출구,ST-1035,300,18,6,126.92080688,37.61978149
2026-06-15T00:43:13.355965+09:00,연신내역,연신내역,POI043,KEY_2,906. 연신내역 5번출구,ST-454,125,10,8,126.91957855,37.61721039
2026-06-15T00:43:13.355965+09:00,오목교역·목동운동장,오목교역·목동운동장,POI044,KEY_3,771.목동아파트 703동 앞,ST-1997,175,14,8,126.87016296,37.52820587
2026-06-15T00:43:13.355965+09:00,오목교역·목동운동장,오목교역·목동운동장,POI044,KEY_3,791.현대하이페리온,ST-2016,147,22,15,126.86980438,37.52490234
2026-06-15T00:43:13.355965+09:00,오목교역·목동운동장,오목교역·목동운동장,POI044,KEY_3,756. 목동주차장,ST-1497,27,4,15,126.8761673,37.52667999
2026-06-15T00:43:13.355965+09:00,오목교역·목동운동장,오목교역·목동운동장,POI044,KEY_3,769.CBS방송국 앞,ST-1995,245,49,20,126.87467194,37.52785492
2026-06-15T00:43:13.355965+09:00,오목교역·목동운동장,오목교역·목동운동장,POI044,KEY_3,792.목동트라팰리스 웨스턴에비뉴,ST-2017,30,6,20,126.8709259,37.52537155
2026-06-15T00:43:13.355965+09:00,오목교역·목동운동장,오목교역·목동운동장,POI044,KEY_3,748. 목동운동장,ST-1019,67,10,15,126.87930298,37.53025055
2026-06-15T00:43:13.355965+09:00,오목교역·목동운동장,오목교역·목동운동장,POI044,KEY_3,703. 오목교역 7번출구 앞,ST-311,25,3,12,126.87524414,37.52362823
2026-06-15T00:43:13.355965+09:00,오목교역·목동운동장,오목교역·목동운동장,POI044,KEY_3,762. 오목로 무중력지대 앞,ST-1503,170,17,10,126.87766266,37.52474213
2026-06-15T00:43:13.355965+09:00,오목교역·목동운동장,오목교역·목동운동장,POI044,KEY_3,723. SBS방송국,ST-994,127,19,15,126.87274933,37.52916336
2026-06-15T00:43:13.355965+09:00,오목교역·목동운동장,오목교역·목동운동장,POI044,KEY_3,765. 오목교역 3번출구,ST-1731,0,0,12,126.87548065,37.52477646
2026-06-15T00:43:13.355965+09:00,오목교역·목동운동장,오목교역·목동운동장,POI044,KEY_3,747. 목동3단지 상가,ST-1018,10,1,10,126.8756485,37.53458023
2026-06-15T00:43:13.355965+09:00,오목교역·목동운동장,오목교역·목동운동장,POI044,KEY_3,731. 서울시 도로환경관리센터,ST-1002,130,13,10,126.87654114,37.5298996
2026-06-15T00:43:13.355965+09:00,오목교역·목동운동장,오목교역·목동운동장,POI044,KEY_3,4514. 목동성당 앞,ST-2764,115,23,20,126.86930084,37.52319717
2026-06-15T00:43:13.355965+09:00,오목교역·목동운동장,오목교역·목동운동장,POI044,KEY_3,4532. 목동현대아파트 후문 앞,ST-2879,200,20,10,126.87805939,37.5221405
2026-06-15T00:43:13.355965+09:00,오목교역·목동운동장,오목교역·목동운동장,POI044,KEY_3,4543. 오목교역 6번 출구,ST-3163,133,12,9,126.87567139,37.5236702
2026-06-15T00:43:13.355965+09:00,오목교역·목동운동장,오목교역·목동운동장,POI044,KEY_3,4546. 목동운동장 주경기장,ST-3227,213,64,30,126.88307953,37.52937698
2026-06-15T00:43:13.355965+09:00,왕십리역,왕십리역,POI045,KEY_4,558. 성동광진 교육지원청 앞,ST-359,90,18,20,127.03652191,37.56460571
2026-06-15T00:43:13.355965+09:00,왕십리역,왕십리역,POI045,KEY_4,525. 한양대병원사거리,ST-241,10,2,20,127.04035187,37.55805206
2026-06-15T00:43:13.355965+09:00,왕십리역,왕십리역,POI045,KEY_4,559. 왕십리역 4번 출구 건너편,ST-360,23,3,13,127.03679657,37.56109619
2026-06-15T00:43:13.355965+09:00,왕십리역,왕십리역,POI045,KEY_4,3561.행당동 삼부APT후문,ST-2343,50,5,10,127.03839874,37.55926895
2026-06-15T00:43:13.355965+09:00,왕십리역,왕십리역,POI045,KEY_4,3545.한양대역 1번출구,ST-2327,30,3,10,127.04335785,37.55657959
2026-06-15T00:43:13.355965+09:00,용산역,용산역,POI046,KEY_1,806. 전자랜드 본관 앞,ST-327,40,8,20,126.96073151,37.5330658
2026-06-15T00:43:13.355965+09:00,용산역,용산역,POI046,KEY_1,845. 용산 선인상가,ST-1615,19,3,16,126.96437836,37.53269958
2026-06-15T00:43:13.355965+09:00,용산역,용산역,POI046,KEY_1,853.용산역 맞은편,ST-2177,26,5,19,126.96595001,37.52841568
2026-06-15T00:43:13.355965+09:00,용산역,용산역,POI046,KEY_1,4617. 동원베네스트 건너편,ST-2448,100,6,6,126.95511627,37.52761078
2026-06-15T00:43:13.355965+09:00,용산역,용산역,POI046,KEY_1,4616. 신용산지하차도 앞,ST-2447,27,4,15,126.96411896,37.53248215
2026-06-15T00:43:13.355965+09:00,잠실새내역,잠실새내역,POI118,KEY_3,1222. 잠실새내역 5번 출구 뒤,ST-547,83,19,23,127.08505249,37.51198196
2026-06-15T00:43:13.355965+09:00,잠실새내역,잠실새내역,POI118,KEY_3,1224. 아시아지하보도 2번 출구,ST-548,73,11,15,127.07893372,37.51216888
2026-06-15T00:43:13.355965+09:00,잠실새내역,잠실새내역,POI118,KEY_3,2637. 아시아지하보도 14번 출구,ST-1864,13,2,15,127.07881165,37.51146317
2026-06-15T00:43:13.355965+09:00,잠실새내역,잠실새내역,POI118,KEY_3,2635.잠실새내역 1번출구,ST-1862,0,0,21,127.08673859,37.51129532
2026-06-15T00:43:13.355965+09:00,잠실역,잠실역,POI119,KEY_4,1232. 잠실주공 521동 건너편,ST-550,0,0,10,127.09568787,37.51184082
2026-06-15T00:43:13.355965+09:00,잠실역,잠실역,POI119,KEY_4,1210. 롯데월드타워(잠실역2번출구 쪽),ST-891,0,0,30,127.10095978,37.51312637
2026-06-15T00:43:13.355965+09:00,잠실역,잠실역,POI119,KEY_4,1231. 잠실역 6번출구,ST-840,8,1,13,127.09902954,37.51408768
2026-06-15T00:43:13.355965+09:00,잠실역,잠실역,POI119,KEY_4,2647.잠실 자전거 수리센터 앞,ST-1868,0,0,7,127.10114288,37.51100922
2026-06-15T00:43:13.355965+09:00,장지역,장지역,POI048,KEY_1,1266. 문정동 글샘 공원,ST-1085,10,1,10,127.12000275,37.47880936
2026-06-15T00:43:13.355965+09:00,장지역,장지역,POI048,KEY_1,1245. 문정 법조단지9,ST-905,0,0,10,127.12532806,37.47946548
2026-06-15T00:43:13.355965+09:00,장지역,장지역,POI048,KEY_1,1244. 문정 법조단지8,ST-904,118,13,11,127.12212372,37.48153687
2026-06-15T00:43:13.355965+09:00,장지역,장지역,POI048,KEY_1,1246. 문정 법조단지10,ST-906,3,1,30,127.12632751,37.47750854
2026-06-15T00:43:13.355965+09:00,장지역,장지역,POI048,KEY_1,1247. 문정 법조단지11,ST-907,0,0,15,127.12351227,37.4788208
2026-06-15T00:43:13.355965+09:00,장지역,장지역,POI048,KEY_1,4491. 장지역 1번출구,ST-2599,10,1,10,127.12678528,37.47953415
2026-06-15T00:43:13.355965+09:00,장지역,장지역,POI048,KEY_1,4885. 가든파이브 리빙관,ST-2985,113,9,8,127.123703,37.47709656
2026-06-15T00:43:13.355965+09:00,장한평역,장한평역,POI049,KEY_2,626. 군자교 서측 녹지대,ST-394,288,49,17,127.07096863,37.56115341
2026-06-15T00:43:13.355965+09:00,장한평역,장한평역,POI049,KEY_2,529. 장한평역 8번 출구 앞,ST-243,450,36,8,127.06365967,37.56137085
2026-06-15T00:43:13.355965+09:00,장한평역,장한평역,POI049,KEY_2,4385. 용답동 우체국 주변,ST-3099,240,12,5,127.06151581,37.56168747
2026-06-15T00:43:13.355965+09:00,장한평역,장한평역,POI049,KEY_2,4105. 서울교통공사사거리 교통섬,ST-2499,180,18,10,127.05799103,37.56324005
2026-06-15T00:43:13.355965+09:00,천호역,천호역,POI050,KEY_3,1264. 천호역 10번 출구 앞,ST-1083,0,0,8,127.12280273,37.53858185
2026-06-15T00:43:13.355965+09:00,천호역,천호역,POI050,KEY_3,1009. 천호역4번출구(현대백화점),ST-493,10,2,20,127.12424469,37.53866577
2026-06-15T00:43:13.355965+09:00,천호역,천호역,POI050,KEY_3,3657. 서울천호동우체국,ST-2732,460,46,10,127.12576294,37.54074097
2026-06-15T00:43:13.355965+09:00,총신대입구(이수)역,총신대입구(이수)역,POI051,KEY_4,2264. 이수역 1번출구,ST-935,67,6,9,126.98271942,37.48897171
2026-06-15T00:43:13.355965+09:00,총신대입구(이수)역,총신대입구(이수)역,POI051,KEY_4,2032. 이수역 11번출구쪽,ST-923,140,14,10,126.98162079,37.48550797
2026-06-15T00:43:13.355965+09:00,총신대입구(이수)역,총신대입구(이수)역,POI051,KEY_4,2082.7호선 이수역7번출구,ST-2355,10,1,10,126.98179626,37.4846077
2026-06-15T00:43:13.355965+09:00,총신대입구(이수)역,총신대입구(이수)역,POI051,KEY_4,2511. 이수역 6번출구 앞,ST-1739,150,15,10,126.98234558,37.48398972
2026-06-15T00:43:13.355965+09:00,총신대입구(이수)역,총신대입구(이수)역,POI051,KEY_4,2091. 이수역9번출구,ST-2364,180,27,15,126.98059082,37.48470306
2026-06-15T00:43:13.355965+09:00,충정로역,충정로역,POI052,KEY_1,180. 충정로역 7번출구 아래,ST-233,50,5,10,126.96246338,37.55996704
2026-06-15T00:43:13.355965+09:00,충정로역,충정로역,POI052,KEY_1,3114.충정로역 3번 출구,ST-2198,0,0,7,126.96552277,37.56046295
2026-06-15T00:43:13.355965+09:00,충정로역,충정로역,POI052,KEY_1,3134.SK리쳄블(서울아리수본부),ST-2219,30,3,10,126.96658325,37.56131744
2026-06-15T00:43:13.355965+09:00,충정로역,충정로역,POI052,KEY_1,4752. 삼성사이버빌리지아파트,ST-2624,43,3,7,126.96485901,37.55891418
2026-06-15T00:43:13.355965+09:00,충정로역,충정로역,POI052,KEY_1,4266.국민연금공단충정로사옥,ST-3027,22,2,9,126.96414948,37.56184769
2026-06-15T00:43:13.355965+09:00,충정로역,충정로역,POI052,KEY_1,4801. 충정로역 2호선(엘리베이터 앞),ST-3053,0,0,5,126.96414185,37.55937576
2026-06-15T00:43:13.355965+09:00,충정로역,충정로역,POI052,KEY_1,4271. 충정로역 1번 출구,ST-3107,57,4,7,126.96305847,37.55942535
2026-06-15T00:43:13.355965+09:00,합정역,합정역,POI053,KEY_2,105. 합정역 5번출구 앞,ST-7,60,3,5,126.91482544,37.55000687
2026-06-15T00:43:13.355965+09:00,합정역,합정역,POI053,KEY_2,497.합정동주민센터 앞,ST-2156,12,3,25,126.91230011,37.551754
2026-06-15T00:43:13.355965+09:00,합정역,합정역,POI053,KEY_2,106. 합정역 7번출구 앞,ST-8,8,1,12,126.91282654,37.54864502
2026-06-15T00:43:13.355965+09:00,합정역,합정역,POI053,KEY_2,4211. 시석빌딩 앞,ST-2534,38,3,8,126.91671753,37.54836655
2026-06-15T00:43:13.355965+09:00,혜화역,혜화역,POI054,KEY_3,341. 혜화역 3번출구 뒤,ST-157,13,1,8,127.00178528,37.58156967
2026-06-15T00:43:13.355965+09:00,혜화역,혜화역,POI054,KEY_3,342. 대학로 마로니에공원,ST-158,36,8,22,127.00234222,37.58044434
2026-06-15T00:43:13.355965+09:00,혜화역,혜화역,POI054,KEY_3,358. 성균관대입구 사거리 A,ST-173,8,1,13,126.99853516,37.58250046
2026-06-15T00:43:13.355965+09:00,혜화역,혜화역,POI054,KEY_3,3420. 성균관대입구 사거리 B,ST-1817,0,0,10,126.99885559,37.58327484
2026-06-15T00:43:13.355965+09:00,혜화역,혜화역,POI054,KEY_3,3421.혜화역 1번출구,ST-1818,20,2,10,127.00185394,37.58385468
2026-06-15T00:43:13.355965+09:00,혜화역,혜화역,POI054,KEY_3,3419.국립어린이과학관,ST-1816,0,0,14,126.99736786,37.58194733
2026-06-15T00:43:13.355965+09:00,홍대입구역(2호선),홍대입구역(2호선),POI055,KEY_4,113. 홍대입구역 2번출구 앞,ST-18,4,1,28,126.9238205,37.5574379
2026-06-15T00:43:13.355965+09:00,홍대입구역(2호선),홍대입구역(2호선),POI055,KEY_4,114. 홍대입구역 8번출구 앞,ST-20,0,0,15,126.92442322,37.55706024
2026-06-15T00:43:13.355965+09:00,회기역,회기역,POI056,KEY_1,680.꿈마루어린이도서관 앞,ST-2280,91,20,22,127.05741119,37.59238434
2026-06-15T00:43:13.355965+09:00,회기역,회기역,POI056,KEY_1,670.삼육서울병원 버스정류장,ST-2270,111,10,9,127.06151581,37.5896759
2026-06-15T01:43:04.052578+09:00,광화문·덕수궁,광화문·덕수궁,POI009,KEY_2,310. 청계광장 옆,ST-126,0,0,8,126.9774704,37.56887817
2026-06-15T01:43:04.052578+09:00,광화문·덕수궁,광화문·덕수궁,POI009,KEY_2,391. 시립미술관,ST-977,0,0,8,126.97340393,37.56505203
2026-06-15T01:43:04.052578+09:00,광화문·덕수궁,광화문·덕수궁,POI009,KEY_2,4719. 종로문화원 건너편,ST-3090,0,0,15,126.9805069,37.57571411
2026-06-15T01:43:04.052578+09:00,광화문·덕수궁,광화문·덕수궁,POI009,KEY_2,6058. 시청역 2번출구,ST-3297,7,1,15,126.97702026,37.56557846
2026-06-15T01:43:04.052578+09:00,광화문·덕수궁,광화문·덕수궁,POI009,KEY_2,4796. 서울시청,ST-2693,0,0,20,126.97925568,37.5664711
2026-06-15T01:43:04.052578+09:00,보신각,보신각,POI010,KEY_3,316. 종각역 1번출구 앞,ST-132,13,1,8,126.98178864,37.57039642
2026-06-15T01:43:04.052578+09:00,보신각,보신각,POI010,KEY_3,385. 종각역 5번출구,ST-336,0,0,10,126.98265839,37.56983566
2026-06-15T01:43:04.052578+09:00,보신각,보신각,POI010,KEY_3,3408.종로타워빌딩,ST-1805,8,1,13,126.98323822,37.57070541
2026-06-15T01:43:04.052578+09:00,보신각,보신각,POI010,KEY_3,4708. 조계사앞사거리,ST-2472,17,1,6,126.98283386,37.5721817
2026-06-15T01:43:04.052578+09:00,서울 암사동 유적,서울 암사동 유적,POI011,KEY_4,1007.암사동 선사유적지,ST-491,36,5,14,127.13087463,37.55955887
2026-06-15T01:43:04.052578+09:00,서울 암사동 유적,서울 암사동 유적,POI011,KEY_4,3539. 서원마을,ST-1686,150,15,10,127.13283539,37.56379318
2026-06-15T01:43:04.052578+09:00,창덕궁·종묘,창덕궁·종묘,POI012,KEY_1,339. 종로4가 사거리,ST-155,10,1,10,126.99819183,37.57106781
2026-06-15T01:43:04.052578+09:00,창덕궁·종묘,창덕궁·종묘,POI012,KEY_1,337. 창경궁 입구,ST-153,140,7,5,126.99647522,37.57897949
2026-06-15T01:43:04.052578+09:00,창덕궁·종묘,창덕궁·종묘,POI012,KEY_1,359. 원남동사거리,ST-174,13,1,8,126.99768066,37.57606125
2026-06-15T01:43:04.052578+09:00,창덕궁·종묘,창덕궁·종묘,POI012,KEY_1,338. 세운스퀘어 앞,ST-154,0,0,18,126.99712372,37.57095718
2026-06-15T01:43:04.052578+09:00,창덕궁·종묘,창덕궁·종묘,POI012,KEY_1,3411.종묘,ST-1808,56,5,9,126.99437714,37.57072067
2026-06-15T01:43:04.052578+09:00,창덕궁·종묘,창덕궁·종묘,POI012,KEY_1,3410.종로3가역 8번출구,ST-1807,0,0,10,126.99188995,37.5724678
2026-06-15T01:43:04.052578+09:00,창덕궁·종묘,창덕궁·종묘,POI012,KEY_1,3413.종로플레이스,ST-1810,73,16,22,126.99796295,37.57320023
2026-06-15T01:43:04.052578+09:00,동대문 관광특구,동대문 관광특구,POI002,KEY_3,383. 신당역 12번 출구 뒤,ST-198,117,28,24,127.01642609,37.56591797
2026-06-15T01:43:04.052578+09:00,동대문 관광특구,동대문 관광특구,POI002,KEY_3,475.DDP 패션몰,ST-1781,86,18,21,127.0118103,37.56764984
2026-06-15T01:43:04.052578+09:00,동대문 관광특구,동대문 관광특구,POI002,KEY_3,474.동대문역사문화공원역 1번출구 뒤편,ST-1780,15,6,40,127.00849152,37.56629944
2026-06-15T01:43:04.052578+09:00,동대문 관광특구,동대문 관광특구,POI002,KEY_3,346. 맥스타일 앞,ST-162,80,8,10,127.01014709,37.5689621
2026-06-15T01:43:04.052578+09:00,동대문 관광특구,동대문 관광특구,POI002,KEY_3,347. 동대문역사문화공원역 9번출구 앞,ST-163,33,6,18,127.00784302,37.56533051
2026-06-15T01:43:04.052578+09:00,동대문 관광특구,동대문 관광특구,POI002,KEY_3,6061.충무아트센터,ST-3381,160,16,10,127.01522064,37.56538773
2026-06-15T01:43:04.052578+09:00,동대문 관광특구,동대문 관광특구,POI002,KEY_3,4765. 동대문디자인플라자,ST-2431,80,16,20,127.00946045,37.5683136
2026-06-15T01:43:04.052578+09:00,명동 관광특구,명동 관광특구,POI003,KEY_4,324. 신세계백화점 본점 앞,ST-140,0,0,8,126.9805069,37.56134415
2026-06-15T01:43:04.052578+09:00,명동 관광특구,명동 관광특구,POI003,KEY_4,310. 청계광장 옆,ST-126,0,0,8,126.9774704,37.56887817
2026-06-15T01:43:04.052578+09:00,명동 관광특구,명동 관광특구,POI003,KEY_4,466.롯데호텔,ST-1772,0,0,13,126.97981262,37.56584167
2026-06-15T01:43:04.052578+09:00,명동 관광특구,명동 관광특구,POI003,KEY_4,321. KEB 하나금융그룹 명동사옥 옆,ST-137,0,0,15,126.98413849,37.56546402
2026-06-15T01:43:04.052578+09:00,명동 관광특구,명동 관광특구,POI003,KEY_4,433. 을지로입구역 2번출구,ST-1668,0,0,12,126.98229218,37.56634521
2026-06-15T01:43:04.052578+09:00,명동 관광특구,명동 관광특구,POI003,KEY_4,322. 명동성당 앞,ST-138,0,0,10,126.98696899,37.56447601
2026-06-15T01:43:04.052578+09:00,명동 관광특구,명동 관광특구,POI003,KEY_4,318. 광교사거리 남측,ST-134,0,0,10,126.98231506,37.56863403
2026-06-15T01:43:04.052578+09:00,명동 관광특구,명동 관광특구,POI003,KEY_4,320. 을지로입구역 4번출구 앞,ST-136,0,0,17,126.98358917,37.56622314
2026-06-15T01:43:04.052578+09:00,명동 관광특구,명동 관광특구,POI003,KEY_4,331. 을지로2가 사거리 북측,ST-147,0,0,10,126.98720551,37.56638336
2026-06-15T01:43:04.052578+09:00,명동 관광특구,명동 관광특구,POI003,KEY_4,398. 을지로3가역 3번출구,ST-1435,0,0,8,126.99249268,37.56660461
2026-06-15T01:43:04.052578+09:00,명동 관광특구,명동 관광특구,POI003,KEY_4,3013.서울지방고용노동청 앞,ST-2422,0,0,7,126.98725891,37.56760406
2026-06-15T01:43:04.052578+09:00,명동 관광특구,명동 관광특구,POI003,KEY_4,4775. 을지로지하쇼핑센터,ST-2521,0,0,10,126.98445129,37.56589127
2026-06-15T01:43:04.052578+09:00,명동 관광특구,명동 관광특구,POI003,KEY_4,4762. 국제빌딩,ST-2517,0,0,10,126.98244476,37.56694794
2026-06-15T01:43:04.052578+09:00,명동 관광특구,명동 관광특구,POI003,KEY_4,6058. 시청역 2번출구,ST-3297,7,1,15,126.97702026,37.56557846
2026-06-15T01:43:04.052578+09:00,명동 관광특구,명동 관광특구,POI003,KEY_4,4774. 을지로입구역 8번출구,ST-2520,0,0,9,126.98178101,37.56590271
2026-06-15T01:43:04.052578+09:00,명동 관광특구,명동 관광특구,POI003,KEY_4,4791. 명동역9번 출구,ST-2527,0,0,10,126.98749542,37.56122589
2026-06-15T01:43:04.052578+09:00,명동 관광특구,명동 관광특구,POI003,KEY_4,4776. 신세계면세점,ST-2522,0,0,10,126.98139191,37.56027603
2026-06-15T01:43:04.052578+09:00,명동 관광특구,명동 관광특구,POI003,KEY_4,4796. 서울시청,ST-2693,0,0,20,126.97925568,37.5664711
2026-06-15T01:43:04.052578+09:00,이태원 관광특구,이태원 관광특구,POI004,KEY_1,854.HID 유족동지회 앞,ST-2178,0,0,10,127.0014801,37.53850937
2026-06-15T01:43:04.052578+09:00,이태원 관광특구,이태원 관광특구,POI004,KEY_1,857. 현대 안성타워,ST-2181,0,0,10,126.99797058,37.53508759
2026-06-15T01:43:04.052578+09:00,이태원 관광특구,이태원 관광특구,POI004,KEY_1,843. 이태원관광특구 입구(용산구청방향),ST-1445,5,1,19,126.98867035,37.53379822
2026-06-15T01:43:04.052578+09:00,이태원 관광특구,이태원 관광특구,POI004,KEY_1,4623. 라인프랜즈이태원점 앞,ST-2453,0,0,10,126.99619293,37.53453064
2026-06-15T01:43:04.052578+09:00,이태원 관광특구,이태원 관광특구,POI004,KEY_1,4613. 서울갤러리아 앞,ST-2445,0,0,5,126.99937439,37.53597641
2026-06-15T01:43:04.052578+09:00,이태원 관광특구,이태원 관광특구,POI004,KEY_1,4634. 이태원역 3번 출구,ST-3056,0,0,5,126.99497223,37.5343895
2026-06-15T01:43:04.052578+09:00,이태원 관광특구,이태원 관광특구,POI004,KEY_1,4612. 이태원로 255,ST-2444,20,1,5,127.00084686,37.53749847
2026-06-15T01:43:04.052578+09:00,잠실 관광특구,잠실 관광특구,POI005,KEY_2,1232. 잠실주공 521동 건너편,ST-550,0,0,10,127.09568787,37.51184082
2026-06-15T01:43:04.052578+09:00,잠실 관광특구,잠실 관광특구,POI005,KEY_2,1210. 롯데월드타워(잠실역2번출구 쪽),ST-891,0,0,30,127.10095978,37.51312637
2026-06-15T01:43:04.052578+09:00,잠실 관광특구,잠실 관광특구,POI005,KEY_2,1267. 올림픽공원 남2문 앞,ST-1086,36,5,14,127.12306976,37.51424026
2026-06-15T01:43:04.052578+09:00,잠실 관광특구,잠실 관광특구,POI005,KEY_2,1268. 몽촌토성역 1번출구 옆,ST-1087,7,1,15,127.11419678,37.51728821
2026-06-15T01:43:04.052578+09:00,잠실 관광특구,잠실 관광특구,POI005,KEY_2,1297. 석촌호수교차로(동호 팔각정 앞),ST-1586,0,0,15,127.10411835,37.50920105
2026-06-15T01:43:04.052578+09:00,잠실 관광특구,잠실 관광특구,POI005,KEY_2,1233. 잠실3거리(갤러리아팰리스),ST-551,56,5,9,127.09336853,37.51050949
2026-06-15T01:43:04.052578+09:00,잠실 관광특구,잠실 관광특구,POI005,KEY_2,1296. 석촌호수교차로 (송파나루근린공원 앞),ST-1585,0,0,10,127.1034317,37.50867844
2026-06-15T01:43:04.052578+09:00,잠실 관광특구,잠실 관광특구,POI005,KEY_2,2601. 석촌호수 아뜰리에,ST-1590,13,2,16,127.09883118,37.5067482
2026-06-15T01:43:04.052578+09:00,잠실 관광특구,잠실 관광특구,POI005,KEY_2,2608. 송파구청,ST-1681,0,0,10,127.10611725,37.51499176
2026-06-15T01:43:04.052578+09:00,잠실 관광특구,잠실 관광특구,POI005,KEY_2,2647.잠실 자전거 수리센터 앞,ST-1868,0,0,7,127.10114288,37.51100922
2026-06-15T01:43:04.052578+09:00,잠실 관광특구,잠실 관광특구,POI005,KEY_2,2622. 올림픽공원역 3번출구,ST-1720,0,0,20,127.13059235,37.51625824
2026-06-15T01:43:04.052578+09:00,잠실 관광특구,잠실 관광특구,POI005,KEY_2,2621. 한성백제역 2번 출구,ST-1719,13,2,15,127.11625671,37.51665878
2026-06-15T01:43:04.052578+09:00,잠실 관광특구,잠실 관광특구,POI005,KEY_2,5751. 송파여성축구장,ST-3069,0,0,10,127.11743927,37.52471542
2026-06-15T01:43:04.052578+09:00,잠실 관광특구,잠실 관광특구,POI005,KEY_2,4464. 올림픽공원 북2문 A,ST-2580,27,4,15,127.12804413,37.52357483
2026-06-15T01:43:04.052578+09:00,잠실 관광특구,잠실 관광특구,POI005,KEY_2,5781. 올림픽공원 수영장,ST-3300,86,12,14,127.12688446,37.52157211
2026-06-15T01:43:04.052578+09:00,잠실 관광특구,잠실 관광특구,POI005,KEY_2,4481. 올림픽공원 북2문 B,ST-2592,92,23,25,127.12751007,37.52397537
2026-06-15T01:43:04.052578+09:00,잠실 관광특구,잠실 관광특구,POI005,KEY_2,4857. 올림픽공원 장미광장,ST-2621,7,1,15,127.126297,37.51275635
2026-06-15T01:43:04.052578+09:00,잠실 관광특구,잠실 관광특구,POI005,KEY_2,4868. 석촌호수 서호 남단,ST-2833,70,7,10,127.10124207,37.50717163
2026-06-15T01:43:04.052578+09:00,잠실 관광특구,잠실 관광특구,POI005,KEY_2,4865. 한성백제역 1번출구 뒤,ST-2797,140,7,5,127.1149826,37.51647949
2026-06-15T01:43:04.052578+09:00,잠실 관광특구,잠실 관광특구,POI005,KEY_2,5768.방이삼거리,ST-3214,25,3,12,127.10822296,37.51237488
2026-06-15T01:43:04.052578+09:00,잠실 관광특구,잠실 관광특구,POI005,KEY_2,4862. 성내교 남단,ST-2756,70,7,10,127.11588287,37.52301788
2026-06-15T01:43:04.052578+09:00,잠실 관광특구,잠실 관광특구,POI005,KEY_2,4856. 올림픽공원 서1문 앞,ST-2608,80,8,10,127.11457062,37.5202179
2026-06-15T01:43:04.052578+09:00,잠실 관광특구,잠실 관광특구,POI005,KEY_2,4870. 몽촌토성역 3번 출구,ST-2876,70,7,10,127.11232758,37.5170784
2026-06-15T01:43:04.052578+09:00,종로·청계 관광특구,종로·청계 관광특구,POI006,KEY_3,455. 종로6가역 버스정류장(동대문 방향),ST-1608,50,4,8,127.00605774,37.570961
2026-06-15T01:43:04.052578+09:00,종로·청계 관광특구,종로·청계 관광특구,POI006,KEY_3,368. SK 서린빌딩 앞,ST-181,0,0,15,126.98053741,37.5692482
2026-06-15T01:43:04.052578+09:00,종로·청계 관광특구,종로·청계 관광특구,POI006,KEY_3,397. 종묘공영주차장 건너편,ST-1432,8,1,13,126.99663544,37.57048035
2026-06-15T01:43:04.052578+09:00,종로·청계 관광특구,종로·청계 관광특구,POI006,KEY_3,385. 종각역 5번출구,ST-336,0,0,10,126.98265839,37.56983566
2026-06-15T01:43:04.052578+09:00,종로·청계 관광특구,종로·청계 관광특구,POI006,KEY_3,393. 동대문역 8번 출구,ST-1372,50,6,12,127.00937653,37.57014084
2026-06-15T01:43:04.052578+09:00,종로·청계 관광특구,종로·청계 관광특구,POI006,KEY_3,335. 종로3가역 15번출구 뒤,ST-151,0,0,10,126.99165344,37.57019424
2026-06-15T01:43:04.052578+09:00,종로·청계 관광특구,종로·청계 관광특구,POI006,KEY_3,329. 청계2가 사거리 옆,ST-145,13,1,8,126.98788452,37.56848526
2026-06-15T01:43:04.052578+09:00,종로·청계 관광특구,종로·청계 관광특구,POI006,KEY_3,3412.세운상가,ST-1809,0,0,15,126.99454498,37.5703125
2026-06-15T01:43:04.052578+09:00,종로·청계 관광특구,종로·청계 관광특구,POI006,KEY_3,3432.종로2가 사거리,ST-1829,7,1,14,126.98880768,37.57001877
2026-06-15T01:43:04.052578+09:00,종로·청계 관광특구,종로·청계 관광특구,POI006,KEY_3,3415.동대문역6번출구,ST-1812,133,20,15,127.0107193,37.57147217
2026-06-15T01:43:04.052578+09:00,종로·청계 관광특구,종로·청계 관광특구,POI006,KEY_3,4707. 청계3가 사거리,ST-2513,40,2,5,126.99211884,37.56855774
2026-06-15T01:43:04.052578+09:00,홍대 관광특구,홍대 관광특구,POI007,KEY_4,113. 홍대입구역 2번출구 앞,ST-18,0,0,28,126.9238205,37.5574379
2026-06-15T01:43:04.052578+09:00,홍대 관광특구,홍대 관광특구,POI007,KEY_4,493.홍대입구역 6번출구,ST-2152,0,0,7,126.9288559,37.55657578
2026-06-15T01:43:04.052578+09:00,홍대 관광특구,홍대 관광특구,POI007,KEY_4,104. 합정역 1번출구 앞,ST-6,8,1,13,126.91508484,37.55073929
2026-06-15T01:43:04.052578+09:00,홍대 관광특구,홍대 관광특구,POI007,KEY_4,108. 서교동 사거리,ST-10,0,0,12,126.91861725,37.55274582
2026-06-15T01:43:04.052578+09:00,홍대 관광특구,홍대 관광특구,POI007,KEY_4,114. 홍대입구역 8번출구 앞,ST-20,0,0,15,126.92442322,37.55706024
2026-06-15T01:43:04.052578+09:00,홍대 관광특구,홍대 관광특구,POI007,KEY_4,3010.홍대입구역 3번출구,ST-2168,0,0,15,126.92538452,37.5582962
2026-06-15T01:43:04.052578+09:00,홍대 관광특구,홍대 관광특구,POI007,KEY_4,3009. 홍대입구역 사거리,ST-2167,0,0,20,126.92023468,37.55450058
2026-06-15T01:43:04.052578+09:00,홍대 관광특구,홍대 관광특구,POI007,KEY_4,4208. 스타벅스(동교동) 앞,ST-2532,0,0,10,126.91986847,37.5566597
2026-06-15T01:43:04.052578+09:00,홍대 관광특구,홍대 관광특구,POI007,KEY_4,4211. 시석빌딩 앞,ST-2534,0,0,8,126.91671753,37.54836655
2026-06-15T01:43:04.052578+09:00,국립중앙박물관·용산가족공원,국립중앙박물관·용산가족공원,POI089,KEY_1,855.이촌역5번출구 앞,ST-2179,110,11,10,126.97277069,37.52272415
2026-06-15T01:43:04.052578+09:00,국립중앙박물관·용산가족공원,국립중앙박물관·용산가족공원,POI089,KEY_1,863.이촌역2번 출구,ST-2187,20,2,10,126.977005,37.52177048
2026-06-15T01:43:04.052578+09:00,남산공원,남산공원,POI091,KEY_3,859.남산공원 야외식물원 앞,ST-2183,0,0,10,126.99586487,37.54188538
2026-06-15T01:43:04.052578+09:00,남산공원,남산공원,POI091,KEY_3,371. 동대입구역 6번출구 뒤,ST-186,10,1,10,127.00553894,37.55887222
2026-06-15T01:43:04.052578+09:00,남산공원,남산공원,POI091,KEY_3,381. 장충체육관,ST-196,10,1,10,127.00698853,37.55853271
2026-06-15T01:43:04.052578+09:00,남산공원,남산공원,POI091,KEY_3,4621. 남산도서관 앞,ST-3054,0,0,12,126.98201752,37.55240631
2026-06-15T01:43:04.052578+09:00,노들섬,노들섬,POI092,KEY_4,869.노들섬 동측 앞,ST-2239,60,6,10,126.95914459,37.51729584
2026-06-15T01:43:04.052578+09:00,노들섬,노들섬,POI092,KEY_4,870.노들섬 서측 앞,ST-2240,100,10,10,126.95829773,37.51731873
2026-06-15T01:43:04.052578+09:00,망원한강공원,망원한강공원,POI094,KEY_2,105. 합정역 5번출구 앞,ST-7,20,1,5,126.91482544,37.55000687
2026-06-15T01:43:04.052578+09:00,망원한강공원,망원한강공원,POI094,KEY_2,4217. 한강공원 망원나들목,ST-2905,20,4,20,126.89688873,37.55557632
2026-06-15T01:43:04.052578+09:00,망원한강공원,망원한강공원,POI094,KEY_2,5515.한강버스 망원 선착장,ST-3388,100,30,30,126.89590454,37.55466461
2026-06-15T01:43:04.052578+09:00,보라매공원,보라매공원,POI123,KEY_4,4181. 보라매공원역 2번출구,ST-3117,67,4,6,126.91781616,37.49582291
2026-06-15T01:43:04.052578+09:00,보라매공원,보라매공원,POI123,KEY_4,4179. 보라매병원역 1번출구,ST-3105,155,31,20,126.92362976,37.49304199
2026-06-15T01:43:04.052578+09:00,북서울꿈의숲,북서울꿈의숲,POI096,KEY_1,1548. 북서울 꿈의숲 서문,ST-1725,47,7,15,127.03781128,37.62268829
2026-06-15T01:43:04.052578+09:00,북서울꿈의숲,북서울꿈의숲,POI096,KEY_1,3718. 번동3단지 버스정류장,ST-2610,182,20,11,127.04390717,37.628685
2026-06-15T01:43:04.052578+09:00,북서울꿈의숲,북서울꿈의숲,POI096,KEY_1,1571.북서울 꿈의 숲 입구,ST-2401,170,17,10,127.03864288,37.62657166
2026-06-15T01:43:04.052578+09:00,서대문독립공원,서대문독립공원,POI124,KEY_2,367. 독립문역 3-1번출구,ST-180,169,22,13,126.95851898,37.57415771
2026-06-15T01:43:04.052578+09:00,서대문독립공원,서대문독립공원,POI124,KEY_2,3113. 독립문 앞,ST-2199,80,12,15,126.95974731,37.57220459
2026-06-15T01:43:04.052578+09:00,서대문독립공원,서대문독립공원,POI124,KEY_2,3427.인왕산 아이파크 정문,ST-1824,250,20,8,126.95584869,37.57666779
2026-06-15T01:43:04.052578+09:00,서대문독립공원,서대문독립공원,POI124,KEY_2,3426.독립문역 2번출구 뒤,ST-1823,130,13,10,126.95755005,37.57501602
2026-06-15T01:43:04.052578+09:00,서리풀공원·몽마르뜨공원,서리풀공원·몽마르뜨공원,POI098,KEY_3,4316. 고속터미널역 3번출구,ST-2667,16,4,25,127.0059433,37.50365829
2026-06-15T01:43:04.052578+09:00,서리풀공원·몽마르뜨공원,서리풀공원·몽마르뜨공원,POI098,KEY_3,4327. 몽마르뜨공원입구,ST-3009,64,7,11,127.0026474,37.4928894
2026-06-15T01:43:04.052578+09:00,서리풀공원·몽마르뜨공원,서리풀공원·몽마르뜨공원,POI098,KEY_3,4312. 반포미도2차아파트 옆,ST-2663,30,3,10,127.00653076,37.50320435
2026-06-15T01:43:04.052578+09:00,서울숲공원,서울숲공원,POI101,KEY_1,510. 뚝도아리수정수센터 버스정류소 옆,ST-107,193,29,15,127.04380035,37.54122162
2026-06-15T01:43:04.052578+09:00,서울숲공원,서울숲공원,POI101,KEY_1,3552.서울숲 공영주차장앞,ST-2334,100,19,19,127.04277039,37.54195786
2026-06-15T01:43:04.052578+09:00,서울숲공원,서울숲공원,POI101,KEY_1,4401.뚝섬유수지 공영주차장,ST-3393,50,5,10,127.042099,37.55018234
2026-06-15T01:43:04.052578+09:00,송현녹지광장,송현녹지광장,POI129,KEY_2,354. 포르투갈 대사관 앞,ST-170,20,2,10,126.98896027,37.57915497
2026-06-15T01:43:04.052578+09:00,송현녹지광장,송현녹지광장,POI129,KEY_2,353. 재동초교 앞 삼거리,ST-169,13,1,8,126.9849472,37.57938766
2026-06-15T01:43:04.052578+09:00,송현녹지광장,송현녹지광장,POI129,KEY_2,314. 국립현대미술관,ST-130,0,0,10,126.98085785,37.5797081
2026-06-15T01:43:04.052578+09:00,송현녹지광장,송현녹지광장,POI129,KEY_2,3407.안국동사거리(신),ST-1804,6,1,18,126.98339081,37.57580566
2026-06-15T01:43:04.052578+09:00,송현녹지광장,송현녹지광장,POI129,KEY_2,4719. 종로문화원 건너편,ST-3090,0,0,15,126.9805069,37.57571411
2026-06-15T01:43:04.052578+09:00,송현녹지광장,송현녹지광장,POI129,KEY_2,4705. 웰니스센터(민방위교육장 앞),ST-2565,50,3,6,126.98912811,37.57752991
2026-06-15T01:43:04.052578+09:00,어린이대공원,어린이대공원,POI104,KEY_2,573. 구의문주차장 앞,ST-384,140,14,10,127.08473206,37.54523087
2026-06-15T01:43:04.052578+09:00,어린이대공원,어린이대공원,POI104,KEY_2,500. 어린이대공원역 3번출구 앞,ST-97,240,12,5,127.07466888,37.54697037
2026-06-15T01:43:04.052578+09:00,어린이대공원,어린이대공원,POI104,KEY_2,574. 아차산역4번출구,ST-385,127,28,22,127.08898163,37.55184937
2026-06-15T01:43:04.052578+09:00,어린이대공원,어린이대공원,POI104,KEY_2,3853. 어린이대공원역 2번출구,ST-2541,33,6,18,127.07470703,37.54764938
2026-06-15T01:43:04.052578+09:00,어린이대공원,어린이대공원,POI104,KEY_2,3507. 어린이회관,ST-1192,55,17,31,127.07800293,37.54595184
2026-06-15T01:43:04.052578+09:00,어린이대공원,어린이대공원,POI104,KEY_2,3860. 건국대학교 정문 앞,ST-2542,160,16,10,127.07571411,37.5465126
2026-06-15T01:43:04.052578+09:00,어린이대공원,어린이대공원,POI104,KEY_2,3529. 어린이대공원정문,ST-1603,47,7,15,127.07592773,37.54978943
2026-06-15T01:43:04.052578+09:00,어린이대공원,어린이대공원,POI104,KEY_2,3573.광나루안전체험관,ST-2312,120,18,15,127.07671356,37.5513382
2026-06-15T01:43:04.052578+09:00,여의도한강공원,여의도한강공원,POI105,KEY_3,260. 여의도 마리나선착장 앞,ST-414,100,15,15,126.91216278,37.53365707
2026-06-15T01:43:04.052578+09:00,여의도한강공원,여의도한강공원,POI105,KEY_3,249. 여의도중학교 옆,ST-297,31,5,16,126.93580627,37.52457809
2026-06-15T01:43:04.052578+09:00,여의도한강공원,여의도한강공원,POI105,KEY_3,5891.한강버스 여의도 선착장,ST-3402,47,14,30,126.93422699,37.52816391
2026-06-15T01:43:04.052578+09:00,여의도한강공원,여의도한강공원,POI105,KEY_3,5890.여의나루역 3번출구,ST-3401,64,7,11,126.93336487,37.52645493
2026-06-15T01:43:04.052578+09:00,여의서로,여의서로,POI126,KEY_4,260. 여의도 마리나선착장 앞,ST-414,100,15,15,126.91216278,37.53365707
2026-06-15T01:43:04.052578+09:00,여의서로,여의서로,POI126,KEY_4,298.KBS 연구동 건너편,ST-1970,60,15,25,126.91374207,37.52724838
2026-06-15T01:43:04.052578+09:00,여의서로,여의서로,POI126,KEY_4,297.국회3문,ST-1969,10,1,10,126.91267395,37.52863693
2026-06-15T01:43:04.052578+09:00,올림픽공원,올림픽공원,POI127,KEY_1,1267. 올림픽공원 남2문 앞,ST-1086,36,5,14,127.12306976,37.51424026
2026-06-15T01:43:04.052578+09:00,올림픽공원,올림픽공원,POI127,KEY_1,1268. 몽촌토성역 1번출구 옆,ST-1087,7,1,15,127.11419678,37.51728821
2026-06-15T01:43:04.052578+09:00,올림픽공원,올림픽공원,POI127,KEY_1,2622. 올림픽공원역 3번출구,ST-1720,0,0,20,127.13059235,37.51625824
2026-06-15T01:43:04.052578+09:00,올림픽공원,올림픽공원,POI127,KEY_1,2621. 한성백제역 2번 출구,ST-1719,13,2,15,127.11625671,37.51665878
2026-06-15T01:43:04.052578+09:00,올림픽공원,올림픽공원,POI127,KEY_1,5751. 송파여성축구장,ST-3069,0,0,10,127.11743927,37.52471542
2026-06-15T01:43:04.052578+09:00,올림픽공원,올림픽공원,POI127,KEY_1,4464. 올림픽공원 북2문 A,ST-2580,27,4,15,127.12804413,37.52357483
2026-06-15T01:43:04.052578+09:00,올림픽공원,올림픽공원,POI127,KEY_1,5781. 올림픽공원 수영장,ST-3300,86,12,14,127.12688446,37.52157211
2026-06-15T01:43:04.052578+09:00,올림픽공원,올림픽공원,POI127,KEY_1,4481. 올림픽공원 북2문 B,ST-2592,92,23,25,127.12751007,37.52397537
2026-06-15T01:43:04.052578+09:00,올림픽공원,올림픽공원,POI127,KEY_1,4857. 올림픽공원 장미광장,ST-2621,7,1,15,127.126297,37.51275635
2026-06-15T01:43:04.052578+09:00,올림픽공원,올림픽공원,POI127,KEY_1,4865. 한성백제역 1번출구 뒤,ST-2797,140,7,5,127.1149826,37.51647949
2026-06-15T01:43:04.052578+09:00,올림픽공원,올림픽공원,POI127,KEY_1,4862. 성내교 남단,ST-2756,70,7,10,127.11588287,37.52301788
2026-06-15T01:43:04.052578+09:00,올림픽공원,올림픽공원,POI127,KEY_1,4856. 올림픽공원 서1문 앞,ST-2608,80,8,10,127.11457062,37.5202179
2026-06-15T01:43:04.052578+09:00,월드컵공원,월드컵공원,POI106,KEY_2,419. 홈플러스 마포점 앞,ST-87,148,31,21,126.89942932,37.56842041
2026-06-15T01:43:04.052578+09:00,월드컵공원,월드컵공원,POI106,KEY_2,186. 월드컵공원,ST-344,218,87,40,126.89820862,37.56396484
2026-06-15T01:43:04.052578+09:00,월드컵공원,월드컵공원,POI106,KEY_2,418. 월드컵경기장역 3번출구 옆,ST-89,15,3,20,126.8992691,37.57277679
2026-06-15T01:43:04.052578+09:00,월드컵공원,월드컵공원,POI106,KEY_2,199. 서울 월드컵 경기장,ST-443,90,27,30,126.89644623,37.56684494
2026-06-15T01:43:04.052578+09:00,월드컵공원,월드컵공원,POI106,KEY_2,440. 하늘공원 입구,ST-1754,73,11,15,126.88134766,37.57012177
2026-06-15T01:43:04.052578+09:00,월드컵공원,월드컵공원,POI106,KEY_2,413. 상암월드컵파크 3단지 후문,ST-92,170,17,10,126.88968658,37.57147598
2026-06-15T01:43:04.052578+09:00,월드컵공원,월드컵공원,POI106,KEY_2,420. 서울시 공공자전거 상암센터,ST-85,114,42,37,126.8961792,37.56624603
2026-06-15T01:43:04.052578+09:00,월드컵공원,월드컵공원,POI106,KEY_2,3008.DMC역7번출구,ST-2166,70,7,10,126.89836121,37.57711411
2026-06-15T01:43:04.052578+09:00,응봉산,응봉산,POI107,KEY_3,569. 응봉현대아파트 정류소,ST-370,10,1,10,127.03024292,37.54958344
2026-06-15T01:43:04.052578+09:00,응봉산,응봉산,POI107,KEY_3,3525. 금호스포츠센터앞,ST-1599,73,11,15,127.02507019,37.54608917
2026-06-15T01:43:04.052578+09:00,응봉산,응봉산,POI107,KEY_3,3511. 응봉역 1번출구,ST-1195,250,25,10,127.0351944,37.55130386
2026-06-15T01:43:04.052578+09:00,청계산,청계산,POI112,KEY_4,2203. 청계산입구역 2번출구,ST-925,130,13,10,127.05501556,37.44765854
2026-06-15T01:43:04.052578+09:00,청계산,청계산,POI112,KEY_4,4338.새정이마을버스정류장 앞,ST-3216,60,3,5,127.06594849,37.43474579
2026-06-15T01:43:04.052578+09:00,가락시장,가락시장,POI058,KEY_2,2658.가락몰 업무동,ST-2409,130,13,10,127.11569214,37.49535751
2026-06-15T01:43:04.052578+09:00,가락시장,가락시장,POI058,KEY_2,2659.서울친환경유통센터,ST-2410,40,4,10,127.10492706,37.49420929
2026-06-15T01:43:04.052578+09:00,가락시장,가락시장,POI058,KEY_2,4480. 가락시장 남1문 사거리,ST-2591,87,13,15,127.11745453,37.49201584
2026-06-15T01:43:04.052578+09:00,가락시장,가락시장,POI058,KEY_2,4854. 가락시장역 2번 출구,ST-2606,60,6,10,127.11798859,37.492733
2026-06-15T01:43:04.052578+09:00,가로수길,가로수길,POI059,KEY_3,2362. 신사동 가로수길 입구,ST-1171,0,0,10,127.02245331,37.51763535
2026-06-15T01:43:04.052578+09:00,가로수길,가로수길,POI059,KEY_3,3606. 신사동주민센터 옆,ST-2673,100,10,10,127.02285004,37.52422714
2026-06-15T01:43:04.052578+09:00,가로수길,가로수길,POI059,KEY_3,4903. 신사스퀘어,ST-3066,0,0,10,127.0189743,37.51916885
2026-06-15T01:43:04.052578+09:00,가로수길,가로수길,POI059,KEY_3,4907. 극동스포츠 앞,ST-3078,340,17,5,127.02588654,37.5257225
2026-06-15T01:43:04.052578+09:00,김포공항,김포공항,POI061,KEY_1,3776. 김포공항사거리,ST-2484,90,9,10,126.80518341,37.5675354
2026-06-15T01:43:04.052578+09:00,김포공항,김포공항,POI061,KEY_1,5072. 김포공항입구 교통섬,ST-2947,60,6,10,126.80708313,37.56154633
2026-06-15T01:43:04.052578+09:00,남대문시장,남대문시장,POI115,KEY_2,324. 신세계백화점 본점 앞,ST-140,0,0,8,126.9805069,37.56134415
2026-06-15T01:43:04.052578+09:00,남대문시장,남대문시장,POI115,KEY_2,470.회현역 7번출구,ST-1776,0,0,13,126.98000336,37.55974579
2026-06-15T01:43:04.052578+09:00,남대문시장,남대문시장,POI115,KEY_2,4776. 신세계면세점,ST-2522,0,0,10,126.98139191,37.56027603
2026-06-15T01:43:04.052578+09:00,노량진,노량진,POI063,KEY_3,2002. 노들역 1번출구,ST-683,153,26,17,126.95246887,37.51284409
2026-06-15T01:43:04.052578+09:00,노량진,노량진,POI063,KEY_3,2003. 사육신공원앞,ST-877,90,9,10,126.94805908,37.51335907
2026-06-15T01:43:04.052578+09:00,노량진,노량진,POI063,KEY_3,2070. 노량진역 2번 출구 앞,ST-1545,61,11,18,126.94306946,37.51391983
2026-06-15T01:43:04.052578+09:00,노량진,노량진,POI063,KEY_3,2058. 동작경찰서,ST-1150,171,24,14,126.94352722,37.5135231
2026-06-15T01:43:04.052578+09:00,노량진,노량진,POI063,KEY_3,2050. 노량진역 5번출구,ST-699,127,19,15,126.93997192,37.51324844
2026-06-15T01:43:04.052578+09:00,덕수궁길·정동길,덕수궁길·정동길,POI064,KEY_4,300. 정동사거리,ST-116,17,1,6,126.96923065,37.56805038
2026-06-15T01:43:04.052578+09:00,덕수궁길·정동길,덕수궁길·정동길,POI064,KEY_4,391. 시립미술관,ST-977,0,0,8,126.97340393,37.56505203
2026-06-15T01:43:04.052578+09:00,덕수궁길·정동길,덕수궁길·정동길,POI064,KEY_4,6058. 시청역 2번출구,ST-3297,7,1,15,126.97702026,37.56557846
2026-06-15T01:43:04.052578+09:00,덕수궁길·정동길,덕수궁길·정동길,POI064,KEY_4,4715. 돈의문 박물관 마을,ST-2923,13,2,15,126.96955109,37.56883621
2026-06-15T01:43:04.052578+09:00,북촌한옥마을,북촌한옥마을,POI066,KEY_2,451. 청와대앞길,ST-979,0,0,8,126.97966766,37.58351517
2026-06-15T01:43:04.052578+09:00,북촌한옥마을,북촌한옥마을,POI066,KEY_2,465. 삼청공원 앞,ST-1759,0,0,5,126.9835968,37.58760452
2026-06-15T01:43:04.052578+09:00,북촌한옥마을,북촌한옥마을,POI066,KEY_2,354. 포르투갈 대사관 앞,ST-170,20,2,10,126.98896027,37.57915497
2026-06-15T01:43:04.052578+09:00,북촌한옥마을,북촌한옥마을,POI066,KEY_2,352. 중앙고입구 삼거리,ST-168,0,0,10,126.98523712,37.58341599
2026-06-15T01:43:04.052578+09:00,북촌한옥마을,북촌한옥마을,POI066,KEY_2,353. 재동초교 앞 삼거리,ST-169,13,1,8,126.9849472,37.57938766
2026-06-15T01:43:04.052578+09:00,북촌한옥마을,북촌한옥마을,POI066,KEY_2,314. 국립현대미술관,ST-130,0,0,10,126.98085785,37.5797081
2026-06-15T01:43:04.052578+09:00,북촌한옥마을,북촌한옥마을,POI066,KEY_2,464. 삼청동 골목,ST-1756,0,0,10,126.98169708,37.58419037
2026-06-15T01:43:04.052578+09:00,북촌한옥마을,북촌한옥마을,POI066,KEY_2,3407.안국동사거리(신),ST-1804,6,1,18,126.98339081,37.57580566
2026-06-15T01:43:04.052578+09:00,북촌한옥마을,북촌한옥마을,POI066,KEY_2,4719. 종로문화원 건너편,ST-3090,0,0,15,126.9805069,37.57571411
2026-06-15T01:43:04.052578+09:00,북촌한옥마을,북촌한옥마을,POI066,KEY_2,4705. 웰니스센터(민방위교육장 앞),ST-2565,50,3,6,126.98912811,37.57752991
2026-06-15T01:43:04.052578+09:00,서촌,서촌,POI067,KEY_3,450. 효자동 삼거리,ST-978,10,5,51,126.97254944,37.58360291
2026-06-15T01:43:04.052578+09:00,서촌,서촌,POI067,KEY_3,349. 어린이도서관,ST-165,60,3,5,126.96858978,37.57633209
2026-06-15T01:43:04.052578+09:00,서촌,서촌,POI067,KEY_3,4710. 자교교회 앞,ST-2473,125,10,8,126.97123718,37.58114624
2026-06-15T01:43:04.052578+09:00,서촌,서촌,POI067,KEY_3,4721. 통인시장 정자,ST-3354,188,15,8,126.96878815,37.58055878
2026-06-15T01:43:04.052578+09:00,성수카페거리,성수카페거리,POI068,KEY_4,587. 유니베라 앞,ST-482,70,7,10,127.05264282,37.54541779
2026-06-15T01:43:04.052578+09:00,성수카페거리,성수카페거리,POI068,KEY_4,514. 성수사거리 버스정류장 앞,ST-112,33,4,12,127.06330872,37.54257965
2026-06-15T01:43:04.052578+09:00,성수카페거리,성수카페거리,POI068,KEY_4,513. 뚝섬역 5번 출구 정류소 옆,ST-111,23,3,13,127.04980469,37.54630661
2026-06-15T01:43:04.052578+09:00,성수카페거리,성수카페거리,POI068,KEY_4,3548.뚝섬역 6번출구,ST-2330,0,0,10,127.04766846,37.54695892
2026-06-15T01:43:04.052578+09:00,성수카페거리,성수카페거리,POI068,KEY_4,4399. 더리브 세종타워 앞,ST-3326,14,1,7,127.0580368,37.54378128
2026-06-15T01:43:04.052578+09:00,성수카페거리,성수카페거리,POI068,KEY_4,4387. 성수역 1번출구 주변,ST-3121,38,3,8,127.05336761,37.54555893
2026-06-15T01:43:04.052578+09:00,성수카페거리,성수카페거리,POI068,KEY_4,4377. 우영테크노센터 앞,ST-3003,125,10,8,127.05971527,37.54332352
2026-06-15T01:43:04.052578+09:00,성수카페거리,성수카페거리,POI068,KEY_4,4398. 유원지식산업센터 앞,ST-3325,42,5,12,127.05593109,37.54436493
2026-06-15T01:43:04.052578+09:00,송리단길·호수단길,송리단길·호수단길,POI121,KEY_1,2639.석촌역 8번출구,ST-1866,17,3,18,127.10657501,37.50550461
2026-06-15T01:43:04.052578+09:00,송리단길·호수단길,송리단길·호수단길,POI121,KEY_1,4868. 석촌호수 서호 남단,ST-2833,70,7,10,127.10124207,37.50717163
2026-06-15T01:43:04.052578+09:00,신촌 스타광장,신촌 스타광장,POI122,KEY_2,128. 신촌역(2호선) 1번출구 옆,ST-30,0,0,19,126.93634033,37.55549622
2026-06-15T01:43:04.052578+09:00,신촌 스타광장,신촌 스타광장,POI122,KEY_2,3116.신촌역 4번출구,ST-2201,0,0,10,126.93720245,37.55550385
2026-06-15T01:43:04.052578+09:00,압구정로데오거리,압구정로데오거리,POI071,KEY_3,2365. K+ 타워 앞,ST-1174,20,3,15,127.03847504,37.52330017
2026-06-15T01:43:04.052578+09:00,압구정로데오거리,압구정로데오거리,POI071,KEY_3,2310. 청담동 맥도날드 옆(위치),ST-794,50,5,10,127.04017639,37.52361298
2026-06-15T01:43:04.052578+09:00,여의도,여의도,POI072,KEY_4,201. 진미파라곤 앞,ST-46,7,1,15,126.92133331,37.53123856
2026-06-15T01:43:04.052578+09:00,여의도,여의도,POI072,KEY_4,200. 국회의원회관,ST-45,5,1,22,126.91391754,37.52841568
2026-06-15T01:43:04.052578+09:00,여의도,여의도,POI072,KEY_4,204. 국회의사당역 5번출구 옆,ST-50,8,1,13,126.91702271,37.52816391
2026-06-15T01:43:04.052578+09:00,여의도,여의도,POI072,KEY_4,223. 진주아파트상가 앞,ST-69,10,2,20,126.9333725,37.51913071
2026-06-15T01:43:04.052578+09:00,여의도,여의도,POI072,KEY_4,222. 시범아파트버스정류장 옆,ST-68,150,18,12,126.93688965,37.51902008
2026-06-15T01:43:04.052578+09:00,여의도,여의도,POI072,KEY_4,202. 국민일보 앞,ST-47,30,9,30,126.92453003,37.52881622
2026-06-15T01:43:04.052578+09:00,여의도,여의도,POI072,KEY_4,209. 유진투자증권빌딩 앞,ST-55,64,14,22,126.92783356,37.52461243
2026-06-15T01:43:04.052578+09:00,여의도,여의도,POI072,KEY_4,214. 금융감독원 앞,ST-60,0,0,21,126.9208374,37.5230217
2026-06-15T01:43:04.052578+09:00,여의도,여의도,POI072,KEY_4,260. 여의도 마리나선착장 앞,ST-414,100,15,15,126.91216278,37.53365707
2026-06-15T01:43:04.052578+09:00,여의도,여의도,POI072,KEY_4,226. 샛강역 1번출구 앞,ST-72,16,3,19,126.92841339,37.51776505
2026-06-15T01:43:04.052578+09:00,여의도,여의도,POI072,KEY_4,299.여의도 순복음교회,ST-1971,30,3,10,126.92245483,37.53179169
2026-06-15T01:43:04.052578+09:00,여의도,여의도,POI072,KEY_4,207. 여의나루역 1번출구 앞,ST-73,17,8,46,126.93190002,37.52715683
2026-06-15T01:43:04.052578+09:00,여의도,여의도,POI072,KEY_4,248. 초원아파트 앞,ST-296,10,1,10,126.92420959,37.53105545
2026-06-15T01:43:04.052578+09:00,여의도,여의도,POI072,KEY_4,224. 롯데캐슬 앞,ST-70,20,4,20,126.93236542,37.5200882
2026-06-15T01:43:04.052578+09:00,여의도,여의도,POI072,KEY_4,298.KBS 연구동 건너편,ST-1970,60,15,25,126.91374207,37.52724838
2026-06-15T01:43:04.052578+09:00,여의도,여의도,POI072,KEY_4,203. 국회의사당역 3번출구 옆,ST-51,27,4,15,126.91870117,37.5280571
2026-06-15T01:43:04.052578+09:00,여의도,여의도,POI072,KEY_4,249. 여의도중학교 옆,ST-297,31,5,16,126.93580627,37.52457809
2026-06-15T01:43:04.052578+09:00,여의도,여의도,POI072,KEY_4,221. 여의도초교 앞,ST-67,70,7,10,126.93778992,37.52267456
2026-06-15T01:43:04.052578+09:00,여의도,여의도,POI072,KEY_4,270. 증권거래소후문교차로,ST-424,10,1,10,126.92710114,37.52234268
2026-06-15T01:43:04.052578+09:00,여의도,여의도,POI072,KEY_4,217. NH농협은행 앞,ST-66,0,0,15,126.93036652,37.52207947
2026-06-15T01:43:04.052578+09:00,여의도,여의도,POI072,KEY_4,213. KT앞,ST-59,37,7,19,126.91895294,37.52190781
2026-06-15T01:43:04.052578+09:00,여의도,여의도,POI072,KEY_4,220. 미성아파트 A동 앞,ST-63,3,1,30,126.92604828,37.5193634
2026-06-15T01:43:04.052578+09:00,여의도,여의도,POI072,KEY_4,219. 롯데캐슬엠파이어 옆,ST-62,33,4,12,126.92583466,37.52069473
2026-06-15T01:43:04.052578+09:00,여의도,여의도,POI072,KEY_4,205. 산업은행 앞,ST-52,90,18,20,126.92050934,37.52626419
2026-06-15T01:43:04.052578+09:00,여의도,여의도,POI072,KEY_4,225. 앙카라공원 앞,ST-71,35,9,26,126.92961884,37.51758575
2026-06-15T01:43:04.052578+09:00,여의도,여의도,POI072,KEY_4,297.국회3문,ST-1969,10,1,10,126.91267395,37.52863693
2026-06-15T01:43:04.052578+09:00,여의도,여의도,POI072,KEY_4,215. 여의도고교 앞,ST-64,40,4,10,126.93490601,37.52483749
2026-06-15T01:43:04.052578+09:00,여의도,여의도,POI072,KEY_4,271. 샛강생태공원방문자센터 앞,ST-425,10,1,10,126.9216156,37.51896286
2026-06-15T01:43:04.052578+09:00,여의도,여의도,POI072,KEY_4,206. KBS 앞,ST-53,51,18,35,126.91802216,37.52466583
2026-06-15T01:43:04.052578+09:00,여의도,여의도,POI072,KEY_4,5870. LG트윈타워 앞,ST-3239,20,4,20,126.93017578,37.52833176
2026-06-15T01:43:04.052578+09:00,여의도,여의도,POI072,KEY_4,5888.여의도성당,ST-3375,14,1,7,126.93920898,37.52164459
2026-06-15T01:43:04.052578+09:00,여의도,여의도,POI072,KEY_4,4564. 63스퀘어,ST-2814,100,17,17,126.93965912,37.52070999
2026-06-15T01:43:04.052578+09:00,여의도,여의도,POI072,KEY_4,5853. 여의도역2번출구 앞,ST-3061,10,1,10,126.92271423,37.52243423
2026-06-15T01:43:04.052578+09:00,여의도,여의도,POI072,KEY_4,5878. 우리은행 앞,ST-3315,10,2,20,126.92162323,37.52349091
2026-06-15T01:43:04.052578+09:00,여의도,여의도,POI072,KEY_4,4582. 국회도서관,ST-2646,75,9,12,126.91817474,37.53054047
2026-06-15T01:43:04.052578+09:00,여의도,여의도,POI072,KEY_4,4580. 국회제2의원회관,ST-2644,0,0,17,126.91316986,37.52974701
2026-06-15T01:43:04.052578+09:00,여의도,여의도,POI072,KEY_4,4563. 여의도 은하아파트,ST-2813,50,5,10,126.93448639,37.51850891
2026-06-15T01:43:04.052578+09:00,여의도,여의도,POI072,KEY_4,4583. 의정관,ST-2647,8,1,12,126.91747284,37.53214645
2026-06-15T01:43:04.052578+09:00,여의도,여의도,POI072,KEY_4,4579. 국회의사당 본관,ST-2643,106,18,17,126.91404724,37.5325737
2026-06-15T01:43:04.052578+09:00,여의도,여의도,POI072,KEY_4,4589. KRX한국거래소(1),ST-2899,6,1,18,126.92759705,37.52338028
2026-06-15T01:43:04.052578+09:00,여의도,여의도,POI072,KEY_4,5891.한강버스 여의도 선착장,ST-3402,47,14,30,126.93422699,37.52816391
2026-06-15T01:43:04.052578+09:00,여의도,여의도,POI072,KEY_4,5889.의원회관출입구 앞,ST-3377,0,0,10,126.91479492,37.52985382
2026-06-15T01:43:04.052578+09:00,여의도,여의도,POI072,KEY_4,4585. 국회6문,ST-2694,33,2,6,126.91799164,37.53271866
2026-06-15T01:43:04.052578+09:00,여의도,여의도,POI072,KEY_4,5890.여의나루역 3번출구,ST-3401,64,7,11,126.93336487,37.52645493
2026-06-15T01:43:04.052578+09:00,여의도,여의도,POI072,KEY_4,4584. 국회2문,ST-2648,44,4,9,126.91510773,37.52864075
2026-06-15T01:43:04.052578+09:00,여의도,여의도,POI072,KEY_4,5892.국회의사당본관 좌측,ST-3383,29,2,7,126.91375732,37.53090286
2026-06-15T01:43:04.052578+09:00,여의도,여의도,POI072,KEY_4,5879. 국회도서관 2문 앞,ST-3318,113,9,8,126.91668701,37.53107071
2026-06-15T01:43:04.052578+09:00,여의도,여의도,POI072,KEY_4,5880. 국회박물관,ST-3319,0,0,7,126.91945648,37.53183365
2026-06-15T01:43:04.052578+09:00,여의도,여의도,POI072,KEY_4,5893.한국산업은행,ST-3397,0,0,10,126.92175293,37.52814484
2026-06-15T01:43:04.052578+09:00,여의도,여의도,POI072,KEY_4,5897.여의도공작아파트,ST-3426,10,1,10,126.92987061,37.52595139
2026-06-15T01:43:04.052578+09:00,여의도,여의도,POI072,KEY_4,5859. 여의도 삼부아파트,ST-3160,30,3,10,126.93045807,37.52539444
2026-06-15T01:43:04.052578+09:00,여의도,여의도,POI072,KEY_4,4581. 국회소통관,ST-2645,0,0,12,126.9128952,37.53050232
2026-06-15T01:43:04.052578+09:00,연남동,연남동,POI073,KEY_1,107. 수협 연남동지점,ST-9,10,1,10,126.91871643,37.55784607
2026-06-15T01:43:04.052578+09:00,연남동,연남동,POI073,KEY_1,4233. 코오롱아파트사거리,ST-2979,0,0,10,126.92149353,37.56306458
2026-06-15T01:43:04.052578+09:00,영등포 타임스퀘어,영등포 타임스퀘어,POI074,KEY_2,284. 센트럴 푸르지오 시티 앞,ST-1650,88,14,16,126.90222931,37.51821136
2026-06-15T01:43:04.052578+09:00,영등포 타임스퀘어,영등포 타임스퀘어,POI074,KEY_2,3219.영등포역 1번출구,ST-1990,0,0,10,126.9077301,37.5148468
2026-06-15T01:43:04.052578+09:00,영등포 타임스퀘어,영등포 타임스퀘어,POI074,KEY_2,5868. 로프트시티오피스텔,ST-3238,250,15,6,126.90843201,37.51906204
2026-06-15T01:43:04.052578+09:00,영등포 타임스퀘어,영등포 타임스퀘어,POI074,KEY_2,5858. 영등포역5번출구,ST-3142,0,0,10,126.90807343,37.51669312
2026-06-15T01:43:04.052578+09:00,영등포 타임스퀘어,영등포 타임스퀘어,POI074,KEY_2,4565. 영등포 신세계백화점,ST-2815,0,0,10,126.90364838,37.51803589
2026-06-15T01:43:04.052578+09:00,용리단길,용리단길,POI076,KEY_3,816. 신용산역 6번출구 앞,ST-435,72,18,25,126.96848297,37.53014755
2026-06-15T01:43:04.052578+09:00,용리단길,용리단길,POI076,KEY_3,817. 삼각지역 4번출구 앞,ST-436,133,12,9,126.97173309,37.53345108
2026-06-15T01:43:04.052578+09:00,이태원 앤틱가구거리,이태원 앤틱가구거리,POI077,KEY_4,4615. 크라운호텔앞 버스정류소,ST-2446,43,3,7,126.99137878,37.53030014
2026-06-15T01:43:04.052578+09:00,이태원 앤틱가구거리,이태원 앤틱가구거리,POI077,KEY_4,4634. 이태원역 3번 출구,ST-3056,0,0,5,126.99497223,37.5343895
2026-06-15T01:43:04.052578+09:00,익선동,익선동,POI116,KEY_1,334. 종로3가역 2번출구 뒤,ST-150,30,3,10,126.99179077,37.5705986
2026-06-15T01:43:04.052578+09:00,익선동,익선동,POI116,KEY_1,328. 탑골공원 앞,ST-144,9,1,11,126.9881897,37.57039642
2026-06-15T01:43:04.052578+09:00,익선동,익선동,POI116,KEY_1,327. 낙원상가 옆,ST-143,20,2,10,126.9874649,37.57335663
2026-06-15T01:43:04.052578+09:00,익선동,익선동,POI116,KEY_1,3410.종로3가역 8번출구,ST-1807,0,0,10,126.99188995,37.5724678
2026-06-15T01:43:04.052578+09:00,익선동,익선동,POI116,KEY_1,4713. 현대 뜨레비앙 아파트 앞,ST-2623,57,4,7,126.99062347,37.57528305
2026-06-15T01:43:04.052578+09:00,인사동,인사동,POI078,KEY_2,327. 낙원상가 옆,ST-143,20,2,10,126.9874649,37.57335663
2026-06-15T01:43:04.052578+09:00,인사동,인사동,POI078,KEY_2,326. 안국역 5번출구 앞,ST-142,0,0,15,126.98616028,37.57624054
2026-06-15T01:43:04.052578+09:00,인사동,인사동,POI078,KEY_2,454. 종로2가 버스정류장 (종각방향),ST-1607,8,1,13,126.98638153,37.57035828
2026-06-15T01:43:04.052578+09:00,인사동,인사동,POI078,KEY_2,3408.종로타워빌딩,ST-1805,8,1,13,126.98323822,37.57070541
2026-06-15T01:43:04.052578+09:00,창동 신경제 중심지,창동 신경제 중심지,POI079,KEY_4,1756.서울북부광역등기국,ST-2101,0,0,10,127.04431915,37.65148544
2026-06-15T01:43:04.052578+09:00,창동 신경제 중심지,창동 신경제 중심지,POI079,KEY_4,1662. 노원역7번출구,ST-1279,5,1,20,127.05921173,37.65421677
2026-06-15T01:43:04.052578+09:00,창동 신경제 중심지,창동 신경제 중심지,POI079,KEY_4,1722. 창동청소년수련관,ST-1292,73,11,15,127.05004883,37.65779877
2026-06-15T01:43:04.052578+09:00,창동 신경제 중심지,창동 신경제 중심지,POI079,KEY_4,1674. 서울북부고용센터앞,ST-1291,0,0,15,127.05808258,37.65354919
2026-06-15T01:43:04.052578+09:00,창동 신경제 중심지,창동 신경제 중심지,POI079,KEY_4,1690. 도봉운전면허시험장 버스정류장 옆,ST-1641,0,0,10,127.05931091,37.6577301
2026-06-15T01:43:04.052578+09:00,창동 신경제 중심지,창동 신경제 중심지,POI079,KEY_4,1637. KT 전화국 버스정류장 옆,ST-611,0,0,9,127.06372833,37.6546669
2026-06-15T01:43:04.052578+09:00,창동 신경제 중심지,창동 신경제 중심지,POI079,KEY_4,1716. 창동역 1번출구 건너편,ST-1132,13,1,8,127.05072784,37.65420151
2026-06-15T01:43:04.052578+09:00,창동 신경제 중심지,창동 신경제 중심지,POI079,KEY_4,1775.신원리베르텔 앞,ST-2120,0,0,15,127.04554749,37.65128708
2026-06-15T01:43:04.052578+09:00,창동 신경제 중심지,창동 신경제 중심지,POI079,KEY_4,1653. 노원역1번출구,ST-1121,0,0,10,127.06362152,37.65620041
2026-06-15T01:43:04.052578+09:00,창동 신경제 중심지,창동 신경제 중심지,POI079,KEY_4,1657. 노원구청,ST-1125,0,0,20,127.05732727,37.65404892
2026-06-15T01:43:04.052578+09:00,창동 신경제 중심지,창동 신경제 중심지,POI079,KEY_4,1686. 상계주공10단지 종합상가 앞,ST-1476,40,6,15,127.05805206,37.66114044
2026-06-15T01:43:04.052578+09:00,창동 신경제 중심지,창동 신경제 중심지,POI079,KEY_4,5333. 노원역9번-10번 출구 앞,ST-3288,0,0,10,127.063591,37.65655518
2026-06-15T01:43:04.052578+09:00,창동 신경제 중심지,창동 신경제 중심지,POI079,KEY_4,5311. 주공601동 상가 노원지하보도 앞,ST-3116,20,1,5,127.06147766,37.65190125
2026-06-15T01:43:04.052578+09:00,창동 신경제 중심지,창동 신경제 중심지,POI079,KEY_4,4098.창동역 1번출구 인근,ST-3430,25,2,8,127.04838562,37.65290833
2026-06-15T01:43:04.052578+09:00,창동 신경제 중심지,창동 신경제 중심지,POI079,KEY_4,4096.창동역2번출구 하나은행365 앞,ST-3368,38,3,8,127.04550171,37.65283585
2026-06-15T01:43:04.052578+09:00,청량리 제기동 일대 전통시장,청량리 제기동 일대 전통시장,POI081,KEY_2,640. 동대문경찰서 교차로,ST-407,200,12,6,127.04460144,37.58255005
2026-06-15T01:43:04.052578+09:00,청량리 제기동 일대 전통시장,청량리 제기동 일대 전통시장,POI081,KEY_2,676.FITI시험연구원 앞,ST-2276,67,6,9,127.03547668,37.58143234
2026-06-15T01:43:04.052578+09:00,청량리 제기동 일대 전통시장,청량리 제기동 일대 전통시장,POI081,KEY_2,633. 청량리 기업은행 앞,ST-400,200,16,8,127.04472351,37.58049774
2026-06-15T01:43:04.052578+09:00,청량리 제기동 일대 전통시장,청량리 제기동 일대 전통시장,POI081,KEY_2,4149.제기동역 5번출구,ST-3428,257,18,7,127.03381348,37.5779953
2026-06-15T01:43:04.052578+09:00,청량리 제기동 일대 전통시장,청량리 제기동 일대 전통시장,POI081,KEY_2,4134. 제기동 현대아파트 앞,ST-3206,170,17,10,127.0353241,37.57994843
2026-06-15T01:43:04.052578+09:00,청량리 제기동 일대 전통시장,청량리 제기동 일대 전통시장,POI081,KEY_2,4147.청량리역광장,ST-3405,11,4,35,127.04673767,37.58024597
2026-06-15T01:43:04.052578+09:00,DDP(동대문디자인플라자),DDP(동대문디자인플라자),POI083,KEY_4,475.DDP 패션몰,ST-1781,86,18,21,127.0118103,37.56764984
2026-06-15T01:43:04.052578+09:00,DDP(동대문디자인플라자),DDP(동대문디자인플라자),POI083,KEY_4,474.동대문역사문화공원역 1번출구 뒤편,ST-1780,15,6,40,127.00849152,37.56629944
2026-06-15T01:43:04.052578+09:00,DDP(동대문디자인플라자),DDP(동대문디자인플라자),POI083,KEY_4,347. 동대문역사문화공원역 9번출구 앞,ST-163,33,6,18,127.00784302,37.56533051
2026-06-15T01:43:04.052578+09:00,DDP(동대문디자인플라자),DDP(동대문디자인플라자),POI083,KEY_4,4765. 동대문디자인플라자,ST-2431,80,16,20,127.00946045,37.5683136
2026-06-15T01:43:04.052578+09:00,DMC(디지털미디어시티),DMC(디지털미디어시티),POI084,KEY_1,414. 상암동주민센터 옆,ST-94,150,12,8,126.89447021,37.57822037
2026-06-15T01:43:04.052578+09:00,DMC(디지털미디어시티),DMC(디지털미디어시티),POI084,KEY_1,412. DMC산학협력연구센터 앞,ST-91,95,20,21,126.89079285,37.57565689
2026-06-15T01:43:04.052578+09:00,DMC(디지털미디어시티),DMC(디지털미디어시티),POI084,KEY_1,411. DMC홍보관,ST-90,30,3,10,126.89147186,37.5779953
2026-06-15T01:43:04.052578+09:00,DMC(디지털미디어시티),DMC(디지털미디어시티),POI084,KEY_1,409. 누리꿈스퀘어 옆,ST-86,3,1,30,126.88916016,37.57939911
2026-06-15T01:43:04.052578+09:00,DMC(디지털미디어시티),DMC(디지털미디어시티),POI084,KEY_1,405. DMC빌 앞,ST-80,0,0,8,126.88578796,37.58265686
2026-06-15T01:43:04.052578+09:00,DMC(디지털미디어시티),DMC(디지털미디어시티),POI084,KEY_1,408. LG CNS앞,ST-84,0,0,14,126.88665009,37.58081055
2026-06-15T01:43:04.052578+09:00,DMC(디지털미디어시티),DMC(디지털미디어시티),POI084,KEY_1,425. DMC첨단산업센터,ST-991,20,2,10,126.88559723,37.58450317
2026-06-15T01:43:04.052578+09:00,DMC(디지털미디어시티),DMC(디지털미디어시티),POI084,KEY_1,415. DMC역 9번출구 앞,ST-95,50,5,10,126.89736176,37.57746887
2026-06-15T01:43:04.052578+09:00,DMC(디지털미디어시티),DMC(디지털미디어시티),POI084,KEY_1,490.가온문화공원,ST-2149,4,1,23,126.88766479,37.58207703
2026-06-15T01:43:04.052578+09:00,DMC(디지털미디어시티),DMC(디지털미디어시티),POI084,KEY_1,417. DMC역 2번출구 옆,ST-93,25,5,20,126.8999176,37.57506943
2026-06-15T01:43:04.052578+09:00,DMC(디지털미디어시티),DMC(디지털미디어시티),POI084,KEY_1,489.구룡근린공원,ST-2148,200,20,10,126.88276672,37.58320236
2026-06-15T01:43:04.052578+09:00,DMC(디지털미디어시티),DMC(디지털미디어시티),POI084,KEY_1,3007.MBC 앞,ST-2165,60,6,10,126.89044952,37.58198166
2026-06-15T01:43:04.052578+09:00,DMC(디지털미디어시티),DMC(디지털미디어시티),POI084,KEY_1,3008.DMC역7번출구,ST-2166,70,7,10,126.89836121,37.57711411
2026-06-15T01:43:04.052578+09:00,DMC(디지털미디어시티),DMC(디지털미디어시티),POI084,KEY_1,4214. JTBC 앞,ST-2537,30,3,10,126.8901825,37.57730484
2026-06-15T01:43:04.052578+09:00,DMC(디지털미디어시티),DMC(디지털미디어시티),POI084,KEY_1,4218. 디지털매직스페이스,ST-2974,8,1,13,126.88957977,37.58119965
2026-06-15T01:43:04.052578+09:00,DMC(디지털미디어시티),DMC(디지털미디어시티),POI084,KEY_1,4238. 상암한샘빌딩앞,ST-2981,29,2,7,126.89867401,37.57649231
2026-06-15T01:43:04.052578+09:00,가산디지털단지역,가산디지털단지역,POI013,KEY_2,1806. 에이스하이엔드타워9차 앞,ST-621,130,13,10,126.87863922,37.48621368
2026-06-15T01:43:04.052578+09:00,가산디지털단지역,가산디지털단지역,POI013,KEY_2,1805. 서울디지털운동장 앞,ST-620,80,8,10,126.87776947,37.48228836
2026-06-15T01:43:04.052578+09:00,가산디지털단지역,가산디지털단지역,POI013,KEY_2,1850. 코오롱테크노밸리,ST-1277,170,17,10,126.8863678,37.48015976
2026-06-15T01:43:04.052578+09:00,가산디지털단지역,가산디지털단지역,POI013,KEY_2,1834. 월드메르디앙 벤처센터 2차,ST-640,40,4,10,126.87904358,37.47908401
2026-06-15T01:43:04.052578+09:00,가산디지털단지역,가산디지털단지역,POI013,KEY_2,1839. 수출의 다리 아래,ST-1140,25,5,20,126.88615417,37.47743607
2026-06-15T01:43:04.052578+09:00,가산디지털단지역,가산디지털단지역,POI013,KEY_2,1812. 갑을그레이트밸리 앞,ST-624,250,25,10,126.88729858,37.47903061
2026-06-15T01:43:04.052578+09:00,가산디지털단지역,가산디지털단지역,POI013,KEY_2,1867.대륭포스트타워6차 앞,ST-1938,90,27,30,126.8841629,37.48101044
2026-06-15T01:43:04.052578+09:00,가산디지털단지역,가산디지털단지역,POI013,KEY_2,1849. 대륭포스트타워5차,ST-1276,180,18,10,126.88694,37.48135376
2026-06-15T01:43:04.052578+09:00,가산디지털단지역,가산디지털단지역,POI013,KEY_2,1851. 가산디지털단지 9번출구 인근,ST-1403,180,18,10,126.88148499,37.48123169
2026-06-15T01:43:04.052578+09:00,가산디지털단지역,가산디지털단지역,POI013,KEY_2,1835. STX V타워,ST-641,110,11,10,126.88442993,37.47706985
2026-06-15T01:43:04.052578+09:00,가산디지털단지역,가산디지털단지역,POI013,KEY_2,3984. 가산롯데아이티캐슬,ST-2999,280,14,5,126.88083649,37.47636795
2026-06-15T01:43:04.052578+09:00,가산디지털단지역,가산디지털단지역,POI013,KEY_2,3985. 디폴리스 지식산업센터,ST-2964,30,6,20,126.87680054,37.48017502
2026-06-15T01:43:04.052578+09:00,가산디지털단지역,가산디지털단지역,POI013,KEY_2,3989.가산디지털단지역 9번출구 앞,ST-3396,120,12,10,126.88175964,37.48055267
2026-06-15T01:43:04.052578+09:00,강남역,강남역,POI014,KEY_3,2505. 우성아파트사거리 (기업은행앞),ST-1556,117,14,12,127.02953339,37.49325943
2026-06-15T01:43:04.052578+09:00,강남역,강남역,POI014,KEY_3,2421. 신논현역 4번출구,ST-1887,27,4,15,127.02579498,37.504673
2026-06-15T01:43:04.052578+09:00,강남역,강남역,POI014,KEY_3,3628. 역삼1동 주민센터,ST-2689,30,3,10,127.03302765,37.49521255
2026-06-15T01:43:04.052578+09:00,강남역,강남역,POI014,KEY_3,2407. 역삼서초삼성 세무서 앞 (역삼빌딩 앞),ST-1577,80,8,10,127.03011322,37.49847031
2026-06-15T01:43:04.052578+09:00,강남역,강남역,POI014,KEY_3,4349.삼성화재서초타워,ST-3361,183,11,6,127.02896118,37.49446869
2026-06-15T01:43:04.052578+09:00,건대입구역,건대입구역,POI015,KEY_4,501. 광진문화예술회관 앞,ST-98,37,11,30,127.07035065,37.53730774
2026-06-15T01:43:04.052578+09:00,건대입구역,건대입구역,POI015,KEY_4,3533. 건대입구역 사거리(롯데백화점),ST-1660,10,1,10,127.07078552,37.5392952
2026-06-15T01:43:04.052578+09:00,건대입구역,건대입구역,POI015,KEY_4,3534. 건대입구역 5번출구 뒤,ST-1661,50,5,10,127.06956482,37.54008102
2026-06-15T01:43:04.052578+09:00,고덕역,고덕역,POI016,KEY_1,1068.명일파출소,ST-1767,30,3,10,127.15622711,37.5536499
2026-06-15T01:43:04.052578+09:00,고덕역,고덕역,POI016,KEY_1,1036. 고덕동 주양쇼핑,ST-1053,140,14,10,127.15331268,37.55199051
2026-06-15T01:43:04.052578+09:00,고덕역,고덕역,POI016,KEY_1,1072.고덕역 5번출구,ST-1833,18,4,22,127.15372467,37.55486298
2026-06-15T01:43:04.052578+09:00,교대역,교대역,POI018,KEY_3,2239.교대역 6번출구,ST-765,90,9,10,127.01378632,37.49421692
2026-06-15T01:43:04.052578+09:00,교대역,교대역,POI018,KEY_3,2279. 교대역 5번출구뒤,ST-1305,300,24,8,127.01418304,37.49361801
2026-06-15T01:43:04.052578+09:00,구로디지털단지역,구로디지털단지역,POI019,KEY_4,2801. 대륭포스트타워1차,ST-1753,13,4,30,126.89542389,37.48437119
2026-06-15T01:43:04.052578+09:00,구로디지털단지역,구로디지털단지역,POI019,KEY_4,1962. 가리봉동주민센터,ST-1224,87,13,15,126.89279938,37.48160172
2026-06-15T01:43:04.052578+09:00,구로디지털단지역,구로디지털단지역,POI019,KEY_4,1911. 구로디지털단지역 앞,ST-668,194,35,18,126.90132141,37.48493958
2026-06-15T01:43:04.052578+09:00,구로디지털단지역,구로디지털단지역,POI019,KEY_4,2110. 조원동 미성아파트,ST-950,189,17,9,126.90203094,37.48319244
2026-06-15T01:43:04.052578+09:00,구로디지털단지역,구로디지털단지역,POI019,KEY_4,1986. 태평양물산,ST-1521,33,5,15,126.89518738,37.48485947
2026-06-15T01:43:04.052578+09:00,구로디지털단지역,구로디지털단지역,POI019,KEY_4,1955. 디지털입구 교차로,ST-936,220,22,10,126.90103912,37.48288345
2026-06-15T01:43:04.052578+09:00,구로역,구로역,POI020,KEY_1,1946. 구로역 광장,ST-873,80,8,10,126.88038635,37.50311661
2026-06-15T01:43:04.052578+09:00,구로역,구로역,POI020,KEY_1,3919. 구로역·NC신구로점 버스정류장(구로역 방면),ST-3013,50,7,14,126.88237,37.50096512
2026-06-15T01:43:04.052578+09:00,군자역,군자역,POI021,KEY_2,540. 군자역 7번출구 베스트샵 앞,ST-253,50,4,8,127.0786438,37.55603027
2026-06-15T01:43:04.052578+09:00,군자역,군자역,POI021,KEY_2,3518. 군자역 7번출구뒤,ST-1263,13,1,8,127.07913971,37.55686188
2026-06-15T01:43:04.052578+09:00,군자역,군자역,POI021,KEY_2,3500. 군자역2번출구,ST-983,229,16,7,127.07969666,37.55758667
2026-06-15T01:43:04.052578+09:00,군자역,군자역,POI021,KEY_2,3586.군자역 비채온 오피스텔,ST-2325,288,23,8,127.07727051,37.55771255
2026-06-15T01:43:04.052578+09:00,대림역,대림역,POI023,KEY_3,286. 우성아파트 교차로,ST-1652,117,14,12,126.89974976,37.49457169
2026-06-15T01:43:04.052578+09:00,대림역,대림역,POI023,KEY_3,1975. 대림역 1번 출입구 밑,ST-1237,30,3,10,126.8947525,37.49256516
2026-06-15T01:43:04.052578+09:00,대림역,대림역,POI023,KEY_3,1914. 대림역4번출구,ST-918,110,11,10,126.89444733,37.49440384
2026-06-15T01:43:04.052578+09:00,동대문역,동대문역,POI024,KEY_4,457. 종로꽃시장 입구 옆,ST-1610,60,6,10,127.00720978,37.57131958
2026-06-15T01:43:04.052578+09:00,동대문역,동대문역,POI024,KEY_4,393. 동대문역 8번 출구,ST-1372,50,6,12,127.00937653,37.57014084
2026-06-15T01:43:04.052578+09:00,동대문역,동대문역,POI024,KEY_4,3415.동대문역6번출구,ST-1812,133,20,15,127.0107193,37.57147217
2026-06-15T01:43:04.052578+09:00,미아사거리역,미아사거리역,POI026,KEY_2,1546. 송천동우체국,ST-1665,160,16,10,127.02970123,37.61545944
2026-06-15T01:43:04.052578+09:00,미아사거리역,미아사거리역,POI026,KEY_2,1574.송중초등학교 옆,ST-2405,63,5,8,127.03049469,37.61669922
2026-06-15T01:43:04.052578+09:00,미아사거리역,미아사거리역,POI026,KEY_2,1531. 미아사거리 1번 출구,ST-1105,90,9,10,127.03025055,37.61395645
2026-06-15T01:43:04.052578+09:00,미아사거리역,미아사거리역,POI026,KEY_2,4423.현대백화점 미아점,ST-3203,100,10,10,127.02845764,37.60884857
2026-06-15T01:43:04.052578+09:00,발산역,발산역,POI027,KEY_3,1117. 등촌5단지아파트 버스정류장,ST-834,50,5,10,126.84426117,37.55819702
2026-06-15T01:43:04.052578+09:00,발산역,발산역,POI027,KEY_3,1124. 발산역 6번 출구 뒤,ST-522,33,2,6,126.8384552,37.55817795
2026-06-15T01:43:04.052578+09:00,발산역,발산역,POI027,KEY_3,"1153. 발산역 1번, 9번 인근 대여소",ST-1065,25,8,32,126.83717346,37.55894852
2026-06-15T01:43:04.052578+09:00,발산역,발산역,POI027,KEY_3,1197. 엠펠리체 호텔 건너편,ST-1714,125,25,20,126.83546448,37.56026077
2026-06-15T01:43:04.052578+09:00,발산역,발산역,POI027,KEY_3,3764. 관문주유소(GS칼택스) 앞,ST-2613,230,23,10,126.84183502,37.55802917
2026-06-15T01:43:04.052578+09:00,발산역,발산역,POI027,KEY_3,3760. 발산역 8번 출구,ST-2538,53,9,17,126.83676147,37.55846024
2026-06-15T01:43:04.052578+09:00,발산역,발산역,POI027,KEY_3,3759. 이대서울병원,ST-2569,16,4,25,126.83559418,37.5586319
2026-06-15T01:43:04.052578+09:00,발산역,발산역,POI027,KEY_3,2723.마곡 필네이처,ST-2040,177,23,13,126.83669281,37.56089401
2026-06-15T01:43:04.052578+09:00,발산역,발산역,POI027,KEY_3,2721.등촌1-10단지 교차로,ST-2037,225,27,12,126.8393631,37.56320572
2026-06-15T01:43:04.052578+09:00,발산역,발산역,POI027,KEY_3,2717.LG유플러스 마곡사옥,ST-2033,42,26,62,126.83390045,37.56133652
2026-06-15T01:43:04.052578+09:00,발산역,발산역,POI027,KEY_3,2730.마곡메가박스 앞,ST-2047,70,21,30,126.83495331,37.55912781
2026-06-15T01:43:04.052578+09:00,발산역,발산역,POI027,KEY_3,5061. 우장산동 가곡어린이공원앞,ST-2888,260,26,10,126.83751678,37.55545425
2026-06-15T01:43:04.052578+09:00,발산역,발산역,POI027,KEY_3,5095. 원당근린공원,ST-3226,293,41,14,126.84147644,37.55947495
2026-06-15T01:43:04.052578+09:00,사당역,사당역,POI029,KEY_4,2104. 사당역 5번출구,ST-712,77,10,13,126.98133087,37.47608948
2026-06-15T01:43:04.052578+09:00,사당역,사당역,POI029,KEY_4,2222.사당역 12번출구 뒤,ST-753,50,5,10,126.98203278,37.47806931
2026-06-15T01:43:04.052578+09:00,사당역,사당역,POI029,KEY_4,2089.사당역10번출구(금강빌딩),ST-2362,60,6,10,126.98150635,37.4791069
2026-06-15T01:43:04.052578+09:00,사당역,사당역,POI029,KEY_4,2034. 사당역 7번출구쪽,ST-924,58,11,19,126.98057556,37.47689056
2026-06-15T01:43:04.052578+09:00,삼각지역,삼각지역,POI030,KEY_1,848. 삼각지12번 출구,ST-2172,50,4,8,126.97562408,37.53488922
2026-06-15T01:43:04.052578+09:00,삼각지역,삼각지역,POI030,KEY_1,849. 삼각지 자이아파트,ST-2173,80,16,20,126.97341919,37.53607941
2026-06-15T01:43:04.052578+09:00,삼각지역,삼각지역,POI030,KEY_1,4620. 삼각지역 14번 출구 앞(교통섬),ST-2451,138,11,8,126.97408295,37.53528595
2026-06-15T01:43:04.052578+09:00,서울대입구역,서울대입구역,POI031,KEY_2,2111. 서울대입구역 1번출구,ST-965,0,0,10,126.95331573,37.48086929
2026-06-15T01:43:04.052578+09:00,서울대입구역,서울대입구역,POI031,KEY_2,2171. 서울대입구역 5번출구,ST-1337,24,4,17,126.95200348,37.48154831
2026-06-15T01:43:04.052578+09:00,서울대입구역,서울대입구역,POI031,KEY_2,2128. 관악구청교차로,ST-720,0,0,12,126.95265198,37.47949982
2026-06-15T01:43:04.052578+09:00,서울대입구역,서울대입구역,POI031,KEY_2,3311.서울대입구역 4번 출구,ST-2394,42,5,12,126.95157623,37.48122025
2026-06-15T01:43:04.052578+09:00,서울대입구역,서울대입구역,POI031,KEY_2,2112. 서울대입구역 마에스트로,ST-715,53,8,15,126.95064545,37.4813385
2026-06-15T01:43:04.052578+09:00,서울대입구역,서울대입구역,POI031,KEY_2,2116. 에이스에이존빌딩,ST-717,100,9,9,126.95082855,37.48170471
2026-06-15T01:43:04.052578+09:00,서울식물원·마곡나루역,서울식물원·마곡나루역,POI032,KEY_3,2715.마곡나루역 2번 출구,ST-2031,8,2,25,126.82743835,37.56692505
2026-06-15T01:43:04.052578+09:00,서울식물원·마곡나루역,서울식물원·마곡나루역,POI032,KEY_3,2725.서울식물원 식물문화센터,ST-2042,70,14,20,126.83563232,37.56883621
2026-06-15T01:43:04.052578+09:00,서울식물원·마곡나루역,서울식물원·마곡나루역,POI032,KEY_3,2727.서울식물원 잔디마당 앞,ST-2044,24,6,25,126.8306427,37.5639267
2026-06-15T01:43:04.052578+09:00,서울식물원·마곡나루역,서울식물원·마곡나루역,POI032,KEY_3,5098. LG사이언스파크 W4동,ST-3261,5,1,20,126.82978821,37.56403732
2026-06-15T01:43:04.052578+09:00,서울식물원·마곡나루역,서울식물원·마곡나루역,POI032,KEY_3,5097. LG사이언스파크 E2동,ST-3259,5,2,40,126.83208466,37.56381607
2026-06-15T01:43:04.052578+09:00,서울식물원·마곡나루역,서울식물원·마곡나루역,POI032,KEY_3,6177. 마곡롯데캐슬르웨스트,ST-3324,320,32,10,126.82462311,37.56356049
2026-06-15T01:43:04.052578+09:00,서울역,서울역,POI033,KEY_4,435. SK 남산빌딩,ST-1670,180,18,10,126.97561646,37.55686188
2026-06-15T01:43:04.052578+09:00,서울역,서울역,POI033,KEY_4,485.서울역5번출구,ST-1791,50,5,10,126.97319794,37.55677032
2026-06-15T01:43:04.052578+09:00,서울역,서울역,POI033,KEY_4,379. 서울역9번출구,ST-194,43,3,7,126.97330475,37.55580521
2026-06-15T01:43:04.052578+09:00,서울역,서울역,POI033,KEY_4,4760. 서울역 7번출구,ST-2430,0,0,10,126.97364044,37.55664444
2026-06-15T01:43:04.052578+09:00,서울역,서울역,POI033,KEY_4,4794. 서울역 서부교차로(3),ST-2786,38,3,8,126.96942139,37.55540848
2026-06-15T01:43:04.052578+09:00,서울역,서울역,POI033,KEY_4,6062.서울역파출소,ST-3413,40,4,10,126.97183228,37.55709457
2026-06-15T01:43:04.052578+09:00,선릉역,선릉역,POI034,KEY_1,2369. KT선릉타워,ST-1178,10,2,20,127.0528717,37.50542831
2026-06-15T01:43:04.052578+09:00,선릉역,선릉역,POI034,KEY_1,2328. 르네상스 호텔 사거리 역삼지하보도 7번출구 앞,ST-811,160,16,10,127.04273224,37.50321198
2026-06-15T01:43:04.052578+09:00,선릉역,선릉역,POI034,KEY_1,2319. 포스코사거리 서측(수협 삼성동 지점),ST-802,40,4,10,127.05467987,37.50660706
2026-06-15T01:43:04.052578+09:00,선릉역,선릉역,POI034,KEY_1,2329. 르네상스호텔사거리 역삼지하보도 2번출구,ST-812,10,1,10,127.04319,37.50235748
2026-06-15T01:43:04.052578+09:00,선릉역,선릉역,POI034,KEY_1,2332. 선릉역3번출구,ST-815,75,6,8,127.04903412,37.50410461
2026-06-15T01:43:04.052578+09:00,성신여대입구역,성신여대입구역,POI035,KEY_2,1385.성신여대입구역 3번출구 앞,ST-2226,140,14,10,127.01628876,37.59236526
2026-06-15T01:43:04.052578+09:00,성신여대입구역,성신여대입구역,POI035,KEY_2,1337. 돈암성당 옆,ST-1201,31,4,13,127.01716614,37.59039307
2026-06-15T01:43:04.052578+09:00,성신여대입구역,성신여대입구역,POI035,KEY_2,1384.성신여대입구역 5번출구,ST-2225,269,35,13,127.01628876,37.59282684
2026-06-15T01:43:04.052578+09:00,수유역,수유역,POI036,KEY_3,1512. 강북중학교 앞,ST-862,110,22,20,127.02656555,37.64473724
2026-06-15T01:43:04.052578+09:00,수유역,수유역,POI036,KEY_3,1526. 강북종합시장 앞,ST-1100,100,8,8,127.02462769,37.64173889
2026-06-15T01:43:04.052578+09:00,수유역,수유역,POI036,KEY_3,1520. 수유중앙시장,ST-650,257,18,7,127.022789,37.63986206
2026-06-15T01:43:04.052578+09:00,수유역,수유역,POI036,KEY_3,1503. 강북구청사거리(수유역 8번출구),ST-643,64,9,14,127.02672577,37.63926315
2026-06-15T01:43:04.052578+09:00,수유역,수유역,POI036,KEY_3,1552. 강북구청사거리,ST-2125,75,6,8,127.02723694,37.63920212
2026-06-15T01:43:04.052578+09:00,수유역,수유역,POI036,KEY_3,1530. 광산사거리,ST-1104,100,13,13,127.0223465,37.64355087
2026-06-15T01:43:04.052578+09:00,수유역,수유역,POI036,KEY_3,1569.수유역2번출구,ST-2137,10,1,10,127.02590179,37.63796997
2026-06-15T01:43:04.052578+09:00,수유역,수유역,POI036,KEY_3,1535. 효성인텔리안 앞,ST-1109,0,0,10,127.02337646,37.6362915
2026-06-15T01:43:04.052578+09:00,숭례문,숭례문,POI131,KEY_4,445.대한상공회의소,ST-1771,40,6,15,126.97410583,37.56015396
2026-06-15T01:43:04.052578+09:00,숭례문,숭례문,POI131,KEY_4,6060. 신한은행 본점,ST-3342,13,1,8,126.97480774,37.56077576
2026-06-15T01:43:04.052578+09:00,시의회 앞,시의회 앞,POI130,KEY_1,310. 청계광장 옆,ST-126,0,0,8,126.9774704,37.56887817
2026-06-15T01:43:04.052578+09:00,시의회 앞,시의회 앞,POI130,KEY_1,6058. 시청역 2번출구,ST-3297,7,1,15,126.97702026,37.56557846
2026-06-15T01:43:04.052578+09:00,신논현역·논현역,신논현역·논현역,POI037,KEY_2,2542.신논현타워 앞,ST-1926,10,1,10,127.02391052,37.50508881
2026-06-15T01:43:04.052578+09:00,신논현역·논현역,신논현역·논현역,POI037,KEY_2,2302. 교보타워 버스정류장(신논현역 3번출구 후면),ST-787,70,7,10,127.02427673,37.5055809
2026-06-15T01:43:04.052578+09:00,신논현역·논현역,신논현역·논현역,POI037,KEY_2,4347. 논현지하보도,ST-3332,80,8,10,127.02232361,37.50836945
2026-06-15T01:43:04.052578+09:00,신림역,신림역,POI039,KEY_4,2175. 신림동걷고싶은문화의거리입구,ST-1270,86,6,7,126.92870331,37.48730087
2026-06-15T01:43:04.052578+09:00,신림역,신림역,POI039,KEY_4,2102. 봉림교 교통섬,ST-702,131,17,13,126.92688751,37.48408508
2026-06-15T01:43:04.052578+09:00,신림역,신림역,POI039,KEY_4,2136. 신림역 8번출구,ST-976,50,4,8,126.93006897,37.48450851
2026-06-15T01:43:04.052578+09:00,신정네거리역,신정네거리역,POI117,KEY_1,722. 경서농협 버스정류장(우리은행신정동지점방향),ST-993,170,17,10,126.85738373,37.52151108
2026-06-15T01:43:04.052578+09:00,신정네거리역,신정네거리역,POI117,KEY_1,706. 신정네거리역,ST-313,153,23,15,126.85175323,37.5218811
2026-06-15T01:43:04.052578+09:00,신정네거리역,신정네거리역,POI117,KEY_1,4507. 신정제일시장,ST-2759,70,7,10,126.85499573,37.52122498
2026-06-15T01:43:04.052578+09:00,신정네거리역,신정네거리역,POI117,KEY_1,4509. 서울영상고교 입구,ST-2761,207,31,15,126.85928345,37.52198029
2026-06-15T01:43:04.052578+09:00,신정네거리역,신정네거리역,POI117,KEY_1,4510. 신정네거리역 교차로,ST-2762,15,2,13,126.85228729,37.52175903
2026-06-15T01:43:04.052578+09:00,신촌·이대역,신촌·이대역,POI040,KEY_2,150. 서강대역 2번출구 앞,ST-207,13,2,15,126.93434143,37.55295563
2026-06-15T01:43:04.052578+09:00,신촌·이대역,신촌·이대역,POI040,KEY_2,134. 연세로 명물길,ST-36,100,8,8,126.93807983,37.55789185
2026-06-15T01:43:04.052578+09:00,신촌·이대역,신촌·이대역,POI040,KEY_2,128. 신촌역(2호선) 1번출구 옆,ST-30,0,0,19,126.93634033,37.55549622
2026-06-15T01:43:04.052578+09:00,신촌·이대역,신촌·이대역,POI040,KEY_2,130. 신촌역(2호선) 7번출구 앞,ST-32,60,6,10,126.93626404,37.5550499
2026-06-15T01:43:04.052578+09:00,신촌·이대역,신촌·이대역,POI040,KEY_2,135. 명물길 원형무대 앞,ST-37,60,6,10,126.93984222,37.55922699
2026-06-15T01:43:04.052578+09:00,신촌·이대역,신촌·이대역,POI040,KEY_2,129. 신촌역(2호선) 6번출구 옆,ST-31,20,2,10,126.93756866,37.55505371
2026-06-15T01:43:04.052578+09:00,신촌·이대역,신촌·이대역,POI040,KEY_2,137. 신촌기차역입구 교차로,ST-39,10,1,10,126.9431839,37.55681229
2026-06-15T01:43:04.052578+09:00,신촌·이대역,신촌·이대역,POI040,KEY_2,3116.신촌역 4번출구,ST-2201,0,0,10,126.93720245,37.55550385
2026-06-15T01:43:04.052578+09:00,신촌·이대역,신촌·이대역,POI040,KEY_2,4248. 신촌 교보빌딩,ST-3021,0,0,10,126.94034576,37.5560112
2026-06-15T01:43:04.052578+09:00,신촌·이대역,신촌·이대역,POI040,KEY_2,4274. 신촌 파랑고래 입구,ST-3140,0,0,10,126.93603516,37.55687714
2026-06-15T01:43:04.052578+09:00,쌍문역,쌍문역,POI070,KEY_3,1709. 쌍문역4번출구 주변,ST-616,76,13,17,127.03534698,37.65012741
2026-06-15T01:43:04.052578+09:00,쌍문역,쌍문역,POI070,KEY_3,1774.정의여중고 버스정류소,ST-2119,250,20,8,127.034729,37.65134811
2026-06-15T01:43:04.052578+09:00,쌍문역,쌍문역,POI070,KEY_3,1754. 창동시장입구 사거리,ST-2099,55,6,11,127.03343201,37.64689636
2026-06-15T01:43:04.052578+09:00,쌍문역,쌍문역,POI070,KEY_3,4054. 창동한신아파트 버스정류소,ST-2722,290,29,10,127.03527069,37.64601898
2026-06-15T01:43:04.052578+09:00,양재역,양재역,POI041,KEY_4,2242.양재역 10번 출구 앞,ST-767,0,0,20,127.03417969,37.48398972
2026-06-15T01:43:04.052578+09:00,양재역,양재역,POI041,KEY_4,2333. 양재역 3번출구 주변,ST-816,79,11,14,127.03407288,37.48515701
2026-06-15T01:43:04.052578+09:00,양재역,양재역,POI041,KEY_4,2293. SPC 앞,ST-1360,50,5,10,127.03699493,37.48479843
2026-06-15T01:43:04.052578+09:00,양재역,양재역,POI041,KEY_4,4329. SC제일은행 양재동지점 앞,ST-2962,50,4,8,127.03315735,37.48573685
2026-06-15T01:43:04.052578+09:00,역삼역,역삼역,POI042,KEY_1,2410. 포스코피앤에스타워 (역삼역 3번출구 부근),ST-1680,80,8,10,127.03375244,37.49959946
2026-06-15T01:43:04.052578+09:00,역삼역,역삼역,POI042,KEY_1,2430.강남파이낸스센터앞(역삼역2번출구),ST-1896,110,11,10,127.03605652,37.50024414
2026-06-15T01:43:04.052578+09:00,역삼역,역삼역,POI042,KEY_1,2349. 역삼빌딩 앞(하나은행 옆),ST-959,133,16,12,127.03856659,37.50154495
2026-06-15T01:43:04.052578+09:00,연신내역,연신내역,POI043,KEY_2,949. 연신내역 1번 출구,ST-1035,283,17,6,126.92080688,37.61978149
2026-06-15T01:43:04.052578+09:00,연신내역,연신내역,POI043,KEY_2,922. 연신내역 4번출구,ST-470,10,1,10,126.92196655,37.61780167
2026-06-15T01:43:04.052578+09:00,연신내역,연신내역,POI043,KEY_2,906. 연신내역 5번출구,ST-454,113,9,8,126.91957855,37.61721039
2026-06-15T01:43:04.052578+09:00,오목교역·목동운동장,오목교역·목동운동장,POI044,KEY_3,771.목동아파트 703동 앞,ST-1997,163,13,8,126.87016296,37.52820587
2026-06-15T01:43:04.052578+09:00,오목교역·목동운동장,오목교역·목동운동장,POI044,KEY_3,769.CBS방송국 앞,ST-1995,235,47,20,126.87467194,37.52785492
2026-06-15T01:43:04.052578+09:00,오목교역·목동운동장,오목교역·목동운동장,POI044,KEY_3,756. 목동주차장,ST-1497,27,4,15,126.8761673,37.52667999
2026-06-15T01:43:04.052578+09:00,오목교역·목동운동장,오목교역·목동운동장,POI044,KEY_3,792.목동트라팰리스 웨스턴에비뉴,ST-2017,25,5,20,126.8709259,37.52537155
2026-06-15T01:43:04.052578+09:00,오목교역·목동운동장,오목교역·목동운동장,POI044,KEY_3,748. 목동운동장,ST-1019,67,10,15,126.87930298,37.53025055
2026-06-15T01:43:04.052578+09:00,오목교역·목동운동장,오목교역·목동운동장,POI044,KEY_3,791.현대하이페리온,ST-2016,160,24,15,126.86980438,37.52490234
2026-06-15T01:43:04.052578+09:00,오목교역·목동운동장,오목교역·목동운동장,POI044,KEY_3,747. 목동3단지 상가,ST-1018,0,0,10,126.8756485,37.53458023
2026-06-15T01:43:04.052578+09:00,오목교역·목동운동장,오목교역·목동운동장,POI044,KEY_3,703. 오목교역 7번출구 앞,ST-311,25,3,12,126.87524414,37.52362823
2026-06-15T01:43:04.052578+09:00,오목교역·목동운동장,오목교역·목동운동장,POI044,KEY_3,762. 오목로 무중력지대 앞,ST-1503,170,17,10,126.87766266,37.52474213
2026-06-15T01:43:04.052578+09:00,오목교역·목동운동장,오목교역·목동운동장,POI044,KEY_3,723. SBS방송국,ST-994,133,20,15,126.87274933,37.52916336
2026-06-15T01:43:04.052578+09:00,오목교역·목동운동장,오목교역·목동운동장,POI044,KEY_3,765. 오목교역 3번출구,ST-1731,8,1,12,126.87548065,37.52477646
2026-06-15T01:43:04.052578+09:00,오목교역·목동운동장,오목교역·목동운동장,POI044,KEY_3,731. 서울시 도로환경관리센터,ST-1002,110,11,10,126.87654114,37.5298996
2026-06-15T01:43:04.052578+09:00,오목교역·목동운동장,오목교역·목동운동장,POI044,KEY_3,4514. 목동성당 앞,ST-2764,110,22,20,126.86930084,37.52319717
2026-06-15T01:43:04.052578+09:00,오목교역·목동운동장,오목교역·목동운동장,POI044,KEY_3,4543. 오목교역 6번 출구,ST-3163,133,12,9,126.87567139,37.5236702
2026-06-15T01:43:04.052578+09:00,오목교역·목동운동장,오목교역·목동운동장,POI044,KEY_3,4546. 목동운동장 주경기장,ST-3227,213,64,30,126.88307953,37.52937698
2026-06-15T01:43:04.052578+09:00,오목교역·목동운동장,오목교역·목동운동장,POI044,KEY_3,4532. 목동현대아파트 후문 앞,ST-2879,190,19,10,126.87805939,37.5221405
2026-06-15T01:43:04.052578+09:00,왕십리역,왕십리역,POI045,KEY_4,558. 성동광진 교육지원청 앞,ST-359,85,17,20,127.03652191,37.56460571
2026-06-15T01:43:04.052578+09:00,왕십리역,왕십리역,POI045,KEY_4,525. 한양대병원사거리,ST-241,15,3,20,127.04035187,37.55805206
2026-06-15T01:43:04.052578+09:00,왕십리역,왕십리역,POI045,KEY_4,559. 왕십리역 4번 출구 건너편,ST-360,0,0,13,127.03679657,37.56109619
2026-06-15T01:43:04.052578+09:00,왕십리역,왕십리역,POI045,KEY_4,3561.행당동 삼부APT후문,ST-2343,50,5,10,127.03839874,37.55926895
2026-06-15T01:43:04.052578+09:00,왕십리역,왕십리역,POI045,KEY_4,3545.한양대역 1번출구,ST-2327,70,7,10,127.04335785,37.55657959
2026-06-15T01:43:04.052578+09:00,용산역,용산역,POI046,KEY_1,806. 전자랜드 본관 앞,ST-327,35,7,20,126.96073151,37.5330658
2026-06-15T01:43:04.052578+09:00,용산역,용산역,POI046,KEY_1,845. 용산 선인상가,ST-1615,19,3,16,126.96437836,37.53269958
2026-06-15T01:43:04.052578+09:00,용산역,용산역,POI046,KEY_1,853.용산역 맞은편,ST-2177,11,2,19,126.96595001,37.52841568
2026-06-15T01:43:04.052578+09:00,용산역,용산역,POI046,KEY_1,4617. 동원베네스트 건너편,ST-2448,100,6,6,126.95511627,37.52761078
2026-06-15T01:43:04.052578+09:00,용산역,용산역,POI046,KEY_1,4616. 신용산지하차도 앞,ST-2447,13,2,15,126.96411896,37.53248215
2026-06-15T01:43:04.052578+09:00,잠실새내역,잠실새내역,POI118,KEY_3,1222. 잠실새내역 5번 출구 뒤,ST-547,74,17,23,127.08505249,37.51198196
2026-06-15T01:43:04.052578+09:00,잠실새내역,잠실새내역,POI118,KEY_3,1224. 아시아지하보도 2번 출구,ST-548,73,11,15,127.07893372,37.51216888
2026-06-15T01:43:04.052578+09:00,잠실새내역,잠실새내역,POI118,KEY_3,2637. 아시아지하보도 14번 출구,ST-1864,27,4,15,127.07881165,37.51146317
2026-06-15T01:43:04.052578+09:00,잠실새내역,잠실새내역,POI118,KEY_3,2635.잠실새내역 1번출구,ST-1862,0,0,21,127.08673859,37.51129532
2026-06-15T01:43:04.052578+09:00,잠실역,잠실역,POI119,KEY_4,1232. 잠실주공 521동 건너편,ST-550,0,0,10,127.09568787,37.51184082
2026-06-15T01:43:04.052578+09:00,잠실역,잠실역,POI119,KEY_4,1210. 롯데월드타워(잠실역2번출구 쪽),ST-891,0,0,30,127.10095978,37.51312637
2026-06-15T01:43:04.052578+09:00,잠실역,잠실역,POI119,KEY_4,1231. 잠실역 6번출구,ST-840,15,2,13,127.09902954,37.51408768
2026-06-15T01:43:04.052578+09:00,잠실역,잠실역,POI119,KEY_4,2647.잠실 자전거 수리센터 앞,ST-1868,0,0,7,127.10114288,37.51100922
2026-06-15T01:43:04.052578+09:00,장지역,장지역,POI048,KEY_1,1266. 문정동 글샘 공원,ST-1085,10,1,10,127.12000275,37.47880936
2026-06-15T01:43:04.052578+09:00,장지역,장지역,POI048,KEY_1,1245. 문정 법조단지9,ST-905,0,0,10,127.12532806,37.47946548
2026-06-15T01:43:04.052578+09:00,장지역,장지역,POI048,KEY_1,1244. 문정 법조단지8,ST-904,100,11,11,127.12212372,37.48153687
2026-06-15T01:43:04.052578+09:00,장지역,장지역,POI048,KEY_1,1246. 문정 법조단지10,ST-906,3,1,30,127.12632751,37.47750854
2026-06-15T01:43:04.052578+09:00,장지역,장지역,POI048,KEY_1,1247. 문정 법조단지11,ST-907,0,0,15,127.12351227,37.4788208
2026-06-15T01:43:04.052578+09:00,장지역,장지역,POI048,KEY_1,4491. 장지역 1번출구,ST-2599,0,0,10,127.12678528,37.47953415
2026-06-15T01:43:04.052578+09:00,장지역,장지역,POI048,KEY_1,4885. 가든파이브 리빙관,ST-2985,125,10,8,127.123703,37.47709656
2026-06-15T01:43:04.052578+09:00,장한평역,장한평역,POI049,KEY_2,626. 군자교 서측 녹지대,ST-394,288,49,17,127.07096863,37.56115341
2026-06-15T01:43:04.052578+09:00,장한평역,장한평역,POI049,KEY_2,529. 장한평역 8번 출구 앞,ST-243,488,39,8,127.06365967,37.56137085
2026-06-15T01:43:04.052578+09:00,장한평역,장한평역,POI049,KEY_2,4385. 용답동 우체국 주변,ST-3099,220,11,5,127.06151581,37.56168747
2026-06-15T01:43:04.052578+09:00,장한평역,장한평역,POI049,KEY_2,4105. 서울교통공사사거리 교통섬,ST-2499,170,17,10,127.05799103,37.56324005
2026-06-15T01:43:04.052578+09:00,천호역,천호역,POI050,KEY_3,1009. 천호역4번출구(현대백화점),ST-493,5,1,20,127.12424469,37.53866577
2026-06-15T01:43:04.052578+09:00,천호역,천호역,POI050,KEY_3,1264. 천호역 10번 출구 앞,ST-1083,0,0,8,127.12280273,37.53858185
2026-06-15T01:43:04.052578+09:00,천호역,천호역,POI050,KEY_3,3657. 서울천호동우체국,ST-2732,450,45,10,127.12576294,37.54074097
2026-06-15T01:43:04.052578+09:00,총신대입구(이수)역,총신대입구(이수)역,POI051,KEY_4,2264. 이수역 1번출구,ST-935,67,6,9,126.98271942,37.48897171
2026-06-15T01:43:04.052578+09:00,총신대입구(이수)역,총신대입구(이수)역,POI051,KEY_4,2082.7호선 이수역7번출구,ST-2355,20,2,10,126.98179626,37.4846077
2026-06-15T01:43:04.052578+09:00,총신대입구(이수)역,총신대입구(이수)역,POI051,KEY_4,2032. 이수역 11번출구쪽,ST-923,140,14,10,126.98162079,37.48550797
2026-06-15T01:43:04.052578+09:00,총신대입구(이수)역,총신대입구(이수)역,POI051,KEY_4,2511. 이수역 6번출구 앞,ST-1739,150,15,10,126.98234558,37.48398972
2026-06-15T01:43:04.052578+09:00,총신대입구(이수)역,총신대입구(이수)역,POI051,KEY_4,2091. 이수역9번출구,ST-2364,180,27,15,126.98059082,37.48470306
2026-06-15T01:43:04.052578+09:00,충정로역,충정로역,POI052,KEY_1,180. 충정로역 7번출구 아래,ST-233,50,5,10,126.96246338,37.55996704
2026-06-15T01:43:04.052578+09:00,충정로역,충정로역,POI052,KEY_1,3114.충정로역 3번 출구,ST-2198,0,0,7,126.96552277,37.56046295
2026-06-15T01:43:04.052578+09:00,충정로역,충정로역,POI052,KEY_1,3134.SK리쳄블(서울아리수본부),ST-2219,50,5,10,126.96658325,37.56131744
2026-06-15T01:43:04.052578+09:00,충정로역,충정로역,POI052,KEY_1,4752. 삼성사이버빌리지아파트,ST-2624,43,3,7,126.96485901,37.55891418
2026-06-15T01:43:04.052578+09:00,충정로역,충정로역,POI052,KEY_1,4266.국민연금공단충정로사옥,ST-3027,22,2,9,126.96414948,37.56184769
2026-06-15T01:43:04.052578+09:00,충정로역,충정로역,POI052,KEY_1,4801. 충정로역 2호선(엘리베이터 앞),ST-3053,0,0,5,126.96414185,37.55937576
2026-06-15T01:43:04.052578+09:00,충정로역,충정로역,POI052,KEY_1,4271. 충정로역 1번 출구,ST-3107,57,4,7,126.96305847,37.55942535
2026-06-15T01:43:04.052578+09:00,합정역,합정역,POI053,KEY_2,105. 합정역 5번출구 앞,ST-7,20,1,5,126.91482544,37.55000687
2026-06-15T01:43:04.052578+09:00,합정역,합정역,POI053,KEY_2,497.합정동주민센터 앞,ST-2156,4,1,25,126.91230011,37.551754
2026-06-15T01:43:04.052578+09:00,합정역,합정역,POI053,KEY_2,106. 합정역 7번출구 앞,ST-8,0,0,12,126.91282654,37.54864502
2026-06-15T01:43:04.052578+09:00,합정역,합정역,POI053,KEY_2,4211. 시석빌딩 앞,ST-2534,0,0,8,126.91671753,37.54836655
2026-06-15T01:43:04.052578+09:00,혜화역,혜화역,POI054,KEY_3,341. 혜화역 3번출구 뒤,ST-157,25,2,8,127.00178528,37.58156967
2026-06-15T01:43:04.052578+09:00,혜화역,혜화역,POI054,KEY_3,342. 대학로 마로니에공원,ST-158,36,8,22,127.00234222,37.58044434
2026-06-15T01:43:04.052578+09:00,혜화역,혜화역,POI054,KEY_3,358. 성균관대입구 사거리 A,ST-173,8,1,13,126.99853516,37.58250046
2026-06-15T01:43:04.052578+09:00,혜화역,혜화역,POI054,KEY_3,3420. 성균관대입구 사거리 B,ST-1817,0,0,10,126.99885559,37.58327484
2026-06-15T01:43:04.052578+09:00,혜화역,혜화역,POI054,KEY_3,3421.혜화역 1번출구,ST-1818,20,2,10,127.00185394,37.58385468
2026-06-15T01:43:04.052578+09:00,혜화역,혜화역,POI054,KEY_3,3419.국립어린이과학관,ST-1816,0,0,14,126.99736786,37.58194733
2026-06-15T01:43:04.052578+09:00,홍대입구역(2호선),홍대입구역(2호선),POI055,KEY_4,113. 홍대입구역 2번출구 앞,ST-18,0,0,28,126.9238205,37.5574379
2026-06-15T01:43:04.052578+09:00,홍대입구역(2호선),홍대입구역(2호선),POI055,KEY_4,114. 홍대입구역 8번출구 앞,ST-20,0,0,15,126.92442322,37.55706024
2026-06-15T01:43:04.052578+09:00,회기역,회기역,POI056,KEY_1,680.꿈마루어린이도서관 앞,ST-2280,91,20,22,127.05741119,37.59238434
2026-06-15T01:43:04.052578+09:00,회기역,회기역,POI056,KEY_1,670.삼육서울병원 버스정류장,ST-2270,133,12,9,127.06151581,37.5896759
2026-06-15T02:39:08.735110+09:00,광화문·덕수궁,광화문·덕수궁,POI009,KEY_2,310. 청계광장 옆,ST-126,0,0,8,126.9774704,37.56887817
2026-06-15T02:39:08.735110+09:00,광화문·덕수궁,광화문·덕수궁,POI009,KEY_2,391. 시립미술관,ST-977,0,0,8,126.97340393,37.56505203
2026-06-15T02:39:08.735110+09:00,광화문·덕수궁,광화문·덕수궁,POI009,KEY_2,4719. 종로문화원 건너편,ST-3090,0,0,15,126.9805069,37.57571411
2026-06-15T02:39:08.735110+09:00,광화문·덕수궁,광화문·덕수궁,POI009,KEY_2,6058. 시청역 2번출구,ST-3297,7,1,15,126.97702026,37.56557846
2026-06-15T02:39:08.735110+09:00,광화문·덕수궁,광화문·덕수궁,POI009,KEY_2,4796. 서울시청,ST-2693,0,0,20,126.97925568,37.5664711
2026-06-15T02:39:08.735110+09:00,보신각,보신각,POI010,KEY_3,316. 종각역 1번출구 앞,ST-132,13,1,8,126.98178864,37.57039642
2026-06-15T02:39:08.735110+09:00,보신각,보신각,POI010,KEY_3,385. 종각역 5번출구,ST-336,0,0,10,126.98265839,37.56983566
2026-06-15T02:39:08.735110+09:00,보신각,보신각,POI010,KEY_3,3408.종로타워빌딩,ST-1805,0,0,13,126.98323822,37.57070541
2026-06-15T02:39:08.735110+09:00,보신각,보신각,POI010,KEY_3,4708. 조계사앞사거리,ST-2472,0,0,6,126.98283386,37.5721817
2026-06-15T02:39:08.735110+09:00,서울 암사동 유적,서울 암사동 유적,POI011,KEY_4,1007.암사동 선사유적지,ST-491,36,5,14,127.13087463,37.55955887
2026-06-15T02:39:08.735110+09:00,서울 암사동 유적,서울 암사동 유적,POI011,KEY_4,3539. 서원마을,ST-1686,150,15,10,127.13283539,37.56379318
2026-06-15T02:39:08.735110+09:00,창덕궁·종묘,창덕궁·종묘,POI012,KEY_1,339. 종로4가 사거리,ST-155,10,1,10,126.99819183,37.57106781
2026-06-15T02:39:08.735110+09:00,창덕궁·종묘,창덕궁·종묘,POI012,KEY_1,337. 창경궁 입구,ST-153,140,7,5,126.99647522,37.57897949
2026-06-15T02:39:08.735110+09:00,창덕궁·종묘,창덕궁·종묘,POI012,KEY_1,359. 원남동사거리,ST-174,13,1,8,126.99768066,37.57606125
2026-06-15T02:39:08.735110+09:00,창덕궁·종묘,창덕궁·종묘,POI012,KEY_1,338. 세운스퀘어 앞,ST-154,0,0,18,126.99712372,37.57095718
2026-06-15T02:39:08.735110+09:00,창덕궁·종묘,창덕궁·종묘,POI012,KEY_1,3411.종묘,ST-1808,44,4,9,126.99437714,37.57072067
2026-06-15T02:39:08.735110+09:00,창덕궁·종묘,창덕궁·종묘,POI012,KEY_1,3410.종로3가역 8번출구,ST-1807,0,0,10,126.99188995,37.5724678
2026-06-15T02:39:08.735110+09:00,창덕궁·종묘,창덕궁·종묘,POI012,KEY_1,3413.종로플레이스,ST-1810,73,16,22,126.99796295,37.57320023
2026-06-15T02:39:08.735110+09:00,동대문 관광특구,동대문 관광특구,POI002,KEY_3,383. 신당역 12번 출구 뒤,ST-198,117,28,24,127.01642609,37.56591797
2026-06-15T02:39:08.735110+09:00,동대문 관광특구,동대문 관광특구,POI002,KEY_3,474.동대문역사문화공원역 1번출구 뒤편,ST-1780,15,6,40,127.00849152,37.56629944
2026-06-15T02:39:08.735110+09:00,동대문 관광특구,동대문 관광특구,POI002,KEY_3,475.DDP 패션몰,ST-1781,38,8,21,127.0118103,37.56764984
2026-06-15T02:39:08.735110+09:00,동대문 관광특구,동대문 관광특구,POI002,KEY_3,346. 맥스타일 앞,ST-162,90,9,10,127.01014709,37.5689621
2026-06-15T02:39:08.735110+09:00,동대문 관광특구,동대문 관광특구,POI002,KEY_3,347. 동대문역사문화공원역 9번출구 앞,ST-163,39,7,18,127.00784302,37.56533051
2026-06-15T02:39:08.735110+09:00,동대문 관광특구,동대문 관광특구,POI002,KEY_3,4765. 동대문디자인플라자,ST-2431,75,15,20,127.00946045,37.5683136
2026-06-15T02:39:08.735110+09:00,동대문 관광특구,동대문 관광특구,POI002,KEY_3,6061.충무아트센터,ST-3381,160,16,10,127.01522064,37.56538773
2026-06-15T02:39:08.735110+09:00,명동 관광특구,명동 관광특구,POI003,KEY_4,318. 광교사거리 남측,ST-134,20,2,10,126.98231506,37.56863403
2026-06-15T02:39:08.735110+09:00,명동 관광특구,명동 관광특구,POI003,KEY_4,310. 청계광장 옆,ST-126,0,0,8,126.9774704,37.56887817
2026-06-15T02:39:08.735110+09:00,명동 관광특구,명동 관광특구,POI003,KEY_4,466.롯데호텔,ST-1772,0,0,13,126.97981262,37.56584167
2026-06-15T02:39:08.735110+09:00,명동 관광특구,명동 관광특구,POI003,KEY_4,321. KEB 하나금융그룹 명동사옥 옆,ST-137,0,0,15,126.98413849,37.56546402
2026-06-15T02:39:08.735110+09:00,명동 관광특구,명동 관광특구,POI003,KEY_4,433. 을지로입구역 2번출구,ST-1668,0,0,12,126.98229218,37.56634521
2026-06-15T02:39:08.735110+09:00,명동 관광특구,명동 관광특구,POI003,KEY_4,322. 명동성당 앞,ST-138,0,0,10,126.98696899,37.56447601
2026-06-15T02:39:08.735110+09:00,명동 관광특구,명동 관광특구,POI003,KEY_4,320. 을지로입구역 4번출구 앞,ST-136,0,0,17,126.98358917,37.56622314
2026-06-15T02:39:08.735110+09:00,명동 관광특구,명동 관광특구,POI003,KEY_4,331. 을지로2가 사거리 북측,ST-147,0,0,10,126.98720551,37.56638336
2026-06-15T02:39:08.735110+09:00,명동 관광특구,명동 관광특구,POI003,KEY_4,398. 을지로3가역 3번출구,ST-1435,0,0,8,126.99249268,37.56660461
2026-06-15T02:39:08.735110+09:00,명동 관광특구,명동 관광특구,POI003,KEY_4,324. 신세계백화점 본점 앞,ST-140,13,1,8,126.9805069,37.56134415
2026-06-15T02:39:08.735110+09:00,명동 관광특구,명동 관광특구,POI003,KEY_4,3013.서울지방고용노동청 앞,ST-2422,0,0,7,126.98725891,37.56760406
2026-06-15T02:39:08.735110+09:00,명동 관광특구,명동 관광특구,POI003,KEY_4,4775. 을지로지하쇼핑센터,ST-2521,0,0,10,126.98445129,37.56589127
2026-06-15T02:39:08.735110+09:00,명동 관광특구,명동 관광특구,POI003,KEY_4,4762. 국제빌딩,ST-2517,0,0,10,126.98244476,37.56694794
2026-06-15T02:39:08.735110+09:00,명동 관광특구,명동 관광특구,POI003,KEY_4,6058. 시청역 2번출구,ST-3297,7,1,15,126.97702026,37.56557846
2026-06-15T02:39:08.735110+09:00,명동 관광특구,명동 관광특구,POI003,KEY_4,4774. 을지로입구역 8번출구,ST-2520,0,0,9,126.98178101,37.56590271
2026-06-15T02:39:08.735110+09:00,명동 관광특구,명동 관광특구,POI003,KEY_4,4791. 명동역9번 출구,ST-2527,0,0,10,126.98749542,37.56122589
2026-06-15T02:39:08.735110+09:00,명동 관광특구,명동 관광특구,POI003,KEY_4,4776. 신세계면세점,ST-2522,0,0,10,126.98139191,37.56027603
2026-06-15T02:39:08.735110+09:00,명동 관광특구,명동 관광특구,POI003,KEY_4,4796. 서울시청,ST-2693,0,0,20,126.97925568,37.5664711
2026-06-15T02:39:08.735110+09:00,이태원 관광특구,이태원 관광특구,POI004,KEY_1,854.HID 유족동지회 앞,ST-2178,0,0,10,127.0014801,37.53850937
2026-06-15T02:39:08.735110+09:00,이태원 관광특구,이태원 관광특구,POI004,KEY_1,857. 현대 안성타워,ST-2181,0,0,10,126.99797058,37.53508759
2026-06-15T02:39:08.735110+09:00,이태원 관광특구,이태원 관광특구,POI004,KEY_1,843. 이태원관광특구 입구(용산구청방향),ST-1445,0,0,19,126.98867035,37.53379822
2026-06-15T02:39:08.735110+09:00,이태원 관광특구,이태원 관광특구,POI004,KEY_1,4623. 라인프랜즈이태원점 앞,ST-2453,0,0,10,126.99619293,37.53453064
2026-06-15T02:39:08.735110+09:00,이태원 관광특구,이태원 관광특구,POI004,KEY_1,4613. 서울갤러리아 앞,ST-2445,0,0,5,126.99937439,37.53597641
2026-06-15T02:39:08.735110+09:00,이태원 관광특구,이태원 관광특구,POI004,KEY_1,4634. 이태원역 3번 출구,ST-3056,0,0,5,126.99497223,37.5343895
2026-06-15T02:39:08.735110+09:00,이태원 관광특구,이태원 관광특구,POI004,KEY_1,4612. 이태원로 255,ST-2444,20,1,5,127.00084686,37.53749847
2026-06-15T02:39:08.735110+09:00,잠실 관광특구,잠실 관광특구,POI005,KEY_2,1210. 롯데월드타워(잠실역2번출구 쪽),ST-891,0,0,30,127.10095978,37.51312637
2026-06-15T02:39:08.735110+09:00,잠실 관광특구,잠실 관광특구,POI005,KEY_2,1267. 올림픽공원 남2문 앞,ST-1086,36,5,14,127.12306976,37.51424026
2026-06-15T02:39:08.735110+09:00,잠실 관광특구,잠실 관광특구,POI005,KEY_2,1268. 몽촌토성역 1번출구 옆,ST-1087,7,1,15,127.11419678,37.51728821
2026-06-15T02:39:08.735110+09:00,잠실 관광특구,잠실 관광특구,POI005,KEY_2,1297. 석촌호수교차로(동호 팔각정 앞),ST-1586,0,0,15,127.10411835,37.50920105
2026-06-15T02:39:08.735110+09:00,잠실 관광특구,잠실 관광특구,POI005,KEY_2,1233. 잠실3거리(갤러리아팰리스),ST-551,56,5,9,127.09336853,37.51050949
2026-06-15T02:39:08.735110+09:00,잠실 관광특구,잠실 관광특구,POI005,KEY_2,1296. 석촌호수교차로 (송파나루근린공원 앞),ST-1585,0,0,10,127.1034317,37.50867844
2026-06-15T02:39:08.735110+09:00,잠실 관광특구,잠실 관광특구,POI005,KEY_2,2622. 올림픽공원역 3번출구,ST-1720,10,2,20,127.13059235,37.51625824
2026-06-15T02:39:08.735110+09:00,잠실 관광특구,잠실 관광특구,POI005,KEY_2,2601. 석촌호수 아뜰리에,ST-1590,13,2,16,127.09883118,37.5067482
2026-06-15T02:39:08.735110+09:00,잠실 관광특구,잠실 관광특구,POI005,KEY_2,2647.잠실 자전거 수리센터 앞,ST-1868,0,0,7,127.10114288,37.51100922
2026-06-15T02:39:08.735110+09:00,잠실 관광특구,잠실 관광특구,POI005,KEY_2,2608. 송파구청,ST-1681,10,1,10,127.10611725,37.51499176
2026-06-15T02:39:08.735110+09:00,잠실 관광특구,잠실 관광특구,POI005,KEY_2,2621. 한성백제역 2번 출구,ST-1719,20,3,15,127.11625671,37.51665878
2026-06-15T02:39:08.735110+09:00,잠실 관광특구,잠실 관광특구,POI005,KEY_2,5751. 송파여성축구장,ST-3069,0,0,10,127.11743927,37.52471542
2026-06-15T02:39:08.735110+09:00,잠실 관광특구,잠실 관광특구,POI005,KEY_2,4464. 올림픽공원 북2문 A,ST-2580,27,4,15,127.12804413,37.52357483
2026-06-15T02:39:08.735110+09:00,잠실 관광특구,잠실 관광특구,POI005,KEY_2,5781. 올림픽공원 수영장,ST-3300,79,11,14,127.12688446,37.52157211
2026-06-15T02:39:08.735110+09:00,잠실 관광특구,잠실 관광특구,POI005,KEY_2,4481. 올림픽공원 북2문 B,ST-2592,88,22,25,127.12751007,37.52397537
2026-06-15T02:39:08.735110+09:00,잠실 관광특구,잠실 관광특구,POI005,KEY_2,4857. 올림픽공원 장미광장,ST-2621,0,0,15,127.126297,37.51275635
2026-06-15T02:39:08.735110+09:00,잠실 관광특구,잠실 관광특구,POI005,KEY_2,4868. 석촌호수 서호 남단,ST-2833,30,3,10,127.10124207,37.50717163
2026-06-15T02:39:08.735110+09:00,잠실 관광특구,잠실 관광특구,POI005,KEY_2,4865. 한성백제역 1번출구 뒤,ST-2797,140,7,5,127.1149826,37.51647949
2026-06-15T02:39:08.735110+09:00,잠실 관광특구,잠실 관광특구,POI005,KEY_2,4870. 몽촌토성역 3번 출구,ST-2876,40,4,10,127.11232758,37.5170784
2026-06-15T02:39:08.735110+09:00,잠실 관광특구,잠실 관광특구,POI005,KEY_2,4862. 성내교 남단,ST-2756,70,7,10,127.11588287,37.52301788
2026-06-15T02:39:08.735110+09:00,잠실 관광특구,잠실 관광특구,POI005,KEY_2,4856. 올림픽공원 서1문 앞,ST-2608,80,8,10,127.11457062,37.5202179
2026-06-15T02:39:08.735110+09:00,잠실 관광특구,잠실 관광특구,POI005,KEY_2,5768.방이삼거리,ST-3214,17,2,12,127.10822296,37.51237488
2026-06-15T02:39:08.735110+09:00,잠실 관광특구,잠실 관광특구,POI005,KEY_2,1232. 잠실주공 521동 건너편,ST-550,0,0,10,127.09568787,37.51184082
2026-06-15T02:39:08.735110+09:00,종로·청계 관광특구,종로·청계 관광특구,POI006,KEY_3,455. 종로6가역 버스정류장(동대문 방향),ST-1608,50,4,8,127.00605774,37.570961
2026-06-15T02:39:08.735110+09:00,종로·청계 관광특구,종로·청계 관광특구,POI006,KEY_3,397. 종묘공영주차장 건너편,ST-1432,15,2,13,126.99663544,37.57048035
2026-06-15T02:39:08.735110+09:00,종로·청계 관광특구,종로·청계 관광특구,POI006,KEY_3,368. SK 서린빌딩 앞,ST-181,0,0,15,126.98053741,37.5692482
2026-06-15T02:39:08.735110+09:00,종로·청계 관광특구,종로·청계 관광특구,POI006,KEY_3,385. 종각역 5번출구,ST-336,0,0,10,126.98265839,37.56983566
2026-06-15T02:39:08.735110+09:00,종로·청계 관광특구,종로·청계 관광특구,POI006,KEY_3,393. 동대문역 8번 출구,ST-1372,50,6,12,127.00937653,37.57014084
2026-06-15T02:39:08.735110+09:00,종로·청계 관광특구,종로·청계 관광특구,POI006,KEY_3,335. 종로3가역 15번출구 뒤,ST-151,0,0,10,126.99165344,37.57019424
2026-06-15T02:39:08.735110+09:00,종로·청계 관광특구,종로·청계 관광특구,POI006,KEY_3,329. 청계2가 사거리 옆,ST-145,13,1,8,126.98788452,37.56848526
2026-06-15T02:39:08.735110+09:00,종로·청계 관광특구,종로·청계 관광특구,POI006,KEY_3,3412.세운상가,ST-1809,0,0,15,126.99454498,37.5703125
2026-06-15T02:39:08.735110+09:00,종로·청계 관광특구,종로·청계 관광특구,POI006,KEY_3,3432.종로2가 사거리,ST-1829,7,1,14,126.98880768,37.57001877
2026-06-15T02:39:08.735110+09:00,종로·청계 관광특구,종로·청계 관광특구,POI006,KEY_3,3415.동대문역6번출구,ST-1812,120,18,15,127.0107193,37.57147217
2026-06-15T02:39:08.735110+09:00,종로·청계 관광특구,종로·청계 관광특구,POI006,KEY_3,4707. 청계3가 사거리,ST-2513,40,2,5,126.99211884,37.56855774
2026-06-15T02:39:08.735110+09:00,홍대 관광특구,홍대 관광특구,POI007,KEY_4,113. 홍대입구역 2번출구 앞,ST-18,4,1,28,126.9238205,37.5574379
2026-06-15T02:39:08.735110+09:00,홍대 관광특구,홍대 관광특구,POI007,KEY_4,493.홍대입구역 6번출구,ST-2152,0,0,7,126.9288559,37.55657578
2026-06-15T02:39:08.735110+09:00,홍대 관광특구,홍대 관광특구,POI007,KEY_4,104. 합정역 1번출구 앞,ST-6,8,1,13,126.91508484,37.55073929
2026-06-15T02:39:08.735110+09:00,홍대 관광특구,홍대 관광특구,POI007,KEY_4,108. 서교동 사거리,ST-10,0,0,12,126.91861725,37.55274582
2026-06-15T02:39:08.735110+09:00,홍대 관광특구,홍대 관광특구,POI007,KEY_4,114. 홍대입구역 8번출구 앞,ST-20,0,0,15,126.92442322,37.55706024
2026-06-15T02:39:08.735110+09:00,홍대 관광특구,홍대 관광특구,POI007,KEY_4,3010.홍대입구역 3번출구,ST-2168,7,1,15,126.92538452,37.5582962
2026-06-15T02:39:08.735110+09:00,홍대 관광특구,홍대 관광특구,POI007,KEY_4,3009. 홍대입구역 사거리,ST-2167,5,1,20,126.92023468,37.55450058
2026-06-15T02:39:08.735110+09:00,홍대 관광특구,홍대 관광특구,POI007,KEY_4,4211. 시석빌딩 앞,ST-2534,0,0,8,126.91671753,37.54836655
2026-06-15T02:39:08.735110+09:00,홍대 관광특구,홍대 관광특구,POI007,KEY_4,4208. 스타벅스(동교동) 앞,ST-2532,10,1,10,126.91986847,37.5566597
2026-06-15T02:39:08.735110+09:00,국립중앙박물관·용산가족공원,국립중앙박물관·용산가족공원,POI089,KEY_1,855.이촌역5번출구 앞,ST-2179,110,11,10,126.97277069,37.52272415
2026-06-15T02:39:08.735110+09:00,국립중앙박물관·용산가족공원,국립중앙박물관·용산가족공원,POI089,KEY_1,863.이촌역2번 출구,ST-2187,20,2,10,126.977005,37.52177048
2026-06-15T02:39:08.735110+09:00,남산공원,남산공원,POI091,KEY_3,859.남산공원 야외식물원 앞,ST-2183,0,0,10,126.99586487,37.54188538
2026-06-15T02:39:08.735110+09:00,남산공원,남산공원,POI091,KEY_3,381. 장충체육관,ST-196,0,0,10,127.00698853,37.55853271
2026-06-15T02:39:08.735110+09:00,남산공원,남산공원,POI091,KEY_3,371. 동대입구역 6번출구 뒤,ST-186,20,2,10,127.00553894,37.55887222
2026-06-15T02:39:08.735110+09:00,남산공원,남산공원,POI091,KEY_3,4621. 남산도서관 앞,ST-3054,8,1,12,126.98201752,37.55240631
2026-06-15T02:39:08.735110+09:00,노들섬,노들섬,POI092,KEY_4,869.노들섬 동측 앞,ST-2239,60,6,10,126.95914459,37.51729584
2026-06-15T02:39:08.735110+09:00,노들섬,노들섬,POI092,KEY_4,870.노들섬 서측 앞,ST-2240,100,10,10,126.95829773,37.51731873
2026-06-15T02:39:08.735110+09:00,망원한강공원,망원한강공원,POI094,KEY_2,105. 합정역 5번출구 앞,ST-7,20,1,5,126.91482544,37.55000687
2026-06-15T02:39:08.735110+09:00,망원한강공원,망원한강공원,POI094,KEY_2,4217. 한강공원 망원나들목,ST-2905,20,4,20,126.89688873,37.55557632
2026-06-15T02:39:08.735110+09:00,망원한강공원,망원한강공원,POI094,KEY_2,5515.한강버스 망원 선착장,ST-3388,90,27,30,126.89590454,37.55466461
2026-06-15T02:39:08.735110+09:00,보라매공원,보라매공원,POI123,KEY_4,4181. 보라매공원역 2번출구,ST-3117,67,4,6,126.91781616,37.49582291
2026-06-15T02:39:08.735110+09:00,보라매공원,보라매공원,POI123,KEY_4,4179. 보라매병원역 1번출구,ST-3105,155,31,20,126.92362976,37.49304199
2026-06-15T02:39:08.735110+09:00,북서울꿈의숲,북서울꿈의숲,POI096,KEY_1,1548. 북서울 꿈의숲 서문,ST-1725,47,7,15,127.03781128,37.62268829
2026-06-15T02:39:08.735110+09:00,북서울꿈의숲,북서울꿈의숲,POI096,KEY_1,3718. 번동3단지 버스정류장,ST-2610,182,20,11,127.04390717,37.628685
2026-06-15T02:39:08.735110+09:00,북서울꿈의숲,북서울꿈의숲,POI096,KEY_1,1571.북서울 꿈의 숲 입구,ST-2401,170,17,10,127.03864288,37.62657166
2026-06-15T02:39:08.735110+09:00,서대문독립공원,서대문독립공원,POI124,KEY_2,367. 독립문역 3-1번출구,ST-180,177,23,13,126.95851898,37.57415771
2026-06-15T02:39:08.735110+09:00,서대문독립공원,서대문독립공원,POI124,KEY_2,3113. 독립문 앞,ST-2199,80,12,15,126.95974731,37.57220459
2026-06-15T02:39:08.735110+09:00,서대문독립공원,서대문독립공원,POI124,KEY_2,3427.인왕산 아이파크 정문,ST-1824,250,20,8,126.95584869,37.57666779
2026-06-15T02:39:08.735110+09:00,서대문독립공원,서대문독립공원,POI124,KEY_2,3426.독립문역 2번출구 뒤,ST-1823,130,13,10,126.95755005,37.57501602
2026-06-15T02:39:08.735110+09:00,서리풀공원·몽마르뜨공원,서리풀공원·몽마르뜨공원,POI098,KEY_3,4316. 고속터미널역 3번출구,ST-2667,12,3,25,127.0059433,37.50365829
2026-06-15T02:39:08.735110+09:00,서리풀공원·몽마르뜨공원,서리풀공원·몽마르뜨공원,POI098,KEY_3,4327. 몽마르뜨공원입구,ST-3009,64,7,11,127.0026474,37.4928894
2026-06-15T02:39:08.735110+09:00,서리풀공원·몽마르뜨공원,서리풀공원·몽마르뜨공원,POI098,KEY_3,4312. 반포미도2차아파트 옆,ST-2663,40,4,10,127.00653076,37.50320435
2026-06-15T02:39:08.735110+09:00,서울숲공원,서울숲공원,POI101,KEY_1,510. 뚝도아리수정수센터 버스정류소 옆,ST-107,193,29,15,127.04380035,37.54122162
2026-06-15T02:39:08.735110+09:00,서울숲공원,서울숲공원,POI101,KEY_1,3552.서울숲 공영주차장앞,ST-2334,100,19,19,127.04277039,37.54195786
2026-06-15T02:39:08.735110+09:00,서울숲공원,서울숲공원,POI101,KEY_1,4401.뚝섬유수지 공영주차장,ST-3393,50,5,10,127.042099,37.55018234
2026-06-15T02:39:08.735110+09:00,송현녹지광장,송현녹지광장,POI129,KEY_2,354. 포르투갈 대사관 앞,ST-170,20,2,10,126.98896027,37.57915497
2026-06-15T02:39:08.735110+09:00,송현녹지광장,송현녹지광장,POI129,KEY_2,314. 국립현대미술관,ST-130,0,0,10,126.98085785,37.5797081
2026-06-15T02:39:08.735110+09:00,송현녹지광장,송현녹지광장,POI129,KEY_2,353. 재동초교 앞 삼거리,ST-169,0,0,8,126.9849472,37.57938766
2026-06-15T02:39:08.735110+09:00,송현녹지광장,송현녹지광장,POI129,KEY_2,3407.안국동사거리(신),ST-1804,0,0,18,126.98339081,37.57580566
2026-06-15T02:39:08.735110+09:00,송현녹지광장,송현녹지광장,POI129,KEY_2,4719. 종로문화원 건너편,ST-3090,0,0,15,126.9805069,37.57571411
2026-06-15T02:39:08.735110+09:00,송현녹지광장,송현녹지광장,POI129,KEY_2,4705. 웰니스센터(민방위교육장 앞),ST-2565,50,3,6,126.98912811,37.57752991
2026-06-15T02:39:08.735110+09:00,어린이대공원,어린이대공원,POI104,KEY_2,500. 어린이대공원역 3번출구 앞,ST-97,220,11,5,127.07466888,37.54697037
2026-06-15T02:39:08.735110+09:00,어린이대공원,어린이대공원,POI104,KEY_2,574. 아차산역4번출구,ST-385,127,28,22,127.08898163,37.55184937
2026-06-15T02:39:08.735110+09:00,어린이대공원,어린이대공원,POI104,KEY_2,573. 구의문주차장 앞,ST-384,130,13,10,127.08473206,37.54523087
2026-06-15T02:39:08.735110+09:00,어린이대공원,어린이대공원,POI104,KEY_2,3853. 어린이대공원역 2번출구,ST-2541,33,6,18,127.07470703,37.54764938
2026-06-15T02:39:08.735110+09:00,어린이대공원,어린이대공원,POI104,KEY_2,3529. 어린이대공원정문,ST-1603,40,6,15,127.07592773,37.54978943
2026-06-15T02:39:08.735110+09:00,어린이대공원,어린이대공원,POI104,KEY_2,3507. 어린이회관,ST-1192,45,14,31,127.07800293,37.54595184
2026-06-15T02:39:08.735110+09:00,어린이대공원,어린이대공원,POI104,KEY_2,3860. 건국대학교 정문 앞,ST-2542,160,16,10,127.07571411,37.5465126
2026-06-15T02:39:08.735110+09:00,어린이대공원,어린이대공원,POI104,KEY_2,3573.광나루안전체험관,ST-2312,120,18,15,127.07671356,37.5513382
2026-06-15T02:39:08.735110+09:00,여의도한강공원,여의도한강공원,POI105,KEY_3,260. 여의도 마리나선착장 앞,ST-414,100,15,15,126.91216278,37.53365707
2026-06-15T02:39:08.735110+09:00,여의도한강공원,여의도한강공원,POI105,KEY_3,249. 여의도중학교 옆,ST-297,13,2,16,126.93580627,37.52457809
2026-06-15T02:39:08.735110+09:00,여의도한강공원,여의도한강공원,POI105,KEY_3,5891.한강버스 여의도 선착장,ST-3402,37,11,30,126.93422699,37.52816391
2026-06-15T02:39:08.735110+09:00,여의도한강공원,여의도한강공원,POI105,KEY_3,5890.여의나루역 3번출구,ST-3401,64,7,11,126.93336487,37.52645493
2026-06-15T02:39:08.735110+09:00,여의서로,여의서로,POI126,KEY_4,260. 여의도 마리나선착장 앞,ST-414,100,15,15,126.91216278,37.53365707
2026-06-15T02:39:08.735110+09:00,여의서로,여의서로,POI126,KEY_4,298.KBS 연구동 건너편,ST-1970,60,15,25,126.91374207,37.52724838
2026-06-15T02:39:08.735110+09:00,여의서로,여의서로,POI126,KEY_4,297.국회3문,ST-1969,10,1,10,126.91267395,37.52863693
2026-06-15T02:39:08.735110+09:00,올림픽공원,올림픽공원,POI127,KEY_1,1267. 올림픽공원 남2문 앞,ST-1086,36,5,14,127.12306976,37.51424026
2026-06-15T02:39:08.735110+09:00,올림픽공원,올림픽공원,POI127,KEY_1,1268. 몽촌토성역 1번출구 옆,ST-1087,7,1,15,127.11419678,37.51728821
2026-06-15T02:39:08.735110+09:00,올림픽공원,올림픽공원,POI127,KEY_1,2622. 올림픽공원역 3번출구,ST-1720,10,2,20,127.13059235,37.51625824
2026-06-15T02:39:08.735110+09:00,올림픽공원,올림픽공원,POI127,KEY_1,2621. 한성백제역 2번 출구,ST-1719,20,3,15,127.11625671,37.51665878
2026-06-15T02:39:08.735110+09:00,올림픽공원,올림픽공원,POI127,KEY_1,5751. 송파여성축구장,ST-3069,0,0,10,127.11743927,37.52471542
2026-06-15T02:39:08.735110+09:00,올림픽공원,올림픽공원,POI127,KEY_1,4464. 올림픽공원 북2문 A,ST-2580,27,4,15,127.12804413,37.52357483
2026-06-15T02:39:08.735110+09:00,올림픽공원,올림픽공원,POI127,KEY_1,5781. 올림픽공원 수영장,ST-3300,79,11,14,127.12688446,37.52157211
2026-06-15T02:39:08.735110+09:00,올림픽공원,올림픽공원,POI127,KEY_1,4481. 올림픽공원 북2문 B,ST-2592,88,22,25,127.12751007,37.52397537
2026-06-15T02:39:08.735110+09:00,올림픽공원,올림픽공원,POI127,KEY_1,4857. 올림픽공원 장미광장,ST-2621,0,0,15,127.126297,37.51275635
2026-06-15T02:39:08.735110+09:00,올림픽공원,올림픽공원,POI127,KEY_1,4865. 한성백제역 1번출구 뒤,ST-2797,140,7,5,127.1149826,37.51647949
2026-06-15T02:39:08.735110+09:00,올림픽공원,올림픽공원,POI127,KEY_1,4862. 성내교 남단,ST-2756,70,7,10,127.11588287,37.52301788
2026-06-15T02:39:08.735110+09:00,올림픽공원,올림픽공원,POI127,KEY_1,4856. 올림픽공원 서1문 앞,ST-2608,80,8,10,127.11457062,37.5202179
2026-06-15T02:39:08.735110+09:00,월드컵공원,월드컵공원,POI106,KEY_2,413. 상암월드컵파크 3단지 후문,ST-92,180,18,10,126.88968658,37.57147598
2026-06-15T02:39:08.735110+09:00,월드컵공원,월드컵공원,POI106,KEY_2,419. 홈플러스 마포점 앞,ST-87,148,31,21,126.89942932,37.56842041
2026-06-15T02:39:08.735110+09:00,월드컵공원,월드컵공원,POI106,KEY_2,186. 월드컵공원,ST-344,213,85,40,126.89820862,37.56396484
2026-06-15T02:39:08.735110+09:00,월드컵공원,월드컵공원,POI106,KEY_2,199. 서울 월드컵 경기장,ST-443,83,25,30,126.89644623,37.56684494
2026-06-15T02:39:08.735110+09:00,월드컵공원,월드컵공원,POI106,KEY_2,420. 서울시 공공자전거 상암센터,ST-85,124,46,37,126.8961792,37.56624603
2026-06-15T02:39:08.735110+09:00,월드컵공원,월드컵공원,POI106,KEY_2,418. 월드컵경기장역 3번출구 옆,ST-89,15,3,20,126.8992691,37.57277679
2026-06-15T02:39:08.735110+09:00,월드컵공원,월드컵공원,POI106,KEY_2,440. 하늘공원 입구,ST-1754,73,11,15,126.88134766,37.57012177
2026-06-15T02:39:08.735110+09:00,월드컵공원,월드컵공원,POI106,KEY_2,3008.DMC역7번출구,ST-2166,70,7,10,126.89836121,37.57711411
2026-06-15T02:39:08.735110+09:00,응봉산,응봉산,POI107,KEY_3,569. 응봉현대아파트 정류소,ST-370,10,1,10,127.03024292,37.54958344
2026-06-15T02:39:08.735110+09:00,응봉산,응봉산,POI107,KEY_3,3511. 응봉역 1번출구,ST-1195,260,26,10,127.0351944,37.55130386
2026-06-15T02:39:08.735110+09:00,응봉산,응봉산,POI107,KEY_3,3525. 금호스포츠센터앞,ST-1599,73,11,15,127.02507019,37.54608917
2026-06-15T02:39:08.735110+09:00,청계산,청계산,POI112,KEY_4,2203. 청계산입구역 2번출구,ST-925,130,13,10,127.05501556,37.44765854
2026-06-15T02:39:08.735110+09:00,청계산,청계산,POI112,KEY_4,4338.새정이마을버스정류장 앞,ST-3216,60,3,5,127.06594849,37.43474579
2026-06-15T02:39:08.735110+09:00,가락시장,가락시장,POI058,KEY_2,2658.가락몰 업무동,ST-2409,140,14,10,127.11569214,37.49535751
2026-06-15T02:39:08.735110+09:00,가락시장,가락시장,POI058,KEY_2,2659.서울친환경유통센터,ST-2410,30,3,10,127.10492706,37.49420929
2026-06-15T02:39:08.735110+09:00,가락시장,가락시장,POI058,KEY_2,4854. 가락시장역 2번 출구,ST-2606,70,7,10,127.11798859,37.492733
2026-06-15T02:39:08.735110+09:00,가락시장,가락시장,POI058,KEY_2,4480. 가락시장 남1문 사거리,ST-2591,87,13,15,127.11745453,37.49201584
2026-06-15T02:39:08.735110+09:00,가로수길,가로수길,POI059,KEY_3,2362. 신사동 가로수길 입구,ST-1171,0,0,10,127.02245331,37.51763535
2026-06-15T02:39:08.735110+09:00,가로수길,가로수길,POI059,KEY_3,3606. 신사동주민센터 옆,ST-2673,110,11,10,127.02285004,37.52422714
2026-06-15T02:39:08.735110+09:00,가로수길,가로수길,POI059,KEY_3,4903. 신사스퀘어,ST-3066,0,0,10,127.0189743,37.51916885
2026-06-15T02:39:08.735110+09:00,가로수길,가로수길,POI059,KEY_3,4907. 극동스포츠 앞,ST-3078,340,17,5,127.02588654,37.5257225
2026-06-15T02:39:08.735110+09:00,김포공항,김포공항,POI061,KEY_1,3776. 김포공항사거리,ST-2484,80,8,10,126.80518341,37.5675354
2026-06-15T02:39:08.735110+09:00,김포공항,김포공항,POI061,KEY_1,5072. 김포공항입구 교통섬,ST-2947,60,6,10,126.80708313,37.56154633
2026-06-15T02:39:08.735110+09:00,남대문시장,남대문시장,POI115,KEY_2,470.회현역 7번출구,ST-1776,0,0,13,126.98000336,37.55974579
2026-06-15T02:39:08.735110+09:00,남대문시장,남대문시장,POI115,KEY_2,324. 신세계백화점 본점 앞,ST-140,13,1,8,126.9805069,37.56134415
2026-06-15T02:39:08.735110+09:00,남대문시장,남대문시장,POI115,KEY_2,4776. 신세계면세점,ST-2522,0,0,10,126.98139191,37.56027603
2026-06-15T02:39:08.735110+09:00,노량진,노량진,POI063,KEY_3,2002. 노들역 1번출구,ST-683,159,27,17,126.95246887,37.51284409
2026-06-15T02:39:08.735110+09:00,노량진,노량진,POI063,KEY_3,2003. 사육신공원앞,ST-877,100,10,10,126.94805908,37.51335907
2026-06-15T02:39:08.735110+09:00,노량진,노량진,POI063,KEY_3,2070. 노량진역 2번 출구 앞,ST-1545,56,10,18,126.94306946,37.51391983
2026-06-15T02:39:08.735110+09:00,노량진,노량진,POI063,KEY_3,2058. 동작경찰서,ST-1150,171,24,14,126.94352722,37.5135231
2026-06-15T02:39:08.735110+09:00,노량진,노량진,POI063,KEY_3,2050. 노량진역 5번출구,ST-699,147,22,15,126.93997192,37.51324844
2026-06-15T02:39:08.735110+09:00,덕수궁길·정동길,덕수궁길·정동길,POI064,KEY_4,300. 정동사거리,ST-116,0,0,6,126.96923065,37.56805038
2026-06-15T02:39:08.735110+09:00,덕수궁길·정동길,덕수궁길·정동길,POI064,KEY_4,391. 시립미술관,ST-977,0,0,8,126.97340393,37.56505203
2026-06-15T02:39:08.735110+09:00,덕수궁길·정동길,덕수궁길·정동길,POI064,KEY_4,6058. 시청역 2번출구,ST-3297,7,1,15,126.97702026,37.56557846
2026-06-15T02:39:08.735110+09:00,덕수궁길·정동길,덕수궁길·정동길,POI064,KEY_4,4715. 돈의문 박물관 마을,ST-2923,13,2,15,126.96955109,37.56883621
2026-06-15T02:39:08.735110+09:00,북촌한옥마을,북촌한옥마을,POI066,KEY_2,451. 청와대앞길,ST-979,0,0,8,126.97966766,37.58351517
2026-06-15T02:39:08.735110+09:00,북촌한옥마을,북촌한옥마을,POI066,KEY_2,352. 중앙고입구 삼거리,ST-168,10,1,10,126.98523712,37.58341599
2026-06-15T02:39:08.735110+09:00,북촌한옥마을,북촌한옥마을,POI066,KEY_2,465. 삼청공원 앞,ST-1759,0,0,5,126.9835968,37.58760452
2026-06-15T02:39:08.735110+09:00,북촌한옥마을,북촌한옥마을,POI066,KEY_2,354. 포르투갈 대사관 앞,ST-170,20,2,10,126.98896027,37.57915497
2026-06-15T02:39:08.735110+09:00,북촌한옥마을,북촌한옥마을,POI066,KEY_2,314. 국립현대미술관,ST-130,0,0,10,126.98085785,37.5797081
2026-06-15T02:39:08.735110+09:00,북촌한옥마을,북촌한옥마을,POI066,KEY_2,464. 삼청동 골목,ST-1756,0,0,10,126.98169708,37.58419037
2026-06-15T02:39:08.735110+09:00,북촌한옥마을,북촌한옥마을,POI066,KEY_2,353. 재동초교 앞 삼거리,ST-169,0,0,8,126.9849472,37.57938766
2026-06-15T02:39:08.735110+09:00,북촌한옥마을,북촌한옥마을,POI066,KEY_2,3407.안국동사거리(신),ST-1804,0,0,18,126.98339081,37.57580566
2026-06-15T02:39:08.735110+09:00,북촌한옥마을,북촌한옥마을,POI066,KEY_2,4719. 종로문화원 건너편,ST-3090,0,0,15,126.9805069,37.57571411
2026-06-15T02:39:08.735110+09:00,북촌한옥마을,북촌한옥마을,POI066,KEY_2,4705. 웰니스센터(민방위교육장 앞),ST-2565,50,3,6,126.98912811,37.57752991
2026-06-15T02:39:08.735110+09:00,서촌,서촌,POI067,KEY_3,450. 효자동 삼거리,ST-978,10,5,51,126.97254944,37.58360291
2026-06-15T02:39:08.735110+09:00,서촌,서촌,POI067,KEY_3,349. 어린이도서관,ST-165,80,4,5,126.96858978,37.57633209
2026-06-15T02:39:08.735110+09:00,서촌,서촌,POI067,KEY_3,4721. 통인시장 정자,ST-3354,200,16,8,126.96878815,37.58055878
2026-06-15T02:39:08.735110+09:00,서촌,서촌,POI067,KEY_3,4710. 자교교회 앞,ST-2473,125,10,8,126.97123718,37.58114624
2026-06-15T02:39:08.735110+09:00,성수카페거리,성수카페거리,POI068,KEY_4,587. 유니베라 앞,ST-482,50,5,10,127.05264282,37.54541779
2026-06-15T02:39:08.735110+09:00,성수카페거리,성수카페거리,POI068,KEY_4,514. 성수사거리 버스정류장 앞,ST-112,17,2,12,127.06330872,37.54257965
2026-06-15T02:39:08.735110+09:00,성수카페거리,성수카페거리,POI068,KEY_4,513. 뚝섬역 5번 출구 정류소 옆,ST-111,23,3,13,127.04980469,37.54630661
2026-06-15T02:39:08.735110+09:00,성수카페거리,성수카페거리,POI068,KEY_4,3548.뚝섬역 6번출구,ST-2330,0,0,10,127.04766846,37.54695892
2026-06-15T02:39:08.735110+09:00,성수카페거리,성수카페거리,POI068,KEY_4,4399. 더리브 세종타워 앞,ST-3326,14,1,7,127.0580368,37.54378128
2026-06-15T02:39:08.735110+09:00,성수카페거리,성수카페거리,POI068,KEY_4,4377. 우영테크노센터 앞,ST-3003,113,9,8,127.05971527,37.54332352
2026-06-15T02:39:08.735110+09:00,성수카페거리,성수카페거리,POI068,KEY_4,4387. 성수역 1번출구 주변,ST-3121,25,2,8,127.05336761,37.54555893
2026-06-15T02:39:08.735110+09:00,성수카페거리,성수카페거리,POI068,KEY_4,4398. 유원지식산업센터 앞,ST-3325,33,4,12,127.05593109,37.54436493
2026-06-15T02:39:08.735110+09:00,송리단길·호수단길,송리단길·호수단길,POI121,KEY_1,2639.석촌역 8번출구,ST-1866,22,4,18,127.10657501,37.50550461
2026-06-15T02:39:08.735110+09:00,송리단길·호수단길,송리단길·호수단길,POI121,KEY_1,4868. 석촌호수 서호 남단,ST-2833,30,3,10,127.10124207,37.50717163
2026-06-15T02:39:08.735110+09:00,신촌 스타광장,신촌 스타광장,POI122,KEY_2,128. 신촌역(2호선) 1번출구 옆,ST-30,0,0,19,126.93634033,37.55549622
2026-06-15T02:39:08.735110+09:00,신촌 스타광장,신촌 스타광장,POI122,KEY_2,3116.신촌역 4번출구,ST-2201,0,0,10,126.93720245,37.55550385
2026-06-15T02:39:08.735110+09:00,압구정로데오거리,압구정로데오거리,POI071,KEY_3,2365. K+ 타워 앞,ST-1174,13,2,15,127.03847504,37.52330017
2026-06-15T02:39:08.735110+09:00,압구정로데오거리,압구정로데오거리,POI071,KEY_3,2310. 청담동 맥도날드 옆(위치),ST-794,40,4,10,127.04017639,37.52361298
2026-06-15T02:39:08.735110+09:00,여의도,여의도,POI072,KEY_4,200. 국회의원회관,ST-45,5,1,22,126.91391754,37.52841568
2026-06-15T02:39:08.735110+09:00,여의도,여의도,POI072,KEY_4,204. 국회의사당역 5번출구 옆,ST-50,8,1,13,126.91702271,37.52816391
2026-06-15T02:39:08.735110+09:00,여의도,여의도,POI072,KEY_4,224. 롯데캐슬 앞,ST-70,5,1,20,126.93236542,37.5200882
2026-06-15T02:39:08.735110+09:00,여의도,여의도,POI072,KEY_4,223. 진주아파트상가 앞,ST-69,10,2,20,126.9333725,37.51913071
2026-06-15T02:39:08.735110+09:00,여의도,여의도,POI072,KEY_4,222. 시범아파트버스정류장 옆,ST-68,150,18,12,126.93688965,37.51902008
2026-06-15T02:39:08.735110+09:00,여의도,여의도,POI072,KEY_4,202. 국민일보 앞,ST-47,30,9,30,126.92453003,37.52881622
2026-06-15T02:39:08.735110+09:00,여의도,여의도,POI072,KEY_4,209. 유진투자증권빌딩 앞,ST-55,64,14,22,126.92783356,37.52461243
2026-06-15T02:39:08.735110+09:00,여의도,여의도,POI072,KEY_4,214. 금융감독원 앞,ST-60,0,0,21,126.9208374,37.5230217
2026-06-15T02:39:08.735110+09:00,여의도,여의도,POI072,KEY_4,260. 여의도 마리나선착장 앞,ST-414,100,15,15,126.91216278,37.53365707
2026-06-15T02:39:08.735110+09:00,여의도,여의도,POI072,KEY_4,226. 샛강역 1번출구 앞,ST-72,32,6,19,126.92841339,37.51776505
2026-06-15T02:39:08.735110+09:00,여의도,여의도,POI072,KEY_4,299.여의도 순복음교회,ST-1971,30,3,10,126.92245483,37.53179169
2026-06-15T02:39:08.735110+09:00,여의도,여의도,POI072,KEY_4,207. 여의나루역 1번출구 앞,ST-73,17,8,46,126.93190002,37.52715683
2026-06-15T02:39:08.735110+09:00,여의도,여의도,POI072,KEY_4,248. 초원아파트 앞,ST-296,10,1,10,126.92420959,37.53105545
2026-06-15T02:39:08.735110+09:00,여의도,여의도,POI072,KEY_4,298.KBS 연구동 건너편,ST-1970,60,15,25,126.91374207,37.52724838
2026-06-15T02:39:08.735110+09:00,여의도,여의도,POI072,KEY_4,203. 국회의사당역 3번출구 옆,ST-51,27,4,15,126.91870117,37.5280571
2026-06-15T02:39:08.735110+09:00,여의도,여의도,POI072,KEY_4,249. 여의도중학교 옆,ST-297,13,2,16,126.93580627,37.52457809
2026-06-15T02:39:08.735110+09:00,여의도,여의도,POI072,KEY_4,221. 여의도초교 앞,ST-67,70,7,10,126.93778992,37.52267456
2026-06-15T02:39:08.735110+09:00,여의도,여의도,POI072,KEY_4,270. 증권거래소후문교차로,ST-424,10,1,10,126.92710114,37.52234268
2026-06-15T02:39:08.735110+09:00,여의도,여의도,POI072,KEY_4,217. NH농협은행 앞,ST-66,0,0,15,126.93036652,37.52207947
2026-06-15T02:39:08.735110+09:00,여의도,여의도,POI072,KEY_4,213. KT앞,ST-59,37,7,19,126.91895294,37.52190781
2026-06-15T02:39:08.735110+09:00,여의도,여의도,POI072,KEY_4,220. 미성아파트 A동 앞,ST-63,3,1,30,126.92604828,37.5193634
2026-06-15T02:39:08.735110+09:00,여의도,여의도,POI072,KEY_4,219. 롯데캐슬엠파이어 옆,ST-62,33,4,12,126.92583466,37.52069473
2026-06-15T02:39:08.735110+09:00,여의도,여의도,POI072,KEY_4,205. 산업은행 앞,ST-52,90,18,20,126.92050934,37.52626419
2026-06-15T02:39:08.735110+09:00,여의도,여의도,POI072,KEY_4,225. 앙카라공원 앞,ST-71,35,9,26,126.92961884,37.51758575
2026-06-15T02:39:08.735110+09:00,여의도,여의도,POI072,KEY_4,297.국회3문,ST-1969,10,1,10,126.91267395,37.52863693
2026-06-15T02:39:08.735110+09:00,여의도,여의도,POI072,KEY_4,215. 여의도고교 앞,ST-64,40,4,10,126.93490601,37.52483749
2026-06-15T02:39:08.735110+09:00,여의도,여의도,POI072,KEY_4,271. 샛강생태공원방문자센터 앞,ST-425,10,1,10,126.9216156,37.51896286
2026-06-15T02:39:08.735110+09:00,여의도,여의도,POI072,KEY_4,206. KBS 앞,ST-53,51,18,35,126.91802216,37.52466583
2026-06-15T02:39:08.735110+09:00,여의도,여의도,POI072,KEY_4,5870. LG트윈타워 앞,ST-3239,20,4,20,126.93017578,37.52833176
2026-06-15T02:39:08.735110+09:00,여의도,여의도,POI072,KEY_4,5888.여의도성당,ST-3375,14,1,7,126.93920898,37.52164459
2026-06-15T02:39:08.735110+09:00,여의도,여의도,POI072,KEY_4,4564. 63스퀘어,ST-2814,100,17,17,126.93965912,37.52070999
2026-06-15T02:39:08.735110+09:00,여의도,여의도,POI072,KEY_4,5853. 여의도역2번출구 앞,ST-3061,10,1,10,126.92271423,37.52243423
2026-06-15T02:39:08.735110+09:00,여의도,여의도,POI072,KEY_4,5878. 우리은행 앞,ST-3315,10,2,20,126.92162323,37.52349091
2026-06-15T02:39:08.735110+09:00,여의도,여의도,POI072,KEY_4,4582. 국회도서관,ST-2646,75,9,12,126.91817474,37.53054047
2026-06-15T02:39:08.735110+09:00,여의도,여의도,POI072,KEY_4,4580. 국회제2의원회관,ST-2644,0,0,17,126.91316986,37.52974701
2026-06-15T02:39:08.735110+09:00,여의도,여의도,POI072,KEY_4,5891.한강버스 여의도 선착장,ST-3402,37,11,30,126.93422699,37.52816391
2026-06-15T02:39:08.735110+09:00,여의도,여의도,POI072,KEY_4,4563. 여의도 은하아파트,ST-2813,50,5,10,126.93448639,37.51850891
2026-06-15T02:39:08.735110+09:00,여의도,여의도,POI072,KEY_4,4583. 의정관,ST-2647,8,1,12,126.91747284,37.53214645
2026-06-15T02:39:08.735110+09:00,여의도,여의도,POI072,KEY_4,4579. 국회의사당 본관,ST-2643,106,18,17,126.91404724,37.5325737
2026-06-15T02:39:08.735110+09:00,여의도,여의도,POI072,KEY_4,4589. KRX한국거래소(1),ST-2899,6,1,18,126.92759705,37.52338028
2026-06-15T02:39:08.735110+09:00,여의도,여의도,POI072,KEY_4,5889.의원회관출입구 앞,ST-3377,0,0,10,126.91479492,37.52985382
2026-06-15T02:39:08.735110+09:00,여의도,여의도,POI072,KEY_4,4585. 국회6문,ST-2694,33,2,6,126.91799164,37.53271866
2026-06-15T02:39:08.735110+09:00,여의도,여의도,POI072,KEY_4,5890.여의나루역 3번출구,ST-3401,64,7,11,126.93336487,37.52645493
2026-06-15T02:39:08.735110+09:00,여의도,여의도,POI072,KEY_4,4584. 국회2문,ST-2648,44,4,9,126.91510773,37.52864075
2026-06-15T02:39:08.735110+09:00,여의도,여의도,POI072,KEY_4,5892.국회의사당본관 좌측,ST-3383,29,2,7,126.91375732,37.53090286
2026-06-15T02:39:08.735110+09:00,여의도,여의도,POI072,KEY_4,5879. 국회도서관 2문 앞,ST-3318,113,9,8,126.91668701,37.53107071
2026-06-15T02:39:08.735110+09:00,여의도,여의도,POI072,KEY_4,5880. 국회박물관,ST-3319,0,0,7,126.91945648,37.53183365
2026-06-15T02:39:08.735110+09:00,여의도,여의도,POI072,KEY_4,5893.한국산업은행,ST-3397,0,0,10,126.92175293,37.52814484
2026-06-15T02:39:08.735110+09:00,여의도,여의도,POI072,KEY_4,5897.여의도공작아파트,ST-3426,10,1,10,126.92987061,37.52595139
2026-06-15T02:39:08.735110+09:00,여의도,여의도,POI072,KEY_4,201. 진미파라곤 앞,ST-46,7,1,15,126.92133331,37.53123856
2026-06-15T02:39:08.735110+09:00,여의도,여의도,POI072,KEY_4,5859. 여의도 삼부아파트,ST-3160,30,3,10,126.93045807,37.52539444
2026-06-15T02:39:08.735110+09:00,여의도,여의도,POI072,KEY_4,4581. 국회소통관,ST-2645,0,0,12,126.9128952,37.53050232
2026-06-15T02:39:08.735110+09:00,연남동,연남동,POI073,KEY_1,107. 수협 연남동지점,ST-9,0,0,10,126.91871643,37.55784607
2026-06-15T02:39:08.735110+09:00,연남동,연남동,POI073,KEY_1,4233. 코오롱아파트사거리,ST-2979,10,1,10,126.92149353,37.56306458
2026-06-15T02:39:08.735110+09:00,영등포 타임스퀘어,영등포 타임스퀘어,POI074,KEY_2,3219.영등포역 1번출구,ST-1990,0,0,10,126.9077301,37.5148468
2026-06-15T02:39:08.735110+09:00,영등포 타임스퀘어,영등포 타임스퀘어,POI074,KEY_2,5868. 로프트시티오피스텔,ST-3238,250,15,6,126.90843201,37.51906204
2026-06-15T02:39:08.735110+09:00,영등포 타임스퀘어,영등포 타임스퀘어,POI074,KEY_2,5858. 영등포역5번출구,ST-3142,0,0,10,126.90807343,37.51669312
2026-06-15T02:39:08.735110+09:00,영등포 타임스퀘어,영등포 타임스퀘어,POI074,KEY_2,4565. 영등포 신세계백화점,ST-2815,0,0,10,126.90364838,37.51803589
2026-06-15T02:39:08.735110+09:00,영등포 타임스퀘어,영등포 타임스퀘어,POI074,KEY_2,284. 센트럴 푸르지오 시티 앞,ST-1650,81,13,16,126.90222931,37.51821136
2026-06-15T02:39:08.735110+09:00,용리단길,용리단길,POI076,KEY_3,816. 신용산역 6번출구 앞,ST-435,72,18,25,126.96848297,37.53014755
2026-06-15T02:39:08.735110+09:00,용리단길,용리단길,POI076,KEY_3,817. 삼각지역 4번출구 앞,ST-436,133,12,9,126.97173309,37.53345108
2026-06-15T02:39:08.735110+09:00,이태원 앤틱가구거리,이태원 앤틱가구거리,POI077,KEY_4,4615. 크라운호텔앞 버스정류소,ST-2446,43,3,7,126.99137878,37.53030014
2026-06-15T02:39:08.735110+09:00,이태원 앤틱가구거리,이태원 앤틱가구거리,POI077,KEY_4,4634. 이태원역 3번 출구,ST-3056,0,0,5,126.99497223,37.5343895
2026-06-15T02:39:08.735110+09:00,익선동,익선동,POI116,KEY_1,334. 종로3가역 2번출구 뒤,ST-150,30,3,10,126.99179077,37.5705986
2026-06-15T02:39:08.735110+09:00,익선동,익선동,POI116,KEY_1,328. 탑골공원 앞,ST-144,9,1,11,126.9881897,37.57039642
2026-06-15T02:39:08.735110+09:00,익선동,익선동,POI116,KEY_1,327. 낙원상가 옆,ST-143,20,2,10,126.9874649,37.57335663
2026-06-15T02:39:08.735110+09:00,익선동,익선동,POI116,KEY_1,3410.종로3가역 8번출구,ST-1807,0,0,10,126.99188995,37.5724678
2026-06-15T02:39:08.735110+09:00,익선동,익선동,POI116,KEY_1,4713. 현대 뜨레비앙 아파트 앞,ST-2623,43,3,7,126.99062347,37.57528305
2026-06-15T02:39:08.735110+09:00,인사동,인사동,POI078,KEY_2,327. 낙원상가 옆,ST-143,20,2,10,126.9874649,37.57335663
2026-06-15T02:39:08.735110+09:00,인사동,인사동,POI078,KEY_2,326. 안국역 5번출구 앞,ST-142,0,0,15,126.98616028,37.57624054
2026-06-15T02:39:08.735110+09:00,인사동,인사동,POI078,KEY_2,454. 종로2가 버스정류장 (종각방향),ST-1607,8,1,13,126.98638153,37.57035828
2026-06-15T02:39:08.735110+09:00,인사동,인사동,POI078,KEY_2,3408.종로타워빌딩,ST-1805,0,0,13,126.98323822,37.57070541
2026-06-15T02:39:08.735110+09:00,창동 신경제 중심지,창동 신경제 중심지,POI079,KEY_4,1756.서울북부광역등기국,ST-2101,0,0,10,127.04431915,37.65148544
2026-06-15T02:39:08.735110+09:00,창동 신경제 중심지,창동 신경제 중심지,POI079,KEY_4,1662. 노원역7번출구,ST-1279,5,1,20,127.05921173,37.65421677
2026-06-15T02:39:08.735110+09:00,창동 신경제 중심지,창동 신경제 중심지,POI079,KEY_4,1722. 창동청소년수련관,ST-1292,73,11,15,127.05004883,37.65779877
2026-06-15T02:39:08.735110+09:00,창동 신경제 중심지,창동 신경제 중심지,POI079,KEY_4,1674. 서울북부고용센터앞,ST-1291,0,0,15,127.05808258,37.65354919
2026-06-15T02:39:08.735110+09:00,창동 신경제 중심지,창동 신경제 중심지,POI079,KEY_4,1690. 도봉운전면허시험장 버스정류장 옆,ST-1641,0,0,10,127.05931091,37.6577301
2026-06-15T02:39:08.735110+09:00,창동 신경제 중심지,창동 신경제 중심지,POI079,KEY_4,1637. KT 전화국 버스정류장 옆,ST-611,0,0,9,127.06372833,37.6546669
2026-06-15T02:39:08.735110+09:00,창동 신경제 중심지,창동 신경제 중심지,POI079,KEY_4,1716. 창동역 1번출구 건너편,ST-1132,13,1,8,127.05072784,37.65420151
2026-06-15T02:39:08.735110+09:00,창동 신경제 중심지,창동 신경제 중심지,POI079,KEY_4,1775.신원리베르텔 앞,ST-2120,0,0,15,127.04554749,37.65128708
2026-06-15T02:39:08.735110+09:00,창동 신경제 중심지,창동 신경제 중심지,POI079,KEY_4,1653. 노원역1번출구,ST-1121,0,0,10,127.06362152,37.65620041
2026-06-15T02:39:08.735110+09:00,창동 신경제 중심지,창동 신경제 중심지,POI079,KEY_4,1657. 노원구청,ST-1125,0,0,20,127.05732727,37.65404892
2026-06-15T02:39:08.735110+09:00,창동 신경제 중심지,창동 신경제 중심지,POI079,KEY_4,1686. 상계주공10단지 종합상가 앞,ST-1476,33,5,15,127.05805206,37.66114044
2026-06-15T02:39:08.735110+09:00,창동 신경제 중심지,창동 신경제 중심지,POI079,KEY_4,5333. 노원역9번-10번 출구 앞,ST-3288,10,1,10,127.063591,37.65655518
2026-06-15T02:39:08.735110+09:00,창동 신경제 중심지,창동 신경제 중심지,POI079,KEY_4,5311. 주공601동 상가 노원지하보도 앞,ST-3116,20,1,5,127.06147766,37.65190125
2026-06-15T02:39:08.735110+09:00,창동 신경제 중심지,창동 신경제 중심지,POI079,KEY_4,4098.창동역 1번출구 인근,ST-3430,13,1,8,127.04838562,37.65290833
2026-06-15T02:39:08.735110+09:00,창동 신경제 중심지,창동 신경제 중심지,POI079,KEY_4,4096.창동역2번출구 하나은행365 앞,ST-3368,38,3,8,127.04550171,37.65283585
2026-06-15T02:39:08.735110+09:00,청량리 제기동 일대 전통시장,청량리 제기동 일대 전통시장,POI081,KEY_2,676.FITI시험연구원 앞,ST-2276,67,6,9,127.03547668,37.58143234
2026-06-15T02:39:08.735110+09:00,청량리 제기동 일대 전통시장,청량리 제기동 일대 전통시장,POI081,KEY_2,640. 동대문경찰서 교차로,ST-407,183,11,6,127.04460144,37.58255005
2026-06-15T02:39:08.735110+09:00,청량리 제기동 일대 전통시장,청량리 제기동 일대 전통시장,POI081,KEY_2,633. 청량리 기업은행 앞,ST-400,188,15,8,127.04472351,37.58049774
2026-06-15T02:39:08.735110+09:00,청량리 제기동 일대 전통시장,청량리 제기동 일대 전통시장,POI081,KEY_2,4149.제기동역 5번출구,ST-3428,257,18,7,127.03381348,37.5779953
2026-06-15T02:39:08.735110+09:00,청량리 제기동 일대 전통시장,청량리 제기동 일대 전통시장,POI081,KEY_2,4134. 제기동 현대아파트 앞,ST-3206,170,17,10,127.0353241,37.57994843
2026-06-15T02:39:08.735110+09:00,청량리 제기동 일대 전통시장,청량리 제기동 일대 전통시장,POI081,KEY_2,4147.청량리역광장,ST-3405,11,4,35,127.04673767,37.58024597
2026-06-15T02:39:08.735110+09:00,DDP(동대문디자인플라자),DDP(동대문디자인플라자),POI083,KEY_4,474.동대문역사문화공원역 1번출구 뒤편,ST-1780,15,6,40,127.00849152,37.56629944
2026-06-15T02:39:08.735110+09:00,DDP(동대문디자인플라자),DDP(동대문디자인플라자),POI083,KEY_4,475.DDP 패션몰,ST-1781,38,8,21,127.0118103,37.56764984
2026-06-15T02:39:08.735110+09:00,DDP(동대문디자인플라자),DDP(동대문디자인플라자),POI083,KEY_4,347. 동대문역사문화공원역 9번출구 앞,ST-163,39,7,18,127.00784302,37.56533051
2026-06-15T02:39:08.735110+09:00,DDP(동대문디자인플라자),DDP(동대문디자인플라자),POI083,KEY_4,4765. 동대문디자인플라자,ST-2431,75,15,20,127.00946045,37.5683136
2026-06-15T02:39:08.735110+09:00,DMC(디지털미디어시티),DMC(디지털미디어시티),POI084,KEY_1,414. 상암동주민센터 옆,ST-94,163,13,8,126.89447021,37.57822037
2026-06-15T02:39:08.735110+09:00,DMC(디지털미디어시티),DMC(디지털미디어시티),POI084,KEY_1,412. DMC산학협력연구센터 앞,ST-91,95,20,21,126.89079285,37.57565689
2026-06-15T02:39:08.735110+09:00,DMC(디지털미디어시티),DMC(디지털미디어시티),POI084,KEY_1,411. DMC홍보관,ST-90,30,3,10,126.89147186,37.5779953
2026-06-15T02:39:08.735110+09:00,DMC(디지털미디어시티),DMC(디지털미디어시티),POI084,KEY_1,409. 누리꿈스퀘어 옆,ST-86,0,0,30,126.88916016,37.57939911
2026-06-15T02:39:08.735110+09:00,DMC(디지털미디어시티),DMC(디지털미디어시티),POI084,KEY_1,405. DMC빌 앞,ST-80,0,0,8,126.88578796,37.58265686
2026-06-15T02:39:08.735110+09:00,DMC(디지털미디어시티),DMC(디지털미디어시티),POI084,KEY_1,408. LG CNS앞,ST-84,0,0,14,126.88665009,37.58081055
2026-06-15T02:39:08.735110+09:00,DMC(디지털미디어시티),DMC(디지털미디어시티),POI084,KEY_1,425. DMC첨단산업센터,ST-991,20,2,10,126.88559723,37.58450317
2026-06-15T02:39:08.735110+09:00,DMC(디지털미디어시티),DMC(디지털미디어시티),POI084,KEY_1,415. DMC역 9번출구 앞,ST-95,50,5,10,126.89736176,37.57746887
2026-06-15T02:39:08.735110+09:00,DMC(디지털미디어시티),DMC(디지털미디어시티),POI084,KEY_1,490.가온문화공원,ST-2149,4,1,23,126.88766479,37.58207703
2026-06-15T02:39:08.735110+09:00,DMC(디지털미디어시티),DMC(디지털미디어시티),POI084,KEY_1,417. DMC역 2번출구 옆,ST-93,25,5,20,126.8999176,37.57506943
2026-06-15T02:39:08.735110+09:00,DMC(디지털미디어시티),DMC(디지털미디어시티),POI084,KEY_1,489.구룡근린공원,ST-2148,200,20,10,126.88276672,37.58320236
2026-06-15T02:39:08.735110+09:00,DMC(디지털미디어시티),DMC(디지털미디어시티),POI084,KEY_1,3007.MBC 앞,ST-2165,60,6,10,126.89044952,37.58198166
2026-06-15T02:39:08.735110+09:00,DMC(디지털미디어시티),DMC(디지털미디어시티),POI084,KEY_1,3008.DMC역7번출구,ST-2166,70,7,10,126.89836121,37.57711411
2026-06-15T02:39:08.735110+09:00,DMC(디지털미디어시티),DMC(디지털미디어시티),POI084,KEY_1,4214. JTBC 앞,ST-2537,30,3,10,126.8901825,37.57730484
2026-06-15T02:39:08.735110+09:00,DMC(디지털미디어시티),DMC(디지털미디어시티),POI084,KEY_1,4218. 디지털매직스페이스,ST-2974,0,0,13,126.88957977,37.58119965
2026-06-15T02:39:08.735110+09:00,DMC(디지털미디어시티),DMC(디지털미디어시티),POI084,KEY_1,4238. 상암한샘빌딩앞,ST-2981,29,2,7,126.89867401,37.57649231
2026-06-15T02:39:08.735110+09:00,가산디지털단지역,가산디지털단지역,POI013,KEY_2,1835. STX V타워,ST-641,100,10,10,126.88442993,37.47706985
2026-06-15T02:39:08.735110+09:00,가산디지털단지역,가산디지털단지역,POI013,KEY_2,1806. 에이스하이엔드타워9차 앞,ST-621,130,13,10,126.87863922,37.48621368
2026-06-15T02:39:08.735110+09:00,가산디지털단지역,가산디지털단지역,POI013,KEY_2,1805. 서울디지털운동장 앞,ST-620,80,8,10,126.87776947,37.48228836
2026-06-15T02:39:08.735110+09:00,가산디지털단지역,가산디지털단지역,POI013,KEY_2,1850. 코오롱테크노밸리,ST-1277,170,17,10,126.8863678,37.48015976
2026-06-15T02:39:08.735110+09:00,가산디지털단지역,가산디지털단지역,POI013,KEY_2,1867.대륭포스트타워6차 앞,ST-1938,87,26,30,126.8841629,37.48101044
2026-06-15T02:39:08.735110+09:00,가산디지털단지역,가산디지털단지역,POI013,KEY_2,1834. 월드메르디앙 벤처센터 2차,ST-640,40,4,10,126.87904358,37.47908401
2026-06-15T02:39:08.735110+09:00,가산디지털단지역,가산디지털단지역,POI013,KEY_2,1839. 수출의 다리 아래,ST-1140,25,5,20,126.88615417,37.47743607
2026-06-15T02:39:08.735110+09:00,가산디지털단지역,가산디지털단지역,POI013,KEY_2,1812. 갑을그레이트밸리 앞,ST-624,250,25,10,126.88729858,37.47903061
2026-06-15T02:39:08.735110+09:00,가산디지털단지역,가산디지털단지역,POI013,KEY_2,1849. 대륭포스트타워5차,ST-1276,180,18,10,126.88694,37.48135376
2026-06-15T02:39:08.735110+09:00,가산디지털단지역,가산디지털단지역,POI013,KEY_2,1851. 가산디지털단지 9번출구 인근,ST-1403,180,18,10,126.88148499,37.48123169
2026-06-15T02:39:08.735110+09:00,가산디지털단지역,가산디지털단지역,POI013,KEY_2,3984. 가산롯데아이티캐슬,ST-2999,280,14,5,126.88083649,37.47636795
2026-06-15T02:39:08.735110+09:00,가산디지털단지역,가산디지털단지역,POI013,KEY_2,3985. 디폴리스 지식산업센터,ST-2964,30,6,20,126.87680054,37.48017502
2026-06-15T02:39:08.735110+09:00,가산디지털단지역,가산디지털단지역,POI013,KEY_2,3989.가산디지털단지역 9번출구 앞,ST-3396,120,12,10,126.88175964,37.48055267
2026-06-15T02:39:08.735110+09:00,강남역,강남역,POI014,KEY_3,2505. 우성아파트사거리 (기업은행앞),ST-1556,117,14,12,127.02953339,37.49325943
2026-06-15T02:39:08.735110+09:00,강남역,강남역,POI014,KEY_3,2421. 신논현역 4번출구,ST-1887,27,4,15,127.02579498,37.504673
2026-06-15T02:39:08.735110+09:00,강남역,강남역,POI014,KEY_3,3628. 역삼1동 주민센터,ST-2689,30,3,10,127.03302765,37.49521255
2026-06-15T02:39:08.735110+09:00,강남역,강남역,POI014,KEY_3,2407. 역삼서초삼성 세무서 앞 (역삼빌딩 앞),ST-1577,90,9,10,127.03011322,37.49847031
2026-06-15T02:39:08.735110+09:00,강남역,강남역,POI014,KEY_3,4349.삼성화재서초타워,ST-3361,183,11,6,127.02896118,37.49446869
2026-06-15T02:39:08.735110+09:00,건대입구역,건대입구역,POI015,KEY_4,501. 광진문화예술회관 앞,ST-98,33,10,30,127.07035065,37.53730774
2026-06-15T02:39:08.735110+09:00,건대입구역,건대입구역,POI015,KEY_4,3533. 건대입구역 사거리(롯데백화점),ST-1660,0,0,10,127.07078552,37.5392952
2026-06-15T02:39:08.735110+09:00,건대입구역,건대입구역,POI015,KEY_4,3534. 건대입구역 5번출구 뒤,ST-1661,40,4,10,127.06956482,37.54008102
2026-06-15T02:39:08.735110+09:00,고덕역,고덕역,POI016,KEY_1,1072.고덕역 5번출구,ST-1833,18,4,22,127.15372467,37.55486298
2026-06-15T02:39:08.735110+09:00,고덕역,고덕역,POI016,KEY_1,1036. 고덕동 주양쇼핑,ST-1053,150,15,10,127.15331268,37.55199051
2026-06-15T02:39:08.735110+09:00,고덕역,고덕역,POI016,KEY_1,1068.명일파출소,ST-1767,10,1,10,127.15622711,37.5536499
2026-06-15T02:39:08.735110+09:00,교대역,교대역,POI018,KEY_3,2239.교대역 6번출구,ST-765,80,8,10,127.01378632,37.49421692
2026-06-15T02:39:08.735110+09:00,교대역,교대역,POI018,KEY_3,2279. 교대역 5번출구뒤,ST-1305,288,23,8,127.01418304,37.49361801
2026-06-15T02:39:08.735110+09:00,구로디지털단지역,구로디지털단지역,POI019,KEY_4,2801. 대륭포스트타워1차,ST-1753,13,4,30,126.89542389,37.48437119
2026-06-15T02:39:08.735110+09:00,구로디지털단지역,구로디지털단지역,POI019,KEY_4,1962. 가리봉동주민센터,ST-1224,87,13,15,126.89279938,37.48160172
2026-06-15T02:39:08.735110+09:00,구로디지털단지역,구로디지털단지역,POI019,KEY_4,1986. 태평양물산,ST-1521,33,5,15,126.89518738,37.48485947
2026-06-15T02:39:08.735110+09:00,구로디지털단지역,구로디지털단지역,POI019,KEY_4,1911. 구로디지털단지역 앞,ST-668,189,34,18,126.90132141,37.48493958
2026-06-15T02:39:08.735110+09:00,구로디지털단지역,구로디지털단지역,POI019,KEY_4,1955. 디지털입구 교차로,ST-936,220,22,10,126.90103912,37.48288345
2026-06-15T02:39:08.735110+09:00,구로디지털단지역,구로디지털단지역,POI019,KEY_4,2110. 조원동 미성아파트,ST-950,211,19,9,126.90203094,37.48319244
2026-06-15T02:39:08.735110+09:00,구로역,구로역,POI020,KEY_1,1946. 구로역 광장,ST-873,80,8,10,126.88038635,37.50311661
2026-06-15T02:39:08.735110+09:00,구로역,구로역,POI020,KEY_1,3919. 구로역·NC신구로점 버스정류장(구로역 방면),ST-3013,43,6,14,126.88237,37.50096512
2026-06-15T02:39:08.735110+09:00,군자역,군자역,POI021,KEY_2,540. 군자역 7번출구 베스트샵 앞,ST-253,50,4,8,127.0786438,37.55603027
2026-06-15T02:39:08.735110+09:00,군자역,군자역,POI021,KEY_2,3518. 군자역 7번출구뒤,ST-1263,38,3,8,127.07913971,37.55686188
2026-06-15T02:39:08.735110+09:00,군자역,군자역,POI021,KEY_2,3500. 군자역2번출구,ST-983,229,16,7,127.07969666,37.55758667
2026-06-15T02:39:08.735110+09:00,군자역,군자역,POI021,KEY_2,3586.군자역 비채온 오피스텔,ST-2325,288,23,8,127.07727051,37.55771255
2026-06-15T02:39:08.735110+09:00,대림역,대림역,POI023,KEY_3,286. 우성아파트 교차로,ST-1652,142,17,12,126.89974976,37.49457169
2026-06-15T02:39:08.735110+09:00,대림역,대림역,POI023,KEY_3,1975. 대림역 1번 출입구 밑,ST-1237,40,4,10,126.8947525,37.49256516
2026-06-15T02:39:08.735110+09:00,대림역,대림역,POI023,KEY_3,1914. 대림역4번출구,ST-918,120,12,10,126.89444733,37.49440384
2026-06-15T02:39:08.735110+09:00,동대문역,동대문역,POI024,KEY_4,457. 종로꽃시장 입구 옆,ST-1610,70,7,10,127.00720978,37.57131958
2026-06-15T02:39:08.735110+09:00,동대문역,동대문역,POI024,KEY_4,393. 동대문역 8번 출구,ST-1372,50,6,12,127.00937653,37.57014084
2026-06-15T02:39:08.735110+09:00,동대문역,동대문역,POI024,KEY_4,3415.동대문역6번출구,ST-1812,120,18,15,127.0107193,37.57147217
2026-06-15T02:39:08.735110+09:00,미아사거리역,미아사거리역,POI026,KEY_2,1546. 송천동우체국,ST-1665,160,16,10,127.02970123,37.61545944
2026-06-15T02:39:08.735110+09:00,미아사거리역,미아사거리역,POI026,KEY_2,1574.송중초등학교 옆,ST-2405,63,5,8,127.03049469,37.61669922
2026-06-15T02:39:08.735110+09:00,미아사거리역,미아사거리역,POI026,KEY_2,1531. 미아사거리 1번 출구,ST-1105,100,10,10,127.03025055,37.61395645
2026-06-15T02:39:08.735110+09:00,미아사거리역,미아사거리역,POI026,KEY_2,4423.현대백화점 미아점,ST-3203,100,10,10,127.02845764,37.60884857
2026-06-15T02:39:08.735110+09:00,발산역,발산역,POI027,KEY_3,1117. 등촌5단지아파트 버스정류장,ST-834,50,5,10,126.84426117,37.55819702
2026-06-15T02:39:08.735110+09:00,발산역,발산역,POI027,KEY_3,1124. 발산역 6번 출구 뒤,ST-522,33,2,6,126.8384552,37.55817795
2026-06-15T02:39:08.735110+09:00,발산역,발산역,POI027,KEY_3,"1153. 발산역 1번, 9번 인근 대여소",ST-1065,13,4,32,126.83717346,37.55894852
2026-06-15T02:39:08.735110+09:00,발산역,발산역,POI027,KEY_3,1197. 엠펠리체 호텔 건너편,ST-1714,130,26,20,126.83546448,37.56026077
2026-06-15T02:39:08.735110+09:00,발산역,발산역,POI027,KEY_3,3764. 관문주유소(GS칼택스) 앞,ST-2613,240,24,10,126.84183502,37.55802917
2026-06-15T02:39:08.735110+09:00,발산역,발산역,POI027,KEY_3,3760. 발산역 8번 출구,ST-2538,47,8,17,126.83676147,37.55846024
2026-06-15T02:39:08.735110+09:00,발산역,발산역,POI027,KEY_3,3759. 이대서울병원,ST-2569,12,3,25,126.83559418,37.5586319
2026-06-15T02:39:08.735110+09:00,발산역,발산역,POI027,KEY_3,2723.마곡 필네이처,ST-2040,138,18,13,126.83669281,37.56089401
2026-06-15T02:39:08.735110+09:00,발산역,발산역,POI027,KEY_3,2721.등촌1-10단지 교차로,ST-2037,250,30,12,126.8393631,37.56320572
2026-06-15T02:39:08.735110+09:00,발산역,발산역,POI027,KEY_3,2717.LG유플러스 마곡사옥,ST-2033,40,25,62,126.83390045,37.56133652
2026-06-15T02:39:08.735110+09:00,발산역,발산역,POI027,KEY_3,2730.마곡메가박스 앞,ST-2047,63,19,30,126.83495331,37.55912781
2026-06-15T02:39:08.735110+09:00,발산역,발산역,POI027,KEY_3,5095. 원당근린공원,ST-3226,300,42,14,126.84147644,37.55947495
2026-06-15T02:39:08.735110+09:00,발산역,발산역,POI027,KEY_3,5061. 우장산동 가곡어린이공원앞,ST-2888,250,25,10,126.83751678,37.55545425
2026-06-15T02:39:08.735110+09:00,사당역,사당역,POI029,KEY_4,2104. 사당역 5번출구,ST-712,77,10,13,126.98133087,37.47608948
2026-06-15T02:39:08.735110+09:00,사당역,사당역,POI029,KEY_4,2222.사당역 12번출구 뒤,ST-753,50,5,10,126.98203278,37.47806931
2026-06-15T02:39:08.735110+09:00,사당역,사당역,POI029,KEY_4,2089.사당역10번출구(금강빌딩),ST-2362,60,6,10,126.98150635,37.4791069
2026-06-15T02:39:08.735110+09:00,사당역,사당역,POI029,KEY_4,2034. 사당역 7번출구쪽,ST-924,63,12,19,126.98057556,37.47689056
2026-06-15T02:39:08.735110+09:00,삼각지역,삼각지역,POI030,KEY_1,848. 삼각지12번 출구,ST-2172,50,4,8,126.97562408,37.53488922
2026-06-15T02:39:08.735110+09:00,삼각지역,삼각지역,POI030,KEY_1,849. 삼각지 자이아파트,ST-2173,80,16,20,126.97341919,37.53607941
2026-06-15T02:39:08.735110+09:00,삼각지역,삼각지역,POI030,KEY_1,4620. 삼각지역 14번 출구 앞(교통섬),ST-2451,100,8,8,126.97408295,37.53528595
2026-06-15T02:39:08.735110+09:00,서울대입구역,서울대입구역,POI031,KEY_2,2116. 에이스에이존빌딩,ST-717,122,11,9,126.95082855,37.48170471
2026-06-15T02:39:08.735110+09:00,서울대입구역,서울대입구역,POI031,KEY_2,2111. 서울대입구역 1번출구,ST-965,0,0,10,126.95331573,37.48086929
2026-06-15T02:39:08.735110+09:00,서울대입구역,서울대입구역,POI031,KEY_2,2171. 서울대입구역 5번출구,ST-1337,24,4,17,126.95200348,37.48154831
2026-06-15T02:39:08.735110+09:00,서울대입구역,서울대입구역,POI031,KEY_2,2128. 관악구청교차로,ST-720,0,0,12,126.95265198,37.47949982
2026-06-15T02:39:08.735110+09:00,서울대입구역,서울대입구역,POI031,KEY_2,3311.서울대입구역 4번 출구,ST-2394,42,5,12,126.95157623,37.48122025
2026-06-15T02:39:08.735110+09:00,서울대입구역,서울대입구역,POI031,KEY_2,2112. 서울대입구역 마에스트로,ST-715,40,6,15,126.95064545,37.4813385
2026-06-15T02:39:08.735110+09:00,서울식물원·마곡나루역,서울식물원·마곡나루역,POI032,KEY_3,2715.마곡나루역 2번 출구,ST-2031,0,0,25,126.82743835,37.56692505
2026-06-15T02:39:08.735110+09:00,서울식물원·마곡나루역,서울식물원·마곡나루역,POI032,KEY_3,2725.서울식물원 식물문화센터,ST-2042,70,14,20,126.83563232,37.56883621
2026-06-15T02:39:08.735110+09:00,서울식물원·마곡나루역,서울식물원·마곡나루역,POI032,KEY_3,2727.서울식물원 잔디마당 앞,ST-2044,24,6,25,126.8306427,37.5639267
2026-06-15T02:39:08.735110+09:00,서울식물원·마곡나루역,서울식물원·마곡나루역,POI032,KEY_3,6177. 마곡롯데캐슬르웨스트,ST-3324,300,30,10,126.82462311,37.56356049
2026-06-15T02:39:08.735110+09:00,서울식물원·마곡나루역,서울식물원·마곡나루역,POI032,KEY_3,5098. LG사이언스파크 W4동,ST-3261,5,1,20,126.82978821,37.56403732
2026-06-15T02:39:08.735110+09:00,서울식물원·마곡나루역,서울식물원·마곡나루역,POI032,KEY_3,5097. LG사이언스파크 E2동,ST-3259,5,2,40,126.83208466,37.56381607
2026-06-15T02:39:08.735110+09:00,서울역,서울역,POI033,KEY_4,435. SK 남산빌딩,ST-1670,180,18,10,126.97561646,37.55686188
2026-06-15T02:39:08.735110+09:00,서울역,서울역,POI033,KEY_4,485.서울역5번출구,ST-1791,50,5,10,126.97319794,37.55677032
2026-06-15T02:39:08.735110+09:00,서울역,서울역,POI033,KEY_4,379. 서울역9번출구,ST-194,43,3,7,126.97330475,37.55580521
2026-06-15T02:39:08.735110+09:00,서울역,서울역,POI033,KEY_4,6062.서울역파출소,ST-3413,50,5,10,126.97183228,37.55709457
2026-06-15T02:39:08.735110+09:00,서울역,서울역,POI033,KEY_4,4760. 서울역 7번출구,ST-2430,0,0,10,126.97364044,37.55664444
2026-06-15T02:39:08.735110+09:00,서울역,서울역,POI033,KEY_4,4794. 서울역 서부교차로(3),ST-2786,50,4,8,126.96942139,37.55540848
2026-06-15T02:39:08.735110+09:00,선릉역,선릉역,POI034,KEY_1,2328. 르네상스 호텔 사거리 역삼지하보도 7번출구 앞,ST-811,160,16,10,127.04273224,37.50321198
2026-06-15T02:39:08.735110+09:00,선릉역,선릉역,POI034,KEY_1,2369. KT선릉타워,ST-1178,5,1,20,127.0528717,37.50542831
2026-06-15T02:39:08.735110+09:00,선릉역,선릉역,POI034,KEY_1,2319. 포스코사거리 서측(수협 삼성동 지점),ST-802,30,3,10,127.05467987,37.50660706
2026-06-15T02:39:08.735110+09:00,선릉역,선릉역,POI034,KEY_1,2329. 르네상스호텔사거리 역삼지하보도 2번출구,ST-812,10,1,10,127.04319,37.50235748
2026-06-15T02:39:08.735110+09:00,선릉역,선릉역,POI034,KEY_1,2332. 선릉역3번출구,ST-815,75,6,8,127.04903412,37.50410461
2026-06-15T02:39:08.735110+09:00,성신여대입구역,성신여대입구역,POI035,KEY_2,1337. 돈암성당 옆,ST-1201,38,5,13,127.01716614,37.59039307
2026-06-15T02:39:08.735110+09:00,성신여대입구역,성신여대입구역,POI035,KEY_2,1384.성신여대입구역 5번출구,ST-2225,262,34,13,127.01628876,37.59282684
2026-06-15T02:39:08.735110+09:00,성신여대입구역,성신여대입구역,POI035,KEY_2,1385.성신여대입구역 3번출구 앞,ST-2226,150,15,10,127.01628876,37.59236526
2026-06-15T02:39:08.735110+09:00,수유역,수유역,POI036,KEY_3,1512. 강북중학교 앞,ST-862,110,22,20,127.02656555,37.64473724
2026-06-15T02:39:08.735110+09:00,수유역,수유역,POI036,KEY_3,1526. 강북종합시장 앞,ST-1100,88,7,8,127.02462769,37.64173889
2026-06-15T02:39:08.735110+09:00,수유역,수유역,POI036,KEY_3,1520. 수유중앙시장,ST-650,243,17,7,127.022789,37.63986206
2026-06-15T02:39:08.735110+09:00,수유역,수유역,POI036,KEY_3,1503. 강북구청사거리(수유역 8번출구),ST-643,57,8,14,127.02672577,37.63926315
2026-06-15T02:39:08.735110+09:00,수유역,수유역,POI036,KEY_3,1552. 강북구청사거리,ST-2125,25,2,8,127.02723694,37.63920212
2026-06-15T02:39:08.735110+09:00,수유역,수유역,POI036,KEY_3,1569.수유역2번출구,ST-2137,0,0,10,127.02590179,37.63796997
2026-06-15T02:39:08.735110+09:00,수유역,수유역,POI036,KEY_3,1530. 광산사거리,ST-1104,108,14,13,127.0223465,37.64355087
2026-06-15T02:39:08.735110+09:00,수유역,수유역,POI036,KEY_3,1535. 효성인텔리안 앞,ST-1109,0,0,10,127.02337646,37.6362915
2026-06-15T02:39:08.735110+09:00,숭례문,숭례문,POI131,KEY_4,445.대한상공회의소,ST-1771,40,6,15,126.97410583,37.56015396
2026-06-15T02:39:08.735110+09:00,숭례문,숭례문,POI131,KEY_4,6060. 신한은행 본점,ST-3342,0,0,8,126.97480774,37.56077576
2026-06-15T02:39:08.735110+09:00,시의회 앞,시의회 앞,POI130,KEY_1,310. 청계광장 옆,ST-126,0,0,8,126.9774704,37.56887817
2026-06-15T02:39:08.735110+09:00,시의회 앞,시의회 앞,POI130,KEY_1,6058. 시청역 2번출구,ST-3297,7,1,15,126.97702026,37.56557846
2026-06-15T02:39:08.735110+09:00,신논현역·논현역,신논현역·논현역,POI037,KEY_2,2542.신논현타워 앞,ST-1926,10,1,10,127.02391052,37.50508881
2026-06-15T02:39:08.735110+09:00,신논현역·논현역,신논현역·논현역,POI037,KEY_2,2302. 교보타워 버스정류장(신논현역 3번출구 후면),ST-787,70,7,10,127.02427673,37.5055809
2026-06-15T02:39:08.735110+09:00,신논현역·논현역,신논현역·논현역,POI037,KEY_2,4347. 논현지하보도,ST-3332,80,8,10,127.02232361,37.50836945
2026-06-15T02:39:08.735110+09:00,신림역,신림역,POI039,KEY_4,2175. 신림동걷고싶은문화의거리입구,ST-1270,100,7,7,126.92870331,37.48730087
2026-06-15T02:39:08.735110+09:00,신림역,신림역,POI039,KEY_4,2102. 봉림교 교통섬,ST-702,131,17,13,126.92688751,37.48408508
2026-06-15T02:39:08.735110+09:00,신림역,신림역,POI039,KEY_4,2136. 신림역 8번출구,ST-976,25,2,8,126.93006897,37.48450851
2026-06-15T02:39:08.735110+09:00,신정네거리역,신정네거리역,POI117,KEY_1,722. 경서농협 버스정류장(우리은행신정동지점방향),ST-993,170,17,10,126.85738373,37.52151108
2026-06-15T02:39:08.735110+09:00,신정네거리역,신정네거리역,POI117,KEY_1,706. 신정네거리역,ST-313,133,20,15,126.85175323,37.5218811
2026-06-15T02:39:08.735110+09:00,신정네거리역,신정네거리역,POI117,KEY_1,4507. 신정제일시장,ST-2759,70,7,10,126.85499573,37.52122498
2026-06-15T02:39:08.735110+09:00,신정네거리역,신정네거리역,POI117,KEY_1,4509. 서울영상고교 입구,ST-2761,200,30,15,126.85928345,37.52198029
2026-06-15T02:39:08.735110+09:00,신정네거리역,신정네거리역,POI117,KEY_1,4510. 신정네거리역 교차로,ST-2762,15,2,13,126.85228729,37.52175903
2026-06-15T02:39:08.735110+09:00,신촌·이대역,신촌·이대역,POI040,KEY_2,150. 서강대역 2번출구 앞,ST-207,13,2,15,126.93434143,37.55295563
2026-06-15T02:39:08.735110+09:00,신촌·이대역,신촌·이대역,POI040,KEY_2,128. 신촌역(2호선) 1번출구 옆,ST-30,0,0,19,126.93634033,37.55549622
2026-06-15T02:39:08.735110+09:00,신촌·이대역,신촌·이대역,POI040,KEY_2,134. 연세로 명물길,ST-36,88,7,8,126.93807983,37.55789185
2026-06-15T02:39:08.735110+09:00,신촌·이대역,신촌·이대역,POI040,KEY_2,130. 신촌역(2호선) 7번출구 앞,ST-32,10,1,10,126.93626404,37.5550499
2026-06-15T02:39:08.735110+09:00,신촌·이대역,신촌·이대역,POI040,KEY_2,129. 신촌역(2호선) 6번출구 옆,ST-31,30,3,10,126.93756866,37.55505371
2026-06-15T02:39:08.735110+09:00,신촌·이대역,신촌·이대역,POI040,KEY_2,135. 명물길 원형무대 앞,ST-37,70,7,10,126.93984222,37.55922699
2026-06-15T02:39:08.735110+09:00,신촌·이대역,신촌·이대역,POI040,KEY_2,137. 신촌기차역입구 교차로,ST-39,10,1,10,126.9431839,37.55681229
2026-06-15T02:39:08.735110+09:00,신촌·이대역,신촌·이대역,POI040,KEY_2,3116.신촌역 4번출구,ST-2201,0,0,10,126.93720245,37.55550385
2026-06-15T02:39:08.735110+09:00,신촌·이대역,신촌·이대역,POI040,KEY_2,4248. 신촌 교보빌딩,ST-3021,0,0,10,126.94034576,37.5560112
2026-06-15T02:39:08.735110+09:00,신촌·이대역,신촌·이대역,POI040,KEY_2,4274. 신촌 파랑고래 입구,ST-3140,0,0,10,126.93603516,37.55687714
2026-06-15T02:39:08.735110+09:00,쌍문역,쌍문역,POI070,KEY_3,1709. 쌍문역4번출구 주변,ST-616,76,13,17,127.03534698,37.65012741
2026-06-15T02:39:08.735110+09:00,쌍문역,쌍문역,POI070,KEY_3,1774.정의여중고 버스정류소,ST-2119,263,21,8,127.034729,37.65134811
2026-06-15T02:39:08.735110+09:00,쌍문역,쌍문역,POI070,KEY_3,1754. 창동시장입구 사거리,ST-2099,55,6,11,127.03343201,37.64689636
2026-06-15T02:39:08.735110+09:00,쌍문역,쌍문역,POI070,KEY_3,4054. 창동한신아파트 버스정류소,ST-2722,300,30,10,127.03527069,37.64601898
2026-06-15T02:39:08.735110+09:00,양재역,양재역,POI041,KEY_4,2242.양재역 10번 출구 앞,ST-767,0,0,20,127.03417969,37.48398972
2026-06-15T02:39:08.735110+09:00,양재역,양재역,POI041,KEY_4,2333. 양재역 3번출구 주변,ST-816,71,10,14,127.03407288,37.48515701
2026-06-15T02:39:08.735110+09:00,양재역,양재역,POI041,KEY_4,2293. SPC 앞,ST-1360,50,5,10,127.03699493,37.48479843
2026-06-15T02:39:08.735110+09:00,양재역,양재역,POI041,KEY_4,4329. SC제일은행 양재동지점 앞,ST-2962,50,4,8,127.03315735,37.48573685
2026-06-15T02:39:08.735110+09:00,역삼역,역삼역,POI042,KEY_1,2410. 포스코피앤에스타워 (역삼역 3번출구 부근),ST-1680,80,8,10,127.03375244,37.49959946
2026-06-15T02:39:08.735110+09:00,역삼역,역삼역,POI042,KEY_1,2430.강남파이낸스센터앞(역삼역2번출구),ST-1896,110,11,10,127.03605652,37.50024414
2026-06-15T02:39:08.735110+09:00,역삼역,역삼역,POI042,KEY_1,2349. 역삼빌딩 앞(하나은행 옆),ST-959,125,15,12,127.03856659,37.50154495
2026-06-15T02:39:08.735110+09:00,연신내역,연신내역,POI043,KEY_2,949. 연신내역 1번 출구,ST-1035,283,17,6,126.92080688,37.61978149
2026-06-15T02:39:08.735110+09:00,연신내역,연신내역,POI043,KEY_2,922. 연신내역 4번출구,ST-470,10,1,10,126.92196655,37.61780167
2026-06-15T02:39:08.735110+09:00,연신내역,연신내역,POI043,KEY_2,906. 연신내역 5번출구,ST-454,113,9,8,126.91957855,37.61721039
2026-06-15T02:39:08.735110+09:00,오목교역·목동운동장,오목교역·목동운동장,POI044,KEY_3,771.목동아파트 703동 앞,ST-1997,150,12,8,126.87016296,37.52820587
2026-06-15T02:39:08.735110+09:00,오목교역·목동운동장,오목교역·목동운동장,POI044,KEY_3,756. 목동주차장,ST-1497,20,3,15,126.8761673,37.52667999
2026-06-15T02:39:08.735110+09:00,오목교역·목동운동장,오목교역·목동운동장,POI044,KEY_3,769.CBS방송국 앞,ST-1995,230,46,20,126.87467194,37.52785492
2026-06-15T02:39:08.735110+09:00,오목교역·목동운동장,오목교역·목동운동장,POI044,KEY_3,792.목동트라팰리스 웨스턴에비뉴,ST-2017,25,5,20,126.8709259,37.52537155
2026-06-15T02:39:08.735110+09:00,오목교역·목동운동장,오목교역·목동운동장,POI044,KEY_3,748. 목동운동장,ST-1019,67,10,15,126.87930298,37.53025055
2026-06-15T02:39:08.735110+09:00,오목교역·목동운동장,오목교역·목동운동장,POI044,KEY_3,791.현대하이페리온,ST-2016,153,23,15,126.86980438,37.52490234
2026-06-15T02:39:08.735110+09:00,오목교역·목동운동장,오목교역·목동운동장,POI044,KEY_3,762. 오목로 무중력지대 앞,ST-1503,160,16,10,126.87766266,37.52474213
2026-06-15T02:39:08.735110+09:00,오목교역·목동운동장,오목교역·목동운동장,POI044,KEY_3,723. SBS방송국,ST-994,133,20,15,126.87274933,37.52916336
2026-06-15T02:39:08.735110+09:00,오목교역·목동운동장,오목교역·목동운동장,POI044,KEY_3,765. 오목교역 3번출구,ST-1731,0,0,12,126.87548065,37.52477646
2026-06-15T02:39:08.735110+09:00,오목교역·목동운동장,오목교역·목동운동장,POI044,KEY_3,731. 서울시 도로환경관리센터,ST-1002,110,11,10,126.87654114,37.5298996
2026-06-15T02:39:08.735110+09:00,오목교역·목동운동장,오목교역·목동운동장,POI044,KEY_3,747. 목동3단지 상가,ST-1018,10,1,10,126.8756485,37.53458023
2026-06-15T02:39:08.735110+09:00,오목교역·목동운동장,오목교역·목동운동장,POI044,KEY_3,703. 오목교역 7번출구 앞,ST-311,0,0,12,126.87524414,37.52362823
2026-06-15T02:39:08.735110+09:00,오목교역·목동운동장,오목교역·목동운동장,POI044,KEY_3,4514. 목동성당 앞,ST-2764,110,22,20,126.86930084,37.52319717
2026-06-15T02:39:08.735110+09:00,오목교역·목동운동장,오목교역·목동운동장,POI044,KEY_3,4543. 오목교역 6번 출구,ST-3163,144,13,9,126.87567139,37.5236702
2026-06-15T02:39:08.735110+09:00,오목교역·목동운동장,오목교역·목동운동장,POI044,KEY_3,4546. 목동운동장 주경기장,ST-3227,213,64,30,126.88307953,37.52937698
2026-06-15T02:39:08.735110+09:00,오목교역·목동운동장,오목교역·목동운동장,POI044,KEY_3,4532. 목동현대아파트 후문 앞,ST-2879,190,19,10,126.87805939,37.5221405
2026-06-15T02:39:08.735110+09:00,왕십리역,왕십리역,POI045,KEY_4,558. 성동광진 교육지원청 앞,ST-359,75,15,20,127.03652191,37.56460571
2026-06-15T02:39:08.735110+09:00,왕십리역,왕십리역,POI045,KEY_4,525. 한양대병원사거리,ST-241,15,3,20,127.04035187,37.55805206
2026-06-15T02:39:08.735110+09:00,왕십리역,왕십리역,POI045,KEY_4,559. 왕십리역 4번 출구 건너편,ST-360,0,0,13,127.03679657,37.56109619
2026-06-15T02:39:08.735110+09:00,왕십리역,왕십리역,POI045,KEY_4,3561.행당동 삼부APT후문,ST-2343,50,5,10,127.03839874,37.55926895
2026-06-15T02:39:08.735110+09:00,왕십리역,왕십리역,POI045,KEY_4,3545.한양대역 1번출구,ST-2327,70,7,10,127.04335785,37.55657959
2026-06-15T02:39:08.735110+09:00,용산역,용산역,POI046,KEY_1,806. 전자랜드 본관 앞,ST-327,35,7,20,126.96073151,37.5330658
2026-06-15T02:39:08.735110+09:00,용산역,용산역,POI046,KEY_1,845. 용산 선인상가,ST-1615,19,3,16,126.96437836,37.53269958
2026-06-15T02:39:08.735110+09:00,용산역,용산역,POI046,KEY_1,853.용산역 맞은편,ST-2177,11,2,19,126.96595001,37.52841568
2026-06-15T02:39:08.735110+09:00,용산역,용산역,POI046,KEY_1,4617. 동원베네스트 건너편,ST-2448,100,6,6,126.95511627,37.52761078
2026-06-15T02:39:08.735110+09:00,용산역,용산역,POI046,KEY_1,4616. 신용산지하차도 앞,ST-2447,7,1,15,126.96411896,37.53248215
2026-06-15T02:39:08.735110+09:00,잠실새내역,잠실새내역,POI118,KEY_3,1222. 잠실새내역 5번 출구 뒤,ST-547,70,16,23,127.08505249,37.51198196
2026-06-15T02:39:08.735110+09:00,잠실새내역,잠실새내역,POI118,KEY_3,1224. 아시아지하보도 2번 출구,ST-548,73,11,15,127.07893372,37.51216888
2026-06-15T02:39:08.735110+09:00,잠실새내역,잠실새내역,POI118,KEY_3,2637. 아시아지하보도 14번 출구,ST-1864,40,6,15,127.07881165,37.51146317
2026-06-15T02:39:08.735110+09:00,잠실새내역,잠실새내역,POI118,KEY_3,2635.잠실새내역 1번출구,ST-1862,0,0,21,127.08673859,37.51129532
2026-06-15T02:39:08.735110+09:00,잠실역,잠실역,POI119,KEY_4,1210. 롯데월드타워(잠실역2번출구 쪽),ST-891,0,0,30,127.10095978,37.51312637
2026-06-15T02:39:08.735110+09:00,잠실역,잠실역,POI119,KEY_4,1231. 잠실역 6번출구,ST-840,0,0,13,127.09902954,37.51408768
2026-06-15T02:39:08.735110+09:00,잠실역,잠실역,POI119,KEY_4,2647.잠실 자전거 수리센터 앞,ST-1868,0,0,7,127.10114288,37.51100922
2026-06-15T02:39:08.735110+09:00,잠실역,잠실역,POI119,KEY_4,1232. 잠실주공 521동 건너편,ST-550,0,0,10,127.09568787,37.51184082
2026-06-15T02:39:08.735110+09:00,장지역,장지역,POI048,KEY_1,1266. 문정동 글샘 공원,ST-1085,10,1,10,127.12000275,37.47880936
2026-06-15T02:39:08.735110+09:00,장지역,장지역,POI048,KEY_1,1245. 문정 법조단지9,ST-905,0,0,10,127.12532806,37.47946548
2026-06-15T02:39:08.735110+09:00,장지역,장지역,POI048,KEY_1,1244. 문정 법조단지8,ST-904,109,12,11,127.12212372,37.48153687
2026-06-15T02:39:08.735110+09:00,장지역,장지역,POI048,KEY_1,1246. 문정 법조단지10,ST-906,3,1,30,127.12632751,37.47750854
2026-06-15T02:39:08.735110+09:00,장지역,장지역,POI048,KEY_1,1247. 문정 법조단지11,ST-907,0,0,15,127.12351227,37.4788208
2026-06-15T02:39:08.735110+09:00,장지역,장지역,POI048,KEY_1,4491. 장지역 1번출구,ST-2599,20,2,10,127.12678528,37.47953415
2026-06-15T02:39:08.735110+09:00,장지역,장지역,POI048,KEY_1,4885. 가든파이브 리빙관,ST-2985,113,9,8,127.123703,37.47709656
2026-06-15T02:39:08.735110+09:00,장한평역,장한평역,POI049,KEY_2,529. 장한평역 8번 출구 앞,ST-243,513,41,8,127.06365967,37.56137085
2026-06-15T02:39:08.735110+09:00,장한평역,장한평역,POI049,KEY_2,626. 군자교 서측 녹지대,ST-394,282,48,17,127.07096863,37.56115341
2026-06-15T02:39:08.735110+09:00,장한평역,장한평역,POI049,KEY_2,4385. 용답동 우체국 주변,ST-3099,200,10,5,127.06151581,37.56168747
2026-06-15T02:39:08.735110+09:00,장한평역,장한평역,POI049,KEY_2,4105. 서울교통공사사거리 교통섬,ST-2499,170,17,10,127.05799103,37.56324005
2026-06-15T02:39:08.735110+09:00,천호역,천호역,POI050,KEY_3,1009. 천호역4번출구(현대백화점),ST-493,0,0,20,127.12424469,37.53866577
2026-06-15T02:39:08.735110+09:00,천호역,천호역,POI050,KEY_3,1264. 천호역 10번 출구 앞,ST-1083,0,0,8,127.12280273,37.53858185
2026-06-15T02:39:08.735110+09:00,천호역,천호역,POI050,KEY_3,3657. 서울천호동우체국,ST-2732,440,44,10,127.12576294,37.54074097
2026-06-15T02:39:08.735110+09:00,총신대입구(이수)역,총신대입구(이수)역,POI051,KEY_4,2264. 이수역 1번출구,ST-935,78,7,9,126.98271942,37.48897171
2026-06-15T02:39:08.735110+09:00,총신대입구(이수)역,총신대입구(이수)역,POI051,KEY_4,2082.7호선 이수역7번출구,ST-2355,20,2,10,126.98179626,37.4846077
2026-06-15T02:39:08.735110+09:00,총신대입구(이수)역,총신대입구(이수)역,POI051,KEY_4,2032. 이수역 11번출구쪽,ST-923,140,14,10,126.98162079,37.48550797
2026-06-15T02:39:08.735110+09:00,총신대입구(이수)역,총신대입구(이수)역,POI051,KEY_4,2511. 이수역 6번출구 앞,ST-1739,140,14,10,126.98234558,37.48398972
2026-06-15T02:39:08.735110+09:00,총신대입구(이수)역,총신대입구(이수)역,POI051,KEY_4,2091. 이수역9번출구,ST-2364,180,27,15,126.98059082,37.48470306
2026-06-15T02:39:08.735110+09:00,충정로역,충정로역,POI052,KEY_1,180. 충정로역 7번출구 아래,ST-233,40,4,10,126.96246338,37.55996704
2026-06-15T02:39:08.735110+09:00,충정로역,충정로역,POI052,KEY_1,3114.충정로역 3번 출구,ST-2198,0,0,7,126.96552277,37.56046295
2026-06-15T02:39:08.735110+09:00,충정로역,충정로역,POI052,KEY_1,3134.SK리쳄블(서울아리수본부),ST-2219,50,5,10,126.96658325,37.56131744
2026-06-15T02:39:08.735110+09:00,충정로역,충정로역,POI052,KEY_1,4266.국민연금공단충정로사옥,ST-3027,22,2,9,126.96414948,37.56184769
2026-06-15T02:39:08.735110+09:00,충정로역,충정로역,POI052,KEY_1,4801. 충정로역 2호선(엘리베이터 앞),ST-3053,0,0,5,126.96414185,37.55937576
2026-06-15T02:39:08.735110+09:00,충정로역,충정로역,POI052,KEY_1,4271. 충정로역 1번 출구,ST-3107,57,4,7,126.96305847,37.55942535
2026-06-15T02:39:08.735110+09:00,충정로역,충정로역,POI052,KEY_1,4752. 삼성사이버빌리지아파트,ST-2624,71,5,7,126.96485901,37.55891418
2026-06-15T02:39:08.735110+09:00,합정역,합정역,POI053,KEY_2,105. 합정역 5번출구 앞,ST-7,20,1,5,126.91482544,37.55000687
2026-06-15T02:39:08.735110+09:00,합정역,합정역,POI053,KEY_2,497.합정동주민센터 앞,ST-2156,0,0,25,126.91230011,37.551754
2026-06-15T02:39:08.735110+09:00,합정역,합정역,POI053,KEY_2,106. 합정역 7번출구 앞,ST-8,0,0,12,126.91282654,37.54864502
2026-06-15T02:39:08.735110+09:00,합정역,합정역,POI053,KEY_2,4211. 시석빌딩 앞,ST-2534,0,0,8,126.91671753,37.54836655
2026-06-15T02:39:08.735110+09:00,혜화역,혜화역,POI054,KEY_3,341. 혜화역 3번출구 뒤,ST-157,25,2,8,127.00178528,37.58156967
2026-06-15T02:39:08.735110+09:00,혜화역,혜화역,POI054,KEY_3,358. 성균관대입구 사거리 A,ST-173,23,3,13,126.99853516,37.58250046
2026-06-15T02:39:08.735110+09:00,혜화역,혜화역,POI054,KEY_3,342. 대학로 마로니에공원,ST-158,27,6,22,127.00234222,37.58044434
2026-06-15T02:39:08.735110+09:00,혜화역,혜화역,POI054,KEY_3,3420. 성균관대입구 사거리 B,ST-1817,10,1,10,126.99885559,37.58327484
2026-06-15T02:39:08.735110+09:00,혜화역,혜화역,POI054,KEY_3,3421.혜화역 1번출구,ST-1818,10,1,10,127.00185394,37.58385468
2026-06-15T02:39:08.735110+09:00,혜화역,혜화역,POI054,KEY_3,3419.국립어린이과학관,ST-1816,0,0,14,126.99736786,37.58194733
2026-06-15T02:39:08.735110+09:00,홍대입구역(2호선),홍대입구역(2호선),POI055,KEY_4,113. 홍대입구역 2번출구 앞,ST-18,4,1,28,126.9238205,37.5574379
2026-06-15T02:39:08.735110+09:00,홍대입구역(2호선),홍대입구역(2호선),POI055,KEY_4,114. 홍대입구역 8번출구 앞,ST-20,0,0,15,126.92442322,37.55706024
2026-06-15T02:39:08.735110+09:00,회기역,회기역,POI056,KEY_1,680.꿈마루어린이도서관 앞,ST-2280,82,18,22,127.05741119,37.59238434
2026-06-15T02:39:08.735110+09:00,회기역,회기역,POI056,KEY_1,670.삼육서울병원 버스정류장,ST-2270,167,15,9,127.06151581,37.5896759
2026-06-15T03:42:54.832912+09:00,광화문·덕수궁,광화문·덕수궁,POI009,KEY_2,310. 청계광장 옆,ST-126,0,0,8,126.9774704,37.56887817
2026-06-15T03:42:54.832912+09:00,광화문·덕수궁,광화문·덕수궁,POI009,KEY_2,391. 시립미술관,ST-977,0,0,8,126.97340393,37.56505203
2026-06-15T03:42:54.832912+09:00,광화문·덕수궁,광화문·덕수궁,POI009,KEY_2,4719. 종로문화원 건너편,ST-3090,0,0,15,126.9805069,37.57571411
2026-06-15T03:42:54.832912+09:00,광화문·덕수궁,광화문·덕수궁,POI009,KEY_2,6058. 시청역 2번출구,ST-3297,7,1,15,126.97702026,37.56557846
2026-06-15T03:42:54.832912+09:00,광화문·덕수궁,광화문·덕수궁,POI009,KEY_2,4796. 서울시청,ST-2693,0,0,20,126.97925568,37.5664711
2026-06-15T03:42:54.832912+09:00,보신각,보신각,POI010,KEY_3,316. 종각역 1번출구 앞,ST-132,13,1,8,126.98178864,37.57039642
2026-06-15T03:42:54.832912+09:00,보신각,보신각,POI010,KEY_3,385. 종각역 5번출구,ST-336,0,0,10,126.98265839,37.56983566
2026-06-15T03:42:54.832912+09:00,보신각,보신각,POI010,KEY_3,3408.종로타워빌딩,ST-1805,0,0,13,126.98323822,37.57070541
2026-06-15T03:42:54.832912+09:00,보신각,보신각,POI010,KEY_3,4708. 조계사앞사거리,ST-2472,0,0,6,126.98283386,37.5721817
2026-06-15T03:42:54.832912+09:00,서울 암사동 유적,서울 암사동 유적,POI011,KEY_4,1007.암사동 선사유적지,ST-491,36,5,14,127.13087463,37.55955887
2026-06-15T03:42:54.832912+09:00,서울 암사동 유적,서울 암사동 유적,POI011,KEY_4,3539. 서원마을,ST-1686,150,15,10,127.13283539,37.56379318
2026-06-15T03:42:54.832912+09:00,창덕궁·종묘,창덕궁·종묘,POI012,KEY_1,339. 종로4가 사거리,ST-155,10,1,10,126.99819183,37.57106781
2026-06-15T03:42:54.832912+09:00,창덕궁·종묘,창덕궁·종묘,POI012,KEY_1,337. 창경궁 입구,ST-153,140,7,5,126.99647522,37.57897949
2026-06-15T03:42:54.832912+09:00,창덕궁·종묘,창덕궁·종묘,POI012,KEY_1,359. 원남동사거리,ST-174,25,2,8,126.99768066,37.57606125
2026-06-15T03:42:54.832912+09:00,창덕궁·종묘,창덕궁·종묘,POI012,KEY_1,338. 세운스퀘어 앞,ST-154,0,0,18,126.99712372,37.57095718
2026-06-15T03:42:54.832912+09:00,창덕궁·종묘,창덕궁·종묘,POI012,KEY_1,3411.종묘,ST-1808,44,4,9,126.99437714,37.57072067
2026-06-15T03:42:54.832912+09:00,창덕궁·종묘,창덕궁·종묘,POI012,KEY_1,3410.종로3가역 8번출구,ST-1807,0,0,10,126.99188995,37.5724678
2026-06-15T03:42:54.832912+09:00,창덕궁·종묘,창덕궁·종묘,POI012,KEY_1,3413.종로플레이스,ST-1810,73,16,22,126.99796295,37.57320023
2026-06-15T03:42:54.832912+09:00,동대문 관광특구,동대문 관광특구,POI002,KEY_3,383. 신당역 12번 출구 뒤,ST-198,121,29,24,127.01642609,37.56591797
2026-06-15T03:42:54.832912+09:00,동대문 관광특구,동대문 관광특구,POI002,KEY_3,346. 맥스타일 앞,ST-162,60,6,10,127.01014709,37.5689621
2026-06-15T03:42:54.832912+09:00,동대문 관광특구,동대문 관광특구,POI002,KEY_3,474.동대문역사문화공원역 1번출구 뒤편,ST-1780,10,4,40,127.00849152,37.56629944
2026-06-15T03:42:54.832912+09:00,동대문 관광특구,동대문 관광특구,POI002,KEY_3,475.DDP 패션몰,ST-1781,29,6,21,127.0118103,37.56764984
2026-06-15T03:42:54.832912+09:00,동대문 관광특구,동대문 관광특구,POI002,KEY_3,347. 동대문역사문화공원역 9번출구 앞,ST-163,33,6,18,127.00784302,37.56533051
2026-06-15T03:42:54.832912+09:00,동대문 관광특구,동대문 관광특구,POI002,KEY_3,6061.충무아트센터,ST-3381,170,17,10,127.01522064,37.56538773
2026-06-15T03:42:54.832912+09:00,동대문 관광특구,동대문 관광특구,POI002,KEY_3,4765. 동대문디자인플라자,ST-2431,80,16,20,127.00946045,37.5683136
2026-06-15T03:42:54.832912+09:00,명동 관광특구,명동 관광특구,POI003,KEY_4,324. 신세계백화점 본점 앞,ST-140,0,0,8,126.9805069,37.56134415
2026-06-15T03:42:54.832912+09:00,명동 관광특구,명동 관광특구,POI003,KEY_4,318. 광교사거리 남측,ST-134,20,2,10,126.98231506,37.56863403
2026-06-15T03:42:54.832912+09:00,명동 관광특구,명동 관광특구,POI003,KEY_4,310. 청계광장 옆,ST-126,0,0,8,126.9774704,37.56887817
2026-06-15T03:42:54.832912+09:00,명동 관광특구,명동 관광특구,POI003,KEY_4,466.롯데호텔,ST-1772,0,0,13,126.97981262,37.56584167
2026-06-15T03:42:54.832912+09:00,명동 관광특구,명동 관광특구,POI003,KEY_4,321. KEB 하나금융그룹 명동사옥 옆,ST-137,0,0,15,126.98413849,37.56546402
2026-06-15T03:42:54.832912+09:00,명동 관광특구,명동 관광특구,POI003,KEY_4,433. 을지로입구역 2번출구,ST-1668,0,0,12,126.98229218,37.56634521
2026-06-15T03:42:54.832912+09:00,명동 관광특구,명동 관광특구,POI003,KEY_4,322. 명동성당 앞,ST-138,0,0,10,126.98696899,37.56447601
2026-06-15T03:42:54.832912+09:00,명동 관광특구,명동 관광특구,POI003,KEY_4,320. 을지로입구역 4번출구 앞,ST-136,0,0,17,126.98358917,37.56622314
2026-06-15T03:42:54.832912+09:00,명동 관광특구,명동 관광특구,POI003,KEY_4,331. 을지로2가 사거리 북측,ST-147,0,0,10,126.98720551,37.56638336
2026-06-15T03:42:54.832912+09:00,명동 관광특구,명동 관광특구,POI003,KEY_4,398. 을지로3가역 3번출구,ST-1435,0,0,8,126.99249268,37.56660461
2026-06-15T03:42:54.832912+09:00,명동 관광특구,명동 관광특구,POI003,KEY_4,3013.서울지방고용노동청 앞,ST-2422,0,0,7,126.98725891,37.56760406
2026-06-15T03:42:54.832912+09:00,명동 관광특구,명동 관광특구,POI003,KEY_4,4775. 을지로지하쇼핑센터,ST-2521,0,0,10,126.98445129,37.56589127
2026-06-15T03:42:54.832912+09:00,명동 관광특구,명동 관광특구,POI003,KEY_4,4762. 국제빌딩,ST-2517,0,0,10,126.98244476,37.56694794
2026-06-15T03:42:54.832912+09:00,명동 관광특구,명동 관광특구,POI003,KEY_4,6058. 시청역 2번출구,ST-3297,7,1,15,126.97702026,37.56557846
2026-06-15T03:42:54.832912+09:00,명동 관광특구,명동 관광특구,POI003,KEY_4,4774. 을지로입구역 8번출구,ST-2520,0,0,9,126.98178101,37.56590271
2026-06-15T03:42:54.832912+09:00,명동 관광특구,명동 관광특구,POI003,KEY_4,4791. 명동역9번 출구,ST-2527,0,0,10,126.98749542,37.56122589
2026-06-15T03:42:54.832912+09:00,명동 관광특구,명동 관광특구,POI003,KEY_4,4776. 신세계면세점,ST-2522,0,0,10,126.98139191,37.56027603
2026-06-15T03:42:54.832912+09:00,명동 관광특구,명동 관광특구,POI003,KEY_4,4796. 서울시청,ST-2693,0,0,20,126.97925568,37.5664711
2026-06-15T03:42:54.832912+09:00,이태원 관광특구,이태원 관광특구,POI004,KEY_1,854.HID 유족동지회 앞,ST-2178,0,0,10,127.0014801,37.53850937
2026-06-15T03:42:54.832912+09:00,이태원 관광특구,이태원 관광특구,POI004,KEY_1,857. 현대 안성타워,ST-2181,0,0,10,126.99797058,37.53508759
2026-06-15T03:42:54.832912+09:00,이태원 관광특구,이태원 관광특구,POI004,KEY_1,843. 이태원관광특구 입구(용산구청방향),ST-1445,0,0,19,126.98867035,37.53379822
2026-06-15T03:42:54.832912+09:00,이태원 관광특구,이태원 관광특구,POI004,KEY_1,4623. 라인프랜즈이태원점 앞,ST-2453,0,0,10,126.99619293,37.53453064
2026-06-15T03:42:54.832912+09:00,이태원 관광특구,이태원 관광특구,POI004,KEY_1,4613. 서울갤러리아 앞,ST-2445,0,0,5,126.99937439,37.53597641
2026-06-15T03:42:54.832912+09:00,이태원 관광특구,이태원 관광특구,POI004,KEY_1,4634. 이태원역 3번 출구,ST-3056,0,0,5,126.99497223,37.5343895
2026-06-15T03:42:54.832912+09:00,이태원 관광특구,이태원 관광특구,POI004,KEY_1,4612. 이태원로 255,ST-2444,20,1,5,127.00084686,37.53749847
2026-06-15T03:42:54.832912+09:00,잠실 관광특구,잠실 관광특구,POI005,KEY_2,1232. 잠실주공 521동 건너편,ST-550,0,0,10,127.09568787,37.51184082
2026-06-15T03:42:54.832912+09:00,잠실 관광특구,잠실 관광특구,POI005,KEY_2,1210. 롯데월드타워(잠실역2번출구 쪽),ST-891,0,0,30,127.10095978,37.51312637
2026-06-15T03:42:54.832912+09:00,잠실 관광특구,잠실 관광특구,POI005,KEY_2,1267. 올림픽공원 남2문 앞,ST-1086,21,3,14,127.12306976,37.51424026
2026-06-15T03:42:54.832912+09:00,잠실 관광특구,잠실 관광특구,POI005,KEY_2,1268. 몽촌토성역 1번출구 옆,ST-1087,7,1,15,127.11419678,37.51728821
2026-06-15T03:42:54.832912+09:00,잠실 관광특구,잠실 관광특구,POI005,KEY_2,1297. 석촌호수교차로(동호 팔각정 앞),ST-1586,0,0,15,127.10411835,37.50920105
2026-06-15T03:42:54.832912+09:00,잠실 관광특구,잠실 관광특구,POI005,KEY_2,1296. 석촌호수교차로 (송파나루근린공원 앞),ST-1585,0,0,10,127.1034317,37.50867844
2026-06-15T03:42:54.832912+09:00,잠실 관광특구,잠실 관광특구,POI005,KEY_2,1233. 잠실3거리(갤러리아팰리스),ST-551,44,4,9,127.09336853,37.51050949
2026-06-15T03:42:54.832912+09:00,잠실 관광특구,잠실 관광특구,POI005,KEY_2,2601. 석촌호수 아뜰리에,ST-1590,25,4,16,127.09883118,37.5067482
2026-06-15T03:42:54.832912+09:00,잠실 관광특구,잠실 관광특구,POI005,KEY_2,2647.잠실 자전거 수리센터 앞,ST-1868,0,0,7,127.10114288,37.51100922
2026-06-15T03:42:54.832912+09:00,잠실 관광특구,잠실 관광특구,POI005,KEY_2,2608. 송파구청,ST-1681,10,1,10,127.10611725,37.51499176
2026-06-15T03:42:54.832912+09:00,잠실 관광특구,잠실 관광특구,POI005,KEY_2,2622. 올림픽공원역 3번출구,ST-1720,0,0,20,127.13059235,37.51625824
2026-06-15T03:42:54.832912+09:00,잠실 관광특구,잠실 관광특구,POI005,KEY_2,2621. 한성백제역 2번 출구,ST-1719,20,3,15,127.11625671,37.51665878
2026-06-15T03:42:54.832912+09:00,잠실 관광특구,잠실 관광특구,POI005,KEY_2,4464. 올림픽공원 북2문 A,ST-2580,27,4,15,127.12804413,37.52357483
2026-06-15T03:42:54.832912+09:00,잠실 관광특구,잠실 관광특구,POI005,KEY_2,5768.방이삼거리,ST-3214,8,1,12,127.10822296,37.51237488
2026-06-15T03:42:54.832912+09:00,잠실 관광특구,잠실 관광특구,POI005,KEY_2,5781. 올림픽공원 수영장,ST-3300,79,11,14,127.12688446,37.52157211
2026-06-15T03:42:54.832912+09:00,잠실 관광특구,잠실 관광특구,POI005,KEY_2,4481. 올림픽공원 북2문 B,ST-2592,88,22,25,127.12751007,37.52397537
2026-06-15T03:42:54.832912+09:00,잠실 관광특구,잠실 관광특구,POI005,KEY_2,4857. 올림픽공원 장미광장,ST-2621,0,0,15,127.126297,37.51275635
2026-06-15T03:42:54.832912+09:00,잠실 관광특구,잠실 관광특구,POI005,KEY_2,4868. 석촌호수 서호 남단,ST-2833,30,3,10,127.10124207,37.50717163
2026-06-15T03:42:54.832912+09:00,잠실 관광특구,잠실 관광특구,POI005,KEY_2,5751. 송파여성축구장,ST-3069,20,2,10,127.11743927,37.52471542
2026-06-15T03:42:54.832912+09:00,잠실 관광특구,잠실 관광특구,POI005,KEY_2,4865. 한성백제역 1번출구 뒤,ST-2797,120,6,5,127.1149826,37.51647949
2026-06-15T03:42:54.832912+09:00,잠실 관광특구,잠실 관광특구,POI005,KEY_2,4862. 성내교 남단,ST-2756,70,7,10,127.11588287,37.52301788
2026-06-15T03:42:54.832912+09:00,잠실 관광특구,잠실 관광특구,POI005,KEY_2,4856. 올림픽공원 서1문 앞,ST-2608,80,8,10,127.11457062,37.5202179
2026-06-15T03:42:54.832912+09:00,잠실 관광특구,잠실 관광특구,POI005,KEY_2,4870. 몽촌토성역 3번 출구,ST-2876,30,3,10,127.11232758,37.5170784
2026-06-15T03:42:54.832912+09:00,종로·청계 관광특구,종로·청계 관광특구,POI006,KEY_3,455. 종로6가역 버스정류장(동대문 방향),ST-1608,50,4,8,127.00605774,37.570961
2026-06-15T03:42:54.832912+09:00,종로·청계 관광특구,종로·청계 관광특구,POI006,KEY_3,397. 종묘공영주차장 건너편,ST-1432,15,2,13,126.99663544,37.57048035
2026-06-15T03:42:54.832912+09:00,종로·청계 관광특구,종로·청계 관광특구,POI006,KEY_3,368. SK 서린빌딩 앞,ST-181,0,0,15,126.98053741,37.5692482
2026-06-15T03:42:54.832912+09:00,종로·청계 관광특구,종로·청계 관광특구,POI006,KEY_3,385. 종각역 5번출구,ST-336,0,0,10,126.98265839,37.56983566
2026-06-15T03:42:54.832912+09:00,종로·청계 관광특구,종로·청계 관광특구,POI006,KEY_3,393. 동대문역 8번 출구,ST-1372,50,6,12,127.00937653,37.57014084
2026-06-15T03:42:54.832912+09:00,종로·청계 관광특구,종로·청계 관광특구,POI006,KEY_3,335. 종로3가역 15번출구 뒤,ST-151,0,0,10,126.99165344,37.57019424
2026-06-15T03:42:54.832912+09:00,종로·청계 관광특구,종로·청계 관광특구,POI006,KEY_3,329. 청계2가 사거리 옆,ST-145,13,1,8,126.98788452,37.56848526
2026-06-15T03:42:54.832912+09:00,종로·청계 관광특구,종로·청계 관광특구,POI006,KEY_3,3412.세운상가,ST-1809,0,0,15,126.99454498,37.5703125
2026-06-15T03:42:54.832912+09:00,종로·청계 관광특구,종로·청계 관광특구,POI006,KEY_3,3432.종로2가 사거리,ST-1829,0,0,14,126.98880768,37.57001877
2026-06-15T03:42:54.832912+09:00,종로·청계 관광특구,종로·청계 관광특구,POI006,KEY_3,3415.동대문역6번출구,ST-1812,120,18,15,127.0107193,37.57147217
2026-06-15T03:42:54.832912+09:00,종로·청계 관광특구,종로·청계 관광특구,POI006,KEY_3,4707. 청계3가 사거리,ST-2513,40,2,5,126.99211884,37.56855774
2026-06-15T03:42:54.832912+09:00,홍대 관광특구,홍대 관광특구,POI007,KEY_4,113. 홍대입구역 2번출구 앞,ST-18,0,0,28,126.9238205,37.5574379
2026-06-15T03:42:54.832912+09:00,홍대 관광특구,홍대 관광특구,POI007,KEY_4,493.홍대입구역 6번출구,ST-2152,0,0,7,126.9288559,37.55657578
2026-06-15T03:42:54.832912+09:00,홍대 관광특구,홍대 관광특구,POI007,KEY_4,104. 합정역 1번출구 앞,ST-6,8,1,13,126.91508484,37.55073929
2026-06-15T03:42:54.832912+09:00,홍대 관광특구,홍대 관광특구,POI007,KEY_4,108. 서교동 사거리,ST-10,0,0,12,126.91861725,37.55274582
2026-06-15T03:42:54.832912+09:00,홍대 관광특구,홍대 관광특구,POI007,KEY_4,114. 홍대입구역 8번출구 앞,ST-20,0,0,15,126.92442322,37.55706024
2026-06-15T03:42:54.832912+09:00,홍대 관광특구,홍대 관광특구,POI007,KEY_4,3010.홍대입구역 3번출구,ST-2168,0,0,15,126.92538452,37.5582962
2026-06-15T03:42:54.832912+09:00,홍대 관광특구,홍대 관광특구,POI007,KEY_4,3009. 홍대입구역 사거리,ST-2167,0,0,20,126.92023468,37.55450058
2026-06-15T03:42:54.832912+09:00,홍대 관광특구,홍대 관광특구,POI007,KEY_4,4208. 스타벅스(동교동) 앞,ST-2532,0,0,10,126.91986847,37.5566597
2026-06-15T03:42:54.832912+09:00,홍대 관광특구,홍대 관광특구,POI007,KEY_4,4211. 시석빌딩 앞,ST-2534,0,0,8,126.91671753,37.54836655
2026-06-15T03:42:54.832912+09:00,국립중앙박물관·용산가족공원,국립중앙박물관·용산가족공원,POI089,KEY_1,855.이촌역5번출구 앞,ST-2179,110,11,10,126.97277069,37.52272415
2026-06-15T03:42:54.832912+09:00,국립중앙박물관·용산가족공원,국립중앙박물관·용산가족공원,POI089,KEY_1,863.이촌역2번 출구,ST-2187,20,2,10,126.977005,37.52177048
2026-06-15T03:42:54.832912+09:00,남산공원,남산공원,POI091,KEY_3,859.남산공원 야외식물원 앞,ST-2183,0,0,10,126.99586487,37.54188538
2026-06-15T03:42:54.832912+09:00,남산공원,남산공원,POI091,KEY_3,381. 장충체육관,ST-196,0,0,10,127.00698853,37.55853271
2026-06-15T03:42:54.832912+09:00,남산공원,남산공원,POI091,KEY_3,371. 동대입구역 6번출구 뒤,ST-186,20,2,10,127.00553894,37.55887222
2026-06-15T03:42:54.832912+09:00,남산공원,남산공원,POI091,KEY_3,4621. 남산도서관 앞,ST-3054,8,1,12,126.98201752,37.55240631
2026-06-15T03:42:54.832912+09:00,노들섬,노들섬,POI092,KEY_4,869.노들섬 동측 앞,ST-2239,60,6,10,126.95914459,37.51729584
2026-06-15T03:42:54.832912+09:00,노들섬,노들섬,POI092,KEY_4,870.노들섬 서측 앞,ST-2240,100,10,10,126.95829773,37.51731873
2026-06-15T03:42:54.832912+09:00,망원한강공원,망원한강공원,POI094,KEY_2,105. 합정역 5번출구 앞,ST-7,0,0,5,126.91482544,37.55000687
2026-06-15T03:42:54.832912+09:00,망원한강공원,망원한강공원,POI094,KEY_2,4217. 한강공원 망원나들목,ST-2905,15,3,20,126.89688873,37.55557632
2026-06-15T03:42:54.832912+09:00,망원한강공원,망원한강공원,POI094,KEY_2,5515.한강버스 망원 선착장,ST-3388,110,33,30,126.89590454,37.55466461
2026-06-15T03:42:54.832912+09:00,보라매공원,보라매공원,POI123,KEY_4,4181. 보라매공원역 2번출구,ST-3117,67,4,6,126.91781616,37.49582291
2026-06-15T03:42:54.832912+09:00,보라매공원,보라매공원,POI123,KEY_4,4179. 보라매병원역 1번출구,ST-3105,155,31,20,126.92362976,37.49304199
2026-06-15T03:42:54.832912+09:00,북서울꿈의숲,북서울꿈의숲,POI096,KEY_1,1548. 북서울 꿈의숲 서문,ST-1725,47,7,15,127.03781128,37.62268829
2026-06-15T03:42:54.832912+09:00,북서울꿈의숲,북서울꿈의숲,POI096,KEY_1,3718. 번동3단지 버스정류장,ST-2610,182,20,11,127.04390717,37.628685
2026-06-15T03:42:54.832912+09:00,북서울꿈의숲,북서울꿈의숲,POI096,KEY_1,1571.북서울 꿈의 숲 입구,ST-2401,170,17,10,127.03864288,37.62657166
2026-06-15T03:42:54.832912+09:00,서대문독립공원,서대문독립공원,POI124,KEY_2,367. 독립문역 3-1번출구,ST-180,177,23,13,126.95851898,37.57415771
2026-06-15T03:42:54.832912+09:00,서대문독립공원,서대문독립공원,POI124,KEY_2,3113. 독립문 앞,ST-2199,87,13,15,126.95974731,37.57220459
2026-06-15T03:42:54.832912+09:00,서대문독립공원,서대문독립공원,POI124,KEY_2,3427.인왕산 아이파크 정문,ST-1824,250,20,8,126.95584869,37.57666779
2026-06-15T03:42:54.832912+09:00,서대문독립공원,서대문독립공원,POI124,KEY_2,3426.독립문역 2번출구 뒤,ST-1823,140,14,10,126.95755005,37.57501602
2026-06-15T03:42:54.832912+09:00,서리풀공원·몽마르뜨공원,서리풀공원·몽마르뜨공원,POI098,KEY_3,4316. 고속터미널역 3번출구,ST-2667,16,4,25,127.0059433,37.50365829
2026-06-15T03:42:54.832912+09:00,서리풀공원·몽마르뜨공원,서리풀공원·몽마르뜨공원,POI098,KEY_3,4327. 몽마르뜨공원입구,ST-3009,64,7,11,127.0026474,37.4928894
2026-06-15T03:42:54.832912+09:00,서리풀공원·몽마르뜨공원,서리풀공원·몽마르뜨공원,POI098,KEY_3,4312. 반포미도2차아파트 옆,ST-2663,30,3,10,127.00653076,37.50320435
2026-06-15T03:42:54.832912+09:00,서울숲공원,서울숲공원,POI101,KEY_1,510. 뚝도아리수정수센터 버스정류소 옆,ST-107,193,29,15,127.04380035,37.54122162
2026-06-15T03:42:54.832912+09:00,서울숲공원,서울숲공원,POI101,KEY_1,3552.서울숲 공영주차장앞,ST-2334,100,19,19,127.04277039,37.54195786
2026-06-15T03:42:54.832912+09:00,서울숲공원,서울숲공원,POI101,KEY_1,4401.뚝섬유수지 공영주차장,ST-3393,40,4,10,127.042099,37.55018234
2026-06-15T03:42:54.832912+09:00,송현녹지광장,송현녹지광장,POI129,KEY_2,354. 포르투갈 대사관 앞,ST-170,20,2,10,126.98896027,37.57915497
2026-06-15T03:42:54.832912+09:00,송현녹지광장,송현녹지광장,POI129,KEY_2,314. 국립현대미술관,ST-130,0,0,10,126.98085785,37.5797081
2026-06-15T03:42:54.832912+09:00,송현녹지광장,송현녹지광장,POI129,KEY_2,353. 재동초교 앞 삼거리,ST-169,0,0,8,126.9849472,37.57938766
2026-06-15T03:42:54.832912+09:00,송현녹지광장,송현녹지광장,POI129,KEY_2,3407.안국동사거리(신),ST-1804,0,0,18,126.98339081,37.57580566
2026-06-15T03:42:54.832912+09:00,송현녹지광장,송현녹지광장,POI129,KEY_2,4719. 종로문화원 건너편,ST-3090,0,0,15,126.9805069,37.57571411
2026-06-15T03:42:54.832912+09:00,송현녹지광장,송현녹지광장,POI129,KEY_2,4705. 웰니스센터(민방위교육장 앞),ST-2565,50,3,6,126.98912811,37.57752991
2026-06-15T03:42:54.832912+09:00,어린이대공원,어린이대공원,POI104,KEY_2,500. 어린이대공원역 3번출구 앞,ST-97,240,12,5,127.07466888,37.54697037
2026-06-15T03:42:54.832912+09:00,어린이대공원,어린이대공원,POI104,KEY_2,574. 아차산역4번출구,ST-385,127,28,22,127.08898163,37.55184937
2026-06-15T03:42:54.832912+09:00,어린이대공원,어린이대공원,POI104,KEY_2,573. 구의문주차장 앞,ST-384,130,13,10,127.08473206,37.54523087
2026-06-15T03:42:54.832912+09:00,어린이대공원,어린이대공원,POI104,KEY_2,3529. 어린이대공원정문,ST-1603,40,6,15,127.07592773,37.54978943
2026-06-15T03:42:54.832912+09:00,어린이대공원,어린이대공원,POI104,KEY_2,3853. 어린이대공원역 2번출구,ST-2541,28,5,18,127.07470703,37.54764938
2026-06-15T03:42:54.832912+09:00,어린이대공원,어린이대공원,POI104,KEY_2,3507. 어린이회관,ST-1192,45,14,31,127.07800293,37.54595184
2026-06-15T03:42:54.832912+09:00,어린이대공원,어린이대공원,POI104,KEY_2,3860. 건국대학교 정문 앞,ST-2542,150,15,10,127.07571411,37.5465126
2026-06-15T03:42:54.832912+09:00,어린이대공원,어린이대공원,POI104,KEY_2,3573.광나루안전체험관,ST-2312,120,18,15,127.07671356,37.5513382
2026-06-15T03:42:54.832912+09:00,여의도한강공원,여의도한강공원,POI105,KEY_3,260. 여의도 마리나선착장 앞,ST-414,100,15,15,126.91216278,37.53365707
2026-06-15T03:42:54.832912+09:00,여의도한강공원,여의도한강공원,POI105,KEY_3,249. 여의도중학교 옆,ST-297,13,2,16,126.93580627,37.52457809
2026-06-15T03:42:54.832912+09:00,여의도한강공원,여의도한강공원,POI105,KEY_3,5891.한강버스 여의도 선착장,ST-3402,40,12,30,126.93422699,37.52816391
2026-06-15T03:42:54.832912+09:00,여의도한강공원,여의도한강공원,POI105,KEY_3,5890.여의나루역 3번출구,ST-3401,64,7,11,126.93336487,37.52645493
2026-06-15T03:42:54.832912+09:00,여의서로,여의서로,POI126,KEY_4,260. 여의도 마리나선착장 앞,ST-414,100,15,15,126.91216278,37.53365707
2026-06-15T03:42:54.832912+09:00,여의서로,여의서로,POI126,KEY_4,298.KBS 연구동 건너편,ST-1970,60,15,25,126.91374207,37.52724838
2026-06-15T03:42:54.832912+09:00,여의서로,여의서로,POI126,KEY_4,297.국회3문,ST-1969,10,1,10,126.91267395,37.52863693
2026-06-15T03:42:54.832912+09:00,올림픽공원,올림픽공원,POI127,KEY_1,1267. 올림픽공원 남2문 앞,ST-1086,21,3,14,127.12306976,37.51424026
2026-06-15T03:42:54.832912+09:00,올림픽공원,올림픽공원,POI127,KEY_1,1268. 몽촌토성역 1번출구 옆,ST-1087,7,1,15,127.11419678,37.51728821
2026-06-15T03:42:54.832912+09:00,올림픽공원,올림픽공원,POI127,KEY_1,2622. 올림픽공원역 3번출구,ST-1720,0,0,20,127.13059235,37.51625824
2026-06-15T03:42:54.832912+09:00,올림픽공원,올림픽공원,POI127,KEY_1,2621. 한성백제역 2번 출구,ST-1719,20,3,15,127.11625671,37.51665878
2026-06-15T03:42:54.832912+09:00,올림픽공원,올림픽공원,POI127,KEY_1,4464. 올림픽공원 북2문 A,ST-2580,27,4,15,127.12804413,37.52357483
2026-06-15T03:42:54.832912+09:00,올림픽공원,올림픽공원,POI127,KEY_1,5781. 올림픽공원 수영장,ST-3300,79,11,14,127.12688446,37.52157211
2026-06-15T03:42:54.832912+09:00,올림픽공원,올림픽공원,POI127,KEY_1,4481. 올림픽공원 북2문 B,ST-2592,88,22,25,127.12751007,37.52397537
2026-06-15T03:42:54.832912+09:00,올림픽공원,올림픽공원,POI127,KEY_1,4857. 올림픽공원 장미광장,ST-2621,0,0,15,127.126297,37.51275635
2026-06-15T03:42:54.832912+09:00,올림픽공원,올림픽공원,POI127,KEY_1,5751. 송파여성축구장,ST-3069,20,2,10,127.11743927,37.52471542
2026-06-15T03:42:54.832912+09:00,올림픽공원,올림픽공원,POI127,KEY_1,4865. 한성백제역 1번출구 뒤,ST-2797,120,6,5,127.1149826,37.51647949
2026-06-15T03:42:54.832912+09:00,올림픽공원,올림픽공원,POI127,KEY_1,4862. 성내교 남단,ST-2756,70,7,10,127.11588287,37.52301788
2026-06-15T03:42:54.832912+09:00,올림픽공원,올림픽공원,POI127,KEY_1,4856. 올림픽공원 서1문 앞,ST-2608,80,8,10,127.11457062,37.5202179
2026-06-15T03:42:54.832912+09:00,월드컵공원,월드컵공원,POI106,KEY_2,413. 상암월드컵파크 3단지 후문,ST-92,180,18,10,126.88968658,37.57147598
2026-06-15T03:42:54.832912+09:00,월드컵공원,월드컵공원,POI106,KEY_2,186. 월드컵공원,ST-344,213,85,40,126.89820862,37.56396484
2026-06-15T03:42:54.832912+09:00,월드컵공원,월드컵공원,POI106,KEY_2,199. 서울 월드컵 경기장,ST-443,77,23,30,126.89644623,37.56684494
2026-06-15T03:42:54.832912+09:00,월드컵공원,월드컵공원,POI106,KEY_2,420. 서울시 공공자전거 상암센터,ST-85,119,44,37,126.8961792,37.56624603
2026-06-15T03:42:54.832912+09:00,월드컵공원,월드컵공원,POI106,KEY_2,418. 월드컵경기장역 3번출구 옆,ST-89,15,3,20,126.8992691,37.57277679
2026-06-15T03:42:54.832912+09:00,월드컵공원,월드컵공원,POI106,KEY_2,440. 하늘공원 입구,ST-1754,73,11,15,126.88134766,37.57012177
2026-06-15T03:42:54.832912+09:00,월드컵공원,월드컵공원,POI106,KEY_2,419. 홈플러스 마포점 앞,ST-87,138,29,21,126.89942932,37.56842041
2026-06-15T03:42:54.832912+09:00,월드컵공원,월드컵공원,POI106,KEY_2,3008.DMC역7번출구,ST-2166,70,7,10,126.89836121,37.57711411
2026-06-15T03:42:54.832912+09:00,응봉산,응봉산,POI107,KEY_3,569. 응봉현대아파트 정류소,ST-370,10,1,10,127.03024292,37.54958344
2026-06-15T03:42:54.832912+09:00,응봉산,응봉산,POI107,KEY_3,3525. 금호스포츠센터앞,ST-1599,67,10,15,127.02507019,37.54608917
2026-06-15T03:42:54.832912+09:00,응봉산,응봉산,POI107,KEY_3,3511. 응봉역 1번출구,ST-1195,250,25,10,127.0351944,37.55130386
2026-06-15T03:42:54.832912+09:00,청계산,청계산,POI112,KEY_4,2203. 청계산입구역 2번출구,ST-925,130,13,10,127.05501556,37.44765854
2026-06-15T03:42:54.832912+09:00,청계산,청계산,POI112,KEY_4,4338.새정이마을버스정류장 앞,ST-3216,60,3,5,127.06594849,37.43474579
2026-06-15T03:42:54.832912+09:00,가락시장,가락시장,POI058,KEY_2,2658.가락몰 업무동,ST-2409,120,12,10,127.11569214,37.49535751
2026-06-15T03:42:54.832912+09:00,가락시장,가락시장,POI058,KEY_2,2659.서울친환경유통센터,ST-2410,30,3,10,127.10492706,37.49420929
2026-06-15T03:42:54.832912+09:00,가락시장,가락시장,POI058,KEY_2,4480. 가락시장 남1문 사거리,ST-2591,87,13,15,127.11745453,37.49201584
2026-06-15T03:42:54.832912+09:00,가락시장,가락시장,POI058,KEY_2,4854. 가락시장역 2번 출구,ST-2606,50,5,10,127.11798859,37.492733
2026-06-15T03:42:54.832912+09:00,가로수길,가로수길,POI059,KEY_3,2362. 신사동 가로수길 입구,ST-1171,0,0,10,127.02245331,37.51763535
2026-06-15T03:42:54.832912+09:00,가로수길,가로수길,POI059,KEY_3,3606. 신사동주민센터 옆,ST-2673,110,11,10,127.02285004,37.52422714
2026-06-15T03:42:54.832912+09:00,가로수길,가로수길,POI059,KEY_3,4903. 신사스퀘어,ST-3066,0,0,10,127.0189743,37.51916885
2026-06-15T03:42:54.832912+09:00,가로수길,가로수길,POI059,KEY_3,4907. 극동스포츠 앞,ST-3078,340,17,5,127.02588654,37.5257225
2026-06-15T03:42:54.832912+09:00,김포공항,김포공항,POI061,KEY_1,3776. 김포공항사거리,ST-2484,80,8,10,126.80518341,37.5675354
2026-06-15T03:42:54.832912+09:00,김포공항,김포공항,POI061,KEY_1,5072. 김포공항입구 교통섬,ST-2947,60,6,10,126.80708313,37.56154633
2026-06-15T03:42:54.832912+09:00,남대문시장,남대문시장,POI115,KEY_2,324. 신세계백화점 본점 앞,ST-140,0,0,8,126.9805069,37.56134415
2026-06-15T03:42:54.832912+09:00,남대문시장,남대문시장,POI115,KEY_2,470.회현역 7번출구,ST-1776,0,0,13,126.98000336,37.55974579
2026-06-15T03:42:54.832912+09:00,남대문시장,남대문시장,POI115,KEY_2,4776. 신세계면세점,ST-2522,0,0,10,126.98139191,37.56027603
2026-06-15T03:42:54.832912+09:00,노량진,노량진,POI063,KEY_3,2003. 사육신공원앞,ST-877,110,11,10,126.94805908,37.51335907
2026-06-15T03:42:54.832912+09:00,노량진,노량진,POI063,KEY_3,2002. 노들역 1번출구,ST-683,159,27,17,126.95246887,37.51284409
2026-06-15T03:42:54.832912+09:00,노량진,노량진,POI063,KEY_3,2070. 노량진역 2번 출구 앞,ST-1545,56,10,18,126.94306946,37.51391983
2026-06-15T03:42:54.832912+09:00,노량진,노량진,POI063,KEY_3,2058. 동작경찰서,ST-1150,179,25,14,126.94352722,37.5135231
2026-06-15T03:42:54.832912+09:00,노량진,노량진,POI063,KEY_3,2050. 노량진역 5번출구,ST-699,153,23,15,126.93997192,37.51324844
2026-06-15T03:42:54.832912+09:00,덕수궁길·정동길,덕수궁길·정동길,POI064,KEY_4,300. 정동사거리,ST-116,0,0,6,126.96923065,37.56805038
2026-06-15T03:42:54.832912+09:00,덕수궁길·정동길,덕수궁길·정동길,POI064,KEY_4,391. 시립미술관,ST-977,0,0,8,126.97340393,37.56505203
2026-06-15T03:42:54.832912+09:00,덕수궁길·정동길,덕수궁길·정동길,POI064,KEY_4,6058. 시청역 2번출구,ST-3297,7,1,15,126.97702026,37.56557846
2026-06-15T03:42:54.832912+09:00,덕수궁길·정동길,덕수궁길·정동길,POI064,KEY_4,4715. 돈의문 박물관 마을,ST-2923,13,2,15,126.96955109,37.56883621
2026-06-15T03:42:54.832912+09:00,북촌한옥마을,북촌한옥마을,POI066,KEY_2,451. 청와대앞길,ST-979,0,0,8,126.97966766,37.58351517
2026-06-15T03:42:54.832912+09:00,북촌한옥마을,북촌한옥마을,POI066,KEY_2,352. 중앙고입구 삼거리,ST-168,10,1,10,126.98523712,37.58341599
2026-06-15T03:42:54.832912+09:00,북촌한옥마을,북촌한옥마을,POI066,KEY_2,465. 삼청공원 앞,ST-1759,0,0,5,126.9835968,37.58760452
2026-06-15T03:42:54.832912+09:00,북촌한옥마을,북촌한옥마을,POI066,KEY_2,354. 포르투갈 대사관 앞,ST-170,20,2,10,126.98896027,37.57915497
2026-06-15T03:42:54.832912+09:00,북촌한옥마을,북촌한옥마을,POI066,KEY_2,314. 국립현대미술관,ST-130,0,0,10,126.98085785,37.5797081
2026-06-15T03:42:54.832912+09:00,북촌한옥마을,북촌한옥마을,POI066,KEY_2,464. 삼청동 골목,ST-1756,0,0,10,126.98169708,37.58419037
2026-06-15T03:42:54.832912+09:00,북촌한옥마을,북촌한옥마을,POI066,KEY_2,353. 재동초교 앞 삼거리,ST-169,0,0,8,126.9849472,37.57938766
2026-06-15T03:42:54.832912+09:00,북촌한옥마을,북촌한옥마을,POI066,KEY_2,3407.안국동사거리(신),ST-1804,0,0,18,126.98339081,37.57580566
2026-06-15T03:42:54.832912+09:00,북촌한옥마을,북촌한옥마을,POI066,KEY_2,4719. 종로문화원 건너편,ST-3090,0,0,15,126.9805069,37.57571411
2026-06-15T03:42:54.832912+09:00,북촌한옥마을,북촌한옥마을,POI066,KEY_2,4705. 웰니스센터(민방위교육장 앞),ST-2565,50,3,6,126.98912811,37.57752991
2026-06-15T03:42:54.832912+09:00,서촌,서촌,POI067,KEY_3,450. 효자동 삼거리,ST-978,10,5,51,126.97254944,37.58360291
2026-06-15T03:42:54.832912+09:00,서촌,서촌,POI067,KEY_3,349. 어린이도서관,ST-165,80,4,5,126.96858978,37.57633209
2026-06-15T03:42:54.832912+09:00,서촌,서촌,POI067,KEY_3,4710. 자교교회 앞,ST-2473,125,10,8,126.97123718,37.58114624
2026-06-15T03:42:54.832912+09:00,서촌,서촌,POI067,KEY_3,4721. 통인시장 정자,ST-3354,188,15,8,126.96878815,37.58055878
2026-06-15T03:42:54.832912+09:00,성수카페거리,성수카페거리,POI068,KEY_4,587. 유니베라 앞,ST-482,50,5,10,127.05264282,37.54541779
2026-06-15T03:42:54.832912+09:00,성수카페거리,성수카페거리,POI068,KEY_4,514. 성수사거리 버스정류장 앞,ST-112,17,2,12,127.06330872,37.54257965
2026-06-15T03:42:54.832912+09:00,성수카페거리,성수카페거리,POI068,KEY_4,513. 뚝섬역 5번 출구 정류소 옆,ST-111,23,3,13,127.04980469,37.54630661
2026-06-15T03:42:54.832912+09:00,성수카페거리,성수카페거리,POI068,KEY_4,3548.뚝섬역 6번출구,ST-2330,30,3,10,127.04766846,37.54695892
2026-06-15T03:42:54.832912+09:00,성수카페거리,성수카페거리,POI068,KEY_4,4399. 더리브 세종타워 앞,ST-3326,14,1,7,127.0580368,37.54378128
2026-06-15T03:42:54.832912+09:00,성수카페거리,성수카페거리,POI068,KEY_4,4377. 우영테크노센터 앞,ST-3003,113,9,8,127.05971527,37.54332352
2026-06-15T03:42:54.832912+09:00,성수카페거리,성수카페거리,POI068,KEY_4,4387. 성수역 1번출구 주변,ST-3121,25,2,8,127.05336761,37.54555893
2026-06-15T03:42:54.832912+09:00,성수카페거리,성수카페거리,POI068,KEY_4,4398. 유원지식산업센터 앞,ST-3325,33,4,12,127.05593109,37.54436493
2026-06-15T03:42:54.832912+09:00,송리단길·호수단길,송리단길·호수단길,POI121,KEY_1,2639.석촌역 8번출구,ST-1866,17,3,18,127.10657501,37.50550461
2026-06-15T03:42:54.832912+09:00,송리단길·호수단길,송리단길·호수단길,POI121,KEY_1,4868. 석촌호수 서호 남단,ST-2833,30,3,10,127.10124207,37.50717163
2026-06-15T03:42:54.832912+09:00,신촌 스타광장,신촌 스타광장,POI122,KEY_2,128. 신촌역(2호선) 1번출구 옆,ST-30,0,0,19,126.93634033,37.55549622
2026-06-15T03:42:54.832912+09:00,신촌 스타광장,신촌 스타광장,POI122,KEY_2,3116.신촌역 4번출구,ST-2201,0,0,10,126.93720245,37.55550385
2026-06-15T03:42:54.832912+09:00,압구정로데오거리,압구정로데오거리,POI071,KEY_3,2365. K+ 타워 앞,ST-1174,0,0,15,127.03847504,37.52330017
2026-06-15T03:42:54.832912+09:00,압구정로데오거리,압구정로데오거리,POI071,KEY_3,2310. 청담동 맥도날드 옆(위치),ST-794,40,4,10,127.04017639,37.52361298
2026-06-15T03:42:54.832912+09:00,여의도,여의도,POI072,KEY_4,201. 진미파라곤 앞,ST-46,7,1,15,126.92133331,37.53123856
2026-06-15T03:42:54.832912+09:00,여의도,여의도,POI072,KEY_4,222. 시범아파트버스정류장 옆,ST-68,142,17,12,126.93688965,37.51902008
2026-06-15T03:42:54.832912+09:00,여의도,여의도,POI072,KEY_4,200. 국회의원회관,ST-45,5,1,22,126.91391754,37.52841568
2026-06-15T03:42:54.832912+09:00,여의도,여의도,POI072,KEY_4,204. 국회의사당역 5번출구 옆,ST-50,8,1,13,126.91702271,37.52816391
2026-06-15T03:42:54.832912+09:00,여의도,여의도,POI072,KEY_4,224. 롯데캐슬 앞,ST-70,5,1,20,126.93236542,37.5200882
2026-06-15T03:42:54.832912+09:00,여의도,여의도,POI072,KEY_4,223. 진주아파트상가 앞,ST-69,10,2,20,126.9333725,37.51913071
2026-06-15T03:42:54.832912+09:00,여의도,여의도,POI072,KEY_4,202. 국민일보 앞,ST-47,30,9,30,126.92453003,37.52881622
2026-06-15T03:42:54.832912+09:00,여의도,여의도,POI072,KEY_4,209. 유진투자증권빌딩 앞,ST-55,59,13,22,126.92783356,37.52461243
2026-06-15T03:42:54.832912+09:00,여의도,여의도,POI072,KEY_4,214. 금융감독원 앞,ST-60,0,0,21,126.9208374,37.5230217
2026-06-15T03:42:54.832912+09:00,여의도,여의도,POI072,KEY_4,260. 여의도 마리나선착장 앞,ST-414,100,15,15,126.91216278,37.53365707
2026-06-15T03:42:54.832912+09:00,여의도,여의도,POI072,KEY_4,299.여의도 순복음교회,ST-1971,30,3,10,126.92245483,37.53179169
2026-06-15T03:42:54.832912+09:00,여의도,여의도,POI072,KEY_4,226. 샛강역 1번출구 앞,ST-72,37,7,19,126.92841339,37.51776505
2026-06-15T03:42:54.832912+09:00,여의도,여의도,POI072,KEY_4,207. 여의나루역 1번출구 앞,ST-73,17,8,46,126.93190002,37.52715683
2026-06-15T03:42:54.832912+09:00,여의도,여의도,POI072,KEY_4,248. 초원아파트 앞,ST-296,10,1,10,126.92420959,37.53105545
2026-06-15T03:42:54.832912+09:00,여의도,여의도,POI072,KEY_4,298.KBS 연구동 건너편,ST-1970,60,15,25,126.91374207,37.52724838
2026-06-15T03:42:54.832912+09:00,여의도,여의도,POI072,KEY_4,203. 국회의사당역 3번출구 옆,ST-51,27,4,15,126.91870117,37.5280571
2026-06-15T03:42:54.832912+09:00,여의도,여의도,POI072,KEY_4,249. 여의도중학교 옆,ST-297,13,2,16,126.93580627,37.52457809
2026-06-15T03:42:54.832912+09:00,여의도,여의도,POI072,KEY_4,221. 여의도초교 앞,ST-67,70,7,10,126.93778992,37.52267456
2026-06-15T03:42:54.832912+09:00,여의도,여의도,POI072,KEY_4,270. 증권거래소후문교차로,ST-424,10,1,10,126.92710114,37.52234268
2026-06-15T03:42:54.832912+09:00,여의도,여의도,POI072,KEY_4,217. NH농협은행 앞,ST-66,0,0,15,126.93036652,37.52207947
2026-06-15T03:42:54.832912+09:00,여의도,여의도,POI072,KEY_4,213. KT앞,ST-59,37,7,19,126.91895294,37.52190781
2026-06-15T03:42:54.832912+09:00,여의도,여의도,POI072,KEY_4,220. 미성아파트 A동 앞,ST-63,3,1,30,126.92604828,37.5193634
2026-06-15T03:42:54.832912+09:00,여의도,여의도,POI072,KEY_4,219. 롯데캐슬엠파이어 옆,ST-62,33,4,12,126.92583466,37.52069473
2026-06-15T03:42:54.832912+09:00,여의도,여의도,POI072,KEY_4,205. 산업은행 앞,ST-52,90,18,20,126.92050934,37.52626419
2026-06-15T03:42:54.832912+09:00,여의도,여의도,POI072,KEY_4,225. 앙카라공원 앞,ST-71,35,9,26,126.92961884,37.51758575
2026-06-15T03:42:54.832912+09:00,여의도,여의도,POI072,KEY_4,297.국회3문,ST-1969,10,1,10,126.91267395,37.52863693
2026-06-15T03:42:54.832912+09:00,여의도,여의도,POI072,KEY_4,215. 여의도고교 앞,ST-64,40,4,10,126.93490601,37.52483749
2026-06-15T03:42:54.832912+09:00,여의도,여의도,POI072,KEY_4,271. 샛강생태공원방문자센터 앞,ST-425,10,1,10,126.9216156,37.51896286
2026-06-15T03:42:54.832912+09:00,여의도,여의도,POI072,KEY_4,206. KBS 앞,ST-53,49,17,35,126.91802216,37.52466583
2026-06-15T03:42:54.832912+09:00,여의도,여의도,POI072,KEY_4,5870. LG트윈타워 앞,ST-3239,20,4,20,126.93017578,37.52833176
2026-06-15T03:42:54.832912+09:00,여의도,여의도,POI072,KEY_4,5888.여의도성당,ST-3375,14,1,7,126.93920898,37.52164459
2026-06-15T03:42:54.832912+09:00,여의도,여의도,POI072,KEY_4,5853. 여의도역2번출구 앞,ST-3061,10,1,10,126.92271423,37.52243423
2026-06-15T03:42:54.832912+09:00,여의도,여의도,POI072,KEY_4,4564. 63스퀘어,ST-2814,106,18,17,126.93965912,37.52070999
2026-06-15T03:42:54.832912+09:00,여의도,여의도,POI072,KEY_4,5878. 우리은행 앞,ST-3315,10,2,20,126.92162323,37.52349091
2026-06-15T03:42:54.832912+09:00,여의도,여의도,POI072,KEY_4,4582. 국회도서관,ST-2646,75,9,12,126.91817474,37.53054047
2026-06-15T03:42:54.832912+09:00,여의도,여의도,POI072,KEY_4,4580. 국회제2의원회관,ST-2644,0,0,17,126.91316986,37.52974701
2026-06-15T03:42:54.832912+09:00,여의도,여의도,POI072,KEY_4,5891.한강버스 여의도 선착장,ST-3402,40,12,30,126.93422699,37.52816391
2026-06-15T03:42:54.832912+09:00,여의도,여의도,POI072,KEY_4,4583. 의정관,ST-2647,8,1,12,126.91747284,37.53214645
2026-06-15T03:42:54.832912+09:00,여의도,여의도,POI072,KEY_4,4579. 국회의사당 본관,ST-2643,106,18,17,126.91404724,37.5325737
2026-06-15T03:42:54.832912+09:00,여의도,여의도,POI072,KEY_4,4589. KRX한국거래소(1),ST-2899,6,1,18,126.92759705,37.52338028
2026-06-15T03:42:54.832912+09:00,여의도,여의도,POI072,KEY_4,4563. 여의도 은하아파트,ST-2813,40,4,10,126.93448639,37.51850891
2026-06-15T03:42:54.832912+09:00,여의도,여의도,POI072,KEY_4,5889.의원회관출입구 앞,ST-3377,0,0,10,126.91479492,37.52985382
2026-06-15T03:42:54.832912+09:00,여의도,여의도,POI072,KEY_4,4585. 국회6문,ST-2694,33,2,6,126.91799164,37.53271866
2026-06-15T03:42:54.832912+09:00,여의도,여의도,POI072,KEY_4,5890.여의나루역 3번출구,ST-3401,64,7,11,126.93336487,37.52645493
2026-06-15T03:42:54.832912+09:00,여의도,여의도,POI072,KEY_4,4584. 국회2문,ST-2648,44,4,9,126.91510773,37.52864075
2026-06-15T03:42:54.832912+09:00,여의도,여의도,POI072,KEY_4,5892.국회의사당본관 좌측,ST-3383,29,2,7,126.91375732,37.53090286
2026-06-15T03:42:54.832912+09:00,여의도,여의도,POI072,KEY_4,5879. 국회도서관 2문 앞,ST-3318,113,9,8,126.91668701,37.53107071
2026-06-15T03:42:54.832912+09:00,여의도,여의도,POI072,KEY_4,5880. 국회박물관,ST-3319,0,0,7,126.91945648,37.53183365
2026-06-15T03:42:54.832912+09:00,여의도,여의도,POI072,KEY_4,5893.한국산업은행,ST-3397,0,0,10,126.92175293,37.52814484
2026-06-15T03:42:54.832912+09:00,여의도,여의도,POI072,KEY_4,5897.여의도공작아파트,ST-3426,10,1,10,126.92987061,37.52595139
2026-06-15T03:42:54.832912+09:00,여의도,여의도,POI072,KEY_4,5859. 여의도 삼부아파트,ST-3160,30,3,10,126.93045807,37.52539444
2026-06-15T03:42:54.832912+09:00,여의도,여의도,POI072,KEY_4,4581. 국회소통관,ST-2645,0,0,12,126.9128952,37.53050232
2026-06-15T03:42:54.832912+09:00,연남동,연남동,POI073,KEY_1,107. 수협 연남동지점,ST-9,10,1,10,126.91871643,37.55784607
2026-06-15T03:42:54.832912+09:00,연남동,연남동,POI073,KEY_1,4233. 코오롱아파트사거리,ST-2979,20,2,10,126.92149353,37.56306458
2026-06-15T03:42:54.832912+09:00,영등포 타임스퀘어,영등포 타임스퀘어,POI074,KEY_2,284. 센트럴 푸르지오 시티 앞,ST-1650,75,12,16,126.90222931,37.51821136
2026-06-15T03:42:54.832912+09:00,영등포 타임스퀘어,영등포 타임스퀘어,POI074,KEY_2,3219.영등포역 1번출구,ST-1990,0,0,10,126.9077301,37.5148468
2026-06-15T03:42:54.832912+09:00,영등포 타임스퀘어,영등포 타임스퀘어,POI074,KEY_2,5858. 영등포역5번출구,ST-3142,10,1,10,126.90807343,37.51669312
2026-06-15T03:42:54.832912+09:00,영등포 타임스퀘어,영등포 타임스퀘어,POI074,KEY_2,5868. 로프트시티오피스텔,ST-3238,300,18,6,126.90843201,37.51906204
2026-06-15T03:42:54.832912+09:00,영등포 타임스퀘어,영등포 타임스퀘어,POI074,KEY_2,4565. 영등포 신세계백화점,ST-2815,0,0,10,126.90364838,37.51803589
2026-06-15T03:42:54.832912+09:00,용리단길,용리단길,POI076,KEY_3,816. 신용산역 6번출구 앞,ST-435,72,18,25,126.96848297,37.53014755
2026-06-15T03:42:54.832912+09:00,용리단길,용리단길,POI076,KEY_3,817. 삼각지역 4번출구 앞,ST-436,133,12,9,126.97173309,37.53345108
2026-06-15T03:42:54.832912+09:00,이태원 앤틱가구거리,이태원 앤틱가구거리,POI077,KEY_4,4615. 크라운호텔앞 버스정류소,ST-2446,14,1,7,126.99137878,37.53030014
2026-06-15T03:42:54.832912+09:00,이태원 앤틱가구거리,이태원 앤틱가구거리,POI077,KEY_4,4634. 이태원역 3번 출구,ST-3056,0,0,5,126.99497223,37.5343895
2026-06-15T03:42:54.832912+09:00,익선동,익선동,POI116,KEY_1,334. 종로3가역 2번출구 뒤,ST-150,20,2,10,126.99179077,37.5705986
2026-06-15T03:42:54.832912+09:00,익선동,익선동,POI116,KEY_1,328. 탑골공원 앞,ST-144,0,0,11,126.9881897,37.57039642
2026-06-15T03:42:54.832912+09:00,익선동,익선동,POI116,KEY_1,327. 낙원상가 옆,ST-143,20,2,10,126.9874649,37.57335663
2026-06-15T03:42:54.832912+09:00,익선동,익선동,POI116,KEY_1,3410.종로3가역 8번출구,ST-1807,0,0,10,126.99188995,37.5724678
2026-06-15T03:42:54.832912+09:00,익선동,익선동,POI116,KEY_1,4713. 현대 뜨레비앙 아파트 앞,ST-2623,43,3,7,126.99062347,37.57528305
2026-06-15T03:42:54.832912+09:00,인사동,인사동,POI078,KEY_2,327. 낙원상가 옆,ST-143,20,2,10,126.9874649,37.57335663
2026-06-15T03:42:54.832912+09:00,인사동,인사동,POI078,KEY_2,326. 안국역 5번출구 앞,ST-142,0,0,15,126.98616028,37.57624054
2026-06-15T03:42:54.832912+09:00,인사동,인사동,POI078,KEY_2,454. 종로2가 버스정류장 (종각방향),ST-1607,8,1,13,126.98638153,37.57035828
2026-06-15T03:42:54.832912+09:00,인사동,인사동,POI078,KEY_2,3408.종로타워빌딩,ST-1805,0,0,13,126.98323822,37.57070541
2026-06-15T03:42:54.832912+09:00,창동 신경제 중심지,창동 신경제 중심지,POI079,KEY_4,1756.서울북부광역등기국,ST-2101,0,0,10,127.04431915,37.65148544
2026-06-15T03:42:54.832912+09:00,창동 신경제 중심지,창동 신경제 중심지,POI079,KEY_4,1662. 노원역7번출구,ST-1279,5,1,20,127.05921173,37.65421677
2026-06-15T03:42:54.832912+09:00,창동 신경제 중심지,창동 신경제 중심지,POI079,KEY_4,1722. 창동청소년수련관,ST-1292,73,11,15,127.05004883,37.65779877
2026-06-15T03:42:54.832912+09:00,창동 신경제 중심지,창동 신경제 중심지,POI079,KEY_4,1674. 서울북부고용센터앞,ST-1291,0,0,15,127.05808258,37.65354919
2026-06-15T03:42:54.832912+09:00,창동 신경제 중심지,창동 신경제 중심지,POI079,KEY_4,1690. 도봉운전면허시험장 버스정류장 옆,ST-1641,0,0,10,127.05931091,37.6577301
2026-06-15T03:42:54.832912+09:00,창동 신경제 중심지,창동 신경제 중심지,POI079,KEY_4,1637. KT 전화국 버스정류장 옆,ST-611,0,0,9,127.06372833,37.6546669
2026-06-15T03:42:54.832912+09:00,창동 신경제 중심지,창동 신경제 중심지,POI079,KEY_4,1716. 창동역 1번출구 건너편,ST-1132,13,1,8,127.05072784,37.65420151
2026-06-15T03:42:54.832912+09:00,창동 신경제 중심지,창동 신경제 중심지,POI079,KEY_4,1686. 상계주공10단지 종합상가 앞,ST-1476,7,1,15,127.05805206,37.66114044
2026-06-15T03:42:54.832912+09:00,창동 신경제 중심지,창동 신경제 중심지,POI079,KEY_4,1775.신원리베르텔 앞,ST-2120,0,0,15,127.04554749,37.65128708
2026-06-15T03:42:54.832912+09:00,창동 신경제 중심지,창동 신경제 중심지,POI079,KEY_4,1653. 노원역1번출구,ST-1121,0,0,10,127.06362152,37.65620041
2026-06-15T03:42:54.832912+09:00,창동 신경제 중심지,창동 신경제 중심지,POI079,KEY_4,1657. 노원구청,ST-1125,0,0,20,127.05732727,37.65404892
2026-06-15T03:42:54.832912+09:00,창동 신경제 중심지,창동 신경제 중심지,POI079,KEY_4,5311. 주공601동 상가 노원지하보도 앞,ST-3116,0,0,5,127.06147766,37.65190125
2026-06-15T03:42:54.832912+09:00,창동 신경제 중심지,창동 신경제 중심지,POI079,KEY_4,5333. 노원역9번-10번 출구 앞,ST-3288,0,0,10,127.063591,37.65655518
2026-06-15T03:42:54.832912+09:00,창동 신경제 중심지,창동 신경제 중심지,POI079,KEY_4,4098.창동역 1번출구 인근,ST-3430,25,2,8,127.04838562,37.65290833
2026-06-15T03:42:54.832912+09:00,창동 신경제 중심지,창동 신경제 중심지,POI079,KEY_4,4096.창동역2번출구 하나은행365 앞,ST-3368,25,2,8,127.04550171,37.65283585
2026-06-15T03:42:54.832912+09:00,청량리 제기동 일대 전통시장,청량리 제기동 일대 전통시장,POI081,KEY_2,640. 동대문경찰서 교차로,ST-407,233,14,6,127.04460144,37.58255005
2026-06-15T03:42:54.832912+09:00,청량리 제기동 일대 전통시장,청량리 제기동 일대 전통시장,POI081,KEY_2,633. 청량리 기업은행 앞,ST-400,150,12,8,127.04472351,37.58049774
2026-06-15T03:42:54.832912+09:00,청량리 제기동 일대 전통시장,청량리 제기동 일대 전통시장,POI081,KEY_2,676.FITI시험연구원 앞,ST-2276,67,6,9,127.03547668,37.58143234
2026-06-15T03:42:54.832912+09:00,청량리 제기동 일대 전통시장,청량리 제기동 일대 전통시장,POI081,KEY_2,4134. 제기동 현대아파트 앞,ST-3206,170,17,10,127.0353241,37.57994843
2026-06-15T03:42:54.832912+09:00,청량리 제기동 일대 전통시장,청량리 제기동 일대 전통시장,POI081,KEY_2,4147.청량리역광장,ST-3405,11,4,35,127.04673767,37.58024597
2026-06-15T03:42:54.832912+09:00,청량리 제기동 일대 전통시장,청량리 제기동 일대 전통시장,POI081,KEY_2,4149.제기동역 5번출구,ST-3428,286,20,7,127.03381348,37.5779953
2026-06-15T03:42:54.832912+09:00,DDP(동대문디자인플라자),DDP(동대문디자인플라자),POI083,KEY_4,474.동대문역사문화공원역 1번출구 뒤편,ST-1780,10,4,40,127.00849152,37.56629944
2026-06-15T03:42:54.832912+09:00,DDP(동대문디자인플라자),DDP(동대문디자인플라자),POI083,KEY_4,475.DDP 패션몰,ST-1781,29,6,21,127.0118103,37.56764984
2026-06-15T03:42:54.832912+09:00,DDP(동대문디자인플라자),DDP(동대문디자인플라자),POI083,KEY_4,347. 동대문역사문화공원역 9번출구 앞,ST-163,33,6,18,127.00784302,37.56533051
2026-06-15T03:42:54.832912+09:00,DDP(동대문디자인플라자),DDP(동대문디자인플라자),POI083,KEY_4,4765. 동대문디자인플라자,ST-2431,80,16,20,127.00946045,37.5683136
2026-06-15T03:42:54.832912+09:00,DMC(디지털미디어시티),DMC(디지털미디어시티),POI084,KEY_1,414. 상암동주민센터 옆,ST-94,163,13,8,126.89447021,37.57822037
2026-06-15T03:42:54.832912+09:00,DMC(디지털미디어시티),DMC(디지털미디어시티),POI084,KEY_1,412. DMC산학협력연구센터 앞,ST-91,90,19,21,126.89079285,37.57565689
2026-06-15T03:42:54.832912+09:00,DMC(디지털미디어시티),DMC(디지털미디어시티),POI084,KEY_1,411. DMC홍보관,ST-90,30,3,10,126.89147186,37.5779953
2026-06-15T03:42:54.832912+09:00,DMC(디지털미디어시티),DMC(디지털미디어시티),POI084,KEY_1,409. 누리꿈스퀘어 옆,ST-86,0,0,30,126.88916016,37.57939911
2026-06-15T03:42:54.832912+09:00,DMC(디지털미디어시티),DMC(디지털미디어시티),POI084,KEY_1,405. DMC빌 앞,ST-80,0,0,8,126.88578796,37.58265686
2026-06-15T03:42:54.832912+09:00,DMC(디지털미디어시티),DMC(디지털미디어시티),POI084,KEY_1,408. LG CNS앞,ST-84,0,0,14,126.88665009,37.58081055
2026-06-15T03:42:54.832912+09:00,DMC(디지털미디어시티),DMC(디지털미디어시티),POI084,KEY_1,425. DMC첨단산업센터,ST-991,20,2,10,126.88559723,37.58450317
2026-06-15T03:42:54.832912+09:00,DMC(디지털미디어시티),DMC(디지털미디어시티),POI084,KEY_1,415. DMC역 9번출구 앞,ST-95,50,5,10,126.89736176,37.57746887
2026-06-15T03:42:54.832912+09:00,DMC(디지털미디어시티),DMC(디지털미디어시티),POI084,KEY_1,490.가온문화공원,ST-2149,4,1,23,126.88766479,37.58207703
2026-06-15T03:42:54.832912+09:00,DMC(디지털미디어시티),DMC(디지털미디어시티),POI084,KEY_1,417. DMC역 2번출구 옆,ST-93,20,4,20,126.8999176,37.57506943
2026-06-15T03:42:54.832912+09:00,DMC(디지털미디어시티),DMC(디지털미디어시티),POI084,KEY_1,489.구룡근린공원,ST-2148,200,20,10,126.88276672,37.58320236
2026-06-15T03:42:54.832912+09:00,DMC(디지털미디어시티),DMC(디지털미디어시티),POI084,KEY_1,3007.MBC 앞,ST-2165,60,6,10,126.89044952,37.58198166
2026-06-15T03:42:54.832912+09:00,DMC(디지털미디어시티),DMC(디지털미디어시티),POI084,KEY_1,3008.DMC역7번출구,ST-2166,70,7,10,126.89836121,37.57711411
2026-06-15T03:42:54.832912+09:00,DMC(디지털미디어시티),DMC(디지털미디어시티),POI084,KEY_1,4214. JTBC 앞,ST-2537,40,4,10,126.8901825,37.57730484
2026-06-15T03:42:54.832912+09:00,DMC(디지털미디어시티),DMC(디지털미디어시티),POI084,KEY_1,4218. 디지털매직스페이스,ST-2974,0,0,13,126.88957977,37.58119965
2026-06-15T03:42:54.832912+09:00,DMC(디지털미디어시티),DMC(디지털미디어시티),POI084,KEY_1,4238. 상암한샘빌딩앞,ST-2981,29,2,7,126.89867401,37.57649231
2026-06-15T03:42:54.832912+09:00,가산디지털단지역,가산디지털단지역,POI013,KEY_2,1835. STX V타워,ST-641,100,10,10,126.88442993,37.47706985
2026-06-15T03:42:54.832912+09:00,가산디지털단지역,가산디지털단지역,POI013,KEY_2,1806. 에이스하이엔드타워9차 앞,ST-621,130,13,10,126.87863922,37.48621368
2026-06-15T03:42:54.832912+09:00,가산디지털단지역,가산디지털단지역,POI013,KEY_2,1805. 서울디지털운동장 앞,ST-620,80,8,10,126.87776947,37.48228836
2026-06-15T03:42:54.832912+09:00,가산디지털단지역,가산디지털단지역,POI013,KEY_2,1850. 코오롱테크노밸리,ST-1277,170,17,10,126.8863678,37.48015976
2026-06-15T03:42:54.832912+09:00,가산디지털단지역,가산디지털단지역,POI013,KEY_2,1867.대륭포스트타워6차 앞,ST-1938,87,26,30,126.8841629,37.48101044
2026-06-15T03:42:54.832912+09:00,가산디지털단지역,가산디지털단지역,POI013,KEY_2,1834. 월드메르디앙 벤처센터 2차,ST-640,40,4,10,126.87904358,37.47908401
2026-06-15T03:42:54.832912+09:00,가산디지털단지역,가산디지털단지역,POI013,KEY_2,1839. 수출의 다리 아래,ST-1140,25,5,20,126.88615417,37.47743607
2026-06-15T03:42:54.832912+09:00,가산디지털단지역,가산디지털단지역,POI013,KEY_2,1812. 갑을그레이트밸리 앞,ST-624,250,25,10,126.88729858,37.47903061
2026-06-15T03:42:54.832912+09:00,가산디지털단지역,가산디지털단지역,POI013,KEY_2,1849. 대륭포스트타워5차,ST-1276,170,17,10,126.88694,37.48135376
2026-06-15T03:42:54.832912+09:00,가산디지털단지역,가산디지털단지역,POI013,KEY_2,1851. 가산디지털단지 9번출구 인근,ST-1403,180,18,10,126.88148499,37.48123169
2026-06-15T03:42:54.832912+09:00,가산디지털단지역,가산디지털단지역,POI013,KEY_2,3984. 가산롯데아이티캐슬,ST-2999,280,14,5,126.88083649,37.47636795
2026-06-15T03:42:54.832912+09:00,가산디지털단지역,가산디지털단지역,POI013,KEY_2,3985. 디폴리스 지식산업센터,ST-2964,30,6,20,126.87680054,37.48017502
2026-06-15T03:42:54.832912+09:00,가산디지털단지역,가산디지털단지역,POI013,KEY_2,3989.가산디지털단지역 9번출구 앞,ST-3396,120,12,10,126.88175964,37.48055267
2026-06-15T03:42:54.832912+09:00,강남역,강남역,POI014,KEY_3,2505. 우성아파트사거리 (기업은행앞),ST-1556,133,16,12,127.02953339,37.49325943
2026-06-15T03:42:54.832912+09:00,강남역,강남역,POI014,KEY_3,2421. 신논현역 4번출구,ST-1887,27,4,15,127.02579498,37.504673
2026-06-15T03:42:54.832912+09:00,강남역,강남역,POI014,KEY_3,3628. 역삼1동 주민센터,ST-2689,30,3,10,127.03302765,37.49521255
2026-06-15T03:42:54.832912+09:00,강남역,강남역,POI014,KEY_3,2407. 역삼서초삼성 세무서 앞 (역삼빌딩 앞),ST-1577,120,12,10,127.03011322,37.49847031
2026-06-15T03:42:54.832912+09:00,강남역,강남역,POI014,KEY_3,4349.삼성화재서초타워,ST-3361,167,10,6,127.02896118,37.49446869
2026-06-15T03:42:54.832912+09:00,건대입구역,건대입구역,POI015,KEY_4,501. 광진문화예술회관 앞,ST-98,33,10,30,127.07035065,37.53730774
2026-06-15T03:42:54.832912+09:00,건대입구역,건대입구역,POI015,KEY_4,3533. 건대입구역 사거리(롯데백화점),ST-1660,0,0,10,127.07078552,37.5392952
2026-06-15T03:42:54.832912+09:00,건대입구역,건대입구역,POI015,KEY_4,3534. 건대입구역 5번출구 뒤,ST-1661,70,7,10,127.06956482,37.54008102
2026-06-15T03:42:54.832912+09:00,고덕역,고덕역,POI016,KEY_1,1072.고덕역 5번출구,ST-1833,18,4,22,127.15372467,37.55486298
2026-06-15T03:42:54.832912+09:00,고덕역,고덕역,POI016,KEY_1,1036. 고덕동 주양쇼핑,ST-1053,150,15,10,127.15331268,37.55199051
2026-06-15T03:42:54.832912+09:00,고덕역,고덕역,POI016,KEY_1,1068.명일파출소,ST-1767,10,1,10,127.15622711,37.5536499
2026-06-15T03:42:54.832912+09:00,교대역,교대역,POI018,KEY_3,2239.교대역 6번출구,ST-765,80,8,10,127.01378632,37.49421692
2026-06-15T03:42:54.832912+09:00,교대역,교대역,POI018,KEY_3,2279. 교대역 5번출구뒤,ST-1305,288,23,8,127.01418304,37.49361801
2026-06-15T03:42:54.832912+09:00,구로디지털단지역,구로디지털단지역,POI019,KEY_4,2801. 대륭포스트타워1차,ST-1753,13,4,30,126.89542389,37.48437119
2026-06-15T03:42:54.832912+09:00,구로디지털단지역,구로디지털단지역,POI019,KEY_4,1962. 가리봉동주민센터,ST-1224,87,13,15,126.89279938,37.48160172
2026-06-15T03:42:54.832912+09:00,구로디지털단지역,구로디지털단지역,POI019,KEY_4,1911. 구로디지털단지역 앞,ST-668,183,33,18,126.90132141,37.48493958
2026-06-15T03:42:54.832912+09:00,구로디지털단지역,구로디지털단지역,POI019,KEY_4,1986. 태평양물산,ST-1521,27,4,15,126.89518738,37.48485947
2026-06-15T03:42:54.832912+09:00,구로디지털단지역,구로디지털단지역,POI019,KEY_4,1955. 디지털입구 교차로,ST-936,220,22,10,126.90103912,37.48288345
2026-06-15T03:42:54.832912+09:00,구로디지털단지역,구로디지털단지역,POI019,KEY_4,2110. 조원동 미성아파트,ST-950,211,19,9,126.90203094,37.48319244
2026-06-15T03:42:54.832912+09:00,구로역,구로역,POI020,KEY_1,1946. 구로역 광장,ST-873,70,7,10,126.88038635,37.50311661
2026-06-15T03:42:54.832912+09:00,구로역,구로역,POI020,KEY_1,3919. 구로역·NC신구로점 버스정류장(구로역 방면),ST-3013,43,6,14,126.88237,37.50096512
2026-06-15T03:42:54.832912+09:00,군자역,군자역,POI021,KEY_2,540. 군자역 7번출구 베스트샵 앞,ST-253,63,5,8,127.0786438,37.55603027
2026-06-15T03:42:54.832912+09:00,군자역,군자역,POI021,KEY_2,3518. 군자역 7번출구뒤,ST-1263,50,4,8,127.07913971,37.55686188
2026-06-15T03:42:54.832912+09:00,군자역,군자역,POI021,KEY_2,3586.군자역 비채온 오피스텔,ST-2325,300,24,8,127.07727051,37.55771255
2026-06-15T03:42:54.832912+09:00,군자역,군자역,POI021,KEY_2,3500. 군자역2번출구,ST-983,229,16,7,127.07969666,37.55758667
2026-06-15T03:42:54.832912+09:00,대림역,대림역,POI023,KEY_3,286. 우성아파트 교차로,ST-1652,133,16,12,126.89974976,37.49457169
2026-06-15T03:42:54.832912+09:00,대림역,대림역,POI023,KEY_3,1975. 대림역 1번 출입구 밑,ST-1237,40,4,10,126.8947525,37.49256516
2026-06-15T03:42:54.832912+09:00,대림역,대림역,POI023,KEY_3,1914. 대림역4번출구,ST-918,120,12,10,126.89444733,37.49440384
2026-06-15T03:42:54.832912+09:00,동대문역,동대문역,POI024,KEY_4,457. 종로꽃시장 입구 옆,ST-1610,50,5,10,127.00720978,37.57131958
2026-06-15T03:42:54.832912+09:00,동대문역,동대문역,POI024,KEY_4,393. 동대문역 8번 출구,ST-1372,50,6,12,127.00937653,37.57014084
2026-06-15T03:42:54.832912+09:00,동대문역,동대문역,POI024,KEY_4,3415.동대문역6번출구,ST-1812,120,18,15,127.0107193,37.57147217
2026-06-15T03:42:54.832912+09:00,미아사거리역,미아사거리역,POI026,KEY_2,1546. 송천동우체국,ST-1665,160,16,10,127.02970123,37.61545944
2026-06-15T03:42:54.832912+09:00,미아사거리역,미아사거리역,POI026,KEY_2,1574.송중초등학교 옆,ST-2405,75,6,8,127.03049469,37.61669922
2026-06-15T03:42:54.832912+09:00,미아사거리역,미아사거리역,POI026,KEY_2,1531. 미아사거리 1번 출구,ST-1105,100,10,10,127.03025055,37.61395645
2026-06-15T03:42:54.832912+09:00,미아사거리역,미아사거리역,POI026,KEY_2,4423.현대백화점 미아점,ST-3203,100,10,10,127.02845764,37.60884857
2026-06-15T03:42:54.832912+09:00,발산역,발산역,POI027,KEY_3,1124. 발산역 6번 출구 뒤,ST-522,17,1,6,126.8384552,37.55817795
2026-06-15T03:42:54.832912+09:00,발산역,발산역,POI027,KEY_3,1117. 등촌5단지아파트 버스정류장,ST-834,40,4,10,126.84426117,37.55819702
2026-06-15T03:42:54.832912+09:00,발산역,발산역,POI027,KEY_3,"1153. 발산역 1번, 9번 인근 대여소",ST-1065,9,3,32,126.83717346,37.55894852
2026-06-15T03:42:54.832912+09:00,발산역,발산역,POI027,KEY_3,1197. 엠펠리체 호텔 건너편,ST-1714,125,25,20,126.83546448,37.56026077
2026-06-15T03:42:54.832912+09:00,발산역,발산역,POI027,KEY_3,3760. 발산역 8번 출구,ST-2538,29,5,17,126.83676147,37.55846024
2026-06-15T03:42:54.832912+09:00,발산역,발산역,POI027,KEY_3,3764. 관문주유소(GS칼택스) 앞,ST-2613,230,23,10,126.84183502,37.55802917
2026-06-15T03:42:54.832912+09:00,발산역,발산역,POI027,KEY_3,3759. 이대서울병원,ST-2569,12,3,25,126.83559418,37.5586319
2026-06-15T03:42:54.832912+09:00,발산역,발산역,POI027,KEY_3,2723.마곡 필네이처,ST-2040,131,17,13,126.83669281,37.56089401
2026-06-15T03:42:54.832912+09:00,발산역,발산역,POI027,KEY_3,2721.등촌1-10단지 교차로,ST-2037,250,30,12,126.8393631,37.56320572
2026-06-15T03:42:54.832912+09:00,발산역,발산역,POI027,KEY_3,2717.LG유플러스 마곡사옥,ST-2033,40,25,62,126.83390045,37.56133652
2026-06-15T03:42:54.832912+09:00,발산역,발산역,POI027,KEY_3,2730.마곡메가박스 앞,ST-2047,63,19,30,126.83495331,37.55912781
2026-06-15T03:42:54.832912+09:00,발산역,발산역,POI027,KEY_3,5095. 원당근린공원,ST-3226,300,42,14,126.84147644,37.55947495
2026-06-15T03:42:54.832912+09:00,발산역,발산역,POI027,KEY_3,5061. 우장산동 가곡어린이공원앞,ST-2888,260,26,10,126.83751678,37.55545425
2026-06-15T03:42:54.832912+09:00,사당역,사당역,POI029,KEY_4,2104. 사당역 5번출구,ST-712,77,10,13,126.98133087,37.47608948
2026-06-15T03:42:54.832912+09:00,사당역,사당역,POI029,KEY_4,2222.사당역 12번출구 뒤,ST-753,50,5,10,126.98203278,37.47806931
2026-06-15T03:42:54.832912+09:00,사당역,사당역,POI029,KEY_4,2089.사당역10번출구(금강빌딩),ST-2362,60,6,10,126.98150635,37.4791069
2026-06-15T03:42:54.832912+09:00,사당역,사당역,POI029,KEY_4,2034. 사당역 7번출구쪽,ST-924,58,11,19,126.98057556,37.47689056
2026-06-15T03:42:54.832912+09:00,삼각지역,삼각지역,POI030,KEY_1,848. 삼각지12번 출구,ST-2172,50,4,8,126.97562408,37.53488922
2026-06-15T03:42:54.832912+09:00,삼각지역,삼각지역,POI030,KEY_1,849. 삼각지 자이아파트,ST-2173,85,17,20,126.97341919,37.53607941
2026-06-15T03:42:54.832912+09:00,삼각지역,삼각지역,POI030,KEY_1,4620. 삼각지역 14번 출구 앞(교통섬),ST-2451,100,8,8,126.97408295,37.53528595
2026-06-15T03:42:54.832912+09:00,서울대입구역,서울대입구역,POI031,KEY_2,2116. 에이스에이존빌딩,ST-717,122,11,9,126.95082855,37.48170471
2026-06-15T03:42:54.832912+09:00,서울대입구역,서울대입구역,POI031,KEY_2,2111. 서울대입구역 1번출구,ST-965,0,0,10,126.95331573,37.48086929
2026-06-15T03:42:54.832912+09:00,서울대입구역,서울대입구역,POI031,KEY_2,2171. 서울대입구역 5번출구,ST-1337,29,5,17,126.95200348,37.48154831
2026-06-15T03:42:54.832912+09:00,서울대입구역,서울대입구역,POI031,KEY_2,2128. 관악구청교차로,ST-720,0,0,12,126.95265198,37.47949982
2026-06-15T03:42:54.832912+09:00,서울대입구역,서울대입구역,POI031,KEY_2,3311.서울대입구역 4번 출구,ST-2394,25,3,12,126.95157623,37.48122025
2026-06-15T03:42:54.832912+09:00,서울대입구역,서울대입구역,POI031,KEY_2,2112. 서울대입구역 마에스트로,ST-715,40,6,15,126.95064545,37.4813385
2026-06-15T03:42:54.832912+09:00,서울식물원·마곡나루역,서울식물원·마곡나루역,POI032,KEY_3,2715.마곡나루역 2번 출구,ST-2031,4,1,25,126.82743835,37.56692505
2026-06-15T03:42:54.832912+09:00,서울식물원·마곡나루역,서울식물원·마곡나루역,POI032,KEY_3,2725.서울식물원 식물문화센터,ST-2042,70,14,20,126.83563232,37.56883621
2026-06-15T03:42:54.832912+09:00,서울식물원·마곡나루역,서울식물원·마곡나루역,POI032,KEY_3,2727.서울식물원 잔디마당 앞,ST-2044,24,6,25,126.8306427,37.5639267
2026-06-15T03:42:54.832912+09:00,서울식물원·마곡나루역,서울식물원·마곡나루역,POI032,KEY_3,5098. LG사이언스파크 W4동,ST-3261,5,1,20,126.82978821,37.56403732
2026-06-15T03:42:54.832912+09:00,서울식물원·마곡나루역,서울식물원·마곡나루역,POI032,KEY_3,5097. LG사이언스파크 E2동,ST-3259,5,2,40,126.83208466,37.56381607
2026-06-15T03:42:54.832912+09:00,서울식물원·마곡나루역,서울식물원·마곡나루역,POI032,KEY_3,6177. 마곡롯데캐슬르웨스트,ST-3324,310,31,10,126.82462311,37.56356049
2026-06-15T03:42:54.832912+09:00,서울역,서울역,POI033,KEY_4,435. SK 남산빌딩,ST-1670,180,18,10,126.97561646,37.55686188
2026-06-15T03:42:54.832912+09:00,서울역,서울역,POI033,KEY_4,485.서울역5번출구,ST-1791,50,5,10,126.97319794,37.55677032
2026-06-15T03:42:54.832912+09:00,서울역,서울역,POI033,KEY_4,379. 서울역9번출구,ST-194,43,3,7,126.97330475,37.55580521
2026-06-15T03:42:54.832912+09:00,서울역,서울역,POI033,KEY_4,6062.서울역파출소,ST-3413,50,5,10,126.97183228,37.55709457
2026-06-15T03:42:54.832912+09:00,서울역,서울역,POI033,KEY_4,4760. 서울역 7번출구,ST-2430,0,0,10,126.97364044,37.55664444
2026-06-15T03:42:54.832912+09:00,서울역,서울역,POI033,KEY_4,4794. 서울역 서부교차로(3),ST-2786,38,3,8,126.96942139,37.55540848
2026-06-15T03:42:54.832912+09:00,선릉역,선릉역,POI034,KEY_1,2328. 르네상스 호텔 사거리 역삼지하보도 7번출구 앞,ST-811,160,16,10,127.04273224,37.50321198
2026-06-15T03:42:54.832912+09:00,선릉역,선릉역,POI034,KEY_1,2369. KT선릉타워,ST-1178,5,1,20,127.0528717,37.50542831
2026-06-15T03:42:54.832912+09:00,선릉역,선릉역,POI034,KEY_1,2319. 포스코사거리 서측(수협 삼성동 지점),ST-802,30,3,10,127.05467987,37.50660706
2026-06-15T03:42:54.832912+09:00,선릉역,선릉역,POI034,KEY_1,2329. 르네상스호텔사거리 역삼지하보도 2번출구,ST-812,10,1,10,127.04319,37.50235748
2026-06-15T03:42:54.832912+09:00,선릉역,선릉역,POI034,KEY_1,2332. 선릉역3번출구,ST-815,75,6,8,127.04903412,37.50410461
2026-06-15T03:42:54.832912+09:00,성신여대입구역,성신여대입구역,POI035,KEY_2,1337. 돈암성당 옆,ST-1201,38,5,13,127.01716614,37.59039307
2026-06-15T03:42:54.832912+09:00,성신여대입구역,성신여대입구역,POI035,KEY_2,1384.성신여대입구역 5번출구,ST-2225,262,34,13,127.01628876,37.59282684
2026-06-15T03:42:54.832912+09:00,성신여대입구역,성신여대입구역,POI035,KEY_2,1385.성신여대입구역 3번출구 앞,ST-2226,160,16,10,127.01628876,37.59236526
2026-06-15T03:42:54.832912+09:00,수유역,수유역,POI036,KEY_3,1512. 강북중학교 앞,ST-862,110,22,20,127.02656555,37.64473724
2026-06-15T03:42:54.832912+09:00,수유역,수유역,POI036,KEY_3,1526. 강북종합시장 앞,ST-1100,88,7,8,127.02462769,37.64173889
2026-06-15T03:42:54.832912+09:00,수유역,수유역,POI036,KEY_3,1520. 수유중앙시장,ST-650,243,17,7,127.022789,37.63986206
2026-06-15T03:42:54.832912+09:00,수유역,수유역,POI036,KEY_3,1503. 강북구청사거리(수유역 8번출구),ST-643,43,6,14,127.02672577,37.63926315
2026-06-15T03:42:54.832912+09:00,수유역,수유역,POI036,KEY_3,1552. 강북구청사거리,ST-2125,25,2,8,127.02723694,37.63920212
2026-06-15T03:42:54.832912+09:00,수유역,수유역,POI036,KEY_3,1569.수유역2번출구,ST-2137,10,1,10,127.02590179,37.63796997
2026-06-15T03:42:54.832912+09:00,수유역,수유역,POI036,KEY_3,1535. 효성인텔리안 앞,ST-1109,20,2,10,127.02337646,37.6362915
2026-06-15T03:42:54.832912+09:00,수유역,수유역,POI036,KEY_3,1530. 광산사거리,ST-1104,115,15,13,127.0223465,37.64355087
2026-06-15T03:42:54.832912+09:00,숭례문,숭례문,POI131,KEY_4,445.대한상공회의소,ST-1771,47,7,15,126.97410583,37.56015396
2026-06-15T03:42:54.832912+09:00,숭례문,숭례문,POI131,KEY_4,6060. 신한은행 본점,ST-3342,0,0,8,126.97480774,37.56077576
2026-06-15T03:42:54.832912+09:00,시의회 앞,시의회 앞,POI130,KEY_1,310. 청계광장 옆,ST-126,0,0,8,126.9774704,37.56887817
2026-06-15T03:42:54.832912+09:00,시의회 앞,시의회 앞,POI130,KEY_1,6058. 시청역 2번출구,ST-3297,7,1,15,126.97702026,37.56557846
2026-06-15T03:42:54.832912+09:00,신논현역·논현역,신논현역·논현역,POI037,KEY_2,2542.신논현타워 앞,ST-1926,10,1,10,127.02391052,37.50508881
2026-06-15T03:42:54.832912+09:00,신논현역·논현역,신논현역·논현역,POI037,KEY_2,2302. 교보타워 버스정류장(신논현역 3번출구 후면),ST-787,80,8,10,127.02427673,37.5055809
2026-06-15T03:42:54.832912+09:00,신논현역·논현역,신논현역·논현역,POI037,KEY_2,4347. 논현지하보도,ST-3332,100,10,10,127.02232361,37.50836945
2026-06-15T03:42:54.832912+09:00,신림역,신림역,POI039,KEY_4,2175. 신림동걷고싶은문화의거리입구,ST-1270,100,7,7,126.92870331,37.48730087
2026-06-15T03:42:54.832912+09:00,신림역,신림역,POI039,KEY_4,2102. 봉림교 교통섬,ST-702,85,11,13,126.92688751,37.48408508
2026-06-15T03:42:54.832912+09:00,신림역,신림역,POI039,KEY_4,2136. 신림역 8번출구,ST-976,13,1,8,126.93006897,37.48450851
2026-06-15T03:42:54.832912+09:00,신정네거리역,신정네거리역,POI117,KEY_1,722. 경서농협 버스정류장(우리은행신정동지점방향),ST-993,180,18,10,126.85738373,37.52151108
2026-06-15T03:42:54.832912+09:00,신정네거리역,신정네거리역,POI117,KEY_1,706. 신정네거리역,ST-313,107,16,15,126.85175323,37.5218811
2026-06-15T03:42:54.832912+09:00,신정네거리역,신정네거리역,POI117,KEY_1,4509. 서울영상고교 입구,ST-2761,200,30,15,126.85928345,37.52198029
2026-06-15T03:42:54.832912+09:00,신정네거리역,신정네거리역,POI117,KEY_1,4510. 신정네거리역 교차로,ST-2762,23,3,13,126.85228729,37.52175903
2026-06-15T03:42:54.832912+09:00,신정네거리역,신정네거리역,POI117,KEY_1,4507. 신정제일시장,ST-2759,80,8,10,126.85499573,37.52122498
2026-06-15T03:42:54.832912+09:00,신촌·이대역,신촌·이대역,POI040,KEY_2,128. 신촌역(2호선) 1번출구 옆,ST-30,0,0,19,126.93634033,37.55549622
2026-06-15T03:42:54.832912+09:00,신촌·이대역,신촌·이대역,POI040,KEY_2,134. 연세로 명물길,ST-36,88,7,8,126.93807983,37.55789185
2026-06-15T03:42:54.832912+09:00,신촌·이대역,신촌·이대역,POI040,KEY_2,129. 신촌역(2호선) 6번출구 옆,ST-31,30,3,10,126.93756866,37.55505371
2026-06-15T03:42:54.832912+09:00,신촌·이대역,신촌·이대역,POI040,KEY_2,135. 명물길 원형무대 앞,ST-37,70,7,10,126.93984222,37.55922699
2026-06-15T03:42:54.832912+09:00,신촌·이대역,신촌·이대역,POI040,KEY_2,137. 신촌기차역입구 교차로,ST-39,10,1,10,126.9431839,37.55681229
2026-06-15T03:42:54.832912+09:00,신촌·이대역,신촌·이대역,POI040,KEY_2,150. 서강대역 2번출구 앞,ST-207,7,1,15,126.93434143,37.55295563
2026-06-15T03:42:54.832912+09:00,신촌·이대역,신촌·이대역,POI040,KEY_2,130. 신촌역(2호선) 7번출구 앞,ST-32,0,0,10,126.93626404,37.5550499
2026-06-15T03:42:54.832912+09:00,신촌·이대역,신촌·이대역,POI040,KEY_2,3116.신촌역 4번출구,ST-2201,0,0,10,126.93720245,37.55550385
2026-06-15T03:42:54.832912+09:00,신촌·이대역,신촌·이대역,POI040,KEY_2,4248. 신촌 교보빌딩,ST-3021,0,0,10,126.94034576,37.5560112
2026-06-15T03:42:54.832912+09:00,신촌·이대역,신촌·이대역,POI040,KEY_2,4274. 신촌 파랑고래 입구,ST-3140,10,1,10,126.93603516,37.55687714
2026-06-15T03:42:54.832912+09:00,쌍문역,쌍문역,POI070,KEY_3,1709. 쌍문역4번출구 주변,ST-616,76,13,17,127.03534698,37.65012741
2026-06-15T03:42:54.832912+09:00,쌍문역,쌍문역,POI070,KEY_3,1774.정의여중고 버스정류소,ST-2119,275,22,8,127.034729,37.65134811
2026-06-15T03:42:54.832912+09:00,쌍문역,쌍문역,POI070,KEY_3,1754. 창동시장입구 사거리,ST-2099,55,6,11,127.03343201,37.64689636
2026-06-15T03:42:54.832912+09:00,쌍문역,쌍문역,POI070,KEY_3,4054. 창동한신아파트 버스정류소,ST-2722,300,30,10,127.03527069,37.64601898
2026-06-15T03:42:54.832912+09:00,양재역,양재역,POI041,KEY_4,2242.양재역 10번 출구 앞,ST-767,0,0,20,127.03417969,37.48398972
2026-06-15T03:42:54.832912+09:00,양재역,양재역,POI041,KEY_4,2333. 양재역 3번출구 주변,ST-816,71,10,14,127.03407288,37.48515701
2026-06-15T03:42:54.832912+09:00,양재역,양재역,POI041,KEY_4,2293. SPC 앞,ST-1360,50,5,10,127.03699493,37.48479843
2026-06-15T03:42:54.832912+09:00,양재역,양재역,POI041,KEY_4,4329. SC제일은행 양재동지점 앞,ST-2962,50,4,8,127.03315735,37.48573685
2026-06-15T03:42:54.832912+09:00,역삼역,역삼역,POI042,KEY_1,2410. 포스코피앤에스타워 (역삼역 3번출구 부근),ST-1680,80,8,10,127.03375244,37.49959946
2026-06-15T03:42:54.832912+09:00,역삼역,역삼역,POI042,KEY_1,2430.강남파이낸스센터앞(역삼역2번출구),ST-1896,110,11,10,127.03605652,37.50024414
2026-06-15T03:42:54.832912+09:00,역삼역,역삼역,POI042,KEY_1,2349. 역삼빌딩 앞(하나은행 옆),ST-959,117,14,12,127.03856659,37.50154495
2026-06-15T03:42:54.832912+09:00,연신내역,연신내역,POI043,KEY_2,949. 연신내역 1번 출구,ST-1035,250,15,6,126.92080688,37.61978149
2026-06-15T03:42:54.832912+09:00,연신내역,연신내역,POI043,KEY_2,906. 연신내역 5번출구,ST-454,63,5,8,126.91957855,37.61721039
2026-06-15T03:42:54.832912+09:00,연신내역,연신내역,POI043,KEY_2,922. 연신내역 4번출구,ST-470,10,1,10,126.92196655,37.61780167
2026-06-15T03:42:54.832912+09:00,오목교역·목동운동장,오목교역·목동운동장,POI044,KEY_3,771.목동아파트 703동 앞,ST-1997,150,12,8,126.87016296,37.52820587
2026-06-15T03:42:54.832912+09:00,오목교역·목동운동장,오목교역·목동운동장,POI044,KEY_3,756. 목동주차장,ST-1497,20,3,15,126.8761673,37.52667999
2026-06-15T03:42:54.832912+09:00,오목교역·목동운동장,오목교역·목동운동장,POI044,KEY_3,769.CBS방송국 앞,ST-1995,230,46,20,126.87467194,37.52785492
2026-06-15T03:42:54.832912+09:00,오목교역·목동운동장,오목교역·목동운동장,POI044,KEY_3,792.목동트라팰리스 웨스턴에비뉴,ST-2017,25,5,20,126.8709259,37.52537155
2026-06-15T03:42:54.832912+09:00,오목교역·목동운동장,오목교역·목동운동장,POI044,KEY_3,748. 목동운동장,ST-1019,67,10,15,126.87930298,37.53025055
2026-06-15T03:42:54.832912+09:00,오목교역·목동운동장,오목교역·목동운동장,POI044,KEY_3,791.현대하이페리온,ST-2016,153,23,15,126.86980438,37.52490234
2026-06-15T03:42:54.832912+09:00,오목교역·목동운동장,오목교역·목동운동장,POI044,KEY_3,703. 오목교역 7번출구 앞,ST-311,17,2,12,126.87524414,37.52362823
2026-06-15T03:42:54.832912+09:00,오목교역·목동운동장,오목교역·목동운동장,POI044,KEY_3,723. SBS방송국,ST-994,133,20,15,126.87274933,37.52916336
2026-06-15T03:42:54.832912+09:00,오목교역·목동운동장,오목교역·목동운동장,POI044,KEY_3,762. 오목로 무중력지대 앞,ST-1503,140,14,10,126.87766266,37.52474213
2026-06-15T03:42:54.832912+09:00,오목교역·목동운동장,오목교역·목동운동장,POI044,KEY_3,765. 오목교역 3번출구,ST-1731,0,0,12,126.87548065,37.52477646
2026-06-15T03:42:54.832912+09:00,오목교역·목동운동장,오목교역·목동운동장,POI044,KEY_3,731. 서울시 도로환경관리센터,ST-1002,110,11,10,126.87654114,37.5298996
2026-06-15T03:42:54.832912+09:00,오목교역·목동운동장,오목교역·목동운동장,POI044,KEY_3,747. 목동3단지 상가,ST-1018,10,1,10,126.8756485,37.53458023
2026-06-15T03:42:54.832912+09:00,오목교역·목동운동장,오목교역·목동운동장,POI044,KEY_3,4543. 오목교역 6번 출구,ST-3163,100,9,9,126.87567139,37.5236702
2026-06-15T03:42:54.832912+09:00,오목교역·목동운동장,오목교역·목동운동장,POI044,KEY_3,4514. 목동성당 앞,ST-2764,115,23,20,126.86930084,37.52319717
2026-06-15T03:42:54.832912+09:00,오목교역·목동운동장,오목교역·목동운동장,POI044,KEY_3,4546. 목동운동장 주경기장,ST-3227,213,64,30,126.88307953,37.52937698
2026-06-15T03:42:54.832912+09:00,오목교역·목동운동장,오목교역·목동운동장,POI044,KEY_3,4532. 목동현대아파트 후문 앞,ST-2879,190,19,10,126.87805939,37.5221405
2026-06-15T03:42:54.832912+09:00,왕십리역,왕십리역,POI045,KEY_4,558. 성동광진 교육지원청 앞,ST-359,70,14,20,127.03652191,37.56460571
2026-06-15T03:42:54.832912+09:00,왕십리역,왕십리역,POI045,KEY_4,525. 한양대병원사거리,ST-241,10,2,20,127.04035187,37.55805206
2026-06-15T03:42:54.832912+09:00,왕십리역,왕십리역,POI045,KEY_4,559. 왕십리역 4번 출구 건너편,ST-360,0,0,13,127.03679657,37.56109619
2026-06-15T03:42:54.832912+09:00,왕십리역,왕십리역,POI045,KEY_4,3561.행당동 삼부APT후문,ST-2343,40,4,10,127.03839874,37.55926895
2026-06-15T03:42:54.832912+09:00,왕십리역,왕십리역,POI045,KEY_4,3545.한양대역 1번출구,ST-2327,70,7,10,127.04335785,37.55657959
2026-06-15T03:42:54.832912+09:00,용산역,용산역,POI046,KEY_1,853.용산역 맞은편,ST-2177,0,0,19,126.96595001,37.52841568
2026-06-15T03:42:54.832912+09:00,용산역,용산역,POI046,KEY_1,806. 전자랜드 본관 앞,ST-327,35,7,20,126.96073151,37.5330658
2026-06-15T03:42:54.832912+09:00,용산역,용산역,POI046,KEY_1,845. 용산 선인상가,ST-1615,19,3,16,126.96437836,37.53269958
2026-06-15T03:42:54.832912+09:00,용산역,용산역,POI046,KEY_1,4617. 동원베네스트 건너편,ST-2448,100,6,6,126.95511627,37.52761078
2026-06-15T03:42:54.832912+09:00,용산역,용산역,POI046,KEY_1,4616. 신용산지하차도 앞,ST-2447,7,1,15,126.96411896,37.53248215
2026-06-15T03:42:54.832912+09:00,잠실새내역,잠실새내역,POI118,KEY_3,1222. 잠실새내역 5번 출구 뒤,ST-547,74,17,23,127.08505249,37.51198196
2026-06-15T03:42:54.832912+09:00,잠실새내역,잠실새내역,POI118,KEY_3,1224. 아시아지하보도 2번 출구,ST-548,73,11,15,127.07893372,37.51216888
2026-06-15T03:42:54.832912+09:00,잠실새내역,잠실새내역,POI118,KEY_3,2637. 아시아지하보도 14번 출구,ST-1864,40,6,15,127.07881165,37.51146317
2026-06-15T03:42:54.832912+09:00,잠실새내역,잠실새내역,POI118,KEY_3,2635.잠실새내역 1번출구,ST-1862,0,0,21,127.08673859,37.51129532
2026-06-15T03:42:54.832912+09:00,잠실역,잠실역,POI119,KEY_4,1232. 잠실주공 521동 건너편,ST-550,0,0,10,127.09568787,37.51184082
2026-06-15T03:42:54.832912+09:00,잠실역,잠실역,POI119,KEY_4,1210. 롯데월드타워(잠실역2번출구 쪽),ST-891,0,0,30,127.10095978,37.51312637
2026-06-15T03:42:54.832912+09:00,잠실역,잠실역,POI119,KEY_4,1231. 잠실역 6번출구,ST-840,8,1,13,127.09902954,37.51408768
2026-06-15T03:42:54.832912+09:00,잠실역,잠실역,POI119,KEY_4,2647.잠실 자전거 수리센터 앞,ST-1868,0,0,7,127.10114288,37.51100922
2026-06-15T03:42:54.832912+09:00,장지역,장지역,POI048,KEY_1,1266. 문정동 글샘 공원,ST-1085,10,1,10,127.12000275,37.47880936
2026-06-15T03:42:54.832912+09:00,장지역,장지역,POI048,KEY_1,1245. 문정 법조단지9,ST-905,0,0,10,127.12532806,37.47946548
2026-06-15T03:42:54.832912+09:00,장지역,장지역,POI048,KEY_1,1244. 문정 법조단지8,ST-904,100,11,11,127.12212372,37.48153687
2026-06-15T03:42:54.832912+09:00,장지역,장지역,POI048,KEY_1,1246. 문정 법조단지10,ST-906,3,1,30,127.12632751,37.47750854
2026-06-15T03:42:54.832912+09:00,장지역,장지역,POI048,KEY_1,1247. 문정 법조단지11,ST-907,0,0,15,127.12351227,37.4788208
2026-06-15T03:42:54.832912+09:00,장지역,장지역,POI048,KEY_1,4491. 장지역 1번출구,ST-2599,20,2,10,127.12678528,37.47953415
2026-06-15T03:42:54.832912+09:00,장지역,장지역,POI048,KEY_1,4885. 가든파이브 리빙관,ST-2985,113,9,8,127.123703,37.47709656
2026-06-15T03:42:54.832912+09:00,장한평역,장한평역,POI049,KEY_2,529. 장한평역 8번 출구 앞,ST-243,513,41,8,127.06365967,37.56137085
2026-06-15T03:42:54.832912+09:00,장한평역,장한평역,POI049,KEY_2,626. 군자교 서측 녹지대,ST-394,288,49,17,127.07096863,37.56115341
2026-06-15T03:42:54.832912+09:00,장한평역,장한평역,POI049,KEY_2,4385. 용답동 우체국 주변,ST-3099,240,12,5,127.06151581,37.56168747
2026-06-15T03:42:54.832912+09:00,장한평역,장한평역,POI049,KEY_2,4105. 서울교통공사사거리 교통섬,ST-2499,170,17,10,127.05799103,37.56324005
2026-06-15T03:42:54.832912+09:00,천호역,천호역,POI050,KEY_3,1009. 천호역4번출구(현대백화점),ST-493,0,0,20,127.12424469,37.53866577
2026-06-15T03:42:54.832912+09:00,천호역,천호역,POI050,KEY_3,1264. 천호역 10번 출구 앞,ST-1083,0,0,8,127.12280273,37.53858185
2026-06-15T03:42:54.832912+09:00,천호역,천호역,POI050,KEY_3,3657. 서울천호동우체국,ST-2732,440,44,10,127.12576294,37.54074097
2026-06-15T03:42:54.832912+09:00,총신대입구(이수)역,총신대입구(이수)역,POI051,KEY_4,2264. 이수역 1번출구,ST-935,78,7,9,126.98271942,37.48897171
2026-06-15T03:42:54.832912+09:00,총신대입구(이수)역,총신대입구(이수)역,POI051,KEY_4,2032. 이수역 11번출구쪽,ST-923,130,13,10,126.98162079,37.48550797
2026-06-15T03:42:54.832912+09:00,총신대입구(이수)역,총신대입구(이수)역,POI051,KEY_4,2082.7호선 이수역7번출구,ST-2355,20,2,10,126.98179626,37.4846077
2026-06-15T03:42:54.832912+09:00,총신대입구(이수)역,총신대입구(이수)역,POI051,KEY_4,2511. 이수역 6번출구 앞,ST-1739,140,14,10,126.98234558,37.48398972
2026-06-15T03:42:54.832912+09:00,총신대입구(이수)역,총신대입구(이수)역,POI051,KEY_4,2091. 이수역9번출구,ST-2364,180,27,15,126.98059082,37.48470306
2026-06-15T03:42:54.832912+09:00,충정로역,충정로역,POI052,KEY_1,180. 충정로역 7번출구 아래,ST-233,40,4,10,126.96246338,37.55996704
2026-06-15T03:42:54.832912+09:00,충정로역,충정로역,POI052,KEY_1,3114.충정로역 3번 출구,ST-2198,0,0,7,126.96552277,37.56046295
2026-06-15T03:42:54.832912+09:00,충정로역,충정로역,POI052,KEY_1,3134.SK리쳄블(서울아리수본부),ST-2219,50,5,10,126.96658325,37.56131744
2026-06-15T03:42:54.832912+09:00,충정로역,충정로역,POI052,KEY_1,4266.국민연금공단충정로사옥,ST-3027,22,2,9,126.96414948,37.56184769
2026-06-15T03:42:54.832912+09:00,충정로역,충정로역,POI052,KEY_1,4801. 충정로역 2호선(엘리베이터 앞),ST-3053,0,0,5,126.96414185,37.55937576
2026-06-15T03:42:54.832912+09:00,충정로역,충정로역,POI052,KEY_1,4271. 충정로역 1번 출구,ST-3107,57,4,7,126.96305847,37.55942535
2026-06-15T03:42:54.832912+09:00,충정로역,충정로역,POI052,KEY_1,4752. 삼성사이버빌리지아파트,ST-2624,71,5,7,126.96485901,37.55891418
2026-06-15T03:42:54.832912+09:00,합정역,합정역,POI053,KEY_2,497.합정동주민센터 앞,ST-2156,4,1,25,126.91230011,37.551754
2026-06-15T03:42:54.832912+09:00,합정역,합정역,POI053,KEY_2,105. 합정역 5번출구 앞,ST-7,0,0,5,126.91482544,37.55000687
2026-06-15T03:42:54.832912+09:00,합정역,합정역,POI053,KEY_2,106. 합정역 7번출구 앞,ST-8,0,0,12,126.91282654,37.54864502
2026-06-15T03:42:54.832912+09:00,합정역,합정역,POI053,KEY_2,4211. 시석빌딩 앞,ST-2534,0,0,8,126.91671753,37.54836655
2026-06-15T03:42:54.832912+09:00,혜화역,혜화역,POI054,KEY_3,341. 혜화역 3번출구 뒤,ST-157,13,1,8,127.00178528,37.58156967
2026-06-15T03:42:54.832912+09:00,혜화역,혜화역,POI054,KEY_3,358. 성균관대입구 사거리 A,ST-173,15,2,13,126.99853516,37.58250046
2026-06-15T03:42:54.832912+09:00,혜화역,혜화역,POI054,KEY_3,342. 대학로 마로니에공원,ST-158,32,7,22,127.00234222,37.58044434
2026-06-15T03:42:54.832912+09:00,혜화역,혜화역,POI054,KEY_3,3420. 성균관대입구 사거리 B,ST-1817,20,2,10,126.99885559,37.58327484
2026-06-15T03:42:54.832912+09:00,혜화역,혜화역,POI054,KEY_3,3421.혜화역 1번출구,ST-1818,0,0,10,127.00185394,37.58385468
2026-06-15T03:42:54.832912+09:00,혜화역,혜화역,POI054,KEY_3,3419.국립어린이과학관,ST-1816,0,0,14,126.99736786,37.58194733
2026-06-15T03:42:54.832912+09:00,홍대입구역(2호선),홍대입구역(2호선),POI055,KEY_4,113. 홍대입구역 2번출구 앞,ST-18,0,0,28,126.9238205,37.5574379
2026-06-15T03:42:54.832912+09:00,홍대입구역(2호선),홍대입구역(2호선),POI055,KEY_4,114. 홍대입구역 8번출구 앞,ST-20,0,0,15,126.92442322,37.55706024
2026-06-15T03:42:54.832912+09:00,회기역,회기역,POI056,KEY_1,680.꿈마루어린이도서관 앞,ST-2280,82,18,22,127.05741119,37.59238434
2026-06-15T03:42:54.832912+09:00,회기역,회기역,POI056,KEY_1,670.삼육서울병원 버스정류장,ST-2270,133,12,9,127.06151581,37.5896759
2026-06-15T04:40:40.021314+09:00,광화문·덕수궁,광화문·덕수궁,POI009,KEY_2,310. 청계광장 옆,ST-126,0,0,8,126.9774704,37.56887817
2026-06-15T04:40:40.021314+09:00,광화문·덕수궁,광화문·덕수궁,POI009,KEY_2,391. 시립미술관,ST-977,0,0,8,126.97340393,37.56505203
2026-06-15T04:40:40.021314+09:00,광화문·덕수궁,광화문·덕수궁,POI009,KEY_2,4719. 종로문화원 건너편,ST-3090,0,0,15,126.9805069,37.57571411
2026-06-15T04:40:40.021314+09:00,광화문·덕수궁,광화문·덕수궁,POI009,KEY_2,6058. 시청역 2번출구,ST-3297,7,1,15,126.97702026,37.56557846
2026-06-15T04:40:40.021314+09:00,광화문·덕수궁,광화문·덕수궁,POI009,KEY_2,4796. 서울시청,ST-2693,0,0,20,126.97925568,37.5664711
2026-06-15T04:40:40.021314+09:00,보신각,보신각,POI010,KEY_3,316. 종각역 1번출구 앞,ST-132,13,1,8,126.98178864,37.57039642
2026-06-15T04:40:40.021314+09:00,보신각,보신각,POI010,KEY_3,385. 종각역 5번출구,ST-336,0,0,10,126.98265839,37.56983566
2026-06-15T04:40:40.021314+09:00,보신각,보신각,POI010,KEY_3,3408.종로타워빌딩,ST-1805,0,0,13,126.98323822,37.57070541
2026-06-15T04:40:40.021314+09:00,보신각,보신각,POI010,KEY_3,4708. 조계사앞사거리,ST-2472,0,0,6,126.98283386,37.5721817
2026-06-15T04:40:40.021314+09:00,서울 암사동 유적,서울 암사동 유적,POI011,KEY_4,1007.암사동 선사유적지,ST-491,36,5,14,127.13087463,37.55955887
2026-06-15T04:40:40.021314+09:00,서울 암사동 유적,서울 암사동 유적,POI011,KEY_4,3539. 서원마을,ST-1686,150,15,10,127.13283539,37.56379318
2026-06-15T04:40:40.021314+09:00,창덕궁·종묘,창덕궁·종묘,POI012,KEY_1,339. 종로4가 사거리,ST-155,20,2,10,126.99819183,37.57106781
2026-06-15T04:40:40.021314+09:00,창덕궁·종묘,창덕궁·종묘,POI012,KEY_1,337. 창경궁 입구,ST-153,140,7,5,126.99647522,37.57897949
2026-06-15T04:40:40.021314+09:00,창덕궁·종묘,창덕궁·종묘,POI012,KEY_1,359. 원남동사거리,ST-174,25,2,8,126.99768066,37.57606125
2026-06-15T04:40:40.021314+09:00,창덕궁·종묘,창덕궁·종묘,POI012,KEY_1,338. 세운스퀘어 앞,ST-154,0,0,18,126.99712372,37.57095718
2026-06-15T04:40:40.021314+09:00,창덕궁·종묘,창덕궁·종묘,POI012,KEY_1,3411.종묘,ST-1808,44,4,9,126.99437714,37.57072067
2026-06-15T04:40:40.021314+09:00,창덕궁·종묘,창덕궁·종묘,POI012,KEY_1,3410.종로3가역 8번출구,ST-1807,0,0,10,126.99188995,37.5724678
2026-06-15T04:40:40.021314+09:00,창덕궁·종묘,창덕궁·종묘,POI012,KEY_1,3413.종로플레이스,ST-1810,77,17,22,126.99796295,37.57320023
2026-06-15T04:40:40.021314+09:00,동대문 관광특구,동대문 관광특구,POI002,KEY_3,383. 신당역 12번 출구 뒤,ST-198,125,30,24,127.01642609,37.56591797
2026-06-15T04:40:40.021314+09:00,동대문 관광특구,동대문 관광특구,POI002,KEY_3,474.동대문역사문화공원역 1번출구 뒤편,ST-1780,8,3,40,127.00849152,37.56629944
2026-06-15T04:40:40.021314+09:00,동대문 관광특구,동대문 관광특구,POI002,KEY_3,475.DDP 패션몰,ST-1781,14,3,21,127.0118103,37.56764984
2026-06-15T04:40:40.021314+09:00,동대문 관광특구,동대문 관광특구,POI002,KEY_3,346. 맥스타일 앞,ST-162,50,5,10,127.01014709,37.5689621
2026-06-15T04:40:40.021314+09:00,동대문 관광특구,동대문 관광특구,POI002,KEY_3,347. 동대문역사문화공원역 9번출구 앞,ST-163,39,7,18,127.00784302,37.56533051
2026-06-15T04:40:40.021314+09:00,동대문 관광특구,동대문 관광특구,POI002,KEY_3,6061.충무아트센터,ST-3381,150,15,10,127.01522064,37.56538773
2026-06-15T04:40:40.021314+09:00,동대문 관광특구,동대문 관광특구,POI002,KEY_3,4765. 동대문디자인플라자,ST-2431,70,14,20,127.00946045,37.5683136
2026-06-15T04:40:40.021314+09:00,명동 관광특구,명동 관광특구,POI003,KEY_4,324. 신세계백화점 본점 앞,ST-140,0,0,8,126.9805069,37.56134415
2026-06-15T04:40:40.021314+09:00,명동 관광특구,명동 관광특구,POI003,KEY_4,318. 광교사거리 남측,ST-134,10,1,10,126.98231506,37.56863403
2026-06-15T04:40:40.021314+09:00,명동 관광특구,명동 관광특구,POI003,KEY_4,310. 청계광장 옆,ST-126,0,0,8,126.9774704,37.56887817
2026-06-15T04:40:40.021314+09:00,명동 관광특구,명동 관광특구,POI003,KEY_4,466.롯데호텔,ST-1772,0,0,13,126.97981262,37.56584167
2026-06-15T04:40:40.021314+09:00,명동 관광특구,명동 관광특구,POI003,KEY_4,321. KEB 하나금융그룹 명동사옥 옆,ST-137,0,0,15,126.98413849,37.56546402
2026-06-15T04:40:40.021314+09:00,명동 관광특구,명동 관광특구,POI003,KEY_4,433. 을지로입구역 2번출구,ST-1668,0,0,12,126.98229218,37.56634521
2026-06-15T04:40:40.021314+09:00,명동 관광특구,명동 관광특구,POI003,KEY_4,322. 명동성당 앞,ST-138,0,0,10,126.98696899,37.56447601
2026-06-15T04:40:40.021314+09:00,명동 관광특구,명동 관광특구,POI003,KEY_4,320. 을지로입구역 4번출구 앞,ST-136,0,0,17,126.98358917,37.56622314
2026-06-15T04:40:40.021314+09:00,명동 관광특구,명동 관광특구,POI003,KEY_4,331. 을지로2가 사거리 북측,ST-147,0,0,10,126.98720551,37.56638336
2026-06-15T04:40:40.021314+09:00,명동 관광특구,명동 관광특구,POI003,KEY_4,398. 을지로3가역 3번출구,ST-1435,0,0,8,126.99249268,37.56660461
2026-06-15T04:40:40.021314+09:00,명동 관광특구,명동 관광특구,POI003,KEY_4,3013.서울지방고용노동청 앞,ST-2422,0,0,7,126.98725891,37.56760406
2026-06-15T04:40:40.021314+09:00,명동 관광특구,명동 관광특구,POI003,KEY_4,4775. 을지로지하쇼핑센터,ST-2521,0,0,10,126.98445129,37.56589127
2026-06-15T04:40:40.021314+09:00,명동 관광특구,명동 관광특구,POI003,KEY_4,4762. 국제빌딩,ST-2517,0,0,10,126.98244476,37.56694794
2026-06-15T04:40:40.021314+09:00,명동 관광특구,명동 관광특구,POI003,KEY_4,6058. 시청역 2번출구,ST-3297,7,1,15,126.97702026,37.56557846
2026-06-15T04:40:40.021314+09:00,명동 관광특구,명동 관광특구,POI003,KEY_4,4774. 을지로입구역 8번출구,ST-2520,0,0,9,126.98178101,37.56590271
2026-06-15T04:40:40.021314+09:00,명동 관광특구,명동 관광특구,POI003,KEY_4,4791. 명동역9번 출구,ST-2527,0,0,10,126.98749542,37.56122589
2026-06-15T04:40:40.021314+09:00,명동 관광특구,명동 관광특구,POI003,KEY_4,4776. 신세계면세점,ST-2522,0,0,10,126.98139191,37.56027603
2026-06-15T04:40:40.021314+09:00,명동 관광특구,명동 관광특구,POI003,KEY_4,4796. 서울시청,ST-2693,0,0,20,126.97925568,37.5664711
2026-06-15T04:40:40.021314+09:00,이태원 관광특구,이태원 관광특구,POI004,KEY_1,854.HID 유족동지회 앞,ST-2178,0,0,10,127.0014801,37.53850937
2026-06-15T04:40:40.021314+09:00,이태원 관광특구,이태원 관광특구,POI004,KEY_1,857. 현대 안성타워,ST-2181,0,0,10,126.99797058,37.53508759
2026-06-15T04:40:40.021314+09:00,이태원 관광특구,이태원 관광특구,POI004,KEY_1,843. 이태원관광특구 입구(용산구청방향),ST-1445,0,0,19,126.98867035,37.53379822
2026-06-15T04:40:40.021314+09:00,이태원 관광특구,이태원 관광특구,POI004,KEY_1,4623. 라인프랜즈이태원점 앞,ST-2453,0,0,10,126.99619293,37.53453064
2026-06-15T04:40:40.021314+09:00,이태원 관광특구,이태원 관광특구,POI004,KEY_1,4613. 서울갤러리아 앞,ST-2445,0,0,5,126.99937439,37.53597641
2026-06-15T04:40:40.021314+09:00,이태원 관광특구,이태원 관광특구,POI004,KEY_1,4634. 이태원역 3번 출구,ST-3056,0,0,5,126.99497223,37.5343895
2026-06-15T04:40:40.021314+09:00,이태원 관광특구,이태원 관광특구,POI004,KEY_1,4612. 이태원로 255,ST-2444,20,1,5,127.00084686,37.53749847
2026-06-15T04:40:40.021314+09:00,잠실 관광특구,잠실 관광특구,POI005,KEY_2,1232. 잠실주공 521동 건너편,ST-550,0,0,10,127.09568787,37.51184082
2026-06-15T04:40:40.021314+09:00,잠실 관광특구,잠실 관광특구,POI005,KEY_2,1210. 롯데월드타워(잠실역2번출구 쪽),ST-891,7,2,30,127.10095978,37.51312637
2026-06-15T04:40:40.021314+09:00,잠실 관광특구,잠실 관광특구,POI005,KEY_2,1268. 몽촌토성역 1번출구 옆,ST-1087,7,1,15,127.11419678,37.51728821
2026-06-15T04:40:40.021314+09:00,잠실 관광특구,잠실 관광특구,POI005,KEY_2,1297. 석촌호수교차로(동호 팔각정 앞),ST-1586,0,0,15,127.10411835,37.50920105
2026-06-15T04:40:40.021314+09:00,잠실 관광특구,잠실 관광특구,POI005,KEY_2,1233. 잠실3거리(갤러리아팰리스),ST-551,22,2,9,127.09336853,37.51050949
2026-06-15T04:40:40.021314+09:00,잠실 관광특구,잠실 관광특구,POI005,KEY_2,1296. 석촌호수교차로 (송파나루근린공원 앞),ST-1585,0,0,10,127.1034317,37.50867844
2026-06-15T04:40:40.021314+09:00,잠실 관광특구,잠실 관광특구,POI005,KEY_2,1267. 올림픽공원 남2문 앞,ST-1086,7,1,14,127.12306976,37.51424026
2026-06-15T04:40:40.021314+09:00,잠실 관광특구,잠실 관광특구,POI005,KEY_2,2601. 석촌호수 아뜰리에,ST-1590,25,4,16,127.09883118,37.5067482
2026-06-15T04:40:40.021314+09:00,잠실 관광특구,잠실 관광특구,POI005,KEY_2,2647.잠실 자전거 수리센터 앞,ST-1868,0,0,7,127.10114288,37.51100922
2026-06-15T04:40:40.021314+09:00,잠실 관광특구,잠실 관광특구,POI005,KEY_2,2608. 송파구청,ST-1681,10,1,10,127.10611725,37.51499176
2026-06-15T04:40:40.021314+09:00,잠실 관광특구,잠실 관광특구,POI005,KEY_2,2621. 한성백제역 2번 출구,ST-1719,27,4,15,127.11625671,37.51665878
2026-06-15T04:40:40.021314+09:00,잠실 관광특구,잠실 관광특구,POI005,KEY_2,2622. 올림픽공원역 3번출구,ST-1720,0,0,20,127.13059235,37.51625824
2026-06-15T04:40:40.021314+09:00,잠실 관광특구,잠실 관광특구,POI005,KEY_2,5768.방이삼거리,ST-3214,33,4,12,127.10822296,37.51237488
2026-06-15T04:40:40.021314+09:00,잠실 관광특구,잠실 관광특구,POI005,KEY_2,4464. 올림픽공원 북2문 A,ST-2580,27,4,15,127.12804413,37.52357483
2026-06-15T04:40:40.021314+09:00,잠실 관광특구,잠실 관광특구,POI005,KEY_2,5781. 올림픽공원 수영장,ST-3300,79,11,14,127.12688446,37.52157211
2026-06-15T04:40:40.021314+09:00,잠실 관광특구,잠실 관광특구,POI005,KEY_2,4481. 올림픽공원 북2문 B,ST-2592,88,22,25,127.12751007,37.52397537
2026-06-15T04:40:40.021314+09:00,잠실 관광특구,잠실 관광특구,POI005,KEY_2,4868. 석촌호수 서호 남단,ST-2833,40,4,10,127.10124207,37.50717163
2026-06-15T04:40:40.021314+09:00,잠실 관광특구,잠실 관광특구,POI005,KEY_2,4857. 올림픽공원 장미광장,ST-2621,0,0,15,127.126297,37.51275635
2026-06-15T04:40:40.021314+09:00,잠실 관광특구,잠실 관광특구,POI005,KEY_2,5751. 송파여성축구장,ST-3069,20,2,10,127.11743927,37.52471542
2026-06-15T04:40:40.021314+09:00,잠실 관광특구,잠실 관광특구,POI005,KEY_2,4865. 한성백제역 1번출구 뒤,ST-2797,100,5,5,127.1149826,37.51647949
2026-06-15T04:40:40.021314+09:00,잠실 관광특구,잠실 관광특구,POI005,KEY_2,4862. 성내교 남단,ST-2756,70,7,10,127.11588287,37.52301788
2026-06-15T04:40:40.021314+09:00,잠실 관광특구,잠실 관광특구,POI005,KEY_2,4856. 올림픽공원 서1문 앞,ST-2608,80,8,10,127.11457062,37.5202179
2026-06-15T04:40:40.021314+09:00,잠실 관광특구,잠실 관광특구,POI005,KEY_2,4870. 몽촌토성역 3번 출구,ST-2876,30,3,10,127.11232758,37.5170784
2026-06-15T04:40:40.021314+09:00,종로·청계 관광특구,종로·청계 관광특구,POI006,KEY_3,397. 종묘공영주차장 건너편,ST-1432,23,3,13,126.99663544,37.57048035
2026-06-15T04:40:40.021314+09:00,종로·청계 관광특구,종로·청계 관광특구,POI006,KEY_3,368. SK 서린빌딩 앞,ST-181,0,0,15,126.98053741,37.5692482
2026-06-15T04:40:40.021314+09:00,종로·청계 관광특구,종로·청계 관광특구,POI006,KEY_3,385. 종각역 5번출구,ST-336,0,0,10,126.98265839,37.56983566
2026-06-15T04:40:40.021314+09:00,종로·청계 관광특구,종로·청계 관광특구,POI006,KEY_3,393. 동대문역 8번 출구,ST-1372,50,6,12,127.00937653,37.57014084
2026-06-15T04:40:40.021314+09:00,종로·청계 관광특구,종로·청계 관광특구,POI006,KEY_3,335. 종로3가역 15번출구 뒤,ST-151,0,0,10,126.99165344,37.57019424
2026-06-15T04:40:40.021314+09:00,종로·청계 관광특구,종로·청계 관광특구,POI006,KEY_3,329. 청계2가 사거리 옆,ST-145,25,2,8,126.98788452,37.56848526
2026-06-15T04:40:40.021314+09:00,종로·청계 관광특구,종로·청계 관광특구,POI006,KEY_3,455. 종로6가역 버스정류장(동대문 방향),ST-1608,63,5,8,127.00605774,37.570961
2026-06-15T04:40:40.021314+09:00,종로·청계 관광특구,종로·청계 관광특구,POI006,KEY_3,3412.세운상가,ST-1809,0,0,15,126.99454498,37.5703125
2026-06-15T04:40:40.021314+09:00,종로·청계 관광특구,종로·청계 관광특구,POI006,KEY_3,3432.종로2가 사거리,ST-1829,0,0,14,126.98880768,37.57001877
2026-06-15T04:40:40.021314+09:00,종로·청계 관광특구,종로·청계 관광특구,POI006,KEY_3,3415.동대문역6번출구,ST-1812,120,18,15,127.0107193,37.57147217
2026-06-15T04:40:40.021314+09:00,종로·청계 관광특구,종로·청계 관광특구,POI006,KEY_3,4707. 청계3가 사거리,ST-2513,40,2,5,126.99211884,37.56855774
2026-06-15T04:40:40.021314+09:00,홍대 관광특구,홍대 관광특구,POI007,KEY_4,113. 홍대입구역 2번출구 앞,ST-18,0,0,28,126.9238205,37.5574379
2026-06-15T04:40:40.021314+09:00,홍대 관광특구,홍대 관광특구,POI007,KEY_4,493.홍대입구역 6번출구,ST-2152,0,0,7,126.9288559,37.55657578
2026-06-15T04:40:40.021314+09:00,홍대 관광특구,홍대 관광특구,POI007,KEY_4,104. 합정역 1번출구 앞,ST-6,8,1,13,126.91508484,37.55073929
2026-06-15T04:40:40.021314+09:00,홍대 관광특구,홍대 관광특구,POI007,KEY_4,108. 서교동 사거리,ST-10,0,0,12,126.91861725,37.55274582
2026-06-15T04:40:40.021314+09:00,홍대 관광특구,홍대 관광특구,POI007,KEY_4,114. 홍대입구역 8번출구 앞,ST-20,0,0,15,126.92442322,37.55706024
2026-06-15T04:40:40.021314+09:00,홍대 관광특구,홍대 관광특구,POI007,KEY_4,3010.홍대입구역 3번출구,ST-2168,0,0,15,126.92538452,37.5582962
2026-06-15T04:40:40.021314+09:00,홍대 관광특구,홍대 관광특구,POI007,KEY_4,3009. 홍대입구역 사거리,ST-2167,0,0,20,126.92023468,37.55450058
2026-06-15T04:40:40.021314+09:00,홍대 관광특구,홍대 관광특구,POI007,KEY_4,4208. 스타벅스(동교동) 앞,ST-2532,0,0,10,126.91986847,37.5566597
2026-06-15T04:40:40.021314+09:00,홍대 관광특구,홍대 관광특구,POI007,KEY_4,4211. 시석빌딩 앞,ST-2534,0,0,8,126.91671753,37.54836655
2026-06-15T04:40:40.021314+09:00,국립중앙박물관·용산가족공원,국립중앙박물관·용산가족공원,POI089,KEY_1,855.이촌역5번출구 앞,ST-2179,120,12,10,126.97277069,37.52272415
2026-06-15T04:40:40.021314+09:00,국립중앙박물관·용산가족공원,국립중앙박물관·용산가족공원,POI089,KEY_1,863.이촌역2번 출구,ST-2187,20,2,10,126.977005,37.52177048
2026-06-15T04:40:40.021314+09:00,남산공원,남산공원,POI091,KEY_3,859.남산공원 야외식물원 앞,ST-2183,0,0,10,126.99586487,37.54188538
2026-06-15T04:40:40.021314+09:00,남산공원,남산공원,POI091,KEY_3,381. 장충체육관,ST-196,0,0,10,127.00698853,37.55853271
2026-06-15T04:40:40.021314+09:00,남산공원,남산공원,POI091,KEY_3,371. 동대입구역 6번출구 뒤,ST-186,20,2,10,127.00553894,37.55887222
2026-06-15T04:40:40.021314+09:00,남산공원,남산공원,POI091,KEY_3,4621. 남산도서관 앞,ST-3054,8,1,12,126.98201752,37.55240631
2026-06-15T04:40:40.021314+09:00,노들섬,노들섬,POI092,KEY_4,869.노들섬 동측 앞,ST-2239,60,6,10,126.95914459,37.51729584
2026-06-15T04:40:40.021314+09:00,노들섬,노들섬,POI092,KEY_4,870.노들섬 서측 앞,ST-2240,100,10,10,126.95829773,37.51731873
2026-06-15T04:40:40.021314+09:00,망원한강공원,망원한강공원,POI094,KEY_2,105. 합정역 5번출구 앞,ST-7,0,0,5,126.91482544,37.55000687
2026-06-15T04:40:40.021314+09:00,망원한강공원,망원한강공원,POI094,KEY_2,4217. 한강공원 망원나들목,ST-2905,25,5,20,126.89688873,37.55557632
2026-06-15T04:40:40.021314+09:00,망원한강공원,망원한강공원,POI094,KEY_2,5515.한강버스 망원 선착장,ST-3388,113,34,30,126.89590454,37.55466461
2026-06-15T04:40:40.021314+09:00,보라매공원,보라매공원,POI123,KEY_4,4181. 보라매공원역 2번출구,ST-3117,67,4,6,126.91781616,37.49582291
2026-06-15T04:40:40.021314+09:00,보라매공원,보라매공원,POI123,KEY_4,4179. 보라매병원역 1번출구,ST-3105,160,32,20,126.92362976,37.49304199
2026-06-15T04:40:40.021314+09:00,북서울꿈의숲,북서울꿈의숲,POI096,KEY_1,1548. 북서울 꿈의숲 서문,ST-1725,47,7,15,127.03781128,37.62268829
2026-06-15T04:40:40.021314+09:00,북서울꿈의숲,북서울꿈의숲,POI096,KEY_1,3718. 번동3단지 버스정류장,ST-2610,182,20,11,127.04390717,37.628685
2026-06-15T04:40:40.021314+09:00,북서울꿈의숲,북서울꿈의숲,POI096,KEY_1,1571.북서울 꿈의 숲 입구,ST-2401,170,17,10,127.03864288,37.62657166
2026-06-15T04:40:40.021314+09:00,서대문독립공원,서대문독립공원,POI124,KEY_2,367. 독립문역 3-1번출구,ST-180,169,22,13,126.95851898,37.57415771
2026-06-15T04:40:40.021314+09:00,서대문독립공원,서대문독립공원,POI124,KEY_2,3113. 독립문 앞,ST-2199,87,13,15,126.95974731,37.57220459
2026-06-15T04:40:40.021314+09:00,서대문독립공원,서대문독립공원,POI124,KEY_2,3427.인왕산 아이파크 정문,ST-1824,250,20,8,126.95584869,37.57666779
2026-06-15T04:40:40.021314+09:00,서대문독립공원,서대문독립공원,POI124,KEY_2,3426.독립문역 2번출구 뒤,ST-1823,150,15,10,126.95755005,37.57501602
2026-06-15T04:40:40.021314+09:00,서리풀공원·몽마르뜨공원,서리풀공원·몽마르뜨공원,POI098,KEY_3,4316. 고속터미널역 3번출구,ST-2667,20,5,25,127.0059433,37.50365829
2026-06-15T04:40:40.021314+09:00,서리풀공원·몽마르뜨공원,서리풀공원·몽마르뜨공원,POI098,KEY_3,4327. 몽마르뜨공원입구,ST-3009,64,7,11,127.0026474,37.4928894
2026-06-15T04:40:40.021314+09:00,서리풀공원·몽마르뜨공원,서리풀공원·몽마르뜨공원,POI098,KEY_3,4312. 반포미도2차아파트 옆,ST-2663,30,3,10,127.00653076,37.50320435
2026-06-15T04:40:40.021314+09:00,서울숲공원,서울숲공원,POI101,KEY_1,510. 뚝도아리수정수센터 버스정류소 옆,ST-107,193,29,15,127.04380035,37.54122162
2026-06-15T04:40:40.021314+09:00,서울숲공원,서울숲공원,POI101,KEY_1,3552.서울숲 공영주차장앞,ST-2334,100,19,19,127.04277039,37.54195786
2026-06-15T04:40:40.021314+09:00,서울숲공원,서울숲공원,POI101,KEY_1,4401.뚝섬유수지 공영주차장,ST-3393,50,5,10,127.042099,37.55018234
2026-06-15T04:40:40.021314+09:00,송현녹지광장,송현녹지광장,POI129,KEY_2,354. 포르투갈 대사관 앞,ST-170,20,2,10,126.98896027,37.57915497
2026-06-15T04:40:40.021314+09:00,송현녹지광장,송현녹지광장,POI129,KEY_2,314. 국립현대미술관,ST-130,0,0,10,126.98085785,37.5797081
2026-06-15T04:40:40.021314+09:00,송현녹지광장,송현녹지광장,POI129,KEY_2,353. 재동초교 앞 삼거리,ST-169,0,0,8,126.9849472,37.57938766
2026-06-15T04:40:40.021314+09:00,송현녹지광장,송현녹지광장,POI129,KEY_2,3407.안국동사거리(신),ST-1804,0,0,18,126.98339081,37.57580566
2026-06-15T04:40:40.021314+09:00,송현녹지광장,송현녹지광장,POI129,KEY_2,4719. 종로문화원 건너편,ST-3090,0,0,15,126.9805069,37.57571411
2026-06-15T04:40:40.021314+09:00,송현녹지광장,송현녹지광장,POI129,KEY_2,4705. 웰니스센터(민방위교육장 앞),ST-2565,50,3,6,126.98912811,37.57752991
2026-06-15T04:40:40.021314+09:00,어린이대공원,어린이대공원,POI104,KEY_2,500. 어린이대공원역 3번출구 앞,ST-97,200,10,5,127.07466888,37.54697037
2026-06-15T04:40:40.021314+09:00,어린이대공원,어린이대공원,POI104,KEY_2,574. 아차산역4번출구,ST-385,132,29,22,127.08898163,37.55184937
2026-06-15T04:40:40.021314+09:00,어린이대공원,어린이대공원,POI104,KEY_2,573. 구의문주차장 앞,ST-384,130,13,10,127.08473206,37.54523087
2026-06-15T04:40:40.021314+09:00,어린이대공원,어린이대공원,POI104,KEY_2,3529. 어린이대공원정문,ST-1603,33,5,15,127.07592773,37.54978943
2026-06-15T04:40:40.021314+09:00,어린이대공원,어린이대공원,POI104,KEY_2,3853. 어린이대공원역 2번출구,ST-2541,28,5,18,127.07470703,37.54764938
2026-06-15T04:40:40.021314+09:00,어린이대공원,어린이대공원,POI104,KEY_2,3507. 어린이회관,ST-1192,45,14,31,127.07800293,37.54595184
2026-06-15T04:40:40.021314+09:00,어린이대공원,어린이대공원,POI104,KEY_2,3860. 건국대학교 정문 앞,ST-2542,150,15,10,127.07571411,37.5465126
2026-06-15T04:40:40.021314+09:00,어린이대공원,어린이대공원,POI104,KEY_2,3573.광나루안전체험관,ST-2312,113,17,15,127.07671356,37.5513382
2026-06-15T04:40:40.021314+09:00,여의도한강공원,여의도한강공원,POI105,KEY_3,260. 여의도 마리나선착장 앞,ST-414,100,15,15,126.91216278,37.53365707
2026-06-15T04:40:40.021314+09:00,여의도한강공원,여의도한강공원,POI105,KEY_3,249. 여의도중학교 옆,ST-297,13,2,16,126.93580627,37.52457809
2026-06-15T04:40:40.021314+09:00,여의도한강공원,여의도한강공원,POI105,KEY_3,5891.한강버스 여의도 선착장,ST-3402,40,12,30,126.93422699,37.52816391
2026-06-15T04:40:40.021314+09:00,여의도한강공원,여의도한강공원,POI105,KEY_3,5890.여의나루역 3번출구,ST-3401,64,7,11,126.93336487,37.52645493
2026-06-15T04:40:40.021314+09:00,여의서로,여의서로,POI126,KEY_4,260. 여의도 마리나선착장 앞,ST-414,100,15,15,126.91216278,37.53365707
2026-06-15T04:40:40.021314+09:00,여의서로,여의서로,POI126,KEY_4,298.KBS 연구동 건너편,ST-1970,56,14,25,126.91374207,37.52724838
2026-06-15T04:40:40.021314+09:00,여의서로,여의서로,POI126,KEY_4,297.국회3문,ST-1969,10,1,10,126.91267395,37.52863693
2026-06-15T04:40:40.021314+09:00,올림픽공원,올림픽공원,POI127,KEY_1,1268. 몽촌토성역 1번출구 옆,ST-1087,7,1,15,127.11419678,37.51728821
2026-06-15T04:40:40.021314+09:00,올림픽공원,올림픽공원,POI127,KEY_1,1267. 올림픽공원 남2문 앞,ST-1086,7,1,14,127.12306976,37.51424026
2026-06-15T04:40:40.021314+09:00,올림픽공원,올림픽공원,POI127,KEY_1,2621. 한성백제역 2번 출구,ST-1719,27,4,15,127.11625671,37.51665878
2026-06-15T04:40:40.021314+09:00,올림픽공원,올림픽공원,POI127,KEY_1,2622. 올림픽공원역 3번출구,ST-1720,0,0,20,127.13059235,37.51625824
2026-06-15T04:40:40.021314+09:00,올림픽공원,올림픽공원,POI127,KEY_1,4464. 올림픽공원 북2문 A,ST-2580,27,4,15,127.12804413,37.52357483
2026-06-15T04:40:40.021314+09:00,올림픽공원,올림픽공원,POI127,KEY_1,5781. 올림픽공원 수영장,ST-3300,79,11,14,127.12688446,37.52157211
2026-06-15T04:40:40.021314+09:00,올림픽공원,올림픽공원,POI127,KEY_1,4481. 올림픽공원 북2문 B,ST-2592,88,22,25,127.12751007,37.52397537
2026-06-15T04:40:40.021314+09:00,올림픽공원,올림픽공원,POI127,KEY_1,4857. 올림픽공원 장미광장,ST-2621,0,0,15,127.126297,37.51275635
2026-06-15T04:40:40.021314+09:00,올림픽공원,올림픽공원,POI127,KEY_1,5751. 송파여성축구장,ST-3069,20,2,10,127.11743927,37.52471542
2026-06-15T04:40:40.021314+09:00,올림픽공원,올림픽공원,POI127,KEY_1,4865. 한성백제역 1번출구 뒤,ST-2797,100,5,5,127.1149826,37.51647949
2026-06-15T04:40:40.021314+09:00,올림픽공원,올림픽공원,POI127,KEY_1,4862. 성내교 남단,ST-2756,70,7,10,127.11588287,37.52301788
2026-06-15T04:40:40.021314+09:00,올림픽공원,올림픽공원,POI127,KEY_1,4856. 올림픽공원 서1문 앞,ST-2608,80,8,10,127.11457062,37.5202179
2026-06-15T04:40:40.021314+09:00,월드컵공원,월드컵공원,POI106,KEY_2,413. 상암월드컵파크 3단지 후문,ST-92,180,18,10,126.88968658,37.57147598
2026-06-15T04:40:40.021314+09:00,월드컵공원,월드컵공원,POI106,KEY_2,186. 월드컵공원,ST-344,213,85,40,126.89820862,37.56396484
2026-06-15T04:40:40.021314+09:00,월드컵공원,월드컵공원,POI106,KEY_2,199. 서울 월드컵 경기장,ST-443,83,25,30,126.89644623,37.56684494
2026-06-15T04:40:40.021314+09:00,월드컵공원,월드컵공원,POI106,KEY_2,420. 서울시 공공자전거 상암센터,ST-85,119,44,37,126.8961792,37.56624603
2026-06-15T04:40:40.021314+09:00,월드컵공원,월드컵공원,POI106,KEY_2,418. 월드컵경기장역 3번출구 옆,ST-89,15,3,20,126.8992691,37.57277679
2026-06-15T04:40:40.021314+09:00,월드컵공원,월드컵공원,POI106,KEY_2,440. 하늘공원 입구,ST-1754,73,11,15,126.88134766,37.57012177
2026-06-15T04:40:40.021314+09:00,월드컵공원,월드컵공원,POI106,KEY_2,419. 홈플러스 마포점 앞,ST-87,138,29,21,126.89942932,37.56842041
2026-06-15T04:40:40.021314+09:00,월드컵공원,월드컵공원,POI106,KEY_2,3008.DMC역7번출구,ST-2166,70,7,10,126.89836121,37.57711411
2026-06-15T04:40:40.021314+09:00,응봉산,응봉산,POI107,KEY_3,569. 응봉현대아파트 정류소,ST-370,10,1,10,127.03024292,37.54958344
2026-06-15T04:40:40.021314+09:00,응봉산,응봉산,POI107,KEY_3,3525. 금호스포츠센터앞,ST-1599,67,10,15,127.02507019,37.54608917
2026-06-15T04:40:40.021314+09:00,응봉산,응봉산,POI107,KEY_3,3511. 응봉역 1번출구,ST-1195,260,26,10,127.0351944,37.55130386
2026-06-15T04:40:40.021314+09:00,청계산,청계산,POI112,KEY_4,2203. 청계산입구역 2번출구,ST-925,130,13,10,127.05501556,37.44765854
2026-06-15T04:40:40.021314+09:00,청계산,청계산,POI112,KEY_4,4338.새정이마을버스정류장 앞,ST-3216,60,3,5,127.06594849,37.43474579
2026-06-15T04:40:40.021314+09:00,가락시장,가락시장,POI058,KEY_2,2658.가락몰 업무동,ST-2409,110,11,10,127.11569214,37.49535751
2026-06-15T04:40:40.021314+09:00,가락시장,가락시장,POI058,KEY_2,2659.서울친환경유통센터,ST-2410,30,3,10,127.10492706,37.49420929
2026-06-15T04:40:40.021314+09:00,가락시장,가락시장,POI058,KEY_2,4480. 가락시장 남1문 사거리,ST-2591,87,13,15,127.11745453,37.49201584
2026-06-15T04:40:40.021314+09:00,가락시장,가락시장,POI058,KEY_2,4854. 가락시장역 2번 출구,ST-2606,50,5,10,127.11798859,37.492733
2026-06-15T04:40:40.021314+09:00,가로수길,가로수길,POI059,KEY_3,2362. 신사동 가로수길 입구,ST-1171,0,0,10,127.02245331,37.51763535
2026-06-15T04:40:40.021314+09:00,가로수길,가로수길,POI059,KEY_3,3606. 신사동주민센터 옆,ST-2673,100,10,10,127.02285004,37.52422714
2026-06-15T04:40:40.021314+09:00,가로수길,가로수길,POI059,KEY_3,4903. 신사스퀘어,ST-3066,0,0,10,127.0189743,37.51916885
2026-06-15T04:40:40.021314+09:00,가로수길,가로수길,POI059,KEY_3,4907. 극동스포츠 앞,ST-3078,340,17,5,127.02588654,37.5257225
2026-06-15T04:40:40.021314+09:00,김포공항,김포공항,POI061,KEY_1,3776. 김포공항사거리,ST-2484,90,9,10,126.80518341,37.5675354
2026-06-15T04:40:40.021314+09:00,김포공항,김포공항,POI061,KEY_1,5072. 김포공항입구 교통섬,ST-2947,80,8,10,126.80708313,37.56154633
2026-06-15T04:40:40.021314+09:00,남대문시장,남대문시장,POI115,KEY_2,324. 신세계백화점 본점 앞,ST-140,0,0,8,126.9805069,37.56134415
2026-06-15T04:40:40.021314+09:00,남대문시장,남대문시장,POI115,KEY_2,470.회현역 7번출구,ST-1776,0,0,13,126.98000336,37.55974579
2026-06-15T04:40:40.021314+09:00,남대문시장,남대문시장,POI115,KEY_2,4776. 신세계면세점,ST-2522,0,0,10,126.98139191,37.56027603
2026-06-15T04:40:40.021314+09:00,노량진,노량진,POI063,KEY_3,2003. 사육신공원앞,ST-877,110,11,10,126.94805908,37.51335907
2026-06-15T04:40:40.021314+09:00,노량진,노량진,POI063,KEY_3,2002. 노들역 1번출구,ST-683,147,25,17,126.95246887,37.51284409
2026-06-15T04:40:40.021314+09:00,노량진,노량진,POI063,KEY_3,2070. 노량진역 2번 출구 앞,ST-1545,61,11,18,126.94306946,37.51391983
2026-06-15T04:40:40.021314+09:00,노량진,노량진,POI063,KEY_3,2058. 동작경찰서,ST-1150,164,23,14,126.94352722,37.5135231
2026-06-15T04:40:40.021314+09:00,노량진,노량진,POI063,KEY_3,2050. 노량진역 5번출구,ST-699,140,21,15,126.93997192,37.51324844
2026-06-15T04:40:40.021314+09:00,덕수궁길·정동길,덕수궁길·정동길,POI064,KEY_4,300. 정동사거리,ST-116,0,0,6,126.96923065,37.56805038
2026-06-15T04:40:40.021314+09:00,덕수궁길·정동길,덕수궁길·정동길,POI064,KEY_4,391. 시립미술관,ST-977,0,0,8,126.97340393,37.56505203
2026-06-15T04:40:40.021314+09:00,덕수궁길·정동길,덕수궁길·정동길,POI064,KEY_4,6058. 시청역 2번출구,ST-3297,7,1,15,126.97702026,37.56557846
2026-06-15T04:40:40.021314+09:00,덕수궁길·정동길,덕수궁길·정동길,POI064,KEY_4,4715. 돈의문 박물관 마을,ST-2923,13,2,15,126.96955109,37.56883621
2026-06-15T04:40:40.021314+09:00,북촌한옥마을,북촌한옥마을,POI066,KEY_2,451. 청와대앞길,ST-979,0,0,8,126.97966766,37.58351517
2026-06-15T04:40:40.021314+09:00,북촌한옥마을,북촌한옥마을,POI066,KEY_2,352. 중앙고입구 삼거리,ST-168,10,1,10,126.98523712,37.58341599
2026-06-15T04:40:40.021314+09:00,북촌한옥마을,북촌한옥마을,POI066,KEY_2,465. 삼청공원 앞,ST-1759,0,0,5,126.9835968,37.58760452
2026-06-15T04:40:40.021314+09:00,북촌한옥마을,북촌한옥마을,POI066,KEY_2,354. 포르투갈 대사관 앞,ST-170,20,2,10,126.98896027,37.57915497
2026-06-15T04:40:40.021314+09:00,북촌한옥마을,북촌한옥마을,POI066,KEY_2,314. 국립현대미술관,ST-130,0,0,10,126.98085785,37.5797081
2026-06-15T04:40:40.021314+09:00,북촌한옥마을,북촌한옥마을,POI066,KEY_2,464. 삼청동 골목,ST-1756,0,0,10,126.98169708,37.58419037
2026-06-15T04:40:40.021314+09:00,북촌한옥마을,북촌한옥마을,POI066,KEY_2,353. 재동초교 앞 삼거리,ST-169,0,0,8,126.9849472,37.57938766
2026-06-15T04:40:40.021314+09:00,북촌한옥마을,북촌한옥마을,POI066,KEY_2,3407.안국동사거리(신),ST-1804,0,0,18,126.98339081,37.57580566
2026-06-15T04:40:40.021314+09:00,북촌한옥마을,북촌한옥마을,POI066,KEY_2,4719. 종로문화원 건너편,ST-3090,0,0,15,126.9805069,37.57571411
2026-06-15T04:40:40.021314+09:00,북촌한옥마을,북촌한옥마을,POI066,KEY_2,4705. 웰니스센터(민방위교육장 앞),ST-2565,50,3,6,126.98912811,37.57752991
2026-06-15T04:40:40.021314+09:00,서촌,서촌,POI067,KEY_3,450. 효자동 삼거리,ST-978,10,5,51,126.97254944,37.58360291
2026-06-15T04:40:40.021314+09:00,서촌,서촌,POI067,KEY_3,349. 어린이도서관,ST-165,80,4,5,126.96858978,37.57633209
2026-06-15T04:40:40.021314+09:00,서촌,서촌,POI067,KEY_3,4710. 자교교회 앞,ST-2473,125,10,8,126.97123718,37.58114624
2026-06-15T04:40:40.021314+09:00,서촌,서촌,POI067,KEY_3,4721. 통인시장 정자,ST-3354,188,15,8,126.96878815,37.58055878
2026-06-15T04:40:40.021314+09:00,성수카페거리,성수카페거리,POI068,KEY_4,587. 유니베라 앞,ST-482,50,5,10,127.05264282,37.54541779
2026-06-15T04:40:40.021314+09:00,성수카페거리,성수카페거리,POI068,KEY_4,514. 성수사거리 버스정류장 앞,ST-112,25,3,12,127.06330872,37.54257965
2026-06-15T04:40:40.021314+09:00,성수카페거리,성수카페거리,POI068,KEY_4,513. 뚝섬역 5번 출구 정류소 옆,ST-111,23,3,13,127.04980469,37.54630661
2026-06-15T04:40:40.021314+09:00,성수카페거리,성수카페거리,POI068,KEY_4,3548.뚝섬역 6번출구,ST-2330,20,2,10,127.04766846,37.54695892
2026-06-15T04:40:40.021314+09:00,성수카페거리,성수카페거리,POI068,KEY_4,4399. 더리브 세종타워 앞,ST-3326,14,1,7,127.0580368,37.54378128
2026-06-15T04:40:40.021314+09:00,성수카페거리,성수카페거리,POI068,KEY_4,4377. 우영테크노센터 앞,ST-3003,113,9,8,127.05971527,37.54332352
2026-06-15T04:40:40.021314+09:00,성수카페거리,성수카페거리,POI068,KEY_4,4387. 성수역 1번출구 주변,ST-3121,25,2,8,127.05336761,37.54555893
2026-06-15T04:40:40.021314+09:00,성수카페거리,성수카페거리,POI068,KEY_4,4398. 유원지식산업센터 앞,ST-3325,42,5,12,127.05593109,37.54436493
2026-06-15T04:40:40.021314+09:00,송리단길·호수단길,송리단길·호수단길,POI121,KEY_1,2639.석촌역 8번출구,ST-1866,17,3,18,127.10657501,37.50550461
2026-06-15T04:40:40.021314+09:00,송리단길·호수단길,송리단길·호수단길,POI121,KEY_1,4868. 석촌호수 서호 남단,ST-2833,40,4,10,127.10124207,37.50717163
2026-06-15T04:40:40.021314+09:00,신촌 스타광장,신촌 스타광장,POI122,KEY_2,128. 신촌역(2호선) 1번출구 옆,ST-30,0,0,19,126.93634033,37.55549622
2026-06-15T04:40:40.021314+09:00,신촌 스타광장,신촌 스타광장,POI122,KEY_2,3116.신촌역 4번출구,ST-2201,0,0,10,126.93720245,37.55550385
2026-06-15T04:40:40.021314+09:00,압구정로데오거리,압구정로데오거리,POI071,KEY_3,2365. K+ 타워 앞,ST-1174,0,0,15,127.03847504,37.52330017
2026-06-15T04:40:40.021314+09:00,압구정로데오거리,압구정로데오거리,POI071,KEY_3,2310. 청담동 맥도날드 옆(위치),ST-794,20,2,10,127.04017639,37.52361298
2026-06-15T04:40:40.021314+09:00,여의도,여의도,POI072,KEY_4,201. 진미파라곤 앞,ST-46,7,1,15,126.92133331,37.53123856
2026-06-15T04:40:40.021314+09:00,여의도,여의도,POI072,KEY_4,222. 시범아파트버스정류장 옆,ST-68,142,17,12,126.93688965,37.51902008
2026-06-15T04:40:40.021314+09:00,여의도,여의도,POI072,KEY_4,200. 국회의원회관,ST-45,5,1,22,126.91391754,37.52841568
2026-06-15T04:40:40.021314+09:00,여의도,여의도,POI072,KEY_4,204. 국회의사당역 5번출구 옆,ST-50,8,1,13,126.91702271,37.52816391
2026-06-15T04:40:40.021314+09:00,여의도,여의도,POI072,KEY_4,224. 롯데캐슬 앞,ST-70,5,1,20,126.93236542,37.5200882
2026-06-15T04:40:40.021314+09:00,여의도,여의도,POI072,KEY_4,223. 진주아파트상가 앞,ST-69,10,2,20,126.9333725,37.51913071
2026-06-15T04:40:40.021314+09:00,여의도,여의도,POI072,KEY_4,202. 국민일보 앞,ST-47,30,9,30,126.92453003,37.52881622
2026-06-15T04:40:40.021314+09:00,여의도,여의도,POI072,KEY_4,209. 유진투자증권빌딩 앞,ST-55,55,12,22,126.92783356,37.52461243
2026-06-15T04:40:40.021314+09:00,여의도,여의도,POI072,KEY_4,214. 금융감독원 앞,ST-60,0,0,21,126.9208374,37.5230217
2026-06-15T04:40:40.021314+09:00,여의도,여의도,POI072,KEY_4,260. 여의도 마리나선착장 앞,ST-414,100,15,15,126.91216278,37.53365707
2026-06-15T04:40:40.021314+09:00,여의도,여의도,POI072,KEY_4,299.여의도 순복음교회,ST-1971,30,3,10,126.92245483,37.53179169
2026-06-15T04:40:40.021314+09:00,여의도,여의도,POI072,KEY_4,207. 여의나루역 1번출구 앞,ST-73,17,8,46,126.93190002,37.52715683
2026-06-15T04:40:40.021314+09:00,여의도,여의도,POI072,KEY_4,248. 초원아파트 앞,ST-296,10,1,10,126.92420959,37.53105545
2026-06-15T04:40:40.021314+09:00,여의도,여의도,POI072,KEY_4,203. 국회의사당역 3번출구 옆,ST-51,27,4,15,126.91870117,37.5280571
2026-06-15T04:40:40.021314+09:00,여의도,여의도,POI072,KEY_4,298.KBS 연구동 건너편,ST-1970,56,14,25,126.91374207,37.52724838
2026-06-15T04:40:40.021314+09:00,여의도,여의도,POI072,KEY_4,249. 여의도중학교 옆,ST-297,13,2,16,126.93580627,37.52457809
2026-06-15T04:40:40.021314+09:00,여의도,여의도,POI072,KEY_4,226. 샛강역 1번출구 앞,ST-72,47,9,19,126.92841339,37.51776505
2026-06-15T04:40:40.021314+09:00,여의도,여의도,POI072,KEY_4,221. 여의도초교 앞,ST-67,70,7,10,126.93778992,37.52267456
2026-06-15T04:40:40.021314+09:00,여의도,여의도,POI072,KEY_4,270. 증권거래소후문교차로,ST-424,10,1,10,126.92710114,37.52234268
2026-06-15T04:40:40.021314+09:00,여의도,여의도,POI072,KEY_4,213. KT앞,ST-59,37,7,19,126.91895294,37.52190781
2026-06-15T04:40:40.021314+09:00,여의도,여의도,POI072,KEY_4,217. NH농협은행 앞,ST-66,7,1,15,126.93036652,37.52207947
2026-06-15T04:40:40.021314+09:00,여의도,여의도,POI072,KEY_4,220. 미성아파트 A동 앞,ST-63,0,0,30,126.92604828,37.5193634
2026-06-15T04:40:40.021314+09:00,여의도,여의도,POI072,KEY_4,219. 롯데캐슬엠파이어 옆,ST-62,33,4,12,126.92583466,37.52069473
2026-06-15T04:40:40.021314+09:00,여의도,여의도,POI072,KEY_4,205. 산업은행 앞,ST-52,90,18,20,126.92050934,37.52626419
2026-06-15T04:40:40.021314+09:00,여의도,여의도,POI072,KEY_4,225. 앙카라공원 앞,ST-71,35,9,26,126.92961884,37.51758575
2026-06-15T04:40:40.021314+09:00,여의도,여의도,POI072,KEY_4,297.국회3문,ST-1969,10,1,10,126.91267395,37.52863693
2026-06-15T04:40:40.021314+09:00,여의도,여의도,POI072,KEY_4,215. 여의도고교 앞,ST-64,40,4,10,126.93490601,37.52483749
2026-06-15T04:40:40.021314+09:00,여의도,여의도,POI072,KEY_4,271. 샛강생태공원방문자센터 앞,ST-425,20,2,10,126.9216156,37.51896286
2026-06-15T04:40:40.021314+09:00,여의도,여의도,POI072,KEY_4,206. KBS 앞,ST-53,49,17,35,126.91802216,37.52466583
2026-06-15T04:40:40.021314+09:00,여의도,여의도,POI072,KEY_4,5870. LG트윈타워 앞,ST-3239,20,4,20,126.93017578,37.52833176
2026-06-15T04:40:40.021314+09:00,여의도,여의도,POI072,KEY_4,5888.여의도성당,ST-3375,14,1,7,126.93920898,37.52164459
2026-06-15T04:40:40.021314+09:00,여의도,여의도,POI072,KEY_4,5853. 여의도역2번출구 앞,ST-3061,10,1,10,126.92271423,37.52243423
2026-06-15T04:40:40.021314+09:00,여의도,여의도,POI072,KEY_4,4564. 63스퀘어,ST-2814,106,18,17,126.93965912,37.52070999
2026-06-15T04:40:40.021314+09:00,여의도,여의도,POI072,KEY_4,5878. 우리은행 앞,ST-3315,10,2,20,126.92162323,37.52349091
2026-06-15T04:40:40.021314+09:00,여의도,여의도,POI072,KEY_4,4582. 국회도서관,ST-2646,75,9,12,126.91817474,37.53054047
2026-06-15T04:40:40.021314+09:00,여의도,여의도,POI072,KEY_4,4580. 국회제2의원회관,ST-2644,0,0,17,126.91316986,37.52974701
2026-06-15T04:40:40.021314+09:00,여의도,여의도,POI072,KEY_4,5891.한강버스 여의도 선착장,ST-3402,40,12,30,126.93422699,37.52816391
2026-06-15T04:40:40.021314+09:00,여의도,여의도,POI072,KEY_4,4583. 의정관,ST-2647,8,1,12,126.91747284,37.53214645
2026-06-15T04:40:40.021314+09:00,여의도,여의도,POI072,KEY_4,4579. 국회의사당 본관,ST-2643,106,18,17,126.91404724,37.5325737
2026-06-15T04:40:40.021314+09:00,여의도,여의도,POI072,KEY_4,4589. KRX한국거래소(1),ST-2899,6,1,18,126.92759705,37.52338028
2026-06-15T04:40:40.021314+09:00,여의도,여의도,POI072,KEY_4,4563. 여의도 은하아파트,ST-2813,40,4,10,126.93448639,37.51850891
2026-06-15T04:40:40.021314+09:00,여의도,여의도,POI072,KEY_4,5889.의원회관출입구 앞,ST-3377,0,0,10,126.91479492,37.52985382
2026-06-15T04:40:40.021314+09:00,여의도,여의도,POI072,KEY_4,4585. 국회6문,ST-2694,33,2,6,126.91799164,37.53271866
2026-06-15T04:40:40.021314+09:00,여의도,여의도,POI072,KEY_4,5890.여의나루역 3번출구,ST-3401,64,7,11,126.93336487,37.52645493
2026-06-15T04:40:40.021314+09:00,여의도,여의도,POI072,KEY_4,4584. 국회2문,ST-2648,44,4,9,126.91510773,37.52864075
2026-06-15T04:40:40.021314+09:00,여의도,여의도,POI072,KEY_4,5892.국회의사당본관 좌측,ST-3383,29,2,7,126.91375732,37.53090286
2026-06-15T04:40:40.021314+09:00,여의도,여의도,POI072,KEY_4,5879. 국회도서관 2문 앞,ST-3318,113,9,8,126.91668701,37.53107071
2026-06-15T04:40:40.021314+09:00,여의도,여의도,POI072,KEY_4,5859. 여의도 삼부아파트,ST-3160,40,4,10,126.93045807,37.52539444
2026-06-15T04:40:40.021314+09:00,여의도,여의도,POI072,KEY_4,5880. 국회박물관,ST-3319,0,0,7,126.91945648,37.53183365
2026-06-15T04:40:40.021314+09:00,여의도,여의도,POI072,KEY_4,5893.한국산업은행,ST-3397,0,0,10,126.92175293,37.52814484
2026-06-15T04:40:40.021314+09:00,여의도,여의도,POI072,KEY_4,5897.여의도공작아파트,ST-3426,10,1,10,126.92987061,37.52595139
2026-06-15T04:40:40.021314+09:00,여의도,여의도,POI072,KEY_4,4581. 국회소통관,ST-2645,0,0,12,126.9128952,37.53050232
2026-06-15T04:40:40.021314+09:00,연남동,연남동,POI073,KEY_1,107. 수협 연남동지점,ST-9,20,2,10,126.91871643,37.55784607
2026-06-15T04:40:40.021314+09:00,연남동,연남동,POI073,KEY_1,4233. 코오롱아파트사거리,ST-2979,10,1,10,126.92149353,37.56306458
2026-06-15T04:40:40.021314+09:00,영등포 타임스퀘어,영등포 타임스퀘어,POI074,KEY_2,284. 센트럴 푸르지오 시티 앞,ST-1650,75,12,16,126.90222931,37.51821136
2026-06-15T04:40:40.021314+09:00,영등포 타임스퀘어,영등포 타임스퀘어,POI074,KEY_2,3219.영등포역 1번출구,ST-1990,0,0,10,126.9077301,37.5148468
2026-06-15T04:40:40.021314+09:00,영등포 타임스퀘어,영등포 타임스퀘어,POI074,KEY_2,5868. 로프트시티오피스텔,ST-3238,300,18,6,126.90843201,37.51906204
2026-06-15T04:40:40.021314+09:00,영등포 타임스퀘어,영등포 타임스퀘어,POI074,KEY_2,4565. 영등포 신세계백화점,ST-2815,10,1,10,126.90364838,37.51803589
2026-06-15T04:40:40.021314+09:00,영등포 타임스퀘어,영등포 타임스퀘어,POI074,KEY_2,5858. 영등포역5번출구,ST-3142,0,0,10,126.90807343,37.51669312
2026-06-15T04:40:40.021314+09:00,용리단길,용리단길,POI076,KEY_3,816. 신용산역 6번출구 앞,ST-435,80,20,25,126.96848297,37.53014755
2026-06-15T04:40:40.021314+09:00,용리단길,용리단길,POI076,KEY_3,817. 삼각지역 4번출구 앞,ST-436,133,12,9,126.97173309,37.53345108
2026-06-15T04:40:40.021314+09:00,이태원 앤틱가구거리,이태원 앤틱가구거리,POI077,KEY_4,4634. 이태원역 3번 출구,ST-3056,0,0,5,126.99497223,37.5343895
2026-06-15T04:40:40.021314+09:00,이태원 앤틱가구거리,이태원 앤틱가구거리,POI077,KEY_4,4615. 크라운호텔앞 버스정류소,ST-2446,0,0,7,126.99137878,37.53030014
2026-06-15T04:40:40.021314+09:00,익선동,익선동,POI116,KEY_1,334. 종로3가역 2번출구 뒤,ST-150,20,2,10,126.99179077,37.5705986
2026-06-15T04:40:40.021314+09:00,익선동,익선동,POI116,KEY_1,328. 탑골공원 앞,ST-144,0,0,11,126.9881897,37.57039642
2026-06-15T04:40:40.021314+09:00,익선동,익선동,POI116,KEY_1,327. 낙원상가 옆,ST-143,10,1,10,126.9874649,37.57335663
2026-06-15T04:40:40.021314+09:00,익선동,익선동,POI116,KEY_1,3410.종로3가역 8번출구,ST-1807,0,0,10,126.99188995,37.5724678
2026-06-15T04:40:40.021314+09:00,익선동,익선동,POI116,KEY_1,4713. 현대 뜨레비앙 아파트 앞,ST-2623,57,4,7,126.99062347,37.57528305
2026-06-15T04:40:40.021314+09:00,인사동,인사동,POI078,KEY_2,327. 낙원상가 옆,ST-143,10,1,10,126.9874649,37.57335663
2026-06-15T04:40:40.021314+09:00,인사동,인사동,POI078,KEY_2,326. 안국역 5번출구 앞,ST-142,0,0,15,126.98616028,37.57624054
2026-06-15T04:40:40.021314+09:00,인사동,인사동,POI078,KEY_2,454. 종로2가 버스정류장 (종각방향),ST-1607,8,1,13,126.98638153,37.57035828
2026-06-15T04:40:40.021314+09:00,인사동,인사동,POI078,KEY_2,3408.종로타워빌딩,ST-1805,0,0,13,126.98323822,37.57070541
2026-06-15T04:40:40.021314+09:00,창동 신경제 중심지,창동 신경제 중심지,POI079,KEY_4,1756.서울북부광역등기국,ST-2101,10,1,10,127.04431915,37.65148544
2026-06-15T04:40:40.021314+09:00,창동 신경제 중심지,창동 신경제 중심지,POI079,KEY_4,1662. 노원역7번출구,ST-1279,5,1,20,127.05921173,37.65421677
2026-06-15T04:40:40.021314+09:00,창동 신경제 중심지,창동 신경제 중심지,POI079,KEY_4,1722. 창동청소년수련관,ST-1292,73,11,15,127.05004883,37.65779877
2026-06-15T04:40:40.021314+09:00,창동 신경제 중심지,창동 신경제 중심지,POI079,KEY_4,1674. 서울북부고용센터앞,ST-1291,0,0,15,127.05808258,37.65354919
2026-06-15T04:40:40.021314+09:00,창동 신경제 중심지,창동 신경제 중심지,POI079,KEY_4,1690. 도봉운전면허시험장 버스정류장 옆,ST-1641,0,0,10,127.05931091,37.6577301
2026-06-15T04:40:40.021314+09:00,창동 신경제 중심지,창동 신경제 중심지,POI079,KEY_4,1716. 창동역 1번출구 건너편,ST-1132,13,1,8,127.05072784,37.65420151
2026-06-15T04:40:40.021314+09:00,창동 신경제 중심지,창동 신경제 중심지,POI079,KEY_4,1686. 상계주공10단지 종합상가 앞,ST-1476,7,1,15,127.05805206,37.66114044
2026-06-15T04:40:40.021314+09:00,창동 신경제 중심지,창동 신경제 중심지,POI079,KEY_4,1775.신원리베르텔 앞,ST-2120,0,0,15,127.04554749,37.65128708
2026-06-15T04:40:40.021314+09:00,창동 신경제 중심지,창동 신경제 중심지,POI079,KEY_4,1653. 노원역1번출구,ST-1121,0,0,10,127.06362152,37.65620041
2026-06-15T04:40:40.021314+09:00,창동 신경제 중심지,창동 신경제 중심지,POI079,KEY_4,1657. 노원구청,ST-1125,0,0,20,127.05732727,37.65404892
2026-06-15T04:40:40.021314+09:00,창동 신경제 중심지,창동 신경제 중심지,POI079,KEY_4,1637. KT 전화국 버스정류장 옆,ST-611,11,1,9,127.06372833,37.6546669
2026-06-15T04:40:40.021314+09:00,창동 신경제 중심지,창동 신경제 중심지,POI079,KEY_4,5311. 주공601동 상가 노원지하보도 앞,ST-3116,0,0,5,127.06147766,37.65190125
2026-06-15T04:40:40.021314+09:00,창동 신경제 중심지,창동 신경제 중심지,POI079,KEY_4,5333. 노원역9번-10번 출구 앞,ST-3288,0,0,10,127.063591,37.65655518
2026-06-15T04:40:40.021314+09:00,창동 신경제 중심지,창동 신경제 중심지,POI079,KEY_4,4096.창동역2번출구 하나은행365 앞,ST-3368,13,1,8,127.04550171,37.65283585
2026-06-15T04:40:40.021314+09:00,창동 신경제 중심지,창동 신경제 중심지,POI079,KEY_4,4098.창동역 1번출구 인근,ST-3430,25,2,8,127.04838562,37.65290833
2026-06-15T04:40:40.021314+09:00,청량리 제기동 일대 전통시장,청량리 제기동 일대 전통시장,POI081,KEY_2,640. 동대문경찰서 교차로,ST-407,250,15,6,127.04460144,37.58255005
2026-06-15T04:40:40.021314+09:00,청량리 제기동 일대 전통시장,청량리 제기동 일대 전통시장,POI081,KEY_2,633. 청량리 기업은행 앞,ST-400,150,12,8,127.04472351,37.58049774
2026-06-15T04:40:40.021314+09:00,청량리 제기동 일대 전통시장,청량리 제기동 일대 전통시장,POI081,KEY_2,676.FITI시험연구원 앞,ST-2276,44,4,9,127.03547668,37.58143234
2026-06-15T04:40:40.021314+09:00,청량리 제기동 일대 전통시장,청량리 제기동 일대 전통시장,POI081,KEY_2,4134. 제기동 현대아파트 앞,ST-3206,170,17,10,127.0353241,37.57994843
2026-06-15T04:40:40.021314+09:00,청량리 제기동 일대 전통시장,청량리 제기동 일대 전통시장,POI081,KEY_2,4149.제기동역 5번출구,ST-3428,300,21,7,127.03381348,37.5779953
2026-06-15T04:40:40.021314+09:00,청량리 제기동 일대 전통시장,청량리 제기동 일대 전통시장,POI081,KEY_2,4147.청량리역광장,ST-3405,11,4,35,127.04673767,37.58024597
2026-06-15T04:40:40.021314+09:00,DDP(동대문디자인플라자),DDP(동대문디자인플라자),POI083,KEY_4,474.동대문역사문화공원역 1번출구 뒤편,ST-1780,8,3,40,127.00849152,37.56629944
2026-06-15T04:40:40.021314+09:00,DDP(동대문디자인플라자),DDP(동대문디자인플라자),POI083,KEY_4,475.DDP 패션몰,ST-1781,14,3,21,127.0118103,37.56764984
2026-06-15T04:40:40.021314+09:00,DDP(동대문디자인플라자),DDP(동대문디자인플라자),POI083,KEY_4,347. 동대문역사문화공원역 9번출구 앞,ST-163,33,6,18,127.00784302,37.56533051
2026-06-15T04:40:40.021314+09:00,DDP(동대문디자인플라자),DDP(동대문디자인플라자),POI083,KEY_4,4765. 동대문디자인플라자,ST-2431,70,14,20,127.00946045,37.5683136
2026-06-15T04:40:40.021314+09:00,DMC(디지털미디어시티),DMC(디지털미디어시티),POI084,KEY_1,414. 상암동주민센터 옆,ST-94,163,13,8,126.89447021,37.57822037
2026-06-15T04:40:40.021314+09:00,DMC(디지털미디어시티),DMC(디지털미디어시티),POI084,KEY_1,412. DMC산학협력연구센터 앞,ST-91,95,20,21,126.89079285,37.57565689
2026-06-15T04:40:40.021314+09:00,DMC(디지털미디어시티),DMC(디지털미디어시티),POI084,KEY_1,411. DMC홍보관,ST-90,40,4,10,126.89147186,37.5779953
2026-06-15T04:40:40.021314+09:00,DMC(디지털미디어시티),DMC(디지털미디어시티),POI084,KEY_1,409. 누리꿈스퀘어 옆,ST-86,0,0,30,126.88916016,37.57939911
2026-06-15T04:40:40.021314+09:00,DMC(디지털미디어시티),DMC(디지털미디어시티),POI084,KEY_1,405. DMC빌 앞,ST-80,0,0,8,126.88578796,37.58265686
2026-06-15T04:40:40.021314+09:00,DMC(디지털미디어시티),DMC(디지털미디어시티),POI084,KEY_1,408. LG CNS앞,ST-84,0,0,14,126.88665009,37.58081055
2026-06-15T04:40:40.021314+09:00,DMC(디지털미디어시티),DMC(디지털미디어시티),POI084,KEY_1,425. DMC첨단산업센터,ST-991,20,2,10,126.88559723,37.58450317
2026-06-15T04:40:40.021314+09:00,DMC(디지털미디어시티),DMC(디지털미디어시티),POI084,KEY_1,415. DMC역 9번출구 앞,ST-95,50,5,10,126.89736176,37.57746887
2026-06-15T04:40:40.021314+09:00,DMC(디지털미디어시티),DMC(디지털미디어시티),POI084,KEY_1,417. DMC역 2번출구 옆,ST-93,20,4,20,126.8999176,37.57506943
2026-06-15T04:40:40.021314+09:00,DMC(디지털미디어시티),DMC(디지털미디어시티),POI084,KEY_1,490.가온문화공원,ST-2149,0,0,23,126.88766479,37.58207703
2026-06-15T04:40:40.021314+09:00,DMC(디지털미디어시티),DMC(디지털미디어시티),POI084,KEY_1,489.구룡근린공원,ST-2148,200,20,10,126.88276672,37.58320236
2026-06-15T04:40:40.021314+09:00,DMC(디지털미디어시티),DMC(디지털미디어시티),POI084,KEY_1,3007.MBC 앞,ST-2165,70,7,10,126.89044952,37.58198166
2026-06-15T04:40:40.021314+09:00,DMC(디지털미디어시티),DMC(디지털미디어시티),POI084,KEY_1,3008.DMC역7번출구,ST-2166,70,7,10,126.89836121,37.57711411
2026-06-15T04:40:40.021314+09:00,DMC(디지털미디어시티),DMC(디지털미디어시티),POI084,KEY_1,4214. JTBC 앞,ST-2537,40,4,10,126.8901825,37.57730484
2026-06-15T04:40:40.021314+09:00,DMC(디지털미디어시티),DMC(디지털미디어시티),POI084,KEY_1,4218. 디지털매직스페이스,ST-2974,0,0,13,126.88957977,37.58119965
2026-06-15T04:40:40.021314+09:00,DMC(디지털미디어시티),DMC(디지털미디어시티),POI084,KEY_1,4238. 상암한샘빌딩앞,ST-2981,29,2,7,126.89867401,37.57649231
2026-06-15T04:40:40.021314+09:00,가산디지털단지역,가산디지털단지역,POI013,KEY_2,1835. STX V타워,ST-641,100,10,10,126.88442993,37.47706985
2026-06-15T04:40:40.021314+09:00,가산디지털단지역,가산디지털단지역,POI013,KEY_2,1806. 에이스하이엔드타워9차 앞,ST-621,140,14,10,126.87863922,37.48621368
2026-06-15T04:40:40.021314+09:00,가산디지털단지역,가산디지털단지역,POI013,KEY_2,1805. 서울디지털운동장 앞,ST-620,80,8,10,126.87776947,37.48228836
2026-06-15T04:40:40.021314+09:00,가산디지털단지역,가산디지털단지역,POI013,KEY_2,1850. 코오롱테크노밸리,ST-1277,170,17,10,126.8863678,37.48015976
2026-06-15T04:40:40.021314+09:00,가산디지털단지역,가산디지털단지역,POI013,KEY_2,1867.대륭포스트타워6차 앞,ST-1938,87,26,30,126.8841629,37.48101044
2026-06-15T04:40:40.021314+09:00,가산디지털단지역,가산디지털단지역,POI013,KEY_2,1834. 월드메르디앙 벤처센터 2차,ST-640,40,4,10,126.87904358,37.47908401
2026-06-15T04:40:40.021314+09:00,가산디지털단지역,가산디지털단지역,POI013,KEY_2,1839. 수출의 다리 아래,ST-1140,25,5,20,126.88615417,37.47743607
2026-06-15T04:40:40.021314+09:00,가산디지털단지역,가산디지털단지역,POI013,KEY_2,1812. 갑을그레이트밸리 앞,ST-624,250,25,10,126.88729858,37.47903061
2026-06-15T04:40:40.021314+09:00,가산디지털단지역,가산디지털단지역,POI013,KEY_2,1849. 대륭포스트타워5차,ST-1276,180,18,10,126.88694,37.48135376
2026-06-15T04:40:40.021314+09:00,가산디지털단지역,가산디지털단지역,POI013,KEY_2,1851. 가산디지털단지 9번출구 인근,ST-1403,180,18,10,126.88148499,37.48123169
2026-06-15T04:40:40.021314+09:00,가산디지털단지역,가산디지털단지역,POI013,KEY_2,3985. 디폴리스 지식산업센터,ST-2964,30,6,20,126.87680054,37.48017502
2026-06-15T04:40:40.021314+09:00,가산디지털단지역,가산디지털단지역,POI013,KEY_2,3984. 가산롯데아이티캐슬,ST-2999,300,15,5,126.88083649,37.47636795
2026-06-15T04:40:40.021314+09:00,가산디지털단지역,가산디지털단지역,POI013,KEY_2,3989.가산디지털단지역 9번출구 앞,ST-3396,120,12,10,126.88175964,37.48055267
2026-06-15T04:40:40.021314+09:00,강남역,강남역,POI014,KEY_3,2505. 우성아파트사거리 (기업은행앞),ST-1556,133,16,12,127.02953339,37.49325943
2026-06-15T04:40:40.021314+09:00,강남역,강남역,POI014,KEY_3,2421. 신논현역 4번출구,ST-1887,27,4,15,127.02579498,37.504673
2026-06-15T04:40:40.021314+09:00,강남역,강남역,POI014,KEY_3,3628. 역삼1동 주민센터,ST-2689,30,3,10,127.03302765,37.49521255
2026-06-15T04:40:40.021314+09:00,강남역,강남역,POI014,KEY_3,2407. 역삼서초삼성 세무서 앞 (역삼빌딩 앞),ST-1577,120,12,10,127.03011322,37.49847031
2026-06-15T04:40:40.021314+09:00,강남역,강남역,POI014,KEY_3,4349.삼성화재서초타워,ST-3361,150,9,6,127.02896118,37.49446869
2026-06-15T04:40:40.021314+09:00,건대입구역,건대입구역,POI015,KEY_4,501. 광진문화예술회관 앞,ST-98,37,11,30,127.07035065,37.53730774
2026-06-15T04:40:40.021314+09:00,건대입구역,건대입구역,POI015,KEY_4,3533. 건대입구역 사거리(롯데백화점),ST-1660,0,0,10,127.07078552,37.5392952
2026-06-15T04:40:40.021314+09:00,건대입구역,건대입구역,POI015,KEY_4,3534. 건대입구역 5번출구 뒤,ST-1661,90,9,10,127.06956482,37.54008102
2026-06-15T04:40:40.021314+09:00,고덕역,고덕역,POI016,KEY_1,1072.고덕역 5번출구,ST-1833,9,2,22,127.15372467,37.55486298
2026-06-15T04:40:40.021314+09:00,고덕역,고덕역,POI016,KEY_1,1036. 고덕동 주양쇼핑,ST-1053,150,15,10,127.15331268,37.55199051
2026-06-15T04:40:40.021314+09:00,고덕역,고덕역,POI016,KEY_1,1068.명일파출소,ST-1767,10,1,10,127.15622711,37.5536499
2026-06-15T04:40:40.021314+09:00,교대역,교대역,POI018,KEY_3,2239.교대역 6번출구,ST-765,80,8,10,127.01378632,37.49421692
2026-06-15T04:40:40.021314+09:00,교대역,교대역,POI018,KEY_3,2279. 교대역 5번출구뒤,ST-1305,288,23,8,127.01418304,37.49361801
2026-06-15T04:40:40.021314+09:00,구로디지털단지역,구로디지털단지역,POI019,KEY_4,2801. 대륭포스트타워1차,ST-1753,13,4,30,126.89542389,37.48437119
2026-06-15T04:40:40.021314+09:00,구로디지털단지역,구로디지털단지역,POI019,KEY_4,1962. 가리봉동주민센터,ST-1224,87,13,15,126.89279938,37.48160172
2026-06-15T04:40:40.021314+09:00,구로디지털단지역,구로디지털단지역,POI019,KEY_4,1986. 태평양물산,ST-1521,33,5,15,126.89518738,37.48485947
2026-06-15T04:40:40.021314+09:00,구로디지털단지역,구로디지털단지역,POI019,KEY_4,1911. 구로디지털단지역 앞,ST-668,161,29,18,126.90132141,37.48493958
2026-06-15T04:40:40.021314+09:00,구로디지털단지역,구로디지털단지역,POI019,KEY_4,1955. 디지털입구 교차로,ST-936,220,22,10,126.90103912,37.48288345
2026-06-15T04:40:40.021314+09:00,구로디지털단지역,구로디지털단지역,POI019,KEY_4,2110. 조원동 미성아파트,ST-950,211,19,9,126.90203094,37.48319244
2026-06-15T04:40:40.021314+09:00,구로역,구로역,POI020,KEY_1,1946. 구로역 광장,ST-873,70,7,10,126.88038635,37.50311661
2026-06-15T04:40:40.021314+09:00,구로역,구로역,POI020,KEY_1,3919. 구로역·NC신구로점 버스정류장(구로역 방면),ST-3013,50,7,14,126.88237,37.50096512
2026-06-15T04:40:40.021314+09:00,군자역,군자역,POI021,KEY_2,540. 군자역 7번출구 베스트샵 앞,ST-253,25,2,8,127.0786438,37.55603027
2026-06-15T04:40:40.021314+09:00,군자역,군자역,POI021,KEY_2,3518. 군자역 7번출구뒤,ST-1263,13,1,8,127.07913971,37.55686188
2026-06-15T04:40:40.021314+09:00,군자역,군자역,POI021,KEY_2,3586.군자역 비채온 오피스텔,ST-2325,300,24,8,127.07727051,37.55771255
2026-06-15T04:40:40.021314+09:00,군자역,군자역,POI021,KEY_2,3500. 군자역2번출구,ST-983,200,14,7,127.07969666,37.55758667
2026-06-15T04:40:40.021314+09:00,대림역,대림역,POI023,KEY_3,286. 우성아파트 교차로,ST-1652,133,16,12,126.89974976,37.49457169
2026-06-15T04:40:40.021314+09:00,대림역,대림역,POI023,KEY_3,1975. 대림역 1번 출입구 밑,ST-1237,40,4,10,126.8947525,37.49256516
2026-06-15T04:40:40.021314+09:00,대림역,대림역,POI023,KEY_3,1914. 대림역4번출구,ST-918,120,12,10,126.89444733,37.49440384
2026-06-15T04:40:40.021314+09:00,동대문역,동대문역,POI024,KEY_4,457. 종로꽃시장 입구 옆,ST-1610,50,5,10,127.00720978,37.57131958
2026-06-15T04:40:40.021314+09:00,동대문역,동대문역,POI024,KEY_4,393. 동대문역 8번 출구,ST-1372,50,6,12,127.00937653,37.57014084
2026-06-15T04:40:40.021314+09:00,동대문역,동대문역,POI024,KEY_4,3415.동대문역6번출구,ST-1812,120,18,15,127.0107193,37.57147217
2026-06-15T04:40:40.021314+09:00,미아사거리역,미아사거리역,POI026,KEY_2,1546. 송천동우체국,ST-1665,160,16,10,127.02970123,37.61545944
2026-06-15T04:40:40.021314+09:00,미아사거리역,미아사거리역,POI026,KEY_2,1531. 미아사거리 1번 출구,ST-1105,80,8,10,127.03025055,37.61395645
2026-06-15T04:40:40.021314+09:00,미아사거리역,미아사거리역,POI026,KEY_2,1574.송중초등학교 옆,ST-2405,75,6,8,127.03049469,37.61669922
2026-06-15T04:40:40.021314+09:00,미아사거리역,미아사거리역,POI026,KEY_2,4423.현대백화점 미아점,ST-3203,100,10,10,127.02845764,37.60884857
2026-06-15T04:40:40.021314+09:00,발산역,발산역,POI027,KEY_3,1124. 발산역 6번 출구 뒤,ST-522,0,0,6,126.8384552,37.55817795
2026-06-15T04:40:40.021314+09:00,발산역,발산역,POI027,KEY_3,1117. 등촌5단지아파트 버스정류장,ST-834,20,2,10,126.84426117,37.55819702
2026-06-15T04:40:40.021314+09:00,발산역,발산역,POI027,KEY_3,"1153. 발산역 1번, 9번 인근 대여소",ST-1065,9,3,32,126.83717346,37.55894852
2026-06-15T04:40:40.021314+09:00,발산역,발산역,POI027,KEY_3,1197. 엠펠리체 호텔 건너편,ST-1714,115,23,20,126.83546448,37.56026077
2026-06-15T04:40:40.021314+09:00,발산역,발산역,POI027,KEY_3,3760. 발산역 8번 출구,ST-2538,29,5,17,126.83676147,37.55846024
2026-06-15T04:40:40.021314+09:00,발산역,발산역,POI027,KEY_3,3764. 관문주유소(GS칼택스) 앞,ST-2613,230,23,10,126.84183502,37.55802917
2026-06-15T04:40:40.021314+09:00,발산역,발산역,POI027,KEY_3,3759. 이대서울병원,ST-2569,16,4,25,126.83559418,37.5586319
2026-06-15T04:40:40.021314+09:00,발산역,발산역,POI027,KEY_3,2721.등촌1-10단지 교차로,ST-2037,242,29,12,126.8393631,37.56320572
2026-06-15T04:40:40.021314+09:00,발산역,발산역,POI027,KEY_3,2723.마곡 필네이처,ST-2040,131,17,13,126.83669281,37.56089401
2026-06-15T04:40:40.021314+09:00,발산역,발산역,POI027,KEY_3,2717.LG유플러스 마곡사옥,ST-2033,40,25,62,126.83390045,37.56133652
2026-06-15T04:40:40.021314+09:00,발산역,발산역,POI027,KEY_3,2730.마곡메가박스 앞,ST-2047,67,20,30,126.83495331,37.55912781
2026-06-15T04:40:40.021314+09:00,발산역,발산역,POI027,KEY_3,5061. 우장산동 가곡어린이공원앞,ST-2888,250,25,10,126.83751678,37.55545425
2026-06-15T04:40:40.021314+09:00,발산역,발산역,POI027,KEY_3,5095. 원당근린공원,ST-3226,293,41,14,126.84147644,37.55947495
2026-06-15T04:40:40.021314+09:00,사당역,사당역,POI029,KEY_4,2104. 사당역 5번출구,ST-712,69,9,13,126.98133087,37.47608948
2026-06-15T04:40:40.021314+09:00,사당역,사당역,POI029,KEY_4,2222.사당역 12번출구 뒤,ST-753,50,5,10,126.98203278,37.47806931
2026-06-15T04:40:40.021314+09:00,사당역,사당역,POI029,KEY_4,2089.사당역10번출구(금강빌딩),ST-2362,60,6,10,126.98150635,37.4791069
2026-06-15T04:40:40.021314+09:00,사당역,사당역,POI029,KEY_4,2034. 사당역 7번출구쪽,ST-924,58,11,19,126.98057556,37.47689056
2026-06-15T04:40:40.021314+09:00,삼각지역,삼각지역,POI030,KEY_1,848. 삼각지12번 출구,ST-2172,50,4,8,126.97562408,37.53488922
2026-06-15T04:40:40.021314+09:00,삼각지역,삼각지역,POI030,KEY_1,849. 삼각지 자이아파트,ST-2173,85,17,20,126.97341919,37.53607941
2026-06-15T04:40:40.021314+09:00,삼각지역,삼각지역,POI030,KEY_1,4620. 삼각지역 14번 출구 앞(교통섬),ST-2451,88,7,8,126.97408295,37.53528595
2026-06-15T04:40:40.021314+09:00,서울대입구역,서울대입구역,POI031,KEY_2,2116. 에이스에이존빌딩,ST-717,122,11,9,126.95082855,37.48170471
2026-06-15T04:40:40.021314+09:00,서울대입구역,서울대입구역,POI031,KEY_2,2111. 서울대입구역 1번출구,ST-965,0,0,10,126.95331573,37.48086929
2026-06-15T04:40:40.021314+09:00,서울대입구역,서울대입구역,POI031,KEY_2,2171. 서울대입구역 5번출구,ST-1337,24,4,17,126.95200348,37.48154831
2026-06-15T04:40:40.021314+09:00,서울대입구역,서울대입구역,POI031,KEY_2,2128. 관악구청교차로,ST-720,0,0,12,126.95265198,37.47949982
2026-06-15T04:40:40.021314+09:00,서울대입구역,서울대입구역,POI031,KEY_2,3311.서울대입구역 4번 출구,ST-2394,25,3,12,126.95157623,37.48122025
2026-06-15T04:40:40.021314+09:00,서울대입구역,서울대입구역,POI031,KEY_2,2112. 서울대입구역 마에스트로,ST-715,27,4,15,126.95064545,37.4813385
2026-06-15T04:40:40.021314+09:00,서울식물원·마곡나루역,서울식물원·마곡나루역,POI032,KEY_3,2715.마곡나루역 2번 출구,ST-2031,4,1,25,126.82743835,37.56692505
2026-06-15T04:40:40.021314+09:00,서울식물원·마곡나루역,서울식물원·마곡나루역,POI032,KEY_3,2725.서울식물원 식물문화센터,ST-2042,70,14,20,126.83563232,37.56883621
2026-06-15T04:40:40.021314+09:00,서울식물원·마곡나루역,서울식물원·마곡나루역,POI032,KEY_3,2727.서울식물원 잔디마당 앞,ST-2044,24,6,25,126.8306427,37.5639267
2026-06-15T04:40:40.021314+09:00,서울식물원·마곡나루역,서울식물원·마곡나루역,POI032,KEY_3,6177. 마곡롯데캐슬르웨스트,ST-3324,300,30,10,126.82462311,37.56356049
2026-06-15T04:40:40.021314+09:00,서울식물원·마곡나루역,서울식물원·마곡나루역,POI032,KEY_3,5098. LG사이언스파크 W4동,ST-3261,5,1,20,126.82978821,37.56403732
2026-06-15T04:40:40.021314+09:00,서울식물원·마곡나루역,서울식물원·마곡나루역,POI032,KEY_3,5097. LG사이언스파크 E2동,ST-3259,5,2,40,126.83208466,37.56381607
2026-06-15T04:40:40.021314+09:00,서울역,서울역,POI033,KEY_4,435. SK 남산빌딩,ST-1670,190,19,10,126.97561646,37.55686188
2026-06-15T04:40:40.021314+09:00,서울역,서울역,POI033,KEY_4,485.서울역5번출구,ST-1791,50,5,10,126.97319794,37.55677032
2026-06-15T04:40:40.021314+09:00,서울역,서울역,POI033,KEY_4,379. 서울역9번출구,ST-194,43,3,7,126.97330475,37.55580521
2026-06-15T04:40:40.021314+09:00,서울역,서울역,POI033,KEY_4,6062.서울역파출소,ST-3413,50,5,10,126.97183228,37.55709457
2026-06-15T04:40:40.021314+09:00,서울역,서울역,POI033,KEY_4,4760. 서울역 7번출구,ST-2430,0,0,10,126.97364044,37.55664444
2026-06-15T04:40:40.021314+09:00,서울역,서울역,POI033,KEY_4,4794. 서울역 서부교차로(3),ST-2786,38,3,8,126.96942139,37.55540848
2026-06-15T04:40:40.021314+09:00,선릉역,선릉역,POI034,KEY_1,2328. 르네상스 호텔 사거리 역삼지하보도 7번출구 앞,ST-811,170,17,10,127.04273224,37.50321198
2026-06-15T04:40:40.021314+09:00,선릉역,선릉역,POI034,KEY_1,2369. KT선릉타워,ST-1178,5,1,20,127.0528717,37.50542831
2026-06-15T04:40:40.021314+09:00,선릉역,선릉역,POI034,KEY_1,2319. 포스코사거리 서측(수협 삼성동 지점),ST-802,30,3,10,127.05467987,37.50660706
2026-06-15T04:40:40.021314+09:00,선릉역,선릉역,POI034,KEY_1,2329. 르네상스호텔사거리 역삼지하보도 2번출구,ST-812,10,1,10,127.04319,37.50235748
2026-06-15T04:40:40.021314+09:00,선릉역,선릉역,POI034,KEY_1,2332. 선릉역3번출구,ST-815,63,5,8,127.04903412,37.50410461
2026-06-15T04:40:40.021314+09:00,성신여대입구역,성신여대입구역,POI035,KEY_2,1337. 돈암성당 옆,ST-1201,38,5,13,127.01716614,37.59039307
2026-06-15T04:40:40.021314+09:00,성신여대입구역,성신여대입구역,POI035,KEY_2,1384.성신여대입구역 5번출구,ST-2225,269,35,13,127.01628876,37.59282684
2026-06-15T04:40:40.021314+09:00,성신여대입구역,성신여대입구역,POI035,KEY_2,1385.성신여대입구역 3번출구 앞,ST-2226,160,16,10,127.01628876,37.59236526
2026-06-15T04:40:40.021314+09:00,수유역,수유역,POI036,KEY_3,1512. 강북중학교 앞,ST-862,100,20,20,127.02656555,37.64473724
2026-06-15T04:40:40.021314+09:00,수유역,수유역,POI036,KEY_3,1526. 강북종합시장 앞,ST-1100,88,7,8,127.02462769,37.64173889
2026-06-15T04:40:40.021314+09:00,수유역,수유역,POI036,KEY_3,1520. 수유중앙시장,ST-650,257,18,7,127.022789,37.63986206
2026-06-15T04:40:40.021314+09:00,수유역,수유역,POI036,KEY_3,1503. 강북구청사거리(수유역 8번출구),ST-643,43,6,14,127.02672577,37.63926315
2026-06-15T04:40:40.021314+09:00,수유역,수유역,POI036,KEY_3,1552. 강북구청사거리,ST-2125,25,2,8,127.02723694,37.63920212
2026-06-15T04:40:40.021314+09:00,수유역,수유역,POI036,KEY_3,1569.수유역2번출구,ST-2137,0,0,10,127.02590179,37.63796997
2026-06-15T04:40:40.021314+09:00,수유역,수유역,POI036,KEY_3,1530. 광산사거리,ST-1104,123,16,13,127.0223465,37.64355087
2026-06-15T04:40:40.021314+09:00,수유역,수유역,POI036,KEY_3,1535. 효성인텔리안 앞,ST-1109,10,1,10,127.02337646,37.6362915
2026-06-15T04:40:40.021314+09:00,숭례문,숭례문,POI131,KEY_4,445.대한상공회의소,ST-1771,47,7,15,126.97410583,37.56015396
2026-06-15T04:40:40.021314+09:00,숭례문,숭례문,POI131,KEY_4,6060. 신한은행 본점,ST-3342,0,0,8,126.97480774,37.56077576
2026-06-15T04:40:40.021314+09:00,시의회 앞,시의회 앞,POI130,KEY_1,310. 청계광장 옆,ST-126,0,0,8,126.9774704,37.56887817
2026-06-15T04:40:40.021314+09:00,시의회 앞,시의회 앞,POI130,KEY_1,6058. 시청역 2번출구,ST-3297,7,1,15,126.97702026,37.56557846
2026-06-15T04:40:40.021314+09:00,신논현역·논현역,신논현역·논현역,POI037,KEY_2,2542.신논현타워 앞,ST-1926,10,1,10,127.02391052,37.50508881
2026-06-15T04:40:40.021314+09:00,신논현역·논현역,신논현역·논현역,POI037,KEY_2,2302. 교보타워 버스정류장(신논현역 3번출구 후면),ST-787,80,8,10,127.02427673,37.5055809
2026-06-15T04:40:40.021314+09:00,신논현역·논현역,신논현역·논현역,POI037,KEY_2,4347. 논현지하보도,ST-3332,100,10,10,127.02232361,37.50836945
2026-06-15T04:40:40.021314+09:00,신림역,신림역,POI039,KEY_4,2175. 신림동걷고싶은문화의거리입구,ST-1270,100,7,7,126.92870331,37.48730087
2026-06-15T04:40:40.021314+09:00,신림역,신림역,POI039,KEY_4,2102. 봉림교 교통섬,ST-702,92,12,13,126.92688751,37.48408508
2026-06-15T04:40:40.021314+09:00,신림역,신림역,POI039,KEY_4,2136. 신림역 8번출구,ST-976,38,3,8,126.93006897,37.48450851
2026-06-15T04:40:40.021314+09:00,신정네거리역,신정네거리역,POI117,KEY_1,722. 경서농협 버스정류장(우리은행신정동지점방향),ST-993,180,18,10,126.85738373,37.52151108
2026-06-15T04:40:40.021314+09:00,신정네거리역,신정네거리역,POI117,KEY_1,706. 신정네거리역,ST-313,107,16,15,126.85175323,37.5218811
2026-06-15T04:40:40.021314+09:00,신정네거리역,신정네거리역,POI117,KEY_1,4507. 신정제일시장,ST-2759,90,9,10,126.85499573,37.52122498
2026-06-15T04:40:40.021314+09:00,신정네거리역,신정네거리역,POI117,KEY_1,4509. 서울영상고교 입구,ST-2761,200,30,15,126.85928345,37.52198029
2026-06-15T04:40:40.021314+09:00,신정네거리역,신정네거리역,POI117,KEY_1,4510. 신정네거리역 교차로,ST-2762,15,2,13,126.85228729,37.52175903
2026-06-15T04:40:40.021314+09:00,신촌·이대역,신촌·이대역,POI040,KEY_2,134. 연세로 명물길,ST-36,100,8,8,126.93807983,37.55789185
2026-06-15T04:40:40.021314+09:00,신촌·이대역,신촌·이대역,POI040,KEY_2,128. 신촌역(2호선) 1번출구 옆,ST-30,0,0,19,126.93634033,37.55549622
2026-06-15T04:40:40.021314+09:00,신촌·이대역,신촌·이대역,POI040,KEY_2,129. 신촌역(2호선) 6번출구 옆,ST-31,30,3,10,126.93756866,37.55505371
2026-06-15T04:40:40.021314+09:00,신촌·이대역,신촌·이대역,POI040,KEY_2,135. 명물길 원형무대 앞,ST-37,70,7,10,126.93984222,37.55922699
2026-06-15T04:40:40.021314+09:00,신촌·이대역,신촌·이대역,POI040,KEY_2,137. 신촌기차역입구 교차로,ST-39,10,1,10,126.9431839,37.55681229
2026-06-15T04:40:40.021314+09:00,신촌·이대역,신촌·이대역,POI040,KEY_2,150. 서강대역 2번출구 앞,ST-207,7,1,15,126.93434143,37.55295563
2026-06-15T04:40:40.021314+09:00,신촌·이대역,신촌·이대역,POI040,KEY_2,130. 신촌역(2호선) 7번출구 앞,ST-32,0,0,10,126.93626404,37.5550499
2026-06-15T04:40:40.021314+09:00,신촌·이대역,신촌·이대역,POI040,KEY_2,3116.신촌역 4번출구,ST-2201,0,0,10,126.93720245,37.55550385
2026-06-15T04:40:40.021314+09:00,신촌·이대역,신촌·이대역,POI040,KEY_2,4248. 신촌 교보빌딩,ST-3021,0,0,10,126.94034576,37.5560112
2026-06-15T04:40:40.021314+09:00,신촌·이대역,신촌·이대역,POI040,KEY_2,4274. 신촌 파랑고래 입구,ST-3140,10,1,10,126.93603516,37.55687714
2026-06-15T04:40:40.021314+09:00,쌍문역,쌍문역,POI070,KEY_3,1709. 쌍문역4번출구 주변,ST-616,71,12,17,127.03534698,37.65012741
2026-06-15T04:40:40.021314+09:00,쌍문역,쌍문역,POI070,KEY_3,1774.정의여중고 버스정류소,ST-2119,288,23,8,127.034729,37.65134811
2026-06-15T04:40:40.021314+09:00,쌍문역,쌍문역,POI070,KEY_3,1754. 창동시장입구 사거리,ST-2099,55,6,11,127.03343201,37.64689636
2026-06-15T04:40:40.021314+09:00,쌍문역,쌍문역,POI070,KEY_3,4054. 창동한신아파트 버스정류소,ST-2722,290,29,10,127.03527069,37.64601898
2026-06-15T04:40:40.021314+09:00,양재역,양재역,POI041,KEY_4,2242.양재역 10번 출구 앞,ST-767,0,0,20,127.03417969,37.48398972
2026-06-15T04:40:40.021314+09:00,양재역,양재역,POI041,KEY_4,2333. 양재역 3번출구 주변,ST-816,79,11,14,127.03407288,37.48515701
2026-06-15T04:40:40.021314+09:00,양재역,양재역,POI041,KEY_4,2293. SPC 앞,ST-1360,50,5,10,127.03699493,37.48479843
2026-06-15T04:40:40.021314+09:00,양재역,양재역,POI041,KEY_4,4329. SC제일은행 양재동지점 앞,ST-2962,50,4,8,127.03315735,37.48573685
2026-06-15T04:40:40.021314+09:00,역삼역,역삼역,POI042,KEY_1,2410. 포스코피앤에스타워 (역삼역 3번출구 부근),ST-1680,80,8,10,127.03375244,37.49959946
2026-06-15T04:40:40.021314+09:00,역삼역,역삼역,POI042,KEY_1,2430.강남파이낸스센터앞(역삼역2번출구),ST-1896,110,11,10,127.03605652,37.50024414
2026-06-15T04:40:40.021314+09:00,역삼역,역삼역,POI042,KEY_1,2349. 역삼빌딩 앞(하나은행 옆),ST-959,108,13,12,127.03856659,37.50154495
2026-06-15T04:40:40.021314+09:00,연신내역,연신내역,POI043,KEY_2,949. 연신내역 1번 출구,ST-1035,250,15,6,126.92080688,37.61978149
2026-06-15T04:40:40.021314+09:00,연신내역,연신내역,POI043,KEY_2,906. 연신내역 5번출구,ST-454,88,7,8,126.91957855,37.61721039
2026-06-15T04:40:40.021314+09:00,연신내역,연신내역,POI043,KEY_2,922. 연신내역 4번출구,ST-470,10,1,10,126.92196655,37.61780167
2026-06-15T04:40:40.021314+09:00,오목교역·목동운동장,오목교역·목동운동장,POI044,KEY_3,771.목동아파트 703동 앞,ST-1997,150,12,8,126.87016296,37.52820587
2026-06-15T04:40:40.021314+09:00,오목교역·목동운동장,오목교역·목동운동장,POI044,KEY_3,756. 목동주차장,ST-1497,20,3,15,126.8761673,37.52667999
2026-06-15T04:40:40.021314+09:00,오목교역·목동운동장,오목교역·목동운동장,POI044,KEY_3,769.CBS방송국 앞,ST-1995,240,48,20,126.87467194,37.52785492
2026-06-15T04:40:40.021314+09:00,오목교역·목동운동장,오목교역·목동운동장,POI044,KEY_3,792.목동트라팰리스 웨스턴에비뉴,ST-2017,20,4,20,126.8709259,37.52537155
2026-06-15T04:40:40.021314+09:00,오목교역·목동운동장,오목교역·목동운동장,POI044,KEY_3,748. 목동운동장,ST-1019,67,10,15,126.87930298,37.53025055
2026-06-15T04:40:40.021314+09:00,오목교역·목동운동장,오목교역·목동운동장,POI044,KEY_3,791.현대하이페리온,ST-2016,153,23,15,126.86980438,37.52490234
2026-06-15T04:40:40.021314+09:00,오목교역·목동운동장,오목교역·목동운동장,POI044,KEY_3,747. 목동3단지 상가,ST-1018,0,0,10,126.8756485,37.53458023
2026-06-15T04:40:40.021314+09:00,오목교역·목동운동장,오목교역·목동운동장,POI044,KEY_3,703. 오목교역 7번출구 앞,ST-311,17,2,12,126.87524414,37.52362823
2026-06-15T04:40:40.021314+09:00,오목교역·목동운동장,오목교역·목동운동장,POI044,KEY_3,723. SBS방송국,ST-994,133,20,15,126.87274933,37.52916336
2026-06-15T04:40:40.021314+09:00,오목교역·목동운동장,오목교역·목동운동장,POI044,KEY_3,762. 오목로 무중력지대 앞,ST-1503,140,14,10,126.87766266,37.52474213
2026-06-15T04:40:40.021314+09:00,오목교역·목동운동장,오목교역·목동운동장,POI044,KEY_3,765. 오목교역 3번출구,ST-1731,8,1,12,126.87548065,37.52477646
2026-06-15T04:40:40.021314+09:00,오목교역·목동운동장,오목교역·목동운동장,POI044,KEY_3,731. 서울시 도로환경관리센터,ST-1002,110,11,10,126.87654114,37.5298996
2026-06-15T04:40:40.021314+09:00,오목교역·목동운동장,오목교역·목동운동장,POI044,KEY_3,4514. 목동성당 앞,ST-2764,115,23,20,126.86930084,37.52319717
2026-06-15T04:40:40.021314+09:00,오목교역·목동운동장,오목교역·목동운동장,POI044,KEY_3,4543. 오목교역 6번 출구,ST-3163,89,8,9,126.87567139,37.5236702
2026-06-15T04:40:40.021314+09:00,오목교역·목동운동장,오목교역·목동운동장,POI044,KEY_3,4546. 목동운동장 주경기장,ST-3227,213,64,30,126.88307953,37.52937698
2026-06-15T04:40:40.021314+09:00,오목교역·목동운동장,오목교역·목동운동장,POI044,KEY_3,4532. 목동현대아파트 후문 앞,ST-2879,190,19,10,126.87805939,37.5221405
2026-06-15T04:40:40.021314+09:00,왕십리역,왕십리역,POI045,KEY_4,558. 성동광진 교육지원청 앞,ST-359,70,14,20,127.03652191,37.56460571
2026-06-15T04:40:40.021314+09:00,왕십리역,왕십리역,POI045,KEY_4,525. 한양대병원사거리,ST-241,10,2,20,127.04035187,37.55805206
2026-06-15T04:40:40.021314+09:00,왕십리역,왕십리역,POI045,KEY_4,559. 왕십리역 4번 출구 건너편,ST-360,0,0,13,127.03679657,37.56109619
2026-06-15T04:40:40.021314+09:00,왕십리역,왕십리역,POI045,KEY_4,3561.행당동 삼부APT후문,ST-2343,40,4,10,127.03839874,37.55926895
2026-06-15T04:40:40.021314+09:00,왕십리역,왕십리역,POI045,KEY_4,3545.한양대역 1번출구,ST-2327,70,7,10,127.04335785,37.55657959
2026-06-15T04:40:40.021314+09:00,용산역,용산역,POI046,KEY_1,853.용산역 맞은편,ST-2177,0,0,19,126.96595001,37.52841568
2026-06-15T04:40:40.021314+09:00,용산역,용산역,POI046,KEY_1,806. 전자랜드 본관 앞,ST-327,30,6,20,126.96073151,37.5330658
2026-06-15T04:40:40.021314+09:00,용산역,용산역,POI046,KEY_1,845. 용산 선인상가,ST-1615,19,3,16,126.96437836,37.53269958
2026-06-15T04:40:40.021314+09:00,용산역,용산역,POI046,KEY_1,4617. 동원베네스트 건너편,ST-2448,100,6,6,126.95511627,37.52761078
2026-06-15T04:40:40.021314+09:00,용산역,용산역,POI046,KEY_1,4616. 신용산지하차도 앞,ST-2447,7,1,15,126.96411896,37.53248215
2026-06-15T04:40:40.021314+09:00,잠실새내역,잠실새내역,POI118,KEY_3,1222. 잠실새내역 5번 출구 뒤,ST-547,74,17,23,127.08505249,37.51198196
2026-06-15T04:40:40.021314+09:00,잠실새내역,잠실새내역,POI118,KEY_3,1224. 아시아지하보도 2번 출구,ST-548,73,11,15,127.07893372,37.51216888
2026-06-15T04:40:40.021314+09:00,잠실새내역,잠실새내역,POI118,KEY_3,2637. 아시아지하보도 14번 출구,ST-1864,33,5,15,127.07881165,37.51146317
2026-06-15T04:40:40.021314+09:00,잠실새내역,잠실새내역,POI118,KEY_3,2635.잠실새내역 1번출구,ST-1862,5,1,21,127.08673859,37.51129532
2026-06-15T04:40:40.021314+09:00,잠실역,잠실역,POI119,KEY_4,1232. 잠실주공 521동 건너편,ST-550,0,0,10,127.09568787,37.51184082
2026-06-15T04:40:40.021314+09:00,잠실역,잠실역,POI119,KEY_4,1210. 롯데월드타워(잠실역2번출구 쪽),ST-891,7,2,30,127.10095978,37.51312637
2026-06-15T04:40:40.021314+09:00,잠실역,잠실역,POI119,KEY_4,1231. 잠실역 6번출구,ST-840,8,1,13,127.09902954,37.51408768
2026-06-15T04:40:40.021314+09:00,잠실역,잠실역,POI119,KEY_4,2647.잠실 자전거 수리센터 앞,ST-1868,0,0,7,127.10114288,37.51100922
2026-06-15T04:40:40.021314+09:00,장지역,장지역,POI048,KEY_1,1266. 문정동 글샘 공원,ST-1085,10,1,10,127.12000275,37.47880936
2026-06-15T04:40:40.021314+09:00,장지역,장지역,POI048,KEY_1,1245. 문정 법조단지9,ST-905,0,0,10,127.12532806,37.47946548
2026-06-15T04:40:40.021314+09:00,장지역,장지역,POI048,KEY_1,1246. 문정 법조단지10,ST-906,3,1,30,127.12632751,37.47750854
2026-06-15T04:40:40.021314+09:00,장지역,장지역,POI048,KEY_1,1247. 문정 법조단지11,ST-907,0,0,15,127.12351227,37.4788208
2026-06-15T04:40:40.021314+09:00,장지역,장지역,POI048,KEY_1,1244. 문정 법조단지8,ST-904,91,10,11,127.12212372,37.48153687
2026-06-15T04:40:40.021314+09:00,장지역,장지역,POI048,KEY_1,4885. 가든파이브 리빙관,ST-2985,113,9,8,127.123703,37.47709656
2026-06-15T04:40:40.021314+09:00,장지역,장지역,POI048,KEY_1,4491. 장지역 1번출구,ST-2599,0,0,10,127.12678528,37.47953415
2026-06-15T04:40:40.021314+09:00,장한평역,장한평역,POI049,KEY_2,529. 장한평역 8번 출구 앞,ST-243,525,42,8,127.06365967,37.56137085
2026-06-15T04:40:40.021314+09:00,장한평역,장한평역,POI049,KEY_2,626. 군자교 서측 녹지대,ST-394,294,50,17,127.07096863,37.56115341
2026-06-15T04:40:40.021314+09:00,장한평역,장한평역,POI049,KEY_2,4385. 용답동 우체국 주변,ST-3099,240,12,5,127.06151581,37.56168747
2026-06-15T04:40:40.021314+09:00,장한평역,장한평역,POI049,KEY_2,4105. 서울교통공사사거리 교통섬,ST-2499,170,17,10,127.05799103,37.56324005
2026-06-15T04:40:40.021314+09:00,천호역,천호역,POI050,KEY_3,1264. 천호역 10번 출구 앞,ST-1083,0,0,8,127.12280273,37.53858185
2026-06-15T04:40:40.021314+09:00,천호역,천호역,POI050,KEY_3,1009. 천호역4번출구(현대백화점),ST-493,10,2,20,127.12424469,37.53866577
2026-06-15T04:40:40.021314+09:00,천호역,천호역,POI050,KEY_3,3657. 서울천호동우체국,ST-2732,430,43,10,127.12576294,37.54074097
2026-06-15T04:40:40.021314+09:00,총신대입구(이수)역,총신대입구(이수)역,POI051,KEY_4,2264. 이수역 1번출구,ST-935,78,7,9,126.98271942,37.48897171
2026-06-15T04:40:40.021314+09:00,총신대입구(이수)역,총신대입구(이수)역,POI051,KEY_4,2082.7호선 이수역7번출구,ST-2355,30,3,10,126.98179626,37.4846077
2026-06-15T04:40:40.021314+09:00,총신대입구(이수)역,총신대입구(이수)역,POI051,KEY_4,2032. 이수역 11번출구쪽,ST-923,140,14,10,126.98162079,37.48550797
2026-06-15T04:40:40.021314+09:00,총신대입구(이수)역,총신대입구(이수)역,POI051,KEY_4,2511. 이수역 6번출구 앞,ST-1739,140,14,10,126.98234558,37.48398972
2026-06-15T04:40:40.021314+09:00,총신대입구(이수)역,총신대입구(이수)역,POI051,KEY_4,2091. 이수역9번출구,ST-2364,180,27,15,126.98059082,37.48470306
2026-06-15T04:40:40.021314+09:00,충정로역,충정로역,POI052,KEY_1,180. 충정로역 7번출구 아래,ST-233,50,5,10,126.96246338,37.55996704
2026-06-15T04:40:40.021314+09:00,충정로역,충정로역,POI052,KEY_1,3114.충정로역 3번 출구,ST-2198,0,0,7,126.96552277,37.56046295
2026-06-15T04:40:40.021314+09:00,충정로역,충정로역,POI052,KEY_1,3134.SK리쳄블(서울아리수본부),ST-2219,50,5,10,126.96658325,37.56131744
2026-06-15T04:40:40.021314+09:00,충정로역,충정로역,POI052,KEY_1,4266.국민연금공단충정로사옥,ST-3027,22,2,9,126.96414948,37.56184769
2026-06-15T04:40:40.021314+09:00,충정로역,충정로역,POI052,KEY_1,4801. 충정로역 2호선(엘리베이터 앞),ST-3053,0,0,5,126.96414185,37.55937576
2026-06-15T04:40:40.021314+09:00,충정로역,충정로역,POI052,KEY_1,4271. 충정로역 1번 출구,ST-3107,57,4,7,126.96305847,37.55942535
2026-06-15T04:40:40.021314+09:00,충정로역,충정로역,POI052,KEY_1,4752. 삼성사이버빌리지아파트,ST-2624,71,5,7,126.96485901,37.55891418
2026-06-15T04:40:40.021314+09:00,합정역,합정역,POI053,KEY_2,497.합정동주민센터 앞,ST-2156,4,1,25,126.91230011,37.551754
2026-06-15T04:40:40.021314+09:00,합정역,합정역,POI053,KEY_2,105. 합정역 5번출구 앞,ST-7,0,0,5,126.91482544,37.55000687
2026-06-15T04:40:40.021314+09:00,합정역,합정역,POI053,KEY_2,106. 합정역 7번출구 앞,ST-8,8,1,12,126.91282654,37.54864502
2026-06-15T04:40:40.021314+09:00,합정역,합정역,POI053,KEY_2,4211. 시석빌딩 앞,ST-2534,0,0,8,126.91671753,37.54836655
2026-06-15T04:40:40.021314+09:00,혜화역,혜화역,POI054,KEY_3,341. 혜화역 3번출구 뒤,ST-157,13,1,8,127.00178528,37.58156967
2026-06-15T04:40:40.021314+09:00,혜화역,혜화역,POI054,KEY_3,358. 성균관대입구 사거리 A,ST-173,15,2,13,126.99853516,37.58250046
2026-06-15T04:40:40.021314+09:00,혜화역,혜화역,POI054,KEY_3,342. 대학로 마로니에공원,ST-158,32,7,22,127.00234222,37.58044434
2026-06-15T04:40:40.021314+09:00,혜화역,혜화역,POI054,KEY_3,3421.혜화역 1번출구,ST-1818,0,0,10,127.00185394,37.58385468
2026-06-15T04:40:40.021314+09:00,혜화역,혜화역,POI054,KEY_3,3420. 성균관대입구 사거리 B,ST-1817,0,0,10,126.99885559,37.58327484
2026-06-15T04:40:40.021314+09:00,혜화역,혜화역,POI054,KEY_3,3419.국립어린이과학관,ST-1816,0,0,14,126.99736786,37.58194733
2026-06-15T04:40:40.021314+09:00,홍대입구역(2호선),홍대입구역(2호선),POI055,KEY_4,113. 홍대입구역 2번출구 앞,ST-18,0,0,28,126.9238205,37.5574379
2026-06-15T04:40:40.021314+09:00,홍대입구역(2호선),홍대입구역(2호선),POI055,KEY_4,114. 홍대입구역 8번출구 앞,ST-20,0,0,15,126.92442322,37.55706024
2026-06-15T04:40:40.021314+09:00,회기역,회기역,POI056,KEY_1,680.꿈마루어린이도서관 앞,ST-2280,82,18,22,127.05741119,37.59238434
2026-06-15T04:40:40.021314+09:00,회기역,회기역,POI056,KEY_1,670.삼육서울병원 버스정류장,ST-2270,144,13,9,127.06151581,37.5896759
2026-06-15T05:39:19.097802+09:00,광화문·덕수궁,광화문·덕수궁,POI009,KEY_2,391. 시립미술관,ST-977,13,1,8,126.97340393,37.56505203
2026-06-15T05:39:19.097802+09:00,광화문·덕수궁,광화문·덕수궁,POI009,KEY_2,310. 청계광장 옆,ST-126,0,0,8,126.9774704,37.56887817
2026-06-15T05:39:19.097802+09:00,광화문·덕수궁,광화문·덕수궁,POI009,KEY_2,4719. 종로문화원 건너편,ST-3090,0,0,15,126.9805069,37.57571411
2026-06-15T05:39:19.097802+09:00,광화문·덕수궁,광화문·덕수궁,POI009,KEY_2,6058. 시청역 2번출구,ST-3297,7,1,15,126.97702026,37.56557846
2026-06-15T05:39:19.097802+09:00,광화문·덕수궁,광화문·덕수궁,POI009,KEY_2,4796. 서울시청,ST-2693,0,0,20,126.97925568,37.5664711
2026-06-15T05:39:19.097802+09:00,보신각,보신각,POI010,KEY_3,316. 종각역 1번출구 앞,ST-132,13,1,8,126.98178864,37.57039642
2026-06-15T05:39:19.097802+09:00,보신각,보신각,POI010,KEY_3,385. 종각역 5번출구,ST-336,0,0,10,126.98265839,37.56983566
2026-06-15T05:39:19.097802+09:00,보신각,보신각,POI010,KEY_3,3408.종로타워빌딩,ST-1805,0,0,13,126.98323822,37.57070541
2026-06-15T05:39:19.097802+09:00,보신각,보신각,POI010,KEY_3,4708. 조계사앞사거리,ST-2472,0,0,6,126.98283386,37.5721817
2026-06-15T05:39:19.097802+09:00,서울 암사동 유적,서울 암사동 유적,POI011,KEY_4,1007.암사동 선사유적지,ST-491,36,5,14,127.13087463,37.55955887
2026-06-15T05:39:19.097802+09:00,서울 암사동 유적,서울 암사동 유적,POI011,KEY_4,3539. 서원마을,ST-1686,150,15,10,127.13283539,37.56379318
2026-06-15T05:39:19.097802+09:00,창덕궁·종묘,창덕궁·종묘,POI012,KEY_1,337. 창경궁 입구,ST-153,140,7,5,126.99647522,37.57897949
2026-06-15T05:39:19.097802+09:00,창덕궁·종묘,창덕궁·종묘,POI012,KEY_1,359. 원남동사거리,ST-174,25,2,8,126.99768066,37.57606125
2026-06-15T05:39:19.097802+09:00,창덕궁·종묘,창덕궁·종묘,POI012,KEY_1,339. 종로4가 사거리,ST-155,0,0,10,126.99819183,37.57106781
2026-06-15T05:39:19.097802+09:00,창덕궁·종묘,창덕궁·종묘,POI012,KEY_1,338. 세운스퀘어 앞,ST-154,0,0,18,126.99712372,37.57095718
2026-06-15T05:39:19.097802+09:00,창덕궁·종묘,창덕궁·종묘,POI012,KEY_1,3411.종묘,ST-1808,44,4,9,126.99437714,37.57072067
2026-06-15T05:39:19.097802+09:00,창덕궁·종묘,창덕궁·종묘,POI012,KEY_1,3410.종로3가역 8번출구,ST-1807,0,0,10,126.99188995,37.5724678
2026-06-15T05:39:19.097802+09:00,창덕궁·종묘,창덕궁·종묘,POI012,KEY_1,3413.종로플레이스,ST-1810,86,19,22,126.99796295,37.57320023
2026-06-15T05:39:19.097802+09:00,동대문 관광특구,동대문 관광특구,POI002,KEY_3,475.DDP 패션몰,ST-1781,5,1,21,127.0118103,37.56764984
2026-06-15T05:39:19.097802+09:00,동대문 관광특구,동대문 관광특구,POI002,KEY_3,474.동대문역사문화공원역 1번출구 뒤편,ST-1780,5,2,40,127.00849152,37.56629944
2026-06-15T05:39:19.097802+09:00,동대문 관광특구,동대문 관광특구,POI002,KEY_3,383. 신당역 12번 출구 뒤,ST-198,117,28,24,127.01642609,37.56591797
2026-06-15T05:39:19.097802+09:00,동대문 관광특구,동대문 관광특구,POI002,KEY_3,346. 맥스타일 앞,ST-162,60,6,10,127.01014709,37.5689621
2026-06-15T05:39:19.097802+09:00,동대문 관광특구,동대문 관광특구,POI002,KEY_3,347. 동대문역사문화공원역 9번출구 앞,ST-163,28,5,18,127.00784302,37.56533051
2026-06-15T05:39:19.097802+09:00,동대문 관광특구,동대문 관광특구,POI002,KEY_3,4765. 동대문디자인플라자,ST-2431,65,13,20,127.00946045,37.5683136
2026-06-15T05:39:19.097802+09:00,동대문 관광특구,동대문 관광특구,POI002,KEY_3,6061.충무아트센터,ST-3381,120,12,10,127.01522064,37.56538773
2026-06-15T05:39:19.097802+09:00,명동 관광특구,명동 관광특구,POI003,KEY_4,324. 신세계백화점 본점 앞,ST-140,0,0,8,126.9805069,37.56134415
2026-06-15T05:39:19.097802+09:00,명동 관광특구,명동 관광특구,POI003,KEY_4,310. 청계광장 옆,ST-126,0,0,8,126.9774704,37.56887817
2026-06-15T05:39:19.097802+09:00,명동 관광특구,명동 관광특구,POI003,KEY_4,466.롯데호텔,ST-1772,8,1,13,126.97981262,37.56584167
2026-06-15T05:39:19.097802+09:00,명동 관광특구,명동 관광특구,POI003,KEY_4,321. KEB 하나금융그룹 명동사옥 옆,ST-137,7,1,15,126.98413849,37.56546402
2026-06-15T05:39:19.097802+09:00,명동 관광특구,명동 관광특구,POI003,KEY_4,433. 을지로입구역 2번출구,ST-1668,0,0,12,126.98229218,37.56634521
2026-06-15T05:39:19.097802+09:00,명동 관광특구,명동 관광특구,POI003,KEY_4,322. 명동성당 앞,ST-138,0,0,10,126.98696899,37.56447601
2026-06-15T05:39:19.097802+09:00,명동 관광특구,명동 관광특구,POI003,KEY_4,318. 광교사거리 남측,ST-134,0,0,10,126.98231506,37.56863403
2026-06-15T05:39:19.097802+09:00,명동 관광특구,명동 관광특구,POI003,KEY_4,320. 을지로입구역 4번출구 앞,ST-136,0,0,17,126.98358917,37.56622314
2026-06-15T05:39:19.097802+09:00,명동 관광특구,명동 관광특구,POI003,KEY_4,331. 을지로2가 사거리 북측,ST-147,0,0,10,126.98720551,37.56638336
2026-06-15T05:39:19.097802+09:00,명동 관광특구,명동 관광특구,POI003,KEY_4,398. 을지로3가역 3번출구,ST-1435,13,1,8,126.99249268,37.56660461
2026-06-15T05:39:19.097802+09:00,명동 관광특구,명동 관광특구,POI003,KEY_4,3013.서울지방고용노동청 앞,ST-2422,14,1,7,126.98725891,37.56760406
2026-06-15T05:39:19.097802+09:00,명동 관광특구,명동 관광특구,POI003,KEY_4,4762. 국제빌딩,ST-2517,0,0,10,126.98244476,37.56694794
2026-06-15T05:39:19.097802+09:00,명동 관광특구,명동 관광특구,POI003,KEY_4,6058. 시청역 2번출구,ST-3297,7,1,15,126.97702026,37.56557846
2026-06-15T05:39:19.097802+09:00,명동 관광특구,명동 관광특구,POI003,KEY_4,4774. 을지로입구역 8번출구,ST-2520,0,0,9,126.98178101,37.56590271
2026-06-15T05:39:19.097802+09:00,명동 관광특구,명동 관광특구,POI003,KEY_4,4791. 명동역9번 출구,ST-2527,0,0,10,126.98749542,37.56122589
2026-06-15T05:39:19.097802+09:00,명동 관광특구,명동 관광특구,POI003,KEY_4,4776. 신세계면세점,ST-2522,0,0,10,126.98139191,37.56027603
2026-06-15T05:39:19.097802+09:00,명동 관광특구,명동 관광특구,POI003,KEY_4,4796. 서울시청,ST-2693,0,0,20,126.97925568,37.5664711
2026-06-15T05:39:19.097802+09:00,명동 관광특구,명동 관광특구,POI003,KEY_4,4775. 을지로지하쇼핑센터,ST-2521,10,1,10,126.98445129,37.56589127
2026-06-15T05:39:19.097802+09:00,이태원 관광특구,이태원 관광특구,POI004,KEY_1,854.HID 유족동지회 앞,ST-2178,0,0,10,127.0014801,37.53850937
2026-06-15T05:39:19.097802+09:00,이태원 관광특구,이태원 관광특구,POI004,KEY_1,857. 현대 안성타워,ST-2181,0,0,10,126.99797058,37.53508759
2026-06-15T05:39:19.097802+09:00,이태원 관광특구,이태원 관광특구,POI004,KEY_1,843. 이태원관광특구 입구(용산구청방향),ST-1445,0,0,19,126.98867035,37.53379822
2026-06-15T05:39:19.097802+09:00,이태원 관광특구,이태원 관광특구,POI004,KEY_1,4623. 라인프랜즈이태원점 앞,ST-2453,0,0,10,126.99619293,37.53453064
2026-06-15T05:39:19.097802+09:00,이태원 관광특구,이태원 관광특구,POI004,KEY_1,4613. 서울갤러리아 앞,ST-2445,0,0,5,126.99937439,37.53597641
2026-06-15T05:39:19.097802+09:00,이태원 관광특구,이태원 관광특구,POI004,KEY_1,4634. 이태원역 3번 출구,ST-3056,0,0,5,126.99497223,37.5343895
2026-06-15T05:39:19.097802+09:00,이태원 관광특구,이태원 관광특구,POI004,KEY_1,4612. 이태원로 255,ST-2444,20,1,5,127.00084686,37.53749847
2026-06-15T05:39:19.097802+09:00,잠실 관광특구,잠실 관광특구,POI005,KEY_2,1210. 롯데월드타워(잠실역2번출구 쪽),ST-891,0,0,30,127.10095978,37.51312637
2026-06-15T05:39:19.097802+09:00,잠실 관광특구,잠실 관광특구,POI005,KEY_2,1297. 석촌호수교차로(동호 팔각정 앞),ST-1586,0,0,15,127.10411835,37.50920105
2026-06-15T05:39:19.097802+09:00,잠실 관광특구,잠실 관광특구,POI005,KEY_2,1268. 몽촌토성역 1번출구 옆,ST-1087,13,2,15,127.11419678,37.51728821
2026-06-15T05:39:19.097802+09:00,잠실 관광특구,잠실 관광특구,POI005,KEY_2,1233. 잠실3거리(갤러리아팰리스),ST-551,22,2,9,127.09336853,37.51050949
2026-06-15T05:39:19.097802+09:00,잠실 관광특구,잠실 관광특구,POI005,KEY_2,1296. 석촌호수교차로 (송파나루근린공원 앞),ST-1585,0,0,10,127.1034317,37.50867844
2026-06-15T05:39:19.097802+09:00,잠실 관광특구,잠실 관광특구,POI005,KEY_2,1232. 잠실주공 521동 건너편,ST-550,40,4,10,127.09568787,37.51184082
2026-06-15T05:39:19.097802+09:00,잠실 관광특구,잠실 관광특구,POI005,KEY_2,1267. 올림픽공원 남2문 앞,ST-1086,7,1,14,127.12306976,37.51424026
2026-06-15T05:39:19.097802+09:00,잠실 관광특구,잠실 관광특구,POI005,KEY_2,2601. 석촌호수 아뜰리에,ST-1590,25,4,16,127.09883118,37.5067482
2026-06-15T05:39:19.097802+09:00,잠실 관광특구,잠실 관광특구,POI005,KEY_2,2608. 송파구청,ST-1681,20,2,10,127.10611725,37.51499176
2026-06-15T05:39:19.097802+09:00,잠실 관광특구,잠실 관광특구,POI005,KEY_2,2622. 올림픽공원역 3번출구,ST-1720,5,1,20,127.13059235,37.51625824
2026-06-15T05:39:19.097802+09:00,잠실 관광특구,잠실 관광특구,POI005,KEY_2,2621. 한성백제역 2번 출구,ST-1719,20,3,15,127.11625671,37.51665878
2026-06-15T05:39:19.097802+09:00,잠실 관광특구,잠실 관광특구,POI005,KEY_2,2647.잠실 자전거 수리센터 앞,ST-1868,14,1,7,127.10114288,37.51100922
2026-06-15T05:39:19.097802+09:00,잠실 관광특구,잠실 관광특구,POI005,KEY_2,4481. 올림픽공원 북2문 B,ST-2592,96,24,25,127.12751007,37.52397537
2026-06-15T05:39:19.097802+09:00,잠실 관광특구,잠실 관광특구,POI005,KEY_2,4857. 올림픽공원 장미광장,ST-2621,0,0,15,127.126297,37.51275635
2026-06-15T05:39:19.097802+09:00,잠실 관광특구,잠실 관광특구,POI005,KEY_2,5751. 송파여성축구장,ST-3069,30,3,10,127.11743927,37.52471542
2026-06-15T05:39:19.097802+09:00,잠실 관광특구,잠실 관광특구,POI005,KEY_2,5781. 올림픽공원 수영장,ST-3300,107,15,14,127.12688446,37.52157211
2026-06-15T05:39:19.097802+09:00,잠실 관광특구,잠실 관광특구,POI005,KEY_2,4868. 석촌호수 서호 남단,ST-2833,10,1,10,127.10124207,37.50717163
2026-06-15T05:39:19.097802+09:00,잠실 관광특구,잠실 관광특구,POI005,KEY_2,4865. 한성백제역 1번출구 뒤,ST-2797,140,7,5,127.1149826,37.51647949
2026-06-15T05:39:19.097802+09:00,잠실 관광특구,잠실 관광특구,POI005,KEY_2,4464. 올림픽공원 북2문 A,ST-2580,33,5,15,127.12804413,37.52357483
2026-06-15T05:39:19.097802+09:00,잠실 관광특구,잠실 관광특구,POI005,KEY_2,4856. 올림픽공원 서1문 앞,ST-2608,80,8,10,127.11457062,37.5202179
2026-06-15T05:39:19.097802+09:00,잠실 관광특구,잠실 관광특구,POI005,KEY_2,4862. 성내교 남단,ST-2756,80,8,10,127.11588287,37.52301788
2026-06-15T05:39:19.097802+09:00,잠실 관광특구,잠실 관광특구,POI005,KEY_2,4870. 몽촌토성역 3번 출구,ST-2876,20,2,10,127.11232758,37.5170784
2026-06-15T05:39:19.097802+09:00,잠실 관광특구,잠실 관광특구,POI005,KEY_2,5768.방이삼거리,ST-3214,58,7,12,127.10822296,37.51237488
2026-06-15T05:39:19.097802+09:00,종로·청계 관광특구,종로·청계 관광특구,POI006,KEY_3,455. 종로6가역 버스정류장(동대문 방향),ST-1608,75,6,8,127.00605774,37.570961
2026-06-15T05:39:19.097802+09:00,종로·청계 관광특구,종로·청계 관광특구,POI006,KEY_3,397. 종묘공영주차장 건너편,ST-1432,23,3,13,126.99663544,37.57048035
2026-06-15T05:39:19.097802+09:00,종로·청계 관광특구,종로·청계 관광특구,POI006,KEY_3,368. SK 서린빌딩 앞,ST-181,7,1,15,126.98053741,37.5692482
2026-06-15T05:39:19.097802+09:00,종로·청계 관광특구,종로·청계 관광특구,POI006,KEY_3,385. 종각역 5번출구,ST-336,0,0,10,126.98265839,37.56983566
2026-06-15T05:39:19.097802+09:00,종로·청계 관광특구,종로·청계 관광특구,POI006,KEY_3,393. 동대문역 8번 출구,ST-1372,50,6,12,127.00937653,37.57014084
2026-06-15T05:39:19.097802+09:00,종로·청계 관광특구,종로·청계 관광특구,POI006,KEY_3,335. 종로3가역 15번출구 뒤,ST-151,0,0,10,126.99165344,37.57019424
2026-06-15T05:39:19.097802+09:00,종로·청계 관광특구,종로·청계 관광특구,POI006,KEY_3,329. 청계2가 사거리 옆,ST-145,25,2,8,126.98788452,37.56848526
2026-06-15T05:39:19.097802+09:00,종로·청계 관광특구,종로·청계 관광특구,POI006,KEY_3,3412.세운상가,ST-1809,0,0,15,126.99454498,37.5703125
2026-06-15T05:39:19.097802+09:00,종로·청계 관광특구,종로·청계 관광특구,POI006,KEY_3,3432.종로2가 사거리,ST-1829,0,0,14,126.98880768,37.57001877
2026-06-15T05:39:19.097802+09:00,종로·청계 관광특구,종로·청계 관광특구,POI006,KEY_3,3415.동대문역6번출구,ST-1812,133,20,15,127.0107193,37.57147217
2026-06-15T05:39:19.097802+09:00,종로·청계 관광특구,종로·청계 관광특구,POI006,KEY_3,4707. 청계3가 사거리,ST-2513,0,0,5,126.99211884,37.56855774
2026-06-15T05:39:19.097802+09:00,홍대 관광특구,홍대 관광특구,POI007,KEY_4,113. 홍대입구역 2번출구 앞,ST-18,4,1,28,126.9238205,37.5574379
2026-06-15T05:39:19.097802+09:00,홍대 관광특구,홍대 관광특구,POI007,KEY_4,493.홍대입구역 6번출구,ST-2152,0,0,7,126.9288559,37.55657578
2026-06-15T05:39:19.097802+09:00,홍대 관광특구,홍대 관광특구,POI007,KEY_4,104. 합정역 1번출구 앞,ST-6,0,0,13,126.91508484,37.55073929
2026-06-15T05:39:19.097802+09:00,홍대 관광특구,홍대 관광특구,POI007,KEY_4,108. 서교동 사거리,ST-10,0,0,12,126.91861725,37.55274582
2026-06-15T05:39:19.097802+09:00,홍대 관광특구,홍대 관광특구,POI007,KEY_4,114. 홍대입구역 8번출구 앞,ST-20,0,0,15,126.92442322,37.55706024
2026-06-15T05:39:19.097802+09:00,홍대 관광특구,홍대 관광특구,POI007,KEY_4,3010.홍대입구역 3번출구,ST-2168,7,1,15,126.92538452,37.5582962
2026-06-15T05:39:19.097802+09:00,홍대 관광특구,홍대 관광특구,POI007,KEY_4,3009. 홍대입구역 사거리,ST-2167,0,0,20,126.92023468,37.55450058
2026-06-15T05:39:19.097802+09:00,홍대 관광특구,홍대 관광특구,POI007,KEY_4,4211. 시석빌딩 앞,ST-2534,0,0,8,126.91671753,37.54836655
2026-06-15T05:39:19.097802+09:00,홍대 관광특구,홍대 관광특구,POI007,KEY_4,4208. 스타벅스(동교동) 앞,ST-2532,10,1,10,126.91986847,37.5566597
2026-06-15T05:39:19.097802+09:00,국립중앙박물관·용산가족공원,국립중앙박물관·용산가족공원,POI089,KEY_1,855.이촌역5번출구 앞,ST-2179,120,12,10,126.97277069,37.52272415
2026-06-15T05:39:19.097802+09:00,국립중앙박물관·용산가족공원,국립중앙박물관·용산가족공원,POI089,KEY_1,863.이촌역2번 출구,ST-2187,20,2,10,126.977005,37.52177048
2026-06-15T05:39:19.097802+09:00,남산공원,남산공원,POI091,KEY_3,859.남산공원 야외식물원 앞,ST-2183,0,0,10,126.99586487,37.54188538
2026-06-15T05:39:19.097802+09:00,남산공원,남산공원,POI091,KEY_3,381. 장충체육관,ST-196,0,0,10,127.00698853,37.55853271
2026-06-15T05:39:19.097802+09:00,남산공원,남산공원,POI091,KEY_3,371. 동대입구역 6번출구 뒤,ST-186,20,2,10,127.00553894,37.55887222
2026-06-15T05:39:19.097802+09:00,남산공원,남산공원,POI091,KEY_3,4621. 남산도서관 앞,ST-3054,8,1,12,126.98201752,37.55240631
2026-06-15T05:39:19.097802+09:00,노들섬,노들섬,POI092,KEY_4,869.노들섬 동측 앞,ST-2239,60,6,10,126.95914459,37.51729584
2026-06-15T05:39:19.097802+09:00,노들섬,노들섬,POI092,KEY_4,870.노들섬 서측 앞,ST-2240,100,10,10,126.95829773,37.51731873
2026-06-15T05:39:19.097802+09:00,망원한강공원,망원한강공원,POI094,KEY_2,105. 합정역 5번출구 앞,ST-7,0,0,5,126.91482544,37.55000687
2026-06-15T05:39:19.097802+09:00,망원한강공원,망원한강공원,POI094,KEY_2,4217. 한강공원 망원나들목,ST-2905,30,6,20,126.89688873,37.55557632
2026-06-15T05:39:19.097802+09:00,망원한강공원,망원한강공원,POI094,KEY_2,5515.한강버스 망원 선착장,ST-3388,107,32,30,126.89590454,37.55466461
2026-06-15T05:39:19.097802+09:00,보라매공원,보라매공원,POI123,KEY_4,4181. 보라매공원역 2번출구,ST-3117,67,4,6,126.91781616,37.49582291
2026-06-15T05:39:19.097802+09:00,보라매공원,보라매공원,POI123,KEY_4,4179. 보라매병원역 1번출구,ST-3105,155,31,20,126.92362976,37.49304199
2026-06-15T05:39:19.097802+09:00,북서울꿈의숲,북서울꿈의숲,POI096,KEY_1,1548. 북서울 꿈의숲 서문,ST-1725,47,7,15,127.03781128,37.62268829
2026-06-15T05:39:19.097802+09:00,북서울꿈의숲,북서울꿈의숲,POI096,KEY_1,3718. 번동3단지 버스정류장,ST-2610,182,20,11,127.04390717,37.628685
2026-06-15T05:39:19.097802+09:00,북서울꿈의숲,북서울꿈의숲,POI096,KEY_1,1571.북서울 꿈의 숲 입구,ST-2401,170,17,10,127.03864288,37.62657166
2026-06-15T05:39:19.097802+09:00,서대문독립공원,서대문독립공원,POI124,KEY_2,367. 독립문역 3-1번출구,ST-180,169,22,13,126.95851898,37.57415771
2026-06-15T05:39:19.097802+09:00,서대문독립공원,서대문독립공원,POI124,KEY_2,3113. 독립문 앞,ST-2199,87,13,15,126.95974731,37.57220459
2026-06-15T05:39:19.097802+09:00,서대문독립공원,서대문독립공원,POI124,KEY_2,3427.인왕산 아이파크 정문,ST-1824,250,20,8,126.95584869,37.57666779
2026-06-15T05:39:19.097802+09:00,서대문독립공원,서대문독립공원,POI124,KEY_2,3426.독립문역 2번출구 뒤,ST-1823,150,15,10,126.95755005,37.57501602
2026-06-15T05:39:19.097802+09:00,서리풀공원·몽마르뜨공원,서리풀공원·몽마르뜨공원,POI098,KEY_3,4316. 고속터미널역 3번출구,ST-2667,20,5,25,127.0059433,37.50365829
2026-06-15T05:39:19.097802+09:00,서리풀공원·몽마르뜨공원,서리풀공원·몽마르뜨공원,POI098,KEY_3,4327. 몽마르뜨공원입구,ST-3009,64,7,11,127.0026474,37.4928894
2026-06-15T05:39:19.097802+09:00,서리풀공원·몽마르뜨공원,서리풀공원·몽마르뜨공원,POI098,KEY_3,4312. 반포미도2차아파트 옆,ST-2663,30,3,10,127.00653076,37.50320435
2026-06-15T05:39:19.097802+09:00,서울숲공원,서울숲공원,POI101,KEY_1,510. 뚝도아리수정수센터 버스정류소 옆,ST-107,200,30,15,127.04380035,37.54122162
2026-06-15T05:39:19.097802+09:00,서울숲공원,서울숲공원,POI101,KEY_1,3552.서울숲 공영주차장앞,ST-2334,100,19,19,127.04277039,37.54195786
2026-06-15T05:39:19.097802+09:00,서울숲공원,서울숲공원,POI101,KEY_1,4401.뚝섬유수지 공영주차장,ST-3393,50,5,10,127.042099,37.55018234
2026-06-15T05:39:19.097802+09:00,송현녹지광장,송현녹지광장,POI129,KEY_2,354. 포르투갈 대사관 앞,ST-170,20,2,10,126.98896027,37.57915497
2026-06-15T05:39:19.097802+09:00,송현녹지광장,송현녹지광장,POI129,KEY_2,314. 국립현대미술관,ST-130,0,0,10,126.98085785,37.5797081
2026-06-15T05:39:19.097802+09:00,송현녹지광장,송현녹지광장,POI129,KEY_2,353. 재동초교 앞 삼거리,ST-169,0,0,8,126.9849472,37.57938766
2026-06-15T05:39:19.097802+09:00,송현녹지광장,송현녹지광장,POI129,KEY_2,3407.안국동사거리(신),ST-1804,0,0,18,126.98339081,37.57580566
2026-06-15T05:39:19.097802+09:00,송현녹지광장,송현녹지광장,POI129,KEY_2,4719. 종로문화원 건너편,ST-3090,0,0,15,126.9805069,37.57571411
2026-06-15T05:39:19.097802+09:00,송현녹지광장,송현녹지광장,POI129,KEY_2,4705. 웰니스센터(민방위교육장 앞),ST-2565,50,3,6,126.98912811,37.57752991
2026-06-15T05:39:19.097802+09:00,어린이대공원,어린이대공원,POI104,KEY_2,500. 어린이대공원역 3번출구 앞,ST-97,200,10,5,127.07466888,37.54697037
2026-06-15T05:39:19.097802+09:00,어린이대공원,어린이대공원,POI104,KEY_2,574. 아차산역4번출구,ST-385,132,29,22,127.08898163,37.55184937
2026-06-15T05:39:19.097802+09:00,어린이대공원,어린이대공원,POI104,KEY_2,573. 구의문주차장 앞,ST-384,130,13,10,127.08473206,37.54523087
2026-06-15T05:39:19.097802+09:00,어린이대공원,어린이대공원,POI104,KEY_2,3853. 어린이대공원역 2번출구,ST-2541,39,7,18,127.07470703,37.54764938
2026-06-15T05:39:19.097802+09:00,어린이대공원,어린이대공원,POI104,KEY_2,3529. 어린이대공원정문,ST-1603,33,5,15,127.07592773,37.54978943
2026-06-15T05:39:19.097802+09:00,어린이대공원,어린이대공원,POI104,KEY_2,3507. 어린이회관,ST-1192,45,14,31,127.07800293,37.54595184
2026-06-15T05:39:19.097802+09:00,어린이대공원,어린이대공원,POI104,KEY_2,3860. 건국대학교 정문 앞,ST-2542,140,14,10,127.07571411,37.5465126
2026-06-15T05:39:19.097802+09:00,어린이대공원,어린이대공원,POI104,KEY_2,3573.광나루안전체험관,ST-2312,113,17,15,127.07671356,37.5513382
2026-06-15T05:39:19.097802+09:00,여의도한강공원,여의도한강공원,POI105,KEY_3,260. 여의도 마리나선착장 앞,ST-414,100,15,15,126.91216278,37.53365707
2026-06-15T05:39:19.097802+09:00,여의도한강공원,여의도한강공원,POI105,KEY_3,249. 여의도중학교 옆,ST-297,13,2,16,126.93580627,37.52457809
2026-06-15T05:39:19.097802+09:00,여의도한강공원,여의도한강공원,POI105,KEY_3,5891.한강버스 여의도 선착장,ST-3402,40,12,30,126.93422699,37.52816391
2026-06-15T05:39:19.097802+09:00,여의도한강공원,여의도한강공원,POI105,KEY_3,5890.여의나루역 3번출구,ST-3401,64,7,11,126.93336487,37.52645493
2026-06-15T05:39:19.097802+09:00,여의서로,여의서로,POI126,KEY_4,260. 여의도 마리나선착장 앞,ST-414,100,15,15,126.91216278,37.53365707
2026-06-15T05:39:19.097802+09:00,여의서로,여의서로,POI126,KEY_4,298.KBS 연구동 건너편,ST-1970,56,14,25,126.91374207,37.52724838
2026-06-15T05:39:19.097802+09:00,여의서로,여의서로,POI126,KEY_4,297.국회3문,ST-1969,10,1,10,126.91267395,37.52863693
2026-06-15T05:39:19.097802+09:00,올림픽공원,올림픽공원,POI127,KEY_1,1268. 몽촌토성역 1번출구 옆,ST-1087,13,2,15,127.11419678,37.51728821
2026-06-15T05:39:19.097802+09:00,올림픽공원,올림픽공원,POI127,KEY_1,1267. 올림픽공원 남2문 앞,ST-1086,7,1,14,127.12306976,37.51424026
2026-06-15T05:39:19.097802+09:00,올림픽공원,올림픽공원,POI127,KEY_1,2622. 올림픽공원역 3번출구,ST-1720,5,1,20,127.13059235,37.51625824
2026-06-15T05:39:19.097802+09:00,올림픽공원,올림픽공원,POI127,KEY_1,2621. 한성백제역 2번 출구,ST-1719,20,3,15,127.11625671,37.51665878
2026-06-15T05:39:19.097802+09:00,올림픽공원,올림픽공원,POI127,KEY_1,4481. 올림픽공원 북2문 B,ST-2592,96,24,25,127.12751007,37.52397537
2026-06-15T05:39:19.097802+09:00,올림픽공원,올림픽공원,POI127,KEY_1,4857. 올림픽공원 장미광장,ST-2621,0,0,15,127.126297,37.51275635
2026-06-15T05:39:19.097802+09:00,올림픽공원,올림픽공원,POI127,KEY_1,5751. 송파여성축구장,ST-3069,30,3,10,127.11743927,37.52471542
2026-06-15T05:39:19.097802+09:00,올림픽공원,올림픽공원,POI127,KEY_1,5781. 올림픽공원 수영장,ST-3300,107,15,14,127.12688446,37.52157211
2026-06-15T05:39:19.097802+09:00,올림픽공원,올림픽공원,POI127,KEY_1,4865. 한성백제역 1번출구 뒤,ST-2797,140,7,5,127.1149826,37.51647949
2026-06-15T05:39:19.097802+09:00,올림픽공원,올림픽공원,POI127,KEY_1,4464. 올림픽공원 북2문 A,ST-2580,33,5,15,127.12804413,37.52357483
2026-06-15T05:39:19.097802+09:00,올림픽공원,올림픽공원,POI127,KEY_1,4856. 올림픽공원 서1문 앞,ST-2608,80,8,10,127.11457062,37.5202179
2026-06-15T05:39:19.097802+09:00,올림픽공원,올림픽공원,POI127,KEY_1,4862. 성내교 남단,ST-2756,80,8,10,127.11588287,37.52301788
2026-06-15T05:39:19.097802+09:00,월드컵공원,월드컵공원,POI106,KEY_2,419. 홈플러스 마포점 앞,ST-87,143,30,21,126.89942932,37.56842041
2026-06-15T05:39:19.097802+09:00,월드컵공원,월드컵공원,POI106,KEY_2,186. 월드컵공원,ST-344,213,85,40,126.89820862,37.56396484
2026-06-15T05:39:19.097802+09:00,월드컵공원,월드컵공원,POI106,KEY_2,418. 월드컵경기장역 3번출구 옆,ST-89,15,3,20,126.8992691,37.57277679
2026-06-15T05:39:19.097802+09:00,월드컵공원,월드컵공원,POI106,KEY_2,199. 서울 월드컵 경기장,ST-443,97,29,30,126.89644623,37.56684494
2026-06-15T05:39:19.097802+09:00,월드컵공원,월드컵공원,POI106,KEY_2,440. 하늘공원 입구,ST-1754,73,11,15,126.88134766,37.57012177
2026-06-15T05:39:19.097802+09:00,월드컵공원,월드컵공원,POI106,KEY_2,413. 상암월드컵파크 3단지 후문,ST-92,170,17,10,126.88968658,37.57147598
2026-06-15T05:39:19.097802+09:00,월드컵공원,월드컵공원,POI106,KEY_2,420. 서울시 공공자전거 상암센터,ST-85,111,41,37,126.8961792,37.56624603
2026-06-15T05:39:19.097802+09:00,월드컵공원,월드컵공원,POI106,KEY_2,3008.DMC역7번출구,ST-2166,70,7,10,126.89836121,37.57711411
2026-06-15T05:39:19.097802+09:00,응봉산,응봉산,POI107,KEY_3,569. 응봉현대아파트 정류소,ST-370,20,2,10,127.03024292,37.54958344
2026-06-15T05:39:19.097802+09:00,응봉산,응봉산,POI107,KEY_3,3525. 금호스포츠센터앞,ST-1599,67,10,15,127.02507019,37.54608917
2026-06-15T05:39:19.097802+09:00,응봉산,응봉산,POI107,KEY_3,3511. 응봉역 1번출구,ST-1195,250,25,10,127.0351944,37.55130386
2026-06-15T05:39:19.097802+09:00,청계산,청계산,POI112,KEY_4,2203. 청계산입구역 2번출구,ST-925,130,13,10,127.05501556,37.44765854
2026-06-15T05:39:19.097802+09:00,청계산,청계산,POI112,KEY_4,4338.새정이마을버스정류장 앞,ST-3216,60,3,5,127.06594849,37.43474579
2026-06-15T05:39:19.097802+09:00,가락시장,가락시장,POI058,KEY_2,2659.서울친환경유통센터,ST-2410,30,3,10,127.10492706,37.49420929
2026-06-15T05:39:19.097802+09:00,가락시장,가락시장,POI058,KEY_2,2658.가락몰 업무동,ST-2409,100,10,10,127.11569214,37.49535751
2026-06-15T05:39:19.097802+09:00,가락시장,가락시장,POI058,KEY_2,4480. 가락시장 남1문 사거리,ST-2591,67,10,15,127.11745453,37.49201584
2026-06-15T05:39:19.097802+09:00,가락시장,가락시장,POI058,KEY_2,4854. 가락시장역 2번 출구,ST-2606,60,6,10,127.11798859,37.492733
2026-06-15T05:39:19.097802+09:00,가로수길,가로수길,POI059,KEY_3,2362. 신사동 가로수길 입구,ST-1171,0,0,10,127.02245331,37.51763535
2026-06-15T05:39:19.097802+09:00,가로수길,가로수길,POI059,KEY_3,3606. 신사동주민센터 옆,ST-2673,110,11,10,127.02285004,37.52422714
2026-06-15T05:39:19.097802+09:00,가로수길,가로수길,POI059,KEY_3,4903. 신사스퀘어,ST-3066,0,0,10,127.0189743,37.51916885
2026-06-15T05:39:19.097802+09:00,가로수길,가로수길,POI059,KEY_3,4907. 극동스포츠 앞,ST-3078,340,17,5,127.02588654,37.5257225
2026-06-15T05:39:19.097802+09:00,김포공항,김포공항,POI061,KEY_1,3776. 김포공항사거리,ST-2484,100,10,10,126.80518341,37.5675354
2026-06-15T05:39:19.097802+09:00,김포공항,김포공항,POI061,KEY_1,5072. 김포공항입구 교통섬,ST-2947,120,12,10,126.80708313,37.56154633
2026-06-15T05:39:19.097802+09:00,남대문시장,남대문시장,POI115,KEY_2,324. 신세계백화점 본점 앞,ST-140,0,0,8,126.9805069,37.56134415
2026-06-15T05:39:19.097802+09:00,남대문시장,남대문시장,POI115,KEY_2,470.회현역 7번출구,ST-1776,0,0,13,126.98000336,37.55974579
2026-06-15T05:39:19.097802+09:00,남대문시장,남대문시장,POI115,KEY_2,4776. 신세계면세점,ST-2522,0,0,10,126.98139191,37.56027603
2026-06-15T05:39:19.097802+09:00,노량진,노량진,POI063,KEY_3,2003. 사육신공원앞,ST-877,100,10,10,126.94805908,37.51335907
2026-06-15T05:39:19.097802+09:00,노량진,노량진,POI063,KEY_3,2070. 노량진역 2번 출구 앞,ST-1545,50,9,18,126.94306946,37.51391983
2026-06-15T05:39:19.097802+09:00,노량진,노량진,POI063,KEY_3,2002. 노들역 1번출구,ST-683,147,25,17,126.95246887,37.51284409
2026-06-15T05:39:19.097802+09:00,노량진,노량진,POI063,KEY_3,2058. 동작경찰서,ST-1150,186,26,14,126.94352722,37.5135231
2026-06-15T05:39:19.097802+09:00,노량진,노량진,POI063,KEY_3,2050. 노량진역 5번출구,ST-699,147,22,15,126.93997192,37.51324844
2026-06-15T05:39:19.097802+09:00,덕수궁길·정동길,덕수궁길·정동길,POI064,KEY_4,391. 시립미술관,ST-977,13,1,8,126.97340393,37.56505203
2026-06-15T05:39:19.097802+09:00,덕수궁길·정동길,덕수궁길·정동길,POI064,KEY_4,300. 정동사거리,ST-116,0,0,6,126.96923065,37.56805038
2026-06-15T05:39:19.097802+09:00,덕수궁길·정동길,덕수궁길·정동길,POI064,KEY_4,6058. 시청역 2번출구,ST-3297,7,1,15,126.97702026,37.56557846
2026-06-15T05:39:19.097802+09:00,덕수궁길·정동길,덕수궁길·정동길,POI064,KEY_4,4715. 돈의문 박물관 마을,ST-2923,13,2,15,126.96955109,37.56883621
2026-06-15T05:39:19.097802+09:00,북촌한옥마을,북촌한옥마을,POI066,KEY_2,451. 청와대앞길,ST-979,0,0,8,126.97966766,37.58351517
2026-06-15T05:39:19.097802+09:00,북촌한옥마을,북촌한옥마을,POI066,KEY_2,465. 삼청공원 앞,ST-1759,0,0,5,126.9835968,37.58760452
2026-06-15T05:39:19.097802+09:00,북촌한옥마을,북촌한옥마을,POI066,KEY_2,354. 포르투갈 대사관 앞,ST-170,20,2,10,126.98896027,37.57915497
2026-06-15T05:39:19.097802+09:00,북촌한옥마을,북촌한옥마을,POI066,KEY_2,352. 중앙고입구 삼거리,ST-168,0,0,10,126.98523712,37.58341599
2026-06-15T05:39:19.097802+09:00,북촌한옥마을,북촌한옥마을,POI066,KEY_2,314. 국립현대미술관,ST-130,0,0,10,126.98085785,37.5797081
2026-06-15T05:39:19.097802+09:00,북촌한옥마을,북촌한옥마을,POI066,KEY_2,464. 삼청동 골목,ST-1756,0,0,10,126.98169708,37.58419037
2026-06-15T05:39:19.097802+09:00,북촌한옥마을,북촌한옥마을,POI066,KEY_2,353. 재동초교 앞 삼거리,ST-169,0,0,8,126.9849472,37.57938766
2026-06-15T05:39:19.097802+09:00,북촌한옥마을,북촌한옥마을,POI066,KEY_2,3407.안국동사거리(신),ST-1804,0,0,18,126.98339081,37.57580566
2026-06-15T05:39:19.097802+09:00,북촌한옥마을,북촌한옥마을,POI066,KEY_2,4719. 종로문화원 건너편,ST-3090,0,0,15,126.9805069,37.57571411
2026-06-15T05:39:19.097802+09:00,북촌한옥마을,북촌한옥마을,POI066,KEY_2,4705. 웰니스센터(민방위교육장 앞),ST-2565,50,3,6,126.98912811,37.57752991
2026-06-15T05:39:19.097802+09:00,서촌,서촌,POI067,KEY_3,450. 효자동 삼거리,ST-978,10,5,51,126.97254944,37.58360291
2026-06-15T05:39:19.097802+09:00,서촌,서촌,POI067,KEY_3,349. 어린이도서관,ST-165,80,4,5,126.96858978,37.57633209
2026-06-15T05:39:19.097802+09:00,서촌,서촌,POI067,KEY_3,4710. 자교교회 앞,ST-2473,113,9,8,126.97123718,37.58114624
2026-06-15T05:39:19.097802+09:00,서촌,서촌,POI067,KEY_3,4721. 통인시장 정자,ST-3354,175,14,8,126.96878815,37.58055878
2026-06-15T05:39:19.097802+09:00,성수카페거리,성수카페거리,POI068,KEY_4,587. 유니베라 앞,ST-482,60,6,10,127.05264282,37.54541779
2026-06-15T05:39:19.097802+09:00,성수카페거리,성수카페거리,POI068,KEY_4,514. 성수사거리 버스정류장 앞,ST-112,33,4,12,127.06330872,37.54257965
2026-06-15T05:39:19.097802+09:00,성수카페거리,성수카페거리,POI068,KEY_4,513. 뚝섬역 5번 출구 정류소 옆,ST-111,31,4,13,127.04980469,37.54630661
2026-06-15T05:39:19.097802+09:00,성수카페거리,성수카페거리,POI068,KEY_4,3548.뚝섬역 6번출구,ST-2330,20,2,10,127.04766846,37.54695892
2026-06-15T05:39:19.097802+09:00,성수카페거리,성수카페거리,POI068,KEY_4,4399. 더리브 세종타워 앞,ST-3326,14,1,7,127.0580368,37.54378128
2026-06-15T05:39:19.097802+09:00,성수카페거리,성수카페거리,POI068,KEY_4,4377. 우영테크노센터 앞,ST-3003,113,9,8,127.05971527,37.54332352
2026-06-15T05:39:19.097802+09:00,성수카페거리,성수카페거리,POI068,KEY_4,4387. 성수역 1번출구 주변,ST-3121,25,2,8,127.05336761,37.54555893
2026-06-15T05:39:19.097802+09:00,성수카페거리,성수카페거리,POI068,KEY_4,4398. 유원지식산업센터 앞,ST-3325,58,7,12,127.05593109,37.54436493
2026-06-15T05:39:19.097802+09:00,송리단길·호수단길,송리단길·호수단길,POI121,KEY_1,2639.석촌역 8번출구,ST-1866,28,5,18,127.10657501,37.50550461
2026-06-15T05:39:19.097802+09:00,송리단길·호수단길,송리단길·호수단길,POI121,KEY_1,4868. 석촌호수 서호 남단,ST-2833,10,1,10,127.10124207,37.50717163
2026-06-15T05:39:19.097802+09:00,신촌 스타광장,신촌 스타광장,POI122,KEY_2,128. 신촌역(2호선) 1번출구 옆,ST-30,0,0,19,126.93634033,37.55549622
2026-06-15T05:39:19.097802+09:00,신촌 스타광장,신촌 스타광장,POI122,KEY_2,3116.신촌역 4번출구,ST-2201,0,0,10,126.93720245,37.55550385
2026-06-15T05:39:19.097802+09:00,압구정로데오거리,압구정로데오거리,POI071,KEY_3,2365. K+ 타워 앞,ST-1174,0,0,15,127.03847504,37.52330017
2026-06-15T05:39:19.097802+09:00,압구정로데오거리,압구정로데오거리,POI071,KEY_3,2310. 청담동 맥도날드 옆(위치),ST-794,20,2,10,127.04017639,37.52361298
2026-06-15T05:39:19.097802+09:00,여의도,여의도,POI072,KEY_4,201. 진미파라곤 앞,ST-46,7,1,15,126.92133331,37.53123856
2026-06-15T05:39:19.097802+09:00,여의도,여의도,POI072,KEY_4,200. 국회의원회관,ST-45,5,1,22,126.91391754,37.52841568
2026-06-15T05:39:19.097802+09:00,여의도,여의도,POI072,KEY_4,204. 국회의사당역 5번출구 옆,ST-50,8,1,13,126.91702271,37.52816391
2026-06-15T05:39:19.097802+09:00,여의도,여의도,POI072,KEY_4,222. 시범아파트버스정류장 옆,ST-68,125,15,12,126.93688965,37.51902008
2026-06-15T05:39:19.097802+09:00,여의도,여의도,POI072,KEY_4,224. 롯데캐슬 앞,ST-70,5,1,20,126.93236542,37.5200882
2026-06-15T05:39:19.097802+09:00,여의도,여의도,POI072,KEY_4,226. 샛강역 1번출구 앞,ST-72,53,10,19,126.92841339,37.51776505
2026-06-15T05:39:19.097802+09:00,여의도,여의도,POI072,KEY_4,223. 진주아파트상가 앞,ST-69,10,2,20,126.9333725,37.51913071
2026-06-15T05:39:19.097802+09:00,여의도,여의도,POI072,KEY_4,202. 국민일보 앞,ST-47,30,9,30,126.92453003,37.52881622
2026-06-15T05:39:19.097802+09:00,여의도,여의도,POI072,KEY_4,209. 유진투자증권빌딩 앞,ST-55,59,13,22,126.92783356,37.52461243
2026-06-15T05:39:19.097802+09:00,여의도,여의도,POI072,KEY_4,214. 금융감독원 앞,ST-60,0,0,21,126.9208374,37.5230217
2026-06-15T05:39:19.097802+09:00,여의도,여의도,POI072,KEY_4,260. 여의도 마리나선착장 앞,ST-414,100,15,15,126.91216278,37.53365707
2026-06-15T05:39:19.097802+09:00,여의도,여의도,POI072,KEY_4,299.여의도 순복음교회,ST-1971,20,2,10,126.92245483,37.53179169
2026-06-15T05:39:19.097802+09:00,여의도,여의도,POI072,KEY_4,203. 국회의사당역 3번출구 옆,ST-51,20,3,15,126.91870117,37.5280571
2026-06-15T05:39:19.097802+09:00,여의도,여의도,POI072,KEY_4,207. 여의나루역 1번출구 앞,ST-73,15,7,46,126.93190002,37.52715683
2026-06-15T05:39:19.097802+09:00,여의도,여의도,POI072,KEY_4,248. 초원아파트 앞,ST-296,10,1,10,126.92420959,37.53105545
2026-06-15T05:39:19.097802+09:00,여의도,여의도,POI072,KEY_4,225. 앙카라공원 앞,ST-71,38,10,26,126.92961884,37.51758575
2026-06-15T05:39:19.097802+09:00,여의도,여의도,POI072,KEY_4,298.KBS 연구동 건너편,ST-1970,56,14,25,126.91374207,37.52724838
2026-06-15T05:39:19.097802+09:00,여의도,여의도,POI072,KEY_4,249. 여의도중학교 옆,ST-297,13,2,16,126.93580627,37.52457809
2026-06-15T05:39:19.097802+09:00,여의도,여의도,POI072,KEY_4,221. 여의도초교 앞,ST-67,70,7,10,126.93778992,37.52267456
2026-06-15T05:39:19.097802+09:00,여의도,여의도,POI072,KEY_4,270. 증권거래소후문교차로,ST-424,10,1,10,126.92710114,37.52234268
2026-06-15T05:39:19.097802+09:00,여의도,여의도,POI072,KEY_4,213. KT앞,ST-59,37,7,19,126.91895294,37.52190781
2026-06-15T05:39:19.097802+09:00,여의도,여의도,POI072,KEY_4,220. 미성아파트 A동 앞,ST-63,7,2,30,126.92604828,37.5193634
2026-06-15T05:39:19.097802+09:00,여의도,여의도,POI072,KEY_4,219. 롯데캐슬엠파이어 옆,ST-62,33,4,12,126.92583466,37.52069473
2026-06-15T05:39:19.097802+09:00,여의도,여의도,POI072,KEY_4,205. 산업은행 앞,ST-52,90,18,20,126.92050934,37.52626419
2026-06-15T05:39:19.097802+09:00,여의도,여의도,POI072,KEY_4,297.국회3문,ST-1969,10,1,10,126.91267395,37.52863693
2026-06-15T05:39:19.097802+09:00,여의도,여의도,POI072,KEY_4,215. 여의도고교 앞,ST-64,40,4,10,126.93490601,37.52483749
2026-06-15T05:39:19.097802+09:00,여의도,여의도,POI072,KEY_4,217. NH농협은행 앞,ST-66,13,2,15,126.93036652,37.52207947
2026-06-15T05:39:19.097802+09:00,여의도,여의도,POI072,KEY_4,271. 샛강생태공원방문자센터 앞,ST-425,10,1,10,126.9216156,37.51896286
2026-06-15T05:39:19.097802+09:00,여의도,여의도,POI072,KEY_4,206. KBS 앞,ST-53,54,19,35,126.91802216,37.52466583
2026-06-15T05:39:19.097802+09:00,여의도,여의도,POI072,KEY_4,5870. LG트윈타워 앞,ST-3239,20,4,20,126.93017578,37.52833176
2026-06-15T05:39:19.097802+09:00,여의도,여의도,POI072,KEY_4,5889.의원회관출입구 앞,ST-3377,10,1,10,126.91479492,37.52985382
2026-06-15T05:39:19.097802+09:00,여의도,여의도,POI072,KEY_4,5888.여의도성당,ST-3375,14,1,7,126.93920898,37.52164459
2026-06-15T05:39:19.097802+09:00,여의도,여의도,POI072,KEY_4,5853. 여의도역2번출구 앞,ST-3061,10,1,10,126.92271423,37.52243423
2026-06-15T05:39:19.097802+09:00,여의도,여의도,POI072,KEY_4,4564. 63스퀘어,ST-2814,106,18,17,126.93965912,37.52070999
2026-06-15T05:39:19.097802+09:00,여의도,여의도,POI072,KEY_4,5878. 우리은행 앞,ST-3315,10,2,20,126.92162323,37.52349091
2026-06-15T05:39:19.097802+09:00,여의도,여의도,POI072,KEY_4,4582. 국회도서관,ST-2646,75,9,12,126.91817474,37.53054047
2026-06-15T05:39:19.097802+09:00,여의도,여의도,POI072,KEY_4,4580. 국회제2의원회관,ST-2644,0,0,17,126.91316986,37.52974701
2026-06-15T05:39:19.097802+09:00,여의도,여의도,POI072,KEY_4,5891.한강버스 여의도 선착장,ST-3402,40,12,30,126.93422699,37.52816391
2026-06-15T05:39:19.097802+09:00,여의도,여의도,POI072,KEY_4,5893.한국산업은행,ST-3397,10,1,10,126.92175293,37.52814484
2026-06-15T05:39:19.097802+09:00,여의도,여의도,POI072,KEY_4,5897.여의도공작아파트,ST-3426,0,0,10,126.92987061,37.52595139
2026-06-15T05:39:19.097802+09:00,여의도,여의도,POI072,KEY_4,4583. 의정관,ST-2647,8,1,12,126.91747284,37.53214645
2026-06-15T05:39:19.097802+09:00,여의도,여의도,POI072,KEY_4,4579. 국회의사당 본관,ST-2643,106,18,17,126.91404724,37.5325737
2026-06-15T05:39:19.097802+09:00,여의도,여의도,POI072,KEY_4,4589. KRX한국거래소(1),ST-2899,0,0,18,126.92759705,37.52338028
2026-06-15T05:39:19.097802+09:00,여의도,여의도,POI072,KEY_4,4563. 여의도 은하아파트,ST-2813,40,4,10,126.93448639,37.51850891
2026-06-15T05:39:19.097802+09:00,여의도,여의도,POI072,KEY_4,4585. 국회6문,ST-2694,33,2,6,126.91799164,37.53271866
2026-06-15T05:39:19.097802+09:00,여의도,여의도,POI072,KEY_4,5890.여의나루역 3번출구,ST-3401,64,7,11,126.93336487,37.52645493
2026-06-15T05:39:19.097802+09:00,여의도,여의도,POI072,KEY_4,4584. 국회2문,ST-2648,44,4,9,126.91510773,37.52864075
2026-06-15T05:39:19.097802+09:00,여의도,여의도,POI072,KEY_4,5892.국회의사당본관 좌측,ST-3383,29,2,7,126.91375732,37.53090286
2026-06-15T05:39:19.097802+09:00,여의도,여의도,POI072,KEY_4,5879. 국회도서관 2문 앞,ST-3318,113,9,8,126.91668701,37.53107071
2026-06-15T05:39:19.097802+09:00,여의도,여의도,POI072,KEY_4,5859. 여의도 삼부아파트,ST-3160,40,4,10,126.93045807,37.52539444
2026-06-15T05:39:19.097802+09:00,여의도,여의도,POI072,KEY_4,5880. 국회박물관,ST-3319,0,0,7,126.91945648,37.53183365
2026-06-15T05:39:19.097802+09:00,여의도,여의도,POI072,KEY_4,4581. 국회소통관,ST-2645,0,0,12,126.9128952,37.53050232
2026-06-15T05:39:19.097802+09:00,연남동,연남동,POI073,KEY_1,107. 수협 연남동지점,ST-9,20,2,10,126.91871643,37.55784607
2026-06-15T05:39:19.097802+09:00,연남동,연남동,POI073,KEY_1,4233. 코오롱아파트사거리,ST-2979,30,3,10,126.92149353,37.56306458
2026-06-15T05:39:19.097802+09:00,영등포 타임스퀘어,영등포 타임스퀘어,POI074,KEY_2,284. 센트럴 푸르지오 시티 앞,ST-1650,75,12,16,126.90222931,37.51821136
2026-06-15T05:39:19.097802+09:00,영등포 타임스퀘어,영등포 타임스퀘어,POI074,KEY_2,3219.영등포역 1번출구,ST-1990,30,3,10,126.9077301,37.5148468
2026-06-15T05:39:19.097802+09:00,영등포 타임스퀘어,영등포 타임스퀘어,POI074,KEY_2,5858. 영등포역5번출구,ST-3142,30,3,10,126.90807343,37.51669312
2026-06-15T05:39:19.097802+09:00,영등포 타임스퀘어,영등포 타임스퀘어,POI074,KEY_2,4565. 영등포 신세계백화점,ST-2815,10,1,10,126.90364838,37.51803589
2026-06-15T05:39:19.097802+09:00,영등포 타임스퀘어,영등포 타임스퀘어,POI074,KEY_2,5868. 로프트시티오피스텔,ST-3238,283,17,6,126.90843201,37.51906204
2026-06-15T05:39:19.097802+09:00,용리단길,용리단길,POI076,KEY_3,816. 신용산역 6번출구 앞,ST-435,80,20,25,126.96848297,37.53014755
2026-06-15T05:39:19.097802+09:00,용리단길,용리단길,POI076,KEY_3,817. 삼각지역 4번출구 앞,ST-436,144,13,9,126.97173309,37.53345108
2026-06-15T05:39:19.097802+09:00,이태원 앤틱가구거리,이태원 앤틱가구거리,POI077,KEY_4,4634. 이태원역 3번 출구,ST-3056,0,0,5,126.99497223,37.5343895
2026-06-15T05:39:19.097802+09:00,이태원 앤틱가구거리,이태원 앤틱가구거리,POI077,KEY_4,4615. 크라운호텔앞 버스정류소,ST-2446,0,0,7,126.99137878,37.53030014
2026-06-15T05:39:19.097802+09:00,익선동,익선동,POI116,KEY_1,334. 종로3가역 2번출구 뒤,ST-150,20,2,10,126.99179077,37.5705986
2026-06-15T05:39:19.097802+09:00,익선동,익선동,POI116,KEY_1,328. 탑골공원 앞,ST-144,0,0,11,126.9881897,37.57039642
2026-06-15T05:39:19.097802+09:00,익선동,익선동,POI116,KEY_1,327. 낙원상가 옆,ST-143,10,1,10,126.9874649,37.57335663
2026-06-15T05:39:19.097802+09:00,익선동,익선동,POI116,KEY_1,3410.종로3가역 8번출구,ST-1807,0,0,10,126.99188995,37.5724678
2026-06-15T05:39:19.097802+09:00,익선동,익선동,POI116,KEY_1,4713. 현대 뜨레비앙 아파트 앞,ST-2623,57,4,7,126.99062347,37.57528305
2026-06-15T05:39:19.097802+09:00,인사동,인사동,POI078,KEY_2,327. 낙원상가 옆,ST-143,10,1,10,126.9874649,37.57335663
2026-06-15T05:39:19.097802+09:00,인사동,인사동,POI078,KEY_2,326. 안국역 5번출구 앞,ST-142,0,0,15,126.98616028,37.57624054
2026-06-15T05:39:19.097802+09:00,인사동,인사동,POI078,KEY_2,454. 종로2가 버스정류장 (종각방향),ST-1607,8,1,13,126.98638153,37.57035828
2026-06-15T05:39:19.097802+09:00,인사동,인사동,POI078,KEY_2,3408.종로타워빌딩,ST-1805,0,0,13,126.98323822,37.57070541
2026-06-15T05:39:19.097802+09:00,창동 신경제 중심지,창동 신경제 중심지,POI079,KEY_4,1756.서울북부광역등기국,ST-2101,20,2,10,127.04431915,37.65148544
2026-06-15T05:39:19.097802+09:00,창동 신경제 중심지,창동 신경제 중심지,POI079,KEY_4,1662. 노원역7번출구,ST-1279,5,1,20,127.05921173,37.65421677
2026-06-15T05:39:19.097802+09:00,창동 신경제 중심지,창동 신경제 중심지,POI079,KEY_4,1722. 창동청소년수련관,ST-1292,73,11,15,127.05004883,37.65779877
2026-06-15T05:39:19.097802+09:00,창동 신경제 중심지,창동 신경제 중심지,POI079,KEY_4,1674. 서울북부고용센터앞,ST-1291,0,0,15,127.05808258,37.65354919
2026-06-15T05:39:19.097802+09:00,창동 신경제 중심지,창동 신경제 중심지,POI079,KEY_4,1690. 도봉운전면허시험장 버스정류장 옆,ST-1641,0,0,10,127.05931091,37.6577301
2026-06-15T05:39:19.097802+09:00,창동 신경제 중심지,창동 신경제 중심지,POI079,KEY_4,1637. KT 전화국 버스정류장 옆,ST-611,0,0,9,127.06372833,37.6546669
2026-06-15T05:39:19.097802+09:00,창동 신경제 중심지,창동 신경제 중심지,POI079,KEY_4,1686. 상계주공10단지 종합상가 앞,ST-1476,7,1,15,127.05805206,37.66114044
2026-06-15T05:39:19.097802+09:00,창동 신경제 중심지,창동 신경제 중심지,POI079,KEY_4,1775.신원리베르텔 앞,ST-2120,0,0,15,127.04554749,37.65128708
2026-06-15T05:39:19.097802+09:00,창동 신경제 중심지,창동 신경제 중심지,POI079,KEY_4,1657. 노원구청,ST-1125,5,1,20,127.05732727,37.65404892
2026-06-15T05:39:19.097802+09:00,창동 신경제 중심지,창동 신경제 중심지,POI079,KEY_4,1716. 창동역 1번출구 건너편,ST-1132,50,4,8,127.05072784,37.65420151
2026-06-15T05:39:19.097802+09:00,창동 신경제 중심지,창동 신경제 중심지,POI079,KEY_4,1653. 노원역1번출구,ST-1121,30,3,10,127.06362152,37.65620041
2026-06-15T05:39:19.097802+09:00,창동 신경제 중심지,창동 신경제 중심지,POI079,KEY_4,4096.창동역2번출구 하나은행365 앞,ST-3368,50,4,8,127.04550171,37.65283585
2026-06-15T05:39:19.097802+09:00,창동 신경제 중심지,창동 신경제 중심지,POI079,KEY_4,5311. 주공601동 상가 노원지하보도 앞,ST-3116,0,0,5,127.06147766,37.65190125
2026-06-15T05:39:19.097802+09:00,창동 신경제 중심지,창동 신경제 중심지,POI079,KEY_4,5333. 노원역9번-10번 출구 앞,ST-3288,50,5,10,127.063591,37.65655518
2026-06-15T05:39:19.097802+09:00,창동 신경제 중심지,창동 신경제 중심지,POI079,KEY_4,4098.창동역 1번출구 인근,ST-3430,25,2,8,127.04838562,37.65290833
2026-06-15T05:39:19.097802+09:00,청량리 제기동 일대 전통시장,청량리 제기동 일대 전통시장,POI081,KEY_2,640. 동대문경찰서 교차로,ST-407,250,15,6,127.04460144,37.58255005
2026-06-15T05:39:19.097802+09:00,청량리 제기동 일대 전통시장,청량리 제기동 일대 전통시장,POI081,KEY_2,676.FITI시험연구원 앞,ST-2276,44,4,9,127.03547668,37.58143234
2026-06-15T05:39:19.097802+09:00,청량리 제기동 일대 전통시장,청량리 제기동 일대 전통시장,POI081,KEY_2,633. 청량리 기업은행 앞,ST-400,163,13,8,127.04472351,37.58049774
2026-06-15T05:39:19.097802+09:00,청량리 제기동 일대 전통시장,청량리 제기동 일대 전통시장,POI081,KEY_2,4149.제기동역 5번출구,ST-3428,300,21,7,127.03381348,37.5779953
2026-06-15T05:39:19.097802+09:00,청량리 제기동 일대 전통시장,청량리 제기동 일대 전통시장,POI081,KEY_2,4134. 제기동 현대아파트 앞,ST-3206,160,16,10,127.0353241,37.57994843
2026-06-15T05:39:19.097802+09:00,청량리 제기동 일대 전통시장,청량리 제기동 일대 전통시장,POI081,KEY_2,4147.청량리역광장,ST-3405,11,4,35,127.04673767,37.58024597
2026-06-15T05:39:19.097802+09:00,DDP(동대문디자인플라자),DDP(동대문디자인플라자),POI083,KEY_4,475.DDP 패션몰,ST-1781,5,1,21,127.0118103,37.56764984
2026-06-15T05:39:19.097802+09:00,DDP(동대문디자인플라자),DDP(동대문디자인플라자),POI083,KEY_4,474.동대문역사문화공원역 1번출구 뒤편,ST-1780,5,2,40,127.00849152,37.56629944
2026-06-15T05:39:19.097802+09:00,DDP(동대문디자인플라자),DDP(동대문디자인플라자),POI083,KEY_4,347. 동대문역사문화공원역 9번출구 앞,ST-163,28,5,18,127.00784302,37.56533051
2026-06-15T05:39:19.097802+09:00,DDP(동대문디자인플라자),DDP(동대문디자인플라자),POI083,KEY_4,4765. 동대문디자인플라자,ST-2431,65,13,20,127.00946045,37.5683136
2026-06-15T05:39:19.097802+09:00,DMC(디지털미디어시티),DMC(디지털미디어시티),POI084,KEY_1,414. 상암동주민센터 옆,ST-94,163,13,8,126.89447021,37.57822037
2026-06-15T05:39:19.097802+09:00,DMC(디지털미디어시티),DMC(디지털미디어시티),POI084,KEY_1,405. DMC빌 앞,ST-80,13,1,8,126.88578796,37.58265686
2026-06-15T05:39:19.097802+09:00,DMC(디지털미디어시티),DMC(디지털미디어시티),POI084,KEY_1,411. DMC홍보관,ST-90,40,4,10,126.89147186,37.5779953
2026-06-15T05:39:19.097802+09:00,DMC(디지털미디어시티),DMC(디지털미디어시티),POI084,KEY_1,412. DMC산학협력연구센터 앞,ST-91,100,21,21,126.89079285,37.57565689
2026-06-15T05:39:19.097802+09:00,DMC(디지털미디어시티),DMC(디지털미디어시티),POI084,KEY_1,409. 누리꿈스퀘어 옆,ST-86,3,1,30,126.88916016,37.57939911
2026-06-15T05:39:19.097802+09:00,DMC(디지털미디어시티),DMC(디지털미디어시티),POI084,KEY_1,408. LG CNS앞,ST-84,0,0,14,126.88665009,37.58081055
2026-06-15T05:39:19.097802+09:00,DMC(디지털미디어시티),DMC(디지털미디어시티),POI084,KEY_1,425. DMC첨단산업센터,ST-991,30,3,10,126.88559723,37.58450317
2026-06-15T05:39:19.097802+09:00,DMC(디지털미디어시티),DMC(디지털미디어시티),POI084,KEY_1,415. DMC역 9번출구 앞,ST-95,70,7,10,126.89736176,37.57746887
2026-06-15T05:39:19.097802+09:00,DMC(디지털미디어시티),DMC(디지털미디어시티),POI084,KEY_1,417. DMC역 2번출구 옆,ST-93,20,4,20,126.8999176,37.57506943
2026-06-15T05:39:19.097802+09:00,DMC(디지털미디어시티),DMC(디지털미디어시티),POI084,KEY_1,490.가온문화공원,ST-2149,0,0,23,126.88766479,37.58207703
2026-06-15T05:39:19.097802+09:00,DMC(디지털미디어시티),DMC(디지털미디어시티),POI084,KEY_1,489.구룡근린공원,ST-2148,200,20,10,126.88276672,37.58320236
2026-06-15T05:39:19.097802+09:00,DMC(디지털미디어시티),DMC(디지털미디어시티),POI084,KEY_1,3007.MBC 앞,ST-2165,60,6,10,126.89044952,37.58198166
2026-06-15T05:39:19.097802+09:00,DMC(디지털미디어시티),DMC(디지털미디어시티),POI084,KEY_1,3008.DMC역7번출구,ST-2166,70,7,10,126.89836121,37.57711411
2026-06-15T05:39:19.097802+09:00,DMC(디지털미디어시티),DMC(디지털미디어시티),POI084,KEY_1,4214. JTBC 앞,ST-2537,40,4,10,126.8901825,37.57730484
2026-06-15T05:39:19.097802+09:00,DMC(디지털미디어시티),DMC(디지털미디어시티),POI084,KEY_1,4218. 디지털매직스페이스,ST-2974,0,0,13,126.88957977,37.58119965
2026-06-15T05:39:19.097802+09:00,DMC(디지털미디어시티),DMC(디지털미디어시티),POI084,KEY_1,4238. 상암한샘빌딩앞,ST-2981,29,2,7,126.89867401,37.57649231
2026-06-15T05:39:19.097802+09:00,가산디지털단지역,가산디지털단지역,POI013,KEY_2,1835. STX V타워,ST-641,100,10,10,126.88442993,37.47706985
2026-06-15T05:39:19.097802+09:00,가산디지털단지역,가산디지털단지역,POI013,KEY_2,1806. 에이스하이엔드타워9차 앞,ST-621,140,14,10,126.87863922,37.48621368
2026-06-15T05:39:19.097802+09:00,가산디지털단지역,가산디지털단지역,POI013,KEY_2,1805. 서울디지털운동장 앞,ST-620,80,8,10,126.87776947,37.48228836
2026-06-15T05:39:19.097802+09:00,가산디지털단지역,가산디지털단지역,POI013,KEY_2,1850. 코오롱테크노밸리,ST-1277,180,18,10,126.8863678,37.48015976
2026-06-15T05:39:19.097802+09:00,가산디지털단지역,가산디지털단지역,POI013,KEY_2,1834. 월드메르디앙 벤처센터 2차,ST-640,40,4,10,126.87904358,37.47908401
2026-06-15T05:39:19.097802+09:00,가산디지털단지역,가산디지털단지역,POI013,KEY_2,1839. 수출의 다리 아래,ST-1140,25,5,20,126.88615417,37.47743607
2026-06-15T05:39:19.097802+09:00,가산디지털단지역,가산디지털단지역,POI013,KEY_2,1812. 갑을그레이트밸리 앞,ST-624,250,25,10,126.88729858,37.47903061
2026-06-15T05:39:19.097802+09:00,가산디지털단지역,가산디지털단지역,POI013,KEY_2,1867.대륭포스트타워6차 앞,ST-1938,90,27,30,126.8841629,37.48101044
2026-06-15T05:39:19.097802+09:00,가산디지털단지역,가산디지털단지역,POI013,KEY_2,1851. 가산디지털단지 9번출구 인근,ST-1403,180,18,10,126.88148499,37.48123169
2026-06-15T05:39:19.097802+09:00,가산디지털단지역,가산디지털단지역,POI013,KEY_2,1849. 대륭포스트타워5차,ST-1276,190,19,10,126.88694,37.48135376
2026-06-15T05:39:19.097802+09:00,가산디지털단지역,가산디지털단지역,POI013,KEY_2,3985. 디폴리스 지식산업센터,ST-2964,30,6,20,126.87680054,37.48017502
2026-06-15T05:39:19.097802+09:00,가산디지털단지역,가산디지털단지역,POI013,KEY_2,3984. 가산롯데아이티캐슬,ST-2999,300,15,5,126.88083649,37.47636795
2026-06-15T05:39:19.097802+09:00,가산디지털단지역,가산디지털단지역,POI013,KEY_2,3989.가산디지털단지역 9번출구 앞,ST-3396,120,12,10,126.88175964,37.48055267
2026-06-15T05:39:19.097802+09:00,강남역,강남역,POI014,KEY_3,2505. 우성아파트사거리 (기업은행앞),ST-1556,133,16,12,127.02953339,37.49325943
2026-06-15T05:39:19.097802+09:00,강남역,강남역,POI014,KEY_3,2421. 신논현역 4번출구,ST-1887,27,4,15,127.02579498,37.504673
2026-06-15T05:39:19.097802+09:00,강남역,강남역,POI014,KEY_3,3628. 역삼1동 주민센터,ST-2689,30,3,10,127.03302765,37.49521255
2026-06-15T05:39:19.097802+09:00,강남역,강남역,POI014,KEY_3,2407. 역삼서초삼성 세무서 앞 (역삼빌딩 앞),ST-1577,120,12,10,127.03011322,37.49847031
2026-06-15T05:39:19.097802+09:00,강남역,강남역,POI014,KEY_3,4349.삼성화재서초타워,ST-3361,150,9,6,127.02896118,37.49446869
2026-06-15T05:39:19.097802+09:00,건대입구역,건대입구역,POI015,KEY_4,501. 광진문화예술회관 앞,ST-98,43,13,30,127.07035065,37.53730774
2026-06-15T05:39:19.097802+09:00,건대입구역,건대입구역,POI015,KEY_4,3533. 건대입구역 사거리(롯데백화점),ST-1660,20,2,10,127.07078552,37.5392952
2026-06-15T05:39:19.097802+09:00,건대입구역,건대입구역,POI015,KEY_4,3534. 건대입구역 5번출구 뒤,ST-1661,70,7,10,127.06956482,37.54008102
2026-06-15T05:39:19.097802+09:00,고덕역,고덕역,POI016,KEY_1,1072.고덕역 5번출구,ST-1833,9,2,22,127.15372467,37.55486298
2026-06-15T05:39:19.097802+09:00,고덕역,고덕역,POI016,KEY_1,1036. 고덕동 주양쇼핑,ST-1053,140,14,10,127.15331268,37.55199051
2026-06-15T05:39:19.097802+09:00,고덕역,고덕역,POI016,KEY_1,1068.명일파출소,ST-1767,20,2,10,127.15622711,37.5536499
2026-06-15T05:39:19.097802+09:00,교대역,교대역,POI018,KEY_3,2239.교대역 6번출구,ST-765,80,8,10,127.01378632,37.49421692
2026-06-15T05:39:19.097802+09:00,교대역,교대역,POI018,KEY_3,2279. 교대역 5번출구뒤,ST-1305,288,23,8,127.01418304,37.49361801
2026-06-15T05:39:19.097802+09:00,구로디지털단지역,구로디지털단지역,POI019,KEY_4,2801. 대륭포스트타워1차,ST-1753,13,4,30,126.89542389,37.48437119
2026-06-15T05:39:19.097802+09:00,구로디지털단지역,구로디지털단지역,POI019,KEY_4,1962. 가리봉동주민센터,ST-1224,87,13,15,126.89279938,37.48160172
2026-06-15T05:39:19.097802+09:00,구로디지털단지역,구로디지털단지역,POI019,KEY_4,1986. 태평양물산,ST-1521,33,5,15,126.89518738,37.48485947
2026-06-15T05:39:19.097802+09:00,구로디지털단지역,구로디지털단지역,POI019,KEY_4,1911. 구로디지털단지역 앞,ST-668,161,29,18,126.90132141,37.48493958
2026-06-15T05:39:19.097802+09:00,구로디지털단지역,구로디지털단지역,POI019,KEY_4,1955. 디지털입구 교차로,ST-936,220,22,10,126.90103912,37.48288345
2026-06-15T05:39:19.097802+09:00,구로디지털단지역,구로디지털단지역,POI019,KEY_4,2110. 조원동 미성아파트,ST-950,211,19,9,126.90203094,37.48319244
2026-06-15T05:39:19.097802+09:00,구로역,구로역,POI020,KEY_1,1946. 구로역 광장,ST-873,110,11,10,126.88038635,37.50311661
2026-06-15T05:39:19.097802+09:00,구로역,구로역,POI020,KEY_1,3919. 구로역·NC신구로점 버스정류장(구로역 방면),ST-3013,57,8,14,126.88237,37.50096512
2026-06-15T05:39:19.097802+09:00,군자역,군자역,POI021,KEY_2,540. 군자역 7번출구 베스트샵 앞,ST-253,63,5,8,127.0786438,37.55603027
2026-06-15T05:39:19.097802+09:00,군자역,군자역,POI021,KEY_2,3518. 군자역 7번출구뒤,ST-1263,25,2,8,127.07913971,37.55686188
2026-06-15T05:39:19.097802+09:00,군자역,군자역,POI021,KEY_2,3586.군자역 비채온 오피스텔,ST-2325,300,24,8,127.07727051,37.55771255
2026-06-15T05:39:19.097802+09:00,군자역,군자역,POI021,KEY_2,3500. 군자역2번출구,ST-983,214,15,7,127.07969666,37.55758667
2026-06-15T05:39:19.097802+09:00,대림역,대림역,POI023,KEY_3,286. 우성아파트 교차로,ST-1652,142,17,12,126.89974976,37.49457169
2026-06-15T05:39:19.097802+09:00,대림역,대림역,POI023,KEY_3,1975. 대림역 1번 출입구 밑,ST-1237,70,7,10,126.8947525,37.49256516
2026-06-15T05:39:19.097802+09:00,대림역,대림역,POI023,KEY_3,1914. 대림역4번출구,ST-918,120,12,10,126.89444733,37.49440384
2026-06-15T05:39:19.097802+09:00,동대문역,동대문역,POI024,KEY_4,457. 종로꽃시장 입구 옆,ST-1610,50,5,10,127.00720978,37.57131958
2026-06-15T05:39:19.097802+09:00,동대문역,동대문역,POI024,KEY_4,393. 동대문역 8번 출구,ST-1372,50,6,12,127.00937653,37.57014084
2026-06-15T05:39:19.097802+09:00,동대문역,동대문역,POI024,KEY_4,3415.동대문역6번출구,ST-1812,133,20,15,127.0107193,37.57147217
2026-06-15T05:39:19.097802+09:00,미아사거리역,미아사거리역,POI026,KEY_2,1546. 송천동우체국,ST-1665,160,16,10,127.02970123,37.61545944
2026-06-15T05:39:19.097802+09:00,미아사거리역,미아사거리역,POI026,KEY_2,1574.송중초등학교 옆,ST-2405,75,6,8,127.03049469,37.61669922
2026-06-15T05:39:19.097802+09:00,미아사거리역,미아사거리역,POI026,KEY_2,1531. 미아사거리 1번 출구,ST-1105,90,9,10,127.03025055,37.61395645
2026-06-15T05:39:19.097802+09:00,미아사거리역,미아사거리역,POI026,KEY_2,4423.현대백화점 미아점,ST-3203,90,9,10,127.02845764,37.60884857
2026-06-15T05:39:19.097802+09:00,발산역,발산역,POI027,KEY_3,1124. 발산역 6번 출구 뒤,ST-522,17,1,6,126.8384552,37.55817795
2026-06-15T05:39:19.097802+09:00,발산역,발산역,POI027,KEY_3,1117. 등촌5단지아파트 버스정류장,ST-834,30,3,10,126.84426117,37.55819702
2026-06-15T05:39:19.097802+09:00,발산역,발산역,POI027,KEY_3,"1153. 발산역 1번, 9번 인근 대여소",ST-1065,13,4,32,126.83717346,37.55894852
2026-06-15T05:39:19.097802+09:00,발산역,발산역,POI027,KEY_3,1197. 엠펠리체 호텔 건너편,ST-1714,110,22,20,126.83546448,37.56026077
2026-06-15T05:39:19.097802+09:00,발산역,발산역,POI027,KEY_3,3764. 관문주유소(GS칼택스) 앞,ST-2613,210,21,10,126.84183502,37.55802917
2026-06-15T05:39:19.097802+09:00,발산역,발산역,POI027,KEY_3,3760. 발산역 8번 출구,ST-2538,29,5,17,126.83676147,37.55846024
2026-06-15T05:39:19.097802+09:00,발산역,발산역,POI027,KEY_3,3759. 이대서울병원,ST-2569,20,5,25,126.83559418,37.5586319
2026-06-15T05:39:19.097802+09:00,발산역,발산역,POI027,KEY_3,2723.마곡 필네이처,ST-2040,131,17,13,126.83669281,37.56089401
2026-06-15T05:39:19.097802+09:00,발산역,발산역,POI027,KEY_3,2721.등촌1-10단지 교차로,ST-2037,225,27,12,126.8393631,37.56320572
2026-06-15T05:39:19.097802+09:00,발산역,발산역,POI027,KEY_3,2717.LG유플러스 마곡사옥,ST-2033,40,25,62,126.83390045,37.56133652
2026-06-15T05:39:19.097802+09:00,발산역,발산역,POI027,KEY_3,2730.마곡메가박스 앞,ST-2047,63,19,30,126.83495331,37.55912781
2026-06-15T05:39:19.097802+09:00,발산역,발산역,POI027,KEY_3,5061. 우장산동 가곡어린이공원앞,ST-2888,170,17,10,126.83751678,37.55545425
2026-06-15T05:39:19.097802+09:00,발산역,발산역,POI027,KEY_3,5095. 원당근린공원,ST-3226,286,40,14,126.84147644,37.55947495
2026-06-15T05:39:19.097802+09:00,사당역,사당역,POI029,KEY_4,2104. 사당역 5번출구,ST-712,69,9,13,126.98133087,37.47608948
2026-06-15T05:39:19.097802+09:00,사당역,사당역,POI029,KEY_4,2089.사당역10번출구(금강빌딩),ST-2362,50,5,10,126.98150635,37.4791069
2026-06-15T05:39:19.097802+09:00,사당역,사당역,POI029,KEY_4,2222.사당역 12번출구 뒤,ST-753,90,9,10,126.98203278,37.47806931
2026-06-15T05:39:19.097802+09:00,사당역,사당역,POI029,KEY_4,2034. 사당역 7번출구쪽,ST-924,63,12,19,126.98057556,37.47689056
2026-06-15T05:39:19.097802+09:00,삼각지역,삼각지역,POI030,KEY_1,848. 삼각지12번 출구,ST-2172,50,4,8,126.97562408,37.53488922
2026-06-15T05:39:19.097802+09:00,삼각지역,삼각지역,POI030,KEY_1,849. 삼각지 자이아파트,ST-2173,85,17,20,126.97341919,37.53607941
2026-06-15T05:39:19.097802+09:00,삼각지역,삼각지역,POI030,KEY_1,4620. 삼각지역 14번 출구 앞(교통섬),ST-2451,88,7,8,126.97408295,37.53528595
2026-06-15T05:39:19.097802+09:00,서울대입구역,서울대입구역,POI031,KEY_2,2111. 서울대입구역 1번출구,ST-965,0,0,10,126.95331573,37.48086929
2026-06-15T05:39:19.097802+09:00,서울대입구역,서울대입구역,POI031,KEY_2,2116. 에이스에이존빌딩,ST-717,133,12,9,126.95082855,37.48170471
2026-06-15T05:39:19.097802+09:00,서울대입구역,서울대입구역,POI031,KEY_2,2171. 서울대입구역 5번출구,ST-1337,24,4,17,126.95200348,37.48154831
2026-06-15T05:39:19.097802+09:00,서울대입구역,서울대입구역,POI031,KEY_2,2128. 관악구청교차로,ST-720,0,0,12,126.95265198,37.47949982
2026-06-15T05:39:19.097802+09:00,서울대입구역,서울대입구역,POI031,KEY_2,3311.서울대입구역 4번 출구,ST-2394,25,3,12,126.95157623,37.48122025
2026-06-15T05:39:19.097802+09:00,서울대입구역,서울대입구역,POI031,KEY_2,2112. 서울대입구역 마에스트로,ST-715,33,5,15,126.95064545,37.4813385
2026-06-15T05:39:19.097802+09:00,서울식물원·마곡나루역,서울식물원·마곡나루역,POI032,KEY_3,2715.마곡나루역 2번 출구,ST-2031,28,7,25,126.82743835,37.56692505
2026-06-15T05:39:19.097802+09:00,서울식물원·마곡나루역,서울식물원·마곡나루역,POI032,KEY_3,2725.서울식물원 식물문화센터,ST-2042,70,14,20,126.83563232,37.56883621
2026-06-15T05:39:19.097802+09:00,서울식물원·마곡나루역,서울식물원·마곡나루역,POI032,KEY_3,2727.서울식물원 잔디마당 앞,ST-2044,24,6,25,126.8306427,37.5639267
2026-06-15T05:39:19.097802+09:00,서울식물원·마곡나루역,서울식물원·마곡나루역,POI032,KEY_3,5098. LG사이언스파크 W4동,ST-3261,0,0,20,126.82978821,37.56403732
2026-06-15T05:39:19.097802+09:00,서울식물원·마곡나루역,서울식물원·마곡나루역,POI032,KEY_3,5097. LG사이언스파크 E2동,ST-3259,5,2,40,126.83208466,37.56381607
2026-06-15T05:39:19.097802+09:00,서울식물원·마곡나루역,서울식물원·마곡나루역,POI032,KEY_3,6177. 마곡롯데캐슬르웨스트,ST-3324,310,31,10,126.82462311,37.56356049
2026-06-15T05:39:19.097802+09:00,서울역,서울역,POI033,KEY_4,435. SK 남산빌딩,ST-1670,190,19,10,126.97561646,37.55686188
2026-06-15T05:39:19.097802+09:00,서울역,서울역,POI033,KEY_4,485.서울역5번출구,ST-1791,60,6,10,126.97319794,37.55677032
2026-06-15T05:39:19.097802+09:00,서울역,서울역,POI033,KEY_4,379. 서울역9번출구,ST-194,43,3,7,126.97330475,37.55580521
2026-06-15T05:39:19.097802+09:00,서울역,서울역,POI033,KEY_4,6062.서울역파출소,ST-3413,50,5,10,126.97183228,37.55709457
2026-06-15T05:39:19.097802+09:00,서울역,서울역,POI033,KEY_4,4760. 서울역 7번출구,ST-2430,0,0,10,126.97364044,37.55664444
2026-06-15T05:39:19.097802+09:00,서울역,서울역,POI033,KEY_4,4794. 서울역 서부교차로(3),ST-2786,63,5,8,126.96942139,37.55540848
2026-06-15T05:39:19.097802+09:00,선릉역,선릉역,POI034,KEY_1,2328. 르네상스 호텔 사거리 역삼지하보도 7번출구 앞,ST-811,170,17,10,127.04273224,37.50321198
2026-06-15T05:39:19.097802+09:00,선릉역,선릉역,POI034,KEY_1,2369. KT선릉타워,ST-1178,5,1,20,127.0528717,37.50542831
2026-06-15T05:39:19.097802+09:00,선릉역,선릉역,POI034,KEY_1,2319. 포스코사거리 서측(수협 삼성동 지점),ST-802,20,2,10,127.05467987,37.50660706
2026-06-15T05:39:19.097802+09:00,선릉역,선릉역,POI034,KEY_1,2329. 르네상스호텔사거리 역삼지하보도 2번출구,ST-812,10,1,10,127.04319,37.50235748
2026-06-15T05:39:19.097802+09:00,선릉역,선릉역,POI034,KEY_1,2332. 선릉역3번출구,ST-815,75,6,8,127.04903412,37.50410461
2026-06-15T05:39:19.097802+09:00,성신여대입구역,성신여대입구역,POI035,KEY_2,1384.성신여대입구역 5번출구,ST-2225,262,34,13,127.01628876,37.59282684
2026-06-15T05:39:19.097802+09:00,성신여대입구역,성신여대입구역,POI035,KEY_2,1385.성신여대입구역 3번출구 앞,ST-2226,160,16,10,127.01628876,37.59236526
2026-06-15T05:39:19.097802+09:00,성신여대입구역,성신여대입구역,POI035,KEY_2,1337. 돈암성당 옆,ST-1201,54,7,13,127.01716614,37.59039307
2026-06-15T05:39:19.097802+09:00,수유역,수유역,POI036,KEY_3,1512. 강북중학교 앞,ST-862,100,20,20,127.02656555,37.64473724
2026-06-15T05:39:19.097802+09:00,수유역,수유역,POI036,KEY_3,1526. 강북종합시장 앞,ST-1100,63,5,8,127.02462769,37.64173889
2026-06-15T05:39:19.097802+09:00,수유역,수유역,POI036,KEY_3,1520. 수유중앙시장,ST-650,286,20,7,127.022789,37.63986206
2026-06-15T05:39:19.097802+09:00,수유역,수유역,POI036,KEY_3,1503. 강북구청사거리(수유역 8번출구),ST-643,50,7,14,127.02672577,37.63926315
2026-06-15T05:39:19.097802+09:00,수유역,수유역,POI036,KEY_3,1552. 강북구청사거리,ST-2125,25,2,8,127.02723694,37.63920212
2026-06-15T05:39:19.097802+09:00,수유역,수유역,POI036,KEY_3,1530. 광산사거리,ST-1104,108,14,13,127.0223465,37.64355087
2026-06-15T05:39:19.097802+09:00,수유역,수유역,POI036,KEY_3,1569.수유역2번출구,ST-2137,10,1,10,127.02590179,37.63796997
2026-06-15T05:39:19.097802+09:00,수유역,수유역,POI036,KEY_3,1535. 효성인텔리안 앞,ST-1109,10,1,10,127.02337646,37.6362915
2026-06-15T05:39:19.097802+09:00,숭례문,숭례문,POI131,KEY_4,445.대한상공회의소,ST-1771,47,7,15,126.97410583,37.56015396
2026-06-15T05:39:19.097802+09:00,숭례문,숭례문,POI131,KEY_4,6060. 신한은행 본점,ST-3342,13,1,8,126.97480774,37.56077576
2026-06-15T05:39:19.097802+09:00,시의회 앞,시의회 앞,POI130,KEY_1,310. 청계광장 옆,ST-126,0,0,8,126.9774704,37.56887817
2026-06-15T05:39:19.097802+09:00,시의회 앞,시의회 앞,POI130,KEY_1,6058. 시청역 2번출구,ST-3297,7,1,15,126.97702026,37.56557846
2026-06-15T05:39:19.097802+09:00,신논현역·논현역,신논현역·논현역,POI037,KEY_2,2542.신논현타워 앞,ST-1926,10,1,10,127.02391052,37.50508881
2026-06-15T05:39:19.097802+09:00,신논현역·논현역,신논현역·논현역,POI037,KEY_2,2302. 교보타워 버스정류장(신논현역 3번출구 후면),ST-787,80,8,10,127.02427673,37.5055809
2026-06-15T05:39:19.097802+09:00,신논현역·논현역,신논현역·논현역,POI037,KEY_2,4347. 논현지하보도,ST-3332,100,10,10,127.02232361,37.50836945
2026-06-15T05:39:19.097802+09:00,신림역,신림역,POI039,KEY_4,2175. 신림동걷고싶은문화의거리입구,ST-1270,114,8,7,126.92870331,37.48730087
2026-06-15T05:39:19.097802+09:00,신림역,신림역,POI039,KEY_4,2102. 봉림교 교통섬,ST-702,108,14,13,126.92688751,37.48408508
2026-06-15T05:39:19.097802+09:00,신림역,신림역,POI039,KEY_4,2136. 신림역 8번출구,ST-976,25,2,8,126.93006897,37.48450851
2026-06-15T05:39:19.097802+09:00,신정네거리역,신정네거리역,POI117,KEY_1,722. 경서농협 버스정류장(우리은행신정동지점방향),ST-993,170,17,10,126.85738373,37.52151108
2026-06-15T05:39:19.097802+09:00,신정네거리역,신정네거리역,POI117,KEY_1,706. 신정네거리역,ST-313,100,15,15,126.85175323,37.5218811
2026-06-15T05:39:19.097802+09:00,신정네거리역,신정네거리역,POI117,KEY_1,4507. 신정제일시장,ST-2759,90,9,10,126.85499573,37.52122498
2026-06-15T05:39:19.097802+09:00,신정네거리역,신정네거리역,POI117,KEY_1,4509. 서울영상고교 입구,ST-2761,200,30,15,126.85928345,37.52198029
2026-06-15T05:39:19.097802+09:00,신정네거리역,신정네거리역,POI117,KEY_1,4510. 신정네거리역 교차로,ST-2762,8,1,13,126.85228729,37.52175903
2026-06-15T05:39:19.097802+09:00,신촌·이대역,신촌·이대역,POI040,KEY_2,134. 연세로 명물길,ST-36,100,8,8,126.93807983,37.55789185
2026-06-15T05:39:19.097802+09:00,신촌·이대역,신촌·이대역,POI040,KEY_2,128. 신촌역(2호선) 1번출구 옆,ST-30,0,0,19,126.93634033,37.55549622
2026-06-15T05:39:19.097802+09:00,신촌·이대역,신촌·이대역,POI040,KEY_2,129. 신촌역(2호선) 6번출구 옆,ST-31,30,3,10,126.93756866,37.55505371
2026-06-15T05:39:19.097802+09:00,신촌·이대역,신촌·이대역,POI040,KEY_2,135. 명물길 원형무대 앞,ST-37,70,7,10,126.93984222,37.55922699
2026-06-15T05:39:19.097802+09:00,신촌·이대역,신촌·이대역,POI040,KEY_2,137. 신촌기차역입구 교차로,ST-39,10,1,10,126.9431839,37.55681229
2026-06-15T05:39:19.097802+09:00,신촌·이대역,신촌·이대역,POI040,KEY_2,150. 서강대역 2번출구 앞,ST-207,7,1,15,126.93434143,37.55295563
2026-06-15T05:39:19.097802+09:00,신촌·이대역,신촌·이대역,POI040,KEY_2,130. 신촌역(2호선) 7번출구 앞,ST-32,0,0,10,126.93626404,37.5550499
2026-06-15T05:39:19.097802+09:00,신촌·이대역,신촌·이대역,POI040,KEY_2,3116.신촌역 4번출구,ST-2201,0,0,10,126.93720245,37.55550385
2026-06-15T05:39:19.097802+09:00,신촌·이대역,신촌·이대역,POI040,KEY_2,4248. 신촌 교보빌딩,ST-3021,0,0,10,126.94034576,37.5560112
2026-06-15T05:39:19.097802+09:00,신촌·이대역,신촌·이대역,POI040,KEY_2,4274. 신촌 파랑고래 입구,ST-3140,10,1,10,126.93603516,37.55687714
2026-06-15T05:39:19.097802+09:00,쌍문역,쌍문역,POI070,KEY_3,1709. 쌍문역4번출구 주변,ST-616,76,13,17,127.03534698,37.65012741
2026-06-15T05:39:19.097802+09:00,쌍문역,쌍문역,POI070,KEY_3,1774.정의여중고 버스정류소,ST-2119,288,23,8,127.034729,37.65134811
2026-06-15T05:39:19.097802+09:00,쌍문역,쌍문역,POI070,KEY_3,1754. 창동시장입구 사거리,ST-2099,55,6,11,127.03343201,37.64689636
2026-06-15T05:39:19.097802+09:00,쌍문역,쌍문역,POI070,KEY_3,4054. 창동한신아파트 버스정류소,ST-2722,290,29,10,127.03527069,37.64601898
2026-06-15T05:39:19.097802+09:00,양재역,양재역,POI041,KEY_4,2242.양재역 10번 출구 앞,ST-767,15,3,20,127.03417969,37.48398972
2026-06-15T05:39:19.097802+09:00,양재역,양재역,POI041,KEY_4,2293. SPC 앞,ST-1360,40,4,10,127.03699493,37.48479843
2026-06-15T05:39:19.097802+09:00,양재역,양재역,POI041,KEY_4,2333. 양재역 3번출구 주변,ST-816,71,10,14,127.03407288,37.48515701
2026-06-15T05:39:19.097802+09:00,양재역,양재역,POI041,KEY_4,4329. SC제일은행 양재동지점 앞,ST-2962,50,4,8,127.03315735,37.48573685
2026-06-15T05:39:19.097802+09:00,역삼역,역삼역,POI042,KEY_1,2410. 포스코피앤에스타워 (역삼역 3번출구 부근),ST-1680,80,8,10,127.03375244,37.49959946
2026-06-15T05:39:19.097802+09:00,역삼역,역삼역,POI042,KEY_1,2430.강남파이낸스센터앞(역삼역2번출구),ST-1896,110,11,10,127.03605652,37.50024414
2026-06-15T05:39:19.097802+09:00,역삼역,역삼역,POI042,KEY_1,2349. 역삼빌딩 앞(하나은행 옆),ST-959,108,13,12,127.03856659,37.50154495
2026-06-15T05:39:19.097802+09:00,연신내역,연신내역,POI043,KEY_2,949. 연신내역 1번 출구,ST-1035,250,15,6,126.92080688,37.61978149
2026-06-15T05:39:19.097802+09:00,연신내역,연신내역,POI043,KEY_2,906. 연신내역 5번출구,ST-454,88,7,8,126.91957855,37.61721039
2026-06-15T05:39:19.097802+09:00,연신내역,연신내역,POI043,KEY_2,922. 연신내역 4번출구,ST-470,10,1,10,126.92196655,37.61780167
2026-06-15T05:39:19.097802+09:00,오목교역·목동운동장,오목교역·목동운동장,POI044,KEY_3,771.목동아파트 703동 앞,ST-1997,150,12,8,126.87016296,37.52820587
2026-06-15T05:39:19.097802+09:00,오목교역·목동운동장,오목교역·목동운동장,POI044,KEY_3,769.CBS방송국 앞,ST-1995,235,47,20,126.87467194,37.52785492
2026-06-15T05:39:19.097802+09:00,오목교역·목동운동장,오목교역·목동운동장,POI044,KEY_3,756. 목동주차장,ST-1497,27,4,15,126.8761673,37.52667999
2026-06-15T05:39:19.097802+09:00,오목교역·목동운동장,오목교역·목동운동장,POI044,KEY_3,791.현대하이페리온,ST-2016,173,26,15,126.86980438,37.52490234
2026-06-15T05:39:19.097802+09:00,오목교역·목동운동장,오목교역·목동운동장,POI044,KEY_3,792.목동트라팰리스 웨스턴에비뉴,ST-2017,20,4,20,126.8709259,37.52537155
2026-06-15T05:39:19.097802+09:00,오목교역·목동운동장,오목교역·목동운동장,POI044,KEY_3,748. 목동운동장,ST-1019,67,10,15,126.87930298,37.53025055
2026-06-15T05:39:19.097802+09:00,오목교역·목동운동장,오목교역·목동운동장,POI044,KEY_3,765. 오목교역 3번출구,ST-1731,17,2,12,126.87548065,37.52477646
2026-06-15T05:39:19.097802+09:00,오목교역·목동운동장,오목교역·목동운동장,POI044,KEY_3,703. 오목교역 7번출구 앞,ST-311,33,4,12,126.87524414,37.52362823
2026-06-15T05:39:19.097802+09:00,오목교역·목동운동장,오목교역·목동운동장,POI044,KEY_3,723. SBS방송국,ST-994,140,21,15,126.87274933,37.52916336
2026-06-15T05:39:19.097802+09:00,오목교역·목동운동장,오목교역·목동운동장,POI044,KEY_3,762. 오목로 무중력지대 앞,ST-1503,140,14,10,126.87766266,37.52474213
2026-06-15T05:39:19.097802+09:00,오목교역·목동운동장,오목교역·목동운동장,POI044,KEY_3,747. 목동3단지 상가,ST-1018,40,4,10,126.8756485,37.53458023
2026-06-15T05:39:19.097802+09:00,오목교역·목동운동장,오목교역·목동운동장,POI044,KEY_3,731. 서울시 도로환경관리센터,ST-1002,120,12,10,126.87654114,37.5298996
2026-06-15T05:39:19.097802+09:00,오목교역·목동운동장,오목교역·목동운동장,POI044,KEY_3,4543. 오목교역 6번 출구,ST-3163,100,9,9,126.87567139,37.5236702
2026-06-15T05:39:19.097802+09:00,오목교역·목동운동장,오목교역·목동운동장,POI044,KEY_3,4514. 목동성당 앞,ST-2764,110,22,20,126.86930084,37.52319717
2026-06-15T05:39:19.097802+09:00,오목교역·목동운동장,오목교역·목동운동장,POI044,KEY_3,4546. 목동운동장 주경기장,ST-3227,213,64,30,126.88307953,37.52937698
2026-06-15T05:39:19.097802+09:00,오목교역·목동운동장,오목교역·목동운동장,POI044,KEY_3,4532. 목동현대아파트 후문 앞,ST-2879,190,19,10,126.87805939,37.5221405
2026-06-15T05:39:19.097802+09:00,왕십리역,왕십리역,POI045,KEY_4,558. 성동광진 교육지원청 앞,ST-359,65,13,20,127.03652191,37.56460571
2026-06-15T05:39:19.097802+09:00,왕십리역,왕십리역,POI045,KEY_4,525. 한양대병원사거리,ST-241,10,2,20,127.04035187,37.55805206
2026-06-15T05:39:19.097802+09:00,왕십리역,왕십리역,POI045,KEY_4,559. 왕십리역 4번 출구 건너편,ST-360,8,1,13,127.03679657,37.56109619
2026-06-15T05:39:19.097802+09:00,왕십리역,왕십리역,POI045,KEY_4,3561.행당동 삼부APT후문,ST-2343,50,5,10,127.03839874,37.55926895
2026-06-15T05:39:19.097802+09:00,왕십리역,왕십리역,POI045,KEY_4,3545.한양대역 1번출구,ST-2327,80,8,10,127.04335785,37.55657959
2026-06-15T05:39:19.097802+09:00,용산역,용산역,POI046,KEY_1,806. 전자랜드 본관 앞,ST-327,30,6,20,126.96073151,37.5330658
2026-06-15T05:39:19.097802+09:00,용산역,용산역,POI046,KEY_1,845. 용산 선인상가,ST-1615,25,4,16,126.96437836,37.53269958
2026-06-15T05:39:19.097802+09:00,용산역,용산역,POI046,KEY_1,853.용산역 맞은편,ST-2177,11,2,19,126.96595001,37.52841568
2026-06-15T05:39:19.097802+09:00,용산역,용산역,POI046,KEY_1,4616. 신용산지하차도 앞,ST-2447,20,3,15,126.96411896,37.53248215
2026-06-15T05:39:19.097802+09:00,용산역,용산역,POI046,KEY_1,4617. 동원베네스트 건너편,ST-2448,100,6,6,126.95511627,37.52761078
2026-06-15T05:39:19.097802+09:00,잠실새내역,잠실새내역,POI118,KEY_3,1224. 아시아지하보도 2번 출구,ST-548,40,6,15,127.07893372,37.51216888
2026-06-15T05:39:19.097802+09:00,잠실새내역,잠실새내역,POI118,KEY_3,1222. 잠실새내역 5번 출구 뒤,ST-547,83,19,23,127.08505249,37.51198196
2026-06-15T05:39:19.097802+09:00,잠실새내역,잠실새내역,POI118,KEY_3,2637. 아시아지하보도 14번 출구,ST-1864,33,5,15,127.07881165,37.51146317
2026-06-15T05:39:19.097802+09:00,잠실새내역,잠실새내역,POI118,KEY_3,2635.잠실새내역 1번출구,ST-1862,5,1,21,127.08673859,37.51129532
2026-06-15T05:39:19.097802+09:00,잠실역,잠실역,POI119,KEY_4,1210. 롯데월드타워(잠실역2번출구 쪽),ST-891,0,0,30,127.10095978,37.51312637
2026-06-15T05:39:19.097802+09:00,잠실역,잠실역,POI119,KEY_4,1231. 잠실역 6번출구,ST-840,31,4,13,127.09902954,37.51408768
2026-06-15T05:39:19.097802+09:00,잠실역,잠실역,POI119,KEY_4,1232. 잠실주공 521동 건너편,ST-550,40,4,10,127.09568787,37.51184082
2026-06-15T05:39:19.097802+09:00,잠실역,잠실역,POI119,KEY_4,2647.잠실 자전거 수리센터 앞,ST-1868,14,1,7,127.10114288,37.51100922
2026-06-15T05:39:19.097802+09:00,장지역,장지역,POI048,KEY_1,1266. 문정동 글샘 공원,ST-1085,10,1,10,127.12000275,37.47880936
2026-06-15T05:39:19.097802+09:00,장지역,장지역,POI048,KEY_1,1244. 문정 법조단지8,ST-904,82,9,11,127.12212372,37.48153687
2026-06-15T05:39:19.097802+09:00,장지역,장지역,POI048,KEY_1,1246. 문정 법조단지10,ST-906,10,3,30,127.12632751,37.47750854
2026-06-15T05:39:19.097802+09:00,장지역,장지역,POI048,KEY_1,1245. 문정 법조단지9,ST-905,0,0,10,127.12532806,37.47946548
2026-06-15T05:39:19.097802+09:00,장지역,장지역,POI048,KEY_1,1247. 문정 법조단지11,ST-907,0,0,15,127.12351227,37.4788208
2026-06-15T05:39:19.097802+09:00,장지역,장지역,POI048,KEY_1,4885. 가든파이브 리빙관,ST-2985,113,9,8,127.123703,37.47709656
2026-06-15T05:39:19.097802+09:00,장지역,장지역,POI048,KEY_1,4491. 장지역 1번출구,ST-2599,0,0,10,127.12678528,37.47953415
2026-06-15T05:39:19.097802+09:00,장한평역,장한평역,POI049,KEY_2,529. 장한평역 8번 출구 앞,ST-243,513,41,8,127.06365967,37.56137085
2026-06-15T05:39:19.097802+09:00,장한평역,장한평역,POI049,KEY_2,626. 군자교 서측 녹지대,ST-394,282,48,17,127.07096863,37.56115341
2026-06-15T05:39:19.097802+09:00,장한평역,장한평역,POI049,KEY_2,4385. 용답동 우체국 주변,ST-3099,240,12,5,127.06151581,37.56168747
2026-06-15T05:39:19.097802+09:00,장한평역,장한평역,POI049,KEY_2,4105. 서울교통공사사거리 교통섬,ST-2499,170,17,10,127.05799103,37.56324005
2026-06-15T05:39:19.097802+09:00,천호역,천호역,POI050,KEY_3,1264. 천호역 10번 출구 앞,ST-1083,0,0,8,127.12280273,37.53858185
2026-06-15T05:39:19.097802+09:00,천호역,천호역,POI050,KEY_3,1009. 천호역4번출구(현대백화점),ST-493,20,4,20,127.12424469,37.53866577
2026-06-15T05:39:19.097802+09:00,천호역,천호역,POI050,KEY_3,3657. 서울천호동우체국,ST-2732,440,44,10,127.12576294,37.54074097
2026-06-15T05:39:19.097802+09:00,총신대입구(이수)역,총신대입구(이수)역,POI051,KEY_4,2032. 이수역 11번출구쪽,ST-923,150,15,10,126.98162079,37.48550797
2026-06-15T05:39:19.097802+09:00,총신대입구(이수)역,총신대입구(이수)역,POI051,KEY_4,2082.7호선 이수역7번출구,ST-2355,20,2,10,126.98179626,37.4846077
2026-06-15T05:39:19.097802+09:00,총신대입구(이수)역,총신대입구(이수)역,POI051,KEY_4,2264. 이수역 1번출구,ST-935,89,8,9,126.98271942,37.48897171
2026-06-15T05:39:19.097802+09:00,총신대입구(이수)역,총신대입구(이수)역,POI051,KEY_4,2091. 이수역9번출구,ST-2364,193,29,15,126.98059082,37.48470306
2026-06-15T05:39:19.097802+09:00,총신대입구(이수)역,총신대입구(이수)역,POI051,KEY_4,2511. 이수역 6번출구 앞,ST-1739,130,13,10,126.98234558,37.48398972
2026-06-15T05:39:19.097802+09:00,충정로역,충정로역,POI052,KEY_1,180. 충정로역 7번출구 아래,ST-233,50,5,10,126.96246338,37.55996704
2026-06-15T05:39:19.097802+09:00,충정로역,충정로역,POI052,KEY_1,3114.충정로역 3번 출구,ST-2198,0,0,7,126.96552277,37.56046295
2026-06-15T05:39:19.097802+09:00,충정로역,충정로역,POI052,KEY_1,3134.SK리쳄블(서울아리수본부),ST-2219,50,5,10,126.96658325,37.56131744
2026-06-15T05:39:19.097802+09:00,충정로역,충정로역,POI052,KEY_1,4266.국민연금공단충정로사옥,ST-3027,22,2,9,126.96414948,37.56184769
2026-06-15T05:39:19.097802+09:00,충정로역,충정로역,POI052,KEY_1,4801. 충정로역 2호선(엘리베이터 앞),ST-3053,0,0,5,126.96414185,37.55937576
2026-06-15T05:39:19.097802+09:00,충정로역,충정로역,POI052,KEY_1,4271. 충정로역 1번 출구,ST-3107,57,4,7,126.96305847,37.55942535
2026-06-15T05:39:19.097802+09:00,충정로역,충정로역,POI052,KEY_1,4752. 삼성사이버빌리지아파트,ST-2624,71,5,7,126.96485901,37.55891418
2026-06-15T05:39:19.097802+09:00,합정역,합정역,POI053,KEY_2,497.합정동주민센터 앞,ST-2156,4,1,25,126.91230011,37.551754
2026-06-15T05:39:19.097802+09:00,합정역,합정역,POI053,KEY_2,105. 합정역 5번출구 앞,ST-7,0,0,5,126.91482544,37.55000687
2026-06-15T05:39:19.097802+09:00,합정역,합정역,POI053,KEY_2,106. 합정역 7번출구 앞,ST-8,8,1,12,126.91282654,37.54864502
2026-06-15T05:39:19.097802+09:00,합정역,합정역,POI053,KEY_2,4211. 시석빌딩 앞,ST-2534,0,0,8,126.91671753,37.54836655
2026-06-15T05:39:19.097802+09:00,혜화역,혜화역,POI054,KEY_3,341. 혜화역 3번출구 뒤,ST-157,25,2,8,127.00178528,37.58156967
2026-06-15T05:39:19.097802+09:00,혜화역,혜화역,POI054,KEY_3,342. 대학로 마로니에공원,ST-158,27,6,22,127.00234222,37.58044434
2026-06-15T05:39:19.097802+09:00,혜화역,혜화역,POI054,KEY_3,358. 성균관대입구 사거리 A,ST-173,8,1,13,126.99853516,37.58250046
2026-06-15T05:39:19.097802+09:00,혜화역,혜화역,POI054,KEY_3,3420. 성균관대입구 사거리 B,ST-1817,0,0,10,126.99885559,37.58327484
2026-06-15T05:39:19.097802+09:00,혜화역,혜화역,POI054,KEY_3,3421.혜화역 1번출구,ST-1818,10,1,10,127.00185394,37.58385468
2026-06-15T05:39:19.097802+09:00,혜화역,혜화역,POI054,KEY_3,3419.국립어린이과학관,ST-1816,0,0,14,126.99736786,37.58194733
2026-06-15T05:39:19.097802+09:00,홍대입구역(2호선),홍대입구역(2호선),POI055,KEY_4,113. 홍대입구역 2번출구 앞,ST-18,4,1,28,126.9238205,37.5574379
2026-06-15T05:39:19.097802+09:00,홍대입구역(2호선),홍대입구역(2호선),POI055,KEY_4,114. 홍대입구역 8번출구 앞,ST-20,0,0,15,126.92442322,37.55706024
2026-06-15T05:39:19.097802+09:00,회기역,회기역,POI056,KEY_1,680.꿈마루어린이도서관 앞,ST-2280,73,16,22,127.05741119,37.59238434
2026-06-15T05:39:19.097802+09:00,회기역,회기역,POI056,KEY_1,670.삼육서울병원 버스정류장,ST-2270,156,14,9,127.06151581,37.5896759
2026-06-15T06:37:00.477952+09:00,광화문·덕수궁,광화문·덕수궁,POI009,KEY_2,310. 청계광장 옆,ST-126,13,1,8,126.9774704,37.56887817
2026-06-15T06:37:00.477952+09:00,광화문·덕수궁,광화문·덕수궁,POI009,KEY_2,391. 시립미술관,ST-977,25,2,8,126.97340393,37.56505203
2026-06-15T06:37:00.477952+09:00,광화문·덕수궁,광화문·덕수궁,POI009,KEY_2,4719. 종로문화원 건너편,ST-3090,7,1,15,126.9805069,37.57571411
2026-06-15T06:37:00.477952+09:00,광화문·덕수궁,광화문·덕수궁,POI009,KEY_2,4796. 서울시청,ST-2693,10,2,20,126.97925568,37.5664711
2026-06-15T06:37:00.477952+09:00,광화문·덕수궁,광화문·덕수궁,POI009,KEY_2,6058. 시청역 2번출구,ST-3297,7,1,15,126.97702026,37.56557846
2026-06-15T06:37:00.477952+09:00,보신각,보신각,POI010,KEY_3,316. 종각역 1번출구 앞,ST-132,13,1,8,126.98178864,37.57039642
2026-06-15T06:37:00.477952+09:00,보신각,보신각,POI010,KEY_3,385. 종각역 5번출구,ST-336,20,2,10,126.98265839,37.56983566
2026-06-15T06:37:00.477952+09:00,보신각,보신각,POI010,KEY_3,3408.종로타워빌딩,ST-1805,8,1,13,126.98323822,37.57070541
2026-06-15T06:37:00.477952+09:00,보신각,보신각,POI010,KEY_3,4708. 조계사앞사거리,ST-2472,0,0,6,126.98283386,37.5721817
2026-06-15T06:37:00.477952+09:00,서울 암사동 유적,서울 암사동 유적,POI011,KEY_4,1007.암사동 선사유적지,ST-491,36,5,14,127.13087463,37.55955887
2026-06-15T06:37:00.477952+09:00,서울 암사동 유적,서울 암사동 유적,POI011,KEY_4,3539. 서원마을,ST-1686,150,15,10,127.13283539,37.56379318
2026-06-15T06:37:00.477952+09:00,창덕궁·종묘,창덕궁·종묘,POI012,KEY_1,337. 창경궁 입구,ST-153,160,8,5,126.99647522,37.57897949
2026-06-15T06:37:00.477952+09:00,창덕궁·종묘,창덕궁·종묘,POI012,KEY_1,359. 원남동사거리,ST-174,38,3,8,126.99768066,37.57606125
2026-06-15T06:37:00.477952+09:00,창덕궁·종묘,창덕궁·종묘,POI012,KEY_1,338. 세운스퀘어 앞,ST-154,0,0,18,126.99712372,37.57095718
2026-06-15T06:37:00.477952+09:00,창덕궁·종묘,창덕궁·종묘,POI012,KEY_1,3410.종로3가역 8번출구,ST-1807,0,0,10,126.99188995,37.5724678
2026-06-15T06:37:00.477952+09:00,창덕궁·종묘,창덕궁·종묘,POI012,KEY_1,3411.종묘,ST-1808,22,2,9,126.99437714,37.57072067
2026-06-15T06:37:00.477952+09:00,창덕궁·종묘,창덕궁·종묘,POI012,KEY_1,3413.종로플레이스,ST-1810,77,17,22,126.99796295,37.57320023
2026-06-15T06:37:00.477952+09:00,창덕궁·종묘,창덕궁·종묘,POI012,KEY_1,339. 종로4가 사거리,ST-155,20,2,10,126.99819183,37.57106781
2026-06-15T06:37:00.477952+09:00,동대문 관광특구,동대문 관광특구,POI002,KEY_3,346. 맥스타일 앞,ST-162,90,9,10,127.01014709,37.5689621
2026-06-15T06:37:00.477952+09:00,동대문 관광특구,동대문 관광특구,POI002,KEY_3,475.DDP 패션몰,ST-1781,10,2,21,127.0118103,37.56764984
2026-06-15T06:37:00.477952+09:00,동대문 관광특구,동대문 관광특구,POI002,KEY_3,347. 동대문역사문화공원역 9번출구 앞,ST-163,33,6,18,127.00784302,37.56533051
2026-06-15T06:37:00.477952+09:00,동대문 관광특구,동대문 관광특구,POI002,KEY_3,4765. 동대문디자인플라자,ST-2431,60,12,20,127.00946045,37.5683136
2026-06-15T06:37:00.477952+09:00,동대문 관광특구,동대문 관광특구,POI002,KEY_3,6061.충무아트센터,ST-3381,150,15,10,127.01522064,37.56538773
2026-06-15T06:37:00.477952+09:00,동대문 관광특구,동대문 관광특구,POI002,KEY_3,383. 신당역 12번 출구 뒤,ST-198,121,29,24,127.01642609,37.56591797
2026-06-15T06:37:00.477952+09:00,동대문 관광특구,동대문 관광특구,POI002,KEY_3,474.동대문역사문화공원역 1번출구 뒤편,ST-1780,8,3,40,127.00849152,37.56629944
2026-06-15T06:37:00.477952+09:00,명동 관광특구,명동 관광특구,POI003,KEY_4,310. 청계광장 옆,ST-126,13,1,8,126.9774704,37.56887817
2026-06-15T06:37:00.477952+09:00,명동 관광특구,명동 관광특구,POI003,KEY_4,466.롯데호텔,ST-1772,8,1,13,126.97981262,37.56584167
2026-06-15T06:37:00.477952+09:00,명동 관광특구,명동 관광특구,POI003,KEY_4,320. 을지로입구역 4번출구 앞,ST-136,6,1,17,126.98358917,37.56622314
2026-06-15T06:37:00.477952+09:00,명동 관광특구,명동 관광특구,POI003,KEY_4,321. KEB 하나금융그룹 명동사옥 옆,ST-137,7,1,15,126.98413849,37.56546402
2026-06-15T06:37:00.477952+09:00,명동 관광특구,명동 관광특구,POI003,KEY_4,433. 을지로입구역 2번출구,ST-1668,8,1,12,126.98229218,37.56634521
2026-06-15T06:37:00.477952+09:00,명동 관광특구,명동 관광특구,POI003,KEY_4,322. 명동성당 앞,ST-138,0,0,10,126.98696899,37.56447601
2026-06-15T06:37:00.477952+09:00,명동 관광특구,명동 관광특구,POI003,KEY_4,318. 광교사거리 남측,ST-134,0,0,10,126.98231506,37.56863403
2026-06-15T06:37:00.477952+09:00,명동 관광특구,명동 관광특구,POI003,KEY_4,331. 을지로2가 사거리 북측,ST-147,10,1,10,126.98720551,37.56638336
2026-06-15T06:37:00.477952+09:00,명동 관광특구,명동 관광특구,POI003,KEY_4,324. 신세계백화점 본점 앞,ST-140,25,2,8,126.9805069,37.56134415
2026-06-15T06:37:00.477952+09:00,명동 관광특구,명동 관광특구,POI003,KEY_4,398. 을지로3가역 3번출구,ST-1435,13,1,8,126.99249268,37.56660461
2026-06-15T06:37:00.477952+09:00,명동 관광특구,명동 관광특구,POI003,KEY_4,3013.서울지방고용노동청 앞,ST-2422,29,2,7,126.98725891,37.56760406
2026-06-15T06:37:00.477952+09:00,명동 관광특구,명동 관광특구,POI003,KEY_4,4774. 을지로입구역 8번출구,ST-2520,11,1,9,126.98178101,37.56590271
2026-06-15T06:37:00.477952+09:00,명동 관광특구,명동 관광특구,POI003,KEY_4,4791. 명동역9번 출구,ST-2527,10,1,10,126.98749542,37.56122589
2026-06-15T06:37:00.477952+09:00,명동 관광특구,명동 관광특구,POI003,KEY_4,4762. 국제빌딩,ST-2517,0,0,10,126.98244476,37.56694794
2026-06-15T06:37:00.477952+09:00,명동 관광특구,명동 관광특구,POI003,KEY_4,4796. 서울시청,ST-2693,10,2,20,126.97925568,37.5664711
2026-06-15T06:37:00.477952+09:00,명동 관광특구,명동 관광특구,POI003,KEY_4,6058. 시청역 2번출구,ST-3297,7,1,15,126.97702026,37.56557846
2026-06-15T06:37:00.477952+09:00,명동 관광특구,명동 관광특구,POI003,KEY_4,4776. 신세계면세점,ST-2522,0,0,10,126.98139191,37.56027603
2026-06-15T06:37:00.477952+09:00,명동 관광특구,명동 관광특구,POI003,KEY_4,4775. 을지로지하쇼핑센터,ST-2521,10,1,10,126.98445129,37.56589127
2026-06-15T06:37:00.477952+09:00,이태원 관광특구,이태원 관광특구,POI004,KEY_1,854.HID 유족동지회 앞,ST-2178,0,0,10,127.0014801,37.53850937
2026-06-15T06:37:00.477952+09:00,이태원 관광특구,이태원 관광특구,POI004,KEY_1,857. 현대 안성타워,ST-2181,0,0,10,126.99797058,37.53508759
2026-06-15T06:37:00.477952+09:00,이태원 관광특구,이태원 관광특구,POI004,KEY_1,843. 이태원관광특구 입구(용산구청방향),ST-1445,0,0,19,126.98867035,37.53379822
2026-06-15T06:37:00.477952+09:00,이태원 관광특구,이태원 관광특구,POI004,KEY_1,4623. 라인프랜즈이태원점 앞,ST-2453,0,0,10,126.99619293,37.53453064
2026-06-15T06:37:00.477952+09:00,이태원 관광특구,이태원 관광특구,POI004,KEY_1,4613. 서울갤러리아 앞,ST-2445,0,0,5,126.99937439,37.53597641
2026-06-15T06:37:00.477952+09:00,이태원 관광특구,이태원 관광특구,POI004,KEY_1,4634. 이태원역 3번 출구,ST-3056,0,0,5,126.99497223,37.5343895
2026-06-15T06:37:00.477952+09:00,이태원 관광특구,이태원 관광특구,POI004,KEY_1,4612. 이태원로 255,ST-2444,20,1,5,127.00084686,37.53749847
2026-06-15T06:37:00.477952+09:00,잠실 관광특구,잠실 관광특구,POI005,KEY_2,1210. 롯데월드타워(잠실역2번출구 쪽),ST-891,7,2,30,127.10095978,37.51312637
2026-06-15T06:37:00.477952+09:00,잠실 관광특구,잠실 관광특구,POI005,KEY_2,1268. 몽촌토성역 1번출구 옆,ST-1087,7,1,15,127.11419678,37.51728821
2026-06-15T06:37:00.477952+09:00,잠실 관광특구,잠실 관광특구,POI005,KEY_2,1297. 석촌호수교차로(동호 팔각정 앞),ST-1586,0,0,15,127.10411835,37.50920105
2026-06-15T06:37:00.477952+09:00,잠실 관광특구,잠실 관광특구,POI005,KEY_2,1233. 잠실3거리(갤러리아팰리스),ST-551,11,1,9,127.09336853,37.51050949
2026-06-15T06:37:00.477952+09:00,잠실 관광특구,잠실 관광특구,POI005,KEY_2,1296. 석촌호수교차로 (송파나루근린공원 앞),ST-1585,0,0,10,127.1034317,37.50867844
2026-06-15T06:37:00.477952+09:00,잠실 관광특구,잠실 관광특구,POI005,KEY_2,1267. 올림픽공원 남2문 앞,ST-1086,0,0,14,127.12306976,37.51424026
2026-06-15T06:37:00.477952+09:00,잠실 관광특구,잠실 관광특구,POI005,KEY_2,1232. 잠실주공 521동 건너편,ST-550,60,6,10,127.09568787,37.51184082
2026-06-15T06:37:00.477952+09:00,잠실 관광특구,잠실 관광특구,POI005,KEY_2,2601. 석촌호수 아뜰리에,ST-1590,31,5,16,127.09883118,37.5067482
2026-06-15T06:37:00.477952+09:00,잠실 관광특구,잠실 관광특구,POI005,KEY_2,2608. 송파구청,ST-1681,20,2,10,127.10611725,37.51499176
2026-06-15T06:37:00.477952+09:00,잠실 관광특구,잠실 관광특구,POI005,KEY_2,2647.잠실 자전거 수리센터 앞,ST-1868,71,5,7,127.10114288,37.51100922
2026-06-15T06:37:00.477952+09:00,잠실 관광특구,잠실 관광특구,POI005,KEY_2,2621. 한성백제역 2번 출구,ST-1719,13,2,15,127.11625671,37.51665878
2026-06-15T06:37:00.477952+09:00,잠실 관광특구,잠실 관광특구,POI005,KEY_2,2622. 올림픽공원역 3번출구,ST-1720,50,10,20,127.13059235,37.51625824
2026-06-15T06:37:00.477952+09:00,잠실 관광특구,잠실 관광특구,POI005,KEY_2,4868. 석촌호수 서호 남단,ST-2833,0,0,10,127.10124207,37.50717163
2026-06-15T06:37:00.477952+09:00,잠실 관광특구,잠실 관광특구,POI005,KEY_2,5781. 올림픽공원 수영장,ST-3300,157,22,14,127.12688446,37.52157211
2026-06-15T06:37:00.477952+09:00,잠실 관광특구,잠실 관광특구,POI005,KEY_2,4857. 올림픽공원 장미광장,ST-2621,0,0,15,127.126297,37.51275635
2026-06-15T06:37:00.477952+09:00,잠실 관광특구,잠실 관광특구,POI005,KEY_2,5751. 송파여성축구장,ST-3069,30,3,10,127.11743927,37.52471542
2026-06-15T06:37:00.477952+09:00,잠실 관광특구,잠실 관광특구,POI005,KEY_2,4464. 올림픽공원 북2문 A,ST-2580,33,5,15,127.12804413,37.52357483
2026-06-15T06:37:00.477952+09:00,잠실 관광특구,잠실 관광특구,POI005,KEY_2,4856. 올림픽공원 서1문 앞,ST-2608,80,8,10,127.11457062,37.5202179
2026-06-15T06:37:00.477952+09:00,잠실 관광특구,잠실 관광특구,POI005,KEY_2,4865. 한성백제역 1번출구 뒤,ST-2797,40,2,5,127.1149826,37.51647949
2026-06-15T06:37:00.477952+09:00,잠실 관광특구,잠실 관광특구,POI005,KEY_2,4862. 성내교 남단,ST-2756,80,8,10,127.11588287,37.52301788
2026-06-15T06:37:00.477952+09:00,잠실 관광특구,잠실 관광특구,POI005,KEY_2,4481. 올림픽공원 북2문 B,ST-2592,100,25,25,127.12751007,37.52397537
2026-06-15T06:37:00.477952+09:00,잠실 관광특구,잠실 관광특구,POI005,KEY_2,4870. 몽촌토성역 3번 출구,ST-2876,10,1,10,127.11232758,37.5170784
2026-06-15T06:37:00.477952+09:00,잠실 관광특구,잠실 관광특구,POI005,KEY_2,5768.방이삼거리,ST-3214,50,6,12,127.10822296,37.51237488
2026-06-15T06:37:00.477952+09:00,종로·청계 관광특구,종로·청계 관광특구,POI006,KEY_3,368. SK 서린빌딩 앞,ST-181,20,3,15,126.98053741,37.5692482
2026-06-15T06:37:00.477952+09:00,종로·청계 관광특구,종로·청계 관광특구,POI006,KEY_3,397. 종묘공영주차장 건너편,ST-1432,31,4,13,126.99663544,37.57048035
2026-06-15T06:37:00.477952+09:00,종로·청계 관광특구,종로·청계 관광특구,POI006,KEY_3,393. 동대문역 8번 출구,ST-1372,58,7,12,127.00937653,37.57014084
2026-06-15T06:37:00.477952+09:00,종로·청계 관광특구,종로·청계 관광특구,POI006,KEY_3,335. 종로3가역 15번출구 뒤,ST-151,0,0,10,126.99165344,37.57019424
2026-06-15T06:37:00.477952+09:00,종로·청계 관광특구,종로·청계 관광특구,POI006,KEY_3,385. 종각역 5번출구,ST-336,20,2,10,126.98265839,37.56983566
2026-06-15T06:37:00.477952+09:00,종로·청계 관광특구,종로·청계 관광특구,POI006,KEY_3,329. 청계2가 사거리 옆,ST-145,13,1,8,126.98788452,37.56848526
2026-06-15T06:37:00.477952+09:00,종로·청계 관광특구,종로·청계 관광특구,POI006,KEY_3,3412.세운상가,ST-1809,0,0,15,126.99454498,37.5703125
2026-06-15T06:37:00.477952+09:00,종로·청계 관광특구,종로·청계 관광특구,POI006,KEY_3,3432.종로2가 사거리,ST-1829,7,1,14,126.98880768,37.57001877
2026-06-15T06:37:00.477952+09:00,종로·청계 관광특구,종로·청계 관광특구,POI006,KEY_3,3415.동대문역6번출구,ST-1812,120,18,15,127.0107193,37.57147217
2026-06-15T06:37:00.477952+09:00,종로·청계 관광특구,종로·청계 관광특구,POI006,KEY_3,4707. 청계3가 사거리,ST-2513,20,1,5,126.99211884,37.56855774
2026-06-15T06:37:00.477952+09:00,종로·청계 관광특구,종로·청계 관광특구,POI006,KEY_3,455. 종로6가역 버스정류장(동대문 방향),ST-1608,75,6,8,127.00605774,37.570961
2026-06-15T06:37:00.477952+09:00,홍대 관광특구,홍대 관광특구,POI007,KEY_4,493.홍대입구역 6번출구,ST-2152,0,0,7,126.9288559,37.55657578
2026-06-15T06:37:00.477952+09:00,홍대 관광특구,홍대 관광특구,POI007,KEY_4,104. 합정역 1번출구 앞,ST-6,0,0,13,126.91508484,37.55073929
2026-06-15T06:37:00.477952+09:00,홍대 관광특구,홍대 관광특구,POI007,KEY_4,113. 홍대입구역 2번출구 앞,ST-18,21,6,28,126.9238205,37.5574379
2026-06-15T06:37:00.477952+09:00,홍대 관광특구,홍대 관광특구,POI007,KEY_4,108. 서교동 사거리,ST-10,0,0,12,126.91861725,37.55274582
2026-06-15T06:37:00.477952+09:00,홍대 관광특구,홍대 관광특구,POI007,KEY_4,114. 홍대입구역 8번출구 앞,ST-20,7,1,15,126.92442322,37.55706024
2026-06-15T06:37:00.477952+09:00,홍대 관광특구,홍대 관광특구,POI007,KEY_4,3010.홍대입구역 3번출구,ST-2168,7,1,15,126.92538452,37.5582962
2026-06-15T06:37:00.477952+09:00,홍대 관광특구,홍대 관광특구,POI007,KEY_4,3009. 홍대입구역 사거리,ST-2167,5,1,20,126.92023468,37.55450058
2026-06-15T06:37:00.477952+09:00,홍대 관광특구,홍대 관광특구,POI007,KEY_4,4211. 시석빌딩 앞,ST-2534,0,0,8,126.91671753,37.54836655
2026-06-15T06:37:00.477952+09:00,홍대 관광특구,홍대 관광특구,POI007,KEY_4,4208. 스타벅스(동교동) 앞,ST-2532,10,1,10,126.91986847,37.5566597
2026-06-15T06:37:00.477952+09:00,국립중앙박물관·용산가족공원,국립중앙박물관·용산가족공원,POI089,KEY_1,855.이촌역5번출구 앞,ST-2179,120,12,10,126.97277069,37.52272415
2026-06-15T06:37:00.477952+09:00,국립중앙박물관·용산가족공원,국립중앙박물관·용산가족공원,POI089,KEY_1,863.이촌역2번 출구,ST-2187,30,3,10,126.977005,37.52177048
2026-06-15T06:37:00.477952+09:00,남산공원,남산공원,POI091,KEY_3,859.남산공원 야외식물원 앞,ST-2183,0,0,10,126.99586487,37.54188538
2026-06-15T06:37:00.477952+09:00,남산공원,남산공원,POI091,KEY_3,381. 장충체육관,ST-196,0,0,10,127.00698853,37.55853271
2026-06-15T06:37:00.477952+09:00,남산공원,남산공원,POI091,KEY_3,371. 동대입구역 6번출구 뒤,ST-186,20,2,10,127.00553894,37.55887222
2026-06-15T06:37:00.477952+09:00,남산공원,남산공원,POI091,KEY_3,4621. 남산도서관 앞,ST-3054,8,1,12,126.98201752,37.55240631
2026-06-15T06:37:00.477952+09:00,노들섬,노들섬,POI092,KEY_4,869.노들섬 동측 앞,ST-2239,60,6,10,126.95914459,37.51729584
2026-06-15T06:37:00.477952+09:00,노들섬,노들섬,POI092,KEY_4,870.노들섬 서측 앞,ST-2240,100,10,10,126.95829773,37.51731873
2026-06-15T06:37:00.477952+09:00,망원한강공원,망원한강공원,POI094,KEY_2,105. 합정역 5번출구 앞,ST-7,0,0,5,126.91482544,37.55000687
2026-06-15T06:37:00.477952+09:00,망원한강공원,망원한강공원,POI094,KEY_2,4217. 한강공원 망원나들목,ST-2905,20,4,20,126.89688873,37.55557632
2026-06-15T06:37:00.477952+09:00,망원한강공원,망원한강공원,POI094,KEY_2,5515.한강버스 망원 선착장,ST-3388,100,30,30,126.89590454,37.55466461
2026-06-15T06:37:00.477952+09:00,보라매공원,보라매공원,POI123,KEY_4,4181. 보라매공원역 2번출구,ST-3117,133,8,6,126.91781616,37.49582291
2026-06-15T06:37:00.477952+09:00,보라매공원,보라매공원,POI123,KEY_4,4179. 보라매병원역 1번출구,ST-3105,160,32,20,126.92362976,37.49304199
2026-06-15T06:37:00.477952+09:00,북서울꿈의숲,북서울꿈의숲,POI096,KEY_1,1548. 북서울 꿈의숲 서문,ST-1725,40,6,15,127.03781128,37.62268829
2026-06-15T06:37:00.477952+09:00,북서울꿈의숲,북서울꿈의숲,POI096,KEY_1,3718. 번동3단지 버스정류장,ST-2610,182,20,11,127.04390717,37.628685
2026-06-15T06:37:00.477952+09:00,북서울꿈의숲,북서울꿈의숲,POI096,KEY_1,1571.북서울 꿈의 숲 입구,ST-2401,160,16,10,127.03864288,37.62657166
2026-06-15T06:37:00.477952+09:00,서대문독립공원,서대문독립공원,POI124,KEY_2,3113. 독립문 앞,ST-2199,73,11,15,126.95974731,37.57220459
2026-06-15T06:37:00.477952+09:00,서대문독립공원,서대문독립공원,POI124,KEY_2,3427.인왕산 아이파크 정문,ST-1824,238,19,8,126.95584869,37.57666779
2026-06-15T06:37:00.477952+09:00,서대문독립공원,서대문독립공원,POI124,KEY_2,3426.독립문역 2번출구 뒤,ST-1823,140,14,10,126.95755005,37.57501602
2026-06-15T06:37:00.477952+09:00,서대문독립공원,서대문독립공원,POI124,KEY_2,367. 독립문역 3-1번출구,ST-180,146,19,13,126.95851898,37.57415771
2026-06-15T06:37:00.477952+09:00,서리풀공원·몽마르뜨공원,서리풀공원·몽마르뜨공원,POI098,KEY_3,4316. 고속터미널역 3번출구,ST-2667,20,5,25,127.0059433,37.50365829
2026-06-15T06:37:00.477952+09:00,서리풀공원·몽마르뜨공원,서리풀공원·몽마르뜨공원,POI098,KEY_3,4327. 몽마르뜨공원입구,ST-3009,55,6,11,127.0026474,37.4928894
2026-06-15T06:37:00.477952+09:00,서리풀공원·몽마르뜨공원,서리풀공원·몽마르뜨공원,POI098,KEY_3,4312. 반포미도2차아파트 옆,ST-2663,30,3,10,127.00653076,37.50320435
2026-06-15T06:37:00.477952+09:00,서울숲공원,서울숲공원,POI101,KEY_1,510. 뚝도아리수정수센터 버스정류소 옆,ST-107,200,30,15,127.04380035,37.54122162
2026-06-15T06:37:00.477952+09:00,서울숲공원,서울숲공원,POI101,KEY_1,3552.서울숲 공영주차장앞,ST-2334,100,19,19,127.04277039,37.54195786
2026-06-15T06:37:00.477952+09:00,서울숲공원,서울숲공원,POI101,KEY_1,4401.뚝섬유수지 공영주차장,ST-3393,40,4,10,127.042099,37.55018234
2026-06-15T06:37:00.477952+09:00,송현녹지광장,송현녹지광장,POI129,KEY_2,354. 포르투갈 대사관 앞,ST-170,0,0,10,126.98896027,37.57915497
2026-06-15T06:37:00.477952+09:00,송현녹지광장,송현녹지광장,POI129,KEY_2,314. 국립현대미술관,ST-130,0,0,10,126.98085785,37.5797081
2026-06-15T06:37:00.477952+09:00,송현녹지광장,송현녹지광장,POI129,KEY_2,353. 재동초교 앞 삼거리,ST-169,0,0,8,126.9849472,37.57938766
2026-06-15T06:37:00.477952+09:00,송현녹지광장,송현녹지광장,POI129,KEY_2,3407.안국동사거리(신),ST-1804,0,0,18,126.98339081,37.57580566
2026-06-15T06:37:00.477952+09:00,송현녹지광장,송현녹지광장,POI129,KEY_2,4719. 종로문화원 건너편,ST-3090,7,1,15,126.9805069,37.57571411
2026-06-15T06:37:00.477952+09:00,송현녹지광장,송현녹지광장,POI129,KEY_2,4705. 웰니스센터(민방위교육장 앞),ST-2565,33,2,6,126.98912811,37.57752991
2026-06-15T06:37:00.477952+09:00,어린이대공원,어린이대공원,POI104,KEY_2,500. 어린이대공원역 3번출구 앞,ST-97,200,10,5,127.07466888,37.54697037
2026-06-15T06:37:00.477952+09:00,어린이대공원,어린이대공원,POI104,KEY_2,573. 구의문주차장 앞,ST-384,120,12,10,127.08473206,37.54523087
2026-06-15T06:37:00.477952+09:00,어린이대공원,어린이대공원,POI104,KEY_2,3529. 어린이대공원정문,ST-1603,40,6,15,127.07592773,37.54978943
2026-06-15T06:37:00.477952+09:00,어린이대공원,어린이대공원,POI104,KEY_2,3853. 어린이대공원역 2번출구,ST-2541,44,8,18,127.07470703,37.54764938
2026-06-15T06:37:00.477952+09:00,어린이대공원,어린이대공원,POI104,KEY_2,3507. 어린이회관,ST-1192,48,15,31,127.07800293,37.54595184
2026-06-15T06:37:00.477952+09:00,어린이대공원,어린이대공원,POI104,KEY_2,3860. 건국대학교 정문 앞,ST-2542,130,13,10,127.07571411,37.5465126
2026-06-15T06:37:00.477952+09:00,어린이대공원,어린이대공원,POI104,KEY_2,3573.광나루안전체험관,ST-2312,120,18,15,127.07671356,37.5513382
2026-06-15T06:37:00.477952+09:00,어린이대공원,어린이대공원,POI104,KEY_2,574. 아차산역4번출구,ST-385,145,32,22,127.08898163,37.55184937
2026-06-15T06:37:00.477952+09:00,여의도한강공원,여의도한강공원,POI105,KEY_3,260. 여의도 마리나선착장 앞,ST-414,107,16,15,126.91216278,37.53365707
2026-06-15T06:37:00.477952+09:00,여의도한강공원,여의도한강공원,POI105,KEY_3,249. 여의도중학교 옆,ST-297,13,2,16,126.93580627,37.52457809
2026-06-15T06:37:00.477952+09:00,여의도한강공원,여의도한강공원,POI105,KEY_3,5891.한강버스 여의도 선착장,ST-3402,40,12,30,126.93422699,37.52816391
2026-06-15T06:37:00.477952+09:00,여의도한강공원,여의도한강공원,POI105,KEY_3,5890.여의나루역 3번출구,ST-3401,55,6,11,126.93336487,37.52645493
2026-06-15T06:37:00.477952+09:00,여의서로,여의서로,POI126,KEY_4,260. 여의도 마리나선착장 앞,ST-414,107,16,15,126.91216278,37.53365707
2026-06-15T06:37:00.477952+09:00,여의서로,여의서로,POI126,KEY_4,298.KBS 연구동 건너편,ST-1970,60,15,25,126.91374207,37.52724838
2026-06-15T06:37:00.477952+09:00,여의서로,여의서로,POI126,KEY_4,297.국회3문,ST-1969,10,1,10,126.91267395,37.52863693
2026-06-15T06:37:00.477952+09:00,올림픽공원,올림픽공원,POI127,KEY_1,1268. 몽촌토성역 1번출구 옆,ST-1087,7,1,15,127.11419678,37.51728821
2026-06-15T06:37:00.477952+09:00,올림픽공원,올림픽공원,POI127,KEY_1,1267. 올림픽공원 남2문 앞,ST-1086,0,0,14,127.12306976,37.51424026
2026-06-15T06:37:00.477952+09:00,올림픽공원,올림픽공원,POI127,KEY_1,2621. 한성백제역 2번 출구,ST-1719,13,2,15,127.11625671,37.51665878
2026-06-15T06:37:00.477952+09:00,올림픽공원,올림픽공원,POI127,KEY_1,2622. 올림픽공원역 3번출구,ST-1720,50,10,20,127.13059235,37.51625824
2026-06-15T06:37:00.477952+09:00,올림픽공원,올림픽공원,POI127,KEY_1,5781. 올림픽공원 수영장,ST-3300,157,22,14,127.12688446,37.52157211
2026-06-15T06:37:00.477952+09:00,올림픽공원,올림픽공원,POI127,KEY_1,4857. 올림픽공원 장미광장,ST-2621,0,0,15,127.126297,37.51275635
2026-06-15T06:37:00.477952+09:00,올림픽공원,올림픽공원,POI127,KEY_1,5751. 송파여성축구장,ST-3069,30,3,10,127.11743927,37.52471542
2026-06-15T06:37:00.477952+09:00,올림픽공원,올림픽공원,POI127,KEY_1,4464. 올림픽공원 북2문 A,ST-2580,33,5,15,127.12804413,37.52357483
2026-06-15T06:37:00.477952+09:00,올림픽공원,올림픽공원,POI127,KEY_1,4856. 올림픽공원 서1문 앞,ST-2608,80,8,10,127.11457062,37.5202179
2026-06-15T06:37:00.477952+09:00,올림픽공원,올림픽공원,POI127,KEY_1,4865. 한성백제역 1번출구 뒤,ST-2797,40,2,5,127.1149826,37.51647949
2026-06-15T06:37:00.477952+09:00,올림픽공원,올림픽공원,POI127,KEY_1,4862. 성내교 남단,ST-2756,80,8,10,127.11588287,37.52301788
2026-06-15T06:37:00.477952+09:00,올림픽공원,올림픽공원,POI127,KEY_1,4481. 올림픽공원 북2문 B,ST-2592,100,25,25,127.12751007,37.52397537
2026-06-15T06:37:00.477952+09:00,월드컵공원,월드컵공원,POI106,KEY_2,186. 월드컵공원,ST-344,215,86,40,126.89820862,37.56396484
2026-06-15T06:37:00.477952+09:00,월드컵공원,월드컵공원,POI106,KEY_2,418. 월드컵경기장역 3번출구 옆,ST-89,15,3,20,126.8992691,37.57277679
2026-06-15T06:37:00.477952+09:00,월드컵공원,월드컵공원,POI106,KEY_2,199. 서울 월드컵 경기장,ST-443,90,27,30,126.89644623,37.56684494
2026-06-15T06:37:00.477952+09:00,월드컵공원,월드컵공원,POI106,KEY_2,419. 홈플러스 마포점 앞,ST-87,133,28,21,126.89942932,37.56842041
2026-06-15T06:37:00.477952+09:00,월드컵공원,월드컵공원,POI106,KEY_2,440. 하늘공원 입구,ST-1754,67,10,15,126.88134766,37.57012177
2026-06-15T06:37:00.477952+09:00,월드컵공원,월드컵공원,POI106,KEY_2,413. 상암월드컵파크 3단지 후문,ST-92,160,16,10,126.88968658,37.57147598
2026-06-15T06:37:00.477952+09:00,월드컵공원,월드컵공원,POI106,KEY_2,420. 서울시 공공자전거 상암센터,ST-85,114,42,37,126.8961792,37.56624603
2026-06-15T06:37:00.477952+09:00,월드컵공원,월드컵공원,POI106,KEY_2,3008.DMC역7번출구,ST-2166,70,7,10,126.89836121,37.57711411
2026-06-15T06:37:00.477952+09:00,응봉산,응봉산,POI107,KEY_3,569. 응봉현대아파트 정류소,ST-370,0,0,10,127.03024292,37.54958344
2026-06-15T06:37:00.477952+09:00,응봉산,응봉산,POI107,KEY_3,3511. 응봉역 1번출구,ST-1195,240,24,10,127.0351944,37.55130386
2026-06-15T06:37:00.477952+09:00,응봉산,응봉산,POI107,KEY_3,3525. 금호스포츠센터앞,ST-1599,47,7,15,127.02507019,37.54608917
2026-06-15T06:37:00.477952+09:00,청계산,청계산,POI112,KEY_4,2203. 청계산입구역 2번출구,ST-925,130,13,10,127.05501556,37.44765854
2026-06-15T06:37:00.477952+09:00,청계산,청계산,POI112,KEY_4,4338.새정이마을버스정류장 앞,ST-3216,60,3,5,127.06594849,37.43474579
2026-06-15T06:37:00.477952+09:00,가락시장,가락시장,POI058,KEY_2,2658.가락몰 업무동,ST-2409,150,15,10,127.11569214,37.49535751
2026-06-15T06:37:00.477952+09:00,가락시장,가락시장,POI058,KEY_2,2659.서울친환경유통센터,ST-2410,10,1,10,127.10492706,37.49420929
2026-06-15T06:37:00.477952+09:00,가락시장,가락시장,POI058,KEY_2,4480. 가락시장 남1문 사거리,ST-2591,73,11,15,127.11745453,37.49201584
2026-06-15T06:37:00.477952+09:00,가락시장,가락시장,POI058,KEY_2,4854. 가락시장역 2번 출구,ST-2606,60,6,10,127.11798859,37.492733
2026-06-15T06:37:00.477952+09:00,가로수길,가로수길,POI059,KEY_3,2362. 신사동 가로수길 입구,ST-1171,0,0,10,127.02245331,37.51763535
2026-06-15T06:37:00.477952+09:00,가로수길,가로수길,POI059,KEY_3,3606. 신사동주민센터 옆,ST-2673,110,11,10,127.02285004,37.52422714
2026-06-15T06:37:00.477952+09:00,가로수길,가로수길,POI059,KEY_3,4903. 신사스퀘어,ST-3066,0,0,10,127.0189743,37.51916885
2026-06-15T06:37:00.477952+09:00,가로수길,가로수길,POI059,KEY_3,4907. 극동스포츠 앞,ST-3078,360,18,5,127.02588654,37.5257225
2026-06-15T06:37:00.477952+09:00,김포공항,김포공항,POI061,KEY_1,3776. 김포공항사거리,ST-2484,120,12,10,126.80518341,37.5675354
2026-06-15T06:37:00.477952+09:00,김포공항,김포공항,POI061,KEY_1,5072. 김포공항입구 교통섬,ST-2947,120,12,10,126.80708313,37.56154633
2026-06-15T06:37:00.477952+09:00,남대문시장,남대문시장,POI115,KEY_2,470.회현역 7번출구,ST-1776,0,0,13,126.98000336,37.55974579
2026-06-15T06:37:00.477952+09:00,남대문시장,남대문시장,POI115,KEY_2,324. 신세계백화점 본점 앞,ST-140,25,2,8,126.9805069,37.56134415
2026-06-15T06:37:00.477952+09:00,남대문시장,남대문시장,POI115,KEY_2,4776. 신세계면세점,ST-2522,0,0,10,126.98139191,37.56027603
2026-06-15T06:37:00.477952+09:00,노량진,노량진,POI063,KEY_3,2003. 사육신공원앞,ST-877,100,10,10,126.94805908,37.51335907
2026-06-15T06:37:00.477952+09:00,노량진,노량진,POI063,KEY_3,2002. 노들역 1번출구,ST-683,147,25,17,126.95246887,37.51284409
2026-06-15T06:37:00.477952+09:00,노량진,노량진,POI063,KEY_3,2070. 노량진역 2번 출구 앞,ST-1545,61,11,18,126.94306946,37.51391983
2026-06-15T06:37:00.477952+09:00,노량진,노량진,POI063,KEY_3,2058. 동작경찰서,ST-1150,200,28,14,126.94352722,37.5135231
2026-06-15T06:37:00.477952+09:00,노량진,노량진,POI063,KEY_3,2050. 노량진역 5번출구,ST-699,147,22,15,126.93997192,37.51324844
2026-06-15T06:37:00.477952+09:00,덕수궁길·정동길,덕수궁길·정동길,POI064,KEY_4,391. 시립미술관,ST-977,25,2,8,126.97340393,37.56505203
2026-06-15T06:37:00.477952+09:00,덕수궁길·정동길,덕수궁길·정동길,POI064,KEY_4,300. 정동사거리,ST-116,17,1,6,126.96923065,37.56805038
2026-06-15T06:37:00.477952+09:00,덕수궁길·정동길,덕수궁길·정동길,POI064,KEY_4,4715. 돈의문 박물관 마을,ST-2923,7,1,15,126.96955109,37.56883621
2026-06-15T06:37:00.477952+09:00,덕수궁길·정동길,덕수궁길·정동길,POI064,KEY_4,6058. 시청역 2번출구,ST-3297,7,1,15,126.97702026,37.56557846
2026-06-15T06:37:00.477952+09:00,북촌한옥마을,북촌한옥마을,POI066,KEY_2,354. 포르투갈 대사관 앞,ST-170,0,0,10,126.98896027,37.57915497
2026-06-15T06:37:00.477952+09:00,북촌한옥마을,북촌한옥마을,POI066,KEY_2,465. 삼청공원 앞,ST-1759,0,0,5,126.9835968,37.58760452
2026-06-15T06:37:00.477952+09:00,북촌한옥마을,북촌한옥마을,POI066,KEY_2,352. 중앙고입구 삼거리,ST-168,0,0,10,126.98523712,37.58341599
2026-06-15T06:37:00.477952+09:00,북촌한옥마을,북촌한옥마을,POI066,KEY_2,314. 국립현대미술관,ST-130,0,0,10,126.98085785,37.5797081
2026-06-15T06:37:00.477952+09:00,북촌한옥마을,북촌한옥마을,POI066,KEY_2,464. 삼청동 골목,ST-1756,0,0,10,126.98169708,37.58419037
2026-06-15T06:37:00.477952+09:00,북촌한옥마을,북촌한옥마을,POI066,KEY_2,451. 청와대앞길,ST-979,13,1,8,126.97966766,37.58351517
2026-06-15T06:37:00.477952+09:00,북촌한옥마을,북촌한옥마을,POI066,KEY_2,353. 재동초교 앞 삼거리,ST-169,0,0,8,126.9849472,37.57938766
2026-06-15T06:37:00.477952+09:00,북촌한옥마을,북촌한옥마을,POI066,KEY_2,3407.안국동사거리(신),ST-1804,0,0,18,126.98339081,37.57580566
2026-06-15T06:37:00.477952+09:00,북촌한옥마을,북촌한옥마을,POI066,KEY_2,4719. 종로문화원 건너편,ST-3090,7,1,15,126.9805069,37.57571411
2026-06-15T06:37:00.477952+09:00,북촌한옥마을,북촌한옥마을,POI066,KEY_2,4705. 웰니스센터(민방위교육장 앞),ST-2565,33,2,6,126.98912811,37.57752991
2026-06-15T06:37:00.477952+09:00,서촌,서촌,POI067,KEY_3,450. 효자동 삼거리,ST-978,6,3,51,126.97254944,37.58360291
2026-06-15T06:37:00.477952+09:00,서촌,서촌,POI067,KEY_3,349. 어린이도서관,ST-165,80,4,5,126.96858978,37.57633209
2026-06-15T06:37:00.477952+09:00,서촌,서촌,POI067,KEY_3,4721. 통인시장 정자,ST-3354,138,11,8,126.96878815,37.58055878
2026-06-15T06:37:00.477952+09:00,서촌,서촌,POI067,KEY_3,4710. 자교교회 앞,ST-2473,125,10,8,126.97123718,37.58114624
2026-06-15T06:37:00.477952+09:00,성수카페거리,성수카페거리,POI068,KEY_4,587. 유니베라 앞,ST-482,70,7,10,127.05264282,37.54541779
2026-06-15T06:37:00.477952+09:00,성수카페거리,성수카페거리,POI068,KEY_4,513. 뚝섬역 5번 출구 정류소 옆,ST-111,23,3,13,127.04980469,37.54630661
2026-06-15T06:37:00.477952+09:00,성수카페거리,성수카페거리,POI068,KEY_4,3548.뚝섬역 6번출구,ST-2330,30,3,10,127.04766846,37.54695892
2026-06-15T06:37:00.477952+09:00,성수카페거리,성수카페거리,POI068,KEY_4,4399. 더리브 세종타워 앞,ST-3326,14,1,7,127.0580368,37.54378128
2026-06-15T06:37:00.477952+09:00,성수카페거리,성수카페거리,POI068,KEY_4,4387. 성수역 1번출구 주변,ST-3121,13,1,8,127.05336761,37.54555893
2026-06-15T06:37:00.477952+09:00,성수카페거리,성수카페거리,POI068,KEY_4,4398. 유원지식산업센터 앞,ST-3325,92,11,12,127.05593109,37.54436493
2026-06-15T06:37:00.477952+09:00,성수카페거리,성수카페거리,POI068,KEY_4,4377. 우영테크노센터 앞,ST-3003,138,11,8,127.05971527,37.54332352
2026-06-15T06:37:00.477952+09:00,성수카페거리,성수카페거리,POI068,KEY_4,514. 성수사거리 버스정류장 앞,ST-112,58,7,12,127.06330872,37.54257965
2026-06-15T06:37:00.477952+09:00,송리단길·호수단길,송리단길·호수단길,POI121,KEY_1,2639.석촌역 8번출구,ST-1866,44,8,18,127.10657501,37.50550461
2026-06-15T06:37:00.477952+09:00,송리단길·호수단길,송리단길·호수단길,POI121,KEY_1,4868. 석촌호수 서호 남단,ST-2833,0,0,10,127.10124207,37.50717163
2026-06-15T06:37:00.477952+09:00,신촌 스타광장,신촌 스타광장,POI122,KEY_2,128. 신촌역(2호선) 1번출구 옆,ST-30,5,1,19,126.93634033,37.55549622
2026-06-15T06:37:00.477952+09:00,신촌 스타광장,신촌 스타광장,POI122,KEY_2,3116.신촌역 4번출구,ST-2201,0,0,10,126.93720245,37.55550385
2026-06-15T06:37:00.477952+09:00,압구정로데오거리,압구정로데오거리,POI071,KEY_3,2365. K+ 타워 앞,ST-1174,0,0,15,127.03847504,37.52330017
2026-06-15T06:37:00.477952+09:00,압구정로데오거리,압구정로데오거리,POI071,KEY_3,2310. 청담동 맥도날드 옆(위치),ST-794,20,2,10,127.04017639,37.52361298
2026-06-15T06:37:00.477952+09:00,여의도,여의도,POI072,KEY_4,200. 국회의원회관,ST-45,5,1,22,126.91391754,37.52841568
2026-06-15T06:37:00.477952+09:00,여의도,여의도,POI072,KEY_4,222. 시범아파트버스정류장 옆,ST-68,117,14,12,126.93688965,37.51902008
2026-06-15T06:37:00.477952+09:00,여의도,여의도,POI072,KEY_4,202. 국민일보 앞,ST-47,27,8,30,126.92453003,37.52881622
2026-06-15T06:37:00.477952+09:00,여의도,여의도,POI072,KEY_4,260. 여의도 마리나선착장 앞,ST-414,107,16,15,126.91216278,37.53365707
2026-06-15T06:37:00.477952+09:00,여의도,여의도,POI072,KEY_4,299.여의도 순복음교회,ST-1971,10,1,10,126.92245483,37.53179169
2026-06-15T06:37:00.477952+09:00,여의도,여의도,POI072,KEY_4,209. 유진투자증권빌딩 앞,ST-55,68,15,22,126.92783356,37.52461243
2026-06-15T06:37:00.477952+09:00,여의도,여의도,POI072,KEY_4,204. 국회의사당역 5번출구 옆,ST-50,15,2,13,126.91702271,37.52816391
2026-06-15T06:37:00.477952+09:00,여의도,여의도,POI072,KEY_4,226. 샛강역 1번출구 앞,ST-72,42,8,19,126.92841339,37.51776505
2026-06-15T06:37:00.477952+09:00,여의도,여의도,POI072,KEY_4,207. 여의나루역 1번출구 앞,ST-73,15,7,46,126.93190002,37.52715683
2026-06-15T06:37:00.477952+09:00,여의도,여의도,POI072,KEY_4,248. 초원아파트 앞,ST-296,10,1,10,126.92420959,37.53105545
2026-06-15T06:37:00.477952+09:00,여의도,여의도,POI072,KEY_4,224. 롯데캐슬 앞,ST-70,10,2,20,126.93236542,37.5200882
2026-06-15T06:37:00.477952+09:00,여의도,여의도,POI072,KEY_4,225. 앙카라공원 앞,ST-71,42,11,26,126.92961884,37.51758575
2026-06-15T06:37:00.477952+09:00,여의도,여의도,POI072,KEY_4,298.KBS 연구동 건너편,ST-1970,60,15,25,126.91374207,37.52724838
2026-06-15T06:37:00.477952+09:00,여의도,여의도,POI072,KEY_4,203. 국회의사당역 3번출구 옆,ST-51,27,4,15,126.91870117,37.5280571
2026-06-15T06:37:00.477952+09:00,여의도,여의도,POI072,KEY_4,249. 여의도중학교 옆,ST-297,13,2,16,126.93580627,37.52457809
2026-06-15T06:37:00.477952+09:00,여의도,여의도,POI072,KEY_4,213. KT앞,ST-59,32,6,19,126.91895294,37.52190781
2026-06-15T06:37:00.477952+09:00,여의도,여의도,POI072,KEY_4,214. 금융감독원 앞,ST-60,10,2,21,126.9208374,37.5230217
2026-06-15T06:37:00.477952+09:00,여의도,여의도,POI072,KEY_4,270. 증권거래소후문교차로,ST-424,10,1,10,126.92710114,37.52234268
2026-06-15T06:37:00.477952+09:00,여의도,여의도,POI072,KEY_4,205. 산업은행 앞,ST-52,95,19,20,126.92050934,37.52626419
2026-06-15T06:37:00.477952+09:00,여의도,여의도,POI072,KEY_4,219. 롯데캐슬엠파이어 옆,ST-62,58,7,12,126.92583466,37.52069473
2026-06-15T06:37:00.477952+09:00,여의도,여의도,POI072,KEY_4,297.국회3문,ST-1969,10,1,10,126.91267395,37.52863693
2026-06-15T06:37:00.477952+09:00,여의도,여의도,POI072,KEY_4,201. 진미파라곤 앞,ST-46,13,2,15,126.92133331,37.53123856
2026-06-15T06:37:00.477952+09:00,여의도,여의도,POI072,KEY_4,217. NH농협은행 앞,ST-66,40,6,15,126.93036652,37.52207947
2026-06-15T06:37:00.477952+09:00,여의도,여의도,POI072,KEY_4,215. 여의도고교 앞,ST-64,40,4,10,126.93490601,37.52483749
2026-06-15T06:37:00.477952+09:00,여의도,여의도,POI072,KEY_4,223. 진주아파트상가 앞,ST-69,15,3,20,126.9333725,37.51913071
2026-06-15T06:37:00.477952+09:00,여의도,여의도,POI072,KEY_4,271. 샛강생태공원방문자센터 앞,ST-425,10,1,10,126.9216156,37.51896286
2026-06-15T06:37:00.477952+09:00,여의도,여의도,POI072,KEY_4,220. 미성아파트 A동 앞,ST-63,10,3,30,126.92604828,37.5193634
2026-06-15T06:37:00.477952+09:00,여의도,여의도,POI072,KEY_4,206. KBS 앞,ST-53,71,25,35,126.91802216,37.52466583
2026-06-15T06:37:00.477952+09:00,여의도,여의도,POI072,KEY_4,5888.여의도성당,ST-3375,14,1,7,126.93920898,37.52164459
2026-06-15T06:37:00.477952+09:00,여의도,여의도,POI072,KEY_4,5889.의원회관출입구 앞,ST-3377,20,2,10,126.91479492,37.52985382
2026-06-15T06:37:00.477952+09:00,여의도,여의도,POI072,KEY_4,5870. LG트윈타워 앞,ST-3239,40,8,20,126.93017578,37.52833176
2026-06-15T06:37:00.477952+09:00,여의도,여의도,POI072,KEY_4,5878. 우리은행 앞,ST-3315,50,10,20,126.92162323,37.52349091
2026-06-15T06:37:00.477952+09:00,여의도,여의도,POI072,KEY_4,4582. 국회도서관,ST-2646,75,9,12,126.91817474,37.53054047
2026-06-15T06:37:00.477952+09:00,여의도,여의도,POI072,KEY_4,4580. 국회제2의원회관,ST-2644,0,0,17,126.91316986,37.52974701
2026-06-15T06:37:00.477952+09:00,여의도,여의도,POI072,KEY_4,5891.한강버스 여의도 선착장,ST-3402,40,12,30,126.93422699,37.52816391
2026-06-15T06:37:00.477952+09:00,여의도,여의도,POI072,KEY_4,5893.한국산업은행,ST-3397,10,1,10,126.92175293,37.52814484
2026-06-15T06:37:00.477952+09:00,여의도,여의도,POI072,KEY_4,4583. 의정관,ST-2647,8,1,12,126.91747284,37.53214645
2026-06-15T06:37:00.477952+09:00,여의도,여의도,POI072,KEY_4,4563. 여의도 은하아파트,ST-2813,30,3,10,126.93448639,37.51850891
2026-06-15T06:37:00.477952+09:00,여의도,여의도,POI072,KEY_4,4589. KRX한국거래소(1),ST-2899,0,0,18,126.92759705,37.52338028
2026-06-15T06:37:00.477952+09:00,여의도,여의도,POI072,KEY_4,4585. 국회6문,ST-2694,33,2,6,126.91799164,37.53271866
2026-06-15T06:37:00.477952+09:00,여의도,여의도,POI072,KEY_4,4579. 국회의사당 본관,ST-2643,118,20,17,126.91404724,37.5325737
2026-06-15T06:37:00.477952+09:00,여의도,여의도,POI072,KEY_4,4584. 국회2문,ST-2648,44,4,9,126.91510773,37.52864075
2026-06-15T06:37:00.477952+09:00,여의도,여의도,POI072,KEY_4,5892.국회의사당본관 좌측,ST-3383,29,2,7,126.91375732,37.53090286
2026-06-15T06:37:00.477952+09:00,여의도,여의도,POI072,KEY_4,5890.여의나루역 3번출구,ST-3401,55,6,11,126.93336487,37.52645493
2026-06-15T06:37:00.477952+09:00,여의도,여의도,POI072,KEY_4,5853. 여의도역2번출구 앞,ST-3061,20,2,10,126.92271423,37.52243423
2026-06-15T06:37:00.477952+09:00,여의도,여의도,POI072,KEY_4,5879. 국회도서관 2문 앞,ST-3318,113,9,8,126.91668701,37.53107071
2026-06-15T06:37:00.477952+09:00,여의도,여의도,POI072,KEY_4,5859. 여의도 삼부아파트,ST-3160,40,4,10,126.93045807,37.52539444
2026-06-15T06:37:00.477952+09:00,여의도,여의도,POI072,KEY_4,5880. 국회박물관,ST-3319,0,0,7,126.91945648,37.53183365
2026-06-15T06:37:00.477952+09:00,여의도,여의도,POI072,KEY_4,4564. 63스퀘어,ST-2814,82,14,17,126.93965912,37.52070999
2026-06-15T06:37:00.477952+09:00,여의도,여의도,POI072,KEY_4,5897.여의도공작아파트,ST-3426,10,1,10,126.92987061,37.52595139
2026-06-15T06:37:00.477952+09:00,여의도,여의도,POI072,KEY_4,4581. 국회소통관,ST-2645,0,0,12,126.9128952,37.53050232
2026-06-15T06:37:00.477952+09:00,여의도,여의도,POI072,KEY_4,221. 여의도초교 앞,ST-67,40,4,10,126.93778992,37.52267456
2026-06-15T06:37:00.477952+09:00,연남동,연남동,POI073,KEY_1,107. 수협 연남동지점,ST-9,30,3,10,126.91871643,37.55784607
2026-06-15T06:37:00.477952+09:00,연남동,연남동,POI073,KEY_1,4233. 코오롱아파트사거리,ST-2979,0,0,10,126.92149353,37.56306458
2026-06-15T06:37:00.477952+09:00,영등포 타임스퀘어,영등포 타임스퀘어,POI074,KEY_2,3219.영등포역 1번출구,ST-1990,140,14,10,126.9077301,37.5148468
2026-06-15T06:37:00.477952+09:00,영등포 타임스퀘어,영등포 타임스퀘어,POI074,KEY_2,5868. 로프트시티오피스텔,ST-3238,250,15,6,126.90843201,37.51906204
2026-06-15T06:37:00.477952+09:00,영등포 타임스퀘어,영등포 타임스퀘어,POI074,KEY_2,4565. 영등포 신세계백화점,ST-2815,10,1,10,126.90364838,37.51803589
2026-06-15T06:37:00.477952+09:00,영등포 타임스퀘어,영등포 타임스퀘어,POI074,KEY_2,5858. 영등포역5번출구,ST-3142,180,18,10,126.90807343,37.51669312
2026-06-15T06:37:00.477952+09:00,영등포 타임스퀘어,영등포 타임스퀘어,POI074,KEY_2,284. 센트럴 푸르지오 시티 앞,ST-1650,69,11,16,126.90222931,37.51821136
2026-06-15T06:37:00.477952+09:00,용리단길,용리단길,POI076,KEY_3,816. 신용산역 6번출구 앞,ST-435,84,21,25,126.96848297,37.53014755
2026-06-15T06:37:00.477952+09:00,용리단길,용리단길,POI076,KEY_3,817. 삼각지역 4번출구 앞,ST-436,122,11,9,126.97173309,37.53345108
2026-06-15T06:37:00.477952+09:00,이태원 앤틱가구거리,이태원 앤틱가구거리,POI077,KEY_4,4615. 크라운호텔앞 버스정류소,ST-2446,14,1,7,126.99137878,37.53030014
2026-06-15T06:37:00.477952+09:00,이태원 앤틱가구거리,이태원 앤틱가구거리,POI077,KEY_4,4634. 이태원역 3번 출구,ST-3056,0,0,5,126.99497223,37.5343895
2026-06-15T06:37:00.477952+09:00,익선동,익선동,POI116,KEY_1,334. 종로3가역 2번출구 뒤,ST-150,20,2,10,126.99179077,37.5705986
2026-06-15T06:37:00.477952+09:00,익선동,익선동,POI116,KEY_1,328. 탑골공원 앞,ST-144,0,0,11,126.9881897,37.57039642
2026-06-15T06:37:00.477952+09:00,익선동,익선동,POI116,KEY_1,327. 낙원상가 옆,ST-143,0,0,10,126.9874649,37.57335663
2026-06-15T06:37:00.477952+09:00,익선동,익선동,POI116,KEY_1,3410.종로3가역 8번출구,ST-1807,0,0,10,126.99188995,37.5724678
2026-06-15T06:37:00.477952+09:00,익선동,익선동,POI116,KEY_1,4713. 현대 뜨레비앙 아파트 앞,ST-2623,71,5,7,126.99062347,37.57528305
2026-06-15T06:37:00.477952+09:00,인사동,인사동,POI078,KEY_2,326. 안국역 5번출구 앞,ST-142,7,1,15,126.98616028,37.57624054
2026-06-15T06:37:00.477952+09:00,인사동,인사동,POI078,KEY_2,327. 낙원상가 옆,ST-143,0,0,10,126.9874649,37.57335663
2026-06-15T06:37:00.477952+09:00,인사동,인사동,POI078,KEY_2,454. 종로2가 버스정류장 (종각방향),ST-1607,8,1,13,126.98638153,37.57035828
2026-06-15T06:37:00.477952+09:00,인사동,인사동,POI078,KEY_2,3408.종로타워빌딩,ST-1805,8,1,13,126.98323822,37.57070541
2026-06-15T06:37:00.477952+09:00,창동 신경제 중심지,창동 신경제 중심지,POI079,KEY_4,1756.서울북부광역등기국,ST-2101,20,2,10,127.04431915,37.65148544
2026-06-15T06:37:00.477952+09:00,창동 신경제 중심지,창동 신경제 중심지,POI079,KEY_4,1657. 노원구청,ST-1125,10,2,20,127.05732727,37.65404892
2026-06-15T06:37:00.477952+09:00,창동 신경제 중심지,창동 신경제 중심지,POI079,KEY_4,1662. 노원역7번출구,ST-1279,15,3,20,127.05921173,37.65421677
2026-06-15T06:37:00.477952+09:00,창동 신경제 중심지,창동 신경제 중심지,POI079,KEY_4,1674. 서울북부고용센터앞,ST-1291,13,2,15,127.05808258,37.65354919
2026-06-15T06:37:00.477952+09:00,창동 신경제 중심지,창동 신경제 중심지,POI079,KEY_4,1722. 창동청소년수련관,ST-1292,80,12,15,127.05004883,37.65779877
2026-06-15T06:37:00.477952+09:00,창동 신경제 중심지,창동 신경제 중심지,POI079,KEY_4,1690. 도봉운전면허시험장 버스정류장 옆,ST-1641,0,0,10,127.05931091,37.6577301
2026-06-15T06:37:00.477952+09:00,창동 신경제 중심지,창동 신경제 중심지,POI079,KEY_4,1716. 창동역 1번출구 건너편,ST-1132,100,8,8,127.05072784,37.65420151
2026-06-15T06:37:00.477952+09:00,창동 신경제 중심지,창동 신경제 중심지,POI079,KEY_4,1637. KT 전화국 버스정류장 옆,ST-611,22,2,9,127.06372833,37.6546669
2026-06-15T06:37:00.477952+09:00,창동 신경제 중심지,창동 신경제 중심지,POI079,KEY_4,1653. 노원역1번출구,ST-1121,60,6,10,127.06362152,37.65620041
2026-06-15T06:37:00.477952+09:00,창동 신경제 중심지,창동 신경제 중심지,POI079,KEY_4,1686. 상계주공10단지 종합상가 앞,ST-1476,13,2,15,127.05805206,37.66114044
2026-06-15T06:37:00.477952+09:00,창동 신경제 중심지,창동 신경제 중심지,POI079,KEY_4,1775.신원리베르텔 앞,ST-2120,13,2,15,127.04554749,37.65128708
2026-06-15T06:37:00.477952+09:00,창동 신경제 중심지,창동 신경제 중심지,POI079,KEY_4,4096.창동역2번출구 하나은행365 앞,ST-3368,88,7,8,127.04550171,37.65283585
2026-06-15T06:37:00.477952+09:00,창동 신경제 중심지,창동 신경제 중심지,POI079,KEY_4,5333. 노원역9번-10번 출구 앞,ST-3288,80,8,10,127.063591,37.65655518
2026-06-15T06:37:00.477952+09:00,창동 신경제 중심지,창동 신경제 중심지,POI079,KEY_4,5311. 주공601동 상가 노원지하보도 앞,ST-3116,20,1,5,127.06147766,37.65190125
2026-06-15T06:37:00.477952+09:00,창동 신경제 중심지,창동 신경제 중심지,POI079,KEY_4,4098.창동역 1번출구 인근,ST-3430,13,1,8,127.04838562,37.65290833
2026-06-15T06:37:00.477952+09:00,청량리 제기동 일대 전통시장,청량리 제기동 일대 전통시장,POI081,KEY_2,640. 동대문경찰서 교차로,ST-407,217,13,6,127.04460144,37.58255005
2026-06-15T06:37:00.477952+09:00,청량리 제기동 일대 전통시장,청량리 제기동 일대 전통시장,POI081,KEY_2,676.FITI시험연구원 앞,ST-2276,78,7,9,127.03547668,37.58143234
2026-06-15T06:37:00.477952+09:00,청량리 제기동 일대 전통시장,청량리 제기동 일대 전통시장,POI081,KEY_2,633. 청량리 기업은행 앞,ST-400,163,13,8,127.04472351,37.58049774
2026-06-15T06:37:00.477952+09:00,청량리 제기동 일대 전통시장,청량리 제기동 일대 전통시장,POI081,KEY_2,4134. 제기동 현대아파트 앞,ST-3206,170,17,10,127.0353241,37.57994843
2026-06-15T06:37:00.477952+09:00,청량리 제기동 일대 전통시장,청량리 제기동 일대 전통시장,POI081,KEY_2,4147.청량리역광장,ST-3405,26,9,35,127.04673767,37.58024597
2026-06-15T06:37:00.477952+09:00,청량리 제기동 일대 전통시장,청량리 제기동 일대 전통시장,POI081,KEY_2,4149.제기동역 5번출구,ST-3428,286,20,7,127.03381348,37.5779953
2026-06-15T06:37:00.477952+09:00,DDP(동대문디자인플라자),DDP(동대문디자인플라자),POI083,KEY_4,475.DDP 패션몰,ST-1781,10,2,21,127.0118103,37.56764984
2026-06-15T06:37:00.477952+09:00,DDP(동대문디자인플라자),DDP(동대문디자인플라자),POI083,KEY_4,347. 동대문역사문화공원역 9번출구 앞,ST-163,33,6,18,127.00784302,37.56533051
2026-06-15T06:37:00.477952+09:00,DDP(동대문디자인플라자),DDP(동대문디자인플라자),POI083,KEY_4,4765. 동대문디자인플라자,ST-2431,60,12,20,127.00946045,37.5683136
2026-06-15T06:37:00.477952+09:00,DDP(동대문디자인플라자),DDP(동대문디자인플라자),POI083,KEY_4,474.동대문역사문화공원역 1번출구 뒤편,ST-1780,8,3,40,127.00849152,37.56629944
2026-06-15T06:37:00.477952+09:00,DMC(디지털미디어시티),DMC(디지털미디어시티),POI084,KEY_1,412. DMC산학협력연구센터 앞,ST-91,95,20,21,126.89079285,37.57565689
2026-06-15T06:37:00.477952+09:00,DMC(디지털미디어시티),DMC(디지털미디어시티),POI084,KEY_1,414. 상암동주민센터 옆,ST-94,175,14,8,126.89447021,37.57822037
2026-06-15T06:37:00.477952+09:00,DMC(디지털미디어시티),DMC(디지털미디어시티),POI084,KEY_1,411. DMC홍보관,ST-90,50,5,10,126.89147186,37.5779953
2026-06-15T06:37:00.477952+09:00,DMC(디지털미디어시티),DMC(디지털미디어시티),POI084,KEY_1,409. 누리꿈스퀘어 옆,ST-86,3,1,30,126.88916016,37.57939911
2026-06-15T06:37:00.477952+09:00,DMC(디지털미디어시티),DMC(디지털미디어시티),POI084,KEY_1,405. DMC빌 앞,ST-80,0,0,8,126.88578796,37.58265686
2026-06-15T06:37:00.477952+09:00,DMC(디지털미디어시티),DMC(디지털미디어시티),POI084,KEY_1,408. LG CNS앞,ST-84,0,0,14,126.88665009,37.58081055
2026-06-15T06:37:00.477952+09:00,DMC(디지털미디어시티),DMC(디지털미디어시티),POI084,KEY_1,425. DMC첨단산업센터,ST-991,40,4,10,126.88559723,37.58450317
2026-06-15T06:37:00.477952+09:00,DMC(디지털미디어시티),DMC(디지털미디어시티),POI084,KEY_1,415. DMC역 9번출구 앞,ST-95,60,6,10,126.89736176,37.57746887
2026-06-15T06:37:00.477952+09:00,DMC(디지털미디어시티),DMC(디지털미디어시티),POI084,KEY_1,417. DMC역 2번출구 옆,ST-93,15,3,20,126.8999176,37.57506943
2026-06-15T06:37:00.477952+09:00,DMC(디지털미디어시티),DMC(디지털미디어시티),POI084,KEY_1,489.구룡근린공원,ST-2148,210,21,10,126.88276672,37.58320236
2026-06-15T06:37:00.477952+09:00,DMC(디지털미디어시티),DMC(디지털미디어시티),POI084,KEY_1,3007.MBC 앞,ST-2165,70,7,10,126.89044952,37.58198166
2026-06-15T06:37:00.477952+09:00,DMC(디지털미디어시티),DMC(디지털미디어시티),POI084,KEY_1,3008.DMC역7번출구,ST-2166,70,7,10,126.89836121,37.57711411
2026-06-15T06:37:00.477952+09:00,DMC(디지털미디어시티),DMC(디지털미디어시티),POI084,KEY_1,4238. 상암한샘빌딩앞,ST-2981,57,4,7,126.89867401,37.57649231
2026-06-15T06:37:00.477952+09:00,DMC(디지털미디어시티),DMC(디지털미디어시티),POI084,KEY_1,4214. JTBC 앞,ST-2537,40,4,10,126.8901825,37.57730484
2026-06-15T06:37:00.477952+09:00,DMC(디지털미디어시티),DMC(디지털미디어시티),POI084,KEY_1,4218. 디지털매직스페이스,ST-2974,0,0,13,126.88957977,37.58119965
2026-06-15T06:37:00.477952+09:00,DMC(디지털미디어시티),DMC(디지털미디어시티),POI084,KEY_1,490.가온문화공원,ST-2149,13,3,23,126.88766479,37.58207703
2026-06-15T06:37:00.477952+09:00,가산디지털단지역,가산디지털단지역,POI013,KEY_2,1805. 서울디지털운동장 앞,ST-620,70,7,10,126.87776947,37.48228836
2026-06-15T06:37:00.477952+09:00,가산디지털단지역,가산디지털단지역,POI013,KEY_2,1806. 에이스하이엔드타워9차 앞,ST-621,140,14,10,126.87863922,37.48621368
2026-06-15T06:37:00.477952+09:00,가산디지털단지역,가산디지털단지역,POI013,KEY_2,1850. 코오롱테크노밸리,ST-1277,180,18,10,126.8863678,37.48015976
2026-06-15T06:37:00.477952+09:00,가산디지털단지역,가산디지털단지역,POI013,KEY_2,1834. 월드메르디앙 벤처센터 2차,ST-640,40,4,10,126.87904358,37.47908401
2026-06-15T06:37:00.477952+09:00,가산디지털단지역,가산디지털단지역,POI013,KEY_2,1839. 수출의 다리 아래,ST-1140,30,6,20,126.88615417,37.47743607
2026-06-15T06:37:00.477952+09:00,가산디지털단지역,가산디지털단지역,POI013,KEY_2,1812. 갑을그레이트밸리 앞,ST-624,250,25,10,126.88729858,37.47903061
2026-06-15T06:37:00.477952+09:00,가산디지털단지역,가산디지털단지역,POI013,KEY_2,1867.대륭포스트타워6차 앞,ST-1938,103,31,30,126.8841629,37.48101044
2026-06-15T06:37:00.477952+09:00,가산디지털단지역,가산디지털단지역,POI013,KEY_2,1849. 대륭포스트타워5차,ST-1276,180,18,10,126.88694,37.48135376
2026-06-15T06:37:00.477952+09:00,가산디지털단지역,가산디지털단지역,POI013,KEY_2,1851. 가산디지털단지 9번출구 인근,ST-1403,180,18,10,126.88148499,37.48123169
2026-06-15T06:37:00.477952+09:00,가산디지털단지역,가산디지털단지역,POI013,KEY_2,1835. STX V타워,ST-641,120,12,10,126.88442993,37.47706985
2026-06-15T06:37:00.477952+09:00,가산디지털단지역,가산디지털단지역,POI013,KEY_2,3985. 디폴리스 지식산업센터,ST-2964,30,6,20,126.87680054,37.48017502
2026-06-15T06:37:00.477952+09:00,가산디지털단지역,가산디지털단지역,POI013,KEY_2,3984. 가산롯데아이티캐슬,ST-2999,340,17,5,126.88083649,37.47636795
2026-06-15T06:37:00.477952+09:00,가산디지털단지역,가산디지털단지역,POI013,KEY_2,3989.가산디지털단지역 9번출구 앞,ST-3396,130,13,10,126.88175964,37.48055267
2026-06-15T06:37:00.477952+09:00,강남역,강남역,POI014,KEY_3,2505. 우성아파트사거리 (기업은행앞),ST-1556,125,15,12,127.02953339,37.49325943
2026-06-15T06:37:00.477952+09:00,강남역,강남역,POI014,KEY_3,2421. 신논현역 4번출구,ST-1887,20,3,15,127.02579498,37.504673
2026-06-15T06:37:00.477952+09:00,강남역,강남역,POI014,KEY_3,3628. 역삼1동 주민센터,ST-2689,20,2,10,127.03302765,37.49521255
2026-06-15T06:37:00.477952+09:00,강남역,강남역,POI014,KEY_3,2407. 역삼서초삼성 세무서 앞 (역삼빌딩 앞),ST-1577,130,13,10,127.03011322,37.49847031
2026-06-15T06:37:00.477952+09:00,강남역,강남역,POI014,KEY_3,4349.삼성화재서초타워,ST-3361,133,8,6,127.02896118,37.49446869
2026-06-15T06:37:00.477952+09:00,건대입구역,건대입구역,POI015,KEY_4,3533. 건대입구역 사거리(롯데백화점),ST-1660,40,4,10,127.07078552,37.5392952
2026-06-15T06:37:00.477952+09:00,건대입구역,건대입구역,POI015,KEY_4,3534. 건대입구역 5번출구 뒤,ST-1661,90,9,10,127.06956482,37.54008102
2026-06-15T06:37:00.477952+09:00,건대입구역,건대입구역,POI015,KEY_4,501. 광진문화예술회관 앞,ST-98,67,20,30,127.07035065,37.53730774
2026-06-15T06:37:00.477952+09:00,고덕역,고덕역,POI016,KEY_1,1068.명일파출소,ST-1767,30,3,10,127.15622711,37.5536499
2026-06-15T06:37:00.477952+09:00,고덕역,고덕역,POI016,KEY_1,1036. 고덕동 주양쇼핑,ST-1053,120,12,10,127.15331268,37.55199051
2026-06-15T06:37:00.477952+09:00,고덕역,고덕역,POI016,KEY_1,1072.고덕역 5번출구,ST-1833,9,2,22,127.15372467,37.55486298
2026-06-15T06:37:00.477952+09:00,교대역,교대역,POI018,KEY_3,2239.교대역 6번출구,ST-765,100,10,10,127.01378632,37.49421692
2026-06-15T06:37:00.477952+09:00,교대역,교대역,POI018,KEY_3,2279. 교대역 5번출구뒤,ST-1305,238,19,8,127.01418304,37.49361801
2026-06-15T06:37:00.477952+09:00,구로디지털단지역,구로디지털단지역,POI019,KEY_4,2801. 대륭포스트타워1차,ST-1753,20,6,30,126.89542389,37.48437119
2026-06-15T06:37:00.477952+09:00,구로디지털단지역,구로디지털단지역,POI019,KEY_4,1911. 구로디지털단지역 앞,ST-668,183,33,18,126.90132141,37.48493958
2026-06-15T06:37:00.477952+09:00,구로디지털단지역,구로디지털단지역,POI019,KEY_4,1986. 태평양물산,ST-1521,33,5,15,126.89518738,37.48485947
2026-06-15T06:37:00.477952+09:00,구로디지털단지역,구로디지털단지역,POI019,KEY_4,1962. 가리봉동주민센터,ST-1224,93,14,15,126.89279938,37.48160172
2026-06-15T06:37:00.477952+09:00,구로디지털단지역,구로디지털단지역,POI019,KEY_4,1955. 디지털입구 교차로,ST-936,220,22,10,126.90103912,37.48288345
2026-06-15T06:37:00.477952+09:00,구로디지털단지역,구로디지털단지역,POI019,KEY_4,2110. 조원동 미성아파트,ST-950,200,18,9,126.90203094,37.48319244
2026-06-15T06:37:00.477952+09:00,구로역,구로역,POI020,KEY_1,3919. 구로역·NC신구로점 버스정류장(구로역 방면),ST-3013,57,8,14,126.88237,37.50096512
2026-06-15T06:37:00.477952+09:00,구로역,구로역,POI020,KEY_1,1946. 구로역 광장,ST-873,200,20,10,126.88038635,37.50311661
2026-06-15T06:37:00.477952+09:00,군자역,군자역,POI021,KEY_2,540. 군자역 7번출구 베스트샵 앞,ST-253,88,7,8,127.0786438,37.55603027
2026-06-15T06:37:00.477952+09:00,군자역,군자역,POI021,KEY_2,3518. 군자역 7번출구뒤,ST-1263,50,4,8,127.07913971,37.55686188
2026-06-15T06:37:00.477952+09:00,군자역,군자역,POI021,KEY_2,3586.군자역 비채온 오피스텔,ST-2325,300,24,8,127.07727051,37.55771255
2026-06-15T06:37:00.477952+09:00,군자역,군자역,POI021,KEY_2,3500. 군자역2번출구,ST-983,200,14,7,127.07969666,37.55758667
2026-06-15T06:37:00.477952+09:00,대림역,대림역,POI023,KEY_3,286. 우성아파트 교차로,ST-1652,142,17,12,126.89974976,37.49457169
2026-06-15T06:37:00.477952+09:00,대림역,대림역,POI023,KEY_3,1975. 대림역 1번 출입구 밑,ST-1237,80,8,10,126.8947525,37.49256516
2026-06-15T06:37:00.477952+09:00,대림역,대림역,POI023,KEY_3,1914. 대림역4번출구,ST-918,120,12,10,126.89444733,37.49440384
2026-06-15T06:37:00.477952+09:00,동대문역,동대문역,POI024,KEY_4,457. 종로꽃시장 입구 옆,ST-1610,60,6,10,127.00720978,37.57131958
2026-06-15T06:37:00.477952+09:00,동대문역,동대문역,POI024,KEY_4,393. 동대문역 8번 출구,ST-1372,58,7,12,127.00937653,37.57014084
2026-06-15T06:37:00.477952+09:00,동대문역,동대문역,POI024,KEY_4,3415.동대문역6번출구,ST-1812,120,18,15,127.0107193,37.57147217
2026-06-15T06:37:00.477952+09:00,미아사거리역,미아사거리역,POI026,KEY_2,1546. 송천동우체국,ST-1665,160,16,10,127.02970123,37.61545944
2026-06-15T06:37:00.477952+09:00,미아사거리역,미아사거리역,POI026,KEY_2,1574.송중초등학교 옆,ST-2405,63,5,8,127.03049469,37.61669922
2026-06-15T06:37:00.477952+09:00,미아사거리역,미아사거리역,POI026,KEY_2,1531. 미아사거리 1번 출구,ST-1105,80,8,10,127.03025055,37.61395645
2026-06-15T06:37:00.477952+09:00,미아사거리역,미아사거리역,POI026,KEY_2,4423.현대백화점 미아점,ST-3203,90,9,10,127.02845764,37.60884857
2026-06-15T06:37:00.477952+09:00,발산역,발산역,POI027,KEY_3,1124. 발산역 6번 출구 뒤,ST-522,100,6,6,126.8384552,37.55817795
2026-06-15T06:37:00.477952+09:00,발산역,발산역,POI027,KEY_3,1117. 등촌5단지아파트 버스정류장,ST-834,20,2,10,126.84426117,37.55819702
2026-06-15T06:37:00.477952+09:00,발산역,발산역,POI027,KEY_3,"1153. 발산역 1번, 9번 인근 대여소",ST-1065,25,8,32,126.83717346,37.55894852
2026-06-15T06:37:00.477952+09:00,발산역,발산역,POI027,KEY_3,1197. 엠펠리체 호텔 건너편,ST-1714,115,23,20,126.83546448,37.56026077
2026-06-15T06:37:00.477952+09:00,발산역,발산역,POI027,KEY_3,2721.등촌1-10단지 교차로,ST-2037,192,23,12,126.8393631,37.56320572
2026-06-15T06:37:00.477952+09:00,발산역,발산역,POI027,KEY_3,3764. 관문주유소(GS칼택스) 앞,ST-2613,200,20,10,126.84183502,37.55802917
2026-06-15T06:37:00.477952+09:00,발산역,발산역,POI027,KEY_3,3760. 발산역 8번 출구,ST-2538,59,10,17,126.83676147,37.55846024
2026-06-15T06:37:00.477952+09:00,발산역,발산역,POI027,KEY_3,3759. 이대서울병원,ST-2569,16,4,25,126.83559418,37.5586319
2026-06-15T06:37:00.477952+09:00,발산역,발산역,POI027,KEY_3,2723.마곡 필네이처,ST-2040,131,17,13,126.83669281,37.56089401
2026-06-15T06:37:00.477952+09:00,발산역,발산역,POI027,KEY_3,2717.LG유플러스 마곡사옥,ST-2033,50,31,62,126.83390045,37.56133652
2026-06-15T06:37:00.477952+09:00,발산역,발산역,POI027,KEY_3,2730.마곡메가박스 앞,ST-2047,70,21,30,126.83495331,37.55912781
2026-06-15T06:37:00.477952+09:00,발산역,발산역,POI027,KEY_3,5061. 우장산동 가곡어린이공원앞,ST-2888,170,17,10,126.83751678,37.55545425
2026-06-15T06:37:00.477952+09:00,발산역,발산역,POI027,KEY_3,5095. 원당근린공원,ST-3226,257,36,14,126.84147644,37.55947495
2026-06-15T06:37:00.477952+09:00,사당역,사당역,POI029,KEY_4,2104. 사당역 5번출구,ST-712,69,9,13,126.98133087,37.47608948
2026-06-15T06:37:00.477952+09:00,사당역,사당역,POI029,KEY_4,2089.사당역10번출구(금강빌딩),ST-2362,50,5,10,126.98150635,37.4791069
2026-06-15T06:37:00.477952+09:00,사당역,사당역,POI029,KEY_4,2222.사당역 12번출구 뒤,ST-753,120,12,10,126.98203278,37.47806931
2026-06-15T06:37:00.477952+09:00,사당역,사당역,POI029,KEY_4,2034. 사당역 7번출구쪽,ST-924,63,12,19,126.98057556,37.47689056
2026-06-15T06:37:00.477952+09:00,삼각지역,삼각지역,POI030,KEY_1,849. 삼각지 자이아파트,ST-2173,90,18,20,126.97341919,37.53607941
2026-06-15T06:37:00.477952+09:00,삼각지역,삼각지역,POI030,KEY_1,848. 삼각지12번 출구,ST-2172,63,5,8,126.97562408,37.53488922
2026-06-15T06:37:00.477952+09:00,삼각지역,삼각지역,POI030,KEY_1,4620. 삼각지역 14번 출구 앞(교통섬),ST-2451,75,6,8,126.97408295,37.53528595
2026-06-15T06:37:00.477952+09:00,서울대입구역,서울대입구역,POI031,KEY_2,2116. 에이스에이존빌딩,ST-717,144,13,9,126.95082855,37.48170471
2026-06-15T06:37:00.477952+09:00,서울대입구역,서울대입구역,POI031,KEY_2,2171. 서울대입구역 5번출구,ST-1337,18,3,17,126.95200348,37.48154831
2026-06-15T06:37:00.477952+09:00,서울대입구역,서울대입구역,POI031,KEY_2,2128. 관악구청교차로,ST-720,0,0,12,126.95265198,37.47949982
2026-06-15T06:37:00.477952+09:00,서울대입구역,서울대입구역,POI031,KEY_2,3311.서울대입구역 4번 출구,ST-2394,25,3,12,126.95157623,37.48122025
2026-06-15T06:37:00.477952+09:00,서울대입구역,서울대입구역,POI031,KEY_2,2111. 서울대입구역 1번출구,ST-965,20,2,10,126.95331573,37.48086929
2026-06-15T06:37:00.477952+09:00,서울대입구역,서울대입구역,POI031,KEY_2,2112. 서울대입구역 마에스트로,ST-715,33,5,15,126.95064545,37.4813385
2026-06-15T06:37:00.477952+09:00,서울식물원·마곡나루역,서울식물원·마곡나루역,POI032,KEY_3,2715.마곡나루역 2번 출구,ST-2031,36,9,25,126.82743835,37.56692505
2026-06-15T06:37:00.477952+09:00,서울식물원·마곡나루역,서울식물원·마곡나루역,POI032,KEY_3,2725.서울식물원 식물문화센터,ST-2042,75,15,20,126.83563232,37.56883621
2026-06-15T06:37:00.477952+09:00,서울식물원·마곡나루역,서울식물원·마곡나루역,POI032,KEY_3,2727.서울식물원 잔디마당 앞,ST-2044,24,6,25,126.8306427,37.5639267
2026-06-15T06:37:00.477952+09:00,서울식물원·마곡나루역,서울식물원·마곡나루역,POI032,KEY_3,5097. LG사이언스파크 E2동,ST-3259,23,9,40,126.83208466,37.56381607
2026-06-15T06:37:00.477952+09:00,서울식물원·마곡나루역,서울식물원·마곡나루역,POI032,KEY_3,5098. LG사이언스파크 W4동,ST-3261,5,1,20,126.82978821,37.56403732
2026-06-15T06:37:00.477952+09:00,서울식물원·마곡나루역,서울식물원·마곡나루역,POI032,KEY_3,6177. 마곡롯데캐슬르웨스트,ST-3324,330,33,10,126.82462311,37.56356049
2026-06-15T06:37:00.477952+09:00,서울역,서울역,POI033,KEY_4,379. 서울역9번출구,ST-194,57,4,7,126.97330475,37.55580521
2026-06-15T06:37:00.477952+09:00,서울역,서울역,POI033,KEY_4,435. SK 남산빌딩,ST-1670,180,18,10,126.97561646,37.55686188
2026-06-15T06:37:00.477952+09:00,서울역,서울역,POI033,KEY_4,485.서울역5번출구,ST-1791,70,7,10,126.97319794,37.55677032
2026-06-15T06:37:00.477952+09:00,서울역,서울역,POI033,KEY_4,6062.서울역파출소,ST-3413,50,5,10,126.97183228,37.55709457
2026-06-15T06:37:00.477952+09:00,서울역,서울역,POI033,KEY_4,4794. 서울역 서부교차로(3),ST-2786,125,10,8,126.96942139,37.55540848
2026-06-15T06:37:00.477952+09:00,서울역,서울역,POI033,KEY_4,4760. 서울역 7번출구,ST-2430,10,1,10,126.97364044,37.55664444
2026-06-15T06:37:00.477952+09:00,선릉역,선릉역,POI034,KEY_1,2328. 르네상스 호텔 사거리 역삼지하보도 7번출구 앞,ST-811,170,17,10,127.04273224,37.50321198
2026-06-15T06:37:00.477952+09:00,선릉역,선릉역,POI034,KEY_1,2369. KT선릉타워,ST-1178,5,1,20,127.0528717,37.50542831
2026-06-15T06:37:00.477952+09:00,선릉역,선릉역,POI034,KEY_1,2319. 포스코사거리 서측(수협 삼성동 지점),ST-802,20,2,10,127.05467987,37.50660706
2026-06-15T06:37:00.477952+09:00,선릉역,선릉역,POI034,KEY_1,2329. 르네상스호텔사거리 역삼지하보도 2번출구,ST-812,20,2,10,127.04319,37.50235748
2026-06-15T06:37:00.477952+09:00,선릉역,선릉역,POI034,KEY_1,2332. 선릉역3번출구,ST-815,63,5,8,127.04903412,37.50410461
2026-06-15T06:37:00.477952+09:00,성신여대입구역,성신여대입구역,POI035,KEY_2,1385.성신여대입구역 3번출구 앞,ST-2226,170,17,10,127.01628876,37.59236526
2026-06-15T06:37:00.477952+09:00,성신여대입구역,성신여대입구역,POI035,KEY_2,1337. 돈암성당 옆,ST-1201,62,8,13,127.01716614,37.59039307
2026-06-15T06:37:00.477952+09:00,성신여대입구역,성신여대입구역,POI035,KEY_2,1384.성신여대입구역 5번출구,ST-2225,262,34,13,127.01628876,37.59282684
2026-06-15T06:37:00.477952+09:00,수유역,수유역,POI036,KEY_3,1512. 강북중학교 앞,ST-862,100,20,20,127.02656555,37.64473724
2026-06-15T06:37:00.477952+09:00,수유역,수유역,POI036,KEY_3,1526. 강북종합시장 앞,ST-1100,50,4,8,127.02462769,37.64173889
2026-06-15T06:37:00.477952+09:00,수유역,수유역,POI036,KEY_3,1520. 수유중앙시장,ST-650,271,19,7,127.022789,37.63986206
2026-06-15T06:37:00.477952+09:00,수유역,수유역,POI036,KEY_3,1503. 강북구청사거리(수유역 8번출구),ST-643,64,9,14,127.02672577,37.63926315
2026-06-15T06:37:00.477952+09:00,수유역,수유역,POI036,KEY_3,1530. 광산사거리,ST-1104,108,14,13,127.0223465,37.64355087
2026-06-15T06:37:00.477952+09:00,수유역,수유역,POI036,KEY_3,1552. 강북구청사거리,ST-2125,50,4,8,127.02723694,37.63920212
2026-06-15T06:37:00.477952+09:00,수유역,수유역,POI036,KEY_3,1569.수유역2번출구,ST-2137,30,3,10,127.02590179,37.63796997
2026-06-15T06:37:00.477952+09:00,수유역,수유역,POI036,KEY_3,1535. 효성인텔리안 앞,ST-1109,0,0,10,127.02337646,37.6362915
2026-06-15T06:37:00.477952+09:00,숭례문,숭례문,POI131,KEY_4,445.대한상공회의소,ST-1771,47,7,15,126.97410583,37.56015396
2026-06-15T06:37:00.477952+09:00,숭례문,숭례문,POI131,KEY_4,6060. 신한은행 본점,ST-3342,25,2,8,126.97480774,37.56077576
2026-06-15T06:37:00.477952+09:00,시의회 앞,시의회 앞,POI130,KEY_1,310. 청계광장 옆,ST-126,13,1,8,126.9774704,37.56887817
2026-06-15T06:37:00.477952+09:00,시의회 앞,시의회 앞,POI130,KEY_1,6058. 시청역 2번출구,ST-3297,7,1,15,126.97702026,37.56557846
2026-06-15T06:37:00.477952+09:00,신논현역·논현역,신논현역·논현역,POI037,KEY_2,2542.신논현타워 앞,ST-1926,10,1,10,127.02391052,37.50508881
2026-06-15T06:37:00.477952+09:00,신논현역·논현역,신논현역·논현역,POI037,KEY_2,2302. 교보타워 버스정류장(신논현역 3번출구 후면),ST-787,50,5,10,127.02427673,37.5055809
2026-06-15T06:37:00.477952+09:00,신논현역·논현역,신논현역·논현역,POI037,KEY_2,4347. 논현지하보도,ST-3332,100,10,10,127.02232361,37.50836945
2026-06-15T06:37:00.477952+09:00,신림역,신림역,POI039,KEY_4,2175. 신림동걷고싶은문화의거리입구,ST-1270,114,8,7,126.92870331,37.48730087
2026-06-15T06:37:00.477952+09:00,신림역,신림역,POI039,KEY_4,2102. 봉림교 교통섬,ST-702,123,16,13,126.92688751,37.48408508
2026-06-15T06:37:00.477952+09:00,신림역,신림역,POI039,KEY_4,2136. 신림역 8번출구,ST-976,25,2,8,126.93006897,37.48450851
2026-06-15T06:37:00.477952+09:00,신정네거리역,신정네거리역,POI117,KEY_1,722. 경서농협 버스정류장(우리은행신정동지점방향),ST-993,130,13,10,126.85738373,37.52151108
2026-06-15T06:37:00.477952+09:00,신정네거리역,신정네거리역,POI117,KEY_1,706. 신정네거리역,ST-313,100,15,15,126.85175323,37.5218811
2026-06-15T06:37:00.477952+09:00,신정네거리역,신정네거리역,POI117,KEY_1,4510. 신정네거리역 교차로,ST-2762,15,2,13,126.85228729,37.52175903
2026-06-15T06:37:00.477952+09:00,신정네거리역,신정네거리역,POI117,KEY_1,4507. 신정제일시장,ST-2759,100,10,10,126.85499573,37.52122498
2026-06-15T06:37:00.477952+09:00,신정네거리역,신정네거리역,POI117,KEY_1,4509. 서울영상고교 입구,ST-2761,193,29,15,126.85928345,37.52198029
2026-06-15T06:37:00.477952+09:00,신촌·이대역,신촌·이대역,POI040,KEY_2,134. 연세로 명물길,ST-36,100,8,8,126.93807983,37.55789185
2026-06-15T06:37:00.477952+09:00,신촌·이대역,신촌·이대역,POI040,KEY_2,128. 신촌역(2호선) 1번출구 옆,ST-30,5,1,19,126.93634033,37.55549622
2026-06-15T06:37:00.477952+09:00,신촌·이대역,신촌·이대역,POI040,KEY_2,129. 신촌역(2호선) 6번출구 옆,ST-31,60,6,10,126.93756866,37.55505371
2026-06-15T06:37:00.477952+09:00,신촌·이대역,신촌·이대역,POI040,KEY_2,130. 신촌역(2호선) 7번출구 앞,ST-32,30,3,10,126.93626404,37.5550499
2026-06-15T06:37:00.477952+09:00,신촌·이대역,신촌·이대역,POI040,KEY_2,135. 명물길 원형무대 앞,ST-37,70,7,10,126.93984222,37.55922699
2026-06-15T06:37:00.477952+09:00,신촌·이대역,신촌·이대역,POI040,KEY_2,137. 신촌기차역입구 교차로,ST-39,10,1,10,126.9431839,37.55681229
2026-06-15T06:37:00.477952+09:00,신촌·이대역,신촌·이대역,POI040,KEY_2,150. 서강대역 2번출구 앞,ST-207,0,0,15,126.93434143,37.55295563
2026-06-15T06:37:00.477952+09:00,신촌·이대역,신촌·이대역,POI040,KEY_2,3116.신촌역 4번출구,ST-2201,0,0,10,126.93720245,37.55550385
2026-06-15T06:37:00.477952+09:00,신촌·이대역,신촌·이대역,POI040,KEY_2,4248. 신촌 교보빌딩,ST-3021,0,0,10,126.94034576,37.5560112
2026-06-15T06:37:00.477952+09:00,신촌·이대역,신촌·이대역,POI040,KEY_2,4274. 신촌 파랑고래 입구,ST-3140,20,2,10,126.93603516,37.55687714
2026-06-15T06:37:00.477952+09:00,쌍문역,쌍문역,POI070,KEY_3,1709. 쌍문역4번출구 주변,ST-616,94,16,17,127.03534698,37.65012741
2026-06-15T06:37:00.477952+09:00,쌍문역,쌍문역,POI070,KEY_3,1774.정의여중고 버스정류소,ST-2119,263,21,8,127.034729,37.65134811
2026-06-15T06:37:00.477952+09:00,쌍문역,쌍문역,POI070,KEY_3,1754. 창동시장입구 사거리,ST-2099,64,7,11,127.03343201,37.64689636
2026-06-15T06:37:00.477952+09:00,쌍문역,쌍문역,POI070,KEY_3,4054. 창동한신아파트 버스정류소,ST-2722,280,28,10,127.03527069,37.64601898
2026-06-15T06:37:00.477952+09:00,양재역,양재역,POI041,KEY_4,2242.양재역 10번 출구 앞,ST-767,25,5,20,127.03417969,37.48398972
2026-06-15T06:37:00.477952+09:00,양재역,양재역,POI041,KEY_4,2333. 양재역 3번출구 주변,ST-816,71,10,14,127.03407288,37.48515701
2026-06-15T06:37:00.477952+09:00,양재역,양재역,POI041,KEY_4,2293. SPC 앞,ST-1360,60,6,10,127.03699493,37.48479843
2026-06-15T06:37:00.477952+09:00,양재역,양재역,POI041,KEY_4,4329. SC제일은행 양재동지점 앞,ST-2962,100,8,8,127.03315735,37.48573685
2026-06-15T06:37:00.477952+09:00,역삼역,역삼역,POI042,KEY_1,2410. 포스코피앤에스타워 (역삼역 3번출구 부근),ST-1680,80,8,10,127.03375244,37.49959946
2026-06-15T06:37:00.477952+09:00,역삼역,역삼역,POI042,KEY_1,2430.강남파이낸스센터앞(역삼역2번출구),ST-1896,110,11,10,127.03605652,37.50024414
2026-06-15T06:37:00.477952+09:00,역삼역,역삼역,POI042,KEY_1,2349. 역삼빌딩 앞(하나은행 옆),ST-959,100,12,12,127.03856659,37.50154495
2026-06-15T06:37:00.477952+09:00,연신내역,연신내역,POI043,KEY_2,949. 연신내역 1번 출구,ST-1035,267,16,6,126.92080688,37.61978149
2026-06-15T06:37:00.477952+09:00,연신내역,연신내역,POI043,KEY_2,906. 연신내역 5번출구,ST-454,88,7,8,126.91957855,37.61721039
2026-06-15T06:37:00.477952+09:00,연신내역,연신내역,POI043,KEY_2,922. 연신내역 4번출구,ST-470,10,1,10,126.92196655,37.61780167
2026-06-15T06:37:00.477952+09:00,오목교역·목동운동장,오목교역·목동운동장,POI044,KEY_3,771.목동아파트 703동 앞,ST-1997,125,10,8,126.87016296,37.52820587
2026-06-15T06:37:00.477952+09:00,오목교역·목동운동장,오목교역·목동운동장,POI044,KEY_3,756. 목동주차장,ST-1497,40,6,15,126.8761673,37.52667999
2026-06-15T06:37:00.477952+09:00,오목교역·목동운동장,오목교역·목동운동장,POI044,KEY_3,748. 목동운동장,ST-1019,80,12,15,126.87930298,37.53025055
2026-06-15T06:37:00.477952+09:00,오목교역·목동운동장,오목교역·목동운동장,POI044,KEY_3,791.현대하이페리온,ST-2016,173,26,15,126.86980438,37.52490234
2026-06-15T06:37:00.477952+09:00,오목교역·목동운동장,오목교역·목동운동장,POI044,KEY_3,792.목동트라팰리스 웨스턴에비뉴,ST-2017,20,4,20,126.8709259,37.52537155
2026-06-15T06:37:00.477952+09:00,오목교역·목동운동장,오목교역·목동운동장,POI044,KEY_3,769.CBS방송국 앞,ST-1995,250,50,20,126.87467194,37.52785492
2026-06-15T06:37:00.477952+09:00,오목교역·목동운동장,오목교역·목동운동장,POI044,KEY_3,765. 오목교역 3번출구,ST-1731,83,10,12,126.87548065,37.52477646
2026-06-15T06:37:00.477952+09:00,오목교역·목동운동장,오목교역·목동운동장,POI044,KEY_3,723. SBS방송국,ST-994,140,21,15,126.87274933,37.52916336
2026-06-15T06:37:00.477952+09:00,오목교역·목동운동장,오목교역·목동운동장,POI044,KEY_3,762. 오목로 무중력지대 앞,ST-1503,140,14,10,126.87766266,37.52474213
2026-06-15T06:37:00.477952+09:00,오목교역·목동운동장,오목교역·목동운동장,POI044,KEY_3,703. 오목교역 7번출구 앞,ST-311,50,6,12,126.87524414,37.52362823
2026-06-15T06:37:00.477952+09:00,오목교역·목동운동장,오목교역·목동운동장,POI044,KEY_3,731. 서울시 도로환경관리센터,ST-1002,110,11,10,126.87654114,37.5298996
2026-06-15T06:37:00.477952+09:00,오목교역·목동운동장,오목교역·목동운동장,POI044,KEY_3,747. 목동3단지 상가,ST-1018,20,2,10,126.8756485,37.53458023
2026-06-15T06:37:00.477952+09:00,오목교역·목동운동장,오목교역·목동운동장,POI044,KEY_3,4514. 목동성당 앞,ST-2764,105,21,20,126.86930084,37.52319717
2026-06-15T06:37:00.477952+09:00,오목교역·목동운동장,오목교역·목동운동장,POI044,KEY_3,4532. 목동현대아파트 후문 앞,ST-2879,170,17,10,126.87805939,37.5221405
2026-06-15T06:37:00.477952+09:00,오목교역·목동운동장,오목교역·목동운동장,POI044,KEY_3,4546. 목동운동장 주경기장,ST-3227,217,65,30,126.88307953,37.52937698
2026-06-15T06:37:00.477952+09:00,오목교역·목동운동장,오목교역·목동운동장,POI044,KEY_3,4543. 오목교역 6번 출구,ST-3163,189,17,9,126.87567139,37.5236702
2026-06-15T06:37:00.477952+09:00,왕십리역,왕십리역,POI045,KEY_4,558. 성동광진 교육지원청 앞,ST-359,75,15,20,127.03652191,37.56460571
2026-06-15T06:37:00.477952+09:00,왕십리역,왕십리역,POI045,KEY_4,525. 한양대병원사거리,ST-241,15,3,20,127.04035187,37.55805206
2026-06-15T06:37:00.477952+09:00,왕십리역,왕십리역,POI045,KEY_4,559. 왕십리역 4번 출구 건너편,ST-360,38,5,13,127.03679657,37.56109619
2026-06-15T06:37:00.477952+09:00,왕십리역,왕십리역,POI045,KEY_4,3561.행당동 삼부APT후문,ST-2343,50,5,10,127.03839874,37.55926895
2026-06-15T06:37:00.477952+09:00,왕십리역,왕십리역,POI045,KEY_4,3545.한양대역 1번출구,ST-2327,60,6,10,127.04335785,37.55657959
2026-06-15T06:37:00.477952+09:00,용산역,용산역,POI046,KEY_1,806. 전자랜드 본관 앞,ST-327,30,6,20,126.96073151,37.5330658
2026-06-15T06:37:00.477952+09:00,용산역,용산역,POI046,KEY_1,845. 용산 선인상가,ST-1615,25,4,16,126.96437836,37.53269958
2026-06-15T06:37:00.477952+09:00,용산역,용산역,POI046,KEY_1,853.용산역 맞은편,ST-2177,32,6,19,126.96595001,37.52841568
2026-06-15T06:37:00.477952+09:00,용산역,용산역,POI046,KEY_1,4617. 동원베네스트 건너편,ST-2448,100,6,6,126.95511627,37.52761078
2026-06-15T06:37:00.477952+09:00,용산역,용산역,POI046,KEY_1,4616. 신용산지하차도 앞,ST-2447,33,5,15,126.96411896,37.53248215
2026-06-15T06:37:00.477952+09:00,잠실새내역,잠실새내역,POI118,KEY_3,1224. 아시아지하보도 2번 출구,ST-548,33,5,15,127.07893372,37.51216888
2026-06-15T06:37:00.477952+09:00,잠실새내역,잠실새내역,POI118,KEY_3,1222. 잠실새내역 5번 출구 뒤,ST-547,74,17,23,127.08505249,37.51198196
2026-06-15T06:37:00.477952+09:00,잠실새내역,잠실새내역,POI118,KEY_3,2637. 아시아지하보도 14번 출구,ST-1864,33,5,15,127.07881165,37.51146317
2026-06-15T06:37:00.477952+09:00,잠실새내역,잠실새내역,POI118,KEY_3,2635.잠실새내역 1번출구,ST-1862,24,5,21,127.08673859,37.51129532
2026-06-15T06:37:00.477952+09:00,잠실역,잠실역,POI119,KEY_4,1210. 롯데월드타워(잠실역2번출구 쪽),ST-891,7,2,30,127.10095978,37.51312637
2026-06-15T06:37:00.477952+09:00,잠실역,잠실역,POI119,KEY_4,1231. 잠실역 6번출구,ST-840,85,11,13,127.09902954,37.51408768
2026-06-15T06:37:00.477952+09:00,잠실역,잠실역,POI119,KEY_4,1232. 잠실주공 521동 건너편,ST-550,60,6,10,127.09568787,37.51184082
2026-06-15T06:37:00.477952+09:00,잠실역,잠실역,POI119,KEY_4,2647.잠실 자전거 수리센터 앞,ST-1868,71,5,7,127.10114288,37.51100922
2026-06-15T06:37:00.477952+09:00,장지역,장지역,POI048,KEY_1,1266. 문정동 글샘 공원,ST-1085,10,1,10,127.12000275,37.47880936
2026-06-15T06:37:00.477952+09:00,장지역,장지역,POI048,KEY_1,1245. 문정 법조단지9,ST-905,0,0,10,127.12532806,37.47946548
2026-06-15T06:37:00.477952+09:00,장지역,장지역,POI048,KEY_1,1246. 문정 법조단지10,ST-906,33,10,30,127.12632751,37.47750854
2026-06-15T06:37:00.477952+09:00,장지역,장지역,POI048,KEY_1,1247. 문정 법조단지11,ST-907,0,0,15,127.12351227,37.4788208
2026-06-15T06:37:00.477952+09:00,장지역,장지역,POI048,KEY_1,1244. 문정 법조단지8,ST-904,91,10,11,127.12212372,37.48153687
2026-06-15T06:37:00.477952+09:00,장지역,장지역,POI048,KEY_1,4885. 가든파이브 리빙관,ST-2985,113,9,8,127.123703,37.47709656
2026-06-15T06:37:00.477952+09:00,장지역,장지역,POI048,KEY_1,4491. 장지역 1번출구,ST-2599,40,4,10,127.12678528,37.47953415
2026-06-15T06:37:00.477952+09:00,장한평역,장한평역,POI049,KEY_2,626. 군자교 서측 녹지대,ST-394,253,43,17,127.07096863,37.56115341
2026-06-15T06:37:00.477952+09:00,장한평역,장한평역,POI049,KEY_2,529. 장한평역 8번 출구 앞,ST-243,463,37,8,127.06365967,37.56137085
2026-06-15T06:37:00.477952+09:00,장한평역,장한평역,POI049,KEY_2,4385. 용답동 우체국 주변,ST-3099,220,11,5,127.06151581,37.56168747
2026-06-15T06:37:00.477952+09:00,장한평역,장한평역,POI049,KEY_2,4105. 서울교통공사사거리 교통섬,ST-2499,180,18,10,127.05799103,37.56324005
2026-06-15T06:37:00.477952+09:00,천호역,천호역,POI050,KEY_3,1009. 천호역4번출구(현대백화점),ST-493,60,12,20,127.12424469,37.53866577
2026-06-15T06:37:00.477952+09:00,천호역,천호역,POI050,KEY_3,1264. 천호역 10번 출구 앞,ST-1083,0,0,8,127.12280273,37.53858185
2026-06-15T06:37:00.477952+09:00,천호역,천호역,POI050,KEY_3,3657. 서울천호동우체국,ST-2732,440,44,10,127.12576294,37.54074097
2026-06-15T06:37:00.477952+09:00,총신대입구(이수)역,총신대입구(이수)역,POI051,KEY_4,2032. 이수역 11번출구쪽,ST-923,180,18,10,126.98162079,37.48550797
2026-06-15T06:37:00.477952+09:00,총신대입구(이수)역,총신대입구(이수)역,POI051,KEY_4,2091. 이수역9번출구,ST-2364,240,36,15,126.98059082,37.48470306
2026-06-15T06:37:00.477952+09:00,총신대입구(이수)역,총신대입구(이수)역,POI051,KEY_4,2082.7호선 이수역7번출구,ST-2355,50,5,10,126.98179626,37.4846077
2026-06-15T06:37:00.477952+09:00,총신대입구(이수)역,총신대입구(이수)역,POI051,KEY_4,2264. 이수역 1번출구,ST-935,89,8,9,126.98271942,37.48897171
2026-06-15T06:37:00.477952+09:00,총신대입구(이수)역,총신대입구(이수)역,POI051,KEY_4,2511. 이수역 6번출구 앞,ST-1739,140,14,10,126.98234558,37.48398972
2026-06-15T06:37:00.477952+09:00,충정로역,충정로역,POI052,KEY_1,180. 충정로역 7번출구 아래,ST-233,30,3,10,126.96246338,37.55996704
2026-06-15T06:37:00.477952+09:00,충정로역,충정로역,POI052,KEY_1,3114.충정로역 3번 출구,ST-2198,0,0,7,126.96552277,37.56046295
2026-06-15T06:37:00.477952+09:00,충정로역,충정로역,POI052,KEY_1,3134.SK리쳄블(서울아리수본부),ST-2219,30,3,10,126.96658325,37.56131744
2026-06-15T06:37:00.477952+09:00,충정로역,충정로역,POI052,KEY_1,4752. 삼성사이버빌리지아파트,ST-2624,43,3,7,126.96485901,37.55891418
2026-06-15T06:37:00.477952+09:00,충정로역,충정로역,POI052,KEY_1,4266.국민연금공단충정로사옥,ST-3027,22,2,9,126.96414948,37.56184769
2026-06-15T06:37:00.477952+09:00,충정로역,충정로역,POI052,KEY_1,4801. 충정로역 2호선(엘리베이터 앞),ST-3053,0,0,5,126.96414185,37.55937576
2026-06-15T06:37:00.477952+09:00,충정로역,충정로역,POI052,KEY_1,4271. 충정로역 1번 출구,ST-3107,57,4,7,126.96305847,37.55942535
2026-06-15T06:37:00.477952+09:00,합정역,합정역,POI053,KEY_2,497.합정동주민센터 앞,ST-2156,12,3,25,126.91230011,37.551754
2026-06-15T06:37:00.477952+09:00,합정역,합정역,POI053,KEY_2,105. 합정역 5번출구 앞,ST-7,0,0,5,126.91482544,37.55000687
2026-06-15T06:37:00.477952+09:00,합정역,합정역,POI053,KEY_2,106. 합정역 7번출구 앞,ST-8,8,1,12,126.91282654,37.54864502
2026-06-15T06:37:00.477952+09:00,합정역,합정역,POI053,KEY_2,4211. 시석빌딩 앞,ST-2534,0,0,8,126.91671753,37.54836655
2026-06-15T06:37:00.477952+09:00,혜화역,혜화역,POI054,KEY_3,341. 혜화역 3번출구 뒤,ST-157,13,1,8,127.00178528,37.58156967
2026-06-15T06:37:00.477952+09:00,혜화역,혜화역,POI054,KEY_3,342. 대학로 마로니에공원,ST-158,23,5,22,127.00234222,37.58044434
2026-06-15T06:37:00.477952+09:00,혜화역,혜화역,POI054,KEY_3,358. 성균관대입구 사거리 A,ST-173,8,1,13,126.99853516,37.58250046
2026-06-15T06:37:00.477952+09:00,혜화역,혜화역,POI054,KEY_3,3420. 성균관대입구 사거리 B,ST-1817,0,0,10,126.99885559,37.58327484
2026-06-15T06:37:00.477952+09:00,혜화역,혜화역,POI054,KEY_3,3421.혜화역 1번출구,ST-1818,10,1,10,127.00185394,37.58385468
2026-06-15T06:37:00.477952+09:00,혜화역,혜화역,POI054,KEY_3,3419.국립어린이과학관,ST-1816,0,0,14,126.99736786,37.58194733
2026-06-15T06:37:00.477952+09:00,홍대입구역(2호선),홍대입구역(2호선),POI055,KEY_4,113. 홍대입구역 2번출구 앞,ST-18,21,6,28,126.9238205,37.5574379
2026-06-15T06:37:00.477952+09:00,홍대입구역(2호선),홍대입구역(2호선),POI055,KEY_4,114. 홍대입구역 8번출구 앞,ST-20,7,1,15,126.92442322,37.55706024
2026-06-15T06:37:00.477952+09:00,회기역,회기역,POI056,KEY_1,680.꿈마루어린이도서관 앞,ST-2280,68,15,22,127.05741119,37.59238434
2026-06-15T06:37:00.477952+09:00,회기역,회기역,POI056,KEY_1,670.삼육서울병원 버스정류장,ST-2270,156,14,9,127.06151581,37.5896759
2026-06-15T07:35:36.076220+09:00,광화문·덕수궁,광화문·덕수궁,POI009,KEY_2,310. 청계광장 옆,ST-126,25,2,8,126.9774704,37.56887817
2026-06-15T07:35:36.076220+09:00,광화문·덕수궁,광화문·덕수궁,POI009,KEY_2,391. 시립미술관,ST-977,63,5,8,126.97340393,37.56505203
2026-06-15T07:35:36.076220+09:00,광화문·덕수궁,광화문·덕수궁,POI009,KEY_2,4719. 종로문화원 건너편,ST-3090,7,1,15,126.9805069,37.57571411
2026-06-15T07:35:36.076220+09:00,광화문·덕수궁,광화문·덕수궁,POI009,KEY_2,4796. 서울시청,ST-2693,15,3,20,126.97925568,37.5664711
2026-06-15T07:35:36.076220+09:00,광화문·덕수궁,광화문·덕수궁,POI009,KEY_2,6058. 시청역 2번출구,ST-3297,0,0,15,126.97702026,37.56557846
2026-06-15T07:35:36.076220+09:00,보신각,보신각,POI010,KEY_3,316. 종각역 1번출구 앞,ST-132,25,2,8,126.98178864,37.57039642
2026-06-15T07:35:36.076220+09:00,보신각,보신각,POI010,KEY_3,385. 종각역 5번출구,ST-336,30,3,10,126.98265839,37.56983566
2026-06-15T07:35:36.076220+09:00,보신각,보신각,POI010,KEY_3,3408.종로타워빌딩,ST-1805,15,2,13,126.98323822,37.57070541
2026-06-15T07:35:36.076220+09:00,보신각,보신각,POI010,KEY_3,4708. 조계사앞사거리,ST-2472,33,2,6,126.98283386,37.5721817
2026-06-15T07:35:36.076220+09:00,서울 암사동 유적,서울 암사동 유적,POI011,KEY_4,1007.암사동 선사유적지,ST-491,36,5,14,127.13087463,37.55955887
2026-06-15T07:35:36.076220+09:00,서울 암사동 유적,서울 암사동 유적,POI011,KEY_4,3539. 서원마을,ST-1686,150,15,10,127.13283539,37.56379318
2026-06-15T07:35:36.076220+09:00,창덕궁·종묘,창덕궁·종묘,POI012,KEY_1,337. 창경궁 입구,ST-153,140,7,5,126.99647522,37.57897949
2026-06-15T07:35:36.076220+09:00,창덕궁·종묘,창덕궁·종묘,POI012,KEY_1,359. 원남동사거리,ST-174,38,3,8,126.99768066,37.57606125
2026-06-15T07:35:36.076220+09:00,창덕궁·종묘,창덕궁·종묘,POI012,KEY_1,339. 종로4가 사거리,ST-155,0,0,10,126.99819183,37.57106781
2026-06-15T07:35:36.076220+09:00,창덕궁·종묘,창덕궁·종묘,POI012,KEY_1,338. 세운스퀘어 앞,ST-154,0,0,18,126.99712372,37.57095718
2026-06-15T07:35:36.076220+09:00,창덕궁·종묘,창덕궁·종묘,POI012,KEY_1,3411.종묘,ST-1808,11,1,9,126.99437714,37.57072067
2026-06-15T07:35:36.076220+09:00,창덕궁·종묘,창덕궁·종묘,POI012,KEY_1,3410.종로3가역 8번출구,ST-1807,10,1,10,126.99188995,37.5724678
2026-06-15T07:35:36.076220+09:00,창덕궁·종묘,창덕궁·종묘,POI012,KEY_1,3413.종로플레이스,ST-1810,73,16,22,126.99796295,37.57320023
2026-06-15T07:35:36.076220+09:00,동대문 관광특구,동대문 관광특구,POI002,KEY_3,383. 신당역 12번 출구 뒤,ST-198,117,28,24,127.01642609,37.56591797
2026-06-15T07:35:36.076220+09:00,동대문 관광특구,동대문 관광특구,POI002,KEY_3,346. 맥스타일 앞,ST-162,100,10,10,127.01014709,37.5689621
2026-06-15T07:35:36.076220+09:00,동대문 관광특구,동대문 관광특구,POI002,KEY_3,475.DDP 패션몰,ST-1781,14,3,21,127.0118103,37.56764984
2026-06-15T07:35:36.076220+09:00,동대문 관광특구,동대문 관광특구,POI002,KEY_3,474.동대문역사문화공원역 1번출구 뒤편,ST-1780,15,6,40,127.00849152,37.56629944
2026-06-15T07:35:36.076220+09:00,동대문 관광특구,동대문 관광특구,POI002,KEY_3,347. 동대문역사문화공원역 9번출구 앞,ST-163,39,7,18,127.00784302,37.56533051
2026-06-15T07:35:36.076220+09:00,동대문 관광특구,동대문 관광특구,POI002,KEY_3,6061.충무아트센터,ST-3381,150,15,10,127.01522064,37.56538773
2026-06-15T07:35:36.076220+09:00,동대문 관광특구,동대문 관광특구,POI002,KEY_3,4765. 동대문디자인플라자,ST-2431,70,14,20,127.00946045,37.5683136
2026-06-15T07:35:36.076220+09:00,명동 관광특구,명동 관광특구,POI003,KEY_4,310. 청계광장 옆,ST-126,25,2,8,126.9774704,37.56887817
2026-06-15T07:35:36.076220+09:00,명동 관광특구,명동 관광특구,POI003,KEY_4,318. 광교사거리 남측,ST-134,20,2,10,126.98231506,37.56863403
2026-06-15T07:35:36.076220+09:00,명동 관광특구,명동 관광특구,POI003,KEY_4,320. 을지로입구역 4번출구 앞,ST-136,6,1,17,126.98358917,37.56622314
2026-06-15T07:35:36.076220+09:00,명동 관광특구,명동 관광특구,POI003,KEY_4,321. KEB 하나금융그룹 명동사옥 옆,ST-137,0,0,15,126.98413849,37.56546402
2026-06-15T07:35:36.076220+09:00,명동 관광특구,명동 관광특구,POI003,KEY_4,433. 을지로입구역 2번출구,ST-1668,0,0,12,126.98229218,37.56634521
2026-06-15T07:35:36.076220+09:00,명동 관광특구,명동 관광특구,POI003,KEY_4,466.롯데호텔,ST-1772,15,2,13,126.97981262,37.56584167
2026-06-15T07:35:36.076220+09:00,명동 관광특구,명동 관광특구,POI003,KEY_4,322. 명동성당 앞,ST-138,10,1,10,126.98696899,37.56447601
2026-06-15T07:35:36.076220+09:00,명동 관광특구,명동 관광특구,POI003,KEY_4,324. 신세계백화점 본점 앞,ST-140,25,2,8,126.9805069,37.56134415
2026-06-15T07:35:36.076220+09:00,명동 관광특구,명동 관광특구,POI003,KEY_4,331. 을지로2가 사거리 북측,ST-147,60,6,10,126.98720551,37.56638336
2026-06-15T07:35:36.076220+09:00,명동 관광특구,명동 관광특구,POI003,KEY_4,398. 을지로3가역 3번출구,ST-1435,25,2,8,126.99249268,37.56660461
2026-06-15T07:35:36.076220+09:00,명동 관광특구,명동 관광특구,POI003,KEY_4,3013.서울지방고용노동청 앞,ST-2422,371,26,7,126.98725891,37.56760406
2026-06-15T07:35:36.076220+09:00,명동 관광특구,명동 관광특구,POI003,KEY_4,4774. 을지로입구역 8번출구,ST-2520,22,2,9,126.98178101,37.56590271
2026-06-15T07:35:36.076220+09:00,명동 관광특구,명동 관광특구,POI003,KEY_4,4776. 신세계면세점,ST-2522,20,2,10,126.98139191,37.56027603
2026-06-15T07:35:36.076220+09:00,명동 관광특구,명동 관광특구,POI003,KEY_4,4796. 서울시청,ST-2693,15,3,20,126.97925568,37.5664711
2026-06-15T07:35:36.076220+09:00,명동 관광특구,명동 관광특구,POI003,KEY_4,4775. 을지로지하쇼핑센터,ST-2521,0,0,10,126.98445129,37.56589127
2026-06-15T07:35:36.076220+09:00,명동 관광특구,명동 관광특구,POI003,KEY_4,6058. 시청역 2번출구,ST-3297,0,0,15,126.97702026,37.56557846
2026-06-15T07:35:36.076220+09:00,명동 관광특구,명동 관광특구,POI003,KEY_4,4791. 명동역9번 출구,ST-2527,0,0,10,126.98749542,37.56122589
2026-06-15T07:35:36.076220+09:00,명동 관광특구,명동 관광특구,POI003,KEY_4,4762. 국제빌딩,ST-2517,10,1,10,126.98244476,37.56694794
2026-06-15T07:35:36.076220+09:00,이태원 관광특구,이태원 관광특구,POI004,KEY_1,857. 현대 안성타워,ST-2181,10,1,10,126.99797058,37.53508759
2026-06-15T07:35:36.076220+09:00,이태원 관광특구,이태원 관광특구,POI004,KEY_1,854.HID 유족동지회 앞,ST-2178,0,0,10,127.0014801,37.53850937
2026-06-15T07:35:36.076220+09:00,이태원 관광특구,이태원 관광특구,POI004,KEY_1,843. 이태원관광특구 입구(용산구청방향),ST-1445,0,0,19,126.98867035,37.53379822
2026-06-15T07:35:36.076220+09:00,이태원 관광특구,이태원 관광특구,POI004,KEY_1,4623. 라인프랜즈이태원점 앞,ST-2453,0,0,10,126.99619293,37.53453064
2026-06-15T07:35:36.076220+09:00,이태원 관광특구,이태원 관광특구,POI004,KEY_1,4613. 서울갤러리아 앞,ST-2445,0,0,5,126.99937439,37.53597641
2026-06-15T07:35:36.076220+09:00,이태원 관광특구,이태원 관광특구,POI004,KEY_1,4634. 이태원역 3번 출구,ST-3056,0,0,5,126.99497223,37.5343895
2026-06-15T07:35:36.076220+09:00,이태원 관광특구,이태원 관광특구,POI004,KEY_1,4612. 이태원로 255,ST-2444,20,1,5,127.00084686,37.53749847
2026-06-15T07:35:36.076220+09:00,잠실 관광특구,잠실 관광특구,POI005,KEY_2,1232. 잠실주공 521동 건너편,ST-550,110,11,10,127.09568787,37.51184082
2026-06-15T07:35:36.076220+09:00,잠실 관광특구,잠실 관광특구,POI005,KEY_2,1210. 롯데월드타워(잠실역2번출구 쪽),ST-891,53,16,30,127.10095978,37.51312637
2026-06-15T07:35:36.076220+09:00,잠실 관광특구,잠실 관광특구,POI005,KEY_2,1268. 몽촌토성역 1번출구 옆,ST-1087,7,1,15,127.11419678,37.51728821
2026-06-15T07:35:36.076220+09:00,잠실 관광특구,잠실 관광특구,POI005,KEY_2,1297. 석촌호수교차로(동호 팔각정 앞),ST-1586,0,0,15,127.10411835,37.50920105
2026-06-15T07:35:36.076220+09:00,잠실 관광특구,잠실 관광특구,POI005,KEY_2,1233. 잠실3거리(갤러리아팰리스),ST-551,11,1,9,127.09336853,37.51050949
2026-06-15T07:35:36.076220+09:00,잠실 관광특구,잠실 관광특구,POI005,KEY_2,1296. 석촌호수교차로 (송파나루근린공원 앞),ST-1585,0,0,10,127.1034317,37.50867844
2026-06-15T07:35:36.076220+09:00,잠실 관광특구,잠실 관광특구,POI005,KEY_2,1267. 올림픽공원 남2문 앞,ST-1086,7,1,14,127.12306976,37.51424026
2026-06-15T07:35:36.076220+09:00,잠실 관광특구,잠실 관광특구,POI005,KEY_2,2608. 송파구청,ST-1681,110,11,10,127.10611725,37.51499176
2026-06-15T07:35:36.076220+09:00,잠실 관광특구,잠실 관광특구,POI005,KEY_2,2601. 석촌호수 아뜰리에,ST-1590,0,0,16,127.09883118,37.5067482
2026-06-15T07:35:36.076220+09:00,잠실 관광특구,잠실 관광특구,POI005,KEY_2,2622. 올림픽공원역 3번출구,ST-1720,65,13,20,127.13059235,37.51625824
2026-06-15T07:35:36.076220+09:00,잠실 관광특구,잠실 관광특구,POI005,KEY_2,2621. 한성백제역 2번 출구,ST-1719,20,3,15,127.11625671,37.51665878
2026-06-15T07:35:36.076220+09:00,잠실 관광특구,잠실 관광특구,POI005,KEY_2,2647.잠실 자전거 수리센터 앞,ST-1868,129,9,7,127.10114288,37.51100922
2026-06-15T07:35:36.076220+09:00,잠실 관광특구,잠실 관광특구,POI005,KEY_2,4868. 석촌호수 서호 남단,ST-2833,0,0,10,127.10124207,37.50717163
2026-06-15T07:35:36.076220+09:00,잠실 관광특구,잠실 관광특구,POI005,KEY_2,4857. 올림픽공원 장미광장,ST-2621,0,0,15,127.126297,37.51275635
2026-06-15T07:35:36.076220+09:00,잠실 관광특구,잠실 관광특구,POI005,KEY_2,5781. 올림픽공원 수영장,ST-3300,214,30,14,127.12688446,37.52157211
2026-06-15T07:35:36.076220+09:00,잠실 관광특구,잠실 관광특구,POI005,KEY_2,5751. 송파여성축구장,ST-3069,40,4,10,127.11743927,37.52471542
2026-06-15T07:35:36.076220+09:00,잠실 관광특구,잠실 관광특구,POI005,KEY_2,4481. 올림픽공원 북2문 B,ST-2592,76,19,25,127.12751007,37.52397537
2026-06-15T07:35:36.076220+09:00,잠실 관광특구,잠실 관광특구,POI005,KEY_2,4464. 올림픽공원 북2문 A,ST-2580,33,5,15,127.12804413,37.52357483
2026-06-15T07:35:36.076220+09:00,잠실 관광특구,잠실 관광특구,POI005,KEY_2,5768.방이삼거리,ST-3214,42,5,12,127.10822296,37.51237488
2026-06-15T07:35:36.076220+09:00,잠실 관광특구,잠실 관광특구,POI005,KEY_2,4862. 성내교 남단,ST-2756,70,7,10,127.11588287,37.52301788
2026-06-15T07:35:36.076220+09:00,잠실 관광특구,잠실 관광특구,POI005,KEY_2,4856. 올림픽공원 서1문 앞,ST-2608,80,8,10,127.11457062,37.5202179
2026-06-15T07:35:36.076220+09:00,잠실 관광특구,잠실 관광특구,POI005,KEY_2,4865. 한성백제역 1번출구 뒤,ST-2797,20,1,5,127.1149826,37.51647949
2026-06-15T07:35:36.076220+09:00,잠실 관광특구,잠실 관광특구,POI005,KEY_2,4870. 몽촌토성역 3번 출구,ST-2876,10,1,10,127.11232758,37.5170784
2026-06-15T07:35:36.076220+09:00,종로·청계 관광특구,종로·청계 관광특구,POI006,KEY_3,455. 종로6가역 버스정류장(동대문 방향),ST-1608,63,5,8,127.00605774,37.570961
2026-06-15T07:35:36.076220+09:00,종로·청계 관광특구,종로·청계 관광특구,POI006,KEY_3,368. SK 서린빌딩 앞,ST-181,33,5,15,126.98053741,37.5692482
2026-06-15T07:35:36.076220+09:00,종로·청계 관광특구,종로·청계 관광특구,POI006,KEY_3,397. 종묘공영주차장 건너편,ST-1432,31,4,13,126.99663544,37.57048035
2026-06-15T07:35:36.076220+09:00,종로·청계 관광특구,종로·청계 관광특구,POI006,KEY_3,393. 동대문역 8번 출구,ST-1372,58,7,12,127.00937653,37.57014084
2026-06-15T07:35:36.076220+09:00,종로·청계 관광특구,종로·청계 관광특구,POI006,KEY_3,335. 종로3가역 15번출구 뒤,ST-151,0,0,10,126.99165344,37.57019424
2026-06-15T07:35:36.076220+09:00,종로·청계 관광특구,종로·청계 관광특구,POI006,KEY_3,385. 종각역 5번출구,ST-336,30,3,10,126.98265839,37.56983566
2026-06-15T07:35:36.076220+09:00,종로·청계 관광특구,종로·청계 관광특구,POI006,KEY_3,329. 청계2가 사거리 옆,ST-145,13,1,8,126.98788452,37.56848526
2026-06-15T07:35:36.076220+09:00,종로·청계 관광특구,종로·청계 관광특구,POI006,KEY_3,3412.세운상가,ST-1809,0,0,15,126.99454498,37.5703125
2026-06-15T07:35:36.076220+09:00,종로·청계 관광특구,종로·청계 관광특구,POI006,KEY_3,3432.종로2가 사거리,ST-1829,0,0,14,126.98880768,37.57001877
2026-06-15T07:35:36.076220+09:00,종로·청계 관광특구,종로·청계 관광특구,POI006,KEY_3,3415.동대문역6번출구,ST-1812,113,17,15,127.0107193,37.57147217
2026-06-15T07:35:36.076220+09:00,종로·청계 관광특구,종로·청계 관광특구,POI006,KEY_3,4707. 청계3가 사거리,ST-2513,0,0,5,126.99211884,37.56855774
2026-06-15T07:35:36.076220+09:00,홍대 관광특구,홍대 관광특구,POI007,KEY_4,113. 홍대입구역 2번출구 앞,ST-18,68,19,28,126.9238205,37.5574379
2026-06-15T07:35:36.076220+09:00,홍대 관광특구,홍대 관광특구,POI007,KEY_4,104. 합정역 1번출구 앞,ST-6,15,2,13,126.91508484,37.55073929
2026-06-15T07:35:36.076220+09:00,홍대 관광특구,홍대 관광특구,POI007,KEY_4,493.홍대입구역 6번출구,ST-2152,0,0,7,126.9288559,37.55657578
2026-06-15T07:35:36.076220+09:00,홍대 관광특구,홍대 관광특구,POI007,KEY_4,114. 홍대입구역 8번출구 앞,ST-20,27,4,15,126.92442322,37.55706024
2026-06-15T07:35:36.076220+09:00,홍대 관광특구,홍대 관광특구,POI007,KEY_4,108. 서교동 사거리,ST-10,8,1,12,126.91861725,37.55274582
2026-06-15T07:35:36.076220+09:00,홍대 관광특구,홍대 관광특구,POI007,KEY_4,3009. 홍대입구역 사거리,ST-2167,10,2,20,126.92023468,37.55450058
2026-06-15T07:35:36.076220+09:00,홍대 관광특구,홍대 관광특구,POI007,KEY_4,3010.홍대입구역 3번출구,ST-2168,27,4,15,126.92538452,37.5582962
2026-06-15T07:35:36.076220+09:00,홍대 관광특구,홍대 관광특구,POI007,KEY_4,4211. 시석빌딩 앞,ST-2534,0,0,8,126.91671753,37.54836655
2026-06-15T07:35:36.076220+09:00,홍대 관광특구,홍대 관광특구,POI007,KEY_4,4208. 스타벅스(동교동) 앞,ST-2532,30,3,10,126.91986847,37.5566597
2026-06-15T07:35:36.076220+09:00,국립중앙박물관·용산가족공원,국립중앙박물관·용산가족공원,POI089,KEY_1,855.이촌역5번출구 앞,ST-2179,120,12,10,126.97277069,37.52272415
2026-06-15T07:35:36.076220+09:00,국립중앙박물관·용산가족공원,국립중앙박물관·용산가족공원,POI089,KEY_1,863.이촌역2번 출구,ST-2187,40,4,10,126.977005,37.52177048
2026-06-15T07:35:36.076220+09:00,남산공원,남산공원,POI091,KEY_3,859.남산공원 야외식물원 앞,ST-2183,0,0,10,126.99586487,37.54188538
2026-06-15T07:35:36.076220+09:00,남산공원,남산공원,POI091,KEY_3,381. 장충체육관,ST-196,0,0,10,127.00698853,37.55853271
2026-06-15T07:35:36.076220+09:00,남산공원,남산공원,POI091,KEY_3,371. 동대입구역 6번출구 뒤,ST-186,10,1,10,127.00553894,37.55887222
2026-06-15T07:35:36.076220+09:00,남산공원,남산공원,POI091,KEY_3,4621. 남산도서관 앞,ST-3054,8,1,12,126.98201752,37.55240631
2026-06-15T07:35:36.076220+09:00,노들섬,노들섬,POI092,KEY_4,869.노들섬 동측 앞,ST-2239,30,3,10,126.95914459,37.51729584
2026-06-15T07:35:36.076220+09:00,노들섬,노들섬,POI092,KEY_4,870.노들섬 서측 앞,ST-2240,110,11,10,126.95829773,37.51731873
2026-06-15T07:35:36.076220+09:00,망원한강공원,망원한강공원,POI094,KEY_2,105. 합정역 5번출구 앞,ST-7,20,1,5,126.91482544,37.55000687
2026-06-15T07:35:36.076220+09:00,망원한강공원,망원한강공원,POI094,KEY_2,4217. 한강공원 망원나들목,ST-2905,25,5,20,126.89688873,37.55557632
2026-06-15T07:35:36.076220+09:00,망원한강공원,망원한강공원,POI094,KEY_2,5515.한강버스 망원 선착장,ST-3388,103,31,30,126.89590454,37.55466461
2026-06-15T07:35:36.076220+09:00,보라매공원,보라매공원,POI123,KEY_4,4181. 보라매공원역 2번출구,ST-3117,150,9,6,126.91781616,37.49582291
2026-06-15T07:35:36.076220+09:00,보라매공원,보라매공원,POI123,KEY_4,4179. 보라매병원역 1번출구,ST-3105,175,35,20,126.92362976,37.49304199
2026-06-15T07:35:36.076220+09:00,북서울꿈의숲,북서울꿈의숲,POI096,KEY_1,1548. 북서울 꿈의숲 서문,ST-1725,47,7,15,127.03781128,37.62268829
2026-06-15T07:35:36.076220+09:00,북서울꿈의숲,북서울꿈의숲,POI096,KEY_1,3718. 번동3단지 버스정류장,ST-2610,173,19,11,127.04390717,37.628685
2026-06-15T07:35:36.076220+09:00,북서울꿈의숲,북서울꿈의숲,POI096,KEY_1,1571.북서울 꿈의 숲 입구,ST-2401,150,15,10,127.03864288,37.62657166
2026-06-15T07:35:36.076220+09:00,서대문독립공원,서대문독립공원,POI124,KEY_2,367. 독립문역 3-1번출구,ST-180,85,11,13,126.95851898,37.57415771
2026-06-15T07:35:36.076220+09:00,서대문독립공원,서대문독립공원,POI124,KEY_2,3113. 독립문 앞,ST-2199,7,1,15,126.95974731,37.57220459
2026-06-15T07:35:36.076220+09:00,서대문독립공원,서대문독립공원,POI124,KEY_2,3427.인왕산 아이파크 정문,ST-1824,250,20,8,126.95584869,37.57666779
2026-06-15T07:35:36.076220+09:00,서대문독립공원,서대문독립공원,POI124,KEY_2,3426.독립문역 2번출구 뒤,ST-1823,120,12,10,126.95755005,37.57501602
2026-06-15T07:35:36.076220+09:00,서리풀공원·몽마르뜨공원,서리풀공원·몽마르뜨공원,POI098,KEY_3,4316. 고속터미널역 3번출구,ST-2667,20,5,25,127.0059433,37.50365829
2026-06-15T07:35:36.076220+09:00,서리풀공원·몽마르뜨공원,서리풀공원·몽마르뜨공원,POI098,KEY_3,4312. 반포미도2차아파트 옆,ST-2663,70,7,10,127.00653076,37.50320435
2026-06-15T07:35:36.076220+09:00,서리풀공원·몽마르뜨공원,서리풀공원·몽마르뜨공원,POI098,KEY_3,4327. 몽마르뜨공원입구,ST-3009,45,5,11,127.0026474,37.4928894
2026-06-15T07:35:36.076220+09:00,서울숲공원,서울숲공원,POI101,KEY_1,510. 뚝도아리수정수센터 버스정류소 옆,ST-107,213,32,15,127.04380035,37.54122162
2026-06-15T07:35:36.076220+09:00,서울숲공원,서울숲공원,POI101,KEY_1,3552.서울숲 공영주차장앞,ST-2334,100,19,19,127.04277039,37.54195786
2026-06-15T07:35:36.076220+09:00,서울숲공원,서울숲공원,POI101,KEY_1,4401.뚝섬유수지 공영주차장,ST-3393,30,3,10,127.042099,37.55018234
2026-06-15T07:35:36.076220+09:00,송현녹지광장,송현녹지광장,POI129,KEY_2,354. 포르투갈 대사관 앞,ST-170,10,1,10,126.98896027,37.57915497
2026-06-15T07:35:36.076220+09:00,송현녹지광장,송현녹지광장,POI129,KEY_2,314. 국립현대미술관,ST-130,0,0,10,126.98085785,37.5797081
2026-06-15T07:35:36.076220+09:00,송현녹지광장,송현녹지광장,POI129,KEY_2,353. 재동초교 앞 삼거리,ST-169,0,0,8,126.9849472,37.57938766
2026-06-15T07:35:36.076220+09:00,송현녹지광장,송현녹지광장,POI129,KEY_2,3407.안국동사거리(신),ST-1804,0,0,18,126.98339081,37.57580566
2026-06-15T07:35:36.076220+09:00,송현녹지광장,송현녹지광장,POI129,KEY_2,4719. 종로문화원 건너편,ST-3090,7,1,15,126.9805069,37.57571411
2026-06-15T07:35:36.076220+09:00,송현녹지광장,송현녹지광장,POI129,KEY_2,4705. 웰니스센터(민방위교육장 앞),ST-2565,33,2,6,126.98912811,37.57752991
2026-06-15T07:35:36.076220+09:00,어린이대공원,어린이대공원,POI104,KEY_2,573. 구의문주차장 앞,ST-384,140,14,10,127.08473206,37.54523087
2026-06-15T07:35:36.076220+09:00,어린이대공원,어린이대공원,POI104,KEY_2,574. 아차산역4번출구,ST-385,127,28,22,127.08898163,37.55184937
2026-06-15T07:35:36.076220+09:00,어린이대공원,어린이대공원,POI104,KEY_2,500. 어린이대공원역 3번출구 앞,ST-97,140,7,5,127.07466888,37.54697037
2026-06-15T07:35:36.076220+09:00,어린이대공원,어린이대공원,POI104,KEY_2,3573.광나루안전체험관,ST-2312,100,15,15,127.07671356,37.5513382
2026-06-15T07:35:36.076220+09:00,어린이대공원,어린이대공원,POI104,KEY_2,3507. 어린이회관,ST-1192,42,13,31,127.07800293,37.54595184
2026-06-15T07:35:36.076220+09:00,어린이대공원,어린이대공원,POI104,KEY_2,3853. 어린이대공원역 2번출구,ST-2541,56,10,18,127.07470703,37.54764938
2026-06-15T07:35:36.076220+09:00,어린이대공원,어린이대공원,POI104,KEY_2,3860. 건국대학교 정문 앞,ST-2542,140,14,10,127.07571411,37.5465126
2026-06-15T07:35:36.076220+09:00,어린이대공원,어린이대공원,POI104,KEY_2,3529. 어린이대공원정문,ST-1603,47,7,15,127.07592773,37.54978943
2026-06-15T07:35:36.076220+09:00,여의도한강공원,여의도한강공원,POI105,KEY_3,260. 여의도 마리나선착장 앞,ST-414,113,17,15,126.91216278,37.53365707
2026-06-15T07:35:36.076220+09:00,여의도한강공원,여의도한강공원,POI105,KEY_3,249. 여의도중학교 옆,ST-297,13,2,16,126.93580627,37.52457809
2026-06-15T07:35:36.076220+09:00,여의도한강공원,여의도한강공원,POI105,KEY_3,5891.한강버스 여의도 선착장,ST-3402,40,12,30,126.93422699,37.52816391
2026-06-15T07:35:36.076220+09:00,여의도한강공원,여의도한강공원,POI105,KEY_3,5890.여의나루역 3번출구,ST-3401,18,2,11,126.93336487,37.52645493
2026-06-15T07:35:36.076220+09:00,여의서로,여의서로,POI126,KEY_4,260. 여의도 마리나선착장 앞,ST-414,113,17,15,126.91216278,37.53365707
2026-06-15T07:35:36.076220+09:00,여의서로,여의서로,POI126,KEY_4,298.KBS 연구동 건너편,ST-1970,64,16,25,126.91374207,37.52724838
2026-06-15T07:35:36.076220+09:00,여의서로,여의서로,POI126,KEY_4,297.국회3문,ST-1969,10,1,10,126.91267395,37.52863693
2026-06-15T07:35:36.076220+09:00,올림픽공원,올림픽공원,POI127,KEY_1,1268. 몽촌토성역 1번출구 옆,ST-1087,7,1,15,127.11419678,37.51728821
2026-06-15T07:35:36.076220+09:00,올림픽공원,올림픽공원,POI127,KEY_1,1267. 올림픽공원 남2문 앞,ST-1086,7,1,14,127.12306976,37.51424026
2026-06-15T07:35:36.076220+09:00,올림픽공원,올림픽공원,POI127,KEY_1,2622. 올림픽공원역 3번출구,ST-1720,65,13,20,127.13059235,37.51625824
2026-06-15T07:35:36.076220+09:00,올림픽공원,올림픽공원,POI127,KEY_1,2621. 한성백제역 2번 출구,ST-1719,20,3,15,127.11625671,37.51665878
2026-06-15T07:35:36.076220+09:00,올림픽공원,올림픽공원,POI127,KEY_1,4865. 한성백제역 1번출구 뒤,ST-2797,0,0,5,127.1149826,37.51647949
2026-06-15T07:35:36.076220+09:00,올림픽공원,올림픽공원,POI127,KEY_1,4857. 올림픽공원 장미광장,ST-2621,0,0,15,127.126297,37.51275635
2026-06-15T07:35:36.076220+09:00,올림픽공원,올림픽공원,POI127,KEY_1,5751. 송파여성축구장,ST-3069,40,4,10,127.11743927,37.52471542
2026-06-15T07:35:36.076220+09:00,올림픽공원,올림픽공원,POI127,KEY_1,5781. 올림픽공원 수영장,ST-3300,207,29,14,127.12688446,37.52157211
2026-06-15T07:35:36.076220+09:00,올림픽공원,올림픽공원,POI127,KEY_1,4481. 올림픽공원 북2문 B,ST-2592,76,19,25,127.12751007,37.52397537
2026-06-15T07:35:36.076220+09:00,올림픽공원,올림픽공원,POI127,KEY_1,4464. 올림픽공원 북2문 A,ST-2580,33,5,15,127.12804413,37.52357483
2026-06-15T07:35:36.076220+09:00,올림픽공원,올림픽공원,POI127,KEY_1,4856. 올림픽공원 서1문 앞,ST-2608,70,7,10,127.11457062,37.5202179
2026-06-15T07:35:36.076220+09:00,올림픽공원,올림픽공원,POI127,KEY_1,4862. 성내교 남단,ST-2756,70,7,10,127.11588287,37.52301788
2026-06-15T07:35:36.076220+09:00,월드컵공원,월드컵공원,POI106,KEY_2,186. 월드컵공원,ST-344,225,90,40,126.89820862,37.56396484
2026-06-15T07:35:36.076220+09:00,월드컵공원,월드컵공원,POI106,KEY_2,420. 서울시 공공자전거 상암센터,ST-85,97,36,37,126.8961792,37.56624603
2026-06-15T07:35:36.076220+09:00,월드컵공원,월드컵공원,POI106,KEY_2,418. 월드컵경기장역 3번출구 옆,ST-89,15,3,20,126.8992691,37.57277679
2026-06-15T07:35:36.076220+09:00,월드컵공원,월드컵공원,POI106,KEY_2,199. 서울 월드컵 경기장,ST-443,90,27,30,126.89644623,37.56684494
2026-06-15T07:35:36.076220+09:00,월드컵공원,월드컵공원,POI106,KEY_2,440. 하늘공원 입구,ST-1754,67,10,15,126.88134766,37.57012177
2026-06-15T07:35:36.076220+09:00,월드컵공원,월드컵공원,POI106,KEY_2,419. 홈플러스 마포점 앞,ST-87,129,27,21,126.89942932,37.56842041
2026-06-15T07:35:36.076220+09:00,월드컵공원,월드컵공원,POI106,KEY_2,413. 상암월드컵파크 3단지 후문,ST-92,150,15,10,126.88968658,37.57147598
2026-06-15T07:35:36.076220+09:00,월드컵공원,월드컵공원,POI106,KEY_2,3008.DMC역7번출구,ST-2166,60,6,10,126.89836121,37.57711411
2026-06-15T07:35:36.076220+09:00,응봉산,응봉산,POI107,KEY_3,569. 응봉현대아파트 정류소,ST-370,0,0,10,127.03024292,37.54958344
2026-06-15T07:35:36.076220+09:00,응봉산,응봉산,POI107,KEY_3,3511. 응봉역 1번출구,ST-1195,170,17,10,127.0351944,37.55130386
2026-06-15T07:35:36.076220+09:00,응봉산,응봉산,POI107,KEY_3,3525. 금호스포츠센터앞,ST-1599,47,7,15,127.02507019,37.54608917
2026-06-15T07:35:36.076220+09:00,청계산,청계산,POI112,KEY_4,2203. 청계산입구역 2번출구,ST-925,140,14,10,127.05501556,37.44765854
2026-06-15T07:35:36.076220+09:00,청계산,청계산,POI112,KEY_4,4338.새정이마을버스정류장 앞,ST-3216,60,3,5,127.06594849,37.43474579
2026-06-15T07:35:36.076220+09:00,가락시장,가락시장,POI058,KEY_2,2658.가락몰 업무동,ST-2409,180,18,10,127.11569214,37.49535751
2026-06-15T07:35:36.076220+09:00,가락시장,가락시장,POI058,KEY_2,2659.서울친환경유통센터,ST-2410,10,1,10,127.10492706,37.49420929
2026-06-15T07:35:36.076220+09:00,가락시장,가락시장,POI058,KEY_2,4480. 가락시장 남1문 사거리,ST-2591,60,9,15,127.11745453,37.49201584
2026-06-15T07:35:36.076220+09:00,가락시장,가락시장,POI058,KEY_2,4854. 가락시장역 2번 출구,ST-2606,100,10,10,127.11798859,37.492733
2026-06-15T07:35:36.076220+09:00,가로수길,가로수길,POI059,KEY_3,2362. 신사동 가로수길 입구,ST-1171,0,0,10,127.02245331,37.51763535
2026-06-15T07:35:36.076220+09:00,가로수길,가로수길,POI059,KEY_3,3606. 신사동주민센터 옆,ST-2673,120,12,10,127.02285004,37.52422714
2026-06-15T07:35:36.076220+09:00,가로수길,가로수길,POI059,KEY_3,4903. 신사스퀘어,ST-3066,10,1,10,127.0189743,37.51916885
2026-06-15T07:35:36.076220+09:00,가로수길,가로수길,POI059,KEY_3,4907. 극동스포츠 앞,ST-3078,360,18,5,127.02588654,37.5257225
2026-06-15T07:35:36.076220+09:00,김포공항,김포공항,POI061,KEY_1,3776. 김포공항사거리,ST-2484,130,13,10,126.80518341,37.5675354
2026-06-15T07:35:36.076220+09:00,김포공항,김포공항,POI061,KEY_1,5072. 김포공항입구 교통섬,ST-2947,120,12,10,126.80708313,37.56154633
2026-06-15T07:35:36.076220+09:00,남대문시장,남대문시장,POI115,KEY_2,470.회현역 7번출구,ST-1776,0,0,13,126.98000336,37.55974579
2026-06-15T07:35:36.076220+09:00,남대문시장,남대문시장,POI115,KEY_2,324. 신세계백화점 본점 앞,ST-140,25,2,8,126.9805069,37.56134415
2026-06-15T07:35:36.076220+09:00,남대문시장,남대문시장,POI115,KEY_2,4776. 신세계면세점,ST-2522,20,2,10,126.98139191,37.56027603
2026-06-15T07:35:36.076220+09:00,노량진,노량진,POI063,KEY_3,2003. 사육신공원앞,ST-877,110,11,10,126.94805908,37.51335907
2026-06-15T07:35:36.076220+09:00,노량진,노량진,POI063,KEY_3,2070. 노량진역 2번 출구 앞,ST-1545,50,9,18,126.94306946,37.51391983
2026-06-15T07:35:36.076220+09:00,노량진,노량진,POI063,KEY_3,2002. 노들역 1번출구,ST-683,100,17,17,126.95246887,37.51284409
2026-06-15T07:35:36.076220+09:00,노량진,노량진,POI063,KEY_3,2050. 노량진역 5번출구,ST-699,167,25,15,126.93997192,37.51324844
2026-06-15T07:35:36.076220+09:00,노량진,노량진,POI063,KEY_3,2058. 동작경찰서,ST-1150,207,29,14,126.94352722,37.5135231
2026-06-15T07:35:36.076220+09:00,덕수궁길·정동길,덕수궁길·정동길,POI064,KEY_4,391. 시립미술관,ST-977,75,6,8,126.97340393,37.56505203
2026-06-15T07:35:36.076220+09:00,덕수궁길·정동길,덕수궁길·정동길,POI064,KEY_4,300. 정동사거리,ST-116,33,2,6,126.96923065,37.56805038
2026-06-15T07:35:36.076220+09:00,덕수궁길·정동길,덕수궁길·정동길,POI064,KEY_4,6058. 시청역 2번출구,ST-3297,7,1,15,126.97702026,37.56557846
2026-06-15T07:35:36.076220+09:00,덕수궁길·정동길,덕수궁길·정동길,POI064,KEY_4,4715. 돈의문 박물관 마을,ST-2923,20,3,15,126.96955109,37.56883621
2026-06-15T07:35:36.076220+09:00,북촌한옥마을,북촌한옥마을,POI066,KEY_2,354. 포르투갈 대사관 앞,ST-170,10,1,10,126.98896027,37.57915497
2026-06-15T07:35:36.076220+09:00,북촌한옥마을,북촌한옥마을,POI066,KEY_2,352. 중앙고입구 삼거리,ST-168,0,0,10,126.98523712,37.58341599
2026-06-15T07:35:36.076220+09:00,북촌한옥마을,북촌한옥마을,POI066,KEY_2,465. 삼청공원 앞,ST-1759,20,1,5,126.9835968,37.58760452
2026-06-15T07:35:36.076220+09:00,북촌한옥마을,북촌한옥마을,POI066,KEY_2,314. 국립현대미술관,ST-130,0,0,10,126.98085785,37.5797081
2026-06-15T07:35:36.076220+09:00,북촌한옥마을,북촌한옥마을,POI066,KEY_2,464. 삼청동 골목,ST-1756,0,0,10,126.98169708,37.58419037
2026-06-15T07:35:36.076220+09:00,북촌한옥마을,북촌한옥마을,POI066,KEY_2,451. 청와대앞길,ST-979,13,1,8,126.97966766,37.58351517
2026-06-15T07:35:36.076220+09:00,북촌한옥마을,북촌한옥마을,POI066,KEY_2,353. 재동초교 앞 삼거리,ST-169,0,0,8,126.9849472,37.57938766
2026-06-15T07:35:36.076220+09:00,북촌한옥마을,북촌한옥마을,POI066,KEY_2,3407.안국동사거리(신),ST-1804,0,0,18,126.98339081,37.57580566
2026-06-15T07:35:36.076220+09:00,북촌한옥마을,북촌한옥마을,POI066,KEY_2,4719. 종로문화원 건너편,ST-3090,7,1,15,126.9805069,37.57571411
2026-06-15T07:35:36.076220+09:00,북촌한옥마을,북촌한옥마을,POI066,KEY_2,4705. 웰니스센터(민방위교육장 앞),ST-2565,33,2,6,126.98912811,37.57752991
2026-06-15T07:35:36.076220+09:00,서촌,서촌,POI067,KEY_3,450. 효자동 삼거리,ST-978,6,3,51,126.97254944,37.58360291
2026-06-15T07:35:36.076220+09:00,서촌,서촌,POI067,KEY_3,349. 어린이도서관,ST-165,40,2,5,126.96858978,37.57633209
2026-06-15T07:35:36.076220+09:00,서촌,서촌,POI067,KEY_3,4710. 자교교회 앞,ST-2473,113,9,8,126.97123718,37.58114624
2026-06-15T07:35:36.076220+09:00,서촌,서촌,POI067,KEY_3,4721. 통인시장 정자,ST-3354,63,5,8,126.96878815,37.58055878
2026-06-15T07:35:36.076220+09:00,성수카페거리,성수카페거리,POI068,KEY_4,587. 유니베라 앞,ST-482,100,10,10,127.05264282,37.54541779
2026-06-15T07:35:36.076220+09:00,성수카페거리,성수카페거리,POI068,KEY_4,513. 뚝섬역 5번 출구 정류소 옆,ST-111,23,3,13,127.04980469,37.54630661
2026-06-15T07:35:36.076220+09:00,성수카페거리,성수카페거리,POI068,KEY_4,514. 성수사거리 버스정류장 앞,ST-112,83,10,12,127.06330872,37.54257965
2026-06-15T07:35:36.076220+09:00,성수카페거리,성수카페거리,POI068,KEY_4,3548.뚝섬역 6번출구,ST-2330,50,5,10,127.04766846,37.54695892
2026-06-15T07:35:36.076220+09:00,성수카페거리,성수카페거리,POI068,KEY_4,4399. 더리브 세종타워 앞,ST-3326,29,2,7,127.0580368,37.54378128
2026-06-15T07:35:36.076220+09:00,성수카페거리,성수카페거리,POI068,KEY_4,4387. 성수역 1번출구 주변,ST-3121,13,1,8,127.05336761,37.54555893
2026-06-15T07:35:36.076220+09:00,성수카페거리,성수카페거리,POI068,KEY_4,4398. 유원지식산업센터 앞,ST-3325,92,11,12,127.05593109,37.54436493
2026-06-15T07:35:36.076220+09:00,성수카페거리,성수카페거리,POI068,KEY_4,4377. 우영테크노센터 앞,ST-3003,163,13,8,127.05971527,37.54332352
2026-06-15T07:35:36.076220+09:00,송리단길·호수단길,송리단길·호수단길,POI121,KEY_1,2639.석촌역 8번출구,ST-1866,56,10,18,127.10657501,37.50550461
2026-06-15T07:35:36.076220+09:00,송리단길·호수단길,송리단길·호수단길,POI121,KEY_1,4868. 석촌호수 서호 남단,ST-2833,0,0,10,127.10124207,37.50717163
2026-06-15T07:35:36.076220+09:00,신촌 스타광장,신촌 스타광장,POI122,KEY_2,128. 신촌역(2호선) 1번출구 옆,ST-30,5,1,19,126.93634033,37.55549622
2026-06-15T07:35:36.076220+09:00,신촌 스타광장,신촌 스타광장,POI122,KEY_2,3116.신촌역 4번출구,ST-2201,0,0,10,126.93720245,37.55550385
2026-06-15T07:35:36.076220+09:00,압구정로데오거리,압구정로데오거리,POI071,KEY_3,2365. K+ 타워 앞,ST-1174,0,0,15,127.03847504,37.52330017
2026-06-15T07:35:36.076220+09:00,압구정로데오거리,압구정로데오거리,POI071,KEY_3,2310. 청담동 맥도날드 옆(위치),ST-794,20,2,10,127.04017639,37.52361298
2026-06-15T07:35:36.076220+09:00,여의도,여의도,POI072,KEY_4,203. 국회의사당역 3번출구 옆,ST-51,7,1,15,126.91870117,37.5280571
2026-06-15T07:35:36.076220+09:00,여의도,여의도,POI072,KEY_4,200. 국회의원회관,ST-45,5,1,22,126.91391754,37.52841568
2026-06-15T07:35:36.076220+09:00,여의도,여의도,POI072,KEY_4,204. 국회의사당역 5번출구 옆,ST-50,85,11,13,126.91702271,37.52816391
2026-06-15T07:35:36.076220+09:00,여의도,여의도,POI072,KEY_4,224. 롯데캐슬 앞,ST-70,0,0,20,126.93236542,37.5200882
2026-06-15T07:35:36.076220+09:00,여의도,여의도,POI072,KEY_4,207. 여의나루역 1번출구 앞,ST-73,2,1,46,126.93190002,37.52715683
2026-06-15T07:35:36.076220+09:00,여의도,여의도,POI072,KEY_4,209. 유진투자증권빌딩 앞,ST-55,127,28,22,126.92783356,37.52461243
2026-06-15T07:35:36.076220+09:00,여의도,여의도,POI072,KEY_4,299.여의도 순복음교회,ST-1971,20,2,10,126.92245483,37.53179169
2026-06-15T07:35:36.076220+09:00,여의도,여의도,POI072,KEY_4,221. 여의도초교 앞,ST-67,0,0,10,126.93778992,37.52267456
2026-06-15T07:35:36.076220+09:00,여의도,여의도,POI072,KEY_4,214. 금융감독원 앞,ST-60,71,15,21,126.9208374,37.5230217
2026-06-15T07:35:36.076220+09:00,여의도,여의도,POI072,KEY_4,260. 여의도 마리나선착장 앞,ST-414,113,17,15,126.91216278,37.53365707
2026-06-15T07:35:36.076220+09:00,여의도,여의도,POI072,KEY_4,298.KBS 연구동 건너편,ST-1970,64,16,25,126.91374207,37.52724838
2026-06-15T07:35:36.076220+09:00,여의도,여의도,POI072,KEY_4,213. KT앞,ST-59,63,12,19,126.91895294,37.52190781
2026-06-15T07:35:36.076220+09:00,여의도,여의도,POI072,KEY_4,222. 시범아파트버스정류장 옆,ST-68,100,12,12,126.93688965,37.51902008
2026-06-15T07:35:36.076220+09:00,여의도,여의도,POI072,KEY_4,248. 초원아파트 앞,ST-296,20,2,10,126.92420959,37.53105545
2026-06-15T07:35:36.076220+09:00,여의도,여의도,POI072,KEY_4,249. 여의도중학교 옆,ST-297,13,2,16,126.93580627,37.52457809
2026-06-15T07:35:36.076220+09:00,여의도,여의도,POI072,KEY_4,202. 국민일보 앞,ST-47,63,19,30,126.92453003,37.52881622
2026-06-15T07:35:36.076220+09:00,여의도,여의도,POI072,KEY_4,270. 증권거래소후문교차로,ST-424,50,5,10,126.92710114,37.52234268
2026-06-15T07:35:36.076220+09:00,여의도,여의도,POI072,KEY_4,217. NH농협은행 앞,ST-66,133,20,15,126.93036652,37.52207947
2026-06-15T07:35:36.076220+09:00,여의도,여의도,POI072,KEY_4,205. 산업은행 앞,ST-52,85,17,20,126.92050934,37.52626419
2026-06-15T07:35:36.076220+09:00,여의도,여의도,POI072,KEY_4,225. 앙카라공원 앞,ST-71,27,7,26,126.92961884,37.51758575
2026-06-15T07:35:36.076220+09:00,여의도,여의도,POI072,KEY_4,297.국회3문,ST-1969,10,1,10,126.91267395,37.52863693
2026-06-15T07:35:36.076220+09:00,여의도,여의도,POI072,KEY_4,206. KBS 앞,ST-53,89,31,35,126.91802216,37.52466583
2026-06-15T07:35:36.076220+09:00,여의도,여의도,POI072,KEY_4,201. 진미파라곤 앞,ST-46,13,2,15,126.92133331,37.53123856
2026-06-15T07:35:36.076220+09:00,여의도,여의도,POI072,KEY_4,215. 여의도고교 앞,ST-64,30,3,10,126.93490601,37.52483749
2026-06-15T07:35:36.076220+09:00,여의도,여의도,POI072,KEY_4,223. 진주아파트상가 앞,ST-69,15,3,20,126.9333725,37.51913071
2026-06-15T07:35:36.076220+09:00,여의도,여의도,POI072,KEY_4,219. 롯데캐슬엠파이어 옆,ST-62,117,14,12,126.92583466,37.52069473
2026-06-15T07:35:36.076220+09:00,여의도,여의도,POI072,KEY_4,271. 샛강생태공원방문자센터 앞,ST-425,10,1,10,126.9216156,37.51896286
2026-06-15T07:35:36.076220+09:00,여의도,여의도,POI072,KEY_4,220. 미성아파트 A동 앞,ST-63,23,7,30,126.92604828,37.5193634
2026-06-15T07:35:36.076220+09:00,여의도,여의도,POI072,KEY_4,4583. 의정관,ST-2647,17,2,12,126.91747284,37.53214645
2026-06-15T07:35:36.076220+09:00,여의도,여의도,POI072,KEY_4,5893.한국산업은행,ST-3397,70,7,10,126.92175293,37.52814484
2026-06-15T07:35:36.076220+09:00,여의도,여의도,POI072,KEY_4,4564. 63스퀘어,ST-2814,129,22,17,126.93965912,37.52070999
2026-06-15T07:35:36.076220+09:00,여의도,여의도,POI072,KEY_4,5888.여의도성당,ST-3375,14,1,7,126.93920898,37.52164459
2026-06-15T07:35:36.076220+09:00,여의도,여의도,POI072,KEY_4,5889.의원회관출입구 앞,ST-3377,20,2,10,126.91479492,37.52985382
2026-06-15T07:35:36.076220+09:00,여의도,여의도,POI072,KEY_4,5853. 여의도역2번출구 앞,ST-3061,10,1,10,126.92271423,37.52243423
2026-06-15T07:35:36.076220+09:00,여의도,여의도,POI072,KEY_4,5892.국회의사당본관 좌측,ST-3383,57,4,7,126.91375732,37.53090286
2026-06-15T07:35:36.076220+09:00,여의도,여의도,POI072,KEY_4,4582. 국회도서관,ST-2646,67,8,12,126.91817474,37.53054047
2026-06-15T07:35:36.076220+09:00,여의도,여의도,POI072,KEY_4,5891.한강버스 여의도 선착장,ST-3402,40,12,30,126.93422699,37.52816391
2026-06-15T07:35:36.076220+09:00,여의도,여의도,POI072,KEY_4,4585. 국회6문,ST-2694,50,3,6,126.91799164,37.53271866
2026-06-15T07:35:36.076220+09:00,여의도,여의도,POI072,KEY_4,4581. 국회소통관,ST-2645,17,2,12,126.9128952,37.53050232
2026-06-15T07:35:36.076220+09:00,여의도,여의도,POI072,KEY_4,4563. 여의도 은하아파트,ST-2813,30,3,10,126.93448639,37.51850891
2026-06-15T07:35:36.076220+09:00,여의도,여의도,POI072,KEY_4,4579. 국회의사당 본관,ST-2643,124,21,17,126.91404724,37.5325737
2026-06-15T07:35:36.076220+09:00,여의도,여의도,POI072,KEY_4,5859. 여의도 삼부아파트,ST-3160,50,5,10,126.93045807,37.52539444
2026-06-15T07:35:36.076220+09:00,여의도,여의도,POI072,KEY_4,5878. 우리은행 앞,ST-3315,160,32,20,126.92162323,37.52349091
2026-06-15T07:35:36.076220+09:00,여의도,여의도,POI072,KEY_4,4584. 국회2문,ST-2648,44,4,9,126.91510773,37.52864075
2026-06-15T07:35:36.076220+09:00,여의도,여의도,POI072,KEY_4,4580. 국회제2의원회관,ST-2644,12,2,17,126.91316986,37.52974701
2026-06-15T07:35:36.076220+09:00,여의도,여의도,POI072,KEY_4,4589. KRX한국거래소(1),ST-2899,33,6,18,126.92759705,37.52338028
2026-06-15T07:35:36.076220+09:00,여의도,여의도,POI072,KEY_4,5879. 국회도서관 2문 앞,ST-3318,113,9,8,126.91668701,37.53107071
2026-06-15T07:35:36.076220+09:00,여의도,여의도,POI072,KEY_4,5880. 국회박물관,ST-3319,0,0,7,126.91945648,37.53183365
2026-06-15T07:35:36.076220+09:00,여의도,여의도,POI072,KEY_4,5870. LG트윈타워 앞,ST-3239,65,13,20,126.93017578,37.52833176
2026-06-15T07:35:36.076220+09:00,여의도,여의도,POI072,KEY_4,5897.여의도공작아파트,ST-3426,20,2,10,126.92987061,37.52595139
2026-06-15T07:35:36.076220+09:00,여의도,여의도,POI072,KEY_4,5890.여의나루역 3번출구,ST-3401,18,2,11,126.93336487,37.52645493
2026-06-15T07:35:36.076220+09:00,여의도,여의도,POI072,KEY_4,226. 샛강역 1번출구 앞,ST-72,5,1,19,126.92841339,37.51776505
2026-06-15T07:35:36.076220+09:00,연남동,연남동,POI073,KEY_1,107. 수협 연남동지점,ST-9,20,2,10,126.91871643,37.55784607
2026-06-15T07:35:36.076220+09:00,연남동,연남동,POI073,KEY_1,4233. 코오롱아파트사거리,ST-2979,0,0,10,126.92149353,37.56306458
2026-06-15T07:35:36.076220+09:00,영등포 타임스퀘어,영등포 타임스퀘어,POI074,KEY_2,284. 센트럴 푸르지오 시티 앞,ST-1650,56,9,16,126.90222931,37.51821136
2026-06-15T07:35:36.076220+09:00,영등포 타임스퀘어,영등포 타임스퀘어,POI074,KEY_2,3219.영등포역 1번출구,ST-1990,280,28,10,126.9077301,37.5148468
2026-06-15T07:35:36.076220+09:00,영등포 타임스퀘어,영등포 타임스퀘어,POI074,KEY_2,4565. 영등포 신세계백화점,ST-2815,30,3,10,126.90364838,37.51803589
2026-06-15T07:35:36.076220+09:00,영등포 타임스퀘어,영등포 타임스퀘어,POI074,KEY_2,5868. 로프트시티오피스텔,ST-3238,100,6,6,126.90843201,37.51906204
2026-06-15T07:35:36.076220+09:00,영등포 타임스퀘어,영등포 타임스퀘어,POI074,KEY_2,5858. 영등포역5번출구,ST-3142,180,18,10,126.90807343,37.51669312
2026-06-15T07:35:36.076220+09:00,용리단길,용리단길,POI076,KEY_3,816. 신용산역 6번출구 앞,ST-435,84,21,25,126.96848297,37.53014755
2026-06-15T07:35:36.076220+09:00,용리단길,용리단길,POI076,KEY_3,817. 삼각지역 4번출구 앞,ST-436,78,7,9,126.97173309,37.53345108
2026-06-15T07:35:36.076220+09:00,이태원 앤틱가구거리,이태원 앤틱가구거리,POI077,KEY_4,4615. 크라운호텔앞 버스정류소,ST-2446,43,3,7,126.99137878,37.53030014
2026-06-15T07:35:36.076220+09:00,이태원 앤틱가구거리,이태원 앤틱가구거리,POI077,KEY_4,4634. 이태원역 3번 출구,ST-3056,0,0,5,126.99497223,37.5343895
2026-06-15T07:35:36.076220+09:00,익선동,익선동,POI116,KEY_1,334. 종로3가역 2번출구 뒤,ST-150,20,2,10,126.99179077,37.5705986
2026-06-15T07:35:36.076220+09:00,익선동,익선동,POI116,KEY_1,328. 탑골공원 앞,ST-144,0,0,11,126.9881897,37.57039642
2026-06-15T07:35:36.076220+09:00,익선동,익선동,POI116,KEY_1,327. 낙원상가 옆,ST-143,0,0,10,126.9874649,37.57335663
2026-06-15T07:35:36.076220+09:00,익선동,익선동,POI116,KEY_1,3410.종로3가역 8번출구,ST-1807,10,1,10,126.99188995,37.5724678
2026-06-15T07:35:36.076220+09:00,익선동,익선동,POI116,KEY_1,4713. 현대 뜨레비앙 아파트 앞,ST-2623,43,3,7,126.99062347,37.57528305
2026-06-15T07:35:36.076220+09:00,인사동,인사동,POI078,KEY_2,326. 안국역 5번출구 앞,ST-142,27,4,15,126.98616028,37.57624054
2026-06-15T07:35:36.076220+09:00,인사동,인사동,POI078,KEY_2,327. 낙원상가 옆,ST-143,0,0,10,126.9874649,37.57335663
2026-06-15T07:35:36.076220+09:00,인사동,인사동,POI078,KEY_2,454. 종로2가 버스정류장 (종각방향),ST-1607,8,1,13,126.98638153,37.57035828
2026-06-15T07:35:36.076220+09:00,인사동,인사동,POI078,KEY_2,3408.종로타워빌딩,ST-1805,15,2,13,126.98323822,37.57070541
2026-06-15T07:35:36.076220+09:00,창동 신경제 중심지,창동 신경제 중심지,POI079,KEY_4,1756.서울북부광역등기국,ST-2101,20,2,10,127.04431915,37.65148544
2026-06-15T07:35:36.076220+09:00,창동 신경제 중심지,창동 신경제 중심지,POI079,KEY_4,1674. 서울북부고용센터앞,ST-1291,53,8,15,127.05808258,37.65354919
2026-06-15T07:35:36.076220+09:00,창동 신경제 중심지,창동 신경제 중심지,POI079,KEY_4,1722. 창동청소년수련관,ST-1292,67,10,15,127.05004883,37.65779877
2026-06-15T07:35:36.076220+09:00,창동 신경제 중심지,창동 신경제 중심지,POI079,KEY_4,1662. 노원역7번출구,ST-1279,60,12,20,127.05921173,37.65421677
2026-06-15T07:35:36.076220+09:00,창동 신경제 중심지,창동 신경제 중심지,POI079,KEY_4,1690. 도봉운전면허시험장 버스정류장 옆,ST-1641,30,3,10,127.05931091,37.6577301
2026-06-15T07:35:36.076220+09:00,창동 신경제 중심지,창동 신경제 중심지,POI079,KEY_4,1686. 상계주공10단지 종합상가 앞,ST-1476,7,1,15,127.05805206,37.66114044
2026-06-15T07:35:36.076220+09:00,창동 신경제 중심지,창동 신경제 중심지,POI079,KEY_4,1657. 노원구청,ST-1125,50,10,20,127.05732727,37.65404892
2026-06-15T07:35:36.076220+09:00,창동 신경제 중심지,창동 신경제 중심지,POI079,KEY_4,1637. KT 전화국 버스정류장 옆,ST-611,44,4,9,127.06372833,37.6546669
2026-06-15T07:35:36.076220+09:00,창동 신경제 중심지,창동 신경제 중심지,POI079,KEY_4,1653. 노원역1번출구,ST-1121,50,5,10,127.06362152,37.65620041
2026-06-15T07:35:36.076220+09:00,창동 신경제 중심지,창동 신경제 중심지,POI079,KEY_4,1716. 창동역 1번출구 건너편,ST-1132,125,10,8,127.05072784,37.65420151
2026-06-15T07:35:36.076220+09:00,창동 신경제 중심지,창동 신경제 중심지,POI079,KEY_4,1775.신원리베르텔 앞,ST-2120,27,4,15,127.04554749,37.65128708
2026-06-15T07:35:36.076220+09:00,창동 신경제 중심지,창동 신경제 중심지,POI079,KEY_4,5311. 주공601동 상가 노원지하보도 앞,ST-3116,40,2,5,127.06147766,37.65190125
2026-06-15T07:35:36.076220+09:00,창동 신경제 중심지,창동 신경제 중심지,POI079,KEY_4,5333. 노원역9번-10번 출구 앞,ST-3288,80,8,10,127.063591,37.65655518
2026-06-15T07:35:36.076220+09:00,창동 신경제 중심지,창동 신경제 중심지,POI079,KEY_4,4096.창동역2번출구 하나은행365 앞,ST-3368,175,14,8,127.04550171,37.65283585
2026-06-15T07:35:36.076220+09:00,창동 신경제 중심지,창동 신경제 중심지,POI079,KEY_4,4098.창동역 1번출구 인근,ST-3430,63,5,8,127.04838562,37.65290833
2026-06-15T07:35:36.076220+09:00,청량리 제기동 일대 전통시장,청량리 제기동 일대 전통시장,POI081,KEY_2,640. 동대문경찰서 교차로,ST-407,217,13,6,127.04460144,37.58255005
2026-06-15T07:35:36.076220+09:00,청량리 제기동 일대 전통시장,청량리 제기동 일대 전통시장,POI081,KEY_2,676.FITI시험연구원 앞,ST-2276,56,5,9,127.03547668,37.58143234
2026-06-15T07:35:36.076220+09:00,청량리 제기동 일대 전통시장,청량리 제기동 일대 전통시장,POI081,KEY_2,633. 청량리 기업은행 앞,ST-400,163,13,8,127.04472351,37.58049774
2026-06-15T07:35:36.076220+09:00,청량리 제기동 일대 전통시장,청량리 제기동 일대 전통시장,POI081,KEY_2,4134. 제기동 현대아파트 앞,ST-3206,170,17,10,127.0353241,37.57994843
2026-06-15T07:35:36.076220+09:00,청량리 제기동 일대 전통시장,청량리 제기동 일대 전통시장,POI081,KEY_2,4147.청량리역광장,ST-3405,23,8,35,127.04673767,37.58024597
2026-06-15T07:35:36.076220+09:00,청량리 제기동 일대 전통시장,청량리 제기동 일대 전통시장,POI081,KEY_2,4149.제기동역 5번출구,ST-3428,271,19,7,127.03381348,37.5779953
2026-06-15T07:35:36.076220+09:00,DDP(동대문디자인플라자),DDP(동대문디자인플라자),POI083,KEY_4,475.DDP 패션몰,ST-1781,14,3,21,127.0118103,37.56764984
2026-06-15T07:35:36.076220+09:00,DDP(동대문디자인플라자),DDP(동대문디자인플라자),POI083,KEY_4,474.동대문역사문화공원역 1번출구 뒤편,ST-1780,15,6,40,127.00849152,37.56629944
2026-06-15T07:35:36.076220+09:00,DDP(동대문디자인플라자),DDP(동대문디자인플라자),POI083,KEY_4,347. 동대문역사문화공원역 9번출구 앞,ST-163,39,7,18,127.00784302,37.56533051
2026-06-15T07:35:36.076220+09:00,DDP(동대문디자인플라자),DDP(동대문디자인플라자),POI083,KEY_4,4765. 동대문디자인플라자,ST-2431,70,14,20,127.00946045,37.5683136
2026-06-15T07:35:36.076220+09:00,DMC(디지털미디어시티),DMC(디지털미디어시티),POI084,KEY_1,409. 누리꿈스퀘어 옆,ST-86,20,6,30,126.88916016,37.57939911
2026-06-15T07:35:36.076220+09:00,DMC(디지털미디어시티),DMC(디지털미디어시티),POI084,KEY_1,405. DMC빌 앞,ST-80,38,3,8,126.88578796,37.58265686
2026-06-15T07:35:36.076220+09:00,DMC(디지털미디어시티),DMC(디지털미디어시티),POI084,KEY_1,411. DMC홍보관,ST-90,40,4,10,126.89147186,37.5779953
2026-06-15T07:35:36.076220+09:00,DMC(디지털미디어시티),DMC(디지털미디어시티),POI084,KEY_1,412. DMC산학협력연구센터 앞,ST-91,100,21,21,126.89079285,37.57565689
2026-06-15T07:35:36.076220+09:00,DMC(디지털미디어시티),DMC(디지털미디어시티),POI084,KEY_1,425. DMC첨단산업센터,ST-991,40,4,10,126.88559723,37.58450317
2026-06-15T07:35:36.076220+09:00,DMC(디지털미디어시티),DMC(디지털미디어시티),POI084,KEY_1,408. LG CNS앞,ST-84,14,2,14,126.88665009,37.58081055
2026-06-15T07:35:36.076220+09:00,DMC(디지털미디어시티),DMC(디지털미디어시티),POI084,KEY_1,415. DMC역 9번출구 앞,ST-95,60,6,10,126.89736176,37.57746887
2026-06-15T07:35:36.076220+09:00,DMC(디지털미디어시티),DMC(디지털미디어시티),POI084,KEY_1,417. DMC역 2번출구 옆,ST-93,25,5,20,126.8999176,37.57506943
2026-06-15T07:35:36.076220+09:00,DMC(디지털미디어시티),DMC(디지털미디어시티),POI084,KEY_1,489.구룡근린공원,ST-2148,210,21,10,126.88276672,37.58320236
2026-06-15T07:35:36.076220+09:00,DMC(디지털미디어시티),DMC(디지털미디어시티),POI084,KEY_1,414. 상암동주민센터 옆,ST-94,200,16,8,126.89447021,37.57822037
2026-06-15T07:35:36.076220+09:00,DMC(디지털미디어시티),DMC(디지털미디어시티),POI084,KEY_1,3007.MBC 앞,ST-2165,70,7,10,126.89044952,37.58198166
2026-06-15T07:35:36.076220+09:00,DMC(디지털미디어시티),DMC(디지털미디어시티),POI084,KEY_1,3008.DMC역7번출구,ST-2166,60,6,10,126.89836121,37.57711411
2026-06-15T07:35:36.076220+09:00,DMC(디지털미디어시티),DMC(디지털미디어시티),POI084,KEY_1,4214. JTBC 앞,ST-2537,70,7,10,126.8901825,37.57730484
2026-06-15T07:35:36.076220+09:00,DMC(디지털미디어시티),DMC(디지털미디어시티),POI084,KEY_1,4218. 디지털매직스페이스,ST-2974,8,1,13,126.88957977,37.58119965
2026-06-15T07:35:36.076220+09:00,DMC(디지털미디어시티),DMC(디지털미디어시티),POI084,KEY_1,4238. 상암한샘빌딩앞,ST-2981,100,7,7,126.89867401,37.57649231
2026-06-15T07:35:36.076220+09:00,DMC(디지털미디어시티),DMC(디지털미디어시티),POI084,KEY_1,490.가온문화공원,ST-2149,17,4,23,126.88766479,37.58207703
2026-06-15T07:35:36.076220+09:00,가산디지털단지역,가산디지털단지역,POI013,KEY_2,1806. 에이스하이엔드타워9차 앞,ST-621,150,15,10,126.87863922,37.48621368
2026-06-15T07:35:36.076220+09:00,가산디지털단지역,가산디지털단지역,POI013,KEY_2,1812. 갑을그레이트밸리 앞,ST-624,260,26,10,126.88729858,37.47903061
2026-06-15T07:35:36.076220+09:00,가산디지털단지역,가산디지털단지역,POI013,KEY_2,1850. 코오롱테크노밸리,ST-1277,180,18,10,126.8863678,37.48015976
2026-06-15T07:35:36.076220+09:00,가산디지털단지역,가산디지털단지역,POI013,KEY_2,1805. 서울디지털운동장 앞,ST-620,40,4,10,126.87776947,37.48228836
2026-06-15T07:35:36.076220+09:00,가산디지털단지역,가산디지털단지역,POI013,KEY_2,1834. 월드메르디앙 벤처센터 2차,ST-640,90,9,10,126.87904358,37.47908401
2026-06-15T07:35:36.076220+09:00,가산디지털단지역,가산디지털단지역,POI013,KEY_2,1839. 수출의 다리 아래,ST-1140,25,5,20,126.88615417,37.47743607
2026-06-15T07:35:36.076220+09:00,가산디지털단지역,가산디지털단지역,POI013,KEY_2,1867.대륭포스트타워6차 앞,ST-1938,150,45,30,126.8841629,37.48101044
2026-06-15T07:35:36.076220+09:00,가산디지털단지역,가산디지털단지역,POI013,KEY_2,1851. 가산디지털단지 9번출구 인근,ST-1403,190,19,10,126.88148499,37.48123169
2026-06-15T07:35:36.076220+09:00,가산디지털단지역,가산디지털단지역,POI013,KEY_2,1849. 대륭포스트타워5차,ST-1276,170,17,10,126.88694,37.48135376
2026-06-15T07:35:36.076220+09:00,가산디지털단지역,가산디지털단지역,POI013,KEY_2,1835. STX V타워,ST-641,120,12,10,126.88442993,37.47706985
2026-06-15T07:35:36.076220+09:00,가산디지털단지역,가산디지털단지역,POI013,KEY_2,3985. 디폴리스 지식산업센터,ST-2964,30,6,20,126.87680054,37.48017502
2026-06-15T07:35:36.076220+09:00,가산디지털단지역,가산디지털단지역,POI013,KEY_2,3984. 가산롯데아이티캐슬,ST-2999,320,16,5,126.88083649,37.47636795
2026-06-15T07:35:36.076220+09:00,가산디지털단지역,가산디지털단지역,POI013,KEY_2,3989.가산디지털단지역 9번출구 앞,ST-3396,110,11,10,126.88175964,37.48055267
2026-06-15T07:35:36.076220+09:00,강남역,강남역,POI014,KEY_3,2505. 우성아파트사거리 (기업은행앞),ST-1556,133,16,12,127.02953339,37.49325943
2026-06-15T07:35:36.076220+09:00,강남역,강남역,POI014,KEY_3,2421. 신논현역 4번출구,ST-1887,13,2,15,127.02579498,37.504673
2026-06-15T07:35:36.076220+09:00,강남역,강남역,POI014,KEY_3,3628. 역삼1동 주민센터,ST-2689,50,5,10,127.03302765,37.49521255
2026-06-15T07:35:36.076220+09:00,강남역,강남역,POI014,KEY_3,2407. 역삼서초삼성 세무서 앞 (역삼빌딩 앞),ST-1577,140,14,10,127.03011322,37.49847031
2026-06-15T07:35:36.076220+09:00,강남역,강남역,POI014,KEY_3,4349.삼성화재서초타워,ST-3361,267,16,6,127.02896118,37.49446869
2026-06-15T07:35:36.076220+09:00,건대입구역,건대입구역,POI015,KEY_4,501. 광진문화예술회관 앞,ST-98,30,9,30,127.07035065,37.53730774
2026-06-15T07:35:36.076220+09:00,건대입구역,건대입구역,POI015,KEY_4,3533. 건대입구역 사거리(롯데백화점),ST-1660,180,18,10,127.07078552,37.5392952
2026-06-15T07:35:36.076220+09:00,건대입구역,건대입구역,POI015,KEY_4,3534. 건대입구역 5번출구 뒤,ST-1661,120,12,10,127.06956482,37.54008102
2026-06-15T07:35:36.076220+09:00,고덕역,고덕역,POI016,KEY_1,1036. 고덕동 주양쇼핑,ST-1053,120,12,10,127.15331268,37.55199051
2026-06-15T07:35:36.076220+09:00,고덕역,고덕역,POI016,KEY_1,1072.고덕역 5번출구,ST-1833,27,6,22,127.15372467,37.55486298
2026-06-15T07:35:36.076220+09:00,고덕역,고덕역,POI016,KEY_1,1068.명일파출소,ST-1767,20,2,10,127.15622711,37.5536499
2026-06-15T07:35:36.076220+09:00,교대역,교대역,POI018,KEY_3,2239.교대역 6번출구,ST-765,110,11,10,127.01378632,37.49421692
2026-06-15T07:35:36.076220+09:00,교대역,교대역,POI018,KEY_3,2279. 교대역 5번출구뒤,ST-1305,200,16,8,127.01418304,37.49361801
2026-06-15T07:35:36.076220+09:00,구로디지털단지역,구로디지털단지역,POI019,KEY_4,1986. 태평양물산,ST-1521,60,9,15,126.89518738,37.48485947
2026-06-15T07:35:36.076220+09:00,구로디지털단지역,구로디지털단지역,POI019,KEY_4,1911. 구로디지털단지역 앞,ST-668,211,38,18,126.90132141,37.48493958
2026-06-15T07:35:36.076220+09:00,구로디지털단지역,구로디지털단지역,POI019,KEY_4,2801. 대륭포스트타워1차,ST-1753,23,7,30,126.89542389,37.48437119
2026-06-15T07:35:36.076220+09:00,구로디지털단지역,구로디지털단지역,POI019,KEY_4,1955. 디지털입구 교차로,ST-936,230,23,10,126.90103912,37.48288345
2026-06-15T07:35:36.076220+09:00,구로디지털단지역,구로디지털단지역,POI019,KEY_4,1962. 가리봉동주민센터,ST-1224,113,17,15,126.89279938,37.48160172
2026-06-15T07:35:36.076220+09:00,구로디지털단지역,구로디지털단지역,POI019,KEY_4,2110. 조원동 미성아파트,ST-950,211,19,9,126.90203094,37.48319244
2026-06-15T07:35:36.076220+09:00,구로역,구로역,POI020,KEY_1,3919. 구로역·NC신구로점 버스정류장(구로역 방면),ST-3013,57,8,14,126.88237,37.50096512
2026-06-15T07:35:36.076220+09:00,구로역,구로역,POI020,KEY_1,1946. 구로역 광장,ST-873,290,29,10,126.88038635,37.50311661
2026-06-15T07:35:36.076220+09:00,군자역,군자역,POI021,KEY_2,540. 군자역 7번출구 베스트샵 앞,ST-253,88,7,8,127.0786438,37.55603027
2026-06-15T07:35:36.076220+09:00,군자역,군자역,POI021,KEY_2,3500. 군자역2번출구,ST-983,329,23,7,127.07969666,37.55758667
2026-06-15T07:35:36.076220+09:00,군자역,군자역,POI021,KEY_2,3586.군자역 비채온 오피스텔,ST-2325,288,23,8,127.07727051,37.55771255
2026-06-15T07:35:36.076220+09:00,군자역,군자역,POI021,KEY_2,3518. 군자역 7번출구뒤,ST-1263,138,11,8,127.07913971,37.55686188
2026-06-15T07:35:36.076220+09:00,대림역,대림역,POI023,KEY_3,286. 우성아파트 교차로,ST-1652,142,17,12,126.89974976,37.49457169
2026-06-15T07:35:36.076220+09:00,대림역,대림역,POI023,KEY_3,1975. 대림역 1번 출입구 밑,ST-1237,70,7,10,126.8947525,37.49256516
2026-06-15T07:35:36.076220+09:00,대림역,대림역,POI023,KEY_3,1914. 대림역4번출구,ST-918,160,16,10,126.89444733,37.49440384
2026-06-15T07:35:36.076220+09:00,동대문역,동대문역,POI024,KEY_4,457. 종로꽃시장 입구 옆,ST-1610,70,7,10,127.00720978,37.57131958
2026-06-15T07:35:36.076220+09:00,동대문역,동대문역,POI024,KEY_4,393. 동대문역 8번 출구,ST-1372,58,7,12,127.00937653,37.57014084
2026-06-15T07:35:36.076220+09:00,동대문역,동대문역,POI024,KEY_4,3415.동대문역6번출구,ST-1812,107,16,15,127.0107193,37.57147217
2026-06-15T07:35:36.076220+09:00,미아사거리역,미아사거리역,POI026,KEY_2,1574.송중초등학교 옆,ST-2405,50,4,8,127.03049469,37.61669922
2026-06-15T07:35:36.076220+09:00,미아사거리역,미아사거리역,POI026,KEY_2,1546. 송천동우체국,ST-1665,180,18,10,127.02970123,37.61545944
2026-06-15T07:35:36.076220+09:00,미아사거리역,미아사거리역,POI026,KEY_2,1531. 미아사거리 1번 출구,ST-1105,100,10,10,127.03025055,37.61395645
2026-06-15T07:35:36.076220+09:00,미아사거리역,미아사거리역,POI026,KEY_2,4423.현대백화점 미아점,ST-3203,60,6,10,127.02845764,37.60884857
2026-06-15T07:35:36.076220+09:00,발산역,발산역,POI027,KEY_3,1124. 발산역 6번 출구 뒤,ST-522,100,6,6,126.8384552,37.55817795
2026-06-15T07:35:36.076220+09:00,발산역,발산역,POI027,KEY_3,1117. 등촌5단지아파트 버스정류장,ST-834,20,2,10,126.84426117,37.55819702
2026-06-15T07:35:36.076220+09:00,발산역,발산역,POI027,KEY_3,"1153. 발산역 1번, 9번 인근 대여소",ST-1065,3,1,32,126.83717346,37.55894852
2026-06-15T07:35:36.076220+09:00,발산역,발산역,POI027,KEY_3,1197. 엠펠리체 호텔 건너편,ST-1714,120,24,20,126.83546448,37.56026077
2026-06-15T07:35:36.076220+09:00,발산역,발산역,POI027,KEY_3,2721.등촌1-10단지 교차로,ST-2037,83,10,12,126.8393631,37.56320572
2026-06-15T07:35:36.076220+09:00,발산역,발산역,POI027,KEY_3,2717.LG유플러스 마곡사옥,ST-2033,98,61,62,126.83390045,37.56133652
2026-06-15T07:35:36.076220+09:00,발산역,발산역,POI027,KEY_3,3760. 발산역 8번 출구,ST-2538,94,16,17,126.83676147,37.55846024
2026-06-15T07:35:36.076220+09:00,발산역,발산역,POI027,KEY_3,3764. 관문주유소(GS칼택스) 앞,ST-2613,60,6,10,126.84183502,37.55802917
2026-06-15T07:35:36.076220+09:00,발산역,발산역,POI027,KEY_3,2723.마곡 필네이처,ST-2040,100,13,13,126.83669281,37.56089401
2026-06-15T07:35:36.076220+09:00,발산역,발산역,POI027,KEY_3,3759. 이대서울병원,ST-2569,48,12,25,126.83559418,37.5586319
2026-06-15T07:35:36.076220+09:00,발산역,발산역,POI027,KEY_3,2730.마곡메가박스 앞,ST-2047,67,20,30,126.83495331,37.55912781
2026-06-15T07:35:36.076220+09:00,발산역,발산역,POI027,KEY_3,5095. 원당근린공원,ST-3226,229,32,14,126.84147644,37.55947495
2026-06-15T07:35:36.076220+09:00,발산역,발산역,POI027,KEY_3,5061. 우장산동 가곡어린이공원앞,ST-2888,90,9,10,126.83751678,37.55545425
2026-06-15T07:35:36.076220+09:00,사당역,사당역,POI029,KEY_4,2104. 사당역 5번출구,ST-712,85,11,13,126.98133087,37.47608948
2026-06-15T07:35:36.076220+09:00,사당역,사당역,POI029,KEY_4,2089.사당역10번출구(금강빌딩),ST-2362,60,6,10,126.98150635,37.4791069
2026-06-15T07:35:36.076220+09:00,사당역,사당역,POI029,KEY_4,2222.사당역 12번출구 뒤,ST-753,150,15,10,126.98203278,37.47806931
2026-06-15T07:35:36.076220+09:00,사당역,사당역,POI029,KEY_4,2034. 사당역 7번출구쪽,ST-924,53,10,19,126.98057556,37.47689056
2026-06-15T07:35:36.076220+09:00,삼각지역,삼각지역,POI030,KEY_1,848. 삼각지12번 출구,ST-2172,50,4,8,126.97562408,37.53488922
2026-06-15T07:35:36.076220+09:00,삼각지역,삼각지역,POI030,KEY_1,849. 삼각지 자이아파트,ST-2173,80,16,20,126.97341919,37.53607941
2026-06-15T07:35:36.076220+09:00,삼각지역,삼각지역,POI030,KEY_1,4620. 삼각지역 14번 출구 앞(교통섬),ST-2451,113,9,8,126.97408295,37.53528595
2026-06-15T07:35:36.076220+09:00,서울대입구역,서울대입구역,POI031,KEY_2,2111. 서울대입구역 1번출구,ST-965,0,0,10,126.95331573,37.48086929
2026-06-15T07:35:36.076220+09:00,서울대입구역,서울대입구역,POI031,KEY_2,2116. 에이스에이존빌딩,ST-717,144,13,9,126.95082855,37.48170471
2026-06-15T07:35:36.076220+09:00,서울대입구역,서울대입구역,POI031,KEY_2,2171. 서울대입구역 5번출구,ST-1337,29,5,17,126.95200348,37.48154831
2026-06-15T07:35:36.076220+09:00,서울대입구역,서울대입구역,POI031,KEY_2,3311.서울대입구역 4번 출구,ST-2394,58,7,12,126.95157623,37.48122025
2026-06-15T07:35:36.076220+09:00,서울대입구역,서울대입구역,POI031,KEY_2,2128. 관악구청교차로,ST-720,0,0,12,126.95265198,37.47949982
2026-06-15T07:35:36.076220+09:00,서울대입구역,서울대입구역,POI031,KEY_2,2112. 서울대입구역 마에스트로,ST-715,47,7,15,126.95064545,37.4813385
2026-06-15T07:35:36.076220+09:00,서울식물원·마곡나루역,서울식물원·마곡나루역,POI032,KEY_3,2715.마곡나루역 2번 출구,ST-2031,144,36,25,126.82743835,37.56692505
2026-06-15T07:35:36.076220+09:00,서울식물원·마곡나루역,서울식물원·마곡나루역,POI032,KEY_3,2725.서울식물원 식물문화센터,ST-2042,100,20,20,126.83563232,37.56883621
2026-06-15T07:35:36.076220+09:00,서울식물원·마곡나루역,서울식물원·마곡나루역,POI032,KEY_3,2727.서울식물원 잔디마당 앞,ST-2044,60,15,25,126.8306427,37.5639267
2026-06-15T07:35:36.076220+09:00,서울식물원·마곡나루역,서울식물원·마곡나루역,POI032,KEY_3,5098. LG사이언스파크 W4동,ST-3261,5,1,20,126.82978821,37.56403732
2026-06-15T07:35:36.076220+09:00,서울식물원·마곡나루역,서울식물원·마곡나루역,POI032,KEY_3,5097. LG사이언스파크 E2동,ST-3259,40,16,40,126.83208466,37.56381607
2026-06-15T07:35:36.076220+09:00,서울식물원·마곡나루역,서울식물원·마곡나루역,POI032,KEY_3,6177. 마곡롯데캐슬르웨스트,ST-3324,320,32,10,126.82462311,37.56356049
2026-06-15T07:35:36.076220+09:00,서울역,서울역,POI033,KEY_4,435. SK 남산빌딩,ST-1670,190,19,10,126.97561646,37.55686188
2026-06-15T07:35:36.076220+09:00,서울역,서울역,POI033,KEY_4,485.서울역5번출구,ST-1791,70,7,10,126.97319794,37.55677032
2026-06-15T07:35:36.076220+09:00,서울역,서울역,POI033,KEY_4,379. 서울역9번출구,ST-194,29,2,7,126.97330475,37.55580521
2026-06-15T07:35:36.076220+09:00,서울역,서울역,POI033,KEY_4,6062.서울역파출소,ST-3413,20,2,10,126.97183228,37.55709457
2026-06-15T07:35:36.076220+09:00,서울역,서울역,POI033,KEY_4,4794. 서울역 서부교차로(3),ST-2786,88,7,8,126.96942139,37.55540848
2026-06-15T07:35:36.076220+09:00,서울역,서울역,POI033,KEY_4,4760. 서울역 7번출구,ST-2430,20,2,10,126.97364044,37.55664444
2026-06-15T07:35:36.076220+09:00,선릉역,선릉역,POI034,KEY_1,2369. KT선릉타워,ST-1178,10,2,20,127.0528717,37.50542831
2026-06-15T07:35:36.076220+09:00,선릉역,선릉역,POI034,KEY_1,2328. 르네상스 호텔 사거리 역삼지하보도 7번출구 앞,ST-811,190,19,10,127.04273224,37.50321198
2026-06-15T07:35:36.076220+09:00,선릉역,선릉역,POI034,KEY_1,2319. 포스코사거리 서측(수협 삼성동 지점),ST-802,20,2,10,127.05467987,37.50660706
2026-06-15T07:35:36.076220+09:00,선릉역,선릉역,POI034,KEY_1,2332. 선릉역3번출구,ST-815,38,3,8,127.04903412,37.50410461
2026-06-15T07:35:36.076220+09:00,선릉역,선릉역,POI034,KEY_1,2329. 르네상스호텔사거리 역삼지하보도 2번출구,ST-812,30,3,10,127.04319,37.50235748
2026-06-15T07:35:36.076220+09:00,성신여대입구역,성신여대입구역,POI035,KEY_2,1385.성신여대입구역 3번출구 앞,ST-2226,170,17,10,127.01628876,37.59236526
2026-06-15T07:35:36.076220+09:00,성신여대입구역,성신여대입구역,POI035,KEY_2,1384.성신여대입구역 5번출구,ST-2225,231,30,13,127.01628876,37.59282684
2026-06-15T07:35:36.076220+09:00,성신여대입구역,성신여대입구역,POI035,KEY_2,1337. 돈암성당 옆,ST-1201,54,7,13,127.01716614,37.59039307
2026-06-15T07:35:36.076220+09:00,수유역,수유역,POI036,KEY_3,1512. 강북중학교 앞,ST-862,85,17,20,127.02656555,37.64473724
2026-06-15T07:35:36.076220+09:00,수유역,수유역,POI036,KEY_3,1526. 강북종합시장 앞,ST-1100,75,6,8,127.02462769,37.64173889
2026-06-15T07:35:36.076220+09:00,수유역,수유역,POI036,KEY_3,1520. 수유중앙시장,ST-650,271,19,7,127.022789,37.63986206
2026-06-15T07:35:36.076220+09:00,수유역,수유역,POI036,KEY_3,1503. 강북구청사거리(수유역 8번출구),ST-643,107,15,14,127.02672577,37.63926315
2026-06-15T07:35:36.076220+09:00,수유역,수유역,POI036,KEY_3,1552. 강북구청사거리,ST-2125,25,2,8,127.02723694,37.63920212
2026-06-15T07:35:36.076220+09:00,수유역,수유역,POI036,KEY_3,1530. 광산사거리,ST-1104,108,14,13,127.0223465,37.64355087
2026-06-15T07:35:36.076220+09:00,수유역,수유역,POI036,KEY_3,1535. 효성인텔리안 앞,ST-1109,30,3,10,127.02337646,37.6362915
2026-06-15T07:35:36.076220+09:00,수유역,수유역,POI036,KEY_3,1569.수유역2번출구,ST-2137,10,1,10,127.02590179,37.63796997
2026-06-15T07:35:36.076220+09:00,숭례문,숭례문,POI131,KEY_4,445.대한상공회의소,ST-1771,47,7,15,126.97410583,37.56015396
2026-06-15T07:35:36.076220+09:00,숭례문,숭례문,POI131,KEY_4,6060. 신한은행 본점,ST-3342,75,6,8,126.97480774,37.56077576
2026-06-15T07:35:36.076220+09:00,시의회 앞,시의회 앞,POI130,KEY_1,6058. 시청역 2번출구,ST-3297,7,1,15,126.97702026,37.56557846
2026-06-15T07:35:36.076220+09:00,시의회 앞,시의회 앞,POI130,KEY_1,310. 청계광장 옆,ST-126,25,2,8,126.9774704,37.56887817
2026-06-15T07:35:36.076220+09:00,신논현역·논현역,신논현역·논현역,POI037,KEY_2,2542.신논현타워 앞,ST-1926,20,2,10,127.02391052,37.50508881
2026-06-15T07:35:36.076220+09:00,신논현역·논현역,신논현역·논현역,POI037,KEY_2,2302. 교보타워 버스정류장(신논현역 3번출구 후면),ST-787,50,5,10,127.02427673,37.5055809
2026-06-15T07:35:36.076220+09:00,신논현역·논현역,신논현역·논현역,POI037,KEY_2,4347. 논현지하보도,ST-3332,80,8,10,127.02232361,37.50836945
2026-06-15T07:35:36.076220+09:00,신림역,신림역,POI039,KEY_4,2175. 신림동걷고싶은문화의거리입구,ST-1270,86,6,7,126.92870331,37.48730087
2026-06-15T07:35:36.076220+09:00,신림역,신림역,POI039,KEY_4,2102. 봉림교 교통섬,ST-702,123,16,13,126.92688751,37.48408508
2026-06-15T07:35:36.076220+09:00,신림역,신림역,POI039,KEY_4,2136. 신림역 8번출구,ST-976,125,10,8,126.93006897,37.48450851
2026-06-15T07:35:36.076220+09:00,신정네거리역,신정네거리역,POI117,KEY_1,722. 경서농협 버스정류장(우리은행신정동지점방향),ST-993,130,13,10,126.85738373,37.52151108
2026-06-15T07:35:36.076220+09:00,신정네거리역,신정네거리역,POI117,KEY_1,706. 신정네거리역,ST-313,113,17,15,126.85175323,37.5218811
2026-06-15T07:35:36.076220+09:00,신정네거리역,신정네거리역,POI117,KEY_1,4510. 신정네거리역 교차로,ST-2762,15,2,13,126.85228729,37.52175903
2026-06-15T07:35:36.076220+09:00,신정네거리역,신정네거리역,POI117,KEY_1,4509. 서울영상고교 입구,ST-2761,180,27,15,126.85928345,37.52198029
2026-06-15T07:35:36.076220+09:00,신정네거리역,신정네거리역,POI117,KEY_1,4507. 신정제일시장,ST-2759,80,8,10,126.85499573,37.52122498
2026-06-15T07:35:36.076220+09:00,신촌·이대역,신촌·이대역,POI040,KEY_2,134. 연세로 명물길,ST-36,113,9,8,126.93807983,37.55789185
2026-06-15T07:35:36.076220+09:00,신촌·이대역,신촌·이대역,POI040,KEY_2,128. 신촌역(2호선) 1번출구 옆,ST-30,5,1,19,126.93634033,37.55549622
2026-06-15T07:35:36.076220+09:00,신촌·이대역,신촌·이대역,POI040,KEY_2,129. 신촌역(2호선) 6번출구 옆,ST-31,70,7,10,126.93756866,37.55505371
2026-06-15T07:35:36.076220+09:00,신촌·이대역,신촌·이대역,POI040,KEY_2,130. 신촌역(2호선) 7번출구 앞,ST-32,30,3,10,126.93626404,37.5550499
2026-06-15T07:35:36.076220+09:00,신촌·이대역,신촌·이대역,POI040,KEY_2,135. 명물길 원형무대 앞,ST-37,80,8,10,126.93984222,37.55922699
2026-06-15T07:35:36.076220+09:00,신촌·이대역,신촌·이대역,POI040,KEY_2,137. 신촌기차역입구 교차로,ST-39,10,1,10,126.9431839,37.55681229
2026-06-15T07:35:36.076220+09:00,신촌·이대역,신촌·이대역,POI040,KEY_2,150. 서강대역 2번출구 앞,ST-207,7,1,15,126.93434143,37.55295563
2026-06-15T07:35:36.076220+09:00,신촌·이대역,신촌·이대역,POI040,KEY_2,3116.신촌역 4번출구,ST-2201,0,0,10,126.93720245,37.55550385
2026-06-15T07:35:36.076220+09:00,신촌·이대역,신촌·이대역,POI040,KEY_2,4248. 신촌 교보빌딩,ST-3021,0,0,10,126.94034576,37.5560112
2026-06-15T07:35:36.076220+09:00,신촌·이대역,신촌·이대역,POI040,KEY_2,4274. 신촌 파랑고래 입구,ST-3140,10,1,10,126.93603516,37.55687714
2026-06-15T07:35:36.076220+09:00,쌍문역,쌍문역,POI070,KEY_3,1709. 쌍문역4번출구 주변,ST-616,124,21,17,127.03534698,37.65012741
2026-06-15T07:35:36.076220+09:00,쌍문역,쌍문역,POI070,KEY_3,1774.정의여중고 버스정류소,ST-2119,250,20,8,127.034729,37.65134811
2026-06-15T07:35:36.076220+09:00,쌍문역,쌍문역,POI070,KEY_3,1754. 창동시장입구 사거리,ST-2099,64,7,11,127.03343201,37.64689636
2026-06-15T07:35:36.076220+09:00,쌍문역,쌍문역,POI070,KEY_3,4054. 창동한신아파트 버스정류소,ST-2722,260,26,10,127.03527069,37.64601898
2026-06-15T07:35:36.076220+09:00,양재역,양재역,POI041,KEY_4,2333. 양재역 3번출구 주변,ST-816,64,9,14,127.03407288,37.48515701
2026-06-15T07:35:36.076220+09:00,양재역,양재역,POI041,KEY_4,2242.양재역 10번 출구 앞,ST-767,0,0,20,127.03417969,37.48398972
2026-06-15T07:35:36.076220+09:00,양재역,양재역,POI041,KEY_4,2293. SPC 앞,ST-1360,60,6,10,127.03699493,37.48479843
2026-06-15T07:35:36.076220+09:00,양재역,양재역,POI041,KEY_4,4329. SC제일은행 양재동지점 앞,ST-2962,125,10,8,127.03315735,37.48573685
2026-06-15T07:35:36.076220+09:00,역삼역,역삼역,POI042,KEY_1,2410. 포스코피앤에스타워 (역삼역 3번출구 부근),ST-1680,70,7,10,127.03375244,37.49959946
2026-06-15T07:35:36.076220+09:00,역삼역,역삼역,POI042,KEY_1,2430.강남파이낸스센터앞(역삼역2번출구),ST-1896,120,12,10,127.03605652,37.50024414
2026-06-15T07:35:36.076220+09:00,역삼역,역삼역,POI042,KEY_1,2349. 역삼빌딩 앞(하나은행 옆),ST-959,67,8,12,127.03856659,37.50154495
2026-06-15T07:35:36.076220+09:00,연신내역,연신내역,POI043,KEY_2,906. 연신내역 5번출구,ST-454,213,17,8,126.91957855,37.61721039
2026-06-15T07:35:36.076220+09:00,연신내역,연신내역,POI043,KEY_2,949. 연신내역 1번 출구,ST-1035,433,26,6,126.92080688,37.61978149
2026-06-15T07:35:36.076220+09:00,연신내역,연신내역,POI043,KEY_2,922. 연신내역 4번출구,ST-470,10,1,10,126.92196655,37.61780167
2026-06-15T07:35:36.076220+09:00,오목교역·목동운동장,오목교역·목동운동장,POI044,KEY_3,756. 목동주차장,ST-1497,53,8,15,126.8761673,37.52667999
2026-06-15T07:35:36.076220+09:00,오목교역·목동운동장,오목교역·목동운동장,POI044,KEY_3,723. SBS방송국,ST-994,153,23,15,126.87274933,37.52916336
2026-06-15T07:35:36.076220+09:00,오목교역·목동운동장,오목교역·목동운동장,POI044,KEY_3,771.목동아파트 703동 앞,ST-1997,113,9,8,126.87016296,37.52820587
2026-06-15T07:35:36.076220+09:00,오목교역·목동운동장,오목교역·목동운동장,POI044,KEY_3,792.목동트라팰리스 웨스턴에비뉴,ST-2017,15,3,20,126.8709259,37.52537155
2026-06-15T07:35:36.076220+09:00,오목교역·목동운동장,오목교역·목동운동장,POI044,KEY_3,769.CBS방송국 앞,ST-1995,260,52,20,126.87467194,37.52785492
2026-06-15T07:35:36.076220+09:00,오목교역·목동운동장,오목교역·목동운동장,POI044,KEY_3,748. 목동운동장,ST-1019,67,10,15,126.87930298,37.53025055
2026-06-15T07:35:36.076220+09:00,오목교역·목동운동장,오목교역·목동운동장,POI044,KEY_3,762. 오목로 무중력지대 앞,ST-1503,130,13,10,126.87766266,37.52474213
2026-06-15T07:35:36.076220+09:00,오목교역·목동운동장,오목교역·목동운동장,POI044,KEY_3,731. 서울시 도로환경관리센터,ST-1002,70,7,10,126.87654114,37.5298996
2026-06-15T07:35:36.076220+09:00,오목교역·목동운동장,오목교역·목동운동장,POI044,KEY_3,791.현대하이페리온,ST-2016,200,30,15,126.86980438,37.52490234
2026-06-15T07:35:36.076220+09:00,오목교역·목동운동장,오목교역·목동운동장,POI044,KEY_3,765. 오목교역 3번출구,ST-1731,108,13,12,126.87548065,37.52477646
2026-06-15T07:35:36.076220+09:00,오목교역·목동운동장,오목교역·목동운동장,POI044,KEY_3,703. 오목교역 7번출구 앞,ST-311,125,15,12,126.87524414,37.52362823
2026-06-15T07:35:36.076220+09:00,오목교역·목동운동장,오목교역·목동운동장,POI044,KEY_3,747. 목동3단지 상가,ST-1018,30,3,10,126.8756485,37.53458023
2026-06-15T07:35:36.076220+09:00,오목교역·목동운동장,오목교역·목동운동장,POI044,KEY_3,4532. 목동현대아파트 후문 앞,ST-2879,130,13,10,126.87805939,37.5221405
2026-06-15T07:35:36.076220+09:00,오목교역·목동운동장,오목교역·목동운동장,POI044,KEY_3,4543. 오목교역 6번 출구,ST-3163,211,19,9,126.87567139,37.5236702
2026-06-15T07:35:36.076220+09:00,오목교역·목동운동장,오목교역·목동운동장,POI044,KEY_3,4546. 목동운동장 주경기장,ST-3227,223,67,30,126.88307953,37.52937698
2026-06-15T07:35:36.076220+09:00,오목교역·목동운동장,오목교역·목동운동장,POI044,KEY_3,4514. 목동성당 앞,ST-2764,65,13,20,126.86930084,37.52319717
2026-06-15T07:35:36.076220+09:00,왕십리역,왕십리역,POI045,KEY_4,558. 성동광진 교육지원청 앞,ST-359,85,17,20,127.03652191,37.56460571
2026-06-15T07:35:36.076220+09:00,왕십리역,왕십리역,POI045,KEY_4,525. 한양대병원사거리,ST-241,25,5,20,127.04035187,37.55805206
2026-06-15T07:35:36.076220+09:00,왕십리역,왕십리역,POI045,KEY_4,559. 왕십리역 4번 출구 건너편,ST-360,38,5,13,127.03679657,37.56109619
2026-06-15T07:35:36.076220+09:00,왕십리역,왕십리역,POI045,KEY_4,3561.행당동 삼부APT후문,ST-2343,50,5,10,127.03839874,37.55926895
2026-06-15T07:35:36.076220+09:00,왕십리역,왕십리역,POI045,KEY_4,3545.한양대역 1번출구,ST-2327,50,5,10,127.04335785,37.55657959
2026-06-15T07:35:36.076220+09:00,용산역,용산역,POI046,KEY_1,806. 전자랜드 본관 앞,ST-327,30,6,20,126.96073151,37.5330658
2026-06-15T07:35:36.076220+09:00,용산역,용산역,POI046,KEY_1,845. 용산 선인상가,ST-1615,31,5,16,126.96437836,37.53269958
2026-06-15T07:35:36.076220+09:00,용산역,용산역,POI046,KEY_1,853.용산역 맞은편,ST-2177,47,9,19,126.96595001,37.52841568
2026-06-15T07:35:36.076220+09:00,용산역,용산역,POI046,KEY_1,4617. 동원베네스트 건너편,ST-2448,100,6,6,126.95511627,37.52761078
2026-06-15T07:35:36.076220+09:00,용산역,용산역,POI046,KEY_1,4616. 신용산지하차도 앞,ST-2447,13,2,15,126.96411896,37.53248215
2026-06-15T07:35:36.076220+09:00,잠실새내역,잠실새내역,POI118,KEY_3,1224. 아시아지하보도 2번 출구,ST-548,47,7,15,127.07893372,37.51216888
2026-06-15T07:35:36.076220+09:00,잠실새내역,잠실새내역,POI118,KEY_3,1222. 잠실새내역 5번 출구 뒤,ST-547,52,12,23,127.08505249,37.51198196
2026-06-15T07:35:36.076220+09:00,잠실새내역,잠실새내역,POI118,KEY_3,2635.잠실새내역 1번출구,ST-1862,43,9,21,127.08673859,37.51129532
2026-06-15T07:35:36.076220+09:00,잠실새내역,잠실새내역,POI118,KEY_3,2637. 아시아지하보도 14번 출구,ST-1864,67,10,15,127.07881165,37.51146317
2026-06-15T07:35:36.076220+09:00,잠실역,잠실역,POI119,KEY_4,1210. 롯데월드타워(잠실역2번출구 쪽),ST-891,57,17,30,127.10095978,37.51312637
2026-06-15T07:35:36.076220+09:00,잠실역,잠실역,POI119,KEY_4,1231. 잠실역 6번출구,ST-840,169,22,13,127.09902954,37.51408768
2026-06-15T07:35:36.076220+09:00,잠실역,잠실역,POI119,KEY_4,2647.잠실 자전거 수리센터 앞,ST-1868,129,9,7,127.10114288,37.51100922
2026-06-15T07:35:36.076220+09:00,잠실역,잠실역,POI119,KEY_4,1232. 잠실주공 521동 건너편,ST-550,110,11,10,127.09568787,37.51184082
2026-06-15T07:35:36.076220+09:00,장지역,장지역,POI048,KEY_1,1244. 문정 법조단지8,ST-904,82,9,11,127.12212372,37.48153687
2026-06-15T07:35:36.076220+09:00,장지역,장지역,POI048,KEY_1,1246. 문정 법조단지10,ST-906,53,16,30,127.12632751,37.47750854
2026-06-15T07:35:36.076220+09:00,장지역,장지역,POI048,KEY_1,1266. 문정동 글샘 공원,ST-1085,0,0,10,127.12000275,37.47880936
2026-06-15T07:35:36.076220+09:00,장지역,장지역,POI048,KEY_1,1247. 문정 법조단지11,ST-907,7,1,15,127.12351227,37.4788208
2026-06-15T07:35:36.076220+09:00,장지역,장지역,POI048,KEY_1,1245. 문정 법조단지9,ST-905,40,4,10,127.12532806,37.47946548
2026-06-15T07:35:36.076220+09:00,장지역,장지역,POI048,KEY_1,4885. 가든파이브 리빙관,ST-2985,113,9,8,127.123703,37.47709656
2026-06-15T07:35:36.076220+09:00,장지역,장지역,POI048,KEY_1,4491. 장지역 1번출구,ST-2599,90,9,10,127.12678528,37.47953415
2026-06-15T07:35:36.076220+09:00,장한평역,장한평역,POI049,KEY_2,529. 장한평역 8번 출구 앞,ST-243,375,30,8,127.06365967,37.56137085
2026-06-15T07:35:36.076220+09:00,장한평역,장한평역,POI049,KEY_2,626. 군자교 서측 녹지대,ST-394,265,45,17,127.07096863,37.56115341
2026-06-15T07:35:36.076220+09:00,장한평역,장한평역,POI049,KEY_2,4105. 서울교통공사사거리 교통섬,ST-2499,190,19,10,127.05799103,37.56324005
2026-06-15T07:35:36.076220+09:00,장한평역,장한평역,POI049,KEY_2,4385. 용답동 우체국 주변,ST-3099,180,9,5,127.06151581,37.56168747
2026-06-15T07:35:36.076220+09:00,천호역,천호역,POI050,KEY_3,1264. 천호역 10번 출구 앞,ST-1083,200,16,8,127.12280273,37.53858185
2026-06-15T07:35:36.076220+09:00,천호역,천호역,POI050,KEY_3,1009. 천호역4번출구(현대백화점),ST-493,90,18,20,127.12424469,37.53866577
2026-06-15T07:35:36.076220+09:00,천호역,천호역,POI050,KEY_3,3657. 서울천호동우체국,ST-2732,400,40,10,127.12576294,37.54074097
2026-06-15T07:35:36.076220+09:00,총신대입구(이수)역,총신대입구(이수)역,POI051,KEY_4,2264. 이수역 1번출구,ST-935,44,4,9,126.98271942,37.48897171
2026-06-15T07:35:36.076220+09:00,총신대입구(이수)역,총신대입구(이수)역,POI051,KEY_4,2091. 이수역9번출구,ST-2364,260,39,15,126.98059082,37.48470306
2026-06-15T07:35:36.076220+09:00,총신대입구(이수)역,총신대입구(이수)역,POI051,KEY_4,2511. 이수역 6번출구 앞,ST-1739,150,15,10,126.98234558,37.48398972
2026-06-15T07:35:36.076220+09:00,총신대입구(이수)역,총신대입구(이수)역,POI051,KEY_4,2082.7호선 이수역7번출구,ST-2355,100,10,10,126.98179626,37.4846077
2026-06-15T07:35:36.076220+09:00,총신대입구(이수)역,총신대입구(이수)역,POI051,KEY_4,2032. 이수역 11번출구쪽,ST-923,270,27,10,126.98162079,37.48550797
2026-06-15T07:35:36.076220+09:00,충정로역,충정로역,POI052,KEY_1,180. 충정로역 7번출구 아래,ST-233,30,3,10,126.96246338,37.55996704
2026-06-15T07:35:36.076220+09:00,충정로역,충정로역,POI052,KEY_1,3114.충정로역 3번 출구,ST-2198,0,0,7,126.96552277,37.56046295
2026-06-15T07:35:36.076220+09:00,충정로역,충정로역,POI052,KEY_1,3134.SK리쳄블(서울아리수본부),ST-2219,0,0,10,126.96658325,37.56131744
2026-06-15T07:35:36.076220+09:00,충정로역,충정로역,POI052,KEY_1,4752. 삼성사이버빌리지아파트,ST-2624,14,1,7,126.96485901,37.55891418
2026-06-15T07:35:36.076220+09:00,충정로역,충정로역,POI052,KEY_1,4266.국민연금공단충정로사옥,ST-3027,33,3,9,126.96414948,37.56184769
2026-06-15T07:35:36.076220+09:00,충정로역,충정로역,POI052,KEY_1,4801. 충정로역 2호선(엘리베이터 앞),ST-3053,0,0,5,126.96414185,37.55937576
2026-06-15T07:35:36.076220+09:00,충정로역,충정로역,POI052,KEY_1,4271. 충정로역 1번 출구,ST-3107,57,4,7,126.96305847,37.55942535
2026-06-15T07:35:36.076220+09:00,합정역,합정역,POI053,KEY_2,106. 합정역 7번출구 앞,ST-8,17,2,12,126.91282654,37.54864502
2026-06-15T07:35:36.076220+09:00,합정역,합정역,POI053,KEY_2,105. 합정역 5번출구 앞,ST-7,20,1,5,126.91482544,37.55000687
2026-06-15T07:35:36.076220+09:00,합정역,합정역,POI053,KEY_2,497.합정동주민센터 앞,ST-2156,8,2,25,126.91230011,37.551754
2026-06-15T07:35:36.076220+09:00,합정역,합정역,POI053,KEY_2,4211. 시석빌딩 앞,ST-2534,0,0,8,126.91671753,37.54836655
2026-06-15T07:35:36.076220+09:00,혜화역,혜화역,POI054,KEY_3,341. 혜화역 3번출구 뒤,ST-157,63,5,8,127.00178528,37.58156967
2026-06-15T07:35:36.076220+09:00,혜화역,혜화역,POI054,KEY_3,342. 대학로 마로니에공원,ST-158,23,5,22,127.00234222,37.58044434
2026-06-15T07:35:36.076220+09:00,혜화역,혜화역,POI054,KEY_3,358. 성균관대입구 사거리 A,ST-173,8,1,13,126.99853516,37.58250046
2026-06-15T07:35:36.076220+09:00,혜화역,혜화역,POI054,KEY_3,3420. 성균관대입구 사거리 B,ST-1817,10,1,10,126.99885559,37.58327484
2026-06-15T07:35:36.076220+09:00,혜화역,혜화역,POI054,KEY_3,3421.혜화역 1번출구,ST-1818,0,0,10,127.00185394,37.58385468
2026-06-15T07:35:36.076220+09:00,혜화역,혜화역,POI054,KEY_3,3419.국립어린이과학관,ST-1816,0,0,14,126.99736786,37.58194733
2026-06-15T07:35:36.076220+09:00,홍대입구역(2호선),홍대입구역(2호선),POI055,KEY_4,113. 홍대입구역 2번출구 앞,ST-18,68,19,28,126.9238205,37.5574379
2026-06-15T07:35:36.076220+09:00,홍대입구역(2호선),홍대입구역(2호선),POI055,KEY_4,114. 홍대입구역 8번출구 앞,ST-20,27,4,15,126.92442322,37.55706024
2026-06-15T07:35:36.076220+09:00,회기역,회기역,POI056,KEY_1,680.꿈마루어린이도서관 앞,ST-2280,68,15,22,127.05741119,37.59238434
2026-06-15T07:35:36.076220+09:00,회기역,회기역,POI056,KEY_1,670.삼육서울병원 버스정류장,ST-2270,133,12,9,127.06151581,37.5896759
2026-06-15T08:36:47.908592+09:00,광화문·덕수궁,광화문·덕수궁,POI009,KEY_2,391. 시립미술관,ST-977,75,6,8,126.97340393,37.56505203
2026-06-15T08:36:47.908592+09:00,광화문·덕수궁,광화문·덕수궁,POI009,KEY_2,310. 청계광장 옆,ST-126,138,11,8,126.9774704,37.56887817
2026-06-15T08:36:47.908592+09:00,광화문·덕수궁,광화문·덕수궁,POI009,KEY_2,4796. 서울시청,ST-2693,20,4,20,126.97925568,37.5664711
2026-06-15T08:36:47.908592+09:00,광화문·덕수궁,광화문·덕수궁,POI009,KEY_2,4719. 종로문화원 건너편,ST-3090,27,4,15,126.9805069,37.57571411
2026-06-15T08:36:47.908592+09:00,광화문·덕수궁,광화문·덕수궁,POI009,KEY_2,6058. 시청역 2번출구,ST-3297,0,0,15,126.97702026,37.56557846
2026-06-15T08:36:47.908592+09:00,보신각,보신각,POI010,KEY_3,316. 종각역 1번출구 앞,ST-132,88,7,8,126.98178864,37.57039642
2026-06-15T08:36:47.908592+09:00,보신각,보신각,POI010,KEY_3,385. 종각역 5번출구,ST-336,30,3,10,126.98265839,37.56983566
2026-06-15T08:36:47.908592+09:00,보신각,보신각,POI010,KEY_3,3408.종로타워빌딩,ST-1805,0,0,13,126.98323822,37.57070541
2026-06-15T08:36:47.908592+09:00,보신각,보신각,POI010,KEY_3,4708. 조계사앞사거리,ST-2472,117,7,6,126.98283386,37.5721817
2026-06-15T08:36:47.908592+09:00,서울 암사동 유적,서울 암사동 유적,POI011,KEY_4,1007.암사동 선사유적지,ST-491,29,4,14,127.13087463,37.55955887
2026-06-15T08:36:47.908592+09:00,서울 암사동 유적,서울 암사동 유적,POI011,KEY_4,3539. 서원마을,ST-1686,150,15,10,127.13283539,37.56379318
2026-06-15T08:36:47.908592+09:00,창덕궁·종묘,창덕궁·종묘,POI012,KEY_1,337. 창경궁 입구,ST-153,160,8,5,126.99647522,37.57897949
2026-06-15T08:36:47.908592+09:00,창덕궁·종묘,창덕궁·종묘,POI012,KEY_1,338. 세운스퀘어 앞,ST-154,6,1,18,126.99712372,37.57095718
2026-06-15T08:36:47.908592+09:00,창덕궁·종묘,창덕궁·종묘,POI012,KEY_1,359. 원남동사거리,ST-174,125,10,8,126.99768066,37.57606125
2026-06-15T08:36:47.908592+09:00,창덕궁·종묘,창덕궁·종묘,POI012,KEY_1,3411.종묘,ST-1808,11,1,9,126.99437714,37.57072067
2026-06-15T08:36:47.908592+09:00,창덕궁·종묘,창덕궁·종묘,POI012,KEY_1,3410.종로3가역 8번출구,ST-1807,0,0,10,126.99188995,37.5724678
2026-06-15T08:36:47.908592+09:00,창덕궁·종묘,창덕궁·종묘,POI012,KEY_1,3413.종로플레이스,ST-1810,86,19,22,126.99796295,37.57320023
2026-06-15T08:36:47.908592+09:00,창덕궁·종묘,창덕궁·종묘,POI012,KEY_1,339. 종로4가 사거리,ST-155,20,2,10,126.99819183,37.57106781
2026-06-15T08:36:47.908592+09:00,동대문 관광특구,동대문 관광특구,POI002,KEY_3,383. 신당역 12번 출구 뒤,ST-198,117,28,24,127.01642609,37.56591797
2026-06-15T08:36:47.908592+09:00,동대문 관광특구,동대문 관광특구,POI002,KEY_3,474.동대문역사문화공원역 1번출구 뒤편,ST-1780,40,16,40,127.00849152,37.56629944
2026-06-15T08:36:47.908592+09:00,동대문 관광특구,동대문 관광특구,POI002,KEY_3,346. 맥스타일 앞,ST-162,100,10,10,127.01014709,37.5689621
2026-06-15T08:36:47.908592+09:00,동대문 관광특구,동대문 관광특구,POI002,KEY_3,475.DDP 패션몰,ST-1781,14,3,21,127.0118103,37.56764984
2026-06-15T08:36:47.908592+09:00,동대문 관광특구,동대문 관광특구,POI002,KEY_3,347. 동대문역사문화공원역 9번출구 앞,ST-163,39,7,18,127.00784302,37.56533051
2026-06-15T08:36:47.908592+09:00,동대문 관광특구,동대문 관광특구,POI002,KEY_3,4765. 동대문디자인플라자,ST-2431,85,17,20,127.00946045,37.5683136
2026-06-15T08:36:47.908592+09:00,동대문 관광특구,동대문 관광특구,POI002,KEY_3,6061.충무아트센터,ST-3381,120,12,10,127.01522064,37.56538773
2026-06-15T08:36:47.908592+09:00,명동 관광특구,명동 관광특구,POI003,KEY_4,320. 을지로입구역 4번출구 앞,ST-136,29,5,17,126.98358917,37.56622314
2026-06-15T08:36:47.908592+09:00,명동 관광특구,명동 관광특구,POI003,KEY_4,310. 청계광장 옆,ST-126,138,11,8,126.9774704,37.56887817
2026-06-15T08:36:47.908592+09:00,명동 관광특구,명동 관광특구,POI003,KEY_4,318. 광교사거리 남측,ST-134,60,6,10,126.98231506,37.56863403
2026-06-15T08:36:47.908592+09:00,명동 관광특구,명동 관광특구,POI003,KEY_4,321. KEB 하나금융그룹 명동사옥 옆,ST-137,7,1,15,126.98413849,37.56546402
2026-06-15T08:36:47.908592+09:00,명동 관광특구,명동 관광특구,POI003,KEY_4,433. 을지로입구역 2번출구,ST-1668,8,1,12,126.98229218,37.56634521
2026-06-15T08:36:47.908592+09:00,명동 관광특구,명동 관광특구,POI003,KEY_4,322. 명동성당 앞,ST-138,0,0,10,126.98696899,37.56447601
2026-06-15T08:36:47.908592+09:00,명동 관광특구,명동 관광특구,POI003,KEY_4,324. 신세계백화점 본점 앞,ST-140,100,8,8,126.9805069,37.56134415
2026-06-15T08:36:47.908592+09:00,명동 관광특구,명동 관광특구,POI003,KEY_4,466.롯데호텔,ST-1772,31,4,13,126.97981262,37.56584167
2026-06-15T08:36:47.908592+09:00,명동 관광특구,명동 관광특구,POI003,KEY_4,398. 을지로3가역 3번출구,ST-1435,0,0,8,126.99249268,37.56660461
2026-06-15T08:36:47.908592+09:00,명동 관광특구,명동 관광특구,POI003,KEY_4,331. 을지로2가 사거리 북측,ST-147,90,9,10,126.98720551,37.56638336
2026-06-15T08:36:47.908592+09:00,명동 관광특구,명동 관광특구,POI003,KEY_4,3013.서울지방고용노동청 앞,ST-2422,629,44,7,126.98725891,37.56760406
2026-06-15T08:36:47.908592+09:00,명동 관광특구,명동 관광특구,POI003,KEY_4,4791. 명동역9번 출구,ST-2527,10,1,10,126.98749542,37.56122589
2026-06-15T08:36:47.908592+09:00,명동 관광특구,명동 관광특구,POI003,KEY_4,4774. 을지로입구역 8번출구,ST-2520,33,3,9,126.98178101,37.56590271
2026-06-15T08:36:47.908592+09:00,명동 관광특구,명동 관광특구,POI003,KEY_4,4776. 신세계면세점,ST-2522,40,4,10,126.98139191,37.56027603
2026-06-15T08:36:47.908592+09:00,명동 관광특구,명동 관광특구,POI003,KEY_4,4796. 서울시청,ST-2693,20,4,20,126.97925568,37.5664711
2026-06-15T08:36:47.908592+09:00,명동 관광특구,명동 관광특구,POI003,KEY_4,6058. 시청역 2번출구,ST-3297,0,0,15,126.97702026,37.56557846
2026-06-15T08:36:47.908592+09:00,명동 관광특구,명동 관광특구,POI003,KEY_4,4775. 을지로지하쇼핑센터,ST-2521,10,1,10,126.98445129,37.56589127
2026-06-15T08:36:47.908592+09:00,명동 관광특구,명동 관광특구,POI003,KEY_4,4762. 국제빌딩,ST-2517,10,1,10,126.98244476,37.56694794
2026-06-15T08:36:47.908592+09:00,이태원 관광특구,이태원 관광특구,POI004,KEY_1,857. 현대 안성타워,ST-2181,10,1,10,126.99797058,37.53508759
2026-06-15T08:36:47.908592+09:00,이태원 관광특구,이태원 관광특구,POI004,KEY_1,854.HID 유족동지회 앞,ST-2178,0,0,10,127.0014801,37.53850937
2026-06-15T08:36:47.908592+09:00,이태원 관광특구,이태원 관광특구,POI004,KEY_1,843. 이태원관광특구 입구(용산구청방향),ST-1445,0,0,19,126.98867035,37.53379822
2026-06-15T08:36:47.908592+09:00,이태원 관광특구,이태원 관광특구,POI004,KEY_1,4634. 이태원역 3번 출구,ST-3056,40,2,5,126.99497223,37.5343895
2026-06-15T08:36:47.908592+09:00,이태원 관광특구,이태원 관광특구,POI004,KEY_1,4623. 라인프랜즈이태원점 앞,ST-2453,0,0,10,126.99619293,37.53453064
2026-06-15T08:36:47.908592+09:00,이태원 관광특구,이태원 관광특구,POI004,KEY_1,4613. 서울갤러리아 앞,ST-2445,0,0,5,126.99937439,37.53597641
2026-06-15T08:36:47.908592+09:00,이태원 관광특구,이태원 관광특구,POI004,KEY_1,4612. 이태원로 255,ST-2444,20,1,5,127.00084686,37.53749847
2026-06-15T08:36:47.908592+09:00,잠실 관광특구,잠실 관광특구,POI005,KEY_2,1232. 잠실주공 521동 건너편,ST-550,180,18,10,127.09568787,37.51184082
2026-06-15T08:36:47.908592+09:00,잠실 관광특구,잠실 관광특구,POI005,KEY_2,1210. 롯데월드타워(잠실역2번출구 쪽),ST-891,147,44,30,127.10095978,37.51312637
2026-06-15T08:36:47.908592+09:00,잠실 관광특구,잠실 관광특구,POI005,KEY_2,1268. 몽촌토성역 1번출구 옆,ST-1087,0,0,15,127.11419678,37.51728821
2026-06-15T08:36:47.908592+09:00,잠실 관광특구,잠실 관광특구,POI005,KEY_2,1297. 석촌호수교차로(동호 팔각정 앞),ST-1586,7,1,15,127.10411835,37.50920105
2026-06-15T08:36:47.908592+09:00,잠실 관광특구,잠실 관광특구,POI005,KEY_2,1233. 잠실3거리(갤러리아팰리스),ST-551,11,1,9,127.09336853,37.51050949
2026-06-15T08:36:47.908592+09:00,잠실 관광특구,잠실 관광특구,POI005,KEY_2,1296. 석촌호수교차로 (송파나루근린공원 앞),ST-1585,0,0,10,127.1034317,37.50867844
2026-06-15T08:36:47.908592+09:00,잠실 관광특구,잠실 관광특구,POI005,KEY_2,1267. 올림픽공원 남2문 앞,ST-1086,7,1,14,127.12306976,37.51424026
2026-06-15T08:36:47.908592+09:00,잠실 관광특구,잠실 관광특구,POI005,KEY_2,2647.잠실 자전거 수리센터 앞,ST-1868,271,19,7,127.10114288,37.51100922
2026-06-15T08:36:47.908592+09:00,잠실 관광특구,잠실 관광특구,POI005,KEY_2,2608. 송파구청,ST-1681,130,13,10,127.10611725,37.51499176
2026-06-15T08:36:47.908592+09:00,잠실 관광특구,잠실 관광특구,POI005,KEY_2,2621. 한성백제역 2번 출구,ST-1719,0,0,15,127.11625671,37.51665878
2026-06-15T08:36:47.908592+09:00,잠실 관광특구,잠실 관광특구,POI005,KEY_2,2601. 석촌호수 아뜰리에,ST-1590,6,1,16,127.09883118,37.5067482
2026-06-15T08:36:47.908592+09:00,잠실 관광특구,잠실 관광특구,POI005,KEY_2,2622. 올림픽공원역 3번출구,ST-1720,175,35,20,127.13059235,37.51625824
2026-06-15T08:36:47.908592+09:00,잠실 관광특구,잠실 관광특구,POI005,KEY_2,4868. 석촌호수 서호 남단,ST-2833,0,0,10,127.10124207,37.50717163
2026-06-15T08:36:47.908592+09:00,잠실 관광특구,잠실 관광특구,POI005,KEY_2,4870. 몽촌토성역 3번 출구,ST-2876,0,0,10,127.11232758,37.5170784
2026-06-15T08:36:47.908592+09:00,잠실 관광특구,잠실 관광특구,POI005,KEY_2,4857. 올림픽공원 장미광장,ST-2621,0,0,15,127.126297,37.51275635
2026-06-15T08:36:47.908592+09:00,잠실 관광특구,잠실 관광특구,POI005,KEY_2,5751. 송파여성축구장,ST-3069,40,4,10,127.11743927,37.52471542
2026-06-15T08:36:47.908592+09:00,잠실 관광특구,잠실 관광특구,POI005,KEY_2,4481. 올림픽공원 북2문 B,ST-2592,68,17,25,127.12751007,37.52397537
2026-06-15T08:36:47.908592+09:00,잠실 관광특구,잠실 관광특구,POI005,KEY_2,5781. 올림픽공원 수영장,ST-3300,14,2,14,127.12688446,37.52157211
2026-06-15T08:36:47.908592+09:00,잠실 관광특구,잠실 관광특구,POI005,KEY_2,5768.방이삼거리,ST-3214,17,2,12,127.10822296,37.51237488
2026-06-15T08:36:47.908592+09:00,잠실 관광특구,잠실 관광특구,POI005,KEY_2,4865. 한성백제역 1번출구 뒤,ST-2797,20,1,5,127.1149826,37.51647949
2026-06-15T08:36:47.908592+09:00,잠실 관광특구,잠실 관광특구,POI005,KEY_2,4464. 올림픽공원 북2문 A,ST-2580,67,10,15,127.12804413,37.52357483
2026-06-15T08:36:47.908592+09:00,잠실 관광특구,잠실 관광특구,POI005,KEY_2,4862. 성내교 남단,ST-2756,30,3,10,127.11588287,37.52301788
2026-06-15T08:36:47.908592+09:00,잠실 관광특구,잠실 관광특구,POI005,KEY_2,4856. 올림픽공원 서1문 앞,ST-2608,60,6,10,127.11457062,37.5202179
2026-06-15T08:36:47.908592+09:00,종로·청계 관광특구,종로·청계 관광특구,POI006,KEY_3,455. 종로6가역 버스정류장(동대문 방향),ST-1608,113,9,8,127.00605774,37.570961
2026-06-15T08:36:47.908592+09:00,종로·청계 관광특구,종로·청계 관광특구,POI006,KEY_3,368. SK 서린빌딩 앞,ST-181,113,17,15,126.98053741,37.5692482
2026-06-15T08:36:47.908592+09:00,종로·청계 관광특구,종로·청계 관광특구,POI006,KEY_3,335. 종로3가역 15번출구 뒤,ST-151,10,1,10,126.99165344,37.57019424
2026-06-15T08:36:47.908592+09:00,종로·청계 관광특구,종로·청계 관광특구,POI006,KEY_3,385. 종각역 5번출구,ST-336,30,3,10,126.98265839,37.56983566
2026-06-15T08:36:47.908592+09:00,종로·청계 관광특구,종로·청계 관광특구,POI006,KEY_3,329. 청계2가 사거리 옆,ST-145,25,2,8,126.98788452,37.56848526
2026-06-15T08:36:47.908592+09:00,종로·청계 관광특구,종로·청계 관광특구,POI006,KEY_3,393. 동대문역 8번 출구,ST-1372,117,14,12,127.00937653,37.57014084
2026-06-15T08:36:47.908592+09:00,종로·청계 관광특구,종로·청계 관광특구,POI006,KEY_3,3415.동대문역6번출구,ST-1812,87,13,15,127.0107193,37.57147217
2026-06-15T08:36:47.908592+09:00,종로·청계 관광특구,종로·청계 관광특구,POI006,KEY_3,3412.세운상가,ST-1809,7,1,15,126.99454498,37.5703125
2026-06-15T08:36:47.908592+09:00,종로·청계 관광특구,종로·청계 관광특구,POI006,KEY_3,3432.종로2가 사거리,ST-1829,0,0,14,126.98880768,37.57001877
2026-06-15T08:36:47.908592+09:00,종로·청계 관광특구,종로·청계 관광특구,POI006,KEY_3,4707. 청계3가 사거리,ST-2513,0,0,5,126.99211884,37.56855774
2026-06-15T08:36:47.908592+09:00,종로·청계 관광특구,종로·청계 관광특구,POI006,KEY_3,397. 종묘공영주차장 건너편,ST-1432,54,7,13,126.99663544,37.57048035
2026-06-15T08:36:47.908592+09:00,홍대 관광특구,홍대 관광특구,POI007,KEY_4,108. 서교동 사거리,ST-10,17,2,12,126.91861725,37.55274582
2026-06-15T08:36:47.908592+09:00,홍대 관광특구,홍대 관광특구,POI007,KEY_4,493.홍대입구역 6번출구,ST-2152,157,11,7,126.9288559,37.55657578
2026-06-15T08:36:47.908592+09:00,홍대 관광특구,홍대 관광특구,POI007,KEY_4,104. 합정역 1번출구 앞,ST-6,23,3,13,126.91508484,37.55073929
2026-06-15T08:36:47.908592+09:00,홍대 관광특구,홍대 관광특구,POI007,KEY_4,113. 홍대입구역 2번출구 앞,ST-18,239,67,28,126.9238205,37.5574379
2026-06-15T08:36:47.908592+09:00,홍대 관광특구,홍대 관광특구,POI007,KEY_4,114. 홍대입구역 8번출구 앞,ST-20,20,3,15,126.92442322,37.55706024
2026-06-15T08:36:47.908592+09:00,홍대 관광특구,홍대 관광특구,POI007,KEY_4,3009. 홍대입구역 사거리,ST-2167,10,2,20,126.92023468,37.55450058
2026-06-15T08:36:47.908592+09:00,홍대 관광특구,홍대 관광특구,POI007,KEY_4,3010.홍대입구역 3번출구,ST-2168,60,9,15,126.92538452,37.5582962
2026-06-15T08:36:47.908592+09:00,홍대 관광특구,홍대 관광특구,POI007,KEY_4,4211. 시석빌딩 앞,ST-2534,13,1,8,126.91671753,37.54836655
2026-06-15T08:36:47.908592+09:00,홍대 관광특구,홍대 관광특구,POI007,KEY_4,4208. 스타벅스(동교동) 앞,ST-2532,40,4,10,126.91986847,37.5566597
2026-06-15T08:36:47.908592+09:00,국립중앙박물관·용산가족공원,국립중앙박물관·용산가족공원,POI089,KEY_1,863.이촌역2번 출구,ST-2187,60,6,10,126.977005,37.52177048
2026-06-15T08:36:47.908592+09:00,국립중앙박물관·용산가족공원,국립중앙박물관·용산가족공원,POI089,KEY_1,855.이촌역5번출구 앞,ST-2179,100,10,10,126.97277069,37.52272415
2026-06-15T08:36:47.908592+09:00,남산공원,남산공원,POI091,KEY_3,859.남산공원 야외식물원 앞,ST-2183,0,0,10,126.99586487,37.54188538
2026-06-15T08:36:47.908592+09:00,남산공원,남산공원,POI091,KEY_3,381. 장충체육관,ST-196,0,0,10,127.00698853,37.55853271
2026-06-15T08:36:47.908592+09:00,남산공원,남산공원,POI091,KEY_3,371. 동대입구역 6번출구 뒤,ST-186,20,2,10,127.00553894,37.55887222
2026-06-15T08:36:47.908592+09:00,남산공원,남산공원,POI091,KEY_3,4621. 남산도서관 앞,ST-3054,0,0,12,126.98201752,37.55240631
2026-06-15T08:36:47.908592+09:00,노들섬,노들섬,POI092,KEY_4,869.노들섬 동측 앞,ST-2239,20,2,10,126.95914459,37.51729584
2026-06-15T08:36:47.908592+09:00,노들섬,노들섬,POI092,KEY_4,870.노들섬 서측 앞,ST-2240,110,11,10,126.95829773,37.51731873
2026-06-15T08:36:47.908592+09:00,망원한강공원,망원한강공원,POI094,KEY_2,105. 합정역 5번출구 앞,ST-7,20,1,5,126.91482544,37.55000687
2026-06-15T08:36:47.908592+09:00,망원한강공원,망원한강공원,POI094,KEY_2,4217. 한강공원 망원나들목,ST-2905,20,4,20,126.89688873,37.55557632
2026-06-15T08:36:47.908592+09:00,망원한강공원,망원한강공원,POI094,KEY_2,5515.한강버스 망원 선착장,ST-3388,110,33,30,126.89590454,37.55466461
2026-06-15T08:36:47.908592+09:00,보라매공원,보라매공원,POI123,KEY_4,4181. 보라매공원역 2번출구,ST-3117,150,9,6,126.91781616,37.49582291
2026-06-15T08:36:47.908592+09:00,보라매공원,보라매공원,POI123,KEY_4,4179. 보라매병원역 1번출구,ST-3105,125,25,20,126.92362976,37.49304199
2026-06-15T08:36:47.908592+09:00,북서울꿈의숲,북서울꿈의숲,POI096,KEY_1,1548. 북서울 꿈의숲 서문,ST-1725,40,6,15,127.03781128,37.62268829
2026-06-15T08:36:47.908592+09:00,북서울꿈의숲,북서울꿈의숲,POI096,KEY_1,3718. 번동3단지 버스정류장,ST-2610,173,19,11,127.04390717,37.628685
2026-06-15T08:36:47.908592+09:00,북서울꿈의숲,북서울꿈의숲,POI096,KEY_1,1571.북서울 꿈의 숲 입구,ST-2401,110,11,10,127.03864288,37.62657166
2026-06-15T08:36:47.908592+09:00,서대문독립공원,서대문독립공원,POI124,KEY_2,367. 독립문역 3-1번출구,ST-180,31,4,13,126.95851898,37.57415771
2026-06-15T08:36:47.908592+09:00,서대문독립공원,서대문독립공원,POI124,KEY_2,3113. 독립문 앞,ST-2199,0,0,15,126.95974731,37.57220459
2026-06-15T08:36:47.908592+09:00,서대문독립공원,서대문독립공원,POI124,KEY_2,3427.인왕산 아이파크 정문,ST-1824,175,14,8,126.95584869,37.57666779
2026-06-15T08:36:47.908592+09:00,서대문독립공원,서대문독립공원,POI124,KEY_2,3426.독립문역 2번출구 뒤,ST-1823,50,5,10,126.95755005,37.57501602
2026-06-15T08:36:47.908592+09:00,서리풀공원·몽마르뜨공원,서리풀공원·몽마르뜨공원,POI098,KEY_3,4316. 고속터미널역 3번출구,ST-2667,16,4,25,127.0059433,37.50365829
2026-06-15T08:36:47.908592+09:00,서리풀공원·몽마르뜨공원,서리풀공원·몽마르뜨공원,POI098,KEY_3,4327. 몽마르뜨공원입구,ST-3009,27,3,11,127.0026474,37.4928894
2026-06-15T08:36:47.908592+09:00,서리풀공원·몽마르뜨공원,서리풀공원·몽마르뜨공원,POI098,KEY_3,4312. 반포미도2차아파트 옆,ST-2663,80,8,10,127.00653076,37.50320435
2026-06-15T08:36:47.908592+09:00,서울숲공원,서울숲공원,POI101,KEY_1,510. 뚝도아리수정수센터 버스정류소 옆,ST-107,200,30,15,127.04380035,37.54122162
2026-06-15T08:36:47.908592+09:00,서울숲공원,서울숲공원,POI101,KEY_1,3552.서울숲 공영주차장앞,ST-2334,100,19,19,127.04277039,37.54195786
2026-06-15T08:36:47.908592+09:00,서울숲공원,서울숲공원,POI101,KEY_1,4401.뚝섬유수지 공영주차장,ST-3393,10,1,10,127.042099,37.55018234
2026-06-15T08:36:47.908592+09:00,송현녹지광장,송현녹지광장,POI129,KEY_2,354. 포르투갈 대사관 앞,ST-170,0,0,10,126.98896027,37.57915497
2026-06-15T08:36:47.908592+09:00,송현녹지광장,송현녹지광장,POI129,KEY_2,353. 재동초교 앞 삼거리,ST-169,13,1,8,126.9849472,37.57938766
2026-06-15T08:36:47.908592+09:00,송현녹지광장,송현녹지광장,POI129,KEY_2,314. 국립현대미술관,ST-130,0,0,10,126.98085785,37.5797081
2026-06-15T08:36:47.908592+09:00,송현녹지광장,송현녹지광장,POI129,KEY_2,3407.안국동사거리(신),ST-1804,11,2,18,126.98339081,37.57580566
2026-06-15T08:36:47.908592+09:00,송현녹지광장,송현녹지광장,POI129,KEY_2,4719. 종로문화원 건너편,ST-3090,27,4,15,126.9805069,37.57571411
2026-06-15T08:36:47.908592+09:00,송현녹지광장,송현녹지광장,POI129,KEY_2,4705. 웰니스센터(민방위교육장 앞),ST-2565,33,2,6,126.98912811,37.57752991
2026-06-15T08:36:47.908592+09:00,어린이대공원,어린이대공원,POI104,KEY_2,573. 구의문주차장 앞,ST-384,100,10,10,127.08473206,37.54523087
2026-06-15T08:36:47.908592+09:00,어린이대공원,어린이대공원,POI104,KEY_2,500. 어린이대공원역 3번출구 앞,ST-97,80,4,5,127.07466888,37.54697037
2026-06-15T08:36:47.908592+09:00,어린이대공원,어린이대공원,POI104,KEY_2,3573.광나루안전체험관,ST-2312,53,8,15,127.07671356,37.5513382
2026-06-15T08:36:47.908592+09:00,어린이대공원,어린이대공원,POI104,KEY_2,3529. 어린이대공원정문,ST-1603,40,6,15,127.07592773,37.54978943
2026-06-15T08:36:47.908592+09:00,어린이대공원,어린이대공원,POI104,KEY_2,3507. 어린이회관,ST-1192,58,18,31,127.07800293,37.54595184
2026-06-15T08:36:47.908592+09:00,어린이대공원,어린이대공원,POI104,KEY_2,3853. 어린이대공원역 2번출구,ST-2541,89,16,18,127.07470703,37.54764938
2026-06-15T08:36:47.908592+09:00,어린이대공원,어린이대공원,POI104,KEY_2,3860. 건국대학교 정문 앞,ST-2542,130,13,10,127.07571411,37.5465126
2026-06-15T08:36:47.908592+09:00,어린이대공원,어린이대공원,POI104,KEY_2,574. 아차산역4번출구,ST-385,141,31,22,127.08898163,37.55184937
2026-06-15T08:36:47.908592+09:00,여의도한강공원,여의도한강공원,POI105,KEY_3,260. 여의도 마리나선착장 앞,ST-414,107,16,15,126.91216278,37.53365707
2026-06-15T08:36:47.908592+09:00,여의도한강공원,여의도한강공원,POI105,KEY_3,249. 여의도중학교 옆,ST-297,6,1,16,126.93580627,37.52457809
2026-06-15T08:36:47.908592+09:00,여의도한강공원,여의도한강공원,POI105,KEY_3,5890.여의나루역 3번출구,ST-3401,0,0,11,126.93336487,37.52645493
2026-06-15T08:36:47.908592+09:00,여의도한강공원,여의도한강공원,POI105,KEY_3,5891.한강버스 여의도 선착장,ST-3402,30,9,30,126.93422699,37.52816391
2026-06-15T08:36:47.908592+09:00,여의서로,여의서로,POI126,KEY_4,260. 여의도 마리나선착장 앞,ST-414,107,16,15,126.91216278,37.53365707
2026-06-15T08:36:47.908592+09:00,여의서로,여의서로,POI126,KEY_4,298.KBS 연구동 건너편,ST-1970,36,9,25,126.91374207,37.52724838
2026-06-15T08:36:47.908592+09:00,여의서로,여의서로,POI126,KEY_4,297.국회3문,ST-1969,10,1,10,126.91267395,37.52863693
2026-06-15T08:36:47.908592+09:00,올림픽공원,올림픽공원,POI127,KEY_1,1268. 몽촌토성역 1번출구 옆,ST-1087,0,0,15,127.11419678,37.51728821
2026-06-15T08:36:47.908592+09:00,올림픽공원,올림픽공원,POI127,KEY_1,1267. 올림픽공원 남2문 앞,ST-1086,7,1,14,127.12306976,37.51424026
2026-06-15T08:36:47.908592+09:00,올림픽공원,올림픽공원,POI127,KEY_1,2621. 한성백제역 2번 출구,ST-1719,0,0,15,127.11625671,37.51665878
2026-06-15T08:36:47.908592+09:00,올림픽공원,올림픽공원,POI127,KEY_1,2622. 올림픽공원역 3번출구,ST-1720,175,35,20,127.13059235,37.51625824
2026-06-15T08:36:47.908592+09:00,올림픽공원,올림픽공원,POI127,KEY_1,4857. 올림픽공원 장미광장,ST-2621,0,0,15,127.126297,37.51275635
2026-06-15T08:36:47.908592+09:00,올림픽공원,올림픽공원,POI127,KEY_1,5751. 송파여성축구장,ST-3069,40,4,10,127.11743927,37.52471542
2026-06-15T08:36:47.908592+09:00,올림픽공원,올림픽공원,POI127,KEY_1,4481. 올림픽공원 북2문 B,ST-2592,68,17,25,127.12751007,37.52397537
2026-06-15T08:36:47.908592+09:00,올림픽공원,올림픽공원,POI127,KEY_1,5781. 올림픽공원 수영장,ST-3300,14,2,14,127.12688446,37.52157211
2026-06-15T08:36:47.908592+09:00,올림픽공원,올림픽공원,POI127,KEY_1,4865. 한성백제역 1번출구 뒤,ST-2797,20,1,5,127.1149826,37.51647949
2026-06-15T08:36:47.908592+09:00,올림픽공원,올림픽공원,POI127,KEY_1,4464. 올림픽공원 북2문 A,ST-2580,67,10,15,127.12804413,37.52357483
2026-06-15T08:36:47.908592+09:00,올림픽공원,올림픽공원,POI127,KEY_1,4862. 성내교 남단,ST-2756,30,3,10,127.11588287,37.52301788
2026-06-15T08:36:47.908592+09:00,올림픽공원,올림픽공원,POI127,KEY_1,4856. 올림픽공원 서1문 앞,ST-2608,60,6,10,127.11457062,37.5202179
2026-06-15T08:36:47.908592+09:00,월드컵공원,월드컵공원,POI106,KEY_2,186. 월드컵공원,ST-344,228,91,40,126.89820862,37.56396484
2026-06-15T08:36:47.908592+09:00,월드컵공원,월드컵공원,POI106,KEY_2,413. 상암월드컵파크 3단지 후문,ST-92,100,10,10,126.88968658,37.57147598
2026-06-15T08:36:47.908592+09:00,월드컵공원,월드컵공원,POI106,KEY_2,419. 홈플러스 마포점 앞,ST-87,148,31,21,126.89942932,37.56842041
2026-06-15T08:36:47.908592+09:00,월드컵공원,월드컵공원,POI106,KEY_2,199. 서울 월드컵 경기장,ST-443,80,24,30,126.89644623,37.56684494
2026-06-15T08:36:47.908592+09:00,월드컵공원,월드컵공원,POI106,KEY_2,418. 월드컵경기장역 3번출구 옆,ST-89,15,3,20,126.8992691,37.57277679
2026-06-15T08:36:47.908592+09:00,월드컵공원,월드컵공원,POI106,KEY_2,440. 하늘공원 입구,ST-1754,73,11,15,126.88134766,37.57012177
2026-06-15T08:36:47.908592+09:00,월드컵공원,월드컵공원,POI106,KEY_2,420. 서울시 공공자전거 상암센터,ST-85,100,37,37,126.8961792,37.56624603
2026-06-15T08:36:47.908592+09:00,월드컵공원,월드컵공원,POI106,KEY_2,3008.DMC역7번출구,ST-2166,30,3,10,126.89836121,37.57711411
2026-06-15T08:36:47.908592+09:00,응봉산,응봉산,POI107,KEY_3,569. 응봉현대아파트 정류소,ST-370,0,0,10,127.03024292,37.54958344
2026-06-15T08:36:47.908592+09:00,응봉산,응봉산,POI107,KEY_3,3511. 응봉역 1번출구,ST-1195,140,14,10,127.0351944,37.55130386
2026-06-15T08:36:47.908592+09:00,응봉산,응봉산,POI107,KEY_3,3525. 금호스포츠센터앞,ST-1599,20,3,15,127.02507019,37.54608917
2026-06-15T08:36:47.908592+09:00,청계산,청계산,POI112,KEY_4,2203. 청계산입구역 2번출구,ST-925,130,13,10,127.05501556,37.44765854
2026-06-15T08:36:47.908592+09:00,청계산,청계산,POI112,KEY_4,4338.새정이마을버스정류장 앞,ST-3216,60,3,5,127.06594849,37.43474579
2026-06-15T08:36:47.908592+09:00,가락시장,가락시장,POI058,KEY_2,2659.서울친환경유통센터,ST-2410,10,1,10,127.10492706,37.49420929
2026-06-15T08:36:47.908592+09:00,가락시장,가락시장,POI058,KEY_2,2658.가락몰 업무동,ST-2409,250,25,10,127.11569214,37.49535751
2026-06-15T08:36:47.908592+09:00,가락시장,가락시장,POI058,KEY_2,4480. 가락시장 남1문 사거리,ST-2591,27,4,15,127.11745453,37.49201584
2026-06-15T08:36:47.908592+09:00,가락시장,가락시장,POI058,KEY_2,4854. 가락시장역 2번 출구,ST-2606,70,7,10,127.11798859,37.492733
2026-06-15T08:36:47.908592+09:00,가로수길,가로수길,POI059,KEY_3,2362. 신사동 가로수길 입구,ST-1171,0,0,10,127.02245331,37.51763535
2026-06-15T08:36:47.908592+09:00,가로수길,가로수길,POI059,KEY_3,3606. 신사동주민센터 옆,ST-2673,160,16,10,127.02285004,37.52422714
2026-06-15T08:36:47.908592+09:00,가로수길,가로수길,POI059,KEY_3,4903. 신사스퀘어,ST-3066,10,1,10,127.0189743,37.51916885
2026-06-15T08:36:47.908592+09:00,가로수길,가로수길,POI059,KEY_3,4907. 극동스포츠 앞,ST-3078,360,18,5,127.02588654,37.5257225
2026-06-15T08:36:47.908592+09:00,김포공항,김포공항,POI061,KEY_1,3776. 김포공항사거리,ST-2484,140,14,10,126.80518341,37.5675354
2026-06-15T08:36:47.908592+09:00,김포공항,김포공항,POI061,KEY_1,5072. 김포공항입구 교통섬,ST-2947,110,11,10,126.80708313,37.56154633
2026-06-15T08:36:47.908592+09:00,남대문시장,남대문시장,POI115,KEY_2,470.회현역 7번출구,ST-1776,0,0,13,126.98000336,37.55974579
2026-06-15T08:36:47.908592+09:00,남대문시장,남대문시장,POI115,KEY_2,324. 신세계백화점 본점 앞,ST-140,100,8,8,126.9805069,37.56134415
2026-06-15T08:36:47.908592+09:00,남대문시장,남대문시장,POI115,KEY_2,4776. 신세계면세점,ST-2522,40,4,10,126.98139191,37.56027603
2026-06-15T08:36:47.908592+09:00,노량진,노량진,POI063,KEY_3,2003. 사육신공원앞,ST-877,90,9,10,126.94805908,37.51335907
2026-06-15T08:36:47.908592+09:00,노량진,노량진,POI063,KEY_3,2002. 노들역 1번출구,ST-683,124,21,17,126.95246887,37.51284409
2026-06-15T08:36:47.908592+09:00,노량진,노량진,POI063,KEY_3,2050. 노량진역 5번출구,ST-699,240,36,15,126.93997192,37.51324844
2026-06-15T08:36:47.908592+09:00,노량진,노량진,POI063,KEY_3,2070. 노량진역 2번 출구 앞,ST-1545,56,10,18,126.94306946,37.51391983
2026-06-15T08:36:47.908592+09:00,노량진,노량진,POI063,KEY_3,2058. 동작경찰서,ST-1150,243,34,14,126.94352722,37.5135231
2026-06-15T08:36:47.908592+09:00,덕수궁길·정동길,덕수궁길·정동길,POI064,KEY_4,391. 시립미술관,ST-977,75,6,8,126.97340393,37.56505203
2026-06-15T08:36:47.908592+09:00,덕수궁길·정동길,덕수궁길·정동길,POI064,KEY_4,300. 정동사거리,ST-116,67,4,6,126.96923065,37.56805038
2026-06-15T08:36:47.908592+09:00,덕수궁길·정동길,덕수궁길·정동길,POI064,KEY_4,4715. 돈의문 박물관 마을,ST-2923,7,1,15,126.96955109,37.56883621
2026-06-15T08:36:47.908592+09:00,덕수궁길·정동길,덕수궁길·정동길,POI064,KEY_4,6058. 시청역 2번출구,ST-3297,0,0,15,126.97702026,37.56557846
2026-06-15T08:36:47.908592+09:00,북촌한옥마을,북촌한옥마을,POI066,KEY_2,354. 포르투갈 대사관 앞,ST-170,0,0,10,126.98896027,37.57915497
2026-06-15T08:36:47.908592+09:00,북촌한옥마을,북촌한옥마을,POI066,KEY_2,464. 삼청동 골목,ST-1756,40,4,10,126.98169708,37.58419037
2026-06-15T08:36:47.908592+09:00,북촌한옥마을,북촌한옥마을,POI066,KEY_2,451. 청와대앞길,ST-979,0,0,8,126.97966766,37.58351517
2026-06-15T08:36:47.908592+09:00,북촌한옥마을,북촌한옥마을,POI066,KEY_2,352. 중앙고입구 삼거리,ST-168,0,0,10,126.98523712,37.58341599
2026-06-15T08:36:47.908592+09:00,북촌한옥마을,북촌한옥마을,POI066,KEY_2,465. 삼청공원 앞,ST-1759,20,1,5,126.9835968,37.58760452
2026-06-15T08:36:47.908592+09:00,북촌한옥마을,북촌한옥마을,POI066,KEY_2,353. 재동초교 앞 삼거리,ST-169,13,1,8,126.9849472,37.57938766
2026-06-15T08:36:47.908592+09:00,북촌한옥마을,북촌한옥마을,POI066,KEY_2,314. 국립현대미술관,ST-130,0,0,10,126.98085785,37.5797081
2026-06-15T08:36:47.908592+09:00,북촌한옥마을,북촌한옥마을,POI066,KEY_2,3407.안국동사거리(신),ST-1804,11,2,18,126.98339081,37.57580566
2026-06-15T08:36:47.908592+09:00,북촌한옥마을,북촌한옥마을,POI066,KEY_2,4719. 종로문화원 건너편,ST-3090,27,4,15,126.9805069,37.57571411
2026-06-15T08:36:47.908592+09:00,북촌한옥마을,북촌한옥마을,POI066,KEY_2,4705. 웰니스센터(민방위교육장 앞),ST-2565,33,2,6,126.98912811,37.57752991
2026-06-15T08:36:47.908592+09:00,서촌,서촌,POI067,KEY_3,450. 효자동 삼거리,ST-978,6,3,51,126.97254944,37.58360291
2026-06-15T08:36:47.908592+09:00,서촌,서촌,POI067,KEY_3,349. 어린이도서관,ST-165,0,0,5,126.96858978,37.57633209
2026-06-15T08:36:47.908592+09:00,서촌,서촌,POI067,KEY_3,4721. 통인시장 정자,ST-3354,38,3,8,126.96878815,37.58055878
2026-06-15T08:36:47.908592+09:00,서촌,서촌,POI067,KEY_3,4710. 자교교회 앞,ST-2473,38,3,8,126.97123718,37.58114624
2026-06-15T08:36:47.908592+09:00,성수카페거리,성수카페거리,POI068,KEY_4,587. 유니베라 앞,ST-482,170,17,10,127.05264282,37.54541779
2026-06-15T08:36:47.908592+09:00,성수카페거리,성수카페거리,POI068,KEY_4,514. 성수사거리 버스정류장 앞,ST-112,267,32,12,127.06330872,37.54257965
2026-06-15T08:36:47.908592+09:00,성수카페거리,성수카페거리,POI068,KEY_4,513. 뚝섬역 5번 출구 정류소 옆,ST-111,69,9,13,127.04980469,37.54630661
2026-06-15T08:36:47.908592+09:00,성수카페거리,성수카페거리,POI068,KEY_4,3548.뚝섬역 6번출구,ST-2330,50,5,10,127.04766846,37.54695892
2026-06-15T08:36:47.908592+09:00,성수카페거리,성수카페거리,POI068,KEY_4,4399. 더리브 세종타워 앞,ST-3326,129,9,7,127.0580368,37.54378128
2026-06-15T08:36:47.908592+09:00,성수카페거리,성수카페거리,POI068,KEY_4,4398. 유원지식산업센터 앞,ST-3325,75,12,16,127.05593109,37.54436493
2026-06-15T08:36:47.908592+09:00,성수카페거리,성수카페거리,POI068,KEY_4,4387. 성수역 1번출구 주변,ST-3121,63,5,8,127.05336761,37.54555893
2026-06-15T08:36:47.908592+09:00,성수카페거리,성수카페거리,POI068,KEY_4,4377. 우영테크노센터 앞,ST-3003,275,22,8,127.05971527,37.54332352
2026-06-15T08:36:47.908592+09:00,송리단길·호수단길,송리단길·호수단길,POI121,KEY_1,2639.석촌역 8번출구,ST-1866,50,9,18,127.10657501,37.50550461
2026-06-15T08:36:47.908592+09:00,송리단길·호수단길,송리단길·호수단길,POI121,KEY_1,4868. 석촌호수 서호 남단,ST-2833,0,0,10,127.10124207,37.50717163
2026-06-15T08:36:47.908592+09:00,신촌 스타광장,신촌 스타광장,POI122,KEY_2,3116.신촌역 4번출구,ST-2201,0,0,10,126.93720245,37.55550385
2026-06-15T08:36:47.908592+09:00,신촌 스타광장,신촌 스타광장,POI122,KEY_2,128. 신촌역(2호선) 1번출구 옆,ST-30,11,2,19,126.93634033,37.55549622
2026-06-15T08:36:47.908592+09:00,압구정로데오거리,압구정로데오거리,POI071,KEY_3,2365. K+ 타워 앞,ST-1174,13,2,15,127.03847504,37.52330017
2026-06-15T08:36:47.908592+09:00,압구정로데오거리,압구정로데오거리,POI071,KEY_3,2310. 청담동 맥도날드 옆(위치),ST-794,40,4,10,127.04017639,37.52361298
2026-06-15T08:36:47.908592+09:00,여의도,여의도,POI072,KEY_4,226. 샛강역 1번출구 앞,ST-72,79,15,19,126.92841339,37.51776505
2026-06-15T08:36:47.908592+09:00,여의도,여의도,POI072,KEY_4,201. 진미파라곤 앞,ST-46,80,12,15,126.92133331,37.53123856
2026-06-15T08:36:47.908592+09:00,여의도,여의도,POI072,KEY_4,207. 여의나루역 1번출구 앞,ST-73,0,0,46,126.93190002,37.52715683
2026-06-15T08:36:47.908592+09:00,여의도,여의도,POI072,KEY_4,223. 진주아파트상가 앞,ST-69,10,2,20,126.9333725,37.51913071
2026-06-15T08:36:47.908592+09:00,여의도,여의도,POI072,KEY_4,222. 시범아파트버스정류장 옆,ST-68,167,20,12,126.93688965,37.51902008
2026-06-15T08:36:47.908592+09:00,여의도,여의도,POI072,KEY_4,260. 여의도 마리나선착장 앞,ST-414,107,16,15,126.91216278,37.53365707
2026-06-15T08:36:47.908592+09:00,여의도,여의도,POI072,KEY_4,299.여의도 순복음교회,ST-1971,20,2,10,126.92245483,37.53179169
2026-06-15T08:36:47.908592+09:00,여의도,여의도,POI072,KEY_4,221. 여의도초교 앞,ST-67,0,0,10,126.93778992,37.52267456
2026-06-15T08:36:47.908592+09:00,여의도,여의도,POI072,KEY_4,200. 국회의원회관,ST-45,23,5,22,126.91391754,37.52841568
2026-06-15T08:36:47.908592+09:00,여의도,여의도,POI072,KEY_4,204. 국회의사당역 5번출구 옆,ST-50,69,9,13,126.91702271,37.52816391
2026-06-15T08:36:47.908592+09:00,여의도,여의도,POI072,KEY_4,205. 산업은행 앞,ST-52,135,27,20,126.92050934,37.52626419
2026-06-15T08:36:47.908592+09:00,여의도,여의도,POI072,KEY_4,224. 롯데캐슬 앞,ST-70,10,2,20,126.93236542,37.5200882
2026-06-15T08:36:47.908592+09:00,여의도,여의도,POI072,KEY_4,225. 앙카라공원 앞,ST-71,8,2,26,126.92961884,37.51758575
2026-06-15T08:36:47.908592+09:00,여의도,여의도,POI072,KEY_4,214. 금융감독원 앞,ST-60,143,30,21,126.9208374,37.5230217
2026-06-15T08:36:47.908592+09:00,여의도,여의도,POI072,KEY_4,248. 초원아파트 앞,ST-296,30,3,10,126.92420959,37.53105545
2026-06-15T08:36:47.908592+09:00,여의도,여의도,POI072,KEY_4,213. KT앞,ST-59,21,4,19,126.91895294,37.52190781
2026-06-15T08:36:47.908592+09:00,여의도,여의도,POI072,KEY_4,217. NH농협은행 앞,ST-66,347,52,15,126.93036652,37.52207947
2026-06-15T08:36:47.908592+09:00,여의도,여의도,POI072,KEY_4,202. 국민일보 앞,ST-47,167,50,30,126.92453003,37.52881622
2026-06-15T08:36:47.908592+09:00,여의도,여의도,POI072,KEY_4,298.KBS 연구동 건너편,ST-1970,36,9,25,126.91374207,37.52724838
2026-06-15T08:36:47.908592+09:00,여의도,여의도,POI072,KEY_4,270. 증권거래소후문교차로,ST-424,130,13,10,126.92710114,37.52234268
2026-06-15T08:36:47.908592+09:00,여의도,여의도,POI072,KEY_4,220. 미성아파트 A동 앞,ST-63,40,12,30,126.92604828,37.5193634
2026-06-15T08:36:47.908592+09:00,여의도,여의도,POI072,KEY_4,297.국회3문,ST-1969,10,1,10,126.91267395,37.52863693
2026-06-15T08:36:47.908592+09:00,여의도,여의도,POI072,KEY_4,249. 여의도중학교 옆,ST-297,6,1,16,126.93580627,37.52457809
2026-06-15T08:36:47.908592+09:00,여의도,여의도,POI072,KEY_4,206. KBS 앞,ST-53,160,56,35,126.91802216,37.52466583
2026-06-15T08:36:47.908592+09:00,여의도,여의도,POI072,KEY_4,209. 유진투자증권빌딩 앞,ST-55,250,55,22,126.92783356,37.52461243
2026-06-15T08:36:47.908592+09:00,여의도,여의도,POI072,KEY_4,215. 여의도고교 앞,ST-64,20,2,10,126.93490601,37.52483749
2026-06-15T08:36:47.908592+09:00,여의도,여의도,POI072,KEY_4,219. 롯데캐슬엠파이어 옆,ST-62,183,22,12,126.92583466,37.52069473
2026-06-15T08:36:47.908592+09:00,여의도,여의도,POI072,KEY_4,271. 샛강생태공원방문자센터 앞,ST-425,10,1,10,126.9216156,37.51896286
2026-06-15T08:36:47.908592+09:00,여의도,여의도,POI072,KEY_4,4583. 의정관,ST-2647,25,3,12,126.91747284,37.53214645
2026-06-15T08:36:47.908592+09:00,여의도,여의도,POI072,KEY_4,5897.여의도공작아파트,ST-3426,60,6,10,126.92987061,37.52595139
2026-06-15T08:36:47.908592+09:00,여의도,여의도,POI072,KEY_4,5888.여의도성당,ST-3375,14,1,7,126.93920898,37.52164459
2026-06-15T08:36:47.908592+09:00,여의도,여의도,POI072,KEY_4,5853. 여의도역2번출구 앞,ST-3061,80,8,10,126.92271423,37.52243423
2026-06-15T08:36:47.908592+09:00,여의도,여의도,POI072,KEY_4,5878. 우리은행 앞,ST-3315,395,79,20,126.92162323,37.52349091
2026-06-15T08:36:47.908592+09:00,여의도,여의도,POI072,KEY_4,5893.한국산업은행,ST-3397,320,32,10,126.92175293,37.52814484
2026-06-15T08:36:47.908592+09:00,여의도,여의도,POI072,KEY_4,4582. 국회도서관,ST-2646,67,8,12,126.91817474,37.53054047
2026-06-15T08:36:47.908592+09:00,여의도,여의도,POI072,KEY_4,5879. 국회도서관 2문 앞,ST-3318,125,10,8,126.91668701,37.53107071
2026-06-15T08:36:47.908592+09:00,여의도,여의도,POI072,KEY_4,5889.의원회관출입구 앞,ST-3377,40,4,10,126.91479492,37.52985382
2026-06-15T08:36:47.908592+09:00,여의도,여의도,POI072,KEY_4,5880. 국회박물관,ST-3319,14,1,7,126.91945648,37.53183365
2026-06-15T08:36:47.908592+09:00,여의도,여의도,POI072,KEY_4,4581. 국회소통관,ST-2645,25,3,12,126.9128952,37.53050232
2026-06-15T08:36:47.908592+09:00,여의도,여의도,POI072,KEY_4,5890.여의나루역 3번출구,ST-3401,0,0,11,126.93336487,37.52645493
2026-06-15T08:36:47.908592+09:00,여의도,여의도,POI072,KEY_4,4589. KRX한국거래소(1),ST-2899,83,15,18,126.92759705,37.52338028
2026-06-15T08:36:47.908592+09:00,여의도,여의도,POI072,KEY_4,4580. 국회제2의원회관,ST-2644,94,16,17,126.91316986,37.52974701
2026-06-15T08:36:47.908592+09:00,여의도,여의도,POI072,KEY_4,4579. 국회의사당 본관,ST-2643,153,26,17,126.91404724,37.5325737
2026-06-15T08:36:47.908592+09:00,여의도,여의도,POI072,KEY_4,4563. 여의도 은하아파트,ST-2813,30,3,10,126.93448639,37.51850891
2026-06-15T08:36:47.908592+09:00,여의도,여의도,POI072,KEY_4,4564. 63스퀘어,ST-2814,288,49,17,126.93965912,37.52070999
2026-06-15T08:36:47.908592+09:00,여의도,여의도,POI072,KEY_4,4585. 국회6문,ST-2694,33,2,6,126.91799164,37.53271866
2026-06-15T08:36:47.908592+09:00,여의도,여의도,POI072,KEY_4,5891.한강버스 여의도 선착장,ST-3402,30,9,30,126.93422699,37.52816391
2026-06-15T08:36:47.908592+09:00,여의도,여의도,POI072,KEY_4,4584. 국회2문,ST-2648,44,4,9,126.91510773,37.52864075
2026-06-15T08:36:47.908592+09:00,여의도,여의도,POI072,KEY_4,5870. LG트윈타워 앞,ST-3239,190,38,20,126.93017578,37.52833176
2026-06-15T08:36:47.908592+09:00,여의도,여의도,POI072,KEY_4,5892.국회의사당본관 좌측,ST-3383,114,8,7,126.91375732,37.53090286
2026-06-15T08:36:47.908592+09:00,여의도,여의도,POI072,KEY_4,5859. 여의도 삼부아파트,ST-3160,30,3,10,126.93045807,37.52539444
2026-06-15T08:36:47.908592+09:00,여의도,여의도,POI072,KEY_4,203. 국회의사당역 3번출구 옆,ST-51,73,11,15,126.91870117,37.5280571
2026-06-15T08:36:47.908592+09:00,연남동,연남동,POI073,KEY_1,107. 수협 연남동지점,ST-9,100,10,10,126.91871643,37.55784607
2026-06-15T08:36:47.908592+09:00,연남동,연남동,POI073,KEY_1,4233. 코오롱아파트사거리,ST-2979,30,3,10,126.92149353,37.56306458
2026-06-15T08:36:47.908592+09:00,영등포 타임스퀘어,영등포 타임스퀘어,POI074,KEY_2,284. 센트럴 푸르지오 시티 앞,ST-1650,56,9,16,126.90222931,37.51821136
2026-06-15T08:36:47.908592+09:00,영등포 타임스퀘어,영등포 타임스퀘어,POI074,KEY_2,3219.영등포역 1번출구,ST-1990,100,10,10,126.9077301,37.5148468
2026-06-15T08:36:47.908592+09:00,영등포 타임스퀘어,영등포 타임스퀘어,POI074,KEY_2,5858. 영등포역5번출구,ST-3142,10,1,10,126.90807343,37.51669312
2026-06-15T08:36:47.908592+09:00,영등포 타임스퀘어,영등포 타임스퀘어,POI074,KEY_2,5868. 로프트시티오피스텔,ST-3238,0,0,6,126.90843201,37.51906204
2026-06-15T08:36:47.908592+09:00,영등포 타임스퀘어,영등포 타임스퀘어,POI074,KEY_2,4565. 영등포 신세계백화점,ST-2815,110,11,10,126.90364838,37.51803589
2026-06-15T08:36:47.908592+09:00,용리단길,용리단길,POI076,KEY_3,816. 신용산역 6번출구 앞,ST-435,76,19,25,126.96848297,37.53014755
2026-06-15T08:36:47.908592+09:00,용리단길,용리단길,POI076,KEY_3,817. 삼각지역 4번출구 앞,ST-436,89,8,9,126.97173309,37.53345108
2026-06-15T08:36:47.908592+09:00,이태원 앤틱가구거리,이태원 앤틱가구거리,POI077,KEY_4,4615. 크라운호텔앞 버스정류소,ST-2446,57,4,7,126.99137878,37.53030014
2026-06-15T08:36:47.908592+09:00,이태원 앤틱가구거리,이태원 앤틱가구거리,POI077,KEY_4,4634. 이태원역 3번 출구,ST-3056,40,2,5,126.99497223,37.5343895
2026-06-15T08:36:47.908592+09:00,익선동,익선동,POI116,KEY_1,334. 종로3가역 2번출구 뒤,ST-150,0,0,10,126.99179077,37.5705986
2026-06-15T08:36:47.908592+09:00,익선동,익선동,POI116,KEY_1,327. 낙원상가 옆,ST-143,10,1,10,126.9874649,37.57335663
2026-06-15T08:36:47.908592+09:00,익선동,익선동,POI116,KEY_1,328. 탑골공원 앞,ST-144,27,3,11,126.9881897,37.57039642
2026-06-15T08:36:47.908592+09:00,익선동,익선동,POI116,KEY_1,3410.종로3가역 8번출구,ST-1807,0,0,10,126.99188995,37.5724678
2026-06-15T08:36:47.908592+09:00,익선동,익선동,POI116,KEY_1,4713. 현대 뜨레비앙 아파트 앞,ST-2623,14,1,7,126.99062347,37.57528305
2026-06-15T08:36:47.908592+09:00,인사동,인사동,POI078,KEY_2,327. 낙원상가 옆,ST-143,10,1,10,126.9874649,37.57335663
2026-06-15T08:36:47.908592+09:00,인사동,인사동,POI078,KEY_2,326. 안국역 5번출구 앞,ST-142,0,0,15,126.98616028,37.57624054
2026-06-15T08:36:47.908592+09:00,인사동,인사동,POI078,KEY_2,454. 종로2가 버스정류장 (종각방향),ST-1607,8,1,13,126.98638153,37.57035828
2026-06-15T08:36:47.908592+09:00,인사동,인사동,POI078,KEY_2,3408.종로타워빌딩,ST-1805,0,0,13,126.98323822,37.57070541
2026-06-15T08:36:47.908592+09:00,창동 신경제 중심지,창동 신경제 중심지,POI079,KEY_4,1756.서울북부광역등기국,ST-2101,10,1,10,127.04431915,37.65148544
2026-06-15T08:36:47.908592+09:00,창동 신경제 중심지,창동 신경제 중심지,POI079,KEY_4,1716. 창동역 1번출구 건너편,ST-1132,175,14,8,127.05072784,37.65420151
2026-06-15T08:36:47.908592+09:00,창동 신경제 중심지,창동 신경제 중심지,POI079,KEY_4,1674. 서울북부고용센터앞,ST-1291,60,9,15,127.05808258,37.65354919
2026-06-15T08:36:47.908592+09:00,창동 신경제 중심지,창동 신경제 중심지,POI079,KEY_4,1662. 노원역7번출구,ST-1279,95,19,20,127.05921173,37.65421677
2026-06-15T08:36:47.908592+09:00,창동 신경제 중심지,창동 신경제 중심지,POI079,KEY_4,1686. 상계주공10단지 종합상가 앞,ST-1476,7,1,15,127.05805206,37.66114044
2026-06-15T08:36:47.908592+09:00,창동 신경제 중심지,창동 신경제 중심지,POI079,KEY_4,1690. 도봉운전면허시험장 버스정류장 옆,ST-1641,20,2,10,127.05931091,37.6577301
2026-06-15T08:36:47.908592+09:00,창동 신경제 중심지,창동 신경제 중심지,POI079,KEY_4,1637. KT 전화국 버스정류장 옆,ST-611,78,7,9,127.06372833,37.6546669
2026-06-15T08:36:47.908592+09:00,창동 신경제 중심지,창동 신경제 중심지,POI079,KEY_4,1657. 노원구청,ST-1125,165,33,20,127.05732727,37.65404892
2026-06-15T08:36:47.908592+09:00,창동 신경제 중심지,창동 신경제 중심지,POI079,KEY_4,1653. 노원역1번출구,ST-1121,50,5,10,127.06362152,37.65620041
2026-06-15T08:36:47.908592+09:00,창동 신경제 중심지,창동 신경제 중심지,POI079,KEY_4,1722. 창동청소년수련관,ST-1292,40,6,15,127.05004883,37.65779877
2026-06-15T08:36:47.908592+09:00,창동 신경제 중심지,창동 신경제 중심지,POI079,KEY_4,1775.신원리베르텔 앞,ST-2120,40,6,15,127.04554749,37.65128708
2026-06-15T08:36:47.908592+09:00,창동 신경제 중심지,창동 신경제 중심지,POI079,KEY_4,4096.창동역2번출구 하나은행365 앞,ST-3368,525,42,8,127.04550171,37.65283585
2026-06-15T08:36:47.908592+09:00,창동 신경제 중심지,창동 신경제 중심지,POI079,KEY_4,5333. 노원역9번-10번 출구 앞,ST-3288,140,14,10,127.063591,37.65655518
2026-06-15T08:36:47.908592+09:00,창동 신경제 중심지,창동 신경제 중심지,POI079,KEY_4,5311. 주공601동 상가 노원지하보도 앞,ST-3116,80,4,5,127.06147766,37.65190125
2026-06-15T08:36:47.908592+09:00,창동 신경제 중심지,창동 신경제 중심지,POI079,KEY_4,4098.창동역 1번출구 인근,ST-3430,75,6,8,127.04838562,37.65290833
2026-06-15T08:36:47.908592+09:00,청량리 제기동 일대 전통시장,청량리 제기동 일대 전통시장,POI081,KEY_2,676.FITI시험연구원 앞,ST-2276,33,3,9,127.03547668,37.58143234
2026-06-15T08:36:47.908592+09:00,청량리 제기동 일대 전통시장,청량리 제기동 일대 전통시장,POI081,KEY_2,640. 동대문경찰서 교차로,ST-407,183,11,6,127.04460144,37.58255005
2026-06-15T08:36:47.908592+09:00,청량리 제기동 일대 전통시장,청량리 제기동 일대 전통시장,POI081,KEY_2,633. 청량리 기업은행 앞,ST-400,175,14,8,127.04472351,37.58049774
2026-06-15T08:36:47.908592+09:00,청량리 제기동 일대 전통시장,청량리 제기동 일대 전통시장,POI081,KEY_2,4147.청량리역광장,ST-3405,29,10,35,127.04673767,37.58024597
2026-06-15T08:36:47.908592+09:00,청량리 제기동 일대 전통시장,청량리 제기동 일대 전통시장,POI081,KEY_2,4134. 제기동 현대아파트 앞,ST-3206,160,16,10,127.0353241,37.57994843
2026-06-15T08:36:47.908592+09:00,청량리 제기동 일대 전통시장,청량리 제기동 일대 전통시장,POI081,KEY_2,4149.제기동역 5번출구,ST-3428,186,13,7,127.03381348,37.5779953
2026-06-15T08:36:47.908592+09:00,DDP(동대문디자인플라자),DDP(동대문디자인플라자),POI083,KEY_4,474.동대문역사문화공원역 1번출구 뒤편,ST-1780,40,16,40,127.00849152,37.56629944
2026-06-15T08:36:47.908592+09:00,DDP(동대문디자인플라자),DDP(동대문디자인플라자),POI083,KEY_4,475.DDP 패션몰,ST-1781,14,3,21,127.0118103,37.56764984
2026-06-15T08:36:47.908592+09:00,DDP(동대문디자인플라자),DDP(동대문디자인플라자),POI083,KEY_4,347. 동대문역사문화공원역 9번출구 앞,ST-163,39,7,18,127.00784302,37.56533051
2026-06-15T08:36:47.908592+09:00,DDP(동대문디자인플라자),DDP(동대문디자인플라자),POI083,KEY_4,4765. 동대문디자인플라자,ST-2431,85,17,20,127.00946045,37.5683136
2026-06-15T08:36:47.908592+09:00,DMC(디지털미디어시티),DMC(디지털미디어시티),POI084,KEY_1,417. DMC역 2번출구 옆,ST-93,5,1,20,126.8999176,37.57506943
2026-06-15T08:36:47.908592+09:00,DMC(디지털미디어시티),DMC(디지털미디어시티),POI084,KEY_1,405. DMC빌 앞,ST-80,113,9,8,126.88578796,37.58265686
2026-06-15T08:36:47.908592+09:00,DMC(디지털미디어시티),DMC(디지털미디어시티),POI084,KEY_1,408. LG CNS앞,ST-84,57,8,14,126.88665009,37.58081055
2026-06-15T08:36:47.908592+09:00,DMC(디지털미디어시티),DMC(디지털미디어시티),POI084,KEY_1,415. DMC역 9번출구 앞,ST-95,30,3,10,126.89736176,37.57746887
2026-06-15T08:36:47.908592+09:00,DMC(디지털미디어시티),DMC(디지털미디어시티),POI084,KEY_1,412. DMC산학협력연구센터 앞,ST-91,110,23,21,126.89079285,37.57565689
2026-06-15T08:36:47.908592+09:00,DMC(디지털미디어시티),DMC(디지털미디어시티),POI084,KEY_1,409. 누리꿈스퀘어 옆,ST-86,97,29,30,126.88916016,37.57939911
2026-06-15T08:36:47.908592+09:00,DMC(디지털미디어시티),DMC(디지털미디어시티),POI084,KEY_1,414. 상암동주민센터 옆,ST-94,13,1,8,126.89447021,37.57822037
2026-06-15T08:36:47.908592+09:00,DMC(디지털미디어시티),DMC(디지털미디어시티),POI084,KEY_1,425. DMC첨단산업센터,ST-991,20,2,10,126.88559723,37.58450317
2026-06-15T08:36:47.908592+09:00,DMC(디지털미디어시티),DMC(디지털미디어시티),POI084,KEY_1,490.가온문화공원,ST-2149,57,13,23,126.88766479,37.58207703
2026-06-15T08:36:47.908592+09:00,DMC(디지털미디어시티),DMC(디지털미디어시티),POI084,KEY_1,489.구룡근린공원,ST-2148,210,21,10,126.88276672,37.58320236
2026-06-15T08:36:47.908592+09:00,DMC(디지털미디어시티),DMC(디지털미디어시티),POI084,KEY_1,411. DMC홍보관,ST-90,120,12,10,126.89147186,37.5779953
2026-06-15T08:36:47.908592+09:00,DMC(디지털미디어시티),DMC(디지털미디어시티),POI084,KEY_1,3007.MBC 앞,ST-2165,150,15,10,126.89044952,37.58198166
2026-06-15T08:36:47.908592+09:00,DMC(디지털미디어시티),DMC(디지털미디어시티),POI084,KEY_1,3008.DMC역7번출구,ST-2166,30,3,10,126.89836121,37.57711411
2026-06-15T08:36:47.908592+09:00,DMC(디지털미디어시티),DMC(디지털미디어시티),POI084,KEY_1,4218. 디지털매직스페이스,ST-2974,69,9,13,126.88957977,37.58119965
2026-06-15T08:36:47.908592+09:00,DMC(디지털미디어시티),DMC(디지털미디어시티),POI084,KEY_1,4238. 상암한샘빌딩앞,ST-2981,100,7,7,126.89867401,37.57649231
2026-06-15T08:36:47.908592+09:00,DMC(디지털미디어시티),DMC(디지털미디어시티),POI084,KEY_1,4214. JTBC 앞,ST-2537,130,13,10,126.8901825,37.57730484
2026-06-15T08:36:47.908592+09:00,가산디지털단지역,가산디지털단지역,POI013,KEY_2,1805. 서울디지털운동장 앞,ST-620,70,7,10,126.87776947,37.48228836
2026-06-15T08:36:47.908592+09:00,가산디지털단지역,가산디지털단지역,POI013,KEY_2,1849. 대륭포스트타워5차,ST-1276,200,20,10,126.88694,37.48135376
2026-06-15T08:36:47.908592+09:00,가산디지털단지역,가산디지털단지역,POI013,KEY_2,1839. 수출의 다리 아래,ST-1140,70,14,20,126.88615417,37.47743607
2026-06-15T08:36:47.908592+09:00,가산디지털단지역,가산디지털단지역,POI013,KEY_2,1834. 월드메르디앙 벤처센터 2차,ST-640,250,25,10,126.87904358,37.47908401
2026-06-15T08:36:47.908592+09:00,가산디지털단지역,가산디지털단지역,POI013,KEY_2,1812. 갑을그레이트밸리 앞,ST-624,300,30,10,126.88729858,37.47903061
2026-06-15T08:36:47.908592+09:00,가산디지털단지역,가산디지털단지역,POI013,KEY_2,1867.대륭포스트타워6차 앞,ST-1938,303,91,30,126.8841629,37.48101044
2026-06-15T08:36:47.908592+09:00,가산디지털단지역,가산디지털단지역,POI013,KEY_2,1850. 코오롱테크노밸리,ST-1277,190,19,10,126.8863678,37.48015976
2026-06-15T08:36:47.908592+09:00,가산디지털단지역,가산디지털단지역,POI013,KEY_2,1806. 에이스하이엔드타워9차 앞,ST-621,300,30,10,126.87863922,37.48621368
2026-06-15T08:36:47.908592+09:00,가산디지털단지역,가산디지털단지역,POI013,KEY_2,1851. 가산디지털단지 9번출구 인근,ST-1403,160,16,10,126.88148499,37.48123169
2026-06-15T08:36:47.908592+09:00,가산디지털단지역,가산디지털단지역,POI013,KEY_2,1835. STX V타워,ST-641,130,13,10,126.88442993,37.47706985
2026-06-15T08:36:47.908592+09:00,가산디지털단지역,가산디지털단지역,POI013,KEY_2,3985. 디폴리스 지식산업센터,ST-2964,65,13,20,126.87680054,37.48017502
2026-06-15T08:36:47.908592+09:00,가산디지털단지역,가산디지털단지역,POI013,KEY_2,3984. 가산롯데아이티캐슬,ST-2999,540,27,5,126.88083649,37.47636795
2026-06-15T08:36:47.908592+09:00,가산디지털단지역,가산디지털단지역,POI013,KEY_2,3989.가산디지털단지역 9번출구 앞,ST-3396,70,7,10,126.88175964,37.48055267
2026-06-15T08:36:47.908592+09:00,강남역,강남역,POI014,KEY_3,2505. 우성아파트사거리 (기업은행앞),ST-1556,150,18,12,127.02953339,37.49325943
2026-06-15T08:36:47.908592+09:00,강남역,강남역,POI014,KEY_3,3628. 역삼1동 주민센터,ST-2689,80,8,10,127.03302765,37.49521255
2026-06-15T08:36:47.908592+09:00,강남역,강남역,POI014,KEY_3,2421. 신논현역 4번출구,ST-1887,0,0,15,127.02579498,37.504673
2026-06-15T08:36:47.908592+09:00,강남역,강남역,POI014,KEY_3,2407. 역삼서초삼성 세무서 앞 (역삼빌딩 앞),ST-1577,170,17,10,127.03011322,37.49847031
2026-06-15T08:36:47.908592+09:00,강남역,강남역,POI014,KEY_3,4349.삼성화재서초타워,ST-3361,317,19,6,127.02896118,37.49446869
2026-06-15T08:36:47.908592+09:00,건대입구역,건대입구역,POI015,KEY_4,501. 광진문화예술회관 앞,ST-98,13,4,30,127.07035065,37.53730774
2026-06-15T08:36:47.908592+09:00,건대입구역,건대입구역,POI015,KEY_4,3533. 건대입구역 사거리(롯데백화점),ST-1660,320,32,10,127.07078552,37.5392952
2026-06-15T08:36:47.908592+09:00,건대입구역,건대입구역,POI015,KEY_4,3534. 건대입구역 5번출구 뒤,ST-1661,20,2,10,127.06956482,37.54008102
2026-06-15T08:36:47.908592+09:00,고덕역,고덕역,POI016,KEY_1,1036. 고덕동 주양쇼핑,ST-1053,100,10,10,127.15331268,37.55199051
2026-06-15T08:36:47.908592+09:00,고덕역,고덕역,POI016,KEY_1,1072.고덕역 5번출구,ST-1833,14,3,22,127.15372467,37.55486298
2026-06-15T08:36:47.908592+09:00,고덕역,고덕역,POI016,KEY_1,1068.명일파출소,ST-1767,90,9,10,127.15622711,37.5536499
2026-06-15T08:36:47.908592+09:00,교대역,교대역,POI018,KEY_3,2239.교대역 6번출구,ST-765,100,10,10,127.01378632,37.49421692
2026-06-15T08:36:47.908592+09:00,교대역,교대역,POI018,KEY_3,2279. 교대역 5번출구뒤,ST-1305,238,19,8,127.01418304,37.49361801
2026-06-15T08:36:47.908592+09:00,구로디지털단지역,구로디지털단지역,POI019,KEY_4,1955. 디지털입구 교차로,ST-936,280,28,10,126.90103912,37.48288345
2026-06-15T08:36:47.908592+09:00,구로디지털단지역,구로디지털단지역,POI019,KEY_4,1962. 가리봉동주민센터,ST-1224,187,28,15,126.89279938,37.48160172
2026-06-15T08:36:47.908592+09:00,구로디지털단지역,구로디지털단지역,POI019,KEY_4,2801. 대륭포스트타워1차,ST-1753,63,19,30,126.89542389,37.48437119
2026-06-15T08:36:47.908592+09:00,구로디지털단지역,구로디지털단지역,POI019,KEY_4,2110. 조원동 미성아파트,ST-950,244,22,9,126.90203094,37.48319244
2026-06-15T08:36:47.908592+09:00,구로디지털단지역,구로디지털단지역,POI019,KEY_4,1986. 태평양물산,ST-1521,320,48,15,126.89518738,37.48485947
2026-06-15T08:36:47.908592+09:00,구로디지털단지역,구로디지털단지역,POI019,KEY_4,1911. 구로디지털단지역 앞,ST-668,261,47,18,126.90132141,37.48493958
2026-06-15T08:36:47.908592+09:00,구로역,구로역,POI020,KEY_1,3919. 구로역·NC신구로점 버스정류장(구로역 방면),ST-3013,71,10,14,126.88237,37.50096512
2026-06-15T08:36:47.908592+09:00,구로역,구로역,POI020,KEY_1,1946. 구로역 광장,ST-873,250,25,10,126.88038635,37.50311661
2026-06-15T08:36:47.908592+09:00,군자역,군자역,POI021,KEY_2,540. 군자역 7번출구 베스트샵 앞,ST-253,13,1,8,127.0786438,37.55603027
2026-06-15T08:36:47.908592+09:00,군자역,군자역,POI021,KEY_2,3500. 군자역2번출구,ST-983,300,21,7,127.07969666,37.55758667
2026-06-15T08:36:47.908592+09:00,군자역,군자역,POI021,KEY_2,3586.군자역 비채온 오피스텔,ST-2325,125,10,8,127.07727051,37.55771255
2026-06-15T08:36:47.908592+09:00,군자역,군자역,POI021,KEY_2,3518. 군자역 7번출구뒤,ST-1263,88,7,8,127.07913971,37.55686188
2026-06-15T08:36:47.908592+09:00,대림역,대림역,POI023,KEY_3,286. 우성아파트 교차로,ST-1652,142,17,12,126.89974976,37.49457169
2026-06-15T08:36:47.908592+09:00,대림역,대림역,POI023,KEY_3,1914. 대림역4번출구,ST-918,160,16,10,126.89444733,37.49440384
2026-06-15T08:36:47.908592+09:00,대림역,대림역,POI023,KEY_3,1975. 대림역 1번 출입구 밑,ST-1237,130,13,10,126.8947525,37.49256516
2026-06-15T08:36:47.908592+09:00,동대문역,동대문역,POI024,KEY_4,457. 종로꽃시장 입구 옆,ST-1610,70,7,10,127.00720978,37.57131958
2026-06-15T08:36:47.908592+09:00,동대문역,동대문역,POI024,KEY_4,393. 동대문역 8번 출구,ST-1372,117,14,12,127.00937653,37.57014084
2026-06-15T08:36:47.908592+09:00,동대문역,동대문역,POI024,KEY_4,3415.동대문역6번출구,ST-1812,87,13,15,127.0107193,37.57147217
2026-06-15T08:36:47.908592+09:00,미아사거리역,미아사거리역,POI026,KEY_2,1546. 송천동우체국,ST-1665,150,15,10,127.02970123,37.61545944
2026-06-15T08:36:47.908592+09:00,미아사거리역,미아사거리역,POI026,KEY_2,1574.송중초등학교 옆,ST-2405,88,7,8,127.03049469,37.61669922
2026-06-15T08:36:47.908592+09:00,미아사거리역,미아사거리역,POI026,KEY_2,1531. 미아사거리 1번 출구,ST-1105,140,14,10,127.03025055,37.61395645
2026-06-15T08:36:47.908592+09:00,미아사거리역,미아사거리역,POI026,KEY_2,4423.현대백화점 미아점,ST-3203,10,1,10,127.02845764,37.60884857
2026-06-15T08:36:47.908592+09:00,발산역,발산역,POI027,KEY_3,1117. 등촌5단지아파트 버스정류장,ST-834,0,0,10,126.84426117,37.55819702
2026-06-15T08:36:47.908592+09:00,발산역,발산역,POI027,KEY_3,1124. 발산역 6번 출구 뒤,ST-522,17,1,6,126.8384552,37.55817795
2026-06-15T08:36:47.908592+09:00,발산역,발산역,POI027,KEY_3,"1153. 발산역 1번, 9번 인근 대여소",ST-1065,13,4,32,126.83717346,37.55894852
2026-06-15T08:36:47.908592+09:00,발산역,발산역,POI027,KEY_3,1197. 엠펠리체 호텔 건너편,ST-1714,120,24,20,126.83546448,37.56026077
2026-06-15T08:36:47.908592+09:00,발산역,발산역,POI027,KEY_3,2717.LG유플러스 마곡사옥,ST-2033,192,119,62,126.83390045,37.56133652
2026-06-15T08:36:47.908592+09:00,발산역,발산역,POI027,KEY_3,3760. 발산역 8번 출구,ST-2538,0,0,17,126.83676147,37.55846024
2026-06-15T08:36:47.908592+09:00,발산역,발산역,POI027,KEY_3,2721.등촌1-10단지 교차로,ST-2037,17,2,12,126.8393631,37.56320572
2026-06-15T08:36:47.908592+09:00,발산역,발산역,POI027,KEY_3,3764. 관문주유소(GS칼택스) 앞,ST-2613,0,0,10,126.84183502,37.55802917
2026-06-15T08:36:47.908592+09:00,발산역,발산역,POI027,KEY_3,2723.마곡 필네이처,ST-2040,100,13,13,126.83669281,37.56089401
2026-06-15T08:36:47.908592+09:00,발산역,발산역,POI027,KEY_3,3759. 이대서울병원,ST-2569,108,27,25,126.83559418,37.5586319
2026-06-15T08:36:47.908592+09:00,발산역,발산역,POI027,KEY_3,2730.마곡메가박스 앞,ST-2047,60,18,30,126.83495331,37.55912781
2026-06-15T08:36:47.908592+09:00,발산역,발산역,POI027,KEY_3,5095. 원당근린공원,ST-3226,64,9,14,126.84147644,37.55947495
2026-06-15T08:36:47.908592+09:00,발산역,발산역,POI027,KEY_3,5061. 우장산동 가곡어린이공원앞,ST-2888,10,1,10,126.83751678,37.55545425
2026-06-15T08:36:47.908592+09:00,사당역,사당역,POI029,KEY_4,2222.사당역 12번출구 뒤,ST-753,230,23,10,126.98203278,37.47806931
2026-06-15T08:36:47.908592+09:00,사당역,사당역,POI029,KEY_4,2104. 사당역 5번출구,ST-712,108,14,13,126.98133087,37.47608948
2026-06-15T08:36:47.908592+09:00,사당역,사당역,POI029,KEY_4,2089.사당역10번출구(금강빌딩),ST-2362,60,6,10,126.98150635,37.4791069
2026-06-15T08:36:47.908592+09:00,사당역,사당역,POI029,KEY_4,2034. 사당역 7번출구쪽,ST-924,68,13,19,126.98057556,37.47689056
2026-06-15T08:36:47.908592+09:00,삼각지역,삼각지역,POI030,KEY_1,848. 삼각지12번 출구,ST-2172,63,5,8,126.97562408,37.53488922
2026-06-15T08:36:47.908592+09:00,삼각지역,삼각지역,POI030,KEY_1,849. 삼각지 자이아파트,ST-2173,60,12,20,126.97341919,37.53607941
2026-06-15T08:36:47.908592+09:00,삼각지역,삼각지역,POI030,KEY_1,4620. 삼각지역 14번 출구 앞(교통섬),ST-2451,125,10,8,126.97408295,37.53528595
2026-06-15T08:36:47.908592+09:00,서울대입구역,서울대입구역,POI031,KEY_2,2111. 서울대입구역 1번출구,ST-965,0,0,10,126.95331573,37.48086929
2026-06-15T08:36:47.908592+09:00,서울대입구역,서울대입구역,POI031,KEY_2,2116. 에이스에이존빌딩,ST-717,144,13,9,126.95082855,37.48170471
2026-06-15T08:36:47.908592+09:00,서울대입구역,서울대입구역,POI031,KEY_2,2171. 서울대입구역 5번출구,ST-1337,35,6,17,126.95200348,37.48154831
2026-06-15T08:36:47.908592+09:00,서울대입구역,서울대입구역,POI031,KEY_2,3311.서울대입구역 4번 출구,ST-2394,100,12,12,126.95157623,37.48122025
2026-06-15T08:36:47.908592+09:00,서울대입구역,서울대입구역,POI031,KEY_2,2128. 관악구청교차로,ST-720,0,0,12,126.95265198,37.47949982
2026-06-15T08:36:47.908592+09:00,서울대입구역,서울대입구역,POI031,KEY_2,2112. 서울대입구역 마에스트로,ST-715,40,6,15,126.95064545,37.4813385
2026-06-15T08:36:47.908592+09:00,서울식물원·마곡나루역,서울식물원·마곡나루역,POI032,KEY_3,2727.서울식물원 잔디마당 앞,ST-2044,256,64,25,126.8306427,37.5639267
2026-06-15T08:36:47.908592+09:00,서울식물원·마곡나루역,서울식물원·마곡나루역,POI032,KEY_3,2725.서울식물원 식물문화센터,ST-2042,105,21,20,126.83563232,37.56883621
2026-06-15T08:36:47.908592+09:00,서울식물원·마곡나루역,서울식물원·마곡나루역,POI032,KEY_3,2715.마곡나루역 2번 출구,ST-2031,96,24,25,126.82743835,37.56692505
2026-06-15T08:36:47.908592+09:00,서울식물원·마곡나루역,서울식물원·마곡나루역,POI032,KEY_3,5097. LG사이언스파크 E2동,ST-3259,118,47,40,126.83208466,37.56381607
2026-06-15T08:36:47.908592+09:00,서울식물원·마곡나루역,서울식물원·마곡나루역,POI032,KEY_3,5098. LG사이언스파크 W4동,ST-3261,90,18,20,126.82978821,37.56403732
2026-06-15T08:36:47.908592+09:00,서울식물원·마곡나루역,서울식물원·마곡나루역,POI032,KEY_3,6177. 마곡롯데캐슬르웨스트,ST-3324,320,32,10,126.82462311,37.56356049
2026-06-15T08:36:47.908592+09:00,서울역,서울역,POI033,KEY_4,379. 서울역9번출구,ST-194,57,4,7,126.97330475,37.55580521
2026-06-15T08:36:47.908592+09:00,서울역,서울역,POI033,KEY_4,435. SK 남산빌딩,ST-1670,170,17,10,126.97561646,37.55686188
2026-06-15T08:36:47.908592+09:00,서울역,서울역,POI033,KEY_4,485.서울역5번출구,ST-1791,80,8,10,126.97319794,37.55677032
2026-06-15T08:36:47.908592+09:00,서울역,서울역,POI033,KEY_4,6062.서울역파출소,ST-3413,0,0,10,126.97183228,37.55709457
2026-06-15T08:36:47.908592+09:00,서울역,서울역,POI033,KEY_4,4794. 서울역 서부교차로(3),ST-2786,25,2,8,126.96942139,37.55540848
2026-06-15T08:36:47.908592+09:00,서울역,서울역,POI033,KEY_4,4760. 서울역 7번출구,ST-2430,40,4,10,126.97364044,37.55664444
2026-06-15T08:36:47.908592+09:00,선릉역,선릉역,POI034,KEY_1,2332. 선릉역3번출구,ST-815,88,7,8,127.04903412,37.50410461
2026-06-15T08:36:47.908592+09:00,선릉역,선릉역,POI034,KEY_1,2369. KT선릉타워,ST-1178,20,4,20,127.0528717,37.50542831
2026-06-15T08:36:47.908592+09:00,선릉역,선릉역,POI034,KEY_1,2328. 르네상스 호텔 사거리 역삼지하보도 7번출구 앞,ST-811,180,18,10,127.04273224,37.50321198
2026-06-15T08:36:47.908592+09:00,선릉역,선릉역,POI034,KEY_1,2329. 르네상스호텔사거리 역삼지하보도 2번출구,ST-812,40,4,10,127.04319,37.50235748
2026-06-15T08:36:47.908592+09:00,선릉역,선릉역,POI034,KEY_1,2319. 포스코사거리 서측(수협 삼성동 지점),ST-802,40,4,10,127.05467987,37.50660706
2026-06-15T08:36:47.908592+09:00,성신여대입구역,성신여대입구역,POI035,KEY_2,1384.성신여대입구역 5번출구,ST-2225,215,28,13,127.01628876,37.59282684
2026-06-15T08:36:47.908592+09:00,성신여대입구역,성신여대입구역,POI035,KEY_2,1337. 돈암성당 옆,ST-1201,38,5,13,127.01716614,37.59039307
2026-06-15T08:36:47.908592+09:00,성신여대입구역,성신여대입구역,POI035,KEY_2,1385.성신여대입구역 3번출구 앞,ST-2226,120,12,10,127.01628876,37.59236526
2026-06-15T08:36:47.908592+09:00,수유역,수유역,POI036,KEY_3,1512. 강북중학교 앞,ST-862,85,17,20,127.02656555,37.64473724
2026-06-15T08:36:47.908592+09:00,수유역,수유역,POI036,KEY_3,1503. 강북구청사거리(수유역 8번출구),ST-643,114,16,14,127.02672577,37.63926315
2026-06-15T08:36:47.908592+09:00,수유역,수유역,POI036,KEY_3,1526. 강북종합시장 앞,ST-1100,50,4,8,127.02462769,37.64173889
2026-06-15T08:36:47.908592+09:00,수유역,수유역,POI036,KEY_3,1520. 수유중앙시장,ST-650,257,18,7,127.022789,37.63986206
2026-06-15T08:36:47.908592+09:00,수유역,수유역,POI036,KEY_3,1569.수유역2번출구,ST-2137,0,0,10,127.02590179,37.63796997
2026-06-15T08:36:47.908592+09:00,수유역,수유역,POI036,KEY_3,1535. 효성인텔리안 앞,ST-1109,30,3,10,127.02337646,37.6362915
2026-06-15T08:36:47.908592+09:00,수유역,수유역,POI036,KEY_3,1530. 광산사거리,ST-1104,92,12,13,127.0223465,37.64355087
2026-06-15T08:36:47.908592+09:00,수유역,수유역,POI036,KEY_3,1552. 강북구청사거리,ST-2125,38,3,8,127.02723694,37.63920212
2026-06-15T08:36:47.908592+09:00,숭례문,숭례문,POI131,KEY_4,6060. 신한은행 본점,ST-3342,200,16,8,126.97480774,37.56077576
2026-06-15T08:36:47.908592+09:00,숭례문,숭례문,POI131,KEY_4,445.대한상공회의소,ST-1771,100,15,15,126.97410583,37.56015396
2026-06-15T08:36:47.908592+09:00,시의회 앞,시의회 앞,POI130,KEY_1,310. 청계광장 옆,ST-126,138,11,8,126.9774704,37.56887817
2026-06-15T08:36:47.908592+09:00,시의회 앞,시의회 앞,POI130,KEY_1,6058. 시청역 2번출구,ST-3297,0,0,15,126.97702026,37.56557846
2026-06-15T08:36:47.908592+09:00,신논현역·논현역,신논현역·논현역,POI037,KEY_2,2542.신논현타워 앞,ST-1926,10,1,10,127.02391052,37.50508881
2026-06-15T08:36:47.908592+09:00,신논현역·논현역,신논현역·논현역,POI037,KEY_2,2302. 교보타워 버스정류장(신논현역 3번출구 후면),ST-787,20,2,10,127.02427673,37.5055809
2026-06-15T08:36:47.908592+09:00,신논현역·논현역,신논현역·논현역,POI037,KEY_2,4347. 논현지하보도,ST-3332,60,6,10,127.02232361,37.50836945
2026-06-15T08:36:47.908592+09:00,신림역,신림역,POI039,KEY_4,2136. 신림역 8번출구,ST-976,263,21,8,126.93006897,37.48450851
2026-06-15T08:36:47.908592+09:00,신림역,신림역,POI039,KEY_4,2175. 신림동걷고싶은문화의거리입구,ST-1270,71,5,7,126.92870331,37.48730087
2026-06-15T08:36:47.908592+09:00,신림역,신림역,POI039,KEY_4,2102. 봉림교 교통섬,ST-702,138,18,13,126.92688751,37.48408508
2026-06-15T08:36:47.908592+09:00,신정네거리역,신정네거리역,POI117,KEY_1,722. 경서농협 버스정류장(우리은행신정동지점방향),ST-993,90,9,10,126.85738373,37.52151108
2026-06-15T08:36:47.908592+09:00,신정네거리역,신정네거리역,POI117,KEY_1,706. 신정네거리역,ST-313,133,20,15,126.85175323,37.5218811
2026-06-15T08:36:47.908592+09:00,신정네거리역,신정네거리역,POI117,KEY_1,4509. 서울영상고교 입구,ST-2761,227,34,15,126.85928345,37.52198029
2026-06-15T08:36:47.908592+09:00,신정네거리역,신정네거리역,POI117,KEY_1,4507. 신정제일시장,ST-2759,30,3,10,126.85499573,37.52122498
2026-06-15T08:36:47.908592+09:00,신정네거리역,신정네거리역,POI117,KEY_1,4510. 신정네거리역 교차로,ST-2762,8,1,13,126.85228729,37.52175903
2026-06-15T08:36:47.908592+09:00,신촌·이대역,신촌·이대역,POI040,KEY_2,128. 신촌역(2호선) 1번출구 옆,ST-30,11,2,19,126.93634033,37.55549622
2026-06-15T08:36:47.908592+09:00,신촌·이대역,신촌·이대역,POI040,KEY_2,150. 서강대역 2번출구 앞,ST-207,27,4,15,126.93434143,37.55295563
2026-06-15T08:36:47.908592+09:00,신촌·이대역,신촌·이대역,POI040,KEY_2,129. 신촌역(2호선) 6번출구 옆,ST-31,70,7,10,126.93756866,37.55505371
2026-06-15T08:36:47.908592+09:00,신촌·이대역,신촌·이대역,POI040,KEY_2,134. 연세로 명물길,ST-36,125,10,8,126.93807983,37.55789185
2026-06-15T08:36:47.908592+09:00,신촌·이대역,신촌·이대역,POI040,KEY_2,130. 신촌역(2호선) 7번출구 앞,ST-32,60,6,10,126.93626404,37.5550499
2026-06-15T08:36:47.908592+09:00,신촌·이대역,신촌·이대역,POI040,KEY_2,135. 명물길 원형무대 앞,ST-37,80,8,10,126.93984222,37.55922699
2026-06-15T08:36:47.908592+09:00,신촌·이대역,신촌·이대역,POI040,KEY_2,137. 신촌기차역입구 교차로,ST-39,10,1,10,126.9431839,37.55681229
2026-06-15T08:36:47.908592+09:00,신촌·이대역,신촌·이대역,POI040,KEY_2,3116.신촌역 4번출구,ST-2201,0,0,10,126.93720245,37.55550385
2026-06-15T08:36:47.908592+09:00,신촌·이대역,신촌·이대역,POI040,KEY_2,4248. 신촌 교보빌딩,ST-3021,0,0,10,126.94034576,37.5560112
2026-06-15T08:36:47.908592+09:00,신촌·이대역,신촌·이대역,POI040,KEY_2,4274. 신촌 파랑고래 입구,ST-3140,0,0,10,126.93603516,37.55687714
2026-06-15T08:36:47.908592+09:00,쌍문역,쌍문역,POI070,KEY_3,1709. 쌍문역4번출구 주변,ST-616,129,22,17,127.03534698,37.65012741
2026-06-15T08:36:47.908592+09:00,쌍문역,쌍문역,POI070,KEY_3,1774.정의여중고 버스정류소,ST-2119,200,16,8,127.034729,37.65134811
2026-06-15T08:36:47.908592+09:00,쌍문역,쌍문역,POI070,KEY_3,1754. 창동시장입구 사거리,ST-2099,55,6,11,127.03343201,37.64689636
2026-06-15T08:36:47.908592+09:00,쌍문역,쌍문역,POI070,KEY_3,4054. 창동한신아파트 버스정류소,ST-2722,240,24,10,127.03527069,37.64601898
2026-06-15T08:36:47.908592+09:00,양재역,양재역,POI041,KEY_4,2242.양재역 10번 출구 앞,ST-767,5,1,20,127.03417969,37.48398972
2026-06-15T08:36:47.908592+09:00,양재역,양재역,POI041,KEY_4,2293. SPC 앞,ST-1360,70,7,10,127.03699493,37.48479843
2026-06-15T08:36:47.908592+09:00,양재역,양재역,POI041,KEY_4,2333. 양재역 3번출구 주변,ST-816,21,3,14,127.03407288,37.48515701
2026-06-15T08:36:47.908592+09:00,양재역,양재역,POI041,KEY_4,4329. SC제일은행 양재동지점 앞,ST-2962,88,7,8,127.03315735,37.48573685
2026-06-15T08:36:47.908592+09:00,역삼역,역삼역,POI042,KEY_1,2410. 포스코피앤에스타워 (역삼역 3번출구 부근),ST-1680,120,12,10,127.03375244,37.49959946
2026-06-15T08:36:47.908592+09:00,역삼역,역삼역,POI042,KEY_1,2430.강남파이낸스센터앞(역삼역2번출구),ST-1896,120,12,10,127.03605652,37.50024414
2026-06-15T08:36:47.908592+09:00,역삼역,역삼역,POI042,KEY_1,2349. 역삼빌딩 앞(하나은행 옆),ST-959,75,9,12,127.03856659,37.50154495
2026-06-15T08:36:47.908592+09:00,연신내역,연신내역,POI043,KEY_2,906. 연신내역 5번출구,ST-454,150,12,8,126.91957855,37.61721039
2026-06-15T08:36:47.908592+09:00,연신내역,연신내역,POI043,KEY_2,949. 연신내역 1번 출구,ST-1035,650,39,6,126.92080688,37.61978149
2026-06-15T08:36:47.908592+09:00,연신내역,연신내역,POI043,KEY_2,922. 연신내역 4번출구,ST-470,30,3,10,126.92196655,37.61780167
2026-06-15T08:36:47.908592+09:00,오목교역·목동운동장,오목교역·목동운동장,POI044,KEY_3,771.목동아파트 703동 앞,ST-1997,150,12,8,126.87016296,37.52820587
2026-06-15T08:36:47.908592+09:00,오목교역·목동운동장,오목교역·목동운동장,POI044,KEY_3,756. 목동주차장,ST-1497,67,10,15,126.8761673,37.52667999
2026-06-15T08:36:47.908592+09:00,오목교역·목동운동장,오목교역·목동운동장,POI044,KEY_3,703. 오목교역 7번출구 앞,ST-311,208,25,12,126.87524414,37.52362823
2026-06-15T08:36:47.908592+09:00,오목교역·목동운동장,오목교역·목동운동장,POI044,KEY_3,762. 오목로 무중력지대 앞,ST-1503,110,11,10,126.87766266,37.52474213
2026-06-15T08:36:47.908592+09:00,오목교역·목동운동장,오목교역·목동운동장,POI044,KEY_3,765. 오목교역 3번출구,ST-1731,158,19,12,126.87548065,37.52477646
2026-06-15T08:36:47.908592+09:00,오목교역·목동운동장,오목교역·목동운동장,POI044,KEY_3,731. 서울시 도로환경관리센터,ST-1002,70,7,10,126.87654114,37.5298996
2026-06-15T08:36:47.908592+09:00,오목교역·목동운동장,오목교역·목동운동장,POI044,KEY_3,791.현대하이페리온,ST-2016,253,38,15,126.86980438,37.52490234
2026-06-15T08:36:47.908592+09:00,오목교역·목동운동장,오목교역·목동운동장,POI044,KEY_3,748. 목동운동장,ST-1019,60,9,15,126.87930298,37.53025055
2026-06-15T08:36:47.908592+09:00,오목교역·목동운동장,오목교역·목동운동장,POI044,KEY_3,792.목동트라팰리스 웨스턴에비뉴,ST-2017,95,19,20,126.8709259,37.52537155
2026-06-15T08:36:47.908592+09:00,오목교역·목동운동장,오목교역·목동운동장,POI044,KEY_3,747. 목동3단지 상가,ST-1018,10,1,10,126.8756485,37.53458023
2026-06-15T08:36:47.908592+09:00,오목교역·목동운동장,오목교역·목동운동장,POI044,KEY_3,723. SBS방송국,ST-994,280,42,15,126.87274933,37.52916336
2026-06-15T08:36:47.908592+09:00,오목교역·목동운동장,오목교역·목동운동장,POI044,KEY_3,769.CBS방송국 앞,ST-1995,340,68,20,126.87467194,37.52785492
2026-06-15T08:36:47.908592+09:00,오목교역·목동운동장,오목교역·목동운동장,POI044,KEY_3,4532. 목동현대아파트 후문 앞,ST-2879,30,3,10,126.87805939,37.5221405
2026-06-15T08:36:47.908592+09:00,오목교역·목동운동장,오목교역·목동운동장,POI044,KEY_3,4546. 목동운동장 주경기장,ST-3227,237,71,30,126.88307953,37.52937698
2026-06-15T08:36:47.908592+09:00,오목교역·목동운동장,오목교역·목동운동장,POI044,KEY_3,4543. 오목교역 6번 출구,ST-3163,356,32,9,126.87567139,37.5236702
2026-06-15T08:36:47.908592+09:00,오목교역·목동운동장,오목교역·목동운동장,POI044,KEY_3,4514. 목동성당 앞,ST-2764,25,5,20,126.86930084,37.52319717
2026-06-15T08:36:47.908592+09:00,왕십리역,왕십리역,POI045,KEY_4,558. 성동광진 교육지원청 앞,ST-359,115,23,20,127.03652191,37.56460571
2026-06-15T08:36:47.908592+09:00,왕십리역,왕십리역,POI045,KEY_4,525. 한양대병원사거리,ST-241,120,24,20,127.04035187,37.55805206
2026-06-15T08:36:47.908592+09:00,왕십리역,왕십리역,POI045,KEY_4,559. 왕십리역 4번 출구 건너편,ST-360,85,11,13,127.03679657,37.56109619
2026-06-15T08:36:47.908592+09:00,왕십리역,왕십리역,POI045,KEY_4,3561.행당동 삼부APT후문,ST-2343,50,5,10,127.03839874,37.55926895
2026-06-15T08:36:47.908592+09:00,왕십리역,왕십리역,POI045,KEY_4,3545.한양대역 1번출구,ST-2327,100,10,10,127.04335785,37.55657959
2026-06-15T08:36:47.908592+09:00,용산역,용산역,POI046,KEY_1,806. 전자랜드 본관 앞,ST-327,35,7,20,126.96073151,37.5330658
2026-06-15T08:36:47.908592+09:00,용산역,용산역,POI046,KEY_1,853.용산역 맞은편,ST-2177,53,10,19,126.96595001,37.52841568
2026-06-15T08:36:47.908592+09:00,용산역,용산역,POI046,KEY_1,845. 용산 선인상가,ST-1615,44,7,16,126.96437836,37.53269958
2026-06-15T08:36:47.908592+09:00,용산역,용산역,POI046,KEY_1,4617. 동원베네스트 건너편,ST-2448,100,6,6,126.95511627,37.52761078
2026-06-15T08:36:47.908592+09:00,용산역,용산역,POI046,KEY_1,4616. 신용산지하차도 앞,ST-2447,7,1,15,126.96411896,37.53248215
2026-06-15T08:36:47.908592+09:00,잠실새내역,잠실새내역,POI118,KEY_3,1224. 아시아지하보도 2번 출구,ST-548,13,2,15,127.07893372,37.51216888
2026-06-15T08:36:47.908592+09:00,잠실새내역,잠실새내역,POI118,KEY_3,1222. 잠실새내역 5번 출구 뒤,ST-547,48,11,23,127.08505249,37.51198196
2026-06-15T08:36:47.908592+09:00,잠실새내역,잠실새내역,POI118,KEY_3,2635.잠실새내역 1번출구,ST-1862,81,17,21,127.08673859,37.51129532
2026-06-15T08:36:47.908592+09:00,잠실새내역,잠실새내역,POI118,KEY_3,2637. 아시아지하보도 14번 출구,ST-1864,87,13,15,127.07881165,37.51146317
2026-06-15T08:36:47.908592+09:00,잠실역,잠실역,POI119,KEY_4,1231. 잠실역 6번출구,ST-840,215,28,13,127.09902954,37.51408768
2026-06-15T08:36:47.908592+09:00,잠실역,잠실역,POI119,KEY_4,1210. 롯데월드타워(잠실역2번출구 쪽),ST-891,157,47,30,127.10095978,37.51312637
2026-06-15T08:36:47.908592+09:00,잠실역,잠실역,POI119,KEY_4,1232. 잠실주공 521동 건너편,ST-550,170,17,10,127.09568787,37.51184082
2026-06-15T08:36:47.908592+09:00,잠실역,잠실역,POI119,KEY_4,2647.잠실 자전거 수리센터 앞,ST-1868,300,21,7,127.10114288,37.51100922
2026-06-15T08:36:47.908592+09:00,장지역,장지역,POI048,KEY_1,1247. 문정 법조단지11,ST-907,20,3,15,127.12351227,37.4788208
2026-06-15T08:36:47.908592+09:00,장지역,장지역,POI048,KEY_1,1244. 문정 법조단지8,ST-904,9,1,11,127.12212372,37.48153687
2026-06-15T08:36:47.908592+09:00,장지역,장지역,POI048,KEY_1,1266. 문정동 글샘 공원,ST-1085,0,0,10,127.12000275,37.47880936
2026-06-15T08:36:47.908592+09:00,장지역,장지역,POI048,KEY_1,1246. 문정 법조단지10,ST-906,73,22,30,127.12632751,37.47750854
2026-06-15T08:36:47.908592+09:00,장지역,장지역,POI048,KEY_1,1245. 문정 법조단지9,ST-905,20,2,10,127.12532806,37.47946548
2026-06-15T08:36:47.908592+09:00,장지역,장지역,POI048,KEY_1,4491. 장지역 1번출구,ST-2599,60,6,10,127.12678528,37.47953415
2026-06-15T08:36:47.908592+09:00,장지역,장지역,POI048,KEY_1,4885. 가든파이브 리빙관,ST-2985,175,14,8,127.123703,37.47709656
2026-06-15T08:36:47.908592+09:00,장한평역,장한평역,POI049,KEY_2,529. 장한평역 8번 출구 앞,ST-243,188,15,8,127.06365967,37.56137085
2026-06-15T08:36:47.908592+09:00,장한평역,장한평역,POI049,KEY_2,626. 군자교 서측 녹지대,ST-394,276,47,17,127.07096863,37.56115341
2026-06-15T08:36:47.908592+09:00,장한평역,장한평역,POI049,KEY_2,4105. 서울교통공사사거리 교통섬,ST-2499,190,19,10,127.05799103,37.56324005
2026-06-15T08:36:47.908592+09:00,장한평역,장한평역,POI049,KEY_2,4385. 용답동 우체국 주변,ST-3099,120,6,5,127.06151581,37.56168747
2026-06-15T08:36:47.908592+09:00,천호역,천호역,POI050,KEY_3,1009. 천호역4번출구(현대백화점),ST-493,140,28,20,127.12424469,37.53866577
2026-06-15T08:36:47.908592+09:00,천호역,천호역,POI050,KEY_3,1264. 천호역 10번 출구 앞,ST-1083,188,15,8,127.12280273,37.53858185
2026-06-15T08:36:47.908592+09:00,천호역,천호역,POI050,KEY_3,3657. 서울천호동우체국,ST-2732,320,32,10,127.12576294,37.54074097
2026-06-15T08:36:47.908592+09:00,총신대입구(이수)역,총신대입구(이수)역,POI051,KEY_4,2264. 이수역 1번출구,ST-935,44,4,9,126.98271942,37.48897171
2026-06-15T08:36:47.908592+09:00,총신대입구(이수)역,총신대입구(이수)역,POI051,KEY_4,2082.7호선 이수역7번출구,ST-2355,100,10,10,126.98179626,37.4846077
2026-06-15T08:36:47.908592+09:00,총신대입구(이수)역,총신대입구(이수)역,POI051,KEY_4,2511. 이수역 6번출구 앞,ST-1739,110,11,10,126.98234558,37.48398972
2026-06-15T08:36:47.908592+09:00,총신대입구(이수)역,총신대입구(이수)역,POI051,KEY_4,2091. 이수역9번출구,ST-2364,160,24,15,126.98059082,37.48470306
2026-06-15T08:36:47.908592+09:00,총신대입구(이수)역,총신대입구(이수)역,POI051,KEY_4,2032. 이수역 11번출구쪽,ST-923,210,21,10,126.98162079,37.48550797
2026-06-15T08:36:47.908592+09:00,충정로역,충정로역,POI052,KEY_1,180. 충정로역 7번출구 아래,ST-233,10,1,10,126.96246338,37.55996704
2026-06-15T08:36:47.908592+09:00,충정로역,충정로역,POI052,KEY_1,3114.충정로역 3번 출구,ST-2198,0,0,7,126.96552277,37.56046295
2026-06-15T08:36:47.908592+09:00,충정로역,충정로역,POI052,KEY_1,3134.SK리쳄블(서울아리수본부),ST-2219,0,0,10,126.96658325,37.56131744
2026-06-15T08:36:47.908592+09:00,충정로역,충정로역,POI052,KEY_1,4266.국민연금공단충정로사옥,ST-3027,11,1,9,126.96414948,37.56184769
2026-06-15T08:36:47.908592+09:00,충정로역,충정로역,POI052,KEY_1,4271. 충정로역 1번 출구,ST-3107,0,0,7,126.96305847,37.55942535
2026-06-15T08:36:47.908592+09:00,충정로역,충정로역,POI052,KEY_1,4801. 충정로역 2호선(엘리베이터 앞),ST-3053,0,0,5,126.96414185,37.55937576
2026-06-15T08:36:47.908592+09:00,충정로역,충정로역,POI052,KEY_1,4752. 삼성사이버빌리지아파트,ST-2624,0,0,7,126.96485901,37.55891418
2026-06-15T08:36:47.908592+09:00,합정역,합정역,POI053,KEY_2,106. 합정역 7번출구 앞,ST-8,33,4,12,126.91282654,37.54864502
2026-06-15T08:36:47.908592+09:00,합정역,합정역,POI053,KEY_2,105. 합정역 5번출구 앞,ST-7,20,1,5,126.91482544,37.55000687
2026-06-15T08:36:47.908592+09:00,합정역,합정역,POI053,KEY_2,497.합정동주민센터 앞,ST-2156,12,3,25,126.91230011,37.551754
2026-06-15T08:36:47.908592+09:00,합정역,합정역,POI053,KEY_2,4211. 시석빌딩 앞,ST-2534,13,1,8,126.91671753,37.54836655
2026-06-15T08:36:47.908592+09:00,혜화역,혜화역,POI054,KEY_3,341. 혜화역 3번출구 뒤,ST-157,50,4,8,127.00178528,37.58156967
2026-06-15T08:36:47.908592+09:00,혜화역,혜화역,POI054,KEY_3,358. 성균관대입구 사거리 A,ST-173,23,3,13,126.99853516,37.58250046
2026-06-15T08:36:47.908592+09:00,혜화역,혜화역,POI054,KEY_3,342. 대학로 마로니에공원,ST-158,14,3,22,127.00234222,37.58044434
2026-06-15T08:36:47.908592+09:00,혜화역,혜화역,POI054,KEY_3,3420. 성균관대입구 사거리 B,ST-1817,10,1,10,126.99885559,37.58327484
2026-06-15T08:36:47.908592+09:00,혜화역,혜화역,POI054,KEY_3,3421.혜화역 1번출구,ST-1818,50,5,10,127.00185394,37.58385468
2026-06-15T08:36:47.908592+09:00,혜화역,혜화역,POI054,KEY_3,3419.국립어린이과학관,ST-1816,7,1,14,126.99736786,37.58194733
2026-06-15T08:36:47.908592+09:00,홍대입구역(2호선),홍대입구역(2호선),POI055,KEY_4,113. 홍대입구역 2번출구 앞,ST-18,243,68,28,126.9238205,37.5574379
2026-06-15T08:36:47.908592+09:00,홍대입구역(2호선),홍대입구역(2호선),POI055,KEY_4,114. 홍대입구역 8번출구 앞,ST-20,20,3,15,126.92442322,37.55706024
2026-06-15T08:36:47.908592+09:00,회기역,회기역,POI056,KEY_1,680.꿈마루어린이도서관 앞,ST-2280,64,14,22,127.05741119,37.59238434
2026-06-15T08:36:47.908592+09:00,회기역,회기역,POI056,KEY_1,670.삼육서울병원 버스정류장,ST-2270,211,19,9,127.06151581,37.5896759
2026-06-15T10:28:05.394655+09:00,광화문·덕수궁,광화문·덕수궁,POI009,KEY_2,391. 시립미술관,ST-977,88,7,8,126.97340393,37.56505203
2026-06-15T10:28:05.394655+09:00,광화문·덕수궁,광화문·덕수궁,POI009,KEY_2,310. 청계광장 옆,ST-126,138,11,8,126.9774704,37.56887817
2026-06-15T10:28:05.394655+09:00,광화문·덕수궁,광화문·덕수궁,POI009,KEY_2,4796. 서울시청,ST-2693,20,4,20,126.97925568,37.5664711
2026-06-15T10:28:05.394655+09:00,광화문·덕수궁,광화문·덕수궁,POI009,KEY_2,4719. 종로문화원 건너편,ST-3090,93,14,15,126.9805069,37.57571411
2026-06-15T10:28:05.394655+09:00,광화문·덕수궁,광화문·덕수궁,POI009,KEY_2,6058. 시청역 2번출구,ST-3297,0,0,15,126.97702026,37.56557846
2026-06-15T10:28:05.394655+09:00,보신각,보신각,POI010,KEY_3,316. 종각역 1번출구 앞,ST-132,138,11,8,126.98178864,37.57039642
2026-06-15T10:28:05.394655+09:00,보신각,보신각,POI010,KEY_3,385. 종각역 5번출구,ST-336,120,12,10,126.98265839,37.56983566
2026-06-15T10:28:05.394655+09:00,보신각,보신각,POI010,KEY_3,3408.종로타워빌딩,ST-1805,62,8,13,126.98323822,37.57070541
2026-06-15T10:28:05.394655+09:00,보신각,보신각,POI010,KEY_3,4708. 조계사앞사거리,ST-2472,117,7,6,126.98283386,37.5721817
2026-06-15T10:28:05.394655+09:00,창덕궁·종묘,창덕궁·종묘,POI012,KEY_1,339. 종로4가 사거리,ST-155,20,2,10,126.99819183,37.57106781
2026-06-15T10:28:05.394655+09:00,창덕궁·종묘,창덕궁·종묘,POI012,KEY_1,359. 원남동사거리,ST-174,188,15,8,126.99768066,37.57606125
2026-06-15T10:28:05.394655+09:00,창덕궁·종묘,창덕궁·종묘,POI012,KEY_1,338. 세운스퀘어 앞,ST-154,17,3,18,126.99712372,37.57095718
2026-06-15T10:28:05.394655+09:00,창덕궁·종묘,창덕궁·종묘,POI012,KEY_1,337. 창경궁 입구,ST-153,220,11,5,126.99647522,37.57897949
2026-06-15T10:28:05.394655+09:00,창덕궁·종묘,창덕궁·종묘,POI012,KEY_1,3413.종로플레이스,ST-1810,109,24,22,126.99796295,37.57320023
2026-06-15T10:28:05.394655+09:00,창덕궁·종묘,창덕궁·종묘,POI012,KEY_1,3410.종로3가역 8번출구,ST-1807,70,7,10,126.99188995,37.5724678
2026-06-15T10:28:05.394655+09:00,창덕궁·종묘,창덕궁·종묘,POI012,KEY_1,3411.종묘,ST-1808,56,5,9,126.99437714,37.57072067
2026-06-15T10:28:05.394655+09:00,동대문 관광특구,동대문 관광특구,POI002,KEY_3,346. 맥스타일 앞,ST-162,180,18,10,127.01014709,37.5689621
2026-06-15T10:28:05.394655+09:00,동대문 관광특구,동대문 관광특구,POI002,KEY_3,475.DDP 패션몰,ST-1781,43,9,21,127.0118103,37.56764984
2026-06-15T10:28:05.394655+09:00,동대문 관광특구,동대문 관광특구,POI002,KEY_3,347. 동대문역사문화공원역 9번출구 앞,ST-163,39,7,18,127.00784302,37.56533051
2026-06-15T10:28:05.394655+09:00,동대문 관광특구,동대문 관광특구,POI002,KEY_3,474.동대문역사문화공원역 1번출구 뒤편,ST-1780,93,37,40,127.00849152,37.56629944
2026-06-15T10:28:05.394655+09:00,동대문 관광특구,동대문 관광특구,POI002,KEY_3,6061.충무아트센터,ST-3381,150,15,10,127.01522064,37.56538773
2026-06-15T10:28:05.394655+09:00,동대문 관광특구,동대문 관광특구,POI002,KEY_3,4765. 동대문디자인플라자,ST-2431,115,23,20,127.00946045,37.5683136
2026-06-15T10:28:05.394655+09:00,동대문 관광특구,동대문 관광특구,POI002,KEY_3,383. 신당역 12번 출구 뒤,ST-198,79,19,24,127.01642609,37.56591797
2026-06-15T10:28:05.394655+09:00,명동 관광특구,명동 관광특구,POI003,KEY_4,320. 을지로입구역 4번출구 앞,ST-136,12,2,17,126.98358917,37.56622314
2026-06-15T10:28:05.394655+09:00,명동 관광특구,명동 관광특구,POI003,KEY_4,324. 신세계백화점 본점 앞,ST-140,138,11,8,126.9805069,37.56134415
2026-06-15T10:28:05.394655+09:00,명동 관광특구,명동 관광특구,POI003,KEY_4,310. 청계광장 옆,ST-126,138,11,8,126.9774704,37.56887817
2026-06-15T10:28:05.394655+09:00,명동 관광특구,명동 관광특구,POI003,KEY_4,318. 광교사거리 남측,ST-134,50,5,10,126.98231506,37.56863403
2026-06-15T10:28:05.394655+09:00,명동 관광특구,명동 관광특구,POI003,KEY_4,433. 을지로입구역 2번출구,ST-1668,8,1,12,126.98229218,37.56634521
2026-06-15T10:28:05.394655+09:00,명동 관광특구,명동 관광특구,POI003,KEY_4,331. 을지로2가 사거리 북측,ST-147,120,12,10,126.98720551,37.56638336
2026-06-15T10:28:05.394655+09:00,명동 관광특구,명동 관광특구,POI003,KEY_4,466.롯데호텔,ST-1772,23,3,13,126.97981262,37.56584167
2026-06-15T10:28:05.394655+09:00,명동 관광특구,명동 관광특구,POI003,KEY_4,321. KEB 하나금융그룹 명동사옥 옆,ST-137,20,3,15,126.98413849,37.56546402
2026-06-15T10:28:05.394655+09:00,명동 관광특구,명동 관광특구,POI003,KEY_4,322. 명동성당 앞,ST-138,30,3,10,126.98696899,37.56447601
2026-06-15T10:28:05.394655+09:00,명동 관광특구,명동 관광특구,POI003,KEY_4,398. 을지로3가역 3번출구,ST-1435,13,1,8,126.99249268,37.56660461
2026-06-15T10:28:05.394655+09:00,명동 관광특구,명동 관광특구,POI003,KEY_4,3013.서울지방고용노동청 앞,ST-2422,757,53,7,126.98725891,37.56760406
2026-06-15T10:28:05.394655+09:00,명동 관광특구,명동 관광특구,POI003,KEY_4,4791. 명동역9번 출구,ST-2527,10,1,10,126.98749542,37.56122589
2026-06-15T10:28:05.394655+09:00,명동 관광특구,명동 관광특구,POI003,KEY_4,4775. 을지로지하쇼핑센터,ST-2521,40,4,10,126.98445129,37.56589127
2026-06-15T10:28:05.394655+09:00,명동 관광특구,명동 관광특구,POI003,KEY_4,4776. 신세계면세점,ST-2522,40,4,10,126.98139191,37.56027603
2026-06-15T10:28:05.394655+09:00,명동 관광특구,명동 관광특구,POI003,KEY_4,4762. 국제빌딩,ST-2517,0,0,10,126.98244476,37.56694794
2026-06-15T10:28:05.394655+09:00,명동 관광특구,명동 관광특구,POI003,KEY_4,4796. 서울시청,ST-2693,20,4,20,126.97925568,37.5664711
2026-06-15T10:28:05.394655+09:00,명동 관광특구,명동 관광특구,POI003,KEY_4,6058. 시청역 2번출구,ST-3297,0,0,15,126.97702026,37.56557846
2026-06-15T10:28:05.394655+09:00,명동 관광특구,명동 관광특구,POI003,KEY_4,4774. 을지로입구역 8번출구,ST-2520,44,4,9,126.98178101,37.56590271
2026-06-15T10:28:05.394655+09:00,이태원 관광특구,이태원 관광특구,POI004,KEY_1,857. 현대 안성타워,ST-2181,10,1,10,126.99797058,37.53508759
2026-06-15T10:28:05.394655+09:00,이태원 관광특구,이태원 관광특구,POI004,KEY_1,854.HID 유족동지회 앞,ST-2178,0,0,10,127.0014801,37.53850937
2026-06-15T10:28:05.394655+09:00,이태원 관광특구,이태원 관광특구,POI004,KEY_1,843. 이태원관광특구 입구(용산구청방향),ST-1445,79,15,19,126.98867035,37.53379822
2026-06-15T10:28:05.394655+09:00,이태원 관광특구,이태원 관광특구,POI004,KEY_1,4634. 이태원역 3번 출구,ST-3056,40,2,5,126.99497223,37.5343895
2026-06-15T10:28:05.394655+09:00,이태원 관광특구,이태원 관광특구,POI004,KEY_1,4612. 이태원로 255,ST-2444,40,2,5,127.00084686,37.53749847
2026-06-15T10:28:05.394655+09:00,이태원 관광특구,이태원 관광특구,POI004,KEY_1,4613. 서울갤러리아 앞,ST-2445,0,0,5,126.99937439,37.53597641
2026-06-15T10:28:05.394655+09:00,이태원 관광특구,이태원 관광특구,POI004,KEY_1,4623. 라인프랜즈이태원점 앞,ST-2453,10,1,10,126.99619293,37.53453064
2026-06-15T10:28:05.394655+09:00,잠실 관광특구,잠실 관광특구,POI005,KEY_2,1232. 잠실주공 521동 건너편,ST-550,100,10,10,127.09568787,37.51184082
2026-06-15T10:28:05.394655+09:00,잠실 관광특구,잠실 관광특구,POI005,KEY_2,1297. 석촌호수교차로(동호 팔각정 앞),ST-1586,47,7,15,127.10411835,37.50920105
2026-06-15T10:28:05.394655+09:00,잠실 관광특구,잠실 관광특구,POI005,KEY_2,1268. 몽촌토성역 1번출구 옆,ST-1087,7,1,15,127.11419678,37.51728821
2026-06-15T10:28:05.394655+09:00,잠실 관광특구,잠실 관광특구,POI005,KEY_2,1296. 석촌호수교차로 (송파나루근린공원 앞),ST-1585,10,1,10,127.1034317,37.50867844
2026-06-15T10:28:05.394655+09:00,잠실 관광특구,잠실 관광특구,POI005,KEY_2,1210. 롯데월드타워(잠실역2번출구 쪽),ST-891,247,74,30,127.10095978,37.51312637
2026-06-15T10:28:05.394655+09:00,잠실 관광특구,잠실 관광특구,POI005,KEY_2,1233. 잠실3거리(갤러리아팰리스),ST-551,0,0,9,127.09336853,37.51050949
2026-06-15T10:28:05.394655+09:00,잠실 관광특구,잠실 관광특구,POI005,KEY_2,1267. 올림픽공원 남2문 앞,ST-1086,0,0,14,127.12306976,37.51424026
2026-06-15T10:28:05.394655+09:00,잠실 관광특구,잠실 관광특구,POI005,KEY_2,2601. 석촌호수 아뜰리에,ST-1590,19,3,16,127.09883118,37.5067482
2026-06-15T10:28:05.394655+09:00,잠실 관광특구,잠실 관광특구,POI005,KEY_2,2608. 송파구청,ST-1681,320,32,10,127.10611725,37.51499176
2026-06-15T10:28:05.394655+09:00,잠실 관광특구,잠실 관광특구,POI005,KEY_2,2647.잠실 자전거 수리센터 앞,ST-1868,314,22,7,127.10114288,37.51100922
2026-06-15T10:28:05.394655+09:00,잠실 관광특구,잠실 관광특구,POI005,KEY_2,2621. 한성백제역 2번 출구,ST-1719,33,5,15,127.11625671,37.51665878
2026-06-15T10:28:05.394655+09:00,잠실 관광특구,잠실 관광특구,POI005,KEY_2,2622. 올림픽공원역 3번출구,ST-1720,180,36,20,127.13059235,37.51625824
2026-06-15T10:28:05.394655+09:00,잠실 관광특구,잠실 관광특구,POI005,KEY_2,5768.방이삼거리,ST-3214,92,11,12,127.10822296,37.51237488
2026-06-15T10:28:05.394655+09:00,잠실 관광특구,잠실 관광특구,POI005,KEY_2,4856. 올림픽공원 서1문 앞,ST-2608,140,14,10,127.11457062,37.5202179
2026-06-15T10:28:05.394655+09:00,잠실 관광특구,잠실 관광특구,POI005,KEY_2,4870. 몽촌토성역 3번 출구,ST-2876,0,0,10,127.11232758,37.5170784
2026-06-15T10:28:05.394655+09:00,잠실 관광특구,잠실 관광특구,POI005,KEY_2,4481. 올림픽공원 북2문 B,ST-2592,92,23,25,127.12751007,37.52397537
2026-06-15T10:28:05.394655+09:00,잠실 관광특구,잠실 관광특구,POI005,KEY_2,4857. 올림픽공원 장미광장,ST-2621,7,1,15,127.126297,37.51275635
2026-06-15T10:28:05.394655+09:00,잠실 관광특구,잠실 관광특구,POI005,KEY_2,5751. 송파여성축구장,ST-3069,40,4,10,127.11743927,37.52471542
2026-06-15T10:28:05.394655+09:00,잠실 관광특구,잠실 관광특구,POI005,KEY_2,4868. 석촌호수 서호 남단,ST-2833,20,2,10,127.10124207,37.50717163
2026-06-15T10:28:05.394655+09:00,잠실 관광특구,잠실 관광특구,POI005,KEY_2,5781. 올림픽공원 수영장,ST-3300,143,20,14,127.12688446,37.52157211
2026-06-15T10:28:05.394655+09:00,잠실 관광특구,잠실 관광특구,POI005,KEY_2,4865. 한성백제역 1번출구 뒤,ST-2797,20,1,5,127.1149826,37.51647949
2026-06-15T10:28:05.394655+09:00,잠실 관광특구,잠실 관광특구,POI005,KEY_2,4862. 성내교 남단,ST-2756,20,2,10,127.11588287,37.52301788
2026-06-15T10:28:05.394655+09:00,잠실 관광특구,잠실 관광특구,POI005,KEY_2,4464. 올림픽공원 북2문 A,ST-2580,67,10,15,127.12804413,37.52357483
2026-06-15T10:28:05.394655+09:00,종로·청계 관광특구,종로·청계 관광특구,POI006,KEY_3,385. 종각역 5번출구,ST-336,120,12,10,126.98265839,37.56983566
2026-06-15T10:28:05.394655+09:00,종로·청계 관광특구,종로·청계 관광특구,POI006,KEY_3,335. 종로3가역 15번출구 뒤,ST-151,10,1,10,126.99165344,37.57019424
2026-06-15T10:28:05.394655+09:00,종로·청계 관광특구,종로·청계 관광특구,POI006,KEY_3,368. SK 서린빌딩 앞,ST-181,193,29,15,126.98053741,37.5692482
2026-06-15T10:28:05.394655+09:00,종로·청계 관광특구,종로·청계 관광특구,POI006,KEY_3,455. 종로6가역 버스정류장(동대문 방향),ST-1608,150,12,8,127.00605774,37.570961
2026-06-15T10:28:05.394655+09:00,종로·청계 관광특구,종로·청계 관광특구,POI006,KEY_3,329. 청계2가 사거리 옆,ST-145,113,9,8,126.98788452,37.56848526
2026-06-15T10:28:05.394655+09:00,종로·청계 관광특구,종로·청계 관광특구,POI006,KEY_3,393. 동대문역 8번 출구,ST-1372,167,20,12,127.00937653,37.57014084
2026-06-15T10:28:05.394655+09:00,종로·청계 관광특구,종로·청계 관광특구,POI006,KEY_3,3412.세운상가,ST-1809,13,2,15,126.99454498,37.5703125
2026-06-15T10:28:05.394655+09:00,종로·청계 관광특구,종로·청계 관광특구,POI006,KEY_3,3415.동대문역6번출구,ST-1812,87,13,15,127.0107193,37.57147217
2026-06-15T10:28:05.394655+09:00,종로·청계 관광특구,종로·청계 관광특구,POI006,KEY_3,3432.종로2가 사거리,ST-1829,43,6,14,126.98880768,37.57001877
2026-06-15T10:28:05.394655+09:00,종로·청계 관광특구,종로·청계 관광특구,POI006,KEY_3,4707. 청계3가 사거리,ST-2513,20,1,5,126.99211884,37.56855774
2026-06-15T10:28:05.394655+09:00,종로·청계 관광특구,종로·청계 관광특구,POI006,KEY_3,397. 종묘공영주차장 건너편,ST-1432,54,7,13,126.99663544,37.57048035
2026-06-15T10:28:05.394655+09:00,홍대 관광특구,홍대 관광특구,POI007,KEY_4,113. 홍대입구역 2번출구 앞,ST-18,146,41,28,126.9238205,37.5574379
2026-06-15T10:28:05.394655+09:00,홍대 관광특구,홍대 관광특구,POI007,KEY_4,493.홍대입구역 6번출구,ST-2152,114,8,7,126.9288559,37.55657578
2026-06-15T10:28:05.394655+09:00,홍대 관광특구,홍대 관광특구,POI007,KEY_4,104. 합정역 1번출구 앞,ST-6,0,0,13,126.91508484,37.55073929
2026-06-15T10:28:05.394655+09:00,홍대 관광특구,홍대 관광특구,POI007,KEY_4,114. 홍대입구역 8번출구 앞,ST-20,47,7,15,126.92442322,37.55706024
2026-06-15T10:28:05.394655+09:00,홍대 관광특구,홍대 관광특구,POI007,KEY_4,3009. 홍대입구역 사거리,ST-2167,75,15,20,126.92023468,37.55450058
2026-06-15T10:28:05.394655+09:00,홍대 관광특구,홍대 관광특구,POI007,KEY_4,3010.홍대입구역 3번출구,ST-2168,13,2,15,126.92538452,37.5582962
2026-06-15T10:28:05.394655+09:00,홍대 관광특구,홍대 관광특구,POI007,KEY_4,4208. 스타벅스(동교동) 앞,ST-2532,200,20,10,126.91986847,37.5566597
2026-06-15T10:28:05.394655+09:00,홍대 관광특구,홍대 관광특구,POI007,KEY_4,4211. 시석빌딩 앞,ST-2534,88,7,8,126.91671753,37.54836655
2026-06-15T10:28:05.394655+09:00,홍대 관광특구,홍대 관광특구,POI007,KEY_4,108. 서교동 사거리,ST-10,58,7,12,126.91861725,37.55274582
2026-06-15T10:28:05.394655+09:00,국립중앙박물관·용산가족공원,국립중앙박물관·용산가족공원,POI089,KEY_1,863.이촌역2번 출구,ST-2187,110,11,10,126.977005,37.52177048
2026-06-15T10:28:05.394655+09:00,국립중앙박물관·용산가족공원,국립중앙박물관·용산가족공원,POI089,KEY_1,855.이촌역5번출구 앞,ST-2179,90,9,10,126.97277069,37.52272415
2026-06-15T10:28:05.394655+09:00,남산공원,남산공원,POI091,KEY_3,859.남산공원 야외식물원 앞,ST-2183,0,0,10,126.99586487,37.54188538
2026-06-15T10:28:05.394655+09:00,남산공원,남산공원,POI091,KEY_3,371. 동대입구역 6번출구 뒤,ST-186,0,0,10,127.00553894,37.55887222
2026-06-15T10:28:05.394655+09:00,남산공원,남산공원,POI091,KEY_3,381. 장충체육관,ST-196,10,1,10,127.00698853,37.55853271
2026-06-15T10:28:05.394655+09:00,남산공원,남산공원,POI091,KEY_3,4621. 남산도서관 앞,ST-3054,0,0,12,126.98201752,37.55240631
2026-06-15T10:28:05.394655+09:00,노들섬,노들섬,POI092,KEY_4,869.노들섬 동측 앞,ST-2239,20,2,10,126.95914459,37.51729584
2026-06-15T10:28:05.394655+09:00,노들섬,노들섬,POI092,KEY_4,870.노들섬 서측 앞,ST-2240,100,10,10,126.95829773,37.51731873
2026-06-15T10:28:05.394655+09:00,망원한강공원,망원한강공원,POI094,KEY_2,105. 합정역 5번출구 앞,ST-7,0,0,5,126.91482544,37.55000687
2026-06-15T10:28:05.394655+09:00,망원한강공원,망원한강공원,POI094,KEY_2,4217. 한강공원 망원나들목,ST-2905,15,3,20,126.89688873,37.55557632
2026-06-15T10:28:05.394655+09:00,망원한강공원,망원한강공원,POI094,KEY_2,5515.한강버스 망원 선착장,ST-3388,147,44,30,126.89590454,37.55466461
2026-06-15T10:28:05.394655+09:00,보라매공원,보라매공원,POI123,KEY_4,4181. 보라매공원역 2번출구,ST-3117,100,6,6,126.91781616,37.49582291
2026-06-15T10:28:05.394655+09:00,보라매공원,보라매공원,POI123,KEY_4,4179. 보라매병원역 1번출구,ST-3105,105,21,20,126.92362976,37.49304199
2026-06-15T10:28:05.394655+09:00,북서울꿈의숲,북서울꿈의숲,POI096,KEY_1,1548. 북서울 꿈의숲 서문,ST-1725,40,6,15,127.03781128,37.62268829
2026-06-15T10:28:05.394655+09:00,북서울꿈의숲,북서울꿈의숲,POI096,KEY_1,3718. 번동3단지 버스정류장,ST-2610,191,21,11,127.04390717,37.628685
2026-06-15T10:28:05.394655+09:00,북서울꿈의숲,북서울꿈의숲,POI096,KEY_1,1571.북서울 꿈의 숲 입구,ST-2401,100,10,10,127.03864288,37.62657166
2026-06-15T10:28:05.394655+09:00,서대문독립공원,서대문독립공원,POI124,KEY_2,367. 독립문역 3-1번출구,ST-180,15,2,13,126.95851898,37.57415771
2026-06-15T10:28:05.394655+09:00,서대문독립공원,서대문독립공원,POI124,KEY_2,3113. 독립문 앞,ST-2199,0,0,15,126.95974731,37.57220459
2026-06-15T10:28:05.394655+09:00,서대문독립공원,서대문독립공원,POI124,KEY_2,3427.인왕산 아이파크 정문,ST-1824,163,13,8,126.95584869,37.57666779
2026-06-15T10:28:05.394655+09:00,서대문독립공원,서대문독립공원,POI124,KEY_2,3426.독립문역 2번출구 뒤,ST-1823,20,2,10,126.95755005,37.57501602
2026-06-15T10:28:05.394655+09:00,서리풀공원·몽마르뜨공원,서리풀공원·몽마르뜨공원,POI098,KEY_3,4327. 몽마르뜨공원입구,ST-3009,27,3,11,127.0026474,37.4928894
2026-06-15T10:28:05.394655+09:00,서리풀공원·몽마르뜨공원,서리풀공원·몽마르뜨공원,POI098,KEY_3,4312. 반포미도2차아파트 옆,ST-2663,70,7,10,127.00653076,37.50320435
2026-06-15T10:28:05.394655+09:00,서리풀공원·몽마르뜨공원,서리풀공원·몽마르뜨공원,POI098,KEY_3,4316. 고속터미널역 3번출구,ST-2667,8,2,25,127.0059433,37.50365829
2026-06-15T10:28:05.394655+09:00,서울숲공원,서울숲공원,POI101,KEY_1,510. 뚝도아리수정수센터 버스정류소 옆,ST-107,207,31,15,127.04380035,37.54122162
2026-06-15T10:28:05.394655+09:00,서울숲공원,서울숲공원,POI101,KEY_1,3552.서울숲 공영주차장앞,ST-2334,84,16,19,127.04277039,37.54195786
2026-06-15T10:28:05.394655+09:00,서울숲공원,서울숲공원,POI101,KEY_1,4401.뚝섬유수지 공영주차장,ST-3393,0,0,10,127.042099,37.55018234
2026-06-15T10:28:05.394655+09:00,송현녹지광장,송현녹지광장,POI129,KEY_2,354. 포르투갈 대사관 앞,ST-170,0,0,10,126.98896027,37.57915497
2026-06-15T10:28:05.394655+09:00,송현녹지광장,송현녹지광장,POI129,KEY_2,353. 재동초교 앞 삼거리,ST-169,13,1,8,126.9849472,37.57938766
2026-06-15T10:28:05.394655+09:00,송현녹지광장,송현녹지광장,POI129,KEY_2,314. 국립현대미술관,ST-130,50,5,10,126.98085785,37.5797081
2026-06-15T10:28:05.394655+09:00,송현녹지광장,송현녹지광장,POI129,KEY_2,3407.안국동사거리(신),ST-1804,0,0,18,126.98339081,37.57580566
2026-06-15T10:28:05.394655+09:00,송현녹지광장,송현녹지광장,POI129,KEY_2,4705. 웰니스센터(민방위교육장 앞),ST-2565,0,0,6,126.98912811,37.57752991
2026-06-15T10:28:05.394655+09:00,송현녹지광장,송현녹지광장,POI129,KEY_2,4719. 종로문화원 건너편,ST-3090,93,14,15,126.9805069,37.57571411
2026-06-15T10:28:05.394655+09:00,어린이대공원,어린이대공원,POI104,KEY_2,574. 아차산역4번출구,ST-385,59,13,22,127.08898163,37.55184937
2026-06-15T10:28:05.394655+09:00,어린이대공원,어린이대공원,POI104,KEY_2,573. 구의문주차장 앞,ST-384,0,0,10,127.08473206,37.54523087
2026-06-15T10:28:05.394655+09:00,어린이대공원,어린이대공원,POI104,KEY_2,500. 어린이대공원역 3번출구 앞,ST-97,0,0,5,127.07466888,37.54697037
2026-06-15T10:28:05.394655+09:00,어린이대공원,어린이대공원,POI104,KEY_2,3860. 건국대학교 정문 앞,ST-2542,20,2,10,127.07571411,37.5465126
2026-06-15T10:28:05.394655+09:00,어린이대공원,어린이대공원,POI104,KEY_2,3853. 어린이대공원역 2번출구,ST-2541,33,6,18,127.07470703,37.54764938
2026-06-15T10:28:05.394655+09:00,어린이대공원,어린이대공원,POI104,KEY_2,3573.광나루안전체험관,ST-2312,53,8,15,127.07671356,37.5513382
2026-06-15T10:28:05.394655+09:00,어린이대공원,어린이대공원,POI104,KEY_2,3507. 어린이회관,ST-1192,32,10,31,127.07800293,37.54595184
2026-06-15T10:28:05.394655+09:00,어린이대공원,어린이대공원,POI104,KEY_2,3529. 어린이대공원정문,ST-1603,47,7,15,127.07592773,37.54978943
2026-06-15T10:28:05.394655+09:00,여의도한강공원,여의도한강공원,POI105,KEY_3,260. 여의도 마리나선착장 앞,ST-414,107,16,15,126.91216278,37.53365707
2026-06-15T10:28:05.394655+09:00,여의도한강공원,여의도한강공원,POI105,KEY_3,249. 여의도중학교 옆,ST-297,6,1,16,126.93580627,37.52457809
2026-06-15T10:28:05.394655+09:00,여의도한강공원,여의도한강공원,POI105,KEY_3,5891.한강버스 여의도 선착장,ST-3402,40,12,30,126.93422699,37.52816391
2026-06-15T10:28:05.394655+09:00,여의도한강공원,여의도한강공원,POI105,KEY_3,5890.여의나루역 3번출구,ST-3401,9,1,11,126.93336487,37.52645493
2026-06-15T10:28:05.394655+09:00,여의서로,여의서로,POI126,KEY_4,260. 여의도 마리나선착장 앞,ST-414,107,16,15,126.91216278,37.53365707
2026-06-15T10:28:05.394655+09:00,여의서로,여의서로,POI126,KEY_4,298.KBS 연구동 건너편,ST-1970,24,6,25,126.91374207,37.52724838
2026-06-15T10:28:05.394655+09:00,여의서로,여의서로,POI126,KEY_4,297.국회3문,ST-1969,10,1,10,126.91267395,37.52863693
2026-06-15T10:28:05.394655+09:00,올림픽공원,올림픽공원,POI127,KEY_1,1268. 몽촌토성역 1번출구 옆,ST-1087,7,1,15,127.11419678,37.51728821
2026-06-15T10:28:05.394655+09:00,올림픽공원,올림픽공원,POI127,KEY_1,1267. 올림픽공원 남2문 앞,ST-1086,0,0,14,127.12306976,37.51424026
2026-06-15T10:28:05.394655+09:00,올림픽공원,올림픽공원,POI127,KEY_1,2621. 한성백제역 2번 출구,ST-1719,33,5,15,127.11625671,37.51665878
2026-06-15T10:28:05.394655+09:00,올림픽공원,올림픽공원,POI127,KEY_1,2622. 올림픽공원역 3번출구,ST-1720,180,36,20,127.13059235,37.51625824
2026-06-15T10:28:05.394655+09:00,올림픽공원,올림픽공원,POI127,KEY_1,4856. 올림픽공원 서1문 앞,ST-2608,140,14,10,127.11457062,37.5202179
2026-06-15T10:28:05.394655+09:00,올림픽공원,올림픽공원,POI127,KEY_1,4481. 올림픽공원 북2문 B,ST-2592,92,23,25,127.12751007,37.52397537
2026-06-15T10:28:05.394655+09:00,올림픽공원,올림픽공원,POI127,KEY_1,4857. 올림픽공원 장미광장,ST-2621,7,1,15,127.126297,37.51275635
2026-06-15T10:28:05.394655+09:00,올림픽공원,올림픽공원,POI127,KEY_1,5751. 송파여성축구장,ST-3069,40,4,10,127.11743927,37.52471542
2026-06-15T10:28:05.394655+09:00,올림픽공원,올림픽공원,POI127,KEY_1,5781. 올림픽공원 수영장,ST-3300,143,20,14,127.12688446,37.52157211
2026-06-15T10:28:05.394655+09:00,올림픽공원,올림픽공원,POI127,KEY_1,4865. 한성백제역 1번출구 뒤,ST-2797,20,1,5,127.1149826,37.51647949
2026-06-15T10:28:05.394655+09:00,올림픽공원,올림픽공원,POI127,KEY_1,4862. 성내교 남단,ST-2756,20,2,10,127.11588287,37.52301788
2026-06-15T10:28:05.394655+09:00,올림픽공원,올림픽공원,POI127,KEY_1,4464. 올림픽공원 북2문 A,ST-2580,67,10,15,127.12804413,37.52357483
2026-06-15T10:28:05.394655+09:00,월드컵공원,월드컵공원,POI106,KEY_2,186. 월드컵공원,ST-344,228,91,40,126.89820862,37.56396484
2026-06-15T10:28:05.394655+09:00,월드컵공원,월드컵공원,POI106,KEY_2,413. 상암월드컵파크 3단지 후문,ST-92,100,10,10,126.88968658,37.57147598
2026-06-15T10:28:05.394655+09:00,월드컵공원,월드컵공원,POI106,KEY_2,199. 서울 월드컵 경기장,ST-443,77,23,30,126.89644623,37.56684494
2026-06-15T10:28:05.394655+09:00,월드컵공원,월드컵공원,POI106,KEY_2,418. 월드컵경기장역 3번출구 옆,ST-89,15,3,20,126.8992691,37.57277679
2026-06-15T10:28:05.394655+09:00,월드컵공원,월드컵공원,POI106,KEY_2,440. 하늘공원 입구,ST-1754,73,11,15,126.88134766,37.57012177
2026-06-15T10:28:05.394655+09:00,월드컵공원,월드컵공원,POI106,KEY_2,419. 홈플러스 마포점 앞,ST-87,129,27,21,126.89942932,37.56842041
2026-06-15T10:28:05.394655+09:00,월드컵공원,월드컵공원,POI106,KEY_2,420. 서울시 공공자전거 상암센터,ST-85,73,27,37,126.8961792,37.56624603
2026-06-15T10:28:05.394655+09:00,월드컵공원,월드컵공원,POI106,KEY_2,3008.DMC역7번출구,ST-2166,0,0,10,126.89836121,37.57711411
2026-06-15T10:28:05.394655+09:00,응봉산,응봉산,POI107,KEY_3,569. 응봉현대아파트 정류소,ST-370,0,0,10,127.03024292,37.54958344
2026-06-15T10:28:05.394655+09:00,응봉산,응봉산,POI107,KEY_3,3511. 응봉역 1번출구,ST-1195,60,6,10,127.0351944,37.55130386
2026-06-15T10:28:05.394655+09:00,응봉산,응봉산,POI107,KEY_3,3525. 금호스포츠센터앞,ST-1599,27,4,15,127.02507019,37.54608917
2026-06-15T10:28:05.394655+09:00,청계산,청계산,POI112,KEY_4,2203. 청계산입구역 2번출구,ST-925,140,14,10,127.05501556,37.44765854
2026-06-15T10:28:05.394655+09:00,청계산,청계산,POI112,KEY_4,4338.새정이마을버스정류장 앞,ST-3216,60,3,5,127.06594849,37.43474579
2026-06-15T10:28:05.394655+09:00,가락시장,가락시장,POI058,KEY_2,2659.서울친환경유통센터,ST-2410,0,0,10,127.10492706,37.49420929
2026-06-15T10:28:05.394655+09:00,가락시장,가락시장,POI058,KEY_2,2658.가락몰 업무동,ST-2409,260,26,10,127.11569214,37.49535751
2026-06-15T10:28:05.394655+09:00,가락시장,가락시장,POI058,KEY_2,4480. 가락시장 남1문 사거리,ST-2591,20,3,15,127.11745453,37.49201584
2026-06-15T10:28:05.394655+09:00,가락시장,가락시장,POI058,KEY_2,4854. 가락시장역 2번 출구,ST-2606,60,6,10,127.11798859,37.492733
2026-06-15T10:28:05.394655+09:00,가로수길,가로수길,POI059,KEY_3,3606. 신사동주민센터 옆,ST-2673,250,25,10,127.02285004,37.52422714
2026-06-15T10:28:05.394655+09:00,가로수길,가로수길,POI059,KEY_3,2362. 신사동 가로수길 입구,ST-1171,20,2,10,127.02245331,37.51763535
2026-06-15T10:28:05.394655+09:00,가로수길,가로수길,POI059,KEY_3,4903. 신사스퀘어,ST-3066,10,1,10,127.0189743,37.51916885
2026-06-15T10:28:05.394655+09:00,가로수길,가로수길,POI059,KEY_3,4907. 극동스포츠 앞,ST-3078,260,13,5,127.02588654,37.5257225
2026-06-15T10:28:05.394655+09:00,김포공항,김포공항,POI061,KEY_1,3776. 김포공항사거리,ST-2484,110,11,10,126.80518341,37.5675354
2026-06-15T10:28:05.394655+09:00,김포공항,김포공항,POI061,KEY_1,5072. 김포공항입구 교통섬,ST-2947,70,7,10,126.80708313,37.56154633
2026-06-15T10:28:05.394655+09:00,남대문시장,남대문시장,POI115,KEY_2,324. 신세계백화점 본점 앞,ST-140,138,11,8,126.9805069,37.56134415
2026-06-15T10:28:05.394655+09:00,남대문시장,남대문시장,POI115,KEY_2,470.회현역 7번출구,ST-1776,8,1,13,126.98000336,37.55974579
2026-06-15T10:28:05.394655+09:00,남대문시장,남대문시장,POI115,KEY_2,4776. 신세계면세점,ST-2522,40,4,10,126.98139191,37.56027603
2026-06-15T10:28:05.394655+09:00,노량진,노량진,POI063,KEY_3,2003. 사육신공원앞,ST-877,110,11,10,126.94805908,37.51335907
2026-06-15T10:28:05.394655+09:00,노량진,노량진,POI063,KEY_3,2070. 노량진역 2번 출구 앞,ST-1545,50,9,18,126.94306946,37.51391983
2026-06-15T10:28:05.394655+09:00,노량진,노량진,POI063,KEY_3,2002. 노들역 1번출구,ST-683,82,14,17,126.95246887,37.51284409
2026-06-15T10:28:05.394655+09:00,노량진,노량진,POI063,KEY_3,2050. 노량진역 5번출구,ST-699,253,38,15,126.93997192,37.51324844
2026-06-15T10:28:05.394655+09:00,노량진,노량진,POI063,KEY_3,2058. 동작경찰서,ST-1150,243,34,14,126.94352722,37.5135231
2026-06-15T10:28:05.394655+09:00,덕수궁길·정동길,덕수궁길·정동길,POI064,KEY_4,391. 시립미술관,ST-977,88,7,8,126.97340393,37.56505203
2026-06-15T10:28:05.394655+09:00,덕수궁길·정동길,덕수궁길·정동길,POI064,KEY_4,300. 정동사거리,ST-116,33,2,6,126.96923065,37.56805038
2026-06-15T10:28:05.394655+09:00,덕수궁길·정동길,덕수궁길·정동길,POI064,KEY_4,4715. 돈의문 박물관 마을,ST-2923,100,15,15,126.96955109,37.56883621
2026-06-15T10:28:05.394655+09:00,덕수궁길·정동길,덕수궁길·정동길,POI064,KEY_4,6058. 시청역 2번출구,ST-3297,0,0,15,126.97702026,37.56557846
2026-06-15T10:28:05.394655+09:00,북촌한옥마을,북촌한옥마을,POI066,KEY_2,354. 포르투갈 대사관 앞,ST-170,0,0,10,126.98896027,37.57915497
2026-06-15T10:28:05.394655+09:00,북촌한옥마을,북촌한옥마을,POI066,KEY_2,451. 청와대앞길,ST-979,0,0,8,126.97966766,37.58351517
2026-06-15T10:28:05.394655+09:00,북촌한옥마을,북촌한옥마을,POI066,KEY_2,464. 삼청동 골목,ST-1756,100,10,10,126.98169708,37.58419037
2026-06-15T10:28:05.394655+09:00,북촌한옥마을,북촌한옥마을,POI066,KEY_2,352. 중앙고입구 삼거리,ST-168,0,0,10,126.98523712,37.58341599
2026-06-15T10:28:05.394655+09:00,북촌한옥마을,북촌한옥마을,POI066,KEY_2,465. 삼청공원 앞,ST-1759,20,1,5,126.9835968,37.58760452
2026-06-15T10:28:05.394655+09:00,북촌한옥마을,북촌한옥마을,POI066,KEY_2,353. 재동초교 앞 삼거리,ST-169,13,1,8,126.9849472,37.57938766
2026-06-15T10:28:05.394655+09:00,북촌한옥마을,북촌한옥마을,POI066,KEY_2,314. 국립현대미술관,ST-130,50,5,10,126.98085785,37.5797081
2026-06-15T10:28:05.394655+09:00,북촌한옥마을,북촌한옥마을,POI066,KEY_2,3407.안국동사거리(신),ST-1804,0,0,18,126.98339081,37.57580566
2026-06-15T10:28:05.394655+09:00,북촌한옥마을,북촌한옥마을,POI066,KEY_2,4705. 웰니스센터(민방위교육장 앞),ST-2565,0,0,6,126.98912811,37.57752991
2026-06-15T10:28:05.394655+09:00,북촌한옥마을,북촌한옥마을,POI066,KEY_2,4719. 종로문화원 건너편,ST-3090,93,14,15,126.9805069,37.57571411
2026-06-15T10:28:05.394655+09:00,서촌,서촌,POI067,KEY_3,450. 효자동 삼거리,ST-978,2,1,51,126.97254944,37.58360291
2026-06-15T10:28:05.394655+09:00,서촌,서촌,POI067,KEY_3,349. 어린이도서관,ST-165,0,0,5,126.96858978,37.57633209
2026-06-15T10:28:05.394655+09:00,서촌,서촌,POI067,KEY_3,4721. 통인시장 정자,ST-3354,25,2,8,126.96878815,37.58055878
2026-06-15T10:28:05.394655+09:00,서촌,서촌,POI067,KEY_3,4710. 자교교회 앞,ST-2473,0,0,8,126.97123718,37.58114624
2026-06-15T10:28:05.394655+09:00,성수카페거리,성수카페거리,POI068,KEY_4,513. 뚝섬역 5번 출구 정류소 옆,ST-111,154,20,13,127.04980469,37.54630661
2026-06-15T10:28:05.394655+09:00,성수카페거리,성수카페거리,POI068,KEY_4,587. 유니베라 앞,ST-482,390,39,10,127.05264282,37.54541779
2026-06-15T10:28:05.394655+09:00,성수카페거리,성수카페거리,POI068,KEY_4,514. 성수사거리 버스정류장 앞,ST-112,408,49,12,127.06330872,37.54257965
2026-06-15T10:28:05.394655+09:00,성수카페거리,성수카페거리,POI068,KEY_4,3548.뚝섬역 6번출구,ST-2330,0,0,10,127.04766846,37.54695892
2026-06-15T10:28:05.394655+09:00,성수카페거리,성수카페거리,POI068,KEY_4,4377. 우영테크노센터 앞,ST-3003,300,24,8,127.05971527,37.54332352
2026-06-15T10:28:05.394655+09:00,성수카페거리,성수카페거리,POI068,KEY_4,4398. 유원지식산업센터 앞,ST-3325,113,18,16,127.05593109,37.54436493
2026-06-15T10:28:05.394655+09:00,성수카페거리,성수카페거리,POI068,KEY_4,4399. 더리브 세종타워 앞,ST-3326,186,13,7,127.0580368,37.54378128
2026-06-15T10:28:05.394655+09:00,성수카페거리,성수카페거리,POI068,KEY_4,4387. 성수역 1번출구 주변,ST-3121,363,29,8,127.05336761,37.54555893
2026-06-15T10:28:05.394655+09:00,송리단길·호수단길,송리단길·호수단길,POI121,KEY_1,2639.석촌역 8번출구,ST-1866,17,3,18,127.10657501,37.50550461
2026-06-15T10:28:05.394655+09:00,송리단길·호수단길,송리단길·호수단길,POI121,KEY_1,4868. 석촌호수 서호 남단,ST-2833,20,2,10,127.10124207,37.50717163
2026-06-15T10:28:05.394655+09:00,신촌 스타광장,신촌 스타광장,POI122,KEY_2,128. 신촌역(2호선) 1번출구 옆,ST-30,11,2,19,126.93634033,37.55549622
2026-06-15T10:28:05.394655+09:00,신촌 스타광장,신촌 스타광장,POI122,KEY_2,3116.신촌역 4번출구,ST-2201,10,1,10,126.93720245,37.55550385
2026-06-15T10:28:05.394655+09:00,압구정로데오거리,압구정로데오거리,POI071,KEY_3,2365. K+ 타워 앞,ST-1174,33,5,15,127.03847504,37.52330017
2026-06-15T10:28:05.394655+09:00,압구정로데오거리,압구정로데오거리,POI071,KEY_3,2310. 청담동 맥도날드 옆(위치),ST-794,80,8,10,127.04017639,37.52361298
2026-06-15T10:28:05.394655+09:00,여의도,여의도,POI072,KEY_4,201. 진미파라곤 앞,ST-46,120,18,15,126.92133331,37.53123856
2026-06-15T10:28:05.394655+09:00,여의도,여의도,POI072,KEY_4,215. 여의도고교 앞,ST-64,0,0,10,126.93490601,37.52483749
2026-06-15T10:28:05.394655+09:00,여의도,여의도,POI072,KEY_4,224. 롯데캐슬 앞,ST-70,5,1,20,126.93236542,37.5200882
2026-06-15T10:28:05.394655+09:00,여의도,여의도,POI072,KEY_4,207. 여의나루역 1번출구 앞,ST-73,2,1,46,126.93190002,37.52715683
2026-06-15T10:28:05.394655+09:00,여의도,여의도,POI072,KEY_4,223. 진주아파트상가 앞,ST-69,10,2,20,126.9333725,37.51913071
2026-06-15T10:28:05.394655+09:00,여의도,여의도,POI072,KEY_4,271. 샛강생태공원방문자센터 앞,ST-425,0,0,10,126.9216156,37.51896286
2026-06-15T10:28:05.394655+09:00,여의도,여의도,POI072,KEY_4,222. 시범아파트버스정류장 옆,ST-68,158,19,12,126.93688965,37.51902008
2026-06-15T10:28:05.394655+09:00,여의도,여의도,POI072,KEY_4,226. 샛강역 1번출구 앞,ST-72,68,13,19,126.92841339,37.51776505
2026-06-15T10:28:05.394655+09:00,여의도,여의도,POI072,KEY_4,260. 여의도 마리나선착장 앞,ST-414,107,16,15,126.91216278,37.53365707
2026-06-15T10:28:05.394655+09:00,여의도,여의도,POI072,KEY_4,213. KT앞,ST-59,5,1,19,126.91895294,37.52190781
2026-06-15T10:28:05.394655+09:00,여의도,여의도,POI072,KEY_4,205. 산업은행 앞,ST-52,140,28,20,126.92050934,37.52626419
2026-06-15T10:28:05.394655+09:00,여의도,여의도,POI072,KEY_4,299.여의도 순복음교회,ST-1971,20,2,10,126.92245483,37.53179169
2026-06-15T10:28:05.394655+09:00,여의도,여의도,POI072,KEY_4,200. 국회의원회관,ST-45,23,5,22,126.91391754,37.52841568
2026-06-15T10:28:05.394655+09:00,여의도,여의도,POI072,KEY_4,270. 증권거래소후문교차로,ST-424,170,17,10,126.92710114,37.52234268
2026-06-15T10:28:05.394655+09:00,여의도,여의도,POI072,KEY_4,221. 여의도초교 앞,ST-67,10,1,10,126.93778992,37.52267456
2026-06-15T10:28:05.394655+09:00,여의도,여의도,POI072,KEY_4,203. 국회의사당역 3번출구 옆,ST-51,33,5,15,126.91870117,37.5280571
2026-06-15T10:28:05.394655+09:00,여의도,여의도,POI072,KEY_4,214. 금융감독원 앞,ST-60,138,29,21,126.9208374,37.5230217
2026-06-15T10:28:05.394655+09:00,여의도,여의도,POI072,KEY_4,217. NH농협은행 앞,ST-66,513,77,15,126.93036652,37.52207947
2026-06-15T10:28:05.394655+09:00,여의도,여의도,POI072,KEY_4,202. 국민일보 앞,ST-47,320,96,30,126.92453003,37.52881622
2026-06-15T10:28:05.394655+09:00,여의도,여의도,POI072,KEY_4,248. 초원아파트 앞,ST-296,90,9,10,126.92420959,37.53105545
2026-06-15T10:28:05.394655+09:00,여의도,여의도,POI072,KEY_4,209. 유진투자증권빌딩 앞,ST-55,286,63,22,126.92783356,37.52461243
2026-06-15T10:28:05.394655+09:00,여의도,여의도,POI072,KEY_4,298.KBS 연구동 건너편,ST-1970,24,6,25,126.91374207,37.52724838
2026-06-15T10:28:05.394655+09:00,여의도,여의도,POI072,KEY_4,297.국회3문,ST-1969,10,1,10,126.91267395,37.52863693
2026-06-15T10:28:05.394655+09:00,여의도,여의도,POI072,KEY_4,225. 앙카라공원 앞,ST-71,12,3,26,126.92961884,37.51758575
2026-06-15T10:28:05.394655+09:00,여의도,여의도,POI072,KEY_4,249. 여의도중학교 옆,ST-297,6,1,16,126.93580627,37.52457809
2026-06-15T10:28:05.394655+09:00,여의도,여의도,POI072,KEY_4,220. 미성아파트 A동 앞,ST-63,37,11,30,126.92604828,37.5193634
2026-06-15T10:28:05.394655+09:00,여의도,여의도,POI072,KEY_4,206. KBS 앞,ST-53,197,69,35,126.91802216,37.52466583
2026-06-15T10:28:05.394655+09:00,여의도,여의도,POI072,KEY_4,219. 롯데캐슬엠파이어 옆,ST-62,175,21,12,126.92583466,37.52069473
2026-06-15T10:28:05.394655+09:00,여의도,여의도,POI072,KEY_4,4564. 63스퀘어,ST-2814,347,59,17,126.93965912,37.52070999
2026-06-15T10:28:05.394655+09:00,여의도,여의도,POI072,KEY_4,4563. 여의도 은하아파트,ST-2813,0,0,10,126.93448639,37.51850891
2026-06-15T10:28:05.394655+09:00,여의도,여의도,POI072,KEY_4,5888.여의도성당,ST-3375,14,1,7,126.93920898,37.52164459
2026-06-15T10:28:05.394655+09:00,여의도,여의도,POI072,KEY_4,4581. 국회소통관,ST-2645,75,9,12,126.9128952,37.53050232
2026-06-15T10:28:05.394655+09:00,여의도,여의도,POI072,KEY_4,5879. 국회도서관 2문 앞,ST-3318,138,11,8,126.91668701,37.53107071
2026-06-15T10:28:05.394655+09:00,여의도,여의도,POI072,KEY_4,5897.여의도공작아파트,ST-3426,70,7,10,126.92987061,37.52595139
2026-06-15T10:28:05.394655+09:00,여의도,여의도,POI072,KEY_4,4582. 국회도서관,ST-2646,150,18,12,126.91817474,37.53054047
2026-06-15T10:28:05.394655+09:00,여의도,여의도,POI072,KEY_4,5889.의원회관출입구 앞,ST-3377,50,5,10,126.91479492,37.52985382
2026-06-15T10:28:05.394655+09:00,여의도,여의도,POI072,KEY_4,4580. 국회제2의원회관,ST-2644,141,24,17,126.91316986,37.52974701
2026-06-15T10:28:05.394655+09:00,여의도,여의도,POI072,KEY_4,4584. 국회2문,ST-2648,22,2,9,126.91510773,37.52864075
2026-06-15T10:28:05.394655+09:00,여의도,여의도,POI072,KEY_4,4579. 국회의사당 본관,ST-2643,147,25,17,126.91404724,37.5325737
2026-06-15T10:28:05.394655+09:00,여의도,여의도,POI072,KEY_4,5891.한강버스 여의도 선착장,ST-3402,40,12,30,126.93422699,37.52816391
2026-06-15T10:28:05.394655+09:00,여의도,여의도,POI072,KEY_4,5853. 여의도역2번출구 앞,ST-3061,90,9,10,126.92271423,37.52243423
2026-06-15T10:28:05.394655+09:00,여의도,여의도,POI072,KEY_4,5880. 국회박물관,ST-3319,14,1,7,126.91945648,37.53183365
2026-06-15T10:28:05.394655+09:00,여의도,여의도,POI072,KEY_4,5890.여의나루역 3번출구,ST-3401,9,1,11,126.93336487,37.52645493
2026-06-15T10:28:05.394655+09:00,여의도,여의도,POI072,KEY_4,5859. 여의도 삼부아파트,ST-3160,0,0,10,126.93045807,37.52539444
2026-06-15T10:28:05.394655+09:00,여의도,여의도,POI072,KEY_4,5870. LG트윈타워 앞,ST-3239,175,35,20,126.93017578,37.52833176
2026-06-15T10:28:05.394655+09:00,여의도,여의도,POI072,KEY_4,4585. 국회6문,ST-2694,33,2,6,126.91799164,37.53271866
2026-06-15T10:28:05.394655+09:00,여의도,여의도,POI072,KEY_4,5878. 우리은행 앞,ST-3315,510,102,20,126.92162323,37.52349091
2026-06-15T10:28:05.394655+09:00,여의도,여의도,POI072,KEY_4,5892.국회의사당본관 좌측,ST-3383,157,11,7,126.91375732,37.53090286
2026-06-15T10:28:05.394655+09:00,여의도,여의도,POI072,KEY_4,5893.한국산업은행,ST-3397,630,63,10,126.92175293,37.52814484
2026-06-15T10:28:05.394655+09:00,여의도,여의도,POI072,KEY_4,4589. KRX한국거래소(1),ST-2899,89,16,18,126.92759705,37.52338028
2026-06-15T10:28:05.394655+09:00,여의도,여의도,POI072,KEY_4,4583. 의정관,ST-2647,67,8,12,126.91747284,37.53214645
2026-06-15T10:28:05.394655+09:00,여의도,여의도,POI072,KEY_4,204. 국회의사당역 5번출구 옆,ST-50,162,21,13,126.91702271,37.52816391
2026-06-15T10:28:05.394655+09:00,연남동,연남동,POI073,KEY_1,107. 수협 연남동지점,ST-9,130,13,10,126.91871643,37.55784607
2026-06-15T10:28:05.394655+09:00,연남동,연남동,POI073,KEY_1,4233. 코오롱아파트사거리,ST-2979,100,10,10,126.92149353,37.56306458
2026-06-15T10:28:05.394655+09:00,영등포 타임스퀘어,영등포 타임스퀘어,POI074,KEY_2,284. 센트럴 푸르지오 시티 앞,ST-1650,100,16,16,126.90222931,37.51821136
2026-06-15T10:28:05.394655+09:00,영등포 타임스퀘어,영등포 타임스퀘어,POI074,KEY_2,3219.영등포역 1번출구,ST-1990,180,18,10,126.9077301,37.5148468
2026-06-15T10:28:05.394655+09:00,영등포 타임스퀘어,영등포 타임스퀘어,POI074,KEY_2,4565. 영등포 신세계백화점,ST-2815,190,19,10,126.90364838,37.51803589
2026-06-15T10:28:05.394655+09:00,영등포 타임스퀘어,영등포 타임스퀘어,POI074,KEY_2,5858. 영등포역5번출구,ST-3142,20,2,10,126.90807343,37.51669312
2026-06-15T10:28:05.394655+09:00,영등포 타임스퀘어,영등포 타임스퀘어,POI074,KEY_2,5868. 로프트시티오피스텔,ST-3238,0,0,6,126.90843201,37.51906204
2026-06-15T10:28:05.394655+09:00,용리단길,용리단길,POI076,KEY_3,817. 삼각지역 4번출구 앞,ST-436,0,0,9,126.97173309,37.53345108
2026-06-15T10:28:05.394655+09:00,용리단길,용리단길,POI076,KEY_3,816. 신용산역 6번출구 앞,ST-435,124,31,25,126.96848297,37.53014755
2026-06-15T10:28:05.394655+09:00,이태원 앤틱가구거리,이태원 앤틱가구거리,POI077,KEY_4,4634. 이태원역 3번 출구,ST-3056,40,2,5,126.99497223,37.5343895
2026-06-15T10:28:05.394655+09:00,이태원 앤틱가구거리,이태원 앤틱가구거리,POI077,KEY_4,4615. 크라운호텔앞 버스정류소,ST-2446,100,7,7,126.99137878,37.53030014
2026-06-15T10:28:05.394655+09:00,익선동,익선동,POI116,KEY_1,334. 종로3가역 2번출구 뒤,ST-150,30,3,10,126.99179077,37.5705986
2026-06-15T10:28:05.394655+09:00,익선동,익선동,POI116,KEY_1,328. 탑골공원 앞,ST-144,9,1,11,126.9881897,37.57039642
2026-06-15T10:28:05.394655+09:00,익선동,익선동,POI116,KEY_1,327. 낙원상가 옆,ST-143,20,2,10,126.9874649,37.57335663
2026-06-15T10:28:05.394655+09:00,익선동,익선동,POI116,KEY_1,3410.종로3가역 8번출구,ST-1807,70,7,10,126.99188995,37.5724678
2026-06-15T10:28:05.394655+09:00,익선동,익선동,POI116,KEY_1,4713. 현대 뜨레비앙 아파트 앞,ST-2623,29,2,7,126.99062347,37.57528305
2026-06-15T10:28:05.394655+09:00,인사동,인사동,POI078,KEY_2,326. 안국역 5번출구 앞,ST-142,13,2,15,126.98616028,37.57624054
2026-06-15T10:28:05.394655+09:00,인사동,인사동,POI078,KEY_2,327. 낙원상가 옆,ST-143,20,2,10,126.9874649,37.57335663
2026-06-15T10:28:05.394655+09:00,인사동,인사동,POI078,KEY_2,454. 종로2가 버스정류장 (종각방향),ST-1607,0,0,13,126.98638153,37.57035828
2026-06-15T10:28:05.394655+09:00,인사동,인사동,POI078,KEY_2,3408.종로타워빌딩,ST-1805,62,8,13,126.98323822,37.57070541
2026-06-15T10:28:05.394655+09:00,창동 신경제 중심지,창동 신경제 중심지,POI079,KEY_4,1756.서울북부광역등기국,ST-2101,10,1,10,127.04431915,37.65148544
2026-06-15T10:28:05.394655+09:00,창동 신경제 중심지,창동 신경제 중심지,POI079,KEY_4,1722. 창동청소년수련관,ST-1292,47,7,15,127.05004883,37.65779877
2026-06-15T10:28:05.394655+09:00,창동 신경제 중심지,창동 신경제 중심지,POI079,KEY_4,1657. 노원구청,ST-1125,290,58,20,127.05732727,37.65404892
2026-06-15T10:28:05.394655+09:00,창동 신경제 중심지,창동 신경제 중심지,POI079,KEY_4,1662. 노원역7번출구,ST-1279,105,21,20,127.05921173,37.65421677
2026-06-15T10:28:05.394655+09:00,창동 신경제 중심지,창동 신경제 중심지,POI079,KEY_4,1674. 서울북부고용센터앞,ST-1291,153,23,15,127.05808258,37.65354919
2026-06-15T10:28:05.394655+09:00,창동 신경제 중심지,창동 신경제 중심지,POI079,KEY_4,1716. 창동역 1번출구 건너편,ST-1132,263,21,8,127.05072784,37.65420151
2026-06-15T10:28:05.394655+09:00,창동 신경제 중심지,창동 신경제 중심지,POI079,KEY_4,1637. KT 전화국 버스정류장 옆,ST-611,167,15,9,127.06372833,37.6546669
2026-06-15T10:28:05.394655+09:00,창동 신경제 중심지,창동 신경제 중심지,POI079,KEY_4,1690. 도봉운전면허시험장 버스정류장 옆,ST-1641,30,3,10,127.05931091,37.6577301
2026-06-15T10:28:05.394655+09:00,창동 신경제 중심지,창동 신경제 중심지,POI079,KEY_4,1686. 상계주공10단지 종합상가 앞,ST-1476,0,0,15,127.05805206,37.66114044
2026-06-15T10:28:05.394655+09:00,창동 신경제 중심지,창동 신경제 중심지,POI079,KEY_4,1653. 노원역1번출구,ST-1121,120,12,10,127.06362152,37.65620041
2026-06-15T10:28:05.394655+09:00,창동 신경제 중심지,창동 신경제 중심지,POI079,KEY_4,1775.신원리베르텔 앞,ST-2120,60,9,15,127.04554749,37.65128708
2026-06-15T10:28:05.394655+09:00,창동 신경제 중심지,창동 신경제 중심지,POI079,KEY_4,4096.창동역2번출구 하나은행365 앞,ST-3368,300,24,8,127.04550171,37.65283585
2026-06-15T10:28:05.394655+09:00,창동 신경제 중심지,창동 신경제 중심지,POI079,KEY_4,5333. 노원역9번-10번 출구 앞,ST-3288,80,8,10,127.063591,37.65655518
2026-06-15T10:28:05.394655+09:00,창동 신경제 중심지,창동 신경제 중심지,POI079,KEY_4,4098.창동역 1번출구 인근,ST-3430,138,11,8,127.04838562,37.65290833
2026-06-15T10:28:05.394655+09:00,창동 신경제 중심지,창동 신경제 중심지,POI079,KEY_4,5311. 주공601동 상가 노원지하보도 앞,ST-3116,80,4,5,127.06147766,37.65190125
2026-06-15T10:28:05.394655+09:00,청량리 제기동 일대 전통시장,청량리 제기동 일대 전통시장,POI081,KEY_2,676.FITI시험연구원 앞,ST-2276,22,2,9,127.03547668,37.58143234
2026-06-15T10:28:05.394655+09:00,청량리 제기동 일대 전통시장,청량리 제기동 일대 전통시장,POI081,KEY_2,640. 동대문경찰서 교차로,ST-407,133,8,6,127.04460144,37.58255005
2026-06-15T10:28:05.394655+09:00,청량리 제기동 일대 전통시장,청량리 제기동 일대 전통시장,POI081,KEY_2,633. 청량리 기업은행 앞,ST-400,188,15,8,127.04472351,37.58049774
2026-06-15T10:28:05.394655+09:00,청량리 제기동 일대 전통시장,청량리 제기동 일대 전통시장,POI081,KEY_2,4149.제기동역 5번출구,ST-3428,57,4,7,127.03381348,37.5779953
2026-06-15T10:28:05.394655+09:00,청량리 제기동 일대 전통시장,청량리 제기동 일대 전통시장,POI081,KEY_2,4134. 제기동 현대아파트 앞,ST-3206,130,13,10,127.0353241,37.57994843
2026-06-15T10:28:05.394655+09:00,청량리 제기동 일대 전통시장,청량리 제기동 일대 전통시장,POI081,KEY_2,4147.청량리역광장,ST-3405,23,8,35,127.04673767,37.58024597
2026-06-15T10:28:05.394655+09:00,DDP(동대문디자인플라자),DDP(동대문디자인플라자),POI083,KEY_4,475.DDP 패션몰,ST-1781,43,9,21,127.0118103,37.56764984
2026-06-15T10:28:05.394655+09:00,DDP(동대문디자인플라자),DDP(동대문디자인플라자),POI083,KEY_4,347. 동대문역사문화공원역 9번출구 앞,ST-163,39,7,18,127.00784302,37.56533051
2026-06-15T10:28:05.394655+09:00,DDP(동대문디자인플라자),DDP(동대문디자인플라자),POI083,KEY_4,474.동대문역사문화공원역 1번출구 뒤편,ST-1780,93,37,40,127.00849152,37.56629944
2026-06-15T10:28:05.394655+09:00,DDP(동대문디자인플라자),DDP(동대문디자인플라자),POI083,KEY_4,4765. 동대문디자인플라자,ST-2431,115,23,20,127.00946045,37.5683136
2026-06-15T10:28:05.394655+09:00,DMC(디지털미디어시티),DMC(디지털미디어시티),POI084,KEY_1,417. DMC역 2번출구 옆,ST-93,5,1,20,126.8999176,37.57506943
2026-06-15T10:28:05.394655+09:00,DMC(디지털미디어시티),DMC(디지털미디어시티),POI084,KEY_1,414. 상암동주민센터 옆,ST-94,150,12,8,126.89447021,37.57822037
2026-06-15T10:28:05.394655+09:00,DMC(디지털미디어시티),DMC(디지털미디어시티),POI084,KEY_1,405. DMC빌 앞,ST-80,113,9,8,126.88578796,37.58265686
2026-06-15T10:28:05.394655+09:00,DMC(디지털미디어시티),DMC(디지털미디어시티),POI084,KEY_1,409. 누리꿈스퀘어 옆,ST-86,120,36,30,126.88916016,37.57939911
2026-06-15T10:28:05.394655+09:00,DMC(디지털미디어시티),DMC(디지털미디어시티),POI084,KEY_1,415. DMC역 9번출구 앞,ST-95,20,2,10,126.89736176,37.57746887
2026-06-15T10:28:05.394655+09:00,DMC(디지털미디어시티),DMC(디지털미디어시티),POI084,KEY_1,412. DMC산학협력연구센터 앞,ST-91,143,30,21,126.89079285,37.57565689
2026-06-15T10:28:05.394655+09:00,DMC(디지털미디어시티),DMC(디지털미디어시티),POI084,KEY_1,408. LG CNS앞,ST-84,100,14,14,126.88665009,37.58081055
2026-06-15T10:28:05.394655+09:00,DMC(디지털미디어시티),DMC(디지털미디어시티),POI084,KEY_1,490.가온문화공원,ST-2149,130,30,23,126.88766479,37.58207703
2026-06-15T10:28:05.394655+09:00,DMC(디지털미디어시티),DMC(디지털미디어시티),POI084,KEY_1,425. DMC첨단산업센터,ST-991,90,9,10,126.88559723,37.58450317
2026-06-15T10:28:05.394655+09:00,DMC(디지털미디어시티),DMC(디지털미디어시티),POI084,KEY_1,489.구룡근린공원,ST-2148,200,20,10,126.88276672,37.58320236
2026-06-15T10:28:05.394655+09:00,DMC(디지털미디어시티),DMC(디지털미디어시티),POI084,KEY_1,411. DMC홍보관,ST-90,110,11,10,126.89147186,37.5779953
2026-06-15T10:28:05.394655+09:00,DMC(디지털미디어시티),DMC(디지털미디어시티),POI084,KEY_1,3008.DMC역7번출구,ST-2166,0,0,10,126.89836121,37.57711411
2026-06-15T10:28:05.394655+09:00,DMC(디지털미디어시티),DMC(디지털미디어시티),POI084,KEY_1,3007.MBC 앞,ST-2165,170,17,10,126.89044952,37.58198166
2026-06-15T10:28:05.394655+09:00,DMC(디지털미디어시티),DMC(디지털미디어시티),POI084,KEY_1,4218. 디지털매직스페이스,ST-2974,215,28,13,126.88957977,37.58119965
2026-06-15T10:28:05.394655+09:00,DMC(디지털미디어시티),DMC(디지털미디어시티),POI084,KEY_1,4238. 상암한샘빌딩앞,ST-2981,14,1,7,126.89867401,37.57649231
2026-06-15T10:28:05.394655+09:00,DMC(디지털미디어시티),DMC(디지털미디어시티),POI084,KEY_1,4214. JTBC 앞,ST-2537,190,19,10,126.8901825,37.57730484
2026-06-15T10:28:05.394655+09:00,가산디지털단지역,가산디지털단지역,POI013,KEY_2,1812. 갑을그레이트밸리 앞,ST-624,220,22,10,126.88729858,37.47903061
2026-06-15T10:28:05.394655+09:00,가산디지털단지역,가산디지털단지역,POI013,KEY_2,1806. 에이스하이엔드타워9차 앞,ST-621,360,36,10,126.87863922,37.48621368
2026-06-15T10:28:05.394655+09:00,가산디지털단지역,가산디지털단지역,POI013,KEY_2,1867.대륭포스트타워6차 앞,ST-1938,410,123,30,126.8841629,37.48101044
2026-06-15T10:28:05.394655+09:00,가산디지털단지역,가산디지털단지역,POI013,KEY_2,1851. 가산디지털단지 9번출구 인근,ST-1403,120,12,10,126.88148499,37.48123169
2026-06-15T10:28:05.394655+09:00,가산디지털단지역,가산디지털단지역,POI013,KEY_2,1849. 대륭포스트타워5차,ST-1276,220,22,10,126.88694,37.48135376
2026-06-15T10:28:05.394655+09:00,가산디지털단지역,가산디지털단지역,POI013,KEY_2,1835. STX V타워,ST-641,200,20,10,126.88442993,37.47706985
2026-06-15T10:28:05.394655+09:00,가산디지털단지역,가산디지털단지역,POI013,KEY_2,1839. 수출의 다리 아래,ST-1140,130,26,20,126.88615417,37.47743607
2026-06-15T10:28:05.394655+09:00,가산디지털단지역,가산디지털단지역,POI013,KEY_2,1850. 코오롱테크노밸리,ST-1277,240,24,10,126.8863678,37.48015976
2026-06-15T10:28:05.394655+09:00,가산디지털단지역,가산디지털단지역,POI013,KEY_2,1834. 월드메르디앙 벤처센터 2차,ST-640,400,40,10,126.87904358,37.47908401
2026-06-15T10:28:05.394655+09:00,가산디지털단지역,가산디지털단지역,POI013,KEY_2,1805. 서울디지털운동장 앞,ST-620,130,13,10,126.87776947,37.48228836
2026-06-15T10:28:05.394655+09:00,가산디지털단지역,가산디지털단지역,POI013,KEY_2,3985. 디폴리스 지식산업센터,ST-2964,165,33,20,126.87680054,37.48017502
2026-06-15T10:28:05.394655+09:00,가산디지털단지역,가산디지털단지역,POI013,KEY_2,3989.가산디지털단지역 9번출구 앞,ST-3396,30,3,10,126.88175964,37.48055267
2026-06-15T10:28:05.394655+09:00,가산디지털단지역,가산디지털단지역,POI013,KEY_2,3984. 가산롯데아이티캐슬,ST-2999,900,45,5,126.88083649,37.47636795
2026-06-15T10:28:05.394655+09:00,강남역,강남역,POI014,KEY_3,2505. 우성아파트사거리 (기업은행앞),ST-1556,183,22,12,127.02953339,37.49325943
2026-06-15T10:28:05.394655+09:00,강남역,강남역,POI014,KEY_3,3628. 역삼1동 주민센터,ST-2689,130,13,10,127.03302765,37.49521255
2026-06-15T10:28:05.394655+09:00,강남역,강남역,POI014,KEY_3,2421. 신논현역 4번출구,ST-1887,0,0,15,127.02579498,37.504673
2026-06-15T10:28:05.394655+09:00,강남역,강남역,POI014,KEY_3,2407. 역삼서초삼성 세무서 앞 (역삼빌딩 앞),ST-1577,170,17,10,127.03011322,37.49847031
2026-06-15T10:28:05.394655+09:00,강남역,강남역,POI014,KEY_3,4349.삼성화재서초타워,ST-3361,400,24,6,127.02896118,37.49446869
2026-06-15T10:28:05.394655+09:00,건대입구역,건대입구역,POI015,KEY_4,501. 광진문화예술회관 앞,ST-98,40,12,30,127.07035065,37.53730774
2026-06-15T10:28:05.394655+09:00,건대입구역,건대입구역,POI015,KEY_4,3533. 건대입구역 사거리(롯데백화점),ST-1660,150,15,10,127.07078552,37.5392952
2026-06-15T10:28:05.394655+09:00,건대입구역,건대입구역,POI015,KEY_4,3534. 건대입구역 5번출구 뒤,ST-1661,40,4,10,127.06956482,37.54008102
2026-06-15T10:28:05.394655+09:00,고덕역,고덕역,POI016,KEY_1,1036. 고덕동 주양쇼핑,ST-1053,90,9,10,127.15331268,37.55199051
2026-06-15T10:28:05.394655+09:00,고덕역,고덕역,POI016,KEY_1,1072.고덕역 5번출구,ST-1833,86,19,22,127.15372467,37.55486298
2026-06-15T10:28:05.394655+09:00,고덕역,고덕역,POI016,KEY_1,1068.명일파출소,ST-1767,120,12,10,127.15622711,37.5536499
2026-06-15T10:28:05.394655+09:00,교대역,교대역,POI018,KEY_3,2239.교대역 6번출구,ST-765,90,9,10,127.01378632,37.49421692
2026-06-15T10:28:05.394655+09:00,교대역,교대역,POI018,KEY_3,2279. 교대역 5번출구뒤,ST-1305,250,20,8,127.01418304,37.49361801
2026-06-15T10:28:05.394655+09:00,구로디지털단지역,구로디지털단지역,POI019,KEY_4,1986. 태평양물산,ST-1521,667,100,15,126.89518738,37.48485947
2026-06-15T10:28:05.394655+09:00,구로디지털단지역,구로디지털단지역,POI019,KEY_4,1955. 디지털입구 교차로,ST-936,330,33,10,126.90103912,37.48288345
2026-06-15T10:28:05.394655+09:00,구로디지털단지역,구로디지털단지역,POI019,KEY_4,2110. 조원동 미성아파트,ST-950,300,27,9,126.90203094,37.48319244
2026-06-15T10:28:05.394655+09:00,구로디지털단지역,구로디지털단지역,POI019,KEY_4,1962. 가리봉동주민센터,ST-1224,333,50,15,126.89279938,37.48160172
2026-06-15T10:28:05.394655+09:00,구로디지털단지역,구로디지털단지역,POI019,KEY_4,2801. 대륭포스트타워1차,ST-1753,147,44,30,126.89542389,37.48437119
2026-06-15T10:28:05.394655+09:00,구로디지털단지역,구로디지털단지역,POI019,KEY_4,1911. 구로디지털단지역 앞,ST-668,294,53,18,126.90132141,37.48493958
2026-06-15T10:28:05.394655+09:00,구로역,구로역,POI020,KEY_1,3919. 구로역·NC신구로점 버스정류장(구로역 방면),ST-3013,64,9,14,126.88237,37.50096512
2026-06-15T10:28:05.394655+09:00,구로역,구로역,POI020,KEY_1,1946. 구로역 광장,ST-873,250,25,10,126.88038635,37.50311661
2026-06-15T10:28:05.394655+09:00,군자역,군자역,POI021,KEY_2,540. 군자역 7번출구 베스트샵 앞,ST-253,0,0,8,127.0786438,37.55603027
2026-06-15T10:28:05.394655+09:00,군자역,군자역,POI021,KEY_2,3518. 군자역 7번출구뒤,ST-1263,13,1,8,127.07913971,37.55686188
2026-06-15T10:28:05.394655+09:00,군자역,군자역,POI021,KEY_2,3500. 군자역2번출구,ST-983,0,0,7,127.07969666,37.55758667
2026-06-15T10:28:05.394655+09:00,군자역,군자역,POI021,KEY_2,3586.군자역 비채온 오피스텔,ST-2325,38,3,8,127.07727051,37.55771255
2026-06-15T10:28:05.394655+09:00,대림역,대림역,POI023,KEY_3,286. 우성아파트 교차로,ST-1652,125,15,12,126.89974976,37.49457169
2026-06-15T10:28:05.394655+09:00,대림역,대림역,POI023,KEY_3,1975. 대림역 1번 출입구 밑,ST-1237,130,13,10,126.8947525,37.49256516
2026-06-15T10:28:05.394655+09:00,대림역,대림역,POI023,KEY_3,1914. 대림역4번출구,ST-918,260,26,10,126.89444733,37.49440384
2026-06-15T10:28:05.394655+09:00,동대문역,동대문역,POI024,KEY_4,457. 종로꽃시장 입구 옆,ST-1610,40,4,10,127.00720978,37.57131958
2026-06-15T10:28:05.394655+09:00,동대문역,동대문역,POI024,KEY_4,393. 동대문역 8번 출구,ST-1372,167,20,12,127.00937653,37.57014084
2026-06-15T10:28:05.394655+09:00,동대문역,동대문역,POI024,KEY_4,3415.동대문역6번출구,ST-1812,87,13,15,127.0107193,37.57147217
2026-06-15T10:28:05.394655+09:00,미아사거리역,미아사거리역,POI026,KEY_2,1546. 송천동우체국,ST-1665,160,16,10,127.02970123,37.61545944
2026-06-15T10:28:05.394655+09:00,미아사거리역,미아사거리역,POI026,KEY_2,1574.송중초등학교 옆,ST-2405,75,6,8,127.03049469,37.61669922
2026-06-15T10:28:05.394655+09:00,미아사거리역,미아사거리역,POI026,KEY_2,1531. 미아사거리 1번 출구,ST-1105,160,16,10,127.03025055,37.61395645
2026-06-15T10:28:05.394655+09:00,미아사거리역,미아사거리역,POI026,KEY_2,4423.현대백화점 미아점,ST-3203,0,0,10,127.02845764,37.60884857
2026-06-15T10:28:05.394655+09:00,발산역,발산역,POI027,KEY_3,1124. 발산역 6번 출구 뒤,ST-522,100,6,6,126.8384552,37.55817795
2026-06-15T10:28:05.394655+09:00,발산역,발산역,POI027,KEY_3,1117. 등촌5단지아파트 버스정류장,ST-834,40,4,10,126.84426117,37.55819702
2026-06-15T10:28:05.394655+09:00,발산역,발산역,POI027,KEY_3,"1153. 발산역 1번, 9번 인근 대여소",ST-1065,22,7,32,126.83717346,37.55894852
2026-06-15T10:28:05.394655+09:00,발산역,발산역,POI027,KEY_3,1197. 엠펠리체 호텔 건너편,ST-1714,175,35,20,126.83546448,37.56026077
2026-06-15T10:28:05.394655+09:00,발산역,발산역,POI027,KEY_3,2721.등촌1-10단지 교차로,ST-2037,8,1,12,126.8393631,37.56320572
2026-06-15T10:28:05.394655+09:00,발산역,발산역,POI027,KEY_3,3760. 발산역 8번 출구,ST-2538,6,1,17,126.83676147,37.55846024
2026-06-15T10:28:05.394655+09:00,발산역,발산역,POI027,KEY_3,3764. 관문주유소(GS칼택스) 앞,ST-2613,120,12,10,126.84183502,37.55802917
2026-06-15T10:28:05.394655+09:00,발산역,발산역,POI027,KEY_3,2723.마곡 필네이처,ST-2040,108,14,13,126.83669281,37.56089401
2026-06-15T10:28:05.394655+09:00,발산역,발산역,POI027,KEY_3,2717.LG유플러스 마곡사옥,ST-2033,350,217,62,126.83390045,37.56133652
2026-06-15T10:28:05.394655+09:00,발산역,발산역,POI027,KEY_3,2730.마곡메가박스 앞,ST-2047,83,25,30,126.83495331,37.55912781
2026-06-15T10:28:05.394655+09:00,발산역,발산역,POI027,KEY_3,3759. 이대서울병원,ST-2569,100,25,25,126.83559418,37.5586319
2026-06-15T10:28:05.394655+09:00,발산역,발산역,POI027,KEY_3,5061. 우장산동 가곡어린이공원앞,ST-2888,0,0,10,126.83751678,37.55545425
2026-06-15T10:28:05.394655+09:00,발산역,발산역,POI027,KEY_3,5095. 원당근린공원,ST-3226,7,1,14,126.84147644,37.55947495
2026-06-15T10:28:05.394655+09:00,사당역,사당역,POI029,KEY_4,2222.사당역 12번출구 뒤,ST-753,210,21,10,126.98203278,37.47806931
2026-06-15T10:28:05.394655+09:00,사당역,사당역,POI029,KEY_4,2104. 사당역 5번출구,ST-712,108,14,13,126.98133087,37.47608948
2026-06-15T10:28:05.394655+09:00,사당역,사당역,POI029,KEY_4,2089.사당역10번출구(금강빌딩),ST-2362,70,7,10,126.98150635,37.4791069
2026-06-15T10:28:05.394655+09:00,사당역,사당역,POI029,KEY_4,2034. 사당역 7번출구쪽,ST-924,53,10,19,126.98057556,37.47689056
2026-06-15T10:28:05.394655+09:00,삼각지역,삼각지역,POI030,KEY_1,848. 삼각지12번 출구,ST-2172,88,7,8,126.97562408,37.53488922
2026-06-15T10:28:05.394655+09:00,삼각지역,삼각지역,POI030,KEY_1,849. 삼각지 자이아파트,ST-2173,35,7,20,126.97341919,37.53607941
2026-06-15T10:28:05.394655+09:00,삼각지역,삼각지역,POI030,KEY_1,4620. 삼각지역 14번 출구 앞(교통섬),ST-2451,138,11,8,126.97408295,37.53528595
2026-06-15T10:28:05.394655+09:00,서울대입구역,서울대입구역,POI031,KEY_2,2116. 에이스에이존빌딩,ST-717,189,17,9,126.95082855,37.48170471
2026-06-15T10:28:05.394655+09:00,서울대입구역,서울대입구역,POI031,KEY_2,2171. 서울대입구역 5번출구,ST-1337,29,5,17,126.95200348,37.48154831
2026-06-15T10:28:05.394655+09:00,서울대입구역,서울대입구역,POI031,KEY_2,3311.서울대입구역 4번 출구,ST-2394,142,17,12,126.95157623,37.48122025
2026-06-15T10:28:05.394655+09:00,서울대입구역,서울대입구역,POI031,KEY_2,2128. 관악구청교차로,ST-720,17,2,12,126.95265198,37.47949982
2026-06-15T10:28:05.394655+09:00,서울대입구역,서울대입구역,POI031,KEY_2,2112. 서울대입구역 마에스트로,ST-715,53,8,15,126.95064545,37.4813385
2026-06-15T10:28:05.394655+09:00,서울대입구역,서울대입구역,POI031,KEY_2,2111. 서울대입구역 1번출구,ST-965,10,1,10,126.95331573,37.48086929
2026-06-15T10:28:05.394655+09:00,서울식물원·마곡나루역,서울식물원·마곡나루역,POI032,KEY_3,2715.마곡나루역 2번 출구,ST-2031,8,2,25,126.82743835,37.56692505
2026-06-15T10:28:05.394655+09:00,서울식물원·마곡나루역,서울식물원·마곡나루역,POI032,KEY_3,2727.서울식물원 잔디마당 앞,ST-2044,356,89,25,126.8306427,37.5639267
2026-06-15T10:28:05.394655+09:00,서울식물원·마곡나루역,서울식물원·마곡나루역,POI032,KEY_3,2725.서울식물원 식물문화센터,ST-2042,145,29,20,126.83563232,37.56883621
2026-06-15T10:28:05.394655+09:00,서울식물원·마곡나루역,서울식물원·마곡나루역,POI032,KEY_3,5097. LG사이언스파크 E2동,ST-3259,145,58,40,126.83208466,37.56381607
2026-06-15T10:28:05.394655+09:00,서울식물원·마곡나루역,서울식물원·마곡나루역,POI032,KEY_3,6177. 마곡롯데캐슬르웨스트,ST-3324,180,18,10,126.82462311,37.56356049
2026-06-15T10:28:05.394655+09:00,서울식물원·마곡나루역,서울식물원·마곡나루역,POI032,KEY_3,5098. LG사이언스파크 W4동,ST-3261,40,8,20,126.82978821,37.56403732
2026-06-15T10:28:05.394655+09:00,서울역,서울역,POI033,KEY_4,435. SK 남산빌딩,ST-1670,100,10,10,126.97561646,37.55686188
2026-06-15T10:28:05.394655+09:00,서울역,서울역,POI033,KEY_4,485.서울역5번출구,ST-1791,70,7,10,126.97319794,37.55677032
2026-06-15T10:28:05.394655+09:00,서울역,서울역,POI033,KEY_4,379. 서울역9번출구,ST-194,100,7,7,126.97330475,37.55580521
2026-06-15T10:28:05.394655+09:00,서울역,서울역,POI033,KEY_4,4760. 서울역 7번출구,ST-2430,50,5,10,126.97364044,37.55664444
2026-06-15T10:28:05.394655+09:00,서울역,서울역,POI033,KEY_4,6062.서울역파출소,ST-3413,0,0,10,126.97183228,37.55709457
2026-06-15T10:28:05.394655+09:00,서울역,서울역,POI033,KEY_4,4794. 서울역 서부교차로(3),ST-2786,13,1,8,126.96942139,37.55540848
2026-06-15T10:28:05.394655+09:00,선릉역,선릉역,POI034,KEY_1,2319. 포스코사거리 서측(수협 삼성동 지점),ST-802,130,13,10,127.05467987,37.50660706
2026-06-15T10:28:05.394655+09:00,선릉역,선릉역,POI034,KEY_1,2369. KT선릉타워,ST-1178,75,15,20,127.0528717,37.50542831
2026-06-15T10:28:05.394655+09:00,선릉역,선릉역,POI034,KEY_1,2329. 르네상스호텔사거리 역삼지하보도 2번출구,ST-812,40,4,10,127.04319,37.50235748
2026-06-15T10:28:05.394655+09:00,선릉역,선릉역,POI034,KEY_1,2328. 르네상스 호텔 사거리 역삼지하보도 7번출구 앞,ST-811,210,21,10,127.04273224,37.50321198
2026-06-15T10:28:05.394655+09:00,선릉역,선릉역,POI034,KEY_1,2332. 선릉역3번출구,ST-815,38,3,8,127.04903412,37.50410461
2026-06-15T10:28:05.394655+09:00,성신여대입구역,성신여대입구역,POI035,KEY_2,1385.성신여대입구역 3번출구 앞,ST-2226,160,16,10,127.01628876,37.59236526
2026-06-15T10:28:05.394655+09:00,성신여대입구역,성신여대입구역,POI035,KEY_2,1337. 돈암성당 옆,ST-1201,46,6,13,127.01716614,37.59039307
2026-06-15T10:28:05.394655+09:00,성신여대입구역,성신여대입구역,POI035,KEY_2,1384.성신여대입구역 5번출구,ST-2225,192,25,13,127.01628876,37.59282684
2026-06-15T10:28:05.394655+09:00,수유역,수유역,POI036,KEY_3,1512. 강북중학교 앞,ST-862,85,17,20,127.02656555,37.64473724
2026-06-15T10:28:05.394655+09:00,수유역,수유역,POI036,KEY_3,1503. 강북구청사거리(수유역 8번출구),ST-643,157,22,14,127.02672577,37.63926315
2026-06-15T10:28:05.394655+09:00,수유역,수유역,POI036,KEY_3,1526. 강북종합시장 앞,ST-1100,25,2,8,127.02462769,37.64173889
2026-06-15T10:28:05.394655+09:00,수유역,수유역,POI036,KEY_3,1520. 수유중앙시장,ST-650,257,18,7,127.022789,37.63986206
2026-06-15T10:28:05.394655+09:00,수유역,수유역,POI036,KEY_3,1569.수유역2번출구,ST-2137,130,13,10,127.02590179,37.63796997
2026-06-15T10:28:05.394655+09:00,수유역,수유역,POI036,KEY_3,1552. 강북구청사거리,ST-2125,113,9,8,127.02723694,37.63920212
2026-06-15T10:28:05.394655+09:00,수유역,수유역,POI036,KEY_3,1535. 효성인텔리안 앞,ST-1109,70,7,10,127.02337646,37.6362915
2026-06-15T10:28:05.394655+09:00,수유역,수유역,POI036,KEY_3,1530. 광산사거리,ST-1104,92,12,13,127.0223465,37.64355087
2026-06-15T10:28:05.394655+09:00,숭례문,숭례문,POI131,KEY_4,445.대한상공회의소,ST-1771,127,19,15,126.97410583,37.56015396
2026-06-15T10:28:05.394655+09:00,숭례문,숭례문,POI131,KEY_4,6060. 신한은행 본점,ST-3342,288,23,8,126.97480774,37.56077576
2026-06-15T10:28:05.394655+09:00,시의회 앞,시의회 앞,POI130,KEY_1,310. 청계광장 옆,ST-126,150,12,8,126.9774704,37.56887817
2026-06-15T10:28:05.394655+09:00,시의회 앞,시의회 앞,POI130,KEY_1,6058. 시청역 2번출구,ST-3297,0,0,15,126.97702026,37.56557846
2026-06-15T10:28:05.394655+09:00,신논현역·논현역,신논현역·논현역,POI037,KEY_2,2302. 교보타워 버스정류장(신논현역 3번출구 후면),ST-787,30,3,10,127.02427673,37.5055809
2026-06-15T10:28:05.394655+09:00,신논현역·논현역,신논현역·논현역,POI037,KEY_2,2542.신논현타워 앞,ST-1926,0,0,10,127.02391052,37.50508881
2026-06-15T10:28:05.394655+09:00,신논현역·논현역,신논현역·논현역,POI037,KEY_2,4347. 논현지하보도,ST-3332,30,3,10,127.02232361,37.50836945
2026-06-15T10:28:05.394655+09:00,신림역,신림역,POI039,KEY_4,2136. 신림역 8번출구,ST-976,225,18,8,126.93006897,37.48450851
2026-06-15T10:28:05.394655+09:00,신림역,신림역,POI039,KEY_4,2175. 신림동걷고싶은문화의거리입구,ST-1270,114,8,7,126.92870331,37.48730087
2026-06-15T10:28:05.394655+09:00,신림역,신림역,POI039,KEY_4,2102. 봉림교 교통섬,ST-702,115,15,13,126.92688751,37.48408508
2026-06-15T10:28:05.394655+09:00,신정네거리역,신정네거리역,POI117,KEY_1,722. 경서농협 버스정류장(우리은행신정동지점방향),ST-993,90,9,10,126.85738373,37.52151108
2026-06-15T10:28:05.394655+09:00,신정네거리역,신정네거리역,POI117,KEY_1,706. 신정네거리역,ST-313,113,17,15,126.85175323,37.5218811
2026-06-15T10:28:05.394655+09:00,신정네거리역,신정네거리역,POI117,KEY_1,4510. 신정네거리역 교차로,ST-2762,15,2,13,126.85228729,37.52175903
2026-06-15T10:28:05.394655+09:00,신정네거리역,신정네거리역,POI117,KEY_1,4507. 신정제일시장,ST-2759,30,3,10,126.85499573,37.52122498
2026-06-15T10:28:05.394655+09:00,신정네거리역,신정네거리역,POI117,KEY_1,4509. 서울영상고교 입구,ST-2761,180,27,15,126.85928345,37.52198029
2026-06-15T10:28:05.394655+09:00,신촌·이대역,신촌·이대역,POI040,KEY_2,128. 신촌역(2호선) 1번출구 옆,ST-30,16,3,19,126.93634033,37.55549622
2026-06-15T10:28:05.394655+09:00,신촌·이대역,신촌·이대역,POI040,KEY_2,134. 연세로 명물길,ST-36,150,12,8,126.93807983,37.55789185
2026-06-15T10:28:05.394655+09:00,신촌·이대역,신촌·이대역,POI040,KEY_2,129. 신촌역(2호선) 6번출구 옆,ST-31,80,8,10,126.93756866,37.55505371
2026-06-15T10:28:05.394655+09:00,신촌·이대역,신촌·이대역,POI040,KEY_2,130. 신촌역(2호선) 7번출구 앞,ST-32,70,7,10,126.93626404,37.5550499
2026-06-15T10:28:05.394655+09:00,신촌·이대역,신촌·이대역,POI040,KEY_2,137. 신촌기차역입구 교차로,ST-39,10,1,10,126.9431839,37.55681229
2026-06-15T10:28:05.394655+09:00,신촌·이대역,신촌·이대역,POI040,KEY_2,135. 명물길 원형무대 앞,ST-37,90,9,10,126.93984222,37.55922699
2026-06-15T10:28:05.394655+09:00,신촌·이대역,신촌·이대역,POI040,KEY_2,150. 서강대역 2번출구 앞,ST-207,7,1,15,126.93434143,37.55295563
2026-06-15T10:28:05.394655+09:00,신촌·이대역,신촌·이대역,POI040,KEY_2,3116.신촌역 4번출구,ST-2201,10,1,10,126.93720245,37.55550385
2026-06-15T10:28:05.394655+09:00,신촌·이대역,신촌·이대역,POI040,KEY_2,4274. 신촌 파랑고래 입구,ST-3140,60,6,10,126.93603516,37.55687714
2026-06-15T10:28:05.394655+09:00,신촌·이대역,신촌·이대역,POI040,KEY_2,4248. 신촌 교보빌딩,ST-3021,10,1,10,126.94034576,37.5560112
2026-06-15T10:28:05.394655+09:00,쌍문역,쌍문역,POI070,KEY_3,1709. 쌍문역4번출구 주변,ST-616,153,26,17,127.03534698,37.65012741
2026-06-15T10:28:05.394655+09:00,쌍문역,쌍문역,POI070,KEY_3,1774.정의여중고 버스정류소,ST-2119,200,16,8,127.034729,37.65134811
2026-06-15T10:28:05.394655+09:00,쌍문역,쌍문역,POI070,KEY_3,1754. 창동시장입구 사거리,ST-2099,45,5,11,127.03343201,37.64689636
2026-06-15T10:28:05.394655+09:00,쌍문역,쌍문역,POI070,KEY_3,4054. 창동한신아파트 버스정류소,ST-2722,200,20,10,127.03527069,37.64601898
2026-06-15T10:28:05.394655+09:00,양재역,양재역,POI041,KEY_4,2333. 양재역 3번출구 주변,ST-816,114,16,14,127.03407288,37.48515701
2026-06-15T10:28:05.394655+09:00,양재역,양재역,POI041,KEY_4,2242.양재역 10번 출구 앞,ST-767,5,1,20,127.03417969,37.48398972
2026-06-15T10:28:05.394655+09:00,양재역,양재역,POI041,KEY_4,2293. SPC 앞,ST-1360,50,5,10,127.03699493,37.48479843
2026-06-15T10:28:05.394655+09:00,양재역,양재역,POI041,KEY_4,4329. SC제일은행 양재동지점 앞,ST-2962,263,21,8,127.03315735,37.48573685
2026-06-15T10:28:05.394655+09:00,역삼역,역삼역,POI042,KEY_1,2410. 포스코피앤에스타워 (역삼역 3번출구 부근),ST-1680,140,14,10,127.03375244,37.49959946
2026-06-15T10:28:05.394655+09:00,역삼역,역삼역,POI042,KEY_1,2430.강남파이낸스센터앞(역삼역2번출구),ST-1896,70,7,10,127.03605652,37.50024414
2026-06-15T10:28:05.394655+09:00,역삼역,역삼역,POI042,KEY_1,2349. 역삼빌딩 앞(하나은행 옆),ST-959,125,15,12,127.03856659,37.50154495
2026-06-15T10:28:05.394655+09:00,연신내역,연신내역,POI043,KEY_2,906. 연신내역 5번출구,ST-454,200,16,8,126.91957855,37.61721039
2026-06-15T10:28:05.394655+09:00,연신내역,연신내역,POI043,KEY_2,949. 연신내역 1번 출구,ST-1035,300,18,6,126.92080688,37.61978149
2026-06-15T10:28:05.394655+09:00,연신내역,연신내역,POI043,KEY_2,922. 연신내역 4번출구,ST-470,20,2,10,126.92196655,37.61780167
2026-06-15T10:28:05.394655+09:00,오목교역·목동운동장,오목교역·목동운동장,POI044,KEY_3,756. 목동주차장,ST-1497,100,15,15,126.8761673,37.52667999
2026-06-15T10:28:05.394655+09:00,오목교역·목동운동장,오목교역·목동운동장,POI044,KEY_3,748. 목동운동장,ST-1019,100,15,15,126.87930298,37.53025055
2026-06-15T10:28:05.394655+09:00,오목교역·목동운동장,오목교역·목동운동장,POI044,KEY_3,723. SBS방송국,ST-994,360,54,15,126.87274933,37.52916336
2026-06-15T10:28:05.394655+09:00,오목교역·목동운동장,오목교역·목동운동장,POI044,KEY_3,769.CBS방송국 앞,ST-1995,440,88,20,126.87467194,37.52785492
2026-06-15T10:28:05.394655+09:00,오목교역·목동운동장,오목교역·목동운동장,POI044,KEY_3,703. 오목교역 7번출구 앞,ST-311,242,29,12,126.87524414,37.52362823
2026-06-15T10:28:05.394655+09:00,오목교역·목동운동장,오목교역·목동운동장,POI044,KEY_3,771.목동아파트 703동 앞,ST-1997,113,9,8,126.87016296,37.52820587
2026-06-15T10:28:05.394655+09:00,오목교역·목동운동장,오목교역·목동운동장,POI044,KEY_3,791.현대하이페리온,ST-2016,240,36,15,126.86980438,37.52490234
2026-06-15T10:28:05.394655+09:00,오목교역·목동운동장,오목교역·목동운동장,POI044,KEY_3,762. 오목로 무중력지대 앞,ST-1503,170,17,10,126.87766266,37.52474213
2026-06-15T10:28:05.394655+09:00,오목교역·목동운동장,오목교역·목동운동장,POI044,KEY_3,765. 오목교역 3번출구,ST-1731,183,22,12,126.87548065,37.52477646
2026-06-15T10:28:05.394655+09:00,오목교역·목동운동장,오목교역·목동운동장,POI044,KEY_3,792.목동트라팰리스 웨스턴에비뉴,ST-2017,150,30,20,126.8709259,37.52537155
2026-06-15T10:28:05.394655+09:00,오목교역·목동운동장,오목교역·목동운동장,POI044,KEY_3,747. 목동3단지 상가,ST-1018,30,3,10,126.8756485,37.53458023
2026-06-15T10:28:05.394655+09:00,오목교역·목동운동장,오목교역·목동운동장,POI044,KEY_3,731. 서울시 도로환경관리센터,ST-1002,190,19,10,126.87654114,37.5298996
2026-06-15T10:28:05.394655+09:00,오목교역·목동운동장,오목교역·목동운동장,POI044,KEY_3,4514. 목동성당 앞,ST-2764,45,9,20,126.86930084,37.52319717
2026-06-15T10:28:05.394655+09:00,오목교역·목동운동장,오목교역·목동운동장,POI044,KEY_3,4543. 오목교역 6번 출구,ST-3163,456,41,9,126.87567139,37.5236702
2026-06-15T10:28:05.394655+09:00,오목교역·목동운동장,오목교역·목동운동장,POI044,KEY_3,4532. 목동현대아파트 후문 앞,ST-2879,180,18,10,126.87805939,37.5221405
2026-06-15T10:28:05.394655+09:00,오목교역·목동운동장,오목교역·목동운동장,POI044,KEY_3,4546. 목동운동장 주경기장,ST-3227,247,74,30,126.88307953,37.52937698
2026-06-15T10:28:05.394655+09:00,왕십리역,왕십리역,POI045,KEY_4,558. 성동광진 교육지원청 앞,ST-359,130,26,20,127.03652191,37.56460571
2026-06-15T10:28:05.394655+09:00,왕십리역,왕십리역,POI045,KEY_4,525. 한양대병원사거리,ST-241,125,25,20,127.04035187,37.55805206
2026-06-15T10:28:05.394655+09:00,왕십리역,왕십리역,POI045,KEY_4,559. 왕십리역 4번 출구 건너편,ST-360,85,11,13,127.03679657,37.56109619
2026-06-15T10:28:05.394655+09:00,왕십리역,왕십리역,POI045,KEY_4,3561.행당동 삼부APT후문,ST-2343,50,5,10,127.03839874,37.55926895
2026-06-15T10:28:05.394655+09:00,왕십리역,왕십리역,POI045,KEY_4,3545.한양대역 1번출구,ST-2327,140,14,10,127.04335785,37.55657959
2026-06-15T10:28:05.394655+09:00,용산역,용산역,POI046,KEY_1,853.용산역 맞은편,ST-2177,74,14,19,126.96595001,37.52841568
2026-06-15T10:28:05.394655+09:00,용산역,용산역,POI046,KEY_1,806. 전자랜드 본관 앞,ST-327,20,4,20,126.96073151,37.5330658
2026-06-15T10:28:05.394655+09:00,용산역,용산역,POI046,KEY_1,845. 용산 선인상가,ST-1615,56,9,16,126.96437836,37.53269958
2026-06-15T10:28:05.394655+09:00,용산역,용산역,POI046,KEY_1,4617. 동원베네스트 건너편,ST-2448,83,5,6,126.95511627,37.52761078
2026-06-15T10:28:05.394655+09:00,용산역,용산역,POI046,KEY_1,4616. 신용산지하차도 앞,ST-2447,0,0,15,126.96411896,37.53248215
2026-06-15T10:28:05.394655+09:00,잠실새내역,잠실새내역,POI118,KEY_3,1224. 아시아지하보도 2번 출구,ST-548,13,2,15,127.07893372,37.51216888
2026-06-15T10:28:05.394655+09:00,잠실새내역,잠실새내역,POI118,KEY_3,1222. 잠실새내역 5번 출구 뒤,ST-547,35,8,23,127.08505249,37.51198196
2026-06-15T10:28:05.394655+09:00,잠실새내역,잠실새내역,POI118,KEY_3,2637. 아시아지하보도 14번 출구,ST-1864,127,19,15,127.07881165,37.51146317
2026-06-15T10:28:05.394655+09:00,잠실새내역,잠실새내역,POI118,KEY_3,2635.잠실새내역 1번출구,ST-1862,90,19,21,127.08673859,37.51129532
2026-06-15T10:28:05.394655+09:00,잠실역,잠실역,POI119,KEY_4,1232. 잠실주공 521동 건너편,ST-550,100,10,10,127.09568787,37.51184082
2026-06-15T10:28:05.394655+09:00,잠실역,잠실역,POI119,KEY_4,1210. 롯데월드타워(잠실역2번출구 쪽),ST-891,257,77,30,127.10095978,37.51312637
2026-06-15T10:28:05.394655+09:00,잠실역,잠실역,POI119,KEY_4,1231. 잠실역 6번출구,ST-840,254,33,13,127.09902954,37.51408768
2026-06-15T10:28:05.394655+09:00,잠실역,잠실역,POI119,KEY_4,2647.잠실 자전거 수리센터 앞,ST-1868,314,22,7,127.10114288,37.51100922
2026-06-15T10:28:05.394655+09:00,장지역,장지역,POI048,KEY_1,1266. 문정동 글샘 공원,ST-1085,20,2,10,127.12000275,37.47880936
2026-06-15T10:28:05.394655+09:00,장지역,장지역,POI048,KEY_1,1247. 문정 법조단지11,ST-907,20,3,15,127.12351227,37.4788208
2026-06-15T10:28:05.394655+09:00,장지역,장지역,POI048,KEY_1,1244. 문정 법조단지8,ST-904,27,3,11,127.12212372,37.48153687
2026-06-15T10:28:05.394655+09:00,장지역,장지역,POI048,KEY_1,1245. 문정 법조단지9,ST-905,0,0,10,127.12532806,37.47946548
2026-06-15T10:28:05.394655+09:00,장지역,장지역,POI048,KEY_1,1246. 문정 법조단지10,ST-906,77,23,30,127.12632751,37.47750854
2026-06-15T10:28:05.394655+09:00,장지역,장지역,POI048,KEY_1,4491. 장지역 1번출구,ST-2599,100,10,10,127.12678528,37.47953415
2026-06-15T10:28:05.394655+09:00,장지역,장지역,POI048,KEY_1,4885. 가든파이브 리빙관,ST-2985,213,17,8,127.123703,37.47709656
2026-06-15T10:28:05.394655+09:00,장한평역,장한평역,POI049,KEY_2,529. 장한평역 8번 출구 앞,ST-243,125,10,8,127.06365967,37.56137085
2026-06-15T10:28:05.394655+09:00,장한평역,장한평역,POI049,KEY_2,626. 군자교 서측 녹지대,ST-394,271,46,17,127.07096863,37.56115341
2026-06-15T10:28:05.394655+09:00,장한평역,장한평역,POI049,KEY_2,4105. 서울교통공사사거리 교통섬,ST-2499,60,6,10,127.05799103,37.56324005
2026-06-15T10:28:05.394655+09:00,장한평역,장한평역,POI049,KEY_2,4385. 용답동 우체국 주변,ST-3099,240,12,5,127.06151581,37.56168747
2026-06-15T10:28:05.394655+09:00,천호역,천호역,POI050,KEY_3,1009. 천호역4번출구(현대백화점),ST-493,225,45,20,127.12424469,37.53866577
2026-06-15T10:28:05.394655+09:00,천호역,천호역,POI050,KEY_3,1264. 천호역 10번 출구 앞,ST-1083,150,12,8,127.12280273,37.53858185
2026-06-15T10:28:05.394655+09:00,천호역,천호역,POI050,KEY_3,3657. 서울천호동우체국,ST-2732,180,18,10,127.12576294,37.54074097
2026-06-15T10:28:05.394655+09:00,총신대입구(이수)역,총신대입구(이수)역,POI051,KEY_4,2082.7호선 이수역7번출구,ST-2355,120,12,10,126.98179626,37.4846077
2026-06-15T10:28:05.394655+09:00,총신대입구(이수)역,총신대입구(이수)역,POI051,KEY_4,2264. 이수역 1번출구,ST-935,56,5,9,126.98271942,37.48897171
2026-06-15T10:28:05.394655+09:00,총신대입구(이수)역,총신대입구(이수)역,POI051,KEY_4,2511. 이수역 6번출구 앞,ST-1739,140,14,10,126.98234558,37.48398972
2026-06-15T10:28:05.394655+09:00,총신대입구(이수)역,총신대입구(이수)역,POI051,KEY_4,2091. 이수역9번출구,ST-2364,73,11,15,126.98059082,37.48470306
2026-06-15T10:28:05.394655+09:00,총신대입구(이수)역,총신대입구(이수)역,POI051,KEY_4,2032. 이수역 11번출구쪽,ST-923,280,28,10,126.98162079,37.48550797
2026-06-15T10:28:05.394655+09:00,충정로역,충정로역,POI052,KEY_1,180. 충정로역 7번출구 아래,ST-233,0,0,10,126.96246338,37.55996704
2026-06-15T10:28:05.394655+09:00,충정로역,충정로역,POI052,KEY_1,3114.충정로역 3번 출구,ST-2198,0,0,7,126.96552277,37.56046295
2026-06-15T10:28:05.394655+09:00,충정로역,충정로역,POI052,KEY_1,3134.SK리쳄블(서울아리수본부),ST-2219,0,0,10,126.96658325,37.56131744
2026-06-15T10:28:05.394655+09:00,충정로역,충정로역,POI052,KEY_1,4266.국민연금공단충정로사옥,ST-3027,33,3,9,126.96414948,37.56184769
2026-06-15T10:28:05.394655+09:00,충정로역,충정로역,POI052,KEY_1,4801. 충정로역 2호선(엘리베이터 앞),ST-3053,0,0,5,126.96414185,37.55937576
2026-06-15T10:28:05.394655+09:00,충정로역,충정로역,POI052,KEY_1,4752. 삼성사이버빌리지아파트,ST-2624,0,0,7,126.96485901,37.55891418
2026-06-15T10:28:05.394655+09:00,충정로역,충정로역,POI052,KEY_1,4271. 충정로역 1번 출구,ST-3107,14,1,7,126.96305847,37.55942535
2026-06-15T10:28:05.394655+09:00,합정역,합정역,POI053,KEY_2,106. 합정역 7번출구 앞,ST-8,17,2,12,126.91282654,37.54864502
2026-06-15T10:28:05.394655+09:00,합정역,합정역,POI053,KEY_2,497.합정동주민센터 앞,ST-2156,20,5,25,126.91230011,37.551754
2026-06-15T10:28:05.394655+09:00,합정역,합정역,POI053,KEY_2,105. 합정역 5번출구 앞,ST-7,0,0,5,126.91482544,37.55000687
2026-06-15T10:28:05.394655+09:00,합정역,합정역,POI053,KEY_2,4211. 시석빌딩 앞,ST-2534,88,7,8,126.91671753,37.54836655
2026-06-15T10:28:05.394655+09:00,혜화역,혜화역,POI054,KEY_3,342. 대학로 마로니에공원,ST-158,9,2,22,127.00234222,37.58044434
2026-06-15T10:28:05.394655+09:00,혜화역,혜화역,POI054,KEY_3,341. 혜화역 3번출구 뒤,ST-157,25,2,8,127.00178528,37.58156967
2026-06-15T10:28:05.394655+09:00,혜화역,혜화역,POI054,KEY_3,358. 성균관대입구 사거리 A,ST-173,69,9,13,126.99853516,37.58250046
2026-06-15T10:28:05.394655+09:00,혜화역,혜화역,POI054,KEY_3,3419.국립어린이과학관,ST-1816,14,2,14,126.99736786,37.58194733
2026-06-15T10:28:05.394655+09:00,혜화역,혜화역,POI054,KEY_3,3420. 성균관대입구 사거리 B,ST-1817,10,1,10,126.99885559,37.58327484
2026-06-15T10:28:05.394655+09:00,혜화역,혜화역,POI054,KEY_3,3421.혜화역 1번출구,ST-1818,50,5,10,127.00185394,37.58385468
2026-06-15T10:28:05.394655+09:00,홍대입구역(2호선),홍대입구역(2호선),POI055,KEY_4,113. 홍대입구역 2번출구 앞,ST-18,146,41,28,126.9238205,37.5574379
2026-06-15T10:28:05.394655+09:00,홍대입구역(2호선),홍대입구역(2호선),POI055,KEY_4,114. 홍대입구역 8번출구 앞,ST-20,40,6,15,126.92442322,37.55706024
2026-06-15T10:28:05.394655+09:00,회기역,회기역,POI056,KEY_1,680.꿈마루어린이도서관 앞,ST-2280,50,11,22,127.05741119,37.59238434
2026-06-15T10:28:05.394655+09:00,회기역,회기역,POI056,KEY_1,670.삼육서울병원 버스정류장,ST-2270,322,29,9,127.06151581,37.5896759
2026-06-15T12:26:33.849081+09:00,광화문·덕수궁,광화문·덕수궁,POI009,KEY_2,391. 시립미술관,ST-977,88,7,8,126.97340393,37.56505203
2026-06-15T12:26:33.849081+09:00,광화문·덕수궁,광화문·덕수궁,POI009,KEY_2,310. 청계광장 옆,ST-126,163,13,8,126.9774704,37.56887817
2026-06-15T12:26:33.849081+09:00,광화문·덕수궁,광화문·덕수궁,POI009,KEY_2,6058. 시청역 2번출구,ST-3297,13,2,15,126.97702026,37.56557846
2026-06-15T12:26:33.849081+09:00,광화문·덕수궁,광화문·덕수궁,POI009,KEY_2,4796. 서울시청,ST-2693,25,5,20,126.97925568,37.5664711
2026-06-15T12:26:33.849081+09:00,광화문·덕수궁,광화문·덕수궁,POI009,KEY_2,4719. 종로문화원 건너편,ST-3090,40,6,15,126.9805069,37.57571411
2026-06-15T12:26:33.849081+09:00,보신각,보신각,POI010,KEY_3,316. 종각역 1번출구 앞,ST-132,100,8,8,126.98178864,37.57039642
2026-06-15T12:26:33.849081+09:00,보신각,보신각,POI010,KEY_3,385. 종각역 5번출구,ST-336,90,9,10,126.98265839,37.56983566
2026-06-15T12:26:33.849081+09:00,보신각,보신각,POI010,KEY_3,3408.종로타워빌딩,ST-1805,108,14,13,126.98323822,37.57070541
2026-06-15T12:26:33.849081+09:00,보신각,보신각,POI010,KEY_3,4708. 조계사앞사거리,ST-2472,17,1,6,126.98283386,37.5721817
2026-06-15T12:26:33.849081+09:00,창덕궁·종묘,창덕궁·종묘,POI012,KEY_1,339. 종로4가 사거리,ST-155,20,2,10,126.99819183,37.57106781
2026-06-15T12:26:33.849081+09:00,창덕궁·종묘,창덕궁·종묘,POI012,KEY_1,337. 창경궁 입구,ST-153,140,7,5,126.99647522,37.57897949
2026-06-15T12:26:33.849081+09:00,창덕궁·종묘,창덕궁·종묘,POI012,KEY_1,338. 세운스퀘어 앞,ST-154,0,0,18,126.99712372,37.57095718
2026-06-15T12:26:33.849081+09:00,창덕궁·종묘,창덕궁·종묘,POI012,KEY_1,359. 원남동사거리,ST-174,163,13,8,126.99768066,37.57606125
2026-06-15T12:26:33.849081+09:00,창덕궁·종묘,창덕궁·종묘,POI012,KEY_1,3410.종로3가역 8번출구,ST-1807,10,1,10,126.99188995,37.5724678
2026-06-15T12:26:33.849081+09:00,창덕궁·종묘,창덕궁·종묘,POI012,KEY_1,3411.종묘,ST-1808,44,4,9,126.99437714,37.57072067
2026-06-15T12:26:33.849081+09:00,창덕궁·종묘,창덕궁·종묘,POI012,KEY_1,3413.종로플레이스,ST-1810,91,20,22,126.99796295,37.57320023
2026-06-15T12:26:33.849081+09:00,동대문 관광특구,동대문 관광특구,POI002,KEY_3,346. 맥스타일 앞,ST-162,190,19,10,127.01014709,37.5689621
2026-06-15T12:26:33.849081+09:00,동대문 관광특구,동대문 관광특구,POI002,KEY_3,475.DDP 패션몰,ST-1781,48,10,21,127.0118103,37.56764984
2026-06-15T12:26:33.849081+09:00,동대문 관광특구,동대문 관광특구,POI002,KEY_3,383. 신당역 12번 출구 뒤,ST-198,71,17,24,127.01642609,37.56591797
2026-06-15T12:26:33.849081+09:00,동대문 관광특구,동대문 관광특구,POI002,KEY_3,347. 동대문역사문화공원역 9번출구 앞,ST-163,28,5,18,127.00784302,37.56533051
2026-06-15T12:26:33.849081+09:00,동대문 관광특구,동대문 관광특구,POI002,KEY_3,474.동대문역사문화공원역 1번출구 뒤편,ST-1780,95,38,40,127.00849152,37.56629944
2026-06-15T12:26:33.849081+09:00,동대문 관광특구,동대문 관광특구,POI002,KEY_3,4765. 동대문디자인플라자,ST-2431,155,31,20,127.00946045,37.5683136
2026-06-15T12:26:33.849081+09:00,동대문 관광특구,동대문 관광특구,POI002,KEY_3,6061.충무아트센터,ST-3381,150,15,10,127.01522064,37.56538773
2026-06-15T12:26:33.849081+09:00,명동 관광특구,명동 관광특구,POI003,KEY_4,320. 을지로입구역 4번출구 앞,ST-136,41,7,17,126.98358917,37.56622314
2026-06-15T12:26:33.849081+09:00,명동 관광특구,명동 관광특구,POI003,KEY_4,324. 신세계백화점 본점 앞,ST-140,200,16,8,126.9805069,37.56134415
2026-06-15T12:26:33.849081+09:00,명동 관광특구,명동 관광특구,POI003,KEY_4,310. 청계광장 옆,ST-126,163,13,8,126.9774704,37.56887817
2026-06-15T12:26:33.849081+09:00,명동 관광특구,명동 관광특구,POI003,KEY_4,318. 광교사거리 남측,ST-134,80,8,10,126.98231506,37.56863403
2026-06-15T12:26:33.849081+09:00,명동 관광특구,명동 관광특구,POI003,KEY_4,466.롯데호텔,ST-1772,15,2,13,126.97981262,37.56584167
2026-06-15T12:26:33.849081+09:00,명동 관광특구,명동 관광특구,POI003,KEY_4,398. 을지로3가역 3번출구,ST-1435,100,8,8,126.99249268,37.56660461
2026-06-15T12:26:33.849081+09:00,명동 관광특구,명동 관광특구,POI003,KEY_4,322. 명동성당 앞,ST-138,40,4,10,126.98696899,37.56447601
2026-06-15T12:26:33.849081+09:00,명동 관광특구,명동 관광특구,POI003,KEY_4,433. 을지로입구역 2번출구,ST-1668,58,7,12,126.98229218,37.56634521
2026-06-15T12:26:33.849081+09:00,명동 관광특구,명동 관광특구,POI003,KEY_4,331. 을지로2가 사거리 북측,ST-147,70,7,10,126.98720551,37.56638336
2026-06-15T12:26:33.849081+09:00,명동 관광특구,명동 관광특구,POI003,KEY_4,321. KEB 하나금융그룹 명동사옥 옆,ST-137,27,4,15,126.98413849,37.56546402
2026-06-15T12:26:33.849081+09:00,명동 관광특구,명동 관광특구,POI003,KEY_4,3013.서울지방고용노동청 앞,ST-2422,729,51,7,126.98725891,37.56760406
2026-06-15T12:26:33.849081+09:00,명동 관광특구,명동 관광특구,POI003,KEY_4,6058. 시청역 2번출구,ST-3297,13,2,15,126.97702026,37.56557846
2026-06-15T12:26:33.849081+09:00,명동 관광특구,명동 관광특구,POI003,KEY_4,4791. 명동역9번 출구,ST-2527,20,2,10,126.98749542,37.56122589
2026-06-15T12:26:33.849081+09:00,명동 관광특구,명동 관광특구,POI003,KEY_4,4775. 을지로지하쇼핑센터,ST-2521,40,4,10,126.98445129,37.56589127
2026-06-15T12:26:33.849081+09:00,명동 관광특구,명동 관광특구,POI003,KEY_4,4776. 신세계면세점,ST-2522,30,3,10,126.98139191,37.56027603
2026-06-15T12:26:33.849081+09:00,명동 관광특구,명동 관광특구,POI003,KEY_4,4796. 서울시청,ST-2693,25,5,20,126.97925568,37.5664711
2026-06-15T12:26:33.849081+09:00,명동 관광특구,명동 관광특구,POI003,KEY_4,4762. 국제빌딩,ST-2517,60,6,10,126.98244476,37.56694794
2026-06-15T12:26:33.849081+09:00,명동 관광특구,명동 관광특구,POI003,KEY_4,4774. 을지로입구역 8번출구,ST-2520,44,4,9,126.98178101,37.56590271
2026-06-15T12:26:33.849081+09:00,이태원 관광특구,이태원 관광특구,POI004,KEY_1,854.HID 유족동지회 앞,ST-2178,0,0,10,127.0014801,37.53850937
2026-06-15T12:26:33.849081+09:00,이태원 관광특구,이태원 관광특구,POI004,KEY_1,857. 현대 안성타워,ST-2181,0,0,10,126.99797058,37.53508759
2026-06-15T12:26:33.849081+09:00,이태원 관광특구,이태원 관광특구,POI004,KEY_1,843. 이태원관광특구 입구(용산구청방향),ST-1445,68,13,19,126.98867035,37.53379822
2026-06-15T12:26:33.849081+09:00,이태원 관광특구,이태원 관광특구,POI004,KEY_1,4634. 이태원역 3번 출구,ST-3056,40,2,5,126.99497223,37.5343895
2026-06-15T12:26:33.849081+09:00,이태원 관광특구,이태원 관광특구,POI004,KEY_1,4612. 이태원로 255,ST-2444,40,2,5,127.00084686,37.53749847
2026-06-15T12:26:33.849081+09:00,이태원 관광특구,이태원 관광특구,POI004,KEY_1,4613. 서울갤러리아 앞,ST-2445,0,0,5,126.99937439,37.53597641
2026-06-15T12:26:33.849081+09:00,이태원 관광특구,이태원 관광특구,POI004,KEY_1,4623. 라인프랜즈이태원점 앞,ST-2453,10,1,10,126.99619293,37.53453064
2026-06-15T12:26:33.849081+09:00,잠실 관광특구,잠실 관광특구,POI005,KEY_2,1267. 올림픽공원 남2문 앞,ST-1086,14,2,14,127.12306976,37.51424026
2026-06-15T12:26:33.849081+09:00,잠실 관광특구,잠실 관광특구,POI005,KEY_2,1268. 몽촌토성역 1번출구 옆,ST-1087,0,0,15,127.11419678,37.51728821
2026-06-15T12:26:33.849081+09:00,잠실 관광특구,잠실 관광특구,POI005,KEY_2,1297. 석촌호수교차로(동호 팔각정 앞),ST-1586,7,1,15,127.10411835,37.50920105
2026-06-15T12:26:33.849081+09:00,잠실 관광특구,잠실 관광특구,POI005,KEY_2,1210. 롯데월드타워(잠실역2번출구 쪽),ST-891,277,83,30,127.10095978,37.51312637
2026-06-15T12:26:33.849081+09:00,잠실 관광특구,잠실 관광특구,POI005,KEY_2,1233. 잠실3거리(갤러리아팰리스),ST-551,11,1,9,127.09336853,37.51050949
2026-06-15T12:26:33.849081+09:00,잠실 관광특구,잠실 관광특구,POI005,KEY_2,1296. 석촌호수교차로 (송파나루근린공원 앞),ST-1585,0,0,10,127.1034317,37.50867844
2026-06-15T12:26:33.849081+09:00,잠실 관광특구,잠실 관광특구,POI005,KEY_2,1232. 잠실주공 521동 건너편,ST-550,20,2,10,127.09568787,37.51184082
2026-06-15T12:26:33.849081+09:00,잠실 관광특구,잠실 관광특구,POI005,KEY_2,2601. 석촌호수 아뜰리에,ST-1590,44,7,16,127.09883118,37.5067482
2026-06-15T12:26:33.849081+09:00,잠실 관광특구,잠실 관광특구,POI005,KEY_2,2621. 한성백제역 2번 출구,ST-1719,0,0,15,127.11625671,37.51665878
2026-06-15T12:26:33.849081+09:00,잠실 관광특구,잠실 관광특구,POI005,KEY_2,2608. 송파구청,ST-1681,300,30,10,127.10611725,37.51499176
2026-06-15T12:26:33.849081+09:00,잠실 관광특구,잠실 관광특구,POI005,KEY_2,2647.잠실 자전거 수리센터 앞,ST-1868,300,21,7,127.10114288,37.51100922
2026-06-15T12:26:33.849081+09:00,잠실 관광특구,잠실 관광특구,POI005,KEY_2,2622. 올림픽공원역 3번출구,ST-1720,195,39,20,127.13059235,37.51625824
2026-06-15T12:26:33.849081+09:00,잠실 관광특구,잠실 관광특구,POI005,KEY_2,5781. 올림픽공원 수영장,ST-3300,93,13,14,127.12688446,37.52157211
2026-06-15T12:26:33.849081+09:00,잠실 관광특구,잠실 관광특구,POI005,KEY_2,5768.방이삼거리,ST-3214,183,22,12,127.10822296,37.51237488
2026-06-15T12:26:33.849081+09:00,잠실 관광특구,잠실 관광특구,POI005,KEY_2,4857. 올림픽공원 장미광장,ST-2621,7,1,15,127.126297,37.51275635
2026-06-15T12:26:33.849081+09:00,잠실 관광특구,잠실 관광특구,POI005,KEY_2,4868. 석촌호수 서호 남단,ST-2833,20,2,10,127.10124207,37.50717163
2026-06-15T12:26:33.849081+09:00,잠실 관광특구,잠실 관광특구,POI005,KEY_2,5751. 송파여성축구장,ST-3069,10,1,10,127.11743927,37.52471542
2026-06-15T12:26:33.849081+09:00,잠실 관광특구,잠실 관광특구,POI005,KEY_2,4870. 몽촌토성역 3번 출구,ST-2876,20,2,10,127.11232758,37.5170784
2026-06-15T12:26:33.849081+09:00,잠실 관광특구,잠실 관광특구,POI005,KEY_2,4862. 성내교 남단,ST-2756,20,2,10,127.11588287,37.52301788
2026-06-15T12:26:33.849081+09:00,잠실 관광특구,잠실 관광특구,POI005,KEY_2,4464. 올림픽공원 북2문 A,ST-2580,73,11,15,127.12804413,37.52357483
2026-06-15T12:26:33.849081+09:00,잠실 관광특구,잠실 관광특구,POI005,KEY_2,4481. 올림픽공원 북2문 B,ST-2592,104,26,25,127.12751007,37.52397537
2026-06-15T12:26:33.849081+09:00,잠실 관광특구,잠실 관광특구,POI005,KEY_2,4856. 올림픽공원 서1문 앞,ST-2608,50,5,10,127.11457062,37.5202179
2026-06-15T12:26:33.849081+09:00,잠실 관광특구,잠실 관광특구,POI005,KEY_2,4865. 한성백제역 1번출구 뒤,ST-2797,60,3,5,127.1149826,37.51647949
2026-06-15T12:26:33.849081+09:00,종로·청계 관광특구,종로·청계 관광특구,POI006,KEY_3,368. SK 서린빌딩 앞,ST-181,147,22,15,126.98053741,37.5692482
2026-06-15T12:26:33.849081+09:00,종로·청계 관광특구,종로·청계 관광특구,POI006,KEY_3,335. 종로3가역 15번출구 뒤,ST-151,20,2,10,126.99165344,37.57019424
2026-06-15T12:26:33.849081+09:00,종로·청계 관광특구,종로·청계 관광특구,POI006,KEY_3,385. 종각역 5번출구,ST-336,90,9,10,126.98265839,37.56983566
2026-06-15T12:26:33.849081+09:00,종로·청계 관광특구,종로·청계 관광특구,POI006,KEY_3,393. 동대문역 8번 출구,ST-1372,150,18,12,127.00937653,37.57014084
2026-06-15T12:26:33.849081+09:00,종로·청계 관광특구,종로·청계 관광특구,POI006,KEY_3,455. 종로6가역 버스정류장(동대문 방향),ST-1608,175,14,8,127.00605774,37.570961
2026-06-15T12:26:33.849081+09:00,종로·청계 관광특구,종로·청계 관광특구,POI006,KEY_3,329. 청계2가 사거리 옆,ST-145,75,6,8,126.98788452,37.56848526
2026-06-15T12:26:33.849081+09:00,종로·청계 관광특구,종로·청계 관광특구,POI006,KEY_3,3412.세운상가,ST-1809,13,2,15,126.99454498,37.5703125
2026-06-15T12:26:33.849081+09:00,종로·청계 관광특구,종로·청계 관광특구,POI006,KEY_3,3415.동대문역6번출구,ST-1812,67,10,15,127.0107193,37.57147217
2026-06-15T12:26:33.849081+09:00,종로·청계 관광특구,종로·청계 관광특구,POI006,KEY_3,3432.종로2가 사거리,ST-1829,36,5,14,126.98880768,37.57001877
2026-06-15T12:26:33.849081+09:00,종로·청계 관광특구,종로·청계 관광특구,POI006,KEY_3,4707. 청계3가 사거리,ST-2513,20,1,5,126.99211884,37.56855774
2026-06-15T12:26:33.849081+09:00,종로·청계 관광특구,종로·청계 관광특구,POI006,KEY_3,397. 종묘공영주차장 건너편,ST-1432,54,7,13,126.99663544,37.57048035
2026-06-15T12:26:33.849081+09:00,홍대 관광특구,홍대 관광특구,POI007,KEY_4,108. 서교동 사거리,ST-10,100,12,12,126.91861725,37.55274582
2026-06-15T12:26:33.849081+09:00,홍대 관광특구,홍대 관광특구,POI007,KEY_4,104. 합정역 1번출구 앞,ST-6,31,4,13,126.91508484,37.55073929
2026-06-15T12:26:33.849081+09:00,홍대 관광특구,홍대 관광특구,POI007,KEY_4,493.홍대입구역 6번출구,ST-2152,114,8,7,126.9288559,37.55657578
2026-06-15T12:26:33.849081+09:00,홍대 관광특구,홍대 관광특구,POI007,KEY_4,114. 홍대입구역 8번출구 앞,ST-20,60,9,15,126.92442322,37.55706024
2026-06-15T12:26:33.849081+09:00,홍대 관광특구,홍대 관광특구,POI007,KEY_4,3009. 홍대입구역 사거리,ST-2167,75,15,20,126.92023468,37.55450058
2026-06-15T12:26:33.849081+09:00,홍대 관광특구,홍대 관광특구,POI007,KEY_4,3010.홍대입구역 3번출구,ST-2168,13,2,15,126.92538452,37.5582962
2026-06-15T12:26:33.849081+09:00,홍대 관광특구,홍대 관광특구,POI007,KEY_4,4208. 스타벅스(동교동) 앞,ST-2532,210,21,10,126.91986847,37.5566597
2026-06-15T12:26:33.849081+09:00,홍대 관광특구,홍대 관광특구,POI007,KEY_4,4211. 시석빌딩 앞,ST-2534,125,10,8,126.91671753,37.54836655
2026-06-15T12:26:33.849081+09:00,홍대 관광특구,홍대 관광특구,POI007,KEY_4,113. 홍대입구역 2번출구 앞,ST-18,182,51,28,126.9238205,37.5574379
2026-06-15T12:26:33.849081+09:00,국립중앙박물관·용산가족공원,국립중앙박물관·용산가족공원,POI089,KEY_1,863.이촌역2번 출구,ST-2187,110,11,10,126.977005,37.52177048
2026-06-15T12:26:33.849081+09:00,국립중앙박물관·용산가족공원,국립중앙박물관·용산가족공원,POI089,KEY_1,855.이촌역5번출구 앞,ST-2179,80,8,10,126.97277069,37.52272415
2026-06-15T12:26:33.849081+09:00,남산공원,남산공원,POI091,KEY_3,859.남산공원 야외식물원 앞,ST-2183,0,0,10,126.99586487,37.54188538
2026-06-15T12:26:33.849081+09:00,남산공원,남산공원,POI091,KEY_3,371. 동대입구역 6번출구 뒤,ST-186,0,0,10,127.00553894,37.55887222
2026-06-15T12:26:33.849081+09:00,남산공원,남산공원,POI091,KEY_3,381. 장충체육관,ST-196,10,1,10,127.00698853,37.55853271
2026-06-15T12:26:33.849081+09:00,남산공원,남산공원,POI091,KEY_3,4621. 남산도서관 앞,ST-3054,0,0,12,126.98201752,37.55240631
2026-06-15T12:26:33.849081+09:00,노들섬,노들섬,POI092,KEY_4,869.노들섬 동측 앞,ST-2239,20,2,10,126.95914459,37.51729584
2026-06-15T12:26:33.849081+09:00,노들섬,노들섬,POI092,KEY_4,870.노들섬 서측 앞,ST-2240,110,11,10,126.95829773,37.51731873
2026-06-15T12:26:33.849081+09:00,망원한강공원,망원한강공원,POI094,KEY_2,105. 합정역 5번출구 앞,ST-7,0,0,5,126.91482544,37.55000687
2026-06-15T12:26:33.849081+09:00,망원한강공원,망원한강공원,POI094,KEY_2,4217. 한강공원 망원나들목,ST-2905,15,3,20,126.89688873,37.55557632
2026-06-15T12:26:33.849081+09:00,망원한강공원,망원한강공원,POI094,KEY_2,5515.한강버스 망원 선착장,ST-3388,117,35,30,126.89590454,37.55466461
2026-06-15T12:26:33.849081+09:00,보라매공원,보라매공원,POI123,KEY_4,4181. 보라매공원역 2번출구,ST-3117,50,3,6,126.91781616,37.49582291
2026-06-15T12:26:33.849081+09:00,보라매공원,보라매공원,POI123,KEY_4,4179. 보라매병원역 1번출구,ST-3105,85,17,20,126.92362976,37.49304199
2026-06-15T12:26:33.849081+09:00,북서울꿈의숲,북서울꿈의숲,POI096,KEY_1,1548. 북서울 꿈의숲 서문,ST-1725,40,6,15,127.03781128,37.62268829
2026-06-15T12:26:33.849081+09:00,북서울꿈의숲,북서울꿈의숲,POI096,KEY_1,3718. 번동3단지 버스정류장,ST-2610,191,21,11,127.04390717,37.628685
2026-06-15T12:26:33.849081+09:00,북서울꿈의숲,북서울꿈의숲,POI096,KEY_1,1571.북서울 꿈의 숲 입구,ST-2401,50,5,10,127.03864288,37.62657166
2026-06-15T12:26:33.849081+09:00,서대문독립공원,서대문독립공원,POI124,KEY_2,367. 독립문역 3-1번출구,ST-180,23,3,13,126.95851898,37.57415771
2026-06-15T12:26:33.849081+09:00,서대문독립공원,서대문독립공원,POI124,KEY_2,3427.인왕산 아이파크 정문,ST-1824,138,11,8,126.95584869,37.57666779
2026-06-15T12:26:33.849081+09:00,서대문독립공원,서대문독립공원,POI124,KEY_2,3113. 독립문 앞,ST-2199,0,0,15,126.95974731,37.57220459
2026-06-15T12:26:33.849081+09:00,서대문독립공원,서대문독립공원,POI124,KEY_2,3426.독립문역 2번출구 뒤,ST-1823,20,2,10,126.95755005,37.57501602
2026-06-15T12:26:33.849081+09:00,서리풀공원·몽마르뜨공원,서리풀공원·몽마르뜨공원,POI098,KEY_3,4327. 몽마르뜨공원입구,ST-3009,27,3,11,127.0026474,37.4928894
2026-06-15T12:26:33.849081+09:00,서리풀공원·몽마르뜨공원,서리풀공원·몽마르뜨공원,POI098,KEY_3,4312. 반포미도2차아파트 옆,ST-2663,80,8,10,127.00653076,37.50320435
2026-06-15T12:26:33.849081+09:00,서리풀공원·몽마르뜨공원,서리풀공원·몽마르뜨공원,POI098,KEY_3,4316. 고속터미널역 3번출구,ST-2667,72,18,25,127.0059433,37.50365829
2026-06-15T12:26:33.849081+09:00,서울숲공원,서울숲공원,POI101,KEY_1,510. 뚝도아리수정수센터 버스정류소 옆,ST-107,193,29,15,127.04380035,37.54122162
2026-06-15T12:26:33.849081+09:00,서울숲공원,서울숲공원,POI101,KEY_1,3552.서울숲 공영주차장앞,ST-2334,95,18,19,127.04277039,37.54195786
2026-06-15T12:26:33.849081+09:00,서울숲공원,서울숲공원,POI101,KEY_1,4401.뚝섬유수지 공영주차장,ST-3393,50,5,10,127.042099,37.55018234
2026-06-15T12:26:33.849081+09:00,송현녹지광장,송현녹지광장,POI129,KEY_2,354. 포르투갈 대사관 앞,ST-170,0,0,10,126.98896027,37.57915497
2026-06-15T12:26:33.849081+09:00,송현녹지광장,송현녹지광장,POI129,KEY_2,353. 재동초교 앞 삼거리,ST-169,0,0,8,126.9849472,37.57938766
2026-06-15T12:26:33.849081+09:00,송현녹지광장,송현녹지광장,POI129,KEY_2,314. 국립현대미술관,ST-130,50,5,10,126.98085785,37.5797081
2026-06-15T12:26:33.849081+09:00,송현녹지광장,송현녹지광장,POI129,KEY_2,3407.안국동사거리(신),ST-1804,22,4,18,126.98339081,37.57580566
2026-06-15T12:26:33.849081+09:00,송현녹지광장,송현녹지광장,POI129,KEY_2,4719. 종로문화원 건너편,ST-3090,40,6,15,126.9805069,37.57571411
2026-06-15T12:26:33.849081+09:00,송현녹지광장,송현녹지광장,POI129,KEY_2,4705. 웰니스센터(민방위교육장 앞),ST-2565,17,1,6,126.98912811,37.57752991
2026-06-15T12:26:33.849081+09:00,어린이대공원,어린이대공원,POI104,KEY_2,573. 구의문주차장 앞,ST-384,20,2,10,127.08473206,37.54523087
2026-06-15T12:26:33.849081+09:00,어린이대공원,어린이대공원,POI104,KEY_2,574. 아차산역4번출구,ST-385,59,13,22,127.08898163,37.55184937
2026-06-15T12:26:33.849081+09:00,어린이대공원,어린이대공원,POI104,KEY_2,500. 어린이대공원역 3번출구 앞,ST-97,20,1,5,127.07466888,37.54697037
2026-06-15T12:26:33.849081+09:00,어린이대공원,어린이대공원,POI104,KEY_2,3573.광나루안전체험관,ST-2312,40,6,15,127.07671356,37.5513382
2026-06-15T12:26:33.849081+09:00,어린이대공원,어린이대공원,POI104,KEY_2,3529. 어린이대공원정문,ST-1603,40,6,15,127.07592773,37.54978943
2026-06-15T12:26:33.849081+09:00,어린이대공원,어린이대공원,POI104,KEY_2,3507. 어린이회관,ST-1192,16,5,31,127.07800293,37.54595184
2026-06-15T12:26:33.849081+09:00,어린이대공원,어린이대공원,POI104,KEY_2,3853. 어린이대공원역 2번출구,ST-2541,22,4,18,127.07470703,37.54764938
2026-06-15T12:26:33.849081+09:00,어린이대공원,어린이대공원,POI104,KEY_2,3860. 건국대학교 정문 앞,ST-2542,0,0,10,127.07571411,37.5465126
2026-06-15T12:26:33.849081+09:00,여의도한강공원,여의도한강공원,POI105,KEY_3,260. 여의도 마리나선착장 앞,ST-414,113,17,15,126.91216278,37.53365707
2026-06-15T12:26:33.849081+09:00,여의도한강공원,여의도한강공원,POI105,KEY_3,249. 여의도중학교 옆,ST-297,19,3,16,126.93580627,37.52457809
2026-06-15T12:26:33.849081+09:00,여의도한강공원,여의도한강공원,POI105,KEY_3,5891.한강버스 여의도 선착장,ST-3402,37,11,30,126.93422699,37.52816391
2026-06-15T12:26:33.849081+09:00,여의도한강공원,여의도한강공원,POI105,KEY_3,5890.여의나루역 3번출구,ST-3401,36,4,11,126.93336487,37.52645493
2026-06-15T12:26:33.849081+09:00,여의서로,여의서로,POI126,KEY_4,260. 여의도 마리나선착장 앞,ST-414,113,17,15,126.91216278,37.53365707
2026-06-15T12:26:33.849081+09:00,여의서로,여의서로,POI126,KEY_4,298.KBS 연구동 건너편,ST-1970,28,7,25,126.91374207,37.52724838
2026-06-15T12:26:33.849081+09:00,여의서로,여의서로,POI126,KEY_4,297.국회3문,ST-1969,10,1,10,126.91267395,37.52863693
2026-06-15T12:26:33.849081+09:00,올림픽공원,올림픽공원,POI127,KEY_1,1267. 올림픽공원 남2문 앞,ST-1086,14,2,14,127.12306976,37.51424026
2026-06-15T12:26:33.849081+09:00,올림픽공원,올림픽공원,POI127,KEY_1,1268. 몽촌토성역 1번출구 옆,ST-1087,0,0,15,127.11419678,37.51728821
2026-06-15T12:26:33.849081+09:00,올림픽공원,올림픽공원,POI127,KEY_1,2621. 한성백제역 2번 출구,ST-1719,0,0,15,127.11625671,37.51665878
2026-06-15T12:26:33.849081+09:00,올림픽공원,올림픽공원,POI127,KEY_1,2622. 올림픽공원역 3번출구,ST-1720,195,39,20,127.13059235,37.51625824
2026-06-15T12:26:33.849081+09:00,올림픽공원,올림픽공원,POI127,KEY_1,4481. 올림픽공원 북2문 B,ST-2592,96,24,25,127.12751007,37.52397537
2026-06-15T12:26:33.849081+09:00,올림픽공원,올림픽공원,POI127,KEY_1,4857. 올림픽공원 장미광장,ST-2621,7,1,15,127.126297,37.51275635
2026-06-15T12:26:33.849081+09:00,올림픽공원,올림픽공원,POI127,KEY_1,5781. 올림픽공원 수영장,ST-3300,100,14,14,127.12688446,37.52157211
2026-06-15T12:26:33.849081+09:00,올림픽공원,올림픽공원,POI127,KEY_1,5751. 송파여성축구장,ST-3069,10,1,10,127.11743927,37.52471542
2026-06-15T12:26:33.849081+09:00,올림픽공원,올림픽공원,POI127,KEY_1,4862. 성내교 남단,ST-2756,20,2,10,127.11588287,37.52301788
2026-06-15T12:26:33.849081+09:00,올림픽공원,올림픽공원,POI127,KEY_1,4464. 올림픽공원 북2문 A,ST-2580,73,11,15,127.12804413,37.52357483
2026-06-15T12:26:33.849081+09:00,올림픽공원,올림픽공원,POI127,KEY_1,4856. 올림픽공원 서1문 앞,ST-2608,50,5,10,127.11457062,37.5202179
2026-06-15T12:26:33.849081+09:00,올림픽공원,올림픽공원,POI127,KEY_1,4865. 한성백제역 1번출구 뒤,ST-2797,60,3,5,127.1149826,37.51647949
2026-06-15T12:26:33.849081+09:00,월드컵공원,월드컵공원,POI106,KEY_2,413. 상암월드컵파크 3단지 후문,ST-92,110,11,10,126.88968658,37.57147598
2026-06-15T12:26:33.849081+09:00,월드컵공원,월드컵공원,POI106,KEY_2,186. 월드컵공원,ST-344,225,90,40,126.89820862,37.56396484
2026-06-15T12:26:33.849081+09:00,월드컵공원,월드컵공원,POI106,KEY_2,419. 홈플러스 마포점 앞,ST-87,148,31,21,126.89942932,37.56842041
2026-06-15T12:26:33.849081+09:00,월드컵공원,월드컵공원,POI106,KEY_2,199. 서울 월드컵 경기장,ST-443,70,21,30,126.89644623,37.56684494
2026-06-15T12:26:33.849081+09:00,월드컵공원,월드컵공원,POI106,KEY_2,418. 월드컵경기장역 3번출구 옆,ST-89,15,3,20,126.8992691,37.57277679
2026-06-15T12:26:33.849081+09:00,월드컵공원,월드컵공원,POI106,KEY_2,440. 하늘공원 입구,ST-1754,60,9,15,126.88134766,37.57012177
2026-06-15T12:26:33.849081+09:00,월드컵공원,월드컵공원,POI106,KEY_2,420. 서울시 공공자전거 상암센터,ST-85,78,29,37,126.8961792,37.56624603
2026-06-15T12:26:33.849081+09:00,월드컵공원,월드컵공원,POI106,KEY_2,3008.DMC역7번출구,ST-2166,120,12,10,126.89836121,37.57711411
2026-06-15T12:26:33.849081+09:00,응봉산,응봉산,POI107,KEY_3,569. 응봉현대아파트 정류소,ST-370,0,0,10,127.03024292,37.54958344
2026-06-15T12:26:33.849081+09:00,응봉산,응봉산,POI107,KEY_3,3511. 응봉역 1번출구,ST-1195,20,2,10,127.0351944,37.55130386
2026-06-15T12:26:33.849081+09:00,응봉산,응봉산,POI107,KEY_3,3525. 금호스포츠센터앞,ST-1599,27,4,15,127.02507019,37.54608917
2026-06-15T12:26:33.849081+09:00,청계산,청계산,POI112,KEY_4,2203. 청계산입구역 2번출구,ST-925,140,14,10,127.05501556,37.44765854
2026-06-15T12:26:33.849081+09:00,청계산,청계산,POI112,KEY_4,4338.새정이마을버스정류장 앞,ST-3216,60,3,5,127.06594849,37.43474579
2026-06-15T12:26:33.849081+09:00,가락시장,가락시장,POI058,KEY_2,2659.서울친환경유통센터,ST-2410,10,1,10,127.10492706,37.49420929
2026-06-15T12:26:33.849081+09:00,가락시장,가락시장,POI058,KEY_2,2658.가락몰 업무동,ST-2409,240,24,10,127.11569214,37.49535751
2026-06-15T12:26:33.849081+09:00,가락시장,가락시장,POI058,KEY_2,4480. 가락시장 남1문 사거리,ST-2591,13,2,15,127.11745453,37.49201584
2026-06-15T12:26:33.849081+09:00,가락시장,가락시장,POI058,KEY_2,4854. 가락시장역 2번 출구,ST-2606,60,6,10,127.11798859,37.492733
2026-06-15T12:26:33.849081+09:00,가로수길,가로수길,POI059,KEY_3,3606. 신사동주민센터 옆,ST-2673,250,25,10,127.02285004,37.52422714
2026-06-15T12:26:33.849081+09:00,가로수길,가로수길,POI059,KEY_3,2362. 신사동 가로수길 입구,ST-1171,10,1,10,127.02245331,37.51763535
2026-06-15T12:26:33.849081+09:00,가로수길,가로수길,POI059,KEY_3,4903. 신사스퀘어,ST-3066,10,1,10,127.0189743,37.51916885
2026-06-15T12:26:33.849081+09:00,가로수길,가로수길,POI059,KEY_3,4907. 극동스포츠 앞,ST-3078,220,11,5,127.02588654,37.5257225
2026-06-15T12:26:33.849081+09:00,김포공항,김포공항,POI061,KEY_1,3776. 김포공항사거리,ST-2484,110,11,10,126.80518341,37.5675354
2026-06-15T12:26:33.849081+09:00,김포공항,김포공항,POI061,KEY_1,5072. 김포공항입구 교통섬,ST-2947,50,5,10,126.80708313,37.56154633
2026-06-15T12:26:33.849081+09:00,남대문시장,남대문시장,POI115,KEY_2,324. 신세계백화점 본점 앞,ST-140,200,16,8,126.9805069,37.56134415
2026-06-15T12:26:33.849081+09:00,남대문시장,남대문시장,POI115,KEY_2,470.회현역 7번출구,ST-1776,0,0,13,126.98000336,37.55974579
2026-06-15T12:26:33.849081+09:00,남대문시장,남대문시장,POI115,KEY_2,4776. 신세계면세점,ST-2522,30,3,10,126.98139191,37.56027603
2026-06-15T12:26:33.849081+09:00,노량진,노량진,POI063,KEY_3,2003. 사육신공원앞,ST-877,110,11,10,126.94805908,37.51335907
2026-06-15T12:26:33.849081+09:00,노량진,노량진,POI063,KEY_3,2002. 노들역 1번출구,ST-683,71,12,17,126.95246887,37.51284409
2026-06-15T12:26:33.849081+09:00,노량진,노량진,POI063,KEY_3,2050. 노량진역 5번출구,ST-699,233,35,15,126.93997192,37.51324844
2026-06-15T12:26:33.849081+09:00,노량진,노량진,POI063,KEY_3,2070. 노량진역 2번 출구 앞,ST-1545,67,12,18,126.94306946,37.51391983
2026-06-15T12:26:33.849081+09:00,노량진,노량진,POI063,KEY_3,2058. 동작경찰서,ST-1150,257,36,14,126.94352722,37.5135231
2026-06-15T12:26:33.849081+09:00,덕수궁길·정동길,덕수궁길·정동길,POI064,KEY_4,391. 시립미술관,ST-977,88,7,8,126.97340393,37.56505203
2026-06-15T12:26:33.849081+09:00,덕수궁길·정동길,덕수궁길·정동길,POI064,KEY_4,300. 정동사거리,ST-116,17,1,6,126.96923065,37.56805038
2026-06-15T12:26:33.849081+09:00,덕수궁길·정동길,덕수궁길·정동길,POI064,KEY_4,4715. 돈의문 박물관 마을,ST-2923,80,12,15,126.96955109,37.56883621
2026-06-15T12:26:33.849081+09:00,덕수궁길·정동길,덕수궁길·정동길,POI064,KEY_4,6058. 시청역 2번출구,ST-3297,7,1,15,126.97702026,37.56557846
2026-06-15T12:26:33.849081+09:00,북촌한옥마을,북촌한옥마을,POI066,KEY_2,354. 포르투갈 대사관 앞,ST-170,0,0,10,126.98896027,37.57915497
2026-06-15T12:26:33.849081+09:00,북촌한옥마을,북촌한옥마을,POI066,KEY_2,451. 청와대앞길,ST-979,0,0,8,126.97966766,37.58351517
2026-06-15T12:26:33.849081+09:00,북촌한옥마을,북촌한옥마을,POI066,KEY_2,464. 삼청동 골목,ST-1756,90,9,10,126.98169708,37.58419037
2026-06-15T12:26:33.849081+09:00,북촌한옥마을,북촌한옥마을,POI066,KEY_2,352. 중앙고입구 삼거리,ST-168,0,0,10,126.98523712,37.58341599
2026-06-15T12:26:33.849081+09:00,북촌한옥마을,북촌한옥마을,POI066,KEY_2,465. 삼청공원 앞,ST-1759,20,1,5,126.9835968,37.58760452
2026-06-15T12:26:33.849081+09:00,북촌한옥마을,북촌한옥마을,POI066,KEY_2,353. 재동초교 앞 삼거리,ST-169,0,0,8,126.9849472,37.57938766
2026-06-15T12:26:33.849081+09:00,북촌한옥마을,북촌한옥마을,POI066,KEY_2,314. 국립현대미술관,ST-130,50,5,10,126.98085785,37.5797081
2026-06-15T12:26:33.849081+09:00,북촌한옥마을,북촌한옥마을,POI066,KEY_2,3407.안국동사거리(신),ST-1804,22,4,18,126.98339081,37.57580566
2026-06-15T12:26:33.849081+09:00,북촌한옥마을,북촌한옥마을,POI066,KEY_2,4719. 종로문화원 건너편,ST-3090,40,6,15,126.9805069,37.57571411
2026-06-15T12:26:33.849081+09:00,북촌한옥마을,북촌한옥마을,POI066,KEY_2,4705. 웰니스센터(민방위교육장 앞),ST-2565,17,1,6,126.98912811,37.57752991
2026-06-15T12:26:33.849081+09:00,서촌,서촌,POI067,KEY_3,450. 효자동 삼거리,ST-978,0,0,51,126.97254944,37.58360291
2026-06-15T12:26:33.849081+09:00,서촌,서촌,POI067,KEY_3,349. 어린이도서관,ST-165,0,0,5,126.96858978,37.57633209
2026-06-15T12:26:33.849081+09:00,서촌,서촌,POI067,KEY_3,4721. 통인시장 정자,ST-3354,25,2,8,126.96878815,37.58055878
2026-06-15T12:26:33.849081+09:00,서촌,서촌,POI067,KEY_3,4710. 자교교회 앞,ST-2473,0,0,8,126.97123718,37.58114624
2026-06-15T12:26:33.849081+09:00,성수카페거리,성수카페거리,POI068,KEY_4,514. 성수사거리 버스정류장 앞,ST-112,350,42,12,127.06330872,37.54257965
2026-06-15T12:26:33.849081+09:00,성수카페거리,성수카페거리,POI068,KEY_4,513. 뚝섬역 5번 출구 정류소 옆,ST-111,146,19,13,127.04980469,37.54630661
2026-06-15T12:26:33.849081+09:00,성수카페거리,성수카페거리,POI068,KEY_4,587. 유니베라 앞,ST-482,400,40,10,127.05264282,37.54541779
2026-06-15T12:26:33.849081+09:00,성수카페거리,성수카페거리,POI068,KEY_4,3548.뚝섬역 6번출구,ST-2330,140,14,10,127.04766846,37.54695892
2026-06-15T12:26:33.849081+09:00,성수카페거리,성수카페거리,POI068,KEY_4,4398. 유원지식산업센터 앞,ST-3325,131,21,16,127.05593109,37.54436493
2026-06-15T12:26:33.849081+09:00,성수카페거리,성수카페거리,POI068,KEY_4,4387. 성수역 1번출구 주변,ST-3121,400,32,8,127.05336761,37.54555893
2026-06-15T12:26:33.849081+09:00,성수카페거리,성수카페거리,POI068,KEY_4,4399. 더리브 세종타워 앞,ST-3326,143,10,7,127.0580368,37.54378128
2026-06-15T12:26:33.849081+09:00,성수카페거리,성수카페거리,POI068,KEY_4,4377. 우영테크노센터 앞,ST-3003,363,29,8,127.05971527,37.54332352
2026-06-15T12:26:33.849081+09:00,송리단길·호수단길,송리단길·호수단길,POI121,KEY_1,2639.석촌역 8번출구,ST-1866,6,1,18,127.10657501,37.50550461
2026-06-15T12:26:33.849081+09:00,송리단길·호수단길,송리단길·호수단길,POI121,KEY_1,4868. 석촌호수 서호 남단,ST-2833,40,4,10,127.10124207,37.50717163
2026-06-15T12:26:33.849081+09:00,신촌 스타광장,신촌 스타광장,POI122,KEY_2,128. 신촌역(2호선) 1번출구 옆,ST-30,32,6,19,126.93634033,37.55549622
2026-06-15T12:26:33.849081+09:00,신촌 스타광장,신촌 스타광장,POI122,KEY_2,3116.신촌역 4번출구,ST-2201,0,0,10,126.93720245,37.55550385
2026-06-15T12:26:33.849081+09:00,압구정로데오거리,압구정로데오거리,POI071,KEY_3,2310. 청담동 맥도날드 옆(위치),ST-794,100,10,10,127.04017639,37.52361298
2026-06-15T12:26:33.849081+09:00,압구정로데오거리,압구정로데오거리,POI071,KEY_3,2365. K+ 타워 앞,ST-1174,47,7,15,127.03847504,37.52330017
2026-06-15T12:26:33.849081+09:00,여의도,여의도,POI072,KEY_4,202. 국민일보 앞,ST-47,283,85,30,126.92453003,37.52881622
2026-06-15T12:26:33.849081+09:00,여의도,여의도,POI072,KEY_4,201. 진미파라곤 앞,ST-46,113,17,15,126.92133331,37.53123856
2026-06-15T12:26:33.849081+09:00,여의도,여의도,POI072,KEY_4,204. 국회의사당역 5번출구 옆,ST-50,138,18,13,126.91702271,37.52816391
2026-06-15T12:26:33.849081+09:00,여의도,여의도,POI072,KEY_4,222. 시범아파트버스정류장 옆,ST-68,125,15,12,126.93688965,37.51902008
2026-06-15T12:26:33.849081+09:00,여의도,여의도,POI072,KEY_4,223. 진주아파트상가 앞,ST-69,20,4,20,126.9333725,37.51913071
2026-06-15T12:26:33.849081+09:00,여의도,여의도,POI072,KEY_4,207. 여의나루역 1번출구 앞,ST-73,7,3,46,126.93190002,37.52715683
2026-06-15T12:26:33.849081+09:00,여의도,여의도,POI072,KEY_4,271. 샛강생태공원방문자센터 앞,ST-425,0,0,10,126.9216156,37.51896286
2026-06-15T12:26:33.849081+09:00,여의도,여의도,POI072,KEY_4,226. 샛강역 1번출구 앞,ST-72,58,11,19,126.92841339,37.51776505
2026-06-15T12:26:33.849081+09:00,여의도,여의도,POI072,KEY_4,299.여의도 순복음교회,ST-1971,20,2,10,126.92245483,37.53179169
2026-06-15T12:26:33.849081+09:00,여의도,여의도,POI072,KEY_4,221. 여의도초교 앞,ST-67,0,0,10,126.93778992,37.52267456
2026-06-15T12:26:33.849081+09:00,여의도,여의도,POI072,KEY_4,203. 국회의사당역 3번출구 옆,ST-51,20,3,15,126.91870117,37.5280571
2026-06-15T12:26:33.849081+09:00,여의도,여의도,POI072,KEY_4,200. 국회의원회관,ST-45,18,4,22,126.91391754,37.52841568
2026-06-15T12:26:33.849081+09:00,여의도,여의도,POI072,KEY_4,260. 여의도 마리나선착장 앞,ST-414,113,17,15,126.91216278,37.53365707
2026-06-15T12:26:33.849081+09:00,여의도,여의도,POI072,KEY_4,214. 금융감독원 앞,ST-60,48,10,21,126.9208374,37.5230217
2026-06-15T12:26:33.849081+09:00,여의도,여의도,POI072,KEY_4,249. 여의도중학교 옆,ST-297,19,3,16,126.93580627,37.52457809
2026-06-15T12:26:33.849081+09:00,여의도,여의도,POI072,KEY_4,217. NH농협은행 앞,ST-66,527,79,15,126.93036652,37.52207947
2026-06-15T12:26:33.849081+09:00,여의도,여의도,POI072,KEY_4,213. KT앞,ST-59,26,5,19,126.91895294,37.52190781
2026-06-15T12:26:33.849081+09:00,여의도,여의도,POI072,KEY_4,224. 롯데캐슬 앞,ST-70,25,5,20,126.93236542,37.5200882
2026-06-15T12:26:33.849081+09:00,여의도,여의도,POI072,KEY_4,209. 유진투자증권빌딩 앞,ST-55,286,63,22,126.92783356,37.52461243
2026-06-15T12:26:33.849081+09:00,여의도,여의도,POI072,KEY_4,270. 증권거래소후문교차로,ST-424,140,14,10,126.92710114,37.52234268
2026-06-15T12:26:33.849081+09:00,여의도,여의도,POI072,KEY_4,298.KBS 연구동 건너편,ST-1970,28,7,25,126.91374207,37.52724838
2026-06-15T12:26:33.849081+09:00,여의도,여의도,POI072,KEY_4,220. 미성아파트 A동 앞,ST-63,40,12,30,126.92604828,37.5193634
2026-06-15T12:26:33.849081+09:00,여의도,여의도,POI072,KEY_4,205. 산업은행 앞,ST-52,95,19,20,126.92050934,37.52626419
2026-06-15T12:26:33.849081+09:00,여의도,여의도,POI072,KEY_4,297.국회3문,ST-1969,10,1,10,126.91267395,37.52863693
2026-06-15T12:26:33.849081+09:00,여의도,여의도,POI072,KEY_4,248. 초원아파트 앞,ST-296,120,12,10,126.92420959,37.53105545
2026-06-15T12:26:33.849081+09:00,여의도,여의도,POI072,KEY_4,225. 앙카라공원 앞,ST-71,23,6,26,126.92961884,37.51758575
2026-06-15T12:26:33.849081+09:00,여의도,여의도,POI072,KEY_4,206. KBS 앞,ST-53,180,63,35,126.91802216,37.52466583
2026-06-15T12:26:33.849081+09:00,여의도,여의도,POI072,KEY_4,215. 여의도고교 앞,ST-64,20,2,10,126.93490601,37.52483749
2026-06-15T12:26:33.849081+09:00,여의도,여의도,POI072,KEY_4,219. 롯데캐슬엠파이어 옆,ST-62,175,21,12,126.92583466,37.52069473
2026-06-15T12:26:33.849081+09:00,여의도,여의도,POI072,KEY_4,4581. 국회소통관,ST-2645,58,7,12,126.9128952,37.53050232
2026-06-15T12:26:33.849081+09:00,여의도,여의도,POI072,KEY_4,5889.의원회관출입구 앞,ST-3377,50,5,10,126.91479492,37.52985382
2026-06-15T12:26:33.849081+09:00,여의도,여의도,POI072,KEY_4,4564. 63스퀘어,ST-2814,306,52,17,126.93965912,37.52070999
2026-06-15T12:26:33.849081+09:00,여의도,여의도,POI072,KEY_4,5878. 우리은행 앞,ST-3315,465,93,20,126.92162323,37.52349091
2026-06-15T12:26:33.849081+09:00,여의도,여의도,POI072,KEY_4,4584. 국회2문,ST-2648,22,2,9,126.91510773,37.52864075
2026-06-15T12:26:33.849081+09:00,여의도,여의도,POI072,KEY_4,5853. 여의도역2번출구 앞,ST-3061,130,13,10,126.92271423,37.52243423
2026-06-15T12:26:33.849081+09:00,여의도,여의도,POI072,KEY_4,4579. 국회의사당 본관,ST-2643,135,23,17,126.91404724,37.5325737
2026-06-15T12:26:33.849081+09:00,여의도,여의도,POI072,KEY_4,5891.한강버스 여의도 선착장,ST-3402,37,11,30,126.93422699,37.52816391
2026-06-15T12:26:33.849081+09:00,여의도,여의도,POI072,KEY_4,5879. 국회도서관 2문 앞,ST-3318,125,10,8,126.91668701,37.53107071
2026-06-15T12:26:33.849081+09:00,여의도,여의도,POI072,KEY_4,5888.여의도성당,ST-3375,29,2,7,126.93920898,37.52164459
2026-06-15T12:26:33.849081+09:00,여의도,여의도,POI072,KEY_4,4585. 국회6문,ST-2694,67,4,6,126.91799164,37.53271866
2026-06-15T12:26:33.849081+09:00,여의도,여의도,POI072,KEY_4,5880. 국회박물관,ST-3319,29,2,7,126.91945648,37.53183365
2026-06-15T12:26:33.849081+09:00,여의도,여의도,POI072,KEY_4,4580. 국회제2의원회관,ST-2644,76,13,17,126.91316986,37.52974701
2026-06-15T12:26:33.849081+09:00,여의도,여의도,POI072,KEY_4,4563. 여의도 은하아파트,ST-2813,10,1,10,126.93448639,37.51850891
2026-06-15T12:26:33.849081+09:00,여의도,여의도,POI072,KEY_4,5870. LG트윈타워 앞,ST-3239,135,27,20,126.93017578,37.52833176
2026-06-15T12:26:33.849081+09:00,여의도,여의도,POI072,KEY_4,4589. KRX한국거래소(1),ST-2899,78,14,18,126.92759705,37.52338028
2026-06-15T12:26:33.849081+09:00,여의도,여의도,POI072,KEY_4,5893.한국산업은행,ST-3397,580,58,10,126.92175293,37.52814484
2026-06-15T12:26:33.849081+09:00,여의도,여의도,POI072,KEY_4,5892.국회의사당본관 좌측,ST-3383,129,9,7,126.91375732,37.53090286
2026-06-15T12:26:33.849081+09:00,여의도,여의도,POI072,KEY_4,4582. 국회도서관,ST-2646,167,20,12,126.91817474,37.53054047
2026-06-15T12:26:33.849081+09:00,여의도,여의도,POI072,KEY_4,5890.여의나루역 3번출구,ST-3401,36,4,11,126.93336487,37.52645493
2026-06-15T12:26:33.849081+09:00,여의도,여의도,POI072,KEY_4,4583. 의정관,ST-2647,58,7,12,126.91747284,37.53214645
2026-06-15T12:26:33.849081+09:00,여의도,여의도,POI072,KEY_4,5859. 여의도 삼부아파트,ST-3160,30,3,10,126.93045807,37.52539444
2026-06-15T12:26:33.849081+09:00,여의도,여의도,POI072,KEY_4,5897.여의도공작아파트,ST-3426,30,3,10,126.92987061,37.52595139
2026-06-15T12:26:33.849081+09:00,연남동,연남동,POI073,KEY_1,107. 수협 연남동지점,ST-9,90,9,10,126.91871643,37.55784607
2026-06-15T12:26:33.849081+09:00,연남동,연남동,POI073,KEY_1,4233. 코오롱아파트사거리,ST-2979,170,17,10,126.92149353,37.56306458
2026-06-15T12:26:33.849081+09:00,영등포 타임스퀘어,영등포 타임스퀘어,POI074,KEY_2,284. 센트럴 푸르지오 시티 앞,ST-1650,100,16,16,126.90222931,37.51821136
2026-06-15T12:26:33.849081+09:00,영등포 타임스퀘어,영등포 타임스퀘어,POI074,KEY_2,3219.영등포역 1번출구,ST-1990,220,22,10,126.9077301,37.5148468
2026-06-15T12:26:33.849081+09:00,영등포 타임스퀘어,영등포 타임스퀘어,POI074,KEY_2,5858. 영등포역5번출구,ST-3142,70,7,10,126.90807343,37.51669312
2026-06-15T12:26:33.849081+09:00,영등포 타임스퀘어,영등포 타임스퀘어,POI074,KEY_2,4565. 영등포 신세계백화점,ST-2815,300,30,10,126.90364838,37.51803589
2026-06-15T12:26:33.849081+09:00,영등포 타임스퀘어,영등포 타임스퀘어,POI074,KEY_2,5868. 로프트시티오피스텔,ST-3238,17,1,6,126.90843201,37.51906204
2026-06-15T12:26:33.849081+09:00,용리단길,용리단길,POI076,KEY_3,816. 신용산역 6번출구 앞,ST-435,76,19,25,126.96848297,37.53014755
2026-06-15T12:26:33.849081+09:00,용리단길,용리단길,POI076,KEY_3,817. 삼각지역 4번출구 앞,ST-436,11,1,9,126.97173309,37.53345108
2026-06-15T12:26:33.849081+09:00,이태원 앤틱가구거리,이태원 앤틱가구거리,POI077,KEY_4,4615. 크라운호텔앞 버스정류소,ST-2446,71,5,7,126.99137878,37.53030014
2026-06-15T12:26:33.849081+09:00,이태원 앤틱가구거리,이태원 앤틱가구거리,POI077,KEY_4,4634. 이태원역 3번 출구,ST-3056,40,2,5,126.99497223,37.5343895
2026-06-15T12:26:33.849081+09:00,익선동,익선동,POI116,KEY_1,334. 종로3가역 2번출구 뒤,ST-150,70,7,10,126.99179077,37.5705986
2026-06-15T12:26:33.849081+09:00,익선동,익선동,POI116,KEY_1,328. 탑골공원 앞,ST-144,0,0,11,126.9881897,37.57039642
2026-06-15T12:26:33.849081+09:00,익선동,익선동,POI116,KEY_1,327. 낙원상가 옆,ST-143,0,0,10,126.9874649,37.57335663
2026-06-15T12:26:33.849081+09:00,익선동,익선동,POI116,KEY_1,3410.종로3가역 8번출구,ST-1807,20,2,10,126.99188995,37.5724678
2026-06-15T12:26:33.849081+09:00,익선동,익선동,POI116,KEY_1,4713. 현대 뜨레비앙 아파트 앞,ST-2623,14,1,7,126.99062347,37.57528305
2026-06-15T12:26:33.849081+09:00,인사동,인사동,POI078,KEY_2,454. 종로2가 버스정류장 (종각방향),ST-1607,15,2,13,126.98638153,37.57035828
2026-06-15T12:26:33.849081+09:00,인사동,인사동,POI078,KEY_2,326. 안국역 5번출구 앞,ST-142,0,0,15,126.98616028,37.57624054
2026-06-15T12:26:33.849081+09:00,인사동,인사동,POI078,KEY_2,327. 낙원상가 옆,ST-143,0,0,10,126.9874649,37.57335663
2026-06-15T12:26:33.849081+09:00,인사동,인사동,POI078,KEY_2,3408.종로타워빌딩,ST-1805,108,14,13,126.98323822,37.57070541
2026-06-15T12:26:33.849081+09:00,창동 신경제 중심지,창동 신경제 중심지,POI079,KEY_4,1756.서울북부광역등기국,ST-2101,80,8,10,127.04431915,37.65148544
2026-06-15T12:26:33.849081+09:00,창동 신경제 중심지,창동 신경제 중심지,POI079,KEY_4,1716. 창동역 1번출구 건너편,ST-1132,150,12,8,127.05072784,37.65420151
2026-06-15T12:26:33.849081+09:00,창동 신경제 중심지,창동 신경제 중심지,POI079,KEY_4,1722. 창동청소년수련관,ST-1292,53,8,15,127.05004883,37.65779877
2026-06-15T12:26:33.849081+09:00,창동 신경제 중심지,창동 신경제 중심지,POI079,KEY_4,1657. 노원구청,ST-1125,270,54,20,127.05732727,37.65404892
2026-06-15T12:26:33.849081+09:00,창동 신경제 중심지,창동 신경제 중심지,POI079,KEY_4,1662. 노원역7번출구,ST-1279,130,26,20,127.05921173,37.65421677
2026-06-15T12:26:33.849081+09:00,창동 신경제 중심지,창동 신경제 중심지,POI079,KEY_4,1674. 서울북부고용센터앞,ST-1291,120,18,15,127.05808258,37.65354919
2026-06-15T12:26:33.849081+09:00,창동 신경제 중심지,창동 신경제 중심지,POI079,KEY_4,1637. KT 전화국 버스정류장 옆,ST-611,222,20,9,127.06372833,37.6546669
2026-06-15T12:26:33.849081+09:00,창동 신경제 중심지,창동 신경제 중심지,POI079,KEY_4,1690. 도봉운전면허시험장 버스정류장 옆,ST-1641,30,3,10,127.05931091,37.6577301
2026-06-15T12:26:33.849081+09:00,창동 신경제 중심지,창동 신경제 중심지,POI079,KEY_4,1686. 상계주공10단지 종합상가 앞,ST-1476,7,1,15,127.05805206,37.66114044
2026-06-15T12:26:33.849081+09:00,창동 신경제 중심지,창동 신경제 중심지,POI079,KEY_4,1775.신원리베르텔 앞,ST-2120,53,8,15,127.04554749,37.65128708
2026-06-15T12:26:33.849081+09:00,창동 신경제 중심지,창동 신경제 중심지,POI079,KEY_4,1653. 노원역1번출구,ST-1121,80,8,10,127.06362152,37.65620041
2026-06-15T12:26:33.849081+09:00,창동 신경제 중심지,창동 신경제 중심지,POI079,KEY_4,4096.창동역2번출구 하나은행365 앞,ST-3368,350,28,8,127.04550171,37.65283585
2026-06-15T12:26:33.849081+09:00,창동 신경제 중심지,창동 신경제 중심지,POI079,KEY_4,4098.창동역 1번출구 인근,ST-3430,175,14,8,127.04838562,37.65290833
2026-06-15T12:26:33.849081+09:00,창동 신경제 중심지,창동 신경제 중심지,POI079,KEY_4,5333. 노원역9번-10번 출구 앞,ST-3288,130,13,10,127.063591,37.65655518
2026-06-15T12:26:33.849081+09:00,창동 신경제 중심지,창동 신경제 중심지,POI079,KEY_4,5311. 주공601동 상가 노원지하보도 앞,ST-3116,20,1,5,127.06147766,37.65190125
2026-06-15T12:26:33.849081+09:00,청량리 제기동 일대 전통시장,청량리 제기동 일대 전통시장,POI081,KEY_2,633. 청량리 기업은행 앞,ST-400,150,12,8,127.04472351,37.58049774
2026-06-15T12:26:33.849081+09:00,청량리 제기동 일대 전통시장,청량리 제기동 일대 전통시장,POI081,KEY_2,676.FITI시험연구원 앞,ST-2276,22,2,9,127.03547668,37.58143234
2026-06-15T12:26:33.849081+09:00,청량리 제기동 일대 전통시장,청량리 제기동 일대 전통시장,POI081,KEY_2,640. 동대문경찰서 교차로,ST-407,117,7,6,127.04460144,37.58255005
2026-06-15T12:26:33.849081+09:00,청량리 제기동 일대 전통시장,청량리 제기동 일대 전통시장,POI081,KEY_2,4149.제기동역 5번출구,ST-3428,71,5,7,127.03381348,37.5779953
2026-06-15T12:26:33.849081+09:00,청량리 제기동 일대 전통시장,청량리 제기동 일대 전통시장,POI081,KEY_2,4134. 제기동 현대아파트 앞,ST-3206,130,13,10,127.0353241,37.57994843
2026-06-15T12:26:33.849081+09:00,청량리 제기동 일대 전통시장,청량리 제기동 일대 전통시장,POI081,KEY_2,4147.청량리역광장,ST-3405,11,4,35,127.04673767,37.58024597
2026-06-15T12:26:33.849081+09:00,DDP(동대문디자인플라자),DDP(동대문디자인플라자),POI083,KEY_4,475.DDP 패션몰,ST-1781,48,10,21,127.0118103,37.56764984
2026-06-15T12:26:33.849081+09:00,DDP(동대문디자인플라자),DDP(동대문디자인플라자),POI083,KEY_4,347. 동대문역사문화공원역 9번출구 앞,ST-163,28,5,18,127.00784302,37.56533051
2026-06-15T12:26:33.849081+09:00,DDP(동대문디자인플라자),DDP(동대문디자인플라자),POI083,KEY_4,474.동대문역사문화공원역 1번출구 뒤편,ST-1780,95,38,40,127.00849152,37.56629944
2026-06-15T12:26:33.849081+09:00,DDP(동대문디자인플라자),DDP(동대문디자인플라자),POI083,KEY_4,4765. 동대문디자인플라자,ST-2431,155,31,20,127.00946045,37.5683136
2026-06-15T12:26:33.849081+09:00,DMC(디지털미디어시티),DMC(디지털미디어시티),POI084,KEY_1,411. DMC홍보관,ST-90,140,14,10,126.89147186,37.5779953
2026-06-15T12:26:33.849081+09:00,DMC(디지털미디어시티),DMC(디지털미디어시티),POI084,KEY_1,412. DMC산학협력연구센터 앞,ST-91,152,32,21,126.89079285,37.57565689
2026-06-15T12:26:33.849081+09:00,DMC(디지털미디어시티),DMC(디지털미디어시티),POI084,KEY_1,408. LG CNS앞,ST-84,86,12,14,126.88665009,37.58081055
2026-06-15T12:26:33.849081+09:00,DMC(디지털미디어시티),DMC(디지털미디어시티),POI084,KEY_1,414. 상암동주민센터 옆,ST-94,150,12,8,126.89447021,37.57822037
2026-06-15T12:26:33.849081+09:00,DMC(디지털미디어시티),DMC(디지털미디어시티),POI084,KEY_1,405. DMC빌 앞,ST-80,25,2,8,126.88578796,37.58265686
2026-06-15T12:26:33.849081+09:00,DMC(디지털미디어시티),DMC(디지털미디어시티),POI084,KEY_1,409. 누리꿈스퀘어 옆,ST-86,117,35,30,126.88916016,37.57939911
2026-06-15T12:26:33.849081+09:00,DMC(디지털미디어시티),DMC(디지털미디어시티),POI084,KEY_1,415. DMC역 9번출구 앞,ST-95,130,13,10,126.89736176,37.57746887
2026-06-15T12:26:33.849081+09:00,DMC(디지털미디어시티),DMC(디지털미디어시티),POI084,KEY_1,489.구룡근린공원,ST-2148,180,18,10,126.88276672,37.58320236
2026-06-15T12:26:33.849081+09:00,DMC(디지털미디어시티),DMC(디지털미디어시티),POI084,KEY_1,425. DMC첨단산업센터,ST-991,80,8,10,126.88559723,37.58450317
2026-06-15T12:26:33.849081+09:00,DMC(디지털미디어시티),DMC(디지털미디어시티),POI084,KEY_1,490.가온문화공원,ST-2149,122,28,23,126.88766479,37.58207703
2026-06-15T12:26:33.849081+09:00,DMC(디지털미디어시티),DMC(디지털미디어시티),POI084,KEY_1,417. DMC역 2번출구 옆,ST-93,15,3,20,126.8999176,37.57506943
2026-06-15T12:26:33.849081+09:00,DMC(디지털미디어시티),DMC(디지털미디어시티),POI084,KEY_1,3008.DMC역7번출구,ST-2166,120,12,10,126.89836121,37.57711411
2026-06-15T12:26:33.849081+09:00,DMC(디지털미디어시티),DMC(디지털미디어시티),POI084,KEY_1,3007.MBC 앞,ST-2165,200,20,10,126.89044952,37.58198166
2026-06-15T12:26:33.849081+09:00,DMC(디지털미디어시티),DMC(디지털미디어시티),POI084,KEY_1,4214. JTBC 앞,ST-2537,210,21,10,126.8901825,37.57730484
2026-06-15T12:26:33.849081+09:00,DMC(디지털미디어시티),DMC(디지털미디어시티),POI084,KEY_1,4218. 디지털매직스페이스,ST-2974,238,31,13,126.88957977,37.58119965
2026-06-15T12:26:33.849081+09:00,DMC(디지털미디어시티),DMC(디지털미디어시티),POI084,KEY_1,4238. 상암한샘빌딩앞,ST-2981,14,1,7,126.89867401,37.57649231
2026-06-15T12:26:33.849081+09:00,가산디지털단지역,가산디지털단지역,POI013,KEY_2,1867.대륭포스트타워6차 앞,ST-1938,417,125,30,126.8841629,37.48101044
2026-06-15T12:26:33.849081+09:00,가산디지털단지역,가산디지털단지역,POI013,KEY_2,1851. 가산디지털단지 9번출구 인근,ST-1403,140,14,10,126.88148499,37.48123169
2026-06-15T12:26:33.849081+09:00,가산디지털단지역,가산디지털단지역,POI013,KEY_2,1849. 대륭포스트타워5차,ST-1276,200,20,10,126.88694,37.48135376
2026-06-15T12:26:33.849081+09:00,가산디지털단지역,가산디지털단지역,POI013,KEY_2,1805. 서울디지털운동장 앞,ST-620,200,20,10,126.87776947,37.48228836
2026-06-15T12:26:33.849081+09:00,가산디지털단지역,가산디지털단지역,POI013,KEY_2,1812. 갑을그레이트밸리 앞,ST-624,230,23,10,126.88729858,37.47903061
2026-06-15T12:26:33.849081+09:00,가산디지털단지역,가산디지털단지역,POI013,KEY_2,1839. 수출의 다리 아래,ST-1140,135,27,20,126.88615417,37.47743607
2026-06-15T12:26:33.849081+09:00,가산디지털단지역,가산디지털단지역,POI013,KEY_2,1835. STX V타워,ST-641,220,22,10,126.88442993,37.47706985
2026-06-15T12:26:33.849081+09:00,가산디지털단지역,가산디지털단지역,POI013,KEY_2,1850. 코오롱테크노밸리,ST-1277,240,24,10,126.8863678,37.48015976
2026-06-15T12:26:33.849081+09:00,가산디지털단지역,가산디지털단지역,POI013,KEY_2,1834. 월드메르디앙 벤처센터 2차,ST-640,410,41,10,126.87904358,37.47908401
2026-06-15T12:26:33.849081+09:00,가산디지털단지역,가산디지털단지역,POI013,KEY_2,1806. 에이스하이엔드타워9차 앞,ST-621,370,37,10,126.87863922,37.48621368
2026-06-15T12:26:33.849081+09:00,가산디지털단지역,가산디지털단지역,POI013,KEY_2,3985. 디폴리스 지식산업센터,ST-2964,165,33,20,126.87680054,37.48017502
2026-06-15T12:26:33.849081+09:00,가산디지털단지역,가산디지털단지역,POI013,KEY_2,3989.가산디지털단지역 9번출구 앞,ST-3396,30,3,10,126.88175964,37.48055267
2026-06-15T12:26:33.849081+09:00,가산디지털단지역,가산디지털단지역,POI013,KEY_2,3984. 가산롯데아이티캐슬,ST-2999,900,45,5,126.88083649,37.47636795
2026-06-15T12:26:33.849081+09:00,강남역,강남역,POI014,KEY_3,2421. 신논현역 4번출구,ST-1887,20,3,15,127.02579498,37.504673
2026-06-15T12:26:33.849081+09:00,강남역,강남역,POI014,KEY_3,2407. 역삼서초삼성 세무서 앞 (역삼빌딩 앞),ST-1577,210,21,10,127.03011322,37.49847031
2026-06-15T12:26:33.849081+09:00,강남역,강남역,POI014,KEY_3,2505. 우성아파트사거리 (기업은행앞),ST-1556,142,17,12,127.02953339,37.49325943
2026-06-15T12:26:33.849081+09:00,강남역,강남역,POI014,KEY_3,3628. 역삼1동 주민센터,ST-2689,190,19,10,127.03302765,37.49521255
2026-06-15T12:26:33.849081+09:00,강남역,강남역,POI014,KEY_3,4349.삼성화재서초타워,ST-3361,333,20,6,127.02896118,37.49446869
2026-06-15T12:26:33.849081+09:00,건대입구역,건대입구역,POI015,KEY_4,501. 광진문화예술회관 앞,ST-98,27,8,30,127.07035065,37.53730774
2026-06-15T12:26:33.849081+09:00,건대입구역,건대입구역,POI015,KEY_4,3533. 건대입구역 사거리(롯데백화점),ST-1660,170,17,10,127.07078552,37.5392952
2026-06-15T12:26:33.849081+09:00,건대입구역,건대입구역,POI015,KEY_4,3534. 건대입구역 5번출구 뒤,ST-1661,100,10,10,127.06956482,37.54008102
2026-06-15T12:26:33.849081+09:00,고덕역,고덕역,POI016,KEY_1,1036. 고덕동 주양쇼핑,ST-1053,100,10,10,127.15331268,37.55199051
2026-06-15T12:26:33.849081+09:00,고덕역,고덕역,POI016,KEY_1,1072.고덕역 5번출구,ST-1833,109,24,22,127.15372467,37.55486298
2026-06-15T12:26:33.849081+09:00,고덕역,고덕역,POI016,KEY_1,1068.명일파출소,ST-1767,90,9,10,127.15622711,37.5536499
2026-06-15T12:26:33.849081+09:00,교대역,교대역,POI018,KEY_3,2239.교대역 6번출구,ST-765,90,9,10,127.01378632,37.49421692
2026-06-15T12:26:33.849081+09:00,교대역,교대역,POI018,KEY_3,2279. 교대역 5번출구뒤,ST-1305,275,22,8,127.01418304,37.49361801
2026-06-15T12:26:33.849081+09:00,구로디지털단지역,구로디지털단지역,POI019,KEY_4,1986. 태평양물산,ST-1521,693,104,15,126.89518738,37.48485947
2026-06-15T12:26:33.849081+09:00,구로디지털단지역,구로디지털단지역,POI019,KEY_4,1955. 디지털입구 교차로,ST-936,330,33,10,126.90103912,37.48288345
2026-06-15T12:26:33.849081+09:00,구로디지털단지역,구로디지털단지역,POI019,KEY_4,1962. 가리봉동주민센터,ST-1224,353,53,15,126.89279938,37.48160172
2026-06-15T12:26:33.849081+09:00,구로디지털단지역,구로디지털단지역,POI019,KEY_4,2110. 조원동 미성아파트,ST-950,111,10,9,126.90203094,37.48319244
2026-06-15T12:26:33.849081+09:00,구로디지털단지역,구로디지털단지역,POI019,KEY_4,2801. 대륭포스트타워1차,ST-1753,153,46,30,126.89542389,37.48437119
2026-06-15T12:26:33.849081+09:00,구로디지털단지역,구로디지털단지역,POI019,KEY_4,1911. 구로디지털단지역 앞,ST-668,289,52,18,126.90132141,37.48493958
2026-06-15T12:26:33.849081+09:00,구로역,구로역,POI020,KEY_1,3919. 구로역·NC신구로점 버스정류장(구로역 방면),ST-3013,57,8,14,126.88237,37.50096512
2026-06-15T12:26:33.849081+09:00,구로역,구로역,POI020,KEY_1,1946. 구로역 광장,ST-873,280,28,10,126.88038635,37.50311661
2026-06-15T12:26:33.849081+09:00,군자역,군자역,POI021,KEY_2,540. 군자역 7번출구 베스트샵 앞,ST-253,0,0,8,127.0786438,37.55603027
2026-06-15T12:26:33.849081+09:00,군자역,군자역,POI021,KEY_2,3518. 군자역 7번출구뒤,ST-1263,63,5,8,127.07913971,37.55686188
2026-06-15T12:26:33.849081+09:00,군자역,군자역,POI021,KEY_2,3586.군자역 비채온 오피스텔,ST-2325,0,0,8,127.07727051,37.55771255
2026-06-15T12:26:33.849081+09:00,군자역,군자역,POI021,KEY_2,3500. 군자역2번출구,ST-983,57,4,7,127.07969666,37.55758667
2026-06-15T12:26:33.849081+09:00,대림역,대림역,POI023,KEY_3,286. 우성아파트 교차로,ST-1652,133,16,12,126.89974976,37.49457169
2026-06-15T12:26:33.849081+09:00,대림역,대림역,POI023,KEY_3,1914. 대림역4번출구,ST-918,280,28,10,126.89444733,37.49440384
2026-06-15T12:26:33.849081+09:00,대림역,대림역,POI023,KEY_3,1975. 대림역 1번 출입구 밑,ST-1237,130,13,10,126.8947525,37.49256516
2026-06-15T12:26:33.849081+09:00,동대문역,동대문역,POI024,KEY_4,457. 종로꽃시장 입구 옆,ST-1610,30,3,10,127.00720978,37.57131958
2026-06-15T12:26:33.849081+09:00,동대문역,동대문역,POI024,KEY_4,393. 동대문역 8번 출구,ST-1372,150,18,12,127.00937653,37.57014084
2026-06-15T12:26:33.849081+09:00,동대문역,동대문역,POI024,KEY_4,3415.동대문역6번출구,ST-1812,67,10,15,127.0107193,37.57147217
2026-06-15T12:26:33.849081+09:00,미아사거리역,미아사거리역,POI026,KEY_2,1574.송중초등학교 옆,ST-2405,63,5,8,127.03049469,37.61669922
2026-06-15T12:26:33.849081+09:00,미아사거리역,미아사거리역,POI026,KEY_2,1546. 송천동우체국,ST-1665,150,15,10,127.02970123,37.61545944
2026-06-15T12:26:33.849081+09:00,미아사거리역,미아사거리역,POI026,KEY_2,1531. 미아사거리 1번 출구,ST-1105,190,19,10,127.03025055,37.61395645
2026-06-15T12:26:33.849081+09:00,미아사거리역,미아사거리역,POI026,KEY_2,4423.현대백화점 미아점,ST-3203,20,2,10,127.02845764,37.60884857
2026-06-15T12:26:33.849081+09:00,발산역,발산역,POI027,KEY_3,1124. 발산역 6번 출구 뒤,ST-522,183,11,6,126.8384552,37.55817795
2026-06-15T12:26:33.849081+09:00,발산역,발산역,POI027,KEY_3,1117. 등촌5단지아파트 버스정류장,ST-834,60,6,10,126.84426117,37.55819702
2026-06-15T12:26:33.849081+09:00,발산역,발산역,POI027,KEY_3,"1153. 발산역 1번, 9번 인근 대여소",ST-1065,38,12,32,126.83717346,37.55894852
2026-06-15T12:26:33.849081+09:00,발산역,발산역,POI027,KEY_3,1197. 엠펠리체 호텔 건너편,ST-1714,140,28,20,126.83546448,37.56026077
2026-06-15T12:26:33.849081+09:00,발산역,발산역,POI027,KEY_3,3760. 발산역 8번 출구,ST-2538,24,4,17,126.83676147,37.55846024
2026-06-15T12:26:33.849081+09:00,발산역,발산역,POI027,KEY_3,2721.등촌1-10단지 교차로,ST-2037,50,6,12,126.8393631,37.56320572
2026-06-15T12:26:33.849081+09:00,발산역,발산역,POI027,KEY_3,3764. 관문주유소(GS칼택스) 앞,ST-2613,60,6,10,126.84183502,37.55802917
2026-06-15T12:26:33.849081+09:00,발산역,발산역,POI027,KEY_3,2717.LG유플러스 마곡사옥,ST-2033,345,214,62,126.83390045,37.56133652
2026-06-15T12:26:33.849081+09:00,발산역,발산역,POI027,KEY_3,2723.마곡 필네이처,ST-2040,177,23,13,126.83669281,37.56089401
2026-06-15T12:26:33.849081+09:00,발산역,발산역,POI027,KEY_3,3759. 이대서울병원,ST-2569,84,21,25,126.83559418,37.5586319
2026-06-15T12:26:33.849081+09:00,발산역,발산역,POI027,KEY_3,2730.마곡메가박스 앞,ST-2047,97,29,30,126.83495331,37.55912781
2026-06-15T12:26:33.849081+09:00,발산역,발산역,POI027,KEY_3,5095. 원당근린공원,ST-3226,43,6,14,126.84147644,37.55947495
2026-06-15T12:26:33.849081+09:00,발산역,발산역,POI027,KEY_3,5061. 우장산동 가곡어린이공원앞,ST-2888,80,8,10,126.83751678,37.55545425
2026-06-15T12:26:33.849081+09:00,사당역,사당역,POI029,KEY_4,2222.사당역 12번출구 뒤,ST-753,210,21,10,126.98203278,37.47806931
2026-06-15T12:26:33.849081+09:00,사당역,사당역,POI029,KEY_4,2104. 사당역 5번출구,ST-712,115,15,13,126.98133087,37.47608948
2026-06-15T12:26:33.849081+09:00,사당역,사당역,POI029,KEY_4,2089.사당역10번출구(금강빌딩),ST-2362,90,9,10,126.98150635,37.4791069
2026-06-15T12:26:33.849081+09:00,사당역,사당역,POI029,KEY_4,2034. 사당역 7번출구쪽,ST-924,58,11,19,126.98057556,37.47689056
2026-06-15T12:26:33.849081+09:00,삼각지역,삼각지역,POI030,KEY_1,849. 삼각지 자이아파트,ST-2173,110,22,20,126.97341919,37.53607941
2026-06-15T12:26:33.849081+09:00,삼각지역,삼각지역,POI030,KEY_1,848. 삼각지12번 출구,ST-2172,100,8,8,126.97562408,37.53488922
2026-06-15T12:26:33.849081+09:00,삼각지역,삼각지역,POI030,KEY_1,4620. 삼각지역 14번 출구 앞(교통섬),ST-2451,150,12,8,126.97408295,37.53528595
2026-06-15T12:26:33.849081+09:00,서울대입구역,서울대입구역,POI031,KEY_2,2116. 에이스에이존빌딩,ST-717,189,17,9,126.95082855,37.48170471
2026-06-15T12:26:33.849081+09:00,서울대입구역,서울대입구역,POI031,KEY_2,2171. 서울대입구역 5번출구,ST-1337,41,7,17,126.95200348,37.48154831
2026-06-15T12:26:33.849081+09:00,서울대입구역,서울대입구역,POI031,KEY_2,3311.서울대입구역 4번 출구,ST-2394,133,16,12,126.95157623,37.48122025
2026-06-15T12:26:33.849081+09:00,서울대입구역,서울대입구역,POI031,KEY_2,2128. 관악구청교차로,ST-720,17,2,12,126.95265198,37.47949982
2026-06-15T12:26:33.849081+09:00,서울대입구역,서울대입구역,POI031,KEY_2,2112. 서울대입구역 마에스트로,ST-715,60,9,15,126.95064545,37.4813385
2026-06-15T12:26:33.849081+09:00,서울대입구역,서울대입구역,POI031,KEY_2,2111. 서울대입구역 1번출구,ST-965,30,3,10,126.95331573,37.48086929
2026-06-15T12:26:33.849081+09:00,서울식물원·마곡나루역,서울식물원·마곡나루역,POI032,KEY_3,2715.마곡나루역 2번 출구,ST-2031,60,15,25,126.82743835,37.56692505
2026-06-15T12:26:33.849081+09:00,서울식물원·마곡나루역,서울식물원·마곡나루역,POI032,KEY_3,2725.서울식물원 식물문화센터,ST-2042,145,29,20,126.83563232,37.56883621
2026-06-15T12:26:33.849081+09:00,서울식물원·마곡나루역,서울식물원·마곡나루역,POI032,KEY_3,2727.서울식물원 잔디마당 앞,ST-2044,324,81,25,126.8306427,37.5639267
2026-06-15T12:26:33.849081+09:00,서울식물원·마곡나루역,서울식물원·마곡나루역,POI032,KEY_3,5098. LG사이언스파크 W4동,ST-3261,45,9,20,126.82978821,37.56403732
2026-06-15T12:26:33.849081+09:00,서울식물원·마곡나루역,서울식물원·마곡나루역,POI032,KEY_3,5097. LG사이언스파크 E2동,ST-3259,128,51,40,126.83208466,37.56381607
2026-06-15T12:26:33.849081+09:00,서울식물원·마곡나루역,서울식물원·마곡나루역,POI032,KEY_3,6177. 마곡롯데캐슬르웨스트,ST-3324,140,14,10,126.82462311,37.56356049
2026-06-15T12:26:33.849081+09:00,서울역,서울역,POI033,KEY_4,435. SK 남산빌딩,ST-1670,100,10,10,126.97561646,37.55686188
2026-06-15T12:26:33.849081+09:00,서울역,서울역,POI033,KEY_4,379. 서울역9번출구,ST-194,114,8,7,126.97330475,37.55580521
2026-06-15T12:26:33.849081+09:00,서울역,서울역,POI033,KEY_4,485.서울역5번출구,ST-1791,30,3,10,126.97319794,37.55677032
2026-06-15T12:26:33.849081+09:00,서울역,서울역,POI033,KEY_4,4794. 서울역 서부교차로(3),ST-2786,0,0,8,126.96942139,37.55540848
2026-06-15T12:26:33.849081+09:00,서울역,서울역,POI033,KEY_4,6062.서울역파출소,ST-3413,0,0,10,126.97183228,37.55709457
2026-06-15T12:26:33.849081+09:00,서울역,서울역,POI033,KEY_4,4760. 서울역 7번출구,ST-2430,40,4,10,126.97364044,37.55664444
2026-06-15T12:26:33.849081+09:00,선릉역,선릉역,POI034,KEY_1,2319. 포스코사거리 서측(수협 삼성동 지점),ST-802,110,11,10,127.05467987,37.50660706
2026-06-15T12:26:33.849081+09:00,선릉역,선릉역,POI034,KEY_1,2369. KT선릉타워,ST-1178,75,15,20,127.0528717,37.50542831
2026-06-15T12:26:33.849081+09:00,선릉역,선릉역,POI034,KEY_1,2328. 르네상스 호텔 사거리 역삼지하보도 7번출구 앞,ST-811,190,19,10,127.04273224,37.50321198
2026-06-15T12:26:33.849081+09:00,선릉역,선릉역,POI034,KEY_1,2329. 르네상스호텔사거리 역삼지하보도 2번출구,ST-812,50,5,10,127.04319,37.50235748
2026-06-15T12:26:33.849081+09:00,선릉역,선릉역,POI034,KEY_1,2332. 선릉역3번출구,ST-815,63,5,8,127.04903412,37.50410461
2026-06-15T12:26:33.849081+09:00,성신여대입구역,성신여대입구역,POI035,KEY_2,1337. 돈암성당 옆,ST-1201,31,4,13,127.01716614,37.59039307
2026-06-15T12:26:33.849081+09:00,성신여대입구역,성신여대입구역,POI035,KEY_2,1385.성신여대입구역 3번출구 앞,ST-2226,130,13,10,127.01628876,37.59236526
2026-06-15T12:26:33.849081+09:00,성신여대입구역,성신여대입구역,POI035,KEY_2,1384.성신여대입구역 5번출구,ST-2225,154,20,13,127.01628876,37.59282684
2026-06-15T12:26:33.849081+09:00,수유역,수유역,POI036,KEY_3,1503. 강북구청사거리(수유역 8번출구),ST-643,179,25,14,127.02672577,37.63926315
2026-06-15T12:26:33.849081+09:00,수유역,수유역,POI036,KEY_3,1526. 강북종합시장 앞,ST-1100,13,1,8,127.02462769,37.64173889
2026-06-15T12:26:33.849081+09:00,수유역,수유역,POI036,KEY_3,1520. 수유중앙시장,ST-650,243,17,7,127.022789,37.63986206
2026-06-15T12:26:33.849081+09:00,수유역,수유역,POI036,KEY_3,1512. 강북중학교 앞,ST-862,50,10,20,127.02656555,37.64473724
2026-06-15T12:26:33.849081+09:00,수유역,수유역,POI036,KEY_3,1552. 강북구청사거리,ST-2125,113,9,8,127.02723694,37.63920212
2026-06-15T12:26:33.849081+09:00,수유역,수유역,POI036,KEY_3,1569.수유역2번출구,ST-2137,170,17,10,127.02590179,37.63796997
2026-06-15T12:26:33.849081+09:00,수유역,수유역,POI036,KEY_3,1535. 효성인텔리안 앞,ST-1109,130,13,10,127.02337646,37.6362915
2026-06-15T12:26:33.849081+09:00,수유역,수유역,POI036,KEY_3,1530. 광산사거리,ST-1104,92,12,13,127.0223465,37.64355087
2026-06-15T12:26:33.849081+09:00,숭례문,숭례문,POI131,KEY_4,445.대한상공회의소,ST-1771,120,18,15,126.97410583,37.56015396
2026-06-15T12:26:33.849081+09:00,숭례문,숭례문,POI131,KEY_4,6060. 신한은행 본점,ST-3342,250,20,8,126.97480774,37.56077576
2026-06-15T12:26:33.849081+09:00,시의회 앞,시의회 앞,POI130,KEY_1,310. 청계광장 옆,ST-126,163,13,8,126.9774704,37.56887817
2026-06-15T12:26:33.849081+09:00,시의회 앞,시의회 앞,POI130,KEY_1,6058. 시청역 2번출구,ST-3297,7,1,15,126.97702026,37.56557846
2026-06-15T12:26:33.849081+09:00,신논현역·논현역,신논현역·논현역,POI037,KEY_2,2302. 교보타워 버스정류장(신논현역 3번출구 후면),ST-787,0,0,10,127.02427673,37.5055809
2026-06-15T12:26:33.849081+09:00,신논현역·논현역,신논현역·논현역,POI037,KEY_2,2542.신논현타워 앞,ST-1926,0,0,10,127.02391052,37.50508881
2026-06-15T12:26:33.849081+09:00,신논현역·논현역,신논현역·논현역,POI037,KEY_2,4347. 논현지하보도,ST-3332,20,2,10,127.02232361,37.50836945
2026-06-15T12:26:33.849081+09:00,신림역,신림역,POI039,KEY_4,2136. 신림역 8번출구,ST-976,225,18,8,126.93006897,37.48450851
2026-06-15T12:26:33.849081+09:00,신림역,신림역,POI039,KEY_4,2175. 신림동걷고싶은문화의거리입구,ST-1270,71,5,7,126.92870331,37.48730087
2026-06-15T12:26:33.849081+09:00,신림역,신림역,POI039,KEY_4,2102. 봉림교 교통섬,ST-702,115,15,13,126.92688751,37.48408508
2026-06-15T12:26:33.849081+09:00,신정네거리역,신정네거리역,POI117,KEY_1,722. 경서농협 버스정류장(우리은행신정동지점방향),ST-993,60,6,10,126.85738373,37.52151108
2026-06-15T12:26:33.849081+09:00,신정네거리역,신정네거리역,POI117,KEY_1,706. 신정네거리역,ST-313,107,16,15,126.85175323,37.5218811
2026-06-15T12:26:33.849081+09:00,신정네거리역,신정네거리역,POI117,KEY_1,4509. 서울영상고교 입구,ST-2761,207,31,15,126.85928345,37.52198029
2026-06-15T12:26:33.849081+09:00,신정네거리역,신정네거리역,POI117,KEY_1,4510. 신정네거리역 교차로,ST-2762,31,4,13,126.85228729,37.52175903
2026-06-15T12:26:33.849081+09:00,신정네거리역,신정네거리역,POI117,KEY_1,4507. 신정제일시장,ST-2759,30,3,10,126.85499573,37.52122498
2026-06-15T12:26:33.849081+09:00,신촌·이대역,신촌·이대역,POI040,KEY_2,128. 신촌역(2호선) 1번출구 옆,ST-30,32,6,19,126.93634033,37.55549622
2026-06-15T12:26:33.849081+09:00,신촌·이대역,신촌·이대역,POI040,KEY_2,134. 연세로 명물길,ST-36,163,13,8,126.93807983,37.55789185
2026-06-15T12:26:33.849081+09:00,신촌·이대역,신촌·이대역,POI040,KEY_2,137. 신촌기차역입구 교차로,ST-39,0,0,10,126.9431839,37.55681229
2026-06-15T12:26:33.849081+09:00,신촌·이대역,신촌·이대역,POI040,KEY_2,129. 신촌역(2호선) 6번출구 옆,ST-31,90,9,10,126.93756866,37.55505371
2026-06-15T12:26:33.849081+09:00,신촌·이대역,신촌·이대역,POI040,KEY_2,130. 신촌역(2호선) 7번출구 앞,ST-32,70,7,10,126.93626404,37.5550499
2026-06-15T12:26:33.849081+09:00,신촌·이대역,신촌·이대역,POI040,KEY_2,135. 명물길 원형무대 앞,ST-37,120,12,10,126.93984222,37.55922699
2026-06-15T12:26:33.849081+09:00,신촌·이대역,신촌·이대역,POI040,KEY_2,150. 서강대역 2번출구 앞,ST-207,7,1,15,126.93434143,37.55295563
2026-06-15T12:26:33.849081+09:00,신촌·이대역,신촌·이대역,POI040,KEY_2,3116.신촌역 4번출구,ST-2201,0,0,10,126.93720245,37.55550385
2026-06-15T12:26:33.849081+09:00,신촌·이대역,신촌·이대역,POI040,KEY_2,4248. 신촌 교보빌딩,ST-3021,0,0,10,126.94034576,37.5560112
2026-06-15T12:26:33.849081+09:00,신촌·이대역,신촌·이대역,POI040,KEY_2,4274. 신촌 파랑고래 입구,ST-3140,70,7,10,126.93603516,37.55687714
2026-06-15T12:26:33.849081+09:00,쌍문역,쌍문역,POI070,KEY_3,1709. 쌍문역4번출구 주변,ST-616,171,29,17,127.03534698,37.65012741
2026-06-15T12:26:33.849081+09:00,쌍문역,쌍문역,POI070,KEY_3,1774.정의여중고 버스정류소,ST-2119,200,16,8,127.034729,37.65134811
2026-06-15T12:26:33.849081+09:00,쌍문역,쌍문역,POI070,KEY_3,1754. 창동시장입구 사거리,ST-2099,45,5,11,127.03343201,37.64689636
2026-06-15T12:26:33.849081+09:00,쌍문역,쌍문역,POI070,KEY_3,4054. 창동한신아파트 버스정류소,ST-2722,190,19,10,127.03527069,37.64601898
2026-06-15T12:26:33.849081+09:00,양재역,양재역,POI041,KEY_4,2242.양재역 10번 출구 앞,ST-767,15,3,20,127.03417969,37.48398972
2026-06-15T12:26:33.849081+09:00,양재역,양재역,POI041,KEY_4,2293. SPC 앞,ST-1360,40,4,10,127.03699493,37.48479843
2026-06-15T12:26:33.849081+09:00,양재역,양재역,POI041,KEY_4,2333. 양재역 3번출구 주변,ST-816,93,13,14,127.03407288,37.48515701
2026-06-15T12:26:33.849081+09:00,양재역,양재역,POI041,KEY_4,4329. SC제일은행 양재동지점 앞,ST-2962,250,20,8,127.03315735,37.48573685
2026-06-15T12:26:33.849081+09:00,역삼역,역삼역,POI042,KEY_1,2430.강남파이낸스센터앞(역삼역2번출구),ST-1896,10,1,10,127.03605652,37.50024414
2026-06-15T12:26:33.849081+09:00,역삼역,역삼역,POI042,KEY_1,2349. 역삼빌딩 앞(하나은행 옆),ST-959,92,11,12,127.03856659,37.50154495
2026-06-15T12:26:33.849081+09:00,역삼역,역삼역,POI042,KEY_1,2410. 포스코피앤에스타워 (역삼역 3번출구 부근),ST-1680,260,26,10,127.03375244,37.49959946
2026-06-15T12:26:33.849081+09:00,연신내역,연신내역,POI043,KEY_2,949. 연신내역 1번 출구,ST-1035,267,16,6,126.92080688,37.61978149
2026-06-15T12:26:33.849081+09:00,연신내역,연신내역,POI043,KEY_2,906. 연신내역 5번출구,ST-454,188,15,8,126.91957855,37.61721039
2026-06-15T12:26:33.849081+09:00,연신내역,연신내역,POI043,KEY_2,922. 연신내역 4번출구,ST-470,30,3,10,126.92196655,37.61780167
2026-06-15T12:26:33.849081+09:00,오목교역·목동운동장,오목교역·목동운동장,POI044,KEY_3,771.목동아파트 703동 앞,ST-1997,150,12,8,126.87016296,37.52820587
2026-06-15T12:26:33.849081+09:00,오목교역·목동운동장,오목교역·목동운동장,POI044,KEY_3,756. 목동주차장,ST-1497,100,15,15,126.8761673,37.52667999
2026-06-15T12:26:33.849081+09:00,오목교역·목동운동장,오목교역·목동운동장,POI044,KEY_3,769.CBS방송국 앞,ST-1995,450,90,20,126.87467194,37.52785492
2026-06-15T12:26:33.849081+09:00,오목교역·목동운동장,오목교역·목동운동장,POI044,KEY_3,748. 목동운동장,ST-1019,133,20,15,126.87930298,37.53025055
2026-06-15T12:26:33.849081+09:00,오목교역·목동운동장,오목교역·목동운동장,POI044,KEY_3,791.현대하이페리온,ST-2016,253,38,15,126.86980438,37.52490234
2026-06-15T12:26:33.849081+09:00,오목교역·목동운동장,오목교역·목동운동장,POI044,KEY_3,765. 오목교역 3번출구,ST-1731,192,23,12,126.87548065,37.52477646
2026-06-15T12:26:33.849081+09:00,오목교역·목동운동장,오목교역·목동운동장,POI044,KEY_3,723. SBS방송국,ST-994,347,52,15,126.87274933,37.52916336
2026-06-15T12:26:33.849081+09:00,오목교역·목동운동장,오목교역·목동운동장,POI044,KEY_3,762. 오목로 무중력지대 앞,ST-1503,140,14,10,126.87766266,37.52474213
2026-06-15T12:26:33.849081+09:00,오목교역·목동운동장,오목교역·목동운동장,POI044,KEY_3,703. 오목교역 7번출구 앞,ST-311,317,38,12,126.87524414,37.52362823
2026-06-15T12:26:33.849081+09:00,오목교역·목동운동장,오목교역·목동운동장,POI044,KEY_3,747. 목동3단지 상가,ST-1018,80,8,10,126.8756485,37.53458023
2026-06-15T12:26:33.849081+09:00,오목교역·목동운동장,오목교역·목동운동장,POI044,KEY_3,792.목동트라팰리스 웨스턴에비뉴,ST-2017,160,32,20,126.8709259,37.52537155
2026-06-15T12:26:33.849081+09:00,오목교역·목동운동장,오목교역·목동운동장,POI044,KEY_3,731. 서울시 도로환경관리센터,ST-1002,130,13,10,126.87654114,37.5298996
2026-06-15T12:26:33.849081+09:00,오목교역·목동운동장,오목교역·목동운동장,POI044,KEY_3,4543. 오목교역 6번 출구,ST-3163,533,48,9,126.87567139,37.5236702
2026-06-15T12:26:33.849081+09:00,오목교역·목동운동장,오목교역·목동운동장,POI044,KEY_3,4532. 목동현대아파트 후문 앞,ST-2879,130,13,10,126.87805939,37.5221405
2026-06-15T12:26:33.849081+09:00,오목교역·목동운동장,오목교역·목동운동장,POI044,KEY_3,4514. 목동성당 앞,ST-2764,30,6,20,126.86930084,37.52319717
2026-06-15T12:26:33.849081+09:00,오목교역·목동운동장,오목교역·목동운동장,POI044,KEY_3,4546. 목동운동장 주경기장,ST-3227,243,73,30,126.88307953,37.52937698
2026-06-15T12:26:33.849081+09:00,왕십리역,왕십리역,POI045,KEY_4,559. 왕십리역 4번 출구 건너편,ST-360,92,12,13,127.03679657,37.56109619
2026-06-15T12:26:33.849081+09:00,왕십리역,왕십리역,POI045,KEY_4,558. 성동광진 교육지원청 앞,ST-359,135,27,20,127.03652191,37.56460571
2026-06-15T12:26:33.849081+09:00,왕십리역,왕십리역,POI045,KEY_4,525. 한양대병원사거리,ST-241,130,26,20,127.04035187,37.55805206
2026-06-15T12:26:33.849081+09:00,왕십리역,왕십리역,POI045,KEY_4,3561.행당동 삼부APT후문,ST-2343,50,5,10,127.03839874,37.55926895
2026-06-15T12:26:33.849081+09:00,왕십리역,왕십리역,POI045,KEY_4,3545.한양대역 1번출구,ST-2327,210,21,10,127.04335785,37.55657959
2026-06-15T12:26:33.849081+09:00,용산역,용산역,POI046,KEY_1,806. 전자랜드 본관 앞,ST-327,40,8,20,126.96073151,37.5330658
2026-06-15T12:26:33.849081+09:00,용산역,용산역,POI046,KEY_1,845. 용산 선인상가,ST-1615,44,7,16,126.96437836,37.53269958
2026-06-15T12:26:33.849081+09:00,용산역,용산역,POI046,KEY_1,853.용산역 맞은편,ST-2177,47,9,19,126.96595001,37.52841568
2026-06-15T12:26:33.849081+09:00,용산역,용산역,POI046,KEY_1,4617. 동원베네스트 건너편,ST-2448,83,5,6,126.95511627,37.52761078
2026-06-15T12:26:33.849081+09:00,용산역,용산역,POI046,KEY_1,4616. 신용산지하차도 앞,ST-2447,7,1,15,126.96411896,37.53248215
2026-06-15T12:26:33.849081+09:00,잠실새내역,잠실새내역,POI118,KEY_3,1224. 아시아지하보도 2번 출구,ST-548,20,3,15,127.07893372,37.51216888
2026-06-15T12:26:33.849081+09:00,잠실새내역,잠실새내역,POI118,KEY_3,1222. 잠실새내역 5번 출구 뒤,ST-547,57,13,23,127.08505249,37.51198196
2026-06-15T12:26:33.849081+09:00,잠실새내역,잠실새내역,POI118,KEY_3,2635.잠실새내역 1번출구,ST-1862,81,17,21,127.08673859,37.51129532
2026-06-15T12:26:33.849081+09:00,잠실새내역,잠실새내역,POI118,KEY_3,2637. 아시아지하보도 14번 출구,ST-1864,93,14,15,127.07881165,37.51146317
2026-06-15T12:26:33.849081+09:00,잠실역,잠실역,POI119,KEY_4,1231. 잠실역 6번출구,ST-840,269,35,13,127.09902954,37.51408768
2026-06-15T12:26:33.849081+09:00,잠실역,잠실역,POI119,KEY_4,1210. 롯데월드타워(잠실역2번출구 쪽),ST-891,277,83,30,127.10095978,37.51312637
2026-06-15T12:26:33.849081+09:00,잠실역,잠실역,POI119,KEY_4,1232. 잠실주공 521동 건너편,ST-550,20,2,10,127.09568787,37.51184082
2026-06-15T12:26:33.849081+09:00,잠실역,잠실역,POI119,KEY_4,2647.잠실 자전거 수리센터 앞,ST-1868,300,21,7,127.10114288,37.51100922
2026-06-15T12:26:33.849081+09:00,장지역,장지역,POI048,KEY_1,1247. 문정 법조단지11,ST-907,33,5,15,127.12351227,37.4788208
2026-06-15T12:26:33.849081+09:00,장지역,장지역,POI048,KEY_1,1244. 문정 법조단지8,ST-904,18,2,11,127.12212372,37.48153687
2026-06-15T12:26:33.849081+09:00,장지역,장지역,POI048,KEY_1,1245. 문정 법조단지9,ST-905,0,0,10,127.12532806,37.47946548
2026-06-15T12:26:33.849081+09:00,장지역,장지역,POI048,KEY_1,1266. 문정동 글샘 공원,ST-1085,0,0,10,127.12000275,37.47880936
2026-06-15T12:26:33.849081+09:00,장지역,장지역,POI048,KEY_1,1246. 문정 법조단지10,ST-906,77,23,30,127.12632751,37.47750854
2026-06-15T12:26:33.849081+09:00,장지역,장지역,POI048,KEY_1,4491. 장지역 1번출구,ST-2599,40,4,10,127.12678528,37.47953415
2026-06-15T12:26:33.849081+09:00,장지역,장지역,POI048,KEY_1,4885. 가든파이브 리빙관,ST-2985,213,17,8,127.123703,37.47709656
2026-06-15T12:26:33.849081+09:00,장한평역,장한평역,POI049,KEY_2,529. 장한평역 8번 출구 앞,ST-243,150,12,8,127.06365967,37.56137085
2026-06-15T12:26:33.849081+09:00,장한평역,장한평역,POI049,KEY_2,626. 군자교 서측 녹지대,ST-394,235,40,17,127.07096863,37.56115341
2026-06-15T12:26:33.849081+09:00,장한평역,장한평역,POI049,KEY_2,4105. 서울교통공사사거리 교통섬,ST-2499,40,4,10,127.05799103,37.56324005
2026-06-15T12:26:33.849081+09:00,장한평역,장한평역,POI049,KEY_2,4385. 용답동 우체국 주변,ST-3099,220,11,5,127.06151581,37.56168747
2026-06-15T12:26:33.849081+09:00,천호역,천호역,POI050,KEY_3,1009. 천호역4번출구(현대백화점),ST-493,245,49,20,127.12424469,37.53866577
2026-06-15T12:26:33.849081+09:00,천호역,천호역,POI050,KEY_3,1264. 천호역 10번 출구 앞,ST-1083,150,12,8,127.12280273,37.53858185
2026-06-15T12:26:33.849081+09:00,천호역,천호역,POI050,KEY_3,3657. 서울천호동우체국,ST-2732,190,19,10,127.12576294,37.54074097
2026-06-15T12:26:33.849081+09:00,총신대입구(이수)역,총신대입구(이수)역,POI051,KEY_4,2082.7호선 이수역7번출구,ST-2355,120,12,10,126.98179626,37.4846077
2026-06-15T12:26:33.849081+09:00,총신대입구(이수)역,총신대입구(이수)역,POI051,KEY_4,2264. 이수역 1번출구,ST-935,89,8,9,126.98271942,37.48897171
2026-06-15T12:26:33.849081+09:00,총신대입구(이수)역,총신대입구(이수)역,POI051,KEY_4,2032. 이수역 11번출구쪽,ST-923,300,30,10,126.98162079,37.48550797
2026-06-15T12:26:33.849081+09:00,총신대입구(이수)역,총신대입구(이수)역,POI051,KEY_4,2511. 이수역 6번출구 앞,ST-1739,130,13,10,126.98234558,37.48398972
2026-06-15T12:26:33.849081+09:00,총신대입구(이수)역,총신대입구(이수)역,POI051,KEY_4,2091. 이수역9번출구,ST-2364,80,12,15,126.98059082,37.48470306
2026-06-15T12:26:33.849081+09:00,충정로역,충정로역,POI052,KEY_1,180. 충정로역 7번출구 아래,ST-233,0,0,10,126.96246338,37.55996704
2026-06-15T12:26:33.849081+09:00,충정로역,충정로역,POI052,KEY_1,3134.SK리쳄블(서울아리수본부),ST-2219,30,3,10,126.96658325,37.56131744
2026-06-15T12:26:33.849081+09:00,충정로역,충정로역,POI052,KEY_1,3114.충정로역 3번 출구,ST-2198,29,2,7,126.96552277,37.56046295
2026-06-15T12:26:33.849081+09:00,충정로역,충정로역,POI052,KEY_1,4266.국민연금공단충정로사옥,ST-3027,11,1,9,126.96414948,37.56184769
2026-06-15T12:26:33.849081+09:00,충정로역,충정로역,POI052,KEY_1,4271. 충정로역 1번 출구,ST-3107,0,0,7,126.96305847,37.55942535
2026-06-15T12:26:33.849081+09:00,충정로역,충정로역,POI052,KEY_1,4801. 충정로역 2호선(엘리베이터 앞),ST-3053,0,0,5,126.96414185,37.55937576
2026-06-15T12:26:33.849081+09:00,충정로역,충정로역,POI052,KEY_1,4752. 삼성사이버빌리지아파트,ST-2624,0,0,7,126.96485901,37.55891418
2026-06-15T12:26:33.849081+09:00,합정역,합정역,POI053,KEY_2,106. 합정역 7번출구 앞,ST-8,50,6,12,126.91282654,37.54864502
2026-06-15T12:26:33.849081+09:00,합정역,합정역,POI053,KEY_2,105. 합정역 5번출구 앞,ST-7,0,0,5,126.91482544,37.55000687
2026-06-15T12:26:33.849081+09:00,합정역,합정역,POI053,KEY_2,497.합정동주민센터 앞,ST-2156,52,13,25,126.91230011,37.551754
2026-06-15T12:26:33.849081+09:00,합정역,합정역,POI053,KEY_2,4211. 시석빌딩 앞,ST-2534,125,10,8,126.91671753,37.54836655
2026-06-15T12:26:33.849081+09:00,혜화역,혜화역,POI054,KEY_3,342. 대학로 마로니에공원,ST-158,9,2,22,127.00234222,37.58044434
2026-06-15T12:26:33.849081+09:00,혜화역,혜화역,POI054,KEY_3,341. 혜화역 3번출구 뒤,ST-157,13,1,8,127.00178528,37.58156967
2026-06-15T12:26:33.849081+09:00,혜화역,혜화역,POI054,KEY_3,358. 성균관대입구 사거리 A,ST-173,69,9,13,126.99853516,37.58250046
2026-06-15T12:26:33.849081+09:00,혜화역,혜화역,POI054,KEY_3,3419.국립어린이과학관,ST-1816,29,4,14,126.99736786,37.58194733
2026-06-15T12:26:33.849081+09:00,혜화역,혜화역,POI054,KEY_3,3420. 성균관대입구 사거리 B,ST-1817,20,2,10,126.99885559,37.58327484
2026-06-15T12:26:33.849081+09:00,혜화역,혜화역,POI054,KEY_3,3421.혜화역 1번출구,ST-1818,20,2,10,127.00185394,37.58385468
2026-06-15T12:26:33.849081+09:00,홍대입구역(2호선),홍대입구역(2호선),POI055,KEY_4,113. 홍대입구역 2번출구 앞,ST-18,182,51,28,126.9238205,37.5574379
2026-06-15T12:26:33.849081+09:00,홍대입구역(2호선),홍대입구역(2호선),POI055,KEY_4,114. 홍대입구역 8번출구 앞,ST-20,60,9,15,126.92442322,37.55706024
2026-06-15T12:26:33.849081+09:00,회기역,회기역,POI056,KEY_1,680.꿈마루어린이도서관 앞,ST-2280,59,13,22,127.05741119,37.59238434
2026-06-15T12:26:33.849081+09:00,회기역,회기역,POI056,KEY_1,670.삼육서울병원 버스정류장,ST-2270,300,27,9,127.06151581,37.5896759
2026-06-15T15:02:30.969182+09:00,광화문·덕수궁,광화문·덕수궁,POI009,KEY_2,391. 시립미술관,ST-977,75,6,8,126.97340393,37.56505203
2026-06-15T15:02:30.969182+09:00,광화문·덕수궁,광화문·덕수궁,POI009,KEY_2,310. 청계광장 옆,ST-126,363,29,8,126.9774704,37.56887817
2026-06-15T15:02:30.969182+09:00,광화문·덕수궁,광화문·덕수궁,POI009,KEY_2,6058. 시청역 2번출구,ST-3297,240,36,15,126.97702026,37.56557846
2026-06-15T15:02:30.969182+09:00,광화문·덕수궁,광화문·덕수궁,POI009,KEY_2,4796. 서울시청,ST-2693,150,30,20,126.97925568,37.5664711
2026-06-15T15:02:30.969182+09:00,광화문·덕수궁,광화문·덕수궁,POI009,KEY_2,4719. 종로문화원 건너편,ST-3090,47,7,15,126.9805069,37.57571411
2026-06-15T15:02:30.969182+09:00,보신각,보신각,POI010,KEY_3,385. 종각역 5번출구,ST-336,130,13,10,126.98265839,37.56983566
2026-06-15T15:02:30.969182+09:00,보신각,보신각,POI010,KEY_3,3408.종로타워빌딩,ST-1805,138,18,13,126.98323822,37.57070541
2026-06-15T15:02:30.969182+09:00,보신각,보신각,POI010,KEY_3,4708. 조계사앞사거리,ST-2472,67,4,6,126.98283386,37.5721817
2026-06-15T15:02:30.969182+09:00,보신각,보신각,POI010,KEY_3,316. 종각역 1번출구 앞,ST-132,88,7,8,126.98178864,37.57039642
2026-06-15T15:02:30.969182+09:00,창덕궁·종묘,창덕궁·종묘,POI012,KEY_1,337. 창경궁 입구,ST-153,80,4,5,126.99647522,37.57897949
2026-06-15T15:02:30.969182+09:00,창덕궁·종묘,창덕궁·종묘,POI012,KEY_1,339. 종로4가 사거리,ST-155,110,11,10,126.99819183,37.57106781
2026-06-15T15:02:30.969182+09:00,창덕궁·종묘,창덕궁·종묘,POI012,KEY_1,338. 세운스퀘어 앞,ST-154,0,0,18,126.99712372,37.57095718
2026-06-15T15:02:30.969182+09:00,창덕궁·종묘,창덕궁·종묘,POI012,KEY_1,359. 원남동사거리,ST-174,125,10,8,126.99768066,37.57606125
2026-06-15T15:02:30.969182+09:00,창덕궁·종묘,창덕궁·종묘,POI012,KEY_1,3410.종로3가역 8번출구,ST-1807,40,4,10,126.99188995,37.5724678
2026-06-15T15:02:30.969182+09:00,창덕궁·종묘,창덕궁·종묘,POI012,KEY_1,3413.종로플레이스,ST-1810,41,9,22,126.99796295,37.57320023
2026-06-15T15:02:30.969182+09:00,창덕궁·종묘,창덕궁·종묘,POI012,KEY_1,3411.종묘,ST-1808,22,2,9,126.99437714,37.57072067
2026-06-15T15:02:30.969182+09:00,동대문 관광특구,동대문 관광특구,POI002,KEY_3,474.동대문역사문화공원역 1번출구 뒤편,ST-1780,108,43,40,127.00849152,37.56629944
2026-06-15T15:02:30.969182+09:00,동대문 관광특구,동대문 관광특구,POI002,KEY_3,346. 맥스타일 앞,ST-162,180,18,10,127.01014709,37.5689621
2026-06-15T15:02:30.969182+09:00,동대문 관광특구,동대문 관광특구,POI002,KEY_3,475.DDP 패션몰,ST-1781,33,7,21,127.0118103,37.56764984
2026-06-15T15:02:30.969182+09:00,동대문 관광특구,동대문 관광특구,POI002,KEY_3,383. 신당역 12번 출구 뒤,ST-198,58,14,24,127.01642609,37.56591797
2026-06-15T15:02:30.969182+09:00,동대문 관광특구,동대문 관광특구,POI002,KEY_3,347. 동대문역사문화공원역 9번출구 앞,ST-163,39,7,18,127.00784302,37.56533051
2026-06-15T15:02:30.969182+09:00,동대문 관광특구,동대문 관광특구,POI002,KEY_3,4765. 동대문디자인플라자,ST-2431,155,31,20,127.00946045,37.5683136
2026-06-15T15:02:30.969182+09:00,동대문 관광특구,동대문 관광특구,POI002,KEY_3,6061.충무아트센터,ST-3381,130,13,10,127.01522064,37.56538773
2026-06-15T15:02:30.969182+09:00,명동 관광특구,명동 관광특구,POI003,KEY_4,324. 신세계백화점 본점 앞,ST-140,175,14,8,126.9805069,37.56134415
2026-06-15T15:02:30.969182+09:00,명동 관광특구,명동 관광특구,POI003,KEY_4,310. 청계광장 옆,ST-126,363,29,8,126.9774704,37.56887817
2026-06-15T15:02:30.969182+09:00,명동 관광특구,명동 관광특구,POI003,KEY_4,320. 을지로입구역 4번출구 앞,ST-136,47,8,17,126.98358917,37.56622314
2026-06-15T15:02:30.969182+09:00,명동 관광특구,명동 관광특구,POI003,KEY_4,466.롯데호텔,ST-1772,138,18,13,126.97981262,37.56584167
2026-06-15T15:02:30.969182+09:00,명동 관광특구,명동 관광특구,POI003,KEY_4,318. 광교사거리 남측,ST-134,60,6,10,126.98231506,37.56863403
2026-06-15T15:02:30.969182+09:00,명동 관광특구,명동 관광특구,POI003,KEY_4,331. 을지로2가 사거리 북측,ST-147,120,12,10,126.98720551,37.56638336
2026-06-15T15:02:30.969182+09:00,명동 관광특구,명동 관광특구,POI003,KEY_4,433. 을지로입구역 2번출구,ST-1668,158,19,12,126.98229218,37.56634521
2026-06-15T15:02:30.969182+09:00,명동 관광특구,명동 관광특구,POI003,KEY_4,322. 명동성당 앞,ST-138,60,6,10,126.98696899,37.56447601
2026-06-15T15:02:30.969182+09:00,명동 관광특구,명동 관광특구,POI003,KEY_4,398. 을지로3가역 3번출구,ST-1435,25,2,8,126.99249268,37.56660461
2026-06-15T15:02:30.969182+09:00,명동 관광특구,명동 관광특구,POI003,KEY_4,321. KEB 하나금융그룹 명동사옥 옆,ST-137,27,4,15,126.98413849,37.56546402
2026-06-15T15:02:30.969182+09:00,명동 관광특구,명동 관광특구,POI003,KEY_4,3013.서울지방고용노동청 앞,ST-2422,657,46,7,126.98725891,37.56760406
2026-06-15T15:02:30.969182+09:00,명동 관광특구,명동 관광특구,POI003,KEY_4,4775. 을지로지하쇼핑센터,ST-2521,30,3,10,126.98445129,37.56589127
2026-06-15T15:02:30.969182+09:00,명동 관광특구,명동 관광특구,POI003,KEY_4,4776. 신세계면세점,ST-2522,10,1,10,126.98139191,37.56027603
2026-06-15T15:02:30.969182+09:00,명동 관광특구,명동 관광특구,POI003,KEY_4,6058. 시청역 2번출구,ST-3297,240,36,15,126.97702026,37.56557846
2026-06-15T15:02:30.969182+09:00,명동 관광특구,명동 관광특구,POI003,KEY_4,4796. 서울시청,ST-2693,150,30,20,126.97925568,37.5664711
2026-06-15T15:02:30.969182+09:00,명동 관광특구,명동 관광특구,POI003,KEY_4,4791. 명동역9번 출구,ST-2527,0,0,10,126.98749542,37.56122589
2026-06-15T15:02:30.969182+09:00,명동 관광특구,명동 관광특구,POI003,KEY_4,4762. 국제빌딩,ST-2517,70,7,10,126.98244476,37.56694794
2026-06-15T15:02:30.969182+09:00,명동 관광특구,명동 관광특구,POI003,KEY_4,4774. 을지로입구역 8번출구,ST-2520,44,4,9,126.98178101,37.56590271
2026-06-15T15:02:30.969182+09:00,이태원 관광특구,이태원 관광특구,POI004,KEY_1,854.HID 유족동지회 앞,ST-2178,0,0,10,127.0014801,37.53850937
2026-06-15T15:02:30.969182+09:00,이태원 관광특구,이태원 관광특구,POI004,KEY_1,843. 이태원관광특구 입구(용산구청방향),ST-1445,42,8,19,126.98867035,37.53379822
2026-06-15T15:02:30.969182+09:00,이태원 관광특구,이태원 관광특구,POI004,KEY_1,857. 현대 안성타워,ST-2181,0,0,10,126.99797058,37.53508759
2026-06-15T15:02:30.969182+09:00,이태원 관광특구,이태원 관광특구,POI004,KEY_1,4613. 서울갤러리아 앞,ST-2445,20,1,5,126.99937439,37.53597641
2026-06-15T15:02:30.969182+09:00,이태원 관광특구,이태원 관광특구,POI004,KEY_1,4634. 이태원역 3번 출구,ST-3056,20,1,5,126.99497223,37.5343895
2026-06-15T15:02:30.969182+09:00,이태원 관광특구,이태원 관광특구,POI004,KEY_1,4612. 이태원로 255,ST-2444,40,2,5,127.00084686,37.53749847
2026-06-15T15:02:30.969182+09:00,이태원 관광특구,이태원 관광특구,POI004,KEY_1,4623. 라인프랜즈이태원점 앞,ST-2453,10,1,10,126.99619293,37.53453064
2026-06-15T15:02:30.969182+09:00,잠실 관광특구,잠실 관광특구,POI005,KEY_2,1210. 롯데월드타워(잠실역2번출구 쪽),ST-891,323,97,30,127.10095978,37.51312637
2026-06-15T15:02:30.969182+09:00,잠실 관광특구,잠실 관광특구,POI005,KEY_2,1267. 올림픽공원 남2문 앞,ST-1086,43,6,14,127.12306976,37.51424026
2026-06-15T15:02:30.969182+09:00,잠실 관광특구,잠실 관광특구,POI005,KEY_2,1268. 몽촌토성역 1번출구 옆,ST-1087,0,0,15,127.11419678,37.51728821
2026-06-15T15:02:30.969182+09:00,잠실 관광특구,잠실 관광특구,POI005,KEY_2,1296. 석촌호수교차로 (송파나루근린공원 앞),ST-1585,20,2,10,127.1034317,37.50867844
2026-06-15T15:02:30.969182+09:00,잠실 관광특구,잠실 관광특구,POI005,KEY_2,1297. 석촌호수교차로(동호 팔각정 앞),ST-1586,7,1,15,127.10411835,37.50920105
2026-06-15T15:02:30.969182+09:00,잠실 관광특구,잠실 관광특구,POI005,KEY_2,1233. 잠실3거리(갤러리아팰리스),ST-551,11,1,9,127.09336853,37.51050949
2026-06-15T15:02:30.969182+09:00,잠실 관광특구,잠실 관광특구,POI005,KEY_2,2608. 송파구청,ST-1681,270,27,10,127.10611725,37.51499176
2026-06-15T15:02:30.969182+09:00,잠실 관광특구,잠실 관광특구,POI005,KEY_2,2621. 한성백제역 2번 출구,ST-1719,7,1,15,127.11625671,37.51665878
2026-06-15T15:02:30.969182+09:00,잠실 관광특구,잠실 관광특구,POI005,KEY_2,2622. 올림픽공원역 3번출구,ST-1720,210,42,20,127.13059235,37.51625824
2026-06-15T15:02:30.969182+09:00,잠실 관광특구,잠실 관광특구,POI005,KEY_2,2601. 석촌호수 아뜰리에,ST-1590,6,1,16,127.09883118,37.5067482
2026-06-15T15:02:30.969182+09:00,잠실 관광특구,잠실 관광특구,POI005,KEY_2,2647.잠실 자전거 수리센터 앞,ST-1868,300,21,7,127.10114288,37.51100922
2026-06-15T15:02:30.969182+09:00,잠실 관광특구,잠실 관광특구,POI005,KEY_2,4856. 올림픽공원 서1문 앞,ST-2608,90,9,10,127.11457062,37.5202179
2026-06-15T15:02:30.969182+09:00,잠실 관광특구,잠실 관광특구,POI005,KEY_2,5751. 송파여성축구장,ST-3069,0,0,10,127.11743927,37.52471542
2026-06-15T15:02:30.969182+09:00,잠실 관광특구,잠실 관광특구,POI005,KEY_2,5781. 올림픽공원 수영장,ST-3300,129,18,14,127.12688446,37.52157211
2026-06-15T15:02:30.969182+09:00,잠실 관광특구,잠실 관광특구,POI005,KEY_2,4862. 성내교 남단,ST-2756,0,0,10,127.11588287,37.52301788
2026-06-15T15:02:30.969182+09:00,잠실 관광특구,잠실 관광특구,POI005,KEY_2,4464. 올림픽공원 북2문 A,ST-2580,53,8,15,127.12804413,37.52357483
2026-06-15T15:02:30.969182+09:00,잠실 관광특구,잠실 관광특구,POI005,KEY_2,4857. 올림픽공원 장미광장,ST-2621,7,1,15,127.126297,37.51275635
2026-06-15T15:02:30.969182+09:00,잠실 관광특구,잠실 관광특구,POI005,KEY_2,5768.방이삼거리,ST-3214,225,27,12,127.10822296,37.51237488
2026-06-15T15:02:30.969182+09:00,잠실 관광특구,잠실 관광특구,POI005,KEY_2,4868. 석촌호수 서호 남단,ST-2833,20,2,10,127.10124207,37.50717163
2026-06-15T15:02:30.969182+09:00,잠실 관광특구,잠실 관광특구,POI005,KEY_2,4870. 몽촌토성역 3번 출구,ST-2876,20,2,10,127.11232758,37.5170784
2026-06-15T15:02:30.969182+09:00,잠실 관광특구,잠실 관광특구,POI005,KEY_2,4481. 올림픽공원 북2문 B,ST-2592,100,25,25,127.12751007,37.52397537
2026-06-15T15:02:30.969182+09:00,잠실 관광특구,잠실 관광특구,POI005,KEY_2,4865. 한성백제역 1번출구 뒤,ST-2797,60,3,5,127.1149826,37.51647949
2026-06-15T15:02:30.969182+09:00,잠실 관광특구,잠실 관광특구,POI005,KEY_2,1232. 잠실주공 521동 건너편,ST-550,120,12,10,127.09568787,37.51184082
2026-06-15T15:02:30.969182+09:00,종로·청계 관광특구,종로·청계 관광특구,POI006,KEY_3,397. 종묘공영주차장 건너편,ST-1432,38,5,13,126.99663544,37.57048035
2026-06-15T15:02:30.969182+09:00,종로·청계 관광특구,종로·청계 관광특구,POI006,KEY_3,335. 종로3가역 15번출구 뒤,ST-151,40,4,10,126.99165344,37.57019424
2026-06-15T15:02:30.969182+09:00,종로·청계 관광특구,종로·청계 관광특구,POI006,KEY_3,385. 종각역 5번출구,ST-336,130,13,10,126.98265839,37.56983566
2026-06-15T15:02:30.969182+09:00,종로·청계 관광특구,종로·청계 관광특구,POI006,KEY_3,368. SK 서린빌딩 앞,ST-181,213,32,15,126.98053741,37.5692482
2026-06-15T15:02:30.969182+09:00,종로·청계 관광특구,종로·청계 관광특구,POI006,KEY_3,393. 동대문역 8번 출구,ST-1372,175,21,12,127.00937653,37.57014084
2026-06-15T15:02:30.969182+09:00,종로·청계 관광특구,종로·청계 관광특구,POI006,KEY_3,329. 청계2가 사거리 옆,ST-145,50,4,8,126.98788452,37.56848526
2026-06-15T15:02:30.969182+09:00,종로·청계 관광특구,종로·청계 관광특구,POI006,KEY_3,455. 종로6가역 버스정류장(동대문 방향),ST-1608,188,15,8,127.00605774,37.570961
2026-06-15T15:02:30.969182+09:00,종로·청계 관광특구,종로·청계 관광특구,POI006,KEY_3,3415.동대문역6번출구,ST-1812,93,14,15,127.0107193,37.57147217
2026-06-15T15:02:30.969182+09:00,종로·청계 관광특구,종로·청계 관광특구,POI006,KEY_3,3432.종로2가 사거리,ST-1829,14,2,14,126.98880768,37.57001877
2026-06-15T15:02:30.969182+09:00,종로·청계 관광특구,종로·청계 관광특구,POI006,KEY_3,3412.세운상가,ST-1809,20,3,15,126.99454498,37.5703125
2026-06-15T15:02:30.969182+09:00,종로·청계 관광특구,종로·청계 관광특구,POI006,KEY_3,4707. 청계3가 사거리,ST-2513,40,2,5,126.99211884,37.56855774
2026-06-15T15:02:30.969182+09:00,홍대 관광특구,홍대 관광특구,POI007,KEY_4,108. 서교동 사거리,ST-10,100,12,12,126.91861725,37.55274582
2026-06-15T15:02:30.969182+09:00,홍대 관광특구,홍대 관광특구,POI007,KEY_4,113. 홍대입구역 2번출구 앞,ST-18,132,37,28,126.9238205,37.5574379
2026-06-15T15:02:30.969182+09:00,홍대 관광특구,홍대 관광특구,POI007,KEY_4,104. 합정역 1번출구 앞,ST-6,31,4,13,126.91508484,37.55073929
2026-06-15T15:02:30.969182+09:00,홍대 관광특구,홍대 관광특구,POI007,KEY_4,493.홍대입구역 6번출구,ST-2152,171,12,7,126.9288559,37.55657578
2026-06-15T15:02:30.969182+09:00,홍대 관광특구,홍대 관광특구,POI007,KEY_4,114. 홍대입구역 8번출구 앞,ST-20,80,12,15,126.92442322,37.55706024
2026-06-15T15:02:30.969182+09:00,홍대 관광특구,홍대 관광특구,POI007,KEY_4,3009. 홍대입구역 사거리,ST-2167,50,10,20,126.92023468,37.55450058
2026-06-15T15:02:30.969182+09:00,홍대 관광특구,홍대 관광특구,POI007,KEY_4,3010.홍대입구역 3번출구,ST-2168,40,6,15,126.92538452,37.5582962
2026-06-15T15:02:30.969182+09:00,홍대 관광특구,홍대 관광특구,POI007,KEY_4,4208. 스타벅스(동교동) 앞,ST-2532,220,22,10,126.91986847,37.5566597
2026-06-15T15:02:30.969182+09:00,홍대 관광특구,홍대 관광특구,POI007,KEY_4,4211. 시석빌딩 앞,ST-2534,138,11,8,126.91671753,37.54836655
2026-06-15T15:02:30.969182+09:00,국립중앙박물관·용산가족공원,국립중앙박물관·용산가족공원,POI089,KEY_1,863.이촌역2번 출구,ST-2187,70,7,10,126.977005,37.52177048
2026-06-15T15:02:30.969182+09:00,국립중앙박물관·용산가족공원,국립중앙박물관·용산가족공원,POI089,KEY_1,855.이촌역5번출구 앞,ST-2179,90,9,10,126.97277069,37.52272415
2026-06-15T15:02:30.969182+09:00,남산공원,남산공원,POI091,KEY_3,381. 장충체육관,ST-196,150,15,10,127.00698853,37.55853271
2026-06-15T15:02:30.969182+09:00,남산공원,남산공원,POI091,KEY_3,859.남산공원 야외식물원 앞,ST-2183,0,0,10,126.99586487,37.54188538
2026-06-15T15:02:30.969182+09:00,남산공원,남산공원,POI091,KEY_3,371. 동대입구역 6번출구 뒤,ST-186,30,3,10,127.00553894,37.55887222
2026-06-15T15:02:30.969182+09:00,남산공원,남산공원,POI091,KEY_3,4621. 남산도서관 앞,ST-3054,92,11,12,126.98201752,37.55240631
2026-06-15T15:02:30.969182+09:00,노들섬,노들섬,POI092,KEY_4,869.노들섬 동측 앞,ST-2239,10,1,10,126.95914459,37.51729584
2026-06-15T15:02:30.969182+09:00,노들섬,노들섬,POI092,KEY_4,870.노들섬 서측 앞,ST-2240,120,12,10,126.95829773,37.51731873
2026-06-15T15:02:30.969182+09:00,망원한강공원,망원한강공원,POI094,KEY_2,105. 합정역 5번출구 앞,ST-7,0,0,5,126.91482544,37.55000687
2026-06-15T15:02:30.969182+09:00,망원한강공원,망원한강공원,POI094,KEY_2,5515.한강버스 망원 선착장,ST-3388,147,44,30,126.89590454,37.55466461
2026-06-15T15:02:30.969182+09:00,망원한강공원,망원한강공원,POI094,KEY_2,4217. 한강공원 망원나들목,ST-2905,70,14,20,126.89688873,37.55557632
2026-06-15T15:02:30.969182+09:00,보라매공원,보라매공원,POI123,KEY_4,4181. 보라매공원역 2번출구,ST-3117,50,3,6,126.91781616,37.49582291
2026-06-15T15:02:30.969182+09:00,보라매공원,보라매공원,POI123,KEY_4,4179. 보라매병원역 1번출구,ST-3105,95,19,20,126.92362976,37.49304199
2026-06-15T15:02:30.969182+09:00,북서울꿈의숲,북서울꿈의숲,POI096,KEY_1,1548. 북서울 꿈의숲 서문,ST-1725,47,7,15,127.03781128,37.62268829
2026-06-15T15:02:30.969182+09:00,북서울꿈의숲,북서울꿈의숲,POI096,KEY_1,1571.북서울 꿈의 숲 입구,ST-2401,30,3,10,127.03864288,37.62657166
2026-06-15T15:02:30.969182+09:00,북서울꿈의숲,북서울꿈의숲,POI096,KEY_1,3718. 번동3단지 버스정류장,ST-2610,173,19,11,127.04390717,37.628685
2026-06-15T15:02:30.969182+09:00,서대문독립공원,서대문독립공원,POI124,KEY_2,367. 독립문역 3-1번출구,ST-180,23,3,13,126.95851898,37.57415771
2026-06-15T15:02:30.969182+09:00,서대문독립공원,서대문독립공원,POI124,KEY_2,3427.인왕산 아이파크 정문,ST-1824,125,10,8,126.95584869,37.57666779
2026-06-15T15:02:30.969182+09:00,서대문독립공원,서대문독립공원,POI124,KEY_2,3113. 독립문 앞,ST-2199,0,0,15,126.95974731,37.57220459
2026-06-15T15:02:30.969182+09:00,서대문독립공원,서대문독립공원,POI124,KEY_2,3426.독립문역 2번출구 뒤,ST-1823,20,2,10,126.95755005,37.57501602
2026-06-15T15:02:30.969182+09:00,서리풀공원·몽마르뜨공원,서리풀공원·몽마르뜨공원,POI098,KEY_3,4327. 몽마르뜨공원입구,ST-3009,164,18,11,127.0026474,37.4928894
2026-06-15T15:02:30.969182+09:00,서리풀공원·몽마르뜨공원,서리풀공원·몽마르뜨공원,POI098,KEY_3,4316. 고속터미널역 3번출구,ST-2667,56,14,25,127.0059433,37.50365829
2026-06-15T15:02:30.969182+09:00,서리풀공원·몽마르뜨공원,서리풀공원·몽마르뜨공원,POI098,KEY_3,4312. 반포미도2차아파트 옆,ST-2663,90,9,10,127.00653076,37.50320435
2026-06-15T15:02:30.969182+09:00,서울숲공원,서울숲공원,POI101,KEY_1,510. 뚝도아리수정수센터 버스정류소 옆,ST-107,187,28,15,127.04380035,37.54122162
2026-06-15T15:02:30.969182+09:00,서울숲공원,서울숲공원,POI101,KEY_1,3552.서울숲 공영주차장앞,ST-2334,105,20,19,127.04277039,37.54195786
2026-06-15T15:02:30.969182+09:00,서울숲공원,서울숲공원,POI101,KEY_1,4401.뚝섬유수지 공영주차장,ST-3393,10,1,10,127.042099,37.55018234
2026-06-15T15:02:30.969182+09:00,송현녹지광장,송현녹지광장,POI129,KEY_2,354. 포르투갈 대사관 앞,ST-170,120,12,10,126.98896027,37.57915497
2026-06-15T15:02:30.969182+09:00,송현녹지광장,송현녹지광장,POI129,KEY_2,353. 재동초교 앞 삼거리,ST-169,25,2,8,126.9849472,37.57938766
2026-06-15T15:02:30.969182+09:00,송현녹지광장,송현녹지광장,POI129,KEY_2,314. 국립현대미술관,ST-130,30,3,10,126.98085785,37.5797081
2026-06-15T15:02:30.969182+09:00,송현녹지광장,송현녹지광장,POI129,KEY_2,3407.안국동사거리(신),ST-1804,28,5,18,126.98339081,37.57580566
2026-06-15T15:02:30.969182+09:00,송현녹지광장,송현녹지광장,POI129,KEY_2,4719. 종로문화원 건너편,ST-3090,40,6,15,126.9805069,37.57571411
2026-06-15T15:02:30.969182+09:00,송현녹지광장,송현녹지광장,POI129,KEY_2,4705. 웰니스센터(민방위교육장 앞),ST-2565,117,7,6,126.98912811,37.57752991
2026-06-15T15:02:30.969182+09:00,어린이대공원,어린이대공원,POI104,KEY_2,574. 아차산역4번출구,ST-385,105,23,22,127.08898163,37.55184937
2026-06-15T15:02:30.969182+09:00,어린이대공원,어린이대공원,POI104,KEY_2,573. 구의문주차장 앞,ST-384,50,5,10,127.08473206,37.54523087
2026-06-15T15:02:30.969182+09:00,어린이대공원,어린이대공원,POI104,KEY_2,500. 어린이대공원역 3번출구 앞,ST-97,0,0,5,127.07466888,37.54697037
2026-06-15T15:02:30.969182+09:00,어린이대공원,어린이대공원,POI104,KEY_2,3860. 건국대학교 정문 앞,ST-2542,20,2,10,127.07571411,37.5465126
2026-06-15T15:02:30.969182+09:00,어린이대공원,어린이대공원,POI104,KEY_2,3573.광나루안전체험관,ST-2312,13,2,15,127.07671356,37.5513382
2026-06-15T15:02:30.969182+09:00,어린이대공원,어린이대공원,POI104,KEY_2,3853. 어린이대공원역 2번출구,ST-2541,133,24,18,127.07470703,37.54764938
2026-06-15T15:02:30.969182+09:00,어린이대공원,어린이대공원,POI104,KEY_2,3507. 어린이회관,ST-1192,55,17,31,127.07800293,37.54595184
2026-06-15T15:02:30.969182+09:00,어린이대공원,어린이대공원,POI104,KEY_2,3529. 어린이대공원정문,ST-1603,53,8,15,127.07592773,37.54978943
2026-06-15T15:02:30.969182+09:00,여의도한강공원,여의도한강공원,POI105,KEY_3,260. 여의도 마리나선착장 앞,ST-414,120,18,15,126.91216278,37.53365707
2026-06-15T15:02:30.969182+09:00,여의도한강공원,여의도한강공원,POI105,KEY_3,249. 여의도중학교 옆,ST-297,13,2,16,126.93580627,37.52457809
2026-06-15T15:02:30.969182+09:00,여의도한강공원,여의도한강공원,POI105,KEY_3,5891.한강버스 여의도 선착장,ST-3402,47,14,30,126.93422699,37.52816391
2026-06-15T15:02:30.969182+09:00,여의도한강공원,여의도한강공원,POI105,KEY_3,5890.여의나루역 3번출구,ST-3401,45,5,11,126.93336487,37.52645493
2026-06-15T15:02:30.969182+09:00,여의서로,여의서로,POI126,KEY_4,260. 여의도 마리나선착장 앞,ST-414,120,18,15,126.91216278,37.53365707
2026-06-15T15:02:30.969182+09:00,여의서로,여의서로,POI126,KEY_4,298.KBS 연구동 건너편,ST-1970,84,21,25,126.91374207,37.52724838
2026-06-15T15:02:30.969182+09:00,여의서로,여의서로,POI126,KEY_4,297.국회3문,ST-1969,10,1,10,126.91267395,37.52863693
2026-06-15T15:02:30.969182+09:00,올림픽공원,올림픽공원,POI127,KEY_1,1267. 올림픽공원 남2문 앞,ST-1086,43,6,14,127.12306976,37.51424026
2026-06-15T15:02:30.969182+09:00,올림픽공원,올림픽공원,POI127,KEY_1,1268. 몽촌토성역 1번출구 옆,ST-1087,7,1,15,127.11419678,37.51728821
2026-06-15T15:02:30.969182+09:00,올림픽공원,올림픽공원,POI127,KEY_1,2622. 올림픽공원역 3번출구,ST-1720,215,43,20,127.13059235,37.51625824
2026-06-15T15:02:30.969182+09:00,올림픽공원,올림픽공원,POI127,KEY_1,2621. 한성백제역 2번 출구,ST-1719,7,1,15,127.11625671,37.51665878
2026-06-15T15:02:30.969182+09:00,올림픽공원,올림픽공원,POI127,KEY_1,4856. 올림픽공원 서1문 앞,ST-2608,90,9,10,127.11457062,37.5202179
2026-06-15T15:02:30.969182+09:00,올림픽공원,올림픽공원,POI127,KEY_1,5751. 송파여성축구장,ST-3069,0,0,10,127.11743927,37.52471542
2026-06-15T15:02:30.969182+09:00,올림픽공원,올림픽공원,POI127,KEY_1,5781. 올림픽공원 수영장,ST-3300,129,18,14,127.12688446,37.52157211
2026-06-15T15:02:30.969182+09:00,올림픽공원,올림픽공원,POI127,KEY_1,4862. 성내교 남단,ST-2756,0,0,10,127.11588287,37.52301788
2026-06-15T15:02:30.969182+09:00,올림픽공원,올림픽공원,POI127,KEY_1,4464. 올림픽공원 북2문 A,ST-2580,53,8,15,127.12804413,37.52357483
2026-06-15T15:02:30.969182+09:00,올림픽공원,올림픽공원,POI127,KEY_1,4857. 올림픽공원 장미광장,ST-2621,7,1,15,127.126297,37.51275635
2026-06-15T15:02:30.969182+09:00,올림픽공원,올림픽공원,POI127,KEY_1,4481. 올림픽공원 북2문 B,ST-2592,100,25,25,127.12751007,37.52397537
2026-06-15T15:02:30.969182+09:00,올림픽공원,올림픽공원,POI127,KEY_1,4865. 한성백제역 1번출구 뒤,ST-2797,60,3,5,127.1149826,37.51647949
2026-06-15T15:02:30.969182+09:00,월드컵공원,월드컵공원,POI106,KEY_2,413. 상암월드컵파크 3단지 후문,ST-92,100,10,10,126.88968658,37.57147598
2026-06-15T15:02:30.969182+09:00,월드컵공원,월드컵공원,POI106,KEY_2,199. 서울 월드컵 경기장,ST-443,70,21,30,126.89644623,37.56684494
2026-06-15T15:02:30.969182+09:00,월드컵공원,월드컵공원,POI106,KEY_2,418. 월드컵경기장역 3번출구 옆,ST-89,20,4,20,126.8992691,37.57277679
2026-06-15T15:02:30.969182+09:00,월드컵공원,월드컵공원,POI106,KEY_2,440. 하늘공원 입구,ST-1754,80,12,15,126.88134766,37.57012177
2026-06-15T15:02:30.969182+09:00,월드컵공원,월드컵공원,POI106,KEY_2,186. 월드컵공원,ST-344,188,75,40,126.89820862,37.56396484
2026-06-15T15:02:30.969182+09:00,월드컵공원,월드컵공원,POI106,KEY_2,419. 홈플러스 마포점 앞,ST-87,138,29,21,126.89942932,37.56842041
2026-06-15T15:02:30.969182+09:00,월드컵공원,월드컵공원,POI106,KEY_2,420. 서울시 공공자전거 상암센터,ST-85,73,27,37,126.8961792,37.56624603
2026-06-15T15:02:30.969182+09:00,월드컵공원,월드컵공원,POI106,KEY_2,3008.DMC역7번출구,ST-2166,120,12,10,126.89836121,37.57711411
2026-06-15T15:02:30.969182+09:00,응봉산,응봉산,POI107,KEY_3,569. 응봉현대아파트 정류소,ST-370,0,0,10,127.03024292,37.54958344
2026-06-15T15:02:30.969182+09:00,응봉산,응봉산,POI107,KEY_3,3511. 응봉역 1번출구,ST-1195,30,3,10,127.0351944,37.55130386
2026-06-15T15:02:30.969182+09:00,응봉산,응봉산,POI107,KEY_3,3525. 금호스포츠센터앞,ST-1599,27,4,15,127.02507019,37.54608917
2026-06-15T15:02:30.969182+09:00,청계산,청계산,POI112,KEY_4,2203. 청계산입구역 2번출구,ST-925,140,14,10,127.05501556,37.44765854
2026-06-15T15:02:30.969182+09:00,청계산,청계산,POI112,KEY_4,4338.새정이마을버스정류장 앞,ST-3216,60,3,5,127.06594849,37.43474579
2026-06-15T15:02:30.969182+09:00,가락시장,가락시장,POI058,KEY_2,2659.서울친환경유통센터,ST-2410,10,1,10,127.10492706,37.49420929
2026-06-15T15:02:30.969182+09:00,가락시장,가락시장,POI058,KEY_2,2658.가락몰 업무동,ST-2409,230,23,10,127.11569214,37.49535751
2026-06-15T15:02:30.969182+09:00,가락시장,가락시장,POI058,KEY_2,4480. 가락시장 남1문 사거리,ST-2591,27,4,15,127.11745453,37.49201584
2026-06-15T15:02:30.969182+09:00,가락시장,가락시장,POI058,KEY_2,4854. 가락시장역 2번 출구,ST-2606,90,9,10,127.11798859,37.492733
2026-06-15T15:02:30.969182+09:00,가로수길,가로수길,POI059,KEY_3,3606. 신사동주민센터 옆,ST-2673,260,26,10,127.02285004,37.52422714
2026-06-15T15:02:30.969182+09:00,가로수길,가로수길,POI059,KEY_3,2362. 신사동 가로수길 입구,ST-1171,0,0,10,127.02245331,37.51763535
2026-06-15T15:02:30.969182+09:00,가로수길,가로수길,POI059,KEY_3,4907. 극동스포츠 앞,ST-3078,200,10,5,127.02588654,37.5257225
2026-06-15T15:02:30.969182+09:00,가로수길,가로수길,POI059,KEY_3,4903. 신사스퀘어,ST-3066,30,3,10,127.0189743,37.51916885
2026-06-15T15:02:30.969182+09:00,김포공항,김포공항,POI061,KEY_1,3776. 김포공항사거리,ST-2484,90,9,10,126.80518341,37.5675354
2026-06-15T15:02:30.969182+09:00,김포공항,김포공항,POI061,KEY_1,5072. 김포공항입구 교통섬,ST-2947,50,5,10,126.80708313,37.56154633
2026-06-15T15:02:30.969182+09:00,남대문시장,남대문시장,POI115,KEY_2,324. 신세계백화점 본점 앞,ST-140,175,14,8,126.9805069,37.56134415
2026-06-15T15:02:30.969182+09:00,남대문시장,남대문시장,POI115,KEY_2,470.회현역 7번출구,ST-1776,8,1,13,126.98000336,37.55974579
2026-06-15T15:02:30.969182+09:00,남대문시장,남대문시장,POI115,KEY_2,4776. 신세계면세점,ST-2522,10,1,10,126.98139191,37.56027603
2026-06-15T15:02:30.969182+09:00,노량진,노량진,POI063,KEY_3,2003. 사육신공원앞,ST-877,110,11,10,126.94805908,37.51335907
2026-06-15T15:02:30.969182+09:00,노량진,노량진,POI063,KEY_3,2002. 노들역 1번출구,ST-683,88,15,17,126.95246887,37.51284409
2026-06-15T15:02:30.969182+09:00,노량진,노량진,POI063,KEY_3,2070. 노량진역 2번 출구 앞,ST-1545,61,11,18,126.94306946,37.51391983
2026-06-15T15:02:30.969182+09:00,노량진,노량진,POI063,KEY_3,2050. 노량진역 5번출구,ST-699,133,20,15,126.93997192,37.51324844
2026-06-15T15:02:30.969182+09:00,노량진,노량진,POI063,KEY_3,2058. 동작경찰서,ST-1150,264,37,14,126.94352722,37.5135231
2026-06-15T15:02:30.969182+09:00,덕수궁길·정동길,덕수궁길·정동길,POI064,KEY_4,391. 시립미술관,ST-977,75,6,8,126.97340393,37.56505203
2026-06-15T15:02:30.969182+09:00,덕수궁길·정동길,덕수궁길·정동길,POI064,KEY_4,300. 정동사거리,ST-116,17,1,6,126.96923065,37.56805038
2026-06-15T15:02:30.969182+09:00,덕수궁길·정동길,덕수궁길·정동길,POI064,KEY_4,6058. 시청역 2번출구,ST-3297,240,36,15,126.97702026,37.56557846
2026-06-15T15:02:30.969182+09:00,덕수궁길·정동길,덕수궁길·정동길,POI064,KEY_4,4715. 돈의문 박물관 마을,ST-2923,73,11,15,126.96955109,37.56883621
2026-06-15T15:02:30.969182+09:00,북촌한옥마을,북촌한옥마을,POI066,KEY_2,354. 포르투갈 대사관 앞,ST-170,120,12,10,126.98896027,37.57915497
2026-06-15T15:02:30.969182+09:00,북촌한옥마을,북촌한옥마을,POI066,KEY_2,451. 청와대앞길,ST-979,0,0,8,126.97966766,37.58351517
2026-06-15T15:02:30.969182+09:00,북촌한옥마을,북촌한옥마을,POI066,KEY_2,352. 중앙고입구 삼거리,ST-168,10,1,10,126.98523712,37.58341599
2026-06-15T15:02:30.969182+09:00,북촌한옥마을,북촌한옥마을,POI066,KEY_2,464. 삼청동 골목,ST-1756,60,6,10,126.98169708,37.58419037
2026-06-15T15:02:30.969182+09:00,북촌한옥마을,북촌한옥마을,POI066,KEY_2,465. 삼청공원 앞,ST-1759,20,1,5,126.9835968,37.58760452
2026-06-15T15:02:30.969182+09:00,북촌한옥마을,북촌한옥마을,POI066,KEY_2,353. 재동초교 앞 삼거리,ST-169,25,2,8,126.9849472,37.57938766
2026-06-15T15:02:30.969182+09:00,북촌한옥마을,북촌한옥마을,POI066,KEY_2,314. 국립현대미술관,ST-130,30,3,10,126.98085785,37.5797081
2026-06-15T15:02:30.969182+09:00,북촌한옥마을,북촌한옥마을,POI066,KEY_2,3407.안국동사거리(신),ST-1804,28,5,18,126.98339081,37.57580566
2026-06-15T15:02:30.969182+09:00,북촌한옥마을,북촌한옥마을,POI066,KEY_2,4719. 종로문화원 건너편,ST-3090,40,6,15,126.9805069,37.57571411
2026-06-15T15:02:30.969182+09:00,북촌한옥마을,북촌한옥마을,POI066,KEY_2,4705. 웰니스센터(민방위교육장 앞),ST-2565,117,7,6,126.98912811,37.57752991
2026-06-15T15:02:30.969182+09:00,서촌,서촌,POI067,KEY_3,450. 효자동 삼거리,ST-978,6,3,51,126.97254944,37.58360291
2026-06-15T15:02:30.969182+09:00,서촌,서촌,POI067,KEY_3,349. 어린이도서관,ST-165,20,1,5,126.96858978,37.57633209
2026-06-15T15:02:30.969182+09:00,서촌,서촌,POI067,KEY_3,4721. 통인시장 정자,ST-3354,50,4,8,126.96878815,37.58055878
2026-06-15T15:02:30.969182+09:00,서촌,서촌,POI067,KEY_3,4710. 자교교회 앞,ST-2473,0,0,8,126.97123718,37.58114624
2026-06-15T15:02:30.969182+09:00,성수카페거리,성수카페거리,POI068,KEY_4,587. 유니베라 앞,ST-482,230,23,10,127.05264282,37.54541779
2026-06-15T15:02:30.969182+09:00,성수카페거리,성수카페거리,POI068,KEY_4,514. 성수사거리 버스정류장 앞,ST-112,283,34,12,127.06330872,37.54257965
2026-06-15T15:02:30.969182+09:00,성수카페거리,성수카페거리,POI068,KEY_4,513. 뚝섬역 5번 출구 정류소 옆,ST-111,131,17,13,127.04980469,37.54630661
2026-06-15T15:02:30.969182+09:00,성수카페거리,성수카페거리,POI068,KEY_4,3548.뚝섬역 6번출구,ST-2330,140,14,10,127.04766846,37.54695892
2026-06-15T15:02:30.969182+09:00,성수카페거리,성수카페거리,POI068,KEY_4,4398. 유원지식산업센터 앞,ST-3325,100,16,16,127.05593109,37.54436493
2026-06-15T15:02:30.969182+09:00,성수카페거리,성수카페거리,POI068,KEY_4,4399. 더리브 세종타워 앞,ST-3326,171,12,7,127.0580368,37.54378128
2026-06-15T15:02:30.969182+09:00,성수카페거리,성수카페거리,POI068,KEY_4,4387. 성수역 1번출구 주변,ST-3121,363,29,8,127.05336761,37.54555893
2026-06-15T15:02:30.969182+09:00,성수카페거리,성수카페거리,POI068,KEY_4,4377. 우영테크노센터 앞,ST-3003,363,29,8,127.05971527,37.54332352
2026-06-15T15:02:30.969182+09:00,송리단길·호수단길,송리단길·호수단길,POI121,KEY_1,2639.석촌역 8번출구,ST-1866,22,4,18,127.10657501,37.50550461
2026-06-15T15:02:30.969182+09:00,송리단길·호수단길,송리단길·호수단길,POI121,KEY_1,4868. 석촌호수 서호 남단,ST-2833,20,2,10,127.10124207,37.50717163
2026-06-15T15:02:30.969182+09:00,신촌 스타광장,신촌 스타광장,POI122,KEY_2,128. 신촌역(2호선) 1번출구 옆,ST-30,26,5,19,126.93634033,37.55549622
2026-06-15T15:02:30.969182+09:00,신촌 스타광장,신촌 스타광장,POI122,KEY_2,3116.신촌역 4번출구,ST-2201,40,4,10,126.93720245,37.55550385
2026-06-15T15:02:30.969182+09:00,압구정로데오거리,압구정로데오거리,POI071,KEY_3,2365. K+ 타워 앞,ST-1174,80,12,15,127.03847504,37.52330017
2026-06-15T15:02:30.969182+09:00,압구정로데오거리,압구정로데오거리,POI071,KEY_3,2310. 청담동 맥도날드 옆(위치),ST-794,80,8,10,127.04017639,37.52361298
2026-06-15T15:02:30.969182+09:00,여의도,여의도,POI072,KEY_4,215. 여의도고교 앞,ST-64,0,0,10,126.93490601,37.52483749
2026-06-15T15:02:30.969182+09:00,여의도,여의도,POI072,KEY_4,200. 국회의원회관,ST-45,68,15,22,126.91391754,37.52841568
2026-06-15T15:02:30.969182+09:00,여의도,여의도,POI072,KEY_4,204. 국회의사당역 5번출구 옆,ST-50,177,23,13,126.91702271,37.52816391
2026-06-15T15:02:30.969182+09:00,여의도,여의도,POI072,KEY_4,226. 샛강역 1번출구 앞,ST-72,53,10,19,126.92841339,37.51776505
2026-06-15T15:02:30.969182+09:00,여의도,여의도,POI072,KEY_4,222. 시범아파트버스정류장 옆,ST-68,175,21,12,126.93688965,37.51902008
2026-06-15T15:02:30.969182+09:00,여의도,여의도,POI072,KEY_4,207. 여의나루역 1번출구 앞,ST-73,9,4,46,126.93190002,37.52715683
2026-06-15T15:02:30.969182+09:00,여의도,여의도,POI072,KEY_4,201. 진미파라곤 앞,ST-46,93,14,15,126.92133331,37.53123856
2026-06-15T15:02:30.969182+09:00,여의도,여의도,POI072,KEY_4,271. 샛강생태공원방문자센터 앞,ST-425,0,0,10,126.9216156,37.51896286
2026-06-15T15:02:30.969182+09:00,여의도,여의도,POI072,KEY_4,299.여의도 순복음교회,ST-1971,10,1,10,126.92245483,37.53179169
2026-06-15T15:02:30.969182+09:00,여의도,여의도,POI072,KEY_4,221. 여의도초교 앞,ST-67,0,0,10,126.93778992,37.52267456
2026-06-15T15:02:30.969182+09:00,여의도,여의도,POI072,KEY_4,270. 증권거래소후문교차로,ST-424,160,16,10,126.92710114,37.52234268
2026-06-15T15:02:30.969182+09:00,여의도,여의도,POI072,KEY_4,214. 금융감독원 앞,ST-60,71,15,21,126.9208374,37.5230217
2026-06-15T15:02:30.969182+09:00,여의도,여의도,POI072,KEY_4,260. 여의도 마리나선착장 앞,ST-414,120,18,15,126.91216278,37.53365707
2026-06-15T15:02:30.969182+09:00,여의도,여의도,POI072,KEY_4,205. 산업은행 앞,ST-52,110,22,20,126.92050934,37.52626419
2026-06-15T15:02:30.969182+09:00,여의도,여의도,POI072,KEY_4,225. 앙카라공원 앞,ST-71,96,25,26,126.92961884,37.51758575
2026-06-15T15:02:30.969182+09:00,여의도,여의도,POI072,KEY_4,224. 롯데캐슬 앞,ST-70,15,3,20,126.93236542,37.5200882
2026-06-15T15:02:30.969182+09:00,여의도,여의도,POI072,KEY_4,298.KBS 연구동 건너편,ST-1970,84,21,25,126.91374207,37.52724838
2026-06-15T15:02:30.969182+09:00,여의도,여의도,POI072,KEY_4,203. 국회의사당역 3번출구 옆,ST-51,27,4,15,126.91870117,37.5280571
2026-06-15T15:02:30.969182+09:00,여의도,여의도,POI072,KEY_4,249. 여의도중학교 옆,ST-297,13,2,16,126.93580627,37.52457809
2026-06-15T15:02:30.969182+09:00,여의도,여의도,POI072,KEY_4,202. 국민일보 앞,ST-47,183,55,30,126.92453003,37.52881622
2026-06-15T15:02:30.969182+09:00,여의도,여의도,POI072,KEY_4,217. NH농협은행 앞,ST-66,347,52,15,126.93036652,37.52207947
2026-06-15T15:02:30.969182+09:00,여의도,여의도,POI072,KEY_4,220. 미성아파트 A동 앞,ST-63,53,16,30,126.92604828,37.5193634
2026-06-15T15:02:30.969182+09:00,여의도,여의도,POI072,KEY_4,297.국회3문,ST-1969,10,1,10,126.91267395,37.52863693
2026-06-15T15:02:30.969182+09:00,여의도,여의도,POI072,KEY_4,209. 유진투자증권빌딩 앞,ST-55,245,54,22,126.92783356,37.52461243
2026-06-15T15:02:30.969182+09:00,여의도,여의도,POI072,KEY_4,248. 초원아파트 앞,ST-296,120,12,10,126.92420959,37.53105545
2026-06-15T15:02:30.969182+09:00,여의도,여의도,POI072,KEY_4,213. KT앞,ST-59,263,50,19,126.91895294,37.52190781
2026-06-15T15:02:30.969182+09:00,여의도,여의도,POI072,KEY_4,206. KBS 앞,ST-53,177,62,35,126.91802216,37.52466583
2026-06-15T15:02:30.969182+09:00,여의도,여의도,POI072,KEY_4,223. 진주아파트상가 앞,ST-69,30,6,20,126.9333725,37.51913071
2026-06-15T15:02:30.969182+09:00,여의도,여의도,POI072,KEY_4,219. 롯데캐슬엠파이어 옆,ST-62,183,22,12,126.92583466,37.52069473
2026-06-15T15:02:30.969182+09:00,여의도,여의도,POI072,KEY_4,5889.의원회관출입구 앞,ST-3377,70,7,10,126.91479492,37.52985382
2026-06-15T15:02:30.969182+09:00,여의도,여의도,POI072,KEY_4,4580. 국회제2의원회관,ST-2644,106,18,17,126.91316986,37.52974701
2026-06-15T15:02:30.969182+09:00,여의도,여의도,POI072,KEY_4,5897.여의도공작아파트,ST-3426,50,5,10,126.92987061,37.52595139
2026-06-15T15:02:30.969182+09:00,여의도,여의도,POI072,KEY_4,4564. 63스퀘어,ST-2814,341,58,17,126.93965912,37.52070999
2026-06-15T15:02:30.969182+09:00,여의도,여의도,POI072,KEY_4,4581. 국회소통관,ST-2645,75,9,12,126.9128952,37.53050232
2026-06-15T15:02:30.969182+09:00,여의도,여의도,POI072,KEY_4,4582. 국회도서관,ST-2646,158,19,12,126.91817474,37.53054047
2026-06-15T15:02:30.969182+09:00,여의도,여의도,POI072,KEY_4,4589. KRX한국거래소(1),ST-2899,100,18,18,126.92759705,37.52338028
2026-06-15T15:02:30.969182+09:00,여의도,여의도,POI072,KEY_4,5879. 국회도서관 2문 앞,ST-3318,150,12,8,126.91668701,37.53107071
2026-06-15T15:02:30.969182+09:00,여의도,여의도,POI072,KEY_4,4585. 국회6문,ST-2694,50,3,6,126.91799164,37.53271866
2026-06-15T15:02:30.969182+09:00,여의도,여의도,POI072,KEY_4,5880. 국회박물관,ST-3319,29,2,7,126.91945648,37.53183365
2026-06-15T15:02:30.969182+09:00,여의도,여의도,POI072,KEY_4,5878. 우리은행 앞,ST-3315,305,61,20,126.92162323,37.52349091
2026-06-15T15:02:30.969182+09:00,여의도,여의도,POI072,KEY_4,4563. 여의도 은하아파트,ST-2813,10,1,10,126.93448639,37.51850891
2026-06-15T15:02:30.969182+09:00,여의도,여의도,POI072,KEY_4,5891.한강버스 여의도 선착장,ST-3402,47,14,30,126.93422699,37.52816391
2026-06-15T15:02:30.969182+09:00,여의도,여의도,POI072,KEY_4,5888.여의도성당,ST-3375,0,0,7,126.93920898,37.52164459
2026-06-15T15:02:30.969182+09:00,여의도,여의도,POI072,KEY_4,4579. 국회의사당 본관,ST-2643,129,22,17,126.91404724,37.5325737
2026-06-15T15:02:30.969182+09:00,여의도,여의도,POI072,KEY_4,5890.여의나루역 3번출구,ST-3401,45,5,11,126.93336487,37.52645493
2026-06-15T15:02:30.969182+09:00,여의도,여의도,POI072,KEY_4,5870. LG트윈타워 앞,ST-3239,145,29,20,126.93017578,37.52833176
2026-06-15T15:02:30.969182+09:00,여의도,여의도,POI072,KEY_4,5893.한국산업은행,ST-3397,630,63,10,126.92175293,37.52814484
2026-06-15T15:02:30.969182+09:00,여의도,여의도,POI072,KEY_4,5859. 여의도 삼부아파트,ST-3160,60,6,10,126.93045807,37.52539444
2026-06-15T15:02:30.969182+09:00,여의도,여의도,POI072,KEY_4,4583. 의정관,ST-2647,50,6,12,126.91747284,37.53214645
2026-06-15T15:02:30.969182+09:00,여의도,여의도,POI072,KEY_4,5892.국회의사당본관 좌측,ST-3383,114,8,7,126.91375732,37.53090286
2026-06-15T15:02:30.969182+09:00,여의도,여의도,POI072,KEY_4,4584. 국회2문,ST-2648,89,8,9,126.91510773,37.52864075
2026-06-15T15:02:30.969182+09:00,연남동,연남동,POI073,KEY_1,107. 수협 연남동지점,ST-9,80,8,10,126.91871643,37.55784607
2026-06-15T15:02:30.969182+09:00,연남동,연남동,POI073,KEY_1,4233. 코오롱아파트사거리,ST-2979,120,12,10,126.92149353,37.56306458
2026-06-15T15:02:30.969182+09:00,영등포 타임스퀘어,영등포 타임스퀘어,POI074,KEY_2,284. 센트럴 푸르지오 시티 앞,ST-1650,113,18,16,126.90222931,37.51821136
2026-06-15T15:02:30.969182+09:00,영등포 타임스퀘어,영등포 타임스퀘어,POI074,KEY_2,3219.영등포역 1번출구,ST-1990,230,23,10,126.9077301,37.5148468
2026-06-15T15:02:30.969182+09:00,영등포 타임스퀘어,영등포 타임스퀘어,POI074,KEY_2,5868. 로프트시티오피스텔,ST-3238,33,2,6,126.90843201,37.51906204
2026-06-15T15:02:30.969182+09:00,영등포 타임스퀘어,영등포 타임스퀘어,POI074,KEY_2,4565. 영등포 신세계백화점,ST-2815,250,25,10,126.90364838,37.51803589
2026-06-15T15:02:30.969182+09:00,영등포 타임스퀘어,영등포 타임스퀘어,POI074,KEY_2,5858. 영등포역5번출구,ST-3142,130,13,10,126.90807343,37.51669312
2026-06-15T15:02:30.969182+09:00,용리단길,용리단길,POI076,KEY_3,816. 신용산역 6번출구 앞,ST-435,88,22,25,126.96848297,37.53014755
2026-06-15T15:02:30.969182+09:00,용리단길,용리단길,POI076,KEY_3,817. 삼각지역 4번출구 앞,ST-436,0,0,9,126.97173309,37.53345108
2026-06-15T15:02:30.969182+09:00,이태원 앤틱가구거리,이태원 앤틱가구거리,POI077,KEY_4,4615. 크라운호텔앞 버스정류소,ST-2446,86,6,7,126.99137878,37.53030014
2026-06-15T15:02:30.969182+09:00,이태원 앤틱가구거리,이태원 앤틱가구거리,POI077,KEY_4,4634. 이태원역 3번 출구,ST-3056,20,1,5,126.99497223,37.5343895
2026-06-15T15:02:30.969182+09:00,익선동,익선동,POI116,KEY_1,334. 종로3가역 2번출구 뒤,ST-150,100,10,10,126.99179077,37.5705986
2026-06-15T15:02:30.969182+09:00,익선동,익선동,POI116,KEY_1,328. 탑골공원 앞,ST-144,9,1,11,126.9881897,37.57039642
2026-06-15T15:02:30.969182+09:00,익선동,익선동,POI116,KEY_1,327. 낙원상가 옆,ST-143,30,3,10,126.9874649,37.57335663
2026-06-15T15:02:30.969182+09:00,익선동,익선동,POI116,KEY_1,3410.종로3가역 8번출구,ST-1807,40,4,10,126.99188995,37.5724678
2026-06-15T15:02:30.969182+09:00,익선동,익선동,POI116,KEY_1,4713. 현대 뜨레비앙 아파트 앞,ST-2623,14,1,7,126.99062347,37.57528305
2026-06-15T15:02:30.969182+09:00,인사동,인사동,POI078,KEY_2,327. 낙원상가 옆,ST-143,30,3,10,126.9874649,37.57335663
2026-06-15T15:02:30.969182+09:00,인사동,인사동,POI078,KEY_2,326. 안국역 5번출구 앞,ST-142,0,0,15,126.98616028,37.57624054
2026-06-15T15:02:30.969182+09:00,인사동,인사동,POI078,KEY_2,454. 종로2가 버스정류장 (종각방향),ST-1607,0,0,13,126.98638153,37.57035828
2026-06-15T15:02:30.969182+09:00,인사동,인사동,POI078,KEY_2,3408.종로타워빌딩,ST-1805,138,18,13,126.98323822,37.57070541
2026-06-15T15:02:30.969182+09:00,창동 신경제 중심지,창동 신경제 중심지,POI079,KEY_4,1756.서울북부광역등기국,ST-2101,90,9,10,127.04431915,37.65148544
2026-06-15T15:02:30.969182+09:00,창동 신경제 중심지,창동 신경제 중심지,POI079,KEY_4,1657. 노원구청,ST-1125,290,58,20,127.05732727,37.65404892
2026-06-15T15:02:30.969182+09:00,창동 신경제 중심지,창동 신경제 중심지,POI079,KEY_4,1690. 도봉운전면허시험장 버스정류장 옆,ST-1641,50,5,10,127.05931091,37.6577301
2026-06-15T15:02:30.969182+09:00,창동 신경제 중심지,창동 신경제 중심지,POI079,KEY_4,1662. 노원역7번출구,ST-1279,125,25,20,127.05921173,37.65421677
2026-06-15T15:02:30.969182+09:00,창동 신경제 중심지,창동 신경제 중심지,POI079,KEY_4,1722. 창동청소년수련관,ST-1292,87,13,15,127.05004883,37.65779877
2026-06-15T15:02:30.969182+09:00,창동 신경제 중심지,창동 신경제 중심지,POI079,KEY_4,1674. 서울북부고용센터앞,ST-1291,93,14,15,127.05808258,37.65354919
2026-06-15T15:02:30.969182+09:00,창동 신경제 중심지,창동 신경제 중심지,POI079,KEY_4,1716. 창동역 1번출구 건너편,ST-1132,213,17,8,127.05072784,37.65420151
2026-06-15T15:02:30.969182+09:00,창동 신경제 중심지,창동 신경제 중심지,POI079,KEY_4,1637. KT 전화국 버스정류장 옆,ST-611,156,14,9,127.06372833,37.6546669
2026-06-15T15:02:30.969182+09:00,창동 신경제 중심지,창동 신경제 중심지,POI079,KEY_4,1775.신원리베르텔 앞,ST-2120,67,10,15,127.04554749,37.65128708
2026-06-15T15:02:30.969182+09:00,창동 신경제 중심지,창동 신경제 중심지,POI079,KEY_4,1653. 노원역1번출구,ST-1121,170,17,10,127.06362152,37.65620041
2026-06-15T15:02:30.969182+09:00,창동 신경제 중심지,창동 신경제 중심지,POI079,KEY_4,1686. 상계주공10단지 종합상가 앞,ST-1476,7,1,15,127.05805206,37.66114044
2026-06-15T15:02:30.969182+09:00,창동 신경제 중심지,창동 신경제 중심지,POI079,KEY_4,4096.창동역2번출구 하나은행365 앞,ST-3368,225,18,8,127.04550171,37.65283585
2026-06-15T15:02:30.969182+09:00,창동 신경제 중심지,창동 신경제 중심지,POI079,KEY_4,5311. 주공601동 상가 노원지하보도 앞,ST-3116,0,0,5,127.06147766,37.65190125
2026-06-15T15:02:30.969182+09:00,창동 신경제 중심지,창동 신경제 중심지,POI079,KEY_4,4098.창동역 1번출구 인근,ST-3430,163,13,8,127.04838562,37.65290833
2026-06-15T15:02:30.969182+09:00,창동 신경제 중심지,창동 신경제 중심지,POI079,KEY_4,5333. 노원역9번-10번 출구 앞,ST-3288,150,15,10,127.063591,37.65655518
2026-06-15T15:02:30.969182+09:00,청량리 제기동 일대 전통시장,청량리 제기동 일대 전통시장,POI081,KEY_2,676.FITI시험연구원 앞,ST-2276,11,1,9,127.03547668,37.58143234
2026-06-15T15:02:30.969182+09:00,청량리 제기동 일대 전통시장,청량리 제기동 일대 전통시장,POI081,KEY_2,640. 동대문경찰서 교차로,ST-407,67,4,6,127.04460144,37.58255005
2026-06-15T15:02:30.969182+09:00,청량리 제기동 일대 전통시장,청량리 제기동 일대 전통시장,POI081,KEY_2,633. 청량리 기업은행 앞,ST-400,163,13,8,127.04472351,37.58049774
2026-06-15T15:02:30.969182+09:00,청량리 제기동 일대 전통시장,청량리 제기동 일대 전통시장,POI081,KEY_2,4147.청량리역광장,ST-3405,31,11,35,127.04673767,37.58024597
2026-06-15T15:02:30.969182+09:00,청량리 제기동 일대 전통시장,청량리 제기동 일대 전통시장,POI081,KEY_2,4134. 제기동 현대아파트 앞,ST-3206,110,11,10,127.0353241,37.57994843
2026-06-15T15:02:30.969182+09:00,청량리 제기동 일대 전통시장,청량리 제기동 일대 전통시장,POI081,KEY_2,4149.제기동역 5번출구,ST-3428,86,6,7,127.03381348,37.5779953
2026-06-15T15:02:30.969182+09:00,DDP(동대문디자인플라자),DDP(동대문디자인플라자),POI083,KEY_4,474.동대문역사문화공원역 1번출구 뒤편,ST-1780,108,43,40,127.00849152,37.56629944
2026-06-15T15:02:30.969182+09:00,DDP(동대문디자인플라자),DDP(동대문디자인플라자),POI083,KEY_4,475.DDP 패션몰,ST-1781,33,7,21,127.0118103,37.56764984
2026-06-15T15:02:30.969182+09:00,DDP(동대문디자인플라자),DDP(동대문디자인플라자),POI083,KEY_4,347. 동대문역사문화공원역 9번출구 앞,ST-163,39,7,18,127.00784302,37.56533051
2026-06-15T15:02:30.969182+09:00,DDP(동대문디자인플라자),DDP(동대문디자인플라자),POI083,KEY_4,4765. 동대문디자인플라자,ST-2431,155,31,20,127.00946045,37.5683136
2026-06-15T15:02:30.969182+09:00,DMC(디지털미디어시티),DMC(디지털미디어시티),POI084,KEY_1,405. DMC빌 앞,ST-80,88,7,8,126.88578796,37.58265686
2026-06-15T15:02:30.969182+09:00,DMC(디지털미디어시티),DMC(디지털미디어시티),POI084,KEY_1,408. LG CNS앞,ST-84,93,13,14,126.88665009,37.58081055
2026-06-15T15:02:30.969182+09:00,DMC(디지털미디어시티),DMC(디지털미디어시티),POI084,KEY_1,409. 누리꿈스퀘어 옆,ST-86,127,38,30,126.88916016,37.57939911
2026-06-15T15:02:30.969182+09:00,DMC(디지털미디어시티),DMC(디지털미디어시티),POI084,KEY_1,412. DMC산학협력연구센터 앞,ST-91,143,30,21,126.89079285,37.57565689
2026-06-15T15:02:30.969182+09:00,DMC(디지털미디어시티),DMC(디지털미디어시티),POI084,KEY_1,489.구룡근린공원,ST-2148,150,15,10,126.88276672,37.58320236
2026-06-15T15:02:30.969182+09:00,DMC(디지털미디어시티),DMC(디지털미디어시티),POI084,KEY_1,415. DMC역 9번출구 앞,ST-95,70,7,10,126.89736176,37.57746887
2026-06-15T15:02:30.969182+09:00,DMC(디지털미디어시티),DMC(디지털미디어시티),POI084,KEY_1,414. 상암동주민센터 옆,ST-94,100,8,8,126.89447021,37.57822037
2026-06-15T15:02:30.969182+09:00,DMC(디지털미디어시티),DMC(디지털미디어시티),POI084,KEY_1,490.가온문화공원,ST-2149,139,32,23,126.88766479,37.58207703
2026-06-15T15:02:30.969182+09:00,DMC(디지털미디어시티),DMC(디지털미디어시티),POI084,KEY_1,417. DMC역 2번출구 옆,ST-93,30,6,20,126.8999176,37.57506943
2026-06-15T15:02:30.969182+09:00,DMC(디지털미디어시티),DMC(디지털미디어시티),POI084,KEY_1,425. DMC첨단산업센터,ST-991,110,11,10,126.88559723,37.58450317
2026-06-15T15:02:30.969182+09:00,DMC(디지털미디어시티),DMC(디지털미디어시티),POI084,KEY_1,411. DMC홍보관,ST-90,160,16,10,126.89147186,37.5779953
2026-06-15T15:02:30.969182+09:00,DMC(디지털미디어시티),DMC(디지털미디어시티),POI084,KEY_1,3008.DMC역7번출구,ST-2166,120,12,10,126.89836121,37.57711411
2026-06-15T15:02:30.969182+09:00,DMC(디지털미디어시티),DMC(디지털미디어시티),POI084,KEY_1,3007.MBC 앞,ST-2165,240,24,10,126.89044952,37.58198166
2026-06-15T15:02:30.969182+09:00,DMC(디지털미디어시티),DMC(디지털미디어시티),POI084,KEY_1,4214. JTBC 앞,ST-2537,250,25,10,126.8901825,37.57730484
2026-06-15T15:02:30.969182+09:00,DMC(디지털미디어시티),DMC(디지털미디어시티),POI084,KEY_1,4218. 디지털매직스페이스,ST-2974,246,32,13,126.88957977,37.58119965
2026-06-15T15:02:30.969182+09:00,DMC(디지털미디어시티),DMC(디지털미디어시티),POI084,KEY_1,4238. 상암한샘빌딩앞,ST-2981,43,3,7,126.89867401,37.57649231
2026-06-15T15:02:30.969182+09:00,가산디지털단지역,가산디지털단지역,POI013,KEY_2,1834. 월드메르디앙 벤처센터 2차,ST-640,310,31,10,126.87904358,37.47908401
2026-06-15T15:02:30.969182+09:00,가산디지털단지역,가산디지털단지역,POI013,KEY_2,1812. 갑을그레이트밸리 앞,ST-624,220,22,10,126.88729858,37.47903061
2026-06-15T15:02:30.969182+09:00,가산디지털단지역,가산디지털단지역,POI013,KEY_2,1851. 가산디지털단지 9번출구 인근,ST-1403,130,13,10,126.88148499,37.48123169
2026-06-15T15:02:30.969182+09:00,가산디지털단지역,가산디지털단지역,POI013,KEY_2,1849. 대륭포스트타워5차,ST-1276,200,20,10,126.88694,37.48135376
2026-06-15T15:02:30.969182+09:00,가산디지털단지역,가산디지털단지역,POI013,KEY_2,1867.대륭포스트타워6차 앞,ST-1938,370,111,30,126.8841629,37.48101044
2026-06-15T15:02:30.969182+09:00,가산디지털단지역,가산디지털단지역,POI013,KEY_2,1805. 서울디지털운동장 앞,ST-620,200,20,10,126.87776947,37.48228836
2026-06-15T15:02:30.969182+09:00,가산디지털단지역,가산디지털단지역,POI013,KEY_2,1835. STX V타워,ST-641,210,21,10,126.88442993,37.47706985
2026-06-15T15:02:30.969182+09:00,가산디지털단지역,가산디지털단지역,POI013,KEY_2,1839. 수출의 다리 아래,ST-1140,145,29,20,126.88615417,37.47743607
2026-06-15T15:02:30.969182+09:00,가산디지털단지역,가산디지털단지역,POI013,KEY_2,1850. 코오롱테크노밸리,ST-1277,260,26,10,126.8863678,37.48015976
2026-06-15T15:02:30.969182+09:00,가산디지털단지역,가산디지털단지역,POI013,KEY_2,1806. 에이스하이엔드타워9차 앞,ST-621,370,37,10,126.87863922,37.48621368
2026-06-15T15:02:30.969182+09:00,가산디지털단지역,가산디지털단지역,POI013,KEY_2,3985. 디폴리스 지식산업센터,ST-2964,155,31,20,126.87680054,37.48017502
2026-06-15T15:02:30.969182+09:00,가산디지털단지역,가산디지털단지역,POI013,KEY_2,3989.가산디지털단지역 9번출구 앞,ST-3396,190,19,10,126.88175964,37.48055267
2026-06-15T15:02:30.969182+09:00,가산디지털단지역,가산디지털단지역,POI013,KEY_2,3984. 가산롯데아이티캐슬,ST-2999,960,48,5,126.88083649,37.47636795
2026-06-15T15:02:30.969182+09:00,강남역,강남역,POI014,KEY_3,2421. 신논현역 4번출구,ST-1887,13,2,15,127.02579498,37.504673
2026-06-15T15:02:30.969182+09:00,강남역,강남역,POI014,KEY_3,2407. 역삼서초삼성 세무서 앞 (역삼빌딩 앞),ST-1577,210,21,10,127.03011322,37.49847031
2026-06-15T15:02:30.969182+09:00,강남역,강남역,POI014,KEY_3,2505. 우성아파트사거리 (기업은행앞),ST-1556,167,20,12,127.02953339,37.49325943
2026-06-15T15:02:30.969182+09:00,강남역,강남역,POI014,KEY_3,3628. 역삼1동 주민센터,ST-2689,70,7,10,127.03302765,37.49521255
2026-06-15T15:02:30.969182+09:00,강남역,강남역,POI014,KEY_3,4349.삼성화재서초타워,ST-3361,283,17,6,127.02896118,37.49446869
2026-06-15T15:02:30.969182+09:00,건대입구역,건대입구역,POI015,KEY_4,501. 광진문화예술회관 앞,ST-98,30,9,30,127.07035065,37.53730774
2026-06-15T15:02:30.969182+09:00,건대입구역,건대입구역,POI015,KEY_4,3533. 건대입구역 사거리(롯데백화점),ST-1660,70,7,10,127.07078552,37.5392952
2026-06-15T15:02:30.969182+09:00,건대입구역,건대입구역,POI015,KEY_4,3534. 건대입구역 5번출구 뒤,ST-1661,130,13,10,127.06956482,37.54008102
2026-06-15T15:02:30.969182+09:00,고덕역,고덕역,POI016,KEY_1,1036. 고덕동 주양쇼핑,ST-1053,90,9,10,127.15331268,37.55199051
2026-06-15T15:02:30.969182+09:00,고덕역,고덕역,POI016,KEY_1,1068.명일파출소,ST-1767,50,5,10,127.15622711,37.5536499
2026-06-15T15:02:30.969182+09:00,고덕역,고덕역,POI016,KEY_1,1072.고덕역 5번출구,ST-1833,105,23,22,127.15372467,37.55486298
2026-06-15T15:02:30.969182+09:00,교대역,교대역,POI018,KEY_3,2239.교대역 6번출구,ST-765,70,7,10,127.01378632,37.49421692
2026-06-15T15:02:30.969182+09:00,교대역,교대역,POI018,KEY_3,2279. 교대역 5번출구뒤,ST-1305,275,22,8,127.01418304,37.49361801
2026-06-15T15:02:30.969182+09:00,구로디지털단지역,구로디지털단지역,POI019,KEY_4,1962. 가리봉동주민센터,ST-1224,320,48,15,126.89279938,37.48160172
2026-06-15T15:02:30.969182+09:00,구로디지털단지역,구로디지털단지역,POI019,KEY_4,1955. 디지털입구 교차로,ST-936,340,34,10,126.90103912,37.48288345
2026-06-15T15:02:30.969182+09:00,구로디지털단지역,구로디지털단지역,POI019,KEY_4,2110. 조원동 미성아파트,ST-950,111,10,9,126.90203094,37.48319244
2026-06-15T15:02:30.969182+09:00,구로디지털단지역,구로디지털단지역,POI019,KEY_4,2801. 대륭포스트타워1차,ST-1753,153,46,30,126.89542389,37.48437119
2026-06-15T15:02:30.969182+09:00,구로디지털단지역,구로디지털단지역,POI019,KEY_4,1911. 구로디지털단지역 앞,ST-668,300,54,18,126.90132141,37.48493958
2026-06-15T15:02:30.969182+09:00,구로디지털단지역,구로디지털단지역,POI019,KEY_4,1986. 태평양물산,ST-1521,707,106,15,126.89518738,37.48485947
2026-06-15T15:02:30.969182+09:00,구로역,구로역,POI020,KEY_1,3919. 구로역·NC신구로점 버스정류장(구로역 방면),ST-3013,29,4,14,126.88237,37.50096512
2026-06-15T15:02:30.969182+09:00,구로역,구로역,POI020,KEY_1,1946. 구로역 광장,ST-873,240,24,10,126.88038635,37.50311661
2026-06-15T15:02:30.969182+09:00,군자역,군자역,POI021,KEY_2,540. 군자역 7번출구 베스트샵 앞,ST-253,0,0,8,127.0786438,37.55603027
2026-06-15T15:02:30.969182+09:00,군자역,군자역,POI021,KEY_2,3500. 군자역2번출구,ST-983,14,1,7,127.07969666,37.55758667
2026-06-15T15:02:30.969182+09:00,군자역,군자역,POI021,KEY_2,3586.군자역 비채온 오피스텔,ST-2325,13,1,8,127.07727051,37.55771255
2026-06-15T15:02:30.969182+09:00,군자역,군자역,POI021,KEY_2,3518. 군자역 7번출구뒤,ST-1263,0,0,8,127.07913971,37.55686188
2026-06-15T15:02:30.969182+09:00,대림역,대림역,POI023,KEY_3,286. 우성아파트 교차로,ST-1652,150,18,12,126.89974976,37.49457169
2026-06-15T15:02:30.969182+09:00,대림역,대림역,POI023,KEY_3,1975. 대림역 1번 출입구 밑,ST-1237,200,20,10,126.8947525,37.49256516
2026-06-15T15:02:30.969182+09:00,대림역,대림역,POI023,KEY_3,1914. 대림역4번출구,ST-918,250,25,10,126.89444733,37.49440384
2026-06-15T15:02:30.969182+09:00,동대문역,동대문역,POI024,KEY_4,457. 종로꽃시장 입구 옆,ST-1610,20,2,10,127.00720978,37.57131958
2026-06-15T15:02:30.969182+09:00,동대문역,동대문역,POI024,KEY_4,393. 동대문역 8번 출구,ST-1372,175,21,12,127.00937653,37.57014084
2026-06-15T15:02:30.969182+09:00,동대문역,동대문역,POI024,KEY_4,3415.동대문역6번출구,ST-1812,93,14,15,127.0107193,37.57147217
2026-06-15T15:02:30.969182+09:00,미아사거리역,미아사거리역,POI026,KEY_2,1531. 미아사거리 1번 출구,ST-1105,200,20,10,127.03025055,37.61395645
2026-06-15T15:02:30.969182+09:00,미아사거리역,미아사거리역,POI026,KEY_2,1574.송중초등학교 옆,ST-2405,63,5,8,127.03049469,37.61669922
2026-06-15T15:02:30.969182+09:00,미아사거리역,미아사거리역,POI026,KEY_2,1546. 송천동우체국,ST-1665,130,13,10,127.02970123,37.61545944
2026-06-15T15:02:30.969182+09:00,미아사거리역,미아사거리역,POI026,KEY_2,4423.현대백화점 미아점,ST-3203,30,3,10,127.02845764,37.60884857
2026-06-15T15:02:30.969182+09:00,발산역,발산역,POI027,KEY_3,"1153. 발산역 1번, 9번 인근 대여소",ST-1065,44,14,32,126.83717346,37.55894852
2026-06-15T15:02:30.969182+09:00,발산역,발산역,POI027,KEY_3,1124. 발산역 6번 출구 뒤,ST-522,183,11,6,126.8384552,37.55817795
2026-06-15T15:02:30.969182+09:00,발산역,발산역,POI027,KEY_3,1117. 등촌5단지아파트 버스정류장,ST-834,30,3,10,126.84426117,37.55819702
2026-06-15T15:02:30.969182+09:00,발산역,발산역,POI027,KEY_3,1197. 엠펠리체 호텔 건너편,ST-1714,140,28,20,126.83546448,37.56026077
2026-06-15T15:02:30.969182+09:00,발산역,발산역,POI027,KEY_3,2730.마곡메가박스 앞,ST-2047,113,34,30,126.83495331,37.55912781
2026-06-15T15:02:30.969182+09:00,발산역,발산역,POI027,KEY_3,3760. 발산역 8번 출구,ST-2538,29,5,17,126.83676147,37.55846024
2026-06-15T15:02:30.969182+09:00,발산역,발산역,POI027,KEY_3,2721.등촌1-10단지 교차로,ST-2037,8,1,12,126.8393631,37.56320572
2026-06-15T15:02:30.969182+09:00,발산역,발산역,POI027,KEY_3,2723.마곡 필네이처,ST-2040,85,11,13,126.83669281,37.56089401
2026-06-15T15:02:30.969182+09:00,발산역,발산역,POI027,KEY_3,3759. 이대서울병원,ST-2569,112,28,25,126.83559418,37.5586319
2026-06-15T15:02:30.969182+09:00,발산역,발산역,POI027,KEY_3,2717.LG유플러스 마곡사옥,ST-2033,353,219,62,126.83390045,37.56133652
2026-06-15T15:02:30.969182+09:00,발산역,발산역,POI027,KEY_3,3764. 관문주유소(GS칼택스) 앞,ST-2613,20,2,10,126.84183502,37.55802917
2026-06-15T15:02:30.969182+09:00,발산역,발산역,POI027,KEY_3,5095. 원당근린공원,ST-3226,7,1,14,126.84147644,37.55947495
2026-06-15T15:02:30.969182+09:00,발산역,발산역,POI027,KEY_3,5061. 우장산동 가곡어린이공원앞,ST-2888,90,9,10,126.83751678,37.55545425
2026-06-15T15:02:30.969182+09:00,사당역,사당역,POI029,KEY_4,2104. 사당역 5번출구,ST-712,115,15,13,126.98133087,37.47608948
2026-06-15T15:02:30.969182+09:00,사당역,사당역,POI029,KEY_4,2034. 사당역 7번출구쪽,ST-924,47,9,19,126.98057556,37.47689056
2026-06-15T15:02:30.969182+09:00,사당역,사당역,POI029,KEY_4,2222.사당역 12번출구 뒤,ST-753,80,8,10,126.98203278,37.47806931
2026-06-15T15:02:30.969182+09:00,사당역,사당역,POI029,KEY_4,2089.사당역10번출구(금강빌딩),ST-2362,140,14,10,126.98150635,37.4791069
2026-06-15T15:02:30.969182+09:00,삼각지역,삼각지역,POI030,KEY_1,849. 삼각지 자이아파트,ST-2173,110,22,20,126.97341919,37.53607941
2026-06-15T15:02:30.969182+09:00,삼각지역,삼각지역,POI030,KEY_1,848. 삼각지12번 출구,ST-2172,100,8,8,126.97562408,37.53488922
2026-06-15T15:02:30.969182+09:00,삼각지역,삼각지역,POI030,KEY_1,4620. 삼각지역 14번 출구 앞(교통섬),ST-2451,238,19,8,126.97408295,37.53528595
2026-06-15T15:02:30.969182+09:00,서울대입구역,서울대입구역,POI031,KEY_2,2128. 관악구청교차로,ST-720,25,3,12,126.95265198,37.47949982
2026-06-15T15:02:30.969182+09:00,서울대입구역,서울대입구역,POI031,KEY_2,3311.서울대입구역 4번 출구,ST-2394,133,16,12,126.95157623,37.48122025
2026-06-15T15:02:30.969182+09:00,서울대입구역,서울대입구역,POI031,KEY_2,2116. 에이스에이존빌딩,ST-717,167,15,9,126.95082855,37.48170471
2026-06-15T15:02:30.969182+09:00,서울대입구역,서울대입구역,POI031,KEY_2,2112. 서울대입구역 마에스트로,ST-715,67,10,15,126.95064545,37.4813385
2026-06-15T15:02:30.969182+09:00,서울대입구역,서울대입구역,POI031,KEY_2,2171. 서울대입구역 5번출구,ST-1337,71,12,17,126.95200348,37.48154831
2026-06-15T15:02:30.969182+09:00,서울대입구역,서울대입구역,POI031,KEY_2,2111. 서울대입구역 1번출구,ST-965,30,3,10,126.95331573,37.48086929
2026-06-15T15:02:30.969182+09:00,서울식물원·마곡나루역,서울식물원·마곡나루역,POI032,KEY_3,2715.마곡나루역 2번 출구,ST-2031,24,6,25,126.82743835,37.56692505
2026-06-15T15:02:30.969182+09:00,서울식물원·마곡나루역,서울식물원·마곡나루역,POI032,KEY_3,2725.서울식물원 식물문화센터,ST-2042,150,30,20,126.83563232,37.56883621
2026-06-15T15:02:30.969182+09:00,서울식물원·마곡나루역,서울식물원·마곡나루역,POI032,KEY_3,2727.서울식물원 잔디마당 앞,ST-2044,324,81,25,126.8306427,37.5639267
2026-06-15T15:02:30.969182+09:00,서울식물원·마곡나루역,서울식물원·마곡나루역,POI032,KEY_3,5097. LG사이언스파크 E2동,ST-3259,143,57,40,126.83208466,37.56381607
2026-06-15T15:02:30.969182+09:00,서울식물원·마곡나루역,서울식물원·마곡나루역,POI032,KEY_3,6177. 마곡롯데캐슬르웨스트,ST-3324,160,16,10,126.82462311,37.56356049
2026-06-15T15:02:30.969182+09:00,서울식물원·마곡나루역,서울식물원·마곡나루역,POI032,KEY_3,5098. LG사이언스파크 W4동,ST-3261,60,12,20,126.82978821,37.56403732
2026-06-15T15:02:30.969182+09:00,서울역,서울역,POI033,KEY_4,435. SK 남산빌딩,ST-1670,90,9,10,126.97561646,37.55686188
2026-06-15T15:02:30.969182+09:00,서울역,서울역,POI033,KEY_4,379. 서울역9번출구,ST-194,143,10,7,126.97330475,37.55580521
2026-06-15T15:02:30.969182+09:00,서울역,서울역,POI033,KEY_4,485.서울역5번출구,ST-1791,70,7,10,126.97319794,37.55677032
2026-06-15T15:02:30.969182+09:00,서울역,서울역,POI033,KEY_4,6062.서울역파출소,ST-3413,10,1,10,126.97183228,37.55709457
2026-06-15T15:02:30.969182+09:00,서울역,서울역,POI033,KEY_4,4794. 서울역 서부교차로(3),ST-2786,13,1,8,126.96942139,37.55540848
2026-06-15T15:02:30.969182+09:00,서울역,서울역,POI033,KEY_4,4760. 서울역 7번출구,ST-2430,40,4,10,126.97364044,37.55664444
2026-06-15T15:02:30.969182+09:00,선릉역,선릉역,POI034,KEY_1,2319. 포스코사거리 서측(수협 삼성동 지점),ST-802,120,12,10,127.05467987,37.50660706
2026-06-15T15:02:30.969182+09:00,선릉역,선릉역,POI034,KEY_1,2328. 르네상스 호텔 사거리 역삼지하보도 7번출구 앞,ST-811,190,19,10,127.04273224,37.50321198
2026-06-15T15:02:30.969182+09:00,선릉역,선릉역,POI034,KEY_1,2369. KT선릉타워,ST-1178,85,17,20,127.0528717,37.50542831
2026-06-15T15:02:30.969182+09:00,선릉역,선릉역,POI034,KEY_1,2329. 르네상스호텔사거리 역삼지하보도 2번출구,ST-812,30,3,10,127.04319,37.50235748
2026-06-15T15:02:30.969182+09:00,선릉역,선릉역,POI034,KEY_1,2332. 선릉역3번출구,ST-815,50,4,8,127.04903412,37.50410461
2026-06-15T15:02:30.969182+09:00,성신여대입구역,성신여대입구역,POI035,KEY_2,1384.성신여대입구역 5번출구,ST-2225,138,18,13,127.01628876,37.59282684
2026-06-15T15:02:30.969182+09:00,성신여대입구역,성신여대입구역,POI035,KEY_2,1385.성신여대입구역 3번출구 앞,ST-2226,170,17,10,127.01628876,37.59236526
2026-06-15T15:02:30.969182+09:00,성신여대입구역,성신여대입구역,POI035,KEY_2,1337. 돈암성당 옆,ST-1201,62,8,13,127.01716614,37.59039307
2026-06-15T15:02:30.969182+09:00,수유역,수유역,POI036,KEY_3,1530. 광산사거리,ST-1104,100,13,13,127.0223465,37.64355087
2026-06-15T15:02:30.969182+09:00,수유역,수유역,POI036,KEY_3,1512. 강북중학교 앞,ST-862,65,13,20,127.02656555,37.64473724
2026-06-15T15:02:30.969182+09:00,수유역,수유역,POI036,KEY_3,1526. 강북종합시장 앞,ST-1100,38,3,8,127.02462769,37.64173889
2026-06-15T15:02:30.969182+09:00,수유역,수유역,POI036,KEY_3,1503. 강북구청사거리(수유역 8번출구),ST-643,221,31,14,127.02672577,37.63926315
2026-06-15T15:02:30.969182+09:00,수유역,수유역,POI036,KEY_3,1520. 수유중앙시장,ST-650,229,16,7,127.022789,37.63986206
2026-06-15T15:02:30.969182+09:00,수유역,수유역,POI036,KEY_3,1552. 강북구청사거리,ST-2125,63,5,8,127.02723694,37.63920212
2026-06-15T15:02:30.969182+09:00,수유역,수유역,POI036,KEY_3,1535. 효성인텔리안 앞,ST-1109,130,13,10,127.02337646,37.6362915
2026-06-15T15:02:30.969182+09:00,수유역,수유역,POI036,KEY_3,1569.수유역2번출구,ST-2137,190,19,10,127.02590179,37.63796997
2026-06-15T15:02:30.969182+09:00,숭례문,숭례문,POI131,KEY_4,445.대한상공회의소,ST-1771,133,20,15,126.97410583,37.56015396
2026-06-15T15:02:30.969182+09:00,숭례문,숭례문,POI131,KEY_4,6060. 신한은행 본점,ST-3342,113,9,8,126.97480774,37.56077576
2026-06-15T15:02:30.969182+09:00,시의회 앞,시의회 앞,POI130,KEY_1,310. 청계광장 옆,ST-126,350,28,8,126.9774704,37.56887817
2026-06-15T15:02:30.969182+09:00,시의회 앞,시의회 앞,POI130,KEY_1,6058. 시청역 2번출구,ST-3297,240,36,15,126.97702026,37.56557846
2026-06-15T15:02:30.969182+09:00,신논현역·논현역,신논현역·논현역,POI037,KEY_2,2302. 교보타워 버스정류장(신논현역 3번출구 후면),ST-787,50,5,10,127.02427673,37.5055809
2026-06-15T15:02:30.969182+09:00,신논현역·논현역,신논현역·논현역,POI037,KEY_2,2542.신논현타워 앞,ST-1926,0,0,10,127.02391052,37.50508881
2026-06-15T15:02:30.969182+09:00,신논현역·논현역,신논현역·논현역,POI037,KEY_2,4347. 논현지하보도,ST-3332,20,2,10,127.02232361,37.50836945
2026-06-15T15:02:30.969182+09:00,신림역,신림역,POI039,KEY_4,2175. 신림동걷고싶은문화의거리입구,ST-1270,57,4,7,126.92870331,37.48730087
2026-06-15T15:02:30.969182+09:00,신림역,신림역,POI039,KEY_4,2102. 봉림교 교통섬,ST-702,108,14,13,126.92688751,37.48408508
2026-06-15T15:02:30.969182+09:00,신림역,신림역,POI039,KEY_4,2136. 신림역 8번출구,ST-976,275,22,8,126.93006897,37.48450851
2026-06-15T15:02:30.969182+09:00,신정네거리역,신정네거리역,POI117,KEY_1,722. 경서농협 버스정류장(우리은행신정동지점방향),ST-993,50,5,10,126.85738373,37.52151108
2026-06-15T15:02:30.969182+09:00,신정네거리역,신정네거리역,POI117,KEY_1,706. 신정네거리역,ST-313,113,17,15,126.85175323,37.5218811
2026-06-15T15:02:30.969182+09:00,신정네거리역,신정네거리역,POI117,KEY_1,4510. 신정네거리역 교차로,ST-2762,38,5,13,126.85228729,37.52175903
2026-06-15T15:02:30.969182+09:00,신정네거리역,신정네거리역,POI117,KEY_1,4507. 신정제일시장,ST-2759,40,4,10,126.85499573,37.52122498
2026-06-15T15:02:30.969182+09:00,신정네거리역,신정네거리역,POI117,KEY_1,4509. 서울영상고교 입구,ST-2761,133,20,15,126.85928345,37.52198029
2026-06-15T15:02:30.969182+09:00,신촌·이대역,신촌·이대역,POI040,KEY_2,128. 신촌역(2호선) 1번출구 옆,ST-30,26,5,19,126.93634033,37.55549622
2026-06-15T15:02:30.969182+09:00,신촌·이대역,신촌·이대역,POI040,KEY_2,134. 연세로 명물길,ST-36,163,13,8,126.93807983,37.55789185
2026-06-15T15:02:30.969182+09:00,신촌·이대역,신촌·이대역,POI040,KEY_2,129. 신촌역(2호선) 6번출구 옆,ST-31,80,8,10,126.93756866,37.55505371
2026-06-15T15:02:30.969182+09:00,신촌·이대역,신촌·이대역,POI040,KEY_2,130. 신촌역(2호선) 7번출구 앞,ST-32,80,8,10,126.93626404,37.5550499
2026-06-15T15:02:30.969182+09:00,신촌·이대역,신촌·이대역,POI040,KEY_2,137. 신촌기차역입구 교차로,ST-39,30,3,10,126.9431839,37.55681229
2026-06-15T15:02:30.969182+09:00,신촌·이대역,신촌·이대역,POI040,KEY_2,135. 명물길 원형무대 앞,ST-37,130,13,10,126.93984222,37.55922699
2026-06-15T15:02:30.969182+09:00,신촌·이대역,신촌·이대역,POI040,KEY_2,150. 서강대역 2번출구 앞,ST-207,0,0,15,126.93434143,37.55295563
2026-06-15T15:02:30.969182+09:00,신촌·이대역,신촌·이대역,POI040,KEY_2,3116.신촌역 4번출구,ST-2201,40,4,10,126.93720245,37.55550385
2026-06-15T15:02:30.969182+09:00,신촌·이대역,신촌·이대역,POI040,KEY_2,4274. 신촌 파랑고래 입구,ST-3140,60,6,10,126.93603516,37.55687714
2026-06-15T15:02:30.969182+09:00,신촌·이대역,신촌·이대역,POI040,KEY_2,4248. 신촌 교보빌딩,ST-3021,10,1,10,126.94034576,37.5560112
2026-06-15T15:02:30.969182+09:00,쌍문역,쌍문역,POI070,KEY_3,1774.정의여중고 버스정류소,ST-2119,50,4,8,127.034729,37.65134811
2026-06-15T15:02:30.969182+09:00,쌍문역,쌍문역,POI070,KEY_3,1754. 창동시장입구 사거리,ST-2099,55,6,11,127.03343201,37.64689636
2026-06-15T15:02:30.969182+09:00,쌍문역,쌍문역,POI070,KEY_3,1709. 쌍문역4번출구 주변,ST-616,200,34,17,127.03534698,37.65012741
2026-06-15T15:02:30.969182+09:00,쌍문역,쌍문역,POI070,KEY_3,4054. 창동한신아파트 버스정류소,ST-2722,140,14,10,127.03527069,37.64601898
2026-06-15T15:02:30.969182+09:00,양재역,양재역,POI041,KEY_4,2242.양재역 10번 출구 앞,ST-767,25,5,20,127.03417969,37.48398972
2026-06-15T15:02:30.969182+09:00,양재역,양재역,POI041,KEY_4,2333. 양재역 3번출구 주변,ST-816,114,16,14,127.03407288,37.48515701
2026-06-15T15:02:30.969182+09:00,양재역,양재역,POI041,KEY_4,2293. SPC 앞,ST-1360,30,3,10,127.03699493,37.48479843
2026-06-15T15:02:30.969182+09:00,양재역,양재역,POI041,KEY_4,4329. SC제일은행 양재동지점 앞,ST-2962,250,20,8,127.03315735,37.48573685
2026-06-15T15:02:30.969182+09:00,역삼역,역삼역,POI042,KEY_1,2430.강남파이낸스센터앞(역삼역2번출구),ST-1896,130,13,10,127.03605652,37.50024414
2026-06-15T15:02:30.969182+09:00,역삼역,역삼역,POI042,KEY_1,2410. 포스코피앤에스타워 (역삼역 3번출구 부근),ST-1680,260,26,10,127.03375244,37.49959946
2026-06-15T15:02:30.969182+09:00,역삼역,역삼역,POI042,KEY_1,2349. 역삼빌딩 앞(하나은행 옆),ST-959,75,9,12,127.03856659,37.50154495
2026-06-15T15:02:30.969182+09:00,연신내역,연신내역,POI043,KEY_2,949. 연신내역 1번 출구,ST-1035,300,18,6,126.92080688,37.61978149
2026-06-15T15:02:30.969182+09:00,연신내역,연신내역,POI043,KEY_2,906. 연신내역 5번출구,ST-454,163,13,8,126.91957855,37.61721039
2026-06-15T15:02:30.969182+09:00,연신내역,연신내역,POI043,KEY_2,922. 연신내역 4번출구,ST-470,40,4,10,126.92196655,37.61780167
2026-06-15T15:02:30.969182+09:00,오목교역·목동운동장,오목교역·목동운동장,POI044,KEY_3,769.CBS방송국 앞,ST-1995,420,84,20,126.87467194,37.52785492
2026-06-15T15:02:30.969182+09:00,오목교역·목동운동장,오목교역·목동운동장,POI044,KEY_3,792.목동트라팰리스 웨스턴에비뉴,ST-2017,85,17,20,126.8709259,37.52537155
2026-06-15T15:02:30.969182+09:00,오목교역·목동운동장,오목교역·목동운동장,POI044,KEY_3,765. 오목교역 3번출구,ST-1731,200,24,12,126.87548065,37.52477646
2026-06-15T15:02:30.969182+09:00,오목교역·목동운동장,오목교역·목동운동장,POI044,KEY_3,756. 목동주차장,ST-1497,107,16,15,126.8761673,37.52667999
2026-06-15T15:02:30.969182+09:00,오목교역·목동운동장,오목교역·목동운동장,POI044,KEY_3,723. SBS방송국,ST-994,380,57,15,126.87274933,37.52916336
2026-06-15T15:02:30.969182+09:00,오목교역·목동운동장,오목교역·목동운동장,POI044,KEY_3,771.목동아파트 703동 앞,ST-1997,138,11,8,126.87016296,37.52820587
2026-06-15T15:02:30.969182+09:00,오목교역·목동운동장,오목교역·목동운동장,POI044,KEY_3,748. 목동운동장,ST-1019,113,17,15,126.87930298,37.53025055
2026-06-15T15:02:30.969182+09:00,오목교역·목동운동장,오목교역·목동운동장,POI044,KEY_3,703. 오목교역 7번출구 앞,ST-311,283,34,12,126.87524414,37.52362823
2026-06-15T15:02:30.969182+09:00,오목교역·목동운동장,오목교역·목동운동장,POI044,KEY_3,762. 오목로 무중력지대 앞,ST-1503,150,15,10,126.87766266,37.52474213
2026-06-15T15:02:30.969182+09:00,오목교역·목동운동장,오목교역·목동운동장,POI044,KEY_3,747. 목동3단지 상가,ST-1018,100,10,10,126.8756485,37.53458023
2026-06-15T15:02:30.969182+09:00,오목교역·목동운동장,오목교역·목동운동장,POI044,KEY_3,731. 서울시 도로환경관리센터,ST-1002,180,18,10,126.87654114,37.5298996
2026-06-15T15:02:30.969182+09:00,오목교역·목동운동장,오목교역·목동운동장,POI044,KEY_3,791.현대하이페리온,ST-2016,293,44,15,126.86980438,37.52490234
2026-06-15T15:02:30.969182+09:00,오목교역·목동운동장,오목교역·목동운동장,POI044,KEY_3,4532. 목동현대아파트 후문 앞,ST-2879,70,7,10,126.87805939,37.5221405
2026-06-15T15:02:30.969182+09:00,오목교역·목동운동장,오목교역·목동운동장,POI044,KEY_3,4543. 오목교역 6번 출구,ST-3163,322,29,9,126.87567139,37.5236702
2026-06-15T15:02:30.969182+09:00,오목교역·목동운동장,오목교역·목동운동장,POI044,KEY_3,4514. 목동성당 앞,ST-2764,30,6,20,126.86930084,37.52319717
2026-06-15T15:02:30.969182+09:00,오목교역·목동운동장,오목교역·목동운동장,POI044,KEY_3,4546. 목동운동장 주경기장,ST-3227,247,74,30,126.88307953,37.52937698
2026-06-15T15:02:30.969182+09:00,왕십리역,왕십리역,POI045,KEY_4,558. 성동광진 교육지원청 앞,ST-359,165,33,20,127.03652191,37.56460571
2026-06-15T15:02:30.969182+09:00,왕십리역,왕십리역,POI045,KEY_4,525. 한양대병원사거리,ST-241,150,30,20,127.04035187,37.55805206
2026-06-15T15:02:30.969182+09:00,왕십리역,왕십리역,POI045,KEY_4,559. 왕십리역 4번 출구 건너편,ST-360,100,13,13,127.03679657,37.56109619
2026-06-15T15:02:30.969182+09:00,왕십리역,왕십리역,POI045,KEY_4,3561.행당동 삼부APT후문,ST-2343,50,5,10,127.03839874,37.55926895
2026-06-15T15:02:30.969182+09:00,왕십리역,왕십리역,POI045,KEY_4,3545.한양대역 1번출구,ST-2327,210,21,10,127.04335785,37.55657959
2026-06-15T15:02:30.969182+09:00,용산역,용산역,POI046,KEY_1,853.용산역 맞은편,ST-2177,58,11,19,126.96595001,37.52841568
2026-06-15T15:02:30.969182+09:00,용산역,용산역,POI046,KEY_1,806. 전자랜드 본관 앞,ST-327,25,5,20,126.96073151,37.5330658
2026-06-15T15:02:30.969182+09:00,용산역,용산역,POI046,KEY_1,845. 용산 선인상가,ST-1615,44,7,16,126.96437836,37.53269958
2026-06-15T15:02:30.969182+09:00,용산역,용산역,POI046,KEY_1,4617. 동원베네스트 건너편,ST-2448,100,6,6,126.95511627,37.52761078
2026-06-15T15:02:30.969182+09:00,용산역,용산역,POI046,KEY_1,4616. 신용산지하차도 앞,ST-2447,7,1,15,126.96411896,37.53248215
2026-06-15T15:02:30.969182+09:00,잠실새내역,잠실새내역,POI118,KEY_3,1224. 아시아지하보도 2번 출구,ST-548,33,5,15,127.07893372,37.51216888
2026-06-15T15:02:30.969182+09:00,잠실새내역,잠실새내역,POI118,KEY_3,1222. 잠실새내역 5번 출구 뒤,ST-547,30,7,23,127.08505249,37.51198196
2026-06-15T15:02:30.969182+09:00,잠실새내역,잠실새내역,POI118,KEY_3,2635.잠실새내역 1번출구,ST-1862,52,11,21,127.08673859,37.51129532
2026-06-15T15:02:30.969182+09:00,잠실새내역,잠실새내역,POI118,KEY_3,2637. 아시아지하보도 14번 출구,ST-1864,87,13,15,127.07881165,37.51146317
2026-06-15T15:02:30.969182+09:00,잠실역,잠실역,POI119,KEY_4,1232. 잠실주공 521동 건너편,ST-550,120,12,10,127.09568787,37.51184082
2026-06-15T15:02:30.969182+09:00,잠실역,잠실역,POI119,KEY_4,1210. 롯데월드타워(잠실역2번출구 쪽),ST-891,323,97,30,127.10095978,37.51312637
2026-06-15T15:02:30.969182+09:00,잠실역,잠실역,POI119,KEY_4,1231. 잠실역 6번출구,ST-840,254,33,13,127.09902954,37.51408768
2026-06-15T15:02:30.969182+09:00,잠실역,잠실역,POI119,KEY_4,2647.잠실 자전거 수리센터 앞,ST-1868,300,21,7,127.10114288,37.51100922
2026-06-15T15:02:30.969182+09:00,장지역,장지역,POI048,KEY_1,1266. 문정동 글샘 공원,ST-1085,30,3,10,127.12000275,37.47880936
2026-06-15T15:02:30.969182+09:00,장지역,장지역,POI048,KEY_1,1247. 문정 법조단지11,ST-907,20,3,15,127.12351227,37.4788208
2026-06-15T15:02:30.969182+09:00,장지역,장지역,POI048,KEY_1,1246. 문정 법조단지10,ST-906,97,29,30,127.12632751,37.47750854
2026-06-15T15:02:30.969182+09:00,장지역,장지역,POI048,KEY_1,1244. 문정 법조단지8,ST-904,0,0,11,127.12212372,37.48153687
2026-06-15T15:02:30.969182+09:00,장지역,장지역,POI048,KEY_1,1245. 문정 법조단지9,ST-905,10,1,10,127.12532806,37.47946548
2026-06-15T15:02:30.969182+09:00,장지역,장지역,POI048,KEY_1,4491. 장지역 1번출구,ST-2599,80,8,10,127.12678528,37.47953415
2026-06-15T15:02:30.969182+09:00,장지역,장지역,POI048,KEY_1,4885. 가든파이브 리빙관,ST-2985,213,17,8,127.123703,37.47709656
2026-06-15T15:02:30.969182+09:00,장한평역,장한평역,POI049,KEY_2,626. 군자교 서측 녹지대,ST-394,182,31,17,127.07096863,37.56115341
2026-06-15T15:02:30.969182+09:00,장한평역,장한평역,POI049,KEY_2,529. 장한평역 8번 출구 앞,ST-243,75,6,8,127.06365967,37.56137085
2026-06-15T15:02:30.969182+09:00,장한평역,장한평역,POI049,KEY_2,4385. 용답동 우체국 주변,ST-3099,120,6,5,127.06151581,37.56168747
2026-06-15T15:02:30.969182+09:00,장한평역,장한평역,POI049,KEY_2,4105. 서울교통공사사거리 교통섬,ST-2499,40,4,10,127.05799103,37.56324005
2026-06-15T15:02:30.969182+09:00,천호역,천호역,POI050,KEY_3,1009. 천호역4번출구(현대백화점),ST-493,265,53,20,127.12424469,37.53866577
2026-06-15T15:02:30.969182+09:00,천호역,천호역,POI050,KEY_3,1264. 천호역 10번 출구 앞,ST-1083,175,14,8,127.12280273,37.53858185
2026-06-15T15:02:30.969182+09:00,천호역,천호역,POI050,KEY_3,3657. 서울천호동우체국,ST-2732,150,15,10,127.12576294,37.54074097
2026-06-15T15:02:30.969182+09:00,총신대입구(이수)역,총신대입구(이수)역,POI051,KEY_4,2082.7호선 이수역7번출구,ST-2355,140,14,10,126.98179626,37.4846077
2026-06-15T15:02:30.969182+09:00,총신대입구(이수)역,총신대입구(이수)역,POI051,KEY_4,2264. 이수역 1번출구,ST-935,167,15,9,126.98271942,37.48897171
2026-06-15T15:02:30.969182+09:00,총신대입구(이수)역,총신대입구(이수)역,POI051,KEY_4,2511. 이수역 6번출구 앞,ST-1739,100,10,10,126.98234558,37.48398972
2026-06-15T15:02:30.969182+09:00,총신대입구(이수)역,총신대입구(이수)역,POI051,KEY_4,2091. 이수역9번출구,ST-2364,80,12,15,126.98059082,37.48470306
2026-06-15T15:02:30.969182+09:00,총신대입구(이수)역,총신대입구(이수)역,POI051,KEY_4,2032. 이수역 11번출구쪽,ST-923,270,27,10,126.98162079,37.48550797
2026-06-15T15:02:30.969182+09:00,충정로역,충정로역,POI052,KEY_1,180. 충정로역 7번출구 아래,ST-233,10,1,10,126.96246338,37.55996704
2026-06-15T15:02:30.969182+09:00,충정로역,충정로역,POI052,KEY_1,3134.SK리쳄블(서울아리수본부),ST-2219,40,4,10,126.96658325,37.56131744
2026-06-15T15:02:30.969182+09:00,충정로역,충정로역,POI052,KEY_1,3114.충정로역 3번 출구,ST-2198,29,2,7,126.96552277,37.56046295
2026-06-15T15:02:30.969182+09:00,충정로역,충정로역,POI052,KEY_1,4801. 충정로역 2호선(엘리베이터 앞),ST-3053,220,11,5,126.96414185,37.55937576
2026-06-15T15:02:30.969182+09:00,충정로역,충정로역,POI052,KEY_1,4271. 충정로역 1번 출구,ST-3107,0,0,7,126.96305847,37.55942535
2026-06-15T15:02:30.969182+09:00,충정로역,충정로역,POI052,KEY_1,4266.국민연금공단충정로사옥,ST-3027,22,2,9,126.96414948,37.56184769
2026-06-15T15:02:30.969182+09:00,충정로역,충정로역,POI052,KEY_1,4752. 삼성사이버빌리지아파트,ST-2624,0,0,7,126.96485901,37.55891418
2026-06-15T15:02:30.969182+09:00,합정역,합정역,POI053,KEY_2,105. 합정역 5번출구 앞,ST-7,0,0,5,126.91482544,37.55000687
2026-06-15T15:02:30.969182+09:00,합정역,합정역,POI053,KEY_2,497.합정동주민센터 앞,ST-2156,52,13,25,126.91230011,37.551754
2026-06-15T15:02:30.969182+09:00,합정역,합정역,POI053,KEY_2,106. 합정역 7번출구 앞,ST-8,83,10,12,126.91282654,37.54864502
2026-06-15T15:02:30.969182+09:00,합정역,합정역,POI053,KEY_2,4211. 시석빌딩 앞,ST-2534,138,11,8,126.91671753,37.54836655
2026-06-15T15:02:30.969182+09:00,혜화역,혜화역,POI054,KEY_3,342. 대학로 마로니에공원,ST-158,9,2,22,127.00234222,37.58044434
2026-06-15T15:02:30.969182+09:00,혜화역,혜화역,POI054,KEY_3,341. 혜화역 3번출구 뒤,ST-157,25,2,8,127.00178528,37.58156967
2026-06-15T15:02:30.969182+09:00,혜화역,혜화역,POI054,KEY_3,358. 성균관대입구 사거리 A,ST-173,69,9,13,126.99853516,37.58250046
2026-06-15T15:02:30.969182+09:00,혜화역,혜화역,POI054,KEY_3,3419.국립어린이과학관,ST-1816,29,4,14,126.99736786,37.58194733
2026-06-15T15:02:30.969182+09:00,혜화역,혜화역,POI054,KEY_3,3420. 성균관대입구 사거리 B,ST-1817,10,1,10,126.99885559,37.58327484
2026-06-15T15:02:30.969182+09:00,혜화역,혜화역,POI054,KEY_3,3421.혜화역 1번출구,ST-1818,20,2,10,127.00185394,37.58385468
2026-06-15T15:02:30.969182+09:00,홍대입구역(2호선),홍대입구역(2호선),POI055,KEY_4,113. 홍대입구역 2번출구 앞,ST-18,132,37,28,126.9238205,37.5574379
2026-06-15T15:02:30.969182+09:00,홍대입구역(2호선),홍대입구역(2호선),POI055,KEY_4,114. 홍대입구역 8번출구 앞,ST-20,80,12,15,126.92442322,37.55706024
2026-06-15T15:02:30.969182+09:00,회기역,회기역,POI056,KEY_1,680.꿈마루어린이도서관 앞,ST-2280,95,21,22,127.05741119,37.59238434
2026-06-15T15:02:30.969182+09:00,회기역,회기역,POI056,KEY_1,670.삼육서울병원 버스정류장,ST-2270,300,27,9,127.06151581,37.5896759
2026-06-15T17:26:19.150932+09:00,광화문·덕수궁,광화문·덕수궁,POI009,KEY_2,391. 시립미술관,ST-977,38,3,8,126.97340393,37.56505203
2026-06-15T17:26:19.150932+09:00,광화문·덕수궁,광화문·덕수궁,POI009,KEY_2,310. 청계광장 옆,ST-126,338,27,8,126.9774704,37.56887817
2026-06-15T17:26:19.150932+09:00,광화문·덕수궁,광화문·덕수궁,POI009,KEY_2,4719. 종로문화원 건너편,ST-3090,0,0,15,126.9805069,37.57571411
2026-06-15T17:26:19.150932+09:00,광화문·덕수궁,광화문·덕수궁,POI009,KEY_2,6058. 시청역 2번출구,ST-3297,233,35,15,126.97702026,37.56557846
2026-06-15T17:26:19.150932+09:00,광화문·덕수궁,광화문·덕수궁,POI009,KEY_2,4796. 서울시청,ST-2693,165,33,20,126.97925568,37.5664711
2026-06-15T17:26:19.150932+09:00,보신각,보신각,POI010,KEY_3,316. 종각역 1번출구 앞,ST-132,63,5,8,126.98178864,37.57039642
2026-06-15T17:26:19.150932+09:00,보신각,보신각,POI010,KEY_3,385. 종각역 5번출구,ST-336,120,12,10,126.98265839,37.56983566
2026-06-15T17:26:19.150932+09:00,보신각,보신각,POI010,KEY_3,3408.종로타워빌딩,ST-1805,62,8,13,126.98323822,37.57070541
2026-06-15T17:26:19.150932+09:00,보신각,보신각,POI010,KEY_3,4708. 조계사앞사거리,ST-2472,0,0,6,126.98283386,37.5721817
2026-06-15T17:26:19.150932+09:00,창덕궁·종묘,창덕궁·종묘,POI012,KEY_1,337. 창경궁 입구,ST-153,40,2,5,126.99647522,37.57897949
2026-06-15T17:26:19.150932+09:00,창덕궁·종묘,창덕궁·종묘,POI012,KEY_1,339. 종로4가 사거리,ST-155,90,9,10,126.99819183,37.57106781
2026-06-15T17:26:19.150932+09:00,창덕궁·종묘,창덕궁·종묘,POI012,KEY_1,338. 세운스퀘어 앞,ST-154,6,1,18,126.99712372,37.57095718
2026-06-15T17:26:19.150932+09:00,창덕궁·종묘,창덕궁·종묘,POI012,KEY_1,359. 원남동사거리,ST-174,125,10,8,126.99768066,37.57606125
2026-06-15T17:26:19.150932+09:00,창덕궁·종묘,창덕궁·종묘,POI012,KEY_1,3413.종로플레이스,ST-1810,14,3,22,126.99796295,37.57320023
2026-06-15T17:26:19.150932+09:00,창덕궁·종묘,창덕궁·종묘,POI012,KEY_1,3410.종로3가역 8번출구,ST-1807,0,0,10,126.99188995,37.5724678
2026-06-15T17:26:19.150932+09:00,창덕궁·종묘,창덕궁·종묘,POI012,KEY_1,3411.종묘,ST-1808,33,3,9,126.99437714,37.57072067
2026-06-15T17:26:19.150932+09:00,동대문 관광특구,동대문 관광특구,POI002,KEY_3,474.동대문역사문화공원역 1번출구 뒤편,ST-1780,55,22,40,127.00849152,37.56629944
2026-06-15T17:26:19.150932+09:00,동대문 관광특구,동대문 관광특구,POI002,KEY_3,346. 맥스타일 앞,ST-162,190,19,10,127.01014709,37.5689621
2026-06-15T17:26:19.150932+09:00,동대문 관광특구,동대문 관광특구,POI002,KEY_3,475.DDP 패션몰,ST-1781,24,5,21,127.0118103,37.56764984
2026-06-15T17:26:19.150932+09:00,동대문 관광특구,동대문 관광특구,POI002,KEY_3,383. 신당역 12번 출구 뒤,ST-198,46,11,24,127.01642609,37.56591797
2026-06-15T17:26:19.150932+09:00,동대문 관광특구,동대문 관광특구,POI002,KEY_3,347. 동대문역사문화공원역 9번출구 앞,ST-163,28,5,18,127.00784302,37.56533051
2026-06-15T17:26:19.150932+09:00,동대문 관광특구,동대문 관광특구,POI002,KEY_3,6061.충무아트센터,ST-3381,150,15,10,127.01522064,37.56538773
2026-06-15T17:26:19.150932+09:00,동대문 관광특구,동대문 관광특구,POI002,KEY_3,4765. 동대문디자인플라자,ST-2431,125,25,20,127.00946045,37.5683136
2026-06-15T17:26:19.150932+09:00,명동 관광특구,명동 관광특구,POI003,KEY_4,318. 광교사거리 남측,ST-134,20,2,10,126.98231506,37.56863403
2026-06-15T17:26:19.150932+09:00,명동 관광특구,명동 관광특구,POI003,KEY_4,466.롯데호텔,ST-1772,138,18,13,126.97981262,37.56584167
2026-06-15T17:26:19.150932+09:00,명동 관광특구,명동 관광특구,POI003,KEY_4,310. 청계광장 옆,ST-126,338,27,8,126.9774704,37.56887817
2026-06-15T17:26:19.150932+09:00,명동 관광특구,명동 관광특구,POI003,KEY_4,433. 을지로입구역 2번출구,ST-1668,142,17,12,126.98229218,37.56634521
2026-06-15T17:26:19.150932+09:00,명동 관광특구,명동 관광특구,POI003,KEY_4,320. 을지로입구역 4번출구 앞,ST-136,76,13,17,126.98358917,37.56622314
2026-06-15T17:26:19.150932+09:00,명동 관광특구,명동 관광특구,POI003,KEY_4,331. 을지로2가 사거리 북측,ST-147,120,12,10,126.98720551,37.56638336
2026-06-15T17:26:19.150932+09:00,명동 관광특구,명동 관광특구,POI003,KEY_4,322. 명동성당 앞,ST-138,30,3,10,126.98696899,37.56447601
2026-06-15T17:26:19.150932+09:00,명동 관광특구,명동 관광특구,POI003,KEY_4,324. 신세계백화점 본점 앞,ST-140,113,9,8,126.9805069,37.56134415
2026-06-15T17:26:19.150932+09:00,명동 관광특구,명동 관광특구,POI003,KEY_4,398. 을지로3가역 3번출구,ST-1435,38,3,8,126.99249268,37.56660461
2026-06-15T17:26:19.150932+09:00,명동 관광특구,명동 관광특구,POI003,KEY_4,321. KEB 하나금융그룹 명동사옥 옆,ST-137,33,5,15,126.98413849,37.56546402
2026-06-15T17:26:19.150932+09:00,명동 관광특구,명동 관광특구,POI003,KEY_4,3013.서울지방고용노동청 앞,ST-2422,543,38,7,126.98725891,37.56760406
2026-06-15T17:26:19.150932+09:00,명동 관광특구,명동 관광특구,POI003,KEY_4,4762. 국제빌딩,ST-2517,40,4,10,126.98244476,37.56694794
2026-06-15T17:26:19.150932+09:00,명동 관광특구,명동 관광특구,POI003,KEY_4,4791. 명동역9번 출구,ST-2527,20,2,10,126.98749542,37.56122589
2026-06-15T17:26:19.150932+09:00,명동 관광특구,명동 관광특구,POI003,KEY_4,4776. 신세계면세점,ST-2522,40,4,10,126.98139191,37.56027603
2026-06-15T17:26:19.150932+09:00,명동 관광특구,명동 관광특구,POI003,KEY_4,6058. 시청역 2번출구,ST-3297,233,35,15,126.97702026,37.56557846
2026-06-15T17:26:19.150932+09:00,명동 관광특구,명동 관광특구,POI003,KEY_4,4775. 을지로지하쇼핑센터,ST-2521,20,2,10,126.98445129,37.56589127
2026-06-15T17:26:19.150932+09:00,명동 관광특구,명동 관광특구,POI003,KEY_4,4796. 서울시청,ST-2693,165,33,20,126.97925568,37.5664711
2026-06-15T17:26:19.150932+09:00,명동 관광특구,명동 관광특구,POI003,KEY_4,4774. 을지로입구역 8번출구,ST-2520,44,4,9,126.98178101,37.56590271
2026-06-15T17:26:19.150932+09:00,이태원 관광특구,이태원 관광특구,POI004,KEY_1,854.HID 유족동지회 앞,ST-2178,0,0,10,127.0014801,37.53850937
2026-06-15T17:26:19.150932+09:00,이태원 관광특구,이태원 관광특구,POI004,KEY_1,857. 현대 안성타워,ST-2181,0,0,10,126.99797058,37.53508759
2026-06-15T17:26:19.150932+09:00,이태원 관광특구,이태원 관광특구,POI004,KEY_1,843. 이태원관광특구 입구(용산구청방향),ST-1445,0,0,19,126.98867035,37.53379822
2026-06-15T17:26:19.150932+09:00,이태원 관광특구,이태원 관광특구,POI004,KEY_1,4613. 서울갤러리아 앞,ST-2445,40,2,5,126.99937439,37.53597641
2026-06-15T17:26:19.150932+09:00,이태원 관광특구,이태원 관광특구,POI004,KEY_1,4634. 이태원역 3번 출구,ST-3056,0,0,5,126.99497223,37.5343895
2026-06-15T17:26:19.150932+09:00,이태원 관광특구,이태원 관광특구,POI004,KEY_1,4612. 이태원로 255,ST-2444,20,1,5,127.00084686,37.53749847
2026-06-15T17:26:19.150932+09:00,이태원 관광특구,이태원 관광특구,POI004,KEY_1,4623. 라인프랜즈이태원점 앞,ST-2453,10,1,10,126.99619293,37.53453064
2026-06-15T17:26:19.150932+09:00,잠실 관광특구,잠실 관광특구,POI005,KEY_2,1297. 석촌호수교차로(동호 팔각정 앞),ST-1586,20,3,15,127.10411835,37.50920105
2026-06-15T17:26:19.150932+09:00,잠실 관광특구,잠실 관광특구,POI005,KEY_2,1267. 올림픽공원 남2문 앞,ST-1086,14,2,14,127.12306976,37.51424026
2026-06-15T17:26:19.150932+09:00,잠실 관광특구,잠실 관광특구,POI005,KEY_2,1296. 석촌호수교차로 (송파나루근린공원 앞),ST-1585,30,3,10,127.1034317,37.50867844
2026-06-15T17:26:19.150932+09:00,잠실 관광특구,잠실 관광특구,POI005,KEY_2,1268. 몽촌토성역 1번출구 옆,ST-1087,13,2,15,127.11419678,37.51728821
2026-06-15T17:26:19.150932+09:00,잠실 관광특구,잠실 관광특구,POI005,KEY_2,1210. 롯데월드타워(잠실역2번출구 쪽),ST-891,270,81,30,127.10095978,37.51312637
2026-06-15T17:26:19.150932+09:00,잠실 관광특구,잠실 관광특구,POI005,KEY_2,1233. 잠실3거리(갤러리아팰리스),ST-551,22,2,9,127.09336853,37.51050949
2026-06-15T17:26:19.150932+09:00,잠실 관광특구,잠실 관광특구,POI005,KEY_2,1232. 잠실주공 521동 건너편,ST-550,70,7,10,127.09568787,37.51184082
2026-06-15T17:26:19.150932+09:00,잠실 관광특구,잠실 관광특구,POI005,KEY_2,2608. 송파구청,ST-1681,220,22,10,127.10611725,37.51499176
2026-06-15T17:26:19.150932+09:00,잠실 관광특구,잠실 관광특구,POI005,KEY_2,2601. 석촌호수 아뜰리에,ST-1590,31,5,16,127.09883118,37.5067482
2026-06-15T17:26:19.150932+09:00,잠실 관광특구,잠실 관광특구,POI005,KEY_2,2621. 한성백제역 2번 출구,ST-1719,27,4,15,127.11625671,37.51665878
2026-06-15T17:26:19.150932+09:00,잠실 관광특구,잠실 관광특구,POI005,KEY_2,2622. 올림픽공원역 3번출구,ST-1720,125,25,20,127.13059235,37.51625824
2026-06-15T17:26:19.150932+09:00,잠실 관광특구,잠실 관광특구,POI005,KEY_2,2647.잠실 자전거 수리센터 앞,ST-1868,71,5,7,127.10114288,37.51100922
2026-06-15T17:26:19.150932+09:00,잠실 관광특구,잠실 관광특구,POI005,KEY_2,4870. 몽촌토성역 3번 출구,ST-2876,0,0,10,127.11232758,37.5170784
2026-06-15T17:26:19.150932+09:00,잠실 관광특구,잠실 관광특구,POI005,KEY_2,4862. 성내교 남단,ST-2756,0,0,10,127.11588287,37.52301788
2026-06-15T17:26:19.150932+09:00,잠실 관광특구,잠실 관광특구,POI005,KEY_2,5781. 올림픽공원 수영장,ST-3300,71,10,14,127.12688446,37.52157211
2026-06-15T17:26:19.150932+09:00,잠실 관광특구,잠실 관광특구,POI005,KEY_2,4464. 올림픽공원 북2문 A,ST-2580,53,8,15,127.12804413,37.52357483
2026-06-15T17:26:19.150932+09:00,잠실 관광특구,잠실 관광특구,POI005,KEY_2,4857. 올림픽공원 장미광장,ST-2621,7,1,15,127.126297,37.51275635
2026-06-15T17:26:19.150932+09:00,잠실 관광특구,잠실 관광특구,POI005,KEY_2,4868. 석촌호수 서호 남단,ST-2833,20,2,10,127.10124207,37.50717163
2026-06-15T17:26:19.150932+09:00,잠실 관광특구,잠실 관광특구,POI005,KEY_2,5751. 송파여성축구장,ST-3069,20,2,10,127.11743927,37.52471542
2026-06-15T17:26:19.150932+09:00,잠실 관광특구,잠실 관광특구,POI005,KEY_2,5768.방이삼거리,ST-3214,300,36,12,127.10822296,37.51237488
2026-06-15T17:26:19.150932+09:00,잠실 관광특구,잠실 관광특구,POI005,KEY_2,4481. 올림픽공원 북2문 B,ST-2592,108,27,25,127.12751007,37.52397537
2026-06-15T17:26:19.150932+09:00,잠실 관광특구,잠실 관광특구,POI005,KEY_2,4856. 올림픽공원 서1문 앞,ST-2608,50,5,10,127.11457062,37.5202179
2026-06-15T17:26:19.150932+09:00,잠실 관광특구,잠실 관광특구,POI005,KEY_2,4865. 한성백제역 1번출구 뒤,ST-2797,60,3,5,127.1149826,37.51647949
2026-06-15T17:26:19.150932+09:00,종로·청계 관광특구,종로·청계 관광특구,POI006,KEY_3,397. 종묘공영주차장 건너편,ST-1432,31,4,13,126.99663544,37.57048035
2026-06-15T17:26:19.150932+09:00,종로·청계 관광특구,종로·청계 관광특구,POI006,KEY_3,335. 종로3가역 15번출구 뒤,ST-151,40,4,10,126.99165344,37.57019424
2026-06-15T17:26:19.150932+09:00,종로·청계 관광특구,종로·청계 관광특구,POI006,KEY_3,368. SK 서린빌딩 앞,ST-181,173,26,15,126.98053741,37.5692482
2026-06-15T17:26:19.150932+09:00,종로·청계 관광특구,종로·청계 관광특구,POI006,KEY_3,385. 종각역 5번출구,ST-336,120,12,10,126.98265839,37.56983566
2026-06-15T17:26:19.150932+09:00,종로·청계 관광특구,종로·청계 관광특구,POI006,KEY_3,393. 동대문역 8번 출구,ST-1372,67,8,12,127.00937653,37.57014084
2026-06-15T17:26:19.150932+09:00,종로·청계 관광특구,종로·청계 관광특구,POI006,KEY_3,329. 청계2가 사거리 옆,ST-145,25,2,8,126.98788452,37.56848526
2026-06-15T17:26:19.150932+09:00,종로·청계 관광특구,종로·청계 관광특구,POI006,KEY_3,455. 종로6가역 버스정류장(동대문 방향),ST-1608,125,10,8,127.00605774,37.570961
2026-06-15T17:26:19.150932+09:00,종로·청계 관광특구,종로·청계 관광특구,POI006,KEY_3,3412.세운상가,ST-1809,27,4,15,126.99454498,37.5703125
2026-06-15T17:26:19.150932+09:00,종로·청계 관광특구,종로·청계 관광특구,POI006,KEY_3,3415.동대문역6번출구,ST-1812,160,24,15,127.0107193,37.57147217
2026-06-15T17:26:19.150932+09:00,종로·청계 관광특구,종로·청계 관광특구,POI006,KEY_3,3432.종로2가 사거리,ST-1829,50,7,14,126.98880768,37.57001877
2026-06-15T17:26:19.150932+09:00,종로·청계 관광특구,종로·청계 관광특구,POI006,KEY_3,4707. 청계3가 사거리,ST-2513,20,1,5,126.99211884,37.56855774
2026-06-15T17:26:19.150932+09:00,홍대 관광특구,홍대 관광특구,POI007,KEY_4,113. 홍대입구역 2번출구 앞,ST-18,114,32,28,126.9238205,37.5574379
2026-06-15T17:26:19.150932+09:00,홍대 관광특구,홍대 관광특구,POI007,KEY_4,108. 서교동 사거리,ST-10,75,9,12,126.91861725,37.55274582
2026-06-15T17:26:19.150932+09:00,홍대 관광특구,홍대 관광특구,POI007,KEY_4,104. 합정역 1번출구 앞,ST-6,46,6,13,126.91508484,37.55073929
2026-06-15T17:26:19.150932+09:00,홍대 관광특구,홍대 관광특구,POI007,KEY_4,493.홍대입구역 6번출구,ST-2152,143,10,7,126.9288559,37.55657578
2026-06-15T17:26:19.150932+09:00,홍대 관광특구,홍대 관광특구,POI007,KEY_4,114. 홍대입구역 8번출구 앞,ST-20,67,10,15,126.92442322,37.55706024
2026-06-15T17:26:19.150932+09:00,홍대 관광특구,홍대 관광특구,POI007,KEY_4,3010.홍대입구역 3번출구,ST-2168,87,13,15,126.92538452,37.5582962
2026-06-15T17:26:19.150932+09:00,홍대 관광특구,홍대 관광특구,POI007,KEY_4,3009. 홍대입구역 사거리,ST-2167,30,6,20,126.92023468,37.55450058
2026-06-15T17:26:19.150932+09:00,홍대 관광특구,홍대 관광특구,POI007,KEY_4,4211. 시석빌딩 앞,ST-2534,113,9,8,126.91671753,37.54836655
2026-06-15T17:26:19.150932+09:00,홍대 관광특구,홍대 관광특구,POI007,KEY_4,4208. 스타벅스(동교동) 앞,ST-2532,60,6,10,126.91986847,37.5566597
2026-06-15T17:26:19.150932+09:00,국립중앙박물관·용산가족공원,국립중앙박물관·용산가족공원,POI089,KEY_1,863.이촌역2번 출구,ST-2187,100,10,10,126.977005,37.52177048
2026-06-15T17:26:19.150932+09:00,국립중앙박물관·용산가족공원,국립중앙박물관·용산가족공원,POI089,KEY_1,855.이촌역5번출구 앞,ST-2179,100,10,10,126.97277069,37.52272415
2026-06-15T17:26:19.150932+09:00,남산공원,남산공원,POI091,KEY_3,859.남산공원 야외식물원 앞,ST-2183,0,0,10,126.99586487,37.54188538
2026-06-15T17:26:19.150932+09:00,남산공원,남산공원,POI091,KEY_3,381. 장충체육관,ST-196,130,13,10,127.00698853,37.55853271
2026-06-15T17:26:19.150932+09:00,남산공원,남산공원,POI091,KEY_3,371. 동대입구역 6번출구 뒤,ST-186,10,1,10,127.00553894,37.55887222
2026-06-15T17:26:19.150932+09:00,남산공원,남산공원,POI091,KEY_3,4621. 남산도서관 앞,ST-3054,83,10,12,126.98201752,37.55240631
2026-06-15T17:26:19.150932+09:00,노들섬,노들섬,POI092,KEY_4,869.노들섬 동측 앞,ST-2239,10,1,10,126.95914459,37.51729584
2026-06-15T17:26:19.150932+09:00,노들섬,노들섬,POI092,KEY_4,870.노들섬 서측 앞,ST-2240,140,14,10,126.95829773,37.51731873
2026-06-15T17:26:19.150932+09:00,망원한강공원,망원한강공원,POI094,KEY_2,105. 합정역 5번출구 앞,ST-7,0,0,5,126.91482544,37.55000687
2026-06-15T17:26:19.150932+09:00,망원한강공원,망원한강공원,POI094,KEY_2,4217. 한강공원 망원나들목,ST-2905,70,14,20,126.89688873,37.55557632
2026-06-15T17:26:19.150932+09:00,망원한강공원,망원한강공원,POI094,KEY_2,5515.한강버스 망원 선착장,ST-3388,123,37,30,126.89590454,37.55466461
2026-06-15T17:26:19.150932+09:00,보라매공원,보라매공원,POI123,KEY_4,4181. 보라매공원역 2번출구,ST-3117,67,4,6,126.91781616,37.49582291
2026-06-15T17:26:19.150932+09:00,보라매공원,보라매공원,POI123,KEY_4,4179. 보라매병원역 1번출구,ST-3105,70,14,20,126.92362976,37.49304199
2026-06-15T17:26:19.150932+09:00,북서울꿈의숲,북서울꿈의숲,POI096,KEY_1,3718. 번동3단지 버스정류장,ST-2610,73,8,11,127.04390717,37.628685
2026-06-15T17:26:19.150932+09:00,북서울꿈의숲,북서울꿈의숲,POI096,KEY_1,1548. 북서울 꿈의숲 서문,ST-1725,40,6,15,127.03781128,37.62268829
2026-06-15T17:26:19.150932+09:00,북서울꿈의숲,북서울꿈의숲,POI096,KEY_1,1571.북서울 꿈의 숲 입구,ST-2401,50,5,10,127.03864288,37.62657166
2026-06-15T17:26:19.150932+09:00,서대문독립공원,서대문독립공원,POI124,KEY_2,367. 독립문역 3-1번출구,ST-180,169,22,13,126.95851898,37.57415771
2026-06-15T17:26:19.150932+09:00,서대문독립공원,서대문독립공원,POI124,KEY_2,3427.인왕산 아이파크 정문,ST-1824,125,10,8,126.95584869,37.57666779
2026-06-15T17:26:19.150932+09:00,서대문독립공원,서대문독립공원,POI124,KEY_2,3113. 독립문 앞,ST-2199,13,2,15,126.95974731,37.57220459
2026-06-15T17:26:19.150932+09:00,서대문독립공원,서대문독립공원,POI124,KEY_2,3426.독립문역 2번출구 뒤,ST-1823,30,3,10,126.95755005,37.57501602
2026-06-15T17:26:19.150932+09:00,서리풀공원·몽마르뜨공원,서리풀공원·몽마르뜨공원,POI098,KEY_3,4312. 반포미도2차아파트 옆,ST-2663,110,11,10,127.00653076,37.50320435
2026-06-15T17:26:19.150932+09:00,서리풀공원·몽마르뜨공원,서리풀공원·몽마르뜨공원,POI098,KEY_3,4327. 몽마르뜨공원입구,ST-3009,127,14,11,127.0026474,37.4928894
2026-06-15T17:26:19.150932+09:00,서리풀공원·몽마르뜨공원,서리풀공원·몽마르뜨공원,POI098,KEY_3,4316. 고속터미널역 3번출구,ST-2667,48,12,25,127.0059433,37.50365829
2026-06-15T17:26:19.150932+09:00,서울숲공원,서울숲공원,POI101,KEY_1,510. 뚝도아리수정수센터 버스정류소 옆,ST-107,60,9,15,127.04380035,37.54122162
2026-06-15T17:26:19.150932+09:00,서울숲공원,서울숲공원,POI101,KEY_1,3552.서울숲 공영주차장앞,ST-2334,95,18,19,127.04277039,37.54195786
2026-06-15T17:26:19.150932+09:00,서울숲공원,서울숲공원,POI101,KEY_1,4401.뚝섬유수지 공영주차장,ST-3393,210,21,10,127.042099,37.55018234
2026-06-15T17:26:19.150932+09:00,송현녹지광장,송현녹지광장,POI129,KEY_2,354. 포르투갈 대사관 앞,ST-170,0,0,10,126.98896027,37.57915497
2026-06-15T17:26:19.150932+09:00,송현녹지광장,송현녹지광장,POI129,KEY_2,353. 재동초교 앞 삼거리,ST-169,0,0,8,126.9849472,37.57938766
2026-06-15T17:26:19.150932+09:00,송현녹지광장,송현녹지광장,POI129,KEY_2,314. 국립현대미술관,ST-130,10,1,10,126.98085785,37.5797081
2026-06-15T17:26:19.150932+09:00,송현녹지광장,송현녹지광장,POI129,KEY_2,3407.안국동사거리(신),ST-1804,0,0,18,126.98339081,37.57580566
2026-06-15T17:26:19.150932+09:00,송현녹지광장,송현녹지광장,POI129,KEY_2,4719. 종로문화원 건너편,ST-3090,0,0,15,126.9805069,37.57571411
2026-06-15T17:26:19.150932+09:00,송현녹지광장,송현녹지광장,POI129,KEY_2,4705. 웰니스센터(민방위교육장 앞),ST-2565,0,0,6,126.98912811,37.57752991
2026-06-15T17:26:19.150932+09:00,어린이대공원,어린이대공원,POI104,KEY_2,573. 구의문주차장 앞,ST-384,70,7,10,127.08473206,37.54523087
2026-06-15T17:26:19.150932+09:00,어린이대공원,어린이대공원,POI104,KEY_2,574. 아차산역4번출구,ST-385,86,19,22,127.08898163,37.55184937
2026-06-15T17:26:19.150932+09:00,어린이대공원,어린이대공원,POI104,KEY_2,500. 어린이대공원역 3번출구 앞,ST-97,220,11,5,127.07466888,37.54697037
2026-06-15T17:26:19.150932+09:00,어린이대공원,어린이대공원,POI104,KEY_2,3529. 어린이대공원정문,ST-1603,40,6,15,127.07592773,37.54978943
2026-06-15T17:26:19.150932+09:00,어린이대공원,어린이대공원,POI104,KEY_2,3853. 어린이대공원역 2번출구,ST-2541,106,19,18,127.07470703,37.54764938
2026-06-15T17:26:19.150932+09:00,어린이대공원,어린이대공원,POI104,KEY_2,3507. 어린이회관,ST-1192,39,12,31,127.07800293,37.54595184
2026-06-15T17:26:19.150932+09:00,어린이대공원,어린이대공원,POI104,KEY_2,3860. 건국대학교 정문 앞,ST-2542,90,9,10,127.07571411,37.5465126
2026-06-15T17:26:19.150932+09:00,어린이대공원,어린이대공원,POI104,KEY_2,3573.광나루안전체험관,ST-2312,127,19,15,127.07671356,37.5513382
2026-06-15T17:26:19.150932+09:00,여의도한강공원,여의도한강공원,POI105,KEY_3,260. 여의도 마리나선착장 앞,ST-414,127,19,15,126.91216278,37.53365707
2026-06-15T17:26:19.150932+09:00,여의도한강공원,여의도한강공원,POI105,KEY_3,249. 여의도중학교 옆,ST-297,19,3,16,126.93580627,37.52457809
2026-06-15T17:26:19.150932+09:00,여의도한강공원,여의도한강공원,POI105,KEY_3,5890.여의나루역 3번출구,ST-3401,36,4,11,126.93336487,37.52645493
2026-06-15T17:26:19.150932+09:00,여의도한강공원,여의도한강공원,POI105,KEY_3,5891.한강버스 여의도 선착장,ST-3402,20,6,30,126.93422699,37.52816391
2026-06-15T17:26:19.150932+09:00,여의서로,여의서로,POI126,KEY_4,297.국회3문,ST-1969,20,2,10,126.91267395,37.52863693
2026-06-15T17:26:19.150932+09:00,여의서로,여의서로,POI126,KEY_4,260. 여의도 마리나선착장 앞,ST-414,127,19,15,126.91216278,37.53365707
2026-06-15T17:26:19.150932+09:00,여의서로,여의서로,POI126,KEY_4,298.KBS 연구동 건너편,ST-1970,88,22,25,126.91374207,37.52724838
2026-06-15T17:26:19.150932+09:00,올림픽공원,올림픽공원,POI127,KEY_1,1267. 올림픽공원 남2문 앞,ST-1086,14,2,14,127.12306976,37.51424026
2026-06-15T17:26:19.150932+09:00,올림픽공원,올림픽공원,POI127,KEY_1,1268. 몽촌토성역 1번출구 옆,ST-1087,13,2,15,127.11419678,37.51728821
2026-06-15T17:26:19.150932+09:00,올림픽공원,올림픽공원,POI127,KEY_1,2621. 한성백제역 2번 출구,ST-1719,27,4,15,127.11625671,37.51665878
2026-06-15T17:26:19.150932+09:00,올림픽공원,올림픽공원,POI127,KEY_1,2622. 올림픽공원역 3번출구,ST-1720,115,23,20,127.13059235,37.51625824
2026-06-15T17:26:19.150932+09:00,올림픽공원,올림픽공원,POI127,KEY_1,5781. 올림픽공원 수영장,ST-3300,79,11,14,127.12688446,37.52157211
2026-06-15T17:26:19.150932+09:00,올림픽공원,올림픽공원,POI127,KEY_1,4862. 성내교 남단,ST-2756,0,0,10,127.11588287,37.52301788
2026-06-15T17:26:19.150932+09:00,올림픽공원,올림픽공원,POI127,KEY_1,4464. 올림픽공원 북2문 A,ST-2580,53,8,15,127.12804413,37.52357483
2026-06-15T17:26:19.150932+09:00,올림픽공원,올림픽공원,POI127,KEY_1,4857. 올림픽공원 장미광장,ST-2621,7,1,15,127.126297,37.51275635
2026-06-15T17:26:19.150932+09:00,올림픽공원,올림픽공원,POI127,KEY_1,5751. 송파여성축구장,ST-3069,10,1,10,127.11743927,37.52471542
2026-06-15T17:26:19.150932+09:00,올림픽공원,올림픽공원,POI127,KEY_1,4865. 한성백제역 1번출구 뒤,ST-2797,80,4,5,127.1149826,37.51647949
2026-06-15T17:26:19.150932+09:00,올림픽공원,올림픽공원,POI127,KEY_1,4481. 올림픽공원 북2문 B,ST-2592,108,27,25,127.12751007,37.52397537
2026-06-15T17:26:19.150932+09:00,올림픽공원,올림픽공원,POI127,KEY_1,4856. 올림픽공원 서1문 앞,ST-2608,50,5,10,127.11457062,37.5202179
2026-06-15T17:26:19.150932+09:00,월드컵공원,월드컵공원,POI106,KEY_2,413. 상암월드컵파크 3단지 후문,ST-92,120,12,10,126.88968658,37.57147598
2026-06-15T17:26:19.150932+09:00,월드컵공원,월드컵공원,POI106,KEY_2,199. 서울 월드컵 경기장,ST-443,117,35,30,126.89644623,37.56684494
2026-06-15T17:26:19.150932+09:00,월드컵공원,월드컵공원,POI106,KEY_2,418. 월드컵경기장역 3번출구 옆,ST-89,35,7,20,126.8992691,37.57277679
2026-06-15T17:26:19.150932+09:00,월드컵공원,월드컵공원,POI106,KEY_2,440. 하늘공원 입구,ST-1754,73,11,15,126.88134766,37.57012177
2026-06-15T17:26:19.150932+09:00,월드컵공원,월드컵공원,POI106,KEY_2,419. 홈플러스 마포점 앞,ST-87,133,28,21,126.89942932,37.56842041
2026-06-15T17:26:19.150932+09:00,월드컵공원,월드컵공원,POI106,KEY_2,186. 월드컵공원,ST-344,165,66,40,126.89820862,37.56396484
2026-06-15T17:26:19.150932+09:00,월드컵공원,월드컵공원,POI106,KEY_2,420. 서울시 공공자전거 상암센터,ST-85,62,23,37,126.8961792,37.56624603
2026-06-15T17:26:19.150932+09:00,월드컵공원,월드컵공원,POI106,KEY_2,3008.DMC역7번출구,ST-2166,220,22,10,126.89836121,37.57711411
2026-06-15T17:26:19.150932+09:00,응봉산,응봉산,POI107,KEY_3,569. 응봉현대아파트 정류소,ST-370,0,0,10,127.03024292,37.54958344
2026-06-15T17:26:19.150932+09:00,응봉산,응봉산,POI107,KEY_3,3511. 응봉역 1번출구,ST-1195,80,8,10,127.0351944,37.55130386
2026-06-15T17:26:19.150932+09:00,응봉산,응봉산,POI107,KEY_3,3525. 금호스포츠센터앞,ST-1599,53,8,15,127.02507019,37.54608917
2026-06-15T17:26:19.150932+09:00,청계산,청계산,POI112,KEY_4,2203. 청계산입구역 2번출구,ST-925,140,14,10,127.05501556,37.44765854
2026-06-15T17:26:19.150932+09:00,청계산,청계산,POI112,KEY_4,4338.새정이마을버스정류장 앞,ST-3216,60,3,5,127.06594849,37.43474579
2026-06-15T17:26:19.150932+09:00,가락시장,가락시장,POI058,KEY_2,2658.가락몰 업무동,ST-2409,190,19,10,127.11569214,37.49535751
2026-06-15T17:26:19.150932+09:00,가락시장,가락시장,POI058,KEY_2,2659.서울친환경유통센터,ST-2410,20,2,10,127.10492706,37.49420929
2026-06-15T17:26:19.150932+09:00,가락시장,가락시장,POI058,KEY_2,4854. 가락시장역 2번 출구,ST-2606,40,4,10,127.11798859,37.492733
2026-06-15T17:26:19.150932+09:00,가락시장,가락시장,POI058,KEY_2,4480. 가락시장 남1문 사거리,ST-2591,27,4,15,127.11745453,37.49201584
2026-06-15T17:26:19.150932+09:00,가로수길,가로수길,POI059,KEY_3,3606. 신사동주민센터 옆,ST-2673,250,25,10,127.02285004,37.52422714
2026-06-15T17:26:19.150932+09:00,가로수길,가로수길,POI059,KEY_3,2362. 신사동 가로수길 입구,ST-1171,10,1,10,127.02245331,37.51763535
2026-06-15T17:26:19.150932+09:00,가로수길,가로수길,POI059,KEY_3,4907. 극동스포츠 앞,ST-3078,120,6,5,127.02588654,37.5257225
2026-06-15T17:26:19.150932+09:00,가로수길,가로수길,POI059,KEY_3,4903. 신사스퀘어,ST-3066,30,3,10,127.0189743,37.51916885
2026-06-15T17:26:19.150932+09:00,김포공항,김포공항,POI061,KEY_1,3776. 김포공항사거리,ST-2484,90,9,10,126.80518341,37.5675354
2026-06-15T17:26:19.150932+09:00,김포공항,김포공항,POI061,KEY_1,5072. 김포공항입구 교통섬,ST-2947,60,6,10,126.80708313,37.56154633
2026-06-15T17:26:19.150932+09:00,남대문시장,남대문시장,POI115,KEY_2,470.회현역 7번출구,ST-1776,0,0,13,126.98000336,37.55974579
2026-06-15T17:26:19.150932+09:00,남대문시장,남대문시장,POI115,KEY_2,324. 신세계백화점 본점 앞,ST-140,113,9,8,126.9805069,37.56134415
2026-06-15T17:26:19.150932+09:00,남대문시장,남대문시장,POI115,KEY_2,4776. 신세계면세점,ST-2522,40,4,10,126.98139191,37.56027603
2026-06-15T17:26:19.150932+09:00,노량진,노량진,POI063,KEY_3,2003. 사육신공원앞,ST-877,120,12,10,126.94805908,37.51335907
2026-06-15T17:26:19.150932+09:00,노량진,노량진,POI063,KEY_3,2002. 노들역 1번출구,ST-683,135,23,17,126.95246887,37.51284409
2026-06-15T17:26:19.150932+09:00,노량진,노량진,POI063,KEY_3,2070. 노량진역 2번 출구 앞,ST-1545,83,15,18,126.94306946,37.51391983
2026-06-15T17:26:19.150932+09:00,노량진,노량진,POI063,KEY_3,2050. 노량진역 5번출구,ST-699,73,11,15,126.93997192,37.51324844
2026-06-15T17:26:19.150932+09:00,노량진,노량진,POI063,KEY_3,2058. 동작경찰서,ST-1150,200,28,14,126.94352722,37.5135231
2026-06-15T17:26:19.150932+09:00,덕수궁길·정동길,덕수궁길·정동길,POI064,KEY_4,391. 시립미술관,ST-977,38,3,8,126.97340393,37.56505203
2026-06-15T17:26:19.150932+09:00,덕수궁길·정동길,덕수궁길·정동길,POI064,KEY_4,300. 정동사거리,ST-116,0,0,6,126.96923065,37.56805038
2026-06-15T17:26:19.150932+09:00,덕수궁길·정동길,덕수궁길·정동길,POI064,KEY_4,4715. 돈의문 박물관 마을,ST-2923,73,11,15,126.96955109,37.56883621
2026-06-15T17:26:19.150932+09:00,덕수궁길·정동길,덕수궁길·정동길,POI064,KEY_4,6058. 시청역 2번출구,ST-3297,233,35,15,126.97702026,37.56557846
2026-06-15T17:26:19.150932+09:00,북촌한옥마을,북촌한옥마을,POI066,KEY_2,354. 포르투갈 대사관 앞,ST-170,0,0,10,126.98896027,37.57915497
2026-06-15T17:26:19.150932+09:00,북촌한옥마을,북촌한옥마을,POI066,KEY_2,451. 청와대앞길,ST-979,0,0,8,126.97966766,37.58351517
2026-06-15T17:26:19.150932+09:00,북촌한옥마을,북촌한옥마을,POI066,KEY_2,464. 삼청동 골목,ST-1756,50,5,10,126.98169708,37.58419037
2026-06-15T17:26:19.150932+09:00,북촌한옥마을,북촌한옥마을,POI066,KEY_2,352. 중앙고입구 삼거리,ST-168,0,0,10,126.98523712,37.58341599
2026-06-15T17:26:19.150932+09:00,북촌한옥마을,북촌한옥마을,POI066,KEY_2,465. 삼청공원 앞,ST-1759,20,1,5,126.9835968,37.58760452
2026-06-15T17:26:19.150932+09:00,북촌한옥마을,북촌한옥마을,POI066,KEY_2,353. 재동초교 앞 삼거리,ST-169,0,0,8,126.9849472,37.57938766
2026-06-15T17:26:19.150932+09:00,북촌한옥마을,북촌한옥마을,POI066,KEY_2,314. 국립현대미술관,ST-130,10,1,10,126.98085785,37.5797081
2026-06-15T17:26:19.150932+09:00,북촌한옥마을,북촌한옥마을,POI066,KEY_2,3407.안국동사거리(신),ST-1804,0,0,18,126.98339081,37.57580566
2026-06-15T17:26:19.150932+09:00,북촌한옥마을,북촌한옥마을,POI066,KEY_2,4719. 종로문화원 건너편,ST-3090,0,0,15,126.9805069,37.57571411
2026-06-15T17:26:19.150932+09:00,북촌한옥마을,북촌한옥마을,POI066,KEY_2,4705. 웰니스센터(민방위교육장 앞),ST-2565,0,0,6,126.98912811,37.57752991
2026-06-15T17:26:19.150932+09:00,서촌,서촌,POI067,KEY_3,450. 효자동 삼거리,ST-978,2,1,51,126.97254944,37.58360291
2026-06-15T17:26:19.150932+09:00,서촌,서촌,POI067,KEY_3,349. 어린이도서관,ST-165,20,1,5,126.96858978,37.57633209
2026-06-15T17:26:19.150932+09:00,서촌,서촌,POI067,KEY_3,4710. 자교교회 앞,ST-2473,63,5,8,126.97123718,37.58114624
2026-06-15T17:26:19.150932+09:00,서촌,서촌,POI067,KEY_3,4721. 통인시장 정자,ST-3354,13,1,8,126.96878815,37.58055878
2026-06-15T17:26:19.150932+09:00,성수카페거리,성수카페거리,POI068,KEY_4,514. 성수사거리 버스정류장 앞,ST-112,108,13,12,127.06330872,37.54257965
2026-06-15T17:26:19.150932+09:00,성수카페거리,성수카페거리,POI068,KEY_4,513. 뚝섬역 5번 출구 정류소 옆,ST-111,100,13,13,127.04980469,37.54630661
2026-06-15T17:26:19.150932+09:00,성수카페거리,성수카페거리,POI068,KEY_4,3548.뚝섬역 6번출구,ST-2330,190,19,10,127.04766846,37.54695892
2026-06-15T17:26:19.150932+09:00,성수카페거리,성수카페거리,POI068,KEY_4,4398. 유원지식산업센터 앞,ST-3325,113,18,16,127.05593109,37.54436493
2026-06-15T17:26:19.150932+09:00,성수카페거리,성수카페거리,POI068,KEY_4,4399. 더리브 세종타워 앞,ST-3326,114,8,7,127.0580368,37.54378128
2026-06-15T17:26:19.150932+09:00,성수카페거리,성수카페거리,POI068,KEY_4,4387. 성수역 1번출구 주변,ST-3121,175,14,8,127.05336761,37.54555893
2026-06-15T17:26:19.150932+09:00,성수카페거리,성수카페거리,POI068,KEY_4,4377. 우영테크노센터 앞,ST-3003,238,19,8,127.05971527,37.54332352
2026-06-15T17:26:19.150932+09:00,성수카페거리,성수카페거리,POI068,KEY_4,587. 유니베라 앞,ST-482,230,23,10,127.05264282,37.54541779
2026-06-15T17:26:19.150932+09:00,송리단길·호수단길,송리단길·호수단길,POI121,KEY_1,2639.석촌역 8번출구,ST-1866,33,6,18,127.10657501,37.50550461
2026-06-15T17:26:19.150932+09:00,송리단길·호수단길,송리단길·호수단길,POI121,KEY_1,4868. 석촌호수 서호 남단,ST-2833,20,2,10,127.10124207,37.50717163
2026-06-15T17:26:19.150932+09:00,신촌 스타광장,신촌 스타광장,POI122,KEY_2,128. 신촌역(2호선) 1번출구 옆,ST-30,47,9,19,126.93634033,37.55549622
2026-06-15T17:26:19.150932+09:00,신촌 스타광장,신촌 스타광장,POI122,KEY_2,3116.신촌역 4번출구,ST-2201,50,5,10,126.93720245,37.55550385
2026-06-15T17:26:19.150932+09:00,압구정로데오거리,압구정로데오거리,POI071,KEY_3,2365. K+ 타워 앞,ST-1174,80,12,15,127.03847504,37.52330017
2026-06-15T17:26:19.150932+09:00,압구정로데오거리,압구정로데오거리,POI071,KEY_3,2310. 청담동 맥도날드 옆(위치),ST-794,80,8,10,127.04017639,37.52361298
2026-06-15T17:26:19.150932+09:00,여의도,여의도,POI072,KEY_4,221. 여의도초교 앞,ST-67,30,3,10,126.93778992,37.52267456
2026-06-15T17:26:19.150932+09:00,여의도,여의도,POI072,KEY_4,204. 국회의사당역 5번출구 옆,ST-50,123,16,13,126.91702271,37.52816391
2026-06-15T17:26:19.150932+09:00,여의도,여의도,POI072,KEY_4,200. 국회의원회관,ST-45,55,12,22,126.91391754,37.52841568
2026-06-15T17:26:19.150932+09:00,여의도,여의도,POI072,KEY_4,201. 진미파라곤 앞,ST-46,67,10,15,126.92133331,37.53123856
2026-06-15T17:26:19.150932+09:00,여의도,여의도,POI072,KEY_4,223. 진주아파트상가 앞,ST-69,110,22,20,126.9333725,37.51913071
2026-06-15T17:26:19.150932+09:00,여의도,여의도,POI072,KEY_4,226. 샛강역 1번출구 앞,ST-72,95,18,19,126.92841339,37.51776505
2026-06-15T17:26:19.150932+09:00,여의도,여의도,POI072,KEY_4,222. 시범아파트버스정류장 옆,ST-68,150,18,12,126.93688965,37.51902008
2026-06-15T17:26:19.150932+09:00,여의도,여의도,POI072,KEY_4,213. KT앞,ST-59,174,33,19,126.91895294,37.52190781
2026-06-15T17:26:19.150932+09:00,여의도,여의도,POI072,KEY_4,209. 유진투자증권빌딩 앞,ST-55,127,28,22,126.92783356,37.52461243
2026-06-15T17:26:19.150932+09:00,여의도,여의도,POI072,KEY_4,299.여의도 순복음교회,ST-1971,10,1,10,126.92245483,37.53179169
2026-06-15T17:26:19.150932+09:00,여의도,여의도,POI072,KEY_4,297.국회3문,ST-1969,20,2,10,126.91267395,37.52863693
2026-06-15T17:26:19.150932+09:00,여의도,여의도,POI072,KEY_4,260. 여의도 마리나선착장 앞,ST-414,127,19,15,126.91216278,37.53365707
2026-06-15T17:26:19.150932+09:00,여의도,여의도,POI072,KEY_4,270. 증권거래소후문교차로,ST-424,110,11,10,126.92710114,37.52234268
2026-06-15T17:26:19.150932+09:00,여의도,여의도,POI072,KEY_4,207. 여의나루역 1번출구 앞,ST-73,13,6,46,126.93190002,37.52715683
2026-06-15T17:26:19.150932+09:00,여의도,여의도,POI072,KEY_4,224. 롯데캐슬 앞,ST-70,20,4,20,126.93236542,37.5200882
2026-06-15T17:26:19.150932+09:00,여의도,여의도,POI072,KEY_4,202. 국민일보 앞,ST-47,110,33,30,126.92453003,37.52881622
2026-06-15T17:26:19.150932+09:00,여의도,여의도,POI072,KEY_4,203. 국회의사당역 3번출구 옆,ST-51,27,4,15,126.91870117,37.5280571
2026-06-15T17:26:19.150932+09:00,여의도,여의도,POI072,KEY_4,249. 여의도중학교 옆,ST-297,19,3,16,126.93580627,37.52457809
2026-06-15T17:26:19.150932+09:00,여의도,여의도,POI072,KEY_4,214. 금융감독원 앞,ST-60,10,2,21,126.9208374,37.5230217
2026-06-15T17:26:19.150932+09:00,여의도,여의도,POI072,KEY_4,225. 앙카라공원 앞,ST-71,104,27,26,126.92961884,37.51758575
2026-06-15T17:26:19.150932+09:00,여의도,여의도,POI072,KEY_4,205. 산업은행 앞,ST-52,95,19,20,126.92050934,37.52626419
2026-06-15T17:26:19.150932+09:00,여의도,여의도,POI072,KEY_4,248. 초원아파트 앞,ST-296,120,12,10,126.92420959,37.53105545
2026-06-15T17:26:19.150932+09:00,여의도,여의도,POI072,KEY_4,217. NH농협은행 앞,ST-66,33,5,15,126.93036652,37.52207947
2026-06-15T17:26:19.150932+09:00,여의도,여의도,POI072,KEY_4,215. 여의도고교 앞,ST-64,30,3,10,126.93490601,37.52483749
2026-06-15T17:26:19.150932+09:00,여의도,여의도,POI072,KEY_4,219. 롯데캐슬엠파이어 옆,ST-62,125,15,12,126.92583466,37.52069473
2026-06-15T17:26:19.150932+09:00,여의도,여의도,POI072,KEY_4,220. 미성아파트 A동 앞,ST-63,13,4,30,126.92604828,37.5193634
2026-06-15T17:26:19.150932+09:00,여의도,여의도,POI072,KEY_4,271. 샛강생태공원방문자센터 앞,ST-425,10,1,10,126.9216156,37.51896286
2026-06-15T17:26:19.150932+09:00,여의도,여의도,POI072,KEY_4,206. KBS 앞,ST-53,134,47,35,126.91802216,37.52466583
2026-06-15T17:26:19.150932+09:00,여의도,여의도,POI072,KEY_4,5889.의원회관출입구 앞,ST-3377,70,7,10,126.91479492,37.52985382
2026-06-15T17:26:19.150932+09:00,여의도,여의도,POI072,KEY_4,4583. 의정관,ST-2647,42,5,12,126.91747284,37.53214645
2026-06-15T17:26:19.150932+09:00,여의도,여의도,POI072,KEY_4,5892.국회의사당본관 좌측,ST-3383,86,6,7,126.91375732,37.53090286
2026-06-15T17:26:19.150932+09:00,여의도,여의도,POI072,KEY_4,4564. 63스퀘어,ST-2814,106,18,17,126.93965912,37.52070999
2026-06-15T17:26:19.150932+09:00,여의도,여의도,POI072,KEY_4,4580. 국회제2의원회관,ST-2644,82,14,17,126.91316986,37.52974701
2026-06-15T17:26:19.150932+09:00,여의도,여의도,POI072,KEY_4,4584. 국회2문,ST-2648,111,10,9,126.91510773,37.52864075
2026-06-15T17:26:19.150932+09:00,여의도,여의도,POI072,KEY_4,4585. 국회6문,ST-2694,17,1,6,126.91799164,37.53271866
2026-06-15T17:26:19.150932+09:00,여의도,여의도,POI072,KEY_4,5879. 국회도서관 2문 앞,ST-3318,125,10,8,126.91668701,37.53107071
2026-06-15T17:26:19.150932+09:00,여의도,여의도,POI072,KEY_4,5880. 국회박물관,ST-3319,14,1,7,126.91945648,37.53183365
2026-06-15T17:26:19.150932+09:00,여의도,여의도,POI072,KEY_4,4581. 국회소통관,ST-2645,17,2,12,126.9128952,37.53050232
2026-06-15T17:26:19.150932+09:00,여의도,여의도,POI072,KEY_4,4563. 여의도 은하아파트,ST-2813,10,1,10,126.93448639,37.51850891
2026-06-15T17:26:19.150932+09:00,여의도,여의도,POI072,KEY_4,4582. 국회도서관,ST-2646,100,12,12,126.91817474,37.53054047
2026-06-15T17:26:19.150932+09:00,여의도,여의도,POI072,KEY_4,5878. 우리은행 앞,ST-3315,215,43,20,126.92162323,37.52349091
2026-06-15T17:26:19.150932+09:00,여의도,여의도,POI072,KEY_4,5893.한국산업은행,ST-3397,490,49,10,126.92175293,37.52814484
2026-06-15T17:26:19.150932+09:00,여의도,여의도,POI072,KEY_4,5870. LG트윈타워 앞,ST-3239,135,27,20,126.93017578,37.52833176
2026-06-15T17:26:19.150932+09:00,여의도,여의도,POI072,KEY_4,5888.여의도성당,ST-3375,0,0,7,126.93920898,37.52164459
2026-06-15T17:26:19.150932+09:00,여의도,여의도,POI072,KEY_4,4589. KRX한국거래소(1),ST-2899,61,11,18,126.92759705,37.52338028
2026-06-15T17:26:19.150932+09:00,여의도,여의도,POI072,KEY_4,4579. 국회의사당 본관,ST-2643,118,20,17,126.91404724,37.5325737
2026-06-15T17:26:19.150932+09:00,여의도,여의도,POI072,KEY_4,5890.여의나루역 3번출구,ST-3401,36,4,11,126.93336487,37.52645493
2026-06-15T17:26:19.150932+09:00,여의도,여의도,POI072,KEY_4,5891.한강버스 여의도 선착장,ST-3402,20,6,30,126.93422699,37.52816391
2026-06-15T17:26:19.150932+09:00,여의도,여의도,POI072,KEY_4,5859. 여의도 삼부아파트,ST-3160,30,3,10,126.93045807,37.52539444
2026-06-15T17:26:19.150932+09:00,여의도,여의도,POI072,KEY_4,298.KBS 연구동 건너편,ST-1970,88,22,25,126.91374207,37.52724838
2026-06-15T17:26:19.150932+09:00,여의도,여의도,POI072,KEY_4,5897.여의도공작아파트,ST-3426,30,3,10,126.92987061,37.52595139
2026-06-15T17:26:19.150932+09:00,연남동,연남동,POI073,KEY_1,107. 수협 연남동지점,ST-9,50,5,10,126.91871643,37.55784607
2026-06-15T17:26:19.150932+09:00,연남동,연남동,POI073,KEY_1,4233. 코오롱아파트사거리,ST-2979,60,6,10,126.92149353,37.56306458
2026-06-15T17:26:19.150932+09:00,영등포 타임스퀘어,영등포 타임스퀘어,POI074,KEY_2,284. 센트럴 푸르지오 시티 앞,ST-1650,113,18,16,126.90222931,37.51821136
2026-06-15T17:26:19.150932+09:00,영등포 타임스퀘어,영등포 타임스퀘어,POI074,KEY_2,3219.영등포역 1번출구,ST-1990,140,14,10,126.9077301,37.5148468
2026-06-15T17:26:19.150932+09:00,영등포 타임스퀘어,영등포 타임스퀘어,POI074,KEY_2,5868. 로프트시티오피스텔,ST-3238,100,6,6,126.90843201,37.51906204
2026-06-15T17:26:19.150932+09:00,영등포 타임스퀘어,영등포 타임스퀘어,POI074,KEY_2,5858. 영등포역5번출구,ST-3142,290,29,10,126.90807343,37.51669312
2026-06-15T17:26:19.150932+09:00,영등포 타임스퀘어,영등포 타임스퀘어,POI074,KEY_2,4565. 영등포 신세계백화점,ST-2815,230,23,10,126.90364838,37.51803589
2026-06-15T17:26:19.150932+09:00,용리단길,용리단길,POI076,KEY_3,816. 신용산역 6번출구 앞,ST-435,80,20,25,126.96848297,37.53014755
2026-06-15T17:26:19.150932+09:00,용리단길,용리단길,POI076,KEY_3,817. 삼각지역 4번출구 앞,ST-436,56,5,9,126.97173309,37.53345108
2026-06-15T17:26:19.150932+09:00,이태원 앤틱가구거리,이태원 앤틱가구거리,POI077,KEY_4,4634. 이태원역 3번 출구,ST-3056,0,0,5,126.99497223,37.5343895
2026-06-15T17:26:19.150932+09:00,이태원 앤틱가구거리,이태원 앤틱가구거리,POI077,KEY_4,4615. 크라운호텔앞 버스정류소,ST-2446,0,0,7,126.99137878,37.53030014
2026-06-15T17:26:19.150932+09:00,익선동,익선동,POI116,KEY_1,334. 종로3가역 2번출구 뒤,ST-150,140,14,10,126.99179077,37.5705986
2026-06-15T17:26:19.150932+09:00,익선동,익선동,POI116,KEY_1,328. 탑골공원 앞,ST-144,0,0,11,126.9881897,37.57039642
2026-06-15T17:26:19.150932+09:00,익선동,익선동,POI116,KEY_1,327. 낙원상가 옆,ST-143,10,1,10,126.9874649,37.57335663
2026-06-15T17:26:19.150932+09:00,익선동,익선동,POI116,KEY_1,3410.종로3가역 8번출구,ST-1807,0,0,10,126.99188995,37.5724678
2026-06-15T17:26:19.150932+09:00,익선동,익선동,POI116,KEY_1,4713. 현대 뜨레비앙 아파트 앞,ST-2623,29,2,7,126.99062347,37.57528305
2026-06-15T17:26:19.150932+09:00,인사동,인사동,POI078,KEY_2,327. 낙원상가 옆,ST-143,10,1,10,126.9874649,37.57335663
2026-06-15T17:26:19.150932+09:00,인사동,인사동,POI078,KEY_2,454. 종로2가 버스정류장 (종각방향),ST-1607,38,5,13,126.98638153,37.57035828
2026-06-15T17:26:19.150932+09:00,인사동,인사동,POI078,KEY_2,326. 안국역 5번출구 앞,ST-142,0,0,15,126.98616028,37.57624054
2026-06-15T17:26:19.150932+09:00,인사동,인사동,POI078,KEY_2,3408.종로타워빌딩,ST-1805,77,10,13,126.98323822,37.57070541
2026-06-15T17:26:19.150932+09:00,창동 신경제 중심지,창동 신경제 중심지,POI079,KEY_4,1756.서울북부광역등기국,ST-2101,90,9,10,127.04431915,37.65148544
2026-06-15T17:26:19.150932+09:00,창동 신경제 중심지,창동 신경제 중심지,POI079,KEY_4,1722. 창동청소년수련관,ST-1292,7,1,15,127.05004883,37.65779877
2026-06-15T17:26:19.150932+09:00,창동 신경제 중심지,창동 신경제 중심지,POI079,KEY_4,1674. 서울북부고용센터앞,ST-1291,7,1,15,127.05808258,37.65354919
2026-06-15T17:26:19.150932+09:00,창동 신경제 중심지,창동 신경제 중심지,POI079,KEY_4,1662. 노원역7번출구,ST-1279,85,17,20,127.05921173,37.65421677
2026-06-15T17:26:19.150932+09:00,창동 신경제 중심지,창동 신경제 중심지,POI079,KEY_4,1690. 도봉운전면허시험장 버스정류장 옆,ST-1641,0,0,10,127.05931091,37.6577301
2026-06-15T17:26:19.150932+09:00,창동 신경제 중심지,창동 신경제 중심지,POI079,KEY_4,1637. KT 전화국 버스정류장 옆,ST-611,111,10,9,127.06372833,37.6546669
2026-06-15T17:26:19.150932+09:00,창동 신경제 중심지,창동 신경제 중심지,POI079,KEY_4,1686. 상계주공10단지 종합상가 앞,ST-1476,0,0,15,127.05805206,37.66114044
2026-06-15T17:26:19.150932+09:00,창동 신경제 중심지,창동 신경제 중심지,POI079,KEY_4,1775.신원리베르텔 앞,ST-2120,73,11,15,127.04554749,37.65128708
2026-06-15T17:26:19.150932+09:00,창동 신경제 중심지,창동 신경제 중심지,POI079,KEY_4,1657. 노원구청,ST-1125,170,34,20,127.05732727,37.65404892
2026-06-15T17:26:19.150932+09:00,창동 신경제 중심지,창동 신경제 중심지,POI079,KEY_4,1716. 창동역 1번출구 건너편,ST-1132,63,5,8,127.05072784,37.65420151
2026-06-15T17:26:19.150932+09:00,창동 신경제 중심지,창동 신경제 중심지,POI079,KEY_4,1653. 노원역1번출구,ST-1121,40,4,10,127.06362152,37.65620041
2026-06-15T17:26:19.150932+09:00,창동 신경제 중심지,창동 신경제 중심지,POI079,KEY_4,5333. 노원역9번-10번 출구 앞,ST-3288,30,3,10,127.063591,37.65655518
2026-06-15T17:26:19.150932+09:00,창동 신경제 중심지,창동 신경제 중심지,POI079,KEY_4,4098.창동역 1번출구 인근,ST-3430,88,7,8,127.04838562,37.65290833
2026-06-15T17:26:19.150932+09:00,창동 신경제 중심지,창동 신경제 중심지,POI079,KEY_4,4096.창동역2번출구 하나은행365 앞,ST-3368,138,11,8,127.04550171,37.65283585
2026-06-15T17:26:19.150932+09:00,창동 신경제 중심지,창동 신경제 중심지,POI079,KEY_4,5311. 주공601동 상가 노원지하보도 앞,ST-3116,60,3,5,127.06147766,37.65190125
2026-06-15T17:26:19.150932+09:00,청량리 제기동 일대 전통시장,청량리 제기동 일대 전통시장,POI081,KEY_2,676.FITI시험연구원 앞,ST-2276,67,6,9,127.03547668,37.58143234
2026-06-15T17:26:19.150932+09:00,청량리 제기동 일대 전통시장,청량리 제기동 일대 전통시장,POI081,KEY_2,640. 동대문경찰서 교차로,ST-407,83,5,6,127.04460144,37.58255005
2026-06-15T17:26:19.150932+09:00,청량리 제기동 일대 전통시장,청량리 제기동 일대 전통시장,POI081,KEY_2,633. 청량리 기업은행 앞,ST-400,125,10,8,127.04472351,37.58049774
2026-06-15T17:26:19.150932+09:00,청량리 제기동 일대 전통시장,청량리 제기동 일대 전통시장,POI081,KEY_2,4147.청량리역광장,ST-3405,29,10,35,127.04673767,37.58024597
2026-06-15T17:26:19.150932+09:00,청량리 제기동 일대 전통시장,청량리 제기동 일대 전통시장,POI081,KEY_2,4134. 제기동 현대아파트 앞,ST-3206,140,14,10,127.0353241,37.57994843
2026-06-15T17:26:19.150932+09:00,청량리 제기동 일대 전통시장,청량리 제기동 일대 전통시장,POI081,KEY_2,4149.제기동역 5번출구,ST-3428,86,6,7,127.03381348,37.5779953
2026-06-15T17:26:19.150932+09:00,DDP(동대문디자인플라자),DDP(동대문디자인플라자),POI083,KEY_4,475.DDP 패션몰,ST-1781,24,5,21,127.0118103,37.56764984
2026-06-15T17:26:19.150932+09:00,DDP(동대문디자인플라자),DDP(동대문디자인플라자),POI083,KEY_4,347. 동대문역사문화공원역 9번출구 앞,ST-163,28,5,18,127.00784302,37.56533051
2026-06-15T17:26:19.150932+09:00,DDP(동대문디자인플라자),DDP(동대문디자인플라자),POI083,KEY_4,4765. 동대문디자인플라자,ST-2431,125,25,20,127.00946045,37.5683136
2026-06-15T17:26:19.150932+09:00,DDP(동대문디자인플라자),DDP(동대문디자인플라자),POI083,KEY_4,474.동대문역사문화공원역 1번출구 뒤편,ST-1780,55,22,40,127.00849152,37.56629944
2026-06-15T17:26:19.150932+09:00,DMC(디지털미디어시티),DMC(디지털미디어시티),POI084,KEY_1,412. DMC산학협력연구센터 앞,ST-91,95,20,21,126.89079285,37.57565689
2026-06-15T17:26:19.150932+09:00,DMC(디지털미디어시티),DMC(디지털미디어시티),POI084,KEY_1,405. DMC빌 앞,ST-80,25,2,8,126.88578796,37.58265686
2026-06-15T17:26:19.150932+09:00,DMC(디지털미디어시티),DMC(디지털미디어시티),POI084,KEY_1,411. DMC홍보관,ST-90,30,3,10,126.89147186,37.5779953
2026-06-15T17:26:19.150932+09:00,DMC(디지털미디어시티),DMC(디지털미디어시티),POI084,KEY_1,414. 상암동주민센터 옆,ST-94,50,4,8,126.89447021,37.57822037
2026-06-15T17:26:19.150932+09:00,DMC(디지털미디어시티),DMC(디지털미디어시티),POI084,KEY_1,409. 누리꿈스퀘어 옆,ST-86,83,25,30,126.88916016,37.57939911
2026-06-15T17:26:19.150932+09:00,DMC(디지털미디어시티),DMC(디지털미디어시티),POI084,KEY_1,417. DMC역 2번출구 옆,ST-93,60,12,20,126.8999176,37.57506943
2026-06-15T17:26:19.150932+09:00,DMC(디지털미디어시티),DMC(디지털미디어시티),POI084,KEY_1,489.구룡근린공원,ST-2148,160,16,10,126.88276672,37.58320236
2026-06-15T17:26:19.150932+09:00,DMC(디지털미디어시티),DMC(디지털미디어시티),POI084,KEY_1,415. DMC역 9번출구 앞,ST-95,380,38,10,126.89736176,37.57746887
2026-06-15T17:26:19.150932+09:00,DMC(디지털미디어시티),DMC(디지털미디어시티),POI084,KEY_1,425. DMC첨단산업센터,ST-991,90,9,10,126.88559723,37.58450317
2026-06-15T17:26:19.150932+09:00,DMC(디지털미디어시티),DMC(디지털미디어시티),POI084,KEY_1,3008.DMC역7번출구,ST-2166,220,22,10,126.89836121,37.57711411
2026-06-15T17:26:19.150932+09:00,DMC(디지털미디어시티),DMC(디지털미디어시티),POI084,KEY_1,3007.MBC 앞,ST-2165,200,20,10,126.89044952,37.58198166
2026-06-15T17:26:19.150932+09:00,DMC(디지털미디어시티),DMC(디지털미디어시티),POI084,KEY_1,4218. 디지털매직스페이스,ST-2974,54,7,13,126.88957977,37.58119965
2026-06-15T17:26:19.150932+09:00,DMC(디지털미디어시티),DMC(디지털미디어시티),POI084,KEY_1,4214. JTBC 앞,ST-2537,180,18,10,126.8901825,37.57730484
2026-06-15T17:26:19.150932+09:00,DMC(디지털미디어시티),DMC(디지털미디어시티),POI084,KEY_1,4238. 상암한샘빌딩앞,ST-2981,14,1,7,126.89867401,37.57649231
2026-06-15T17:26:19.150932+09:00,DMC(디지털미디어시티),DMC(디지털미디어시티),POI084,KEY_1,408. LG CNS앞,ST-84,71,10,14,126.88665009,37.58081055
2026-06-15T17:26:19.150932+09:00,DMC(디지털미디어시티),DMC(디지털미디어시티),POI084,KEY_1,490.가온문화공원,ST-2149,26,6,23,126.88766479,37.58207703
2026-06-15T17:26:19.150932+09:00,가산디지털단지역,가산디지털단지역,POI013,KEY_2,1806. 에이스하이엔드타워9차 앞,ST-621,360,36,10,126.87863922,37.48621368
2026-06-15T17:26:19.150932+09:00,가산디지털단지역,가산디지털단지역,POI013,KEY_2,1849. 대륭포스트타워5차,ST-1276,200,20,10,126.88694,37.48135376
2026-06-15T17:26:19.150932+09:00,가산디지털단지역,가산디지털단지역,POI013,KEY_2,1835. STX V타워,ST-641,210,21,10,126.88442993,37.47706985
2026-06-15T17:26:19.150932+09:00,가산디지털단지역,가산디지털단지역,POI013,KEY_2,1834. 월드메르디앙 벤처센터 2차,ST-640,260,26,10,126.87904358,37.47908401
2026-06-15T17:26:19.150932+09:00,가산디지털단지역,가산디지털단지역,POI013,KEY_2,1839. 수출의 다리 아래,ST-1140,135,27,20,126.88615417,37.47743607
2026-06-15T17:26:19.150932+09:00,가산디지털단지역,가산디지털단지역,POI013,KEY_2,1850. 코오롱테크노밸리,ST-1277,250,25,10,126.8863678,37.48015976
2026-06-15T17:26:19.150932+09:00,가산디지털단지역,가산디지털단지역,POI013,KEY_2,1851. 가산디지털단지 9번출구 인근,ST-1403,180,18,10,126.88148499,37.48123169
2026-06-15T17:26:19.150932+09:00,가산디지털단지역,가산디지털단지역,POI013,KEY_2,1867.대륭포스트타워6차 앞,ST-1938,287,86,30,126.8841629,37.48101044
2026-06-15T17:26:19.150932+09:00,가산디지털단지역,가산디지털단지역,POI013,KEY_2,1805. 서울디지털운동장 앞,ST-620,180,18,10,126.87776947,37.48228836
2026-06-15T17:26:19.150932+09:00,가산디지털단지역,가산디지털단지역,POI013,KEY_2,1812. 갑을그레이트밸리 앞,ST-624,180,18,10,126.88729858,37.47903061
2026-06-15T17:26:19.150932+09:00,가산디지털단지역,가산디지털단지역,POI013,KEY_2,3985. 디폴리스 지식산업센터,ST-2964,150,30,20,126.87680054,37.48017502
2026-06-15T17:26:19.150932+09:00,가산디지털단지역,가산디지털단지역,POI013,KEY_2,3989.가산디지털단지역 9번출구 앞,ST-3396,180,18,10,126.88175964,37.48055267
2026-06-15T17:26:19.150932+09:00,가산디지털단지역,가산디지털단지역,POI013,KEY_2,3984. 가산롯데아이티캐슬,ST-2999,860,43,5,126.88083649,37.47636795
2026-06-15T17:26:19.150932+09:00,강남역,강남역,POI014,KEY_3,2421. 신논현역 4번출구,ST-1887,27,4,15,127.02579498,37.504673
2026-06-15T17:26:19.150932+09:00,강남역,강남역,POI014,KEY_3,3628. 역삼1동 주민센터,ST-2689,30,3,10,127.03302765,37.49521255
2026-06-15T17:26:19.150932+09:00,강남역,강남역,POI014,KEY_3,2505. 우성아파트사거리 (기업은행앞),ST-1556,192,23,12,127.02953339,37.49325943
2026-06-15T17:26:19.150932+09:00,강남역,강남역,POI014,KEY_3,2407. 역삼서초삼성 세무서 앞 (역삼빌딩 앞),ST-1577,270,27,10,127.03011322,37.49847031
2026-06-15T17:26:19.150932+09:00,강남역,강남역,POI014,KEY_3,4349.삼성화재서초타워,ST-3361,250,15,6,127.02896118,37.49446869
2026-06-15T17:26:19.150932+09:00,건대입구역,건대입구역,POI015,KEY_4,501. 광진문화예술회관 앞,ST-98,27,8,30,127.07035065,37.53730774
2026-06-15T17:26:19.150932+09:00,건대입구역,건대입구역,POI015,KEY_4,3533. 건대입구역 사거리(롯데백화점),ST-1660,50,5,10,127.07078552,37.5392952
2026-06-15T17:26:19.150932+09:00,건대입구역,건대입구역,POI015,KEY_4,3534. 건대입구역 5번출구 뒤,ST-1661,140,14,10,127.06956482,37.54008102
2026-06-15T17:26:19.150932+09:00,고덕역,고덕역,POI016,KEY_1,1068.명일파출소,ST-1767,10,1,10,127.15622711,37.5536499
2026-06-15T17:26:19.150932+09:00,고덕역,고덕역,POI016,KEY_1,1072.고덕역 5번출구,ST-1833,109,24,22,127.15372467,37.55486298
2026-06-15T17:26:19.150932+09:00,고덕역,고덕역,POI016,KEY_1,1036. 고덕동 주양쇼핑,ST-1053,30,3,10,127.15331268,37.55199051
2026-06-15T17:26:19.150932+09:00,교대역,교대역,POI018,KEY_3,2279. 교대역 5번출구뒤,ST-1305,388,31,8,127.01418304,37.49361801
2026-06-15T17:26:19.150932+09:00,교대역,교대역,POI018,KEY_3,2239.교대역 6번출구,ST-765,80,8,10,127.01378632,37.49421692
2026-06-15T17:26:19.150932+09:00,구로디지털단지역,구로디지털단지역,POI019,KEY_4,1986. 태평양물산,ST-1521,673,101,15,126.89518738,37.48485947
2026-06-15T17:26:19.150932+09:00,구로디지털단지역,구로디지털단지역,POI019,KEY_4,2110. 조원동 미성아파트,ST-950,178,16,9,126.90203094,37.48319244
2026-06-15T17:26:19.150932+09:00,구로디지털단지역,구로디지털단지역,POI019,KEY_4,2801. 대륭포스트타워1차,ST-1753,147,44,30,126.89542389,37.48437119
2026-06-15T17:26:19.150932+09:00,구로디지털단지역,구로디지털단지역,POI019,KEY_4,1955. 디지털입구 교차로,ST-936,380,38,10,126.90103912,37.48288345
2026-06-15T17:26:19.150932+09:00,구로디지털단지역,구로디지털단지역,POI019,KEY_4,1962. 가리봉동주민센터,ST-1224,293,44,15,126.89279938,37.48160172
2026-06-15T17:26:19.150932+09:00,구로디지털단지역,구로디지털단지역,POI019,KEY_4,1911. 구로디지털단지역 앞,ST-668,261,47,18,126.90132141,37.48493958
2026-06-15T17:26:19.150932+09:00,구로역,구로역,POI020,KEY_1,1946. 구로역 광장,ST-873,310,31,10,126.88038635,37.50311661
2026-06-15T17:26:19.150932+09:00,구로역,구로역,POI020,KEY_1,3919. 구로역·NC신구로점 버스정류장(구로역 방면),ST-3013,21,3,14,126.88237,37.50096512
2026-06-15T17:26:19.150932+09:00,군자역,군자역,POI021,KEY_2,540. 군자역 7번출구 베스트샵 앞,ST-253,125,10,8,127.0786438,37.55603027
2026-06-15T17:26:19.150932+09:00,군자역,군자역,POI021,KEY_2,3518. 군자역 7번출구뒤,ST-1263,100,8,8,127.07913971,37.55686188
2026-06-15T17:26:19.150932+09:00,군자역,군자역,POI021,KEY_2,3500. 군자역2번출구,ST-983,57,4,7,127.07969666,37.55758667
2026-06-15T17:26:19.150932+09:00,군자역,군자역,POI021,KEY_2,3586.군자역 비채온 오피스텔,ST-2325,50,4,8,127.07727051,37.55771255
2026-06-15T17:26:19.150932+09:00,대림역,대림역,POI023,KEY_3,286. 우성아파트 교차로,ST-1652,133,16,12,126.89974976,37.49457169
2026-06-15T17:26:19.150932+09:00,대림역,대림역,POI023,KEY_3,1975. 대림역 1번 출입구 밑,ST-1237,190,19,10,126.8947525,37.49256516
2026-06-15T17:26:19.150932+09:00,대림역,대림역,POI023,KEY_3,1914. 대림역4번출구,ST-918,250,25,10,126.89444733,37.49440384
2026-06-15T17:26:19.150932+09:00,동대문역,동대문역,POI024,KEY_4,457. 종로꽃시장 입구 옆,ST-1610,20,2,10,127.00720978,37.57131958
2026-06-15T17:26:19.150932+09:00,동대문역,동대문역,POI024,KEY_4,393. 동대문역 8번 출구,ST-1372,83,10,12,127.00937653,37.57014084
2026-06-15T17:26:19.150932+09:00,동대문역,동대문역,POI024,KEY_4,3415.동대문역6번출구,ST-1812,160,24,15,127.0107193,37.57147217
2026-06-15T17:26:19.150932+09:00,미아사거리역,미아사거리역,POI026,KEY_2,1531. 미아사거리 1번 출구,ST-1105,250,25,10,127.03025055,37.61395645
2026-06-15T17:26:19.150932+09:00,미아사거리역,미아사거리역,POI026,KEY_2,1574.송중초등학교 옆,ST-2405,0,0,8,127.03049469,37.61669922
2026-06-15T17:26:19.150932+09:00,미아사거리역,미아사거리역,POI026,KEY_2,1546. 송천동우체국,ST-1665,120,12,10,127.02970123,37.61545944
2026-06-15T17:26:19.150932+09:00,미아사거리역,미아사거리역,POI026,KEY_2,4423.현대백화점 미아점,ST-3203,40,4,10,127.02845764,37.60884857
2026-06-15T17:26:19.150932+09:00,발산역,발산역,POI027,KEY_3,"1153. 발산역 1번, 9번 인근 대여소",ST-1065,150,48,32,126.83717346,37.55894852
2026-06-15T17:26:19.150932+09:00,발산역,발산역,POI027,KEY_3,1117. 등촌5단지아파트 버스정류장,ST-834,20,2,10,126.84426117,37.55819702
2026-06-15T17:26:19.150932+09:00,발산역,발산역,POI027,KEY_3,1124. 발산역 6번 출구 뒤,ST-522,200,12,6,126.8384552,37.55817795
2026-06-15T17:26:19.150932+09:00,발산역,발산역,POI027,KEY_3,1197. 엠펠리체 호텔 건너편,ST-1714,135,27,20,126.83546448,37.56026077
2026-06-15T17:26:19.150932+09:00,발산역,발산역,POI027,KEY_3,2730.마곡메가박스 앞,ST-2047,100,30,30,126.83495331,37.55912781
2026-06-15T17:26:19.150932+09:00,발산역,발산역,POI027,KEY_3,2721.등촌1-10단지 교차로,ST-2037,92,11,12,126.8393631,37.56320572
2026-06-15T17:26:19.150932+09:00,발산역,발산역,POI027,KEY_3,3760. 발산역 8번 출구,ST-2538,6,1,17,126.83676147,37.55846024
2026-06-15T17:26:19.150932+09:00,발산역,발산역,POI027,KEY_3,2717.LG유플러스 마곡사옥,ST-2033,218,135,62,126.83390045,37.56133652
2026-06-15T17:26:19.150932+09:00,발산역,발산역,POI027,KEY_3,3764. 관문주유소(GS칼택스) 앞,ST-2613,60,6,10,126.84183502,37.55802917
2026-06-15T17:26:19.150932+09:00,발산역,발산역,POI027,KEY_3,2723.마곡 필네이처,ST-2040,100,13,13,126.83669281,37.56089401
2026-06-15T17:26:19.150932+09:00,발산역,발산역,POI027,KEY_3,3759. 이대서울병원,ST-2569,48,12,25,126.83559418,37.5586319
2026-06-15T17:26:19.150932+09:00,발산역,발산역,POI027,KEY_3,5095. 원당근린공원,ST-3226,36,5,14,126.84147644,37.55947495
2026-06-15T17:26:19.150932+09:00,발산역,발산역,POI027,KEY_3,5061. 우장산동 가곡어린이공원앞,ST-2888,160,16,10,126.83751678,37.55545425
2026-06-15T17:26:19.150932+09:00,사당역,사당역,POI029,KEY_4,2104. 사당역 5번출구,ST-712,77,10,13,126.98133087,37.47608948
2026-06-15T17:26:19.150932+09:00,사당역,사당역,POI029,KEY_4,2034. 사당역 7번출구쪽,ST-924,58,11,19,126.98057556,37.47689056
2026-06-15T17:26:19.150932+09:00,사당역,사당역,POI029,KEY_4,2089.사당역10번출구(금강빌딩),ST-2362,140,14,10,126.98150635,37.4791069
2026-06-15T17:26:19.150932+09:00,사당역,사당역,POI029,KEY_4,2222.사당역 12번출구 뒤,ST-753,110,11,10,126.98203278,37.47806931
2026-06-15T17:26:19.150932+09:00,삼각지역,삼각지역,POI030,KEY_1,849. 삼각지 자이아파트,ST-2173,130,26,20,126.97341919,37.53607941
2026-06-15T17:26:19.150932+09:00,삼각지역,삼각지역,POI030,KEY_1,848. 삼각지12번 출구,ST-2172,38,3,8,126.97562408,37.53488922
2026-06-15T17:26:19.150932+09:00,삼각지역,삼각지역,POI030,KEY_1,4620. 삼각지역 14번 출구 앞(교통섬),ST-2451,275,22,8,126.97408295,37.53528595
2026-06-15T17:26:19.150932+09:00,서울대입구역,서울대입구역,POI031,KEY_2,3311.서울대입구역 4번 출구,ST-2394,133,16,12,126.95157623,37.48122025
2026-06-15T17:26:19.150932+09:00,서울대입구역,서울대입구역,POI031,KEY_2,2112. 서울대입구역 마에스트로,ST-715,67,10,15,126.95064545,37.4813385
2026-06-15T17:26:19.150932+09:00,서울대입구역,서울대입구역,POI031,KEY_2,2116. 에이스에이존빌딩,ST-717,200,18,9,126.95082855,37.48170471
2026-06-15T17:26:19.150932+09:00,서울대입구역,서울대입구역,POI031,KEY_2,2171. 서울대입구역 5번출구,ST-1337,76,13,17,126.95200348,37.48154831
2026-06-15T17:26:19.150932+09:00,서울대입구역,서울대입구역,POI031,KEY_2,2128. 관악구청교차로,ST-720,0,0,12,126.95265198,37.47949982
2026-06-15T17:26:19.150932+09:00,서울대입구역,서울대입구역,POI031,KEY_2,2111. 서울대입구역 1번출구,ST-965,70,7,10,126.95331573,37.48086929
2026-06-15T17:26:19.150932+09:00,서울식물원·마곡나루역,서울식물원·마곡나루역,POI032,KEY_3,2727.서울식물원 잔디마당 앞,ST-2044,260,65,25,126.8306427,37.5639267
2026-06-15T17:26:19.150932+09:00,서울식물원·마곡나루역,서울식물원·마곡나루역,POI032,KEY_3,2715.마곡나루역 2번 출구,ST-2031,148,37,25,126.82743835,37.56692505
2026-06-15T17:26:19.150932+09:00,서울식물원·마곡나루역,서울식물원·마곡나루역,POI032,KEY_3,2725.서울식물원 식물문화센터,ST-2042,115,23,20,126.83563232,37.56883621
2026-06-15T17:26:19.150932+09:00,서울식물원·마곡나루역,서울식물원·마곡나루역,POI032,KEY_3,5098. LG사이언스파크 W4동,ST-3261,45,9,20,126.82978821,37.56403732
2026-06-15T17:26:19.150932+09:00,서울식물원·마곡나루역,서울식물원·마곡나루역,POI032,KEY_3,5097. LG사이언스파크 E2동,ST-3259,115,46,40,126.83208466,37.56381607
2026-06-15T17:26:19.150932+09:00,서울식물원·마곡나루역,서울식물원·마곡나루역,POI032,KEY_3,6177. 마곡롯데캐슬르웨스트,ST-3324,140,14,10,126.82462311,37.56356049
2026-06-15T17:26:19.150932+09:00,서울역,서울역,POI033,KEY_4,485.서울역5번출구,ST-1791,70,7,10,126.97319794,37.55677032
2026-06-15T17:26:19.150932+09:00,서울역,서울역,POI033,KEY_4,435. SK 남산빌딩,ST-1670,50,5,10,126.97561646,37.55686188
2026-06-15T17:26:19.150932+09:00,서울역,서울역,POI033,KEY_4,4794. 서울역 서부교차로(3),ST-2786,88,7,8,126.96942139,37.55540848
2026-06-15T17:26:19.150932+09:00,서울역,서울역,POI033,KEY_4,6062.서울역파출소,ST-3413,50,5,10,126.97183228,37.55709457
2026-06-15T17:26:19.150932+09:00,서울역,서울역,POI033,KEY_4,4760. 서울역 7번출구,ST-2430,30,3,10,126.97364044,37.55664444
2026-06-15T17:26:19.150932+09:00,서울역,서울역,POI033,KEY_4,379. 서울역9번출구,ST-194,129,9,7,126.97330475,37.55580521
2026-06-15T17:26:19.150932+09:00,선릉역,선릉역,POI034,KEY_1,2328. 르네상스 호텔 사거리 역삼지하보도 7번출구 앞,ST-811,160,16,10,127.04273224,37.50321198
2026-06-15T17:26:19.150932+09:00,선릉역,선릉역,POI034,KEY_1,2369. KT선릉타워,ST-1178,65,13,20,127.0528717,37.50542831
2026-06-15T17:26:19.150932+09:00,선릉역,선릉역,POI034,KEY_1,2319. 포스코사거리 서측(수협 삼성동 지점),ST-802,100,10,10,127.05467987,37.50660706
2026-06-15T17:26:19.150932+09:00,선릉역,선릉역,POI034,KEY_1,2332. 선릉역3번출구,ST-815,38,3,8,127.04903412,37.50410461
2026-06-15T17:26:19.150932+09:00,선릉역,선릉역,POI034,KEY_1,2329. 르네상스호텔사거리 역삼지하보도 2번출구,ST-812,20,2,10,127.04319,37.50235748
2026-06-15T17:26:19.150932+09:00,성신여대입구역,성신여대입구역,POI035,KEY_2,1385.성신여대입구역 3번출구 앞,ST-2226,260,26,10,127.01628876,37.59236526
2026-06-15T17:26:19.150932+09:00,성신여대입구역,성신여대입구역,POI035,KEY_2,1384.성신여대입구역 5번출구,ST-2225,108,14,13,127.01628876,37.59282684
2026-06-15T17:26:19.150932+09:00,성신여대입구역,성신여대입구역,POI035,KEY_2,1337. 돈암성당 옆,ST-1201,38,5,13,127.01716614,37.59039307
2026-06-15T17:26:19.150932+09:00,수유역,수유역,POI036,KEY_3,1512. 강북중학교 앞,ST-862,55,11,20,127.02656555,37.64473724
2026-06-15T17:26:19.150932+09:00,수유역,수유역,POI036,KEY_3,1526. 강북종합시장 앞,ST-1100,38,3,8,127.02462769,37.64173889
2026-06-15T17:26:19.150932+09:00,수유역,수유역,POI036,KEY_3,1503. 강북구청사거리(수유역 8번출구),ST-643,207,29,14,127.02672577,37.63926315
2026-06-15T17:26:19.150932+09:00,수유역,수유역,POI036,KEY_3,1520. 수유중앙시장,ST-650,243,17,7,127.022789,37.63986206
2026-06-15T17:26:19.150932+09:00,수유역,수유역,POI036,KEY_3,1530. 광산사거리,ST-1104,85,11,13,127.0223465,37.64355087
2026-06-15T17:26:19.150932+09:00,수유역,수유역,POI036,KEY_3,1552. 강북구청사거리,ST-2125,50,4,8,127.02723694,37.63920212
2026-06-15T17:26:19.150932+09:00,수유역,수유역,POI036,KEY_3,1535. 효성인텔리안 앞,ST-1109,80,8,10,127.02337646,37.6362915
2026-06-15T17:26:19.150932+09:00,수유역,수유역,POI036,KEY_3,1569.수유역2번출구,ST-2137,240,24,10,127.02590179,37.63796997
2026-06-15T17:26:19.150932+09:00,숭례문,숭례문,POI131,KEY_4,445.대한상공회의소,ST-1771,93,14,15,126.97410583,37.56015396
2026-06-15T17:26:19.150932+09:00,숭례문,숭례문,POI131,KEY_4,6060. 신한은행 본점,ST-3342,25,2,8,126.97480774,37.56077576
2026-06-15T17:26:19.150932+09:00,시의회 앞,시의회 앞,POI130,KEY_1,310. 청계광장 옆,ST-126,338,27,8,126.9774704,37.56887817
2026-06-15T17:26:19.150932+09:00,시의회 앞,시의회 앞,POI130,KEY_1,6058. 시청역 2번출구,ST-3297,233,35,15,126.97702026,37.56557846
2026-06-15T17:26:19.150932+09:00,신논현역·논현역,신논현역·논현역,POI037,KEY_2,2542.신논현타워 앞,ST-1926,40,4,10,127.02391052,37.50508881
2026-06-15T17:26:19.150932+09:00,신논현역·논현역,신논현역·논현역,POI037,KEY_2,2302. 교보타워 버스정류장(신논현역 3번출구 후면),ST-787,80,8,10,127.02427673,37.5055809
2026-06-15T17:26:19.150932+09:00,신논현역·논현역,신논현역·논현역,POI037,KEY_2,4347. 논현지하보도,ST-3332,60,6,10,127.02232361,37.50836945
2026-06-15T17:26:19.150932+09:00,신림역,신림역,POI039,KEY_4,2136. 신림역 8번출구,ST-976,213,17,8,126.93006897,37.48450851
2026-06-15T17:26:19.150932+09:00,신림역,신림역,POI039,KEY_4,2175. 신림동걷고싶은문화의거리입구,ST-1270,71,5,7,126.92870331,37.48730087
2026-06-15T17:26:19.150932+09:00,신림역,신림역,POI039,KEY_4,2102. 봉림교 교통섬,ST-702,115,15,13,126.92688751,37.48408508
2026-06-15T17:26:19.150932+09:00,신정네거리역,신정네거리역,POI117,KEY_1,706. 신정네거리역,ST-313,120,18,15,126.85175323,37.5218811
2026-06-15T17:26:19.150932+09:00,신정네거리역,신정네거리역,POI117,KEY_1,4510. 신정네거리역 교차로,ST-2762,54,7,13,126.85228729,37.52175903
2026-06-15T17:26:19.150932+09:00,신정네거리역,신정네거리역,POI117,KEY_1,4509. 서울영상고교 입구,ST-2761,180,27,15,126.85928345,37.52198029
2026-06-15T17:26:19.150932+09:00,신정네거리역,신정네거리역,POI117,KEY_1,4507. 신정제일시장,ST-2759,20,2,10,126.85499573,37.52122498
2026-06-15T17:26:19.150932+09:00,신정네거리역,신정네거리역,POI117,KEY_1,722. 경서농협 버스정류장(우리은행신정동지점방향),ST-993,70,7,10,126.85738373,37.52151108
2026-06-15T17:26:19.150932+09:00,신촌·이대역,신촌·이대역,POI040,KEY_2,128. 신촌역(2호선) 1번출구 옆,ST-30,47,9,19,126.93634033,37.55549622
2026-06-15T17:26:19.150932+09:00,신촌·이대역,신촌·이대역,POI040,KEY_2,129. 신촌역(2호선) 6번출구 옆,ST-31,60,6,10,126.93756866,37.55505371
2026-06-15T17:26:19.150932+09:00,신촌·이대역,신촌·이대역,POI040,KEY_2,137. 신촌기차역입구 교차로,ST-39,0,0,10,126.9431839,37.55681229
2026-06-15T17:26:19.150932+09:00,신촌·이대역,신촌·이대역,POI040,KEY_2,134. 연세로 명물길,ST-36,188,15,8,126.93807983,37.55789185
2026-06-15T17:26:19.150932+09:00,신촌·이대역,신촌·이대역,POI040,KEY_2,130. 신촌역(2호선) 7번출구 앞,ST-32,30,3,10,126.93626404,37.5550499
2026-06-15T17:26:19.150932+09:00,신촌·이대역,신촌·이대역,POI040,KEY_2,135. 명물길 원형무대 앞,ST-37,120,12,10,126.93984222,37.55922699
2026-06-15T17:26:19.150932+09:00,신촌·이대역,신촌·이대역,POI040,KEY_2,150. 서강대역 2번출구 앞,ST-207,0,0,15,126.93434143,37.55295563
2026-06-15T17:26:19.150932+09:00,신촌·이대역,신촌·이대역,POI040,KEY_2,3116.신촌역 4번출구,ST-2201,50,5,10,126.93720245,37.55550385
2026-06-15T17:26:19.150932+09:00,신촌·이대역,신촌·이대역,POI040,KEY_2,4248. 신촌 교보빌딩,ST-3021,0,0,10,126.94034576,37.5560112
2026-06-15T17:26:19.150932+09:00,신촌·이대역,신촌·이대역,POI040,KEY_2,4274. 신촌 파랑고래 입구,ST-3140,30,3,10,126.93603516,37.55687714
2026-06-15T17:26:19.150932+09:00,쌍문역,쌍문역,POI070,KEY_3,1709. 쌍문역4번출구 주변,ST-616,88,15,17,127.03534698,37.65012741
2026-06-15T17:26:19.150932+09:00,쌍문역,쌍문역,POI070,KEY_3,1774.정의여중고 버스정류소,ST-2119,63,5,8,127.034729,37.65134811
2026-06-15T17:26:19.150932+09:00,쌍문역,쌍문역,POI070,KEY_3,1754. 창동시장입구 사거리,ST-2099,45,5,11,127.03343201,37.64689636
2026-06-15T17:26:19.150932+09:00,쌍문역,쌍문역,POI070,KEY_3,4054. 창동한신아파트 버스정류소,ST-2722,250,25,10,127.03527069,37.64601898
2026-06-15T17:26:19.150932+09:00,양재역,양재역,POI041,KEY_4,2242.양재역 10번 출구 앞,ST-767,20,4,20,127.03417969,37.48398972
2026-06-15T17:26:19.150932+09:00,양재역,양재역,POI041,KEY_4,2333. 양재역 3번출구 주변,ST-816,71,10,14,127.03407288,37.48515701
2026-06-15T17:26:19.150932+09:00,양재역,양재역,POI041,KEY_4,2293. SPC 앞,ST-1360,30,3,10,127.03699493,37.48479843
2026-06-15T17:26:19.150932+09:00,양재역,양재역,POI041,KEY_4,4329. SC제일은행 양재동지점 앞,ST-2962,238,19,8,127.03315735,37.48573685
2026-06-15T17:26:19.150932+09:00,역삼역,역삼역,POI042,KEY_1,2430.강남파이낸스센터앞(역삼역2번출구),ST-1896,50,5,10,127.03605652,37.50024414
2026-06-15T17:26:19.150932+09:00,역삼역,역삼역,POI042,KEY_1,2410. 포스코피앤에스타워 (역삼역 3번출구 부근),ST-1680,260,26,10,127.03375244,37.49959946
2026-06-15T17:26:19.150932+09:00,역삼역,역삼역,POI042,KEY_1,2349. 역삼빌딩 앞(하나은행 옆),ST-959,8,1,12,127.03856659,37.50154495
2026-06-15T17:26:19.150932+09:00,연신내역,연신내역,POI043,KEY_2,949. 연신내역 1번 출구,ST-1035,0,0,6,126.92080688,37.61978149
2026-06-15T17:26:19.150932+09:00,연신내역,연신내역,POI043,KEY_2,906. 연신내역 5번출구,ST-454,175,14,8,126.91957855,37.61721039
2026-06-15T17:26:19.150932+09:00,연신내역,연신내역,POI043,KEY_2,922. 연신내역 4번출구,ST-470,50,5,10,126.92196655,37.61780167
2026-06-15T17:26:19.150932+09:00,오목교역·목동운동장,오목교역·목동운동장,POI044,KEY_3,792.목동트라팰리스 웨스턴에비뉴,ST-2017,5,1,20,126.8709259,37.52537155
2026-06-15T17:26:19.150932+09:00,오목교역·목동운동장,오목교역·목동운동장,POI044,KEY_3,748. 목동운동장,ST-1019,107,16,15,126.87930298,37.53025055
2026-06-15T17:26:19.150932+09:00,오목교역·목동운동장,오목교역·목동운동장,POI044,KEY_3,723. SBS방송국,ST-994,367,55,15,126.87274933,37.52916336
2026-06-15T17:26:19.150932+09:00,오목교역·목동운동장,오목교역·목동운동장,POI044,KEY_3,731. 서울시 도로환경관리센터,ST-1002,250,25,10,126.87654114,37.5298996
2026-06-15T17:26:19.150932+09:00,오목교역·목동운동장,오목교역·목동운동장,POI044,KEY_3,765. 오목교역 3번출구,ST-1731,158,19,12,126.87548065,37.52477646
2026-06-15T17:26:19.150932+09:00,오목교역·목동운동장,오목교역·목동운동장,POI044,KEY_3,747. 목동3단지 상가,ST-1018,180,18,10,126.8756485,37.53458023
2026-06-15T17:26:19.150932+09:00,오목교역·목동운동장,오목교역·목동운동장,POI044,KEY_3,791.현대하이페리온,ST-2016,407,61,15,126.86980438,37.52490234
2026-06-15T17:26:19.150932+09:00,오목교역·목동운동장,오목교역·목동운동장,POI044,KEY_3,762. 오목로 무중력지대 앞,ST-1503,140,14,10,126.87766266,37.52474213
2026-06-15T17:26:19.150932+09:00,오목교역·목동운동장,오목교역·목동운동장,POI044,KEY_3,771.목동아파트 703동 앞,ST-1997,100,8,8,126.87016296,37.52820587
2026-06-15T17:26:19.150932+09:00,오목교역·목동운동장,오목교역·목동운동장,POI044,KEY_3,769.CBS방송국 앞,ST-1995,345,69,20,126.87467194,37.52785492
2026-06-15T17:26:19.150932+09:00,오목교역·목동운동장,오목교역·목동운동장,POI044,KEY_3,703. 오목교역 7번출구 앞,ST-311,192,23,12,126.87524414,37.52362823
2026-06-15T17:26:19.150932+09:00,오목교역·목동운동장,오목교역·목동운동장,POI044,KEY_3,4543. 오목교역 6번 출구,ST-3163,444,40,9,126.87567139,37.5236702
2026-06-15T17:26:19.150932+09:00,오목교역·목동운동장,오목교역·목동운동장,POI044,KEY_3,4514. 목동성당 앞,ST-2764,90,18,20,126.86930084,37.52319717
2026-06-15T17:26:19.150932+09:00,오목교역·목동운동장,오목교역·목동운동장,POI044,KEY_3,4532. 목동현대아파트 후문 앞,ST-2879,150,15,10,126.87805939,37.5221405
2026-06-15T17:26:19.150932+09:00,오목교역·목동운동장,오목교역·목동운동장,POI044,KEY_3,4546. 목동운동장 주경기장,ST-3227,200,60,30,126.88307953,37.52937698
2026-06-15T17:26:19.150932+09:00,오목교역·목동운동장,오목교역·목동운동장,POI044,KEY_3,756. 목동주차장,ST-1497,120,18,15,126.8761673,37.52667999
2026-06-15T17:26:19.150932+09:00,왕십리역,왕십리역,POI045,KEY_4,558. 성동광진 교육지원청 앞,ST-359,145,29,20,127.03652191,37.56460571
2026-06-15T17:26:19.150932+09:00,왕십리역,왕십리역,POI045,KEY_4,525. 한양대병원사거리,ST-241,155,31,20,127.04035187,37.55805206
2026-06-15T17:26:19.150932+09:00,왕십리역,왕십리역,POI045,KEY_4,559. 왕십리역 4번 출구 건너편,ST-360,62,8,13,127.03679657,37.56109619
2026-06-15T17:26:19.150932+09:00,왕십리역,왕십리역,POI045,KEY_4,3561.행당동 삼부APT후문,ST-2343,50,5,10,127.03839874,37.55926895
2026-06-15T17:26:19.150932+09:00,왕십리역,왕십리역,POI045,KEY_4,3545.한양대역 1번출구,ST-2327,200,20,10,127.04335785,37.55657959
2026-06-15T17:26:19.150932+09:00,용산역,용산역,POI046,KEY_1,806. 전자랜드 본관 앞,ST-327,40,8,20,126.96073151,37.5330658
2026-06-15T17:26:19.150932+09:00,용산역,용산역,POI046,KEY_1,853.용산역 맞은편,ST-2177,100,19,19,126.96595001,37.52841568
2026-06-15T17:26:19.150932+09:00,용산역,용산역,POI046,KEY_1,845. 용산 선인상가,ST-1615,50,8,16,126.96437836,37.53269958
2026-06-15T17:26:19.150932+09:00,용산역,용산역,POI046,KEY_1,4617. 동원베네스트 건너편,ST-2448,100,6,6,126.95511627,37.52761078
2026-06-15T17:26:19.150932+09:00,용산역,용산역,POI046,KEY_1,4616. 신용산지하차도 앞,ST-2447,33,5,15,126.96411896,37.53248215
2026-06-15T17:26:19.150932+09:00,잠실새내역,잠실새내역,POI118,KEY_3,1224. 아시아지하보도 2번 출구,ST-548,40,6,15,127.07893372,37.51216888
2026-06-15T17:26:19.150932+09:00,잠실새내역,잠실새내역,POI118,KEY_3,1222. 잠실새내역 5번 출구 뒤,ST-547,39,9,23,127.08505249,37.51198196
2026-06-15T17:26:19.150932+09:00,잠실새내역,잠실새내역,POI118,KEY_3,2635.잠실새내역 1번출구,ST-1862,29,6,21,127.08673859,37.51129532
2026-06-15T17:26:19.150932+09:00,잠실새내역,잠실새내역,POI118,KEY_3,2637. 아시아지하보도 14번 출구,ST-1864,107,16,15,127.07881165,37.51146317
2026-06-15T17:26:19.150932+09:00,잠실역,잠실역,POI119,KEY_4,1231. 잠실역 6번출구,ST-840,208,27,13,127.09902954,37.51408768
2026-06-15T17:26:19.150932+09:00,잠실역,잠실역,POI119,KEY_4,1210. 롯데월드타워(잠실역2번출구 쪽),ST-891,263,79,30,127.10095978,37.51312637
2026-06-15T17:26:19.150932+09:00,잠실역,잠실역,POI119,KEY_4,1232. 잠실주공 521동 건너편,ST-550,50,5,10,127.09568787,37.51184082
2026-06-15T17:26:19.150932+09:00,잠실역,잠실역,POI119,KEY_4,2647.잠실 자전거 수리센터 앞,ST-1868,71,5,7,127.10114288,37.51100922
2026-06-15T17:26:19.150932+09:00,장지역,장지역,POI048,KEY_1,1247. 문정 법조단지11,ST-907,27,4,15,127.12351227,37.4788208
2026-06-15T17:26:19.150932+09:00,장지역,장지역,POI048,KEY_1,1266. 문정동 글샘 공원,ST-1085,50,5,10,127.12000275,37.47880936
2026-06-15T17:26:19.150932+09:00,장지역,장지역,POI048,KEY_1,1244. 문정 법조단지8,ST-904,9,1,11,127.12212372,37.48153687
2026-06-15T17:26:19.150932+09:00,장지역,장지역,POI048,KEY_1,1246. 문정 법조단지10,ST-906,83,25,30,127.12632751,37.47750854
2026-06-15T17:26:19.150932+09:00,장지역,장지역,POI048,KEY_1,1245. 문정 법조단지9,ST-905,10,1,10,127.12532806,37.47946548
2026-06-15T17:26:19.150932+09:00,장지역,장지역,POI048,KEY_1,4885. 가든파이브 리빙관,ST-2985,163,13,8,127.123703,37.47709656
2026-06-15T17:26:19.150932+09:00,장지역,장지역,POI048,KEY_1,4491. 장지역 1번출구,ST-2599,150,15,10,127.12678528,37.47953415
2026-06-15T17:26:19.150932+09:00,장한평역,장한평역,POI049,KEY_2,626. 군자교 서측 녹지대,ST-394,294,50,17,127.07096863,37.56115341
2026-06-15T17:26:19.150932+09:00,장한평역,장한평역,POI049,KEY_2,529. 장한평역 8번 출구 앞,ST-243,238,19,8,127.06365967,37.56137085
2026-06-15T17:26:19.150932+09:00,장한평역,장한평역,POI049,KEY_2,4105. 서울교통공사사거리 교통섬,ST-2499,20,2,10,127.05799103,37.56324005
2026-06-15T17:26:19.150932+09:00,장한평역,장한평역,POI049,KEY_2,4385. 용답동 우체국 주변,ST-3099,100,5,5,127.06151581,37.56168747
2026-06-15T17:26:19.150932+09:00,천호역,천호역,POI050,KEY_3,1009. 천호역4번출구(현대백화점),ST-493,215,43,20,127.12424469,37.53866577
2026-06-15T17:26:19.150932+09:00,천호역,천호역,POI050,KEY_3,1264. 천호역 10번 출구 앞,ST-1083,225,18,8,127.12280273,37.53858185
2026-06-15T17:26:19.150932+09:00,천호역,천호역,POI050,KEY_3,3657. 서울천호동우체국,ST-2732,140,14,10,127.12576294,37.54074097
2026-06-15T17:26:19.150932+09:00,총신대입구(이수)역,총신대입구(이수)역,POI051,KEY_4,2082.7호선 이수역7번출구,ST-2355,140,14,10,126.98179626,37.4846077
2026-06-15T17:26:19.150932+09:00,총신대입구(이수)역,총신대입구(이수)역,POI051,KEY_4,2264. 이수역 1번출구,ST-935,144,13,9,126.98271942,37.48897171
2026-06-15T17:26:19.150932+09:00,총신대입구(이수)역,총신대입구(이수)역,POI051,KEY_4,2032. 이수역 11번출구쪽,ST-923,350,35,10,126.98162079,37.48550797
2026-06-15T17:26:19.150932+09:00,총신대입구(이수)역,총신대입구(이수)역,POI051,KEY_4,2091. 이수역9번출구,ST-2364,87,13,15,126.98059082,37.48470306
2026-06-15T17:26:19.150932+09:00,총신대입구(이수)역,총신대입구(이수)역,POI051,KEY_4,2511. 이수역 6번출구 앞,ST-1739,80,8,10,126.98234558,37.48398972
2026-06-15T17:26:19.150932+09:00,충정로역,충정로역,POI052,KEY_1,180. 충정로역 7번출구 아래,ST-233,10,1,10,126.96246338,37.55996704
2026-06-15T17:26:19.150932+09:00,충정로역,충정로역,POI052,KEY_1,3134.SK리쳄블(서울아리수본부),ST-2219,20,2,10,126.96658325,37.56131744
2026-06-15T17:26:19.150932+09:00,충정로역,충정로역,POI052,KEY_1,3114.충정로역 3번 출구,ST-2198,29,2,7,126.96552277,37.56046295
2026-06-15T17:26:19.150932+09:00,충정로역,충정로역,POI052,KEY_1,4266.국민연금공단충정로사옥,ST-3027,44,4,9,126.96414948,37.56184769
2026-06-15T17:26:19.150932+09:00,충정로역,충정로역,POI052,KEY_1,4271. 충정로역 1번 출구,ST-3107,0,0,7,126.96305847,37.55942535
2026-06-15T17:26:19.150932+09:00,충정로역,충정로역,POI052,KEY_1,4801. 충정로역 2호선(엘리베이터 앞),ST-3053,160,8,5,126.96414185,37.55937576
2026-06-15T17:26:19.150932+09:00,충정로역,충정로역,POI052,KEY_1,4752. 삼성사이버빌리지아파트,ST-2624,0,0,7,126.96485901,37.55891418
2026-06-15T17:26:19.150932+09:00,합정역,합정역,POI053,KEY_2,106. 합정역 7번출구 앞,ST-8,17,2,12,126.91282654,37.54864502
2026-06-15T17:26:19.150932+09:00,합정역,합정역,POI053,KEY_2,105. 합정역 5번출구 앞,ST-7,0,0,5,126.91482544,37.55000687
2026-06-15T17:26:19.150932+09:00,합정역,합정역,POI053,KEY_2,497.합정동주민센터 앞,ST-2156,60,15,25,126.91230011,37.551754
2026-06-15T17:26:19.150932+09:00,합정역,합정역,POI053,KEY_2,4211. 시석빌딩 앞,ST-2534,125,10,8,126.91671753,37.54836655
2026-06-15T17:26:19.150932+09:00,혜화역,혜화역,POI054,KEY_3,341. 혜화역 3번출구 뒤,ST-157,50,4,8,127.00178528,37.58156967
2026-06-15T17:26:19.150932+09:00,혜화역,혜화역,POI054,KEY_3,358. 성균관대입구 사거리 A,ST-173,54,7,13,126.99853516,37.58250046
2026-06-15T17:26:19.150932+09:00,혜화역,혜화역,POI054,KEY_3,3419.국립어린이과학관,ST-1816,21,3,14,126.99736786,37.58194733
2026-06-15T17:26:19.150932+09:00,혜화역,혜화역,POI054,KEY_3,3420. 성균관대입구 사거리 B,ST-1817,20,2,10,126.99885559,37.58327484
2026-06-15T17:26:19.150932+09:00,혜화역,혜화역,POI054,KEY_3,3421.혜화역 1번출구,ST-1818,30,3,10,127.00185394,37.58385468
2026-06-15T17:26:19.150932+09:00,혜화역,혜화역,POI054,KEY_3,342. 대학로 마로니에공원,ST-158,5,1,22,127.00234222,37.58044434
2026-06-15T17:26:19.150932+09:00,홍대입구역(2호선),홍대입구역(2호선),POI055,KEY_4,113. 홍대입구역 2번출구 앞,ST-18,107,30,28,126.9238205,37.5574379
2026-06-15T17:26:19.150932+09:00,홍대입구역(2호선),홍대입구역(2호선),POI055,KEY_4,114. 홍대입구역 8번출구 앞,ST-20,67,10,15,126.92442322,37.55706024
2026-06-15T17:26:19.150932+09:00,회기역,회기역,POI056,KEY_1,670.삼육서울병원 버스정류장,ST-2270,400,36,9,127.06151581,37.5896759
2026-06-15T17:26:19.150932+09:00,회기역,회기역,POI056,KEY_1,680.꿈마루어린이도서관 앞,ST-2280,100,22,22,127.05741119,37.59238434
